2025-03-27 15:32:03 - [Cluster 1 - CLIENT] - INFO - Initialized client logging for cluster 1 -> ../logs/run_20250327_141631/clients_cluster_1.log
2025-03-27 15:32:03 - [Cluster 1 - CLIENT] - INFO - Loading pickle data for store 431, cluster 1...
2025-03-27 15:32:03 - [Cluster 1 - CLIENT] - INFO - x_train shape: (723, 7, 27), y_train shape: (723,)
2025-03-27 15:32:03 - [Cluster 1 - CLIENT] - INFO - x_val shape: (176, 7, 27), y_val shape: (176,)
2025-03-27 15:32:03 - [Cluster 1 - CLIENT] - INFO - [Store 431, Cluster 1] Connecting to 127.0.0.1:8081 ...
2025-03-27 15:32:03 - [Cluster 1 - CLIENT] - DEBUG - Opened insecure gRPC connection (no certificates were passed)
2025-03-27 15:32:03 - [Cluster 1 - CLIENT] - DEBUG - ChannelConnectivity.IDLE
2025-03-27 15:32:03 - [Cluster 1 - CLIENT] - DEBUG - ChannelConnectivity.CONNECTING
2025-03-27 15:32:03 - [Cluster 1 - CLIENT] - DEBUG - ChannelConnectivity.READY
2025-03-27 15:32:04 - [Cluster 1 - CLIENT] - INFO - 
2025-03-27 15:32:04 - [Cluster 1 - CLIENT] - INFO - Received: get_parameters message 4b45f8a3-5591-4b21-969b-2efa9cfcdd1d
2025-03-27 15:32:04 - [Cluster 1 - CLIENT] - INFO - [Store 431] Sending model parameters to server.
2025-03-27 15:32:04 - [Cluster 1 - CLIENT] - INFO - Sent reply
2025-03-27 15:32:07 - [Cluster 1 - CLIENT] - INFO - Initialized client logging for cluster 1 -> ../logs/run_20250327_141631/clients_cluster_1.log
2025-03-27 15:32:07 - [Cluster 1 - CLIENT] - INFO - Loading pickle data for store 269, cluster 1...
2025-03-27 15:32:07 - [Cluster 1 - CLIENT] - INFO - x_train shape: (723, 7, 27), y_train shape: (723,)
2025-03-27 15:32:07 - [Cluster 1 - CLIENT] - INFO - x_val shape: (176, 7, 27), y_val shape: (176,)
2025-03-27 15:32:08 - [Cluster 1 - CLIENT] - INFO - Initialized client logging for cluster 1 -> ../logs/run_20250327_141631/clients_cluster_1.log
2025-03-27 15:32:08 - [Cluster 1 - CLIENT] - INFO - Loading pickle data for store 733, cluster 1...
2025-03-27 15:32:08 - [Cluster 1 - CLIENT] - INFO - x_train shape: (723, 7, 27), y_train shape: (723,)
2025-03-27 15:32:08 - [Cluster 1 - CLIENT] - INFO - x_val shape: (176, 7, 27), y_val shape: (176,)
2025-03-27 15:32:08 - [Cluster 1 - CLIENT] - INFO - Initialized client logging for cluster 1 -> ../logs/run_20250327_141631/clients_cluster_1.log
2025-03-27 15:32:08 - [Cluster 1 - CLIENT] - INFO - Loading pickle data for store 362, cluster 1...
2025-03-27 15:32:08 - [Cluster 1 - CLIENT] - INFO - x_train shape: (723, 7, 27), y_train shape: (723,)
2025-03-27 15:32:08 - [Cluster 1 - CLIENT] - INFO - x_val shape: (176, 7, 27), y_val shape: (176,)
2025-03-27 15:32:08 - [Cluster 1 - CLIENT] - INFO - Initialized client logging for cluster 1 -> ../logs/run_20250327_141631/clients_cluster_1.log
2025-03-27 15:32:08 - [Cluster 1 - CLIENT] - INFO - Loading pickle data for store 1033, cluster 1...
2025-03-27 15:32:08 - [Cluster 1 - CLIENT] - INFO - x_train shape: (723, 7, 27), y_train shape: (723,)
2025-03-27 15:32:08 - [Cluster 1 - CLIENT] - INFO - x_val shape: (176, 7, 27), y_val shape: (176,)
2025-03-27 15:32:08 - [Cluster 1 - CLIENT] - INFO - Initialized client logging for cluster 1 -> ../logs/run_20250327_141631/clients_cluster_1.log
2025-03-27 15:32:08 - [Cluster 1 - CLIENT] - INFO - Loading pickle data for store 384, cluster 1...
2025-03-27 15:32:08 - [Cluster 1 - CLIENT] - INFO - x_train shape: (723, 7, 27), y_train shape: (723,)
2025-03-27 15:32:08 - [Cluster 1 - CLIENT] - INFO - x_val shape: (176, 7, 27), y_val shape: (176,)
2025-03-27 15:32:08 - [Cluster 1 - CLIENT] - INFO - Initialized client logging for cluster 1 -> ../logs/run_20250327_141631/clients_cluster_1.log
2025-03-27 15:32:08 - [Cluster 1 - CLIENT] - INFO - Loading pickle data for store 84, cluster 1...
2025-03-27 15:32:08 - [Cluster 1 - CLIENT] - INFO - Initialized client logging for cluster 1 -> ../logs/run_20250327_141631/clients_cluster_1.log
2025-03-27 15:32:08 - [Cluster 1 - CLIENT] - INFO - Loading pickle data for store 459, cluster 1...
2025-03-27 15:32:08 - [Cluster 1 - CLIENT] - INFO - x_train shape: (723, 7, 27), y_train shape: (723,)
2025-03-27 15:32:08 - [Cluster 1 - CLIENT] - INFO - x_val shape: (176, 7, 27), y_val shape: (176,)
2025-03-27 15:32:08 - [Cluster 1 - CLIENT] - INFO - x_train shape: (723, 7, 27), y_train shape: (723,)
2025-03-27 15:32:08 - [Cluster 1 - CLIENT] - INFO - x_val shape: (176, 7, 27), y_val shape: (176,)
2025-03-27 15:32:08 - [Cluster 1 - CLIENT] - INFO - Initialized client logging for cluster 1 -> ../logs/run_20250327_141631/clients_cluster_1.log
2025-03-27 15:32:08 - [Cluster 1 - CLIENT] - INFO - Loading pickle data for store 147, cluster 1...
2025-03-27 15:32:08 - [Cluster 1 - CLIENT] - INFO - x_train shape: (723, 7, 27), y_train shape: (723,)
2025-03-27 15:32:08 - [Cluster 1 - CLIENT] - INFO - x_val shape: (176, 7, 27), y_val shape: (176,)
2025-03-27 15:32:08 - [Cluster 1 - CLIENT] - INFO - Initialized client logging for cluster 1 -> ../logs/run_20250327_141631/clients_cluster_1.log
2025-03-27 15:32:08 - [Cluster 1 - CLIENT] - INFO - Loading pickle data for store 380, cluster 1...
2025-03-27 15:32:08 - [Cluster 1 - CLIENT] - INFO - x_train shape: (723, 7, 27), y_train shape: (723,)
2025-03-27 15:32:08 - [Cluster 1 - CLIENT] - INFO - x_val shape: (176, 7, 27), y_val shape: (176,)
2025-03-27 15:32:08 - [Cluster 1 - CLIENT] - INFO - Initialized client logging for cluster 1 -> ../logs/run_20250327_141631/clients_cluster_1.log
2025-03-27 15:32:08 - [Cluster 1 - CLIENT] - INFO - Loading pickle data for store 965, cluster 1...
2025-03-27 15:32:08 - [Cluster 1 - CLIENT] - INFO - x_train shape: (723, 7, 27), y_train shape: (723,)
2025-03-27 15:32:08 - [Cluster 1 - CLIENT] - INFO - x_val shape: (176, 7, 27), y_val shape: (176,)
2025-03-27 15:32:08 - [Cluster 1 - CLIENT] - INFO - [Store 269, Cluster 1] Connecting to 127.0.0.1:8081 ...
2025-03-27 15:32:08 - [Cluster 1 - CLIENT] - DEBUG - Opened insecure gRPC connection (no certificates were passed)
2025-03-27 15:32:08 - [Cluster 1 - CLIENT] - DEBUG - ChannelConnectivity.IDLE
2025-03-27 15:32:08 - [Cluster 1 - CLIENT] - DEBUG - ChannelConnectivity.CONNECTING
2025-03-27 15:32:08 - [Cluster 1 - CLIENT] - DEBUG - ChannelConnectivity.READY
2025-03-27 15:32:08 - [Cluster 1 - CLIENT] - INFO - Initialized client logging for cluster 1 -> ../logs/run_20250327_141631/clients_cluster_1.log
2025-03-27 15:32:08 - [Cluster 1 - CLIENT] - INFO - Loading pickle data for store 233, cluster 1...
2025-03-27 15:32:08 - [Cluster 1 - CLIENT] - INFO - x_train shape: (723, 7, 27), y_train shape: (723,)
2025-03-27 15:32:08 - [Cluster 1 - CLIENT] - INFO - x_val shape: (176, 7, 27), y_val shape: (176,)
2025-03-27 15:32:08 - [Cluster 1 - CLIENT] - INFO - [Store 733, Cluster 1] Connecting to 127.0.0.1:8081 ...
2025-03-27 15:32:08 - [Cluster 1 - CLIENT] - DEBUG - Opened insecure gRPC connection (no certificates were passed)
2025-03-27 15:32:08 - [Cluster 1 - CLIENT] - DEBUG - ChannelConnectivity.IDLE
2025-03-27 15:32:08 - [Cluster 1 - CLIENT] - DEBUG - ChannelConnectivity.CONNECTING
2025-03-27 15:32:08 - [Cluster 1 - CLIENT] - DEBUG - ChannelConnectivity.READY
2025-03-27 15:32:09 - [Cluster 1 - CLIENT] - INFO - [Store 384, Cluster 1] Connecting to 127.0.0.1:8081 ...
2025-03-27 15:32:09 - [Cluster 1 - CLIENT] - DEBUG - Opened insecure gRPC connection (no certificates were passed)
2025-03-27 15:32:09 - [Cluster 1 - CLIENT] - DEBUG - ChannelConnectivity.IDLE
2025-03-27 15:32:09 - [Cluster 1 - CLIENT] - DEBUG - ChannelConnectivity.CONNECTING
2025-03-27 15:32:09 - [Cluster 1 - CLIENT] - DEBUG - ChannelConnectivity.READY
2025-03-27 15:32:09 - [Cluster 1 - CLIENT] - INFO - [Store 362, Cluster 1] Connecting to 127.0.0.1:8081 ...
2025-03-27 15:32:09 - [Cluster 1 - CLIENT] - INFO - [Store 1033, Cluster 1] Connecting to 127.0.0.1:8081 ...
2025-03-27 15:32:09 - [Cluster 1 - CLIENT] - DEBUG - Opened insecure gRPC connection (no certificates were passed)
2025-03-27 15:32:09 - [Cluster 1 - CLIENT] - DEBUG - Opened insecure gRPC connection (no certificates were passed)
2025-03-27 15:32:09 - [Cluster 1 - CLIENT] - DEBUG - ChannelConnectivity.IDLE
2025-03-27 15:32:09 - [Cluster 1 - CLIENT] - DEBUG - ChannelConnectivity.READY
2025-03-27 15:32:09 - [Cluster 1 - CLIENT] - INFO - [Store 459, Cluster 1] Connecting to 127.0.0.1:8081 ...
2025-03-27 15:32:09 - [Cluster 1 - CLIENT] - DEBUG - Opened insecure gRPC connection (no certificates were passed)
2025-03-27 15:32:09 - [Cluster 1 - CLIENT] - DEBUG - ChannelConnectivity.IDLE
2025-03-27 15:32:09 - [Cluster 1 - CLIENT] - DEBUG - ChannelConnectivity.IDLE
2025-03-27 15:32:09 - [Cluster 1 - CLIENT] - DEBUG - ChannelConnectivity.CONNECTING
2025-03-27 15:32:09 - [Cluster 1 - CLIENT] - DEBUG - ChannelConnectivity.READY
2025-03-27 15:32:09 - [Cluster 1 - CLIENT] - DEBUG - ChannelConnectivity.READY
2025-03-27 15:32:09 - [Cluster 1 - CLIENT] - INFO - [Store 84, Cluster 1] Connecting to 127.0.0.1:8081 ...
2025-03-27 15:32:09 - [Cluster 1 - CLIENT] - INFO - [Store 965, Cluster 1] Connecting to 127.0.0.1:8081 ...
2025-03-27 15:32:09 - [Cluster 1 - CLIENT] - INFO - [Store 380, Cluster 1] Connecting to 127.0.0.1:8081 ...
2025-03-27 15:32:09 - [Cluster 1 - CLIENT] - INFO - [Store 147, Cluster 1] Connecting to 127.0.0.1:8081 ...
2025-03-27 15:32:09 - [Cluster 1 - CLIENT] - DEBUG - Opened insecure gRPC connection (no certificates were passed)
2025-03-27 15:32:09 - [Cluster 1 - CLIENT] - DEBUG - Opened insecure gRPC connection (no certificates were passed)
2025-03-27 15:32:09 - [Cluster 1 - CLIENT] - DEBUG - ChannelConnectivity.IDLE
2025-03-27 15:32:09 - [Cluster 1 - CLIENT] - DEBUG - ChannelConnectivity.CONNECTING
2025-03-27 15:32:09 - [Cluster 1 - CLIENT] - DEBUG - ChannelConnectivity.IDLE
2025-03-27 15:32:09 - [Cluster 1 - CLIENT] - DEBUG - ChannelConnectivity.READY
2025-03-27 15:32:09 - [Cluster 1 - CLIENT] - DEBUG - ChannelConnectivity.CONNECTING
2025-03-27 15:32:09 - [Cluster 1 - CLIENT] - DEBUG - ChannelConnectivity.READY
2025-03-27 15:32:09 - [Cluster 1 - CLIENT] - DEBUG - Opened insecure gRPC connection (no certificates were passed)
2025-03-27 15:32:09 - [Cluster 1 - CLIENT] - DEBUG - ChannelConnectivity.IDLE
2025-03-27 15:32:09 - [Cluster 1 - CLIENT] - DEBUG - ChannelConnectivity.READY
2025-03-27 15:32:09 - [Cluster 1 - CLIENT] - DEBUG - Opened insecure gRPC connection (no certificates were passed)
2025-03-27 15:32:09 - [Cluster 1 - CLIENT] - DEBUG - ChannelConnectivity.IDLE
2025-03-27 15:32:09 - [Cluster 1 - CLIENT] - DEBUG - ChannelConnectivity.CONNECTING
2025-03-27 15:32:09 - [Cluster 1 - CLIENT] - DEBUG - ChannelConnectivity.READY
2025-03-27 15:32:09 - [Cluster 1 - CLIENT] - INFO - [Store 233, Cluster 1] Connecting to 127.0.0.1:8081 ...
2025-03-27 15:32:09 - [Cluster 1 - CLIENT] - DEBUG - Opened insecure gRPC connection (no certificates were passed)
2025-03-27 15:32:09 - [Cluster 1 - CLIENT] - DEBUG - ChannelConnectivity.IDLE
2025-03-27 15:32:09 - [Cluster 1 - CLIENT] - DEBUG - ChannelConnectivity.CONNECTING
2025-03-27 15:32:09 - [Cluster 1 - CLIENT] - DEBUG - ChannelConnectivity.READY
2025-03-27 15:32:09 - [Cluster 1 - CLIENT] - INFO - 
2025-03-27 15:32:09 - [Cluster 1 - CLIENT] - INFO - Received: train message a94b01b3-41e9-4422-ba45-f629c0353d39
2025-03-27 15:32:09 - [Cluster 1 - CLIENT] - INFO - 
2025-03-27 15:32:09 - [Cluster 1 - CLIENT] - INFO - Received: train message 17aaeefc-a87b-4341-91f7-45da84aef88f
2025-03-27 15:32:09 - [Cluster 1 - CLIENT] - INFO - 
2025-03-27 15:32:09 - [Cluster 1 - CLIENT] - INFO - Received: train message 634af2bc-1f95-474b-ac5b-e66e54d4ad23
2025-03-27 15:32:09 - [Cluster 1 - CLIENT] - INFO - 
2025-03-27 15:32:09 - [Cluster 1 - CLIENT] - INFO - Received: train message e171fe74-f3c5-4f76-a164-a123db93bdf2
2025-03-27 15:32:09 - [Cluster 1 - CLIENT] - INFO - 
2025-03-27 15:32:09 - [Cluster 1 - CLIENT] - INFO - Received: train message ce78d4f3-e4ec-4d8f-89ad-dbf32d877da0
2025-03-27 15:32:09 - [Cluster 1 - CLIENT] - INFO - 
2025-03-27 15:32:09 - [Cluster 1 - CLIENT] - INFO - Received: train message 3c7bebfc-c00c-4c40-8acf-34ddad17dc76
2025-03-27 15:32:09 - [Cluster 1 - CLIENT] - INFO - 
2025-03-27 15:32:09 - [Cluster 1 - CLIENT] - INFO - Received: train message 46a003c0-306a-409b-8518-038ce074cf03
2025-03-27 15:32:09 - [Cluster 1 - CLIENT] - INFO - 
2025-03-27 15:32:09 - [Cluster 1 - CLIENT] - INFO - Received: train message 3c37aaaf-965a-4b17-88d8-9c4456f419a0
2025-03-27 15:32:09 - [Cluster 1 - CLIENT] - INFO - 
2025-03-27 15:32:09 - [Cluster 1 - CLIENT] - INFO - Received: train message a4be1448-3fe2-4d94-b9cf-5c1763ce1f44
2025-03-27 15:32:09 - [Cluster 1 - CLIENT] - INFO - 
2025-03-27 15:32:09 - [Cluster 1 - CLIENT] - INFO - Received: train message 1a254449-7567-4106-b06c-e9f41d33b1ba
2025-03-27 15:32:09 - [Cluster 1 - CLIENT] - INFO - 
2025-03-27 15:32:09 - [Cluster 1 - CLIENT] - INFO - Received: train message 64c990d2-2243-47d3-8002-b76e43cc39a0
2025-03-27 15:32:09 - [Cluster 1 - CLIENT] - INFO - [Store 1033] Starting local training.
2025-03-27 15:32:09 - [Cluster 1 - CLIENT] - INFO - 
2025-03-27 15:32:09 - [Cluster 1 - CLIENT] - INFO - Received: train message 95d5457f-2b9b-407b-9b24-435afefa6a74
2025-03-27 15:32:09 - [Cluster 1 - CLIENT] - INFO - [Store 147] Starting local training.
2025-03-27 15:32:09 - [Cluster 1 - CLIENT] - INFO - [Store 380] Starting local training.
2025-03-27 15:32:09 - [Cluster 1 - CLIENT] - INFO - [Store 269] Starting local training.
2025-03-27 15:32:09 - [Cluster 1 - CLIENT] - INFO - [Store 431] Starting local training.
2025-03-27 15:32:09 - [Cluster 1 - CLIENT] - INFO - [Store 459] Starting local training.
2025-03-27 15:32:09 - [Cluster 1 - CLIENT] - INFO - [Store 733] Starting local training.
2025-03-27 15:32:09 - [Cluster 1 - CLIENT] - INFO - [Store 384] Starting local training.
2025-03-27 15:32:09 - [Cluster 1 - CLIENT] - INFO - [Store 362] Starting local training.
2025-03-27 15:32:09 - [Cluster 1 - CLIENT] - INFO - [Store 965] Starting local training.
2025-03-27 15:32:09 - [Cluster 1 - CLIENT] - INFO - [Store 84] Starting local training.
2025-03-27 15:32:09 - [Cluster 1 - CLIENT] - INFO - [Store 233] Starting local training.
2025-03-27 15:32:13 - [Cluster 1 - CLIENT] - INFO - Initialized client logging for cluster 1 -> ../logs/run_20250327_141631/clients_cluster_1.log
2025-03-27 15:32:13 - [Cluster 1 - CLIENT] - INFO - Loading pickle data for store 726, cluster 1...
2025-03-27 15:32:13 - [Cluster 1 - CLIENT] - INFO - x_train shape: (723, 7, 27), y_train shape: (723,)
2025-03-27 15:32:13 - [Cluster 1 - CLIENT] - INFO - x_val shape: (176, 7, 27), y_val shape: (176,)
2025-03-27 15:32:14 - [Cluster 1 - CLIENT] - INFO - Initialized client logging for cluster 1 -> ../logs/run_20250327_141631/clients_cluster_1.log
2025-03-27 15:32:14 - [Cluster 1 - CLIENT] - INFO - Loading pickle data for store 524, cluster 1...
2025-03-27 15:32:14 - [Cluster 1 - CLIENT] - INFO - x_train shape: (723, 7, 27), y_train shape: (723,)
2025-03-27 15:32:14 - [Cluster 1 - CLIENT] - INFO - x_val shape: (176, 7, 27), y_val shape: (176,)
2025-03-27 15:32:14 - [Cluster 1 - CLIENT] - INFO - [Store 726, Cluster 1] Connecting to 127.0.0.1:8081 ...
2025-03-27 15:32:14 - [Cluster 1 - CLIENT] - DEBUG - Opened insecure gRPC connection (no certificates were passed)
2025-03-27 15:32:14 - [Cluster 1 - CLIENT] - DEBUG - ChannelConnectivity.IDLE
2025-03-27 15:32:14 - [Cluster 1 - CLIENT] - DEBUG - ChannelConnectivity.CONNECTING
2025-03-27 15:32:14 - [Cluster 1 - CLIENT] - DEBUG - ChannelConnectivity.READY
2025-03-27 15:32:15 - [Cluster 1 - CLIENT] - INFO - [Store 524, Cluster 1] Connecting to 127.0.0.1:8081 ...
2025-03-27 15:32:15 - [Cluster 1 - CLIENT] - DEBUG - Opened insecure gRPC connection (no certificates were passed)
2025-03-27 15:32:15 - [Cluster 1 - CLIENT] - DEBUG - ChannelConnectivity.IDLE
2025-03-27 15:32:15 - [Cluster 1 - CLIENT] - DEBUG - ChannelConnectivity.CONNECTING
2025-03-27 15:32:15 - [Cluster 1 - CLIENT] - DEBUG - ChannelConnectivity.READY
2025-03-27 15:32:15 - [Cluster 1 - CLIENT] - INFO - Initialized client logging for cluster 1 -> ../logs/run_20250327_141631/clients_cluster_1.log
2025-03-27 15:32:15 - [Cluster 1 - CLIENT] - INFO - Loading pickle data for store 233, cluster 1...
2025-03-27 15:32:15 - [Cluster 1 - CLIENT] - INFO - x_train shape: (723, 7, 27), y_train shape: (723,)
2025-03-27 15:32:15 - [Cluster 1 - CLIENT] - INFO - x_val shape: (176, 7, 27), y_val shape: (176,)
2025-03-27 15:32:18 - [Cluster 1 - CLIENT] - INFO - [Store 233, Cluster 1] Connecting to 127.0.0.1:8081 ...
2025-03-27 15:32:18 - [Cluster 1 - CLIENT] - DEBUG - Opened insecure gRPC connection (no certificates were passed)
2025-03-27 15:32:18 - [Cluster 1 - CLIENT] - DEBUG - ChannelConnectivity.IDLE
2025-03-27 15:32:18 - [Cluster 1 - CLIENT] - DEBUG - ChannelConnectivity.CONNECTING
2025-03-27 15:32:18 - [Cluster 1 - CLIENT] - DEBUG - ChannelConnectivity.READY
2025-03-27 15:32:31 - [Cluster 1 - CLIENT] - INFO - Initialized client logging for cluster 1 -> ../logs/run_20250327_141631/clients_cluster_1.log
2025-03-27 15:32:31 - [Cluster 1 - CLIENT] - INFO - Loading pickle data for store 729, cluster 1...
2025-03-27 15:32:31 - [Cluster 1 - CLIENT] - INFO - x_train shape: (723, 7, 27), y_train shape: (723,)
2025-03-27 15:32:31 - [Cluster 1 - CLIENT] - INFO - x_val shape: (176, 7, 27), y_val shape: (176,)
2025-03-27 15:32:33 - [Cluster 1 - CLIENT] - INFO - [Store 729, Cluster 1] Connecting to 127.0.0.1:8081 ...
2025-03-27 15:32:33 - [Cluster 1 - CLIENT] - DEBUG - Opened insecure gRPC connection (no certificates were passed)
2025-03-27 15:32:33 - [Cluster 1 - CLIENT] - DEBUG - ChannelConnectivity.IDLE
2025-03-27 15:32:33 - [Cluster 1 - CLIENT] - DEBUG - ChannelConnectivity.CONNECTING
2025-03-27 15:32:33 - [Cluster 1 - CLIENT] - DEBUG - ChannelConnectivity.READY
2025-03-27 15:32:34 - [Cluster 1 - CLIENT] - INFO - Initialized client logging for cluster 1 -> ../logs/run_20250327_141631/clients_cluster_1.log
2025-03-27 15:32:34 - [Cluster 1 - CLIENT] - INFO - Loading pickle data for store 445, cluster 1...
2025-03-27 15:32:34 - [Cluster 1 - CLIENT] - INFO - x_train shape: (723, 7, 27), y_train shape: (723,)
2025-03-27 15:32:34 - [Cluster 1 - CLIENT] - INFO - x_val shape: (176, 7, 27), y_val shape: (176,)
2025-03-27 15:32:37 - [Cluster 1 - CLIENT] - INFO - Initialized client logging for cluster 1 -> ../logs/run_20250327_141631/clients_cluster_1.log
2025-03-27 15:32:37 - [Cluster 1 - CLIENT] - INFO - Loading pickle data for store 376, cluster 1...
2025-03-27 15:32:37 - [Cluster 1 - CLIENT] - INFO - x_train shape: (723, 7, 27), y_train shape: (723,)
2025-03-27 15:32:37 - [Cluster 1 - CLIENT] - INFO - x_val shape: (176, 7, 27), y_val shape: (176,)
2025-03-27 15:32:37 - [Cluster 1 - CLIENT] - INFO - [Store 445, Cluster 1] Connecting to 127.0.0.1:8081 ...
2025-03-27 15:32:37 - [Cluster 1 - CLIENT] - DEBUG - Opened insecure gRPC connection (no certificates were passed)
2025-03-27 15:32:37 - [Cluster 1 - CLIENT] - DEBUG - ChannelConnectivity.IDLE
2025-03-27 15:32:37 - [Cluster 1 - CLIENT] - DEBUG - ChannelConnectivity.READY
2025-03-27 15:32:37 - [Cluster 1 - CLIENT] - INFO - Initialized client logging for cluster 1 -> ../logs/run_20250327_141631/clients_cluster_1.log
2025-03-27 15:32:37 - [Cluster 1 - CLIENT] - INFO - Loading pickle data for store 396, cluster 1...
2025-03-27 15:32:37 - [Cluster 1 - CLIENT] - INFO - x_train shape: (723, 7, 27), y_train shape: (723,)
2025-03-27 15:32:37 - [Cluster 1 - CLIENT] - INFO - x_val shape: (176, 7, 27), y_val shape: (176,)
2025-03-27 15:32:40 - [Cluster 1 - CLIENT] - INFO - [Store 376, Cluster 1] Connecting to 127.0.0.1:8081 ...
2025-03-27 15:32:40 - [Cluster 1 - CLIENT] - DEBUG - Opened insecure gRPC connection (no certificates were passed)
2025-03-27 15:32:40 - [Cluster 1 - CLIENT] - DEBUG - ChannelConnectivity.IDLE
2025-03-27 15:32:40 - [Cluster 1 - CLIENT] - DEBUG - ChannelConnectivity.CONNECTING
2025-03-27 15:32:40 - [Cluster 1 - CLIENT] - DEBUG - ChannelConnectivity.READY
2025-03-27 15:32:41 - [Cluster 1 - CLIENT] - INFO - [Store 396, Cluster 1] Connecting to 127.0.0.1:8081 ...
2025-03-27 15:32:41 - [Cluster 1 - CLIENT] - DEBUG - Opened insecure gRPC connection (no certificates were passed)
2025-03-27 15:32:41 - [Cluster 1 - CLIENT] - DEBUG - ChannelConnectivity.IDLE
2025-03-27 15:32:41 - [Cluster 1 - CLIENT] - DEBUG - ChannelConnectivity.CONNECTING
2025-03-27 15:32:41 - [Cluster 1 - CLIENT] - DEBUG - ChannelConnectivity.READY
2025-03-27 15:32:46 - [Cluster 1 - CLIENT] - INFO - Initialized client logging for cluster 1 -> ../logs/run_20250327_141631/clients_cluster_1.log
2025-03-27 15:32:46 - [Cluster 1 - CLIENT] - INFO - Loading pickle data for store 154, cluster 1...
2025-03-27 15:32:46 - [Cluster 1 - CLIENT] - INFO - x_train shape: (723, 7, 27), y_train shape: (723,)
2025-03-27 15:32:46 - [Cluster 1 - CLIENT] - INFO - x_val shape: (176, 7, 27), y_val shape: (176,)
2025-03-27 15:32:51 - [Cluster 1 - CLIENT] - INFO - [Store 154, Cluster 1] Connecting to 127.0.0.1:8081 ...
2025-03-27 15:32:51 - [Cluster 1 - CLIENT] - DEBUG - Opened insecure gRPC connection (no certificates were passed)
2025-03-27 15:32:51 - [Cluster 1 - CLIENT] - DEBUG - ChannelConnectivity.IDLE
2025-03-27 15:32:51 - [Cluster 1 - CLIENT] - DEBUG - ChannelConnectivity.CONNECTING
2025-03-27 15:32:51 - [Cluster 1 - CLIENT] - DEBUG - ChannelConnectivity.READY
2025-03-27 15:32:52 - [Cluster 1 - CLIENT] - INFO - Initialized client logging for cluster 1 -> ../logs/run_20250327_141631/clients_cluster_1.log
2025-03-27 15:32:52 - [Cluster 1 - CLIENT] - INFO - Loading pickle data for store 963, cluster 1...
2025-03-27 15:32:52 - [Cluster 1 - CLIENT] - INFO - x_train shape: (723, 7, 27), y_train shape: (723,)
2025-03-27 15:32:52 - [Cluster 1 - CLIENT] - INFO - x_val shape: (176, 7, 27), y_val shape: (176,)
2025-03-27 15:32:52 - [Cluster 1 - CLIENT] - INFO - Initialized client logging for cluster 1 -> ../logs/run_20250327_141631/clients_cluster_1.log
2025-03-27 15:32:52 - [Cluster 1 - CLIENT] - INFO - Loading pickle data for store 1114, cluster 1...
2025-03-27 15:32:52 - [Cluster 1 - CLIENT] - INFO - x_train shape: (723, 7, 27), y_train shape: (723,)
2025-03-27 15:32:52 - [Cluster 1 - CLIENT] - INFO - x_val shape: (176, 7, 27), y_val shape: (176,)
2025-03-27 15:32:56 - [Cluster 1 - CLIENT] - INFO - [Store 1114, Cluster 1] Connecting to 127.0.0.1:8081 ...
2025-03-27 15:32:57 - [Cluster 1 - CLIENT] - DEBUG - Opened insecure gRPC connection (no certificates were passed)
2025-03-27 15:32:57 - [Cluster 1 - CLIENT] - DEBUG - ChannelConnectivity.IDLE
2025-03-27 15:32:57 - [Cluster 1 - CLIENT] - DEBUG - ChannelConnectivity.CONNECTING
2025-03-27 15:32:57 - [Cluster 1 - CLIENT] - DEBUG - ChannelConnectivity.READY
2025-03-27 15:32:57 - [Cluster 1 - CLIENT] - INFO - [Store 963, Cluster 1] Connecting to 127.0.0.1:8081 ...
2025-03-27 15:32:57 - [Cluster 1 - CLIENT] - DEBUG - Opened insecure gRPC connection (no certificates were passed)
2025-03-27 15:32:57 - [Cluster 1 - CLIENT] - DEBUG - ChannelConnectivity.IDLE
2025-03-27 15:32:57 - [Cluster 1 - CLIENT] - DEBUG - ChannelConnectivity.CONNECTING
2025-03-27 15:32:57 - [Cluster 1 - CLIENT] - DEBUG - ChannelConnectivity.READY
2025-03-27 15:33:00 - [Cluster 1 - CLIENT] - INFO - Initialized client logging for cluster 1 -> ../logs/run_20250327_141631/clients_cluster_1.log
2025-03-27 15:33:00 - [Cluster 1 - CLIENT] - INFO - Loading pickle data for store 1040, cluster 1...
2025-03-27 15:33:00 - [Cluster 1 - CLIENT] - INFO - x_train shape: (723, 7, 27), y_train shape: (723,)
2025-03-27 15:33:00 - [Cluster 1 - CLIENT] - INFO - x_val shape: (176, 7, 27), y_val shape: (176,)
2025-03-27 15:33:03 - [Cluster 1 - CLIENT] - INFO - [Store 1040, Cluster 1] Connecting to 127.0.0.1:8081 ...
2025-03-27 15:33:03 - [Cluster 1 - CLIENT] - DEBUG - Opened insecure gRPC connection (no certificates were passed)
2025-03-27 15:33:03 - [Cluster 1 - CLIENT] - DEBUG - ChannelConnectivity.IDLE
2025-03-27 15:33:03 - [Cluster 1 - CLIENT] - DEBUG - ChannelConnectivity.CONNECTING
2025-03-27 15:33:03 - [Cluster 1 - CLIENT] - DEBUG - ChannelConnectivity.READY
2025-03-27 15:33:05 - [Cluster 1 - CLIENT] - INFO - Initialized client logging for cluster 1 -> ../logs/run_20250327_141631/clients_cluster_1.log
2025-03-27 15:33:05 - [Cluster 1 - CLIENT] - INFO - Loading pickle data for store 545, cluster 1...
2025-03-27 15:33:05 - [Cluster 1 - CLIENT] - INFO - x_train shape: (723, 7, 27), y_train shape: (723,)
2025-03-27 15:33:05 - [Cluster 1 - CLIENT] - INFO - x_val shape: (176, 7, 27), y_val shape: (176,)
2025-03-27 15:33:09 - [Cluster 1 - CLIENT] - INFO - [Store 545, Cluster 1] Connecting to 127.0.0.1:8081 ...
2025-03-27 15:33:09 - [Cluster 1 - CLIENT] - DEBUG - Opened insecure gRPC connection (no certificates were passed)
2025-03-27 15:33:09 - [Cluster 1 - CLIENT] - DEBUG - ChannelConnectivity.IDLE
2025-03-27 15:33:09 - [Cluster 1 - CLIENT] - DEBUG - ChannelConnectivity.READY
2025-03-27 15:33:13 - [Cluster 1 - CLIENT] - INFO - Initialized client logging for cluster 1 -> ../logs/run_20250327_141631/clients_cluster_1.log
2025-03-27 15:33:13 - [Cluster 1 - CLIENT] - INFO - Loading pickle data for store 846, cluster 1...
2025-03-27 15:33:13 - [Cluster 1 - CLIENT] - INFO - x_train shape: (723, 7, 27), y_train shape: (723,)
2025-03-27 15:33:13 - [Cluster 1 - CLIENT] - INFO - x_val shape: (176, 7, 27), y_val shape: (176,)
2025-03-27 15:33:17 - [Cluster 1 - CLIENT] - INFO - [Store 846, Cluster 1] Connecting to 127.0.0.1:8081 ...
2025-03-27 15:33:17 - [Cluster 1 - CLIENT] - DEBUG - Opened insecure gRPC connection (no certificates were passed)
2025-03-27 15:33:17 - [Cluster 1 - CLIENT] - DEBUG - ChannelConnectivity.IDLE
2025-03-27 15:33:17 - [Cluster 1 - CLIENT] - DEBUG - ChannelConnectivity.READY
2025-03-27 15:33:35 - [Cluster 1 - CLIENT] - INFO - Initialized client logging for cluster 1 -> ../logs/run_20250327_141631/clients_cluster_1.log
2025-03-27 15:33:35 - [Cluster 1 - CLIENT] - INFO - Loading pickle data for store 704, cluster 1...
2025-03-27 15:33:35 - [Cluster 1 - CLIENT] - INFO - x_train shape: (723, 7, 27), y_train shape: (723,)
2025-03-27 15:33:35 - [Cluster 1 - CLIENT] - INFO - x_val shape: (176, 7, 27), y_val shape: (176,)
2025-03-27 15:33:37 - [Cluster 1 - CLIENT] - INFO - [Store 704, Cluster 1] Connecting to 127.0.0.1:8081 ...
2025-03-27 15:33:37 - [Cluster 1 - CLIENT] - DEBUG - Opened insecure gRPC connection (no certificates were passed)
2025-03-27 15:33:38 - [Cluster 1 - CLIENT] - DEBUG - ChannelConnectivity.IDLE
2025-03-27 15:33:38 - [Cluster 1 - CLIENT] - DEBUG - ChannelConnectivity.CONNECTING
2025-03-27 15:33:38 - [Cluster 1 - CLIENT] - DEBUG - ChannelConnectivity.READY
2025-03-27 15:33:44 - [Cluster 1 - CLIENT] - INFO - Initialized client logging for cluster 1 -> ../logs/run_20250327_141631/clients_cluster_1.log
2025-03-27 15:33:44 - [Cluster 1 - CLIENT] - INFO - Loading pickle data for store 267, cluster 1...
2025-03-27 15:33:44 - [Cluster 1 - CLIENT] - INFO - x_train shape: (723, 7, 27), y_train shape: (723,)
2025-03-27 15:33:44 - [Cluster 1 - CLIENT] - INFO - x_val shape: (176, 7, 27), y_val shape: (176,)
2025-03-27 15:33:47 - [Cluster 1 - CLIENT] - INFO - [Store 267, Cluster 1] Connecting to 127.0.0.1:8081 ...
2025-03-27 15:33:47 - [Cluster 1 - CLIENT] - DEBUG - Opened insecure gRPC connection (no certificates were passed)
2025-03-27 15:33:47 - [Cluster 1 - CLIENT] - DEBUG - ChannelConnectivity.IDLE
2025-03-27 15:33:47 - [Cluster 1 - CLIENT] - DEBUG - ChannelConnectivity.CONNECTING
2025-03-27 15:33:47 - [Cluster 1 - CLIENT] - DEBUG - ChannelConnectivity.READY
2025-03-27 15:33:52 - [Cluster 1 - CLIENT] - INFO - Initialized client logging for cluster 1 -> ../logs/run_20250327_141631/clients_cluster_1.log
2025-03-27 15:33:52 - [Cluster 1 - CLIENT] - INFO - Loading pickle data for store 809, cluster 1...
2025-03-27 15:33:52 - [Cluster 1 - CLIENT] - INFO - x_train shape: (723, 7, 27), y_train shape: (723,)
2025-03-27 15:33:52 - [Cluster 1 - CLIENT] - INFO - x_val shape: (176, 7, 27), y_val shape: (176,)
2025-03-27 15:33:56 - [Cluster 1 - CLIENT] - INFO - [Store 809, Cluster 1] Connecting to 127.0.0.1:8081 ...
2025-03-27 15:33:56 - [Cluster 1 - CLIENT] - DEBUG - Opened insecure gRPC connection (no certificates were passed)
2025-03-27 15:33:56 - [Cluster 1 - CLIENT] - DEBUG - ChannelConnectivity.IDLE
2025-03-27 15:33:56 - [Cluster 1 - CLIENT] - DEBUG - ChannelConnectivity.CONNECTING
2025-03-27 15:33:56 - [Cluster 1 - CLIENT] - DEBUG - ChannelConnectivity.READY
2025-03-27 15:33:58 - [Cluster 1 - CLIENT] - INFO - Initialized client logging for cluster 1 -> ../logs/run_20250327_141631/clients_cluster_1.log
2025-03-27 15:33:58 - [Cluster 1 - CLIENT] - INFO - Loading pickle data for store 687, cluster 1...
2025-03-27 15:33:58 - [Cluster 1 - CLIENT] - INFO - x_train shape: (723, 7, 27), y_train shape: (723,)
2025-03-27 15:33:58 - [Cluster 1 - CLIENT] - INFO - x_val shape: (176, 7, 27), y_val shape: (176,)
2025-03-27 15:34:02 - [Cluster 1 - CLIENT] - INFO - [Store 687, Cluster 1] Connecting to 127.0.0.1:8081 ...
2025-03-27 15:34:02 - [Cluster 1 - CLIENT] - DEBUG - Opened insecure gRPC connection (no certificates were passed)
2025-03-27 15:34:02 - [Cluster 1 - CLIENT] - DEBUG - ChannelConnectivity.IDLE
2025-03-27 15:34:02 - [Cluster 1 - CLIENT] - DEBUG - ChannelConnectivity.READY
2025-03-27 15:34:05 - [Cluster 1 - CLIENT] - INFO - Initialized client logging for cluster 1 -> ../logs/run_20250327_141631/clients_cluster_1.log
2025-03-27 15:34:05 - [Cluster 1 - CLIENT] - INFO - Loading pickle data for store 562, cluster 1...
2025-03-27 15:34:05 - [Cluster 1 - CLIENT] - INFO - x_train shape: (723, 7, 27), y_train shape: (723,)
2025-03-27 15:34:05 - [Cluster 1 - CLIENT] - INFO - x_val shape: (176, 7, 27), y_val shape: (176,)
2025-03-27 15:34:08 - [Cluster 1 - CLIENT] - INFO - [Store 562, Cluster 1] Connecting to 127.0.0.1:8081 ...
2025-03-27 15:34:08 - [Cluster 1 - CLIENT] - DEBUG - Opened insecure gRPC connection (no certificates were passed)
2025-03-27 15:34:08 - [Cluster 1 - CLIENT] - DEBUG - ChannelConnectivity.IDLE
2025-03-27 15:34:09 - [Cluster 1 - CLIENT] - DEBUG - ChannelConnectivity.CONNECTING
2025-03-27 15:34:09 - [Cluster 1 - CLIENT] - DEBUG - ChannelConnectivity.READY
2025-03-27 15:34:58 - [Cluster 1 - CLIENT] - INFO - [Store 459] Local training complete.
2025-03-27 15:34:58 - [Cluster 1 - CLIENT] - INFO - Sent reply
2025-03-27 15:34:59 - [Cluster 1 - CLIENT] - INFO - [Store 1033] Local training complete.
2025-03-27 15:34:59 - [Cluster 1 - CLIENT] - INFO - Sent reply
2025-03-27 15:35:00 - [Cluster 1 - CLIENT] - INFO - [Store 147] Local training complete.
2025-03-27 15:35:00 - [Cluster 1 - CLIENT] - INFO - [Store 965] Local training complete.
2025-03-27 15:35:00 - [Cluster 1 - CLIENT] - INFO - Sent reply
2025-03-27 15:35:00 - [Cluster 1 - CLIENT] - INFO - Sent reply
2025-03-27 15:35:00 - [Cluster 1 - CLIENT] - INFO - [Store 431] Local training complete.
2025-03-27 15:35:00 - [Cluster 1 - CLIENT] - INFO - [Store 84] Local training complete.
2025-03-27 15:35:00 - [Cluster 1 - CLIENT] - INFO - Sent reply
2025-03-27 15:35:00 - [Cluster 1 - CLIENT] - INFO - Sent reply
2025-03-27 15:35:00 - [Cluster 1 - CLIENT] - INFO - [Store 233] Local training complete.
2025-03-27 15:35:00 - [Cluster 1 - CLIENT] - INFO - Sent reply
2025-03-27 15:35:01 - [Cluster 1 - CLIENT] - INFO - [Store 269] Local training complete.
2025-03-27 15:35:01 - [Cluster 1 - CLIENT] - INFO - Sent reply
2025-03-27 15:35:01 - [Cluster 1 - CLIENT] - INFO - [Store 733] Local training complete.
2025-03-27 15:35:01 - [Cluster 1 - CLIENT] - INFO - Sent reply
2025-03-27 15:35:01 - [Cluster 1 - CLIENT] - INFO - [Store 384] Local training complete.
2025-03-27 15:35:01 - [Cluster 1 - CLIENT] - INFO - Sent reply
2025-03-27 15:35:02 - [Cluster 1 - CLIENT] - INFO - [Store 362] Local training complete.
2025-03-27 15:35:02 - [Cluster 1 - CLIENT] - INFO - Sent reply
2025-03-27 15:35:04 - [Cluster 1 - CLIENT] - INFO - [Store 380] Local training complete.
2025-03-27 15:35:04 - [Cluster 1 - CLIENT] - INFO - Sent reply
2025-03-27 15:35:04 - [Cluster 1 - CLIENT] - INFO - 
2025-03-27 15:35:04 - [Cluster 1 - CLIENT] - INFO - Received: evaluate message 3a45114e-e054-4e6b-ba99-c934abdf7d40
2025-03-27 15:35:04 - [Cluster 1 - CLIENT] - INFO - 
2025-03-27 15:35:04 - [Cluster 1 - CLIENT] - INFO - Received: evaluate message 9d258540-2af8-4cb4-afc4-e9bde269147e
2025-03-27 15:35:04 - [Cluster 1 - CLIENT] - INFO - 
2025-03-27 15:35:04 - [Cluster 1 - CLIENT] - INFO - Received: evaluate message daf0f5b5-12ce-4ef2-975c-54f34a5c7b38
2025-03-27 15:35:04 - [Cluster 1 - CLIENT] - INFO - 
2025-03-27 15:35:04 - [Cluster 1 - CLIENT] - INFO - Received: evaluate message de719eaf-01e3-44c2-8520-96b22fdbd0fc
2025-03-27 15:35:04 - [Cluster 1 - CLIENT] - INFO - 
2025-03-27 15:35:04 - [Cluster 1 - CLIENT] - INFO - Received: evaluate message e2fc5566-0ad2-4fdf-80ea-11093bbee47c
2025-03-27 15:35:04 - [Cluster 1 - CLIENT] - INFO - 
2025-03-27 15:35:04 - [Cluster 1 - CLIENT] - INFO - Received: evaluate message b3ecc290-0457-4a28-ba80-71034a24cb0a
2025-03-27 15:35:04 - [Cluster 1 - CLIENT] - INFO - 
2025-03-27 15:35:04 - [Cluster 1 - CLIENT] - INFO - Received: evaluate message ffbf380d-8643-4d3a-8c8b-b7a09b825318
2025-03-27 15:35:04 - [Cluster 1 - CLIENT] - INFO - 
2025-03-27 15:35:04 - [Cluster 1 - CLIENT] - INFO - 
2025-03-27 15:35:04 - [Cluster 1 - CLIENT] - INFO - Received: evaluate message 474e4eb5-02fb-445e-b8f8-e2916a9533bc
2025-03-27 15:35:04 - [Cluster 1 - CLIENT] - INFO - 
2025-03-27 15:35:04 - [Cluster 1 - CLIENT] - INFO - Received: evaluate message 86caad87-0bfe-4f1e-af49-09ca78607b4c
2025-03-27 15:35:04 - [Cluster 1 - CLIENT] - INFO - Received: evaluate message dbb9c974-cebf-4b1d-bfd3-65304af500d1
2025-03-27 15:35:04 - [Cluster 1 - CLIENT] - INFO - 
2025-03-27 15:35:04 - [Cluster 1 - CLIENT] - INFO - Received: evaluate message b5ae61bd-bc26-415c-8c3a-a35dbf403c41
2025-03-27 15:35:04 - [Cluster 1 - CLIENT] - INFO - 
2025-03-27 15:35:04 - [Cluster 1 - CLIENT] - INFO - 
2025-03-27 15:35:04 - [Cluster 1 - CLIENT] - INFO - Received: evaluate message 93518d14-3129-4c81-abab-c27133af6d00
2025-03-27 15:35:04 - [Cluster 1 - CLIENT] - INFO - Received: evaluate message 1dd78a4f-b99c-41fa-8846-a618e3f44b74
2025-03-27 15:35:04 - [Cluster 1 - CLIENT] - INFO - 
2025-03-27 15:35:04 - [Cluster 1 - CLIENT] - INFO - Received: evaluate message 65789ee1-f0e3-4a65-a866-4861ce451339
2025-03-27 15:35:04 - [Cluster 1 - CLIENT] - INFO - 
2025-03-27 15:35:04 - [Cluster 1 - CLIENT] - INFO - Received: evaluate message 0f2f276f-e109-421a-a5ba-58c6ba5a0bd2
2025-03-27 15:35:05 - [Cluster 1 - CLIENT] - INFO - [Store 362] Evaluation - Loss: 35135116.0000, MAE: 5110.6958
2025-03-27 15:35:05 - [Cluster 1 - CLIENT] - INFO - Sent reply
2025-03-27 15:35:05 - [Cluster 1 - CLIENT] - INFO - [Store 459] Evaluation - Loss: 38351860.0000, MAE: 5098.6030
2025-03-27 15:35:05 - [Cluster 1 - CLIENT] - INFO - Sent reply
2025-03-27 15:35:05 - [Cluster 1 - CLIENT] - INFO - [Store 1033] Evaluation - Loss: 68707632.0000, MAE: 7129.1577
2025-03-27 15:35:05 - [Cluster 1 - CLIENT] - INFO - Sent reply
2025-03-27 15:35:05 - [Cluster 1 - CLIENT] - INFO - 
2025-03-27 15:35:05 - [Cluster 1 - CLIENT] - INFO - Received: evaluate message 6f667341-c108-4fee-a4d4-fd6ce2eae749
2025-03-27 15:35:05 - [Cluster 1 - CLIENT] - INFO - 
2025-03-27 15:35:05 - [Cluster 1 - CLIENT] - INFO - Received: evaluate message 8b52fb31-1b06-41cf-bf59-fdc45c2bba0c
2025-03-27 15:35:05 - [Cluster 1 - CLIENT] - INFO - 
2025-03-27 15:35:05 - [Cluster 1 - CLIENT] - INFO - Received: evaluate message a396de58-e438-44a8-9e0d-d533b545df40
2025-03-27 15:35:05 - [Cluster 1 - CLIENT] - INFO - [Store 147] Evaluation - Loss: 19461836.0000, MAE: 3508.3181
2025-03-27 15:35:05 - [Cluster 1 - CLIENT] - INFO - Sent reply
2025-03-27 15:35:05 - [Cluster 1 - CLIENT] - INFO - [Store 233] Evaluation - Loss: 31536678.0000, MAE: 5013.5742
2025-03-27 15:35:05 - [Cluster 1 - CLIENT] - INFO - Sent reply
2025-03-27 15:35:05 - [Cluster 1 - CLIENT] - INFO - [Store 431] Evaluation - Loss: 31693848.0000, MAE: 4924.4980
2025-03-27 15:35:05 - [Cluster 1 - CLIENT] - INFO - Sent reply
2025-03-27 15:35:05 - [Cluster 1 - CLIENT] - INFO - 
2025-03-27 15:35:05 - [Cluster 1 - CLIENT] - INFO - Received: evaluate message e5bf0b7d-4114-4989-9532-2040174b7039
2025-03-27 15:35:05 - [Cluster 1 - CLIENT] - INFO - 
2025-03-27 15:35:05 - [Cluster 1 - CLIENT] - INFO - Received: evaluate message a61a90e5-e5e6-48d1-80bc-859ec75c6562
2025-03-27 15:35:05 - [Cluster 1 - CLIENT] - INFO - 
2025-03-27 15:35:05 - [Cluster 1 - CLIENT] - INFO - Received: evaluate message 1f80b667-4e88-41fc-8388-321d4018746d
2025-03-27 15:35:06 - [Cluster 1 - CLIENT] - INFO - [Store 154] Evaluation - Loss: 26416152.0000, MAE: 4127.9497
2025-03-27 15:35:06 - [Cluster 1 - CLIENT] - INFO - [Store 1040] Evaluation - Loss: 27164628.0000, MAE: 4378.0303
2025-03-27 15:35:06 - [Cluster 1 - CLIENT] - INFO - Sent reply
2025-03-27 15:35:06 - [Cluster 1 - CLIENT] - INFO - Sent reply
2025-03-27 15:35:06 - [Cluster 1 - CLIENT] - INFO - 
2025-03-27 15:35:06 - [Cluster 1 - CLIENT] - INFO - Received: evaluate message cd0b19fa-f31c-43ba-8e57-ccbf760d2de0
2025-03-27 15:35:06 - [Cluster 1 - CLIENT] - INFO - 
2025-03-27 15:35:06 - [Cluster 1 - CLIENT] - INFO - Received: evaluate message 1841adbd-ceed-4f71-8163-942c9a495d28
2025-03-27 15:35:06 - [Cluster 1 - CLIENT] - INFO - [Store 704] Evaluation - Loss: 44512324.0000, MAE: 5868.3232
2025-03-27 15:35:06 - [Cluster 1 - CLIENT] - INFO - Sent reply
2025-03-27 15:35:06 - [Cluster 1 - CLIENT] - INFO - [Store 729] Evaluation - Loss: 41911672.0000, MAE: 5458.5698
2025-03-27 15:35:06 - [Cluster 1 - CLIENT] - INFO - Sent reply
2025-03-27 15:35:06 - [Cluster 1 - CLIENT] - INFO - 
2025-03-27 15:35:06 - [Cluster 1 - CLIENT] - INFO - Received: evaluate message 1eb4e4f5-a554-4eee-91d9-d65f9dda95d1
2025-03-27 15:35:06 - [Cluster 1 - CLIENT] - INFO - 
2025-03-27 15:35:06 - [Cluster 1 - CLIENT] - INFO - Received: evaluate message 511694ab-b7bf-4a33-a0aa-e3ba869c23e1
2025-03-27 15:35:06 - [Cluster 1 - CLIENT] - INFO - [Store 445] Evaluation - Loss: 26366598.0000, MAE: 4677.8657
2025-03-27 15:35:06 - [Cluster 1 - CLIENT] - INFO - Sent reply
2025-03-27 15:35:06 - [Cluster 1 - CLIENT] - INFO - 
2025-03-27 15:35:06 - [Cluster 1 - CLIENT] - INFO - Received: evaluate message 209ad594-5bd1-44da-88dd-bfb794aabcd1
2025-03-27 15:35:06 - [Cluster 1 - CLIENT] - INFO - [Store 846] Evaluation - Loss: 29513720.0000, MAE: 4357.7886
2025-03-27 15:35:06 - [Cluster 1 - CLIENT] - INFO - Sent reply
2025-03-27 15:35:06 - [Cluster 1 - CLIENT] - INFO - 
2025-03-27 15:35:06 - [Cluster 1 - CLIENT] - INFO - Received: evaluate message 712a8c6b-8266-4950-b892-965262542ebf
2025-03-27 15:35:06 - [Cluster 1 - CLIENT] - INFO - [Store 963] Evaluation - Loss: 56468312.0000, MAE: 5957.9536
2025-03-27 15:35:06 - [Cluster 1 - CLIENT] - INFO - Sent reply
2025-03-27 15:35:06 - [Cluster 1 - CLIENT] - INFO - 
2025-03-27 15:35:06 - [Cluster 1 - CLIENT] - INFO - Received: evaluate message 05351322-6401-496e-beca-6c2f518280c1
2025-03-27 15:35:06 - [Cluster 1 - CLIENT] - INFO - [Store 1114] Evaluation - Loss: 177925008.0000, MAE: 12267.3096
2025-03-27 15:35:06 - [Cluster 1 - CLIENT] - INFO - Sent reply
2025-03-27 15:35:06 - [Cluster 1 - CLIENT] - INFO - 
2025-03-27 15:35:06 - [Cluster 1 - CLIENT] - INFO - Received: evaluate message b646d486-d957-48a7-9e68-c5a206fca49b
2025-03-27 15:35:06 - [Cluster 1 - CLIENT] - INFO - [Store 545] Evaluation - Loss: 43524560.0000, MAE: 5390.4106
2025-03-27 15:35:07 - [Cluster 1 - CLIENT] - INFO - Sent reply
2025-03-27 15:35:07 - [Cluster 1 - CLIENT] - INFO - 
2025-03-27 15:35:07 - [Cluster 1 - CLIENT] - INFO - Received: evaluate message 3be118cd-4265-4015-bb9c-0b288cd56911
2025-03-27 15:35:07 - [Cluster 1 - CLIENT] - INFO - [Store 269] Evaluation - Loss: 34461828.0000, MAE: 4716.8130
2025-03-27 15:35:07 - [Cluster 1 - CLIENT] - INFO - Sent reply
2025-03-27 15:35:07 - [Cluster 1 - CLIENT] - INFO - [Store 733] Evaluation - Loss: 65696140.0000, MAE: 7455.7622
2025-03-27 15:35:07 - [Cluster 1 - CLIENT] - INFO - Sent reply
2025-03-27 15:35:07 - [Cluster 1 - CLIENT] - INFO - [Store 384] Evaluation - Loss: 38058940.0000, MAE: 5291.2002
2025-03-27 15:35:07 - [Cluster 1 - CLIENT] - INFO - Sent reply
2025-03-27 15:35:07 - [Cluster 1 - CLIENT] - INFO - [Store 965] Evaluation - Loss: 27130202.0000, MAE: 4354.9175
2025-03-27 15:35:07 - [Cluster 1 - CLIENT] - INFO - Sent reply
2025-03-27 15:35:07 - [Cluster 1 - CLIENT] - INFO - [Store 396] Evaluation - Loss: 41278220.0000, MAE: 5254.2920
2025-03-27 15:35:07 - [Cluster 1 - CLIENT] - INFO - Sent reply
2025-03-27 15:35:08 - [Cluster 1 - CLIENT] - INFO - [Store 809] Evaluation - Loss: 32726206.0000, MAE: 4529.1909
2025-03-27 15:35:08 - [Cluster 1 - CLIENT] - INFO - Sent reply
2025-03-27 15:35:08 - [Cluster 1 - CLIENT] - INFO - [Store 376] Evaluation - Loss: 28939694.0000, MAE: 4558.2939
2025-03-27 15:35:08 - [Cluster 1 - CLIENT] - INFO - Sent reply
2025-03-27 15:35:08 - [Cluster 1 - CLIENT] - INFO - [Store 84] Evaluation - Loss: 59097732.0000, MAE: 6206.3091
2025-03-27 15:35:08 - [Cluster 1 - CLIENT] - INFO - Sent reply
2025-03-27 15:35:08 - [Cluster 1 - CLIENT] - INFO - [Store 233] Evaluation - Loss: 31536678.0000, MAE: 5013.5742
2025-03-27 15:35:08 - [Cluster 1 - CLIENT] - INFO - Sent reply
2025-03-27 15:35:08 - [Cluster 1 - CLIENT] - INFO - [Store 380] Evaluation - Loss: 72313352.0000, MAE: 7411.5698
2025-03-27 15:35:08 - [Cluster 1 - CLIENT] - INFO - Sent reply
2025-03-27 15:35:08 - [Cluster 1 - CLIENT] - INFO - [Store 562] Evaluation - Loss: 84310328.0000, MAE: 8080.9907
2025-03-27 15:35:08 - [Cluster 1 - CLIENT] - INFO - Sent reply
2025-03-27 15:35:08 - [Cluster 1 - CLIENT] - INFO - [Store 726] Evaluation - Loss: 94157336.0000, MAE: 8196.1172
2025-03-27 15:35:08 - [Cluster 1 - CLIENT] - INFO - Sent reply
2025-03-27 15:35:08 - [Cluster 1 - CLIENT] - INFO - [Store 524] Evaluation - Loss: 55776592.0000, MAE: 6473.7061
2025-03-27 15:35:08 - [Cluster 1 - CLIENT] - INFO - Sent reply
2025-03-27 15:35:08 - [Cluster 1 - CLIENT] - INFO - [Store 267] Evaluation - Loss: 31375202.0000, MAE: 4863.4893
2025-03-27 15:35:08 - [Cluster 1 - CLIENT] - INFO - [Store 687] Evaluation - Loss: 28808488.0000, MAE: 4753.5732
2025-03-27 15:35:08 - [Cluster 1 - CLIENT] - INFO - Sent reply
2025-03-27 15:35:08 - [Cluster 1 - CLIENT] - INFO - Sent reply
2025-03-27 15:35:08 - [Cluster 1 - CLIENT] - INFO - 
2025-03-27 15:35:08 - [Cluster 1 - CLIENT] - INFO - Received: train message 3ee114cc-e7c7-4e0d-a18b-a757b0c416d1
2025-03-27 15:35:08 - [Cluster 1 - CLIENT] - INFO - 
2025-03-27 15:35:08 - [Cluster 1 - CLIENT] - INFO - Received: train message 2f5438eb-0080-4ed6-9d34-9887b56809de
2025-03-27 15:35:08 - [Cluster 1 - CLIENT] - INFO - 
2025-03-27 15:35:08 - [Cluster 1 - CLIENT] - INFO - Received: train message 127bf57f-022c-4b77-bf75-6dce317c6acf
2025-03-27 15:35:08 - [Cluster 1 - CLIENT] - INFO - 
2025-03-27 15:35:08 - [Cluster 1 - CLIENT] - INFO - Received: train message 594db01d-b08d-45d1-a5a3-bf91ec48e2ca
2025-03-27 15:35:08 - [Cluster 1 - CLIENT] - INFO - [Store 380] Starting local training.
2025-03-27 15:35:08 - [Cluster 1 - CLIENT] - INFO - 
2025-03-27 15:35:08 - [Cluster 1 - CLIENT] - INFO - Received: train message ff903257-cea5-4c7d-8918-584563da60d7
2025-03-27 15:35:08 - [Cluster 1 - CLIENT] - INFO - 
2025-03-27 15:35:08 - [Cluster 1 - CLIENT] - INFO - Received: train message b44f2b5b-6df1-4932-b2a1-70686b0207ee
2025-03-27 15:35:08 - [Cluster 1 - CLIENT] - INFO - 
2025-03-27 15:35:08 - [Cluster 1 - CLIENT] - INFO - Received: train message 7c37a6b7-3c47-4dce-b243-e75e091aed26
2025-03-27 15:35:08 - [Cluster 1 - CLIENT] - INFO - 
2025-03-27 15:35:08 - [Cluster 1 - CLIENT] - INFO - Received: train message 17330029-f812-4479-93fa-8dc9f0d2ae7b
2025-03-27 15:35:08 - [Cluster 1 - CLIENT] - INFO - [Store 384] Starting local training.
2025-03-27 15:35:08 - [Cluster 1 - CLIENT] - INFO - [Store 396] Starting local training.
2025-03-27 15:35:08 - [Cluster 1 - CLIENT] - INFO - 
2025-03-27 15:35:08 - [Cluster 1 - CLIENT] - INFO - Received: train message 2b3fa1a1-8456-4cc8-b10c-08266dbda161
2025-03-27 15:35:08 - [Cluster 1 - CLIENT] - INFO - 
2025-03-27 15:35:08 - [Cluster 1 - CLIENT] - INFO - Received: train message 86821b0c-0e6c-4760-9ebf-040da46aac03
2025-03-27 15:35:08 - [Cluster 1 - CLIENT] - INFO - [Store 269] Starting local training.
2025-03-27 15:35:08 - [Cluster 1 - CLIENT] - INFO - 
2025-03-27 15:35:08 - [Cluster 1 - CLIENT] - INFO - Received: train message a68eb2c3-d794-461f-a7c7-d8021764171c
2025-03-27 15:35:08 - [Cluster 1 - CLIENT] - INFO - [Store 84] Starting local training.
2025-03-27 15:35:08 - [Cluster 1 - CLIENT] - INFO - 
2025-03-27 15:35:08 - [Cluster 1 - CLIENT] - INFO - Received: train message 1bf47242-3a40-47ca-a480-69317afbc87c
2025-03-27 15:35:08 - [Cluster 1 - CLIENT] - INFO - [Store 687] Starting local training.
2025-03-27 15:35:08 - [Cluster 1 - CLIENT] - INFO - 
2025-03-27 15:35:08 - [Cluster 1 - CLIENT] - INFO - Received: train message 6a2ba8f5-8192-47fb-ba63-503fe44e31ea
2025-03-27 15:35:08 - [Cluster 1 - CLIENT] - INFO - [Store 267] Starting local training.
2025-03-27 15:35:08 - [Cluster 1 - CLIENT] - INFO - 
2025-03-27 15:35:08 - [Cluster 1 - CLIENT] - INFO - Received: train message df8b03ba-bddc-478c-aa2e-84984e92c06f
2025-03-27 15:35:08 - [Cluster 1 - CLIENT] - INFO - 
2025-03-27 15:35:08 - [Cluster 1 - CLIENT] - INFO - Received: train message b2cd4ee8-d4f1-4e8e-af20-da05aa0c7a48
2025-03-27 15:35:08 - [Cluster 1 - CLIENT] - INFO - [Store 1114] Starting local training.
2025-03-27 15:35:08 - [Cluster 1 - CLIENT] - INFO - [Store 963] Starting local training.
2025-03-27 15:35:08 - [Cluster 1 - CLIENT] - INFO - [Store 459] Starting local training.
2025-03-27 15:35:08 - [Cluster 1 - CLIENT] - INFO - [Store 1040] Starting local training.
2025-03-27 15:35:08 - [Cluster 1 - CLIENT] - INFO - [Store 147] Starting local training.
2025-03-27 15:35:08 - [Cluster 1 - CLIENT] - INFO - [Store 545] Starting local training.
2025-03-27 15:35:08 - [Cluster 1 - CLIENT] - INFO - [Store 362] Starting local training.
2025-03-27 15:35:08 - [Cluster 1 - CLIENT] - INFO - [Store 431] Starting local training.
2025-03-27 15:37:53 - [Cluster 1 - CLIENT] - INFO - [Store 84] Local training complete.
2025-03-27 15:37:53 - [Cluster 1 - CLIENT] - INFO - Sent reply
2025-03-27 15:37:53 - [Cluster 1 - CLIENT] - INFO - 
2025-03-27 15:37:53 - [Cluster 1 - CLIENT] - INFO - Received: train message 627b679d-c269-4e92-8d8b-2f842403d786
2025-03-27 15:37:53 - [Cluster 1 - CLIENT] - INFO - [Store 154] Starting local training.
2025-03-27 15:37:55 - [Cluster 1 - CLIENT] - INFO - [Store 269] Local training complete.
2025-03-27 15:37:55 - [Cluster 1 - CLIENT] - INFO - Sent reply
2025-03-27 15:37:55 - [Cluster 1 - CLIENT] - INFO - 
2025-03-27 15:37:55 - [Cluster 1 - CLIENT] - INFO - Received: train message 309f9368-c657-40b7-9bf0-f672e3e5c598
2025-03-27 15:37:55 - [Cluster 1 - CLIENT] - INFO - [Store 380] Local training complete.
2025-03-27 15:37:55 - [Cluster 1 - CLIENT] - INFO - [Store 233] Starting local training.
2025-03-27 15:37:55 - [Cluster 1 - CLIENT] - INFO - Sent reply
2025-03-27 15:37:55 - [Cluster 1 - CLIENT] - INFO - 
2025-03-27 15:37:55 - [Cluster 1 - CLIENT] - INFO - Received: train message d872340a-9e30-480e-8913-e22786438095
2025-03-27 15:37:55 - [Cluster 1 - CLIENT] - INFO - [Store 846] Starting local training.
2025-03-27 15:37:56 - [Cluster 1 - CLIENT] - INFO - [Store 431] Local training complete.
2025-03-27 15:37:56 - [Cluster 1 - CLIENT] - INFO - Sent reply
2025-03-27 15:37:56 - [Cluster 1 - CLIENT] - INFO - 
2025-03-27 15:37:56 - [Cluster 1 - CLIENT] - INFO - Received: train message ebe77b9c-abb3-4e12-806b-c8a6306c504b
2025-03-27 15:37:56 - [Cluster 1 - CLIENT] - INFO - [Store 233] Starting local training.
2025-03-27 15:37:56 - [Cluster 1 - CLIENT] - INFO - [Store 362] Local training complete.
2025-03-27 15:37:56 - [Cluster 1 - CLIENT] - INFO - [Store 147] Local training complete.
2025-03-27 15:37:56 - [Cluster 1 - CLIENT] - INFO - Sent reply
2025-03-27 15:37:56 - [Cluster 1 - CLIENT] - INFO - 
2025-03-27 15:37:56 - [Cluster 1 - CLIENT] - INFO - Received: train message 89c1d2a6-61e7-4f87-b224-7710f1d8089b
2025-03-27 15:37:56 - [Cluster 1 - CLIENT] - INFO - Sent reply
2025-03-27 15:37:56 - [Cluster 1 - CLIENT] - INFO - [Store 965] Starting local training.
2025-03-27 15:37:56 - [Cluster 1 - CLIENT] - INFO - 
2025-03-27 15:37:56 - [Cluster 1 - CLIENT] - INFO - Received: train message 18a078c1-8c8f-490b-9b88-ed6a183845cf
2025-03-27 15:37:56 - [Cluster 1 - CLIENT] - INFO - [Store 445] Starting local training.
2025-03-27 15:37:57 - [Cluster 1 - CLIENT] - INFO - [Store 459] Local training complete.
2025-03-27 15:37:57 - [Cluster 1 - CLIENT] - INFO - Sent reply
2025-03-27 15:37:57 - [Cluster 1 - CLIENT] - INFO - 
2025-03-27 15:37:57 - [Cluster 1 - CLIENT] - INFO - Received: train message bfcc68ac-e927-466a-ab85-6ad011f35d41
2025-03-27 15:37:57 - [Cluster 1 - CLIENT] - INFO - [Store 376] Starting local training.
2025-03-27 15:38:11 - [Cluster 1 - CLIENT] - INFO - [Store 384] Local training complete.
2025-03-27 15:38:11 - [Cluster 1 - CLIENT] - INFO - Sent reply
2025-03-27 15:38:11 - [Cluster 1 - CLIENT] - INFO - 
2025-03-27 15:38:11 - [Cluster 1 - CLIENT] - INFO - Received: train message 36ab6f0d-8c93-4723-9982-459e495835fb
2025-03-27 15:38:11 - [Cluster 1 - CLIENT] - INFO - [Store 733] Starting local training.
2025-03-27 15:38:29 - [Cluster 1 - CLIENT] - INFO - [Store 396] Local training complete.
2025-03-27 15:38:29 - [Cluster 1 - CLIENT] - INFO - Sent reply
2025-03-27 15:38:29 - [Cluster 1 - CLIENT] - INFO - 
2025-03-27 15:38:29 - [Cluster 1 - CLIENT] - INFO - Received: train message f6c48f51-ddd7-47d2-a68c-30cdb49caae7
2025-03-27 15:38:29 - [Cluster 1 - CLIENT] - INFO - [Store 562] Starting local training.
2025-03-27 15:38:31 - [Cluster 1 - CLIENT] - INFO - [Store 1114] Local training complete.
2025-03-27 15:38:31 - [Cluster 1 - CLIENT] - INFO - Sent reply
2025-03-27 15:38:31 - [Cluster 1 - CLIENT] - INFO - 
2025-03-27 15:38:31 - [Cluster 1 - CLIENT] - INFO - Received: train message 404924f0-9440-48ba-ba32-d79455d0eb6c
2025-03-27 15:38:31 - [Cluster 1 - CLIENT] - INFO - [Store 809] Starting local training.
2025-03-27 15:38:32 - [Cluster 1 - CLIENT] - INFO - [Store 963] Local training complete.
2025-03-27 15:38:32 - [Cluster 1 - CLIENT] - INFO - [Store 545] Local training complete.
2025-03-27 15:38:32 - [Cluster 1 - CLIENT] - INFO - Sent reply
2025-03-27 15:38:32 - [Cluster 1 - CLIENT] - INFO - 
2025-03-27 15:38:32 - [Cluster 1 - CLIENT] - INFO - Received: train message c89687ae-8d01-4e5a-8ab4-1defac471f39
2025-03-27 15:38:32 - [Cluster 1 - CLIENT] - INFO - Sent reply
2025-03-27 15:38:32 - [Cluster 1 - CLIENT] - INFO - 
2025-03-27 15:38:32 - [Cluster 1 - CLIENT] - INFO - Received: train message 7eb94322-e236-49d1-88d5-07d73e5bfb2c
2025-03-27 15:38:32 - [Cluster 1 - CLIENT] - INFO - [Store 704] Starting local training.
2025-03-27 15:38:32 - [Cluster 1 - CLIENT] - INFO - [Store 729] Starting local training.
2025-03-27 15:38:34 - [Cluster 1 - CLIENT] - INFO - [Store 1040] Local training complete.
2025-03-27 15:38:34 - [Cluster 1 - CLIENT] - INFO - Sent reply
2025-03-27 15:38:34 - [Cluster 1 - CLIENT] - INFO - 
2025-03-27 15:38:34 - [Cluster 1 - CLIENT] - INFO - Received: train message 97e3f7e4-e2bd-4b3b-82e0-58f41b5b1b75
2025-03-27 15:38:34 - [Cluster 1 - CLIENT] - INFO - [Store 524] Starting local training.
2025-03-27 15:38:34 - [Cluster 1 - CLIENT] - INFO - [Store 687] Local training complete.
2025-03-27 15:38:34 - [Cluster 1 - CLIENT] - INFO - Sent reply
2025-03-27 15:38:34 - [Cluster 1 - CLIENT] - INFO - 
2025-03-27 15:38:34 - [Cluster 1 - CLIENT] - INFO - Received: train message 73f11441-01a6-4029-ab3e-988e139804e0
2025-03-27 15:38:34 - [Cluster 1 - CLIENT] - INFO - [Store 1033] Starting local training.
2025-03-27 15:38:38 - [Cluster 1 - CLIENT] - INFO - [Store 267] Local training complete.
2025-03-27 15:38:38 - [Cluster 1 - CLIENT] - INFO - Sent reply
2025-03-27 15:38:38 - [Cluster 1 - CLIENT] - INFO - 
2025-03-27 15:38:38 - [Cluster 1 - CLIENT] - INFO - Received: train message 80614613-6084-4480-be20-182a2fd96a16
2025-03-27 15:38:38 - [Cluster 1 - CLIENT] - INFO - [Store 726] Starting local training.
2025-03-27 15:40:31 - [Cluster 1 - CLIENT] - INFO - [Store 233] Local training complete.
2025-03-27 15:40:31 - [Cluster 1 - CLIENT] - INFO - Sent reply
2025-03-27 15:40:33 - [Cluster 1 - CLIENT] - INFO - [Store 965] Local training complete.
2025-03-27 15:40:34 - [Cluster 1 - CLIENT] - INFO - Sent reply
2025-03-27 15:40:53 - [Cluster 1 - CLIENT] - INFO - [Store 733] Local training complete.
2025-03-27 15:40:53 - [Cluster 1 - CLIENT] - INFO - Sent reply
2025-03-27 15:41:13 - [Cluster 1 - CLIENT] - INFO - [Store 154] Local training complete.
2025-03-27 15:41:14 - [Cluster 1 - CLIENT] - INFO - Sent reply
2025-03-27 15:41:16 - [Cluster 1 - CLIENT] - INFO - [Store 233] Local training complete.
2025-03-27 15:41:16 - [Cluster 1 - CLIENT] - INFO - Sent reply
2025-03-27 15:41:16 - [Cluster 1 - CLIENT] - INFO - [Store 846] Local training complete.
2025-03-27 15:41:16 - [Cluster 1 - CLIENT] - INFO - Sent reply
2025-03-27 15:41:18 - [Cluster 1 - CLIENT] - INFO - [Store 376] Local training complete.
2025-03-27 15:41:18 - [Cluster 1 - CLIENT] - INFO - Sent reply
2025-03-27 15:41:19 - [Cluster 1 - CLIENT] - INFO - [Store 445] Local training complete.
2025-03-27 15:41:20 - [Cluster 1 - CLIENT] - INFO - Sent reply
2025-03-27 15:41:23 - [Cluster 1 - CLIENT] - INFO - [Store 1033] Local training complete.
2025-03-27 15:41:23 - [Cluster 1 - CLIENT] - INFO - Sent reply
2025-03-27 15:41:34 - [Cluster 1 - CLIENT] - INFO - [Store 562] Local training complete.
2025-03-27 15:41:34 - [Cluster 1 - CLIENT] - INFO - Sent reply
2025-03-27 15:41:35 - [Cluster 1 - CLIENT] - INFO - [Store 809] Local training complete.
2025-03-27 15:41:36 - [Cluster 1 - CLIENT] - INFO - Sent reply
2025-03-27 15:41:36 - [Cluster 1 - CLIENT] - INFO - [Store 729] Local training complete.
2025-03-27 15:41:36 - [Cluster 1 - CLIENT] - INFO - [Store 704] Local training complete.
2025-03-27 15:41:36 - [Cluster 1 - CLIENT] - INFO - Sent reply
2025-03-27 15:41:36 - [Cluster 1 - CLIENT] - INFO - Sent reply
2025-03-27 15:41:36 - [Cluster 1 - CLIENT] - INFO - [Store 524] Local training complete.
2025-03-27 15:41:36 - [Cluster 1 - CLIENT] - INFO - Sent reply
2025-03-27 15:41:38 - [Cluster 1 - CLIENT] - INFO - [Store 726] Local training complete.
2025-03-27 15:41:38 - [Cluster 1 - CLIENT] - INFO - Sent reply
2025-03-27 15:41:38 - [Cluster 1 - CLIENT] - INFO - 
2025-03-27 15:41:38 - [Cluster 1 - CLIENT] - INFO - Received: evaluate message 77f852f1-e288-42fa-9053-6d2aefac1d16
2025-03-27 15:41:38 - [Cluster 1 - CLIENT] - INFO - 
2025-03-27 15:41:38 - [Cluster 1 - CLIENT] - INFO - Received: evaluate message a5f99fed-9674-4874-ac97-088ebff68755
2025-03-27 15:41:38 - [Cluster 1 - CLIENT] - INFO - 
2025-03-27 15:41:38 - [Cluster 1 - CLIENT] - INFO - Received: evaluate message be7115c8-c452-4b76-9125-b25a1267a815
2025-03-27 15:41:38 - [Cluster 1 - CLIENT] - INFO - 
2025-03-27 15:41:38 - [Cluster 1 - CLIENT] - INFO - Received: evaluate message 2983d628-4364-4289-b14c-18fdf1d9fe72
2025-03-27 15:41:38 - [Cluster 1 - CLIENT] - INFO - 
2025-03-27 15:41:38 - [Cluster 1 - CLIENT] - INFO - Received: evaluate message eece06e9-b457-4c92-9bb1-f8cdc3059bb6
2025-03-27 15:41:38 - [Cluster 1 - CLIENT] - INFO - 
2025-03-27 15:41:38 - [Cluster 1 - CLIENT] - INFO - Received: evaluate message 42a2d4c0-f62a-4c88-aab9-b0b9487af78d
2025-03-27 15:41:38 - [Cluster 1 - CLIENT] - INFO - 
2025-03-27 15:41:38 - [Cluster 1 - CLIENT] - INFO - Received: evaluate message 81b8ce36-684c-4153-ad88-f468e87f1801
2025-03-27 15:41:38 - [Cluster 1 - CLIENT] - INFO - 
2025-03-27 15:41:38 - [Cluster 1 - CLIENT] - INFO - Received: evaluate message 70ed05cb-ac0b-4fba-8d42-a4dafdcbc88d
2025-03-27 15:41:38 - [Cluster 1 - CLIENT] - INFO - 
2025-03-27 15:41:38 - [Cluster 1 - CLIENT] - INFO - Received: evaluate message 889e87f7-401a-432b-a6b1-4ed46564e392
2025-03-27 15:41:38 - [Cluster 1 - CLIENT] - INFO - 
2025-03-27 15:41:38 - [Cluster 1 - CLIENT] - INFO - Received: evaluate message c66a850d-1fa7-4542-8106-a7ebc794ea2f
2025-03-27 15:41:38 - [Cluster 1 - CLIENT] - INFO - 
2025-03-27 15:41:38 - [Cluster 1 - CLIENT] - INFO - 
2025-03-27 15:41:38 - [Cluster 1 - CLIENT] - INFO - Received: evaluate message a8d494d8-0107-49b6-8a23-6571241bd188
2025-03-27 15:41:38 - [Cluster 1 - CLIENT] - INFO - Received: evaluate message d1ae75bf-935b-4479-920a-d5c2672f4a10
2025-03-27 15:41:38 - [Cluster 1 - CLIENT] - INFO - 
2025-03-27 15:41:38 - [Cluster 1 - CLIENT] - INFO - Received: evaluate message 744d2e1e-c0e8-457c-8b76-91f70095b651
2025-03-27 15:41:38 - [Cluster 1 - CLIENT] - INFO - 
2025-03-27 15:41:38 - [Cluster 1 - CLIENT] - INFO - Received: evaluate message 2b38bcb0-292a-4eaf-9390-a06a71f866ae
2025-03-27 15:41:38 - [Cluster 1 - CLIENT] - INFO - 
2025-03-27 15:41:38 - [Cluster 1 - CLIENT] - INFO - Received: evaluate message 70364b94-bdb6-40f2-ad48-352f55e08384
2025-03-27 15:41:39 - [Cluster 1 - CLIENT] - INFO - [Store 809] Evaluation - Loss: 32745716.0000, MAE: 4698.6860
2025-03-27 15:41:39 - [Cluster 1 - CLIENT] - INFO - Sent reply
2025-03-27 15:41:39 - [Cluster 1 - CLIENT] - INFO - 
2025-03-27 15:41:39 - [Cluster 1 - CLIENT] - INFO - Received: evaluate message a4191b7b-74ff-4ff4-8582-843942f863b3
2025-03-27 15:41:39 - [Cluster 1 - CLIENT] - INFO - [Store 965] Evaluation - Loss: 23296846.0000, MAE: 4054.2188
2025-03-27 15:41:39 - [Cluster 1 - CLIENT] - INFO - Sent reply
2025-03-27 15:41:39 - [Cluster 1 - CLIENT] - INFO - 
2025-03-27 15:41:39 - [Cluster 1 - CLIENT] - INFO - Received: evaluate message 2a7f1312-a117-4d53-adf9-528503025038
2025-03-27 15:41:39 - [Cluster 1 - CLIENT] - INFO - [Store 1114] Evaluation - Loss: 171812368.0000, MAE: 12277.0527
2025-03-27 15:41:39 - [Cluster 1 - CLIENT] - INFO - [Store 729] Evaluation - Loss: 35307824.0000, MAE: 4964.4302
2025-03-27 15:41:39 - [Cluster 1 - CLIENT] - INFO - Sent reply
2025-03-27 15:41:39 - [Cluster 1 - CLIENT] - INFO - Sent reply
2025-03-27 15:41:39 - [Cluster 1 - CLIENT] - INFO - 
2025-03-27 15:41:39 - [Cluster 1 - CLIENT] - INFO - Received: evaluate message 235378b7-f0a4-423f-abcc-3178584561ed
2025-03-27 15:41:39 - [Cluster 1 - CLIENT] - INFO - 
2025-03-27 15:41:39 - [Cluster 1 - CLIENT] - INFO - Received: evaluate message 784a774c-a412-414e-8600-a758f0ffe732
2025-03-27 15:41:39 - [Cluster 1 - CLIENT] - INFO - [Store 445] Evaluation - Loss: 25794008.0000, MAE: 4666.9585
2025-03-27 15:41:39 - [Cluster 1 - CLIENT] - INFO - Sent reply
2025-03-27 15:41:39 - [Cluster 1 - CLIENT] - INFO - [Store 846] Evaluation - Loss: 25270772.0000, MAE: 4031.7463
2025-03-27 15:41:39 - [Cluster 1 - CLIENT] - INFO - Sent reply
2025-03-27 15:41:39 - [Cluster 1 - CLIENT] - INFO - 
2025-03-27 15:41:39 - [Cluster 1 - CLIENT] - INFO - Received: evaluate message 9d30af66-08b4-4623-bd99-0816000769ec
2025-03-27 15:41:39 - [Cluster 1 - CLIENT] - INFO - 
2025-03-27 15:41:39 - [Cluster 1 - CLIENT] - INFO - Received: evaluate message 58d2bc32-253e-4d8a-be33-d882bd30d061
2025-03-27 15:41:39 - [Cluster 1 - CLIENT] - INFO - [Store 384] Evaluation - Loss: 32928386.0000, MAE: 4767.5000
2025-03-27 15:41:39 - [Cluster 1 - CLIENT] - INFO - Sent reply
2025-03-27 15:41:39 - [Cluster 1 - CLIENT] - INFO - [Store 963] Evaluation - Loss: 71154856.0000, MAE: 7064.1152
2025-03-27 15:41:39 - [Cluster 1 - CLIENT] - INFO - Sent reply
2025-03-27 15:41:39 - [Cluster 1 - CLIENT] - INFO - 
2025-03-27 15:41:39 - [Cluster 1 - CLIENT] - INFO - Received: evaluate message a102884c-2224-4022-b662-94cdcd7fd509
2025-03-27 15:41:39 - [Cluster 1 - CLIENT] - INFO - [Store 233] Evaluation - Loss: 30261184.0000, MAE: 4899.4839
2025-03-27 15:41:39 - [Cluster 1 - CLIENT] - INFO - Sent reply
2025-03-27 15:41:39 - [Cluster 1 - CLIENT] - INFO - [Store 687] Evaluation - Loss: 27145790.0000, MAE: 4679.0659
2025-03-27 15:41:39 - [Cluster 1 - CLIENT] - INFO - Sent reply
2025-03-27 15:41:39 - [Cluster 1 - CLIENT] - INFO - 
2025-03-27 15:41:39 - [Cluster 1 - CLIENT] - INFO - Received: evaluate message 69e8ee01-dd47-4b27-8a17-36feca3b0992
2025-03-27 15:41:39 - [Cluster 1 - CLIENT] - INFO - [Store 362] Evaluation - Loss: 32228524.0000, MAE: 4980.0093
2025-03-27 15:41:39 - [Cluster 1 - CLIENT] - INFO - Sent reply
2025-03-27 15:41:39 - [Cluster 1 - CLIENT] - INFO - 
2025-03-27 15:41:39 - [Cluster 1 - CLIENT] - INFO - Received: evaluate message a2f16b29-ad45-495d-b69b-f7d4fbf8b711
2025-03-27 15:41:39 - [Cluster 1 - CLIENT] - INFO - 
2025-03-27 15:41:39 - [Cluster 1 - CLIENT] - INFO - Received: evaluate message cc8c9873-0bf4-4106-8842-b7adf42c9a9f
2025-03-27 15:41:39 - [Cluster 1 - CLIENT] - INFO - [Store 233] Evaluation - Loss: 30261184.0000, MAE: 4899.4839
2025-03-27 15:41:39 - [Cluster 1 - CLIENT] - INFO - Sent reply
2025-03-27 15:41:39 - [Cluster 1 - CLIENT] - INFO - 
2025-03-27 15:41:39 - [Cluster 1 - CLIENT] - INFO - Received: evaluate message 9b12a76a-d895-493a-9f94-954a56eaa5d3
2025-03-27 15:41:39 - [Cluster 1 - CLIENT] - INFO - 
2025-03-27 15:41:39 - [Cluster 1 - CLIENT] - INFO - Received: evaluate message 5d51e6dd-c0b1-4d33-a633-23d769b74595
2025-03-27 15:41:39 - [Cluster 1 - CLIENT] - INFO - [Store 147] Evaluation - Loss: 15987367.0000, MAE: 3160.7383
2025-03-27 15:41:39 - [Cluster 1 - CLIENT] - INFO - Sent reply
2025-03-27 15:41:39 - [Cluster 1 - CLIENT] - INFO - 
2025-03-27 15:41:39 - [Cluster 1 - CLIENT] - INFO - Received: evaluate message 1455376e-074d-4902-a958-1601834ce96f
2025-03-27 15:41:39 - [Cluster 1 - CLIENT] - INFO - [Store 267] Evaluation - Loss: 28689088.0000, MAE: 4681.4067
2025-03-27 15:41:39 - [Cluster 1 - CLIENT] - INFO - Sent reply
2025-03-27 15:41:39 - [Cluster 1 - CLIENT] - INFO - 
2025-03-27 15:41:39 - [Cluster 1 - CLIENT] - INFO - Received: evaluate message 91195697-ebba-4192-903d-53a233965929
2025-03-27 15:41:39 - [Cluster 1 - CLIENT] - INFO - [Store 396] Evaluation - Loss: 45123472.0000, MAE: 5669.3765
2025-03-27 15:41:39 - [Cluster 1 - CLIENT] - INFO - Sent reply
2025-03-27 15:41:39 - [Cluster 1 - CLIENT] - INFO - 
2025-03-27 15:41:39 - [Cluster 1 - CLIENT] - INFO - Received: evaluate message 7072bec8-f496-435b-8696-c5836f858194
2025-03-27 15:41:40 - [Cluster 1 - CLIENT] - INFO - [Store 704] Evaluation - Loss: 37450740.0000, MAE: 5433.3447
2025-03-27 15:41:40 - [Cluster 1 - CLIENT] - INFO - Sent reply
2025-03-27 15:41:40 - [Cluster 1 - CLIENT] - INFO - [Store 733] Evaluation - Loss: 67138904.0000, MAE: 7556.4097
2025-03-27 15:41:40 - [Cluster 1 - CLIENT] - INFO - Sent reply
2025-03-27 15:41:40 - [Cluster 1 - CLIENT] - INFO - [Store 562] Evaluation - Loss: 85677008.0000, MAE: 8261.0068
2025-03-27 15:41:40 - [Cluster 1 - CLIENT] - INFO - Sent reply
2025-03-27 15:41:40 - [Cluster 1 - CLIENT] - INFO - [Store 524] Evaluation - Loss: 28860958.0000, MAE: 4436.0142
2025-03-27 15:41:40 - [Cluster 1 - CLIENT] - INFO - Sent reply
2025-03-27 15:41:40 - [Cluster 1 - CLIENT] - INFO - [Store 1040] Evaluation - Loss: 25977298.0000, MAE: 4292.1548
2025-03-27 15:41:40 - [Cluster 1 - CLIENT] - INFO - Sent reply
2025-03-27 15:41:40 - [Cluster 1 - CLIENT] - INFO - [Store 154] Evaluation - Loss: 26990106.0000, MAE: 3957.0876
2025-03-27 15:41:40 - [Cluster 1 - CLIENT] - INFO - Sent reply
2025-03-27 15:41:40 - [Cluster 1 - CLIENT] - INFO - [Store 376] Evaluation - Loss: 25409830.0000, MAE: 4183.6377
2025-03-27 15:41:40 - [Cluster 1 - CLIENT] - INFO - Sent reply
2025-03-27 15:41:40 - [Cluster 1 - CLIENT] - INFO - [Store 269] Evaluation - Loss: 29663910.0000, MAE: 4397.4443
2025-03-27 15:41:40 - [Cluster 1 - CLIENT] - INFO - Sent reply
2025-03-27 15:41:40 - [Cluster 1 - CLIENT] - INFO - [Store 84] Evaluation - Loss: 43607360.0000, MAE: 5431.9463
2025-03-27 15:41:40 - [Cluster 1 - CLIENT] - INFO - Sent reply
2025-03-27 15:41:40 - [Cluster 1 - CLIENT] - INFO - [Store 545] Evaluation - Loss: 40600216.0000, MAE: 5181.8999
2025-03-27 15:41:40 - [Cluster 1 - CLIENT] - INFO - Sent reply
2025-03-27 15:41:40 - [Cluster 1 - CLIENT] - INFO - [Store 431] Evaluation - Loss: 30872166.0000, MAE: 4891.5879
2025-03-27 15:41:40 - [Cluster 1 - CLIENT] - INFO - Sent reply
2025-03-27 15:41:40 - [Cluster 1 - CLIENT] - INFO - [Store 726] Evaluation - Loss: 53588668.0000, MAE: 6331.1245
2025-03-27 15:41:40 - [Cluster 1 - CLIENT] - INFO - Sent reply
2025-03-27 15:41:40 - [Cluster 1 - CLIENT] - INFO - [Store 1033] Evaluation - Loss: 66105664.0000, MAE: 6873.6079
2025-03-27 15:41:40 - [Cluster 1 - CLIENT] - INFO - Sent reply
2025-03-27 15:41:40 - [Cluster 1 - CLIENT] - INFO - [Store 459] Evaluation - Loss: 31170926.0000, MAE: 4567.6636
2025-03-27 15:41:40 - [Cluster 1 - CLIENT] - INFO - Sent reply
2025-03-27 15:41:40 - [Cluster 1 - CLIENT] - INFO - [Store 380] Evaluation - Loss: 68027032.0000, MAE: 7257.4326
2025-03-27 15:41:40 - [Cluster 1 - CLIENT] - INFO - Sent reply
2025-03-27 15:41:40 - [Cluster 1 - CLIENT] - INFO - 
2025-03-27 15:41:40 - [Cluster 1 - CLIENT] - INFO - Received: train message f4314022-f796-407b-8fcd-b80b2601a4b2
2025-03-27 15:41:40 - [Cluster 1 - CLIENT] - INFO - 
2025-03-27 15:41:40 - [Cluster 1 - CLIENT] - INFO - Received: train message 3b6ee748-59e2-4add-b3b5-5d800b6ccfe2
2025-03-27 15:41:40 - [Cluster 1 - CLIENT] - INFO - 
2025-03-27 15:41:40 - [Cluster 1 - CLIENT] - INFO - 
2025-03-27 15:41:40 - [Cluster 1 - CLIENT] - INFO - Received: train message d770177f-bae8-4da2-9ffe-d39934973925
2025-03-27 15:41:40 - [Cluster 1 - CLIENT] - INFO - Received: train message b9e13fd9-a73b-48bb-ab92-1c9db2595c4e
2025-03-27 15:41:40 - [Cluster 1 - CLIENT] - INFO - 
2025-03-27 15:41:40 - [Cluster 1 - CLIENT] - INFO - Received: train message d9a84169-7270-4483-82f7-8308dfb54d5c
2025-03-27 15:41:40 - [Cluster 1 - CLIENT] - INFO - 
2025-03-27 15:41:40 - [Cluster 1 - CLIENT] - INFO - Received: train message 701265b9-588d-4d5c-8001-caa58076ff57
2025-03-27 15:41:40 - [Cluster 1 - CLIENT] - INFO - [Store 562] Starting local training.
2025-03-27 15:41:40 - [Cluster 1 - CLIENT] - INFO - 
2025-03-27 15:41:40 - [Cluster 1 - CLIENT] - INFO - Received: train message d88f34ce-9c8d-400b-b916-f06e3803a94b
2025-03-27 15:41:40 - [Cluster 1 - CLIENT] - INFO - 
2025-03-27 15:41:40 - [Cluster 1 - CLIENT] - INFO - Received: train message 3edfac4d-aedd-4e51-b6a9-13327fa2ad08
2025-03-27 15:41:40 - [Cluster 1 - CLIENT] - INFO - [Store 733] Starting local training.
2025-03-27 15:41:40 - [Cluster 1 - CLIENT] - INFO - 
2025-03-27 15:41:40 - [Cluster 1 - CLIENT] - INFO - Received: train message 21af8bf4-43cd-43ba-91c3-d0ee7b3f6f72
2025-03-27 15:41:40 - [Cluster 1 - CLIENT] - INFO - 
2025-03-27 15:41:40 - [Cluster 1 - CLIENT] - INFO - Received: train message b36e5e42-c9f0-48e6-8d2b-38695b1bdf6f
2025-03-27 15:41:40 - [Cluster 1 - CLIENT] - INFO - [Store 431] Starting local training.
2025-03-27 15:41:40 - [Cluster 1 - CLIENT] - INFO - 
2025-03-27 15:41:40 - [Cluster 1 - CLIENT] - INFO - Received: train message 1ea176ee-259c-40ce-aa1f-e1b39681201d
2025-03-27 15:41:40 - [Cluster 1 - CLIENT] - INFO - [Store 267] Starting local training.
2025-03-27 15:41:40 - [Cluster 1 - CLIENT] - INFO - 
2025-03-27 15:41:40 - [Cluster 1 - CLIENT] - INFO - Received: train message 3972885d-b4bf-4995-bfdb-b69c778b6543
2025-03-27 15:41:40 - [Cluster 1 - CLIENT] - INFO - [Store 269] Starting local training.
2025-03-27 15:41:40 - [Cluster 1 - CLIENT] - INFO - [Store 729] Starting local training.
2025-03-27 15:41:40 - [Cluster 1 - CLIENT] - INFO - [Store 154] Starting local training.
2025-03-27 15:41:40 - [Cluster 1 - CLIENT] - INFO - 
2025-03-27 15:41:40 - [Cluster 1 - CLIENT] - INFO - Received: train message ca205bcc-f2ce-469a-be84-7bbea211f852
2025-03-27 15:41:40 - [Cluster 1 - CLIENT] - INFO - 
2025-03-27 15:41:40 - [Cluster 1 - CLIENT] - INFO - Received: train message 85298a7a-1c5e-42d9-a2ce-8373aad62104
2025-03-27 15:41:40 - [Cluster 1 - CLIENT] - INFO - 
2025-03-27 15:41:40 - [Cluster 1 - CLIENT] - INFO - Received: train message 73b0a26f-9abd-4854-b943-30a106928727
2025-03-27 15:41:40 - [Cluster 1 - CLIENT] - INFO - [Store 726] Starting local training.
2025-03-27 15:41:40 - [Cluster 1 - CLIENT] - INFO - [Store 704] Starting local training.
2025-03-27 15:41:40 - [Cluster 1 - CLIENT] - INFO - [Store 445] Starting local training.
2025-03-27 15:41:40 - [Cluster 1 - CLIENT] - INFO - [Store 545] Starting local training.
2025-03-27 15:41:40 - [Cluster 1 - CLIENT] - INFO - [Store 396] Starting local training.
2025-03-27 15:41:40 - [Cluster 1 - CLIENT] - INFO - [Store 384] Starting local training.
2025-03-27 15:41:40 - [Cluster 1 - CLIENT] - INFO - [Store 963] Starting local training.
2025-03-27 15:41:40 - [Cluster 1 - CLIENT] - INFO - [Store 687] Starting local training.
2025-03-27 15:44:51 - [Cluster 1 - CLIENT] - INFO - [Store 269] Local training complete.
2025-03-27 15:44:51 - [Cluster 1 - CLIENT] - INFO - Sent reply
2025-03-27 15:44:51 - [Cluster 1 - CLIENT] - INFO - 
2025-03-27 15:44:51 - [Cluster 1 - CLIENT] - INFO - Received: train message e5255ef7-e54a-4279-80fc-511529becea3
2025-03-27 15:44:51 - [Cluster 1 - CLIENT] - INFO - [Store 1040] Starting local training.
2025-03-27 15:44:52 - [Cluster 1 - CLIENT] - INFO - [Store 687] Local training complete.
2025-03-27 15:44:52 - [Cluster 1 - CLIENT] - INFO - Sent reply
2025-03-27 15:44:52 - [Cluster 1 - CLIENT] - INFO - 
2025-03-27 15:44:52 - [Cluster 1 - CLIENT] - INFO - Received: train message fd21b0c9-c68b-4ea5-9efd-23c19d9e1ed2
2025-03-27 15:44:52 - [Cluster 1 - CLIENT] - INFO - [Store 84] Starting local training.
2025-03-27 15:44:54 - [Cluster 1 - CLIENT] - INFO - [Store 963] Local training complete.
2025-03-27 15:44:54 - [Cluster 1 - CLIENT] - INFO - Sent reply
2025-03-27 15:44:54 - [Cluster 1 - CLIENT] - INFO - 
2025-03-27 15:44:54 - [Cluster 1 - CLIENT] - INFO - Received: train message b0e7d34a-486c-4503-bfb5-b45f660ef1be
2025-03-27 15:44:54 - [Cluster 1 - CLIENT] - INFO - [Store 445] Local training complete.
2025-03-27 15:44:54 - [Cluster 1 - CLIENT] - INFO - [Store 846] Starting local training.
2025-03-27 15:44:54 - [Cluster 1 - CLIENT] - INFO - [Store 733] Local training complete.
2025-03-27 15:44:54 - [Cluster 1 - CLIENT] - INFO - [Store 154] Local training complete.
2025-03-27 15:44:54 - [Cluster 1 - CLIENT] - INFO - Sent reply
2025-03-27 15:44:54 - [Cluster 1 - CLIENT] - INFO - 
2025-03-27 15:44:54 - [Cluster 1 - CLIENT] - INFO - Received: train message f1898855-c6ff-40d4-a711-7227b9e299f3
2025-03-27 15:44:54 - [Cluster 1 - CLIENT] - INFO - [Store 809] Starting local training.
2025-03-27 15:44:54 - [Cluster 1 - CLIENT] - INFO - Sent reply
2025-03-27 15:44:54 - [Cluster 1 - CLIENT] - INFO - Sent reply
2025-03-27 15:44:54 - [Cluster 1 - CLIENT] - INFO - 
2025-03-27 15:44:54 - [Cluster 1 - CLIENT] - INFO - Received: train message 130e1ebe-dbfd-4276-b41c-be1b7036c2ed
2025-03-27 15:44:54 - [Cluster 1 - CLIENT] - INFO - 
2025-03-27 15:44:54 - [Cluster 1 - CLIENT] - INFO - Received: train message ebfc5f32-308c-4d54-93ca-7492924436b4
2025-03-27 15:44:54 - [Cluster 1 - CLIENT] - INFO - [Store 233] Starting local training.
2025-03-27 15:44:54 - [Cluster 1 - CLIENT] - INFO - [Store 147] Starting local training.
2025-03-27 15:44:55 - [Cluster 1 - CLIENT] - INFO - [Store 396] Local training complete.
2025-03-27 15:44:55 - [Cluster 1 - CLIENT] - INFO - Sent reply
2025-03-27 15:44:55 - [Cluster 1 - CLIENT] - INFO - 
2025-03-27 15:44:55 - [Cluster 1 - CLIENT] - INFO - Received: train message ba020818-f3b0-4554-84e1-61fce6ffd79e
2025-03-27 15:44:55 - [Cluster 1 - CLIENT] - INFO - [Store 384] Local training complete.
2025-03-27 15:44:55 - [Cluster 1 - CLIENT] - INFO - [Store 459] Starting local training.
2025-03-27 15:44:55 - [Cluster 1 - CLIENT] - INFO - Sent reply
2025-03-27 15:44:55 - [Cluster 1 - CLIENT] - INFO - 
2025-03-27 15:44:55 - [Cluster 1 - CLIENT] - INFO - Received: train message 5999bce3-d12d-48f7-b44d-48279774d1a5
2025-03-27 15:44:55 - [Cluster 1 - CLIENT] - INFO - [Store 1033] Starting local training.
2025-03-27 15:44:55 - [Cluster 1 - CLIENT] - INFO - [Store 704] Local training complete.
2025-03-27 15:44:55 - [Cluster 1 - CLIENT] - INFO - Sent reply
2025-03-27 15:44:55 - [Cluster 1 - CLIENT] - INFO - [Store 562] Local training complete.
2025-03-27 15:44:55 - [Cluster 1 - CLIENT] - INFO - 
2025-03-27 15:44:55 - [Cluster 1 - CLIENT] - INFO - Received: train message e6a15363-d58f-44fa-ba3a-b70bd13bd015
2025-03-27 15:44:55 - [Cluster 1 - CLIENT] - INFO - [Store 362] Starting local training.
2025-03-27 15:44:56 - [Cluster 1 - CLIENT] - INFO - [Store 726] Local training complete.
2025-03-27 15:44:56 - [Cluster 1 - CLIENT] - INFO - Sent reply
2025-03-27 15:44:56 - [Cluster 1 - CLIENT] - INFO - 
2025-03-27 15:44:56 - [Cluster 1 - CLIENT] - INFO - Received: train message af71bb3c-4e88-4250-9f0b-2918d710732f
2025-03-27 15:44:56 - [Cluster 1 - CLIENT] - INFO - [Store 233] Starting local training.
2025-03-27 15:44:56 - [Cluster 1 - CLIENT] - INFO - [Store 729] Local training complete.
2025-03-27 15:44:56 - [Cluster 1 - CLIENT] - INFO - Sent reply
2025-03-27 15:44:56 - [Cluster 1 - CLIENT] - INFO - 
2025-03-27 15:44:56 - [Cluster 1 - CLIENT] - INFO - Received: train message d7fd2b18-d3c3-4459-9ccb-746146956b79
2025-03-27 15:44:56 - [Cluster 1 - CLIENT] - INFO - [Store 965] Starting local training.
2025-03-27 15:44:56 - [Cluster 1 - CLIENT] - INFO - Sent reply
2025-03-27 15:44:56 - [Cluster 1 - CLIENT] - INFO - 
2025-03-27 15:44:56 - [Cluster 1 - CLIENT] - INFO - Received: train message 73a88380-4856-4b58-adad-284b263338a6
2025-03-27 15:44:56 - [Cluster 1 - CLIENT] - INFO - [Store 524] Starting local training.
2025-03-27 15:44:58 - [Cluster 1 - CLIENT] - INFO - [Store 431] Local training complete.
2025-03-27 15:44:58 - [Cluster 1 - CLIENT] - INFO - Sent reply
2025-03-27 15:44:58 - [Cluster 1 - CLIENT] - INFO - 
2025-03-27 15:44:58 - [Cluster 1 - CLIENT] - INFO - Received: train message a34fd04b-8468-4de0-b66f-abcbd131a726
2025-03-27 15:44:58 - [Cluster 1 - CLIENT] - INFO - [Store 1114] Starting local training.
2025-03-27 15:44:59 - [Cluster 1 - CLIENT] - INFO - [Store 267] Local training complete.
2025-03-27 15:44:59 - [Cluster 1 - CLIENT] - INFO - Sent reply
2025-03-27 15:44:59 - [Cluster 1 - CLIENT] - INFO - 
2025-03-27 15:44:59 - [Cluster 1 - CLIENT] - INFO - Received: train message 15411f3e-df09-47c6-836b-0fc34573f63f
2025-03-27 15:44:59 - [Cluster 1 - CLIENT] - INFO - [Store 376] Starting local training.
2025-03-27 15:44:59 - [Cluster 1 - CLIENT] - INFO - [Store 545] Local training complete.
2025-03-27 15:44:59 - [Cluster 1 - CLIENT] - INFO - Sent reply
2025-03-27 15:44:59 - [Cluster 1 - CLIENT] - INFO - 
2025-03-27 15:44:59 - [Cluster 1 - CLIENT] - INFO - Received: train message a0550aa8-e0de-47c9-acea-1e8c7049ec08
2025-03-27 15:44:59 - [Cluster 1 - CLIENT] - INFO - [Store 380] Starting local training.
2025-03-27 15:48:05 - [Cluster 1 - CLIENT] - INFO - [Store 524] Local training complete.
2025-03-27 15:48:05 - [Cluster 1 - CLIENT] - INFO - Sent reply
2025-03-27 15:48:07 - [Cluster 1 - CLIENT] - INFO - [Store 362] Local training complete.
2025-03-27 15:48:07 - [Cluster 1 - CLIENT] - INFO - [Store 1040] Local training complete.
2025-03-27 15:48:07 - [Cluster 1 - CLIENT] - INFO - Sent reply
2025-03-27 15:48:07 - [Cluster 1 - CLIENT] - INFO - Sent reply
2025-03-27 15:48:08 - [Cluster 1 - CLIENT] - INFO - [Store 233] Local training complete.
2025-03-27 15:48:08 - [Cluster 1 - CLIENT] - INFO - Sent reply
2025-03-27 15:48:08 - [Cluster 1 - CLIENT] - INFO - [Store 84] Local training complete.
2025-03-27 15:48:08 - [Cluster 1 - CLIENT] - INFO - Sent reply
2025-03-27 15:48:09 - [Cluster 1 - CLIENT] - INFO - [Store 965] Local training complete.
2025-03-27 15:48:09 - [Cluster 1 - CLIENT] - INFO - Sent reply
2025-03-27 15:48:09 - [Cluster 1 - CLIENT] - INFO - [Store 846] Local training complete.
2025-03-27 15:48:09 - [Cluster 1 - CLIENT] - INFO - Sent reply
2025-03-27 15:48:10 - [Cluster 1 - CLIENT] - INFO - [Store 1114] Local training complete.
2025-03-27 15:48:10 - [Cluster 1 - CLIENT] - INFO - Sent reply
2025-03-27 15:48:11 - [Cluster 1 - CLIENT] - INFO - [Store 809] Local training complete.
2025-03-27 15:48:11 - [Cluster 1 - CLIENT] - INFO - Sent reply
2025-03-27 15:48:11 - [Cluster 1 - CLIENT] - INFO - [Store 376] Local training complete.
2025-03-27 15:48:11 - [Cluster 1 - CLIENT] - INFO - Sent reply
2025-03-27 15:48:11 - [Cluster 1 - CLIENT] - INFO - [Store 459] Local training complete.
2025-03-27 15:48:11 - [Cluster 1 - CLIENT] - INFO - Sent reply
2025-03-27 15:48:11 - [Cluster 1 - CLIENT] - INFO - [Store 1033] Local training complete.
2025-03-27 15:48:11 - [Cluster 1 - CLIENT] - INFO - Sent reply
2025-03-27 15:48:11 - [Cluster 1 - CLIENT] - INFO - [Store 233] Local training complete.
2025-03-27 15:48:11 - [Cluster 1 - CLIENT] - INFO - Sent reply
2025-03-27 15:48:11 - [Cluster 1 - CLIENT] - INFO - [Store 147] Local training complete.
2025-03-27 15:48:11 - [Cluster 1 - CLIENT] - INFO - Sent reply
2025-03-27 15:48:11 - [Cluster 1 - CLIENT] - INFO - [Store 380] Local training complete.
2025-03-27 15:48:11 - [Cluster 1 - CLIENT] - INFO - Sent reply
2025-03-27 15:48:11 - [Cluster 1 - CLIENT] - INFO - 
2025-03-27 15:48:11 - [Cluster 1 - CLIENT] - INFO - Received: evaluate message 62eefca0-5562-4b32-b01a-f0f0d2b6ae56
2025-03-27 15:48:11 - [Cluster 1 - CLIENT] - INFO - 
2025-03-27 15:48:11 - [Cluster 1 - CLIENT] - INFO - Received: evaluate message fa32fd71-95a7-4e3b-9125-96b48cf4a087
2025-03-27 15:48:11 - [Cluster 1 - CLIENT] - INFO - 
2025-03-27 15:48:11 - [Cluster 1 - CLIENT] - INFO - Received: evaluate message aceddaec-9d17-45c1-9f06-d0d7241fb4a4
2025-03-27 15:48:11 - [Cluster 1 - CLIENT] - INFO - 
2025-03-27 15:48:11 - [Cluster 1 - CLIENT] - INFO - Received: evaluate message a9d6b399-6435-42fd-b059-2b1b659f3233
2025-03-27 15:48:11 - [Cluster 1 - CLIENT] - INFO - 
2025-03-27 15:48:11 - [Cluster 1 - CLIENT] - INFO - Received: evaluate message fa630acb-b02d-48ac-82b6-a336b9a81892
2025-03-27 15:48:11 - [Cluster 1 - CLIENT] - INFO - 
2025-03-27 15:48:11 - [Cluster 1 - CLIENT] - INFO - Received: evaluate message b79b4afd-dd0e-4b2f-a6d0-af77448a00a0
2025-03-27 15:48:11 - [Cluster 1 - CLIENT] - INFO - 
2025-03-27 15:48:11 - [Cluster 1 - CLIENT] - INFO - Received: evaluate message 798807eb-9533-4443-9c54-1c56e30566a9
2025-03-27 15:48:11 - [Cluster 1 - CLIENT] - INFO - 
2025-03-27 15:48:11 - [Cluster 1 - CLIENT] - INFO - Received: evaluate message 82644500-db52-452f-afd7-dae852d178f5
2025-03-27 15:48:11 - [Cluster 1 - CLIENT] - INFO - 
2025-03-27 15:48:11 - [Cluster 1 - CLIENT] - INFO - Received: evaluate message 0074d4b2-6677-494e-83b5-961e68cf9460
2025-03-27 15:48:11 - [Cluster 1 - CLIENT] - INFO - 
2025-03-27 15:48:11 - [Cluster 1 - CLIENT] - INFO - Received: evaluate message dd624c1e-5fb3-4694-8121-75136f9f6117
2025-03-27 15:48:11 - [Cluster 1 - CLIENT] - INFO - 
2025-03-27 15:48:11 - [Cluster 1 - CLIENT] - INFO - Received: evaluate message a753cf4e-b1c7-4610-a66e-94b31ada6d0a
2025-03-27 15:48:11 - [Cluster 1 - CLIENT] - INFO - 
2025-03-27 15:48:11 - [Cluster 1 - CLIENT] - INFO - Received: evaluate message cd3eeb8d-0815-4120-b19d-435d481a5daa
2025-03-27 15:48:11 - [Cluster 1 - CLIENT] - INFO - 
2025-03-27 15:48:11 - [Cluster 1 - CLIENT] - INFO - Received: evaluate message 6e488017-847e-4cf4-a4c7-83d7d0f3bffc
2025-03-27 15:48:11 - [Cluster 1 - CLIENT] - INFO - 
2025-03-27 15:48:11 - [Cluster 1 - CLIENT] - INFO - Received: evaluate message 654a5476-ba83-450f-97d0-652961805bc5
2025-03-27 15:48:11 - [Cluster 1 - CLIENT] - INFO - 
2025-03-27 15:48:11 - [Cluster 1 - CLIENT] - INFO - Received: evaluate message 308bef1c-2813-4044-b1e5-0ae88b31c335
2025-03-27 15:48:12 - [Cluster 1 - CLIENT] - INFO - [Store 562] Evaluation - Loss: 56784296.0000, MAE: 6426.3110
2025-03-27 15:48:12 - [Cluster 1 - CLIENT] - INFO - Sent reply
2025-03-27 15:48:12 - [Cluster 1 - CLIENT] - INFO - [Store 1033] Evaluation - Loss: 54535088.0000, MAE: 6182.6953
2025-03-27 15:48:12 - [Cluster 1 - CLIENT] - INFO - Sent reply
2025-03-27 15:48:12 - [Cluster 1 - CLIENT] - INFO - 
2025-03-27 15:48:12 - [Cluster 1 - CLIENT] - INFO - Received: evaluate message 83f39612-6d0d-44ed-8042-98a2e193226f
2025-03-27 15:48:12 - [Cluster 1 - CLIENT] - INFO - 
2025-03-27 15:48:12 - [Cluster 1 - CLIENT] - INFO - Received: evaluate message f85d0f3d-cd69-4729-9498-16e6e95997e3
2025-03-27 15:48:12 - [Cluster 1 - CLIENT] - INFO - [Store 233] Evaluation - Loss: 26274654.0000, MAE: 4512.7896
2025-03-27 15:48:12 - [Cluster 1 - CLIENT] - INFO - Sent reply
2025-03-27 15:48:12 - [Cluster 1 - CLIENT] - INFO - 
2025-03-27 15:48:12 - [Cluster 1 - CLIENT] - INFO - Received: evaluate message e05ea908-d5b9-47c6-b6d5-43c9be282b21
2025-03-27 15:48:12 - [Cluster 1 - CLIENT] - INFO - [Store 376] Evaluation - Loss: 21370420.0000, MAE: 3883.0869
2025-03-27 15:48:12 - [Cluster 1 - CLIENT] - INFO - Sent reply
2025-03-27 15:48:12 - [Cluster 1 - CLIENT] - INFO - 
2025-03-27 15:48:12 - [Cluster 1 - CLIENT] - INFO - Received: evaluate message bb3283e0-d9c0-4e85-8519-95757cde3d71
2025-03-27 15:48:12 - [Cluster 1 - CLIENT] - INFO - [Store 431] Evaluation - Loss: 26172134.0000, MAE: 4480.4419
2025-03-27 15:48:12 - [Cluster 1 - CLIENT] - INFO - Sent reply
2025-03-27 15:48:12 - [Cluster 1 - CLIENT] - INFO - 
2025-03-27 15:48:12 - [Cluster 1 - CLIENT] - INFO - Received: evaluate message 2a64b791-554c-45d9-bf5c-0d1e42e70859
2025-03-27 15:48:12 - [Cluster 1 - CLIENT] - INFO - [Store 1040] Evaluation - Loss: 23079282.0000, MAE: 3972.9568
2025-03-27 15:48:12 - [Cluster 1 - CLIENT] - INFO - [Store 269] Evaluation - Loss: 26316762.0000, MAE: 4088.2053
2025-03-27 15:48:12 - [Cluster 1 - CLIENT] - INFO - Sent reply
2025-03-27 15:48:12 - [Cluster 1 - CLIENT] - INFO - Sent reply
2025-03-27 15:48:12 - [Cluster 1 - CLIENT] - INFO - 
2025-03-27 15:48:12 - [Cluster 1 - CLIENT] - INFO - Received: evaluate message 71660969-8a8b-4079-a6dd-d9ea1c5de623
2025-03-27 15:48:12 - [Cluster 1 - CLIENT] - INFO - [Store 965] Evaluation - Loss: 19728472.0000, MAE: 3787.4529
2025-03-27 15:48:12 - [Cluster 1 - CLIENT] - INFO - [Store 809] Evaluation - Loss: 29309278.0000, MAE: 4279.3687
2025-03-27 15:48:12 - [Cluster 1 - CLIENT] - INFO - Sent reply
2025-03-27 15:48:12 - [Cluster 1 - CLIENT] - INFO - Sent reply
2025-03-27 15:48:12 - [Cluster 1 - CLIENT] - INFO - 
2025-03-27 15:48:12 - [Cluster 1 - CLIENT] - INFO - Received: evaluate message 9cdf7216-9ae9-48f3-857d-78b77cd267f4
2025-03-27 15:48:12 - [Cluster 1 - CLIENT] - INFO - 
2025-03-27 15:48:12 - [Cluster 1 - CLIENT] - INFO - Received: evaluate message 80e3f92b-d2a6-4d41-8192-f7f35bcb014b
2025-03-27 15:48:12 - [Cluster 1 - CLIENT] - INFO - [Store 267] Evaluation - Loss: 25276230.0000, MAE: 4220.0981
2025-03-27 15:48:12 - [Cluster 1 - CLIENT] - INFO - [Store 733] Evaluation - Loss: 41244512.0000, MAE: 5656.2529
2025-03-27 15:48:12 - [Cluster 1 - CLIENT] - INFO - Sent reply
2025-03-27 15:48:12 - [Cluster 1 - CLIENT] - INFO - Sent reply
2025-03-27 15:48:12 - [Cluster 1 - CLIENT] - INFO - 
2025-03-27 15:48:13 - [Cluster 1 - CLIENT] - INFO - Received: evaluate message af29bdc6-e9a7-4e35-83b6-58ac38ce620a
2025-03-27 15:48:13 - [Cluster 1 - CLIENT] - INFO - 
2025-03-27 15:48:13 - [Cluster 1 - CLIENT] - INFO - [Store 687] Evaluation - Loss: 23593404.0000, MAE: 4296.1621
2025-03-27 15:48:13 - [Cluster 1 - CLIENT] - INFO - Received: evaluate message 0ca6d492-6480-45ae-a779-dc74600f9302
2025-03-27 15:48:13 - [Cluster 1 - CLIENT] - INFO - Sent reply
2025-03-27 15:48:13 - [Cluster 1 - CLIENT] - INFO - 
2025-03-27 15:48:13 - [Cluster 1 - CLIENT] - INFO - Received: evaluate message d80b2b36-9349-4713-811d-042515cba029
2025-03-27 15:48:13 - [Cluster 1 - CLIENT] - INFO - 
2025-03-27 15:48:13 - [Cluster 1 - CLIENT] - INFO - Received: evaluate message 7273254a-bba4-494f-ad69-83cf646f32bb
2025-03-27 15:48:13 - [Cluster 1 - CLIENT] - INFO - [Store 729] Evaluation - Loss: 27545246.0000, MAE: 4275.7217
2025-03-27 15:48:13 - [Cluster 1 - CLIENT] - INFO - Sent reply
2025-03-27 15:48:13 - [Cluster 1 - CLIENT] - INFO - [Store 846] Evaluation - Loss: 19243864.0000, MAE: 3466.5642
2025-03-27 15:48:13 - [Cluster 1 - CLIENT] - INFO - Sent reply
2025-03-27 15:48:13 - [Cluster 1 - CLIENT] - INFO - 
2025-03-27 15:48:13 - [Cluster 1 - CLIENT] - INFO - Received: evaluate message fee2a17d-46d0-4654-9058-ff7ffc195218
2025-03-27 15:48:13 - [Cluster 1 - CLIENT] - INFO - 
2025-03-27 15:48:13 - [Cluster 1 - CLIENT] - INFO - Received: evaluate message ca90aaa1-5f4e-487d-a3bf-5600d72d5ed2
2025-03-27 15:48:13 - [Cluster 1 - CLIENT] - INFO - [Store 963] Evaluation - Loss: 77009784.0000, MAE: 7103.8394
2025-03-27 15:48:13 - [Cluster 1 - CLIENT] - INFO - Sent reply
2025-03-27 15:48:13 - [Cluster 1 - CLIENT] - INFO - 
2025-03-27 15:48:13 - [Cluster 1 - CLIENT] - INFO - Received: evaluate message ca174d17-0c7b-4e7b-82ef-aa8c508a757f
2025-03-27 15:48:13 - [Cluster 1 - CLIENT] - INFO - [Store 233] Evaluation - Loss: 26274654.0000, MAE: 4512.7896
2025-03-27 15:48:13 - [Cluster 1 - CLIENT] - INFO - Sent reply
2025-03-27 15:48:13 - [Cluster 1 - CLIENT] - INFO - [Store 459] Evaluation - Loss: 26761326.0000, MAE: 4278.8325
2025-03-27 15:48:13 - [Cluster 1 - CLIENT] - INFO - Sent reply
2025-03-27 15:48:13 - [Cluster 1 - CLIENT] - INFO - [Store 396] Evaluation - Loss: 65301040.0000, MAE: 6548.2505
2025-03-27 15:48:13 - [Cluster 1 - CLIENT] - INFO - Sent reply
2025-03-27 15:48:13 - [Cluster 1 - CLIENT] - INFO - [Store 84] Evaluation - Loss: 36372732.0000, MAE: 4908.5352
2025-03-27 15:48:13 - [Cluster 1 - CLIENT] - INFO - Sent reply
2025-03-27 15:48:13 - [Cluster 1 - CLIENT] - INFO - [Store 524] Evaluation - Loss: 21276562.0000, MAE: 3868.1587
2025-03-27 15:48:13 - [Cluster 1 - CLIENT] - INFO - Sent reply
2025-03-27 15:48:13 - [Cluster 1 - CLIENT] - INFO - [Store 154] Evaluation - Loss: 34102792.0000, MAE: 4535.6489
2025-03-27 15:48:13 - [Cluster 1 - CLIENT] - INFO - Sent reply
2025-03-27 15:48:14 - [Cluster 1 - CLIENT] - INFO - [Store 704] Evaluation - Loss: 35897476.0000, MAE: 5262.6519
2025-03-27 15:48:14 - [Cluster 1 - CLIENT] - INFO - Sent reply
2025-03-27 15:48:14 - [Cluster 1 - CLIENT] - INFO - [Store 384] Evaluation - Loss: 29111512.0000, MAE: 4513.0376
2025-03-27 15:48:14 - [Cluster 1 - CLIENT] - INFO - Sent reply
2025-03-27 15:48:14 - [Cluster 1 - CLIENT] - INFO - [Store 1114] Evaluation - Loss: 143657072.0000, MAE: 10913.9014
2025-03-27 15:48:14 - [Cluster 1 - CLIENT] - INFO - Sent reply
2025-03-27 15:48:14 - [Cluster 1 - CLIENT] - INFO - [Store 147] Evaluation - Loss: 13772849.0000, MAE: 2831.1357
2025-03-27 15:48:14 - [Cluster 1 - CLIENT] - INFO - Sent reply
2025-03-27 15:48:14 - [Cluster 1 - CLIENT] - INFO - [Store 380] Evaluation - Loss: 59092072.0000, MAE: 6783.7456
2025-03-27 15:48:14 - [Cluster 1 - CLIENT] - INFO - Sent reply
2025-03-27 15:48:14 - [Cluster 1 - CLIENT] - INFO - [Store 445] Evaluation - Loss: 24010282.0000, MAE: 4473.4863
2025-03-27 15:48:14 - [Cluster 1 - CLIENT] - INFO - Sent reply
2025-03-27 15:48:14 - [Cluster 1 - CLIENT] - INFO - [Store 362] Evaluation - Loss: 28573140.0000, MAE: 4675.5771
2025-03-27 15:48:14 - [Cluster 1 - CLIENT] - INFO - Sent reply
2025-03-27 15:48:14 - [Cluster 1 - CLIENT] - INFO - [Store 545] Evaluation - Loss: 36126928.0000, MAE: 4911.5654
2025-03-27 15:48:14 - [Cluster 1 - CLIENT] - INFO - Sent reply
2025-03-27 15:48:14 - [Cluster 1 - CLIENT] - INFO - [Store 726] Evaluation - Loss: 41138448.0000, MAE: 5207.0356
2025-03-27 15:48:14 - [Cluster 1 - CLIENT] - INFO - Sent reply
2025-03-27 15:48:14 - [Cluster 1 - CLIENT] - INFO - 
2025-03-27 15:48:14 - [Cluster 1 - CLIENT] - INFO - Received: train message 041165ab-7c4b-4772-8a0b-661c1d715325
2025-03-27 15:48:14 - [Cluster 1 - CLIENT] - INFO - 
2025-03-27 15:48:14 - [Cluster 1 - CLIENT] - INFO - Received: train message 402d1984-b187-4d76-b645-da94bcc12ddb
2025-03-27 15:48:14 - [Cluster 1 - CLIENT] - INFO - 
2025-03-27 15:48:14 - [Cluster 1 - CLIENT] - INFO - Received: train message 11ad7507-9c7e-46ff-8e40-4b7190e19238
2025-03-27 15:48:14 - [Cluster 1 - CLIENT] - INFO - 
2025-03-27 15:48:14 - [Cluster 1 - CLIENT] - INFO - Received: train message 4e3f2999-6007-4f35-9650-38a171198fb3
2025-03-27 15:48:14 - [Cluster 1 - CLIENT] - INFO - 
2025-03-27 15:48:14 - [Cluster 1 - CLIENT] - INFO - Received: train message 816c3855-89e2-4f9e-9486-8b9b8d97636c
2025-03-27 15:48:14 - [Cluster 1 - CLIENT] - INFO - 
2025-03-27 15:48:14 - [Cluster 1 - CLIENT] - INFO - Received: train message d7445f37-6722-4c1f-a4c3-3263dae17a9b
2025-03-27 15:48:14 - [Cluster 1 - CLIENT] - INFO - [Store 233] Starting local training.
2025-03-27 15:48:14 - [Cluster 1 - CLIENT] - INFO - 
2025-03-27 15:48:14 - [Cluster 1 - CLIENT] - INFO - Received: train message db4c3df1-45b1-46df-901f-1a8d5ffd0122
2025-03-27 15:48:14 - [Cluster 1 - CLIENT] - INFO - 
2025-03-27 15:48:14 - [Cluster 1 - CLIENT] - INFO - Received: train message 709c45d9-eca5-4e4e-a0e7-4d6399f46d1d
2025-03-27 15:48:14 - [Cluster 1 - CLIENT] - INFO - 
2025-03-27 15:48:14 - [Cluster 1 - CLIENT] - INFO - Received: train message 77957b46-8d3b-4ec4-ad7d-531bb066a606
2025-03-27 15:48:14 - [Cluster 1 - CLIENT] - INFO - 
2025-03-27 15:48:14 - [Cluster 1 - CLIENT] - INFO - Received: train message 8cdb24a2-ace0-4f36-9ea7-02c60d9783c1
2025-03-27 15:48:14 - [Cluster 1 - CLIENT] - INFO - [Store 362] Starting local training.
2025-03-27 15:48:14 - [Cluster 1 - CLIENT] - INFO - 
2025-03-27 15:48:14 - [Cluster 1 - CLIENT] - INFO - Received: train message aba03992-902c-45b4-99ac-05f9e741ab7e
2025-03-27 15:48:14 - [Cluster 1 - CLIENT] - INFO - 
2025-03-27 15:48:14 - [Cluster 1 - CLIENT] - INFO - Received: train message 127e7aaa-a279-49b0-896d-eeebf0ee9c84
2025-03-27 15:48:14 - [Cluster 1 - CLIENT] - INFO - [Store 396] Starting local training.
2025-03-27 15:48:14 - [Cluster 1 - CLIENT] - INFO - 
2025-03-27 15:48:14 - [Cluster 1 - CLIENT] - INFO - Received: train message e6ae114f-9023-40e0-90bd-65cdb42106e7
2025-03-27 15:48:14 - [Cluster 1 - CLIENT] - INFO - [Store 846] Starting local training.
2025-03-27 15:48:14 - [Cluster 1 - CLIENT] - INFO - 
2025-03-27 15:48:14 - [Cluster 1 - CLIENT] - INFO - Received: train message 426990a6-4b1d-4421-9a3d-a686a41acd30
2025-03-27 15:48:14 - [Cluster 1 - CLIENT] - INFO - [Store 963] Starting local training.
2025-03-27 15:48:14 - [Cluster 1 - CLIENT] - INFO - [Store 459] Starting local training.
2025-03-27 15:48:14 - [Cluster 1 - CLIENT] - INFO - [Store 726] Starting local training.
2025-03-27 15:48:14 - [Cluster 1 - CLIENT] - INFO - [Store 1040] Starting local training.
2025-03-27 15:48:14 - [Cluster 1 - CLIENT] - INFO - [Store 733] Starting local training.
2025-03-27 15:48:14 - [Cluster 1 - CLIENT] - INFO - [Store 729] Starting local training.
2025-03-27 15:48:14 - [Cluster 1 - CLIENT] - INFO - 
2025-03-27 15:48:14 - [Cluster 1 - CLIENT] - INFO - Received: train message 9c256fa3-a333-42d3-bbc5-972b97e06a89
2025-03-27 15:48:14 - [Cluster 1 - CLIENT] - INFO - [Store 687] Starting local training.
2025-03-27 15:48:14 - [Cluster 1 - CLIENT] - INFO - [Store 267] Starting local training.
2025-03-27 15:48:14 - [Cluster 1 - CLIENT] - INFO - [Store 965] Starting local training.
2025-03-27 15:48:14 - [Cluster 1 - CLIENT] - INFO - [Store 524] Starting local training.
2025-03-27 15:48:14 - [Cluster 1 - CLIENT] - INFO - [Store 1114] Starting local training.
2025-03-27 15:51:22 - [Cluster 1 - CLIENT] - INFO - [Store 687] Local training complete.
2025-03-27 15:51:22 - [Cluster 1 - CLIENT] - INFO - Sent reply
2025-03-27 15:51:22 - [Cluster 1 - CLIENT] - INFO - 
2025-03-27 15:51:22 - [Cluster 1 - CLIENT] - INFO - Received: train message 40c8341e-1be9-4799-bef5-b067794c8c14
2025-03-27 15:51:22 - [Cluster 1 - CLIENT] - INFO - [Store 147] Starting local training.
2025-03-27 15:51:23 - [Cluster 1 - CLIENT] - INFO - [Store 396] Local training complete.
2025-03-27 15:51:23 - [Cluster 1 - CLIENT] - INFO - Sent reply
2025-03-27 15:51:23 - [Cluster 1 - CLIENT] - INFO - 
2025-03-27 15:51:23 - [Cluster 1 - CLIENT] - INFO - Received: train message 334c1e95-2b6d-448a-8acb-3f9e1b694995
2025-03-27 15:51:23 - [Cluster 1 - CLIENT] - INFO - [Store 562] Starting local training.
2025-03-27 15:51:24 - [Cluster 1 - CLIENT] - INFO - [Store 267] Local training complete.
2025-03-27 15:51:24 - [Cluster 1 - CLIENT] - INFO - Sent reply
2025-03-27 15:51:24 - [Cluster 1 - CLIENT] - INFO - 
2025-03-27 15:51:24 - [Cluster 1 - CLIENT] - INFO - Received: train message 55019793-1ee5-4f54-a983-be820553d291
2025-03-27 15:51:24 - [Cluster 1 - CLIENT] - INFO - [Store 154] Starting local training.
2025-03-27 15:51:25 - [Cluster 1 - CLIENT] - INFO - [Store 524] Local training complete.
2025-03-27 15:51:25 - [Cluster 1 - CLIENT] - INFO - Sent reply
2025-03-27 15:51:25 - [Cluster 1 - CLIENT] - INFO - 
2025-03-27 15:51:25 - [Cluster 1 - CLIENT] - INFO - Received: train message fe53ac02-29be-4732-be7d-a9e1d0b7fdec
2025-03-27 15:51:25 - [Cluster 1 - CLIENT] - INFO - [Store 704] Starting local training.
2025-03-27 15:51:25 - [Cluster 1 - CLIENT] - INFO - [Store 846] Local training complete.
2025-03-27 15:51:25 - [Cluster 1 - CLIENT] - INFO - Sent reply
2025-03-27 15:51:25 - [Cluster 1 - CLIENT] - INFO - 
2025-03-27 15:51:25 - [Cluster 1 - CLIENT] - INFO - Received: train message acce8947-a602-4095-b293-2ef4e84e08cc
2025-03-27 15:51:25 - [Cluster 1 - CLIENT] - INFO - [Store 376] Starting local training.
2025-03-27 15:51:25 - [Cluster 1 - CLIENT] - INFO - [Store 963] Local training complete.
2025-03-27 15:51:25 - [Cluster 1 - CLIENT] - INFO - Sent reply
2025-03-27 15:51:25 - [Cluster 1 - CLIENT] - INFO - 
2025-03-27 15:51:25 - [Cluster 1 - CLIENT] - INFO - Received: train message 033141fc-5de2-477a-b8a2-477e2fbf72e6
2025-03-27 15:51:25 - [Cluster 1 - CLIENT] - INFO - [Store 1114] Local training complete.
2025-03-27 15:51:25 - [Cluster 1 - CLIENT] - INFO - [Store 84] Starting local training.
2025-03-27 15:51:25 - [Cluster 1 - CLIENT] - INFO - [Store 965] Local training complete.
2025-03-27 15:51:26 - [Cluster 1 - CLIENT] - INFO - [Store 233] Local training complete.
2025-03-27 15:51:26 - [Cluster 1 - CLIENT] - INFO - Sent reply
2025-03-27 15:51:26 - [Cluster 1 - CLIENT] - INFO - 
2025-03-27 15:51:26 - [Cluster 1 - CLIENT] - INFO - Received: train message 85000430-b6be-4f28-8548-1bfcf116008f
2025-03-27 15:51:26 - [Cluster 1 - CLIENT] - INFO - [Store 380] Starting local training.
2025-03-27 15:51:26 - [Cluster 1 - CLIENT] - INFO - Sent reply
2025-03-27 15:51:26 - [Cluster 1 - CLIENT] - INFO - 
2025-03-27 15:51:26 - [Cluster 1 - CLIENT] - INFO - Received: train message 67a06a31-5aae-4211-8be7-afe60679c1d8
2025-03-27 15:51:26 - [Cluster 1 - CLIENT] - INFO - Sent reply
2025-03-27 15:51:26 - [Cluster 1 - CLIENT] - INFO - 
2025-03-27 15:51:26 - [Cluster 1 - CLIENT] - INFO - Received: train message 4fa58563-76f7-4b4b-b9b2-2f88e51a5348
2025-03-27 15:51:26 - [Cluster 1 - CLIENT] - INFO - [Store 269] Starting local training.
2025-03-27 15:51:26 - [Cluster 1 - CLIENT] - INFO - [Store 459] Local training complete.
2025-03-27 15:51:26 - [Cluster 1 - CLIENT] - INFO - [Store 1040] Local training complete.
2025-03-27 15:51:26 - [Cluster 1 - CLIENT] - INFO - [Store 1033] Starting local training.
2025-03-27 15:51:26 - [Cluster 1 - CLIENT] - INFO - [Store 733] Local training complete.
2025-03-27 15:51:26 - [Cluster 1 - CLIENT] - INFO - Sent reply
2025-03-27 15:51:26 - [Cluster 1 - CLIENT] - INFO - 
2025-03-27 15:51:26 - [Cluster 1 - CLIENT] - INFO - Received: train message b261ab7c-48de-40a7-872a-24e4ba4876bc
2025-03-27 15:51:26 - [Cluster 1 - CLIENT] - INFO - [Store 384] Starting local training.
2025-03-27 15:51:26 - [Cluster 1 - CLIENT] - INFO - Sent reply
2025-03-27 15:51:26 - [Cluster 1 - CLIENT] - INFO - 
2025-03-27 15:51:26 - [Cluster 1 - CLIENT] - INFO - Received: train message 4c391dc3-dbfb-4bd0-8fe5-fd4bbdf18c38
2025-03-27 15:51:26 - [Cluster 1 - CLIENT] - INFO - Sent reply
2025-03-27 15:51:26 - [Cluster 1 - CLIENT] - INFO - 
2025-03-27 15:51:26 - [Cluster 1 - CLIENT] - INFO - Received: train message 980530da-7cc7-49e0-a5a3-b82cdbb9cf63
2025-03-27 15:51:26 - [Cluster 1 - CLIENT] - INFO - [Store 431] Starting local training.
2025-03-27 15:51:26 - [Cluster 1 - CLIENT] - INFO - [Store 809] Starting local training.
2025-03-27 15:51:28 - [Cluster 1 - CLIENT] - INFO - [Store 726] Local training complete.
2025-03-27 15:51:28 - [Cluster 1 - CLIENT] - INFO - Sent reply
2025-03-27 15:51:28 - [Cluster 1 - CLIENT] - INFO - 
2025-03-27 15:51:28 - [Cluster 1 - CLIENT] - INFO - Received: train message b43fb929-a467-4ae0-8d0b-c4f4d083aa31
2025-03-27 15:51:28 - [Cluster 1 - CLIENT] - INFO - [Store 545] Starting local training.
2025-03-27 15:51:29 - [Cluster 1 - CLIENT] - INFO - [Store 729] Local training complete.
2025-03-27 15:51:29 - [Cluster 1 - CLIENT] - INFO - Sent reply
2025-03-27 15:51:29 - [Cluster 1 - CLIENT] - INFO - 
2025-03-27 15:51:29 - [Cluster 1 - CLIENT] - INFO - Received: train message cd41fc5b-8483-45c1-97d7-aecdaf95fcd9
2025-03-27 15:51:29 - [Cluster 1 - CLIENT] - INFO - [Store 233] Starting local training.
2025-03-27 15:51:29 - [Cluster 1 - CLIENT] - INFO - [Store 362] Local training complete.
2025-03-27 15:51:29 - [Cluster 1 - CLIENT] - INFO - Sent reply
2025-03-27 15:51:29 - [Cluster 1 - CLIENT] - INFO - 
2025-03-27 15:51:29 - [Cluster 1 - CLIENT] - INFO - Received: train message f8256faf-b453-407d-8253-578f163200af
2025-03-27 15:51:29 - [Cluster 1 - CLIENT] - INFO - [Store 445] Starting local training.
2025-03-27 15:54:49 - [Cluster 1 - CLIENT] - INFO - [Store 84] Local training complete.
2025-03-27 15:54:49 - [Cluster 1 - CLIENT] - INFO - Sent reply
2025-03-27 15:54:53 - [Cluster 1 - CLIENT] - INFO - [Store 562] Local training complete.
2025-03-27 15:54:53 - [Cluster 1 - CLIENT] - INFO - Sent reply
2025-03-27 15:54:53 - [Cluster 1 - CLIENT] - INFO - [Store 147] Local training complete.
2025-03-27 15:54:53 - [Cluster 1 - CLIENT] - INFO - Sent reply
2025-03-27 15:54:53 - [Cluster 1 - CLIENT] - INFO - [Store 376] Local training complete.
2025-03-27 15:54:54 - [Cluster 1 - CLIENT] - INFO - Sent reply
2025-03-27 15:54:55 - [Cluster 1 - CLIENT] - INFO - [Store 1033] Local training complete.
2025-03-27 15:54:55 - [Cluster 1 - CLIENT] - INFO - Sent reply
2025-03-27 15:54:56 - [Cluster 1 - CLIENT] - INFO - [Store 154] Local training complete.
2025-03-27 15:54:56 - [Cluster 1 - CLIENT] - INFO - Sent reply
2025-03-27 15:54:56 - [Cluster 1 - CLIENT] - INFO - [Store 380] Local training complete.
2025-03-27 15:54:56 - [Cluster 1 - CLIENT] - INFO - Sent reply
2025-03-27 15:54:56 - [Cluster 1 - CLIENT] - INFO - [Store 269] Local training complete.
2025-03-27 15:54:56 - [Cluster 1 - CLIENT] - INFO - Sent reply
2025-03-27 15:54:57 - [Cluster 1 - CLIENT] - INFO - [Store 704] Local training complete.
2025-03-27 15:54:57 - [Cluster 1 - CLIENT] - INFO - Sent reply
2025-03-27 15:54:58 - [Cluster 1 - CLIENT] - INFO - [Store 384] Local training complete.
2025-03-27 15:54:58 - [Cluster 1 - CLIENT] - INFO - Sent reply
2025-03-27 15:54:58 - [Cluster 1 - CLIENT] - INFO - [Store 431] Local training complete.
2025-03-27 15:54:58 - [Cluster 1 - CLIENT] - INFO - Sent reply
2025-03-27 15:54:58 - [Cluster 1 - CLIENT] - INFO - [Store 445] Local training complete.
2025-03-27 15:54:58 - [Cluster 1 - CLIENT] - INFO - Sent reply
2025-03-27 15:54:58 - [Cluster 1 - CLIENT] - INFO - [Store 233] Local training complete.
2025-03-27 15:54:58 - [Cluster 1 - CLIENT] - INFO - [Store 545] Local training complete.
2025-03-27 15:54:58 - [Cluster 1 - CLIENT] - INFO - Sent reply
2025-03-27 15:54:58 - [Cluster 1 - CLIENT] - INFO - Sent reply
2025-03-27 15:55:00 - [Cluster 1 - CLIENT] - INFO - [Store 809] Local training complete.
2025-03-27 15:55:00 - [Cluster 1 - CLIENT] - INFO - Sent reply
2025-03-27 15:55:00 - [Cluster 1 - CLIENT] - INFO - 
2025-03-27 15:55:00 - [Cluster 1 - CLIENT] - INFO - Received: evaluate message 664792f3-aa2f-415c-a240-68d7412a0f65
2025-03-27 15:55:00 - [Cluster 1 - CLIENT] - INFO - 
2025-03-27 15:55:00 - [Cluster 1 - CLIENT] - INFO - Received: evaluate message 8c3b4ba4-58be-46bb-87da-2f625b9a0c6f
2025-03-27 15:55:00 - [Cluster 1 - CLIENT] - INFO - 
2025-03-27 15:55:00 - [Cluster 1 - CLIENT] - INFO - Received: evaluate message 8d313501-17e6-4f0b-a63b-692eb6a49736
2025-03-27 15:55:00 - [Cluster 1 - CLIENT] - INFO - 
2025-03-27 15:55:00 - [Cluster 1 - CLIENT] - INFO - Received: evaluate message 226fd18e-5107-4596-b3d7-4829b3905a42
2025-03-27 15:55:00 - [Cluster 1 - CLIENT] - INFO - 
2025-03-27 15:55:00 - [Cluster 1 - CLIENT] - INFO - Received: evaluate message c5c049c5-61e9-498d-ae58-cc238f7216af
2025-03-27 15:55:00 - [Cluster 1 - CLIENT] - INFO - 
2025-03-27 15:55:00 - [Cluster 1 - CLIENT] - INFO - Received: evaluate message aa67e4eb-5481-4971-b1f7-8edf95cc884e
2025-03-27 15:55:00 - [Cluster 1 - CLIENT] - INFO - 
2025-03-27 15:55:00 - [Cluster 1 - CLIENT] - INFO - Received: evaluate message bed25f9e-4f55-49f4-9941-2cea6af17f27
2025-03-27 15:55:00 - [Cluster 1 - CLIENT] - INFO - 
2025-03-27 15:55:00 - [Cluster 1 - CLIENT] - INFO - Received: evaluate message 4961e904-9368-4c52-b846-f731f6050d0f
2025-03-27 15:55:00 - [Cluster 1 - CLIENT] - INFO - 
2025-03-27 15:55:00 - [Cluster 1 - CLIENT] - INFO - Received: evaluate message 5a1c16c4-aee9-4d66-836f-3e09fb396034
2025-03-27 15:55:00 - [Cluster 1 - CLIENT] - INFO - 
2025-03-27 15:55:00 - [Cluster 1 - CLIENT] - INFO - Received: evaluate message 0e09a704-ef5b-4b01-8c0a-1202f53f4c85
2025-03-27 15:55:00 - [Cluster 1 - CLIENT] - INFO - 
2025-03-27 15:55:00 - [Cluster 1 - CLIENT] - INFO - Received: evaluate message 517304b3-8bfb-4b4c-bd50-2b47578b7b4b
2025-03-27 15:55:00 - [Cluster 1 - CLIENT] - INFO - 
2025-03-27 15:55:00 - [Cluster 1 - CLIENT] - INFO - 
2025-03-27 15:55:00 - [Cluster 1 - CLIENT] - INFO - Received: evaluate message 948853cf-d04d-4b16-98a1-e8554c0fc6b8
2025-03-27 15:55:00 - [Cluster 1 - CLIENT] - INFO - Received: evaluate message 23222d51-6cd1-4837-b580-f082f27ea096
2025-03-27 15:55:00 - [Cluster 1 - CLIENT] - INFO - 
2025-03-27 15:55:00 - [Cluster 1 - CLIENT] - INFO - Received: evaluate message 82120e7b-b41f-4b7a-8b86-17c507f6f8af
2025-03-27 15:55:00 - [Cluster 1 - CLIENT] - INFO - 
2025-03-27 15:55:00 - [Cluster 1 - CLIENT] - INFO - Received: evaluate message a88764d4-31f1-4190-953f-f68ce9d0779a
2025-03-27 15:55:01 - [Cluster 1 - CLIENT] - INFO - [Store 84] Evaluation - Loss: 36381248.0000, MAE: 5007.6738
2025-03-27 15:55:01 - [Cluster 1 - CLIENT] - INFO - Sent reply
2025-03-27 15:55:01 - [Cluster 1 - CLIENT] - INFO - [Store 809] Evaluation - Loss: 19434992.0000, MAE: 3363.4998
2025-03-27 15:55:01 - [Cluster 1 - CLIENT] - INFO - Sent reply
2025-03-27 15:55:01 - [Cluster 1 - CLIENT] - INFO - [Store 147] Evaluation - Loss: 14233978.0000, MAE: 3155.4929
2025-03-27 15:55:01 - [Cluster 1 - CLIENT] - INFO - Sent reply
2025-03-27 15:55:01 - [Cluster 1 - CLIENT] - INFO - 
2025-03-27 15:55:01 - [Cluster 1 - CLIENT] - INFO - Received: evaluate message d1e65e92-8790-4cd5-8409-8f2537de7bcc
2025-03-27 15:55:01 - [Cluster 1 - CLIENT] - INFO - 
2025-03-27 15:55:01 - [Cluster 1 - CLIENT] - INFO - Received: evaluate message 549565a9-3a02-4113-881f-343cb09c697a
2025-03-27 15:55:01 - [Cluster 1 - CLIENT] - INFO - 
2025-03-27 15:55:01 - [Cluster 1 - CLIENT] - INFO - Received: evaluate message 8c69ba91-301c-45c7-88bc-d9085bc7ae27
2025-03-27 15:55:01 - [Cluster 1 - CLIENT] - INFO - [Store 431] Evaluation - Loss: 28413446.0000, MAE: 4834.8662
2025-03-27 15:55:01 - [Cluster 1 - CLIENT] - INFO - Sent reply
2025-03-27 15:55:01 - [Cluster 1 - CLIENT] - INFO - 
2025-03-27 15:55:01 - [Cluster 1 - CLIENT] - INFO - Received: evaluate message 5d7cc363-63b3-47d0-86c3-73f55c897adb
2025-03-27 15:55:01 - [Cluster 1 - CLIENT] - INFO - [Store 269] Evaluation - Loss: 28279430.0000, MAE: 4331.5259
2025-03-27 15:55:01 - [Cluster 1 - CLIENT] - INFO - Sent reply
2025-03-27 15:55:01 - [Cluster 1 - CLIENT] - INFO - 
2025-03-27 15:55:01 - [Cluster 1 - CLIENT] - INFO - Received: evaluate message 0dddd14d-4acb-4e7b-ba62-5849acdb472c
2025-03-27 15:55:01 - [Cluster 1 - CLIENT] - INFO - [Store 1033] Evaluation - Loss: 50154776.0000, MAE: 6301.4722
2025-03-27 15:55:01 - [Cluster 1 - CLIENT] - INFO - Sent reply
2025-03-27 15:55:01 - [Cluster 1 - CLIENT] - INFO - 
2025-03-27 15:55:01 - [Cluster 1 - CLIENT] - INFO - Received: evaluate message 030a38e5-7d56-45a4-b051-0fbebe26a958
2025-03-27 15:55:01 - [Cluster 1 - CLIENT] - INFO - [Store 729] Evaluation - Loss: 27907118.0000, MAE: 4505.2803
2025-03-27 15:55:01 - [Cluster 1 - CLIENT] - INFO - Sent reply
2025-03-27 15:55:01 - [Cluster 1 - CLIENT] - INFO - [Store 154] Evaluation - Loss: 27976966.0000, MAE: 4038.4768
2025-03-27 15:55:01 - [Cluster 1 - CLIENT] - INFO - Sent reply
2025-03-27 15:55:01 - [Cluster 1 - CLIENT] - INFO - 
2025-03-27 15:55:01 - [Cluster 1 - CLIENT] - INFO - Received: evaluate message 725ab28b-1dd4-4ba0-9343-e5817e24e2a6
2025-03-27 15:55:01 - [Cluster 1 - CLIENT] - INFO - 
2025-03-27 15:55:01 - [Cluster 1 - CLIENT] - INFO - Received: evaluate message c6ff304c-3d4d-446c-9b15-f341704a2dce
2025-03-27 15:55:01 - [Cluster 1 - CLIENT] - INFO - [Store 846] Evaluation - Loss: 18727978.0000, MAE: 3514.8953
2025-03-27 15:55:01 - [Cluster 1 - CLIENT] - INFO - [Store 267] Evaluation - Loss: 25666642.0000, MAE: 4394.8628
2025-03-27 15:55:01 - [Cluster 1 - CLIENT] - INFO - Sent reply
2025-03-27 15:55:01 - [Cluster 1 - CLIENT] - INFO - 
2025-03-27 15:55:01 - [Cluster 1 - CLIENT] - INFO - Received: evaluate message 369f6e11-1a77-4a54-a71a-488fa47d783f
2025-03-27 15:55:01 - [Cluster 1 - CLIENT] - INFO - Sent reply
2025-03-27 15:55:01 - [Cluster 1 - CLIENT] - INFO - [Store 963] Evaluation - Loss: 77707272.0000, MAE: 6840.5312
2025-03-27 15:55:01 - [Cluster 1 - CLIENT] - INFO - Sent reply
2025-03-27 15:55:01 - [Cluster 1 - CLIENT] - INFO - 
2025-03-27 15:55:01 - [Cluster 1 - CLIENT] - INFO - [Store 524] Evaluation - Loss: 17404576.0000, MAE: 3089.2749
2025-03-27 15:55:01 - [Cluster 1 - CLIENT] - INFO - Received: evaluate message 26d823da-010d-49a0-af28-0add2e3c988b
2025-03-27 15:55:01 - [Cluster 1 - CLIENT] - INFO - Sent reply
2025-03-27 15:55:01 - [Cluster 1 - CLIENT] - INFO - 
2025-03-27 15:55:01 - [Cluster 1 - CLIENT] - INFO - Received: evaluate message c9d893b5-c33b-405c-9c83-ed00d9b00a2d
2025-03-27 15:55:01 - [Cluster 1 - CLIENT] - INFO - [Store 687] Evaluation - Loss: 25459506.0000, MAE: 4639.1709
2025-03-27 15:55:01 - [Cluster 1 - CLIENT] - INFO - Sent reply
2025-03-27 15:55:01 - [Cluster 1 - CLIENT] - INFO - 
2025-03-27 15:55:01 - [Cluster 1 - CLIENT] - INFO - Received: evaluate message 782339ff-04f2-4712-a5e0-87e779c94421
2025-03-27 15:55:02 - [Cluster 1 - CLIENT] - INFO - [Store 233] Evaluation - Loss: 31621044.0000, MAE: 5174.1733
2025-03-27 15:55:02 - [Cluster 1 - CLIENT] - INFO - [Store 965] Evaluation - Loss: 21525196.0000, MAE: 4079.6953
2025-03-27 15:55:02 - [Cluster 1 - CLIENT] - INFO - Sent reply
2025-03-27 15:55:02 - [Cluster 1 - CLIENT] - INFO - Sent reply
2025-03-27 15:55:02 - [Cluster 1 - CLIENT] - INFO - 
2025-03-27 15:55:02 - [Cluster 1 - CLIENT] - INFO - Received: evaluate message 771b48c0-b795-4a88-9ae5-2f6e103408c7
2025-03-27 15:55:02 - [Cluster 1 - CLIENT] - INFO - 
2025-03-27 15:55:02 - [Cluster 1 - CLIENT] - INFO - Received: evaluate message 75f5099d-9579-4a13-ab5f-0975751469b6
2025-03-27 15:55:02 - [Cluster 1 - CLIENT] - INFO - 
2025-03-27 15:55:02 - [Cluster 1 - CLIENT] - INFO - Received: evaluate message af60149d-22df-4005-b79b-29a68aaf70dc
2025-03-27 15:55:02 - [Cluster 1 - CLIENT] - INFO - [Store 376] Evaluation - Loss: 23948812.0000, MAE: 4233.7017
2025-03-27 15:55:02 - [Cluster 1 - CLIENT] - INFO - Sent reply
2025-03-27 15:55:02 - [Cluster 1 - CLIENT] - INFO - [Store 704] Evaluation - Loss: 38115648.0000, MAE: 5522.5176
2025-03-27 15:55:02 - [Cluster 1 - CLIENT] - INFO - Sent reply
2025-03-27 15:55:03 - [Cluster 1 - CLIENT] - INFO - [Store 396] Evaluation - Loss: 61623208.0000, MAE: 6153.7573
2025-03-27 15:55:03 - [Cluster 1 - CLIENT] - INFO - Sent reply
2025-03-27 15:55:03 - [Cluster 1 - CLIENT] - INFO - [Store 384] Evaluation - Loss: 31736226.0000, MAE: 4740.9722
2025-03-27 15:55:03 - [Cluster 1 - CLIENT] - INFO - [Store 1040] Evaluation - Loss: 22260098.0000, MAE: 4192.5850
2025-03-27 15:55:03 - [Cluster 1 - CLIENT] - INFO - Sent reply
2025-03-27 15:55:03 - [Cluster 1 - CLIENT] - INFO - Sent reply
2025-03-27 15:55:03 - [Cluster 1 - CLIENT] - INFO - [Store 545] Evaluation - Loss: 35916240.0000, MAE: 5142.4141
2025-03-27 15:55:03 - [Cluster 1 - CLIENT] - INFO - Sent reply
2025-03-27 15:55:03 - [Cluster 1 - CLIENT] - INFO - [Store 380] Evaluation - Loss: 66089380.0000, MAE: 7333.1719
2025-03-27 15:55:03 - [Cluster 1 - CLIENT] - INFO - [Store 726] Evaluation - Loss: 61366172.0000, MAE: 6158.0156
2025-03-27 15:55:03 - [Cluster 1 - CLIENT] - INFO - Sent reply
2025-03-27 15:55:03 - [Cluster 1 - CLIENT] - INFO - Sent reply
2025-03-27 15:55:03 - [Cluster 1 - CLIENT] - INFO - [Store 733] Evaluation - Loss: 46061192.0000, MAE: 6282.9614
2025-03-27 15:55:03 - [Cluster 1 - CLIENT] - INFO - Sent reply
2025-03-27 15:55:03 - [Cluster 1 - CLIENT] - INFO - [Store 459] Evaluation - Loss: 28448428.0000, MAE: 4522.8066
2025-03-27 15:55:03 - [Cluster 1 - CLIENT] - INFO - Sent reply
2025-03-27 15:55:03 - [Cluster 1 - CLIENT] - INFO - [Store 233] Evaluation - Loss: 31621044.0000, MAE: 5174.1733
2025-03-27 15:55:03 - [Cluster 1 - CLIENT] - INFO - Sent reply
2025-03-27 15:55:03 - [Cluster 1 - CLIENT] - INFO - [Store 362] Evaluation - Loss: 31061294.0000, MAE: 5011.6177
2025-03-27 15:55:03 - [Cluster 1 - CLIENT] - INFO - [Store 562] Evaluation - Loss: 70133816.0000, MAE: 7480.5801
2025-03-27 15:55:03 - [Cluster 1 - CLIENT] - INFO - Sent reply
2025-03-27 15:55:03 - [Cluster 1 - CLIENT] - INFO - Sent reply
2025-03-27 15:55:03 - [Cluster 1 - CLIENT] - INFO - [Store 445] Evaluation - Loss: 24949602.0000, MAE: 4543.9551
2025-03-27 15:55:03 - [Cluster 1 - CLIENT] - INFO - Sent reply
2025-03-27 15:55:03 - [Cluster 1 - CLIENT] - INFO - [Store 1114] Evaluation - Loss: 150104560.0000, MAE: 11271.2480
2025-03-27 15:55:03 - [Cluster 1 - CLIENT] - INFO - Sent reply
2025-03-27 15:55:03 - [Cluster 1 - CLIENT] - INFO - 
2025-03-27 15:55:03 - [Cluster 1 - CLIENT] - INFO - Received: train message 0198b031-a654-43e6-897d-4e3e6e55435c
2025-03-27 15:55:03 - [Cluster 1 - CLIENT] - INFO - 
2025-03-27 15:55:03 - [Cluster 1 - CLIENT] - INFO - Received: train message ab0fda3a-e0e5-4a63-b8b0-f936816e26b3
2025-03-27 15:55:03 - [Cluster 1 - CLIENT] - INFO - 
2025-03-27 15:55:03 - [Cluster 1 - CLIENT] - INFO - Received: train message 6a163647-00f6-4bf8-963c-4d2d3fb536ca
2025-03-27 15:55:03 - [Cluster 1 - CLIENT] - INFO - 
2025-03-27 15:55:03 - [Cluster 1 - CLIENT] - INFO - Received: train message 4a69edfe-55d2-48e5-a835-8810c5a1a61f
2025-03-27 15:55:03 - [Cluster 1 - CLIENT] - INFO - 
2025-03-27 15:55:03 - [Cluster 1 - CLIENT] - INFO - Received: train message 7b1f8e22-c4b1-425a-9282-c672851f5c1e
2025-03-27 15:55:03 - [Cluster 1 - CLIENT] - INFO - [Store 233] Starting local training.
2025-03-27 15:55:03 - [Cluster 1 - CLIENT] - INFO - [Store 376] Starting local training.
2025-03-27 15:55:03 - [Cluster 1 - CLIENT] - INFO - [Store 562] Starting local training.
2025-03-27 15:55:03 - [Cluster 1 - CLIENT] - INFO - [Store 545] Starting local training.
2025-03-27 15:55:03 - [Cluster 1 - CLIENT] - INFO - 
2025-03-27 15:55:03 - [Cluster 1 - CLIENT] - INFO - Received: train message 16cd2150-3b9c-4e50-b0cd-b9eebb365f27
2025-03-27 15:55:03 - [Cluster 1 - CLIENT] - INFO - 
2025-03-27 15:55:03 - [Cluster 1 - CLIENT] - INFO - Received: train message 0b769c9e-a4da-43ee-a312-8048e93cfc57
2025-03-27 15:55:03 - [Cluster 1 - CLIENT] - INFO - 
2025-03-27 15:55:03 - [Cluster 1 - CLIENT] - INFO - Received: train message d5e1748a-2c6a-46a0-acc9-221ec5231e6c
2025-03-27 15:55:03 - [Cluster 1 - CLIENT] - INFO - 
2025-03-27 15:55:03 - [Cluster 1 - CLIENT] - INFO - Received: train message 591e3105-dabe-473f-9a80-363c999bdfb3
2025-03-27 15:55:03 - [Cluster 1 - CLIENT] - INFO - 
2025-03-27 15:55:03 - [Cluster 1 - CLIENT] - INFO - Received: train message 3d001009-7aa1-4847-8759-7a69f2bdd5a6
2025-03-27 15:55:03 - [Cluster 1 - CLIENT] - INFO - 
2025-03-27 15:55:03 - [Cluster 1 - CLIENT] - INFO - Received: train message 3fa55eff-f14a-4c74-989b-aa8bef82e090
2025-03-27 15:55:03 - [Cluster 1 - CLIENT] - INFO - 
2025-03-27 15:55:03 - [Cluster 1 - CLIENT] - INFO - Received: train message 45f2818a-c649-4c49-b137-e367291de874
2025-03-27 15:55:03 - [Cluster 1 - CLIENT] - INFO - 
2025-03-27 15:55:03 - [Cluster 1 - CLIENT] - INFO - 
2025-03-27 15:55:03 - [Cluster 1 - CLIENT] - INFO - Received: train message d0a0505c-9061-43d5-b1b0-beeb975e57aa
2025-03-27 15:55:03 - [Cluster 1 - CLIENT] - INFO - 
2025-03-27 15:55:03 - [Cluster 1 - CLIENT] - INFO - Received: train message ccdbc72e-238e-4980-af01-ce226a3f484d
2025-03-27 15:55:03 - [Cluster 1 - CLIENT] - INFO - Received: train message 8bb94bff-65f4-4e6e-9fe3-41c15b2b29f7
2025-03-27 15:55:03 - [Cluster 1 - CLIENT] - INFO - [Store 154] Starting local training.
2025-03-27 15:55:03 - [Cluster 1 - CLIENT] - INFO - [Store 1040] Starting local training.
2025-03-27 15:55:03 - [Cluster 1 - CLIENT] - INFO - [Store 726] Starting local training.
2025-03-27 15:55:03 - [Cluster 1 - CLIENT] - INFO - [Store 233] Starting local training.
2025-03-27 15:55:03 - [Cluster 1 - CLIENT] - INFO - [Store 729] Starting local training.
2025-03-27 15:55:03 - [Cluster 1 - CLIENT] - INFO - [Store 963] Starting local training.
2025-03-27 15:55:03 - [Cluster 1 - CLIENT] - INFO - [Store 846] Starting local training.
2025-03-27 15:55:03 - [Cluster 1 - CLIENT] - INFO - [Store 267] Starting local training.
2025-03-27 15:55:03 - [Cluster 1 - CLIENT] - INFO - [Store 687] Starting local training.
2025-03-27 15:55:03 - [Cluster 1 - CLIENT] - INFO - [Store 84] Starting local training.
2025-03-27 15:55:03 - [Cluster 1 - CLIENT] - INFO - [Store 1033] Starting local training.
2025-03-27 15:59:04 - [Cluster 1 - CLIENT] - INFO - [Store 233] Local training complete.
2025-03-27 15:59:04 - [Cluster 1 - CLIENT] - INFO - Sent reply
2025-03-27 15:59:04 - [Cluster 1 - CLIENT] - INFO - 
2025-03-27 15:59:04 - [Cluster 1 - CLIENT] - INFO - Received: train message 6edf4c83-753a-4593-a825-c4f1e1d69a9e
2025-03-27 15:59:04 - [Cluster 1 - CLIENT] - INFO - [Store 524] Starting local training.
2025-03-27 15:59:07 - [Cluster 1 - CLIENT] - INFO - [Store 233] Local training complete.
2025-03-27 15:59:07 - [Cluster 1 - CLIENT] - INFO - Sent reply
2025-03-27 15:59:07 - [Cluster 1 - CLIENT] - INFO - 
2025-03-27 15:59:07 - [Cluster 1 - CLIENT] - INFO - Received: train message 314a4f1c-32cb-447e-a93b-94943d479526
2025-03-27 15:59:07 - [Cluster 1 - CLIENT] - INFO - [Store 809] Starting local training.
2025-03-27 15:59:08 - [Cluster 1 - CLIENT] - INFO - [Store 562] Local training complete.
2025-03-27 15:59:08 - [Cluster 1 - CLIENT] - INFO - Sent reply
2025-03-27 15:59:08 - [Cluster 1 - CLIENT] - INFO - 
2025-03-27 15:59:08 - [Cluster 1 - CLIENT] - INFO - Received: train message 0880ce71-b0a5-405d-8b85-44aa358bf0a7
2025-03-27 15:59:08 - [Cluster 1 - CLIENT] - INFO - [Store 384] Starting local training.
2025-03-27 15:59:09 - [Cluster 1 - CLIENT] - INFO - [Store 154] Local training complete.
2025-03-27 15:59:09 - [Cluster 1 - CLIENT] - INFO - Sent reply
2025-03-27 15:59:09 - [Cluster 1 - CLIENT] - INFO - 
2025-03-27 15:59:09 - [Cluster 1 - CLIENT] - INFO - Received: train message 820266f2-c885-4707-935e-6a8b7fce4862
2025-03-27 15:59:09 - [Cluster 1 - CLIENT] - INFO - [Store 396] Starting local training.
2025-03-27 15:59:09 - [Cluster 1 - CLIENT] - INFO - [Store 729] Local training complete.
2025-03-27 15:59:09 - [Cluster 1 - CLIENT] - INFO - Sent reply
2025-03-27 15:59:09 - [Cluster 1 - CLIENT] - INFO - 
2025-03-27 15:59:09 - [Cluster 1 - CLIENT] - INFO - Received: train message 0cbcda42-7dfc-4387-a76b-11fd35d1318a
2025-03-27 15:59:09 - [Cluster 1 - CLIENT] - INFO - [Store 965] Starting local training.
2025-03-27 15:59:10 - [Cluster 1 - CLIENT] - INFO - [Store 1040] Local training complete.
2025-03-27 15:59:10 - [Cluster 1 - CLIENT] - INFO - Sent reply
2025-03-27 15:59:10 - [Cluster 1 - CLIENT] - INFO - 
2025-03-27 15:59:10 - [Cluster 1 - CLIENT] - INFO - Received: train message 5bbe3a0d-c702-4c72-9f98-91374313311d
2025-03-27 15:59:10 - [Cluster 1 - CLIENT] - INFO - [Store 362] Starting local training.
2025-03-27 15:59:10 - [Cluster 1 - CLIENT] - INFO - [Store 726] Local training complete.
2025-03-27 15:59:10 - [Cluster 1 - CLIENT] - INFO - Sent reply
2025-03-27 15:59:10 - [Cluster 1 - CLIENT] - INFO - 
2025-03-27 15:59:10 - [Cluster 1 - CLIENT] - INFO - Received: train message 49d40430-d9e2-4285-a108-a38536510aa5
2025-03-27 15:59:10 - [Cluster 1 - CLIENT] - INFO - [Store 445] Starting local training.
2025-03-27 15:59:10 - [Cluster 1 - CLIENT] - INFO - [Store 267] Local training complete.
2025-03-27 15:59:10 - [Cluster 1 - CLIENT] - INFO - [Store 545] Local training complete.
2025-03-27 15:59:10 - [Cluster 1 - CLIENT] - INFO - Sent reply
2025-03-27 15:59:10 - [Cluster 1 - CLIENT] - INFO - 
2025-03-27 15:59:10 - [Cluster 1 - CLIENT] - INFO - Received: train message 70e2a376-1177-4e9c-83ed-6e346bd8e07b
2025-03-27 15:59:10 - [Cluster 1 - CLIENT] - INFO - [Store 1114] Starting local training.
2025-03-27 15:59:11 - [Cluster 1 - CLIENT] - INFO - Sent reply
2025-03-27 15:59:11 - [Cluster 1 - CLIENT] - INFO - 
2025-03-27 15:59:11 - [Cluster 1 - CLIENT] - INFO - Received: train message a624f5f2-3c86-40e8-a864-51ba97e3af48
2025-03-27 15:59:11 - [Cluster 1 - CLIENT] - INFO - [Store 431] Starting local training.
2025-03-27 15:59:11 - [Cluster 1 - CLIENT] - INFO - [Store 846] Local training complete.
2025-03-27 15:59:11 - [Cluster 1 - CLIENT] - INFO - [Store 1033] Local training complete.
2025-03-27 15:59:11 - [Cluster 1 - CLIENT] - INFO - Sent reply
2025-03-27 15:59:11 - [Cluster 1 - CLIENT] - INFO - 
2025-03-27 15:59:11 - [Cluster 1 - CLIENT] - INFO - Received: train message df09d04e-99fc-4be7-9a03-4d2d306de126
2025-03-27 15:59:11 - [Cluster 1 - CLIENT] - INFO - [Store 269] Starting local training.
2025-03-27 15:59:12 - [Cluster 1 - CLIENT] - INFO - Sent reply
2025-03-27 15:59:12 - [Cluster 1 - CLIENT] - INFO - 
2025-03-27 15:59:12 - [Cluster 1 - CLIENT] - INFO - Received: train message a590c52a-c9fd-4946-a20f-d124b404159a
2025-03-27 15:59:12 - [Cluster 1 - CLIENT] - INFO - [Store 704] Starting local training.
2025-03-27 15:59:12 - [Cluster 1 - CLIENT] - INFO - [Store 84] Local training complete.
2025-03-27 15:59:12 - [Cluster 1 - CLIENT] - INFO - Sent reply
2025-03-27 15:59:12 - [Cluster 1 - CLIENT] - INFO - 
2025-03-27 15:59:12 - [Cluster 1 - CLIENT] - INFO - Received: train message 64368cd0-5af4-4dc5-9361-71ea3f5048ed
2025-03-27 15:59:12 - [Cluster 1 - CLIENT] - INFO - [Store 459] Starting local training.
2025-03-27 15:59:12 - [Cluster 1 - CLIENT] - INFO - [Store 963] Local training complete.
2025-03-27 15:59:12 - [Cluster 1 - CLIENT] - INFO - Sent reply
2025-03-27 15:59:12 - [Cluster 1 - CLIENT] - INFO - 
2025-03-27 15:59:12 - [Cluster 1 - CLIENT] - INFO - Received: train message bd300ff6-e7db-493c-b745-324334c506f7
2025-03-27 15:59:12 - [Cluster 1 - CLIENT] - INFO - [Store 380] Starting local training.
2025-03-27 15:59:13 - [Cluster 1 - CLIENT] - INFO - [Store 376] Local training complete.
2025-03-27 15:59:13 - [Cluster 1 - CLIENT] - INFO - Sent reply
2025-03-27 15:59:13 - [Cluster 1 - CLIENT] - INFO - 
2025-03-27 15:59:13 - [Cluster 1 - CLIENT] - INFO - Received: train message 7d380745-f1c5-4dba-b490-c75f7fdfd374
2025-03-27 15:59:13 - [Cluster 1 - CLIENT] - INFO - [Store 733] Starting local training.
2025-03-27 15:59:13 - [Cluster 1 - CLIENT] - INFO - [Store 687] Local training complete.
2025-03-27 15:59:13 - [Cluster 1 - CLIENT] - INFO - Sent reply
2025-03-27 15:59:13 - [Cluster 1 - CLIENT] - INFO - 
2025-03-27 15:59:13 - [Cluster 1 - CLIENT] - INFO - Received: train message b0189c5e-4788-4a13-b5f8-aba9e3a09065
2025-03-27 15:59:14 - [Cluster 1 - CLIENT] - INFO - [Store 147] Starting local training.
2025-03-27 16:03:10 - [Cluster 1 - CLIENT] - INFO - [Store 384] Local training complete.
2025-03-27 16:03:10 - [Cluster 1 - CLIENT] - INFO - Sent reply
2025-03-27 16:03:14 - [Cluster 1 - CLIENT] - INFO - [Store 809] Local training complete.
2025-03-27 16:03:14 - [Cluster 1 - CLIENT] - INFO - Sent reply
2025-03-27 16:03:16 - [Cluster 1 - CLIENT] - INFO - [Store 704] Local training complete.
2025-03-27 16:03:16 - [Cluster 1 - CLIENT] - INFO - Sent reply
2025-03-27 16:03:17 - [Cluster 1 - CLIENT] - INFO - [Store 445] Local training complete.
2025-03-27 16:03:17 - [Cluster 1 - CLIENT] - INFO - Sent reply
2025-03-27 16:03:17 - [Cluster 1 - CLIENT] - INFO - [Store 524] Local training complete.
2025-03-27 16:03:17 - [Cluster 1 - CLIENT] - INFO - Sent reply
2025-03-27 16:03:17 - [Cluster 1 - CLIENT] - INFO - [Store 380] Local training complete.
2025-03-27 16:03:17 - [Cluster 1 - CLIENT] - INFO - Sent reply
2025-03-27 16:03:17 - [Cluster 1 - CLIENT] - INFO - [Store 431] Local training complete.
2025-03-27 16:03:17 - [Cluster 1 - CLIENT] - INFO - Sent reply
2025-03-27 16:03:18 - [Cluster 1 - CLIENT] - INFO - [Store 459] Local training complete.
2025-03-27 16:03:18 - [Cluster 1 - CLIENT] - INFO - Sent reply
2025-03-27 16:03:18 - [Cluster 1 - CLIENT] - INFO - [Store 396] Local training complete.
2025-03-27 16:03:18 - [Cluster 1 - CLIENT] - INFO - Sent reply
2025-03-27 16:03:19 - [Cluster 1 - CLIENT] - INFO - [Store 1114] Local training complete.
2025-03-27 16:03:19 - [Cluster 1 - CLIENT] - INFO - Sent reply
2025-03-27 16:03:19 - [Cluster 1 - CLIENT] - INFO - [Store 147] Local training complete.
2025-03-27 16:03:19 - [Cluster 1 - CLIENT] - INFO - Sent reply
2025-03-27 16:03:20 - [Cluster 1 - CLIENT] - INFO - [Store 733] Local training complete.
2025-03-27 16:03:20 - [Cluster 1 - CLIENT] - INFO - Sent reply
2025-03-27 16:03:21 - [Cluster 1 - CLIENT] - INFO - [Store 965] Local training complete.
2025-03-27 16:03:21 - [Cluster 1 - CLIENT] - INFO - Sent reply
2025-03-27 16:03:21 - [Cluster 1 - CLIENT] - INFO - [Store 362] Local training complete.
2025-03-27 16:03:21 - [Cluster 1 - CLIENT] - INFO - Sent reply
2025-03-27 16:03:25 - [Cluster 1 - CLIENT] - INFO - [Store 269] Local training complete.
2025-03-27 16:03:25 - [Cluster 1 - CLIENT] - INFO - Sent reply
2025-03-27 16:03:25 - [Cluster 1 - CLIENT] - INFO - 
2025-03-27 16:03:25 - [Cluster 1 - CLIENT] - INFO - Received: evaluate message 63066c39-2877-4f6a-aeda-e184addda370
2025-03-27 16:03:25 - [Cluster 1 - CLIENT] - INFO - 
2025-03-27 16:03:25 - [Cluster 1 - CLIENT] - INFO - Received: evaluate message a3a5d891-0ff7-4b5f-8e24-16dccc6e077f
2025-03-27 16:03:25 - [Cluster 1 - CLIENT] - INFO - 
2025-03-27 16:03:25 - [Cluster 1 - CLIENT] - INFO - Received: evaluate message 460c0770-f3ae-44c5-83c0-ec27167d10c1
2025-03-27 16:03:25 - [Cluster 1 - CLIENT] - INFO - 
2025-03-27 16:03:25 - [Cluster 1 - CLIENT] - INFO - Received: evaluate message a7db4394-8be9-4a76-9bab-7ec6e040f06b
2025-03-27 16:03:25 - [Cluster 1 - CLIENT] - INFO - 
2025-03-27 16:03:25 - [Cluster 1 - CLIENT] - INFO - 
2025-03-27 16:03:25 - [Cluster 1 - CLIENT] - INFO - Received: evaluate message d26d6ae5-f638-4d56-b1a1-dca3a1e672d8
2025-03-27 16:03:25 - [Cluster 1 - CLIENT] - INFO - Received: evaluate message ad8cea43-6dd2-43bb-8ad6-9232cab3c487
2025-03-27 16:03:25 - [Cluster 1 - CLIENT] - INFO - 
2025-03-27 16:03:25 - [Cluster 1 - CLIENT] - INFO - Received: evaluate message 39a28a1f-ab9e-424c-ba59-00b38ecb43b3
2025-03-27 16:03:25 - [Cluster 1 - CLIENT] - INFO - 
2025-03-27 16:03:25 - [Cluster 1 - CLIENT] - INFO - Received: evaluate message dae476ae-6c46-4380-9548-e7b6d434497e
2025-03-27 16:03:25 - [Cluster 1 - CLIENT] - INFO - 
2025-03-27 16:03:25 - [Cluster 1 - CLIENT] - INFO - Received: evaluate message a3e67cdc-f69c-4b14-9c84-7f751362ab85
2025-03-27 16:03:25 - [Cluster 1 - CLIENT] - INFO - 
2025-03-27 16:03:25 - [Cluster 1 - CLIENT] - INFO - Received: evaluate message 369ba762-134a-4cf4-b2ef-6fe7dbae2e43
2025-03-27 16:03:25 - [Cluster 1 - CLIENT] - INFO - 
2025-03-27 16:03:25 - [Cluster 1 - CLIENT] - INFO - Received: evaluate message 0aa9e22e-0c15-4980-af89-759994927cfa
2025-03-27 16:03:25 - [Cluster 1 - CLIENT] - INFO - 
2025-03-27 16:03:25 - [Cluster 1 - CLIENT] - INFO - Received: evaluate message 84a8c660-a06e-4016-9bd1-5c05424fd959
2025-03-27 16:03:25 - [Cluster 1 - CLIENT] - INFO - 
2025-03-27 16:03:25 - [Cluster 1 - CLIENT] - INFO - Received: evaluate message 334e434e-964d-48d3-bcf4-1f3f041eb79b
2025-03-27 16:03:25 - [Cluster 1 - CLIENT] - INFO - 
2025-03-27 16:03:25 - [Cluster 1 - CLIENT] - INFO - Received: evaluate message ef693c7e-518e-4b0b-bbf0-4359b97f954f
2025-03-27 16:03:25 - [Cluster 1 - CLIENT] - INFO - 
2025-03-27 16:03:25 - [Cluster 1 - CLIENT] - INFO - Received: evaluate message a48b9eb6-79ea-4c08-a919-ded6cb1fabb5
2025-03-27 16:03:26 - [Cluster 1 - CLIENT] - INFO - [Store 376] Evaluation - Loss: 21540050.0000, MAE: 4059.8899
2025-03-27 16:03:26 - [Cluster 1 - CLIENT] - INFO - Sent reply
2025-03-27 16:03:26 - [Cluster 1 - CLIENT] - INFO - 
2025-03-27 16:03:26 - [Cluster 1 - CLIENT] - INFO - Received: evaluate message c59f1052-01ae-468c-831b-23119f1e6bcd
2025-03-27 16:03:26 - [Cluster 1 - CLIENT] - INFO - [Store 704] Evaluation - Loss: 31169044.0000, MAE: 5063.5625
2025-03-27 16:03:26 - [Cluster 1 - CLIENT] - INFO - Sent reply
2025-03-27 16:03:26 - [Cluster 1 - CLIENT] - INFO - 
2025-03-27 16:03:26 - [Cluster 1 - CLIENT] - INFO - Received: evaluate message d2cb5f46-85bf-47b6-956c-8a389e67e491
2025-03-27 16:03:26 - [Cluster 1 - CLIENT] - INFO - [Store 269] Evaluation - Loss: 26401646.0000, MAE: 4276.1924
2025-03-27 16:03:26 - [Cluster 1 - CLIENT] - INFO - [Store 396] Evaluation - Loss: 84995536.0000, MAE: 7404.4575
2025-03-27 16:03:26 - [Cluster 1 - CLIENT] - INFO - Sent reply
2025-03-27 16:03:26 - [Cluster 1 - CLIENT] - INFO - [Store 809] Evaluation - Loss: 22575218.0000, MAE: 3703.6321
2025-03-27 16:03:26 - [Cluster 1 - CLIENT] - INFO - Sent reply
2025-03-27 16:03:26 - [Cluster 1 - CLIENT] - INFO - [Store 524] Evaluation - Loss: 71687016.0000, MAE: 6410.4395
2025-03-27 16:03:26 - [Cluster 1 - CLIENT] - INFO - 
2025-03-27 16:03:26 - [Cluster 1 - CLIENT] - INFO - Received: evaluate message ab8fcdd0-7268-4260-a95f-1e5edc52d264
2025-03-27 16:03:26 - [Cluster 1 - CLIENT] - INFO - Sent reply
2025-03-27 16:03:26 - [Cluster 1 - CLIENT] - INFO - 
2025-03-27 16:03:26 - [Cluster 1 - CLIENT] - INFO - Received: evaluate message addab7d1-d56a-4c1f-b6eb-8bdccb404854
2025-03-27 16:03:26 - [Cluster 1 - CLIENT] - INFO - Sent reply
2025-03-27 16:03:26 - [Cluster 1 - CLIENT] - INFO - 
2025-03-27 16:03:26 - [Cluster 1 - CLIENT] - INFO - Received: evaluate message f5be43b3-8c8f-447f-840f-b968b6ab55ec
2025-03-27 16:03:26 - [Cluster 1 - CLIENT] - INFO - [Store 267] Evaluation - Loss: 23310332.0000, MAE: 4127.1353
2025-03-27 16:03:26 - [Cluster 1 - CLIENT] - INFO - [Store 445] Evaluation - Loss: 22926674.0000, MAE: 4386.2974
2025-03-27 16:03:26 - [Cluster 1 - CLIENT] - INFO - Sent reply
2025-03-27 16:03:26 - [Cluster 1 - CLIENT] - INFO - Sent reply
2025-03-27 16:03:26 - [Cluster 1 - CLIENT] - INFO - [Store 459] Evaluation - Loss: 26125094.0000, MAE: 4395.8198
2025-03-27 16:03:26 - [Cluster 1 - CLIENT] - INFO - Sent reply
2025-03-27 16:03:26 - [Cluster 1 - CLIENT] - INFO - [Store 154] Evaluation - Loss: 36979592.0000, MAE: 4662.6714
2025-03-27 16:03:26 - [Cluster 1 - CLIENT] - INFO - [Store 729] Evaluation - Loss: 22631784.0000, MAE: 3793.7078
2025-03-27 16:03:26 - [Cluster 1 - CLIENT] - INFO - 
2025-03-27 16:03:26 - [Cluster 1 - CLIENT] - INFO - Sent reply
2025-03-27 16:03:26 - [Cluster 1 - CLIENT] - INFO - Received: evaluate message f687784a-7f2a-4744-a4dc-f42cb9401882
2025-03-27 16:03:26 - [Cluster 1 - CLIENT] - INFO - Sent reply
2025-03-27 16:03:26 - [Cluster 1 - CLIENT] - INFO - 
2025-03-27 16:03:26 - [Cluster 1 - CLIENT] - INFO - Received: evaluate message dd410d36-3205-4796-95a8-e41e8c1215b5
2025-03-27 16:03:26 - [Cluster 1 - CLIENT] - INFO - 
2025-03-27 16:03:26 - [Cluster 1 - CLIENT] - INFO - Received: evaluate message f5d257e5-0d50-4192-85a7-de83a7eec419
2025-03-27 16:03:26 - [Cluster 1 - CLIENT] - INFO - 
2025-03-27 16:03:26 - [Cluster 1 - CLIENT] - INFO - Received: evaluate message adf07b72-dcec-4951-b96e-479795f417a9
2025-03-27 16:03:26 - [Cluster 1 - CLIENT] - INFO - 
2025-03-27 16:03:26 - [Cluster 1 - CLIENT] - INFO - Received: evaluate message 92cc1ea2-6e19-46fc-ada9-c48c85561784
2025-03-27 16:03:26 - [Cluster 1 - CLIENT] - INFO - 
2025-03-27 16:03:26 - [Cluster 1 - CLIENT] - INFO - Received: evaluate message f11349e6-d2e1-4acb-9382-e8aef1df0fa8
2025-03-27 16:03:27 - [Cluster 1 - CLIENT] - INFO - [Store 362] Evaluation - Loss: 28331506.0000, MAE: 4837.4839
2025-03-27 16:03:27 - [Cluster 1 - CLIENT] - INFO - Sent reply
2025-03-27 16:03:27 - [Cluster 1 - CLIENT] - INFO - [Store 726] Evaluation - Loss: 142892528.0000, MAE: 9476.9355
2025-03-27 16:03:27 - [Cluster 1 - CLIENT] - INFO - [Store 562] Evaluation - Loss: 56909860.0000, MAE: 6856.0029
2025-03-27 16:03:27 - [Cluster 1 - CLIENT] - INFO - Sent reply
2025-03-27 16:03:27 - [Cluster 1 - CLIENT] - INFO - Sent reply
2025-03-27 16:03:27 - [Cluster 1 - CLIENT] - INFO - 
2025-03-27 16:03:27 - [Cluster 1 - CLIENT] - INFO - Received: evaluate message 2543df99-0e46-47fb-963d-d4e8ece11ebe
2025-03-27 16:03:27 - [Cluster 1 - CLIENT] - INFO - [Store 84] Evaluation - Loss: 32207758.0000, MAE: 4492.5278
2025-03-27 16:03:27 - [Cluster 1 - CLIENT] - INFO - 
2025-03-27 16:03:27 - [Cluster 1 - CLIENT] - INFO - Received: evaluate message a37a4518-87fe-4298-b6ea-1da7dd50eda6
2025-03-27 16:03:27 - [Cluster 1 - CLIENT] - INFO - Sent reply
2025-03-27 16:03:27 - [Cluster 1 - CLIENT] - INFO - 
2025-03-27 16:03:27 - [Cluster 1 - CLIENT] - INFO - Received: evaluate message 9c768e26-dc27-4946-bacb-f1c0f8ad8dae
2025-03-27 16:03:27 - [Cluster 1 - CLIENT] - INFO - 
2025-03-27 16:03:27 - [Cluster 1 - CLIENT] - INFO - Received: evaluate message 06773395-19b7-4c7b-b6ad-bf7718da0632
2025-03-27 16:03:28 - [Cluster 1 - CLIENT] - INFO - [Store 687] Evaluation - Loss: 19812984.0000, MAE: 3967.5977
2025-03-27 16:03:28 - [Cluster 1 - CLIENT] - INFO - Sent reply
2025-03-27 16:03:28 - [Cluster 1 - CLIENT] - INFO - [Store 1033] Evaluation - Loss: 40577616.0000, MAE: 5346.0635
2025-03-27 16:03:28 - [Cluster 1 - CLIENT] - INFO - Sent reply
2025-03-27 16:03:28 - [Cluster 1 - CLIENT] - INFO - [Store 384] Evaluation - Loss: 29306648.0000, MAE: 4638.1768
2025-03-27 16:03:28 - [Cluster 1 - CLIENT] - INFO - Sent reply
2025-03-27 16:03:28 - [Cluster 1 - CLIENT] - INFO - [Store 380] Evaluation - Loss: 58314940.0000, MAE: 6952.7393
2025-03-27 16:03:28 - [Cluster 1 - CLIENT] - INFO - Sent reply
2025-03-27 16:03:28 - [Cluster 1 - CLIENT] - INFO - [Store 965] Evaluation - Loss: 19682054.0000, MAE: 3849.0479
2025-03-27 16:03:28 - [Cluster 1 - CLIENT] - INFO - Sent reply
2025-03-27 16:03:28 - [Cluster 1 - CLIENT] - INFO - [Store 1114] Evaluation - Loss: 128256160.0000, MAE: 10484.7480
2025-03-27 16:03:28 - [Cluster 1 - CLIENT] - INFO - [Store 431] Evaluation - Loss: 22253944.0000, MAE: 4145.8340
2025-03-27 16:03:28 - [Cluster 1 - CLIENT] - INFO - Sent reply
2025-03-27 16:03:28 - [Cluster 1 - CLIENT] - INFO - Sent reply
2025-03-27 16:03:28 - [Cluster 1 - CLIENT] - INFO - [Store 545] Evaluation - Loss: 29330836.0000, MAE: 4466.2832
2025-03-27 16:03:28 - [Cluster 1 - CLIENT] - INFO - Sent reply
2025-03-27 16:03:28 - [Cluster 1 - CLIENT] - INFO - [Store 233] Evaluation - Loss: 27021676.0000, MAE: 4766.4839
2025-03-27 16:03:28 - [Cluster 1 - CLIENT] - INFO - Sent reply
2025-03-27 16:03:28 - [Cluster 1 - CLIENT] - INFO - [Store 846] Evaluation - Loss: 18257946.0000, MAE: 3401.7046
2025-03-27 16:03:28 - [Cluster 1 - CLIENT] - INFO - Sent reply
2025-03-27 16:03:28 - [Cluster 1 - CLIENT] - INFO - [Store 1040] Evaluation - Loss: 17114622.0000, MAE: 3496.0664
2025-03-27 16:03:28 - [Cluster 1 - CLIENT] - INFO - Sent reply
2025-03-27 16:03:28 - [Cluster 1 - CLIENT] - INFO - [Store 147] Evaluation - Loss: 13063313.0000, MAE: 2769.1975
2025-03-27 16:03:28 - [Cluster 1 - CLIENT] - INFO - Sent reply
2025-03-27 16:03:28 - [Cluster 1 - CLIENT] - INFO - [Store 963] Evaluation - Loss: 97236280.0000, MAE: 7750.7402
2025-03-27 16:03:28 - [Cluster 1 - CLIENT] - INFO - Sent reply
2025-03-27 16:03:28 - [Cluster 1 - CLIENT] - INFO - [Store 233] Evaluation - Loss: 27021676.0000, MAE: 4766.4839
2025-03-27 16:03:28 - [Cluster 1 - CLIENT] - INFO - Sent reply
2025-03-27 16:03:28 - [Cluster 1 - CLIENT] - INFO - [Store 733] Evaluation - Loss: 39287196.0000, MAE: 5800.4702
2025-03-27 16:03:28 - [Cluster 1 - CLIENT] - INFO - Sent reply
2025-03-27 16:03:28 - [Cluster 1 - CLIENT] - INFO - 
2025-03-27 16:03:28 - [Cluster 1 - CLIENT] - INFO - Received: train message 3e243e62-d73e-49c0-bc76-dd2b5b04fbba
2025-03-27 16:03:28 - [Cluster 1 - CLIENT] - INFO - 
2025-03-27 16:03:28 - [Cluster 1 - CLIENT] - INFO - Received: train message 98ab97bf-5db6-41b1-b68e-1f0de54df9db
2025-03-27 16:03:28 - [Cluster 1 - CLIENT] - INFO - 
2025-03-27 16:03:28 - [Cluster 1 - CLIENT] - INFO - Received: train message 8f663ff8-7dbb-4806-ae67-810c85c460b3
2025-03-27 16:03:28 - [Cluster 1 - CLIENT] - INFO - 
2025-03-27 16:03:28 - [Cluster 1 - CLIENT] - INFO - Received: train message dd724904-bb43-4102-aed6-491f691cf76b
2025-03-27 16:03:28 - [Cluster 1 - CLIENT] - INFO - 
2025-03-27 16:03:28 - [Cluster 1 - CLIENT] - INFO - Received: train message 099060b7-4eaa-43a7-8612-3a761dd09a14
2025-03-27 16:03:28 - [Cluster 1 - CLIENT] - INFO - 
2025-03-27 16:03:28 - [Cluster 1 - CLIENT] - INFO - Received: train message 043d1b5d-310e-4382-8fd2-d08a9cdb5104
2025-03-27 16:03:28 - [Cluster 1 - CLIENT] - INFO - 
2025-03-27 16:03:28 - [Cluster 1 - CLIENT] - INFO - Received: train message f5e21d2b-201c-4f17-96a4-0f2c9882872c
2025-03-27 16:03:28 - [Cluster 1 - CLIENT] - INFO - 
2025-03-27 16:03:28 - [Cluster 1 - CLIENT] - INFO - Received: train message 9c922b05-fc36-4318-8c32-b070ca489c27
2025-03-27 16:03:28 - [Cluster 1 - CLIENT] - INFO - 
2025-03-27 16:03:28 - [Cluster 1 - CLIENT] - INFO - Received: train message 1bafbf79-9d64-4b07-b878-462284af3328
2025-03-27 16:03:28 - [Cluster 1 - CLIENT] - INFO - 
2025-03-27 16:03:28 - [Cluster 1 - CLIENT] - INFO - Received: train message a808cd81-4690-4bf6-90be-07c8b967c5b2
2025-03-27 16:03:28 - [Cluster 1 - CLIENT] - INFO - 
2025-03-27 16:03:28 - [Cluster 1 - CLIENT] - INFO - Received: train message 2ed3001f-46ea-4bc1-987d-8f61f48c5a8b
2025-03-27 16:03:28 - [Cluster 1 - CLIENT] - INFO - 
2025-03-27 16:03:28 - [Cluster 1 - CLIENT] - INFO - Received: train message da0d39df-3fd4-4703-9e45-0f21fb680121
2025-03-27 16:03:28 - [Cluster 1 - CLIENT] - INFO - 
2025-03-27 16:03:28 - [Cluster 1 - CLIENT] - INFO - Received: train message b8c7f44e-02ae-4df1-846a-460c4e60bc50
2025-03-27 16:03:28 - [Cluster 1 - CLIENT] - INFO - 
2025-03-27 16:03:28 - [Cluster 1 - CLIENT] - INFO - Received: train message bb104f5f-1581-47f8-8f5c-99ef49f03932
2025-03-27 16:03:28 - [Cluster 1 - CLIENT] - INFO - [Store 1114] Starting local training.
2025-03-27 16:03:28 - [Cluster 1 - CLIENT] - INFO - 
2025-03-27 16:03:28 - [Cluster 1 - CLIENT] - INFO - Received: train message 2e06d8a6-501c-4c77-b90d-65ee80a5ca0d
2025-03-27 16:03:28 - [Cluster 1 - CLIENT] - INFO - [Store 384] Starting local training.
2025-03-27 16:03:28 - [Cluster 1 - CLIENT] - INFO - [Store 380] Starting local training.
2025-03-27 16:03:28 - [Cluster 1 - CLIENT] - INFO - [Store 269] Starting local training.
2025-03-27 16:03:28 - [Cluster 1 - CLIENT] - INFO - [Store 1040] Starting local training.
2025-03-27 16:03:28 - [Cluster 1 - CLIENT] - INFO - [Store 729] Starting local training.
2025-03-27 16:03:28 - [Cluster 1 - CLIENT] - INFO - [Store 431] Starting local training.
2025-03-27 16:03:28 - [Cluster 1 - CLIENT] - INFO - [Store 233] Starting local training.
2025-03-27 16:03:28 - [Cluster 1 - CLIENT] - INFO - [Store 524] Starting local training.
2025-03-27 16:03:28 - [Cluster 1 - CLIENT] - INFO - [Store 704] Starting local training.
2025-03-27 16:03:28 - [Cluster 1 - CLIENT] - INFO - [Store 459] Starting local training.
2025-03-27 16:03:28 - [Cluster 1 - CLIENT] - INFO - [Store 376] Starting local training.
2025-03-27 16:03:28 - [Cluster 1 - CLIENT] - INFO - [Store 154] Starting local training.
2025-03-27 16:03:28 - [Cluster 1 - CLIENT] - INFO - [Store 733] Starting local training.
2025-03-27 16:03:28 - [Cluster 1 - CLIENT] - INFO - [Store 147] Starting local training.
2025-03-27 16:07:17 - [Cluster 1 - CLIENT] - INFO - [Store 459] Local training complete.
2025-03-27 16:07:17 - [Cluster 1 - CLIENT] - INFO - Sent reply
2025-03-27 16:07:17 - [Cluster 1 - CLIENT] - INFO - 
2025-03-27 16:07:17 - [Cluster 1 - CLIENT] - INFO - Received: train message ded1cdd2-64dd-4fbc-8f9d-6722186a7e20
2025-03-27 16:07:17 - [Cluster 1 - CLIENT] - INFO - [Store 726] Starting local training.
2025-03-27 16:07:17 - [Cluster 1 - CLIENT] - INFO - [Store 729] Local training complete.
2025-03-27 16:07:17 - [Cluster 1 - CLIENT] - INFO - Sent reply
2025-03-27 16:07:17 - [Cluster 1 - CLIENT] - INFO - 
2025-03-27 16:07:17 - [Cluster 1 - CLIENT] - INFO - Received: train message d3088e16-2050-4be8-a44f-b556acce7dde
2025-03-27 16:07:18 - [Cluster 1 - CLIENT] - INFO - [Store 846] Starting local training.
2025-03-27 16:07:18 - [Cluster 1 - CLIENT] - INFO - [Store 431] Local training complete.
2025-03-27 16:07:18 - [Cluster 1 - CLIENT] - INFO - Sent reply
2025-03-27 16:07:18 - [Cluster 1 - CLIENT] - INFO - 
2025-03-27 16:07:18 - [Cluster 1 - CLIENT] - INFO - Received: train message 27f7fd0b-947b-41ff-8e8f-48dd3a274cfc
2025-03-27 16:07:18 - [Cluster 1 - CLIENT] - INFO - [Store 809] Starting local training.
2025-03-27 16:07:18 - [Cluster 1 - CLIENT] - INFO - [Store 154] Local training complete.
2025-03-27 16:07:18 - [Cluster 1 - CLIENT] - INFO - [Store 1040] Local training complete.
2025-03-27 16:07:18 - [Cluster 1 - CLIENT] - INFO - Sent reply
2025-03-27 16:07:18 - [Cluster 1 - CLIENT] - INFO - Sent reply
2025-03-27 16:07:18 - [Cluster 1 - CLIENT] - INFO - 
2025-03-27 16:07:18 - [Cluster 1 - CLIENT] - INFO - Received: train message 23b3e9c7-35f5-4be9-9c35-1469c94fe84e
2025-03-27 16:07:18 - [Cluster 1 - CLIENT] - INFO - 
2025-03-27 16:07:18 - [Cluster 1 - CLIENT] - INFO - Received: train message 6e8bd36b-4c8c-40d8-a1c8-9cb1b4f36aae
2025-03-27 16:07:19 - [Cluster 1 - CLIENT] - INFO - [Store 445] Starting local training.
2025-03-27 16:07:19 - [Cluster 1 - CLIENT] - INFO - [Store 1033] Starting local training.
2025-03-27 16:07:19 - [Cluster 1 - CLIENT] - INFO - [Store 384] Local training complete.
2025-03-27 16:07:19 - [Cluster 1 - CLIENT] - INFO - Sent reply
2025-03-27 16:07:19 - [Cluster 1 - CLIENT] - INFO - 
2025-03-27 16:07:19 - [Cluster 1 - CLIENT] - INFO - Received: train message 6d7e224a-34f1-40f9-b154-63b5592be2c6
2025-03-27 16:07:19 - [Cluster 1 - CLIENT] - INFO - [Store 687] Starting local training.
2025-03-27 16:07:19 - [Cluster 1 - CLIENT] - INFO - [Store 269] Local training complete.
2025-03-27 16:07:20 - [Cluster 1 - CLIENT] - INFO - Sent reply
2025-03-27 16:07:20 - [Cluster 1 - CLIENT] - INFO - 
2025-03-27 16:07:20 - [Cluster 1 - CLIENT] - INFO - Received: train message d6c7acde-d889-445f-95d8-b9b039b0055c
2025-03-27 16:07:20 - [Cluster 1 - CLIENT] - INFO - [Store 545] Starting local training.
2025-03-27 16:07:20 - [Cluster 1 - CLIENT] - INFO - [Store 524] Local training complete.
2025-03-27 16:07:20 - [Cluster 1 - CLIENT] - INFO - Sent reply
2025-03-27 16:07:20 - [Cluster 1 - CLIENT] - INFO - 
2025-03-27 16:07:20 - [Cluster 1 - CLIENT] - INFO - Received: train message 5ac6582f-0f83-4e9e-8604-a9c291454548
2025-03-27 16:07:20 - [Cluster 1 - CLIENT] - INFO - [Store 84] Starting local training.
2025-03-27 16:07:20 - [Cluster 1 - CLIENT] - INFO - [Store 147] Local training complete.
2025-03-27 16:07:20 - [Cluster 1 - CLIENT] - INFO - [Store 233] Local training complete.
2025-03-27 16:07:20 - [Cluster 1 - CLIENT] - INFO - Sent reply
2025-03-27 16:07:20 - [Cluster 1 - CLIENT] - INFO - Sent reply
2025-03-27 16:07:20 - [Cluster 1 - CLIENT] - INFO - 
2025-03-27 16:07:20 - [Cluster 1 - CLIENT] - INFO - Received: train message 1b5eb3a4-d78e-4110-8f1f-0e6bf92d41b0
2025-03-27 16:07:20 - [Cluster 1 - CLIENT] - INFO - 
2025-03-27 16:07:20 - [Cluster 1 - CLIENT] - INFO - Received: train message 8397bee6-7015-4664-9726-d0f79e19ec3a
2025-03-27 16:07:20 - [Cluster 1 - CLIENT] - INFO - [Store 704] Local training complete.
2025-03-27 16:07:21 - [Cluster 1 - CLIENT] - INFO - [Store 965] Starting local training.
2025-03-27 16:07:21 - [Cluster 1 - CLIENT] - INFO - [Store 963] Starting local training.
2025-03-27 16:07:21 - [Cluster 1 - CLIENT] - INFO - Sent reply
2025-03-27 16:07:21 - [Cluster 1 - CLIENT] - INFO - 
2025-03-27 16:07:21 - [Cluster 1 - CLIENT] - INFO - Received: train message 6366d802-4d40-4cb3-ab64-c89f6c5e5a19
2025-03-27 16:07:21 - [Cluster 1 - CLIENT] - INFO - [Store 396] Starting local training.
2025-03-27 16:07:22 - [Cluster 1 - CLIENT] - INFO - [Store 376] Local training complete.
2025-03-27 16:07:22 - [Cluster 1 - CLIENT] - INFO - Sent reply
2025-03-27 16:07:22 - [Cluster 1 - CLIENT] - INFO - 
2025-03-27 16:07:22 - [Cluster 1 - CLIENT] - INFO - Received: train message 839456bb-f206-4081-9574-2b6283ba2f40
2025-03-27 16:07:22 - [Cluster 1 - CLIENT] - INFO - [Store 362] Starting local training.
2025-03-27 16:07:22 - [Cluster 1 - CLIENT] - INFO - [Store 1114] Local training complete.
2025-03-27 16:07:22 - [Cluster 1 - CLIENT] - INFO - Sent reply
2025-03-27 16:07:22 - [Cluster 1 - CLIENT] - INFO - 
2025-03-27 16:07:22 - [Cluster 1 - CLIENT] - INFO - Received: train message 97b23de0-cfab-45a9-b9a1-c785cb2e28c3
2025-03-27 16:07:23 - [Cluster 1 - CLIENT] - INFO - [Store 233] Starting local training.
2025-03-27 16:07:25 - [Cluster 1 - CLIENT] - INFO - [Store 733] Local training complete.
2025-03-27 16:07:25 - [Cluster 1 - CLIENT] - INFO - Sent reply
2025-03-27 16:07:25 - [Cluster 1 - CLIENT] - INFO - 
2025-03-27 16:07:25 - [Cluster 1 - CLIENT] - INFO - Received: train message 2c8fb066-87dc-4564-86ca-a30cd8eec397
2025-03-27 16:07:25 - [Cluster 1 - CLIENT] - INFO - [Store 267] Starting local training.
2025-03-27 16:07:41 - [Cluster 1 - CLIENT] - INFO - [Store 380] Local training complete.
2025-03-27 16:07:41 - [Cluster 1 - CLIENT] - INFO - Sent reply
2025-03-27 16:07:41 - [Cluster 1 - CLIENT] - INFO - 
2025-03-27 16:07:41 - [Cluster 1 - CLIENT] - INFO - Received: train message 7a30af5f-32b4-4288-b45b-d018b713c8b4
2025-03-27 16:07:41 - [Cluster 1 - CLIENT] - INFO - [Store 562] Starting local training.
2025-03-27 16:11:21 - [Cluster 1 - CLIENT] - INFO - [Store 445] Local training complete.
2025-03-27 16:11:21 - [Cluster 1 - CLIENT] - INFO - [Store 84] Local training complete.
2025-03-27 16:11:21 - [Cluster 1 - CLIENT] - INFO - Sent reply
2025-03-27 16:11:21 - [Cluster 1 - CLIENT] - INFO - Sent reply
2025-03-27 16:11:22 - [Cluster 1 - CLIENT] - INFO - [Store 1033] Local training complete.
2025-03-27 16:11:22 - [Cluster 1 - CLIENT] - INFO - Sent reply
2025-03-27 16:11:22 - [Cluster 1 - CLIENT] - INFO - [Store 545] Local training complete.
2025-03-27 16:11:22 - [Cluster 1 - CLIENT] - INFO - Sent reply
2025-03-27 16:11:22 - [Cluster 1 - CLIENT] - INFO - [Store 726] Local training complete.
2025-03-27 16:11:22 - [Cluster 1 - CLIENT] - INFO - Sent reply
2025-03-27 16:11:23 - [Cluster 1 - CLIENT] - INFO - [Store 809] Local training complete.
2025-03-27 16:11:23 - [Cluster 1 - CLIENT] - INFO - Sent reply
2025-03-27 16:11:23 - [Cluster 1 - CLIENT] - INFO - [Store 396] Local training complete.
2025-03-27 16:11:24 - [Cluster 1 - CLIENT] - INFO - Sent reply
2025-03-27 16:11:24 - [Cluster 1 - CLIENT] - INFO - [Store 846] Local training complete.
2025-03-27 16:11:24 - [Cluster 1 - CLIENT] - INFO - Sent reply
2025-03-27 16:11:25 - [Cluster 1 - CLIENT] - INFO - [Store 963] Local training complete.
2025-03-27 16:11:25 - [Cluster 1 - CLIENT] - INFO - Sent reply
2025-03-27 16:11:25 - [Cluster 1 - CLIENT] - INFO - [Store 233] Local training complete.
2025-03-27 16:11:25 - [Cluster 1 - CLIENT] - INFO - Sent reply
2025-03-27 16:11:25 - [Cluster 1 - CLIENT] - INFO - [Store 687] Local training complete.
2025-03-27 16:11:25 - [Cluster 1 - CLIENT] - INFO - Sent reply
2025-03-27 16:11:25 - [Cluster 1 - CLIENT] - INFO - [Store 362] Local training complete.
2025-03-27 16:11:25 - [Cluster 1 - CLIENT] - INFO - Sent reply
2025-03-27 16:11:25 - [Cluster 1 - CLIENT] - INFO - [Store 965] Local training complete.
2025-03-27 16:11:25 - [Cluster 1 - CLIENT] - INFO - Sent reply
2025-03-27 16:11:28 - [Cluster 1 - CLIENT] - INFO - [Store 562] Local training complete.
2025-03-27 16:11:28 - [Cluster 1 - CLIENT] - INFO - Sent reply
2025-03-27 16:11:30 - [Cluster 1 - CLIENT] - INFO - [Store 267] Local training complete.
2025-03-27 16:11:30 - [Cluster 1 - CLIENT] - INFO - Sent reply
2025-03-27 16:11:30 - [Cluster 1 - CLIENT] - INFO - 
2025-03-27 16:11:30 - [Cluster 1 - CLIENT] - INFO - Received: evaluate message c4eb7cac-50f1-43d9-9db9-d2da59b806e5
2025-03-27 16:11:30 - [Cluster 1 - CLIENT] - INFO - 
2025-03-27 16:11:30 - [Cluster 1 - CLIENT] - INFO - Received: evaluate message 5f936659-3d45-49be-b7f1-106f5875755f
2025-03-27 16:11:30 - [Cluster 1 - CLIENT] - INFO - 
2025-03-27 16:11:30 - [Cluster 1 - CLIENT] - INFO - Received: evaluate message df770bcf-35dc-49cd-a8ae-f8af7d7cd85a
2025-03-27 16:11:30 - [Cluster 1 - CLIENT] - INFO - 
2025-03-27 16:11:30 - [Cluster 1 - CLIENT] - INFO - Received: evaluate message 614c54b0-79ad-48e2-bd3c-c1af772ec2d8
2025-03-27 16:11:30 - [Cluster 1 - CLIENT] - INFO - 
2025-03-27 16:11:30 - [Cluster 1 - CLIENT] - INFO - Received: evaluate message a054fae9-7809-45a4-bbaf-c0323e5cd031
2025-03-27 16:11:30 - [Cluster 1 - CLIENT] - INFO - 
2025-03-27 16:11:30 - [Cluster 1 - CLIENT] - INFO - Received: evaluate message a78716a4-d493-4298-a2b0-8a80edf80ef5
2025-03-27 16:11:30 - [Cluster 1 - CLIENT] - INFO - 
2025-03-27 16:11:30 - [Cluster 1 - CLIENT] - INFO - Received: evaluate message 58121a88-d462-490e-bb7c-1b90f64d1610
2025-03-27 16:11:30 - [Cluster 1 - CLIENT] - INFO - 
2025-03-27 16:11:30 - [Cluster 1 - CLIENT] - INFO - Received: evaluate message 763cbf36-1265-4584-ae2b-b08b70750c42
2025-03-27 16:11:30 - [Cluster 1 - CLIENT] - INFO - 
2025-03-27 16:11:30 - [Cluster 1 - CLIENT] - INFO - Received: evaluate message bd1234c2-b7e7-455d-aa72-1a23e516b5c6
2025-03-27 16:11:30 - [Cluster 1 - CLIENT] - INFO - 
2025-03-27 16:11:30 - [Cluster 1 - CLIENT] - INFO - Received: evaluate message 808ddb19-a1fb-4f8f-905e-613306cf5512
2025-03-27 16:11:30 - [Cluster 1 - CLIENT] - INFO - 
2025-03-27 16:11:30 - [Cluster 1 - CLIENT] - INFO - Received: evaluate message fa715a47-74fb-4a32-bfcd-69dc21f6d89f
2025-03-27 16:11:30 - [Cluster 1 - CLIENT] - INFO - 
2025-03-27 16:11:30 - [Cluster 1 - CLIENT] - INFO - Received: evaluate message eda0cf31-f68a-410f-9988-12ebcea58829
2025-03-27 16:11:30 - [Cluster 1 - CLIENT] - INFO - 
2025-03-27 16:11:30 - [Cluster 1 - CLIENT] - INFO - Received: evaluate message 4b16aad8-6b5a-41f3-93cb-c844ea67e02c
2025-03-27 16:11:30 - [Cluster 1 - CLIENT] - INFO - 
2025-03-27 16:11:30 - [Cluster 1 - CLIENT] - INFO - Received: evaluate message a9b5a263-cbb6-45b3-8d87-cb82de937859
2025-03-27 16:11:30 - [Cluster 1 - CLIENT] - INFO - 
2025-03-27 16:11:30 - [Cluster 1 - CLIENT] - INFO - Received: evaluate message ec393515-426c-4153-9463-e2a4031bb60d
2025-03-27 16:11:31 - [Cluster 1 - CLIENT] - INFO - [Store 687] Evaluation - Loss: 20433966.0000, MAE: 4047.4272
2025-03-27 16:11:31 - [Cluster 1 - CLIENT] - INFO - Sent reply
2025-03-27 16:11:31 - [Cluster 1 - CLIENT] - INFO - 
2025-03-27 16:11:31 - [Cluster 1 - CLIENT] - INFO - Received: evaluate message a20f8d71-0f78-4eb5-90ef-9e59164f2d48
2025-03-27 16:11:31 - [Cluster 1 - CLIENT] - INFO - [Store 965] Evaluation - Loss: 19561576.0000, MAE: 3848.0244
2025-03-27 16:11:31 - [Cluster 1 - CLIENT] - INFO - Sent reply
2025-03-27 16:11:31 - [Cluster 1 - CLIENT] - INFO - [Store 809] Evaluation - Loss: 18448326.0000, MAE: 3351.8201
2025-03-27 16:11:31 - [Cluster 1 - CLIENT] - INFO - 
2025-03-27 16:11:31 - [Cluster 1 - CLIENT] - INFO - Sent reply
2025-03-27 16:11:31 - [Cluster 1 - CLIENT] - INFO - Received: evaluate message 58cf07af-687f-4572-aab6-62fac842c19f
2025-03-27 16:11:31 - [Cluster 1 - CLIENT] - INFO - 
2025-03-27 16:11:31 - [Cluster 1 - CLIENT] - INFO - Received: evaluate message fdf22395-ea92-4109-b738-a90dfb06e59d
2025-03-27 16:11:31 - [Cluster 1 - CLIENT] - INFO - [Store 545] Evaluation - Loss: 29346508.0000, MAE: 4500.1392
2025-03-27 16:11:31 - [Cluster 1 - CLIENT] - INFO - Sent reply
2025-03-27 16:11:31 - [Cluster 1 - CLIENT] - INFO - [Store 362] Evaluation - Loss: 28782002.0000, MAE: 4881.9590
2025-03-27 16:11:31 - [Cluster 1 - CLIENT] - INFO - Sent reply
2025-03-27 16:11:31 - [Cluster 1 - CLIENT] - INFO - [Store 396] Evaluation - Loss: 68455056.0000, MAE: 6288.2891
2025-03-27 16:11:31 - [Cluster 1 - CLIENT] - INFO - Sent reply
2025-03-27 16:11:31 - [Cluster 1 - CLIENT] - INFO - [Store 846] Evaluation - Loss: 17348350.0000, MAE: 3283.8350
2025-03-27 16:11:31 - [Cluster 1 - CLIENT] - INFO - Sent reply
2025-03-27 16:11:31 - [Cluster 1 - CLIENT] - INFO - 
2025-03-27 16:11:31 - [Cluster 1 - CLIENT] - INFO - Received: evaluate message b7c432c4-c444-44bb-a577-5a9086bdf436
2025-03-27 16:11:31 - [Cluster 1 - CLIENT] - INFO - 
2025-03-27 16:11:31 - [Cluster 1 - CLIENT] - INFO - Received: evaluate message 77ada6dc-58a6-46ac-ab28-57614f8192bb
2025-03-27 16:11:31 - [Cluster 1 - CLIENT] - INFO - 
2025-03-27 16:11:31 - [Cluster 1 - CLIENT] - INFO - Received: evaluate message b97a05be-9eb2-429e-b868-163dd426e655
2025-03-27 16:11:31 - [Cluster 1 - CLIENT] - INFO - 
2025-03-27 16:11:31 - [Cluster 1 - CLIENT] - INFO - Received: evaluate message 293e01b2-f92a-42ee-bff1-5a465c000e22
2025-03-27 16:11:31 - [Cluster 1 - CLIENT] - INFO - [Store 562] Evaluation - Loss: 62797776.0000, MAE: 7128.9536
2025-03-27 16:11:31 - [Cluster 1 - CLIENT] - INFO - Sent reply
2025-03-27 16:11:31 - [Cluster 1 - CLIENT] - INFO - 
2025-03-27 16:11:31 - [Cluster 1 - CLIENT] - INFO - Received: evaluate message 333be1b9-e36b-4651-b56a-231e42fe4986
2025-03-27 16:11:32 - [Cluster 1 - CLIENT] - INFO - [Store 380] Evaluation - Loss: 55881292.0000, MAE: 6765.2358
2025-03-27 16:11:32 - [Cluster 1 - CLIENT] - INFO - Sent reply
2025-03-27 16:11:32 - [Cluster 1 - CLIENT] - INFO - [Store 84] Evaluation - Loss: 28508096.0000, MAE: 4275.5537
2025-03-27 16:11:32 - [Cluster 1 - CLIENT] - INFO - Sent reply
2025-03-27 16:11:32 - [Cluster 1 - CLIENT] - INFO - 
2025-03-27 16:11:32 - [Cluster 1 - CLIENT] - INFO - Received: evaluate message 2e93c523-3e4b-4dbf-ab55-fa1fbefea065
2025-03-27 16:11:32 - [Cluster 1 - CLIENT] - INFO - 
2025-03-27 16:11:32 - [Cluster 1 - CLIENT] - INFO - Received: evaluate message 5d6111b5-7011-4450-8f42-f7fc19eb09c9
2025-03-27 16:11:32 - [Cluster 1 - CLIENT] - INFO - [Store 729] Evaluation - Loss: 23069518.0000, MAE: 3827.8796
2025-03-27 16:11:32 - [Cluster 1 - CLIENT] - INFO - Sent reply
2025-03-27 16:11:32 - [Cluster 1 - CLIENT] - INFO - [Store 154] Evaluation - Loss: 21431572.0000, MAE: 3322.6548
2025-03-27 16:11:32 - [Cluster 1 - CLIENT] - INFO - Sent reply
2025-03-27 16:11:32 - [Cluster 1 - CLIENT] - INFO - [Store 445] Evaluation - Loss: 24351346.0000, MAE: 4537.7827
2025-03-27 16:11:32 - [Cluster 1 - CLIENT] - INFO - Sent reply
2025-03-27 16:11:32 - [Cluster 1 - CLIENT] - INFO - 
2025-03-27 16:11:32 - [Cluster 1 - CLIENT] - INFO - Received: evaluate message c7aaa6dd-f36c-431a-bef9-06ceb5822982
2025-03-27 16:11:32 - [Cluster 1 - CLIENT] - INFO - 
2025-03-27 16:11:32 - [Cluster 1 - CLIENT] - INFO - Received: evaluate message 38cc27a1-f942-49ea-bca7-471bbf12a0b6
2025-03-27 16:11:32 - [Cluster 1 - CLIENT] - INFO - 
2025-03-27 16:11:32 - [Cluster 1 - CLIENT] - INFO - Received: evaluate message 6c665b3a-dbc6-44a8-b671-413a0035a72f
2025-03-27 16:11:32 - [Cluster 1 - CLIENT] - INFO - [Store 459] Evaluation - Loss: 27208178.0000, MAE: 4492.0229
2025-03-27 16:11:32 - [Cluster 1 - CLIENT] - INFO - Sent reply
2025-03-27 16:11:32 - [Cluster 1 - CLIENT] - INFO - [Store 524] Evaluation - Loss: 117878448.0000, MAE: 9383.8584
2025-03-27 16:11:32 - [Cluster 1 - CLIENT] - INFO - Sent reply
2025-03-27 16:11:32 - [Cluster 1 - CLIENT] - INFO - 
2025-03-27 16:11:32 - [Cluster 1 - CLIENT] - INFO - Received: evaluate message 67cd4ac7-5b34-47ff-adca-3b0560ef4efb
2025-03-27 16:11:32 - [Cluster 1 - CLIENT] - INFO - 
2025-03-27 16:11:32 - [Cluster 1 - CLIENT] - INFO - Received: evaluate message 07c0fda2-c6bd-4b6e-90b7-d42e1629a98a
2025-03-27 16:11:33 - [Cluster 1 - CLIENT] - INFO - [Store 384] Evaluation - Loss: 29687378.0000, MAE: 4729.5840
2025-03-27 16:11:33 - [Cluster 1 - CLIENT] - INFO - Sent reply
2025-03-27 16:11:33 - [Cluster 1 - CLIENT] - INFO - [Store 704] Evaluation - Loss: 33410252.0000, MAE: 5292.7246
2025-03-27 16:11:33 - [Cluster 1 - CLIENT] - INFO - Sent reply
2025-03-27 16:11:33 - [Cluster 1 - CLIENT] - INFO - [Store 1114] Evaluation - Loss: 144476880.0000, MAE: 11214.8594
2025-03-27 16:11:33 - [Cluster 1 - CLIENT] - INFO - Sent reply
2025-03-27 16:11:33 - [Cluster 1 - CLIENT] - INFO - [Store 726] Evaluation - Loss: 231022608.0000, MAE: 12933.3438
2025-03-27 16:11:33 - [Cluster 1 - CLIENT] - INFO - [Store 233] Evaluation - Loss: 26450258.0000, MAE: 4798.5811
2025-03-27 16:11:33 - [Cluster 1 - CLIENT] - INFO - Sent reply
2025-03-27 16:11:33 - [Cluster 1 - CLIENT] - INFO - Sent reply
2025-03-27 16:11:33 - [Cluster 1 - CLIENT] - INFO - [Store 1040] Evaluation - Loss: 17669248.0000, MAE: 3557.2185
2025-03-27 16:11:33 - [Cluster 1 - CLIENT] - INFO - Sent reply
2025-03-27 16:11:33 - [Cluster 1 - CLIENT] - INFO - [Store 233] Evaluation - Loss: 26450258.0000, MAE: 4798.5811
2025-03-27 16:11:33 - [Cluster 1 - CLIENT] - INFO - Sent reply
2025-03-27 16:11:33 - [Cluster 1 - CLIENT] - INFO - [Store 963] Evaluation - Loss: 75182224.0000, MAE: 6812.9004
2025-03-27 16:11:33 - [Cluster 1 - CLIENT] - INFO - [Store 733] Evaluation - Loss: 37798408.0000, MAE: 5538.5298
2025-03-27 16:11:33 - [Cluster 1 - CLIENT] - INFO - Sent reply
2025-03-27 16:11:33 - [Cluster 1 - CLIENT] - INFO - Sent reply
2025-03-27 16:11:33 - [Cluster 1 - CLIENT] - INFO - [Store 269] Evaluation - Loss: 25510696.0000, MAE: 4214.0005
2025-03-27 16:11:33 - [Cluster 1 - CLIENT] - INFO - Sent reply
2025-03-27 16:11:33 - [Cluster 1 - CLIENT] - INFO - [Store 147] Evaluation - Loss: 11661719.0000, MAE: 2698.5461
2025-03-27 16:11:33 - [Cluster 1 - CLIENT] - INFO - Sent reply
2025-03-27 16:11:33 - [Cluster 1 - CLIENT] - INFO - [Store 1033] Evaluation - Loss: 42014428.0000, MAE: 5423.4399
2025-03-27 16:11:33 - [Cluster 1 - CLIENT] - INFO - Sent reply
2025-03-27 16:11:33 - [Cluster 1 - CLIENT] - INFO - [Store 431] Evaluation - Loss: 20948942.0000, MAE: 3988.1990
2025-03-27 16:11:33 - [Cluster 1 - CLIENT] - INFO - Sent reply
2025-03-27 16:11:33 - [Cluster 1 - CLIENT] - INFO - [Store 267] Evaluation - Loss: 23891738.0000, MAE: 4279.7207
2025-03-27 16:11:33 - [Cluster 1 - CLIENT] - INFO - Sent reply
2025-03-27 16:11:33 - [Cluster 1 - CLIENT] - INFO - [Store 376] Evaluation - Loss: 21554232.0000, MAE: 4071.8921
2025-03-27 16:11:33 - [Cluster 1 - CLIENT] - INFO - Sent reply
2025-03-27 16:11:33 - [Cluster 1 - CLIENT] - INFO - 
2025-03-27 16:11:33 - [Cluster 1 - CLIENT] - INFO - Received: train message 6454cfe0-fde7-4c7c-895c-c70d78a46e84
2025-03-27 16:11:33 - [Cluster 1 - CLIENT] - INFO - 
2025-03-27 16:11:33 - [Cluster 1 - CLIENT] - INFO - Received: train message d3a794ec-64cc-4827-a62c-69822f4fd208
2025-03-27 16:11:33 - [Cluster 1 - CLIENT] - INFO - 
2025-03-27 16:11:33 - [Cluster 1 - CLIENT] - INFO - Received: train message 765417c6-c1f6-4326-bde7-ef3ddbf32c14
2025-03-27 16:11:33 - [Cluster 1 - CLIENT] - INFO - 
2025-03-27 16:11:33 - [Cluster 1 - CLIENT] - INFO - Received: train message e46baf0c-f552-4f56-be91-72a79c06ab6f
2025-03-27 16:11:33 - [Cluster 1 - CLIENT] - INFO - 
2025-03-27 16:11:33 - [Cluster 1 - CLIENT] - INFO - Received: train message d82234fa-0023-41e7-9a2b-ca5c252500f3
2025-03-27 16:11:33 - [Cluster 1 - CLIENT] - INFO - 
2025-03-27 16:11:33 - [Cluster 1 - CLIENT] - INFO - Received: train message f6b710fa-ea0c-4bf4-a167-07923abe4014
2025-03-27 16:11:33 - [Cluster 1 - CLIENT] - INFO - 
2025-03-27 16:11:33 - [Cluster 1 - CLIENT] - INFO - Received: train message cd713b16-4817-4fb3-a0cc-dbb9b1916aa4
2025-03-27 16:11:33 - [Cluster 1 - CLIENT] - INFO - [Store 704] Starting local training.
2025-03-27 16:11:33 - [Cluster 1 - CLIENT] - INFO - 
2025-03-27 16:11:33 - [Cluster 1 - CLIENT] - INFO - Received: train message 36779f2a-739a-4f48-8f34-a318430fddcc
2025-03-27 16:11:33 - [Cluster 1 - CLIENT] - INFO - 
2025-03-27 16:11:33 - [Cluster 1 - CLIENT] - INFO - Received: train message 19a97929-4acb-43b5-8c5c-afc1d7efcd17
2025-03-27 16:11:33 - [Cluster 1 - CLIENT] - INFO - 
2025-03-27 16:11:33 - [Cluster 1 - CLIENT] - INFO - Received: train message 40dec689-f1eb-4ffd-a68f-3ec85ed5d4b4
2025-03-27 16:11:33 - [Cluster 1 - CLIENT] - INFO - 
2025-03-27 16:11:33 - [Cluster 1 - CLIENT] - INFO - Received: train message 9f03b727-1df8-46dd-bcfd-1b4b10715d53
2025-03-27 16:11:33 - [Cluster 1 - CLIENT] - INFO - 
2025-03-27 16:11:33 - [Cluster 1 - CLIENT] - INFO - Received: train message 41d7f533-4e89-4f5d-a3ec-7f8388f3048c
2025-03-27 16:11:33 - [Cluster 1 - CLIENT] - INFO - 
2025-03-27 16:11:33 - [Cluster 1 - CLIENT] - INFO - Received: train message ac9385fd-cb84-4da3-9b52-9b382df376c9
2025-03-27 16:11:33 - [Cluster 1 - CLIENT] - INFO - 
2025-03-27 16:11:33 - [Cluster 1 - CLIENT] - INFO - Received: train message c53513e8-b7bc-449a-b9d0-b84ec98c24f6
2025-03-27 16:11:33 - [Cluster 1 - CLIENT] - INFO - [Store 963] Starting local training.
2025-03-27 16:11:33 - [Cluster 1 - CLIENT] - INFO - 
2025-03-27 16:11:33 - [Cluster 1 - CLIENT] - INFO - Received: train message f8b79597-c0f5-4268-a2e7-1e71a34c62fc
2025-03-27 16:11:33 - [Cluster 1 - CLIENT] - INFO - [Store 1114] Starting local training.
2025-03-27 16:11:33 - [Cluster 1 - CLIENT] - INFO - [Store 1033] Starting local training.
2025-03-27 16:11:33 - [Cluster 1 - CLIENT] - INFO - [Store 233] Starting local training.
2025-03-27 16:11:33 - [Cluster 1 - CLIENT] - INFO - [Store 809] Starting local training.
2025-03-27 16:11:33 - [Cluster 1 - CLIENT] - INFO - [Store 431] Starting local training.
2025-03-27 16:11:33 - [Cluster 1 - CLIENT] - INFO - [Store 154] Starting local training.
2025-03-27 16:11:33 - [Cluster 1 - CLIENT] - INFO - [Store 733] Starting local training.
2025-03-27 16:11:33 - [Cluster 1 - CLIENT] - INFO - [Store 269] Starting local training.
2025-03-27 16:11:33 - [Cluster 1 - CLIENT] - INFO - [Store 524] Starting local training.
2025-03-27 16:11:33 - [Cluster 1 - CLIENT] - INFO - [Store 846] Starting local training.
2025-03-27 16:11:33 - [Cluster 1 - CLIENT] - INFO - [Store 687] Starting local training.
2025-03-27 16:11:33 - [Cluster 1 - CLIENT] - INFO - [Store 380] Starting local training.
2025-03-27 16:11:33 - [Cluster 1 - CLIENT] - INFO - [Store 267] Starting local training.
2025-03-27 16:15:49 - [Cluster 1 - CLIENT] - INFO - [Store 963] Local training complete.
2025-03-27 16:15:49 - [Cluster 1 - CLIENT] - INFO - Sent reply
2025-03-27 16:15:49 - [Cluster 1 - CLIENT] - INFO - 
2025-03-27 16:15:49 - [Cluster 1 - CLIENT] - INFO - Received: train message ee4c05cb-9be5-499b-a793-6bdfb62e930f
2025-03-27 16:15:49 - [Cluster 1 - CLIENT] - INFO - [Store 729] Starting local training.
2025-03-27 16:15:50 - [Cluster 1 - CLIENT] - INFO - [Store 431] Local training complete.
2025-03-27 16:15:50 - [Cluster 1 - CLIENT] - INFO - Sent reply
2025-03-27 16:15:50 - [Cluster 1 - CLIENT] - INFO - 
2025-03-27 16:15:50 - [Cluster 1 - CLIENT] - INFO - Received: train message ba2e27df-c74e-4b1f-90c8-3433ff3c7517
2025-03-27 16:15:50 - [Cluster 1 - CLIENT] - INFO - [Store 545] Starting local training.
2025-03-27 16:15:51 - [Cluster 1 - CLIENT] - INFO - [Store 687] Local training complete.
2025-03-27 16:15:51 - [Cluster 1 - CLIENT] - INFO - Sent reply
2025-03-27 16:15:51 - [Cluster 1 - CLIENT] - INFO - 
2025-03-27 16:15:51 - [Cluster 1 - CLIENT] - INFO - Received: train message 684e3a4e-dced-4c43-8ec3-f1d7e066996f
2025-03-27 16:15:51 - [Cluster 1 - CLIENT] - INFO - [Store 376] Starting local training.
2025-03-27 16:15:52 - [Cluster 1 - CLIENT] - INFO - [Store 154] Local training complete.
2025-03-27 16:15:52 - [Cluster 1 - CLIENT] - INFO - Sent reply
2025-03-27 16:15:52 - [Cluster 1 - CLIENT] - INFO - 
2025-03-27 16:15:52 - [Cluster 1 - CLIENT] - INFO - Received: train message 3818dac1-fc80-4278-a18b-cb9ac5fde07d
2025-03-27 16:15:52 - [Cluster 1 - CLIENT] - INFO - [Store 1040] Starting local training.
2025-03-27 16:15:52 - [Cluster 1 - CLIENT] - INFO - [Store 380] Local training complete.
2025-03-27 16:15:52 - [Cluster 1 - CLIENT] - INFO - Sent reply
2025-03-27 16:15:53 - [Cluster 1 - CLIENT] - INFO - 
2025-03-27 16:15:53 - [Cluster 1 - CLIENT] - INFO - Received: train message 551b433d-21d8-4f77-b458-55c2f56e1aa9
2025-03-27 16:15:53 - [Cluster 1 - CLIENT] - INFO - [Store 147] Starting local training.
2025-03-27 16:15:53 - [Cluster 1 - CLIENT] - INFO - [Store 233] Local training complete.
2025-03-27 16:15:53 - [Cluster 1 - CLIENT] - INFO - Sent reply
2025-03-27 16:15:53 - [Cluster 1 - CLIENT] - INFO - 
2025-03-27 16:15:53 - [Cluster 1 - CLIENT] - INFO - Received: train message 06cf7361-9788-4028-8eda-3a192b277edd
2025-03-27 16:15:53 - [Cluster 1 - CLIENT] - INFO - [Store 396] Starting local training.
2025-03-27 16:15:55 - [Cluster 1 - CLIENT] - INFO - [Store 269] Local training complete.
2025-03-27 16:15:55 - [Cluster 1 - CLIENT] - INFO - [Store 704] Local training complete.
2025-03-27 16:15:55 - [Cluster 1 - CLIENT] - INFO - Sent reply
2025-03-27 16:15:55 - [Cluster 1 - CLIENT] - INFO - 
2025-03-27 16:15:55 - [Cluster 1 - CLIENT] - INFO - Received: train message d3b7f539-6482-426e-bbaa-c23e8576338a
2025-03-27 16:15:55 - [Cluster 1 - CLIENT] - INFO - [Store 965] Starting local training.
2025-03-27 16:15:55 - [Cluster 1 - CLIENT] - INFO - Sent reply
2025-03-27 16:15:55 - [Cluster 1 - CLIENT] - INFO - 
2025-03-27 16:15:55 - [Cluster 1 - CLIENT] - INFO - Received: train message 6768f2a4-ba44-41d8-b780-2cff0ba9a201
2025-03-27 16:15:55 - [Cluster 1 - CLIENT] - INFO - [Store 726] Starting local training.
2025-03-27 16:15:56 - [Cluster 1 - CLIENT] - INFO - [Store 267] Local training complete.
2025-03-27 16:15:56 - [Cluster 1 - CLIENT] - INFO - Sent reply
2025-03-27 16:15:56 - [Cluster 1 - CLIENT] - INFO - 
2025-03-27 16:15:56 - [Cluster 1 - CLIENT] - INFO - Received: train message ef3a32fb-5e02-4eb2-ac7c-8f16f0aa68a0
2025-03-27 16:15:56 - [Cluster 1 - CLIENT] - INFO - [Store 562] Starting local training.
2025-03-27 16:15:57 - [Cluster 1 - CLIENT] - INFO - [Store 846] Local training complete.
2025-03-27 16:15:57 - [Cluster 1 - CLIENT] - INFO - Sent reply
2025-03-27 16:15:57 - [Cluster 1 - CLIENT] - INFO - 
2025-03-27 16:15:57 - [Cluster 1 - CLIENT] - INFO - Received: train message 7f14b86a-d0ce-43a9-9429-77e8faf9fad7
2025-03-27 16:15:57 - [Cluster 1 - CLIENT] - INFO - [Store 445] Starting local training.
2025-03-27 16:15:57 - [Cluster 1 - CLIENT] - INFO - [Store 1033] Local training complete.
2025-03-27 16:15:57 - [Cluster 1 - CLIENT] - INFO - Sent reply
2025-03-27 16:15:57 - [Cluster 1 - CLIENT] - INFO - 
2025-03-27 16:15:57 - [Cluster 1 - CLIENT] - INFO - Received: train message 9aea721b-ffd7-407e-9047-8429bb4466c4
2025-03-27 16:15:57 - [Cluster 1 - CLIENT] - INFO - [Store 362] Starting local training.
2025-03-27 16:15:57 - [Cluster 1 - CLIENT] - INFO - [Store 809] Local training complete.
2025-03-27 16:15:57 - [Cluster 1 - CLIENT] - INFO - Sent reply
2025-03-27 16:15:57 - [Cluster 1 - CLIENT] - INFO - 
2025-03-27 16:15:57 - [Cluster 1 - CLIENT] - INFO - Received: train message 2505e0cd-1d4d-4e3a-be94-6c55e460c635
2025-03-27 16:15:57 - [Cluster 1 - CLIENT] - INFO - [Store 384] Starting local training.
2025-03-27 16:15:58 - [Cluster 1 - CLIENT] - INFO - [Store 733] Local training complete.
2025-03-27 16:15:58 - [Cluster 1 - CLIENT] - INFO - Sent reply
2025-03-27 16:15:58 - [Cluster 1 - CLIENT] - INFO - 
2025-03-27 16:15:58 - [Cluster 1 - CLIENT] - INFO - Received: train message 596d9a51-d688-40de-913c-3872fe8e6ff0
2025-03-27 16:15:58 - [Cluster 1 - CLIENT] - INFO - [Store 459] Starting local training.
2025-03-27 16:16:01 - [Cluster 1 - CLIENT] - INFO - [Store 524] Local training complete.
2025-03-27 16:16:01 - [Cluster 1 - CLIENT] - INFO - Sent reply
2025-03-27 16:16:01 - [Cluster 1 - CLIENT] - INFO - 
2025-03-27 16:16:01 - [Cluster 1 - CLIENT] - INFO - Received: train message 0242a6c2-6ab3-4f9c-a73e-dd58373e031b
2025-03-27 16:16:01 - [Cluster 1 - CLIENT] - INFO - [Store 233] Starting local training.
2025-03-27 16:16:06 - [Cluster 1 - CLIENT] - INFO - [Store 1114] Local training complete.
2025-03-27 16:16:06 - [Cluster 1 - CLIENT] - INFO - Sent reply
2025-03-27 16:16:06 - [Cluster 1 - CLIENT] - INFO - 
2025-03-27 16:16:06 - [Cluster 1 - CLIENT] - INFO - Received: train message 3e8380f6-022a-45f2-9ff5-bc299aefedce
2025-03-27 16:16:06 - [Cluster 1 - CLIENT] - INFO - [Store 84] Starting local training.
2025-03-27 16:19:41 - [Cluster 1 - CLIENT] - INFO - [Store 729] Local training complete.
2025-03-27 16:19:42 - [Cluster 1 - CLIENT] - INFO - Sent reply
2025-03-27 16:19:46 - [Cluster 1 - CLIENT] - INFO - [Store 545] Local training complete.
2025-03-27 16:19:46 - [Cluster 1 - CLIENT] - INFO - Sent reply
2025-03-27 16:19:46 - [Cluster 1 - CLIENT] - INFO - [Store 376] Local training complete.
2025-03-27 16:19:47 - [Cluster 1 - CLIENT] - INFO - Sent reply
2025-03-27 16:19:47 - [Cluster 1 - CLIENT] - INFO - [Store 445] Local training complete.
2025-03-27 16:19:47 - [Cluster 1 - CLIENT] - INFO - Sent reply
2025-03-27 16:19:47 - [Cluster 1 - CLIENT] - INFO - [Store 1040] Local training complete.
2025-03-27 16:19:47 - [Cluster 1 - CLIENT] - INFO - Sent reply
2025-03-27 16:19:48 - [Cluster 1 - CLIENT] - INFO - [Store 147] Local training complete.
2025-03-27 16:19:48 - [Cluster 1 - CLIENT] - INFO - Sent reply
2025-03-27 16:19:49 - [Cluster 1 - CLIENT] - INFO - [Store 459] Local training complete.
2025-03-27 16:19:49 - [Cluster 1 - CLIENT] - INFO - Sent reply
2025-03-27 16:19:49 - [Cluster 1 - CLIENT] - INFO - [Store 362] Local training complete.
2025-03-27 16:19:49 - [Cluster 1 - CLIENT] - INFO - Sent reply
2025-03-27 16:19:49 - [Cluster 1 - CLIENT] - INFO - [Store 396] Local training complete.
2025-03-27 16:19:49 - [Cluster 1 - CLIENT] - INFO - Sent reply
2025-03-27 16:19:50 - [Cluster 1 - CLIENT] - INFO - [Store 726] Local training complete.
2025-03-27 16:19:50 - [Cluster 1 - CLIENT] - INFO - [Store 562] Local training complete.
2025-03-27 16:19:50 - [Cluster 1 - CLIENT] - INFO - Sent reply
2025-03-27 16:19:50 - [Cluster 1 - CLIENT] - INFO - Sent reply
2025-03-27 16:19:51 - [Cluster 1 - CLIENT] - INFO - [Store 233] Local training complete.
2025-03-27 16:19:51 - [Cluster 1 - CLIENT] - INFO - Sent reply
2025-03-27 16:19:51 - [Cluster 1 - CLIENT] - INFO - [Store 384] Local training complete.
2025-03-27 16:19:51 - [Cluster 1 - CLIENT] - INFO - Sent reply
2025-03-27 16:19:52 - [Cluster 1 - CLIENT] - INFO - [Store 84] Local training complete.
2025-03-27 16:19:52 - [Cluster 1 - CLIENT] - INFO - Sent reply
2025-03-27 16:19:52 - [Cluster 1 - CLIENT] - INFO - [Store 965] Local training complete.
2025-03-27 16:19:52 - [Cluster 1 - CLIENT] - INFO - Sent reply
2025-03-27 16:19:52 - [Cluster 1 - CLIENT] - INFO - 
2025-03-27 16:19:52 - [Cluster 1 - CLIENT] - INFO - Received: evaluate message d4e47bed-84bd-45d5-b7d0-3b496f54ec3d
2025-03-27 16:19:52 - [Cluster 1 - CLIENT] - INFO - 
2025-03-27 16:19:52 - [Cluster 1 - CLIENT] - INFO - 
2025-03-27 16:19:52 - [Cluster 1 - CLIENT] - INFO - Received: evaluate message c9263832-7b6b-4d39-9e40-2f2f6bcf0100
2025-03-27 16:19:52 - [Cluster 1 - CLIENT] - INFO - Received: evaluate message c618aaf4-3b1a-4c80-a84b-d864892445c2
2025-03-27 16:19:52 - [Cluster 1 - CLIENT] - INFO - 
2025-03-27 16:19:52 - [Cluster 1 - CLIENT] - INFO - Received: evaluate message 0fcb0a41-61fb-4204-8889-f8a6cbfe9146
2025-03-27 16:19:52 - [Cluster 1 - CLIENT] - INFO - 
2025-03-27 16:19:52 - [Cluster 1 - CLIENT] - INFO - Received: evaluate message a787311d-3dfc-4c76-88e5-263323a7411b
2025-03-27 16:19:52 - [Cluster 1 - CLIENT] - INFO - 
2025-03-27 16:19:52 - [Cluster 1 - CLIENT] - INFO - Received: evaluate message 98a7af83-5c7d-4db5-872c-ed92e45cc66a
2025-03-27 16:19:52 - [Cluster 1 - CLIENT] - INFO - 
2025-03-27 16:19:52 - [Cluster 1 - CLIENT] - INFO - Received: evaluate message 7127f6a6-0396-4b22-a790-d97da3f5181e
2025-03-27 16:19:52 - [Cluster 1 - CLIENT] - INFO - 
2025-03-27 16:19:52 - [Cluster 1 - CLIENT] - INFO - Received: evaluate message 374b8ecb-2942-43a4-ad4f-54dc7a0f117c
2025-03-27 16:19:52 - [Cluster 1 - CLIENT] - INFO - 
2025-03-27 16:19:52 - [Cluster 1 - CLIENT] - INFO - Received: evaluate message f2683ad9-06e4-48df-963e-ff3aa235601e
2025-03-27 16:19:52 - [Cluster 1 - CLIENT] - INFO - 
2025-03-27 16:19:52 - [Cluster 1 - CLIENT] - INFO - Received: evaluate message d742ea72-c79a-4576-9b74-d83b654402b4
2025-03-27 16:19:52 - [Cluster 1 - CLIENT] - INFO - 
2025-03-27 16:19:52 - [Cluster 1 - CLIENT] - INFO - Received: evaluate message 0725df3e-2a94-49aa-a9e3-9e44b6035cf7
2025-03-27 16:19:52 - [Cluster 1 - CLIENT] - INFO - 
2025-03-27 16:19:52 - [Cluster 1 - CLIENT] - INFO - Received: evaluate message 9b2b786d-416e-4474-9985-837e87c27c99
2025-03-27 16:19:52 - [Cluster 1 - CLIENT] - INFO - 
2025-03-27 16:19:53 - [Cluster 1 - CLIENT] - INFO - Received: evaluate message be091f54-907c-446d-8a6b-3dcb4d72a3b8
2025-03-27 16:19:53 - [Cluster 1 - CLIENT] - INFO - 
2025-03-27 16:19:53 - [Cluster 1 - CLIENT] - INFO - 
2025-03-27 16:19:53 - [Cluster 1 - CLIENT] - INFO - Received: evaluate message 35633005-3a13-4082-ae48-ef8fd1b843e3
2025-03-27 16:19:53 - [Cluster 1 - CLIENT] - INFO - Received: evaluate message 0b693749-48b8-4c0b-81af-8306f6edf5dd
2025-03-27 16:19:54 - [Cluster 1 - CLIENT] - INFO - [Store 384] Evaluation - Loss: 31151892.0000, MAE: 4893.1650
2025-03-27 16:19:54 - [Cluster 1 - CLIENT] - INFO - [Store 396] Evaluation - Loss: 68073184.0000, MAE: 6240.1313
2025-03-27 16:19:54 - [Cluster 1 - CLIENT] - INFO - [Store 726] Evaluation - Loss: 282926528.0000, MAE: 14670.9473
2025-03-27 16:19:54 - [Cluster 1 - CLIENT] - INFO - Sent reply
2025-03-27 16:19:54 - [Cluster 1 - CLIENT] - INFO - Sent reply
2025-03-27 16:19:54 - [Cluster 1 - CLIENT] - INFO - Sent reply
2025-03-27 16:19:54 - [Cluster 1 - CLIENT] - INFO - [Store 459] Evaluation - Loss: 27359032.0000, MAE: 4475.5098
2025-03-27 16:19:54 - [Cluster 1 - CLIENT] - INFO - Sent reply
2025-03-27 16:19:54 - [Cluster 1 - CLIENT] - INFO - 
2025-03-27 16:19:54 - [Cluster 1 - CLIENT] - INFO - Received: evaluate message a6039f43-03ae-4991-ac83-9232524af37a
2025-03-27 16:19:54 - [Cluster 1 - CLIENT] - INFO - 
2025-03-27 16:19:54 - [Cluster 1 - CLIENT] - INFO - 
2025-03-27 16:19:54 - [Cluster 1 - CLIENT] - INFO - Received: evaluate message fa4d46fb-4b2c-4fcd-a332-95ed4045555e
2025-03-27 16:19:54 - [Cluster 1 - CLIENT] - INFO - [Store 1033] Evaluation - Loss: 43710992.0000, MAE: 5870.3701
2025-03-27 16:19:54 - [Cluster 1 - CLIENT] - INFO - Received: evaluate message 0be7d693-75fb-4307-b0b6-6d411e6f472d
2025-03-27 16:19:54 - [Cluster 1 - CLIENT] - INFO - 
2025-03-27 16:19:54 - [Cluster 1 - CLIENT] - INFO - Received: evaluate message 82e5a674-e84f-44f7-9a4f-4b5cd181a710
2025-03-27 16:19:54 - [Cluster 1 - CLIENT] - INFO - Sent reply
2025-03-27 16:19:54 - [Cluster 1 - CLIENT] - INFO - [Store 269] Evaluation - Loss: 27869894.0000, MAE: 4542.8584
2025-03-27 16:19:54 - [Cluster 1 - CLIENT] - INFO - Sent reply
2025-03-27 16:19:54 - [Cluster 1 - CLIENT] - INFO - 
2025-03-27 16:19:54 - [Cluster 1 - CLIENT] - INFO - Received: evaluate message abcbe5a9-0ae6-4481-8e05-0bce3dd2e060
2025-03-27 16:19:54 - [Cluster 1 - CLIENT] - INFO - [Store 704] Evaluation - Loss: 37654448.0000, MAE: 5707.8770
2025-03-27 16:19:54 - [Cluster 1 - CLIENT] - INFO - [Store 233] Evaluation - Loss: 32367154.0000, MAE: 5323.0640
2025-03-27 16:19:54 - [Cluster 1 - CLIENT] - INFO - Sent reply
2025-03-27 16:19:54 - [Cluster 1 - CLIENT] - INFO - Sent reply
2025-03-27 16:19:54 - [Cluster 1 - CLIENT] - INFO - 
2025-03-27 16:19:54 - [Cluster 1 - CLIENT] - INFO - Received: evaluate message 53e7a246-268d-4db6-8904-1c7b156a6d40
2025-03-27 16:19:54 - [Cluster 1 - CLIENT] - INFO - [Store 965] Evaluation - Loss: 20866612.0000, MAE: 4095.2649
2025-03-27 16:19:54 - [Cluster 1 - CLIENT] - INFO - Sent reply
2025-03-27 16:19:54 - [Cluster 1 - CLIENT] - INFO - [Store 524] Evaluation - Loss: 158368832.0000, MAE: 11408.0322
2025-03-27 16:19:54 - [Cluster 1 - CLIENT] - INFO - [Store 562] Evaluation - Loss: 78887816.0000, MAE: 8279.2432
2025-03-27 16:19:54 - [Cluster 1 - CLIENT] - INFO - Sent reply
2025-03-27 16:19:54 - [Cluster 1 - CLIENT] - INFO - Sent reply
2025-03-27 16:19:54 - [Cluster 1 - CLIENT] - INFO - [Store 729] Evaluation - Loss: 27039438.0000, MAE: 4459.6421
2025-03-27 16:19:54 - [Cluster 1 - CLIENT] - INFO - Sent reply
2025-03-27 16:19:54 - [Cluster 1 - CLIENT] - INFO - 
2025-03-27 16:19:54 - [Cluster 1 - CLIENT] - INFO - Received: evaluate message 796f6559-9d05-48d5-9ebe-41c95254e5b8
2025-03-27 16:19:54 - [Cluster 1 - CLIENT] - INFO - 
2025-03-27 16:19:54 - [Cluster 1 - CLIENT] - INFO - 
2025-03-27 16:19:54 - [Cluster 1 - CLIENT] - INFO - Received: evaluate message 9061fbb8-d6a4-486a-ad15-241c360613c1
2025-03-27 16:19:54 - [Cluster 1 - CLIENT] - INFO - Received: evaluate message e77236e0-5105-4375-90a4-02c442e7ba61
2025-03-27 16:19:54 - [Cluster 1 - CLIENT] - INFO - 
2025-03-27 16:19:54 - [Cluster 1 - CLIENT] - INFO - [Store 963] Evaluation - Loss: 59346292.0000, MAE: 5645.3745
2025-03-27 16:19:54 - [Cluster 1 - CLIENT] - INFO - Received: evaluate message bde7465d-7f0f-4dd7-a392-5cbc355bcbb7
2025-03-27 16:19:54 - [Cluster 1 - CLIENT] - INFO - 
2025-03-27 16:19:54 - [Cluster 1 - CLIENT] - INFO - Received: evaluate message 328b1552-360f-45c3-aa9e-cf7348b07bbb
2025-03-27 16:19:54 - [Cluster 1 - CLIENT] - INFO - Sent reply
2025-03-27 16:19:54 - [Cluster 1 - CLIENT] - INFO - 
2025-03-27 16:19:54 - [Cluster 1 - CLIENT] - INFO - Received: evaluate message b8fadd70-b889-4282-8b8c-f4ea720bea0f
2025-03-27 16:19:54 - [Cluster 1 - CLIENT] - INFO - 
2025-03-27 16:19:54 - [Cluster 1 - CLIENT] - INFO - Received: evaluate message 395b6c24-9ab2-4be3-9842-fe64bcdbfdc8
2025-03-27 16:19:54 - [Cluster 1 - CLIENT] - INFO - [Store 809] Evaluation - Loss: 18176704.0000, MAE: 3519.3357
2025-03-27 16:19:54 - [Cluster 1 - CLIENT] - INFO - Sent reply
2025-03-27 16:19:54 - [Cluster 1 - CLIENT] - INFO - [Store 431] Evaluation - Loss: 22178092.0000, MAE: 4319.7515
2025-03-27 16:19:54 - [Cluster 1 - CLIENT] - INFO - Sent reply
2025-03-27 16:19:54 - [Cluster 1 - CLIENT] - INFO - 
2025-03-27 16:19:54 - [Cluster 1 - CLIENT] - INFO - Received: evaluate message b4d02d13-2556-46e7-b974-a73173438737
2025-03-27 16:19:54 - [Cluster 1 - CLIENT] - INFO - 
2025-03-27 16:19:54 - [Cluster 1 - CLIENT] - INFO - Received: evaluate message e7e649fa-0871-4eb3-a690-63abfa6d69b9
2025-03-27 16:19:56 - [Cluster 1 - CLIENT] - INFO - [Store 233] Evaluation - Loss: 32367154.0000, MAE: 5323.0640
2025-03-27 16:19:56 - [Cluster 1 - CLIENT] - INFO - Sent reply
2025-03-27 16:19:56 - [Cluster 1 - CLIENT] - INFO - [Store 376] Evaluation - Loss: 23087516.0000, MAE: 4237.4873
2025-03-27 16:19:56 - [Cluster 1 - CLIENT] - INFO - Sent reply
2025-03-27 16:19:56 - [Cluster 1 - CLIENT] - INFO - [Store 1040] Evaluation - Loss: 18486846.0000, MAE: 3813.3835
2025-03-27 16:19:56 - [Cluster 1 - CLIENT] - INFO - Sent reply
2025-03-27 16:19:56 - [Cluster 1 - CLIENT] - INFO - [Store 84] Evaluation - Loss: 37159344.0000, MAE: 5504.2363
2025-03-27 16:19:56 - [Cluster 1 - CLIENT] - INFO - [Store 733] Evaluation - Loss: 48351432.0000, MAE: 6538.7939
2025-03-27 16:19:56 - [Cluster 1 - CLIENT] - INFO - Sent reply
2025-03-27 16:19:56 - [Cluster 1 - CLIENT] - INFO - Sent reply
2025-03-27 16:19:56 - [Cluster 1 - CLIENT] - INFO - [Store 362] Evaluation - Loss: 32599954.0000, MAE: 5234.2637
2025-03-27 16:19:56 - [Cluster 1 - CLIENT] - INFO - Sent reply
2025-03-27 16:19:56 - [Cluster 1 - CLIENT] - INFO - [Store 545] Evaluation - Loss: 30063912.0000, MAE: 4805.6216
2025-03-27 16:19:56 - [Cluster 1 - CLIENT] - INFO - Sent reply
2025-03-27 16:19:56 - [Cluster 1 - CLIENT] - INFO - [Store 1114] Evaluation - Loss: 160838416.0000, MAE: 11962.0771
2025-03-27 16:19:56 - [Cluster 1 - CLIENT] - INFO - Sent reply
2025-03-27 16:19:56 - [Cluster 1 - CLIENT] - INFO - [Store 445] Evaluation - Loss: 27649874.0000, MAE: 4891.1436
2025-03-27 16:19:56 - [Cluster 1 - CLIENT] - INFO - [Store 154] Evaluation - Loss: 16498543.0000, MAE: 2960.3933
2025-03-27 16:19:56 - [Cluster 1 - CLIENT] - INFO - Sent reply
2025-03-27 16:19:56 - [Cluster 1 - CLIENT] - INFO - Sent reply
2025-03-27 16:19:56 - [Cluster 1 - CLIENT] - INFO - [Store 147] Evaluation - Loss: 13925309.0000, MAE: 3283.8438
2025-03-27 16:19:56 - [Cluster 1 - CLIENT] - INFO - Sent reply
2025-03-27 16:19:56 - [Cluster 1 - CLIENT] - INFO - [Store 380] Evaluation - Loss: 65336604.0000, MAE: 7437.0156
2025-03-27 16:19:56 - [Cluster 1 - CLIENT] - INFO - Sent reply
2025-03-27 16:19:56 - [Cluster 1 - CLIENT] - INFO - [Store 687] Evaluation - Loss: 23395112.0000, MAE: 4511.7378
2025-03-27 16:19:56 - [Cluster 1 - CLIENT] - INFO - Sent reply
2025-03-27 16:19:56 - [Cluster 1 - CLIENT] - INFO - [Store 267] Evaluation - Loss: 25410804.0000, MAE: 4479.3384
2025-03-27 16:19:56 - [Cluster 1 - CLIENT] - INFO - Sent reply
2025-03-27 16:19:56 - [Cluster 1 - CLIENT] - INFO - [Store 846] Evaluation - Loss: 20165356.0000, MAE: 3808.1750
2025-03-27 16:19:56 - [Cluster 1 - CLIENT] - INFO - Sent reply
2025-03-27 16:19:56 - [Cluster 1 - CLIENT] - INFO - 
2025-03-27 16:19:56 - [Cluster 1 - CLIENT] - INFO - Received: train message 3a4eae52-6bf1-4b8d-8688-a5b5651e1c4b
2025-03-27 16:19:56 - [Cluster 1 - CLIENT] - INFO - 
2025-03-27 16:19:56 - [Cluster 1 - CLIENT] - INFO - Received: train message 75ded6a1-8794-4e24-8514-500553c4eeaa
2025-03-27 16:19:56 - [Cluster 1 - CLIENT] - INFO - 
2025-03-27 16:19:56 - [Cluster 1 - CLIENT] - INFO - Received: train message 6aeb50c6-b668-4380-85b3-224743be8fb3
2025-03-27 16:19:56 - [Cluster 1 - CLIENT] - INFO - 
2025-03-27 16:19:56 - [Cluster 1 - CLIENT] - INFO - Received: train message ace66b7f-9190-4ac5-b559-69d153b977fc
2025-03-27 16:19:56 - [Cluster 1 - CLIENT] - INFO - 
2025-03-27 16:19:56 - [Cluster 1 - CLIENT] - INFO - Received: train message 53a90e87-ef10-4c80-8efe-f01ba91af588
2025-03-27 16:19:56 - [Cluster 1 - CLIENT] - INFO - 
2025-03-27 16:19:56 - [Cluster 1 - CLIENT] - INFO - Received: train message 7c14b5fb-ba0f-49e8-8423-083ce73bcc60
2025-03-27 16:19:56 - [Cluster 1 - CLIENT] - INFO - 
2025-03-27 16:19:56 - [Cluster 1 - CLIENT] - INFO - Received: train message 184967fe-cad8-4041-b0ba-fe5f5587579c
2025-03-27 16:19:56 - [Cluster 1 - CLIENT] - INFO - [Store 233] Starting local training.
2025-03-27 16:19:56 - [Cluster 1 - CLIENT] - INFO - 
2025-03-27 16:19:56 - [Cluster 1 - CLIENT] - INFO - Received: train message 536eb0d7-9705-4452-96ee-32a4561029be
2025-03-27 16:19:56 - [Cluster 1 - CLIENT] - INFO - 
2025-03-27 16:19:56 - [Cluster 1 - CLIENT] - INFO - Received: train message e34522f7-9ec0-4dc2-b5d7-dffb8457513c
2025-03-27 16:19:56 - [Cluster 1 - CLIENT] - INFO - [Store 1040] Starting local training.
2025-03-27 16:19:56 - [Cluster 1 - CLIENT] - INFO - [Store 687] Starting local training.
2025-03-27 16:19:56 - [Cluster 1 - CLIENT] - INFO - [Store 733] Starting local training.
2025-03-27 16:19:56 - [Cluster 1 - CLIENT] - INFO - 
2025-03-27 16:19:56 - [Cluster 1 - CLIENT] - INFO - Received: train message 3e82bfb1-2452-4db7-8a89-123c864c8815
2025-03-27 16:19:56 - [Cluster 1 - CLIENT] - INFO - 
2025-03-27 16:19:56 - [Cluster 1 - CLIENT] - INFO - Received: train message ef7767b3-96ce-48cb-9f56-0d601eafb0cd
2025-03-27 16:19:56 - [Cluster 1 - CLIENT] - INFO - 
2025-03-27 16:19:56 - [Cluster 1 - CLIENT] - INFO - [Store 376] Starting local training.
2025-03-27 16:19:56 - [Cluster 1 - CLIENT] - INFO - Received: train message 469ca9f0-ab91-40ef-b3f2-651848fd5bd2
2025-03-27 16:19:56 - [Cluster 1 - CLIENT] - INFO - 
2025-03-27 16:19:56 - [Cluster 1 - CLIENT] - INFO - Received: train message def5b51f-ca53-4b3a-8578-8242de4f93a4
2025-03-27 16:19:56 - [Cluster 1 - CLIENT] - INFO - 
2025-03-27 16:19:56 - [Cluster 1 - CLIENT] - INFO - Received: train message 456f9152-d5a2-440a-9ce6-d10f8c34bde2
2025-03-27 16:19:56 - [Cluster 1 - CLIENT] - INFO - [Store 726] Starting local training.
2025-03-27 16:19:56 - [Cluster 1 - CLIENT] - INFO - 
2025-03-27 16:19:56 - [Cluster 1 - CLIENT] - INFO - Received: train message b46fbffb-9354-41da-b6f7-6718a992c7e3
2025-03-27 16:19:56 - [Cluster 1 - CLIENT] - INFO - [Store 809] Starting local training.
2025-03-27 16:19:56 - [Cluster 1 - CLIENT] - INFO - [Store 233] Starting local training.
2025-03-27 16:19:56 - [Cluster 1 - CLIENT] - INFO - [Store 524] Starting local training.
2025-03-27 16:19:56 - [Cluster 1 - CLIENT] - INFO - [Store 384] Starting local training.
2025-03-27 16:19:56 - [Cluster 1 - CLIENT] - INFO - [Store 729] Starting local training.
2025-03-27 16:19:56 - [Cluster 1 - CLIENT] - INFO - [Store 965] Starting local training.
2025-03-27 16:19:56 - [Cluster 1 - CLIENT] - INFO - [Store 396] Starting local training.
2025-03-27 16:19:56 - [Cluster 1 - CLIENT] - INFO - [Store 1033] Starting local training.
2025-03-27 16:19:56 - [Cluster 1 - CLIENT] - INFO - [Store 562] Starting local training.
2025-03-27 16:23:37 - [Cluster 1 - CLIENT] - INFO - [Store 562] Local training complete.
2025-03-27 16:23:37 - [Cluster 1 - CLIENT] - INFO - Sent reply
2025-03-27 16:23:37 - [Cluster 1 - CLIENT] - INFO - 
2025-03-27 16:23:37 - [Cluster 1 - CLIENT] - INFO - Received: train message 9ac7b3ba-d9e0-4169-955a-8a078210cdee
2025-03-27 16:23:37 - [Cluster 1 - CLIENT] - INFO - [Store 846] Starting local training.
2025-03-27 16:23:41 - [Cluster 1 - CLIENT] - INFO - [Store 726] Local training complete.
2025-03-27 16:23:41 - [Cluster 1 - CLIENT] - INFO - Sent reply
2025-03-27 16:23:41 - [Cluster 1 - CLIENT] - INFO - 
2025-03-27 16:23:41 - [Cluster 1 - CLIENT] - INFO - Received: train message 4217a49e-68ae-4f8f-9d3f-90f2e7956a00
2025-03-27 16:23:41 - [Cluster 1 - CLIENT] - INFO - [Store 147] Starting local training.
2025-03-27 16:23:42 - [Cluster 1 - CLIENT] - INFO - [Store 384] Local training complete.
2025-03-27 16:23:42 - [Cluster 1 - CLIENT] - INFO - Sent reply
2025-03-27 16:23:42 - [Cluster 1 - CLIENT] - INFO - 
2025-03-27 16:23:42 - [Cluster 1 - CLIENT] - INFO - Received: train message 4e6b8458-b92b-43ba-a926-c34e0e344159
2025-03-27 16:23:42 - [Cluster 1 - CLIENT] - INFO - [Store 431] Starting local training.
2025-03-27 16:23:43 - [Cluster 1 - CLIENT] - INFO - [Store 733] Local training complete.
2025-03-27 16:23:43 - [Cluster 1 - CLIENT] - INFO - Sent reply
2025-03-27 16:23:43 - [Cluster 1 - CLIENT] - INFO - 
2025-03-27 16:23:43 - [Cluster 1 - CLIENT] - INFO - Received: train message 1859c857-d346-4f6a-8bb5-ec20f3d45051
2025-03-27 16:23:43 - [Cluster 1 - CLIENT] - INFO - [Store 362] Starting local training.
2025-03-27 16:23:43 - [Cluster 1 - CLIENT] - INFO - [Store 376] Local training complete.
2025-03-27 16:23:43 - [Cluster 1 - CLIENT] - INFO - Sent reply
2025-03-27 16:23:43 - [Cluster 1 - CLIENT] - INFO - 
2025-03-27 16:23:43 - [Cluster 1 - CLIENT] - INFO - Received: train message b8c1a9cb-d29b-4050-93f1-71b59a8829de
2025-03-27 16:23:43 - [Cluster 1 - CLIENT] - INFO - [Store 396] Local training complete.
2025-03-27 16:23:43 - [Cluster 1 - CLIENT] - INFO - [Store 233] Local training complete.
2025-03-27 16:23:43 - [Cluster 1 - CLIENT] - INFO - [Store 545] Starting local training.
2025-03-27 16:23:43 - [Cluster 1 - CLIENT] - INFO - Sent reply
2025-03-27 16:23:43 - [Cluster 1 - CLIENT] - INFO - Sent reply
2025-03-27 16:23:43 - [Cluster 1 - CLIENT] - INFO - [Store 524] Local training complete.
2025-03-27 16:23:43 - [Cluster 1 - CLIENT] - INFO - 
2025-03-27 16:23:43 - [Cluster 1 - CLIENT] - INFO - Received: train message dc164af8-a667-45f8-9537-f3deb2feec68
2025-03-27 16:23:43 - [Cluster 1 - CLIENT] - INFO - 
2025-03-27 16:23:43 - [Cluster 1 - CLIENT] - INFO - Received: train message daffed23-e2c1-46d4-8eed-ebeded122751
2025-03-27 16:23:43 - [Cluster 1 - CLIENT] - INFO - [Store 459] Starting local training.
2025-03-27 16:23:43 - [Cluster 1 - CLIENT] - INFO - Sent reply
2025-03-27 16:23:43 - [Cluster 1 - CLIENT] - INFO - [Store 1114] Starting local training.
2025-03-27 16:23:43 - [Cluster 1 - CLIENT] - INFO - 
2025-03-27 16:23:43 - [Cluster 1 - CLIENT] - INFO - Received: train message 307b305b-5e81-4f9d-98de-43ac3963dea8
2025-03-27 16:23:43 - [Cluster 1 - CLIENT] - INFO - [Store 154] Starting local training.
2025-03-27 16:23:44 - [Cluster 1 - CLIENT] - INFO - [Store 729] Local training complete.
2025-03-27 16:23:44 - [Cluster 1 - CLIENT] - INFO - Sent reply
2025-03-27 16:23:44 - [Cluster 1 - CLIENT] - INFO - 
2025-03-27 16:23:44 - [Cluster 1 - CLIENT] - INFO - Received: train message 6b4e469f-0705-4124-ac8d-67f4b3451963
2025-03-27 16:23:44 - [Cluster 1 - CLIENT] - INFO - [Store 380] Starting local training.
2025-03-27 16:23:44 - [Cluster 1 - CLIENT] - INFO - [Store 965] Local training complete.
2025-03-27 16:23:44 - [Cluster 1 - CLIENT] - INFO - Sent reply
2025-03-27 16:23:44 - [Cluster 1 - CLIENT] - INFO - 
2025-03-27 16:23:44 - [Cluster 1 - CLIENT] - INFO - Received: train message 5a378632-3830-4ce7-b82e-1d5c444c65c4
2025-03-27 16:23:44 - [Cluster 1 - CLIENT] - INFO - [Store 84] Starting local training.
2025-03-27 16:23:46 - [Cluster 1 - CLIENT] - INFO - [Store 809] Local training complete.
2025-03-27 16:23:46 - [Cluster 1 - CLIENT] - INFO - Sent reply
2025-03-27 16:23:46 - [Cluster 1 - CLIENT] - INFO - 
2025-03-27 16:23:46 - [Cluster 1 - CLIENT] - INFO - Received: train message 5821da0f-0f1d-4be7-95ea-94ba14223b44
2025-03-27 16:23:46 - [Cluster 1 - CLIENT] - INFO - [Store 267] Starting local training.
2025-03-27 16:23:47 - [Cluster 1 - CLIENT] - INFO - [Store 687] Local training complete.
2025-03-27 16:23:47 - [Cluster 1 - CLIENT] - INFO - Sent reply
2025-03-27 16:23:47 - [Cluster 1 - CLIENT] - INFO - 
2025-03-27 16:23:47 - [Cluster 1 - CLIENT] - INFO - Received: train message d340943e-53bc-4fcf-811c-5a29dbcbcd76
2025-03-27 16:23:47 - [Cluster 1 - CLIENT] - INFO - [Store 269] Starting local training.
2025-03-27 16:23:50 - [Cluster 1 - CLIENT] - INFO - [Store 233] Local training complete.
2025-03-27 16:23:50 - [Cluster 1 - CLIENT] - INFO - Sent reply
2025-03-27 16:23:50 - [Cluster 1 - CLIENT] - INFO - 
2025-03-27 16:23:50 - [Cluster 1 - CLIENT] - INFO - Received: train message 9812a14c-26c6-4613-8647-9c5acb407d35
2025-03-27 16:23:50 - [Cluster 1 - CLIENT] - INFO - [Store 704] Starting local training.
2025-03-27 16:24:03 - [Cluster 1 - CLIENT] - INFO - [Store 1033] Local training complete.
2025-03-27 16:24:03 - [Cluster 1 - CLIENT] - INFO - Sent reply
2025-03-27 16:24:03 - [Cluster 1 - CLIENT] - INFO - 
2025-03-27 16:24:03 - [Cluster 1 - CLIENT] - INFO - Received: train message ba9e3f27-ed37-4ca7-9f02-890553bc9b73
2025-03-27 16:24:03 - [Cluster 1 - CLIENT] - INFO - [Store 963] Starting local training.
2025-03-27 16:24:06 - [Cluster 1 - CLIENT] - INFO - [Store 1040] Local training complete.
2025-03-27 16:24:06 - [Cluster 1 - CLIENT] - INFO - Sent reply
2025-03-27 16:24:06 - [Cluster 1 - CLIENT] - INFO - 
2025-03-27 16:24:06 - [Cluster 1 - CLIENT] - INFO - Received: train message 37a95ba1-91d1-42e3-903b-816eda4e7596
2025-03-27 16:24:06 - [Cluster 1 - CLIENT] - INFO - [Store 445] Starting local training.
2025-03-27 16:27:27 - [Cluster 1 - CLIENT] - INFO - [Store 459] Local training complete.
2025-03-27 16:27:27 - [Cluster 1 - CLIENT] - INFO - [Store 545] Local training complete.
2025-03-27 16:27:27 - [Cluster 1 - CLIENT] - INFO - Sent reply
2025-03-27 16:27:28 - [Cluster 1 - CLIENT] - INFO - Sent reply
2025-03-27 16:27:28 - [Cluster 1 - CLIENT] - INFO - [Store 846] Local training complete.
2025-03-27 16:27:28 - [Cluster 1 - CLIENT] - INFO - Sent reply
2025-03-27 16:27:28 - [Cluster 1 - CLIENT] - INFO - [Store 147] Local training complete.
2025-03-27 16:27:28 - [Cluster 1 - CLIENT] - INFO - [Store 84] Local training complete.
2025-03-27 16:27:29 - [Cluster 1 - CLIENT] - INFO - Sent reply
2025-03-27 16:27:29 - [Cluster 1 - CLIENT] - INFO - Sent reply
2025-03-27 16:27:29 - [Cluster 1 - CLIENT] - INFO - [Store 1114] Local training complete.
2025-03-27 16:27:29 - [Cluster 1 - CLIENT] - INFO - Sent reply
2025-03-27 16:27:30 - [Cluster 1 - CLIENT] - INFO - [Store 267] Local training complete.
2025-03-27 16:27:30 - [Cluster 1 - CLIENT] - INFO - Sent reply
2025-03-27 16:27:30 - [Cluster 1 - CLIENT] - INFO - [Store 362] Local training complete.
2025-03-27 16:27:30 - [Cluster 1 - CLIENT] - INFO - Sent reply
2025-03-27 16:27:30 - [Cluster 1 - CLIENT] - INFO - [Store 431] Local training complete.
2025-03-27 16:27:31 - [Cluster 1 - CLIENT] - INFO - Sent reply
2025-03-27 16:27:31 - [Cluster 1 - CLIENT] - INFO - [Store 154] Local training complete.
2025-03-27 16:27:31 - [Cluster 1 - CLIENT] - INFO - Sent reply
2025-03-27 16:27:31 - [Cluster 1 - CLIENT] - INFO - [Store 380] Local training complete.
2025-03-27 16:27:31 - [Cluster 1 - CLIENT] - INFO - Sent reply
2025-03-27 16:27:32 - [Cluster 1 - CLIENT] - INFO - [Store 704] Local training complete.
2025-03-27 16:27:32 - [Cluster 1 - CLIENT] - INFO - Sent reply
2025-03-27 16:27:35 - [Cluster 1 - CLIENT] - INFO - [Store 445] Local training complete.
2025-03-27 16:27:35 - [Cluster 1 - CLIENT] - INFO - Sent reply
2025-03-27 16:27:35 - [Cluster 1 - CLIENT] - INFO - [Store 269] Local training complete.
2025-03-27 16:27:35 - [Cluster 1 - CLIENT] - INFO - Sent reply
2025-03-27 16:27:37 - [Cluster 1 - CLIENT] - INFO - [Store 963] Local training complete.
2025-03-27 16:27:37 - [Cluster 1 - CLIENT] - INFO - Sent reply
2025-03-27 16:27:37 - [Cluster 1 - CLIENT] - INFO - 
2025-03-27 16:27:37 - [Cluster 1 - CLIENT] - INFO - Received: evaluate message 65eaa57a-3e86-4ba0-8117-257ea6383618
2025-03-27 16:27:37 - [Cluster 1 - CLIENT] - INFO - 
2025-03-27 16:27:37 - [Cluster 1 - CLIENT] - INFO - Received: evaluate message 8da88846-e0af-4e80-b8ef-498ddf186876
2025-03-27 16:27:37 - [Cluster 1 - CLIENT] - INFO - 
2025-03-27 16:27:37 - [Cluster 1 - CLIENT] - INFO - Received: evaluate message b3c3e1f8-17c4-4787-b4f8-0f27297664e2
2025-03-27 16:27:37 - [Cluster 1 - CLIENT] - INFO - 
2025-03-27 16:27:37 - [Cluster 1 - CLIENT] - INFO - Received: evaluate message 219f3db4-9302-495c-8ed5-7ea2d8f30468
2025-03-27 16:27:37 - [Cluster 1 - CLIENT] - INFO - 
2025-03-27 16:27:37 - [Cluster 1 - CLIENT] - INFO - Received: evaluate message e10aedf6-0bec-48a7-a202-2d889f1e1bd4
2025-03-27 16:27:37 - [Cluster 1 - CLIENT] - INFO - 
2025-03-27 16:27:37 - [Cluster 1 - CLIENT] - INFO - Received: evaluate message 9ba33a06-77b0-4518-b67b-f8daabd5f857
2025-03-27 16:27:37 - [Cluster 1 - CLIENT] - INFO - 
2025-03-27 16:27:37 - [Cluster 1 - CLIENT] - INFO - Received: evaluate message 8e04583f-e95c-4b67-b2d4-8993166ca309
2025-03-27 16:27:37 - [Cluster 1 - CLIENT] - INFO - 
2025-03-27 16:27:37 - [Cluster 1 - CLIENT] - INFO - Received: evaluate message 22bd4624-cbd2-41e1-b24a-c37931b26354
2025-03-27 16:27:37 - [Cluster 1 - CLIENT] - INFO - 
2025-03-27 16:27:37 - [Cluster 1 - CLIENT] - INFO - Received: evaluate message b6b33f5c-7280-4da5-80ba-3a6de334f3f5
2025-03-27 16:27:37 - [Cluster 1 - CLIENT] - INFO - 
2025-03-27 16:27:37 - [Cluster 1 - CLIENT] - INFO - Received: evaluate message abfde452-435a-4679-be38-b556894ba969
2025-03-27 16:27:37 - [Cluster 1 - CLIENT] - INFO - 
2025-03-27 16:27:37 - [Cluster 1 - CLIENT] - INFO - Received: evaluate message 4d84ccbd-6943-4c0e-bb4e-fe2385e68f06
2025-03-27 16:27:37 - [Cluster 1 - CLIENT] - INFO - 
2025-03-27 16:27:37 - [Cluster 1 - CLIENT] - INFO - Received: evaluate message 33548db9-eafa-4484-a24b-63672129eff9
2025-03-27 16:27:37 - [Cluster 1 - CLIENT] - INFO - 
2025-03-27 16:27:37 - [Cluster 1 - CLIENT] - INFO - Received: evaluate message 7fe03892-00e3-4b08-a269-5869d22ccf96
2025-03-27 16:27:37 - [Cluster 1 - CLIENT] - INFO - 
2025-03-27 16:27:37 - [Cluster 1 - CLIENT] - INFO - Received: evaluate message 447a5839-e16b-4d45-b291-040cfe2559b3
2025-03-27 16:27:37 - [Cluster 1 - CLIENT] - INFO - 
2025-03-27 16:27:37 - [Cluster 1 - CLIENT] - INFO - Received: evaluate message 4c7460ce-fe63-4920-b439-5ac099d518e9
2025-03-27 16:27:38 - [Cluster 1 - CLIENT] - INFO - [Store 154] Evaluation - Loss: 24782412.0000, MAE: 3518.1648
2025-03-27 16:27:38 - [Cluster 1 - CLIENT] - INFO - Sent reply
2025-03-27 16:27:38 - [Cluster 1 - CLIENT] - INFO - 
2025-03-27 16:27:38 - [Cluster 1 - CLIENT] - INFO - Received: evaluate message 68660b27-7f66-47cd-a933-513dc138c8d6
2025-03-27 16:27:38 - [Cluster 1 - CLIENT] - INFO - [Store 445] Evaluation - Loss: 27533278.0000, MAE: 4859.5327
2025-03-27 16:27:38 - [Cluster 1 - CLIENT] - INFO - Sent reply
2025-03-27 16:27:38 - [Cluster 1 - CLIENT] - INFO - 
2025-03-27 16:27:38 - [Cluster 1 - CLIENT] - INFO - Received: evaluate message 13692ebb-ab32-4b90-9f1a-05d1550be767
2025-03-27 16:27:38 - [Cluster 1 - CLIENT] - INFO - [Store 84] Evaluation - Loss: 35315332.0000, MAE: 5206.4341
2025-03-27 16:27:38 - [Cluster 1 - CLIENT] - INFO - [Store 269] Evaluation - Loss: 29263218.0000, MAE: 4635.0942
2025-03-27 16:27:38 - [Cluster 1 - CLIENT] - INFO - Sent reply
2025-03-27 16:27:38 - [Cluster 1 - CLIENT] - INFO - [Store 963] Evaluation - Loss: 89407320.0000, MAE: 7121.4360
2025-03-27 16:27:38 - [Cluster 1 - CLIENT] - INFO - [Store 267] Evaluation - Loss: 24879736.0000, MAE: 4472.7905
2025-03-27 16:27:38 - [Cluster 1 - CLIENT] - INFO - Sent reply
2025-03-27 16:27:38 - [Cluster 1 - CLIENT] - INFO - [Store 545] Evaluation - Loss: 31324158.0000, MAE: 4845.6011
2025-03-27 16:27:38 - [Cluster 1 - CLIENT] - INFO - 
2025-03-27 16:27:38 - [Cluster 1 - CLIENT] - INFO - Received: evaluate message 621a460e-469c-4c66-b8b5-3a48d058de8b
2025-03-27 16:27:38 - [Cluster 1 - CLIENT] - INFO - Sent reply
2025-03-27 16:27:38 - [Cluster 1 - CLIENT] - INFO - Sent reply
2025-03-27 16:27:38 - [Cluster 1 - CLIENT] - INFO - 
2025-03-27 16:27:38 - [Cluster 1 - CLIENT] - INFO - Received: evaluate message 70bef1d0-b00e-47b0-b47e-b89b7b8f2bb9
2025-03-27 16:27:38 - [Cluster 1 - CLIENT] - INFO - 
2025-03-27 16:27:38 - [Cluster 1 - CLIENT] - INFO - [Store 396] Evaluation - Loss: 95351944.0000, MAE: 7395.3779
2025-03-27 16:27:38 - [Cluster 1 - CLIENT] - INFO - Received: evaluate message 6bdcc9dd-4976-4fc2-bd52-4d17f4d7fbeb
2025-03-27 16:27:38 - [Cluster 1 - CLIENT] - INFO - Sent reply
2025-03-27 16:27:38 - [Cluster 1 - CLIENT] - INFO - 
2025-03-27 16:27:38 - [Cluster 1 - CLIENT] - INFO - Received: evaluate message 61677889-3844-4d76-8437-8845507a30a4
2025-03-27 16:27:38 - [Cluster 1 - CLIENT] - INFO - [Store 562] Evaluation - Loss: 91013896.0000, MAE: 9195.3936
2025-03-27 16:27:38 - [Cluster 1 - CLIENT] - INFO - Sent reply
2025-03-27 16:27:38 - [Cluster 1 - CLIENT] - INFO - Sent reply
2025-03-27 16:27:38 - [Cluster 1 - CLIENT] - INFO - [Store 1040] Evaluation - Loss: 20142142.0000, MAE: 3963.8330
2025-03-27 16:27:38 - [Cluster 1 - CLIENT] - INFO - 
2025-03-27 16:27:38 - [Cluster 1 - CLIENT] - INFO - Received: evaluate message b9c61e85-3752-447a-893e-3552feee7b22
2025-03-27 16:27:38 - [Cluster 1 - CLIENT] - INFO - [Store 376] Evaluation - Loss: 24708212.0000, MAE: 4471.2227
2025-03-27 16:27:38 - [Cluster 1 - CLIENT] - INFO - Sent reply
2025-03-27 16:27:38 - [Cluster 1 - CLIENT] - INFO - 
2025-03-27 16:27:38 - [Cluster 1 - CLIENT] - INFO - Received: evaluate message b1e39af5-4730-4e06-b7aa-a86dd5a3c763
2025-03-27 16:27:38 - [Cluster 1 - CLIENT] - INFO - 
2025-03-27 16:27:38 - [Cluster 1 - CLIENT] - INFO - Received: evaluate message 1b4f4d78-adb3-4d00-b2bc-a362d06291e5
2025-03-27 16:27:38 - [Cluster 1 - CLIENT] - INFO - Sent reply
2025-03-27 16:27:38 - [Cluster 1 - CLIENT] - INFO - 
2025-03-27 16:27:38 - [Cluster 1 - CLIENT] - INFO - Received: evaluate message 3e992af3-532f-4336-b025-99a998381f67
2025-03-27 16:27:38 - [Cluster 1 - CLIENT] - INFO - 
2025-03-27 16:27:38 - [Cluster 1 - CLIENT] - INFO - Received: evaluate message c1ae31c6-872c-4af4-8982-e1714298f997
2025-03-27 16:27:38 - [Cluster 1 - CLIENT] - INFO - [Store 362] Evaluation - Loss: 32721376.0000, MAE: 5297.9814
2025-03-27 16:27:38 - [Cluster 1 - CLIENT] - INFO - Sent reply
2025-03-27 16:27:38 - [Cluster 1 - CLIENT] - INFO - 
2025-03-27 16:27:38 - [Cluster 1 - CLIENT] - INFO - Received: evaluate message 38692bf1-357c-4b32-980f-969abf6b2bf2
2025-03-27 16:27:39 - [Cluster 1 - CLIENT] - INFO - [Store 733] Evaluation - Loss: 66948072.0000, MAE: 7952.7266
2025-03-27 16:27:39 - [Cluster 1 - CLIENT] - INFO - Sent reply
2025-03-27 16:27:39 - [Cluster 1 - CLIENT] - INFO - [Store 233] Evaluation - Loss: 28705920.0000, MAE: 5014.0864
2025-03-27 16:27:39 - [Cluster 1 - CLIENT] - INFO - Sent reply
2025-03-27 16:27:39 - [Cluster 1 - CLIENT] - INFO - [Store 726] Evaluation - Loss: 328389792.0000, MAE: 15726.5928
2025-03-27 16:27:39 - [Cluster 1 - CLIENT] - INFO - 
2025-03-27 16:27:39 - [Cluster 1 - CLIENT] - INFO - Sent reply
2025-03-27 16:27:39 - [Cluster 1 - CLIENT] - INFO - Received: evaluate message ce9aff64-a47a-40b9-bdbb-592dba24fb2d
2025-03-27 16:27:39 - [Cluster 1 - CLIENT] - INFO - 
2025-03-27 16:27:39 - [Cluster 1 - CLIENT] - INFO - Received: evaluate message fbc07933-9c7f-4f5e-bfbd-3bdcfc366fac
2025-03-27 16:27:39 - [Cluster 1 - CLIENT] - INFO - 
2025-03-27 16:27:39 - [Cluster 1 - CLIENT] - INFO - Received: evaluate message 23018f57-2157-483c-8401-b3e3d4ae5d81
2025-03-27 16:27:39 - [Cluster 1 - CLIENT] - INFO - [Store 809] Evaluation - Loss: 15664061.0000, MAE: 3023.2595
2025-03-27 16:27:39 - [Cluster 1 - CLIENT] - INFO - Sent reply
2025-03-27 16:27:40 - [Cluster 1 - CLIENT] - INFO - [Store 380] Evaluation - Loss: 64778932.0000, MAE: 7481.8770
2025-03-27 16:27:40 - [Cluster 1 - CLIENT] - INFO - Sent reply
2025-03-27 16:27:40 - [Cluster 1 - CLIENT] - INFO - [Store 459] Evaluation - Loss: 29437694.0000, MAE: 4786.0576
2025-03-27 16:27:40 - [Cluster 1 - CLIENT] - INFO - Sent reply
2025-03-27 16:27:40 - [Cluster 1 - CLIENT] - INFO - [Store 384] Evaluation - Loss: 32120788.0000, MAE: 5025.5215
2025-03-27 16:27:40 - [Cluster 1 - CLIENT] - INFO - [Store 1114] Evaluation - Loss: 156877712.0000, MAE: 11848.2178
2025-03-27 16:27:40 - [Cluster 1 - CLIENT] - INFO - Sent reply
2025-03-27 16:27:40 - [Cluster 1 - CLIENT] - INFO - [Store 233] Evaluation - Loss: 28705920.0000, MAE: 5014.0864
2025-03-27 16:27:40 - [Cluster 1 - CLIENT] - INFO - Sent reply
2025-03-27 16:27:40 - [Cluster 1 - CLIENT] - INFO - [Store 965] Evaluation - Loss: 23459492.0000, MAE: 4368.7080
2025-03-27 16:27:40 - [Cluster 1 - CLIENT] - INFO - [Store 147] Evaluation - Loss: 12613008.0000, MAE: 3053.0647
2025-03-27 16:27:40 - [Cluster 1 - CLIENT] - INFO - [Store 1033] Evaluation - Loss: 47303552.0000, MAE: 6164.1177
2025-03-27 16:27:40 - [Cluster 1 - CLIENT] - INFO - Sent reply
2025-03-27 16:27:40 - [Cluster 1 - CLIENT] - INFO - Sent reply
2025-03-27 16:27:40 - [Cluster 1 - CLIENT] - INFO - Sent reply
2025-03-27 16:27:40 - [Cluster 1 - CLIENT] - INFO - Sent reply
2025-03-27 16:27:40 - [Cluster 1 - CLIENT] - INFO - [Store 729] Evaluation - Loss: 26650822.0000, MAE: 4362.0312
2025-03-27 16:27:40 - [Cluster 1 - CLIENT] - INFO - Sent reply
2025-03-27 16:27:40 - [Cluster 1 - CLIENT] - INFO - [Store 687] Evaluation - Loss: 22566884.0000, MAE: 4373.4824
2025-03-27 16:27:40 - [Cluster 1 - CLIENT] - INFO - Sent reply
2025-03-27 16:27:40 - [Cluster 1 - CLIENT] - INFO - [Store 704] Evaluation - Loss: 35413156.0000, MAE: 5517.7944
2025-03-27 16:27:40 - [Cluster 1 - CLIENT] - INFO - Sent reply
2025-03-27 16:27:40 - [Cluster 1 - CLIENT] - INFO - [Store 524] Evaluation - Loss: 212931536.0000, MAE: 13413.4844
2025-03-27 16:27:40 - [Cluster 1 - CLIENT] - INFO - Sent reply
2025-03-27 16:27:40 - [Cluster 1 - CLIENT] - INFO - [Store 431] Evaluation - Loss: 22375288.0000, MAE: 4377.8423
2025-03-27 16:27:40 - [Cluster 1 - CLIENT] - INFO - Sent reply
2025-03-27 16:27:40 - [Cluster 1 - CLIENT] - INFO - [Store 846] Evaluation - Loss: 20350238.0000, MAE: 3684.8396
2025-03-27 16:27:40 - [Cluster 1 - CLIENT] - INFO - Sent reply
2025-03-27 16:27:40 - [Cluster 1 - CLIENT] - INFO - 
2025-03-27 16:27:40 - [Cluster 1 - CLIENT] - INFO - Received: train message 6b7b6827-0f40-4df3-ac06-c43416ef9535
2025-03-27 16:27:40 - [Cluster 1 - CLIENT] - INFO - 
2025-03-27 16:27:40 - [Cluster 1 - CLIENT] - INFO - 
2025-03-27 16:27:40 - [Cluster 1 - CLIENT] - INFO - 
2025-03-27 16:27:40 - [Cluster 1 - CLIENT] - INFO - Received: train message e17a265a-8103-4ed3-94d9-f127e7577165
2025-03-27 16:27:40 - [Cluster 1 - CLIENT] - INFO - Received: train message 215d3899-45f6-44c2-bc94-ff76024ef268
2025-03-27 16:27:40 - [Cluster 1 - CLIENT] - INFO - Received: train message 3b11706b-82bf-4708-97fb-ac55e6b185ed
2025-03-27 16:27:40 - [Cluster 1 - CLIENT] - INFO - 
2025-03-27 16:27:40 - [Cluster 1 - CLIENT] - INFO - Received: train message ad417952-a501-491e-beee-60661e8d7695
2025-03-27 16:27:40 - [Cluster 1 - CLIENT] - INFO - 
2025-03-27 16:27:40 - [Cluster 1 - CLIENT] - INFO - Received: train message 44e3bb44-6d89-4879-bec9-57fcf8e47f09
2025-03-27 16:27:40 - [Cluster 1 - CLIENT] - INFO - 
2025-03-27 16:27:40 - [Cluster 1 - CLIENT] - INFO - Received: train message ec5c7a48-0bef-4bc7-ab42-73071061036f
2025-03-27 16:27:40 - [Cluster 1 - CLIENT] - INFO - 
2025-03-27 16:27:40 - [Cluster 1 - CLIENT] - INFO - Received: train message ea8ffc26-ca35-4e78-8f6b-1038ef374bfb
2025-03-27 16:27:40 - [Cluster 1 - CLIENT] - INFO - [Store 384] Starting local training.
2025-03-27 16:27:40 - [Cluster 1 - CLIENT] - INFO - [Store 380] Starting local training.
2025-03-27 16:27:40 - [Cluster 1 - CLIENT] - INFO - 
2025-03-27 16:27:40 - [Cluster 1 - CLIENT] - INFO - Received: train message 396927c5-8909-49a8-a033-1ea663dbd9eb
2025-03-27 16:27:40 - [Cluster 1 - CLIENT] - INFO - 
2025-03-27 16:27:40 - [Cluster 1 - CLIENT] - INFO - Received: train message 3d1cc49f-161c-43d5-b87e-fa09431f682e
2025-03-27 16:27:40 - [Cluster 1 - CLIENT] - INFO - 
2025-03-27 16:27:40 - [Cluster 1 - CLIENT] - INFO - Received: train message 72ae22b7-1be8-4785-9718-21096b0bbebf
2025-03-27 16:27:40 - [Cluster 1 - CLIENT] - INFO - 
2025-03-27 16:27:40 - [Cluster 1 - CLIENT] - INFO - Received: train message e9c8373a-165d-45c5-b87e-70fcb273db7d
2025-03-27 16:27:40 - [Cluster 1 - CLIENT] - INFO - [Store 431] Starting local training.
2025-03-27 16:27:40 - [Cluster 1 - CLIENT] - INFO - [Store 1033] Starting local training.
2025-03-27 16:27:40 - [Cluster 1 - CLIENT] - INFO - 
2025-03-27 16:27:40 - [Cluster 1 - CLIENT] - INFO - Received: train message 9b151540-da1d-4b97-bb60-e93a3bc66d10
2025-03-27 16:27:40 - [Cluster 1 - CLIENT] - INFO - 
2025-03-27 16:27:40 - [Cluster 1 - CLIENT] - INFO - Received: train message 6342bc36-dd96-4eec-9462-cecf48cd9b12
2025-03-27 16:27:40 - [Cluster 1 - CLIENT] - INFO - [Store 233] Starting local training.
2025-03-27 16:27:40 - [Cluster 1 - CLIENT] - INFO - 
2025-03-27 16:27:40 - [Cluster 1 - CLIENT] - INFO - Received: train message acb4fa86-66af-473b-a95b-dd3eadbe6d05
2025-03-27 16:27:40 - [Cluster 1 - CLIENT] - INFO - [Store 733] Starting local training.
2025-03-27 16:27:40 - [Cluster 1 - CLIENT] - INFO - [Store 233] Starting local training.
2025-03-27 16:27:40 - [Cluster 1 - CLIENT] - INFO - [Store 729] Starting local training.
2025-03-27 16:27:40 - [Cluster 1 - CLIENT] - INFO - [Store 84] Starting local training.
2025-03-27 16:27:40 - [Cluster 1 - CLIENT] - INFO - [Store 687] Starting local training.
2025-03-27 16:27:40 - [Cluster 1 - CLIENT] - INFO - [Store 965] Starting local training.
2025-03-27 16:27:40 - [Cluster 1 - CLIENT] - INFO - [Store 376] Starting local training.
2025-03-27 16:27:40 - [Cluster 1 - CLIENT] - INFO - [Store 1040] Starting local training.
2025-03-27 16:27:40 - [Cluster 1 - CLIENT] - INFO - [Store 267] Starting local training.
2025-03-27 16:27:40 - [Cluster 1 - CLIENT] - INFO - [Store 524] Starting local training.
2025-03-27 16:31:36 - [Cluster 1 - CLIENT] - INFO - [Store 380] Local training complete.
2025-03-27 16:31:36 - [Cluster 1 - CLIENT] - INFO - Sent reply
2025-03-27 16:31:36 - [Cluster 1 - CLIENT] - INFO - 
2025-03-27 16:31:36 - [Cluster 1 - CLIENT] - INFO - Received: train message 1e13ae12-8bb0-434d-958c-74423ac294c5
2025-03-27 16:31:36 - [Cluster 1 - CLIENT] - INFO - [Store 1114] Starting local training.
2025-03-27 16:31:37 - [Cluster 1 - CLIENT] - INFO - [Store 733] Local training complete.
2025-03-27 16:31:38 - [Cluster 1 - CLIENT] - INFO - Sent reply
2025-03-27 16:31:38 - [Cluster 1 - CLIENT] - INFO - 
2025-03-27 16:31:38 - [Cluster 1 - CLIENT] - INFO - Received: train message 78cb0d7d-0eee-4107-a497-206c23f6afdd
2025-03-27 16:31:38 - [Cluster 1 - CLIENT] - INFO - [Store 545] Starting local training.
2025-03-27 16:31:38 - [Cluster 1 - CLIENT] - INFO - [Store 233] Local training complete.
2025-03-27 16:31:38 - [Cluster 1 - CLIENT] - INFO - Sent reply
2025-03-27 16:31:38 - [Cluster 1 - CLIENT] - INFO - 
2025-03-27 16:31:38 - [Cluster 1 - CLIENT] - INFO - Received: train message 1ba90e8f-3f09-44f0-b6f7-97185f23d44c
2025-03-27 16:31:38 - [Cluster 1 - CLIENT] - INFO - [Store 809] Starting local training.
2025-03-27 16:31:38 - [Cluster 1 - CLIENT] - INFO - [Store 729] Local training complete.
2025-03-27 16:31:39 - [Cluster 1 - CLIENT] - INFO - Sent reply
2025-03-27 16:31:39 - [Cluster 1 - CLIENT] - INFO - 
2025-03-27 16:31:39 - [Cluster 1 - CLIENT] - INFO - Received: train message 8ef5f666-4934-4345-a0f4-d52f93246182
2025-03-27 16:31:39 - [Cluster 1 - CLIENT] - INFO - [Store 147] Starting local training.
2025-03-27 16:31:41 - [Cluster 1 - CLIENT] - INFO - [Store 376] Local training complete.
2025-03-27 16:31:41 - [Cluster 1 - CLIENT] - INFO - Sent reply
2025-03-27 16:31:41 - [Cluster 1 - CLIENT] - INFO - 
2025-03-27 16:31:41 - [Cluster 1 - CLIENT] - INFO - Received: train message 29302f78-58d2-40f8-a681-87397846c901
2025-03-27 16:31:41 - [Cluster 1 - CLIENT] - INFO - [Store 459] Starting local training.
2025-03-27 16:31:42 - [Cluster 1 - CLIENT] - INFO - [Store 965] Local training complete.
2025-03-27 16:31:42 - [Cluster 1 - CLIENT] - INFO - Sent reply
2025-03-27 16:31:42 - [Cluster 1 - CLIENT] - INFO - 
2025-03-27 16:31:42 - [Cluster 1 - CLIENT] - INFO - Received: train message 3fe94d4d-3733-40a4-b515-f26485dd3887
2025-03-27 16:31:42 - [Cluster 1 - CLIENT] - INFO - [Store 726] Starting local training.
2025-03-27 16:31:42 - [Cluster 1 - CLIENT] - INFO - [Store 524] Local training complete.
2025-03-27 16:31:42 - [Cluster 1 - CLIENT] - INFO - Sent reply
2025-03-27 16:31:42 - [Cluster 1 - CLIENT] - INFO - 
2025-03-27 16:31:42 - [Cluster 1 - CLIENT] - INFO - Received: train message 766f9fcc-0e64-4f9e-9a35-94abae741834
2025-03-27 16:31:43 - [Cluster 1 - CLIENT] - INFO - [Store 963] Starting local training.
2025-03-27 16:31:43 - [Cluster 1 - CLIENT] - INFO - [Store 233] Local training complete.
2025-03-27 16:31:43 - [Cluster 1 - CLIENT] - INFO - Sent reply
2025-03-27 16:31:43 - [Cluster 1 - CLIENT] - INFO - 
2025-03-27 16:31:43 - [Cluster 1 - CLIENT] - INFO - Received: train message a157a1a7-cbf1-4ea4-b26e-ffdbc601d4d6
2025-03-27 16:31:43 - [Cluster 1 - CLIENT] - INFO - [Store 396] Starting local training.
2025-03-27 16:31:45 - [Cluster 1 - CLIENT] - INFO - [Store 84] Local training complete.
2025-03-27 16:31:45 - [Cluster 1 - CLIENT] - INFO - Sent reply
2025-03-27 16:31:45 - [Cluster 1 - CLIENT] - INFO - 
2025-03-27 16:31:45 - [Cluster 1 - CLIENT] - INFO - Received: train message e82760f1-c852-412c-863c-30872934ecea
2025-03-27 16:31:45 - [Cluster 1 - CLIENT] - INFO - [Store 562] Starting local training.
2025-03-27 16:31:46 - [Cluster 1 - CLIENT] - INFO - [Store 384] Local training complete.
2025-03-27 16:31:46 - [Cluster 1 - CLIENT] - INFO - Sent reply
2025-03-27 16:31:46 - [Cluster 1 - CLIENT] - INFO - 
2025-03-27 16:31:46 - [Cluster 1 - CLIENT] - INFO - Received: train message 0e5ba048-0662-455c-8b62-ab245ec01203
2025-03-27 16:31:47 - [Cluster 1 - CLIENT] - INFO - [Store 269] Starting local training.
2025-03-27 16:31:48 - [Cluster 1 - CLIENT] - INFO - [Store 1040] Local training complete.
2025-03-27 16:31:48 - [Cluster 1 - CLIENT] - INFO - Sent reply
2025-03-27 16:31:48 - [Cluster 1 - CLIENT] - INFO - 
2025-03-27 16:31:48 - [Cluster 1 - CLIENT] - INFO - Received: train message 6ed66509-5dd8-4ccb-8918-e5f982bd0b03
2025-03-27 16:31:48 - [Cluster 1 - CLIENT] - INFO - [Store 445] Starting local training.
2025-03-27 16:31:51 - [Cluster 1 - CLIENT] - INFO - [Store 267] Local training complete.
2025-03-27 16:31:51 - [Cluster 1 - CLIENT] - INFO - [Store 431] Local training complete.
2025-03-27 16:31:51 - [Cluster 1 - CLIENT] - INFO - Sent reply
2025-03-27 16:31:51 - [Cluster 1 - CLIENT] - INFO - 
2025-03-27 16:31:51 - [Cluster 1 - CLIENT] - INFO - Received: train message e93f13da-8b79-4cfe-8d46-501f1c955a7e
2025-03-27 16:31:51 - [Cluster 1 - CLIENT] - INFO - [Store 362] Starting local training.
2025-03-27 16:31:51 - [Cluster 1 - CLIENT] - INFO - Sent reply
2025-03-27 16:31:51 - [Cluster 1 - CLIENT] - INFO - 
2025-03-27 16:31:51 - [Cluster 1 - CLIENT] - INFO - Received: train message f8913801-fba3-47aa-b6bd-9ead41799ccf
2025-03-27 16:31:51 - [Cluster 1 - CLIENT] - INFO - [Store 846] Starting local training.
2025-03-27 16:31:53 - [Cluster 1 - CLIENT] - INFO - [Store 1033] Local training complete.
2025-03-27 16:31:53 - [Cluster 1 - CLIENT] - INFO - Sent reply
2025-03-27 16:31:53 - [Cluster 1 - CLIENT] - INFO - 
2025-03-27 16:31:53 - [Cluster 1 - CLIENT] - INFO - Received: train message 5b68af3d-6508-419e-b1d8-68e9a9a9b059
2025-03-27 16:31:54 - [Cluster 1 - CLIENT] - INFO - [Store 154] Starting local training.
2025-03-27 16:32:04 - [Cluster 1 - CLIENT] - INFO - [Store 687] Local training complete.
2025-03-27 16:32:04 - [Cluster 1 - CLIENT] - INFO - Sent reply
2025-03-27 16:32:04 - [Cluster 1 - CLIENT] - INFO - 
2025-03-27 16:32:04 - [Cluster 1 - CLIENT] - INFO - Received: train message 84751970-3fbb-4652-a0ae-31fbff6fc347
2025-03-27 16:32:04 - [Cluster 1 - CLIENT] - INFO - [Store 704] Starting local training.
2025-03-27 16:35:44 - [Cluster 1 - CLIENT] - INFO - [Store 809] Local training complete.
2025-03-27 16:35:44 - [Cluster 1 - CLIENT] - INFO - Sent reply
2025-03-27 16:35:45 - [Cluster 1 - CLIENT] - INFO - [Store 963] Local training complete.
2025-03-27 16:35:45 - [Cluster 1 - CLIENT] - INFO - Sent reply
2025-03-27 16:35:45 - [Cluster 1 - CLIENT] - INFO - [Store 562] Local training complete.
2025-03-27 16:35:45 - [Cluster 1 - CLIENT] - INFO - Sent reply
2025-03-27 16:35:46 - [Cluster 1 - CLIENT] - INFO - [Store 269] Local training complete.
2025-03-27 16:35:46 - [Cluster 1 - CLIENT] - INFO - Sent reply
2025-03-27 16:35:46 - [Cluster 1 - CLIENT] - INFO - [Store 545] Local training complete.
2025-03-27 16:35:46 - [Cluster 1 - CLIENT] - INFO - Sent reply
2025-03-27 16:35:47 - [Cluster 1 - CLIENT] - INFO - [Store 396] Local training complete.
2025-03-27 16:35:47 - [Cluster 1 - CLIENT] - INFO - Sent reply
2025-03-27 16:35:47 - [Cluster 1 - CLIENT] - INFO - [Store 147] Local training complete.
2025-03-27 16:35:47 - [Cluster 1 - CLIENT] - INFO - Sent reply
2025-03-27 16:35:47 - [Cluster 1 - CLIENT] - INFO - [Store 459] Local training complete.
2025-03-27 16:35:47 - [Cluster 1 - CLIENT] - INFO - Sent reply
2025-03-27 16:35:47 - [Cluster 1 - CLIENT] - INFO - [Store 362] Local training complete.
2025-03-27 16:35:48 - [Cluster 1 - CLIENT] - INFO - Sent reply
2025-03-27 16:35:48 - [Cluster 1 - CLIENT] - INFO - [Store 445] Local training complete.
2025-03-27 16:35:48 - [Cluster 1 - CLIENT] - INFO - Sent reply
2025-03-27 16:35:48 - [Cluster 1 - CLIENT] - INFO - [Store 846] Local training complete.
2025-03-27 16:35:48 - [Cluster 1 - CLIENT] - INFO - Sent reply
2025-03-27 16:35:49 - [Cluster 1 - CLIENT] - INFO - [Store 154] Local training complete.
2025-03-27 16:35:49 - [Cluster 1 - CLIENT] - INFO - Sent reply
2025-03-27 16:35:50 - [Cluster 1 - CLIENT] - INFO - [Store 1114] Local training complete.
2025-03-27 16:35:50 - [Cluster 1 - CLIENT] - INFO - Sent reply
2025-03-27 16:35:50 - [Cluster 1 - CLIENT] - INFO - [Store 726] Local training complete.
2025-03-27 16:35:50 - [Cluster 1 - CLIENT] - INFO - Sent reply
2025-03-27 16:36:01 - [Cluster 1 - CLIENT] - INFO - [Store 704] Local training complete.
2025-03-27 16:36:01 - [Cluster 1 - CLIENT] - INFO - Sent reply
2025-03-27 16:36:01 - [Cluster 1 - CLIENT] - INFO - 
2025-03-27 16:36:01 - [Cluster 1 - CLIENT] - INFO - Received: evaluate message 30f92209-6247-417b-8ed1-f92ee06e25db
2025-03-27 16:36:01 - [Cluster 1 - CLIENT] - INFO - 
2025-03-27 16:36:01 - [Cluster 1 - CLIENT] - INFO - Received: evaluate message 494a52ad-e9ab-471c-8f1a-d8a2e7b5eab0
2025-03-27 16:36:01 - [Cluster 1 - CLIENT] - INFO - 
2025-03-27 16:36:01 - [Cluster 1 - CLIENT] - INFO - Received: evaluate message 60c59682-e1c9-4f1a-988d-3cd2a6dae264
2025-03-27 16:36:01 - [Cluster 1 - CLIENT] - INFO - 
2025-03-27 16:36:01 - [Cluster 1 - CLIENT] - INFO - 
2025-03-27 16:36:01 - [Cluster 1 - CLIENT] - INFO - Received: evaluate message e5af446b-643c-4874-ab85-63b38a5e1003
2025-03-27 16:36:01 - [Cluster 1 - CLIENT] - INFO - Received: evaluate message 9cca2a7f-bf35-47f6-90ec-4c09d032d7c6
2025-03-27 16:36:01 - [Cluster 1 - CLIENT] - INFO - 
2025-03-27 16:36:01 - [Cluster 1 - CLIENT] - INFO - Received: evaluate message 8ae22c8d-422b-4cd1-96e2-58605b935623
2025-03-27 16:36:01 - [Cluster 1 - CLIENT] - INFO - 
2025-03-27 16:36:01 - [Cluster 1 - CLIENT] - INFO - Received: evaluate message ab2ad9a4-8a97-4631-8a0f-b678d28b8f53
2025-03-27 16:36:01 - [Cluster 1 - CLIENT] - INFO - 
2025-03-27 16:36:01 - [Cluster 1 - CLIENT] - INFO - Received: evaluate message fac16d1c-905e-4271-ae2f-0c02f5bac456
2025-03-27 16:36:01 - [Cluster 1 - CLIENT] - INFO - 
2025-03-27 16:36:01 - [Cluster 1 - CLIENT] - INFO - Received: evaluate message 235f6426-dc90-44de-910a-1b622a9f7bf9
2025-03-27 16:36:01 - [Cluster 1 - CLIENT] - INFO - 
2025-03-27 16:36:01 - [Cluster 1 - CLIENT] - INFO - 
2025-03-27 16:36:01 - [Cluster 1 - CLIENT] - INFO - Received: evaluate message 67e064c6-be5a-4aa4-97c2-61520099f5cf
2025-03-27 16:36:01 - [Cluster 1 - CLIENT] - INFO - 
2025-03-27 16:36:01 - [Cluster 1 - CLIENT] - INFO - Received: evaluate message a018e4f5-f743-4570-bb80-d1df719025c5
2025-03-27 16:36:01 - [Cluster 1 - CLIENT] - INFO - Received: evaluate message d93aa406-464a-41c0-ace1-c6ed2f1710a5
2025-03-27 16:36:01 - [Cluster 1 - CLIENT] - INFO - 
2025-03-27 16:36:01 - [Cluster 1 - CLIENT] - INFO - Received: evaluate message 3ca2b295-94de-4076-88e0-9cdad5edb748
2025-03-27 16:36:01 - [Cluster 1 - CLIENT] - INFO - 
2025-03-27 16:36:01 - [Cluster 1 - CLIENT] - INFO - Received: evaluate message c34aab5f-e2f4-4d01-84ac-a50c5e0b08b6
2025-03-27 16:36:01 - [Cluster 1 - CLIENT] - INFO - 
2025-03-27 16:36:01 - [Cluster 1 - CLIENT] - INFO - Received: evaluate message ebc29c5c-a97e-4e82-adee-9e6e853c3182
2025-03-27 16:36:02 - [Cluster 1 - CLIENT] - INFO - [Store 154] Evaluation - Loss: 33197050.0000, MAE: 4480.9331
2025-03-27 16:36:02 - [Cluster 1 - CLIENT] - INFO - Sent reply
2025-03-27 16:36:02 - [Cluster 1 - CLIENT] - INFO - 
2025-03-27 16:36:02 - [Cluster 1 - CLIENT] - INFO - Received: evaluate message d19b208a-4172-4c57-af2b-299d40e21f74
2025-03-27 16:36:02 - [Cluster 1 - CLIENT] - INFO - [Store 704] Evaluation - Loss: 31608930.0000, MAE: 5243.0825
2025-03-27 16:36:02 - [Cluster 1 - CLIENT] - INFO - [Store 147] Evaluation - Loss: 11760609.0000, MAE: 2793.5706
2025-03-27 16:36:02 - [Cluster 1 - CLIENT] - INFO - Sent reply
2025-03-27 16:36:02 - [Cluster 1 - CLIENT] - INFO - [Store 445] Evaluation - Loss: 23645612.0000, MAE: 4480.6763
2025-03-27 16:36:02 - [Cluster 1 - CLIENT] - INFO - Sent reply
2025-03-27 16:36:02 - [Cluster 1 - CLIENT] - INFO - Sent reply
2025-03-27 16:36:02 - [Cluster 1 - CLIENT] - INFO - 
2025-03-27 16:36:02 - [Cluster 1 - CLIENT] - INFO - 
2025-03-27 16:36:02 - [Cluster 1 - CLIENT] - INFO - 
2025-03-27 16:36:02 - [Cluster 1 - CLIENT] - INFO - Received: evaluate message 13942716-f734-4f54-b4db-6f076b9925dd
2025-03-27 16:36:02 - [Cluster 1 - CLIENT] - INFO - Received: evaluate message e30e1b55-e99d-46a1-b86b-77ebc197b746
2025-03-27 16:36:02 - [Cluster 1 - CLIENT] - INFO - Received: evaluate message 824b611d-df02-430c-b4cd-9593ec4f5895
2025-03-27 16:36:02 - [Cluster 1 - CLIENT] - INFO - [Store 809] Evaluation - Loss: 18338388.0000, MAE: 3049.1030
2025-03-27 16:36:02 - [Cluster 1 - CLIENT] - INFO - Sent reply
2025-03-27 16:36:02 - [Cluster 1 - CLIENT] - INFO - 
2025-03-27 16:36:02 - [Cluster 1 - CLIENT] - INFO - Received: evaluate message efaf6d14-6232-41f0-aba2-760be911588a
2025-03-27 16:36:02 - [Cluster 1 - CLIENT] - INFO - [Store 362] Evaluation - Loss: 28059720.0000, MAE: 4884.2183
2025-03-27 16:36:02 - [Cluster 1 - CLIENT] - INFO - Sent reply
2025-03-27 16:36:02 - [Cluster 1 - CLIENT] - INFO - [Store 269] Evaluation - Loss: 25271636.0000, MAE: 4336.3105
2025-03-27 16:36:02 - [Cluster 1 - CLIENT] - INFO - Sent reply
2025-03-27 16:36:02 - [Cluster 1 - CLIENT] - INFO - [Store 376] Evaluation - Loss: 20834766.0000, MAE: 4039.3240
2025-03-27 16:36:02 - [Cluster 1 - CLIENT] - INFO - Sent reply
2025-03-27 16:36:02 - [Cluster 1 - CLIENT] - INFO - [Store 965] Evaluation - Loss: 20662594.0000, MAE: 4081.1506
2025-03-27 16:36:02 - [Cluster 1 - CLIENT] - INFO - Sent reply
2025-03-27 16:36:02 - [Cluster 1 - CLIENT] - INFO - [Store 1040] Evaluation - Loss: 17954778.0000, MAE: 3729.3240
2025-03-27 16:36:02 - [Cluster 1 - CLIENT] - INFO - Sent reply
2025-03-27 16:36:02 - [Cluster 1 - CLIENT] - INFO - 
2025-03-27 16:36:02 - [Cluster 1 - CLIENT] - INFO - Received: evaluate message e184b600-6286-48c3-8d12-0a5a1db6baae
2025-03-27 16:36:02 - [Cluster 1 - CLIENT] - INFO - 
2025-03-27 16:36:02 - [Cluster 1 - CLIENT] - INFO - Received: evaluate message 6aeb4226-9956-4bde-aa49-8ca644b9eee3
2025-03-27 16:36:02 - [Cluster 1 - CLIENT] - INFO - [Store 1033] Evaluation - Loss: 45259176.0000, MAE: 6072.1270
2025-03-27 16:36:02 - [Cluster 1 - CLIENT] - INFO - 
2025-03-27 16:36:02 - [Cluster 1 - CLIENT] - INFO - Received: evaluate message 84c14744-9c21-4663-85ee-8b6bce17d434
2025-03-27 16:36:02 - [Cluster 1 - CLIENT] - INFO - Sent reply
2025-03-27 16:36:02 - [Cluster 1 - CLIENT] - INFO - 
2025-03-27 16:36:02 - [Cluster 1 - CLIENT] - INFO - Received: evaluate message 904027d9-4fec-43d4-afe5-6c4899a3936d
2025-03-27 16:36:02 - [Cluster 1 - CLIENT] - INFO - 
2025-03-27 16:36:02 - [Cluster 1 - CLIENT] - INFO - Received: evaluate message b64c6ed7-7d0d-4445-b06c-bfb47c1db783
2025-03-27 16:36:02 - [Cluster 1 - CLIENT] - INFO - [Store 380] Evaluation - Loss: 58522700.0000, MAE: 7090.6426
2025-03-27 16:36:02 - [Cluster 1 - CLIENT] - INFO - 
2025-03-27 16:36:02 - [Cluster 1 - CLIENT] - INFO - Received: evaluate message c8e15c97-9954-453b-9bd8-372388640a0f
2025-03-27 16:36:02 - [Cluster 1 - CLIENT] - INFO - Sent reply
2025-03-27 16:36:02 - [Cluster 1 - CLIENT] - INFO - [Store 687] Evaluation - Loss: 20997150.0000, MAE: 4240.1338
2025-03-27 16:36:02 - [Cluster 1 - CLIENT] - INFO - 
2025-03-27 16:36:02 - [Cluster 1 - CLIENT] - INFO - Received: evaluate message 63d88d8c-11be-4694-aa1f-d19ce980765e
2025-03-27 16:36:02 - [Cluster 1 - CLIENT] - INFO - Sent reply
2025-03-27 16:36:02 - [Cluster 1 - CLIENT] - INFO - [Store 84] Evaluation - Loss: 28827770.0000, MAE: 4598.6870
2025-03-27 16:36:02 - [Cluster 1 - CLIENT] - INFO - Sent reply
2025-03-27 16:36:02 - [Cluster 1 - CLIENT] - INFO - [Store 267] Evaluation - Loss: 24562854.0000, MAE: 4440.7954
2025-03-27 16:36:02 - [Cluster 1 - CLIENT] - INFO - Sent reply
2025-03-27 16:36:02 - [Cluster 1 - CLIENT] - INFO - 
2025-03-27 16:36:02 - [Cluster 1 - CLIENT] - INFO - Received: evaluate message 1b413522-8288-44ae-a3f4-19d75d8d38a4
2025-03-27 16:36:02 - [Cluster 1 - CLIENT] - INFO - 
2025-03-27 16:36:02 - [Cluster 1 - CLIENT] - INFO - Received: evaluate message 89c723bc-a5c9-429a-8c53-92edbf202185
2025-03-27 16:36:02 - [Cluster 1 - CLIENT] - INFO - 
2025-03-27 16:36:02 - [Cluster 1 - CLIENT] - INFO - Received: evaluate message 41d0af93-475a-4e3e-a1db-e2b8fc15954f
2025-03-27 16:36:03 - [Cluster 1 - CLIENT] - INFO - [Store 396] Evaluation - Loss: 94943768.0000, MAE: 7920.4160
2025-03-27 16:36:03 - [Cluster 1 - CLIENT] - INFO - Sent reply
2025-03-27 16:36:03 - [Cluster 1 - CLIENT] - INFO - [Store 384] Evaluation - Loss: 27270854.0000, MAE: 4598.6343
2025-03-27 16:36:03 - [Cluster 1 - CLIENT] - INFO - Sent reply
2025-03-27 16:36:03 - [Cluster 1 - CLIENT] - INFO - [Store 733] Evaluation - Loss: 47767196.0000, MAE: 6589.7832
2025-03-27 16:36:03 - [Cluster 1 - CLIENT] - INFO - Sent reply
2025-03-27 16:36:03 - [Cluster 1 - CLIENT] - INFO - [Store 233] Evaluation - Loss: 26195698.0000, MAE: 4789.8340
2025-03-27 16:36:03 - [Cluster 1 - CLIENT] - INFO - Sent reply
2025-03-27 16:36:03 - [Cluster 1 - CLIENT] - INFO - [Store 233] Evaluation - Loss: 26195698.0000, MAE: 4789.8340
2025-03-27 16:36:03 - [Cluster 1 - CLIENT] - INFO - Sent reply
2025-03-27 16:36:03 - [Cluster 1 - CLIENT] - INFO - [Store 726] Evaluation - Loss: 208888784.0000, MAE: 12371.0771
2025-03-27 16:36:03 - [Cluster 1 - CLIENT] - INFO - [Store 431] Evaluation - Loss: 23665796.0000, MAE: 4544.1831
2025-03-27 16:36:03 - [Cluster 1 - CLIENT] - INFO - Sent reply
2025-03-27 16:36:03 - [Cluster 1 - CLIENT] - INFO - Sent reply
2025-03-27 16:36:03 - [Cluster 1 - CLIENT] - INFO - [Store 963] Evaluation - Loss: 93127480.0000, MAE: 7473.0078
2025-03-27 16:36:03 - [Cluster 1 - CLIENT] - INFO - Sent reply
2025-03-27 16:36:03 - [Cluster 1 - CLIENT] - INFO - [Store 459] Evaluation - Loss: 26288274.0000, MAE: 4506.4448
2025-03-27 16:36:03 - [Cluster 1 - CLIENT] - INFO - Sent reply
2025-03-27 16:36:03 - [Cluster 1 - CLIENT] - INFO - [Store 562] Evaluation - Loss: 68560688.0000, MAE: 7805.4902
2025-03-27 16:36:03 - [Cluster 1 - CLIENT] - INFO - Sent reply
2025-03-27 16:36:04 - [Cluster 1 - CLIENT] - INFO - [Store 846] Evaluation - Loss: 15668550.0000, MAE: 3155.3838
2025-03-27 16:36:04 - [Cluster 1 - CLIENT] - INFO - [Store 524] Evaluation - Loss: 168607760.0000, MAE: 12004.1348
2025-03-27 16:36:04 - [Cluster 1 - CLIENT] - INFO - Sent reply
2025-03-27 16:36:04 - [Cluster 1 - CLIENT] - INFO - Sent reply
2025-03-27 16:36:04 - [Cluster 1 - CLIENT] - INFO - [Store 1114] Evaluation - Loss: 142125888.0000, MAE: 11310.7285
2025-03-27 16:36:04 - [Cluster 1 - CLIENT] - INFO - Sent reply
2025-03-27 16:36:04 - [Cluster 1 - CLIENT] - INFO - [Store 545] Evaluation - Loss: 29152070.0000, MAE: 4655.6387
2025-03-27 16:36:04 - [Cluster 1 - CLIENT] - INFO - Sent reply
2025-03-27 16:36:04 - [Cluster 1 - CLIENT] - INFO - [Store 729] Evaluation - Loss: 22175342.0000, MAE: 4010.3235
2025-03-27 16:36:04 - [Cluster 1 - CLIENT] - INFO - Sent reply
2025-03-27 16:36:04 - [Cluster 1 - CLIENT] - INFO - 
2025-03-27 16:36:04 - [Cluster 1 - CLIENT] - INFO - Received: train message ebe8f4a7-6a04-4f21-87b9-ba44b7d63503
2025-03-27 16:36:04 - [Cluster 1 - CLIENT] - INFO - 
2025-03-27 16:36:04 - [Cluster 1 - CLIENT] - INFO - Received: train message f7fe5d97-ac02-443b-b413-0a8fd0235955
2025-03-27 16:36:04 - [Cluster 1 - CLIENT] - INFO - 
2025-03-27 16:36:04 - [Cluster 1 - CLIENT] - INFO - Received: train message 37c6e8eb-3ed5-4801-af15-751b6b00b88c
2025-03-27 16:36:04 - [Cluster 1 - CLIENT] - INFO - 
2025-03-27 16:36:04 - [Cluster 1 - CLIENT] - INFO - Received: train message fa426af5-b3f3-478e-aa8d-daa280d0a628
2025-03-27 16:36:04 - [Cluster 1 - CLIENT] - INFO - [Store 562] Starting local training.
2025-03-27 16:36:04 - [Cluster 1 - CLIENT] - INFO - 
2025-03-27 16:36:04 - [Cluster 1 - CLIENT] - INFO - Received: train message fefa3a51-709a-4a36-942d-15ea09273e51
2025-03-27 16:36:04 - [Cluster 1 - CLIENT] - INFO - [Store 233] Starting local training.
2025-03-27 16:36:04 - [Cluster 1 - CLIENT] - INFO - 
2025-03-27 16:36:04 - [Cluster 1 - CLIENT] - INFO - 
2025-03-27 16:36:04 - [Cluster 1 - CLIENT] - INFO - Received: train message ed55ac95-2e45-4ec8-9bed-7ab54db88516
2025-03-27 16:36:04 - [Cluster 1 - CLIENT] - INFO - Received: train message baabada1-0720-4c98-a12c-ad4d9718bdf9
2025-03-27 16:36:04 - [Cluster 1 - CLIENT] - INFO - [Store 729] Starting local training.
2025-03-27 16:36:04 - [Cluster 1 - CLIENT] - INFO - 
2025-03-27 16:36:04 - [Cluster 1 - CLIENT] - INFO - Received: train message d61c5568-4fe2-4ca4-8f92-003886e17ffc
2025-03-27 16:36:04 - [Cluster 1 - CLIENT] - INFO - 
2025-03-27 16:36:04 - [Cluster 1 - CLIENT] - INFO - Received: train message be5c888a-66f2-4a68-ae61-ce01cf17a54b
2025-03-27 16:36:04 - [Cluster 1 - CLIENT] - INFO - 
2025-03-27 16:36:04 - [Cluster 1 - CLIENT] - INFO - Received: train message 3cb179fc-1525-42a1-979f-cd8f0a6a4745
2025-03-27 16:36:04 - [Cluster 1 - CLIENT] - INFO - [Store 1114] Starting local training.
2025-03-27 16:36:04 - [Cluster 1 - CLIENT] - INFO - 
2025-03-27 16:36:04 - [Cluster 1 - CLIENT] - INFO - 
2025-03-27 16:36:04 - [Cluster 1 - CLIENT] - INFO - Received: train message 37157710-d6e6-4593-bf94-e9ef4480ec4b
2025-03-27 16:36:04 - [Cluster 1 - CLIENT] - INFO - Received: train message 6091ad89-5a65-4a67-8bc6-fb51b62fb9a1
2025-03-27 16:36:04 - [Cluster 1 - CLIENT] - INFO - [Store 431] Starting local training.
2025-03-27 16:36:04 - [Cluster 1 - CLIENT] - INFO - 
2025-03-27 16:36:04 - [Cluster 1 - CLIENT] - INFO - Received: train message 417a5a77-545f-4e63-bc12-1dbfd5e3dca3
2025-03-27 16:36:04 - [Cluster 1 - CLIENT] - INFO - 
2025-03-27 16:36:04 - [Cluster 1 - CLIENT] - INFO - Received: train message b51512bb-83ef-41ac-be51-18f269ffe8e3
2025-03-27 16:36:04 - [Cluster 1 - CLIENT] - INFO - 
2025-03-27 16:36:04 - [Cluster 1 - CLIENT] - INFO - Received: train message f361ed13-1338-43f8-b41a-2cb16348a10e
2025-03-27 16:36:04 - [Cluster 1 - CLIENT] - INFO - [Store 269] Starting local training.
2025-03-27 16:36:04 - [Cluster 1 - CLIENT] - INFO - [Store 965] Starting local training.
2025-03-27 16:36:04 - [Cluster 1 - CLIENT] - INFO - [Store 733] Starting local training.
2025-03-27 16:36:04 - [Cluster 1 - CLIENT] - INFO - [Store 84] Starting local training.
2025-03-27 16:36:04 - [Cluster 1 - CLIENT] - INFO - [Store 524] Starting local training.
2025-03-27 16:36:04 - [Cluster 1 - CLIENT] - INFO - [Store 380] Starting local training.
2025-03-27 16:36:04 - [Cluster 1 - CLIENT] - INFO - [Store 1040] Starting local training.
2025-03-27 16:36:04 - [Cluster 1 - CLIENT] - INFO - [Store 362] Starting local training.
2025-03-27 16:36:04 - [Cluster 1 - CLIENT] - INFO - [Store 704] Starting local training.
2025-03-27 16:36:04 - [Cluster 1 - CLIENT] - INFO - [Store 445] Starting local training.
2025-03-27 16:39:51 - [Cluster 1 - CLIENT] - INFO - [Store 729] Local training complete.
2025-03-27 16:39:51 - [Cluster 1 - CLIENT] - INFO - Sent reply
2025-03-27 16:39:51 - [Cluster 1 - CLIENT] - INFO - 
2025-03-27 16:39:51 - [Cluster 1 - CLIENT] - INFO - Received: train message 4bde23fc-08cf-40c8-90ed-dd321caa044e
2025-03-27 16:39:51 - [Cluster 1 - CLIENT] - INFO - [Store 376] Starting local training.
2025-03-27 16:39:52 - [Cluster 1 - CLIENT] - INFO - [Store 84] Local training complete.
2025-03-27 16:39:52 - [Cluster 1 - CLIENT] - INFO - Sent reply
2025-03-27 16:39:52 - [Cluster 1 - CLIENT] - INFO - 
2025-03-27 16:39:52 - [Cluster 1 - CLIENT] - INFO - Received: train message f5294b86-529e-4316-8cc1-a7af5bbb47b4
2025-03-27 16:39:52 - [Cluster 1 - CLIENT] - INFO - [Store 726] Starting local training.
2025-03-27 16:39:53 - [Cluster 1 - CLIENT] - INFO - [Store 380] Local training complete.
2025-03-27 16:39:53 - [Cluster 1 - CLIENT] - INFO - Sent reply
2025-03-27 16:39:53 - [Cluster 1 - CLIENT] - INFO - 
2025-03-27 16:39:53 - [Cluster 1 - CLIENT] - INFO - Received: train message 5ff49b3c-c5af-4741-92d4-464198f03118
2025-03-27 16:39:53 - [Cluster 1 - CLIENT] - INFO - [Store 147] Starting local training.
2025-03-27 16:39:54 - [Cluster 1 - CLIENT] - INFO - [Store 704] Local training complete.
2025-03-27 16:39:54 - [Cluster 1 - CLIENT] - INFO - Sent reply
2025-03-27 16:39:54 - [Cluster 1 - CLIENT] - INFO - 
2025-03-27 16:39:54 - [Cluster 1 - CLIENT] - INFO - Received: train message 3405ebd0-844d-4b15-ad3f-7b7ce20a9639
2025-03-27 16:39:54 - [Cluster 1 - CLIENT] - INFO - [Store 1114] Local training complete.
2025-03-27 16:39:54 - [Cluster 1 - CLIENT] - INFO - Sent reply
2025-03-27 16:39:54 - [Cluster 1 - CLIENT] - INFO - 
2025-03-27 16:39:54 - [Cluster 1 - CLIENT] - INFO - Received: train message 271c617d-3441-4db8-af9e-02928cf30f57
2025-03-27 16:39:54 - [Cluster 1 - CLIENT] - INFO - [Store 267] Starting local training.
2025-03-27 16:39:54 - [Cluster 1 - CLIENT] - INFO - [Store 459] Starting local training.
2025-03-27 16:39:55 - [Cluster 1 - CLIENT] - INFO - [Store 269] Local training complete.
2025-03-27 16:39:55 - [Cluster 1 - CLIENT] - INFO - Sent reply
2025-03-27 16:39:55 - [Cluster 1 - CLIENT] - INFO - 
2025-03-27 16:39:55 - [Cluster 1 - CLIENT] - INFO - Received: train message 526126e6-8322-43cb-bf1b-065916ece3bb
2025-03-27 16:39:55 - [Cluster 1 - CLIENT] - INFO - [Store 233] Starting local training.
2025-03-27 16:39:57 - [Cluster 1 - CLIENT] - INFO - [Store 233] Local training complete.
2025-03-27 16:39:57 - [Cluster 1 - CLIENT] - INFO - Sent reply
2025-03-27 16:39:57 - [Cluster 1 - CLIENT] - INFO - 
2025-03-27 16:39:57 - [Cluster 1 - CLIENT] - INFO - Received: train message 48715632-8443-43e1-a76f-f29f97e2e3e7
2025-03-27 16:39:57 - [Cluster 1 - CLIENT] - INFO - [Store 809] Starting local training.
2025-03-27 16:39:59 - [Cluster 1 - CLIENT] - INFO - [Store 362] Local training complete.
2025-03-27 16:40:00 - [Cluster 1 - CLIENT] - INFO - Sent reply
2025-03-27 16:40:00 - [Cluster 1 - CLIENT] - INFO - 
2025-03-27 16:40:00 - [Cluster 1 - CLIENT] - INFO - Received: train message 48a8ed78-1cda-44fe-bf23-738ce7a047ef
2025-03-27 16:40:00 - [Cluster 1 - CLIENT] - INFO - [Store 154] Starting local training.
2025-03-27 16:40:00 - [Cluster 1 - CLIENT] - INFO - [Store 733] Local training complete.
2025-03-27 16:40:00 - [Cluster 1 - CLIENT] - INFO - Sent reply
2025-03-27 16:40:00 - [Cluster 1 - CLIENT] - INFO - 
2025-03-27 16:40:00 - [Cluster 1 - CLIENT] - INFO - Received: train message 9efe5d22-534b-49e8-bd57-62c56612a04c
2025-03-27 16:40:00 - [Cluster 1 - CLIENT] - INFO - [Store 396] Starting local training.
2025-03-27 16:40:01 - [Cluster 1 - CLIENT] - INFO - [Store 431] Local training complete.
2025-03-27 16:40:01 - [Cluster 1 - CLIENT] - INFO - Sent reply
2025-03-27 16:40:01 - [Cluster 1 - CLIENT] - INFO - 
2025-03-27 16:40:01 - [Cluster 1 - CLIENT] - INFO - Received: train message 023434ec-f32c-449a-b2e5-bb66fa91df8c
2025-03-27 16:40:01 - [Cluster 1 - CLIENT] - INFO - [Store 384] Starting local training.
2025-03-27 16:40:04 - [Cluster 1 - CLIENT] - INFO - [Store 562] Local training complete.
2025-03-27 16:40:04 - [Cluster 1 - CLIENT] - INFO - Sent reply
2025-03-27 16:40:04 - [Cluster 1 - CLIENT] - INFO - [Store 445] Local training complete.
2025-03-27 16:40:04 - [Cluster 1 - CLIENT] - INFO - 
2025-03-27 16:40:04 - [Cluster 1 - CLIENT] - INFO - Received: train message 8f62d750-73cd-452c-bb5f-1386602106fc
2025-03-27 16:40:04 - [Cluster 1 - CLIENT] - INFO - [Store 963] Starting local training.
2025-03-27 16:40:04 - [Cluster 1 - CLIENT] - INFO - Sent reply
2025-03-27 16:40:04 - [Cluster 1 - CLIENT] - INFO - 
2025-03-27 16:40:04 - [Cluster 1 - CLIENT] - INFO - Received: train message bfbc5a82-9d77-4135-a02b-c2610379eef0
2025-03-27 16:40:04 - [Cluster 1 - CLIENT] - INFO - [Store 846] Starting local training.
2025-03-27 16:40:16 - [Cluster 1 - CLIENT] - INFO - [Store 1040] Local training complete.
2025-03-27 16:40:16 - [Cluster 1 - CLIENT] - INFO - Sent reply
2025-03-27 16:40:16 - [Cluster 1 - CLIENT] - INFO - 
2025-03-27 16:40:16 - [Cluster 1 - CLIENT] - INFO - Received: train message 2ec02815-24bc-4c1a-bf07-a435c9babf9e
2025-03-27 16:40:16 - [Cluster 1 - CLIENT] - INFO - [Store 545] Starting local training.
2025-03-27 16:40:21 - [Cluster 1 - CLIENT] - INFO - [Store 965] Local training complete.
2025-03-27 16:40:21 - [Cluster 1 - CLIENT] - INFO - Sent reply
2025-03-27 16:40:21 - [Cluster 1 - CLIENT] - INFO - 
2025-03-27 16:40:21 - [Cluster 1 - CLIENT] - INFO - Received: train message dad8224d-55b8-449e-809a-3a86fed3e5ce
2025-03-27 16:40:21 - [Cluster 1 - CLIENT] - INFO - [Store 687] Starting local training.
2025-03-27 16:40:23 - [Cluster 1 - CLIENT] - INFO - [Store 524] Local training complete.
2025-03-27 16:40:23 - [Cluster 1 - CLIENT] - INFO - Sent reply
2025-03-27 16:40:23 - [Cluster 1 - CLIENT] - INFO - 
2025-03-27 16:40:23 - [Cluster 1 - CLIENT] - INFO - Received: train message 728c1da0-8be2-45d9-a67a-9517074f7ebd
2025-03-27 16:40:23 - [Cluster 1 - CLIENT] - INFO - [Store 1033] Starting local training.
2025-03-27 16:43:54 - [Cluster 1 - CLIENT] - INFO - [Store 376] Local training complete.
2025-03-27 16:43:54 - [Cluster 1 - CLIENT] - INFO - Sent reply
2025-03-27 16:43:57 - [Cluster 1 - CLIENT] - INFO - [Store 726] Local training complete.
2025-03-27 16:43:57 - [Cluster 1 - CLIENT] - INFO - Sent reply
2025-03-27 16:43:59 - [Cluster 1 - CLIENT] - INFO - [Store 233] Local training complete.
2025-03-27 16:43:59 - [Cluster 1 - CLIENT] - INFO - Sent reply
2025-03-27 16:44:01 - [Cluster 1 - CLIENT] - INFO - [Store 459] Local training complete.
2025-03-27 16:44:01 - [Cluster 1 - CLIENT] - INFO - Sent reply
2025-03-27 16:44:02 - [Cluster 1 - CLIENT] - INFO - [Store 267] Local training complete.
2025-03-27 16:44:02 - [Cluster 1 - CLIENT] - INFO - Sent reply
2025-03-27 16:44:05 - [Cluster 1 - CLIENT] - INFO - [Store 147] Local training complete.
2025-03-27 16:44:05 - [Cluster 1 - CLIENT] - INFO - [Store 809] Local training complete.
2025-03-27 16:44:05 - [Cluster 1 - CLIENT] - INFO - Sent reply
2025-03-27 16:44:05 - [Cluster 1 - CLIENT] - INFO - Sent reply
2025-03-27 16:44:05 - [Cluster 1 - CLIENT] - INFO - [Store 154] Local training complete.
2025-03-27 16:44:05 - [Cluster 1 - CLIENT] - INFO - Sent reply
2025-03-27 16:44:06 - [Cluster 1 - CLIENT] - INFO - [Store 396] Local training complete.
2025-03-27 16:44:06 - [Cluster 1 - CLIENT] - INFO - Sent reply
2025-03-27 16:44:07 - [Cluster 1 - CLIENT] - INFO - [Store 846] Local training complete.
2025-03-27 16:44:07 - [Cluster 1 - CLIENT] - INFO - Sent reply
2025-03-27 16:44:07 - [Cluster 1 - CLIENT] - INFO - [Store 963] Local training complete.
2025-03-27 16:44:07 - [Cluster 1 - CLIENT] - INFO - Sent reply
2025-03-27 16:44:08 - [Cluster 1 - CLIENT] - INFO - [Store 545] Local training complete.
2025-03-27 16:44:08 - [Cluster 1 - CLIENT] - INFO - Sent reply
2025-03-27 16:44:10 - [Cluster 1 - CLIENT] - INFO - [Store 384] Local training complete.
2025-03-27 16:44:10 - [Cluster 1 - CLIENT] - INFO - Sent reply
2025-03-27 16:44:10 - [Cluster 1 - CLIENT] - INFO - [Store 687] Local training complete.
2025-03-27 16:44:10 - [Cluster 1 - CLIENT] - INFO - Sent reply
2025-03-27 16:44:11 - [Cluster 1 - CLIENT] - INFO - [Store 1033] Local training complete.
2025-03-27 16:44:11 - [Cluster 1 - CLIENT] - INFO - Sent reply
2025-03-27 16:44:11 - [Cluster 1 - CLIENT] - INFO - 
2025-03-27 16:44:11 - [Cluster 1 - CLIENT] - INFO - Received: evaluate message d90ae0ec-a4f8-4706-82f2-7365f6f14d44
2025-03-27 16:44:11 - [Cluster 1 - CLIENT] - INFO - 
2025-03-27 16:44:11 - [Cluster 1 - CLIENT] - INFO - Received: evaluate message ffca125f-7718-442b-a72d-0e5a1f9d1e82
2025-03-27 16:44:11 - [Cluster 1 - CLIENT] - INFO - 
2025-03-27 16:44:11 - [Cluster 1 - CLIENT] - INFO - 
2025-03-27 16:44:11 - [Cluster 1 - CLIENT] - INFO - Received: evaluate message 32205cb6-b99c-4d2a-8140-7cf299f963ef
2025-03-27 16:44:11 - [Cluster 1 - CLIENT] - INFO - Received: evaluate message 3aac866e-ef9b-4970-b7ee-c80b2c1c37be
2025-03-27 16:44:11 - [Cluster 1 - CLIENT] - INFO - 
2025-03-27 16:44:11 - [Cluster 1 - CLIENT] - INFO - Received: evaluate message 0282a487-4091-45b9-b9a8-65cf3bc81e5b
2025-03-27 16:44:11 - [Cluster 1 - CLIENT] - INFO - 
2025-03-27 16:44:11 - [Cluster 1 - CLIENT] - INFO - 
2025-03-27 16:44:11 - [Cluster 1 - CLIENT] - INFO - Received: evaluate message dfe67b11-b9f8-4713-acb3-0b038e47c5ae
2025-03-27 16:44:11 - [Cluster 1 - CLIENT] - INFO - Received: evaluate message af59ce79-9258-49be-a2da-d7237ac96fb1
2025-03-27 16:44:11 - [Cluster 1 - CLIENT] - INFO - 
2025-03-27 16:44:11 - [Cluster 1 - CLIENT] - INFO - Received: evaluate message b90cba51-14c3-4790-a1a4-df1e2beb72c9
2025-03-27 16:44:11 - [Cluster 1 - CLIENT] - INFO - 
2025-03-27 16:44:11 - [Cluster 1 - CLIENT] - INFO - Received: evaluate message f9b85fb9-3eb1-4b38-9435-4e1e7e02c63c
2025-03-27 16:44:11 - [Cluster 1 - CLIENT] - INFO - 
2025-03-27 16:44:11 - [Cluster 1 - CLIENT] - INFO - Received: evaluate message 0bd007f0-cae5-45b8-ad13-14d4c076974a
2025-03-27 16:44:11 - [Cluster 1 - CLIENT] - INFO - 
2025-03-27 16:44:11 - [Cluster 1 - CLIENT] - INFO - Received: evaluate message e6de2c61-db66-4340-ab23-2d0b1db27156
2025-03-27 16:44:11 - [Cluster 1 - CLIENT] - INFO - 
2025-03-27 16:44:11 - [Cluster 1 - CLIENT] - INFO - Received: evaluate message b25bd044-89e7-4982-894f-cc346a433128
2025-03-27 16:44:11 - [Cluster 1 - CLIENT] - INFO - 
2025-03-27 16:44:11 - [Cluster 1 - CLIENT] - INFO - Received: evaluate message f1f22669-676b-4266-99eb-bd9b5e708bf7
2025-03-27 16:44:11 - [Cluster 1 - CLIENT] - INFO - 
2025-03-27 16:44:11 - [Cluster 1 - CLIENT] - INFO - 
2025-03-27 16:44:11 - [Cluster 1 - CLIENT] - INFO - Received: evaluate message f2faf3fa-3f5c-47a5-95f6-9b5c13d9e393
2025-03-27 16:44:11 - [Cluster 1 - CLIENT] - INFO - Received: evaluate message 771ddf76-83fc-4022-b170-767d0af2a0a0
2025-03-27 16:44:12 - [Cluster 1 - CLIENT] - INFO - [Store 384] Evaluation - Loss: 25921240.0000, MAE: 4516.9604
2025-03-27 16:44:12 - [Cluster 1 - CLIENT] - INFO - Sent reply
2025-03-27 16:44:12 - [Cluster 1 - CLIENT] - INFO - 
2025-03-27 16:44:12 - [Cluster 1 - CLIENT] - INFO - Received: evaluate message a9a09e35-8e0c-4ae5-82d3-87ce59223421
2025-03-27 16:44:12 - [Cluster 1 - CLIENT] - INFO - [Store 545] Evaluation - Loss: 26389320.0000, MAE: 4453.8350
2025-03-27 16:44:12 - [Cluster 1 - CLIENT] - INFO - Sent reply
2025-03-27 16:44:12 - [Cluster 1 - CLIENT] - INFO - [Store 154] Evaluation - Loss: 30912158.0000, MAE: 4315.3120
2025-03-27 16:44:12 - [Cluster 1 - CLIENT] - INFO - Sent reply
2025-03-27 16:44:12 - [Cluster 1 - CLIENT] - INFO - 
2025-03-27 16:44:12 - [Cluster 1 - CLIENT] - INFO - Received: evaluate message 49d8f874-3d67-46d7-a4dc-82b1071befba
2025-03-27 16:44:12 - [Cluster 1 - CLIENT] - INFO - 
2025-03-27 16:44:12 - [Cluster 1 - CLIENT] - INFO - Received: evaluate message 290facbc-a9a1-4824-96b3-aaed3a344e9e
2025-03-27 16:44:13 - [Cluster 1 - CLIENT] - INFO - [Store 726] Evaluation - Loss: 186984752.0000, MAE: 11630.4229
2025-03-27 16:44:13 - [Cluster 1 - CLIENT] - INFO - [Store 233] Evaluation - Loss: 25633036.0000, MAE: 4789.8818
2025-03-27 16:44:13 - [Cluster 1 - CLIENT] - INFO - [Store 562] Evaluation - Loss: 64008948.0000, MAE: 7542.2549
2025-03-27 16:44:13 - [Cluster 1 - CLIENT] - INFO - [Store 233] Evaluation - Loss: 25633036.0000, MAE: 4789.8818
2025-03-27 16:44:13 - [Cluster 1 - CLIENT] - INFO - Sent reply
2025-03-27 16:44:13 - [Cluster 1 - CLIENT] - INFO - Sent reply
2025-03-27 16:44:13 - [Cluster 1 - CLIENT] - INFO - Sent reply
2025-03-27 16:44:13 - [Cluster 1 - CLIENT] - INFO - Sent reply
2025-03-27 16:44:13 - [Cluster 1 - CLIENT] - INFO - [Store 396] Evaluation - Loss: 95163080.0000, MAE: 7889.0317
2025-03-27 16:44:13 - [Cluster 1 - CLIENT] - INFO - Sent reply
2025-03-27 16:44:13 - [Cluster 1 - CLIENT] - INFO - [Store 729] Evaluation - Loss: 19871728.0000, MAE: 3536.0320
2025-03-27 16:44:13 - [Cluster 1 - CLIENT] - INFO - Sent reply
2025-03-27 16:44:13 - [Cluster 1 - CLIENT] - INFO - 
2025-03-27 16:44:13 - [Cluster 1 - CLIENT] - INFO - Received: evaluate message be176fe4-9095-4554-b3da-6674c12c5066
2025-03-27 16:44:13 - [Cluster 1 - CLIENT] - INFO - [Store 524] Evaluation - Loss: 113750712.0000, MAE: 9552.2930
2025-03-27 16:44:13 - [Cluster 1 - CLIENT] - INFO - [Store 269] Evaluation - Loss: 23449246.0000, MAE: 4122.0083
2025-03-27 16:44:13 - [Cluster 1 - CLIENT] - INFO - 
2025-03-27 16:44:13 - [Cluster 1 - CLIENT] - INFO - Received: evaluate message d6ff6d2f-2528-44e5-bb00-12b3607a2176
2025-03-27 16:44:13 - [Cluster 1 - CLIENT] - INFO - [Store 733] Evaluation - Loss: 41291608.0000, MAE: 6127.9985
2025-03-27 16:44:13 - [Cluster 1 - CLIENT] - INFO - Sent reply
2025-03-27 16:44:13 - [Cluster 1 - CLIENT] - INFO - Sent reply
2025-03-27 16:44:13 - [Cluster 1 - CLIENT] - INFO - Sent reply
2025-03-27 16:44:13 - [Cluster 1 - CLIENT] - INFO - 
2025-03-27 16:44:13 - [Cluster 1 - CLIENT] - INFO - Received: evaluate message 2093b6d0-a40f-4b0a-9842-b0934f317042
2025-03-27 16:44:13 - [Cluster 1 - CLIENT] - INFO - 
2025-03-27 16:44:13 - [Cluster 1 - CLIENT] - INFO - Received: evaluate message 7920d3f9-6ac4-46be-a9c0-c6bbe7740852
2025-03-27 16:44:13 - [Cluster 1 - CLIENT] - INFO - 
2025-03-27 16:44:13 - [Cluster 1 - CLIENT] - INFO - Received: evaluate message c039d7da-fc05-482c-9585-f27b875bcad2
2025-03-27 16:44:13 - [Cluster 1 - CLIENT] - INFO - 
2025-03-27 16:44:13 - [Cluster 1 - CLIENT] - INFO - Received: evaluate message eed43885-fb57-45cb-b699-eb81dc600eb3
2025-03-27 16:44:13 - [Cluster 1 - CLIENT] - INFO - 
2025-03-27 16:44:13 - [Cluster 1 - CLIENT] - INFO - Received: evaluate message 17a419e3-6a85-4574-b4ab-fe555b68d147
2025-03-27 16:44:13 - [Cluster 1 - CLIENT] - INFO - [Store 84] Evaluation - Loss: 25969868.0000, MAE: 4139.4458
2025-03-27 16:44:13 - [Cluster 1 - CLIENT] - INFO - Sent reply
2025-03-27 16:44:13 - [Cluster 1 - CLIENT] - INFO - 
2025-03-27 16:44:13 - [Cluster 1 - CLIENT] - INFO - Received: evaluate message dafcd291-f1dd-45de-a7ef-2114b9aa0a48
2025-03-27 16:44:13 - [Cluster 1 - CLIENT] - INFO - 
2025-03-27 16:44:13 - [Cluster 1 - CLIENT] - INFO - Received: evaluate message 7cc83fb9-c04a-4492-b924-c78221bdcd10
2025-03-27 16:44:13 - [Cluster 1 - CLIENT] - INFO - [Store 445] Evaluation - Loss: 20944206.0000, MAE: 4231.7622
2025-03-27 16:44:13 - [Cluster 1 - CLIENT] - INFO - 
2025-03-27 16:44:13 - [Cluster 1 - CLIENT] - INFO - Received: evaluate message c87247e6-e2a5-4bbd-9c65-4a40c591a17f
2025-03-27 16:44:13 - [Cluster 1 - CLIENT] - INFO - Sent reply
2025-03-27 16:44:13 - [Cluster 1 - CLIENT] - INFO - [Store 1040] Evaluation - Loss: 15302557.0000, MAE: 3409.3064
2025-03-27 16:44:13 - [Cluster 1 - CLIENT] - INFO - Sent reply
2025-03-27 16:44:13 - [Cluster 1 - CLIENT] - INFO - 
2025-03-27 16:44:13 - [Cluster 1 - CLIENT] - INFO - Received: evaluate message 251ed204-573c-4db5-bcfc-3ebf7e04992a
2025-03-27 16:44:13 - [Cluster 1 - CLIENT] - INFO - 
2025-03-27 16:44:13 - [Cluster 1 - CLIENT] - INFO - Received: evaluate message a5ea0c66-0519-469a-928b-350cf9c360be
2025-03-27 16:44:14 - [Cluster 1 - CLIENT] - INFO - [Store 1033] Evaluation - Loss: 34520996.0000, MAE: 5164.8237
2025-03-27 16:44:14 - [Cluster 1 - CLIENT] - INFO - Sent reply
2025-03-27 16:44:14 - [Cluster 1 - CLIENT] - INFO - [Store 362] Evaluation - Loss: 27303582.0000, MAE: 4880.6177
2025-03-27 16:44:14 - [Cluster 1 - CLIENT] - INFO - Sent reply
2025-03-27 16:44:14 - [Cluster 1 - CLIENT] - INFO - [Store 1114] Evaluation - Loss: 131977376.0000, MAE: 10916.5117
2025-03-27 16:44:14 - [Cluster 1 - CLIENT] - INFO - Sent reply
2025-03-27 16:44:14 - [Cluster 1 - CLIENT] - INFO - [Store 267] Evaluation - Loss: 21103674.0000, MAE: 4117.8501
2025-03-27 16:44:14 - [Cluster 1 - CLIENT] - INFO - Sent reply
2025-03-27 16:44:14 - [Cluster 1 - CLIENT] - INFO - [Store 459] Evaluation - Loss: 23549732.0000, MAE: 4308.4702
2025-03-27 16:44:14 - [Cluster 1 - CLIENT] - INFO - Sent reply
2025-03-27 16:44:14 - [Cluster 1 - CLIENT] - INFO - [Store 431] Evaluation - Loss: 19017794.0000, MAE: 3939.1101
2025-03-27 16:44:14 - [Cluster 1 - CLIENT] - INFO - Sent reply
2025-03-27 16:44:14 - [Cluster 1 - CLIENT] - INFO - [Store 809] Evaluation - Loss: 18063544.0000, MAE: 3087.4346
2025-03-27 16:44:14 - [Cluster 1 - CLIENT] - INFO - Sent reply
2025-03-27 16:44:14 - [Cluster 1 - CLIENT] - INFO - [Store 380] Evaluation - Loss: 54884476.0000, MAE: 6883.9346
2025-03-27 16:44:14 - [Cluster 1 - CLIENT] - INFO - Sent reply
2025-03-27 16:44:14 - [Cluster 1 - CLIENT] - INFO - [Store 376] Evaluation - Loss: 19368122.0000, MAE: 3972.7854
2025-03-27 16:44:14 - [Cluster 1 - CLIENT] - INFO - [Store 965] Evaluation - Loss: 18833070.0000, MAE: 3952.5732
2025-03-27 16:44:14 - [Cluster 1 - CLIENT] - INFO - Sent reply
2025-03-27 16:44:14 - [Cluster 1 - CLIENT] - INFO - Sent reply
2025-03-27 16:44:14 - [Cluster 1 - CLIENT] - INFO - [Store 846] Evaluation - Loss: 14719107.0000, MAE: 3067.2571
2025-03-27 16:44:14 - [Cluster 1 - CLIENT] - INFO - Sent reply
2025-03-27 16:44:14 - [Cluster 1 - CLIENT] - INFO - [Store 704] Evaluation - Loss: 29694336.0000, MAE: 5144.1172
2025-03-27 16:44:14 - [Cluster 1 - CLIENT] - INFO - Sent reply
2025-03-27 16:44:14 - [Cluster 1 - CLIENT] - INFO - [Store 687] Evaluation - Loss: 18698910.0000, MAE: 3977.0818
2025-03-27 16:44:14 - [Cluster 1 - CLIENT] - INFO - Sent reply
2025-03-27 16:44:14 - [Cluster 1 - CLIENT] - INFO - [Store 147] Evaluation - Loss: 10613583.0000, MAE: 2659.7727
2025-03-27 16:44:14 - [Cluster 1 - CLIENT] - INFO - Sent reply
2025-03-27 16:44:14 - [Cluster 1 - CLIENT] - INFO - [Store 963] Evaluation - Loss: 92997080.0000, MAE: 7414.4346
2025-03-27 16:44:14 - [Cluster 1 - CLIENT] - INFO - Sent reply
2025-03-27 16:44:14 - [Cluster 1 - CLIENT] - INFO - 
2025-03-27 16:44:14 - [Cluster 1 - CLIENT] - INFO - Received: reconnect message 72ad9b72-98f3-4141-b5c2-95b7a0393bf7
2025-03-27 16:44:14 - [Cluster 1 - CLIENT] - INFO - 
2025-03-27 16:44:14 - [Cluster 1 - CLIENT] - INFO - Received: reconnect message ad32107d-7bc2-42c1-bed1-fde4850c77ee
2025-03-27 16:44:14 - [Cluster 1 - CLIENT] - INFO - 
2025-03-27 16:44:14 - [Cluster 1 - CLIENT] - INFO - Received: reconnect message 0452cb24-c8f5-4bfc-98cd-5462b80fb47c
2025-03-27 16:44:14 - [Cluster 1 - CLIENT] - INFO - 
2025-03-27 16:44:14 - [Cluster 1 - CLIENT] - INFO - Received: reconnect message 8c8e3ca0-50f4-4bfa-b2f4-da1f3e22f4d5
2025-03-27 16:44:14 - [Cluster 1 - CLIENT] - INFO - 
2025-03-27 16:44:14 - [Cluster 1 - CLIENT] - INFO - Received: reconnect message e52251fe-16bc-4838-9c5c-0f81c848f36f
2025-03-27 16:44:14 - [Cluster 1 - CLIENT] - INFO - 
2025-03-27 16:44:14 - [Cluster 1 - CLIENT] - INFO - Received: reconnect message 4107fabf-3bbb-46a4-8ce5-4f834259e6b7
2025-03-27 16:44:14 - [Cluster 1 - CLIENT] - INFO - 
2025-03-27 16:44:14 - [Cluster 1 - CLIENT] - INFO - 
2025-03-27 16:44:14 - [Cluster 1 - CLIENT] - INFO - Received: reconnect message e85d7480-8b64-4136-b33c-e51ddb699986
2025-03-27 16:44:14 - [Cluster 1 - CLIENT] - INFO - 
2025-03-27 16:44:14 - [Cluster 1 - CLIENT] - INFO - Received: reconnect message 1bbf0c44-4e79-4287-8773-f410751d7f90
2025-03-27 16:44:14 - [Cluster 1 - CLIENT] - INFO - Received: reconnect message 17bd3c33-0ef0-43b6-94fb-fa1ecc624817
2025-03-27 16:44:14 - [Cluster 1 - CLIENT] - INFO - 
2025-03-27 16:44:14 - [Cluster 1 - CLIENT] - INFO - Received: reconnect message c59afe79-d4fc-4151-b9c5-ad0e8345cd63
2025-03-27 16:44:14 - [Cluster 1 - CLIENT] - INFO - 
2025-03-27 16:44:14 - [Cluster 1 - CLIENT] - INFO - Received: reconnect message 3e9c22fd-dc70-45a8-9801-3657ca39f2fd
2025-03-27 16:44:14 - [Cluster 1 - CLIENT] - INFO - 
2025-03-27 16:44:14 - [Cluster 1 - CLIENT] - INFO - Received: reconnect message 285f1b3d-a319-4ef6-b244-4fb409c0e4b1
2025-03-27 16:44:14 - [Cluster 1 - CLIENT] - INFO - 
2025-03-27 16:44:14 - [Cluster 1 - CLIENT] - INFO - Received: reconnect message c0af7914-dd15-4d49-a332-a3fff9445fc7
2025-03-27 16:44:14 - [Cluster 1 - CLIENT] - INFO - 
2025-03-27 16:44:14 - [Cluster 1 - CLIENT] - INFO - Received: reconnect message 2407dc3b-04fc-4a85-8897-938ed7f1621f
2025-03-27 16:44:14 - [Cluster 1 - CLIENT] - INFO - 
2025-03-27 16:44:14 - [Cluster 1 - CLIENT] - INFO - Received: reconnect message cde4e786-fcad-4cb3-b71d-b81ab76308d7
2025-03-27 16:44:14 - [Cluster 1 - CLIENT] - DEBUG - gRPC channel closed
2025-03-27 16:44:14 - [Cluster 1 - CLIENT] - INFO - Disconnect and shut down
2025-03-27 16:44:14 - [Cluster 1 - CLIENT] - DEBUG - gRPC channel closed
2025-03-27 16:44:14 - [Cluster 1 - CLIENT] - INFO - 
2025-03-27 16:44:14 - [Cluster 1 - CLIENT] - DEBUG - gRPC channel closed
2025-03-27 16:44:14 - [Cluster 1 - CLIENT] - INFO - Received: reconnect message 50ad956c-9284-4a4d-8ea7-a5bf21498dc6
2025-03-27 16:44:14 - [Cluster 1 - CLIENT] - INFO - 
2025-03-27 16:44:14 - [Cluster 1 - CLIENT] - INFO - Received: reconnect message 850fc1e5-e1ae-46c0-ab1d-11d6fe14f93f
2025-03-27 16:44:14 - [Cluster 1 - CLIENT] - INFO - Disconnect and shut down
2025-03-27 16:44:14 - [Cluster 1 - CLIENT] - INFO - Disconnect and shut down
2025-03-27 16:44:14 - [Cluster 1 - CLIENT] - INFO - 
2025-03-27 16:44:14 - [Cluster 1 - CLIENT] - INFO - Received: reconnect message 8a4b952d-45fd-46c5-9517-b945093e4476
2025-03-27 16:44:14 - [Cluster 1 - CLIENT] - INFO - 
2025-03-27 16:44:14 - [Cluster 1 - CLIENT] - INFO - Received: reconnect message c0a79c63-6636-4441-8543-6f05d0a17d0f
2025-03-27 16:44:14 - [Cluster 1 - CLIENT] - INFO - 
2025-03-27 16:44:14 - [Cluster 1 - CLIENT] - INFO - 
2025-03-27 16:44:14 - [Cluster 1 - CLIENT] - INFO - Received: reconnect message 51c2bef7-a39b-4e8d-8d85-ade46c7d9cdf
2025-03-27 16:44:14 - [Cluster 1 - CLIENT] - INFO - 
2025-03-27 16:44:14 - [Cluster 1 - CLIENT] - INFO - Received: reconnect message 620b6a86-779e-433a-a31d-0fb01c385c14
2025-03-27 16:44:14 - [Cluster 1 - CLIENT] - INFO - Received: reconnect message bcaa4958-2f26-4b44-abde-661dc781cb94
2025-03-27 16:44:14 - [Cluster 1 - CLIENT] - INFO - 
2025-03-27 16:44:14 - [Cluster 1 - CLIENT] - INFO - Received: reconnect message a7b10627-3706-49a7-ba73-8af2db041a2a
2025-03-27 16:44:14 - [Cluster 1 - CLIENT] - INFO - 
2025-03-27 16:44:14 - [Cluster 1 - CLIENT] - INFO - Received: reconnect message 9947a09d-5d4f-4358-b19f-930cefd10730
2025-03-27 16:44:14 - [Cluster 1 - CLIENT] - DEBUG - gRPC channel closed
2025-03-27 16:44:14 - [Cluster 1 - CLIENT] - INFO - 
2025-03-27 16:44:14 - [Cluster 1 - CLIENT] - INFO - Received: reconnect message c923a66e-e5b1-477e-8470-0c758e231320
2025-03-27 16:44:14 - [Cluster 1 - CLIENT] - INFO - 
2025-03-27 16:44:14 - [Cluster 1 - CLIENT] - INFO - Received: reconnect message 049c84f7-514b-45cb-a527-f8e1d3f1034f
2025-03-27 16:44:14 - [Cluster 1 - CLIENT] - INFO - 
2025-03-27 16:44:14 - [Cluster 1 - CLIENT] - INFO - 
2025-03-27 16:44:14 - [Cluster 1 - CLIENT] - INFO - Received: reconnect message e39652da-204c-4760-b89d-f960e9f6c8ff
2025-03-27 16:44:14 - [Cluster 1 - CLIENT] - INFO - Received: reconnect message 21dae3e2-b83e-4c86-9204-76132553b38f
2025-03-27 16:44:14 - [Cluster 1 - CLIENT] - INFO - Disconnect and shut down
2025-03-27 16:44:14 - [Cluster 1 - CLIENT] - INFO - 
2025-03-27 16:44:14 - [Cluster 1 - CLIENT] - INFO - Received: reconnect message 2135162c-62f2-4dd6-b727-1b35a0c8b042
2025-03-27 16:44:14 - [Cluster 1 - CLIENT] - DEBUG - gRPC channel closed
2025-03-27 16:44:14 - [Cluster 1 - CLIENT] - INFO - 
2025-03-27 16:44:14 - [Cluster 1 - CLIENT] - INFO - Received: reconnect message 92325078-15c6-494e-adb3-6dbac8c69d03
2025-03-27 16:44:14 - [Cluster 1 - CLIENT] - INFO - Disconnect and shut down
2025-03-27 16:44:14 - [Cluster 1 - CLIENT] - DEBUG - gRPC channel closed
2025-03-27 16:44:14 - [Cluster 1 - CLIENT] - INFO - Disconnect and shut down
2025-03-27 16:44:14 - [Cluster 1 - CLIENT] - DEBUG - gRPC channel closed
2025-03-27 16:44:14 - [Cluster 1 - CLIENT] - INFO - Disconnect and shut down
2025-03-27 16:44:14 - [Cluster 1 - CLIENT] - DEBUG - gRPC channel closed
2025-03-27 16:44:14 - [Cluster 1 - CLIENT] - DEBUG - gRPC channel closed
2025-03-27 16:44:14 - [Cluster 1 - CLIENT] - DEBUG - gRPC channel closed
2025-03-27 16:44:14 - [Cluster 1 - CLIENT] - DEBUG - gRPC channel closed
2025-03-27 16:44:14 - [Cluster 1 - CLIENT] - DEBUG - gRPC channel closed
2025-03-27 16:44:14 - [Cluster 1 - CLIENT] - DEBUG - gRPC channel closed
2025-03-27 16:44:14 - [Cluster 1 - CLIENT] - DEBUG - gRPC channel closed
2025-03-27 16:44:14 - [Cluster 1 - CLIENT] - DEBUG - gRPC channel closed
2025-03-27 16:44:14 - [Cluster 1 - CLIENT] - DEBUG - gRPC channel closed
2025-03-27 16:44:14 - [Cluster 1 - CLIENT] - DEBUG - gRPC channel closed
2025-03-27 16:44:14 - [Cluster 1 - CLIENT] - DEBUG - gRPC channel closed
2025-03-27 16:44:14 - [Cluster 1 - CLIENT] - DEBUG - gRPC channel closed
2025-03-27 16:44:14 - [Cluster 1 - CLIENT] - DEBUG - gRPC channel closed
2025-03-27 16:44:14 - [Cluster 1 - CLIENT] - DEBUG - gRPC channel closed
2025-03-27 16:44:14 - [Cluster 1 - CLIENT] - DEBUG - gRPC channel closed
2025-03-27 16:44:14 - [Cluster 1 - CLIENT] - DEBUG - gRPC channel closed
2025-03-27 16:44:14 - [Cluster 1 - CLIENT] - DEBUG - gRPC channel closed
2025-03-27 16:44:14 - [Cluster 1 - CLIENT] - INFO - Disconnect and shut down
2025-03-27 16:44:14 - [Cluster 1 - CLIENT] - DEBUG - gRPC channel closed
2025-03-27 16:44:14 - [Cluster 1 - CLIENT] - DEBUG - gRPC channel closed
2025-03-27 16:44:14 - [Cluster 1 - CLIENT] - INFO - Disconnect and shut down
2025-03-27 16:44:14 - [Cluster 1 - CLIENT] - DEBUG - gRPC channel closed
2025-03-27 16:44:14 - [Cluster 1 - CLIENT] - DEBUG - gRPC channel closed
2025-03-27 16:44:14 - [Cluster 1 - CLIENT] - INFO - Disconnect and shut down
2025-03-27 16:44:14 - [Cluster 1 - CLIENT] - INFO - Disconnect and shut down
2025-03-27 16:44:14 - [Cluster 1 - CLIENT] - INFO - Disconnect and shut down
2025-03-27 16:44:14 - [Cluster 1 - CLIENT] - INFO - Disconnect and shut down
2025-03-27 16:44:14 - [Cluster 1 - CLIENT] - DEBUG - gRPC channel closed
2025-03-27 16:44:14 - [Cluster 1 - CLIENT] - DEBUG - gRPC channel closed
2025-03-27 16:44:14 - [Cluster 1 - CLIENT] - INFO - Disconnect and shut down
2025-03-27 16:44:14 - [Cluster 1 - CLIENT] - INFO - Disconnect and shut down
2025-03-27 16:44:14 - [Cluster 1 - CLIENT] - INFO - Disconnect and shut down
2025-03-27 16:44:14 - [Cluster 1 - CLIENT] - INFO - Disconnect and shut down
2025-03-27 16:44:14 - [Cluster 1 - CLIENT] - INFO - Disconnect and shut down
2025-03-27 16:44:14 - [Cluster 1 - CLIENT] - INFO - Disconnect and shut down
2025-03-27 16:44:14 - [Cluster 1 - CLIENT] - INFO - Disconnect and shut down
2025-03-27 16:44:14 - [Cluster 1 - CLIENT] - INFO - Disconnect and shut down
2025-03-27 16:44:14 - [Cluster 1 - CLIENT] - INFO - Disconnect and shut down
2025-03-27 16:44:14 - [Cluster 1 - CLIENT] - INFO - Disconnect and shut down
2025-03-27 16:44:14 - [Cluster 1 - CLIENT] - INFO - Disconnect and shut down
2025-03-27 16:44:14 - [Cluster 1 - CLIENT] - INFO - Disconnect and shut down
2025-03-27 16:44:14 - [Cluster 1 - CLIENT] - INFO - Disconnect and shut down
2025-03-27 16:44:14 - [Cluster 1 - CLIENT] - INFO - Disconnect and shut down
2025-03-27 16:44:14 - [Cluster 1 - CLIENT] - INFO - Disconnect and shut down
2025-03-27 16:44:14 - [Cluster 1 - CLIENT] - INFO - Disconnect and shut down
2025-03-27 16:44:14 - [Cluster 1 - CLIENT] - INFO - Disconnect and shut down
2025-03-27 16:45:34 - [Cluster 1 - CLIENT] - INFO - Initialized client logging for cluster 1 -> ../logs/run_20250327_141631/clients_cluster_1.log
2025-03-27 16:45:34 - [Cluster 1 - CLIENT] - INFO - Loading pickle data for store 1093, cluster 1...
2025-03-27 16:45:34 - [Cluster 1 - CLIENT] - INFO - x_train shape: (723, 7, 27), y_train shape: (723,)
2025-03-27 16:45:34 - [Cluster 1 - CLIENT] - INFO - x_val shape: (176, 7, 27), y_val shape: (176,)
2025-03-27 16:45:35 - [Cluster 1 - CLIENT] - INFO - [Store 1093, Cluster 1] Connecting to 127.0.0.1:8081 ...
2025-03-27 16:45:35 - [Cluster 1 - CLIENT] - DEBUG - Opened insecure gRPC connection (no certificates were passed)
2025-03-27 16:45:35 - [Cluster 1 - CLIENT] - DEBUG - ChannelConnectivity.IDLE
2025-03-27 16:45:35 - [Cluster 1 - CLIENT] - DEBUG - ChannelConnectivity.TRANSIENT_FAILURE
2025-03-27 16:45:35 - [Cluster 1 - CLIENT] - DEBUG - gRPC channel closed
2025-03-27 16:45:42 - [Cluster 1 - CLIENT] - INFO - Initialized client logging for cluster 1 -> ../logs/run_20250327_141631/clients_cluster_1.log
2025-03-27 16:45:42 - [Cluster 1 - CLIENT] - INFO - Loading pickle data for store 1114, cluster 1...
2025-03-27 16:45:42 - [Cluster 1 - CLIENT] - INFO - x_train shape: (723, 7, 27), y_train shape: (723,)
2025-03-27 16:45:42 - [Cluster 1 - CLIENT] - INFO - x_val shape: (176, 7, 27), y_val shape: (176,)
2025-03-27 16:45:43 - [Cluster 1 - CLIENT] - INFO - [Store 1114, Cluster 1] Connecting to 127.0.0.1:8081 ...
2025-03-27 16:45:43 - [Cluster 1 - CLIENT] - DEBUG - Opened insecure gRPC connection (no certificates were passed)
2025-03-27 16:45:43 - [Cluster 1 - CLIENT] - INFO - Initialized client logging for cluster 1 -> ../logs/run_20250327_141631/clients_cluster_1.log
2025-03-27 16:45:43 - [Cluster 1 - CLIENT] - INFO - Loading pickle data for store 1114, cluster 1...
2025-03-27 16:45:43 - [Cluster 1 - CLIENT] - INFO - x_train shape: (723, 7, 27), y_train shape: (723,)
2025-03-27 16:45:43 - [Cluster 1 - CLIENT] - INFO - x_val shape: (176, 7, 27), y_val shape: (176,)
2025-03-27 16:45:43 - [Cluster 1 - CLIENT] - DEBUG - ChannelConnectivity.IDLE
2025-03-27 16:45:43 - [Cluster 1 - CLIENT] - DEBUG - ChannelConnectivity.TRANSIENT_FAILURE
2025-03-27 16:45:43 - [Cluster 1 - CLIENT] - INFO - Initialized client logging for cluster 1 -> ../logs/run_20250327_141631/clients_cluster_1.log
2025-03-27 16:45:43 - [Cluster 1 - CLIENT] - INFO - Loading pickle data for store 809, cluster 1...
2025-03-27 16:45:43 - [Cluster 1 - CLIENT] - INFO - x_train shape: (723, 7, 27), y_train shape: (723,)
2025-03-27 16:45:43 - [Cluster 1 - CLIENT] - INFO - x_val shape: (176, 7, 27), y_val shape: (176,)
2025-03-27 16:45:43 - [Cluster 1 - CLIENT] - DEBUG - gRPC channel closed
2025-03-27 16:45:44 - [Cluster 1 - CLIENT] - INFO - Initialized client logging for cluster 1 -> ../logs/run_20250327_141631/clients_cluster_1.log
2025-03-27 16:45:44 - [Cluster 1 - CLIENT] - INFO - Loading pickle data for store 387, cluster 1...
2025-03-27 16:45:44 - [Cluster 1 - CLIENT] - INFO - x_train shape: (723, 7, 27), y_train shape: (723,)
2025-03-27 16:45:44 - [Cluster 1 - CLIENT] - INFO - x_val shape: (176, 7, 27), y_val shape: (176,)
2025-03-27 16:45:44 - [Cluster 1 - CLIENT] - INFO - Initialized client logging for cluster 1 -> ../logs/run_20250327_141631/clients_cluster_1.log
2025-03-27 16:45:44 - [Cluster 1 - CLIENT] - INFO - Loading pickle data for store 57, cluster 1...
2025-03-27 16:45:44 - [Cluster 1 - CLIENT] - INFO - x_train shape: (723, 7, 27), y_train shape: (723,)
2025-03-27 16:45:44 - [Cluster 1 - CLIENT] - INFO - x_val shape: (176, 7, 27), y_val shape: (176,)
2025-03-27 16:45:44 - [Cluster 1 - CLIENT] - INFO - [Store 1114, Cluster 1] Connecting to 127.0.0.1:8081 ...
2025-03-27 16:45:44 - [Cluster 1 - CLIENT] - INFO - [Store 809, Cluster 1] Connecting to 127.0.0.1:8081 ...
2025-03-27 16:45:45 - [Cluster 1 - CLIENT] - DEBUG - Opened insecure gRPC connection (no certificates were passed)
2025-03-27 16:45:45 - [Cluster 1 - CLIENT] - DEBUG - ChannelConnectivity.IDLE
2025-03-27 16:45:45 - [Cluster 1 - CLIENT] - DEBUG - gRPC channel closed
2025-03-27 16:45:45 - [Cluster 1 - CLIENT] - DEBUG - Opened insecure gRPC connection (no certificates were passed)
2025-03-27 16:45:45 - [Cluster 1 - CLIENT] - DEBUG - ChannelConnectivity.IDLE
2025-03-27 16:45:45 - [Cluster 1 - CLIENT] - DEBUG - ChannelConnectivity.TRANSIENT_FAILURE
2025-03-27 16:45:45 - [Cluster 1 - CLIENT] - DEBUG - gRPC channel closed
2025-03-27 16:45:46 - [Cluster 1 - CLIENT] - INFO - [Store 387, Cluster 1] Connecting to 127.0.0.1:8081 ...
2025-03-27 16:45:46 - [Cluster 1 - CLIENT] - DEBUG - Opened insecure gRPC connection (no certificates were passed)
2025-03-27 16:45:46 - [Cluster 1 - CLIENT] - DEBUG - ChannelConnectivity.IDLE
2025-03-27 16:45:46 - [Cluster 1 - CLIENT] - DEBUG - ChannelConnectivity.TRANSIENT_FAILURE
2025-03-27 16:45:46 - [Cluster 1 - CLIENT] - DEBUG - gRPC channel closed
2025-03-27 16:45:47 - [Cluster 1 - CLIENT] - INFO - [Store 57, Cluster 1] Connecting to 127.0.0.1:8081 ...
2025-03-27 16:45:47 - [Cluster 1 - CLIENT] - DEBUG - Opened insecure gRPC connection (no certificates were passed)
2025-03-27 16:45:47 - [Cluster 1 - CLIENT] - DEBUG - ChannelConnectivity.IDLE
2025-03-27 16:45:47 - [Cluster 1 - CLIENT] - DEBUG - ChannelConnectivity.CONNECTING
2025-03-27 16:45:47 - [Cluster 1 - CLIENT] - DEBUG - ChannelConnectivity.TRANSIENT_FAILURE
2025-03-27 16:45:47 - [Cluster 1 - CLIENT] - DEBUG - gRPC channel closed
