2025-03-27 16:45:43 - [Cluster 2 - CLIENT] - INFO - Initialized client logging for cluster 2 -> ../logs/run_20250327_141631/clients_cluster_2.log
2025-03-27 16:45:43 - [Cluster 2 - CLIENT] - INFO - Loading pickle data for store 1104, cluster 2...
2025-03-27 16:45:43 - [Cluster 2 - CLIENT] - INFO - x_train shape: (576, 7, 27), y_train shape: (576,)
2025-03-27 16:45:43 - [Cluster 2 - CLIENT] - INFO - x_val shape: (139, 7, 27), y_val shape: (139,)
2025-03-27 16:45:44 - [Cluster 2 - CLIENT] - INFO - Initialized client logging for cluster 2 -> ../logs/run_20250327_141631/clients_cluster_2.log
2025-03-27 16:45:44 - [Cluster 2 - CLIENT] - INFO - Loading pickle data for store 490, cluster 2...
2025-03-27 16:45:44 - [Cluster 2 - CLIENT] - INFO - x_train shape: (576, 7, 27), y_train shape: (576,)
2025-03-27 16:45:44 - [Cluster 2 - CLIENT] - INFO - x_val shape: (139, 7, 27), y_val shape: (139,)
2025-03-27 16:45:44 - [Cluster 2 - CLIENT] - INFO - Initialized client logging for cluster 2 -> ../logs/run_20250327_141631/clients_cluster_2.log
2025-03-27 16:45:44 - [Cluster 2 - CLIENT] - INFO - Loading pickle data for store 633, cluster 2...
2025-03-27 16:45:44 - [Cluster 2 - CLIENT] - INFO - x_train shape: (576, 7, 27), y_train shape: (576,)
2025-03-27 16:45:44 - [Cluster 2 - CLIENT] - INFO - x_val shape: (139, 7, 27), y_val shape: (139,)
2025-03-27 16:45:44 - [Cluster 2 - CLIENT] - INFO - Initialized client logging for cluster 2 -> ../logs/run_20250327_141631/clients_cluster_2.log
2025-03-27 16:45:44 - [Cluster 2 - CLIENT] - INFO - Loading pickle data for store 149, cluster 2...
2025-03-27 16:45:44 - [Cluster 2 - CLIENT] - INFO - x_train shape: (576, 7, 27), y_train shape: (576,)
2025-03-27 16:45:44 - [Cluster 2 - CLIENT] - INFO - x_val shape: (139, 7, 27), y_val shape: (139,)
2025-03-27 16:45:44 - [Cluster 2 - CLIENT] - INFO - Initialized client logging for cluster 2 -> ../logs/run_20250327_141631/clients_cluster_2.log
2025-03-27 16:45:44 - [Cluster 2 - CLIENT] - INFO - Loading pickle data for store 412, cluster 2...
2025-03-27 16:45:44 - [Cluster 2 - CLIENT] - INFO - x_train shape: (576, 7, 27), y_train shape: (576,)
2025-03-27 16:45:44 - [Cluster 2 - CLIENT] - INFO - x_val shape: (139, 7, 27), y_val shape: (139,)
2025-03-27 16:45:44 - [Cluster 2 - CLIENT] - INFO - Initialized client logging for cluster 2 -> ../logs/run_20250327_141631/clients_cluster_2.log
2025-03-27 16:45:44 - [Cluster 2 - CLIENT] - INFO - Loading pickle data for store 919, cluster 2...
2025-03-27 16:45:44 - [Cluster 2 - CLIENT] - INFO - Initialized client logging for cluster 2 -> ../logs/run_20250327_141631/clients_cluster_2.log
2025-03-27 16:45:44 - [Cluster 2 - CLIENT] - INFO - Loading pickle data for store 500, cluster 2...
2025-03-27 16:45:44 - [Cluster 2 - CLIENT] - INFO - x_train shape: (576, 7, 27), y_train shape: (576,)
2025-03-27 16:45:44 - [Cluster 2 - CLIENT] - INFO - x_val shape: (139, 7, 27), y_val shape: (139,)
2025-03-27 16:45:44 - [Cluster 2 - CLIENT] - INFO - x_train shape: (576, 7, 27), y_train shape: (576,)
2025-03-27 16:45:44 - [Cluster 2 - CLIENT] - INFO - x_val shape: (139, 7, 27), y_val shape: (139,)
2025-03-27 16:45:44 - [Cluster 2 - CLIENT] - INFO - Initialized client logging for cluster 2 -> ../logs/run_20250327_141631/clients_cluster_2.log
2025-03-27 16:45:44 - [Cluster 2 - CLIENT] - INFO - Loading pickle data for store 619, cluster 2...
2025-03-27 16:45:44 - [Cluster 2 - CLIENT] - INFO - x_train shape: (576, 7, 27), y_train shape: (576,)
2025-03-27 16:45:44 - [Cluster 2 - CLIENT] - INFO - x_val shape: (139, 7, 27), y_val shape: (139,)
2025-03-27 16:45:44 - [Cluster 2 - CLIENT] - INFO - Initialized client logging for cluster 2 -> ../logs/run_20250327_141631/clients_cluster_2.log
2025-03-27 16:45:44 - [Cluster 2 - CLIENT] - INFO - Loading pickle data for store 890, cluster 2...
2025-03-27 16:45:44 - [Cluster 2 - CLIENT] - INFO - x_train shape: (576, 7, 27), y_train shape: (576,)
2025-03-27 16:45:44 - [Cluster 2 - CLIENT] - INFO - x_val shape: (139, 7, 27), y_val shape: (139,)
2025-03-27 16:45:44 - [Cluster 2 - CLIENT] - INFO - Initialized client logging for cluster 2 -> ../logs/run_20250327_141631/clients_cluster_2.log
2025-03-27 16:45:44 - [Cluster 2 - CLIENT] - INFO - Loading pickle data for store 719, cluster 2...
2025-03-27 16:45:44 - [Cluster 2 - CLIENT] - INFO - Initialized client logging for cluster 2 -> ../logs/run_20250327_141631/clients_cluster_2.log
2025-03-27 16:45:44 - [Cluster 2 - CLIENT] - INFO - Loading pickle data for store 181, cluster 2...
2025-03-27 16:45:44 - [Cluster 2 - CLIENT] - INFO - x_train shape: (576, 7, 27), y_train shape: (576,)
2025-03-27 16:45:44 - [Cluster 2 - CLIENT] - INFO - x_val shape: (139, 7, 27), y_val shape: (139,)
2025-03-27 16:45:44 - [Cluster 2 - CLIENT] - INFO - x_train shape: (576, 7, 27), y_train shape: (576,)
2025-03-27 16:45:44 - [Cluster 2 - CLIENT] - INFO - x_val shape: (139, 7, 27), y_val shape: (139,)
2025-03-27 16:45:44 - [Cluster 2 - CLIENT] - INFO - Initialized client logging for cluster 2 -> ../logs/run_20250327_141631/clients_cluster_2.log
2025-03-27 16:45:44 - [Cluster 2 - CLIENT] - INFO - Loading pickle data for store 555, cluster 2...
2025-03-27 16:45:44 - [Cluster 2 - CLIENT] - INFO - x_train shape: (576, 7, 27), y_train shape: (576,)
2025-03-27 16:45:44 - [Cluster 2 - CLIENT] - INFO - x_val shape: (139, 7, 27), y_val shape: (139,)
2025-03-27 16:45:45 - [Cluster 2 - CLIENT] - INFO - [Store 1104, Cluster 2] Connecting to 127.0.0.1:8082 ...
2025-03-27 16:45:45 - [Cluster 2 - CLIENT] - DEBUG - Opened insecure gRPC connection (no certificates were passed)
2025-03-27 16:45:45 - [Cluster 2 - CLIENT] - DEBUG - ChannelConnectivity.IDLE
2025-03-27 16:45:45 - [Cluster 2 - CLIENT] - DEBUG - ChannelConnectivity.CONNECTING
2025-03-27 16:45:45 - [Cluster 2 - CLIENT] - DEBUG - ChannelConnectivity.READY
2025-03-27 16:45:45 - [Cluster 2 - CLIENT] - INFO - Initialized client logging for cluster 2 -> ../logs/run_20250327_141631/clients_cluster_2.log
2025-03-27 16:45:45 - [Cluster 2 - CLIENT] - INFO - Loading pickle data for store 492, cluster 2...
2025-03-27 16:45:45 - [Cluster 2 - CLIENT] - INFO - x_train shape: (576, 7, 27), y_train shape: (576,)
2025-03-27 16:45:45 - [Cluster 2 - CLIENT] - INFO - x_val shape: (139, 7, 27), y_val shape: (139,)
2025-03-27 16:45:45 - [Cluster 2 - CLIENT] - INFO - 
2025-03-27 16:45:45 - [Cluster 2 - CLIENT] - INFO - Received: get_parameters message 9a22a775-cd07-4e1d-bf2c-f202743bb114
2025-03-27 16:45:45 - [Cluster 2 - CLIENT] - INFO - [Store 1104] Sending model parameters to server.
2025-03-27 16:45:45 - [Cluster 2 - CLIENT] - INFO - Initialized client logging for cluster 2 -> ../logs/run_20250327_141631/clients_cluster_2.log
2025-03-27 16:45:45 - [Cluster 2 - CLIENT] - INFO - Loading pickle data for store 512, cluster 2...
2025-03-27 16:45:45 - [Cluster 2 - CLIENT] - INFO - x_train shape: (576, 7, 27), y_train shape: (576,)
2025-03-27 16:45:45 - [Cluster 2 - CLIENT] - INFO - x_val shape: (139, 7, 27), y_val shape: (139,)
2025-03-27 16:45:45 - [Cluster 2 - CLIENT] - INFO - Sent reply
2025-03-27 16:45:45 - [Cluster 2 - CLIENT] - INFO - Initialized client logging for cluster 2 -> ../logs/run_20250327_141631/clients_cluster_2.log
2025-03-27 16:45:45 - [Cluster 2 - CLIENT] - INFO - Loading pickle data for store 413, cluster 2...
2025-03-27 16:45:45 - [Cluster 2 - CLIENT] - INFO - x_train shape: (576, 7, 27), y_train shape: (576,)
2025-03-27 16:45:45 - [Cluster 2 - CLIENT] - INFO - x_val shape: (139, 7, 27), y_val shape: (139,)
2025-03-27 16:45:45 - [Cluster 2 - CLIENT] - INFO - Initialized client logging for cluster 2 -> ../logs/run_20250327_141631/clients_cluster_2.log
2025-03-27 16:45:45 - [Cluster 2 - CLIENT] - INFO - Loading pickle data for store 989, cluster 2...
2025-03-27 16:45:45 - [Cluster 2 - CLIENT] - INFO - x_train shape: (576, 7, 27), y_train shape: (576,)
2025-03-27 16:45:45 - [Cluster 2 - CLIENT] - INFO - x_val shape: (139, 7, 27), y_val shape: (139,)
2025-03-27 16:45:45 - [Cluster 2 - CLIENT] - INFO - Initialized client logging for cluster 2 -> ../logs/run_20250327_141631/clients_cluster_2.log
2025-03-27 16:45:45 - [Cluster 2 - CLIENT] - INFO - Loading pickle data for store 989, cluster 2...
2025-03-27 16:45:45 - [Cluster 2 - CLIENT] - INFO - x_train shape: (576, 7, 27), y_train shape: (576,)
2025-03-27 16:45:45 - [Cluster 2 - CLIENT] - INFO - x_val shape: (139, 7, 27), y_val shape: (139,)
2025-03-27 16:45:45 - [Cluster 2 - CLIENT] - INFO - Initialized client logging for cluster 2 -> ../logs/run_20250327_141631/clients_cluster_2.log
2025-03-27 16:45:45 - [Cluster 2 - CLIENT] - INFO - Loading pickle data for store 413, cluster 2...
2025-03-27 16:45:45 - [Cluster 2 - CLIENT] - INFO - Initialized client logging for cluster 2 -> ../logs/run_20250327_141631/clients_cluster_2.log
2025-03-27 16:45:45 - [Cluster 2 - CLIENT] - INFO - Loading pickle data for store 522, cluster 2...
2025-03-27 16:45:45 - [Cluster 2 - CLIENT] - INFO - x_train shape: (576, 7, 27), y_train shape: (576,)
2025-03-27 16:45:45 - [Cluster 2 - CLIENT] - INFO - x_val shape: (139, 7, 27), y_val shape: (139,)
2025-03-27 16:45:45 - [Cluster 2 - CLIENT] - INFO - x_train shape: (576, 7, 27), y_train shape: (576,)
2025-03-27 16:45:45 - [Cluster 2 - CLIENT] - INFO - x_val shape: (139, 7, 27), y_val shape: (139,)
2025-03-27 16:45:45 - [Cluster 2 - CLIENT] - INFO - Initialized client logging for cluster 2 -> ../logs/run_20250327_141631/clients_cluster_2.log
2025-03-27 16:45:45 - [Cluster 2 - CLIENT] - INFO - Loading pickle data for store 629, cluster 2...
2025-03-27 16:45:45 - [Cluster 2 - CLIENT] - INFO - x_train shape: (576, 7, 27), y_train shape: (576,)
2025-03-27 16:45:45 - [Cluster 2 - CLIENT] - INFO - x_val shape: (139, 7, 27), y_val shape: (139,)
2025-03-27 16:45:45 - [Cluster 2 - CLIENT] - INFO - Initialized client logging for cluster 2 -> ../logs/run_20250327_141631/clients_cluster_2.log
2025-03-27 16:45:45 - [Cluster 2 - CLIENT] - INFO - Loading pickle data for store 258, cluster 2...
2025-03-27 16:45:45 - [Cluster 2 - CLIENT] - INFO - x_train shape: (576, 7, 27), y_train shape: (576,)
2025-03-27 16:45:45 - [Cluster 2 - CLIENT] - INFO - x_val shape: (139, 7, 27), y_val shape: (139,)
2025-03-27 16:45:46 - [Cluster 2 - CLIENT] - INFO - [Store 490, Cluster 2] Connecting to 127.0.0.1:8082 ...
2025-03-27 16:45:46 - [Cluster 2 - CLIENT] - DEBUG - Opened insecure gRPC connection (no certificates were passed)
2025-03-27 16:45:46 - [Cluster 2 - CLIENT] - DEBUG - ChannelConnectivity.IDLE
2025-03-27 16:45:46 - [Cluster 2 - CLIENT] - DEBUG - ChannelConnectivity.CONNECTING
2025-03-27 16:45:46 - [Cluster 2 - CLIENT] - DEBUG - ChannelConnectivity.READY
2025-03-27 16:45:46 - [Cluster 2 - CLIENT] - INFO - [Store 149, Cluster 2] Connecting to 127.0.0.1:8082 ...
2025-03-27 16:45:46 - [Cluster 2 - CLIENT] - DEBUG - Opened insecure gRPC connection (no certificates were passed)
2025-03-27 16:45:46 - [Cluster 2 - CLIENT] - DEBUG - ChannelConnectivity.IDLE
2025-03-27 16:45:46 - [Cluster 2 - CLIENT] - DEBUG - ChannelConnectivity.READY
2025-03-27 16:45:46 - [Cluster 2 - CLIENT] - INFO - Initialized client logging for cluster 2 -> ../logs/run_20250327_141631/clients_cluster_2.log
2025-03-27 16:45:46 - [Cluster 2 - CLIENT] - INFO - Loading pickle data for store 399, cluster 2...
2025-03-27 16:45:46 - [Cluster 2 - CLIENT] - INFO - x_train shape: (576, 7, 27), y_train shape: (576,)
2025-03-27 16:45:46 - [Cluster 2 - CLIENT] - INFO - x_val shape: (139, 7, 27), y_val shape: (139,)
2025-03-27 16:45:47 - [Cluster 2 - CLIENT] - INFO - [Store 633, Cluster 2] Connecting to 127.0.0.1:8082 ...
2025-03-27 16:45:47 - [Cluster 2 - CLIENT] - INFO - Initialized client logging for cluster 2 -> ../logs/run_20250327_141631/clients_cluster_2.log
2025-03-27 16:45:47 - [Cluster 2 - CLIENT] - INFO - Loading pickle data for store 20, cluster 2...
2025-03-27 16:45:47 - [Cluster 2 - CLIENT] - INFO - x_train shape: (576, 7, 27), y_train shape: (576,)
2025-03-27 16:45:47 - [Cluster 2 - CLIENT] - INFO - x_val shape: (139, 7, 27), y_val shape: (139,)
2025-03-27 16:45:47 - [Cluster 2 - CLIENT] - DEBUG - Opened insecure gRPC connection (no certificates were passed)
2025-03-27 16:45:47 - [Cluster 2 - CLIENT] - DEBUG - ChannelConnectivity.IDLE
2025-03-27 16:45:47 - [Cluster 2 - CLIENT] - DEBUG - ChannelConnectivity.READY
2025-03-27 16:45:47 - [Cluster 2 - CLIENT] - INFO - Initialized client logging for cluster 2 -> ../logs/run_20250327_141631/clients_cluster_2.log
2025-03-27 16:45:47 - [Cluster 2 - CLIENT] - INFO - Loading pickle data for store 477, cluster 2...
2025-03-27 16:45:47 - [Cluster 2 - CLIENT] - INFO - x_train shape: (576, 7, 27), y_train shape: (576,)
2025-03-27 16:45:47 - [Cluster 2 - CLIENT] - INFO - x_val shape: (139, 7, 27), y_val shape: (139,)
2025-03-27 16:45:47 - [Cluster 2 - CLIENT] - INFO - [Store 181, Cluster 2] Connecting to 127.0.0.1:8082 ...
2025-03-27 16:45:47 - [Cluster 2 - CLIENT] - INFO - [Store 500, Cluster 2] Connecting to 127.0.0.1:8082 ...
2025-03-27 16:45:47 - [Cluster 2 - CLIENT] - INFO - [Store 412, Cluster 2] Connecting to 127.0.0.1:8082 ...
2025-03-27 16:45:47 - [Cluster 2 - CLIENT] - DEBUG - Opened insecure gRPC connection (no certificates were passed)
2025-03-27 16:45:47 - [Cluster 2 - CLIENT] - DEBUG - ChannelConnectivity.IDLE
2025-03-27 16:45:47 - [Cluster 2 - CLIENT] - DEBUG - Opened insecure gRPC connection (no certificates were passed)
2025-03-27 16:45:47 - [Cluster 2 - CLIENT] - DEBUG - ChannelConnectivity.IDLE
2025-03-27 16:45:47 - [Cluster 2 - CLIENT] - DEBUG - Opened insecure gRPC connection (no certificates were passed)
2025-03-27 16:45:47 - [Cluster 2 - CLIENT] - DEBUG - ChannelConnectivity.IDLE
2025-03-27 16:45:47 - [Cluster 2 - CLIENT] - DEBUG - ChannelConnectivity.CONNECTING
2025-03-27 16:45:47 - [Cluster 2 - CLIENT] - INFO - [Store 619, Cluster 2] Connecting to 127.0.0.1:8082 ...
2025-03-27 16:45:47 - [Cluster 2 - CLIENT] - DEBUG - ChannelConnectivity.READY
2025-03-27 16:45:47 - [Cluster 2 - CLIENT] - DEBUG - ChannelConnectivity.CONNECTING
2025-03-27 16:45:47 - [Cluster 2 - CLIENT] - DEBUG - ChannelConnectivity.READY
2025-03-27 16:45:47 - [Cluster 2 - CLIENT] - DEBUG - ChannelConnectivity.CONNECTING
2025-03-27 16:45:47 - [Cluster 2 - CLIENT] - DEBUG - ChannelConnectivity.READY
2025-03-27 16:45:47 - [Cluster 2 - CLIENT] - INFO - [Store 919, Cluster 2] Connecting to 127.0.0.1:8082 ...
2025-03-27 16:45:47 - [Cluster 2 - CLIENT] - DEBUG - Opened insecure gRPC connection (no certificates were passed)
2025-03-27 16:45:47 - [Cluster 2 - CLIENT] - DEBUG - ChannelConnectivity.IDLE
2025-03-27 16:45:47 - [Cluster 2 - CLIENT] - DEBUG - ChannelConnectivity.CONNECTING
2025-03-27 16:45:47 - [Cluster 2 - CLIENT] - DEBUG - ChannelConnectivity.READY
2025-03-27 16:45:47 - [Cluster 2 - CLIENT] - DEBUG - Opened insecure gRPC connection (no certificates were passed)
2025-03-27 16:45:47 - [Cluster 2 - CLIENT] - DEBUG - ChannelConnectivity.IDLE
2025-03-27 16:45:47 - [Cluster 2 - CLIENT] - DEBUG - ChannelConnectivity.CONNECTING
2025-03-27 16:45:47 - [Cluster 2 - CLIENT] - DEBUG - ChannelConnectivity.READY
2025-03-27 16:45:47 - [Cluster 2 - CLIENT] - INFO - [Store 719, Cluster 2] Connecting to 127.0.0.1:8082 ...
2025-03-27 16:45:47 - [Cluster 2 - CLIENT] - INFO - 
2025-03-27 16:45:47 - [Cluster 2 - CLIENT] - INFO - Received: train message ab755be5-4a93-4a05-b180-9c74497cae66
2025-03-27 16:45:47 - [Cluster 2 - CLIENT] - INFO - 
2025-03-27 16:45:47 - [Cluster 2 - CLIENT] - INFO - Received: train message 561cc4e9-2cab-45e1-9cf6-0e1b1e61b9a7
2025-03-27 16:45:47 - [Cluster 2 - CLIENT] - INFO - 
2025-03-27 16:45:47 - [Cluster 2 - CLIENT] - INFO - Received: train message cd0a0258-1598-4486-9a1a-c1676bd67942
2025-03-27 16:45:47 - [Cluster 2 - CLIENT] - INFO - 
2025-03-27 16:45:47 - [Cluster 2 - CLIENT] - INFO - Received: train message c44f60a8-83bc-4809-89bb-f189cd54ac1a
2025-03-27 16:45:47 - [Cluster 2 - CLIENT] - INFO - 
2025-03-27 16:45:47 - [Cluster 2 - CLIENT] - INFO - Received: train message 89f44ee0-94b7-4849-865e-c576c47acf77
2025-03-27 16:45:47 - [Cluster 2 - CLIENT] - INFO - 
2025-03-27 16:45:47 - [Cluster 2 - CLIENT] - INFO - 
2025-03-27 16:45:47 - [Cluster 2 - CLIENT] - INFO - Received: train message 0c3d6ed9-6327-48c4-90d4-e31a5e94be43
2025-03-27 16:45:47 - [Cluster 2 - CLIENT] - INFO - Received: train message 7594e34a-549b-4425-835b-c0b4ef176520
2025-03-27 16:45:47 - [Cluster 2 - CLIENT] - INFO - 
2025-03-27 16:45:47 - [Cluster 2 - CLIENT] - INFO - Received: train message 475555e9-217f-486a-8388-5cbaee096cac
2025-03-27 16:45:47 - [Cluster 2 - CLIENT] - INFO - 
2025-03-27 16:45:47 - [Cluster 2 - CLIENT] - INFO - Received: train message dfbea8ff-a1fc-4d25-92c0-f2de1521be39
2025-03-27 16:45:47 - [Cluster 2 - CLIENT] - INFO - [Store 890, Cluster 2] Connecting to 127.0.0.1:8082 ...
2025-03-27 16:45:47 - [Cluster 2 - CLIENT] - INFO - [Store 633] Starting local training.
2025-03-27 16:45:47 - [Cluster 2 - CLIENT] - INFO - [Store 412] Starting local training.
2025-03-27 16:45:47 - [Cluster 2 - CLIENT] - DEBUG - Opened insecure gRPC connection (no certificates were passed)
2025-03-27 16:45:47 - [Cluster 2 - CLIENT] - DEBUG - ChannelConnectivity.IDLE
2025-03-27 16:45:47 - [Cluster 2 - CLIENT] - DEBUG - ChannelConnectivity.READY
2025-03-27 16:45:47 - [Cluster 2 - CLIENT] - INFO - [Store 490] Starting local training.
2025-03-27 16:45:47 - [Cluster 2 - CLIENT] - INFO - [Store 500] Starting local training.
2025-03-27 16:45:47 - [Cluster 2 - CLIENT] - DEBUG - Opened insecure gRPC connection (no certificates were passed)
2025-03-27 16:45:47 - [Cluster 2 - CLIENT] - INFO - [Store 149] Starting local training.
2025-03-27 16:45:47 - [Cluster 2 - CLIENT] - DEBUG - ChannelConnectivity.IDLE
2025-03-27 16:45:47 - [Cluster 2 - CLIENT] - DEBUG - ChannelConnectivity.READY
2025-03-27 16:45:47 - [Cluster 2 - CLIENT] - INFO - [Store 555, Cluster 2] Connecting to 127.0.0.1:8082 ...
2025-03-27 16:45:47 - [Cluster 2 - CLIENT] - INFO - [Store 1104] Starting local training.
2025-03-27 16:45:48 - [Cluster 2 - CLIENT] - INFO - [Store 919] Starting local training.
2025-03-27 16:45:48 - [Cluster 2 - CLIENT] - INFO - [Store 181] Starting local training.
2025-03-27 16:45:48 - [Cluster 2 - CLIENT] - INFO - [Store 619] Starting local training.
2025-03-27 16:45:48 - [Cluster 2 - CLIENT] - DEBUG - Opened insecure gRPC connection (no certificates were passed)
2025-03-27 16:45:48 - [Cluster 2 - CLIENT] - DEBUG - ChannelConnectivity.IDLE
2025-03-27 16:45:48 - [Cluster 2 - CLIENT] - DEBUG - ChannelConnectivity.CONNECTING
2025-03-27 16:45:48 - [Cluster 2 - CLIENT] - DEBUG - ChannelConnectivity.READY
2025-03-27 16:45:48 - [Cluster 2 - CLIENT] - INFO - [Store 512, Cluster 2] Connecting to 127.0.0.1:8082 ...
2025-03-27 16:45:48 - [Cluster 2 - CLIENT] - INFO - [Store 989, Cluster 2] Connecting to 127.0.0.1:8082 ...
2025-03-27 16:45:48 - [Cluster 2 - CLIENT] - DEBUG - Opened insecure gRPC connection (no certificates were passed)
2025-03-27 16:45:48 - [Cluster 2 - CLIENT] - DEBUG - ChannelConnectivity.IDLE
2025-03-27 16:45:48 - [Cluster 2 - CLIENT] - DEBUG - ChannelConnectivity.READY
2025-03-27 16:45:48 - [Cluster 2 - CLIENT] - INFO - [Store 629, Cluster 2] Connecting to 127.0.0.1:8082 ...
2025-03-27 16:45:48 - [Cluster 2 - CLIENT] - DEBUG - Opened insecure gRPC connection (no certificates were passed)
2025-03-27 16:45:48 - [Cluster 2 - CLIENT] - DEBUG - ChannelConnectivity.IDLE
2025-03-27 16:45:48 - [Cluster 2 - CLIENT] - DEBUG - ChannelConnectivity.READY
2025-03-27 16:45:48 - [Cluster 2 - CLIENT] - DEBUG - Opened insecure gRPC connection (no certificates were passed)
2025-03-27 16:45:48 - [Cluster 2 - CLIENT] - INFO - [Store 413, Cluster 2] Connecting to 127.0.0.1:8082 ...
2025-03-27 16:45:48 - [Cluster 2 - CLIENT] - DEBUG - ChannelConnectivity.IDLE
2025-03-27 16:45:48 - [Cluster 2 - CLIENT] - INFO - [Store 492, Cluster 2] Connecting to 127.0.0.1:8082 ...
2025-03-27 16:45:48 - [Cluster 2 - CLIENT] - INFO - [Store 258, Cluster 2] Connecting to 127.0.0.1:8082 ...
2025-03-27 16:45:48 - [Cluster 2 - CLIENT] - DEBUG - ChannelConnectivity.CONNECTING
2025-03-27 16:45:48 - [Cluster 2 - CLIENT] - DEBUG - ChannelConnectivity.READY
2025-03-27 16:45:48 - [Cluster 2 - CLIENT] - INFO - [Store 522, Cluster 2] Connecting to 127.0.0.1:8082 ...
2025-03-27 16:45:48 - [Cluster 2 - CLIENT] - DEBUG - Opened insecure gRPC connection (no certificates were passed)
2025-03-27 16:45:48 - [Cluster 2 - CLIENT] - DEBUG - Opened insecure gRPC connection (no certificates were passed)
2025-03-27 16:45:48 - [Cluster 2 - CLIENT] - DEBUG - ChannelConnectivity.IDLE
2025-03-27 16:45:48 - [Cluster 2 - CLIENT] - DEBUG - ChannelConnectivity.IDLE
2025-03-27 16:45:48 - [Cluster 2 - CLIENT] - DEBUG - ChannelConnectivity.READY
2025-03-27 16:45:48 - [Cluster 2 - CLIENT] - DEBUG - Opened insecure gRPC connection (no certificates were passed)
2025-03-27 16:45:48 - [Cluster 2 - CLIENT] - DEBUG - ChannelConnectivity.READY
2025-03-27 16:45:48 - [Cluster 2 - CLIENT] - DEBUG - ChannelConnectivity.IDLE
2025-03-27 16:45:48 - [Cluster 2 - CLIENT] - DEBUG - ChannelConnectivity.CONNECTING
2025-03-27 16:45:48 - [Cluster 2 - CLIENT] - DEBUG - ChannelConnectivity.READY
2025-03-27 16:45:48 - [Cluster 2 - CLIENT] - DEBUG - Opened insecure gRPC connection (no certificates were passed)
2025-03-27 16:45:48 - [Cluster 2 - CLIENT] - DEBUG - ChannelConnectivity.IDLE
2025-03-27 16:45:48 - [Cluster 2 - CLIENT] - DEBUG - ChannelConnectivity.READY
2025-03-27 16:45:48 - [Cluster 2 - CLIENT] - INFO - [Store 989, Cluster 2] Connecting to 127.0.0.1:8082 ...
2025-03-27 16:45:48 - [Cluster 2 - CLIENT] - DEBUG - Opened insecure gRPC connection (no certificates were passed)
2025-03-27 16:45:48 - [Cluster 2 - CLIENT] - DEBUG - ChannelConnectivity.IDLE
2025-03-27 16:45:48 - [Cluster 2 - CLIENT] - DEBUG - ChannelConnectivity.READY
2025-03-27 16:45:48 - [Cluster 2 - CLIENT] - INFO - [Store 413, Cluster 2] Connecting to 127.0.0.1:8082 ...
2025-03-27 16:45:48 - [Cluster 2 - CLIENT] - DEBUG - Opened insecure gRPC connection (no certificates were passed)
2025-03-27 16:45:48 - [Cluster 2 - CLIENT] - DEBUG - ChannelConnectivity.IDLE
2025-03-27 16:45:48 - [Cluster 2 - CLIENT] - DEBUG - ChannelConnectivity.CONNECTING
2025-03-27 16:45:48 - [Cluster 2 - CLIENT] - DEBUG - ChannelConnectivity.READY
2025-03-27 16:45:49 - [Cluster 2 - CLIENT] - INFO - [Store 20, Cluster 2] Connecting to 127.0.0.1:8082 ...
2025-03-27 16:45:49 - [Cluster 2 - CLIENT] - DEBUG - Opened insecure gRPC connection (no certificates were passed)
2025-03-27 16:45:49 - [Cluster 2 - CLIENT] - DEBUG - ChannelConnectivity.IDLE
2025-03-27 16:45:49 - [Cluster 2 - CLIENT] - DEBUG - ChannelConnectivity.CONNECTING
2025-03-27 16:45:49 - [Cluster 2 - CLIENT] - DEBUG - ChannelConnectivity.READY
2025-03-27 16:45:49 - [Cluster 2 - CLIENT] - INFO - [Store 399, Cluster 2] Connecting to 127.0.0.1:8082 ...
2025-03-27 16:45:49 - [Cluster 2 - CLIENT] - DEBUG - Opened insecure gRPC connection (no certificates were passed)
2025-03-27 16:45:49 - [Cluster 2 - CLIENT] - DEBUG - ChannelConnectivity.IDLE
2025-03-27 16:45:49 - [Cluster 2 - CLIENT] - DEBUG - ChannelConnectivity.CONNECTING
2025-03-27 16:45:49 - [Cluster 2 - CLIENT] - DEBUG - ChannelConnectivity.READY
2025-03-27 16:45:49 - [Cluster 2 - CLIENT] - INFO - [Store 477, Cluster 2] Connecting to 127.0.0.1:8082 ...
2025-03-27 16:45:49 - [Cluster 2 - CLIENT] - DEBUG - Opened insecure gRPC connection (no certificates were passed)
2025-03-27 16:45:49 - [Cluster 2 - CLIENT] - DEBUG - ChannelConnectivity.IDLE
2025-03-27 16:45:49 - [Cluster 2 - CLIENT] - DEBUG - ChannelConnectivity.READY
2025-03-27 16:47:14 - [Cluster 2 - CLIENT] - INFO - [Store 149] Local training complete.
2025-03-27 16:47:14 - [Cluster 2 - CLIENT] - INFO - Sent reply
2025-03-27 16:47:14 - [Cluster 2 - CLIENT] - INFO - [Store 500] Local training complete.
2025-03-27 16:47:14 - [Cluster 2 - CLIENT] - INFO - Sent reply
2025-03-27 16:47:14 - [Cluster 2 - CLIENT] - INFO - [Store 412] Local training complete.
2025-03-27 16:47:14 - [Cluster 2 - CLIENT] - INFO - Sent reply
2025-03-27 16:47:15 - [Cluster 2 - CLIENT] - INFO - [Store 619] Local training complete.
2025-03-27 16:47:15 - [Cluster 2 - CLIENT] - INFO - Sent reply
2025-03-27 16:47:15 - [Cluster 2 - CLIENT] - INFO - [Store 633] Local training complete.
2025-03-27 16:47:15 - [Cluster 2 - CLIENT] - INFO - Sent reply
2025-03-27 16:47:15 - [Cluster 2 - CLIENT] - INFO - [Store 1104] Local training complete.
2025-03-27 16:47:15 - [Cluster 2 - CLIENT] - INFO - Sent reply
2025-03-27 16:47:15 - [Cluster 2 - CLIENT] - INFO - [Store 181] Local training complete.
2025-03-27 16:47:15 - [Cluster 2 - CLIENT] - INFO - [Store 490] Local training complete.
2025-03-27 16:47:15 - [Cluster 2 - CLIENT] - INFO - Sent reply
2025-03-27 16:47:15 - [Cluster 2 - CLIENT] - INFO - Sent reply
2025-03-27 16:47:15 - [Cluster 2 - CLIENT] - INFO - [Store 919] Local training complete.
2025-03-27 16:47:15 - [Cluster 2 - CLIENT] - INFO - Sent reply
2025-03-27 16:47:15 - [Cluster 2 - CLIENT] - INFO - 
2025-03-27 16:47:15 - [Cluster 2 - CLIENT] - INFO - Received: evaluate message a340c0aa-08ef-4dd5-876b-887febd52c20
2025-03-27 16:47:15 - [Cluster 2 - CLIENT] - INFO - 
2025-03-27 16:47:15 - [Cluster 2 - CLIENT] - INFO - Received: evaluate message 3c0f459f-f018-467e-925d-99cd7bb2a4f7
2025-03-27 16:47:15 - [Cluster 2 - CLIENT] - INFO - 
2025-03-27 16:47:15 - [Cluster 2 - CLIENT] - INFO - Received: evaluate message eae914da-715f-4d35-84fe-4fa1f5f22e1a
2025-03-27 16:47:15 - [Cluster 2 - CLIENT] - INFO - 
2025-03-27 16:47:15 - [Cluster 2 - CLIENT] - INFO - Received: evaluate message bce7c2ec-bb9b-4774-8828-3a36ece53f46
2025-03-27 16:47:15 - [Cluster 2 - CLIENT] - INFO - 
2025-03-27 16:47:15 - [Cluster 2 - CLIENT] - INFO - Received: evaluate message b3a7ee06-c3fe-4dc2-8ea7-656ad816f8d8
2025-03-27 16:47:15 - [Cluster 2 - CLIENT] - INFO - 
2025-03-27 16:47:15 - [Cluster 2 - CLIENT] - INFO - Received: evaluate message 153a6c3b-6460-488a-9b2f-2af6e9789658
2025-03-27 16:47:15 - [Cluster 2 - CLIENT] - INFO - 
2025-03-27 16:47:15 - [Cluster 2 - CLIENT] - INFO - Received: evaluate message f84b03f3-6dfc-4c2b-9e14-f1d968042457
2025-03-27 16:47:15 - [Cluster 2 - CLIENT] - INFO - 
2025-03-27 16:47:15 - [Cluster 2 - CLIENT] - INFO - Received: evaluate message daf3068a-8a11-4b85-8b64-6e268776ffc9
2025-03-27 16:47:15 - [Cluster 2 - CLIENT] - INFO - 
2025-03-27 16:47:15 - [Cluster 2 - CLIENT] - INFO - Received: evaluate message 2a20910b-7856-4104-bea9-03efba42a639
2025-03-27 16:47:15 - [Cluster 2 - CLIENT] - INFO - 
2025-03-27 16:47:15 - [Cluster 2 - CLIENT] - INFO - Received: evaluate message 7365e31c-1285-417a-abb2-580459603343
2025-03-27 16:47:15 - [Cluster 2 - CLIENT] - INFO - 
2025-03-27 16:47:15 - [Cluster 2 - CLIENT] - INFO - Received: evaluate message 492d4471-ab63-4304-80c3-341474b62d69
2025-03-27 16:47:15 - [Cluster 2 - CLIENT] - INFO - 
2025-03-27 16:47:15 - [Cluster 2 - CLIENT] - INFO - Received: evaluate message 51d01a3d-eb34-48f8-b64f-f4b9d3825366
2025-03-27 16:47:15 - [Cluster 2 - CLIENT] - INFO - 
2025-03-27 16:47:15 - [Cluster 2 - CLIENT] - INFO - Received: evaluate message c39c28fb-24fc-407a-b51f-f74e76651ab6
2025-03-27 16:47:15 - [Cluster 2 - CLIENT] - INFO - 
2025-03-27 16:47:15 - [Cluster 2 - CLIENT] - INFO - Received: evaluate message 8fdb6e31-5ce9-4744-8531-65819d4bc93d
2025-03-27 16:47:15 - [Cluster 2 - CLIENT] - INFO - 
2025-03-27 16:47:15 - [Cluster 2 - CLIENT] - INFO - Received: evaluate message 08efefd9-abc1-4668-83cf-71f4312235f0
2025-03-27 16:47:18 - [Cluster 2 - CLIENT] - INFO - [Store 500] Evaluation - Loss: 23620472.0000, MAE: 4469.6401
2025-03-27 16:47:18 - [Cluster 2 - CLIENT] - INFO - Sent reply
2025-03-27 16:47:18 - [Cluster 2 - CLIENT] - INFO - 
2025-03-27 16:47:18 - [Cluster 2 - CLIENT] - INFO - Received: evaluate message 7d4bdae2-626b-418f-99c7-cf09d37d3d8c
2025-03-27 16:47:18 - [Cluster 2 - CLIENT] - INFO - [Store 919] Evaluation - Loss: 18810740.0000, MAE: 3815.6731
2025-03-27 16:47:18 - [Cluster 2 - CLIENT] - INFO - Sent reply
2025-03-27 16:47:18 - [Cluster 2 - CLIENT] - INFO - [Store 619] Evaluation - Loss: 13851302.0000, MAE: 3240.2271
2025-03-27 16:47:18 - [Cluster 2 - CLIENT] - INFO - Sent reply
2025-03-27 16:47:18 - [Cluster 2 - CLIENT] - INFO - [Store 1104] Evaluation - Loss: 18928594.0000, MAE: 3899.7495
2025-03-27 16:47:18 - [Cluster 2 - CLIENT] - INFO - Sent reply
2025-03-27 16:47:18 - [Cluster 2 - CLIENT] - INFO - 
2025-03-27 16:47:18 - [Cluster 2 - CLIENT] - INFO - Received: evaluate message acf9435a-dec0-4580-a735-11b5966618b0
2025-03-27 16:47:18 - [Cluster 2 - CLIENT] - INFO - 
2025-03-27 16:47:18 - [Cluster 2 - CLIENT] - INFO - Received: evaluate message e1c07f26-dde1-44e5-af56-887bf373a4ee
2025-03-27 16:47:18 - [Cluster 2 - CLIENT] - INFO - 
2025-03-27 16:47:18 - [Cluster 2 - CLIENT] - INFO - Received: evaluate message c12d0dd6-9d69-48d6-b572-e1cb5a737299
2025-03-27 16:47:19 - [Cluster 2 - CLIENT] - INFO - [Store 633] Evaluation - Loss: 33068452.0000, MAE: 5228.6860
2025-03-27 16:47:19 - [Cluster 2 - CLIENT] - INFO - Sent reply
2025-03-27 16:47:19 - [Cluster 2 - CLIENT] - INFO - 
2025-03-27 16:47:19 - [Cluster 2 - CLIENT] - INFO - Received: evaluate message 17492aa1-aba4-4228-b40a-37eca883f89a
2025-03-27 16:47:19 - [Cluster 2 - CLIENT] - INFO - [Store 512] Evaluation - Loss: 28460188.0000, MAE: 5120.6016
2025-03-27 16:47:19 - [Cluster 2 - CLIENT] - INFO - [Store 399] Evaluation - Loss: 19047752.0000, MAE: 3943.1602
2025-03-27 16:47:19 - [Cluster 2 - CLIENT] - INFO - Sent reply
2025-03-27 16:47:19 - [Cluster 2 - CLIENT] - INFO - Sent reply
2025-03-27 16:47:19 - [Cluster 2 - CLIENT] - INFO - [Store 20] Evaluation - Loss: 48009208.0000, MAE: 6283.2437
2025-03-27 16:47:19 - [Cluster 2 - CLIENT] - INFO - Sent reply
2025-03-27 16:47:19 - [Cluster 2 - CLIENT] - INFO - 
2025-03-27 16:47:19 - [Cluster 2 - CLIENT] - INFO - Received: evaluate message 89b552ba-6501-427d-b295-f283d8388e44
2025-03-27 16:47:19 - [Cluster 2 - CLIENT] - INFO - 
2025-03-27 16:47:19 - [Cluster 2 - CLIENT] - INFO - Received: evaluate message d81bc51e-d155-4d95-b867-c7efa6bec9f1
2025-03-27 16:47:19 - [Cluster 2 - CLIENT] - INFO - 
2025-03-27 16:47:19 - [Cluster 2 - CLIENT] - INFO - Received: evaluate message d5df91ff-682e-4d86-83be-37b7f7973b2c
2025-03-27 16:47:19 - [Cluster 2 - CLIENT] - INFO - [Store 492] Evaluation - Loss: 43425764.0000, MAE: 5871.3208
2025-03-27 16:47:19 - [Cluster 2 - CLIENT] - INFO - Sent reply
2025-03-27 16:47:19 - [Cluster 2 - CLIENT] - INFO - 
2025-03-27 16:47:19 - [Cluster 2 - CLIENT] - INFO - Received: evaluate message ec35ee0c-1e7f-4904-a7bb-13a48cdfaaaa
2025-03-27 16:47:19 - [Cluster 2 - CLIENT] - INFO - [Store 890] Evaluation - Loss: 22352130.0000, MAE: 4222.0308
2025-03-27 16:47:19 - [Cluster 2 - CLIENT] - INFO - Sent reply
2025-03-27 16:47:19 - [Cluster 2 - CLIENT] - INFO - [Store 477] Evaluation - Loss: 26403382.0000, MAE: 4582.9707
2025-03-27 16:47:19 - [Cluster 2 - CLIENT] - INFO - [Store 413] Evaluation - Loss: 34494428.0000, MAE: 5231.6616
2025-03-27 16:47:19 - [Cluster 2 - CLIENT] - INFO - Sent reply
2025-03-27 16:47:19 - [Cluster 2 - CLIENT] - INFO - Sent reply
2025-03-27 16:47:19 - [Cluster 2 - CLIENT] - INFO - [Store 989] Evaluation - Loss: 19159540.0000, MAE: 3859.9417
2025-03-27 16:47:19 - [Cluster 2 - CLIENT] - INFO - Sent reply
2025-03-27 16:47:19 - [Cluster 2 - CLIENT] - INFO - [Store 989] Evaluation - Loss: 19159540.0000, MAE: 3859.9417
2025-03-27 16:47:19 - [Cluster 2 - CLIENT] - INFO - Sent reply
2025-03-27 16:47:20 - [Cluster 2 - CLIENT] - INFO - [Store 258] Evaluation - Loss: 20717958.0000, MAE: 3679.7839
2025-03-27 16:47:20 - [Cluster 2 - CLIENT] - INFO - Sent reply
2025-03-27 16:47:21 - [Cluster 2 - CLIENT] - INFO - [Store 149] Evaluation - Loss: 19775864.0000, MAE: 3970.2617
2025-03-27 16:47:21 - [Cluster 2 - CLIENT] - INFO - Sent reply
2025-03-27 16:47:21 - [Cluster 2 - CLIENT] - INFO - [Store 412] Evaluation - Loss: 50800924.0000, MAE: 6346.8501
2025-03-27 16:47:21 - [Cluster 2 - CLIENT] - INFO - Sent reply
2025-03-27 16:47:21 - [Cluster 2 - CLIENT] - INFO - [Store 490] Evaluation - Loss: 43829884.0000, MAE: 6025.8174
2025-03-27 16:47:21 - [Cluster 2 - CLIENT] - INFO - Sent reply
2025-03-27 16:47:21 - [Cluster 2 - CLIENT] - INFO - [Store 181] Evaluation - Loss: 18124396.0000, MAE: 3807.5693
2025-03-27 16:47:21 - [Cluster 2 - CLIENT] - INFO - Sent reply
2025-03-27 16:47:21 - [Cluster 2 - CLIENT] - INFO - [Store 719] Evaluation - Loss: 16600256.0000, MAE: 3655.1616
2025-03-27 16:47:21 - [Cluster 2 - CLIENT] - INFO - Sent reply
2025-03-27 16:47:21 - [Cluster 2 - CLIENT] - INFO - [Store 522] Evaluation - Loss: 42902132.0000, MAE: 5936.4326
2025-03-27 16:47:21 - [Cluster 2 - CLIENT] - INFO - Sent reply
2025-03-27 16:47:21 - [Cluster 2 - CLIENT] - INFO - [Store 413] Evaluation - Loss: 34494428.0000, MAE: 5231.6616
2025-03-27 16:47:21 - [Cluster 2 - CLIENT] - INFO - Sent reply
2025-03-27 16:47:21 - [Cluster 2 - CLIENT] - INFO - [Store 629] Evaluation - Loss: 25806204.0000, MAE: 4624.1074
2025-03-27 16:47:21 - [Cluster 2 - CLIENT] - INFO - Sent reply
2025-03-27 16:47:21 - [Cluster 2 - CLIENT] - INFO - [Store 555] Evaluation - Loss: 15293569.0000, MAE: 3501.3052
2025-03-27 16:47:21 - [Cluster 2 - CLIENT] - INFO - Sent reply
2025-03-27 16:47:21 - [Cluster 2 - CLIENT] - INFO - 
2025-03-27 16:47:21 - [Cluster 2 - CLIENT] - INFO - Received: train message 5eee0839-fa6d-4a35-b84c-899bd6a1ba07
2025-03-27 16:47:21 - [Cluster 2 - CLIENT] - INFO - 
2025-03-27 16:47:21 - [Cluster 2 - CLIENT] - INFO - Received: train message 4936da7e-c7fa-4f74-973a-f9a6be738aca
2025-03-27 16:47:21 - [Cluster 2 - CLIENT] - INFO - 
2025-03-27 16:47:21 - [Cluster 2 - CLIENT] - INFO - Received: train message 85d1b850-d5a0-4e35-91e0-9309834fda4c
2025-03-27 16:47:21 - [Cluster 2 - CLIENT] - INFO - 
2025-03-27 16:47:21 - [Cluster 2 - CLIENT] - INFO - Received: train message 8e178c88-f1ee-47f3-939d-b499b612a60f
2025-03-27 16:47:21 - [Cluster 2 - CLIENT] - INFO - 
2025-03-27 16:47:21 - [Cluster 2 - CLIENT] - INFO - Received: train message 4b83c4a6-24e3-4c25-bcf4-dcf18a97b468
2025-03-27 16:47:21 - [Cluster 2 - CLIENT] - INFO - 
2025-03-27 16:47:21 - [Cluster 2 - CLIENT] - INFO - Received: train message e63805aa-9bb1-41e2-8702-0718f3c32617
2025-03-27 16:47:21 - [Cluster 2 - CLIENT] - INFO - 
2025-03-27 16:47:21 - [Cluster 2 - CLIENT] - INFO - Received: train message 44a452d2-8993-4c90-bf3d-17c801b82fbe
2025-03-27 16:47:21 - [Cluster 2 - CLIENT] - INFO - [Store 719] Starting local training.
2025-03-27 16:47:21 - [Cluster 2 - CLIENT] - INFO - [Store 490] Starting local training.
2025-03-27 16:47:21 - [Cluster 2 - CLIENT] - INFO - [Store 181] Starting local training.
2025-03-27 16:47:21 - [Cluster 2 - CLIENT] - INFO - 
2025-03-27 16:47:21 - [Cluster 2 - CLIENT] - INFO - Received: train message 16c90e73-ef3a-4294-822c-ccb6ef3746dd
2025-03-27 16:47:21 - [Cluster 2 - CLIENT] - INFO - [Store 522] Starting local training.
2025-03-27 16:47:21 - [Cluster 2 - CLIENT] - INFO - 
2025-03-27 16:47:21 - [Cluster 2 - CLIENT] - INFO - Received: train message 2436cf78-f848-409f-97e2-ff6e5c86c75f
2025-03-27 16:47:21 - [Cluster 2 - CLIENT] - INFO - [Store 555] Starting local training.
2025-03-27 16:47:21 - [Cluster 2 - CLIENT] - INFO - 
2025-03-27 16:47:21 - [Cluster 2 - CLIENT] - INFO - Received: train message b7e4f655-f585-4223-ba10-977d5e6e52a3
2025-03-27 16:47:21 - [Cluster 2 - CLIENT] - INFO - 
2025-03-27 16:47:21 - [Cluster 2 - CLIENT] - INFO - Received: train message 9793bce7-74de-411d-904a-846832915154
2025-03-27 16:47:21 - [Cluster 2 - CLIENT] - INFO - 
2025-03-27 16:47:21 - [Cluster 2 - CLIENT] - INFO - Received: train message bee6a757-2d0c-476b-84e4-8d1798e26858
2025-03-27 16:47:21 - [Cluster 2 - CLIENT] - INFO - 
2025-03-27 16:47:21 - [Cluster 2 - CLIENT] - INFO - Received: train message 170c52ab-8c7c-406f-82ee-32b41f952c09
2025-03-27 16:47:21 - [Cluster 2 - CLIENT] - INFO - [Store 149] Starting local training.
2025-03-27 16:47:21 - [Cluster 2 - CLIENT] - INFO - 
2025-03-27 16:47:21 - [Cluster 2 - CLIENT] - INFO - Received: train message b3b377c0-8834-40ec-b779-d9f3f9f6c64f
2025-03-27 16:47:21 - [Cluster 2 - CLIENT] - INFO - [Store 629] Starting local training.
2025-03-27 16:47:21 - [Cluster 2 - CLIENT] - INFO - [Store 890] Starting local training.
2025-03-27 16:47:21 - [Cluster 2 - CLIENT] - INFO - [Store 413] Starting local training.
2025-03-27 16:47:21 - [Cluster 2 - CLIENT] - INFO - 
2025-03-27 16:47:21 - [Cluster 2 - CLIENT] - INFO - Received: train message bf354b4b-216e-42c7-a01e-fc438a6f883a
2025-03-27 16:47:21 - [Cluster 2 - CLIENT] - INFO - [Store 919] Starting local training.
2025-03-27 16:47:21 - [Cluster 2 - CLIENT] - INFO - [Store 413] Starting local training.
2025-03-27 16:47:21 - [Cluster 2 - CLIENT] - INFO - [Store 258] Starting local training.
2025-03-27 16:47:21 - [Cluster 2 - CLIENT] - INFO - [Store 20] Starting local training.
2025-03-27 16:47:21 - [Cluster 2 - CLIENT] - INFO - [Store 1104] Starting local training.
2025-03-27 16:47:21 - [Cluster 2 - CLIENT] - INFO - [Store 619] Starting local training.
2025-03-27 16:49:11 - [Cluster 2 - CLIENT] - INFO - [Store 181] Local training complete.
2025-03-27 16:49:11 - [Cluster 2 - CLIENT] - INFO - Sent reply
2025-03-27 16:49:11 - [Cluster 2 - CLIENT] - INFO - 
2025-03-27 16:49:11 - [Cluster 2 - CLIENT] - INFO - Received: train message 5e778f57-71b5-4ecc-a5e1-283be1b4ef9b
2025-03-27 16:49:11 - [Cluster 2 - CLIENT] - INFO - [Store 492] Starting local training.
2025-03-27 16:49:11 - [Cluster 2 - CLIENT] - INFO - [Store 1104] Local training complete.
2025-03-27 16:49:12 - [Cluster 2 - CLIENT] - INFO - Sent reply
2025-03-27 16:49:12 - [Cluster 2 - CLIENT] - INFO - 
2025-03-27 16:49:12 - [Cluster 2 - CLIENT] - INFO - Received: train message 86fd116e-d51d-4f0e-a17f-249ec82c1cf8
2025-03-27 16:49:12 - [Cluster 2 - CLIENT] - INFO - [Store 500] Starting local training.
2025-03-27 16:49:12 - [Cluster 2 - CLIENT] - INFO - [Store 149] Local training complete.
2025-03-27 16:49:12 - [Cluster 2 - CLIENT] - INFO - Sent reply
2025-03-27 16:49:12 - [Cluster 2 - CLIENT] - INFO - 
2025-03-27 16:49:12 - [Cluster 2 - CLIENT] - INFO - Received: train message 400efa8c-a723-42f7-a0c5-29619f5befd5
2025-03-27 16:49:12 - [Cluster 2 - CLIENT] - INFO - [Store 633] Starting local training.
2025-03-27 16:49:12 - [Cluster 2 - CLIENT] - INFO - [Store 490] Local training complete.
2025-03-27 16:49:12 - [Cluster 2 - CLIENT] - INFO - 
2025-03-27 16:49:12 - [Cluster 2 - CLIENT] - INFO - Received: train message 14b75b7b-8dbd-4526-b9b2-649722e453c0
2025-03-27 16:49:12 - [Cluster 2 - CLIENT] - INFO - [Store 989] Starting local training.
2025-03-27 16:49:12 - [Cluster 2 - CLIENT] - INFO - Sent reply
2025-03-27 16:49:14 - [Cluster 2 - CLIENT] - INFO - [Store 919] Local training complete.
2025-03-27 16:49:14 - [Cluster 2 - CLIENT] - INFO - Sent reply
2025-03-27 16:49:14 - [Cluster 2 - CLIENT] - INFO - 
2025-03-27 16:49:14 - [Cluster 2 - CLIENT] - INFO - Received: train message 9e361d29-6bda-46a6-a9ad-a5d1a4ee19fc
2025-03-27 16:49:14 - [Cluster 2 - CLIENT] - INFO - [Store 512] Starting local training.
2025-03-27 16:49:22 - [Cluster 2 - CLIENT] - INFO - [Store 619] Local training complete.
2025-03-27 16:49:23 - [Cluster 2 - CLIENT] - INFO - Sent reply
2025-03-27 16:49:23 - [Cluster 2 - CLIENT] - INFO - 
2025-03-27 16:49:23 - [Cluster 2 - CLIENT] - INFO - Received: train message ff0855b1-dd0a-4e20-817d-53147dced14b
2025-03-27 16:49:23 - [Cluster 2 - CLIENT] - INFO - [Store 399] Starting local training.
2025-03-27 16:49:51 - [Cluster 2 - CLIENT] - INFO - [Store 413] Local training complete.
2025-03-27 16:49:51 - [Cluster 2 - CLIENT] - INFO - Sent reply
2025-03-27 16:49:51 - [Cluster 2 - CLIENT] - INFO - 
2025-03-27 16:49:51 - [Cluster 2 - CLIENT] - INFO - Received: train message 81d4da54-f027-4ed1-8206-c1da8ba6d32b
2025-03-27 16:49:51 - [Cluster 2 - CLIENT] - INFO - [Store 477] Starting local training.
2025-03-27 16:49:52 - [Cluster 2 - CLIENT] - INFO - [Store 555] Local training complete.
2025-03-27 16:49:52 - [Cluster 2 - CLIENT] - INFO - [Store 522] Local training complete.
2025-03-27 16:49:52 - [Cluster 2 - CLIENT] - INFO - Sent reply
2025-03-27 16:49:52 - [Cluster 2 - CLIENT] - INFO - 
2025-03-27 16:49:52 - [Cluster 2 - CLIENT] - INFO - Received: train message 22e2fc78-4d92-47b2-a992-7b179da73d5d
2025-03-27 16:49:52 - [Cluster 2 - CLIENT] - INFO - Sent reply
2025-03-27 16:49:52 - [Cluster 2 - CLIENT] - INFO - 
2025-03-27 16:49:52 - [Cluster 2 - CLIENT] - INFO - Received: train message e3d61d85-1252-45ac-97ec-aba9ac52fd79
2025-03-27 16:49:52 - [Cluster 2 - CLIENT] - INFO - [Store 412] Starting local training.
2025-03-27 16:49:52 - [Cluster 2 - CLIENT] - INFO - [Store 989] Starting local training.
2025-03-27 16:49:52 - [Cluster 2 - CLIENT] - INFO - [Store 413] Local training complete.
2025-03-27 16:49:53 - [Cluster 2 - CLIENT] - INFO - Sent reply
2025-03-27 16:49:53 - [Cluster 2 - CLIENT] - INFO - [Store 719] Local training complete.
2025-03-27 16:49:53 - [Cluster 2 - CLIENT] - INFO - Sent reply
2025-03-27 16:49:54 - [Cluster 2 - CLIENT] - INFO - [Store 629] Local training complete.
2025-03-27 16:49:54 - [Cluster 2 - CLIENT] - INFO - [Store 258] Local training complete.
2025-03-27 16:49:54 - [Cluster 2 - CLIENT] - INFO - [Store 890] Local training complete.
2025-03-27 16:49:54 - [Cluster 2 - CLIENT] - INFO - Sent reply
2025-03-27 16:49:54 - [Cluster 2 - CLIENT] - INFO - Sent reply
2025-03-27 16:49:54 - [Cluster 2 - CLIENT] - INFO - Sent reply
2025-03-27 16:49:55 - [Cluster 2 - CLIENT] - INFO - [Store 20] Local training complete.
2025-03-27 16:49:55 - [Cluster 2 - CLIENT] - INFO - Sent reply
2025-03-27 16:50:32 - [Cluster 2 - CLIENT] - INFO - [Store 633] Local training complete.
2025-03-27 16:50:32 - [Cluster 2 - CLIENT] - INFO - Sent reply
2025-03-27 16:50:34 - [Cluster 2 - CLIENT] - INFO - [Store 500] Local training complete.
2025-03-27 16:50:34 - [Cluster 2 - CLIENT] - INFO - Sent reply
2025-03-27 16:50:55 - [Cluster 2 - CLIENT] - INFO - [Store 412] Local training complete.
2025-03-27 16:50:55 - [Cluster 2 - CLIENT] - INFO - Sent reply
2025-03-27 16:50:56 - [Cluster 2 - CLIENT] - INFO - [Store 492] Local training complete.
2025-03-27 16:50:56 - [Cluster 2 - CLIENT] - INFO - Sent reply
2025-03-27 16:50:59 - [Cluster 2 - CLIENT] - INFO - [Store 399] Local training complete.
2025-03-27 16:50:59 - [Cluster 2 - CLIENT] - INFO - Sent reply
2025-03-27 16:50:59 - [Cluster 2 - CLIENT] - INFO - [Store 512] Local training complete.
2025-03-27 16:51:00 - [Cluster 2 - CLIENT] - INFO - Sent reply
2025-03-27 16:51:04 - [Cluster 2 - CLIENT] - INFO - [Store 989] Local training complete.
2025-03-27 16:51:04 - [Cluster 2 - CLIENT] - INFO - Sent reply
2025-03-27 16:51:06 - [Cluster 2 - CLIENT] - INFO - [Store 989] Local training complete.
2025-03-27 16:51:06 - [Cluster 2 - CLIENT] - INFO - Sent reply
2025-03-27 16:51:06 - [Cluster 2 - CLIENT] - INFO - [Store 477] Local training complete.
2025-03-27 16:51:06 - [Cluster 2 - CLIENT] - INFO - Sent reply
2025-03-27 16:51:06 - [Cluster 2 - CLIENT] - INFO - 
2025-03-27 16:51:06 - [Cluster 2 - CLIENT] - INFO - Received: evaluate message 9d9f4367-655c-4728-9964-b4728169d8f8
2025-03-27 16:51:06 - [Cluster 2 - CLIENT] - INFO - 
2025-03-27 16:51:06 - [Cluster 2 - CLIENT] - INFO - Received: evaluate message 882782b7-0cec-4e33-89cf-844626c1a405
2025-03-27 16:51:06 - [Cluster 2 - CLIENT] - INFO - 
2025-03-27 16:51:06 - [Cluster 2 - CLIENT] - INFO - Received: evaluate message bc66dd04-8781-454b-b2cb-4fcac72baa4b
2025-03-27 16:51:06 - [Cluster 2 - CLIENT] - INFO - 
2025-03-27 16:51:06 - [Cluster 2 - CLIENT] - INFO - Received: evaluate message 1ecaad94-5e6d-40c1-9935-12b032123e8e
2025-03-27 16:51:06 - [Cluster 2 - CLIENT] - INFO - 
2025-03-27 16:51:06 - [Cluster 2 - CLIENT] - INFO - Received: evaluate message b6b07d7c-4270-42c1-b327-1f4c08e6350b
2025-03-27 16:51:06 - [Cluster 2 - CLIENT] - INFO - 
2025-03-27 16:51:06 - [Cluster 2 - CLIENT] - INFO - Received: evaluate message d0b67b59-6169-41df-83f7-bcd8c9159580
2025-03-27 16:51:06 - [Cluster 2 - CLIENT] - INFO - 
2025-03-27 16:51:06 - [Cluster 2 - CLIENT] - INFO - Received: evaluate message 3c70fbc1-235e-422b-a897-e383714ec5ce
2025-03-27 16:51:06 - [Cluster 2 - CLIENT] - INFO - 
2025-03-27 16:51:06 - [Cluster 2 - CLIENT] - INFO - Received: evaluate message 93bed6db-5357-436e-bda3-2597ca52202f
2025-03-27 16:51:06 - [Cluster 2 - CLIENT] - INFO - 
2025-03-27 16:51:06 - [Cluster 2 - CLIENT] - INFO - Received: evaluate message 9a755b7e-0bcf-4a84-80ed-5dce4c843b5d
2025-03-27 16:51:06 - [Cluster 2 - CLIENT] - INFO - 
2025-03-27 16:51:06 - [Cluster 2 - CLIENT] - INFO - Received: evaluate message d1696b37-06d9-494d-ad83-56416578469f
2025-03-27 16:51:06 - [Cluster 2 - CLIENT] - INFO - 
2025-03-27 16:51:06 - [Cluster 2 - CLIENT] - INFO - Received: evaluate message 54eab7fb-8699-446f-bf4c-6b143ef8aa80
2025-03-27 16:51:06 - [Cluster 2 - CLIENT] - INFO - 
2025-03-27 16:51:06 - [Cluster 2 - CLIENT] - INFO - Received: evaluate message f8fbfe8f-8464-4eff-a054-54e82604c2a4
2025-03-27 16:51:06 - [Cluster 2 - CLIENT] - INFO - 
2025-03-27 16:51:06 - [Cluster 2 - CLIENT] - INFO - Received: evaluate message 64068642-d8e6-49ed-ba6b-f1b1c98af094
2025-03-27 16:51:06 - [Cluster 2 - CLIENT] - INFO - 
2025-03-27 16:51:06 - [Cluster 2 - CLIENT] - INFO - Received: evaluate message 8af4a0d5-439e-4a8c-be0d-a488e2599f0f
2025-03-27 16:51:06 - [Cluster 2 - CLIENT] - INFO - 
2025-03-27 16:51:06 - [Cluster 2 - CLIENT] - INFO - Received: evaluate message afdee5a3-8f6c-4da6-85ca-36cca580a3ca
2025-03-27 16:51:07 - [Cluster 2 - CLIENT] - INFO - [Store 989] Evaluation - Loss: 7853428.0000, MAE: 2238.3503
2025-03-27 16:51:07 - [Cluster 2 - CLIENT] - INFO - Sent reply
2025-03-27 16:51:07 - [Cluster 2 - CLIENT] - INFO - 
2025-03-27 16:51:07 - [Cluster 2 - CLIENT] - INFO - Received: evaluate message 81e97190-041c-462b-9016-c93934eca703
2025-03-27 16:51:08 - [Cluster 2 - CLIENT] - INFO - [Store 477] Evaluation - Loss: 10516849.0000, MAE: 2658.3594
2025-03-27 16:51:08 - [Cluster 2 - CLIENT] - INFO - Sent reply
2025-03-27 16:51:08 - [Cluster 2 - CLIENT] - INFO - 
2025-03-27 16:51:08 - [Cluster 2 - CLIENT] - INFO - Received: evaluate message ecdd03ef-8f94-4fd5-b4de-e9a0bce9af75
2025-03-27 16:51:08 - [Cluster 2 - CLIENT] - INFO - [Store 412] Evaluation - Loss: 20613456.0000, MAE: 3712.4756
2025-03-27 16:51:08 - [Cluster 2 - CLIENT] - INFO - Sent reply
2025-03-27 16:51:08 - [Cluster 2 - CLIENT] - INFO - [Store 633] Evaluation - Loss: 17529476.0000, MAE: 3768.1995
2025-03-27 16:51:08 - [Cluster 2 - CLIENT] - INFO - Sent reply
2025-03-27 16:51:08 - [Cluster 2 - CLIENT] - INFO - 
2025-03-27 16:51:08 - [Cluster 2 - CLIENT] - INFO - Received: evaluate message c4b49154-aa5b-4120-87b7-98b1d42612c9
2025-03-27 16:51:08 - [Cluster 2 - CLIENT] - INFO - [Store 399] Evaluation - Loss: 8800249.0000, MAE: 2568.2651
2025-03-27 16:51:08 - [Cluster 2 - CLIENT] - INFO - Sent reply
2025-03-27 16:51:08 - [Cluster 2 - CLIENT] - INFO - 
2025-03-27 16:51:08 - [Cluster 2 - CLIENT] - INFO - Received: evaluate message 04e3629c-dc2b-427d-88f4-d1cbc4202bf8
2025-03-27 16:51:08 - [Cluster 2 - CLIENT] - INFO - 
2025-03-27 16:51:08 - [Cluster 2 - CLIENT] - INFO - Received: evaluate message 19003f74-53b3-4bee-85fd-4af69ee500b0
2025-03-27 16:51:08 - [Cluster 2 - CLIENT] - INFO - [Store 890] Evaluation - Loss: 10781677.0000, MAE: 2807.7405
2025-03-27 16:51:08 - [Cluster 2 - CLIENT] - INFO - Sent reply
2025-03-27 16:51:08 - [Cluster 2 - CLIENT] - INFO - 
2025-03-27 16:51:08 - [Cluster 2 - CLIENT] - INFO - Received: evaluate message 42b70288-98b5-49b8-b845-e8176e6dc17e
2025-03-27 16:51:08 - [Cluster 2 - CLIENT] - INFO - [Store 413] Evaluation - Loss: 14888977.0000, MAE: 3208.3716
2025-03-27 16:51:08 - [Cluster 2 - CLIENT] - INFO - Sent reply
2025-03-27 16:51:08 - [Cluster 2 - CLIENT] - INFO - [Store 500] Evaluation - Loss: 13180467.0000, MAE: 3295.3186
2025-03-27 16:51:08 - [Cluster 2 - CLIENT] - INFO - [Store 619] Evaluation - Loss: 6551585.0000, MAE: 2102.8789
2025-03-27 16:51:08 - [Cluster 2 - CLIENT] - INFO - [Store 719] Evaluation - Loss: 8853156.0000, MAE: 2591.6174
2025-03-27 16:51:08 - [Cluster 2 - CLIENT] - INFO - Sent reply
2025-03-27 16:51:08 - [Cluster 2 - CLIENT] - INFO - Sent reply
2025-03-27 16:51:08 - [Cluster 2 - CLIENT] - INFO - Sent reply
2025-03-27 16:51:08 - [Cluster 2 - CLIENT] - INFO - 
2025-03-27 16:51:08 - [Cluster 2 - CLIENT] - INFO - Received: evaluate message c13ba3e5-5a28-47ec-bb7e-e4ce046ee34a
2025-03-27 16:51:08 - [Cluster 2 - CLIENT] - INFO - 
2025-03-27 16:51:08 - [Cluster 2 - CLIENT] - INFO - Received: evaluate message 4477a615-aed9-4233-8059-b97f95ee90d9
2025-03-27 16:51:08 - [Cluster 2 - CLIENT] - INFO - 
2025-03-27 16:51:08 - [Cluster 2 - CLIENT] - INFO - Received: evaluate message c49f8047-f1aa-4f1c-a44b-00cf411f8e09
2025-03-27 16:51:08 - [Cluster 2 - CLIENT] - INFO - [Store 522] Evaluation - Loss: 19694830.0000, MAE: 3840.4727
2025-03-27 16:51:08 - [Cluster 2 - CLIENT] - INFO - Sent reply
2025-03-27 16:51:08 - [Cluster 2 - CLIENT] - INFO - [Store 555] Evaluation - Loss: 6713655.0000, MAE: 2215.1797
2025-03-27 16:51:08 - [Cluster 2 - CLIENT] - INFO - Sent reply
2025-03-27 16:51:08 - [Cluster 2 - CLIENT] - INFO - [Store 149] Evaluation - Loss: 9104785.0000, MAE: 2523.4438
2025-03-27 16:51:08 - [Cluster 2 - CLIENT] - INFO - [Store 258] Evaluation - Loss: 60681820.0000, MAE: 7136.3091
2025-03-27 16:51:08 - [Cluster 2 - CLIENT] - INFO - Sent reply
2025-03-27 16:51:08 - [Cluster 2 - CLIENT] - INFO - Sent reply
2025-03-27 16:51:08 - [Cluster 2 - CLIENT] - INFO - [Store 413] Evaluation - Loss: 14888977.0000, MAE: 3208.3716
2025-03-27 16:51:08 - [Cluster 2 - CLIENT] - INFO - Sent reply
2025-03-27 16:51:08 - [Cluster 2 - CLIENT] - INFO - [Store 919] Evaluation - Loss: 8607144.0000, MAE: 2427.3376
2025-03-27 16:51:08 - [Cluster 2 - CLIENT] - INFO - Sent reply
2025-03-27 16:51:08 - [Cluster 2 - CLIENT] - INFO - [Store 629] Evaluation - Loss: 10910470.0000, MAE: 2704.1301
2025-03-27 16:51:08 - [Cluster 2 - CLIENT] - INFO - Sent reply
2025-03-27 16:51:09 - [Cluster 2 - CLIENT] - INFO - [Store 490] Evaluation - Loss: 13953914.0000, MAE: 2934.7419
2025-03-27 16:51:09 - [Cluster 2 - CLIENT] - INFO - [Store 989] Evaluation - Loss: 7853428.0000, MAE: 2238.3503
2025-03-27 16:51:09 - [Cluster 2 - CLIENT] - INFO - [Store 492] Evaluation - Loss: 17060194.0000, MAE: 3396.1904
2025-03-27 16:51:09 - [Cluster 2 - CLIENT] - INFO - Sent reply
2025-03-27 16:51:09 - [Cluster 2 - CLIENT] - INFO - Sent reply
2025-03-27 16:51:09 - [Cluster 2 - CLIENT] - INFO - Sent reply
2025-03-27 16:51:09 - [Cluster 2 - CLIENT] - INFO - [Store 20] Evaluation - Loss: 17752810.0000, MAE: 3436.2195
2025-03-27 16:51:09 - [Cluster 2 - CLIENT] - INFO - Sent reply
2025-03-27 16:51:09 - [Cluster 2 - CLIENT] - INFO - [Store 512] Evaluation - Loss: 7183410.5000, MAE: 2240.5212
2025-03-27 16:51:09 - [Cluster 2 - CLIENT] - INFO - Sent reply
2025-03-27 16:51:09 - [Cluster 2 - CLIENT] - INFO - [Store 181] Evaluation - Loss: 15291514.0000, MAE: 3183.1501
2025-03-27 16:51:09 - [Cluster 2 - CLIENT] - INFO - Sent reply
2025-03-27 16:51:09 - [Cluster 2 - CLIENT] - INFO - [Store 1104] Evaluation - Loss: 9259468.0000, MAE: 2436.2957
2025-03-27 16:51:09 - [Cluster 2 - CLIENT] - INFO - Sent reply
2025-03-27 16:51:09 - [Cluster 2 - CLIENT] - INFO - 
2025-03-27 16:51:09 - [Cluster 2 - CLIENT] - INFO - Received: train message 53935dd4-1aa3-44c8-86d6-eb72500a19c9
2025-03-27 16:51:09 - [Cluster 2 - CLIENT] - INFO - 
2025-03-27 16:51:09 - [Cluster 2 - CLIENT] - INFO - Received: train message b0ea290c-6ebc-423e-81cb-35507d76100c
2025-03-27 16:51:09 - [Cluster 2 - CLIENT] - INFO - 
2025-03-27 16:51:09 - [Cluster 2 - CLIENT] - INFO - Received: train message fdfbc78a-ad57-418e-88e6-5896a5b85c1b
2025-03-27 16:51:09 - [Cluster 2 - CLIENT] - INFO - 
2025-03-27 16:51:09 - [Cluster 2 - CLIENT] - INFO - Received: train message 802eaa1b-2592-4143-95bf-17dce9573af4
2025-03-27 16:51:09 - [Cluster 2 - CLIENT] - INFO - [Store 512] Starting local training.
2025-03-27 16:51:09 - [Cluster 2 - CLIENT] - INFO - 
2025-03-27 16:51:09 - [Cluster 2 - CLIENT] - INFO - Received: train message 3fdcdc6c-e6e9-4dcc-a2f2-e40adf4b5444
2025-03-27 16:51:09 - [Cluster 2 - CLIENT] - INFO - 
2025-03-27 16:51:09 - [Cluster 2 - CLIENT] - INFO - Received: train message 9946d43f-465c-4c5a-a12e-f81b6057c8f4
2025-03-27 16:51:09 - [Cluster 2 - CLIENT] - INFO - 
2025-03-27 16:51:09 - [Cluster 2 - CLIENT] - INFO - Received: train message 6aacbe57-3848-4fdc-a6c5-dcff837dd624
2025-03-27 16:51:09 - [Cluster 2 - CLIENT] - INFO - 
2025-03-27 16:51:09 - [Cluster 2 - CLIENT] - INFO - Received: train message 7f9af0e6-ddca-4805-a58d-d3c7b2b90054
2025-03-27 16:51:09 - [Cluster 2 - CLIENT] - INFO - 
2025-03-27 16:51:09 - [Cluster 2 - CLIENT] - INFO - 
2025-03-27 16:51:09 - [Cluster 2 - CLIENT] - INFO - Received: train message 57eb7df9-18e9-42ea-9ae0-96bc333e525c
2025-03-27 16:51:09 - [Cluster 2 - CLIENT] - INFO - Received: train message 3869ec2c-4d7b-477e-a808-5503590829cb
2025-03-27 16:51:09 - [Cluster 2 - CLIENT] - INFO - [Store 258] Starting local training.
2025-03-27 16:51:09 - [Cluster 2 - CLIENT] - INFO - 
2025-03-27 16:51:09 - [Cluster 2 - CLIENT] - INFO - Received: train message 6606938b-767d-45d7-9621-61fa4b62e0dd
2025-03-27 16:51:09 - [Cluster 2 - CLIENT] - INFO - 
2025-03-27 16:51:09 - [Cluster 2 - CLIENT] - INFO - [Store 989] Starting local training.
2025-03-27 16:51:09 - [Cluster 2 - CLIENT] - INFO - Received: train message 8c37e90f-bf35-4e53-9caa-3b87f57e4cae
2025-03-27 16:51:09 - [Cluster 2 - CLIENT] - INFO - 
2025-03-27 16:51:09 - [Cluster 2 - CLIENT] - INFO - Received: train message a25214e2-f967-4baa-8ea4-51dd093a24b8
2025-03-27 16:51:09 - [Cluster 2 - CLIENT] - INFO - [Store 919] Starting local training.
2025-03-27 16:51:09 - [Cluster 2 - CLIENT] - INFO - 
2025-03-27 16:51:09 - [Cluster 2 - CLIENT] - INFO - Received: train message 339b6d4a-69e0-48e3-9b54-c0146780a133
2025-03-27 16:51:09 - [Cluster 2 - CLIENT] - INFO - [Store 20] Starting local training.
2025-03-27 16:51:09 - [Cluster 2 - CLIENT] - INFO - [Store 399] Starting local training.
2025-03-27 16:51:09 - [Cluster 2 - CLIENT] - INFO - [Store 490] Starting local training.
2025-03-27 16:51:09 - [Cluster 2 - CLIENT] - INFO - [Store 629] Starting local training.
2025-03-27 16:51:09 - [Cluster 2 - CLIENT] - INFO - [Store 619] Starting local training.
2025-03-27 16:51:09 - [Cluster 2 - CLIENT] - INFO - 
2025-03-27 16:51:09 - [Cluster 2 - CLIENT] - INFO - Received: train message 64a1b214-d814-4333-8a5a-f5545b69f85c
2025-03-27 16:51:09 - [Cluster 2 - CLIENT] - INFO - [Store 555] Starting local training.
2025-03-27 16:51:09 - [Cluster 2 - CLIENT] - INFO - [Store 989] Starting local training.
2025-03-27 16:51:09 - [Cluster 2 - CLIENT] - INFO - [Store 413] Starting local training.
2025-03-27 16:51:09 - [Cluster 2 - CLIENT] - INFO - [Store 477] Starting local training.
2025-03-27 16:51:09 - [Cluster 2 - CLIENT] - INFO - [Store 719] Starting local training.
2025-03-27 16:51:09 - [Cluster 2 - CLIENT] - INFO - [Store 890] Starting local training.
2025-03-27 16:53:27 - [Cluster 2 - CLIENT] - INFO - [Store 919] Local training complete.
2025-03-27 16:53:27 - [Cluster 2 - CLIENT] - INFO - Sent reply
2025-03-27 16:53:27 - [Cluster 2 - CLIENT] - INFO - 
2025-03-27 16:53:27 - [Cluster 2 - CLIENT] - INFO - Received: train message 057dda39-6667-491e-a940-40e8f5344577
2025-03-27 16:53:27 - [Cluster 2 - CLIENT] - INFO - [Store 149] Starting local training.
2025-03-27 16:53:29 - [Cluster 2 - CLIENT] - INFO - [Store 477] Local training complete.
2025-03-27 16:53:29 - [Cluster 2 - CLIENT] - INFO - [Store 258] Local training complete.
2025-03-27 16:53:29 - [Cluster 2 - CLIENT] - INFO - Sent reply
2025-03-27 16:53:29 - [Cluster 2 - CLIENT] - INFO - Sent reply
2025-03-27 16:53:29 - [Cluster 2 - CLIENT] - INFO - 
2025-03-27 16:53:29 - [Cluster 2 - CLIENT] - INFO - Received: train message 83056ee0-dae4-4814-a457-8168c1d691f8
2025-03-27 16:53:29 - [Cluster 2 - CLIENT] - INFO - 
2025-03-27 16:53:29 - [Cluster 2 - CLIENT] - INFO - Received: train message 07f167c4-0877-4043-8dfa-248d1f3c38b0
2025-03-27 16:53:29 - [Cluster 2 - CLIENT] - INFO - [Store 181] Starting local training.
2025-03-27 16:53:29 - [Cluster 2 - CLIENT] - INFO - [Store 413] Starting local training.
2025-03-27 16:53:30 - [Cluster 2 - CLIENT] - INFO - [Store 989] Local training complete.
2025-03-27 16:53:30 - [Cluster 2 - CLIENT] - INFO - Sent reply
2025-03-27 16:53:30 - [Cluster 2 - CLIENT] - INFO - 
2025-03-27 16:53:30 - [Cluster 2 - CLIENT] - INFO - Received: train message af9d7521-e0c2-4f3d-b0b5-7a3aace10e67
2025-03-27 16:53:30 - [Cluster 2 - CLIENT] - INFO - [Store 500] Starting local training.
2025-03-27 16:53:30 - [Cluster 2 - CLIENT] - INFO - [Store 413] Local training complete.
2025-03-27 16:53:30 - [Cluster 2 - CLIENT] - INFO - Sent reply
2025-03-27 16:53:30 - [Cluster 2 - CLIENT] - INFO - 
2025-03-27 16:53:30 - [Cluster 2 - CLIENT] - INFO - Received: train message 30bcbc73-f8c7-4cfb-8df8-161810f34216
2025-03-27 16:53:30 - [Cluster 2 - CLIENT] - INFO - [Store 633] Starting local training.
2025-03-27 16:53:32 - [Cluster 2 - CLIENT] - INFO - [Store 555] Local training complete.
2025-03-27 16:53:32 - [Cluster 2 - CLIENT] - INFO - Sent reply
2025-03-27 16:53:32 - [Cluster 2 - CLIENT] - INFO - 
2025-03-27 16:53:32 - [Cluster 2 - CLIENT] - INFO - Received: train message 17161ed6-fc5c-421c-83c4-4bb49573614d
2025-03-27 16:53:32 - [Cluster 2 - CLIENT] - INFO - [Store 1104] Starting local training.
2025-03-27 16:53:32 - [Cluster 2 - CLIENT] - INFO - [Store 399] Local training complete.
2025-03-27 16:53:32 - [Cluster 2 - CLIENT] - INFO - [Store 512] Local training complete.
2025-03-27 16:53:32 - [Cluster 2 - CLIENT] - INFO - [Store 20] Local training complete.
2025-03-27 16:53:32 - [Cluster 2 - CLIENT] - INFO - Sent reply
2025-03-27 16:53:32 - [Cluster 2 - CLIENT] - INFO - Sent reply
2025-03-27 16:53:32 - [Cluster 2 - CLIENT] - INFO - 
2025-03-27 16:53:32 - [Cluster 2 - CLIENT] - INFO - Received: train message 8464800f-e718-4f93-ba0b-8b34de442620
2025-03-27 16:53:32 - [Cluster 2 - CLIENT] - INFO - 
2025-03-27 16:53:32 - [Cluster 2 - CLIENT] - INFO - Received: train message b9ad5e69-a7e9-4c84-b3fa-b652bccdcfcc
2025-03-27 16:53:32 - [Cluster 2 - CLIENT] - INFO - [Store 719] Local training complete.
2025-03-27 16:53:32 - [Cluster 2 - CLIENT] - INFO - Sent reply
2025-03-27 16:53:33 - [Cluster 2 - CLIENT] - INFO - [Store 412] Starting local training.
2025-03-27 16:53:33 - [Cluster 2 - CLIENT] - INFO - 
2025-03-27 16:53:33 - [Cluster 2 - CLIENT] - INFO - Received: train message 6875679c-28c3-47e8-b8e9-859922df3821
2025-03-27 16:53:33 - [Cluster 2 - CLIENT] - INFO - [Store 492] Starting local training.
2025-03-27 16:53:33 - [Cluster 2 - CLIENT] - INFO - [Store 522] Starting local training.
2025-03-27 16:53:33 - [Cluster 2 - CLIENT] - INFO - Sent reply
2025-03-27 16:53:34 - [Cluster 2 - CLIENT] - INFO - [Store 989] Local training complete.
2025-03-27 16:53:34 - [Cluster 2 - CLIENT] - INFO - Sent reply
2025-03-27 16:53:35 - [Cluster 2 - CLIENT] - INFO - [Store 890] Local training complete.
2025-03-27 16:53:35 - [Cluster 2 - CLIENT] - INFO - Sent reply
2025-03-27 16:53:36 - [Cluster 2 - CLIENT] - INFO - [Store 619] Local training complete.
2025-03-27 16:53:36 - [Cluster 2 - CLIENT] - INFO - Sent reply
2025-03-27 16:53:37 - [Cluster 2 - CLIENT] - INFO - [Store 490] Local training complete.
2025-03-27 16:53:37 - [Cluster 2 - CLIENT] - INFO - Sent reply
2025-03-27 16:53:37 - [Cluster 2 - CLIENT] - INFO - [Store 629] Local training complete.
2025-03-27 16:53:37 - [Cluster 2 - CLIENT] - INFO - Sent reply
2025-03-27 16:54:50 - [Cluster 2 - CLIENT] - INFO - [Store 149] Local training complete.
2025-03-27 16:54:50 - [Cluster 2 - CLIENT] - INFO - Sent reply
2025-03-27 16:54:52 - [Cluster 2 - CLIENT] - INFO - [Store 181] Local training complete.
2025-03-27 16:54:52 - [Cluster 2 - CLIENT] - INFO - Sent reply
2025-03-27 16:54:52 - [Cluster 2 - CLIENT] - INFO - [Store 500] Local training complete.
2025-03-27 16:54:52 - [Cluster 2 - CLIENT] - INFO - Sent reply
2025-03-27 16:54:52 - [Cluster 2 - CLIENT] - INFO - [Store 1104] Local training complete.
2025-03-27 16:54:52 - [Cluster 2 - CLIENT] - INFO - Sent reply
2025-03-27 16:54:52 - [Cluster 2 - CLIENT] - INFO - [Store 412] Local training complete.
2025-03-27 16:54:52 - [Cluster 2 - CLIENT] - INFO - Sent reply
2025-03-27 16:54:52 - [Cluster 2 - CLIENT] - INFO - [Store 522] Local training complete.
2025-03-27 16:54:52 - [Cluster 2 - CLIENT] - INFO - [Store 633] Local training complete.
2025-03-27 16:54:52 - [Cluster 2 - CLIENT] - INFO - Sent reply
2025-03-27 16:54:52 - [Cluster 2 - CLIENT] - INFO - Sent reply
2025-03-27 16:54:53 - [Cluster 2 - CLIENT] - INFO - [Store 492] Local training complete.
2025-03-27 16:54:53 - [Cluster 2 - CLIENT] - INFO - Sent reply
2025-03-27 16:54:53 - [Cluster 2 - CLIENT] - INFO - [Store 413] Local training complete.
2025-03-27 16:54:53 - [Cluster 2 - CLIENT] - INFO - Sent reply
2025-03-27 16:54:53 - [Cluster 2 - CLIENT] - INFO - 
2025-03-27 16:54:53 - [Cluster 2 - CLIENT] - INFO - Received: evaluate message 2a111e5d-faa8-4ffe-9499-7b26fa3c4e88
2025-03-27 16:54:53 - [Cluster 2 - CLIENT] - INFO - 
2025-03-27 16:54:53 - [Cluster 2 - CLIENT] - INFO - Received: evaluate message c1f86a8b-5787-4601-a03c-04a65cce5ea3
2025-03-27 16:54:53 - [Cluster 2 - CLIENT] - INFO - 
2025-03-27 16:54:53 - [Cluster 2 - CLIENT] - INFO - Received: evaluate message 5dfea16b-c050-4e9d-ae35-f7e5b75f2d60
2025-03-27 16:54:53 - [Cluster 2 - CLIENT] - INFO - 
2025-03-27 16:54:53 - [Cluster 2 - CLIENT] - INFO - Received: evaluate message fcf8fe58-df84-443a-a2e1-67ae0f2f0b6f
2025-03-27 16:54:53 - [Cluster 2 - CLIENT] - INFO - 
2025-03-27 16:54:53 - [Cluster 2 - CLIENT] - INFO - Received: evaluate message 64c0853e-ea2b-46c3-a3ee-2887f1c14d0b
2025-03-27 16:54:53 - [Cluster 2 - CLIENT] - INFO - 
2025-03-27 16:54:53 - [Cluster 2 - CLIENT] - INFO - Received: evaluate message 32ae520f-ab17-40c1-8b32-a05f1988807d
2025-03-27 16:54:53 - [Cluster 2 - CLIENT] - INFO - 
2025-03-27 16:54:53 - [Cluster 2 - CLIENT] - INFO - Received: evaluate message 9e81c720-1af9-4fd8-a29c-d12086a55caf
2025-03-27 16:54:53 - [Cluster 2 - CLIENT] - INFO - 
2025-03-27 16:54:53 - [Cluster 2 - CLIENT] - INFO - Received: evaluate message b435bf33-2976-47bf-bc21-0fdea71067b5
2025-03-27 16:54:53 - [Cluster 2 - CLIENT] - INFO - 
2025-03-27 16:54:53 - [Cluster 2 - CLIENT] - INFO - Received: evaluate message c5c33961-9add-4f5f-8de7-2d37592151ee
2025-03-27 16:54:53 - [Cluster 2 - CLIENT] - INFO - 
2025-03-27 16:54:53 - [Cluster 2 - CLIENT] - INFO - Received: evaluate message bd9bc06e-622d-4762-9ace-35cc10238f68
2025-03-27 16:54:53 - [Cluster 2 - CLIENT] - INFO - 
2025-03-27 16:54:53 - [Cluster 2 - CLIENT] - INFO - Received: evaluate message 946de883-5551-4993-9953-32c15efcc371
2025-03-27 16:54:53 - [Cluster 2 - CLIENT] - INFO - 
2025-03-27 16:54:53 - [Cluster 2 - CLIENT] - INFO - Received: evaluate message 2ca7dab5-1346-4ce5-b59e-ad7bf886cf4d
2025-03-27 16:54:53 - [Cluster 2 - CLIENT] - INFO - 
2025-03-27 16:54:53 - [Cluster 2 - CLIENT] - INFO - 
2025-03-27 16:54:53 - [Cluster 2 - CLIENT] - INFO - Received: evaluate message cfc3f1b1-c149-49fa-bd2a-6aaf7152334b
2025-03-27 16:54:53 - [Cluster 2 - CLIENT] - INFO - Received: evaluate message 2b7aa765-05cf-4a31-a888-89d886fcfc1b
2025-03-27 16:54:53 - [Cluster 2 - CLIENT] - INFO - 
2025-03-27 16:54:53 - [Cluster 2 - CLIENT] - INFO - Received: evaluate message 1e3cd228-cbe3-441f-861f-56f6bcc101b9
2025-03-27 16:54:54 - [Cluster 2 - CLIENT] - INFO - [Store 181] Evaluation - Loss: 15927071.0000, MAE: 3475.4717
2025-03-27 16:54:54 - [Cluster 2 - CLIENT] - INFO - Sent reply
2025-03-27 16:54:54 - [Cluster 2 - CLIENT] - INFO - 
2025-03-27 16:54:54 - [Cluster 2 - CLIENT] - INFO - Received: evaluate message a477dee6-939b-43d3-be00-405b1aa1a5bc
2025-03-27 16:54:54 - [Cluster 2 - CLIENT] - INFO - [Store 500] Evaluation - Loss: 16980556.0000, MAE: 3812.8162
2025-03-27 16:54:54 - [Cluster 2 - CLIENT] - INFO - Sent reply
2025-03-27 16:54:54 - [Cluster 2 - CLIENT] - INFO - 
2025-03-27 16:54:54 - [Cluster 2 - CLIENT] - INFO - Received: evaluate message c5436bfd-4d1a-4863-91ab-a05de4a0e871
2025-03-27 16:54:54 - [Cluster 2 - CLIENT] - INFO - [Store 522] Evaluation - Loss: 19079052.0000, MAE: 3873.5566
2025-03-27 16:54:54 - [Cluster 2 - CLIENT] - INFO - Sent reply
2025-03-27 16:54:54 - [Cluster 2 - CLIENT] - INFO - [Store 149] Evaluation - Loss: 7656648.0000, MAE: 2326.2476
2025-03-27 16:54:54 - [Cluster 2 - CLIENT] - INFO - Sent reply
2025-03-27 16:54:54 - [Cluster 2 - CLIENT] - INFO - 
2025-03-27 16:54:54 - [Cluster 2 - CLIENT] - INFO - Received: evaluate message fc70a1ac-8958-4164-92f7-a16068c77cb4
2025-03-27 16:54:54 - [Cluster 2 - CLIENT] - INFO - 
2025-03-27 16:54:55 - [Cluster 2 - CLIENT] - INFO - Received: evaluate message 5768303f-fece-4d3b-b24c-6797fad8d487
2025-03-27 16:54:55 - [Cluster 2 - CLIENT] - INFO - [Store 399] Evaluation - Loss: 9576131.0000, MAE: 2728.4761
2025-03-27 16:54:55 - [Cluster 2 - CLIENT] - INFO - Sent reply
2025-03-27 16:54:55 - [Cluster 2 - CLIENT] - INFO - [Store 719] Evaluation - Loss: 12024620.0000, MAE: 3096.5471
2025-03-27 16:54:55 - [Cluster 2 - CLIENT] - INFO - [Store 413] Evaluation - Loss: 11389571.0000, MAE: 2698.1362
2025-03-27 16:54:55 - [Cluster 2 - CLIENT] - INFO - Sent reply
2025-03-27 16:54:55 - [Cluster 2 - CLIENT] - INFO - [Store 919] Evaluation - Loss: 7542177.0000, MAE: 2329.1152
2025-03-27 16:54:55 - [Cluster 2 - CLIENT] - INFO - Sent reply
2025-03-27 16:54:55 - [Cluster 2 - CLIENT] - INFO - Sent reply
2025-03-27 16:54:55 - [Cluster 2 - CLIENT] - INFO - [Store 477] Evaluation - Loss: 9113962.0000, MAE: 2432.7935
2025-03-27 16:54:55 - [Cluster 2 - CLIENT] - INFO - 
2025-03-27 16:54:55 - [Cluster 2 - CLIENT] - INFO - Sent reply
2025-03-27 16:54:55 - [Cluster 2 - CLIENT] - INFO - Received: evaluate message 7f283f21-bcec-4dd3-b20f-aa3e3afce03e
2025-03-27 16:54:55 - [Cluster 2 - CLIENT] - INFO - [Store 555] Evaluation - Loss: 5853197.5000, MAE: 2028.4586
2025-03-27 16:54:55 - [Cluster 2 - CLIENT] - INFO - Sent reply
2025-03-27 16:54:55 - [Cluster 2 - CLIENT] - INFO - 
2025-03-27 16:54:55 - [Cluster 2 - CLIENT] - INFO - Received: evaluate message 9e1cbeb9-5134-406b-95d6-864299eedfb5
2025-03-27 16:54:55 - [Cluster 2 - CLIENT] - INFO - 
2025-03-27 16:54:55 - [Cluster 2 - CLIENT] - INFO - Received: evaluate message 43322b13-7fb2-4a3d-8e01-3ba38e8f60a9
2025-03-27 16:54:55 - [Cluster 2 - CLIENT] - INFO - [Store 512] Evaluation - Loss: 3356662.7500, MAE: 1502.8456
2025-03-27 16:54:55 - [Cluster 2 - CLIENT] - INFO - 
2025-03-27 16:54:55 - [Cluster 2 - CLIENT] - INFO - Received: evaluate message 3c29022c-e27e-4c2e-9210-011ef15b90c6
2025-03-27 16:54:55 - [Cluster 2 - CLIENT] - INFO - Sent reply
2025-03-27 16:54:55 - [Cluster 2 - CLIENT] - INFO - 
2025-03-27 16:54:55 - [Cluster 2 - CLIENT] - INFO - Received: evaluate message 75b220c4-6133-442e-a6ee-5c00fdb86442
2025-03-27 16:54:55 - [Cluster 2 - CLIENT] - INFO - [Store 989] Evaluation - Loss: 6352509.5000, MAE: 2095.4048
2025-03-27 16:54:55 - [Cluster 2 - CLIENT] - INFO - Sent reply
2025-03-27 16:54:55 - [Cluster 2 - CLIENT] - INFO - [Store 20] Evaluation - Loss: 16341657.0000, MAE: 3303.1858
2025-03-27 16:54:55 - [Cluster 2 - CLIENT] - INFO - Sent reply
2025-03-27 16:54:55 - [Cluster 2 - CLIENT] - INFO - [Store 492] Evaluation - Loss: 15468406.0000, MAE: 3300.0703
2025-03-27 16:54:55 - [Cluster 2 - CLIENT] - INFO - Sent reply
2025-03-27 16:54:55 - [Cluster 2 - CLIENT] - INFO - [Store 989] Evaluation - Loss: 6352509.5000, MAE: 2095.4048
2025-03-27 16:54:55 - [Cluster 2 - CLIENT] - INFO - Sent reply
2025-03-27 16:54:55 - [Cluster 2 - CLIENT] - INFO - [Store 412] Evaluation - Loss: 23251580.0000, MAE: 3916.6299
2025-03-27 16:54:55 - [Cluster 2 - CLIENT] - INFO - Sent reply
2025-03-27 16:54:55 - [Cluster 2 - CLIENT] - INFO - [Store 413] Evaluation - Loss: 11389571.0000, MAE: 2698.1362
2025-03-27 16:54:55 - [Cluster 2 - CLIENT] - INFO - Sent reply
2025-03-27 16:54:55 - [Cluster 2 - CLIENT] - INFO - [Store 1104] Evaluation - Loss: 7304134.5000, MAE: 2261.1272
2025-03-27 16:54:55 - [Cluster 2 - CLIENT] - INFO - Sent reply
2025-03-27 16:54:55 - [Cluster 2 - CLIENT] - INFO - [Store 258] Evaluation - Loss: 33754248.0000, MAE: 5093.9849
2025-03-27 16:54:55 - [Cluster 2 - CLIENT] - INFO - Sent reply
2025-03-27 16:54:55 - [Cluster 2 - CLIENT] - INFO - [Store 890] Evaluation - Loss: 10694818.0000, MAE: 2808.4309
2025-03-27 16:54:55 - [Cluster 2 - CLIENT] - INFO - [Store 633] Evaluation - Loss: 22360402.0000, MAE: 4351.0020
2025-03-27 16:54:55 - [Cluster 2 - CLIENT] - INFO - [Store 619] Evaluation - Loss: 5268517.5000, MAE: 1887.7511
2025-03-27 16:54:55 - [Cluster 2 - CLIENT] - INFO - Sent reply
2025-03-27 16:54:55 - [Cluster 2 - CLIENT] - INFO - Sent reply
2025-03-27 16:54:55 - [Cluster 2 - CLIENT] - INFO - Sent reply
2025-03-27 16:54:55 - [Cluster 2 - CLIENT] - INFO - [Store 490] Evaluation - Loss: 15399639.0000, MAE: 3131.4561
2025-03-27 16:54:55 - [Cluster 2 - CLIENT] - INFO - Sent reply
2025-03-27 16:54:55 - [Cluster 2 - CLIENT] - INFO - [Store 629] Evaluation - Loss: 8765488.0000, MAE: 2458.6912
2025-03-27 16:54:55 - [Cluster 2 - CLIENT] - INFO - Sent reply
2025-03-27 16:54:55 - [Cluster 2 - CLIENT] - INFO - 
2025-03-27 16:54:55 - [Cluster 2 - CLIENT] - INFO - 
2025-03-27 16:54:55 - [Cluster 2 - CLIENT] - INFO - Received: train message 8a1674e9-93bd-494f-a5b5-f38d8eeaef67
2025-03-27 16:54:55 - [Cluster 2 - CLIENT] - INFO - Received: train message 90b9b10a-3cf0-460e-89d7-745b9271e3c2
2025-03-27 16:54:55 - [Cluster 2 - CLIENT] - INFO - 
2025-03-27 16:54:55 - [Cluster 2 - CLIENT] - INFO - Received: train message 5cc6aa00-38f1-42ab-bdbd-154c452e729d
2025-03-27 16:54:55 - [Cluster 2 - CLIENT] - INFO - 
2025-03-27 16:54:55 - [Cluster 2 - CLIENT] - INFO - Received: train message 60f2f54c-5401-4ad6-a02b-7e5cb976fefc
2025-03-27 16:54:55 - [Cluster 2 - CLIENT] - INFO - 
2025-03-27 16:54:55 - [Cluster 2 - CLIENT] - INFO - Received: train message 78defbb8-81e4-4fd4-b78b-e1f02ab5e1fe
2025-03-27 16:54:55 - [Cluster 2 - CLIENT] - INFO - 
2025-03-27 16:54:55 - [Cluster 2 - CLIENT] - INFO - Received: train message 9b081bc8-7bb7-45dd-9a84-fd1b518e85f8
2025-03-27 16:54:55 - [Cluster 2 - CLIENT] - INFO - 
2025-03-27 16:54:55 - [Cluster 2 - CLIENT] - INFO - Received: train message e6aadddd-fab0-4a28-bc51-88b766f296a7
2025-03-27 16:54:55 - [Cluster 2 - CLIENT] - INFO - 
2025-03-27 16:54:55 - [Cluster 2 - CLIENT] - INFO - Received: train message 86e7b0b6-4fd1-4c56-a497-321c9759af2c
2025-03-27 16:54:55 - [Cluster 2 - CLIENT] - INFO - 
2025-03-27 16:54:55 - [Cluster 2 - CLIENT] - INFO - Received: train message fa6fc31d-24f2-4346-a75d-8c509b0997b4
2025-03-27 16:54:55 - [Cluster 2 - CLIENT] - INFO - 
2025-03-27 16:54:55 - [Cluster 2 - CLIENT] - INFO - Received: train message 75aaa645-fe6b-4e0a-8ab9-9c8853ec05b3
2025-03-27 16:54:55 - [Cluster 2 - CLIENT] - INFO - 
2025-03-27 16:54:55 - [Cluster 2 - CLIENT] - INFO - Received: train message 01268925-7d1d-4877-b6ac-e0e579fb71a2
2025-03-27 16:54:55 - [Cluster 2 - CLIENT] - INFO - [Store 258] Starting local training.
2025-03-27 16:54:55 - [Cluster 2 - CLIENT] - INFO - 
2025-03-27 16:54:55 - [Cluster 2 - CLIENT] - INFO - Received: train message ef086557-ceaa-4971-b679-38cc69574935
2025-03-27 16:54:55 - [Cluster 2 - CLIENT] - INFO - 
2025-03-27 16:54:55 - [Cluster 2 - CLIENT] - INFO - Received: train message 58b43813-f0c8-4078-87f8-6aa858de379a
2025-03-27 16:54:55 - [Cluster 2 - CLIENT] - INFO - [Store 629] Starting local training.
2025-03-27 16:54:55 - [Cluster 2 - CLIENT] - INFO - 
2025-03-27 16:54:55 - [Cluster 2 - CLIENT] - INFO - Received: train message 0d441c61-437c-43ab-9f53-95ea62ccbb55
2025-03-27 16:54:55 - [Cluster 2 - CLIENT] - INFO - [Store 149] Starting local training.
2025-03-27 16:54:55 - [Cluster 2 - CLIENT] - INFO - [Store 20] Starting local training.
2025-03-27 16:54:55 - [Cluster 2 - CLIENT] - INFO - [Store 1104] Starting local training.
2025-03-27 16:54:55 - [Cluster 2 - CLIENT] - INFO - [Store 413] Starting local training.
2025-03-27 16:54:55 - [Cluster 2 - CLIENT] - INFO - [Store 512] Starting local training.
2025-03-27 16:54:55 - [Cluster 2 - CLIENT] - INFO - 
2025-03-27 16:54:55 - [Cluster 2 - CLIENT] - INFO - Received: train message 045edf15-f3fa-4086-8d6e-3d3b6274001c
2025-03-27 16:54:55 - [Cluster 2 - CLIENT] - INFO - [Store 989] Starting local training.
2025-03-27 16:54:55 - [Cluster 2 - CLIENT] - INFO - [Store 719] Starting local training.
2025-03-27 16:54:55 - [Cluster 2 - CLIENT] - INFO - [Store 555] Starting local training.
2025-03-27 16:54:55 - [Cluster 2 - CLIENT] - INFO - [Store 989] Starting local training.
2025-03-27 16:54:56 - [Cluster 2 - CLIENT] - INFO - [Store 181] Starting local training.
2025-03-27 16:54:56 - [Cluster 2 - CLIENT] - INFO - [Store 522] Starting local training.
2025-03-27 16:54:56 - [Cluster 2 - CLIENT] - INFO - [Store 477] Starting local training.
2025-03-27 16:54:56 - [Cluster 2 - CLIENT] - INFO - [Store 919] Starting local training.
2025-03-27 16:57:14 - [Cluster 2 - CLIENT] - INFO - [Store 512] Local training complete.
2025-03-27 16:57:14 - [Cluster 2 - CLIENT] - INFO - Sent reply
2025-03-27 16:57:14 - [Cluster 2 - CLIENT] - INFO - 
2025-03-27 16:57:14 - [Cluster 2 - CLIENT] - INFO - Received: train message 11b022aa-d1a7-4b8b-9831-6f8a587bfec5
2025-03-27 16:57:14 - [Cluster 2 - CLIENT] - INFO - [Store 500] Starting local training.
2025-03-27 16:57:14 - [Cluster 2 - CLIENT] - INFO - [Store 181] Local training complete.
2025-03-27 16:57:14 - [Cluster 2 - CLIENT] - INFO - Sent reply
2025-03-27 16:57:14 - [Cluster 2 - CLIENT] - INFO - 
2025-03-27 16:57:14 - [Cluster 2 - CLIENT] - INFO - Received: train message fbbf675a-461d-4776-9efb-9131b0408db8
2025-03-27 16:57:14 - [Cluster 2 - CLIENT] - INFO - [Store 399] Starting local training.
2025-03-27 16:57:14 - [Cluster 2 - CLIENT] - INFO - [Store 555] Local training complete.
2025-03-27 16:57:14 - [Cluster 2 - CLIENT] - INFO - Sent reply
2025-03-27 16:57:14 - [Cluster 2 - CLIENT] - INFO - 
2025-03-27 16:57:14 - [Cluster 2 - CLIENT] - INFO - Received: train message 98e2e703-717d-4da7-bab6-7a905a33ea77
2025-03-27 16:57:14 - [Cluster 2 - CLIENT] - INFO - [Store 492] Starting local training.
2025-03-27 16:57:15 - [Cluster 2 - CLIENT] - INFO - [Store 522] Local training complete.
2025-03-27 16:57:16 - [Cluster 2 - CLIENT] - INFO - Sent reply
2025-03-27 16:57:16 - [Cluster 2 - CLIENT] - INFO - 
2025-03-27 16:57:16 - [Cluster 2 - CLIENT] - INFO - Received: train message eda29b9e-ad8c-4593-9414-e07aabe14f78
2025-03-27 16:57:16 - [Cluster 2 - CLIENT] - INFO - [Store 413] Starting local training.
2025-03-27 16:57:16 - [Cluster 2 - CLIENT] - INFO - [Store 629] Local training complete.
2025-03-27 16:57:16 - [Cluster 2 - CLIENT] - INFO - [Store 20] Local training complete.
2025-03-27 16:57:16 - [Cluster 2 - CLIENT] - INFO - [Store 258] Local training complete.
2025-03-27 16:57:16 - [Cluster 2 - CLIENT] - INFO - Sent reply
2025-03-27 16:57:16 - [Cluster 2 - CLIENT] - INFO - Sent reply
2025-03-27 16:57:16 - [Cluster 2 - CLIENT] - INFO - 
2025-03-27 16:57:16 - [Cluster 2 - CLIENT] - INFO - Received: train message b58669e0-0db7-49d3-9b60-f3648131f745
2025-03-27 16:57:16 - [Cluster 2 - CLIENT] - INFO - 
2025-03-27 16:57:16 - [Cluster 2 - CLIENT] - INFO - Received: train message 01e2e5eb-f90e-4f00-8ca2-0510d8e3f375
2025-03-27 16:57:16 - [Cluster 2 - CLIENT] - INFO - [Store 919] Local training complete.
2025-03-27 16:57:16 - [Cluster 2 - CLIENT] - INFO - Sent reply
2025-03-27 16:57:16 - [Cluster 2 - CLIENT] - INFO - [Store 619] Starting local training.
2025-03-27 16:57:16 - [Cluster 2 - CLIENT] - INFO - Sent reply
2025-03-27 16:57:16 - [Cluster 2 - CLIENT] - INFO - [Store 633] Starting local training.
2025-03-27 16:57:16 - [Cluster 2 - CLIENT] - INFO - 
2025-03-27 16:57:16 - [Cluster 2 - CLIENT] - INFO - Received: train message e35549a6-0f36-49af-a52b-fd70514a6879
2025-03-27 16:57:16 - [Cluster 2 - CLIENT] - INFO - [Store 149] Local training complete.
2025-03-27 16:57:16 - [Cluster 2 - CLIENT] - INFO - 
2025-03-27 16:57:16 - [Cluster 2 - CLIENT] - INFO - Received: train message 523c5fa9-a38b-4478-b0fe-6e37f40928fe
2025-03-27 16:57:16 - [Cluster 2 - CLIENT] - INFO - [Store 413] Local training complete.
2025-03-27 16:57:16 - [Cluster 2 - CLIENT] - INFO - Sent reply
2025-03-27 16:57:16 - [Cluster 2 - CLIENT] - INFO - [Store 490] Starting local training.
2025-03-27 16:57:16 - [Cluster 2 - CLIENT] - INFO - 
2025-03-27 16:57:16 - [Cluster 2 - CLIENT] - INFO - Received: train message 0853c7a2-9f81-4459-bad6-974420dcea66
2025-03-27 16:57:16 - [Cluster 2 - CLIENT] - INFO - [Store 412] Starting local training.
2025-03-27 16:57:16 - [Cluster 2 - CLIENT] - INFO - Sent reply
2025-03-27 16:57:16 - [Cluster 2 - CLIENT] - INFO - [Store 890] Starting local training.
2025-03-27 16:57:17 - [Cluster 2 - CLIENT] - INFO - [Store 989] Local training complete.
2025-03-27 16:57:17 - [Cluster 2 - CLIENT] - INFO - Sent reply
2025-03-27 16:57:18 - [Cluster 2 - CLIENT] - INFO - [Store 719] Local training complete.
2025-03-27 16:57:18 - [Cluster 2 - CLIENT] - INFO - Sent reply
2025-03-27 16:57:18 - [Cluster 2 - CLIENT] - INFO - [Store 477] Local training complete.
2025-03-27 16:57:18 - [Cluster 2 - CLIENT] - INFO - Sent reply
2025-03-27 16:57:21 - [Cluster 2 - CLIENT] - INFO - [Store 989] Local training complete.
2025-03-27 16:57:21 - [Cluster 2 - CLIENT] - INFO - Sent reply
2025-03-27 16:57:25 - [Cluster 2 - CLIENT] - INFO - [Store 1104] Local training complete.
2025-03-27 16:57:25 - [Cluster 2 - CLIENT] - INFO - Sent reply
2025-03-27 16:58:36 - [Cluster 2 - CLIENT] - INFO - [Store 500] Local training complete.
2025-03-27 16:58:36 - [Cluster 2 - CLIENT] - INFO - Sent reply
2025-03-27 16:58:37 - [Cluster 2 - CLIENT] - INFO - [Store 492] Local training complete.
2025-03-27 16:58:37 - [Cluster 2 - CLIENT] - INFO - Sent reply
2025-03-27 16:58:38 - [Cluster 2 - CLIENT] - INFO - [Store 413] Local training complete.
2025-03-27 16:58:38 - [Cluster 2 - CLIENT] - INFO - Sent reply
2025-03-27 16:58:38 - [Cluster 2 - CLIENT] - INFO - [Store 633] Local training complete.
2025-03-27 16:58:38 - [Cluster 2 - CLIENT] - INFO - Sent reply
2025-03-27 16:58:38 - [Cluster 2 - CLIENT] - INFO - [Store 399] Local training complete.
2025-03-27 16:58:38 - [Cluster 2 - CLIENT] - INFO - Sent reply
2025-03-27 16:58:38 - [Cluster 2 - CLIENT] - INFO - [Store 619] Local training complete.
2025-03-27 16:58:38 - [Cluster 2 - CLIENT] - INFO - Sent reply
2025-03-27 16:58:38 - [Cluster 2 - CLIENT] - INFO - [Store 890] Local training complete.
2025-03-27 16:58:38 - [Cluster 2 - CLIENT] - INFO - Sent reply
2025-03-27 16:58:38 - [Cluster 2 - CLIENT] - INFO - [Store 412] Local training complete.
2025-03-27 16:58:38 - [Cluster 2 - CLIENT] - INFO - Sent reply
2025-03-27 16:58:38 - [Cluster 2 - CLIENT] - INFO - [Store 490] Local training complete.
2025-03-27 16:58:38 - [Cluster 2 - CLIENT] - INFO - Sent reply
2025-03-27 16:58:38 - [Cluster 2 - CLIENT] - INFO - 
2025-03-27 16:58:38 - [Cluster 2 - CLIENT] - INFO - Received: evaluate message e81d0ea5-d241-4204-b8a7-d2fd871e860d
2025-03-27 16:58:38 - [Cluster 2 - CLIENT] - INFO - 
2025-03-27 16:58:38 - [Cluster 2 - CLIENT] - INFO - Received: evaluate message 8c2b625d-673c-4b14-955c-f859bdbd86d8
2025-03-27 16:58:38 - [Cluster 2 - CLIENT] - INFO - 
2025-03-27 16:58:38 - [Cluster 2 - CLIENT] - INFO - Received: evaluate message 9f0e38a8-b5aa-417f-a130-4906808528b2
2025-03-27 16:58:38 - [Cluster 2 - CLIENT] - INFO - 
2025-03-27 16:58:38 - [Cluster 2 - CLIENT] - INFO - Received: evaluate message 745615ad-d04f-4006-97bb-f2393baf626e
2025-03-27 16:58:38 - [Cluster 2 - CLIENT] - INFO - 
2025-03-27 16:58:38 - [Cluster 2 - CLIENT] - INFO - 
2025-03-27 16:58:38 - [Cluster 2 - CLIENT] - INFO - Received: evaluate message d85d3c21-35b5-4b18-93b8-4ffcb4f4c319
2025-03-27 16:58:38 - [Cluster 2 - CLIENT] - INFO - Received: evaluate message bc6fe197-5ece-4a85-80c0-381d1ada0919
2025-03-27 16:58:38 - [Cluster 2 - CLIENT] - INFO - 
2025-03-27 16:58:38 - [Cluster 2 - CLIENT] - INFO - Received: evaluate message 3b044c17-ce01-40eb-a0c8-25aa3ca322de
2025-03-27 16:58:38 - [Cluster 2 - CLIENT] - INFO - 
2025-03-27 16:58:38 - [Cluster 2 - CLIENT] - INFO - 
2025-03-27 16:58:38 - [Cluster 2 - CLIENT] - INFO - Received: evaluate message 57d41557-1082-4f45-a288-a96cebb56298
2025-03-27 16:58:38 - [Cluster 2 - CLIENT] - INFO - Received: evaluate message 1a3d3f1a-fd97-4def-b088-e467c88b5f63
2025-03-27 16:58:38 - [Cluster 2 - CLIENT] - INFO - 
2025-03-27 16:58:38 - [Cluster 2 - CLIENT] - INFO - Received: evaluate message 5bba77a1-f4a3-4a09-bcad-b4b6f4ff2c28
2025-03-27 16:58:38 - [Cluster 2 - CLIENT] - INFO - 
2025-03-27 16:58:38 - [Cluster 2 - CLIENT] - INFO - 
2025-03-27 16:58:38 - [Cluster 2 - CLIENT] - INFO - Received: evaluate message ed57b073-72f2-43bb-8027-59f08ba2be41
2025-03-27 16:58:38 - [Cluster 2 - CLIENT] - INFO - Received: evaluate message a25ce3d2-3bb4-4ed2-8c15-3453a910dc60
2025-03-27 16:58:38 - [Cluster 2 - CLIENT] - INFO - 
2025-03-27 16:58:38 - [Cluster 2 - CLIENT] - INFO - Received: evaluate message 01a829eb-6104-4ea6-a356-783f29da42cc
2025-03-27 16:58:38 - [Cluster 2 - CLIENT] - INFO - 
2025-03-27 16:58:38 - [Cluster 2 - CLIENT] - INFO - Received: evaluate message da7219b9-345f-41aa-bceb-b135f9003ce9
2025-03-27 16:58:38 - [Cluster 2 - CLIENT] - INFO - 
2025-03-27 16:58:38 - [Cluster 2 - CLIENT] - INFO - Received: evaluate message bb49f0ab-bc88-4e58-b924-980bc97e9005
2025-03-27 16:58:39 - [Cluster 2 - CLIENT] - INFO - [Store 413] Evaluation - Loss: 17518402.0000, MAE: 3633.7820
2025-03-27 16:58:39 - [Cluster 2 - CLIENT] - INFO - Sent reply
2025-03-27 16:58:39 - [Cluster 2 - CLIENT] - INFO - 
2025-03-27 16:58:39 - [Cluster 2 - CLIENT] - INFO - Received: evaluate message b9b446be-e4a6-4080-aee3-7d8af28e6d7b
2025-03-27 16:58:39 - [Cluster 2 - CLIENT] - INFO - [Store 1104] Evaluation - Loss: 9050564.0000, MAE: 2544.8508
2025-03-27 16:58:39 - [Cluster 2 - CLIENT] - INFO - Sent reply
2025-03-27 16:58:39 - [Cluster 2 - CLIENT] - INFO - [Store 619] Evaluation - Loss: 7904495.5000, MAE: 2349.0742
2025-03-27 16:58:39 - [Cluster 2 - CLIENT] - INFO - [Store 399] Evaluation - Loss: 14816595.0000, MAE: 3406.8752
2025-03-27 16:58:39 - [Cluster 2 - CLIENT] - INFO - Sent reply
2025-03-27 16:58:39 - [Cluster 2 - CLIENT] - INFO - Sent reply
2025-03-27 16:58:39 - [Cluster 2 - CLIENT] - INFO - 
2025-03-27 16:58:39 - [Cluster 2 - CLIENT] - INFO - Received: evaluate message c2cca967-6c23-4551-ad4b-13e7a101735b
2025-03-27 16:58:39 - [Cluster 2 - CLIENT] - INFO - 
2025-03-27 16:58:39 - [Cluster 2 - CLIENT] - INFO - Received: evaluate message 47e9ca72-2bd8-4b8e-b8c3-76be0b690d3c
2025-03-27 16:58:39 - [Cluster 2 - CLIENT] - INFO - 
2025-03-27 16:58:39 - [Cluster 2 - CLIENT] - INFO - Received: evaluate message 8fcae995-f0cf-4bdf-b4c1-75ee17b424b8
2025-03-27 16:58:39 - [Cluster 2 - CLIENT] - INFO - [Store 492] Evaluation - Loss: 22377726.0000, MAE: 4099.1055
2025-03-27 16:58:39 - [Cluster 2 - CLIENT] - INFO - Sent reply
2025-03-27 16:58:39 - [Cluster 2 - CLIENT] - INFO - [Store 149] Evaluation - Loss: 12645583.0000, MAE: 3022.0833
2025-03-27 16:58:39 - [Cluster 2 - CLIENT] - INFO - [Store 181] Evaluation - Loss: 21541706.0000, MAE: 4105.8286
2025-03-27 16:58:39 - [Cluster 2 - CLIENT] - INFO - [Store 919] Evaluation - Loss: 12416526.0000, MAE: 3026.6863
2025-03-27 16:58:39 - [Cluster 2 - CLIENT] - INFO - Sent reply
2025-03-27 16:58:39 - [Cluster 2 - CLIENT] - INFO - [Store 890] Evaluation - Loss: 17254108.0000, MAE: 3568.9775
2025-03-27 16:58:39 - [Cluster 2 - CLIENT] - INFO - Sent reply
2025-03-27 16:58:39 - [Cluster 2 - CLIENT] - INFO - Sent reply
2025-03-27 16:58:39 - [Cluster 2 - CLIENT] - INFO - Sent reply
2025-03-27 16:58:39 - [Cluster 2 - CLIENT] - INFO - [Store 490] Evaluation - Loss: 19773648.0000, MAE: 4019.3306
2025-03-27 16:58:39 - [Cluster 2 - CLIENT] - INFO - Sent reply
2025-03-27 16:58:39 - [Cluster 2 - CLIENT] - INFO - 
2025-03-27 16:58:39 - [Cluster 2 - CLIENT] - INFO - Received: evaluate message 3272c810-2d1e-4b86-be41-cc4b8150c17c
2025-03-27 16:58:39 - [Cluster 2 - CLIENT] - INFO - [Store 512] Evaluation - Loss: 6850081.5000, MAE: 2120.2041
2025-03-27 16:58:39 - [Cluster 2 - CLIENT] - INFO - 
2025-03-27 16:58:39 - [Cluster 2 - CLIENT] - INFO - Received: evaluate message 369cdb36-1856-4c33-b68a-75165d3bbe9e
2025-03-27 16:58:39 - [Cluster 2 - CLIENT] - INFO - Sent reply
2025-03-27 16:58:39 - [Cluster 2 - CLIENT] - INFO - [Store 412] Evaluation - Loss: 32169880.0000, MAE: 5017.5083
2025-03-27 16:58:39 - [Cluster 2 - CLIENT] - INFO - Sent reply
2025-03-27 16:58:39 - [Cluster 2 - CLIENT] - INFO - 
2025-03-27 16:58:39 - [Cluster 2 - CLIENT] - INFO - Received: evaluate message bc1273f6-0eae-4e41-b7ec-2cf6436f5abe
2025-03-27 16:58:39 - [Cluster 2 - CLIENT] - INFO - 
2025-03-27 16:58:39 - [Cluster 2 - CLIENT] - INFO - Received: evaluate message 3db1a7c8-b323-496b-9809-4ccb78850b0d
2025-03-27 16:58:39 - [Cluster 2 - CLIENT] - INFO - 
2025-03-27 16:58:39 - [Cluster 2 - CLIENT] - INFO - Received: evaluate message 343b663b-8161-4b12-95a4-96c8938d31d9
2025-03-27 16:58:40 - [Cluster 2 - CLIENT] - INFO - [Store 477] Evaluation - Loss: 12801903.0000, MAE: 3064.6089
2025-03-27 16:58:40 - [Cluster 2 - CLIENT] - INFO - Sent reply
2025-03-27 16:58:40 - [Cluster 2 - CLIENT] - INFO - [Store 989] Evaluation - Loss: 10311779.0000, MAE: 2832.7349
2025-03-27 16:58:40 - [Cluster 2 - CLIENT] - INFO - Sent reply
2025-03-27 16:58:40 - [Cluster 2 - CLIENT] - INFO - [Store 629] Evaluation - Loss: 11808737.0000, MAE: 3016.8479
2025-03-27 16:58:40 - [Cluster 2 - CLIENT] - INFO - Sent reply
2025-03-27 16:58:40 - [Cluster 2 - CLIENT] - INFO - [Store 633] Evaluation - Loss: 32889238.0000, MAE: 5253.6455
2025-03-27 16:58:40 - [Cluster 2 - CLIENT] - INFO - [Store 555] Evaluation - Loss: 8820952.0000, MAE: 2580.5432
2025-03-27 16:58:40 - [Cluster 2 - CLIENT] - INFO - [Store 258] Evaluation - Loss: 14618746.0000, MAE: 2865.7236
2025-03-27 16:58:40 - [Cluster 2 - CLIENT] - INFO - Sent reply
2025-03-27 16:58:40 - [Cluster 2 - CLIENT] - INFO - [Store 989] Evaluation - Loss: 10311779.0000, MAE: 2832.7349
2025-03-27 16:58:40 - [Cluster 2 - CLIENT] - INFO - Sent reply
2025-03-27 16:58:40 - [Cluster 2 - CLIENT] - INFO - Sent reply
2025-03-27 16:58:40 - [Cluster 2 - CLIENT] - INFO - Sent reply
2025-03-27 16:58:40 - [Cluster 2 - CLIENT] - INFO - [Store 719] Evaluation - Loss: 16137494.0000, MAE: 3581.8181
2025-03-27 16:58:40 - [Cluster 2 - CLIENT] - INFO - Sent reply
2025-03-27 16:58:40 - [Cluster 2 - CLIENT] - INFO - [Store 500] Evaluation - Loss: 22408716.0000, MAE: 4352.9507
2025-03-27 16:58:40 - [Cluster 2 - CLIENT] - INFO - Sent reply
2025-03-27 16:58:40 - [Cluster 2 - CLIENT] - INFO - [Store 20] Evaluation - Loss: 24474728.0000, MAE: 4467.4194
2025-03-27 16:58:40 - [Cluster 2 - CLIENT] - INFO - Sent reply
2025-03-27 16:58:40 - [Cluster 2 - CLIENT] - INFO - [Store 522] Evaluation - Loss: 33276478.0000, MAE: 5055.7324
2025-03-27 16:58:40 - [Cluster 2 - CLIENT] - INFO - Sent reply
2025-03-27 16:58:40 - [Cluster 2 - CLIENT] - INFO - [Store 413] Evaluation - Loss: 17518402.0000, MAE: 3633.7820
2025-03-27 16:58:40 - [Cluster 2 - CLIENT] - INFO - Sent reply
2025-03-27 16:58:40 - [Cluster 2 - CLIENT] - INFO - 
2025-03-27 16:58:40 - [Cluster 2 - CLIENT] - INFO - Received: train message 7d757a41-8d80-451e-970d-62b0e88b28b9
2025-03-27 16:58:40 - [Cluster 2 - CLIENT] - INFO - 
2025-03-27 16:58:40 - [Cluster 2 - CLIENT] - INFO - Received: train message ecc71a43-f02e-4522-bbbd-a4de5b7d5c6c
2025-03-27 16:58:40 - [Cluster 2 - CLIENT] - INFO - 
2025-03-27 16:58:40 - [Cluster 2 - CLIENT] - INFO - Received: train message 277d58a5-075b-4545-a89a-d9edd141b84e
2025-03-27 16:58:40 - [Cluster 2 - CLIENT] - INFO - 
2025-03-27 16:58:40 - [Cluster 2 - CLIENT] - INFO - 
2025-03-27 16:58:40 - [Cluster 2 - CLIENT] - INFO - Received: train message d581176a-8adb-43de-b4d9-ded09d34ef8f
2025-03-27 16:58:40 - [Cluster 2 - CLIENT] - INFO - Received: train message 45650b0f-bf18-4671-9df9-784f5e343343
2025-03-27 16:58:40 - [Cluster 2 - CLIENT] - INFO - 
2025-03-27 16:58:40 - [Cluster 2 - CLIENT] - INFO - Received: train message 665df921-f863-455f-8125-edc69e85e6eb
2025-03-27 16:58:40 - [Cluster 2 - CLIENT] - INFO - 
2025-03-27 16:58:40 - [Cluster 2 - CLIENT] - INFO - Received: train message b3c058b1-8335-4985-98fa-b855510c7e80
2025-03-27 16:58:40 - [Cluster 2 - CLIENT] - INFO - [Store 633] Starting local training.
2025-03-27 16:58:40 - [Cluster 2 - CLIENT] - INFO - [Store 719] Starting local training.
2025-03-27 16:58:40 - [Cluster 2 - CLIENT] - INFO - [Store 522] Starting local training.
2025-03-27 16:58:40 - [Cluster 2 - CLIENT] - INFO - 
2025-03-27 16:58:40 - [Cluster 2 - CLIENT] - INFO - Received: train message 4983d05d-06c7-45d8-97d9-fa72c94178ba
2025-03-27 16:58:40 - [Cluster 2 - CLIENT] - INFO - 
2025-03-27 16:58:40 - [Cluster 2 - CLIENT] - INFO - Received: train message 8c3f338a-c182-407f-b207-6f68416495a3
2025-03-27 16:58:40 - [Cluster 2 - CLIENT] - INFO - 
2025-03-27 16:58:40 - [Cluster 2 - CLIENT] - INFO - Received: train message 84c94140-5eaa-4780-a87b-082ca6374e1c
2025-03-27 16:58:40 - [Cluster 2 - CLIENT] - INFO - 
2025-03-27 16:58:40 - [Cluster 2 - CLIENT] - INFO - 
2025-03-27 16:58:40 - [Cluster 2 - CLIENT] - INFO - Received: train message 1b5afe07-f600-450e-814a-550da342f165
2025-03-27 16:58:40 - [Cluster 2 - CLIENT] - INFO - 
2025-03-27 16:58:40 - [Cluster 2 - CLIENT] - INFO - [Store 555] Starting local training.
2025-03-27 16:58:40 - [Cluster 2 - CLIENT] - INFO - Received: train message d8370e75-aea7-43f3-a3eb-8aed98fd9d03
2025-03-27 16:58:40 - [Cluster 2 - CLIENT] - INFO - Received: train message 976175c4-1cd5-48a3-9919-e903807b5014
2025-03-27 16:58:40 - [Cluster 2 - CLIENT] - INFO - 
2025-03-27 16:58:40 - [Cluster 2 - CLIENT] - INFO - Received: train message bd32bb50-8eab-4fa5-9e0c-d406086b9f2b
2025-03-27 16:58:40 - [Cluster 2 - CLIENT] - INFO - 
2025-03-27 16:58:40 - [Cluster 2 - CLIENT] - INFO - [Store 413] Starting local training.
2025-03-27 16:58:40 - [Cluster 2 - CLIENT] - INFO - Received: train message b6b9747e-2da8-4315-8ac5-607e5ca37003
2025-03-27 16:58:40 - [Cluster 2 - CLIENT] - INFO - [Store 890] Starting local training.
2025-03-27 16:58:40 - [Cluster 2 - CLIENT] - INFO - [Store 413] Starting local training.
2025-03-27 16:58:40 - [Cluster 2 - CLIENT] - INFO - [Store 258] Starting local training.
2025-03-27 16:58:40 - [Cluster 2 - CLIENT] - INFO - [Store 629] Starting local training.
2025-03-27 16:58:40 - [Cluster 2 - CLIENT] - INFO - [Store 399] Starting local training.
2025-03-27 16:58:40 - [Cluster 2 - CLIENT] - INFO - [Store 919] Starting local training.
2025-03-27 16:58:40 - [Cluster 2 - CLIENT] - INFO - [Store 477] Starting local training.
2025-03-27 16:58:40 - [Cluster 2 - CLIENT] - INFO - [Store 149] Starting local training.
2025-03-27 16:58:40 - [Cluster 2 - CLIENT] - INFO - [Store 181] Starting local training.
2025-03-27 16:58:40 - [Cluster 2 - CLIENT] - INFO - [Store 989] Starting local training.
2025-03-27 17:00:57 - [Cluster 2 - CLIENT] - INFO - [Store 399] Local training complete.
2025-03-27 17:00:57 - [Cluster 2 - CLIENT] - INFO - Sent reply
2025-03-27 17:00:57 - [Cluster 2 - CLIENT] - INFO - 
2025-03-27 17:00:57 - [Cluster 2 - CLIENT] - INFO - Received: train message 08dff866-c466-4ce9-9658-8f5172da5d6e
2025-03-27 17:00:57 - [Cluster 2 - CLIENT] - INFO - [Store 490] Starting local training.
2025-03-27 17:00:57 - [Cluster 2 - CLIENT] - INFO - [Store 258] Local training complete.
2025-03-27 17:00:57 - [Cluster 2 - CLIENT] - INFO - Sent reply
2025-03-27 17:00:57 - [Cluster 2 - CLIENT] - INFO - 
2025-03-27 17:00:57 - [Cluster 2 - CLIENT] - INFO - Received: train message c775faa4-c557-49b3-a75c-a26577d84d6f
2025-03-27 17:00:57 - [Cluster 2 - CLIENT] - INFO - [Store 500] Starting local training.
2025-03-27 17:00:58 - [Cluster 2 - CLIENT] - INFO - [Store 919] Local training complete.
2025-03-27 17:00:58 - [Cluster 2 - CLIENT] - INFO - Sent reply
2025-03-27 17:00:58 - [Cluster 2 - CLIENT] - INFO - 
2025-03-27 17:00:58 - [Cluster 2 - CLIENT] - INFO - Received: train message abb766bf-296d-463e-8e90-029ceb7235f2
2025-03-27 17:00:58 - [Cluster 2 - CLIENT] - INFO - [Store 619] Starting local training.
2025-03-27 17:00:59 - [Cluster 2 - CLIENT] - INFO - [Store 633] Local training complete.
2025-03-27 17:00:59 - [Cluster 2 - CLIENT] - INFO - Sent reply
2025-03-27 17:00:59 - [Cluster 2 - CLIENT] - INFO - 
2025-03-27 17:00:59 - [Cluster 2 - CLIENT] - INFO - Received: train message ab1d9145-2e07-4af8-a2fe-99dd9f45e10f
2025-03-27 17:00:59 - [Cluster 2 - CLIENT] - INFO - [Store 1104] Starting local training.
2025-03-27 17:01:00 - [Cluster 2 - CLIENT] - INFO - [Store 413] Local training complete.
2025-03-27 17:01:00 - [Cluster 2 - CLIENT] - INFO - Sent reply
2025-03-27 17:01:00 - [Cluster 2 - CLIENT] - INFO - 
2025-03-27 17:01:00 - [Cluster 2 - CLIENT] - INFO - Received: train message 12c5b425-278d-4703-b56f-bba966aa5ddd
2025-03-27 17:01:00 - [Cluster 2 - CLIENT] - INFO - [Store 989] Starting local training.
2025-03-27 17:01:00 - [Cluster 2 - CLIENT] - INFO - [Store 629] Local training complete.
2025-03-27 17:01:00 - [Cluster 2 - CLIENT] - INFO - Sent reply
2025-03-27 17:01:00 - [Cluster 2 - CLIENT] - INFO - 
2025-03-27 17:01:00 - [Cluster 2 - CLIENT] - INFO - Received: train message f389d1c7-41d6-48a3-8a8f-e33d33fbedc7
2025-03-27 17:01:00 - [Cluster 2 - CLIENT] - INFO - [Store 512] Starting local training.
2025-03-27 17:01:00 - [Cluster 2 - CLIENT] - INFO - [Store 413] Local training complete.
2025-03-27 17:01:00 - [Cluster 2 - CLIENT] - INFO - Sent reply
2025-03-27 17:01:00 - [Cluster 2 - CLIENT] - INFO - 
2025-03-27 17:01:00 - [Cluster 2 - CLIENT] - INFO - Received: train message 1987835c-7cb9-4d50-9323-e5a5e8881169
2025-03-27 17:01:01 - [Cluster 2 - CLIENT] - INFO - [Store 412] Starting local training.
2025-03-27 17:01:02 - [Cluster 2 - CLIENT] - INFO - [Store 555] Local training complete.
2025-03-27 17:01:02 - [Cluster 2 - CLIENT] - INFO - [Store 522] Local training complete.
2025-03-27 17:01:02 - [Cluster 2 - CLIENT] - INFO - Sent reply
2025-03-27 17:01:02 - [Cluster 2 - CLIENT] - INFO - 
2025-03-27 17:01:02 - [Cluster 2 - CLIENT] - INFO - Received: train message 2bd3faf6-652a-4f8d-afe4-e41d3178bdb0
2025-03-27 17:01:02 - [Cluster 2 - CLIENT] - INFO - Sent reply
2025-03-27 17:01:02 - [Cluster 2 - CLIENT] - INFO - 
2025-03-27 17:01:02 - [Cluster 2 - CLIENT] - INFO - Received: train message 2927380a-31a7-42a6-bc52-2e5a8a9c4193
2025-03-27 17:01:02 - [Cluster 2 - CLIENT] - INFO - [Store 492] Starting local training.
2025-03-27 17:01:02 - [Cluster 2 - CLIENT] - INFO - [Store 890] Local training complete.
2025-03-27 17:01:02 - [Cluster 2 - CLIENT] - INFO - [Store 20] Starting local training.
2025-03-27 17:01:02 - [Cluster 2 - CLIENT] - INFO - Sent reply
2025-03-27 17:01:02 - [Cluster 2 - CLIENT] - INFO - [Store 719] Local training complete.
2025-03-27 17:01:02 - [Cluster 2 - CLIENT] - INFO - [Store 477] Local training complete.
2025-03-27 17:01:02 - [Cluster 2 - CLIENT] - INFO - Sent reply
2025-03-27 17:01:02 - [Cluster 2 - CLIENT] - INFO - Sent reply
2025-03-27 17:01:03 - [Cluster 2 - CLIENT] - INFO - [Store 181] Local training complete.
2025-03-27 17:01:03 - [Cluster 2 - CLIENT] - INFO - Sent reply
2025-03-27 17:01:03 - [Cluster 2 - CLIENT] - INFO - [Store 149] Local training complete.
2025-03-27 17:01:03 - [Cluster 2 - CLIENT] - INFO - Sent reply
2025-03-27 17:01:03 - [Cluster 2 - CLIENT] - INFO - [Store 989] Local training complete.
2025-03-27 17:01:03 - [Cluster 2 - CLIENT] - INFO - Sent reply
2025-03-27 17:02:18 - [Cluster 2 - CLIENT] - INFO - [Store 490] Local training complete.
2025-03-27 17:02:18 - [Cluster 2 - CLIENT] - INFO - Sent reply
2025-03-27 17:02:20 - [Cluster 2 - CLIENT] - INFO - [Store 500] Local training complete.
2025-03-27 17:02:20 - [Cluster 2 - CLIENT] - INFO - Sent reply
2025-03-27 17:02:20 - [Cluster 2 - CLIENT] - INFO - [Store 1104] Local training complete.
2025-03-27 17:02:20 - [Cluster 2 - CLIENT] - INFO - Sent reply
2025-03-27 17:02:21 - [Cluster 2 - CLIENT] - INFO - [Store 989] Local training complete.
2025-03-27 17:02:21 - [Cluster 2 - CLIENT] - INFO - Sent reply
2025-03-27 17:02:21 - [Cluster 2 - CLIENT] - INFO - [Store 619] Local training complete.
2025-03-27 17:02:21 - [Cluster 2 - CLIENT] - INFO - Sent reply
2025-03-27 17:02:21 - [Cluster 2 - CLIENT] - INFO - [Store 20] Local training complete.
2025-03-27 17:02:21 - [Cluster 2 - CLIENT] - INFO - Sent reply
2025-03-27 17:02:21 - [Cluster 2 - CLIENT] - INFO - [Store 512] Local training complete.
2025-03-27 17:02:21 - [Cluster 2 - CLIENT] - INFO - Sent reply
2025-03-27 17:02:21 - [Cluster 2 - CLIENT] - INFO - [Store 412] Local training complete.
2025-03-27 17:02:21 - [Cluster 2 - CLIENT] - INFO - Sent reply
2025-03-27 17:02:21 - [Cluster 2 - CLIENT] - INFO - [Store 492] Local training complete.
2025-03-27 17:02:21 - [Cluster 2 - CLIENT] - INFO - Sent reply
2025-03-27 17:02:21 - [Cluster 2 - CLIENT] - INFO - 
2025-03-27 17:02:21 - [Cluster 2 - CLIENT] - INFO - Received: evaluate message 1a4063cd-c3fc-42a3-8f72-608554bbd099
2025-03-27 17:02:21 - [Cluster 2 - CLIENT] - INFO - 
2025-03-27 17:02:21 - [Cluster 2 - CLIENT] - INFO - Received: evaluate message 1cd4b8e6-187c-4dac-886c-43758bba0864
2025-03-27 17:02:21 - [Cluster 2 - CLIENT] - INFO - 
2025-03-27 17:02:21 - [Cluster 2 - CLIENT] - INFO - Received: evaluate message e267e7f4-e4b9-4f4e-9cd1-3d39c6569e57
2025-03-27 17:02:21 - [Cluster 2 - CLIENT] - INFO - 
2025-03-27 17:02:21 - [Cluster 2 - CLIENT] - INFO - Received: evaluate message 88ff114d-3033-4154-8580-98cb1cacffc7
2025-03-27 17:02:21 - [Cluster 2 - CLIENT] - INFO - 
2025-03-27 17:02:21 - [Cluster 2 - CLIENT] - INFO - Received: evaluate message 19fc8043-3296-4f07-b2ab-f6ce8ab606c9
2025-03-27 17:02:21 - [Cluster 2 - CLIENT] - INFO - 
2025-03-27 17:02:21 - [Cluster 2 - CLIENT] - INFO - Received: evaluate message 6c1e26dd-e9e6-4865-b169-201635f9b81c
2025-03-27 17:02:21 - [Cluster 2 - CLIENT] - INFO - 
2025-03-27 17:02:21 - [Cluster 2 - CLIENT] - INFO - Received: evaluate message 74c6594f-24f3-428a-8adb-2903d4e2986b
2025-03-27 17:02:21 - [Cluster 2 - CLIENT] - INFO - 
2025-03-27 17:02:21 - [Cluster 2 - CLIENT] - INFO - Received: evaluate message 8a061539-f55b-4a31-bf09-846c4313baba
2025-03-27 17:02:21 - [Cluster 2 - CLIENT] - INFO - 
2025-03-27 17:02:21 - [Cluster 2 - CLIENT] - INFO - Received: evaluate message b476f886-eeca-4307-a789-8290d29630bb
2025-03-27 17:02:21 - [Cluster 2 - CLIENT] - INFO - 
2025-03-27 17:02:21 - [Cluster 2 - CLIENT] - INFO - Received: evaluate message a9f53253-e490-46b2-8f10-2e3b30284dc6
2025-03-27 17:02:21 - [Cluster 2 - CLIENT] - INFO - 
2025-03-27 17:02:21 - [Cluster 2 - CLIENT] - INFO - Received: evaluate message 4bcbaf3b-29e9-429a-ab07-5ddbe2d58e7c
2025-03-27 17:02:21 - [Cluster 2 - CLIENT] - INFO - 
2025-03-27 17:02:21 - [Cluster 2 - CLIENT] - INFO - Received: evaluate message 3782523f-85d6-4b05-ab6f-ee8634541e3b
2025-03-27 17:02:21 - [Cluster 2 - CLIENT] - INFO - 
2025-03-27 17:02:21 - [Cluster 2 - CLIENT] - INFO - Received: evaluate message ebb3cc4c-85ed-4e33-b125-d17442d2579d
2025-03-27 17:02:21 - [Cluster 2 - CLIENT] - INFO - 
2025-03-27 17:02:21 - [Cluster 2 - CLIENT] - INFO - Received: evaluate message 46c3ed4a-85ef-4a3f-a57c-a086957402c1
2025-03-27 17:02:21 - [Cluster 2 - CLIENT] - INFO - 
2025-03-27 17:02:21 - [Cluster 2 - CLIENT] - INFO - Received: evaluate message 992dbd88-1b93-4d18-a1bd-1dbfea5bdbe7
2025-03-27 17:02:22 - [Cluster 2 - CLIENT] - INFO - [Store 989] Evaluation - Loss: 7525307.5000, MAE: 2342.4414
2025-03-27 17:02:22 - [Cluster 2 - CLIENT] - INFO - Sent reply
2025-03-27 17:02:22 - [Cluster 2 - CLIENT] - INFO - 
2025-03-27 17:02:22 - [Cluster 2 - CLIENT] - INFO - Received: evaluate message 00d29e16-bbf3-4afd-9e0f-96b6e08026dd
2025-03-27 17:02:22 - [Cluster 2 - CLIENT] - INFO - [Store 412] Evaluation - Loss: 21147004.0000, MAE: 3901.9272
2025-03-27 17:02:22 - [Cluster 2 - CLIENT] - INFO - Sent reply
2025-03-27 17:02:22 - [Cluster 2 - CLIENT] - INFO - [Store 1104] Evaluation - Loss: 7657731.0000, MAE: 2217.8779
2025-03-27 17:02:22 - [Cluster 2 - CLIENT] - INFO - Sent reply
2025-03-27 17:02:22 - [Cluster 2 - CLIENT] - INFO - [Store 20] Evaluation - Loss: 17105586.0000, MAE: 3653.0107
2025-03-27 17:02:22 - [Cluster 2 - CLIENT] - INFO - Sent reply
2025-03-27 17:02:22 - [Cluster 2 - CLIENT] - INFO - 
2025-03-27 17:02:22 - [Cluster 2 - CLIENT] - INFO - Received: evaluate message f28e5c54-b031-44f1-a957-2af7573ae430
2025-03-27 17:02:22 - [Cluster 2 - CLIENT] - INFO - 
2025-03-27 17:02:22 - [Cluster 2 - CLIENT] - INFO - Received: evaluate message 430a7556-e9b4-47d9-9ff6-974621fee762
2025-03-27 17:02:22 - [Cluster 2 - CLIENT] - INFO - 
2025-03-27 17:02:22 - [Cluster 2 - CLIENT] - INFO - Received: evaluate message 8aa172cf-8085-48fb-b2e4-ee65fe469b06
2025-03-27 17:02:22 - [Cluster 2 - CLIENT] - INFO - [Store 500] Evaluation - Loss: 14255110.0000, MAE: 3503.4788
2025-03-27 17:02:22 - [Cluster 2 - CLIENT] - INFO - Sent reply
2025-03-27 17:02:22 - [Cluster 2 - CLIENT] - INFO - [Store 490] Evaluation - Loss: 16123593.0000, MAE: 3384.1873
2025-03-27 17:02:22 - [Cluster 2 - CLIENT] - INFO - Sent reply
2025-03-27 17:02:22 - [Cluster 2 - CLIENT] - INFO - [Store 619] Evaluation - Loss: 5850955.5000, MAE: 1951.2332
2025-03-27 17:02:22 - [Cluster 2 - CLIENT] - INFO - Sent reply
2025-03-27 17:02:22 - [Cluster 2 - CLIENT] - INFO - 
2025-03-27 17:02:23 - [Cluster 2 - CLIENT] - INFO - Received: evaluate message ecf7203f-ecfd-4c06-af72-093838cb7f56
2025-03-27 17:02:23 - [Cluster 2 - CLIENT] - INFO - 
2025-03-27 17:02:23 - [Cluster 2 - CLIENT] - INFO - Received: evaluate message cbd3e4c2-1b6f-4b8f-970a-3954f1f5232f
2025-03-27 17:02:23 - [Cluster 2 - CLIENT] - INFO - [Store 413] Evaluation - Loss: 12314865.0000, MAE: 2932.7522
2025-03-27 17:02:23 - [Cluster 2 - CLIENT] - INFO - [Store 629] Evaluation - Loss: 9385282.0000, MAE: 2529.7471
2025-03-27 17:02:23 - [Cluster 2 - CLIENT] - INFO - [Store 399] Evaluation - Loss: 8828538.0000, MAE: 2544.1392
2025-03-27 17:02:23 - [Cluster 2 - CLIENT] - INFO - [Store 477] Evaluation - Loss: 10463123.0000, MAE: 2684.2302
2025-03-27 17:02:23 - [Cluster 2 - CLIENT] - INFO - [Store 149] Evaluation - Loss: 8099260.0000, MAE: 2330.9490
2025-03-27 17:02:23 - [Cluster 2 - CLIENT] - INFO - Sent reply
2025-03-27 17:02:23 - [Cluster 2 - CLIENT] - INFO - 
2025-03-27 17:02:23 - [Cluster 2 - CLIENT] - INFO - Sent reply
2025-03-27 17:02:23 - [Cluster 2 - CLIENT] - INFO - Received: evaluate message f3ad641f-86ec-4ad8-a64e-806567a06365
2025-03-27 17:02:23 - [Cluster 2 - CLIENT] - INFO - Sent reply
2025-03-27 17:02:23 - [Cluster 2 - CLIENT] - INFO - Sent reply
2025-03-27 17:02:23 - [Cluster 2 - CLIENT] - INFO - Sent reply
2025-03-27 17:02:23 - [Cluster 2 - CLIENT] - INFO - [Store 492] Evaluation - Loss: 16001378.0000, MAE: 3318.7788
2025-03-27 17:02:23 - [Cluster 2 - CLIENT] - INFO - Sent reply
2025-03-27 17:02:23 - [Cluster 2 - CLIENT] - INFO - 
2025-03-27 17:02:23 - [Cluster 2 - CLIENT] - INFO - 
2025-03-27 17:02:23 - [Cluster 2 - CLIENT] - INFO - Received: evaluate message 5a8240ab-1c09-456b-9f0e-dfb30a7fed11
2025-03-27 17:02:23 - [Cluster 2 - CLIENT] - INFO - Received: evaluate message d896a040-e02d-4e28-9e26-3a38b191bedb
2025-03-27 17:02:23 - [Cluster 2 - CLIENT] - INFO - [Store 890] Evaluation - Loss: 10378496.0000, MAE: 2684.0183
2025-03-27 17:02:23 - [Cluster 2 - CLIENT] - INFO - Sent reply
2025-03-27 17:02:23 - [Cluster 2 - CLIENT] - INFO - [Store 258] Evaluation - Loss: 26451974.0000, MAE: 4378.3125
2025-03-27 17:02:23 - [Cluster 2 - CLIENT] - INFO - Sent reply
2025-03-27 17:02:23 - [Cluster 2 - CLIENT] - INFO - [Store 413] Evaluation - Loss: 12314865.0000, MAE: 2932.7522
2025-03-27 17:02:23 - [Cluster 2 - CLIENT] - INFO - Sent reply
2025-03-27 17:02:23 - [Cluster 2 - CLIENT] - INFO - [Store 512] Evaluation - Loss: 4119733.5000, MAE: 1675.9225
2025-03-27 17:02:23 - [Cluster 2 - CLIENT] - INFO - Sent reply
2025-03-27 17:02:23 - [Cluster 2 - CLIENT] - INFO - [Store 989] Evaluation - Loss: 7525307.5000, MAE: 2342.4414
2025-03-27 17:02:23 - [Cluster 2 - CLIENT] - INFO - Sent reply
2025-03-27 17:02:23 - [Cluster 2 - CLIENT] - INFO - [Store 719] Evaluation - Loss: 9759113.0000, MAE: 2793.2834
2025-03-27 17:02:23 - [Cluster 2 - CLIENT] - INFO - Sent reply
2025-03-27 17:02:23 - [Cluster 2 - CLIENT] - INFO - [Store 555] Evaluation - Loss: 6287862.5000, MAE: 2112.4365
2025-03-27 17:02:23 - [Cluster 2 - CLIENT] - INFO - Sent reply
2025-03-27 17:02:23 - [Cluster 2 - CLIENT] - INFO - [Store 181] Evaluation - Loss: 13882148.0000, MAE: 3233.4387
2025-03-27 17:02:23 - [Cluster 2 - CLIENT] - INFO - Sent reply
2025-03-27 17:02:23 - [Cluster 2 - CLIENT] - INFO - [Store 633] Evaluation - Loss: 20534596.0000, MAE: 4171.7397
2025-03-27 17:02:23 - [Cluster 2 - CLIENT] - INFO - Sent reply
2025-03-27 17:02:23 - [Cluster 2 - CLIENT] - INFO - [Store 522] Evaluation - Loss: 19800772.0000, MAE: 3749.3723
2025-03-27 17:02:23 - [Cluster 2 - CLIENT] - INFO - Sent reply
2025-03-27 17:02:23 - [Cluster 2 - CLIENT] - INFO - [Store 919] Evaluation - Loss: 8608291.0000, MAE: 2380.6511
2025-03-27 17:02:23 - [Cluster 2 - CLIENT] - INFO - Sent reply
2025-03-27 17:02:23 - [Cluster 2 - CLIENT] - INFO - 
2025-03-27 17:02:23 - [Cluster 2 - CLIENT] - INFO - Received: train message ca3bf31b-4ece-4f07-85f2-6daf32f2c15f
2025-03-27 17:02:23 - [Cluster 2 - CLIENT] - INFO - 
2025-03-27 17:02:23 - [Cluster 2 - CLIENT] - INFO - Received: train message c943ba45-f506-432e-bc7d-dbfa150db5a1
2025-03-27 17:02:23 - [Cluster 2 - CLIENT] - INFO - 
2025-03-27 17:02:23 - [Cluster 2 - CLIENT] - INFO - Received: train message 36a229ec-15b4-4cc9-91ea-1c99300a956e
2025-03-27 17:02:23 - [Cluster 2 - CLIENT] - INFO - 
2025-03-27 17:02:23 - [Cluster 2 - CLIENT] - INFO - [Store 413] Starting local training.
2025-03-27 17:02:23 - [Cluster 2 - CLIENT] - INFO - Received: train message 820339a8-516d-497b-ab17-b8547d46e050
2025-03-27 17:02:23 - [Cluster 2 - CLIENT] - INFO - 
2025-03-27 17:02:23 - [Cluster 2 - CLIENT] - INFO - Received: train message 75df49dd-407e-4ce1-b233-a552fcfadfd7
2025-03-27 17:02:23 - [Cluster 2 - CLIENT] - INFO - 
2025-03-27 17:02:23 - [Cluster 2 - CLIENT] - INFO - Received: train message cc5fcbcd-e309-403a-bdf4-ef686972f741
2025-03-27 17:02:23 - [Cluster 2 - CLIENT] - INFO - 
2025-03-27 17:02:23 - [Cluster 2 - CLIENT] - INFO - Received: train message dae164be-7ee8-4806-b454-26541b681cae
2025-03-27 17:02:23 - [Cluster 2 - CLIENT] - INFO - 
2025-03-27 17:02:23 - [Cluster 2 - CLIENT] - INFO - Received: train message af822593-121a-428a-811f-eb63e8812b08
2025-03-27 17:02:23 - [Cluster 2 - CLIENT] - INFO - 
2025-03-27 17:02:23 - [Cluster 2 - CLIENT] - INFO - Received: train message 0360b692-7d15-4ce6-b88c-53ca6741dc90
2025-03-27 17:02:23 - [Cluster 2 - CLIENT] - INFO - 
2025-03-27 17:02:23 - [Cluster 2 - CLIENT] - INFO - Received: train message 99ef51b7-824e-46f0-849f-3b5933734aec
2025-03-27 17:02:23 - [Cluster 2 - CLIENT] - INFO - 
2025-03-27 17:02:23 - [Cluster 2 - CLIENT] - INFO - Received: train message fec723f4-786f-44ed-93c1-7727de5445a7
2025-03-27 17:02:23 - [Cluster 2 - CLIENT] - INFO - 
2025-03-27 17:02:23 - [Cluster 2 - CLIENT] - INFO - Received: train message 0117c8cb-2a95-44ad-b1f8-65418cf5841b
2025-03-27 17:02:23 - [Cluster 2 - CLIENT] - INFO - 
2025-03-27 17:02:23 - [Cluster 2 - CLIENT] - INFO - Received: train message 39ee211b-583f-459f-8de6-2e81ea18766c
2025-03-27 17:02:23 - [Cluster 2 - CLIENT] - INFO - 
2025-03-27 17:02:23 - [Cluster 2 - CLIENT] - INFO - Received: train message 8ef34b76-3262-4386-8adb-5b31f8f4432d
2025-03-27 17:02:23 - [Cluster 2 - CLIENT] - INFO - 
2025-03-27 17:02:23 - [Cluster 2 - CLIENT] - INFO - Received: train message 10c5a38c-4c60-410c-899f-06e9575daa6e
2025-03-27 17:02:23 - [Cluster 2 - CLIENT] - INFO - [Store 1104] Starting local training.
2025-03-27 17:02:23 - [Cluster 2 - CLIENT] - INFO - [Store 619] Starting local training.
2025-03-27 17:02:23 - [Cluster 2 - CLIENT] - INFO - [Store 20] Starting local training.
2025-03-27 17:02:23 - [Cluster 2 - CLIENT] - INFO - [Store 919] Starting local training.
2025-03-27 17:02:23 - [Cluster 2 - CLIENT] - INFO - [Store 258] Starting local training.
2025-03-27 17:02:23 - [Cluster 2 - CLIENT] - INFO - [Store 492] Starting local training.
2025-03-27 17:02:23 - [Cluster 2 - CLIENT] - INFO - [Store 412] Starting local training.
2025-03-27 17:02:24 - [Cluster 2 - CLIENT] - INFO - [Store 500] Starting local training.
2025-03-27 17:02:24 - [Cluster 2 - CLIENT] - INFO - [Store 149] Starting local training.
2025-03-27 17:02:24 - [Cluster 2 - CLIENT] - INFO - [Store 413] Starting local training.
2025-03-27 17:02:24 - [Cluster 2 - CLIENT] - INFO - [Store 181] Starting local training.
2025-03-27 17:02:24 - [Cluster 2 - CLIENT] - INFO - [Store 989] Starting local training.
2025-03-27 17:02:24 - [Cluster 2 - CLIENT] - INFO - [Store 719] Starting local training.
2025-03-27 17:02:24 - [Cluster 2 - CLIENT] - INFO - [Store 633] Starting local training.
2025-03-27 17:04:42 - [Cluster 2 - CLIENT] - INFO - [Store 919] Local training complete.
2025-03-27 17:04:42 - [Cluster 2 - CLIENT] - INFO - Sent reply
2025-03-27 17:04:42 - [Cluster 2 - CLIENT] - INFO - 
2025-03-27 17:04:42 - [Cluster 2 - CLIENT] - INFO - Received: train message 73aab53d-653e-4fbc-ace8-17fea092347c
2025-03-27 17:04:42 - [Cluster 2 - CLIENT] - INFO - [Store 989] Starting local training.
2025-03-27 17:04:43 - [Cluster 2 - CLIENT] - INFO - [Store 181] Local training complete.
2025-03-27 17:04:43 - [Cluster 2 - CLIENT] - INFO - Sent reply
2025-03-27 17:04:43 - [Cluster 2 - CLIENT] - INFO - 
2025-03-27 17:04:43 - [Cluster 2 - CLIENT] - INFO - Received: train message b3ee2f68-d126-42fc-856f-cb39a8067bed
2025-03-27 17:04:43 - [Cluster 2 - CLIENT] - INFO - [Store 512] Starting local training.
2025-03-27 17:04:43 - [Cluster 2 - CLIENT] - INFO - [Store 719] Local training complete.
2025-03-27 17:04:44 - [Cluster 2 - CLIENT] - INFO - Sent reply
2025-03-27 17:04:44 - [Cluster 2 - CLIENT] - INFO - 
2025-03-27 17:04:44 - [Cluster 2 - CLIENT] - INFO - Received: train message 65c1b3ad-074d-41a1-a8a6-cfcac04b15b2
2025-03-27 17:04:44 - [Cluster 2 - CLIENT] - INFO - [Store 522] Starting local training.
2025-03-27 17:04:44 - [Cluster 2 - CLIENT] - INFO - [Store 413] Local training complete.
2025-03-27 17:04:44 - [Cluster 2 - CLIENT] - INFO - [Store 500] Local training complete.
2025-03-27 17:04:44 - [Cluster 2 - CLIENT] - INFO - Sent reply
2025-03-27 17:04:44 - [Cluster 2 - CLIENT] - INFO - Sent reply
2025-03-27 17:04:44 - [Cluster 2 - CLIENT] - INFO - 
2025-03-27 17:04:44 - [Cluster 2 - CLIENT] - INFO - Received: train message 790b543e-9fad-4f20-aeba-0d5b2b8c0cfb
2025-03-27 17:04:44 - [Cluster 2 - CLIENT] - INFO - 
2025-03-27 17:04:44 - [Cluster 2 - CLIENT] - INFO - Received: train message 0b9e4f89-f906-45c3-ad75-34603dd9e743
2025-03-27 17:04:44 - [Cluster 2 - CLIENT] - INFO - [Store 555] Starting local training.
2025-03-27 17:04:44 - [Cluster 2 - CLIENT] - INFO - [Store 258] Local training complete.
2025-03-27 17:04:44 - [Cluster 2 - CLIENT] - INFO - [Store 629] Starting local training.
2025-03-27 17:04:44 - [Cluster 2 - CLIENT] - INFO - Sent reply
2025-03-27 17:04:44 - [Cluster 2 - CLIENT] - INFO - 
2025-03-27 17:04:44 - [Cluster 2 - CLIENT] - INFO - Received: train message 87bb7d5c-20a4-4e9f-81dd-1f94fd44e3ca
2025-03-27 17:04:44 - [Cluster 2 - CLIENT] - INFO - [Store 890] Starting local training.
2025-03-27 17:04:45 - [Cluster 2 - CLIENT] - INFO - [Store 633] Local training complete.
2025-03-27 17:04:45 - [Cluster 2 - CLIENT] - INFO - Sent reply
2025-03-27 17:04:45 - [Cluster 2 - CLIENT] - INFO - 
2025-03-27 17:04:45 - [Cluster 2 - CLIENT] - INFO - Received: train message 1ea90c88-ddc0-4c94-9a4a-07d2016d6fa0
2025-03-27 17:04:45 - [Cluster 2 - CLIENT] - INFO - [Store 412] Local training complete.
2025-03-27 17:04:45 - [Cluster 2 - CLIENT] - INFO - [Store 477] Starting local training.
2025-03-27 17:04:45 - [Cluster 2 - CLIENT] - INFO - Sent reply
2025-03-27 17:04:45 - [Cluster 2 - CLIENT] - INFO - 
2025-03-27 17:04:45 - [Cluster 2 - CLIENT] - INFO - Received: train message af980edd-2d60-4e4b-8f8c-2050470355fb
2025-03-27 17:04:45 - [Cluster 2 - CLIENT] - INFO - [Store 490] Starting local training.
2025-03-27 17:04:46 - [Cluster 2 - CLIENT] - INFO - [Store 492] Local training complete.
2025-03-27 17:04:46 - [Cluster 2 - CLIENT] - INFO - Sent reply
2025-03-27 17:04:46 - [Cluster 2 - CLIENT] - INFO - 
2025-03-27 17:04:46 - [Cluster 2 - CLIENT] - INFO - Received: train message dfcfa87b-61f2-4b6b-b3ab-f9d3eb34c3f4
2025-03-27 17:04:46 - [Cluster 2 - CLIENT] - INFO - [Store 20] Local training complete.
2025-03-27 17:04:46 - [Cluster 2 - CLIENT] - INFO - [Store 399] Starting local training.
2025-03-27 17:04:46 - [Cluster 2 - CLIENT] - INFO - Sent reply
2025-03-27 17:04:47 - [Cluster 2 - CLIENT] - INFO - [Store 413] Local training complete.
2025-03-27 17:04:47 - [Cluster 2 - CLIENT] - INFO - Sent reply
2025-03-27 17:04:47 - [Cluster 2 - CLIENT] - INFO - [Store 989] Local training complete.
2025-03-27 17:04:47 - [Cluster 2 - CLIENT] - INFO - Sent reply
2025-03-27 17:04:47 - [Cluster 2 - CLIENT] - INFO - [Store 149] Local training complete.
2025-03-27 17:04:47 - [Cluster 2 - CLIENT] - INFO - Sent reply
2025-03-27 17:04:48 - [Cluster 2 - CLIENT] - INFO - [Store 1104] Local training complete.
2025-03-27 17:04:49 - [Cluster 2 - CLIENT] - INFO - Sent reply
2025-03-27 17:04:52 - [Cluster 2 - CLIENT] - INFO - [Store 619] Local training complete.
2025-03-27 17:04:52 - [Cluster 2 - CLIENT] - INFO - Sent reply
2025-03-27 17:06:06 - [Cluster 2 - CLIENT] - INFO - [Store 989] Local training complete.
2025-03-27 17:06:06 - [Cluster 2 - CLIENT] - INFO - Sent reply
2025-03-27 17:06:08 - [Cluster 2 - CLIENT] - INFO - [Store 477] Local training complete.
2025-03-27 17:06:08 - [Cluster 2 - CLIENT] - INFO - Sent reply
2025-03-27 17:06:08 - [Cluster 2 - CLIENT] - INFO - [Store 522] Local training complete.
2025-03-27 17:06:08 - [Cluster 2 - CLIENT] - INFO - Sent reply
2025-03-27 17:06:08 - [Cluster 2 - CLIENT] - INFO - [Store 555] Local training complete.
2025-03-27 17:06:08 - [Cluster 2 - CLIENT] - INFO - Sent reply
2025-03-27 17:06:08 - [Cluster 2 - CLIENT] - INFO - [Store 490] Local training complete.
2025-03-27 17:06:08 - [Cluster 2 - CLIENT] - INFO - Sent reply
2025-03-27 17:06:08 - [Cluster 2 - CLIENT] - INFO - [Store 399] Local training complete.
2025-03-27 17:06:08 - [Cluster 2 - CLIENT] - INFO - Sent reply
2025-03-27 17:06:08 - [Cluster 2 - CLIENT] - INFO - [Store 890] Local training complete.
2025-03-27 17:06:08 - [Cluster 2 - CLIENT] - INFO - [Store 629] Local training complete.
2025-03-27 17:06:08 - [Cluster 2 - CLIENT] - INFO - Sent reply
2025-03-27 17:06:08 - [Cluster 2 - CLIENT] - INFO - Sent reply
2025-03-27 17:06:08 - [Cluster 2 - CLIENT] - INFO - [Store 512] Local training complete.
2025-03-27 17:06:08 - [Cluster 2 - CLIENT] - INFO - Sent reply
2025-03-27 17:06:08 - [Cluster 2 - CLIENT] - INFO - 
2025-03-27 17:06:08 - [Cluster 2 - CLIENT] - INFO - Received: evaluate message 4f3ce124-5dc4-4270-bd69-15eb8b170c24
2025-03-27 17:06:08 - [Cluster 2 - CLIENT] - INFO - 
2025-03-27 17:06:08 - [Cluster 2 - CLIENT] - INFO - Received: evaluate message a397319b-4e44-4f33-86f4-8a58b1a1ad8a
2025-03-27 17:06:08 - [Cluster 2 - CLIENT] - INFO - 
2025-03-27 17:06:08 - [Cluster 2 - CLIENT] - INFO - Received: evaluate message 5fbd27d1-d3d0-48b7-9099-f4154cd2bb04
2025-03-27 17:06:08 - [Cluster 2 - CLIENT] - INFO - 
2025-03-27 17:06:08 - [Cluster 2 - CLIENT] - INFO - Received: evaluate message 99a0162e-7b5f-4ce3-a5d0-3e93d11a3ab4
2025-03-27 17:06:08 - [Cluster 2 - CLIENT] - INFO - 
2025-03-27 17:06:08 - [Cluster 2 - CLIENT] - INFO - Received: evaluate message 8eb651e7-0914-4be0-a9dc-a36311fa1af5
2025-03-27 17:06:08 - [Cluster 2 - CLIENT] - INFO - 
2025-03-27 17:06:08 - [Cluster 2 - CLIENT] - INFO - Received: evaluate message df3367a5-9eb4-4d0d-91eb-4e04b752057a
2025-03-27 17:06:08 - [Cluster 2 - CLIENT] - INFO - 
2025-03-27 17:06:08 - [Cluster 2 - CLIENT] - INFO - Received: evaluate message c4cd77af-b016-4815-8e2b-88f01da59e10
2025-03-27 17:06:08 - [Cluster 2 - CLIENT] - INFO - 
2025-03-27 17:06:08 - [Cluster 2 - CLIENT] - INFO - Received: evaluate message c08399bf-ebf3-42a6-8e2e-4c6c74be7ea6
2025-03-27 17:06:08 - [Cluster 2 - CLIENT] - INFO - 
2025-03-27 17:06:08 - [Cluster 2 - CLIENT] - INFO - Received: evaluate message d1e695f8-864e-48ed-9343-01ff3bf58fe2
2025-03-27 17:06:08 - [Cluster 2 - CLIENT] - INFO - 
2025-03-27 17:06:08 - [Cluster 2 - CLIENT] - INFO - Received: evaluate message 312aba64-e2cb-4b13-b48f-67b2c3e3baf9
2025-03-27 17:06:08 - [Cluster 2 - CLIENT] - INFO - 
2025-03-27 17:06:08 - [Cluster 2 - CLIENT] - INFO - Received: evaluate message 0340bbaf-b6c4-48ee-a67e-3428ac100c49
2025-03-27 17:06:08 - [Cluster 2 - CLIENT] - INFO - 
2025-03-27 17:06:08 - [Cluster 2 - CLIENT] - INFO - Received: evaluate message a470db1f-6225-4154-9b85-4f53207e0871
2025-03-27 17:06:08 - [Cluster 2 - CLIENT] - INFO - 
2025-03-27 17:06:08 - [Cluster 2 - CLIENT] - INFO - 
2025-03-27 17:06:08 - [Cluster 2 - CLIENT] - INFO - Received: evaluate message 47a39726-eae1-4712-9f04-570dc423e594
2025-03-27 17:06:08 - [Cluster 2 - CLIENT] - INFO - Received: evaluate message 9111d8cf-5ba1-48e6-8062-91f0e3322428
2025-03-27 17:06:08 - [Cluster 2 - CLIENT] - INFO - 
2025-03-27 17:06:08 - [Cluster 2 - CLIENT] - INFO - Received: evaluate message a8b6bfc0-deb3-471f-a0cb-a10096260cd9
2025-03-27 17:06:09 - [Cluster 2 - CLIENT] - INFO - [Store 989] Evaluation - Loss: 6901045.5000, MAE: 2224.3845
2025-03-27 17:06:09 - [Cluster 2 - CLIENT] - INFO - Sent reply
2025-03-27 17:06:09 - [Cluster 2 - CLIENT] - INFO - [Store 555] Evaluation - Loss: 5912036.5000, MAE: 2062.0566
2025-03-27 17:06:09 - [Cluster 2 - CLIENT] - INFO - 
2025-03-27 17:06:09 - [Cluster 2 - CLIENT] - INFO - Received: evaluate message 4def3631-5c13-41ad-8007-1aef9caa9985
2025-03-27 17:06:09 - [Cluster 2 - CLIENT] - INFO - Sent reply
2025-03-27 17:06:09 - [Cluster 2 - CLIENT] - INFO - 
2025-03-27 17:06:09 - [Cluster 2 - CLIENT] - INFO - Received: evaluate message d47865f8-a1d0-44d3-bc9e-8653fc0d782c
2025-03-27 17:06:09 - [Cluster 2 - CLIENT] - INFO - [Store 477] Evaluation - Loss: 9457854.0000, MAE: 2534.8752
2025-03-27 17:06:09 - [Cluster 2 - CLIENT] - INFO - Sent reply
2025-03-27 17:06:09 - [Cluster 2 - CLIENT] - INFO - 
2025-03-27 17:06:09 - [Cluster 2 - CLIENT] - INFO - Received: evaluate message 6b7e4739-0997-46a0-b304-f249dccedea6
2025-03-27 17:06:10 - [Cluster 2 - CLIENT] - INFO - [Store 490] Evaluation - Loss: 14472718.0000, MAE: 3078.6453
2025-03-27 17:06:10 - [Cluster 2 - CLIENT] - INFO - Sent reply
2025-03-27 17:06:10 - [Cluster 2 - CLIENT] - INFO - 
2025-03-27 17:06:10 - [Cluster 2 - CLIENT] - INFO - Received: evaluate message f5c73225-16ad-43ca-a22d-4f2a7e78fa02
2025-03-27 17:06:10 - [Cluster 2 - CLIENT] - INFO - [Store 1104] Evaluation - Loss: 7448572.5000, MAE: 2206.4788
2025-03-27 17:06:10 - [Cluster 2 - CLIENT] - INFO - Sent reply
2025-03-27 17:06:10 - [Cluster 2 - CLIENT] - INFO - 
2025-03-27 17:06:10 - [Cluster 2 - CLIENT] - INFO - Received: evaluate message 773a66ee-e0f8-49c9-9cc1-86915373fff7
2025-03-27 17:06:10 - [Cluster 2 - CLIENT] - INFO - [Store 149] Evaluation - Loss: 8582102.0000, MAE: 2515.1140
2025-03-27 17:06:10 - [Cluster 2 - CLIENT] - INFO - Sent reply
2025-03-27 17:06:10 - [Cluster 2 - CLIENT] - INFO - [Store 512] Evaluation - Loss: 2829859.0000, MAE: 1305.3912
2025-03-27 17:06:10 - [Cluster 2 - CLIENT] - INFO - Sent reply
2025-03-27 17:06:10 - [Cluster 2 - CLIENT] - INFO - 
2025-03-27 17:06:10 - [Cluster 2 - CLIENT] - INFO - Received: evaluate message 62d5ebaf-f039-41a9-b509-efda99949211
2025-03-27 17:06:10 - [Cluster 2 - CLIENT] - INFO - 
2025-03-27 17:06:10 - [Cluster 2 - CLIENT] - INFO - Received: evaluate message e9debec4-e12d-4cb1-b11c-19b894bd7568
2025-03-27 17:06:10 - [Cluster 2 - CLIENT] - INFO - [Store 629] Evaluation - Loss: 8506905.0000, MAE: 2451.0840
2025-03-27 17:06:10 - [Cluster 2 - CLIENT] - INFO - Sent reply
2025-03-27 17:06:10 - [Cluster 2 - CLIENT] - INFO - 
2025-03-27 17:06:10 - [Cluster 2 - CLIENT] - INFO - Received: evaluate message 35b822e1-a373-4271-ac54-683be514ba12
2025-03-27 17:06:10 - [Cluster 2 - CLIENT] - INFO - [Store 500] Evaluation - Loss: 17559966.0000, MAE: 3942.3140
2025-03-27 17:06:10 - [Cluster 2 - CLIENT] - INFO - Sent reply
2025-03-27 17:06:10 - [Cluster 2 - CLIENT] - INFO - [Store 619] Evaluation - Loss: 6075287.0000, MAE: 2019.0732
2025-03-27 17:06:10 - [Cluster 2 - CLIENT] - INFO - Sent reply
2025-03-27 17:06:10 - [Cluster 2 - CLIENT] - INFO - 
2025-03-27 17:06:10 - [Cluster 2 - CLIENT] - INFO - Received: evaluate message 3f7bdee7-c4a8-4920-bf17-34a94d21a35a
2025-03-27 17:06:10 - [Cluster 2 - CLIENT] - INFO - [Store 492] Evaluation - Loss: 15718800.0000, MAE: 3328.6748
2025-03-27 17:06:10 - [Cluster 2 - CLIENT] - INFO - Sent reply
2025-03-27 17:06:10 - [Cluster 2 - CLIENT] - INFO - [Store 413] Evaluation - Loss: 12170909.0000, MAE: 2950.3655
2025-03-27 17:06:10 - [Cluster 2 - CLIENT] - INFO - Sent reply
2025-03-27 17:06:10 - [Cluster 2 - CLIENT] - INFO - [Store 412] Evaluation - Loss: 20539278.0000, MAE: 3842.5134
2025-03-27 17:06:10 - [Cluster 2 - CLIENT] - INFO - Sent reply
2025-03-27 17:06:10 - [Cluster 2 - CLIENT] - INFO - [Store 20] Evaluation - Loss: 16717879.0000, MAE: 3676.5364
2025-03-27 17:06:10 - [Cluster 2 - CLIENT] - INFO - Sent reply
2025-03-27 17:06:10 - [Cluster 2 - CLIENT] - INFO - [Store 919] Evaluation - Loss: 8576153.0000, MAE: 2427.2085
2025-03-27 17:06:10 - [Cluster 2 - CLIENT] - INFO - Sent reply
2025-03-27 17:06:10 - [Cluster 2 - CLIENT] - INFO - [Store 399] Evaluation - Loss: 9126966.0000, MAE: 2651.7539
2025-03-27 17:06:10 - [Cluster 2 - CLIENT] - INFO - Sent reply
2025-03-27 17:06:10 - [Cluster 2 - CLIENT] - INFO - [Store 181] Evaluation - Loss: 15642843.0000, MAE: 3470.6157
2025-03-27 17:06:10 - [Cluster 2 - CLIENT] - INFO - Sent reply
2025-03-27 17:06:10 - [Cluster 2 - CLIENT] - INFO - [Store 413] Evaluation - Loss: 12170909.0000, MAE: 2950.3655
2025-03-27 17:06:10 - [Cluster 2 - CLIENT] - INFO - Sent reply
2025-03-27 17:06:11 - [Cluster 2 - CLIENT] - INFO - [Store 258] Evaluation - Loss: 22516808.0000, MAE: 3880.2051
2025-03-27 17:06:11 - [Cluster 2 - CLIENT] - INFO - Sent reply
2025-03-27 17:06:11 - [Cluster 2 - CLIENT] - INFO - [Store 989] Evaluation - Loss: 6901045.5000, MAE: 2224.3845
2025-03-27 17:06:11 - [Cluster 2 - CLIENT] - INFO - Sent reply
2025-03-27 17:06:11 - [Cluster 2 - CLIENT] - INFO - [Store 890] Evaluation - Loss: 10637069.0000, MAE: 2766.9390
2025-03-27 17:06:11 - [Cluster 2 - CLIENT] - INFO - Sent reply
2025-03-27 17:06:11 - [Cluster 2 - CLIENT] - INFO - [Store 633] Evaluation - Loss: 22557828.0000, MAE: 4446.8184
2025-03-27 17:06:11 - [Cluster 2 - CLIENT] - INFO - [Store 719] Evaluation - Loss: 11375478.0000, MAE: 2991.9995
2025-03-27 17:06:11 - [Cluster 2 - CLIENT] - INFO - Sent reply
2025-03-27 17:06:11 - [Cluster 2 - CLIENT] - INFO - Sent reply
2025-03-27 17:06:11 - [Cluster 2 - CLIENT] - INFO - [Store 522] Evaluation - Loss: 22013064.0000, MAE: 4103.9863
2025-03-27 17:06:11 - [Cluster 2 - CLIENT] - INFO - Sent reply
2025-03-27 17:06:11 - [Cluster 2 - CLIENT] - INFO - 
2025-03-27 17:06:11 - [Cluster 2 - CLIENT] - INFO - Received: train message 39bccf48-168f-4697-9615-f29a57d5538b
2025-03-27 17:06:11 - [Cluster 2 - CLIENT] - INFO - 
2025-03-27 17:06:11 - [Cluster 2 - CLIENT] - INFO - Received: train message aef38e73-27be-48fd-8afb-eb6f5eec3a40
2025-03-27 17:06:11 - [Cluster 2 - CLIENT] - INFO - 
2025-03-27 17:06:11 - [Cluster 2 - CLIENT] - INFO - Received: train message eafba105-29d9-4d03-874d-d010e220a69a
2025-03-27 17:06:11 - [Cluster 2 - CLIENT] - INFO - 
2025-03-27 17:06:11 - [Cluster 2 - CLIENT] - INFO - Received: train message 94b069db-f84c-4c36-aebf-5c492fe324bc
2025-03-27 17:06:11 - [Cluster 2 - CLIENT] - INFO - 
2025-03-27 17:06:11 - [Cluster 2 - CLIENT] - INFO - Received: train message dbca56ad-550f-4c32-a706-77aa231a6f90
2025-03-27 17:06:11 - [Cluster 2 - CLIENT] - INFO - 
2025-03-27 17:06:11 - [Cluster 2 - CLIENT] - INFO - Received: train message 12db1163-4f3e-4600-a606-7416cce7d873
2025-03-27 17:06:11 - [Cluster 2 - CLIENT] - INFO - 
2025-03-27 17:06:11 - [Cluster 2 - CLIENT] - INFO - Received: train message 4d2f2358-6a3b-48f9-b6d4-5d3a9e379455
2025-03-27 17:06:11 - [Cluster 2 - CLIENT] - INFO - 
2025-03-27 17:06:11 - [Cluster 2 - CLIENT] - INFO - Received: train message 4b361073-d26a-42be-bdc2-52adfd516249
2025-03-27 17:06:11 - [Cluster 2 - CLIENT] - INFO - 
2025-03-27 17:06:11 - [Cluster 2 - CLIENT] - INFO - Received: train message e011314e-d3f3-465c-ba68-72f7914b4142
2025-03-27 17:06:11 - [Cluster 2 - CLIENT] - INFO - [Store 919] Starting local training.
2025-03-27 17:06:11 - [Cluster 2 - CLIENT] - INFO - 
2025-03-27 17:06:11 - [Cluster 2 - CLIENT] - INFO - Received: train message 08ad38d4-f14b-4ac9-95ef-a5eceb94e7ab
2025-03-27 17:06:11 - [Cluster 2 - CLIENT] - INFO - [Store 492] Starting local training.
2025-03-27 17:06:11 - [Cluster 2 - CLIENT] - INFO - [Store 258] Starting local training.
2025-03-27 17:06:11 - [Cluster 2 - CLIENT] - INFO - [Store 20] Starting local training.
2025-03-27 17:06:11 - [Cluster 2 - CLIENT] - INFO - 
2025-03-27 17:06:11 - [Cluster 2 - CLIENT] - INFO - 
2025-03-27 17:06:11 - [Cluster 2 - CLIENT] - INFO - Received: train message 34339c4f-4cd0-4e0d-b090-2de8dcd1003b
2025-03-27 17:06:11 - [Cluster 2 - CLIENT] - INFO - Received: train message 12654126-9343-4889-aaef-4aae81acce2a
2025-03-27 17:06:11 - [Cluster 2 - CLIENT] - INFO - [Store 500] Starting local training.
2025-03-27 17:06:11 - [Cluster 2 - CLIENT] - INFO - 
2025-03-27 17:06:11 - [Cluster 2 - CLIENT] - INFO - Received: train message ec74e0f1-0c3d-47bb-a73a-c4679c42e1c8
2025-03-27 17:06:11 - [Cluster 2 - CLIENT] - INFO - 
2025-03-27 17:06:11 - [Cluster 2 - CLIENT] - INFO - Received: train message a16b2506-3778-4608-b22b-86e0679395b9
2025-03-27 17:06:11 - [Cluster 2 - CLIENT] - INFO - [Store 989] Starting local training.
2025-03-27 17:06:11 - [Cluster 2 - CLIENT] - INFO - [Store 181] Starting local training.
2025-03-27 17:06:11 - [Cluster 2 - CLIENT] - INFO - 
2025-03-27 17:06:11 - [Cluster 2 - CLIENT] - INFO - Received: train message 57106bd9-c229-47d0-b4aa-685e27839b3e
2025-03-27 17:06:11 - [Cluster 2 - CLIENT] - INFO - [Store 633] Starting local training.
2025-03-27 17:06:11 - [Cluster 2 - CLIENT] - INFO - [Store 522] Starting local training.
2025-03-27 17:06:11 - [Cluster 2 - CLIENT] - INFO - [Store 413] Starting local training.
2025-03-27 17:06:11 - [Cluster 2 - CLIENT] - INFO - [Store 555] Starting local training.
2025-03-27 17:06:11 - [Cluster 2 - CLIENT] - INFO - [Store 619] Starting local training.
2025-03-27 17:06:11 - [Cluster 2 - CLIENT] - INFO - [Store 477] Starting local training.
2025-03-27 17:06:11 - [Cluster 2 - CLIENT] - INFO - [Store 1104] Starting local training.
2025-03-27 17:06:11 - [Cluster 2 - CLIENT] - INFO - [Store 149] Starting local training.
2025-03-27 17:08:25 - [Cluster 2 - CLIENT] - INFO - [Store 477] Local training complete.
2025-03-27 17:08:25 - [Cluster 2 - CLIENT] - INFO - Sent reply
2025-03-27 17:08:25 - [Cluster 2 - CLIENT] - INFO - 
2025-03-27 17:08:25 - [Cluster 2 - CLIENT] - INFO - Received: train message dc3f7971-7b3f-4674-ba24-a6ce41c05d4b
2025-03-27 17:08:25 - [Cluster 2 - CLIENT] - INFO - [Store 490] Starting local training.
2025-03-27 17:08:28 - [Cluster 2 - CLIENT] - INFO - [Store 149] Local training complete.
2025-03-27 17:08:29 - [Cluster 2 - CLIENT] - INFO - Sent reply
2025-03-27 17:08:29 - [Cluster 2 - CLIENT] - INFO - 
2025-03-27 17:08:29 - [Cluster 2 - CLIENT] - INFO - Received: train message e339e2d5-6905-46b0-9990-aa12a9fbf864
2025-03-27 17:08:29 - [Cluster 2 - CLIENT] - INFO - [Store 412] Starting local training.
2025-03-27 17:08:29 - [Cluster 2 - CLIENT] - INFO - [Store 500] Local training complete.
2025-03-27 17:08:29 - [Cluster 2 - CLIENT] - INFO - Sent reply
2025-03-27 17:08:29 - [Cluster 2 - CLIENT] - INFO - 
2025-03-27 17:08:29 - [Cluster 2 - CLIENT] - INFO - Received: train message 4b4cf3d5-24eb-484b-aa4b-78462119a25b
2025-03-27 17:08:29 - [Cluster 2 - CLIENT] - INFO - [Store 719] Starting local training.
2025-03-27 17:08:30 - [Cluster 2 - CLIENT] - INFO - [Store 181] Local training complete.
2025-03-27 17:08:30 - [Cluster 2 - CLIENT] - INFO - [Store 919] Local training complete.
2025-03-27 17:08:30 - [Cluster 2 - CLIENT] - INFO - Sent reply
2025-03-27 17:08:30 - [Cluster 2 - CLIENT] - INFO - Sent reply
2025-03-27 17:08:30 - [Cluster 2 - CLIENT] - INFO - 
2025-03-27 17:08:30 - [Cluster 2 - CLIENT] - INFO - Received: train message 30c1c195-8ff0-4e23-b6b6-9d27dd11cae8
2025-03-27 17:08:30 - [Cluster 2 - CLIENT] - INFO - 
2025-03-27 17:08:30 - [Cluster 2 - CLIENT] - INFO - Received: train message a91d89e4-cc19-4342-8687-74c13f3eef5e
2025-03-27 17:08:30 - [Cluster 2 - CLIENT] - INFO - [Store 989] Starting local training.
2025-03-27 17:08:30 - [Cluster 2 - CLIENT] - INFO - [Store 890] Starting local training.
2025-03-27 17:08:30 - [Cluster 2 - CLIENT] - INFO - [Store 619] Local training complete.
2025-03-27 17:08:30 - [Cluster 2 - CLIENT] - INFO - Sent reply
2025-03-27 17:08:30 - [Cluster 2 - CLIENT] - INFO - 
2025-03-27 17:08:30 - [Cluster 2 - CLIENT] - INFO - Received: train message f9def502-ade1-45a1-bdf7-441fb9d7220e
2025-03-27 17:08:30 - [Cluster 2 - CLIENT] - INFO - [Store 512] Starting local training.
2025-03-27 17:08:31 - [Cluster 2 - CLIENT] - INFO - [Store 1104] Local training complete.
2025-03-27 17:08:31 - [Cluster 2 - CLIENT] - INFO - [Store 522] Local training complete.
2025-03-27 17:08:31 - [Cluster 2 - CLIENT] - INFO - Sent reply
2025-03-27 17:08:31 - [Cluster 2 - CLIENT] - INFO - 
2025-03-27 17:08:31 - [Cluster 2 - CLIENT] - INFO - Received: train message ff0cf822-c65a-4686-9747-bc46f99c1dbe
2025-03-27 17:08:31 - [Cluster 2 - CLIENT] - INFO - [Store 399] Starting local training.
2025-03-27 17:08:32 - [Cluster 2 - CLIENT] - INFO - 
2025-03-27 17:08:32 - [Cluster 2 - CLIENT] - INFO - Received: train message a83d738c-e318-4175-aad2-fb81befccfce
2025-03-27 17:08:32 - [Cluster 2 - CLIENT] - INFO - Sent reply
2025-03-27 17:08:32 - [Cluster 2 - CLIENT] - INFO - [Store 629] Starting local training.
2025-03-27 17:08:32 - [Cluster 2 - CLIENT] - INFO - [Store 413] Local training complete.
2025-03-27 17:08:32 - [Cluster 2 - CLIENT] - INFO - Sent reply
2025-03-27 17:08:32 - [Cluster 2 - CLIENT] - INFO - 
2025-03-27 17:08:32 - [Cluster 2 - CLIENT] - INFO - Received: train message 827f5ca5-2c6e-4d5e-bbbb-f2b6ef7504cc
2025-03-27 17:08:32 - [Cluster 2 - CLIENT] - INFO - [Store 413] Starting local training.
2025-03-27 17:08:32 - [Cluster 2 - CLIENT] - INFO - [Store 633] Local training complete.
2025-03-27 17:08:32 - [Cluster 2 - CLIENT] - INFO - Sent reply
2025-03-27 17:08:32 - [Cluster 2 - CLIENT] - INFO - [Store 258] Local training complete.
2025-03-27 17:08:32 - [Cluster 2 - CLIENT] - INFO - [Store 20] Local training complete.
2025-03-27 17:08:32 - [Cluster 2 - CLIENT] - INFO - Sent reply
2025-03-27 17:08:33 - [Cluster 2 - CLIENT] - INFO - Sent reply
2025-03-27 17:08:34 - [Cluster 2 - CLIENT] - INFO - [Store 555] Local training complete.
2025-03-27 17:08:34 - [Cluster 2 - CLIENT] - INFO - Sent reply
2025-03-27 17:08:36 - [Cluster 2 - CLIENT] - INFO - [Store 492] Local training complete.
2025-03-27 17:08:36 - [Cluster 2 - CLIENT] - INFO - Sent reply
2025-03-27 17:08:37 - [Cluster 2 - CLIENT] - INFO - [Store 989] Local training complete.
2025-03-27 17:08:37 - [Cluster 2 - CLIENT] - INFO - Sent reply
2025-03-27 17:09:48 - [Cluster 2 - CLIENT] - INFO - [Store 490] Local training complete.
2025-03-27 17:09:48 - [Cluster 2 - CLIENT] - INFO - Sent reply
2025-03-27 17:09:50 - [Cluster 2 - CLIENT] - INFO - [Store 890] Local training complete.
2025-03-27 17:09:50 - [Cluster 2 - CLIENT] - INFO - Sent reply
2025-03-27 17:09:50 - [Cluster 2 - CLIENT] - INFO - [Store 719] Local training complete.
2025-03-27 17:09:51 - [Cluster 2 - CLIENT] - INFO - Sent reply
2025-03-27 17:09:51 - [Cluster 2 - CLIENT] - INFO - [Store 412] Local training complete.
2025-03-27 17:09:51 - [Cluster 2 - CLIENT] - INFO - Sent reply
2025-03-27 17:09:51 - [Cluster 2 - CLIENT] - INFO - [Store 512] Local training complete.
2025-03-27 17:09:51 - [Cluster 2 - CLIENT] - INFO - Sent reply
2025-03-27 17:09:51 - [Cluster 2 - CLIENT] - INFO - [Store 629] Local training complete.
2025-03-27 17:09:51 - [Cluster 2 - CLIENT] - INFO - Sent reply
2025-03-27 17:09:51 - [Cluster 2 - CLIENT] - INFO - [Store 399] Local training complete.
2025-03-27 17:09:51 - [Cluster 2 - CLIENT] - INFO - Sent reply
2025-03-27 17:09:51 - [Cluster 2 - CLIENT] - INFO - [Store 989] Local training complete.
2025-03-27 17:09:51 - [Cluster 2 - CLIENT] - INFO - Sent reply
2025-03-27 17:09:52 - [Cluster 2 - CLIENT] - INFO - [Store 413] Local training complete.
2025-03-27 17:09:52 - [Cluster 2 - CLIENT] - INFO - Sent reply
2025-03-27 17:09:52 - [Cluster 2 - CLIENT] - INFO - 
2025-03-27 17:09:52 - [Cluster 2 - CLIENT] - INFO - Received: evaluate message 2c62f007-dd4e-44d7-afe0-a06a1542eb82
2025-03-27 17:09:52 - [Cluster 2 - CLIENT] - INFO - 
2025-03-27 17:09:52 - [Cluster 2 - CLIENT] - INFO - Received: evaluate message 20cab1fb-333f-4459-a891-2f470e7496b2
2025-03-27 17:09:52 - [Cluster 2 - CLIENT] - INFO - 
2025-03-27 17:09:52 - [Cluster 2 - CLIENT] - INFO - Received: evaluate message 5b77df3d-79ac-48dc-889c-0957df086b07
2025-03-27 17:09:52 - [Cluster 2 - CLIENT] - INFO - 
2025-03-27 17:09:52 - [Cluster 2 - CLIENT] - INFO - Received: evaluate message 87d5979f-f7e0-4ef0-865e-716a258ffb34
2025-03-27 17:09:52 - [Cluster 2 - CLIENT] - INFO - 
2025-03-27 17:09:52 - [Cluster 2 - CLIENT] - INFO - Received: evaluate message 5f0cbedd-0d38-4064-8b5a-ae800a34fcea
2025-03-27 17:09:52 - [Cluster 2 - CLIENT] - INFO - 
2025-03-27 17:09:52 - [Cluster 2 - CLIENT] - INFO - Received: evaluate message 719be1a7-791d-4396-8fac-99a5d978da3e
2025-03-27 17:09:52 - [Cluster 2 - CLIENT] - INFO - 
2025-03-27 17:09:52 - [Cluster 2 - CLIENT] - INFO - Received: evaluate message 74e20f22-7030-4667-b09b-35e4fe61c8c2
2025-03-27 17:09:52 - [Cluster 2 - CLIENT] - INFO - 
2025-03-27 17:09:52 - [Cluster 2 - CLIENT] - INFO - 
2025-03-27 17:09:52 - [Cluster 2 - CLIENT] - INFO - Received: evaluate message baa3a3ce-3d89-41ad-be30-4dd2e575703c
2025-03-27 17:09:52 - [Cluster 2 - CLIENT] - INFO - Received: evaluate message 840ba68f-fc01-4ffc-8a6e-7195ab270d4f
2025-03-27 17:09:52 - [Cluster 2 - CLIENT] - INFO - 
2025-03-27 17:09:52 - [Cluster 2 - CLIENT] - INFO - Received: evaluate message ed6b4df8-2aa5-4669-b4c2-048f40c7439b
2025-03-27 17:09:52 - [Cluster 2 - CLIENT] - INFO - 
2025-03-27 17:09:52 - [Cluster 2 - CLIENT] - INFO - Received: evaluate message 6d9adced-14c5-4558-b34b-5681342dc25e
2025-03-27 17:09:52 - [Cluster 2 - CLIENT] - INFO - 
2025-03-27 17:09:52 - [Cluster 2 - CLIENT] - INFO - Received: evaluate message b40af58b-04e0-471b-954a-bab13525cdc7
2025-03-27 17:09:52 - [Cluster 2 - CLIENT] - INFO - 
2025-03-27 17:09:52 - [Cluster 2 - CLIENT] - INFO - Received: evaluate message 0f87a7e2-a580-4081-8c18-393e121ae74e
2025-03-27 17:09:52 - [Cluster 2 - CLIENT] - INFO - 
2025-03-27 17:09:52 - [Cluster 2 - CLIENT] - INFO - Received: evaluate message 24d7857d-564e-4040-ad78-4a1ffe0b724d
2025-03-27 17:09:52 - [Cluster 2 - CLIENT] - INFO - 
2025-03-27 17:09:52 - [Cluster 2 - CLIENT] - INFO - Received: evaluate message 0896c1e1-e1cd-492f-9c75-3faeeff5db69
2025-03-27 17:09:52 - [Cluster 2 - CLIENT] - INFO - [Store 512] Evaluation - Loss: 3168618.2500, MAE: 1352.5764
2025-03-27 17:09:52 - [Cluster 2 - CLIENT] - INFO - Sent reply
2025-03-27 17:09:52 - [Cluster 2 - CLIENT] - INFO - 
2025-03-27 17:09:52 - [Cluster 2 - CLIENT] - INFO - Received: evaluate message e91301b6-8936-4a42-8baa-4e4667aac070
2025-03-27 17:09:53 - [Cluster 2 - CLIENT] - INFO - [Store 399] Evaluation - Loss: 8392395.0000, MAE: 2504.9341
2025-03-27 17:09:53 - [Cluster 2 - CLIENT] - INFO - Sent reply
2025-03-27 17:09:53 - [Cluster 2 - CLIENT] - INFO - 
2025-03-27 17:09:53 - [Cluster 2 - CLIENT] - INFO - Received: evaluate message 05bd51b3-55fd-4597-a7d0-a142bd4442f4
2025-03-27 17:09:53 - [Cluster 2 - CLIENT] - INFO - [Store 890] Evaluation - Loss: 10343992.0000, MAE: 2727.5469
2025-03-27 17:09:53 - [Cluster 2 - CLIENT] - INFO - Sent reply
2025-03-27 17:09:53 - [Cluster 2 - CLIENT] - INFO - [Store 989] Evaluation - Loss: 6931537.5000, MAE: 2231.6304
2025-03-27 17:09:53 - [Cluster 2 - CLIENT] - INFO - Sent reply
2025-03-27 17:09:53 - [Cluster 2 - CLIENT] - INFO - 
2025-03-27 17:09:53 - [Cluster 2 - CLIENT] - INFO - Received: evaluate message 7ada964d-2035-4714-9cce-8ffddd89d646
2025-03-27 17:09:53 - [Cluster 2 - CLIENT] - INFO - 
2025-03-27 17:09:53 - [Cluster 2 - CLIENT] - INFO - Received: evaluate message 858b5191-7314-4342-bea1-a981beee7444
2025-03-27 17:09:53 - [Cluster 2 - CLIENT] - INFO - [Store 413] Evaluation - Loss: 11073280.0000, MAE: 2794.6917
2025-03-27 17:09:53 - [Cluster 2 - CLIENT] - INFO - [Store 492] Evaluation - Loss: 14317507.0000, MAE: 3224.5337
2025-03-27 17:09:53 - [Cluster 2 - CLIENT] - INFO - [Store 20] Evaluation - Loss: 14466722.0000, MAE: 3434.9712
2025-03-27 17:09:53 - [Cluster 2 - CLIENT] - INFO - Sent reply
2025-03-27 17:09:53 - [Cluster 2 - CLIENT] - INFO - Sent reply
2025-03-27 17:09:53 - [Cluster 2 - CLIENT] - INFO - Sent reply
2025-03-27 17:09:53 - [Cluster 2 - CLIENT] - INFO - [Store 490] Evaluation - Loss: 14071964.0000, MAE: 3077.5217
2025-03-27 17:09:53 - [Cluster 2 - CLIENT] - INFO - Sent reply
2025-03-27 17:09:53 - [Cluster 2 - CLIENT] - INFO - [Store 629] Evaluation - Loss: 7611084.0000, MAE: 2312.2222
2025-03-27 17:09:53 - [Cluster 2 - CLIENT] - INFO - Sent reply
2025-03-27 17:09:53 - [Cluster 2 - CLIENT] - INFO - 
2025-03-27 17:09:53 - [Cluster 2 - CLIENT] - INFO - Received: evaluate message 5fc564e3-8859-499d-8673-16bebbbc861d
2025-03-27 17:09:53 - [Cluster 2 - CLIENT] - INFO - 
2025-03-27 17:09:53 - [Cluster 2 - CLIENT] - INFO - Received: evaluate message 523000f2-ec8c-4740-998c-aedf1173c410
2025-03-27 17:09:53 - [Cluster 2 - CLIENT] - INFO - 
2025-03-27 17:09:53 - [Cluster 2 - CLIENT] - INFO - Received: evaluate message b56686a4-1f4b-433f-88b6-64b981c36821
2025-03-27 17:09:53 - [Cluster 2 - CLIENT] - INFO - 
2025-03-27 17:09:53 - [Cluster 2 - CLIENT] - INFO - Received: evaluate message 859b0e74-666b-4eb9-a534-579611697d27
2025-03-27 17:09:53 - [Cluster 2 - CLIENT] - INFO - 
2025-03-27 17:09:53 - [Cluster 2 - CLIENT] - INFO - Received: evaluate message ae008590-0ec4-4278-8563-1d1a43fd4464
2025-03-27 17:09:53 - [Cluster 2 - CLIENT] - INFO - [Store 555] Evaluation - Loss: 5171404.0000, MAE: 1908.5962
2025-03-27 17:09:53 - [Cluster 2 - CLIENT] - INFO - Sent reply
2025-03-27 17:09:53 - [Cluster 2 - CLIENT] - INFO - [Store 477] Evaluation - Loss: 8800419.0000, MAE: 2484.6377
2025-03-27 17:09:53 - [Cluster 2 - CLIENT] - INFO - Sent reply
2025-03-27 17:09:53 - [Cluster 2 - CLIENT] - INFO - [Store 619] Evaluation - Loss: 5477048.5000, MAE: 1905.1016
2025-03-27 17:09:53 - [Cluster 2 - CLIENT] - INFO - Sent reply
2025-03-27 17:09:53 - [Cluster 2 - CLIENT] - INFO - [Store 413] Evaluation - Loss: 11073280.0000, MAE: 2794.6917
2025-03-27 17:09:53 - [Cluster 2 - CLIENT] - INFO - Sent reply
2025-03-27 17:09:53 - [Cluster 2 - CLIENT] - INFO - [Store 633] Evaluation - Loss: 17656658.0000, MAE: 3850.1150
2025-03-27 17:09:53 - [Cluster 2 - CLIENT] - INFO - Sent reply
2025-03-27 17:09:53 - [Cluster 2 - CLIENT] - INFO - [Store 181] Evaluation - Loss: 15058526.0000, MAE: 3396.3782
2025-03-27 17:09:53 - [Cluster 2 - CLIENT] - INFO - Sent reply
2025-03-27 17:09:53 - [Cluster 2 - CLIENT] - INFO - [Store 412] Evaluation - Loss: 20235718.0000, MAE: 3837.9771
2025-03-27 17:09:53 - [Cluster 2 - CLIENT] - INFO - Sent reply
2025-03-27 17:09:54 - [Cluster 2 - CLIENT] - INFO - [Store 719] Evaluation - Loss: 9078468.0000, MAE: 2666.4963
2025-03-27 17:09:54 - [Cluster 2 - CLIENT] - INFO - [Store 149] Evaluation - Loss: 8105195.0000, MAE: 2385.8069
2025-03-27 17:09:54 - [Cluster 2 - CLIENT] - INFO - Sent reply
2025-03-27 17:09:54 - [Cluster 2 - CLIENT] - INFO - Sent reply
2025-03-27 17:09:54 - [Cluster 2 - CLIENT] - INFO - [Store 258] Evaluation - Loss: 21289910.0000, MAE: 3796.8228
2025-03-27 17:09:54 - [Cluster 2 - CLIENT] - INFO - Sent reply
2025-03-27 17:09:54 - [Cluster 2 - CLIENT] - INFO - [Store 500] Evaluation - Loss: 12575676.0000, MAE: 3259.2278
2025-03-27 17:09:54 - [Cluster 2 - CLIENT] - INFO - [Store 919] Evaluation - Loss: 7516693.0000, MAE: 2247.8330
2025-03-27 17:09:54 - [Cluster 2 - CLIENT] - INFO - Sent reply
2025-03-27 17:09:54 - [Cluster 2 - CLIENT] - INFO - [Store 989] Evaluation - Loss: 6931537.5000, MAE: 2231.6304
2025-03-27 17:09:54 - [Cluster 2 - CLIENT] - INFO - Sent reply
2025-03-27 17:09:54 - [Cluster 2 - CLIENT] - INFO - Sent reply
2025-03-27 17:09:54 - [Cluster 2 - CLIENT] - INFO - [Store 1104] Evaluation - Loss: 6715667.0000, MAE: 2105.7134
2025-03-27 17:09:54 - [Cluster 2 - CLIENT] - INFO - Sent reply
2025-03-27 17:09:54 - [Cluster 2 - CLIENT] - INFO - [Store 522] Evaluation - Loss: 19446190.0000, MAE: 3825.4712
2025-03-27 17:09:54 - [Cluster 2 - CLIENT] - INFO - Sent reply
2025-03-27 17:09:54 - [Cluster 2 - CLIENT] - INFO - 
2025-03-27 17:09:54 - [Cluster 2 - CLIENT] - INFO - Received: train message 4e0c7bab-9256-4161-ad66-a0ee7d24ca6f
2025-03-27 17:09:54 - [Cluster 2 - CLIENT] - INFO - 
2025-03-27 17:09:54 - [Cluster 2 - CLIENT] - INFO - Received: train message f11473fa-0785-4642-bdcf-8609e12eb319
2025-03-27 17:09:54 - [Cluster 2 - CLIENT] - INFO - 
2025-03-27 17:09:54 - [Cluster 2 - CLIENT] - INFO - Received: train message cb53e34d-00b0-4389-8a4f-a1aa56d800d0
2025-03-27 17:09:54 - [Cluster 2 - CLIENT] - INFO - 
2025-03-27 17:09:54 - [Cluster 2 - CLIENT] - INFO - Received: train message 9378405a-2dde-4126-856c-9a46f8b26747
2025-03-27 17:09:54 - [Cluster 2 - CLIENT] - INFO - 
2025-03-27 17:09:54 - [Cluster 2 - CLIENT] - INFO - Received: train message 5080c8e4-d492-4fe0-82f9-ac4e691442ef
2025-03-27 17:09:54 - [Cluster 2 - CLIENT] - INFO - 
2025-03-27 17:09:54 - [Cluster 2 - CLIENT] - INFO - Received: train message 70cbc8b8-9052-4418-9917-b73f78e55e55
2025-03-27 17:09:54 - [Cluster 2 - CLIENT] - INFO - 
2025-03-27 17:09:54 - [Cluster 2 - CLIENT] - INFO - Received: train message 535fb68b-ed5c-40c4-9380-1bbeb3e4d6e4
2025-03-27 17:09:54 - [Cluster 2 - CLIENT] - INFO - 
2025-03-27 17:09:54 - [Cluster 2 - CLIENT] - INFO - Received: train message c2b41dae-ec6b-4c59-86e2-a34b0ee45ac8
2025-03-27 17:09:54 - [Cluster 2 - CLIENT] - INFO - 
2025-03-27 17:09:54 - [Cluster 2 - CLIENT] - INFO - Received: train message a1a767f4-8303-4889-b0cc-caa5cdbd1478
2025-03-27 17:09:54 - [Cluster 2 - CLIENT] - INFO - 
2025-03-27 17:09:54 - [Cluster 2 - CLIENT] - INFO - Received: train message b9b84a04-75bf-4950-9de9-579a1e69d935
2025-03-27 17:09:54 - [Cluster 2 - CLIENT] - INFO - [Store 1104] Starting local training.
2025-03-27 17:09:54 - [Cluster 2 - CLIENT] - INFO - [Store 181] Starting local training.
2025-03-27 17:09:54 - [Cluster 2 - CLIENT] - INFO - [Store 500] Starting local training.
2025-03-27 17:09:54 - [Cluster 2 - CLIENT] - INFO - 
2025-03-27 17:09:54 - [Cluster 2 - CLIENT] - INFO - Received: train message 3559e230-63cc-4ce4-92ac-3915bdcbccf3
2025-03-27 17:09:54 - [Cluster 2 - CLIENT] - INFO - [Store 412] Starting local training.
2025-03-27 17:09:54 - [Cluster 2 - CLIENT] - INFO - [Store 258] Starting local training.
2025-03-27 17:09:54 - [Cluster 2 - CLIENT] - INFO - [Store 989] Starting local training.
2025-03-27 17:09:54 - [Cluster 2 - CLIENT] - INFO - 
2025-03-27 17:09:54 - [Cluster 2 - CLIENT] - INFO - Received: train message 5f711f0d-8b75-4bb7-9fd9-e8a0d7202af7
2025-03-27 17:09:54 - [Cluster 2 - CLIENT] - INFO - 
2025-03-27 17:09:54 - [Cluster 2 - CLIENT] - INFO - Received: train message 565d215f-8830-4c73-9a53-fc5a9a598e8c
2025-03-27 17:09:54 - [Cluster 2 - CLIENT] - INFO - 
2025-03-27 17:09:54 - [Cluster 2 - CLIENT] - INFO - Received: train message f817db24-300b-4eb6-a771-72ff0f5f0e69
2025-03-27 17:09:54 - [Cluster 2 - CLIENT] - INFO - 
2025-03-27 17:09:54 - [Cluster 2 - CLIENT] - INFO - Received: train message c9e34501-b7e0-4926-8da3-b1eac8de71f5
2025-03-27 17:09:54 - [Cluster 2 - CLIENT] - INFO - [Store 719] Starting local training.
2025-03-27 17:09:54 - [Cluster 2 - CLIENT] - INFO - [Store 522] Starting local training.
2025-03-27 17:09:54 - [Cluster 2 - CLIENT] - INFO - [Store 413] Starting local training.
2025-03-27 17:09:54 - [Cluster 2 - CLIENT] - INFO - [Store 890] Starting local training.
2025-03-27 17:09:54 - [Cluster 2 - CLIENT] - INFO - [Store 629] Starting local training.
2025-03-27 17:09:54 - [Cluster 2 - CLIENT] - INFO - [Store 492] Starting local training.
2025-03-27 17:09:54 - [Cluster 2 - CLIENT] - INFO - [Store 477] Starting local training.
2025-03-27 17:09:54 - [Cluster 2 - CLIENT] - INFO - [Store 555] Starting local training.
2025-03-27 17:09:54 - [Cluster 2 - CLIENT] - INFO - [Store 20] Starting local training.
2025-03-27 17:12:08 - [Cluster 2 - CLIENT] - INFO - [Store 522] Local training complete.
2025-03-27 17:12:08 - [Cluster 2 - CLIENT] - INFO - Sent reply
2025-03-27 17:12:08 - [Cluster 2 - CLIENT] - INFO - 
2025-03-27 17:12:08 - [Cluster 2 - CLIENT] - INFO - Received: train message 8f26fc6d-87d0-4fcf-8dd8-716e351ce2f8
2025-03-27 17:12:08 - [Cluster 2 - CLIENT] - INFO - [Store 490] Starting local training.
2025-03-27 17:12:09 - [Cluster 2 - CLIENT] - INFO - [Store 413] Local training complete.
2025-03-27 17:12:09 - [Cluster 2 - CLIENT] - INFO - Sent reply
2025-03-27 17:12:09 - [Cluster 2 - CLIENT] - INFO - 
2025-03-27 17:12:09 - [Cluster 2 - CLIENT] - INFO - Received: train message 06277a96-adad-4b02-9006-481ee97f09bf
2025-03-27 17:12:09 - [Cluster 2 - CLIENT] - INFO - [Store 619] Starting local training.
2025-03-27 17:12:10 - [Cluster 2 - CLIENT] - INFO - [Store 719] Local training complete.
2025-03-27 17:12:10 - [Cluster 2 - CLIENT] - INFO - Sent reply
2025-03-27 17:12:10 - [Cluster 2 - CLIENT] - INFO - 
2025-03-27 17:12:10 - [Cluster 2 - CLIENT] - INFO - Received: train message ba7162e0-5436-4dca-b185-80e587fc8cf4
2025-03-27 17:12:10 - [Cluster 2 - CLIENT] - INFO - [Store 412] Local training complete.
2025-03-27 17:12:10 - [Cluster 2 - CLIENT] - INFO - [Store 919] Starting local training.
2025-03-27 17:12:10 - [Cluster 2 - CLIENT] - INFO - [Store 500] Local training complete.
2025-03-27 17:12:10 - [Cluster 2 - CLIENT] - INFO - Sent reply
2025-03-27 17:12:10 - [Cluster 2 - CLIENT] - INFO - 
2025-03-27 17:12:10 - [Cluster 2 - CLIENT] - INFO - Received: train message dff16aea-3a56-4658-9633-00f7f5d2c332
2025-03-27 17:12:10 - [Cluster 2 - CLIENT] - INFO - [Store 633] Starting local training.
2025-03-27 17:12:10 - [Cluster 2 - CLIENT] - INFO - Sent reply
2025-03-27 17:12:10 - [Cluster 2 - CLIENT] - INFO - 
2025-03-27 17:12:10 - [Cluster 2 - CLIENT] - INFO - Received: train message 754f2dca-6a5f-4d26-995c-9adb9811505c
2025-03-27 17:12:10 - [Cluster 2 - CLIENT] - INFO - [Store 512] Starting local training.
2025-03-27 17:12:11 - [Cluster 2 - CLIENT] - INFO - [Store 477] Local training complete.
2025-03-27 17:12:11 - [Cluster 2 - CLIENT] - INFO - Sent reply
2025-03-27 17:12:11 - [Cluster 2 - CLIENT] - INFO - 
2025-03-27 17:12:11 - [Cluster 2 - CLIENT] - INFO - Received: train message 9198422e-5b8e-4625-9773-5f0c88391453
2025-03-27 17:12:11 - [Cluster 2 - CLIENT] - INFO - [Store 149] Starting local training.
2025-03-27 17:12:12 - [Cluster 2 - CLIENT] - INFO - [Store 20] Local training complete.
2025-03-27 17:12:12 - [Cluster 2 - CLIENT] - INFO - [Store 181] Local training complete.
2025-03-27 17:12:12 - [Cluster 2 - CLIENT] - INFO - Sent reply
2025-03-27 17:12:12 - [Cluster 2 - CLIENT] - INFO - 
2025-03-27 17:12:12 - [Cluster 2 - CLIENT] - INFO - Received: train message 6591c09e-725b-4467-aadc-3578ceb01cc9
2025-03-27 17:12:12 - [Cluster 2 - CLIENT] - INFO - Sent reply
2025-03-27 17:12:12 - [Cluster 2 - CLIENT] - INFO - [Store 989] Starting local training.
2025-03-27 17:12:12 - [Cluster 2 - CLIENT] - INFO - 
2025-03-27 17:12:12 - [Cluster 2 - CLIENT] - INFO - Received: train message 5e211694-d98c-40b2-b0d0-b2f599084242
2025-03-27 17:12:12 - [Cluster 2 - CLIENT] - INFO - [Store 413] Starting local training.
2025-03-27 17:12:12 - [Cluster 2 - CLIENT] - INFO - [Store 258] Local training complete.
2025-03-27 17:12:12 - [Cluster 2 - CLIENT] - INFO - Sent reply
2025-03-27 17:12:12 - [Cluster 2 - CLIENT] - INFO - 
2025-03-27 17:12:12 - [Cluster 2 - CLIENT] - INFO - Received: train message 6bbbaf58-7d7a-4ae5-86f8-85d2f33f8eec
2025-03-27 17:12:12 - [Cluster 2 - CLIENT] - INFO - [Store 399] Starting local training.
2025-03-27 17:12:13 - [Cluster 2 - CLIENT] - INFO - [Store 492] Local training complete.
2025-03-27 17:12:13 - [Cluster 2 - CLIENT] - INFO - Sent reply
2025-03-27 17:12:14 - [Cluster 2 - CLIENT] - INFO - [Store 890] Local training complete.
2025-03-27 17:12:14 - [Cluster 2 - CLIENT] - INFO - Sent reply
2025-03-27 17:12:15 - [Cluster 2 - CLIENT] - INFO - [Store 555] Local training complete.
2025-03-27 17:12:15 - [Cluster 2 - CLIENT] - INFO - Sent reply
2025-03-27 17:12:18 - [Cluster 2 - CLIENT] - INFO - [Store 1104] Local training complete.
2025-03-27 17:12:18 - [Cluster 2 - CLIENT] - INFO - Sent reply
2025-03-27 17:12:18 - [Cluster 2 - CLIENT] - INFO - [Store 989] Local training complete.
2025-03-27 17:12:18 - [Cluster 2 - CLIENT] - INFO - Sent reply
2025-03-27 17:12:19 - [Cluster 2 - CLIENT] - INFO - [Store 629] Local training complete.
2025-03-27 17:12:19 - [Cluster 2 - CLIENT] - INFO - Sent reply
2025-03-27 17:13:31 - [Cluster 2 - CLIENT] - INFO - [Store 490] Local training complete.
2025-03-27 17:13:31 - [Cluster 2 - CLIENT] - INFO - Sent reply
2025-03-27 17:13:33 - [Cluster 2 - CLIENT] - INFO - [Store 413] Local training complete.
2025-03-27 17:13:33 - [Cluster 2 - CLIENT] - INFO - Sent reply
2025-03-27 17:13:33 - [Cluster 2 - CLIENT] - INFO - [Store 633] Local training complete.
2025-03-27 17:13:33 - [Cluster 2 - CLIENT] - INFO - Sent reply
2025-03-27 17:13:33 - [Cluster 2 - CLIENT] - INFO - [Store 619] Local training complete.
2025-03-27 17:13:33 - [Cluster 2 - CLIENT] - INFO - Sent reply
2025-03-27 17:13:33 - [Cluster 2 - CLIENT] - INFO - [Store 149] Local training complete.
2025-03-27 17:13:33 - [Cluster 2 - CLIENT] - INFO - Sent reply
2025-03-27 17:13:33 - [Cluster 2 - CLIENT] - INFO - [Store 989] Local training complete.
2025-03-27 17:13:33 - [Cluster 2 - CLIENT] - INFO - Sent reply
2025-03-27 17:13:33 - [Cluster 2 - CLIENT] - INFO - [Store 919] Local training complete.
2025-03-27 17:13:33 - [Cluster 2 - CLIENT] - INFO - Sent reply
2025-03-27 17:13:33 - [Cluster 2 - CLIENT] - INFO - [Store 399] Local training complete.
2025-03-27 17:13:33 - [Cluster 2 - CLIENT] - INFO - Sent reply
2025-03-27 17:13:34 - [Cluster 2 - CLIENT] - INFO - [Store 512] Local training complete.
2025-03-27 17:13:34 - [Cluster 2 - CLIENT] - INFO - Sent reply
2025-03-27 17:13:34 - [Cluster 2 - CLIENT] - INFO - 
2025-03-27 17:13:34 - [Cluster 2 - CLIENT] - INFO - Received: evaluate message 5dc17c63-22c2-4e4b-a0ad-6d870243dc2b
2025-03-27 17:13:34 - [Cluster 2 - CLIENT] - INFO - 
2025-03-27 17:13:34 - [Cluster 2 - CLIENT] - INFO - Received: evaluate message d0d66744-6323-4f27-95b6-b126b2e20d88
2025-03-27 17:13:34 - [Cluster 2 - CLIENT] - INFO - 
2025-03-27 17:13:34 - [Cluster 2 - CLIENT] - INFO - Received: evaluate message 0fe83a00-57eb-48f7-87fc-91c6b2a51f22
2025-03-27 17:13:34 - [Cluster 2 - CLIENT] - INFO - 
2025-03-27 17:13:34 - [Cluster 2 - CLIENT] - INFO - Received: evaluate message 902e95ad-f7cf-4c8e-bf51-dd57026351d4
2025-03-27 17:13:34 - [Cluster 2 - CLIENT] - INFO - 
2025-03-27 17:13:34 - [Cluster 2 - CLIENT] - INFO - Received: evaluate message 38b50f12-3b0c-4de3-81df-9e7c60830fdf
2025-03-27 17:13:34 - [Cluster 2 - CLIENT] - INFO - 
2025-03-27 17:13:34 - [Cluster 2 - CLIENT] - INFO - Received: evaluate message 26d9efaa-dfc2-4dca-ae1a-86ce4c17cee7
2025-03-27 17:13:34 - [Cluster 2 - CLIENT] - INFO - 
2025-03-27 17:13:34 - [Cluster 2 - CLIENT] - INFO - 
2025-03-27 17:13:34 - [Cluster 2 - CLIENT] - INFO - Received: evaluate message f5ec0fba-3427-49dc-87c2-9bd62d1112a9
2025-03-27 17:13:34 - [Cluster 2 - CLIENT] - INFO - Received: evaluate message 6e3a221e-5632-4c83-b9b5-01d4ac99a863
2025-03-27 17:13:34 - [Cluster 2 - CLIENT] - INFO - 
2025-03-27 17:13:34 - [Cluster 2 - CLIENT] - INFO - Received: evaluate message aca2c56a-3e1c-484d-b1d1-a95171b79a5c
2025-03-27 17:13:34 - [Cluster 2 - CLIENT] - INFO - 
2025-03-27 17:13:34 - [Cluster 2 - CLIENT] - INFO - Received: evaluate message 0367770b-d659-4c51-b5c5-98944b377974
2025-03-27 17:13:34 - [Cluster 2 - CLIENT] - INFO - 
2025-03-27 17:13:34 - [Cluster 2 - CLIENT] - INFO - 
2025-03-27 17:13:34 - [Cluster 2 - CLIENT] - INFO - Received: evaluate message 9f27c950-0840-41ce-a645-2ef89b6ee0aa
2025-03-27 17:13:34 - [Cluster 2 - CLIENT] - INFO - Received: evaluate message 8c4791d5-2790-4a79-b309-04146feb3dc8
2025-03-27 17:13:34 - [Cluster 2 - CLIENT] - INFO - 
2025-03-27 17:13:34 - [Cluster 2 - CLIENT] - INFO - Received: evaluate message 69663c94-4709-41dd-8fb2-9bffd7c2853c
2025-03-27 17:13:34 - [Cluster 2 - CLIENT] - INFO - 
2025-03-27 17:13:34 - [Cluster 2 - CLIENT] - INFO - Received: evaluate message 3873372e-129c-43a6-a37c-5a0dc89af25b
2025-03-27 17:13:34 - [Cluster 2 - CLIENT] - INFO - 
2025-03-27 17:13:34 - [Cluster 2 - CLIENT] - INFO - Received: evaluate message 7c791755-42a2-4288-8130-1e21afc1b0c8
2025-03-27 17:13:35 - [Cluster 2 - CLIENT] - INFO - [Store 919] Evaluation - Loss: 7759345.5000, MAE: 2295.8645
2025-03-27 17:13:35 - [Cluster 2 - CLIENT] - INFO - Sent reply
2025-03-27 17:13:35 - [Cluster 2 - CLIENT] - INFO - 
2025-03-27 17:13:35 - [Cluster 2 - CLIENT] - INFO - Received: evaluate message 39ce0886-6d32-4b69-94a3-afafacbce72d
2025-03-27 17:13:35 - [Cluster 2 - CLIENT] - INFO - [Store 522] Evaluation - Loss: 19093292.0000, MAE: 3625.3647
2025-03-27 17:13:35 - [Cluster 2 - CLIENT] - INFO - [Store 633] Evaluation - Loss: 15820028.0000, MAE: 3529.2866
2025-03-27 17:13:35 - [Cluster 2 - CLIENT] - INFO - 
2025-03-27 17:13:35 - [Cluster 2 - CLIENT] - INFO - Sent reply
2025-03-27 17:13:35 - [Cluster 2 - CLIENT] - INFO - Received: evaluate message af02b90a-0adf-4152-bf75-6baeeda102e3
2025-03-27 17:13:35 - [Cluster 2 - CLIENT] - INFO - [Store 149] Evaluation - Loss: 8344318.0000, MAE: 2439.9666
2025-03-27 17:13:35 - [Cluster 2 - CLIENT] - INFO - Sent reply
2025-03-27 17:13:35 - [Cluster 2 - CLIENT] - INFO - 
2025-03-27 17:13:35 - [Cluster 2 - CLIENT] - INFO - Received: evaluate message 543cefbe-0a02-482e-a29f-9ccec9d4304d
2025-03-27 17:13:35 - [Cluster 2 - CLIENT] - INFO - Sent reply
2025-03-27 17:13:35 - [Cluster 2 - CLIENT] - INFO - 
2025-03-27 17:13:35 - [Cluster 2 - CLIENT] - INFO - Received: evaluate message 20bf44e0-f04b-44dc-a3b2-75f77216b9d1
2025-03-27 17:13:35 - [Cluster 2 - CLIENT] - INFO - [Store 399] Evaluation - Loss: 8612896.0000, MAE: 2489.9065
2025-03-27 17:13:35 - [Cluster 2 - CLIENT] - INFO - Sent reply
2025-03-27 17:13:35 - [Cluster 2 - CLIENT] - INFO - [Store 512] Evaluation - Loss: 3665255.2500, MAE: 1484.5011
2025-03-27 17:13:35 - [Cluster 2 - CLIENT] - INFO - Sent reply
2025-03-27 17:13:35 - [Cluster 2 - CLIENT] - INFO - 
2025-03-27 17:13:35 - [Cluster 2 - CLIENT] - INFO - Received: evaluate message 855d3c6f-da6f-4611-9d76-f3f5da158724
2025-03-27 17:13:35 - [Cluster 2 - CLIENT] - INFO - [Store 477] Evaluation - Loss: 8595569.0000, MAE: 2420.3774
2025-03-27 17:13:35 - [Cluster 2 - CLIENT] - INFO - Sent reply
2025-03-27 17:13:35 - [Cluster 2 - CLIENT] - INFO - 
2025-03-27 17:13:35 - [Cluster 2 - CLIENT] - INFO - Received: evaluate message a22f3a24-b13b-4dca-bbea-a9364a60582f
2025-03-27 17:13:35 - [Cluster 2 - CLIENT] - INFO - [Store 629] Evaluation - Loss: 7995356.0000, MAE: 2282.8359
2025-03-27 17:13:35 - [Cluster 2 - CLIENT] - INFO - Sent reply
2025-03-27 17:13:35 - [Cluster 2 - CLIENT] - INFO - 
2025-03-27 17:13:35 - [Cluster 2 - CLIENT] - INFO - Received: evaluate message 316437cb-6703-48e7-8842-0ff5aa3f60c3
2025-03-27 17:13:35 - [Cluster 2 - CLIENT] - INFO - 
2025-03-27 17:13:35 - [Cluster 2 - CLIENT] - INFO - Received: evaluate message 48956206-2366-44f0-8bbb-0f313032c71b
2025-03-27 17:13:35 - [Cluster 2 - CLIENT] - INFO - [Store 412] Evaluation - Loss: 22644622.0000, MAE: 3911.0063
2025-03-27 17:13:35 - [Cluster 2 - CLIENT] - INFO - Sent reply
2025-03-27 17:13:35 - [Cluster 2 - CLIENT] - INFO - [Store 181] Evaluation - Loss: 15342677.0000, MAE: 3436.3110
2025-03-27 17:13:35 - [Cluster 2 - CLIENT] - INFO - Sent reply
2025-03-27 17:13:35 - [Cluster 2 - CLIENT] - INFO - [Store 20] Evaluation - Loss: 14644941.0000, MAE: 3428.8311
2025-03-27 17:13:35 - [Cluster 2 - CLIENT] - INFO - Sent reply
2025-03-27 17:13:35 - [Cluster 2 - CLIENT] - INFO - [Store 258] Evaluation - Loss: 16470493.0000, MAE: 3069.3379
2025-03-27 17:13:35 - [Cluster 2 - CLIENT] - INFO - Sent reply
2025-03-27 17:13:35 - [Cluster 2 - CLIENT] - INFO - [Store 1104] Evaluation - Loss: 7000727.5000, MAE: 2072.0762
2025-03-27 17:13:35 - [Cluster 2 - CLIENT] - INFO - [Store 500] Evaluation - Loss: 13761488.0000, MAE: 3400.3472
2025-03-27 17:13:35 - [Cluster 2 - CLIENT] - INFO - Sent reply
2025-03-27 17:13:35 - [Cluster 2 - CLIENT] - INFO - Sent reply
2025-03-27 17:13:35 - [Cluster 2 - CLIENT] - INFO - [Store 555] Evaluation - Loss: 4970026.5000, MAE: 1843.6185
2025-03-27 17:13:35 - [Cluster 2 - CLIENT] - INFO - Sent reply
2025-03-27 17:13:35 - [Cluster 2 - CLIENT] - INFO - 
2025-03-27 17:13:35 - [Cluster 2 - CLIENT] - INFO - Received: evaluate message 19c18ba4-8f37-4d92-8210-8fb1f2448db7
2025-03-27 17:13:36 - [Cluster 2 - CLIENT] - INFO - [Store 490] Evaluation - Loss: 13857889.0000, MAE: 3031.9441
2025-03-27 17:13:36 - [Cluster 2 - CLIENT] - INFO - Sent reply
2025-03-27 17:13:36 - [Cluster 2 - CLIENT] - INFO - [Store 413] Evaluation - Loss: 10793094.0000, MAE: 2766.6602
2025-03-27 17:13:36 - [Cluster 2 - CLIENT] - INFO - Sent reply
2025-03-27 17:13:36 - [Cluster 2 - CLIENT] - INFO - [Store 619] Evaluation - Loss: 5302708.5000, MAE: 1876.8501
2025-03-27 17:13:36 - [Cluster 2 - CLIENT] - INFO - Sent reply
2025-03-27 17:13:36 - [Cluster 2 - CLIENT] - INFO - [Store 890] Evaluation - Loss: 9177964.0000, MAE: 2556.1953
2025-03-27 17:13:36 - [Cluster 2 - CLIENT] - INFO - Sent reply
2025-03-27 17:13:36 - [Cluster 2 - CLIENT] - INFO - [Store 413] Evaluation - Loss: 10793094.0000, MAE: 2766.6602
2025-03-27 17:13:36 - [Cluster 2 - CLIENT] - INFO - [Store 492] Evaluation - Loss: 13012561.0000, MAE: 2949.6711
2025-03-27 17:13:36 - [Cluster 2 - CLIENT] - INFO - [Store 989] Evaluation - Loss: 6234068.5000, MAE: 2145.5032
2025-03-27 17:13:36 - [Cluster 2 - CLIENT] - INFO - Sent reply
2025-03-27 17:13:36 - [Cluster 2 - CLIENT] - INFO - Sent reply
2025-03-27 17:13:36 - [Cluster 2 - CLIENT] - INFO - Sent reply
2025-03-27 17:13:36 - [Cluster 2 - CLIENT] - INFO - [Store 719] Evaluation - Loss: 8034435.5000, MAE: 2475.0405
2025-03-27 17:13:36 - [Cluster 2 - CLIENT] - INFO - Sent reply
2025-03-27 17:13:36 - [Cluster 2 - CLIENT] - INFO - [Store 989] Evaluation - Loss: 6234068.5000, MAE: 2145.5032
2025-03-27 17:13:36 - [Cluster 2 - CLIENT] - INFO - Sent reply
2025-03-27 17:13:36 - [Cluster 2 - CLIENT] - INFO - 
2025-03-27 17:13:36 - [Cluster 2 - CLIENT] - INFO - Received: train message 21b10532-f0f6-4354-a419-fe654ee8718d
2025-03-27 17:13:36 - [Cluster 2 - CLIENT] - INFO - 
2025-03-27 17:13:36 - [Cluster 2 - CLIENT] - INFO - Received: train message 560ef0c8-af70-4f1e-9e01-375b52ea7d93
2025-03-27 17:13:36 - [Cluster 2 - CLIENT] - INFO - 
2025-03-27 17:13:36 - [Cluster 2 - CLIENT] - INFO - Received: train message 21d9fd77-82a0-4d70-951a-8d845add1adc
2025-03-27 17:13:36 - [Cluster 2 - CLIENT] - INFO - 
2025-03-27 17:13:36 - [Cluster 2 - CLIENT] - INFO - 
2025-03-27 17:13:36 - [Cluster 2 - CLIENT] - INFO - Received: train message bb933fb6-738e-4b2d-840f-50a4cca43743
2025-03-27 17:13:36 - [Cluster 2 - CLIENT] - INFO - 
2025-03-27 17:13:36 - [Cluster 2 - CLIENT] - INFO - Received: train message 20c12b75-defb-4bbe-afdf-005d65d3db56
2025-03-27 17:13:36 - [Cluster 2 - CLIENT] - INFO - Received: train message 71362b0c-7fb0-469b-9ae1-7fe85a5edbf6
2025-03-27 17:13:36 - [Cluster 2 - CLIENT] - INFO - 
2025-03-27 17:13:36 - [Cluster 2 - CLIENT] - INFO - Received: train message eded31a5-7476-4ec8-b933-a4700e04f6d0
2025-03-27 17:13:36 - [Cluster 2 - CLIENT] - INFO - 
2025-03-27 17:13:36 - [Cluster 2 - CLIENT] - INFO - Received: train message bb5b65e7-b62b-4ec0-a50d-0cecc07c8e9e
2025-03-27 17:13:36 - [Cluster 2 - CLIENT] - INFO - 
2025-03-27 17:13:36 - [Cluster 2 - CLIENT] - INFO - Received: train message d42abcc6-64fe-455d-bc55-fa70661f78d6
2025-03-27 17:13:36 - [Cluster 2 - CLIENT] - INFO - 
2025-03-27 17:13:36 - [Cluster 2 - CLIENT] - INFO - Received: train message bb2c07ce-94f7-4547-9a06-0c1df135b272
2025-03-27 17:13:36 - [Cluster 2 - CLIENT] - INFO - [Store 719] Starting local training.
2025-03-27 17:13:36 - [Cluster 2 - CLIENT] - INFO - [Store 555] Starting local training.
2025-03-27 17:13:36 - [Cluster 2 - CLIENT] - INFO - [Store 890] Starting local training.
2025-03-27 17:13:36 - [Cluster 2 - CLIENT] - INFO - 
2025-03-27 17:13:36 - [Cluster 2 - CLIENT] - INFO - Received: train message 895fa4ff-1d53-4466-8d39-e1e1e67453e9
2025-03-27 17:13:36 - [Cluster 2 - CLIENT] - INFO - 
2025-03-27 17:13:36 - [Cluster 2 - CLIENT] - INFO - Received: train message 32aa57c2-b2c6-464a-92c5-30b8c2901438
2025-03-27 17:13:36 - [Cluster 2 - CLIENT] - INFO - [Store 989] Starting local training.
2025-03-27 17:13:36 - [Cluster 2 - CLIENT] - INFO - 
2025-03-27 17:13:36 - [Cluster 2 - CLIENT] - INFO - Received: train message c00a65b3-b519-4c16-8bbf-55c83558c374
2025-03-27 17:13:36 - [Cluster 2 - CLIENT] - INFO - [Store 492] Starting local training.
2025-03-27 17:13:36 - [Cluster 2 - CLIENT] - INFO - [Store 919] Starting local training.
2025-03-27 17:13:36 - [Cluster 2 - CLIENT] - INFO - 
2025-03-27 17:13:36 - [Cluster 2 - CLIENT] - INFO - Received: train message 16b29bc9-e800-4552-ba86-d85b497306fc
2025-03-27 17:13:36 - [Cluster 2 - CLIENT] - INFO - [Store 989] Starting local training.
2025-03-27 17:13:36 - [Cluster 2 - CLIENT] - INFO - [Store 258] Starting local training.
2025-03-27 17:13:36 - [Cluster 2 - CLIENT] - INFO - [Store 619] Starting local training.
2025-03-27 17:13:36 - [Cluster 2 - CLIENT] - INFO - [Store 629] Starting local training.
2025-03-27 17:13:36 - [Cluster 2 - CLIENT] - INFO - 
2025-03-27 17:13:36 - [Cluster 2 - CLIENT] - INFO - Received: train message 6a0c4bf9-d194-45df-83e7-d0288b1aea53
2025-03-27 17:13:36 - [Cluster 2 - CLIENT] - INFO - [Store 20] Starting local training.
2025-03-27 17:13:36 - [Cluster 2 - CLIENT] - INFO - [Store 399] Starting local training.
2025-03-27 17:13:36 - [Cluster 2 - CLIENT] - INFO - [Store 512] Starting local training.
2025-03-27 17:13:36 - [Cluster 2 - CLIENT] - INFO - [Store 1104] Starting local training.
2025-03-27 17:13:36 - [Cluster 2 - CLIENT] - INFO - [Store 149] Starting local training.
2025-03-27 17:15:51 - [Cluster 2 - CLIENT] - INFO - [Store 619] Local training complete.
2025-03-27 17:15:51 - [Cluster 2 - CLIENT] - INFO - Sent reply
2025-03-27 17:15:51 - [Cluster 2 - CLIENT] - INFO - 
2025-03-27 17:15:51 - [Cluster 2 - CLIENT] - INFO - Received: train message e5703961-624c-4cf6-99d2-21f9affbf457
2025-03-27 17:15:51 - [Cluster 2 - CLIENT] - INFO - [Store 413] Starting local training.
2025-03-27 17:15:51 - [Cluster 2 - CLIENT] - INFO - [Store 629] Local training complete.
2025-03-27 17:15:51 - [Cluster 2 - CLIENT] - INFO - [Store 492] Local training complete.
2025-03-27 17:15:51 - [Cluster 2 - CLIENT] - INFO - Sent reply
2025-03-27 17:15:51 - [Cluster 2 - CLIENT] - INFO - 
2025-03-27 17:15:51 - [Cluster 2 - CLIENT] - INFO - Received: train message d2d3ac6d-3ffd-413b-b5bd-50c8ade9033d
2025-03-27 17:15:51 - [Cluster 2 - CLIENT] - INFO - [Store 412] Starting local training.
2025-03-27 17:15:52 - [Cluster 2 - CLIENT] - INFO - Sent reply
2025-03-27 17:15:52 - [Cluster 2 - CLIENT] - INFO - 
2025-03-27 17:15:52 - [Cluster 2 - CLIENT] - INFO - Received: train message 0a70d2a5-a140-40e9-8839-60a4a780d4c5
2025-03-27 17:15:52 - [Cluster 2 - CLIENT] - INFO - [Store 500] Starting local training.
2025-03-27 17:15:52 - [Cluster 2 - CLIENT] - INFO - [Store 555] Local training complete.
2025-03-27 17:15:52 - [Cluster 2 - CLIENT] - INFO - Sent reply
2025-03-27 17:15:52 - [Cluster 2 - CLIENT] - INFO - 
2025-03-27 17:15:52 - [Cluster 2 - CLIENT] - INFO - Received: train message 4c5c30c9-d6e2-47c3-8728-24a1f9b6a116
2025-03-27 17:15:52 - [Cluster 2 - CLIENT] - INFO - [Store 258] Local training complete.
2025-03-27 17:15:52 - [Cluster 2 - CLIENT] - INFO - Sent reply
2025-03-27 17:15:52 - [Cluster 2 - CLIENT] - INFO - 
2025-03-27 17:15:52 - [Cluster 2 - CLIENT] - INFO - Received: train message 7526f511-7fd3-4571-91b6-934732625230
2025-03-27 17:15:52 - [Cluster 2 - CLIENT] - INFO - [Store 181] Starting local training.
2025-03-27 17:15:52 - [Cluster 2 - CLIENT] - INFO - [Store 522] Starting local training.
2025-03-27 17:15:54 - [Cluster 2 - CLIENT] - INFO - [Store 890] Local training complete.
2025-03-27 17:15:54 - [Cluster 2 - CLIENT] - INFO - Sent reply
2025-03-27 17:15:54 - [Cluster 2 - CLIENT] - INFO - 
2025-03-27 17:15:54 - [Cluster 2 - CLIENT] - INFO - Received: train message fefaf5f1-62ec-426f-b305-06d100f9bdf5
2025-03-27 17:15:54 - [Cluster 2 - CLIENT] - INFO - [Store 633] Starting local training.
2025-03-27 17:15:54 - [Cluster 2 - CLIENT] - INFO - [Store 20] Local training complete.
2025-03-27 17:15:54 - [Cluster 2 - CLIENT] - INFO - Sent reply
2025-03-27 17:15:54 - [Cluster 2 - CLIENT] - INFO - 
2025-03-27 17:15:54 - [Cluster 2 - CLIENT] - INFO - Received: train message de4b6004-a134-49ea-8827-4b201191fa38
2025-03-27 17:15:54 - [Cluster 2 - CLIENT] - INFO - [Store 477] Starting local training.
2025-03-27 17:15:55 - [Cluster 2 - CLIENT] - INFO - [Store 399] Local training complete.
2025-03-27 17:15:55 - [Cluster 2 - CLIENT] - INFO - Sent reply
2025-03-27 17:15:55 - [Cluster 2 - CLIENT] - INFO - 
2025-03-27 17:15:55 - [Cluster 2 - CLIENT] - INFO - Received: train message b5ea7d45-3b89-49bd-9ef7-111c3be3bb9a
2025-03-27 17:15:55 - [Cluster 2 - CLIENT] - INFO - [Store 1104] Local training complete.
2025-03-27 17:15:55 - [Cluster 2 - CLIENT] - INFO - Sent reply
2025-03-27 17:15:55 - [Cluster 2 - CLIENT] - INFO - 
2025-03-27 17:15:55 - [Cluster 2 - CLIENT] - INFO - Received: train message 6881bcb0-3b60-4fd4-8138-630f7683895d
2025-03-27 17:15:55 - [Cluster 2 - CLIENT] - INFO - [Store 490] Starting local training.
2025-03-27 17:15:55 - [Cluster 2 - CLIENT] - INFO - [Store 413] Starting local training.
2025-03-27 17:15:55 - [Cluster 2 - CLIENT] - INFO - [Store 989] Local training complete.
2025-03-27 17:15:55 - [Cluster 2 - CLIENT] - INFO - Sent reply
2025-03-27 17:15:55 - [Cluster 2 - CLIENT] - INFO - [Store 919] Local training complete.
2025-03-27 17:15:56 - [Cluster 2 - CLIENT] - INFO - Sent reply
2025-03-27 17:15:56 - [Cluster 2 - CLIENT] - INFO - [Store 149] Local training complete.
2025-03-27 17:15:56 - [Cluster 2 - CLIENT] - INFO - Sent reply
2025-03-27 17:15:58 - [Cluster 2 - CLIENT] - INFO - [Store 719] Local training complete.
2025-03-27 17:15:58 - [Cluster 2 - CLIENT] - INFO - Sent reply
2025-03-27 17:15:58 - [Cluster 2 - CLIENT] - INFO - [Store 989] Local training complete.
2025-03-27 17:15:59 - [Cluster 2 - CLIENT] - INFO - Sent reply
2025-03-27 17:16:00 - [Cluster 2 - CLIENT] - INFO - [Store 512] Local training complete.
2025-03-27 17:16:00 - [Cluster 2 - CLIENT] - INFO - Sent reply
2025-03-27 17:17:14 - [Cluster 2 - CLIENT] - INFO - [Store 500] Local training complete.
2025-03-27 17:17:14 - [Cluster 2 - CLIENT] - INFO - Sent reply
2025-03-27 17:17:15 - [Cluster 2 - CLIENT] - INFO - [Store 522] Local training complete.
2025-03-27 17:17:15 - [Cluster 2 - CLIENT] - INFO - Sent reply
2025-03-27 17:17:15 - [Cluster 2 - CLIENT] - INFO - [Store 181] Local training complete.
2025-03-27 17:17:15 - [Cluster 2 - CLIENT] - INFO - Sent reply
2025-03-27 17:17:16 - [Cluster 2 - CLIENT] - INFO - [Store 413] Local training complete.
2025-03-27 17:17:16 - [Cluster 2 - CLIENT] - INFO - Sent reply
2025-03-27 17:17:16 - [Cluster 2 - CLIENT] - INFO - [Store 490] Local training complete.
2025-03-27 17:17:16 - [Cluster 2 - CLIENT] - INFO - Sent reply
2025-03-27 17:17:16 - [Cluster 2 - CLIENT] - INFO - [Store 477] Local training complete.
2025-03-27 17:17:16 - [Cluster 2 - CLIENT] - INFO - Sent reply
2025-03-27 17:17:16 - [Cluster 2 - CLIENT] - INFO - [Store 413] Local training complete.
2025-03-27 17:17:16 - [Cluster 2 - CLIENT] - INFO - Sent reply
2025-03-27 17:17:16 - [Cluster 2 - CLIENT] - INFO - [Store 633] Local training complete.
2025-03-27 17:17:16 - [Cluster 2 - CLIENT] - INFO - Sent reply
2025-03-27 17:17:17 - [Cluster 2 - CLIENT] - INFO - [Store 412] Local training complete.
2025-03-27 17:17:17 - [Cluster 2 - CLIENT] - INFO - Sent reply
2025-03-27 17:17:17 - [Cluster 2 - CLIENT] - INFO - 
2025-03-27 17:17:17 - [Cluster 2 - CLIENT] - INFO - Received: evaluate message 7ba34183-e6f7-4a23-a258-13d9d060133f
2025-03-27 17:17:17 - [Cluster 2 - CLIENT] - INFO - 
2025-03-27 17:17:17 - [Cluster 2 - CLIENT] - INFO - Received: evaluate message 03508ae1-7a88-48f3-a1a5-a7aba3a4587e
2025-03-27 17:17:17 - [Cluster 2 - CLIENT] - INFO - 
2025-03-27 17:17:17 - [Cluster 2 - CLIENT] - INFO - Received: evaluate message e2df30cb-596d-400b-86d8-0f908f3d98a0
2025-03-27 17:17:17 - [Cluster 2 - CLIENT] - INFO - 
2025-03-27 17:17:17 - [Cluster 2 - CLIENT] - INFO - Received: evaluate message 31ae2cb3-c12d-4e2d-9d1b-ba7c990b8609
2025-03-27 17:17:17 - [Cluster 2 - CLIENT] - INFO - 
2025-03-27 17:17:17 - [Cluster 2 - CLIENT] - INFO - Received: evaluate message 644c649f-07ab-42db-9526-252bedaab2d7
2025-03-27 17:17:17 - [Cluster 2 - CLIENT] - INFO - 
2025-03-27 17:17:17 - [Cluster 2 - CLIENT] - INFO - Received: evaluate message 2cc41322-69d0-427a-8064-7b5708237a62
2025-03-27 17:17:17 - [Cluster 2 - CLIENT] - INFO - 
2025-03-27 17:17:17 - [Cluster 2 - CLIENT] - INFO - Received: evaluate message d9e64bab-4ecc-445a-bebc-80b35556c520
2025-03-27 17:17:17 - [Cluster 2 - CLIENT] - INFO - 
2025-03-27 17:17:17 - [Cluster 2 - CLIENT] - INFO - Received: evaluate message 7ecffc09-7be6-4ee4-9426-0c2fc71465c9
2025-03-27 17:17:17 - [Cluster 2 - CLIENT] - INFO - 
2025-03-27 17:17:17 - [Cluster 2 - CLIENT] - INFO - Received: evaluate message 5114e33c-ae65-4ea7-b96a-d6bdba8c5ca0
2025-03-27 17:17:17 - [Cluster 2 - CLIENT] - INFO - 
2025-03-27 17:17:17 - [Cluster 2 - CLIENT] - INFO - Received: evaluate message b7ddaf4a-c4ae-4d94-afd6-138b8401874b
2025-03-27 17:17:17 - [Cluster 2 - CLIENT] - INFO - 
2025-03-27 17:17:17 - [Cluster 2 - CLIENT] - INFO - Received: evaluate message f14674a0-4c4c-41e4-a25e-28dc1b9cb6bc
2025-03-27 17:17:17 - [Cluster 2 - CLIENT] - INFO - 
2025-03-27 17:17:17 - [Cluster 2 - CLIENT] - INFO - Received: evaluate message 7ff77a45-351d-4174-92e8-4c9c871ceb40
2025-03-27 17:17:17 - [Cluster 2 - CLIENT] - INFO - 
2025-03-27 17:17:17 - [Cluster 2 - CLIENT] - INFO - Received: evaluate message d44d95fe-33ed-4355-81c6-b579dbed1b4d
2025-03-27 17:17:17 - [Cluster 2 - CLIENT] - INFO - 
2025-03-27 17:17:17 - [Cluster 2 - CLIENT] - INFO - Received: evaluate message 92b7ac02-20a7-40c3-a1fe-45127724b414
2025-03-27 17:17:17 - [Cluster 2 - CLIENT] - INFO - 
2025-03-27 17:17:17 - [Cluster 2 - CLIENT] - INFO - Received: evaluate message 95c19f5c-db26-4fdc-9fe7-e856ba5be98a
2025-03-27 17:17:18 - [Cluster 2 - CLIENT] - INFO - [Store 477] Evaluation - Loss: 8833421.0000, MAE: 2457.8137
2025-03-27 17:17:18 - [Cluster 2 - CLIENT] - INFO - Sent reply
2025-03-27 17:17:18 - [Cluster 2 - CLIENT] - INFO - [Store 413] Evaluation - Loss: 9667226.0000, MAE: 2709.7942
2025-03-27 17:17:18 - [Cluster 2 - CLIENT] - INFO - 
2025-03-27 17:17:18 - [Cluster 2 - CLIENT] - INFO - Received: evaluate message e19c1ff8-e771-48e5-a83a-cc1ad3ee4467
2025-03-27 17:17:18 - [Cluster 2 - CLIENT] - INFO - Sent reply
2025-03-27 17:17:18 - [Cluster 2 - CLIENT] - INFO - [Store 20] Evaluation - Loss: 14601898.0000, MAE: 3357.6914
2025-03-27 17:17:18 - [Cluster 2 - CLIENT] - INFO - Sent reply
2025-03-27 17:17:18 - [Cluster 2 - CLIENT] - INFO - 
2025-03-27 17:17:18 - [Cluster 2 - CLIENT] - INFO - Received: evaluate message 853f9e15-9bee-4236-b600-d60860401350
2025-03-27 17:17:18 - [Cluster 2 - CLIENT] - INFO - [Store 890] Evaluation - Loss: 10289786.0000, MAE: 2697.9099
2025-03-27 17:17:18 - [Cluster 2 - CLIENT] - INFO - Sent reply
2025-03-27 17:17:18 - [Cluster 2 - CLIENT] - INFO - [Store 413] Evaluation - Loss: 9667226.0000, MAE: 2709.7942
2025-03-27 17:17:18 - [Cluster 2 - CLIENT] - INFO - [Store 490] Evaluation - Loss: 15109239.0000, MAE: 3045.7458
2025-03-27 17:17:19 - [Cluster 2 - CLIENT] - INFO - Sent reply
2025-03-27 17:17:19 - [Cluster 2 - CLIENT] - INFO - 
2025-03-27 17:17:19 - [Cluster 2 - CLIENT] - INFO - Received: evaluate message c96bf26e-1023-4da1-baff-c15e47feafb8
2025-03-27 17:17:19 - [Cluster 2 - CLIENT] - INFO - 
2025-03-27 17:17:19 - [Cluster 2 - CLIENT] - INFO - Received: evaluate message e080e03b-5f15-4626-8760-130907ec4ca1
2025-03-27 17:17:19 - [Cluster 2 - CLIENT] - INFO - 
2025-03-27 17:17:19 - [Cluster 2 - CLIENT] - INFO - Received: evaluate message 6433cfb0-cdcb-4586-8c73-91928fb8a199
2025-03-27 17:17:19 - [Cluster 2 - CLIENT] - INFO - [Store 500] Evaluation - Loss: 11997985.0000, MAE: 3154.8264
2025-03-27 17:17:19 - [Cluster 2 - CLIENT] - INFO - [Store 412] Evaluation - Loss: 22583266.0000, MAE: 3766.5825
2025-03-27 17:17:19 - [Cluster 2 - CLIENT] - INFO - Sent reply
2025-03-27 17:17:19 - [Cluster 2 - CLIENT] - INFO - Sent reply
2025-03-27 17:17:19 - [Cluster 2 - CLIENT] - INFO - Sent reply
2025-03-27 17:17:19 - [Cluster 2 - CLIENT] - INFO - 
2025-03-27 17:17:19 - [Cluster 2 - CLIENT] - INFO - Received: evaluate message 483a8a32-6f8b-4eea-b81f-84a35406d7bb
2025-03-27 17:17:19 - [Cluster 2 - CLIENT] - INFO - 
2025-03-27 17:17:19 - [Cluster 2 - CLIENT] - INFO - Received: evaluate message 8392907f-f77e-412c-8905-6f73562e07f6
2025-03-27 17:17:19 - [Cluster 2 - CLIENT] - INFO - 
2025-03-27 17:17:19 - [Cluster 2 - CLIENT] - INFO - Received: evaluate message 066de0d2-f419-4210-8bcb-2e1103bbf9cf
2025-03-27 17:17:19 - [Cluster 2 - CLIENT] - INFO - [Store 719] Evaluation - Loss: 8360774.0000, MAE: 2521.0515
2025-03-27 17:17:19 - [Cluster 2 - CLIENT] - INFO - [Store 492] Evaluation - Loss: 13456246.0000, MAE: 2985.4399
2025-03-27 17:17:19 - [Cluster 2 - CLIENT] - INFO - [Store 181] Evaluation - Loss: 16249799.0000, MAE: 3501.7285
2025-03-27 17:17:19 - [Cluster 2 - CLIENT] - INFO - [Store 522] Evaluation - Loss: 17947276.0000, MAE: 3584.5449
2025-03-27 17:17:19 - [Cluster 2 - CLIENT] - INFO - Sent reply
2025-03-27 17:17:19 - [Cluster 2 - CLIENT] - INFO - Sent reply
2025-03-27 17:17:19 - [Cluster 2 - CLIENT] - INFO - Sent reply
2025-03-27 17:17:19 - [Cluster 2 - CLIENT] - INFO - 
2025-03-27 17:17:19 - [Cluster 2 - CLIENT] - INFO - Received: evaluate message 15db62eb-45a1-426c-b398-a7365188651c
2025-03-27 17:17:19 - [Cluster 2 - CLIENT] - INFO - Sent reply
2025-03-27 17:17:19 - [Cluster 2 - CLIENT] - INFO - [Store 1104] Evaluation - Loss: 7169535.5000, MAE: 2153.1619
2025-03-27 17:17:19 - [Cluster 2 - CLIENT] - INFO - Sent reply
2025-03-27 17:17:19 - [Cluster 2 - CLIENT] - INFO - [Store 989] Evaluation - Loss: 6507052.0000, MAE: 2223.9692
2025-03-27 17:17:19 - [Cluster 2 - CLIENT] - INFO - Sent reply
2025-03-27 17:17:19 - [Cluster 2 - CLIENT] - INFO - [Store 919] Evaluation - Loss: 8940555.0000, MAE: 2505.8059
2025-03-27 17:17:19 - [Cluster 2 - CLIENT] - INFO - Sent reply
2025-03-27 17:17:20 - [Cluster 2 - CLIENT] - INFO - [Store 555] Evaluation - Loss: 5167728.5000, MAE: 1838.3660
2025-03-27 17:17:20 - [Cluster 2 - CLIENT] - INFO - Sent reply
2025-03-27 17:17:20 - [Cluster 2 - CLIENT] - INFO - [Store 399] Evaluation - Loss: 8762944.0000, MAE: 2535.1245
2025-03-27 17:17:20 - [Cluster 2 - CLIENT] - INFO - Sent reply
2025-03-27 17:17:20 - [Cluster 2 - CLIENT] - INFO - [Store 619] Evaluation - Loss: 5699750.0000, MAE: 1982.8702
2025-03-27 17:17:20 - [Cluster 2 - CLIENT] - INFO - Sent reply
2025-03-27 17:17:20 - [Cluster 2 - CLIENT] - INFO - [Store 989] Evaluation - Loss: 6507052.0000, MAE: 2223.9692
2025-03-27 17:17:20 - [Cluster 2 - CLIENT] - INFO - [Store 633] Evaluation - Loss: 13779368.0000, MAE: 3294.7292
2025-03-27 17:17:20 - [Cluster 2 - CLIENT] - INFO - Sent reply
2025-03-27 17:17:20 - [Cluster 2 - CLIENT] - INFO - Sent reply
2025-03-27 17:17:20 - [Cluster 2 - CLIENT] - INFO - [Store 629] Evaluation - Loss: 7760782.0000, MAE: 2289.0642
2025-03-27 17:17:20 - [Cluster 2 - CLIENT] - INFO - Sent reply
2025-03-27 17:17:20 - [Cluster 2 - CLIENT] - INFO - [Store 149] Evaluation - Loss: 8201076.0000, MAE: 2417.5776
2025-03-27 17:17:20 - [Cluster 2 - CLIENT] - INFO - [Store 512] Evaluation - Loss: 4208849.5000, MAE: 1558.3104
2025-03-27 17:17:20 - [Cluster 2 - CLIENT] - INFO - Sent reply
2025-03-27 17:17:20 - [Cluster 2 - CLIENT] - INFO - Sent reply
2025-03-27 17:17:20 - [Cluster 2 - CLIENT] - INFO - [Store 258] Evaluation - Loss: 20201902.0000, MAE: 3545.3440
2025-03-27 17:17:20 - [Cluster 2 - CLIENT] - INFO - Sent reply
2025-03-27 17:17:20 - [Cluster 2 - CLIENT] - INFO - 
2025-03-27 17:17:20 - [Cluster 2 - CLIENT] - INFO - Received: train message aca6edc5-1f1e-4a20-ad24-5cc6cd89ec54
2025-03-27 17:17:20 - [Cluster 2 - CLIENT] - INFO - 
2025-03-27 17:17:20 - [Cluster 2 - CLIENT] - INFO - Received: train message 73341dbc-dca0-40a4-920a-324432d778c5
2025-03-27 17:17:20 - [Cluster 2 - CLIENT] - INFO - 
2025-03-27 17:17:20 - [Cluster 2 - CLIENT] - INFO - Received: train message 7efc6208-1a0f-474e-9d49-2e3fec0acd34
2025-03-27 17:17:20 - [Cluster 2 - CLIENT] - INFO - 
2025-03-27 17:17:20 - [Cluster 2 - CLIENT] - INFO - Received: train message 18ad0d53-4e3b-4ef4-89ec-659f198de1be
2025-03-27 17:17:20 - [Cluster 2 - CLIENT] - INFO - 
2025-03-27 17:17:20 - [Cluster 2 - CLIENT] - INFO - Received: train message 7d623125-fc3e-4c4b-b340-236c558733aa
2025-03-27 17:17:20 - [Cluster 2 - CLIENT] - INFO - 
2025-03-27 17:17:20 - [Cluster 2 - CLIENT] - INFO - Received: train message ff08b526-71d4-4c3e-9eb5-1859dce9d8f3
2025-03-27 17:17:20 - [Cluster 2 - CLIENT] - INFO - 
2025-03-27 17:17:20 - [Cluster 2 - CLIENT] - INFO - Received: train message bf313c5f-541f-4e52-86ed-dff6293e4668
2025-03-27 17:17:20 - [Cluster 2 - CLIENT] - INFO - 
2025-03-27 17:17:20 - [Cluster 2 - CLIENT] - INFO - Received: train message d0b84d3d-dd40-416e-b230-66600ef3030d
2025-03-27 17:17:20 - [Cluster 2 - CLIENT] - INFO - 
2025-03-27 17:17:20 - [Cluster 2 - CLIENT] - INFO - Received: train message 031392bb-59a7-4492-a44c-b2a330514fda
2025-03-27 17:17:20 - [Cluster 2 - CLIENT] - INFO - 
2025-03-27 17:17:20 - [Cluster 2 - CLIENT] - INFO - Received: train message 6ad86023-38c0-49e6-817c-1d8a9e058411
2025-03-27 17:17:20 - [Cluster 2 - CLIENT] - INFO - 
2025-03-27 17:17:20 - [Cluster 2 - CLIENT] - INFO - Received: train message ba6d61da-ee05-42a9-99a0-9eb447f49dec
2025-03-27 17:17:20 - [Cluster 2 - CLIENT] - INFO - [Store 258] Starting local training.
2025-03-27 17:17:20 - [Cluster 2 - CLIENT] - INFO - [Store 399] Starting local training.
2025-03-27 17:17:20 - [Cluster 2 - CLIENT] - INFO - 
2025-03-27 17:17:20 - [Cluster 2 - CLIENT] - INFO - Received: train message 2be1b43a-df0b-43a0-b97a-aa9956d93003
2025-03-27 17:17:20 - [Cluster 2 - CLIENT] - INFO - 
2025-03-27 17:17:20 - [Cluster 2 - CLIENT] - INFO - Received: train message d4ee4710-ffbf-4dd9-a96d-c4fff7ee6cb5
2025-03-27 17:17:20 - [Cluster 2 - CLIENT] - INFO - [Store 492] Starting local training.
2025-03-27 17:17:20 - [Cluster 2 - CLIENT] - INFO - [Store 633] Starting local training.
2025-03-27 17:17:20 - [Cluster 2 - CLIENT] - INFO - 
2025-03-27 17:17:20 - [Cluster 2 - CLIENT] - INFO - Received: train message dc8dc762-1e0c-47c9-8988-698bef24cbe9
2025-03-27 17:17:20 - [Cluster 2 - CLIENT] - INFO - [Store 1104] Starting local training.
2025-03-27 17:17:20 - [Cluster 2 - CLIENT] - INFO - 
2025-03-27 17:17:20 - [Cluster 2 - CLIENT] - INFO - Received: train message a38f9e1a-44a8-41cc-b48b-1b2f07879aa8
2025-03-27 17:17:20 - [Cluster 2 - CLIENT] - INFO - [Store 629] Starting local training.
2025-03-27 17:17:20 - [Cluster 2 - CLIENT] - INFO - [Store 149] Starting local training.
2025-03-27 17:17:20 - [Cluster 2 - CLIENT] - INFO - [Store 413] Starting local training.
2025-03-27 17:17:20 - [Cluster 2 - CLIENT] - INFO - [Store 989] Starting local training.
2025-03-27 17:17:20 - [Cluster 2 - CLIENT] - INFO - [Store 512] Starting local training.
2025-03-27 17:17:20 - [Cluster 2 - CLIENT] - INFO - [Store 719] Starting local training.
2025-03-27 17:17:20 - [Cluster 2 - CLIENT] - INFO - [Store 412] Starting local training.
2025-03-27 17:17:20 - [Cluster 2 - CLIENT] - INFO - [Store 477] Starting local training.
2025-03-27 17:17:20 - [Cluster 2 - CLIENT] - INFO - [Store 413] Starting local training.
2025-03-27 17:17:20 - [Cluster 2 - CLIENT] - INFO - [Store 181] Starting local training.
2025-03-27 17:19:36 - [Cluster 2 - CLIENT] - INFO - [Store 399] Local training complete.
2025-03-27 17:19:36 - [Cluster 2 - CLIENT] - INFO - Sent reply
2025-03-27 17:19:36 - [Cluster 2 - CLIENT] - INFO - 
2025-03-27 17:19:36 - [Cluster 2 - CLIENT] - INFO - Received: train message c7dca500-469f-4a6d-9e2c-4cf0efb39b89
2025-03-27 17:19:36 - [Cluster 2 - CLIENT] - INFO - [Store 490] Starting local training.
2025-03-27 17:19:39 - [Cluster 2 - CLIENT] - INFO - [Store 149] Local training complete.
2025-03-27 17:19:39 - [Cluster 2 - CLIENT] - INFO - Sent reply
2025-03-27 17:19:39 - [Cluster 2 - CLIENT] - INFO - 
2025-03-27 17:19:39 - [Cluster 2 - CLIENT] - INFO - Received: train message f7f56c71-d88e-4f42-acf7-e78dba3531dc
2025-03-27 17:19:39 - [Cluster 2 - CLIENT] - INFO - [Store 1104] Local training complete.
2025-03-27 17:19:39 - [Cluster 2 - CLIENT] - INFO - [Store 522] Starting local training.
2025-03-27 17:19:39 - [Cluster 2 - CLIENT] - INFO - Sent reply
2025-03-27 17:19:39 - [Cluster 2 - CLIENT] - INFO - 
2025-03-27 17:19:39 - [Cluster 2 - CLIENT] - INFO - Received: train message 29ad8c31-148d-401a-a90f-09ea53958cf3
2025-03-27 17:19:40 - [Cluster 2 - CLIENT] - INFO - [Store 500] Starting local training.
2025-03-27 17:19:40 - [Cluster 2 - CLIENT] - INFO - [Store 512] Local training complete.
2025-03-27 17:19:40 - [Cluster 2 - CLIENT] - INFO - Sent reply
2025-03-27 17:19:41 - [Cluster 2 - CLIENT] - INFO - 
2025-03-27 17:19:41 - [Cluster 2 - CLIENT] - INFO - Received: train message f7afb876-c4db-4c1d-9b06-05925e55293a
2025-03-27 17:19:41 - [Cluster 2 - CLIENT] - INFO - [Store 555] Starting local training.
2025-03-27 17:19:41 - [Cluster 2 - CLIENT] - INFO - [Store 719] Local training complete.
2025-03-27 17:19:41 - [Cluster 2 - CLIENT] - INFO - Sent reply
2025-03-27 17:19:41 - [Cluster 2 - CLIENT] - INFO - 
2025-03-27 17:19:41 - [Cluster 2 - CLIENT] - INFO - Received: train message ae37761b-4302-4d55-b6d6-4ddb07ed7548
2025-03-27 17:19:41 - [Cluster 2 - CLIENT] - INFO - [Store 619] Starting local training.
2025-03-27 17:19:42 - [Cluster 2 - CLIENT] - INFO - [Store 181] Local training complete.
2025-03-27 17:19:42 - [Cluster 2 - CLIENT] - INFO - Sent reply
2025-03-27 17:19:42 - [Cluster 2 - CLIENT] - INFO - 
2025-03-27 17:19:42 - [Cluster 2 - CLIENT] - INFO - Received: train message c99da9fe-4e25-4dcf-a972-b1ed68f38432
2025-03-27 17:19:42 - [Cluster 2 - CLIENT] - INFO - [Store 890] Starting local training.
2025-03-27 17:19:43 - [Cluster 2 - CLIENT] - INFO - [Store 633] Local training complete.
2025-03-27 17:19:43 - [Cluster 2 - CLIENT] - INFO - Sent reply
2025-03-27 17:19:43 - [Cluster 2 - CLIENT] - INFO - 
2025-03-27 17:19:43 - [Cluster 2 - CLIENT] - INFO - Received: train message 7e561852-c876-4278-bc3a-8d3d2346ae90
2025-03-27 17:19:43 - [Cluster 2 - CLIENT] - INFO - [Store 20] Starting local training.
2025-03-27 17:19:43 - [Cluster 2 - CLIENT] - INFO - [Store 413] Local training complete.
2025-03-27 17:19:43 - [Cluster 2 - CLIENT] - INFO - Sent reply
2025-03-27 17:19:43 - [Cluster 2 - CLIENT] - INFO - [Store 989] Local training complete.
2025-03-27 17:19:43 - [Cluster 2 - CLIENT] - INFO - 
2025-03-27 17:19:43 - [Cluster 2 - CLIENT] - INFO - Received: train message 67bfe0ff-fa71-4995-a545-682fcad65bf1
2025-03-27 17:19:43 - [Cluster 2 - CLIENT] - INFO - Sent reply
2025-03-27 17:19:43 - [Cluster 2 - CLIENT] - INFO - 
2025-03-27 17:19:43 - [Cluster 2 - CLIENT] - INFO - Received: train message a8e98208-8d1d-4d1c-ac99-cf5bcc6b57ff
2025-03-27 17:19:43 - [Cluster 2 - CLIENT] - INFO - [Store 989] Starting local training.
2025-03-27 17:19:43 - [Cluster 2 - CLIENT] - INFO - [Store 919] Starting local training.
2025-03-27 17:19:43 - [Cluster 2 - CLIENT] - INFO - [Store 413] Local training complete.
2025-03-27 17:19:44 - [Cluster 2 - CLIENT] - INFO - Sent reply
2025-03-27 17:19:44 - [Cluster 2 - CLIENT] - INFO - [Store 258] Local training complete.
2025-03-27 17:19:44 - [Cluster 2 - CLIENT] - INFO - [Store 412] Local training complete.
2025-03-27 17:19:44 - [Cluster 2 - CLIENT] - INFO - Sent reply
2025-03-27 17:19:44 - [Cluster 2 - CLIENT] - INFO - Sent reply
2025-03-27 17:19:46 - [Cluster 2 - CLIENT] - INFO - [Store 492] Local training complete.
2025-03-27 17:19:46 - [Cluster 2 - CLIENT] - INFO - Sent reply
2025-03-27 17:19:49 - [Cluster 2 - CLIENT] - INFO - [Store 629] Local training complete.
2025-03-27 17:19:49 - [Cluster 2 - CLIENT] - INFO - Sent reply
2025-03-27 17:19:49 - [Cluster 2 - CLIENT] - INFO - [Store 477] Local training complete.
2025-03-27 17:19:49 - [Cluster 2 - CLIENT] - INFO - Sent reply
2025-03-27 17:21:02 - [Cluster 2 - CLIENT] - INFO - [Store 490] Local training complete.
2025-03-27 17:21:02 - [Cluster 2 - CLIENT] - INFO - Sent reply
2025-03-27 17:21:03 - [Cluster 2 - CLIENT] - INFO - [Store 919] Local training complete.
2025-03-27 17:21:03 - [Cluster 2 - CLIENT] - INFO - Sent reply
2025-03-27 17:21:03 - [Cluster 2 - CLIENT] - INFO - [Store 619] Local training complete.
2025-03-27 17:21:03 - [Cluster 2 - CLIENT] - INFO - [Store 522] Local training complete.
2025-03-27 17:21:03 - [Cluster 2 - CLIENT] - INFO - [Store 500] Local training complete.
2025-03-27 17:21:03 - [Cluster 2 - CLIENT] - INFO - Sent reply
2025-03-27 17:21:03 - [Cluster 2 - CLIENT] - INFO - Sent reply
2025-03-27 17:21:03 - [Cluster 2 - CLIENT] - INFO - Sent reply
2025-03-27 17:21:03 - [Cluster 2 - CLIENT] - INFO - [Store 989] Local training complete.
2025-03-27 17:21:03 - [Cluster 2 - CLIENT] - INFO - Sent reply
2025-03-27 17:21:03 - [Cluster 2 - CLIENT] - INFO - [Store 555] Local training complete.
2025-03-27 17:21:03 - [Cluster 2 - CLIENT] - INFO - Sent reply
2025-03-27 17:21:04 - [Cluster 2 - CLIENT] - INFO - [Store 20] Local training complete.
2025-03-27 17:21:04 - [Cluster 2 - CLIENT] - INFO - Sent reply
2025-03-27 17:21:04 - [Cluster 2 - CLIENT] - INFO - [Store 890] Local training complete.
2025-03-27 17:21:04 - [Cluster 2 - CLIENT] - INFO - Sent reply
2025-03-27 17:21:04 - [Cluster 2 - CLIENT] - INFO - 
2025-03-27 17:21:04 - [Cluster 2 - CLIENT] - INFO - Received: evaluate message 8d01ba76-36ef-42c5-ac69-54b5b0aa5a44
2025-03-27 17:21:04 - [Cluster 2 - CLIENT] - INFO - 
2025-03-27 17:21:04 - [Cluster 2 - CLIENT] - INFO - Received: evaluate message 08f9279d-3349-459f-881f-74ba3226c9bb
2025-03-27 17:21:04 - [Cluster 2 - CLIENT] - INFO - 
2025-03-27 17:21:04 - [Cluster 2 - CLIENT] - INFO - Received: evaluate message 6ee7126e-112e-4d92-9003-3e1c9b36099f
2025-03-27 17:21:04 - [Cluster 2 - CLIENT] - INFO - 
2025-03-27 17:21:04 - [Cluster 2 - CLIENT] - INFO - Received: evaluate message e8d2a2f2-2db0-4908-94ad-9f69ec9f3899
2025-03-27 17:21:04 - [Cluster 2 - CLIENT] - INFO - 
2025-03-27 17:21:04 - [Cluster 2 - CLIENT] - INFO - Received: evaluate message 43e63913-8644-4573-8c53-f008deff3bf5
2025-03-27 17:21:04 - [Cluster 2 - CLIENT] - INFO - 
2025-03-27 17:21:04 - [Cluster 2 - CLIENT] - INFO - Received: evaluate message b689bb1c-ea3e-4e21-9c60-a3caf6b6f1e9
2025-03-27 17:21:04 - [Cluster 2 - CLIENT] - INFO - 
2025-03-27 17:21:04 - [Cluster 2 - CLIENT] - INFO - Received: evaluate message 4695d0bb-d78d-4403-a661-21e20992ab69
2025-03-27 17:21:04 - [Cluster 2 - CLIENT] - INFO - 
2025-03-27 17:21:04 - [Cluster 2 - CLIENT] - INFO - Received: evaluate message e4b2a605-d06b-4fd2-8efb-4639acfcf047
2025-03-27 17:21:04 - [Cluster 2 - CLIENT] - INFO - 
2025-03-27 17:21:04 - [Cluster 2 - CLIENT] - INFO - Received: evaluate message 322151a3-e943-4af2-90af-53fb84c158ad
2025-03-27 17:21:04 - [Cluster 2 - CLIENT] - INFO - 
2025-03-27 17:21:04 - [Cluster 2 - CLIENT] - INFO - Received: evaluate message e8f4fe26-20c3-4bea-ae60-9789305ae570
2025-03-27 17:21:04 - [Cluster 2 - CLIENT] - INFO - 
2025-03-27 17:21:04 - [Cluster 2 - CLIENT] - INFO - Received: evaluate message a72d781c-9417-411c-8d0c-e0e1f8754d27
2025-03-27 17:21:04 - [Cluster 2 - CLIENT] - INFO - 
2025-03-27 17:21:04 - [Cluster 2 - CLIENT] - INFO - Received: evaluate message f709dabf-6c3b-4572-bfba-b9f72cbf1611
2025-03-27 17:21:04 - [Cluster 2 - CLIENT] - INFO - 
2025-03-27 17:21:04 - [Cluster 2 - CLIENT] - INFO - 
2025-03-27 17:21:04 - [Cluster 2 - CLIENT] - INFO - Received: evaluate message 156f2aba-1f2b-42ac-8927-7606410d1c7a
2025-03-27 17:21:04 - [Cluster 2 - CLIENT] - INFO - Received: evaluate message 907427bc-ae24-4df5-9f1a-08d723da5fa2
2025-03-27 17:21:04 - [Cluster 2 - CLIENT] - INFO - 
2025-03-27 17:21:04 - [Cluster 2 - CLIENT] - INFO - Received: evaluate message b9a4ea69-1195-494a-b71d-60137cb935a7
2025-03-27 17:21:05 - [Cluster 2 - CLIENT] - INFO - [Store 500] Evaluation - Loss: 11355237.0000, MAE: 3118.5466
2025-03-27 17:21:05 - [Cluster 2 - CLIENT] - INFO - Sent reply
2025-03-27 17:21:05 - [Cluster 2 - CLIENT] - INFO - 
2025-03-27 17:21:05 - [Cluster 2 - CLIENT] - INFO - Received: evaluate message ae78efbc-b717-4e3a-8603-90a398eb7918
2025-03-27 17:21:05 - [Cluster 2 - CLIENT] - INFO - [Store 477] Evaluation - Loss: 7850815.5000, MAE: 2181.3987
2025-03-27 17:21:05 - [Cluster 2 - CLIENT] - INFO - Sent reply
2025-03-27 17:21:05 - [Cluster 2 - CLIENT] - INFO - 
2025-03-27 17:21:05 - [Cluster 2 - CLIENT] - INFO - Received: evaluate message 8d2ba726-3764-49e5-8f15-720f6ea26562
2025-03-27 17:21:05 - [Cluster 2 - CLIENT] - INFO - [Store 20] Evaluation - Loss: 11808471.0000, MAE: 2922.0017
2025-03-27 17:21:05 - [Cluster 2 - CLIENT] - INFO - Sent reply
2025-03-27 17:21:05 - [Cluster 2 - CLIENT] - INFO - 
2025-03-27 17:21:05 - [Cluster 2 - CLIENT] - INFO - Received: evaluate message c09d689d-2412-4255-b38a-94dbf4d387b3
2025-03-27 17:21:05 - [Cluster 2 - CLIENT] - INFO - [Store 919] Evaluation - Loss: 6765204.5000, MAE: 2081.5774
2025-03-27 17:21:05 - [Cluster 2 - CLIENT] - INFO - Sent reply
2025-03-27 17:21:05 - [Cluster 2 - CLIENT] - INFO - 
2025-03-27 17:21:05 - [Cluster 2 - CLIENT] - INFO - Received: evaluate message 306b34d8-763c-4c1a-af3a-e64e62cb4900
2025-03-27 17:21:05 - [Cluster 2 - CLIENT] - INFO - [Store 522] Evaluation - Loss: 16086476.0000, MAE: 3314.0950
2025-03-27 17:21:05 - [Cluster 2 - CLIENT] - INFO - Sent reply
2025-03-27 17:21:05 - [Cluster 2 - CLIENT] - INFO - 
2025-03-27 17:21:05 - [Cluster 2 - CLIENT] - INFO - Received: evaluate message 8b9d7809-5d29-4225-88a2-de55655d84a1
2025-03-27 17:21:05 - [Cluster 2 - CLIENT] - INFO - [Store 399] Evaluation - Loss: 7833442.5000, MAE: 2308.7290
2025-03-27 17:21:05 - [Cluster 2 - CLIENT] - INFO - Sent reply
2025-03-27 17:21:05 - [Cluster 2 - CLIENT] - INFO - 
2025-03-27 17:21:05 - [Cluster 2 - CLIENT] - INFO - Received: evaluate message cad00743-2365-472b-a25a-169aebe78351
2025-03-27 17:21:05 - [Cluster 2 - CLIENT] - INFO - [Store 413] Evaluation - Loss: 8453259.0000, MAE: 2344.7417
2025-03-27 17:21:05 - [Cluster 2 - CLIENT] - INFO - Sent reply
2025-03-27 17:21:05 - [Cluster 2 - CLIENT] - INFO - 
2025-03-27 17:21:05 - [Cluster 2 - CLIENT] - INFO - Received: evaluate message dc236ca8-22a1-4b50-ac5f-6798c456d10e
2025-03-27 17:21:05 - [Cluster 2 - CLIENT] - INFO - [Store 413] Evaluation - Loss: 8453259.0000, MAE: 2344.7417
2025-03-27 17:21:05 - [Cluster 2 - CLIENT] - INFO - Sent reply
2025-03-27 17:21:05 - [Cluster 2 - CLIENT] - INFO - 
2025-03-27 17:21:05 - [Cluster 2 - CLIENT] - INFO - Received: evaluate message fe582534-bd2e-41be-8be3-94bdb073fbc6
2025-03-27 17:21:05 - [Cluster 2 - CLIENT] - INFO - [Store 629] Evaluation - Loss: 6949054.5000, MAE: 2070.5085
2025-03-27 17:21:05 - [Cluster 2 - CLIENT] - INFO - Sent reply
2025-03-27 17:21:05 - [Cluster 2 - CLIENT] - INFO - [Store 1104] Evaluation - Loss: 7029266.5000, MAE: 1962.9285
2025-03-27 17:21:05 - [Cluster 2 - CLIENT] - INFO - Sent reply
2025-03-27 17:21:05 - [Cluster 2 - CLIENT] - INFO - 
2025-03-27 17:21:05 - [Cluster 2 - CLIENT] - INFO - Received: evaluate message bed696e5-8127-45b7-b824-c74c0a6f7d9b
2025-03-27 17:21:05 - [Cluster 2 - CLIENT] - INFO - [Store 181] Evaluation - Loss: 17327736.0000, MAE: 3614.6978
2025-03-27 17:21:05 - [Cluster 2 - CLIENT] - INFO - [Store 149] Evaluation - Loss: 7130987.5000, MAE: 2133.4824
2025-03-27 17:21:05 - [Cluster 2 - CLIENT] - INFO - Sent reply
2025-03-27 17:21:05 - [Cluster 2 - CLIENT] - INFO - Sent reply
2025-03-27 17:21:05 - [Cluster 2 - CLIENT] - INFO - [Store 258] Evaluation - Loss: 16668978.0000, MAE: 3206.4175
2025-03-27 17:21:05 - [Cluster 2 - CLIENT] - INFO - Sent reply
2025-03-27 17:21:05 - [Cluster 2 - CLIENT] - INFO - [Store 492] Evaluation - Loss: 11475084.0000, MAE: 2599.2410
2025-03-27 17:21:05 - [Cluster 2 - CLIENT] - INFO - Sent reply
2025-03-27 17:21:05 - [Cluster 2 - CLIENT] - INFO - [Store 512] Evaluation - Loss: 4172172.0000, MAE: 1607.1569
2025-03-27 17:21:05 - [Cluster 2 - CLIENT] - INFO - Sent reply
2025-03-27 17:21:06 - [Cluster 2 - CLIENT] - INFO - [Store 719] Evaluation - Loss: 7637724.0000, MAE: 2412.2458
2025-03-27 17:21:06 - [Cluster 2 - CLIENT] - INFO - Sent reply
2025-03-27 17:21:06 - [Cluster 2 - CLIENT] - INFO - [Store 633] Evaluation - Loss: 13391222.0000, MAE: 3297.7007
2025-03-27 17:21:06 - [Cluster 2 - CLIENT] - INFO - Sent reply
2025-03-27 17:21:06 - [Cluster 2 - CLIENT] - INFO - [Store 619] Evaluation - Loss: 4667369.5000, MAE: 1743.6232
2025-03-27 17:21:06 - [Cluster 2 - CLIENT] - INFO - Sent reply
2025-03-27 17:21:06 - [Cluster 2 - CLIENT] - INFO - [Store 989] Evaluation - Loss: 5204424.5000, MAE: 1819.6539
2025-03-27 17:21:06 - [Cluster 2 - CLIENT] - INFO - Sent reply
2025-03-27 17:21:06 - [Cluster 2 - CLIENT] - INFO - [Store 412] Evaluation - Loss: 19729062.0000, MAE: 3408.9656
2025-03-27 17:21:06 - [Cluster 2 - CLIENT] - INFO - Sent reply
2025-03-27 17:21:06 - [Cluster 2 - CLIENT] - INFO - [Store 555] Evaluation - Loss: 4876756.5000, MAE: 1747.2843
2025-03-27 17:21:06 - [Cluster 2 - CLIENT] - INFO - [Store 989] Evaluation - Loss: 5204424.5000, MAE: 1819.6539
2025-03-27 17:21:06 - [Cluster 2 - CLIENT] - INFO - Sent reply
2025-03-27 17:21:06 - [Cluster 2 - CLIENT] - INFO - Sent reply
2025-03-27 17:21:06 - [Cluster 2 - CLIENT] - INFO - [Store 890] Evaluation - Loss: 8624039.0000, MAE: 2275.7949
2025-03-27 17:21:06 - [Cluster 2 - CLIENT] - INFO - Sent reply
2025-03-27 17:21:06 - [Cluster 2 - CLIENT] - INFO - [Store 490] Evaluation - Loss: 13988803.0000, MAE: 2674.4634
2025-03-27 17:21:06 - [Cluster 2 - CLIENT] - INFO - Sent reply
2025-03-27 17:21:06 - [Cluster 2 - CLIENT] - INFO - 
2025-03-27 17:21:06 - [Cluster 2 - CLIENT] - INFO - Received: reconnect message c2371360-6ae2-46fb-9eb5-be2bc8d7de59
2025-03-27 17:21:06 - [Cluster 2 - CLIENT] - INFO - 
2025-03-27 17:21:06 - [Cluster 2 - CLIENT] - INFO - Received: reconnect message cf408667-bf46-4621-86a4-c91061e94993
2025-03-27 17:21:06 - [Cluster 2 - CLIENT] - INFO - 
2025-03-27 17:21:06 - [Cluster 2 - CLIENT] - INFO - Received: reconnect message 4fba0520-a28d-4d88-a7a5-ac8e900499bf
2025-03-27 17:21:06 - [Cluster 2 - CLIENT] - INFO - 
2025-03-27 17:21:06 - [Cluster 2 - CLIENT] - INFO - Received: reconnect message 4af38587-548b-4011-a5c6-bc7d404d2efc
2025-03-27 17:21:06 - [Cluster 2 - CLIENT] - INFO - 
2025-03-27 17:21:06 - [Cluster 2 - CLIENT] - INFO - Received: reconnect message a85b7cbd-d837-4bc2-a473-22f4dcfc3fe0
2025-03-27 17:21:06 - [Cluster 2 - CLIENT] - INFO - 
2025-03-27 17:21:06 - [Cluster 2 - CLIENT] - INFO - Received: reconnect message 0cafea4e-6e3d-4ac6-b299-978c74e861e8
2025-03-27 17:21:06 - [Cluster 2 - CLIENT] - INFO - 
2025-03-27 17:21:06 - [Cluster 2 - CLIENT] - INFO - Received: reconnect message 10ce08d5-5d30-4c43-9772-a01d08f72e3e
2025-03-27 17:21:06 - [Cluster 2 - CLIENT] - INFO - 
2025-03-27 17:21:06 - [Cluster 2 - CLIENT] - INFO - 
2025-03-27 17:21:06 - [Cluster 2 - CLIENT] - INFO - Received: reconnect message f1da8f2b-21f3-433d-8e23-62e89ded86d0
2025-03-27 17:21:06 - [Cluster 2 - CLIENT] - INFO - Received: reconnect message 98281445-b323-42f6-b846-a9ab093ee110
2025-03-27 17:21:06 - [Cluster 2 - CLIENT] - INFO - 
2025-03-27 17:21:06 - [Cluster 2 - CLIENT] - INFO - Received: reconnect message f2cd0680-43dc-49a4-a517-2c467ac19d85
2025-03-27 17:21:06 - [Cluster 2 - CLIENT] - INFO - 
2025-03-27 17:21:06 - [Cluster 2 - CLIENT] - INFO - Received: reconnect message 6dff4351-3503-4f44-bb5b-bd86595ac271
2025-03-27 17:21:06 - [Cluster 2 - CLIENT] - INFO - 
2025-03-27 17:21:06 - [Cluster 2 - CLIENT] - INFO - Received: reconnect message 7813c275-2c03-4fb4-bb73-35cff5682667
2025-03-27 17:21:06 - [Cluster 2 - CLIENT] - INFO - 
2025-03-27 17:21:06 - [Cluster 2 - CLIENT] - INFO - 
2025-03-27 17:21:06 - [Cluster 2 - CLIENT] - INFO - Received: reconnect message ec0c3bd5-ddc1-4254-b02e-5acf6acdf76a
2025-03-27 17:21:06 - [Cluster 2 - CLIENT] - INFO - Received: reconnect message ff79ba86-df9c-4d58-ba85-4ed5176bda51
2025-03-27 17:21:06 - [Cluster 2 - CLIENT] - INFO - 
2025-03-27 17:21:06 - [Cluster 2 - CLIENT] - INFO - Received: reconnect message 07f41e67-ce51-48d5-a3c2-ef4497624db7
2025-03-27 17:21:06 - [Cluster 2 - CLIENT] - INFO - 
2025-03-27 17:21:06 - [Cluster 2 - CLIENT] - INFO - Received: reconnect message eae96030-ef5d-41e1-b453-583754dacbaa
2025-03-27 17:21:06 - [Cluster 2 - CLIENT] - INFO - 
2025-03-27 17:21:06 - [Cluster 2 - CLIENT] - INFO - 
2025-03-27 17:21:06 - [Cluster 2 - CLIENT] - INFO - Received: reconnect message 91ad265d-0665-4f73-a018-4bb0cfa55226
2025-03-27 17:21:06 - [Cluster 2 - CLIENT] - INFO - Received: reconnect message da8f2963-d20a-4714-91ca-a7f8db88eac3
2025-03-27 17:21:06 - [Cluster 2 - CLIENT] - INFO - 
2025-03-27 17:21:06 - [Cluster 2 - CLIENT] - INFO - Received: reconnect message 1aa621ff-4533-432b-8ab6-2ee68b646a74
2025-03-27 17:21:06 - [Cluster 2 - CLIENT] - INFO - 
2025-03-27 17:21:06 - [Cluster 2 - CLIENT] - INFO - Received: reconnect message 9b93d98c-b352-4042-9ff9-74aee6d06ab4
2025-03-27 17:21:06 - [Cluster 2 - CLIENT] - INFO - 
2025-03-27 17:21:06 - [Cluster 2 - CLIENT] - INFO - Received: reconnect message 3931f360-6321-466f-8788-2e1d2a5ea05e
2025-03-27 17:21:06 - [Cluster 2 - CLIENT] - INFO - 
2025-03-27 17:21:06 - [Cluster 2 - CLIENT] - INFO - Received: reconnect message 6fe0065b-f489-4c3c-89cc-a43c870cda7b
2025-03-27 17:21:06 - [Cluster 2 - CLIENT] - INFO - 
2025-03-27 17:21:06 - [Cluster 2 - CLIENT] - INFO - Received: reconnect message 0f0ca00e-59f3-44d6-b07f-6e477eea30bb
2025-03-27 17:21:06 - [Cluster 2 - CLIENT] - INFO - 
2025-03-27 17:21:06 - [Cluster 2 - CLIENT] - INFO - Received: reconnect message 414f6d3e-0d3f-4a07-b398-149f6bf2b334
2025-03-27 17:21:06 - [Cluster 2 - CLIENT] - DEBUG - gRPC channel closed
2025-03-27 17:21:06 - [Cluster 2 - CLIENT] - INFO - Disconnect and shut down
2025-03-27 17:21:06 - [Cluster 2 - CLIENT] - DEBUG - gRPC channel closed
2025-03-27 17:21:06 - [Cluster 2 - CLIENT] - DEBUG - gRPC channel closed
2025-03-27 17:21:06 - [Cluster 2 - CLIENT] - DEBUG - gRPC channel closed
2025-03-27 17:21:06 - [Cluster 2 - CLIENT] - DEBUG - gRPC channel closed
2025-03-27 17:21:06 - [Cluster 2 - CLIENT] - INFO - Disconnect and shut down
2025-03-27 17:21:06 - [Cluster 2 - CLIENT] - DEBUG - gRPC channel closed
2025-03-27 17:21:06 - [Cluster 2 - CLIENT] - DEBUG - gRPC channel closed
2025-03-27 17:21:06 - [Cluster 2 - CLIENT] - DEBUG - gRPC channel closed
2025-03-27 17:21:06 - [Cluster 2 - CLIENT] - DEBUG - gRPC channel closed
2025-03-27 17:21:06 - [Cluster 2 - CLIENT] - INFO - Disconnect and shut down
2025-03-27 17:21:06 - [Cluster 2 - CLIENT] - INFO - Disconnect and shut down
2025-03-27 17:21:06 - [Cluster 2 - CLIENT] - DEBUG - gRPC channel closed
2025-03-27 17:21:06 - [Cluster 2 - CLIENT] - INFO - Disconnect and shut down
2025-03-27 17:21:06 - [Cluster 2 - CLIENT] - DEBUG - gRPC channel closed
2025-03-27 17:21:06 - [Cluster 2 - CLIENT] - DEBUG - gRPC channel closed
2025-03-27 17:21:06 - [Cluster 2 - CLIENT] - DEBUG - gRPC channel closed
2025-03-27 17:21:06 - [Cluster 2 - CLIENT] - INFO - Disconnect and shut down
2025-03-27 17:21:06 - [Cluster 2 - CLIENT] - DEBUG - gRPC channel closed
2025-03-27 17:21:06 - [Cluster 2 - CLIENT] - DEBUG - gRPC channel closed
2025-03-27 17:21:06 - [Cluster 2 - CLIENT] - INFO - Disconnect and shut down
2025-03-27 17:21:06 - [Cluster 2 - CLIENT] - DEBUG - gRPC channel closed
2025-03-27 17:21:06 - [Cluster 2 - CLIENT] - DEBUG - gRPC channel closed
2025-03-27 17:21:06 - [Cluster 2 - CLIENT] - DEBUG - gRPC channel closed
2025-03-27 17:21:06 - [Cluster 2 - CLIENT] - DEBUG - gRPC channel closed
2025-03-27 17:21:06 - [Cluster 2 - CLIENT] - INFO - Disconnect and shut down
2025-03-27 17:21:06 - [Cluster 2 - CLIENT] - INFO - Disconnect and shut down
2025-03-27 17:21:06 - [Cluster 2 - CLIENT] - DEBUG - gRPC channel closed
2025-03-27 17:21:06 - [Cluster 2 - CLIENT] - INFO - Disconnect and shut down
2025-03-27 17:21:06 - [Cluster 2 - CLIENT] - DEBUG - gRPC channel closed
2025-03-27 17:21:06 - [Cluster 2 - CLIENT] - DEBUG - gRPC channel closed
2025-03-27 17:21:06 - [Cluster 2 - CLIENT] - INFO - Disconnect and shut down
2025-03-27 17:21:06 - [Cluster 2 - CLIENT] - INFO - Disconnect and shut down
2025-03-27 17:21:06 - [Cluster 2 - CLIENT] - INFO - Disconnect and shut down
2025-03-27 17:21:06 - [Cluster 2 - CLIENT] - INFO - Disconnect and shut down
2025-03-27 17:21:06 - [Cluster 2 - CLIENT] - DEBUG - gRPC channel closed
2025-03-27 17:21:06 - [Cluster 2 - CLIENT] - INFO - Disconnect and shut down
2025-03-27 17:21:06 - [Cluster 2 - CLIENT] - INFO - Disconnect and shut down
2025-03-27 17:21:06 - [Cluster 2 - CLIENT] - INFO - Disconnect and shut down
2025-03-27 17:21:06 - [Cluster 2 - CLIENT] - INFO - Disconnect and shut down
2025-03-27 17:21:06 - [Cluster 2 - CLIENT] - INFO - Disconnect and shut down
2025-03-27 17:21:06 - [Cluster 2 - CLIENT] - INFO - Disconnect and shut down
2025-03-27 17:21:06 - [Cluster 2 - CLIENT] - INFO - Disconnect and shut down
2025-03-27 17:21:06 - [Cluster 2 - CLIENT] - INFO - Disconnect and shut down
2025-03-27 17:21:06 - [Cluster 2 - CLIENT] - DEBUG - gRPC channel closed
2025-03-27 17:21:06 - [Cluster 2 - CLIENT] - INFO - Disconnect and shut down
2025-03-27 17:21:06 - [Cluster 2 - CLIENT] - INFO - Disconnect and shut down
