Store,Cluster,Date,DayOfWeek_sin,DayOfWeek_cos,Month_sin,Month_cos,DayOfYear_sin,DayOfYear_cos,Sales_Lag_1,Sales_Lag_7,Sales_Lag_14,RollingMean_7,RollingMedian_7,RollingStd_7,RollingMean_30,RollingMedian_30,RollingStd_30,CompetitionDistance,Promo,Promo2,StoreType_a,StoreType_b,StoreType_c,StoreType_d,Assortment_a,Assortment_b,Assortment_c,Sales
61,0,2013-01-30,0.43388373911755823,-0.900968867902419,0.49999999999999994,0.8660254037844387,0.4937755501599772,0.869589389346611,2512.0,3682.0,2725.0,2938.8571428571427,2986.0,1458.7770481435728,3065.5666666666666,3600.0,1524.8030892280944,350.0,0,1,1,0,0,0,0,0,1,2986
61,0,2013-01-31,-0.433883739117558,-0.9009688679024191,0.49999999999999994,0.8660254037844387,0.5086709438521044,0.8609610158889943,2986.0,3830.0,2930.0,2854.4285714285716,2986.0,1415.0521612462271,3173.5333333333333,3600.0,1410.6538648572803,350.0,0,1,1,0,0,0,0,0,1,3239
61,0,2013-02-01,-0.9749279121818236,-0.2225209339563146,0.8660254037844386,0.5000000000000001,0.5234156073655503,0.8520775211013093,3239.0,3858.0,2791.0,2706.0,2928.0,1344.9980173467413,3126.4,3387.0,1397.5960049683345,350.0,0,1,1,0,0,0,0,0,1,2819
61,0,2013-02-02,-0.7818314824680299,0.6234898018587334,0.8660254037844386,0.5000000000000001,0.5380051715382996,0.8429415373547828,2819.0,4458.0,4370.0,2632.714285714286,2928.0,1243.7938889121608,3150.5333333333333,3600.0,1405.5143550668029,350.0,0,1,1,0,0,0,0,0,1,3945
61,0,2013-02-03,-2.4492935982947064e-16,1.0,0.8660254037844386,0.5000000000000001,0.5524353131676196,0.8335557718385699,3945.0,0.0,0.0,2632.714285714286,2928.0,1243.7938889121608,3033.266666666667,3469.0,1516.199102868825,350.0,0,1,1,0,0,0,0,0,1,0
61,0,2013-02-04,0.7818314824680298,0.6234898018587336,0.8660254037844386,0.5000000000000001,0.5667017562911176,0.8239230057575542,0.0,2928.0,4760.0,2853.285714285714,2986.0,1428.1313798440383,3051.5666666666666,3469.0,1530.5533523428107,350.0,1,1,1,0,0,0,0,0,1,4472
61,0,2013-02-05,0.9749279121818236,-0.22252093395631434,0.8660254037844386,0.5000000000000001,0.5808002734538009,0.8140460935082178,4472.0,2512.0,3779.0,3059.1428571428573,3239.0,1473.8617561326691,3183.3333333333335,3704.5,1425.3234680260293,350.0,1,1,1,0,0,0,0,0,1,3953
61,0,2013-02-06,0.43388373911755823,-0.900968867902419,0.8660254037844386,0.5000000000000001,0.5947266869607634,0.8039279618328213,3953.0,2986.0,3682.0,3203.285714285714,3945.0,1514.3012375664352,3145.6,3704.5,1386.5500625156199,350.0,1,1,1,0,0,0,0,0,1,3995
61,0,2013-02-07,-0.433883739117558,-0.9009688679024191,0.8660254037844386,0.5000000000000001,0.6084768701151261,0.7935716089521474,3995.0,3239.0,3830.0,3282.285714285714,3945.0,1530.809776369543,3139.266666666667,3704.5,1383.0273623675967,350.0,1,1,1,0,0,0,0,0,1,3792
61,0,2013-02-08,-0.9749279121818236,-0.2225209339563146,0.8660254037844386,0.5000000000000001,0.6220467484408675,0.7829801036770629,3792.0,2819.0,3858.0,3453.714285714286,3953.0,1537.45847795268,3149.0,3730.5,1388.3236480461385,350.0,1,1,1,0,0,0,0,0,1,4019
61,0,2013-02-09,-0.7818314824680299,0.6234898018587334,0.8660254037844386,0.5000000000000001,0.6354323008901774,0.7721565844991642,4019.0,3945.0,4458.0,3440.285714285714,3953.0,1532.855909110585,3139.233333333333,3730.5,1382.0992449851442,350.0,0,1,1,0,0,0,0,0,1,3851
61,0,2013-02-10,-2.4492935982947064e-16,1.0,0.8660254037844386,0.5000000000000001,0.6486295610349814,0.7611042586607747,3851.0,0.0,0.0,3440.285714285714,3953.0,1532.855909110585,3001.733333333333,3469.0,1482.211928942299,350.0,0,1,1,0,0,0,0,0,1,0
61,0,2013-02-11,0.7818314824680298,0.6234898018587336,0.8660254037844386,0.5000000000000001,0.6616346182422783,0.7498264012045686,0.0,4472.0,2928.0,3246.1428571428573,3851.0,1464.9644396789326,2968.3333333333335,3247.5,1467.4768948033252,350.0,0,1,1,0,0,0,0,0,1,3113
61,0,2013-02-12,0.9749279121818236,-0.22252093395631434,0.8660254037844386,0.5000000000000001,0.6744436188329455,0.7383263540031065,3113.0,3953.0,2512.0,2805.1428571428573,3792.0,1667.3727266342726,2997.2,3247.5,1414.639820127249,350.0,0,1,1,0,0,0,0,0,1,866
61,0,2013-02-13,0.43388373911755823,-0.900968867902419,0.8660254037844386,0.5000000000000001,0.6870527672236669,0.7266075247685656,866.0,3995.0,2986.0,2726.0,3441.0,1613.7688806021758,3012.3333333333335,3348.5,1416.9534179025602,350.0,0,1,1,0,0,0,0,0,1,3441
61,0,2013-02-14,-0.433883739117558,-0.9009688679024191,0.8660254037844386,0.5000000000000001,0.6994583270516471,0.7146733860429609,3441.0,3792.0,3239.0,2590.1428571428573,3113.0,1547.7493798600412,2998.5,3340.0,1416.5182363079919,350.0,0,1,1,0,0,0,0,0,1,2841
61,0,2013-02-15,-0.9749279121818236,-0.2225209339563146,0.8660254037844386,0.5000000000000001,0.7116566222817746,0.702527474169157,2841.0,4019.0,2819.0,2429.4285714285716,2894.0,1428.4643102696982,3004.133333333333,3340.0,1415.7288785185053,350.0,0,1,1,0,0,0,0,0,1,2894
61,0,2013-02-16,-0.7818314824680299,0.6234898018587334,0.8660254037844386,0.5000000000000001,0.7236440382959124,0.6901733882429719,2894.0,3851.0,3945.0,2471.714285714286,2894.0,1480.9755472081808,3044.7,3561.5,1430.8863698590033,350.0,0,1,1,0,0,0,0,0,1,4147
61,0,2013-02-17,-2.4492935982947064e-16,1.0,0.8660254037844386,0.5000000000000001,0.7354170229639855,0.6776147890466889,4147.0,0.0,0.0,2471.714285714286,2894.0,1480.9755472081808,2951.6666666666665,3561.5,1534.9021834122457,350.0,0,1,1,0,0,0,0,0,1,0
61,0,2013-02-18,0.7818314824680298,0.6234898018587336,0.8660254037844386,0.5000000000000001,0.7469720876965552,0.6648553979642865,0.0,3113.0,4472.0,2751.285714285714,2894.0,1777.2849813020714,2975.0,3561.5,1562.2833642924156,350.0,1,1,1,0,0,0,0,0,1,5070
61,0,2013-02-19,0.9749279121818236,-0.22252093395631434,0.8660254037844386,0.5000000000000001,0.7583058084785625,0.6518989958787126,5070.0,866.0,3953.0,3160.8571428571427,3441.0,1590.9992068478462,3099.4333333333334,3707.5,1462.6449750327338,350.0,1,1,1,0,0,0,0,0,1,3733
61,0,2013-02-20,0.43388373911755823,-0.900968867902419,0.8660254037844386,0.5000000000000001,0.7694148268839378,0.6387494220515272,3733.0,3441.0,3995.0,3226.8571428571427,3733.0,1613.9741250064933,3070.866666666667,3707.5,1437.2427561932207,350.0,1,1,1,0,0,0,0,0,1,3903
61,0,2013-02-21,-0.433883739117558,-0.9009688679024191,0.8660254037844386,0.5000000000000001,0.7802958510707755,0.6254105729852463,3903.0,2841.0,3792.0,3417.285714285714,3903.0,1639.3000248363844,3084.0333333333333,3707.5,1445.7379092694675,350.0,1,1,1,0,0,0,0,0,1,4174
61,0,2013-02-22,-0.9749279121818236,-0.2225209339563146,0.8660254037844386,0.5000000000000001,0.7909456567567772,0.6118864012687243,4174.0,2894.0,4019.0,3577.8571428571427,4018.0,1634.5424873208838,3095.233333333333,3762.5,1451.8187329461396,350.0,1,1,1,0,0,0,0,0,1,4018
61,0,2013-02-23,-0.7818314824680299,0.6234898018587334,0.8660254037844386,0.5000000000000001,0.8013610881746766,0.5981809144059164,4018.0,4147.0,3851.0,3513.8571428571427,3903.0,1617.2226633513214,3090.866666666667,3716.0,1449.7280537690708,350.0,0,1,1,0,0,0,0,0,1,3699
61,0,2013-02-24,-2.4492935982947064e-16,1.0,0.8660254037844386,0.5000000000000001,0.8115390590073611,0.5842981736283683,3699.0,0.0,0.0,3513.8571428571427,3903.0,1617.2226633513217,2962.266666666667,3570.0,1547.171566915339,350.0,0,1,1,0,0,0,0,0,1,0
61,0,2013-02-25,0.7818314824680298,0.6234898018587336,0.8660254037844386,0.5000000000000001,0.8214765533024142,0.5702422926917871,0.0,5070.0,3113.0,3185.8571428571427,3733.0,1475.6453309847668,2906.133333333333,3340.0,1521.3668249610137,350.0,0,1,1,0,0,0,0,0,1,2774
61,0,2013-02-26,0.9749279121818236,-0.22252093395631434,0.8660254037844386,0.5000000000000001,0.8311706263658079,0.5560174366570446,2774.0,3733.0,866.0,3040.1428571428573,3699.0,1462.918023286726,2996.5666666666666,3340.0,1419.9137585111275,350.0,0,1,1,0,0,0,0,0,1,2713
61,0,2013-02-27,0.43388373911755823,-0.900968867902419,0.8660254037844386,0.5000000000000001,0.8406184056344782,0.5416278206559814,2713.0,3903.0,3441.0,2869.1428571428573,2774.0,1414.4031047962044,2989.1666666666665,3340.0,1420.8615910494384,350.0,0,1,1,0,0,0,0,0,1,2706
61,0,2013-02-28,-0.433883739117558,-0.9009688679024191,0.8660254037844386,0.5000000000000001,0.8498170915275278,0.5270777086423722,2706.0,4174.0,2841.0,2749.5714285714284,2774.0,1317.7868893392001,3016.6666666666665,3389.0,1419.290676002808,350.0,0,1,1,0,0,0,0,0,1,3337
61,0,2013-03-01,-0.9749279121818236,-0.2225209339563146,1.0,6.123233995736766e-17,0.8587639582758029,0.5123714121284237,3337.0,4018.0,2894.0,2619.0,2774.0,1212.2114776996077,3020.6,3389.0,1419.3662646066555,350.0,0,1,1,0,0,0,0,0,1,3104
61,0,2013-03-02,-0.7818314824680299,0.6234898018587334,1.0,6.123233995736766e-17,0.8674563547295968,0.49751328890718066,3104.0,3699.0,4147.0,2775.4285714285716,2774.0,1426.5153179622544,3072.4333333333334,3570.0,1455.5490179578844,350.0,0,1,1,0,0,0,0,0,1,4794
61,0,2013-03-03,-2.4492935982947064e-16,1.0,1.0,6.123233995736766e-17,0.8758917051442429,0.48250774176121847,4794.0,0.0,0.0,2775.4285714285716,2774.0,1426.5153179622544,2978.4666666666667,3570.0,1559.7390527404511,350.0,0,1,1,0,0,0,0,0,1,0
61,0,2013-03-04,0.7818314824680298,0.6234898018587336,1.0,6.123233995736766e-17,0.8840675099433636,0.46735921715800227,0.0,2774.0,5070.0,3255.4285714285716,3104.0,1909.488400692958,3051.4333333333334,3570.0,1654.818162389667,350.0,1,1,1,0,0,0,0,0,1,6134
61,0,2013-03-05,0.9749279121818236,-0.22252093395631434,1.0,6.123233995736766e-17,0.8919813464595485,0.45207220393230435,6134.0,2713.0,3733.0,3475.1428571428573,3337.0,1925.092588991624,3193.133333333333,3716.0,1564.03125758811,350.0,1,1,1,0,0,0,0,0,1,4251
61,0,2013-03-06,0.43388373911755823,-0.900968867902419,1.0,6.123233995736766e-17,0.8996308696522433,0.43665123195606403,4251.0,2706.0,3903.0,3651.8571428571427,3943.0,1899.324566661477,3175.5,3716.0,1552.051939896965,350.0,1,1,1,0,0,0,0,0,1,3943
61,0,2013-03-07,-0.433883739117558,-0.9009688679024191,1.0,6.123233995736766e-17,0.9070138128026359,0.4211008707960896,3943.0,3337.0,4174.0,3713.1428571428573,3943.0,1894.3866578720952,3169.266666666667,3716.0,1549.194561217457,350.0,1,1,1,0,0,0,0,0,1,3766
61,0,2013-03-08,-0.9749279121818236,-0.2225209339563146,1.0,6.123233995736766e-17,0.9141279881853337,0.40542572835999735,3766.0,3104.0,4018.0,3816.285714285714,3943.0,1875.251868797514,3163.633333333333,3716.0,1546.393144537076,350.0,1,1,1,0,0,0,0,0,1,3826
61,0,2013-03-09,-0.7818314824680299,0.6234898018587334,1.0,6.123233995736766e-17,0.9209712877166346,0.38963044953078796,3826.0,4794.0,3699.0,3754.5714285714284,3943.0,1844.5702170734198,3182.633333333333,3716.0,1557.8392304137462,350.0,0,1,1,0,0,0,0,0,1,4362
61,0,2013-03-10,-2.4492935982947064e-16,1.0,1.0,6.123233995736766e-17,0.9275416835791966,0.37371971479046906,4362.0,0.0,0.0,3754.5714285714284,3943.0,1844.5702170734198,3048.6666666666665,3570.0,1653.317069812483,350.0,0,1,1,0,0,0,0,0,1,0
61,0,2013-03-11,0.7818314824680298,0.6234898018587336,1.0,6.123233995736766e-17,0.9338372288229252,0.35769823883312546,0.0,6134.0,2774.0,3333.714285714286,3826.0,1518.4484092087455,3026.5666666666666,3389.0,1646.640104374157,350.0,0,1,1,0,0,0,0,0,1,3188
61,0,2013-03-12,0.9749279121818236,-0.22252093395631434,1.0,6.123233995736766e-17,0.9398560579418954,0.3415707691678556,3188.0,4251.0,2713.0,3145.4285714285716,3766.0,1466.5783144383904,3124.3333333333335,3389.0,1544.65914850412,350.0,0,1,1,0,0,0,0,0,1,2933
61,0,2013-03-13,0.43388373911755823,-0.900968867902419,1.0,6.123233995736766e-17,0.9455963874271426,0.3253420847119801,2933.0,3943.0,2706.0,3011.5714285714284,3188.0,1423.7864841263772,3120.766666666667,3389.0,1544.8097457534095,350.0,0,1,1,0,0,0,0,0,1,3006
61,0,2013-03-14,-0.433883739117558,-0.9009688679024191,1.0,6.123233995736766e-17,0.9510565162951535,0.30901699437494745,3006.0,3766.0,3337.0,2918.4285714285716,3114.0,1387.0597027697177,3195.7,3389.0,1485.0322218726437,350.0,0,1,1,0,0,0,0,0,1,3114
61,0,2013-03-15,-0.9749279121818236,-0.2225209339563146,1.0,6.123233995736766e-17,0.9562348265919056,0.29260033563334836,3114.0,3826.0,3104.0,2822.714285714286,3114.0,1336.1782209328353,3186.2,3262.5,1484.320311188558,350.0,0,1,1,0,0,0,0,0,1,3156
61,0,2013-03-16,-0.7818314824680299,0.6234898018587334,1.0,6.123233995736766e-17,0.9611297838723007,0.27609697309746883,3156.0,4362.0,4794.0,2882.4285714285716,3114.0,1422.9569983128856,3250.8333333333335,3518.0,1510.7512194687906,350.0,0,1,1,0,0,0,0,0,1,4780
61,0,2013-03-17,-2.4492935982947064e-16,1.0,1.0,6.123233995736766e-17,0.9657399376548549,0.2595117970697999,4780.0,0.0,0.0,2882.4285714285716,3114.0,1422.9569983128856,3154.366666666667,3518.0,1622.5790556869715,350.0,0,1,1,0,0,0,0,0,1,0
61,0,2013-03-18,0.7818314824680298,0.6234898018587336,1.0,6.123233995736766e-17,0.970063921851507,0.2428497220959356,0.0,3188.0,6134.0,3083.8571428571427,3114.0,1566.0266524521458,3169.4,3518.0,1634.1411030959314,350.0,1,1,1,0,0,0,0,0,1,4598
61,0,2013-03-19,0.9749279121818236,-0.22252093395631434,1.0,6.123233995736766e-17,0.9741004551724205,0.22611568550828828,4598.0,2933.0,4251.0,3318.285714285714,3156.0,1659.704161819781,3321.866666666667,3716.0,1538.836545135213,350.0,1,1,1,0,0,0,0,0,1,4574
61,0,2013-03-20,0.43388373911755823,-0.900968867902419,1.0,6.123233995736766e-17,0.9778483415056568,0.20931464596304847,4574.0,3006.0,3943.0,3481.0,4145.0,1679.697889502751,3291.0333333333333,3716.0,1511.6282265829452,350.0,1,1,1,0,0,0,0,0,1,4145
61,0,2013-03-21,-0.433883739117558,-0.9009688679024191,1.0,6.123233995736766e-17,0.9813064702716093,0.19245158197082998,4145.0,3114.0,3766.0,3588.8571428571427,4145.0,1676.4413130767423,3295.5666666666666,3732.5,1513.2024885204123,350.0,1,1,1,0,0,0,0,0,1,3869
61,0,2013-03-22,-0.9749279121818236,-0.2225209339563146,1.0,6.123233995736766e-17,0.9844738167520922,0.1755314904214282,3869.0,3156.0,3826.0,3725.5714285714284,4145.0,1674.2788355132527,3302.5666666666666,3732.5,1516.5912704513355,350.0,1,1,1,0,0,0,0,0,1,4113
61,0,2013-03-23,-0.7818314824680299,0.6234898018587334,1.0,6.123233995736766e-17,0.9873494423939864,0.15855938510313478,4113.0,4780.0,4362.0,3662.714285714286,4145.0,1635.914801600387,3308.1,3732.5,1520.17894477523,350.0,0,1,1,0,0,0,0,0,1,4340
61,0,2013-03-24,-2.4492935982947064e-16,1.0,1.0,6.123233995736766e-17,0.989932495087353,0.141540295217043,4340.0,0.0,0.0,3662.714285714286,4145.0,1635.914801600387,3174.1666666666665,3518.0,1628.6105794634368,350.0,0,1,1,0,0,0,0,0,1,0
61,0,2013-03-25,0.7818314824680298,0.6234898018587336,1.0,6.123233995736766e-17,0.9922222094179323,0.12447926388678915,0.0,4598.0,3188.0,3636.285714285714,4145.0,1619.7007660146878,3197.9666666666667,3551.5,1641.7092120048576,350.0,1,1,1,0,0,0,0,0,1,4413
61,0,2013-03-26,0.9749279121818236,-0.22252093395631434,1.0,6.123233995736766e-17,0.994217906893952,0.10738134666416309,4413.0,4574.0,2933.0,3665.0,4145.0,1640.7403816570113,3357.133333333333,3796.0,1549.8730478228908,350.0,1,1,1,0,0,0,0,0,1,4775
61,0,2013-03-27,0.43388373911755823,-0.900968867902419,1.0,6.123233995736766e-17,0.995918996147179,0.09025161003104117,4775.0,4145.0,3006.0,3872.714285714286,4340.0,1796.2977401946944,3451.3,3847.5,1598.28559335653,350.0,1,1,1,0,0,0,0,0,1,5599
61,0,2013-03-28,-0.433883739117558,-0.9009688679024191,1.0,6.123233995736766e-17,0.9973249731081555,0.07309512989807777,5599.0,3869.0,3114.0,4168.714285714285,4413.0,1958.9365069075695,3558.9,3906.0,1654.535820935473,350.0,1,1,1,0,0,0,0,0,1,5941
61,0,2013-03-29,-0.9749279121818236,-0.2225209339563146,1.0,6.123233995736766e-17,0.9984354211555643,0.055916990100603484,5941.0,4113.0,3156.0,3581.1428571428573,4413.0,2516.0480538979787,3468.7,3906.0,1772.2129581304605,350.0,1,1,1,0,0,0,0,0,1,0
61,0,2013-03-30,-0.7818314824680299,0.6234898018587334,1.0,6.123233995736766e-17,0.9992500112396835,0.03872228089217446,0.0,4340.0,4780.0,3860.4285714285716,4775.0,2714.9628516269386,3567.3,4028.0,1845.4080223531914,350.0,0,1,1,0,0,0,0,0,1,6295
61,0,2013-03-31,-2.4492935982947064e-16,1.0,1.0,6.123233995736766e-17,0.9997685019798909,0.021516097436222254,6295.0,0.0,0.0,3860.4285714285716,4775.0,2714.9628516269386,3463.8333333333335,4028.0,1955.9829891957108,350.0,0,1,1,0,0,0,0,0,1,0
61,0,2013-04-01,0.7818314824680298,0.6234898018587336,0.8660254037844387,-0.49999999999999983,0.9999907397361901,0.004303538296244289,0.0,4413.0,4598.0,3230.0,4775.0,3056.18585822263,3304.0333333333333,3906.0,2037.6874228726383,350.0,0,1,1,0,0,0,0,0,1,0
61,0,2013-04-02,0.9749279121818236,-0.22252093395631434,0.8660254037844387,-0.49999999999999983,0.9999166586547379,-0.01291029607500882,0.0,4775.0,4574.0,3142.285714285714,4161.0,3012.9584417028664,3442.733333333333,4028.0,1944.5197604680118,350.0,0,1,1,0,0,0,0,0,1,4161
61,0,2013-04-03,0.43388373911755823,-0.900968867902419,0.8660254037844387,-0.49999999999999983,0.9995462806873573,-0.030120304846908114,4161.0,5599.0,4145.0,2817.0,3322.0,2820.274454729539,3349.0,3906.0,1876.9163815813095,350.0,0,1,1,0,0,0,0,0,1,3322
61,0,2013-04-04,-0.433883739117558,-0.9009688679024191,0.8660254037844387,-0.49999999999999983,0.9988797155850336,-0.04732138832243185,3322.0,5941.0,3869.0,2473.4285714285716,3322.0,2505.160797044297,3325.1666666666665,3847.5,1869.5930053750005,350.0,0,1,1,0,0,0,0,0,1,3536
61,0,2013-04-05,-0.9749279121818236,-0.2225209339563146,0.8660254037844387,-0.49999999999999983,0.9979171608653922,-0.06450844944931623,3536.0,0.0,4113.0,2960.8571428571427,3412.0,2264.0282999240844,3307.4666666666667,3796.0,1866.052309821058,350.0,0,1,1,0,0,0,0,0,1,3412
61,0,2013-04-06,-0.7818314824680299,0.6234898018587334,0.8660254037844387,-0.49999999999999983,0.9966589017541702,-0.08167639533042241,3412.0,6295.0,4340.0,2812.4285714285716,3412.0,2031.0875458846217,3357.133333333333,3847.5,1898.228861121704,350.0,0,1,1,0,0,0,0,0,1,5256
61,0,2013-04-07,-2.4492935982947064e-16,1.0,0.8660254037844387,-0.49999999999999983,0.9951053111006976,-0.09882013873287143,5256.0,0.0,0.0,2812.4285714285716,3412.0,2031.0875458846217,3229.6,3702.5,1991.8582313490847,350.0,0,1,1,0,0,0,0,0,1,0
61,0,2013-04-08,0.7818314824680298,0.6234898018587336,0.8660254037844387,-0.49999999999999983,0.9932568492674143,-0.11593459959550041,0.0,0.0,4413.0,3468.714285714286,3536.0,1683.30851938335,3237.3333333333335,3702.5,1996.8504568761368,350.0,1,1,1,0,0,0,0,0,1,4594
61,0,2013-04-09,0.9749279121818236,-0.22252093395631434,0.8660254037844387,-0.49999999999999983,0.9911140639934547,-0.1330147065341959,4594.0,4161.0,4775.0,3453.714285714286,3536.0,1676.5657074593184,3372.5333333333333,3962.5,1905.3143234816575,350.0,1,1,1,0,0,0,0,0,1,4056
61,0,2013-04-10,0.43388373911755823,-0.900968867902419,0.8660254037844387,-0.49999999999999983,0.9886775902323405,-0.1500553983446526,4056.0,3322.0,5599.0,3641.5714285714284,4056.0,1732.0998679005045,3420.8333333333335,4084.5,1918.7935700246169,350.0,1,1,1,0,0,0,0,0,1,4637
61,0,2013-04-11,-0.433883739117558,-0.9009688679024191,0.8660254037844387,-0.49999999999999983,0.9859481499638304,-0.16705162550211924,4637.0,3536.0,5941.0,3722.0,4099.0,1739.4364029765482,3459.7,4106.0,1920.3798501769163,350.0,1,1,1,0,0,0,0,0,1,4099
61,0,2013-04-12,-0.9749279121818236,-0.2225209339563146,0.8660254037844387,-0.49999999999999983,0.9829265519799822,-0.18399835165768005,4099.0,3412.0,0.0,3854.1428571428573,4337.0,1747.079794835886,3504.0666666666666,4129.0,1924.9063019441662,350.0,1,1,1,0,0,0,0,0,1,4337
61,0,2013-04-13,-0.7818314824680299,0.6234898018587334,0.8660254037844387,-0.49999999999999983,0.9796136916454901,-0.20089055513063506,4337.0,5256.0,6295.0,3708.1428571428573,4234.0,1650.4344305436075,3541.4,4153.0,1927.9388779837855,350.0,0,1,1,0,0,0,0,0,1,4234
61,0,2013-04-14,-2.4492935982947064e-16,1.0,0.8660254037844387,-0.49999999999999983,0.9760105506323683,-0.21772323039653177,4234.0,0.0,0.0,3708.1428571428573,4234.0,1650.4344305436075,3436.2,4153.0,2032.9396992261363,350.0,0,1,1,0,0,0,0,0,1,0
61,0,2013-04-15,0.7818314824680298,0.6234898018587336,0.8660254037844387,-0.49999999999999983,0.9721181966290613,-0.23449138957040985,0.0,4594.0,0.0,3490.0,4099.0,1614.353327703282,3379.1,4129.0,2017.8955297451641,350.0,0,1,1,0,0,0,0,0,1,3067
61,0,2013-04-16,0.9749279121818236,-0.22252093395631434,0.8660254037844387,-0.49999999999999983,0.9679377830240642,-0.25119006388481935,3067.0,4056.0,4161.0,3295.285714285714,4099.0,1616.9043173387117,3468.866666666667,4129.0,1919.912385453068,350.0,0,1,1,0,0,0,0,0,1,2693
61,0,2013-04-17,0.43388373911755823,-0.900968867902419,0.8660254037844387,-0.49999999999999983,0.9634705485641488,-0.2678143051621742,2693.0,4637.0,3322.0,3053.1428571428573,3067.0,1505.5707033736867,3413.6666666666665,4106.0,1910.1099324444622,350.0,0,1,1,0,0,0,0,0,1,2942
61,0,2013-04-18,-0.433883739117558,-0.9009688679024191,0.8660254037844387,-0.49999999999999983,0.9587178169872964,-0.2843591872810034,2942.0,4099.0,3536.0,2856.4285714285716,2942.0,1434.4233286287144,3351.9333333333334,4077.5,1901.2226362642746,350.0,0,1,1,0,0,0,0,0,1,2722
61,0,2013-04-19,-0.9749279121818236,-0.2225209339563146,0.8660254037844387,-0.49999999999999983,0.9536809966304457,-0.30081980763566735,2722.0,4337.0,3412.0,2627.4285714285716,2734.0,1278.0996123337238,3304.9,3962.5,1898.3777166761133,350.0,0,1,1,0,0,0,0,0,1,2734
61,0,2013-04-20,-0.7818314824680299,0.6234898018587334,0.8660254037844387,-0.49999999999999983,0.9483615800121715,-0.3171912885891061,2734.0,4234.0,5256.0,2594.4285714285716,2734.0,1231.8504856708932,3309.366666666667,4029.5,1899.9077742287159,350.0,0,1,1,0,0,0,0,0,1,4003
61,0,2013-04-21,-2.4492935982947064e-16,1.0,0.8660254037844387,-0.49999999999999983,0.9427611433904207,-0.3334687789181868,4003.0,0.0,0.0,2594.4285714285716,2734.0,1231.8504856708932,3172.266666666667,3769.5,1986.3501954213855,350.0,0,1,1,0,0,0,0,0,1,0
61,0,2013-04-22,0.7818314824680298,0.6234898018587336,0.8660254037844387,-0.49999999999999983,0.9368813462954315,-0.3496474552512284,0.0,3067.0,4594.0,2828.714285714286,2734.0,1469.7017514091876,3184.5,3769.5,1994.9016180045678,350.0,1,1,1,0,0,0,0,0,1,4707
61,0,2013-04-23,0.9749279121818236,-0.22252093395631434,0.8660254037844387,-0.49999999999999983,0.9307239310379795,-0.36572252349726897,4707.0,2693.0,4056.0,3088.1428571428573,2942.0,1596.5566519410258,3334.8,4029.5,1914.9583483360857,350.0,1,1,1,0,0,0,0,0,1,4509
61,0,2013-04-24,0.43388373911755823,-0.900968867902419,0.8660254037844387,-0.49999999999999983,0.9242907221930934,-0.3816892202666588,4509.0,2942.0,4637.0,3186.714285714286,3632.0,1607.2941770032535,3308.766666666667,3817.5,1905.0783255385543,350.0,1,1,1,0,0,0,0,0,1,3632
61,0,2013-04-25,-0.433883739117558,-0.9009688679024191,0.8660254037844387,-0.49999999999999983,0.9175836260593937,-0.39754281428255595,3632.0,2722.0,4099.0,3312.8571428571427,3632.0,1599.3741930904737,3269.766666666667,3618.5,1885.9065630003563,350.0,1,1,1,0,0,0,0,0,1,3605
61,0,2013-04-26,-0.9749279121818236,-0.2225209339563146,0.8660254037844387,-0.49999999999999983,0.9106046300942163,-0.4132786077829042,3605.0,2734.0,4337.0,3521.0,4003.0,1606.2784109030808,3222.8333333333335,3618.5,1842.9728997452467,350.0,1,1,1,0,0,0,0,0,1,4191
61,0,2013-04-27,-0.7818314824680299,0.6234898018587334,0.8660254037844387,-0.49999999999999983,0.9033558023246845,-0.4288919379124835,4191.0,4003.0,4234.0,3489.8571428571427,3785.0,1597.4649113070172,3150.9666666666667,3618.5,1774.0716947634673,350.0,0,1,1,0,0,0,0,0,1,3785
61,0,2013-04-28,-2.4492935982947064e-16,1.0,0.8660254037844387,-0.49999999999999983,0.895839290734909,-0.4443781781046132,3785.0,0.0,0.0,3489.8571428571427,3785.0,1597.4649113070172,3150.9666666666667,3618.5,1774.0716947634673,350.0,0,1,1,0,0,0,0,0,1,0
61,0,2013-04-29,0.7818314824680298,0.6234898018587336,0.8660254037844387,-0.49999999999999983,0.8880573226294932,-0.45973273945210397,0.0,4707.0,3067.0,3476.714285714286,3785.0,1586.1202890791624,3094.9666666666667,3618.5,1696.2123013539224,350.0,1,1,1,0,0,0,0,0,1,4615
61,0,2013-04-30,0.9749279121818236,-0.22252093395631434,0.8660254037844387,-0.49999999999999983,0.8800122039735357,-0.47495107206704995,4615.0,4509.0,2693.0,3511.5714285714284,3785.0,1615.0052484066255,3253.4,3708.5,1617.3005521120895,350.0,1,1,1,0,0,0,0,0,1,4753
61,0,2013-05-01,0.43388373911755823,-0.900968867902419,0.49999999999999994,-0.8660254037844387,0.8717063187093218,-0.49002866642905923,4753.0,3632.0,2942.0,2992.714285714286,3785.0,2084.92979212616,3253.4,3708.5,1617.3005521120895,350.0,1,1,1,0,0,0,0,0,1,0
61,0,2013-05-02,-0.433883739117558,-0.9009688679024191,0.49999999999999994,-0.8660254037844387,0.8631421280499114,-0.5049610547215204,0.0,3605.0,2722.0,3193.5714285714284,4191.0,2217.2720369215594,3281.733333333333,3708.5,1641.0205809576055,350.0,1,1,1,0,0,0,0,0,1,5011
61,0,2013-05-03,-0.9749279121818236,-0.2225209339563146,0.49999999999999994,-0.8660254037844387,0.854322169749827,-0.5197438121555155,5011.0,4191.0,2734.0,3301.1428571428573,4615.0,2290.7752274846034,3335.8,3894.0,1668.8765661676266,350.0,1,1,1,0,0,0,0,0,1,4944
61,0,2013-05-04,-0.7818314824680299,0.6234898018587334,0.49999999999999994,-0.8660254037844387,0.8452490573530633,-0.5343725582809787,4944.0,3785.0,4003.0,3375.285714285714,4615.0,2317.2912142043274,3361.4,4029.5,1677.9193930744027,350.0,0,1,1,0,0,0,0,0,1,4304
61,0,2013-05-05,-2.4492935982947064e-16,1.0,0.49999999999999994,-0.8660254037844387,0.835925479418637,-0.548842958284719,4304.0,0.0,0.0,3375.285714285714,4615.0,2317.2912142043274,3247.6666666666665,4029.5,1786.4951495988535,350.0,0,1,1,0,0,0,0,0,1,0
61,0,2013-05-06,0.7818314824680298,0.6234898018587336,0.49999999999999994,-0.8660254037844387,0.8263541987239096,-0.5631507242749186,0.0,4615.0,4707.0,3221.5714285714284,4304.0,2256.2337982533963,3190.4333333333334,3894.0,1747.0032012155764,350.0,0,1,1,0,0,0,0,0,1,3539
61,0,2013-05-07,0.9749279121818236,-0.22252093395631434,0.49999999999999994,-0.8660254037844387,0.8165380514459161,-0.5772916165517272,3539.0,4753.0,4509.0,2963.1428571428573,3539.0,2152.820663576928,3288.5666666666666,3894.0,1641.0840127128192,350.0,0,1,1,0,0,0,0,0,1,2944
61,0,2013-05-08,0.43388373911755823,-0.900968867902419,0.49999999999999994,-0.8660254037844387,0.8064799463209448,-0.5912614448635781,2944.0,0.0,3632.0,3432.4285714285716,3539.0,1712.191272136658,3244.9333333333334,3708.5,1622.474545431981,350.0,0,1,1,0,0,0,0,0,1,3285
61,0,2013-05-09,-0.433883739117558,-0.9009688679024191,0.49999999999999994,-0.8660254037844387,0.7961828637826158,-0.6050560696488488,3285.0,5011.0,3605.0,2716.5714285714284,3285.0,1970.283893008217,3109.733333333333,3618.5,1718.6971596057238,350.0,0,1,1,0,0,0,0,0,1,0
61,0,2013-05-10,-0.9749279121818236,-0.2225209339563146,0.49999999999999994,-0.8660254037844387,0.7856498550787145,-0.6186714032625031,0.0,4944.0,4191.0,2741.0,3285.0,2003.2871320240965,3125.6666666666665,3618.5,1735.4778003196411,350.0,0,1,1,0,0,0,0,0,1,5115
61,0,2013-05-11,-0.7818314824680299,0.6234898018587334,0.49999999999999994,-0.8660254037844387,0.7748840413670407,-0.6321034111873487,5115.0,4304.0,3785.0,2759.8571428571427,3285.0,2020.99492235643,3136.9,3618.5,1743.0692579272447,350.0,0,1,1,0,0,0,0,0,1,4436
61,0,2013-05-12,-2.4492935982947064e-16,1.0,0.49999999999999994,-0.8660254037844387,0.7638886127905428,-0.6453481132295501,4436.0,0.0,0.0,2759.8571428571427,3285.0,2020.99492235643,2992.3333333333335,3572.0,1818.3294594183167,350.0,0,1,1,0,0,0,0,0,1,0
61,0,2013-05-13,0.7818314824680298,0.6234898018587336,0.49999999999999994,-0.8660254037844387,0.7526668275320084,-0.6584015846980488,0.0,3539.0,4615.0,2916.714285714286,3285.0,2131.1536558310154,3005.766666666667,3572.0,1829.2745628901046,350.0,1,1,1,0,0,0,0,0,1,4637
61,0,2013-05-14,0.9749279121818236,-0.22252093395631434,0.49999999999999994,-0.8660254037844387,0.741222010848596,-0.6712599575675313,4637.0,2944.0,4753.0,3122.285714285714,4383.0,2202.435297141606,3151.866666666667,3618.5,1754.4318214430432,350.0,1,1,1,0,0,0,0,0,1,4383
61,0,2013-05-15,0.43388373911755823,-0.900968867902419,0.49999999999999994,-0.8660254037844387,0.7295575540864875,-0.6839194216246106,4383.0,3285.0,0.0,3266.8571428571427,4383.0,2247.646875332171,3192.866666666667,3708.5,1766.7093653482439,350.0,1,1,1,0,0,0,0,0,1,4297
61,0,2013-05-16,-0.433883739117558,-0.9009688679024191,0.49999999999999994,-0.8660254037844387,0.717676913675962,-0.6963762255968722,4297.0,0.0,5011.0,3892.5714285714284,4383.0,1738.658568853475,3249.1,3894.0,1777.0680104579853,350.0,1,1,1,0,0,0,0,0,1,4380
61,0,2013-05-17,-0.9749279121818236,-0.2225209339563146,0.49999999999999994,-0.8660254037844387,0.705583610107178,-0.7086266782644596,4380.0,5115.0,4944.0,3814.714285714286,4383.0,1686.206167138299,3303.366666666667,4097.0,1792.1598505393026,350.0,1,1,1,0,0,0,0,0,1,4570
61,0,2013-05-18,-0.7818314824680299,0.6234898018587334,0.49999999999999994,-0.8660254037844387,0.6932812268869777,-0.7206671495538609,4570.0,4436.0,4304.0,3781.0,4380.0,1674.0290718303931,3352.633333333333,4195.5,1795.9381274061927,350.0,0,1,1,0,0,0,0,0,1,4200
61,0,2013-05-19,-2.4492935982947064e-16,1.0,0.49999999999999994,-0.8660254037844387,0.6807734094770161,-0.7324940716135789,4200.0,0.0,0.0,3781.0,4380.0,1674.029071830393,3261.5,4195.5,1895.0452956100528,350.0,0,1,1,0,0,0,0,0,1,0
61,0,2013-05-20,0.7818314824680298,0.6234898018587336,0.49999999999999994,-0.8660254037844387,0.6680638642135335,-0.7441039398713607,0.0,4637.0,3539.0,3118.5714285714284,4297.0,2133.2988427271384,3128.0666666666666,4195.5,1980.0568597431975,350.0,0,1,1,0,0,0,0,0,1,0
61,0,2013-05-21,0.9749279121818236,-0.22252093395631434,0.49999999999999994,-0.8660254037844387,0.6551563572090853,-0.7554933140726803,0.0,4383.0,2944.0,2941.285714285714,4200.0,2061.0491433802754,3232.8,4195.5,1889.9411667544316,350.0,0,1,1,0,0,0,0,0,1,3142
61,0,2013-05-22,0.43388373911755823,-0.900968867902419,0.49999999999999994,-0.8660254037844387,0.6420547132365637,-0.766658819300159,3142.0,4297.0,3285.0,2765.285714285714,3142.0,1976.8684591448923,3178.0666666666666,3988.0,1869.4409072626836,350.0,0,1,1,0,0,0,0,0,1,3065
61,0,2013-05-23,-0.433883739117558,-0.9009688679024191,0.49999999999999994,-0.8660254037844387,0.6287628145958344,-0.777597146973627,3065.0,4380.0,0.0,2580.4285714285716,3086.0,1857.6151249332968,3130.633333333333,3708.5,1852.4826302565696,350.0,0,1,1,0,0,0,0,0,1,3086
61,0,2013-05-24,-0.9749279121818236,-0.2225209339563146,0.49999999999999994,-0.8660254037844387,0.6152845999633276,-0.7883050558305255,3086.0,4570.0,5115.0,2421.285714285714,3086.0,1699.7720155249942,3124.766666666667,3695.0,1851.1182768026042,350.0,0,1,1,0,0,0,0,0,1,3456
61,0,2013-05-25,-0.7818314824680299,0.6234898018587334,0.49999999999999994,-0.8660254037844387,0.6016240632249226,-0.7987793728863649,3456.0,4200.0,4436.0,2391.1428571428573,3086.0,1664.4765371903381,3137.5666666666666,3887.0,1855.874989906626,350.0,0,1,1,0,0,0,0,0,1,3989
61,0,2013-05-26,-2.4492935982947064e-16,1.0,0.49999999999999994,-0.8660254037844387,0.5877852522924732,-0.8090169943749473,3989.0,0.0,0.0,2391.1428571428573,3086.0,1664.4765371903381,2997.866666666667,3662.0,1930.0974378357769,350.0,0,1,1,0,0,0,0,0,1,0
61,0,2013-05-27,0.7818314824680298,0.6234898018587336,0.49999999999999994,-0.8660254037844387,0.5737722679043246,-0.8190148866680801,0.0,0.0,4637.0,3065.285714285714,3142.0,1480.031949462094,3029.0,3764.0,1950.6555043245653,350.0,1,1,1,0,0,0,0,0,1,4719
61,0,2013-05-28,0.9749279121818236,-0.22252093395631434,0.49999999999999994,-0.8660254037844387,0.5595892624101765,-0.8287700871745037,4719.0,3142.0,4383.0,3200.714285714286,3456.0,1530.7261582100718,3165.3333333333335,4039.5,1873.038529591245,350.0,1,1,1,0,0,0,0,0,1,4090
61,0,2013-05-29,0.43388373911755823,-0.900968867902419,0.49999999999999994,-0.8660254037844387,0.545240438540651,-0.8382797052177743,4090.0,3065.0,4297.0,3464.285714285714,3989.0,1657.0900915244667,3175.1666666666665,4039.5,1881.6661194424132,350.0,1,1,1,0,0,0,0,0,1,4910
61,0,2013-05-30,-0.433883739117558,-0.9009688679024191,0.49999999999999994,-0.8660254037844387,0.5307300481619334,-0.8475409228928311,4910.0,3086.0,4380.0,3023.4285714285716,3989.0,2120.2741848750634,3016.733333333333,3764.0,1943.3214179165868,350.0,1,1,1,0,0,0,0,0,1,0
61,0,2013-05-31,-0.9749279121818236,-0.2225209339563146,0.49999999999999994,-0.8660254037844387,0.5160623910158528,-0.8565509959010036,0.0,3456.0,4570.0,3311.285714285714,4090.0,2316.4927307092,3199.1,4039.5,1906.8249716252908,350.0,1,1,1,0,0,0,0,0,1,5471
61,0,2013-06-01,-0.7818314824680299,0.6234898018587334,1.2246467991473532e-16,-1.0,0.5012418134457758,-0.865307254363206,5471.0,3989.0,4200.0,3339.285714285714,4185.0,2327.209467315286,3171.5666666666666,4039.5,1885.60552212213,350.0,0,1,1,0,0,0,0,0,1,4185
61,0,2013-06-02,-2.4492935982947064e-16,1.0,1.2246467991473532e-16,-1.0,0.48627270710869,-0.8738071036110808,4185.0,0.0,0.0,3339.285714285714,4185.0,2327.209467315286,3006.766666666667,3764.0,1940.603188903288,350.0,0,1,1,0,0,0,0,0,1,0
61,0,2013-06-03,0.7818314824680298,0.6234898018587336,1.2246467991473532e-16,-1.0,0.4711595076738638,-0.8820480249558537,0.0,4719.0,0.0,3491.5714285714284,4185.0,2463.432351898656,3056.133333333333,3764.0,1992.8746821741138,350.0,1,1,1,0,0,0,0,0,1,5785
61,0,2013-06-04,0.9749279121818236,-0.22252093395631434,1.2246467991473532e-16,-1.0,0.4559066935084588,-0.8900275764346767,5785.0,4090.0,3142.0,3581.4285714285716,4719.0,2500.097921891783,3213.4333333333334,4039.5,1928.531792507617,350.0,1,1,1,0,0,0,0,0,1,4719
61,0,2013-06-05,0.43388373911755823,-0.900968867902419,1.2246467991473532e-16,-1.0,0.440518784350495,-0.8977433935342337,4719.0,4910.0,3065.0,3523.285714285714,4503.0,2468.5847979686455,3245.5666666666666,4137.5,1942.126663778889,350.0,1,1,1,0,0,0,0,0,1,4503
61,0,2013-06-06,-0.433883739117558,-0.9009688679024191,1.2246467991473532e-16,-1.0,0.42500033996955416,-0.9051931898913974,4503.0,0.0,3086.0,4148.0,4503.0,1920.9399608872018,3293.2,4192.5,1951.9744098096476,350.0,1,1,1,0,0,0,0,0,1,4373
61,0,2013-06-07,-0.9749279121818236,-0.2225209339563146,1.2246467991473532e-16,-1.0,0.4093559588156213,-0.9123747579707273,4373.0,5471.0,3456.0,3955.0,4373.0,1831.655626293689,3321.0333333333333,4192.5,1957.7979270058754,350.0,1,1,1,0,0,0,0,0,1,4120
61,0,2013-06-08,-0.7818314824680299,0.6234898018587334,1.2246467991473532e-16,-1.0,0.39359027665646673,-0.9192859697186104,4120.0,4185.0,3989.0,3873.1428571428573,4373.0,1832.4673192694243,3441.4333333333334,4192.5,1854.8791518091114,350.0,0,1,1,0,0,0,0,0,1,3612
61,0,2013-06-09,-2.4492935982947064e-16,1.0,1.2246467991473532e-16,-1.0,0.3777079652039649,-0.9259247771938498,3612.0,0.0,0.0,3873.1428571428573,4373.0,1832.4673192694238,3270.9333333333334,4152.5,1929.3312568998028,350.0,0,1,1,0,0,0,0,0,1,0
61,0,2013-06-10,0.7818314824680298,0.6234898018587336,1.2246467991473532e-16,-1.0,0.36171373072976765,-0.9322892131745133,0.0,5785.0,4719.0,3658.5714285714284,4283.0,1650.157452804917,3265.8333333333335,4152.5,1926.3452278295308,350.0,0,1,1,0,0,0,0,0,1,4283
61,0,2013-06-11,0.9749279121818236,-0.22252093395631434,1.2246467991473532e-16,-1.0,0.3456123126707335,-0.9383773917408641,4283.0,4719.0,4090.0,3565.714285714286,4120.0,1598.0041420769946,3401.4666666666667,4152.5,1829.2724148732163,350.0,0,1,1,0,0,0,0,0,1,4069
61,0,2013-06-12,0.43388373911755823,-0.900968867902419,1.2246467991473532e-16,-1.0,0.3294084822245304,-0.9441875088341993,4069.0,4503.0,4910.0,3401.4285714285716,4069.0,1543.7787899763837,3358.6666666666665,4105.0,1814.3274679394394,350.0,0,1,1,0,0,0,0,0,1,3353
61,0,2013-06-13,-0.433883739117558,-0.9009688679024191,1.2246467991473532e-16,-1.0,0.3131070409358269,-0.9497178427914316,3353.0,4373.0,0.0,3194.714285714286,3612.0,1487.8666734943806,3310.1,4079.5,1805.4412078969538,350.0,0,1,1,0,0,0,0,0,1,2926
61,0,2013-06-14,-0.9749279121818236,-0.2225209339563146,1.2246467991473532e-16,-1.0,0.29671281927349075,-0.9549667548552551,2926.0,4120.0,5471.0,3071.0,3353.0,1433.1031598132297,3275.3333333333335,4029.0,1795.7981096366905,350.0,0,1,1,0,0,0,0,0,1,3254
61,0,2013-06-15,-0.7818314824680299,0.6234898018587334,1.2246467991473532e-16,-1.0,0.28023067519921585,-0.9599326896597447,3254.0,3612.0,4185.0,3166.714285714286,3353.0,1496.2408133146776,3272.0666666666666,4029.0,1793.8073923695206,350.0,0,1,1,0,0,0,0,0,1,4282
61,0,2013-06-16,-2.4492935982947064e-16,1.0,1.2246467991473532e-16,-1.0,0.26366549272800704,-0.9646141756912435,4282.0,0.0,0.0,3166.714285714286,3353.0,1496.2408133146776,3119.733333333333,3800.5,1872.1205924415442,350.0,0,1,1,0,0,0,0,0,1,0
61,0,2013-06-17,0.7818314824680298,0.6234898018587336,1.2246467991473532e-16,-1.0,0.24702218048093552,-0.9690098257244062,0.0,4283.0,5785.0,3203.285714285714,3353.0,1530.802155111899,3131.0333333333333,3800.5,1879.87289525086,350.0,1,1,1,0,0,0,0,0,1,4539
61,0,2013-06-18,0.9749279121818236,-0.22252093395631434,1.2246467991473532e-16,-1.0,0.23030567023061221,-0.9731183372332619,4539.0,4069.0,4719.0,3172.1428571428573,3353.0,1512.361005026183,3259.4,3920.0,1787.932568349689,350.0,1,1,1,0,0,0,0,0,1,3851
61,0,2013-06-19,0.43388373911755823,-0.900968867902419,1.2246467991473532e-16,-1.0,0.21352091543979612,-0.9769384927771817,3851.0,3353.0,4503.0,3268.1428571428573,3851.0,1546.6931853227406,3393.5666666666666,4007.0,1682.842600940512,350.0,1,1,1,0,0,0,0,0,1,4025
61,0,2013-06-20,-0.433883739117558,-0.9009688679024191,1.2246467991473532e-16,-1.0,0.19667288979357647,-0.980469160361632,4025.0,2926.0,4373.0,3368.1428571428573,3851.0,1543.5110871614988,3409.7,4007.0,1682.6677126023662,350.0,1,1,1,0,0,0,0,0,1,3626
61,0,2013-06-21,-0.9749279121818236,-0.2225209339563146,1.2246467991473532e-16,-1.0,0.1797665857255624,-0.9837092937736097,3626.0,3254.0,4120.0,3462.5714285714284,3915.0,1555.536655213975,3438.0333333333333,4007.0,1683.8192933458372,350.0,1,1,1,0,0,0,0,0,1,3915
61,0,2013-06-22,-0.7818314824680299,0.6234898018587334,1.2246467991473532e-16,-1.0,0.16280701293851715,-0.986657932891657,3915.0,4282.0,3612.0,3414.1428571428573,3915.0,1530.8547099111458,3466.6,4007.0,1684.91028309194,350.0,0,1,1,0,0,0,0,0,1,3943
61,0,2013-06-23,-2.4492935982947064e-16,1.0,1.2246467991473532e-16,-1.0,0.1457991969198751,-0.9893142039703663,3943.0,0.0,0.0,3414.1428571428573,3915.0,1530.8547099111458,3351.4,4007.0,1799.8834176805385,350.0,0,1,1,0,0,0,0,0,1,0
61,0,2013-06-24,0.7818314824680298,0.6234898018587336,1.2246467991473532e-16,-1.0,0.12874817745258132,-0.99167731989929,0.0,4539.0,4283.0,3238.8571428571427,3851.0,1448.6287111807287,3328.8333333333335,3984.0,1795.853175077734,350.0,0,1,1,0,0,0,0,0,1,3312
61,0,2013-06-25,0.9749279121818236,-0.22252093395631434,1.2246467991473532e-16,-1.0,0.11165900712169512,-0.993746580436178,3312.0,3851.0,4069.0,3108.285714285714,3626.0,1425.2606445004722,3426.733333333333,3984.0,1684.7433025248372,350.0,0,1,1,0,0,0,0,0,1,2937
61,0,2013-06-26,0.43388373911755823,-0.900968867902419,1.2246467991473532e-16,-1.0,0.09453674981719912,-0.9955213724144752,2937.0,4025.0,3353.0,3024.1428571428573,3436.0,1378.7481554622195,3383.9666666666667,3929.0,1666.9991929198402,350.0,0,1,1,0,0,0,0,0,1,3436
61,0,2013-06-27,-0.433883739117558,-0.9009688679024191,1.2246467991473532e-16,-1.0,0.07738647923346301,-0.9970011699250151,3436.0,3626.0,2926.0,2985.8571428571427,3358.0,1362.8797242813248,3359.5666666666666,3883.0,1661.6571845150768,350.0,0,1,1,0,0,0,0,0,1,3358
61,0,2013-06-28,-0.9749279121818236,-0.2225209339563146,1.2246467991473532e-16,-1.0,0.06021327736579302,-0.9981855344718586,3358.0,3915.0,3254.0,2984.8571428571427,3358.0,1362.0866869832992,3326.1666666666665,3879.5,1639.338619442426,350.0,0,1,1,0,0,0,0,0,1,3908
61,0,2013-06-29,-0.7818314824680299,0.6234898018587334,1.2246467991473532e-16,-1.0,0.04302223300453059,-0.99907411510223,3908.0,3943.0,4282.0,3048.285714285714,3358.0,1423.111932150303,3472.4,3911.5,1524.0142003139656,350.0,0,1,1,0,0,0,0,0,1,4387
61,0,2013-06-30,-2.4492935982947064e-16,1.0,1.2246467991473532e-16,-1.0,0.02581844022713308,-0.9996666485105112,4387.0,0.0,0.0,3048.285714285714,3358.0,1423.111932150303,3290.0333333333333,3879.5,1601.9534515458113,350.0,0,1,1,0,0,0,0,0,1,0
61,0,2013-07-01,0.7818314824680298,0.6234898018587336,-0.4999999999999998,-0.8660254037844388,0.008606996888688698,-0.9999629591162655,0.0,3312.0,4539.0,3177.8571428571427,3436.0,1490.8046405181574,3291.1666666666665,3879.5,1602.6203345713566,350.0,1,1,1,0,0,0,0,0,1,4219
61,0,2013-07-02,0.9749279121818236,-0.22252093395631434,-0.4999999999999998,-0.8660254037844388,-0.008606996888688009,-0.9999629591162655,4219.0,2937.0,3851.0,3323.714285714286,3908.0,1513.0918361956424,3423.1,3911.5,1480.6110423135058,350.0,1,1,1,0,0,0,0,0,1,3958
61,0,2013-07-03,0.43388373911755823,-0.900968867902419,-0.4999999999999998,-0.8660254037844388,-0.02581844022713239,-0.9996666485105112,3958.0,3436.0,4025.0,3431.285714285714,3958.0,1548.7517247002183,3369.9,3911.5,1420.262077563685,350.0,1,1,1,0,0,0,0,0,1,4189
61,0,2013-07-04,-0.433883739117558,-0.9009688679024191,-0.4999999999999998,-0.8660254037844388,-0.04302223300453034,-0.99907411510223,4189.0,3358.0,3626.0,3470.4285714285716,3958.0,1550.0527794393372,3333.6666666666665,3879.5,1398.354040645109,350.0,1,1,1,0,0,0,0,0,1,3632
61,0,2013-07-05,-0.9749279121818236,-0.2225209339563146,-0.4999999999999998,-0.8660254037844388,-0.060213277365792774,-0.9981855344718586,3632.0,3908.0,3915.0,3564.0,4189.0,1599.840408707484,3335.6666666666665,3879.5,1400.125938506304,350.0,1,1,1,0,0,0,0,0,1,4563
61,0,2013-07-06,-0.7818314824680299,0.6234898018587334,-0.4999999999999998,-0.8660254037844388,-0.07738647923346322,-0.9970011699250151,4563.0,4387.0,3943.0,3474.4285714285716,3958.0,1563.2157941396367,3315.233333333333,3805.5,1388.8931262310832,350.0,0,1,1,0,0,0,0,0,1,3760
61,0,2013-07-07,-2.4492935982947064e-16,1.0,-0.4999999999999998,-0.8660254037844388,-0.09453674981719933,-0.9955213724144752,3760.0,0.0,0.0,3474.4285714285716,3958.0,1563.2157941396367,3177.9,3696.0,1505.3812519734338,350.0,0,1,1,0,0,0,0,0,1,0
61,0,2013-07-08,0.7818314824680298,0.6234898018587336,-0.4999999999999998,-0.8660254037844388,-0.11165900712169444,-0.9937465804361781,0.0,4219.0,3312.0,3337.1428571428573,3760.0,1528.745937969138,3166.1,3696.0,1503.2471141521928,350.0,0,1,1,0,0,0,0,0,1,3258
61,0,2013-07-09,0.9749279121818236,-0.22252093395631434,-0.4999999999999998,-0.8660254037844388,-0.12874817745258066,-0.99167731989929,3258.0,3958.0,2937.0,3220.0,3632.0,1504.466793695803,3270.7,3696.0,1379.4197968211372,350.0,0,1,1,0,0,0,0,0,1,3138
61,0,2013-07-10,0.43388373911755823,-0.900968867902419,-0.4999999999999998,-0.8660254037844388,-0.14579919691987442,-0.9893142039703664,3138.0,4189.0,3436.0,3099.0,3342.0,1446.4875849219482,3239.3333333333335,3629.0,1366.2431079002947,350.0,0,1,1,0,0,0,0,0,1,3342
61,0,2013-07-11,-0.433883739117558,-0.9009688679024191,-0.4999999999999998,-0.8660254037844388,-0.16280701293851646,-0.9866579328916572,3342.0,3632.0,3358.0,2984.5714285714284,3258.0,1428.8710995214424,3198.0666666666666,3531.0,1358.9966870461085,350.0,0,1,1,0,0,0,0,0,1,2831
61,0,2013-07-12,-0.9749279121818236,-0.2225209339563146,-0.4999999999999998,-0.8660254037844388,-0.17976658572556214,-0.9837092937736098,2831.0,4563.0,3908.0,2792.285714285714,3217.0,1261.8640595412417,3193.5333333333333,3531.0,1358.6888388882644,350.0,0,1,1,0,0,0,0,0,1,3217
61,0,2013-07-13,-0.7818314824680299,0.6234898018587334,-0.4999999999999998,-0.8660254037844388,-0.19667288979357622,-0.9804691603616321,3217.0,3760.0,4387.0,2835.714285714286,3217.0,1305.2068436695781,3231.4666666666667,3629.0,1366.8235951394329,350.0,0,1,1,0,0,0,0,0,1,4064
61,0,2013-07-14,-2.4492935982947064e-16,1.0,-0.4999999999999998,-0.8660254037844388,-0.2135209154397959,-0.9769384927771817,4064.0,0.0,0.0,2835.714285714286,3217.0,1305.2068436695781,3123.0,3629.0,1488.6572751169494,350.0,0,1,1,0,0,0,0,0,1,0
61,0,2013-07-15,0.7818314824680298,0.6234898018587336,-0.4999999999999998,-0.8660254037844388,-0.23030567023061196,-0.973118337233262,0.0,3258.0,4219.0,3047.5714285714284,3217.0,1492.145754402347,3138.3,3629.0,1503.2669515379519,350.0,1,1,1,0,0,0,0,0,1,4741
61,0,2013-07-16,0.9749279121818236,-0.22252093395631434,-0.4999999999999998,-0.8660254037844388,-0.24702218048093527,-0.9690098257244063,4741.0,3138.0,3958.0,3277.8571428571427,3342.0,1626.7482317567785,3296.633333333333,3696.0,1408.485380760514,350.0,1,1,1,0,0,0,0,0,1,4750
61,0,2013-07-17,0.43388373911755823,-0.900968867902419,-0.4999999999999998,-0.8660254037844388,-0.2636654927280072,-0.9646141756912435,4750.0,3342.0,4189.0,3379.5714285714284,4054.0,1653.4671508825372,3280.4666666666667,3696.0,1396.465852844572,350.0,1,1,1,0,0,0,0,0,1,4054
61,0,2013-07-18,-0.433883739117558,-0.9009688679024191,-0.4999999999999998,-0.8660254037844388,-0.2802306751992161,-0.9599326896597445,4054.0,2831.0,3632.0,3578.0,4064.0,1659.9946787063293,3292.766666666667,3696.0,1403.2728415443983,350.0,1,1,1,0,0,0,0,0,1,4220
61,0,2013-07-19,-0.9749279121818236,-0.2225209339563146,-0.4999999999999998,-0.8660254037844388,-0.2967128192734901,-0.9549667548552553,4220.0,3217.0,4563.0,3720.8571428571427,4217.0,1666.765173279409,3299.1666666666665,3696.0,1407.159993435869,350.0,1,1,1,0,0,0,0,0,1,4217
61,0,2013-07-20,-0.7818314824680299,0.6234898018587334,-0.4999999999999998,-0.8660254037844388,-0.3131070409358267,-0.9497178427914317,4217.0,4064.0,3760.0,3640.8571428571427,4217.0,1660.9794729387252,3295.1,3696.0,1406.3589415273013,350.0,0,1,1,0,0,0,0,0,1,3504
61,0,2013-07-21,-2.4492935982947064e-16,1.0,-0.4999999999999998,-0.8660254037844388,-0.3294084822245302,-0.9441875088341994,3504.0,0.0,0.0,3640.8571428571427,4217.0,1660.9794729387252,3164.6,3568.0,1523.6075519679578,350.0,0,1,1,0,0,0,0,0,1,0
61,0,2013-07-22,0.7818314824680298,0.6234898018587336,-0.4999999999999998,-0.8660254037844388,-0.3456123126707333,-0.9383773917408642,0.0,4741.0,3258.0,3457.0,4054.0,1588.5577316127553,3148.3,3479.0,1517.596719635449,350.0,0,1,1,0,0,0,0,0,1,3454
61,0,2013-07-23,0.9749279121818236,-0.22252093395631434,-0.4999999999999998,-0.8660254037844388,-0.3617137307297674,-0.9322892131745134,3454.0,4750.0,3138.0,3208.4285714285716,3504.0,1485.2912012063323,3248.633333333333,3479.0,1396.9822767698931,350.0,0,1,1,0,0,0,0,0,1,3010
61,0,2013-07-24,0.43388373911755823,-0.900968867902419,-0.4999999999999998,-0.8660254037844388,-0.37770796520396466,-0.9259247771938499,3010.0,4054.0,3342.0,3032.1428571428573,3454.0,1440.7688258439682,3232.233333333333,3479.0,1399.0990619171575,350.0,0,1,1,0,0,0,0,0,1,2820
61,0,2013-07-25,-0.433883739117558,-0.9009688679024191,-0.4999999999999998,-0.8660254037844388,-0.39359027665646645,-0.9192859697186105,2820.0,4220.0,2831.0,2886.285714285714,3199.0,1349.2470386954976,3240.9666666666667,3479.0,1398.0099275295806,350.0,0,1,1,0,0,0,0,0,1,3199
61,0,2013-07-26,-0.9749279121818236,-0.2225209339563146,-0.4999999999999998,-0.8660254037844388,-0.4093559588156211,-0.9123747579707274,3199.0,4217.0,3217.0,2783.285714285714,3199.0,1254.9564022023117,3242.9666666666667,3500.0,1398.3414432655643,350.0,0,1,1,0,0,0,0,0,1,3496
61,0,2013-07-27,-0.7818314824680299,0.6234898018587334,-0.4999999999999998,-0.8660254037844388,-0.42500033996955394,-0.9051931898913975,3496.0,3504.0,4064.0,2735.714285714286,3171.0,1229.1287855341157,3236.733333333333,3500.0,1398.2277682673957,350.0,0,1,1,0,0,0,0,0,1,3171
61,0,2013-07-28,-2.4492935982947064e-16,1.0,-0.4999999999999998,-0.8660254037844388,-0.4405187843504952,-0.8977433935342336,3171.0,0.0,0.0,2735.714285714286,3171.0,1229.1287855341157,3106.4666666666667,3475.0,1511.027824051388,350.0,0,1,1,0,0,0,0,0,1,0
61,0,2013-07-29,0.7818314824680298,0.6234898018587336,-0.4999999999999998,-0.8660254037844388,-0.455906693508459,-0.8900275764346766,0.0,3454.0,4741.0,2934.4285714285716,3171.0,1456.095562013113,3121.733333333333,3475.0,1526.644820904785,350.0,1,1,1,0,0,0,0,0,1,4845
61,0,2013-07-30,0.9749279121818236,-0.22252093395631434,-0.4999999999999998,-0.8660254037844388,-0.47115950767386394,-0.8820480249558535,4845.0,3010.0,4750.0,3279.4285714285716,3199.0,1736.1521493562373,3302.5666666666666,3500.0,1464.140154477713,350.0,1,1,1,0,0,0,0,0,1,5425
61,0,2013-07-31,0.43388373911755823,-0.900968867902419,-0.4999999999999998,-0.8660254037844388,-0.4862727071086902,-0.8738071036110807,5425.0,2820.0,4054.0,3599.8571428571427,3496.0,1841.0448508543018,3330.7,3500.0,1490.2327554839342,350.0,1,1,1,0,0,0,0,0,1,5063
61,0,2013-08-01,-0.433883739117558,-0.9009688679024191,-0.8660254037844384,-0.5000000000000004,-0.5012418134457756,-0.8653072543632061,5063.0,3199.0,4220.0,3758.8571428571427,4312.0,1848.7009338606224,3342.5,3500.0,1496.7583766029277,350.0,1,1,1,0,0,0,0,0,1,4312
61,0,2013-08-02,-0.9749279121818236,-0.2225209339563146,-0.8660254037844384,-0.5000000000000004,-0.5160623910158526,-0.8565509959010037,4312.0,3496.0,4217.0,3825.285714285714,4312.0,1846.034011449563,3334.9,3500.0,1492.8857810202396,350.0,1,1,1,0,0,0,0,0,1,3961
61,0,2013-08-03,-0.7818314824680299,0.6234898018587334,-0.8660254037844384,-0.5000000000000004,-0.5307300481619331,-0.8475409228928312,3961.0,3171.0,3504.0,3916.0,4312.0,1823.9941520374073,3340.7,3500.0,1494.4170619918696,350.0,0,1,1,0,0,0,0,0,1,3806
61,0,2013-08-04,-2.4492935982947064e-16,1.0,-0.8660254037844384,-0.5000000000000004,-0.5452404385406507,-0.8382797052177745,3806.0,0.0,0.0,3916.0,4312.0,1823.9941520374073,3188.6,3475.0,1594.575018509688,350.0,0,1,1,0,0,0,0,0,1,0
61,0,2013-08-05,0.7818314824680298,0.6234898018587336,-0.8660254037844384,-0.5000000000000004,-0.5595892624101763,-0.828770087174504,0.0,4845.0,3454.0,3748.8571428571427,3961.0,1777.6956459202468,3185.766666666667,3475.0,1593.5999299641076,350.0,0,1,1,0,0,0,0,0,1,3675
61,0,2013-08-06,0.9749279121818236,-0.22252093395631434,-0.8660254037844384,-0.5000000000000004,-0.5737722679043243,-0.8190148866680802,3675.0,5425.0,3010.0,3426.1428571428573,3806.0,1620.8262737023374,3291.3,3475.0,1475.8331872375422,350.0,0,1,1,0,0,0,0,0,1,3166
61,0,2013-08-07,0.43388373911755823,-0.900968867902419,-0.8660254037844384,-0.5000000000000004,-0.5877852522924734,-0.8090169943749472,3166.0,5063.0,2820.0,3191.8571428571427,3675.0,1454.8165323700232,3296.8,3475.0,1476.012251140633,350.0,0,1,1,0,0,0,0,0,1,3423
61,0,2013-08-08,-0.433883739117558,-0.9009688679024191,-0.8660254037844384,-0.5000000000000004,-0.6016240632249227,-0.7987793728863648,3423.0,4312.0,3199.0,3053.1428571428573,3423.0,1374.2742846767549,3303.5666666666666,3475.0,1475.7244318810244,350.0,0,1,1,0,0,0,0,0,1,3341
61,0,2013-08-09,-0.9749279121818236,-0.2225209339563146,-0.8660254037844384,-0.5000000000000004,-0.6152845999633277,-0.7883050558305253,3341.0,3961.0,3496.0,2996.4285714285716,3423.0,1338.2845807404403,3310.9666666666667,3500.0,1476.4802153895525,350.0,0,1,1,0,0,0,0,0,1,3564
61,0,2013-08-10,-0.7818314824680299,0.6234898018587334,-0.8660254037844384,-0.5000000000000004,-0.6287628145958345,-0.7775971469736268,3564.0,3806.0,3171.0,2974.4285714285716,3423.0,1323.9469849837706,3338.3333333333335,3534.0,1474.8850179223978,350.0,0,1,1,0,0,0,0,0,1,3652
61,0,2013-08-11,-2.4492935982947064e-16,1.0,-0.8660254037844384,-0.5000000000000004,-0.6420547132365636,-0.7666588193001592,3652.0,0.0,0.0,2974.4285714285716,3423.0,1323.9469849837706,3231.1,3534.0,1595.9870656722449,350.0,0,1,1,0,0,0,0,0,1,0
61,0,2013-08-12,0.7818314824680298,0.6234898018587336,-0.8660254037844384,-0.5000000000000004,-0.655156357209085,-0.7554933140726804,0.0,3675.0,4845.0,3207.1428571428573,3423.0,1585.0354810509677,3272.4333333333334,3534.0,1633.9080015322963,350.0,1,1,1,0,0,0,0,0,1,5304
61,0,2013-08-13,0.9749279121818236,-0.22252093395631434,-0.8660254037844384,-0.5000000000000004,-0.6680638642135333,-0.7441039398713608,5304.0,3166.0,5425.0,3407.0,3564.0,1665.1580505565616,3424.6,3608.0,1527.757802614103,350.0,1,1,1,0,0,0,0,0,1,4565
61,0,2013-08-14,0.43388373911755823,-0.900968867902419,-0.8660254037844384,-0.5000000000000004,-0.6807734094770159,-0.7324940716135792,4565.0,3423.0,5063.0,3654.0,3652.0,1791.3781473119127,3438.3,3608.0,1541.7482720868393,350.0,1,1,1,0,0,0,0,0,1,5152
61,0,2013-08-15,-0.433883739117558,-0.9009688679024191,-0.8660254037844384,-0.5000000000000004,-0.6932812268869771,-0.7206671495538615,5152.0,3341.0,4312.0,3742.8571428571427,3963.0,1788.68931796175,3412.0666666666666,3608.0,1525.2670977701664,350.0,1,1,1,0,0,0,0,0,1,3963
61,0,2013-08-16,-0.9749279121818236,-0.2225209339563146,-0.8660254037844384,-0.5000000000000004,-0.7055836101071774,-0.7086266782644601,3963.0,3564.0,3961.0,3808.8571428571427,4026.0,1789.5131953105206,3411.133333333333,3608.0,1524.8692591403567,350.0,1,1,1,0,0,0,0,0,1,4026
61,0,2013-08-17,-0.7818314824680299,0.6234898018587334,-0.8660254037844384,-0.5000000000000004,-0.7176769136759615,-0.6963762255968726,4026.0,3652.0,3806.0,3775.1428571428573,4026.0,1795.17505446975,3384.3333333333335,3534.0,1517.2090150675665,350.0,0,1,1,0,0,0,0,0,1,3416
61,0,2013-08-18,-2.4492935982947064e-16,1.0,-0.8660254037844384,-0.5000000000000004,-0.7295575540864876,-0.6839194216246105,3416.0,0.0,0.0,3775.1428571428573,4026.0,1795.17505446975,3243.766666666667,3500.0,1628.6590778778789,350.0,0,1,1,0,0,0,0,0,1,0
61,0,2013-08-19,0.7818314824680298,0.6234898018587336,-0.8660254037844384,-0.5000000000000004,-0.7412220108485957,-0.6712599575675315,0.0,5304.0,3675.0,3523.8571428571427,3963.0,1663.8044184510202,3245.133333333333,3520.5,1628.902163259434,350.0,0,1,1,0,0,0,0,0,1,3545
61,0,2013-08-20,0.9749279121818236,-0.22252093395631434,-0.8660254037844384,-0.5000000000000004,-0.7526668275320083,-0.6584015846980489,3545.0,4565.0,3166.0,3283.5714285714284,3545.0,1608.93493313049,3341.233333333333,3520.5,1511.6734203805581,350.0,0,1,1,0,0,0,0,0,1,2883
61,0,2013-08-21,0.43388373911755823,-0.900968867902419,-0.8660254037844384,-0.5000000000000004,-0.7638886127905429,-0.64534811322955,2883.0,5152.0,3423.0,3113.285714285714,3545.0,1431.5247947888413,3358.1,3554.5,1515.7922783265788,350.0,0,1,1,0,0,0,0,0,1,3960
61,0,2013-08-22,-0.433883739117558,-0.9009688679024191,-0.8660254037844384,-0.5000000000000004,-0.7748840413670406,-0.6321034111873488,3960.0,3963.0,3341.0,2973.0,3416.0,1381.6236824837638,3357.133333333333,3554.5,1516.0311554739942,350.0,0,1,1,0,0,0,0,0,1,2981
61,0,2013-08-23,-0.9749279121818236,-0.2225209339563146,-0.8660254037844384,-0.5000000000000004,-0.7856498550787144,-0.6186714032625032,2981.0,4026.0,3564.0,2793.8571428571427,2981.0,1301.2974843813154,3355.5333333333333,3554.5,1516.6427927892375,350.0,0,1,1,0,0,0,0,0,1,2772
61,0,2013-08-24,-0.7818314824680299,0.6234898018587334,-0.8660254037844384,-0.5000000000000004,-0.7961828637826154,-0.6050560696488494,2772.0,3416.0,3652.0,2813.8571428571427,2981.0,1313.4719167878973,3367.4333333333334,3560.0,1516.7727919167223,350.0,0,1,1,0,0,0,0,0,1,3556
61,0,2013-08-25,-2.4492935982947064e-16,1.0,-0.8660254037844384,-0.5000000000000004,-0.8064799463209447,-0.5912614448635782,3556.0,0.0,0.0,2813.8571428571427,2981.0,1313.4719167878973,3250.9,3560.0,1636.1547509222705,350.0,0,1,1,0,0,0,0,0,1,0
61,0,2013-08-26,0.7818314824680298,0.6234898018587336,-0.8660254037844384,-0.5000000000000004,-0.8165380514459157,-0.5772916165517278,0.0,3545.0,5304.0,2979.0,2981.0,1482.5138560341786,3301.9,3608.0,1657.2874045799385,350.0,1,1,1,0,0,0,0,0,1,4701
61,0,2013-08-27,0.9749279121818236,-0.22252093395631434,-0.8660254037844384,-0.5000000000000004,-0.8263541987239095,-0.5631507242749187,4701.0,2883.0,4565.0,3161.5714285714284,3556.0,1546.0522691835533,3440.6,3663.5,1541.4930424753775,350.0,1,1,1,0,0,0,0,0,1,4161
61,0,2013-08-28,0.43388373911755823,-0.900968867902419,-0.8660254037844384,-0.5000000000000004,-0.8359254794186365,-0.5488429582847199,4161.0,3960.0,5152.0,3379.8571428571427,3556.0,1769.317517064269,3462.0333333333333,3663.5,1565.969447082349,350.0,1,1,1,0,0,0,0,0,1,5488
61,0,2013-08-29,-0.433883739117558,-0.9009688679024191,-0.8660254037844384,-0.5000000000000004,-0.8452490573530634,-0.5343725582809785,5488.0,2981.0,3963.0,3500.4285714285716,3825.0,1766.362067182418,3408.7,3663.5,1523.4797091323298,350.0,1,1,1,0,0,0,0,0,1,3825
61,0,2013-08-30,-0.9749279121818236,-0.2225209339563146,-0.8660254037844384,-0.5000000000000004,-0.8543221697498269,-0.5197438121555157,3825.0,2772.0,4026.0,3726.5714285714284,4161.0,1758.8779431920825,3385.1,3663.5,1502.3061433262726,350.0,1,1,1,0,0,0,0,0,1,4355
61,0,2013-08-31,-0.7818314824680299,0.6234898018587334,-0.8660254037844384,-0.5000000000000004,-0.8631421280499115,-0.5049610547215202,4355.0,3556.0,3416.0,3828.0,4266.0,1767.8510495325459,3383.5666666666666,3663.5,1501.3506490038778,350.0,0,1,1,0,0,0,0,0,1,4266
61,0,2013-09-01,-2.4492935982947064e-16,1.0,-1.0,-1.8369701987210297e-16,-0.8717063187093218,-0.4900286664290594,4266.0,0.0,0.0,3828.0,4266.0,1767.851049532546,3251.5333333333333,3608.0,1618.4248351796991,350.0,0,1,1,0,0,0,0,0,1,0
61,0,2013-09-02,0.7818314824680298,0.6234898018587336,-1.0,-1.8369701987210297e-16,-0.8800122039735356,-0.4749510720670502,0.0,4701.0,3545.0,3676.8571428571427,4161.0,1725.4936905681425,3246.1,3603.5,1616.7719722783506,350.0,0,1,1,0,0,0,0,0,1,3643
61,0,2013-09-03,0.9749279121818236,-0.22252093395631434,-1.0,-1.8369701987210297e-16,-0.888057322629493,-0.4597327394521046,3643.0,4161.0,2883.0,3553.5714285714284,3825.0,1715.9406416640059,3356.0333333333333,3603.5,1496.0587874152195,350.0,0,1,1,0,0,0,0,0,1,3298
61,0,2013-09-04,0.43388373911755823,-0.900968867902419,-1.0,-1.8369701987210297e-16,-0.8958392907349089,-0.44437817810461344,3298.0,5488.0,3960.0,3500.714285714286,3825.0,1650.8876111843288,3404.133333333333,3603.5,1529.4910520042008,350.0,0,1,1,0,0,0,0,0,1,5118
61,0,2013-09-05,-0.433883739117558,-0.9009688679024191,-1.0,-1.8369701987210297e-16,-0.9033558023246842,-0.4288919379124841,5118.0,3825.0,2981.0,3389.285714285714,3643.0,1651.674878649518,3400.1,3603.5,1530.300001013999,350.0,0,1,1,0,0,0,0,0,1,3045
61,0,2013-09-06,-0.9749279121818236,-0.2225209339563146,-1.0,-1.8369701987210297e-16,-0.9106046300942162,-0.41327860778290443,3045.0,4355.0,2772.0,3218.714285714286,3298.0,1596.0381902579588,3391.366666666667,3603.5,1530.912292434297,350.0,0,1,1,0,0,0,0,0,1,3161
61,0,2013-09-07,-0.7818314824680299,0.6234898018587334,-1.0,-1.8369701987210297e-16,-0.9175836260593934,-0.3975428142825566,3161.0,4266.0,3556.0,3061.4285714285716,3165.0,1528.4487623232963,3385.5,3603.5,1531.4490940237629,350.0,0,1,1,0,0,0,0,0,1,3165
61,0,2013-09-08,-2.4492935982947064e-16,1.0,-1.0,-1.8369701987210297e-16,-0.9242907221930934,-0.3816892202666586,3165.0,0.0,0.0,3061.4285714285716,3165.0,1528.4487623232963,3266.7,3599.5,1650.7166500101368,350.0,0,1,1,0,0,0,0,0,1,0
61,0,2013-09-09,0.7818314824680298,0.6234898018587336,-1.0,-1.8369701987210297e-16,-0.9307239310379793,-0.3657225234972692,0.0,3643.0,4701.0,3338.4285714285716,3165.0,1802.5392142884477,3331.0333333333333,3599.5,1703.0306957229839,350.0,1,1,1,0,0,0,0,0,1,5582
61,0,2013-09-10,0.9749279121818236,-0.22252093395631434,-1.0,-1.8369701987210297e-16,-0.9368813462954315,-0.34964745525122826,5582.0,3298.0,4161.0,3603.1428571428573,3165.0,1927.3535766754899,3502.733333333333,3734.0,1612.8916190223813,350.0,1,1,1,0,0,0,0,0,1,5151
61,0,2013-09-11,0.43388373911755823,-0.900968867902419,-1.0,-1.8369701987210297e-16,-0.9427611433904206,-0.33346877891818705,5151.0,5118.0,5488.0,3713.8571428571427,3165.0,2047.3967559294583,3522.366666666667,3734.0,1638.9484745710724,350.0,1,1,1,0,0,0,0,0,1,5893
61,0,2013-09-12,-0.433883739117558,-0.9009688679024191,-1.0,-1.8369701987210297e-16,-0.9483615800121716,-0.31719128858910595,5893.0,3045.0,3825.0,3842.5714285714284,3946.0,2026.5549467954097,3501.733333333333,3734.0,1629.237391591819,350.0,1,1,1,0,0,0,0,0,1,3946
61,0,2013-09-13,-0.9749279121818236,-0.2225209339563146,-1.0,-1.8369701987210297e-16,-0.9536809966304455,-0.300819807635668,3946.0,3161.0,4355.0,4167.285714285715,5151.0,2080.5279549740644,3511.133333333333,3734.0,1639.8658846199053,350.0,1,1,1,0,0,0,0,0,1,5434
61,0,2013-09-14,-0.7818314824680299,0.6234898018587334,-1.0,-1.8369701987210297e-16,-0.9587178169872964,-0.2843591872810036,5434.0,3165.0,4266.0,4309.142857142857,5151.0,2034.1347405855724,3517.633333333333,3734.0,1642.1036651583333,350.0,0,1,1,0,0,0,0,0,1,4158
61,0,2013-09-15,-2.4492935982947064e-16,1.0,-1.0,-1.8369701987210297e-16,-0.9634705485641486,-0.26781430516217486,4158.0,0.0,0.0,4309.142857142857,5151.0,2034.1347405855724,3383.4333333333334,3599.5,1759.4439498442896,350.0,0,1,1,0,0,0,0,0,1,0
61,0,2013-09-16,0.7818314824680298,0.6234898018587336,-1.0,-1.8369701987210297e-16,-0.9679377830240642,-0.25119006388481957,0.0,5582.0,3643.0,3943.0,4158.0,1997.168996354588,3370.2,3599.5,1760.6831041114258,350.0,0,1,1,0,0,0,0,0,1,3019
61,0,2013-09-17,0.9749279121818236,-0.22252093395631434,-1.0,-1.8369701987210297e-16,-0.9721181966290612,-0.23449138957041052,3019.0,5151.0,3298.0,3671.1428571428573,3946.0,1933.8442223174209,3478.4666666666667,3599.5,1642.1724411391078,350.0,0,1,1,0,0,0,0,0,1,3248
61,0,2013-09-18,0.43388373911755823,-0.900968867902419,-1.0,-1.8369701987210297e-16,-0.9760105506323682,-0.21772323039653224,3248.0,5893.0,5118.0,3250.714285714286,3248.0,1672.5528107542377,3458.633333333333,3599.5,1644.931913135182,350.0,0,1,1,0,0,0,0,0,1,2950
61,0,2013-09-19,-0.433883739117558,-0.9009688679024191,-1.0,-1.8369701987210297e-16,-0.9796136916454901,-0.20089055513063528,2950.0,3946.0,3045.0,3073.285714285714,3019.0,1652.2563072241248,3452.6666666666665,3599.5,1647.4146795621243,350.0,0,1,1,0,0,0,0,0,1,2704
61,0,2013-09-20,-0.9749279121818236,-0.2225209339563146,-1.0,-1.8369701987210297e-16,-0.9829265519799822,-0.18399835165767986,2704.0,5434.0,3161.0,2659.4285714285716,2950.0,1284.2242609376879,3405.233333333333,3427.0,1652.7807223258476,350.0,0,1,1,0,0,0,0,0,1,2537
61,0,2013-09-21,-0.7818314824680299,0.6234898018587334,-1.0,-1.8369701987210297e-16,-0.9859481499638303,-0.1670516255021195,2537.0,4158.0,3165.0,2785.0,2950.0,1482.7982555515314,3473.766666666667,3599.5,1677.0316897738523,350.0,0,1,1,0,0,0,0,0,1,5037
61,0,2013-09-22,-2.4492935982947064e-16,1.0,-1.0,-1.8369701987210297e-16,-0.9886775902323404,-0.15005539834465262,5037.0,0.0,0.0,2785.0,2950.0,1482.7982555515314,3381.366666666667,3599.5,1789.6163041534771,350.0,0,1,1,0,0,0,0,0,1,0
61,0,2013-09-23,0.7818314824680298,0.6234898018587336,-1.0,-1.8369701987210297e-16,-0.9911140639934546,-0.13301470653419636,0.0,3019.0,5582.0,3056.4285714285716,2950.0,1691.9234475533901,3426.8,3734.0,1811.3717682349518,350.0,1,1,1,0,0,0,0,0,1,4919
61,0,2013-09-24,0.9749279121818236,-0.22252093395631434,-1.0,-1.8369701987210297e-16,-0.9932568492674143,-0.11593459959550066,4919.0,3248.0,5151.0,3172.5714285714284,2950.0,1734.6310709718505,3562.1666666666665,3885.5,1694.417712684055,350.0,1,1,1,0,0,0,0,0,1,4061
61,0,2013-09-25,0.43388373911755823,-0.900968867902419,-1.0,-1.8369701987210297e-16,-0.9951053111006974,-0.09882013873287211,4061.0,2950.0,5893.0,3319.8571428571427,3981.0,1756.2192752777594,3538.1666666666665,3885.5,1682.790069955318,350.0,1,1,1,0,0,0,0,0,1,3981
61,0,2013-09-26,-0.433883739117558,-0.9009688679024191,-1.0,-1.8369701987210297e-16,-0.99665890175417,-0.08167639533042288,3981.0,2704.0,3946.0,3535.8571428571427,4061.0,1760.8254152121776,3540.0,3885.5,1683.5218216993583,350.0,1,1,1,0,0,0,0,0,1,4216
61,0,2013-09-27,-0.9749279121818236,-0.2225209339563146,-1.0,-1.8369701987210297e-16,-0.9979171608653922,-0.06450844944931625,4216.0,2537.0,5434.0,3849.0,4216.0,1748.4517913476082,3514.7,3885.5,1658.7587829458494,350.0,1,1,1,0,0,0,0,0,1,4729
61,0,2013-09-28,-0.7818314824680299,0.6234898018587334,-1.0,-1.8369701987210297e-16,-0.9988797155850335,-0.04732138832243232,4729.0,5037.0,4158.0,3932.4285714285716,4216.0,1826.7648870013197,3574.5666666666666,3963.5,1702.185546094587,350.0,0,1,1,0,0,0,0,0,1,5621
61,0,2013-09-29,-2.4492935982947064e-16,1.0,-1.0,-1.8369701987210297e-16,-0.9995462806873573,-0.03012030484690836,5621.0,0.0,0.0,3932.4285714285716,4216.0,1826.7648870013197,3429.4,3794.5,1815.278863349688,350.0,0,1,1,0,0,0,0,0,1,0
61,0,2013-09-30,0.7818314824680298,0.6234898018587336,-1.0,-1.8369701987210297e-16,-0.9999166586547379,-0.012910296075008843,0.0,4919.0,3019.0,3855.0,4216.0,1789.0767637713757,3433.1,3794.5,1817.1550206202867,350.0,0,1,1,0,0,0,0,0,1,4377
61,0,2013-10-01,0.9749279121818236,-0.22252093395631434,-0.8660254037844386,0.5000000000000001,-0.9999907397361901,0.004303538296243821,4377.0,4061.0,3248.0,3734.5714285714284,4216.0,1801.2303995827256,3540.366666666667,3794.5,1698.624463445669,350.0,0,1,1,0,0,0,0,0,1,3218
61,0,2013-10-02,0.43388373911755823,-0.900968867902419,-0.8660254037844386,0.5000000000000001,-0.9997685019798909,0.021516097436222233,3218.0,3981.0,2950.0,3721.0,4216.0,1799.4212032391583,3548.4666666666667,3916.0,1699.7097872635595,350.0,0,1,1,0,0,0,0,0,1,3886
61,0,2013-10-03,-0.433883739117558,-0.9009688679024191,-0.8660254037844386,0.5000000000000001,-0.9992500112396835,0.03872228089217399,3886.0,4216.0,2704.0,3118.714285714286,3886.0,2254.221204339812,3438.5333333333333,3916.0,1818.939720207111,350.0,0,1,1,0,0,0,0,0,1,0
61,0,2013-10-04,-0.9749279121818236,-0.2225209339563146,-0.8660254037844386,0.5000000000000001,-0.9984354211555643,0.05591699010060302,0.0,4729.0,2537.0,3067.285714285714,3886.0,2215.1282667365413,3413.5666666666666,3916.0,1800.1357167865349,350.0,0,1,1,0,0,0,0,0,1,4369
61,0,2013-10-05,-0.7818314824680299,0.6234898018587334,-0.8660254037844386,0.5000000000000001,-0.9973249731081555,0.07309512989807776,4369.0,5621.0,5037.0,2914.0,3886.0,2039.090565260241,3463.6666666666665,3963.5,1810.4101903909127,350.0,0,1,1,0,0,0,0,0,1,4548
61,0,2013-10-06,-2.4492935982947064e-16,1.0,-0.8660254037844386,0.5000000000000001,-0.9959189961471792,0.0902516100310407,4548.0,0.0,0.0,2914.0,3886.0,2039.090565260241,3358.3,3963.5,1917.4541517694574,350.0,0,1,1,0,0,0,0,0,1,0
61,0,2013-10-07,0.7818314824680298,0.6234898018587336,-0.8660254037844386,0.5000000000000001,-0.994217906893952,0.10738134666416306,0.0,4377.0,4919.0,3123.714285714286,3886.0,2276.322817929954,3447.633333333333,4021.0,1969.8519195760548,350.0,1,1,1,0,0,0,0,0,1,5845
61,0,2013-10-08,0.9749279121818236,-0.22252093395631434,-0.8660254037844386,0.5000000000000001,-0.9922222094179324,0.12447926388678869,5845.0,3218.0,4061.0,3408.714285714286,4369.0,2410.999911121642,3621.4,4109.5,1883.2627520087158,350.0,1,1,1,0,0,0,0,0,1,5213
61,0,2013-10-09,0.43388373911755823,-0.900968867902419,-0.8660254037844386,0.5000000000000001,-0.989932495087353,0.141540295217043,5213.0,3886.0,3981.0,3478.1428571428573,4372.0,2433.9234052979436,3581.0666666666666,4109.5,1852.5315751105575,350.0,1,1,1,0,0,0,0,0,1,4372
61,0,2013-10-10,-0.433883739117558,-0.9009688679024191,-0.8660254037844386,0.5000000000000001,-0.9873494423939864,0.15855938510313475,4372.0,0.0,4216.0,4046.1428571428573,4372.0,1890.146152071439,3541.9,4021.0,1830.4849997972542,350.0,1,1,1,0,0,0,0,0,1,3976
61,0,2013-10-11,-0.9749279121818236,-0.2225209339563146,-0.8660254037844386,0.5000000000000001,-0.9844738167520923,0.17553149042142777,3976.0,4369.0,4729.0,4105.428571428572,4548.0,1908.3809767394307,3504.9333333333334,4021.0,1792.1642653571084,350.0,1,1,1,0,0,0,0,0,1,4784
61,0,2013-10-12,-0.7818314824680299,0.6234898018587334,-0.8660254037844386,0.5000000000000001,-0.9813064702716093,0.19245158197082995,4784.0,4548.0,5621.0,4086.4285714285716,4415.0,1903.8971310746483,3520.5666666666666,4109.5,1798.179916650076,350.0,0,1,1,0,0,0,0,0,1,4415
61,0,2013-10-13,-2.4492935982947064e-16,1.0,-0.8660254037844386,0.5000000000000001,-0.9778483415056568,0.20931464596304888,4415.0,0.0,0.0,4086.4285714285716,4415.0,1903.897131074648,3339.4333333333334,4021.0,1871.003449808525,350.0,0,1,1,0,0,0,0,0,1,0
61,0,2013-10-14,0.7818314824680298,0.6234898018587336,-0.8660254037844386,0.5000000000000001,-0.9741004551724206,0.22611568550828803,0.0,5845.0,4377.0,3871.1428571428573,4372.0,1750.962823569878,3345.4333333333334,4021.0,1874.0051831403189,350.0,0,1,1,0,0,0,0,0,1,4338
61,0,2013-10-15,0.9749279121818236,-0.22252093395631434,-0.8660254037844386,0.5000000000000001,-0.970063921851507,0.2428497220959358,4338.0,5213.0,3218.0,3525.0,4338.0,1679.52423818969,3438.4333333333334,4021.0,1768.5185634296856,350.0,0,1,1,0,0,0,0,0,1,2790
61,0,2013-10-16,0.43388373911755823,-0.900968867902419,-0.8660254037844386,0.5000000000000001,-0.965739937654855,0.25951179706979943,2790.0,4372.0,3886.0,3367.285714285714,3976.0,1638.0544063294205,3446.733333333333,4021.0,1767.0659089113735,350.0,0,1,1,0,0,0,0,0,1,3268
61,0,2013-10-17,-0.433883739117558,-0.9009688679024191,-0.8660254037844386,0.5000000000000001,-0.9611297838723007,0.27609697309746883,3268.0,3976.0,0.0,3307.714285714286,3559.0,1619.70745447912,3457.1,4021.0,1766.7720487979739,350.0,0,1,1,0,0,0,0,0,1,3559
61,0,2013-10-18,-0.9749279121818236,-0.2225209339563146,-0.8660254037844386,0.5000000000000001,-0.9562348265919058,0.2926003356333479,3559.0,4784.0,4369.0,3158.1428571428573,3559.0,1504.9351512685862,3483.3333333333335,4021.0,1764.8245850769279,350.0,0,1,1,0,0,0,0,0,1,3737
61,0,2013-10-19,-0.7818314824680299,0.6234898018587334,-0.8660254037844386,0.5000000000000001,-0.9510565162951536,0.30901699437494723,3737.0,4415.0,4548.0,3101.1428571428573,3559.0,1456.1630435922357,3527.0666666666666,4038.5,1761.098441183861,350.0,0,1,1,0,0,0,0,0,1,4016
61,0,2013-10-20,-2.4492935982947064e-16,1.0,-0.8660254037844386,0.5000000000000001,-0.9455963874271428,0.3253420847119795,4016.0,0.0,0.0,3101.1428571428573,3559.0,1456.1630435922357,3442.5,4038.5,1867.950984183028,350.0,0,1,1,0,0,0,0,0,1,0
61,0,2013-10-21,0.7818314824680298,0.6234898018587336,-0.8660254037844386,0.5000000000000001,-0.9398560579418953,0.341570769167856,0.0,4338.0,5845.0,3510.1428571428573,3559.0,2114.6516993405326,3514.633333333333,4038.5,1970.6097513089746,350.0,1,1,1,0,0,0,0,0,1,7201
61,0,2013-10-22,0.9749279121818236,-0.22252093395631434,-0.8660254037844386,0.5000000000000001,-0.9338372288229252,0.35769823883312546,7201.0,2790.0,5213.0,3767.1428571428573,3737.0,2121.8504053908077,3667.6,4138.5,1863.5841736862294,350.0,1,1,1,0,0,0,0,0,1,4589
61,0,2013-10-23,0.43388373911755823,-0.900968867902419,-0.8660254037844386,0.5000000000000001,-0.9275416835791965,0.3737197147904692,4589.0,3268.0,4372.0,3967.285714285714,4016.0,2132.967316071337,3659.266666666667,4138.5,1858.3469653641523,350.0,1,1,1,0,0,0,0,0,1,4669
61,0,2013-10-24,-0.433883739117558,-0.9009688679024191,-0.8660254037844386,0.5000000000000001,-0.9209712877166346,0.38963044953078774,4669.0,3559.0,3976.0,4116.428571428572,4589.0,2136.158066650096,3677.3333333333335,4277.0,1865.0099441970856,350.0,1,1,1,0,0,0,0,0,1,4603
61,0,2013-10-25,-0.9749279121818236,-0.2225209339563146,-0.8660254037844386,0.5000000000000001,-0.9141279881853337,0.4054257283599973,4603.0,3737.0,4784.0,4232.285714285715,4589.0,2134.141335079574,3696.233333333333,4353.5,1871.0566014279523,350.0,1,1,1,0,0,0,0,0,1,4548
61,0,2013-10-26,-0.7818314824680299,0.6234898018587334,-0.8660254037844386,0.5000000000000001,-0.9070138128026362,0.42110087079608916,4548.0,4016.0,4415.0,4277.428571428572,4589.0,2132.144996409549,3700.1,4353.5,1872.2872302116962,350.0,0,1,1,0,0,0,0,0,1,4332
61,0,2013-10-27,-2.4492935982947064e-16,1.0,-0.8660254037844386,0.5000000000000001,-0.8996308696522434,0.4366512319560638,4332.0,0.0,0.0,4277.428571428572,4589.0,2132.144996409549,3542.4666666666667,4335.0,1978.7228680403284,350.0,0,1,1,0,0,0,0,0,1,0
61,0,2013-10-28,0.7818314824680298,0.6234898018587336,-0.8660254037844386,0.5000000000000001,-0.8919813464595487,0.45207220393230374,0.0,7201.0,4338.0,3737.5714285714284,4548.0,1703.9474617431558,3469.1666666666665,4174.0,1939.4098477297832,350.0,0,1,1,0,0,0,0,0,1,3422
61,0,2013-10-29,0.9749279121818236,-0.22252093395631434,-0.8660254037844386,0.5000000000000001,-0.8840675099433637,0.46735921715800205,3422.0,4589.0,2790.0,3654.0,4332.0,1669.2206764435487,3602.633333333333,4174.0,1826.9489826093848,350.0,0,1,1,0,0,0,0,0,1,4004
61,0,2013-10-30,0.43388373911755823,-0.900968867902419,-0.8660254037844386,0.5000000000000001,-0.8758917051442433,0.48250774176121763,4004.0,4669.0,3268.0,3560.4285714285716,4014.0,1620.4871548542467,3590.5333333333333,4015.0,1822.8409190304976,350.0,0,1,1,0,0,0,0,0,1,4014
61,0,2013-10-31,-0.433883739117558,-0.9009688679024191,-0.8660254037844386,0.5000000000000001,-0.867456354729597,0.4975132889071803,4014.0,4603.0,3559.0,3507.4285714285716,4014.0,1586.4142856499616,3624.3333333333335,4124.0,1825.0946755477203,350.0,0,1,1,0,0,0,0,0,1,4232
61,0,2013-11-01,-0.9749279121818236,-0.2225209339563146,-0.5000000000000004,0.8660254037844384,-0.858763958275803,0.5123714121284235,4232.0,4548.0,3737.0,2857.714285714286,4004.0,1973.3485681522577,3494.8,4124.0,1940.1573238733263,350.0,0,1,1,0,0,0,0,0,1,0
61,0,2013-11-02,-0.7818314824680299,0.6234898018587334,-0.5000000000000004,0.8660254037844384,-0.8498170915275277,0.5270777086423724,0.0,4332.0,4016.0,3296.1428571428573,4004.0,2597.6597434724076,3741.5,4282.0,1950.959511943129,350.0,0,1,1,0,0,0,0,0,1,7401
61,0,2013-11-03,-2.4492935982947064e-16,1.0,-0.5000000000000004,0.8660254037844384,-0.8406184056344783,0.5416278206559811,7401.0,0.0,0.0,3296.1428571428573,4004.0,2597.6597434724076,3595.866666666667,4124.0,2062.3876476539026,350.0,0,1,1,0,0,0,0,0,1,0
61,0,2013-11-04,0.7818314824680298,0.6234898018587336,-0.5000000000000004,0.8660254037844384,-0.8311706263658079,0.5560174366570446,0.0,3422.0,7201.0,3635.4285714285716,4014.0,2766.4556058335024,3637.5,4124.0,2094.6258945050376,350.0,1,1,1,0,0,0,0,0,1,5797
61,0,2013-11-05,0.9749279121818236,-0.22252093395631434,-0.5000000000000004,0.8660254037844384,-0.8214765533024145,0.5702422926917867,5797.0,4004.0,4589.0,3912.4285714285716,4232.0,2903.205059765433,3835.6,4282.0,2018.3886300881097,350.0,1,1,1,0,0,0,0,0,1,5943
61,0,2013-11-06,0.43388373911755823,-0.900968867902419,-0.5000000000000004,0.8660254037844384,-0.8115390590073611,0.5842981736283683,5943.0,4014.0,4669.0,4041.0,4914.0,2928.2734389625098,3804.5666666666666,4282.0,1993.4310515970337,350.0,1,1,1,0,0,0,0,0,1,4914
61,0,2013-11-07,-0.433883739117558,-0.9009688679024191,-0.5000000000000004,0.8660254037844384,-0.8013610881746769,0.5981809144059159,4914.0,4232.0,4603.0,4223.571428571428,5510.0,2981.522701414096,3814.4666666666667,4282.0,2001.3885823275937,350.0,1,1,1,0,0,0,0,0,1,5510
61,0,2013-11-08,-0.9749279121818236,-0.2225209339563146,-0.5000000000000004,0.8660254037844384,-0.7909456567567774,0.6118864012687242,5510.0,0.0,4548.0,4938.571428571428,5510.0,2328.46035376332,3835.5666666666666,4282.0,2010.7838698538337,350.0,1,1,1,0,0,0,0,0,1,5005
61,0,2013-11-09,-0.7818314824680299,0.6234898018587334,-0.5000000000000004,0.8660254037844384,-0.780295851070776,0.6254105729852457,5005.0,7401.0,4332.0,4611.571428571428,5112.0,2071.56887866361,3873.4333333333334,4335.0,2024.1715663167113,350.0,0,1,1,0,0,0,0,0,1,5112
61,0,2013-11-10,-2.4492935982947064e-16,1.0,-0.5000000000000004,0.8660254037844384,-0.7694148268839381,0.6387494220515268,5112.0,0.0,0.0,4611.571428571428,5112.0,2071.56887866361,3713.9666666666667,4282.0,2135.3535681285975,350.0,0,1,1,0,0,0,0,0,1,0
61,0,2013-11-11,0.7818314824680298,0.6234898018587336,-0.5000000000000004,0.8660254037844384,-0.7583058084785625,0.6518989958787125,0.0,5797.0,3422.0,4324.857142857143,5005.0,2018.3610866716751,3693.133333333333,4124.0,2131.323236918764,350.0,0,1,1,0,0,0,0,0,1,3790
61,0,2013-11-12,0.9749279121818236,-0.22252093395631434,-0.5000000000000004,0.8660254037844384,-0.7469720876965551,0.6648553979642867,3790.0,5943.0,4004.0,3962.5714285714284,4914.0,1903.8560744922245,3806.7,4124.0,2015.366316493149,350.0,0,1,1,0,0,0,0,0,1,3407
61,0,2013-11-13,0.43388373911755823,-0.900968867902419,-0.5000000000000004,0.8660254037844384,-0.7354170229639858,0.6776147890466887,3407.0,4914.0,4014.0,3806.0,3818.0,1857.0626447879072,3789.366666666667,4015.0,2012.8738673218247,350.0,0,1,1,0,0,0,0,0,1,3818
61,0,2013-11-14,-0.433883739117558,-0.9009688679024191,-0.5000000000000004,0.8660254037844384,-0.7236440382959123,0.690173388242972,3818.0,5510.0,4232.0,3505.1428571428573,3790.0,1698.8463172175996,3809.8333333333335,4015.0,2005.469952376512,350.0,0,1,1,0,0,0,0,0,1,3404
61,0,2013-11-15,-0.9749279121818236,-0.2225209339563146,-0.5000000000000004,0.8660254037844384,-0.7116566222817751,0.7025274741691566,3404.0,5005.0,0.0,3264.285714285714,3407.0,1565.0061463442341,3811.5333333333333,4015.0,2005.0163768070224,350.0,0,1,1,0,0,0,0,0,1,3319
61,0,2013-11-16,-0.7818314824680299,0.6234898018587334,-0.5000000000000004,0.8660254037844384,-0.6994583270516471,0.7146733860429608,3319.0,5112.0,7401.0,3305.714285714286,3407.0,1624.7679541281877,3872.9666666666667,4124.0,2025.145537270452,350.0,0,1,1,0,0,0,0,0,1,5402
61,0,2013-11-17,-2.4492935982947064e-16,1.0,-0.5000000000000004,0.8660254037844384,-0.6870527672236675,0.726607524768565,5402.0,0.0,0.0,3305.714285714286,3407.0,1624.7679541281877,3748.4,4124.0,2145.171781562909,350.0,0,1,1,0,0,0,0,0,1,0
61,0,2013-11-18,0.7818314824680298,0.6234898018587336,-0.5000000000000004,0.8660254037844384,-0.6744436188329457,0.7383263540031063,0.0,3790.0,5797.0,3552.1428571428573,3407.0,1828.5033432264943,3798.366666666667,4282.0,2168.9458981715966,350.0,1,1,1,0,0,0,0,0,1,5515
61,0,2013-11-19,0.9749279121818236,-0.22252093395631434,-0.5000000000000004,0.8660254037844384,-0.661634618242279,0.749826401204568,5515.0,3407.0,5943.0,3729.1428571428573,3818.0,1871.5724608442138,3953.233333333333,4440.0,2051.045531250917,350.0,1,1,1,0,0,0,0,0,1,4646
61,0,2013-11-20,0.43388373911755823,-0.900968867902419,-0.5000000000000004,0.8660254037844384,-0.6486295610349818,0.7611042586607742,4646.0,3818.0,4914.0,3894.0,4646.0,1930.5980938558882,3878.9333333333334,4440.0,1968.0300658856497,350.0,1,1,1,0,0,0,0,0,1,4972
61,0,2013-11-21,-0.433883739117558,-0.9009688679024191,-0.5000000000000004,0.8660254037844384,-0.6354323008901775,0.7721565844991641,4972.0,3404.0,5510.0,4033.4285714285716,4646.0,1924.5461679006146,3871.9666666666667,4356.0,1965.7984686992254,350.0,1,1,1,0,0,0,0,0,1,4380
61,0,2013-11-22,-0.9749279121818236,-0.2225209339563146,-0.5000000000000004,0.8660254037844384,-0.622046748440868,0.7829801036770625,4380.0,3319.0,5005.0,4210.428571428572,4646.0,1904.7629648806542,3868.266666666667,4356.0,1964.3505012990968,350.0,1,1,1,0,0,0,0,0,1,4558
61,0,2013-11-23,-0.7818314824680299,0.6234898018587334,-0.5000000000000004,0.8660254037844384,-0.6084768701151264,0.7935716089521472,4558.0,5402.0,5112.0,4182.142857142857,4646.0,1885.4916625442281,3888.3,4356.0,1975.1370471874611,350.0,0,1,1,0,0,0,0,0,1,5204
61,0,2013-11-24,-2.4492935982947064e-16,1.0,-0.5000000000000004,0.8660254037844384,-0.594726686960764,0.8039279618328208,5204.0,0.0,0.0,4182.142857142857,4646.0,1885.4916625442281,3736.7,4282.0,2093.734662733324,350.0,0,1,1,0,0,0,0,0,1,0
61,0,2013-11-25,0.7818314824680298,0.6234898018587336,-0.5000000000000004,0.8660254037844384,-0.5808002734538014,0.8140460935082175,0.0,5515.0,3790.0,4018.8571428571427,4558.0,1798.3035921456083,3738.0333333333333,4302.0,2094.1395316838157,350.0,0,1,1,0,0,0,0,0,1,4372
61,0,2013-11-26,0.9749279121818236,-0.22252093395631434,-0.5000000000000004,0.8660254037844384,-0.5667017562911184,0.8239230057575536,4372.0,4646.0,3407.0,3954.1428571428573,4380.0,1780.0316877864277,3877.8,4302.0,1972.441606145835,350.0,0,1,1,0,0,0,0,0,1,4193
61,0,2013-11-27,0.43388373911755823,-0.900968867902419,-0.5000000000000004,0.8660254037844384,-0.5524353131676203,0.8335557718385695,4193.0,4972.0,3818.0,3894.4285714285716,4380.0,1746.897808224895,3915.5333333333333,4376.0,1974.2482590864138,350.0,0,1,1,0,0,0,0,0,1,4554
61,0,2013-11-28,-0.433883739117558,-0.9009688679024191,-0.5000000000000004,0.8660254037844384,-0.5380051715382992,0.8429415373547832,4554.0,4380.0,3404.0,3912.285714285714,4505.0,1753.3157839063751,3932.233333333333,4442.5,1977.139237476158,350.0,0,1,1,0,0,0,0,0,1,4505
61,0,2013-11-29,-0.9749279121818236,-0.2225209339563146,-0.5000000000000004,0.8660254037844384,-0.5234156073655503,0.8520775211013093,4505.0,4558.0,3319.0,3982.285714285714,4505.0,1792.7305722728927,3966.7,4529.5,1987.5987791545201,350.0,0,1,1,0,0,0,0,0,1,5048
61,0,2013-11-30,-0.7818314824680299,0.6234898018587334,-0.5000000000000004,0.8660254037844384,-0.5086709438521042,0.8609610158889945,5048.0,5204.0,5402.0,4160.428571428572,4505.0,1985.9136316519255,4040.6666666666665,4556.0,2038.4506343067847,350.0,0,1,1,0,0,0,0,0,1,6451
61,0,2013-12-01,-2.4492935982947064e-16,1.0,-2.4492935982947064e-16,1.0,-0.4937755501599774,0.8695893893466109,6451.0,0.0,0.0,4160.428571428572,4505.0,1985.9136316519255,4040.6666666666665,4556.0,2038.4506343067847,350.0,0,1,1,0,0,0,0,0,1,0
61,0,2013-12-02,0.7818314824680298,0.6234898018587336,-2.4492935982947064e-16,1.0,-0.4787338401157883,0.8779600847008883,0.0,4372.0,5515.0,4612.857142857143,4554.0,2366.4410288146055,4045.266666666667,4556.0,2046.4351668093493,350.0,1,1,1,0,0,0,0,0,1,7539
61,0,2013-12-03,0.9749279121818236,-0.22252093395631434,-2.4492935982947064e-16,1.0,-0.4635502709028512,0.8860706215341377,7539.0,4193.0,4646.0,4960.714285714285,5048.0,2471.0911027510138,4266.2,4602.0,1950.163501545089,350.0,1,1,1,0,0,0,0,0,1,6628
61,0,2013-12-04,0.43388373911755823,-0.900968867902419,-2.4492935982947064e-16,1.0,-0.4482293417404106,0.893918596519257,6628.0,4554.0,4972.0,5227.428571428572,6421.0,2520.1458196661824,4287.0,4602.0,1970.2776629108646,350.0,1,1,1,0,0,0,0,0,1,6421
61,0,2013-12-05,-0.433883739117558,-0.9009688679024191,-2.4492935982947064e-16,1.0,-0.4327755925504317,0.9015016841318838,6421.0,4505.0,4380.0,5449.714285714285,6421.0,2514.4207891206047,4290.933333333333,4602.0,1973.8122038562674,350.0,1,1,1,0,0,0,0,0,1,6061
61,0,2013-12-06,-0.9749279121818236,-0.2225209339563146,-2.4492935982947064e-16,1.0,-0.41719360261231697,0.9088176373395028,6061.0,5048.0,4558.0,5568.0,6421.0,2511.847792628628,4323.0,4602.0,1992.0140561753024,350.0,1,1,1,0,0,0,0,0,1,5876
61,0,2013-12-07,-0.7818314824680299,0.6234898018587334,-2.4492935982947064e-16,1.0,-0.4014879892059737,0.9158642882672868,5876.0,6451.0,5204.0,5450.428571428572,6061.0,2482.7211453794534,4326.933333333333,4602.0,1994.5535484090783,350.0,0,1,1,0,0,0,0,0,1,5628
61,0,2013-12-08,-2.4492935982947064e-16,1.0,-2.4492935982947064e-16,1.0,-0.38566340624360745,0.9226395488404875,5628.0,0.0,0.0,5450.428571428572,6061.0,2482.7211453794534,4160.1,4556.0,2139.9053209800204,350.0,0,1,1,0,0,0,0,0,1,0
61,0,2013-12-09,0.7818314824680298,0.6234898018587336,-2.4492935982947064e-16,1.0,-0.3697245428906732,0.9291414114031743,0.0,7539.0,4372.0,5070.857142857143,5876.0,2307.086360800232,4152.433333333333,4556.0,2136.7870770490126,350.0,0,1,1,0,0,0,0,0,1,4882
61,0,2013-12-10,0.9749279121818236,-0.22252093395631434,-2.4492935982947064e-16,1.0,-0.3536761221763721,0.935367949313148,4882.0,6628.0,4193.0,4797.571428571428,5628.0,2202.8402012812767,4309.6,4602.0,1989.131236460292,350.0,0,1,1,0,0,0,0,0,1,4715
61,0,2013-12-11,0.43388373911755823,-0.900968867902419,-2.4492935982947064e-16,1.0,-0.33752289959411347,0.941317317512847,4715.0,6421.0,4554.0,4558.142857142857,4882.0,2084.9057075857877,4341.433333333333,4680.5,1988.1705103337843,350.0,0,1,1,0,0,0,0,0,1,4745
61,0,2013-12-12,-0.433883739117558,-0.9009688679024191,-2.4492935982947064e-16,1.0,-0.32126966169236515,0.946987753076075,4745.0,6061.0,4505.0,4330.571428571428,4745.0,1977.709774557667,4376.8,4680.5,1980.3967453430882,350.0,0,1,1,0,0,0,0,0,1,4468
61,0,2013-12-13,-0.9749279121818236,-0.2225209339563146,-2.4492935982947064e-16,1.0,-0.3049212246562894,0.9523775757303973,4468.0,5876.0,5048.0,4169.857142857143,4745.0,1874.194176045747,4407.9,4730.0,1978.643899065803,350.0,0,1,1,0,0,0,0,0,1,4751
61,0,2013-12-14,-0.7818314824680299,0.6234898018587334,-2.4492935982947064e-16,1.0,-0.2884824328806098,0.9574851883550389,4751.0,5628.0,6451.0,4309.571428571428,4745.0,2030.9108676603555,4514.633333333333,4748.0,2008.7565802880524,350.0,0,1,1,0,0,0,0,0,1,6606
61,0,2013-12-15,-2.4492935982947064e-16,1.0,-2.4492935982947064e-16,1.0,-0.27195815753410524,0.9623090774541487,6606.0,0.0,0.0,4309.571428571428,4745.0,2030.9108676603555,4404.0,4748.0,2162.3994495259944,350.0,0,1,1,0,0,0,0,0,1,0
61,0,2013-12-16,0.7818314824680298,0.6234898018587336,-2.4492935982947064e-16,1.0,-0.2553532951161881,0.9668478136052773,0.0,4882.0,7539.0,4815.714285714285,4745.0,2567.8592714740466,4504.766666666666,4748.0,2277.861893475349,350.0,1,1,1,0,0,0,0,0,1,8425
61,0,2013-12-17,0.9749279121818236,-0.22252093395631434,-2.4492935982947064e-16,1.0,-0.23867276600594997,0.9711000518829505,8425.0,4715.0,6628.0,5304.571428571428,4751.0,2855.1513011364095,4776.0,4816.5,2206.293193383958,350.0,1,1,1,0,0,0,0,0,1,8137
61,0,2013-12-18,0.43388373911755823,-0.900968867902419,-2.4492935982947064e-16,1.0,-0.22192151300416674,0.9750645322571945,8137.0,4745.0,6421.0,5613.285714285715,6606.0,2901.0244003504263,4822.366666666667,4816.5,2236.765236449385,350.0,1,1,1,0,0,0,0,0,1,6906
61,0,2013-12-19,-0.433883739117558,-0.9009688679024191,-2.4492935982947064e-16,1.0,-0.20510449986861926,0.9787400799669153,6906.0,4468.0,6061.0,5944.714285714285,6788.0,2880.8278737361616,4893.766666666666,4927.0,2264.95119355702,350.0,1,1,1,0,0,0,0,0,1,6788
61,0,2013-12-20,-0.9749279121818236,-0.2225209339563146,-2.4492935982947064e-16,1.0,-0.1882267098432439,0.9821256058680006,6788.0,4751.0,5876.0,6318.428571428572,6906.0,2869.8235054408706,4973.6,4965.0,2309.5728460116707,350.0,1,1,1,0,0,0,0,0,1,7367
61,0,2013-12-21,-0.7818314824680299,0.6234898018587334,-2.4492935982947064e-16,1.0,-0.1712931441814778,0.9852201067560606,7367.0,6606.0,5628.0,6487.0,7367.0,2923.6813551867513,5087.133333333333,5126.0,2362.4958563486052,350.0,0,1,1,0,0,0,0,0,1,7786
61,0,2013-12-22,-2.4492935982947064e-16,1.0,-2.4492935982947064e-16,1.0,-0.154308820664281,0.9880226656636976,7786.0,0.0,0.0,6487.0,7367.0,2923.6813551867513,4935.2,5126.0,2537.7606528265133,350.0,0,1,1,0,0,0,0,0,1,0
61,0,2013-12-23,0.7818314824680298,0.6234898018587336,-2.4492935982947064e-16,1.0,-0.13727877211326517,0.9905324521322227,0.0,8425.0,4882.0,6529.571428571428,7367.0,2958.56501574343,5052.5,5338.0,2630.255274748972,350.0,0,1,1,0,0,0,0,0,1,8723
61,0,2013-12-24,0.9749279121818236,-0.22252093395631434,-2.4492935982947064e-16,1.0,-0.12020804489935275,0.9927487224577402,8723.0,8137.0,4715.0,5677.0,6906.0,3262.4441757676063,5124.8,5338.0,2513.8172566835406,350.0,0,1,1,0,0,0,0,0,1,2169
61,0,2013-12-25,0.43388373911755823,-0.900968867902419,-2.4492935982947064e-16,1.0,-0.10310169744743544,0.9946708199115211,2169.0,6906.0,4745.0,4690.428571428572,6788.0,3824.610605762928,4979.066666666667,5338.0,2680.1875890772353,350.0,0,1,1,0,0,0,0,0,1,0
61,0,2013-12-26,-0.433883739117558,-0.9009688679024191,-2.4492935982947064e-16,1.0,-0.0859647987374467,0.9962981749346077,0.0,6788.0,4468.0,3720.714285714286,2169.0,4057.580794606794,4839.3,5338.0,2827.8535926351065,350.0,0,1,1,0,0,0,0,0,1,0
61,0,2013-12-27,-0.9749279121818236,-0.2225209339563146,-2.4492935982947064e-16,1.0,-0.06880242680232064,0.9976303053065857,0.0,7367.0,4751.0,3456.4285714285716,2169.0,3834.624834197945,4871.4,5572.5,2829.968265936363,350.0,0,1,1,0,0,0,0,0,1,5517
61,0,2013-12-28,-0.7818314824680299,0.6234898018587334,-2.4492935982947064e-16,1.0,-0.05161966722325418,0.9986668162884759,5517.0,7786.0,6606.0,3149.285714285714,2169.0,3501.6917680023234,4909.1,5632.0,2832.45121515038,350.0,0,1,1,0,0,0,0,0,1,5636
61,0,2013-12-29,-2.4492935982947064e-16,1.0,-2.4492935982947064e-16,1.0,-0.034421611622745804,0.9994074007397048,5636.0,0.0,0.0,3149.285714285714,2169.0,3501.6917680023234,4740.833333333333,5632.0,2970.4938412525808,350.0,0,1,1,0,0,0,0,0,1,0
61,0,2013-12-30,0.7818314824680298,0.6234898018587336,-2.4492935982947064e-16,1.0,-0.01721335615583528,0.9998518392091162,0.0,8723.0,8425.0,2990.8571428571427,2169.0,3221.3547061534755,4779.6,5632.0,3001.014237749029,350.0,0,1,1,0,0,0,0,0,1,7614
61,0,2013-12-31,0.9749279121818236,-0.22252093395631434,-2.4492935982947064e-16,1.0,6.432490598706546e-16,1.0,7614.0,2169.0,8137.0,3119.8571428571427,3072.0,3200.9739366100976,4882.0,5632.0,2882.367657039052,350.0,0,1,1,0,0,0,0,0,1,3072
61,0,2014-01-01,0.43388373911755823,-0.900968867902419,0.49999999999999994,0.8660254037844387,0.017213356155834685,0.9998518392091162,3072.0,0.0,6906.0,3119.8571428571427,3072.0,3200.9739366100976,4630.7,5572.5,2970.039941099128,350.0,0,1,1,0,0,0,0,0,1,0
61,0,2014-01-02,-0.433883739117558,-0.9009688679024191,0.49999999999999994,0.8660254037844387,0.03442161162274574,0.9994074007397048,0.0,0.0,6788.0,3723.8571428571427,4228.0,2898.797591448991,4550.7,5199.5,2946.6166471933907,350.0,0,1,1,0,0,0,0,0,1,4228
61,0,2014-01-03,-0.9749279121818236,-0.2225209339563146,0.49999999999999994,0.8660254037844387,0.051619667223253764,0.998666816288476,4228.0,5517.0,7367.0,3494.285714285714,3910.0,2794.892109681857,4467.0,4816.5,2927.257419496956,350.0,0,1,1,0,0,0,0,0,1,3910
61,0,2014-01-04,-0.7818314824680299,0.6234898018587334,0.49999999999999994,0.8660254037844387,0.06880242680231986,0.9976303053065857,3910.0,5636.0,7786.0,3373.4285714285716,3910.0,2703.6463561360274,4424.633333333333,4770.5,2912.552435322964,350.0,0,1,1,0,0,0,0,0,1,4790
61,0,2014-01-05,-2.4492935982947064e-16,1.0,0.49999999999999994,0.8660254037844387,0.08596479873744647,0.9962981749346078,4790.0,0.0,0.0,3373.4285714285716,3910.0,2703.6463561360274,4228.766666666666,4748.0,3007.6104122631987,350.0,0,1,1,0,0,0,0,0,1,0
61,0,2014-01-06,0.7818314824680298,0.6234898018587336,0.49999999999999994,0.8660254037844387,0.10310169744743485,0.9946708199115211,0.0,7614.0,8723.0,2285.714285714286,3072.0,2197.496280943818,4041.1666666666665,4730.0,3091.67230813997,350.0,1,1,1,0,0,0,0,0,1,0
61,0,2014-01-07,0.9749279121818236,-0.22252093395631434,0.49999999999999994,0.8660254037844387,0.1202080448993527,0.9927487224577402,0.0,3072.0,2169.0,2899.4285714285716,3910.0,2931.120539835853,4286.766666666666,4748.0,3051.9745070943836,350.0,1,1,1,0,0,0,0,0,1,7368
61,0,2014-01-08,0.43388373911755823,-0.900968867902419,0.49999999999999994,0.8660254037844387,0.13727877211326478,0.9905324521322229,7368.0,0.0,0.0,3832.0,4228.0,2893.118962872652,4341.633333333333,4748.0,3077.7310102191113,350.0,1,1,1,0,0,0,0,0,1,6528
61,0,2014-01-09,-0.433883739117558,-0.9009688679024191,0.49999999999999994,0.8660254037844387,0.15430882066428117,0.9880226656636976,6528.0,4228.0,0.0,3930.285714285714,4790.0,2920.372220242122,4348.333333333333,4770.5,3078.7904290073247,350.0,1,1,1,0,0,0,0,0,1,4916
61,0,2014-01-10,-0.9749279121818236,-0.2225209339563146,0.49999999999999994,0.8660254037844387,0.1712931441814776,0.9852201067560606,4916.0,3910.0,5517.0,4183.428571428572,4916.0,2994.1878619052854,4379.566666666667,4853.0,3087.693153900442,350.0,1,1,1,0,0,0,0,0,1,5682
61,0,2014-01-11,-0.7818314824680299,0.6234898018587334,0.49999999999999994,0.8660254037844387,0.1882267098432442,0.9821256058680006,5682.0,4790.0,5636.0,4228.285714285715,5104.0,3007.113882905318,4400.766666666666,5010.0,3090.503370263358,350.0,0,1,1,0,0,0,0,0,1,5104
61,0,2014-01-12,-2.4492935982947064e-16,1.0,0.49999999999999994,0.8660254037844387,0.2051044998686192,0.9787400799669153,5104.0,0.0,0.0,4228.285714285715,5104.0,3007.113882905318,4242.4,5010.0,3191.998645319907,350.0,0,1,1,0,0,0,0,0,1,0
61,0,2014-01-13,0.7818314824680298,0.6234898018587336,0.49999999999999994,0.8660254037844387,0.22192151300416552,0.9750645322571948,0.0,0.0,7614.0,4796.428571428572,5104.0,2386.8264744316057,4154.766666666666,4853.0,3160.8065828239123,350.0,0,1,1,0,0,0,0,0,1,3977
61,0,2014-01-14,0.9749279121818236,-0.22252093395631434,0.49999999999999994,0.8660254037844387,0.2386727660059501,0.9711000518829505,3977.0,7368.0,3072.0,4255.428571428572,4916.0,2121.208920807726,4274.133333333333,4853.0,3064.647808232739,350.0,0,1,1,0,0,0,0,0,1,3581
61,0,2014-01-15,0.43388373911755823,-0.900968867902419,0.49999999999999994,0.8660254037844387,0.255353295116187,0.9668478136052775,3581.0,6528.0,0.0,3787.0,3977.0,1884.5646712172004,4101.6,4509.0,2967.0494527682554,350.0,0,1,1,0,0,0,0,0,1,3249
61,0,2014-01-16,-0.433883739117558,-0.9009688679024191,0.49999999999999994,0.8660254037844387,0.2719581575341055,0.9623090774541486,3249.0,4916.0,4228.0,3539.285714285714,3581.0,1824.4337673449722,3936.4333333333334,4102.5,2871.0258971835906,350.0,0,1,1,0,0,0,0,0,1,3182
61,0,2014-01-17,-0.9749279121818236,-0.2225209339563146,0.49999999999999994,0.8660254037844387,0.288482432880609,0.9574851883550393,3182.0,5682.0,3910.0,3313.285714285714,3581.0,1598.8013962846992,3842.9,4038.5,2816.1288830958874,350.0,0,1,1,0,0,0,0,0,1,4100
61,0,2014-01-18,-0.7818314824680299,0.6234898018587334,0.49999999999999994,0.8660254037844387,0.30492122465628907,0.9523775757303974,4100.0,5104.0,4790.0,3334.714285714286,3581.0,1627.5490483429073,3791.766666666667,4038.5,2774.4277158676723,350.0,0,1,1,0,0,0,0,0,1,5254
61,0,2014-01-19,-2.4492935982947064e-16,1.0,0.49999999999999994,0.8660254037844387,0.3212696616923644,0.9469877530760753,5254.0,0.0,0.0,3334.714285714286,3581.0,1627.5490483429073,3546.2,3943.5,2773.098210081753,350.0,0,1,1,0,0,0,0,0,1,0
61,0,2014-01-20,0.7818314824680298,0.6234898018587336,0.49999999999999994,0.8660254037844387,0.3375228995941133,0.9413173175128471,0.0,3977.0,0.0,3628.8571428571427,3581.0,1922.336636194904,3487.866666666667,3943.5,2698.232202033761,350.0,1,1,1,0,0,0,0,0,1,6036
61,0,2014-01-21,0.9749279121818236,-0.22252093395631434,0.49999999999999994,0.8660254037844387,0.3536761221763716,0.9353679493131483,6036.0,3581.0,7368.0,3857.0,4100.0,2008.5433361850394,3660.4666666666667,4038.5,2632.2330068401716,350.0,1,1,1,0,0,0,0,0,1,5178
61,0,2014-01-22,0.43388373911755823,-0.900968867902419,0.49999999999999994,0.8660254037844387,0.3697245428906731,0.9291414114031743,5178.0,3249.0,6528.0,4192.857142857143,5178.0,2085.0364847784163,3556.366666666667,4038.5,2482.6175630507046,350.0,1,1,1,0,0,0,0,0,1,5600
61,0,2014-01-23,-0.433883739117558,-0.9009688679024191,0.49999999999999994,0.8660254037844387,0.38566340624360707,0.9226395488404876,5600.0,3182.0,4916.0,4412.857142857143,5178.0,2041.3893494849203,3641.4666666666667,4164.0,2477.171380945354,350.0,1,1,1,0,0,0,0,0,1,4722
61,0,2014-01-24,-0.9749279121818236,-0.2225209339563146,0.49999999999999994,0.8660254037844387,0.401487989205973,0.9158642882672872,4722.0,4100.0,5682.0,4476.857142857143,5178.0,2036.9640340935002,3793.0666666666666,4388.0,2384.049075711802,350.0,1,1,1,0,0,0,0,0,1,4548
61,0,2014-01-25,-0.7818314824680299,0.6234898018587334,0.49999999999999994,0.8660254037844387,0.4171936026123168,0.9088176373395029,4548.0,5254.0,5104.0,4448.142857142857,5053.0,2025.5679391692756,3961.5,4635.0,2283.1919089519047,350.0,0,1,1,0,0,0,0,0,1,5053
61,0,2014-01-26,-2.4492935982947064e-16,1.0,0.49999999999999994,0.8660254037844387,0.4327755925504312,0.901501684131884,5053.0,0.0,0.0,4448.142857142857,5053.0,2025.5679391692756,3777.6,4388.0,2373.9630709151656,350.0,0,1,1,0,0,0,0,0,1,0
61,0,2014-01-27,0.7818314824680298,0.6234898018587336,0.49999999999999994,0.8660254037844387,0.4482293417404106,0.893918596519257,0.0,6036.0,3977.0,4116.142857142857,4722.0,1909.03993572436,3713.4666666666667,4164.0,2347.871959930925,350.0,0,1,1,0,0,0,0,0,1,3712
61,0,2014-01-28,0.9749279121818236,-0.22252093395631434,0.49999999999999994,0.8660254037844387,0.4635502709028509,0.886070621534138,3712.0,5178.0,3581.0,3902.8571428571427,4548.0,1853.2183203435957,3836.3,4164.0,2240.8504720152637,350.0,0,1,1,0,0,0,0,0,1,3685
61,0,2014-01-29,0.43388373911755823,-0.900968867902419,0.49999999999999994,0.8660254037844387,0.47873384011578846,0.8779600847008882,3685.0,5600.0,3249.0,3587.5714285714284,3712.0,1697.5636323019773,3695.6,4038.5,2124.9950685541157,350.0,0,1,1,0,0,0,0,0,1,3393
61,0,2014-01-30,-0.433883739117558,-0.9009688679024191,0.49999999999999994,0.8660254037844387,0.4937755501599772,0.869589389346611,3393.0,4722.0,3182.0,3396.714285714286,3685.0,1622.192519841147,3706.0666666666666,4038.5,2122.5895526915706,350.0,0,1,1,0,0,0,0,0,1,3386
61,0,2014-01-31,-0.9749279121818236,-0.2225209339563146,0.49999999999999994,0.8660254037844387,0.5086709438521044,0.8609610158889943,3386.0,4548.0,4100.0,3343.1428571428573,3685.0,1583.567852306033,3845.1666666666665,4136.5,2004.8117820905761,350.0,0,1,1,0,0,0,0,0,1,4173
61,0,2014-02-01,-0.7818314824680299,0.6234898018587334,0.8660254037844386,0.5000000000000001,0.5234156073655503,0.8520775211013093,4173.0,5053.0,5254.0,3419.0,3685.0,1688.3755506403186,3890.366666666667,4136.5,2028.8822042816014,350.0,0,1,1,0,0,0,0,0,1,5584
61,0,2014-02-02,-2.4492935982947064e-16,1.0,0.8660254037844386,0.5000000000000001,0.5380051715382996,0.8429415373547828,5584.0,0.0,0.0,3419.0,3685.0,1688.3755506403186,3760.0333333333333,4136.5,2149.5748654789504,350.0,0,1,1,0,0,0,0,0,1,0
61,0,2014-02-03,0.7818314824680298,0.6234898018587336,0.8660254037844386,0.5000000000000001,0.5524353131676196,0.8335557718385699,0.0,3712.0,6036.0,3782.5714285714284,3685.0,2006.1064160160965,3808.9333333333334,4136.5,2190.117032510352,350.0,1,1,1,0,0,0,0,0,1,6257
61,0,2014-02-04,0.9749279121818236,-0.22252093395631434,0.8660254037844386,0.5000000000000001,0.5667017562911176,0.8239230057575542,6257.0,3685.0,5178.0,4034.8571428571427,4173.0,2100.610024776248,3990.633333333333,4360.5,2086.902745174313,350.0,1,1,1,0,0,0,0,0,1,5451
61,0,2014-02-05,0.43388373911755823,-0.900968867902419,0.8660254037844386,0.5000000000000001,0.5808002734538009,0.8140460935082178,5451.0,3393.0,5600.0,4264.0,4997.0,2106.401671096942,4157.2,4635.0,1952.496322571482,350.0,1,1,1,0,0,0,0,0,1,4997
61,0,2014-02-06,-0.433883739117558,-0.9009688679024191,0.8660254037844386,0.5000000000000001,0.5947266869607634,0.8039279618328213,4997.0,3386.0,4722.0,4480.714285714285,4997.0,2078.8718666852046,4075.0333333333333,4635.0,1862.510865200119,350.0,1,1,1,0,0,0,0,0,1,4903
61,0,2014-02-07,-0.9749279121818236,-0.2225209339563146,0.8660254037844386,0.5000000000000001,0.6084768701151261,0.7935716089521474,4903.0,4173.0,4548.0,4646.857142857143,5336.0,2096.578596075949,4035.3,4635.0,1820.6202457707473,350.0,1,1,1,0,0,0,0,0,1,5336
61,0,2014-02-08,-0.7818314824680299,0.6234898018587334,0.8660254037844386,0.5000000000000001,0.6220467484408675,0.7829801036770629,5336.0,5584.0,5053.0,4642.285714285715,5336.0,2094.2282360721556,4056.5,4635.0,1834.8761820483328,350.0,0,1,1,0,0,0,0,0,1,5552
61,0,2014-02-09,-2.4492935982947064e-16,1.0,0.8660254037844386,0.5000000000000001,0.6354323008901774,0.7721565844991642,5552.0,0.0,0.0,4642.285714285715,5336.0,2094.2282360721556,3867.1,4360.5,1950.889440830726,350.0,0,1,1,0,0,0,0,0,1,0
61,0,2014-02-10,0.7818314824680298,0.6234898018587336,0.8660254037844386,0.5000000000000001,0.6486295610349814,0.7611042586607747,0.0,6257.0,3712.0,4311.285714285715,4997.0,1976.2644656257999,3828.3,4136.5,1936.9665966535717,350.0,0,1,1,0,0,0,0,0,1,3940
61,0,2014-02-11,0.9749279121818236,-0.22252093395631434,0.8660254037844386,0.5000000000000001,0.6616346182422783,0.7498264012045686,3940.0,5451.0,3685.0,4105.571428571428,4903.0,1911.7497096589145,3962.0,4136.5,1796.9761574224683,350.0,0,1,1,0,0,0,0,0,1,4011
61,0,2014-02-12,0.43388373911755823,-0.900968867902419,0.8660254037844386,0.5000000000000001,0.6744436188329455,0.7383263540031065,4011.0,4997.0,3393.0,3985.0,4153.0,1872.3676633254106,3967.866666666667,4163.0,1797.3140829147449,350.0,0,1,1,0,0,0,0,0,1,4153
61,0,2014-02-13,-0.433883739117558,-0.9009688679024191,0.8660254037844386,0.5000000000000001,0.6870527672236669,0.7266075247685656,4153.0,4903.0,3386.0,3735.0,4011.0,1846.012098190762,3953.6,4163.0,1802.1829215589112,350.0,0,1,1,0,0,0,0,0,1,3153
61,0,2014-02-14,-0.9749279121818236,-0.2225209339563146,0.8660254037844386,0.5000000000000001,0.6994583270516471,0.7146733860429609,3153.0,5336.0,4173.0,3594.4285714285716,4011.0,1738.0894546544334,3990.366666666667,4262.5,1798.5601805301085,350.0,0,1,1,0,0,0,0,0,1,4352
61,0,2014-02-15,-0.7818314824680299,0.6234898018587334,0.8660254037844386,0.5000000000000001,0.7116566222817746,0.702527474169157,4352.0,5552.0,5584.0,3508.4285714285716,4011.0,1637.0423388072809,4049.3,4450.0,1800.1244047047924,350.0,0,1,1,0,0,0,0,0,1,4950
61,0,2014-02-16,-2.4492935982947064e-16,1.0,0.8660254037844386,0.5000000000000001,0.7236440382959124,0.6901733882429719,4950.0,0.0,0.0,3508.4285714285716,4011.0,1637.0423388072809,3912.633333333333,4450.0,1945.8790670743529,350.0,0,1,1,0,0,0,0,0,1,0
61,0,2014-02-17,0.7818314824680298,0.6234898018587336,0.8660254037844386,0.5000000000000001,0.7354170229639855,0.6776147890466889,0.0,3940.0,6257.0,3824.5714285714284,4153.0,1922.9892404918992,3942.6,4450.0,1973.9681127983854,350.0,1,1,1,0,0,0,0,0,1,6153
61,0,2014-02-18,0.9749279121818236,-0.22252093395631434,0.8660254037844386,0.5000000000000001,0.7469720876965552,0.6648553979642865,6153.0,4011.0,5451.0,3971.8571428571427,4352.0,1978.334773538207,4110.666666666667,4635.0,1836.574272244728,350.0,1,1,1,0,0,0,0,0,1,5042
61,0,2014-02-19,0.43388373911755823,-0.900968867902419,0.8660254037844386,0.5000000000000001,0.7583058084785625,0.6518989958787126,5042.0,4153.0,4997.0,4084.8571428571427,4944.0,2012.6978932576544,4074.266666666667,4635.0,1807.6936522071085,350.0,1,1,1,0,0,0,0,0,1,4944
61,0,2014-02-20,-0.433883739117558,-0.9009688679024191,0.8660254037844386,0.5000000000000001,0.7694148268839378,0.6387494220515272,4944.0,3153.0,4903.0,4373.0,4950.0,2001.404090465822,4074.0,4635.0,1807.5257998826376,350.0,1,1,1,0,0,0,0,0,1,5170
61,0,2014-02-21,-0.9749279121818236,-0.2225209339563146,0.8660254037844386,0.5000000000000001,0.7802958510707755,0.6254105729852463,5170.0,4352.0,5336.0,4445.857142857143,4950.0,2009.7774693210356,4049.4,4635.0,1790.9874872009393,350.0,1,1,1,0,0,0,0,0,1,4862
61,0,2014-02-22,-0.7818314824680299,0.6234898018587334,0.8660254037844386,0.5000000000000001,0.7909456567567772,0.6118864012687243,4862.0,4950.0,5552.0,4449.142857142857,4973.0,2010.7576042022401,4057.766666666667,4705.0,1794.820088636937,350.0,0,1,1,0,0,0,0,0,1,4973
61,0,2014-02-23,-2.4492935982947064e-16,1.0,0.8660254037844386,0.5000000000000001,0.8013610881746766,0.5981809144059164,4973.0,0.0,0.0,4449.142857142857,4973.0,2010.7576042022401,3906.1666666666665,4607.0,1938.3218850038943,350.0,0,1,1,0,0,0,0,0,1,0
61,0,2014-02-24,0.7818314824680298,0.6234898018587336,0.8660254037844386,0.5000000000000001,0.8115390590073611,0.5842981736283683,0.0,6153.0,3940.0,4213.0,4944.0,1869.402310900463,3887.733333333333,4426.0,1929.6495828630832,350.0,0,1,1,0,0,0,0,0,1,4500
61,0,2014-02-25,0.9749279121818236,-0.22252093395631434,0.8660254037844386,0.5000000000000001,0.8214765533024142,0.5702422926917871,4500.0,5042.0,4011.0,3993.8571428571427,4862.0,1845.7883978191544,4004.6666666666665,4426.0,1786.9488797530178,350.0,0,1,1,0,0,0,0,0,1,3508
61,0,2014-02-26,0.43388373911755823,-0.900968867902419,0.8660254037844386,0.5000000000000001,0.8311706263658079,0.5560174366570446,3508.0,4944.0,4153.0,3856.1428571428573,4500.0,1798.4378803627892,4013.6,4426.0,1786.1050206602008,350.0,0,1,1,0,0,0,0,0,1,3980
61,0,2014-02-27,-0.433883739117558,-0.9009688679024191,0.8660254037844386,0.5000000000000001,0.8406184056344782,0.5416278206559814,3980.0,5170.0,3153.0,3637.285714285714,3980.0,1702.5642145780869,4012.0333333333333,4426.0,1786.423772625714,350.0,0,1,1,0,0,0,0,0,1,3638
61,0,2014-02-28,-0.9749279121818236,-0.2225209339563146,0.8660254037844386,0.5000000000000001,0.8498170915275278,0.5270777086423722,3638.0,4862.0,4352.0,3525.8571428571427,3980.0,1633.160578813507,4035.0,4426.0,1782.61582300107,350.0,0,1,1,0,0,0,0,0,1,4082
61,0,2014-03-01,-0.7818314824680299,0.6234898018587334,1.0,6.123233995736766e-17,0.8587639582758029,0.5123714121284237,4082.0,4973.0,4950.0,3587.5714285714284,3980.0,1703.602834890695,4102.3,4681.0,1795.3356837208376,350.0,0,1,1,0,0,0,0,0,1,5405
61,0,2014-03-02,-2.4492935982947064e-16,1.0,1.0,6.123233995736766e-17,0.8674563547295968,0.49751328890718066,5405.0,0.0,0.0,3587.5714285714284,3980.0,1703.602834890695,3963.2,4681.0,1945.082914640807,350.0,0,1,1,0,0,0,0,0,1,0
61,0,2014-03-03,0.7818314824680298,0.6234898018587336,1.0,6.123233995736766e-17,0.8758917051442429,0.48250774176121847,0.0,4500.0,6153.0,3885.0,3980.0,2038.3165439482962,3996.4666666666667,4681.0,1981.9443559002982,350.0,1,1,1,0,0,0,0,0,1,6582
61,0,2014-03-04,0.9749279121818236,-0.22252093395631434,1.0,6.123233995736766e-17,0.8840675099433636,0.46735921715800227,6582.0,3508.0,5042.0,3605.0,3980.0,2224.8238132490387,4048.0666666666666,4681.0,1892.438363836331,350.0,1,1,1,0,0,0,0,0,1,1548
61,0,2014-03-05,0.43388373911755823,-0.900968867902419,1.0,6.123233995736766e-17,0.8919813464595485,0.45207220393230435,1548.0,3980.0,4944.0,3951.714285714286,4082.0,2468.74291319055,4053.0666666666666,4681.0,1898.6637394236739,350.0,1,1,1,0,0,0,0,0,1,6407
61,0,2014-03-06,-0.433883739117558,-0.9009688679024191,1.0,6.123233995736766e-17,0.8996308696522433,0.43665123195606403,6407.0,3638.0,5170.0,4163.714285714285,5122.0,2500.8229788268827,4042.1,4681.0,1891.246521067062,350.0,1,1,1,0,0,0,0,0,1,5122
61,0,2014-03-07,-0.9749279121818236,-0.2225209339563146,1.0,6.123233995736766e-17,0.9070138128026359,0.4211008707960896,5122.0,4082.0,4862.0,4364.428571428572,5405.0,2549.087997509621,4058.4333333333334,4681.0,1901.8637625404078,350.0,1,1,1,0,0,0,0,0,1,5487
61,0,2014-03-08,-0.7818314824680299,0.6234898018587334,1.0,6.123233995736766e-17,0.9141279881853337,0.40542572835999735,5487.0,5405.0,4973.0,4223.285714285715,5122.0,2508.904921427254,4042.233333333333,4458.5,1896.4839641918334,350.0,0,1,1,0,0,0,0,0,1,4417
61,0,2014-03-09,-2.4492935982947064e-16,1.0,1.0,6.123233995736766e-17,0.9209712877166346,0.38963044953078796,4417.0,0.0,0.0,4223.285714285715,5122.0,2508.904921427254,3864.366666666667,4384.5,2017.3353282081723,350.0,0,1,1,0,0,0,0,0,1,0
61,0,2014-03-10,0.7818314824680298,0.6234898018587336,1.0,6.123233995736766e-17,0.9275416835791966,0.37371971479046906,0.0,6582.0,4500.0,3810.5714285714284,4417.0,2283.745524143969,3802.4,4252.5,1992.1023135336702,350.0,0,1,1,0,0,0,0,0,1,3693
61,0,2014-03-11,0.9749279121818236,-0.22252093395631434,1.0,6.123233995736766e-17,0.9338372288229252,0.35769823883312546,3693.0,1548.0,3508.0,4071.8571428571427,4417.0,2077.0100648585694,3914.9666666666667,4252.5,1860.9254183453108,350.0,0,1,1,0,0,0,0,0,1,3377
61,0,2014-03-12,0.43388373911755823,-0.900968867902419,1.0,6.123233995736766e-17,0.9398560579418954,0.3415707691678556,3377.0,6407.0,3980.0,3694.4285714285716,3765.0,1804.066134887413,3909.133333333333,4252.5,1861.118513029254,350.0,0,1,1,0,0,0,0,0,1,3765
61,0,2014-03-13,-0.433883739117558,-0.9009688679024191,1.0,6.123233995736766e-17,0.9455963874271426,0.3253420847119801,3765.0,5122.0,3638.0,3453.5714285714284,3693.0,1690.6935319707145,3889.9666666666667,4252.5,1862.9931327419513,350.0,0,1,1,0,0,0,0,0,1,3436
61,0,2014-03-14,-0.9749279121818236,-0.2225209339563146,1.0,6.123233995736766e-17,0.9510565162951535,0.30901699437494745,3436.0,5487.0,4082.0,3228.1428571428573,3693.0,1464.441011509329,3881.8333333333335,4217.0,1862.3377056498239,350.0,0,1,1,0,0,0,0,0,1,3909
61,0,2014-03-15,-0.7818314824680299,0.6234898018587334,1.0,6.123233995736766e-17,0.9562348265919056,0.29260033563334836,3909.0,4417.0,5405.0,3215.0,3693.0,1452.3561317160897,3920.9,4338.5,1858.8109167255077,350.0,0,1,1,0,0,0,0,0,1,4325
61,0,2014-03-16,-2.4492935982947064e-16,1.0,1.0,6.123233995736766e-17,0.9611297838723007,0.27609697309746883,4325.0,0.0,0.0,3215.0,3693.0,1452.35613171609,3775.8333333333335,4203.5,1989.250787458005,350.0,0,1,1,0,0,0,0,0,1,0
61,0,2014-03-17,0.7818314824680298,0.6234898018587336,1.0,6.123233995736766e-17,0.9657399376548549,0.2595117970697999,0.0,3693.0,6582.0,3590.285714285714,3765.0,1874.5086213268164,3821.5,4203.5,2032.392810084397,350.0,1,1,1,0,0,0,0,0,1,6320
61,0,2014-03-18,0.9749279121818236,-0.22252093395631434,1.0,6.123233995736766e-17,0.970063921851507,0.2428497220959356,6320.0,3377.0,1548.0,3850.8571428571427,3909.0,1964.5322962112723,3994.866666666667,4371.0,1913.522419668686,350.0,1,1,1,0,0,0,0,0,1,5201
61,0,2014-03-19,0.43388373911755823,-0.900968867902419,1.0,6.123233995736766e-17,0.9741004551724205,0.22611568550828828,5201.0,3765.0,6407.0,3872.714285714286,3918.0,1964.2689661623642,3920.366666666667,4203.5,1869.6056652883121,350.0,1,1,1,0,0,0,0,0,1,3918
61,0,2014-03-20,-0.433883739117558,-0.9009688679024191,1.0,6.123233995736766e-17,0.9778483415056568,0.20931464596304847,3918.0,3436.0,5122.0,4168.571428571428,4325.0,2041.9584436795662,3935.866666666667,4203.5,1881.117344656576,350.0,1,1,1,0,0,0,0,0,1,5507
61,0,2014-03-21,-0.9749279121818236,-0.2225209339563146,1.0,6.123233995736766e-17,0.9813064702716093,0.19245158197082998,5507.0,3909.0,5487.0,4407.285714285715,5201.0,2103.3080067903898,3957.0666666666666,4203.5,1896.3924905358888,350.0,1,1,1,0,0,0,0,0,1,5580
61,0,2014-03-22,-0.7818314824680299,0.6234898018587334,1.0,6.123233995736766e-17,0.9844738167520922,0.1755314904214282,5580.0,4325.0,4417.0,4546.285714285715,5298.0,2128.9583301296816,3961.3333333333335,4203.5,1899.3572294482842,350.0,0,1,1,0,0,0,0,0,1,5298
61,0,2014-03-23,-2.4492935982947064e-16,1.0,1.0,6.123233995736766e-17,0.9873494423939864,0.15855938510313478,5298.0,0.0,0.0,4546.285714285715,5298.0,2128.9583301296816,3799.266666666667,4031.0,2023.2457012968262,350.0,0,1,1,0,0,0,0,0,1,0
61,0,2014-03-24,0.7818314824680298,0.6234898018587336,1.0,6.123233995736766e-17,0.989932495087353,0.141540295217043,0.0,6320.0,3693.0,4270.428571428572,5201.0,1980.7733218066483,3779.8,4031.0,2014.3531416587161,350.0,0,1,1,0,0,0,0,0,1,4389
61,0,2014-03-25,0.9749279121818236,-0.22252093395631434,1.0,6.123233995736766e-17,0.9922222094179323,0.12447926388678915,4389.0,5201.0,3377.0,4194.571428571428,4670.0,1949.110554171041,3935.4666666666667,4203.5,1888.7100457141644,350.0,0,1,1,0,0,0,0,0,1,4670
61,0,2014-03-26,0.43388373911755823,-0.900968867902419,1.0,6.123233995736766e-17,0.994217906893952,0.10738134666416309,4670.0,3918.0,3765.0,4171.142857142857,4670.0,1953.9686476989507,3910.6,4031.0,1885.9299837078438,350.0,0,1,1,0,0,0,0,0,1,3754
61,0,2014-03-27,-0.433883739117558,-0.9009688679024191,1.0,6.123233995736766e-17,0.995918996147179,0.09025161003104117,3754.0,5507.0,3436.0,3976.5714285714284,4389.0,1864.5430054165038,3931.8333333333335,4113.5,1884.8264912980299,350.0,0,1,1,0,0,0,0,0,1,4145
61,0,2014-03-28,-0.9749279121818236,-0.2225209339563146,1.0,6.123233995736766e-17,0.9973249731081555,0.07309512989807777,4145.0,5580.0,3909.0,3928.8571428571427,4389.0,1820.4236163204246,3974.0333333333333,4235.0,1900.0530388846264,350.0,0,1,1,0,0,0,0,0,1,5246
61,0,2014-03-29,-0.7818314824680299,0.6234898018587334,1.0,6.123233995736766e-17,0.9984354211555643,0.055916990100603484,5246.0,5298.0,4325.0,3900.1428571428573,4389.0,1796.6583266879466,4022.6666666666665,4357.0,1909.8025233413296,350.0,0,1,1,0,0,0,0,0,1,5097
61,0,2014-03-30,-2.4492935982947064e-16,1.0,1.0,6.123233995736766e-17,0.9992500112396835,0.03872228089217446,5097.0,0.0,0.0,3900.1428571428573,4389.0,1796.6583266879466,3886.6,4357.0,2045.987892235046,350.0,0,1,1,0,0,0,0,0,1,0
61,0,2014-03-31,0.7818314824680298,0.6234898018587336,1.0,6.123233995736766e-17,0.9997685019798909,0.021516097436222254,0.0,4389.0,6320.0,4421.571428571428,4670.0,2392.9002526322756,3974.4,4357.0,2166.369513486909,350.0,1,1,1,0,0,0,0,0,1,8039
61,0,2014-04-01,0.9749279121818236,-0.22252093395631434,0.8660254037844387,-0.49999999999999983,0.9999907397361901,0.004303538296244289,8039.0,4670.0,5201.0,4505.285714285715,5097.0,2413.204212541608,4149.6,4403.0,2042.8794857023347,350.0,1,1,1,0,0,0,0,0,1,5256
61,0,2014-04-02,0.43388373911755823,-0.900968867902419,0.8660254037844387,-0.49999999999999983,0.9999166586547379,-0.01291029607500882,5256.0,3754.0,3918.0,4590.0,5097.0,2392.7569872429567,4075.1,4368.0,1991.215455357647,350.0,1,1,1,0,0,0,0,0,1,4347
61,0,2014-04-03,-0.433883739117558,-0.9009688679024191,0.8660254037844387,-0.49999999999999983,0.9995462806873573,-0.030120304846908114,4347.0,4145.0,5507.0,4758.142857142857,5246.0,2397.6242010631695,4200.9,4403.0,1944.7275024076448,350.0,1,1,1,0,0,0,0,0,1,5322
61,0,2014-04-04,-0.9749279121818236,-0.2225209339563146,0.8660254037844387,-0.49999999999999983,0.9988797155850336,-0.04732138832243185,5322.0,5246.0,5580.0,4712.0,5097.0,2389.7656788898767,4151.433333333333,4403.0,1905.1484634579215,350.0,1,1,1,0,0,0,0,0,1,4923
61,0,2014-04-05,-0.7818314824680299,0.6234898018587334,0.8660254037844387,-0.49999999999999983,0.9979171608653922,-0.06450844944931623,4923.0,5097.0,5298.0,4765.142857142857,5256.0,2403.848818635884,4163.0,4403.0,1912.2842271789068,350.0,0,1,1,0,0,0,0,0,1,5469
61,0,2014-04-06,-2.4492935982947064e-16,1.0,0.8660254037844387,-0.49999999999999983,0.9966589017541702,-0.08167639533042241,5469.0,0.0,0.0,4765.142857142857,5256.0,2403.848818635884,3980.1,4368.0,2039.4566441697816,350.0,0,1,1,0,0,0,0,0,1,0
61,0,2014-04-07,0.7818314824680298,0.6234898018587336,0.8660254037844387,-0.49999999999999983,0.9951053111006976,-0.09882013873287143,0.0,8039.0,4389.0,4282.285714285715,4923.0,1929.248706473212,3988.1666666666665,4368.0,2041.7216380120058,350.0,0,1,1,0,0,0,0,0,1,4659
61,0,2014-04-08,0.9749279121818236,-0.22252093395631434,0.8660254037844387,-0.49999999999999983,0.9932568492674143,-0.11593459959550041,4659.0,5256.0,4670.0,4169.714285714285,4659.0,1885.4560645712647,4137.1,4428.5,1898.724823446621,350.0,0,1,1,0,0,0,0,0,1,4468
61,0,2014-04-09,0.43388373911755823,-0.900968867902419,0.8660254037844387,-0.49999999999999983,0.9911140639934547,-0.1330147065341959,4468.0,4347.0,3754.0,4093.5714285714284,4659.0,1887.8641244488285,4141.133333333333,4428.5,1897.8772485528934,350.0,0,1,1,0,0,0,0,0,1,3814
61,0,2014-04-10,-0.433883739117558,-0.9009688679024191,0.8660254037844387,-0.49999999999999983,0.9886775902323405,-0.1500553983446526,3814.0,5322.0,4145.0,3901.0,4468.0,1808.7684576344539,4161.033333333334,4428.5,1892.7115830948985,350.0,0,1,1,0,0,0,0,0,1,3974
61,0,2014-04-11,-0.9749279121818236,-0.2225209339563146,0.8660254037844387,-0.49999999999999983,0.9859481499638304,-0.16705162550211924,3974.0,4923.0,5246.0,3750.8571428571427,3974.0,1752.5418139159467,4164.6,4428.5,1892.0402525425739,350.0,0,1,1,0,0,0,0,0,1,3872
61,0,2014-04-12,-0.7818314824680299,0.6234898018587334,0.8660254037844387,-0.49999999999999983,0.9829265519799822,-0.18399835165768005,3872.0,5469.0,5097.0,3668.0,3974.0,1669.516596702966,4213.033333333334,4563.5,1891.343227906324,350.0,0,1,1,0,0,0,0,0,1,4889
61,0,2014-04-13,-2.4492935982947064e-16,1.0,0.8660254037844387,-0.49999999999999983,0.9796136916454901,-0.20089055513063506,4889.0,0.0,0.0,3668.0,3974.0,1669.5165967029661,4082.733333333333,4563.5,2041.6868268298554,350.0,0,1,1,0,0,0,0,0,1,0
61,0,2014-04-14,0.7818314824680298,0.6234898018587336,0.8660254037844387,-0.49999999999999983,0.9760105506323683,-0.21772323039653177,0.0,4659.0,8039.0,3914.1428571428573,3974.0,1944.3647144651466,4151.3,4664.5,2084.201329708483,350.0,1,1,1,0,0,0,0,0,1,6382
61,0,2014-04-15,0.9749279121818236,-0.22252093395631434,0.8660254037844387,-0.49999999999999983,0.9721181966290613,-0.23449138957040985,6382.0,4468.0,5256.0,4213.857142857143,3974.0,2190.1336662839703,4370.166666666667,4779.5,1975.1330480429028,350.0,1,1,1,0,0,0,0,0,1,6566
61,0,2014-04-16,0.43388373911755823,-0.900968867902419,0.8660254037844387,-0.49999999999999983,0.9679377830240642,-0.25119006388481935,6566.0,3814.0,4347.0,4587.428571428572,4889.0,2329.169942071125,4373.8,4779.5,1978.9401099125444,350.0,1,1,1,0,0,0,0,0,1,6429
61,0,2014-04-17,-0.433883739117558,-0.9009688679024191,0.8660254037844387,-0.49999999999999983,0.9634705485641488,-0.2678143051621742,6429.0,3974.0,5322.0,4829.285714285715,5667.0,2342.716067181117,4389.333333333333,4779.5,1987.467481119057,350.0,1,1,1,0,0,0,0,0,1,5667
61,0,2014-04-18,-0.9749279121818236,-0.2225209339563146,0.8660254037844387,-0.49999999999999983,0.9587178169872964,-0.2843591872810034,5667.0,3872.0,4923.0,4276.142857142857,5667.0,2977.5198531983738,4258.733333333334,4779.5,2142.2127125351285,350.0,1,1,1,0,0,0,0,0,1,0
61,0,2014-04-19,-0.7818314824680299,0.6234898018587334,0.8660254037844387,-0.49999999999999983,0.9536809966304457,-0.30081980763566735,0.0,4889.0,5469.0,4419.142857142857,5890.0,3035.3348211013663,4271.5,4779.5,2151.0314727013433,350.0,0,1,1,0,0,0,0,0,1,5890
61,0,2014-04-20,-2.4492935982947064e-16,1.0,0.8660254037844387,-0.49999999999999983,0.9483615800121715,-0.3171912885891061,5890.0,0.0,0.0,4419.142857142857,5890.0,3035.3348211013663,4085.5,4664.5,2271.8427542415848,350.0,0,1,1,0,0,0,0,0,1,0
61,0,2014-04-21,0.7818314824680298,0.6234898018587336,0.8660254037844387,-0.49999999999999983,0.9427611433904207,-0.3334687789181868,0.0,6382.0,4659.0,3507.4285714285716,5667.0,3294.869742349097,3908.9,4563.5,2377.7876032578874,350.0,0,1,1,0,0,0,0,0,1,0
61,0,2014-04-22,0.9749279121818236,-0.22252093395631434,0.8660254037844387,-0.49999999999999983,0.9368813462954315,-0.3496474552512284,0.0,6566.0,4468.0,3239.714285714286,4692.0,3073.6420695046063,4065.3,4664.5,2263.368410592707,350.0,0,1,1,0,0,0,0,0,1,4692
61,0,2014-04-23,0.43388373911755823,-0.900968867902419,0.8660254037844387,-0.49999999999999983,0.9307239310379795,-0.36572252349726897,4692.0,6429.0,3814.0,2832.4285714285716,3578.0,2752.737295683627,4038.266666666667,4664.5,2264.211942274888,350.0,0,1,1,0,0,0,0,0,1,3578
61,0,2014-04-24,-0.433883739117558,-0.9009688679024191,0.8660254037844387,-0.49999999999999983,0.9242907221930934,-0.3816892202666588,3578.0,5667.0,3974.0,2548.5714285714284,3578.0,2502.8295225699267,4005.266666666667,4563.5,2261.9004358302745,350.0,0,1,1,0,0,0,0,0,1,3680
61,0,2014-04-25,-0.9749279121818236,-0.2225209339563146,0.8660254037844387,-0.49999999999999983,0.9175836260593937,-0.39754281428255595,3680.0,0.0,3872.0,3014.714285714286,3578.0,2239.013973031111,3988.9,4563.5,2265.5546835461555,350.0,0,1,1,0,0,0,0,0,1,3263
61,0,2014-04-26,-0.7818314824680299,0.6234898018587334,0.8660254037844387,-0.49999999999999983,0.9106046300942163,-0.4132786077829042,3263.0,5890.0,4889.0,2768.8571428571427,3578.0,1945.9825648903259,3989.7,4563.5,2265.6159419795126,350.0,0,1,1,0,0,0,0,0,1,4169
61,0,2014-04-27,-2.4492935982947064e-16,1.0,0.8660254037844387,-0.49999999999999983,0.9033558023246845,-0.4288919379124835,4169.0,0.0,0.0,2768.8571428571427,3578.0,1945.9825648903259,3814.8333333333335,4407.5,2365.553942319427,350.0,0,1,1,0,0,0,0,0,1,0
61,0,2014-04-28,0.7818314824680298,0.6234898018587336,0.8660254037844387,-0.49999999999999983,0.895839290734909,-0.4443781781046132,0.0,0.0,6382.0,3664.285714285714,3680.0,1901.1388441568106,3853.866666666667,4407.5,2396.8937187223314,350.0,1,1,1,0,0,0,0,0,1,6268
61,0,2014-04-29,0.9749279121818236,-0.22252093395631434,0.8660254037844387,-0.49999999999999983,0.8880573226294932,-0.45973273945210397,6268.0,4692.0,6566.0,3771.714285714286,3680.0,1988.1471034010272,4035.3333333333335,4563.5,2299.1468932588014,350.0,1,1,1,0,0,0,0,0,1,5444
61,0,2014-04-30,0.43388373911755823,-0.900968867902419,0.8660254037844387,-0.49999999999999983,0.8800122039735357,-0.47495107206704995,5444.0,3578.0,6429.0,4157.0,4169.0,2194.924903802707,3976.5333333333333,4563.5,2214.2115703249565,350.0,1,1,1,0,0,0,0,0,1,6275
61,0,2014-05-01,-0.433883739117558,-0.9009688679024191,0.49999999999999994,-0.8660254037844387,0.8717063187093218,-0.49002866642905923,6275.0,3680.0,5667.0,3631.285714285714,4169.0,2708.7716597679278,3801.3333333333335,4407.5,2315.124072542196,350.0,1,1,1,0,0,0,0,0,1,0
61,0,2014-05-02,-0.9749279121818236,-0.2225209339563146,0.49999999999999994,-0.8660254037844387,0.8631421280499114,-0.5049610547215204,0.0,3263.0,0.0,4149.714285714285,5444.0,2961.9787707029955,3886.1666666666665,4563.5,2381.485715397779,350.0,1,1,1,0,0,0,0,0,1,6892
61,0,2014-05-03,-0.7818314824680299,0.6234898018587334,0.49999999999999994,-0.8660254037844387,0.854322169749827,-0.5197438121555155,6892.0,4169.0,5890.0,4283.571428571428,5444.0,2984.085446561633,3878.9666666666667,4563.5,2377.3179104037454,350.0,0,1,1,0,0,0,0,0,1,5106
61,0,2014-05-04,-2.4492935982947064e-16,1.0,0.49999999999999994,-0.8660254037844387,0.8452490573530633,-0.5343725582809787,5106.0,0.0,0.0,4283.571428571428,5444.0,2984.085446561633,3714.866666666667,4318.5,2470.837394464689,350.0,0,1,1,0,0,0,0,0,1,0
61,0,2014-05-05,0.7818314824680298,0.6234898018587336,0.49999999999999994,-0.8660254037844387,0.835925479418637,-0.548842958284719,0.0,6268.0,0.0,4216.285714285715,5444.0,2936.8183869785394,3725.8,4318.5,2479.577235934689,350.0,1,1,1,0,0,0,0,0,1,5797
61,0,2014-05-06,0.9749279121818236,-0.22252093395631434,0.49999999999999994,-0.8660254037844387,0.8263541987239096,-0.5631507242749186,5797.0,5444.0,4692.0,4237.428571428572,5592.0,2947.642892049105,3912.2,4563.5,2398.7034055060244,350.0,1,1,1,0,0,0,0,0,1,5592
61,0,2014-05-07,0.43388373911755823,-0.900968867902419,0.49999999999999994,-0.8660254037844387,0.8165380514459161,-0.5772916165517272,5592.0,6275.0,3578.0,4107.714285714285,5367.0,2861.760688474008,3935.8,4580.0,2409.761662273991,350.0,1,1,1,0,0,0,0,0,1,5367
61,0,2014-05-08,-0.433883739117558,-0.9009688679024191,0.49999999999999994,-0.8660254037844387,0.8064799463209448,-0.5912614448635781,5367.0,0.0,3680.0,4915.857142857143,5592.0,2239.544256358973,3975.4333333333334,4790.5,2428.521299535757,350.0,1,1,1,0,0,0,0,0,1,5657
61,0,2014-05-09,-0.9749279121818236,-0.2225209339563146,0.49999999999999994,-0.8660254037844387,0.7961828637826158,-0.6050560696488488,5657.0,6892.0,3263.0,4669.0,5367.0,2074.576904656302,4020.4333333333334,4997.5,2437.9162623639972,350.0,1,1,1,0,0,0,0,0,1,5164
61,0,2014-05-10,-0.7818314824680299,0.6234898018587334,0.49999999999999994,-0.8660254037844387,0.7856498550787145,-0.6186714032625031,5164.0,5106.0,4169.0,4561.714285714285,5367.0,2067.6182525058216,4033.133333333333,4997.5,2438.6583045676516,350.0,0,1,1,0,0,0,0,0,1,4355
61,0,2014-05-11,-2.4492935982947064e-16,1.0,0.49999999999999994,-0.8660254037844387,0.7748840413670407,-0.6321034111873487,4355.0,0.0,0.0,4561.714285714285,5367.0,2067.6182525058216,3904.0666666666666,4997.5,2547.5142033150564,350.0,0,1,1,0,0,0,0,0,1,0
61,0,2014-05-12,0.7818314824680298,0.6234898018587336,0.49999999999999994,-0.8660254037844387,0.7638886127905428,-0.6453481132295501,0.0,5797.0,6268.0,4357.0,5164.0,1994.5791536060906,3886.5666666666666,4899.0,2542.312871536783,350.0,0,1,1,0,0,0,0,0,1,4364
61,0,2014-05-13,0.9749279121818236,-0.22252093395631434,0.49999999999999994,-0.8660254037844387,0.7526668275320084,-0.6584015846980488,4364.0,5592.0,5444.0,4192.571428571428,4441.0,1921.9196009149136,4034.6,4899.0,2435.243152909601,350.0,0,1,1,0,0,0,0,0,1,4441
61,0,2014-05-14,0.43388373911755823,-0.900968867902419,0.49999999999999994,-0.8660254037844387,0.741222010848596,-0.6712599575675313,4441.0,5367.0,6275.0,4075.285714285714,4441.0,1862.4351187165046,3973.4,4619.0,2396.986234190039,350.0,0,1,1,0,0,0,0,0,1,4546
61,0,2014-05-15,-0.433883739117558,-0.9009688679024191,0.49999999999999994,-0.8660254037844387,0.7295575540864875,-0.6839194216246106,4546.0,5657.0,0.0,3763.1428571428573,4364.0,1731.670140699569,3870.266666666667,4493.5,2347.6435718034113,350.0,0,1,1,0,0,0,0,0,1,3472
61,0,2014-05-16,-0.9749279121818236,-0.2225209339563146,0.49999999999999994,-0.8660254037844387,0.717676913675962,-0.6963762255968722,3472.0,5164.0,6892.0,3498.8571428571427,4355.0,1619.7987970291654,3766.4333333333334,4402.5,2298.9529503267545,350.0,0,1,1,0,0,0,0,0,1,3314
61,0,2014-05-17,-0.7818314824680299,0.6234898018587334,0.49999999999999994,-0.8660254037844387,0.705583610107178,-0.7086266782644596,3314.0,4355.0,5106.0,3485.1428571428573,4259.0,1611.7283092559774,3719.5,4359.5,2273.0409640254898,350.0,0,1,1,0,0,0,0,0,1,4259
61,0,2014-05-18,-2.4492935982947064e-16,1.0,0.49999999999999994,-0.8660254037844387,0.6932812268869777,-0.7206671495538609,4259.0,0.0,0.0,3485.1428571428573,4259.0,1611.7283092559774,3719.5,4359.5,2273.0409640254898,350.0,0,1,1,0,0,0,0,0,1,0
61,0,2014-05-19,0.7818314824680298,0.6234898018587336,0.49999999999999994,-0.8660254037844387,0.6807734094770161,-0.7324940716135789,0.0,4364.0,5797.0,3704.5714285714284,4259.0,1839.75141954403,3719.8333333333335,4359.5,2273.370945099586,350.0,1,1,1,0,0,0,0,0,1,5900
61,0,2014-05-20,0.9749279121818236,-0.22252093395631434,0.49999999999999994,-0.8660254037844387,0.6680638642135335,-0.7441039398713607,5900.0,4441.0,5592.0,3777.4285714285716,4259.0,1883.3574503302007,3884.866666666667,4402.5,2171.4430246256516,350.0,1,1,1,0,0,0,0,0,1,4951
61,0,2014-05-21,0.43388373911755823,-0.900968867902419,0.49999999999999994,-0.8660254037844387,0.6551563572090853,-0.7554933140726803,4951.0,4546.0,5367.0,3829.285714285714,4259.0,1912.8137837825616,4048.5,4493.5,2050.173781532373,350.0,1,1,1,0,0,0,0,0,1,4909
61,0,2014-05-22,-0.433883739117558,-0.9009688679024191,0.49999999999999994,-0.8660254037844387,0.6420547132365637,-0.766658819300159,4909.0,3472.0,5657.0,3898.5714285714284,4259.0,1906.4886447028584,4024.0,4402.5,2046.6072513746506,350.0,1,1,1,0,0,0,0,0,1,3957
61,0,2014-05-23,-0.9749279121818236,-0.2225209339563146,0.49999999999999994,-0.8660254037844387,0.6287628145958344,-0.777597146973627,3957.0,3314.0,5164.0,4129.714285714285,4909.0,1921.8244555877698,4069.133333333333,4493.5,2051.3567710905,350.0,1,1,1,0,0,0,0,0,1,4932
61,0,2014-05-24,-0.7818314824680299,0.6234898018587334,0.49999999999999994,-0.8660254037844387,0.6152845999633276,-0.7883050558305255,4932.0,4259.0,4355.0,4187.142857142857,4909.0,1932.3094497320553,4101.833333333333,4603.5,2052.7582467354064,350.0,0,1,1,0,0,0,0,0,1,4661
61,0,2014-05-25,-2.4492935982947064e-16,1.0,0.49999999999999994,-0.8660254037844387,0.6016240632249226,-0.7987793728863649,4661.0,0.0,0.0,4187.142857142857,4909.0,1932.3094497320553,3993.0666666666666,4603.5,2181.1667699102954,350.0,0,1,1,0,0,0,0,0,1,0
61,0,2014-05-26,0.7818314824680298,0.6234898018587336,0.49999999999999994,-0.8660254037844387,0.5877852522924732,-0.8090169943749473,0.0,5900.0,4364.0,4028.285714285714,4788.0,1809.8535589273222,4013.7,4724.5,2185.8113012855383,350.0,0,1,1,0,0,0,0,0,1,4788
61,0,2014-05-27,0.9749279121818236,-0.22252093395631434,0.49999999999999994,-0.8660254037844387,0.5737722679043246,-0.8190148866680801,4788.0,4951.0,4441.0,3842.714285714286,4661.0,1765.5287889926615,4135.433333333333,4724.5,2052.179912179732,350.0,0,1,1,0,0,0,0,0,1,3652
61,0,2014-05-28,0.43388373911755823,-0.900968867902419,0.49999999999999994,-0.8660254037844387,0.5595892624101765,-0.8287700871745037,3652.0,4909.0,4546.0,3794.714285714286,4573.0,1736.0287741745221,4078.9333333333334,4617.0,2014.4280087158343,350.0,0,1,1,0,0,0,0,0,1,4573
61,0,2014-05-29,-0.433883739117558,-0.9009688679024191,0.49999999999999994,-0.8660254037844387,0.545240438540651,-0.8382797052177743,4573.0,3957.0,3472.0,3229.4285714285716,4573.0,2244.2318550113328,3897.4666666666667,4559.5,2129.1577699164045,350.0,0,1,1,0,0,0,0,0,1,0
61,0,2014-05-30,-0.9749279121818236,-0.2225209339563146,0.49999999999999994,-0.8660254037844387,0.5307300481619334,-0.8475409228928311,0.0,4932.0,3314.0,3369.8571428571427,4573.0,2394.2626859899474,3885.4666666666667,4559.5,2116.2713425745515,350.0,0,1,1,0,0,0,0,0,1,5915
61,0,2014-05-31,-0.7818314824680299,0.6234898018587334,0.49999999999999994,-0.8660254037844387,0.5160623910158528,-0.8565509959010036,5915.0,4661.0,4259.0,3409.714285714286,4573.0,2421.5057790753312,4050.133333333333,4617.0,1992.0641128952273,350.0,0,1,1,0,0,0,0,0,1,4940
61,0,2014-06-01,-2.4492935982947064e-16,1.0,1.2246467991473532e-16,-1.0,0.5012418134457758,-0.865307254363206,4940.0,0.0,0.0,3409.714285714286,4573.0,2421.5057790753312,3820.4,4559.5,2049.6031171744035,350.0,0,1,1,0,0,0,0,0,1,0
61,0,2014-06-02,0.7818314824680298,0.6234898018587336,1.2246467991473532e-16,-1.0,0.48627270710869,-0.8738071036110808,0.0,4788.0,5900.0,3671.1428571428573,4573.0,2680.0855974247906,3870.8,4559.5,2100.270169813134,350.0,1,1,1,0,0,0,0,0,1,6618
61,0,2014-06-03,0.9749279121818236,-0.22252093395631434,1.2246467991473532e-16,-1.0,0.4711595076738638,-0.8820480249558537,6618.0,3652.0,4951.0,3972.5714285714284,4940.0,2793.816258402523,4062.866666666667,4617.0,1994.9052822270692,350.0,1,1,1,0,0,0,0,0,1,5762
61,0,2014-06-04,0.43388373911755823,-0.900968867902419,1.2246467991473532e-16,-1.0,0.4559066935084588,-0.8900275764346767,5762.0,4573.0,4909.0,4110.428571428572,5538.0,2851.5924122697256,4054.233333333333,4617.0,1987.6890876581765,350.0,1,1,1,0,0,0,0,0,1,5538
61,0,2014-06-05,-0.433883739117558,-0.9009688679024191,1.2246467991473532e-16,-1.0,0.440518784350495,-0.8977433935342337,5538.0,0.0,3957.0,4961.142857142857,5762.0,2244.6340777189343,4066.3333333333335,4617.0,1998.4487489797784,350.0,1,1,1,0,0,0,0,0,1,5955
61,0,2014-06-06,-0.9749279121818236,-0.2225209339563146,1.2246467991473532e-16,-1.0,0.42500033996955416,-0.9051931898913974,5955.0,5915.0,4932.0,4812.285714285715,5538.0,2205.0362592850697,4049.866666666667,4617.0,1989.376678212571,350.0,1,1,1,0,0,0,0,0,1,4873
61,0,2014-06-07,-0.7818314824680299,0.6234898018587334,1.2246467991473532e-16,-1.0,0.4093559588156213,-0.9123747579707273,4873.0,4940.0,4661.0,4766.857142857143,5538.0,2205.2422715408084,4015.366666666667,4597.5,1969.4189495510004,350.0,0,1,1,0,0,0,0,0,1,4622
61,0,2014-06-08,-2.4492935982947064e-16,1.0,1.2246467991473532e-16,-1.0,0.39359027665646673,-0.9192859697186104,4622.0,0.0,0.0,4766.857142857143,5538.0,2205.2422715408084,3843.233333333333,4559.5,2087.6866702964144,350.0,0,1,1,0,0,0,0,0,1,0
61,0,2014-06-09,0.7818314824680298,0.6234898018587336,1.2246467991473532e-16,-1.0,0.3777079652039649,-0.9259247771938498,0.0,6618.0,4788.0,3821.4285714285716,4873.0,2652.606005242317,3698.0666666666666,4559.5,2199.302161005235,350.0,0,1,1,0,0,0,0,0,1,0
61,0,2014-06-10,0.9749279121818236,-0.22252093395631434,1.2246467991473532e-16,-1.0,0.36171373072976765,-0.9322892131745133,0.0,5762.0,3652.0,3587.285714285714,4622.0,2521.88023204154,3835.5,4559.5,2086.1547162183338,350.0,0,1,1,0,0,0,0,0,1,4123
61,0,2014-06-11,0.43388373911755823,-0.900968867902419,1.2246467991473532e-16,-1.0,0.3456123126707335,-0.9383773917408641,4123.0,5538.0,4573.0,3383.1428571428573,4123.0,2392.1558915597025,3827.0,4559.5,2084.4458951134156,350.0,0,1,1,0,0,0,0,0,1,4109
61,0,2014-06-12,-0.433883739117558,-0.9009688679024191,1.2246467991473532e-16,-1.0,0.3294084822245304,-0.9441875088341993,4109.0,5955.0,0.0,3070.1428571428573,4109.0,2128.3514299860803,3804.4333333333334,4559.5,2081.231576425997,350.0,0,1,1,0,0,0,0,0,1,3764
61,0,2014-06-13,-0.9749279121818236,-0.2225209339563146,1.2246467991473532e-16,-1.0,0.3131070409358269,-0.9497178427914316,3764.0,4873.0,5915.0,2925.0,3857.0,2016.6252337341507,3781.4666666666667,4416.0,2076.562473355214,350.0,0,1,1,0,0,0,0,0,1,3857
61,0,2014-06-14,-0.7818314824680299,0.6234898018587334,1.2246467991473532e-16,-1.0,0.29671281927349075,-0.9549667548552551,3857.0,4622.0,4940.0,2894.4285714285716,3857.0,1988.0309233965493,3812.6666666666665,4490.5,2078.782888819939,350.0,0,1,1,0,0,0,0,0,1,4408
61,0,2014-06-15,-2.4492935982947064e-16,1.0,1.2246467991473532e-16,-1.0,0.28023067519921585,-0.9599326896597447,4408.0,0.0,0.0,2894.4285714285716,3857.0,1988.0309233965493,3702.2,4490.5,2191.2087893719045,350.0,0,1,1,0,0,0,0,0,1,0
61,0,2014-06-16,0.7818314824680298,0.6234898018587336,1.2246467991473532e-16,-1.0,0.26366549272800704,-0.9646141756912435,0.0,0.0,6618.0,3721.4285714285716,4109.0,1776.087728420982,3753.2,4597.5,2222.201151700873,350.0,1,1,1,0,0,0,0,0,1,5789
61,0,2014-06-17,0.9749279121818236,-0.22252093395631434,1.2246467991473532e-16,-1.0,0.24702218048093552,-0.9690098257244062,5789.0,4123.0,5762.0,3919.1428571428573,4109.0,1900.8899169048325,3936.766666666667,4641.5,2126.8850735505075,350.0,1,1,1,0,0,0,0,0,1,5507
61,0,2014-06-18,0.43388373911755823,-0.900968867902419,1.2246467991473532e-16,-1.0,0.23030567023061221,-0.9731183372332619,5507.0,4109.0,5538.0,4111.142857142857,4408.0,1989.0918722347797,3921.866666666667,4641.5,2114.185108088779,350.0,1,1,1,0,0,0,0,0,1,5453
61,0,2014-06-19,-0.433883739117558,-0.9009688679024191,1.2246467991473532e-16,-1.0,0.21352091543979612,-0.9769384927771817,5453.0,3764.0,5955.0,3573.4285714285716,4408.0,2532.980777472976,3756.8333333333335,4597.5,2221.590174244306,350.0,1,1,1,0,0,0,0,0,1,0
61,0,2014-06-20,-0.9749279121818236,-0.2225209339563146,1.2246467991473532e-16,-1.0,0.19667288979357647,-0.980469160361632,0.0,3857.0,4873.0,3957.1428571428573,5453.0,2774.984530201408,3811.3,4597.5,2270.3080627967643,350.0,1,1,1,0,0,0,0,0,1,6543
61,0,2014-06-21,-0.7818314824680299,0.6234898018587334,1.2246467991473532e-16,-1.0,0.1797665857255624,-0.9837092937736097,6543.0,4408.0,4622.0,3899.285714285714,5453.0,2768.231488049465,3812.8333333333335,4597.5,2270.425390543143,350.0,0,1,1,0,0,0,0,0,1,4003
61,0,2014-06-22,-2.4492935982947064e-16,1.0,1.2246467991473532e-16,-1.0,0.16280701293851715,-0.986657932891657,4003.0,0.0,0.0,3899.285714285714,5453.0,2768.231488049465,3648.4333333333334,4490.5,2363.256486194469,350.0,0,1,1,0,0,0,0,0,1,0
61,0,2014-06-23,0.7818314824680298,0.6234898018587336,1.2246467991473532e-16,-1.0,0.1457991969198751,-0.9893142039703663,0.0,5789.0,0.0,3823.0,5255.0,2714.3089359908877,3668.233333333333,4490.5,2374.4942065167493,350.0,0,1,1,0,0,0,0,0,1,5255
61,0,2014-06-24,0.9749279121818236,-0.22252093395631434,1.2246467991473532e-16,-1.0,0.12874817745258132,-0.99167731989929,5255.0,5507.0,4123.0,3749.5714285714284,4993.0,2667.712494325604,3834.6666666666665,4597.5,2281.6851657058855,350.0,0,1,1,0,0,0,0,0,1,4993
61,0,2014-06-25,0.43388373911755823,-0.900968867902419,1.2246467991473532e-16,-1.0,0.11165900712169512,-0.993746580436178,4993.0,5453.0,4109.0,3757.8571428571427,4993.0,2673.967740304744,3858.766666666667,4597.5,2295.8760131627505,350.0,0,1,1,0,0,0,0,0,1,5511
61,0,2014-06-26,-0.433883739117558,-0.9009688679024191,1.2246467991473532e-16,-1.0,0.09453674981719912,-0.9955213724144752,5511.0,0.0,3764.0,4401.0,4993.0,2099.1049679962766,3887.1,4597.5,2298.4797576989267,350.0,0,1,1,0,0,0,0,0,1,4502
61,0,2014-06-27,-0.9749279121818236,-0.2225209339563146,1.2246467991473532e-16,-1.0,0.07738647923346301,-0.9970011699250151,4502.0,6543.0,3857.0,4170.428571428572,4929.0,1904.2027077968712,3898.9666666666667,4747.5,2303.0574802794777,350.0,0,1,1,0,0,0,0,0,1,4929
61,0,2014-06-28,-0.7818314824680299,0.6234898018587334,1.2246467991473532e-16,-1.0,0.06021327736579302,-0.9981855344718586,4929.0,4003.0,4408.0,4435.857142857143,4993.0,2003.8613082888562,4094.3333333333335,4901.0,2207.516381527583,350.0,0,1,1,0,0,0,0,0,1,5861
61,0,2014-06-29,-2.4492935982947064e-16,1.0,1.2246467991473532e-16,-1.0,0.04302223300453059,-0.99907411510223,5861.0,0.0,0.0,4435.857142857143,4993.0,2003.8613082888562,3897.1666666666665,4747.5,2301.4480161985757,350.0,0,1,1,0,0,0,0,0,1,0
61,0,2014-06-30,0.7818314824680298,0.6234898018587336,1.2246467991473532e-16,-1.0,0.02581844022713308,-0.9996666485105112,0.0,5255.0,5789.0,5290.428571428572,4993.0,3280.3776132808657,4107.066666666667,4747.5,2659.1879617830596,350.0,1,1,1,0,0,0,0,0,1,11237
61,0,2014-07-01,0.9749279121818236,-0.22252093395631434,-0.4999999999999998,-0.8660254037844388,0.008606996888688698,-0.9999629591162655,11237.0,4993.0,5507.0,5436.714285714285,5511.0,3287.7274174463664,4307.633333333333,4901.0,2563.9421221523526,350.0,1,1,1,0,0,0,0,0,1,6017
61,0,2014-07-02,0.43388373911755823,-0.900968867902419,-0.4999999999999998,-0.8660254037844388,-0.008606996888688009,-0.9999629591162655,6017.0,5511.0,5453.0,5532.0,5861.0,3299.882321134091,4292.966666666666,4901.0,2551.498552012037,350.0,1,1,1,0,0,0,0,0,1,6178
61,0,2014-07-03,-0.433883739117558,-0.9009688679024191,-0.4999999999999998,-0.8660254037844388,-0.02581844022713239,-0.9996666485105112,6178.0,4502.0,0.0,5631.714285714285,5861.0,3274.015460882129,4274.233333333334,4901.0,2542.387714040825,350.0,1,1,1,0,0,0,0,0,1,5200
61,0,2014-07-04,-0.9749279121818236,-0.2225209339563146,-0.4999999999999998,-0.8660254037844388,-0.04302223300453034,-0.99907411510223,5200.0,4929.0,6543.0,5542.428571428572,5861.0,3304.751067636956,4233.1,4747.5,2531.1939713679863,350.0,1,1,1,0,0,0,0,0,1,4304
61,0,2014-07-05,-0.7818314824680299,0.6234898018587334,-0.4999999999999998,-0.8660254037844388,-0.060213277365792774,-0.9981855344718586,4304.0,5861.0,4003.0,5454.571428571428,5246.0,3303.0447497797545,4209.466666666666,4747.5,2517.837163441905,350.0,0,1,1,0,0,0,0,0,1,5246
61,0,2014-07-06,-2.4492935982947064e-16,1.0,-0.4999999999999998,-0.8660254037844388,-0.07738647923346322,-0.9970011699250151,5246.0,0.0,0.0,5454.571428571428,5246.0,3303.0447497797545,4047.0333333333333,4562.0,2628.3166959145115,350.0,0,1,1,0,0,0,0,0,1,0
61,0,2014-07-07,0.7818314824680298,0.6234898018587336,-0.4999999999999998,-0.8660254037844388,-0.09453674981719933,-0.9955213724144752,0.0,11237.0,5255.0,4482.285714285715,5200.0,2099.7805214105642,4040.6666666666665,4466.5,2627.106961755789,350.0,0,1,1,0,0,0,0,0,1,4431
61,0,2014-07-08,0.9749279121818236,-0.22252093395631434,-0.4999999999999998,-0.8660254037844388,-0.11165900712169444,-0.9937465804361781,4431.0,6017.0,4993.0,4153.142857142857,4431.0,1997.1887265663686,4164.433333333333,4466.5,2515.2628666812802,350.0,0,1,1,0,0,0,0,0,1,3713
61,0,2014-07-09,0.43388373911755823,-0.900968867902419,-0.4999999999999998,-0.8660254037844388,-0.12874817745258066,-0.99167731989929,3713.0,6178.0,5511.0,3786.5714285714284,4304.0,1788.1435305126568,4284.833333333333,4466.5,2392.5002372115773,350.0,0,1,1,0,0,0,0,0,1,3612
61,0,2014-07-10,-0.433883739117558,-0.9009688679024191,-0.4999999999999998,-0.8660254037844388,-0.14579919691987442,-0.9893142039703664,3612.0,5200.0,4502.0,3651.285714285714,4253.0,1696.879657320623,4289.166666666667,4466.5,2392.314736578479,350.0,0,1,1,0,0,0,0,0,1,4253
61,0,2014-07-11,-0.9749279121818236,-0.2225209339563146,-0.4999999999999998,-0.8660254037844388,-0.16280701293851646,-0.9866579328916572,4253.0,4304.0,4929.0,3598.8571428571427,3937.0,1678.926187435626,4283.433333333333,4466.5,2392.9674217609354,350.0,0,1,1,0,0,0,0,0,1,3937
61,0,2014-07-12,-0.7818314824680299,0.6234898018587334,-0.4999999999999998,-0.8660254037844388,-0.17976658572556214,-0.9837092937736098,3937.0,5246.0,5861.0,3535.4285714285716,3937.0,1613.436793219452,4318.033333333334,4652.0,2392.7021585521697,350.0,0,1,1,0,0,0,0,0,1,4802
61,0,2014-07-13,-2.4492935982947064e-16,1.0,-0.4999999999999998,-0.8660254037844388,-0.19667288979357622,-0.9804691603616321,4802.0,0.0,0.0,3535.4285714285716,3937.0,1613.436793219452,4189.466666666666,4652.0,2518.6385448373126,350.0,0,1,1,0,0,0,0,0,1,0
61,0,2014-07-14,0.7818314824680298,0.6234898018587336,-0.4999999999999998,-0.8660254037844388,-0.2135209154397959,-0.9769384927771817,0.0,4431.0,11237.0,3634.714285714286,3937.0,1696.9548917876068,4213.4,4865.5,2524.1920332434374,350.0,1,1,1,0,0,0,0,0,1,5126
61,0,2014-07-15,0.9749279121818236,-0.22252093395631434,-0.4999999999999998,-0.8660254037844388,-0.23030567023061196,-0.973118337233262,5126.0,3713.0,6017.0,3949.4285714285716,4253.0,1905.376415754711,4410.6,4961.0,2412.2838598907956,350.0,1,1,1,0,0,0,0,0,1,5916
61,0,2014-07-16,0.43388373911755823,-0.900968867902419,-0.4999999999999998,-0.8660254037844388,-0.24702218048093527,-0.9690098257244063,5916.0,3612.0,6178.0,4186.428571428572,4802.0,1958.8374832318964,4393.333333333333,4961.0,2403.916679566667,350.0,1,1,1,0,0,0,0,0,1,5271
61,0,2014-07-17,-0.433883739117558,-0.9009688679024191,-0.4999999999999998,-0.8660254037844388,-0.2636654927280072,-0.9646141756912435,5271.0,4253.0,5200.0,4252.285714285715,4802.0,1969.1709519732467,4366.9,4865.5,2395.5940786483743,350.0,1,1,1,0,0,0,0,0,1,4714
61,0,2014-07-18,-0.9749279121818236,-0.2225209339563146,-0.4999999999999998,-0.8660254037844388,-0.2802306751992161,-0.9599326896597445,4714.0,3937.0,4304.0,4483.714285714285,5126.0,2020.4688164124739,4370.366666666667,4865.5,2397.2946171902145,350.0,1,1,1,0,0,0,0,0,1,5557
61,0,2014-07-19,-0.7818314824680299,0.6234898018587334,-0.4999999999999998,-0.8660254037844388,-0.2967128192734901,-0.9549667548552553,5557.0,4802.0,5246.0,4434.142857142857,5126.0,2015.6092072101826,4518.866666666667,4865.5,2250.7402113195008,350.0,0,1,1,0,0,0,0,0,1,4455
61,0,2014-07-20,-2.4492935982947064e-16,1.0,-0.4999999999999998,-0.8660254037844388,-0.3131070409358267,-0.9497178427914317,4455.0,0.0,0.0,4434.142857142857,5126.0,2015.6092072101826,4300.766666666666,4758.0,2362.093791873891,350.0,0,1,1,0,0,0,0,0,1,0
61,0,2014-07-21,0.7818314824680298,0.6234898018587336,-0.4999999999999998,-0.8660254037844388,-0.3294084822245302,-0.9441875088341994,0.0,5126.0,4431.0,4311.428571428572,4714.0,1992.483446785511,4309.566666666667,4758.0,2361.437882882509,350.0,0,1,1,0,0,0,0,0,1,4267
61,0,2014-07-22,0.9749279121818236,-0.22252093395631434,-0.4999999999999998,-0.8660254037844388,-0.3456123126707333,-0.9383773917408642,4267.0,5916.0,3713.0,4039.8571428571427,4455.0,1862.6551325613464,4443.4,4758.0,2218.2032275291344,350.0,0,1,1,0,0,0,0,0,1,4015
61,0,2014-07-23,0.43388373911755823,-0.900968867902419,-0.4999999999999998,-0.8660254037844388,-0.3617137307297674,-0.9322892131745134,4015.0,5271.0,3612.0,3841.8571428571427,4267.0,1781.8878031057754,4397.733333333334,4608.0,2215.0184389881388,350.0,0,1,1,0,0,0,0,0,1,3885
61,0,2014-07-24,-0.433883739117558,-0.9009688679024191,-0.4999999999999998,-0.8660254037844388,-0.37770796520396466,-0.9259247771938499,3885.0,4714.0,4253.0,3681.285714285714,4015.0,1740.357311424454,4350.966666666666,4478.5,2216.827268142827,350.0,0,1,1,0,0,0,0,0,1,3590
61,0,2014-07-25,-0.9749279121818236,-0.2225209339563146,-0.4999999999999998,-0.8660254037844388,-0.39359027665646645,-0.9192859697186105,3590.0,5557.0,3937.0,3422.4285714285716,3885.0,1537.8430627714483,4292.1,4443.0,2208.392539913321,350.0,0,1,1,0,0,0,0,0,1,3745
61,0,2014-07-26,-0.7818314824680299,0.6234898018587334,-0.4999999999999998,-0.8660254037844388,-0.4093559588156211,-0.9123747579707274,3745.0,4455.0,4802.0,3397.8571428571427,3885.0,1519.8640760027827,4284.8,4367.5,2208.0367063415647,350.0,0,1,1,0,0,0,0,0,1,4283
61,0,2014-07-27,-2.4492935982947064e-16,1.0,-0.4999999999999998,-0.8660254037844388,-0.42500033996955394,-0.9051931898913975,4283.0,0.0,0.0,3397.8571428571427,3885.0,1519.8640760027827,4120.5,4293.5,2338.0071052368326,350.0,0,1,1,0,0,0,0,0,1,0
61,0,2014-07-28,0.7818314824680298,0.6234898018587336,-0.4999999999999998,-0.8660254037844388,-0.4405187843504952,-0.8977433935342336,0.0,4267.0,5126.0,3642.0,3885.0,1795.0901555817886,4124.333333333333,4293.5,2341.051478073152,350.0,1,1,1,0,0,0,0,0,1,5976
61,0,2014-07-29,0.9749279121818236,-0.22252093395631434,-0.4999999999999998,-0.8660254037844388,-0.455906693508459,-0.8900275764346766,5976.0,4015.0,5916.0,3847.1428571428573,3885.0,1922.3622125370805,4306.033333333334,4367.5,2218.220869624294,350.0,1,1,1,0,0,0,0,0,1,5451
61,0,2014-07-30,0.43388373911755823,-0.900968867902419,-0.4999999999999998,-0.8660254037844388,-0.47115950767386394,-0.8820480249558535,5451.0,3885.0,5271.0,4092.285714285714,4283.0,2034.1572959734183,4118.166666666667,4367.5,1812.546638321877,350.0,1,1,1,0,0,0,0,0,1,5601
61,0,2014-07-31,-0.433883739117558,-0.9009688679024191,-0.4999999999999998,-0.8660254037844388,-0.4862727071086902,-0.8738071036110807,5601.0,3590.0,4714.0,4496.571428571428,5451.0,2192.738383630752,4131.6,4367.5,1828.5276647318296,350.0,1,1,1,0,0,0,0,0,1,6420
61,0,2014-08-01,-0.9749279121818236,-0.2225209339563146,-0.8660254037844384,-0.5000000000000004,-0.5012418134457756,-0.8653072543632061,6420.0,3745.0,5557.0,4735.0,5451.0,2188.130404401587,4106.133333333333,4367.5,1804.2022734932314,350.0,1,1,1,0,0,0,0,0,1,5414
61,0,2014-08-02,-0.7818314824680299,0.6234898018587334,-0.8660254037844384,-0.5000000000000004,-0.5160623910158526,-0.8565509959010037,5414.0,4283.0,4455.0,4854.857142857143,5451.0,2182.2157263181984,4103.533333333334,4367.5,1802.6270816234519,350.0,0,1,1,0,0,0,0,0,1,5122
61,0,2014-08-03,-2.4492935982947064e-16,1.0,-0.8660254037844384,-0.5000000000000004,-0.5307300481619331,-0.8475409228928312,5122.0,0.0,0.0,4854.857142857143,5451.0,2182.2157263181984,3960.0666666666666,4357.0,1951.2664840953964,350.0,0,1,1,0,0,0,0,0,1,0
61,0,2014-08-04,0.7818314824680298,0.6234898018587336,-0.8660254037844384,-0.5000000000000004,-0.5452404385406507,-0.8382797052177745,0.0,5976.0,4267.0,4951.428571428572,5451.0,2253.880790780117,4006.9333333333334,4357.0,1999.5065931604079,350.0,1,1,1,0,0,0,0,0,1,6652
61,0,2014-08-05,0.9749279121818236,-0.22252093395631434,-0.8660254037844384,-0.5000000000000004,-0.5595892624101763,-0.828770087174504,6652.0,5451.0,4015.0,4925.0,5414.0,2248.1238844867926,4182.466666666666,4443.0,1862.03584789621,350.0,1,1,1,0,0,0,0,0,1,5266
61,0,2014-08-06,0.43388373911755823,-0.900968867902419,-0.8660254037844384,-0.5000000000000004,-0.5737722679043243,-0.8190148866680802,5266.0,5601.0,3885.0,4859.428571428572,5266.0,2231.754978870725,4206.166666666667,4584.5,1869.8168098235808,350.0,1,1,1,0,0,0,0,0,1,5142
61,0,2014-08-07,-0.433883739117558,-0.9009688679024191,-0.8660254037844384,-0.5000000000000004,-0.5877852522924734,-0.8090169943749472,5142.0,6420.0,3590.0,4640.0,5142.0,2125.737519074259,4245.2,4758.0,1871.3886490684,350.0,1,1,1,0,0,0,0,0,1,4884
61,0,2014-08-08,-0.9749279121818236,-0.2225209339563146,-0.8660254037844384,-0.5000000000000004,-0.6016240632249227,-0.7987793728863648,4884.0,5414.0,3745.0,4551.714285714285,5122.0,2100.9227904491295,4284.666666666667,4799.0,1870.0588103113146,350.0,1,1,1,0,0,0,0,0,1,4796
61,0,2014-08-09,-0.7818314824680299,0.6234898018587334,-0.8660254037844384,-0.5000000000000004,-0.6152845999633277,-0.7883050558305253,4796.0,5122.0,4283.0,4392.571428571428,4884.0,2092.700556469464,4276.5,4799.0,1870.7367117869812,350.0,0,1,1,0,0,0,0,0,1,4008
61,0,2014-08-10,-2.4492935982947064e-16,1.0,-0.8660254037844384,-0.5000000000000004,-0.6287628145958345,-0.7775971469736268,4008.0,0.0,0.0,4392.571428571428,4884.0,2092.700556469464,4145.266666666666,4799.0,2026.9439019393653,350.0,0,1,1,0,0,0,0,0,1,0
61,0,2014-08-11,0.7818314824680298,0.6234898018587336,-0.8660254037844384,-0.5000000000000004,-0.6420547132365636,-0.7666588193001592,0.0,6652.0,5976.0,4150.0,4884.0,1874.1518970812688,4150.333333333333,4840.0,2028.831213273792,350.0,0,1,1,0,0,0,0,0,1,4954
61,0,2014-08-12,0.9749279121818236,-0.22252093395631434,-0.8660254037844384,-0.5000000000000004,-0.655156357209085,-0.7554933140726804,4954.0,5266.0,5451.0,3988.4285714285716,4796.0,1809.5443125404815,4288.166666666667,4840.0,1871.5064388280084,350.0,0,1,1,0,0,0,0,0,1,4135
61,0,2014-08-13,0.43388373911755823,-0.900968867902419,-0.8660254037844384,-0.5000000000000004,-0.6680638642135333,-0.7441039398713608,4135.0,5142.0,5601.0,3859.8571428571427,4242.0,1744.7330673173076,4258.7,4755.0,1864.807212925586,350.0,0,1,1,0,0,0,0,0,1,4242
61,0,2014-08-14,-0.433883739117558,-0.9009688679024191,-0.8660254037844384,-0.5000000000000004,-0.6807734094770159,-0.7324940716135792,4242.0,4884.0,6420.0,3734.1428571428573,4135.0,1689.4693869744412,4194.966666666666,4584.5,1838.7030939812103,350.0,0,1,1,0,0,0,0,0,1,4004
61,0,2014-08-15,-0.9749279121818236,-0.2225209339563146,-0.8660254037844384,-0.5000000000000004,-0.6932812268869771,-0.7206671495538615,4004.0,4796.0,5414.0,3552.0,4008.0,1623.345208717681,4136.633333333333,4369.0,1831.132520926704,350.0,0,1,1,0,0,0,0,0,1,3521
61,0,2014-08-16,-0.7818314824680299,0.6234898018587334,-0.8660254037844384,-0.5000000000000004,-0.7055836101071774,-0.7086266782644601,3521.0,4008.0,5122.0,3650.0,4135.0,1675.3356877553379,4135.966666666666,4369.0,1830.9186969149198,350.0,0,1,1,0,0,0,0,0,1,4694
61,0,2014-08-17,-2.4492935982947064e-16,1.0,-0.8660254037844384,-0.5000000000000004,-0.7176769136759615,-0.6963762255968726,4694.0,0.0,0.0,3650.0,4135.0,1675.3356877553379,3950.733333333333,4275.0,1958.8277446813236,350.0,0,1,1,0,0,0,0,0,1,0
61,0,2014-08-18,0.7818314824680298,0.6234898018587336,-0.8660254037844384,-0.5000000000000004,-0.7295575540864876,-0.6839194216246105,0.0,4954.0,6652.0,3791.8571428571427,4135.0,1838.2703309153947,4000.4666666666667,4275.0,1990.7525129498338,350.0,1,1,1,0,0,0,0,0,1,5947
61,0,2014-08-19,0.9749279121818236,-0.22252093395631434,-0.8660254037844384,-0.5000000000000004,-0.7412220108485957,-0.6712599575675315,5947.0,4135.0,5266.0,4034.0,4242.0,1995.8821775512329,4194.8,4488.5,1867.5104837447457,350.0,1,1,1,0,0,0,0,0,1,5830
61,0,2014-08-20,0.43388373911755823,-0.900968867902419,-0.8660254037844384,-0.5000000000000004,-0.7526668275320083,-0.6584015846980489,5830.0,4242.0,5142.0,4185.0,4694.0,2053.396698156492,4229.2,4745.0,1878.3596181701723,350.0,1,1,1,0,0,0,0,0,1,5299
61,0,2014-08-21,-0.433883739117558,-0.9009688679024191,-0.8660254037844384,-0.5000000000000004,-0.7638886127905429,-0.64534811322955,5299.0,4004.0,4884.0,4396.285714285715,5299.0,2107.0587489267014,4278.133333333333,4840.0,1891.66146153519,350.0,1,1,1,0,0,0,0,0,1,5483
61,0,2014-08-22,-0.9749279121818236,-0.2225209339563146,-0.8660254037844384,-0.5000000000000004,-0.7748840413670406,-0.6321034111873488,5483.0,3521.0,4796.0,4695.714285714285,5483.0,2110.8685190607885,4335.866666666667,4919.0,1905.6280118481175,350.0,1,1,1,0,0,0,0,0,1,5617
61,0,2014-08-23,-0.7818314824680299,0.6234898018587334,-0.8660254037844384,-0.5000000000000004,-0.7856498550787144,-0.6186714032625032,5617.0,4694.0,4008.0,4676.0,5483.0,2111.5315136964723,4368.066666666667,4919.0,1900.7454242523038,350.0,0,1,1,0,0,0,0,0,1,4556
61,0,2014-08-24,-2.4492935982947064e-16,1.0,-0.8660254037844384,-0.5000000000000004,-0.7961828637826154,-0.6050560696488494,4556.0,0.0,0.0,4676.0,5483.0,2111.5315136964723,4243.233333333334,4919.0,2059.4312519744803,350.0,0,1,1,0,0,0,0,0,1,0
61,0,2014-08-25,0.7818314824680298,0.6234898018587336,-0.8660254037844384,-0.5000000000000004,-0.8064799463209447,-0.5912614448635782,0.0,5947.0,4954.0,4409.714285714285,5299.0,2040.8839354787478,4236.566666666667,4919.0,2059.621787900726,350.0,0,1,1,0,0,0,0,0,1,4083
61,0,2014-08-26,0.9749279121818236,-0.22252093395631434,-0.8660254037844384,-0.5000000000000004,-0.8165380514459157,-0.5772916165517278,4083.0,5830.0,4135.0,4112.285714285715,4556.0,1949.0446988448527,4361.5,4919.0,1901.3712429318618,350.0,0,1,1,0,0,0,0,0,1,3748
61,0,2014-08-27,0.43388373911755823,-0.900968867902419,-0.8660254037844384,-0.5000000000000004,-0.8263541987239095,-0.5631507242749187,3748.0,5299.0,4242.0,3992.4285714285716,4460.0,1888.769692784416,4310.966666666666,4840.0,1876.9715975903573,350.0,0,1,1,0,0,0,0,0,1,4460
61,0,2014-08-28,-0.433883739117558,-0.9009688679024191,-0.8660254037844384,-0.5000000000000004,-0.8359254794186365,-0.5488429582847199,4460.0,5483.0,4004.0,3891.285714285714,4460.0,1813.0872119385829,4288.433333333333,4785.5,1866.843799374856,350.0,0,1,1,0,0,0,0,0,1,4775
61,0,2014-08-29,-0.9749279121818236,-0.2225209339563146,-0.8660254037844384,-0.5000000000000004,-0.8452490573530634,-0.5343725582809785,4775.0,5617.0,3521.0,3587.285714285714,4083.0,1646.2352721979194,4218.033333333334,4734.5,1855.4267560662206,350.0,0,1,1,0,0,0,0,0,1,3489
61,0,2014-08-30,-0.7818314824680299,0.6234898018587334,-0.8660254037844384,-0.5000000000000004,-0.8543221697498269,-0.5197438121555157,3489.0,4556.0,4694.0,3608.8571428571427,4083.0,1661.9586264978025,4160.933333333333,4700.5,1811.1556975918782,350.0,0,1,1,0,0,0,0,0,1,4707
61,0,2014-08-31,-2.4492935982947064e-16,1.0,-0.8660254037844384,-0.5000000000000004,-0.8631421280499115,-0.5049610547215202,4707.0,0.0,0.0,3608.8571428571427,4083.0,1661.9586264978025,3980.4666666666667,4625.0,1946.6541363161482,350.0,0,1,1,0,0,0,0,0,1,0
61,0,2014-09-01,0.7818314824680298,0.6234898018587336,-1.0,-1.8369701987210297e-16,-0.8717063187093218,-0.4900286664290594,0.0,4083.0,5947.0,3896.5714285714284,4460.0,1913.078919538067,4012.9666666666667,4625.0,1974.3120579834476,350.0,1,1,1,0,0,0,0,0,1,6097
61,0,2014-09-02,0.9749279121818236,-0.22252093395631434,-1.0,-1.8369701987210297e-16,-0.8800122039735356,-0.4749510720670502,6097.0,3748.0,5830.0,4179.142857142857,4707.0,2029.9850105006014,4203.833333333333,4700.5,1845.5633115072458,350.0,1,1,1,0,0,0,0,0,1,5726
61,0,2014-09-03,0.43388373911755823,-0.900968867902419,-1.0,-1.8369701987210297e-16,-0.888057322629493,-0.4597327394521046,5726.0,4460.0,5299.0,4346.857142857143,4775.0,2104.1968720132772,4169.9,4700.5,1807.9739727681035,350.0,1,1,1,0,0,0,0,0,1,5634
61,0,2014-09-04,-0.433883739117558,-0.9009688679024191,-1.0,-1.8369701987210297e-16,-0.8958392907349089,-0.44437817810461344,5634.0,4775.0,5483.0,4324.714285714285,4707.0,2099.7513911798915,4148.366666666667,4657.0,1798.2900974850045,350.0,1,1,1,0,0,0,0,0,1,4620
61,0,2014-09-05,-0.9749279121818236,-0.2225209339563146,-1.0,-1.8369701987210297e-16,-0.9033558023246842,-0.4288919379124841,4620.0,3489.0,5617.0,4487.285714285715,4707.0,2068.0783120476576,4131.2,4623.5,1790.9207110041002,350.0,1,1,1,0,0,0,0,0,1,4627
61,0,2014-09-06,-0.7818314824680299,0.6234898018587334,-1.0,-1.8369701987210297e-16,-0.9106046300942162,-0.41327860778290443,4627.0,4707.0,4556.0,4516.285714285715,4910.0,2073.090021705575,4132.066666666667,4623.5,1791.3038197672183,350.0,0,1,1,0,0,0,0,0,1,4910
61,0,2014-09-07,-2.4492935982947064e-16,1.0,-1.0,-1.8369701987210297e-16,-0.9175836260593934,-0.3975428142825566,4910.0,0.0,0.0,4516.285714285715,4910.0,2073.090021705575,3972.2,4588.0,1938.011412371647,350.0,0,1,1,0,0,0,0,0,1,0
61,0,2014-09-08,0.7818314824680298,0.6234898018587336,-1.0,-1.8369701987210297e-16,-0.9242907221930934,-0.3816892202666586,0.0,6097.0,4083.0,4332.857142857143,4813.0,1963.8428678292453,3999.0333333333333,4623.5,1944.0875970638406,350.0,0,1,1,0,0,0,0,0,1,4813
61,0,2014-09-09,0.9749279121818236,-0.22252093395631434,-1.0,-1.8369701987210297e-16,-0.9307239310379793,-0.3657225234972692,4813.0,5726.0,3748.0,4118.571428571428,4627.0,1865.8874436527349,4139.9,4623.5,1791.4429235328278,350.0,0,1,1,0,0,0,0,0,1,4226
61,0,2014-09-10,0.43388373911755823,-0.900968867902419,-1.0,-1.8369701987210297e-16,-0.9368813462954315,-0.34964745525122826,4226.0,5634.0,4460.0,3949.0,4620.0,1755.9079322865002,4123.0,4588.0,1785.8809088765238,350.0,0,1,1,0,0,0,0,0,1,4447
61,0,2014-09-11,-0.433883739117558,-0.9009688679024191,-1.0,-1.8369701987210297e-16,-0.9427611433904206,-0.33346877891818705,4447.0,4620.0,4775.0,3902.8571428571427,4447.0,1739.503514279423,4128.4,4588.0,1786.1633434977766,350.0,0,1,1,0,0,0,0,0,1,4297
61,0,2014-09-12,-0.9749279121818236,-0.2225209339563146,-1.0,-1.8369701987210297e-16,-0.9483615800121716,-0.31719128858910595,4297.0,4627.0,3489.0,3742.4285714285716,4297.0,1713.173357363737,4103.8,4588.0,1789.6235473918236,350.0,0,1,1,0,0,0,0,0,1,3504
61,0,2014-09-13,-0.7818314824680299,0.6234898018587334,-1.0,-1.8369701987210297e-16,-0.9536809966304455,-0.300819807635668,3504.0,4910.0,4707.0,3793.1428571428573,4297.0,1758.1607272536628,4145.833333333333,4623.5,1801.9648487392692,350.0,0,1,1,0,0,0,0,0,1,5265
61,0,2014-09-14,-2.4492935982947064e-16,1.0,-1.0,-1.8369701987210297e-16,-0.9587178169872964,-0.2843591872810036,5265.0,0.0,0.0,3793.1428571428573,4297.0,1758.160727253663,4028.4666666666667,4623.5,1952.447725174791,350.0,0,1,1,0,0,0,0,0,1,0
61,0,2014-09-15,0.7818314824680298,0.6234898018587336,-1.0,-1.8369701987210297e-16,-0.9634705485641486,-0.26781430516217486,0.0,4813.0,6097.0,4059.1428571428573,4297.0,2054.1208523819773,4094.5,4623.5,2008.4296790931103,350.0,1,1,1,0,0,0,0,0,1,6675
61,0,2014-09-16,0.9749279121818236,-0.22252093395631434,-1.0,-1.8369701987210297e-16,-0.9679377830240642,-0.25119006388481957,6675.0,4226.0,5726.0,4222.0,4447.0,2113.876849140772,4273.366666666667,4667.0,1865.031080139159,350.0,1,1,1,0,0,0,0,0,1,5366
61,0,2014-09-17,0.43388373911755823,-0.900968867902419,-1.0,-1.8369701987210297e-16,-0.9721181966290612,-0.23449138957041052,5366.0,4447.0,5634.0,4357.571428571428,5265.0,2160.626672761309,4255.0,4667.0,1850.6385105016336,350.0,1,1,1,0,0,0,0,0,1,5396
61,0,2014-09-18,-0.433883739117558,-0.9009688679024191,-1.0,-1.8369701987210297e-16,-0.9760105506323682,-0.21772323039653224,5396.0,4297.0,4620.0,4402.428571428572,5265.0,2162.4183111463276,4214.366666666667,4623.5,1828.1100374964808,350.0,1,1,1,0,0,0,0,0,1,4611
61,0,2014-09-19,-0.9749279121818236,-0.2225209339563146,-1.0,-1.8369701987210297e-16,-0.9796136916454901,-0.20089055513063528,4611.0,3504.0,4627.0,4553.571428571428,5265.0,2125.821320269949,4189.8,4615.5,1817.9556232966315,350.0,1,1,1,0,0,0,0,0,1,4562
61,0,2014-09-20,-0.7818314824680299,0.6234898018587334,-1.0,-1.8369701987210297e-16,-0.9829265519799822,-0.18399835165767986,4562.0,5265.0,4910.0,4496.428571428572,4865.0,2108.8186943676,4169.2,4615.5,1806.2603279742862,350.0,0,1,1,0,0,0,0,0,1,4865
61,0,2014-09-21,-2.4492935982947064e-16,1.0,-1.0,-1.8369701987210297e-16,-0.9859481499638303,-0.1670516255021195,4865.0,0.0,0.0,4496.428571428572,4865.0,2108.8186943676,3981.9666666666667,4586.5,1937.3740579015382,350.0,0,1,1,0,0,0,0,0,1,0
61,0,2014-09-22,0.7818314824680298,0.6234898018587336,-1.0,-1.8369701987210297e-16,-0.9886775902323404,-0.15005539834465262,0.0,6675.0,4813.0,4096.285714285715,4611.0,1879.8555542280078,3959.233333333333,4586.5,1934.4050797709529,350.0,0,1,1,0,0,0,0,0,1,3874
61,0,2014-09-23,0.9749279121818236,-0.22252093395631434,-1.0,-1.8369701987210297e-16,-0.9911140639934546,-0.13301470653419636,3874.0,5366.0,4226.0,3900.5714285714284,4562.0,1795.034619642271,4092.4333333333334,4586.5,1784.118862657962,350.0,0,1,1,0,0,0,0,0,1,3996
61,0,2014-09-24,0.43388373911755823,-0.900968867902419,-1.0,-1.8369701987210297e-16,-0.9932568492674143,-0.11593459959550066,3996.0,5396.0,4447.0,3668.4285714285716,3996.0,1670.1370060709412,4082.0333333333333,4586.5,1785.084842634177,350.0,0,1,1,0,0,0,0,0,1,3771
61,0,2014-09-25,-0.433883739117558,-0.9009688679024191,-1.0,-1.8369701987210297e-16,-0.9951053111006974,-0.09882013873287211,3771.0,4611.0,4297.0,3558.5714285714284,3874.0,1622.4134139343996,4085.1666666666665,4586.5,1784.5607222127112,350.0,0,1,1,0,0,0,0,0,1,3842
61,0,2014-09-26,-0.9749279121818236,-0.2225209339563146,-1.0,-1.8369701987210297e-16,-0.99665890175417,-0.08167639533042288,3842.0,4562.0,3504.0,3410.0,3842.0,1561.6927781523875,4053.9,4586.5,1785.9835569000147,350.0,0,1,1,0,0,0,0,0,1,3522
61,0,2014-09-27,-0.7818314824680299,0.6234898018587334,-1.0,-1.8369701987210297e-16,-0.9979171608653922,-0.06450844944931625,3522.0,4865.0,5265.0,3349.4285714285716,3842.0,1502.9725942436903,4042.766666666667,4504.5,1782.3707900808183,350.0,0,1,1,0,0,0,0,0,1,4441
61,0,2014-09-28,-2.4492935982947064e-16,1.0,-1.0,-1.8369701987210297e-16,-0.9988797155850335,-0.04732138832243232,4441.0,0.0,0.0,3349.4285714285716,3842.0,1502.9725942436903,3926.4666666666667,4504.5,1927.6576590708999,350.0,0,1,1,0,0,0,0,0,1,0
61,0,2014-09-29,0.7818314824680298,0.6234898018587336,-1.0,-1.8369701987210297e-16,-0.9995462806873573,-0.03012030484690836,0.0,3874.0,6675.0,3736.4285714285716,3842.0,1944.478752531795,3989.0,4504.5,1983.4720689427038,350.0,1,1,1,0,0,0,0,0,1,6583
61,0,2014-09-30,0.9749279121818236,-0.22252093395631434,-1.0,-1.8369701987210297e-16,-0.9999166586547379,-0.012910296075008843,6583.0,3996.0,5366.0,4188.857142857143,3842.0,2342.618152735053,4227.766666666666,4586.5,1916.7370924592599,350.0,1,1,1,0,0,0,0,0,1,7163
61,0,2014-10-01,0.43388373911755823,-0.900968867902419,-0.8660254037844386,0.5000000000000001,-0.9999907397361901,0.004303538296243821,7163.0,3771.0,5396.0,4286.857142857143,4441.0,2336.56538738461,4173.1,4509.5,1884.706258097088,350.0,1,1,1,0,0,0,0,0,1,4457
61,0,2014-10-02,-0.433883739117558,-0.9009688679024191,-0.8660254037844386,0.5000000000000001,-0.9997685019798909,0.021516097436222233,4457.0,3842.0,4611.0,4533.285714285715,4457.0,2372.5164357903227,4167.8,4509.5,1880.4074100008727,350.0,1,1,1,0,0,0,0,0,1,5567
61,0,2014-10-03,-0.9749279121818236,-0.2225209339563146,-0.8660254037844386,0.5000000000000001,-0.9992500112396835,0.03872228089217399,5567.0,3522.0,4562.0,4030.1428571428573,4457.0,2930.5550343789473,3980.0,4452.0,2006.0664718934813,350.0,1,1,1,0,0,0,0,0,1,0
61,0,2014-10-04,-0.7818314824680299,0.6234898018587334,-0.8660254037844386,0.5000000000000001,-0.9984354211555643,0.05591699010060302,0.0,4441.0,4865.0,4227.285714285715,5567.0,3008.1895282869427,4020.0333333333333,4452.0,2031.1061956876863,350.0,0,1,1,0,0,0,0,0,1,5821
61,0,2014-10-05,-2.4492935982947064e-16,1.0,-0.8660254037844386,0.5000000000000001,-0.9973249731081555,0.07309512989807776,5821.0,0.0,0.0,4227.285714285715,5567.0,3008.1895282869427,3865.8,4444.0,2155.306209143472,350.0,0,1,1,0,0,0,0,0,1,0
61,0,2014-10-06,0.7818314824680298,0.6234898018587336,-0.8660254037844386,0.5000000000000001,-0.9959189961471792,0.0902516100310407,0.0,6583.0,3874.0,4054.0,5370.0,2882.1703627648353,3881.133333333333,4444.0,2164.607246900306,350.0,1,1,1,0,0,0,0,0,1,5370
61,0,2014-10-07,0.9749279121818236,-0.22252093395631434,-0.8660254037844386,0.5000000000000001,-0.994217906893952,0.10738134666416306,5370.0,7163.0,3996.0,3759.714285714286,5103.0,2603.5145293932756,4051.233333333333,4452.0,2046.3757143710932,350.0,1,1,1,0,0,0,0,0,1,5103
61,0,2014-10-08,0.43388373911755823,-0.900968867902419,-0.8660254037844386,0.5000000000000001,-0.9922222094179324,0.12447926388678869,5103.0,4457.0,3771.0,3851.285714285714,5103.0,2643.098920729583,4060.733333333333,4452.0,2050.6910346369136,350.0,1,1,1,0,0,0,0,0,1,5098
61,0,2014-10-09,-0.433883739117558,-0.9009688679024191,-0.8660254037844386,0.5000000000000001,-0.989932495087353,0.141540295217043,5098.0,5567.0,3842.0,3692.5714285714284,5098.0,2554.7832169705257,4068.4,4456.5,2051.759860251174,350.0,1,1,1,0,0,0,0,0,1,4456
61,0,2014-10-10,-0.9749279121818236,-0.2225209339563146,-0.8660254037844386,0.5000000000000001,-0.9873494423939864,0.15855938510313475,4456.0,0.0,3522.0,4361.0,5098.0,1973.654985046773,4076.133333333333,4509.5,2053.6723831885283,350.0,1,1,1,0,0,0,0,0,1,4679
61,0,2014-10-11,-0.7818314824680299,0.6234898018587334,-0.8660254037844386,0.5000000000000001,-0.9844738167520923,0.17553149042142777,4679.0,5821.0,4441.0,4153.571428571428,4679.0,1868.1167751814298,4078.5333333333333,4509.5,2053.9814445882002,350.0,0,1,1,0,0,0,0,0,1,4369
61,0,2014-10-12,-2.4492935982947064e-16,1.0,-0.8660254037844386,0.5000000000000001,-0.9813064702716093,0.19245158197082995,4369.0,0.0,0.0,4153.571428571428,4679.0,1868.1167751814298,3961.733333333333,4509.5,2183.3336727208625,350.0,0,1,1,0,0,0,0,0,1,0
61,0,2014-10-13,0.7818314824680298,0.6234898018587336,-0.8660254037844386,0.5000000000000001,-0.9778483415056568,0.20931464596304888,0.0,5370.0,6583.0,4050.5714285714284,4649.0,1808.8048408772386,3941.2,4509.5,2173.528950014633,350.0,0,1,1,0,0,0,0,0,1,4649
61,0,2014-10-14,0.9749279121818236,-0.22252093395631434,-0.8660254037844386,0.5000000000000001,-0.9741004551724206,0.22611568550828803,4649.0,5103.0,7163.0,3861.4285714285716,4456.0,1748.6361215856966,4067.1666666666665,4509.5,2042.816161042417,350.0,0,1,1,0,0,0,0,0,1,3779
61,0,2014-10-15,0.43388373911755823,-0.900968867902419,-0.8660254037844386,0.5000000000000001,-0.970063921851507,0.2428497220959358,3779.0,5098.0,4457.0,3653.285714285714,4369.0,1661.4544546155598,3966.0333333333333,4456.5,1983.4993716841084,350.0,0,1,1,0,0,0,0,0,1,3641
61,0,2014-10-16,-0.433883739117558,-0.9009688679024191,-0.8660254037844386,0.5000000000000001,-0.965739937654855,0.25951179706979943,3641.0,4456.0,5567.0,3584.285714285714,3973.0,1632.3360269141547,3919.6,4448.5,1965.8224847069228,350.0,0,1,1,0,0,0,0,0,1,3973
61,0,2014-10-17,-0.9749279121818236,-0.2225209339563146,-0.8660254037844386,0.5000000000000001,-0.9611297838723007,0.27609697309746883,3973.0,4679.0,0.0,3441.5714285714284,3779.0,1562.8667950428796,3862.4,4405.0,1946.2499679976943,350.0,0,1,1,0,0,0,0,0,1,3680
61,0,2014-10-18,-0.7818314824680299,0.6234898018587334,-0.8660254037844386,0.5000000000000001,-0.9562348265919058,0.2926003356333479,3680.0,4369.0,5821.0,3361.0,3779.0,1521.064868220063,3835.5333333333333,4182.5,1941.116080192424,350.0,0,1,1,0,0,0,0,0,1,3805
61,0,2014-10-19,-2.4492935982947064e-16,1.0,-0.8660254037844386,0.5000000000000001,-0.9510565162951536,0.30901699437494723,3805.0,0.0,0.0,3361.0,3779.0,1521.064868220063,3683.4666666666667,3984.5,2057.449471174633,350.0,0,1,1,0,0,0,0,0,1,0
61,0,2014-10-20,0.7818314824680298,0.6234898018587336,-0.8660254037844386,0.5000000000000001,-0.9455963874271428,0.3253420847119795,0.0,4649.0,5370.0,3559.8571428571427,3779.0,1785.5193855543712,3722.6666666666665,3984.5,2091.6557924340664,350.0,1,1,1,0,0,0,0,0,1,6041
61,0,2014-10-21,0.9749279121818236,-0.22252093395631434,-0.8660254037844386,0.5000000000000001,-0.9398560579418953,0.341570769167856,6041.0,3779.0,5103.0,3704.4285714285716,3805.0,1846.1608685000704,3882.366666666667,4182.5,1977.4039142850595,350.0,1,1,1,0,0,0,0,0,1,4791
61,0,2014-10-22,0.43388373911755823,-0.900968867902419,-0.8660254037844386,0.5000000000000001,-0.9338372288229252,0.35769823883312546,4791.0,3641.0,5098.0,3938.8571428571427,3973.0,1938.6365852123467,3929.3,4405.0,1993.8394973967436,350.0,1,1,1,0,0,0,0,0,1,5282
61,0,2014-10-23,-0.433883739117558,-0.9009688679024191,-0.8660254037844386,0.5000000000000001,-0.9275416835791965,0.3737197147904692,5282.0,3973.0,4456.0,4038.5714285714284,4671.0,1958.5342186733078,3951.8,4448.5,1998.4214874193328,350.0,1,1,1,0,0,0,0,0,1,4671
61,0,2014-10-24,-0.9749279121818236,-0.2225209339563146,-0.8660254037844386,0.5000000000000001,-0.9209712877166346,0.38963044953078774,4671.0,3680.0,4679.0,4182.571428571428,4688.0,1964.822711013455,3982.366666666667,4456.5,2002.569357933283,350.0,1,1,1,0,0,0,0,0,1,4688
61,0,2014-10-25,-0.7818314824680299,0.6234898018587334,-0.8660254037844386,0.5000000000000001,-0.9141279881853337,0.4054257283599973,4688.0,3805.0,4369.0,4284.0,4688.0,1960.4040399876699,4004.8,4486.0,2004.7111306224065,350.0,0,1,1,0,0,0,0,0,1,4515
61,0,2014-10-26,-2.4492935982947064e-16,1.0,-0.8660254037844386,0.5000000000000001,-0.9070138128026362,0.42110087079608916,4515.0,0.0,0.0,4284.0,4688.0,1960.4040399876699,3887.4,4486.0,2132.9838190698456,350.0,0,1,1,0,0,0,0,0,1,0
61,0,2014-10-27,0.7818314824680298,0.6234898018587336,-0.8660254037844386,0.5000000000000001,-0.8996308696522434,0.4366512319560638,0.0,6041.0,4649.0,4080.8571428571427,4671.0,1816.3796802588167,3893.3333333333335,4567.0,2134.8236514964174,350.0,0,1,1,0,0,0,0,0,1,4619
61,0,2014-10-28,0.9749279121818236,-0.22252093395631434,-0.8660254037844386,0.5000000000000001,-0.8919813464595487,0.45207220393230374,4619.0,4791.0,3779.0,4007.285714285714,4619.0,1793.1024988629483,4035.866666666667,4567.0,2004.697977653787,350.0,0,1,1,0,0,0,0,0,1,4276
61,0,2014-10-29,0.43388373911755823,-0.900968867902419,-0.8660254037844386,0.5000000000000001,-0.8840675099433637,0.46735921715800205,4276.0,5282.0,3641.0,3862.285714285714,4515.0,1712.0494263003088,3958.6666666666665,4486.0,1946.9901144451442,350.0,0,1,1,0,0,0,0,0,1,4267
61,0,2014-10-30,-0.433883739117558,-0.9009688679024191,-0.8660254037844386,0.5000000000000001,-0.8758917051442433,0.48250774176121763,4267.0,4671.0,3973.0,3936.4285714285716,4515.0,1763.3777112067996,3892.9,4486.0,1866.686319990954,350.0,0,1,1,0,0,0,0,0,1,5190
61,0,2014-10-31,-0.9749279121818236,-0.2225209339563146,-0.8660254037844386,0.5000000000000001,-0.867456354729597,0.4975132889071803,5190.0,4688.0,3680.0,3918.285714285714,4515.0,1754.9896214589276,3896.366666666667,4538.0,1867.866244995983,350.0,0,1,1,0,0,0,0,0,1,4561
61,0,2014-11-01,-0.7818314824680299,0.6234898018587334,-0.5000000000000004,0.8660254037844384,-0.858763958275803,0.5123714121284235,4561.0,4515.0,3805.0,3273.285714285714,4276.0,2257.013196999201,3710.8,4485.5,1969.9152160995875,350.0,0,1,1,0,0,0,0,0,1,0
61,0,2014-11-02,-2.4492935982947064e-16,1.0,-0.5000000000000004,0.8660254037844384,-0.8498170915275277,0.5270777086423724,0.0,0.0,0.0,3273.285714285714,4276.0,2257.013196999201,3710.8,4485.5,1969.9152160995875,350.0,0,1,1,0,0,0,0,0,1,0
61,0,2014-11-03,0.7818314824680298,0.6234898018587336,-0.5000000000000004,0.8660254037844384,-0.8406184056344783,0.5416278206559811,0.0,4619.0,6041.0,3741.8571428571427,4276.0,2846.4604586849828,3780.0666666666666,4485.5,2080.1239341945925,350.0,1,1,1,0,0,0,0,0,1,7899
61,0,2014-11-04,0.9749279121818236,-0.22252093395631434,-0.5000000000000004,0.8660254037844384,-0.8311706263658079,0.5560174366570446,7899.0,4276.0,4791.0,4112.714285714285,4561.0,3086.6314818523256,4009.133333333333,4538.0,2027.2076384019942,350.0,1,1,1,0,0,0,0,0,1,6872
61,0,2014-11-05,0.43388373911755823,-0.900968867902419,-0.5000000000000004,0.8660254037844384,-0.8214765533024145,0.5702422926917867,6872.0,4267.0,5282.0,4267.0,5190.0,3122.4133828391955,4008.366666666667,4538.0,2026.6795075780408,350.0,1,1,1,0,0,0,0,0,1,5347
61,0,2014-11-06,-0.433883739117558,-0.9009688679024191,-0.5000000000000004,0.8660254037844384,-0.8115390590073611,0.5842981736283683,5347.0,5190.0,4671.0,4079.8571428571427,4561.0,3097.027468857375,3967.6,4485.5,2016.1747940096834,350.0,1,1,1,0,0,0,0,0,1,3880
61,0,2014-11-07,-0.9749279121818236,-0.2225209339563146,-0.5000000000000004,0.8660254037844384,-0.8013610881746769,0.5981809144059159,3880.0,4561.0,4688.0,4099.428571428572,4698.0,3101.005098197614,3954.266666666667,4485.5,2009.7538866879847,350.0,1,1,1,0,0,0,0,0,1,4698
61,0,2014-11-08,-0.7818314824680299,0.6234898018587334,-0.5000000000000004,0.8660254037844384,-0.7909456567567774,0.6118864012687242,4698.0,0.0,4515.0,4993.285714285715,5347.0,2580.5145297198405,4014.3,4538.0,2051.7186597145037,350.0,0,1,1,0,0,0,0,0,1,6257
61,0,2014-11-09,-2.4492935982947064e-16,1.0,-0.5000000000000004,0.8660254037844384,-0.780295851070776,0.6254105729852457,6257.0,0.0,0.0,4993.285714285715,5347.0,2580.5145297198405,3858.3333333333335,4442.0,2173.6664137261064,350.0,0,1,1,0,0,0,0,0,1,0
61,0,2014-11-10,0.7818314824680298,0.6234898018587336,-0.5000000000000004,0.8660254037844384,-0.7694148268839381,0.6387494220515268,0.0,7899.0,4619.0,4660.285714285715,5347.0,2275.420453036144,3898.3,4538.0,2194.3045736790864,350.0,1,1,1,0,0,0,0,0,1,5568
61,0,2014-11-11,0.9749279121818236,-0.22252093395631434,-0.5000000000000004,0.8660254037844384,-0.7583058084785625,0.6518989958787125,5568.0,6872.0,4276.0,4431.142857142857,5268.0,2088.6726589368786,4073.9,4590.0,2079.3606336630437,350.0,1,1,1,0,0,0,0,0,1,5268
61,0,2014-11-12,0.43388373911755823,-0.900968867902419,-0.5000000000000004,0.8660254037844384,-0.7469720876965551,0.6648553979642867,5268.0,5347.0,4267.0,4513.142857142857,5268.0,2141.2275629158266,4116.3,4590.0,2104.3107176820895,350.0,1,1,1,0,0,0,0,0,1,5921
61,0,2014-11-13,-0.433883739117558,-0.9009688679024191,-0.5000000000000004,0.8660254037844384,-0.7354170229639858,0.6776147890466887,5921.0,3880.0,5190.0,4644.714285714285,5268.0,2124.0663607246074,4150.366666666667,4645.0,2106.932817012039,350.0,1,1,1,0,0,0,0,0,1,4801
61,0,2014-11-14,-0.9749279121818236,-0.2225209339563146,-0.5000000000000004,0.8660254037844384,-0.7236440382959123,0.690173388242972,4801.0,4698.0,4561.0,4719.142857142857,5268.0,2135.3428630683916,4202.966666666666,4679.5,2113.465294386141,350.0,1,1,1,0,0,0,0,0,1,5219
61,0,2014-11-15,-0.7818314824680299,0.6234898018587334,-0.5000000000000004,0.8660254037844384,-0.7116566222817751,0.7025274741691566,5219.0,6257.0,0.0,4545.714285714285,5219.0,2036.6423114434895,4238.633333333333,4693.0,2118.473254465357,350.0,0,1,1,0,0,0,0,0,1,5043
61,0,2014-11-16,-2.4492935982947064e-16,1.0,-0.5000000000000004,0.8660254037844384,-0.6994583270516471,0.7146733860429608,5043.0,0.0,0.0,4545.714285714285,5219.0,2036.6423114434895,4115.966666666666,4693.0,2254.133880357309,350.0,0,1,1,0,0,0,0,0,1,0
61,0,2014-11-17,0.7818314824680298,0.6234898018587336,-0.5000000000000004,0.8660254037844384,-0.6870527672236675,0.726607524768565,0.0,5568.0,7899.0,4475.0,5073.0,2003.556421300211,4158.233333333334,4744.5,2259.982341757886,350.0,0,1,1,0,0,0,0,0,1,5073
61,0,2014-11-18,0.9749279121818236,-0.22252093395631434,-0.5000000000000004,0.8660254037844384,-0.6744436188329457,0.7383263540031063,5073.0,5268.0,6872.0,4262.857142857143,5043.0,1984.1208320539483,4284.333333333333,4744.5,2121.2467435747353,350.0,0,1,1,0,0,0,0,0,1,3783
61,0,2014-11-19,0.43388373911755823,-0.900968867902419,-0.5000000000000004,0.8660254037844384,-0.661634618242279,0.749826401204568,3783.0,5921.0,5347.0,4006.8571428571427,4801.0,1845.2705699139228,4220.6,4693.0,2095.210772049039,350.0,0,1,1,0,0,0,0,0,1,4129
61,0,2014-11-20,-0.433883739117558,-0.9009688679024191,-0.5000000000000004,0.8660254037844384,-0.6486295610349818,0.7611042586607742,4129.0,4801.0,3880.0,3794.714285714286,4129.0,1823.994217304946,4171.433333333333,4679.5,2098.6675688083146,350.0,0,1,1,0,0,0,0,0,1,3316
61,0,2014-11-21,-0.9749279121818236,-0.2225209339563146,-0.5000000000000004,0.8660254037844384,-0.6354323008901775,0.7721565844991641,3316.0,5219.0,4698.0,3615.5714285714284,3965.0,1719.3744848192896,4127.533333333334,4645.0,2088.3849680345406,350.0,0,1,1,0,0,0,0,0,1,3965
61,0,2014-11-22,-0.7818314824680299,0.6234898018587334,-0.5000000000000004,0.8660254037844384,-0.622046748440868,0.7829801036770625,3965.0,5043.0,6257.0,3609.5714285714284,3965.0,1713.6267443780157,4138.533333333334,4653.5,2092.2118263781913,350.0,0,1,1,0,0,0,0,0,1,5001
61,0,2014-11-23,-2.4492935982947064e-16,1.0,-0.5000000000000004,0.8660254037844384,-0.6084768701151264,0.7935716089521472,5001.0,0.0,0.0,3609.5714285714284,3965.0,1713.6267443780157,3982.266666666667,4590.0,2220.873747491928,350.0,0,1,1,0,0,0,0,0,1,0
61,0,2014-11-24,0.7818314824680298,0.6234898018587336,-0.5000000000000004,0.8660254037844384,-0.594726686960764,0.8039279618328208,0.0,5073.0,5568.0,3714.1428571428573,3965.0,1835.7939634366526,4025.266666666667,4658.5,2243.912899122995,350.0,1,1,1,0,0,0,0,0,1,5805
61,0,2014-11-25,0.9749279121818236,-0.22252093395631434,-0.5000000000000004,0.8660254037844384,-0.5808002734538014,0.8140460935082175,5805.0,3783.0,5268.0,4021.5714285714284,4129.0,2020.178033172884,4223.1,4749.5,2135.8142814457374,350.0,1,1,1,0,0,0,0,0,1,5935
61,0,2014-11-26,0.43388373911755823,-0.900968867902419,-0.5000000000000004,0.8660254037844384,-0.5667017562911184,0.8239230057575536,5935.0,4129.0,5921.0,4343.571428571428,5001.0,2210.796678209221,4281.9,4901.0,2171.0801753012693,350.0,1,1,1,0,0,0,0,0,1,6383
61,0,2014-11-27,-0.433883739117558,-0.9009688679024191,-0.5000000000000004,0.8660254037844384,-0.5524353131676203,0.8335557718385695,6383.0,3316.0,4801.0,4619.142857142857,5245.0,2181.391943123423,4314.2,5022.0,2178.1858379916916,350.0,1,1,1,0,0,0,0,0,1,5245
61,0,2014-11-28,-0.9749279121818236,-0.2225209339563146,-0.5000000000000004,0.8660254037844384,-0.5380051715382992,0.8429415373547832,5245.0,3965.0,5219.0,4844.857142857143,5545.0,2184.166693010658,4356.8,5058.0,2189.69774957247,350.0,1,1,1,0,0,0,0,0,1,5545
61,0,2014-11-29,-0.7818314824680299,0.6234898018587334,-0.5000000000000004,0.8660254037844384,-0.5234156073655503,0.8520775211013093,5545.0,5001.0,5043.0,5040.285714285715,5805.0,2260.33881783872,4396.1,5058.0,2215.594438021788,350.0,0,1,1,0,0,0,0,0,1,6369
61,0,2014-11-30,-2.4492935982947064e-16,1.0,-0.5000000000000004,0.8660254037844384,-0.5086709438521042,0.8609610158889945,6369.0,0.0,0.0,5040.285714285715,5805.0,2260.33881783872,4244.066666666667,5058.0,2355.9314862313113,350.0,0,1,1,0,0,0,0,0,1,0
61,0,2014-12-01,0.7818314824680298,0.6234898018587336,-2.4492935982947064e-16,1.0,-0.4937755501599774,0.8695893893466109,0.0,5805.0,5073.0,5096.571428571428,5935.0,2287.2998533309074,4450.7,5146.0,2239.8485501448945,350.0,1,1,1,0,0,0,0,0,1,6199
61,0,2014-12-02,0.9749279121818236,-0.22252093395631434,-2.4492935982947064e-16,1.0,-0.4787338401157883,0.8779600847008883,6199.0,5935.0,3783.0,5077.0,5798.0,2279.502942894928,4643.966666666666,5232.0,2087.5381554775677,350.0,1,1,1,0,0,0,0,0,1,5798
61,0,2014-12-03,0.43388373911755823,-0.900968867902419,-2.4492935982947064e-16,1.0,-0.4635502709028512,0.8860706215341377,5798.0,6383.0,4129.0,5157.0,5798.0,2341.9479783576116,4612.1,5232.0,2042.9567711935297,350.0,1,1,1,0,0,0,0,0,1,6943
61,0,2014-12-04,-0.433883739117558,-0.9009688679024191,-2.4492935982947064e-16,1.0,-0.4482293417404106,0.893918596519257,6943.0,5245.0,3316.0,5226.428571428572,5798.0,2352.1731694430127,4574.066666666667,5232.0,2009.785473769449,350.0,1,1,1,0,0,0,0,0,1,5731
61,0,2014-12-05,-0.9749279121818236,-0.2225209339563146,-2.4492935982947064e-16,1.0,-0.4327755925504317,0.9015016841318838,5731.0,5545.0,3965.0,5397.0,6199.0,2421.398838137431,4620.466666666666,5232.0,2044.02251713984,350.0,1,1,1,0,0,0,0,0,1,6739
61,0,2014-12-06,-0.7818314824680299,0.6234898018587334,-2.4492935982947064e-16,1.0,-0.41719360261231697,0.9088176373395028,6739.0,6369.0,5001.0,5397.142857142857,6199.0,2421.465770187645,4703.466666666666,5256.5,2063.3812179465735,350.0,0,1,1,0,0,0,0,0,1,6370
61,0,2014-12-07,-2.4492935982947064e-16,1.0,-2.4492935982947064e-16,1.0,-0.4014879892059737,0.9158642882672868,6370.0,0.0,0.0,5397.142857142857,6199.0,2421.465770187645,4546.866666666667,5256.5,2234.9541495464036,350.0,0,1,1,0,0,0,0,0,1,0
61,0,2014-12-08,0.7818314824680298,0.6234898018587336,-2.4492935982947064e-16,1.0,-0.38566340624360745,0.9226395488404875,0.0,6199.0,5805.0,5262.571428571428,5798.0,2395.512391754129,4513.533333333334,5251.0,2215.9452055551747,350.0,0,1,1,0,0,0,0,0,1,5257
61,0,2014-12-09,0.9749279121818236,-0.22252093395631434,-2.4492935982947064e-16,1.0,-0.3697245428906732,0.9291414114031743,5257.0,5798.0,5935.0,5201.428571428572,5731.0,2385.0075371748667,4692.533333333334,5262.5,2049.4095320079464,350.0,0,1,1,0,0,0,0,0,1,5370
61,0,2014-12-10,0.43388373911755823,-0.900968867902419,-2.4492935982947064e-16,1.0,-0.3536761221763721,0.935367949313148,5370.0,6943.0,6383.0,4892.714285714285,5370.0,2258.512911503617,4666.333333333333,5251.0,2042.8451480350998,350.0,0,1,1,0,0,0,0,0,1,4782
61,0,2014-12-11,-0.433883739117558,-0.9009688679024191,-2.4492935982947064e-16,1.0,-0.33752289959411347,0.941317317512847,4782.0,5731.0,5245.0,4728.857142857143,5257.0,2228.972889664008,4643.533333333334,5232.0,2039.7130753821803,350.0,0,1,1,0,0,0,0,0,1,4584
61,0,2014-12-12,-0.9749279121818236,-0.2225209339563146,-2.4492935982947064e-16,1.0,-0.32126966169236515,0.946987753076075,4584.0,6739.0,5545.0,4516.142857142857,5250.0,2070.5918983526876,4621.166666666667,5232.0,2028.8719998940292,350.0,0,1,1,0,0,0,0,0,1,5250
61,0,2014-12-13,-0.7818314824680299,0.6234898018587334,-2.4492935982947064e-16,1.0,-0.3049212246562894,0.9523775757303973,5250.0,6370.0,6369.0,4534.428571428572,5250.0,2090.164894383757,4677.733333333334,5247.5,2057.513530073801,350.0,0,1,1,0,0,0,0,0,1,6498
61,0,2014-12-14,-2.4492935982947064e-16,1.0,-2.4492935982947064e-16,1.0,-0.2884824328806098,0.9574851883550389,6498.0,0.0,0.0,4534.428571428572,5250.0,2090.164894383757,4503.766666666666,5247.5,2224.0672850670962,350.0,0,1,1,0,0,0,0,0,1,0
61,0,2014-12-15,0.7818314824680298,0.6234898018587336,-2.4492935982947064e-16,1.0,-0.27195815753410524,0.9623090774541487,0.0,5257.0,6199.0,5037.714285714285,5250.0,2643.937323657379,4628.333333333333,5253.5,2356.0463424593468,350.0,1,1,1,0,0,0,0,0,1,8780
61,0,2014-12-16,0.9749279121818236,-0.22252093395631434,-2.4492935982947064e-16,1.0,-0.2553532951161881,0.9668478136052773,8780.0,5370.0,5798.0,5371.857142857143,5250.0,2833.90839822387,4885.3,5313.5,2251.939840410386,350.0,1,1,1,0,0,0,0,0,1,7709
61,0,2014-12-17,0.43388373911755823,-0.900968867902419,-2.4492935982947064e-16,1.0,-0.23867276600594997,0.9711000518829505,7709.0,4782.0,6943.0,5709.428571428572,6498.0,2892.076638976611,4954.366666666667,5457.5,2289.358176633684,350.0,1,1,1,0,0,0,0,0,1,7145
61,0,2014-12-18,-0.433883739117558,-0.9009688679024191,-2.4492935982947064e-16,1.0,-0.22192151300416674,0.9750645322571945,7145.0,4584.0,5731.0,6081.0,7145.0,2890.4702039633553,5067.766666666666,5638.0,2313.4651079597224,350.0,1,1,1,0,0,0,0,0,1,7185
61,0,2014-12-19,-0.9749279121818236,-0.2225209339563146,-2.4492935982947064e-16,1.0,-0.20510449986861926,0.9787400799669153,7185.0,5250.0,6739.0,6391.714285714285,7185.0,2903.1270332916074,5177.633333333333,5764.5,2345.3890859232242,350.0,1,1,1,0,0,0,0,0,1,7425
61,0,2014-12-20,-0.7818314824680299,0.6234898018587334,-2.4492935982947064e-16,1.0,-0.1882267098432439,0.9821256058680006,7425.0,6498.0,6370.0,6469.714285714285,7185.0,2913.7739396577304,5301.9,5801.5,2342.1109598556213,350.0,0,1,1,0,0,0,0,0,1,7044
61,0,2014-12-21,-2.4492935982947064e-16,1.0,-2.4492935982947064e-16,1.0,-0.1712931441814778,0.9852201067560606,7044.0,0.0,0.0,6469.714285714285,7185.0,2913.77393965773,5169.733333333334,5801.5,2524.8955585546814,350.0,0,1,1,0,0,0,0,0,1,0
61,0,2014-12-22,0.7818314824680298,0.6234898018587336,-2.4492935982947064e-16,1.0,-0.154308820664281,0.9880226656636976,0.0,8780.0,5257.0,6491.0,7185.0,2933.9383656330087,5300.666666666667,5870.0,2616.045572382401,350.0,0,1,1,0,0,0,0,0,1,8929
61,0,2014-12-23,0.9749279121818236,-0.22252093395631434,-2.4492935982947064e-16,1.0,-0.13727877211326517,0.9905324521322227,8929.0,7709.0,5370.0,6429.0,7185.0,2908.384144732826,5543.166666666667,6067.0,2438.9361457382306,350.0,0,1,1,0,0,0,0,0,1,7275
61,0,2014-12-24,0.43388373911755823,-0.900968867902419,-2.4492935982947064e-16,1.0,-0.12020804489935275,0.9927487224577402,7275.0,7145.0,4782.0,5732.285714285715,7185.0,3269.9536038648216,5425.266666666666,6067.0,2510.2893353409268,350.0,0,1,1,0,0,0,0,0,1,2268
61,0,2014-12-25,-0.433883739117558,-0.9009688679024191,-2.4492935982947064e-16,1.0,-0.10310169744743544,0.9946708199115211,2268.0,7185.0,4584.0,4705.857142857143,7044.0,3819.4548227275995,5227.433333333333,5998.5,2695.7474388419528,350.0,0,1,1,0,0,0,0,0,1,0
61,0,2014-12-26,-0.9749279121818236,-0.2225209339563146,-2.4492935982947064e-16,1.0,-0.0859647987374467,0.9962981749346077,0.0,7425.0,5250.0,3645.1428571428573,2268.0,3966.63083017025,5014.666666666667,5764.5,2848.939359000878,350.0,0,1,1,0,0,0,0,0,1,0
61,0,2014-12-27,-0.7818314824680299,0.6234898018587334,-2.4492935982947064e-16,1.0,-0.06880242680232064,0.9976303053065857,0.0,7044.0,6498.0,3411.8571428571427,2268.0,3776.9040861783164,5020.2,5764.5,2849.563286564785,350.0,0,1,1,0,0,0,0,0,1,5411
61,0,2014-12-28,-2.4492935982947064e-16,1.0,-2.4492935982947064e-16,1.0,-0.05161966722325418,0.9986668162884759,5411.0,0.0,0.0,3411.8571428571427,2268.0,3776.9040861783164,4835.366666666667,5764.5,2990.6890508460665,350.0,0,1,1,0,0,0,0,0,1,0
61,0,2014-12-29,0.7818314824680298,0.6234898018587336,-2.4492935982947064e-16,1.0,-0.034421611622745804,0.9994074007397048,0.0,8929.0,8780.0,3111.0,2268.0,3320.478178415471,4850.5,5764.5,2999.851683115288,350.0,0,1,1,0,0,0,0,0,1,6823
61,0,2014-12-30,0.9749279121818236,-0.22252093395631434,-2.4492935982947064e-16,1.0,-0.01721335615583528,0.9998518392091162,6823.0,7275.0,7709.0,2933.5714285714284,2268.0,3085.781200773576,5051.6,5915.5,2862.5519913965304,350.0,0,1,1,0,0,0,0,0,1,6033
61,0,2014-12-31,0.43388373911755823,-0.900968867902419,-2.4492935982947064e-16,1.0,6.432490598706546e-16,1.0,6033.0,2268.0,7145.0,3055.5714285714284,3122.0,3071.9322289151514,4949.033333333334,5764.5,2875.1200572633707,350.0,0,1,1,0,0,0,0,0,1,3122
61,0,2015-01-01,-0.433883739117558,-0.9009688679024191,0.49999999999999994,0.8660254037844387,0.017213356155834685,0.9998518392091162,3122.0,0.0,7185.0,3055.5714285714284,3122.0,3071.9322289151514,4755.766666666666,5571.0,3007.8906079170124,350.0,0,1,1,0,0,0,0,0,1,0
61,0,2015-01-02,-0.9749279121818236,-0.2225209339563146,0.49999999999999994,0.8660254037844387,0.03442161162274574,0.9994074007397048,0.0,0.0,7425.0,3739.714285714286,4789.0,2799.181530036097,4683.966666666666,5390.5,2979.453947695241,350.0,0,1,1,0,0,0,0,0,1,4789
61,0,2015-01-03,-0.7818314824680299,0.6234898018587334,0.49999999999999994,0.8660254037844387,0.051619667223253764,0.998666816288476,4789.0,5411.0,7044.0,3539.8571428571427,4012.0,2708.438875599213,4626.666666666667,5313.5,2975.149898667327,350.0,0,1,1,0,0,0,0,0,1,4012
61,0,2015-01-04,-2.4492935982947064e-16,1.0,0.49999999999999994,0.8660254037844387,0.06880242680231986,0.9976303053065857,4012.0,0.0,0.0,3539.8571428571427,4012.0,2708.438875599213,4402.033333333334,5253.5,3063.2655494482947,350.0,0,1,1,0,0,0,0,0,1,0
61,0,2015-01-05,0.7818314824680298,0.6234898018587336,0.49999999999999994,0.8660254037844387,0.08596479873744647,0.9962981749346078,0.0,6823.0,8929.0,3526.1428571428573,4012.0,2689.21868632083,4413.933333333333,5253.5,3071.8555993061404,350.0,1,1,1,0,0,0,0,0,1,6727
61,0,2015-01-06,0.9749279121818236,-0.22252093395631434,0.49999999999999994,0.8660254037844387,0.10310169744743485,0.9946708199115211,6727.0,6033.0,7275.0,2664.285714285714,3122.0,2718.4906789298666,4413.933333333333,5253.5,3071.8555993061404,350.0,1,1,1,0,0,0,0,0,1,0
61,0,2015-01-07,0.43388373911755823,-0.900968867902419,0.49999999999999994,0.8660254037844387,0.1202080448993527,0.9927487224577402,0.0,3122.0,2268.0,3086.8571428571427,4012.0,3015.205489325252,4441.366666666667,5310.0,3083.2978703769845,350.0,1,1,1,0,0,0,0,0,1,6080
61,0,2015-01-08,-0.433883739117558,-0.9009688679024191,0.49999999999999994,0.8660254037844387,0.13727877211326478,0.9905324521322229,6080.0,0.0,0.0,3772.4285714285716,4789.0,2728.292314320615,4422.333333333333,5024.5,3079.1272871667215,350.0,1,1,1,0,0,0,0,0,1,4799
61,0,2015-01-09,-0.9749279121818236,-0.2225209339563146,0.49999999999999994,0.8660254037844387,0.15430882066428117,0.9880226656636976,4799.0,4789.0,0.0,3837.5714285714284,4799.0,2761.8477424327607,4437.766666666666,5247.5,3082.1510366371826,350.0,1,1,1,0,0,0,0,0,1,5245
61,0,2015-01-10,-0.7818314824680299,0.6234898018587334,0.49999999999999994,0.8660254037844387,0.1712931441814776,0.9852201067560606,5245.0,4012.0,5411.0,3850.1428571428573,4799.0,2762.9740877402005,4421.633333333333,5247.5,3082.625890075035,350.0,0,1,1,0,0,0,0,0,1,4100
61,0,2015-01-11,-2.4492935982947064e-16,1.0,0.49999999999999994,0.8660254037844387,0.1882267098432442,0.9821256058680006,4100.0,0.0,0.0,3850.1428571428573,4799.0,2762.9740877402005,4246.633333333333,5022.0,3181.415803709402,350.0,0,1,1,0,0,0,0,0,1,0
61,0,2015-01-12,0.7818314824680298,0.6234898018587336,0.49999999999999994,0.8660254037844387,0.2051044998686192,0.9787400799669153,0.0,6727.0,6823.0,3783.1428571428573,4799.0,2686.2055287816543,4238.633333333333,5022.0,3175.856186305032,350.0,1,1,1,0,0,0,0,0,1,6258
61,0,2015-01-13,0.9749279121818236,-0.22252093395631434,0.49999999999999994,0.8660254037844387,0.22192151300416552,0.9750645322571948,6258.0,0.0,6033.0,4605.714285714285,5245.0,2165.8610846716865,4430.566666666667,5328.0,3083.510781038651,350.0,1,1,1,0,0,0,0,0,1,5758
61,0,2015-01-14,0.43388373911755823,-0.900968867902419,0.49999999999999994,0.8660254037844387,0.2386727660059501,0.9711000518829505,5758.0,6080.0,3122.0,4508.285714285715,5245.0,2102.913749561597,4317.833333333333,5321.5,2979.066135591802,350.0,1,1,1,0,0,0,0,0,1,5398
61,0,2015-01-15,-0.433883739117558,-0.9009688679024191,0.49999999999999994,0.8660254037844387,0.255353295116187,0.9668478136052775,5398.0,4799.0,0.0,4557.571428571428,5245.0,2114.871616051653,4232.333333333333,5194.5,2914.4908389931,350.0,1,1,1,0,0,0,0,0,1,5144
61,0,2015-01-16,-0.9749279121818236,-0.2225209339563146,0.49999999999999994,0.8660254037844387,0.2719581575341055,0.9623090774541486,5144.0,5245.0,4789.0,4552.714285714285,5211.0,2113.0679681674264,4167.866666666667,5177.5,2868.875374191718,350.0,1,1,1,0,0,0,0,0,1,5211
61,0,2015-01-17,-0.7818314824680299,0.6234898018587334,0.49999999999999994,0.8660254037844387,0.288482432880609,0.9574851883550393,5211.0,4100.0,4012.0,4593.142857142857,5211.0,2105.657017700284,4074.4666666666667,4971.5,2812.3153638500644,350.0,0,1,1,0,0,0,0,0,1,4383
61,0,2015-01-18,-2.4492935982947064e-16,1.0,0.49999999999999994,0.8660254037844387,0.30492122465628907,0.9523775757303974,4383.0,0.0,0.0,4593.142857142857,5211.0,2105.657017700284,3826.9666666666667,4794.0,2833.919735598751,350.0,0,1,1,0,0,0,0,0,1,0
61,0,2015-01-19,0.7818314824680298,0.6234898018587336,0.49999999999999994,0.8660254037844387,0.3212696616923644,0.9469877530760753,0.0,6258.0,6727.0,4246.428571428572,5144.0,1982.0185718220703,3719.866666666667,4586.0,2768.09738882558,350.0,0,1,1,0,0,0,0,0,1,3831
61,0,2015-01-20,0.9749279121818236,-0.22252093395631434,0.49999999999999994,0.8660254037844387,0.3375228995941133,0.9413173175128471,3831.0,5758.0,0.0,3932.5714285714284,4383.0,1873.7576201439722,3838.5666666666666,4586.0,2677.96674908323,350.0,0,1,1,0,0,0,0,0,1,3561
61,0,2015-01-21,0.43388373911755823,-0.900968867902419,0.49999999999999994,0.8660254037844387,0.3536761221763716,0.9353679493131483,3561.0,5398.0,6080.0,3724.1428571428573,3939.0,1761.356903883233,3672.233333333333,4241.5,2499.9396086958664,350.0,0,1,1,0,0,0,0,0,1,3939
61,0,2015-01-22,-0.433883739117558,-0.9009688679024191,0.49999999999999994,0.8660254037844387,0.3697245428906731,0.9291414114031743,3939.0,5144.0,4799.0,3462.4285714285716,3831.0,1647.6587285339988,3540.133333333333,4056.0,2405.937851883636,350.0,0,1,1,0,0,0,0,0,1,3312
61,0,2015-01-23,-0.9749279121818236,-0.2225209339563146,0.49999999999999994,0.8660254037844387,0.38566340624360707,0.9226395488404876,3312.0,5211.0,5245.0,3368.714285714286,3831.0,1547.2238271913216,3616.366666666667,4241.5,2400.4658812668936,350.0,0,1,1,0,0,0,0,0,1,4555
61,0,2015-01-24,-0.7818314824680299,0.6234898018587334,0.49999999999999994,0.8660254037844387,0.401487989205973,0.9158642882672872,4555.0,4383.0,4100.0,3473.714285714286,3831.0,1649.1138746091972,3786.9666666666667,4469.0,2314.9329398693076,350.0,0,1,1,0,0,0,0,0,1,5118
61,0,2015-01-25,-2.4492935982947064e-16,1.0,0.49999999999999994,0.8660254037844387,0.4171936026123168,0.9088176373395029,5118.0,0.0,0.0,3473.714285714286,3831.0,1649.1138746091972,3786.9666666666667,4469.0,2314.9329398693076,350.0,0,1,1,0,0,0,0,0,1,0
61,0,2015-01-26,0.7818314824680298,0.6234898018587336,0.49999999999999994,0.8660254037844387,0.4327755925504312,0.901501684131884,0.0,3831.0,6258.0,3784.4285714285716,3939.0,1911.6517166351905,3806.8,4469.0,2331.814040021498,350.0,1,1,1,0,0,0,0,0,1,6006
61,0,2015-01-27,0.9749279121818236,-0.22252093395631434,0.49999999999999994,0.8660254037844387,0.4482293417404106,0.893918596519257,6006.0,3561.0,5758.0,4035.5714285714284,4555.0,1991.2288381083347,3984.1,4672.0,2232.482063101283,350.0,1,1,1,0,0,0,0,0,1,5319
61,0,2015-01-28,0.43388373911755823,-0.900968867902419,0.49999999999999994,0.8660254037844387,0.4635502709028509,0.886070621534138,5319.0,3939.0,5398.0,4343.0,5118.0,2134.784454380968,3959.7,4672.0,2204.205403001428,350.0,1,1,1,0,0,0,0,0,1,6091
61,0,2015-01-29,-0.433883739117558,-0.9009688679024191,0.49999999999999994,0.8660254037844387,0.47873384011578846,0.8779600847008882,6091.0,3312.0,5144.0,4633.0,5319.0,2109.113873960652,3936.6666666666665,4672.0,2185.32240710347,350.0,1,1,1,0,0,0,0,0,1,5342
61,0,2015-01-30,-0.9749279121818236,-0.2225209339563146,0.49999999999999994,0.8660254037844387,0.4937755501599772,0.869589389346611,5342.0,4555.0,5211.0,4830.0,5342.0,2164.2944192815607,4030.4,4794.0,2209.349000700556,350.0,1,1,1,0,0,0,0,0,1,5934
61,0,2015-01-31,-0.7818314824680299,0.6234898018587334,0.49999999999999994,0.8660254037844387,0.5086709438521044,0.8609610158889943,5934.0,5118.0,4383.0,4922.428571428572,5765.0,2192.2781801239535,4222.566666666667,4958.5,2094.4288939837543,350.0,0,1,1,0,0,0,0,0,1,5765
61,0,2015-02-01,-2.4492935982947064e-16,1.0,0.8660254037844386,0.5000000000000001,0.5234156073655503,0.8520775211013093,5765.0,0.0,0.0,4922.428571428572,5765.0,2192.2781801239535,4062.9333333333334,4958.5,2228.0119317041563,350.0,0,1,1,0,0,0,0,0,1,0
61,0,2015-02-02,0.7818314824680298,0.6234898018587336,0.8660254037844386,0.5000000000000001,0.5380051715382996,0.8429415373547828,0.0,6006.0,3831.0,4965.0,5765.0,2219.550555104938,4139.333333333333,5131.0,2265.1920423014335,350.0,1,1,1,0,0,0,0,0,1,6304
61,0,2015-02-03,0.9749279121818236,-0.22252093395631434,0.8660254037844386,0.5000000000000001,0.5524353131676196,0.8335557718385699,6304.0,5319.0,3561.0,5013.428571428572,5765.0,2232.2239924301784,4327.933333333333,5177.5,2140.7936319768496,350.0,1,1,1,0,0,0,0,0,1,5658
61,0,2015-02-04,0.43388373911755823,-0.900968867902419,0.8660254037844386,0.5000000000000001,0.5667017562911176,0.8239230057575542,5658.0,6091.0,3939.0,4857.857142857143,5658.0,2181.9905612820107,4270.433333333333,5131.0,2096.8497008169375,350.0,1,1,1,0,0,0,0,0,1,5002
61,0,2015-02-05,-0.433883739117558,-0.9009688679024191,0.8660254037844386,0.5000000000000001,0.5808002734538009,0.8140460935082178,5002.0,5342.0,3312.0,4789.714285714285,5658.0,2171.7753654775656,4432.6,5131.0,1937.2443030385082,350.0,1,1,1,0,0,0,0,0,1,4865
61,0,2015-02-06,-0.9749279121818236,-0.2225209339563146,0.8660254037844386,0.5000000000000001,0.5947266869607634,0.8039279618328213,4865.0,5934.0,4555.0,4674.142857142857,5125.0,2121.6808924821344,4400.766666666666,5121.5,1916.9807381856233,350.0,1,1,1,0,0,0,0,0,1,5125
61,0,2015-02-07,-0.7818314824680299,0.6234898018587334,0.8660254037844386,0.5000000000000001,0.6084768701151261,0.7935716089521474,5125.0,5765.0,5118.0,4622.857142857143,5125.0,2095.0900082948992,4421.0,5134.5,1924.5175123059798,350.0,0,1,1,0,0,0,0,0,1,5406
61,0,2015-02-08,-2.4492935982947064e-16,1.0,0.8660254037844386,0.5000000000000001,0.6220467484408675,0.7829801036770629,5406.0,0.0,0.0,4622.857142857143,5125.0,2095.0900082948992,4246.166666666667,5121.5,2079.1122622048483,350.0,0,1,1,0,0,0,0,0,1,0
61,0,2015-02-09,0.7818314824680298,0.6234898018587336,0.8660254037844386,0.5000000000000001,0.6354323008901774,0.7721565844991642,0.0,6304.0,6006.0,4406.142857142857,5002.0,1966.7383683458736,4269.066666666667,5121.5,2081.2291615745953,350.0,0,1,1,0,0,0,0,0,1,4787
61,0,2015-02-10,0.9749279121818236,-0.22252093395631434,0.8660254037844386,0.5000000000000001,0.6486295610349814,0.7611042586607747,4787.0,5658.0,5319.0,4136.0,4865.0,1894.6800961288027,4394.633333333333,5121.5,1922.3554245146508,350.0,0,1,1,0,0,0,0,0,1,3767
61,0,2015-02-11,0.43388373911755823,-0.900968867902419,0.8660254037844386,0.5000000000000001,0.6616346182422783,0.7498264012045686,3767.0,5002.0,6091.0,4002.714285714286,4787.0,1856.0286199558514,4321.666666666667,5060.0,1890.468275018272,350.0,0,1,1,0,0,0,0,0,1,4069
61,0,2015-02-12,-0.433883739117558,-0.9009688679024191,0.8660254037844386,0.5000000000000001,0.6744436188329455,0.7383263540031065,4069.0,4865.0,5342.0,3831.8571428571427,4069.0,1818.0821789797608,4252.033333333334,4933.5,1874.1406763401278,350.0,0,1,1,0,0,0,0,0,1,3669
61,0,2015-02-13,-0.9749279121818236,-0.2225209339563146,0.8660254037844386,0.5000000000000001,0.6870527672236669,0.7266075247685656,3669.0,5125.0,5934.0,3644.8571428571427,3816.0,1727.9943507403214,4199.3,4826.0,1863.0079154698826,350.0,0,1,1,0,0,0,0,0,1,3816
61,0,2015-02-14,-0.7818314824680299,0.6234898018587334,0.8660254037844386,0.5000000000000001,0.6994583270516471,0.7146733860429609,3816.0,5406.0,5765.0,3569.8571428571427,3816.0,1648.3747984577008,4190.533333333334,4826.0,1859.0237284630057,350.0,0,1,1,0,0,0,0,0,1,4881
61,0,2015-02-15,-2.4492935982947064e-16,1.0,0.8660254037844386,0.5000000000000001,0.7116566222817746,0.702527474169157,4881.0,0.0,0.0,3569.8571428571427,3816.0,1648.3747984577008,4016.8333333333335,4671.0,1998.5958361039252,350.0,0,1,1,0,0,0,0,0,1,0
61,0,2015-02-16,0.7818314824680298,0.6234898018587336,0.8660254037844386,0.5000000000000001,0.7236440382959124,0.6901733882429719,0.0,4787.0,6304.0,3859.8571428571427,3816.0,2032.1022307429473,4097.966666666666,4826.0,2062.360139179904,350.0,1,1,1,0,0,0,0,0,1,6817
61,0,2015-02-17,0.9749279121818236,-0.22252093395631434,0.8660254037844386,0.5000000000000001,0.7354170229639855,0.6776147890466889,6817.0,3767.0,5658.0,4057.285714285714,4069.0,2087.9438621353197,4269.6,4873.0,1918.8192418147698,350.0,1,1,1,0,0,0,0,0,1,5149
61,0,2015-02-18,0.43388373911755823,-0.900968867902419,0.8660254037844386,0.5000000000000001,0.7469720876965552,0.6648553979642865,5149.0,4069.0,5002.0,4169.0,4851.0,2109.4842181601284,4303.6,4873.0,1919.8161478066843,350.0,1,1,1,0,0,0,0,0,1,4851
61,0,2015-02-19,-0.433883739117558,-0.9009688679024191,0.8660254037844386,0.5000000000000001,0.7583058084785625,0.6518989958787126,4851.0,3669.0,4865.0,4396.571428571428,4881.0,2132.3566663156826,4360.3,4941.5,1922.2450622411102,350.0,1,1,1,0,0,0,0,0,1,5262
61,0,2015-02-20,-0.9749279121818236,-0.2225209339563146,0.8660254037844386,0.5000000000000001,0.7694148268839378,0.6387494220515272,5262.0,3816.0,5125.0,4547.142857142857,4881.0,2121.714670462812,4391.333333333333,4941.5,1922.7240434150765,350.0,1,1,1,0,0,0,0,0,1,4870
61,0,2015-02-21,-0.7818314824680299,0.6234898018587334,0.8660254037844386,0.5000000000000001,0.7802958510707755,0.6254105729852463,4870.0,4881.0,5406.0,4505.571428571428,4870.0,2116.928502740294,4433.933333333333,4941.5,1912.1141023040095,350.0,0,1,1,0,0,0,0,0,1,4590
61,0,2015-02-22,-2.4492935982947064e-16,1.0,0.8660254037844386,0.5000000000000001,0.7909456567567772,0.6118864012687243,4590.0,0.0,0.0,4505.571428571428,4870.0,2116.928502740294,4282.1,4941.5,2075.99362749005,350.0,0,1,1,0,0,0,0,0,1,0
61,0,2015-02-23,0.7818314824680298,0.6234898018587336,0.8660254037844386,0.5000000000000001,0.8013610881746766,0.5981809144059164,0.0,6817.0,4787.0,4145.285714285715,4851.0,1856.5790865896035,4254.666666666667,4875.5,2069.9958076474813,350.0,0,1,1,0,0,0,0,0,1,4295
61,0,2015-02-24,0.9749279121818236,-0.22252093395631434,0.8660254037844386,0.5000000000000001,0.8115390590073611,0.5842981736283683,4295.0,5149.0,3767.0,3938.0,4590.0,1806.1545707201578,4377.933333333333,4875.5,1911.971773946415,350.0,0,1,1,0,0,0,0,0,1,3698
61,0,2015-02-25,0.43388373911755823,-0.900968867902419,0.8660254037844386,0.5000000000000001,0.8214765533024142,0.5702422926917871,3698.0,4851.0,4069.0,3843.0,4295.0,1767.1976874890518,4317.266666666666,4867.5,1887.2463964515937,350.0,0,1,1,0,0,0,0,0,1,4186
61,0,2015-02-26,-0.433883739117558,-0.9009688679024191,0.8660254037844386,0.5000000000000001,0.8311706263658079,0.5560174366570446,4186.0,5262.0,3669.0,3628.714285714286,4186.0,1653.758216334911,4265.366666666667,4858.0,1880.144097253391,350.0,0,1,1,0,0,0,0,0,1,3762
61,0,2015-02-27,-0.9749279121818236,-0.2225209339563146,0.8660254037844386,0.5000000000000001,0.8406184056344782,0.5416278206559814,3762.0,4870.0,3816.0,3476.714285714286,3806.0,1567.2911571972074,4189.2,4819.0,1849.6724108842075,350.0,0,1,1,0,0,0,0,0,1,3806
61,0,2015-02-28,-0.7818314824680299,0.6234898018587334,0.8660254037844386,0.5000000000000001,0.8498170915275278,0.5270777086423722,3806.0,4590.0,4881.0,3618.5714285714284,3806.0,1722.1391597993102,4197.233333333334,4819.0,1855.3663767444993,350.0,0,1,1,0,0,0,0,0,1,5583
61,0,2015-03-01,-2.4492935982947064e-16,1.0,1.0,6.123233995736766e-17,0.8587639582758029,0.5123714121284237,5583.0,0.0,0.0,3618.5714285714284,3806.0,1722.1391597993102,3999.4333333333334,4688.5,1976.2016106022988,350.0,0,1,1,0,0,0,0,0,1,0
61,0,2015-03-02,0.7818314824680298,0.6234898018587336,1.0,6.123233995736766e-17,0.8674563547295968,0.49751328890718066,0.0,4295.0,6817.0,3971.8571428571427,3806.0,2096.91236731306,4032.866666666667,4688.5,2015.2009694138271,350.0,1,1,1,0,0,0,0,0,1,6768
61,0,2015-03-03,0.9749279121818236,-0.22252093395631434,1.0,6.123233995736766e-17,0.8758917051442429,0.48250774176121847,6768.0,3698.0,5149.0,4342.0,4186.0,2262.6445441857,4242.5,4819.0,1905.3260513804332,350.0,1,1,1,0,0,0,0,0,1,6289
61,0,2015-03-04,0.43388373911755823,-0.900968867902419,1.0,6.123233995736766e-17,0.8840675099433636,0.46735921715800227,6289.0,4186.0,4851.0,4575.571428571428,5583.0,2327.322414073219,4226.4,4819.0,1889.2788005497985,350.0,1,1,1,0,0,0,0,0,1,5821
61,0,2015-03-05,-0.433883739117558,-0.9009688679024191,1.0,6.123233995736766e-17,0.8919813464595485,0.45207220393230435,5821.0,3762.0,5262.0,4746.714285714285,5583.0,2301.4283763412122,4203.133333333333,4819.0,1875.2867134044473,350.0,1,1,1,0,0,0,0,0,1,4960
61,0,2015-03-06,-0.9749279121818236,-0.2225209339563146,1.0,6.123233995736766e-17,0.8996308696522433,0.43665123195606403,4960.0,3806.0,4870.0,4925.142857142857,5583.0,2264.4600113177353,4204.9,4819.0,1876.090052797809,350.0,1,1,1,0,0,0,0,0,1,5055
61,0,2015-03-07,-0.7818314824680299,0.6234898018587334,1.0,6.123233995736766e-17,0.9070138128026359,0.4211008707960896,5055.0,5583.0,4590.0,4834.428571428572,5055.0,2246.3606757852267,4207.666666666667,4819.0,1877.1579643142702,350.0,0,1,1,0,0,0,0,0,1,4948
61,0,2015-03-08,-2.4492935982947064e-16,1.0,1.0,6.123233995736766e-17,0.9141279881853337,0.40542572835999735,4948.0,0.0,0.0,4834.428571428572,5055.0,2246.3606757852267,4036.8333333333335,4688.5,2018.666136651715,350.0,0,1,1,0,0,0,0,0,1,0
61,0,2015-03-09,0.7818314824680298,0.6234898018587336,1.0,6.123233995736766e-17,0.9209712877166346,0.38963044953078796,0.0,6768.0,4295.0,4476.0,4960.0,2080.4622883708594,3998.6,4442.5,2002.63845963269,350.0,0,1,1,0,0,0,0,0,1,4259
61,0,2015-03-10,0.9749279121818236,-0.22252093395631434,1.0,6.123233995736766e-17,0.9275416835791966,0.37371971479046906,4259.0,6289.0,3698.0,4205.714285714285,4948.0,1922.577758660289,4145.166666666667,4493.5,1855.3903777973462,350.0,0,1,1,0,0,0,0,0,1,4397
61,0,2015-03-11,0.43388373911755823,-0.900968867902419,1.0,6.123233995736766e-17,0.9338372288229252,0.35769823883312546,4397.0,5821.0,4186.0,3989.285714285714,4397.0,1791.2217166211508,4129.133333333333,4351.5,1851.7273898813432,350.0,0,1,1,0,0,0,0,0,1,4306
61,0,2015-03-12,-0.433883739117558,-0.9009688679024191,1.0,6.123233995736766e-17,0.9398560579418954,0.3415707691678556,4306.0,4960.0,3762.0,3869.1428571428573,4306.0,1742.8114670049067,4140.866666666667,4351.5,1850.4684166230804,350.0,0,1,1,0,0,0,0,0,1,4119
61,0,2015-03-13,-0.9749279121818236,-0.2225209339563146,1.0,6.123233995736766e-17,0.9455963874271426,0.3253420847119801,4119.0,5055.0,3806.0,3723.4285714285716,4259.0,1668.1813307853974,4139.733333333334,4351.5,1850.5243606057695,350.0,0,1,1,0,0,0,0,0,1,4035
61,0,2015-03-14,-0.7818314824680299,0.6234898018587334,1.0,6.123233995736766e-17,0.9510565162951535,0.30901699437494745,4035.0,4948.0,5583.0,3656.4285714285716,4259.0,1619.5093760295451,4166.733333333334,4438.0,1849.3280593946433,350.0,0,1,1,0,0,0,0,0,1,4479
61,0,2015-03-15,-2.4492935982947064e-16,1.0,1.0,6.123233995736766e-17,0.9562348265919056,0.29260033563334836,4479.0,0.0,0.0,3656.4285714285716,4259.0,1619.5093760295451,4039.5333333333333,4438.0,1999.4281205373186,350.0,0,1,1,0,0,0,0,0,1,0
61,0,2015-03-16,0.7818314824680298,0.6234898018587336,1.0,6.123233995736766e-17,0.9611297838723007,0.27609697309746883,0.0,4259.0,6768.0,4012.0,4306.0,2001.9393930220058,4101.766666666666,4438.0,2054.8110691460292,350.0,1,1,1,0,0,0,0,0,1,6748
61,0,2015-03-17,0.9749279121818236,-0.22252093395631434,1.0,6.123233995736766e-17,0.9657399376548549,0.2595117970697999,6748.0,4397.0,6289.0,4145.142857142857,4306.0,2061.906191575438,4279.4,4534.5,1913.4750045671972,350.0,1,1,1,0,0,0,0,0,1,5329
61,0,2015-03-18,0.43388373911755823,-0.900968867902419,1.0,6.123233995736766e-17,0.970063921851507,0.2428497220959356,5329.0,4306.0,5821.0,4333.428571428572,4479.0,2137.8231028426085,4239.633333333333,4534.5,1870.8407197970014,350.0,1,1,1,0,0,0,0,0,1,5624
61,0,2015-03-19,-0.433883739117558,-0.9009688679024191,1.0,6.123233995736766e-17,0.9741004551724205,0.22611568550828828,5624.0,4119.0,4960.0,4491.0,5222.0,2159.9191342887457,4242.066666666667,4534.5,1872.1113276160938,350.0,1,1,1,0,0,0,0,0,1,5222
61,0,2015-03-20,-0.9749279121818236,-0.2225209339563146,1.0,6.123233995736766e-17,0.9778483415056568,0.20931464596304847,5222.0,4035.0,5055.0,4679.0,5329.0,2170.85850913104,4258.733333333334,4534.5,1879.9286841450269,350.0,1,1,1,0,0,0,0,0,1,5351
61,0,2015-03-21,-0.7818314824680299,0.6234898018587334,1.0,6.123233995736766e-17,0.9813064702716093,0.19245158197082998,5351.0,4479.0,4948.0,4697.571428571428,5329.0,2169.41796012531,4236.966666666666,4534.5,1871.6740889915334,350.0,0,1,1,0,0,0,0,0,1,4609
61,0,2015-03-22,-2.4492935982947064e-16,1.0,1.0,6.123233995736766e-17,0.9844738167520922,0.1755314904214282,4609.0,0.0,0.0,4697.571428571428,5329.0,2169.41796012531,4074.633333333333,4438.0,2020.1770575071266,350.0,0,1,1,0,0,0,0,0,1,0
61,0,2015-03-23,0.7818314824680298,0.6234898018587336,1.0,6.123233995736766e-17,0.9873494423939864,0.15855938510313478,0.0,6748.0,4259.0,4369.428571428572,5222.0,1972.3523060162447,4070.0,4424.0,2019.113410761573,350.0,0,1,1,0,0,0,0,0,1,4451
61,0,2015-03-24,0.9749279121818236,-0.22252093395631434,1.0,6.123233995736766e-17,0.989932495087353,0.141540295217043,4451.0,5329.0,4397.0,4142.571428571428,4609.0,1934.5515291786883,4194.7,4424.0,1869.02693012092,350.0,0,1,1,0,0,0,0,0,1,3741
61,0,2015-03-25,0.43388373911755823,-0.900968867902419,1.0,6.123233995736766e-17,0.9922222094179323,0.12447926388678915,3741.0,5624.0,4306.0,4056.285714285714,4609.0,1869.8516620564371,4218.866666666667,4465.0,1875.0459991292382,350.0,0,1,1,0,0,0,0,0,1,5020
61,0,2015-03-26,-0.433883739117558,-0.9009688679024191,1.0,6.123233995736766e-17,0.994217906893952,0.10738134666416309,5020.0,5222.0,4119.0,3806.0,4451.0,1803.9037298776927,4211.266666666666,4465.0,1877.6901975994092,350.0,0,1,1,0,0,0,0,0,1,3470
61,0,2015-03-27,-0.9749279121818236,-0.2225209339563146,1.0,6.123233995736766e-17,0.995918996147179,0.09025161003104117,3470.0,5351.0,4035.0,3659.4285714285716,4325.0,1695.8953247122708,4215.9,4465.0,1877.7971935222367,350.0,0,1,1,0,0,0,0,0,1,4325
61,0,2015-03-28,-0.7818314824680299,0.6234898018587334,1.0,6.123233995736766e-17,0.9973249731081555,0.07309512989807777,4325.0,4609.0,4479.0,3832.285714285714,4325.0,1862.3135892652153,4284.466666666666,4544.0,1898.097136668688,350.0,0,1,1,0,0,0,0,0,1,5819
61,0,2015-03-29,-2.4492935982947064e-16,1.0,1.0,6.123233995736766e-17,0.9984354211555643,0.055916990100603484,5819.0,0.0,0.0,3832.285714285714,4325.0,1862.3135892652156,4157.6,4544.0,2052.1248802492314,350.0,0,1,1,0,0,0,0,0,1,0
61,0,2015-03-30,0.7818314824680298,0.6234898018587336,1.0,6.123233995736766e-17,0.9992500112396835,0.03872228089217446,0.0,4451.0,6748.0,4328.714285714285,4325.0,2431.0447489564135,4235.7,4544.0,2150.4719955043042,350.0,1,1,1,0,0,0,0,0,1,7926
61,0,2015-03-31,0.9749279121818236,-0.22252093395631434,1.0,6.123233995736766e-17,0.9997685019798909,0.021516097436222254,7926.0,3741.0,5329.0,5008.428571428572,5020.0,2865.6490164907245,4519.0,4778.5,2132.9772781174906,350.0,1,1,1,0,0,0,0,0,1,8499
61,0,2015-04-01,0.43388373911755823,-0.900968867902419,0.8660254037844387,-0.49999999999999983,0.9999907397361901,0.004303538296244289,8499.0,5020.0,5624.0,5204.142857142857,5819.0,2912.9636356908254,4506.4,4778.5,2120.31265749116,350.0,1,1,1,0,0,0,0,0,1,6390
61,0,2015-04-02,-0.433883739117558,-0.9009688679024191,0.8660254037844387,-0.49999999999999983,0.9999166586547379,-0.01291029607500882,6390.0,3470.0,5222.0,5484.714285714285,5819.0,2810.8920122910936,4477.9,4778.5,2101.18569728683,350.0,1,1,1,0,0,0,0,0,1,5434
61,0,2015-04-03,-0.9749279121818236,-0.2225209339563146,0.8660254037844387,-0.49999999999999983,0.9995462806873573,-0.030120304846908114,5434.0,4325.0,5351.0,4866.857142857143,5819.0,3499.3238598607086,4283.866666666667,4544.0,2237.244776171292,350.0,1,1,1,0,0,0,0,0,1,0
61,0,2015-04-04,-0.7818314824680299,0.6234898018587334,0.8660254037844387,-0.49999999999999983,0.9988797155850336,-0.04732138832243185,0.0,5819.0,4609.0,4951.0,6390.0,3532.954146320041,4332.133333333333,4544.0,2267.7465456708965,350.0,0,1,1,0,0,0,0,0,1,6408
61,0,2015-04-05,-2.4492935982947064e-16,1.0,0.8660254037844387,-0.49999999999999983,0.9979171608653922,-0.06450844944931623,6408.0,0.0,0.0,4951.0,6390.0,3532.954146320041,4163.633333333333,4465.0,2396.3379602093314,350.0,0,1,1,0,0,0,0,0,1,0
61,0,2015-04-06,0.7818314824680298,0.6234898018587336,0.8660254037844387,-0.49999999999999983,0.9966589017541702,-0.08167639533042241,0.0,7926.0,4451.0,3818.714285714286,5434.0,3687.3176661942966,3998.7,4424.0,2508.160160287848,350.0,0,1,1,0,0,0,0,0,1,0
61,0,2015-04-07,0.9749279121818236,-0.22252093395631434,0.8660254037844387,-0.49999999999999983,0.9951053111006976,-0.09882013873287143,0.0,8499.0,3741.0,3287.285714285714,4779.0,3125.6473843715257,4158.0,4465.0,2394.6285148510865,350.0,0,1,1,0,0,0,0,0,1,4779
61,0,2015-04-08,0.43388373911755823,-0.900968867902419,0.8660254037844387,-0.49999999999999983,0.9932568492674143,-0.11593459959550041,4779.0,6390.0,5020.0,3009.8571428571427,4448.0,2880.962942522945,4164.3,4465.0,2395.151959040708,350.0,0,1,1,0,0,0,0,0,1,4448
61,0,2015-04-09,-0.433883739117558,-0.9009688679024191,0.8660254037844387,-0.49999999999999983,0.9911140639934547,-0.1330147065341959,4448.0,5434.0,3470.0,2763.5714285714284,3710.0,2707.668730177483,4141.4,4465.0,2396.1343955169336,350.0,0,1,1,0,0,0,0,0,1,3710
61,0,2015-04-10,-0.9749279121818236,-0.2225209339563146,0.8660254037844387,-0.49999999999999983,0.9886775902323405,-0.1500553983446526,3710.0,0.0,4325.0,3307.0,3804.0,2427.8516566435137,4124.666666666667,4465.0,2396.6980638360333,350.0,0,1,1,0,0,0,0,0,1,3804
61,0,2015-04-11,-0.7818314824680299,0.6234898018587334,0.8660254037844387,-0.49999999999999983,0.9859481499638304,-0.16705162550211924,3804.0,6408.0,5819.0,3060.0,3804.0,2129.3935756454207,4143.333333333333,4544.0,2398.832235058136,350.0,0,1,1,0,0,0,0,0,1,4679
61,0,2015-04-12,-2.4492935982947064e-16,1.0,0.8660254037844387,-0.49999999999999983,0.9829265519799822,-0.18399835165768005,4679.0,0.0,0.0,3060.0,3804.0,2129.3935756454207,4008.8333333333335,4544.0,2515.4025808363467,350.0,0,1,1,0,0,0,0,0,1,0
61,0,2015-04-13,0.7818314824680298,0.6234898018587336,0.8660254037844387,-0.49999999999999983,0.9796136916454901,-0.20089055513063506,0.0,0.0,7926.0,4103.285714285715,4448.0,2168.956562826593,4102.966666666666,4644.0,2585.4693362145563,350.0,1,1,1,0,0,0,0,0,1,7303
61,0,2015-04-14,0.9749279121818236,-0.22252093395631434,0.8660254037844387,-0.49999999999999983,0.9760105506323683,-0.21772323039653177,7303.0,4779.0,8499.0,4191.714285714285,4448.0,2213.2628036668434,4282.9,4729.0,2475.5800065773483,350.0,1,1,1,0,0,0,0,0,1,5398
61,0,2015-04-15,0.43388373911755823,-0.900968867902419,0.8660254037844387,-0.49999999999999983,0.9721181966290613,-0.23449138957040985,5398.0,4448.0,6390.0,4423.142857142857,4679.0,2326.336349181645,4260.233333333334,4729.0,2455.260681199384,350.0,1,1,1,0,0,0,0,0,1,6068
61,0,2015-04-16,-0.433883739117558,-0.9009688679024191,0.8660254037844387,-0.49999999999999983,0.9679377830240642,-0.25119006388481935,6068.0,3710.0,5434.0,4513.0,4679.0,2306.2607542657965,4227.233333333334,4644.0,2447.0398540126853,350.0,1,1,1,0,0,0,0,0,1,4339
61,0,2015-04-17,-0.9749279121818236,-0.2225209339563146,0.8660254037844387,-0.49999999999999983,0.9634705485641488,-0.2678143051621742,4339.0,3804.0,0.0,4648.428571428572,4752.0,2285.4279582565987,4198.166666666667,4644.0,2435.025979941178,350.0,1,1,1,0,0,0,0,0,1,4752
61,0,2015-04-18,-0.7818314824680299,0.6234898018587334,0.8660254037844387,-0.49999999999999983,0.9587178169872964,-0.2843591872810034,4752.0,4679.0,6408.0,4573.0,4752.0,2292.9515186036188,4162.466666666666,4530.0,2427.3367658222933,350.0,0,1,1,0,0,0,0,0,1,4151
61,0,2015-04-19,-2.4492935982947064e-16,1.0,0.8660254037844387,-0.49999999999999983,0.9536809966304457,-0.30081980763566735,4151.0,0.0,0.0,4573.0,4752.0,2292.9515186036188,3984.1,4449.5,2531.362088705984,350.0,0,1,1,0,0,0,0,0,1,0
61,0,2015-04-20,0.7818314824680298,0.6234898018587336,0.8660254037844387,-0.49999999999999983,0.9483615800121715,-0.3171912885891061,0.0,7303.0,0.0,4111.285714285715,4339.0,1951.6063225187645,3966.1666666666665,4393.5,2528.6866576631573,350.0,0,1,1,0,0,0,0,0,1,4071
61,0,2015-04-21,0.9749279121818236,-0.22252093395631434,0.8660254037844387,-0.49999999999999983,0.9427611433904207,-0.3334687789181868,4071.0,5398.0,4779.0,3885.0,4151.0,1867.570257491441,4093.3,4393.5,2415.7616083289035,350.0,0,1,1,0,0,0,0,0,1,3814
61,0,2015-04-22,0.43388373911755823,-0.900968867902419,0.8660254037844387,-0.49999999999999983,0.9368813462954315,-0.3496474552512284,3814.0,6068.0,4448.0,3504.285714285714,4071.0,1600.996743103669,4058.366666666667,4332.0,2417.987015214746,350.0,0,1,1,0,0,0,0,0,1,3403
61,0,2015-04-23,-0.433883739117558,-0.9009688679024191,0.8660254037844387,-0.49999999999999983,0.9307239310379795,-0.36572252349726897,3403.0,4339.0,3710.0,3394.1428571428573,3814.0,1559.9965201426342,4052.6,4332.0,2418.9760957322683,350.0,0,1,1,0,0,0,0,0,1,3568
61,0,2015-04-24,-0.9749279121818236,-0.2225209339563146,0.8660254037844387,-0.49999999999999983,0.9242907221930934,-0.3816892202666588,3568.0,4752.0,3804.0,3244.1428571428573,3702.0,1454.5924318712541,4008.6666666666665,4238.0,2412.7611073041467,350.0,0,1,1,0,0,0,0,0,1,3702
61,0,2015-04-25,-0.7818314824680299,0.6234898018587334,0.8660254037844387,-0.49999999999999983,0.9175836260593937,-0.39754281428255595,3702.0,4151.0,4679.0,3363.4285714285716,3702.0,1570.9396187359562,4059.2,4332.0,2416.9621770969507,350.0,0,1,1,0,0,0,0,0,1,4986
61,0,2015-04-26,-2.4492935982947064e-16,1.0,0.8660254037844387,-0.49999999999999983,0.9106046300942163,-0.4132786077829042,4986.0,0.0,0.0,3363.4285714285716,3702.0,1570.9396187359562,3915.0333333333333,4245.0,2527.042792418173,350.0,0,1,1,0,0,0,0,0,1,0
61,0,2015-04-27,0.7818314824680298,0.6234898018587336,0.8660254037844387,-0.49999999999999983,0.9033558023246845,-0.4288919379124835,0.0,4071.0,7303.0,3686.4285714285716,3702.0,1931.6902665060636,3932.133333333333,4245.0,2542.0618801081228,350.0,1,1,1,0,0,0,0,0,1,6332
61,0,2015-04-28,0.9749279121818236,-0.22252093395631434,0.8660254037844387,-0.49999999999999983,0.895839290734909,-0.4443781781046132,6332.0,3814.0,5398.0,3897.5714285714284,3702.0,2026.4122529849642,4108.533333333334,4393.5,2441.4123630465974,350.0,1,1,1,0,0,0,0,0,1,5292
61,0,2015-04-29,0.43388373911755823,-0.900968867902419,0.8660254037844387,-0.49999999999999983,0.8880573226294932,-0.45973273945210397,5292.0,3403.0,6068.0,4338.142857142857,4986.0,2226.353403256197,4060.5666666666666,4393.5,2377.113312885787,350.0,1,1,1,0,0,0,0,0,1,6487
61,0,2015-04-30,-0.433883739117558,-0.9009688679024191,0.8660254037844387,-0.49999999999999983,0.8800122039735357,-0.47495107206704995,6487.0,3568.0,4339.0,4666.142857142857,5292.0,2262.8127355551205,3972.733333333333,4393.5,2252.8954845637663,350.0,1,1,1,0,0,0,0,0,1,5864
61,0,2015-05-01,-0.9749279121818236,-0.2225209339563146,0.49999999999999994,-0.8660254037844387,0.8717063187093218,-0.49002866642905923,5864.0,3702.0,4752.0,4137.285714285715,5292.0,2875.3961300596275,3759.733333333333,4245.0,2317.6159411288813,350.0,1,1,1,0,0,0,0,0,1,0
61,0,2015-05-02,-0.7818314824680299,0.6234898018587334,0.49999999999999994,-0.8660254037844387,0.8631421280499114,-0.5049610547215204,0.0,4986.0,4151.0,4301.0,5864.0,2963.0606361215946,3783.0,4245.0,2338.413889208105,350.0,0,1,1,0,0,0,0,0,1,6132
61,0,2015-05-03,-2.4492935982947064e-16,1.0,0.49999999999999994,-0.8660254037844387,0.854322169749827,-0.5197438121555155,6132.0,0.0,0.0,4301.0,5864.0,2963.0606361215946,3783.0,4245.0,2338.413889208105,350.0,0,1,1,0,0,0,0,0,1,0
61,0,2015-05-04,0.7818314824680298,0.6234898018587336,0.49999999999999994,-0.8660254037844387,0.8452490573530633,-0.5343725582809787,0.0,6332.0,4071.0,4357.857142857143,5864.0,3011.9434716127143,3793.733333333333,4245.0,2351.580054776572,350.0,1,1,1,0,0,0,0,0,1,6730
61,0,2015-05-05,0.9749279121818236,-0.22252093395631434,0.49999999999999994,-0.8660254037844387,0.835925479418637,-0.548842958284719,6730.0,5292.0,3814.0,4299.142857142857,5864.0,2994.6548175358125,3956.4333333333334,4393.5,2246.5569930425754,350.0,1,1,1,0,0,0,0,0,1,4881
61,0,2015-05-06,0.43388373911755823,-0.900968867902419,0.49999999999999994,-0.8660254037844387,0.8263541987239096,-0.5631507242749186,4881.0,6487.0,3403.0,4004.4285714285716,4881.0,2841.027387943945,4103.9,4436.0,2119.5021593403167,350.0,1,1,1,0,0,0,0,0,1,4424
61,0,2015-05-07,-0.433883739117558,-0.9009688679024191,0.49999999999999994,-0.8660254037844387,0.8165380514459161,-0.5772916165517272,4424.0,5864.0,3568.0,3904.8571428571427,4881.0,2776.472127753213,4116.833333333333,4436.0,2124.940536017228,350.0,1,1,1,0,0,0,0,0,1,5167
61,0,2015-05-08,-0.9749279121818236,-0.2225209339563146,0.49999999999999994,-0.8660254037844387,0.8064799463209448,-0.5912614448635781,5167.0,0.0,3702.0,4580.571428571428,4881.0,2179.0520765646984,4126.233333333334,4551.5,2127.0786779756972,350.0,1,1,1,0,0,0,0,0,1,4730
61,0,2015-05-09,-0.7818314824680299,0.6234898018587334,0.49999999999999994,-0.8660254037844387,0.7961828637826158,-0.6050560696488488,4730.0,6132.0,4986.0,4387.571428571428,4781.0,2076.138471388873,4161.933333333333,4704.5,2128.8387790357506,350.0,0,1,1,0,0,0,0,0,1,4781
61,0,2015-05-10,-2.4492935982947064e-16,1.0,0.49999999999999994,-0.8660254037844387,0.7856498550787145,-0.6186714032625031,4781.0,0.0,0.0,4387.571428571428,4781.0,2076.138471388873,4035.133333333333,4704.5,2260.133559271911,350.0,0,1,1,0,0,0,0,0,1,0
61,0,2015-05-11,0.7818314824680298,0.6234898018587336,0.49999999999999994,-0.8660254037844387,0.7748840413670407,-0.6321034111873487,0.0,6730.0,6332.0,4018.5714285714284,4730.0,1801.845429658418,4017.4,4577.0,2256.9923777238237,350.0,0,1,1,0,0,0,0,0,1,4147
61,0,2015-05-12,0.9749279121818236,-0.22252093395631434,0.49999999999999994,-0.8660254037844387,0.7638886127905428,-0.6453481132295501,4147.0,4881.0,5292.0,3916.0,4424.0,1764.6204502196247,4156.166666666667,4577.0,2125.627162353107,350.0,0,1,1,0,0,0,0,0,1,4163
61,0,2015-05-13,0.43388373911755823,-0.900968867902419,0.49999999999999994,-0.8660254037844387,0.7526668275320084,-0.6584015846980488,4163.0,4424.0,6487.0,3943.5714285714284,4617.0,1775.3557255887986,4066.633333333333,4520.5,2043.4905479449178,350.0,0,1,1,0,0,0,0,0,1,4617
61,0,2015-05-14,-0.433883739117558,-0.9009688679024191,0.49999999999999994,-0.8660254037844387,0.741222010848596,-0.6712599575675313,4617.0,5167.0,5864.0,3205.4285714285716,4163.0,2204.2505043016936,3886.7,4381.5,2156.733196134918,350.0,0,1,1,0,0,0,0,0,1,0
61,0,2015-05-15,-0.9749279121818236,-0.2225209339563146,0.49999999999999994,-0.8660254037844387,0.7295575540864875,-0.6839194216246106,0.0,4730.0,0.0,3432.8571428571427,4163.0,2455.57036338277,3895.1666666666665,4381.5,2166.0699368359187,350.0,0,1,1,0,0,0,0,0,1,6322
61,0,2015-05-16,-0.7818314824680299,0.6234898018587334,0.49999999999999994,-0.8660254037844387,0.717676913675962,-0.6963762255968722,6322.0,4781.0,6132.0,3435.1428571428573,4163.0,2457.0414070972547,3910.4333333333334,4520.5,2170.9145805609087,350.0,0,1,1,0,0,0,0,0,1,4797
61,0,2015-05-17,-2.4492935982947064e-16,1.0,0.49999999999999994,-0.8660254037844387,0.705583610107178,-0.7086266782644596,4797.0,0.0,0.0,3435.1428571428573,4163.0,2457.0414070972547,3752.0333333333333,4293.5,2278.110007384877,350.0,0,1,1,0,0,0,0,0,1,0
61,0,2015-05-18,0.7818314824680298,0.6234898018587336,0.49999999999999994,-0.8660254037844387,0.6932812268869777,-0.7206671495538609,0.0,4147.0,6730.0,3701.5714285714284,4617.0,2641.3026367774664,3814.0666666666666,4520.5,2314.3972319216145,350.0,1,1,1,0,0,0,0,0,1,6012
61,0,2015-05-19,0.9749279121818236,-0.22252093395631434,0.49999999999999994,-0.8660254037844387,0.6807734094770161,-0.7324940716135789,6012.0,4163.0,4881.0,3888.1428571428573,4797.0,2724.154390422305,3996.366666666667,4673.5,2216.9511758475746,350.0,1,1,1,0,0,0,0,0,1,5469
61,0,2015-05-20,0.43388373911755823,-0.900968867902419,0.49999999999999994,-0.8660254037844387,0.6680638642135335,-0.7441039398713607,5469.0,4617.0,4424.0,4048.714285714286,5469.0,2806.1678326076435,4052.0333333333333,4755.5,2239.7391702103846,350.0,1,1,1,0,0,0,0,0,1,5741
61,0,2015-05-21,-0.433883739117558,-0.9009688679024191,0.49999999999999994,-0.8660254037844387,0.6551563572090853,-0.7554933140726803,5741.0,0.0,5167.0,4685.714285714285,5469.0,2167.3075242710415,4073.5333333333333,4755.5,2240.471082443234,350.0,1,1,1,0,0,0,0,0,1,4459
61,0,2015-05-22,-0.9749279121818236,-0.2225209339563146,0.49999999999999994,-0.8660254037844387,0.6420547132365637,-0.766658819300159,4459.0,6322.0,4730.0,4474.571428571428,4844.0,2050.157949780355,4121.566666666667,4789.0,2241.046533289258,350.0,1,1,1,0,0,0,0,0,1,4844
61,0,2015-05-23,-0.7818314824680299,0.6234898018587334,0.49999999999999994,-0.8660254037844387,0.6287628145958344,-0.777597146973627,4844.0,4797.0,4781.0,4506.285714285715,5019.0,2057.6802241266437,4169.933333333333,4820.5,2244.3428334421137,350.0,0,1,1,0,0,0,0,0,1,5019
61,0,2015-05-24,-2.4492935982947064e-16,1.0,0.49999999999999994,-0.8660254037844387,0.6152845999633276,-0.7883050558305255,5019.0,0.0,0.0,4506.285714285715,5019.0,2057.6802241266437,4046.5333333333333,4820.5,2369.2551096732136,350.0,0,1,1,0,0,0,0,0,1,0
61,0,2015-05-25,0.7818314824680298,0.6234898018587336,0.49999999999999994,-0.8660254037844387,0.6016240632249226,-0.7987793728863649,0.0,6012.0,4147.0,3647.4285714285716,4844.0,2525.8752184238233,3880.3333333333335,4789.0,2473.6604502211894,350.0,0,1,1,0,0,0,0,0,1,0
61,0,2015-05-26,0.9749279121818236,-0.22252093395631434,0.49999999999999994,-0.8660254037844387,0.5877852522924732,-0.8090169943749473,0.0,5469.0,4163.0,3561.5714285714284,4844.0,2463.072123530747,4042.6,4820.5,2367.7391311340525,350.0,0,1,1,0,0,0,0,0,1,4868
61,0,2015-05-27,0.43388373911755823,-0.900968867902419,0.49999999999999994,-0.8660254037844387,0.5737722679043246,-0.8190148866680801,4868.0,5741.0,4617.0,3473.8571428571427,4844.0,2382.126041205724,4002.4333333333334,4820.5,2337.5911515819043,350.0,0,1,1,0,0,0,0,0,1,5127
61,0,2015-05-28,-0.433883739117558,-0.9009688679024191,0.49999999999999994,-0.8660254037844387,0.5595892624101765,-0.8287700871745037,5127.0,4459.0,0.0,3444.4285714285716,4844.0,2369.164469958611,3967.8,4789.0,2325.4918411915073,350.0,0,1,1,0,0,0,0,0,1,4253
61,0,2015-05-29,-0.9749279121818236,-0.2225209339563146,0.49999999999999994,-0.8660254037844387,0.545240438540651,-0.8382797052177743,4253.0,4844.0,6322.0,3404.285714285714,4563.0,2343.742144113814,3903.6666666666665,4755.5,2279.7002121926594,350.0,0,1,1,0,0,0,0,0,1,4563
61,0,2015-05-30,-0.7818314824680299,0.6234898018587334,0.49999999999999994,-0.8660254037844387,0.5307300481619334,-0.8475409228928311,4563.0,5019.0,4797.0,3318.5714285714284,4419.0,2285.0848895349454,3855.5,4673.5,2251.9494964325363,350.0,0,1,1,0,0,0,0,0,1,4419
61,0,2015-05-31,-2.4492935982947064e-16,1.0,0.49999999999999994,-0.8660254037844387,0.5160623910158528,-0.8565509959010036,4419.0,0.0,0.0,3318.5714285714284,4419.0,2285.0848895349454,3855.5,4673.5,2251.9494964325363,350.0,0,1,1,0,0,0,0,0,1,0
61,0,2015-06-01,0.7818314824680298,0.6234898018587336,1.2246467991473532e-16,-1.0,0.5012418134457758,-0.865307254363206,0.0,0.0,6012.0,4387.142857142857,4563.0,2222.6611249109587,3900.4333333333334,4673.5,2311.597427714455,350.0,1,1,1,0,0,0,0,0,1,7480
61,0,2015-06-02,0.9749279121818236,-0.22252093395631434,1.2246467991473532e-16,-1.0,0.48627270710869,-0.8738071036110808,7480.0,4868.0,5469.0,4628.571428571428,4563.0,2370.4682278080822,4119.033333333334,4755.5,2238.9706607144763,350.0,1,1,1,0,0,0,0,0,1,6558
61,0,2015-06-03,0.43388373911755823,-0.900968867902419,1.2246467991473532e-16,-1.0,0.4711595076738638,-0.8820480249558537,6558.0,5127.0,5741.0,4942.285714285715,4563.0,2583.192967000699,4138.8,4755.5,2265.279405770265,350.0,1,1,1,0,0,0,0,0,1,7323
61,0,2015-06-04,-0.433883739117558,-0.9009688679024191,1.2246467991473532e-16,-1.0,0.4559066935084588,-0.8900275764346767,7323.0,4253.0,4459.0,4334.714285714285,4563.0,3199.0724548575863,3976.1,4673.5,2382.3915736807035,350.0,1,1,1,0,0,0,0,0,1,0
61,0,2015-06-05,-0.9749279121818236,-0.2225209339563146,1.2246467991473532e-16,-1.0,0.440518784350495,-0.8977433935342337,0.0,4563.0,4844.0,4749.857142857143,6558.0,3414.908853277119,4077.6,4755.5,2465.5458037409926,350.0,1,1,1,0,0,0,0,0,1,7469
61,0,2015-06-06,-0.7818314824680299,0.6234898018587334,1.2246467991473532e-16,-1.0,0.42500033996955416,-0.9051931898913974,7469.0,4419.0,5019.0,4669.285714285715,6558.0,3430.63345532015,4033.866666666667,4673.5,2457.177715680486,350.0,0,1,1,0,0,0,0,0,1,3855
61,0,2015-06-07,-2.4492935982947064e-16,1.0,1.2246467991473532e-16,-1.0,0.4093559588156213,-0.9123747579707273,3855.0,0.0,0.0,4669.285714285715,6558.0,3430.63345532015,3876.2,4590.0,2560.5472394621493,350.0,0,1,1,0,0,0,0,0,1,0
61,0,2015-06-08,0.7818314824680298,0.6234898018587336,1.2246467991473532e-16,-1.0,0.39359027665646673,-0.9192859697186104,0.0,7480.0,0.0,4261.285714285715,4624.0,3202.919590742464,3870.9666666666667,4590.0,2558.79405166781,350.0,0,1,1,0,0,0,0,0,1,4624
61,0,2015-06-09,0.9749279121818236,-0.22252093395631434,1.2246467991473532e-16,-1.0,0.3777079652039649,-0.9259247771938498,4624.0,6558.0,4868.0,3893.4285714285716,3983.0,3038.84511271101,4003.733333333333,4590.0,2452.1260435249496,350.0,0,1,1,0,0,0,0,0,1,3983
61,0,2015-06-10,0.43388373911755823,-0.900968867902419,1.2246467991473532e-16,-1.0,0.36171373072976765,-0.9322892131745133,3983.0,7323.0,5127.0,3514.1428571428573,3983.0,2684.47620145727,4021.1,4620.5,2455.0189176881886,350.0,0,1,1,0,0,0,0,0,1,4668
61,0,2015-06-11,-0.433883739117558,-0.9009688679024191,1.2246467991473532e-16,-1.0,0.3456123126707335,-0.9383773917408641,4668.0,0.0,4253.0,4006.4285714285716,3983.0,2205.9579066052593,3997.2,4620.5,2457.0790536452137,350.0,0,1,1,0,0,0,0,0,1,3446
61,0,2015-06-12,-0.9749279121818236,-0.2225209339563146,1.2246467991473532e-16,-1.0,0.3294084822245304,-0.9441875088341993,3446.0,7469.0,4563.0,3465.714285714286,3855.0,1595.0683072401264,3966.1,4593.5,2454.8671759840954,350.0,0,1,1,0,0,0,0,0,1,3684
61,0,2015-06-13,-0.7818314824680299,0.6234898018587334,1.2246467991473532e-16,-1.0,0.3131070409358269,-0.9497178427914316,3684.0,3855.0,4419.0,3575.0,3983.0,1651.3976908465477,4120.1,4622.0,2339.6947096753343,350.0,0,1,1,0,0,0,0,0,1,4620
61,0,2015-06-14,-2.4492935982947064e-16,1.0,1.2246467991473532e-16,-1.0,0.29671281927349075,-0.9549667548552551,4620.0,0.0,0.0,3575.0,3983.0,1651.3976908465477,3909.366666666667,4591.5,2417.9328087885497,350.0,0,1,1,0,0,0,0,0,1,0
61,0,2015-06-15,0.7818314824680298,0.6234898018587336,1.2246467991473532e-16,-1.0,0.28023067519921585,-0.9599326896597447,0.0,4624.0,7480.0,3914.714285714286,3983.0,2089.608154199062,3982.866666666667,4591.5,2478.5980010027247,350.0,1,1,1,0,0,0,0,0,1,7002
61,0,2015-06-16,0.9749279121818236,-0.22252093395631434,1.2246467991473532e-16,-1.0,0.26366549272800704,-0.9646141756912435,7002.0,3983.0,6558.0,4254.285714285715,4620.0,2286.4226580902628,4194.866666666667,4622.0,2396.831309549499,350.0,1,1,1,0,0,0,0,0,1,6360
61,0,2015-06-17,0.43388373911755823,-0.900968867902419,1.2246467991473532e-16,-1.0,0.24702218048093552,-0.9690098257244062,6360.0,4668.0,7323.0,4583.0,4620.0,2510.262735253019,4226.766666666666,4622.0,2428.0155325773285,350.0,1,1,1,0,0,0,0,0,1,6969
61,0,2015-06-18,-0.433883739117558,-0.9009688679024191,1.2246467991473532e-16,-1.0,0.23030567023061221,-0.9731183372332619,6969.0,3446.0,0.0,4868.571428571428,5445.0,2472.7829030697885,4225.966666666666,4622.0,2427.596036430267,350.0,1,1,1,0,0,0,0,0,1,5445
61,0,2015-06-19,-0.9749279121818236,-0.2225209339563146,1.2246467991473532e-16,-1.0,0.21352091543979612,-0.9769384927771817,5445.0,3684.0,7469.0,5178.285714285715,5852.0,2435.1725958191414,4229.666666666667,4622.0,2430.0681178665036,350.0,1,1,1,0,0,0,0,0,1,5852
61,0,2015-06-20,-0.7818314824680299,0.6234898018587334,1.2246467991473532e-16,-1.0,0.19667288979357647,-0.980469160361632,5852.0,4620.0,3855.0,5216.142857142857,5852.0,2427.09342139738,4243.866666666667,4646.0,2432.6976615773,350.0,0,1,1,0,0,0,0,0,1,4885
61,0,2015-06-21,-2.4492935982947064e-16,1.0,1.2246467991473532e-16,-1.0,0.1797665857255624,-0.9837092937736097,4885.0,0.0,0.0,5216.142857142857,5852.0,2427.09342139738,4082.4,4622.0,2549.446317171225,350.0,0,1,1,0,0,0,0,0,1,0
61,0,2015-06-22,0.7818314824680298,0.6234898018587336,1.2246467991473532e-16,-1.0,0.16280701293851715,-0.986657932891657,0.0,7002.0,4624.0,4948.714285714285,5445.0,2297.179554314784,4086.1,4622.0,2550.9325860595923,350.0,0,1,1,0,0,0,0,0,1,5130
61,0,2015-06-23,0.9749279121818236,-0.22252093395631434,1.2246467991473532e-16,-1.0,0.1457991969198751,-0.9893142039703663,5130.0,6360.0,3983.0,4640.714285714285,5130.0,2219.6481488654617,4226.233333333334,4622.0,2431.3967985407094,350.0,0,1,1,0,0,0,0,0,1,4204
61,0,2015-06-24,0.43388373911755823,-0.900968867902419,1.2246467991473532e-16,-1.0,0.12874817745258132,-0.99167731989929,4204.0,6969.0,4668.0,4320.428571428572,4885.0,1976.0852593906266,4383.8,4646.0,2297.5543429091454,350.0,0,1,1,0,0,0,0,0,1,4727
61,0,2015-06-25,-0.433883739117558,-0.9009688679024191,1.2246467991473532e-16,-1.0,0.11165900712169512,-0.993746580436178,4727.0,5445.0,3446.0,4124.0,4727.0,1913.0012197242938,4357.2,4622.0,2296.374329692124,350.0,0,1,1,0,0,0,0,0,1,4070
61,0,2015-06-26,-0.9749279121818236,-0.2225209339563146,1.2246467991473532e-16,-1.0,0.09453674981719912,-0.9955213724144752,4070.0,5852.0,3684.0,3877.8571428571427,4204.0,1758.1893554232945,4323.933333333333,4591.5,2292.0627651834093,350.0,0,1,1,0,0,0,0,0,1,4129
61,0,2015-06-27,-0.7818314824680299,0.6234898018587334,1.2246467991473532e-16,-1.0,0.07738647923346301,-0.9970011699250151,4129.0,4885.0,4620.0,3760.285714285714,4129.0,1706.3699007235239,4317.566666666667,4591.5,2292.5318135397683,350.0,0,1,1,0,0,0,0,0,1,4062
61,0,2015-06-28,-2.4492935982947064e-16,1.0,1.2246467991473532e-16,-1.0,0.06021327736579302,-0.9981855344718586,4062.0,0.0,0.0,3760.285714285714,4129.0,1706.3699007235239,4165.466666666666,4519.5,2423.3239744321145,350.0,0,1,1,0,0,0,0,0,1,0
61,0,2015-06-29,0.7818314824680298,0.6234898018587336,1.2246467991473532e-16,-1.0,0.04302223300453059,-0.99907411510223,0.0,5130.0,7002.0,4367.428571428572,4129.0,2726.258232886408,4330.833333333333,4622.0,2603.7715891578764,350.0,1,1,1,0,0,0,0,0,1,9380
61,0,2015-06-30,0.9749279121818236,-0.22252093395631434,1.2246467991473532e-16,-1.0,0.02581844022713308,-0.9996666485105112,9380.0,4204.0,6360.0,4879.428571428572,4129.0,3012.0174776575004,4590.433333333333,4646.0,2544.6582818257443,350.0,1,1,1,0,0,0,0,0,1,7788
61,0,2015-07-01,0.43388373911755823,-0.900968867902419,-0.4999999999999998,-0.8660254037844388,0.008606996888688698,-0.9999629591162655,7788.0,4727.0,6969.0,5072.428571428572,4129.0,3043.7392495165523,4543.7,4646.0,2502.2818985877634,350.0,1,1,1,0,0,0,0,0,1,6078
61,0,2015-07-02,-0.433883739117558,-0.9009688679024191,-0.4999999999999998,-0.8660254037844388,-0.008606996888688009,-0.9999629591162655,6078.0,4070.0,5445.0,5227.571428571428,5156.0,3011.6365350167316,4496.966666666666,4646.0,2476.32244687955,350.0,1,1,1,0,0,0,0,0,1,5156
61,0,2015-07-03,-0.9749279121818236,-0.2225209339563146,-0.4999999999999998,-0.8660254037844388,-0.02581844022713239,-0.9996666485105112,5156.0,4129.0,5852.0,5490.857142857143,5972.0,2979.9834131848966,4451.933333333333,4646.0,2435.098467644875,350.0,1,1,1,0,0,0,0,0,1,5972
61,0,2015-07-04,-0.7818314824680299,0.6234898018587334,-0.4999999999999998,-0.8660254037844388,-0.04302223300453034,-0.99907411510223,5972.0,4062.0,4885.0,5541.571428571428,5972.0,2954.525898636573,4599.166666666667,4646.0,2285.581584227721,350.0,0,1,1,0,0,0,0,0,1,4417
61,0,2015-07-05,-2.4492935982947064e-16,1.0,-0.4999999999999998,-0.8660254037844388,-0.060213277365792774,-0.9981855344718586,4417.0,0.0,0.0,5541.571428571428,5972.0,2954.525898636573,4350.2,4622.0,2367.520679005196,350.0,0,1,1,0,0,0,0,0,1,0
61,0,2015-07-06,0.7818314824680298,0.6234898018587336,-0.4999999999999998,-0.8660254037844388,-0.07738647923346322,-0.9970011699250151,0.0,9380.0,5130.0,4863.714285714285,5156.0,2423.7452227414233,4376.2,4629.5,2366.177470243861,350.0,0,1,1,0,0,0,0,0,1,4635
61,0,2015-07-07,0.9749279121818236,-0.22252093395631434,-0.4999999999999998,-0.8660254037844388,-0.09453674981719933,-0.9955213724144752,4635.0,7788.0,4204.0,4336.714285714285,4635.0,2054.9324169167244,4512.833333333333,4629.5,2218.5016080808805,350.0,0,1,1,0,0,0,0,0,1,4099
61,0,2015-07-08,0.43388373911755823,-0.900968867902419,-0.4999999999999998,-0.8660254037844388,-0.11165900712169444,-0.9937465804361781,4099.0,6078.0,4727.0,4276.0,4635.0,2000.4671121182269,4547.133333333333,4651.5,2228.212980183325,350.0,0,1,1,0,0,0,0,0,1,5653
61,0,2015-07-09,-0.433883739117558,-0.9009688679024191,-0.4999999999999998,-0.8660254037844388,-0.12874817745258066,-0.99167731989929,5653.0,5156.0,4070.0,4063.285714285714,4417.0,1970.2352409704476,4536.6,4651.5,2231.715894661043,350.0,0,1,1,0,0,0,0,0,1,3667
61,0,2015-07-10,-0.9749279121818236,-0.2225209339563146,-0.4999999999999998,-0.8660254037844388,-0.14579919691987442,-0.9893142039703664,3667.0,5972.0,4129.0,3763.1428571428573,4099.0,1782.0468034043845,4510.033333333334,4627.5,2234.83936757221,350.0,0,1,1,0,0,0,0,0,1,3871
61,0,2015-07-11,-0.7818314824680299,0.6234898018587334,-0.4999999999999998,-0.8660254037844388,-0.16280701293851646,-0.9866579328916572,3871.0,4417.0,4062.0,3757.285714285714,4099.0,1779.6052665582558,4541.033333333334,4627.5,2226.003616865622,350.0,0,1,1,0,0,0,0,0,1,4376
61,0,2015-07-12,-2.4492935982947064e-16,1.0,-0.4999999999999998,-0.8660254037844388,-0.17976658572556214,-0.9837092937736098,4376.0,0.0,0.0,3757.285714285714,4099.0,1779.6052665582556,4418.233333333334,4627.5,2371.75733891826,350.0,0,1,1,0,0,0,0,0,1,0
61,0,2015-07-13,0.7818314824680298,0.6234898018587336,-0.4999999999999998,-0.8660254037844388,-0.19667288979357622,-0.9804691603616321,0.0,4635.0,9380.0,4447.857142857143,4099.0,2814.1619491760684,4579.866666666667,4681.0,2544.8902656829423,350.0,1,1,1,0,0,0,0,0,1,9469
61,0,2015-07-14,0.9749279121818236,-0.22252093395631434,-0.4999999999999998,-0.8660254037844388,-0.2135209154397959,-0.9769384927771817,9469.0,4099.0,7788.0,4695.285714285715,4376.0,2854.233155290905,4774.233333333334,4806.0,2401.682825011246,350.0,1,1,1,0,0,0,0,0,1,5831
61,0,2015-07-15,0.43388373911755823,-0.900968867902419,-0.4999999999999998,-0.8660254037844388,-0.23030567023061196,-0.973118337233262,5831.0,5653.0,6078.0,4734.285714285715,4376.0,2871.3143166086634,4738.366666666667,4806.0,2375.154158094296,350.0,1,1,1,0,0,0,0,0,1,5926
61,0,2015-07-16,-0.433883739117558,-0.9009688679024191,-0.4999999999999998,-0.8660254037844388,-0.24702218048093527,-0.9690098257244063,5926.0,3667.0,5156.0,4860.428571428572,4550.0,2835.7877716278867,4678.033333333334,4681.0,2355.4481597635113,350.0,1,1,1,0,0,0,0,0,1,4550
61,0,2015-07-17,-0.9749279121818236,-0.2225209339563146,-0.4999999999999998,-0.8660254037844388,-0.2636654927280072,-0.9646141756912435,4550.0,3871.0,5972.0,5019.428571428572,4984.0,2802.067323551355,4611.866666666667,4681.0,2316.4307522317686,350.0,1,1,1,0,0,0,0,0,1,4984
61,0,2015-07-18,-0.7818314824680299,0.6234898018587334,-0.4999999999999998,-0.8660254037844388,-0.2802306751992161,-0.9599326896597445,4984.0,4376.0,4417.0,5123.142857142857,5102.0,2787.681499536328,4600.433333333333,4681.0,2313.020784726046,350.0,0,1,1,0,0,0,0,0,1,5102
61,0,2015-07-19,-2.4492935982947064e-16,1.0,-0.4999999999999998,-0.8660254037844388,-0.2967128192734901,-0.9549667548552553,5102.0,0.0,0.0,5123.142857142857,5102.0,2787.681499536328,4405.366666666667,4592.5,2446.7284770137176,350.0,0,1,1,0,0,0,0,0,1,0
61,0,2015-07-20,0.7818314824680298,0.6234898018587336,-0.4999999999999998,-0.8660254037844388,-0.3131070409358267,-0.9497178427914317,0.0,9469.0,4635.0,4672.714285714285,5102.0,2150.3194114894977,4453.066666666667,4592.5,2470.237597581603,350.0,0,1,1,0,0,0,0,0,1,6316
61,0,2015-07-21,0.9749279121818236,-0.22252093395631434,-0.4999999999999998,-0.8660254037844388,-0.3294084822245302,-0.9441875088341994,6316.0,5831.0,4099.0,4525.857142857143,4984.0,2092.351980313967,4613.166666666667,4681.0,2322.9279247704053,350.0,0,1,1,0,0,0,0,0,1,4803
61,0,2015-07-22,0.43388373911755823,-0.900968867902419,-0.4999999999999998,-0.8660254037844388,-0.3456123126707333,-0.9383773917408642,4803.0,5926.0,5653.0,4434.857142857143,4984.0,2034.3566082483621,4618.466666666666,4681.0,2324.3287608481137,350.0,0,1,1,0,0,0,0,0,1,5289
61,0,2015-07-23,-0.433883739117558,-0.9009688679024191,-0.4999999999999998,-0.8660254037844388,-0.3617137307297674,-0.9322892131745134,5289.0,4550.0,3667.0,4346.0,4984.0,2042.0585202192347,4609.266666666666,4681.0,2326.57098475985,350.0,0,1,1,0,0,0,0,0,1,3928
61,0,2015-07-24,-0.9749279121818236,-0.2225209339563146,-0.4999999999999998,-0.8660254037844388,-0.37770796520396466,-0.9259247771938499,3928.0,4984.0,3871.0,4327.0,4851.0,2035.7419613824597,4613.4,4719.0,2326.897484516294,350.0,0,1,1,0,0,0,0,0,1,4851
61,0,2015-07-25,-0.7818314824680299,0.6234898018587334,-0.4999999999999998,-0.8660254037844388,-0.39359027665646645,-0.9192859697186105,4851.0,5102.0,4376.0,4266.0,4803.0,2014.9401976237339,4633.566666666667,4739.0,2324.6461752769746,350.0,0,1,1,0,0,0,0,0,1,4675
61,0,2015-07-26,-2.4492935982947064e-16,1.0,-0.4999999999999998,-0.8660254037844388,-0.4093559588156211,-0.9123747579707274,4675.0,0.0,0.0,4266.0,4803.0,2014.9401976237339,4495.933333333333,4739.0,2473.044193217982,350.0,0,1,1,0,0,0,0,0,1,0
61,0,2015-07-27,0.7818314824680298,0.6234898018587336,-0.4999999999999998,-0.8660254037844388,-0.42500033996955394,-0.9051931898913975,0.0,6316.0,9469.0,4493.857142857143,4803.0,2348.048723839388,4624.233333333334,4827.0,2548.448042718698,350.0,1,1,1,0,0,0,0,0,1,7911
61,0,2015-07-28,0.9749279121818236,-0.22252093395631434,-0.4999999999999998,-0.8660254037844388,-0.4405187843504952,-0.8977433935342336,7911.0,4803.0,5831.0,4721.571428571428,4851.0,2457.7565554208686,4837.466666666666,4917.5,2412.1685011957393,350.0,1,1,1,0,0,0,0,0,1,6397
61,0,2015-07-29,0.43388373911755823,-0.900968867902419,-0.4999999999999998,-0.8660254037844388,-0.455906693508459,-0.8900275764346766,6397.0,5289.0,5926.0,4931.714285714285,4851.0,2574.474037823753,4750.133333333333,4917.5,2286.171784858924,350.0,1,1,1,0,0,0,0,0,1,6760
61,0,2015-07-30,-0.433883739117558,-0.9009688679024191,-0.4999999999999998,-0.8660254037844388,-0.47115950767386394,-0.8820480249558535,6760.0,3928.0,4550.0,5208.857142857143,5868.0,2552.7446293856165,4686.133333333333,4917.5,2224.2315485599015,350.0,1,1,1,0,0,0,0,0,1,5868
61,0,2015-07-31,-0.9749279121818236,-0.2225209339563146,-0.4999999999999998,-0.8660254037844388,-0.4862727071086902,-0.8738071036110807,5868.0,4851.0,4984.0,5311.857142857143,5868.0,2550.443714896902,4669.266666666666,4917.5,2215.213120179653,350.0,1,1,1,0,0,0,0,0,1,5572
