Store,Cluster,Date,DayOfWeek_sin,DayOfWeek_cos,Month_sin,Month_cos,DayOfYear_sin,DayOfYear_cos,Sales_Lag_1,Sales_Lag_7,Sales_Lag_14,RollingMean_7,RollingMedian_7,RollingStd_7,RollingMean_30,RollingMedian_30,RollingStd_30,CompetitionDistance,Promo,Promo2,StoreType_a,StoreType_b,StoreType_c,StoreType_d,Assortment_a,Assortment_b,Assortment_c,Sales
292,0,2013-01-30,0.43388373911755823,-0.900968867902419,0.49999999999999994,0.8660254037844387,0.4937755501599772,0.869589389346611,4796.0,5969.0,4979.0,4233.285714285715,4796.0,2118.827955441853,4421.6,4886.0,2462.493250122029,1100.0,0,0,1,0,0,0,1,0,0,4351
292,0,2013-01-31,-0.433883739117558,-0.9009688679024191,0.49999999999999994,0.8660254037844387,0.5086709438521044,0.8609610158889943,4351.0,5605.0,4829.0,4240.714285714285,4796.0,2124.5221983845145,4610.166666666667,4961.0,2324.9861858445133,1100.0,0,0,1,0,0,0,1,0,0,5657
292,0,2013-02-01,-0.9749279121818236,-0.2225209339563146,0.8660254037844386,0.5000000000000001,0.5234156073655503,0.8520775211013093,5657.0,6229.0,4943.0,4160.571428571428,4796.0,2046.1537786086078,4629.9,4961.0,2331.579239115811,1100.0,0,0,1,0,0,0,1,0,0,5668
292,0,2013-02-02,-0.7818314824680299,0.6234898018587334,0.8660254037844386,0.5000000000000001,0.5380051715382996,0.8429415373547828,5668.0,3142.0,2676.0,4235.571428571428,4796.0,2011.9319784014278,4599.466666666666,4961.0,2338.2021642534555,1100.0,0,0,1,0,0,0,1,0,0,3667
292,0,2013-02-03,-2.4492935982947064e-16,1.0,0.8660254037844386,0.5000000000000001,0.5524353131676196,0.8335557718385699,3667.0,0.0,0.0,4235.571428571428,4796.0,2011.9319784014278,4459.4,4961.0,2484.136186504969,1100.0,0,0,1,0,0,0,1,0,0,0
292,0,2013-02-04,0.7818314824680298,0.6234898018587336,0.8660254037844386,0.5000000000000001,0.5667017562911176,0.8239230057575542,0.0,5510.0,7863.0,4531.857142857143,4796.0,2354.4472407603034,4620.6,5244.5,2525.8096496384874,1100.0,1,0,1,0,0,0,1,0,0,7584
292,0,2013-02-05,0.9749279121818236,-0.22252093395631434,0.8660254037844386,0.5000000000000001,0.5808002734538009,0.8140460935082178,7584.0,4796.0,6757.0,4894.714285714285,5657.0,2586.2559627310484,4865.133333333333,5535.0,2415.761987781329,1100.0,1,0,1,0,0,0,1,0,0,7336
292,0,2013-02-06,0.43388373911755823,-0.900968867902419,0.8660254037844386,0.5000000000000001,0.5947266869607634,0.8039279618328213,7336.0,4351.0,5969.0,5133.142857142857,5668.0,2604.644084999677,4756.1,5535.0,2279.0654973868814,1100.0,1,0,1,0,0,0,1,0,0,6020
292,0,2013-02-07,-0.433883739117558,-0.9009688679024191,0.8660254037844386,0.5000000000000001,0.6084768701151261,0.7935716089521474,6020.0,5657.0,5605.0,5179.428571428572,5981.0,2618.3475614174963,4726.833333333333,5535.0,2256.6571414424016,1100.0,1,0,1,0,0,0,1,0,0,5981
292,0,2013-02-08,-0.9749279121818236,-0.2225209339563146,0.8660254037844386,0.5000000000000001,0.6220467484408675,0.7829801036770629,5981.0,5668.0,6229.0,5142.571428571428,5981.0,2612.1324530698953,4692.633333333333,5460.0,2237.555000030373,1100.0,1,0,1,0,0,0,1,0,0,5410
292,0,2013-02-09,-0.7818314824680299,0.6234898018587334,0.8660254037844386,0.5000000000000001,0.6354323008901774,0.7721565844991642,5410.0,3667.0,3142.0,4956.857142857143,5981.0,2775.6222382600636,4565.766666666666,5194.5,2258.525223471607,1100.0,0,0,1,0,0,0,1,0,0,2367
292,0,2013-02-10,-2.4492935982947064e-16,1.0,0.8660254037844386,0.5000000000000001,0.6486295610349814,0.7611042586607747,2367.0,0.0,0.0,4956.857142857143,5981.0,2775.6222382600636,4355.233333333334,4961.0,2380.81650270243,1100.0,0,0,1,0,0,0,1,0,0,0
292,0,2013-02-11,0.7818314824680298,0.6234898018587336,0.8660254037844386,0.5000000000000001,0.6616346182422783,0.7498264012045686,0.0,7584.0,5510.0,4658.857142857143,5498.0,2549.3071234207555,4437.333333333333,5194.5,2376.182222394358,1100.0,0,0,1,0,0,0,1,0,0,5498
292,0,2013-02-12,0.9749279121818236,-0.22252093395631434,0.8660254037844386,0.5000000000000001,0.6744436188329455,0.7383263540031065,5498.0,7336.0,4796.0,4359.857142857143,5410.0,2292.8193291645275,4612.1,5326.5,2226.6712955936473,1100.0,0,0,1,0,0,0,1,0,0,5243
292,0,2013-02-13,0.43388373911755823,-0.900968867902419,0.8660254037844386,0.5000000000000001,0.6870527672236669,0.7266075247685656,5243.0,6020.0,4351.0,4233.142857142857,5243.0,2208.747867651973,4597.866666666667,5188.0,2221.7625145960965,1100.0,0,0,1,0,0,0,1,0,0,5133
292,0,2013-02-14,-0.433883739117558,-0.9009688679024191,0.8660254037844386,0.5000000000000001,0.6994583270516471,0.7146733860429609,5133.0,5981.0,5657.0,4064.285714285714,5133.0,2095.113498459825,4600.4,5188.0,2221.9534369248317,1100.0,0,0,1,0,0,0,1,0,0,4799
292,0,2013-02-15,-0.9749279121818236,-0.2225209339563146,0.8660254037844386,0.5000000000000001,0.7116566222817746,0.702527474169157,4799.0,5410.0,5668.0,3982.285714285714,4836.0,2044.2819207312302,4595.633333333333,5188.0,2221.2665148255082,1100.0,0,0,1,0,0,0,1,0,0,4836
292,0,2013-02-16,-0.7818314824680299,0.6234898018587334,0.8660254037844386,0.5000000000000001,0.7236440382959124,0.6901733882429719,4836.0,2367.0,3667.0,4090.0,4836.0,1963.244763140856,4538.7,5188.0,2236.9126221894203,1100.0,0,0,1,0,0,0,1,0,0,3121
292,0,2013-02-17,-2.4492935982947064e-16,1.0,0.8660254037844386,0.5000000000000001,0.7354170229639855,0.6776147890466889,3121.0,0.0,0.0,4090.0,4836.0,1963.244763140856,4373.933333333333,5188.0,2383.3579749550026,1100.0,0,0,1,0,0,0,1,0,0,0
292,0,2013-02-18,0.7818314824680298,0.6234898018587336,0.8660254037844386,0.5000000000000001,0.7469720876965552,0.6648553979642865,0.0,5498.0,7584.0,4558.285714285715,4836.0,2632.0800212180543,4577.266666666666,5326.5,2491.2698732993977,1100.0,1,0,1,0,0,0,1,0,0,8776
292,0,2013-02-19,0.9749279121818236,-0.22252093395631434,0.8660254037844386,0.5000000000000001,0.7583058084785625,0.6518989958787126,8776.0,5243.0,7336.0,4713.142857142857,4836.0,2709.819270023459,4788.166666666667,5454.0,2354.4687823639624,1100.0,1,0,1,0,0,0,1,0,0,6327
292,0,2013-02-20,0.43388373911755823,-0.900968867902419,0.8660254037844386,0.5000000000000001,0.7694148268839378,0.6387494220515272,6327.0,5133.0,6020.0,4825.142857142857,4836.0,2746.024607110639,4723.3,5454.0,2292.834477536334,1100.0,1,0,1,0,0,0,1,0,0,5917
292,0,2013-02-21,-0.433883739117558,-0.9009688679024191,0.8660254037844386,0.5000000000000001,0.7802958510707755,0.6254105729852463,5917.0,4799.0,5981.0,5055.285714285715,5917.0,2810.226427074617,4711.733333333334,5454.0,2283.0757827731127,1100.0,1,0,1,0,0,0,1,0,0,6410
292,0,2013-02-22,-0.9749279121818236,-0.2225209339563146,0.8660254037844386,0.5000000000000001,0.7909456567567772,0.6118864012687243,6410.0,4836.0,5410.0,5291.285714285715,6327.0,2857.707339476041,4729.033333333334,5454.0,2294.8671433760883,1100.0,1,0,1,0,0,0,1,0,0,6488
292,0,2013-02-23,-0.7818314824680299,0.6234898018587334,0.8660254037844386,0.5000000000000001,0.8013610881746766,0.5981809144059164,6488.0,3121.0,2367.0,5233.142857142857,6327.0,2912.8320942896457,4632.666666666667,5326.5,2317.4040668807424,1100.0,0,0,1,0,0,0,1,0,0,2714
292,0,2013-02-24,-2.4492935982947064e-16,1.0,0.8660254037844386,0.5000000000000001,0.8115390590073611,0.5842981736283683,2714.0,0.0,0.0,5233.142857142857,6327.0,2912.8320942896457,4425.033333333334,5188.0,2444.9840205857263,1100.0,0,0,1,0,0,0,1,0,0,0
292,0,2013-02-25,0.7818314824680298,0.6234898018587336,0.8660254037844386,0.5000000000000001,0.8214765533024142,0.5702422926917871,0.0,8776.0,5498.0,4746.714285714285,5917.0,2473.8102671982006,4499.333333333333,5307.0,2438.509456167045,1100.0,0,0,1,0,0,0,1,0,0,5371
292,0,2013-02-26,0.9749279121818236,-0.22252093395631434,0.8660254037844386,0.5000000000000001,0.8311706263658079,0.5560174366570446,5371.0,6327.0,5243.0,4507.0,5371.0,2374.462325102954,4654.3,5307.0,2285.64849546635,1100.0,0,0,1,0,0,0,1,0,0,4649
292,0,2013-02-27,0.43388373911755823,-0.900968867902419,0.8660254037844386,0.5000000000000001,0.8406184056344782,0.5416278206559814,4649.0,5917.0,5133.0,4332.0,4692.0,2297.1060779453187,4627.033333333334,5188.0,2279.9605030355906,1100.0,0,0,1,0,0,0,1,0,0,4692
292,0,2013-02-28,-0.433883739117558,-0.9009688679024191,0.8660254037844386,0.5000000000000001,0.8498170915275278,0.5270777086423722,4692.0,6410.0,4799.0,4171.142857142857,4692.0,2162.840449391448,4643.3,5263.5,2282.9464801073386,1100.0,0,0,1,0,0,0,1,0,0,5284
292,0,2013-03-01,-0.9749279121818236,-0.2225209339563146,1.0,6.123233995736766e-17,0.8587639582758029,0.5123714121284237,5284.0,6488.0,4836.0,4071.8571428571427,4692.0,2051.8634968057213,4691.366666666667,5327.5,2291.743448410694,1100.0,0,0,1,0,0,0,1,0,0,5793
292,0,2013-03-02,-0.7818314824680299,0.6234898018587334,1.0,6.123233995736766e-17,0.8674563547295968,0.49751328890718066,5793.0,2714.0,3121.0,4184.857142857143,4692.0,1985.3224279338447,4619.633333333333,5263.5,2294.1544980492367,1100.0,0,0,1,0,0,0,1,0,0,3505
292,0,2013-03-03,-2.4492935982947064e-16,1.0,1.0,6.123233995736766e-17,0.8758917051442429,0.48250774176121847,3505.0,0.0,0.0,4184.857142857143,4692.0,1985.3224279338447,4430.7,5188.0,2433.971256878427,1100.0,0,0,1,0,0,0,1,0,0,0
292,0,2013-03-04,0.7818314824680298,0.6234898018587336,1.0,6.123233995736766e-17,0.8840675099433636,0.46735921715800227,0.0,5371.0,8776.0,4737.285714285715,4692.0,2758.0218584029685,4616.4,5263.5,2581.7304221033223,1100.0,1,0,1,0,0,0,1,0,0,9238
292,0,2013-03-05,0.9749279121818236,-0.22252093395631434,1.0,6.123233995736766e-17,0.8919813464595485,0.45207220393230435,9238.0,4649.0,6327.0,5147.0,5284.0,2949.125972216174,4866.966666666666,5327.5,2481.055455096555,1100.0,1,0,1,0,0,0,1,0,0,7517
292,0,2013-03-06,0.43388373911755823,-0.900968867902419,1.0,6.123233995736766e-17,0.8996308696522433,0.43665123195606403,7517.0,4692.0,5917.0,5433.714285714285,5793.0,2994.72612628076,4837.466666666666,5327.5,2452.7354009608216,1100.0,1,0,1,0,0,0,1,0,0,6699
292,0,2013-03-07,-0.433883739117558,-0.9009688679024191,1.0,6.123233995736766e-17,0.9070138128026359,0.4211008707960896,6699.0,5284.0,6410.0,5613.428571428572,6542.0,3021.8677920089335,4811.0,5327.5,2429.0140471762024,1100.0,1,0,1,0,0,0,1,0,0,6542
292,0,2013-03-08,-0.9749279121818236,-0.2225209339563146,1.0,6.123233995736766e-17,0.9141279881853337,0.40542572835999735,6542.0,5793.0,6488.0,5720.428571428572,6542.0,3042.4761219080992,4828.4,5327.5,2439.8188542142457,1100.0,1,0,1,0,0,0,1,0,0,6542
292,0,2013-03-09,-0.7818314824680299,0.6234898018587334,1.0,6.123233995736766e-17,0.9209712877166346,0.38963044953078796,6542.0,3505.0,2714.0,5688.428571428572,6542.0,3070.7079996391085,4738.4,5263.5,2445.6275211924235,1100.0,0,0,1,0,0,0,1,0,0,3281
292,0,2013-03-10,-2.4492935982947064e-16,1.0,1.0,6.123233995736766e-17,0.9275416835791966,0.37371971479046906,3281.0,0.0,0.0,5688.428571428572,6542.0,3070.7079996391085,4558.066666666667,5188.0,2589.6179312564745,1100.0,0,0,1,0,0,0,1,0,0,0
292,0,2013-03-11,0.7818314824680298,0.6234898018587336,1.0,6.123233995736766e-17,0.9338372288229252,0.35769823883312546,0.0,9238.0,5371.0,5085.857142857143,6542.0,2642.0061461303358,4646.5,5188.0,2557.3120688021995,1100.0,0,0,1,0,0,0,1,0,0,5020
292,0,2013-03-12,0.9749279121818236,-0.22252093395631434,1.0,6.123233995736766e-17,0.9398560579418954,0.3415707691678556,5020.0,7517.0,4649.0,4677.571428571428,5020.0,2414.7480791408193,4801.8,5188.0,2402.169685929786,1100.0,0,0,1,0,0,0,1,0,0,4659
292,0,2013-03-13,0.43388373911755823,-0.900968867902419,1.0,6.123233995736766e-17,0.9455963874271426,0.3253420847119801,4659.0,6699.0,4692.0,4368.285714285715,4659.0,2245.3984586472016,4769.666666666667,5076.5,2398.981124723914,1100.0,0,0,1,0,0,0,1,0,0,4534
292,0,2013-03-14,-0.433883739117558,-0.9009688679024191,1.0,6.123233995736766e-17,0.9510565162951535,0.30901699437494745,4534.0,6542.0,5284.0,4124.857142857143,4659.0,2054.737649804422,4756.166666666667,4929.0,2397.364646257728,1100.0,0,0,1,0,0,0,1,0,0,4838
292,0,2013-03-15,-0.9749279121818236,-0.2225209339563146,1.0,6.123233995736766e-17,0.9562348265919056,0.29260033563334836,4838.0,6542.0,5793.0,3909.4285714285716,4659.0,1825.3207806796431,4752.866666666667,4929.0,2396.896135642401,1100.0,0,0,1,0,0,0,1,0,0,5034
292,0,2013-03-16,-0.7818314824680299,0.6234898018587334,1.0,6.123233995736766e-17,0.9611297838723007,0.27609697309746883,5034.0,3281.0,3505.0,3921.285714285714,4659.0,1820.8222240044636,4705.033333333334,4929.0,2410.225364814545,1100.0,0,0,1,0,0,0,1,0,0,3364
292,0,2013-03-17,-2.4492935982947064e-16,1.0,1.0,6.123233995736766e-17,0.9657399376548549,0.2595117970697999,3364.0,0.0,0.0,3921.285714285714,4659.0,1820.8222240044636,4543.833333333333,4929.0,2558.3334160769773,1100.0,0,0,1,0,0,0,1,0,0,0
292,0,2013-03-18,0.7818314824680298,0.6234898018587336,1.0,6.123233995736766e-17,0.970063921851507,0.2428497220959356,0.0,5020.0,9238.0,4281.714285714285,4659.0,2269.0909129932547,4691.233333333334,5027.0,2600.568700182293,1100.0,1,0,1,0,0,0,1,0,0,7543
292,0,2013-03-19,0.9749279121818236,-0.22252093395631434,1.0,6.123233995736766e-17,0.9741004551724205,0.22611568550828828,7543.0,4659.0,7517.0,4667.714285714285,4838.0,2555.6905599260704,4936.6,5159.0,2487.4832122115895,1100.0,1,0,1,0,0,0,1,0,0,7361
292,0,2013-03-20,0.43388373911755823,-0.900968867902419,1.0,6.123233995736766e-17,0.9778483415056568,0.20931464596304847,7361.0,4534.0,6699.0,4883.857142857143,5034.0,2605.9819280884903,4845.633333333333,5159.0,2390.2341319935863,1100.0,1,0,1,0,0,0,1,0,0,6047
292,0,2013-03-21,-0.433883739117558,-0.9009688679024191,1.0,6.123233995736766e-17,0.9813064702716093,0.19245158197082998,6047.0,4838.0,6542.0,5091.0,6047.0,2658.8220449414557,4844.333333333333,5159.0,2389.4111283389243,1100.0,1,0,1,0,0,0,1,0,0,6288
292,0,2013-03-22,-0.9749279121818236,-0.2225209339563146,1.0,6.123233995736766e-17,0.9844738167520922,0.1755314904214282,6288.0,5034.0,6542.0,5238.714285714285,6068.0,2683.7334513873084,4849.366666666667,5159.0,2391.9063740662714,1100.0,1,0,1,0,0,0,1,0,0,6068
292,0,2013-03-23,-0.7818314824680299,0.6234898018587334,1.0,6.123233995736766e-17,0.9873494423939864,0.15855938510313478,6068.0,3364.0,3281.0,5270.428571428572,6068.0,2659.0857361847043,4755.233333333334,5027.0,2383.9257203675397,1100.0,0,0,1,0,0,0,1,0,0,3586
292,0,2013-03-24,-2.4492935982947064e-16,1.0,1.0,6.123233995736766e-17,0.989932495087353,0.141540295217043,3586.0,0.0,0.0,5270.428571428572,6068.0,2659.0857361847043,4538.966666666666,4929.0,2512.1537604398263,1100.0,0,0,1,0,0,0,1,0,0,0
292,0,2013-03-25,0.7818314824680298,0.6234898018587336,1.0,6.123233995736766e-17,0.9922222094179323,0.12447926388678915,0.0,7543.0,5020.0,5326.571428571428,6068.0,2718.5488688601777,4713.033333333334,5027.0,2561.7675401732035,1100.0,1,0,1,0,0,0,1,0,0,7936
292,0,2013-03-26,0.9749279121818236,-0.22252093395631434,1.0,6.123233995736766e-17,0.994217906893952,0.10738134666416309,7936.0,7361.0,4659.0,5305.571428571428,6068.0,2700.723597923518,4953.5,5159.0,2439.7877204153774,1100.0,1,0,1,0,0,0,1,0,0,7214
292,0,2013-03-27,0.43388373911755823,-0.900968867902419,1.0,6.123233995736766e-17,0.995918996147179,0.09025161003104117,7214.0,6047.0,4534.0,5319.714285714285,6146.0,2705.5083141796545,4979.333333333333,5159.0,2448.4484085223057,1100.0,1,0,1,0,0,0,1,0,0,6146
292,0,2013-03-28,-0.433883739117558,-0.9009688679024191,1.0,6.123233995736766e-17,0.9973249731081555,0.07309512989807777,6146.0,6288.0,4838.0,5552.571428571428,6146.0,2868.001793185333,5088.3,5538.5,2505.3220475757153,1100.0,1,0,1,0,0,0,1,0,0,7918
292,0,2013-03-29,-0.9749279121818236,-0.2225209339563146,1.0,6.123233995736766e-17,0.9984354211555643,0.055916990100603484,7918.0,6068.0,5034.0,4685.714285714285,6146.0,3527.461302140001,4931.9,5538.5,2671.835432032085,1100.0,1,0,1,0,0,0,1,0,0,0
292,0,2013-03-30,-0.7818314824680299,0.6234898018587334,1.0,6.123233995736766e-17,0.9992500112396835,0.03872228089217446,0.0,3586.0,3364.0,4758.428571428572,6146.0,3506.1959375341457,4892.266666666666,5413.5,2675.248849956843,1100.0,0,0,1,0,0,0,1,0,0,4095
292,0,2013-03-31,-2.4492935982947064e-16,1.0,1.0,6.123233995736766e-17,0.9997685019798909,0.021516097436222254,4095.0,0.0,0.0,4758.428571428572,6146.0,3506.1959375341457,4699.166666666667,5027.0,2813.4900413265527,1100.0,0,0,1,0,0,0,1,0,0,0
292,0,2013-04-01,0.7818314824680298,0.6234898018587336,0.8660254037844387,-0.49999999999999983,0.9999907397361901,0.004303538296244289,0.0,7936.0,7543.0,3624.714285714286,4095.0,3589.5446653805398,4582.333333333333,5027.0,2934.942240321434,1100.0,0,0,1,0,0,0,1,0,0,0
292,0,2013-04-02,0.9749279121818236,-0.22252093395631434,0.8660254037844387,-0.49999999999999983,0.9999166586547379,-0.01291029607500882,0.0,7214.0,7361.0,3423.1428571428573,4095.0,3388.3753446438695,4775.766666666666,5418.5,2811.13823656139,1100.0,0,0,1,0,0,0,1,0,0,5803
292,0,2013-04-03,0.43388373911755823,-0.900968867902419,0.8660254037844387,-0.49999999999999983,0.9995462806873573,-0.030120304846908114,5803.0,6146.0,6047.0,3222.0,4095.0,3238.2663571732305,4625.766666666666,5027.0,2681.9148291052647,1100.0,0,0,1,0,0,0,1,0,0,4738
292,0,2013-04-04,-0.433883739117558,-0.9009688679024191,0.8660254037844387,-0.49999999999999983,0.9988797155850336,-0.04732138832243185,4738.0,7918.0,6288.0,2781.0,4095.0,2648.688732184282,4536.233333333334,4929.0,2626.323977222411,1100.0,0,0,1,0,0,0,1,0,0,4831
292,0,2013-04-05,-0.9749279121818236,-0.2225209339563146,0.8660254037844387,-0.49999999999999983,0.9979171608653922,-0.06450844944931623,4831.0,0.0,6068.0,3461.4285714285716,4738.0,2416.843454945783,4471.7,4834.5,2594.946536556431,1100.0,0,0,1,0,0,0,1,0,0,4763
292,0,2013-04-06,-0.7818314824680299,0.6234898018587334,0.8660254037844387,-0.49999999999999983,0.9966589017541702,-0.08167639533042241,4763.0,4095.0,3586.0,3260.285714285714,4738.0,2413.9149193986145,4343.2,4797.0,2584.3182439875523,1100.0,0,0,1,0,0,0,1,0,0,2687
292,0,2013-04-07,-2.4492935982947064e-16,1.0,0.8660254037844387,-0.49999999999999983,0.9951053111006976,-0.09882013873287143,2687.0,0.0,0.0,3260.285714285714,4738.0,2413.9149193986145,4125.133333333333,4750.5,2667.0686185570785,1100.0,0,0,1,0,0,0,1,0,0,0
292,0,2013-04-08,0.7818314824680298,0.6234898018587336,0.8660254037844387,-0.49999999999999983,0.9932568492674143,-0.11593459959550041,0.0,0.0,7936.0,4518.0,4763.0,2707.775840057664,4309.233333333334,4797.0,2794.3714570954758,1100.0,1,0,1,0,0,0,1,0,0,8804
292,0,2013-04-09,0.9749279121818236,-0.22252093395631434,0.8660254037844387,-0.49999999999999983,0.9911140639934547,-0.1330147065341959,8804.0,5803.0,7214.0,4620.285714285715,4763.0,2777.0439748220097,4526.533333333334,4834.5,2699.5774986587026,1100.0,1,0,1,0,0,0,1,0,0,6519
292,0,2013-04-10,0.43388373911755823,-0.900968867902419,0.8660254037844387,-0.49999999999999983,0.9886775902323405,-0.1500553983446526,6519.0,4738.0,6146.0,4834.428571428572,4831.0,2844.607404496142,4567.1,4834.5,2716.3404559100836,1100.0,1,0,1,0,0,0,1,0,0,6237
292,0,2013-04-11,-0.433883739117558,-0.9009688679024191,0.8660254037844387,-0.49999999999999983,0.9859481499638304,-0.16705162550211924,6237.0,4831.0,7918.0,5012.142857142857,6075.0,2882.957880867692,4614.3,4936.0,2730.2591786785792,1100.0,1,0,1,0,0,0,1,0,0,6075
292,0,2013-04-12,-0.9749279121818236,-0.2225209339563146,0.8660254037844387,-0.49999999999999983,0.9829265519799822,-0.18399835165768005,6075.0,4763.0,0.0,5151.285714285715,6075.0,2892.4181759838766,4654.4,5385.5,2737.862916897803,1100.0,1,0,1,0,0,0,1,0,0,5737
292,0,2013-04-13,-0.7818314824680299,0.6234898018587334,0.8660254037844387,-0.49999999999999983,0.9796136916454901,-0.20089055513063506,5737.0,2687.0,4095.0,5239.857142857143,6075.0,2812.7764710674164,4603.366666666667,5385.5,2748.5704934513274,1100.0,0,0,1,0,0,0,1,0,0,3307
292,0,2013-04-14,-2.4492935982947064e-16,1.0,0.8660254037844387,-0.49999999999999983,0.9760105506323683,-0.21772323039653177,3307.0,0.0,0.0,5239.857142857143,6075.0,2812.7764710674164,4435.566666666667,5284.0,2872.25363498389,1100.0,0,0,1,0,0,0,1,0,0,0
292,0,2013-04-15,0.7818314824680298,0.6234898018587336,0.8660254037844387,-0.49999999999999983,0.9721181966290613,-0.23449138957040985,0.0,8804.0,0.0,4732.428571428572,5737.0,2343.960882576245,4498.5,5494.5,2868.646668186335,1100.0,0,0,1,0,0,0,1,0,0,5252
292,0,2013-04-16,0.9749279121818236,-0.22252093395631434,0.8660254037844387,-0.49999999999999983,0.9679377830240642,-0.25119006388481935,5252.0,6519.0,5803.0,4534.714285714285,5252.0,2223.417243365542,4669.666666666667,5494.5,2741.347306977223,1100.0,0,0,1,0,0,0,1,0,0,5135
292,0,2013-04-17,0.43388373911755823,-0.900968867902419,0.8660254037844387,-0.49999999999999983,0.9634705485641488,-0.2678143051621742,5135.0,6237.0,4738.0,4348.714285714285,5135.0,2108.7826436347646,4582.733333333334,5193.5,2687.918062859001,1100.0,0,0,1,0,0,0,1,0,0,4935
292,0,2013-04-18,-0.433883739117558,-0.9009688679024191,0.8660254037844387,-0.49999999999999983,0.9587178169872964,-0.2843591872810034,4935.0,6075.0,4831.0,4177.142857142857,4935.0,1990.4602004370238,4499.833333333333,5035.0,2637.14906255997,1100.0,0,0,1,0,0,0,1,0,0,4874
292,0,2013-04-19,-0.9749279121818236,-0.2225209339563146,0.8660254037844387,-0.49999999999999983,0.9536809966304457,-0.30081980763566735,4874.0,5737.0,4763.0,4103.857142857143,4935.0,1932.0434284776823,4472.4,5035.0,2624.750991145112,1100.0,0,0,1,0,0,0,1,0,0,5224
292,0,2013-04-20,-0.7818314824680299,0.6234898018587334,0.8660254037844387,-0.49999999999999983,0.9483615800121715,-0.3171912885891061,5224.0,3307.0,2687.0,4097.714285714285,4935.0,1935.06526283445,4371.6,4904.5,2610.6494316879125,1100.0,0,0,1,0,0,0,1,0,0,3264
292,0,2013-04-21,-2.4492935982947064e-16,1.0,0.8660254037844387,-0.49999999999999983,0.9427611433904207,-0.3334687789181868,3264.0,0.0,0.0,4097.714285714285,4935.0,1935.06526283445,4169.333333333333,4852.5,2707.9384108176496,1100.0,0,0,1,0,0,0,1,0,0,0
292,0,2013-04-22,0.7818314824680298,0.6234898018587336,0.8660254037844387,-0.49999999999999983,0.9368813462954315,-0.3496474552512284,0.0,5252.0,8804.0,4457.857142857143,4935.0,2371.1563584442224,4308.9,4904.5,2783.6762637525435,1100.0,1,0,1,0,0,0,1,0,0,7773
292,0,2013-04-23,0.9749279121818236,-0.22252093395631434,0.8660254037844387,-0.49999999999999983,0.9307239310379795,-0.36572252349726897,7773.0,5135.0,6519.0,4703.428571428572,4935.0,2536.241829764585,4537.366666666667,5035.0,2697.775309313257,1100.0,1,0,1,0,0,0,1,0,0,6854
292,0,2013-04-24,0.43388373911755823,-0.900968867902419,0.8660254037844387,-0.49999999999999983,0.9242907221930934,-0.3816892202666588,6854.0,4935.0,6237.0,4860.142857142857,5224.0,2586.3325661749564,4473.9,5035.0,2636.770076804393,1100.0,1,0,1,0,0,0,1,0,0,6032
292,0,2013-04-25,-0.433883739117558,-0.9009688679024191,0.8660254037844387,-0.49999999999999983,0.9175836260593937,-0.39754281428255595,6032.0,4874.0,6075.0,5038.428571428572,6032.0,2630.0914975936257,4437.5,5035.0,2604.9850982431694,1100.0,1,0,1,0,0,0,1,0,0,6122
292,0,2013-04-26,-0.9749279121818236,-0.2225209339563146,0.8660254037844387,-0.49999999999999983,0.9106046300942163,-0.4132786077829042,6122.0,5224.0,5737.0,5115.714285714285,6032.0,2644.3633584340423,4424.8,5035.0,2597.2858432841285,1100.0,1,0,1,0,0,0,1,0,0,5765
292,0,2013-04-27,-0.7818314824680299,0.6234898018587334,0.8660254037844387,-0.49999999999999983,0.9033558023246845,-0.4288919379124835,5765.0,3264.0,3307.0,5113.142857142857,6032.0,2646.472018151172,4269.066666666667,4904.5,2519.5131978267145,1100.0,0,0,1,0,0,0,1,0,0,3246
292,0,2013-04-28,-2.4492935982947064e-16,1.0,0.8660254037844387,-0.49999999999999983,0.895839290734909,-0.4443781781046132,3246.0,0.0,0.0,5113.142857142857,6032.0,2646.472018151172,4269.066666666667,4904.5,2519.5131978267145,1100.0,0,0,1,0,0,0,1,0,0,0
292,0,2013-04-29,0.7818314824680298,0.6234898018587336,0.8660254037844387,-0.49999999999999983,0.8880573226294932,-0.45973273945210397,0.0,7773.0,5252.0,5121.857142857143,6032.0,2656.770497463127,4393.7,5035.0,2601.7427998462363,1100.0,1,0,1,0,0,0,1,0,0,7834
292,0,2013-04-30,0.9749279121818236,-0.22252093395631434,0.8660254037844387,-0.49999999999999983,0.8800122039735357,-0.47495107206704995,7834.0,6854.0,5135.0,5318.0,6032.0,2849.6451825914505,4667.933333333333,5179.5,2555.8342579328178,1100.0,1,0,1,0,0,0,1,0,0,8227
292,0,2013-05-01,0.43388373911755823,-0.900968867902419,0.49999999999999994,-0.8660254037844387,0.8717063187093218,-0.49002866642905923,8227.0,6032.0,4935.0,4456.285714285715,5765.0,3447.132465991876,4667.933333333333,5179.5,2555.8342579328178,1100.0,1,0,1,0,0,0,1,0,0,0
292,0,2013-05-02,-0.433883739117558,-0.9009688679024191,0.49999999999999994,-0.8660254037844387,0.8631421280499114,-0.5049610547215204,0.0,6122.0,4874.0,4771.714285714285,5765.0,3715.5287965638527,4752.166666666667,5179.5,2634.9499253677313,1100.0,1,0,1,0,0,0,1,0,0,8330
292,0,2013-05-03,-0.9749279121818236,-0.2225209339563146,0.49999999999999994,-0.8660254037844387,0.854322169749827,-0.5197438121555155,8330.0,5765.0,5224.0,4865.571428571428,6422.0,3752.911929739485,4808.3,5238.0,2652.516607897569,1100.0,1,0,1,0,0,0,1,0,0,6422
292,0,2013-05-04,-0.7818314824680299,0.6234898018587334,0.49999999999999994,-0.8660254037844387,0.8452490573530633,-0.5343725582809787,6422.0,3246.0,3264.0,4826.571428571428,6422.0,3773.9072527529006,4746.366666666667,5238.0,2673.5758372395712,1100.0,0,0,1,0,0,0,1,0,0,2973
292,0,2013-05-05,-2.4492935982947064e-16,1.0,0.49999999999999994,-0.8660254037844387,0.835925479418637,-0.548842958284719,2973.0,0.0,0.0,4826.571428571428,6422.0,3773.9072527529006,4587.6,5238.0,2810.4714244386505,1100.0,0,0,1,0,0,0,1,0,0,0
292,0,2013-05-06,0.7818314824680298,0.6234898018587336,0.49999999999999994,-0.8660254037844387,0.8263541987239096,-0.5631507242749186,0.0,7834.0,7773.0,4582.0,6122.0,3597.8942452495726,4702.1,5494.5,2800.323470847488,1100.0,0,0,1,0,0,0,1,0,0,6122
292,0,2013-05-07,0.9749279121818236,-0.22252093395631434,0.49999999999999994,-0.8660254037844387,0.8165380514459161,-0.5772916165517272,6122.0,8227.0,6854.0,4161.142857142857,5281.0,3256.57767339536,4878.133333333333,5509.0,2656.8602384086357,1100.0,0,0,1,0,0,0,1,0,0,5281
292,0,2013-05-08,0.43388373911755823,-0.900968867902419,0.49999999999999994,-0.8660254037844387,0.8064799463209448,-0.5912614448635781,5281.0,0.0,6032.0,5056.714285714285,6122.0,2743.0337046346876,4793.633333333333,5509.0,2566.4691763848136,1100.0,0,0,1,0,0,0,1,0,0,6269
292,0,2013-05-09,-0.433883739117558,-0.9009688679024191,0.49999999999999994,-0.8660254037844387,0.7961828637826158,-0.6050560696488488,6269.0,8330.0,6122.0,3866.714285714286,5281.0,2889.3097050036986,4576.333333333333,5266.5,2688.427361518427,1100.0,0,0,1,0,0,0,1,0,0,0
292,0,2013-05-10,-0.9749279121818236,-0.2225209339563146,0.49999999999999994,-0.8660254037844387,0.7856498550787145,-0.6186714032625031,0.0,6422.0,5765.0,3740.285714285714,5281.0,2776.002624535604,4553.0,5266.5,2676.5285159235154,1100.0,0,0,1,0,0,0,1,0,0,5537
292,0,2013-05-11,-0.7818314824680299,0.6234898018587334,0.49999999999999994,-0.8660254037844387,0.7748840413670407,-0.6321034111873487,5537.0,2973.0,3246.0,3738.4285714285716,5281.0,2776.6057730703524,4449.166666666667,5238.0,2675.8696051336606,1100.0,0,0,1,0,0,0,1,0,0,2960
292,0,2013-05-12,-2.4492935982947064e-16,1.0,0.49999999999999994,-0.8660254037844387,0.7638886127905428,-0.6453481132295501,2960.0,0.0,0.0,3738.4285714285716,5281.0,2776.6057730703524,4257.933333333333,5179.5,2783.4952591070237,1100.0,0,0,1,0,0,0,1,0,0,0
292,0,2013-05-13,0.7818314824680298,0.6234898018587336,0.49999999999999994,-0.8660254037844387,0.7526668275320084,-0.6584015846980488,0.0,6122.0,7834.0,4134.0,5281.0,3317.3654205307753,4444.066666666667,5238.0,2901.8970838156,1100.0,1,0,1,0,0,0,1,0,0,8891
292,0,2013-05-14,0.9749279121818236,-0.22252093395631434,0.49999999999999994,-0.8660254037844387,0.741222010848596,-0.6712599575675313,8891.0,5281.0,8227.0,4426.142857142857,5537.0,3519.1216436572827,4688.266666666666,5266.5,2822.178150408597,1100.0,1,0,1,0,0,0,1,0,0,7326
292,0,2013-05-15,0.43388373911755823,-0.900968867902419,0.49999999999999994,-0.8660254037844387,0.7295575540864875,-0.6839194216246106,7326.0,6269.0,0.0,4444.714285714285,5537.0,3530.791493621305,4726.5,5409.0,2837.804855262556,1100.0,1,0,1,0,0,0,1,0,0,6399
292,0,2013-05-16,-0.433883739117558,-0.9009688679024191,0.49999999999999994,-0.8660254037844387,0.717676913675962,-0.6963762255968722,6399.0,0.0,8330.0,5310.0,6057.0,2955.274268151773,4757.233333333334,5651.0,2847.35798511573,1100.0,1,0,1,0,0,0,1,0,0,6057
292,0,2013-05-17,-0.9749279121818236,-0.2225209339563146,0.49999999999999994,-0.8660254037844387,0.705583610107178,-0.7086266782644596,6057.0,5537.0,6422.0,5438.142857142857,6399.0,2986.044732226418,4807.2,5898.5,2863.690787102885,1100.0,1,0,1,0,0,0,1,0,0,6434
292,0,2013-05-18,-0.7818314824680299,0.6234898018587334,0.49999999999999994,-0.8660254037844387,0.6932812268869777,-0.7206671495538609,6434.0,2960.0,2973.0,5413.714285714285,6399.0,3010.298086806117,4737.7,5898.5,2887.217872767415,1100.0,0,0,1,0,0,0,1,0,0,2789
292,0,2013-05-19,-2.4492935982947064e-16,1.0,0.49999999999999994,-0.8660254037844387,0.6807734094770161,-0.7324940716135789,2789.0,0.0,0.0,5413.714285714285,6399.0,3010.298086806117,4563.566666666667,5898.5,3011.7266520115654,1100.0,0,0,1,0,0,0,1,0,0,0
292,0,2013-05-20,0.7818314824680298,0.6234898018587336,0.49999999999999994,-0.8660254037844387,0.6680638642135335,-0.7441039398713607,0.0,8891.0,6122.0,4143.571428571428,6057.0,3170.0503075473334,4454.766666666666,5898.5,3117.395958868207,1100.0,0,0,1,0,0,0,1,0,0,0
292,0,2013-05-21,0.9749279121818236,-0.22252093395631434,0.49999999999999994,-0.8660254037844387,0.6551563572090853,-0.7554933140726803,0.0,7326.0,5281.0,3969.0,6057.0,2994.3673789299783,4658.233333333334,6044.5,3014.1026763662467,1100.0,0,0,1,0,0,0,1,0,0,6104
292,0,2013-05-22,0.43388373911755823,-0.900968867902419,0.49999999999999994,-0.8660254037844387,0.6420547132365637,-0.766658819300159,6104.0,6399.0,6269.0,3741.5714285714284,4807.0,2835.2746402622574,4559.366666666667,5898.5,2956.505130226816,1100.0,0,0,1,0,0,0,1,0,0,4807
292,0,2013-05-23,-0.433883739117558,-0.9009688679024191,0.49999999999999994,-0.8660254037844387,0.6287628145958344,-0.777597146973627,4807.0,6057.0,0.0,3674.5714285714284,4807.0,2776.369323243506,4517.166666666667,5676.5,2931.552925920198,1100.0,0,0,1,0,0,0,1,0,0,5588
292,0,2013-05-24,-0.9749279121818236,-0.2225209339563146,0.49999999999999994,-0.8660254037844387,0.6152845999633276,-0.7883050558305255,5588.0,6434.0,5537.0,3449.5714285714284,4807.0,2571.750691464397,4478.066666666667,5562.5,2918.44514499893,1100.0,0,0,1,0,0,0,1,0,0,4859
292,0,2013-05-25,-0.7818314824680299,0.6234898018587334,0.49999999999999994,-0.8660254037844387,0.6016240632249226,-0.7987793728863649,4859.0,2789.0,2960.0,3525.285714285714,4807.0,2556.8201419136276,4384.633333333333,5409.0,2908.853103572081,1100.0,0,0,1,0,0,0,1,0,0,3319
292,0,2013-05-26,-2.4492935982947064e-16,1.0,0.49999999999999994,-0.8660254037844387,0.5877852522924732,-0.8090169943749473,3319.0,0.0,0.0,3525.285714285714,4807.0,2556.8201419136276,4192.466666666666,5070.0,3003.4068096692836,1100.0,0,0,1,0,0,0,1,0,0,0
292,0,2013-05-27,0.7818314824680298,0.6234898018587336,0.49999999999999994,-0.8660254037844387,0.5737722679043246,-0.8190148866680801,0.0,0.0,8891.0,4681.285714285715,4859.0,2526.4224847456853,4354.0,5409.0,3080.0856011391693,1100.0,1,0,1,0,0,0,1,0,0,8092
292,0,2013-05-28,0.9749279121818236,-0.22252093395631434,0.49999999999999994,-0.8660254037844387,0.5595892624101765,-0.8287700871745037,8092.0,6104.0,7326.0,4719.285714285715,4859.0,2553.2461504449384,4566.333333333333,5562.5,2987.763946883833,1100.0,1,0,1,0,0,0,1,0,0,6370
292,0,2013-05-29,0.43388373911755823,-0.900968867902419,0.49999999999999994,-0.8660254037844387,0.545240438540651,-0.8382797052177743,6370.0,4807.0,6399.0,4928.0,5588.0,2620.441629445946,4514.133333333333,5562.5,2942.0351123497594,1100.0,1,0,1,0,0,0,1,0,0,6268
292,0,2013-05-30,-0.433883739117558,-0.9009688679024191,0.49999999999999994,-0.8660254037844387,0.5307300481619334,-0.8475409228928311,6268.0,5588.0,6057.0,5015.857142857143,6203.0,2656.321982778155,4446.666666666667,5562.5,2876.431497692853,1100.0,1,0,1,0,0,0,1,0,0,6203
292,0,2013-05-31,-0.9749279121818236,-0.2225209339563146,0.49999999999999994,-0.8660254037844387,0.5160623910158528,-0.8565509959010036,6203.0,4859.0,6434.0,5351.428571428572,6268.0,2778.75594809037,4686.933333333333,5822.5,2791.9969485870774,1100.0,1,0,1,0,0,0,1,0,0,7208
292,0,2013-06-01,-0.7818314824680299,0.6234898018587334,1.2246467991473532e-16,-1.0,0.5012418134457758,-0.865307254363206,7208.0,3319.0,2789.0,5375.142857142857,6268.0,2759.1593181360763,4525.433333333333,5562.5,2713.0108186844486,1100.0,0,0,1,0,0,0,1,0,0,3485
292,0,2013-06-02,-2.4492935982947064e-16,1.0,1.2246467991473532e-16,-1.0,0.48627270710869,-0.8738071036110808,3485.0,0.0,0.0,5375.142857142857,6268.0,2759.1593181360763,4311.366666666667,5409.0,2809.8364719055426,1100.0,0,0,1,0,0,0,1,0,0,0
292,0,2013-06-03,0.7818314824680298,0.6234898018587336,1.2246467991473532e-16,-1.0,0.4711595076738638,-0.8820480249558537,0.0,8092.0,0.0,5318.571428571428,6268.0,2697.542823703505,4468.8,5562.5,2864.0531251092893,1100.0,1,0,1,0,0,0,1,0,0,7696
292,0,2013-06-04,0.9749279121818236,-0.22252093395631434,1.2246467991473532e-16,-1.0,0.4559066935084588,-0.8900275764346767,7696.0,6370.0,6104.0,5325.142857142857,6268.0,2700.5853950931582,4682.666666666667,5822.5,2756.37477224297,1100.0,1,0,1,0,0,0,1,0,0,6416
292,0,2013-06-05,0.43388373911755823,-0.900968867902419,1.2246467991473532e-16,-1.0,0.440518784350495,-0.8977433935342337,6416.0,6268.0,4807.0,5312.0,6203.0,2695.4510445068977,4684.466666666666,5822.5,2757.3645680104673,1100.0,1,0,1,0,0,0,1,0,0,6176
292,0,2013-06-06,-0.433883739117558,-0.9009688679024191,1.2246467991473532e-16,-1.0,0.42500033996955416,-0.9051931898913974,6176.0,6203.0,5588.0,5276.0,6176.0,2683.2227513446073,4706.8,6004.0,2765.0653967448716,1100.0,1,0,1,0,0,0,1,0,0,5951
292,0,2013-06-07,-0.9749279121818236,-0.2225209339563146,1.2246467991473532e-16,-1.0,0.4093559588156213,-0.9123747579707273,5951.0,7208.0,4859.0,5146.285714285715,6176.0,2594.747175499358,4707.833333333333,6004.0,2765.6750636094753,1100.0,1,0,1,0,0,0,1,0,0,6300
292,0,2013-06-08,-0.7818314824680299,0.6234898018587334,1.2246467991473532e-16,-1.0,0.39359027665646673,-0.9192859697186104,6300.0,3485.0,3319.0,5131.142857142857,6176.0,2606.34165249374,4820.466666666666,6004.0,2632.9563393754715,1100.0,0,0,1,0,0,0,1,0,0,3379
292,0,2013-06-09,-2.4492935982947064e-16,1.0,1.2246467991473532e-16,-1.0,0.3777079652039649,-0.9259247771938498,3379.0,0.0,0.0,5131.142857142857,6176.0,2606.34165249374,4635.9,6004.0,2771.4234279953307,1100.0,0,0,1,0,0,0,1,0,0,0
292,0,2013-06-10,0.7818314824680298,0.6234898018587336,1.2246467991473532e-16,-1.0,0.36171373072976765,-0.9322892131745133,0.0,7696.0,8092.0,4830.285714285715,5951.0,2371.9384979579945,4723.566666666667,6004.0,2758.147487783753,1100.0,0,0,1,0,0,0,1,0,0,5590
292,0,2013-06-11,0.9749279121818236,-0.22252093395631434,1.2246467991473532e-16,-1.0,0.3456123126707335,-0.9383773917408641,5590.0,6416.0,6370.0,4636.428571428572,5590.0,2274.1778629607975,4892.2,6004.0,2610.0684810675143,1100.0,0,0,1,0,0,0,1,0,0,5059
292,0,2013-06-12,0.43388373911755823,-0.900968867902419,1.2246467991473532e-16,-1.0,0.3294084822245304,-0.9441875088341993,5059.0,6176.0,6268.0,4472.571428571428,5059.0,2184.3075834340743,4763.466666666666,5770.5,2498.912946191542,1100.0,0,0,1,0,0,0,1,0,0,5029
292,0,2013-06-13,-0.433883739117558,-0.9009688679024191,1.2246467991473532e-16,-1.0,0.3131070409358269,-0.9497178427914316,5029.0,5951.0,6203.0,4312.571428571428,5029.0,2097.248900913036,4680.3,5589.0,2451.761466009063,1100.0,0,0,1,0,0,0,1,0,0,4831
292,0,2013-06-14,-0.9749279121818236,-0.2225209339563146,1.2246467991473532e-16,-1.0,0.29671281927349075,-0.9549667548552551,4831.0,6300.0,7208.0,4166.0,5029.0,1967.011608167743,4642.8,5431.0,2433.0997456770665,1100.0,0,0,1,0,0,0,1,0,0,5274
292,0,2013-06-15,-0.7818314824680299,0.6234898018587334,1.2246467991473532e-16,-1.0,0.28023067519921585,-0.9599326896597447,5274.0,3379.0,3485.0,4175.714285714285,5029.0,1962.640204272947,4555.8,5166.5,2427.444823763005,1100.0,0,0,1,0,0,0,1,0,0,3447
292,0,2013-06-16,-2.4492935982947064e-16,1.0,1.2246467991473532e-16,-1.0,0.26366549272800704,-0.9646141756912435,3447.0,0.0,0.0,4175.714285714285,5029.0,1962.640204272947,4341.333333333333,5044.0,2537.511424582177,1100.0,0,0,1,0,0,0,1,0,0,0
292,0,2013-06-17,0.7818314824680298,0.6234898018587336,1.2246467991473532e-16,-1.0,0.24702218048093552,-0.9690098257244062,0.0,5590.0,7696.0,4598.428571428572,5029.0,2549.063609585738,4533.333333333333,5166.5,2632.1537180419978,1100.0,1,0,1,0,0,0,1,0,0,8549
292,0,2013-06-18,0.9749279121818236,-0.22252093395631434,1.2246467991473532e-16,-1.0,0.23030567023061221,-0.9731183372332619,8549.0,5059.0,6416.0,4824.142857142857,5029.0,2664.0047815629882,4754.633333333333,5431.0,2514.319493638779,1100.0,1,0,1,0,0,0,1,0,0,6639
292,0,2013-06-19,0.43388373911755823,-0.900968867902419,1.2246467991473532e-16,-1.0,0.21352091543979612,-0.9769384927771817,6639.0,5029.0,6176.0,5021.428571428572,5274.0,2731.972843761008,4968.3,5589.0,2364.2186891962515,1100.0,1,0,1,0,0,0,1,0,0,6410
292,0,2013-06-20,-0.433883739117558,-0.9009688679024191,1.2246467991473532e-16,-1.0,0.19667288979357647,-0.980469160361632,6410.0,4831.0,5951.0,5276.285714285715,6410.0,2793.7607696607147,4985.333333333333,5589.0,2374.5015641521345,1100.0,1,0,1,0,0,0,1,0,0,6615
292,0,2013-06-21,-0.9749279121818236,-0.2225209339563146,1.2246467991473532e-16,-1.0,0.1797665857255624,-0.9837092937736097,6615.0,5274.0,6300.0,5438.285714285715,6410.0,2826.294966576424,5038.7,5770.5,2388.3063563379283,1100.0,1,0,1,0,0,0,1,0,0,6408
292,0,2013-06-22,-0.7818314824680299,0.6234898018587334,1.2246467991473532e-16,-1.0,0.16280701293851715,-0.986657932891657,6408.0,3447.0,3379.0,5375.142857142857,6410.0,2882.574395025588,4952.6,5770.5,2414.2395047316477,1100.0,0,0,1,0,0,0,1,0,0,3005
292,0,2013-06-23,-2.4492935982947064e-16,1.0,1.2246467991473532e-16,-1.0,0.1457991969198751,-0.9893142039703663,3005.0,0.0,0.0,5375.142857142857,6410.0,2882.574395025588,4790.633333333333,5770.5,2578.1609923158144,1100.0,0,0,1,0,0,0,1,0,0,0
292,0,2013-06-24,0.7818314824680298,0.6234898018587336,1.2246467991473532e-16,-1.0,0.12874817745258132,-0.99167731989929,0.0,8549.0,5590.0,4977.571428571428,6408.0,2543.8936598020246,4872.2,5858.5,2568.687782533709,1100.0,0,0,1,0,0,0,1,0,0,5766
292,0,2013-06-25,0.9749279121818236,-0.22252093395631434,1.2246467991473532e-16,-1.0,0.11165900712169512,-0.993746580436178,5766.0,6639.0,5059.0,4642.0,5766.0,2441.0558507880664,5015.2,5858.5,2402.1090216149955,1100.0,0,0,1,0,0,0,1,0,0,4290
292,0,2013-06-26,0.43388373911755823,-0.900968867902419,1.2246467991473532e-16,-1.0,0.09453674981719912,-0.9955213724144752,4290.0,6410.0,5029.0,4402.285714285715,4732.0,2317.7775787943688,4903.2,5678.0,2330.9823946435,1100.0,0,0,1,0,0,0,1,0,0,4732
292,0,2013-06-27,-0.433883739117558,-0.9009688679024191,1.2246467991473532e-16,-1.0,0.07738647923346301,-0.9970011699250151,4732.0,6615.0,4831.0,4154.714285714285,4732.0,2126.7164608292014,4853.6,5432.0,2314.467475803395,1100.0,0,0,1,0,0,0,1,0,0,4882
292,0,2013-06-28,-0.9749279121818236,-0.2225209339563146,1.2246467991473532e-16,-1.0,0.06021327736579302,-0.9981855344718586,4882.0,6408.0,5274.0,3998.1428571428573,4732.0,1967.568247742321,4821.733333333334,5293.0,2300.8631803548546,1100.0,0,0,1,0,0,0,1,0,0,5312
292,0,2013-06-29,-0.7818314824680299,0.6234898018587334,1.2246467991473532e-16,-1.0,0.04302223300453059,-0.99907411510223,5312.0,3005.0,3447.0,4060.0,4732.0,1937.7216862421992,4729.566666666667,5166.5,2299.0039024930284,1100.0,0,0,1,0,0,0,1,0,0,3438
292,0,2013-06-30,-2.4492935982947064e-16,1.0,1.2246467991473532e-16,-1.0,0.02581844022713308,-0.9996666485105112,3438.0,0.0,0.0,4060.0,4732.0,1937.7216862421992,4489.3,5044.0,2405.2491182182494,1100.0,0,0,1,0,0,0,1,0,0,0
292,0,2013-07-01,0.7818314824680298,0.6234898018587336,-0.4999999999999998,-0.8660254037844388,0.008606996888688698,-0.9999629591162655,0.0,5766.0,8549.0,4454.857142857143,4732.0,2533.366365699427,4657.466666666666,5166.5,2506.830073238305,1100.0,1,0,1,0,0,0,1,0,0,8530
292,0,2013-07-02,0.9749279121818236,-0.22252093395631434,-0.4999999999999998,-0.8660254037844388,-0.008606996888688009,-0.9999629591162655,8530.0,4290.0,6639.0,4792.857142857143,4882.0,2662.26140893861,4879.333333333333,5293.0,2371.287360723379,1100.0,1,0,1,0,0,0,1,0,0,6656
292,0,2013-07-03,0.43388373911755823,-0.900968867902419,-0.4999999999999998,-0.8660254037844388,-0.02581844022713239,-0.9996666485105112,6656.0,4732.0,6410.0,4935.0,5312.0,2684.936436243259,4813.7,5293.0,2317.272507154436,1100.0,1,0,1,0,0,0,1,0,0,5727
292,0,2013-07-04,-0.433883739117558,-0.9009688679024191,-0.4999999999999998,-0.8660254037844388,-0.04302223300453034,-0.99907411510223,5727.0,4882.0,6615.0,5084.571428571428,5727.0,2710.532780170891,4797.466666666666,5293.0,2307.3452984841247,1100.0,1,0,1,0,0,0,1,0,0,5929
292,0,2013-07-05,-0.9749279121818236,-0.2225209339563146,-0.4999999999999998,-0.8660254037844388,-0.060213277365792774,-0.9981855344718586,5929.0,5312.0,6408.0,5213.428571428572,5929.0,2744.375573006412,4798.733333333334,5293.0,2308.1384637443443,1100.0,1,0,1,0,0,0,1,0,0,6214
292,0,2013-07-06,-0.7818314824680299,0.6234898018587334,-0.4999999999999998,-0.8660254037844388,-0.07738647923346322,-0.9970011699250151,6214.0,3438.0,3005.0,5216.142857142857,5929.0,2742.3355878138736,4715.6,5166.5,2310.1185758490337,1100.0,0,0,1,0,0,0,1,0,0,3457
292,0,2013-07-07,-2.4492935982947064e-16,1.0,-0.4999999999999998,-0.8660254037844388,-0.09453674981719933,-0.9955213724144752,3457.0,0.0,0.0,5216.142857142857,5929.0,2742.3355878138736,4505.6,5044.0,2443.614812470277,1100.0,0,0,1,0,0,0,1,0,0,0
292,0,2013-07-08,0.7818314824680298,0.6234898018587336,-0.4999999999999998,-0.8660254037844388,-0.11165900712169444,-0.9937465804361781,0.0,8530.0,5766.0,4788.285714285715,5727.0,2343.8222141255847,4577.466666666666,5166.5,2441.0416054504763,1100.0,0,0,1,0,0,0,1,0,0,5535
292,0,2013-07-09,0.9749279121818236,-0.22252093395631434,-0.4999999999999998,-0.8660254037844388,-0.12874817745258066,-0.99167731989929,5535.0,6656.0,4290.0,4487.142857142857,5535.0,2194.522987543563,4729.066666666667,5166.5,2283.071357401804,1100.0,0,0,1,0,0,0,1,0,0,4548
292,0,2013-07-10,0.43388373911755823,-0.900968867902419,-0.4999999999999998,-0.8660254037844388,-0.14579919691987442,-0.9893142039703664,4548.0,5727.0,4732.0,4310.428571428572,4548.0,2126.8033020743287,4692.4,5044.0,2277.594338861467,1100.0,0,0,1,0,0,0,1,0,0,4490
292,0,2013-07-11,-0.433883739117558,-0.9009688679024191,-0.4999999999999998,-0.8660254037844388,-0.16280701293851646,-0.9866579328916572,4490.0,5929.0,4882.0,4146.142857142857,4548.0,2022.8120219611258,4683.066666666667,4955.5,2276.613742674269,1100.0,0,0,1,0,0,0,1,0,0,4779
292,0,2013-07-12,-0.9749279121818236,-0.2225209339563146,-0.4999999999999998,-0.8660254037844388,-0.17976658572556214,-0.9837092937736098,4779.0,6214.0,5312.0,3995.5714285714284,4548.0,1877.2223147639174,4687.433333333333,5021.0,2277.425628950879,1100.0,0,0,1,0,0,0,1,0,0,5160
292,0,2013-07-13,-0.7818314824680299,0.6234898018587334,-0.4999999999999998,-0.8660254037844388,-0.19667288979357622,-0.9804691603616321,5160.0,3457.0,3438.0,3880.5714285714284,4548.0,1939.344034903108,4614.8,5021.0,2307.240976607762,1100.0,0,0,1,0,0,0,1,0,0,2652
292,0,2013-07-14,-2.4492935982947064e-16,1.0,-0.4999999999999998,-0.8660254037844388,-0.2135209154397959,-0.9769384927771817,2652.0,0.0,0.0,3880.5714285714284,4548.0,1939.344034903108,4439.0,4830.5,2451.685781745655,1100.0,0,0,1,0,0,0,1,0,0,0
292,0,2013-07-15,0.7818314824680298,0.6234898018587336,-0.4999999999999998,-0.8660254037844388,-0.23030567023061196,-0.973118337233262,0.0,5535.0,8530.0,4274.571428571428,4548.0,2523.624104150141,4600.533333333334,5021.0,2542.0504448904676,1100.0,1,0,1,0,0,0,1,0,0,8293
292,0,2013-07-16,0.9749279121818236,-0.22252093395631434,-0.4999999999999998,-0.8660254037844388,-0.24702218048093527,-0.9690098257244063,8293.0,4548.0,6656.0,4582.857142857143,4779.0,2688.985956860032,4824.066666666667,5236.0,2415.236562031703,1100.0,1,0,1,0,0,0,1,0,0,6706
292,0,2013-07-17,0.43388373911755823,-0.900968867902419,-0.4999999999999998,-0.8660254037844388,-0.2636654927280072,-0.9646141756912435,6706.0,4490.0,5727.0,4803.0,5160.0,2742.660751897687,4740.133333333333,5236.0,2323.329043350978,1100.0,1,0,1,0,0,0,1,0,0,6031
292,0,2013-07-18,-0.433883739117558,-0.9009688679024191,-0.4999999999999998,-0.8660254037844388,-0.2802306751992161,-0.9599326896597445,6031.0,4779.0,5929.0,4958.714285714285,5869.0,2771.857963790453,4714.466666666666,5236.0,2305.8154325954647,1100.0,1,0,1,0,0,0,1,0,0,5869
292,0,2013-07-19,-0.9749279121818236,-0.2225209339563146,-0.4999999999999998,-0.8660254037844388,-0.2967128192734901,-0.9549667548552553,5869.0,5160.0,6214.0,4997.285714285715,5869.0,2776.9995627346716,4681.8,5236.0,2287.8381664492963,1100.0,1,0,1,0,0,0,1,0,0,5430
292,0,2013-07-20,-0.7818314824680299,0.6234898018587334,-0.4999999999999998,-0.8660254037844388,-0.3131070409358267,-0.9497178427914317,5430.0,2652.0,3457.0,4958.857142857143,5869.0,2816.4441783077814,4540.733333333334,5021.0,2294.9879863457395,1100.0,0,0,1,0,0,0,1,0,0,2383
292,0,2013-07-21,-2.4492935982947064e-16,1.0,-0.4999999999999998,-0.8660254037844388,-0.3294084822245302,-0.9441875088341994,2383.0,0.0,0.0,4958.857142857143,5869.0,2816.4441783077814,4327.133333333333,4830.5,2410.501103052247,1100.0,0,0,1,0,0,0,1,0,0,0
292,0,2013-07-22,0.7818314824680298,0.6234898018587336,-0.4999999999999998,-0.8660254037844388,-0.3456123126707333,-0.9383773917408642,0.0,8293.0,5535.0,4442.0,5430.0,2404.4481002231364,4382.8,4830.5,2398.1671363341443,1100.0,0,0,1,0,0,0,1,0,0,4675
292,0,2013-07-23,0.9749279121818236,-0.22252093395631434,-0.4999999999999998,-0.8660254037844388,-0.3617137307297674,-0.9322892131745134,4675.0,6706.0,4548.0,4108.142857142857,4675.0,2190.4197792943232,4528.433333333333,4830.5,2250.976380999165,1100.0,0,0,1,0,0,0,1,0,0,4369
292,0,2013-07-24,0.43388373911755823,-0.900968867902419,-0.4999999999999998,-0.8660254037844388,-0.37770796520396466,-0.9259247771938499,4369.0,6031.0,4490.0,3823.8571428571427,4369.0,2021.922882519787,4470.933333333333,4755.5,2240.2799845544773,1100.0,0,0,1,0,0,0,1,0,0,4041
292,0,2013-07-25,-0.433883739117558,-0.9009688679024191,-0.4999999999999998,-0.8660254037844388,-0.39359027665646645,-0.9192859697186105,4041.0,5869.0,4779.0,3601.285714285714,4311.0,1836.5259517438224,4471.633333333333,4755.5,2240.2247806450355,1100.0,0,0,1,0,0,0,1,0,0,4311
292,0,2013-07-26,-0.9749279121818236,-0.2225209339563146,-0.4999999999999998,-0.8660254037844388,-0.4093559588156211,-0.9123747579707274,4311.0,5430.0,5160.0,3435.714285714286,4271.0,1690.6305248127255,4456.266666666666,4727.0,2239.958311393678,1100.0,0,0,1,0,0,0,1,0,0,4271
292,0,2013-07-27,-0.7818314824680299,0.6234898018587334,-0.4999999999999998,-0.8660254037844388,-0.42500033996955394,-0.9051931898913975,4271.0,2383.0,2652.0,3449.5714285714284,4271.0,1680.933654961115,4376.2,4611.5,2266.982232259291,1100.0,0,0,1,0,0,0,1,0,0,2480
292,0,2013-07-28,-2.4492935982947064e-16,1.0,-0.4999999999999998,-0.8660254037844388,-0.4405187843504952,-0.8977433935342336,2480.0,0.0,0.0,3449.5714285714284,4271.0,1680.933654961115,4199.133333333333,4519.0,2395.195416883031,1100.0,0,0,1,0,0,0,1,0,0,0
292,0,2013-07-29,0.7818314824680298,0.6234898018587336,-0.4999999999999998,-0.8660254037844388,-0.455906693508459,-0.8900275764346766,0.0,4675.0,8293.0,3841.8571428571427,4271.0,2241.5240669814643,4331.9,4611.5,2461.0354051734503,1100.0,1,0,1,0,0,0,1,0,0,7421
292,0,2013-07-30,0.9749279121818236,-0.22252093395631434,-0.4999999999999998,-0.8660254037844388,-0.47115950767386394,-0.8820480249558535,7421.0,4369.0,6706.0,4205.571428571428,4271.0,2529.3902992053772,4562.4,4727.0,2363.2043062552707,1100.0,1,0,1,0,0,0,1,0,0,6915
292,0,2013-07-31,0.43388373911755823,-0.900968867902419,-0.4999999999999998,-0.8660254037844388,-0.4862727071086902,-0.8738071036110807,6915.0,4041.0,6031.0,4600.142857142857,4311.0,2708.524717047479,4504.833333333333,4727.0,2282.8923288358296,1100.0,1,0,1,0,0,0,1,0,0,6803
292,0,2013-08-01,-0.433883739117558,-0.9009688679024191,-0.8660254037844384,-0.5000000000000004,-0.5012418134457756,-0.8653072543632061,6803.0,4311.0,5869.0,4841.428571428572,6000.0,2753.3343940964146,4482.966666666666,4727.0,2264.6457054613143,1100.0,1,0,1,0,0,0,1,0,0,6000
292,0,2013-08-02,-0.9749279121818236,-0.2225209339563146,-0.8660254037844384,-0.5000000000000004,-0.5160623910158526,-0.8565509959010037,6000.0,4271.0,5430.0,5017.428571428572,6000.0,2750.1684104276724,4475.5,4727.0,2260.768571632834,1100.0,1,0,1,0,0,0,1,0,0,5503
292,0,2013-08-03,-0.7818314824680299,0.6234898018587334,-0.8660254037844384,-0.5000000000000004,-0.5307300481619331,-0.8475409228928312,5503.0,2480.0,2383.0,5126.571428571428,6000.0,2645.8671456407137,4386.0,4611.5,2254.381052758049,1100.0,0,0,1,0,0,0,1,0,0,3244
292,0,2013-08-04,-2.4492935982947064e-16,1.0,-0.8660254037844384,-0.5000000000000004,-0.5452404385406507,-0.8382797052177745,3244.0,0.0,0.0,5126.571428571428,6000.0,2645.8671456407137,4178.866666666667,4519.0,2363.465234067064,1100.0,0,0,1,0,0,0,1,0,0,0
292,0,2013-08-05,0.7818314824680298,0.6234898018587336,-0.8660254037844384,-0.5000000000000004,-0.5595892624101763,-0.828770087174504,0.0,7421.0,4675.0,4951.142857142857,6000.0,2505.3648722006797,4270.066666666667,4611.5,2387.316975231796,1100.0,0,0,1,0,0,0,1,0,0,6193
292,0,2013-08-06,0.9749279121818236,-0.22252093395631434,-0.8660254037844384,-0.5000000000000004,-0.5737722679043243,-0.8190148866680802,6193.0,6915.0,4369.0,4703.714285714285,5503.0,2360.423529389423,4442.833333333333,4727.0,2251.3116189783973,1100.0,0,0,1,0,0,0,1,0,0,5183
292,0,2013-08-07,0.43388373911755823,-0.900968867902419,-0.8660254037844384,-0.5000000000000004,-0.5877852522924734,-0.8090169943749472,5183.0,6803.0,4041.0,4425.285714285715,5183.0,2179.5459553376145,4420.133333333333,4727.0,2243.338702321462,1100.0,0,0,1,0,0,0,1,0,0,4854
292,0,2013-08-08,-0.433883739117558,-0.9009688679024191,-0.8660254037844384,-0.5000000000000004,-0.6016240632249227,-0.7987793728863648,4854.0,6000.0,4311.0,4244.571428571428,4854.0,2077.2625301216985,4426.366666666667,4757.0,2243.9659546764815,1100.0,0,0,1,0,0,0,1,0,0,4735
292,0,2013-08-09,-0.9749279121818236,-0.2225209339563146,-0.8660254037844384,-0.5000000000000004,-0.6152845999633277,-0.7883050558305253,4735.0,5503.0,4271.0,4160.714285714285,4854.0,2029.2883575517847,4440.566666666667,4816.5,2245.7297052840995,1100.0,0,0,1,0,0,0,1,0,0,4916
292,0,2013-08-10,-0.7818314824680299,0.6234898018587334,-0.8660254037844384,-0.5000000000000004,-0.6287628145958345,-0.7775971469736268,4916.0,3244.0,2480.0,4141.428571428572,4854.0,2040.0654284558948,4384.9,4794.5,2257.7172229091702,1100.0,0,0,1,0,0,0,1,0,0,3109
292,0,2013-08-11,-2.4492935982947064e-16,1.0,-0.8660254037844384,-0.5000000000000004,-0.6420547132365636,-0.7666588193001592,3109.0,0.0,0.0,4141.428571428572,4854.0,2040.0654284558948,4212.9,4705.0,2389.3468498661978,1100.0,0,0,1,0,0,0,1,0,0,0
292,0,2013-08-12,0.7818314824680298,0.6234898018587336,-0.8660254037844384,-0.5000000000000004,-0.655156357209085,-0.7554933140726804,0.0,6193.0,7421.0,4523.571428571428,4854.0,2648.285662911185,4420.1,4794.5,2515.510263586079,1100.0,1,0,1,0,0,0,1,0,0,8868
292,0,2013-08-13,0.9749279121818236,-0.22252093395631434,-0.8660254037844384,-0.5000000000000004,-0.6680638642135333,-0.7441039398713608,8868.0,5183.0,6915.0,4883.285714285715,4854.0,2910.7830397956304,4676.8,4885.0,2440.7187946346394,1100.0,1,0,1,0,0,0,1,0,0,7701
292,0,2013-08-14,0.43388373911755823,-0.900968867902419,-0.8660254037844384,-0.5000000000000004,-0.6807734094770159,-0.7324940716135792,7701.0,4854.0,6803.0,5131.142857142857,4916.0,2980.8980430160855,4620.0,4885.0,2372.5365300047342,1100.0,1,0,1,0,0,0,1,0,0,6589
292,0,2013-08-15,-0.433883739117558,-0.9009688679024191,-0.8660254037844384,-0.5000000000000004,-0.6932812268869771,-0.7206671495538615,6589.0,4735.0,6000.0,5357.714285714285,6321.0,3005.9387726236027,4607.166666666667,4885.0,2361.8813524367633,1100.0,1,0,1,0,0,0,1,0,0,6321
292,0,2013-08-16,-0.9749279121818236,-0.2225209339563146,-0.8660254037844384,-0.5000000000000004,-0.7055836101071774,-0.7086266782644601,6321.0,4916.0,5503.0,5487.428571428572,6321.0,3003.29090927174,4600.266666666666,4885.0,2357.8773027264697,1100.0,1,0,1,0,0,0,1,0,0,5824
292,0,2013-08-17,-0.7818314824680299,0.6234898018587334,-0.8660254037844384,-0.5000000000000004,-0.7176769136759615,-0.6963762255968726,5824.0,3109.0,3244.0,5406.0,6321.0,3085.1372740933243,4489.266666666666,4794.5,2374.4144967336388,1100.0,0,0,1,0,0,0,1,0,0,2539
292,0,2013-08-18,-2.4492935982947064e-16,1.0,-0.8660254037844384,-0.5000000000000004,-0.7295575540864876,-0.6839194216246105,2539.0,0.0,0.0,5406.0,6321.0,3085.1372740933243,4308.266666666666,4705.0,2503.6744573737524,1100.0,0,0,1,0,0,0,1,0,0,0
292,0,2013-08-19,0.7818314824680298,0.6234898018587336,-0.8660254037844384,-0.5000000000000004,-0.7412220108485957,-0.6712599575675315,0.0,8868.0,6193.0,4897.571428571428,5824.0,2687.095697163439,4405.8,4794.5,2482.9947213409264,1100.0,0,0,1,0,0,0,1,0,0,5309
292,0,2013-08-20,0.9749279121818236,-0.22252093395631434,-0.8660254037844384,-0.5000000000000004,-0.7526668275320083,-0.6584015846980489,5309.0,7701.0,5183.0,4474.571428571428,5309.0,2388.723986925712,4563.8,4797.0,2339.6456908302803,1100.0,0,0,1,0,0,0,1,0,0,4740
292,0,2013-08-21,0.43388373911755823,-0.900968867902419,-0.8660254037844384,-0.5000000000000004,-0.7638886127905429,-0.64534811322955,4740.0,6589.0,4854.0,4178.714285714285,4740.0,2204.3279939160334,4558.566666666667,4797.0,2339.563968855698,1100.0,0,0,1,0,0,0,1,0,0,4518
292,0,2013-08-22,-0.433883739117558,-0.9009688679024191,-0.8660254037844384,-0.5000000000000004,-0.7748840413670406,-0.6321034111873488,4518.0,6321.0,4735.0,3925.8571428571427,4551.0,2010.639320263695,4564.633333333333,4797.0,2339.291411773106,1100.0,0,0,1,0,0,0,1,0,0,4551
292,0,2013-08-23,-0.9749279121818236,-0.2225209339563146,-0.8660254037844384,-0.5000000000000004,-0.7856498550787144,-0.6186714032625032,4551.0,5824.0,4916.0,3693.285714285714,4518.0,1841.5314020569622,4569.8,4797.0,2338.2659563784932,1100.0,0,0,1,0,0,0,1,0,0,4196
292,0,2013-08-24,-0.7818314824680299,0.6234898018587334,-0.8660254037844384,-0.5000000000000004,-0.7961828637826154,-0.6050560696488494,4196.0,2539.0,3109.0,3812.4285714285716,4518.0,1780.3683941947509,4538.533333333334,4797.0,2348.096569319623,1100.0,0,0,1,0,0,0,1,0,0,3373
292,0,2013-08-25,-2.4492935982947064e-16,1.0,-0.8660254037844384,-0.5000000000000004,-0.8064799463209447,-0.5912614448635782,3373.0,0.0,0.0,3812.4285714285716,4518.0,1780.3683941947509,4396.166666666667,4797.0,2490.061833927346,1100.0,0,0,1,0,0,0,1,0,0,0
292,0,2013-08-26,0.7818314824680298,0.6234898018587336,-0.8660254037844384,-0.5000000000000004,-0.8165380514459157,-0.5772916165517278,0.0,5309.0,8868.0,4266.0,4518.0,2488.7089691913184,4596.3,4885.0,2570.716499478242,1100.0,1,0,1,0,0,0,1,0,0,8484
292,0,2013-08-27,0.9749279121818236,-0.22252093395631434,-0.8660254037844384,-0.5000000000000004,-0.8263541987239095,-0.5631507242749187,8484.0,4740.0,7701.0,4477.142857142857,4518.0,2596.0095292950023,4803.566666666667,5049.5,2434.4090082687912,1100.0,1,0,1,0,0,0,1,0,0,6218
292,0,2013-08-28,0.43388373911755823,-0.900968867902419,-0.8660254037844384,-0.5000000000000004,-0.8359254794186365,-0.5488429582847199,6218.0,4518.0,6589.0,4686.428571428572,4551.0,2658.1611975914734,4755.633333333333,5049.5,2394.93176755923,1100.0,1,0,1,0,0,0,1,0,0,5983
292,0,2013-08-29,-0.433883739117558,-0.9009688679024191,-0.8660254037844384,-0.5000000000000004,-0.8452490573530634,-0.5343725582809785,5983.0,4551.0,6321.0,4897.0,5983.0,2703.638782579258,4725.966666666666,5049.5,2372.6696078080704,1100.0,1,0,1,0,0,0,1,0,0,6025
292,0,2013-08-30,-0.9749279121818236,-0.2225209339563146,-0.8660254037844384,-0.5000000000000004,-0.8543221697498269,-0.5197438121555157,6025.0,4196.0,5824.0,5147.285714285715,5983.0,2709.018131739843,4697.466666666666,5049.5,2351.9045947887676,1100.0,1,0,1,0,0,0,1,0,0,5948
292,0,2013-08-31,-0.7818314824680299,0.6234898018587334,-0.8660254037844384,-0.5000000000000004,-0.8631421280499115,-0.5049610547215202,5948.0,3373.0,2539.0,5089.714285714285,5983.0,2756.868919280572,4596.466666666666,4885.0,2359.0889494176304,1100.0,0,0,1,0,0,0,1,0,0,2970
292,0,2013-09-01,-2.4492935982947064e-16,1.0,-1.0,-1.8369701987210297e-16,-0.8717063187093218,-0.4900286664290594,2970.0,0.0,0.0,5089.714285714285,5983.0,2756.868919280572,4413.033333333334,4797.0,2496.1348670920515,1100.0,0,0,1,0,0,0,1,0,0,0
292,0,2013-09-02,0.7818314824680298,0.6234898018587336,-1.0,-1.8369701987210297e-16,-0.8800122039735356,-0.4749510720670502,0.0,8484.0,5309.0,4684.428571428572,5948.0,2353.7754677073467,4493.133333333333,4885.0,2495.883116921412,1100.0,0,0,1,0,0,0,1,0,0,5647
292,0,2013-09-03,0.9749279121818236,-0.22252093395631434,-1.0,-1.8369701987210297e-16,-0.888057322629493,-0.4597327394521046,5647.0,6218.0,4740.0,4522.571428571428,5647.0,2268.141152070186,4662.633333333333,5000.5,2348.5409628156367,1100.0,0,0,1,0,0,0,1,0,0,5085
292,0,2013-09-04,0.43388373911755823,-0.900968867902419,-1.0,-1.8369701987210297e-16,-0.8958392907349089,-0.44437817810461344,5085.0,5983.0,4518.0,4426.285714285715,5309.0,2209.3553897223555,4633.166666666667,5000.5,2334.1794258269933,1100.0,0,0,1,0,0,0,1,0,0,5309
292,0,2013-09-05,-0.433883739117558,-0.9009688679024191,-1.0,-1.8369701987210297e-16,-0.9033558023246842,-0.4288919379124841,5309.0,6025.0,4551.0,4229.571428571428,5085.0,2101.9792939943377,4615.333333333333,4885.0,2331.8763842160192,1100.0,0,0,1,0,0,0,1,0,0,4648
292,0,2013-09-06,-0.9749279121818236,-0.2225209339563146,-1.0,-1.8369701987210297e-16,-0.9106046300942162,-0.41327860778290443,4648.0,5948.0,4196.0,4027.5714285714284,4648.0,1973.3201173946072,4604.666666666667,4828.0,2331.4788607578944,1100.0,0,0,1,0,0,0,1,0,0,4534
292,0,2013-09-07,-0.7818314824680299,0.6234898018587334,-1.0,-1.8369701987210297e-16,-0.9175836260593934,-0.3975428142825566,4534.0,2970.0,3373.0,4017.8571428571427,4648.0,1979.5515846247747,4543.566666666667,4828.0,2351.874581504389,1100.0,0,0,1,0,0,0,1,0,0,2902
292,0,2013-09-08,-2.4492935982947064e-16,1.0,-1.0,-1.8369701987210297e-16,-0.9242907221930934,-0.3816892202666586,2902.0,0.0,0.0,4017.8571428571427,4648.0,1979.5515846247745,4379.7,4694.0,2492.1105188034985,1100.0,0,0,1,0,0,0,1,0,0,0
292,0,2013-09-09,0.7818314824680298,0.6234898018587336,-1.0,-1.8369701987210297e-16,-0.9307239310379793,-0.3657225234972692,0.0,5647.0,8484.0,4292.428571428572,4648.0,2343.093742408585,4528.366666666667,4912.5,2546.137933844301,1100.0,1,0,1,0,0,0,1,0,0,7569
292,0,2013-09-10,0.9749279121818236,-0.22252093395631434,-1.0,-1.8369701987210297e-16,-0.9368813462954315,-0.34964745525122826,7569.0,5085.0,6218.0,4488.714285714285,4648.0,2474.4257053766146,4743.666666666667,5197.0,2419.9768498940225,1100.0,1,0,1,0,0,0,1,0,0,6459
292,0,2013-09-11,0.43388373911755823,-0.900968867902419,-1.0,-1.8369701987210297e-16,-0.9427611433904206,-0.33346877891818705,6459.0,5309.0,5983.0,4561.0,4648.0,2509.524656184909,4641.9,5197.0,2301.867957356255,1100.0,1,0,1,0,0,0,1,0,0,5815
292,0,2013-09-12,-0.433883739117558,-0.9009688679024191,-1.0,-1.8369701987210297e-16,-0.9483615800121716,-0.31719128858910595,5815.0,4648.0,6025.0,4770.0,5815.0,2577.965864785643,4588.9,5197.0,2246.646379645097,1100.0,1,0,1,0,0,0,1,0,0,6111
292,0,2013-09-13,-0.9749279121818236,-0.2225209339563146,-1.0,-1.8369701987210297e-16,-0.9536809966304455,-0.300819807635668,6111.0,4534.0,5948.0,4967.857142857143,5919.0,2609.7867364065983,4566.566666666667,5197.0,2229.341803024528,1100.0,1,0,1,0,0,0,1,0,0,5919
292,0,2013-09-14,-0.7818314824680299,0.6234898018587334,-1.0,-1.8369701987210297e-16,-0.9587178169872964,-0.2843591872810036,5919.0,2902.0,2970.0,4942.0,5919.0,2634.4462416227043,4446.566666666667,4912.5,2228.537957145175,1100.0,0,0,1,0,0,0,1,0,0,2721
292,0,2013-09-15,-2.4492935982947064e-16,1.0,-1.0,-1.8369701987210297e-16,-0.9634705485641486,-0.26781430516217486,2721.0,0.0,0.0,4942.0,5919.0,2634.4462416227043,4252.433333333333,4694.0,2354.5192156322737,1100.0,0,0,1,0,0,0,1,0,0,0
292,0,2013-09-16,0.7818314824680298,0.6234898018587336,-1.0,-1.8369701987210297e-16,-0.9679377830240642,-0.25119006388481957,0.0,7569.0,5647.0,4591.571428571428,5815.0,2377.3720685624576,4338.333333333333,4912.5,2336.7940805113003,1100.0,0,0,1,0,0,0,1,0,0,5116
292,0,2013-09-17,0.9749279121818236,-0.22252093395631434,-1.0,-1.8369701987210297e-16,-0.9721181966290612,-0.23449138957041052,5116.0,6459.0,5085.0,4317.285714285715,5116.0,2232.3468005879417,4489.633333333333,4912.5,2188.4490726718245,1100.0,0,0,1,0,0,0,1,0,0,4539
292,0,2013-09-18,0.43388373911755823,-0.900968867902419,-1.0,-1.8369701987210297e-16,-0.9760105506323682,-0.21772323039653224,4539.0,5815.0,5309.0,4017.0,4539.0,2136.6268587035293,4436.433333333333,4694.0,2187.242488225496,1100.0,0,0,1,0,0,0,1,0,0,3713
292,0,2013-09-19,-0.433883739117558,-0.9009688679024191,-1.0,-1.8369701987210297e-16,-0.9796136916454901,-0.20089055513063528,3713.0,6111.0,4648.0,3736.4285714285716,4147.0,1935.2892856231058,4416.666666666667,4599.5,2187.084018904426,1100.0,0,0,1,0,0,0,1,0,0,4147
292,0,2013-09-20,-0.9749279121818236,-0.2225209339563146,-1.0,-1.8369701987210297e-16,-0.9829265519799822,-0.18399835165767986,4147.0,5919.0,4534.0,3494.285714285714,4147.0,1709.5683387223435,4406.866666666667,4599.5,2187.272979090054,1100.0,0,0,1,0,0,0,1,0,0,4224
292,0,2013-09-21,-0.7818314824680299,0.6234898018587334,-1.0,-1.8369701987210297e-16,-0.9859481499638303,-0.1670516255021195,4224.0,2721.0,2902.0,3561.1428571428573,4147.0,1683.235122076071,4361.466666666666,4593.5,2198.2855346733354,1100.0,0,0,1,0,0,0,1,0,0,3189
292,0,2013-09-22,-2.4492935982947064e-16,1.0,-1.0,-1.8369701987210297e-16,-0.9886775902323404,-0.15005539834465262,3189.0,0.0,0.0,3561.1428571428573,4147.0,1683.235122076071,4221.6,4593.5,2338.2092411014937,1100.0,0,0,1,0,0,0,1,0,0,0
292,0,2013-09-23,0.7818314824680298,0.6234898018587336,-1.0,-1.8369701987210297e-16,-0.9911140639934546,-0.13301470653419636,0.0,5116.0,7569.0,3978.285714285714,4147.0,2358.9683984237436,4377.033333333334,4866.5,2432.922118221901,1100.0,1,0,1,0,0,0,1,0,0,8036
292,0,2013-09-24,0.9749279121818236,-0.22252093395631434,-1.0,-1.8369701987210297e-16,-0.9932568492674143,-0.11593459959550066,8036.0,4539.0,6459.0,4110.714285714285,4147.0,2420.8993999672693,4559.233333333334,5100.5,2294.5641413677204,1100.0,1,0,1,0,0,0,1,0,0,5466
292,0,2013-09-25,0.43388373911755823,-0.900968867902419,-1.0,-1.8369701987210297e-16,-0.9951053111006974,-0.09882013873287211,5466.0,3713.0,5815.0,4468.0,4224.0,2534.3173308276373,4483.566666666667,5100.5,2195.987008995766,1100.0,1,0,1,0,0,0,1,0,0,6214
292,0,2013-09-26,-0.433883739117558,-0.9009688679024191,-1.0,-1.8369701987210297e-16,-0.99665890175417,-0.08167639533042288,6214.0,4147.0,6111.0,4663.857142857143,5466.0,2558.239135849201,4460.233333333334,5100.5,2180.587309108188,1100.0,1,0,1,0,0,0,1,0,0,5518
292,0,2013-09-27,-0.9749279121818236,-0.2225209339563146,-1.0,-1.8369701987210297e-16,-0.9979171608653922,-0.06450844944931625,5518.0,4224.0,5919.0,4980.285714285715,5518.0,2630.725293797999,4475.433333333333,5100.5,2193.121200219127,1100.0,1,0,1,0,0,0,1,0,0,6439
292,0,2013-09-28,-0.7818314824680299,0.6234898018587334,-1.0,-1.8369701987210297e-16,-0.9988797155850335,-0.04732138832243232,6439.0,3189.0,2721.0,4969.0,5518.0,2639.8442504562013,4378.266666666666,4866.5,2186.665291911541,1100.0,0,0,1,0,0,0,1,0,0,3110
292,0,2013-09-29,-2.4492935982947064e-16,1.0,-1.0,-1.8369701987210297e-16,-0.9995462806873573,-0.03012030484690836,3110.0,0.0,0.0,4969.0,5518.0,2639.8442504562013,4180.0,4593.5,2305.8360291016916,1100.0,0,0,1,0,0,0,1,0,0,0
292,0,2013-09-30,0.7818314824680298,0.6234898018587336,-1.0,-1.8369701987210297e-16,-0.9999166586547379,-0.012910296075008843,0.0,8036.0,5116.0,4657.0,5518.0,2327.5329571601465,4276.066666666667,4866.5,2313.7082779387524,1100.0,0,0,1,0,0,0,1,0,0,5852
292,0,2013-10-01,0.9749279121818236,-0.22252093395631434,-0.8660254037844386,0.5000000000000001,-0.9999907397361901,0.004303538296243821,5852.0,5466.0,4539.0,4631.142857142857,5518.0,2318.0336802680695,4452.233333333334,5100.5,2173.8753998385,1100.0,0,0,1,0,0,0,1,0,0,5285
292,0,2013-10-02,0.43388373911755823,-0.900968867902419,-0.8660254037844386,0.5000000000000001,-0.9997685019798909,0.021516097436222233,5285.0,6214.0,3713.0,4429.0,5285.0,2216.4682116676786,4423.966666666666,4942.0,2163.291736401177,1100.0,0,0,1,0,0,0,1,0,0,4799
292,0,2013-10-03,-0.433883739117558,-0.9009688679024191,-0.8660254037844386,0.5000000000000001,-0.9992500112396835,0.03872228089217399,4799.0,5518.0,4147.0,3640.714285714286,4799.0,2694.338119977125,4254.466666666666,4723.5,2304.3266012129184,1100.0,0,0,1,0,0,0,1,0,0,0
292,0,2013-10-04,-0.9749279121818236,-0.2225209339563146,-0.8660254037844386,0.5000000000000001,-0.9984354211555643,0.05591699010060302,0.0,6439.0,4224.0,3492.8571428571427,4799.0,2539.110371013918,4257.633333333333,4723.5,2305.8904852323467,1100.0,0,0,1,0,0,0,1,0,0,5404
292,0,2013-10-05,-0.7818314824680299,0.6234898018587334,-0.8660254037844386,0.5000000000000001,-0.9973249731081555,0.07309512989807776,5404.0,3110.0,3189.0,3487.4285714285716,4799.0,2540.10576270246,4205.1,4669.0,2314.626243009354,1100.0,0,0,1,0,0,0,1,0,0,3072
292,0,2013-10-06,-2.4492935982947064e-16,1.0,-0.8660254037844386,0.5000000000000001,-0.9959189961471792,0.0902516100310407,3072.0,0.0,0.0,3487.4285714285716,4799.0,2540.10576270246,4053.9666666666667,4669.0,2437.188862311397,1100.0,0,0,1,0,0,0,1,0,0,0
292,0,2013-10-07,0.7818314824680298,0.6234898018587336,-0.8660254037844386,0.5000000000000001,-0.994217906893952,0.10738134666416306,0.0,5852.0,8036.0,3853.714285714286,4799.0,3067.9332193017517,4237.766666666666,4957.5,2552.5081064187325,1100.0,1,0,1,0,0,0,1,0,0,8416
292,0,2013-10-08,0.9749279121818236,-0.22252093395631434,-0.8660254037844386,0.5000000000000001,-0.9922222094179324,0.12447926388678869,8416.0,5285.0,5466.0,4058.714285714286,4799.0,3223.5106490846097,4461.766666666666,5200.5,2461.0144205511942,1100.0,1,0,1,0,0,0,1,0,0,6720
292,0,2013-10-09,0.43388373911755823,-0.900968867902419,-0.8660254037844386,0.5000000000000001,-0.989932495087353,0.141540295217043,6720.0,4799.0,6214.0,4178.714285714285,5404.0,3270.9480131548844,4397.433333333333,5200.5,2401.4936685800144,1100.0,1,0,1,0,0,0,1,0,0,5639
292,0,2013-10-10,-0.433883739117558,-0.9009688679024191,-0.8660254037844386,0.5000000000000001,-0.9873494423939864,0.15855938510313475,5639.0,0.0,5518.0,4918.285714285715,5404.0,2704.9573449677973,4354.7,5146.5,2374.8021064559457,1100.0,1,0,1,0,0,0,1,0,0,5177
292,0,2013-10-11,-0.9749279121818236,-0.2225209339563146,-0.8660254037844386,0.5000000000000001,-0.9844738167520923,0.17553149042142777,5177.0,5404.0,6439.0,5024.0,5639.0,2741.319451164591,4365.666666666667,5146.5,2382.525295061777,1100.0,1,0,1,0,0,0,1,0,0,6144
292,0,2013-10-12,-0.7818314824680299,0.6234898018587334,-0.8660254037844386,0.5000000000000001,-0.9813064702716093,0.19245158197082995,6144.0,3072.0,3110.0,4966.571428571428,5639.0,2792.756097307393,4250.966666666666,4957.5,2378.4288567112517,1100.0,0,0,1,0,0,0,1,0,0,2670
292,0,2013-10-13,-2.4492935982947064e-16,1.0,-0.8660254037844386,0.5000000000000001,-0.9778483415056568,0.20931464596304888,2670.0,0.0,0.0,4966.571428571428,5639.0,2792.756097307393,4053.6666666666665,4669.0,2478.67702940338,1100.0,0,0,1,0,0,0,1,0,0,0
292,0,2013-10-14,0.7818314824680298,0.6234898018587336,-0.8660254037844386,0.5000000000000001,-0.9741004551724206,0.22611568550828803,0.0,8416.0,5852.0,4538.142857142857,5417.0,2374.0398359878322,4143.533333333334,4957.5,2477.5666000072074,1100.0,0,0,1,0,0,0,1,0,0,5417
292,0,2013-10-15,0.9749279121818236,-0.22252093395631434,-0.8660254037844386,0.5000000000000001,-0.970063921851507,0.2428497220959358,5417.0,6720.0,5285.0,4240.571428571428,5177.0,2177.376927799656,4298.1,4957.5,2351.5927595773387,1100.0,0,0,1,0,0,0,1,0,0,4637
292,0,2013-10-16,0.43388373911755823,-0.900968867902419,-0.8660254037844386,0.5000000000000001,-0.965739937654855,0.25951179706979943,4637.0,5639.0,4799.0,4158.142857142857,5062.0,2125.927360672778,4296.3,4930.5,2350.9657025322103,1100.0,0,0,1,0,0,0,1,0,0,5062
292,0,2013-10-17,-0.433883739117558,-0.9009688679024191,-0.8660254037844386,0.5000000000000001,-0.9611297838723007,0.27609697309746883,5062.0,5177.0,0.0,4101.857142857143,4783.0,2099.507992250515,4304.433333333333,4930.5,2352.2560071107305,1100.0,0,0,1,0,0,0,1,0,0,4783
292,0,2013-10-18,-0.9749279121818236,-0.2225209339563146,-0.8660254037844386,0.5000000000000001,-0.9562348265919058,0.2926003356333479,4783.0,6144.0,5404.0,3984.8571428571427,4783.0,1986.5175079832009,4358.166666666667,5119.5,2356.6873753337504,1100.0,0,0,1,0,0,0,1,0,0,5325
292,0,2013-10-19,-0.7818314824680299,0.6234898018587334,-0.8660254037844386,0.5000000000000001,-0.9510565162951536,0.30901699437494723,5325.0,2670.0,3072.0,4005.285714285714,4783.0,1971.4203605764083,4313.7,5119.5,2373.3354696974784,1100.0,0,0,1,0,0,0,1,0,0,2813
292,0,2013-10-20,-2.4492935982947064e-16,1.0,-0.8660254037844386,0.5000000000000001,-0.9455963874271428,0.3253420847119795,2813.0,0.0,0.0,4005.285714285714,4783.0,1971.420360576408,4172.9,5119.5,2500.7180947990087,1100.0,0,0,1,0,0,0,1,0,0,0
292,0,2013-10-21,0.7818314824680298,0.6234898018587336,-0.8660254037844386,0.5000000000000001,-0.9398560579418953,0.341570769167856,0.0,5417.0,8416.0,4482.0,4783.0,2654.72986698584,4358.4,5231.0,2628.3615533583707,1100.0,1,0,1,0,0,0,1,0,0,8754
292,0,2013-10-22,0.9749279121818236,-0.22252093395631434,-0.8660254037844386,0.5000000000000001,-0.9338372288229252,0.35769823883312546,8754.0,4637.0,6720.0,4844.571428571428,5062.0,2845.861372656959,4597.566666666667,5305.0,2543.157237919359,1100.0,1,0,1,0,0,0,1,0,0,7175
292,0,2013-10-23,0.43388373911755823,-0.900968867902419,-0.8660254037844386,0.5000000000000001,-0.9275416835791965,0.3737197147904692,7175.0,5062.0,5639.0,5009.285714285715,5325.0,2893.5112875930818,4536.866666666667,5305.0,2479.186083532582,1100.0,1,0,1,0,0,0,1,0,0,6215
292,0,2013-10-24,-0.433883739117558,-0.9009688679024191,-0.8660254037844386,0.5000000000000001,-0.9209712877166346,0.38963044953078774,6215.0,4783.0,5177.0,5253.0,6215.0,2942.703348963332,4570.966666666666,5305.0,2499.3598971341266,1100.0,1,0,1,0,0,0,1,0,0,6489
292,0,2013-10-25,-0.9749279121818236,-0.2225209339563146,-0.8660254037844386,0.5000000000000001,-0.9141279881853337,0.4054257283599973,6489.0,5325.0,6144.0,5338.857142857143,6215.0,2953.900327170359,4561.366666666667,5305.0,2493.377358929651,1100.0,1,0,1,0,0,0,1,0,0,5926
292,0,2013-10-26,-0.7818314824680299,0.6234898018587334,-0.8660254037844386,0.5000000000000001,-0.9070138128026362,0.42110087079608916,5926.0,2813.0,2670.0,5377.142857142857,6215.0,2917.215191957989,4480.133333333333,5231.0,2500.82304704745,1100.0,0,0,1,0,0,0,1,0,0,3081
292,0,2013-10-27,-2.4492935982947064e-16,1.0,-0.8660254037844386,0.5000000000000001,-0.8996308696522434,0.4366512319560638,3081.0,0.0,0.0,5377.142857142857,6215.0,2917.215191957989,4265.5,5119.5,2601.2051152733325,1100.0,0,0,1,0,0,0,1,0,0,0
292,0,2013-10-28,0.7818314824680298,0.6234898018587336,-0.8660254037844386,0.5000000000000001,-0.8919813464595487,0.45207220393230374,0.0,8754.0,5417.0,4921.714285714285,5926.0,2524.5944700278574,4347.366666666667,5231.0,2602.2326552316636,1100.0,0,0,1,0,0,0,1,0,0,5566
292,0,2013-10-29,0.9749279121818236,-0.22252093395631434,-0.8660254037844386,0.5000000000000001,-0.8840675099433637,0.46735921715800205,5566.0,7175.0,4637.0,4643.142857142857,5566.0,2334.9851840052006,4521.533333333334,5255.0,2472.869695987507,1100.0,0,0,1,0,0,0,1,0,0,5225
292,0,2013-10-30,0.43388373911755823,-0.900968867902419,-0.8660254037844386,0.5000000000000001,-0.8758917051442433,0.48250774176121763,5225.0,6215.0,5062.0,4540.714285714285,5498.0,2269.344230850672,4509.733333333334,5255.0,2467.140043735319,1100.0,0,0,1,0,0,0,1,0,0,5498
292,0,2013-10-31,-0.433883739117558,-0.9009688679024191,-0.8660254037844386,0.5000000000000001,-0.867456354729597,0.4975132889071803,5498.0,6489.0,4783.0,4429.0,5498.0,2174.725423281443,4523.8,5275.0,2472.909028263874,1100.0,0,0,1,0,0,0,1,0,0,5707
292,0,2013-11-01,-0.9749279121818236,-0.2225209339563146,-0.5000000000000004,0.8660254037844384,-0.858763958275803,0.5123714121284235,5707.0,5926.0,5325.0,4440.0,5498.0,2183.7354845920904,4563.933333333333,5364.5,2487.257663584029,1100.0,0,0,1,0,0,0,1,0,0,6003
292,0,2013-11-02,-0.7818314824680299,0.6234898018587334,-0.5000000000000004,0.8660254037844384,-0.8498170915275277,0.5270777086423724,6003.0,3081.0,2813.0,4478.285714285715,5498.0,2158.1374465254116,4675.566666666667,5364.5,2346.529244523135,1100.0,0,0,1,0,0,0,1,0,0,3349
292,0,2013-11-03,-2.4492935982947064e-16,1.0,-0.5000000000000004,0.8660254037844384,-0.8406184056344783,0.5416278206559811,3349.0,0.0,0.0,4478.285714285715,5498.0,2158.1374465254116,4495.433333333333,5275.0,2491.6180407356887,1100.0,0,0,1,0,0,0,1,0,0,0
292,0,2013-11-04,0.7818314824680298,0.6234898018587336,-0.5000000000000004,0.8660254037844384,-0.8311706263658079,0.5560174366570446,0.0,5566.0,8754.0,4921.142857142857,5498.0,2674.768365583048,4681.9,5371.0,2588.842256885208,1100.0,1,0,1,0,0,0,1,0,0,8666
292,0,2013-11-05,0.9749279121818236,-0.22252093395631434,-0.5000000000000004,0.8660254037844384,-0.8214765533024145,0.5702422926917867,8666.0,5225.0,7175.0,5313.0,5707.0,2916.6893332452596,4947.5,5457.5,2499.1238982132722,1100.0,1,0,1,0,0,0,1,0,0,7968
292,0,2013-11-06,0.43388373911755823,-0.900968867902419,-0.5000000000000004,0.8660254037844384,-0.8115390590073611,0.5842981736283683,7968.0,5498.0,6215.0,5428.857142857143,6003.0,2941.26647486937,4877.266666666666,5457.5,2426.8483596878386,1100.0,1,0,1,0,0,0,1,0,0,6309
292,0,2013-11-07,-0.433883739117558,-0.9009688679024191,-0.5000000000000004,0.8660254037844384,-0.8013610881746769,0.5981809144059159,6309.0,5707.0,6489.0,5594.142857142857,6309.0,2991.580598310949,4882.066666666667,5457.5,2430.757990667811,1100.0,1,0,1,0,0,0,1,0,0,6864
292,0,2013-11-08,-0.9749279121818236,-0.2225209339563146,-0.5000000000000004,0.8660254037844384,-0.7909456567567774,0.6118864012687242,6864.0,6003.0,5926.0,5720.571428571428,6864.0,3030.19085521814,4923.7,5457.5,2454.747464362295,1100.0,1,0,1,0,0,0,1,0,0,6888
292,0,2013-11-09,-0.7818314824680299,0.6234898018587334,-0.5000000000000004,0.8660254037844384,-0.780295851070776,0.6254105729852457,6888.0,3349.0,3081.0,5751.428571428572,6864.0,3002.9932765571825,4869.966666666666,5457.5,2466.625888681268,1100.0,0,0,1,0,0,0,1,0,0,3565
292,0,2013-11-10,-2.4492935982947064e-16,1.0,-0.5000000000000004,0.8660254037844384,-0.7694148268839381,0.6387494220515268,3565.0,0.0,0.0,5751.428571428572,6864.0,3002.9932765571825,4665.166666666667,5371.0,2608.1978066953793,1100.0,0,0,1,0,0,0,1,0,0,0
292,0,2013-11-11,0.7818314824680298,0.6234898018587336,-0.5000000000000004,0.8660254037844384,-0.7583058084785625,0.6518989958787125,0.0,8666.0,5566.0,5395.0,6309.0,2735.563196126167,4781.866666666667,5457.5,2594.134334826639,1100.0,0,0,1,0,0,0,1,0,0,6171
292,0,2013-11-12,0.9749279121818236,-0.22252093395631434,-0.5000000000000004,0.8660254037844384,-0.7469720876965551,0.6648553979642867,6171.0,7968.0,5225.0,4967.857142857143,6171.0,2489.1845671873766,4947.8,5457.5,2431.84801873121,1100.0,0,0,1,0,0,0,1,0,0,4978
292,0,2013-11-13,0.43388373911755823,-0.900968867902419,-0.5000000000000004,0.8660254037844384,-0.7354170229639858,0.6776147890466887,4978.0,6309.0,5498.0,4844.571428571428,5446.0,2432.4130582025496,4948.766666666666,5472.0,2432.046714094991,1100.0,0,0,1,0,0,0,1,0,0,5446
292,0,2013-11-14,-0.433883739117558,-0.9009688679024191,-0.5000000000000004,0.8660254037844384,-0.7236440382959123,0.690173388242972,5446.0,6864.0,5707.0,4591.0,5089.0,2274.1798521664873,4963.833333333333,5472.0,2431.4487108169374,1100.0,0,0,1,0,0,0,1,0,0,5089
292,0,2013-11-15,-0.9749279121818236,-0.2225209339563146,-0.5000000000000004,0.8660254037844384,-0.7116566222817751,0.7025274741691566,5089.0,6888.0,6003.0,4347.571428571428,5089.0,2069.2994673836515,4967.9,5472.0,2431.7205679702734,1100.0,0,0,1,0,0,0,1,0,0,5184
292,0,2013-11-16,-0.7818314824680299,0.6234898018587334,-0.5000000000000004,0.8660254037844384,-0.6994583270516471,0.7146733860429608,5184.0,3565.0,3349.0,4263.714285714285,5089.0,2117.627817022752,4907.733333333334,5472.0,2458.634298974121,1100.0,0,0,1,0,0,0,1,0,0,2978
292,0,2013-11-17,-2.4492935982947064e-16,1.0,-0.5000000000000004,0.8660254037844384,-0.6870527672236675,0.726607524768565,2978.0,0.0,0.0,4263.714285714285,5089.0,2117.627817022752,4730.233333333334,5472.0,2614.7337397687497,1100.0,0,0,1,0,0,0,1,0,0,0
292,0,2013-11-18,0.7818314824680298,0.6234898018587336,-0.5000000000000004,0.8660254037844384,-0.6744436188329457,0.7383263540031063,0.0,6171.0,8666.0,4535.142857142857,5089.0,2491.587742021232,4905.5,5532.0,2657.659908576563,1100.0,1,0,1,0,0,0,1,0,0,8071
292,0,2013-11-19,0.9749279121818236,-0.22252093395631434,-0.5000000000000004,0.8660254037844384,-0.661634618242279,0.749826401204568,8071.0,4978.0,7968.0,4828.285714285715,5184.0,2666.9182411093707,5139.833333333333,5636.5,2516.3858604853485,1100.0,1,0,1,0,0,0,1,0,0,7030
292,0,2013-11-20,0.43388373911755823,-0.900968867902419,-0.5000000000000004,0.8660254037844384,-0.6486295610349818,0.7611042586607742,7030.0,5446.0,6309.0,4857.571428571428,5184.0,2675.9422550535255,5036.4,5608.5,2424.8133465314922,1100.0,1,0,1,0,0,0,1,0,0,5651
292,0,2013-11-21,-0.433883739117558,-0.9009688679024191,-0.5000000000000004,0.8660254037844384,-0.6354323008901775,0.7721565844991641,5651.0,5089.0,6864.0,5050.142857142857,5651.0,2743.035145513781,5011.8,5608.5,2406.039733670251,1100.0,1,0,1,0,0,0,1,0,0,6437
292,0,2013-11-22,-0.9749279121818236,-0.2225209339563146,-0.5000000000000004,0.8660254037844384,-0.622046748440868,0.7829801036770625,6437.0,5184.0,6888.0,5220.0,6373.0,2789.131406011557,5017.066666666667,5608.5,2408.935462889745,1100.0,1,0,1,0,0,0,1,0,0,6373
292,0,2013-11-23,-0.7818314824680299,0.6234898018587334,-0.5000000000000004,0.8660254037844384,-0.6084768701151264,0.7935716089521472,6373.0,2978.0,3565.0,5260.428571428572,6373.0,2753.034680562698,4909.466666666666,5532.0,2413.010578214428,1100.0,0,0,1,0,0,0,1,0,0,3261
292,0,2013-11-24,-2.4492935982947064e-16,1.0,-0.5000000000000004,0.8660254037844384,-0.594726686960764,0.8039279618328208,3261.0,0.0,0.0,5260.428571428572,6373.0,2753.034680562698,4711.933333333333,5472.0,2564.7136148967575,1100.0,0,0,1,0,0,0,1,0,0,0
292,0,2013-11-25,0.7818314824680298,0.6234898018587336,-0.5000000000000004,0.8660254037844384,-0.5808002734538014,0.8140460935082175,0.0,8071.0,6171.0,4998.428571428572,6237.0,2518.2358810049845,4817.133333333333,5532.0,2560.231640022974,1100.0,0,0,1,0,0,0,1,0,0,6237
292,0,2013-11-26,0.9749279121818236,-0.22252093395631434,-0.5000000000000004,0.8660254037844384,-0.5667017562911184,0.8239230057575536,6237.0,7030.0,4978.0,4811.714285714285,5723.0,2387.5635219672304,5007.9,5608.5,2396.9294920074694,1100.0,0,0,1,0,0,0,1,0,0,5723
292,0,2013-11-27,0.43388373911755823,-0.900968867902419,-0.5000000000000004,0.8660254037844384,-0.5524353131676203,0.8335557718385695,5723.0,5651.0,5446.0,4759.857142857143,5723.0,2370.1751291533574,4998.633333333333,5574.5,2395.234226302427,1100.0,0,0,1,0,0,0,1,0,0,5288
292,0,2013-11-28,-0.433883739117558,-0.9009688679024191,-0.5000000000000004,0.8660254037844384,-0.5380051715382992,0.8429415373547832,5288.0,6437.0,5089.0,4685.428571428572,5723.0,2316.2995529610603,5021.666666666667,5679.0,2400.8020690412313,1100.0,0,0,1,0,0,0,1,0,0,5916
292,0,2013-11-29,-0.9749279121818236,-0.2225209339563146,-0.5000000000000004,0.8660254037844384,-0.5234156073655503,0.8520775211013093,5916.0,6373.0,5184.0,4682.142857142857,5723.0,2313.5213728982776,5050.066666666667,5715.0,2411.645924336288,1100.0,0,0,1,0,0,0,1,0,0,6350
292,0,2013-11-30,-0.7818314824680299,0.6234898018587334,-0.5000000000000004,0.8660254037844384,-0.5086709438521042,0.8609610158889945,6350.0,3261.0,2978.0,4810.714285714285,5723.0,2245.384726818227,4998.533333333334,5687.0,2413.6412145643544,1100.0,0,0,1,0,0,0,1,0,0,4161
292,0,2013-12-01,-2.4492935982947064e-16,1.0,-2.4492935982947064e-16,1.0,-0.4937755501599774,0.8695893893466109,4161.0,0.0,0.0,4810.714285714285,5723.0,2245.384726818227,4798.433333333333,5548.5,2571.189415940353,1100.0,0,0,1,0,0,0,1,0,0,0
292,0,2013-12-02,0.7818314824680298,0.6234898018587336,-2.4492935982947064e-16,1.0,-0.4787338401157883,0.8779600847008883,0.0,6237.0,8071.0,5301.857142857143,5723.0,2892.200743872588,5009.3,5687.0,2704.1828283171853,1100.0,1,0,1,0,0,0,1,0,0,9675
292,0,2013-12-03,0.9749279121818236,-0.22252093395631434,-2.4492935982947064e-16,1.0,-0.4635502709028512,0.8860706215341377,9675.0,5723.0,7030.0,5735.285714285715,5916.0,3178.9563127063043,5301.2,5819.5,2616.008665492346,1100.0,1,0,1,0,0,0,1,0,0,8757
292,0,2013-12-04,0.43388373911755823,-0.900968867902419,-2.4492935982947064e-16,1.0,-0.4482293417404106,0.893918596519257,8757.0,5288.0,5651.0,6112.285714285715,6350.0,3272.1864104543224,5276.566666666667,5819.5,2586.5453019134593,1100.0,1,0,1,0,0,0,1,0,0,7927
292,0,2013-12-05,-0.433883739117558,-0.9009688679024191,-2.4492935982947064e-16,1.0,-0.4327755925504317,0.9015016841318838,7927.0,5916.0,6437.0,6413.142857142857,7927.0,3347.0907481259783,5278.366666666667,5819.5,2588.5009306191305,1100.0,1,0,1,0,0,0,1,0,0,8022
292,0,2013-12-06,-0.9749279121818236,-0.2225209339563146,-2.4492935982947064e-16,1.0,-0.41719360261231697,0.9088176373395028,8022.0,6350.0,6373.0,6352.0,7927.0,3352.3415697091555,5265.466666666666,5819.5,2584.148238693021,1100.0,1,0,1,0,0,0,1,0,0,5922
292,0,2013-12-07,-0.7818314824680299,0.6234898018587334,-2.4492935982947064e-16,1.0,-0.4014879892059737,0.9158642882672868,5922.0,4161.0,3261.0,6272.285714285715,7927.0,3419.0935306640285,5156.766666666666,5687.0,2583.1740524125516,1100.0,0,0,1,0,0,0,1,0,0,3603
292,0,2013-12-08,-2.4492935982947064e-16,1.0,-2.4492935982947064e-16,1.0,-0.38566340624360745,0.9226395488404875,3603.0,0.0,0.0,6272.285714285715,7927.0,3419.0935306640285,4927.166666666667,5548.5,2726.1469978750233,1100.0,0,0,1,0,0,0,1,0,0,0
292,0,2013-12-09,0.7818314824680298,0.6234898018587336,-2.4492935982947064e-16,1.0,-0.3697245428906732,0.9291414114031743,0.0,9675.0,6237.0,5812.714285714285,6458.0,3085.4169742130366,5023.6,5687.0,2727.4683044398794,1100.0,0,0,1,0,0,0,1,0,0,6458
292,0,2013-12-10,0.9749279121818236,-0.22252093395631434,-2.4492935982947064e-16,1.0,-0.3536761221763721,0.935367949313148,6458.0,8757.0,5723.0,5440.285714285715,6150.0,2816.404606011345,5228.6,5819.5,2563.0321967114114,1100.0,0,0,1,0,0,0,1,0,0,6150
292,0,2013-12-11,0.43388373911755823,-0.900968867902419,-2.4492935982947064e-16,1.0,-0.33752289959411347,0.941317317512847,6150.0,7927.0,5288.0,5155.857142857143,5936.0,2616.884179615868,5220.766666666666,5819.5,2560.4104154221664,1100.0,0,0,1,0,0,0,1,0,0,5936
292,0,2013-12-12,-0.433883739117558,-0.9009688679024191,-2.4492935982947064e-16,1.0,-0.32126966169236515,0.946987753076075,5936.0,8022.0,5916.0,4793.571428571428,5922.0,2311.7078720535337,5237.7,5819.5,2560.4293437113124,1100.0,0,0,1,0,0,0,1,0,0,5486
292,0,2013-12-13,-0.9749279121818236,-0.2225209339563146,-2.4492935982947064e-16,1.0,-0.3049212246562894,0.9523775757303973,5486.0,5922.0,6350.0,4773.714285714285,5783.0,2300.9714408111554,5248.933333333333,5849.5,2562.113431677376,1100.0,0,0,1,0,0,0,1,0,0,5783
292,0,2013-12-14,-0.7818314824680299,0.6234898018587334,-2.4492935982947064e-16,1.0,-0.2884824328806098,0.9574851883550389,5783.0,3603.0,4161.0,4720.857142857143,5783.0,2336.3250650377827,5187.066666666667,5849.5,2588.381972735404,1100.0,0,0,1,0,0,0,1,0,0,3233
292,0,2013-12-15,-2.4492935982947064e-16,1.0,-2.4492935982947064e-16,1.0,-0.27195815753410524,0.9623090774541487,3233.0,0.0,0.0,4720.857142857143,5783.0,2336.3250650377827,5014.266666666666,5849.5,2756.195352834867,1100.0,0,0,1,0,0,0,1,0,0,0
292,0,2013-12-16,0.7818314824680298,0.6234898018587336,-2.4492935982947064e-16,1.0,-0.2553532951161881,0.9668478136052773,0.0,6458.0,9675.0,5288.428571428572,5783.0,3164.4797812143306,5262.7,5919.0,2898.541942021054,1100.0,1,0,1,0,0,0,1,0,0,10431
292,0,2013-12-17,0.9749279121818236,-0.22252093395631434,-2.4492935982947064e-16,1.0,-0.23867276600594997,0.9711000518829505,10431.0,6150.0,8757.0,5667.142857142857,5783.0,3432.0905887700337,5556.066666666667,5929.0,2790.9116781801445,1100.0,1,0,1,0,0,0,1,0,0,8801
292,0,2013-12-18,0.43388373911755823,-0.900968867902419,-2.4492935982947064e-16,1.0,-0.22192151300416674,0.9750645322571945,8801.0,5936.0,7927.0,6035.285714285715,5783.0,3599.846974260889,5570.8,5929.0,2805.7730190595903,1100.0,1,0,1,0,0,0,1,0,0,8513
292,0,2013-12-19,-0.433883739117558,-0.9009688679024191,-2.4492935982947064e-16,1.0,-0.20510449986861926,0.9787400799669153,8513.0,5486.0,8022.0,6362.857142857143,7779.0,3645.5702081920185,5595.766666666666,5929.0,2822.4878202398518,1100.0,1,0,1,0,0,0,1,0,0,7779
292,0,2013-12-20,-0.9749279121818236,-0.2225209339563146,-2.4492935982947064e-16,1.0,-0.1882267098432439,0.9821256058680006,7779.0,5783.0,5922.0,6798.714285714285,8513.0,3745.6998773832165,5701.866666666667,6043.0,2883.795843045729,1100.0,1,0,1,0,0,0,1,0,0,8834
292,0,2013-12-21,-0.7818314824680299,0.6234898018587334,-2.4492935982947064e-16,1.0,-0.1712931441814778,0.9852201067560606,8834.0,3233.0,3603.0,7056.714285714285,8513.0,3514.2076733495205,5655.266666666666,5929.0,2882.8021561085975,1100.0,0,0,1,0,0,0,1,0,0,5039
292,0,2013-12-22,-2.4492935982947064e-16,1.0,-2.4492935982947064e-16,1.0,-0.154308820664281,0.9880226656636976,5039.0,0.0,0.0,7056.714285714285,8513.0,3514.2076733495205,5442.833333333333,5919.0,3057.601957398161,1100.0,0,0,1,0,0,0,1,0,0,0
292,0,2013-12-23,0.7818314824680298,0.6234898018587336,-2.4492935982947064e-16,1.0,-0.13727877211326517,0.9905324521322227,0.0,10431.0,6458.0,6845.285714285715,8513.0,3316.311541169694,5632.5,5929.0,3093.857069899243,1100.0,0,0,1,0,0,0,1,0,0,8951
292,0,2013-12-24,0.9749279121818236,-0.22252093395631434,-2.4492935982947064e-16,1.0,-0.12020804489935275,0.9927487224577402,8951.0,8801.0,6150.0,6203.714285714285,7779.0,3309.307365310041,5776.166666666667,5929.0,2918.3801728584544,1100.0,0,0,1,0,0,0,1,0,0,4310
292,0,2013-12-25,0.43388373911755823,-0.900968867902419,-2.4492935982947064e-16,1.0,-0.10310169744743544,0.9946708199115211,4310.0,8513.0,5936.0,4987.571428571428,5039.0,3840.7754797324833,5568.266666666666,5919.0,3100.8697548883956,1100.0,0,0,1,0,0,0,1,0,0,0
292,0,2013-12-26,-0.433883739117558,-0.9009688679024191,-2.4492935982947064e-16,1.0,-0.0859647987374467,0.9962981749346077,0.0,7779.0,5486.0,3876.285714285714,4310.0,4019.710632797904,5377.5,5919.0,3262.8330058613083,1100.0,0,0,1,0,0,0,1,0,0,0
292,0,2013-12-27,-0.9749279121818236,-0.2225209339563146,-2.4492935982947064e-16,1.0,-0.06880242680232064,0.9976303053065857,0.0,8834.0,5783.0,3373.1428571428573,4310.0,3479.9118010169564,5378.3,5919.0,3262.813247215799,1100.0,0,0,1,0,0,0,1,0,0,5312
292,0,2013-12-28,-0.7818314824680299,0.6234898018587334,-2.4492935982947064e-16,1.0,-0.05161966722325418,0.9986668162884759,5312.0,5039.0,3233.0,3143.0,3428.0,3403.8185909357635,5295.366666666667,5852.5,3280.247935155506,1100.0,0,0,1,0,0,0,1,0,0,3428
292,0,2013-12-29,-2.4492935982947064e-16,1.0,-2.4492935982947064e-16,1.0,-0.034421611622745804,0.9994074007397048,3428.0,0.0,0.0,3143.0,3428.0,3403.8185909357635,5083.7,5634.5,3412.074615649346,1100.0,0,0,1,0,0,0,1,0,0,0
292,0,2013-12-30,0.7818314824680298,0.6234898018587336,-2.4492935982947064e-16,1.0,-0.01721335615583528,0.9998518392091162,0.0,8951.0,10431.0,2904.714285714286,3428.0,2958.748649586255,5187.766666666666,5852.5,3430.522184875001,1100.0,0,0,1,0,0,0,1,0,0,7283
292,0,2013-12-31,0.9749279121818236,-0.22252093395631434,-2.4492935982947064e-16,1.0,6.432490598706546e-16,1.0,7283.0,4310.0,8801.0,2808.714285714286,3428.0,2916.148413820614,5309.033333333334,5852.5,3302.7349010232097,1100.0,0,0,1,0,0,0,1,0,0,3638
292,0,2014-01-01,0.43388373911755823,-0.900968867902419,0.49999999999999994,0.8660254037844387,0.017213356155834685,0.9998518392091162,3638.0,0.0,8513.0,2808.714285714286,3428.0,2916.148413820614,4986.533333333334,5634.5,3333.9303690609877,1100.0,0,0,1,0,0,0,1,0,0,0
292,0,2014-01-02,-0.433883739117558,-0.9009688679024191,0.49999999999999994,0.8660254037844387,0.03442161162274574,0.9994074007397048,0.0,0.0,7779.0,3513.4285714285716,3638.0,2713.2664113661153,4859.066666666667,5399.0,3257.017219453422,1100.0,0,0,1,0,0,0,1,0,0,4933
292,0,2014-01-03,-0.9749279121818236,-0.2225209339563146,0.49999999999999994,0.8660254037844387,0.051619667223253764,0.998666816288476,4933.0,5312.0,8834.0,3488.8571428571427,3638.0,2694.9810406612787,4766.166666666667,5226.0,3205.8377256168965,1100.0,0,0,1,0,0,0,1,0,0,5140
292,0,2014-01-04,-0.7818314824680299,0.6234898018587334,0.49999999999999994,0.8660254037844387,0.06880242680231986,0.9976303053065857,5140.0,3428.0,5039.0,3419.1428571428573,3638.0,2703.1172393227316,4596.766666666666,5089.5,3161.8306208133054,1100.0,0,0,1,0,0,0,1,0,0,2940
292,0,2014-01-05,-2.4492935982947064e-16,1.0,0.49999999999999994,0.8660254037844387,0.08596479873744647,0.9962981749346078,2940.0,0.0,0.0,3419.1428571428573,3638.0,2703.1172393227316,4399.366666666667,4986.0,3259.5907875527655,1100.0,0,0,1,0,0,0,1,0,0,0
292,0,2014-01-06,0.7818314824680298,0.6234898018587336,0.49999999999999994,0.8660254037844387,0.10310169744743485,0.9946708199115211,0.0,7283.0,8951.0,3661.8571428571427,3638.0,3147.6094859735094,4578.666666666667,5089.5,3360.64907865803,1100.0,1,0,1,0,0,0,1,0,0,8982
292,0,2014-01-07,0.9749279121818236,-0.22252093395631434,0.49999999999999994,0.8660254037844387,0.1202080448993527,0.9927487224577402,8982.0,3638.0,4310.0,4264.428571428572,4933.0,3523.570436226242,4840.533333333334,5226.0,3297.043636385465,1100.0,1,0,1,0,0,0,1,0,0,7856
292,0,2014-01-08,0.43388373911755823,-0.900968867902419,0.49999999999999994,0.8660254037844387,0.13727877211326478,0.9905324521322229,7856.0,0.0,0.0,5175.142857142857,5140.0,3026.4569179472023,4837.766666666666,5226.0,3295.674099674356,1100.0,1,0,1,0,0,0,1,0,0,6375
292,0,2014-01-09,-0.433883739117558,-0.9009688679024191,0.49999999999999994,0.8660254037844387,0.15430882066428117,0.9880226656636976,6375.0,4933.0,0.0,5327.0,5996.0,3038.9251937705444,4832.633333333333,5226.0,3293.6790192138037,1100.0,1,0,1,0,0,0,1,0,0,5996
292,0,2014-01-10,-0.9749279121818236,-0.2225209339563146,0.49999999999999994,0.8660254037844387,0.1712931441814776,0.9852201067560606,5996.0,5140.0,5312.0,5585.714285714285,6375.0,3096.8875081435,4866.466666666666,5226.0,3310.573663522563,1100.0,1,0,1,0,0,0,1,0,0,6951
292,0,2014-01-11,-0.7818314824680299,0.6234898018587334,0.49999999999999994,0.8660254037844387,0.1882267098432442,0.9821256058680006,6951.0,2940.0,3428.0,5627.714285714285,6375.0,3056.759761266046,4791.4,5089.5,3321.5550844913523,1100.0,0,0,1,0,0,0,1,0,0,3234
292,0,2014-01-12,-2.4492935982947064e-16,1.0,0.49999999999999994,0.8660254037844387,0.2051044998686192,0.9787400799669153,3234.0,0.0,0.0,5627.714285714285,6375.0,3056.759761266046,4598.633333333333,4986.0,3428.1219899765715,1100.0,0,0,1,0,0,0,1,0,0,0
292,0,2014-01-13,0.7818314824680298,0.6234898018587336,0.49999999999999994,0.8660254037844387,0.22192151300416552,0.9750645322571948,0.0,8982.0,7283.0,5153.0,5996.0,2684.3668403057986,4679.5,5089.5,3423.407414782268,1100.0,0,0,1,0,0,0,1,0,0,5659
292,0,2014-01-14,0.9749279121818236,-0.22252093395631434,0.49999999999999994,0.8660254037844387,0.2386727660059501,0.9711000518829505,5659.0,7856.0,3638.0,4680.428571428572,5659.0,2405.9475511838586,4831.1,5089.5,3307.785626106364,1100.0,0,0,1,0,0,0,1,0,0,4548
292,0,2014-01-15,0.43388373911755823,-0.900968867902419,0.49999999999999994,0.8660254037844387,0.255353295116187,0.9668478136052775,4548.0,6375.0,0.0,4434.428571428572,4653.0,2288.99795086138,4638.5,4986.0,3134.1386293965793,1100.0,0,0,1,0,0,0,1,0,0,4653
292,0,2014-01-16,-0.433883739117558,-0.9009688679024191,0.49999999999999994,0.8660254037844387,0.2719581575341055,0.9623090774541486,4653.0,5996.0,4933.0,4245.428571428572,4653.0,2191.0968985984146,4500.9,4803.0,3034.108939807649,1100.0,0,0,1,0,0,0,1,0,0,4673
292,0,2014-01-17,-0.9749279121818236,-0.2225209339563146,0.49999999999999994,0.8660254037844387,0.288482432880609,0.9574851883550393,4673.0,6951.0,5140.0,3942.0,4653.0,1878.787729716504,4378.033333333334,4750.0,2939.183577509043,1100.0,0,0,1,0,0,0,1,0,0,4827
292,0,2014-01-18,-0.7818314824680299,0.6234898018587334,0.49999999999999994,0.8660254037844387,0.30492122465628907,0.9523775757303974,4827.0,3234.0,2940.0,3944.714285714286,4653.0,1877.6077611582953,4227.166666666667,4663.0,2874.0306081845433,1100.0,0,0,1,0,0,0,1,0,0,3253
292,0,2014-01-19,-2.4492935982947064e-16,1.0,0.49999999999999994,0.8660254037844387,0.3212696616923644,0.9469877530760753,3253.0,0.0,0.0,3944.714285714286,4653.0,1877.6077611582953,3932.7,4600.5,2838.0798043504833,1100.0,0,0,1,0,0,0,1,0,0,0
292,0,2014-01-20,0.7818314824680298,0.6234898018587336,0.49999999999999994,0.8660254037844387,0.3375228995941133,0.9413173175128471,0.0,5659.0,8982.0,4093.4285714285716,4653.0,2067.626566633246,3988.0666666666666,4600.5,2876.35004504132,1100.0,1,0,1,0,0,0,1,0,0,6700
292,0,2014-01-21,0.9749279121818236,-0.22252093395631434,0.49999999999999994,0.8660254037844387,0.3536761221763716,0.9353679493131483,6700.0,4548.0,7856.0,4397.571428571428,4673.0,2290.2388417763177,4210.633333333333,4663.0,2814.787962655918,1100.0,1,0,1,0,0,0,1,0,0,6677
292,0,2014-01-22,0.43388373911755823,-0.900968867902419,0.49999999999999994,0.8660254037844387,0.3697245428906731,0.9291414114031743,6677.0,4653.0,6375.0,4645.428571428572,4827.0,2413.078729005943,4125.2,4663.0,2702.609153111631,1100.0,1,0,1,0,0,0,1,0,0,6388
292,0,2014-01-23,-0.433883739117558,-0.9009688679024191,0.49999999999999994,0.8660254037844387,0.38566340624360707,0.9226395488404876,6388.0,4673.0,5996.0,4897.714285714285,6388.0,2506.93356608465,4196.166666666667,4750.0,2735.3826068298263,1100.0,1,0,1,0,0,0,1,0,0,6439
292,0,2014-01-24,-0.9749279121818236,-0.2225209339563146,0.49999999999999994,0.8660254037844387,0.401487989205973,0.9158642882672872,6439.0,4827.0,6951.0,5001.428571428572,6388.0,2518.5113895012696,4381.266666666666,4880.0,2627.3924655095025,1100.0,1,0,1,0,0,0,1,0,0,5553
292,0,2014-01-25,-0.7818314824680299,0.6234898018587334,0.49999999999999994,0.8660254037844387,0.4171936026123168,0.9088176373395029,5553.0,3253.0,3234.0,4974.714285714285,6388.0,2541.0392699501062,4483.466666666666,4880.0,2508.0121780121963,1100.0,0,0,1,0,0,0,1,0,0,3066
292,0,2014-01-26,-2.4492935982947064e-16,1.0,0.49999999999999994,0.8660254037844387,0.4327755925504312,0.901501684131884,3066.0,0.0,0.0,4974.714285714285,6388.0,2541.0392699501062,4306.4,4750.0,2631.9525674376027,1100.0,0,0,1,0,0,0,1,0,0,0
292,0,2014-01-27,0.7818314824680298,0.6234898018587336,0.49999999999999994,0.8660254037844387,0.4482293417404106,0.893918596519257,0.0,6700.0,5659.0,4781.142857142857,5553.0,2437.1942494441846,4370.3,4880.0,2633.1616128354817,1100.0,0,0,1,0,0,0,1,0,0,5345
292,0,2014-01-28,0.9749279121818236,-0.22252093395631434,0.49999999999999994,0.8660254037844387,0.4635502709028509,0.886070621534138,5345.0,6677.0,4548.0,4629.714285714285,5553.0,2330.3563185548596,4557.533333333334,5036.5,2508.438939389135,1100.0,0,0,1,0,0,0,1,0,0,5617
292,0,2014-01-29,0.43388373911755823,-0.900968867902419,0.49999999999999994,0.8660254037844387,0.47873384011578846,0.8779600847008882,5617.0,6388.0,4653.0,4351.857142857143,5345.0,2197.9621189161685,4462.866666666667,4880.0,2455.0567622250887,1100.0,0,0,1,0,0,0,1,0,0,4443
292,0,2014-01-30,-0.433883739117558,-0.9009688679024191,0.49999999999999994,0.8660254037844387,0.4937755501599772,0.869589389346611,4443.0,6439.0,4673.0,4204.285714285715,5345.0,2065.140650116083,4521.8,5036.5,2455.793353094567,1100.0,0,0,1,0,0,0,1,0,0,5406
292,0,2014-01-31,-0.9749279121818236,-0.2225209339563146,0.49999999999999994,0.8660254037844387,0.5086709438521044,0.8609610158889943,5406.0,5553.0,4827.0,4260.142857142857,5345.0,2112.446088351239,4719.933333333333,5242.5,2314.087157976694,1100.0,0,0,1,0,0,0,1,0,0,5944
292,0,2014-02-01,-0.7818314824680299,0.6234898018587334,0.8660254037844386,0.5000000000000001,0.5234156073655503,0.8520775211013093,5944.0,3066.0,3253.0,4326.857142857143,5345.0,2075.498930263224,4673.266666666666,5242.5,2323.7385296162297,1100.0,0,0,1,0,0,0,1,0,0,3533
292,0,2014-02-02,-2.4492935982947064e-16,1.0,0.8660254037844386,0.5000000000000001,0.5380051715382996,0.8429415373547828,3533.0,0.0,0.0,4326.857142857143,5345.0,2075.498930263224,4501.933333333333,5086.0,2472.8455608501113,1100.0,0,0,1,0,0,0,1,0,0,0
292,0,2014-02-03,0.7818314824680298,0.6234898018587336,0.8660254037844386,0.5000000000000001,0.5524353131676196,0.8335557718385699,0.0,5345.0,6700.0,4886.714285714285,5406.0,2798.5371008371317,4712.733333333334,5375.5,2601.316204424658,1100.0,1,0,1,0,0,0,1,0,0,9264
292,0,2014-02-04,0.9749279121818236,-0.22252093395631434,0.8660254037844386,0.5000000000000001,0.5667017562911176,0.8239230057575542,9264.0,5617.0,6677.0,5144.571428571428,5406.0,2955.7791898326273,4960.133333333333,5479.5,2488.127681796003,1100.0,1,0,1,0,0,0,1,0,0,7422
292,0,2014-02-05,0.43388373911755823,-0.900968867902419,0.8660254037844386,0.5000000000000001,0.5808002734538009,0.8140460935082178,7422.0,4443.0,6388.0,5397.857142857143,5944.0,2961.6004923335768,4867.933333333333,5479.5,2382.981079024447,1100.0,1,0,1,0,0,0,1,0,0,6216
292,0,2014-02-06,-0.433883739117558,-0.9009688679024191,0.8660254037844386,0.5000000000000001,0.5947266869607634,0.8039279618328213,6216.0,5406.0,6439.0,5416.285714285715,5944.0,2962.060921851864,4790.566666666667,5470.5,2319.4547023151727,1100.0,1,0,1,0,0,0,1,0,0,5535
292,0,2014-02-07,-0.9749279121818236,-0.2225209339563146,0.8660254037844386,0.5000000000000001,0.6084768701151261,0.7935716089521474,5535.0,5944.0,5553.0,5444.571428571428,6142.0,2968.877669936508,4782.8,5470.5,2314.350782579771,1100.0,1,0,1,0,0,0,1,0,0,6142
292,0,2014-02-08,-0.7818314824680299,0.6234898018587334,0.8660254037844386,0.5000000000000001,0.6220467484408675,0.7829801036770629,6142.0,3533.0,3066.0,5367.142857142857,6142.0,3033.4070189898935,4682.633333333333,5375.5,2325.0365882672945,1100.0,0,0,1,0,0,0,1,0,0,2991
292,0,2014-02-09,-2.4492935982947064e-16,1.0,0.8660254037844386,0.5000000000000001,0.6354323008901774,0.7721565844991642,2991.0,0.0,0.0,5367.142857142857,6142.0,3033.4070189898935,4450.933333333333,5086.0,2434.94020224435,1100.0,0,0,1,0,0,0,1,0,0,0
292,0,2014-02-10,0.7818314824680298,0.6234898018587336,0.8660254037844386,0.5000000000000001,0.6486295610349814,0.7611042586607747,0.0,9264.0,5345.0,4973.857142857143,6142.0,2590.030464979863,4560.166666666667,5375.5,2451.910375300402,1100.0,0,0,1,0,0,0,1,0,0,6511
292,0,2014-02-11,0.9749279121818236,-0.22252093395631434,0.8660254037844386,0.5000000000000001,0.6616346182422783,0.7498264012045686,6511.0,7422.0,5617.0,4630.571428571428,5535.0,2360.5531030631228,4727.466666666666,5375.5,2296.3223931611487,1100.0,0,0,1,0,0,0,1,0,0,5019
292,0,2014-02-12,0.43388373911755823,-0.900968867902419,0.8660254037844386,0.5000000000000001,0.6744436188329455,0.7383263540031065,5019.0,6216.0,4443.0,4422.428571428572,5019.0,2259.5320944200516,4697.466666666666,5182.0,2289.601979163304,1100.0,0,0,1,0,0,0,1,0,0,4759
292,0,2014-02-13,-0.433883739117558,-0.9009688679024191,0.8660254037844386,0.5000000000000001,0.6870527672236669,0.7266075247685656,4759.0,5535.0,5406.0,4374.428571428572,5019.0,2235.3982387293463,4719.166666666667,5272.0,2291.2209376351034,1100.0,0,0,1,0,0,0,1,0,0,5199
292,0,2014-02-14,-0.9749279121818236,-0.2225209339563146,0.8660254037844386,0.5000000000000001,0.6994583270516471,0.7146733860429609,5199.0,6142.0,5944.0,4249.857142857143,5019.0,2142.861982534211,4739.733333333334,5307.5,2293.3746995734673,1100.0,0,0,1,0,0,0,1,0,0,5270
292,0,2014-02-15,-0.7818314824680299,0.6234898018587334,0.8660254037844386,0.5000000000000001,0.7116566222817746,0.702527474169157,5270.0,2991.0,3533.0,4258.571428571428,5019.0,2137.0054482181977,4685.7,5307.5,2314.0042939488694,1100.0,0,0,1,0,0,0,1,0,0,3052
292,0,2014-02-16,-2.4492935982947064e-16,1.0,0.8660254037844386,0.5000000000000001,0.7236440382959124,0.6901733882429719,3052.0,0.0,0.0,4258.571428571428,5019.0,2137.0054482181977,4524.8,5307.5,2466.625607921718,1100.0,0,0,1,0,0,0,1,0,0,0
292,0,2014-02-17,0.7818314824680298,0.6234898018587336,0.8660254037844386,0.5000000000000001,0.7354170229639855,0.6776147890466889,0.0,6511.0,9264.0,4528.0,5019.0,2547.7365117557415,4696.266666666666,5375.5,2552.466338503882,1100.0,1,0,1,0,0,0,1,0,0,8397
292,0,2014-02-18,0.9749279121818236,-0.22252093395631434,0.8660254037844386,0.5000000000000001,0.7469720876965552,0.6648553979642865,8397.0,5019.0,7422.0,4802.0,5199.0,2707.4722528587413,4927.5,5470.5,2423.301733813489,1100.0,1,0,1,0,0,0,1,0,0,6937
292,0,2014-02-19,0.43388373911755823,-0.900968867902419,0.8660254037844386,0.5000000000000001,0.7583058084785625,0.6518989958787126,6937.0,4759.0,6216.0,5001.142857142857,5270.0,2754.6379936736644,4909.266666666666,5470.5,2411.534551266898,1100.0,1,0,1,0,0,0,1,0,0,6153
292,0,2014-02-20,-0.433883739117558,-0.9009688679024191,0.8660254037844386,0.5000000000000001,0.7694148268839378,0.6387494220515272,6153.0,5199.0,5535.0,5187.285714285715,6153.0,2813.6294303672207,4903.433333333333,5470.5,2407.3190508621187,1100.0,1,0,1,0,0,0,1,0,0,6502
292,0,2014-02-21,-0.9749279121818236,-0.2225209339563146,0.8660254037844386,0.5000000000000001,0.7802958510707755,0.6254105729852463,6502.0,5270.0,6142.0,5335.714285714285,6309.0,2845.9400154305035,4900.8,5470.5,2405.6817572657847,1100.0,1,0,1,0,0,0,1,0,0,6309
292,0,2014-02-22,-0.7818314824680299,0.6234898018587334,0.8660254037844386,0.5000000000000001,0.7909456567567772,0.6118864012687243,6309.0,3052.0,2991.0,5327.714285714285,6309.0,2853.49818727153,4786.033333333334,5375.5,2411.8879353410457,1100.0,0,0,1,0,0,0,1,0,0,2996
292,0,2014-02-23,-2.4492935982947064e-16,1.0,0.8660254037844386,0.5000000000000001,0.8013610881746766,0.5981809144059164,2996.0,0.0,0.0,5327.714285714285,6309.0,2853.49818727153,4600.933333333333,5307.5,2559.558932010903,1100.0,0,0,1,0,0,0,1,0,0,0
292,0,2014-02-24,0.7818314824680298,0.6234898018587336,0.8660254037844386,0.5000000000000001,0.8115390590073611,0.5842981736283683,0.0,8397.0,6511.0,4889.285714285715,6153.0,2519.54557505156,4676.333333333333,5336.5,2546.0650279277615,1100.0,0,0,1,0,0,0,1,0,0,5328
292,0,2014-02-25,0.9749279121818236,-0.22252093395631434,0.8660254037844386,0.5000000000000001,0.8214765533024142,0.5702422926917871,5328.0,6937.0,5019.0,4599.0,5328.0,2356.052913950218,4839.833333333333,5336.5,2387.9957991549363,1100.0,0,0,1,0,0,0,1,0,0,4905
292,0,2014-02-26,0.43388373911755823,-0.900968867902419,0.8660254037844386,0.5000000000000001,0.8311706263658079,0.5560174366570446,4905.0,6153.0,4759.0,4449.714285714285,5108.0,2272.8129937946683,4831.933333333333,5299.0,2386.658621318235,1100.0,0,0,1,0,0,0,1,0,0,5108
292,0,2014-02-27,-0.433883739117558,-0.9009688679024191,0.8660254037844386,0.5000000000000001,0.8406184056344782,0.5416278206559814,5108.0,6502.0,5199.0,4191.142857142857,4905.0,2096.5401998349043,4801.1,5234.5,2382.137353085571,1100.0,0,0,1,0,0,0,1,0,0,4692
292,0,2014-02-28,-0.9749279121818236,-0.2225209339563146,0.8660254037844386,0.5000000000000001,0.8498170915275278,0.5270777086423722,4692.0,6309.0,5270.0,4049.5714285714284,4905.0,1958.6166765639093,4830.266666666666,5294.0,2382.9581866957387,1100.0,0,0,1,0,0,0,1,0,0,5318
292,0,2014-03-01,-0.7818314824680299,0.6234898018587334,1.0,6.123233995736766e-17,0.8587639582758029,0.5123714121284237,5318.0,2996.0,3052.0,4104.428571428572,4905.0,1929.3489279324915,4762.733333333334,5234.5,2394.7585283688654,1100.0,0,0,1,0,0,0,1,0,0,3380
292,0,2014-03-02,-2.4492935982947064e-16,1.0,1.0,6.123233995736766e-17,0.8674563547295968,0.49751328890718066,3380.0,0.0,0.0,4104.428571428572,4905.0,1929.3489279324915,4564.6,5153.5,2535.4161543742835,1100.0,0,0,1,0,0,0,1,0,0,0
292,0,2014-03-03,0.7818314824680298,0.6234898018587336,1.0,6.123233995736766e-17,0.8758917051442429,0.48250774176121847,0.0,5328.0,8397.0,4738.428571428572,4905.0,2888.970281209946,4772.366666666667,5234.5,2698.1287958232438,1100.0,1,0,1,0,0,0,1,0,0,9766
292,0,2014-03-04,0.9749279121818236,-0.22252093395631434,1.0,6.123233995736766e-17,0.8840675099433636,0.46735921715800227,9766.0,4905.0,6937.0,5141.714285714285,5108.0,3105.055325018955,5029.966666666666,5294.0,2593.6701659781397,1100.0,1,0,1,0,0,0,1,0,0,7728
292,0,2014-03-05,0.43388373911755823,-0.900968867902419,1.0,6.123233995736766e-17,0.8919813464595485,0.45207220393230435,7728.0,5108.0,6153.0,5326.857142857143,5318.0,3141.13819225725,4934.633333333333,5294.0,2482.8716617066134,1100.0,1,0,1,0,0,0,1,0,0,6404
292,0,2014-03-06,-0.433883739117558,-0.9009688679024191,1.0,6.123233995736766e-17,0.8996308696522433,0.43665123195606403,6404.0,4692.0,6502.0,5673.0,6404.0,3192.600872851686,4924.4,5294.0,2472.878841657483,1100.0,1,0,1,0,0,0,1,0,0,7115
292,0,2014-03-07,-0.9749279121818236,-0.2225209339563146,1.0,6.123233995736766e-17,0.9070138128026359,0.4211008707960896,7115.0,5318.0,6309.0,5841.142857142857,6495.0,3201.7692207367413,4933.7,5294.0,2478.42220596784,1100.0,1,0,1,0,0,0,1,0,0,6495
292,0,2014-03-08,-0.7818314824680299,0.6234898018587334,1.0,6.123233995736766e-17,0.9141279881853337,0.40542572835999735,6495.0,3380.0,2996.0,5845.428571428572,6495.0,3197.943602647536,4862.866666666667,5234.5,2490.9789065031623,1100.0,0,0,1,0,0,0,1,0,0,3410
292,0,2014-03-09,-2.4492935982947064e-16,1.0,1.0,6.123233995736766e-17,0.9209712877166346,0.38963044953078796,3410.0,0.0,0.0,5845.428571428572,6495.0,3197.943602647536,4658.133333333333,5153.5,2630.7080433213055,1100.0,0,0,1,0,0,0,1,0,0,0
292,0,2014-03-10,0.7818314824680298,0.6234898018587336,1.0,6.123233995736766e-17,0.9275416835791966,0.37371971479046906,0.0,9766.0,5328.0,5234.571428571428,6404.0,2692.72116746504,4741.433333333333,5234.5,2615.6203283922655,1100.0,0,0,1,0,0,0,1,0,0,5490
292,0,2014-03-11,0.9749279121818236,-0.22252093395631434,1.0,6.123233995736766e-17,0.9338372288229252,0.35769823883312546,5490.0,7728.0,4905.0,4883.857142857143,5490.0,2463.9998260667826,4917.2,5271.5,2458.4630522565026,1100.0,0,0,1,0,0,0,1,0,0,5273
292,0,2014-03-12,0.43388373911755823,-0.900968867902419,1.0,6.123233995736766e-17,0.9398560579418954,0.3415707691678556,5273.0,6404.0,5108.0,4660.285714285715,5273.0,2372.3778306645336,4861.466666666666,5234.5,2439.9682549282243,1100.0,0,0,1,0,0,0,1,0,0,4839
292,0,2014-03-13,-0.433883739117558,-0.9009688679024191,1.0,6.123233995736766e-17,0.9455963874271426,0.3253420847119801,4839.0,7115.0,4692.0,4374.428571428572,5114.0,2136.0904207720855,4864.633333333333,5234.5,2440.241388332996,1100.0,0,0,1,0,0,0,1,0,0,5114
292,0,2014-03-14,-0.9749279121818236,-0.2225209339563146,1.0,6.123233995736766e-17,0.9510565162951535,0.30901699437494745,5114.0,6495.0,5318.0,4257.142857142857,5114.0,2019.6148501278951,4895.133333333333,5271.5,2444.589884980125,1100.0,0,0,1,0,0,0,1,0,0,5674
292,0,2014-03-15,-0.7818314824680299,0.6234898018587334,1.0,6.123233995736766e-17,0.9562348265919056,0.29260033563334836,5674.0,3410.0,3380.0,4243.857142857143,5114.0,2026.4109017810579,4832.4,5271.5,2460.6186298122925,1100.0,0,0,1,0,0,0,1,0,0,3317
292,0,2014-03-16,-2.4492935982947064e-16,1.0,1.0,6.123233995736766e-17,0.9611297838723007,0.27609697309746883,3317.0,0.0,0.0,4243.857142857143,5114.0,2026.4109017810579,4656.733333333334,5193.5,2611.77380513616,1100.0,0,0,1,0,0,0,1,0,0,0
292,0,2014-03-17,0.7818314824680298,0.6234898018587336,1.0,6.123233995736766e-17,0.9657399376548549,0.2595117970697999,0.0,5490.0,9766.0,4634.285714285715,5114.0,2511.696353349377,4829.1,5295.5,2672.1506945684728,1100.0,1,0,1,0,0,0,1,0,0,8223
292,0,2014-03-18,0.9749279121818236,-0.22252093395631434,1.0,6.123233995736766e-17,0.970063921851507,0.2428497220959356,8223.0,5273.0,7728.0,4915.142857142857,5114.0,2698.027886473835,5070.4,5323.0,2544.852351248533,1100.0,1,0,1,0,0,0,1,0,0,7239
292,0,2014-03-19,0.43388373911755823,-0.900968867902419,1.0,6.123233995736766e-17,0.9741004551724205,0.22611568550828828,7239.0,4839.0,6404.0,5100.0,5674.0,2736.0037768005122,4994.933333333333,5323.0,2475.4235156047966,1100.0,1,0,1,0,0,0,1,0,0,6133
292,0,2014-03-20,-0.433883739117558,-0.9009688679024191,1.0,6.123233995736766e-17,0.9778483415056568,0.20931464596304847,6133.0,5114.0,7115.0,5229.571428571428,6021.0,2758.1643567865244,4964.4,5323.0,2456.2176360945873,1100.0,1,0,1,0,0,0,1,0,0,6021
292,0,2014-03-21,-0.9749279121818236,-0.2225209339563146,1.0,6.123233995736766e-17,0.9813064702716093,0.19245158197082998,6021.0,5674.0,6495.0,5256.285714285715,6021.0,2764.0855458472897,4954.666666666667,5323.0,2451.9199139384286,1100.0,1,0,1,0,0,0,1,0,0,5861
292,0,2014-03-22,-0.7818314824680299,0.6234898018587334,1.0,6.123233995736766e-17,0.9844738167520922,0.1755314904214282,5861.0,3317.0,3410.0,5258.285714285715,6021.0,2762.4530592866026,4848.966666666666,5295.5,2451.265014490351,1100.0,0,0,1,0,0,0,1,0,0,3331
292,0,2014-03-23,-2.4492935982947064e-16,1.0,1.0,6.123233995736766e-17,0.9873494423939864,0.15855938510313478,3331.0,0.0,0.0,5258.285714285715,6021.0,2762.4530592866026,4638.666666666667,5193.5,2588.4778023644217,1100.0,0,0,1,0,0,0,1,0,0,0
292,0,2014-03-24,0.7818314824680298,0.6234898018587336,1.0,6.123233995736766e-17,0.989932495087353,0.141540295217043,0.0,8223.0,5490.0,4873.142857142857,5861.0,2450.5513956775394,4723.033333333334,5295.5,2574.299723772682,1100.0,0,0,1,0,0,0,1,0,0,5527
292,0,2014-03-25,0.9749279121818236,-0.22252093395631434,1.0,6.123233995736766e-17,0.9922222094179323,0.12447926388678915,5527.0,7239.0,5273.0,4520.714285714285,5527.0,2220.1622098610774,4882.1,5295.5,2414.8951622850213,1100.0,0,0,1,0,0,0,1,0,0,4772
292,0,2014-03-26,0.43388373911755823,-0.900968867902419,1.0,6.123233995736766e-17,0.994217906893952,0.10738134666416309,4772.0,6133.0,4839.0,4403.142857142857,5310.0,2140.929193019655,4881.5,5291.5,2414.7827881184503,1100.0,0,0,1,0,0,0,1,0,0,5310
292,0,2014-03-27,-0.433883739117558,-0.9009688679024191,1.0,6.123233995736766e-17,0.995918996147179,0.09025161003104117,5310.0,6021.0,5114.0,4195.0,4772.0,2025.1179389523575,4870.133333333333,5291.5,2415.4708220042808,1100.0,0,0,1,0,0,0,1,0,0,4564
292,0,2014-03-28,-0.9749279121818236,-0.2225209339563146,1.0,6.123233995736766e-17,0.9973249731081555,0.07309512989807777,4564.0,5861.0,5674.0,4066.1428571428573,4772.0,1927.802153452765,4865.166666666667,5291.5,2415.118017867843,1100.0,0,0,1,0,0,0,1,0,0,4959
292,0,2014-03-29,-0.7818314824680299,0.6234898018587334,1.0,6.123233995736766e-17,0.9984354211555643,0.055916990100603484,4959.0,3331.0,3317.0,4061.714285714286,4772.0,1929.8069604916134,4818.766666666666,5291.5,2431.8733191163346,1100.0,0,0,1,0,0,0,1,0,0,3300
292,0,2014-03-30,-2.4492935982947064e-16,1.0,1.0,6.123233995736766e-17,0.9992500112396835,0.03872228089217446,3300.0,0.0,0.0,4061.714285714286,4772.0,1929.8069604916134,4641.5,5193.5,2583.3338624396956,1100.0,0,0,1,0,0,0,1,0,0,0
292,0,2014-03-31,0.7818314824680298,0.6234898018587336,1.0,6.123233995736766e-17,0.9997685019798909,0.021516097436222254,0.0,5527.0,8223.0,4527.714285714285,4772.0,2614.8615460023675,4821.8,5291.5,2679.2300283528475,1100.0,1,0,1,0,0,0,1,0,0,8789
292,0,2014-04-01,0.9749279121818236,-0.22252093395631434,0.8660254037844387,-0.49999999999999983,0.9999907397361901,0.004303538296244289,8789.0,4772.0,7239.0,4964.571428571428,4959.0,2902.1403513695914,5082.8,5400.0,2572.572942566955,1100.0,1,0,1,0,0,0,1,0,0,7830
292,0,2014-04-02,0.43388373911755823,-0.900968867902419,0.8660254037844387,-0.49999999999999983,0.9999166586547379,-0.01291029607500882,7830.0,5310.0,6133.0,5130.714285714285,4959.0,2957.96448673102,4973.033333333334,5400.0,2432.2874643420373,1100.0,1,0,1,0,0,0,1,0,0,6473
292,0,2014-04-03,-0.433883739117558,-0.9009688679024191,0.8660254037844387,-0.49999999999999983,0.9995462806873573,-0.030120304846908114,6473.0,4564.0,6021.0,5463.428571428572,6473.0,3014.048155838638,4945.2,5400.0,2404.290968678496,1100.0,1,0,1,0,0,0,1,0,0,6893
292,0,2014-04-04,-0.9749279121818236,-0.2225209339563146,0.8660254037844387,-0.49999999999999983,0.9988797155850336,-0.04732138832243185,6893.0,4959.0,5861.0,5661.714285714285,6473.0,3020.980730065749,4943.3,5400.0,2403.120631380275,1100.0,1,0,1,0,0,0,1,0,0,6347
292,0,2014-04-05,-0.7818314824680299,0.6234898018587334,0.8660254037844387,-0.49999999999999983,0.9979171608653922,-0.06450844944931623,6347.0,3300.0,3331.0,5652.714285714285,6473.0,3029.2717889665473,4814.033333333334,5291.5,2386.517856964244,1100.0,0,0,1,0,0,0,1,0,0,3237
292,0,2014-04-06,-2.4492935982947064e-16,1.0,0.8660254037844387,-0.49999999999999983,0.9966589017541702,-0.08167639533042241,3237.0,0.0,0.0,5652.714285714285,6473.0,3029.2717889665473,4597.533333333334,5193.5,2519.6582791478236,1100.0,0,0,1,0,0,0,1,0,0,0
292,0,2014-04-07,0.7818314824680298,0.6234898018587336,0.8660254037844387,-0.49999999999999983,0.9951053111006976,-0.09882013873287143,0.0,8789.0,5527.0,5179.714285714285,6347.0,2698.3655370295132,4666.466666666666,5291.5,2514.331949847315,1100.0,0,0,1,0,0,0,1,0,0,5478
292,0,2014-04-08,0.9749279121818236,-0.22252093395631434,0.8660254037844387,-0.49999999999999983,0.9932568492674143,-0.11593459959550041,5478.0,7830.0,4772.0,4874.0,5690.0,2458.6313265717563,4856.133333333333,5394.0,2360.059872608927,1100.0,0,0,1,0,0,0,1,0,0,5690
292,0,2014-04-09,0.43388373911755823,-0.900968867902419,0.8660254037844387,-0.49999999999999983,0.9911140639934547,-0.1330147065341959,5690.0,6473.0,5310.0,4684.714285714285,5478.0,2364.20104293788,4844.733333333334,5291.5,2357.717305351521,1100.0,0,0,1,0,0,0,1,0,0,5148
292,0,2014-04-10,-0.433883739117558,-0.9009688679024191,0.8660254037844387,-0.49999999999999983,0.9886775902323405,-0.1500553983446526,5148.0,6893.0,4564.0,4497.714285714285,5478.0,2206.961917379158,4855.1,5394.0,2360.3475394307015,1100.0,0,0,1,0,0,0,1,0,0,5584
292,0,2014-04-11,-0.9749279121818236,-0.2225209339563146,0.8660254037844387,-0.49999999999999983,0.9859481499638304,-0.16705162550211924,5584.0,6347.0,4959.0,4391.0,5478.0,2118.944155312573,4880.466666666666,5502.5,2364.2545480163735,1100.0,0,0,1,0,0,0,1,0,0,5600
292,0,2014-04-12,-0.7818314824680299,0.6234898018587334,0.8660254037844387,-0.49999999999999983,0.9829265519799822,-0.18399835165768005,5600.0,3237.0,3300.0,4381.857142857143,5478.0,2124.8830892209394,4815.766666666666,5502.5,2384.118498028924,1100.0,0,0,1,0,0,0,1,0,0,3173
292,0,2014-04-13,-2.4492935982947064e-16,1.0,0.8660254037844387,-0.49999999999999983,0.9796136916454901,-0.20089055513063506,3173.0,0.0,0.0,4381.857142857143,5478.0,2124.8830892209394,4626.633333333333,5394.0,2534.0339311792627,1100.0,0,0,1,0,0,0,1,0,0,0
292,0,2014-04-14,0.7818314824680298,0.6234898018587336,0.8660254037844387,-0.49999999999999983,0.9760105506323683,-0.21772323039653177,0.0,5478.0,8789.0,4785.142857142857,5584.0,2585.5510327311536,4792.766666666666,5502.5,2607.5244791171986,1100.0,1,0,1,0,0,0,1,0,0,8301
292,0,2014-04-15,0.9749279121818236,-0.22252093395631434,0.8660254037844387,-0.49999999999999983,0.9721181966290613,-0.23449138957040985,8301.0,5690.0,7830.0,5101.0,5584.0,2837.3075265117104,5056.133333333333,5555.5,2503.6936539128933,1100.0,1,0,1,0,0,0,1,0,0,7901
292,0,2014-04-16,0.43388373911755823,-0.900968867902419,0.8660254037844387,-0.49999999999999983,0.9679377830240642,-0.25119006388481935,7901.0,5148.0,6473.0,5316.0,5600.0,2897.83838978873,5003.8,5555.5,2451.071200023823,1100.0,1,0,1,0,0,0,1,0,0,6653
292,0,2014-04-17,-0.433883739117558,-0.9009688679024191,0.8660254037844387,-0.49999999999999983,0.9634705485641488,-0.2678143051621742,6653.0,5584.0,6893.0,5554.142857142857,6653.0,2990.546796633879,5004.2,5555.5,2451.4494994341367,1100.0,1,0,1,0,0,0,1,0,0,7251
292,0,2014-04-18,-0.9749279121818236,-0.2225209339563146,0.8660254037844387,-0.49999999999999983,0.9587178169872964,-0.2843591872810034,7251.0,5600.0,6347.0,4754.142857142857,6653.0,3652.091201333441,4799.766666666666,5502.5,2604.9857592215626,1100.0,1,0,1,0,0,0,1,0,0,0
292,0,2014-04-19,-0.7818314824680299,0.6234898018587334,0.8660254037844387,-0.49999999999999983,0.9536809966304457,-0.30081980763566735,0.0,3173.0,3237.0,4874.571428571428,6653.0,3604.8564861467485,4732.933333333333,5394.0,2598.2849241617923,1100.0,0,0,1,0,0,0,1,0,0,4016
292,0,2014-04-20,-2.4492935982947064e-16,1.0,0.8660254037844387,-0.49999999999999983,0.9483615800121715,-0.3171912885891061,4016.0,0.0,0.0,4874.571428571428,6653.0,3604.8564861467485,4537.566666666667,5229.0,2727.6649819988897,1100.0,0,0,1,0,0,0,1,0,0,0
292,0,2014-04-21,0.7818314824680298,0.6234898018587336,0.8660254037844387,-0.49999999999999983,0.9427611433904207,-0.3334687789181868,0.0,8301.0,5478.0,3688.714285714286,4016.0,3654.8409775841874,4426.533333333334,5229.0,2843.7977731745723,1100.0,0,0,1,0,0,0,1,0,0,0
292,0,2014-04-22,0.9749279121818236,-0.22252093395631434,0.8660254037844387,-0.49999999999999983,0.9368813462954315,-0.3496474552512284,0.0,7901.0,5690.0,3366.4285714285716,4016.0,3304.1338177674106,4614.7,5394.0,2725.085574739844,1100.0,0,0,1,0,0,0,1,0,0,5645
292,0,2014-04-23,0.43388373911755823,-0.900968867902419,0.8660254037844387,-0.49999999999999983,0.9307239310379795,-0.36572252349726897,5645.0,6653.0,5148.0,3125.285714285714,4016.0,3078.1658886575933,4595.966666666666,5229.0,2720.5256906218233,1100.0,0,0,1,0,0,0,1,0,0,4965
292,0,2014-04-24,-0.433883739117558,-0.9009688679024191,0.8660254037844387,-0.49999999999999983,0.9242907221930934,-0.3816892202666588,4965.0,7251.0,5584.0,2847.285714285714,4016.0,2709.221272757515,4613.733333333334,5307.5,2723.453764835272,1100.0,0,0,1,0,0,0,1,0,0,5305
292,0,2014-04-25,-0.9749279121818236,-0.2225209339563146,0.8660254037844387,-0.49999999999999983,0.9175836260593937,-0.39754281428255595,5305.0,0.0,5600.0,3515.714285714286,4679.0,2454.9217037267267,4592.7,5226.5,2720.3258698051322,1100.0,0,0,1,0,0,0,1,0,0,4679
292,0,2014-04-26,-0.7818314824680299,0.6234898018587334,0.8660254037844387,-0.49999999999999983,0.9106046300942163,-0.4132786077829042,4679.0,4016.0,3173.0,3408.714285714286,4679.0,2445.7879926031746,4549.466666666666,5226.5,2731.0828688968086,1100.0,0,0,1,0,0,0,1,0,0,3267
292,0,2014-04-27,-2.4492935982947064e-16,1.0,0.8660254037844387,-0.49999999999999983,0.9033558023246845,-0.4288919379124835,3267.0,0.0,0.0,3408.714285714286,4679.0,2445.7879926031746,4384.166666666667,5226.5,2852.8014190934537,1100.0,0,0,1,0,0,0,1,0,0,0
292,0,2014-04-28,0.7818314824680298,0.6234898018587336,0.8660254037844387,-0.49999999999999983,0.895839290734909,-0.4443781781046132,0.0,0.0,8301.0,4553.571428571428,4965.0,2459.8682794777733,4541.3,5391.5,2920.0575590689778,1100.0,1,0,1,0,0,0,1,0,0,8014
292,0,2014-04-29,0.9749279121818236,-0.22252093395631434,0.8660254037844387,-0.49999999999999983,0.8880573226294932,-0.45973273945210397,8014.0,5645.0,7901.0,4740.857142857143,4965.0,2602.5829111718617,4773.166666666667,5531.0,2821.529630186967,1100.0,1,0,1,0,0,0,1,0,0,6956
292,0,2014-04-30,0.43388373911755823,-0.900968867902419,0.8660254037844387,-0.49999999999999983,0.8800122039735357,-0.47495107206704995,6956.0,4965.0,6653.0,5270.857142857143,5305.0,3002.8199762096656,4769.366666666667,5531.0,2816.0060183533546,1100.0,1,0,1,0,0,0,1,0,0,8675
292,0,2014-05-01,-0.433883739117558,-0.9009688679024191,0.49999999999999994,-0.8660254037844387,0.8717063187093218,-0.49002866642905923,8675.0,5305.0,7251.0,4513.0,4679.0,3602.3581165675337,4508.366666666667,5391.5,2884.575860573321,1100.0,1,0,1,0,0,0,1,0,0,0
292,0,2014-05-02,-0.9749279121818236,-0.2225209339563146,0.49999999999999994,-0.8660254037844387,0.8631421280499114,-0.5049610547215204,0.0,4679.0,0.0,4879.285714285715,6956.0,3749.401984062956,4534.033333333334,5391.5,2906.0058556949516,1100.0,1,0,1,0,0,0,1,0,0,7243
292,0,2014-05-03,-0.7818314824680299,0.6234898018587334,0.49999999999999994,-0.8660254037844387,0.854322169749827,-0.5197438121555155,7243.0,3267.0,4016.0,4921.428571428572,6956.0,3729.866747268721,4423.0,5226.5,2876.2493777067793,1100.0,0,0,1,0,0,0,1,0,0,3562
292,0,2014-05-04,-2.4492935982947064e-16,1.0,0.49999999999999994,-0.8660254037844387,0.8452490573530633,-0.5343725582809787,3562.0,0.0,0.0,4921.428571428572,6956.0,3729.866747268721,4211.433333333333,5056.5,2961.9998100460193,1100.0,0,0,1,0,0,0,1,0,0,0
292,0,2014-05-05,0.7818314824680298,0.6234898018587336,0.49999999999999994,-0.8660254037844387,0.835925479418637,-0.548842958284719,0.0,8014.0,0.0,5092.714285714285,6956.0,3918.325565607743,4410.633333333333,5226.5,3092.290597078745,1100.0,1,0,1,0,0,0,1,0,0,9213
292,0,2014-05-06,0.9749279121818236,-0.22252093395631434,0.49999999999999994,-0.8660254037844387,0.8263541987239096,-0.5631507242749186,9213.0,6956.0,5645.0,5209.285714285715,7243.0,3994.3974812348415,4669.7,5391.5,3035.06635898596,1100.0,1,0,1,0,0,0,1,0,0,7772
292,0,2014-05-07,0.43388373911755823,-0.900968867902419,0.49999999999999994,-0.8660254037844387,0.8165380514459161,-0.5772916165517272,7772.0,8675.0,4965.0,5028.142857142857,7243.0,3836.672839347978,4734.0,5444.5,3072.978079300613,1100.0,1,0,1,0,0,0,1,0,0,7407
292,0,2014-05-08,-0.433883739117558,-0.9009688679024191,0.49999999999999994,-0.8660254037844387,0.8064799463209448,-0.5912614448635781,7407.0,0.0,5305.0,5930.428571428572,7243.0,3135.7580081559718,4754.866666666667,5444.5,3081.806229596797,1100.0,1,0,1,0,0,0,1,0,0,6316
292,0,2014-05-09,-0.9749279121818236,-0.2225209339563146,0.49999999999999994,-0.8660254037844387,0.7961828637826158,-0.6050560696488488,6316.0,7243.0,4679.0,5793.285714285715,6316.0,3089.4356396320336,4792.7,5592.0,3093.7426073753572,1100.0,1,0,1,0,0,0,1,0,0,6283
292,0,2014-05-10,-0.7818314824680299,0.6234898018587334,0.49999999999999994,-0.8660254037844387,0.7856498550787145,-0.6186714032625031,6283.0,3562.0,3267.0,5804.142857142857,6316.0,3080.407734298145,4727.833333333333,5452.5,3096.9785173264645,1100.0,0,0,1,0,0,0,1,0,0,3638
292,0,2014-05-11,-2.4492935982947064e-16,1.0,0.49999999999999994,-0.8660254037844387,0.7748840413670407,-0.6321034111873487,3638.0,0.0,0.0,5804.142857142857,6316.0,3080.407734298145,4541.166666666667,5135.0,3209.325862000579,1100.0,0,0,1,0,0,0,1,0,0,0
292,0,2014-05-12,0.7818314824680298,0.6234898018587336,0.49999999999999994,-0.8660254037844387,0.7638886127905428,-0.6453481132295501,0.0,9213.0,8014.0,5327.0,6283.0,2699.513783381495,4631.166666666667,5475.0,3207.4928557270778,1100.0,0,0,1,0,0,0,1,0,0,5873
292,0,2014-05-13,0.9749279121818236,-0.22252093395631434,0.49999999999999994,-0.8660254037844387,0.7526668275320084,-0.6584015846980488,5873.0,7772.0,6956.0,4886.714285714285,5873.0,2476.389557015462,4787.5,5475.0,3085.9797276246586,1100.0,0,0,1,0,0,0,1,0,0,4690
292,0,2014-05-14,0.43388373911755823,-0.900968867902419,0.49999999999999994,-0.8660254037844387,0.741222010848596,-0.6712599575675313,4690.0,7407.0,8675.0,4504.857142857143,4734.0,2215.3182185690157,4668.6,5135.0,3013.8125653912784,1100.0,0,0,1,0,0,0,1,0,0,4734
292,0,2014-05-15,-0.433883739117558,-0.9009688679024191,0.49999999999999994,-0.8660254037844387,0.7295575540864875,-0.6839194216246106,4734.0,6316.0,0.0,4306.142857142857,4734.0,2084.2935996456426,4569.4,4945.0,2952.094704583103,1100.0,0,0,1,0,0,0,1,0,0,4925
292,0,2014-05-16,-0.9749279121818236,-0.2225209339563146,0.49999999999999994,-0.8660254037844387,0.717676913675962,-0.6963762255968722,4925.0,6283.0,7243.0,4092.5714285714284,4734.0,1917.9247341108726,4507.233333333334,4856.5,2926.227931859618,1100.0,0,0,1,0,0,0,1,0,0,4788
292,0,2014-05-17,-0.7818314824680299,0.6234898018587334,0.49999999999999994,-0.8660254037844387,0.705583610107178,-0.7086266782644596,4788.0,3638.0,3562.0,4076.5714285714284,4734.0,1922.8099106206332,4383.066666666667,4761.0,2884.5218922945355,1100.0,0,0,1,0,0,0,1,0,0,3526
292,0,2014-05-18,-2.4492935982947064e-16,1.0,0.49999999999999994,-0.8660254037844387,0.6932812268869777,-0.7206671495538609,3526.0,0.0,0.0,4076.5714285714284,4734.0,1922.8099106206332,4383.066666666667,4761.0,2884.5218922945355,1100.0,0,0,1,0,0,0,1,0,0,0
292,0,2014-05-19,0.7818314824680298,0.6234898018587336,0.49999999999999994,-0.8660254037844387,0.6807734094770161,-0.7324940716135789,0.0,5873.0,9213.0,4377.0,4734.0,2363.9576279338535,4515.066666666667,4856.5,2956.8461871921336,1100.0,1,0,1,0,0,0,1,0,0,7976
292,0,2014-05-20,0.9749279121818236,-0.22252093395631434,0.49999999999999994,-0.8660254037844387,0.6680638642135335,-0.7441039398713607,7976.0,4690.0,7772.0,4699.0,4788.0,2559.150444971923,4746.533333333334,4945.0,2861.4671150608615,1100.0,1,0,1,0,0,0,1,0,0,6944
292,0,2014-05-21,0.43388373911755823,-0.900968867902419,0.49999999999999994,-0.8660254037844387,0.6551563572090853,-0.7554933140726803,6944.0,4734.0,7407.0,4923.571428571428,4925.0,2630.706613386275,4956.733333333334,5135.0,2729.334034387214,1100.0,1,0,1,0,0,0,1,0,0,6306
292,0,2014-05-22,-0.433883739117558,-0.9009688679024191,0.49999999999999994,-0.8660254037844387,0.6420547132365637,-0.766658819300159,6306.0,4925.0,6316.0,5062.857142857143,5900.0,2656.4798404763296,4965.233333333334,5135.0,2731.9472489900654,1100.0,1,0,1,0,0,0,1,0,0,5900
292,0,2014-05-23,-0.9749279121818236,-0.2225209339563146,0.49999999999999994,-0.8660254037844387,0.6287628145958344,-0.777597146973627,5900.0,4788.0,6283.0,5262.142857142857,6183.0,2684.6005555495867,5005.833333333333,5589.0,2740.9791993490917,1100.0,1,0,1,0,0,0,1,0,0,6183
292,0,2014-05-24,-0.7818314824680299,0.6234898018587334,0.49999999999999994,-0.8660254037844387,0.6152845999633276,-0.7883050558305255,6183.0,3526.0,3638.0,5244.428571428572,6183.0,2698.339727631473,4942.4,5399.0,2755.7970822650764,1100.0,0,0,1,0,0,0,1,0,0,3402
292,0,2014-05-25,-2.4492935982947064e-16,1.0,0.49999999999999994,-0.8660254037844387,0.6016240632249226,-0.7987793728863649,3402.0,0.0,0.0,5244.428571428572,6183.0,2698.339727631473,4786.433333333333,5399.0,2899.858970213285,1100.0,0,0,1,0,0,0,1,0,0,0
292,0,2014-05-26,0.7818314824680298,0.6234898018587336,0.49999999999999994,-0.8660254037844387,0.5877852522924732,-0.8090169943749473,0.0,7976.0,5873.0,4954.285714285715,5945.0,2453.7814840422466,4875.7,5886.5,2892.6829349358327,1100.0,0,0,1,0,0,0,1,0,0,5945
292,0,2014-05-27,0.9749279121818236,-0.22252093395631434,0.49999999999999994,-0.8660254037844387,0.5737722679043246,-0.8190148866680801,5945.0,6944.0,4690.0,4705.142857142857,5900.0,2301.925601793088,5049.033333333334,5886.5,2742.3386003283026,1100.0,0,0,1,0,0,0,1,0,0,5200
292,0,2014-05-28,0.43388373911755823,-0.900968867902419,0.49999999999999994,-0.8660254037844387,0.5595892624101765,-0.8287700871745037,5200.0,6306.0,4734.0,4548.857142857143,5212.0,2210.4431251502037,4955.633333333333,5542.5,2684.990419084346,1100.0,0,0,1,0,0,0,1,0,0,5212
292,0,2014-05-29,-0.433883739117558,-0.9009688679024191,0.49999999999999994,-0.8660254037844387,0.545240438540651,-0.8382797052177743,5212.0,5900.0,4925.0,3706.0,5200.0,2683.5924305552253,4723.766666666666,5206.0,2803.9996271746218,1100.0,0,0,1,0,0,0,1,0,0,0
292,0,2014-05-30,-0.9749279121818236,-0.2225209339563146,0.49999999999999994,-0.8660254037844387,0.5307300481619334,-0.8475409228928311,0.0,6183.0,4788.0,3817.285714285714,5200.0,2816.301517610501,4666.666666666667,5206.0,2737.4140494563358,1100.0,0,0,1,0,0,0,1,0,0,6962
292,0,2014-05-31,-0.7818314824680299,0.6234898018587334,0.49999999999999994,-0.8660254037844387,0.5160623910158528,-0.8565509959010036,6962.0,3402.0,3526.0,3885.285714285714,5200.0,2810.3434377483495,4795.933333333333,5206.0,2597.4294711254975,1100.0,0,0,1,0,0,0,1,0,0,3878
292,0,2014-06-01,-2.4492935982947064e-16,1.0,1.2246467991473532e-16,-1.0,0.5012418134457758,-0.865307254363206,3878.0,0.0,0.0,3885.285714285714,5200.0,2810.3434377483495,4554.5,5062.5,2696.8480676523127,1100.0,0,0,1,0,0,0,1,0,0,0
292,0,2014-06-02,0.7818314824680298,0.6234898018587336,1.2246467991473532e-16,-1.0,0.48627270710869,-0.8738071036110808,0.0,5945.0,7976.0,4425.142857142857,5200.0,3540.1559018670064,4759.9,5206.0,2849.014921712055,1100.0,1,0,1,0,0,0,1,0,0,9724
292,0,2014-06-03,0.9749279121818236,-0.22252093395631434,1.2246467991473532e-16,-1.0,0.4711595076738638,-0.8820480249558537,9724.0,5200.0,6944.0,4829.285714285715,5212.0,3795.6177676493235,5027.533333333334,5542.5,2762.2531624261655,1100.0,1,0,1,0,0,0,1,0,0,8029
292,0,2014-06-04,0.43388373911755823,-0.900968867902419,1.2246467991473532e-16,-1.0,0.4559066935084588,-0.8900275764346767,8029.0,5212.0,6306.0,5051.571428571428,6768.0,3866.66418924387,4946.033333333334,5542.5,2668.9986432127093,1100.0,1,0,1,0,0,0,1,0,0,6768
292,0,2014-06-05,-0.433883739117558,-0.9009688679024191,1.2246467991473532e-16,-1.0,0.440518784350495,-0.8977433935342337,6768.0,0.0,5900.0,5976.142857142857,6768.0,3168.1216532077547,4902.7,5542.5,2631.8291285850955,1100.0,1,0,1,0,0,0,1,0,0,6472
292,0,2014-06-06,-0.9749279121818236,-0.2225209339563146,1.2246467991473532e-16,-1.0,0.42500033996955416,-0.9051931898913974,6472.0,6962.0,6183.0,5953.428571428572,6768.0,3160.436038330942,4882.566666666667,5542.5,2614.2624288939423,1100.0,1,0,1,0,0,0,1,0,0,6803
292,0,2014-06-07,-0.7818314824680299,0.6234898018587334,1.2246467991473532e-16,-1.0,0.4093559588156213,-0.9123747579707273,6803.0,3878.0,3402.0,5921.714285714285,6768.0,3185.746103834275,4793.9,5206.0,2609.0727293229234,1100.0,0,0,1,0,0,0,1,0,0,3656
292,0,2014-06-08,-2.4492935982947064e-16,1.0,1.2246467991473532e-16,-1.0,0.39359027665646673,-0.9192859697186104,3656.0,0.0,0.0,5921.714285714285,6768.0,3185.746103834275,4584.466666666666,5062.5,2734.5726733343804,1100.0,0,0,1,0,0,0,1,0,0,0
292,0,2014-06-09,0.7818314824680298,0.6234898018587336,1.2246467991473532e-16,-1.0,0.3777079652039649,-0.9259247771938498,0.0,9724.0,5945.0,4532.571428571428,6472.0,3366.3820270998576,4463.2,5062.5,2855.962370562501,1100.0,0,0,1,0,0,0,1,0,0,0
292,0,2014-06-10,0.9749279121818236,-0.22252093395631434,1.2246467991473532e-16,-1.0,0.36171373072976765,-0.9322892131745133,0.0,8029.0,5200.0,4212.571428571428,5789.0,3072.2404342294353,4656.166666666667,5206.0,2737.099006478279,1100.0,0,0,1,0,0,0,1,0,0,5789
292,0,2014-06-11,0.43388373911755823,-0.900968867902419,1.2246467991473532e-16,-1.0,0.3456123126707335,-0.9383773917408641,5789.0,6768.0,5212.0,4025.5714285714284,5459.0,2927.1873221656997,4642.366666666667,5206.0,2731.7908927312155,1100.0,0,0,1,0,0,0,1,0,0,5459
292,0,2014-06-12,-0.433883739117558,-0.9009688679024191,1.2246467991473532e-16,-1.0,0.3294084822245304,-0.9441875088341993,5459.0,6472.0,0.0,3909.714285714286,5459.0,2828.6100069519216,4674.733333333334,5335.5,2738.119666075086,1100.0,0,0,1,0,0,0,1,0,0,5661
292,0,2014-06-13,-0.9749279121818236,-0.2225209339563146,1.2246467991473532e-16,-1.0,0.3131070409358269,-0.9497178427914316,5661.0,6803.0,6962.0,3761.4285714285716,5459.0,2674.6734914217586,4709.1,5560.0,2745.349777978808,1100.0,0,0,1,0,0,0,1,0,0,5765
292,0,2014-06-14,-0.7818314824680299,0.6234898018587334,1.2246467991473532e-16,-1.0,0.29671281927349075,-0.9549667548552551,5765.0,3656.0,3878.0,3674.4285714285716,5459.0,2688.542967057484,4646.5,5560.0,2761.620073622456,1100.0,0,0,1,0,0,0,1,0,0,3047
292,0,2014-06-15,-2.4492935982947064e-16,1.0,1.2246467991473532e-16,-1.0,0.28023067519921585,-0.9599326896597447,3047.0,0.0,0.0,3674.4285714285716,5459.0,2688.542967057484,4486.9,5560.0,2888.5958448998067,1100.0,0,0,1,0,0,0,1,0,0,0
292,0,2014-06-16,0.7818314824680298,0.6234898018587336,1.2246467991473532e-16,-1.0,0.26366549272800704,-0.9646141756912435,0.0,0.0,9724.0,4896.571428571428,5661.0,2684.2969195640326,4654.533333333334,5713.0,2975.5247202669243,1100.0,1,0,1,0,0,0,1,0,0,8555
292,0,2014-06-17,0.9749279121818236,-0.22252093395631434,1.2246467991473532e-16,-1.0,0.24702218048093552,-0.9690098257244062,8555.0,5789.0,8029.0,5104.428571428572,5661.0,2817.92653424126,4896.0,5777.0,2877.080332799091,1100.0,1,0,1,0,0,0,1,0,0,7244
292,0,2014-06-18,0.43388373911755823,-0.900968867902419,1.2246467991473532e-16,-1.0,0.23030567023061221,-0.9731183372332619,7244.0,5459.0,6768.0,5297.428571428572,5765.0,2891.5615652643987,4857.133333333333,5777.0,2841.695847896822,1100.0,1,0,1,0,0,0,1,0,0,6810
292,0,2014-06-19,-0.433883739117558,-0.9009688679024191,1.2246467991473532e-16,-1.0,0.21352091543979612,-0.9769384927771817,6810.0,5661.0,6472.0,5416.857142857143,6497.0,2926.138378396317,4842.233333333334,5777.0,2831.5300686881424,1100.0,1,0,1,0,0,0,1,0,0,6497
292,0,2014-06-20,-0.9749279121818236,-0.2225209339563146,1.2246467991473532e-16,-1.0,0.19667288979357647,-0.980469160361632,6497.0,5765.0,6803.0,5549.857142857143,6696.0,2965.4930690961264,4855.233333333334,5777.0,2839.3666205242225,1100.0,1,0,1,0,0,0,1,0,0,6696
292,0,2014-06-21,-0.7818314824680299,0.6234898018587334,1.2246467991473532e-16,-1.0,0.1797665857255624,-0.9837092937736097,6696.0,3047.0,3656.0,5543.142857142857,6696.0,2972.1500875388447,4758.566666666667,5713.0,2851.9086250697346,1100.0,0,0,1,0,0,0,1,0,0,3000
292,0,2014-06-22,-2.4492935982947064e-16,1.0,1.2246467991473532e-16,-1.0,0.16280701293851715,-0.986657932891657,3000.0,0.0,0.0,5543.142857142857,6696.0,2972.1500875388447,4552.466666666666,5560.0,2966.5301422802845,1100.0,0,0,1,0,0,0,1,0,0,0
292,0,2014-06-23,0.7818314824680298,0.6234898018587336,1.2246467991473532e-16,-1.0,0.1457991969198751,-0.9893142039703663,0.0,8555.0,0.0,5156.714285714285,6497.0,2676.4293822358263,4634.066666666667,5713.0,2967.4614360952796,1100.0,0,0,1,0,0,0,1,0,0,5850
292,0,2014-06-24,0.9749279121818236,-0.22252093395631434,1.2246467991473532e-16,-1.0,0.12874817745258132,-0.99167731989929,5850.0,7244.0,5789.0,4810.857142857143,5850.0,2513.1961343126027,4794.833333333333,5713.0,2835.4573806480116,1100.0,0,0,1,0,0,0,1,0,0,4823
292,0,2014-06-25,0.43388373911755823,-0.900968867902419,1.2246467991473532e-16,-1.0,0.11165900712169512,-0.993746580436178,4823.0,6810.0,5459.0,4456.285714285715,4823.0,2354.197012025239,4740.933333333333,5560.0,2828.1993288448,1100.0,0,0,1,0,0,0,1,0,0,4328
292,0,2014-06-26,-0.433883739117558,-0.9009688679024191,1.2246467991473532e-16,-1.0,0.09453674981719912,-0.9955213724144752,4328.0,6497.0,5661.0,4208.428571428572,4762.0,2189.078029456146,4726.333333333333,5560.0,2826.878006629899,1100.0,0,0,1,0,0,0,1,0,0,4762
292,0,2014-06-27,-0.9749279121818236,-0.2225209339563146,1.2246467991473532e-16,-1.0,0.07738647923346301,-0.9970011699250151,4762.0,6696.0,5765.0,4008.4285714285716,4762.0,1977.6743797655192,4729.133333333333,5560.0,2827.4171927059533,1100.0,0,0,1,0,0,0,1,0,0,5296
292,0,2014-06-28,-0.7818314824680299,0.6234898018587334,1.2246467991473532e-16,-1.0,0.06021327736579302,-0.9981855344718586,5296.0,3000.0,3047.0,4103.571428571428,4762.0,1936.6698098490958,4851.333333333333,5560.0,2691.954274517302,1100.0,0,0,1,0,0,0,1,0,0,3666
292,0,2014-06-29,-2.4492935982947064e-16,1.0,1.2246467991473532e-16,-1.0,0.04302223300453059,-0.99907411510223,3666.0,0.0,0.0,4103.571428571428,4762.0,1936.6698098490958,4619.266666666666,5377.5,2801.5807721692627,1100.0,0,0,1,0,0,0,1,0,0,0
292,0,2014-06-30,0.7818314824680298,0.6234898018587336,1.2246467991473532e-16,-1.0,0.02581844022713308,-0.9996666485105112,0.0,5850.0,8555.0,4696.857142857143,4762.0,2938.068210495428,4823.433333333333,5560.0,2964.1616676480453,1100.0,1,0,1,0,0,0,1,0,0,10003
292,0,2014-07-01,0.9749279121818236,-0.22252093395631434,-0.4999999999999998,-0.8660254037844388,0.008606996888688698,-0.9999629591162655,10003.0,4823.0,7244.0,5091.142857142857,4762.0,3136.3234542253163,5076.2,5713.0,2860.156414820945,1100.0,1,0,1,0,0,0,1,0,0,7583
292,0,2014-07-02,0.43388373911755823,-0.900968867902419,-0.4999999999999998,-0.8660254037844388,-0.008606996888688009,-0.9999629591162655,7583.0,4328.0,6810.0,5383.0,5296.0,3148.505783171866,4964.433333333333,5713.0,2735.0474708524007,1100.0,1,0,1,0,0,0,1,0,0,6371
292,0,2014-07-03,-0.433883739117558,-0.9009688679024191,-0.4999999999999998,-0.8660254037844388,-0.02581844022713239,-0.9996666485105112,6371.0,4762.0,6497.0,5689.714285714285,6371.0,3182.3223026738297,4927.1,5713.0,2699.182588271421,1100.0,1,0,1,0,0,0,1,0,0,6909
292,0,2014-07-04,-0.9749279121818236,-0.2225209339563146,-0.4999999999999998,-0.8660254037844388,-0.04302223300453034,-0.99907411510223,6909.0,5296.0,6696.0,5858.428571428572,6477.0,3189.268665234657,4917.4,5713.0,2692.8543195291713,1100.0,1,0,1,0,0,0,1,0,0,6477
292,0,2014-07-05,-0.7818314824680299,0.6234898018587334,-0.4999999999999998,-0.8660254037844388,-0.060213277365792774,-0.9981855344718586,6477.0,3666.0,3000.0,5770.714285714285,6477.0,3267.1100743769357,4803.4,5560.0,2697.160212852237,1100.0,0,0,1,0,0,0,1,0,0,3052
292,0,2014-07-06,-2.4492935982947064e-16,1.0,-0.4999999999999998,-0.8660254037844388,-0.07738647923346322,-0.9970011699250151,3052.0,0.0,0.0,5770.714285714285,6477.0,3267.1100743769357,4576.633333333333,5377.5,2806.9929975875903,1100.0,0,0,1,0,0,0,1,0,0,0
292,0,2014-07-07,0.7818314824680298,0.6234898018587336,-0.4999999999999998,-0.8660254037844388,-0.09453674981719933,-0.9955213724144752,0.0,10003.0,5850.0,5275.714285714285,6477.0,2738.775864888409,4672.7,5560.0,2823.666058574357,1100.0,0,0,1,0,0,0,1,0,0,6538
292,0,2014-07-08,0.9749279121818236,-0.22252093395631434,-0.4999999999999998,-0.8660254037844388,-0.11165900712169444,-0.9937465804361781,6538.0,7583.0,4823.0,4810.428571428572,6371.0,2551.741683448311,4816.9,5560.0,2683.8076187541424,1100.0,0,0,1,0,0,0,1,0,0,4326
292,0,2014-07-09,0.43388373911755823,-0.900968867902419,-0.4999999999999998,-0.8660254037844388,-0.12874817745258066,-0.99167731989929,4326.0,6371.0,4328.0,4584.285714285715,4788.0,2458.8428656779256,4976.5,5560.0,2525.156338621983,1100.0,0,0,1,0,0,0,1,0,0,4788
292,0,2014-07-10,-0.433883739117558,-0.9009688679024191,-0.4999999999999998,-0.8660254037844388,-0.14579919691987442,-0.9893142039703664,4788.0,6909.0,4762.0,4419.428571428572,4788.0,2311.257944435081,4975.366666666667,5560.0,2524.7867029518197,1100.0,0,0,1,0,0,0,1,0,0,5755
292,0,2014-07-11,-0.9749279121818236,-0.2225209339563146,-0.4999999999999998,-0.8660254037844388,-0.16280701293851646,-0.9866579328916572,5755.0,6477.0,5296.0,4335.714285714285,4788.0,2233.6198359229707,4989.766666666666,5708.0,2528.868844628633,1100.0,0,0,1,0,0,0,1,0,0,5891
292,0,2014-07-12,-0.7818314824680299,0.6234898018587334,-0.4999999999999998,-0.8660254037844388,-0.17976658572556214,-0.9837092937736098,5891.0,3052.0,3666.0,4382.714285714285,4788.0,2205.388833009248,4913.766666666666,5525.5,2542.22579212802,1100.0,0,0,1,0,0,0,1,0,0,3381
292,0,2014-07-13,-2.4492935982947064e-16,1.0,-0.4999999999999998,-0.8660254037844388,-0.19667288979357622,-0.9804691603616321,3381.0,0.0,0.0,4382.714285714285,4788.0,2205.388833009248,4721.6,5059.5,2689.2962237935712,1100.0,0,0,1,0,0,0,1,0,0,0
292,0,2014-07-14,0.7818314824680298,0.6234898018587336,-0.4999999999999998,-0.8660254037844388,-0.2135209154397959,-0.9769384927771817,0.0,6538.0,10003.0,4582.285714285715,4788.0,2479.150238440966,4884.533333333334,5525.5,2732.0722681072953,1100.0,1,0,1,0,0,0,1,0,0,7935
292,0,2014-07-15,0.9749279121818236,-0.22252093395631434,-0.4999999999999998,-0.8660254037844388,-0.23030567023061196,-0.973118337233262,7935.0,4326.0,7583.0,4926.0,5755.0,2601.4652281614945,5108.933333333333,5802.5,2589.8086327030055,1100.0,1,0,1,0,0,0,1,0,0,6732
292,0,2014-07-16,0.43388373911755823,-0.900968867902419,-0.4999999999999998,-0.8660254037844388,-0.24702218048093527,-0.9690098257244063,6732.0,4788.0,6371.0,5207.285714285715,5891.0,2689.0330798935734,5049.0,5802.5,2527.3615927859782,1100.0,1,0,1,0,0,0,1,0,0,6757
292,0,2014-07-17,-0.433883739117558,-0.9009688679024191,-0.4999999999999998,-0.8660254037844388,-0.2636654927280072,-0.9646141756912435,6757.0,5755.0,6909.0,5231.857142857143,5927.0,2695.6497317326834,5005.1,5802.5,2499.2011461596157,1100.0,1,0,1,0,0,0,1,0,0,5927
292,0,2014-07-18,-0.9749279121818236,-0.2225209339563146,-0.4999999999999998,-0.8660254037844388,-0.2802306751992161,-0.9599326896597445,5927.0,5891.0,6477.0,5184.428571428572,5927.0,2685.0192958427006,4963.4,5657.0,2478.397418800557,1100.0,1,0,1,0,0,0,1,0,0,5559
292,0,2014-07-19,-0.7818314824680299,0.6234898018587334,-0.4999999999999998,-0.8660254037844388,-0.2967128192734901,-0.9549667548552553,5559.0,3381.0,3052.0,5123.857142857143,5927.0,2736.7673405297874,4845.4,5427.5,2487.1195858829906,1100.0,0,0,1,0,0,0,1,0,0,2957
292,0,2014-07-20,-2.4492935982947064e-16,1.0,-0.4999999999999998,-0.8660254037844388,-0.3131070409358267,-0.9497178427914317,2957.0,0.0,0.0,5123.857142857143,5927.0,2736.7673405297874,4622.2,5059.5,2612.607264255651,1100.0,0,0,1,0,0,0,1,0,0,0
292,0,2014-07-21,0.7818314824680298,0.6234898018587336,-0.4999999999999998,-0.8660254037844388,-0.3294084822245302,-0.9441875088341994,0.0,7935.0,6538.0,4752.857142857143,5559.0,2453.5422982952236,4700.133333333333,5317.0,2597.375422432708,1100.0,0,0,1,0,0,0,1,0,0,5338
292,0,2014-07-22,0.9749279121818236,-0.22252093395631434,-0.4999999999999998,-0.8660254037844388,-0.3456123126707333,-0.9383773917408642,5338.0,6732.0,4326.0,4404.428571428572,5338.0,2293.6093722299233,4843.233333333334,5317.0,2443.179029720169,1100.0,0,0,1,0,0,0,1,0,0,4293
292,0,2014-07-23,0.43388373911755823,-0.900968867902419,-0.4999999999999998,-0.8660254037844388,-0.3617137307297674,-0.9322892131745134,4293.0,6757.0,4788.0,4088.4285714285716,4545.0,2055.482089206228,4799.733333333334,5059.5,2436.2434753662014,1100.0,0,0,1,0,0,0,1,0,0,4545
292,0,2014-07-24,-0.433883739117558,-0.9009688679024191,-0.4999999999999998,-0.8660254037844388,-0.37770796520396466,-0.9259247771938499,4545.0,5927.0,5755.0,3912.5714285714284,4545.0,1920.1717681102373,4795.5,5042.0,2436.3119916565843,1100.0,0,0,1,0,0,0,1,0,0,4696
292,0,2014-07-25,-0.9749279121818236,-0.2225209339563146,-0.4999999999999998,-0.8660254037844388,-0.39359027665646645,-0.9192859697186105,4696.0,5559.0,5891.0,3741.8571428571427,4364.0,1798.6761269121746,4796.7,5042.0,2436.082640436178,1100.0,0,0,1,0,0,0,1,0,0,4364
292,0,2014-07-26,-0.7818314824680299,0.6234898018587334,-0.4999999999999998,-0.8660254037844388,-0.4093559588156211,-0.9123747579707274,4364.0,2957.0,3381.0,3661.714285714286,4364.0,1851.206157642959,4717.833333333333,5042.0,2475.229130227433,1100.0,0,0,1,0,0,0,1,0,0,2396
292,0,2014-07-27,-2.4492935982947064e-16,1.0,-0.4999999999999998,-0.8660254037844388,-0.42500033996955394,-0.9051931898913975,2396.0,0.0,0.0,3661.714285714286,4364.0,1851.206157642959,4541.3,4742.0,2617.347777742803,1100.0,0,0,1,0,0,0,1,0,0,0
292,0,2014-07-28,0.7818314824680298,0.6234898018587336,-0.4999999999999998,-0.8660254037844388,-0.4405187843504952,-0.8977433935342336,0.0,5338.0,7935.0,3824.8571428571427,4364.0,2061.887357784234,4635.1,5063.0,2635.259764072215,1100.0,1,0,1,0,0,0,1,0,0,6480
292,0,2014-07-29,0.9749279121818236,-0.22252093395631434,-0.4999999999999998,-0.8660254037844388,-0.455906693508459,-0.8900275764346766,6480.0,4293.0,6732.0,4075.714285714286,4545.0,2228.4308914784,4836.733333333334,5448.5,2496.1246367717436,1100.0,1,0,1,0,0,0,1,0,0,6049
292,0,2014-07-30,0.43388373911755823,-0.900968867902419,-0.4999999999999998,-0.8660254037844388,-0.47115950767386394,-0.8820480249558535,6049.0,4545.0,6757.0,4228.714285714285,4696.0,2301.5868956211975,4690.5,5448.5,2304.1486384944615,1100.0,1,0,1,0,0,0,1,0,0,5616
292,0,2014-07-31,-0.433883739117558,-0.9009688679024191,-0.4999999999999998,-0.8660254037844388,-0.4862727071086902,-0.8738071036110807,5616.0,4696.0,5927.0,4457.857142857143,5616.0,2432.0134613505875,4647.733333333334,5448.5,2260.0960604139964,1100.0,1,0,1,0,0,0,1,0,0,6300
292,0,2014-08-01,-0.9749279121818236,-0.2225209339563146,-0.8660254037844384,-0.5000000000000004,-0.5012418134457756,-0.8653072543632061,6300.0,4364.0,5559.0,4716.571428571428,6049.0,2515.2659141823583,4641.2,5448.5,2255.220814939847,1100.0,1,0,1,0,0,0,1,0,0,6175
292,0,2014-08-02,-0.7818314824680299,0.6234898018587334,-0.8660254037844384,-0.5000000000000004,-0.5160623910158526,-0.8565509959010037,6175.0,2396.0,2957.0,4806.428571428572,6049.0,2428.278461320753,4511.733333333334,5063.0,2231.9076722551226,1100.0,0,0,1,0,0,0,1,0,0,3025
292,0,2014-08-03,-2.4492935982947064e-16,1.0,-0.8660254037844384,-0.5000000000000004,-0.5307300481619331,-0.8475409228928312,3025.0,0.0,0.0,4806.428571428572,6049.0,2428.278461320753,4295.833333333333,4742.0,2345.6197193526714,1100.0,0,0,1,0,0,0,1,0,0,0
292,0,2014-08-04,0.7818314824680298,0.6234898018587336,-0.8660254037844384,-0.5000000000000004,-0.5452404385406507,-0.8382797052177745,0.0,6480.0,5338.0,4958.285714285715,6049.0,2578.946019487142,4445.533333333334,5063.0,2406.0318703042058,1100.0,1,0,1,0,0,0,1,0,0,7543
292,0,2014-08-05,0.9749279121818236,-0.22252093395631434,-0.8660254037844384,-0.5000000000000004,-0.5595892624101763,-0.828770087174504,7543.0,6049.0,4293.0,4995.0,6175.0,2598.814345042755,4655.733333333334,5448.5,2276.2169149002866,1100.0,1,0,1,0,0,0,1,0,0,6306
292,0,2014-08-06,0.43388373911755823,-0.900968867902419,-0.8660254037844384,-0.5000000000000004,-0.5737722679043243,-0.8190148866680802,6306.0,5616.0,4545.0,4982.142857142857,6175.0,2595.4504701221226,4622.0,5432.0,2254.757713109682,1100.0,1,0,1,0,0,0,1,0,0,5526
292,0,2014-08-07,-0.433883739117558,-0.9009688679024191,-0.8660254037844384,-0.5000000000000004,-0.5877852522924734,-0.8090169943749472,5526.0,6300.0,4696.0,4896.0,5697.0,2554.0982753214494,4667.7,5542.5,2262.4322607500926,1100.0,1,0,1,0,0,0,1,0,0,5697
292,0,2014-08-08,-0.9749279121818236,-0.2225209339563146,-0.8660254037844384,-0.5000000000000004,-0.6016240632249227,-0.7987793728863648,5697.0,6175.0,4364.0,4804.428571428572,5534.0,2511.7395603540626,4692.566666666667,5546.5,2267.8931843017467,1100.0,1,0,1,0,0,0,1,0,0,5534
292,0,2014-08-09,-0.7818314824680299,0.6234898018587334,-0.8660254037844384,-0.5000000000000004,-0.6152845999633277,-0.7883050558305253,5534.0,3025.0,2396.0,4764.857142857143,5534.0,2546.389105417802,4592.333333333333,5530.0,2285.6978008436777,1100.0,0,0,1,0,0,0,1,0,0,2748
292,0,2014-08-10,-2.4492935982947064e-16,1.0,-0.8660254037844384,-0.5000000000000004,-0.6287628145958345,-0.7775971469736268,2748.0,0.0,0.0,4764.857142857143,5534.0,2546.389105417802,4395.966666666666,5432.0,2419.420085593803,1100.0,0,0,1,0,0,0,1,0,0,0
292,0,2014-08-11,0.7818314824680298,0.6234898018587336,-0.8660254037844384,-0.5000000000000004,-0.6420547132365636,-0.7666588193001592,0.0,7543.0,6480.0,4511.285714285715,5534.0,2300.0983105283194,4475.533333333334,5530.0,2424.1358607273605,1100.0,0,0,1,0,0,0,1,0,0,5768
292,0,2014-08-12,0.9749279121818236,-0.22252093395631434,-0.8660254037844384,-0.5000000000000004,-0.655156357209085,-0.7554933140726804,5768.0,6306.0,6049.0,4345.857142857143,5526.0,2188.4375269867305,4647.133333333333,5530.0,2273.953123790246,1100.0,0,0,1,0,0,0,1,0,0,5148
292,0,2014-08-13,0.43388373911755823,-0.900968867902419,-0.8660254037844384,-0.5000000000000004,-0.6680638642135333,-0.7441039398713608,5148.0,5526.0,5616.0,4210.428571428572,5148.0,2131.83487924861,4535.233333333334,5432.0,2187.5358942211124,1100.0,0,0,1,0,0,0,1,0,0,4578
292,0,2014-08-14,-0.433883739117558,-0.9009688679024191,-0.8660254037844384,-0.5000000000000004,-0.6807734094770159,-0.7324940716135792,4578.0,5697.0,6300.0,4077.1428571428573,4764.0,2051.0367645470883,4469.633333333333,5243.0,2148.5483067496516,1100.0,0,0,1,0,0,0,1,0,0,4764
292,0,2014-08-15,-0.9749279121818236,-0.2225209339563146,-0.8660254037844384,-0.5000000000000004,-0.6932812268869771,-0.7206671495538615,4764.0,5534.0,6175.0,3912.285714285714,4578.0,1958.722178214293,4390.4,4956.0,2104.6679253179304,1100.0,0,0,1,0,0,0,1,0,0,4380
292,0,2014-08-16,-0.7818314824680299,0.6234898018587334,-0.8660254037844384,-0.5000000000000004,-0.7055836101071774,-0.7086266782644601,4380.0,2748.0,3025.0,3925.1428571428573,4578.0,1950.0823425837991,4287.433333333333,4730.0,2102.4610158070745,1100.0,0,0,1,0,0,0,1,0,0,2838
292,0,2014-08-17,-2.4492935982947064e-16,1.0,-0.8660254037844384,-0.5000000000000004,-0.7176769136759615,-0.6963762255968726,2838.0,0.0,0.0,3925.1428571428573,4578.0,1950.0823425837991,4102.133333333333,4637.0,2227.7640519732727,1100.0,0,0,1,0,0,0,1,0,0,0
292,0,2014-08-18,0.7818314824680298,0.6234898018587336,-0.8660254037844384,-0.5000000000000004,-0.7295575540864876,-0.6839194216246105,0.0,5768.0,7543.0,4258.714285714285,4578.0,2452.7673292484465,4273.666666666667,4730.0,2332.217685666015,1100.0,1,0,1,0,0,0,1,0,0,8103
292,0,2014-08-19,0.9749279121818236,-0.22252093395631434,-0.8660254037844384,-0.5000000000000004,-0.7412220108485957,-0.6712599575675315,8103.0,5148.0,6306.0,4546.428571428572,4578.0,2681.8894991617904,4512.4,4956.0,2244.5825600689163,1100.0,1,0,1,0,0,0,1,0,0,7162
292,0,2014-08-20,0.43388373911755823,-0.900968867902419,-0.8660254037844384,-0.5000000000000004,-0.7526668275320083,-0.6584015846980489,7162.0,4578.0,5526.0,4754.714285714285,4764.0,2740.7217245515044,4535.666666666667,4956.0,2257.018758929782,1100.0,1,0,1,0,0,0,1,0,0,6036
292,0,2014-08-21,-0.433883739117558,-0.9009688679024191,-0.8660254037844384,-0.5000000000000004,-0.7638886127905429,-0.64534811322955,6036.0,4764.0,5697.0,4895.714285714285,5751.0,2766.5461448218384,4584.266666666666,5337.0,2267.287349772145,1100.0,1,0,1,0,0,0,1,0,0,5751
292,0,2014-08-22,-0.9749279121818236,-0.2225209339563146,-0.8660254037844384,-0.5000000000000004,-0.7748840413670406,-0.6321034111873488,5751.0,4380.0,5534.0,5114.714285714285,5913.0,2779.5637376085806,4629.866666666667,5530.0,2280.1903691447005,1100.0,1,0,1,0,0,0,1,0,0,5913
292,0,2014-08-23,-0.7818314824680299,0.6234898018587334,-0.8660254037844384,-0.5000000000000004,-0.7856498550787144,-0.6186714032625032,5913.0,2838.0,2748.0,5169.0,5913.0,2730.974063101542,4580.6,5530.0,2294.6335685231134,1100.0,0,0,1,0,0,0,1,0,0,3218
292,0,2014-08-24,-2.4492935982947064e-16,1.0,-0.8660254037844384,-0.5000000000000004,-0.7961828637826154,-0.6050560696488494,3218.0,0.0,0.0,5169.0,5913.0,2730.974063101542,4435.133333333333,5530.0,2442.4063703980405,1100.0,0,0,1,0,0,0,1,0,0,0
292,0,2014-08-25,0.7818314824680298,0.6234898018587336,-0.8660254037844384,-0.5000000000000004,-0.8064799463209447,-0.5912614448635782,0.0,8103.0,5768.0,4808.285714285715,5751.0,2428.9036425436693,4541.2,5556.0,2419.78691566869,1100.0,0,0,1,0,0,0,1,0,0,5578
292,0,2014-08-26,0.9749279121818236,-0.22252093395631434,-0.8660254037844384,-0.5000000000000004,-0.8165380514459157,-0.5772916165517278,5578.0,7162.0,5148.0,4466.571428571428,5578.0,2200.058776271127,4700.2,5556.0,2262.7197153745847,1100.0,0,0,1,0,0,0,1,0,0,4770
292,0,2014-08-27,0.43388373911755823,-0.900968867902419,-0.8660254037844384,-0.5000000000000004,-0.8263541987239095,-0.5631507242749187,4770.0,6036.0,4578.0,4294.714285714285,4833.0,2101.8234713604966,4645.3,5530.0,2237.8918828465235,1100.0,0,0,1,0,0,0,1,0,0,4833
292,0,2014-08-28,-0.433883739117558,-0.9009688679024191,-0.8660254037844384,-0.5000000000000004,-0.8359254794186365,-0.5488429582847199,4833.0,5751.0,4764.0,4218.142857142857,4833.0,2049.0276904401408,4617.5,5370.5,2224.9962533870075,1100.0,0,0,1,0,0,0,1,0,0,5215
292,0,2014-08-29,-0.9749279121818236,-0.2225209339563146,-0.8660254037844384,-0.5000000000000004,-0.8452490573530634,-0.5343725582809785,5215.0,5913.0,4380.0,4194.285714285715,4833.0,2026.8575607152447,4621.833333333333,5370.5,2227.133523137998,1100.0,0,0,1,0,0,0,1,0,0,5746
292,0,2014-08-30,-0.7818314824680299,0.6234898018587334,-0.8660254037844384,-0.5000000000000004,-0.8543221697498269,-0.5197438121555157,5746.0,3218.0,2838.0,4223.285714285715,4833.0,2011.958392071902,4525.866666666667,5181.5,2214.3190551862513,1100.0,0,0,1,0,0,0,1,0,0,3421
292,0,2014-08-31,-2.4492935982947064e-16,1.0,-0.8660254037844384,-0.5000000000000004,-0.8631421280499115,-0.5049610547215202,3421.0,0.0,0.0,4223.285714285715,4833.0,2011.958392071902,4320.033333333334,4990.5,2339.2149063651523,1100.0,0,0,1,0,0,0,1,0,0,0
292,0,2014-09-01,0.7818314824680298,0.6234898018587336,-1.0,-1.8369701987210297e-16,-0.8717063187093218,-0.4900286664290594,0.0,5578.0,8103.0,4733.0,4833.0,2734.5646819923636,4524.066666666667,5181.5,2484.780014315199,1100.0,1,0,1,0,0,0,1,0,0,9146
292,0,2014-09-02,0.9749279121818236,-0.22252093395631434,-1.0,-1.8369701987210297e-16,-0.8800122039735356,-0.4749510720670502,9146.0,4770.0,7162.0,5171.142857142857,5215.0,2976.4835756628136,4785.3,5370.5,2403.3803945047216,1100.0,1,0,1,0,0,0,1,0,0,7837
292,0,2014-09-03,0.43388373911755823,-0.900968867902419,-1.0,-1.8369701987210297e-16,-0.888057322629493,-0.4597327394521046,7837.0,4833.0,6036.0,5348.285714285715,5746.0,2989.8738944580796,4736.3,5370.5,2359.8079575575084,1100.0,1,0,1,0,0,0,1,0,0,6073
292,0,2014-09-04,-0.433883739117558,-0.9009688679024191,-1.0,-1.8369701987210297e-16,-0.8958392907349089,-0.44437817810461344,6073.0,5215.0,5751.0,5564.0,6073.0,3032.818381198149,4750.266666666666,5370.5,2370.633785958188,1100.0,1,0,1,0,0,0,1,0,0,6725
292,0,2014-09-05,-0.9749279121818236,-0.2225209339563146,-1.0,-1.8369701987210297e-16,-0.9033558023246842,-0.4288919379124841,6725.0,5746.0,5913.0,5626.142857142857,6181.0,3041.612972781137,4772.1,5374.5,2381.018086362685,1100.0,1,0,1,0,0,0,1,0,0,6181
292,0,2014-09-06,-0.7818314824680299,0.6234898018587334,-1.0,-1.8369701987210297e-16,-0.9106046300942162,-0.41327860778290443,6181.0,3421.0,3218.0,5606.571428571428,6181.0,3058.5604924072227,4691.666666666667,5181.5,2389.4385624405945,1100.0,0,0,1,0,0,0,1,0,0,3284
292,0,2014-09-07,-2.4492935982947064e-16,1.0,-1.0,-1.8369701987210297e-16,-0.9175836260593934,-0.3975428142825566,3284.0,0.0,0.0,5606.571428571428,6181.0,3058.5604924072227,4507.2,4990.5,2531.555708146334,1100.0,0,0,1,0,0,0,1,0,0,0
292,0,2014-09-08,0.7818314824680298,0.6234898018587336,-1.0,-1.8369701987210297e-16,-0.9242907221930934,-0.3816892202666586,0.0,9146.0,5578.0,5207.285714285715,6181.0,2678.2883037670263,4627.3,5181.5,2530.6844399258416,1100.0,0,0,1,0,0,0,1,0,0,6351
292,0,2014-09-09,0.9749279121818236,-0.22252093395631434,-1.0,-1.8369701987210297e-16,-0.9307239310379793,-0.3657225234972692,6351.0,7837.0,4770.0,4847.142857142857,6073.0,2423.0789936615383,4804.5,5265.5,2376.9507814091135,1100.0,0,0,1,0,0,0,1,0,0,5316
292,0,2014-09-10,0.43388373911755823,-0.900968867902419,-1.0,-1.8369701987210297e-16,-0.9368813462954315,-0.34964745525122826,5316.0,6073.0,4833.0,4694.285714285715,5316.0,2365.9346084430504,4779.0,5181.5,2370.352207206117,1100.0,0,0,1,0,0,0,1,0,0,5003
292,0,2014-09-11,-0.433883739117558,-0.9009688679024191,-1.0,-1.8369701987210297e-16,-0.9427611433904206,-0.33346877891818705,5003.0,6725.0,5215.0,4387.857142857143,5003.0,2191.569105197719,4760.066666666667,5109.0,2369.5715011053344,1100.0,0,0,1,0,0,0,1,0,0,4580
292,0,2014-09-12,-0.9749279121818236,-0.2225209339563146,-1.0,-1.8369701987210297e-16,-0.9483615800121716,-0.31719128858910595,4580.0,6181.0,5746.0,4232.285714285715,5003.0,2078.817349222523,4777.2,5153.5,2370.067864589247,1100.0,0,0,1,0,0,0,1,0,0,5092
292,0,2014-09-13,-0.7818314824680299,0.6234898018587334,-1.0,-1.8369701987210297e-16,-0.9536809966304455,-0.300819807635668,5092.0,3284.0,3421.0,4208.142857142857,5003.0,2092.60168439285,4722.233333333334,5153.5,2389.4273110334734,1100.0,0,0,1,0,0,0,1,0,0,3115
292,0,2014-09-14,-2.4492935982947064e-16,1.0,-1.0,-1.8369701987210297e-16,-0.9587178169872964,-0.2843591872810036,3115.0,0.0,0.0,4208.142857142857,5003.0,2092.60168439285,4576.233333333334,5153.5,2540.1222300665318,1100.0,0,0,1,0,0,0,1,0,0,0
292,0,2014-09-15,0.7818314824680298,0.6234898018587336,-1.0,-1.8369701987210297e-16,-0.9634705485641486,-0.26781430516217486,0.0,6351.0,9146.0,4432.714285714285,5003.0,2419.682879654941,4745.733333333334,5265.5,2589.3141940294367,1100.0,1,0,1,0,0,0,1,0,0,7923
292,0,2014-09-16,0.9749279121818236,-0.22252093395631434,-1.0,-1.8369701987210297e-16,-0.9679377830240642,-0.25119006388481957,7923.0,5316.0,7837.0,4662.571428571428,5003.0,2588.1346472664345,4976.566666666667,5447.0,2456.943639387451,1100.0,1,0,1,0,0,0,1,0,0,6925
292,0,2014-09-17,0.43388373911755823,-0.900968867902419,-1.0,-1.8369701987210297e-16,-0.9721181966290612,-0.23449138957041052,6925.0,5003.0,6073.0,4780.285714285715,5092.0,2624.679390851749,4900.7,5447.0,2391.3390297430497,1100.0,1,0,1,0,0,0,1,0,0,5827
292,0,2014-09-18,-0.433883739117558,-0.9009688679024191,-1.0,-1.8369701987210297e-16,-0.9760105506323682,-0.21772323039653224,5827.0,4580.0,6725.0,4996.857142857143,5827.0,2667.593136679046,4865.166666666667,5447.0,2364.346918405742,1100.0,1,0,1,0,0,0,1,0,0,6096
292,0,2014-09-19,-0.9749279121818236,-0.2225209339563146,-1.0,-1.8369701987210297e-16,-0.9796136916454901,-0.20089055513063528,6096.0,5092.0,6181.0,5100.857142857143,5827.0,2686.0478668216538,4857.966666666666,5447.0,2360.985000220116,1100.0,1,0,1,0,0,0,1,0,0,5820
292,0,2014-09-20,-0.7818314824680299,0.6234898018587334,-1.0,-1.8369701987210297e-16,-0.9829265519799822,-0.18399835165767986,5820.0,3115.0,3284.0,5062.0,5827.0,2721.2999344675964,4761.033333333334,5265.5,2382.652498767932,1100.0,0,0,1,0,0,0,1,0,0,2843
292,0,2014-09-21,-2.4492935982947064e-16,1.0,-1.0,-1.8369701987210297e-16,-0.9859481499638303,-0.1670516255021195,2843.0,0.0,0.0,5062.0,5827.0,2721.2999344675964,4563.933333333333,5153.5,2524.424918237043,1100.0,0,0,1,0,0,0,1,0,0,0
292,0,2014-09-22,0.7818314824680298,0.6234898018587336,-1.0,-1.8369701987210297e-16,-0.9886775902323404,-0.15005539834465262,0.0,7923.0,6351.0,4737.285714285715,5820.0,2444.5581546423828,4645.0,5265.5,2518.755604083782,1100.0,0,0,1,0,0,0,1,0,0,5650
292,0,2014-09-23,0.9749279121818236,-0.22252093395631434,-1.0,-1.8369701987210297e-16,-0.9911140639934546,-0.13301470653419636,5650.0,6925.0,5316.0,4474.0,5650.0,2262.1039616545754,4814.4,5265.5,2361.5732424192056,1100.0,0,0,1,0,0,0,1,0,0,5082
292,0,2014-09-24,0.43388373911755823,-0.900968867902419,-1.0,-1.8369701987210297e-16,-0.9932568492674143,-0.11593459959550066,5082.0,5827.0,5003.0,4260.571428571428,5082.0,2182.2425665007095,4772.9,5153.5,2358.629136479131,1100.0,0,0,1,0,0,0,1,0,0,4333
292,0,2014-09-25,-0.433883739117558,-0.9009688679024191,-1.0,-1.8369701987210297e-16,-0.9951053111006974,-0.09882013873287211,4333.0,6096.0,4580.0,4041.1428571428573,4560.0,2039.4816685105197,4765.9,5153.5,2358.949639871163,1100.0,0,0,1,0,0,0,1,0,0,4560
292,0,2014-09-26,-0.9749279121818236,-0.2225209339563146,-1.0,-1.8369701987210297e-16,-0.99665890175417,-0.08167639533042288,4560.0,5820.0,5092.0,3907.1428571428573,4560.0,1931.0588139300978,4767.533333333334,5153.5,2359.0146647500437,1100.0,0,0,1,0,0,0,1,0,0,4882
292,0,2014-09-27,-0.7818314824680299,0.6234898018587334,-1.0,-1.8369701987210297e-16,-0.9979171608653922,-0.06450844944931625,4882.0,2843.0,3115.0,3964.714285714286,4560.0,1899.7998766787375,4701.9,5087.0,2373.4825330056196,1100.0,0,0,1,0,0,0,1,0,0,3246
292,0,2014-09-28,-2.4492935982947064e-16,1.0,-1.0,-1.8369701987210297e-16,-0.9988797155850335,-0.04732138832243232,3246.0,0.0,0.0,3964.714285714286,4560.0,1899.7998766787373,4510.366666666667,5042.5,2514.004423271744,1100.0,0,0,1,0,0,0,1,0,0,0
292,0,2014-09-29,0.7818314824680298,0.6234898018587336,-1.0,-1.8369701987210297e-16,-0.9995462806873573,-0.03012030484690836,0.0,5650.0,7923.0,4129.571428571428,4560.0,2108.9708277690643,4623.133333333333,5087.0,2539.2021110812652,1100.0,1,0,1,0,0,0,1,0,0,6804
292,0,2014-09-30,0.9749279121818236,-0.22252093395631434,-1.0,-1.8369701987210297e-16,-0.9999166586547379,-0.012910296075008843,6804.0,5082.0,6925.0,4469.857142857143,4560.0,2452.457300244757,4871.933333333333,5204.0,2434.089731909759,1100.0,1,0,1,0,0,0,1,0,0,7464
292,0,2014-10-01,0.43388373911755823,-0.900968867902419,-0.8660254037844386,0.5000000000000001,-0.9999907397361901,0.004303538296243821,7464.0,4333.0,5827.0,4774.428571428572,4882.0,2562.5442992686562,4782.566666666667,5204.0,2318.2158371937903,1100.0,1,0,1,0,0,0,1,0,0,6465
292,0,2014-10-02,-0.433883739117558,-0.9009688679024191,-0.8660254037844386,0.5000000000000001,-0.9997685019798909,0.021516097436222233,6465.0,4560.0,6096.0,5223.285714285715,6465.0,2784.3067787324107,4778.066666666667,5204.0,2312.205514272012,1100.0,1,0,1,0,0,0,1,0,0,7702
292,0,2014-10-03,-0.9749279121818236,-0.2225209339563146,-0.8660254037844386,0.5000000000000001,-0.9992500112396835,0.03872228089217399,7702.0,4882.0,5820.0,4525.857142857143,6465.0,3422.36703800997,4575.633333333333,5087.0,2456.281370540513,1100.0,1,0,1,0,0,0,1,0,0,0
292,0,2014-10-04,-0.7818314824680299,0.6234898018587334,-0.8660254037844386,0.5000000000000001,-0.9984354211555643,0.05591699010060302,0.0,3246.0,2843.0,4630.857142857143,6465.0,3387.6549621909758,4484.166666666667,5042.5,2424.366637279525,1100.0,0,0,1,0,0,0,1,0,0,3981
292,0,2014-10-05,-2.4492935982947064e-16,1.0,-0.8660254037844386,0.5000000000000001,-0.9973249731081555,0.07309512989807776,3981.0,0.0,0.0,4630.857142857143,6465.0,3387.6549621909758,4278.133333333333,4942.5,2535.296143122799,1100.0,0,0,1,0,0,0,1,0,0,0
292,0,2014-10-06,0.7818314824680298,0.6234898018587336,-0.8660254037844386,0.5000000000000001,-0.9959189961471792,0.0902516100310407,0.0,6804.0,5650.0,4867.0,6465.0,3614.4089419986785,4450.566666666667,5042.5,2639.139732921519,1100.0,1,0,1,0,0,0,1,0,0,8457
292,0,2014-10-07,0.9749279121818236,-0.22252093395631434,-0.8660254037844386,0.5000000000000001,-0.994217906893952,0.10738134666416306,8457.0,7464.0,5082.0,4780.857142857143,6465.0,3548.788404914718,4679.266666666666,5087.0,2535.406053765605,1100.0,1,0,1,0,0,0,1,0,0,6861
292,0,2014-10-08,0.43388373911755823,-0.900968867902419,-0.8660254037844386,0.5000000000000001,-0.9922222094179324,0.12447926388678869,6861.0,6465.0,4333.0,4812.571428571428,6687.0,3567.2911691806557,4690.466666666666,5087.0,2543.773801662208,1100.0,1,0,1,0,0,0,1,0,0,6687
292,0,2014-10-09,-0.433883739117558,-0.9009688679024191,-0.8660254037844386,0.5000000000000001,-0.989932495087353,0.141540295217043,6687.0,7702.0,4560.0,4606.571428571428,6260.0,3410.8307324923476,4721.933333333333,5087.0,2557.5797278614464,1100.0,1,0,1,0,0,0,1,0,0,6260
292,0,2014-10-10,-0.9749279121818236,-0.2225209339563146,-0.8660254037844386,0.5000000000000001,-0.9873494423939864,0.15855938510313475,6260.0,0.0,4882.0,5510.428571428572,6327.0,2763.5504854650862,4766.066666666667,5371.0,2573.9679275301855,1100.0,1,0,1,0,0,0,1,0,0,6327
292,0,2014-10-11,-0.7818314824680299,0.6234898018587334,-0.8660254037844386,0.5000000000000001,-0.9844738167520923,0.17553149042142777,6327.0,3981.0,3246.0,5397.428571428572,6327.0,2851.2898167404246,4719.733333333334,5371.0,2589.8940057306504,1100.0,0,0,1,0,0,0,1,0,0,3190
292,0,2014-10-12,-2.4492935982947064e-16,1.0,-0.8660254037844386,0.5000000000000001,-0.9813064702716093,0.19245158197082995,3190.0,0.0,0.0,5397.428571428572,6327.0,2851.2898167404246,4550.0,5366.0,2727.838578498522,1100.0,0,0,1,0,0,0,1,0,0,0
292,0,2014-10-13,0.7818314824680298,0.6234898018587336,-0.8660254037844386,0.5000000000000001,-0.9778483415056568,0.20931464596304888,0.0,8457.0,6804.0,5058.428571428572,6260.0,2552.2890939405024,4648.966666666666,5735.0,2727.8392040200097,1100.0,0,0,1,0,0,0,1,0,0,6084
292,0,2014-10-14,0.9749279121818236,-0.22252093395631434,-0.8660254037844386,0.5000000000000001,-0.9741004551724206,0.22611568550828803,6084.0,6861.0,7464.0,4802.571428571428,6084.0,2428.226640791099,4817.966666666666,5735.0,2583.09920088432,1100.0,0,0,1,0,0,0,1,0,0,5070
292,0,2014-10-15,0.43388373911755823,-0.900968867902419,-0.8660254037844386,0.5000000000000001,-0.970063921851507,0.2428497220959358,5070.0,6687.0,6465.0,4611.857142857143,5352.0,2304.846519009557,4732.266666666666,5501.0,2518.3688472054146,1100.0,0,0,1,0,0,0,1,0,0,5352
292,0,2014-10-16,-0.433883739117558,-0.9009688679024191,-0.8660254037844386,0.5000000000000001,-0.965739937654855,0.25951179706979943,5352.0,6260.0,7702.0,4477.428571428572,5319.0,2218.523672561165,4678.733333333334,5335.5,2487.0247414064524,1100.0,0,0,1,0,0,0,1,0,0,5319
292,0,2014-10-17,-0.9749279121818236,-0.2225209339563146,-0.8660254037844386,0.5000000000000001,-0.9611297838723007,0.27609697309746883,5319.0,6327.0,0.0,4253.285714285715,5070.0,2075.138928223495,4643.1,5200.5,2477.645884218772,1100.0,0,0,1,0,0,0,1,0,0,4758
292,0,2014-10-18,-0.7818314824680299,0.6234898018587334,-0.8660254037844386,0.5000000000000001,-0.9562348265919058,0.2926003356333479,4758.0,3190.0,3981.0,4261.571428571428,5070.0,2070.2959415779837,4548.166666666667,5076.0,2474.617073593317,1100.0,0,0,1,0,0,0,1,0,0,3248
292,0,2014-10-19,-2.4492935982947064e-16,1.0,-0.8660254037844386,0.5000000000000001,-0.9510565162951536,0.30901699437494723,3248.0,0.0,0.0,4261.571428571428,5070.0,2070.2959415779837,4354.166666666667,4976.0,2596.59817351716,1100.0,0,0,1,0,0,0,1,0,0,0
292,0,2014-10-20,0.7818314824680298,0.6234898018587336,-0.8660254037844386,0.5000000000000001,-0.9455963874271428,0.3253420847119795,0.0,6084.0,8457.0,4706.714285714285,5070.0,2750.6519660064664,4566.066666666667,5076.0,2725.2255070668607,1100.0,1,0,1,0,0,0,1,0,0,9200
292,0,2014-10-21,0.9749279121818236,-0.22252093395631434,-0.8660254037844386,0.5000000000000001,-0.9398560579418953,0.341570769167856,9200.0,5070.0,6861.0,5006.714285714285,5319.0,2906.9548049626173,4805.066666666667,5200.5,2623.4791447595926,1100.0,1,0,1,0,0,0,1,0,0,7170
292,0,2014-10-22,0.43388373911755823,-0.900968867902419,-0.8660254037844386,0.5000000000000001,-0.9338372288229252,0.35769823883312546,7170.0,5352.0,6687.0,5013.571428571428,5319.0,2907.9614771143315,4796.733333333334,5200.5,2621.098689525044,1100.0,1,0,1,0,0,0,1,0,0,5400
292,0,2014-10-23,-0.433883739117558,-0.9009688679024191,-0.8660254037844386,0.5000000000000001,-0.9275416835791965,0.3737197147904692,5400.0,5319.0,6260.0,5143.142857142857,5400.0,2943.824464228547,4834.866666666667,5335.5,2633.683623726486,1100.0,1,0,1,0,0,0,1,0,0,6226
292,0,2014-10-24,-0.9749279121818236,-0.2225209339563146,-0.8660254037844386,0.5000000000000001,-0.9209712877166346,0.38963044953078774,6226.0,4758.0,6327.0,5235.142857142857,5402.0,2939.842367008334,4870.5,5376.0,2633.8909954404126,1100.0,1,0,1,0,0,0,1,0,0,5402
292,0,2014-10-25,-0.7818314824680299,0.6234898018587334,-0.8660254037844386,0.5000000000000001,-0.9141279881853337,0.4054257283599973,5402.0,3248.0,3190.0,5190.428571428572,5402.0,2977.2460349089342,4816.333333333333,5376.0,2657.103690673084,1100.0,0,0,1,0,0,0,1,0,0,2935
292,0,2014-10-26,-2.4492935982947064e-16,1.0,-0.8660254037844386,0.5000000000000001,-0.9070138128026362,0.42110087079608916,2935.0,0.0,0.0,5190.428571428572,5402.0,2977.2460349089342,4653.6,5376.0,2798.67019653362,1100.0,0,0,1,0,0,0,1,0,0,0
292,0,2014-10-27,0.7818314824680298,0.6234898018587336,-0.8660254037844386,0.5000000000000001,-0.8996308696522434,0.4366512319560638,0.0,9200.0,6084.0,4675.0,5402.0,2429.2966746227876,4731.8,5401.0,2790.7475873951303,1100.0,0,0,1,0,0,0,1,0,0,5592
292,0,2014-10-28,0.9749279121818236,-0.22252093395631434,-0.8660254037844386,0.5000000000000001,-0.8919813464595487,0.45207220393230374,5592.0,7170.0,5070.0,4404.714285714285,5400.0,2199.852170357945,4907.733333333334,5401.0,2644.706605634182,1100.0,0,0,1,0,0,0,1,0,0,5278
292,0,2014-10-29,0.43388373911755823,-0.900968867902419,-0.8660254037844386,0.5000000000000001,-0.8840675099433637,0.46735921715800205,5278.0,5400.0,5352.0,4337.428571428572,5278.0,2171.3547120897297,4845.233333333334,5376.0,2620.391885450219,1100.0,0,0,1,0,0,0,1,0,0,4929
292,0,2014-10-30,-0.433883739117558,-0.9009688679024191,-0.8660254037844386,0.5000000000000001,-0.8758917051442433,0.48250774176121763,4929.0,6226.0,5319.0,4171.428571428572,5064.0,2043.56713103524,4765.233333333334,5335.5,2573.908040092068,1100.0,0,0,1,0,0,0,1,0,0,5064
292,0,2014-10-31,-0.9749279121818236,-0.2225209339563146,-0.8660254037844386,0.5000000000000001,-0.867456354729597,0.4975132889071803,5064.0,5402.0,4758.0,4249.857142857143,5064.0,2108.178947857715,4748.1,5335.5,2563.894563838922,1100.0,0,0,1,0,0,0,1,0,0,5951
292,0,2014-11-01,-0.7818314824680299,0.6234898018587334,-0.5000000000000004,0.8660254037844384,-0.858763958275803,0.5123714121284235,5951.0,2935.0,3248.0,4301.571428571428,5064.0,2074.723986232291,4601.266666666666,5298.5,2514.553980239884,1100.0,0,0,1,0,0,0,1,0,0,3297
292,0,2014-11-02,-2.4492935982947064e-16,1.0,-0.5000000000000004,0.8660254037844384,-0.8498170915275277,0.5270777086423724,3297.0,0.0,0.0,4301.571428571428,5064.0,2074.723986232291,4601.266666666666,5298.5,2514.553980239884,1100.0,0,0,1,0,0,0,1,0,0,0
292,0,2014-11-03,0.7818314824680298,0.6234898018587336,-0.5000000000000004,0.8660254037844384,-0.8406184056344783,0.5416278206559811,0.0,5592.0,9200.0,4821.428571428572,5064.0,2785.952192527292,4776.266666666666,5335.5,2648.9908284468293,1100.0,1,0,1,0,0,0,1,0,0,9231
292,0,2014-11-04,0.9749279121818236,-0.22252093395631434,-0.5000000000000004,0.8660254037844384,-0.8311706263658079,0.5560174366570446,9231.0,5278.0,7170.0,5177.428571428572,5064.0,3004.6531057202433,5035.266666666666,5376.0,2543.651365903824,1100.0,1,0,1,0,0,0,1,0,0,7770
292,0,2014-11-05,0.43388373911755823,-0.900968867902419,-0.5000000000000004,0.8660254037844384,-0.8214765533024145,0.5702422926917867,7770.0,4929.0,5400.0,5472.571428571428,5951.0,3076.787440233885,4986.533333333334,5376.0,2489.2579801929014,1100.0,1,0,1,0,0,0,1,0,0,6995
292,0,2014-11-06,-0.433883739117558,-0.9009688679024191,-0.5000000000000004,0.8660254037844384,-0.8115390590073611,0.5842981736283683,6995.0,5064.0,6226.0,5758.428571428572,6995.0,3125.076631441378,4993.333333333333,5376.0,2494.8275088371533,1100.0,1,0,1,0,0,0,1,0,0,7065
292,0,2014-11-07,-0.9749279121818236,-0.2225209339563146,-0.5000000000000004,0.8660254037844384,-0.8013610881746769,0.5981809144059159,7065.0,5951.0,5402.0,5847.857142857143,6995.0,3140.425047058203,4989.666666666667,5376.0,2492.3320658445177,1100.0,1,0,1,0,0,0,1,0,0,6577
292,0,2014-11-08,-0.7818314824680299,0.6234898018587334,-0.5000000000000004,0.8660254037844384,-0.7909456567567774,0.6118864012687242,6577.0,3297.0,2935.0,5938.0,6995.0,3063.106157698975,4911.933333333333,5335.5,2487.707502117557,1100.0,0,0,1,0,0,0,1,0,0,3928
292,0,2014-11-09,-2.4492935982947064e-16,1.0,-0.5000000000000004,0.8660254037844384,-0.780295851070776,0.6254105729852457,3928.0,0.0,0.0,5938.0,6995.0,3063.106157698975,4701.033333333334,5298.5,2627.850051925017,1100.0,0,0,1,0,0,0,1,0,0,0
292,0,2014-11-10,0.7818314824680298,0.6234898018587336,-0.5000000000000004,0.8660254037844384,-0.7694148268839381,0.6387494220515268,0.0,9231.0,5592.0,5696.428571428572,6995.0,2816.9065099350246,4846.033333333334,5335.5,2661.39735766802,1100.0,1,0,1,0,0,0,1,0,0,7540
292,0,2014-11-11,0.9749279121818236,-0.22252093395631434,-0.5000000000000004,0.8660254037844384,-0.7583058084785625,0.6518989958787125,7540.0,7770.0,5278.0,5514.285714285715,6577.0,2699.2455559708906,5062.533333333334,5376.0,2513.665584612319,1100.0,1,0,1,0,0,0,1,0,0,6495
292,0,2014-11-12,0.43388373911755823,-0.900968867902419,-0.5000000000000004,0.8660254037844384,-0.7469720876965551,0.6648553979642867,6495.0,6995.0,4929.0,5380.0,6495.0,2635.9434743560087,5061.566666666667,5376.0,2513.264763462933,1100.0,1,0,1,0,0,0,1,0,0,6055
292,0,2014-11-13,-0.433883739117558,-0.9009688679024191,-0.5000000000000004,0.8660254037844384,-0.7354170229639858,0.6776147890466887,6055.0,7065.0,5064.0,5294.571428571428,6467.0,2581.3577084642184,5108.133333333333,5401.0,2526.334481545091,1100.0,1,0,1,0,0,0,1,0,0,6467
292,0,2014-11-14,-0.9749279121818236,-0.2225209339563146,-0.5000000000000004,0.8660254037844384,-0.7236440382959123,0.690173388242972,6467.0,6577.0,5951.0,5250.857142857143,6271.0,2558.510597240218,5138.766666666666,5497.0,2534.9505019085605,1100.0,1,0,1,0,0,0,1,0,0,6271
292,0,2014-11-15,-0.7818314824680299,0.6234898018587334,-0.5000000000000004,0.8660254037844384,-0.7116566222817751,0.7025274741691566,6271.0,3928.0,3297.0,5188.142857142857,6271.0,2601.362362850889,5077.766666666666,5497.0,2552.4218611881715,1100.0,0,0,1,0,0,0,1,0,0,3489
292,0,2014-11-16,-2.4492935982947064e-16,1.0,-0.5000000000000004,0.8660254037844384,-0.6994583270516471,0.7146733860429608,3489.0,0.0,0.0,5188.142857142857,6271.0,2601.362362850889,4919.166666666667,5497.0,2715.5853383543445,1100.0,0,0,1,0,0,0,1,0,0,0
292,0,2014-11-17,0.7818314824680298,0.6234898018587336,-0.5000000000000004,0.8660254037844384,-0.6870527672236675,0.726607524768565,0.0,7540.0,9231.0,5007.714285714285,6271.0,2450.4766008735082,5020.133333333333,5771.5,2707.6061030355627,1100.0,0,0,1,0,0,0,1,0,0,6277
292,0,2014-11-18,0.9749279121818236,-0.22252093395631434,-0.5000000000000004,0.8660254037844384,-0.6744436188329457,0.7383263540031063,6277.0,6495.0,7770.0,4885.0,6055.0,2384.195391881017,5208.0,5793.5,2537.454127324451,1100.0,0,0,1,0,0,0,1,0,0,5636
292,0,2014-11-19,0.43388373911755823,-0.900968867902419,-0.5000000000000004,0.8660254037844384,-0.661634618242279,0.749826401204568,5636.0,6055.0,6995.0,4768.142857142857,5636.0,2336.869018478317,5075.9,5614.0,2423.0416529073873,1100.0,0,0,1,0,0,0,1,0,0,5237
292,0,2014-11-20,-0.433883739117558,-0.9009688679024191,-0.5000000000000004,0.8660254037844384,-0.6486295610349818,0.7611042586607742,5237.0,6467.0,7065.0,4609.857142857143,5359.0,2238.055586781483,5015.533333333334,5497.0,2391.424056099624,1100.0,0,0,1,0,0,0,1,0,0,5359
292,0,2014-11-21,-0.9749279121818236,-0.2225209339563146,-0.5000000000000004,0.8660254037844384,-0.6354323008901775,0.7721565844991641,5359.0,6271.0,6577.0,4390.857142857143,5237.0,2120.324458549634,4993.466666666666,5497.0,2390.808285386197,1100.0,0,0,1,0,0,0,1,0,0,4738
292,0,2014-11-22,-0.7818314824680299,0.6234898018587334,-0.5000000000000004,0.8660254037844384,-0.622046748440868,0.7829801036770625,4738.0,3489.0,3928.0,4429.714285714285,5237.0,2103.467749082111,4911.3,5380.5,2389.3460243627237,1100.0,0,0,1,0,0,0,1,0,0,3761
292,0,2014-11-23,-2.4492935982947064e-16,1.0,-0.5000000000000004,0.8660254037844384,-0.6084768701151264,0.7935716089521472,3761.0,0.0,0.0,4429.714285714285,5237.0,2103.467749082111,4731.233333333334,5318.5,2549.2907692997283,1100.0,0,0,1,0,0,0,1,0,0,0
292,0,2014-11-24,0.7818314824680298,0.6234898018587336,-0.5000000000000004,0.8660254037844384,-0.594726686960764,0.8039279618328208,0.0,6277.0,7540.0,4675.714285714285,5237.0,2430.7469163671835,4900.033333333334,5475.5,2593.524169839227,1100.0,1,0,1,0,0,0,1,0,0,7999
292,0,2014-11-25,0.9749279121818236,-0.22252093395631434,-0.5000000000000004,0.8660254037844384,-0.5808002734538014,0.8140460935082175,7999.0,5636.0,6495.0,4959.571428571428,5237.0,2666.192782298565,5154.133333333333,5614.0,2467.2466677534003,1100.0,1,0,1,0,0,0,1,0,0,7623
292,0,2014-11-26,0.43388373911755823,-0.900968867902419,-0.5000000000000004,0.8660254037844384,-0.5667017562911184,0.8239230057575536,7623.0,5237.0,6055.0,5290.428571428572,5359.0,2844.120945455902,5219.5,5793.5,2504.936694774464,1100.0,1,0,1,0,0,0,1,0,0,7553
292,0,2014-11-27,-0.433883739117558,-0.9009688679024191,-0.5000000000000004,0.8660254037844384,-0.5524353131676203,0.8335557718385695,7553.0,5359.0,6467.0,5538.571428571428,7096.0,2925.7052059941007,5280.1,6003.0,2528.282684844159,1100.0,1,0,1,0,0,0,1,0,0,7096
292,0,2014-11-28,-0.9749279121818236,-0.2225209339563146,-0.5000000000000004,0.8660254037844384,-0.5380051715382992,0.8429415373547832,7096.0,4738.0,6271.0,6028.857142857143,7553.0,3053.941356595417,5388.133333333333,6163.0,2581.4477458139354,1100.0,1,0,1,0,0,0,1,0,0,8170
292,0,2014-11-29,-0.7818314824680299,0.6234898018587334,-0.5000000000000004,0.8660254037844384,-0.5234156073655503,0.8520775211013093,8170.0,3761.0,3489.0,6105.0,7553.0,2994.0306166325995,5362.466666666666,6163.0,2588.599697790744,1100.0,0,0,1,0,0,0,1,0,0,4294
292,0,2014-11-30,-2.4492935982947064e-16,1.0,-0.5000000000000004,0.8660254037844384,-0.5086709438521042,0.8609610158889945,4294.0,0.0,0.0,6105.0,7553.0,2994.0306166325995,5164.1,6163.0,2764.016322497845,1100.0,0,0,1,0,0,0,1,0,0,0
292,0,2014-12-01,0.7818314824680298,0.6234898018587336,-2.4492935982947064e-16,1.0,-0.4937755501599774,0.8695893893466109,0.0,7999.0,6277.0,6275.0,7553.0,3149.254832496103,5360.5,6274.0,2835.1875781768495,1100.0,1,0,1,0,0,0,1,0,0,9189
292,0,2014-12-02,0.9749279121818236,-0.22252093395631434,-2.4492935982947064e-16,1.0,-0.4787338401157883,0.8779600847008883,9189.0,7623.0,5636.0,6399.285714285715,7553.0,3227.515231788788,5643.6,6372.0,2702.384625117047,1100.0,1,0,1,0,0,0,1,0,0,8493
292,0,2014-12-03,0.43388373911755823,-0.900968867902419,-2.4492935982947064e-16,1.0,-0.4635502709028512,0.8860706215341377,8493.0,7553.0,5237.0,6400.571428571428,7562.0,3228.0531726900576,5587.966666666666,6372.0,2642.5011986861064,1100.0,1,0,1,0,0,0,1,0,0,7562
292,0,2014-12-04,-0.433883739117558,-0.9009688679024191,-2.4492935982947064e-16,1.0,-0.4482293417404106,0.893918596519257,7562.0,7096.0,5359.0,6424.714285714285,7562.0,3234.746240139294,5571.133333333333,6372.0,2629.699310637597,1100.0,1,0,1,0,0,0,1,0,0,7265
292,0,2014-12-05,-0.9749279121818236,-0.2225209339563146,-2.4492935982947064e-16,1.0,-0.4327755925504317,0.9015016841318838,7265.0,8170.0,4738.0,6447.571428571428,7562.0,3249.6649497624135,5615.633333333333,6372.0,2665.674379102282,1100.0,1,0,1,0,0,0,1,0,0,8330
292,0,2014-12-06,-0.7818314824680299,0.6234898018587334,-2.4492935982947064e-16,1.0,-0.41719360261231697,0.9088176373395028,8330.0,4294.0,3761.0,6417.285714285715,7562.0,3273.977484868922,5516.2,6274.0,2665.3817401433685,1100.0,0,0,1,0,0,0,1,0,0,4082
292,0,2014-12-07,-2.4492935982947064e-16,1.0,-2.4492935982947064e-16,1.0,-0.4014879892059737,0.9158642882672868,4082.0,0.0,0.0,6417.285714285715,7562.0,3273.977484868922,5296.966666666666,6163.0,2839.8931680165642,1100.0,0,0,1,0,0,0,1,0,0,0
292,0,2014-12-08,0.7818314824680298,0.6234898018587336,-2.4492935982947064e-16,1.0,-0.38566340624360745,0.9226395488404875,0.0,9189.0,7999.0,6047.0,7265.0,3046.957170686856,5385.933333333333,6274.0,2837.3334243475115,1100.0,0,0,1,0,0,0,1,0,0,6597
292,0,2014-12-09,0.9749279121818236,-0.22252093395631434,-2.4492935982947064e-16,1.0,-0.3697245428906732,0.9291414114031743,6597.0,8493.0,7623.0,5631.857142857143,6597.0,2849.735860775611,5572.166666666667,6274.0,2648.7149269726733,1100.0,0,0,1,0,0,0,1,0,0,5587
292,0,2014-12-10,0.43388373911755823,-0.900968867902419,-2.4492935982947064e-16,1.0,-0.3536761221763721,0.935367949313148,5587.0,7562.0,7553.0,5317.285714285715,5587.0,2719.7345283615327,5499.5,6163.0,2622.641899780219,1100.0,0,0,1,0,0,0,1,0,0,5360
292,0,2014-12-11,-0.433883739117558,-0.9009688679024191,-2.4492935982947064e-16,1.0,-0.33752289959411347,0.941317317512847,5360.0,7265.0,7096.0,5066.428571428572,5509.0,2587.9333361547333,5466.633333333333,5845.5,2615.905783436423,1100.0,0,0,1,0,0,0,1,0,0,5509
292,0,2014-12-12,-0.9749279121818236,-0.2225209339563146,-2.4492935982947064e-16,1.0,-0.32126966169236515,0.946987753076075,5509.0,8330.0,8170.0,4689.142857142857,5509.0,2195.6274295799394,5454.433333333333,5662.5,2613.9198690107605,1100.0,0,0,1,0,0,0,1,0,0,5689
292,0,2014-12-13,-0.7818314824680299,0.6234898018587334,-2.4492935982947064e-16,1.0,-0.3049212246562894,0.9523775757303973,5689.0,4082.0,4294.0,4573.714285714285,5509.0,2253.346379223998,5348.0,5611.5,2636.1799164177264,1100.0,0,0,1,0,0,0,1,0,0,3274
292,0,2014-12-14,-2.4492935982947064e-16,1.0,-2.4492935982947064e-16,1.0,-0.2884824328806098,0.9574851883550389,3274.0,0.0,0.0,4573.714285714285,5509.0,2253.346379223998,5138.966666666666,5548.0,2803.767286857203,1100.0,0,0,1,0,0,0,1,0,0,0
292,0,2014-12-15,0.7818314824680298,0.6234898018587336,-2.4492935982947064e-16,1.0,-0.27195815753410524,0.9623090774541487,0.0,6597.0,9189.0,5096.0,5509.0,3074.533677378303,5364.433333333333,5611.5,2935.385243862395,1100.0,1,0,1,0,0,0,1,0,0,10253
292,0,2014-12-16,0.9749279121818236,-0.22252093395631434,-2.4492935982947064e-16,1.0,-0.2553532951161881,0.9668478136052773,10253.0,5587.0,8493.0,5459.142857142857,5509.0,3285.103825278156,5635.4,5662.5,2794.952995718515,1100.0,1,0,1,0,0,0,1,0,0,8129
292,0,2014-12-17,0.43388373911755823,-0.900968867902419,-2.4492935982947064e-16,1.0,-0.23867276600594997,0.9711000518829505,8129.0,5360.0,7562.0,5711.571428571428,5689.0,3343.5838984111533,5663.733333333334,5662.5,2805.9680354722495,1100.0,1,0,1,0,0,0,1,0,0,7127
292,0,2014-12-18,-0.433883739117558,-0.9009688679024191,-2.4492935982947064e-16,1.0,-0.22192151300416674,0.9750645322571945,7127.0,5509.0,7265.0,6218.285714285715,7127.0,3568.944088208999,5777.733333333334,6143.0,2873.464002682596,1100.0,1,0,1,0,0,0,1,0,0,9056
292,0,2014-12-19,-0.9749279121818236,-0.2225209339563146,-2.4492935982947064e-16,1.0,-0.20510449986861926,0.9787400799669153,9056.0,5689.0,8330.0,6472.857142857143,7471.0,3588.3997096464245,5852.2,6846.5,2887.8787513949865,1100.0,1,0,1,0,0,0,1,0,0,7471
292,0,2014-12-20,-0.7818314824680299,0.6234898018587334,-2.4492935982947064e-16,1.0,-0.1882267098432439,0.9821256058680006,7471.0,3274.0,4082.0,6767.285714285715,7471.0,3359.436694560858,5851.4,6846.5,2888.0234094953507,1100.0,0,0,1,0,0,0,1,0,0,5335
292,0,2014-12-21,-2.4492935982947064e-16,1.0,-2.4492935982947064e-16,1.0,-0.1712931441814778,0.9852201067560606,5335.0,0.0,0.0,6767.285714285715,7471.0,3359.436694560858,5693.466666666666,6846.5,3074.537427874694,1100.0,0,0,1,0,0,0,1,0,0,0
292,0,2014-12-22,0.7818314824680298,0.6234898018587336,-2.4492935982947064e-16,1.0,-0.154308820664281,0.9880226656636976,0.0,10253.0,6597.0,6573.428571428572,7471.0,3157.874963597254,5864.633333333333,7111.5,3106.02019980702,1100.0,0,0,1,0,0,0,1,0,0,8896
292,0,2014-12-23,0.9749279121818236,-0.22252093395631434,-2.4492935982947064e-16,1.0,-0.13727877211326517,0.9905324521322227,8896.0,8129.0,5587.0,6568.571428571428,7471.0,3155.108495606402,6134.466666666666,7196.0,2925.334012562929,1100.0,0,0,1,0,0,0,1,0,0,8095
292,0,2014-12-24,0.43388373911755823,-0.900968867902419,-2.4492935982947064e-16,1.0,-0.12020804489935275,0.9927487224577402,8095.0,7127.0,5360.0,6174.571428571428,7471.0,3244.684825841745,6013.466666666666,7111.5,2920.621990123928,1100.0,0,0,1,0,0,0,1,0,0,4369
292,0,2014-12-25,-0.433883739117558,-0.9009688679024191,-2.4492935982947064e-16,1.0,-0.10310169744743544,0.9946708199115211,4369.0,9056.0,5509.0,4880.857142857143,5335.0,3680.4597280127678,5759.366666666667,6846.5,3101.75217982635,1100.0,0,0,1,0,0,0,1,0,0,0
292,0,2014-12-26,-0.9749279121818236,-0.2225209339563146,-2.4492935982947064e-16,1.0,-0.0859647987374467,0.9962981749346077,0.0,7471.0,5689.0,3813.5714285714284,4369.0,3881.901117457044,5507.6,6143.0,3253.9457278817727,1100.0,0,0,1,0,0,0,1,0,0,0
292,0,2014-12-27,-0.7818314824680299,0.6234898018587334,-2.4492935982947064e-16,1.0,-0.06880242680232064,0.9976303053065857,0.0,5335.0,3274.0,3516.285714285714,3254.0,3825.23771436868,5379.533333333334,5638.0,3264.861973460312,1100.0,0,0,1,0,0,0,1,0,0,3254
292,0,2014-12-28,-2.4492935982947064e-16,1.0,-2.4492935982947064e-16,1.0,-0.05161966722325418,0.9986668162884759,3254.0,0.0,0.0,3516.285714285714,3254.0,3825.23771436868,5107.2,5548.0,3363.3321880088765,1100.0,0,0,1,0,0,0,1,0,0,0
292,0,2014-12-29,0.7818314824680298,0.6234898018587336,-2.4492935982947064e-16,1.0,-0.034421611622745804,0.9994074007397048,0.0,8896.0,10253.0,3169.0,3254.0,3334.2665360365645,5179.566666666667,5638.0,3368.5836446887283,1100.0,0,0,1,0,0,0,1,0,0,6465
292,0,2014-12-30,0.9749279121818236,-0.22252093395631434,-2.4492935982947064e-16,1.0,-0.01721335615583528,0.9998518392091162,6465.0,8095.0,8129.0,2906.0,3254.0,2928.9237500032773,5388.033333333334,5971.5,3227.5541234099023,1100.0,0,0,1,0,0,0,1,0,0,6254
292,0,2014-12-31,0.43388373911755823,-0.900968867902419,-2.4492935982947064e-16,1.0,6.432490598706546e-16,1.0,6254.0,4369.0,7127.0,2836.285714285714,3254.0,2893.8959157904233,5211.1,5638.0,3156.7153525842978,1100.0,0,0,1,0,0,0,1,0,0,3881
292,0,2015-01-01,-0.433883739117558,-0.9009688679024191,0.49999999999999994,0.8660254037844387,0.017213356155834685,0.9998518392091162,3881.0,0.0,9056.0,2836.285714285714,3254.0,2893.8959157904233,4928.0,5548.0,3232.171417014503,1100.0,0,0,1,0,0,0,1,0,0,0
292,0,2015-01-02,-0.9749279121818236,-0.2225209339563146,0.49999999999999994,0.8660254037844387,0.03442161162274574,0.9994074007397048,0.0,0.0,7471.0,3560.0,3881.0,2692.847749131011,4844.8,5434.5,3193.929861255677,1100.0,0,0,1,0,0,0,1,0,0,5066
292,0,2015-01-03,-0.7818314824680299,0.6234898018587334,0.49999999999999994,0.8660254037844387,0.051619667223253764,0.998666816288476,5066.0,3254.0,5335.0,3476.0,3881.0,2713.0788783225503,4691.5,5347.5,3184.115887143343,1100.0,0,0,1,0,0,0,1,0,0,2666
292,0,2015-01-04,-2.4492935982947064e-16,1.0,0.49999999999999994,0.8660254037844387,0.06880242680231986,0.9976303053065857,2666.0,0.0,0.0,3476.0,3881.0,2713.0788783225503,4413.833333333333,5200.5,3218.8976061457106,1100.0,0,0,1,0,0,0,1,0,0,0
292,0,2015-01-05,0.7818314824680298,0.6234898018587336,0.49999999999999994,0.8660254037844387,0.08596479873744647,0.9962981749346078,0.0,6465.0,8896.0,3811.5714285714284,3881.0,3238.7406944234126,4571.566666666667,5347.5,3316.534914670717,1100.0,1,0,1,0,0,0,1,0,0,8814
292,0,2015-01-06,0.9749279121818236,-0.22252093395631434,0.49999999999999994,0.8660254037844387,0.10310169744743485,0.9946708199115211,8814.0,6254.0,8095.0,3946.5714285714284,3881.0,3374.371243019098,4811.533333333334,5434.5,3233.7624903010706,1100.0,1,0,1,0,0,0,1,0,0,7199
292,0,2015-01-07,0.43388373911755823,-0.900968867902419,0.49999999999999994,0.8660254037844387,0.1202080448993527,0.9927487224577402,7199.0,3881.0,4369.0,4281.714285714285,5066.0,3481.572858842473,4799.2,5434.5,3227.4173874947546,1100.0,1,0,1,0,0,0,1,0,0,6227
292,0,2015-01-08,-0.433883739117558,-0.9009688679024191,0.49999999999999994,0.8660254037844387,0.13727877211326478,0.9905324521322229,6227.0,0.0,0.0,5211.285714285715,6227.0,2980.441673884693,4829.866666666667,5434.5,3239.509357628241,1100.0,1,0,1,0,0,0,1,0,0,6507
292,0,2015-01-09,-0.9749279121818236,-0.2225209339563146,0.49999999999999994,0.8660254037844387,0.15430882066428117,0.9880226656636976,6507.0,5066.0,0.0,5240.0,6227.0,2979.7768372816145,4826.766666666666,5422.0,3239.0290231246304,1100.0,1,0,1,0,0,0,1,0,0,5267
292,0,2015-01-10,-0.7818314824680299,0.6234898018587334,0.49999999999999994,0.8660254037844387,0.1712931441814776,0.9852201067560606,5267.0,2666.0,3254.0,5309.428571428572,6227.0,2914.7597303576,4748.2,5301.0,3250.4757253945654,1100.0,0,0,1,0,0,0,1,0,0,3152
292,0,2015-01-11,-2.4492935982947064e-16,1.0,0.49999999999999994,0.8660254037844387,0.1882267098432442,0.9821256058680006,3152.0,0.0,0.0,5309.428571428572,6227.0,2914.7597303576,4558.566666666667,5166.5,3357.8711203558055,1100.0,0,0,1,0,0,0,1,0,0,0
292,0,2015-01-12,0.7818314824680298,0.6234898018587336,0.49999999999999994,0.8660254037844387,0.2051044998686192,0.9787400799669153,0.0,8814.0,6465.0,5096.857142857143,6227.0,2659.673503055809,4693.633333333333,5301.0,3385.7966055306697,1100.0,1,0,1,0,0,0,1,0,0,7326
292,0,2015-01-13,0.9749279121818236,-0.22252093395631434,0.49999999999999994,0.8660254037844387,0.22192151300416552,0.9750645322571948,7326.0,7199.0,6254.0,5136.571428571428,6227.0,2698.0923419546452,4942.866666666667,5781.0,3302.550526730699,1100.0,1,0,1,0,0,0,1,0,0,7477
292,0,2015-01-14,0.43388373911755823,-0.900968867902419,0.49999999999999994,0.8660254037844387,0.2386727660059501,0.9711000518829505,7477.0,6227.0,3881.0,5184.714285714285,6507.0,2723.6772761768098,4819.9,5781.0,3163.7782557764945,1100.0,1,0,1,0,0,0,1,0,0,6564
292,0,2015-01-15,-0.433883739117558,-0.9009688679024191,0.49999999999999994,0.8660254037844387,0.255353295116187,0.9668478136052775,6564.0,6507.0,0.0,4995.857142857143,5267.0,2661.841432077392,4721.766666666666,5301.0,3102.6659469174147,1100.0,1,0,1,0,0,0,1,0,0,5185
292,0,2015-01-16,-0.9749279121818236,-0.2225209339563146,0.49999999999999994,0.8660254037844387,0.2719581575341055,0.9623090774541486,5185.0,5267.0,5066.0,5122.428571428572,6153.0,2697.7063626435765,4689.3,5301.0,3081.654293193615,1100.0,1,0,1,0,0,0,1,0,0,6153
292,0,2015-01-17,-0.7818314824680299,0.6234898018587334,0.49999999999999994,0.8660254037844387,0.288482432880609,0.9574851883550393,6153.0,3152.0,2666.0,5121.428571428572,6153.0,2698.55966873336,4492.266666666666,5226.0,2980.1257313597794,1100.0,0,0,1,0,0,0,1,0,0,3145
292,0,2015-01-18,-2.4492935982947064e-16,1.0,0.49999999999999994,0.8660254037844387,0.30492122465628907,0.9523775757303974,3145.0,0.0,0.0,5121.428571428572,6153.0,2698.55966873336,4243.233333333334,5125.5,3034.2891649909734,1100.0,0,0,1,0,0,0,1,0,0,0
292,0,2015-01-19,0.7818314824680298,0.6234898018587336,0.49999999999999994,0.8660254037844387,0.3212696616923644,0.9469877530760753,0.0,7326.0,8814.0,4965.428571428572,6153.0,2578.781162819811,4273.2,5125.5,3049.8426686385455,1100.0,0,0,1,0,0,0,1,0,0,6234
292,0,2015-01-20,0.9749279121818236,-0.22252093395631434,0.49999999999999994,0.8660254037844387,0.3375228995941133,0.9413173175128471,6234.0,7477.0,7199.0,4595.571428571428,5185.0,2332.4206922667872,4436.133333333333,5125.5,2942.35415638723,1100.0,0,0,1,0,0,0,1,0,0,4888
292,0,2015-01-21,0.43388373911755823,-0.900968867902419,0.49999999999999994,0.8660254037844387,0.3536761221763716,0.9353679493131483,4888.0,6564.0,6227.0,4334.714285714285,4888.0,2172.1865876182355,4297.533333333334,4977.0,2820.432868872454,1100.0,0,0,1,0,0,0,1,0,0,4738
292,0,2015-01-22,-0.433883739117558,-0.9009688679024191,0.49999999999999994,0.8660254037844387,0.3697245428906731,0.9291414114031743,4738.0,5185.0,6507.0,4356.142857142857,4888.0,2182.6871381068627,4205.533333333334,4977.0,2736.043389620323,1100.0,0,0,1,0,0,0,1,0,0,5335
292,0,2015-01-23,-0.9749279121818236,-0.2225209339563146,0.49999999999999994,0.8660254037844387,0.38566340624360707,0.9226395488404876,5335.0,6153.0,5267.0,4179.142857142857,4888.0,2059.447533407229,4223.7,4990.0,2738.9739602946984,1100.0,0,0,1,0,0,0,1,0,0,4914
292,0,2015-01-24,-0.7818314824680299,0.6234898018587334,0.49999999999999994,0.8660254037844387,0.401487989205973,0.9158642882672872,4914.0,3145.0,3152.0,4188.857142857143,4888.0,2053.9094777660284,4330.8,4990.0,2628.7215510782917,1100.0,0,0,1,0,0,0,1,0,0,3213
292,0,2015-01-25,-2.4492935982947064e-16,1.0,0.49999999999999994,0.8660254037844387,0.4171936026123168,0.9088176373395029,3213.0,0.0,0.0,4188.857142857143,4888.0,2053.9094777660284,4330.8,4990.0,2628.7215510782917,1100.0,0,0,1,0,0,0,1,0,0,0
292,0,2015-01-26,0.7818314824680298,0.6234898018587336,0.49999999999999994,0.8660254037844387,0.4327755925504312,0.901501684131884,0.0,6234.0,7326.0,4378.714285714285,4888.0,2318.8062815657017,4474.433333333333,5125.5,2684.97630739349,1100.0,1,0,1,0,0,0,1,0,0,7563
292,0,2015-01-27,0.9749279121818236,-0.22252093395631434,0.49999999999999994,0.8660254037844387,0.4482293417404106,0.893918596519257,7563.0,4888.0,7477.0,4601.142857142857,4914.0,2446.9375028506834,4689.266666666666,5226.0,2569.998080414332,1100.0,1,0,1,0,0,0,1,0,0,6445
292,0,2015-01-28,0.43388373911755823,-0.900968867902419,0.49999999999999994,0.8660254037844387,0.4635502709028509,0.886070621534138,6445.0,4738.0,6564.0,4867.714285714285,5335.0,2563.2109884729693,4693.9,5226.0,2573.432865608334,1100.0,1,0,1,0,0,0,1,0,0,6604
292,0,2015-01-29,-0.433883739117558,-0.9009688679024191,0.49999999999999994,0.8660254037844387,0.47873384011578846,0.8779600847008882,6604.0,5335.0,5185.0,5036.857142857143,6445.0,2637.1836889992746,4702.733333333334,5226.0,2579.420423184295,1100.0,1,0,1,0,0,0,1,0,0,6519
292,0,2015-01-30,-0.9749279121818236,-0.2225209339563146,0.49999999999999994,0.8660254037844387,0.4937755501599772,0.869589389346611,6519.0,4914.0,6153.0,5286.0,6519.0,2705.147315766745,4795.3,5301.0,2598.6710549286836,1100.0,1,0,1,0,0,0,1,0,0,6658
292,0,2015-01-31,-0.7818314824680299,0.6234898018587334,0.49999999999999994,0.8660254037844387,0.5086709438521044,0.8609610158889943,6658.0,3213.0,3145.0,5357.428571428572,6519.0,2647.269590675327,4919.066666666667,5301.0,2446.366565891683,1100.0,0,0,1,0,0,0,1,0,0,3713
292,0,2015-02-01,-2.4492935982947064e-16,1.0,0.8660254037844386,0.5000000000000001,0.5234156073655503,0.8520775211013093,3713.0,0.0,0.0,5357.428571428572,6519.0,2647.269590675327,4750.2,5301.0,2605.5426385648207,1100.0,0,0,1,0,0,0,1,0,0,0
292,0,2015-02-02,0.7818314824680298,0.6234898018587336,0.8660254037844386,0.5000000000000001,0.5380051715382996,0.8429415373547828,0.0,7563.0,6234.0,5424.428571428572,6519.0,2717.400158064257,4929.066666666667,5744.0,2641.468007904247,1100.0,1,0,1,0,0,0,1,0,0,8032
292,0,2015-02-03,0.9749279121818236,-0.22252093395631434,0.8660254037844386,0.5000000000000001,0.5524353131676196,0.8335557718385699,8032.0,6445.0,4888.0,5397.714285714285,6519.0,2706.5926127566004,5137.666666666667,6190.0,2481.0189137881916,1100.0,1,0,1,0,0,0,1,0,0,6258
292,0,2015-02-04,0.43388373911755823,-0.900968867902419,0.8660254037844386,0.5000000000000001,0.5667017562911176,0.8239230057575542,6258.0,6604.0,4738.0,5358.714285714285,6331.0,2688.218475390086,5054.9,6190.0,2394.039283951596,1100.0,1,0,1,0,0,0,1,0,0,6331
292,0,2015-02-05,-0.433883739117558,-0.9009688679024191,0.8660254037844386,0.5000000000000001,0.5808002734538009,0.8140460935082178,6331.0,6519.0,5335.0,5368.714285714285,6331.0,2693.3792723569277,5034.566666666667,6190.0,2377.735762752305,1100.0,1,0,1,0,0,0,1,0,0,6589
292,0,2015-02-06,-0.9749279121818236,-0.2225209339563146,0.8660254037844386,0.5000000000000001,0.5947266869607634,0.8039279618328213,6589.0,6658.0,4914.0,5327.428571428572,6331.0,2672.4562270904107,5039.3,6193.5,2380.3313033679,1100.0,1,0,1,0,0,0,1,0,0,6369
292,0,2015-02-07,-0.7818314824680299,0.6234898018587334,0.8660254037844386,0.5000000000000001,0.6084768701151261,0.7935716089521474,6369.0,3713.0,3213.0,5316.285714285715,6331.0,2680.4601417347353,4943.566666666667,5744.0,2377.0186003556646,1100.0,0,0,1,0,0,0,1,0,0,3635
292,0,2015-02-08,-2.4492935982947064e-16,1.0,0.8660254037844386,0.5000000000000001,0.6220467484408675,0.7829801036770629,3635.0,0.0,0.0,5316.285714285715,6331.0,2680.4601417347353,4768.0,5744.0,2541.149875480624,1100.0,0,0,1,0,0,0,1,0,0,0
292,0,2015-02-09,0.7818314824680298,0.6234898018587336,0.8660254037844386,0.5000000000000001,0.6354323008901774,0.7721565844991642,0.0,8032.0,7563.0,4982.285714285715,6258.0,2418.535074122746,4852.733333333334,5923.5,2527.7526195708206,1100.0,0,0,1,0,0,0,1,0,0,5694
292,0,2015-02-10,0.9749279121818236,-0.22252093395631434,0.8660254037844386,0.5000000000000001,0.6486295610349814,0.7611042586607747,5694.0,6258.0,6445.0,4839.285714285715,5694.0,2359.404918920993,5027.966666666666,5923.5,2356.1341435280956,1100.0,0,0,1,0,0,0,1,0,0,5257
292,0,2015-02-11,0.43388373911755823,-0.900968867902419,0.8660254037844386,0.5000000000000001,0.6616346182422783,0.7498264012045686,5257.0,6331.0,6604.0,4646.571428571428,5257.0,2270.6802840516652,4949.833333333333,5514.5,2315.820299790025,1100.0,0,0,1,0,0,0,1,0,0,4982
292,0,2015-02-12,-0.433883739117558,-0.9009688679024191,0.8660254037844386,0.5000000000000001,0.6744436188329455,0.7383263540031065,4982.0,6589.0,6519.0,4499.142857142857,5257.0,2154.051951444951,4885.833333333333,5446.0,2269.6413674370733,1100.0,0,0,1,0,0,0,1,0,0,5557
292,0,2015-02-13,-0.9749279121818236,-0.2225209339563146,0.8660254037844386,0.5000000000000001,0.6870527672236669,0.7266075247685656,5557.0,6369.0,6658.0,4383.714285714285,5257.0,2056.597004299876,4852.4,5446.0,2251.3824044427683,1100.0,0,0,1,0,0,0,1,0,0,5561
292,0,2015-02-14,-0.7818314824680299,0.6234898018587334,0.8660254037844386,0.5000000000000001,0.6994583270516471,0.7146733860429609,5561.0,3635.0,3713.0,4377.0,5257.0,2059.5234076520355,4799.166666666667,5446.0,2262.1017856201265,1100.0,0,0,1,0,0,0,1,0,0,3588
292,0,2015-02-15,-2.4492935982947064e-16,1.0,0.8660254037844386,0.5000000000000001,0.7116566222817746,0.702527474169157,3588.0,0.0,0.0,4377.0,5257.0,2059.5234076520355,4594.066666666667,5296.0,2409.2722171004184,1100.0,0,0,1,0,0,0,1,0,0,0
292,0,2015-02-16,0.7818314824680298,0.6234898018587336,0.8660254037844386,0.5000000000000001,0.7236440382959124,0.6901733882429719,0.0,5694.0,8032.0,4721.142857142857,5257.0,2475.525764261768,4759.333333333333,5446.0,2475.5815246235557,1100.0,1,0,1,0,0,0,1,0,0,8103
292,0,2015-02-17,0.9749279121818236,-0.22252093395631434,0.8660254037844386,0.5000000000000001,0.7354170229639855,0.6776147890466889,8103.0,5257.0,6258.0,4957.285714285715,5557.0,2610.3312506452603,4989.666666666667,5559.0,2334.960109433071,1100.0,1,0,1,0,0,0,1,0,0,6910
292,0,2015-02-18,0.43388373911755823,-0.900968867902419,0.8660254037844386,0.5000000000000001,0.7469720876965552,0.6648553979642865,6910.0,4982.0,6331.0,5160.571428571428,5561.0,2667.3634208798094,4995.366666666667,5559.0,2338.3087829386086,1100.0,1,0,1,0,0,0,1,0,0,6405
292,0,2015-02-19,-0.433883739117558,-0.9009688679024191,0.8660254037844386,0.5000000000000001,0.7583058084785625,0.6518989958787126,6405.0,5557.0,6589.0,5289.857142857143,6405.0,2711.3503049570154,5047.833333333333,5627.5,2353.4263661562823,1100.0,1,0,1,0,0,0,1,0,0,6462
292,0,2015-02-20,-0.9749279121818236,-0.2225209339563146,0.8660254037844386,0.5000000000000001,0.7694148268839378,0.6387494220515272,6462.0,5561.0,6369.0,5322.142857142857,6405.0,2716.4578301267934,5082.8,5740.5,2356.4551460132734,1100.0,1,0,1,0,0,0,1,0,0,5787
292,0,2015-02-21,-0.7818314824680299,0.6234898018587334,0.8660254037844386,0.5000000000000001,0.7802958510707755,0.6254105729852463,5787.0,3588.0,3635.0,5262.0,6405.0,2765.469459844631,5010.533333333334,5740.5,2381.5639273867723,1100.0,0,0,1,0,0,0,1,0,0,3167
292,0,2015-02-22,-2.4492935982947064e-16,1.0,0.8660254037844386,0.5000000000000001,0.7909456567567772,0.6118864012687243,3167.0,0.0,0.0,5262.0,6405.0,2765.469459844631,4846.733333333334,5740.5,2551.3672322938946,1100.0,0,0,1,0,0,0,1,0,0,0
292,0,2015-02-23,0.7818314824680298,0.6234898018587336,0.8660254037844386,0.5000000000000001,0.8013610881746766,0.5981809144059164,0.0,8103.0,5694.0,4850.142857142857,5787.0,2470.8307259281205,4913.633333333333,5740.5,2533.300579567455,1100.0,0,0,1,0,0,0,1,0,0,5220
292,0,2015-02-24,0.9749279121818236,-0.22252093395631434,0.8660254037844386,0.5000000000000001,0.8115390590073611,0.5842981736283683,5220.0,6910.0,5257.0,4722.714285714285,5787.0,2367.7429276483062,5114.233333333334,5902.5,2363.3652611205252,1100.0,0,0,1,0,0,0,1,0,0,6018
292,0,2015-02-25,0.43388373911755823,-0.900968867902419,0.8660254037844386,0.5000000000000001,0.8214765533024142,0.5702422926917871,6018.0,6405.0,4982.0,4543.571428571428,5220.0,2264.4328839058753,5033.833333333333,5740.5,2317.7749003097283,1100.0,0,0,1,0,0,0,1,0,0,5151
292,0,2015-02-26,-0.433883739117558,-0.9009688679024191,0.8660254037844386,0.5000000000000001,0.8311706263658079,0.5560174366570446,5151.0,6462.0,5557.0,4408.857142857143,5220.0,2156.772081033088,5002.966666666666,5627.5,2304.461542063698,1100.0,0,0,1,0,0,0,1,0,0,5519
292,0,2015-02-27,-0.9749279121818236,-0.2225209339563146,0.8660254037844386,0.5000000000000001,0.8406184056344782,0.5416278206559814,5519.0,5787.0,5561.0,4389.428571428572,5220.0,2142.8561047616504,4971.2,5606.0,2288.1411880720443,1100.0,0,0,1,0,0,0,1,0,0,5651
292,0,2015-02-28,-0.7818314824680299,0.6234898018587334,0.8660254037844386,0.5000000000000001,0.8498170915275278,0.5270777086423722,5651.0,3167.0,3588.0,4459.428571428572,5220.0,2103.9175250900266,4875.8,5559.0,2281.0351159068155,1100.0,0,0,1,0,0,0,1,0,0,3657
292,0,2015-03-01,-2.4492935982947064e-16,1.0,1.0,6.123233995736766e-17,0.8587639582758029,0.5123714121284237,3657.0,0.0,0.0,4459.428571428572,5220.0,2103.9175250900266,4653.866666666667,5538.0,2421.2427093274396,1100.0,0,0,1,0,0,0,1,0,0,0
292,0,2015-03-02,0.7818314824680298,0.6234898018587336,1.0,6.123233995736766e-17,0.8674563547295968,0.49751328890718066,0.0,5220.0,8103.0,4949.142857142857,5519.0,2640.8879459108357,4818.366666666667,5559.0,2520.7151076674663,1100.0,1,0,1,0,0,0,1,0,0,8648
292,0,2015-03-03,0.9749279121818236,-0.22252093395631434,1.0,6.123233995736766e-17,0.8758917051442429,0.48250774176121847,8648.0,6018.0,6910.0,5216.0,5519.0,2852.774088497023,5081.233333333334,5606.0,2409.6564740619215,1100.0,1,0,1,0,0,0,1,0,0,7886
292,0,2015-03-04,0.43388373911755823,-0.900968867902419,1.0,6.123233995736766e-17,0.8840675099433636,0.46735921715800227,7886.0,5151.0,6405.0,5469.571428571428,5651.0,2924.029916464772,5044.366666666667,5606.0,2371.1066161304293,1100.0,1,0,1,0,0,0,1,0,0,6926
292,0,2015-03-05,-0.433883739117558,-0.9009688679024191,1.0,6.123233995736766e-17,0.8919813464595485,0.45207220393230435,6926.0,5519.0,6462.0,5540.571428571428,6016.0,2931.4546933301995,5036.3,5606.0,2367.2438819335343,1100.0,1,0,1,0,0,0,1,0,0,6016
292,0,2015-03-06,-0.9749279121818236,-0.2225209339563146,1.0,6.123233995736766e-17,0.8996308696522433,0.43665123195606403,6016.0,5651.0,5787.0,5674.0,6585.0,2958.450438996746,5044.766666666666,5606.0,2372.482603160427,1100.0,1,0,1,0,0,0,1,0,0,6585
292,0,2015-03-07,-0.7818314824680299,0.6234898018587334,1.0,6.123233995736766e-17,0.9070138128026359,0.4211008707960896,6585.0,3657.0,3167.0,5660.571428571428,6585.0,2969.3249433242663,4943.9,5559.0,2368.8880754043926,1100.0,0,0,1,0,0,0,1,0,0,3563
292,0,2015-03-08,-2.4492935982947064e-16,1.0,1.0,6.123233995736766e-17,0.9141279881853337,0.40542572835999735,3563.0,0.0,0.0,5660.571428571428,6585.0,2969.3249433242663,4731.6,5538.0,2517.500054446464,1100.0,0,0,1,0,0,0,1,0,0,0
292,0,2015-03-09,0.7818314824680298,0.6234898018587336,1.0,6.123233995736766e-17,0.9209712877166346,0.38963044953078796,0.0,8648.0,5220.0,5296.571428571428,6100.0,2684.5930701655657,4813.766666666666,5559.0,2520.6993786390485,1100.0,0,0,1,0,0,0,1,0,0,6100
292,0,2015-03-10,0.9749279121818236,-0.22252093395631434,1.0,6.123233995736766e-17,0.9275416835791966,0.37371971479046906,6100.0,7886.0,6018.0,4948.571428571428,6016.0,2439.703250885436,4995.433333333333,5559.0,2352.5935458455306,1100.0,0,0,1,0,0,0,1,0,0,5450
292,0,2015-03-11,0.43388373911755823,-0.900968867902419,1.0,6.123233995736766e-17,0.9338372288229252,0.35769823883312546,5450.0,6926.0,5151.0,4671.857142857143,5450.0,2282.846427056321,4971.933333333333,5538.0,2348.893164631078,1100.0,0,0,1,0,0,0,1,0,0,4989
292,0,2015-03-12,-0.433883739117558,-0.9009688679024191,1.0,6.123233995736766e-17,0.9398560579418954,0.3415707691678556,4989.0,6016.0,5519.0,4611.0,5450.0,2246.4293148609563,4983.033333333334,5559.0,2351.0725429681825,1100.0,0,0,1,0,0,0,1,0,0,5590
292,0,2015-03-13,-0.9749279121818236,-0.2225209339563146,1.0,6.123233995736766e-17,0.9455963874271426,0.3253420847119801,5590.0,6585.0,5651.0,4412.571428571428,5196.0,2099.5475589709663,4990.166666666667,5559.0,2351.3939238369862,1100.0,0,0,1,0,0,0,1,0,0,5196
292,0,2015-03-14,-0.7818314824680299,0.6234898018587334,1.0,6.123233995736766e-17,0.9510565162951535,0.30901699437494745,5196.0,3563.0,3657.0,4440.571428571428,5196.0,2087.602121824849,4930.233333333334,5540.0,2359.3486781435035,1100.0,0,0,1,0,0,0,1,0,0,3759
292,0,2015-03-15,-2.4492935982947064e-16,1.0,1.0,6.123233995736766e-17,0.9562348265919056,0.29260033563334836,3759.0,0.0,0.0,4440.571428571428,5196.0,2087.602121824849,4744.866666666667,5484.5,2520.9998664095165,1100.0,0,0,1,0,0,0,1,0,0,0
292,0,2015-03-16,0.7818314824680298,0.6234898018587336,1.0,6.123233995736766e-17,0.9611297838723007,0.27609697309746883,0.0,6100.0,8648.0,4793.571428571428,5196.0,2568.4940371835833,4910.966666666666,5554.5,2604.9094826200203,1100.0,1,0,1,0,0,0,1,0,0,8571
292,0,2015-03-17,0.9749279121818236,-0.22252093395631434,1.0,6.123233995736766e-17,0.9657399376548549,0.2595117970697999,8571.0,5450.0,7886.0,5061.714285714285,5196.0,2740.651608303261,5155.2,5620.5,2468.4992984011415,1100.0,1,0,1,0,0,0,1,0,0,7327
292,0,2015-03-18,0.43388373911755823,-0.900968867902419,1.0,6.123233995736766e-17,0.970063921851507,0.2428497220959356,7327.0,4989.0,6926.0,5207.428571428572,5590.0,2763.164300648981,5085.4,5620.5,2411.2127668243174,1100.0,1,0,1,0,0,0,1,0,0,6009
292,0,2015-03-19,-0.433883739117558,-0.9009688679024191,1.0,6.123233995736766e-17,0.9741004551724205,0.22611568550828828,6009.0,5590.0,6016.0,5396.714285714285,6009.0,2838.1066878164743,5085.566666666667,5620.5,2411.343404130508,1100.0,1,0,1,0,0,0,1,0,0,6915
292,0,2015-03-20,-0.9749279121818236,-0.2225209339563146,1.0,6.123233995736766e-17,0.9778483415056568,0.20931464596304847,6915.0,5196.0,6585.0,5585.571428571428,6518.0,2866.3688909572775,5089.333333333333,5620.5,2413.5627454940573,1100.0,1,0,1,0,0,0,1,0,0,6518
292,0,2015-03-21,-0.7818314824680299,0.6234898018587334,1.0,6.123233995736766e-17,0.9813064702716093,0.19245158197082998,6518.0,3759.0,3563.0,5567.714285714285,6518.0,2880.0017195762116,4995.066666666667,5554.5,2413.3283917521067,1100.0,0,0,1,0,0,0,1,0,0,3634
292,0,2015-03-22,-2.4492935982947064e-16,1.0,1.0,6.123233995736766e-17,0.9844738167520922,0.1755314904214282,3634.0,0.0,0.0,5567.714285714285,6518.0,2880.0017195762116,4802.166666666667,5484.5,2573.7915421220255,1100.0,0,0,1,0,0,0,1,0,0,0
292,0,2015-03-23,0.7818314824680298,0.6234898018587336,1.0,6.123233995736766e-17,0.9873494423939864,0.15855938510313478,0.0,8571.0,6100.0,5222.0,6151.0,2590.0555978588604,4901.633333333333,5554.5,2566.0680841793155,1100.0,0,0,1,0,0,0,1,0,0,6151
292,0,2015-03-24,0.9749279121818236,-0.22252093395631434,1.0,6.123233995736766e-17,0.989932495087353,0.141540295217043,6151.0,7327.0,5450.0,4964.857142857143,6009.0,2430.6882035458916,5085.866666666667,5558.5,2394.7015757253844,1100.0,0,0,1,0,0,0,1,0,0,5527
292,0,2015-03-25,0.43388373911755823,-0.900968867902419,1.0,6.123233995736766e-17,0.9922222094179323,0.12447926388678915,5527.0,6009.0,4989.0,4895.714285714285,5527.0,2402.759921027327,5096.033333333334,5558.5,2395.937790386539,1100.0,0,0,1,0,0,0,1,0,0,5525
292,0,2015-03-26,-0.433883739117558,-0.9009688679024191,1.0,6.123233995736766e-17,0.994217906893952,0.10738134666416309,5525.0,6915.0,5590.0,4702.571428571428,5527.0,2263.7048436241907,5080.866666666667,5545.0,2391.3360388232227,1100.0,0,0,1,0,0,0,1,0,0,5563
292,0,2015-03-27,-0.9749279121818236,-0.2225209339563146,1.0,6.123233995736766e-17,0.995918996147179,0.09025161003104117,5563.0,6518.0,5196.0,4589.428571428572,5527.0,2175.935573275923,5100.033333333334,5576.5,2394.2201305087556,1100.0,0,0,1,0,0,0,1,0,0,5726
292,0,2015-03-28,-0.7818314824680299,0.6234898018587334,1.0,6.123233995736766e-17,0.9973249731081555,0.07309512989807777,5726.0,3634.0,3759.0,4655.857142857143,5527.0,2148.8353767076896,5052.7,5576.5,2399.6819638415077,1100.0,0,0,1,0,0,0,1,0,0,4099
292,0,2015-03-29,-2.4492935982947064e-16,1.0,1.0,6.123233995736766e-17,0.9984354211555643,0.055916990100603484,4099.0,0.0,0.0,4655.857142857143,5527.0,2148.8353767076896,4864.333333333333,5545.0,2567.053098242307,1100.0,0,0,1,0,0,0,1,0,0,0
292,0,2015-03-30,0.7818314824680298,0.6234898018587336,1.0,6.123233995736766e-17,0.9992500112396835,0.03872228089217446,0.0,6151.0,8571.0,5007.0,5527.0,2589.521770520575,5029.4,5576.5,2644.7772293906864,1100.0,1,0,1,0,0,0,1,0,0,8609
292,0,2015-03-31,0.9749279121818236,-0.22252093395631434,1.0,6.123233995736766e-17,0.9997685019798909,0.021516097436222254,8609.0,5527.0,7327.0,5294.285714285715,5563.0,2762.5944155380334,5280.666666666667,5658.0,2504.8553724280455,1100.0,1,0,1,0,0,0,1,0,0,7538
292,0,2015-04-01,0.43388373911755823,-0.900968867902419,0.8660254037844387,-0.49999999999999983,0.9999907397361901,0.004303538296244289,7538.0,5525.0,6009.0,5684.142857142857,5726.0,2984.245489710453,5267.533333333334,5658.0,2487.564350002293,1100.0,1,0,1,0,0,0,1,0,0,8254
292,0,2015-04-02,-0.433883739117558,-0.9009688679024191,0.8660254037844387,-0.49999999999999983,0.9999166586547379,-0.01291029607500882,8254.0,5563.0,6915.0,6191.714285714285,7538.0,3250.484410785869,5308.533333333334,5658.0,2541.7562043396065,1100.0,1,0,1,0,0,0,1,0,0,9116
292,0,2015-04-03,-0.9749279121818236,-0.2225209339563146,0.8660254037844387,-0.49999999999999983,0.9995462806873573,-0.030120304846908114,9116.0,5726.0,6518.0,5373.714285714285,7538.0,4017.264023946555,5077.666666666667,5576.5,2699.4287944103994,1100.0,1,0,1,0,0,0,1,0,0,0
292,0,2015-04-04,-0.7818314824680299,0.6234898018587334,0.8660254037844387,-0.49999999999999983,0.9988797155850336,-0.04732138832243185,0.0,4099.0,3634.0,5404.857142857143,7538.0,4006.5658790112475,5021.033333333334,5545.0,2696.8850675948574,1100.0,0,0,1,0,0,0,1,0,0,4317
292,0,2015-04-05,-2.4492935982947064e-16,1.0,0.8660254037844387,-0.49999999999999983,0.9979171608653922,-0.06450844944931623,4317.0,0.0,0.0,5404.857142857143,7538.0,4006.5658790112475,4801.533333333334,5526.0,2829.901055091718,1100.0,0,0,1,0,0,0,1,0,0,0
292,0,2015-04-06,0.7818314824680298,0.6234898018587336,0.8660254037844387,-0.49999999999999983,0.9966589017541702,-0.08167639533042241,0.0,8609.0,6151.0,4175.0,4317.0,4176.791631543681,4682.766666666666,5526.0,2955.645978559464,1100.0,0,0,1,0,0,0,1,0,0,0
292,0,2015-04-07,0.9749279121818236,-0.22252093395631434,0.8660254037844387,-0.49999999999999983,0.9951053111006976,-0.09882013873287143,0.0,7538.0,5527.0,4036.1428571428573,4317.0,4060.904514537428,4901.633333333333,5545.0,2837.6814052094164,1100.0,0,0,1,0,0,0,1,0,0,6566
292,0,2015-04-08,0.43388373911755823,-0.900968867902419,0.8660254037844387,-0.49999999999999983,0.9932568492674143,-0.11593459959550041,6566.0,8254.0,5525.0,3617.5714285714284,4317.0,3687.5356656870804,4875.766666666666,5526.0,2829.9072445300576,1100.0,0,0,1,0,0,0,1,0,0,5324
292,0,2015-04-09,-0.433883739117558,-0.9009688679024191,0.8660254037844387,-0.49999999999999983,0.9911140639934547,-0.1330147065341959,5324.0,9116.0,5563.0,3142.0,4317.0,3013.249685417162,4887.0,5545.0,2832.9325125547343,1100.0,0,0,1,0,0,0,1,0,0,5787
292,0,2015-04-10,-0.9749279121818236,-0.2225209339563146,0.8660254037844387,-0.49999999999999983,0.9886775902323405,-0.1500553983446526,5787.0,0.0,5726.0,3864.285714285714,5056.0,2726.9457099036435,4889.233333333334,5545.0,2833.042104234923,1100.0,0,0,1,0,0,0,1,0,0,5056
292,0,2015-04-11,-0.7818314824680299,0.6234898018587334,0.8660254037844387,-0.49999999999999983,0.9859481499638304,-0.16705162550211924,5056.0,4317.0,4099.0,3726.714285714286,5056.0,2724.5904104584015,4814.7,5526.0,2843.364388330769,1100.0,0,0,1,0,0,0,1,0,0,3354
292,0,2015-04-12,-2.4492935982947064e-16,1.0,0.8660254037844387,-0.49999999999999983,0.9829265519799822,-0.18399835165768005,3354.0,0.0,0.0,3726.714285714286,5056.0,2724.5904104584015,4641.5,5526.0,2974.5640625256306,1100.0,0,0,1,0,0,0,1,0,0,0
292,0,2015-04-13,0.7818314824680298,0.6234898018587336,0.8660254037844387,-0.49999999999999983,0.9796136916454901,-0.20089055513063506,0.0,0.0,8609.0,4997.285714285715,5324.0,2770.4493446783295,4812.666666666667,5545.0,3068.2968355855646,1100.0,1,0,1,0,0,0,1,0,0,8894
292,0,2015-04-14,0.9749279121818236,-0.22252093395631434,0.8660254037844387,-0.49999999999999983,0.9760105506323683,-0.21772323039653177,8894.0,6566.0,7538.0,5188.428571428572,5324.0,2937.8198184562484,5076.133333333333,5644.5,2978.83950712277,1100.0,1,0,1,0,0,0,1,0,0,7904
292,0,2015-04-15,0.43388373911755823,-0.900968867902419,0.8660254037844387,-0.49999999999999983,0.9721181966290613,-0.23449138957040985,7904.0,5324.0,8254.0,5305.857142857143,5787.0,2960.4827550345844,4995.3,5644.5,2912.905649122484,1100.0,1,0,1,0,0,0,1,0,0,6146
292,0,2015-04-16,-0.433883739117558,-0.9009688679024191,0.8660254037844387,-0.49999999999999983,0.9679377830240642,-0.25119006388481935,6146.0,5787.0,9116.0,5536.285714285715,6146.0,3065.099330325517,4997.733333333334,5644.5,2914.9504039470876,1100.0,1,0,1,0,0,0,1,0,0,7400
292,0,2015-04-17,-0.9749279121818236,-0.2225209339563146,0.8660254037844387,-0.49999999999999983,0.9634705485641488,-0.2678143051621742,7400.0,5056.0,0.0,5703.428571428572,6226.0,3066.4441327126196,5004.966666666666,5644.5,2917.8141852318586,1100.0,1,0,1,0,0,0,1,0,0,6226
292,0,2015-04-18,-0.7818314824680299,0.6234898018587334,0.8660254037844387,-0.49999999999999983,0.9587178169872964,-0.2843591872810034,6226.0,3354.0,4317.0,5758.857142857143,6226.0,3020.0540518657126,4899.2,5545.0,2903.664799691166,1100.0,0,0,1,0,0,0,1,0,0,3742
292,0,2015-04-19,-2.4492935982947064e-16,1.0,0.8660254037844387,-0.49999999999999983,0.9536809966304457,-0.30081980763566735,3742.0,0.0,0.0,5758.857142857143,6226.0,3020.0540518657126,4681.933333333333,5526.0,3019.8898807661913,1100.0,0,0,1,0,0,0,1,0,0,0
292,0,2015-04-20,0.7818314824680298,0.6234898018587336,0.8660254037844387,-0.49999999999999983,0.9483615800121715,-0.3171912885891061,0.0,8894.0,0.0,5300.285714285715,6146.0,2690.3787660405596,4750.266666666666,5545.0,3018.5529866698303,1100.0,0,0,1,0,0,0,1,0,0,5684
292,0,2015-04-21,0.9749279121818236,-0.22252093395631434,0.8660254037844387,-0.49999999999999983,0.9427611433904207,-0.3334687789181868,5684.0,7904.0,6566.0,4901.857142857143,5684.0,2434.906324589063,4920.766666666666,5545.0,2882.3726539245367,1100.0,0,0,1,0,0,0,1,0,0,5115
292,0,2015-04-22,0.43388373911755823,-0.900968867902419,0.8660254037844387,-0.49999999999999983,0.9368813462954315,-0.3496474552512284,5115.0,6146.0,5324.0,4763.428571428572,5177.0,2379.295684100856,4888.3,5526.0,2873.5095104934967,1100.0,0,0,1,0,0,0,1,0,0,5177
292,0,2015-04-23,-0.433883739117558,-0.9009688679024191,0.8660254037844387,-0.49999999999999983,0.9307239310379795,-0.36572252349726897,5177.0,7400.0,5787.0,4417.571428571428,5115.0,2090.6111432738876,4870.033333333334,5424.5,2871.050084038503,1100.0,0,0,1,0,0,0,1,0,0,4979
292,0,2015-04-24,-0.9749279121818236,-0.2225209339563146,0.8660254037844387,-0.49999999999999983,0.9242907221930934,-0.3816892202666588,4979.0,6226.0,5056.0,4274.714285714285,5115.0,1977.5496381705732,4860.066666666667,5275.0,2869.216400696018,1100.0,0,0,1,0,0,0,1,0,0,5226
292,0,2015-04-25,-0.7818314824680299,0.6234898018587334,0.8660254037844387,-0.49999999999999983,0.9175836260593937,-0.39754281428255595,5226.0,3742.0,3354.0,4271.428571428572,5115.0,1978.6010931247056,4798.6,5201.5,2873.387122999738,1100.0,0,0,1,0,0,0,1,0,0,3719
292,0,2015-04-26,-2.4492935982947064e-16,1.0,0.8660254037844387,-0.49999999999999983,0.9106046300942163,-0.4132786077829042,3719.0,0.0,0.0,4271.428571428572,5115.0,1978.6010931247056,4607.733333333334,5146.0,2997.1701703248473,1100.0,0,0,1,0,0,0,1,0,0,0
292,0,2015-04-27,0.7818314824680298,0.6234898018587336,0.8660254037844387,-0.49999999999999983,0.9033558023246845,-0.4288919379124835,0.0,5684.0,8894.0,4693.857142857143,5115.0,2560.5288795202346,4759.133333333333,5201.5,3084.044665508364,1100.0,1,0,1,0,0,0,1,0,0,8641
292,0,2015-04-28,0.9749279121818236,-0.22252093395631434,0.8660254037844387,-0.49999999999999983,0.895839290734909,-0.4443781781046132,8641.0,5115.0,7904.0,5071.857142857143,5177.0,2815.6605162656165,5017.833333333333,5275.0,2995.299168563205,1100.0,1,0,1,0,0,0,1,0,0,7761
292,0,2015-04-29,0.43388373911755823,-0.900968867902419,0.8660254037844387,-0.49999999999999983,0.8880573226294932,-0.45973273945210397,7761.0,5177.0,6146.0,5312.142857142857,5226.0,2896.7317462139686,4959.5,5275.0,2939.469982133189,1100.0,1,0,1,0,0,0,1,0,0,6859
292,0,2015-04-30,-0.433883739117558,-0.9009688679024191,0.8660254037844387,-0.49999999999999983,0.8800122039735357,-0.47495107206704995,6859.0,4979.0,7400.0,5795.714285714285,6859.0,3106.7745178499736,4987.033333333334,5275.0,2968.183265130764,1100.0,1,0,1,0,0,0,1,0,0,8364
292,0,2015-05-01,-0.9749279121818236,-0.2225209339563146,0.49999999999999994,-0.8660254037844387,0.8717063187093218,-0.49002866642905923,8364.0,5226.0,6226.0,5049.142857142857,6859.0,3813.9313675249177,4711.9,5201.5,3036.67084440204,1100.0,1,0,1,0,0,0,1,0,0,0
292,0,2015-05-02,-0.7818314824680299,0.6234898018587334,0.49999999999999994,-0.8660254037844387,0.8631421280499114,-0.5049610547215204,0.0,3719.0,3742.0,5174.714285714285,6859.0,3777.1309091375056,4561.3,5146.0,2920.534848867291,1100.0,0,0,1,0,0,0,1,0,0,4598
292,0,2015-05-03,-2.4492935982947064e-16,1.0,0.49999999999999994,-0.8660254037844387,0.854322169749827,-0.5197438121555155,4598.0,0.0,0.0,5174.714285714285,6859.0,3777.1309091375056,4561.3,5146.0,2920.534848867291,1100.0,0,0,1,0,0,0,1,0,0,0
292,0,2015-05-04,0.7818314824680298,0.6234898018587336,0.49999999999999994,-0.8660254037844387,0.8452490573530633,-0.5343725582809787,0.0,8641.0,5684.0,5197.142857142857,6859.0,3801.5314645798335,4710.666666666667,5201.5,3020.486502642198,1100.0,1,0,1,0,0,0,1,0,0,8798
292,0,2015-05-05,0.9749279121818236,-0.22252093395631434,0.49999999999999994,-0.8660254037844387,0.835925479418637,-0.548842958284719,8798.0,7761.0,5115.0,5173.714285714285,6859.0,3783.559995308024,4963.9,5275.0,2929.008003779935,1100.0,1,0,1,0,0,0,1,0,0,7597
292,0,2015-05-06,0.43388373911755823,-0.900968867902419,0.49999999999999994,-0.8660254037844387,0.8263541987239096,-0.5631507242749186,7597.0,6859.0,5177.0,5142.285714285715,6639.0,3768.109991064741,5185.2,5504.0,2788.4614148431374,1100.0,1,0,1,0,0,0,1,0,0,6639
292,0,2015-05-07,-0.433883739117558,-0.9009688679024191,0.49999999999999994,-0.8660254037844387,0.8165380514459161,-0.5772916165517272,6639.0,8364.0,4979.0,4974.142857142857,6639.0,3623.888952887099,5205.9,5504.0,2801.340410072199,1100.0,1,0,1,0,0,0,1,0,0,7187
292,0,2015-05-08,-0.9749279121818236,-0.2225209339563146,0.49999999999999994,-0.8660254037844387,0.8064799463209448,-0.5912614448635781,7187.0,0.0,5226.0,5929.142857142857,6685.0,2903.9107785060896,5251.266666666666,5735.5,2814.309371192449,1100.0,1,0,1,0,0,0,1,0,0,6685
292,0,2015-05-09,-0.7818314824680299,0.6234898018587334,0.49999999999999994,-0.8660254037844387,0.7961828637826158,-0.6050560696488488,6685.0,4598.0,3719.0,5808.0,6685.0,2985.246500151486,5183.366666666667,5455.0,2825.4890267403116,1100.0,0,0,1,0,0,0,1,0,0,3750
292,0,2015-05-10,-2.4492935982947064e-16,1.0,0.49999999999999994,-0.8660254037844387,0.7856498550787145,-0.6186714032625031,3750.0,0.0,0.0,5808.0,6685.0,2985.246500151486,5014.833333333333,5455.0,2979.916813040878,1100.0,0,0,1,0,0,0,1,0,0,0
292,0,2015-05-11,0.7818314824680298,0.6234898018587336,0.49999999999999994,-0.8660254037844387,0.7748840413670407,-0.6321034111873487,0.0,8798.0,8641.0,5444.571428571428,6639.0,2701.9879630340647,5111.5,5915.0,2971.2069734891193,1100.0,0,0,1,0,0,0,1,0,0,6254
292,0,2015-05-12,0.9749279121818236,-0.22252093395631434,0.49999999999999994,-0.8660254037844387,0.7638886127905428,-0.6453481132295501,6254.0,7597.0,7761.0,5144.428571428572,6254.0,2534.5456435123897,5294.7,5915.0,2810.249690096893,1100.0,0,0,1,0,0,0,1,0,0,5496
292,0,2015-05-13,0.43388373911755823,-0.900968867902419,0.49999999999999994,-0.8660254037844387,0.7526668275320084,-0.6584015846980488,5496.0,6639.0,6859.0,5141.571428571428,6254.0,2532.590561535948,5218.866666666667,5915.0,2739.581427043614,1100.0,0,0,1,0,0,0,1,0,0,6619
292,0,2015-05-14,-0.433883739117558,-0.9009688679024191,0.49999999999999994,-0.8660254037844387,0.741222010848596,-0.6712599575675313,6619.0,7187.0,8364.0,4114.857142857143,5496.0,2982.0874360404773,4955.4,5590.0,2850.2756866056297,1100.0,0,0,1,0,0,0,1,0,0,0
292,0,2015-05-15,-0.9749279121818236,-0.2225209339563146,0.49999999999999994,-0.8660254037844387,0.7295575540864875,-0.6839194216246106,0.0,6685.0,0.0,4012.4285714285716,5496.0,2889.986612260965,4949.466666666666,5590.0,2847.8960622904087,1100.0,0,0,1,0,0,0,1,0,0,5968
292,0,2015-05-16,-0.7818314824680299,0.6234898018587334,0.49999999999999994,-0.8660254037844387,0.717676913675962,-0.6963762255968722,5968.0,3750.0,4598.0,3929.5714285714284,5496.0,2907.0287154379716,4808.466666666666,5361.0,2827.0235686090914,1100.0,0,0,1,0,0,0,1,0,0,3170
292,0,2015-05-17,-2.4492935982947064e-16,1.0,0.49999999999999994,-0.8660254037844387,0.705583610107178,-0.7086266782644596,3170.0,0.0,0.0,3929.5714285714284,5496.0,2907.0287154379716,4600.933333333333,5201.5,2945.421074438618,1100.0,0,0,1,0,0,0,1,0,0,0
292,0,2015-05-18,0.7818314824680298,0.6234898018587336,0.49999999999999994,-0.8660254037844387,0.6932812268869777,-0.7206671495538609,0.0,6254.0,8798.0,4217.571428571428,5496.0,3254.756511996089,4751.866666666667,5361.0,3015.079981021074,1100.0,1,0,1,0,0,0,1,0,0,8270
292,0,2015-05-19,0.9749279121818236,-0.22252093395631434,0.49999999999999994,-0.8660254037844387,0.6807734094770161,-0.7324940716135789,8270.0,5496.0,7597.0,4448.857142857143,5968.0,3414.3545231161647,4989.033333333334,5590.0,2906.2787734825824,1100.0,1,0,1,0,0,0,1,0,0,7115
292,0,2015-05-20,0.43388373911755823,-0.900968867902419,0.49999999999999994,-0.8660254037844387,0.6680638642135335,-0.7441039398713607,7115.0,6619.0,6639.0,4466.857142857143,5968.0,3428.006827520011,5024.4,5732.0,2921.443603945574,1100.0,1,0,1,0,0,0,1,0,0,6745
292,0,2015-05-21,-0.433883739117558,-0.9009688679024191,0.49999999999999994,-0.8660254037844387,0.6551563572090853,-0.7554933140726803,6745.0,0.0,7187.0,5403.571428571428,6557.0,2851.351542522886,5072.466666666666,6111.0,2934.817690787784,1100.0,1,0,1,0,0,0,1,0,0,6557
292,0,2015-05-22,-0.9749279121818236,-0.2225209339563146,0.49999999999999994,-0.8660254037844387,0.6420547132365637,-0.766658819300159,6557.0,5968.0,6685.0,5491.142857142857,6581.0,2880.836419547368,5119.266666666666,6405.5,2947.7082264881255,1100.0,1,0,1,0,0,0,1,0,0,6581
292,0,2015-05-23,-0.7818314824680299,0.6234898018587334,0.49999999999999994,-0.8660254037844387,0.6287628145958344,-0.777597146973627,6581.0,3170.0,3750.0,5571.285714285715,6581.0,2812.4944275077114,5077.666666666667,6405.5,2958.5424106141054,1100.0,0,0,1,0,0,0,1,0,0,3731
292,0,2015-05-24,-2.4492935982947064e-16,1.0,0.49999999999999994,-0.8660254037844387,0.6152845999633276,-0.7883050558305255,3731.0,0.0,0.0,5571.285714285715,6581.0,2812.4944275077114,4903.466666666666,6405.5,3099.98080898769,1100.0,0,0,1,0,0,0,1,0,0,0
292,0,2015-05-25,0.7818314824680298,0.6234898018587336,0.49999999999999994,-0.8660254037844387,0.6016240632249226,-0.7987793728863649,0.0,8270.0,6254.0,4389.857142857143,6557.0,3200.169288676847,4779.5,6405.5,3220.9794050236064,1100.0,0,0,1,0,0,0,1,0,0,0
292,0,2015-05-26,0.9749279121818236,-0.22252093395631434,0.49999999999999994,-0.8660254037844387,0.5877852522924732,-0.8090169943749473,0.0,7115.0,5496.0,4450.571428571428,6557.0,3263.88556055217,5030.833333333333,6569.0,3128.006019962168,1100.0,0,0,1,0,0,0,1,0,0,7540
292,0,2015-05-27,0.43388373911755823,-0.900968867902419,0.49999999999999994,-0.8660254037844387,0.5737722679043246,-0.8190148866680801,7540.0,6745.0,6619.0,4246.428571428572,5316.0,3138.7507524036187,4920.0,6405.5,3053.701676823475,1100.0,0,0,1,0,0,0,1,0,0,5316
292,0,2015-05-28,-0.433883739117558,-0.9009688679024191,0.49999999999999994,-0.8660254037844387,0.5595892624101765,-0.8287700871745037,5316.0,6557.0,0.0,4214.285714285715,5316.0,3112.1850156166115,4872.366666666667,6293.0,3018.8038220613093,1100.0,0,0,1,0,0,0,1,0,0,6332
292,0,2015-05-29,-0.9749279121818236,-0.2225209339563146,0.49999999999999994,-0.8660254037844387,0.545240438540651,-0.8382797052177743,6332.0,6581.0,5968.0,4096.142857142857,5316.0,3021.7503993861683,4835.533333333334,6111.0,3000.4136695638763,1100.0,0,0,1,0,0,0,1,0,0,5754
292,0,2015-05-30,-0.7818314824680299,0.6234898018587334,0.49999999999999994,-0.8660254037844387,0.5307300481619334,-0.8475409228928311,5754.0,3731.0,3170.0,4113.571428571428,5316.0,3019.6444524227704,4685.166666666667,5861.0,2929.687368084291,1100.0,0,0,1,0,0,0,1,0,0,3853
292,0,2015-05-31,-2.4492935982947064e-16,1.0,0.49999999999999994,-0.8660254037844387,0.5160623910158528,-0.8565509959010036,3853.0,0.0,0.0,4113.571428571428,5316.0,3019.6444524227704,4685.166666666667,5861.0,2929.687368084291,1100.0,0,0,1,0,0,0,1,0,0,0
292,0,2015-06-01,0.7818314824680298,0.6234898018587336,1.2246467991473532e-16,-1.0,0.5012418134457758,-0.865307254363206,0.0,0.0,8270.0,5336.857142857143,5754.0,2802.096383577332,4817.333333333333,6111.0,3013.846932631674,1100.0,1,0,1,0,0,0,1,0,0,8563
292,0,2015-06-02,0.9749279121818236,-0.22252093395631434,1.2246467991473532e-16,-1.0,0.48627270710869,-0.8738071036110808,8563.0,7540.0,7115.0,5392.714285714285,5754.0,2856.698660708766,5081.7,6293.0,2923.1917741188113,1100.0,1,0,1,0,0,0,1,0,0,7931
292,0,2015-06-03,0.43388373911755823,-0.900968867902419,1.2246467991473532e-16,-1.0,0.4711595076738638,-0.8820480249558537,7931.0,5316.0,6745.0,5687.285714285715,6332.0,2952.1865181751755,5034.366666666667,6293.0,2871.9892719439154,1100.0,1,0,1,0,0,0,1,0,0,7378
292,0,2015-06-04,-0.433883739117558,-0.9009688679024191,1.2246467991473532e-16,-1.0,0.4559066935084588,-0.8900275764346767,7378.0,6332.0,6557.0,5736.285714285715,6675.0,2967.47781313165,5003.633333333333,6293.0,2848.4575436823593,1100.0,1,0,1,0,0,0,1,0,0,6675
292,0,2015-06-05,-0.9749279121818236,-0.2225209339563146,1.2246467991473532e-16,-1.0,0.440518784350495,-0.8977433935342337,6675.0,5754.0,6581.0,5957.714285714285,7304.0,3026.26688150521,5025.8,6293.0,2864.1669836699202,1100.0,1,0,1,0,0,0,1,0,0,7304
292,0,2015-06-06,-0.7818314824680299,0.6234898018587334,1.2246467991473532e-16,-1.0,0.42500033996955416,-0.9051931898913974,7304.0,3853.0,3731.0,5969.0,7304.0,3017.2435544162986,4917.3,6111.0,2841.0328883020366,1100.0,0,0,1,0,0,0,1,0,0,3932
292,0,2015-06-07,-2.4492935982947064e-16,1.0,1.2246467991473532e-16,-1.0,0.4093559588156213,-0.9123747579707273,3932.0,0.0,0.0,5969.0,7304.0,3017.2435544162986,4694.466666666666,5861.0,2957.387030906629,1100.0,0,0,1,0,0,0,1,0,0,0
292,0,2015-06-08,0.7818314824680298,0.6234898018587336,1.2246467991473532e-16,-1.0,0.39359027665646673,-0.9192859697186104,0.0,8563.0,0.0,5649.428571428572,6675.0,2807.913926573898,4780.333333333333,6111.0,2966.402062331119,1100.0,0,0,1,0,0,0,1,0,0,6326
292,0,2015-06-09,0.9749279121818236,-0.22252093395631434,1.2246467991473532e-16,-1.0,0.3777079652039649,-0.9259247771938498,6326.0,7931.0,7540.0,5365.0,6326.0,2633.7188536364356,4978.333333333333,6111.0,2831.4965865316262,1100.0,0,0,1,0,0,0,1,0,0,5940
292,0,2015-06-10,0.43388373911755823,-0.900968867902419,1.2246467991473532e-16,-1.0,0.36171373072976765,-0.9322892131745133,5940.0,7378.0,5316.0,5045.0,5940.0,2479.9667336478556,4941.133333333333,5954.0,2821.4722707679875,1100.0,0,0,1,0,0,0,1,0,0,5138
292,0,2015-06-11,-0.433883739117558,-0.9009688679024191,1.2246467991473532e-16,-1.0,0.3456123126707335,-0.9383773917408641,5138.0,6675.0,6332.0,4829.142857142857,5164.0,2378.112376695114,4930.066666666667,5954.0,2819.8715174122144,1100.0,0,0,1,0,0,0,1,0,0,5164
292,0,2015-06-12,-0.9749279121818236,-0.2225209339563146,1.2246467991473532e-16,-1.0,0.3294084822245304,-0.9441875088341993,5164.0,7304.0,5754.0,4623.142857142857,5164.0,2182.404440716053,4904.833333333333,5901.0,2807.597378583672,1100.0,0,0,1,0,0,0,1,0,0,5862
292,0,2015-06-13,-0.7818314824680299,0.6234898018587334,1.2246467991473532e-16,-1.0,0.3131070409358269,-0.9497178427914316,5862.0,3932.0,3853.0,4595.571428571428,5164.0,2193.780743916984,5029.466666666666,5901.0,2661.5477832078977,1100.0,0,0,1,0,0,0,1,0,0,3739
292,0,2015-06-14,-2.4492935982947064e-16,1.0,1.2246467991473532e-16,-1.0,0.29671281927349075,-0.9549667548552551,3739.0,0.0,0.0,4595.571428571428,5164.0,2193.780743916984,4830.533333333334,5808.0,2807.9856411526675,1100.0,0,0,1,0,0,0,1,0,0,0
292,0,2015-06-15,0.7818314824680298,0.6234898018587336,1.2246467991473532e-16,-1.0,0.28023067519921585,-0.9599326896597447,0.0,6326.0,8563.0,4975.285714285715,5164.0,2712.031385897894,5024.333333333333,5901.0,2888.895974939737,1100.0,1,0,1,0,0,0,1,0,0,8984
292,0,2015-06-16,0.9749279121818236,-0.22252093395631434,1.2246467991473532e-16,-1.0,0.26366549272800704,-0.9646141756912435,8984.0,5940.0,7931.0,5243.428571428572,5164.0,2908.953068095285,5284.9,6133.0,2770.1866655640724,1100.0,1,0,1,0,0,0,1,0,0,7817
292,0,2015-06-17,0.43388373911755823,-0.900968867902419,1.2246467991473532e-16,-1.0,0.24702218048093552,-0.9690098257244062,7817.0,5138.0,7378.0,5436.714285714285,5862.0,2945.5008467313774,5225.6,6133.0,2722.71702026006,1100.0,1,0,1,0,0,0,1,0,0,6491
292,0,2015-06-18,-0.433883739117558,-0.9009688679024191,1.2246467991473532e-16,-1.0,0.23030567023061221,-0.9731183372332619,6491.0,5164.0,6675.0,5665.0,6491.0,2982.534157390327,5213.833333333333,6133.0,2715.022005160506,1100.0,1,0,1,0,0,0,1,0,0,6762
292,0,2015-06-19,-0.9749279121818236,-0.2225209339563146,1.2246467991473532e-16,-1.0,0.21352091543979612,-0.9769384927771817,6762.0,5862.0,7304.0,5692.714285714285,6491.0,2985.56961144133,5190.866666666667,5998.0,2704.5169080165047,1100.0,1,0,1,0,0,0,1,0,0,6056
292,0,2015-06-20,-0.7818314824680299,0.6234898018587334,1.2246467991473532e-16,-1.0,0.19667288979357647,-0.980469160361632,6056.0,3739.0,3932.0,5655.571428571428,6491.0,3015.394659473446,5088.266666666666,5901.0,2709.28355376706,1100.0,0,0,1,0,0,0,1,0,0,3479
292,0,2015-06-21,-2.4492935982947064e-16,1.0,1.2246467991473532e-16,-1.0,0.1797665857255624,-0.9837092937736097,3479.0,0.0,0.0,5655.571428571428,6491.0,3015.394659473446,4868.9,5808.0,2847.1695363932117,1100.0,0,0,1,0,0,0,1,0,0,0
292,0,2015-06-22,0.7818314824680298,0.6234898018587336,1.2246467991473532e-16,-1.0,0.16280701293851715,-0.986657932891657,0.0,8984.0,6326.0,5233.285714285715,6056.0,2657.3050078532433,4945.466666666666,5901.0,2846.3992950966062,1100.0,0,0,1,0,0,0,1,0,0,6028
292,0,2015-06-23,0.9749279121818236,-0.22252093395631434,1.2246467991473532e-16,-1.0,0.1457991969198751,-0.9893142039703663,6028.0,7817.0,5940.0,4838.571428571428,6028.0,2402.553770271881,5113.933333333333,5901.0,2688.8042969183275,1100.0,0,0,1,0,0,0,1,0,0,5054
292,0,2015-06-24,0.43388373911755823,-0.900968867902419,1.2246467991473532e-16,-1.0,0.12874817745258132,-0.99167731989929,5054.0,6491.0,5138.0,4713.285714285715,5614.0,2323.5920980445876,5301.066666666667,5901.0,2510.0321049373297,1100.0,0,0,1,0,0,0,1,0,0,5614
292,0,2015-06-25,-0.433883739117558,-0.9009688679024191,1.2246467991473532e-16,-1.0,0.11165900712169512,-0.993746580436178,5614.0,6762.0,5164.0,4496.857142857143,5247.0,2166.1876210346636,5224.633333333333,5808.0,2474.158951258383,1100.0,0,0,1,0,0,0,1,0,0,5247
292,0,2015-06-26,-0.9749279121818236,-0.2225209339563146,1.2246467991473532e-16,-1.0,0.09453674981719912,-0.9955213724144752,5247.0,6056.0,5862.0,4370.571428571428,5172.0,2084.365119738132,5219.833333333333,5808.0,2474.1152662264426,1100.0,0,0,1,0,0,0,1,0,0,5172
292,0,2015-06-27,-0.7818314824680299,0.6234898018587334,1.2246467991473532e-16,-1.0,0.07738647923346301,-0.9970011699250151,5172.0,3479.0,3739.0,4341.857142857143,5172.0,2100.0201926466834,5118.033333333334,5684.0,2489.5578403061677,1100.0,0,0,1,0,0,0,1,0,0,3278
292,0,2015-06-28,-2.4492935982947064e-16,1.0,1.2246467991473532e-16,-1.0,0.06021327736579302,-0.9981855344718586,3278.0,0.0,0.0,4341.857142857143,5172.0,2100.0201926466834,4926.233333333334,5430.5,2655.0228479221278,1100.0,0,0,1,0,0,0,1,0,0,0
292,0,2015-06-29,0.7818314824680298,0.6234898018587336,1.2246467991473532e-16,-1.0,0.04302223300453059,-0.99907411510223,0.0,6028.0,8984.0,7646.571428571428,5172.0,9688.131293101937,5769.833333333333,5738.0,5150.31803559898,1100.0,1,0,1,0,0,0,1,0,0,29161
292,0,2015-06-30,0.9749279121818236,-0.22252093395631434,1.2246467991473532e-16,-1.0,0.02581844022713308,-0.9996666485105112,29161.0,5054.0,7817.0,10293.714285714286,5247.0,11264.90104578947,6555.966666666666,5901.0,5973.391830808345,1100.0,1,0,1,0,0,0,1,0,0,23584
292,0,2015-07-01,0.43388373911755823,-0.900968867902419,-0.4999999999999998,-0.8660254037844388,0.008606996888688698,-0.9999629591162655,23584.0,5614.0,6491.0,11684.285714285714,5247.0,11191.50145890899,6782.133333333333,5901.0,6176.9817857598755,1100.0,1,0,1,0,0,0,1,0,0,15348
292,0,2015-07-02,-0.433883739117558,-0.9009688679024191,-0.4999999999999998,-0.8660254037844388,-0.008606996888688009,-0.9999629591162655,15348.0,5247.0,6762.0,12111.42857142857,8237.0,10959.517961679752,6792.333333333333,5901.0,6179.196568315748,1100.0,1,0,1,0,0,0,1,0,0,8237
292,0,2015-07-03,-0.9749279121818236,-0.2225209339563146,-0.4999999999999998,-0.8660254037844388,-0.02581844022713239,-0.9996666485105112,8237.0,5172.0,6056.0,12092.0,8237.0,10973.98121315445,6714.266666666666,5738.0,6186.332281639149,1100.0,1,0,1,0,0,0,1,0,0,5036
292,0,2015-07-04,-0.7818314824680299,0.6234898018587334,-0.4999999999999998,-0.8660254037844388,-0.04302223300453034,-0.99907411510223,5036.0,3278.0,3479.0,11858.857142857143,8237.0,11207.299800109033,6546.633333333333,5430.5,6255.186159931802,1100.0,0,0,1,0,0,0,1,0,0,1646
292,0,2015-07-05,-2.4492935982947064e-16,1.0,-0.4999999999999998,-0.8660254037844388,-0.060213277365792774,-0.9981855344718586,1646.0,0.0,0.0,11858.857142857143,8237.0,11207.299800109033,6303.166666666667,5209.5,6365.856624011518,1100.0,0,0,1,0,0,0,1,0,0,0
292,0,2015-07-06,0.7818314824680298,0.6234898018587336,-0.4999999999999998,-0.8660254037844388,-0.07738647923346322,-0.9970011699250151,0.0,29161.0,6028.0,8229.285714285714,5036.0,8443.236478868475,6297.233333333334,5209.5,6368.225404753445,1100.0,0,0,1,0,0,0,1,0,0,3754
292,0,2015-07-07,0.9749279121818236,-0.22252093395631434,-0.4999999999999998,-0.8660254037844388,-0.09453674981719933,-0.9955213724144752,3754.0,23584.0,5054.0,5299.714285714285,3754.0,5138.604373247853,6399.8,5209.5,6287.573148405653,1100.0,0,0,1,0,0,0,1,0,0,3077
292,0,2015-07-08,0.43388373911755823,-0.900968867902419,-0.4999999999999998,-0.8660254037844388,-0.11165900712169444,-0.9937465804361781,3077.0,15348.0,5614.0,3450.8571428571427,3077.0,2642.888472143784,6269.133333333333,5168.0,6329.750459391032,1100.0,0,0,1,0,0,0,1,0,0,2406
292,0,2015-07-09,-0.433883739117558,-0.9009688679024191,-0.4999999999999998,-0.8660254037844388,-0.12874817745258066,-0.99167731989929,2406.0,8237.0,5247.0,2956.5714285714284,3077.0,1781.8725971238719,6230.366666666667,5151.0,6335.394642381223,1100.0,0,0,1,0,0,0,1,0,0,4777
292,0,2015-07-10,-0.9749279121818236,-0.2225209339563146,-0.4999999999999998,-0.8660254037844388,-0.14579919691987442,-0.9893142039703664,4777.0,5036.0,5172.0,2381.714285714286,2406.0,1642.8902087769743,6092.833333333333,5109.0,6404.336236210341,1100.0,0,0,1,0,0,0,1,0,0,1012
292,0,2015-07-11,-0.7818314824680299,0.6234898018587334,-0.4999999999999998,-0.8660254037844388,-0.16280701293851646,-0.9866579328916572,1012.0,1646.0,3278.0,2146.5714285714284,2406.0,1868.0993779010512,5920.7,5045.0,6498.862357472988,1100.0,0,0,1,0,0,0,1,0,0,0
292,0,2015-07-12,-2.4492935982947064e-16,1.0,-0.4999999999999998,-0.8660254037844388,-0.17976658572556214,-0.9837092937736098,0.0,0.0,0.0,2146.5714285714284,2406.0,1868.0993779010512,5725.3,4906.5,6588.1998857413855,1100.0,0,0,1,0,0,0,1,0,0,0
292,0,2015-07-13,0.7818314824680298,0.6234898018587336,-0.4999999999999998,-0.8660254037844388,-0.19667288979357622,-0.9804691603616321,0.0,3754.0,29161.0,1610.2857142857142,1012.0,1868.577775946697,5600.666666666667,4906.5,6662.024706904226,1100.0,1,0,1,0,0,0,1,0,0,0
292,0,2015-07-14,0.9749279121818236,-0.22252093395631434,-0.4999999999999998,-0.8660254037844388,-0.2135209154397959,-0.9769384927771817,0.0,3077.0,23584.0,1170.7142857142858,0.0,1827.5076574655527,5600.666666666667,4906.5,6662.024706904226,1100.0,1,0,1,0,0,0,1,0,0,0
292,0,2015-07-15,0.43388373911755823,-0.900968867902419,-0.4999999999999998,-0.8660254037844388,-0.23030567023061196,-0.973118337233262,0.0,2406.0,15348.0,827.0,0.0,1782.1508540711852,5301.2,4265.5,6706.468151126121,1100.0,1,0,1,0,0,0,1,0,0,0
292,0,2015-07-16,-0.433883739117558,-0.9009688679024191,-0.4999999999999998,-0.8660254037844388,-0.24702218048093527,-0.9690098257244063,0.0,4777.0,8237.0,144.57142857142858,0.0,382.50004668530886,5040.633333333333,3616.5,6757.01770311651,1100.0,1,0,1,0,0,0,1,0,0,0
292,0,2015-07-17,-0.9749279121818236,-0.2225209339563146,-0.4999999999999998,-0.8660254037844388,-0.2636654927280072,-0.9646141756912435,0.0,1012.0,5036.0,0.0,0.0,0.0,4824.266666666666,3378.5,6812.669090256282,1100.0,1,0,1,0,0,0,1,0,0,0
292,0,2015-07-18,-0.7818314824680299,0.6234898018587334,-0.4999999999999998,-0.8660254037844388,-0.2802306751992161,-0.9599326896597445,0.0,0.0,1646.0,0.0,0.0,0.0,4598.866666666667,3177.5,6858.0582540608375,1100.0,0,0,1,0,0,0,1,0,0,0
292,0,2015-07-19,-2.4492935982947064e-16,1.0,-0.4999999999999998,-0.8660254037844388,-0.2967128192734901,-0.9549667548552553,0.0,0.0,0.0,0.0,0.0,0.0,4397.0,2741.5,6902.67254589569,1100.0,0,0,1,0,0,0,1,0,0,0
292,0,2015-07-20,0.7818314824680298,0.6234898018587336,-0.4999999999999998,-0.8660254037844388,-0.3131070409358267,-0.9497178427914317,0.0,0.0,3754.0,0.0,0.0,0.0,4281.033333333334,2026.0,6947.704153089033,1100.0,0,0,1,0,0,0,1,0,0,0
292,0,2015-07-21,0.9749279121818236,-0.22252093395631434,-0.4999999999999998,-0.8660254037844388,-0.3294084822245302,-0.9441875088341994,0.0,0.0,3077.0,0.0,0.0,0.0,4281.033333333334,2026.0,6947.704153089033,1100.0,0,0,1,0,0,0,1,0,0,0
292,0,2015-07-22,0.43388373911755823,-0.900968867902419,-0.4999999999999998,-0.8660254037844388,-0.3456123126707333,-0.9383773917408642,0.0,0.0,2406.0,0.0,0.0,0.0,4080.1,1329.0,6982.518379545425,1100.0,0,0,1,0,0,0,1,0,0,0
292,0,2015-07-23,-0.433883739117558,-0.9009688679024191,-0.4999999999999998,-0.8660254037844388,-0.3617137307297674,-0.9322892131745134,0.0,0.0,4777.0,0.0,0.0,0.0,3911.633333333333,506.0,7019.0839095914125,1100.0,0,0,1,0,0,0,1,0,0,0
292,0,2015-07-24,-0.9749279121818236,-0.2225209339563146,-0.4999999999999998,-0.8660254037844388,-0.37770796520396466,-0.9259247771938499,0.0,0.0,1012.0,0.0,0.0,0.0,3724.5,0.0,7046.913938152227,1100.0,0,0,1,0,0,0,1,0,0,0
292,0,2015-07-25,-0.7818314824680299,0.6234898018587334,-0.4999999999999998,-0.8660254037844388,-0.39359027665646645,-0.9192859697186105,0.0,0.0,0.0,0.0,0.0,0.0,3549.6,0.0,7072.889179940835,1100.0,0,0,1,0,0,0,1,0,0,0
292,0,2015-07-26,-2.4492935982947064e-16,1.0,-0.4999999999999998,-0.8660254037844388,-0.4093559588156211,-0.9123747579707274,0.0,0.0,0.0,0.0,0.0,0.0,3377.2,0.0,7094.978566223608,1100.0,0,0,1,0,0,0,1,0,0,0
292,0,2015-07-27,0.7818314824680298,0.6234898018587336,-0.4999999999999998,-0.8660254037844388,-0.42500033996955394,-0.9051931898913975,0.0,0.0,0.0,0.0,0.0,0.0,3267.9333333333334,0.0,7121.749997710187,1100.0,1,0,1,0,0,0,1,0,0,0
292,0,2015-07-28,0.9749279121818236,-0.22252093395631434,-0.4999999999999998,-0.8660254037844388,-0.4405187843504952,-0.8977433935342336,0.0,0.0,0.0,0.0,0.0,0.0,3267.9333333333334,0.0,7121.749997710187,1100.0,1,0,1,0,0,0,1,0,0,0
292,0,2015-07-29,0.43388373911755823,-0.900968867902419,-0.4999999999999998,-0.8660254037844388,-0.455906693508459,-0.8900275764346766,0.0,0.0,0.0,0.0,0.0,0.0,2295.9,0.0,5195.30089633394,1100.0,1,0,1,0,0,0,1,0,0,0
292,0,2015-07-30,-0.433883739117558,-0.9009688679024191,-0.4999999999999998,-0.8660254037844388,-0.47115950767386394,-0.8820480249558535,0.0,0.0,0.0,0.0,0.0,0.0,1509.7666666666667,0.0,3302.5130314638345,1100.0,1,0,1,0,0,0,1,0,0,0
292,0,2015-07-31,-0.9749279121818236,-0.2225209339563146,-0.4999999999999998,-0.8660254037844388,-0.4862727071086902,-0.8738071036110807,0.0,0.0,0.0,0.0,0.0,0.0,998.1666666666666,0.0,2027.5842103066852,1100.0,1,0,1,0,0,0,1,0,0,0
