Store,Cluster,Date,DayOfWeek_sin,DayOfWeek_cos,Month_sin,Month_cos,DayOfYear_sin,DayOfYear_cos,Sales_Lag_1,Sales_Lag_7,Sales_Lag_14,RollingMean_7,RollingMedian_7,RollingStd_7,RollingMean_30,RollingMedian_30,RollingStd_30,CompetitionDistance,Promo,Promo2,StoreType_a,StoreType_b,StoreType_c,StoreType_d,Assortment_a,Assortment_b,Assortment_c,Sales
12,0,2013-01-30,0.43388373911755823,-0.900968867902419,0.49999999999999994,0.8660254037844387,0.4937755501599772,0.869589389346611,5424.0,8361.0,5362.0,5205.857142857143,5424.0,2595.4386545483617,5591.033333333334,5411.5,3089.027170634719,1070.0,0,1,1,0,0,0,0,0,1,4555
12,0,2013-01-31,-0.433883739117558,-0.9009688679024191,0.49999999999999994,0.8660254037844387,0.5086709438521044,0.8609610158889943,4555.0,7687.0,5247.0,4926.571428571428,5424.0,2380.215806542399,5782.1,5537.5,2902.94500108258,1070.0,0,1,1,0,0,0,0,0,1,5732
12,0,2013-02-01,-0.9749279121818236,-0.2225209339563146,0.8660254037844386,0.5000000000000001,0.5234156073655503,0.8520775211013093,5732.0,7748.0,5344.0,4686.0,5424.0,2118.203877502509,5816.6,5691.5,2899.834722995373,1070.0,0,1,1,0,0,0,0,0,1,6064
12,0,2013-02-02,-0.7818314824680299,0.6234898018587334,0.8660254037844386,0.5000000000000001,0.5380051715382996,0.8429415373547828,6064.0,5651.0,6160.0,4863.428571428572,5424.0,2259.7929003297954,5884.133333333333,5898.0,2900.5485537469763,1070.0,0,1,1,0,0,0,0,0,1,6893
12,0,2013-02-03,-2.4492935982947064e-16,1.0,0.8660254037844386,0.5000000000000001,0.5524353131676196,0.8335557718385699,6893.0,0.0,0.0,4863.428571428572,5424.0,2259.7929003297954,5729.4,5898.0,3086.9253378368758,1070.0,0,1,1,0,0,0,0,0,1,0
12,0,2013-02-04,0.7818314824680298,0.6234898018587336,0.8660254037844386,0.5000000000000001,0.5667017562911176,0.8239230057575542,0.0,5376.0,11199.0,5496.0,5732.0,2943.5090736511524,5843.133333333333,5898.0,3173.8120311693633,1070.0,1,1,1,0,0,0,0,0,1,9804
12,0,2013-02-05,0.9749279121818236,-0.22252093395631434,0.8660254037844386,0.5000000000000001,0.5808002734538009,0.8140460935082178,9804.0,5424.0,8342.0,5801.571428571428,6064.0,3044.0970668460877,6095.233333333334,6112.0,2988.648081904469,1070.0,1,1,1,0,0,0,0,0,1,7563
12,0,2013-02-06,0.43388373911755823,-0.900968867902419,0.8660254037844386,0.5000000000000001,0.5947266869607634,0.8039279618328213,7563.0,4555.0,8361.0,6319.571428571428,6893.0,3104.529854752185,6000.933333333333,6112.0,2870.523320464986,1070.0,1,1,1,0,0,0,0,0,1,8181
12,0,2013-02-07,-0.433883739117558,-0.9009688679024191,0.8660254037844386,0.5000000000000001,0.6084768701151261,0.7935716089521474,8181.0,5732.0,7687.0,6686.428571428572,7563.0,3174.4658793327144,5973.8,6112.0,2843.805468879259,1070.0,1,1,1,0,0,0,0,0,1,8300
12,0,2013-02-08,-0.9749279121818236,-0.2225209339563146,0.8660254037844386,0.5000000000000001,0.6220467484408675,0.7829801036770629,8300.0,6064.0,7748.0,6905.142857142857,7595.0,3177.17471078585,5949.933333333333,6112.0,2826.465770891801,1070.0,1,1,1,0,0,0,0,0,1,7595
12,0,2013-02-09,-0.7818314824680299,0.6234898018587334,0.8660254037844386,0.5000000000000001,0.6354323008901774,0.7721565844991642,7595.0,6893.0,5651.0,6767.857142857143,7595.0,3198.4778373767863,5894.633333333333,5998.0,2809.4289085068554,1070.0,0,1,1,0,0,0,0,0,1,5932
12,0,2013-02-10,-2.4492935982947064e-16,1.0,0.8660254037844386,0.5000000000000001,0.6486295610349814,0.7611042586607747,5932.0,0.0,0.0,6767.857142857143,7595.0,3198.4778373767863,5628.0,5832.0,2977.382418999198,1070.0,0,1,1,0,0,0,0,0,1,0
12,0,2013-02-11,0.7818314824680298,0.6234898018587336,0.8660254037844386,0.5000000000000001,0.6616346182422783,0.7498264012045686,0.0,9804.0,5376.0,6157.428571428572,7563.0,2917.9003214150907,5600.966666666666,5691.5,2974.3562906414154,1070.0,0,1,1,0,0,0,0,0,1,5531
12,0,2013-02-12,0.9749279121818236,-0.22252093395631434,0.8660254037844386,0.5000000000000001,0.6744436188329455,0.7383263540031065,5531.0,7563.0,5424.0,5823.571428571428,5932.0,2863.464036043458,5775.166666666667,5691.5,2781.815756353905,1070.0,0,1,1,0,0,0,0,0,1,5226
12,0,2013-02-13,0.43388373911755823,-0.900968867902419,0.8660254037844386,0.5000000000000001,0.6870527672236669,0.7266075247685656,5226.0,8181.0,4555.0,5427.428571428572,5531.0,2668.1230517065023,5775.466666666666,5691.5,2781.774275447278,1070.0,0,1,1,0,0,0,0,0,1,5408
12,0,2013-02-14,-0.433883739117558,-0.9009688679024191,0.8660254037844386,0.5000000000000001,0.6994583270516471,0.7146733860429609,5408.0,8300.0,5732.0,5097.714285714285,5531.0,2381.1543919064206,5822.566666666667,5832.0,2772.7651912390857,1070.0,0,1,1,0,0,0,0,0,1,5992
12,0,2013-02-15,-0.9749279121818236,-0.2225209339563146,0.8660254037844386,0.5000000000000001,0.7116566222817746,0.702527474169157,5992.0,7595.0,6064.0,4818.0,5531.0,2141.8874075605986,5831.733333333334,5832.0,2771.6444133443574,1070.0,0,1,1,0,0,0,0,0,1,5637
12,0,2013-02-16,-0.7818314824680299,0.6234898018587334,0.8660254037844386,0.5000000000000001,0.7236440382959124,0.6901733882429719,5637.0,5932.0,6893.0,4744.857142857143,5420.0,2105.94590216775,5837.5,5832.0,2770.5656306597575,1070.0,0,1,1,0,0,0,0,0,1,5420
12,0,2013-02-17,-2.4492935982947064e-16,1.0,0.8660254037844386,0.5000000000000001,0.7354170229639855,0.6776147890466889,5420.0,0.0,0.0,4744.857142857143,5420.0,2105.94590216775,5659.366666666667,5832.0,2968.140617118486,1070.0,0,1,1,0,0,0,0,0,1,0
12,0,2013-02-18,0.7818314824680298,0.6234898018587336,0.8660254037844386,0.5000000000000001,0.7469720876965552,0.6648553979642865,0.0,5531.0,9804.0,5411.142857142857,5420.0,2960.532859051527,5793.866666666667,5832.0,3080.8895461217526,1070.0,1,1,1,0,0,0,0,0,1,10195
12,0,2013-02-19,0.9749279121818236,-0.22252093395631434,0.8660254037844386,0.5000000000000001,0.7583058084785625,0.6518989958787126,10195.0,5226.0,7563.0,5888.0,5637.0,3185.9851956132293,6079.333333333333,5962.0,2917.985504127608,1070.0,1,1,1,0,0,0,0,0,1,8564
12,0,2013-02-20,0.43388373911755823,-0.900968867902419,0.8660254037844386,0.5000000000000001,0.7694148268839378,0.6387494220515272,8564.0,5408.0,8181.0,6240.0,5992.0,3259.384860164057,5968.433333333333,5962.0,2776.491493349777,1070.0,1,1,1,0,0,0,0,0,1,7872
12,0,2013-02-21,-0.433883739117558,-0.9009688679024191,0.8660254037844386,0.5000000000000001,0.7802958510707755,0.6254105729852463,7872.0,5992.0,8300.0,6512.285714285715,7872.0,3314.3632226158584,5953.633333333333,5962.0,2764.560718155384,1070.0,1,1,1,0,0,0,0,0,1,7898
12,0,2013-02-22,-0.9749279121818236,-0.2225209339563146,0.8660254037844386,0.5000000000000001,0.7909456567567772,0.6118864012687243,7898.0,5637.0,7595.0,6822.0,7872.0,3320.229560336655,5935.1,5962.0,2749.689152964573,1070.0,1,1,1,0,0,0,0,0,1,7805
12,0,2013-02-23,-0.7818314824680299,0.6234898018587334,0.8660254037844386,0.5000000000000001,0.8013610881746766,0.5981809144059164,7805.0,5420.0,5932.0,6872.142857142857,7872.0,3298.104072977456,5871.233333333334,5851.5,2729.7740803746115,1070.0,0,1,1,0,0,0,0,0,1,5771
12,0,2013-02-24,-2.4492935982947064e-16,1.0,0.8660254037844386,0.5000000000000001,0.8115390590073611,0.5842981736283683,5771.0,0.0,0.0,6872.142857142857,7872.0,3298.104072977456,5612.966666666666,5751.5,2906.8670596191446,1070.0,0,1,1,0,0,0,0,0,1,0
12,0,2013-02-25,0.7818314824680298,0.6234898018587336,0.8660254037844386,0.5000000000000001,0.8214765533024142,0.5702422926917871,0.0,10195.0,5531.0,6170.571428571428,7805.0,2980.501739480724,5600.733333333334,5751.5,2907.4736626237172,1070.0,0,1,1,0,0,0,0,0,1,5284
12,0,2013-02-26,0.9749279121818236,-0.22252093395631434,0.8660254037844386,0.5000000000000001,0.8311706263658079,0.5560174366570446,5284.0,8564.0,5226.0,5655.571428571428,5771.0,2804.2578850231102,5766.033333333334,5751.5,2712.5034560071203,1070.0,0,1,1,0,0,0,0,0,1,4959
12,0,2013-02-27,0.43388373911755823,-0.900968867902419,0.8660254037844386,0.5000000000000001,0.8406184056344782,0.5416278206559814,4959.0,7872.0,5408.0,5328.285714285715,5581.0,2630.7909909559976,5772.866666666667,5751.5,2711.745114832161,1070.0,0,1,1,0,0,0,0,0,1,5581
12,0,2013-02-28,-0.433883739117558,-0.9009688679024191,0.8660254037844386,0.5000000000000001,0.8498170915275278,0.5270777086423722,5581.0,7898.0,5992.0,5087.142857142857,5581.0,2425.328392099472,5799.066666666667,5851.5,2712.05527017901,1070.0,0,1,1,0,0,0,0,0,1,6210
12,0,2013-03-01,-0.9749279121818236,-0.2225209339563146,1.0,6.123233995736766e-17,0.8587639582758029,0.5123714121284237,6210.0,7805.0,5637.0,4871.0,5581.0,2199.667247562685,5856.966666666666,5962.0,2703.106635264172,1070.0,0,1,1,0,0,0,0,0,1,6292
12,0,2013-03-02,-0.7818314824680299,0.6234898018587334,1.0,6.123233995736766e-17,0.8674563547295968,0.49751328890718066,6292.0,5771.0,5420.0,4972.428571428572,5581.0,2263.5260735662587,5881.933333333333,6028.0,2705.3706474769556,1070.0,0,1,1,0,0,0,0,0,1,6481
12,0,2013-03-03,-2.4492935982947064e-16,1.0,1.0,6.123233995736766e-17,0.8758917051442429,0.48250774176121847,6481.0,0.0,0.0,4972.428571428572,5581.0,2263.5260735662587,5679.8,5962.0,2910.0902628494246,1070.0,0,1,1,0,0,0,0,0,1,0
12,0,2013-03-04,0.7818314824680298,0.6234898018587336,1.0,6.123233995736766e-17,0.8840675099433636,0.46735921715800227,0.0,5284.0,10195.0,5984.571428571428,6210.0,3609.765959963927,5862.333333333333,5962.0,3150.610913209814,1070.0,1,1,1,0,0,0,0,0,1,12369
12,0,2013-03-05,0.9749279121818236,-0.22252093395631434,1.0,6.123233995736766e-17,0.8919813464595485,0.45207220393230435,12369.0,4959.0,8564.0,6566.857142857143,6292.0,3743.0465055696473,6163.5,6101.0,2999.0915032435373,1070.0,1,1,1,0,0,0,0,0,1,9035
12,0,2013-03-06,0.43388373911755823,-0.900968867902419,1.0,6.123233995736766e-17,0.8996308696522433,0.43665123195606403,9035.0,5581.0,7872.0,7014.142857142857,6481.0,3792.3531581579373,6127.1,6101.0,2959.7519042113568,1070.0,1,1,1,0,0,0,0,0,1,8712
12,0,2013-03-07,-0.433883739117558,-0.9009688679024191,1.0,6.123233995736766e-17,0.9070138128026359,0.4211008707960896,8712.0,6210.0,7898.0,7283.142857142857,8093.0,3792.5895914960024,6144.766666666666,6101.0,2970.1816928440153,1070.0,1,1,1,0,0,0,0,0,1,8093
12,0,2013-03-08,-0.9749279121818236,-0.2225209339563146,1.0,6.123233995736766e-17,0.9141279881853337,0.40542572835999735,8093.0,6292.0,7805.0,7534.0,8093.0,3774.1346027930704,6140.333333333333,6101.0,2967.135276175731,1070.0,1,1,1,0,0,0,0,0,1,8048
12,0,2013-03-09,-0.7818314824680299,0.6234898018587334,1.0,6.123233995736766e-17,0.9209712877166346,0.38963044953078796,8048.0,6481.0,5771.0,7433.571428571428,8093.0,3815.946315884736,6056.266666666666,5962.0,2939.434439307756,1070.0,0,1,1,0,0,0,0,0,1,5778
12,0,2013-03-10,-2.4492935982947064e-16,1.0,1.0,6.123233995736766e-17,0.9275416835791966,0.37371971479046906,5778.0,0.0,0.0,7433.571428571428,8093.0,3815.946315884736,5803.1,5855.0,3123.6353417573982,1070.0,0,1,1,0,0,0,0,0,1,0
12,0,2013-03-11,0.7818314824680298,0.6234898018587336,1.0,6.123233995736766e-17,0.9338372288229252,0.35769823883312546,0.0,12369.0,5284.0,6355.571428571428,8048.0,3206.5224598799073,5766.133333333333,5774.5,3128.61553311093,1070.0,0,1,1,0,0,0,0,0,1,4823
12,0,2013-03-12,0.9749279121818236,-0.22252093395631434,1.0,6.123233995736766e-17,0.9398560579418954,0.3415707691678556,4823.0,9035.0,4959.0,5903.714285714285,5872.0,2980.9393773487873,5961.866666666667,5825.0,2933.001213695662,1070.0,0,1,1,0,0,0,0,0,1,5872
12,0,2013-03-13,0.43388373911755823,-0.900968867902419,1.0,6.123233995736766e-17,0.9455963874271426,0.3253420847119801,5872.0,8712.0,5581.0,5522.142857142857,5872.0,2721.188430849742,5978.866666666667,5932.0,2931.895547056643,1070.0,0,1,1,0,0,0,0,0,1,6041
12,0,2013-03-14,-0.433883739117558,-0.9009688679024191,1.0,6.123233995736766e-17,0.9510565162951535,0.30901699437494745,6041.0,8093.0,6210.0,5207.571428571428,5872.0,2492.096229893144,6001.033333333334,5941.5,2928.5191324619,1070.0,0,1,1,0,0,0,0,0,1,5891
12,0,2013-03-15,-0.9749279121818236,-0.2225209339563146,1.0,6.123233995736766e-17,0.9562348265919056,0.29260033563334836,5891.0,8048.0,6292.0,5057.285714285715,5872.0,2317.887092036317,6053.966666666666,6016.5,2931.7801874997535,1070.0,0,1,1,0,0,0,0,0,1,6996
12,0,2013-03-16,-0.7818314824680299,0.6234898018587334,1.0,6.123233995736766e-17,0.9611297838723007,0.27609697309746883,6996.0,5778.0,6481.0,5187.714285714285,5891.0,2389.7738884872015,6077.266666666666,6125.5,2934.0474684514625,1070.0,0,1,1,0,0,0,0,0,1,6691
12,0,2013-03-17,-2.4492935982947064e-16,1.0,1.0,6.123233995736766e-17,0.9657399376548549,0.2595117970697999,6691.0,0.0,0.0,5187.714285714285,5891.0,2389.7738884872015,5889.366666666667,6125.5,3136.7155288925073,1070.0,0,1,1,0,0,0,0,0,1,0
12,0,2013-03-18,0.7818314824680298,0.6234898018587336,1.0,6.123233995736766e-17,0.970063921851507,0.2428497220959356,0.0,4823.0,12369.0,5660.0,6041.0,2621.160175698286,5979.666666666667,6251.0,3161.631915295658,1070.0,1,1,1,0,0,0,0,0,1,8129
12,0,2013-03-19,0.9749279121818236,-0.22252093395631434,1.0,6.123233995736766e-17,0.9741004551724205,0.22611568550828828,8129.0,5872.0,9035.0,6167.571428571428,6691.0,2987.467258238594,6293.833333333333,6386.5,3011.669614651662,1070.0,1,1,1,0,0,0,0,0,1,9425
12,0,2013-03-20,0.43388373911755823,-0.900968867902419,1.0,6.123233995736766e-17,0.9778483415056568,0.20931464596304847,9425.0,6041.0,8712.0,6593.285714285715,6996.0,3172.9893746164003,6254.7,6386.5,2966.5192438509357,1070.0,1,1,1,0,0,0,0,0,1,9021
12,0,2013-03-21,-0.433883739117558,-0.9009688679024191,1.0,6.123233995736766e-17,0.9813064702716093,0.19245158197082998,9021.0,5891.0,8093.0,6970.142857142857,8129.0,3231.7901349237513,6253.533333333334,6386.5,2965.586465618136,1070.0,1,1,1,0,0,0,0,0,1,8529
12,0,2013-03-22,-0.9749279121818236,-0.2225209339563146,1.0,6.123233995736766e-17,0.9844738167520922,0.1755314904214282,8529.0,6996.0,8048.0,7180.857142857143,8471.0,3281.460672148479,6273.5,6386.5,2978.8458393281708,1070.0,1,1,1,0,0,0,0,0,1,8471
12,0,2013-03-23,-0.7818314824680299,0.6234898018587334,1.0,6.123233995736766e-17,0.9873494423939864,0.15855938510313478,8471.0,6691.0,5778.0,7284.0,8471.0,3274.8375532230607,6257.333333333333,6386.5,2971.0312424607987,1070.0,0,1,1,0,0,0,0,0,1,7413
12,0,2013-03-24,-2.4492935982947064e-16,1.0,1.0,6.123233995736766e-17,0.989932495087353,0.141540295217043,7413.0,0.0,0.0,7284.0,8471.0,3274.8375532230607,5997.166666666667,6251.0,3166.157903171617,1070.0,0,1,1,0,0,0,0,0,1,0
12,0,2013-03-25,0.7818314824680298,0.6234898018587336,1.0,6.123233995736766e-17,0.9922222094179323,0.12447926388678915,0.0,8129.0,4823.0,7832.857142857143,8529.0,3730.3395926095627,6203.833333333333,6386.5,3348.011865872489,1070.0,1,1,1,0,0,0,0,0,1,11971
12,0,2013-03-26,0.9749279121818236,-0.22252093395631434,1.0,6.123233995736766e-17,0.994217906893952,0.10738134666416309,11971.0,9425.0,5872.0,7957.571428571428,8529.0,3806.2609762137467,6547.1,6586.0,3215.297555276263,1070.0,1,1,1,0,0,0,0,0,1,10298
12,0,2013-03-27,0.43388373911755823,-0.900968867902419,1.0,6.123233995736766e-17,0.995918996147179,0.09025161003104117,10298.0,9021.0,6041.0,8294.714285714286,8529.0,4014.9524992742536,6750.333333333333,6843.5,3323.5734127419323,1070.0,1,1,1,0,0,0,0,0,1,11381
12,0,2013-03-28,-0.433883739117558,-0.9009688679024191,1.0,6.123233995736766e-17,0.9973249731081555,0.07309512989807777,11381.0,8529.0,5891.0,8717.57142857143,10298.0,4195.55271913578,6968.0,7204.5,3414.7892851637216,1070.0,1,1,1,0,0,0,0,0,1,11489
12,0,2013-03-29,-0.9749279121818236,-0.2225209339563146,1.0,6.123233995736766e-17,0.9984354211555643,0.055916990100603484,11489.0,8471.0,6996.0,7507.428571428572,10298.0,5343.221714070481,6781.966666666666,7204.5,3637.703865440901,1070.0,1,1,1,0,0,0,0,0,1,0
12,0,2013-03-30,-0.7818314824680299,0.6234898018587334,1.0,6.123233995736766e-17,0.9992500112396835,0.03872228089217446,0.0,7413.0,6691.0,7789.857142857143,10298.0,5389.44812971209,6887.966666666666,7730.5,3666.678497734308,1070.0,0,1,1,0,0,0,0,0,1,9390
12,0,2013-03-31,-2.4492935982947064e-16,1.0,1.0,6.123233995736766e-17,0.9997685019798909,0.021516097436222254,9390.0,0.0,0.0,7789.857142857143,10298.0,5389.44812971209,6678.233333333334,7730.5,3875.923344348333,1070.0,0,1,1,0,0,0,0,0,1,0
12,0,2013-04-01,0.7818314824680298,0.6234898018587336,0.8660254037844387,-0.49999999999999983,0.9999907397361901,0.004303538296244289,0.0,11971.0,8129.0,6079.714285714285,9390.0,5730.106244340376,6462.2,7730.5,4063.3791729850013,1070.0,0,1,1,0,0,0,0,0,1,0
12,0,2013-04-02,0.9749279121818236,-0.22252093395631434,0.8660254037844387,-0.49999999999999983,0.9999166586547379,-0.01291029607500882,0.0,10298.0,9425.0,5541.714285714285,6532.0,5437.358816995794,6679.933333333333,7730.5,3875.845037410937,1070.0,0,1,1,0,0,0,0,0,1,6532
12,0,2013-04-03,0.43388373911755823,-0.900968867902419,0.8660254037844387,-0.49999999999999983,0.9995462806873573,-0.030120304846908114,6532.0,11381.0,9021.0,4800.857142857143,6195.0,4828.330713216573,6474.133333333333,7204.5,3724.3010891036793,1070.0,0,1,1,0,0,0,0,0,1,6195
12,0,2013-04-04,-0.433883739117558,-0.9009688679024191,0.8660254037844387,-0.49999999999999983,0.9988797155850336,-0.04732138832243185,6195.0,11489.0,8529.0,4044.8571428571427,6195.0,3938.990413315379,6379.533333333334,6843.5,3692.9216051263797,1070.0,0,1,1,0,0,0,0,0,1,6197
12,0,2013-04-05,-0.9749279121818236,-0.2225209339563146,0.8660254037844387,-0.49999999999999983,0.9979171608653922,-0.06450844944931623,6197.0,0.0,8471.0,4819.857142857143,6195.0,3522.154237989935,6269.966666666666,6611.5,3670.0230994606445,1070.0,0,1,1,0,0,0,0,0,1,5425
12,0,2013-04-06,-0.7818314824680299,0.6234898018587334,0.8660254037844387,-0.49999999999999983,0.9966589017541702,-0.08167639533042241,5425.0,9390.0,7413.0,4279.714285714285,5609.0,2947.532398141744,6187.166666666667,6364.5,3655.4671769295373,1070.0,0,1,1,0,0,0,0,0,1,5609
12,0,2013-04-07,-2.4492935982947064e-16,1.0,0.8660254037844387,-0.49999999999999983,0.9951053111006976,-0.09882013873287143,5609.0,0.0,0.0,4279.714285714285,5609.0,2947.532398141744,5918.9,6196.0,3806.392484791324,1070.0,0,1,1,0,0,0,0,0,1,0
12,0,2013-04-08,0.7818314824680298,0.6234898018587336,0.8660254037844387,-0.49999999999999983,0.9932568492674143,-0.11593459959550041,0.0,0.0,11971.0,5826.142857142857,6195.0,3159.96848236241,6087.133333333333,6364.5,3910.0709027289804,1070.0,1,1,1,0,0,0,0,0,1,10825
12,0,2013-04-09,0.9749279121818236,-0.22252093395631434,0.8660254037844387,-0.49999999999999983,0.9911140639934547,-0.1330147065341959,10825.0,6532.0,10298.0,6150.857142857143,6195.0,3355.3361693761467,6380.633333333333,6611.5,3765.1776482642235,1070.0,1,1,1,0,0,0,0,0,1,8805
12,0,2013-04-10,0.43388373911755823,-0.900968867902419,0.8660254037844387,-0.49999999999999983,0.9886775902323405,-0.1500553983446526,8805.0,6195.0,11381.0,6313.571428571428,6197.0,3385.3171125288895,6464.333333333333,6843.5,3757.258880999628,1070.0,1,1,1,0,0,0,0,0,1,7334
12,0,2013-04-11,-0.433883739117558,-0.9009688679024191,0.8660254037844387,-0.49999999999999983,0.9859481499638304,-0.16705162550211924,7334.0,6197.0,11489.0,6495.714285714285,7334.0,3412.1930247415994,6517.666666666667,7165.0,3759.9157853127085,1070.0,1,1,1,0,0,0,0,0,1,7472
12,0,2013-04-12,-0.9749279121818236,-0.2225209339563146,0.8660254037844387,-0.49999999999999983,0.9829265519799822,-0.18399835165768005,7472.0,5425.0,0.0,6953.0,7472.0,3458.9565864096435,6603.833333333333,7373.5,3778.191284868657,1070.0,1,1,1,0,0,0,0,0,1,8626
12,0,2013-04-13,-0.7818314824680299,0.6234898018587334,0.8660254037844387,-0.49999999999999983,0.9796136916454901,-0.20089055513063506,8626.0,5609.0,9390.0,6914.0,7472.0,3478.121859088128,6585.333333333333,7373.5,3783.157569465261,1070.0,0,1,1,0,0,0,0,0,1,5336
12,0,2013-04-14,-2.4492935982947064e-16,1.0,0.8660254037844387,-0.49999999999999983,0.9760105506323683,-0.21772323039653177,5336.0,0.0,0.0,6914.0,7472.0,3478.121859088128,6352.133333333333,7373.5,3968.0736899905733,1070.0,0,1,1,0,0,0,0,0,1,0
12,0,2013-04-15,0.7818314824680298,0.6234898018587336,0.8660254037844387,-0.49999999999999983,0.9721181966290613,-0.23449138957040985,0.0,10825.0,0.0,6125.428571428572,7334.0,3042.039768375972,6305.933333333333,7373.5,3972.0587898324293,1070.0,0,1,1,0,0,0,0,0,1,5305
12,0,2013-04-16,0.9749279121818236,-0.22252093395631434,0.8660254037844387,-0.49999999999999983,0.9679377830240642,-0.25119006388481935,5305.0,8805.0,6532.0,5611.714285714285,5336.0,2808.80928000257,6479.566666666667,7373.5,3796.88752463286,1070.0,0,1,1,0,0,0,0,0,1,5209
12,0,2013-04-17,0.43388373911755823,-0.900968867902419,0.8660254037844387,-0.49999999999999983,0.9634705485641488,-0.2678143051621742,5209.0,7334.0,6195.0,5325.142857142857,5328.0,2704.188752569575,6386.2,6933.0,3789.360089732193,1070.0,0,1,1,0,0,0,0,0,1,5328
12,0,2013-04-18,-0.433883739117558,-0.9009688679024191,0.8660254037844387,-0.49999999999999983,0.9587178169872964,-0.2843591872810034,5328.0,7472.0,6197.0,5033.857142857143,5328.0,2539.17725707701,6253.133333333333,6364.5,3748.845015084838,1070.0,0,1,1,0,0,0,0,0,1,5433
12,0,2013-04-19,-0.9749279121818236,-0.2225209339563146,0.8660254037844387,-0.49999999999999983,0.9536809966304457,-0.30081980763566735,5433.0,8626.0,5425.0,4633.142857142857,5328.0,2052.503627976605,6146.466666666666,6196.0,3712.7257830642284,1070.0,0,1,1,0,0,0,0,0,1,5821
12,0,2013-04-20,-0.7818314824680299,0.6234898018587334,0.8660254037844387,-0.49999999999999983,0.9483615800121715,-0.3171912885891061,5821.0,5336.0,5609.0,4722.285714285715,5328.0,2101.092708908523,6060.833333333333,6077.5,3685.404400056258,1070.0,0,1,1,0,0,0,0,0,1,5960
12,0,2013-04-21,-2.4492935982947064e-16,1.0,0.8660254037844387,-0.49999999999999983,0.9427611433904207,-0.3334687789181868,5960.0,0.0,0.0,4722.285714285715,5328.0,2101.092708908523,5778.466666666666,5890.5,3816.5557295527096,1070.0,0,1,1,0,0,0,0,0,1,0
12,0,2013-04-22,0.7818314824680298,0.6234898018587336,0.8660254037844387,-0.49999999999999983,0.9368813462954315,-0.3496474552512284,0.0,5305.0,10825.0,5311.571428571428,5433.0,2765.2533854448616,5845.7,5890.5,3863.816312029268,1070.0,1,1,1,0,0,0,0,0,1,9430
12,0,2013-04-23,0.9749279121818236,-0.22252093395631434,0.8660254037844387,-0.49999999999999983,0.9307239310379795,-0.36572252349726897,9430.0,5209.0,8805.0,5670.428571428572,5821.0,2908.984178778038,6103.066666666667,6077.5,3715.302149807983,1070.0,1,1,1,0,0,0,0,0,1,7721
12,0,2013-04-24,0.43388373911755823,-0.900968867902419,0.8660254037844387,-0.49999999999999983,0.9242907221930934,-0.3816892202666588,7721.0,5328.0,7334.0,6110.142857142857,5960.0,3076.409889712974,5984.233333333334,6077.5,3575.5291451498615,1070.0,1,1,1,0,0,0,0,0,1,8406
12,0,2013-04-25,-0.433883739117558,-0.9009688679024191,0.8660254037844387,-0.49999999999999983,0.9175836260593937,-0.39754281428255595,8406.0,5433.0,7472.0,6469.142857142857,7721.0,3130.3745478015553,5905.833333333333,6077.5,3502.7250483541843,1070.0,1,1,1,0,0,0,0,0,1,7946
12,0,2013-04-26,-0.9749279121818236,-0.2225209339563146,0.8660254037844387,-0.49999999999999983,0.9106046300942163,-0.4132786077829042,7946.0,5821.0,8626.0,6595.857142857143,7721.0,3117.6924387849945,5750.066666666667,6077.5,3351.487183360529,1070.0,1,1,1,0,0,0,0,0,1,6708
12,0,2013-04-27,-0.7818314824680299,0.6234898018587334,0.8660254037844387,-0.49999999999999983,0.9033558023246845,-0.4288919379124835,6708.0,5960.0,5336.0,6720.428571428572,7721.0,3105.4484301596344,5594.833333333333,6077.5,3179.9686951759227,1070.0,0,1,1,0,0,0,0,0,1,6832
12,0,2013-04-28,-2.4492935982947064e-16,1.0,0.8660254037844387,-0.49999999999999983,0.895839290734909,-0.4443781781046132,6832.0,0.0,0.0,6720.428571428572,7721.0,3105.4484301596344,5594.833333333333,6077.5,3179.9686951759227,1070.0,0,1,1,0,0,0,0,0,1,0
12,0,2013-04-29,0.7818314824680298,0.6234898018587336,0.8660254037844387,-0.49999999999999983,0.8880573226294932,-0.45973273945210397,0.0,9430.0,5305.0,6815.428571428572,7721.0,3210.546155881831,5618.333333333333,6077.5,3211.4314601106644,1070.0,1,1,1,0,0,0,0,0,1,10095
12,0,2013-04-30,0.9749279121818236,-0.22252093395631434,0.8660254037844387,-0.49999999999999983,0.8800122039735357,-0.47495107206704995,10095.0,7721.0,5209.0,7223.714285714285,7946.0,3512.434327466051,5970.966666666666,6196.0,3153.528428692965,1070.0,1,1,1,0,0,0,0,0,1,10579
12,0,2013-05-01,0.43388373911755823,-0.900968867902419,0.49999999999999994,-0.8660254037844387,0.8717063187093218,-0.49002866642905923,10579.0,8406.0,5328.0,6022.857142857143,6832.0,4372.509059589294,5970.966666666666,6196.0,3153.528428692965,1070.0,1,1,1,0,0,0,0,0,1,0
12,0,2013-05-02,-0.433883739117558,-0.9009688679024191,0.49999999999999994,-0.8660254037844387,0.8631421280499114,-0.5049610547215204,0.0,7946.0,5433.0,6299.714285714285,6832.0,4571.404040856801,6082.7,6196.0,3232.486212467597,1070.0,1,1,1,0,0,0,0,0,1,9884
12,0,2013-05-03,-0.9749279121818236,-0.2225209339563146,0.49999999999999994,-0.8660254037844387,0.854322169749827,-0.5197438121555155,9884.0,6708.0,5821.0,6477.571428571428,7953.0,4613.9576958450325,6141.3,6452.5,3250.4770912420936,1070.0,1,1,1,0,0,0,0,0,1,7953
12,0,2013-05-04,-0.7818314824680299,0.6234898018587334,0.49999999999999994,-0.8660254037844387,0.8452490573530633,-0.5343725582809787,7953.0,6832.0,5960.0,6408.857142857143,7953.0,4611.380539078342,6146.433333333333,6529.5,3250.6896847341163,1070.0,0,1,1,0,0,0,0,0,1,6351
12,0,2013-05-05,-2.4492935982947064e-16,1.0,0.49999999999999994,-0.8660254037844387,0.835925479418637,-0.548842958284719,6351.0,0.0,0.0,6408.857142857143,7953.0,4611.380539078342,5965.6,6529.5,3437.7201506933,1070.0,0,1,1,0,0,0,0,0,1,0
12,0,2013-05-06,0.7818314824680298,0.6234898018587336,0.49999999999999994,-0.8660254037844387,0.8263541987239096,-0.5631507242749186,0.0,10095.0,9430.0,5807.857142857143,6351.0,4315.557493092921,5974.9,6529.5,3437.0995124698816,1070.0,0,1,1,0,0,0,0,0,1,5888
12,0,2013-05-07,0.9749279121818236,-0.22252093395631434,0.49999999999999994,-0.8660254037844387,0.8165380514459161,-0.5772916165517272,5888.0,10579.0,7721.0,5080.142857142857,5888.0,3772.215857581649,6157.733333333334,6529.5,3249.0511605202782,1070.0,0,1,1,0,0,0,0,0,1,5485
12,0,2013-05-08,0.43388373911755823,-0.900968867902419,0.49999999999999994,-0.8660254037844387,0.8064799463209448,-0.5912614448635781,5485.0,0.0,8406.0,5992.571428571428,6351.0,3040.011450479685,6009.8,6369.0,3127.9955397269564,1070.0,0,1,1,0,0,0,0,0,1,6387
12,0,2013-05-09,-0.433883739117558,-0.9009688679024191,0.49999999999999994,-0.8660254037844387,0.7961828637826158,-0.6050560696488488,6387.0,9884.0,7946.0,4580.571428571428,5888.0,3221.322340134187,5716.3,6155.5,3266.689837297606,1070.0,0,1,1,0,0,0,0,0,1,0
12,0,2013-05-10,-0.9749279121818236,-0.2225209339563146,0.49999999999999994,-0.8660254037844387,0.7856498550787145,-0.6186714032625031,0.0,7953.0,6708.0,4447.571428571428,5888.0,3074.762367898956,5705.9,6155.5,3261.855124269646,1070.0,0,1,1,0,0,0,0,0,1,7022
12,0,2013-05-11,-0.7818314824680299,0.6234898018587334,0.49999999999999994,-0.8660254037844387,0.7748840413670407,-0.6321034111873487,7022.0,6351.0,6832.0,4396.571428571428,5888.0,3040.7010078348044,5656.633333333333,5977.0,3245.380499272386,1070.0,0,1,1,0,0,0,0,0,1,5994
12,0,2013-05-12,-2.4492935982947064e-16,1.0,0.49999999999999994,-0.8660254037844387,0.7638886127905428,-0.6453481132295501,5994.0,0.0,0.0,4396.571428571428,5888.0,3040.7010078348044,5369.1,5924.0,3353.549034617836,1070.0,0,1,1,0,0,0,0,0,1,0
12,0,2013-05-13,0.7818314824680298,0.6234898018587336,0.49999999999999994,-0.8660254037844387,0.7526668275320084,-0.6584015846980488,0.0,5888.0,10095.0,4900.285714285715,5994.0,3574.197099316416,5505.033333333334,5977.0,3433.848885909859,1070.0,1,1,1,0,0,0,0,0,1,9414
12,0,2013-05-14,0.9749279121818236,-0.22252093395631434,0.49999999999999994,-0.8660254037844387,0.741222010848596,-0.6712599575675313,9414.0,5485.0,10579.0,5362.857142857143,6387.0,3860.543071838959,5795.8,6172.5,3319.02450770684,1070.0,1,1,1,0,0,0,0,0,1,8723
12,0,2013-05-15,0.43388373911755823,-0.900968867902419,0.49999999999999994,-0.8660254037844387,0.7295575540864875,-0.6839194216246106,8723.0,6387.0,0.0,5603.142857142857,7022.0,3985.2422941217915,5887.933333333333,6369.0,3343.205584705973,1070.0,1,1,1,0,0,0,0,0,1,8069
12,0,2013-05-16,-0.433883739117558,-0.9009688679024191,0.49999999999999994,-0.8660254037844387,0.717676913675962,-0.6963762255968722,8069.0,0.0,9884.0,6663.571428571428,7423.0,3144.785252718262,5961.733333333334,6547.5,3352.126293124631,1070.0,1,1,1,0,0,0,0,0,1,7423
12,0,2013-05-17,-0.9749279121818236,-0.2225209339563146,0.49999999999999994,-0.8660254037844387,0.705583610107178,-0.7086266782644596,7423.0,7022.0,7953.0,6721.428571428572,7427.0,3156.183500006656,6031.7,6770.0,3360.3381310773507,1070.0,1,1,1,0,0,0,0,0,1,7427
12,0,2013-05-18,-0.7818314824680299,0.6234898018587334,0.49999999999999994,-0.8660254037844387,0.6932812268869777,-0.7206671495538609,7427.0,5994.0,6351.0,6667.0,7427.0,3174.053402197256,6037.7,6770.0,3359.3928346118423,1070.0,0,1,1,0,0,0,0,0,1,5613
12,0,2013-05-19,-2.4492935982947064e-16,1.0,0.49999999999999994,-0.8660254037844387,0.6807734094770161,-0.7324940716135789,5613.0,0.0,0.0,6667.0,7427.0,3174.053402197256,5843.666666666667,6770.0,3535.814204953936,1070.0,0,1,1,0,0,0,0,0,1,0
12,0,2013-05-20,0.7818314824680298,0.6234898018587336,0.49999999999999994,-0.8660254037844387,0.6680638642135335,-0.7441039398713607,0.0,9414.0,5888.0,5322.142857142857,7423.0,3756.9953610374764,5645.0,6770.0,3692.995858891953,1070.0,0,1,1,0,0,0,0,0,1,0
12,0,2013-05-21,0.9749279121818236,-0.22252093395631434,0.49999999999999994,-0.8660254037844387,0.6551563572090853,-0.7554933140726803,0.0,8723.0,5485.0,4927.571428571428,5961.0,3474.7323089768506,5843.7,6770.0,3535.815344199393,1070.0,0,1,1,0,0,0,0,0,1,5961
12,0,2013-05-22,0.43388373911755823,-0.900968867902419,0.49999999999999994,-0.8660254037844387,0.6420547132365637,-0.766658819300159,5961.0,8069.0,6387.0,4513.571428571428,5613.0,3199.830717248585,5701.733333333334,6547.5,3471.778118737881,1070.0,0,1,1,0,0,0,0,0,1,5171
12,0,2013-05-23,-0.433883739117558,-0.9009688679024191,0.49999999999999994,-0.8660254037844387,0.6287628145958344,-0.777597146973627,5171.0,7423.0,0.0,4362.571428571428,5613.0,3061.6065966059277,5656.566666666667,6376.5,3453.367508762241,1070.0,0,1,1,0,0,0,0,0,1,6366
12,0,2013-05-24,-0.9749279121818236,-0.2225209339563146,0.49999999999999994,-0.8660254037844387,0.6152845999633276,-0.7883050558305255,6366.0,7427.0,7022.0,4166.857142857143,5613.0,2870.912945886225,5578.266666666666,6358.5,3415.2987644677187,1070.0,0,1,1,0,0,0,0,0,1,6057
12,0,2013-05-25,-0.7818314824680299,0.6234898018587334,0.49999999999999994,-0.8660254037844387,0.6016240632249226,-0.7987793728863649,6057.0,5613.0,5994.0,4042.285714285714,5171.0,2816.1004784563147,5471.433333333333,6204.0,3388.7041433657764,1070.0,0,1,1,0,0,0,0,0,1,4741
12,0,2013-05-26,-2.4492935982947064e-16,1.0,0.49999999999999994,-0.8660254037844387,0.5877852522924732,-0.8090169943749473,4741.0,0.0,0.0,4042.285714285714,5171.0,2816.1004784563147,5247.833333333333,6025.5,3522.948090325268,1070.0,0,1,1,0,0,0,0,0,1,0
12,0,2013-05-27,0.7818314824680298,0.6234898018587336,0.49999999999999994,-0.8660254037844387,0.5737722679043246,-0.8190148866680801,0.0,0.0,9414.0,5673.142857142857,5961.0,3341.5628792812577,5400.633333333333,6025.5,3689.5004566391162,1070.0,1,1,1,0,0,0,0,0,1,11416
12,0,2013-05-28,0.9749279121818236,-0.22252093395631434,0.49999999999999994,-0.8660254037844387,0.5595892624101765,-0.8287700871745037,11416.0,5961.0,8723.0,6093.0,6057.0,3561.180515877654,5697.3,6204.0,3596.925834462076,1070.0,1,1,1,0,0,0,0,0,1,8900
12,0,2013-05-29,0.43388373911755823,-0.900968867902419,0.49999999999999994,-0.8660254037844387,0.545240438540651,-0.8382797052177743,8900.0,5171.0,8069.0,6625.0,6366.0,3676.7737669502185,5657.3,6204.0,3552.735266300292,1070.0,1,1,1,0,0,0,0,0,1,8895
12,0,2013-05-30,-0.433883739117558,-0.9009688679024191,0.49999999999999994,-0.8660254037844387,0.5307300481619334,-0.8475409228928311,8895.0,6366.0,7423.0,6897.714285714285,8275.0,3724.844502986472,5580.5,6204.0,3466.5305297650443,1070.0,1,1,1,0,0,0,0,0,1,8275
12,0,2013-05-31,-0.9749279121818236,-0.2225209339563146,0.49999999999999994,-0.8660254037844387,0.5160623910158528,-0.8565509959010036,8275.0,6057.0,7427.0,7288.142857142857,8790.0,3765.0520770445005,5873.5,6358.5,3348.0391765309764,1070.0,1,1,1,0,0,0,0,0,1,8790
12,0,2013-06-01,-0.7818314824680299,0.6234898018587334,1.2246467991473532e-16,-1.0,0.5012418134457758,-0.865307254363206,8790.0,4741.0,5613.0,7602.142857142857,8790.0,3605.493374864311,5775.333333333333,6358.5,3268.6267424729317,1070.0,0,1,1,0,0,0,0,0,1,6939
12,0,2013-06-02,-2.4492935982947064e-16,1.0,1.2246467991473532e-16,-1.0,0.48627270710869,-0.8738071036110808,6939.0,0.0,0.0,7602.142857142857,8790.0,3605.493374864311,5510.233333333334,6204.0,3405.56140172506,1070.0,0,1,1,0,0,0,0,0,1,0
12,0,2013-06-03,0.7818314824680298,0.6234898018587336,1.2246467991473532e-16,-1.0,0.4711595076738638,-0.8820480249558537,0.0,11416.0,0.0,7567.0,8790.0,3563.0732988998834,5670.866666666667,6211.5,3556.87572837827,1070.0,1,1,1,0,0,0,0,0,1,11170
12,0,2013-06-04,0.9749279121818236,-0.22252093395631434,1.2246467991473532e-16,-1.0,0.4559066935084588,-0.8900275764346767,11170.0,8900.0,5961.0,7529.428571428572,8637.0,3548.0294463801897,5958.766666666666,6376.5,3429.296747885415,1070.0,1,1,1,0,0,0,0,0,1,8637
12,0,2013-06-05,0.43388373911755823,-0.900968867902419,1.2246467991473532e-16,-1.0,0.440518784350495,-0.8977433935342337,8637.0,8895.0,5171.0,7416.285714285715,8275.0,3509.64545760611,6032.6,6663.0,3451.4934158998494,1070.0,1,1,1,0,0,0,0,0,1,8103
12,0,2013-06-06,-0.433883739117558,-0.9009688679024191,1.2246467991473532e-16,-1.0,0.42500033996955416,-0.9051931898913974,8103.0,8275.0,6366.0,7333.142857142857,8103.0,3492.765352771894,6106.2,6980.5,3462.936519477515,1070.0,1,1,1,0,0,0,0,0,1,7693
12,0,2013-06-07,-0.9749279121818236,-0.2225209339563146,1.2246467991473532e-16,-1.0,0.4093559588156213,-0.9123747579707273,7693.0,8790.0,6057.0,7179.571428571428,7715.0,3441.2873490959137,6150.466666666666,7222.5,3475.1162395178853,1070.0,1,1,1,0,0,0,0,0,1,7715
12,0,2013-06-08,-0.7818314824680299,0.6234898018587334,1.2246467991473532e-16,-1.0,0.39359027665646673,-0.9192859697186104,7715.0,6939.0,4741.0,7103.857142857143,7715.0,3453.2720922129934,6364.1,7222.5,3275.225586860788,1070.0,0,1,1,0,0,0,0,0,1,6409
12,0,2013-06-09,-2.4492935982947064e-16,1.0,1.2246467991473532e-16,-1.0,0.3777079652039649,-0.9259247771938498,6409.0,0.0,0.0,7103.857142857143,7715.0,3453.2720922129934,6130.033333333334,7181.0,3471.615429235467,1070.0,0,1,1,0,0,0,0,0,1,0
12,0,2013-06-10,0.7818314824680298,0.6234898018587336,1.2246467991473532e-16,-1.0,0.36171373072976765,-0.9322892131745133,0.0,11170.0,11416.0,6350.428571428572,7693.0,2958.106030167656,6126.766666666666,7181.0,3471.7939483126356,1070.0,0,1,1,0,0,0,0,0,1,5896
12,0,2013-06-11,0.9749279121818236,-0.22252093395631434,1.2246467991473532e-16,-1.0,0.3456123126707335,-0.9383773917408641,5896.0,8637.0,8900.0,6018.285714285715,6409.0,2783.977473225769,6337.166666666667,7181.0,3273.2786482662013,1070.0,0,1,1,0,0,0,0,0,1,6312
12,0,2013-06-12,0.43388373911755823,-0.900968867902419,1.2246467991473532e-16,-1.0,0.3294084822245304,-0.9441875088341993,6312.0,8103.0,8895.0,5698.857142857143,6312.0,2628.8715848294637,6218.933333333333,6674.0,3221.966736416551,1070.0,0,1,1,0,0,0,0,0,1,5867
12,0,2013-06-13,-0.433883739117558,-0.9009688679024191,1.2246467991473532e-16,-1.0,0.3131070409358269,-0.9497178427914316,5867.0,7693.0,8275.0,5343.714285714285,5896.0,2478.1790165553434,6101.733333333334,6387.5,3191.543804723863,1070.0,0,1,1,0,0,0,0,0,1,5207
12,0,2013-06-14,-0.9749279121818236,-0.2225209339563146,1.2246467991473532e-16,-1.0,0.29671281927349075,-0.9549667548552551,5207.0,7715.0,8790.0,5083.714285714285,5895.0,2275.080490465164,6029.266666666666,6339.0,3169.9432273098873,1070.0,0,1,1,0,0,0,0,0,1,5895
12,0,2013-06-15,-0.7818314824680299,0.6234898018587334,1.2246467991473532e-16,-1.0,0.28023067519921585,-0.9599326896597447,5895.0,6409.0,6939.0,5055.0,5895.0,2256.7606578161185,5988.766666666666,6260.0,3159.266105124498,1070.0,0,1,1,0,0,0,0,0,1,6208
12,0,2013-06-16,-2.4492935982947064e-16,1.0,1.2246467991473532e-16,-1.0,0.26366549272800704,-0.9646141756912435,6208.0,0.0,0.0,5055.0,5895.0,2256.7606578161185,5741.2,6132.5,3329.109028574754,1070.0,0,1,1,0,0,0,0,0,1,0
12,0,2013-06-17,0.7818314824680298,0.6234898018587336,1.2246467991473532e-16,-1.0,0.24702218048093552,-0.9690098257244062,0.0,5896.0,11170.0,5704.0,5895.0,3052.0370246771204,5902.066666666667,6260.0,3437.5341396005874,1070.0,1,1,1,0,0,0,0,0,1,10439
12,0,2013-06-18,0.9749279121818236,-0.22252093395631434,1.2246467991473532e-16,-1.0,0.23030567023061221,-0.9731183372332619,10439.0,6312.0,8637.0,6022.0,5895.0,3236.3457788067035,6186.666666666667,6339.0,3281.9591849921035,1070.0,1,1,1,0,0,0,0,0,1,8538
12,0,2013-06-19,0.43388373911755823,-0.900968867902419,1.2246467991473532e-16,-1.0,0.21352091543979612,-0.9769384927771817,8538.0,5867.0,8103.0,6298.0,6208.0,3302.6271360842366,6446.633333333333,6387.5,3077.525433193693,1070.0,1,1,1,0,0,0,0,0,1,7799
12,0,2013-06-20,-0.433883739117558,-0.9009688679024191,1.2246467991473532e-16,-1.0,0.19667288979357647,-0.980469160361632,7799.0,5207.0,7693.0,6708.142857142857,7799.0,3322.7667903205465,6517.2,6674.0,3090.250792188345,1070.0,1,1,1,0,0,0,0,0,1,8078
12,0,2013-06-21,-0.9749279121818236,-0.2225209339563146,1.2246467991473532e-16,-1.0,0.1797665857255624,-0.9837092937736097,8078.0,5895.0,7715.0,7012.857142857143,8028.0,3333.5551807127936,6612.433333333333,7316.0,3091.35629963037,1070.0,1,1,1,0,0,0,0,0,1,8028
12,0,2013-06-22,-0.7818314824680299,0.6234898018587334,1.2246467991473532e-16,-1.0,0.16280701293851715,-0.986657932891657,8028.0,6208.0,6409.0,6979.714285714285,8028.0,3344.027746809008,6599.433333333333,7316.0,3093.2478041956037,1070.0,0,1,1,0,0,0,0,0,1,5976
12,0,2013-06-23,-2.4492935982947064e-16,1.0,1.2246467991473532e-16,-1.0,0.1457991969198751,-0.9893142039703663,5976.0,0.0,0.0,6979.714285714285,8028.0,3344.027746809008,6397.533333333334,7316.0,3319.2887453056337,1070.0,0,1,1,0,0,0,0,0,1,0
12,0,2013-06-24,0.7818314824680298,0.6234898018587336,1.2246467991473532e-16,-1.0,0.12874817745258132,-0.99167731989929,0.0,10439.0,5896.0,6390.428571428572,7799.0,2976.0388582332475,6449.966666666666,7316.0,3304.6104312458456,1070.0,0,1,1,0,0,0,0,0,1,6314
12,0,2013-06-25,0.9749279121818236,-0.22252093395631434,1.2246467991473532e-16,-1.0,0.11165900712169512,-0.993746580436178,6314.0,8538.0,6312.0,5995.714285714285,6314.0,2823.028439713022,6642.466666666666,7316.0,3076.243093095228,1070.0,0,1,1,0,0,0,0,0,1,5775
12,0,2013-06-26,0.43388373911755823,-0.900968867902419,1.2246467991473532e-16,-1.0,0.09453674981719912,-0.9955213724144752,5775.0,7799.0,5867.0,5781.285714285715,6298.0,2718.290437896929,6471.866666666667,6674.0,2941.3448804496097,1070.0,0,1,1,0,0,0,0,0,1,6298
12,0,2013-06-27,-0.433883739117558,-0.9009688679024191,1.2246467991473532e-16,-1.0,0.07738647923346301,-0.9970011699250151,6298.0,8078.0,5207.0,5554.857142857143,6298.0,2556.2788338110636,6391.633333333333,6451.0,2905.4364914324196,1070.0,0,1,1,0,0,0,0,0,1,6493
12,0,2013-06-28,-0.9749279121818236,-0.2225209339563146,1.2246467991473532e-16,-1.0,0.06021327736579302,-0.9981855344718586,6493.0,8028.0,5895.0,5328.714285714285,6298.0,2363.800027800268,6309.966666666666,6427.0,2866.820869081691,1070.0,0,1,1,0,0,0,0,0,1,6445
12,0,2013-06-29,-0.7818314824680299,0.6234898018587334,1.2246467991473532e-16,-1.0,0.04302223300453059,-0.99907411510223,6445.0,5976.0,6208.0,5458.428571428572,6314.0,2429.2474045228346,6263.6,6427.0,2845.1098833394585,1070.0,0,1,1,0,0,0,0,0,1,6884
12,0,2013-06-30,-2.4492935982947064e-16,1.0,1.2246467991473532e-16,-1.0,0.02581844022713308,-0.9996666485105112,6884.0,0.0,0.0,5458.428571428572,6314.0,2429.2474045228346,5970.6,6361.5,3023.0116018347653,1070.0,0,1,1,0,0,0,0,0,1,0
12,0,2013-07-01,0.7818314824680298,0.6234898018587336,-0.4999999999999998,-0.8660254037844388,0.008606996888688698,-0.9999629591162655,0.0,6314.0,10439.0,5833.0,6445.0,2762.451568202896,6037.166666666667,6361.5,3066.7417291538163,1070.0,1,1,1,0,0,0,0,0,1,8936
12,0,2013-07-02,0.9749279121818236,-0.22252093395631434,-0.4999999999999998,-0.8660254037844388,-0.008606996888688009,-0.9999629591162655,8936.0,5775.0,8538.0,6009.428571428572,6493.0,2797.347187196158,6270.833333333333,6427.0,2850.30706250655,1070.0,1,1,1,0,0,0,0,0,1,7010
12,0,2013-07-03,0.43388373911755823,-0.900968867902419,-0.4999999999999998,-0.8660254037844388,-0.02581844022713239,-0.9996666485105112,7010.0,6298.0,7799.0,6231.857142857143,6884.0,2884.6561567814474,6160.333333333333,6427.0,2714.867766302026,1070.0,1,1,1,0,0,0,0,0,1,7855
12,0,2013-07-04,-0.433883739117558,-0.9009688679024191,-0.4999999999999998,-0.8660254037844388,-0.04302223300453034,-0.99907411510223,7855.0,6493.0,8078.0,6484.0,7010.0,2986.622228092013,6147.7,6427.0,2703.8047413432705,1070.0,1,1,1,0,0,0,0,0,1,8258
12,0,2013-07-05,-0.9749279121818236,-0.2225209339563146,-0.4999999999999998,-0.8660254037844388,-0.060213277365792774,-0.9981855344718586,8258.0,6445.0,8028.0,6794.0,7855.0,3092.636792986415,6164.766666666666,6427.0,2718.1502037019704,1070.0,1,1,1,0,0,0,0,0,1,8615
12,0,2013-07-06,-0.7818314824680299,0.6234898018587334,-0.4999999999999998,-0.8660254037844388,-0.07738647923346322,-0.9970011699250151,8615.0,6884.0,5976.0,6628.428571428572,7855.0,3117.936756742764,6099.166666666667,6361.5,2703.705453292005,1070.0,0,1,1,0,0,0,0,0,1,5725
12,0,2013-07-07,-2.4492935982947064e-16,1.0,-0.4999999999999998,-0.8660254037844388,-0.09453674981719933,-0.9955213724144752,5725.0,0.0,0.0,6628.428571428572,7855.0,3117.936756742764,5842.0,6313.0,2904.1916674660642,1070.0,0,1,1,0,0,0,0,0,1,0
12,0,2013-07-08,0.7818314824680298,0.6234898018587336,-0.4999999999999998,-0.8660254037844388,-0.11165900712169444,-0.9937465804361781,0.0,8936.0,6314.0,6176.428571428572,7010.0,2952.615612026212,5820.766666666666,6305.0,2902.2312068753117,1070.0,0,1,1,0,0,0,0,0,1,5772
12,0,2013-07-09,0.9749279121818236,-0.22252093395631434,-0.4999999999999998,-0.8660254037844388,-0.12874817745258066,-0.99167731989929,5772.0,7010.0,5775.0,5969.285714285715,5772.0,2935.2007151292414,6006.1,6305.0,2687.273035805168,1070.0,0,1,1,0,0,0,0,0,1,5560
12,0,2013-07-10,0.43388373911755823,-0.900968867902419,-0.4999999999999998,-0.8660254037844388,-0.14579919691987442,-0.9893142039703664,5560.0,7855.0,6298.0,5697.571428571428,5772.0,2817.208006587538,6008.0,6305.0,2687.2126566516786,1070.0,0,1,1,0,0,0,0,0,1,5953
12,0,2013-07-11,-0.433883739117558,-0.9009688679024191,-0.4999999999999998,-0.8660254037844388,-0.16280701293851646,-0.9866579328916572,5953.0,8258.0,6493.0,5426.142857142857,5772.0,2613.574272177941,6009.533333333334,6306.0,2687.4052186440754,1070.0,0,1,1,0,0,0,0,0,1,6358
12,0,2013-07-12,-0.9749279121818236,-0.2225209339563146,-0.4999999999999998,-0.8660254037844388,-0.17976658572556214,-0.9837092937736098,6358.0,8615.0,6445.0,4978.714285714285,5725.0,2214.2605774302824,5996.733333333334,6306.0,2689.0215107093286,1070.0,0,1,1,0,0,0,0,0,1,5483
12,0,2013-07-13,-0.7818314824680299,0.6234898018587334,-0.4999999999999998,-0.8660254037844388,-0.19667288979357622,-0.9804691603616321,5483.0,5725.0,6884.0,5044.142857142857,5772.0,2246.519339524395,6029.266666666666,6306.0,2685.038546353163,1070.0,0,1,1,0,0,0,0,0,1,6183
12,0,2013-07-14,-2.4492935982947064e-16,1.0,-0.4999999999999998,-0.8660254037844388,-0.2135209154397959,-0.9769384927771817,6183.0,0.0,0.0,5044.142857142857,5772.0,2246.519339524395,5832.766666666666,6306.0,2902.1347040118408,1070.0,0,1,1,0,0,0,0,0,1,0
12,0,2013-07-15,0.7818314824680298,0.6234898018587336,-0.4999999999999998,-0.8660254037844388,-0.23030567023061196,-0.973118337233262,0.0,5772.0,8936.0,5804.571428571428,5953.0,3222.7428720032244,5995.666666666667,6336.0,3056.9502306455183,1070.0,1,1,1,0,0,0,0,0,1,11095
12,0,2013-07-16,0.9749279121818236,-0.22252093395631434,-0.4999999999999998,-0.8660254037844388,-0.24702218048093527,-0.9690098257244063,11095.0,5560.0,7010.0,6231.285714285715,6183.0,3378.9281690246894,6280.566666666667,6401.5,2871.5587462793337,1070.0,1,1,1,0,0,0,0,0,1,8547
12,0,2013-07-17,0.43388373911755823,-0.900968867902419,-0.4999999999999998,-0.8660254037844388,-0.2636654927280072,-0.9646141756912435,8547.0,5953.0,7855.0,6468.285714285715,6358.0,3414.153858780904,6186.333333333333,6401.5,2775.156961492367,1070.0,1,1,1,0,0,0,0,0,1,7612
12,0,2013-07-18,-0.433883739117558,-0.9009688679024191,-0.4999999999999998,-0.8660254037844388,-0.2802306751992161,-0.9599326896597445,7612.0,6358.0,8258.0,6694.142857142857,7612.0,3457.659055322995,6166.366666666667,6401.5,2759.765938142824,1070.0,1,1,1,0,0,0,0,0,1,7939
12,0,2013-07-19,-0.9749279121818236,-0.2225209339563146,-0.4999999999999998,-0.8660254037844388,-0.2967128192734901,-0.9549667548552553,7939.0,5483.0,8615.0,7009.0,7687.0,3429.2222150219372,6162.633333333333,6401.5,2757.5560704379527,1070.0,1,1,1,0,0,0,0,0,1,7687
12,0,2013-07-20,-0.7818314824680299,0.6234898018587334,-0.4999999999999998,-0.8660254037844388,-0.3131070409358267,-0.9497178427914317,7687.0,6183.0,5725.0,6948.285714285715,7687.0,3449.983367799793,6085.3,6336.0,2734.423183831623,1070.0,0,1,1,0,0,0,0,0,1,5758
12,0,2013-07-21,-2.4492935982947064e-16,1.0,-0.4999999999999998,-0.8660254037844388,-0.3294084822245302,-0.9441875088341994,5758.0,0.0,0.0,6948.285714285715,7687.0,3449.983367799793,5817.7,6306.0,2924.000178664084,1070.0,0,1,1,0,0,0,0,0,1,0
12,0,2013-07-22,0.7818314824680298,0.6234898018587336,-0.4999999999999998,-0.8660254037844388,-0.3456123126707333,-0.9383773917408642,0.0,11095.0,5772.0,6150.0,7612.0,2939.2616986810312,5802.066666666667,6306.0,2924.3783770151963,1070.0,0,1,1,0,0,0,0,0,1,5507
12,0,2013-07-23,0.9749279121818236,-0.22252093395631434,-0.4999999999999998,-0.8660254037844388,-0.3617137307297674,-0.9322892131745134,5507.0,8547.0,5560.0,5624.0,5758.0,2762.9826878453846,5964.233333333334,6306.0,2719.2345104805713,1070.0,0,1,1,0,0,0,0,0,1,4865
12,0,2013-07-24,0.43388373911755823,-0.900968867902419,-0.4999999999999998,-0.8660254037844388,-0.37770796520396466,-0.9259247771938499,4865.0,7612.0,5953.0,5282.428571428572,5507.0,2620.3691760985885,5927.8,6240.5,2721.707696687303,1070.0,0,1,1,0,0,0,0,0,1,5221
12,0,2013-07-25,-0.433883739117558,-0.9009688679024191,-0.4999999999999998,-0.8660254037844388,-0.39359027665646645,-0.9192859697186105,5221.0,7939.0,6358.0,4899.285714285715,5257.0,2349.24432632323,5910.533333333334,6240.5,2724.352320794082,1070.0,0,1,1,0,0,0,0,0,1,5257
12,0,2013-07-26,-0.9749279121818236,-0.2225209339563146,-0.4999999999999998,-0.8660254037844388,-0.4093559588156211,-0.9123747579707274,5257.0,7687.0,5483.0,4552.714285714285,5257.0,2026.1785635596275,5875.966666666666,6068.0,2725.844943136531,1070.0,0,1,1,0,0,0,0,0,1,5261
12,0,2013-07-27,-0.7818314824680299,0.6234898018587334,-0.4999999999999998,-0.8660254037844388,-0.42500033996955394,-0.9051931898913975,5261.0,5758.0,6183.0,4529.142857142857,5257.0,2010.7208018163851,5845.966666666666,5862.5,2723.7716558723023,1070.0,0,1,1,0,0,0,0,0,1,5593
12,0,2013-07-28,-2.4492935982947064e-16,1.0,-0.4999999999999998,-0.8660254037844388,-0.4405187843504952,-0.8977433935342336,5593.0,0.0,0.0,4529.142857142857,5257.0,2010.7208018163851,5631.133333333333,5765.0,2921.861201043084,1070.0,0,1,1,0,0,0,0,0,1,0
12,0,2013-07-29,0.7818314824680298,0.6234898018587336,-0.4999999999999998,-0.8660254037844388,-0.455906693508459,-0.8900275764346766,0.0,5507.0,11095.0,5634.142857142857,5257.0,3887.3403259199963,5843.066666666667,5765.0,3230.1865957987893,1070.0,1,1,1,0,0,0,0,0,1,13242
12,0,2013-07-30,0.9749279121818236,-0.22252093395631434,-0.4999999999999998,-0.8660254037844388,-0.47115950767386394,-0.8820480249558535,13242.0,4865.0,8547.0,6253.285714285715,5261.0,4084.559328099161,6149.7,5862.5,3089.9681858645695,1070.0,1,1,1,0,0,0,0,0,1,9199
12,0,2013-07-31,0.43388373911755823,-0.900968867902419,-0.4999999999999998,-0.8660254037844388,-0.4862727071086902,-0.8738071036110807,9199.0,5221.0,7612.0,6914.142857142857,5593.0,4260.160264143878,6180.066666666667,5862.5,3122.5989057893407,1070.0,1,1,1,0,0,0,0,0,1,9847
12,0,2013-08-01,-0.433883739117558,-0.9009688679024191,-0.8660254037844384,-0.5000000000000004,-0.5012418134457756,-0.8653072543632061,9847.0,5257.0,7939.0,7548.857142857143,9199.0,4302.8795563192825,6269.733333333334,5862.5,3185.246333064188,1070.0,1,1,1,0,0,0,0,0,1,9700
12,0,2013-08-02,-0.9749279121818236,-0.2225209339563146,-0.8660254037844384,-0.5000000000000004,-0.5160623910158526,-0.8565509959010037,9700.0,5261.0,7687.0,8035.0,9199.0,4192.126429391168,6296.7,5862.5,3202.5079520211384,1070.0,1,1,1,0,0,0,0,0,1,8664
12,0,2013-08-03,-0.7818314824680299,0.6234898018587334,-0.8660254037844384,-0.5000000000000004,-0.5307300481619331,-0.8475409228928312,8664.0,5593.0,5758.0,8243.57142857143,9199.0,4085.339433353639,6256.533333333334,5862.5,3184.567038545195,1070.0,0,1,1,0,0,0,0,0,1,7053
12,0,2013-08-04,-2.4492935982947064e-16,1.0,-0.8660254037844384,-0.5000000000000004,-0.5452404385406507,-0.8382797052177745,7053.0,0.0,0.0,8243.57142857143,9199.0,4085.339433353639,5969.366666666667,5765.0,3348.7540295720023,1070.0,0,1,1,0,0,0,0,0,1,0
12,0,2013-08-05,0.7818314824680298,0.6234898018587336,-0.8660254037844384,-0.5000000000000004,-0.5595892624101763,-0.828770087174504,0.0,13242.0,5507.0,7471.285714285715,8664.0,3443.5165995575694,6039.733333333334,5862.5,3365.57887558977,1070.0,0,1,1,0,0,0,0,0,1,7836
12,0,2013-08-06,0.9749279121818236,-0.22252093395631434,-0.8660254037844384,-0.5000000000000004,-0.5737722679043243,-0.8190148866680802,7836.0,9199.0,4865.0,7185.571428571428,7836.0,3358.1878474926884,6279.7,6068.0,3171.122472324708,1070.0,0,1,1,0,0,0,0,0,1,7199
12,0,2013-08-07,0.43388373911755823,-0.900968867902419,-0.8660254037844384,-0.5000000000000004,-0.5877852522924734,-0.8090169943749472,7199.0,9847.0,5221.0,6718.142857142857,7199.0,3147.081263042065,6306.466666666666,6270.5,3170.0781207967148,1070.0,0,1,1,0,0,0,0,0,1,6575
12,0,2013-08-08,-0.433883739117558,-0.9009688679024191,-0.8660254037844384,-0.5000000000000004,-0.6016240632249227,-0.7987793728863648,6575.0,9700.0,5257.0,6173.142857142857,7053.0,2862.05645347137,6317.3,6270.5,3167.993840881336,1070.0,0,1,1,0,0,0,0,0,1,5885
12,0,2013-08-09,-0.9749279121818236,-0.2225209339563146,-0.8660254037844384,-0.5000000000000004,-0.6152845999633277,-0.7883050558305253,5885.0,8664.0,5261.0,5800.0,6575.0,2645.242899999918,6320.6,6270.5,3167.6528197084517,1070.0,0,1,1,0,0,0,0,0,1,6052
12,0,2013-08-10,-0.7818314824680299,0.6234898018587334,-0.8660254037844384,-0.5000000000000004,-0.6287628145958345,-0.7775971469736268,6052.0,7053.0,5593.0,5641.428571428572,6052.0,2590.3116194223167,6306.766666666666,6117.5,3168.389939030096,1070.0,0,1,1,0,0,0,0,0,1,5943
12,0,2013-08-11,-2.4492935982947064e-16,1.0,-0.8660254037844384,-0.5000000000000004,-0.6420547132365636,-0.7666588193001592,5943.0,0.0,0.0,5641.428571428572,6052.0,2590.3116194223167,6124.0,6117.5,3369.3177146224984,1070.0,0,1,1,0,0,0,0,0,1,0
12,0,2013-08-12,0.7818314824680298,0.6234898018587336,-0.8660254037844384,-0.5000000000000004,-0.655156357209085,-0.7554933140726804,0.0,7836.0,13242.0,6135.428571428572,6052.0,3308.7120785960797,6294.366666666667,6313.5,3499.1202291663158,1070.0,1,1,1,0,0,0,0,0,1,11294
12,0,2013-08-13,0.9749279121818236,-0.22252093395631434,-0.8660254037844384,-0.5000000000000004,-0.6680638642135333,-0.7441039398713608,11294.0,7199.0,9199.0,6338.0,6052.0,3426.008853851174,6581.6,6814.0,3313.3580902888784,1070.0,1,1,1,0,0,0,0,0,1,8617
12,0,2013-08-14,0.43388373911755823,-0.900968867902419,-0.8660254037844384,-0.5000000000000004,-0.6807734094770159,-0.7324940716135792,8617.0,6575.0,9847.0,6665.714285714285,6052.0,3559.5700917519807,6507.4,6814.0,3232.7428473730147,1070.0,1,1,1,0,0,0,0,0,1,8869
12,0,2013-08-15,-0.433883739117558,-0.9009688679024191,-0.8660254037844384,-0.5000000000000004,-0.6932812268869771,-0.7206671495538615,8869.0,5885.0,9700.0,6962.571428571428,7963.0,3570.2427955319204,6487.933333333333,6814.0,3221.777180734083,1070.0,1,1,1,0,0,0,0,0,1,7963
12,0,2013-08-16,-0.9749279121818236,-0.2225209339563146,-0.8660254037844384,-0.5000000000000004,-0.7055836101071774,-0.7086266782644601,7963.0,6052.0,8664.0,7294.428571428572,8375.0,3579.448554230234,6513.366666666667,6814.0,3233.945422985765,1070.0,1,1,1,0,0,0,0,0,1,8375
12,0,2013-08-17,-0.7818314824680299,0.6234898018587334,-0.8660254037844384,-0.5000000000000004,-0.7176769136759615,-0.6963762255968726,8375.0,5943.0,7053.0,7297.285714285715,8375.0,3578.1978105505195,6447.5,6313.5,3224.015527364851,1070.0,0,1,1,0,0,0,0,0,1,5963
12,0,2013-08-18,-2.4492935982947064e-16,1.0,-0.8660254037844384,-0.5000000000000004,-0.7295575540864876,-0.6839194216246105,5963.0,0.0,0.0,7297.285714285715,8375.0,3578.19781055052,6191.266666666666,6007.5,3421.5253599097805,1070.0,0,1,1,0,0,0,0,0,1,0
12,0,2013-08-19,0.7818314824680298,0.6234898018587336,-0.8660254037844384,-0.5000000000000004,-0.7412220108485957,-0.6712599575675315,0.0,11294.0,7836.0,6482.428571428572,7963.0,3138.8467020623348,6185.666666666667,6007.5,3422.3963104449394,1070.0,0,1,1,0,0,0,0,0,1,5590
12,0,2013-08-20,0.9749279121818236,-0.22252093395631434,-0.8660254037844384,-0.5000000000000004,-0.7526668275320083,-0.6584015846980489,5590.0,8617.0,7199.0,6041.857142857143,5963.0,3002.788949658377,6370.1,6007.5,3220.6988463097096,1070.0,0,1,1,0,0,0,0,0,1,5533
12,0,2013-08-21,0.43388373911755823,-0.900968867902419,-0.8660254037844384,-0.5000000000000004,-0.7638886127905429,-0.64534811322955,5533.0,8869.0,6575.0,5601.142857142857,5784.0,2732.9653875458794,6379.333333333333,6007.5,3218.5354597622713,1070.0,0,1,1,0,0,0,0,0,1,5784
12,0,2013-08-22,-0.433883739117558,-0.9009688679024191,-0.8660254037844384,-0.5000000000000004,-0.7748840413670406,-0.6321034111873488,5784.0,7963.0,5885.0,5201.428571428572,5590.0,2526.79143428597,6389.333333333333,6007.5,3214.131215626452,1070.0,0,1,1,0,0,0,0,0,1,5165
12,0,2013-08-23,-0.9749279121818236,-0.2225209339563146,-0.8660254037844384,-0.5000000000000004,-0.7856498550787144,-0.6186714032625032,5165.0,8375.0,6052.0,4847.0,5590.0,2153.942586669076,6411.766666666666,6007.5,3208.038391757261,1070.0,0,1,1,0,0,0,0,0,1,5894
12,0,2013-08-24,-0.7818314824680299,0.6234898018587334,-0.8660254037844384,-0.5000000000000004,-0.7961828637826154,-0.6050560696488494,5894.0,5963.0,5943.0,4798.714285714285,5590.0,2128.392172062104,6424.033333333334,6007.5,3204.17185474073,1070.0,0,1,1,0,0,0,0,0,1,5625
12,0,2013-08-25,-2.4492935982947064e-16,1.0,-0.8660254037844384,-0.5000000000000004,-0.8064799463209447,-0.5912614448635782,5625.0,0.0,0.0,4798.714285714285,5590.0,2128.392172062104,6248.666666666667,6007.5,3407.5360431046774,1070.0,0,1,1,0,0,0,0,0,1,0
12,0,2013-08-26,0.7818314824680298,0.6234898018587336,-0.8660254037844384,-0.5000000000000004,-0.8165380514459157,-0.5772916165517278,0.0,5590.0,11294.0,5526.857142857143,5625.0,3096.0929910976192,6418.466666666666,6313.5,3499.417180374306,1070.0,1,1,1,0,0,0,0,0,1,10687
12,0,2013-08-27,0.9749279121818236,-0.22252093395631434,-0.8660254037844384,-0.5000000000000004,-0.8263541987239095,-0.5631507242749187,10687.0,5533.0,8617.0,5999.571428571428,5784.0,3340.1764852146566,6713.2,6814.0,3307.2671539484395,1070.0,1,1,1,0,0,0,0,0,1,8842
12,0,2013-08-28,0.43388373911755823,-0.900968867902419,-0.8660254037844384,-0.5000000000000004,-0.8359254794186365,-0.5488429582847199,8842.0,5784.0,8869.0,6457.857142857143,5894.0,3520.8581069852544,6571.533333333334,6814.0,3102.657823192254,1070.0,1,1,1,0,0,0,0,0,1,8992
12,0,2013-08-29,-0.433883739117558,-0.9009688679024191,-0.8660254037844384,-0.5000000000000004,-0.8452490573530634,-0.5343725582809785,8992.0,5165.0,7963.0,6972.428571428572,8767.0,3563.3744707857454,6557.133333333333,6814.0,3091.023452128631,1070.0,1,1,1,0,0,0,0,0,1,8767
12,0,2013-08-30,-0.9749279121818236,-0.2225209339563146,-0.8660254037844384,-0.5000000000000004,-0.8543221697498269,-0.5197438121555157,8767.0,5894.0,8375.0,7347.428571428572,8767.0,3569.0877852817775,6512.866666666667,6814.0,3051.5415294154413,1070.0,1,1,1,0,0,0,0,0,1,8519
12,0,2013-08-31,-0.7818314824680299,0.6234898018587334,-0.8660254037844384,-0.5000000000000004,-0.8631421280499115,-0.5049610547215202,8519.0,5625.0,5963.0,7367.428571428572,8767.0,3558.2028636725568,6381.7,6313.5,2993.847773869516,1070.0,0,1,1,0,0,0,0,0,1,5765
12,0,2013-09-01,-2.4492935982947064e-16,1.0,-1.0,-1.8369701987210297e-16,-0.8717063187093218,-0.4900286664290594,5765.0,0.0,0.0,7367.428571428572,8767.0,3558.2028636725568,6092.9,6007.5,3178.29735756481,1070.0,0,1,1,0,0,0,0,0,1,0
12,0,2013-09-02,0.7818314824680298,0.6234898018587336,-1.0,-1.8369701987210297e-16,-0.8800122039735356,-0.4749510720670502,0.0,10687.0,5590.0,6573.571428571428,8519.0,3305.0444705602567,6028.8,5953.0,3177.657827546183,1070.0,0,1,1,0,0,0,0,0,1,5130
12,0,2013-09-03,0.9749279121818236,-0.22252093395631434,-1.0,-1.8369701987210297e-16,-0.888057322629493,-0.4597327394521046,5130.0,8842.0,5533.0,6171.285714285715,6026.0,3150.691549183325,6229.666666666667,5994.5,2966.891585171411,1070.0,0,1,1,0,0,0,0,0,1,6026
12,0,2013-09-04,0.43388373911755823,-0.900968867902419,-1.0,-1.8369701987210297e-16,-0.8958392907349089,-0.44437817810461344,6026.0,8992.0,5784.0,5709.714285714285,5765.0,2894.8722317392917,6160.5,5953.0,2952.303282593745,1070.0,0,1,1,0,0,0,0,0,1,5761
12,0,2013-09-05,-0.433883739117558,-0.9009688679024191,-1.0,-1.8369701987210297e-16,-0.9033558023246842,-0.4288919379124841,5761.0,8767.0,5165.0,5174.0,5761.0,2562.7342169383587,6087.766666666666,5918.5,2952.7144225135535,1070.0,0,1,1,0,0,0,0,0,1,5017
12,0,2013-09-06,-0.9749279121818236,-0.2225209339563146,-1.0,-1.8369701987210297e-16,-0.9106046300942162,-0.41327860778290443,5017.0,8519.0,5894.0,4737.857142857143,5466.0,2120.154666415592,6050.8,5889.5,2953.3461606841133,1070.0,0,1,1,0,0,0,0,0,1,5466
12,0,2013-09-07,-0.7818314824680299,0.6234898018587334,-1.0,-1.8369701987210297e-16,-0.9175836260593934,-0.3975428142825566,5466.0,5765.0,5625.0,4669.0,5283.0,2088.8315713176435,6030.733333333334,5839.0,2956.554960893103,1070.0,0,1,1,0,0,0,0,0,1,5283
12,0,2013-09-08,-2.4492935982947064e-16,1.0,-1.0,-1.8369701987210297e-16,-0.9242907221930934,-0.3816892202666586,5283.0,0.0,0.0,4669.0,5283.0,2088.8315713176435,5829.0,5774.5,3154.8741818729136,1070.0,0,1,1,0,0,0,0,0,1,0
12,0,2013-09-09,0.7818314824680298,0.6234898018587336,-1.0,-1.8369701987210297e-16,-0.9307239310379793,-0.3657225234972692,0.0,5130.0,10687.0,5316.714285714285,5466.0,2827.839912623868,5953.033333333334,5774.5,3231.7199593099504,1070.0,1,1,1,0,0,0,0,0,1,9664
12,0,2013-09-10,0.9749279121818236,-0.22252093395631434,-1.0,-1.8369701987210297e-16,-0.9368813462954315,-0.34964745525122826,9664.0,6026.0,8842.0,5720.0,5466.0,3130.909133143277,6248.0,5839.0,3069.394301700313,1070.0,1,1,1,0,0,0,0,0,1,8849
12,0,2013-09-11,0.43388373911755823,-0.900968867902419,-1.0,-1.8369701987210297e-16,-0.9427611433904206,-0.33346877891818705,8849.0,5761.0,8992.0,6106.714285714285,5466.0,3299.458021871959,6153.8,5839.0,2950.2444948360385,1070.0,1,1,1,0,0,0,0,0,1,8468
12,0,2013-09-12,-0.433883739117558,-0.9009688679024191,-1.0,-1.8369701987210297e-16,-0.9483615800121716,-0.31719128858910595,8468.0,5017.0,8767.0,6619.571428571428,8468.0,3379.8750892669973,6153.466666666666,5839.0,2949.9571444383723,1070.0,1,1,1,0,0,0,0,0,1,8607
12,0,2013-09-13,-0.9749279121818236,-0.2225209339563146,-1.0,-1.8369701987210297e-16,-0.9536809966304455,-0.300819807635668,8607.0,5466.0,8519.0,7073.857142857143,8607.0,3412.5354908323575,6146.033333333334,5839.0,2943.151670823519,1070.0,1,1,1,0,0,0,0,0,1,8646
12,0,2013-09-14,-0.7818314824680299,0.6234898018587334,-1.0,-1.8369701987210297e-16,-0.9587178169872964,-0.2843591872810036,8646.0,5283.0,5765.0,7116.571428571428,8607.0,3388.167836119434,6066.666666666667,5774.5,2924.5094175490935,1070.0,0,1,1,0,0,0,0,0,1,5582
12,0,2013-09-15,-2.4492935982947064e-16,1.0,-1.0,-1.8369701987210297e-16,-0.9634705485641486,-0.26781430516217486,5582.0,0.0,0.0,7116.571428571428,8607.0,3388.167836119434,5787.5,5763.0,3091.5230344304086,1070.0,0,1,1,0,0,0,0,0,1,0
12,0,2013-09-16,0.7818314824680298,0.6234898018587336,-1.0,-1.8369701987210297e-16,-0.9679377830240642,-0.25119006388481957,0.0,9664.0,5130.0,6499.714285714285,8468.0,3236.7686929140527,5766.933333333333,5693.0,3092.3674552292337,1070.0,0,1,1,0,0,0,0,0,1,5346
12,0,2013-09-17,0.9749279121818236,-0.22252093395631434,-1.0,-1.8369701987210297e-16,-0.9721181966290612,-0.23449138957041052,5346.0,8849.0,6026.0,5966.571428571428,5582.0,3089.312105585039,5937.5,5693.0,2898.3435310773525,1070.0,0,1,1,0,0,0,0,0,1,5117
12,0,2013-09-18,0.43388373911755823,-0.900968867902419,-1.0,-1.8369701987210297e-16,-0.9760105506323682,-0.21772323039653224,5117.0,8468.0,5761.0,5536.0,5454.0,2885.9122763290393,5932.966666666666,5693.0,2899.0120847999406,1070.0,0,1,1,0,0,0,0,0,1,5454
12,0,2013-09-19,-0.433883739117558,-0.9009688679024191,-1.0,-1.8369701987210297e-16,-0.9796136916454901,-0.20089055513063528,5454.0,8607.0,5017.0,5003.142857142857,5346.0,2549.072408319768,5911.1,5693.0,2904.601632724803,1070.0,0,1,1,0,0,0,0,0,1,4877
12,0,2013-09-20,-0.9749279121818236,-0.2225209339563146,-1.0,-1.8369701987210297e-16,-0.9829265519799822,-0.18399835165767986,4877.0,8646.0,5466.0,4428.285714285715,5117.0,1981.0879767008278,5872.366666666667,5603.5,2914.0872171565843,1070.0,0,1,1,0,0,0,0,0,1,4622
12,0,2013-09-21,-0.7818314824680299,0.6234898018587334,-1.0,-1.8369701987210297e-16,-0.9859481499638303,-0.1670516255021195,4622.0,5582.0,5283.0,4407.571428571428,5117.0,1967.7271878271881,5881.433333333333,5603.5,2912.2330297454278,1070.0,0,1,1,0,0,0,0,0,1,5437
12,0,2013-09-22,-2.4492935982947064e-16,1.0,-1.0,-1.8369701987210297e-16,-0.9886775902323404,-0.15005539834465262,5437.0,0.0,0.0,4407.571428571428,5117.0,1967.7271878271881,5684.966666666666,5524.0,3103.8633377679876,1070.0,0,1,1,0,0,0,0,0,1,0
12,0,2013-09-23,0.7818314824680298,0.6234898018587336,-1.0,-1.8369701987210297e-16,-0.9911140639934546,-0.13301470653419636,0.0,5346.0,9664.0,5050.857142857143,5117.0,2859.588631754075,5825.766666666666,5524.0,3195.5027631337457,1070.0,1,1,1,0,0,0,0,0,1,9849
12,0,2013-09-24,0.9749279121818236,-0.22252093395631434,-1.0,-1.8369701987210297e-16,-0.9932568492674143,-0.11593459959550066,9849.0,5117.0,8849.0,5647.428571428572,5437.0,3280.3353922601077,6135.533333333334,5671.5,3058.78828536933,1070.0,1,1,1,0,0,0,0,0,1,9293
12,0,2013-09-25,0.43388373911755823,-0.900968867902419,-1.0,-1.8369701987210297e-16,-0.9951053111006974,-0.09882013873287211,9293.0,5454.0,8468.0,5953.285714285715,5437.0,3358.183572225004,6032.466666666666,5671.5,2950.3062346408924,1070.0,1,1,1,0,0,0,0,0,1,7595
12,0,2013-09-26,-0.433883739117558,-0.9009688679024191,-1.0,-1.8369701987210297e-16,-0.99665890175417,-0.08167639533042288,7595.0,4877.0,8607.0,6378.428571428572,7595.0,3387.469058020692,5999.5,5671.5,2923.2313220251604,1070.0,1,1,1,0,0,0,0,0,1,7853
12,0,2013-09-27,-0.9749279121818236,-0.2225209339563146,-1.0,-1.8369701987210297e-16,-0.9979171608653922,-0.06450844944931625,7853.0,4622.0,8646.0,6937.0,7853.0,3371.905840915485,5984.166666666667,5671.5,2908.160967457558,1070.0,1,1,1,0,0,0,0,0,1,8532
12,0,2013-09-28,-0.7818314824680299,0.6234898018587334,-1.0,-1.8369701987210297e-16,-0.9988797155850335,-0.04732138832243232,8532.0,5437.0,5582.0,7076.857142857143,7853.0,3319.2121268242418,5905.8,5671.5,2861.894024400022,1070.0,0,1,1,0,0,0,0,0,1,6416
12,0,2013-09-29,-2.4492935982947064e-16,1.0,-1.0,-1.8369701987210297e-16,-0.9995462806873573,-0.03012030484690836,6416.0,0.0,0.0,7076.857142857143,7853.0,3319.2121268242418,5621.833333333333,5524.0,3012.349479236676,1070.0,0,1,1,0,0,0,0,0,1,0
12,0,2013-09-30,0.7818314824680298,0.6234898018587336,-1.0,-1.8369701987210297e-16,-0.9999166586547379,-0.012910296075008843,0.0,9849.0,5346.0,6778.142857142857,7758.0,3116.022648001312,5688.266666666666,5524.0,3037.487288843372,1070.0,0,1,1,0,0,0,0,0,1,7758
12,0,2013-10-01,0.9749279121818236,-0.22252093395631434,-0.8660254037844386,0.5000000000000001,-0.9999907397361901,0.004303538296243821,7758.0,9293.0,5117.0,6179.428571428572,7595.0,2950.5174606692744,5858.333333333333,5524.0,2844.7361714326817,1070.0,0,1,1,0,0,0,0,0,1,5102
12,0,2013-10-02,0.43388373911755823,-0.900968867902419,-0.8660254037844386,0.5000000000000001,-0.9997685019798909,0.021516097436222233,5102.0,7595.0,5454.0,5911.428571428572,6416.0,2884.9813319524737,5877.966666666666,5650.5,2841.5669121264687,1070.0,0,1,1,0,0,0,0,0,1,5719
12,0,2013-10-03,-0.433883739117558,-0.9009688679024191,-0.8660254037844386,0.5000000000000001,-0.9992500112396835,0.03872228089217399,5719.0,7853.0,4877.0,4789.571428571428,5719.0,3471.4081608257507,5677.1,5524.0,3037.005834359071,1070.0,0,1,1,0,0,0,0,0,1,0
12,0,2013-10-04,-0.9749279121818236,-0.2225209339563146,-0.8660254037844386,0.5000000000000001,-0.9984354211555643,0.05591699010060302,0.0,8532.0,4622.0,4595.0,5719.0,3258.3152599669265,5724.066666666667,5524.0,3049.218463275731,1070.0,0,1,1,0,0,0,0,0,1,7170
12,0,2013-10-05,-0.7818314824680299,0.6234898018587334,-0.8660254037844386,0.5000000000000001,-0.9973249731081555,0.07309512989807776,7170.0,6416.0,5437.0,4566.0,5719.0,3240.2599175580563,5763.933333333333,5650.5,3047.4732092209674,1070.0,0,1,1,0,0,0,0,0,1,6213
12,0,2013-10-06,-2.4492935982947064e-16,1.0,-0.8660254037844386,0.5000000000000001,-0.9959189961471792,0.0902516100310407,6213.0,0.0,0.0,4566.0,5719.0,3240.2599175580563,5581.733333333334,5650.5,3224.175670465707,1070.0,0,1,1,0,0,0,0,0,1,0
12,0,2013-10-07,0.7818314824680298,0.6234898018587336,-0.8660254037844386,0.5000000000000001,-0.994217906893952,0.10738134666416306,0.0,7758.0,9849.0,4951.714285714285,5719.0,3796.5132562341864,5754.233333333334,5966.0,3343.8569582850378,1070.0,1,1,1,0,0,0,0,0,1,10458
12,0,2013-10-08,0.9749279121818236,-0.22252093395631434,-0.8660254037844386,0.5000000000000001,-0.9922222094179324,0.12447926388678869,10458.0,5102.0,9293.0,5455.0,6213.0,4045.1296641764147,6041.733333333334,6314.5,3199.732822179585,1070.0,1,1,1,0,0,0,0,0,1,8625
12,0,2013-10-09,0.43388373911755823,-0.900968867902419,-0.8660254037844386,0.5000000000000001,-0.989932495087353,0.141540295217043,8625.0,5719.0,7595.0,5736.285714285715,7170.0,4134.029217534458,5975.866666666667,6314.5,3142.4218612438067,1070.0,1,1,1,0,0,0,0,0,1,7688
12,0,2013-10-10,-0.433883739117558,-0.9009688679024191,-0.8660254037844386,0.5000000000000001,-0.9873494423939864,0.15855938510313475,7688.0,0.0,7853.0,6961.142857142857,7688.0,3346.3141129991245,5966.7,6314.5,3134.141912483576,1070.0,1,1,1,0,0,0,0,0,1,8574
12,0,2013-10-11,-0.9749279121818236,-0.2225209339563146,-0.8660254037844386,0.5000000000000001,-0.9844738167520923,0.17553149042142777,8574.0,7170.0,8532.0,7087.285714285715,8053.0,3372.043283346445,5952.866666666667,6314.5,3123.619283761236,1070.0,1,1,1,0,0,0,0,0,1,8053
12,0,2013-10-12,-0.7818314824680299,0.6234898018587334,-0.8660254037844386,0.5000000000000001,-0.9813064702716093,0.19245158197082995,8053.0,6213.0,6416.0,6975.714285714285,8053.0,3418.394199732072,5847.033333333334,5966.0,3084.129469567948,1070.0,0,1,1,0,0,0,0,0,1,5432
12,0,2013-10-13,-2.4492935982947064e-16,1.0,-0.8660254037844386,0.5000000000000001,-0.9778483415056568,0.20931464596304888,5432.0,0.0,0.0,6975.714285714285,8053.0,3418.394199732072,5558.833333333333,5650.5,3214.759014761217,1070.0,0,1,1,0,0,0,0,0,1,0
12,0,2013-10-14,0.7818314824680298,0.6234898018587336,-0.8660254037844386,0.5000000000000001,-0.9741004551724206,0.22611568550828803,0.0,10458.0,7758.0,6457.714285714285,7688.0,3058.5559073025324,5600.5,5966.0,3223.1593169991806,1070.0,0,1,1,0,0,0,0,0,1,6832
12,0,2013-10-15,0.9749279121818236,-0.22252093395631434,-0.8660254037844386,0.5000000000000001,-0.970063921851507,0.2428497220959358,6832.0,8625.0,5102.0,5939.0,6832.0,2935.1452547815506,5766.966666666666,5966.0,3048.147153241801,1070.0,0,1,1,0,0,0,0,0,1,4994
12,0,2013-10-16,0.43388373911755823,-0.900968867902419,-0.8660254037844386,0.5000000000000001,-0.965739937654855,0.25951179706979943,4994.0,7688.0,5719.0,5665.0,5770.0,2832.3869203671056,5781.1,5991.5,3047.110755317636,1070.0,0,1,1,0,0,0,0,0,1,5770
12,0,2013-10-17,-0.433883739117558,-0.9009688679024191,-0.8660254037844386,0.5000000000000001,-0.9611297838723007,0.27609697309746883,5770.0,8574.0,0.0,5185.428571428572,5432.0,2525.305120649968,5784.433333333333,5991.5,3046.413840650306,1070.0,0,1,1,0,0,0,0,0,1,5217
12,0,2013-10-18,-0.9749279121818236,-0.2225209339563146,-0.8660254037844386,0.5000000000000001,-0.9562348265919058,0.2926003356333479,5217.0,8053.0,7170.0,4885.571428571428,5432.0,2236.1176070101847,5801.1,6083.5,3045.911418437102,1070.0,0,1,1,0,0,0,0,0,1,5954
12,0,2013-10-19,-0.7818314824680299,0.6234898018587334,-0.8660254037844386,0.5000000000000001,-0.9510565162951536,0.30901699437494723,5954.0,5432.0,6213.0,4993.285714285715,5770.0,2284.4636653042303,5844.733333333334,6199.5,3041.5897945253764,1070.0,0,1,1,0,0,0,0,0,1,6186
12,0,2013-10-20,-2.4492935982947064e-16,1.0,-0.8660254037844386,0.5000000000000001,-0.9455963874271428,0.3253420847119795,6186.0,0.0,0.0,4993.285714285715,5770.0,2284.4636653042303,5690.666666666667,6199.5,3217.6266723003855,1070.0,0,1,1,0,0,0,0,0,1,0
12,0,2013-10-21,0.7818314824680298,0.6234898018587336,-0.8660254037844386,0.5000000000000001,-0.9398560579418953,0.341570769167856,0.0,6832.0,10458.0,5575.285714285715,5770.0,3175.9748484670386,5872.966666666666,6314.5,3354.7643782139658,1070.0,1,1,1,0,0,0,0,0,1,10906
12,0,2013-10-22,0.9749279121818236,-0.22252093395631434,-0.8660254037844386,0.5000000000000001,-0.9338372288229252,0.35769823883312546,10906.0,4994.0,8625.0,6076.428571428572,5954.0,3341.423142771296,6156.366666666667,6624.0,3196.9246481184264,1070.0,1,1,1,0,0,0,0,0,1,8502
12,0,2013-10-23,0.43388373911755823,-0.900968867902419,-0.8660254037844386,0.5000000000000001,-0.9275416835791965,0.3737197147904692,8502.0,5770.0,7688.0,6441.0,6186.0,3440.1782415062908,6105.466666666666,6624.0,3147.8848479720396,1070.0,1,1,1,0,0,0,0,0,1,8322
12,0,2013-10-24,-0.433883739117558,-0.9009688679024191,-0.8660254037844386,0.5000000000000001,-0.9209712877166346,0.38963044953078774,8322.0,5217.0,8574.0,6749.428571428572,7376.0,3408.790345422786,6041.566666666667,6624.0,3100.0421652675595,1070.0,1,1,1,0,0,0,0,0,1,7376
12,0,2013-10-25,-0.9749279121818236,-0.2225209339563146,-0.8660254037844386,0.5000000000000001,-0.9141279881853337,0.4054257283599973,7376.0,5954.0,8053.0,7050.571428571428,8062.0,3419.90345171433,6057.133333333333,6624.0,3109.27038490331,1070.0,1,1,1,0,0,0,0,0,1,8062
12,0,2013-10-26,-0.7818314824680299,0.6234898018587334,-0.8660254037844386,0.5000000000000001,-0.9070138128026362,0.42110087079608916,8062.0,6186.0,5432.0,7053.285714285715,8062.0,3419.1103479455796,6002.2,6314.5,3090.9517828879066,1070.0,0,1,1,0,0,0,0,0,1,6205
12,0,2013-10-27,-2.4492935982947064e-16,1.0,-0.8660254037844386,0.5000000000000001,-0.8996308696522434,0.4366512319560638,6205.0,0.0,0.0,7053.285714285715,8062.0,3419.110347945579,5717.8,6209.0,3239.1224907904966,1070.0,0,1,1,0,0,0,0,0,1,0
12,0,2013-10-28,0.7818314824680298,0.6234898018587336,-0.8660254037844386,0.5000000000000001,-0.8919813464595487,0.45207220393230374,0.0,10906.0,6832.0,6152.0,7376.0,3045.368450614799,5657.166666666667,6195.5,3242.6252570211172,1070.0,0,1,1,0,0,0,0,0,1,4597
12,0,2013-10-29,0.9749279121818236,-0.22252093395631434,-0.8660254037844386,0.5000000000000001,-0.8840675099433637,0.46735921715800205,4597.0,8502.0,4994.0,5797.142857142857,6205.0,2865.298264205164,5857.766666666666,6195.5,3061.6841960091106,1070.0,0,1,1,0,0,0,0,0,1,6018
12,0,2013-10-30,0.43388373911755823,-0.900968867902419,-0.8660254037844386,0.5000000000000001,-0.8758917051442433,0.48250774176121763,6018.0,8322.0,5770.0,5535.571428571428,6205.0,2673.5495043819437,5815.533333333334,6195.5,3043.251332253774,1070.0,0,1,1,0,0,0,0,0,1,6491
12,0,2013-10-31,-0.433883739117558,-0.9009688679024191,-0.8660254037844386,0.5000000000000001,-0.867456354729597,0.4975132889071803,6491.0,7376.0,5217.0,5502.285714285715,6205.0,2648.1470071407584,5883.566666666667,6209.0,3049.557137812245,1070.0,0,1,1,0,0,0,0,0,1,7143
12,0,2013-11-01,-0.9749279121818236,-0.2225209339563146,-0.5000000000000004,0.8660254037844384,-0.858763958275803,0.5123714121284235,7143.0,8062.0,5954.0,5314.142857142857,6205.0,2477.2468877479955,5917.766666666666,6352.0,3053.3986681134156,1070.0,0,1,1,0,0,0,0,0,1,6745
12,0,2013-11-02,-0.7818314824680299,0.6234898018587334,-0.5000000000000004,0.8660254037844384,-0.8498170915275277,0.5270777086423724,6745.0,6205.0,6186.0,5281.0,6018.0,2464.8627412765445,6116.866666666667,6352.0,2841.6115113803276,1070.0,0,1,1,0,0,0,0,0,1,5973
12,0,2013-11-03,-2.4492935982947064e-16,1.0,-0.5000000000000004,0.8660254037844384,-0.8406184056344783,0.5416278206559811,5973.0,0.0,0.0,5281.0,6018.0,2464.8627412765445,5877.866666666667,6209.0,3044.278191254394,1070.0,0,1,1,0,0,0,0,0,1,0
12,0,2013-11-04,0.7818314824680298,0.6234898018587336,-0.5000000000000004,0.8660254037844384,-0.8311706263658079,0.5560174366570446,0.0,4597.0,10906.0,5908.571428571428,6491.0,2798.368385157251,5970.433333333333,6348.0,3096.5902458308415,1070.0,1,1,1,0,0,0,0,0,1,8990
12,0,2013-11-05,0.9749279121818236,-0.22252093395631434,-0.5000000000000004,0.8660254037844384,-0.8214765533024145,0.5702422926917867,8990.0,6018.0,8502.0,6547.142857142857,6745.0,3293.6800810325294,6320.033333333334,6618.0,2989.481519841067,1070.0,1,1,1,0,0,0,0,0,1,10488
12,0,2013-11-06,0.43388373911755823,-0.900968867902419,-0.5000000000000004,0.8660254037844384,-0.8115390590073611,0.5842981736283683,10488.0,6491.0,8322.0,6860.142857142857,7143.0,3390.1487395379054,6260.833333333333,6618.0,2921.5251813149694,1070.0,1,1,1,0,0,0,0,0,1,8682
12,0,2013-11-07,-0.433883739117558,-0.9009688679024191,-0.5000000000000004,0.8660254037844384,-0.8013610881746769,0.5981809144059159,8682.0,7143.0,7376.0,7000.285714285715,8124.0,3423.8987871667405,6244.133333333333,6618.0,2908.9499910749078,1070.0,1,1,1,0,0,0,0,0,1,8124
12,0,2013-11-08,-0.9749279121818236,-0.2225209339563146,-0.5000000000000004,0.8660254037844384,-0.7909456567567774,0.6118864012687242,8124.0,6745.0,8062.0,7269.0,8626.0,3473.970399029517,6275.4,6618.0,2929.969525556477,1070.0,1,1,1,0,0,0,0,0,1,8626
12,0,2013-11-09,-0.7818314824680299,0.6234898018587334,-0.5000000000000004,0.8660254037844384,-0.780295851070776,0.6254105729852457,8626.0,5973.0,6205.0,7254.714285714285,8626.0,3480.387752070432,6185.366666666667,6348.0,2898.2283825591207,1070.0,0,1,1,0,0,0,0,0,1,5873
12,0,2013-11-10,-2.4492935982947064e-16,1.0,-0.5000000000000004,0.8660254037844384,-0.7694148268839381,0.6387494220515268,5873.0,0.0,0.0,7254.714285714285,8626.0,3480.387752070432,5916.933333333333,6195.5,3086.1264520691498,1070.0,0,1,1,0,0,0,0,0,1,0
12,0,2013-11-11,0.7818314824680298,0.6234898018587336,-0.5000000000000004,0.8660254037844384,-0.7583058084785625,0.6518989958787125,0.0,8990.0,4597.0,6892.142857142857,8124.0,3400.7724822737628,5950.933333333333,6328.5,3086.218386057082,1070.0,0,1,1,0,0,0,0,0,1,6452
12,0,2013-11-12,0.9749279121818236,-0.22252093395631434,-0.5000000000000004,0.8660254037844384,-0.7469720876965551,0.6648553979642867,6452.0,10488.0,6018.0,6197.857142857143,6452.0,3018.972254955394,6138.533333333334,6328.5,2875.8952996784565,1070.0,0,1,1,0,0,0,0,0,1,5628
12,0,2013-11-13,0.43388373911755823,-0.900968867902419,-0.5000000000000004,0.8660254037844384,-0.7354170229639858,0.6776147890466887,5628.0,8682.0,6491.0,5830.857142857143,6113.0,2815.9833349750365,6114.566666666667,6195.5,2872.911315449326,1070.0,0,1,1,0,0,0,0,0,1,6113
12,0,2013-11-14,-0.433883739117558,-0.9009688679024191,-0.5000000000000004,0.8660254037844384,-0.7236440382959123,0.690173388242972,6113.0,8124.0,7143.0,5551.0,6113.0,2642.078727063217,6153.6,6195.5,2865.1059389452435,1070.0,0,1,1,0,0,0,0,0,1,6165
12,0,2013-11-15,-0.9749279121818236,-0.2225209339563146,-0.5000000000000004,0.8660254037844384,-0.7116566222817751,0.7025274741691566,6165.0,8626.0,6745.0,5147.285714285715,5873.0,2285.787954169976,6154.6,6195.5,2864.972667619517,1070.0,0,1,1,0,0,0,0,0,1,5800
12,0,2013-11-16,-0.7818314824680299,0.6234898018587334,-0.5000000000000004,0.8660254037844384,-0.6994583270516471,0.7146733860429608,5800.0,5873.0,5973.0,5304.142857142857,6113.0,2379.63592653522,6213.066666666667,6328.5,2863.0755579576844,1070.0,0,1,1,0,0,0,0,0,1,6971
12,0,2013-11-17,-2.4492935982947064e-16,1.0,-0.5000000000000004,0.8660254037844384,-0.6870527672236675,0.726607524768565,6971.0,0.0,0.0,5304.142857142857,6113.0,2379.63592653522,6014.6,6328.5,3079.813357533436,1070.0,0,1,1,0,0,0,0,0,1,0
12,0,2013-11-18,0.7818314824680298,0.6234898018587336,-0.5000000000000004,0.8660254037844384,-0.6744436188329457,0.7383263540031063,0.0,6452.0,8990.0,5887.428571428572,6113.0,3099.428380478289,6159.566666666667,6471.5,3188.591935303897,1070.0,1,1,1,0,0,0,0,0,1,10535
12,0,2013-11-19,0.9749279121818236,-0.22252093395631434,-0.5000000000000004,0.8660254037844384,-0.661634618242279,0.749826401204568,10535.0,5628.0,10488.0,6425.857142857143,6165.0,3363.0142446210043,6472.8,6618.0,3019.7265050857222,1070.0,1,1,1,0,0,0,0,0,1,9397
12,0,2013-11-20,0.43388373911755823,-0.900968867902419,-0.5000000000000004,0.8660254037844384,-0.6486295610349818,0.7611042586607742,9397.0,6113.0,8682.0,6865.857142857143,6971.0,3513.3836695589875,6415.7,6618.0,2948.360797062524,1070.0,1,1,1,0,0,0,0,0,1,9193
12,0,2013-11-21,-0.433883739117558,-0.9009688679024191,-0.5000000000000004,0.8660254037844384,-0.6354323008901775,0.7721565844991641,9193.0,6165.0,8124.0,7091.714285714285,7746.0,3511.6368317488646,6390.5,6618.0,2933.1053891972447,1070.0,1,1,1,0,0,0,0,0,1,7746
12,0,2013-11-22,-0.9749279121818236,-0.2225209339563146,-0.5000000000000004,0.8660254037844384,-0.622046748440868,0.7829801036770625,7746.0,5800.0,8626.0,7442.714285714285,8257.0,3483.6885966020554,6388.333333333333,6618.0,2931.653050617585,1070.0,1,1,1,0,0,0,0,0,1,8257
12,0,2013-11-23,-0.7818314824680299,0.6234898018587334,-0.5000000000000004,0.8660254037844384,-0.6084768701151264,0.7935716089521472,8257.0,6971.0,5873.0,7422.857142857143,8257.0,3487.2198778096054,6370.2,6618.0,2927.012062461153,1070.0,0,1,1,0,0,0,0,0,1,6832
12,0,2013-11-24,-2.4492935982947064e-16,1.0,-0.5000000000000004,0.8660254037844384,-0.594726686960764,0.8039279618328208,6832.0,0.0,0.0,7422.857142857143,8257.0,3487.2198778096054,6101.466666666666,6471.5,3129.422781780441,1070.0,0,1,1,0,0,0,0,0,1,0
12,0,2013-11-25,0.7818314824680298,0.6234898018587336,-0.5000000000000004,0.8660254037844384,-0.5808002734538014,0.8140460935082175,0.0,10535.0,6452.0,7106.714285714285,8257.0,3250.3234564314575,6172.033333333334,6618.0,3155.597003282648,1070.0,0,1,1,0,0,0,0,0,1,8322
12,0,2013-11-26,0.9749279121818236,-0.22252093395631434,-0.5000000000000004,0.8660254037844384,-0.5667017562911184,0.8239230057575536,8322.0,9397.0,5628.0,6817.857142857143,7746.0,3099.1965318219354,6417.866666666667,6788.5,2937.956675971422,1070.0,0,1,1,0,0,0,0,0,1,7375
12,0,2013-11-27,0.43388373911755823,-0.900968867902419,-0.5000000000000004,0.8660254037844384,-0.5524353131676203,0.8335557718385695,7375.0,9193.0,6113.0,6642.285714285715,7746.0,2974.521738267943,6530.1,6901.5,2930.300541841609,1070.0,0,1,1,0,0,0,0,0,1,7964
12,0,2013-11-28,-0.433883739117558,-0.9009688679024191,-0.5000000000000004,0.8660254037844384,-0.5380051715382992,0.8429415373547832,7964.0,7746.0,6165.0,6754.714285714285,7964.0,3037.4005176732744,6613.933333333333,7057.0,2951.0471424193806,1070.0,0,1,1,0,0,0,0,0,1,8533
12,0,2013-11-29,-0.9749279121818236,-0.2225209339563146,-0.5000000000000004,0.8660254037844384,-0.5234156073655503,0.8520775211013093,8533.0,8257.0,5800.0,6736.142857142857,7964.0,3027.064112776126,6668.466666666666,7259.0,2963.78567019455,1070.0,0,1,1,0,0,0,0,0,1,8127
12,0,2013-11-30,-0.7818314824680299,0.6234898018587334,-0.5000000000000004,0.8660254037844384,-0.5086709438521042,0.8609610158889945,8127.0,6832.0,6971.0,7193.857142857143,8127.0,3275.974533304114,6764.9,7560.5,3026.1666698635563,1070.0,0,1,1,0,0,0,0,0,1,10036
12,0,2013-12-01,-2.4492935982947064e-16,1.0,-2.4492935982947064e-16,1.0,-0.4937755501599774,0.8695893893466109,10036.0,0.0,0.0,7193.857142857143,8127.0,3275.974533304114,6540.066666666667,7560.5,3268.553575843741,1070.0,0,1,1,0,0,0,0,0,1,0
12,0,2013-12-02,0.7818314824680298,0.6234898018587336,-2.4492935982947064e-16,1.0,-0.4787338401157883,0.8779600847008883,0.0,8322.0,10535.0,7969.142857142857,8127.0,4120.715367852662,6799.266666666666,7855.0,3520.635952870399,1070.0,1,1,1,0,0,0,0,0,1,13749
12,0,2013-12-03,0.9749279121818236,-0.22252093395631434,-2.4492935982947064e-16,1.0,-0.4635502709028512,0.8860706215341377,13749.0,7375.0,9397.0,8585.857142857143,8533.0,4334.4756479714,7189.0,8044.0,3386.603923982108,1070.0,1,1,1,0,0,0,0,0,1,11692
12,0,2013-12-04,0.43388373911755823,-0.900968867902419,-2.4492935982947064e-16,1.0,-0.4482293417404106,0.893918596519257,11692.0,7964.0,9193.0,9213.0,10036.0,4542.119769446854,7301.133333333333,8044.0,3502.018656612832,1070.0,1,1,1,0,0,0,0,0,1,12354
12,0,2013-12-05,-0.433883739117558,-0.9009688679024191,-2.4492935982947064e-16,1.0,-0.4327755925504317,0.9015016841318838,12354.0,8533.0,7746.0,9287.42857142857,10036.0,4533.380190584161,7253.333333333333,8044.0,3466.6280081840932,1070.0,1,1,1,0,0,0,0,0,1,9054
12,0,2013-12-06,-0.9749279121818236,-0.2225209339563146,-2.4492935982947064e-16,1.0,-0.41719360261231697,0.9088176373395028,9054.0,8127.0,8257.0,9151.142857142857,10036.0,4588.089886818233,7203.033333333334,7855.0,3456.115244759273,1070.0,1,1,1,0,0,0,0,0,1,7173
12,0,2013-12-07,-0.7818314824680299,0.6234898018587334,-2.4492935982947064e-16,1.0,-0.4014879892059737,0.9158642882672868,7173.0,10036.0,6832.0,8790.142857142857,9054.0,4606.242627441274,7182.533333333334,7627.5,3452.285966631715,1070.0,0,1,1,0,0,0,0,0,1,7509
12,0,2013-12-08,-2.4492935982947064e-16,1.0,-2.4492935982947064e-16,1.0,-0.38566340624360745,0.9226395488404875,7509.0,0.0,0.0,8790.142857142857,9054.0,4606.242627441274,6895.0,7442.0,3679.650470657081,1070.0,0,1,1,0,0,0,0,0,1,0
12,0,2013-12-09,0.7818314824680298,0.6234898018587336,-2.4492935982947064e-16,1.0,-0.3697245428906732,0.9291414114031743,0.0,13749.0,8322.0,7854.428571428572,7509.0,4064.426357931409,6939.2,7442.0,3674.911787822375,1070.0,0,1,1,0,0,0,0,0,1,7199
12,0,2013-12-10,0.9749279121818236,-0.22252093395631434,-2.4492935982947064e-16,1.0,-0.3536761221763721,0.935367949313148,7199.0,11692.0,7375.0,7293.428571428572,7509.0,3701.2467654896477,7198.033333333334,7627.5,3434.931766459104,1070.0,0,1,1,0,0,0,0,0,1,7765
12,0,2013-12-11,0.43388373911755823,-0.900968867902419,-2.4492935982947064e-16,1.0,-0.33752289959411347,0.941317317512847,7765.0,12354.0,7964.0,6668.857142857143,7509.0,3009.138494019583,7249.033333333334,7755.5,3434.8314166665464,1070.0,0,1,1,0,0,0,0,0,1,7982
12,0,2013-12-12,-0.433883739117558,-0.9009688679024191,-2.4492935982947064e-16,1.0,-0.32126966169236515,0.946987753076075,7982.0,9054.0,8533.0,6406.142857142857,7215.0,2841.8222105174787,7301.933333333333,7755.5,3421.1985995366067,1070.0,0,1,1,0,0,0,0,0,1,7215
12,0,2013-12-13,-0.9749279121818236,-0.2225209339563146,-2.4492935982947064e-16,1.0,-0.3049212246562894,0.9523775757303973,7215.0,7173.0,8127.0,6590.714285714285,7509.0,2940.1835948505905,7380.333333333333,7864.5,3419.9624955932395,1070.0,0,1,1,0,0,0,0,0,1,8465
12,0,2013-12-14,-0.7818314824680299,0.6234898018587334,-2.4492935982947064e-16,1.0,-0.2884824328806098,0.9574851883550389,8465.0,7509.0,10036.0,6725.428571428572,7765.0,3010.0436794805687,7456.566666666667,7973.0,3417.42618095824,1070.0,0,1,1,0,0,0,0,0,1,8452
12,0,2013-12-15,-2.4492935982947064e-16,1.0,-2.4492935982947064e-16,1.0,-0.27195815753410524,0.9623090774541487,8452.0,0.0,0.0,6725.428571428572,7765.0,3010.0436794805687,7263.233333333334,7973.0,3669.1636243562134,1070.0,0,1,1,0,0,0,0,0,1,0
12,0,2013-12-16,0.7818314824680298,0.6234898018587336,-2.4492935982947064e-16,1.0,-0.2553532951161881,0.9668478136052773,0.0,7199.0,13749.0,8089.428571428572,7982.0,4857.062378885092,7589.1,8054.5,4056.0335929201224,1070.0,1,1,1,0,0,0,0,0,1,16747
12,0,2013-12-17,0.9749279121818236,-0.22252093395631434,-2.4492935982947064e-16,1.0,-0.23867276600594997,0.9711000518829505,16747.0,7765.0,11692.0,8858.0,8452.0,5210.005822133658,8027.266666666666,8192.0,3915.507329909455,1070.0,1,1,1,0,0,0,0,0,1,13145
12,0,2013-12-18,0.43388373911755823,-0.900968867902419,-2.4492935982947064e-16,1.0,-0.22192151300416674,0.9750645322571945,13145.0,7982.0,12354.0,9605.0,8465.0,5433.539883599512,8116.466666666666,8192.0,4004.085833360655,1070.0,1,1,1,0,0,0,0,0,1,13211
12,0,2013-12-19,-0.433883739117558,-0.9009688679024191,-2.4492935982947064e-16,1.0,-0.20510449986861926,0.9787400799669153,13211.0,7215.0,9054.0,10212.857142857143,11470.0,5359.101710441506,8185.566666666667,8192.0,4044.628508437372,1070.0,1,1,1,0,0,0,0,0,1,11470
12,0,2013-12-20,-0.9749279121818236,-0.2225209339563146,-2.4492935982947064e-16,1.0,-0.1882267098432439,0.9821256058680006,11470.0,8465.0,7173.0,10599.714285714286,11470.0,5309.411257829047,8251.566666666668,8192.0,4077.654537829929,1070.0,1,1,1,0,0,0,0,0,1,11173
12,0,2013-12-21,-0.7818314824680299,0.6234898018587334,-2.4492935982947064e-16,1.0,-0.1712931441814778,0.9852201067560606,11173.0,8452.0,7509.0,10842.42857142857,11470.0,5233.153665402365,8331.733333333334,8289.5,4090.9916927176723,1070.0,0,1,1,0,0,0,0,0,1,10151
12,0,2013-12-22,-2.4492935982947064e-16,1.0,-2.4492935982947064e-16,1.0,-0.154308820664281,0.9880226656636976,10151.0,0.0,0.0,10842.42857142857,11470.0,5233.153665402365,8056.5,8224.5,4364.787673075798,1070.0,0,1,1,0,0,0,0,0,1,0
12,0,2013-12-23,0.7818314824680298,0.6234898018587336,-2.4492935982947064e-16,1.0,-0.13727877211326517,0.9905324521322227,0.0,16747.0,7199.0,10263.42857142857,11470.0,4664.280039375231,8251.9,8387.0,4438.667642201992,1070.0,0,1,1,0,0,0,0,0,1,12694
12,0,2013-12-24,0.9749279121818236,-0.22252093395631434,-2.4492935982947064e-16,1.0,-0.12020804489935275,0.9927487224577402,12694.0,13145.0,7765.0,8995.142857142857,11173.0,4948.516795585363,8394.133333333333,8387.0,4228.515707084156,1070.0,0,1,1,0,0,0,0,0,1,4267
12,0,2013-12-25,0.43388373911755823,-0.900968867902419,-2.4492935982947064e-16,1.0,-0.10310169744743544,0.9946708199115211,4267.0,13211.0,7982.0,7107.857142857143,10151.0,5554.774565739861,8116.733333333334,8289.5,4497.806959361208,1070.0,0,1,1,0,0,0,0,0,1,0
12,0,2013-12-26,-0.433883739117558,-0.9009688679024191,-2.4492935982947064e-16,1.0,-0.0859647987374467,0.9962981749346077,0.0,11470.0,7215.0,5469.285714285715,4267.0,5742.125788541085,7870.9,8289.5,4735.0342339366125,1070.0,0,1,1,0,0,0,0,0,1,0
12,0,2013-12-27,-0.9749279121818236,-0.2225209339563146,-2.4492935982947064e-16,1.0,-0.06880242680232064,0.9976303053065857,0.0,11173.0,8465.0,5010.285714285715,4267.0,5323.353977656247,7870.766666666666,8289.5,4735.03157826074,1070.0,0,1,1,0,0,0,0,0,1,7960
12,0,2013-12-28,-0.7818314824680299,0.6234898018587334,-2.4492935982947064e-16,1.0,-0.05161966722325418,0.9986668162884759,7960.0,10151.0,8452.0,4557.571428571428,4267.0,4933.805963524944,7819.066666666667,8054.5,4736.018857235676,1070.0,0,1,1,0,0,0,0,0,1,6982
12,0,2013-12-29,-2.4492935982947064e-16,1.0,-2.4492935982947064e-16,1.0,-0.034421611622745804,0.9994074007397048,6982.0,0.0,0.0,4557.571428571428,4267.0,4933.805963524944,7548.166666666667,7971.0,4945.592744247548,1070.0,0,1,1,0,0,0,0,0,1,0
12,0,2013-12-30,0.7818314824680298,0.6234898018587336,-2.4492935982947064e-16,1.0,-0.01721335615583528,0.9998518392091162,0.0,12694.0,16747.0,4294.857142857143,4267.0,4453.9804829901495,7575.466666666666,7971.0,4962.032444634875,1070.0,0,1,1,0,0,0,0,0,1,10855
12,0,2013-12-31,0.9749279121818236,-0.22252093395631434,-2.4492935982947064e-16,1.0,6.432490598706546e-16,1.0,10855.0,4267.0,13145.0,4357.714285714285,4707.0,4456.625805632395,7732.366666666667,7971.0,4785.513668125508,1070.0,0,1,1,0,0,0,0,0,1,4707
12,0,2014-01-01,0.43388373911755823,-0.900968867902419,0.49999999999999994,0.8660254037844387,0.017213356155834685,0.9998518392091162,4707.0,0.0,13211.0,4357.714285714285,4707.0,4456.625805632395,7274.066666666667,7862.5,4847.400803227066,1070.0,0,1,1,0,0,0,0,0,1,0
12,0,2014-01-02,-0.433883739117558,-0.9009688679024191,0.49999999999999994,0.8660254037844387,0.03442161162274574,0.9994074007397048,0.0,0.0,11470.0,5184.428571428572,5787.0,4029.8484196945046,7077.233333333334,7637.0,4781.258214747654,1070.0,0,1,1,0,0,0,0,0,1,5787
12,0,2014-01-03,-0.9749279121818236,-0.2225209339563146,0.49999999999999994,0.8660254037844387,0.051619667223253764,0.998666816288476,5787.0,7960.0,11173.0,5006.428571428572,5787.0,3912.6306946070135,6889.233333333334,7362.0,4676.3521937755995,1070.0,0,1,1,0,0,0,0,0,1,6714
12,0,2014-01-04,-0.7818314824680299,0.6234898018587334,0.49999999999999994,0.8660254037844387,0.06880242680231986,0.9976303053065857,6714.0,6982.0,10151.0,4968.714285714285,5787.0,3891.6301517609877,6811.366666666667,7207.0,4658.477755538879,1070.0,0,1,1,0,0,0,0,0,1,6718
12,0,2014-01-05,-2.4492935982947064e-16,1.0,0.49999999999999994,0.8660254037844387,0.08596479873744647,0.9962981749346078,6718.0,0.0,0.0,4968.714285714285,5787.0,3891.6301517609877,6572.266666666666,7207.0,4820.537628717884,1070.0,0,1,1,0,0,0,0,0,1,0
12,0,2014-01-06,0.7818314824680298,0.6234898018587336,0.49999999999999994,0.8660254037844387,0.10310169744743485,0.9946708199115211,0.0,10855.0,12694.0,5160.571428571428,5787.0,4247.062901078143,6728.566666666667,7207.0,4926.803619913765,1070.0,1,1,1,0,0,0,0,0,1,12198
12,0,2014-01-07,0.9749279121818236,-0.22252093395631434,0.49999999999999994,0.8660254037844387,0.1202080448993527,0.9927487224577402,12198.0,4707.0,4267.0,5983.857142857143,6714.0,4680.900356006005,7077.566666666667,7490.0,4803.013089382703,1070.0,1,1,1,0,0,0,0,0,1,10470
12,0,2014-01-08,0.43388373911755823,-0.900968867902419,0.49999999999999994,0.8660254037844387,0.13727877211326478,0.9905324521322229,10470.0,0.0,0.0,7166.714285714285,6718.0,3897.3631562158216,7113.6,7862.5,4808.007886275013,1070.0,1,1,1,0,0,0,0,0,1,8280
12,0,2014-01-09,-0.433883739117558,-0.9009688679024191,0.49999999999999994,0.8660254037844387,0.15430882066428117,0.9880226656636976,8280.0,5787.0,0.0,7477.0,7959.0,3855.446407356738,7120.066666666667,7959.5,4809.044567330882,1070.0,1,1,1,0,0,0,0,0,1,7959
12,0,2014-01-10,-0.9749279121818236,-0.2225209339563146,0.49999999999999994,0.8660254037844387,0.1712931441814776,0.9852201067560606,7959.0,6714.0,7960.0,7719.571428571428,8280.0,3852.8554716877534,7134.4,7959.5,4812.341817194328,1070.0,1,1,1,0,0,0,0,0,1,8412
12,0,2014-01-11,-0.7818314824680299,0.6234898018587334,0.49999999999999994,0.8660254037844387,0.1882267098432442,0.9821256058680006,8412.0,6718.0,6982.0,7629.0,8280.0,3887.619194314172,7096.7,7959.5,4816.117281121506,1070.0,0,1,1,0,0,0,0,0,1,6084
12,0,2014-01-12,-2.4492935982947064e-16,1.0,0.49999999999999994,0.8660254037844387,0.2051044998686192,0.9787400799669153,6084.0,0.0,0.0,7629.0,8280.0,3887.6191943141725,6814.533333333334,7470.5,4978.425694474336,1070.0,0,1,1,0,0,0,0,0,1,0
12,0,2014-01-13,0.7818314824680298,0.6234898018587336,0.49999999999999994,0.8660254037844387,0.22192151300416552,0.9750645322571948,0.0,12198.0,10855.0,6607.571428571428,7959.0,3395.1947345791928,6701.066666666667,6850.0,4978.609596327437,1070.0,0,1,1,0,0,0,0,0,1,5048
12,0,2014-01-14,0.9749279121818236,-0.22252093395631434,0.49999999999999994,0.8660254037844387,0.2386727660059501,0.9711000518829505,5048.0,10470.0,4707.0,5899.142857142857,6084.0,2942.082619991686,6884.766666666666,6850.0,4822.03864944917,1070.0,0,1,1,0,0,0,0,0,1,5511
12,0,2014-01-15,0.43388373911755823,-0.900968867902419,0.49999999999999994,0.8660254037844387,0.255353295116187,0.9668478136052775,5511.0,8280.0,0.0,5548.285714285715,5824.0,2751.0774079916237,6520.666666666667,6716.0,4449.69646646579,1070.0,0,1,1,0,0,0,0,0,1,5824
12,0,2014-01-16,-0.433883739117558,-0.9009688679024191,0.49999999999999994,0.8660254037844387,0.2719581575341055,0.9623090774541486,5824.0,7959.0,5787.0,5107.571428571428,5511.0,2539.490621964891,6244.966666666666,6399.0,4278.0255071972015,1070.0,0,1,1,0,0,0,0,0,1,4874
12,0,2014-01-17,-0.9749279121818236,-0.2225209339563146,0.49999999999999994,0.8660254037844387,0.288482432880609,0.9574851883550393,4874.0,8412.0,6714.0,4735.857142857143,5511.0,2133.1132512966014,5998.266666666666,5954.0,4070.8438245255925,1070.0,0,1,1,0,0,0,0,0,1,5810
12,0,2014-01-18,-0.7818314824680299,0.6234898018587334,0.49999999999999994,0.8660254037844387,0.30492122465628907,0.9523775757303974,5810.0,6084.0,6718.0,4759.428571428572,5511.0,2151.3273311410103,5824.233333333334,5954.0,3938.298632162364,1070.0,0,1,1,0,0,0,0,0,1,6249
12,0,2014-01-19,-2.4492935982947064e-16,1.0,0.49999999999999994,0.8660254037844387,0.3212696616923644,0.9469877530760753,6249.0,0.0,0.0,4759.428571428572,5511.0,2151.3273311410103,5451.8,5817.0,3943.335183878463,1070.0,0,1,1,0,0,0,0,0,1,0
12,0,2014-01-20,0.7818314824680298,0.6234898018587336,0.49999999999999994,0.8660254037844387,0.3375228995941133,0.9413173175128471,0.0,5048.0,12198.0,5758.571428571428,5810.0,3505.5628105979818,5514.833333333333,5817.0,4035.087223629602,1070.0,1,1,1,0,0,0,0,0,1,12042
12,0,2014-01-21,0.9749279121818236,-0.22252093395631434,0.49999999999999994,0.8660254037844387,0.3536761221763716,0.9353679493131483,12042.0,5511.0,10470.0,6198.857142857143,5824.0,3659.4525286610574,5801.266666666666,5954.0,3933.8335249853726,1070.0,1,1,1,0,0,0,0,0,1,8593
12,0,2014-01-22,0.43388373911755823,-0.900968867902419,0.49999999999999994,0.8660254037844387,0.3697245428906731,0.9291414114031743,8593.0,5824.0,8280.0,6620.285714285715,6249.0,3777.0620290681704,5670.6,5954.0,3758.170396753516,1070.0,1,1,1,0,0,0,0,0,1,8774
12,0,2014-01-23,-0.433883739117558,-0.9009688679024191,0.49999999999999994,0.8660254037844387,0.38566340624360707,0.9226395488404876,8774.0,4874.0,7959.0,7040.285714285715,7814.0,3713.440126274902,5788.833333333333,6166.5,3768.2713230827485,1070.0,1,1,1,0,0,0,0,0,1,7814
12,0,2014-01-24,-0.9749279121818236,-0.2225209339563146,0.49999999999999994,0.8660254037844387,0.401487989205973,0.9158642882672872,7814.0,5810.0,8412.0,7324.857142857143,7814.0,3679.6187496610473,6048.9,6481.5,3621.341924547135,1070.0,1,1,1,0,0,0,0,0,1,7802
12,0,2014-01-25,-0.7818314824680299,0.6234898018587334,0.49999999999999994,0.8660254037844387,0.4171936026123168,0.9088176373395029,7802.0,6249.0,6084.0,7219.571428571428,7814.0,3725.787427159652,6232.633333333333,6481.5,3439.1044091131625,1070.0,0,1,1,0,0,0,0,0,1,5512
12,0,2014-01-26,-2.4492935982947064e-16,1.0,0.49999999999999994,0.8660254037844387,0.4327755925504312,0.901501684131884,5512.0,0.0,0.0,7219.571428571428,7814.0,3725.787427159652,5967.3,6166.5,3604.334575824329,1070.0,0,1,1,0,0,0,0,0,1,0
12,0,2014-01-27,0.7818314824680298,0.6234898018587336,0.49999999999999994,0.8660254037844387,0.4482293417404106,0.893918596519257,0.0,12042.0,5048.0,6277.0,7802.0,3081.3065951529934,5916.033333333334,5954.0,3600.3399406869535,1070.0,0,1,1,0,0,0,0,0,1,5444
12,0,2014-01-28,0.9749279121818236,-0.22252093395631434,0.49999999999999994,0.8660254037844387,0.4635502709028509,0.886070621534138,5444.0,8593.0,5511.0,5884.714285714285,5847.0,2907.190207874591,6110.933333333333,5965.5,3422.928358456604,1070.0,0,1,1,0,0,0,0,0,1,5847
12,0,2014-01-29,0.43388373911755823,-0.900968867902419,0.49999999999999994,0.8660254037844387,0.47873384011578846,0.8779600847008882,5847.0,8774.0,5824.0,5402.428571428572,5512.0,2613.1479009770883,5929.033333333334,5835.5,3305.0963519090164,1070.0,0,1,1,0,0,0,0,0,1,5398
12,0,2014-01-30,-0.433883739117558,-0.9009688679024191,0.49999999999999994,0.8660254037844387,0.4937755501599772,0.869589389346611,5398.0,7814.0,4874.0,5014.857142857143,5444.0,2387.291102803306,5942.166666666667,5835.5,3300.853046309897,1070.0,0,1,1,0,0,0,0,0,1,5101
12,0,2014-01-31,-0.9749279121818236,-0.2225209339563146,0.49999999999999994,0.8660254037844387,0.5086709438521044,0.8609610158889943,5101.0,7802.0,5810.0,4813.571428571428,5444.0,2161.8839667554553,6155.266666666666,5965.5,3104.5286824621016,1070.0,0,1,1,0,0,0,0,0,1,6393
12,0,2014-02-01,-0.7818314824680299,0.6234898018587334,0.8660254037844386,0.5000000000000001,0.5234156073655503,0.8520775211013093,6393.0,5512.0,6249.0,4829.571428571428,5444.0,2168.3193843114923,6149.833333333333,5965.5,3105.337952437796,1070.0,0,1,1,0,0,0,0,0,1,5624
12,0,2014-02-02,-2.4492935982947064e-16,1.0,0.8660254037844386,0.5000000000000001,0.5380051715382996,0.8429415373547828,5624.0,0.0,0.0,4829.571428571428,5444.0,2168.3193843114923,5926.033333333334,5835.5,3299.164800091216,1070.0,0,1,1,0,0,0,0,0,1,0
12,0,2014-02-03,0.7818314824680298,0.6234898018587336,0.8660254037844386,0.5000000000000001,0.5524353131676196,0.8335557718385699,0.0,5444.0,12042.0,5935.428571428572,5624.0,3853.242740737679,6141.6,5835.5,3554.1208680667537,1070.0,1,1,1,0,0,0,0,0,1,13185
12,0,2014-02-04,0.9749279121818236,-0.22252093395631434,0.8660254037844386,0.5000000000000001,0.5667017562911176,0.8239230057575542,13185.0,5847.0,8593.0,6574.571428571428,5624.0,4192.270063547228,6485.633333333333,5965.5,3436.7127686239614,1070.0,1,1,1,0,0,0,0,0,1,10321
12,0,2014-02-05,0.43388373911755823,-0.900968867902419,0.8660254037844386,0.5000000000000001,0.5808002734538009,0.8140460935082178,10321.0,5398.0,8774.0,7159.0,6393.0,4285.040762155399,6395.333333333333,5965.5,3314.8740063780565,1070.0,1,1,1,0,0,0,0,0,1,9489
12,0,2014-02-06,-0.433883739117558,-0.9009688679024191,0.8660254037844386,0.5000000000000001,0.5947266869607634,0.8039279618328213,9489.0,5101.0,7814.0,7751.285714285715,9247.0,4239.461629117768,6354.566666666667,5965.5,3270.255380551032,1070.0,1,1,1,0,0,0,0,0,1,9247
12,0,2014-02-07,-0.9749279121818236,-0.2225209339563146,0.8660254037844386,0.5000000000000001,0.6084768701151261,0.7935716089521474,9247.0,6393.0,7802.0,7906.428571428572,9247.0,4201.1689586408675,6327.866666666667,5965.5,3257.2370747183145,1070.0,1,1,1,0,0,0,0,0,1,7479
12,0,2014-02-08,-0.7818314824680299,0.6234898018587334,0.8660254037844386,0.5000000000000001,0.6220467484408675,0.7829801036770629,7479.0,5624.0,5512.0,7998.142857142857,9247.0,4149.730289571896,6271.433333333333,5965.5,3242.635674276705,1070.0,0,1,1,0,0,0,0,0,1,6266
12,0,2014-02-09,-2.4492935982947064e-16,1.0,0.8660254037844386,0.5000000000000001,0.6354323008901774,0.7721565844991642,6266.0,0.0,0.0,7998.142857142857,9247.0,4149.730289571896,5991.033333333334,5835.5,3410.5112518287583,1070.0,0,1,1,0,0,0,0,0,1,0
12,0,2014-02-10,0.7818314824680298,0.6234898018587336,0.8660254037844386,0.5000000000000001,0.6486295610349814,0.7611042586607747,0.0,13185.0,5444.0,7005.285714285715,7479.0,3479.137762640128,5996.066666666667,5835.5,3410.764601642289,1070.0,0,1,1,0,0,0,0,0,1,6235
12,0,2014-02-11,0.9749279121818236,-0.22252093395631434,0.8660254037844386,0.5000000000000001,0.6616346182422783,0.7498264012045686,6235.0,10321.0,5847.0,6280.428571428572,6266.0,3189.72516355996,6170.966666666666,5835.5,3221.997265386938,1070.0,0,1,1,0,0,0,0,0,1,5247
12,0,2014-02-12,0.43388373911755823,-0.900968867902419,0.8660254037844386,0.5000000000000001,0.6744436188329455,0.7383263540031065,5247.0,9489.0,5398.0,5759.428571428572,6235.0,2858.9998750811947,6197.433333333333,5844.5,3215.7096892827735,1070.0,0,1,1,0,0,0,0,0,1,5842
12,0,2014-02-13,-0.433883739117558,-0.9009688679024191,0.8660254037844386,0.5000000000000001,0.6870527672236669,0.7266075247685656,5842.0,9247.0,5101.0,5277.0,5870.0,2424.293436584497,6209.4,5858.5,3213.7345404609437,1070.0,0,1,1,0,0,0,0,0,1,5870
12,0,2014-02-14,-0.9749279121818236,-0.2225209339563146,0.8660254037844386,0.5000000000000001,0.6994583270516471,0.7146733860429609,5870.0,7479.0,6393.0,5061.285714285715,5870.0,2257.1192343549874,6214.233333333334,5919.5,3213.2439262970756,1070.0,0,1,1,0,0,0,0,0,1,5969
12,0,2014-02-15,-0.7818314824680299,0.6234898018587334,0.8660254037844386,0.5000000000000001,0.7116566222817746,0.702527474169157,5969.0,6266.0,5624.0,4996.0,5842.0,2222.814582160796,6245.4,5919.5,3204.318245850378,1070.0,0,1,1,0,0,0,0,0,1,5809
12,0,2014-02-16,-2.4492935982947064e-16,1.0,0.8660254037844386,0.5000000000000001,0.7236440382959124,0.6901733882429719,5809.0,0.0,0.0,4996.0,5842.0,2222.814582160796,6051.733333333334,5919.5,3401.0761576132118,1070.0,0,1,1,0,0,0,0,0,1,0
12,0,2014-02-17,0.7818314824680298,0.6234898018587336,0.8660254037844386,0.5000000000000001,0.7354170229639855,0.6776147890466889,0.0,6235.0,13185.0,5739.285714285715,5842.0,3310.1448968429218,6224.7,5919.5,3540.5419529628,1070.0,1,1,1,0,0,0,0,0,1,11438
12,0,2014-02-18,0.9749279121818236,-0.22252093395631434,0.8660254037844386,0.5000000000000001,0.7469720876965552,0.6648553979642865,11438.0,5247.0,10321.0,6283.428571428572,5870.0,3522.0250735972354,6526.566666666667,6102.0,3373.647097249739,1070.0,1,1,1,0,0,0,0,0,1,9056
12,0,2014-02-19,0.43388373911755823,-0.900968867902419,0.8660254037844386,0.5000000000000001,0.7583058084785625,0.6518989958787126,9056.0,5842.0,9489.0,6588.142857142857,5969.0,3569.420187676209,6391.0,6102.0,3222.7101039021622,1070.0,1,1,1,0,0,0,0,0,1,7975
12,0,2014-02-20,-0.433883739117558,-0.9009688679024191,0.8660254037844386,0.5000000000000001,0.7694148268839378,0.6387494220515272,7975.0,5870.0,9247.0,6830.714285714285,7568.0,3570.1789737717477,6356.833333333333,6102.0,3203.9386115275,1070.0,1,1,1,0,0,0,0,0,1,7568
12,0,2014-02-21,-0.9749279121818236,-0.2225209339563146,0.8660254037844386,0.5000000000000001,0.7802958510707755,0.6254105729852463,7568.0,5969.0,7479.0,7038.714285714285,7568.0,3553.984698629866,6311.866666666667,6102.0,3178.2074836604647,1070.0,1,1,1,0,0,0,0,0,1,7425
12,0,2014-02-22,-0.7818314824680299,0.6234898018587334,0.8660254037844386,0.5000000000000001,0.7909456567567772,0.6118864012687243,7425.0,5809.0,6266.0,7009.142857142857,7568.0,3566.7602680196765,6238.133333333333,5919.5,3167.7985909214085,1070.0,0,1,1,0,0,0,0,0,1,5602
12,0,2014-02-23,-2.4492935982947064e-16,1.0,0.8660254037844386,0.5000000000000001,0.8013610881746766,0.5981809144059164,5602.0,0.0,0.0,7009.142857142857,7568.0,3566.7602680196765,5978.066666666667,5858.5,3350.00297409372,1070.0,0,1,1,0,0,0,0,0,1,0
12,0,2014-02-24,0.7818314824680298,0.6234898018587336,0.8660254037844386,0.5000000000000001,0.8115390590073611,0.5842981736283683,0.0,11438.0,6235.0,6140.0,7425.0,3004.650007349718,5972.8,5858.5,3350.885044180169,1070.0,0,1,1,0,0,0,0,0,1,5354
12,0,2014-02-25,0.9749279121818236,-0.22252093395631434,0.8660254037844386,0.5000000000000001,0.8214765533024142,0.5702422926917871,5354.0,9056.0,5247.0,5624.142857142857,5602.0,2716.7609040038487,6154.3,5858.5,3158.1337368768895,1070.0,0,1,1,0,0,0,0,0,1,5445
12,0,2014-02-26,0.43388373911755823,-0.900968867902419,0.8660254037844386,0.5000000000000001,0.8311706263658079,0.5560174366570446,5445.0,7975.0,5842.0,5296.285714285715,5602.0,2516.906084480556,6162.166666666667,5858.5,3156.59697910673,1070.0,0,1,1,0,0,0,0,0,1,5680
12,0,2014-02-27,-0.433883739117558,-0.9009688679024191,0.8660254037844386,0.5000000000000001,0.8406184056344782,0.5416278206559814,5680.0,7568.0,5870.0,5031.857142857143,5602.0,2328.653217961794,6157.833333333333,5856.0,3157.133740281361,1070.0,0,1,1,0,0,0,0,0,1,5717
12,0,2014-02-28,-0.9749279121818236,-0.2225209339563146,0.8660254037844386,0.5000000000000001,0.8498170915275278,0.5270777086423722,5717.0,7425.0,5969.0,4830.285714285715,5602.0,2140.436459719197,6178.366666666667,5919.5,3154.023172277647,1070.0,0,1,1,0,0,0,0,0,1,6014
12,0,2014-03-01,-0.7818314824680299,0.6234898018587334,1.0,6.123233995736766e-17,0.8587639582758029,0.5123714121284237,6014.0,5602.0,5809.0,4963.0,5680.0,2223.450921428222,6226.033333333334,5991.5,3147.979488643394,1070.0,0,1,1,0,0,0,0,0,1,6531
12,0,2014-03-02,-2.4492935982947064e-16,1.0,1.0,6.123233995736766e-17,0.8674563547295968,0.49751328890718066,6531.0,0.0,0.0,4963.0,5680.0,2223.450921428222,6012.933333333333,5919.5,3346.417208498265,1070.0,0,1,1,0,0,0,0,0,1,0
12,0,2014-03-03,0.7818314824680298,0.6234898018587336,1.0,6.123233995736766e-17,0.8758917051442429,0.48250774176121847,0.0,5354.0,11438.0,5961.142857142857,5717.0,3581.675186676919,6236.833333333333,5991.5,3538.6825824789958,1070.0,1,1,1,0,0,0,0,0,1,12341
12,0,2014-03-04,0.9749279121818236,-0.22252093395631434,1.0,6.123233995736766e-17,0.8840675099433636,0.46735921715800227,12341.0,5445.0,9056.0,6598.857142857143,6014.0,3860.9756723990295,6567.133333333333,6124.5,3396.040968167381,1070.0,1,1,1,0,0,0,0,0,1,9909
12,0,2014-03-05,0.43388373911755823,-0.900968867902419,1.0,6.123233995736766e-17,0.8919813464595485,0.45207220393230435,9909.0,5680.0,7975.0,7012.428571428572,6531.0,3900.990295516547,6413.466666666666,6124.5,3183.939760014671,1070.0,1,1,1,0,0,0,0,0,1,8575
12,0,2014-03-06,-0.433883739117558,-0.9009688679024191,1.0,6.123233995736766e-17,0.8996308696522433,0.43665123195606403,8575.0,5717.0,7568.0,7324.142857142857,7899.0,3867.2570998306364,6332.733333333334,6124.5,3111.3205748588834,1070.0,1,1,1,0,0,0,0,0,1,7899
12,0,2014-03-07,-0.9749279121818236,-0.2225209339563146,1.0,6.123233995736766e-17,0.9070138128026359,0.4211008707960896,7899.0,6014.0,7425.0,7551.571428571428,7899.0,3823.937057411851,6269.966666666666,6124.5,3064.0864924693815,1070.0,1,1,1,0,0,0,0,0,1,7606
12,0,2014-03-08,-0.7818314824680299,0.6234898018587334,1.0,6.123233995736766e-17,0.9141279881853337,0.40542572835999735,7606.0,6531.0,5602.0,7419.0,7899.0,3880.87846584593,6148.5,5991.5,3013.816731837461,1070.0,0,1,1,0,0,0,0,0,1,5603
12,0,2014-03-09,-2.4492935982947064e-16,1.0,1.0,6.123233995736766e-17,0.9209712877166346,0.38963044953078796,5603.0,0.0,0.0,7419.0,7899.0,3880.87846584593,5899.2,5919.5,3203.333149855867,1070.0,0,1,1,0,0,0,0,0,1,0
12,0,2014-03-10,0.7818314824680298,0.6234898018587336,1.0,6.123233995736766e-17,0.9275416835791966,0.37371971479046906,0.0,12341.0,5354.0,6359.714285714285,7606.0,3278.7616419559845,5854.533333333334,5856.0,3207.381988941838,1070.0,0,1,1,0,0,0,0,0,1,4926
12,0,2014-03-11,0.9749279121818236,-0.22252093395631434,1.0,6.123233995736766e-17,0.9338372288229252,0.35769823883312546,4926.0,9909.0,5445.0,5794.571428571428,5953.0,2881.9539006920786,6052.966666666666,5911.5,3010.8112033634457,1070.0,0,1,1,0,0,0,0,0,1,5953
12,0,2014-03-12,0.43388373911755823,-0.900968867902419,1.0,6.123233995736766e-17,0.9398560579418954,0.3415707691678556,5953.0,8575.0,5680.0,5315.714285714285,5603.0,2608.4711815087994,6019.233333333334,5856.0,3014.368518341413,1070.0,0,1,1,0,0,0,0,0,1,5223
12,0,2014-03-13,-0.433883739117558,-0.9009688679024191,1.0,6.123233995736766e-17,0.9455963874271426,0.3253420847119801,5223.0,7899.0,5717.0,4970.714285714285,5484.0,2357.4884739404165,6027.133333333333,5856.0,3012.5849106171513,1070.0,0,1,1,0,0,0,0,0,1,5484
12,0,2014-03-14,-0.9749279121818236,-0.2225209339563146,1.0,6.123233995736766e-17,0.9510565162951535,0.30901699437494745,5484.0,7606.0,6014.0,4724.428571428572,5484.0,2113.7496585564786,6028.466666666666,5876.0,3012.5089982218815,1070.0,0,1,1,0,0,0,0,0,1,5882
12,0,2014-03-15,-0.7818314824680299,0.6234898018587334,1.0,6.123233995736766e-17,0.9562348265919056,0.29260033563334836,5882.0,5603.0,6531.0,4632.571428571428,5223.0,2082.9533405834204,5998.133333333333,5845.5,3018.7346599405564,1070.0,0,1,1,0,0,0,0,0,1,4960
12,0,2014-03-16,-2.4492935982947064e-16,1.0,1.0,6.123233995736766e-17,0.9611297838723007,0.27609697309746883,4960.0,0.0,0.0,4632.571428571428,5223.0,2082.9533405834204,5799.166666666667,5763.0,3211.290062858864,1070.0,0,1,1,0,0,0,0,0,1,0
12,0,2014-03-17,0.7818314824680298,0.6234898018587336,1.0,6.123233995736766e-17,0.9657399376548549,0.2595117970697999,0.0,4926.0,12341.0,5351.857142857143,5484.0,2907.3646387849512,5937.566666666667,5799.5,3299.975210809017,1070.0,1,1,1,0,0,0,0,0,1,9961
12,0,2014-03-18,0.9749279121818236,-0.22252093395631434,1.0,6.123233995736766e-17,0.970063921851507,0.2428497220959356,9961.0,5953.0,9909.0,5706.0,5484.0,3134.8737879963637,6218.633333333333,5917.5,3131.6119071145445,1070.0,1,1,1,0,0,0,0,0,1,8432
12,0,2014-03-19,0.43388373911755823,-0.900968867902419,1.0,6.123233995736766e-17,0.9741004551724205,0.22611568550828828,8432.0,5223.0,8575.0,6057.285714285715,5882.0,3208.6361959709984,6093.433333333333,5917.5,2987.515421207732,1070.0,1,1,1,0,0,0,0,0,1,7682
12,0,2014-03-20,-0.433883739117558,-0.9009688679024191,1.0,6.123233995736766e-17,0.9778483415056568,0.20931464596304847,7682.0,5484.0,7899.0,6285.285714285715,7080.0,3217.801460328968,6027.566666666667,5917.5,2941.3729105386424,1070.0,1,1,1,0,0,0,0,0,1,7080
12,0,2014-03-21,-0.9749279121818236,-0.2225209339563146,1.0,6.123233995736766e-17,0.9813064702716093,0.19245158197082998,7080.0,5882.0,7606.0,6404.142857142857,7080.0,3215.787743232412,5985.533333333334,5917.5,2921.5268414062984,1070.0,1,1,1,0,0,0,0,0,1,6714
12,0,2014-03-22,-0.7818314824680299,0.6234898018587334,1.0,6.123233995736766e-17,0.9844738167520922,0.1755314904214282,6714.0,4960.0,5603.0,6545.714285714285,7080.0,3162.9953479935075,5931.633333333333,5916.5,2906.200796197001,1070.0,0,1,1,0,0,0,0,0,1,5951
12,0,2014-03-23,-2.4492935982947064e-16,1.0,1.0,6.123233995736766e-17,0.9873494423939864,0.15855938510313478,5951.0,0.0,0.0,6545.714285714285,7080.0,3162.9953479935075,5684.133333333333,5799.5,3085.285050636028,1070.0,0,1,1,0,0,0,0,0,1,0
12,0,2014-03-24,0.7818314824680298,0.6234898018587336,1.0,6.123233995736766e-17,0.989932495087353,0.141540295217043,0.0,9961.0,4926.0,6187.428571428572,7080.0,2836.8893679018024,5745.833333333333,5916.5,3102.048645468116,1070.0,0,1,1,0,0,0,0,0,1,7453
12,0,2014-03-25,0.9749279121818236,-0.22252093395631434,1.0,6.123233995736766e-17,0.9922222094179323,0.12447926388678915,7453.0,8432.0,5953.0,5847.0,6714.0,2660.1211751848205,5947.466666666666,5952.0,2906.09405753915,1070.0,0,1,1,0,0,0,0,0,1,6049
12,0,2014-03-26,0.43388373911755823,-0.900968867902419,1.0,6.123233995736766e-17,0.994217906893952,0.10738134666416309,6049.0,7682.0,5223.0,5649.857142857143,6302.0,2550.3336663118835,5979.066666666667,5983.5,2904.5720906675824,1070.0,0,1,1,0,0,0,0,0,1,6302
12,0,2014-03-27,-0.433883739117558,-0.9009688679024191,1.0,6.123233995736766e-17,0.995918996147179,0.09025161003104117,6302.0,7080.0,5484.0,5495.571428571428,6049.0,2481.1245338315766,5997.566666666667,6007.0,2902.8201232277697,1070.0,0,1,1,0,0,0,0,0,1,6000
12,0,2014-03-28,-0.9749279121818236,-0.2225209339563146,1.0,6.123233995736766e-17,0.9973249731081555,0.07309512989807777,6000.0,6714.0,5882.0,5468.285714285715,6049.0,2466.4989840045027,6025.666666666667,6031.5,2903.7200792863223,1070.0,0,1,1,0,0,0,0,0,1,6523
12,0,2014-03-29,-0.7818314824680299,0.6234898018587334,1.0,6.123233995736766e-17,0.9984354211555643,0.055916990100603484,6523.0,5951.0,4960.0,5461.857142857143,6049.0,2465.0894120749085,6031.966666666666,6031.5,2903.232282905682,1070.0,0,1,1,0,0,0,0,0,1,5906
12,0,2014-03-30,-2.4492935982947064e-16,1.0,1.0,6.123233995736766e-17,0.9992500112396835,0.03872228089217446,5906.0,0.0,0.0,5461.857142857143,6049.0,2465.0894120749085,5831.5,6024.5,3105.1273809175905,1070.0,0,1,1,0,0,0,0,0,1,0
12,0,2014-03-31,0.7818314824680298,0.6234898018587336,1.0,6.123233995736766e-17,0.9997685019798909,0.021516097436222254,0.0,7453.0,9961.0,6408.428571428572,6049.0,4092.2388679524747,6083.1,6024.5,3450.3650216692454,1070.0,1,1,1,0,0,0,0,0,1,14079
12,0,2014-04-01,0.9749279121818236,-0.22252093395631434,0.8660254037844387,-0.49999999999999983,0.9999907397361901,0.004303538296244289,14079.0,6049.0,8432.0,6520.428571428572,6302.0,4091.490716806563,6310.866666666667,6175.5,3254.9562180786984,1070.0,1,1,1,0,0,0,0,0,1,6833
12,0,2014-04-02,0.43388373911755823,-0.900968867902419,0.8660254037844387,-0.49999999999999983,0.9999166586547379,-0.01291029607500882,6833.0,6302.0,7682.0,6660.714285714285,6523.0,4099.58021079743,6142.3,6175.5,3056.815439478555,1070.0,1,1,1,0,0,0,0,0,1,7284
12,0,2014-04-03,-0.433883739117558,-0.9009688679024191,0.8660254037844387,-0.49999999999999983,0.9995462806873573,-0.030120304846908114,7284.0,6000.0,7080.0,6962.714285714285,6833.0,4120.607063459043,6082.466666666666,6175.5,2997.5373194689646,1070.0,1,1,1,0,0,0,0,0,1,8114
12,0,2014-04-04,-0.9749279121818236,-0.2225209339563146,0.8660254037844387,-0.49999999999999983,0.9988797155850336,-0.04732138832243185,8114.0,6523.0,6714.0,7125.714285714285,7284.0,4122.880979537072,6052.1,6175.5,2975.952647820351,1070.0,1,1,1,0,0,0,0,0,1,7664
12,0,2014-04-05,-0.7818314824680299,0.6234898018587334,0.8660254037844387,-0.49999999999999983,0.9979171608653922,-0.06450844944931623,7664.0,5906.0,5951.0,7079.285714285715,7284.0,4140.697111770984,5974.833333333333,6024.5,2956.3743065163244,1070.0,0,1,1,0,0,0,0,0,1,5581
12,0,2014-04-06,-2.4492935982947064e-16,1.0,0.8660254037844387,-0.49999999999999983,0.9966589017541702,-0.08167639533042241,5581.0,0.0,0.0,7079.285714285715,7284.0,4140.697111770984,5721.3,5976.5,3132.5536366049496,1070.0,0,1,1,0,0,0,0,0,1,0
12,0,2014-04-07,0.7818314824680298,0.6234898018587336,0.8660254037844387,-0.49999999999999983,0.9951053111006976,-0.09882013873287143,0.0,14079.0,7453.0,6019.714285714285,6833.0,2774.632751331589,5756.6,6024.5,3137.138028027544,1070.0,0,1,1,0,0,0,0,0,1,6662
12,0,2014-04-08,0.9749279121818236,-0.22252093395631434,0.8660254037844387,-0.49999999999999983,0.9932568492674143,-0.11593459959550041,6662.0,6833.0,6049.0,5858.714285714285,6662.0,2752.1826922333066,5946.8,6024.5,2943.058758362192,1070.0,0,1,1,0,0,0,0,0,1,5706
12,0,2014-04-09,0.43388373911755823,-0.900968867902419,0.8660254037844387,-0.49999999999999983,0.9911140639934547,-0.1330147065341959,5706.0,7284.0,6302.0,5821.0,6662.0,2731.1244936838743,6016.6,6175.5,2942.8452992252933,1070.0,0,1,1,0,0,0,0,0,1,7020
12,0,2014-04-10,-0.433883739117558,-0.9009688679024191,0.8660254037844387,-0.49999999999999983,0.9886775902323405,-0.1500553983446526,7020.0,8114.0,6000.0,5584.0,6455.0,2565.9686280233436,6033.333333333333,6378.5,2943.8982170998493,1070.0,0,1,1,0,0,0,0,0,1,6455
12,0,2014-04-11,-0.9749279121818236,-0.2225209339563146,0.8660254037844387,-0.49999999999999983,0.9859481499638304,-0.16705162550211924,6455.0,7664.0,6523.0,5376.285714285715,6210.0,2424.4803370540885,6066.233333333334,6378.5,2940.0425950859167,1070.0,0,1,1,0,0,0,0,0,1,6210
12,0,2014-04-12,-0.7818314824680299,0.6234898018587334,0.8660254037844387,-0.49999999999999983,0.9829265519799822,-0.18399835165768005,6210.0,5581.0,5906.0,5458.857142857143,6210.0,2442.3907978707693,6088.733333333334,6378.5,2938.015315719489,1070.0,0,1,1,0,0,0,0,0,1,6159
12,0,2014-04-13,-2.4492935982947064e-16,1.0,0.8660254037844387,-0.49999999999999983,0.9796136916454901,-0.20089055513063506,6159.0,0.0,0.0,5458.857142857143,6210.0,2442.3907978707693,5892.666666666667,6378.5,3141.506099741434,1070.0,0,1,1,0,0,0,0,0,1,0
12,0,2014-04-14,0.7818314824680298,0.6234898018587336,0.8660254037844387,-0.49999999999999983,0.9760105506323683,-0.21772323039653177,0.0,6662.0,14079.0,6261.571428571428,6210.0,3567.801977742171,6136.7,6489.0,3344.3576997889927,1070.0,1,1,1,0,0,0,0,0,1,12281
12,0,2014-04-15,0.9749279121818236,-0.22252093395631434,0.8660254037844387,-0.49999999999999983,0.9721181966290613,-0.23449138957040985,12281.0,5706.0,6833.0,7156.571428571428,6455.0,4144.414026017141,6535.733333333334,6592.5,3300.784994756426,1070.0,1,1,1,0,0,0,0,0,1,11971
12,0,2014-04-16,0.43388373911755823,-0.900968867902419,0.8660254037844387,-0.49999999999999983,0.9679377830240642,-0.25119006388481935,11971.0,7020.0,7284.0,7703.285714285715,6455.0,4369.693761744472,6565.266666666666,6592.5,3336.2619380888264,1070.0,1,1,1,0,0,0,0,0,1,10847
12,0,2014-04-17,-0.433883739117558,-0.9009688679024191,0.8660254037844387,-0.49999999999999983,0.9634705485641488,-0.2678143051621742,10847.0,6455.0,8114.0,8335.714285714286,10847.0,4477.938279844332,6646.933333333333,6592.5,3412.644226416216,1070.0,1,1,1,0,0,0,0,0,1,10882
12,0,2014-04-18,-0.9749279121818236,-0.2225209339563146,0.8660254037844387,-0.49999999999999983,0.9587178169872964,-0.2843591872810034,10882.0,6210.0,7664.0,7448.571428571428,10847.0,5473.693173021387,6390.866666666667,6489.0,3614.536425022727,1070.0,1,1,1,0,0,0,0,0,1,0
12,0,2014-04-19,-0.7818314824680299,0.6234898018587334,0.8660254037844387,-0.49999999999999983,0.9536809966304457,-0.30081980763566735,0.0,6159.0,5581.0,7808.428571428572,10847.0,5457.562363581468,6444.133333333333,6489.0,3636.748678026352,1070.0,0,1,1,0,0,0,0,0,1,8678
12,0,2014-04-20,-2.4492935982947064e-16,1.0,0.8660254037844387,-0.49999999999999983,0.9483615800121715,-0.3171912885891061,8678.0,0.0,0.0,7808.428571428572,10847.0,5457.562363581468,6220.333333333333,6378.5,3821.462622440867,1070.0,0,1,1,0,0,0,0,0,1,0
12,0,2014-04-21,0.7818314824680298,0.6234898018587336,0.8660254037844387,-0.49999999999999983,0.9427611433904207,-0.3334687789181868,0.0,12281.0,6662.0,6054.0,8678.0,5746.469147804299,6021.966666666666,6378.5,3986.8025688499415,1070.0,0,1,1,0,0,0,0,0,1,0
12,0,2014-04-22,0.9749279121818236,-0.22252093395631434,0.8660254037844387,-0.49999999999999983,0.9368813462954315,-0.3496474552512284,0.0,11971.0,5706.0,5194.285714285715,5953.0,5130.9030626289605,6220.4,6378.5,3821.457779253969,1070.0,0,1,1,0,0,0,0,0,1,5953
12,0,2014-04-23,0.43388373911755823,-0.900968867902419,0.8660254037844387,-0.49999999999999983,0.9307239310379795,-0.36572252349726897,5953.0,10847.0,7020.0,4497.428571428572,5953.0,4531.459141643117,6170.933333333333,6256.0,3814.5508067754517,1070.0,0,1,1,0,0,0,0,0,1,5969
12,0,2014-04-24,-0.433883739117558,-0.9009688679024191,0.8660254037844387,-0.49999999999999983,0.9242907221930934,-0.3816892202666588,5969.0,10882.0,6455.0,3719.5714285714284,5437.0,3630.641396830728,6150.533333333334,6256.0,3816.861156114728,1070.0,0,1,1,0,0,0,0,0,1,5437
12,0,2014-04-25,-0.9749279121818236,-0.2225209339563146,0.8660254037844387,-0.49999999999999983,0.9175836260593937,-0.39754281428255595,5437.0,0.0,6210.0,4517.714285714285,5587.0,3273.1787665960524,6126.7,6184.5,3818.114854850175,1070.0,0,1,1,0,0,0,0,0,1,5587
12,0,2014-04-26,-0.7818314824680299,0.6234898018587334,0.8660254037844387,-0.49999999999999983,0.9106046300942163,-0.4132786077829042,5587.0,8678.0,6159.0,4021.1428571428573,5437.0,2760.3255501583803,6100.1,6184.5,3821.80594925921,1070.0,0,1,1,0,0,0,0,0,1,5202
12,0,2014-04-27,-2.4492935982947064e-16,1.0,0.8660254037844387,-0.49999999999999983,0.9033558023246845,-0.4288919379124835,5202.0,0.0,0.0,4021.1428571428573,5437.0,2760.3255501583803,5882.666666666667,6064.0,3979.230035843732,1070.0,0,1,1,0,0,0,0,0,1,0
12,0,2014-04-28,0.7818314824680298,0.6234898018587336,0.8660254037844387,-0.49999999999999983,0.895839290734909,-0.4443781781046132,0.0,0.0,12281.0,5630.142857142857,5587.0,3262.645165535242,6061.233333333334,6184.5,4098.716112548459,1070.0,1,1,1,0,0,0,0,0,1,11263
12,0,2014-04-29,0.9749279121818236,-0.22252093395631434,0.8660254037844387,-0.49999999999999983,0.8880573226294932,-0.45973273945210397,11263.0,5953.0,11971.0,6071.428571428572,5587.0,3512.8934350068594,6362.633333333333,6332.5,3968.000890601724,1070.0,1,1,1,0,0,0,0,0,1,9042
12,0,2014-04-30,0.43388373911755823,-0.900968867902419,0.8660254037844387,-0.49999999999999983,0.8800122039735357,-0.47495107206704995,9042.0,5969.0,10847.0,6573.428571428572,5587.0,3739.581565591836,6209.433333333333,6332.5,3742.100495188757,1070.0,1,1,1,0,0,0,0,0,1,9483
12,0,2014-05-01,-0.433883739117558,-0.9009688679024191,0.49999999999999994,-0.8660254037844387,0.8717063187093218,-0.49002866642905923,9483.0,5437.0,10882.0,5796.714285714285,5587.0,4501.894405480347,5981.666666666667,6184.5,3907.1466997456496,1070.0,1,1,1,0,0,0,0,0,1,0
12,0,2014-05-02,-0.9749279121818236,-0.2225209339563146,0.49999999999999994,-0.8660254037844387,0.8631421280499114,-0.5049610547215204,0.0,5587.0,0.0,6488.0,9042.0,4824.304682196873,6086.4,6184.5,3984.604074131606,1070.0,1,1,1,0,0,0,0,0,1,10426
12,0,2014-05-03,-0.7818314824680299,0.6234898018587334,0.49999999999999994,-0.8660254037844387,0.854322169749827,-0.5197438121555155,10426.0,5202.0,8678.0,6651.0,9042.0,4792.785202781364,6027.366666666667,6184.5,3966.606962121911,1070.0,0,1,1,0,0,0,0,0,1,6343
12,0,2014-05-04,-2.4492935982947064e-16,1.0,0.49999999999999994,-0.8660254037844387,0.8452490573530633,-0.5343725582809787,6343.0,0.0,0.0,6651.0,9042.0,4792.785202781364,5771.9,6064.0,4102.050944975258,1070.0,0,1,1,0,0,0,0,0,1,0
12,0,2014-05-05,0.7818314824680298,0.6234898018587336,0.49999999999999994,-0.8660254037844387,0.835925479418637,-0.548842958284719,0.0,11263.0,0.0,6570.428571428572,9042.0,4706.291139072708,5942.5,6184.5,4199.11557806296,1070.0,1,1,1,0,0,0,0,0,1,10699
12,0,2014-05-06,0.9749279121818236,-0.22252093395631434,0.49999999999999994,-0.8660254037844387,0.8263541987239096,-0.5631507242749186,10699.0,9042.0,5953.0,6556.714285714285,8946.0,4698.021133565554,6240.7,6276.5,4078.474132776145,1070.0,1,1,1,0,0,0,0,0,1,8946
12,0,2014-05-07,0.43388373911755823,-0.900968867902419,0.49999999999999994,-0.8660254037844387,0.8165380514459161,-0.5772916165517272,8946.0,9483.0,5969.0,6399.142857142857,8380.0,4601.011426073309,6297.966666666666,6276.5,4096.6147208719,1070.0,1,1,1,0,0,0,0,0,1,8380
12,0,2014-05-08,-0.433883739117558,-0.9009688679024191,0.49999999999999994,-0.8660254037844387,0.8064799463209448,-0.5912614448635781,8380.0,0.0,5437.0,7421.285714285715,8380.0,3636.039407298629,6346.266666666666,6399.0,4097.936435559371,1070.0,1,1,1,0,0,0,0,0,1,7155
12,0,2014-05-09,-0.9749279121818236,-0.2225209339563146,0.49999999999999994,-0.8660254037844387,0.7961828637826158,-0.6050560696488488,7155.0,10426.0,5587.0,7090.285714285715,8109.0,3415.7090876461607,6382.566666666667,6399.0,4108.918766103409,1070.0,1,1,1,0,0,0,0,0,1,8109
12,0,2014-05-10,-0.7818314824680299,0.6234898018587334,0.49999999999999994,-0.8660254037844387,0.7856498550787145,-0.6186714032625031,8109.0,6343.0,5202.0,7087.714285714285,8109.0,3416.3721359694655,6378.233333333334,6334.0,4108.908292657704,1070.0,0,1,1,0,0,0,0,0,1,6325
12,0,2014-05-11,-2.4492935982947064e-16,1.0,0.49999999999999994,-0.8660254037844387,0.7748840413670407,-0.6321034111873487,6325.0,0.0,0.0,7087.714285714285,8109.0,3416.3721359694655,6171.233333333334,6334.0,4270.907120663399,1070.0,0,1,1,0,0,0,0,0,1,0
12,0,2014-05-12,0.7818314824680298,0.6234898018587336,0.49999999999999994,-0.8660254037844387,0.7638886127905428,-0.6453481132295501,0.0,10699.0,11263.0,6367.857142857143,7155.0,3038.618514422381,6154.6,6334.0,4271.927979503979,1070.0,0,1,1,0,0,0,0,0,1,5660
12,0,2014-05-13,0.9749279121818236,-0.22252093395631434,0.49999999999999994,-0.8660254037844387,0.7526668275320084,-0.6584015846980488,5660.0,8946.0,9042.0,5912.571428571428,6325.0,2818.749891774891,6346.566666666667,6334.0,4112.233864637474,1070.0,0,1,1,0,0,0,0,0,1,5759
12,0,2014-05-14,0.43388373911755823,-0.900968867902419,0.49999999999999994,-0.8660254037844387,0.741222010848596,-0.6712599575675313,5759.0,8380.0,9483.0,5541.714285714285,5784.0,2602.488790516092,6130.0,6147.0,3957.0779100501527,1070.0,0,1,1,0,0,0,0,0,1,5784
12,0,2014-05-15,-0.433883739117558,-0.9009688679024191,0.49999999999999994,-0.8660254037844387,0.7295575540864875,-0.6839194216246106,5784.0,7155.0,0.0,5413.285714285715,5784.0,2530.801698690604,5939.5,6112.5,3800.659604731062,1070.0,0,1,1,0,0,0,0,0,1,6256
12,0,2014-05-16,-0.9749279121818236,-0.2225209339563146,0.49999999999999994,-0.8660254037844387,0.717676913675962,-0.6963762255968722,6256.0,8109.0,10426.0,5019.571428571428,5759.0,2239.100478402201,5756.366666666667,5961.0,3686.694066068081,1070.0,0,1,1,0,0,0,0,0,1,5353
12,0,2014-05-17,-0.7818314824680299,0.6234898018587334,0.49999999999999994,-0.8660254037844387,0.705583610107178,-0.7086266782644596,5353.0,6325.0,6343.0,4886.0,5660.0,2175.2245094855566,5573.3,5868.5,3557.4903314866065,1070.0,0,1,1,0,0,0,0,0,1,5390
12,0,2014-05-18,-2.4492935982947064e-16,1.0,0.49999999999999994,-0.8660254037844387,0.6932812268869777,-0.7206671495538609,5390.0,0.0,0.0,4886.0,5660.0,2175.2245094855566,5573.3,5868.5,3557.4903314866065,1070.0,0,1,1,0,0,0,0,0,1,0
12,0,2014-05-19,0.7818314824680298,0.6234898018587336,0.49999999999999994,-0.8660254037844387,0.6807734094770161,-0.7324940716135789,0.0,5660.0,10699.0,5547.0,5759.0,2997.3012305516904,5626.933333333333,5868.5,3617.5334322343624,1070.0,1,1,1,0,0,0,0,0,1,10287
12,0,2014-05-20,0.9749279121818236,-0.22252093395631434,0.49999999999999994,-0.8660254037844387,0.6680638642135335,-0.7441039398713607,10287.0,5759.0,8946.0,5947.142857142857,5784.0,3209.7588917015482,5912.266666666666,5961.0,3493.8761394990684,1070.0,1,1,1,0,0,0,0,0,1,8560
12,0,2014-05-21,0.43388373911755823,-0.900968867902419,0.49999999999999994,-0.8660254037844387,0.6551563572090853,-0.7554933140726803,8560.0,5784.0,8380.0,6298.142857142857,6256.0,3321.346886860382,6186.966666666666,6112.5,3333.2817160946,1070.0,1,1,1,0,0,0,0,0,1,8241
12,0,2014-05-22,-0.433883739117558,-0.9009688679024191,0.49999999999999994,-0.8660254037844387,0.6420547132365637,-0.766658819300159,8241.0,6256.0,7155.0,6416.571428571428,7085.0,3334.3480550747786,6224.7,6290.5,3336.947047310118,1070.0,1,1,1,0,0,0,0,0,1,7085
12,0,2014-05-23,-0.9749279121818236,-0.2225209339563146,0.49999999999999994,-0.8660254037844387,0.6287628145958344,-0.777597146973627,7085.0,5353.0,8109.0,6760.571428571428,7761.0,3330.5458440093003,6284.433333333333,6334.0,3348.2318821702893,1070.0,1,1,1,0,0,0,0,0,1,7761
12,0,2014-05-24,-0.7818314824680299,0.6234898018587334,0.49999999999999994,-0.8660254037844387,0.6152845999633276,-0.7883050558305255,7761.0,5390.0,6325.0,6875.428571428572,7761.0,3289.0070871081475,6309.666666666667,6334.0,3344.4755202792435,1070.0,0,1,1,0,0,0,0,0,1,6194
12,0,2014-05-25,-2.4492935982947064e-16,1.0,0.49999999999999994,-0.8660254037844387,0.6016240632249226,-0.7987793728863649,6194.0,0.0,0.0,6875.428571428572,7761.0,3289.0070871081475,6123.433333333333,6334.0,3536.163610695804,1070.0,0,1,1,0,0,0,0,0,1,0
12,0,2014-05-26,0.7818314824680298,0.6234898018587336,0.49999999999999994,-0.8660254037844387,0.5877852522924732,-0.8090169943749473,0.0,10287.0,5660.0,6261.714285714285,7085.0,2927.23656453692,6149.733333333334,6334.0,3532.0058180657866,1070.0,0,1,1,0,0,0,0,0,1,5991
12,0,2014-05-27,0.9749279121818236,-0.22252093395631434,0.49999999999999994,-0.8660254037844387,0.5737722679043246,-0.8190148866680801,5991.0,8560.0,5759.0,5880.428571428572,6194.0,2746.2078008982303,6346.1,6334.0,3336.670933833548,1070.0,0,1,1,0,0,0,0,0,1,5891
12,0,2014-05-28,0.43388373911755823,-0.900968867902419,0.49999999999999994,-0.8660254037844387,0.5595892624101765,-0.8287700871745037,5891.0,8241.0,5784.0,5662.285714285715,6194.0,2583.259679441573,6194.466666666666,6334.0,3206.3379017548777,1070.0,0,1,1,0,0,0,0,0,1,6714
12,0,2014-05-29,-0.433883739117558,-0.9009688679024191,0.49999999999999994,-0.8660254037844387,0.545240438540651,-0.8382797052177743,6714.0,7085.0,6256.0,4650.142857142857,5991.0,3237.9446890772897,5893.066666666667,6290.5,3351.1459278708007,1070.0,0,1,1,0,0,0,0,0,1,0
12,0,2014-05-30,-0.9749279121818236,-0.2225209339563146,0.49999999999999994,-0.8660254037844387,0.5307300481619334,-0.8475409228928311,0.0,7761.0,5353.0,4728.285714285715,5991.0,3330.8021413410193,5853.9,6290.5,3314.4066546538593,1070.0,0,1,1,0,0,0,0,0,1,8308
12,0,2014-05-31,-0.7818314824680299,0.6234898018587334,0.49999999999999994,-0.8660254037844387,0.5160623910158528,-0.8565509959010036,8308.0,6194.0,5390.0,4687.0,5905.0,3311.3407153800026,6050.733333333334,6290.5,3124.6827031560006,1070.0,0,1,1,0,0,0,0,0,1,5905
12,0,2014-06-01,-2.4492935982947064e-16,1.0,1.2246467991473532e-16,-1.0,0.5012418134457758,-0.865307254363206,5905.0,0.0,0.0,4687.0,5905.0,3311.3407153800026,5703.2,6225.0,3200.165140135416,1070.0,0,1,1,0,0,0,0,0,1,0
12,0,2014-06-02,0.7818314824680298,0.6234898018587336,1.2246467991473532e-16,-1.0,0.48627270710869,-0.8738071036110808,0.0,5991.0,10287.0,5579.714285714285,5905.0,4388.596689690443,5899.766666666666,6225.0,3414.7343379610907,1070.0,1,1,1,0,0,0,0,0,1,12240
12,0,2014-06-03,0.9749279121818236,-0.22252093395631434,1.2246467991473532e-16,-1.0,0.4711595076738638,-0.8820480249558537,12240.0,5891.0,8560.0,6106.142857142857,6714.0,4645.646651384909,6218.966666666666,6290.5,3289.495784476999,1070.0,1,1,1,0,0,0,0,0,1,9576
12,0,2014-06-04,0.43388373911755823,-0.900968867902419,1.2246467991473532e-16,-1.0,0.4559066935084588,-0.8900275764346767,9576.0,6714.0,8241.0,6466.285714285715,8308.0,4795.910296432637,6170.166666666667,6290.5,3231.0829196003815,1070.0,1,1,1,0,0,0,0,0,1,9235
12,0,2014-06-05,-0.433883739117558,-0.9009688679024191,1.2246467991473532e-16,-1.0,0.440518784350495,-0.8977433935342337,9235.0,0.0,7085.0,7608.285714285715,8308.0,3859.9750739387646,6138.433333333333,6290.5,3207.469275078828,1070.0,1,1,1,0,0,0,0,0,1,7994
12,0,2014-06-06,-0.9749279121818236,-0.2225209339563146,1.2246467991473532e-16,-1.0,0.42500033996955416,-0.9051931898913974,7994.0,8308.0,7761.0,7465.571428571428,7994.0,3848.243012819524,6102.733333333334,6290.5,3187.5581718378985,1070.0,1,1,1,0,0,0,0,0,1,7309
12,0,2014-06-07,-0.7818314824680299,0.6234898018587334,1.2246467991473532e-16,-1.0,0.4093559588156213,-0.9123747579707273,7309.0,5905.0,6194.0,7483.428571428572,7994.0,3840.0758611058222,6065.233333333334,6225.0,3181.3634214814597,1070.0,0,1,1,0,0,0,0,0,1,6030
12,0,2014-06-08,-2.4492935982947064e-16,1.0,1.2246467991473532e-16,-1.0,0.39359027665646673,-0.9192859697186104,6030.0,0.0,0.0,7483.428571428572,7994.0,3840.0758611058222,5794.933333333333,6112.0,3342.1515569891576,1070.0,0,1,1,0,0,0,0,0,1,0
12,0,2014-06-09,0.7818314824680298,0.6234898018587336,1.2246467991473532e-16,-1.0,0.3777079652039649,-0.9259247771938498,0.0,12240.0,5991.0,5734.857142857143,7309.0,4091.6849189778154,5584.1,6010.5,3503.181286714435,1070.0,0,1,1,0,0,0,0,0,1,0
12,0,2014-06-10,0.9749279121818236,-0.22252093395631434,1.2246467991473532e-16,-1.0,0.36171373072976765,-0.9322892131745133,0.0,9576.0,5891.0,5310.285714285715,6604.0,3768.079029350179,5804.233333333334,6112.0,3344.065032812334,1070.0,0,1,1,0,0,0,0,0,1,6604
12,0,2014-06-11,0.43388373911755823,-0.900968867902419,1.2246467991473532e-16,-1.0,0.3456123126707335,-0.9383773917408641,6604.0,9235.0,6714.0,4904.571428571428,6395.0,3411.0485121705574,5828.733333333334,6225.0,3345.6639558908364,1070.0,0,1,1,0,0,0,0,0,1,6395
12,0,2014-06-12,-0.433883739117558,-0.9009688679024191,1.2246467991473532e-16,-1.0,0.3294084822245304,-0.9441875088341993,6395.0,7994.0,0.0,4707.571428571428,6395.0,3238.334080827307,5857.266666666666,6325.5,3348.6975330441664,1070.0,0,1,1,0,0,0,0,0,1,6615
12,0,2014-06-13,-0.9749279121818236,-0.2225209339563146,1.2246467991473532e-16,-1.0,0.3131070409358269,-0.9497178427914316,6615.0,7309.0,8308.0,4490.714285714285,6030.0,3082.1541013975802,5857.5,6325.5,3348.6924957413567,1070.0,0,1,1,0,0,0,0,0,1,5791
12,0,2014-06-14,-0.7818314824680299,0.6234898018587334,1.2246467991473532e-16,-1.0,0.29671281927349075,-0.9549667548552551,5791.0,6030.0,5905.0,4478.571428571428,5945.0,3075.2386821807786,5847.133333333333,6294.5,3347.897597961559,1070.0,0,1,1,0,0,0,0,0,1,5945
12,0,2014-06-15,-2.4492935982947064e-16,1.0,1.2246467991473532e-16,-1.0,0.28023067519921585,-0.9599326896597447,5945.0,0.0,0.0,4478.571428571428,5945.0,3075.2386821807786,5668.7,6294.5,3513.6864338145497,1070.0,0,1,1,0,0,0,0,0,1,0
12,0,2014-06-16,0.7818314824680298,0.6234898018587336,1.2246467991473532e-16,-1.0,0.26366549272800704,-0.9646141756912435,0.0,0.0,12240.0,6043.714285714285,6395.0,3201.414568295592,5854.233333333334,6499.5,3643.0328752133228,1070.0,1,1,1,0,0,0,0,0,1,10956
12,0,2014-06-17,0.9749279121818236,-0.22252093395631434,1.2246467991473532e-16,-1.0,0.24702218048093552,-0.9690098257244062,10956.0,6604.0,9576.0,6431.142857142857,6395.0,3436.023837158849,6164.766666666666,6609.5,3521.8422851696787,1070.0,1,1,1,0,0,0,0,0,1,9316
12,0,2014-06-18,0.43388373911755823,-0.900968867902419,1.2246467991473532e-16,-1.0,0.23030567023061221,-0.9731183372332619,9316.0,6395.0,9235.0,6662.285714285715,6615.0,3487.2275384267537,6088.966666666666,6609.5,3453.8764277491036,1070.0,1,1,1,0,0,0,0,0,1,8013
12,0,2014-06-19,-0.433883739117558,-0.9009688679024191,1.2246467991473532e-16,-1.0,0.21352091543979612,-0.9769384927771817,8013.0,6615.0,7994.0,6826.142857142857,7762.0,3511.4984184614345,6062.366666666667,6609.5,3437.2222995875027,1070.0,1,1,1,0,0,0,0,0,1,7762
12,0,2014-06-20,-0.9749279121818236,-0.2225209339563146,1.2246467991473532e-16,-1.0,0.19667288979357647,-0.980469160361632,7762.0,5791.0,7309.0,7199.857142857143,8013.0,3522.1602948839723,6067.9,6609.5,3440.9820205164156,1070.0,1,1,1,0,0,0,0,0,1,8407
12,0,2014-06-21,-0.7818314824680299,0.6234898018587334,1.2246467991473532e-16,-1.0,0.1797665857255624,-0.9837092937736097,8407.0,5945.0,6030.0,7158.714285714285,8013.0,3540.893753196865,6020.3,6499.5,3436.3008092604655,1070.0,0,1,1,0,0,0,0,0,1,5657
12,0,2014-06-22,-2.4492935982947064e-16,1.0,1.2246467991473532e-16,-1.0,0.16280701293851715,-0.986657932891657,5657.0,0.0,0.0,7158.714285714285,8013.0,3540.893753196865,5761.6,6294.5,3589.462255374559,1070.0,0,1,1,0,0,0,0,0,1,0
12,0,2014-06-23,0.7818314824680298,0.6234898018587336,1.2246467991473532e-16,-1.0,0.1457991969198751,-0.9893142039703663,0.0,10956.0,0.0,6345.285714285715,7762.0,3156.317881872577,5730.533333333334,6212.5,3589.6240100229616,1070.0,0,1,1,0,0,0,0,0,1,5262
12,0,2014-06-24,0.9749279121818236,-0.22252093395631434,1.2246467991473532e-16,-1.0,0.12874817745258132,-0.99167731989929,5262.0,9316.0,6604.0,5804.714285714285,5657.0,2874.1614263575957,5914.933333333333,6212.5,3423.3323041106905,1070.0,0,1,1,0,0,0,0,0,1,5532
12,0,2014-06-25,0.43388373911755823,-0.900968867902419,1.2246467991473532e-16,-1.0,0.11165900712169512,-0.993746580436178,5532.0,8013.0,6395.0,5496.857142857143,5657.0,2708.865225426292,5910.5,6212.5,3423.316518050677,1070.0,0,1,1,0,0,0,0,0,1,5858
12,0,2014-06-26,-0.433883739117558,-0.9009688679024191,1.2246467991473532e-16,-1.0,0.09453674981719912,-0.9955213724144752,5858.0,7762.0,6615.0,5115.571428571428,5532.0,2518.011176646028,5883.9,6212.5,3426.5720414391417,1070.0,0,1,1,0,0,0,0,0,1,5093
12,0,2014-06-27,-0.9749279121818236,-0.2225209339563146,1.2246467991473532e-16,-1.0,0.07738647923346301,-0.9970011699250151,5093.0,8407.0,5791.0,4870.428571428572,5532.0,2208.698323835629,5883.133333333333,6212.5,3426.3824769224047,1070.0,0,1,1,0,0,0,0,0,1,6691
12,0,2014-06-28,-0.7818314824680299,0.6234898018587334,1.2246467991473532e-16,-1.0,0.06021327736579302,-0.9981855344718586,6691.0,5657.0,5945.0,4978.857142857143,5532.0,2271.485888764703,6097.0,6405.5,3241.771174038596,1070.0,0,1,1,0,0,0,0,0,1,6416
12,0,2014-06-29,-2.4492935982947064e-16,1.0,1.2246467991473532e-16,-1.0,0.04302223300453059,-0.99907411510223,6416.0,0.0,0.0,4978.857142857143,5532.0,2271.485888764703,5820.066666666667,6212.5,3397.5013936038677,1070.0,0,1,1,0,0,0,0,0,1,0
12,0,2014-06-30,0.7818314824680298,0.6234898018587336,1.2246467991473532e-16,-1.0,0.02581844022713308,-0.9996666485105112,0.0,5262.0,10956.0,6265.0,5858.0,4193.865043131457,6098.733333333334,6405.5,3731.171064510936,1070.0,1,1,1,0,0,0,0,0,1,14265
12,0,2014-07-01,0.9749279121818236,-0.22252093395631434,-0.4999999999999998,-0.8660254037844388,0.008606996888688698,-0.9999629591162655,14265.0,5532.0,9316.0,6650.0,6416.0,4238.820669321443,6372.966666666666,6510.0,3566.1547966028234,1070.0,1,1,1,0,0,0,0,0,1,8227
12,0,2014-07-02,0.43388373911755823,-0.900968867902419,-0.4999999999999998,-0.8660254037844388,-0.008606996888688009,-0.9999629591162655,8227.0,5858.0,8013.0,6998.714285714285,6691.0,4263.142999958512,6241.6,6510.0,3411.8260314625522,1070.0,1,1,1,0,0,0,0,0,1,8299
12,0,2014-07-03,-0.433883739117558,-0.9009688679024191,-0.4999999999999998,-0.8660254037844388,-0.02581844022713239,-0.9996666485105112,8299.0,5093.0,7762.0,7387.857142857143,7817.0,4183.781161763103,6182.966666666666,6510.0,3367.3722230406515,1070.0,1,1,1,0,0,0,0,0,1,7817
12,0,2014-07-04,-0.9749279121818236,-0.2225209339563146,-0.4999999999999998,-0.8660254037844388,-0.04302223300453034,-0.99907411510223,7817.0,6691.0,8407.0,7467.428571428572,7817.0,4173.603113903017,6116.733333333334,6510.0,3324.5401956727296,1070.0,1,1,1,0,0,0,0,0,1,7248
12,0,2014-07-05,-0.7818314824680299,0.6234898018587334,-0.4999999999999998,-0.8660254037844388,-0.060213277365792774,-0.9981855344718586,7248.0,6416.0,5657.0,7405.571428571428,7817.0,4194.937816668359,6049.7,6405.5,3305.603436486346,1070.0,0,1,1,0,0,0,0,0,1,5983
12,0,2014-07-06,-2.4492935982947064e-16,1.0,-0.4999999999999998,-0.8660254037844388,-0.07738647923346322,-0.9970011699250151,5983.0,0.0,0.0,7405.571428571428,7817.0,4194.937816668359,5806.066666666667,6212.5,3474.615959263385,1070.0,0,1,1,0,0,0,0,0,1,0
12,0,2014-07-07,0.7818314824680298,0.6234898018587336,-0.4999999999999998,-0.8660254037844388,-0.09453674981719933,-0.9955213724144752,0.0,14265.0,5262.0,6287.285714285715,7248.0,2907.388559875558,5819.633333333333,6405.5,3476.31461100871,1070.0,0,1,1,0,0,0,0,0,1,6437
12,0,2014-07-08,0.9749279121818236,-0.22252093395631434,-0.4999999999999998,-0.8660254037844388,-0.11165900712169444,-0.9937465804361781,6437.0,8227.0,5532.0,5959.142857142857,6437.0,2778.7547228072945,6017.3,6405.5,3298.0141375870617,1070.0,0,1,1,0,0,0,0,0,1,5930
12,0,2014-07-09,0.43388373911755823,-0.900968867902419,-0.4999999999999998,-0.8660254037844388,-0.12874817745258066,-0.99167731989929,5930.0,8299.0,5858.0,5701.285714285715,6437.0,2603.669699628189,6233.766666666666,6426.5,3096.4029707825916,1070.0,0,1,1,0,0,0,0,0,1,6494
12,0,2014-07-10,-0.433883739117558,-0.9009688679024191,-0.4999999999999998,-0.8660254037844388,-0.14579919691987442,-0.9893142039703664,6494.0,7817.0,5093.0,5496.571428571428,6384.0,2462.081494531472,6226.433333333333,6405.5,3095.756346593068,1070.0,0,1,1,0,0,0,0,0,1,6384
12,0,2014-07-11,-0.9749279121818236,-0.2225209339563146,-0.4999999999999998,-0.8660254037844388,-0.16280701293851646,-0.9866579328916572,6384.0,7248.0,6691.0,5482.571428571428,6384.0,2450.7149879945223,6251.6,6426.5,3100.2395524795525,1070.0,0,1,1,0,0,0,0,0,1,7150
12,0,2014-07-12,-0.7818314824680299,0.6234898018587334,-0.4999999999999998,-0.8660254037844388,-0.17976658572556214,-0.9837092937736098,7150.0,5983.0,6416.0,5546.142857142857,6428.0,2471.5427320179024,6245.366666666667,6422.0,3099.671645383652,1070.0,0,1,1,0,0,0,0,0,1,6428
12,0,2014-07-13,-2.4492935982947064e-16,1.0,-0.4999999999999998,-0.8660254037844388,-0.19667288979357622,-0.9804691603616321,6428.0,0.0,0.0,5546.142857142857,6428.0,2471.5427320179024,6052.333333333333,6422.0,3302.6178992589716,1070.0,0,1,1,0,0,0,0,0,1,0
12,0,2014-07-14,0.7818314824680298,0.6234898018587336,-0.4999999999999998,-0.8660254037844388,-0.2135209154397959,-0.9769384927771817,0.0,6437.0,14265.0,5984.142857142857,6428.0,2891.6928391844303,6170.933333333333,6432.5,3361.982511732534,1070.0,1,1,1,0,0,0,0,0,1,9503
12,0,2014-07-15,0.9749279121818236,-0.22252093395631434,-0.4999999999999998,-0.8660254037844388,-0.23030567023061196,-0.973118337233262,9503.0,5930.0,8227.0,6414.142857142857,6494.0,3098.6874871237296,6468.933333333333,6465.5,3187.843600772864,1070.0,1,1,1,0,0,0,0,0,1,8940
12,0,2014-07-16,0.43388373911755823,-0.900968867902419,-0.4999999999999998,-0.8660254037844388,-0.24702218048093527,-0.9690098257244063,8940.0,6494.0,8299.0,6769.857142857143,7150.0,3248.672674009675,6403.2,6465.5,3111.5481499818006,1070.0,1,1,1,0,0,0,0,0,1,8984
12,0,2014-07-17,-0.433883739117558,-0.9009688679024191,-0.4999999999999998,-0.8660254037844388,-0.2636654927280072,-0.9646141756912435,8984.0,6384.0,7817.0,7046.714285714285,8322.0,3292.591619291496,6370.066666666667,6465.5,3084.637573673694,1070.0,1,1,1,0,0,0,0,0,1,8322
12,0,2014-07-18,-0.9749279121818236,-0.2225209339563146,-0.4999999999999998,-0.8660254037844388,-0.2802306751992161,-0.9599326896597445,8322.0,7150.0,7248.0,7089.571428571428,8322.0,3296.1106300781703,6351.3,6465.5,3075.99796141361,1070.0,1,1,1,0,0,0,0,0,1,7450
12,0,2014-07-19,-0.7818314824680299,0.6234898018587334,-0.4999999999999998,-0.8660254037844388,-0.2967128192734901,-0.9549667548552553,7450.0,6428.0,5983.0,6869.571428571428,8322.0,3397.4625755673865,6255.5,6432.5,3075.30196723105,1070.0,0,1,1,0,0,0,0,0,1,4888
12,0,2014-07-20,-2.4492935982947064e-16,1.0,-0.4999999999999998,-0.8660254037844388,-0.3131070409358267,-0.9497178427914317,4888.0,0.0,0.0,6869.571428571428,8322.0,3397.4625755673865,5975.266666666666,6422.0,3250.5351806924873,1070.0,0,1,1,0,0,0,0,0,1,0
12,0,2014-07-21,0.7818314824680298,0.6234898018587336,-0.4999999999999998,-0.8660254037844388,-0.3294084822245302,-0.9441875088341994,0.0,9503.0,6437.0,6449.285714285715,7450.0,3193.2298546709626,6005.4,6432.5,3251.6729869089086,1070.0,0,1,1,0,0,0,0,0,1,6561
12,0,2014-07-22,0.9749279121818236,-0.22252093395631434,-0.4999999999999998,-0.8660254037844388,-0.3456123126707333,-0.9383773917408642,6561.0,8940.0,5930.0,5897.428571428572,6561.0,3020.1541824407445,6174.633333333333,6432.5,3054.48138250865,1070.0,0,1,1,0,0,0,0,0,1,5077
12,0,2014-07-23,0.43388373911755823,-0.900968867902419,-0.4999999999999998,-0.8660254037844388,-0.3617137307297674,-0.9322892131745134,5077.0,8984.0,6494.0,5395.285714285715,5469.0,2696.2808776959073,6181.533333333334,6432.5,3052.5818889107213,1070.0,0,1,1,0,0,0,0,0,1,5469
12,0,2014-07-24,-0.433883739117558,-0.9009688679024191,-0.4999999999999998,-0.8660254037844388,-0.37770796520396466,-0.9259247771938499,5469.0,8322.0,6384.0,4946.714285714285,5182.0,2369.6308934997905,6169.866666666667,6432.5,3055.817061383694,1070.0,0,1,1,0,0,0,0,0,1,5182
12,0,2014-07-25,-0.9749279121818236,-0.2225209339563146,-0.4999999999999998,-0.8660254037844388,-0.39359027665646645,-0.9192859697186105,5182.0,7450.0,7150.0,4742.428571428572,5182.0,2171.1854563151282,6175.266666666666,6432.5,3055.3900584369585,1070.0,0,1,1,0,0,0,0,0,1,6020
12,0,2014-07-26,-0.7818314824680299,0.6234898018587334,-0.4999999999999998,-0.8660254037844388,-0.4093559588156211,-0.9123747579707274,6020.0,4888.0,6428.0,4900.142857142857,5469.0,2223.0009318165357,6205.233333333334,6432.5,3048.810900858792,1070.0,0,1,1,0,0,0,0,0,1,5992
12,0,2014-07-27,-2.4492935982947064e-16,1.0,-0.4999999999999998,-0.8660254037844388,-0.42500033996955394,-0.9051931898913975,5992.0,0.0,0.0,4900.142857142857,5469.0,2223.0009318165357,5982.2,6422.0,3250.1396511110315,1070.0,0,1,1,0,0,0,0,0,1,0
12,0,2014-07-28,0.7818314824680298,0.6234898018587336,-0.4999999999999998,-0.8660254037844388,-0.4405187843504952,-0.8977433935342336,0.0,6561.0,9503.0,5416.857142857143,5469.0,2968.6914304999514,6107.6,6432.5,3338.818835126144,1070.0,1,1,1,0,0,0,0,0,1,10178
12,0,2014-07-29,0.9749279121818236,-0.22252093395631434,-0.4999999999999998,-0.8660254037844388,-0.455906693508459,-0.8900275764346766,10178.0,5077.0,8940.0,5860.714285714285,5992.0,3136.911576390905,6380.4,6465.5,3151.6809373784145,1070.0,1,1,1,0,0,0,0,0,1,8184
12,0,2014-07-30,0.43388373911755823,-0.900968867902419,-0.4999999999999998,-0.8660254037844388,-0.47115950767386394,-0.8820480249558535,8184.0,5469.0,8984.0,6379.571428571428,6020.0,3354.1717237465614,6208.266666666666,6465.5,2830.8981142622097,1070.0,1,1,1,0,0,0,0,0,1,9101
12,0,2014-07-31,-0.433883739117558,-0.9009688679024191,-0.4999999999999998,-0.8660254037844388,-0.4862727071086902,-0.8738071036110807,9101.0,5182.0,8322.0,6876.857142857143,8184.0,3404.693448196254,6222.8,6465.5,2842.7138247905245,1070.0,1,1,1,0,0,0,0,0,1,8663
12,0,2014-08-01,-0.9749279121818236,-0.2225209339563146,-0.8660254037844384,-0.5000000000000004,-0.5012418134457756,-0.8653072543632061,8663.0,6020.0,7450.0,7129.142857142857,8184.0,3396.0375159181954,6205.7,6465.5,2831.314123427007,1070.0,1,1,1,0,0,0,0,0,1,7786
12,0,2014-08-02,-0.7818314824680299,0.6234898018587334,-0.8660254037844384,-0.5000000000000004,-0.5160623910158526,-0.8565509959010037,7786.0,5992.0,4888.0,7075.571428571428,8184.0,3419.8396091601976,6132.366666666667,6432.5,2816.5936688493603,1070.0,0,1,1,0,0,0,0,0,1,5617
12,0,2014-08-03,-2.4492935982947064e-16,1.0,-0.8660254037844384,-0.5000000000000004,-0.5307300481619331,-0.8475409228928312,5617.0,0.0,0.0,7075.571428571428,8184.0,3419.8396091601976,5890.766666666666,6406.0,3021.0352379929973,1070.0,0,1,1,0,0,0,0,0,1,0
12,0,2014-08-04,0.7818314824680298,0.6234898018587336,-0.8660254037844384,-0.5000000000000004,-0.5452404385406507,-0.8382797052177745,0.0,10178.0,6561.0,7233.142857142857,8184.0,3606.9050180901395,6067.366666666667,6432.5,3177.417325583711,1070.0,1,1,1,0,0,0,0,0,1,11281
12,0,2014-08-05,0.9749279121818236,-0.22252093395631434,-0.8660254037844384,-0.5000000000000004,-0.5595892624101763,-0.828770087174504,11281.0,8184.0,5077.0,7316.428571428572,8663.0,3639.1073931731717,6359.6,6465.5,2998.255338669818,1070.0,1,1,1,0,0,0,0,0,1,8767
12,0,2014-08-06,0.43388373911755823,-0.900968867902419,-0.8660254037844384,-0.5000000000000004,-0.5737722679043243,-0.8190148866680802,8767.0,9101.0,5469.0,7154.714285714285,7969.0,3571.104157646753,6410.666666666667,6527.5,3012.63122860071,1070.0,1,1,1,0,0,0,0,0,1,7969
12,0,2014-08-07,-0.433883739117558,-0.9009688679024191,-0.8660254037844384,-0.5000000000000004,-0.5877852522924734,-0.8090169943749472,7969.0,8663.0,5182.0,7013.571428571428,7786.0,3520.725107944996,6468.833333333333,6855.5,3019.8678788561465,1070.0,1,1,1,0,0,0,0,0,1,7675
12,0,2014-08-08,-0.9749279121818236,-0.2225209339563146,-0.8660254037844384,-0.5000000000000004,-0.6016240632249227,-0.7987793728863648,7675.0,7786.0,6020.0,7017.428571428572,7813.0,3521.7270316869117,6512.8,7300.0,3029.832229337299,1070.0,1,1,1,0,0,0,0,0,1,7813
12,0,2014-08-09,-0.7818314824680299,0.6234898018587334,-0.8660254037844384,-0.5000000000000004,-0.6152845999633277,-0.7883050558305253,7813.0,5617.0,5992.0,6968.142857142857,7813.0,3546.916145450462,6475.733333333334,7300.0,3038.2526390757184,1070.0,0,1,1,0,0,0,0,0,1,5272
12,0,2014-08-10,-2.4492935982947064e-16,1.0,-0.8660254037844384,-0.5000000000000004,-0.6287628145958345,-0.7775971469736268,5272.0,0.0,0.0,6968.142857142857,7813.0,3546.916145450462,6237.4,7005.5,3256.1601947375225,1070.0,0,1,1,0,0,0,0,0,1,0
12,0,2014-08-11,0.7818314824680298,0.6234898018587336,-0.8660254037844384,-0.5000000000000004,-0.6420547132365636,-0.7666588193001592,0.0,11281.0,10178.0,6253.142857142857,7675.0,2993.9782580245696,6232.333333333333,7005.5,3255.9716419731503,1070.0,0,1,1,0,0,0,0,0,1,6276
12,0,2014-08-12,0.9749279121818236,-0.22252093395631434,-0.8660254037844384,-0.5000000000000004,-0.655156357209085,-0.7554933140726804,6276.0,8767.0,8184.0,5725.857142857143,6276.0,2795.9318916699626,6401.533333333334,7005.5,3046.0571318632074,1070.0,0,1,1,0,0,0,0,0,1,5076
12,0,2014-08-13,0.43388373911755823,-0.900968867902419,-0.8660254037844384,-0.5000000000000004,-0.6680638642135333,-0.7441039398713608,5076.0,7969.0,9101.0,5389.714285714285,5616.0,2617.022653976959,6271.966666666666,6418.5,2991.7691627176896,1070.0,0,1,1,0,0,0,0,0,1,5616
12,0,2014-08-14,-0.433883739117558,-0.9009688679024191,-0.8660254037844384,-0.5000000000000004,-0.6807734094770159,-0.7324940716135792,5616.0,7675.0,8663.0,5090.571428571428,5581.0,2424.888303760469,6160.0,6148.0,2951.0532076671816,1070.0,0,1,1,0,0,0,0,0,1,5581
12,0,2014-08-15,-0.9749279121818236,-0.2225209339563146,-0.8660254037844384,-0.5000000000000004,-0.6932812268869771,-0.7206671495538615,5581.0,7813.0,7786.0,4837.857142857143,5581.0,2172.97249779893,6062.0,6032.0,2902.4549418819884,1070.0,0,1,1,0,0,0,0,0,1,6044
12,0,2014-08-16,-0.7818314824680299,0.6234898018587334,-0.8660254037844384,-0.5000000000000004,-0.7055836101071774,-0.7086266782644601,6044.0,5272.0,5617.0,4772.857142857143,5581.0,2164.610698529997,5945.166666666667,6006.0,2878.7929712406158,1070.0,0,1,1,0,0,0,0,0,1,4817
12,0,2014-08-17,-2.4492935982947064e-16,1.0,-0.8660254037844384,-0.5000000000000004,-0.7176769136759615,-0.6963762255968726,4817.0,0.0,0.0,4772.857142857143,5581.0,2164.610698529997,5696.833333333333,5804.5,3060.1240687416525,1070.0,0,1,1,0,0,0,0,0,1,0
12,0,2014-08-18,0.7818314824680298,0.6234898018587336,-0.8660254037844384,-0.5000000000000004,-0.7295575540864876,-0.6839194216246105,0.0,6276.0,11281.0,5282.857142857143,5581.0,2880.1006017482296,5862.1,6006.0,3147.5683044271636,1070.0,1,1,1,0,0,0,0,0,1,9846
12,0,2014-08-19,0.9749279121818236,-0.22252093395631434,-0.8660254037844384,-0.5000000000000004,-0.7412220108485957,-0.6712599575675315,9846.0,5076.0,8767.0,5966.714285714285,5616.0,3352.391470492162,6190.866666666667,6032.0,3026.9408676239377,1070.0,1,1,1,0,0,0,0,0,1,9863
12,0,2014-08-20,0.43388373911755823,-0.900968867902419,-0.8660254037844384,-0.5000000000000004,-0.7526668275320083,-0.6584015846980489,9863.0,5616.0,7969.0,6421.428571428572,6044.0,3509.0990703760863,6265.466666666666,6032.0,3063.732034889669,1070.0,1,1,1,0,0,0,0,0,1,8799
12,0,2014-08-21,-0.433883739117558,-0.9009688679024191,-0.8660254037844384,-0.5000000000000004,-0.7638886127905429,-0.64534811322955,8799.0,5581.0,7675.0,6854.714285714285,8614.0,3574.6690156472655,6383.366666666667,6160.0,3084.4063250747163,1070.0,1,1,1,0,0,0,0,0,1,8614
12,0,2014-08-22,-0.9749279121818236,-0.2225209339563146,-0.8660254037844384,-0.5000000000000004,-0.7748840413670406,-0.6321034111873488,8614.0,6044.0,7813.0,7058.857142857143,8614.0,3561.433486138762,6450.166666666667,6874.5,3085.621136635308,1070.0,1,1,1,0,0,0,0,0,1,7473
12,0,2014-08-23,-0.7818314824680299,0.6234898018587334,-0.8660254037844384,-0.5000000000000004,-0.7856498550787144,-0.6186714032625032,7473.0,4817.0,5272.0,7234.857142857143,8614.0,3461.2114174361686,6479.066666666667,6874.5,3077.3830567806986,1070.0,0,1,1,0,0,0,0,0,1,6049
12,0,2014-08-24,-2.4492935982947064e-16,1.0,-0.8660254037844384,-0.5000000000000004,-0.7961828637826154,-0.6050560696488494,6049.0,0.0,0.0,7234.857142857143,8614.0,3461.2114174361686,6278.4,6874.5,3296.800210444395,1070.0,0,1,1,0,0,0,0,0,1,0
12,0,2014-08-25,0.7818314824680298,0.6234898018587336,-0.8660254037844384,-0.5000000000000004,-0.8064799463209447,-0.5912614448635782,0.0,9846.0,6276.0,6858.285714285715,7473.0,3267.7672149999594,6319.0,7341.5,3300.6491524526214,1070.0,0,1,1,0,0,0,0,0,1,7210
12,0,2014-08-26,0.9749279121818236,-0.22252093395631434,-0.8660254037844384,-0.5000000000000004,-0.8165380514459157,-0.5772916165517278,7210.0,9863.0,5076.0,6315.142857142857,7210.0,2989.2067748580334,6521.033333333334,7341.5,3078.549473521505,1070.0,0,1,1,0,0,0,0,0,1,6061
12,0,2014-08-27,0.43388373911755823,-0.900968867902419,-0.8660254037844384,-0.5000000000000004,-0.8263541987239095,-0.5631507242749187,6061.0,8799.0,5616.0,5850.714285714285,6061.0,2784.5181339138853,6366.7,6743.0,3004.0510826043806,1070.0,0,1,1,0,0,0,0,0,1,5548
12,0,2014-08-28,-0.433883739117558,-0.9009688679024191,-0.8660254037844384,-0.5000000000000004,-0.8359254794186365,-0.5488429582847199,5548.0,8614.0,5581.0,5498.142857142857,6061.0,2520.004856382326,6298.766666666666,6211.0,2984.517782147398,1070.0,0,1,1,0,0,0,0,0,1,6146
12,0,2014-08-29,-0.9749279121818236,-0.2225209339563146,-0.8660254037844384,-0.5000000000000004,-0.8452490573530634,-0.5343725582809785,6146.0,7473.0,6044.0,5437.571428571428,6061.0,2469.2091080035425,6230.366666666667,6211.0,2941.281839762987,1070.0,0,1,1,0,0,0,0,0,1,7049
12,0,2014-08-30,-0.7818314824680299,0.6234898018587334,-0.8660254037844384,-0.5000000000000004,-0.8543221697498269,-0.5197438121555157,7049.0,6049.0,4817.0,5497.0,6146.0,2491.284942889251,6157.1,6211.0,2905.757273841496,1070.0,0,1,1,0,0,0,0,0,1,6465
12,0,2014-08-31,-2.4492935982947064e-16,1.0,-0.8660254037844384,-0.5000000000000004,-0.8631421280499115,-0.5049610547215202,6465.0,0.0,0.0,5497.0,6146.0,2491.284942889251,5897.566666666667,6103.5,3096.6899645882568,1070.0,0,1,1,0,0,0,0,0,1,0
12,0,2014-09-01,0.7818314824680298,0.6234898018587336,-1.0,-1.8369701987210297e-16,-0.8717063187093218,-0.4900286664290594,0.0,7210.0,9846.0,6050.714285714285,6146.0,3250.5219947102746,6079.866666666667,6211.0,3237.385585605314,1070.0,1,1,1,0,0,0,0,0,1,11086
12,0,2014-09-02,0.9749279121818236,-0.22252093395631434,-1.0,-1.8369701987210297e-16,-0.8800122039735356,-0.4749510720670502,11086.0,6061.0,9863.0,6670.428571428572,6465.0,3642.6757956728693,6426.5,6370.5,3118.4920731572856,1070.0,1,1,1,0,0,0,0,0,1,10399
12,0,2014-09-03,0.43388373911755823,-0.900968867902419,-1.0,-1.8369701987210297e-16,-0.888057322629493,-0.4597327394521046,10399.0,5548.0,8799.0,7115.142857142857,7049.0,3672.7068777025784,6339.166666666667,6370.5,3012.747618477804,1070.0,1,1,1,0,0,0,0,0,1,8661
12,0,2014-09-04,-0.433883739117558,-0.9009688679024191,-1.0,-1.8369701987210297e-16,-0.8958392907349089,-0.44437817810461344,8661.0,6146.0,8614.0,7433.285714285715,8373.0,3671.219539167048,6326.033333333334,6370.5,3002.6409465706997,1070.0,1,1,1,0,0,0,0,0,1,8373
12,0,2014-09-05,-0.9749279121818236,-0.2225209339563146,-1.0,-1.8369701987210297e-16,-0.9033558023246842,-0.4288919379124841,8373.0,7049.0,7473.0,7557.857142857143,8373.0,3670.8010219647085,6324.433333333333,6370.5,3001.747935422975,1070.0,1,1,1,0,0,0,0,0,1,7921
12,0,2014-09-06,-0.7818314824680299,0.6234898018587334,-1.0,-1.8369701987210297e-16,-0.9106046300942162,-0.41327860778290443,7921.0,6465.0,6049.0,7375.857142857143,8373.0,3764.405416909442,6241.633333333333,6211.0,2997.4655671811784,1070.0,0,1,1,0,0,0,0,0,1,5191
12,0,2014-09-07,-2.4492935982947064e-16,1.0,-1.0,-1.8369701987210297e-16,-0.9175836260593934,-0.3975428142825566,5191.0,0.0,0.0,7375.857142857143,8373.0,3764.405416909442,5981.2,6103.5,3189.493651306449,1070.0,0,1,1,0,0,0,0,0,1,0
12,0,2014-09-08,0.7818314824680298,0.6234898018587336,-1.0,-1.8369701987210297e-16,-0.9242907221930934,-0.3816892202666586,0.0,11086.0,7210.0,6557.714285714285,7921.0,3431.2664675639207,5984.1,6103.5,3188.8660761662827,1070.0,0,1,1,0,0,0,0,0,1,5359
12,0,2014-09-09,0.9749279121818236,-0.22252093395631434,-1.0,-1.8369701987210297e-16,-0.9307239310379793,-0.3657225234972692,5359.0,10399.0,6061.0,5830.142857142857,5359.0,2992.973127653699,6160.966666666666,6103.5,2986.2272990529705,1070.0,0,1,1,0,0,0,0,0,1,5306
12,0,2014-09-10,0.43388373911755823,-0.900968867902419,-1.0,-1.8369701987210297e-16,-0.9368813462954315,-0.34964745525122826,5306.0,8661.0,5548.0,5492.285714285715,5359.0,2743.220960494299,6161.633333333333,6103.5,2986.2560977935564,1070.0,0,1,1,0,0,0,0,0,1,6296
12,0,2014-09-11,-0.433883739117558,-0.9009688679024191,-1.0,-1.8369701987210297e-16,-0.9427611433904206,-0.33346877891818705,6296.0,8373.0,6146.0,5110.857142857143,5359.0,2445.371098529595,6182.533333333334,6103.5,2980.5847578706057,1070.0,0,1,1,0,0,0,0,0,1,5703
12,0,2014-09-12,-0.9749279121818236,-0.2225209339563146,-1.0,-1.8369701987210297e-16,-0.9483615800121716,-0.31719128858910595,5703.0,7921.0,7049.0,4835.571428571428,5359.0,2169.162730728376,6195.133333333333,6103.5,2978.9057321304317,1070.0,0,1,1,0,0,0,0,0,1,5994
12,0,2014-09-13,-0.7818314824680299,0.6234898018587334,-1.0,-1.8369701987210297e-16,-0.9536809966304455,-0.300819807635668,5994.0,5191.0,6465.0,4900.428571428572,5645.0,2188.264217528203,6197.266666666666,6103.5,2978.4736421163125,1070.0,0,1,1,0,0,0,0,0,1,5645
12,0,2014-09-14,-2.4492935982947064e-16,1.0,-1.0,-1.8369701987210297e-16,-0.9587178169872964,-0.2843591872810036,5645.0,0.0,0.0,4900.428571428572,5645.0,2188.264217528203,5995.8,6103.5,3186.354585545619,1070.0,0,1,1,0,0,0,0,0,1,0
12,0,2014-09-15,0.7818314824680298,0.6234898018587336,-1.0,-1.8369701987210297e-16,-0.9634705485641486,-0.26781430516217486,0.0,5359.0,11086.0,5727.714285714285,5703.0,3234.889112694374,6206.9,6221.0,3312.8387800734617,1070.0,1,1,1,0,0,0,0,0,1,11150
12,0,2014-09-16,0.9749279121818236,-0.22252093395631434,-1.0,-1.8369701987210297e-16,-0.9679377830240642,-0.25119006388481957,11150.0,5306.0,10399.0,6202.857142857143,5994.0,3402.5420119165556,6494.633333333333,6380.5,3124.673284806206,1070.0,1,1,1,0,0,0,0,0,1,8632
12,0,2014-09-17,0.43388373911755823,-0.900968867902419,-1.0,-1.8369701987210297e-16,-0.9721181966290612,-0.23449138957041052,8632.0,6296.0,8661.0,6390.571428571428,5994.0,3444.5239563275363,6420.1,6380.5,3068.132301130669,1070.0,1,1,1,0,0,0,0,0,1,7610
12,0,2014-09-18,-0.433883739117558,-0.9009688679024191,-1.0,-1.8369701987210297e-16,-0.9760105506323682,-0.21772323039653224,7610.0,5703.0,8373.0,6654.285714285715,7549.0,3453.7626204033268,6342.966666666666,6380.5,3007.0721638914106,1070.0,1,1,1,0,0,0,0,0,1,7549
12,0,2014-09-19,-0.9749279121818236,-0.2225209339563146,-1.0,-1.8369701987210297e-16,-0.9796136916454901,-0.20089055513063528,7549.0,5994.0,7921.0,6858.857142857143,7549.0,3450.5428765423503,6297.2,6380.5,2978.717791728283,1070.0,1,1,1,0,0,0,0,0,1,7426
12,0,2014-09-20,-0.7818314824680299,0.6234898018587334,-1.0,-1.8369701987210297e-16,-0.9829265519799822,-0.18399835165767986,7426.0,5645.0,5191.0,6948.285714285715,7549.0,3421.8323899282263,6219.1,6283.5,2946.4190229192945,1070.0,0,1,1,0,0,0,0,0,1,6271
12,0,2014-09-21,-2.4492935982947064e-16,1.0,-1.0,-1.8369701987210297e-16,-0.9859481499638303,-0.1670516255021195,6271.0,0.0,0.0,6948.285714285715,7549.0,3421.8323899282263,5970.0,6208.5,3145.8981613172596,1070.0,0,1,1,0,0,0,0,0,1,0
12,0,2014-09-22,0.7818314824680298,0.6234898018587336,-1.0,-1.8369701987210297e-16,-0.9886775902323404,-0.15005539834465262,0.0,11150.0,5359.0,6243.571428571428,7426.0,2876.8513376689516,5975.6,6244.0,3146.193152323001,1070.0,0,1,1,0,0,0,0,0,1,6217
12,0,2014-09-23,0.9749279121818236,-0.22252093395631434,-1.0,-1.8369701987210297e-16,-0.9911140639934546,-0.13301470653419636,6217.0,8632.0,5306.0,5784.857142857143,6271.0,2681.9378210895375,6156.3,6244.0,2940.077528299856,1070.0,0,1,1,0,0,0,0,0,1,5421
12,0,2014-09-24,0.43388373911755823,-0.900968867902419,-1.0,-1.8369701987210297e-16,-0.9932568492674143,-0.11593459959550066,5421.0,7610.0,6296.0,5436.0,6217.0,2561.060978058382,6088.233333333334,6181.5,2938.478854468911,1070.0,0,1,1,0,0,0,0,0,1,5168
12,0,2014-09-25,-0.433883739117558,-0.9009688679024191,-1.0,-1.8369701987210297e-16,-0.9951053111006974,-0.09882013873287211,5168.0,7549.0,5703.0,5124.857142857143,5421.0,2388.025225199788,6065.233333333334,6181.5,2941.398291492569,1070.0,0,1,1,0,0,0,0,0,1,5371
12,0,2014-09-26,-0.9749279121818236,-0.2225209339563146,-1.0,-1.8369701987210297e-16,-0.99665890175417,-0.08167639533042288,5371.0,7426.0,5994.0,4863.857142857143,5421.0,2185.890087856775,6066.933333333333,6181.5,2941.1037680967065,1070.0,0,1,1,0,0,0,0,0,1,5599
12,0,2014-09-27,-0.7818314824680299,0.6234898018587334,-1.0,-1.8369701987210297e-16,-0.9979171608653922,-0.06450844944931625,5599.0,6271.0,5645.0,4863.142857142857,5421.0,2185.3543899157025,6070.933333333333,6241.5,2941.2966051624635,1070.0,0,1,1,0,0,0,0,0,1,6266
12,0,2014-09-28,-2.4492935982947064e-16,1.0,-1.0,-1.8369701987210297e-16,-0.9988797155850335,-0.04732138832243232,6266.0,0.0,0.0,4863.142857142857,5421.0,2185.3543899157025,5835.966666666666,6105.5,3135.6068706275096,1070.0,0,1,1,0,0,0,0,0,1,0
12,0,2014-09-29,0.7818314824680298,0.6234898018587336,-1.0,-1.8369701987210297e-16,-0.9995462806873573,-0.03012030484690836,0.0,6217.0,11150.0,5609.285714285715,5421.0,3321.1358355380853,6001.8,6105.5,3297.404249740529,1070.0,1,1,1,0,0,0,0,0,1,11440
12,0,2014-09-30,0.9749279121818236,-0.22252093395631434,-1.0,-1.8369701987210297e-16,-0.9999166586547379,-0.012910296075008843,11440.0,5421.0,8632.0,6469.142857142857,5599.0,3978.3991097161797,6383.133333333333,6241.5,3240.3880752405125,1070.0,1,1,1,0,0,0,0,0,1,11440
12,0,2014-10-01,0.43388373911755823,-0.900968867902419,-0.8660254037844386,0.5000000000000001,-0.9999907397361901,0.004303538296243821,11440.0,5168.0,7610.0,6642.428571428572,6266.0,3938.497126956884,6226.3,6241.5,3116.410846160846,1070.0,1,1,1,0,0,0,0,0,1,6381
12,0,2014-10-02,-0.433883739117558,-0.9009688679024191,-0.8660254037844386,0.5000000000000001,-0.9997685019798909,0.021516097436222233,6381.0,5371.0,7549.0,6816.571428571428,6381.0,3899.668697771769,6099.333333333333,6241.5,3016.5389888520203,1070.0,1,1,1,0,0,0,0,0,1,6590
12,0,2014-10-03,-0.9749279121818236,-0.2225209339563146,-0.8660254037844386,0.5000000000000001,-0.9992500112396835,0.03872228089217399,6590.0,5599.0,7426.0,6016.714285714285,6381.0,4685.958838711161,5810.633333333333,6105.5,3173.299256493842,1070.0,1,1,1,0,0,0,0,0,1,0
12,0,2014-10-04,-0.7818314824680299,0.6234898018587334,-0.8660254037844386,0.5000000000000001,-0.9984354211555643,0.05591699010060302,0.0,6266.0,6271.0,6009.714285714285,6381.0,4685.560966568313,5738.766666666666,6105.5,3137.479129572937,1070.0,0,1,1,0,0,0,0,0,1,6217
12,0,2014-10-05,-2.4492935982947064e-16,1.0,-0.8660254037844386,0.5000000000000001,-0.9973249731081555,0.07309512989807776,6217.0,0.0,0.0,6009.714285714285,6381.0,4685.560966568313,5474.733333333334,5848.5,3277.6640960349787,1070.0,0,1,1,0,0,0,0,0,1,0
12,0,2014-10-06,0.7818314824680298,0.6234898018587336,-0.8660254037844386,0.5000000000000001,-0.9959189961471792,0.0902516100310407,0.0,11440.0,6217.0,5712.0,6381.0,4336.205676241232,5613.566666666667,6105.5,3352.584496436613,1070.0,1,1,1,0,0,0,0,0,1,9356
12,0,2014-10-07,0.9749279121818236,-0.22252093395631434,-0.8660254037844386,0.5000000000000001,-0.994217906893952,0.10738134666416306,9356.0,11440.0,5421.0,5276.142857142857,6381.0,3782.4732397630823,5893.2,6217.0,3215.264867085952,1070.0,1,1,1,0,0,0,0,0,1,8389
12,0,2014-10-08,0.43388373911755823,-0.900968867902419,-0.8660254037844386,0.5000000000000001,-0.9922222094179324,0.12447926388678869,8389.0,6381.0,5168.0,5653.285714285715,6590.0,4034.232918176051,6015.266666666666,6241.5,3263.4373240214213,1070.0,1,1,1,0,0,0,0,0,1,9021
12,0,2014-10-09,-0.433883739117558,-0.9009688679024191,-0.8660254037844386,0.5000000000000001,-0.989932495087353,0.141540295217043,9021.0,6590.0,5371.0,6044.142857142857,8389.0,4265.993882968402,6149.266666666666,6268.5,3315.4283431934664,1070.0,1,1,1,0,0,0,0,0,1,9326
12,0,2014-10-10,-0.9749279121818236,-0.2225209339563146,-0.8660254037844386,0.5000000000000001,-0.9873494423939864,0.15855938510313475,9326.0,0.0,5599.0,7297.0,8770.0,3393.702501202291,6231.733333333334,6268.5,3349.794527237849,1070.0,1,1,1,0,0,0,0,0,1,8770
12,0,2014-10-11,-0.7818314824680299,0.6234898018587334,-0.8660254037844386,0.5000000000000001,-0.9844738167520923,0.17553149042142777,8770.0,6217.0,6266.0,7418.142857142857,8770.0,3363.7279630677367,6277.133333333333,6326.0,3351.6106136821927,1070.0,0,1,1,0,0,0,0,0,1,7065
12,0,2014-10-12,-2.4492935982947064e-16,1.0,-0.8660254037844386,0.5000000000000001,-0.9813064702716093,0.19245158197082995,7065.0,0.0,0.0,7418.142857142857,8770.0,3363.7279630677363,6077.333333333333,6326.0,3542.3066450853876,1070.0,0,1,1,0,0,0,0,0,1,0
12,0,2014-10-13,0.7818314824680298,0.6234898018587336,-0.8660254037844386,0.5000000000000001,-0.9778483415056568,0.20931464596304888,0.0,9356.0,11440.0,6914.857142857143,8389.0,3288.1683568298563,6083.6,6326.0,3541.681673423244,1070.0,0,1,1,0,0,0,0,0,1,5833
12,0,2014-10-14,0.9749279121818236,-0.22252093395631434,-0.8660254037844386,0.5000000000000001,-0.9741004551724206,0.22611568550828803,5833.0,8389.0,11440.0,6535.285714285715,7065.0,3242.6799469104644,6274.666666666667,6326.0,3351.68512772341,1070.0,0,1,1,0,0,0,0,0,1,5732
12,0,2014-10-15,0.43388373911755823,-0.900968867902419,-0.8660254037844386,0.5000000000000001,-0.970063921851507,0.2428497220959358,5732.0,9021.0,6381.0,6065.142857142857,5833.0,3055.3861964609027,6094.0,6268.5,3223.4516518359846,1070.0,0,1,1,0,0,0,0,0,1,5730
12,0,2014-10-16,-0.433883739117558,-0.9009688679024191,-0.8660254037844386,0.5000000000000001,-0.965739937654855,0.25951179706979943,5730.0,9326.0,6590.0,5531.428571428572,5732.0,2696.013220611928,5992.6,6241.5,3188.51759524272,1070.0,0,1,1,0,0,0,0,0,1,5590
12,0,2014-10-17,-0.9749279121818236,-0.2225209339563146,-0.8660254037844386,0.5000000000000001,-0.9611297838723007,0.27609697309746883,5590.0,8770.0,0.0,5065.857142857143,5730.0,2295.128858297609,5922.633333333333,6217.0,3174.8026545601706,1070.0,0,1,1,0,0,0,0,0,1,5511
12,0,2014-10-18,-0.7818314824680299,0.6234898018587334,-0.8660254037844386,0.5000000000000001,-0.9562348265919058,0.2926003356333479,5511.0,7065.0,6217.0,4901.428571428572,5730.0,2165.6106034359677,5868.133333333333,6065.5,3159.919703621176,1070.0,0,1,1,0,0,0,0,0,1,5914
12,0,2014-10-19,-2.4492935982947064e-16,1.0,-0.8660254037844386,0.5000000000000001,-0.9510565162951536,0.30901699437494723,5914.0,0.0,0.0,4901.428571428572,5730.0,2165.6106034359677,5620.6,5873.5,3320.4566636492077,1070.0,0,1,1,0,0,0,0,0,1,0
12,0,2014-10-20,0.7818314824680298,0.6234898018587336,-0.8660254037844386,0.5000000000000001,-0.9455963874271428,0.3253420847119795,0.0,5833.0,9356.0,5371.142857142857,5730.0,2693.5649505547767,5715.6,5873.5,3379.9437416252563,1070.0,1,1,1,0,0,0,0,0,1,9121
12,0,2014-10-21,0.9749279121818236,-0.22252093395631434,-0.8660254037844386,0.5000000000000001,-0.9398560579418953,0.341570769167856,9121.0,5732.0,8389.0,5581.714285714285,5730.0,2782.6202707930856,5955.8,6065.5,3211.6109331933253,1070.0,1,1,1,0,0,0,0,0,1,7206
12,0,2014-10-22,0.43388373911755823,-0.900968867902419,-0.8660254037844386,0.5000000000000001,-0.9338372288229252,0.35769823883312546,7206.0,5730.0,9021.0,5890.857142857143,5914.0,2918.7196067551877,6011.7,6065.5,3230.851005113263,1070.0,1,1,1,0,0,0,0,0,1,7894
12,0,2014-10-23,-0.433883739117558,-0.9009688679024191,-0.8660254037844386,0.5000000000000001,-0.9275416835791965,0.3737197147904692,7894.0,5590.0,9326.0,6171.285714285715,7206.0,2978.681683468139,6082.766666666666,6241.5,3240.84234136886,1070.0,1,1,1,0,0,0,0,0,1,7553
12,0,2014-10-24,-0.9749279121818236,-0.2225209339563146,-0.8660254037844386,0.5000000000000001,-0.9209712877166346,0.38963044953078774,7553.0,5511.0,8770.0,6485.857142857143,7553.0,3013.400262636406,6167.6,6323.5,3249.3695685630228,1070.0,1,1,1,0,0,0,0,0,1,7713
12,0,2014-10-25,-0.7818314824680299,0.6234898018587334,-0.8660254037844386,0.5000000000000001,-0.9141279881853337,0.4054257283599973,7713.0,5914.0,7065.0,6519.571428571428,7553.0,3007.249843137021,6193.566666666667,6323.5,3245.894942563748,1070.0,0,1,1,0,0,0,0,0,1,6150
12,0,2014-10-26,-2.4492935982947064e-16,1.0,-0.8660254037844386,0.5000000000000001,-0.9070138128026362,0.42110087079608916,6150.0,0.0,0.0,6519.571428571428,7553.0,3007.249843137021,6006.933333333333,6323.5,3436.62316148032,1070.0,0,1,1,0,0,0,0,0,1,0
12,0,2014-10-27,0.7818314824680298,0.6234898018587336,-0.8660254037844386,0.5000000000000001,-0.8996308696522434,0.4366512319560638,0.0,9121.0,5833.0,6261.0,7311.0,2818.1620488065178,6041.766666666666,6485.5,3444.626286554608,1070.0,0,1,1,0,0,0,0,0,1,7311
12,0,2014-10-28,0.9749279121818236,-0.22252093395631434,-0.8660254037844386,0.5000000000000001,-0.8919813464595487,0.45207220393230374,7311.0,7206.0,5732.0,6161.0,7311.0,2791.332537218264,6258.633333333333,6548.0,3250.462518635997,1070.0,0,1,1,0,0,0,0,0,1,6506
12,0,2014-10-29,0.43388373911755823,-0.900968867902419,-0.8660254037844386,0.5000000000000001,-0.8840675099433637,0.46735921715800205,6506.0,7894.0,5730.0,5912.714285714285,6506.0,2686.8333104409835,6082.5,6443.5,3099.682828602152,1070.0,0,1,1,0,0,0,0,0,1,6156
12,0,2014-10-30,-0.433883739117558,-0.9009688679024191,-0.8660254037844386,0.5000000000000001,-0.8758917051442433,0.48250774176121763,6156.0,7553.0,5590.0,5787.142857142857,6506.0,2617.030150671525,5923.633333333333,6443.5,2933.298031853935,1070.0,0,1,1,0,0,0,0,0,1,6674
12,0,2014-10-31,-0.9749279121818236,-0.2225209339563146,-0.8660254037844386,0.5000000000000001,-0.867456354729597,0.4975132889071803,6674.0,7713.0,5511.0,5751.142857142857,6506.0,2587.6914053889473,5959.633333333333,6548.0,2945.705904314388,1070.0,0,1,1,0,0,0,0,0,1,7461
12,0,2014-11-01,-0.7818314824680299,0.6234898018587334,-0.5000000000000004,0.8660254037844384,-0.858763958275803,0.5123714121284235,7461.0,6150.0,5914.0,5854.142857142857,6674.0,2620.3565551639135,5969.0,6590.0,2948.225123580347,1070.0,0,1,1,0,0,0,0,0,1,6871
12,0,2014-11-02,-2.4492935982947064e-16,1.0,-0.5000000000000004,0.8660254037844384,-0.8498170915275277,0.5270777086423724,6871.0,0.0,0.0,5854.142857142857,6674.0,2620.3565551639135,5969.0,6590.0,2948.225123580347,1070.0,0,1,1,0,0,0,0,0,1,0
12,0,2014-11-03,0.7818314824680298,0.6234898018587336,-0.5000000000000004,0.8660254037844384,-0.8406184056344783,0.5416278206559811,0.0,7311.0,9121.0,6434.428571428572,6674.0,3346.0384963487254,6140.866666666667,6772.5,3109.0772412331644,1070.0,1,1,1,0,0,0,0,0,1,11373
12,0,2014-11-04,0.9749279121818236,-0.22252093395631434,-0.5000000000000004,0.8660254037844384,-0.8311706263658079,0.5560174366570446,11373.0,6506.0,7206.0,6845.285714285715,6871.0,3527.9189198112144,6453.6,6968.0,2937.1879303052824,1070.0,1,1,1,0,0,0,0,0,1,9382
12,0,2014-11-05,0.43388373911755823,-0.900968867902419,-0.5000000000000004,0.8660254037844384,-0.8214765533024145,0.5702422926917867,9382.0,6156.0,7894.0,7311.142857142857,7461.0,3635.39798044045,6455.633333333333,6968.0,2939.2868297966575,1070.0,1,1,1,0,0,0,0,0,1,9417
12,0,2014-11-06,-0.433883739117558,-0.9009688679024191,-0.5000000000000004,0.8660254037844384,-0.8115390590073611,0.5842981736283683,9417.0,6674.0,7553.0,7636.0,8948.0,3670.4072435267126,6474.266666666666,6968.0,2953.7023749085183,1070.0,1,1,1,0,0,0,0,0,1,8948
12,0,2014-11-07,-0.9749279121818236,-0.2225209339563146,-0.5000000000000004,0.8660254037844384,-0.8013610881746769,0.5981809144059159,8948.0,7461.0,7713.0,7840.285714285715,8948.0,3698.7296789702364,6469.933333333333,6968.0,2949.9302146431123,1070.0,1,1,1,0,0,0,0,0,1,8891
12,0,2014-11-08,-0.7818314824680299,0.6234898018587334,-0.5000000000000004,0.8660254037844384,-0.7909456567567774,0.6118864012687242,8891.0,6871.0,6150.0,7913.571428571428,8948.0,3681.3650936006034,6405.2,6968.0,2906.077156817985,1070.0,0,1,1,0,0,0,0,0,1,7384
12,0,2014-11-09,-2.4492935982947064e-16,1.0,-0.5000000000000004,0.8660254037844384,-0.780295851070776,0.6254105729852457,7384.0,0.0,0.0,7913.571428571428,8948.0,3681.3650936006034,6112.866666666667,6772.5,3094.9558153309026,1070.0,0,1,1,0,0,0,0,0,1,0
12,0,2014-11-10,0.7818314824680298,0.6234898018587336,-0.5000000000000004,0.8660254037844384,-0.7694148268839381,0.6387494220515268,0.0,11373.0,7311.0,7580.571428571428,8948.0,3411.846413949634,6178.766666666666,6772.5,3136.694797716696,1070.0,1,1,1,0,0,0,0,0,1,9042
12,0,2014-11-11,0.9749279121818236,-0.22252093395631434,-0.5000000000000004,0.8660254037844384,-0.7583058084785625,0.6518989958787125,9042.0,9382.0,6506.0,7488.142857142857,8891.0,3363.3300674862658,6469.933333333333,7038.5,2942.7913318800734,1070.0,1,1,1,0,0,0,0,0,1,8735
12,0,2014-11-12,0.43388373911755823,-0.900968867902419,-0.5000000000000004,0.8660254037844384,-0.7469720876965551,0.6648553979642867,8735.0,9417.0,6156.0,7331.857142857143,8735.0,3283.2264328741985,6552.933333333333,7258.5,2959.275924175082,1070.0,1,1,1,0,0,0,0,0,1,8323
12,0,2014-11-13,-0.433883739117558,-0.9009688679024191,-0.5000000000000004,0.8660254037844384,-0.7354170229639858,0.6776147890466887,8323.0,8948.0,6674.0,7203.714285714285,8323.0,3226.653566482659,6630.233333333334,7347.5,2967.3692015253014,1070.0,1,1,1,0,0,0,0,0,1,8051
12,0,2014-11-14,-0.9749279121818236,-0.2225209339563146,-0.5000000000000004,0.8660254037844384,-0.7236440382959123,0.690173388242972,8051.0,8891.0,7461.0,7035.142857142857,8051.0,3153.8138514382604,6696.266666666666,7422.5,2968.686833036395,1070.0,1,1,1,0,0,0,0,0,1,7711
12,0,2014-11-15,-0.7818314824680299,0.6234898018587334,-0.5000000000000004,0.8660254037844384,-0.7116566222817751,0.7025274741691566,7711.0,7384.0,6871.0,7028.857142857143,8051.0,3153.0464331379317,6754.6,7422.5,2963.3882471671272,1070.0,0,1,1,0,0,0,0,0,1,7340
12,0,2014-11-16,-2.4492935982947064e-16,1.0,-0.5000000000000004,0.8660254037844384,-0.6994583270516471,0.7146733860429608,7340.0,0.0,0.0,7028.857142857143,8051.0,3153.0464331379317,6570.9,7422.5,3204.1682803756585,1070.0,0,1,1,0,0,0,0,0,1,0
12,0,2014-11-17,0.7818314824680298,0.6234898018587336,-0.5000000000000004,0.8660254037844384,-0.6870527672236675,0.726607524768565,0.0,9042.0,11373.0,6718.571428571428,7711.0,3026.239738087677,6602.766666666666,7422.5,3202.1631447737186,1070.0,0,1,1,0,0,0,0,0,1,6870
12,0,2014-11-18,0.9749279121818236,-0.22252093395631434,-0.5000000000000004,0.8660254037844384,-0.6744436188329457,0.7383263540031063,6870.0,8735.0,9382.0,6387.285714285715,7340.0,2892.6941141598872,6816.633333333333,7422.5,2950.3231907513177,1070.0,0,1,1,0,0,0,0,0,1,6416
12,0,2014-11-19,0.43388373911755823,-0.900968867902419,-0.5000000000000004,0.8660254037844384,-0.661634618242279,0.749826401204568,6416.0,8323.0,9417.0,6063.285714285715,6870.0,2763.8942161550344,6714.433333333333,7362.0,2920.701588876267,1070.0,0,1,1,0,0,0,0,0,1,6055
12,0,2014-11-20,-0.433883739117558,-0.9009688679024191,-0.5000000000000004,0.8660254037844384,-0.6486295610349818,0.7611042586607742,6055.0,8051.0,8948.0,5785.714285714285,6416.0,2625.0821393044544,6677.833333333333,7362.0,2921.2088438171254,1070.0,0,1,1,0,0,0,0,0,1,6108
12,0,2014-11-21,-0.9749279121818236,-0.2225209339563146,-0.5000000000000004,0.8660254037844384,-0.6354323008901775,0.7721565844991641,6108.0,7711.0,8891.0,5647.0,6416.0,2530.3353532684187,6639.366666666667,7325.5,2912.226218990327,1070.0,0,1,1,0,0,0,0,0,1,6740
12,0,2014-11-22,-0.7818314824680299,0.6234898018587334,-0.5000000000000004,0.8660254037844384,-0.622046748440868,0.7829801036770625,6740.0,7340.0,7384.0,5642.428571428572,6416.0,2526.7933471195524,6631.2,7309.5,2909.9184062503314,1070.0,0,1,1,0,0,0,0,0,1,7308
12,0,2014-11-23,-2.4492935982947064e-16,1.0,-0.5000000000000004,0.8660254037844384,-0.6084768701151264,0.7935716089521472,7308.0,0.0,0.0,5642.428571428572,6416.0,2526.7933471195524,6374.1,7089.5,3142.4822096443163,1070.0,0,1,1,0,0,0,0,0,1,0
12,0,2014-11-24,0.7818314824680298,0.6234898018587336,-0.5000000000000004,0.8660254037844384,-0.594726686960764,0.8039279618328208,0.0,6870.0,9042.0,6215.571428571428,6416.0,3213.379210796785,6531.833333333333,7309.5,3247.8384651029496,1070.0,1,1,1,0,0,0,0,0,1,10882
12,0,2014-11-25,0.9749279121818236,-0.22252093395631434,-0.5000000000000004,0.8660254037844384,-0.5808002734538014,0.8140460935082175,10882.0,6416.0,8735.0,6826.428571428572,6740.0,3636.4142529485885,6888.233333333334,7325.5,3089.1171452021017,1070.0,1,1,1,0,0,0,0,0,1,10692
12,0,2014-11-26,0.43388373911755823,-0.900968867902419,-0.5000000000000004,0.8660254037844384,-0.5667017562911184,0.8239230057575536,10692.0,6055.0,8323.0,7400.0,7308.0,3807.094605251275,6980.2,7362.0,3142.7413291693188,1070.0,1,1,1,0,0,0,0,0,1,10070
12,0,2014-11-27,-0.433883739117558,-0.9009688679024191,-0.5000000000000004,0.8660254037844384,-0.5524353131676203,0.8335557718385695,10070.0,6108.0,8051.0,7910.285714285715,9680.0,3844.2643732486194,7086.0,7422.5,3179.438868297572,1070.0,1,1,1,0,0,0,0,0,1,9680
12,0,2014-11-28,-0.9749279121818236,-0.2225209339563146,-0.5000000000000004,0.8660254037844384,-0.5380051715382992,0.8429415373547832,9680.0,6740.0,7711.0,8455.0,10070.0,3920.1952757483946,7232.566666666667,7586.0,3235.9342805156066,1070.0,1,1,1,0,0,0,0,0,1,10553
12,0,2014-11-29,-0.7818314824680299,0.6234898018587334,-0.5000000000000004,0.8660254037844384,-0.5234156073655503,0.8520775211013093,10553.0,7308.0,7340.0,8819.857142857143,10070.0,3914.4982832444625,7338.833333333333,7881.0,3269.134622214399,1070.0,0,1,1,0,0,0,0,0,1,9862
12,0,2014-11-30,-2.4492935982947064e-16,1.0,-0.5000000000000004,0.8660254037844384,-0.5086709438521042,0.8609610158889945,9862.0,0.0,0.0,8819.857142857143,10070.0,3914.4982832444625,7090.133333333333,7881.0,3532.6945536226835,1070.0,0,1,1,0,0,0,0,0,1,0
12,0,2014-12-01,0.7818314824680298,0.6234898018587336,-2.4492935982947064e-16,1.0,-0.4937755501599774,0.8695893893466109,0.0,10882.0,6870.0,9190.857142857143,10070.0,4251.107166710476,7310.4,8187.0,3719.6221035346334,1070.0,1,1,1,0,0,0,0,0,1,13479
12,0,2014-12-02,0.9749279121818236,-0.22252093395631434,-2.4492935982947064e-16,1.0,-0.4787338401157883,0.8779600847008883,13479.0,10692.0,6416.0,9323.857142857143,10070.0,4319.906226936396,7697.833333333333,8529.0,3532.5359756894454,1070.0,1,1,1,0,0,0,0,0,1,11623
12,0,2014-12-03,0.43388373911755823,-0.900968867902419,-2.4492935982947064e-16,1.0,-0.4635502709028512,0.8860706215341377,11623.0,10070.0,6055.0,9381.142857142857,10471.0,4334.085348666295,7667.766666666666,8529.0,3503.899233743721,1070.0,1,1,1,0,0,0,0,0,1,10471
12,0,2014-12-04,-0.433883739117558,-0.9009688679024191,-2.4492935982947064e-16,1.0,-0.4482293417404106,0.893918596519257,10471.0,9680.0,6108.0,9632.285714285714,10553.0,4404.649275265316,7736.3,8529.0,3558.269359946066,1070.0,1,1,1,0,0,0,0,0,1,11438
12,0,2014-12-05,-0.9749279121818236,-0.2225209339563146,-2.4492935982947064e-16,1.0,-0.4327755925504317,0.9015016841318838,11438.0,10553.0,6740.0,10037.285714285714,11438.0,4628.08656337533,7868.666666666667,8529.0,3694.2101795342746,1070.0,1,1,1,0,0,0,0,0,1,13388
12,0,2014-12-06,-0.7818314824680299,0.6234898018587334,-2.4492935982947064e-16,1.0,-0.41719360261231697,0.9088176373395028,13388.0,9862.0,7308.0,9809.714285714286,11438.0,4677.048560587678,7846.033333333334,8296.0,3689.4463418235737,1070.0,0,1,1,0,0,0,0,0,1,8269
12,0,2014-12-07,-2.4492935982947064e-16,1.0,-2.4492935982947064e-16,1.0,-0.4014879892059737,0.9158642882672868,8269.0,0.0,0.0,9809.714285714286,11438.0,4677.048560587678,7549.666666666667,8160.0,3950.4766306352653,1070.0,0,1,1,0,0,0,0,0,1,0
12,0,2014-12-08,0.7818314824680298,0.6234898018587336,-2.4492935982947064e-16,1.0,-0.38566340624360745,0.9226395488404875,0.0,13479.0,10882.0,8983.57142857143,10471.0,4424.839841061781,7560.066666666667,8160.0,3950.4361429518367,1070.0,0,1,1,0,0,0,0,0,1,7696
12,0,2014-12-09,0.9749279121818236,-0.22252093395631434,-2.4492935982947064e-16,1.0,-0.3697245428906732,0.9291414114031743,7696.0,11623.0,10692.0,8493.285714285714,8269.0,4271.10780767261,7833.1,8230.0,3683.9796636340047,1070.0,0,1,1,0,0,0,0,0,1,8191
12,0,2014-12-10,0.43388373911755823,-0.900968867902419,-2.4492935982947064e-16,1.0,-0.3536761221763721,0.935367949313148,8191.0,10471.0,10070.0,7934.714285714285,8191.0,4224.778720607183,7750.4,8121.0,3683.7532359603333,1070.0,0,1,1,0,0,0,0,0,1,6561
12,0,2014-12-11,-0.433883739117558,-0.9009688679024191,-2.4492935982947064e-16,1.0,-0.33752289959411347,0.941317317512847,6561.0,11438.0,9680.0,7304.428571428572,7696.0,3934.1339943772,7693.433333333333,7881.0,3681.2154166359396,1070.0,0,1,1,0,0,0,0,0,1,7026
12,0,2014-12-12,-0.9749279121818236,-0.2225209339563146,-2.4492935982947064e-16,1.0,-0.32126966169236515,0.946987753076075,7026.0,13388.0,10553.0,6251.142857142857,7026.0,2879.5650961312117,7616.5,7703.5,3691.7068452186772,1070.0,0,1,1,0,0,0,0,0,1,6015
12,0,2014-12-13,-0.7818314824680299,0.6234898018587334,-2.4492935982947064e-16,1.0,-0.3049212246562894,0.9523775757303973,6015.0,8269.0,9862.0,6364.428571428572,7026.0,2985.819421707822,7650.2,7703.5,3700.4142023516056,1070.0,0,1,1,0,0,0,0,0,1,9062
12,0,2014-12-14,-2.4492935982947064e-16,1.0,-2.4492935982947064e-16,1.0,-0.2884824328806098,0.9574851883550389,9062.0,0.0,0.0,6364.428571428572,7026.0,2985.819421707822,7393.166666666667,7518.0,3955.08739241109,1070.0,0,1,1,0,0,0,0,0,1,0
12,0,2014-12-15,0.7818314824680298,0.6234898018587336,-2.4492935982947064e-16,1.0,-0.27195815753410524,0.9623090774541487,0.0,7696.0,13479.0,7380.0,7026.0,4392.060488350923,7642.0,7943.5,4180.058067572246,1070.0,1,1,1,0,0,0,0,0,1,14805
12,0,2014-12-16,0.9749279121818236,-0.22252093395631434,-2.4492935982947064e-16,1.0,-0.2553532951161881,0.9668478136052773,14805.0,8191.0,11623.0,8019.428571428572,7026.0,4833.455246409926,8064.233333333334,8230.0,4018.130073617041,1070.0,1,1,1,0,0,0,0,0,1,12667
12,0,2014-12-17,0.43388373911755823,-0.900968867902419,-2.4492935982947064e-16,1.0,-0.23867276600594997,0.9711000518829505,12667.0,6561.0,10471.0,8819.42857142857,9062.0,5011.974622745774,8240.6,8665.5,4079.553124614467,1070.0,1,1,1,0,0,0,0,0,1,12161
12,0,2014-12-18,-0.433883739117558,-0.9009688679024191,-2.4492935982947064e-16,1.0,-0.22192151300416674,0.9750645322571945,12161.0,7026.0,11438.0,9545.142857142857,12106.0,5076.381172599614,8430.266666666666,9371.0,4123.8281757353125,1070.0,1,1,1,0,0,0,0,0,1,12106
12,0,2014-12-19,-0.9749279121818236,-0.2225209339563146,-2.4492935982947064e-16,1.0,-0.20510449986861926,0.9787400799669153,12106.0,6015.0,13388.0,10327.857142857143,12106.0,4859.106894226946,8611.566666666668,9771.0,4135.345064894471,1070.0,1,1,1,0,0,0,0,0,1,11494
12,0,2014-12-20,-0.7818314824680299,0.6234898018587334,-2.4492935982947064e-16,1.0,-0.1882267098432439,0.9821256058680006,11494.0,9062.0,8269.0,10216.857142857143,12106.0,4901.532802045073,8684.133333333333,9771.0,4108.914226354714,1070.0,0,1,1,0,0,0,0,0,1,8285
12,0,2014-12-21,-2.4492935982947064e-16,1.0,-2.4492935982947064e-16,1.0,-0.1712931441814778,0.9852201067560606,8285.0,0.0,0.0,10216.857142857143,12106.0,4901.532802045073,8459.466666666667,9771.0,4393.303569919929,1070.0,0,1,1,0,0,0,0,0,1,0
12,0,2014-12-22,0.7818314824680298,0.6234898018587336,-2.4492935982947064e-16,1.0,-0.154308820664281,0.9880226656636976,0.0,14805.0,7696.0,9498.285714285714,11494.0,4466.167473882045,8541.7,9818.5,4394.095781214001,1070.0,0,1,1,0,0,0,0,0,1,9775
12,0,2014-12-23,0.9749279121818236,-0.22252093395631434,-2.4492935982947064e-16,1.0,-0.13727877211326517,0.9905324521322227,9775.0,12667.0,8191.0,9277.57142857143,11122.0,4319.232295101485,8912.433333333332,9966.0,4108.478480707511,1070.0,0,1,1,0,0,0,0,0,1,11122
12,0,2014-12-24,0.43388373911755823,-0.900968867902419,-2.4492935982947064e-16,1.0,-0.12020804489935275,0.9927487224577402,11122.0,12161.0,6561.0,8252.285714285714,9775.0,4372.198635099042,8715.833333333334,9818.5,4151.8675322976105,1070.0,0,1,1,0,0,0,0,0,1,4984
12,0,2014-12-25,-0.433883739117558,-0.9009688679024191,-2.4492935982947064e-16,1.0,-0.10310169744743544,0.9946708199115211,4984.0,12106.0,7026.0,6522.857142857143,8285.0,4949.905198707394,8359.433333333332,9727.5,4426.222813184392,1070.0,0,1,1,0,0,0,0,0,1,0
12,0,2014-12-26,-0.9749279121818236,-0.2225209339563146,-2.4492935982947064e-16,1.0,-0.0859647987374467,0.9962981749346077,0.0,11494.0,6015.0,4880.857142857143,4984.0,4932.403485407206,8023.766666666666,9371.0,4667.296076725371,1070.0,0,1,1,0,0,0,0,0,1,0
12,0,2014-12-27,-0.7818314824680299,0.6234898018587334,-2.4492935982947064e-16,1.0,-0.06880242680232064,0.9976303053065857,0.0,8285.0,9062.0,4720.0,4984.0,4819.9627591922335,7939.733333333334,8673.5,4659.135600851984,1070.0,0,1,1,0,0,0,0,0,1,7159
12,0,2014-12-28,-2.4492935982947064e-16,1.0,-2.4492935982947064e-16,1.0,-0.05161966722325418,0.9986668162884759,7159.0,0.0,0.0,4720.0,4984.0,4819.9627591922335,7587.966666666666,8277.0,4849.5175763150355,1070.0,0,1,1,0,0,0,0,0,1,0
12,0,2014-12-29,0.7818314824680298,0.6234898018587336,-2.4492935982947064e-16,1.0,-0.034421611622745804,0.9994074007397048,0.0,9775.0,14805.0,4740.285714285715,4984.0,4845.017190003415,7589.8,8277.0,4850.417219167848,1070.0,0,1,1,0,0,0,0,0,1,9917
12,0,2014-12-30,0.9749279121818236,-0.22252093395631434,-2.4492935982947064e-16,1.0,-0.01721335615583528,0.9998518392091162,9917.0,11122.0,12667.0,4498.0,4984.0,4503.033681123576,7904.0,8673.5,4642.661194349334,1070.0,0,1,1,0,0,0,0,0,1,9426
12,0,2014-12-31,0.43388373911755823,-0.900968867902419,-2.4492935982947064e-16,1.0,6.432490598706546e-16,1.0,9426.0,4984.0,12161.0,4481.857142857143,4871.0,4501.20322538213,7617.066666666667,8277.0,4551.3292028421365,1070.0,0,1,1,0,0,0,0,0,1,4871
12,0,2015-01-01,-0.433883739117558,-0.9009688679024191,0.49999999999999994,0.8660254037844387,0.017213356155834685,0.9998518392091162,4871.0,0.0,12106.0,4481.857142857143,4871.0,4501.20322538213,7229.633333333333,8230.0,4691.122918900107,1070.0,0,1,1,0,0,0,0,0,1,0
12,0,2015-01-02,-0.9749279121818236,-0.2225209339563146,0.49999999999999994,0.8660254037844387,0.03442161162274574,0.9994074007397048,0.0,0.0,11494.0,5319.857142857143,5866.0,4051.2977932415456,7076.133333333333,7943.5,4656.617699081843,1070.0,0,1,1,0,0,0,0,0,1,5866
12,0,2015-01-03,-0.7818314824680299,0.6234898018587334,0.49999999999999994,0.8660254037844387,0.051619667223253764,0.998666816288476,5866.0,7159.0,8285.0,5164.0,5866.0,3989.262964508608,6897.133333333333,7427.5,4585.839469146472,1070.0,0,1,1,0,0,0,0,0,1,6068
12,0,2015-01-04,-2.4492935982947064e-16,1.0,0.49999999999999994,0.8660254037844387,0.06880242680231986,0.9976303053065857,6068.0,0.0,0.0,5164.0,5866.0,3989.262964508608,6450.866666666667,7092.5,4583.82563257865,1070.0,0,1,1,0,0,0,0,0,1,0
12,0,2015-01-05,0.7818314824680298,0.6234898018587336,0.49999999999999994,0.8660254037844387,0.08596479873744647,0.9962981749346078,0.0,9917.0,9775.0,5525.714285714285,5866.0,4565.261391358505,6590.2,7092.5,4702.977218448052,1070.0,1,1,1,0,0,0,0,0,1,12449
12,0,2015-01-06,0.9749279121818236,-0.22252093395631434,0.49999999999999994,0.8660254037844387,0.10310169744743485,0.9946708199115211,12449.0,9426.0,11122.0,5619.285714285715,5866.0,4664.168011349425,6926.233333333334,7427.5,4574.250431780453,1070.0,1,1,1,0,0,0,0,0,1,10081
12,0,2015-01-07,0.43388373911755823,-0.900968867902419,0.49999999999999994,0.8660254037844387,0.1202080448993527,0.9927487224577402,10081.0,4871.0,4984.0,6256.571428571428,6068.0,4846.100902001625,6980.766666666666,7675.0,4593.455612163844,1070.0,1,1,1,0,0,0,0,0,1,9332
12,0,2015-01-08,-0.433883739117558,-0.9009688679024191,0.49999999999999994,0.8660254037844387,0.13727877211326478,0.9905324521322229,9332.0,0.0,0.0,7325.857142857143,7485.0,3984.7398672339737,6957.233333333334,7322.0,4588.847693111496,1070.0,1,1,1,0,0,0,0,0,1,7485
12,0,2015-01-09,-0.9749279121818236,-0.2225209339563146,0.49999999999999994,0.8660254037844387,0.15430882066428117,0.9880226656636976,7485.0,5866.0,0.0,7437.0,7485.0,3947.914808266935,6960.0,7322.0,4588.625577409335,1070.0,1,1,1,0,0,0,0,0,1,6644
12,0,2015-01-10,-0.7818314824680299,0.6234898018587334,0.49999999999999994,0.8660254037844387,0.1712931441814776,0.9852201067560606,6644.0,6068.0,7159.0,7325.0,7485.0,4003.9486343691624,6901.933333333333,7322.0,4598.7724144101985,1070.0,0,1,1,0,0,0,0,0,1,5284
12,0,2015-01-11,-2.4492935982947064e-16,1.0,0.49999999999999994,0.8660254037844387,0.1882267098432442,0.9821256058680006,5284.0,0.0,0.0,7325.0,7485.0,4003.9486343691624,6701.433333333333,7322.0,4766.826998469036,1070.0,0,1,1,0,0,0,0,0,1,0
12,0,2015-01-12,0.7818314824680298,0.6234898018587336,0.49999999999999994,0.8660254037844387,0.2051044998686192,0.9787400799669153,0.0,12449.0,9917.0,7124.571428571428,7485.0,3730.480123574038,6767.566666666667,7322.0,4814.232940536541,1070.0,1,1,1,0,0,0,0,0,1,11046
12,0,2015-01-13,0.9749279121818236,-0.22252093395631434,0.49999999999999994,0.8660254037844387,0.22192151300416552,0.9750645322571948,11046.0,10081.0,9426.0,6859.428571428572,7485.0,3546.76518615404,7041.733333333334,7855.0,4646.82857317824,1070.0,1,1,1,0,0,0,0,0,1,8225
12,0,2015-01-14,0.43388373911755823,-0.900968867902419,0.49999999999999994,0.8660254037844387,0.2386727660059501,0.9711000518829505,8225.0,9332.0,4871.0,6881.285714285715,7485.0,3564.9668401583467,6864.4,7855.0,4437.128953695635,1070.0,1,1,1,0,0,0,0,0,1,9485
12,0,2015-01-15,-0.433883739117558,-0.9009688679024191,0.49999999999999994,0.8660254037844387,0.255353295116187,0.9668478136052775,9485.0,7485.0,0.0,6978.0,8162.0,3593.146578325653,6714.233333333334,7823.5,4308.341489709701,1070.0,1,1,1,0,0,0,0,0,1,8162
12,0,2015-01-16,-0.9749279121818236,-0.2225209339563146,0.49999999999999994,0.8660254037844387,0.2719581575341055,0.9623090774541486,8162.0,6644.0,5866.0,7435.285714285715,8225.0,3744.074772859367,6637.033333333334,7823.5,4227.365785168014,1070.0,1,1,1,0,0,0,0,0,1,9845
12,0,2015-01-17,-0.7818314824680299,0.6234898018587334,0.49999999999999994,0.8660254037844387,0.288482432880609,0.9574851883550393,9845.0,5284.0,6068.0,7649.0,8225.0,3642.119987040517,6459.5,7322.0,4099.677546192946,1070.0,0,1,1,0,0,0,0,0,1,6780
12,0,2015-01-18,-2.4492935982947064e-16,1.0,0.49999999999999994,0.8660254037844387,0.30492122465628907,0.9523775757303974,6780.0,0.0,0.0,7649.0,8225.0,3642.119987040517,6076.366666666667,6969.5,4149.734262230106,1070.0,0,1,1,0,0,0,0,0,1,0
12,0,2015-01-19,0.7818314824680298,0.6234898018587336,0.49999999999999994,0.8660254037844387,0.3212696616923644,0.9469877530760753,0.0,11046.0,12449.0,6958.285714285715,8162.0,3336.136973321378,6007.233333333334,6712.0,4128.894071543007,1070.0,0,1,1,0,0,0,0,0,1,6211
12,0,2015-01-20,0.9749279121818236,-0.22252093395631434,0.49999999999999994,0.8660254037844387,0.3375228995941133,0.9413173175128471,6211.0,8225.0,10081.0,6587.714285714285,6780.0,3315.9895312604035,6194.933333333333,6712.0,3971.3759531073783,1070.0,0,1,1,0,0,0,0,0,1,5631
12,0,2015-01-21,0.43388373911755823,-0.900968867902419,0.49999999999999994,0.8660254037844387,0.3536761221763716,0.9353679493131483,5631.0,9485.0,9332.0,6013.142857142857,6211.0,3069.595816421194,6051.2,6427.5,3914.9670928286278,1070.0,0,1,1,0,0,0,0,0,1,5463
12,0,2015-01-22,-0.433883739117558,-0.9009688679024191,0.49999999999999994,0.8660254037844387,0.3697245428906731,0.9291414114031743,5463.0,8162.0,7485.0,5663.857142857143,5717.0,2919.7779840581193,5871.033333333334,6139.5,3796.127468548873,1070.0,0,1,1,0,0,0,0,0,1,5717
12,0,2015-01-23,-0.9749279121818236,-0.2225209339563146,0.49999999999999994,0.8660254037844387,0.38566340624360707,0.9226395488404876,5717.0,9845.0,6644.0,5119.571428571428,5717.0,2299.7349019066605,5906.066666666667,6139.5,3792.506976633807,1070.0,0,1,1,0,0,0,0,0,1,6035
12,0,2015-01-24,-0.7818314824680299,0.6234898018587334,0.49999999999999994,0.8660254037844387,0.401487989205973,0.9158642882672872,6035.0,6780.0,5284.0,4954.857142857143,5631.0,2200.1223017953257,6093.633333333333,6139.5,3625.8220612076693,1070.0,0,1,1,0,0,0,0,0,1,5627
12,0,2015-01-25,-2.4492935982947064e-16,1.0,0.49999999999999994,0.8660254037844387,0.4171936026123168,0.9088176373395029,5627.0,0.0,0.0,4954.857142857143,5631.0,2200.1223017953257,6093.633333333333,6139.5,3625.8220612076693,1070.0,0,1,1,0,0,0,0,0,1,0
12,0,2015-01-26,0.7818314824680298,0.6234898018587336,0.49999999999999994,0.8660254037844387,0.4327755925504312,0.901501684131884,0.0,6211.0,11046.0,5417.142857142857,5631.0,2773.3471010418375,6169.9,6139.5,3672.7634371842196,1070.0,1,1,1,0,0,0,0,0,1,9447
12,0,2015-01-27,0.9749279121818236,-0.22252093395631434,0.49999999999999994,0.8660254037844387,0.4482293417404106,0.893918596519257,9447.0,5631.0,8225.0,6024.857142857143,5717.0,3252.6789178855583,6499.4,6427.5,3541.2044570875237,1070.0,1,1,1,0,0,0,0,0,1,9885
12,0,2015-01-28,0.43388373911755823,-0.900968867902419,0.49999999999999994,0.8660254037844387,0.4635502709028509,0.886070621534138,9885.0,5463.0,9485.0,6446.142857142857,6035.0,3357.080002451113,6449.233333333334,6427.5,3501.5577290521787,1070.0,1,1,1,0,0,0,0,0,1,8412
12,0,2015-01-29,-0.433883739117558,-0.9009688679024191,0.49999999999999994,0.8660254037844387,0.47873384011578846,0.8779600847008882,8412.0,5717.0,8162.0,6721.0,7641.0,3366.182952049204,6389.733333333334,6427.5,3464.1974234309655,1070.0,1,1,1,0,0,0,0,0,1,7641
12,0,2015-01-30,-0.9749279121818236,-0.2225209339563146,0.49999999999999994,0.8660254037844387,0.4937755501599772,0.869589389346611,7641.0,6035.0,9845.0,7166.857142857143,8412.0,3465.4060574277823,6532.566666666667,6712.0,3487.6772695852464,1070.0,1,1,1,0,0,0,0,0,1,9156
12,0,2015-01-31,-0.7818314824680299,0.6234898018587334,0.49999999999999994,0.8660254037844387,0.5086709438521044,0.8609610158889943,9156.0,5627.0,6780.0,7377.857142857143,8412.0,3400.376911881559,6769.366666666667,6942.0,3262.7615285144584,1070.0,0,1,1,0,0,0,0,0,1,7104
12,0,2015-02-01,-2.4492935982947064e-16,1.0,0.8660254037844386,0.5000000000000001,0.5234156073655503,0.8520775211013093,7104.0,0.0,0.0,7377.857142857143,8412.0,3400.3769118815594,6573.833333333333,6942.0,3486.842392167458,1070.0,0,1,1,0,0,0,0,0,1,0
12,0,2015-02-02,0.7818314824680298,0.6234898018587336,0.8660254037844386,0.5000000000000001,0.5380051715382996,0.8429415373547828,0.0,9447.0,6211.0,7562.142857142857,8412.0,3562.305874410165,6729.466666666666,7294.5,3566.7693460351593,1070.0,1,1,1,0,0,0,0,0,1,10737
12,0,2015-02-03,0.9749279121818236,-0.22252093395631434,0.8660254037844386,0.5000000000000001,0.5524353131676196,0.8335557718385699,10737.0,9885.0,5631.0,7385.142857142857,8412.0,3456.8751992018992,7017.666666666667,7563.0,3346.7898395156267,1070.0,1,1,1,0,0,0,0,0,1,8646
12,0,2015-02-04,0.43388373911755823,-0.900968867902419,0.8660254037844386,0.5000000000000001,0.5667017562911176,0.8239230057575542,8646.0,8412.0,5463.0,7436.571428571428,8646.0,3477.3155286390556,6895.1,7563.0,3205.365602365441,1070.0,1,1,1,0,0,0,0,0,1,8772
12,0,2015-02-05,-0.433883739117558,-0.9009688679024191,0.8660254037844386,0.5000000000000001,0.5808002734538009,0.8140460935082178,8772.0,7641.0,5717.0,7456.142857142857,8646.0,3479.042992384137,6818.333333333333,7563.0,3153.5937390958193,1070.0,1,1,1,0,0,0,0,0,1,7778
12,0,2015-02-06,-0.9749279121818236,-0.2225209339563146,0.8660254037844386,0.5000000000000001,0.5947266869607634,0.8039279618328213,7778.0,9156.0,6035.0,7206.571428571428,7778.0,3398.5081951322377,6754.233333333334,7447.0,3120.1047361214983,1070.0,1,1,1,0,0,0,0,0,1,7409
12,0,2015-02-07,-0.7818314824680299,0.6234898018587334,0.8660254037844386,0.5000000000000001,0.6084768701151261,0.7935716089521474,7409.0,7104.0,5627.0,7083.714285714285,7778.0,3418.3210651958852,6712.866666666667,7256.5,3118.308203268994,1070.0,0,1,1,0,0,0,0,0,1,6244
12,0,2015-02-08,-2.4492935982947064e-16,1.0,0.8660254037844386,0.5000000000000001,0.6220467484408675,0.7829801036770629,6244.0,0.0,0.0,7083.714285714285,7778.0,3418.321065195885,6491.4,7256.5,3350.6455744404298,1070.0,0,1,1,0,0,0,0,0,1,0
12,0,2015-02-09,0.7818314824680298,0.6234898018587336,0.8660254037844386,0.5000000000000001,0.6354323008901774,0.7721565844991642,0.0,10737.0,9447.0,6373.142857142857,7409.0,3026.9049334576894,6507.366666666667,7256.5,3345.831430955214,1070.0,0,1,1,0,0,0,0,0,1,5763
12,0,2015-02-10,0.9749279121818236,-0.22252093395631434,0.8660254037844386,0.5000000000000001,0.6486295610349814,0.7611042586607747,5763.0,8646.0,9885.0,5903.857142857143,6244.0,2866.1783748033718,6686.066666666667,7256.5,3121.9654279529304,1070.0,0,1,1,0,0,0,0,0,1,5361
12,0,2015-02-11,0.43388373911755823,-0.900968867902419,0.8660254037844386,0.5000000000000001,0.6616346182422783,0.7498264012045686,5361.0,8772.0,8412.0,5463.428571428572,5763.0,2573.9706588034314,6507.5,6942.0,3015.3739260319107,1070.0,0,1,1,0,0,0,0,0,1,5689
12,0,2015-02-12,-0.433883739117558,-0.9009688679024191,0.8660254037844386,0.5000000000000001,0.6744436188329455,0.7383263540031065,5689.0,7778.0,7641.0,5234.571428571428,5763.0,2399.1608850556418,6439.2,6512.0,2998.2871938077783,1070.0,0,1,1,0,0,0,0,0,1,6176
12,0,2015-02-13,-0.9749279121818236,-0.2225209339563146,0.8660254037844386,0.5000000000000001,0.6870527672236669,0.7266075247685656,6176.0,7409.0,9156.0,5032.714285714285,5763.0,2239.8752728880368,6322.9,6227.5,2943.2319480462293,1070.0,0,1,1,0,0,0,0,0,1,5996
12,0,2015-02-14,-0.7818314824680299,0.6234898018587334,0.8660254037844386,0.5000000000000001,0.6994583270516471,0.7146733860429609,5996.0,6244.0,7104.0,5080.714285714285,5763.0,2273.5068150536204,6270.166666666667,6227.5,2923.2492677856258,1070.0,0,1,1,0,0,0,0,0,1,6580
12,0,2015-02-15,-2.4492935982947064e-16,1.0,0.8660254037844386,0.5000000000000001,0.7116566222817746,0.702527474169157,6580.0,0.0,0.0,5080.714285714285,5763.0,2273.5068150536204,5942.0,6193.5,3057.613211595631,1070.0,0,1,1,0,0,0,0,0,1,0
12,0,2015-02-16,0.7818314824680298,0.6234898018587336,0.8660254037844386,0.5000000000000001,0.7236440382959124,0.6901733882429719,0.0,5763.0,10737.0,5819.714285714285,5996.0,3188.7565347789186,6080.533333333334,6193.5,3188.2489273876517,1070.0,1,1,1,0,0,0,0,0,1,10936
12,0,2015-02-17,0.9749279121818236,-0.22252093395631434,0.8660254037844386,0.5000000000000001,0.7354170229639855,0.6776147890466889,10936.0,5361.0,8646.0,6378.571428571428,6176.0,3428.7394115594398,6389.633333333333,6227.5,3023.674853475524,1070.0,1,1,1,0,0,0,0,0,1,9273
12,0,2015-02-18,0.43388373911755823,-0.900968867902419,0.8660254037844386,0.5000000000000001,0.7469720876965552,0.6648553979642865,9273.0,5689.0,8772.0,6689.142857142857,6580.0,3454.233172431159,6444.7,6412.0,3035.329944571725,1070.0,1,1,1,0,0,0,0,0,1,7863
12,0,2015-02-19,-0.433883739117558,-0.9009688679024191,0.8660254037844386,0.5000000000000001,0.7583058084785625,0.6518989958787126,7863.0,6176.0,7778.0,6936.0,7863.0,3473.1434848947265,6520.466666666666,6842.0,3042.6782636506196,1070.0,1,1,1,0,0,0,0,0,1,7904
12,0,2015-02-20,-0.9749279121818236,-0.2225209339563146,0.8660254037844386,0.5000000000000001,0.7694148268839378,0.6387494220515272,7904.0,5996.0,7409.0,7078.857142857143,7863.0,3448.5140968525116,6571.566666666667,7050.0,3037.174272966207,1070.0,1,1,1,0,0,0,0,0,1,6996
12,0,2015-02-21,-0.7818314824680299,0.6234898018587334,0.8660254037844386,0.5000000000000001,0.7802958510707755,0.6254105729852463,6996.0,6580.0,6244.0,7045.0,7863.0,3455.3846867365364,6592.433333333333,7050.0,3033.248488329635,1070.0,0,1,1,0,0,0,0,0,1,6343
12,0,2015-02-22,-2.4492935982947064e-16,1.0,0.8660254037844386,0.5000000000000001,0.7909456567567772,0.6118864012687243,6343.0,0.0,0.0,7045.0,7863.0,3455.384686736537,6391.266666666666,7050.0,3262.9196776795634,1070.0,0,1,1,0,0,0,0,0,1,0
12,0,2015-02-23,0.7818314824680298,0.6234898018587336,0.8660254037844386,0.5000000000000001,0.8013610881746766,0.5981809144059164,0.0,10936.0,5763.0,6324.428571428572,6996.0,3005.35815154328,6400.1,7050.0,3261.13753529929,1070.0,0,1,1,0,0,0,0,0,1,5892
12,0,2015-02-24,0.9749279121818236,-0.22252093395631434,0.8660254037844386,0.5000000000000001,0.8115390590073611,0.5842981736283683,5892.0,9273.0,5361.0,5714.285714285715,6343.0,2727.6940636299237,6566.833333333333,7050.0,3043.222691584483,1070.0,0,1,1,0,0,0,0,0,1,5002
12,0,2015-02-25,0.43388373911755823,-0.900968867902419,0.8660254037844386,0.5000000000000001,0.8214765533024142,0.5702422926917871,5002.0,7863.0,5689.0,5431.428571428572,5892.0,2565.583874880656,6448.033333333334,6788.0,2996.1112207537344,1070.0,0,1,1,0,0,0,0,0,1,5883
12,0,2015-02-26,-0.433883739117558,-0.9009688679024191,0.8660254037844386,0.5000000000000001,0.8311706263658079,0.5560174366570446,5883.0,7904.0,6176.0,5149.142857142857,5892.0,2347.6406900383695,6316.133333333333,6461.5,2925.8630171971995,1070.0,0,1,1,0,0,0,0,0,1,5928
12,0,2015-02-27,-0.9749279121818236,-0.2225209339563146,0.8660254037844386,0.5000000000000001,0.8406184056344782,0.5416278206559814,5928.0,6996.0,5996.0,4945.428571428572,5883.0,2219.0179402266313,6221.4,6293.5,2901.571412539931,1070.0,0,1,1,0,0,0,0,0,1,5570
12,0,2015-02-28,-0.7818314824680299,0.6234898018587334,0.8660254037844386,0.5000000000000001,0.8498170915275278,0.5270777086423722,5570.0,6343.0,6580.0,5000.857142857143,5883.0,2264.133272621225,6191.066666666667,6293.5,2890.95621853242,1070.0,0,1,1,0,0,0,0,0,1,6731
12,0,2015-03-01,-2.4492935982947064e-16,1.0,1.0,6.123233995736766e-17,0.8587639582758029,0.5123714121284237,6731.0,0.0,0.0,5000.857142857143,5883.0,2264.133272621225,5885.866666666667,6210.0,3046.282491183634,1070.0,0,1,1,0,0,0,0,0,1,0
12,0,2015-03-02,0.7818314824680298,0.6234898018587336,1.0,6.123233995736766e-17,0.8674563547295968,0.49751328890718066,0.0,5892.0,10936.0,5693.857142857143,5883.0,3151.0348262420866,6007.166666666667,6210.0,3166.5370956552724,1070.0,1,1,1,0,0,0,0,0,1,10743
12,0,2015-03-03,0.9749279121818236,-0.22252093395631434,1.0,6.123233995736766e-17,0.8758917051442429,0.48250774176121847,10743.0,5002.0,9273.0,6295.0,5928.0,3389.4224680123143,6314.166666666667,6293.5,3006.466468536907,1070.0,1,1,1,0,0,0,0,0,1,9210
12,0,2015-03-04,0.43388373911755823,-0.900968867902419,1.0,6.123233995736766e-17,0.8840675099433636,0.46735921715800227,9210.0,5883.0,7863.0,6668.714285714285,6731.0,3479.4478352312253,6239.566666666667,6293.5,2919.444121431496,1070.0,1,1,1,0,0,0,0,0,1,8499
12,0,2015-03-05,-0.433883739117558,-0.9009688679024191,1.0,6.123233995736766e-17,0.8919813464595485,0.45207220393230435,8499.0,5928.0,7904.0,7075.0,8499.0,3543.9859856758308,6243.766666666666,6293.5,2923.1137942309037,1070.0,1,1,1,0,0,0,0,0,1,8772
12,0,2015-03-06,-0.9749279121818236,-0.2225209339563146,1.0,6.123233995736766e-17,0.8996308696522433,0.43665123195606403,8772.0,5570.0,6996.0,7449.428571428572,8499.0,3496.619169862174,6224.4,6293.5,2907.6696155346553,1070.0,1,1,1,0,0,0,0,0,1,8191
12,0,2015-03-07,-0.7818314824680299,0.6234898018587334,1.0,6.123233995736766e-17,0.9070138128026359,0.4211008707960896,8191.0,6731.0,6343.0,7410.142857142857,8499.0,3507.56398984497,6180.333333333333,6293.5,2893.294534672856,1070.0,0,1,1,0,0,0,0,0,1,6456
12,0,2015-03-08,-2.4492935982947064e-16,1.0,1.0,6.123233995736766e-17,0.9141279881853337,0.40542572835999735,6456.0,0.0,0.0,7410.142857142857,8499.0,3507.56398984497,5933.366666666667,6210.0,3094.0463795571304,1070.0,0,1,1,0,0,0,0,0,1,0
12,0,2015-03-09,0.7818314824680298,0.6234898018587336,1.0,6.123233995736766e-17,0.9209712877166346,0.38963044953078796,0.0,10743.0,5892.0,6929.142857142857,8191.0,3190.917654247834,5971.1,6259.5,3104.849103446482,1070.0,0,1,1,0,0,0,0,0,1,7376
12,0,2015-03-10,0.9749279121818236,-0.22252093395631434,1.0,6.123233995736766e-17,0.9275416835791966,0.37371971479046906,7376.0,9210.0,5002.0,6558.428571428572,7376.0,3028.36880499183,6191.6,6399.5,2893.8967595911945,1070.0,0,1,1,0,0,0,0,0,1,6615
12,0,2015-03-11,0.43388373911755823,-0.900968867902419,1.0,6.123233995736766e-17,0.9338372288229252,0.35769823883312546,6615.0,8499.0,5883.0,6324.0,6858.0,2914.484917328165,6228.1,6518.0,2895.2097101103477,1070.0,0,1,1,0,0,0,0,0,1,6858
12,0,2015-03-12,-0.433883739117558,-0.9009688679024191,1.0,6.123233995736766e-17,0.9398560579418954,0.3415707691678556,6858.0,8772.0,5928.0,6026.285714285715,6688.0,2722.88723687962,6272.333333333333,6597.5,2891.6400707644398,1070.0,0,1,1,0,0,0,0,0,1,6688
12,0,2015-03-13,-0.9749279121818236,-0.2225209339563146,1.0,6.123233995736766e-17,0.9455963874271426,0.3253420847119801,6688.0,8191.0,5570.0,5790.428571428572,6615.0,2571.419961625803,6300.7,6597.5,2889.8938907856113,1070.0,0,1,1,0,0,0,0,0,1,6540
12,0,2015-03-14,-0.7818314824680299,0.6234898018587334,1.0,6.123233995736766e-17,0.9510565162951535,0.30901699437494745,6540.0,6456.0,6731.0,5865.285714285715,6688.0,2601.4762933307566,6327.5,6651.5,2892.4245020397675,1070.0,0,1,1,0,0,0,0,0,1,6980
12,0,2015-03-15,-2.4492935982947064e-16,1.0,1.0,6.123233995736766e-17,0.9562348265919056,0.29260033563334836,6980.0,0.0,0.0,5865.285714285715,6688.0,2601.4762933307566,6127.633333333333,6651.5,3114.7393147502053,1070.0,0,1,1,0,0,0,0,0,1,0
12,0,2015-03-16,0.7818314824680298,0.6234898018587336,1.0,6.123233995736766e-17,0.9611297838723007,0.27609697309746883,0.0,7376.0,10743.0,6501.285714285715,6688.0,3441.0828099250866,6302.566666666667,6709.5,3283.805211612907,1070.0,1,1,1,0,0,0,0,0,1,11828
12,0,2015-03-17,0.9749279121818236,-0.22252093395631434,1.0,6.123233995736766e-17,0.9657399376548549,0.2595117970697999,11828.0,6615.0,9210.0,7018.285714285715,6858.0,3721.4582139391628,6643.7,6794.5,3134.68134166666,1070.0,1,1,1,0,0,0,0,0,1,10234
12,0,2015-03-18,0.43388373911755823,-0.900968867902419,1.0,6.123233995736766e-17,0.970063921851507,0.2428497220959356,10234.0,6858.0,8499.0,7318.285714285715,6980.0,3790.389325398548,6577.766666666666,6794.5,3061.2275843178495,1070.0,1,1,1,0,0,0,0,0,1,8958
12,0,2015-03-19,-0.433883739117558,-0.9009688679024191,1.0,6.123233995736766e-17,0.9741004551724205,0.22611568550828828,8958.0,6688.0,8772.0,7590.571428571428,8594.0,3805.993468953186,6555.133333333333,6794.5,3043.0693526532486,1070.0,1,1,1,0,0,0,0,0,1,8594
12,0,2015-03-20,-0.9749279121818236,-0.2225209339563146,1.0,6.123233995736766e-17,0.9778483415056568,0.20931464596304847,8594.0,6540.0,8191.0,7862.0,8594.0,3786.282961780153,6574.366666666667,6794.5,3053.426401921948,1070.0,1,1,1,0,0,0,0,0,1,8440
12,0,2015-03-21,-0.7818314824680299,0.6234898018587334,1.0,6.123233995736766e-17,0.9813064702716093,0.19245158197082998,8440.0,6980.0,6456.0,7760.0,8594.0,3823.4385919832275,6519.766666666666,6709.5,3043.459359793167,1070.0,0,1,1,0,0,0,0,0,1,6266
12,0,2015-03-22,-2.4492935982947064e-16,1.0,1.0,6.123233995736766e-17,0.9844738167520922,0.1755314904214282,6266.0,0.0,0.0,7760.0,8594.0,3823.4385919832275,6286.566666666667,6651.5,3265.6297558509063,1070.0,0,1,1,0,0,0,0,0,1,0
12,0,2015-03-23,0.7818314824680298,0.6234898018587336,1.0,6.123233995736766e-17,0.9873494423939864,0.15855938510313478,0.0,11828.0,7376.0,6944.285714285715,8440.0,3396.1229715802783,6279.066666666667,6651.5,3265.7540496252436,1070.0,0,1,1,0,0,0,0,0,1,6118
12,0,2015-03-24,0.9749279121818236,-0.22252093395631434,1.0,6.123233995736766e-17,0.989932495087353,0.141540295217043,6118.0,10234.0,6615.0,6312.0,6266.0,3078.7534273901656,6472.666666666667,6651.5,3045.40429718836,1070.0,0,1,1,0,0,0,0,0,1,5808
12,0,2015-03-25,0.43388373911755823,-0.900968867902419,1.0,6.123233995736766e-17,0.9922222094179323,0.12447926388678915,5808.0,8958.0,6858.0,6030.142857142857,6266.0,2880.0418069055586,6509.1,6709.5,3044.755936654545,1070.0,0,1,1,0,0,0,0,0,1,6985
12,0,2015-03-26,-0.433883739117558,-0.9009688679024191,1.0,6.123233995736766e-17,0.994217906893952,0.10738134666416309,6985.0,8594.0,6688.0,5707.285714285715,6266.0,2663.2421791421693,6553.5,6709.5,3031.7048322116,1070.0,0,1,1,0,0,0,0,0,1,6334
12,0,2015-03-27,-0.9749279121818236,-0.2225209339563146,1.0,6.123233995736766e-17,0.995918996147179,0.09025161003104117,6334.0,8440.0,6540.0,5481.285714285715,6266.0,2451.3954335089634,6586.0,6794.5,3029.4944041584854,1070.0,0,1,1,0,0,0,0,0,1,6858
12,0,2015-03-28,-0.7818314824680299,0.6234898018587334,1.0,6.123233995736766e-17,0.9973249731081555,0.07309512989807777,6858.0,6266.0,6980.0,5710.714285714285,6334.0,2607.275507388622,6650.8,6858.0,3035.719052468003,1070.0,0,1,1,0,0,0,0,0,1,7872
12,0,2015-03-29,-2.4492935982947064e-16,1.0,1.0,6.123233995736766e-17,0.9984354211555643,0.055916990100603484,7872.0,0.0,0.0,5710.714285714285,6334.0,2607.275507388622,6465.133333333333,6858.0,3265.7204066962986,1070.0,0,1,1,0,0,0,0,0,1,0
12,0,2015-03-30,0.7818314824680298,0.6234898018587336,1.0,6.123233995736766e-17,0.9992500112396835,0.03872228089217446,0.0,6118.0,11828.0,6816.714285714285,6858.0,4051.1240709333083,6702.766666666666,6919.0,3534.0815680859782,1070.0,1,1,1,0,0,0,0,0,1,13860
12,0,2015-03-31,0.9749279121818236,-0.22252093395631434,1.0,6.123233995736766e-17,0.9997685019798909,0.021516097436222254,13860.0,5808.0,10234.0,7826.285714285715,6985.0,4601.0925772866085,7131.933333333333,6982.5,3473.2778211638183,1070.0,1,1,1,0,0,0,0,0,1,12875
12,0,2015-04-01,0.43388373911755823,-0.900968867902419,0.8660254037844387,-0.49999999999999983,0.9999907397361901,0.004303538296244289,12875.0,6985.0,8958.0,8523.285714285714,7872.0,4816.897850770963,7169.3,6982.5,3519.1930418090474,1070.0,1,1,1,0,0,0,0,0,1,11864
12,0,2015-04-02,-0.433883739117558,-0.9009688679024191,0.8660254037844387,-0.49999999999999983,0.9999166586547379,-0.01291029607500882,11864.0,6334.0,8594.0,9499.857142857143,11864.0,4988.957286800902,7301.3,6982.5,3669.436179089884,1070.0,1,1,1,0,0,0,0,0,1,13170
12,0,2015-04-03,-0.9749279121818236,-0.2225209339563146,0.8660254037844387,-0.49999999999999983,0.9995462806873573,-0.030120304846908114,13170.0,6858.0,8440.0,8520.142857142857,11864.0,6135.785264293709,7018.0,6919.0,3894.9340395459553,1070.0,1,1,1,0,0,0,0,0,1,0
12,0,2015-04-04,-0.7818314824680299,0.6234898018587334,0.8660254037844387,-0.49999999999999983,0.9988797155850336,-0.04732138832243185,0.0,7872.0,6266.0,8772.57142857143,11864.0,6141.021572375476,7046.9,6919.0,3911.578271728951,1070.0,0,1,1,0,0,0,0,0,1,9639
12,0,2015-04-05,-2.4492935982947064e-16,1.0,0.8660254037844387,-0.49999999999999983,0.9979171608653922,-0.06450844944931623,9639.0,0.0,0.0,8772.57142857143,11864.0,6141.021572375476,6773.866666666667,6858.0,4109.8129476130425,1070.0,0,1,1,0,0,0,0,0,1,0
12,0,2015-04-06,0.7818314824680298,0.6234898018587336,0.8660254037844387,-0.49999999999999983,0.9966589017541702,-0.08167639533042241,0.0,13860.0,6118.0,6792.571428571428,9639.0,6453.760605444005,6558.666666666667,6858.0,4292.0182964977275,1070.0,0,1,1,0,0,0,0,0,1,0
12,0,2015-04-07,0.9749279121818236,-0.22252093395631434,0.8660254037844387,-0.49999999999999983,0.9951053111006976,-0.09882013873287143,0.0,12875.0,5808.0,6043.428571428572,7631.0,5911.636486826721,6813.033333333334,6919.0,4112.277366226845,1070.0,0,1,1,0,0,0,0,0,1,7631
12,0,2015-04-08,0.43388373911755823,-0.900968867902419,0.8660254037844387,-0.49999999999999983,0.9932568492674143,-0.11593459959550041,7631.0,11864.0,6985.0,5294.0,6618.0,5357.304266139829,6787.766666666666,6858.0,4111.027572553951,1070.0,0,1,1,0,0,0,0,0,1,6618
12,0,2015-04-09,-0.433883739117558,-0.9009688679024191,0.8660254037844387,-0.49999999999999983,0.9911140639934547,-0.1330147065341959,6618.0,13170.0,6334.0,4362.142857142857,6618.0,4201.6858294646245,6788.833333333333,6858.0,4110.985351162328,1070.0,0,1,1,0,0,0,0,0,1,6647
12,0,2015-04-10,-0.9749279121818236,-0.2225209339563146,0.8660254037844387,-0.49999999999999983,0.9886775902323405,-0.1500553983446526,6647.0,0.0,6858.0,5181.714285714285,6618.0,3743.5509753123333,6751.466666666666,6773.0,4115.427230793178,1070.0,0,1,1,0,0,0,0,0,1,5737
12,0,2015-04-11,-0.7818314824680299,0.6234898018587334,0.8660254037844387,-0.49999999999999983,0.9859481499638304,-0.16705162550211924,5737.0,9639.0,7872.0,4695.428571428572,6235.0,3257.59987604079,6736.366666666667,6752.5,4116.499043867362,1070.0,0,1,1,0,0,0,0,0,1,6235
12,0,2015-04-12,-2.4492935982947064e-16,1.0,0.8660254037844387,-0.49999999999999983,0.9829265519799822,-0.18399835165768005,6235.0,0.0,0.0,4695.428571428572,6235.0,3257.59987604079,6518.366666666667,6752.5,4296.493048532948,1070.0,0,1,1,0,0,0,0,0,1,0
12,0,2015-04-13,0.7818314824680298,0.6234898018587336,0.8660254037844387,-0.49999999999999983,0.9796136916454901,-0.20089055513063506,0.0,0.0,13860.0,6320.714285714285,6618.0,3360.9823323092987,6664.933333333333,6752.5,4386.831712997538,1070.0,1,1,1,0,0,0,0,0,1,11377
12,0,2015-04-14,0.9749279121818236,-0.22252093395631434,0.8660254037844387,-0.49999999999999983,0.9760105506323683,-0.21772323039653177,11377.0,7631.0,12875.0,6627.0,6618.0,3590.1666163749765,6990.766666666666,6921.5,4235.118527701219,1070.0,1,1,1,0,0,0,0,0,1,9775
12,0,2015-04-15,0.43388373911755823,-0.900968867902419,0.8660254037844387,-0.49999999999999983,0.9721181966290613,-0.23449138957040985,9775.0,6618.0,11864.0,6933.571428571428,6647.0,3679.777251281337,6888.633333333333,6921.5,4150.54310100899,1070.0,1,1,1,0,0,0,0,0,1,8764
12,0,2015-04-16,-0.433883739117558,-0.9009688679024191,0.8660254037844387,-0.49999999999999983,0.9679377830240642,-0.25119006388481935,8764.0,6647.0,13170.0,7212.857142857143,8602.0,3728.2724072762117,6834.233333333334,6921.5,4115.73347620159,1070.0,1,1,1,0,0,0,0,0,1,8602
12,0,2015-04-17,-0.9749279121818236,-0.2225209339563146,0.8660254037844387,-0.49999999999999983,0.9634705485641488,-0.2678143051621742,8602.0,5737.0,0.0,7618.428571428572,8602.0,3695.2374239076485,6821.5,6921.5,4109.52258952218,1070.0,1,1,1,0,0,0,0,0,1,8576
12,0,2015-04-18,-0.7818314824680299,0.6234898018587334,0.8660254037844387,-0.49999999999999983,0.9587178169872964,-0.2843591872810034,8576.0,6235.0,9639.0,7713.571428571428,8602.0,3662.106445619465,6765.066666666667,6879.5,4095.9446885857733,1070.0,0,1,1,0,0,0,0,0,1,6901
12,0,2015-04-19,-2.4492935982947064e-16,1.0,0.8660254037844387,-0.49999999999999983,0.9536809966304457,-0.30081980763566735,6901.0,0.0,0.0,7713.571428571428,8602.0,3662.1064456194645,6483.733333333334,6752.5,4263.365983896253,1070.0,0,1,1,0,0,0,0,0,1,0
12,0,2015-04-20,0.7818314824680298,0.6234898018587336,0.8660254037844387,-0.49999999999999983,0.9483615800121715,-0.3171912885891061,0.0,11377.0,0.0,7004.857142857143,8576.0,3296.796244263586,6488.733333333334,6752.5,4263.189779830422,1070.0,0,1,1,0,0,0,0,0,1,6416
12,0,2015-04-21,0.9749279121818236,-0.22252093395631434,0.8660254037844387,-0.49999999999999983,0.9427611433904207,-0.3334687789181868,6416.0,9775.0,7631.0,6485.428571428572,6901.0,3065.957373977601,6693.366666666667,6752.5,4084.5851305249757,1070.0,0,1,1,0,0,0,0,0,1,6139
12,0,2015-04-22,0.43388373911755823,-0.900968867902419,0.8660254037844387,-0.49999999999999983,0.9368813462954315,-0.3496474552512284,6139.0,8764.0,6618.0,6091.142857142857,6416.0,2896.901357690745,6689.566666666667,6752.5,4085.191851176579,1070.0,0,1,1,0,0,0,0,0,1,6004
12,0,2015-04-23,-0.433883739117558,-0.9009688679024191,0.8660254037844387,-0.49999999999999983,0.9307239310379795,-0.36572252349726897,6004.0,8602.0,6647.0,5620.0,6139.0,2680.5965132161673,6672.766666666666,6752.5,4089.9757581553995,1070.0,0,1,1,0,0,0,0,0,1,5304
12,0,2015-04-24,-0.9749279121818236,-0.2225209339563146,0.8660254037844387,-0.49999999999999983,0.9242907221930934,-0.3816892202666588,5304.0,8576.0,5737.0,5193.285714285715,6004.0,2348.830043112651,6626.233333333334,6632.5,4094.2400640776837,1070.0,0,1,1,0,0,0,0,0,1,5589
12,0,2015-04-25,-0.7818314824680299,0.6234898018587334,0.8660254037844387,-0.49999999999999983,0.9175836260593937,-0.39754281428255595,5589.0,6901.0,6235.0,4992.714285714285,5589.0,2235.9325954573355,6598.333333333333,6632.5,4099.149048222108,1070.0,0,1,1,0,0,0,0,0,1,5497
12,0,2015-04-26,-2.4492935982947064e-16,1.0,0.8660254037844387,-0.49999999999999983,0.9106046300942163,-0.4132786077829042,5497.0,0.0,0.0,4992.714285714285,5589.0,2235.9325954573355,6369.733333333334,6517.0,4271.761737296437,1070.0,0,1,1,0,0,0,0,0,1,0
12,0,2015-04-27,0.7818314824680298,0.6234898018587336,0.8660254037844387,-0.49999999999999983,0.9033558023246845,-0.4288919379124835,0.0,6416.0,11377.0,5717.714285714285,5589.0,3329.6388049499574,6490.366666666667,6517.0,4365.714765378479,1070.0,1,1,1,0,0,0,0,0,1,11491
12,0,2015-04-28,0.9749279121818236,-0.22252093395631434,0.8660254037844387,-0.49999999999999983,0.895839290734909,-0.4443781781046132,11491.0,6139.0,9775.0,6288.142857142857,5589.0,3731.6145490735175,6828.1,6632.5,4236.2931775559255,1070.0,1,1,1,0,0,0,0,0,1,10132
12,0,2015-04-29,0.43388373911755823,-0.900968867902419,0.8660254037844387,-0.49999999999999983,0.8880573226294932,-0.45973273945210397,10132.0,6004.0,8764.0,6813.285714285715,5589.0,3937.91855825239,6688.766666666666,6632.5,4062.199673213696,1070.0,1,1,1,0,0,0,0,0,1,9680
12,0,2015-04-30,-0.433883739117558,-0.9009688679024191,0.8660254037844387,-0.49999999999999983,0.8800122039735357,-0.47495107206704995,9680.0,5304.0,8602.0,7688.285714285715,9680.0,4217.240713795603,6640.566666666667,6632.5,3994.276730379426,1070.0,1,1,1,0,0,0,0,0,1,11429
12,0,2015-05-01,-0.9749279121818236,-0.2225209339563146,0.49999999999999994,-0.8660254037844387,0.8717063187093218,-0.49002866642905923,11429.0,5589.0,8576.0,6889.857142857143,9680.0,5114.538670254026,6245.1,6517.0,4046.2592545674097,1070.0,1,1,1,0,0,0,0,0,1,0
12,0,2015-05-02,-0.7818314824680299,0.6234898018587334,0.49999999999999994,-0.8660254037844387,0.8631421280499114,-0.5049610547215204,0.0,5497.0,6901.0,7211.428571428572,9680.0,5083.036095915605,6064.366666666667,6517.0,3842.2278781738196,1070.0,0,1,1,0,0,0,0,0,1,7748
12,0,2015-05-03,-2.4492935982947064e-16,1.0,0.49999999999999994,-0.8660254037844387,0.854322169749827,-0.5197438121555155,7748.0,0.0,0.0,7211.428571428572,9680.0,5083.036095915605,6064.366666666667,6517.0,3842.2278781738196,1070.0,0,1,1,0,0,0,0,0,1,0
12,0,2015-05-04,0.7818314824680298,0.6234898018587336,0.49999999999999994,-0.8660254037844387,0.8452490573530633,-0.5343725582809787,0.0,11491.0,6416.0,7197.142857142857,9680.0,5069.125382436022,6122.766666666666,6517.0,3911.1310621171306,1070.0,1,1,1,0,0,0,0,0,1,11391
12,0,2015-05-05,0.9749279121818236,-0.22252093395631434,0.49999999999999994,-0.8660254037844387,0.835925479418637,-0.548842958284719,11391.0,10132.0,6139.0,6996.857142857143,8730.0,4960.370565074463,6413.766666666666,6632.5,3761.7879249040634,1070.0,1,1,1,0,0,0,0,0,1,8730
12,0,2015-05-06,0.43388373911755823,-0.900968867902419,0.49999999999999994,-0.8660254037844387,0.8263541987239096,-0.5631507242749186,8730.0,9680.0,6004.0,6947.428571428572,8730.0,4930.813585915374,6724.9,6774.0,3595.3401100447422,1070.0,1,1,1,0,0,0,0,0,1,9334
12,0,2015-05-07,-0.433883739117558,-0.9009688679024191,0.49999999999999994,-0.8660254037844387,0.8165380514459161,-0.5772916165517272,9334.0,11429.0,5304.0,6566.285714285715,8730.0,4619.978452846064,6762.566666666667,6774.0,3611.045160417507,1070.0,1,1,1,0,0,0,0,0,1,8761
12,0,2015-05-08,-0.9749279121818236,-0.2225209339563146,0.49999999999999994,-0.8660254037844387,0.8064799463209448,-0.5912614448635781,8761.0,0.0,5589.0,7837.142857142857,8761.0,3630.223153314015,6838.5,7324.5,3631.7917564294557,1070.0,1,1,1,0,0,0,0,0,1,8896
12,0,2015-05-09,-0.7818314824680299,0.6234898018587334,0.49999999999999994,-0.8660254037844387,0.7961828637826158,-0.6050560696488488,8896.0,7748.0,5497.0,7618.571428571428,8761.0,3682.1729027456454,6824.2,7324.5,3633.415998848692,1070.0,0,1,1,0,0,0,0,0,1,6218
12,0,2015-05-10,-2.4492935982947064e-16,1.0,0.49999999999999994,-0.8660254037844387,0.7856498550787145,-0.6186714032625031,6218.0,0.0,0.0,7618.571428571428,8761.0,3682.1729027456454,6632.966666666666,7324.5,3837.8345140809884,1070.0,0,1,1,0,0,0,0,0,1,0
12,0,2015-05-11,0.7818314824680298,0.6234898018587336,0.49999999999999994,-0.8660254037844387,0.7748840413670407,-0.6321034111873487,0.0,11391.0,11491.0,6987.714285714285,8730.0,3285.003435527668,6657.633333333333,7361.5,3837.566555490091,1070.0,0,1,1,0,0,0,0,0,1,6975
12,0,2015-05-12,0.9749279121818236,-0.22252093395631434,0.49999999999999994,-0.8660254037844387,0.7638886127905428,-0.6453481132295501,6975.0,8730.0,10132.0,6549.714285714285,6975.0,3217.6916526336986,6846.433333333333,7361.5,3632.584609293794,1070.0,0,1,1,0,0,0,0,0,1,5664
12,0,2015-05-13,0.43388373911755823,-0.900968867902419,0.49999999999999994,-0.8660254037844387,0.7526668275320084,-0.6584015846980488,5664.0,9334.0,9680.0,6273.428571428572,6975.0,3015.450207246169,6713.866666666667,7187.5,3532.7416405464132,1070.0,0,1,1,0,0,0,0,0,1,7400
12,0,2015-05-14,-0.433883739117558,-0.9009688679024191,0.49999999999999994,-0.8660254037844387,0.741222010848596,-0.6712599575675313,7400.0,8761.0,11429.0,5021.857142857143,6218.0,3576.788989609324,6388.033333333334,6938.0,3688.042602821974,1070.0,0,1,1,0,0,0,0,0,1,0
12,0,2015-05-15,-0.9749279121818236,-0.2225209339563146,0.49999999999999994,-0.8660254037844387,0.7295575540864875,-0.6839194216246106,0.0,8896.0,0.0,4858.142857142857,6218.0,3391.329160696509,6354.233333333334,6938.0,3670.1195666263147,1070.0,0,1,1,0,0,0,0,0,1,7750
12,0,2015-05-16,-0.7818314824680299,0.6234898018587334,0.49999999999999994,-0.8660254037844387,0.717676913675962,-0.6963762255968722,7750.0,6218.0,7748.0,4857.571428571428,6214.0,3391.062166791937,6274.633333333333,6658.5,3645.501133738948,1070.0,0,1,1,0,0,0,0,0,1,6214
12,0,2015-05-17,-2.4492935982947064e-16,1.0,0.49999999999999994,-0.8660254037844387,0.705583610107178,-0.7086266782644596,6214.0,0.0,0.0,4857.571428571428,6214.0,3391.062166791937,5988.766666666666,6317.0,3792.11441049698,1070.0,0,1,1,0,0,0,0,0,1,0
12,0,2015-05-18,0.7818314824680298,0.6234898018587336,0.49999999999999994,-0.8660254037844387,0.6932812268869777,-0.7206671495538609,0.0,6975.0,11391.0,5448.714285714285,6214.0,4106.834738753019,6129.166666666667,6317.0,3903.3939792789643,1070.0,1,1,1,0,0,0,0,0,1,11113
12,0,2015-05-19,0.9749279121818236,-0.22252093395631434,0.49999999999999994,-0.8660254037844387,0.6807734094770161,-0.7324940716135789,11113.0,5664.0,8730.0,5911.285714285715,7400.0,4312.338449700106,6425.9,6695.5,3757.009323733531,1070.0,1,1,1,0,0,0,0,0,1,8902
12,0,2015-05-20,0.43388373911755823,-0.900968867902419,0.49999999999999994,-0.8660254037844387,0.6680638642135335,-0.7441039398713607,8902.0,7400.0,9334.0,6182.857142857143,7750.0,4478.377921694842,6522.066666666667,7187.5,3793.4931307876814,1070.0,1,1,1,0,0,0,0,0,1,9301
12,0,2015-05-21,-0.433883739117558,-0.9009688679024191,0.49999999999999994,-0.8660254037844387,0.6551563572090853,-0.7554933140726803,9301.0,0.0,8761.0,7319.857142857143,7959.0,3564.0050237792616,6582.733333333334,7574.0,3801.699882342409,1070.0,1,1,1,0,0,0,0,0,1,7959
12,0,2015-05-22,-0.9749279121818236,-0.2225209339563146,0.49999999999999994,-0.8660254037844387,0.6420547132365637,-0.766658819300159,7959.0,7750.0,8896.0,7416.571428571428,8427.0,3586.7361605942374,6663.5,7749.0,3814.6967498221184,1070.0,1,1,1,0,0,0,0,0,1,8427
12,0,2015-05-23,-0.7818314824680299,0.6234898018587334,0.49999999999999994,-0.8660254037844387,0.6287628145958344,-0.777597146973627,8427.0,6214.0,6218.0,7371.142857142857,8427.0,3606.465741256549,6683.233333333334,7749.0,3808.94845370589,1070.0,0,1,1,0,0,0,0,0,1,5896
12,0,2015-05-24,-2.4492935982947064e-16,1.0,0.49999999999999994,-0.8660254037844387,0.6152845999633276,-0.7883050558305255,5896.0,0.0,0.0,7371.142857142857,8427.0,3606.465741256549,6496.933333333333,7749.0,3996.384537893299,1070.0,0,1,1,0,0,0,0,0,1,0
12,0,2015-05-25,0.7818314824680298,0.6234898018587336,0.49999999999999994,-0.8660254037844387,0.6016240632249226,-0.7987793728863649,0.0,11113.0,6975.0,5783.571428571428,7959.0,4097.339415488336,6313.7,7749.0,4166.22145147838,1070.0,0,1,1,0,0,0,0,0,1,0
12,0,2015-05-26,0.9749279121818236,-0.22252093395631434,0.49999999999999994,-0.8660254037844387,0.5877852522924732,-0.8090169943749473,0.0,8902.0,5664.0,5530.714285714285,7132.0,3923.7577105917976,6551.433333333333,7749.0,3993.4253181027884,1070.0,0,1,1,0,0,0,0,0,1,7132
12,0,2015-05-27,0.43388373911755823,-0.900968867902419,0.49999999999999994,-0.8660254037844387,0.5737722679043246,-0.8190148866680801,7132.0,9301.0,7400.0,5119.428571428572,6422.0,3600.242855565112,6382.466666666666,7574.0,3882.9284605674943,1070.0,0,1,1,0,0,0,0,0,1,6422
12,0,2015-05-28,-0.433883739117558,-0.9009688679024191,0.49999999999999994,-0.8660254037844387,0.5595892624101765,-0.8287700871745037,6422.0,7959.0,0.0,4818.571428571428,5896.0,3406.1671449075475,6239.833333333333,7266.0,3818.502487510835,1070.0,0,1,1,0,0,0,0,0,1,5853
12,0,2015-05-29,-0.9749279121818236,-0.2225209339563146,0.49999999999999994,-0.8660254037844387,0.545240438540651,-0.8382797052177743,5853.0,8427.0,7750.0,4709.714285714285,5896.0,3281.5214314037203,6172.666666666667,7266.0,3773.358920143946,1070.0,0,1,1,0,0,0,0,0,1,7665
12,0,2015-05-30,-0.7818314824680299,0.6234898018587334,0.49999999999999994,-0.8660254037844387,0.5307300481619334,-0.8475409228928311,7665.0,5896.0,6214.0,4868.857142857143,6422.0,3374.3407469001245,6025.366666666667,7071.0,3645.1671215018614,1070.0,0,1,1,0,0,0,0,0,1,7010
12,0,2015-05-31,-2.4492935982947064e-16,1.0,0.49999999999999994,-0.8660254037844387,0.5160623910158528,-0.8565509959010036,7010.0,0.0,0.0,4868.857142857143,6422.0,3374.3407469001245,6025.366666666667,7071.0,3645.1671215018614,1070.0,0,1,1,0,0,0,0,0,1,0
12,0,2015-06-01,0.7818314824680298,0.6234898018587336,1.2246467991473532e-16,-1.0,0.5012418134457758,-0.865307254363206,0.0,0.0,11113.0,6742.714285714285,7010.0,3831.09556629631,6204.333333333333,7071.0,3858.233393606487,1070.0,1,1,1,0,0,0,0,0,1,13117
12,0,2015-06-02,0.9749279121818236,-0.22252093395631434,1.2246467991473532e-16,-1.0,0.48627270710869,-0.8738071036110808,13117.0,7132.0,8902.0,7171.0,7010.0,4043.5528931868826,6542.0,7266.0,3737.920895456409,1070.0,1,1,1,0,0,0,0,0,1,10130
12,0,2015-06-03,0.43388373911755823,-0.900968867902419,1.2246467991473532e-16,-1.0,0.4711595076738638,-0.8820480249558537,10130.0,6422.0,9301.0,7706.571428571428,7665.0,4173.988135150957,6501.333333333333,7266.0,3689.6722247967737,1070.0,1,1,1,0,0,0,0,0,1,10171
12,0,2015-06-04,-0.433883739117558,-0.9009688679024191,1.2246467991473532e-16,-1.0,0.4559066935084588,-0.8900275764346767,10171.0,5853.0,7959.0,8064.714285714285,8360.0,4095.2500824852254,6489.0,7266.0,3682.5772272258932,1070.0,1,1,1,0,0,0,0,0,1,8360
12,0,2015-06-05,-0.9749279121818236,-0.2225209339563146,1.2246467991473532e-16,-1.0,0.440518784350495,-0.8977433935342337,8360.0,7665.0,8427.0,8252.0,8976.0,4103.892014498758,6477.066666666667,7266.0,3673.609274113207,1070.0,1,1,1,0,0,0,0,0,1,8976
12,0,2015-06-06,-0.7818314824680299,0.6234898018587334,1.2246467991473532e-16,-1.0,0.42500033996955416,-0.9051931898913974,8976.0,7010.0,5896.0,8040.714285714285,8976.0,4215.059577051698,6369.4,7071.0,3651.630128189798,1070.0,0,1,1,0,0,0,0,0,1,5531
12,0,2015-06-07,-2.4492935982947064e-16,1.0,1.2246467991473532e-16,-1.0,0.4093559588156213,-0.9123747579707273,5531.0,0.0,0.0,8040.714285714285,8976.0,4215.059577051698,6072.866666666667,6992.5,3797.6638166598973,1070.0,0,1,1,0,0,0,0,0,1,0
12,0,2015-06-08,0.7818314824680298,0.6234898018587336,1.2246467991473532e-16,-1.0,0.39359027665646673,-0.9192859697186104,0.0,13117.0,0.0,7078.571428571428,8360.0,3584.759120552029,6078.333333333333,6992.5,3797.997960208395,1070.0,0,1,1,0,0,0,0,0,1,6382
12,0,2015-06-09,0.9749279121818236,-0.22252093395631434,1.2246467991473532e-16,-1.0,0.3777079652039649,-0.9259247771938498,6382.0,10130.0,7132.0,6456.0,6382.0,3336.3086887556833,6270.733333333334,6992.5,3621.5639499639046,1070.0,0,1,1,0,0,0,0,0,1,5772
12,0,2015-06-10,0.43388373911755823,-0.900968867902419,1.2246467991473532e-16,-1.0,0.36171373072976765,-0.9322892131745133,5772.0,10171.0,6422.0,5886.428571428572,6184.0,2909.3988988072697,6244.366666666667,6716.0,3619.138366530348,1070.0,0,1,1,0,0,0,0,0,1,6184
12,0,2015-06-11,-0.433883739117558,-0.9009688679024191,1.2246467991473532e-16,-1.0,0.3456123126707335,-0.9383773917408641,6184.0,8360.0,5853.0,5514.142857142857,5772.0,2699.2720270825753,6247.366666666667,6716.0,3618.677968572208,1070.0,0,1,1,0,0,0,0,0,1,5754
12,0,2015-06-12,-0.9749279121818236,-0.2225209339563146,1.2246467991473532e-16,-1.0,0.3294084822245304,-0.9441875088341993,5754.0,8976.0,7665.0,5039.0,5754.0,2242.3980467347897,6189.033333333334,6402.0,3613.55817083702,1070.0,0,1,1,0,0,0,0,0,1,5650
12,0,2015-06-13,-0.7818314824680299,0.6234898018587334,1.2246467991473532e-16,-1.0,0.3131070409358269,-0.9497178427914316,5650.0,5531.0,7010.0,5136.571428571428,5772.0,2281.885686381832,6396.166666666667,6402.0,3419.4456102721083,1070.0,0,1,1,0,0,0,0,0,1,6214
12,0,2015-06-14,-2.4492935982947064e-16,1.0,1.2246467991473532e-16,-1.0,0.29671281927349075,-0.9549667548552551,6214.0,0.0,0.0,5136.571428571428,5772.0,2281.885686381832,6137.833333333333,6298.0,3601.5400928255526,1070.0,0,1,1,0,0,0,0,0,1,0
12,0,2015-06-15,0.7818314824680298,0.6234898018587336,1.2246467991473532e-16,-1.0,0.28023067519921585,-0.9599326896597447,0.0,6382.0,13117.0,5943.571428571428,5772.0,3480.0700116110143,6331.733333333334,6402.0,3758.931138734404,1070.0,1,1,1,0,0,0,0,0,1,12031
12,0,2015-06-16,0.9749279121818236,-0.22252093395631434,1.2246467991473532e-16,-1.0,0.26366549272800704,-0.9646141756912435,12031.0,5772.0,10130.0,6494.142857142857,6184.0,3743.3110311848895,6652.6,6716.0,3607.6069974812735,1070.0,1,1,1,0,0,0,0,0,1,9626
12,0,2015-06-17,0.43388373911755823,-0.900968867902419,1.2246467991473532e-16,-1.0,0.24702218048093552,-0.9690098257244062,9626.0,6184.0,10171.0,7049.285714285715,6214.0,3970.8845662012445,6617.833333333333,6716.0,3567.9474064792894,1070.0,1,1,1,0,0,0,0,0,1,10070
12,0,2015-06-18,-0.433883739117558,-0.9009688679024191,1.2246467991473532e-16,-1.0,0.23030567023061221,-0.9731183372332619,10070.0,5754.0,8360.0,7378.428571428572,8058.0,3941.0011358005163,6589.7,6716.0,3552.6101637897254,1070.0,1,1,1,0,0,0,0,0,1,8058
12,0,2015-06-19,-0.9749279121818236,-0.2225209339563146,1.2246467991473532e-16,-1.0,0.21352091543979612,-0.9769384927771817,8058.0,5650.0,8976.0,7833.571428571428,8836.0,3891.784160559391,6574.2,6716.0,3541.3694935229737,1070.0,1,1,1,0,0,0,0,0,1,8836
12,0,2015-06-20,-0.7818314824680299,0.6234898018587334,1.2246467991473532e-16,-1.0,0.19667288979357647,-0.980469160361632,8836.0,6214.0,5531.0,7889.0,8836.0,3867.5606868757313,6528.966666666666,6512.0,3531.724981319773,1070.0,0,1,1,0,0,0,0,0,1,6602
12,0,2015-06-21,-2.4492935982947064e-16,1.0,1.2246467991473532e-16,-1.0,0.1797665857255624,-0.9837092937736097,6602.0,0.0,0.0,7889.0,8836.0,3867.5606868757313,6248.066666666667,6402.0,3706.3649347959595,1070.0,0,1,1,0,0,0,0,0,1,0
12,0,2015-06-22,0.7818314824680298,0.6234898018587336,1.2246467991473532e-16,-1.0,0.16280701293851715,-0.986657932891657,0.0,12031.0,6382.0,6959.571428571428,8058.0,3467.3146120661777,6235.7,6402.0,3708.1986346193894,1070.0,0,1,1,0,0,0,0,0,1,5525
12,0,2015-06-23,0.9749279121818236,-0.22252093395631434,1.2246467991473532e-16,-1.0,0.1457991969198751,-0.9893142039703663,5525.0,9626.0,5772.0,6448.142857142857,6602.0,3266.687436765847,6437.233333333334,6402.0,3516.9782159212136,1070.0,0,1,1,0,0,0,0,0,1,6046
12,0,2015-06-24,0.43388373911755823,-0.900968867902419,1.2246467991473532e-16,-1.0,0.12874817745258132,-0.99167731989929,6046.0,10070.0,6184.0,5781.428571428572,6046.0,2854.5402348506077,6617.333333333333,6402.0,3308.1066710622295,1070.0,0,1,1,0,0,0,0,0,1,5403
12,0,2015-06-25,-0.433883739117558,-0.9009688679024191,1.2246467991473532e-16,-1.0,0.11165900712169512,-0.993746580436178,5403.0,8058.0,5754.0,5516.714285714285,6046.0,2689.377853351077,6586.433333333333,6298.0,3307.462906022172,1070.0,0,1,1,0,0,0,0,0,1,6205
12,0,2015-06-26,-0.9749279121818236,-0.2225209339563146,1.2246467991473532e-16,-1.0,0.09453674981719912,-0.9955213724144752,6205.0,8836.0,5650.0,5150.857142857143,6046.0,2310.0107812570527,6581.533333333334,6244.5,3307.8237843793518,1070.0,0,1,1,0,0,0,0,0,1,6275
12,0,2015-06-27,-0.7818314824680299,0.6234898018587334,1.2246467991473532e-16,-1.0,0.07738647923346301,-0.9970011699250151,6275.0,6602.0,6214.0,5142.857142857143,6046.0,2304.237359631993,6604.633333333333,6328.5,3304.979216203971,1070.0,0,1,1,0,0,0,0,0,1,6546
12,0,2015-06-28,-2.4492935982947064e-16,1.0,1.2246467991473532e-16,-1.0,0.06021327736579302,-0.9981855344718586,6546.0,0.0,0.0,5142.857142857143,6046.0,2304.237359631993,6349.133333333333,6244.5,3510.094494585514,1070.0,0,1,1,0,0,0,0,0,1,0
12,0,2015-06-29,0.7818314824680298,0.6234898018587336,1.2246467991473532e-16,-1.0,0.04302223300453059,-0.99907411510223,0.0,5525.0,12031.0,6316.142857142857,6205.0,3998.9855142094666,6573.4,6244.5,3759.8233505826033,1070.0,1,1,1,0,0,0,0,0,1,13738
12,0,2015-06-30,0.9749279121818236,-0.22252093395631434,1.2246467991473532e-16,-1.0,0.02581844022713308,-0.9996666485105112,13738.0,6046.0,9626.0,7410.142857142857,6275.0,4866.225691045422,7030.2,6328.5,3766.127430224531,1070.0,1,1,1,0,0,0,0,0,1,13704
12,0,2015-07-01,0.43388373911755823,-0.900968867902419,-0.4999999999999998,-0.8660254037844388,0.008606996888688698,-0.9999629591162655,13704.0,5403.0,10070.0,7747.571428571428,6546.0,4785.0672185157755,6851.8,6328.5,3590.5227685845575,1070.0,1,1,1,0,0,0,0,0,1,7765
12,0,2015-07-02,-0.433883739117558,-0.9009688679024191,-0.4999999999999998,-0.8660254037844388,-0.008606996888688009,-0.9999629591162655,7765.0,6205.0,8058.0,7987.714285714285,7765.0,4736.685997413724,6777.0,6328.5,3542.9331409693987,1070.0,1,1,1,0,0,0,0,0,1,7886
12,0,2015-07-03,-0.9749279121818236,-0.2225209339563146,-0.4999999999999998,-0.8660254037844388,-0.02581844022713239,-0.9996666485105112,7886.0,6275.0,8836.0,8135.714285714285,7765.0,4690.209473441662,6681.666666666667,6328.5,3486.4869615894613,1070.0,1,1,1,0,0,0,0,0,1,7311
12,0,2015-07-04,-0.7818314824680299,0.6234898018587334,-0.4999999999999998,-0.8660254037844388,-0.04302223300453034,-0.99907411510223,7311.0,6546.0,6602.0,7931.857142857143,7765.0,4800.535714152865,6573.633333333333,6244.5,3482.899787516868,1070.0,0,1,1,0,0,0,0,0,1,5119
12,0,2015-07-05,-2.4492935982947064e-16,1.0,-0.4999999999999998,-0.8660254037844388,-0.060213277365792774,-0.9981855344718586,5119.0,0.0,0.0,7931.857142857143,7765.0,4800.535714152865,6274.433333333333,6209.5,3650.8988376820985,1070.0,0,1,1,0,0,0,0,0,1,0
12,0,2015-07-06,0.7818314824680298,0.6234898018587336,-0.4999999999999998,-0.8660254037844388,-0.07738647923346322,-0.9970011699250151,0.0,13738.0,5525.0,6858.714285714285,7311.0,4070.382116144451,6297.6,6220.0,3648.222803994597,1070.0,0,1,1,0,0,0,0,0,1,6226
12,0,2015-07-07,0.9749279121818236,-0.22252093395631434,-0.4999999999999998,-0.8660254037844388,-0.09453674981719933,-0.9955213724144752,6226.0,13704.0,6046.0,5730.714285714285,6226.0,2730.9168005321176,6491.2,6220.0,3451.2959724797815,1070.0,0,1,1,0,0,0,0,0,1,5808
12,0,2015-07-08,0.43388373911755823,-0.900968867902419,-0.4999999999999998,-0.8660254037844388,-0.11165900712169444,-0.9937465804361781,5808.0,7765.0,5403.0,5528.571428571428,6226.0,2604.6945986777328,6490.133333333333,6220.0,3451.335830673674,1070.0,0,1,1,0,0,0,0,0,1,6350
12,0,2015-07-09,-0.433883739117558,-0.9009688679024191,-0.4999999999999998,-0.8660254037844388,-0.12874817745258066,-0.99167731989929,6350.0,7886.0,6205.0,5272.0,6090.0,2415.3513892047545,6500.733333333334,6220.0,3449.5420578962926,1070.0,0,1,1,0,0,0,0,0,1,6090
12,0,2015-07-10,-0.9749279121818236,-0.2225209339563146,-0.4999999999999998,-0.8660254037844388,-0.14579919691987442,-0.9893142039703664,6090.0,7311.0,6275.0,5189.0,6090.0,2342.489914599421,6518.933333333333,6250.5,3449.2536817287773,1070.0,0,1,1,0,0,0,0,0,1,6730
12,0,2015-07-11,-0.7818314824680299,0.6234898018587334,-0.4999999999999998,-0.8660254037844388,-0.16280701293851646,-0.9866579328916572,6730.0,5119.0,6546.0,5402.285714285715,6226.0,2402.2609984682986,6547.533333333334,6312.5,3446.2482222259305,1070.0,0,1,1,0,0,0,0,0,1,6612
12,0,2015-07-12,-2.4492935982947064e-16,1.0,-0.4999999999999998,-0.8660254037844388,-0.17976658572556214,-0.9837092937736098,6612.0,0.0,0.0,5402.285714285715,6226.0,2402.2609984682986,6359.2,6312.5,3645.6053884472813,1070.0,0,1,1,0,0,0,0,0,1,0
12,0,2015-07-13,0.7818314824680298,0.6234898018587336,-0.4999999999999998,-0.8660254037844388,-0.19667288979357622,-0.9804691603616321,0.0,6226.0,13738.0,6188.571428571428,6350.0,3407.3179509766364,6543.066666666667,6448.0,3774.8392149667197,1070.0,1,1,1,0,0,0,0,0,1,11730
12,0,2015-07-14,0.9749279121818236,-0.22252093395631434,-0.4999999999999998,-0.8660254037844388,-0.2135209154397959,-0.9769384927771817,11730.0,5808.0,13704.0,6692.571428571428,6612.0,3597.273358955033,6854.266666666666,6574.0,3597.491050367081,1070.0,1,1,1,0,0,0,0,0,1,9336
12,0,2015-07-15,0.43388373911755823,-0.900968867902419,-0.4999999999999998,-0.8660254037844388,-0.23030567023061196,-0.973118337233262,9336.0,6350.0,7765.0,7215.142857142857,6730.0,3799.241127232799,6786.833333333333,6574.0,3515.1267312547334,1070.0,1,1,1,0,0,0,0,0,1,10008
12,0,2015-07-16,-0.433883739117558,-0.9009688679024191,-0.4999999999999998,-0.8660254037844388,-0.24702218048093527,-0.9690098257244063,10008.0,6090.0,7886.0,7664.285714285715,9234.0,3829.7765693873816,6773.766666666666,6574.0,3504.922633642014,1070.0,1,1,1,0,0,0,0,0,1,9234
12,0,2015-07-17,-0.9749279121818236,-0.2225209339563146,-0.4999999999999998,-0.8660254037844388,-0.2636654927280072,-0.9646141756912435,9234.0,6730.0,7311.0,7800.571428571428,9234.0,3807.8999836805456,6694.233333333334,6574.0,3454.2507614515316,1070.0,1,1,1,0,0,0,0,0,1,7684
12,0,2015-07-18,-0.7818314824680299,0.6234898018587334,-0.4999999999999998,-0.8660254037844388,-0.2802306751992161,-0.9599326896597445,7684.0,6612.0,5119.0,7886.428571428572,9234.0,3783.3308013417177,6666.066666666667,6574.0,3446.182595011602,1070.0,0,1,1,0,0,0,0,0,1,7213
12,0,2015-07-19,-2.4492935982947064e-16,1.0,-0.4999999999999998,-0.8660254037844388,-0.2967128192734901,-0.9549667548552553,7213.0,0.0,0.0,7886.428571428572,9234.0,3783.330801341718,6371.533333333334,6448.0,3627.169493328554,1070.0,0,1,1,0,0,0,0,0,1,0
12,0,2015-07-20,0.7818314824680298,0.6234898018587336,-0.4999999999999998,-0.8660254037844388,-0.3131070409358267,-0.9497178427914317,0.0,11730.0,6226.0,7175.571428571428,7684.0,3387.5674584743397,6376.6,6448.0,3627.6086604130046,1070.0,0,1,1,0,0,0,0,0,1,6754
12,0,2015-07-21,0.9749279121818236,-0.22252093395631434,-0.4999999999999998,-0.8660254037844388,-0.3294084822245302,-0.9441875088341994,6754.0,9336.0,5808.0,6743.857142857143,7213.0,3256.375614522556,6587.066666666667,6448.0,3422.2436573941795,1070.0,0,1,1,0,0,0,0,0,1,6314
12,0,2015-07-22,0.43388373911755823,-0.900968867902419,-0.4999999999999998,-0.8660254037844388,-0.3456123126707333,-0.9383773917408642,6314.0,10008.0,6350.0,6200.0,6754.0,2921.001369393724,6609.6,6448.0,3417.2313213255343,1070.0,0,1,1,0,0,0,0,0,1,6201
12,0,2015-07-23,-0.433883739117558,-0.9009688679024191,-0.4999999999999998,-0.8660254037844388,-0.3617137307297674,-0.9322892131745134,6201.0,9234.0,6090.0,5707.142857142857,6314.0,2596.8261672389917,6600.866666666667,6448.0,3419.055674560902,1070.0,0,1,1,0,0,0,0,0,1,5784
12,0,2015-07-24,-0.9749279121818236,-0.2225209339563146,-0.4999999999999998,-0.8660254037844388,-0.37770796520396466,-0.9259247771938499,5784.0,7684.0,6730.0,5477.714285714285,6201.0,2460.424943939952,6623.366666666667,6448.0,3413.1168229532395,1070.0,0,1,1,0,0,0,0,0,1,6078
12,0,2015-07-25,-0.7818314824680299,0.6234898018587334,-0.4999999999999998,-0.8660254037844388,-0.39359027665646645,-0.9192859697186105,6078.0,7213.0,6612.0,5188.0,6078.0,2338.4136360647026,6589.366666666667,6448.0,3422.4956359593652,1070.0,0,1,1,0,0,0,0,0,1,5185
12,0,2015-07-26,-2.4492935982947064e-16,1.0,-0.4999999999999998,-0.8660254037844388,-0.4093559588156211,-0.9123747579707274,5185.0,0.0,0.0,5188.0,6078.0,2338.4136360647026,6380.2,6448.0,3627.95287959363,1070.0,0,1,1,0,0,0,0,0,1,0
12,0,2015-07-27,0.7818314824680298,0.6234898018587336,-0.4999999999999998,-0.8660254037844388,-0.42500033996955394,-0.9051931898913975,0.0,6754.0,11730.0,5684.142857142857,6078.0,3000.6979981648415,6502.9,6481.0,3695.374287888331,1070.0,1,1,1,0,0,0,0,0,1,10227
12,0,2015-07-28,0.9749279121818236,-0.22252093395631434,-0.4999999999999998,-0.8660254037844388,-0.4405187843504952,-0.8977433935342336,10227.0,6314.0,9336.0,6042.428571428572,6078.0,3229.4472621561154,6796.966666666666,6671.0,3506.2220702270274,1070.0,1,1,1,0,0,0,0,0,1,8822
12,0,2015-07-29,0.43388373911755823,-0.900968867902419,-0.4999999999999998,-0.8660254037844388,-0.455906693508459,-0.8900275764346766,8822.0,6201.0,10008.0,6476.0,6078.0,3450.455090757355,6646.9,6671.0,3288.4832616373383,1070.0,1,1,1,0,0,0,0,0,1,9236
12,0,2015-07-30,-0.433883739117558,-0.9009688679024191,-0.4999999999999998,-0.8660254037844388,-0.47115950767386394,-0.8820480249558535,9236.0,5784.0,9234.0,6792.0,7996.0,3477.700054154567,6456.633333333333,6671.0,3020.2815064428855,1070.0,1,1,1,0,0,0,0,0,1,7996
12,0,2015-07-31,-0.9749279121818236,-0.2225209339563146,-0.4999999999999998,-0.8660254037844388,-0.4862727071086902,-0.8738071036110807,7996.0,6078.0,7684.0,7203.571428571428,8822.0,3548.8669955890105,6496.433333333333,6671.0,3045.8757042510965,1070.0,1,1,1,0,0,0,0,0,1,8959
