Store,Cluster,Date,DayOfWeek_sin,DayOfWeek_cos,Month_sin,Month_cos,DayOfYear_sin,DayOfYear_cos,Sales_Lag_1,Sales_Lag_7,Sales_Lag_14,RollingMean_7,RollingMedian_7,RollingStd_7,RollingMean_30,RollingMedian_30,RollingStd_30,CompetitionDistance,Promo,Promo2,StoreType_a,StoreType_b,StoreType_c,StoreType_d,Assortment_a,Assortment_b,Assortment_c,Sales
723,0,2013-01-30,0.43388373911755823,-0.900968867902419,0.49999999999999994,0.8660254037844387,0.4937755501599772,0.869589389346611,3825.0,5649.0,3074.0,3983.8571428571427,4124.0,1895.6246489017308,3890.0666666666666,4398.0,1908.510466908382,5650.0,0,1,0,0,0,1,0,0,1,4124
723,0,2013-01-31,-0.433883739117558,-0.9009688679024191,0.49999999999999994,0.8660254037844387,0.5086709438521044,0.8609610158889943,4124.0,5485.0,3895.0,3886.8571428571427,4124.0,1821.9487212479785,4050.266666666667,4431.5,1767.1948145701645,5650.0,0,1,0,0,0,1,0,0,1,4806
723,0,2013-02-01,-0.9749279121818236,-0.2225209339563146,0.8660254037844386,0.5000000000000001,0.5234156073655503,0.8520775211013093,4806.0,5107.0,3680.0,3929.4285714285716,4124.0,1858.328357883581,4081.733333333333,4451.5,1783.0934362222442,5650.0,0,1,0,0,0,1,0,0,1,5405
723,0,2013-02-02,-0.7818314824680299,0.6234898018587334,0.8660254037844386,0.5000000000000001,0.5380051715382996,0.8429415373547828,5405.0,5441.0,5842.0,4156.0,4124.0,2147.5204306362257,4175.066666666667,4548.5,1862.4733635370621,5650.0,0,1,0,0,0,1,0,0,1,7027
723,0,2013-02-03,-2.4492935982947064e-16,1.0,0.8660254037844386,0.5000000000000001,0.5524353131676196,0.8335557718385699,7027.0,0.0,0.0,4156.0,4124.0,2147.5204306362257,4025.0333333333333,4499.0,2010.7045682843466,5650.0,0,1,0,0,0,1,0,0,1,0
723,0,2013-02-04,0.7818314824680298,0.6234898018587336,0.8660254037844386,0.5000000000000001,0.5667017562911176,0.8239230057575542,0.0,3905.0,4394.0,4848.428571428572,4806.0,2750.002354977346,4128.1,4499.0,2170.3127750117746,5650.0,1,1,0,0,0,1,0,0,1,8752
723,0,2013-02-05,0.9749279121818236,-0.22252093395631434,0.8660254037844386,0.5000000000000001,0.5808002734538009,0.8140460935082178,8752.0,3825.0,4596.0,5246.571428571428,5405.0,2778.7356751553302,4348.5,4689.5,2070.0552508035407,5650.0,1,1,0,0,0,1,0,0,1,6612
723,0,2013-02-06,0.43388373911755823,-0.900968867902419,0.8660254037844386,0.5000000000000001,0.5947266869607634,0.8039279618328213,6612.0,4124.0,5649.0,5477.428571428572,5740.0,2736.7399009979517,4339.166666666667,4689.5,2062.877803781245,5650.0,1,1,0,0,0,1,0,0,1,5740
723,0,2013-02-07,-0.433883739117558,-0.9009688679024191,0.8660254037844386,0.5000000000000001,0.6084768701151261,0.7935716089521474,5740.0,4806.0,5485.0,5609.857142857143,5740.0,2721.219422034382,4370.833333333333,4701.0,2077.168000499442,5650.0,1,1,0,0,0,1,0,0,1,5733
723,0,2013-02-08,-0.9749279121818236,-0.2225209339563146,0.8660254037844386,0.5000000000000001,0.6220467484408675,0.7829801036770629,5733.0,5405.0,5107.0,5738.714285714285,6307.0,2731.239749899039,4415.5,4701.0,2104.6553776380324,5650.0,1,1,0,0,0,1,0,0,1,6307
723,0,2013-02-09,-0.7818314824680299,0.6234898018587334,0.8660254037844386,0.5000000000000001,0.6354323008901774,0.7721565844991642,6307.0,7027.0,5441.0,5622.142857142857,6211.0,2684.097454053622,4475.8,4922.0,2130.0170697065737,5650.0,0,1,0,0,0,1,0,0,1,6211
723,0,2013-02-10,-2.4492935982947064e-16,1.0,0.8660254037844386,0.5000000000000001,0.6486295610349814,0.7611042586607747,6211.0,0.0,0.0,5622.142857142857,6211.0,2684.097454053622,4288.1,4701.0,2268.3243754837604,5650.0,0,1,0,0,0,1,0,0,1,0
723,0,2013-02-11,0.7818314824680298,0.6234898018587336,0.8660254037844386,0.5000000000000001,0.6616346182422783,0.7498264012045686,0.0,8752.0,3905.0,5011.0,5740.0,2314.232486160368,4269.3,4535.0,2264.228378118219,5650.0,0,1,0,0,0,1,0,0,1,4474
723,0,2013-02-12,0.9749279121818236,-0.22252093395631434,0.8660254037844386,0.5000000000000001,0.6744436188329455,0.7383263540031065,4474.0,6612.0,3825.0,4597.571428571428,5733.0,2237.789747134648,4393.233333333334,4535.0,2119.6242296012383,5650.0,0,1,0,0,0,1,0,0,1,3718
723,0,2013-02-13,0.43388373911755823,-0.900968867902419,0.8660254037844386,0.5000000000000001,0.6870527672236669,0.7266075247685656,3718.0,5740.0,4124.0,4369.571428571428,4474.0,2182.6174544296473,4393.5,4535.0,2119.591254512741,5650.0,0,1,0,0,0,1,0,0,1,4144
723,0,2013-02-14,-0.433883739117558,-0.9009688679024191,0.8660254037844386,0.5000000000000001,0.6994583270516471,0.7146733860429609,4144.0,5733.0,4806.0,4239.857142857143,4474.0,2113.9856061139926,4425.7,4701.0,2118.528623263374,5650.0,0,1,0,0,0,1,0,0,1,4825
723,0,2013-02-15,-0.9749279121818236,-0.2225209339563146,0.8660254037844386,0.5000000000000001,0.7116566222817746,0.702527474169157,4825.0,6307.0,5405.0,4008.5714285714284,4474.0,1930.7559708693439,4479.5,4747.0,2103.458707577298,5650.0,0,1,0,0,0,1,0,0,1,4688
723,0,2013-02-16,-0.7818314824680299,0.6234898018587334,0.8660254037844386,0.5000000000000001,0.7236440382959124,0.6901733882429719,4688.0,6211.0,7027.0,3949.4285714285716,4474.0,1856.9783571834173,4542.9,4815.5,2113.87205351239,5650.0,0,1,0,0,0,1,0,0,1,5797
723,0,2013-02-17,-2.4492935982947064e-16,1.0,0.8660254037844386,0.5000000000000001,0.7354170229639855,0.6776147890466889,5797.0,0.0,0.0,3949.4285714285716,4474.0,1856.9783571834173,4420.233333333334,4815.5,2266.9068046392067,5650.0,0,1,0,0,0,1,0,0,1,0
723,0,2013-02-18,0.7818314824680298,0.6234898018587336,0.8660254037844386,0.5000000000000001,0.7469720876965552,0.6648553979642865,0.0,4474.0,8752.0,4424.428571428572,4688.0,2368.3630674049155,4485.466666666666,4815.5,2336.325655343469,5650.0,1,1,0,0,0,1,0,0,1,7799
723,0,2013-02-19,0.9749279121818236,-0.22252093395631434,0.8660254037844386,0.5000000000000001,0.7583058084785625,0.6518989958787126,7799.0,3718.0,6612.0,4620.428571428572,4825.0,2356.9009919201712,4655.133333333333,4957.5,2178.8683828733333,5650.0,1,1,0,0,0,1,0,0,1,5090
723,0,2013-02-20,0.43388373911755823,-0.900968867902419,0.8660254037844386,0.5000000000000001,0.7694148268839378,0.6387494220515272,5090.0,4144.0,5740.0,4787.571428571428,5090.0,2358.9684791692926,4685.8,5098.5,2181.5389759177515,5650.0,1,1,0,0,0,1,0,0,1,5314
723,0,2013-02-21,-0.433883739117558,-0.9009688679024191,0.8660254037844386,0.5000000000000001,0.7802958510707755,0.6254105729852463,5314.0,4825.0,5733.0,4913.571428571428,5314.0,2384.715556563148,4722.833333333333,5210.5,2189.3779479227824,5650.0,1,1,0,0,0,1,0,0,1,5707
723,0,2013-02-22,-0.9749279121818236,-0.2225209339563146,0.8660254037844386,0.5000000000000001,0.7909456567567772,0.6118864012687243,5707.0,4688.0,6307.0,5130.0,5707.0,2429.165288736029,4741.3,5210.5,2199.770962215588,5650.0,1,1,0,0,0,1,0,0,1,6203
723,0,2013-02-23,-0.7818314824680299,0.6234898018587334,0.8660254037844386,0.5000000000000001,0.8013610881746766,0.5981809144059164,6203.0,5797.0,6211.0,5104.571428571428,5619.0,2421.940327997564,4745.766666666666,5210.5,2201.4685174522324,5650.0,0,1,0,0,0,1,0,0,1,5619
723,0,2013-02-24,-2.4492935982947064e-16,1.0,0.8660254037844386,0.5000000000000001,0.8115390590073611,0.5842981736283683,5619.0,0.0,0.0,5104.571428571428,5619.0,2421.940327997564,4575.533333333334,5202.0,2364.025464203442,5650.0,0,1,0,0,0,1,0,0,1,0
723,0,2013-02-25,0.7818314824680298,0.6234898018587336,0.8660254037844386,0.5000000000000001,0.8214765533024142,0.5702422926917871,0.0,7799.0,4474.0,4479.714285714285,5314.0,2161.120829129005,4508.333333333333,4957.5,2367.2266230881805,5650.0,0,1,0,0,0,1,0,0,1,3425
723,0,2013-02-26,0.9749279121818236,-0.22252093395631434,0.8660254037844386,0.5000000000000001,0.8311706263658079,0.5560174366570446,3425.0,5090.0,3718.0,4416.285714285715,5314.0,2146.6912302646692,4663.2,4957.5,2208.787050505946,5650.0,0,1,0,0,0,1,0,0,1,4646
723,0,2013-02-27,0.43388373911755823,-0.900968867902419,0.8660254037844386,0.5000000000000001,0.8406184056344782,0.5416278206559814,4646.0,5314.0,4144.0,4258.857142857143,4646.0,2109.978469761515,4673.433333333333,4957.5,2205.8624036140964,5650.0,0,1,0,0,0,1,0,0,1,4212
723,0,2013-02-28,-0.433883739117558,-0.9009688679024191,0.8660254037844386,0.5000000000000001,0.8498170915275278,0.5270777086423722,4212.0,5707.0,4825.0,4157.714285714285,4646.0,2044.95881900555,4712.566666666667,5044.5,2200.699350963991,5650.0,0,1,0,0,0,1,0,0,1,4999
723,0,2013-03-01,-0.9749279121818236,-0.2225209339563146,1.0,6.123233995736766e-17,0.8587639582758029,0.5123714121284237,4999.0,6203.0,4688.0,3947.8571428571427,4646.0,1867.787053223809,4732.9,5044.5,2197.890028154745,5650.0,0,1,0,0,0,1,0,0,1,4734
723,0,2013-03-02,-0.7818314824680299,0.6234898018587334,1.0,6.123233995736766e-17,0.8674563547295968,0.49751328890718066,4734.0,5619.0,5797.0,3997.0,4646.0,1922.7995215310418,4771.466666666666,5202.0,2209.338155434217,5650.0,0,1,0,0,0,1,0,0,1,5963
723,0,2013-03-03,-2.4492935982947064e-16,1.0,1.0,6.123233995736766e-17,0.8758917051442429,0.48250774176121847,5963.0,0.0,0.0,3997.0,4646.0,1922.7995215310418,4591.3,5044.5,2370.4052199774933,5650.0,0,1,0,0,0,1,0,0,1,0
723,0,2013-03-04,0.7818314824680298,0.6234898018587336,1.0,6.123233995736766e-17,0.8840675099433636,0.46735921715800227,0.0,3425.0,7799.0,4574.857142857143,4734.0,2294.197784889192,4606.066666666667,5044.5,2387.4206530715614,5650.0,1,1,0,0,0,1,0,0,1,7470
723,0,2013-03-05,0.9749279121818236,-0.22252093395631434,1.0,6.123233995736766e-17,0.8919813464595485,0.45207220393230435,7470.0,4646.0,5090.0,4785.142857142857,4999.0,2368.077590829843,4810.0,5202.0,2236.9620100669467,5650.0,1,1,0,0,0,1,0,0,1,6118
723,0,2013-03-06,0.43388373911755823,-0.900968867902419,1.0,6.123233995736766e-17,0.8996308696522433,0.43665123195606403,6118.0,4212.0,5314.0,5085.571428571428,5963.0,2416.1580285750374,4728.766666666666,5202.0,2130.5954110875023,5650.0,1,1,0,0,0,1,0,0,1,6315
723,0,2013-03-07,-0.433883739117558,-0.9009688679024191,1.0,6.123233995736766e-17,0.9070138128026359,0.4211008707960896,6315.0,4999.0,5707.0,5255.142857142857,6118.0,2450.4790299430165,4714.566666666667,5202.0,2118.9992706925127,5650.0,1,1,0,0,0,1,0,0,1,6186
723,0,2013-03-08,-0.9749279121818236,-0.2225209339563146,1.0,6.123233995736766e-17,0.9141279881853337,0.40542572835999735,6186.0,4734.0,6203.0,5426.714285714285,6118.0,2449.953857680159,4721.066666666667,5202.0,2122.549344430001,5650.0,1,1,0,0,0,1,0,0,1,5935
723,0,2013-03-09,-0.7818314824680299,0.6234898018587334,1.0,6.123233995736766e-17,0.9209712877166346,0.38963044953078796,5935.0,5963.0,5619.0,5451.857142857143,6139.0,2457.267006830379,4734.6,5202.0,2130.503317577068,5650.0,0,1,0,0,0,1,0,0,1,6139
723,0,2013-03-10,-2.4492935982947064e-16,1.0,1.0,6.123233995736766e-17,0.9275416835791966,0.37371971479046906,6139.0,0.0,0.0,5451.857142857143,6139.0,2457.267006830379,4524.366666666667,5044.5,2276.191169526383,5650.0,0,1,0,0,0,1,0,0,1,0
723,0,2013-03-11,0.7818314824680298,0.6234898018587336,1.0,6.123233995736766e-17,0.9338372288229252,0.35769823883312546,0.0,7470.0,3425.0,5286.857142857143,6139.0,2334.898529456287,4527.833333333333,5044.5,2278.92606412475,5650.0,0,1,0,0,0,1,0,0,1,6315
723,0,2013-03-12,0.9749279121818236,-0.22252093395631434,1.0,6.123233995736766e-17,0.9398560579418954,0.3415707691678556,6315.0,6118.0,4646.0,4837.142857142857,6139.0,2448.531357676231,4626.833333333333,5044.5,2135.4411331931706,5650.0,0,1,0,0,0,1,0,0,1,2970
723,0,2013-03-13,0.43388373911755823,-0.900968867902419,1.0,6.123233995736766e-17,0.9455963874271426,0.3253420847119801,2970.0,6315.0,4212.0,4572.0,5935.0,2360.7435269423063,4626.333333333333,5044.5,2135.479907838425,5650.0,0,1,0,0,0,1,0,0,1,4459
723,0,2013-03-14,-0.433883739117558,-0.9009688679024191,1.0,6.123233995736766e-17,0.9510565162951535,0.30901699437494745,4459.0,6186.0,4999.0,4364.0,4730.0,2256.6856227662734,4660.066666666667,5044.5,2128.618605531787,5650.0,0,1,0,0,0,1,0,0,1,4730
723,0,2013-03-15,-0.9749279121818236,-0.2225209339563146,1.0,6.123233995736766e-17,0.9562348265919056,0.29260033563334836,4730.0,5935.0,4734.0,4317.142857142857,4730.0,2221.7642710671353,4708.833333333333,5202.0,2133.141686345046,5650.0,0,1,0,0,0,1,0,0,1,5607
723,0,2013-03-16,-0.7818314824680299,0.6234898018587334,1.0,6.123233995736766e-17,0.9611297838723007,0.27609697309746883,5607.0,6139.0,5963.0,4398.857142857143,4730.0,2308.75387951823,4771.7,5460.5,2164.248060070111,5650.0,0,1,0,0,0,1,0,0,1,6711
723,0,2013-03-17,-2.4492935982947064e-16,1.0,1.0,6.123233995736766e-17,0.9657399376548549,0.2595117970697999,6711.0,0.0,0.0,4398.857142857143,4730.0,2308.75387951823,4615.433333333333,5460.5,2333.154275806176,5650.0,0,1,0,0,0,1,0,0,1,0
723,0,2013-03-18,0.7818314824680298,0.6234898018587336,1.0,6.123233995736766e-17,0.970063921851507,0.2428497220959356,0.0,6315.0,7470.0,4599.857142857143,4730.0,2551.8272818101295,4679.6,5460.5,2392.4867541881013,5650.0,1,1,0,0,0,1,0,0,1,7722
723,0,2013-03-19,0.9749279121818236,-0.22252093395631434,1.0,6.123233995736766e-17,0.9741004551724205,0.22611568550828828,7722.0,2970.0,6118.0,5059.714285714285,5607.0,2498.652817972496,4885.9,5613.0,2236.828378877495,5650.0,1,1,0,0,0,1,0,0,1,6189
723,0,2013-03-20,0.43388373911755823,-0.900968867902419,1.0,6.123233995736766e-17,0.9778483415056568,0.20931464596304847,6189.0,4459.0,6315.0,5241.285714285715,5730.0,2493.9006739300103,4816.933333333333,5613.0,2174.9537915556502,5650.0,1,1,0,0,0,1,0,0,1,5730
723,0,2013-03-21,-0.433883739117558,-0.9009688679024191,1.0,6.123233995736766e-17,0.9813064702716093,0.19245158197082998,5730.0,4730.0,6186.0,5337.714285714285,5730.0,2483.8660534393875,4827.433333333333,5613.0,2177.0768551737747,5650.0,1,1,0,0,0,1,0,0,1,5405
723,0,2013-03-22,-0.9749279121818236,-0.2225209339563146,1.0,6.123233995736766e-17,0.9844738167520922,0.1755314904214282,5405.0,5607.0,5935.0,5443.428571428572,6189.0,2512.8157418284645,4861.866666666667,5663.0,2193.147725787398,5650.0,1,1,0,0,0,1,0,0,1,6347
723,0,2013-03-23,-0.7818314824680299,0.6234898018587334,1.0,6.123233995736766e-17,0.9873494423939864,0.15855938510313478,6347.0,6711.0,6139.0,5389.857142857143,6189.0,2485.132956105929,4882.833333333333,5674.5,2204.4832232541926,5650.0,0,1,0,0,0,1,0,0,1,6336
723,0,2013-03-24,-2.4492935982947064e-16,1.0,1.0,6.123233995736766e-17,0.989932495087353,0.141540295217043,6336.0,0.0,0.0,5389.857142857143,6189.0,2485.132956105929,4676.066666666667,5613.0,2361.6862025976757,5650.0,0,1,0,0,0,1,0,0,1,0
723,0,2013-03-25,0.7818314824680298,0.6234898018587336,1.0,6.123233995736766e-17,0.9922222094179323,0.12447926388678915,0.0,7722.0,6315.0,5395.0,6189.0,2490.794384662582,4747.366666666667,5668.5,2422.6372703477837,5650.0,1,1,0,0,0,1,0,0,1,7758
723,0,2013-03-26,0.9749279121818236,-0.22252093395631434,1.0,6.123233995736766e-17,0.994217906893952,0.10738134666416309,7758.0,6189.0,2970.0,5482.0,6336.0,2533.420941467614,4973.966666666666,5832.5,2276.8183257576234,5650.0,1,1,0,0,0,1,0,0,1,6798
723,0,2013-03-27,0.43388373911755823,-0.900968867902419,1.0,6.123233995736766e-17,0.995918996147179,0.09025161003104117,6798.0,5730.0,4459.0,5700.857142857143,6347.0,2623.0051740050235,5101.866666666667,5949.0,2294.507651091959,5650.0,1,1,0,0,0,1,0,0,1,7262
723,0,2013-03-28,-0.433883739117558,-0.9009688679024191,1.0,6.123233995736766e-17,0.9973249731081555,0.07309512989807777,7262.0,5405.0,4730.0,6144.142857142857,6798.0,2819.5135767581937,5230.6,6040.5,2374.9770031554494,5650.0,1,1,0,0,0,1,0,0,1,8508
723,0,2013-03-29,-0.9749279121818236,-0.2225209339563146,1.0,6.123233995736766e-17,0.9984354211555643,0.055916990100603484,8508.0,6347.0,5607.0,5237.428571428572,6798.0,3643.54144833214,5090.2,6040.5,2554.949373950152,5650.0,1,1,0,0,0,1,0,0,1,0
723,0,2013-03-30,-0.7818314824680299,0.6234898018587334,1.0,6.123233995736766e-17,0.9992500112396835,0.03872228089217446,0.0,6336.0,6711.0,5626.571428571428,7262.0,3915.727555092957,5225.566666666667,6128.5,2655.5504226292587,5650.0,0,1,0,0,0,1,0,0,1,9060
723,0,2013-03-31,-2.4492935982947064e-16,1.0,1.0,6.123233995736766e-17,0.9997685019798909,0.021516097436222254,9060.0,0.0,0.0,5626.571428571428,7262.0,3915.727555092957,5067.766666666666,6128.5,2821.2517237045236,5650.0,0,1,0,0,0,1,0,0,1,0
723,0,2013-04-01,0.7818314824680298,0.6234898018587336,0.8660254037844387,-0.49999999999999983,0.9999907397361901,0.004303538296244289,0.0,7758.0,7722.0,4518.285714285715,6798.0,4291.751224317244,4869.0,6128.5,2962.5242498643756,5650.0,0,1,0,0,0,1,0,0,1,0
723,0,2013-04-02,0.9749279121818236,-0.22252093395631434,0.8660254037844387,-0.49999999999999983,0.9999166586547379,-0.01291029607500882,0.0,6798.0,6189.0,4316.142857142857,5383.0,4198.796908185781,5048.433333333333,6128.5,2816.889292909067,5650.0,0,1,0,0,0,1,0,0,1,5383
723,0,2013-04-03,0.43388373911755823,-0.900968867902419,0.8660254037844387,-0.49999999999999983,0.9995462806873573,-0.030120304846908114,5383.0,7262.0,5730.0,3942.714285714286,4648.0,4004.898780006211,4954.366666666667,6026.5,2780.114106853608,5650.0,0,1,0,0,0,1,0,0,1,4648
723,0,2013-04-04,-0.433883739117558,-0.9009688679024191,0.8660254037844387,-0.49999999999999983,0.9988797155850336,-0.04732138832243185,4648.0,8508.0,5405.0,3425.5714285714284,4648.0,3521.717377319522,4913.366666666667,5832.5,2771.4177310953837,5650.0,0,1,0,0,0,1,0,0,1,4888
723,0,2013-04-05,-0.9749279121818236,-0.2225209339563146,0.8660254037844387,-0.49999999999999983,0.9979171608653922,-0.06450844944931623,4888.0,0.0,6347.0,4133.0,4888.0,3201.749990239712,4867.933333333333,5668.5,2758.7911012307336,5650.0,0,1,0,0,0,1,0,0,1,4952
723,0,2013-04-06,-0.7818314824680299,0.6234898018587334,0.8660254037844387,-0.49999999999999983,0.9966589017541702,-0.08167639533042241,4952.0,9060.0,6336.0,3739.285714285714,4888.0,2609.599376295508,4871.866666666667,5668.5,2760.8185034868557,5650.0,0,1,0,0,0,1,0,0,1,6304
723,0,2013-04-07,-2.4492935982947064e-16,1.0,0.8660254037844387,-0.49999999999999983,0.9951053111006976,-0.09882013873287143,6304.0,0.0,0.0,3739.285714285714,4888.0,2609.599376295508,4674.033333333334,5506.0,2891.5580871330194,5650.0,0,1,0,0,0,1,0,0,1,0
723,0,2013-04-08,0.7818314824680298,0.6234898018587336,0.8660254037844387,-0.49999999999999983,0.9932568492674143,-0.11593459959550041,0.0,0.0,7758.0,4779.142857142857,4952.0,2303.557135429999,4712.033333333334,5506.0,2918.836216871296,5650.0,1,1,0,0,0,1,0,0,1,7279
723,0,2013-04-09,0.9749279121818236,-0.22252093395631434,0.8660254037844387,-0.49999999999999983,0.9911140639934547,-0.1330147065341959,7279.0,5383.0,6798.0,4941.142857142857,4952.0,2391.3053916617305,4929.266666666666,5668.5,2795.9791195181715,5650.0,1,1,0,0,0,1,0,0,1,6517
723,0,2013-04-10,0.43388373911755823,-0.900968867902419,0.8660254037844387,-0.49999999999999983,0.9886775902323405,-0.1500553983446526,6517.0,4648.0,7262.0,5071.285714285715,5559.0,2397.4744846946523,4904.066666666667,5583.0,2786.4495631207988,5650.0,1,1,0,0,0,1,0,0,1,5559
723,0,2013-04-11,-0.433883739117558,-0.9009688679024191,0.8660254037844387,-0.49999999999999983,0.9859481499638304,-0.16705162550211924,5559.0,4888.0,8508.0,5155.0,5559.0,2400.237210499548,4987.533333333334,5583.0,2763.9298825046735,5650.0,1,1,0,0,0,1,0,0,1,5474
723,0,2013-04-12,-0.9749279121818236,-0.2225209339563146,0.8660254037844387,-0.49999999999999983,0.9829265519799822,-0.18399835165768005,5474.0,4952.0,0.0,5328.714285714285,6168.0,2426.951291523699,5044.5,5668.5,2770.265401825559,5650.0,1,1,0,0,0,1,0,0,1,6168
723,0,2013-04-13,-0.7818314824680299,0.6234898018587334,0.8660254037844387,-0.49999999999999983,0.9796136916454901,-0.20089055513063506,6168.0,6304.0,9060.0,5287.714285714285,6017.0,2410.0948608084327,5087.4,5873.5,2775.1879414455566,5650.0,0,1,0,0,0,1,0,0,1,6017
723,0,2013-04-14,-2.4492935982947064e-16,1.0,0.8660254037844387,-0.49999999999999983,0.9760105506323683,-0.21772323039653177,6017.0,0.0,0.0,5287.714285714285,6017.0,2410.0948608084327,4900.5,5873.5,2923.8147112149977,5650.0,0,1,0,0,0,1,0,0,1,0
723,0,2013-04-15,0.7818314824680298,0.6234898018587336,0.8660254037844387,-0.49999999999999983,0.9721181966290613,-0.23449138957040985,0.0,7279.0,0.0,4897.571428571428,5559.0,2249.7341218569823,4828.4,5644.5,2904.23279203731,5650.0,0,1,0,0,0,1,0,0,1,4548
723,0,2013-04-16,0.9749279121818236,-0.22252093395631434,0.8660254037844387,-0.49999999999999983,0.9679377830240642,-0.25119006388481935,4548.0,6517.0,5383.0,4589.0,5474.0,2135.843939367604,4973.633333333333,5644.5,2759.800498578479,5650.0,0,1,0,0,0,1,0,0,1,4357
723,0,2013-04-17,0.43388373911755823,-0.900968867902419,0.8660254037844387,-0.49999999999999983,0.9634705485641488,-0.2678143051621742,4357.0,5559.0,4648.0,4417.142857142857,4548.0,2092.7502182989906,4861.433333333333,5516.5,2712.224887473361,5650.0,0,1,0,0,0,1,0,0,1,4356
723,0,2013-04-18,-0.433883739117558,-0.9009688679024191,0.8660254037844387,-0.49999999999999983,0.9587178169872964,-0.2843591872810034,4356.0,5474.0,4888.0,4281.428571428572,4524.0,2043.0028436220096,4805.933333333333,5439.5,2701.1349585623852,5650.0,0,1,0,0,0,1,0,0,1,4524
723,0,2013-04-19,-0.9749279121818236,-0.2225209339563146,0.8660254037844387,-0.49999999999999983,0.9536809966304457,-0.30081980763566735,4524.0,6168.0,4952.0,4105.571428571428,4524.0,1901.6355116182542,4779.5,5394.0,2695.6548017772657,5650.0,0,1,0,0,0,1,0,0,1,4937
723,0,2013-04-20,-0.7818314824680299,0.6234898018587334,0.8660254037844387,-0.49999999999999983,0.9483615800121715,-0.3171912885891061,4937.0,6017.0,6304.0,4057.0,4524.0,1848.2703626183416,4788.566666666667,5428.5,2698.2873199345436,5650.0,0,1,0,0,0,1,0,0,1,5677
723,0,2013-04-21,-2.4492935982947064e-16,1.0,0.8660254037844387,-0.49999999999999983,0.9427611433904207,-0.3334687789181868,5677.0,0.0,0.0,4057.0,4524.0,1848.270362618341,4577.0,5167.5,2818.04971689581,5650.0,0,1,0,0,0,1,0,0,1,0
723,0,2013-04-22,0.7818314824680298,0.6234898018587336,0.8660254037844387,-0.49999999999999983,0.9368813462954315,-0.3496474552512284,0.0,4548.0,7279.0,4356.285714285715,4524.0,2094.275189994994,4587.233333333334,5167.5,2825.2058537550774,5650.0,1,1,0,0,0,1,0,0,1,6643
723,0,2013-04-23,0.9749279121818236,-0.22252093395631434,0.8660254037844387,-0.49999999999999983,0.9307239310379795,-0.36572252349726897,6643.0,4357.0,6517.0,4550.857142857143,4937.0,2156.691712521086,4777.866666666667,5428.5,2694.949359556634,5650.0,1,1,0,0,0,1,0,0,1,5719
723,0,2013-04-24,0.43388373911755823,-0.900968867902419,0.8660254037844387,-0.49999999999999983,0.9242907221930934,-0.3816892202666588,5719.0,4356.0,5559.0,4691.428571428572,5340.0,2173.8740271032902,4697.266666666666,5361.5,2638.3100512329443,5650.0,1,1,0,0,0,1,0,0,1,5340
723,0,2013-04-25,-0.433883739117558,-0.9009688679024191,0.8660254037844387,-0.49999999999999983,0.9175836260593937,-0.39754281428255595,5340.0,4524.0,5474.0,4796.428571428572,5340.0,2182.1739815409483,4645.966666666666,5299.5,2610.8740177920513,5650.0,1,1,0,0,0,1,0,0,1,5259
723,0,2013-04-26,-0.9749279121818236,-0.2225209339563146,0.8660254037844387,-0.49999999999999983,0.9106046300942163,-0.4132786077829042,5259.0,4937.0,6168.0,5006.142857142857,5677.0,2266.832623476451,4617.4,5299.5,2585.832202466035,5650.0,1,1,0,0,0,1,0,0,1,6405
723,0,2013-04-27,-0.7818314824680299,0.6234898018587334,0.8660254037844387,-0.49999999999999983,0.9033558023246845,-0.4288919379124835,6405.0,5677.0,6017.0,5139.0,5719.0,2338.814443259658,4554.033333333334,5299.5,2509.3658834019425,5650.0,0,1,0,0,0,1,0,0,1,6607
723,0,2013-04-28,-2.4492935982947064e-16,1.0,0.8660254037844387,-0.49999999999999983,0.895839290734909,-0.4443781781046132,6607.0,0.0,0.0,5139.0,5719.0,2338.814443259658,4554.033333333334,5299.5,2509.3658834019425,5650.0,0,1,0,0,0,1,0,0,1,0
723,0,2013-04-29,0.7818314824680298,0.6234898018587336,0.8660254037844387,-0.49999999999999983,0.8880573226294932,-0.45973273945210397,0.0,6643.0,4548.0,5527.142857142857,5719.0,2808.337552632124,4564.033333333334,5299.5,2528.4667356588525,5650.0,1,1,0,0,0,1,0,0,1,9360
723,0,2013-04-30,0.9749279121818236,-0.22252093395631434,0.8660254037844387,-0.49999999999999983,0.8800122039735357,-0.47495107206704995,9360.0,5719.0,4357.0,6013.714285714285,6405.0,3124.3949661913543,4868.2,5361.5,2509.2770823211354,5650.0,1,1,0,0,0,1,0,0,1,9125
723,0,2013-05-01,0.43388373911755823,-0.900968867902419,0.49999999999999994,-0.8660254037844387,0.8717063187093218,-0.49002866642905923,9125.0,5340.0,4356.0,5250.857142857143,6405.0,3877.462117956855,4868.2,5361.5,2509.2770823211354,5650.0,1,1,0,0,0,1,0,0,1,0
723,0,2013-05-02,-0.433883739117558,-0.9009688679024191,0.49999999999999994,-0.8660254037844387,0.8631421280499114,-0.5049610547215204,0.0,5259.0,4524.0,5462.714285714285,6607.0,3918.2804780620136,4913.5,5407.0,2531.0636819465776,5650.0,1,1,0,0,0,1,0,0,1,6742
723,0,2013-05-03,-0.9749279121818236,-0.2225209339563146,0.49999999999999994,-0.8660254037844387,0.854322169749827,-0.5197438121555155,6742.0,6405.0,4937.0,5546.0,6742.0,3947.7328936998733,4991.5,5516.5,2558.5068214043154,5650.0,1,1,0,0,0,1,0,0,1,6988
723,0,2013-05-04,-0.7818314824680299,0.6234898018587334,0.49999999999999994,-0.8660254037844387,0.8452490573530633,-0.5343725582809787,6988.0,6607.0,5677.0,5513.428571428572,6742.0,3938.449604313131,5041.2,5618.0,2570.8786824741455,5650.0,0,1,0,0,0,1,0,0,1,6379
723,0,2013-05-05,-2.4492935982947064e-16,1.0,0.49999999999999994,-0.8660254037844387,0.835925479418637,-0.548842958284719,6379.0,0.0,0.0,5513.428571428572,6742.0,3938.449604313131,4876.133333333333,5618.0,2730.8040338450446,5650.0,0,1,0,0,0,1,0,0,1,0
723,0,2013-05-06,0.7818314824680298,0.6234898018587336,0.49999999999999994,-0.8660254037844387,0.8263541987239096,-0.5631507242749186,0.0,9360.0,6643.0,4901.142857142857,6379.0,3555.302163837901,4835.133333333333,5516.5,2717.829683498535,5650.0,0,1,0,0,0,1,0,0,1,5074
723,0,2013-05-07,0.9749279121818236,-0.22252093395631434,0.49999999999999994,-0.8660254037844387,0.8165380514459161,-0.5772916165517272,5074.0,9125.0,5719.0,4438.0,5883.0,3094.6891604812254,5031.233333333334,5618.0,2564.8633852619655,5650.0,0,1,0,0,0,1,0,0,1,5883
723,0,2013-05-08,0.43388373911755823,-0.900968867902419,0.49999999999999994,-0.8660254037844387,0.8064799463209448,-0.5912614448635781,5883.0,0.0,5340.0,5343.0,6335.0,2436.944671783361,4999.766666666666,5618.0,2542.025050520011,5650.0,0,1,0,0,0,1,0,0,1,6335
723,0,2013-05-09,-0.433883739117558,-0.9009688679024191,0.49999999999999994,-0.8660254037844387,0.7961828637826158,-0.6050560696488488,6335.0,6742.0,5259.0,4379.857142857143,5883.0,3047.653054869785,4782.533333333334,5516.5,2682.4770427829335,5650.0,0,1,0,0,0,1,0,0,1,0
723,0,2013-05-10,-0.9749279121818236,-0.2225209339563146,0.49999999999999994,-0.8660254037844387,0.7856498550787145,-0.6186714032625031,0.0,6988.0,6405.0,4453.0,5883.0,3125.8217053013955,4847.233333333334,5575.5,2724.92297497383,5650.0,0,1,0,0,0,1,0,0,1,7500
723,0,2013-05-11,-0.7818314824680299,0.6234898018587334,0.49999999999999994,-0.8660254037844387,0.7748840413670407,-0.6321034111873487,7500.0,6379.0,6607.0,4508.0,5883.0,3168.454881063217,4890.233333333334,5698.0,2745.2569716203043,5650.0,0,1,0,0,0,1,0,0,1,6764
723,0,2013-05-12,-2.4492935982947064e-16,1.0,0.49999999999999994,-0.8660254037844387,0.7638886127905428,-0.6453481132295501,6764.0,0.0,0.0,4508.0,5883.0,3168.454881063217,4684.633333333333,5508.5,2874.202695841337,5650.0,0,1,0,0,0,1,0,0,1,0
723,0,2013-05-13,0.7818314824680298,0.6234898018587336,0.49999999999999994,-0.8660254037844387,0.7526668275320084,-0.6584015846980488,0.0,5074.0,9360.0,4833.285714285715,6335.0,3348.0406067970403,4729.1,5508.5,2905.6733132697964,5650.0,1,1,0,0,0,1,0,0,1,7351
723,0,2013-05-14,0.9749279121818236,-0.22252093395631434,0.49999999999999994,-0.8660254037844387,0.741222010848596,-0.6712599575675313,7351.0,5883.0,9125.0,4919.428571428572,6486.0,3387.080249868256,4945.3,5698.0,2780.2581268155905,5650.0,1,1,0,0,0,1,0,0,1,6486
723,0,2013-05-15,0.43388373911755823,-0.900968867902419,0.49999999999999994,-0.8660254037844387,0.7295575540864875,-0.6839194216246106,6486.0,6335.0,0.0,4823.571428571428,6486.0,3349.6293256191207,4982.5,5698.0,2782.2242993195455,5650.0,1,1,0,0,0,1,0,0,1,5664
723,0,2013-05-16,-0.433883739117558,-0.9009688679024191,0.49999999999999994,-0.8660254037844387,0.717676913675962,-0.6963762255968722,5664.0,0.0,6742.0,5758.428571428572,6544.0,2610.7287524841795,5055.4,5801.0,2793.8972236916165,5650.0,1,1,0,0,0,1,0,0,1,6544
723,0,2013-05-17,-0.9749279121818236,-0.2225209339563146,0.49999999999999994,-0.8660254037844387,0.705583610107178,-0.7086266782644596,6544.0,7500.0,6988.0,5661.285714285715,6544.0,2546.9993269391634,5137.533333333334,6109.0,2808.8055227031678,5650.0,1,1,0,0,0,1,0,0,1,6820
723,0,2013-05-18,-0.7818314824680299,0.6234898018587334,0.49999999999999994,-0.8660254037844387,0.6932812268869777,-0.7206671495538609,6820.0,6764.0,6379.0,5592.714285714285,6486.0,2518.6674197735106,5196.2,6309.5,2813.924580515189,5650.0,0,1,0,0,0,1,0,0,1,6284
723,0,2013-05-19,-2.4492935982947064e-16,1.0,0.49999999999999994,-0.8660254037844387,0.6807734094770161,-0.7324940716135789,6284.0,0.0,0.0,5592.714285714285,6486.0,2518.6674197735106,5031.633333333333,6309.5,2969.6616489417447,5650.0,0,1,0,0,0,1,0,0,1,0
723,0,2013-05-20,0.7818314824680298,0.6234898018587336,0.49999999999999994,-0.8660254037844387,0.6680638642135335,-0.7441039398713607,0.0,7351.0,5074.0,4542.571428571428,6284.0,3123.2834676102657,4842.4,6309.5,3104.914775886327,5650.0,0,1,0,0,0,1,0,0,1,0
723,0,2013-05-21,0.9749279121818236,-0.22252093395631434,0.49999999999999994,-0.8660254037844387,0.6551563572090853,-0.7554933140726803,0.0,6486.0,5883.0,4516.142857142857,6284.0,3104.825944051797,5052.433333333333,6318.0,2976.515165404849,5650.0,0,1,0,0,0,1,0,0,1,6301
723,0,2013-05-22,0.43388373911755823,-0.900968867902419,0.49999999999999994,-0.8660254037844387,0.6420547132365637,-0.766658819300159,6301.0,5664.0,6335.0,4362.285714285715,6284.0,3064.892750395772,4983.9,6292.5,2962.2652952276817,5650.0,0,1,0,0,0,1,0,0,1,4587
723,0,2013-05-23,-0.433883739117558,-0.9009688679024191,0.49999999999999994,-0.8660254037844387,0.6287628145958344,-0.777597146973627,4587.0,6544.0,0.0,4048.1428571428573,4587.0,2912.9317092676815,4938.1,6292.5,2961.129483362958,5650.0,0,1,0,0,0,1,0,0,1,4345
723,0,2013-05-24,-0.9749279121818236,-0.2225209339563146,0.49999999999999994,-0.8660254037844387,0.6152845999633276,-0.7883050558305255,4345.0,6820.0,7500.0,3890.0,4587.0,2763.588247188787,4950.533333333334,6292.5,2963.6571970471205,5650.0,0,1,0,0,0,1,0,0,1,5713
723,0,2013-05-25,-0.7818314824680299,0.6234898018587334,0.49999999999999994,-0.8660254037844387,0.6016240632249226,-0.7987793728863649,5713.0,6284.0,6764.0,3944.1428571428573,4587.0,2821.4149185926435,4997.333333333333,6318.0,2979.738120098445,5650.0,0,1,0,0,0,1,0,0,1,6663
723,0,2013-05-26,-2.4492935982947064e-16,1.0,0.49999999999999994,-0.8660254037844387,0.5877852522924732,-0.8090169943749473,6663.0,0.0,0.0,3944.1428571428573,4587.0,2821.4149185926435,4783.833333333333,6292.5,3102.3388627840495,5650.0,0,1,0,0,0,1,0,0,1,0
723,0,2013-05-27,0.7818314824680298,0.6234898018587336,0.49999999999999994,-0.8660254037844387,0.5737722679043246,-0.8190148866680801,0.0,0.0,7351.0,4932.0,5713.0,2387.5018324600264,4794.1,6292.5,3109.08268265516,5650.0,1,1,0,0,0,1,0,0,1,6915
723,0,2013-05-28,0.9749279121818236,-0.22252093395631434,0.49999999999999994,-0.8660254037844387,0.5595892624101765,-0.8287700871745037,6915.0,6301.0,6486.0,4996.285714285715,5713.0,2436.071339560596,5019.133333333333,6318.0,2992.2446969519024,5650.0,1,1,0,0,0,1,0,0,1,6751
723,0,2013-05-29,0.43388373911755823,-0.900968867902419,0.49999999999999994,-0.8660254037844387,0.545240438540651,-0.8382797052177743,6751.0,4587.0,5664.0,5530.0,6663.0,2723.729612131127,4984.566666666667,6318.0,2946.001892493403,5650.0,1,1,0,0,0,1,0,0,1,8323
723,0,2013-05-30,-0.433883739117558,-0.9009688679024191,0.49999999999999994,-0.8660254037844387,0.5307300481619334,-0.8475409228928311,8323.0,4345.0,6544.0,4909.285714285715,6663.0,3439.7647552454164,4680.4,6292.5,2974.6983805374985,5650.0,1,1,0,0,0,1,0,0,1,0
723,0,2013-05-31,-0.9749279121818236,-0.2225209339563146,0.49999999999999994,-0.8660254037844387,0.5160623910158528,-0.8565509959010036,0.0,5713.0,6820.0,5375.142857142857,6751.0,3771.575154077819,4979.533333333334,6318.0,2938.8041050427455,5650.0,1,1,0,0,0,1,0,0,1,8974
723,0,2013-06-01,-0.7818314824680299,0.6234898018587334,1.2246467991473532e-16,-1.0,0.5012418134457758,-0.865307254363206,8974.0,6663.0,6284.0,5427.428571428572,6915.0,3794.869468863754,4989.1,6318.0,2945.199464587568,5650.0,0,1,0,0,0,1,0,0,1,7029
723,0,2013-06-02,-2.4492935982947064e-16,1.0,1.2246467991473532e-16,-1.0,0.48627270710869,-0.8738071036110808,7029.0,0.0,0.0,5427.428571428572,6915.0,3794.869468863754,4756.166666666667,6292.5,3055.9132963342804,5650.0,0,1,0,0,0,1,0,0,1,0
723,0,2013-06-03,0.7818314824680298,0.6234898018587336,1.2246467991473532e-16,-1.0,0.4711595076738638,-0.8820480249558537,0.0,6915.0,0.0,5524.714285714285,7029.0,3847.7219976797383,4796.733333333334,6292.5,3086.1273124266518,5650.0,1,1,0,0,0,1,0,0,1,7596
723,0,2013-06-04,0.9749279121818236,-0.22252093395631434,1.2246467991473532e-16,-1.0,0.4559066935084588,-0.8900275764346767,7596.0,6751.0,6301.0,5334.0,7029.0,3809.7074690847307,4977.266666666666,6292.5,2951.3196572957377,5650.0,1,1,0,0,0,1,0,0,1,5416
723,0,2013-06-05,0.43388373911755823,-0.900968867902419,1.2246467991473532e-16,-1.0,0.440518784350495,-0.8977433935342337,5416.0,8323.0,4587.0,5059.142857142857,6399.0,3622.947806624296,5021.433333333333,6318.0,2962.709566960778,5650.0,1,1,0,0,0,1,0,0,1,6399
723,0,2013-06-06,-0.433883739117558,-0.9009688679024191,1.2246467991473532e-16,-1.0,0.42500033996955416,-0.9051931898913974,6399.0,0.0,4345.0,5872.428571428572,6399.0,2855.734514804835,5015.1,6318.0,2961.006892467726,5650.0,1,1,0,0,0,1,0,0,1,5693
723,0,2013-06-07,-0.9749279121818236,-0.2225209339563146,1.2246467991473532e-16,-1.0,0.4093559588156213,-0.9123747579707273,5693.0,8974.0,5713.0,5562.285714285715,6399.0,2565.9376268260867,5030.7,6350.0,2969.4214129332013,5650.0,1,1,0,0,0,1,0,0,1,6803
723,0,2013-06-08,-0.7818314824680299,0.6234898018587334,1.2246467991473532e-16,-1.0,0.39359027665646673,-0.9192859697186104,6803.0,7029.0,6663.0,5377.714285714285,5737.0,2488.139312437152,5221.933333333333,6350.0,2814.986089673885,5650.0,0,1,0,0,0,1,0,0,1,5737
723,0,2013-06-09,-2.4492935982947064e-16,1.0,1.2246467991473532e-16,-1.0,0.3777079652039649,-0.9259247771938498,5737.0,0.0,0.0,5377.714285714285,5737.0,2488.139312437152,4971.933333333333,6292.5,2936.126077032437,5650.0,0,1,0,0,0,1,0,0,1,0
723,0,2013-06-10,0.7818314824680298,0.6234898018587336,1.2246467991473532e-16,-1.0,0.36171373072976765,-0.9322892131745133,0.0,7596.0,6915.0,5037.428571428572,5693.0,2289.1218736408373,4920.266666666666,6010.5,2917.0796914785833,5650.0,0,1,0,0,0,1,0,0,1,5214
723,0,2013-06-11,0.9749279121818236,-0.22252093395631434,1.2246467991473532e-16,-1.0,0.3456123126707335,-0.9383773917408641,5214.0,5416.0,6751.0,4917.714285714285,5693.0,2287.9361671082283,5072.866666666667,6010.5,2766.678473316451,5650.0,0,1,0,0,0,1,0,0,1,4578
723,0,2013-06-12,0.43388373911755823,-0.900968867902419,1.2246467991473532e-16,-1.0,0.3294084822245304,-0.9441875088341993,4578.0,6399.0,8323.0,4726.0,5214.0,2197.5677463959983,4996.4,5725.0,2733.040047904216,5650.0,0,1,0,0,0,1,0,0,1,5057
723,0,2013-06-13,-0.433883739117558,-0.9009688679024191,1.2246467991473532e-16,-1.0,0.3131070409358269,-0.9497178427914316,5057.0,5693.0,0.0,4582.285714285715,5057.0,2156.2961851506448,4936.433333333333,5703.0,2718.9289813724686,5650.0,0,1,0,0,0,1,0,0,1,4687
723,0,2013-06-14,-0.9749279121818236,-0.2225209339563146,1.2246467991473532e-16,-1.0,0.29671281927349075,-0.9549667548552551,4687.0,6803.0,8974.0,4418.571428571428,5057.0,1997.2273161513035,4936.2,5703.0,2718.864689534954,5650.0,0,1,0,0,0,1,0,0,1,5657
723,0,2013-06-15,-0.7818314824680299,0.6234898018587334,1.2246467991473532e-16,-1.0,0.28023067519921585,-0.9599326896597447,5657.0,5737.0,7029.0,4465.571428571428,5057.0,2036.901475046745,4920.266666666666,5703.0,2710.505372566645,5650.0,0,1,0,0,0,1,0,0,1,6066
723,0,2013-06-16,-2.4492935982947064e-16,1.0,1.2246467991473532e-16,-1.0,0.26366549272800704,-0.9646141756912435,6066.0,0.0,0.0,4465.571428571428,5057.0,2036.901475046745,4692.933333333333,5675.0,2829.085180923251,5650.0,0,1,0,0,0,1,0,0,1,0
723,0,2013-06-17,0.7818314824680298,0.6234898018587336,1.2246467991473532e-16,-1.0,0.24702218048093552,-0.9690098257244062,0.0,5214.0,7596.0,4726.285714285715,5057.0,2253.90000623258,4718.1,5675.0,2847.028097798681,5650.0,1,1,0,0,0,1,0,0,1,7039
723,0,2013-06-18,0.9749279121818236,-0.22252093395631434,1.2246467991473532e-16,-1.0,0.23030567023061221,-0.9731183372332619,7039.0,4578.0,5416.0,4939.0,5657.0,2307.205596965007,4920.333333333333,5703.0,2712.6371865303195,5650.0,1,1,0,0,0,1,0,0,1,6067
723,0,2013-06-19,0.43388373911755823,-0.900968867902419,1.2246467991473532e-16,-1.0,0.21352091543979612,-0.9769384927771817,6067.0,5057.0,6399.0,4990.285714285715,5657.0,2314.2449967023567,5100.866666666667,5703.0,2549.184125509008,5650.0,1,1,0,0,0,1,0,0,1,5416
723,0,2013-06-20,-0.433883739117558,-0.9009688679024191,1.2246467991473532e-16,-1.0,0.19667288979357647,-0.980469160361632,5416.0,4687.0,5693.0,5117.714285714285,5657.0,2319.3143896624333,5076.8,5675.0,2540.857626051107,5650.0,1,1,0,0,0,1,0,0,1,5579
723,0,2013-06-21,-0.9749279121818236,-0.2225209339563146,1.2246467991473532e-16,-1.0,0.1797665857255624,-0.9837092937736097,5579.0,5657.0,6803.0,5164.571428571428,5985.0,2335.28376984774,5123.4,5703.0,2544.3822039937318,5650.0,1,1,0,0,0,1,0,0,1,5985
723,0,2013-06-22,-0.7818314824680299,0.6234898018587334,1.2246467991473532e-16,-1.0,0.16280701293851715,-0.986657932891657,5985.0,6066.0,5737.0,5214.428571428572,5985.0,2361.316712990362,5192.4,5725.0,2550.6053182833234,5650.0,0,1,0,0,0,1,0,0,1,6415
723,0,2013-06-23,-2.4492935982947064e-16,1.0,1.2246467991473532e-16,-1.0,0.1457991969198751,-0.9893142039703663,6415.0,0.0,0.0,5214.428571428572,5985.0,2361.316712990362,5001.966666666666,5715.0,2718.164219282659,5650.0,0,1,0,0,0,1,0,0,1,0
723,0,2013-06-24,0.7818314824680298,0.6234898018587336,1.2246467991473532e-16,-1.0,0.12874817745258132,-0.99167731989929,0.0,7039.0,5214.0,4913.142857142857,5579.0,2220.034791662163,4944.2,5675.0,2700.0007841633605,5650.0,0,1,0,0,0,1,0,0,1,4930
723,0,2013-06-25,0.9749279121818236,-0.22252093395631434,1.2246467991473532e-16,-1.0,0.11165900712169512,-0.993746580436178,4930.0,6067.0,4578.0,4700.428571428572,5416.0,2161.617053438067,5096.8,5675.0,2535.2719285560156,5650.0,0,1,0,0,0,1,0,0,1,4578
723,0,2013-06-26,0.43388373911755823,-0.900968867902419,1.2246467991473532e-16,-1.0,0.09453674981719912,-0.9955213724144752,4578.0,5416.0,5057.0,4574.142857142857,4930.0,2138.5438526071416,5017.366666666667,5618.0,2513.5794436500773,5650.0,0,1,0,0,0,1,0,0,1,4532
723,0,2013-06-27,-0.433883739117558,-0.9009688679024191,1.2246467991473532e-16,-1.0,0.07738647923346301,-0.9970011699250151,4532.0,5579.0,4687.0,4557.285714285715,4930.0,2129.749884711479,4974.366666666667,5520.0,2493.856057059696,5650.0,0,1,0,0,0,1,0,0,1,5461
723,0,2013-06-28,-0.9749279121818236,-0.2225209339563146,1.2246467991473532e-16,-1.0,0.06021327736579302,-0.9981855344718586,5461.0,5985.0,5657.0,4503.714285714285,4930.0,2092.237933751455,4883.933333333333,5520.0,2416.2207728161984,5650.0,0,1,0,0,0,1,0,0,1,5610
723,0,2013-06-29,-0.7818314824680299,0.6234898018587334,1.2246467991473532e-16,-1.0,0.04302223300453059,-0.99907411510223,5610.0,6415.0,6066.0,4651.571428571428,4930.0,2278.131972848428,5132.266666666666,5594.5,2275.7141498777964,5650.0,0,1,0,0,0,1,0,0,1,7450
723,0,2013-06-30,-2.4492935982947064e-16,1.0,1.2246467991473532e-16,-1.0,0.02581844022713308,-0.9996666485105112,7450.0,0.0,0.0,4651.571428571428,4930.0,2278.131972848428,4833.133333333333,5520.0,2342.148994544045,5650.0,0,1,0,0,0,1,0,0,1,0
723,0,2013-07-01,0.7818314824680298,0.6234898018587336,-0.4999999999999998,-0.8660254037844388,0.008606996888688698,-0.9999629591162655,0.0,4930.0,7039.0,5172.857142857143,5461.0,2725.934483718161,4884.8,5520.0,2408.4177006262134,5650.0,1,1,0,0,0,1,0,0,1,8579
723,0,2013-07-02,0.9749279121818236,-0.22252093395631434,-0.4999999999999998,-0.8660254037844388,-0.008606996888688009,-0.9999629591162655,8579.0,4578.0,6067.0,5578.0,5610.0,2831.4953057822036,5131.933333333333,5594.5,2266.070074293643,5650.0,1,1,0,0,0,1,0,0,1,7414
723,0,2013-07-03,0.43388373911755823,-0.900968867902419,-0.4999999999999998,-0.8660254037844388,-0.02581844022713239,-0.9996666485105112,7414.0,4532.0,5416.0,5862.0,6520.0,2808.702250743806,5096.066666666667,5594.5,2234.013288839761,5650.0,1,1,0,0,0,1,0,0,1,6520
723,0,2013-07-04,-0.433883739117558,-0.9009688679024191,-0.4999999999999998,-0.8660254037844388,-0.04302223300453034,-0.99907411510223,6520.0,5461.0,5579.0,6108.857142857143,7189.0,2843.3081922631013,5155.166666666667,5633.5,2265.9920120888723,5650.0,1,1,0,0,0,1,0,0,1,7189
723,0,2013-07-05,-0.9749279121818236,-0.2225209339563146,-0.4999999999999998,-0.8660254037844388,-0.060213277365792774,-0.9981855344718586,7189.0,5610.0,5985.0,6363.714285714285,7394.0,2870.960275719937,5188.333333333333,5633.5,2291.9584056726103,5650.0,1,1,0,0,0,1,0,0,1,7394
723,0,2013-07-06,-0.7818314824680299,0.6234898018587334,-0.4999999999999998,-0.8660254037844388,-0.07738647923346322,-0.9970011699250151,7394.0,7450.0,6415.0,6178.142857142857,7189.0,2830.7434493769415,5203.6,5633.5,2296.9558054986155,5650.0,0,1,0,0,0,1,0,0,1,6151
723,0,2013-07-07,-2.4492935982947064e-16,1.0,-0.4999999999999998,-0.8660254037844388,-0.09453674981719933,-0.9955213724144752,6151.0,0.0,0.0,6178.142857142857,7189.0,2830.7434493769415,4976.833333333333,5594.5,2463.393035454643,5650.0,0,1,0,0,0,1,0,0,1,0
723,0,2013-07-08,0.7818314824680298,0.6234898018587336,-0.4999999999999998,-0.8660254037844388,-0.11165900712169444,-0.9937465804361781,0.0,8579.0,4930.0,5756.285714285715,6520.0,2625.949143597776,4973.133333333333,5594.5,2462.295014865174,5650.0,0,1,0,0,0,1,0,0,1,5626
723,0,2013-07-09,0.9749279121818236,-0.22252093395631434,-0.4999999999999998,-0.8660254037844388,-0.12874817745258066,-0.99167731989929,5626.0,7414.0,4578.0,5353.857142857143,6151.0,2544.141599084152,5126.366666666667,5594.5,2278.3010379535517,5650.0,0,1,0,0,0,1,0,0,1,4597
723,0,2013-07-10,0.43388373911755823,-0.900968867902419,-0.4999999999999998,-0.8660254037844388,-0.14579919691987442,-0.9893142039703664,4597.0,6520.0,4532.0,5141.285714285715,5626.0,2492.098694827693,5120.3,5594.5,2278.301956161272,5650.0,0,1,0,0,0,1,0,0,1,5032
723,0,2013-07-11,-0.433883739117558,-0.9009688679024191,-0.4999999999999998,-0.8660254037844388,-0.16280701293851646,-0.9866579328916572,5032.0,7189.0,5461.0,4908.428571428572,5559.0,2340.410566342497,5153.0,5594.5,2277.2898593390078,5650.0,0,1,0,0,0,1,0,0,1,5559
723,0,2013-07-12,-0.9749279121818236,-0.2225209339563146,-0.4999999999999998,-0.8660254037844388,-0.17976658572556214,-0.9837092937736098,5559.0,7394.0,5610.0,4627.571428571428,5428.0,2097.810513936123,5165.366666666667,5594.5,2277.7578582719325,5650.0,0,1,0,0,0,1,0,0,1,5428
723,0,2013-07-13,-0.7818314824680299,0.6234898018587334,-0.4999999999999998,-0.8660254037844388,-0.19667288979357622,-0.9804691603616321,5428.0,6151.0,7450.0,4634.142857142857,5428.0,2103.442529804526,5215.7,5618.0,2283.499086776771,5650.0,0,1,0,0,0,1,0,0,1,6197
723,0,2013-07-14,-2.4492935982947064e-16,1.0,-0.4999999999999998,-0.8660254037844388,-0.2135209154397959,-0.9769384927771817,6197.0,0.0,0.0,4634.142857142857,5428.0,2103.442529804526,5027.133333333333,5594.5,2471.6233215597726,5650.0,0,1,0,0,0,1,0,0,1,0
723,0,2013-07-15,0.7818314824680298,0.6234898018587336,-0.4999999999999998,-0.8660254037844388,-0.23030567023061196,-0.973118337233262,0.0,5626.0,8579.0,5098.285714285715,5428.0,2647.0081044004933,5120.766666666666,5594.5,2563.823595030825,5650.0,1,1,0,0,0,1,0,0,1,8875
723,0,2013-07-16,0.9749279121818236,-0.22252093395631434,-0.4999999999999998,-0.8660254037844388,-0.24702218048093527,-0.9690098257244063,8875.0,4597.0,7414.0,5357.571428571428,5559.0,2678.428199345207,5334.5,5618.0,2383.1095703173055,5650.0,1,1,0,0,0,1,0,0,1,6412
723,0,2013-07-17,0.43388373911755823,-0.900968867902419,-0.4999999999999998,-0.8660254037844388,-0.2636654927280072,-0.9646141756912435,6412.0,5032.0,6520.0,5517.0,6148.0,2689.012334172776,5304.8,5618.0,2366.6295311964304,5650.0,1,1,0,0,0,1,0,0,1,6148
723,0,2013-07-18,-0.433883739117558,-0.9009688679024191,-0.4999999999999998,-0.8660254037844388,-0.2802306751992161,-0.9599326896597445,6148.0,5559.0,7189.0,5661.714285714285,6197.0,2718.743258338656,5321.633333333333,5618.0,2374.0222740048725,5650.0,1,1,0,0,0,1,0,0,1,6572
723,0,2013-07-19,-0.9749279121818236,-0.2225209339563146,-0.4999999999999998,-0.8660254037844388,-0.2967128192734901,-0.9549667548552553,6572.0,5428.0,7394.0,5828.285714285715,6412.0,2737.690676116501,5360.9,5805.5,2385.3520429834916,5650.0,1,1,0,0,0,1,0,0,1,6594
723,0,2013-07-20,-0.7818314824680299,0.6234898018587334,-0.4999999999999998,-0.8660254037844388,-0.3131070409358267,-0.9497178427914317,6594.0,6197.0,6151.0,5813.571428571428,6412.0,2735.654696603284,5378.066666666667,6039.5,2388.826388133654,5650.0,0,1,0,0,0,1,0,0,1,6094
723,0,2013-07-21,-2.4492935982947064e-16,1.0,-0.4999999999999998,-0.8660254037844388,-0.3294084822245302,-0.9441875088341994,6094.0,0.0,0.0,5813.571428571428,6412.0,2735.654696603284,5178.566666666667,5860.0,2578.755910730296,5650.0,0,1,0,0,0,1,0,0,1,0
723,0,2013-07-22,0.7818314824680298,0.6234898018587336,-0.4999999999999998,-0.8660254037844388,-0.3456123126707333,-0.9383773917408642,0.0,8875.0,5626.0,5300.0,6148.0,2379.3873160963067,5140.733333333334,5618.0,2568.295153482617,5650.0,0,1,0,0,0,1,0,0,1,5280
723,0,2013-07-23,0.9749279121818236,-0.22252093395631434,-0.4999999999999998,-0.8660254037844388,-0.3617137307297674,-0.9322892131745134,5280.0,6412.0,4597.0,5060.714285714285,6094.0,2332.6853419957633,5298.633333333333,5618.0,2380.060481458885,5650.0,0,1,0,0,0,1,0,0,1,4737
723,0,2013-07-24,0.43388373911755823,-0.900968867902419,-0.4999999999999998,-0.8660254037844388,-0.37770796520396466,-0.9259247771938499,4737.0,6148.0,5032.0,4944.142857142857,5332.0,2289.27968500803,5312.033333333334,5618.0,2379.044903742464,5650.0,0,1,0,0,0,1,0,0,1,5332
723,0,2013-07-25,-0.433883739117558,-0.9009688679024191,-0.4999999999999998,-0.8660254037844388,-0.39359027665646645,-0.9192859697186105,5332.0,6572.0,5559.0,4684.714285714285,5280.0,2174.0578583442893,5317.966666666666,5618.0,2377.3724772114065,5650.0,0,1,0,0,0,1,0,0,1,4756
723,0,2013-07-26,-0.9749279121818236,-0.2225209339563146,-0.4999999999999998,-0.8660254037844388,-0.4093559588156211,-0.9123747579707274,4756.0,6594.0,5428.0,4530.714285714285,5280.0,2050.96795962993,5350.766666666666,5618.0,2372.9386362197333,5650.0,0,1,0,0,0,1,0,0,1,5516
723,0,2013-07-27,-0.7818314824680299,0.6234898018587334,-0.4999999999999998,-0.8660254037844388,-0.42500033996955394,-0.9051931898913975,5516.0,6094.0,6197.0,4443.428571428572,5280.0,1985.2989579357916,5351.5,5618.0,2372.977276581555,5650.0,0,1,0,0,0,1,0,0,1,5483
723,0,2013-07-28,-2.4492935982947064e-16,1.0,-0.4999999999999998,-0.8660254037844388,-0.4405187843504952,-0.8977433935342336,5483.0,0.0,0.0,4443.428571428572,5280.0,1985.2989579357916,5164.5,5592.5,2565.166348709519,5650.0,0,1,0,0,0,1,0,0,1,0
723,0,2013-07-29,0.7818314824680298,0.6234898018587336,-0.4999999999999998,-0.8660254037844388,-0.455906693508459,-0.8900275764346766,0.0,5280.0,8875.0,5042.285714285715,5332.0,2760.5778811863333,5231.9,5592.5,2652.370681302763,5650.0,1,1,0,0,0,1,0,0,1,9472
723,0,2013-07-30,0.9749279121818236,-0.22252093395631434,-0.4999999999999998,-0.8660254037844388,-0.47115950767386394,-0.8820480249558535,9472.0,4737.0,6412.0,5562.285714285715,5483.0,3023.768659266428,5511.133333333333,5860.0,2520.2406526215777,5650.0,1,1,0,0,0,1,0,0,1,8377
723,0,2013-07-31,0.43388373911755823,-0.900968867902419,-0.4999999999999998,-0.8660254037844388,-0.4862727071086902,-0.8738071036110807,8377.0,5332.0,6148.0,6046.571428571428,5516.0,3244.1767243859586,5515.9,5860.0,2526.370933395064,5650.0,1,1,0,0,0,1,0,0,1,8722
723,0,2013-08-01,-0.433883739117558,-0.9009688679024191,-0.8660254037844384,-0.5000000000000004,-0.5012418134457756,-0.8653072543632061,8722.0,4756.0,6572.0,6118.142857142857,5516.0,3216.366657610799,5444.0,5592.5,2501.0557081305515,5650.0,1,1,0,0,0,1,0,0,1,5257
723,0,2013-08-02,-0.9749279121818236,-0.2225209339563146,-0.8660254037844384,-0.5000000000000004,-0.5160623910158526,-0.8565509959010037,5257.0,5516.0,6594.0,6094.857142857143,5483.0,3222.037627991092,5405.1,5537.5,2492.8049476235706,5650.0,1,1,0,0,0,1,0,0,1,5353
723,0,2013-08-03,-0.7818314824680299,0.6234898018587334,-0.8660254037844384,-0.5000000000000004,-0.5307300481619331,-0.8475409228928312,5353.0,5483.0,6094.0,6223.571428571428,6384.0,3211.5007321158964,5378.266666666666,5537.5,2477.2242799822006,5650.0,0,1,0,0,0,1,0,0,1,6384
723,0,2013-08-04,-2.4492935982947064e-16,1.0,-0.8660254037844384,-0.5000000000000004,-0.5452404385406507,-0.8382797052177745,6384.0,0.0,0.0,6223.571428571428,6384.0,3211.5007321158964,5131.8,5499.5,2632.7038729714022,5650.0,0,1,0,0,0,1,0,0,1,0
723,0,2013-08-05,0.7818314824680298,0.6234898018587336,-0.8660254037844384,-0.5000000000000004,-0.5595892624101763,-0.828770087174504,0.0,9472.0,5280.0,5626.142857142857,5353.0,2878.1719562117546,5103.1,5455.5,2625.894321874963,5650.0,0,1,0,0,0,1,0,0,1,5290
723,0,2013-08-06,0.9749279121818236,-0.22252093395631434,-0.8660254037844384,-0.5000000000000004,-0.5737722679043243,-0.8190148866680802,5290.0,8377.0,4737.0,5062.285714285715,5290.0,2624.920361603737,5250.766666666666,5455.5,2447.52922117505,5650.0,0,1,0,0,0,1,0,0,1,4430
723,0,2013-08-07,0.43388373911755823,-0.900968867902419,-0.8660254037844384,-0.5000000000000004,-0.5877852522924734,-0.8090169943749472,4430.0,8722.0,5332.0,4432.142857142857,5257.0,2070.933881816881,5206.933333333333,5390.5,2452.3479239760995,5650.0,0,1,0,0,0,1,0,0,1,4311
723,0,2013-08-08,-0.433883739117558,-0.9009688679024191,-0.8660254037844384,-0.5000000000000004,-0.6016240632249227,-0.7987793728863648,4311.0,5257.0,4756.0,4442.571428571428,5290.0,2075.957598888027,5231.366666666667,5390.5,2449.7115732171455,5650.0,0,1,0,0,0,1,0,0,1,5330
723,0,2013-08-09,-0.9749279121818236,-0.2225209339563146,-0.8660254037844384,-0.5000000000000004,-0.6152845999633277,-0.7883050558305253,5330.0,5353.0,5516.0,4454.428571428572,5290.0,2082.2518145141835,5244.833333333333,5432.0,2449.6882572015697,5650.0,0,1,0,0,0,1,0,0,1,5436
723,0,2013-08-10,-0.7818314824680299,0.6234898018587334,-0.8660254037844384,-0.5000000000000004,-0.6287628145958345,-0.7775971469736268,5436.0,6384.0,5483.0,4425.285714285715,5290.0,2051.951974282511,5265.533333333334,5432.0,2455.052394037908,5650.0,0,1,0,0,0,1,0,0,1,6180
723,0,2013-08-11,-2.4492935982947064e-16,1.0,-0.8660254037844384,-0.5000000000000004,-0.6420547132365636,-0.7666588193001592,6180.0,0.0,0.0,4425.285714285715,5290.0,2051.951974282511,5084.6,5394.5,2636.014004986081,5650.0,0,1,0,0,0,1,0,0,1,0
723,0,2013-08-12,0.7818314824680298,0.6234898018587336,-0.8660254037844384,-0.5000000000000004,-0.655156357209085,-0.7554933140726804,0.0,5290.0,9472.0,5022.428571428572,5330.0,2812.7209754460664,5193.7,5394.5,2748.9542858180166,5650.0,1,1,0,0,0,1,0,0,1,9470
723,0,2013-08-13,0.9749279121818236,-0.22252093395631434,-0.8660254037844384,-0.5000000000000004,-0.6680638642135333,-0.7441039398713608,9470.0,4430.0,8377.0,5459.571428571428,5436.0,2940.200551954623,5443.366666666667,5459.5,2596.909376392523,5650.0,1,1,0,0,0,1,0,0,1,7490
723,0,2013-08-14,0.43388373911755823,-0.900968867902419,-0.8660254037844384,-0.5000000000000004,-0.6807734094770159,-0.7324940716135792,7490.0,4311.0,8722.0,5840.142857142857,6180.0,2939.164871669693,5380.033333333334,5459.5,2532.7079072956994,5650.0,1,1,0,0,0,1,0,0,1,6975
723,0,2013-08-15,-0.433883739117558,-0.9009688679024191,-0.8660254037844384,-0.5000000000000004,-0.6932812268869771,-0.7206671495538615,6975.0,5330.0,5257.0,6005.142857142857,6485.0,2938.172925962174,5382.466666666666,5459.5,2533.768417871353,5650.0,1,1,0,0,0,1,0,0,1,6485
723,0,2013-08-16,-0.9749279121818236,-0.2225209339563146,-0.8660254037844384,-0.5000000000000004,-0.7055836101071774,-0.7086266782644601,6485.0,5436.0,5353.0,6294.285714285715,6975.0,2972.2219922859986,5426.2,5459.5,2558.637937761364,5650.0,1,1,0,0,0,1,0,0,1,7460
723,0,2013-08-17,-0.7818314824680299,0.6234898018587334,-0.8660254037844384,-0.5000000000000004,-0.7176769136759615,-0.6963762255968726,7460.0,6180.0,6384.0,6345.428571428572,6975.0,2973.0076722147214,5425.066666666667,5459.5,2558.1203893555876,5650.0,0,1,0,0,0,1,0,0,1,6538
723,0,2013-08-18,-2.4492935982947064e-16,1.0,-0.8660254037844384,-0.5000000000000004,-0.7295575540864876,-0.6839194216246105,6538.0,0.0,0.0,6345.428571428572,6975.0,2973.0076722147214,5205.266666666666,5394.5,2731.6219753274713,5650.0,0,1,0,0,0,1,0,0,1,0
723,0,2013-08-19,0.7818314824680298,0.6234898018587336,-0.8660254037844384,-0.5000000000000004,-0.7412220108485957,-0.6712599575675315,0.0,9470.0,5290.0,5883.857142857143,6538.0,2639.1188825421364,5210.1,5394.5,2733.376443660591,5650.0,0,1,0,0,0,1,0,0,1,6239
723,0,2013-08-20,0.9749279121818236,-0.22252093395631434,-0.8660254037844384,-0.5000000000000004,-0.7526668275320083,-0.6584015846980489,6239.0,7490.0,4430.0,5518.857142857143,6485.0,2555.313120315614,5374.6,5394.5,2551.455211551189,5650.0,0,1,0,0,0,1,0,0,1,4935
723,0,2013-08-21,0.43388373911755823,-0.900968867902419,-0.8660254037844384,-0.5000000000000004,-0.7638886127905429,-0.64534811322955,4935.0,6975.0,4311.0,5172.142857142857,6239.0,2488.5901918269146,5350.2,5394.5,2555.8873538396097,5650.0,0,1,0,0,0,1,0,0,1,4548
723,0,2013-08-22,-0.433883739117558,-0.9009688679024191,-0.8660254037844384,-0.5000000000000004,-0.7748840413670406,-0.6321034111873488,4548.0,6485.0,5330.0,4934.571428571428,4935.0,2420.8267084574495,5353.033333333334,5394.5,2555.2311790053204,5650.0,0,1,0,0,0,1,0,0,1,4822
723,0,2013-08-23,-0.9749279121818236,-0.2225209339563146,-0.8660254037844384,-0.5000000000000004,-0.7856498550787144,-0.6186714032625032,4822.0,7460.0,5436.0,4557.714285714285,4822.0,2152.6396752425962,5336.033333333334,5394.5,2557.071796267044,5650.0,0,1,0,0,0,1,0,0,1,4822
723,0,2013-08-24,-0.7818314824680299,0.6234898018587334,-0.8660254037844384,-0.5000000000000004,-0.7961828637826154,-0.6050560696488494,4822.0,6538.0,6180.0,4496.0,4822.0,2091.735403917039,5381.033333333334,5459.5,2558.3907183649826,5650.0,0,1,0,0,0,1,0,0,1,6106
723,0,2013-08-25,-2.4492935982947064e-16,1.0,-0.8660254037844384,-0.5000000000000004,-0.8064799463209447,-0.5912614448635782,6106.0,0.0,0.0,4496.0,4822.0,2091.735403917039,5197.166666666667,5394.5,2740.1146726989787,5650.0,0,1,0,0,0,1,0,0,1,0
723,0,2013-08-26,0.7818314824680298,0.6234898018587336,-0.8660254037844384,-0.5000000000000004,-0.8165380514459157,-0.5772916165517278,0.0,6239.0,9470.0,4872.142857142857,4822.0,2625.931100173255,5310.133333333333,5394.5,2820.9712161414996,5650.0,1,1,0,0,0,1,0,0,1,8872
723,0,2013-08-27,0.9749279121818236,-0.22252093395631434,-0.8660254037844384,-0.5000000000000004,-0.8263541987239095,-0.5631507242749187,8872.0,4935.0,7490.0,5123.428571428572,4822.0,2715.58114450313,5533.266666666666,5771.0,2645.7669239923525,5650.0,1,1,0,0,0,1,0,0,1,6694
723,0,2013-08-28,0.43388373911755823,-0.900968867902419,-0.8660254037844384,-0.5000000000000004,-0.8359254794186365,-0.5488429582847199,6694.0,4548.0,6975.0,5390.714285714285,6106.0,2741.4589007975082,5431.5,5771.0,2545.872965246384,5650.0,1,1,0,0,0,1,0,0,1,6419
723,0,2013-08-29,-0.433883739117558,-0.9009688679024191,-0.8660254037844384,-0.5000000000000004,-0.8452490573530634,-0.5343725582809785,6419.0,4822.0,6485.0,5630.571428571428,6419.0,2756.8145782855245,5368.966666666666,5771.0,2493.530615389564,5650.0,1,1,0,0,0,1,0,0,1,6501
723,0,2013-08-30,-0.9749279121818236,-0.2225209339563146,-0.8660254037844384,-0.5000000000000004,-0.8543221697498269,-0.5197438121555157,6501.0,4822.0,7460.0,5943.0,6501.0,2773.780693085397,5311.866666666667,5771.0,2432.9789989219807,5650.0,1,1,0,0,0,1,0,0,1,7009
723,0,2013-08-31,-0.7818314824680299,0.6234898018587334,-0.8660254037844384,-0.5000000000000004,-0.8631421280499115,-0.5049610547215202,7009.0,6106.0,6538.0,6013.714285714285,6601.0,2784.9161396282434,5356.666666666667,6143.0,2444.2815788655794,5650.0,0,1,0,0,0,1,0,0,1,6601
723,0,2013-09-01,-2.4492935982947064e-16,1.0,-1.0,-1.8369701987210297e-16,-0.8717063187093218,-0.4900286664290594,6601.0,0.0,0.0,6013.714285714285,6601.0,2784.9161396282434,5178.233333333334,6143.0,2632.6829855299425,5650.0,0,1,0,0,0,1,0,0,1,0
723,0,2013-09-02,0.7818314824680298,0.6234898018587336,-1.0,-1.8369701987210297e-16,-0.8800122039735356,-0.4749510720670502,0.0,8872.0,6239.0,5448.142857142857,6501.0,2494.568261147365,5129.2,5771.0,2623.1326284057573,5650.0,0,1,0,0,0,1,0,0,1,4913
723,0,2013-09-03,0.9749279121818236,-0.22252093395631434,-1.0,-1.8369701987210297e-16,-0.888057322629493,-0.4597327394521046,4913.0,6694.0,4935.0,5243.285714285715,6419.0,2433.33438682299,5304.533333333334,5771.0,2437.7072429434284,5650.0,0,1,0,0,0,1,0,0,1,5260
723,0,2013-09-04,0.43388373911755823,-0.900968867902419,-1.0,-1.8369701987210297e-16,-0.8958392907349089,-0.44437817810461344,5260.0,6419.0,4548.0,4929.428571428572,5260.0,2397.8418669811394,5268.933333333333,5771.0,2445.712137082217,5650.0,0,1,0,0,0,1,0,0,1,4222
723,0,2013-09-05,-0.433883739117558,-0.9009688679024191,-1.0,-1.8369701987210297e-16,-0.9033558023246842,-0.4288919379124841,4222.0,6501.0,4822.0,4665.571428571428,4913.0,2295.5229511045186,5276.4,5771.0,2443.403429080302,5650.0,0,1,0,0,0,1,0,0,1,4654
723,0,2013-09-06,-0.9749279121818236,-0.2225209339563146,-1.0,-1.8369701987210297e-16,-0.9106046300942162,-0.41327860778290443,4654.0,7009.0,4822.0,4391.857142857143,4913.0,2072.967070696121,5302.466666666666,5771.0,2436.9118633805897,5650.0,0,1,0,0,0,1,0,0,1,5093
723,0,2013-09-07,-0.7818314824680299,0.6234898018587334,-1.0,-1.8369701987210297e-16,-0.9175836260593934,-0.3975428142825566,5093.0,6601.0,6106.0,4370.571428571428,4913.0,2047.1060758334595,5339.866666666667,6143.0,2445.942096663346,5650.0,0,1,0,0,0,1,0,0,1,6452
723,0,2013-09-08,-2.4492935982947064e-16,1.0,-1.0,-1.8369701987210297e-16,-0.9242907221930934,-0.3816892202666586,6452.0,0.0,0.0,4370.571428571428,4913.0,2047.1060758334595,5158.666666666667,6143.0,2632.792412070779,5650.0,0,1,0,0,0,1,0,0,1,0
723,0,2013-09-09,0.7818314824680298,0.6234898018587336,-1.0,-1.8369701987210297e-16,-0.9307239310379793,-0.3657225234972692,0.0,4913.0,8872.0,4997.428571428572,5093.0,2781.13009746894,5262.7,6172.5,2734.2489121865083,5650.0,1,1,0,0,0,1,0,0,1,9301
723,0,2013-09-10,0.9749279121818236,-0.22252093395631434,-1.0,-1.8369701987210297e-16,-0.9368813462954315,-0.34964745525122826,9301.0,5260.0,6694.0,5119.857142857143,5093.0,2813.292343416124,5466.6,6178.0,2550.1450749806913,5650.0,1,1,0,0,0,1,0,0,1,6117
723,0,2013-09-11,0.43388373911755823,-0.900968867902419,-1.0,-1.8369701987210297e-16,-0.9427611433904206,-0.33346877891818705,6117.0,4222.0,6419.0,5450.0,6117.0,2825.9378384293314,5368.7,6178.0,2445.378627336569,5650.0,1,1,0,0,0,1,0,0,1,6533
723,0,2013-09-12,-0.433883739117558,-0.9009688679024191,-1.0,-1.8369701987210297e-16,-0.9483615800121716,-0.31719128858910595,6533.0,4654.0,6501.0,5848.285714285715,6452.0,2890.7777335454,5367.1,6178.0,2443.9581004083775,5650.0,1,1,0,0,0,1,0,0,1,7442
723,0,2013-09-13,-0.9749279121818236,-0.2225209339563146,-1.0,-1.8369701987210297e-16,-0.9536809966304455,-0.300819807635668,7442.0,5093.0,7009.0,6119.714285714285,6533.0,2897.2336066372945,5367.7,6178.0,2444.3686322534963,5650.0,1,1,0,0,0,1,0,0,1,6993
723,0,2013-09-14,-0.7818314824680299,0.6234898018587334,-1.0,-1.8369701987210297e-16,-0.9587178169872964,-0.2843591872810036,6993.0,6452.0,6601.0,6045.142857142857,6533.0,2893.971517285047,5349.2,6111.5,2437.7120194262434,5650.0,0,1,0,0,0,1,0,0,1,5930
723,0,2013-09-15,-2.4492935982947064e-16,1.0,-1.0,-1.8369701987210297e-16,-0.9634705485641486,-0.26781430516217486,5930.0,0.0,0.0,6045.142857142857,6533.0,2893.971517285047,5100.533333333334,6018.0,2590.660729638668,5650.0,0,1,0,0,0,1,0,0,1,0
723,0,2013-09-16,0.7818314824680298,0.6234898018587336,-1.0,-1.8369701987210297e-16,-0.9679377830240642,-0.25119006388481957,0.0,9301.0,4913.0,5421.571428571428,6117.0,2521.8422404492835,5047.133333333333,5595.0,2576.481036866628,5650.0,0,1,0,0,0,1,0,0,1,4936
723,0,2013-09-17,0.9749279121818236,-0.22252093395631434,-1.0,-1.8369701987210297e-16,-0.9721181966290612,-0.23449138957041052,4936.0,6117.0,5260.0,5182.0,5930.0,2524.42171595793,5195.133333333333,5595.0,2397.896473755816,5650.0,0,1,0,0,0,1,0,0,1,4440
723,0,2013-09-18,0.43388373911755823,-0.900968867902419,-1.0,-1.8369701987210297e-16,-0.9760105506323682,-0.21772323039653224,4440.0,6533.0,4222.0,4845.857142857143,4936.0,2470.6304477853,5126.5,5176.5,2396.454561538199,5650.0,0,1,0,0,0,1,0,0,1,4180
723,0,2013-09-19,-0.433883739117558,-0.9009688679024191,-1.0,-1.8369701987210297e-16,-0.9796136916454901,-0.20089055513063528,4180.0,7442.0,4654.0,4539.0,4936.0,2214.5666995298766,5138.466666666666,5277.0,2396.3616636452243,5650.0,0,1,0,0,0,1,0,0,1,5294
723,0,2013-09-20,-0.9749279121818236,-0.2225209339563146,-1.0,-1.8369701987210297e-16,-0.9829265519799822,-0.18399835165767986,5294.0,6993.0,5093.0,4285.857142857143,4936.0,1975.6970439629135,5160.9,5277.0,2393.7921920293525,5650.0,0,1,0,0,0,1,0,0,1,5221
723,0,2013-09-21,-0.7818314824680299,0.6234898018587334,-1.0,-1.8369701987210297e-16,-0.9859481499638303,-0.1670516255021195,5221.0,5930.0,6452.0,4238.142857142857,4936.0,1932.9426986308883,5186.7,5445.0,2394.1846232788375,5650.0,0,1,0,0,0,1,0,0,1,5596
723,0,2013-09-22,-2.4492935982947064e-16,1.0,-1.0,-1.8369701987210297e-16,-0.9886775902323404,-0.15005539834465262,5596.0,0.0,0.0,4238.142857142857,4936.0,1932.9426986308883,5025.966666666666,5445.0,2574.5791418154668,5650.0,0,1,0,0,0,1,0,0,1,0
723,0,2013-09-23,0.7818314824680298,0.6234898018587336,-1.0,-1.8369701987210297e-16,-0.9911140639934546,-0.13301470653419636,0.0,4936.0,9301.0,4570.0,5221.0,2246.6743570590397,5064.4,5445.0,2599.740883639938,5650.0,1,1,0,0,0,1,0,0,1,7259
723,0,2013-09-24,0.9749279121818236,-0.22252093395631434,-1.0,-1.8369701987210297e-16,-0.9932568492674143,-0.11593459959550066,7259.0,4440.0,6117.0,4758.428571428572,5294.0,2288.870089304823,5256.366666666667,5677.5,2419.245486301154,5650.0,1,1,0,0,0,1,0,0,1,5759
723,0,2013-09-25,0.43388373911755823,-0.900968867902419,-1.0,-1.8369701987210297e-16,-0.9951053111006974,-0.09882013873287211,5759.0,4180.0,6533.0,4976.857142857143,5596.0,2297.411110255148,5150.933333333333,5652.5,2323.25796708183,5650.0,1,1,0,0,0,1,0,0,1,5709
723,0,2013-09-26,-0.433883739117558,-0.9009688679024191,-1.0,-1.8369701987210297e-16,-0.99665890175417,-0.08167639533042288,5709.0,5294.0,7442.0,5239.714285714285,5709.0,2440.546913725532,5165.6,5652.5,2334.6959131536923,5650.0,1,1,0,0,0,1,0,0,1,7134
723,0,2013-09-27,-0.9749279121818236,-0.2225209339563146,-1.0,-1.8369701987210297e-16,-0.9979171608653922,-0.06450844944931625,7134.0,5221.0,6993.0,5506.714285714285,5759.0,2538.431255341617,5187.966666666666,5652.5,2350.2798143512887,5650.0,1,1,0,0,0,1,0,0,1,7090
723,0,2013-09-28,-0.7818314824680299,0.6234898018587334,-1.0,-1.8369701987210297e-16,-0.9988797155850335,-0.04732138832243232,7090.0,5596.0,5930.0,5638.857142857143,6521.0,2567.7607253903393,5188.633333333333,5652.5,2350.6679092420163,5650.0,0,1,0,0,0,1,0,0,1,6521
723,0,2013-09-29,-2.4492935982947064e-16,1.0,-1.0,-1.8369701987210297e-16,-0.9995462806873573,-0.03012030484690836,6521.0,0.0,0.0,5638.857142857143,6521.0,2567.7607253903393,4955.0,5445.0,2506.6407937647386,5650.0,0,1,0,0,0,1,0,0,1,0
723,0,2013-09-30,0.7818314824680298,0.6234898018587336,-1.0,-1.8369701987210297e-16,-0.9999166586547379,-0.012910296075008843,0.0,7259.0,4936.0,5331.714285714285,5759.0,2468.329375258068,4905.266666666666,5277.0,2487.5856725268623,5650.0,0,1,0,0,0,1,0,0,1,5109
723,0,2013-10-01,0.9749279121818236,-0.22252093395631434,-0.8660254037844386,0.5000000000000001,-0.9999907397361901,0.004303538296243821,5109.0,5759.0,4440.0,5286.571428571428,5709.0,2462.0941531646595,5086.7,5368.5,2309.607865656733,5650.0,0,1,0,0,0,1,0,0,1,5443
723,0,2013-10-02,0.43388373911755823,-0.900968867902419,-0.8660254037844386,0.5000000000000001,-0.9997685019798909,0.021516097436222233,5443.0,5709.0,4180.0,5306.857142857143,5851.0,2466.7353207949013,5117.966666666666,5519.5,2313.5211331071378,5650.0,0,1,0,0,0,1,0,0,1,5851
723,0,2013-10-03,-0.433883739117558,-0.9009688679024191,-0.8660254037844386,0.5000000000000001,-0.9992500112396835,0.03872228089217399,5851.0,7134.0,5294.0,4287.714285714285,5443.0,3001.733261205692,4942.633333333333,5519.5,2494.6161128668105,5650.0,0,1,0,0,0,1,0,0,1,0
723,0,2013-10-04,-0.9749279121818236,-0.2225209339563146,-0.8660254037844386,0.5000000000000001,-0.9984354211555643,0.05591699010060302,0.0,7090.0,5221.0,4242.285714285715,5443.0,2954.286135672806,5027.633333333333,5652.5,2512.5937756846406,5650.0,0,1,0,0,0,1,0,0,1,6772
723,0,2013-10-05,-0.7818314824680299,0.6234898018587334,-0.8660254037844386,0.5000000000000001,-0.9973249731081555,0.07309512989807776,6772.0,6521.0,5596.0,4201.142857142857,5443.0,2919.057920435484,5080.266666666666,5734.0,2521.0212480923947,5650.0,0,1,0,0,0,1,0,0,1,6233
723,0,2013-10-06,-2.4492935982947064e-16,1.0,-0.8660254037844386,0.5000000000000001,-0.9959189961471792,0.0902516100310407,6233.0,0.0,0.0,4201.142857142857,5443.0,2919.057920435484,4910.5,5734.0,2686.2049983393767,5650.0,0,1,0,0,0,1,0,0,1,0
723,0,2013-10-07,0.7818314824680298,0.6234898018587336,-0.8660254037844386,0.5000000000000001,-0.994217906893952,0.10738134666416306,0.0,5109.0,7259.0,4901.857142857143,5851.0,3666.3672951379444,5029.233333333334,5734.0,2831.4842176343923,5650.0,1,1,0,0,0,1,0,0,1,10014
723,0,2013-10-08,0.9749279121818236,-0.22252093395631434,-0.8660254037844386,0.5000000000000001,-0.9922222094179324,0.12447926388678869,10014.0,5443.0,5759.0,5046.857142857143,6233.0,3711.1333591672224,5244.5,5805.0,2677.2333731826143,5650.0,1,1,0,0,0,1,0,0,1,6458
723,0,2013-10-09,0.43388373911755823,-0.900968867902419,-0.8660254037844386,0.5000000000000001,-0.989932495087353,0.141540295217043,6458.0,5851.0,5709.0,5179.571428571428,6458.0,3760.9598002434964,5160.466666666666,5805.0,2583.43861646788,5650.0,1,1,0,0,0,1,0,0,1,6780
723,0,2013-10-10,-0.433883739117558,-0.9009688679024191,-0.8660254037844386,0.5000000000000001,-0.9873494423939864,0.15855938510313475,6780.0,0.0,7134.0,6286.285714285715,6772.0,3056.6573635419477,5214.8,5805.0,2621.115403529706,5650.0,1,1,0,0,0,1,0,0,1,7747
723,0,2013-10-11,-0.9749279121818236,-0.2225209339563146,-0.8660254037844386,0.5000000000000001,-0.9844738167520923,0.17553149042142777,7747.0,6772.0,7090.0,6393.428571428572,6780.0,3089.488623118869,5247.766666666666,5805.0,2644.3827867743557,5650.0,1,1,0,0,0,1,0,0,1,7522
723,0,2013-10-12,-0.7818314824680299,0.6234898018587334,-0.8660254037844386,0.5000000000000001,-0.9813064702716093,0.19245158197082995,7522.0,6233.0,6521.0,6520.142857142857,7120.0,3099.984216549677,5237.033333333334,5805.0,2635.809049168426,5650.0,0,1,0,0,0,1,0,0,1,7120
723,0,2013-10-13,-2.4492935982947064e-16,1.0,-0.8660254037844386,0.5000000000000001,-0.9778483415056568,0.20931464596304888,7120.0,0.0,0.0,6520.142857142857,7120.0,3099.984216549677,5003.933333333333,5734.0,2780.4131537861654,5650.0,0,1,0,0,0,1,0,0,1,0
723,0,2013-10-14,0.7818314824680298,0.6234898018587336,-0.8660254037844386,0.5000000000000001,-0.9741004551724206,0.22611568550828803,0.0,10014.0,5109.0,5969.142857142857,6780.0,2691.3144513769566,5011.5,5734.0,2783.3276257770654,5650.0,0,1,0,0,0,1,0,0,1,6157
723,0,2013-10-15,0.9749279121818236,-0.22252093395631434,-0.8660254037844386,0.5000000000000001,-0.970063921851507,0.2428497220959358,6157.0,6458.0,5443.0,5828.0,6780.0,2687.3082567257966,5193.833333333333,5734.0,2617.9631077105223,5650.0,0,1,0,0,0,1,0,0,1,5470
723,0,2013-10-16,0.43388373911755823,-0.900968867902419,-0.8660254037844386,0.5000000000000001,-0.965739937654855,0.25951179706979943,5470.0,6780.0,5851.0,5533.428571428572,6157.0,2678.5612964887687,5186.566666666667,5734.0,2619.005795616204,5650.0,0,1,0,0,0,1,0,0,1,4718
723,0,2013-10-17,-0.433883739117558,-0.9009688679024191,-0.8660254037844386,0.5000000000000001,-0.9611297838723007,0.27609697309746883,4718.0,7747.0,0.0,5131.142857142857,5470.0,2495.9410001421215,5202.933333333333,5734.0,2615.711585563396,5650.0,0,1,0,0,0,1,0,0,1,4931
723,0,2013-10-18,-0.9749279121818236,-0.2225209339563146,-0.8660254037844386,0.5000000000000001,-0.9562348265919058,0.2926003356333479,4931.0,7522.0,6772.0,4746.142857142857,4931.0,2262.633379388669,5224.5,5734.0,2609.6468614315063,5650.0,0,1,0,0,0,1,0,0,1,4827
723,0,2013-10-19,-0.7818314824680299,0.6234898018587334,-0.8660254037844386,0.5000000000000001,-0.9510565162951536,0.30901699437494723,4827.0,7120.0,6233.0,4665.285714285715,4931.0,2171.9593085726115,5266.5,5805.0,2620.9189326883306,5650.0,0,1,0,0,0,1,0,0,1,6554
723,0,2013-10-20,-2.4492935982947064e-16,1.0,-0.8660254037844386,0.5000000000000001,-0.9455963874271428,0.3253420847119795,6554.0,0.0,0.0,4665.285714285715,4931.0,2171.9593085726115,5092.466666666666,5805.0,2791.814324590464,5650.0,0,1,0,0,0,1,0,0,1,0
723,0,2013-10-21,0.7818314824680298,0.6234898018587336,-0.8660254037844386,0.5000000000000001,-0.9398560579418953,0.341570769167856,0.0,6157.0,10014.0,4895.142857142857,4931.0,2426.3766146644375,5164.8,6004.0,2833.116115540966,5650.0,1,1,0,0,0,1,0,0,1,7766
723,0,2013-10-22,0.9749279121818236,-0.22252093395631434,-0.8660254037844386,0.5000000000000001,-0.9338372288229252,0.35769823883312546,7766.0,5470.0,6458.0,5016.142857142857,4931.0,2480.3410671768083,5375.366666666667,6195.0,2665.8253361742413,5650.0,1,1,0,0,0,1,0,0,1,6317
723,0,2013-10-23,0.43388373911755823,-0.900968867902419,-0.8660254037844386,0.5000000000000001,-0.9275416835791965,0.3737197147904692,6317.0,4718.0,6780.0,5162.285714285715,5741.0,2489.9657102247847,5324.766666666666,6004.0,2643.1493712710553,5650.0,1,1,0,0,0,1,0,0,1,5741
723,0,2013-10-24,-0.433883739117558,-0.9009688679024191,-0.8660254037844386,0.5000000000000001,-0.9209712877166346,0.38963044953078774,5741.0,4931.0,7747.0,5509.428571428572,6317.0,2618.424135311339,5378.166666666667,6195.0,2668.287970853652,5650.0,1,1,0,0,0,1,0,0,1,7361
723,0,2013-10-25,-0.9749279121818236,-0.2225209339563146,-0.8660254037844386,0.5000000000000001,-0.9141279881853337,0.4054257283599973,7361.0,4827.0,7522.0,5988.714285714285,6554.0,2775.061423601626,5460.6,6275.0,2716.623368105695,5650.0,1,1,0,0,0,1,0,0,1,8182
723,0,2013-10-26,-0.7818314824680299,0.6234898018587334,-0.8660254037844386,0.5000000000000001,-0.9070138128026362,0.42110087079608916,8182.0,6554.0,7120.0,5980.142857142857,6494.0,2773.116383455706,5439.266666666666,6275.0,2705.5194406394794,5650.0,0,1,0,0,0,1,0,0,1,6494
723,0,2013-10-27,-2.4492935982947064e-16,1.0,-0.8660254037844386,0.5000000000000001,-0.8996308696522434,0.4366512319560638,6494.0,0.0,0.0,5980.142857142857,6494.0,2773.116383455706,5202.933333333333,6195.0,2861.5183205512726,5650.0,0,1,0,0,0,1,0,0,1,0
723,0,2013-10-28,0.7818314824680298,0.6234898018587336,-0.8660254037844386,0.5000000000000001,-0.8919813464595487,0.45207220393230374,0.0,7766.0,6157.0,5598.142857142857,6317.0,2668.3044196999817,5155.3,6004.0,2850.694194341998,5650.0,0,1,0,0,0,1,0,0,1,5092
723,0,2013-10-29,0.9749279121818236,-0.22252093395631434,-0.8660254037844386,0.5000000000000001,-0.8840675099433637,0.46735921715800205,5092.0,6317.0,5470.0,5453.142857142857,5741.0,2650.247185237091,5332.033333333334,6004.0,2679.2602360807878,5650.0,0,1,0,0,0,1,0,0,1,5302
723,0,2013-10-30,0.43388373911755823,-0.900968867902419,-0.8660254037844386,0.5000000000000001,-0.8758917051442433,0.48250774176121763,5302.0,5741.0,4718.0,5477.0,5908.0,2654.0192790055826,5358.666666666667,6032.5,2680.937436836206,5650.0,0,1,0,0,0,1,0,0,1,5908
723,0,2013-10-31,-0.433883739117558,-0.9009688679024191,-0.8660254037844386,0.5000000000000001,-0.867456354729597,0.4975132889071803,5908.0,7361.0,4931.0,5385.857142857143,5908.0,2588.687597256659,5401.333333333333,6195.0,2692.4864848805405,5650.0,0,1,0,0,0,1,0,0,1,6723
723,0,2013-11-01,-0.9749279121818236,-0.2225209339563146,-0.5000000000000004,0.8660254037844384,-0.858763958275803,0.5123714121284235,6723.0,8182.0,4827.0,5197.0,5908.0,2391.4024476584127,5434.966666666666,6275.0,2704.5720737852134,5650.0,0,1,0,0,0,1,0,0,1,6860
723,0,2013-11-02,-0.7818314824680299,0.6234898018587334,-0.5000000000000004,0.8660254037844384,-0.8498170915275277,0.5270777086423724,6860.0,6494.0,6554.0,5440.285714285715,5908.0,2620.9511450543837,5708.2,6387.5,2545.9695314697724,5650.0,0,1,0,0,0,1,0,0,1,8197
723,0,2013-11-03,-2.4492935982947064e-16,1.0,-0.5000000000000004,0.8660254037844384,-0.8406184056344783,0.5416278206559811,8197.0,0.0,0.0,5440.285714285715,5908.0,2620.9511450543837,5482.466666666666,6275.0,2741.130370074931,5650.0,0,1,0,0,0,1,0,0,1,0
723,0,2013-11-04,0.7818314824680298,0.6234898018587336,-0.5000000000000004,0.8660254037844384,-0.8311706263658079,0.5560174366570446,0.0,5092.0,7766.0,5805.285714285715,6723.0,2739.586934453541,5529.6,6387.5,2766.5198678683555,5650.0,1,1,0,0,0,1,0,0,1,7647
723,0,2013-11-05,0.9749279121818236,-0.22252093395631434,-0.5000000000000004,0.8660254037844384,-0.8214765533024145,0.5702422926917867,7647.0,5302.0,6317.0,6307.285714285715,6860.0,2946.15838645773,5823.466666666666,6476.0,2623.4259876435767,5650.0,1,1,0,0,0,1,0,0,1,8816
723,0,2013-11-06,0.43388373911755823,-0.900968867902419,-0.5000000000000004,0.8660254037844384,-0.8115390590073611,0.5842981736283683,8816.0,5908.0,5741.0,6489.428571428572,7183.0,2956.752433393931,5729.1,6476.0,2516.217486214384,5650.0,1,1,0,0,0,1,0,0,1,7183
723,0,2013-11-07,-0.433883739117558,-0.9009688679024191,-0.5000000000000004,0.8660254037844384,-0.8013610881746769,0.5981809144059159,7183.0,6723.0,7361.0,6647.571428571428,7647.0,3000.6060975044575,5774.833333333333,6524.0,2542.25600440908,5650.0,1,1,0,0,0,1,0,0,1,7830
723,0,2013-11-08,-0.9749279121818236,-0.2225209339563146,-0.5000000000000004,0.8660254037844384,-0.7909456567567774,0.6118864012687242,7830.0,6860.0,8182.0,6706.0,7647.0,3009.4011585917406,5791.133333333333,6524.0,2550.4773418449267,5650.0,1,1,0,0,0,1,0,0,1,7269
723,0,2013-11-09,-0.7818314824680299,0.6234898018587334,-0.5000000000000004,0.8660254037844384,-0.780295851070776,0.6254105729852457,7269.0,8197.0,6494.0,6499.571428571428,7269.0,2938.8126206084657,5757.966666666666,6524.0,2530.557761652057,5650.0,0,1,0,0,0,1,0,0,1,6752
723,0,2013-11-10,-2.4492935982947064e-16,1.0,-0.5000000000000004,0.8660254037844384,-0.7694148268839381,0.6387494220515268,6752.0,0.0,0.0,6499.571428571428,7269.0,2938.8126206084657,5507.233333333334,6405.5,2715.6272239650693,5650.0,0,1,0,0,0,1,0,0,1,0
723,0,2013-11-11,0.7818314824680298,0.6234898018587336,-0.5000000000000004,0.8660254037844384,-0.7583058084785625,0.6518989958787125,0.0,7647.0,5092.0,6084.857142857143,7183.0,2954.692337541049,5428.033333333334,6237.0,2701.580858827218,5650.0,0,1,0,0,0,1,0,0,1,4744
723,0,2013-11-12,0.9749279121818236,-0.22252093395631434,-0.5000000000000004,0.8660254037844384,-0.7469720876965551,0.6648553979642867,4744.0,8816.0,5302.0,5620.571428571428,6752.0,2698.2211335830616,5613.566666666667,6237.0,2499.520266844783,5650.0,0,1,0,0,0,1,0,0,1,5566
723,0,2013-11-13,0.43388373911755823,-0.900968867902419,-0.5000000000000004,0.8660254037844384,-0.7354170229639858,0.6776147890466887,5566.0,7183.0,5908.0,5273.0,5566.0,2618.9518895924716,5566.666666666667,6112.5,2502.170676023924,5650.0,0,1,0,0,0,1,0,0,1,4750
723,0,2013-11-14,-0.433883739117558,-0.9009688679024191,-0.5000000000000004,0.8660254037844384,-0.7236440382959123,0.690173388242972,4750.0,7830.0,6723.0,5191.142857142857,5566.0,2533.263930753588,5626.233333333334,6405.5,2520.989962684108,5650.0,0,1,0,0,0,1,0,0,1,7257
723,0,2013-11-15,-0.9749279121818236,-0.2225209339563146,-0.5000000000000004,0.8660254037844384,-0.7116566222817751,0.7025274741691566,7257.0,7269.0,6860.0,5014.571428571428,5566.0,2404.078053165966,5670.066666666667,6405.5,2516.0810514510977,5650.0,0,1,0,0,0,1,0,0,1,6033
723,0,2013-11-16,-0.7818314824680299,0.6234898018587334,-0.5000000000000004,0.8660254037844384,-0.6994583270516471,0.7146733860429608,6033.0,6752.0,8197.0,5053.571428571428,5566.0,2438.9227715764723,5739.866666666667,6524.0,2523.9044428784555,5650.0,0,1,0,0,0,1,0,0,1,7025
723,0,2013-11-17,-2.4492935982947064e-16,1.0,-0.5000000000000004,0.8660254037844384,-0.6870527672236675,0.726607524768565,7025.0,0.0,0.0,5053.571428571428,5566.0,2438.9227715764723,5578.966666666666,6524.0,2729.5875333644913,5650.0,0,1,0,0,0,1,0,0,1,0
723,0,2013-11-18,0.7818314824680298,0.6234898018587336,-0.5000000000000004,0.8660254037844384,-0.6744436188329457,0.7383263540031063,0.0,4744.0,7647.0,5633.285714285715,6033.0,2807.5038565889595,5653.9,6608.5,2787.51897287497,5650.0,1,1,0,0,0,1,0,0,1,8802
723,0,2013-11-19,0.9749279121818236,-0.22252093395631434,-0.5000000000000004,0.8660254037844384,-0.661634618242279,0.749826401204568,8802.0,5566.0,8816.0,5744.285714285715,6343.0,2819.7336584794466,5865.333333333333,6608.5,2576.4500481427363,5650.0,1,1,0,0,0,1,0,0,1,6343
723,0,2013-11-20,0.43388373911755823,-0.900968867902419,-0.5000000000000004,0.8660254037844384,-0.6486295610349818,0.7611042586607742,6343.0,4750.0,7183.0,5888.142857142857,6343.0,2786.039029911544,5798.366666666667,6418.5,2551.331072250303,5650.0,1,1,0,0,0,1,0,0,1,5757
723,0,2013-11-21,-0.433883739117558,-0.9009688679024191,-0.5000000000000004,0.8660254037844384,-0.6354323008901775,0.7721565844991641,5757.0,7257.0,7830.0,5769.714285714285,6343.0,2735.311665014041,5802.066666666667,6461.0,2552.1894850923763,5650.0,1,1,0,0,0,1,0,0,1,6428
723,0,2013-11-22,-0.9749279121818236,-0.2225209339563146,-0.5000000000000004,0.8660254037844384,-0.622046748440868,0.7829801036770625,6428.0,6033.0,7269.0,5952.428571428572,6428.0,2797.8329028698145,5854.433333333333,6608.5,2566.967655362677,5650.0,1,1,0,0,0,1,0,0,1,7312
723,0,2013-11-23,-0.7818314824680299,0.6234898018587334,-0.5000000000000004,0.8660254037844384,-0.6084768701151264,0.7935716089521472,7312.0,7025.0,6752.0,5926.142857142857,6428.0,2786.919651309869,5837.1,6608.5,2558.184449821854,5650.0,0,1,0,0,0,1,0,0,1,6841
723,0,2013-11-24,-2.4492935982947064e-16,1.0,-0.5000000000000004,0.8660254037844384,-0.594726686960764,0.8039279618328208,6841.0,0.0,0.0,5926.142857142857,6428.0,2786.919651309869,5564.366666666667,6461.0,2729.9526266362495,5650.0,0,1,0,0,0,1,0,0,1,0
723,0,2013-11-25,0.7818314824680298,0.6234898018587336,-0.5000000000000004,0.8660254037844384,-0.5808002734538014,0.8140460935082175,0.0,8802.0,4744.0,5449.142857142857,6343.0,2481.6919919395964,5530.0,6385.5,2724.3298701477597,5650.0,0,1,0,0,0,1,0,0,1,5463
723,0,2013-11-26,0.9749279121818236,-0.22252093395631434,-0.5000000000000004,0.8660254037844384,-0.5667017562911184,0.8239230057575536,5463.0,6343.0,5566.0,5286.0,5757.0,2450.478048599221,5703.366666666667,6385.5,2517.9554169224666,5650.0,0,1,0,0,0,1,0,0,1,5201
723,0,2013-11-27,0.43388373911755823,-0.900968867902419,-0.5000000000000004,0.8660254037844384,-0.5524353131676203,0.8335557718385695,5201.0,5757.0,4750.0,5288.285714285715,5773.0,2450.998008586547,5726.066666666667,6385.5,2515.3220529158993,5650.0,0,1,0,0,0,1,0,0,1,5773
723,0,2013-11-28,-0.433883739117558,-0.9009688679024191,-0.5000000000000004,0.8660254037844384,-0.5380051715382992,0.8429415373547832,5773.0,6428.0,7257.0,5293.857142857143,5773.0,2454.062918819277,5764.9,6447.5,2517.541320415615,5650.0,0,1,0,0,0,1,0,0,1,6467
723,0,2013-11-29,-0.9749279121818236,-0.2225209339563146,-0.5000000000000004,0.8660254037844384,-0.5234156073655503,0.8520775211013093,6467.0,7312.0,6033.0,5215.571428571428,5773.0,2386.771449548727,5793.433333333333,6595.0,2524.06154200251,5650.0,0,1,0,0,0,1,0,0,1,6764
723,0,2013-11-30,-0.7818314824680299,0.6234898018587334,-0.5000000000000004,0.8660254037844384,-0.5086709438521042,0.8609610158889945,6764.0,6841.0,7025.0,5541.571428571428,5773.0,2770.7434536084834,5873.433333333333,6609.5,2591.6685702768627,5650.0,0,1,0,0,0,1,0,0,1,9123
723,0,2013-12-01,-2.4492935982947064e-16,1.0,-2.4492935982947064e-16,1.0,-0.4937755501599774,0.8695893893466109,9123.0,0.0,0.0,5541.571428571428,5773.0,2770.7434536084834,5644.766666666666,6447.5,2796.185118968383,5650.0,0,1,0,0,0,1,0,0,1,0
723,0,2013-12-02,0.7818314824680298,0.6234898018587336,-2.4492935982947064e-16,1.0,-0.4787338401157883,0.8779600847008883,0.0,5463.0,8802.0,6114.428571428572,6467.0,3141.5207494217834,5687.3,6447.5,2845.614219497593,5650.0,1,1,0,0,0,1,0,0,1,9473
723,0,2013-12-03,0.9749279121818236,-0.22252093395631434,-2.4492935982947064e-16,1.0,-0.4635502709028512,0.8860706215341377,9473.0,5201.0,6343.0,6564.285714285715,6764.0,3213.558345214106,5965.633333333333,6609.5,2673.2944609063625,5650.0,1,1,0,0,0,1,0,0,1,8350
723,0,2013-12-04,0.43388373911755823,-0.900968867902419,-2.4492935982947064e-16,1.0,-0.4482293417404106,0.893918596519257,8350.0,5773.0,5757.0,6852.571428571428,7791.0,3221.2491809411877,5970.433333333333,6609.5,2676.54482216485,5650.0,1,1,0,0,0,1,0,0,1,7791
723,0,2013-12-05,-0.433883739117558,-0.9009688679024191,-2.4492935982947064e-16,1.0,-0.4327755925504317,0.9015016841318838,7791.0,6467.0,6428.0,7121.428571428572,8349.0,3261.9861463604666,5954.866666666667,6609.5,2660.7357905523863,5650.0,1,1,0,0,0,1,0,0,1,8349
723,0,2013-12-06,-0.9749279121818236,-0.2225209339563146,-2.4492935982947064e-16,1.0,-0.41719360261231697,0.9088176373395028,8349.0,6764.0,7312.0,7208.714285714285,8349.0,3259.0012127585796,5961.266666666666,6609.5,2664.020631758842,5650.0,1,1,0,0,0,1,0,0,1,7375
723,0,2013-12-07,-0.7818314824680299,0.6234898018587334,-2.4492935982947064e-16,1.0,-0.4014879892059737,0.9158642882672868,7375.0,9123.0,6841.0,6929.285714285715,7791.0,3149.5296323041466,5939.166666666667,6609.5,2650.700285914483,5650.0,0,1,0,0,0,1,0,0,1,7167
723,0,2013-12-08,-2.4492935982947064e-16,1.0,-2.4492935982947064e-16,1.0,-0.38566340624360745,0.9226395488404875,7167.0,0.0,0.0,6929.285714285715,7791.0,3149.5296323041466,5696.866666666667,6447.5,2849.7072654661515,5650.0,0,1,0,0,0,1,0,0,1,0
723,0,2013-12-09,0.7818314824680298,0.6234898018587336,-2.4492935982947064e-16,1.0,-0.3697245428906732,0.9291414114031743,0.0,9473.0,5463.0,6464.857142857143,7375.0,2944.9712748215043,5679.2,6385.5,2844.578684033045,5650.0,0,1,0,0,0,1,0,0,1,6222
723,0,2013-12-10,0.9749279121818236,-0.22252093395631434,-2.4492935982947064e-16,1.0,-0.3536761221763721,0.935367949313148,6222.0,8350.0,5201.0,5948.142857142857,7167.0,2875.5795026725414,5836.966666666666,6385.5,2642.8333865749837,5650.0,0,1,0,0,0,1,0,0,1,4733
723,0,2013-12-11,0.43388373911755823,-0.900968867902419,-2.4492935982947064e-16,1.0,-0.33752289959411347,0.941317317512847,4733.0,7791.0,5773.0,5599.0,6222.0,2760.6065154841094,5857.066666666667,6385.5,2636.5197270766557,5650.0,0,1,0,0,0,1,0,0,1,5347
723,0,2013-12-12,-0.433883739117558,-0.9009688679024191,-2.4492935982947064e-16,1.0,-0.32126966169236515,0.946987753076075,5347.0,8349.0,6467.0,5264.571428571428,6008.0,2501.585287848675,5871.8,6385.5,2636.0720569922155,5650.0,0,1,0,0,0,1,0,0,1,6008
723,0,2013-12-13,-0.9749279121818236,-0.2225209339563146,-2.4492935982947064e-16,1.0,-0.3049212246562894,0.9523775757303973,6008.0,7375.0,6764.0,5087.571428571428,6008.0,2367.62010305305,5918.0,6385.5,2627.866146278881,5650.0,0,1,0,0,0,1,0,0,1,6136
723,0,2013-12-14,-0.7818314824680299,0.6234898018587334,-2.4492935982947064e-16,1.0,-0.2884824328806098,0.9574851883550389,6136.0,7167.0,9123.0,5254.285714285715,6008.0,2570.8127582722204,5953.9,6385.5,2654.015855655154,5650.0,0,1,0,0,0,1,0,0,1,8334
723,0,2013-12-15,-2.4492935982947064e-16,1.0,-2.4492935982947064e-16,1.0,-0.27195815753410524,0.9623090774541487,8334.0,0.0,0.0,5254.285714285715,6008.0,2570.8127582722204,5752.8,6385.5,2867.7735975659843,5650.0,0,1,0,0,0,1,0,0,1,0
723,0,2013-12-16,0.7818314824680298,0.6234898018587336,-2.4492935982947064e-16,1.0,-0.2553532951161881,0.9668478136052773,0.0,6222.0,9473.0,6082.0,6008.0,3643.327279653401,5919.166666666667,6385.5,3080.9676165164387,5650.0,1,1,0,0,0,1,0,0,1,12016
723,0,2013-12-17,0.9749279121818236,-0.22252093395631434,-2.4492935982947064e-16,1.0,-0.23867276600594997,0.9711000518829505,12016.0,4733.0,8350.0,6833.714285714285,6136.0,3855.2831592627826,6252.333333333333,6447.5,2956.7244496679705,5650.0,1,1,0,0,0,1,0,0,1,9995
723,0,2013-12-18,0.43388373911755823,-0.900968867902419,-2.4492935982947064e-16,1.0,-0.22192151300416674,0.9750645322571945,9995.0,5347.0,7791.0,7512.142857142857,8334.0,3966.3077048463842,6295.466666666666,6447.5,3004.2586064972234,5650.0,1,1,0,0,0,1,0,0,1,10096
723,0,2013-12-19,-0.433883739117558,-0.9009688679024191,-2.4492935982947064e-16,1.0,-0.20510449986861926,0.9787400799669153,10096.0,6008.0,8349.0,8022.428571428572,9580.0,3970.3154306739416,6403.366666666667,6615.5,3063.5687492872084,5650.0,1,1,0,0,0,1,0,0,1,9580
723,0,2013-12-20,-0.9749279121818236,-0.2225209339563146,-2.4492935982947064e-16,1.0,-0.1882267098432439,0.9821256058680006,9580.0,6136.0,7375.0,8658.714285714286,9995.0,3974.506707936037,6564.466666666666,6802.5,3154.141576571582,5650.0,1,1,0,0,0,1,0,0,1,10590
723,0,2013-12-21,-0.7818314824680299,0.6234898018587334,-2.4492935982947064e-16,1.0,-0.1712931441814778,0.9852201067560606,10590.0,8334.0,7167.0,9009.714285714286,10096.0,4048.8479313785733,6709.9,7004.0,3246.8557665787234,5650.0,0,1,0,0,0,1,0,0,1,10791
723,0,2013-12-22,-2.4492935982947064e-16,1.0,-2.4492935982947064e-16,1.0,-0.154308820664281,0.9880226656636976,10791.0,0.0,0.0,9009.714285714286,10096.0,4048.8479313785733,6466.166666666667,6802.5,3467.0774444403637,5650.0,0,1,0,0,0,1,0,0,1,0
723,0,2013-12-23,0.7818314824680298,0.6234898018587336,-2.4492935982947064e-16,1.0,-0.13727877211326517,0.9905324521322227,0.0,12016.0,6222.0,9278.142857142857,10096.0,4333.645556517491,6701.3,6965.5,3723.1178457179467,5650.0,0,1,0,0,0,1,0,0,1,13895
723,0,2013-12-24,0.9749279121818236,-0.22252093395631434,-2.4492935982947064e-16,1.0,-0.12020804489935275,0.9927487224577402,13895.0,9995.0,4733.0,8544.57142857143,10096.0,4617.396736154215,6863.3,6965.5,3521.765976971173,5650.0,0,1,0,0,0,1,0,0,1,4860
723,0,2013-12-25,0.43388373911755823,-0.900968867902419,-2.4492935982947064e-16,1.0,-0.10310169744743544,0.9946708199115211,4860.0,10096.0,5347.0,7102.285714285715,9580.0,5537.200999129604,6681.2,6965.5,3731.651510136423,5650.0,0,1,0,0,0,1,0,0,1,0
723,0,2013-12-26,-0.433883739117558,-0.9009688679024191,-2.4492935982947064e-16,1.0,-0.0859647987374467,0.9962981749346077,0.0,9580.0,6008.0,5733.714285714285,4860.0,5988.266992329964,6507.833333333333,6965.5,3918.9074311627965,5650.0,0,1,0,0,0,1,0,0,1,0
723,0,2013-12-27,-0.9749279121818236,-0.2225209339563146,-2.4492935982947064e-16,1.0,-0.06880242680232064,0.9976303053065857,0.0,10590.0,6136.0,5163.428571428572,4860.0,5627.950303533925,6535.333333333333,6965.5,3916.466962871558,5650.0,0,1,0,0,0,1,0,0,1,6598
723,0,2013-12-28,-0.7818314824680299,0.6234898018587334,-2.4492935982947064e-16,1.0,-0.05161966722325418,0.9986668162884759,6598.0,10791.0,8334.0,4583.142857142857,4860.0,5139.184125538845,6544.066666666667,6965.5,3916.601446656785,5650.0,0,1,0,0,0,1,0,0,1,6729
723,0,2013-12-29,-2.4492935982947064e-16,1.0,-2.4492935982947064e-16,1.0,-0.034421611622745804,0.9994074007397048,6729.0,0.0,0.0,4583.142857142857,4860.0,5139.184125538845,6318.6,6948.0,4094.1700400986497,5650.0,0,1,0,0,0,1,0,0,1,0
723,0,2013-12-30,0.7818314824680298,0.6234898018587336,-2.4492935982947064e-16,1.0,-0.01721335615583528,0.9998518392091162,0.0,13895.0,12016.0,3725.1428571428573,4860.0,3594.721613169852,6277.466666666666,6948.0,4071.1574202221514,5650.0,0,1,0,0,0,1,0,0,1,7889
723,0,2013-12-31,0.9749279121818236,-0.22252093395631434,-2.4492935982947064e-16,1.0,6.432490598706546e-16,1.0,7889.0,4860.0,9995.0,3562.714285714286,3723.0,3560.4204674113835,6401.566666666667,6948.0,3927.410515526899,5650.0,0,1,0,0,0,1,0,0,1,3723
723,0,2014-01-01,0.43388373911755823,-0.900968867902419,0.49999999999999994,0.8660254037844387,0.017213356155834685,0.9998518392091162,3723.0,0.0,10096.0,3562.714285714286,3723.0,3560.4204674113835,6085.8,6663.5,4050.828535088798,5650.0,0,1,0,0,0,1,0,0,1,0
723,0,2014-01-02,-0.433883739117558,-0.9009688679024191,0.49999999999999994,0.8660254037844387,0.03442161162274574,0.9994074007397048,0.0,0.0,9580.0,4378.0,5707.0,3248.377954200115,5997.7,6410.0,4028.566880888675,5650.0,0,1,0,0,0,1,0,0,1,5707
723,0,2014-01-03,-0.9749279121818236,-0.2225209339563146,0.49999999999999994,0.8660254037844387,0.051619667223253764,0.998666816288476,5707.0,6598.0,10590.0,4308.142857142857,5707.0,3197.539597282646,5941.633333333333,6179.0,4014.428034867039,5650.0,0,1,0,0,0,1,0,0,1,6109
723,0,2014-01-04,-0.7818314824680299,0.6234898018587334,0.49999999999999994,0.8660254037844387,0.06880242680231986,0.9976303053065857,6109.0,6729.0,10791.0,4226.428571428572,5707.0,3131.99988596971,5868.566666666667,6146.5,3988.9681811935666,5650.0,0,1,0,0,0,1,0,0,1,6157
723,0,2014-01-05,-2.4492935982947064e-16,1.0,0.49999999999999994,0.8660254037844387,0.08596479873744647,0.9962981749346078,6157.0,0.0,0.0,4226.428571428572,5707.0,3131.99988596971,5622.733333333334,6122.5,4118.092376694397,5650.0,0,1,0,0,0,1,0,0,1,0
723,0,2014-01-06,0.7818314824680298,0.6234898018587336,0.49999999999999994,0.8660254037844387,0.10310169744743485,0.9946708199115211,0.0,7889.0,13895.0,4515.714285714285,5707.0,3587.1245547692597,5714.3,6122.5,4183.6320480884915,5650.0,1,1,0,0,0,1,0,0,1,9914
723,0,2014-01-07,0.9749279121818236,-0.22252093395631434,0.49999999999999994,0.8660254037844387,0.1202080448993527,0.9927487224577402,9914.0,3723.0,4860.0,4983.714285714285,6109.0,3678.9926027961187,5947.6,6146.5,4046.9013228940216,5650.0,1,1,0,0,0,1,0,0,1,6999
723,0,2014-01-08,0.43388373911755823,-0.900968867902419,0.49999999999999994,0.8660254037844387,0.13727877211326478,0.9905324521322229,6999.0,0.0,0.0,5818.0,6109.0,2950.522778537162,5934.866666666667,6122.5,4046.6091273911125,5650.0,1,1,0,0,0,1,0,0,1,5840
723,0,2014-01-09,-0.433883739117558,-0.9009688679024191,0.49999999999999994,0.8660254037844387,0.15430882066428117,0.9880226656636976,5840.0,5707.0,0.0,5926.285714285715,6157.0,2959.6653929279278,5992.6,6146.5,4041.2224217517364,5650.0,1,1,0,0,0,1,0,0,1,6465
723,0,2014-01-10,-0.9749279121818236,-0.2225209339563146,0.49999999999999994,0.8660254037844387,0.1712931441814776,0.9852201067560606,6465.0,6109.0,6598.0,6169.857142857143,6465.0,3046.1042567281133,6074.833333333333,6311.0,4052.7160333690344,5650.0,1,1,0,0,0,1,0,0,1,7814
723,0,2014-01-11,-0.7818314824680299,0.6234898018587334,0.49999999999999994,0.8660254037844387,0.1882267098432442,0.9821256058680006,7814.0,6157.0,6729.0,6173.285714285715,6465.0,3046.1008800478944,6080.6,6323.0,4052.7407380259565,5650.0,0,1,0,0,0,1,0,0,1,6181
723,0,2014-01-12,-2.4492935982947064e-16,1.0,0.49999999999999994,0.8660254037844387,0.2051044998686192,0.9787400799669153,6181.0,0.0,0.0,6173.285714285715,6465.0,3046.1008800478944,5876.066666666667,6323.0,4201.937680554576,5650.0,0,1,0,0,0,1,0,0,1,0
723,0,2014-01-13,0.7818314824680298,0.6234898018587336,0.49999999999999994,0.8660254037844387,0.22192151300416552,0.9750645322571948,0.0,9914.0,7889.0,5537.571428571428,6181.0,2561.041380450722,5780.4,6169.0,4176.642469405465,5650.0,0,1,0,0,0,1,0,0,1,5464
723,0,2014-01-14,0.9749279121818236,-0.22252093395631434,0.49999999999999994,0.8660254037844387,0.2386727660059501,0.9711000518829505,5464.0,6999.0,3723.0,5189.285714285715,5840.0,2494.0728213296475,5932.433333333333,6169.0,4039.7439973800097,5650.0,0,1,0,0,0,1,0,0,1,4561
723,0,2014-01-15,0.43388373911755823,-0.900968867902419,0.49999999999999994,0.8660254037844387,0.255353295116187,0.9668478136052775,4561.0,5840.0,0.0,4989.571428571428,5464.0,2489.2502791766324,5679.966666666666,6133.0,3879.9477465672085,5650.0,0,1,0,0,0,1,0,0,1,4442
723,0,2014-01-16,-0.433883739117558,-0.9009688679024191,0.49999999999999994,0.8660254037844387,0.2719581575341055,0.9623090774541486,4442.0,6465.0,5707.0,4753.142857142857,4810.0,2402.8548595765133,5507.133333333333,5974.5,3795.67371452374,5650.0,0,1,0,0,0,1,0,0,1,4810
723,0,2014-01-17,-0.9749279121818236,-0.2225209339563146,0.49999999999999994,0.8660254037844387,0.288482432880609,0.9574851883550393,4810.0,7814.0,6109.0,4481.428571428572,4810.0,2085.6482491176716,5367.666666666667,5876.0,3696.8286533127325,5650.0,0,1,0,0,0,1,0,0,1,5912
723,0,2014-01-18,-0.7818314824680299,0.6234898018587334,0.49999999999999994,0.8660254037844387,0.30492122465628907,0.9523775757303974,5912.0,6181.0,6157.0,4564.285714285715,4810.0,2174.067517679375,5273.7,5876.0,3621.1183941067075,5650.0,0,1,0,0,0,1,0,0,1,6761
723,0,2014-01-19,-2.4492935982947064e-16,1.0,0.49999999999999994,0.8660254037844387,0.3212696616923644,0.9469877530760753,6761.0,0.0,0.0,4564.285714285715,4810.0,2174.067517679375,4920.7,5773.5,3601.115968313349,5650.0,0,1,0,0,0,1,0,0,1,0
723,0,2014-01-20,0.7818314824680298,0.6234898018587336,0.49999999999999994,0.8660254037844387,0.3375228995941133,0.9413173175128471,0.0,5464.0,9914.0,5193.0,4810.0,2968.740810512091,4889.833333333333,5773.5,3552.7073123361074,5650.0,1,1,0,0,0,1,0,0,1,9865
723,0,2014-01-21,0.9749279121818236,-0.22252093395631434,0.49999999999999994,0.8660254037844387,0.3536761221763716,0.9353679493131483,9865.0,4561.0,6999.0,5659.0,5912.0,3105.8524326396,5150.6,5876.0,3467.500178753446,5650.0,1,1,0,0,0,1,0,0,1,7823
723,0,2014-01-22,0.43388373911755823,-0.900968867902419,0.49999999999999994,0.8660254037844387,0.3697245428906731,0.9291414114031743,7823.0,4442.0,5840.0,5952.571428571428,6497.0,3068.54421819983,4904.0,5876.0,3063.7315651747767,5650.0,1,1,0,0,0,1,0,0,1,6497
723,0,2014-01-23,-0.433883739117558,-0.9009688679024191,0.49999999999999994,0.8660254037844387,0.38566340624360707,0.9226395488404876,6497.0,4810.0,6465.0,6210.857142857143,6618.0,3032.2193977663396,4962.6,6010.5,3079.632329152075,5650.0,1,1,0,0,0,1,0,0,1,6618
723,0,2014-01-24,-0.9749279121818236,-0.2225209339563146,0.49999999999999994,0.8660254037844387,0.401487989205973,0.9158642882672872,6618.0,5912.0,7814.0,6444.857142857143,6761.0,3068.3009103069508,5214.266666666666,6133.0,2966.520543217819,5650.0,1,1,0,0,0,1,0,0,1,7550
723,0,2014-01-25,-0.7818314824680299,0.6234898018587334,0.49999999999999994,0.8660254037844387,0.4171936026123168,0.9088176373395029,7550.0,6761.0,6181.0,6483.857142857143,7034.0,3074.717300206714,5448.733333333334,6169.0,2814.2537068354004,5650.0,0,1,0,0,0,1,0,0,1,7034
723,0,2014-01-26,-2.4492935982947064e-16,1.0,0.49999999999999994,0.8660254037844387,0.4327755925504312,0.901501684131884,7034.0,0.0,0.0,6483.857142857143,7034.0,3074.717300206714,5228.8,6133.0,2974.5904081993767,5650.0,0,1,0,0,0,1,0,0,1,0
723,0,2014-01-27,0.7818314824680298,0.6234898018587336,0.49999999999999994,0.8660254037844387,0.4482293417404106,0.893918596519257,0.0,9865.0,5464.0,5798.285714285715,6618.0,2708.3652335117636,5173.366666666667,6010.5,2961.1342943533336,5650.0,0,1,0,0,0,1,0,0,1,5066
723,0,2014-01-28,0.9749279121818236,-0.22252093395631434,0.49999999999999994,0.8660254037844387,0.4635502709028509,0.886070621534138,5066.0,7823.0,4561.0,5449.571428571428,6497.0,2557.149054262242,5352.766666666666,6010.5,2795.2881991114914,5650.0,0,1,0,0,0,1,0,0,1,5382
723,0,2014-01-29,0.43388373911755823,-0.900968867902419,0.49999999999999994,0.8660254037844387,0.47873384011578846,0.8779600847008882,5382.0,6497.0,4442.0,5303.142857142857,5472.0,2516.1933834379934,5272.2,5876.0,2754.197140666438,5650.0,0,1,0,0,0,1,0,0,1,5472
723,0,2014-01-30,-0.433883739117558,-0.9009688679024191,0.49999999999999994,0.8660254037844387,0.4937755501599772,0.869589389346611,5472.0,6618.0,4810.0,5239.428571428572,5472.0,2482.7747150545656,5353.833333333333,6010.5,2742.9668946338893,5650.0,0,1,0,0,0,1,0,0,1,6172
723,0,2014-01-31,-0.9749279121818236,-0.2225209339563146,0.49999999999999994,0.8660254037844387,0.5086709438521044,0.8609610158889943,6172.0,7550.0,5912.0,5259.285714285715,5472.0,2504.7927867913345,5610.133333333333,6133.0,2579.835168930485,5650.0,0,1,0,0,0,1,0,0,1,7689
723,0,2014-02-01,-0.7818314824680299,0.6234898018587334,0.8660254037844386,0.5000000000000001,0.5234156073655503,0.8520775211013093,7689.0,7034.0,6761.0,5340.0,5472.0,2579.501566840642,5673.2,6164.5,2605.2852170288334,5650.0,0,1,0,0,0,1,0,0,1,7599
723,0,2014-02-02,-2.4492935982947064e-16,1.0,0.8660254037844386,0.5000000000000001,0.5380051715382996,0.8429415373547828,7599.0,0.0,0.0,5340.0,5472.0,2579.501566840642,5469.566666666667,6164.5,2801.4103674982084,5650.0,0,1,0,0,0,1,0,0,1,0
723,0,2014-02-03,0.7818314824680298,0.6234898018587336,0.8660254037844386,0.5000000000000001,0.5524353131676196,0.8335557718385699,0.0,5066.0,9865.0,6052.285714285715,6172.0,3122.4824907054153,5599.4,6176.5,2922.030064279239,5650.0,1,1,0,0,0,1,0,0,1,10052
723,0,2014-02-04,0.9749279121818236,-0.22252093395631434,0.8660254037844386,0.5000000000000001,0.5667017562911176,0.8239230057575542,10052.0,5382.0,7823.0,6331.428571428572,7336.0,3139.866656252715,5843.933333333333,6323.0,2738.4751222901964,5650.0,1,1,0,0,0,1,0,0,1,7336
723,0,2014-02-05,0.43388373911755823,-0.900968867902419,0.8660254037844386,0.5000000000000001,0.5808002734538009,0.8140460935082178,7336.0,5472.0,6497.0,6564.0,7336.0,3125.8607881136763,5750.133333333333,6323.0,2640.705505696555,5650.0,1,1,0,0,0,1,0,0,1,7100
723,0,2014-02-06,-0.433883739117558,-0.9009688679024191,0.8660254037844386,0.5000000000000001,0.5947266869607634,0.8039279618328213,7100.0,6172.0,6618.0,6663.857142857143,7336.0,3122.4140996228857,5745.866666666667,6323.0,2638.720755022879,5650.0,1,1,0,0,0,1,0,0,1,6871
723,0,2014-02-07,-0.9749279121818236,-0.2225209339563146,0.8660254037844386,0.5000000000000001,0.6084768701151261,0.7935716089521474,6871.0,7689.0,7550.0,6578.142857142857,7100.0,3097.720098640901,5787.5,6481.0,2650.085981038457,5650.0,1,1,0,0,0,1,0,0,1,7089
723,0,2014-02-08,-0.7818314824680299,0.6234898018587334,0.8660254037844386,0.5000000000000001,0.6220467484408675,0.7829801036770629,7089.0,7599.0,7034.0,6512.285714285715,7100.0,3077.232236620308,5809.933333333333,6557.5,2658.852888946186,5650.0,0,1,0,0,0,1,0,0,1,7138
723,0,2014-02-09,-2.4492935982947064e-16,1.0,0.8660254037844386,0.5000000000000001,0.6354323008901774,0.7721565844991642,7138.0,0.0,0.0,6512.285714285715,7100.0,3077.2322366203084,5549.466666666666,6339.0,2832.8079007053866,5650.0,0,1,0,0,0,1,0,0,1,0
723,0,2014-02-10,0.7818314824680298,0.6234898018587336,0.8660254037844386,0.5000000000000001,0.6486295610349814,0.7611042586607747,0.0,10052.0,5066.0,5824.285714285715,7089.0,2664.6472383341656,5517.966666666666,6334.5,2830.7966282611546,5650.0,0,1,0,0,0,1,0,0,1,5236
723,0,2014-02-11,0.9749279121818236,-0.22252093395631434,0.8660254037844386,0.5000000000000001,0.6616346182422783,0.7498264012045686,5236.0,7336.0,5382.0,5427.428571428572,6871.0,2608.249723291007,5669.9,6334.5,2640.336607981695,5650.0,0,1,0,0,0,1,0,0,1,4558
723,0,2014-02-12,0.43388373911755823,-0.900968867902419,0.8660254037844386,0.5000000000000001,0.6744436188329455,0.7383263540031065,4558.0,7100.0,5472.0,5134.714285714285,5236.0,2502.0735210544676,5656.133333333333,6334.5,2642.5229680707826,5650.0,0,1,0,0,0,1,0,0,1,5051
723,0,2014-02-13,-0.433883739117558,-0.9009688679024191,0.8660254037844386,0.5000000000000001,0.6870527672236669,0.7266075247685656,5051.0,6871.0,6172.0,4840.428571428572,5051.0,2382.089618881068,5664.466666666666,6334.5,2639.3426001410935,5650.0,0,1,0,0,0,1,0,0,1,4811
723,0,2014-02-14,-0.9749279121818236,-0.2225209339563146,0.8660254037844386,0.5000000000000001,0.6994583270516471,0.7146733860429609,4811.0,7089.0,7689.0,4657.428571428572,5051.0,2224.552528573095,5710.0,6334.5,2629.2894674128756,5650.0,0,1,0,0,0,1,0,0,1,5808
723,0,2014-02-15,-0.7818314824680299,0.6234898018587334,0.8660254037844386,0.5000000000000001,0.7116566222817746,0.702527474169157,5808.0,7138.0,7599.0,4610.571428571428,5051.0,2166.285750398814,5776.666666666667,6557.5,2631.03753408178,5650.0,0,1,0,0,0,1,0,0,1,6810
723,0,2014-02-16,-2.4492935982947064e-16,1.0,0.8660254037844386,0.5000000000000001,0.7236440382959124,0.6901733882429719,6810.0,0.0,0.0,4610.571428571428,5051.0,2166.285750398814,5579.6,6557.5,2834.1203172084633,5650.0,0,1,0,0,0,1,0,0,1,0
723,0,2014-02-17,0.7818314824680298,0.6234898018587336,0.8660254037844386,0.5000000000000001,0.7354170229639855,0.6776147890466889,0.0,5236.0,10052.0,5048.571428571428,5051.0,2583.5808391418586,5630.966666666666,6557.5,2870.008416223794,5650.0,1,1,0,0,0,1,0,0,1,8302
723,0,2014-02-18,0.9749279121818236,-0.22252093395631434,0.8660254037844386,0.5000000000000001,0.7469720876965552,0.6648553979642865,8302.0,4558.0,7336.0,5437.714285714285,5808.0,2699.9030053124566,5873.7,6714.0,2678.921825711954,5650.0,1,1,0,0,0,1,0,0,1,7282
723,0,2014-02-19,0.43388373911755823,-0.900968867902419,0.8660254037844386,0.5000000000000001,0.7583058084785625,0.6518989958787126,7282.0,5051.0,7100.0,5747.857142857143,6810.0,2771.812429234189,5785.6,6714.0,2584.94734956053,5650.0,1,1,0,0,0,1,0,0,1,7222
723,0,2014-02-20,-0.433883739117558,-0.9009688679024191,0.8660254037844386,0.5000000000000001,0.7694148268839378,0.6387494220515272,7222.0,4811.0,6871.0,6022.428571428572,6810.0,2758.7057265526305,5749.266666666666,6675.5,2562.8889670587123,5650.0,1,1,0,0,0,1,0,0,1,6733
723,0,2014-02-21,-0.9749279121818236,-0.2225209339563146,0.8660254037844386,0.5000000000000001,0.7802958510707755,0.6254105729852463,6733.0,5808.0,7089.0,6229.857142857143,7222.0,2794.2548457249086,5774.7,6771.5,2574.325491169049,5650.0,1,1,0,0,0,1,0,0,1,7260
723,0,2014-02-22,-0.7818314824680299,0.6234898018587334,0.8660254037844386,0.5000000000000001,0.7909456567567772,0.6118864012687243,7260.0,6810.0,7138.0,6248.714285714285,7222.0,2799.263398008226,5785.5,6840.5,2578.6613441059326,5650.0,0,1,0,0,0,1,0,0,1,6942
723,0,2014-02-23,-2.4492935982947064e-16,1.0,0.8660254037844386,0.5000000000000001,0.8013610881746766,0.5981809144059164,6942.0,0.0,0.0,6248.714285714285,7222.0,2799.263398008226,5533.833333333333,6771.5,2762.394027717231,5650.0,0,1,0,0,0,1,0,0,1,0
723,0,2014-02-24,0.7818314824680298,0.6234898018587336,0.8660254037844386,0.5000000000000001,0.8115390590073611,0.5842981736283683,0.0,8302.0,5236.0,5704.571428571428,6942.0,2702.1338393414712,5449.133333333333,6452.5,2753.7523832955203,5650.0,0,1,0,0,0,1,0,0,1,4493
723,0,2014-02-25,0.9749279121818236,-0.22252093395631434,0.8660254037844386,0.5000000000000001,0.8214765533024142,0.5702422926917871,4493.0,7282.0,4558.0,5319.857142857143,6733.0,2630.8853660932864,5602.1,6452.5,2561.3589112839695,5650.0,0,1,0,0,0,1,0,0,1,4589
723,0,2014-02-26,0.43388373911755823,-0.900968867902419,0.8660254037844386,0.5000000000000001,0.8311706263658079,0.5560174366570446,4589.0,7222.0,5051.0,4920.0,4589.0,2503.209672933265,5580.666666666667,6452.5,2568.6794988507427,5650.0,0,1,0,0,0,1,0,0,1,4423
723,0,2014-02-27,-0.433883739117558,-0.9009688679024191,0.8660254037844386,0.5000000000000001,0.8406184056344782,0.5416278206559814,4423.0,6733.0,4811.0,4852.714285714285,4589.0,2452.164194766581,5610.0,6497.5,2571.3558076732947,5650.0,0,1,0,0,0,1,0,0,1,6262
723,0,2014-02-28,-0.9749279121818236,-0.2225209339563146,0.8660254037844386,0.5000000000000001,0.8498170915275278,0.5270777086423722,6262.0,7260.0,5808.0,4712.142857142857,4589.0,2315.5651166667303,5636.8,6504.5,2574.056337298431,5650.0,0,1,0,0,0,1,0,0,1,6276
723,0,2014-03-01,-0.7818314824680299,0.6234898018587334,1.0,6.123233995736766e-17,0.8587639582758029,0.5123714121284237,6276.0,6942.0,6810.0,4842.857142857143,4589.0,2482.247330449528,5692.966666666666,6771.5,2604.342679440252,5650.0,0,1,0,0,0,1,0,0,1,7857
723,0,2014-03-02,-2.4492935982947064e-16,1.0,1.0,6.123233995736766e-17,0.8674563547295968,0.49751328890718066,7857.0,0.0,0.0,4842.857142857143,4589.0,2482.247330449528,5436.666666666667,6504.5,2773.9580377868565,5650.0,0,1,0,0,0,1,0,0,1,0
723,0,2014-03-03,0.7818314824680298,0.6234898018587336,1.0,6.123233995736766e-17,0.8758917051442429,0.48250774176121847,0.0,4493.0,8302.0,5693.714285714285,6262.0,3245.7162391006855,5531.666666666667,6504.5,2896.6538523320137,5650.0,1,1,0,0,0,1,0,0,1,10449
723,0,2014-03-04,0.9749279121818236,-0.22252093395631434,1.0,6.123233995736766e-17,0.8840675099433636,0.46735921715800227,10449.0,4589.0,7282.0,5927.571428571428,6262.0,3211.6494649501024,5739.2,6504.5,2703.2430255477257,5650.0,1,1,0,0,0,1,0,0,1,6226
723,0,2014-03-05,0.43388373911755823,-0.900968867902419,1.0,6.123233995736766e-17,0.8919813464595485,0.45207220393230435,6226.0,4423.0,7222.0,6389.714285714285,6276.0,3191.7542049415233,5659.4,6504.5,2605.092302289553,5650.0,1,1,0,0,0,1,0,0,1,7658
723,0,2014-03-06,-0.433883739117558,-0.9009688679024191,1.0,6.123233995736766e-17,0.8996308696522433,0.43665123195606403,7658.0,6262.0,6733.0,6520.428571428572,7177.0,3204.3635279174564,5654.1,6504.5,2601.723239939519,5650.0,1,1,0,0,0,1,0,0,1,7177
723,0,2014-03-07,-0.9749279121818236,-0.2225209339563146,1.0,6.123233995736766e-17,0.9070138128026359,0.4211008707960896,7177.0,6276.0,7260.0,6708.714285714285,7594.0,3226.2548832087896,5670.566666666667,6504.5,2612.7301176769292,5650.0,1,1,0,0,0,1,0,0,1,7594
723,0,2014-03-08,-0.7818314824680299,0.6234898018587334,1.0,6.123233995736766e-17,0.9141279881853337,0.40542572835999735,7594.0,7857.0,6942.0,6660.285714285715,7518.0,3208.641701940022,5692.133333333333,6504.5,2625.619253503414,5650.0,0,1,0,0,0,1,0,0,1,7518
723,0,2014-03-09,-2.4492935982947064e-16,1.0,1.0,6.123233995736766e-17,0.9209712877166346,0.38963044953078796,7518.0,0.0,0.0,6660.285714285715,7518.0,3208.641701940022,5455.833333333333,6269.0,2808.2172045296106,5650.0,0,1,0,0,0,1,0,0,1,0
723,0,2014-03-10,0.7818314824680298,0.6234898018587336,1.0,6.123233995736766e-17,0.9275416835791966,0.37371971479046906,0.0,10449.0,4493.0,5921.0,7177.0,2754.206419279425,5393.7,6244.0,2790.2786555937523,5650.0,0,1,0,0,0,1,0,0,1,5274
723,0,2014-03-11,0.9749279121818236,-0.22252093395631434,1.0,6.123233995736766e-17,0.9338372288229252,0.35769823883312546,5274.0,6226.0,4589.0,5694.142857142857,7177.0,2790.0637046831866,5548.3,6244.0,2603.353555413242,5650.0,0,1,0,0,0,1,0,0,1,4638
723,0,2014-03-12,0.43388373911755823,-0.900968867902419,1.0,6.123233995736766e-17,0.9398560579418954,0.3415707691678556,4638.0,7658.0,4423.0,5342.571428571428,5274.0,2653.0464160497227,5547.0,6244.0,2603.5246136330484,5650.0,0,1,0,0,0,1,0,0,1,5197
723,0,2014-03-13,-0.433883739117558,-0.9009688679024191,1.0,6.123233995736766e-17,0.9455963874271426,0.3253420847119801,5197.0,7177.0,6262.0,5000.857142857143,5197.0,2528.514348293045,5554.566666666667,6244.0,2600.8796745734326,5650.0,0,1,0,0,0,1,0,0,1,4785
723,0,2014-03-14,-0.9749279121818236,-0.2225209339563146,1.0,6.123233995736766e-17,0.9510565162951535,0.30901699437494745,4785.0,7594.0,6276.0,4659.428571428572,5197.0,2267.9348798075334,5559.666666666667,6244.0,2600.0080548062692,5650.0,0,1,0,0,0,1,0,0,1,5204
723,0,2014-03-15,-0.7818314824680299,0.6234898018587334,1.0,6.123233995736766e-17,0.9562348265919056,0.29260033563334836,5204.0,7518.0,7857.0,4578.142857142857,5197.0,2155.830344946111,5630.933333333333,6269.0,2608.0683290886786,5650.0,0,1,0,0,0,1,0,0,1,6949
723,0,2014-03-16,-2.4492935982947064e-16,1.0,1.0,6.123233995736766e-17,0.9611297838723007,0.27609697309746883,6949.0,0.0,0.0,4578.142857142857,5197.0,2155.830344946111,5437.333333333333,6269.0,2802.770923670845,5650.0,0,1,0,0,0,1,0,0,1,0
723,0,2014-03-17,0.7818314824680298,0.6234898018587336,1.0,6.123233995736766e-17,0.9657399376548549,0.2595117970697999,0.0,5274.0,10449.0,5051.571428571428,5197.0,2642.9598847468237,5496.6,6269.0,2851.1784085253926,5650.0,1,1,0,0,0,1,0,0,1,8588
723,0,2014-03-18,0.9749279121818236,-0.22252093395631434,1.0,6.123233995736766e-17,0.970063921851507,0.2428497220959356,8588.0,4638.0,6226.0,5349.714285714285,5204.0,2705.5042483971874,5720.766666666666,6500.5,2662.2272589245513,5650.0,1,1,0,0,0,1,0,0,1,6725
723,0,2014-03-19,0.43388373911755823,-0.900968867902419,1.0,6.123233995736766e-17,0.9741004551724205,0.22611568550828828,6725.0,5197.0,7658.0,5450.857142857143,5905.0,2712.069654253703,5640.866666666667,6269.0,2617.68403474276,5650.0,1,1,0,0,0,1,0,0,1,5905
723,0,2014-03-20,-0.433883739117558,-0.9009688679024191,1.0,6.123233995736766e-17,0.9778483415056568,0.20931464596304847,5905.0,4785.0,7177.0,5591.857142857143,5905.0,2697.29898408089,5590.533333333334,6244.0,2599.493952521416,5650.0,1,1,0,0,0,1,0,0,1,5772
723,0,2014-03-21,-0.9749279121818236,-0.2225209339563146,1.0,6.123233995736766e-17,0.9813064702716093,0.19245158197082998,5772.0,5204.0,7594.0,5859.142857142857,6725.0,2744.7440335163865,5585.633333333333,6244.0,2596.449385727303,5650.0,1,1,0,0,0,1,0,0,1,7075
723,0,2014-03-22,-0.7818314824680299,0.6234898018587334,1.0,6.123233995736766e-17,0.9844738167520922,0.1755314904214282,7075.0,6949.0,7518.0,5871.428571428572,6725.0,2750.6215574631387,5595.7,6244.0,2601.631492763328,5650.0,0,1,0,0,0,1,0,0,1,7035
723,0,2014-03-23,-2.4492935982947064e-16,1.0,1.0,6.123233995736766e-17,0.9873494423939864,0.15855938510313478,7035.0,0.0,0.0,5871.428571428572,6725.0,2750.6215574631387,5353.7,6065.5,2773.465094612603,5650.0,0,1,0,0,0,1,0,0,1,0
723,0,2014-03-24,0.7818314824680298,0.6234898018587336,1.0,6.123233995736766e-17,0.989932495087353,0.141540295217043,0.0,8588.0,5274.0,5534.714285714285,6231.0,2495.0420647279466,5330.0,6065.5,2762.440562630982,5650.0,0,1,0,0,0,1,0,0,1,6231
723,0,2014-03-25,0.9749279121818236,-0.22252093395631434,1.0,6.123233995736766e-17,0.9922222094179323,0.12447926388678915,6231.0,6725.0,4638.0,5324.285714285715,5905.0,2439.4191736480825,5505.066666666667,6065.5,2572.929310490597,5650.0,0,1,0,0,0,1,0,0,1,5252
723,0,2014-03-26,0.43388373911755823,-0.900968867902419,1.0,6.123233995736766e-17,0.994217906893952,0.10738134666416309,5252.0,5905.0,5197.0,5256.142857142857,5772.0,2427.1251463800672,5536.233333333334,6065.5,2565.9004695311623,5650.0,0,1,0,0,0,1,0,0,1,5428
723,0,2014-03-27,-0.433883739117558,-0.9009688679024191,1.0,6.123233995736766e-17,0.995918996147179,0.09025161003104117,5428.0,5772.0,4785.0,5130.285714285715,5428.0,2418.7448338815234,5546.3,6065.5,2562.646438540738,5650.0,0,1,0,0,0,1,0,0,1,4891
723,0,2014-03-28,-0.9749279121818236,-0.2225209339563146,1.0,6.123233995736766e-17,0.9973249731081555,0.07309512989807777,4891.0,7075.0,5204.0,5089.571428571428,5428.0,2382.683840905938,5625.2,6228.5,2563.3072440864785,5650.0,0,1,0,0,0,1,0,0,1,6790
723,0,2014-03-29,-0.7818314824680299,0.6234898018587334,1.0,6.123233995736766e-17,0.9984354211555643,0.055916990100603484,6790.0,7035.0,6949.0,5136.142857142857,5428.0,2429.7670278287583,5661.833333333333,6228.5,2580.517217380154,5650.0,0,1,0,0,0,1,0,0,1,7361
723,0,2014-03-30,-2.4492935982947064e-16,1.0,1.0,6.123233995736766e-17,0.9992500112396835,0.03872228089217446,7361.0,0.0,0.0,5136.142857142857,5428.0,2429.7670278287583,5452.633333333333,6065.5,2776.0007264648443,5650.0,0,1,0,0,0,1,0,0,1,0
723,0,2014-03-31,0.7818314824680298,0.6234898018587336,1.0,6.123233995736766e-17,0.9997685019798909,0.021516097436222254,0.0,6231.0,8588.0,5623.428571428572,5428.0,2968.291082825426,5512.133333333333,6065.5,2847.5205637395406,5650.0,1,1,0,0,0,1,0,0,1,9642
723,0,2014-04-01,0.9749279121818236,-0.22252093395631434,0.8660254037844387,-0.49999999999999983,0.9999907397361901,0.004303538296244289,9642.0,5252.0,6725.0,5939.714285714285,6790.0,3039.225927451796,5761.0,6228.5,2669.8751746618927,5650.0,1,1,0,0,0,1,0,0,1,7466
723,0,2014-04-02,0.43388373911755823,-0.900968867902419,0.8660254037844387,-0.49999999999999983,0.9999166586547379,-0.01291029607500882,7466.0,5428.0,5905.0,6179.285714285715,7105.0,3058.203269584157,5649.533333333334,6228.5,2533.7379873431582,5650.0,1,1,0,0,0,1,0,0,1,7105
723,0,2014-04-03,-0.433883739117558,-0.9009688679024191,0.8660254037844387,-0.49999999999999983,0.9995462806873573,-0.030120304846908114,7105.0,4891.0,5772.0,6557.714285714285,7361.0,3036.0349533717877,5693.333333333333,6478.0,2555.3123479141077,5650.0,1,1,0,0,0,1,0,0,1,7540
723,0,2014-04-04,-0.9749279121818236,-0.2225209339563146,0.8660254037844387,-0.49999999999999983,0.9988797155850336,-0.04732138832243185,7540.0,6790.0,7075.0,6754.857142857143,7466.0,3097.8083881227717,5710.4,6478.0,2570.5509888362276,5650.0,1,1,0,0,0,1,0,0,1,8170
723,0,2014-04-05,-0.7818314824680299,0.6234898018587334,0.8660254037844387,-0.49999999999999983,0.9979171608653922,-0.06450844944931623,8170.0,7361.0,7035.0,6772.142857142857,7482.0,3102.088996604891,5720.566666666667,6478.0,2577.146172019359,5650.0,0,1,0,0,0,1,0,0,1,7482
723,0,2014-04-06,-2.4492935982947064e-16,1.0,0.8660254037844387,-0.49999999999999983,0.9966589017541702,-0.08167639533042241,7482.0,0.0,0.0,6772.142857142857,7482.0,3102.0889966048912,5467.433333333333,6068.0,2753.6910988373593,5650.0,0,1,0,0,0,1,0,0,1,0
723,0,2014-04-07,0.7818314824680298,0.6234898018587336,0.8660254037844387,-0.49999999999999983,0.9951053111006976,-0.09882013873287143,0.0,9642.0,6231.0,6208.857142857143,7466.0,2841.13407102231,5406.8,5838.5,2726.87855400197,5650.0,0,1,0,0,0,1,0,0,1,5699
723,0,2014-04-08,0.9749279121818236,-0.22252093395631434,0.8660254037844387,-0.49999999999999983,0.9932568492674143,-0.11593459959550041,5699.0,7466.0,5252.0,5901.571428571428,7105.0,2798.5072721686724,5583.966666666666,5838.5,2528.959394600918,5650.0,0,1,0,0,0,1,0,0,1,5315
723,0,2014-04-09,0.43388373911755823,-0.900968867902419,0.8660254037844387,-0.49999999999999983,0.9911140639934547,-0.1330147065341959,5315.0,7105.0,5428.0,5683.0,5699.0,2748.1464056099085,5594.0,5838.5,2528.2842348940526,5650.0,0,1,0,0,0,1,0,0,1,5575
723,0,2014-04-10,-0.433883739117558,-0.9009688679024191,0.8660254037844387,-0.49999999999999983,0.9886775902323405,-0.1500553983446526,5575.0,7540.0,4891.0,5402.285714285715,5575.0,2624.4194097162194,5625.233333333334,5838.5,2521.8464319694,5650.0,0,1,0,0,0,1,0,0,1,5575
723,0,2014-04-11,-0.9749279121818236,-0.2225209339563146,0.8660254037844387,-0.49999999999999983,0.9859481499638304,-0.16705162550211924,5575.0,8170.0,6790.0,5103.714285714285,5575.0,2362.925567616388,5654.666666666667,5992.5,2521.8289248949445,5650.0,0,1,0,0,0,1,0,0,1,6080
723,0,2014-04-12,-0.7818314824680299,0.6234898018587334,0.8660254037844387,-0.49999999999999983,0.9829265519799822,-0.18399835165768005,6080.0,7482.0,7361.0,5035.142857142857,5575.0,2288.1883247503474,5728.566666666667,6155.5,2527.9415325426407,5650.0,0,1,0,0,0,1,0,0,1,7002
723,0,2014-04-13,-2.4492935982947064e-16,1.0,0.8660254037844387,-0.49999999999999983,0.9796136916454901,-0.20089055513063506,7002.0,0.0,0.0,5035.142857142857,5575.0,2288.1883247503474,5555.1,6155.5,2735.228343868837,5650.0,0,1,0,0,0,1,0,0,1,0
723,0,2014-04-14,0.7818314824680298,0.6234898018587336,0.8660254037844387,-0.49999999999999983,0.9760105506323683,-0.21772323039653177,0.0,5699.0,9642.0,5694.285714285715,5575.0,3049.2791341717525,5667.233333333334,6155.5,2860.4327341220232,5650.0,1,1,0,0,0,1,0,0,1,10313
723,0,2014-04-15,0.9749279121818236,-0.22252093395631434,0.8660254037844387,-0.49999999999999983,0.9721181966290613,-0.23449138957040985,10313.0,5315.0,7466.0,6332.0,6080.0,3403.0108237657228,5993.2,6478.0,2747.2974231113917,5650.0,1,1,0,0,0,1,0,0,1,9779
723,0,2014-04-16,0.43388373911755823,-0.900968867902419,0.8660254037844387,-0.49999999999999983,0.9679377830240642,-0.25119006388481935,9779.0,5575.0,7105.0,6720.857142857143,7002.0,3457.1810013637523,5983.5,6478.0,2738.318987866526,5650.0,1,1,0,0,0,1,0,0,1,8297
723,0,2014-04-17,-0.433883739117558,-0.9009688679024191,0.8660254037844387,-0.49999999999999983,0.9634705485641488,-0.2678143051621742,8297.0,5575.0,7540.0,7253.857142857143,8297.0,3537.7477500320947,6069.533333333334,6510.5,2802.2187481786086,5650.0,1,1,0,0,0,1,0,0,1,9306
723,0,2014-04-18,-0.9749279121818236,-0.2225209339563146,0.8660254037844387,-0.49999999999999983,0.9587178169872964,-0.2843591872810034,9306.0,6080.0,8170.0,6385.285714285715,8297.0,4491.7246767170145,5872.7,6510.5,3013.591798433593,5650.0,1,1,0,0,0,1,0,0,1,0
723,0,2014-04-19,-0.7818314824680299,0.6234898018587334,0.8660254037844387,-0.49999999999999983,0.9536809966304457,-0.30081980763566735,0.0,7002.0,7482.0,6695.142857142857,9171.0,4614.494028911203,5986.0,6896.0,3072.9849916035546,5650.0,0,1,0,0,0,1,0,0,1,9171
723,0,2014-04-20,-2.4492935982947064e-16,1.0,0.8660254037844387,-0.49999999999999983,0.9483615800121715,-0.3171912885891061,9171.0,0.0,0.0,6695.142857142857,9171.0,4614.494028911203,5750.166666666667,6510.5,3252.752787317584,5650.0,0,1,0,0,0,1,0,0,1,0
723,0,2014-04-21,0.7818314824680298,0.6234898018587336,0.8660254037844387,-0.49999999999999983,0.9427611433904207,-0.3334687789181868,0.0,10313.0,5699.0,5221.857142857143,8297.0,4904.137417479633,5515.666666666667,6155.5,3406.8669633179306,5650.0,0,1,0,0,0,1,0,0,1,0
723,0,2014-04-22,0.9749279121818236,-0.22252093395631434,0.8660254037844387,-0.49999999999999983,0.9368813462954315,-0.3496474552512284,0.0,9779.0,5315.0,4696.142857142857,6099.0,4516.093128231207,5718.966666666666,6165.0,3244.4823452294754,5650.0,0,1,0,0,0,1,0,0,1,6099
723,0,2014-04-23,0.43388373911755823,-0.900968867902419,0.8660254037844387,-0.49999999999999983,0.9307239310379795,-0.36572252349726897,6099.0,8297.0,5575.0,4302.571428571428,5542.0,4262.933178659298,5696.0,6089.5,3243.1711811658724,5650.0,0,1,0,0,0,1,0,0,1,5542
723,0,2014-04-24,-0.433883739117558,-0.9009688679024191,0.8660254037844387,-0.49999999999999983,0.9242907221930934,-0.3816892202666588,5542.0,9306.0,5575.0,3637.285714285714,4649.0,3674.7579382541494,5675.9,6089.5,3247.8829853008724,5650.0,0,1,0,0,0,1,0,0,1,4649
723,0,2014-04-25,-0.9749279121818236,-0.2225209339563146,0.8660254037844387,-0.49999999999999983,0.9175836260593937,-0.39754281428255595,4649.0,0.0,6080.0,4534.857142857143,5542.0,3394.937182952059,5704.4,6191.0,3249.3836083914084,5650.0,0,1,0,0,0,1,0,0,1,6283
723,0,2014-04-26,-0.7818314824680299,0.6234898018587334,0.8660254037844387,-0.49999999999999983,0.9106046300942163,-0.4132786077829042,6283.0,9171.0,7002.0,4266.428571428572,5542.0,3020.960931952106,5784.433333333333,6536.5,3258.2151628040847,5650.0,0,1,0,0,0,1,0,0,1,7292
723,0,2014-04-27,-2.4492935982947064e-16,1.0,0.8660254037844387,-0.49999999999999983,0.9033558023246845,-0.4288919379124835,7292.0,0.0,0.0,4266.428571428572,5542.0,3020.960931952106,5558.1,6191.0,3417.877526003328,5650.0,0,1,0,0,0,1,0,0,1,0
723,0,2014-04-28,0.7818314824680298,0.6234898018587336,0.8660254037844387,-0.49999999999999983,0.895839290734909,-0.4443781781046132,0.0,0.0,10313.0,5687.285714285715,6099.0,3018.843692226418,5644.266666666666,6191.0,3496.575634505294,5650.0,1,1,0,0,0,1,0,0,1,9946
723,0,2014-04-29,0.9749279121818236,-0.22252093395631434,0.8660254037844387,-0.49999999999999983,0.8880573226294932,-0.45973273945210397,9946.0,6099.0,9779.0,6241.0,6283.0,3433.8824479976984,5976.766666666666,6642.5,3414.6540763186463,5650.0,1,1,0,0,0,1,0,0,1,9975
723,0,2014-04-30,0.43388373911755823,-0.900968867902419,0.8660254037844387,-0.49999999999999983,0.8800122039735357,-0.47495107206704995,9975.0,5542.0,8297.0,7071.0,7292.0,3906.4201856260515,6033.766666666666,6642.5,3491.357503828595,5650.0,1,1,0,0,0,1,0,0,1,11352
723,0,2014-05-01,-0.433883739117558,-0.9009688679024191,0.49999999999999994,-0.8660254037844387,0.8717063187093218,-0.49002866642905923,11352.0,4649.0,9306.0,6406.857142857143,7292.0,4701.171287688897,5784.9,6191.0,3648.3097111232037,5650.0,1,1,0,0,0,1,0,0,1,0
723,0,2014-05-02,-0.9749279121818236,-0.2225209339563146,0.49999999999999994,-0.8660254037844387,0.8631421280499114,-0.5049610547215204,0.0,6283.0,0.0,6825.285714285715,9212.0,4817.225643953365,5855.133333333333,6191.0,3694.5865219014836,5650.0,1,1,0,0,0,1,0,0,1,9212
723,0,2014-05-03,-0.7818314824680299,0.6234898018587334,0.49999999999999994,-0.8660254037844387,0.854322169749827,-0.5197438121555155,9212.0,7292.0,9171.0,6909.142857142857,9212.0,4831.791332020712,5866.433333333333,6191.0,3700.431230073835,5650.0,0,1,0,0,0,1,0,0,1,7879
723,0,2014-05-04,-2.4492935982947064e-16,1.0,0.49999999999999994,-0.8660254037844387,0.8452490573530633,-0.5343725582809787,7879.0,0.0,0.0,6909.142857142857,9212.0,4831.791332020712,5594.1,6089.5,3823.6388369160104,5650.0,0,1,0,0,0,1,0,0,1,0
723,0,2014-05-05,0.7818314824680298,0.6234898018587336,0.49999999999999994,-0.8660254037844387,0.835925479418637,-0.548842958284719,0.0,9946.0,0.0,6780.285714285715,9044.0,4748.616104167814,5646.166666666667,6089.5,3860.6883438715636,5650.0,1,1,0,0,0,1,0,0,1,9044
723,0,2014-05-06,0.9749279121818236,-0.22252093395631434,0.49999999999999994,-0.8660254037844387,0.8263541987239096,-0.5631507242749186,9044.0,9975.0,6099.0,6367.714285714285,7879.0,4545.9230347747025,5882.4,6191.0,3717.457126807945,5650.0,1,1,0,0,0,1,0,0,1,7087
723,0,2014-05-07,0.43388373911755823,-0.900968867902419,0.49999999999999994,-0.8660254037844387,0.8165380514459161,-0.5772916165517272,7087.0,11352.0,5542.0,5840.142857142857,7659.0,4059.3203630070648,5947.733333333334,6642.5,3731.3201688274967,5650.0,1,1,0,0,0,1,0,0,1,7659
723,0,2014-05-08,-0.433883739117558,-0.9009688679024191,0.49999999999999994,-0.8660254037844387,0.8064799463209448,-0.5912614448635781,7659.0,0.0,4649.0,6897.428571428572,7659.0,3145.6988019168266,6017.266666666666,7044.5,3738.5519134011515,5650.0,1,1,0,0,0,1,0,0,1,7401
723,0,2014-05-09,-0.9749279121818236,-0.2225209339563146,0.49999999999999994,-0.8660254037844387,0.7961828637826158,-0.6050560696488488,7401.0,9212.0,6283.0,6884.857142857143,7659.0,3135.0650938787776,6135.566666666667,7189.5,3779.9958372840924,5650.0,1,1,0,0,0,1,0,0,1,9124
723,0,2014-05-10,-0.7818314824680299,0.6234898018587334,0.49999999999999994,-0.8660254037844387,0.7856498550787145,-0.6186714032625031,9124.0,7879.0,7292.0,6934.857142857143,7659.0,3156.2820653722447,6224.033333333334,7346.5,3797.440721503542,5650.0,0,1,0,0,0,1,0,0,1,8229
723,0,2014-05-11,-2.4492935982947064e-16,1.0,0.49999999999999994,-0.8660254037844387,0.7748840413670407,-0.6321034111873487,8229.0,0.0,0.0,6934.857142857143,7659.0,3156.2820653722447,6021.366666666667,7346.5,3963.983354320921,5650.0,0,1,0,0,0,1,0,0,1,0
723,0,2014-05-12,0.7818314824680298,0.6234898018587336,0.49999999999999994,-0.8660254037844387,0.7638886127905428,-0.6453481132295501,0.0,9044.0,9946.0,6424.571428571428,7401.0,3045.253840385224,5970.366666666667,7346.5,3960.772690927291,5650.0,0,1,0,0,0,1,0,0,1,5472
723,0,2014-05-13,0.9749279121818236,-0.22252093395631434,0.49999999999999994,-0.8660254037844387,0.7526668275320084,-0.6584015846980488,5472.0,7087.0,9975.0,6209.428571428572,7401.0,3043.8523210532003,6156.4,7346.5,3798.420566498661,5650.0,0,1,0,0,0,1,0,0,1,5581
723,0,2014-05-14,0.43388373911755823,-0.900968867902419,0.49999999999999994,-0.8660254037844387,0.741222010848596,-0.6712599575675313,5581.0,7659.0,11352.0,5902.428571428572,5581.0,2981.0071484395366,5996.3,7189.5,3717.542357897033,5650.0,0,1,0,0,0,1,0,0,1,5510
723,0,2014-05-15,-0.433883739117558,-0.9009688679024191,0.49999999999999994,-0.8660254037844387,0.7295575540864875,-0.6839194216246106,5510.0,7401.0,0.0,5692.142857142857,5581.0,2908.718814677201,5867.966666666666,6685.0,3648.264306094947,5650.0,0,1,0,0,0,1,0,0,1,5929
723,0,2014-05-16,-0.9749279121818236,-0.2225209339563146,0.49999999999999994,-0.8660254037844387,0.717676913675962,-0.6963762255968722,5929.0,9124.0,9212.0,5272.0,5581.0,2516.3309268324238,5797.5,6233.0,3620.0362805383324,5650.0,0,1,0,0,0,1,0,0,1,6183
723,0,2014-05-17,-0.7818314824680299,0.6234898018587334,0.49999999999999994,-0.8660254037844387,0.705583610107178,-0.7086266782644596,6183.0,8229.0,7879.0,5108.714285714285,5581.0,2322.0551037307223,5723.5,6233.0,3568.1618831182454,5650.0,0,1,0,0,0,1,0,0,1,7086
723,0,2014-05-18,-2.4492935982947064e-16,1.0,0.49999999999999994,-0.8660254037844387,0.6932812268869777,-0.7206671495538609,7086.0,0.0,0.0,5108.714285714285,5581.0,2322.0551037307223,5723.5,6233.0,3568.1618831182454,5650.0,0,1,0,0,0,1,0,0,1,0
723,0,2014-05-19,0.7818314824680298,0.6234898018587336,0.49999999999999994,-0.8660254037844387,0.6807734094770161,-0.7324940716135789,0.0,5472.0,9044.0,5587.285714285715,5929.0,2720.445411710228,5711.866666666667,6233.0,3557.086096631706,5650.0,1,1,0,0,0,1,0,0,1,8822
723,0,2014-05-20,0.9749279121818236,-0.22252093395631434,0.49999999999999994,-0.8660254037844387,0.6680638642135335,-0.7441039398713607,8822.0,5581.0,7087.0,5729.285714285715,6183.0,2745.8857535280977,5931.033333333334,6429.0,3391.732041336682,5650.0,1,1,0,0,0,1,0,0,1,6575
723,0,2014-05-21,0.43388373911755823,-0.900968867902419,0.49999999999999994,-0.8660254037844387,0.6551563572090853,-0.7554933140726803,6575.0,5510.0,7659.0,5974.428571428572,6575.0,2799.12884407172,6171.9,6830.5,3207.592397680102,5650.0,1,1,0,0,0,1,0,0,1,7226
723,0,2014-05-22,-0.433883739117558,-0.9009688679024191,0.49999999999999994,-0.8660254037844387,0.6420547132365637,-0.766658819300159,7226.0,5929.0,7401.0,6058.714285714285,6575.0,2806.406344674372,6185.9,6830.5,3208.179764827446,5650.0,1,1,0,0,0,1,0,0,1,6519
723,0,2014-05-23,-0.9749279121818236,-0.2225209339563146,0.49999999999999994,-0.8660254037844387,0.6287628145958344,-0.777597146973627,6519.0,6183.0,9124.0,6303.571428571428,7086.0,2892.509340644259,6264.4,7086.5,3220.66866691825,5650.0,1,1,0,0,0,1,0,0,1,7897
723,0,2014-05-24,-0.7818314824680299,0.6234898018587334,0.49999999999999994,-0.8660254037844387,0.6152845999633276,-0.7883050558305255,7897.0,7086.0,8229.0,6337.571428571428,7226.0,2904.6127026474546,6353.566666666667,7156.5,3211.4193197286536,5650.0,0,1,0,0,0,1,0,0,1,7324
723,0,2014-05-25,-2.4492935982947064e-16,1.0,0.49999999999999994,-0.8660254037844387,0.6016240632249226,-0.7987793728863649,7324.0,0.0,0.0,6337.571428571428,7226.0,2904.6127026474546,6144.133333333333,7156.5,3414.6245689865304,5650.0,0,1,0,0,0,1,0,0,1,0
723,0,2014-05-26,0.7818314824680298,0.6234898018587336,0.49999999999999994,-0.8660254037844387,0.5877852522924732,-0.8090169943749473,0.0,8822.0,5472.0,5912.285714285715,6575.0,2690.2544931837274,6095.9,7086.5,3408.0647592802998,5650.0,0,1,0,0,0,1,0,0,1,5845
723,0,2014-05-27,0.9749279121818236,-0.22252093395631434,0.49999999999999994,-0.8660254037844387,0.5737722679043246,-0.8190148866680801,5845.0,6575.0,5581.0,5809.0,6519.0,2674.4028616995347,6290.966666666666,7086.5,3208.771474904521,5650.0,0,1,0,0,0,1,0,0,1,5852
723,0,2014-05-28,0.43388373911755823,-0.900968867902419,0.49999999999999994,-0.8660254037844387,0.5595892624101765,-0.8287700871745037,5852.0,7226.0,5510.0,5990.428571428572,6519.0,2825.36869907527,6242.633333333333,7086.5,3162.4032598896893,5650.0,0,1,0,0,0,1,0,0,1,8496
723,0,2014-05-29,-0.433883739117558,-0.9009688679024191,0.49999999999999994,-0.8660254037844387,0.545240438540651,-0.8382797052177743,8496.0,6519.0,5929.0,5059.142857142857,5852.0,3592.3772272489887,5910.133333333333,6830.5,3278.699592230427,5650.0,0,1,0,0,0,1,0,0,1,0
723,0,2014-05-30,-0.9749279121818236,-0.2225209339563146,0.49999999999999994,-0.8660254037844387,0.5307300481619334,-0.8475409228928311,0.0,7897.0,6183.0,5136.285714285715,5852.0,3668.4663786695064,5812.966666666666,6830.5,3152.635246718305,5650.0,0,1,0,0,0,1,0,0,1,8437
723,0,2014-05-31,-0.7818314824680299,0.6234898018587334,0.49999999999999994,-0.8660254037844387,0.5160623910158528,-0.8565509959010036,8437.0,7324.0,7086.0,5150.428571428572,5852.0,3678.483421970837,6060.4,7086.5,2966.4741012022105,5650.0,0,1,0,0,0,1,0,0,1,7423
723,0,2014-06-01,-2.4492935982947064e-16,1.0,1.2246467991473532e-16,-1.0,0.5012418134457758,-0.865307254363206,7423.0,0.0,0.0,5150.428571428572,5852.0,3678.483421970837,5753.333333333333,6830.5,3102.6476828151426,5650.0,0,1,0,0,0,1,0,0,1,0
723,0,2014-06-02,0.7818314824680298,0.6234898018587336,1.2246467991473532e-16,-1.0,0.48627270710869,-0.8738071036110808,0.0,5845.0,8822.0,5659.0,7423.0,4020.693887046529,5804.2,6830.5,3150.8337418793667,5650.0,1,1,0,0,0,1,0,0,1,9405
723,0,2014-06-03,0.9749279121818236,-0.22252093395631434,1.2246467991473532e-16,-1.0,0.4711595076738638,-0.8820480249558537,9405.0,5852.0,6575.0,5893.0,7490.0,4081.010822496472,6053.866666666667,7086.5,2966.409797222475,5650.0,1,1,0,0,0,1,0,0,1,7490
723,0,2014-06-04,0.43388373911755823,-0.900968867902419,1.2246467991473532e-16,-1.0,0.4559066935084588,-0.8900275764346767,7490.0,8496.0,7226.0,5747.857142857143,7480.0,3990.058288152836,6001.733333333334,7086.5,2925.508784908144,5650.0,1,1,0,0,0,1,0,0,1,7480
723,0,2014-06-05,-0.433883739117558,-0.9009688679024191,1.2246467991473532e-16,-1.0,0.440518784350495,-0.8977433935342337,7480.0,0.0,6519.0,6867.142857142857,7490.0,3111.057988775493,6026.666666666667,7156.0,2938.2369840965275,5650.0,1,1,0,0,0,1,0,0,1,7835
723,0,2014-06-06,-0.9749279121818236,-0.2225209339563146,1.2246467991473532e-16,-1.0,0.42500033996955416,-0.9051931898913974,7835.0,8437.0,7897.0,6834.571428571428,7490.0,3093.0242405097565,6045.0,7156.0,2950.4636923710846,5650.0,1,1,0,0,0,1,0,0,1,8209
723,0,2014-06-07,-0.7818314824680299,0.6234898018587334,1.2246467991473532e-16,-1.0,0.4093559588156213,-0.9123747579707273,8209.0,7423.0,7324.0,6910.714285714285,7835.0,3116.396514902307,6063.5,7156.0,2960.9805080353926,5650.0,0,1,0,0,0,1,0,0,1,7956
723,0,2014-06-08,-2.4492935982947064e-16,1.0,1.2246467991473532e-16,-1.0,0.39359027665646673,-0.9192859697186104,7956.0,0.0,0.0,6910.714285714285,7835.0,3116.396514902307,5759.366666666667,6830.5,3101.0522183477583,5650.0,0,1,0,0,0,1,0,0,1,0
723,0,2014-06-09,0.7818314824680298,0.6234898018587336,1.2246467991473532e-16,-1.0,0.3777079652039649,-0.9259247771938498,0.0,9405.0,5845.0,5567.142857142857,7490.0,3811.644108455537,5485.066666666667,6547.0,3236.074792764813,5650.0,0,1,0,0,0,1,0,0,1,0
723,0,2014-06-10,0.9749279121818236,-0.22252093395631434,1.2246467991473532e-16,-1.0,0.36171373072976765,-0.9322892131745133,0.0,7490.0,5852.0,5495.0,7480.0,3773.775563013783,5717.9,6780.0,3075.0986791007067,5650.0,0,1,0,0,0,1,0,0,1,6985
723,0,2014-06-11,0.43388373911755823,-0.900968867902419,1.2246467991473532e-16,-1.0,0.3456123126707335,-0.9383773917408641,6985.0,7480.0,8496.0,5278.142857142857,6985.0,3683.2270012662993,5734.233333333334,6780.0,3075.048860652837,5650.0,0,1,0,0,0,1,0,0,1,5962
723,0,2014-06-12,-0.433883739117558,-0.9009688679024191,1.2246467991473532e-16,-1.0,0.3294084822245304,-0.9441875088341993,5962.0,7835.0,0.0,4991.0,5962.0,3525.652280075275,5742.366666666667,6780.0,3074.952273062008,5650.0,0,1,0,0,0,1,0,0,1,5825
723,0,2014-06-13,-0.9749279121818236,-0.2225209339563146,1.2246467991473532e-16,-1.0,0.3131070409358269,-0.9497178427914316,5825.0,8209.0,8437.0,4651.857142857143,5835.0,3269.378912911512,5753.2,6780.0,3074.6778850071005,5650.0,0,1,0,0,0,1,0,0,1,5835
723,0,2014-06-14,-0.7818314824680299,0.6234898018587334,1.2246467991473532e-16,-1.0,0.29671281927349075,-0.9549667548552551,5835.0,7956.0,7423.0,4592.285714285715,5835.0,3202.249819230519,5806.866666666667,7035.5,3091.8549920644787,5650.0,0,1,0,0,0,1,0,0,1,7539
723,0,2014-06-15,-2.4492935982947064e-16,1.0,1.2246467991473532e-16,-1.0,0.28023067519921585,-0.9599326896597447,7539.0,0.0,0.0,4592.285714285715,5835.0,3202.249819230519,5600.766666666666,7035.5,3267.031550287619,5650.0,0,1,0,0,0,1,0,0,1,0
723,0,2014-06-16,0.7818314824680298,0.6234898018587336,1.2246467991473532e-16,-1.0,0.26366549272800704,-0.9646141756912435,0.0,0.0,9405.0,5927.142857142857,5962.0,2902.390361326987,5676.033333333334,7105.5,3327.872287869207,5650.0,1,1,0,0,0,1,0,0,1,9344
723,0,2014-06-17,0.9749279121818236,-0.22252093395631434,1.2246467991473532e-16,-1.0,0.24702218048093552,-0.9690098257244062,9344.0,6985.0,7490.0,6201.285714285715,5962.0,3102.6804387113243,5972.833333333333,7275.0,3198.7443235004653,5650.0,1,1,0,0,0,1,0,0,1,8904
723,0,2014-06-18,0.43388373911755823,-0.900968867902419,1.2246467991473532e-16,-1.0,0.23030567023061221,-0.9731183372332619,8904.0,5962.0,7480.0,6748.571428571428,7539.0,3379.010153735501,6005.2,7275.0,3233.293862302035,5650.0,1,1,0,0,0,1,0,0,1,9793
723,0,2014-06-19,-0.433883739117558,-0.9009688679024191,1.2246467991473532e-16,-1.0,0.21352091543979612,-0.9769384927771817,9793.0,5825.0,7835.0,5916.428571428572,7539.0,4249.495219322833,5786.033333333334,7275.0,3411.280581504128,5650.0,1,1,0,0,0,1,0,0,1,0
723,0,2014-06-20,-0.9749279121818236,-0.2225209339563146,1.2246467991473532e-16,-1.0,0.19667288979357647,-0.980469160361632,0.0,5835.0,8209.0,6433.857142857143,8904.0,4453.540667400543,5860.4,7373.5,3467.6077473750092,5650.0,1,1,0,0,0,1,0,0,1,9457
723,0,2014-06-21,-0.7818314824680299,0.6234898018587334,1.2246467991473532e-16,-1.0,0.1797665857255624,-0.9837092937736097,9457.0,7539.0,7956.0,6333.714285714285,8904.0,4432.3796736548375,5871.033333333334,7373.5,3470.185113648625,5650.0,0,1,0,0,0,1,0,0,1,6838
723,0,2014-06-22,-2.4492935982947064e-16,1.0,1.2246467991473532e-16,-1.0,0.16280701293851715,-0.986657932891657,6838.0,0.0,0.0,6333.714285714285,8904.0,4432.3796736548375,5607.8,7154.5,3607.9848936911394,5650.0,0,1,0,0,0,1,0,0,1,0
723,0,2014-06-23,0.7818314824680298,0.6234898018587336,1.2246467991473532e-16,-1.0,0.1457991969198751,-0.9893142039703663,0.0,9344.0,0.0,5844.0,6838.0,4229.063371480734,5560.866666666667,6911.5,3594.021172517736,5650.0,0,1,0,0,0,1,0,0,1,5916
723,0,2014-06-24,0.9749279121818236,-0.22252093395631434,1.2246467991473532e-16,-1.0,0.12874817745258132,-0.99167731989929,5916.0,8904.0,6985.0,5365.142857142857,5916.0,4008.873425646803,5745.933333333333,6911.5,3437.330599545922,5650.0,0,1,0,0,0,1,0,0,1,5552
723,0,2014-06-25,0.43388373911755823,-0.900968867902419,1.2246467991473532e-16,-1.0,0.11165900712169512,-0.993746580436178,5552.0,9793.0,5962.0,4726.285714285715,5552.0,3511.064829662823,5728.466666666666,6911.5,3438.141084880061,5650.0,0,1,0,0,0,1,0,0,1,5321
723,0,2014-06-26,-0.433883739117558,-0.9009688679024191,1.2246467991473532e-16,-1.0,0.09453674981719912,-0.9955213724144752,5321.0,0.0,5825.0,5450.714285714285,5552.0,2830.575071976581,5702.433333333333,6911.5,3440.1297056875687,5650.0,0,1,0,0,0,1,0,0,1,5071
723,0,2014-06-27,-0.9749279121818236,-0.2225209339563146,1.2246467991473532e-16,-1.0,0.07738647923346301,-0.9970011699250151,5071.0,9457.0,5835.0,4989.714285714285,5552.0,2278.239284644005,5626.9,6534.0,3401.3356032898178,5650.0,0,1,0,0,0,1,0,0,1,6230
723,0,2014-06-28,-0.7818314824680299,0.6234898018587334,1.2246467991473532e-16,-1.0,0.06021327736579302,-0.9981855344718586,6230.0,6838.0,7539.0,5236.857142857143,5552.0,2585.3000102226306,5912.5,6911.5,3269.7383502828416,5650.0,0,1,0,0,0,1,0,0,1,8568
723,0,2014-06-29,-2.4492935982947064e-16,1.0,1.2246467991473532e-16,-1.0,0.04302223300453059,-0.99907411510223,8568.0,0.0,0.0,5236.857142857143,5552.0,2585.3000102226306,5631.266666666666,6534.0,3405.1495884234287,5650.0,0,1,0,0,0,1,0,0,1,0
723,0,2014-06-30,0.7818314824680298,0.6234898018587336,1.2246467991473532e-16,-1.0,0.02581844022713308,-0.9996666485105112,0.0,5916.0,9344.0,5864.857142857143,5552.0,3231.0423719790183,5727.566666666667,6534.0,3497.1762666800055,5650.0,1,1,0,0,0,1,0,0,1,10312
723,0,2014-07-01,0.9749279121818236,-0.22252093395631434,-0.4999999999999998,-0.8660254037844388,0.008606996888688698,-0.9999629591162655,10312.0,5552.0,8904.0,6281.428571428572,6230.0,3369.0146856879305,6009.833333333333,6911.5,3357.912601636603,5650.0,1,1,0,0,0,1,0,0,1,8468
723,0,2014-07-02,0.43388373911755823,-0.900968867902419,-0.4999999999999998,-0.8660254037844388,-0.008606996888688009,-0.9999629591162655,8468.0,5321.0,9793.0,6627.142857142857,7741.0,3378.186319539496,5954.366666666667,6911.5,3313.344070555467,5650.0,1,1,0,0,0,1,0,0,1,7741
723,0,2014-07-03,-0.433883739117558,-0.9009688679024191,-0.4999999999999998,-0.8660254037844388,-0.02581844022713239,-0.9996666485105112,7741.0,5071.0,0.0,6966.714285714285,7741.0,3314.561847076508,5952.966666666666,6911.5,3312.681646114785,5650.0,1,1,0,0,0,1,0,0,1,7448
723,0,2014-07-04,-0.9749279121818236,-0.2225209339563146,-0.4999999999999998,-0.8660254037844388,-0.04302223300453034,-0.99907411510223,7448.0,6230.0,9457.0,7030.142857142857,7741.0,3302.3398991508743,5926.1,6756.0,3303.1246163344335,5650.0,1,1,0,0,0,1,0,0,1,6674
723,0,2014-07-05,-0.7818314824680299,0.6234898018587334,-0.4999999999999998,-0.8660254037844388,-0.060213277365792774,-0.9981855344718586,6674.0,8568.0,6838.0,6903.714285714285,7683.0,3250.180031643668,5921.033333333334,6756.0,3300.2108760557708,5650.0,0,1,0,0,0,1,0,0,1,7683
723,0,2014-07-06,-2.4492935982947064e-16,1.0,-0.4999999999999998,-0.8660254037844388,-0.07738647923346322,-0.9970011699250151,7683.0,0.0,0.0,6903.714285714285,7683.0,3250.180031643668,5647.4,6452.0,3441.2705712901457,5650.0,0,1,0,0,0,1,0,0,1,0
723,0,2014-07-07,0.7818314824680298,0.6234898018587336,-0.4999999999999998,-0.8660254037844388,-0.09453674981719933,-0.9955213724144752,0.0,10312.0,5916.0,6292.428571428572,7448.0,2884.096095090155,5583.3,6131.5,3414.5921162987643,5650.0,0,1,0,0,0,1,0,0,1,6033
723,0,2014-07-08,0.9749279121818236,-0.22252093395631434,-0.4999999999999998,-0.8660254037844388,-0.11165900712169444,-0.9937465804361781,6033.0,8468.0,5552.0,5933.285714285715,6674.0,2719.883558431972,5781.766666666666,6131.5,3247.844109170156,5650.0,0,1,0,0,0,1,0,0,1,5954
723,0,2014-07-09,0.43388373911755823,-0.900968867902419,-0.4999999999999998,-0.8660254037844388,-0.12874817745258066,-0.99167731989929,5954.0,7741.0,5321.0,5488.142857142857,6033.0,2628.1588884344746,5935.933333333333,6131.5,3068.766526701293,5650.0,0,1,0,0,0,1,0,0,1,4625
723,0,2014-07-10,-0.433883739117558,-0.9009688679024191,-0.4999999999999998,-0.8660254037844388,-0.14579919691987442,-0.9893142039703664,4625.0,7448.0,5071.0,5218.571428571428,5954.0,2486.5941135847393,5888.466666666666,5997.5,3062.9879116846764,5650.0,0,1,0,0,0,1,0,0,1,5561
723,0,2014-07-11,-0.9749279121818236,-0.2225209339563146,-0.4999999999999998,-0.8660254037844388,-0.16280701293851646,-0.9866579328916572,5561.0,6674.0,6230.0,5049.0,5561.0,2410.096886019313,5872.633333333333,5993.5,3063.8222745265552,5650.0,0,1,0,0,0,1,0,0,1,5487
723,0,2014-07-12,-0.7818314824680299,0.6234898018587334,-0.4999999999999998,-0.8660254037844388,-0.17976658572556214,-0.9837092937736098,5487.0,7683.0,8568.0,5029.857142857143,5561.0,2386.1014527586904,5930.1,6131.5,3079.0284221062248,5650.0,0,1,0,0,0,1,0,0,1,7549
723,0,2014-07-13,-2.4492935982947064e-16,1.0,-0.4999999999999998,-0.8660254037844388,-0.19667288979357622,-0.9804691603616321,7549.0,0.0,0.0,5029.857142857143,5561.0,2386.1014527586904,5735.6,6131.5,3263.984233396676,5650.0,0,1,0,0,0,1,0,0,1,0
723,0,2014-07-14,0.7818314824680298,0.6234898018587336,-0.4999999999999998,-0.8660254037844388,-0.2135209154397959,-0.9769384927771817,0.0,6033.0,10312.0,5467.428571428572,5561.0,2838.6564226257246,5787.5,6131.5,3305.760007038918,5650.0,1,1,0,0,0,1,0,0,1,9096
723,0,2014-07-15,0.9749279121818236,-0.22252093395631434,-0.4999999999999998,-0.8660254037844388,-0.23030567023061196,-0.973118337233262,9096.0,5954.0,8468.0,5762.0,5561.0,2999.9688887275693,6054.7,6452.0,3141.724807962265,5650.0,1,1,0,0,0,1,0,0,1,8016
723,0,2014-07-16,0.43388373911755823,-0.900968867902419,-0.4999999999999998,-0.8660254037844388,-0.24702218048093527,-0.9690098257244063,8016.0,4625.0,7741.0,6166.857142857143,7459.0,3012.1574454517595,5991.866666666667,6452.0,3092.1297841938754,5650.0,1,1,0,0,0,1,0,0,1,7459
723,0,2014-07-17,-0.433883739117558,-0.9009688679024191,-0.4999999999999998,-0.8660254037844388,-0.2636654927280072,-0.9646141756912435,7459.0,5561.0,7448.0,6483.428571428572,7549.0,3054.0282064372427,5954.3,6452.0,3062.231405814824,5650.0,1,1,0,0,0,1,0,0,1,7777
723,0,2014-07-18,-0.9749279121818236,-0.2225209339563146,-0.4999999999999998,-0.8660254037844388,-0.2802306751992161,-0.9599326896597445,7777.0,5487.0,6674.0,6878.857142857143,7777.0,3082.5741098726467,5903.033333333334,6452.0,3008.1460034647475,5650.0,1,1,0,0,0,1,0,0,1,8255
723,0,2014-07-19,-0.7818314824680299,0.6234898018587334,-0.4999999999999998,-0.8660254037844388,-0.2967128192734901,-0.9549667548552553,8255.0,7549.0,7683.0,6842.428571428572,7777.0,3074.831749171698,6146.166666666667,6756.0,2802.3075477102857,5650.0,0,1,0,0,0,1,0,0,1,7294
723,0,2014-07-20,-2.4492935982947064e-16,1.0,-0.4999999999999998,-0.8660254037844388,-0.3131070409358267,-0.9497178427914317,7294.0,0.0,0.0,6842.428571428572,7777.0,3074.831749171698,5830.933333333333,6452.0,2945.2913085048203,5650.0,0,1,0,0,0,1,0,0,1,0
723,0,2014-07-21,0.7818314824680298,0.6234898018587336,-0.4999999999999998,-0.8660254037844388,-0.3294084822245302,-0.9441875088341994,0.0,9096.0,6033.0,6502.857142857143,7459.0,2911.3865785092516,5826.966666666666,6452.0,2943.9680761403215,5650.0,0,1,0,0,0,1,0,0,1,6719
723,0,2014-07-22,0.9749279121818236,-0.22252093395631434,-0.4999999999999998,-0.8660254037844388,-0.3456123126707333,-0.9383773917408642,6719.0,8016.0,5954.0,6116.571428571428,7294.0,2856.018607382361,6004.033333333334,6452.0,2733.6508679449366,5650.0,0,1,0,0,0,1,0,0,1,5312
723,0,2014-07-23,0.43388373911755823,-0.900968867902419,-0.4999999999999998,-0.8660254037844388,-0.3617137307297674,-0.9322892131745134,5312.0,7459.0,4625.0,5952.571428571428,6719.0,2798.465940305083,6017.2,6492.5,2734.163446417231,5650.0,0,1,0,0,0,1,0,0,1,6311
723,0,2014-07-24,-0.433883739117558,-0.9009688679024191,-0.4999999999999998,-0.8660254037844388,-0.37770796520396466,-0.9259247771938499,6311.0,7777.0,5561.0,5842.857142857143,6719.0,2729.2157254769127,6065.766666666666,6696.5,2738.551954180738,5650.0,0,1,0,0,0,1,0,0,1,7009
723,0,2014-07-25,-0.9749279121818236,-0.2225209339563146,-0.4999999999999998,-0.8660254037844388,-0.39359027665646645,-0.9192859697186105,7009.0,8255.0,5487.0,5673.571428571428,6719.0,2587.745277079569,6124.066666666667,6864.0,2740.766176962497,5650.0,0,1,0,0,0,1,0,0,1,7070
723,0,2014-07-26,-0.7818314824680299,0.6234898018587334,-0.4999999999999998,-0.8660254037844388,-0.4093559588156211,-0.9123747579707274,7070.0,7294.0,7549.0,5765.0,6719.0,2664.7009838504073,6219.5,7039.5,2752.6530243410275,5650.0,0,1,0,0,0,1,0,0,1,7934
723,0,2014-07-27,-2.4492935982947064e-16,1.0,-0.4999999999999998,-0.8660254037844388,-0.42500033996955394,-0.9051931898913975,7934.0,0.0,0.0,5765.0,6719.0,2664.7009838504073,6011.833333333333,7039.5,2977.641789476497,5650.0,0,1,0,0,0,1,0,0,1,0
723,0,2014-07-28,0.7818314824680298,0.6234898018587336,-0.4999999999999998,-0.8660254037844388,-0.4405187843504952,-0.8977433935342336,0.0,6719.0,9096.0,6321.0,7009.0,3240.715867417773,6079.933333333333,7039.5,3060.332334143191,5650.0,1,1,0,0,0,1,0,0,1,10611
723,0,2014-07-29,0.9749279121818236,-0.22252093395631434,-0.4999999999999998,-0.8660254037844388,-0.455906693508459,-0.8900275764346766,10611.0,5312.0,8016.0,6766.571428571428,7070.0,3292.8639438004343,6360.966666666666,7182.0,2863.5396408488314,5650.0,1,1,0,0,0,1,0,0,1,8431
723,0,2014-07-30,0.43388373911755823,-0.900968867902419,-0.4999999999999998,-0.8660254037844388,-0.47115950767386394,-0.8820480249558535,8431.0,6311.0,7459.0,7224.857142857143,7934.0,3438.8916542287,6334.533333333334,7182.0,2829.2649677029676,5650.0,1,1,0,0,0,1,0,0,1,9519
723,0,2014-07-31,-0.433883739117558,-0.9009688679024191,-0.4999999999999998,-0.8660254037844388,-0.4862727071086902,-0.8738071036110807,9519.0,7009.0,7777.0,7720.571428571428,8431.0,3646.426966092645,6401.566666666667,7182.0,2904.3818700588336,5650.0,1,1,0,0,0,1,0,0,1,10479
723,0,2014-08-01,-0.9749279121818236,-0.2225209339563146,-0.8660254037844384,-0.5000000000000004,-0.5012418134457756,-0.8653072543632061,10479.0,7070.0,8255.0,7793.0,8431.0,3636.372414004557,6396.1,7182.0,2901.927140295948,5650.0,1,1,0,0,0,1,0,0,1,7577
723,0,2014-08-02,-0.7818314824680299,0.6234898018587334,-0.8660254037844384,-0.5000000000000004,-0.5160623910158526,-0.8565509959010037,7577.0,7934.0,7294.0,7640.714285714285,8431.0,3651.772022561362,6376.766666666666,7039.5,2896.6046435299986,5650.0,0,1,0,0,0,1,0,0,1,6868
723,0,2014-08-03,-2.4492935982947064e-16,1.0,-0.8660254037844384,-0.5000000000000004,-0.5307300481619331,-0.8475409228928312,6868.0,0.0,0.0,7640.714285714285,8431.0,3651.772022561362,6154.3,7039.5,3120.6171930432693,5650.0,0,1,0,0,0,1,0,0,1,0
723,0,2014-08-04,0.7818314824680298,0.6234898018587336,-0.8660254037844384,-0.5000000000000004,-0.5452404385406507,-0.8382797052177745,0.0,10611.0,6719.0,7476.857142857143,8431.0,3519.6226799933834,6213.666666666667,7039.5,3167.29383384066,5650.0,1,1,0,0,0,1,0,0,1,9464
723,0,2014-08-05,0.9749279121818236,-0.22252093395631434,-0.8660254037844384,-0.5000000000000004,-0.5595892624101763,-0.828770087174504,9464.0,8431.0,5312.0,7401.428571428572,7903.0,3501.3770080328322,6477.1,7182.0,2954.1498380273897,5650.0,1,1,0,0,0,1,0,0,1,7903
723,0,2014-08-06,0.43388373911755823,-0.900968867902419,-0.8660254037844384,-0.5000000000000004,-0.5737722679043243,-0.8190148866680802,7903.0,9519.0,6311.0,7156.714285714285,7806.0,3386.695031752229,6536.2,7376.5,2962.6816999422035,5650.0,1,1,0,0,0,1,0,0,1,7806
723,0,2014-08-07,-0.433883739117558,-0.9009688679024191,-0.8660254037844384,-0.5000000000000004,-0.5877852522924734,-0.8090169943749472,7806.0,10479.0,7009.0,6725.714285714285,7577.0,3070.654366433193,6586.466666666666,7460.5,2965.2548269087697,5650.0,1,1,0,0,0,1,0,0,1,7462
723,0,2014-08-08,-0.9749279121818236,-0.2225209339563146,-0.8660254037844384,-0.5000000000000004,-0.6016240632249227,-0.7987793728863648,7462.0,7577.0,7070.0,6732.285714285715,7623.0,3072.8282691078857,6686.4,7505.5,2947.3354371890478,5650.0,1,1,0,0,0,1,0,0,1,7623
723,0,2014-08-09,-0.7818314824680299,0.6234898018587334,-0.8660254037844384,-0.5000000000000004,-0.6152845999633277,-0.7883050558305253,7623.0,6868.0,7934.0,6821.714285714285,7623.0,3086.51500964468,6750.833333333333,7521.5,2943.0100833287547,5650.0,0,1,0,0,0,1,0,0,1,7494
723,0,2014-08-10,-2.4492935982947064e-16,1.0,-0.8660254037844384,-0.5000000000000004,-0.6287628145958345,-0.7775971469736268,7494.0,0.0,0.0,6821.714285714285,7623.0,3086.51500964468,6567.933333333333,7521.5,3184.828506543479,5650.0,0,1,0,0,0,1,0,0,1,0
723,0,2014-08-11,0.7818314824680298,0.6234898018587336,-0.8660254037844384,-0.5000000000000004,-0.6420547132365636,-0.7666588193001592,0.0,9464.0,10611.0,6415.285714285715,7494.0,2859.562304169742,6536.933333333333,7478.0,3179.471501662669,5650.0,0,1,0,0,0,1,0,0,1,6619
723,0,2014-08-12,0.9749279121818236,-0.22252093395631434,-0.8660254037844384,-0.5000000000000004,-0.655156357209085,-0.7554933140726804,6619.0,7903.0,8431.0,6135.142857142857,7462.0,2784.598261184272,6735.0,7478.0,2933.7963401567686,5650.0,0,1,0,0,0,1,0,0,1,5942
723,0,2014-08-13,0.43388373911755823,-0.900968867902419,-0.8660254037844384,-0.5000000000000004,-0.6680638642135333,-0.7441039398713608,5942.0,7806.0,9519.0,5795.571428571428,6619.0,2690.2180120542175,6612.766666666666,7460.5,2908.315980121468,5650.0,0,1,0,0,0,1,0,0,1,5429
723,0,2014-08-14,-0.433883739117558,-0.9009688679024191,-0.8660254037844384,-0.5000000000000004,-0.6807734094770159,-0.7324940716135792,5429.0,7462.0,10479.0,5551.714285714285,5942.0,2589.466979533671,6537.4,7376.5,2899.982456546224,5650.0,0,1,0,0,0,1,0,0,1,5755
723,0,2014-08-15,-0.9749279121818236,-0.2225209339563146,-0.8660254037844384,-0.5000000000000004,-0.6932812268869771,-0.7206671495538615,5755.0,7623.0,7577.0,5311.0,5938.0,2438.764167906905,6486.7,7182.0,2896.608410919037,5650.0,0,1,0,0,0,1,0,0,1,5938
723,0,2014-08-16,-0.7818314824680299,0.6234898018587334,-0.8660254037844384,-0.5000000000000004,-0.7055836101071774,-0.7086266782644601,5938.0,7494.0,6868.0,5326.428571428572,5938.0,2455.1629176861047,6480.866666666667,7182.0,2894.0954603007385,5650.0,0,1,0,0,0,1,0,0,1,7602
723,0,2014-08-17,-2.4492935982947064e-16,1.0,-0.8660254037844384,-0.5000000000000004,-0.7176769136759615,-0.6963762255968726,7602.0,0.0,0.0,5326.428571428572,5938.0,2455.1629176861047,6205.7,7039.5,3104.3931624226598,5650.0,0,1,0,0,0,1,0,0,1,0
723,0,2014-08-18,0.7818314824680298,0.6234898018587336,-0.8660254037844384,-0.5000000000000004,-0.7295575540864876,-0.6839194216246105,0.0,6619.0,9464.0,5669.857142857143,5938.0,2808.7733638590003,6263.333333333333,7039.5,3141.1264433851347,5650.0,1,1,0,0,0,1,0,0,1,9023
723,0,2014-08-19,0.9749279121818236,-0.22252093395631434,-0.8660254037844384,-0.5000000000000004,-0.7412220108485957,-0.6712599575675315,9023.0,5942.0,7903.0,5835.142857142857,5938.0,2861.0137730398646,6499.966666666666,7084.5,2912.060053891622,5650.0,1,1,0,0,0,1,0,0,1,7099
723,0,2014-08-20,0.43388373911755823,-0.900968867902419,-0.8660254037844384,-0.5000000000000004,-0.7526668275320083,-0.6584015846980489,7099.0,5429.0,7806.0,6127.857142857143,7099.0,2916.8091829126915,6525.266666666666,7280.5,2917.320983289333,5650.0,1,1,0,0,0,1,0,0,1,7478
723,0,2014-08-21,-0.433883739117558,-0.9009688679024191,-0.8660254037844384,-0.5000000000000004,-0.7638886127905429,-0.64534811322955,7478.0,5755.0,7462.0,6372.571428571428,7468.0,2951.9603575219207,6597.133333333333,7465.0,2912.954865866398,5650.0,1,1,0,0,0,1,0,0,1,7468
723,0,2014-08-22,-0.9749279121818236,-0.2225209339563146,-0.8660254037844384,-0.5000000000000004,-0.7748840413670406,-0.6321034111873488,7468.0,5938.0,7623.0,6579.571428571428,7468.0,2967.1728888591824,6633.0,7465.0,2915.9330440257695,5650.0,1,1,0,0,0,1,0,0,1,7387
723,0,2014-08-23,-0.7818314824680299,0.6234898018587334,-0.8660254037844384,-0.5000000000000004,-0.7856498550787144,-0.6186714032625032,7387.0,7602.0,7494.0,6429.857142857143,7387.0,2933.2315187958034,6617.833333333333,7465.0,2915.093091118201,5650.0,0,1,0,0,0,1,0,0,1,6554
723,0,2014-08-24,-2.4492935982947064e-16,1.0,-0.8660254037844384,-0.5000000000000004,-0.7961828637826154,-0.6050560696488494,6554.0,0.0,0.0,6429.857142857143,7387.0,2933.2315187958034,6382.166666666667,7465.0,3153.3253611597625,5650.0,0,1,0,0,0,1,0,0,1,0
723,0,2014-08-25,0.7818314824680298,0.6234898018587336,-0.8660254037844384,-0.5000000000000004,-0.8064799463209447,-0.5912614448635782,0.0,9023.0,6619.0,5968.571428571428,7099.0,2702.2680509245583,6310.833333333333,7424.5,3141.1916482864235,5650.0,0,1,0,0,0,1,0,0,1,5794
723,0,2014-08-26,0.9749279121818236,-0.22252093395631434,-0.8660254037844384,-0.5000000000000004,-0.8165380514459157,-0.5772916165517278,5794.0,7099.0,5942.0,5570.428571428572,6554.0,2713.2468776444966,6454.566666666667,7424.5,2934.3060236161286,5650.0,0,1,0,0,0,1,0,0,1,4312
723,0,2014-08-27,0.43388373911755823,-0.900968867902419,-0.8660254037844384,-0.5000000000000004,-0.8263541987239095,-0.5631507242749187,4312.0,7478.0,5429.0,5324.857142857143,5794.0,2586.6595207314135,6292.833333333333,7243.0,2829.1435780210027,5650.0,0,1,0,0,0,1,0,0,1,5759
723,0,2014-08-28,-0.433883739117558,-0.9009688679024191,-0.8660254037844384,-0.5000000000000004,-0.8359254794186365,-0.5488429582847199,5759.0,7468.0,5755.0,5084.142857142857,5783.0,2427.484117941275,6204.566666666667,6983.5,2801.305061418061,5650.0,0,1,0,0,0,1,0,0,1,5783
723,0,2014-08-29,-0.9749279121818236,-0.2225209339563146,-0.8660254037844384,-0.5000000000000004,-0.8452490573530634,-0.5343725582809785,5783.0,7387.0,5938.0,4957.571428571428,5783.0,2307.533521399189,6103.966666666666,6743.5,2731.4943804765044,5650.0,0,1,0,0,0,1,0,0,1,6501
723,0,2014-08-30,-0.7818314824680299,0.6234898018587334,-0.8660254037844384,-0.5000000000000004,-0.8543221697498269,-0.5197438121555157,6501.0,6554.0,7602.0,5142.714285714285,5783.0,2500.862498838196,6016.333333333333,6743.5,2626.4445133315126,5650.0,0,1,0,0,0,1,0,0,1,7850
723,0,2014-08-31,-2.4492935982947064e-16,1.0,-0.8660254037844384,-0.5000000000000004,-0.8631421280499115,-0.5049610547215202,7850.0,0.0,0.0,5142.714285714285,5783.0,2500.862498838196,5763.766666666666,6586.5,2827.7870070907525,5650.0,0,1,0,0,0,1,0,0,1,0
723,0,2014-09-01,0.7818314824680298,0.6234898018587336,-1.0,-1.8369701987210297e-16,-0.8717063187093218,-0.4900286664290594,0.0,5794.0,9023.0,5776.285714285715,5783.0,3166.547000245203,5875.8,6586.5,2937.495031837326,5650.0,1,1,0,0,0,1,0,0,1,10229
723,0,2014-09-02,0.9749279121818236,-0.22252093395631434,-1.0,-1.8369701987210297e-16,-0.8800122039735356,-0.4749510720670502,10229.0,4312.0,7099.0,6440.857142857143,6501.0,3293.6282642182214,6174.6,6859.0,2770.353800385495,5650.0,1,1,0,0,0,1,0,0,1,8964
723,0,2014-09-03,0.43388373911755823,-0.900968867902419,-1.0,-1.8369701987210297e-16,-0.888057322629493,-0.4597327394521046,8964.0,5759.0,7478.0,6708.428571428572,7632.0,3305.0631288546174,6113.533333333334,6859.0,2714.9835426355016,5650.0,1,1,0,0,0,1,0,0,1,7632
723,0,2014-09-04,-0.433883739117558,-0.9009688679024191,-1.0,-1.8369701987210297e-16,-0.8958392907349089,-0.44437817810461344,7632.0,5783.0,7468.0,6917.285714285715,7632.0,3282.9558690447284,6091.6,6859.0,2702.6585072658663,5650.0,1,1,0,0,0,1,0,0,1,7245
723,0,2014-09-05,-0.9749279121818236,-0.2225209339563146,-1.0,-1.8369701987210297e-16,-0.9033558023246842,-0.4288919379124841,7245.0,6501.0,7387.0,7191.714285714285,7850.0,3322.411007801698,6112.133333333333,6859.0,2718.4267475157767,5650.0,1,1,0,0,0,1,0,0,1,8422
723,0,2014-09-06,-0.7818314824680299,0.6234898018587334,-1.0,-1.8369701987210297e-16,-0.9106046300942162,-0.41327860778290443,8422.0,7850.0,6554.0,7110.285714285715,7632.0,3310.5520543803405,6106.066666666667,6859.0,2715.511915075968,5650.0,0,1,0,0,0,1,0,0,1,7280
723,0,2014-09-07,-2.4492935982947064e-16,1.0,-1.0,-1.8369701987210297e-16,-0.9175836260593934,-0.3975428142825566,7280.0,0.0,0.0,7110.285714285715,7632.0,3310.5520543803405,5851.966666666666,6586.5,2917.793822728747,5650.0,0,1,0,0,0,1,0,0,1,0
723,0,2014-09-08,0.7818314824680298,0.6234898018587336,-1.0,-1.8369701987210297e-16,-0.9242907221930934,-0.3816892202666586,0.0,10229.0,5794.0,6700.285714285715,7359.0,3025.3735149171075,5847.466666666666,6586.5,2915.2770700916763,5650.0,0,1,0,0,0,1,0,0,1,7359
723,0,2014-09-09,0.9749279121818236,-0.22252093395631434,-1.0,-1.8369701987210297e-16,-0.9307239310379793,-0.3657225234972692,7359.0,8964.0,4312.0,6282.714285714285,7280.0,2857.9422500746746,6048.833333333333,6586.5,2697.984587304632,5650.0,0,1,0,0,0,1,0,0,1,6041
723,0,2014-09-10,0.43388373911755823,-0.900968867902419,-1.0,-1.8369701987210297e-16,-0.9368813462954315,-0.34964745525122826,6041.0,7632.0,5759.0,5988.142857142857,7245.0,2801.398069332013,6013.866666666667,6527.5,2697.1377898563646,5650.0,0,1,0,0,0,1,0,0,1,5570
723,0,2014-09-11,-0.433883739117558,-0.9009688679024191,-1.0,-1.8369701987210297e-16,-0.9427611433904206,-0.33346877891818705,5570.0,7245.0,5783.0,5810.428571428572,6041.0,2747.3134062900326,6015.833333333333,6527.5,2697.10509024326,5650.0,0,1,0,0,0,1,0,0,1,6001
723,0,2014-09-12,-0.9749279121818236,-0.2225209339563146,-1.0,-1.8369701987210297e-16,-0.9483615800121716,-0.31719128858910595,6001.0,8422.0,6501.0,5375.857142857143,6001.0,2494.306278211198,6014.2,6527.5,2697.487533447274,5650.0,0,1,0,0,0,1,0,0,1,5380
723,0,2014-09-13,-0.7818314824680299,0.6234898018587334,-1.0,-1.8369701987210297e-16,-0.9536809966304455,-0.300819807635668,5380.0,7280.0,7850.0,5430.285714285715,6001.0,2546.394949353934,6077.733333333334,6826.5,2713.569997868738,5650.0,0,1,0,0,0,1,0,0,1,7661
723,0,2014-09-14,-2.4492935982947064e-16,1.0,-1.0,-1.8369701987210297e-16,-0.9587178169872964,-0.2843591872810036,7661.0,0.0,0.0,5430.285714285715,6001.0,2546.394949353934,5879.8,6826.5,2931.89588421248,5650.0,0,1,0,0,0,1,0,0,1,0
723,0,2014-09-15,0.7818314824680298,0.6234898018587336,-1.0,-1.8369701987210297e-16,-0.9634705485641486,-0.26781430516217486,0.0,7359.0,10229.0,5632.714285714285,6001.0,2771.635721271567,5918.933333333333,6826.5,2963.341833637914,5650.0,1,1,0,0,0,1,0,0,1,8776
723,0,2014-09-16,0.9749279121818236,-0.22252093395631434,-1.0,-1.8369701987210297e-16,-0.9679377830240642,-0.25119006388481957,8776.0,6041.0,8964.0,5926.285714285715,6001.0,2926.590092826216,6188.8,7172.0,2767.9287463422165,5650.0,1,1,0,0,0,1,0,0,1,8096
723,0,2014-09-17,0.43388373911755823,-0.900968867902419,-1.0,-1.8369701987210297e-16,-0.9721181966290612,-0.23449138957041052,8096.0,5570.0,7632.0,6131.142857142857,7004.0,2947.6075286335404,6121.5,7051.5,2720.7848734485083,5650.0,1,1,0,0,0,1,0,0,1,7004
723,0,2014-09-18,-0.433883739117558,-0.9009688679024191,-1.0,-1.8369701987210297e-16,-0.9760105506323682,-0.21772323039653224,7004.0,6001.0,7245.0,6331.0,7400.0,2984.510065879041,6131.533333333334,7124.5,2725.0654877715665,5650.0,1,1,0,0,0,1,0,0,1,7400
723,0,2014-09-19,-0.9749279121818236,-0.2225209339563146,-1.0,-1.8369701987210297e-16,-0.9796136916454901,-0.20089055513063528,7400.0,5380.0,8422.0,6644.285714285715,7573.0,2983.1451363890915,6134.7,7124.5,2726.7387891284966,5650.0,1,1,0,0,0,1,0,0,1,7573
723,0,2014-09-20,-0.7818314824680299,0.6234898018587334,-1.0,-1.8369701987210297e-16,-0.9829265519799822,-0.18399835165767986,7573.0,7661.0,7280.0,6523.285714285715,7400.0,2952.0483687481405,6112.9,6909.0,2718.3129320502694,5650.0,0,1,0,0,0,1,0,0,1,6814
723,0,2014-09-21,-2.4492935982947064e-16,1.0,-1.0,-1.8369701987210297e-16,-0.9859481499638303,-0.1670516255021195,6814.0,0.0,0.0,6523.285714285715,7400.0,2952.04836874814,5866.666666666667,6684.0,2925.587595955589,5650.0,0,1,0,0,0,1,0,0,1,0
723,0,2014-09-22,0.7818314824680298,0.6234898018587336,-1.0,-1.8369701987210297e-16,-0.9886775902323404,-0.15005539834465262,0.0,8776.0,7359.0,6052.428571428572,7004.0,2791.3352752845017,5830.866666666667,6657.5,2923.4571850197644,5650.0,0,1,0,0,0,1,0,0,1,5480
723,0,2014-09-23,0.9749279121818236,-0.22252093395631434,-1.0,-1.8369701987210297e-16,-0.9911140639934546,-0.13301470653419636,5480.0,8096.0,6041.0,5597.428571428572,6814.0,2659.160760913288,5994.566666666667,6657.5,2715.8200220106687,5650.0,0,1,0,0,0,1,0,0,1,4911
723,0,2014-09-24,0.43388373911755823,-0.900968867902419,-1.0,-1.8369701987210297e-16,-0.9932568492674143,-0.11593459959550066,4911.0,7004.0,5570.0,5305.285714285715,5480.0,2590.319524324214,5966.733333333334,6657.5,2722.2176802839595,5650.0,0,1,0,0,0,1,0,0,1,4959
723,0,2014-09-25,-0.433883739117558,-0.9009688679024191,-1.0,-1.8369701987210297e-16,-0.9951053111006974,-0.09882013873287211,4959.0,7400.0,6001.0,4962.285714285715,4999.0,2420.0885461958937,5989.633333333333,6657.5,2710.6828059942113,5650.0,0,1,0,0,0,1,0,0,1,4999
723,0,2014-09-26,-0.9749279121818236,-0.2225209339563146,-1.0,-1.8369701987210297e-16,-0.99665890175417,-0.08167639533042288,4999.0,7573.0,5380.0,4730.571428571428,4999.0,2195.710124852763,5996.033333333334,6657.5,2710.346134954791,5650.0,0,1,0,0,0,1,0,0,1,5951
723,0,2014-09-27,-0.7818314824680299,0.6234898018587334,-1.0,-1.8369701987210297e-16,-0.9979171608653922,-0.06450844944931625,5951.0,6814.0,7661.0,4680.142857142857,4999.0,2143.3138227653753,6018.633333333333,6657.5,2711.3350634764397,5650.0,0,1,0,0,0,1,0,0,1,6461
723,0,2014-09-28,-2.4492935982947064e-16,1.0,-1.0,-1.8369701987210297e-16,-0.9988797155850335,-0.04732138832243232,6461.0,0.0,0.0,4680.142857142857,4999.0,2143.3138227653753,5801.933333333333,6637.5,2922.9844211758623,5650.0,0,1,0,0,0,1,0,0,1,0
723,0,2014-09-29,0.7818314824680298,0.6234898018587336,-1.0,-1.8369701987210297e-16,-0.9995462806873573,-0.03012030484690836,0.0,5480.0,8776.0,5226.142857142857,4999.0,2774.8196595197187,5850.333333333333,6637.5,2969.714445036337,5650.0,1,1,0,0,0,1,0,0,1,9302
723,0,2014-09-30,0.9749279121818236,-0.22252093395631434,-1.0,-1.8369701987210297e-16,-0.9999166586547379,-0.012910296075008843,9302.0,4911.0,8096.0,5694.0,5951.0,2981.245600975089,6123.2,6909.0,2783.8955886088597,5650.0,1,1,0,0,0,1,0,0,1,8186
723,0,2014-10-01,0.43388373911755823,-0.900968867902419,-0.8660254037844386,0.5000000000000001,-0.9999907397361901,0.004303538296243821,8186.0,4959.0,7004.0,6139.857142857143,6461.0,3084.5908117918107,6051.566666666667,6909.0,2701.019586331638,5650.0,1,1,0,0,0,1,0,0,1,8080
723,0,2014-10-02,-0.433883739117558,-0.9009688679024191,-0.8660254037844386,0.5000000000000001,-0.9997685019798909,0.021516097436222233,8080.0,4999.0,7400.0,6739.0,8080.0,3229.9515992245642,6059.2,6909.0,2709.8433903087475,5650.0,1,1,0,0,0,1,0,0,1,9193
723,0,2014-10-03,-0.9749279121818236,-0.2225209339563146,-0.8660254037844386,0.5000000000000001,-0.9992500112396835,0.03872228089217399,9193.0,5951.0,7573.0,5888.857142857143,8080.0,4129.759897321368,5804.8,6637.5,2908.0916173966084,5650.0,1,1,0,0,0,1,0,0,1,0
723,0,2014-10-04,-0.7818314824680299,0.6234898018587334,-0.8660254037844386,0.5000000000000001,-0.9984354211555643,0.05591699010060302,0.0,6461.0,6814.0,6419.714285714285,8186.0,4442.552896488147,5902.533333333334,6637.5,3005.7893074730882,5650.0,0,1,0,0,0,1,0,0,1,10177
723,0,2014-10-05,-2.4492935982947064e-16,1.0,-0.8660254037844386,0.5000000000000001,-0.9973249731081555,0.07309512989807776,10177.0,0.0,0.0,6419.714285714285,8186.0,4442.552896488147,5621.8,6251.0,3152.0992610836583,5650.0,0,1,0,0,0,1,0,0,1,0
723,0,2014-10-06,0.7818314824680298,0.6234898018587336,-0.8660254037844386,0.5000000000000001,-0.9959189961471792,0.0902516100310407,0.0,9302.0,5480.0,6499.142857142857,8186.0,4507.174518793024,5707.733333333334,6251.0,3232.968049516637,5650.0,1,1,0,0,0,1,0,0,1,9858
723,0,2014-10-07,0.9749279121818236,-0.22252093395631434,-0.8660254037844386,0.5000000000000001,-0.994217906893952,0.10738134666416306,9858.0,8186.0,4911.0,6489.714285714285,8120.0,4503.124867403585,5978.4,6637.5,3074.6650347415207,5650.0,1,1,0,0,0,1,0,0,1,8120
723,0,2014-10-08,0.43388373911755823,-0.900968867902419,-0.8660254037844386,0.5000000000000001,-0.9922222094179324,0.12447926388678869,8120.0,8080.0,4959.0,6378.0,8120.0,4466.649713898176,5976.366666666667,6637.5,3073.740566120716,5650.0,1,1,0,0,0,1,0,0,1,7298
723,0,2014-10-09,-0.433883739117558,-0.9009688679024191,-0.8660254037844386,0.5000000000000001,-0.989932495087353,0.141540295217043,7298.0,9193.0,4999.0,6025.857142857143,7298.0,4301.860079414151,5999.266666666666,6771.0,3076.7963290693647,5650.0,1,1,0,0,0,1,0,0,1,6728
723,0,2014-10-10,-0.9749279121818236,-0.2225209339563146,-0.8660254037844386,0.5000000000000001,-0.9873494423939864,0.15855938510313475,6728.0,0.0,5951.0,7172.0,8023.0,3403.8733329350925,6081.033333333334,6909.0,3097.519847514642,5650.0,1,1,0,0,0,1,0,0,1,8023
723,0,2014-10-11,-0.7818314824680299,0.6234898018587334,-0.8660254037844386,0.5000000000000001,-0.9844738167520923,0.17553149042142777,8023.0,10177.0,6461.0,6777.857142857143,7418.0,3148.046295115506,6128.266666666666,7151.0,3107.0464513062434,5650.0,0,1,0,0,0,1,0,0,1,7418
723,0,2014-10-12,-2.4492935982947064e-16,1.0,-0.8660254037844386,0.5000000000000001,-0.9813064702716093,0.19245158197082995,7418.0,0.0,0.0,6777.857142857143,7418.0,3148.046295115506,5948.933333333333,7151.0,3300.936794235878,5650.0,0,1,0,0,0,1,0,0,1,0
723,0,2014-10-13,0.7818314824680298,0.6234898018587336,-0.8660254037844386,0.5000000000000001,-0.9778483415056568,0.20931464596304888,0.0,9858.0,9302.0,6218.571428571428,7298.0,2842.5714800243113,5891.666666666667,6909.0,3285.0749567193097,5650.0,0,1,0,0,0,1,0,0,1,5943
723,0,2014-10-14,0.9749279121818236,-0.22252093395631434,-0.8660254037844386,0.5000000000000001,-0.9741004551724206,0.22611568550828803,5943.0,8120.0,8186.0,5845.571428571428,6728.0,2720.1542148159424,6075.3,6909.0,3092.721535008196,5650.0,0,1,0,0,0,1,0,0,1,5509
723,0,2014-10-15,0.43388373911755823,-0.900968867902419,-0.8660254037844386,0.5000000000000001,-0.970063921851507,0.2428497220959358,5509.0,7298.0,8080.0,5644.571428571428,5943.0,2645.9132548859075,5979.133333333333,6771.0,3050.413275938687,5650.0,0,1,0,0,0,1,0,0,1,5891
723,0,2014-10-16,-0.433883739117558,-0.9009688679024191,-0.8660254037844386,0.5000000000000001,-0.965739937654855,0.25951179706979943,5891.0,6728.0,9193.0,5462.0,5891.0,2602.430146356795,5890.933333333333,6594.5,3025.2448967079467,5650.0,0,1,0,0,0,1,0,0,1,5450
723,0,2014-10-17,-0.9749279121818236,-0.2225209339563146,-0.8660254037844386,0.5000000000000001,-0.9611297838723007,0.27609697309746883,5450.0,8023.0,0.0,5260.714285714285,5891.0,2419.387919446133,5877.933333333333,6537.5,3021.1320775307163,5650.0,0,1,0,0,0,1,0,0,1,6614
723,0,2014-10-18,-0.7818314824680299,0.6234898018587334,-0.8660254037844386,0.5000000000000001,-0.9562348265919058,0.2926003356333479,6614.0,7418.0,10177.0,5219.0,5891.0,2378.1595124521505,5868.8,6537.5,3016.783013695904,5650.0,0,1,0,0,0,1,0,0,1,7126
723,0,2014-10-19,-2.4492935982947064e-16,1.0,-0.8660254037844386,0.5000000000000001,-0.9510565162951536,0.30901699437494723,7126.0,0.0,0.0,5219.0,5891.0,2378.1595124521505,5616.366666666667,6206.0,3181.602561747703,5650.0,0,1,0,0,0,1,0,0,1,0
723,0,2014-10-20,0.7818314824680298,0.6234898018587336,-0.8660254037844386,0.5000000000000001,-0.9455963874271428,0.3253420847119795,0.0,5943.0,9858.0,5548.0,5891.0,2639.909152477281,5664.1,6206.0,3210.798282412776,5650.0,1,1,0,0,0,1,0,0,1,8246
723,0,2014-10-21,0.9749279121818236,-0.22252093395631434,-0.8660254037844386,0.5000000000000001,-0.9398560579418953,0.341570769167856,8246.0,5509.0,8120.0,5709.571428571428,6614.0,2671.545361592725,5885.433333333333,6537.5,3030.694932068283,5650.0,1,1,0,0,0,1,0,0,1,6640
723,0,2014-10-22,0.43388373911755823,-0.900968867902419,-0.8660254037844386,0.5000000000000001,-0.9338372288229252,0.35769823883312546,6640.0,5891.0,7298.0,5794.285714285715,6614.0,2687.6109412317396,5918.9,6549.0,3031.606759027186,5650.0,1,1,0,0,0,1,0,0,1,6484
723,0,2014-10-23,-0.433883739117558,-0.9009688679024191,-0.8660254037844386,0.5000000000000001,-0.9275416835791965,0.3737197147904692,6484.0,5450.0,6728.0,5969.428571428572,6640.0,2701.3477412298485,5977.733333333334,6627.0,3028.4970886715346,5650.0,1,1,0,0,0,1,0,0,1,6676
723,0,2014-10-24,-0.9749279121818236,-0.2225209339563146,-0.8660254037844386,0.5000000000000001,-0.9209712877166346,0.38963044953078774,6676.0,6614.0,8023.0,6173.0,6676.0,2809.544506380584,6080.4,6658.0,3044.9326655824498,5650.0,1,1,0,0,0,1,0,0,1,8039
723,0,2014-10-25,-0.7818314824680299,0.6234898018587334,-0.8660254037844386,0.5000000000000001,-0.9141279881853337,0.4054257283599973,8039.0,7126.0,7418.0,6133.428571428572,6676.0,2795.801844262382,6142.066666666667,6702.0,3041.0074888310364,5650.0,0,1,0,0,0,1,0,0,1,6849
723,0,2014-10-26,-2.4492935982947064e-16,1.0,-0.8660254037844386,0.5000000000000001,-0.9070138128026362,0.42110087079608916,6849.0,0.0,0.0,6133.428571428572,6676.0,2795.801844262382,5943.7,6702.0,3241.392135466191,5650.0,0,1,0,0,0,1,0,0,1,0
723,0,2014-10-27,0.7818314824680298,0.6234898018587336,-0.8660254037844386,0.5000000000000001,-0.8996308696522434,0.4366512319560638,0.0,8246.0,5943.0,5814.285714285715,6640.0,2637.482051394579,5928.733333333334,6702.0,3239.9574915616477,5650.0,0,1,0,0,0,1,0,0,1,6012
723,0,2014-10-28,0.9749279121818236,-0.22252093395631434,-0.8660254037844386,0.5000000000000001,-0.8919813464595487,0.45207220393230374,6012.0,6640.0,5509.0,5567.857142857143,6484.0,2628.043976583559,6092.566666666667,6702.0,3048.4306158317327,5650.0,0,1,0,0,0,1,0,0,1,4915
723,0,2014-10-29,0.43388373911755823,-0.900968867902419,-0.8660254037844386,0.5000000000000001,-0.8840675099433637,0.46735921715800205,4915.0,6484.0,5891.0,5551.142857142857,6367.0,2621.610410197733,5994.733333333334,6658.0,2988.383589528112,5650.0,0,1,0,0,0,1,0,0,1,6367
723,0,2014-10-30,-0.433883739117558,-0.9009688679024191,-0.8660254037844386,0.5000000000000001,-0.8758917051442433,0.48250774176121763,6367.0,6676.0,5450.0,5605.857142857143,6367.0,2652.810486293821,5957.166666666667,6658.0,2966.8939648815526,5650.0,0,1,0,0,0,1,0,0,1,7059
723,0,2014-10-31,-0.9749279121818236,-0.2225209339563146,-0.8660254037844386,0.5000000000000001,-0.867456354729597,0.4975132889071803,7059.0,8039.0,6614.0,5665.428571428572,6367.0,2720.377109712476,5969.7,6658.0,2976.9480339017896,5650.0,0,1,0,0,0,1,0,0,1,8456
723,0,2014-11-01,-0.7818314824680299,0.6234898018587334,-0.5000000000000004,0.8660254037844384,-0.858763958275803,0.5123714121284235,8456.0,6849.0,7126.0,5843.857142857143,6367.0,2848.87155604761,5933.2,6658.0,2942.5792041020404,5650.0,0,1,0,0,0,1,0,0,1,8098
723,0,2014-11-02,-2.4492935982947064e-16,1.0,-0.5000000000000004,0.8660254037844384,-0.8498170915275277,0.5270777086423724,8098.0,0.0,0.0,5843.857142857143,6367.0,2848.87155604761,5933.2,6658.0,2942.5792041020404,5650.0,0,1,0,0,0,1,0,0,1,0
723,0,2014-11-03,0.7818314824680298,0.6234898018587336,-0.5000000000000004,0.8660254037844384,-0.8406184056344783,0.5416278206559811,0.0,6012.0,8246.0,6383.285714285715,7059.0,3219.4079017880335,5920.233333333334,6658.0,2924.0324032750223,5650.0,1,1,0,0,0,1,0,0,1,9788
723,0,2014-11-04,0.9749279121818236,-0.22252093395631434,-0.5000000000000004,0.8660254037844384,-0.8311706263658079,0.5560174366570446,9788.0,4915.0,6640.0,6895.142857142857,8098.0,3231.864602597671,6203.5,6702.0,2736.3297687684285,5650.0,1,1,0,0,0,1,0,0,1,8498
723,0,2014-11-05,0.43388373911755823,-0.900968867902419,-0.5000000000000004,0.8660254037844384,-0.8214765533024145,0.5702422926917867,8498.0,6367.0,6484.0,7097.714285714285,8098.0,3237.678114239982,6134.4,6702.0,2666.135296771276,5650.0,1,1,0,0,0,1,0,0,1,7785
723,0,2014-11-06,-0.433883739117558,-0.9009688679024191,-0.5000000000000004,0.8660254037844384,-0.8115390590073611,0.5842981736283683,7785.0,7059.0,6676.0,7251.142857142857,8133.0,3260.902044351706,6134.833333333333,6702.0,2666.47018493109,5650.0,1,1,0,0,0,1,0,0,1,8133
723,0,2014-11-07,-0.9749279121818236,-0.2225209339563146,-0.5000000000000004,0.8660254037844384,-0.8013610881746769,0.5981809144059159,8133.0,8456.0,8039.0,7278.142857142857,8133.0,3273.2997331220886,6179.733333333334,6702.0,2697.887640273448,5650.0,1,1,0,0,0,1,0,0,1,8645
723,0,2014-11-08,-0.7818314824680299,0.6234898018587334,-0.5000000000000004,0.8660254037844384,-0.7909456567567774,0.6118864012687242,8645.0,8098.0,6849.0,7218.285714285715,8133.0,3259.6111073912734,6211.433333333333,6762.5,2710.1112801091244,5650.0,0,1,0,0,0,1,0,0,1,7679
723,0,2014-11-09,-2.4492935982947064e-16,1.0,-0.5000000000000004,0.8660254037844384,-0.780295851070776,0.6254105729852457,7679.0,0.0,0.0,7218.285714285715,8133.0,3259.6111073912734,5944.0,6658.0,2913.4107514898337,5650.0,0,1,0,0,0,1,0,0,1,0
723,0,2014-11-10,0.7818314824680298,0.6234898018587336,-0.5000000000000004,0.8660254037844384,-0.7694148268839381,0.6387494220515268,0.0,9788.0,6012.0,7227.142857142857,8133.0,3267.8312598506577,6025.066666666667,6658.0,2988.7023470965178,5650.0,1,1,0,0,0,1,0,0,1,9850
723,0,2014-11-11,0.9749279121818236,-0.22252093395631434,-0.5000000000000004,0.8660254037844384,-0.7583058084785625,0.6518989958787125,9850.0,8498.0,4915.0,7117.714285714285,7785.0,3230.7973068725983,6282.8,6762.5,2777.106586557933,5650.0,1,1,0,0,0,1,0,0,1,7732
723,0,2014-11-12,0.43388373911755823,-0.900968867902419,-0.5000000000000004,0.8660254037844384,-0.7469720876965551,0.6648553979642867,7732.0,7785.0,6367.0,7110.0,7732.0,3229.002425930749,6342.4,6954.0,2788.724607760874,5650.0,1,1,0,0,0,1,0,0,1,7731
723,0,2014-11-13,-0.433883739117558,-0.9009688679024191,-0.5000000000000004,0.8660254037844384,-0.7354170229639858,0.6776147890466887,7731.0,8133.0,7059.0,7019.857142857143,7731.0,3204.3978856446342,6408.833333333333,7092.5,2791.923562377904,5650.0,1,1,0,0,0,1,0,0,1,7502
723,0,2014-11-14,-0.9749279121818236,-0.2225209339563146,-0.5000000000000004,0.8660254037844384,-0.7236440382959123,0.690173388242972,7502.0,8645.0,8456.0,6960.285714285715,7731.0,3172.8712923935677,6486.733333333334,7314.0,2809.5246982158856,5650.0,1,1,0,0,0,1,0,0,1,8228
723,0,2014-11-15,-0.7818314824680299,0.6234898018587334,-0.5000000000000004,0.8660254037844384,-0.7116566222817751,0.7025274741691566,8228.0,7679.0,8098.0,7004.571428571428,7732.0,3186.7080117859787,6571.366666666667,7590.5,2815.453335008272,5650.0,0,1,0,0,0,1,0,0,1,7989
723,0,2014-11-16,-2.4492935982947064e-16,1.0,-0.5000000000000004,0.8660254037844384,-0.6994583270516471,0.7146733860429608,7989.0,0.0,0.0,7004.571428571428,7732.0,3186.7080117859787,6350.9,7590.5,3060.3100062710582,5650.0,0,1,0,0,0,1,0,0,1,0
723,0,2014-11-17,0.7818314824680298,0.6234898018587336,-0.5000000000000004,0.8660254037844384,-0.6870527672236675,0.726607524768565,0.0,9850.0,9788.0,6419.142857142857,7731.0,2944.0344443507793,6305.1,7590.5,3058.5910363411144,5650.0,0,1,0,0,0,1,0,0,1,5752
723,0,2014-11-18,0.9749279121818236,-0.22252093395631434,-0.5000000000000004,0.8660254037844384,-0.6744436188329457,0.7383263540031063,5752.0,7732.0,8498.0,6013.0,7502.0,2928.797022669886,6468.066666666667,7590.5,2832.987358728,5650.0,0,1,0,0,0,1,0,0,1,4889
723,0,2014-11-19,0.43388373911755823,-0.900968867902419,-0.5000000000000004,0.8660254037844384,-0.661634618242279,0.749826401204568,4889.0,7731.0,7785.0,5697.285714285715,5752.0,2830.192085017415,6377.233333333334,7280.5,2817.6602629613226,5650.0,0,1,0,0,0,1,0,0,1,5521
723,0,2014-11-20,-0.433883739117558,-0.9009688679024191,-0.5000000000000004,0.8660254037844384,-0.6486295610349818,0.7611042586607742,5521.0,7502.0,8133.0,5535.857142857143,5752.0,2740.916965091025,6368.3,7280.5,2817.223249572359,5650.0,0,1,0,0,0,1,0,0,1,6372
723,0,2014-11-21,-0.9749279121818236,-0.2225209339563146,-0.5000000000000004,0.8660254037844384,-0.6354323008901775,0.7721565844991641,6372.0,8228.0,8645.0,5255.571428571428,5752.0,2510.355543021931,6361.033333333334,7280.5,2817.195676840571,5650.0,0,1,0,0,0,1,0,0,1,6266
723,0,2014-11-22,-0.7818314824680299,0.6234898018587334,-0.5000000000000004,0.8660254037844384,-0.622046748440868,0.7829801036770625,6266.0,7989.0,7679.0,5180.0,5752.0,2420.7163540296597,6387.166666666667,7481.0,2823.846656031736,5650.0,0,1,0,0,0,1,0,0,1,7460
723,0,2014-11-23,-2.4492935982947064e-16,1.0,-0.5000000000000004,0.8660254037844384,-0.6084768701151264,0.7935716089521472,7460.0,0.0,0.0,5180.0,5752.0,2420.7163540296597,6119.2,7259.5,3035.20918327006,5650.0,0,1,0,0,0,1,0,0,1,0
723,0,2014-11-24,0.7818314824680298,0.6234898018587336,-0.5000000000000004,0.8660254037844384,-0.594726686960764,0.8039279618328208,0.0,5752.0,9850.0,5681.285714285715,6266.0,2878.876268864044,6199.6,7481.0,3086.7163849922003,5650.0,1,1,0,0,0,1,0,0,1,9261
723,0,2014-11-25,0.9749279121818236,-0.22252093395631434,-0.5000000000000004,0.8660254037844384,-0.5808002734538014,0.8140460935082175,9261.0,4889.0,7732.0,6175.0,6372.0,3013.5513932899817,6477.766666666666,7590.5,2877.697375517009,5650.0,1,1,0,0,0,1,0,0,1,8345
723,0,2014-11-26,0.43388373911755823,-0.900968867902419,-0.5000000000000004,0.8660254037844384,-0.5667017562911184,0.8239230057575536,8345.0,5521.0,7731.0,6516.714285714285,7460.0,3062.256777513696,6541.133333333333,7705.0,2887.9990654948037,5650.0,1,1,0,0,0,1,0,0,1,7913
723,0,2014-11-27,-0.433883739117558,-0.9009688679024191,-0.5000000000000004,0.8660254037844384,-0.5524353131676203,0.8335557718385695,7913.0,6372.0,7502.0,6890.0,7913.0,3197.931518966596,6676.8,7731.5,2904.52459639,5650.0,1,1,0,0,0,1,0,0,1,8985
723,0,2014-11-28,-0.9749279121818236,-0.2225209339563146,-0.5000000000000004,0.8660254037844384,-0.5380051715382992,0.8429415373547832,8985.0,6266.0,8228.0,7394.142857142857,8345.0,3357.3582088983517,6791.066666666667,7758.5,2958.8390073243895,5650.0,1,1,0,0,0,1,0,0,1,9795
723,0,2014-11-29,-0.7818314824680299,0.6234898018587334,-0.5000000000000004,0.8660254037844384,-0.5234156073655503,0.8520775211013093,9795.0,7460.0,7989.0,7752.857142857143,8985.0,3496.8139988934427,6888.133333333333,7849.0,3015.160826422931,5650.0,0,1,0,0,0,1,0,0,1,9971
723,0,2014-11-30,-2.4492935982947064e-16,1.0,-0.5000000000000004,0.8660254037844384,-0.5086709438521042,0.8609610158889945,9971.0,0.0,0.0,7752.857142857143,8985.0,3496.8139988934427,6606.266666666666,7758.5,3249.6650218173254,5650.0,0,1,0,0,0,1,0,0,1,0
723,0,2014-12-01,0.7818314824680298,0.6234898018587336,-2.4492935982947064e-16,1.0,-0.4937755501599774,0.8695893893466109,0.0,9261.0,5752.0,8019.142857142857,8985.0,3696.095797305199,6707.166666666667,7758.5,3343.2258743803786,5650.0,1,1,0,0,0,1,0,0,1,11125
723,0,2014-12-02,0.9749279121818236,-0.22252093395631434,-2.4492935982947064e-16,1.0,-0.4787338401157883,0.8779600847008883,11125.0,8345.0,4889.0,8086.142857142857,8985.0,3707.221260754541,7000.966666666666,7849.0,3112.8251220121406,5650.0,1,1,0,0,0,1,0,0,1,8814
723,0,2014-12-03,0.43388373911755823,-0.900968867902419,-2.4492935982947064e-16,1.0,-0.4635502709028512,0.8860706215341377,8814.0,7913.0,5521.0,8214.285714285714,8985.0,3715.731947377518,6968.366666666667,7849.0,3087.64998779435,5650.0,1,1,0,0,0,1,0,0,1,8810
723,0,2014-12-04,-0.433883739117558,-0.9009688679024191,-2.4492935982947064e-16,1.0,-0.4482293417404106,0.893918596519257,8810.0,8985.0,6372.0,8181.0,8814.0,3708.7141527309273,6976.833333333333,7849.0,3092.333736319808,5650.0,1,1,0,0,0,1,0,0,1,8752
723,0,2014-12-05,-0.9749279121818236,-0.2225209339563146,-2.4492935982947064e-16,1.0,-0.4327755925504317,0.9015016841318838,8752.0,9795.0,6266.0,8372.57142857143,8814.0,3838.3480759802087,7088.533333333334,7951.0,3181.761263864701,5650.0,1,1,0,0,0,1,0,0,1,11136
723,0,2014-12-06,-0.7818314824680299,0.6234898018587334,-2.4492935982947064e-16,1.0,-0.41719360261231697,0.9088176373395028,11136.0,9971.0,7460.0,8270.857142857143,8814.0,3798.154307404737,7126.066666666667,7951.0,3201.0897382990834,5650.0,0,1,0,0,0,1,0,0,1,9259
723,0,2014-12-07,-2.4492935982947064e-16,1.0,-2.4492935982947064e-16,1.0,-0.4014879892059737,0.9158642882672868,9259.0,0.0,0.0,8270.857142857143,8814.0,3798.154307404737,6837.9,7822.5,3439.851423716058,5650.0,0,1,0,0,0,1,0,0,1,0
723,0,2014-12-08,0.7818314824680298,0.6234898018587336,-2.4492935982947064e-16,1.0,-0.38566340624360745,0.9226395488404875,0.0,11125.0,9261.0,7659.714285714285,8810.0,3601.4493709378426,6810.166666666667,7822.5,3436.1883261316875,5650.0,0,1,0,0,0,1,0,0,1,6847
723,0,2014-12-09,0.9749279121818236,-0.22252093395631434,-2.4492935982947064e-16,1.0,-0.3697245428906732,0.9291414114031743,6847.0,8814.0,8345.0,7324.714285714285,8752.0,3585.212114333253,7025.8,7822.5,3188.1105029955215,5650.0,0,1,0,0,0,1,0,0,1,6469
723,0,2014-12-10,0.43388373911755823,-0.900968867902419,-2.4492935982947064e-16,1.0,-0.3536761221763721,0.935367949313148,6469.0,8810.0,7913.0,6958.857142857143,6847.0,3538.7522013920593,6905.766666666666,7731.5,3145.6180872087325,5650.0,0,1,0,0,0,1,0,0,1,6249
723,0,2014-12-11,-0.433883739117558,-0.9009688679024191,-2.4492935982947064e-16,1.0,-0.33752289959411347,0.941317317512847,6249.0,8752.0,8985.0,6531.285714285715,6469.0,3466.053890439179,6840.0,7616.5,3148.371971188527,5650.0,0,1,0,0,0,1,0,0,1,5759
723,0,2014-12-12,-0.9749279121818236,-0.2225209339563146,-2.4492935982947064e-16,1.0,-0.32126966169236515,0.946987753076075,5759.0,11136.0,9795.0,6023.857142857143,6469.0,2892.046704819467,6835.1,7543.0,3147.0515522332653,5650.0,0,1,0,0,0,1,0,0,1,7584
723,0,2014-12-13,-0.7818314824680299,0.6234898018587334,-2.4492935982947064e-16,1.0,-0.3049212246562894,0.9523775757303973,7584.0,9259.0,9971.0,6119.285714285715,6469.0,3024.5725160362576,6915.933333333333,7748.5,3195.541829112742,5650.0,0,1,0,0,0,1,0,0,1,9927
723,0,2014-12-14,-2.4492935982947064e-16,1.0,-2.4492935982947064e-16,1.0,-0.2884824328806098,0.9574851883550389,9927.0,0.0,0.0,6119.285714285715,6469.0,3024.5725160362576,6641.666666666667,7522.0,3423.9777667395047,5650.0,0,1,0,0,0,1,0,0,1,0
723,0,2014-12-15,0.7818314824680298,0.6234898018587336,-2.4492935982947064e-16,1.0,-0.27195815753410524,0.9623090774541487,0.0,6847.0,11125.0,7178.142857142857,6469.0,4335.230959959397,6850.666666666667,7522.0,3690.075780301514,5650.0,1,1,0,0,0,1,0,0,1,14259
723,0,2014-12-16,0.9749279121818236,-0.22252093395631434,-2.4492935982947064e-16,1.0,-0.2553532951161881,0.9668478136052773,14259.0,6469.0,8814.0,7768.285714285715,7584.0,4500.624168352865,7204.0,7748.5,3514.8142247468463,5650.0,1,1,0,0,0,1,0,0,1,10600
723,0,2014-12-17,0.43388373911755823,-0.900968867902419,-2.4492935982947064e-16,1.0,-0.23867276600594997,0.9711000518829505,10600.0,6249.0,8810.0,8453.857142857143,9927.0,4595.14139893328,7380.533333333334,8129.0,3571.905525774371,5650.0,1,1,0,0,0,1,0,0,1,11048
723,0,2014-12-18,-0.433883739117558,-0.9009688679024191,-2.4492935982947064e-16,1.0,-0.22192151300416674,0.9750645322571945,11048.0,5759.0,8752.0,9218.285714285714,10600.0,4516.531291241314,7587.9,8548.5,3602.7188904282125,5650.0,1,1,0,0,0,1,0,0,1,11110
723,0,2014-12-19,-0.9749279121818236,-0.2225209339563146,-2.4492935982947064e-16,1.0,-0.20510449986861926,0.9787400799669153,11110.0,7584.0,11136.0,9644.285714285714,10600.0,4477.153884418307,7756.066666666667,8781.0,3620.613978541376,5650.0,1,1,0,0,0,1,0,0,1,10566
723,0,2014-12-20,-0.7818314824680299,0.6234898018587334,-2.4492935982947064e-16,1.0,-0.1882267098432439,0.9821256058680006,10566.0,9927.0,9259.0,9881.285714285714,11048.0,4538.108736551157,7929.866666666667,8812.0,3676.5945518714184,5650.0,0,1,0,0,0,1,0,0,1,11586
723,0,2014-12-21,-2.4492935982947064e-16,1.0,-2.4492935982947064e-16,1.0,-0.1712931441814778,0.9852201067560606,11586.0,0.0,0.0,9881.285714285714,11048.0,4538.108736551157,7721.0,8812.0,3942.730770802706,5650.0,0,1,0,0,0,1,0,0,1,0
723,0,2014-12-22,0.7818314824680298,0.6234898018587336,-2.4492935982947064e-16,1.0,-0.154308820664281,0.9880226656636976,0.0,14259.0,6847.0,9481.857142857143,11048.0,4198.952664199789,7854.433333333333,8899.5,4000.900594162249,5650.0,0,1,0,0,0,1,0,0,1,11463
723,0,2014-12-23,0.9749279121818236,-0.22252093395631434,-2.4492935982947064e-16,1.0,-0.13727877211326517,0.9905324521322227,11463.0,10600.0,6469.0,9906.142857142857,11110.0,4471.945155767287,8306.766666666666,9122.0,3846.38826274937,5650.0,0,1,0,0,0,1,0,0,1,13570
723,0,2014-12-24,0.43388373911755823,-0.900968867902419,-2.4492935982947064e-16,1.0,-0.12020804489935275,0.9927487224577402,13570.0,11048.0,6249.0,9226.0,11110.0,4628.641953460362,8207.633333333333,8899.5,3859.249752739904,5650.0,0,1,0,0,0,1,0,0,1,6287
723,0,2014-12-25,-0.433883739117558,-0.9009688679024191,-2.4492935982947064e-16,1.0,-0.10310169744743544,0.9946708199115211,6287.0,11110.0,5759.0,7638.857142857143,10566.0,5663.956521389486,7929.466666666666,8899.5,4139.571548155542,5650.0,0,1,0,0,0,1,0,0,1,0
723,0,2014-12-26,-0.9749279121818236,-0.2225209339563146,-2.4492935982947064e-16,1.0,-0.0859647987374467,0.9962981749346077,0.0,10566.0,7584.0,6129.428571428572,6287.0,6141.630778469805,7665.7,8899.5,4385.456018831276,5650.0,0,1,0,0,0,1,0,0,1,0
723,0,2014-12-27,-0.7818314824680299,0.6234898018587334,-2.4492935982947064e-16,1.0,-0.06880242680232064,0.9976303053065857,0.0,11586.0,9927.0,5516.285714285715,6287.0,5704.796482326245,7609.333333333333,8812.0,4378.776410205793,5650.0,0,1,0,0,0,1,0,0,1,7294
723,0,2014-12-28,-2.4492935982947064e-16,1.0,-2.4492935982947064e-16,1.0,-0.05161966722325418,0.9986668162884759,7294.0,0.0,0.0,5516.285714285715,6287.0,5704.796482326245,7282.833333333333,8781.0,4571.137148821215,5650.0,0,1,0,0,0,1,0,0,1,0
723,0,2014-12-29,0.7818314824680298,0.6234898018587336,-2.4492935982947064e-16,1.0,-0.034421611622745804,0.9994074007397048,0.0,11463.0,14259.0,5066.285714285715,6287.0,5264.80321614796,7227.566666666667,8532.5,4547.477214087356,5650.0,0,1,0,0,0,1,0,0,1,8313
723,0,2014-12-30,0.9749279121818236,-0.22252093395631434,-2.4492935982947064e-16,1.0,-0.01721335615583528,0.9998518392091162,8313.0,13570.0,10600.0,4069.5714285714284,6287.0,3859.458980096511,7447.333333333333,8532.5,4340.7569444251,5650.0,0,1,0,0,0,1,0,0,1,6593
723,0,2014-12-31,0.43388373911755823,-0.900968867902419,-2.4492935982947064e-16,1.0,6.432490598706546e-16,1.0,6593.0,6287.0,11048.0,3874.4285714285716,4921.0,3761.9568869203695,7240.533333333334,7948.5,4307.159618775373,5650.0,0,1,0,0,0,1,0,0,1,4921
723,0,2015-01-01,-0.433883739117558,-0.9009688679024191,0.49999999999999994,0.8660254037844387,0.017213356155834685,0.9998518392091162,4921.0,0.0,11110.0,3874.4285714285716,4921.0,3761.9568869203695,6946.733333333334,7439.0,4492.741532534554,5650.0,0,1,0,0,0,1,0,0,1,0
723,0,2015-01-02,-0.9749279121818236,-0.2225209339563146,0.49999999999999994,0.8660254037844387,0.03442161162274574,0.9994074007397048,0.0,0.0,10566.0,4981.714285714285,6593.0,3567.164032967257,6911.433333333333,7439.0,4481.743685321546,5650.0,0,1,0,0,0,1,0,0,1,7751
723,0,2015-01-03,-0.7818314824680299,0.6234898018587334,0.49999999999999994,0.8660254037844387,0.051619667223253764,0.998666816288476,7751.0,7294.0,11586.0,4839.857142857143,6301.0,3478.527965896464,6829.733333333334,7070.5,4469.357216248975,5650.0,0,1,0,0,0,1,0,0,1,6301
723,0,2015-01-04,-2.4492935982947064e-16,1.0,0.49999999999999994,0.8660254037844387,0.06880242680231986,0.9976303053065857,6301.0,0.0,0.0,4839.857142857143,6301.0,3478.527965896464,6458.533333333334,6720.0,4560.8797754859515,5650.0,0,1,0,0,0,1,0,0,1,0
723,0,2015-01-05,0.7818314824680298,0.6234898018587336,0.49999999999999994,0.8660254037844387,0.08596479873744647,0.9962981749346078,0.0,8313.0,11463.0,5141.428571428572,6301.0,3896.24292779351,6497.366666666667,6720.0,4590.410457820126,5650.0,1,1,0,0,0,1,0,0,1,10424
723,0,2015-01-06,0.9749279121818236,-0.22252093395631434,0.49999999999999994,0.8660254037844387,0.10310169744743485,0.9946708199115211,10424.0,6593.0,13570.0,5342.285714285715,6301.0,4017.8871609460643,6764.0,7070.5,4429.487811910321,5650.0,1,1,0,0,0,1,0,0,1,7999
723,0,2015-01-07,0.43388373911755823,-0.900968867902419,0.49999999999999994,0.8660254037844387,0.1202080448993527,0.9927487224577402,7999.0,4921.0,6287.0,5740.142857142857,7706.0,4106.136360317786,6792.633333333333,7439.0,4432.817991264493,5650.0,1,1,0,0,0,1,0,0,1,7706
723,0,2015-01-08,-0.433883739117558,-0.9009688679024191,0.49999999999999994,0.8660254037844387,0.13727877211326478,0.9905324521322229,7706.0,0.0,0.0,6862.285714285715,7751.0,3262.695292458149,6838.833333333333,7645.0,4436.549747373464,5650.0,1,1,0,0,0,1,0,0,1,7855
723,0,2015-01-09,-0.9749279121818236,-0.2225209339563146,0.49999999999999994,0.8660254037844387,0.15430882066428117,0.9880226656636976,7855.0,7751.0,0.0,6911.0,7855.0,3280.672085614978,6900.266666666666,7728.5,4440.858638110222,5650.0,1,1,0,0,0,1,0,0,1,8092
723,0,2015-01-10,-0.7818314824680299,0.6234898018587334,0.49999999999999994,0.8660254037844387,0.1712931441814776,0.9852201067560606,8092.0,6301.0,7294.0,7032.285714285715,7855.0,3270.0383644174426,6946.633333333333,7728.5,4435.790638100211,5650.0,0,1,0,0,0,1,0,0,1,7150
723,0,2015-01-11,-2.4492935982947064e-16,1.0,0.49999999999999994,0.8660254037844387,0.1882267098432442,0.9821256058680006,7150.0,0.0,0.0,7032.285714285715,7855.0,3270.0383644174426,6693.833333333333,7728.5,4610.868577635876,5650.0,0,1,0,0,0,1,0,0,1,0
723,0,2015-01-12,0.7818314824680298,0.6234898018587336,0.49999999999999994,0.8660254037844387,0.2051044998686192,0.9787400799669153,0.0,10424.0,8313.0,6873.571428571428,7855.0,3100.5511798787675,6673.366666666667,7728.5,4597.365298571102,5650.0,1,1,0,0,0,1,0,0,1,9313
723,0,2015-01-13,0.9749279121818236,-0.22252093395631434,0.49999999999999994,0.8660254037844387,0.22192151300416552,0.9750645322571948,9313.0,7999.0,6593.0,6872.428571428572,7855.0,3100.06864747341,6939.733333333334,7803.0,4425.673772458822,5650.0,1,1,0,0,0,1,0,0,1,7991
723,0,2015-01-14,0.43388373911755823,-0.900968867902419,0.49999999999999994,0.8660254037844387,0.2386727660059501,0.9711000518829505,7991.0,7706.0,4921.0,6736.571428571428,7855.0,3078.2111069658,6689.6,7728.5,4204.252868145582,5650.0,1,1,0,0,0,1,0,0,1,6755
723,0,2015-01-15,-0.433883739117558,-0.9009688679024191,0.49999999999999994,0.8660254037844387,0.255353295116187,0.9668478136052775,6755.0,7855.0,0.0,6606.0,7150.0,3042.0351740241263,6567.633333333333,7500.0,4139.47448341581,5650.0,1,1,0,0,0,1,0,0,1,6941
723,0,2015-01-16,-0.9749279121818236,-0.2225209339563146,0.49999999999999994,0.8660254037844387,0.2719581575341055,0.9623090774541486,6941.0,8092.0,7751.0,6540.857142857143,7150.0,3009.6197671561667,6453.9,7465.0,4058.205330795444,5650.0,1,1,0,0,0,1,0,0,1,7636
723,0,2015-01-17,-0.7818314824680299,0.6234898018587334,0.49999999999999994,0.8660254037844387,0.288482432880609,0.9574851883550393,7636.0,7150.0,6301.0,6754.428571428572,7636.0,3111.375358108953,6371.733333333334,7465.0,3984.97607774876,5650.0,0,1,0,0,0,1,0,0,1,8645
723,0,2015-01-18,-2.4492935982947064e-16,1.0,0.49999999999999994,0.8660254037844387,0.30492122465628907,0.9523775757303974,8645.0,0.0,0.0,6754.428571428572,7636.0,3111.3753581089527,6019.533333333334,7222.0,4067.5620227840905,5650.0,0,1,0,0,0,1,0,0,1,0
723,0,2015-01-19,0.7818314824680298,0.6234898018587336,0.49999999999999994,0.8660254037844387,0.3212696616923644,0.9469877530760753,0.0,9313.0,10424.0,6320.285714285715,6941.0,2899.686863225389,5842.466666666666,7045.5,3930.1899026973706,5650.0,0,1,0,0,0,1,0,0,1,6274
723,0,2015-01-20,0.9749279121818236,-0.22252093395631434,0.49999999999999994,0.8660254037844387,0.3375228995941133,0.9413173175128471,6274.0,7991.0,7999.0,5991.0,6755.0,2807.761029717449,6032.0,7045.5,3772.6683413458313,5650.0,0,1,0,0,0,1,0,0,1,5686
723,0,2015-01-21,0.43388373911755823,-0.900968867902419,0.49999999999999994,0.8660254037844387,0.3536761221763716,0.9353679493131483,5686.0,6755.0,7706.0,5891.857142857143,6274.0,2788.47422010505,5851.933333333333,6848.0,3630.759993903939,5650.0,0,1,0,0,0,1,0,0,1,6061
723,0,2015-01-22,-0.433883739117558,-0.9009688679024191,0.49999999999999994,0.8660254037844387,0.3697245428906731,0.9291414114031743,6061.0,6941.0,7855.0,5714.142857142857,6061.0,2749.8400819303047,5589.5,6674.0,3325.3438479195725,5650.0,0,1,0,0,0,1,0,0,1,5697
723,0,2015-01-23,-0.9749279121818236,-0.2225209339563146,0.49999999999999994,0.8660254037844387,0.38566340624360707,0.9226395488404876,5697.0,7636.0,8092.0,5524.571428571428,6061.0,2638.764916720372,5590.233333333334,6674.0,3325.5053925819984,5650.0,0,1,0,0,0,1,0,0,1,6309
723,0,2015-01-24,-0.7818314824680299,0.6234898018587334,0.49999999999999994,0.8660254037844387,0.401487989205973,0.9158642882672872,6309.0,8645.0,7150.0,5407.571428571428,6061.0,2491.390432211353,5851.1,6848.0,3175.428283359368,5650.0,0,1,0,0,0,1,0,0,1,7826
723,0,2015-01-25,-2.4492935982947064e-16,1.0,0.49999999999999994,0.8660254037844387,0.4171936026123168,0.9088176373395029,7826.0,0.0,0.0,5407.571428571428,6061.0,2491.390432211353,5851.1,6848.0,3175.428283359368,5650.0,0,1,0,0,0,1,0,0,1,0
723,0,2015-01-26,0.7818314824680298,0.6234898018587336,0.49999999999999994,0.8660254037844387,0.4327755925504312,0.901501684131884,0.0,6274.0,9313.0,5849.0,6061.0,2909.202983636582,5920.1,6848.0,3229.8856321163644,5650.0,1,1,0,0,0,1,0,0,1,9364
723,0,2015-01-27,0.9749279121818236,-0.22252093395631434,0.49999999999999994,0.8660254037844387,0.4482293417404106,0.893918596519257,9364.0,5686.0,7991.0,6265.857142857143,6309.0,3085.6614325279543,6206.9,7045.5,3063.808665922093,5650.0,1,1,0,0,0,1,0,0,1,8604
723,0,2015-01-28,0.43388373911755823,-0.900968867902419,0.49999999999999994,0.8660254037844387,0.4635502709028509,0.886070621534138,8604.0,6061.0,6755.0,6517.428571428572,7822.0,3137.526512883614,6190.533333333334,7045.5,3053.4640445343994,5650.0,1,1,0,0,0,1,0,0,1,7822
723,0,2015-01-29,-0.433883739117558,-0.9009688679024191,0.49999999999999994,0.8660254037844387,0.47873384011578846,0.8779600847008882,7822.0,5697.0,6941.0,6923.857142857143,7826.0,3197.236641673109,6255.5,7393.0,3082.91416939591,5650.0,1,1,0,0,0,1,0,0,1,8542
723,0,2015-01-30,-0.9749279121818236,-0.2225209339563146,0.49999999999999994,0.8660254037844387,0.4937755501599772,0.869589389346611,8542.0,6309.0,7636.0,7742.0,8542.0,3705.949810777259,6492.666666666667,7671.0,3246.0707423541808,5650.0,1,1,0,0,0,1,0,0,1,12036
723,0,2015-01-31,-0.7818314824680299,0.6234898018587334,0.49999999999999994,0.8660254037844387,0.5086709438521044,0.8609610158889943,12036.0,7826.0,8645.0,8055.142857142857,8604.0,3805.50248230863,6826.6,7728.5,3065.380626644415,5650.0,0,1,0,0,0,1,0,0,1,10018
723,0,2015-02-01,-2.4492935982947064e-16,1.0,0.8660254037844386,0.5000000000000001,0.5234156073655503,0.8520775211013093,10018.0,0.0,0.0,8055.142857142857,8604.0,3805.5024823086296,6568.233333333334,7671.0,3302.274792585731,5650.0,0,1,0,0,0,1,0,0,1,0
723,0,2015-02-02,0.7818314824680298,0.6234898018587336,0.8660254037844386,0.5000000000000001,0.5380051715382996,0.8429415373547828,0.0,9364.0,6274.0,8012.714285714285,8604.0,3790.1020529041916,6660.433333333333,7764.0,3333.0266941142504,5650.0,1,1,0,0,0,1,0,0,1,9067
723,0,2015-02-03,0.9749279121818236,-0.22252093395631434,0.8660254037844386,0.5000000000000001,0.5524353131676196,0.8335557718385699,9067.0,8604.0,5686.0,7872.857142857143,8542.0,3782.702403862941,6914.6,7764.0,3089.436603029417,5650.0,1,1,0,0,0,1,0,0,1,7625
723,0,2015-02-04,0.43388373911755823,-0.900968867902419,0.8660254037844386,0.5000000000000001,0.5667017562911176,0.8239230057575542,7625.0,7822.0,6061.0,7864.142857142857,8542.0,3782.909349013949,6825.833333333333,7733.5,3022.6618559478843,5650.0,1,1,0,0,0,1,0,0,1,7761
723,0,2015-02-05,-0.433883739117558,-0.9009688679024191,0.8660254037844386,0.5000000000000001,0.5808002734538009,0.8140460935082178,7761.0,8542.0,5697.0,7699.857142857143,7761.0,3773.5244104405197,6805.6,7671.0,3016.5634660698915,5650.0,1,1,0,0,0,1,0,0,1,7392
723,0,2015-02-06,-0.9749279121818236,-0.2225209339563146,0.8660254037844386,0.5000000000000001,0.5947266869607634,0.8039279618328213,7392.0,12036.0,6309.0,7264.857142857143,7761.0,3341.0891152722147,6848.433333333333,7698.5,3038.830374852543,5650.0,1,1,0,0,0,1,0,0,1,8991
723,0,2015-02-07,-0.7818314824680299,0.6234898018587334,0.8660254037844386,0.5000000000000001,0.6084768701151261,0.7935716089521474,8991.0,10018.0,7826.0,7090.857142857143,7761.0,3202.660218660492,6879.933333333333,7698.5,3054.481613373502,5650.0,0,1,0,0,0,1,0,0,1,8800
723,0,2015-02-08,-2.4492935982947064e-16,1.0,0.8660254037844386,0.5000000000000001,0.6220467484408675,0.7829801036770629,8800.0,0.0,0.0,7090.857142857143,7761.0,3202.660218660492,6610.2,7630.5,3291.826737385418,5650.0,0,1,0,0,0,1,0,0,1,0
723,0,2015-02-09,0.7818314824680298,0.6234898018587336,0.8660254037844386,0.5000000000000001,0.6354323008901774,0.7721565844991642,0.0,9067.0,9364.0,6639.142857142857,7625.0,3098.7898405975307,6568.7,7630.5,3292.63457191015,5650.0,0,1,0,0,0,1,0,0,1,5905
723,0,2015-02-10,0.9749279121818236,-0.22252093395631434,0.8660254037844386,0.5000000000000001,0.6486295610349814,0.7611042586607747,5905.0,7625.0,8604.0,6388.285714285715,7392.0,3076.6781715721527,6764.333333333333,7630.5,3054.6483440401344,5650.0,0,1,0,0,0,1,0,0,1,5869
723,0,2015-02-11,0.43388373911755823,-0.900968867902419,0.8660254037844386,0.5000000000000001,0.6616346182422783,0.7498264012045686,5869.0,7761.0,7822.0,6079.142857142857,5905.0,3024.028627982403,6640.466666666666,7508.5,3022.913047369049,5650.0,0,1,0,0,0,1,0,0,1,5597
723,0,2015-02-12,-0.433883739117558,-0.9009688679024191,0.8660254037844386,0.5000000000000001,0.6744436188329455,0.7383263540031065,5597.0,7392.0,8542.0,5826.857142857143,5869.0,2969.4192152995956,6561.633333333333,7166.5,3017.311300083106,5650.0,0,1,0,0,0,1,0,0,1,5626
723,0,2015-02-13,-0.9749279121818236,-0.2225209339563146,0.8660254037844386,0.5000000000000001,0.6870527672236669,0.7266075247685656,5626.0,8991.0,12036.0,5576.142857142857,5869.0,2721.4757901165435,6577.666666666667,7314.0,3019.651296759776,5650.0,0,1,0,0,0,1,0,0,1,7236
723,0,2015-02-14,-0.7818314824680299,0.6234898018587334,0.8660254037844386,0.5000000000000001,0.6994583270516471,0.7146733860429609,7236.0,8800.0,10018.0,5503.0,5869.0,2625.5808246303627,6622.566666666667,7508.5,3035.214435227946,5650.0,0,1,0,0,0,1,0,0,1,8288
723,0,2015-02-15,-2.4492935982947064e-16,1.0,0.8660254037844386,0.5000000000000001,0.7116566222817746,0.702527474169157,8288.0,0.0,0.0,5503.0,5869.0,2625.5808246303627,6368.033333333334,7314.0,3259.2097570162446,5650.0,0,1,0,0,0,1,0,0,1,0
723,0,2015-02-16,0.7818314824680298,0.6234898018587336,0.8660254037844386,0.5000000000000001,0.7236440382959124,0.6901733882429719,0.0,5905.0,9067.0,6055.714285714285,5869.0,3090.4000126351325,6405.666666666667,7314.0,3292.7534996102286,5650.0,1,1,0,0,0,1,0,0,1,9774
723,0,2015-02-17,0.9749279121818236,-0.22252093395631434,0.8660254037844386,0.5000000000000001,0.7354170229639855,0.6776147890466889,9774.0,5869.0,7625.0,6142.285714285715,6475.0,3092.784867735748,6621.5,7314.0,3062.56182766583,5650.0,1,1,0,0,0,1,0,0,1,6475
723,0,2015-02-18,0.43388373911755823,-0.900968867902419,0.8660254037844386,0.5000000000000001,0.7469720876965552,0.6648553979642865,6475.0,5597.0,7761.0,6593.714285714285,7236.0,3227.6097819844786,6704.266666666666,7508.5,3086.306563240091,5650.0,1,1,0,0,0,1,0,0,1,8757
723,0,2015-02-19,-0.433883739117558,-0.9009688679024191,0.8660254037844386,0.5000000000000001,0.7583058084785625,0.6518989958787126,8757.0,5626.0,7392.0,6809.0,7236.0,3202.465508531407,6752.5,7508.5,3081.1468392187344,5650.0,1,1,0,0,0,1,0,0,1,7133
723,0,2015-02-20,-0.9749279121818236,-0.2225209339563146,0.8660254037844386,0.5000000000000001,0.7694148268839378,0.6387494220515272,7133.0,7236.0,8991.0,6996.857142857143,8288.0,3269.5543747617658,6835.5,7693.0,3095.381818685425,5650.0,1,1,0,0,0,1,0,0,1,8551
723,0,2015-02-21,-0.7818314824680299,0.6234898018587334,0.8660254037844386,0.5000000000000001,0.7802958510707755,0.6254105729852463,8551.0,8288.0,8800.0,6910.571428571428,7684.0,3237.615215820786,6901.733333333334,7722.5,3091.4366366077975,5650.0,0,1,0,0,0,1,0,0,1,7684
723,0,2015-02-22,-2.4492935982947064e-16,1.0,0.8660254037844386,0.5000000000000001,0.7909456567567772,0.6118864012687243,7684.0,0.0,0.0,6910.571428571428,7684.0,3237.615215820786,6691.433333333333,7722.5,3337.9130449132895,5650.0,0,1,0,0,0,1,0,0,1,0
723,0,2015-02-23,0.7818314824680298,0.6234898018587336,0.8660254037844386,0.5000000000000001,0.8013610881746766,0.5981809144059164,0.0,9774.0,5905.0,6212.0,7133.0,3038.2195444042536,6593.366666666667,7654.5,3346.636515124973,5650.0,0,1,0,0,0,1,0,0,1,4884
723,0,2015-02-24,0.9749279121818236,-0.22252093395631434,0.8660254037844386,0.5000000000000001,0.8115390590073611,0.5842981736283683,4884.0,6475.0,5869.0,6009.428571428572,7133.0,3064.916467439356,6761.933333333333,7654.5,3122.9672001693107,5650.0,0,1,0,0,0,1,0,0,1,5057
723,0,2015-02-25,0.43388373911755823,-0.900968867902419,0.8660254037844386,0.5000000000000001,0.8214765533024142,0.5702422926917871,5057.0,8757.0,5597.0,5521.285714285715,5340.0,2816.418512596313,6627.8,7508.5,3093.6318952726556,5650.0,0,1,0,0,0,1,0,0,1,5340
723,0,2015-02-26,-0.433883739117558,-0.9009688679024191,0.8660254037844386,0.5000000000000001,0.8311706263658079,0.5560174366570446,5340.0,7133.0,5626.0,5384.571428571428,5340.0,2747.528335137045,6546.866666666667,7314.0,3071.8322144972362,5650.0,0,1,0,0,0,1,0,0,1,6176
723,0,2015-02-27,-0.9749279121818236,-0.2225209339563146,0.8660254037844386,0.5000000000000001,0.8406184056344782,0.5416278206559814,6176.0,8551.0,7236.0,5189.571428571428,5340.0,2524.7498791723788,6525.666666666667,7211.0,3064.915393255758,5650.0,0,1,0,0,0,1,0,0,1,7186
723,0,2015-02-28,-0.7818314824680299,0.6234898018587334,0.8660254037844386,0.5000000000000001,0.8498170915275278,0.5270777086423722,7186.0,7684.0,8288.0,5315.571428571428,5340.0,2686.792874856739,6526.466666666666,7211.0,3065.46292542031,5650.0,0,1,0,0,0,1,0,0,1,8566
723,0,2015-03-01,-2.4492935982947064e-16,1.0,1.0,6.123233995736766e-17,0.8587639582758029,0.5123714121284237,8566.0,0.0,0.0,5315.571428571428,5340.0,2686.792874856739,6125.266666666666,7159.5,3106.865544667757,5650.0,0,1,0,0,0,1,0,0,1,0
723,0,2015-03-02,0.7818314824680298,0.6234898018587336,1.0,6.123233995736766e-17,0.8674563547295968,0.49751328890718066,0.0,4884.0,9774.0,6327.714285714285,6176.0,3656.5913414128227,6190.3,7159.5,3209.8703287806206,5650.0,1,1,0,0,0,1,0,0,1,11969
723,0,2015-03-03,0.9749279121818236,-0.22252093395631434,1.0,6.123233995736766e-17,0.8758917051442429,0.48250774176121847,11969.0,5057.0,6475.0,6818.428571428572,7186.0,3687.99348594611,6473.366666666667,7211.0,3013.583987070286,5650.0,1,1,0,0,0,1,0,0,1,8492
723,0,2015-03-04,0.43388373911755823,-0.900968867902419,1.0,6.123233995736766e-17,0.8840675099433636,0.46735921715800227,8492.0,5340.0,8757.0,7326.0,8492.0,3695.0974276735906,6467.566666666667,7211.0,3008.5833954082846,5650.0,1,1,0,0,0,1,0,0,1,8893
723,0,2015-03-05,-0.433883739117558,-0.9009688679024191,1.0,6.123233995736766e-17,0.8919813464595485,0.45207220393230435,8893.0,6176.0,7133.0,7598.428571428572,8492.0,3666.367360078311,6482.833333333333,7211.0,3015.8125122751594,5650.0,1,1,0,0,0,1,0,0,1,8083
723,0,2015-03-06,-0.9749279121818236,-0.2225209339563146,1.0,6.123233995736766e-17,0.8996308696522433,0.43665123195606403,8083.0,7186.0,8551.0,7716.142857142857,8492.0,3664.1459863826103,6491.133333333333,7211.0,3019.791551761803,5650.0,1,1,0,0,0,1,0,0,1,8010
723,0,2015-03-07,-0.7818314824680299,0.6234898018587334,1.0,6.123233995736766e-17,0.9070138128026359,0.4211008707960896,8010.0,8566.0,7684.0,7617.142857142857,8083.0,3646.6773657020703,6507.166666666667,7211.0,3026.0100745477325,5650.0,0,1,0,0,0,1,0,0,1,7873
723,0,2015-03-08,-2.4492935982947064e-16,1.0,1.0,6.123233995736766e-17,0.9141279881853337,0.40542572835999735,7873.0,0.0,0.0,7617.142857142857,8083.0,3646.6773657020703,6207.466666666666,7159.5,3211.1044370663385,5650.0,0,1,0,0,0,1,0,0,1,0
723,0,2015-03-09,0.7818314824680298,0.6234898018587336,1.0,6.123233995736766e-17,0.9209712877166346,0.38963044953078796,0.0,11969.0,4884.0,6803.142857142857,8010.0,3109.7910663243056,6123.166666666667,6804.0,3173.674972856126,5650.0,0,1,0,0,0,1,0,0,1,6271
723,0,2015-03-10,0.9749279121818236,-0.22252093395631434,1.0,6.123233995736766e-17,0.9275416835791966,0.37371971479046906,6271.0,8492.0,5057.0,6444.571428571428,7873.0,3026.1864261334385,6322.566666666667,6804.0,2956.1631666428857,5650.0,0,1,0,0,0,1,0,0,1,5982
723,0,2015-03-11,0.43388373911755823,-0.900968867902419,1.0,6.123233995736766e-17,0.9338372288229252,0.35769823883312546,5982.0,8893.0,5340.0,6084.857142857143,6375.0,2829.9323565868376,6338.233333333334,6804.0,2955.119131542618,5650.0,0,1,0,0,0,1,0,0,1,6375
723,0,2015-03-12,-0.433883739117558,-0.9009688679024191,1.0,6.123233995736766e-17,0.9398560579418954,0.3415707691678556,6375.0,8083.0,6176.0,5828.142857142857,6286.0,2696.8398437536357,6352.133333333333,6804.0,2953.8163243778245,5650.0,0,1,0,0,0,1,0,0,1,6286
723,0,2015-03-13,-0.9749279121818236,-0.2225209339563146,1.0,6.123233995736766e-17,0.9455963874271426,0.3253420847119801,6286.0,8010.0,7186.0,5644.857142857143,6286.0,2564.174943886851,6389.8,6930.0,2951.0584354863554,5650.0,0,1,0,0,0,1,0,0,1,6727
723,0,2015-03-14,-0.7818314824680299,0.6234898018587334,1.0,6.123233995736766e-17,0.9510565162951535,0.30901699437494745,6727.0,7873.0,8566.0,5732.428571428572,6286.0,2661.5706426308275,6485.133333333333,7159.5,2971.6571567849596,5650.0,0,1,0,0,0,1,0,0,1,8486
723,0,2015-03-15,-2.4492935982947064e-16,1.0,1.0,6.123233995736766e-17,0.9562348265919056,0.29260033563334836,8486.0,0.0,0.0,5732.428571428572,6286.0,2661.5706426308275,6243.933333333333,6930.0,3193.956965716754,5650.0,0,1,0,0,0,1,0,0,1,0
723,0,2015-03-16,0.7818314824680298,0.6234898018587336,1.0,6.123233995736766e-17,0.9611297838723007,0.27609697309746883,0.0,6271.0,11969.0,6341.0,6375.0,3231.2913827137268,6318.7,6930.0,3268.8313966920964,5650.0,1,1,0,0,0,1,0,0,1,10531
723,0,2015-03-17,0.9749279121818236,-0.22252093395631434,1.0,6.123233995736766e-17,0.9657399376548549,0.2595117970697999,10531.0,5982.0,8492.0,6661.571428571428,6727.0,3300.3142707497223,6592.9,7159.5,3058.784729943893,5650.0,1,1,0,0,0,1,0,0,1,8226
723,0,2015-03-18,0.43388373911755823,-0.900968867902419,1.0,6.123233995736766e-17,0.970063921851507,0.2428497220959356,8226.0,6375.0,8893.0,6827.428571428572,7536.0,3312.6622655674196,6518.3,7159.5,3005.3506439521248,5650.0,1,1,0,0,0,1,0,0,1,7536
723,0,2015-03-19,-0.433883739117558,-0.9009688679024191,1.0,6.123233995736766e-17,0.9741004551724205,0.22611568550828828,7536.0,6286.0,8083.0,7016.857142857143,7612.0,3314.453520998164,6556.2,7361.0,3011.947787705171,5650.0,1,1,0,0,0,1,0,0,1,7612
723,0,2015-03-20,-0.9749279121818236,-0.2225209339563146,1.0,6.123233995736766e-17,0.9778483415056568,0.20931464596304847,7612.0,6727.0,8010.0,7291.428571428572,8226.0,3365.6539660291287,6552.6,7361.0,3009.289967807162,5650.0,1,1,0,0,0,1,0,0,1,8649
723,0,2015-03-21,-0.7818314824680299,0.6234898018587334,1.0,6.123233995736766e-17,0.9813064702716093,0.19245158197082998,8649.0,8486.0,7873.0,7162.857142857143,7612.0,3329.4097789533903,6567.7,7561.0,3013.4363950308552,5650.0,0,1,0,0,0,1,0,0,1,7586
723,0,2015-03-22,-2.4492935982947064e-16,1.0,1.0,6.123233995736766e-17,0.9844738167520922,0.1755314904214282,7586.0,0.0,0.0,7162.857142857143,7612.0,3329.4097789533903,6282.666666666667,7361.0,3216.9114158570274,5650.0,0,1,0,0,0,1,0,0,1,0
723,0,2015-03-23,0.7818314824680298,0.6234898018587336,1.0,6.123233995736766e-17,0.9873494423939864,0.15855938510313478,0.0,10531.0,6271.0,6705.0,7586.0,2992.340611182711,6270.733333333334,7256.0,3212.194382976066,5650.0,0,1,0,0,0,1,0,0,1,7326
723,0,2015-03-24,0.9749279121818236,-0.22252093395631434,1.0,6.123233995736766e-17,0.989932495087353,0.141540295217043,7326.0,8226.0,5982.0,6370.714285714285,7536.0,2924.0299083220566,6466.933333333333,7256.0,2987.89904197874,5650.0,0,1,0,0,0,1,0,0,1,5886
723,0,2015-03-25,0.43388373911755823,-0.900968867902419,1.0,6.123233995736766e-17,0.9922222094179323,0.12447926388678915,5886.0,7536.0,6375.0,6122.857142857143,7326.0,2882.023503753998,6497.5,7256.0,2975.8130705799526,5650.0,0,1,0,0,0,1,0,0,1,5801
723,0,2015-03-26,-0.433883739117558,-0.9009688679024191,1.0,6.123233995736766e-17,0.994217906893952,0.10738134666416309,5801.0,7612.0,6286.0,5919.857142857143,6191.0,2808.765768599642,6535.3,7256.0,2964.0633590650064,5650.0,0,1,0,0,0,1,0,0,1,6191
723,0,2015-03-27,-0.9749279121818236,-0.2225209339563146,1.0,6.123233995736766e-17,0.995918996147179,0.09025161003104117,6191.0,8649.0,6727.0,5645.571428571428,6191.0,2582.4682545414344,6581.6,7256.0,2955.5846798899206,5650.0,0,1,0,0,0,1,0,0,1,6729
723,0,2015-03-28,-0.7818314824680299,0.6234898018587334,1.0,6.123233995736766e-17,0.9973249731081555,0.07309512989807777,6729.0,7586.0,8486.0,5722.285714285715,6191.0,2656.6284217836273,6646.5,7431.0,2967.7228324668113,5650.0,0,1,0,0,0,1,0,0,1,8123
723,0,2015-03-29,-2.4492935982947064e-16,1.0,1.0,6.123233995736766e-17,0.9984354211555643,0.055916990100603484,8123.0,0.0,0.0,5722.285714285715,6191.0,2656.6284217836273,6406.966666666666,7431.0,3203.3258630769164,5650.0,0,1,0,0,0,1,0,0,1,0
723,0,2015-03-30,0.7818314824680298,0.6234898018587336,1.0,6.123233995736766e-17,0.9992500112396835,0.03872228089217446,0.0,7326.0,10531.0,6471.0,6191.0,3712.596800084813,6540.333333333333,7431.0,3375.0023584495807,5650.0,1,1,0,0,0,1,0,0,1,12567
723,0,2015-03-31,0.9749279121818236,-0.22252093395631434,1.0,6.123233995736766e-17,0.9997685019798909,0.021516097436222254,12567.0,5886.0,8226.0,7138.142857142857,6729.0,3998.534999578862,6892.2,7561.0,3216.14408666759,5650.0,1,1,0,0,0,1,0,0,1,10556
723,0,2015-04-01,0.43388373911755823,-0.900968867902419,0.8660254037844387,-0.49999999999999983,0.9999907397361901,0.004303538296244289,10556.0,5801.0,7536.0,7764.714285714285,8123.0,4096.525548733775,6832.8,7561.0,3134.5673341649244,5650.0,1,1,0,0,0,1,0,0,1,10187
723,0,2015-04-02,-0.433883739117558,-0.9009688679024191,0.8660254037844387,-0.49999999999999983,0.9999166586547379,-0.01291029607500882,10187.0,6191.0,7612.0,8655.857142857143,10187.0,4366.714341797173,6964.033333333334,7561.0,3285.221364328999,5650.0,1,1,0,0,0,1,0,0,1,12429
723,0,2015-04-03,-0.9749279121818236,-0.2225209339563146,0.8660254037844387,-0.49999999999999983,0.9995462806873573,-0.030120304846908114,12429.0,6729.0,8649.0,7694.571428571428,10187.0,5464.3047394626765,6667.6,7431.0,3499.400782202971,5650.0,1,1,0,0,0,1,0,0,1,0
723,0,2015-04-04,-0.7818314824680299,0.6234898018587334,0.8660254037844387,-0.49999999999999983,0.9988797155850336,-0.04732138832243185,0.0,8123.0,7586.0,8088.0,10556.0,5597.805462857742,6760.733333333334,7431.0,3574.7382149952095,5650.0,0,1,0,0,0,1,0,0,1,10877
723,0,2015-04-05,-2.4492935982947064e-16,1.0,0.8660254037844387,-0.49999999999999983,0.9979171608653922,-0.06450844944931623,10877.0,0.0,0.0,8088.0,10556.0,5597.805462857742,6493.733333333334,7027.5,3771.910811222357,5650.0,0,1,0,0,0,1,0,0,1,0
723,0,2015-04-06,0.7818314824680298,0.6234898018587336,0.8660254037844387,-0.49999999999999983,0.9966589017541702,-0.08167639533042241,0.0,12567.0,7326.0,6292.714285714285,10187.0,5927.415167796885,6231.3,6728.0,3942.6583116051247,5650.0,0,1,0,0,0,1,0,0,1,0
723,0,2015-04-07,0.9749279121818236,-0.22252093395631434,0.8660254037844387,-0.49999999999999983,0.9951053111006976,-0.09882013873287143,0.0,10556.0,5886.0,5752.428571428572,6774.0,5639.4174302299125,6457.1,6751.5,3763.3804351938707,5650.0,0,1,0,0,0,1,0,0,1,6774
723,0,2015-04-08,0.43388373911755823,-0.900968867902419,0.8660254037844387,-0.49999999999999983,0.9932568492674143,-0.11593459959550041,6774.0,10187.0,5801.0,5148.0,5956.0,5301.5226429143295,6446.6,6751.5,3764.3568723048793,5650.0,0,1,0,0,0,1,0,0,1,5956
723,0,2015-04-09,-0.433883739117558,-0.9009688679024191,0.8660254037844387,-0.49999999999999983,0.9911140639934547,-0.1330147065341959,5956.0,12429.0,6191.0,4303.428571428572,5956.0,4330.222236681118,6464.433333333333,6751.5,3763.3470950034985,5650.0,0,1,0,0,0,1,0,0,1,6517
723,0,2015-04-10,-0.9749279121818236,-0.2225209339563146,0.8660254037844387,-0.49999999999999983,0.9886775902323405,-0.1500553983446526,6517.0,0.0,6729.0,5203.285714285715,6299.0,3922.1498235145536,6461.9,6751.5,3763.4349529156993,5650.0,0,1,0,0,0,1,0,0,1,6299
723,0,2015-04-11,-0.7818314824680299,0.6234898018587334,0.8660254037844387,-0.49999999999999983,0.9859481499638304,-0.16705162550211924,6299.0,10877.0,8123.0,4794.857142857143,6299.0,3338.2490634348746,6519.633333333333,7050.0,3773.9138604950676,5650.0,0,1,0,0,0,1,0,0,1,8018
723,0,2015-04-12,-2.4492935982947064e-16,1.0,0.8660254037844387,-0.49999999999999983,0.9829265519799822,-0.18399835165768005,8018.0,0.0,0.0,4794.857142857143,6299.0,3338.2490634348746,6295.4,7050.0,3956.594448207474,5650.0,0,1,0,0,0,1,0,0,1,0
723,0,2015-04-13,0.7818314824680298,0.6234898018587336,0.8660254037844387,-0.49999999999999983,0.9796136916454901,-0.20089055513063506,0.0,0.0,12567.0,6280.714285714285,6517.0,3158.2490779061795,6359.233333333334,7050.0,4008.2653026941234,5650.0,1,1,0,0,0,1,0,0,1,10401
723,0,2015-04-14,0.9749279121818236,-0.22252093395631434,0.8660254037844387,-0.49999999999999983,0.9760105506323683,-0.21772323039653177,10401.0,6774.0,10556.0,6543.571428571428,6517.0,3280.3571379319274,6646.366666666667,7431.0,3842.1002202309683,5650.0,1,1,0,0,0,1,0,0,1,8614
723,0,2015-04-15,0.43388373911755823,-0.900968867902419,0.8660254037844387,-0.49999999999999983,0.9721181966290613,-0.23449138957040985,8614.0,5956.0,10187.0,6807.0,7800.0,3299.2945710661634,6555.333333333333,7431.0,3778.7161232659287,5650.0,1,1,0,0,0,1,0,0,1,7800
723,0,2015-04-16,-0.433883739117558,-0.9009688679024191,0.8660254037844387,-0.49999999999999983,0.9679377830240642,-0.25119006388481935,7800.0,6517.0,12429.0,7049.428571428572,8018.0,3336.570487648599,6554.933333333333,7431.0,3778.533805530954,5650.0,1,1,0,0,0,1,0,0,1,8214
723,0,2015-04-17,-0.9749279121818236,-0.2225209339563146,0.8660254037844387,-0.49999999999999983,0.9634705485641488,-0.2678143051621742,8214.0,6299.0,0.0,7441.857142857143,8214.0,3394.637164144419,6605.266666666666,7456.0,3802.0372572802503,5650.0,1,1,0,0,0,1,0,0,1,9046
723,0,2015-04-18,-0.7818314824680299,0.6234898018587334,0.8660254037844387,-0.49999999999999983,0.9587178169872964,-0.2843591872810034,9046.0,8018.0,10877.0,7409.0,8214.0,3389.2399836344807,6611.133333333333,7456.0,3803.779633318757,5650.0,0,1,0,0,0,1,0,0,1,7788
723,0,2015-04-19,-2.4492935982947064e-16,1.0,0.8660254037844387,-0.49999999999999983,0.9536809966304457,-0.30081980763566735,7788.0,0.0,0.0,7409.0,8214.0,3389.2399836344803,6322.833333333333,7050.0,3968.2104112327625,5650.0,0,1,0,0,0,1,0,0,1,0
723,0,2015-04-20,0.7818314824680298,0.6234898018587336,0.8660254037844387,-0.49999999999999983,0.9483615800121715,-0.3171912885891061,0.0,10401.0,0.0,6702.0,7800.0,3170.18737616564,6251.7,6751.5,3963.910835752124,5650.0,0,1,0,0,0,1,0,0,1,5452
723,0,2015-04-21,0.9749279121818236,-0.22252093395631434,0.8660254037844387,-0.49999999999999983,0.9427611433904207,-0.3334687789181868,5452.0,8614.0,6774.0,6291.285714285715,7788.0,3065.7068088933793,6443.0,6751.5,3786.3016347044404,5650.0,0,1,0,0,0,1,0,0,1,5739
723,0,2015-04-22,0.43388373911755823,-0.900968867902419,0.8660254037844387,-0.49999999999999983,0.9368813462954315,-0.3496474552512284,5739.0,7800.0,5956.0,5995.571428571428,5739.0,2994.9413938140665,6389.8,6623.0,3784.6791637355195,5650.0,0,1,0,0,0,1,0,0,1,5730
723,0,2015-04-23,-0.433883739117558,-0.9009688679024191,0.8660254037844387,-0.49999999999999983,0.9307239310379795,-0.36572252349726897,5730.0,8214.0,6517.0,5713.571428571428,5739.0,2840.1788592236485,6401.6,6623.0,3783.6059392394804,5650.0,0,1,0,0,0,1,0,0,1,6240
723,0,2015-04-24,-0.9749279121818236,-0.2225209339563146,0.8660254037844387,-0.49999999999999983,0.9242907221930934,-0.3816892202666588,6240.0,9046.0,6299.0,5379.142857142857,5739.0,2499.8216222077,6431.733333333334,6717.0,3782.2572801613233,5650.0,0,1,0,0,0,1,0,0,1,6705
723,0,2015-04-25,-0.7818314824680299,0.6234898018587334,0.8660254037844387,-0.49999999999999983,0.9175836260593937,-0.39754281428255595,6705.0,7788.0,8018.0,5497.714285714285,5739.0,2648.390625410439,6512.633333333333,6751.5,3802.8306107454996,5650.0,0,1,0,0,0,1,0,0,1,8618
723,0,2015-04-26,-2.4492935982947064e-16,1.0,0.8660254037844387,-0.49999999999999983,0.9106046300942163,-0.4132786077829042,8618.0,0.0,0.0,5497.714285714285,5739.0,2648.390625410439,6288.333333333333,6739.5,3983.7703622134864,5650.0,0,1,0,0,0,1,0,0,1,0
723,0,2015-04-27,0.7818314824680298,0.6234898018587336,0.8660254037844387,-0.49999999999999983,0.9033558023246845,-0.4288919379124835,0.0,5452.0,10401.0,6408.0,6240.0,3566.1206279840453,6411.7,6739.5,4098.205605232443,5650.0,1,1,0,0,0,1,0,0,1,11824
723,0,2015-04-28,0.9749279121818236,-0.22252093395631434,0.8660254037844387,-0.49999999999999983,0.895839290734909,-0.4443781781046132,11824.0,5739.0,8614.0,6963.714285714285,6705.0,3743.190471344184,6732.666666666667,7281.0,3953.234906995164,5650.0,1,1,0,0,0,1,0,0,1,9629
723,0,2015-04-29,0.43388373911755823,-0.900968867902419,0.8660254037844387,-0.49999999999999983,0.8880573226294932,-0.45973273945210397,9629.0,5730.0,7800.0,7602.0,8618.0,3876.328632439032,6653.7,7281.0,3855.11723646591,5650.0,1,1,0,0,0,1,0,0,1,10198
723,0,2015-04-30,-0.433883739117558,-0.9009688679024191,0.8660254037844387,-0.49999999999999983,0.8800122039735357,-0.47495107206704995,10198.0,6240.0,8214.0,8440.0,9629.0,4156.737623024414,6705.366666666667,7281.0,3919.0757397660727,5650.0,1,1,0,0,0,1,0,0,1,12106
723,0,2015-05-01,-0.9749279121818236,-0.2225209339563146,0.49999999999999994,-0.8660254037844387,0.8717063187093218,-0.49002866642905923,12106.0,6705.0,9046.0,7482.142857142857,9629.0,5251.535471604833,6365.8,6739.5,4046.268995779556,5650.0,1,1,0,0,0,1,0,0,1,0
723,0,2015-05-02,-0.7818314824680299,0.6234898018587334,0.49999999999999994,-0.8660254037844387,0.8631421280499114,-0.5049610547215204,0.0,8618.0,7788.0,7744.857142857143,10198.0,5362.652031366923,6300.066666666667,6739.5,3959.460028784257,5650.0,0,1,0,0,0,1,0,0,1,10457
723,0,2015-05-03,-2.4492935982947064e-16,1.0,0.49999999999999994,-0.8660254037844387,0.854322169749827,-0.5197438121555155,10457.0,0.0,0.0,7744.857142857143,10198.0,5362.652031366923,6300.066666666667,6739.5,3959.460028784257,5650.0,0,1,0,0,0,1,0,0,1,0
723,0,2015-05-04,0.7818314824680298,0.6234898018587336,0.49999999999999994,-0.8660254037844387,0.8452490573530633,-0.5343725582809787,0.0,11824.0,5452.0,7684.857142857143,10198.0,5311.511725443501,6317.633333333333,6739.5,3981.5737096965972,5650.0,1,1,0,0,0,1,0,0,1,11404
723,0,2015-05-05,0.9749279121818236,-0.22252093395631434,0.49999999999999994,-0.8660254037844387,0.835925479418637,-0.548842958284719,11404.0,9629.0,5739.0,7508.857142857143,10198.0,5256.481155949969,6597.533333333334,7281.0,3813.7496322479356,5650.0,1,1,0,0,0,1,0,0,1,8397
723,0,2015-05-06,0.43388373911755823,-0.900968867902419,0.49999999999999994,-0.8660254037844387,0.8263541987239096,-0.5631507242749186,8397.0,10198.0,5730.0,7254.0,8414.0,5146.466328138818,6878.0,7794.0,3616.095055204698,5650.0,1,1,0,0,0,1,0,0,1,8414
723,0,2015-05-07,-0.433883739117558,-0.9009688679024191,0.49999999999999994,-0.8660254037844387,0.8165380514459161,-0.5772916165517272,8414.0,12106.0,6240.0,6724.857142857143,8402.0,4738.719040295292,6932.266666666666,7909.0,3626.680698924849,5650.0,1,1,0,0,0,1,0,0,1,8402
723,0,2015-05-08,-0.9749279121818236,-0.2225209339563146,0.49999999999999994,-0.8660254037844387,0.8064799463209448,-0.5912614448635781,8402.0,0.0,6705.0,7989.571428571428,8414.0,3715.7664466048286,7028.833333333333,8116.0,3638.3396183095565,5650.0,1,1,0,0,0,1,0,0,1,8853
723,0,2015-05-09,-0.7818314824680299,0.6234898018587334,0.49999999999999994,-0.8660254037844387,0.7961828637826158,-0.6050560696488488,8853.0,10457.0,8618.0,7827.0,8414.0,3613.301629627211,7122.233333333334,8305.5,3660.6440142208016,5650.0,0,1,0,0,0,1,0,0,1,9319
723,0,2015-05-10,-2.4492935982947064e-16,1.0,0.49999999999999994,-0.8660254037844387,0.7856498550787145,-0.6186714032625031,9319.0,0.0,0.0,7827.0,8414.0,3613.301629627211,6912.266666666666,8305.5,3883.3643335549195,5650.0,0,1,0,0,0,1,0,0,1,0
723,0,2015-05-11,0.7818314824680298,0.6234898018587336,0.49999999999999994,-0.8660254037844387,0.7748840413670407,-0.6321034111873487,0.0,11404.0,11824.0,7121.0,8402.0,3263.8151499944543,6860.4,8305.5,3878.474758867514,5650.0,0,1,0,0,0,1,0,0,1,6462
723,0,2015-05-12,0.9749279121818236,-0.22252093395631434,0.49999999999999994,-0.8660254037844387,0.7638886127905428,-0.6453481132295501,6462.0,8397.0,9629.0,6966.428571428572,8402.0,3218.6215919832734,7104.233333333334,8305.5,3655.8519897917613,5650.0,0,1,0,0,0,1,0,0,1,7315
723,0,2015-05-13,0.43388373911755823,-0.900968867902419,0.49999999999999994,-0.8660254037844387,0.7526668275320084,-0.6584015846980488,7315.0,8414.0,10198.0,6833.857142857143,7486.0,3167.7703740734005,7007.066666666667,8007.0,3603.5719533524675,5650.0,0,1,0,0,0,1,0,0,1,7486
723,0,2015-05-14,-0.433883739117558,-0.9009688679024191,0.49999999999999994,-0.8660254037844387,0.741222010848596,-0.6712599575675313,7486.0,8402.0,12106.0,5633.571428571428,7315.0,3965.8194973692734,6719.933333333333,7794.0,3808.4732023913916,5650.0,0,1,0,0,0,1,0,0,1,0
723,0,2015-05-15,-0.9749279121818236,-0.2225209339563146,0.49999999999999994,-0.8660254037844387,0.7295575540864875,-0.6839194216246106,0.0,8853.0,0.0,5483.857142857143,7315.0,3841.8707868507413,6720.1,7796.5,3808.5222072935694,5650.0,0,1,0,0,0,1,0,0,1,7805
723,0,2015-05-16,-0.7818314824680299,0.6234898018587334,0.49999999999999994,-0.8660254037844387,0.717676913675962,-0.6963762255968722,7805.0,9319.0,10457.0,5195.0,7297.0,3571.995800669423,6689.533333333334,7637.0,3799.788775738711,5650.0,0,1,0,0,0,1,0,0,1,7297
723,0,2015-05-17,-2.4492935982947064e-16,1.0,0.49999999999999994,-0.8660254037844387,0.705583610107178,-0.7086266782644596,7297.0,0.0,0.0,5195.0,7297.0,3571.995800669423,6388.0,7400.5,3961.8120984529637,5650.0,0,1,0,0,0,1,0,0,1,0
723,0,2015-05-18,0.7818314824680298,0.6234898018587336,0.49999999999999994,-0.8660254037844387,0.6932812268869777,-0.7206671495538609,0.0,6462.0,11404.0,5690.428571428572,7315.0,3992.7374426218257,6459.4,7400.5,4006.95741137234,5650.0,1,1,0,0,0,1,0,0,1,9930
723,0,2015-05-19,0.9749279121818236,-0.22252093395631434,0.49999999999999994,-0.8660254037844387,0.6807734094770161,-0.7324940716135789,9930.0,7315.0,8397.0,5816.428571428572,7486.0,4065.797373912561,6732.633333333333,7645.5,3826.72649774004,5650.0,1,1,0,0,0,1,0,0,1,8197
723,0,2015-05-20,0.43388373911755823,-0.900968867902419,0.49999999999999994,-0.8660254037844387,0.6680638642135335,-0.7441039398713607,8197.0,7486.0,8414.0,5900.0,7805.0,4111.58898724082,6819.933333333333,7938.0,3826.3775967151605,5650.0,1,1,0,0,0,1,0,0,1,8071
723,0,2015-05-21,-0.433883739117558,-0.9009688679024191,0.49999999999999994,-0.8660254037844387,0.6551563572090853,-0.7554933140726803,8071.0,0.0,8402.0,7061.857142857143,8071.0,3218.6407290744855,6899.733333333334,8102.0,3828.0204926246192,5650.0,1,1,0,0,0,1,0,0,1,8133
723,0,2015-05-22,-0.9749279121818236,-0.2225209339563146,0.49999999999999994,-0.8660254037844387,0.6420547132365637,-0.766658819300159,8133.0,7805.0,8853.0,7080.0,8071.0,3223.8815114702948,6973.133333333333,8102.0,3825.9285889593007,5650.0,1,1,0,0,0,1,0,0,1,7932
723,0,2015-05-23,-0.7818314824680299,0.6234898018587334,0.49999999999999994,-0.8660254037844387,0.6287628145958344,-0.777597146973627,7932.0,7297.0,9319.0,7287.714285714285,8133.0,3286.426819221026,7056.833333333333,8165.0,3836.7879533342193,5650.0,0,1,0,0,0,1,0,0,1,8751
723,0,2015-05-24,-2.4492935982947064e-16,1.0,0.49999999999999994,-0.8660254037844387,0.6152845999633276,-0.7883050558305255,8751.0,0.0,0.0,7287.714285714285,8133.0,3286.426819221026,6833.333333333333,8165.0,4047.4932841275327,5650.0,0,1,0,0,0,1,0,0,1,0
723,0,2015-05-25,0.7818314824680298,0.6234898018587336,0.49999999999999994,-0.8660254037844387,0.6016240632249226,-0.7987793728863649,0.0,9930.0,6462.0,5869.142857142857,8071.0,4017.592539011864,6546.066666666667,8102.0,4218.667872218902,5650.0,0,1,0,0,0,1,0,0,1,0
723,0,2015-05-26,0.9749279121818236,-0.22252093395631434,0.49999999999999994,-0.8660254037844387,0.5877852522924732,-0.8090169943749473,0.0,8197.0,7315.0,5718.714285714285,7932.0,3934.7646992031464,6784.2,8102.0,4034.005927200611,5650.0,0,1,0,0,0,1,0,0,1,7144
723,0,2015-05-27,0.43388373911755823,-0.900968867902419,0.49999999999999994,-0.8660254037844387,0.5737722679043246,-0.8190148866680801,7144.0,8071.0,7486.0,5441.714285714285,7144.0,3807.770420000208,6594.466666666666,8001.5,3921.069213200992,5650.0,0,1,0,0,0,1,0,0,1,6132
723,0,2015-05-28,-0.433883739117558,-0.9009688679024191,0.49999999999999994,-0.8660254037844387,0.5595892624101765,-0.8287700871745037,6132.0,8133.0,0.0,5351.142857142857,7144.0,3740.023994066143,6523.466666666666,7868.5,3883.3299231399365,5650.0,0,1,0,0,0,1,0,0,1,7499
723,0,2015-05-29,-0.9749279121818236,-0.2225209339563146,0.49999999999999994,-0.8660254037844387,0.545240438540651,-0.8382797052177743,7499.0,7932.0,7805.0,5406.142857142857,7144.0,3786.8409626218086,6460.766666666666,7868.5,3836.862562431512,5650.0,0,1,0,0,0,1,0,0,1,8317
723,0,2015-05-30,-0.7818314824680299,0.6234898018587334,0.49999999999999994,-0.8660254037844387,0.5307300481619334,-0.8475409228928311,8317.0,8751.0,7297.0,5397.857142857143,7144.0,3778.3564958224624,6347.0,7868.5,3712.2808120596437,5650.0,0,1,0,0,0,1,0,0,1,8693
723,0,2015-05-31,-2.4492935982947064e-16,1.0,0.49999999999999994,-0.8660254037844387,0.5160623910158528,-0.8565509959010036,8693.0,0.0,0.0,5397.857142857143,7144.0,3778.3564958224624,6347.0,7868.5,3712.2808120596437,5650.0,0,1,0,0,0,1,0,0,1,0
723,0,2015-06-01,0.7818314824680298,0.6234898018587336,1.2246467991473532e-16,-1.0,0.5012418134457758,-0.865307254363206,0.0,0.0,9930.0,7024.285714285715,7499.0,3508.2758212682243,6377.933333333333,7868.5,3751.3697446292254,5650.0,1,1,0,0,0,1,0,0,1,11385
723,0,2015-06-02,0.9749279121818236,-0.22252093395631434,1.2246467991473532e-16,-1.0,0.48627270710869,-0.8738071036110808,11385.0,7144.0,8197.0,7464.571428571428,8317.0,3713.212394371521,6718.8,8001.5,3613.930684601388,5650.0,1,1,0,0,0,1,0,0,1,10226
723,0,2015-06-03,0.43388373911755823,-0.900968867902419,1.2246467991473532e-16,-1.0,0.4711595076738638,-0.8820480249558537,10226.0,6132.0,8071.0,8272.42857142857,8693.0,3980.5126913143094,6731.566666666667,8001.5,3631.685356674648,5650.0,1,1,0,0,0,1,0,0,1,11787
723,0,2015-06-04,-0.433883739117558,-0.9009688679024191,1.2246467991473532e-16,-1.0,0.4559066935084588,-0.8900275764346767,11787.0,7499.0,8133.0,7201.142857142857,8693.0,5080.48880288014,6451.666666666667,7868.5,3817.721918065558,5650.0,1,1,0,0,0,1,0,0,1,0
723,0,2015-06-05,-0.9749279121818236,-0.2225209339563146,1.2246467991473532e-16,-1.0,0.440518784350495,-0.8977433935342337,0.0,8317.0,7932.0,7604.857142857143,10226.0,5291.823927172037,6542.633333333333,7868.5,3897.7651729777367,5650.0,1,1,0,0,0,1,0,0,1,11143
723,0,2015-06-06,-0.7818314824680299,0.6234898018587334,1.2246467991473532e-16,-1.0,0.42500033996955416,-0.9051931898913974,11143.0,8693.0,8751.0,7421.857142857143,10226.0,5270.02717983413,6509.633333333333,7652.0,3885.652259480923,5650.0,0,1,0,0,0,1,0,0,1,7412
723,0,2015-06-07,-2.4492935982947064e-16,1.0,1.2246467991473532e-16,-1.0,0.4093559588156213,-0.9123747579707273,7412.0,0.0,0.0,7421.857142857143,10226.0,5270.02717983413,6214.533333333334,7492.5,4034.8565306573796,5650.0,0,1,0,0,0,1,0,0,1,0
723,0,2015-06-08,0.7818314824680298,0.6234898018587336,1.2246467991473532e-16,-1.0,0.39359027665646673,-0.9192859697186104,0.0,11385.0,0.0,6765.857142857143,7412.0,4971.849536090548,6130.333333333333,7449.0,3993.987596317774,5650.0,0,1,0,0,0,1,0,0,1,6793
723,0,2015-06-09,0.9749279121818236,-0.22252093395631434,1.2246467991473532e-16,-1.0,0.3777079652039649,-0.9259247771938498,6793.0,10226.0,7144.0,6194.0,6793.0,4731.960270331947,6337.766666666666,7449.0,3822.5416412186514,5650.0,0,1,0,0,0,1,0,0,1,6223
723,0,2015-06-10,0.43388373911755823,-0.900968867902419,1.2246467991473532e-16,-1.0,0.36171373072976765,-0.9322892131745133,6223.0,11787.0,6132.0,5432.571428571428,6457.0,4063.6148462972724,6337.6,7449.0,3822.536146736019,5650.0,0,1,0,0,0,1,0,0,1,6457
723,0,2015-06-11,-0.433883739117558,-0.9009688679024191,1.2246467991473532e-16,-1.0,0.3456123126707335,-0.9383773917408641,6457.0,0.0,7499.0,6300.0,6457.0,3283.971274742415,6296.166666666667,7449.0,3818.3108116054395,5650.0,0,1,0,0,0,1,0,0,1,6072
723,0,2015-06-12,-0.9749279121818236,-0.2225209339563146,1.2246467991473532e-16,-1.0,0.3294084822245304,-0.9441875088341993,6072.0,11143.0,8317.0,5600.714285714285,6248.0,2511.037482415431,6254.9,7354.5,3811.69233253827,5650.0,0,1,0,0,0,1,0,0,1,6248
723,0,2015-06-13,-0.7818314824680299,0.6234898018587334,1.2246467991473532e-16,-1.0,0.3131070409358269,-0.9497178427914316,6248.0,7412.0,8693.0,5821.571428571428,6248.0,2753.210904691879,6553.5,7455.5,3652.344884477973,5650.0,0,1,0,0,0,1,0,0,1,8958
723,0,2015-06-14,-2.4492935982947064e-16,1.0,1.2246467991473532e-16,-1.0,0.29671281927349075,-0.9549667548552551,8958.0,0.0,0.0,5821.571428571428,6248.0,2753.210904691879,6293.333333333333,7354.5,3833.6107975544987,5650.0,0,1,0,0,0,1,0,0,1,0
723,0,2015-06-15,0.7818314824680298,0.6234898018587336,1.2246467991473532e-16,-1.0,0.28023067519921585,-0.9599326896597447,0.0,6793.0,11385.0,6536.428571428572,6248.0,3574.585050843563,6443.333333333333,7455.5,3960.183645457257,5650.0,1,1,0,0,0,1,0,0,1,11797
723,0,2015-06-16,0.9749279121818236,-0.22252093395631434,1.2246467991473532e-16,-1.0,0.26366549272800704,-0.9646141756912435,11797.0,6223.0,10226.0,6935.0,6457.0,3687.5715586277092,6743.766666666666,7715.5,3792.858158782594,5650.0,1,1,0,0,0,1,0,0,1,9013
723,0,2015-06-17,0.43388373911755823,-0.900968867902419,1.2246467991473532e-16,-1.0,0.24702218048093552,-0.9690098257244062,9013.0,6457.0,11787.0,7185.142857142857,8208.0,3709.068815240622,6686.366666666667,7715.5,3755.8252271347264,5650.0,1,1,0,0,0,1,0,0,1,8208
723,0,2015-06-18,-0.433883739117558,-0.9009688679024191,1.2246467991473532e-16,-1.0,0.23030567023061221,-0.9731183372332619,8208.0,6072.0,0.0,7512.142857142857,8361.0,3695.4521342036714,6691.833333333333,7715.5,3758.218388282272,5650.0,1,1,0,0,0,1,0,0,1,8361
723,0,2015-06-19,-0.9749279121818236,-0.2225209339563146,1.2246467991473532e-16,-1.0,0.21352091543979612,-0.9769384927771817,8361.0,6248.0,11143.0,7829.285714285715,8468.0,3664.0084476924862,6705.066666666667,7715.5,3763.9367316069806,5650.0,1,1,0,0,0,1,0,0,1,8468
723,0,2015-06-20,-0.7818314824680299,0.6234898018587334,1.2246467991473532e-16,-1.0,0.19667288979357647,-0.980469160361632,8468.0,8958.0,7412.0,7727.571428571428,8361.0,3637.237544123417,6708.833333333333,7715.5,3765.471203588932,5650.0,0,1,0,0,0,1,0,0,1,8246
723,0,2015-06-21,-2.4492935982947064e-16,1.0,1.2246467991473532e-16,-1.0,0.1797665857255624,-0.9837092937736097,8246.0,0.0,0.0,7727.571428571428,8361.0,3637.237544123417,6444.433333333333,7455.5,3950.5543712534686,5650.0,0,1,0,0,0,1,0,0,1,0
723,0,2015-06-22,0.7818314824680298,0.6234898018587336,1.2246467991473532e-16,-1.0,0.16280701293851715,-0.986657932891657,0.0,11797.0,6793.0,6846.428571428572,8246.0,3208.993760103149,6340.366666666667,7278.0,3928.7591309719414,5650.0,0,1,0,0,0,1,0,0,1,5629
723,0,2015-06-23,0.9749279121818236,-0.22252093395631434,1.2246467991473532e-16,-1.0,0.1457991969198751,-0.9893142039703663,5629.0,9013.0,6223.0,6354.285714285715,8208.0,3083.0385830803184,6525.966666666666,7278.0,3746.180496078026,5650.0,0,1,0,0,0,1,0,0,1,5568
723,0,2015-06-24,0.43388373911755823,-0.900968867902419,1.2246467991473532e-16,-1.0,0.12874817745258132,-0.99167731989929,5568.0,8208.0,6457.0,5980.0,5629.0,2977.724802596773,6712.233333333334,7278.0,3543.974309894953,5650.0,0,1,0,0,0,1,0,0,1,5588
723,0,2015-06-25,-0.433883739117558,-0.9009688679024191,1.2246467991473532e-16,-1.0,0.11165900712169512,-0.993746580436178,5588.0,8361.0,6072.0,5655.142857142857,5629.0,2792.986241079095,6677.0,7102.5,3544.787897939638,5650.0,0,1,0,0,0,1,0,0,1,6087
723,0,2015-06-26,-0.9749279121818236,-0.2225209339563146,1.2246467991473532e-16,-1.0,0.09453674981719912,-0.9955213724144752,6087.0,8468.0,6248.0,5368.285714285715,5629.0,2548.3410756990966,6687.933333333333,7102.5,3543.5545852788246,5650.0,0,1,0,0,0,1,0,0,1,6460
723,0,2015-06-27,-0.7818314824680299,0.6234898018587334,1.2246467991473532e-16,-1.0,0.07738647923346301,-0.9970011699250151,6460.0,8246.0,8958.0,5390.857142857143,5629.0,2578.59809641928,6718.1,7102.5,3554.532554262283,5650.0,0,1,0,0,0,1,0,0,1,8404
723,0,2015-06-28,-2.4492935982947064e-16,1.0,1.2246467991473532e-16,-1.0,0.06021327736579302,-0.9981855344718586,8404.0,0.0,0.0,5390.857142857143,5629.0,2578.59809641928,6440.866666666667,6626.5,3744.775604283491,5650.0,0,1,0,0,0,1,0,0,1,0
723,0,2015-06-29,0.7818314824680298,0.6234898018587336,1.2246467991473532e-16,-1.0,0.04302223300453059,-0.99907411510223,0.0,5629.0,11797.0,6262.0,6087.0,3527.8126839917854,6542.0,6626.5,3847.2616683594047,5650.0,1,1,0,0,0,1,0,0,1,11727
723,0,2015-06-30,0.9749279121818236,-0.22252093395631434,1.2246467991473532e-16,-1.0,0.02581844022713308,-0.9996666485105112,11727.0,5568.0,9013.0,6879.714285714285,6460.0,3757.1496605044317,6871.733333333334,7102.5,3687.837708050552,5650.0,1,1,0,0,0,1,0,0,1,9892
723,0,2015-07-01,0.43388373911755823,-0.900968867902419,-0.4999999999999998,-0.8660254037844388,0.008606996888688698,-0.9999629591162655,9892.0,5588.0,8208.0,7370.714285714285,8404.0,3784.6884378279497,6793.066666666667,7102.5,3612.6482304234405,5650.0,1,1,0,0,0,1,0,0,1,9025
723,0,2015-07-02,-0.433883739117558,-0.9009688679024191,-0.4999999999999998,-0.8660254037844388,-0.008606996888688009,-0.9999629591162655,9025.0,6087.0,8361.0,7712.0,8476.0,3757.2508123183184,6734.733333333334,7102.5,3569.1723172025563,5650.0,1,1,0,0,0,1,0,0,1,8476
723,0,2015-07-03,-0.9749279121818236,-0.2225209339563146,-0.4999999999999998,-0.8660254037844388,-0.02581844022713239,-0.9996666485105112,8476.0,6460.0,8468.0,8054.857142857143,8860.0,3733.3886496752257,6637.166666666667,7102.5,3464.78104083354,5650.0,1,1,0,0,0,1,0,0,1,8860
723,0,2015-07-04,-0.7818314824680299,0.6234898018587334,-0.4999999999999998,-0.8660254037844388,-0.04302223300453034,-0.99907411510223,8860.0,8404.0,8246.0,7934.285714285715,8860.0,3733.8622860824107,6889.166666666667,7486.0,3232.5448614998686,5650.0,0,1,0,0,0,1,0,0,1,7560
723,0,2015-07-05,-2.4492935982947064e-16,1.0,-0.4999999999999998,-0.8660254037844388,-0.060213277365792774,-0.9981855344718586,7560.0,0.0,0.0,7934.285714285715,8860.0,3733.8622860824107,6517.733333333334,7102.5,3364.4063874968924,5650.0,0,1,0,0,0,1,0,0,1,0
723,0,2015-07-06,0.7818314824680298,0.6234898018587336,-0.4999999999999998,-0.8660254037844388,-0.07738647923346322,-0.9970011699250151,0.0,11727.0,5629.0,7299.142857142857,8476.0,3338.3783702356354,6513.366666666667,7037.0,3363.290522209108,5650.0,0,1,0,0,0,1,0,0,1,7281
723,0,2015-07-07,0.9749279121818236,-0.22252093395631434,-0.4999999999999998,-0.8660254037844388,-0.09453674981719933,-0.9955213724144752,7281.0,9892.0,5568.0,6781.285714285715,7560.0,3144.67272882705,6722.266666666666,7037.0,3131.417800881602,5650.0,0,1,0,0,0,1,0,0,1,6267
723,0,2015-07-08,0.43388373911755823,-0.900968867902419,-0.4999999999999998,-0.8660254037844388,-0.11165900712169444,-0.9937465804361781,6267.0,9025.0,5588.0,6451.857142857143,7281.0,2987.299863788446,6719.8,7000.0,3131.3893071771604,5650.0,0,1,0,0,0,1,0,0,1,6719
723,0,2015-07-09,-0.433883739117558,-0.9009688679024191,-0.4999999999999998,-0.8660254037844388,-0.12874817745258066,-0.99167731989929,6719.0,8476.0,6087.0,6139.571428571428,6719.0,2851.6121087987426,6722.033333333334,7000.0,3131.046640951888,5650.0,0,1,0,0,0,1,0,0,1,6290
723,0,2015-07-10,-0.9749279121818236,-0.2225209339563146,-0.4999999999999998,-0.8660254037844388,-0.14579919691987442,-0.9893142039703664,6290.0,8860.0,6460.0,5907.142857142857,6719.0,2652.2582471403125,6747.9,7257.0,3131.9868691097463,5650.0,0,1,0,0,0,1,0,0,1,7233
723,0,2015-07-11,-0.7818314824680299,0.6234898018587334,-0.4999999999999998,-0.8660254037844388,-0.16280701293851646,-0.9866579328916572,7233.0,7560.0,8404.0,5936.857142857143,6719.0,2674.9303684751253,6804.433333333333,7420.5,3134.671480156375,5650.0,0,1,0,0,0,1,0,0,1,7768
723,0,2015-07-12,-2.4492935982947064e-16,1.0,-0.4999999999999998,-0.8660254037844388,-0.17976658572556214,-0.9837092937736098,7768.0,0.0,0.0,5936.857142857143,6719.0,2674.9303684751253,6596.166666666667,7420.5,3371.52497046022,5650.0,0,1,0,0,0,1,0,0,1,0
723,0,2015-07-13,0.7818314824680298,0.6234898018587336,-0.4999999999999998,-0.8660254037844388,-0.19667288979357622,-0.9804691603616321,0.0,7281.0,11727.0,6574.285714285715,6719.0,3463.906355272214,6689.0,7420.5,3475.53684268022,5650.0,1,1,0,0,0,1,0,0,1,11743
723,0,2015-07-14,0.9749279121818236,-0.22252093395631434,-0.4999999999999998,-0.8660254037844388,-0.2135209154397959,-0.9769384927771817,11743.0,6267.0,9892.0,6973.0,7233.0,3581.2819864772814,6990.933333333333,7664.0,3261.245065111277,5650.0,1,1,0,0,0,1,0,0,1,9058
723,0,2015-07-15,0.43388373911755823,-0.900968867902419,-0.4999999999999998,-0.8660254037844388,-0.23030567023061196,-0.973118337233262,9058.0,6719.0,9025.0,7273.714285714285,7768.0,3644.2229493764376,6891.833333333333,7664.0,3153.5589865434904,5650.0,1,1,0,0,0,1,0,0,1,8824
723,0,2015-07-16,-0.433883739117558,-0.9009688679024191,-0.4999999999999998,-0.8660254037844388,-0.24702218048093527,-0.9690098257244063,8824.0,6290.0,8476.0,7568.142857142857,8351.0,3634.744348120026,6869.766666666666,7664.0,3140.49362124133,5650.0,1,1,0,0,0,1,0,0,1,8351
723,0,2015-07-17,-0.9749279121818236,-0.2225209339563146,-0.4999999999999998,-0.8660254037844388,-0.2636654927280072,-0.9646141756912435,8351.0,7233.0,8860.0,7683.0,8351.0,3635.0919291447544,6864.066666666667,7664.0,3138.1352681042213,5650.0,1,1,0,0,0,1,0,0,1,8037
723,0,2015-07-18,-0.7818314824680299,0.6234898018587334,-0.4999999999999998,-0.8660254037844388,-0.2802306751992161,-0.9599326896597445,8037.0,7768.0,7560.0,7774.714285714285,8410.0,3645.677427414815,6865.7,7664.0,3138.95390162897,5650.0,0,1,0,0,0,1,0,0,1,8410
723,0,2015-07-19,-2.4492935982947064e-16,1.0,-0.4999999999999998,-0.8660254037844388,-0.2967128192734901,-0.9549667548552553,8410.0,0.0,0.0,7774.714285714285,8410.0,3645.6774274148156,6583.433333333333,7420.5,3362.665985477158,5650.0,0,1,0,0,0,1,0,0,1,0
723,0,2015-07-20,0.7818314824680298,0.6234898018587336,-0.4999999999999998,-0.8660254037844388,-0.3131070409358267,-0.9497178427914317,0.0,11743.0,7281.0,7070.285714285715,8351.0,3200.306585015761,6535.633333333333,7257.0,3348.379551296453,5650.0,0,1,0,0,0,1,0,0,1,6812
723,0,2015-07-21,0.9749279121818236,-0.22252093395631434,-0.4999999999999998,-0.8660254037844388,-0.3294084822245302,-0.9441875088341994,6812.0,9058.0,6267.0,6734.285714285715,8037.0,3077.9646258680814,6759.166666666667,7257.0,3112.5620346493083,5650.0,0,1,0,0,0,1,0,0,1,6706
723,0,2015-07-22,0.43388373911755823,-0.900968867902419,-0.4999999999999998,-0.8660254037844388,-0.3456123126707333,-0.9383773917408642,6706.0,8824.0,6719.0,6320.571428571428,6812.0,2941.8891808463745,6769.133333333333,7257.0,3109.295360171114,5650.0,0,1,0,0,0,1,0,0,1,5928
723,0,2015-07-23,-0.433883739117558,-0.9009688679024191,-0.4999999999999998,-0.8660254037844388,-0.3617137307297674,-0.9322892131745134,5928.0,8351.0,6290.0,6086.142857142857,6710.0,2815.8062450253583,6807.2,7257.0,3101.062747755558,5650.0,0,1,0,0,0,1,0,0,1,6710
723,0,2015-07-24,-0.9749279121818236,-0.2225209339563146,-0.4999999999999998,-0.8660254037844388,-0.37770796520396466,-0.9259247771938499,6710.0,8037.0,7233.0,5974.285714285715,6710.0,2739.9224876071285,6862.733333333334,7267.5,3093.3843639270754,5650.0,0,1,0,0,0,1,0,0,1,7254
723,0,2015-07-25,-0.7818314824680299,0.6234898018587334,-0.4999999999999998,-0.8660254037844388,-0.39359027665646645,-0.9192859697186105,7254.0,8410.0,7768.0,5947.285714285715,6710.0,2712.7160260696724,6933.866666666667,7420.5,3099.4610514080373,5650.0,0,1,0,0,0,1,0,0,1,8221
723,0,2015-07-26,-2.4492935982947064e-16,1.0,-0.4999999999999998,-0.8660254037844388,-0.4093559588156211,-0.9123747579707274,8221.0,0.0,0.0,5947.285714285715,6710.0,2712.7160260696724,6718.533333333334,7420.5,3347.9587680620693,5650.0,0,1,0,0,0,1,0,0,1,0
723,0,2015-07-27,0.7818314824680298,0.6234898018587336,-0.4999999999999998,-0.8660254037844388,-0.42500033996955394,-0.9051931898913975,0.0,6812.0,11743.0,6663.285714285715,6710.0,3520.2371470440135,6832.533333333334,7420.5,3463.5596671367025,5650.0,1,1,0,0,0,1,0,0,1,11824
723,0,2015-07-28,0.9749279121818236,-0.22252093395631434,-0.4999999999999998,-0.8660254037844388,-0.4405187843504952,-0.8977433935342336,11824.0,6706.0,9058.0,7068.142857142857,7254.0,3685.076047545082,7150.533333333334,7664.0,3245.709451518755,5650.0,1,1,0,0,0,1,0,0,1,9540
723,0,2015-07-29,0.43388373911755823,-0.900968867902419,-0.4999999999999998,-0.8660254037844388,-0.455906693508459,-0.8900275764346766,9540.0,5928.0,8824.0,7665.857142857143,8221.0,3806.639306464932,7096.7,7664.0,3179.9130453303414,5650.0,1,1,0,0,0,1,0,0,1,10112
723,0,2015-07-30,-0.433883739117558,-0.9009688679024191,-0.4999999999999998,-0.8660254037844388,-0.47115950767386394,-0.8820480249558535,10112.0,6710.0,8351.0,8152.571428571428,9540.0,3881.134278238038,7104.2,7664.0,3186.9907155010155,5650.0,1,1,0,0,0,1,0,0,1,10117
723,0,2015-07-31,-0.9749279121818236,-0.2225209339563146,-0.4999999999999998,-0.8660254037844388,-0.4862727071086902,-0.8738071036110807,10117.0,7254.0,8037.0,8837.285714285714,10112.0,4112.106666672845,7204.933333333333,7664.0,3295.7013165358467,5650.0,1,1,0,0,0,1,0,0,1,12047
