Store,Cluster,Date,DayOfWeek_sin,DayOfWeek_cos,Month_sin,Month_cos,DayOfYear_sin,DayOfYear_cos,Sales_Lag_1,Sales_Lag_7,Sales_Lag_14,RollingMean_7,RollingMedian_7,RollingStd_7,RollingMean_30,RollingMedian_30,RollingStd_30,CompetitionDistance,Promo,Promo2,StoreType_a,StoreType_b,StoreType_c,StoreType_d,Assortment_a,Assortment_b,Assortment_c,Sales
1055,0,2013-01-30,0.43388373911755823,-0.900968867902419,0.49999999999999994,0.8660254037844387,0.4937755501599772,0.869589389346611,6045.0,8014.0,5873.0,6173.428571428572,6605.0,2984.787700833614,6404.2,7163.0,3189.0874967722298,1980.0,0,0,0,0,1,0,1,0,0,6605
1055,0,2013-01-31,-0.433883739117558,-0.9009688679024191,0.49999999999999994,0.8660254037844387,0.5086709438521044,0.8609610158889943,6605.0,8019.0,6233.0,6211.857142857143,6605.0,3014.097069249286,6680.466666666666,7324.0,2966.3824448636765,1980.0,0,0,0,0,1,0,1,0,0,8288
1055,0,2013-02-01,-0.9749279121818236,-0.2225209339563146,0.8660254037844386,0.5000000000000001,0.5234156073655503,0.8520775211013093,8288.0,9506.0,7075.0,6038.428571428572,6605.0,2821.753642515167,6710.3,7342.0,2978.313792203163,1980.0,0,0,0,0,1,0,1,0,0,8292
1055,0,2013-02-02,-0.7818314824680299,0.6234898018587334,0.8660254037844386,0.5000000000000001,0.5380051715382996,0.8429415373547828,8292.0,6960.0,7820.0,6185.571428571428,6605.0,2903.490477404902,6752.4,7506.0,2987.470497329437,1980.0,0,0,0,0,1,0,1,0,0,7990
1055,0,2013-02-03,-2.4492935982947064e-16,1.0,0.8660254037844386,0.5000000000000001,0.5524353131676196,0.8335557718385699,7990.0,0.0,0.0,6185.571428571428,6605.0,2903.490477404902,6499.766666666666,7342.0,3226.0862878698094,1980.0,0,0,0,0,1,0,1,0,0,0
1055,0,2013-02-04,0.7818314824680298,0.6234898018587336,0.8660254037844386,0.5000000000000001,0.5667017562911176,0.8239230057575542,0.0,6079.0,10303.0,7041.571428571428,7990.0,3653.2930741612113,6645.366666666667,7342.0,3377.288439820787,1980.0,1,0,0,0,1,0,1,0,0,12071
1055,0,2013-02-05,0.9749279121818236,-0.22252093395631434,0.8660254037844386,0.5000000000000001,0.5808002734538009,0.8140460935082178,12071.0,6045.0,8675.0,7662.285714285715,8288.0,3821.0190051994277,6991.7,7626.5,3200.4267835011824,1980.0,1,0,0,0,1,0,1,0,0,10390
1055,0,2013-02-06,0.43388373911755823,-0.900968867902419,0.8660254037844386,0.5000000000000001,0.5947266869607634,0.8039279618328213,10390.0,6605.0,8014.0,8087.142857142857,8292.0,3849.1023381463624,6941.233333333334,7626.5,3144.9810556233697,1980.0,1,0,0,0,1,0,1,0,0,9579
1055,0,2013-02-07,-0.433883739117558,-0.9009688679024191,0.8660254037844386,0.5000000000000001,0.6084768701151261,0.7935716089521474,9579.0,8288.0,8019.0,8182.142857142857,8953.0,3863.0670642453424,6907.766666666666,7626.5,3117.000245409849,1980.0,1,0,0,0,1,0,1,0,0,8953
1055,0,2013-02-08,-0.9749279121818236,-0.2225209339563146,0.8660254037844386,0.5000000000000001,0.6220467484408675,0.7829801036770629,8953.0,8292.0,9506.0,8248.0,8953.0,3869.176742753767,6923.133333333333,7626.5,3125.1853763867525,1980.0,1,0,0,0,1,0,1,0,0,8753
1055,0,2013-02-09,-0.7818314824680299,0.6234898018587334,0.8660254037844386,0.5000000000000001,0.6354323008901774,0.7721565844991642,8753.0,7990.0,6960.0,8162.571428571428,8953.0,3882.4016989977918,6921.766666666666,7606.0,3124.963676294641,1980.0,0,0,0,0,1,0,1,0,0,7392
1055,0,2013-02-10,-2.4492935982947064e-16,1.0,0.8660254037844386,0.5000000000000001,0.6486295610349814,0.7611042586607747,7392.0,0.0,0.0,8162.571428571428,8953.0,3882.4016989977918,6621.2,7321.5,3342.5531373281215,1980.0,0,0,0,0,1,0,1,0,0,0
1055,0,2013-02-11,0.7818314824680298,0.6234898018587336,0.8660254037844386,0.5000000000000001,0.6616346182422783,0.7498264012045686,0.0,12071.0,6079.0,7348.0,8753.0,3505.582595423095,6591.8,7233.5,3340.700983636363,1980.0,0,0,0,0,1,0,1,0,0,6369
1055,0,2013-02-12,0.9749279121818236,-0.22252093395631434,0.8660254037844386,0.5000000000000001,0.6744436188329455,0.7383263540031065,6369.0,10390.0,6045.0,6697.571428571428,7392.0,3260.945969967551,6786.366666666667,7233.5,3105.225956388663,1980.0,0,0,0,0,1,0,1,0,0,5837
1055,0,2013-02-13,0.43388373911755823,-0.900968867902419,0.8660254037844386,0.5000000000000001,0.6870527672236669,0.7266075247685656,5837.0,9579.0,6605.0,6334.142857142857,7035.0,3019.0858676411426,6827.066666666667,7233.5,3100.039186997406,1980.0,0,0,0,0,1,0,1,0,0,7035
1055,0,2013-02-14,-0.433883739117558,-0.9009688679024191,0.8660254037844386,0.5000000000000001,0.6994583270516471,0.7146733860429609,7035.0,8953.0,8288.0,6046.857142857143,6942.0,2817.286604079146,6836.6,7233.5,3099.9347334620024,1980.0,0,0,0,0,1,0,1,0,0,6942
1055,0,2013-02-15,-0.9749279121818236,-0.2225209339563146,0.8660254037844386,0.5000000000000001,0.7116566222817746,0.702527474169157,6942.0,8753.0,8292.0,5804.0,6942.0,2610.8389456264813,6875.933333333333,7233.5,3094.7684213215684,1980.0,0,0,0,0,1,0,1,0,0,7053
1055,0,2013-02-16,-0.7818314824680299,0.6234898018587334,0.8660254037844386,0.5000000000000001,0.7236440382959124,0.6901733882429719,7053.0,7392.0,7990.0,5754.0,6942.0,2578.509905610861,6902.9,7233.5,3092.496785603101,1980.0,0,0,0,0,1,0,1,0,0,7042
1055,0,2013-02-17,-2.4492935982947064e-16,1.0,0.8660254037844386,0.5000000000000001,0.7354170229639855,0.6776147890466889,7042.0,0.0,0.0,5754.0,6942.0,2578.509905610861,6667.066666666667,7222.5,3338.87470134241,1980.0,0,0,0,0,1,0,1,0,0,0
1055,0,2013-02-18,0.7818314824680298,0.6234898018587336,0.8660254037844386,0.5000000000000001,0.7469720876965552,0.6648553979642865,0.0,6369.0,12071.0,6359.571428571428,7035.0,3175.6457011208936,6760.0,7222.5,3410.1119710608345,1980.0,1,0,0,0,1,0,1,0,0,10608
1055,0,2013-02-19,0.9749279121818236,-0.22252093395631434,0.8660254037844386,0.5000000000000001,0.7583058084785625,0.6518989958787126,10608.0,5837.0,10390.0,6748.142857142857,7042.0,3266.1662250295526,7045.233333333334,7691.0,3174.944546714579,1980.0,1,0,0,0,1,0,1,0,0,8557
1055,0,2013-02-20,0.43388373911755823,-0.900968867902419,0.8660254037844386,0.5000000000000001,0.7694148268839378,0.6387494220515272,8557.0,7035.0,9579.0,6888.285714285715,7053.0,3301.382170863474,6969.0,7691.0,3121.023881511565,1980.0,1,0,0,0,1,0,1,0,0,8016
1055,0,2013-02-21,-0.433883739117558,-0.9009688679024191,0.8660254037844386,0.5000000000000001,0.7802958510707755,0.6254105729852463,8016.0,6942.0,8953.0,7120.142857142857,8016.0,3362.214717938727,6965.333333333333,7691.0,3119.0144811034993,1980.0,1,0,0,0,1,0,1,0,0,8565
1055,0,2013-02-22,-0.9749279121818236,-0.2225209339563146,0.8660254037844386,0.5000000000000001,0.7909456567567772,0.6118864012687243,8565.0,7053.0,8753.0,7414.571428571428,8557.0,3444.586760756787,7002.0,7691.0,3138.174419890515,1980.0,1,0,0,0,1,0,1,0,0,9114
1055,0,2013-02-23,-0.7818314824680299,0.6234898018587334,0.8660254037844386,0.5000000000000001,0.8013610881746766,0.5981809144059164,9114.0,7042.0,7392.0,7403.142857142857,8557.0,3446.1612667126383,6966.766666666666,7222.5,3132.2906202785616,1980.0,0,0,0,0,1,0,1,0,0,6962
1055,0,2013-02-24,-2.4492935982947064e-16,1.0,0.8660254037844386,0.5000000000000001,0.8115390590073611,0.5842981736283683,6962.0,0.0,0.0,7403.142857142857,8557.0,3446.1612667126383,6649.9,7047.5,3340.4629490226503,1980.0,0,0,0,0,1,0,1,0,0,0
1055,0,2013-02-25,0.7818314824680298,0.6234898018587336,0.8660254037844386,0.5000000000000001,0.8214765533024142,0.5702422926917871,0.0,10608.0,6369.0,6754.0,8016.0,3157.7590682845516,6620.033333333334,7047.5,3341.6000966224433,1980.0,0,0,0,0,1,0,1,0,0,6064
1055,0,2013-02-26,0.9749279121818236,-0.22252093395631434,0.8660254037844386,0.5000000000000001,0.8311706263658079,0.5560174366570446,6064.0,8557.0,5837.0,6380.0,6962.0,3062.214285991972,6818.0,7047.5,3103.311279351738,1980.0,0,0,0,0,1,0,1,0,0,5939
1055,0,2013-02-27,0.43388373911755823,-0.900968867902419,0.8660254037844386,0.5000000000000001,0.8406184056344782,0.5416278206559814,5939.0,8016.0,7035.0,6094.0,6064.0,2976.2343657716187,6815.833333333333,7047.5,3103.86766607498,1980.0,0,0,0,0,1,0,1,0,0,6014
1055,0,2013-02-28,-0.433883739117558,-0.9009688679024191,0.8660254037844386,0.5000000000000001,0.8498170915275278,0.5270777086423722,6014.0,8565.0,6942.0,6001.571428571428,6064.0,2895.6622649026153,6878.266666666666,7222.5,3106.664082185299,1980.0,0,0,0,0,1,0,1,0,0,7918
1055,0,2013-03-01,-0.9749279121818236,-0.2225209339563146,1.0,6.123233995736766e-17,0.8587639582758029,0.5123714121284237,7918.0,9114.0,7053.0,5897.285714285715,6064.0,2775.5415516186918,6937.566666666667,7655.0,3118.225364921012,1980.0,0,0,0,0,1,0,1,0,0,8384
1055,0,2013-03-02,-0.7818314824680299,0.6234898018587334,1.0,6.123233995736766e-17,0.8674563547295968,0.49751328890718066,8384.0,6962.0,7042.0,6060.857142857143,6064.0,2880.501022887708,6931.533333333334,7655.0,3115.6964432429513,1980.0,0,0,0,0,1,0,1,0,0,8107
1055,0,2013-03-03,-2.4492935982947064e-16,1.0,1.0,6.123233995736766e-17,0.8758917051442429,0.48250774176121847,8107.0,0.0,0.0,6060.857142857143,6064.0,2880.501022887708,6655.133333333333,7222.5,3349.8468388387782,1980.0,0,0,0,0,1,0,1,0,0,0
1055,0,2013-03-04,0.7818314824680298,0.6234898018587336,1.0,6.123233995736766e-17,0.8840675099433636,0.46735921715800227,0.0,6064.0,10608.0,6841.428571428572,7918.0,3545.1449362540316,6773.066666666667,7222.5,3458.9636372298214,1980.0,1,0,0,0,1,0,1,0,0,11528
1055,0,2013-03-05,0.9749279121818236,-0.22252093395631434,1.0,6.123233995736766e-17,0.8919813464595485,0.45207220393230435,11528.0,5939.0,8557.0,7285.857142857143,8107.0,3607.6102167765375,7074.733333333334,7655.0,3235.30291640822,1980.0,1,0,0,0,1,0,1,0,0,9050
1055,0,2013-03-06,0.43388373911755823,-0.900968867902419,1.0,6.123233995736766e-17,0.8996308696522433,0.43665123195606403,9050.0,6014.0,8016.0,7643.285714285715,8384.0,3584.467729630423,6956.233333333334,7655.0,3108.6179730386366,1980.0,1,0,0,0,1,0,1,0,0,8516
1055,0,2013-03-07,-0.433883739117558,-0.9009688679024191,1.0,6.123233995736766e-17,0.9070138128026359,0.4211008707960896,8516.0,7918.0,8565.0,7680.428571428572,8384.0,3589.1328505709557,6882.5,7655.0,3050.0453784074784,1980.0,1,0,0,0,1,0,1,0,0,8178
1055,0,2013-03-08,-0.9749279121818236,-0.2225209339563146,1.0,6.123233995736766e-17,0.9141279881853337,0.40542572835999735,8178.0,8384.0,9114.0,7729.428571428572,8516.0,3602.655032849282,6854.1,7655.0,3027.958221253253,1980.0,1,0,0,0,1,0,1,0,0,8727
1055,0,2013-03-09,-0.7818314824680299,0.6234898018587334,1.0,6.123233995736766e-17,0.9209712877166346,0.38963044953078796,8727.0,8107.0,6962.0,7609.714285714285,8516.0,3601.9405285801913,6797.966666666666,7330.5,3003.2145477038803,1980.0,0,0,0,0,1,0,1,0,0,7269
1055,0,2013-03-10,-2.4492935982947064e-16,1.0,1.0,6.123233995736766e-17,0.9275416835791966,0.37371971479046906,7269.0,0.0,0.0,7609.714285714285,8516.0,3601.9405285801913,6506.2,7161.0,3223.8122260711016,1980.0,0,0,0,0,1,0,1,0,0,0
1055,0,2013-03-11,0.7818314824680298,0.6234898018587336,1.0,6.123233995736766e-17,0.9338372288229252,0.35769823883312546,0.0,11528.0,6064.0,6822.714285714285,8178.0,3180.29556877374,6460.433333333333,7047.5,3220.547594081963,1980.0,0,0,0,0,1,0,1,0,0,6019
1055,0,2013-03-12,0.9749279121818236,-0.22252093395631434,1.0,6.123233995736766e-17,0.9398560579418954,0.3415707691678556,6019.0,9050.0,5939.0,6338.142857142857,7269.0,3039.675718919777,6649.033333333334,7047.5,2986.3221467831986,1980.0,0,0,0,0,1,0,1,0,0,5658
1055,0,2013-03-13,0.43388373911755823,-0.900968867902419,1.0,6.123233995736766e-17,0.9455963874271426,0.3253420847119801,5658.0,8516.0,6014.0,6010.428571428572,6222.0,2885.4930749725036,6644.133333333333,7047.5,2986.918014105593,1980.0,0,0,0,0,1,0,1,0,0,6222
1055,0,2013-03-14,-0.433883739117558,-0.9009688679024191,1.0,6.123233995736766e-17,0.9510565162951535,0.30901699437494745,6222.0,8178.0,7918.0,5688.428571428572,6019.0,2724.571456036272,6647.033333333334,7047.5,2986.1494810187414,1980.0,0,0,0,0,1,0,1,0,0,5924
1055,0,2013-03-15,-0.9749279121818236,-0.2225209339563146,1.0,6.123233995736766e-17,0.9562348265919056,0.29260033563334836,5924.0,8727.0,8384.0,5434.428571428572,6019.0,2464.55708374702,6644.166666666667,7047.5,2985.805454587367,1980.0,0,0,0,0,1,0,1,0,0,6949
1055,0,2013-03-16,-0.7818314824680299,0.6234898018587334,1.0,6.123233995736766e-17,0.9611297838723007,0.27609697309746883,6949.0,7269.0,8107.0,5558.428571428572,6019.0,2590.8447050555305,6684.0,7161.0,2997.862675422216,1980.0,0,0,0,0,1,0,1,0,0,8137
1055,0,2013-03-17,-2.4492935982947064e-16,1.0,1.0,6.123233995736766e-17,0.9657399376548549,0.2595117970697999,8137.0,0.0,0.0,5558.428571428572,6019.0,2590.8447050555305,6448.9,7155.5,3235.0972521756553,1980.0,0,0,0,0,1,0,1,0,0,0
1055,0,2013-03-18,0.7818314824680298,0.6234898018587336,1.0,6.123233995736766e-17,0.970063921851507,0.2428497220959356,0.0,6019.0,11528.0,6283.285714285715,6222.0,3342.062422830433,6583.933333333333,7593.5,3343.437472622051,1980.0,1,0,0,0,1,0,1,0,0,11093
1055,0,2013-03-19,0.9749279121818236,-0.22252093395631434,1.0,6.123233995736766e-17,0.9741004551724205,0.22611568550828828,11093.0,5658.0,9050.0,6605.428571428572,6949.0,3380.2081226428854,6847.7,7915.5,3110.104246506525,1980.0,1,0,0,0,1,0,1,0,0,7913
1055,0,2013-03-20,0.43388373911755823,-0.900968867902419,1.0,6.123233995736766e-17,0.9778483415056568,0.20931464596304847,7913.0,6222.0,8516.0,6938.857142857143,7913.0,3450.466897323287,6779.3,7915.5,3046.4664681199597,1980.0,1,0,0,0,1,0,1,0,0,8556
1055,0,2013-03-21,-0.433883739117558,-0.9009688679024191,1.0,6.123233995736766e-17,0.9813064702716093,0.19245158197082998,8556.0,5924.0,8178.0,7265.857142857143,8137.0,3446.7214580705227,6767.833333333333,7915.5,3040.1855329424607,1980.0,1,0,0,0,1,0,1,0,0,8213
1055,0,2013-03-22,-0.9749279121818236,-0.2225209339563146,1.0,6.123233995736766e-17,0.9844738167520922,0.1755314904214282,8213.0,6949.0,8727.0,7574.571428571428,8213.0,3509.8116215899104,6804.3,7915.5,3062.155226476031,1980.0,1,0,0,0,1,0,1,0,0,9110
1055,0,2013-03-23,-0.7818314824680299,0.6234898018587334,1.0,6.123233995736766e-17,0.9873494423939864,0.15855938510313478,9110.0,8137.0,7269.0,7457.428571428572,8213.0,3501.5859672031847,6762.7,7615.0,3045.844678155514,1980.0,0,0,0,0,1,0,1,0,0,7317
1055,0,2013-03-24,-2.4492935982947064e-16,1.0,1.0,6.123233995736766e-17,0.989932495087353,0.141540295217043,7317.0,0.0,0.0,7457.428571428572,8213.0,3501.5859672031847,6458.9,7293.0,3250.859783885295,1980.0,0,0,0,0,1,0,1,0,0,0
1055,0,2013-03-25,0.7818314824680298,0.6234898018587336,1.0,6.123233995736766e-17,0.9922222094179323,0.12447926388678915,0.0,11093.0,6019.0,7539.0,8213.0,3605.503016223947,6615.633333333333,7615.0,3386.472006974659,1980.0,1,0,0,0,1,0,1,0,0,11664
1055,0,2013-03-26,0.9749279121818236,-0.22252093395631434,1.0,6.123233995736766e-17,0.994217906893952,0.10738134666416309,11664.0,7913.0,5658.0,7888.0,8556.0,3762.554938690815,6960.833333333333,7915.5,3212.1881797769634,1980.0,1,0,0,0,1,0,1,0,0,10356
1055,0,2013-03-27,0.43388373911755823,-0.900968867902419,1.0,6.123233995736766e-17,0.995918996147179,0.09025161003104117,10356.0,8556.0,6222.0,8206.142857142857,9110.0,3919.336994466086,7118.133333333333,8012.5,3281.551270394823,1980.0,1,0,0,0,1,0,1,0,0,10783
1055,0,2013-03-28,-0.433883739117558,-0.9009688679024191,1.0,6.123233995736766e-17,0.9973249731081555,0.07309512989807777,10783.0,8213.0,5924.0,8930.142857142857,10356.0,4363.71613148592,7362.866666666667,8122.0,3459.53216623222,1980.0,1,0,0,0,1,0,1,0,0,13281
1055,0,2013-03-29,-0.9749279121818236,-0.2225209339563146,1.0,6.123233995736766e-17,0.9984354211555643,0.055916990100603484,13281.0,9110.0,6949.0,7628.714285714285,10356.0,5509.252814259711,7162.4,8122.0,3705.8633839754057,1980.0,1,0,0,0,1,0,1,0,0,0
1055,0,2013-03-30,-0.7818314824680299,0.6234898018587334,1.0,6.123233995736766e-17,0.9992500112396835,0.03872228089217446,0.0,7317.0,8137.0,8163.857142857143,10783.0,5653.961838940058,7267.233333333334,8157.5,3771.871059369042,1980.0,0,0,0,0,1,0,1,0,0,11063
1055,0,2013-03-31,-2.4492935982947064e-16,1.0,1.0,6.123233995736766e-17,0.9997685019798909,0.021516097436222254,11063.0,0.0,0.0,8163.857142857143,10783.0,5653.961838940058,6987.766666666666,8122.0,3990.5309964130493,1980.0,0,0,0,0,1,0,1,0,0,0
1055,0,2013-04-01,0.7818314824680298,0.6234898018587336,0.8660254037844387,-0.49999999999999983,0.9999907397361901,0.004303538296244289,0.0,11664.0,11093.0,6497.571428571428,10356.0,6147.705719945255,6717.533333333334,8025.0,4182.027265642191,1980.0,0,0,0,0,1,0,1,0,0,0
1055,0,2013-04-02,0.9749279121818236,-0.22252093395631434,0.8660254037844387,-0.49999999999999983,0.9999166586547379,-0.01291029607500882,0.0,10356.0,7913.0,6164.0,8021.0,5964.061647345148,6984.9,8079.0,3989.730060439228,1980.0,0,0,0,0,1,0,1,0,0,8021
1055,0,2013-04-03,0.43388373911755823,-0.900968867902419,0.8660254037844387,-0.49999999999999983,0.9995462806873573,-0.030120304846908114,8021.0,10783.0,8556.0,5583.142857142857,6717.0,5627.744824485542,6824.533333333334,7967.0,3896.421530100392,1980.0,0,0,0,0,1,0,1,0,0,6717
1055,0,2013-04-04,-0.433883739117558,-0.9009688679024191,0.8660254037844387,-0.49999999999999983,0.9988797155850336,-0.04732138832243185,6717.0,13281.0,8213.0,4594.571428571428,6361.0,4555.879236661966,6734.9,7615.0,3874.327789080497,1980.0,0,0,0,0,1,0,1,0,0,6361
1055,0,2013-04-05,-0.9749279121818236,-0.2225209339563146,0.8660254037844387,-0.49999999999999983,0.9979171608653922,-0.06450844944931623,6361.0,0.0,9110.0,5658.428571428572,6717.0,4156.118616254949,6699.266666666666,7382.0,3862.278833604034,1980.0,0,0,0,0,1,0,1,0,0,7447
1055,0,2013-04-06,-0.7818314824680299,0.6234898018587334,0.8660254037844387,-0.49999999999999983,0.9966589017541702,-0.08167639533042241,7447.0,11063.0,7317.0,5052.0,6717.0,3492.870261928815,6653.933333333333,7293.0,3852.2923218952797,1980.0,0,0,0,0,1,0,1,0,0,6818
1055,0,2013-04-07,-2.4492935982947064e-16,1.0,0.8660254037844387,-0.49999999999999983,0.9951053111006976,-0.09882013873287143,6818.0,0.0,0.0,5052.0,6717.0,3492.870261928815,6363.033333333334,7109.0,4016.3590776012393,1980.0,0,0,0,0,1,0,1,0,0,0
1055,0,2013-04-08,0.7818314824680298,0.6234898018587336,0.8660254037844387,-0.49999999999999983,0.9932568492674143,-0.11593459959550041,0.0,0.0,11664.0,6602.714285714285,6818.0,3279.226469473438,6482.566666666667,7133.0,4096.808721712407,1980.0,1,0,0,0,1,0,1,0,0,10855
1055,0,2013-04-09,0.9749279121818236,-0.22252093395631434,0.8660254037844387,-0.49999999999999983,0.9911140639934547,-0.1330147065341959,10855.0,8021.0,10356.0,6726.142857142857,6818.0,3356.8489405279765,6778.733333333334,7382.0,3929.7625788890573,1980.0,1,0,0,0,1,0,1,0,0,8885
1055,0,2013-04-10,0.43388373911755823,-0.900968867902419,0.8660254037844387,-0.49999999999999983,0.9886775902323405,-0.1500553983446526,8885.0,6717.0,10783.0,6935.285714285715,7447.0,3401.493530509095,6850.8,7680.0,3935.1700344457786,1980.0,1,0,0,0,1,0,1,0,0,8181
1055,0,2013-04-11,-0.433883739117558,-0.9009688679024191,0.8660254037844387,-0.49999999999999983,0.9859481499638304,-0.16705162550211924,8181.0,6361.0,13281.0,7153.0,7885.0,3407.3769481327795,6925.033333333334,7899.0,3932.897558511678,1980.0,1,0,0,0,1,0,1,0,0,7885
1055,0,2013-04-12,-0.9749279121818236,-0.2225209339563146,0.8660254037844387,-0.49999999999999983,0.9829265519799822,-0.18399835165768005,7885.0,7447.0,0.0,7252.285714285715,8142.0,3427.4379991613596,6989.033333333334,7967.0,3936.682854307963,1980.0,1,0,0,0,1,0,1,0,0,8142
1055,0,2013-04-13,-0.7818314824680299,0.6234898018587334,0.8660254037844387,-0.49999999999999983,0.9796136916454901,-0.20089055513063506,8142.0,6818.0,11063.0,7237.571428571428,8142.0,3429.8334195284574,7015.4,7967.0,3931.9497102757973,1980.0,0,0,0,0,1,0,1,0,0,6715
1055,0,2013-04-14,-2.4492935982947064e-16,1.0,0.8660254037844387,-0.49999999999999983,0.9760105506323683,-0.21772323039653177,6715.0,0.0,0.0,7237.571428571428,8142.0,3429.8334195284574,6783.766666666666,7967.0,4135.41656729494,1980.0,0,0,0,0,1,0,1,0,0,0
1055,0,2013-04-15,0.7818314824680298,0.6234898018587336,0.8660254037844387,-0.49999999999999983,0.9721181966290613,-0.23449138957040985,0.0,10855.0,0.0,6504.857142857143,7885.0,3055.691707211937,6703.4,7899.0,4131.636985422405,1980.0,0,0,0,0,1,0,1,0,0,5726
1055,0,2013-04-16,0.9749279121818236,-0.22252093395631434,0.8660254037844387,-0.49999999999999983,0.9679377830240642,-0.25119006388481935,5726.0,8885.0,8021.0,6074.428571428572,6715.0,2871.1802948812324,6899.133333333333,7899.0,3937.6546908493397,1980.0,0,0,0,0,1,0,1,0,0,5872
1055,0,2013-04-17,0.43388373911755823,-0.900968867902419,0.8660254037844387,-0.49999999999999983,0.9634705485641488,-0.2678143051621742,5872.0,8181.0,6717.0,5721.571428571428,5872.0,2716.767003697768,6719.733333333334,7666.0,3861.865825035187,1980.0,0,0,0,0,1,0,1,0,0,5711
1055,0,2013-04-18,-0.433883739117558,-0.9009688679024191,0.8660254037844387,-0.49999999999999983,0.9587178169872964,-0.2843591872810034,5711.0,7885.0,6361.0,5373.571428571428,5726.0,2543.982498442344,6637.6,7382.0,3861.814488660425,1980.0,0,0,0,0,1,0,1,0,0,5449
1055,0,2013-04-19,-0.9749279121818236,-0.2225209339563146,0.8660254037844387,-0.49999999999999983,0.9536809966304457,-0.30081980763566735,5449.0,8142.0,7447.0,5186.857142857143,5726.0,2347.2900281368034,6580.233333333334,7076.0,3845.080616018103,1980.0,0,0,0,0,1,0,1,0,0,6835
1055,0,2013-04-20,-0.7818314824680299,0.6234898018587334,0.8660254037844387,-0.49999999999999983,0.9483615800121715,-0.3171912885891061,6835.0,6715.0,6818.0,5155.285714285715,5726.0,2324.6880589508287,6522.933333333333,6826.5,3832.6983106200614,1980.0,0,0,0,0,1,0,1,0,0,6494
1055,0,2013-04-21,-2.4492935982947064e-16,1.0,0.8660254037844387,-0.49999999999999983,0.9427611433904207,-0.3334687789181868,6494.0,0.0,0.0,5155.285714285715,5726.0,2324.6880589508287,6219.266666666666,6767.5,3978.767162493091,1980.0,0,0,0,0,1,0,1,0,0,0
1055,0,2013-04-22,0.7818314824680298,0.6234898018587336,0.8660254037844387,-0.49999999999999983,0.9368813462954315,-0.3496474552512284,0.0,5726.0,10855.0,5705.714285714285,5872.0,2873.667210742266,6294.666666666667,6767.5,4021.4909341354137,1980.0,1,0,0,0,1,0,1,0,0,9579
1055,0,2013-04-23,0.9749279121818236,-0.22252093395631434,0.8660254037844387,-0.49999999999999983,0.9307239310379795,-0.36572252349726897,9579.0,5872.0,8885.0,6068.0,6494.0,3052.4230812039577,6574.933333333333,6826.5,3857.30903997658,1980.0,1,0,0,0,1,0,1,0,0,8408
1055,0,2013-04-24,0.43388373911755823,-0.900968867902419,0.8660254037844387,-0.49999999999999983,0.9242907221930934,-0.3816892202666588,8408.0,5711.0,8181.0,6362.285714285715,6835.0,3111.0087171358473,6445.166666666667,6826.5,3744.0202998577765,1980.0,1,0,0,0,1,0,1,0,0,7771
1055,0,2013-04-25,-0.433883739117558,-0.9009688679024191,0.8660254037844387,-0.49999999999999983,0.9175836260593937,-0.39754281428255595,7771.0,5449.0,7885.0,6637.857142857143,7378.0,3102.049291923615,6345.9,6826.5,3675.608777632201,1980.0,1,0,0,0,1,0,1,0,0,7378
1055,0,2013-04-26,-0.9749279121818236,-0.2225209339563146,0.8660254037844387,-0.49999999999999983,0.9106046300942163,-0.4132786077829042,7378.0,6835.0,8142.0,6785.285714285715,7771.0,3137.3034979254444,6248.7,6826.5,3591.826690677329,1980.0,1,0,0,0,1,0,1,0,0,7867
1055,0,2013-04-27,-0.7818314824680299,0.6234898018587334,0.8660254037844387,-0.49999999999999983,0.9033558023246845,-0.4288919379124835,7867.0,6494.0,6715.0,6897.428571428572,7771.0,3139.1855024906713,6048.633333333333,6826.5,3345.3149172241297,1980.0,0,0,0,0,1,0,1,0,0,7279
1055,0,2013-04-28,-2.4492935982947064e-16,1.0,0.8660254037844387,-0.49999999999999983,0.895839290734909,-0.4443781781046132,7279.0,0.0,0.0,6897.428571428572,7771.0,3139.1855024906713,6048.633333333333,6826.5,3345.3149172241297,1980.0,0,0,0,0,1,0,1,0,0,0
1055,0,2013-04-29,0.7818314824680298,0.6234898018587336,0.8660254037844387,-0.49999999999999983,0.8880573226294932,-0.45973273945210397,0.0,9579.0,5726.0,6994.285714285715,7771.0,3244.4090224202455,6021.766666666666,6826.5,3306.668535814727,1980.0,1,0,0,0,1,0,1,0,0,10257
1055,0,2013-04-30,0.9749279121818236,-0.22252093395631434,0.8660254037844387,-0.49999999999999983,0.8800122039735357,-0.47495107206704995,10257.0,8408.0,5872.0,7233.857142857143,7771.0,3423.188203442876,6357.933333333333,7057.0,3183.717182610692,1980.0,1,0,0,0,1,0,1,0,0,10085
1055,0,2013-05-01,0.43388373911755823,-0.900968867902419,0.49999999999999994,-0.8660254037844387,0.8717063187093218,-0.49002866642905923,10085.0,7771.0,5711.0,6123.714285714285,7378.0,4353.5914566514575,6357.933333333333,7057.0,3183.717182610692,1980.0,1,0,0,0,1,0,1,0,0,0
1055,0,2013-05-02,-0.433883739117558,-0.9009688679024191,0.49999999999999994,-0.8660254037844387,0.8631421280499114,-0.5049610547215204,0.0,7378.0,5449.0,6627.571428571428,7867.0,4712.26958259474,6454.066666666667,7057.0,3277.8166296288223,1980.0,1,0,0,0,1,0,1,0,0,10905
1055,0,2013-05-03,-0.9749279121818236,-0.2225209339563146,0.49999999999999994,-0.8660254037844387,0.854322169749827,-0.5197438121555155,10905.0,7867.0,6835.0,6827.714285714285,9268.0,4802.572009326033,6539.1,7328.5,3317.719099643295,1980.0,1,0,0,0,1,0,1,0,0,9268
1055,0,2013-05-04,-0.7818314824680299,0.6234898018587334,0.49999999999999994,-0.8660254037844387,0.8452490573530633,-0.5343725582809787,9268.0,7279.0,6494.0,6796.857142857143,9268.0,4799.8823398277655,6562.5,7328.5,3318.895046184226,1980.0,0,0,0,0,1,0,1,0,0,7063
1055,0,2013-05-05,-2.4492935982947064e-16,1.0,0.49999999999999994,-0.8660254037844387,0.835925479418637,-0.548842958284719,7063.0,0.0,0.0,6796.857142857143,9268.0,4799.8823398277655,6314.266666666666,7171.0,3522.6965468117637,1980.0,0,0,0,0,1,0,1,0,0,0
1055,0,2013-05-06,0.7818314824680298,0.6234898018587336,0.49999999999999994,-0.8660254037844387,0.8263541987239096,-0.5631507242749186,0.0,10257.0,9579.0,6370.0,7269.0,4568.152507670176,6329.3,7274.0,3525.881285286137,1980.0,0,0,0,0,1,0,1,0,0,7269
1055,0,2013-05-07,0.9749279121818236,-0.22252093395631434,0.49999999999999994,-0.8660254037844387,0.8165380514459161,-0.5772916165517272,7269.0,10085.0,8408.0,5922.857142857143,7063.0,4288.541843430833,6561.133333333333,7274.0,3317.8845954170456,1980.0,0,0,0,0,1,0,1,0,0,6955
1055,0,2013-05-08,0.43388373911755823,-0.900968867902419,0.49999999999999994,-0.8660254037844387,0.8064799463209448,-0.5912614448635781,6955.0,0.0,7771.0,7112.142857142857,7269.0,3443.321963287361,6476.8,7274.0,3236.126669444452,1980.0,0,0,0,0,1,0,1,0,0,8325
1055,0,2013-05-09,-0.433883739117558,-0.9009688679024191,0.49999999999999994,-0.8660254037844387,0.7961828637826158,-0.6050560696488488,8325.0,10905.0,7378.0,5554.285714285715,7063.0,3880.4461820038896,6180.633333333333,7166.0,3410.030988668306,1980.0,0,0,0,0,1,0,1,0,0,0
1055,0,2013-05-10,-0.9749279121818236,-0.2225209339563146,0.49999999999999994,-0.8660254037844387,0.7856498550787145,-0.6186714032625031,0.0,9268.0,7867.0,5487.285714285715,7063.0,3809.0298289847024,6201.233333333334,7166.0,3424.3684309044047,1980.0,0,0,0,0,1,0,1,0,0,8799
1055,0,2013-05-11,-0.7818314824680299,0.6234898018587334,0.49999999999999994,-0.8660254037844387,0.7748840413670407,-0.6321034111873487,8799.0,7063.0,7279.0,5448.428571428572,6955.0,3791.624008132612,6164.766666666666,7009.0,3411.6207866575683,1980.0,0,0,0,0,1,0,1,0,0,6791
1055,0,2013-05-12,-2.4492935982947064e-16,1.0,0.49999999999999994,-0.8660254037844387,0.7638886127905428,-0.6453481132295501,6791.0,0.0,0.0,5448.428571428572,6955.0,3791.624008132612,5893.366666666667,6895.0,3569.123783935975,1980.0,0,0,0,0,1,0,1,0,0,0
1055,0,2013-05-13,0.7818314824680298,0.6234898018587336,0.49999999999999994,-0.8660254037844387,0.7526668275320084,-0.6584015846980488,0.0,7269.0,10257.0,5852.714285714285,6955.0,4151.860655749648,6006.166666666667,7009.0,3648.576709587878,1980.0,1,0,0,0,1,0,1,0,0,10099
1055,0,2013-05-14,0.9749279121818236,-0.22252093395631434,0.49999999999999994,-0.8660254037844387,0.741222010848596,-0.6712599575675313,10099.0,6955.0,10085.0,6130.571428571428,8325.0,4300.3520343162145,6302.833333333333,7166.0,3502.2709291143547,1980.0,1,0,0,0,1,0,1,0,0,8900
1055,0,2013-05-15,0.43388373911755823,-0.900968867902419,0.49999999999999994,-0.8660254037844387,0.7295575540864875,-0.6839194216246106,8900.0,8325.0,0.0,6049.142857142857,7755.0,4257.053027176249,6370.466666666666,7274.0,3510.329444538701,1980.0,1,0,0,0,1,0,1,0,0,7755
1055,0,2013-05-16,-0.433883739117558,-0.9009688679024191,0.49999999999999994,-0.8660254037844387,0.717676913675962,-0.6963762255968722,7755.0,0.0,10905.0,7192.142857142857,8001.0,3336.8517312266745,6441.433333333333,7328.5,3521.4076993522713,1980.0,1,0,0,0,1,0,1,0,0,8001
1055,0,2013-05-17,-0.9749279121818236,-0.2225209339563146,0.49999999999999994,-0.8660254037844387,0.705583610107178,-0.7086266782644596,8001.0,8799.0,9268.0,7142.857142857143,8001.0,3311.6150857535445,6532.866666666667,7566.5,3537.362856932998,1980.0,1,0,0,0,1,0,1,0,0,8454
1055,0,2013-05-18,-0.7818314824680299,0.6234898018587334,0.49999999999999994,-0.8660254037844387,0.6932812268869777,-0.7206671495538609,8454.0,6791.0,7063.0,7172.714285714285,8001.0,3308.855074608419,6584.566666666667,7566.5,3532.3060913500253,1980.0,0,0,0,0,1,0,1,0,0,7000
1055,0,2013-05-19,-2.4492935982947064e-16,1.0,0.49999999999999994,-0.8660254037844387,0.6807734094770161,-0.7324940716135789,7000.0,0.0,0.0,7172.714285714285,8001.0,3308.855074608419,6356.733333333334,7566.5,3730.466199333242,1980.0,0,0,0,0,1,0,1,0,0,0
1055,0,2013-05-20,0.7818314824680298,0.6234898018587336,0.49999999999999994,-0.8660254037844387,0.6680638642135335,-0.7441039398713607,0.0,10099.0,7269.0,5730.0,7755.0,3958.2370233897473,6140.266666666666,7566.5,3906.4864090852534,1980.0,0,0,0,0,1,0,1,0,0,0
1055,0,2013-05-21,0.9749279121818236,-0.22252093395631434,0.49999999999999994,-0.8660254037844387,0.6551563572090853,-0.7554933140726803,0.0,8900.0,6955.0,5537.428571428572,7552.0,3808.2594386912438,6392.0,7653.5,3736.8042403950553,1980.0,0,0,0,0,1,0,1,0,0,7552
1055,0,2013-05-22,0.43388373911755823,-0.900968867902419,0.49999999999999994,-0.8660254037844387,0.6420547132365637,-0.766658819300159,7552.0,7755.0,8325.0,5254.714285714285,7000.0,3687.746408232075,6265.233333333334,7465.0,3689.1633729009627,1980.0,0,0,0,0,1,0,1,0,0,5776
1055,0,2013-05-23,-0.433883739117558,-0.9009688679024191,0.49999999999999994,-0.8660254037844387,0.6287628145958344,-0.777597146973627,5776.0,8001.0,0.0,5007.285714285715,6269.0,3527.392460646897,6193.933333333333,7328.5,3666.9254238895833,1980.0,0,0,0,0,1,0,1,0,0,6269
1055,0,2013-05-24,-0.9749279121818236,-0.2225209339563146,0.49999999999999994,-0.8660254037844387,0.6152845999633276,-0.7883050558305255,6269.0,8454.0,8799.0,4758.714285714285,6269.0,3297.865608454743,6158.7,7274.0,3656.3124833446677,1980.0,0,0,0,0,1,0,1,0,0,6714
1055,0,2013-05-25,-0.7818314824680299,0.6234898018587334,0.49999999999999994,-0.8660254037844387,0.6016240632249226,-0.7987793728863649,6714.0,7000.0,6791.0,4793.714285714285,6269.0,3326.7898798634556,6154.266666666666,7257.0,3654.8634290568853,1980.0,0,0,0,0,1,0,1,0,0,7245
1055,0,2013-05-26,-2.4492935982947064e-16,1.0,0.49999999999999994,-0.8660254037844387,0.5877852522924732,-0.8090169943749473,7245.0,0.0,0.0,4793.714285714285,6269.0,3326.7898798634556,5892.033333333334,7154.0,3806.8057338669487,1980.0,0,0,0,0,1,0,1,0,0,0
1055,0,2013-05-27,0.7818314824680298,0.6234898018587336,0.49999999999999994,-0.8660254037844387,0.5737722679043246,-0.8190148866680801,0.0,0.0,10099.0,6240.857142857143,6714.0,3088.739679792358,5987.066666666667,7154.0,3877.5528714982534,1980.0,1,0,0,0,1,0,1,0,0,10130
1055,0,2013-05-28,0.9749279121818236,-0.22252093395631434,0.49999999999999994,-0.8660254037844387,0.5595892624101765,-0.8287700871745037,10130.0,7552.0,8900.0,6415.571428571428,6714.0,3207.568801919548,6279.566666666667,7257.0,3738.8362073053504,1980.0,1,0,0,0,1,0,1,0,0,8775
1055,0,2013-05-29,0.43388373911755823,-0.900968867902419,0.49999999999999994,-0.8660254037844387,0.545240438540651,-0.8382797052177743,8775.0,5776.0,7755.0,6912.142857142857,7245.0,3357.607750992333,6246.066666666667,7257.0,3706.330585524635,1980.0,1,0,0,0,1,0,1,0,0,9252
1055,0,2013-05-30,-0.433883739117558,-0.9009688679024191,0.49999999999999994,-0.8660254037844387,0.5307300481619334,-0.8475409228928311,9252.0,6269.0,8001.0,7305.714285714285,8775.0,3430.3351981152737,6210.7,7257.0,3673.3508441391646,1980.0,1,0,0,0,1,0,1,0,0,9024
1055,0,2013-05-31,-0.9749279121818236,-0.2225209339563146,0.49999999999999994,-0.8660254037844387,0.5160623910158528,-0.8565509959010036,9024.0,6714.0,8454.0,7976.714285714285,9024.0,3740.6495743513874,6591.066666666667,7410.5,3598.0916774785233,1980.0,1,0,0,0,1,0,1,0,0,11411
1055,0,2013-06-01,-0.7818314824680299,0.6234898018587334,1.2246467991473532e-16,-1.0,0.5012418134457758,-0.865307254363206,11411.0,7245.0,7000.0,8142.428571428572,9024.0,3728.5061734847995,6507.733333333334,7410.5,3522.898727422936,1980.0,0,0,0,0,1,0,1,0,0,8405
1055,0,2013-06-02,-2.4492935982947064e-16,1.0,1.2246467991473532e-16,-1.0,0.48627270710869,-0.8738071036110808,8405.0,0.0,0.0,8142.428571428572,9024.0,3728.5061734847995,6198.8,7257.0,3675.5575453209135,1980.0,0,0,0,0,1,0,1,0,0,0
1055,0,2013-06-03,0.7818314824680298,0.6234898018587336,1.2246467991473532e-16,-1.0,0.4711595076738638,-0.8820480249558537,0.0,10130.0,0.0,8222.285714285714,9024.0,3783.748041042798,6319.666666666667,7410.5,3763.5216755452375,1980.0,1,0,0,0,1,0,1,0,0,10689
1055,0,2013-06-04,0.9749279121818236,-0.22252093395631434,1.2246467991473532e-16,-1.0,0.4559066935084588,-0.8900275764346767,10689.0,8775.0,7552.0,8138.285714285715,9024.0,3775.9514348168213,6592.566666666667,7653.5,3581.9147324545147,1980.0,1,0,0,0,1,0,1,0,0,8187
1055,0,2013-06-05,0.43388373911755823,-0.900968867902419,1.2246467991473532e-16,-1.0,0.440518784350495,-0.8977433935342337,8187.0,9252.0,5776.0,8005.428571428572,8405.0,3746.4803419183886,6627.666666666667,7878.0,3593.911031974374,1980.0,1,0,0,0,1,0,1,0,0,8322
1055,0,2013-06-06,-0.433883739117558,-0.9009688679024191,1.2246467991473532e-16,-1.0,0.42500033996955416,-0.9051931898913974,8322.0,9024.0,6269.0,7826.428571428572,8322.0,3719.5401085413228,6654.866666666667,7886.0,3599.557288232034,1980.0,1,0,0,0,1,0,1,0,0,7771
1055,0,2013-06-07,-0.9749279121818236,-0.2225209339563146,1.2246467991473532e-16,-1.0,0.4093559588156213,-0.9123747579707273,7771.0,11411.0,6714.0,7324.142857142857,8187.0,3376.3734207268094,6640.533333333334,7833.0,3593.5286158097674,1980.0,1,0,0,0,1,0,1,0,0,7895
1055,0,2013-06-08,-0.7818314824680299,0.6234898018587334,1.2246467991473532e-16,-1.0,0.39359027665646673,-0.9192859697186104,7895.0,8405.0,7245.0,7089.571428571428,7895.0,3345.6650488426967,6865.966666666666,7833.0,3367.612983367761,1980.0,0,0,0,0,1,0,1,0,0,6763
1055,0,2013-06-09,-2.4492935982947064e-16,1.0,1.2246467991473532e-16,-1.0,0.3777079652039649,-0.9259247771938498,6763.0,0.0,0.0,7089.571428571428,7895.0,3345.6650488426967,6572.666666666667,7763.0,3570.510601303821,1980.0,0,0,0,0,1,0,1,0,0,0
1055,0,2013-06-10,0.7818314824680298,0.6234898018587336,1.2246467991473532e-16,-1.0,0.36171373072976765,-0.9322892131745133,0.0,10689.0,10130.0,6558.0,7771.0,2950.755948340468,6578.566666666667,7763.0,3571.0300231777337,1980.0,0,0,0,0,1,0,1,0,0,6968
1055,0,2013-06-11,0.9749279121818236,-0.22252093395631434,1.2246467991473532e-16,-1.0,0.3456123126707335,-0.9383773917408641,6968.0,8187.0,8775.0,6273.285714285715,6968.0,2862.2014670695753,6785.033333333334,7763.0,3349.765328716513,1980.0,0,0,0,0,1,0,1,0,0,6194
1055,0,2013-06-12,0.43388373911755823,-0.900968867902419,1.2246467991473532e-16,-1.0,0.3294084822245304,-0.9441875088341993,6194.0,8322.0,9252.0,5883.714285714285,6763.0,2718.8742593388233,6634.9,7653.5,3296.6258021362287,1980.0,0,0,0,0,1,0,1,0,0,5595
1055,0,2013-06-13,-0.433883739117558,-0.9009688679024191,1.2246467991473532e-16,-1.0,0.3131070409358269,-0.9497178427914316,5595.0,7771.0,9024.0,5672.0,6289.0,2602.636867998812,6547.866666666667,7398.5,3269.11478826464,1980.0,0,0,0,0,1,0,1,0,0,6289
1055,0,2013-06-14,-0.9749279121818236,-0.2225209339563146,1.2246467991473532e-16,-1.0,0.29671281927349075,-0.9549667548552551,6289.0,7895.0,11411.0,5477.285714285715,6289.0,2455.428931591228,6507.1,7122.5,3261.158333983545,1980.0,0,0,0,0,1,0,1,0,0,6532
1055,0,2013-06-15,-0.7818314824680299,0.6234898018587334,1.2246467991473532e-16,-1.0,0.28023067519921585,-0.9599326896597447,6532.0,6763.0,8405.0,5413.285714285715,6289.0,2421.942038549899,6450.9,6984.0,3249.0309892282507,1980.0,0,0,0,0,1,0,1,0,0,6315
1055,0,2013-06-16,-2.4492935982947064e-16,1.0,1.2246467991473532e-16,-1.0,0.26366549272800704,-0.9646141756912435,6315.0,0.0,0.0,5413.285714285715,6289.0,2421.942038549899,6169.1,6865.5,3430.8400132550205,1980.0,0,0,0,0,1,0,1,0,0,0
1055,0,2013-06-17,0.7818314824680298,0.6234898018587336,1.2246467991473532e-16,-1.0,0.24702218048093552,-0.9690098257244062,0.0,6968.0,10689.0,5969.0,6289.0,3169.1446795626093,6297.7,6865.5,3533.819279476525,1980.0,1,0,0,0,1,0,1,0,0,10858
1055,0,2013-06-18,0.9749279121818236,-0.22252093395631434,1.2246467991473532e-16,-1.0,0.23030567023061221,-0.9731183372332619,10858.0,6194.0,8187.0,6263.571428571428,6315.0,3287.17725194646,6572.9,7106.5,3342.7757653245853,1980.0,1,0,0,0,1,0,1,0,0,8256
1055,0,2013-06-19,0.43388373911755823,-0.900968867902419,1.2246467991473532e-16,-1.0,0.21352091543979612,-0.9769384927771817,8256.0,5595.0,8322.0,6516.285714285715,6532.0,3295.20129452338,6818.366666666667,7304.5,3105.4210274085626,1980.0,1,0,0,0,1,0,1,0,0,7364
1055,0,2013-06-20,-0.433883739117558,-0.9009688679024191,1.2246467991473532e-16,-1.0,0.19667288979357647,-0.980469160361632,7364.0,6289.0,7771.0,6693.428571428572,7364.0,3314.2214700259456,6817.6,7304.5,3105.2364960742866,1980.0,1,0,0,0,1,0,1,0,0,7529
1055,0,2013-06-21,-0.9749279121818236,-0.2225209339563146,1.2246467991473532e-16,-1.0,0.1797665857255624,-0.9837092937736097,7529.0,6532.0,7895.0,7004.0,7529.0,3397.3908125697453,6915.266666666666,7446.5,3117.3998773661183,1980.0,1,0,0,0,1,0,1,0,0,8706
1055,0,2013-06-22,-0.7818314824680299,0.6234898018587334,1.2246467991473532e-16,-1.0,0.16280701293851715,-0.986657932891657,8706.0,6315.0,6763.0,7091.571428571428,7529.0,3384.547230041403,6937.233333333334,7446.5,3115.0098431607717,1980.0,0,0,0,0,1,0,1,0,0,6928
1055,0,2013-06-23,-2.4492935982947064e-16,1.0,1.2246467991473532e-16,-1.0,0.1457991969198751,-0.9893142039703663,6928.0,0.0,0.0,7091.571428571428,7529.0,3384.547230041403,6713.433333333333,7446.5,3362.921981554579,1980.0,0,0,0,0,1,0,1,0,0,0
1055,0,2013-06-24,0.7818314824680298,0.6234898018587336,1.2246467991473532e-16,-1.0,0.12874817745258132,-0.99167731989929,0.0,10858.0,6968.0,6550.571428571428,7364.0,2957.944999327676,6707.633333333333,7446.5,3362.123533426899,1980.0,0,0,0,0,1,0,1,0,0,7071
1055,0,2013-06-25,0.9749279121818236,-0.22252093395631434,1.2246467991473532e-16,-1.0,0.11165900712169512,-0.993746580436178,7071.0,8256.0,6194.0,6138.0,7071.0,2880.830725097651,6886.566666666667,7446.5,3127.4872770030706,1980.0,0,0,0,0,1,0,1,0,0,5368
1055,0,2013-06-26,0.43388373911755823,-0.900968867902419,1.2246467991473532e-16,-1.0,0.09453674981719912,-0.9955213724144752,5368.0,7364.0,5595.0,5995.571428571428,6928.0,2834.3864037414305,6761.133333333333,7217.5,3067.809549154746,1980.0,0,0,0,0,1,0,1,0,0,6367
1055,0,2013-06-27,-0.433883739117558,-0.9009688679024191,1.2246467991473532e-16,-1.0,0.07738647923346301,-0.9970011699250151,6367.0,7529.0,6289.0,5899.142857142857,6854.0,2784.567137430365,6697.1,7019.5,3044.2833067446477,1980.0,0,0,0,0,1,0,1,0,0,6854
1055,0,2013-06-28,-0.9749279121818236,-0.2225209339563146,1.2246467991473532e-16,-1.0,0.06021327736579302,-0.9981855344718586,6854.0,8706.0,6532.0,5806.857142857143,6854.0,2684.961975433508,6657.366666666667,7019.5,3017.4480252454155,1980.0,0,0,0,0,1,0,1,0,0,8060
1055,0,2013-06-29,-0.7818314824680299,0.6234898018587334,1.2246467991473532e-16,-1.0,0.04302223300453059,-0.99907411510223,8060.0,6928.0,6315.0,5943.428571428572,6854.0,2774.3204487551448,6619.366666666667,7019.5,2993.7010940021837,1980.0,0,0,0,0,1,0,1,0,0,7884
1055,0,2013-06-30,-2.4492935982947064e-16,1.0,1.2246467991473532e-16,-1.0,0.02581844022713308,-0.9996666485105112,7884.0,0.0,0.0,5943.428571428572,6854.0,2774.3204487551448,6239.0,6948.0,3087.3548660569454,1980.0,0,0,0,0,1,0,1,0,0,0
1055,0,2013-07-01,0.7818314824680298,0.6234898018587336,-0.4999999999999998,-0.8660254037844388,0.008606996888688698,-0.9999629591162655,0.0,7071.0,10858.0,6621.428571428572,6854.0,3563.489855798798,6352.733333333334,6948.0,3229.4737046762566,1980.0,1,0,0,0,1,0,1,0,0,11817
1055,0,2013-07-02,0.9749279121818236,-0.22252093395631434,-0.4999999999999998,-0.8660254037844388,-0.008606996888688009,-0.9999629591162655,11817.0,5368.0,8256.0,7134.714285714285,7884.0,3611.302521911158,6651.433333333333,7019.5,3029.878200389479,1980.0,1,0,0,0,1,0,1,0,0,8961
1055,0,2013-07-03,0.43388373911755823,-0.900968867902419,-0.4999999999999998,-0.8660254037844388,-0.02581844022713239,-0.9996666485105112,8961.0,6367.0,7364.0,7397.142857142857,8060.0,3612.961408990847,6568.6,7019.5,2948.566999700723,1980.0,1,0,0,0,1,0,1,0,0,8204
1055,0,2013-07-04,-0.433883739117558,-0.9009688679024191,-0.4999999999999998,-0.8660254037844388,-0.04302223300453034,-0.99907411510223,8204.0,6854.0,7529.0,7601.428571428572,8204.0,3617.557272393569,6571.833333333333,7019.5,2950.4554772083056,1980.0,1,0,0,0,1,0,1,0,0,8284
1055,0,2013-07-05,-0.9749279121818236,-0.2225209339563146,-0.4999999999999998,-0.8660254037844388,-0.060213277365792774,-0.9981855344718586,8284.0,8060.0,8706.0,7581.0,8204.0,3614.938911424827,6558.333333333333,7019.5,2943.088693442868,1980.0,1,0,0,0,1,0,1,0,0,7917
1055,0,2013-07-06,-0.7818314824680299,0.6234898018587334,-0.4999999999999998,-0.8660254037844388,-0.07738647923346322,-0.9970011699250151,7917.0,7884.0,6928.0,7305.285714285715,8204.0,3661.2814566435463,6497.766666666666,6948.0,2935.959981444513,1980.0,0,0,0,0,1,0,1,0,0,5954
1055,0,2013-07-07,-2.4492935982947064e-16,1.0,-0.4999999999999998,-0.8660254037844388,-0.09453674981719933,-0.9955213724144752,5954.0,0.0,0.0,7305.285714285715,8204.0,3661.281456643546,6234.6,6891.0,3152.2678163834494,1980.0,0,0,0,0,1,0,1,0,0,0
1055,0,2013-07-08,0.7818314824680298,0.6234898018587336,-0.4999999999999998,-0.8660254037844388,-0.11165900712169444,-0.9937465804361781,0.0,11817.0,7071.0,6505.428571428572,7917.0,3076.2020879185216,6216.433333333333,6891.0,3150.687649992629,1980.0,0,0,0,0,1,0,1,0,0,6218
1055,0,2013-07-09,0.9749279121818236,-0.22252093395631434,-0.4999999999999998,-0.8660254037844388,-0.12874817745258066,-0.99167731989929,6218.0,8961.0,5368.0,6037.857142857143,6218.0,2883.4618330848652,6406.033333333334,6891.0,2926.896090227408,1980.0,0,0,0,0,1,0,1,0,0,5688
1055,0,2013-07-10,0.43388373911755823,-0.900968867902419,-0.4999999999999998,-0.8660254037844388,-0.14579919691987442,-0.9893142039703664,5688.0,8204.0,6367.0,5675.0,5954.0,2720.663215712912,6362.566666666667,6693.0,2927.9451860722497,1980.0,0,0,0,0,1,0,1,0,0,5664
1055,0,2013-07-11,-0.433883739117558,-0.9009688679024191,-0.4999999999999998,-0.8660254037844388,-0.16280701293851646,-0.9866579328916572,5664.0,8284.0,6854.0,5361.714285714285,5954.0,2486.3356379945762,6359.133333333333,6693.0,2928.2100420862394,1980.0,0,0,0,0,1,0,1,0,0,6091
1055,0,2013-07-12,-0.9749279121818236,-0.2225209339563146,-0.4999999999999998,-0.8660254037844388,-0.17976658572556214,-0.9837092937736098,6091.0,7917.0,8060.0,5170.0,5954.0,2301.321576833623,6391.8,6714.5,2924.8559811287823,1980.0,0,0,0,0,1,0,1,0,0,6575
1055,0,2013-07-13,-0.7818314824680299,0.6234898018587334,-0.4999999999999998,-0.8660254037844388,-0.19667288979357622,-0.9804691603616321,6575.0,5954.0,7884.0,5131.571428571428,5688.0,2288.2568953348773,6371.666666666667,6714.5,2927.665485570761,1980.0,0,0,0,0,1,0,1,0,0,5685
1055,0,2013-07-14,-2.4492935982947064e-16,1.0,-0.4999999999999998,-0.8660254037844388,-0.2135209154397959,-0.9769384927771817,5685.0,0.0,0.0,5131.571428571428,5688.0,2288.2568953348773,6153.933333333333,6714.5,3149.798712050782,1980.0,0,0,0,0,1,0,1,0,0,0
1055,0,2013-07-15,0.7818314824680298,0.6234898018587336,-0.4999999999999998,-0.8660254037844388,-0.23030567023061196,-0.973118337233262,0.0,6218.0,11817.0,5742.0,5688.0,3064.6235222834994,6293.133333333333,6891.0,3247.9098396409904,1980.0,1,0,0,0,1,0,1,0,0,10491
1055,0,2013-07-16,0.9749279121818236,-0.22252093395631434,-0.4999999999999998,-0.8660254037844388,-0.24702218048093527,-0.9690098257244063,10491.0,5688.0,8961.0,6156.428571428572,6091.0,3246.8379416052794,6579.433333333333,6999.5,3046.34929827924,1980.0,1,0,0,0,1,0,1,0,0,8589
1055,0,2013-07-17,0.43388373911755823,-0.900968867902419,-0.4999999999999998,-0.8660254037844388,-0.2636654927280072,-0.9646141756912435,8589.0,5664.0,8204.0,6464.142857142857,6575.0,3294.1174047368836,6478.1,6999.5,2948.0966314345674,1980.0,1,0,0,0,1,0,1,0,0,7818
1055,0,2013-07-18,-0.433883739117558,-0.9009688679024191,-0.4999999999999998,-0.8660254037844388,-0.2802306751992161,-0.9599326896597445,7818.0,6091.0,8284.0,6623.571428571428,7207.0,3300.0488813118523,6443.133333333333,6999.5,2932.4617495619036,1980.0,1,0,0,0,1,0,1,0,0,7207
1055,0,2013-07-19,-0.9749279121818236,-0.2225209339563146,-0.4999999999999998,-0.8660254037844388,-0.2967128192734901,-0.9549667548552553,7207.0,6575.0,7917.0,6832.0,7818.0,3342.274375331862,6465.466666666666,6999.5,2942.251796971427,1980.0,1,0,0,0,1,0,1,0,0,8034
1055,0,2013-07-20,-0.7818314824680299,0.6234898018587334,-0.4999999999999998,-0.8660254037844388,-0.3131070409358267,-0.9497178427914317,8034.0,5685.0,5954.0,6759.0,7818.0,3376.9029203300056,6386.966666666666,6891.0,2944.313273757222,1980.0,0,0,0,0,1,0,1,0,0,5174
1055,0,2013-07-21,-2.4492935982947064e-16,1.0,-0.4999999999999998,-0.8660254037844388,-0.3294084822245302,-0.9441875088341994,5174.0,0.0,0.0,6759.0,7818.0,3376.9029203300056,6096.766666666666,6714.5,3130.9874247628286,1980.0,0,0,0,0,1,0,1,0,0,0
1055,0,2013-07-22,0.7818314824680298,0.6234898018587336,-0.4999999999999998,-0.8660254037844388,-0.3456123126707333,-0.9383773917408642,0.0,10491.0,6218.0,6023.0,7207.0,2964.162163805031,6043.8,6471.0,3129.8809209473648,1980.0,0,0,0,0,1,0,1,0,0,5339
1055,0,2013-07-23,0.9749279121818236,-0.22252093395631434,-0.4999999999999998,-0.8660254037844388,-0.3617137307297674,-0.9322892131745134,5339.0,8589.0,5688.0,5565.571428571428,5387.0,2740.833137152694,6223.366666666667,6471.0,2918.57915931629,1980.0,0,0,0,0,1,0,1,0,0,5387
1055,0,2013-07-24,0.43388373911755823,-0.900968867902419,-0.4999999999999998,-0.8660254037844388,-0.37770796520396466,-0.9259247771938499,5387.0,7818.0,5664.0,5258.0,5387.0,2560.8347597349307,6176.5,6292.5,2915.785938290226,1980.0,0,0,0,0,1,0,1,0,0,5665
1055,0,2013-07-25,-0.433883739117558,-0.9009688679024191,-0.4999999999999998,-0.8660254037844388,-0.39359027665646645,-0.9192859697186105,5665.0,7207.0,6091.0,5014.571428571428,5387.0,2421.90936089296,6181.0,6292.5,2914.5990674770196,1980.0,0,0,0,0,1,0,1,0,0,5503
1055,0,2013-07-26,-0.9749279121818236,-0.2225209339563146,-0.4999999999999998,-0.8660254037844388,-0.4093559588156211,-0.9123747579707274,5503.0,8034.0,6575.0,4655.571428571428,5387.0,2058.770819133174,6152.8,6154.5,2916.829235009632,1980.0,0,0,0,0,1,0,1,0,0,5521
1055,0,2013-07-27,-0.7818314824680299,0.6234898018587334,-0.4999999999999998,-0.8660254037844388,-0.42500033996955394,-0.9051931898913975,5521.0,5174.0,5685.0,4650.285714285715,5387.0,2057.2649087470236,6095.566666666667,6022.5,2919.440129171357,1980.0,0,0,0,0,1,0,1,0,0,5137
1055,0,2013-07-28,-2.4492935982947064e-16,1.0,-0.4999999999999998,-0.8660254037844388,-0.4405187843504952,-0.8977433935342336,5137.0,0.0,0.0,4650.285714285715,5387.0,2057.2649087470236,5826.9,5821.0,3097.842801715076,1980.0,0,0,0,0,1,0,1,0,0,0
1055,0,2013-07-29,0.7818314824680298,0.6234898018587336,-0.4999999999999998,-0.8660254037844388,-0.455906693508459,-0.8900275764346766,0.0,5339.0,10491.0,5435.428571428572,5503.0,3131.965615878886,5925.266666666666,5821.0,3210.228243398376,1980.0,1,0,0,0,1,0,1,0,0,10835
1055,0,2013-07-30,0.9749279121818236,-0.22252093395631434,-0.4999999999999998,-0.8660254037844388,-0.47115950767386394,-0.8820480249558535,10835.0,5387.0,8589.0,6143.0,5521.0,3637.8364907363994,6269.933333333333,6022.5,3105.493618749189,1980.0,1,0,0,0,1,0,1,0,0,10340
1055,0,2013-07-31,0.43388373911755823,-0.900968867902419,-0.4999999999999998,-0.8660254037844388,-0.4862727071086902,-0.8738071036110807,10340.0,5665.0,7818.0,6849.571428571428,5521.0,3992.5548152005294,6229.733333333334,6022.5,3038.290455495327,1980.0,1,0,0,0,1,0,1,0,0,10611
1055,0,2013-08-01,-0.433883739117558,-0.9009688679024191,-0.8660254037844384,-0.5000000000000004,-0.5012418134457756,-0.8653072543632061,10611.0,5503.0,7207.0,7447.285714285715,9687.0,4069.8049385806216,6253.933333333333,6022.5,3063.5812031845553,1980.0,1,0,0,0,1,0,1,0,0,9687
1055,0,2013-08-02,-0.9749279121818236,-0.2225209339563146,-0.8660254037844384,-0.5000000000000004,-0.5160623910158526,-0.8565509959010037,9687.0,5521.0,8034.0,7909.428571428572,9687.0,3997.6450925156255,6272.333333333333,6022.5,3077.3240988227717,1980.0,1,0,0,0,1,0,1,0,0,8756
1055,0,2013-08-03,-0.7818314824680299,0.6234898018587334,-0.8660254037844384,-0.5000000000000004,-0.5307300481619331,-0.8475409228928312,8756.0,5137.0,5174.0,8017.428571428572,9687.0,3919.714566867626,6192.633333333333,5923.5,3054.303425110815,1980.0,0,0,0,0,1,0,1,0,0,5893
1055,0,2013-08-04,-2.4492935982947064e-16,1.0,-0.8660254037844384,-0.5000000000000004,-0.5452404385406507,-0.8382797052177745,5893.0,0.0,0.0,8017.428571428572,9687.0,3919.714566867626,5928.733333333334,5790.5,3236.7516915332967,1980.0,0,0,0,0,1,0,1,0,0,0
1055,0,2013-08-05,0.7818314824680298,0.6234898018587336,-0.8660254037844384,-0.5000000000000004,-0.5595892624101763,-0.828770087174504,0.0,10835.0,5339.0,7445.857142857143,8756.0,3727.3742066219293,5958.066666666667,5790.5,3240.9733524458898,1980.0,0,0,0,0,1,0,1,0,0,6834
1055,0,2013-08-06,0.9749279121818236,-0.22252093395631434,-0.8660254037844384,-0.5000000000000004,-0.5737722679043243,-0.8190148866680802,6834.0,10340.0,5387.0,6845.571428571428,6834.0,3515.9621185455917,6162.666666666667,5992.0,3039.3472680975324,1980.0,0,0,0,0,1,0,1,0,0,6138
1055,0,2013-08-07,0.43388373911755823,-0.900968867902419,-0.8660254037844384,-0.5000000000000004,-0.5877852522924734,-0.8090169943749472,6138.0,10611.0,5665.0,6163.428571428572,6138.0,3102.565812202476,6149.933333333333,5864.5,3039.9075976579998,1980.0,0,0,0,0,1,0,1,0,0,5836
1055,0,2013-08-08,-0.433883739117558,-0.9009688679024191,-0.8660254037844384,-0.5000000000000004,-0.6016240632249227,-0.7987793728863648,5836.0,9687.0,5503.0,5635.285714285715,5990.0,2690.026809921275,6160.0,5941.5,3038.824999783687,1980.0,0,0,0,0,1,0,1,0,0,5990
1055,0,2013-08-09,-0.9749279121818236,-0.2225209339563146,-0.8660254037844384,-0.5000000000000004,-0.6152845999633277,-0.7883050558305253,5990.0,8756.0,5521.0,5304.285714285715,5990.0,2364.939654923264,6185.833333333333,6040.5,3037.757045554511,1980.0,0,0,0,0,1,0,1,0,0,6439
1055,0,2013-08-10,-0.7818314824680299,0.6234898018587334,-0.8660254037844384,-0.5000000000000004,-0.6287628145958345,-0.7775971469736268,6439.0,5893.0,5137.0,5281.571428571428,5990.0,2359.0992530443223,6173.933333333333,5941.5,3038.8404087554577,1980.0,0,0,0,0,1,0,1,0,0,5734
1055,0,2013-08-11,-2.4492935982947064e-16,1.0,-0.8660254037844384,-0.5000000000000004,-0.6420547132365636,-0.7666588193001592,5734.0,0.0,0.0,5281.571428571428,5990.0,2359.0992530443223,5954.766666666666,5864.5,3239.3994620473445,1980.0,0,0,0,0,1,0,1,0,0,0
1055,0,2013-08-12,0.7818314824680298,0.6234898018587336,-0.8660254037844384,-0.5000000000000004,-0.655156357209085,-0.7554933140726804,0.0,6834.0,10835.0,5887.428571428572,5990.0,3213.939319959377,6134.433333333333,5941.5,3370.731882905664,1980.0,1,0,0,0,1,0,1,0,0,11075
1055,0,2013-08-13,0.9749279121818236,-0.22252093395631434,-0.8660254037844384,-0.5000000000000004,-0.6680638642135333,-0.7441039398713608,11075.0,6138.0,10340.0,6355.571428571428,5990.0,3483.8509754361776,6448.266666666666,6064.0,3214.5642374638574,1980.0,1,0,0,0,1,0,1,0,0,9415
1055,0,2013-08-14,0.43388373911755823,-0.900968867902419,-0.8660254037844384,-0.5000000000000004,-0.6807734094770159,-0.7324940716135792,9415.0,5836.0,10611.0,6721.428571428572,6439.0,3553.9607415362566,6378.466666666666,6064.0,3145.752371311063,1980.0,1,0,0,0,1,0,1,0,0,8397
1055,0,2013-08-15,-0.433883739117558,-0.9009688679024191,-0.8660254037844384,-0.5000000000000004,-0.6932812268869771,-0.7206671495538615,8397.0,5990.0,9687.0,7184.0,8397.0,3652.257931745783,6399.766666666666,6064.0,3163.3502175463527,1980.0,1,0,0,0,1,0,1,0,0,9228
1055,0,2013-08-16,-0.9749279121818236,-0.2225209339563146,-0.8660254037844384,-0.5000000000000004,-0.7055836101071774,-0.7086266782644601,9228.0,6439.0,8756.0,7384.571428571428,8397.0,3643.066055634219,6400.6,6064.0,3163.7399801609718,1980.0,1,0,0,0,1,0,1,0,0,7843
1055,0,2013-08-17,-0.7818314824680299,0.6234898018587334,-0.8660254037844384,-0.5000000000000004,-0.7176769136759615,-0.6963762255968726,7843.0,5734.0,5893.0,7452.285714285715,8397.0,3611.5421320301043,6367.3,6064.0,3160.2150532453647,1980.0,0,0,0,0,1,0,1,0,0,6208
1055,0,2013-08-18,-2.4492935982947064e-16,1.0,-0.8660254037844384,-0.5000000000000004,-0.7295575540864876,-0.6839194216246105,6208.0,0.0,0.0,7452.285714285715,8397.0,3611.5421320301043,6099.5,5941.5,3348.880057262579,1980.0,0,0,0,0,1,0,1,0,0,0
1055,0,2013-08-19,0.7818314824680298,0.6234898018587336,-0.8660254037844384,-0.5000000000000004,-0.7412220108485957,-0.6712599575675315,0.0,11075.0,6834.0,6716.571428571428,7843.0,3257.786408854066,6124.533333333334,5957.5,3344.527343889263,1980.0,0,0,0,0,1,0,1,0,0,5925
1055,0,2013-08-20,0.9749279121818236,-0.22252093395631434,-0.8660254037844384,-0.5000000000000004,-0.7526668275320083,-0.6584015846980489,5925.0,9415.0,6138.0,6249.0,6208.0,3033.075666711925,6329.266666666666,6064.0,3138.3223932027986,1980.0,0,0,0,0,1,0,1,0,0,6142
1055,0,2013-08-21,0.43388373911755823,-0.900968867902419,-0.8660254037844384,-0.5000000000000004,-0.7638886127905429,-0.64534811322955,6142.0,8397.0,5836.0,5838.142857142857,6142.0,2884.780259024443,6335.333333333333,6064.0,3136.5174992319885,1980.0,0,0,0,0,1,0,1,0,0,5521
1055,0,2013-08-22,-0.433883739117558,-0.9009688679024191,-0.8660254037844384,-0.5000000000000004,-0.7748840413670406,-0.6321034111873488,5521.0,9228.0,5990.0,5392.714285714285,6110.0,2487.4910863683303,6359.433333333333,6124.0,3131.7535760208725,1980.0,0,0,0,0,1,0,1,0,0,6110
1055,0,2013-08-23,-0.9749279121818236,-0.2225209339563146,-0.8660254037844384,-0.5000000000000004,-0.7856498550787144,-0.6186714032625032,6110.0,7843.0,6439.0,5037.285714285715,5925.0,2244.9531334592634,6349.1,6124.0,3134.6339977739003,1980.0,0,0,0,0,1,0,1,0,0,5355
1055,0,2013-08-24,-0.7818314824680299,0.6234898018587334,-0.8660254037844384,-0.5000000000000004,-0.7961828637826154,-0.6050560696488494,5355.0,6208.0,5734.0,4990.714285714285,5882.0,2219.8601843573915,6361.733333333334,6124.0,3131.8689356173645,1980.0,0,0,0,0,1,0,1,0,0,5882
1055,0,2013-08-25,-2.4492935982947064e-16,1.0,-0.8660254037844384,-0.5000000000000004,-0.8064799463209447,-0.5912614448635782,5882.0,0.0,0.0,4990.714285714285,5882.0,2219.8601843573915,6177.7,6124.0,3338.3779785378097,1980.0,0,0,0,0,1,0,1,0,0,0
1055,0,2013-08-26,0.7818314824680298,0.6234898018587336,-0.8660254037844384,-0.5000000000000004,-0.8165380514459157,-0.5772916165517278,0.0,5925.0,11075.0,5600.571428571428,5882.0,2976.7008503342995,6346.266666666666,6140.0,3410.902529297459,1980.0,1,0,0,0,1,0,1,0,0,10194
1055,0,2013-08-27,0.9749279121818236,-0.22252093395631434,-0.8660254037844384,-0.5000000000000004,-0.8263541987239095,-0.5631507242749187,10194.0,6142.0,9415.0,5877.428571428572,5882.0,3122.028179306032,6615.6,6175.0,3205.3185499879005,1980.0,1,0,0,0,1,0,1,0,0,8080
1055,0,2013-08-28,0.43388373911755823,-0.900968867902419,-0.8660254037844384,-0.5000000000000004,-0.8359254794186365,-0.5488429582847199,8080.0,5521.0,8397.0,6283.0,6110.0,3249.796455164536,6533.1,6175.0,3123.7872168030353,1980.0,1,0,0,0,1,0,1,0,0,8360
1055,0,2013-08-29,-0.433883739117558,-0.9009688679024191,-0.8660254037844384,-0.5000000000000004,-0.8452490573530634,-0.5343725582809785,8360.0,6110.0,9228.0,6506.571428571428,7675.0,3289.5011707523277,6444.266666666666,6175.0,3048.7875366575063,1980.0,1,0,0,0,1,0,1,0,0,7675
1055,0,2013-08-30,-0.9749279121818236,-0.2225209339563146,-0.8660254037844384,-0.5000000000000004,-0.8543221697498269,-0.5197438121555157,7675.0,5355.0,7843.0,7076.571428571428,8080.0,3400.5187769487366,6402.066666666667,6175.0,2997.4542064125376,1980.0,1,0,0,0,1,0,1,0,0,9345
1055,0,2013-08-31,-0.7818314824680299,0.6234898018587334,-0.8660254037844384,-0.5000000000000004,-0.8631421280499115,-0.5049610547215202,9345.0,5882.0,6208.0,7332.428571428572,8080.0,3362.827523436331,6334.933333333333,6175.0,2943.4116837829315,1980.0,0,0,0,0,1,0,1,0,0,7673
1055,0,2013-09-01,-2.4492935982947064e-16,1.0,-1.0,-1.8369701987210297e-16,-0.8717063187093218,-0.4900286664290594,7673.0,0.0,0.0,7332.428571428572,8080.0,3362.827523436331,6043.066666666667,6140.0,3123.6623612558424,1980.0,0,0,0,0,1,0,1,0,0,0
1055,0,2013-09-02,0.7818314824680298,0.6234898018587336,-1.0,-1.8369701987210297e-16,-0.8800122039735356,-0.4749510720670502,0.0,10194.0,5925.0,6830.714285714285,7675.0,3117.801026059106,6069.366666666667,6175.0,3125.6761749379443,1980.0,0,0,0,0,1,0,1,0,0,6682
1055,0,2013-09-03,0.9749279121818236,-0.22252093395631434,-1.0,-1.8369701987210297e-16,-0.888057322629493,-0.4597327394521046,6682.0,8080.0,6142.0,6511.714285714285,7673.0,3082.713940360866,6264.266666666666,6175.0,2908.9537748764246,1980.0,0,0,0,0,1,0,1,0,0,5847
1055,0,2013-09-04,0.43388373911755823,-0.900968867902419,-1.0,-1.8369701987210297e-16,-0.8958392907349089,-0.44437817810461344,5847.0,8360.0,5521.0,6140.571428571428,6682.0,2977.706995723544,6228.533333333334,6140.0,2908.2979941863746,1980.0,0,0,0,0,1,0,1,0,0,5762
1055,0,2013-09-05,-0.433883739117558,-0.9009688679024191,-1.0,-1.8369701987210297e-16,-0.9033558023246842,-0.4288919379124841,5762.0,7675.0,6110.0,5934.0,6229.0,2902.730898079712,6231.566666666667,6175.0,2908.247768263423,1980.0,0,0,0,0,1,0,1,0,0,6229
1055,0,2013-09-06,-0.9749279121818236,-0.2225209339563146,-1.0,-1.8369701987210297e-16,-0.9106046300942162,-0.41327860778290443,6229.0,9345.0,5355.0,5430.142857142857,5847.0,2488.5240222918883,6230.966666666666,6175.0,2908.334047162575,1980.0,0,0,0,0,1,0,1,0,0,5818
1055,0,2013-09-07,-0.7818314824680299,0.6234898018587334,-1.0,-1.8369701987210297e-16,-0.9175836260593934,-0.3975428142825566,5818.0,7673.0,5882.0,5177.142857142857,5847.0,2305.8147098564677,6228.033333333334,6175.0,2908.629828907278,1980.0,0,0,0,0,1,0,1,0,0,5902
1055,0,2013-09-08,-2.4492935982947064e-16,1.0,-1.0,-1.8369701987210297e-16,-0.9242907221930934,-0.3816892202666586,5902.0,0.0,0.0,5177.142857142857,5847.0,2305.8147098564677,6013.4,6126.0,3122.2536356800397,1980.0,0,0,0,0,1,0,1,0,0,0
1055,0,2013-09-09,0.7818314824680298,0.6234898018587336,-1.0,-1.8369701987210297e-16,-0.9307239310379793,-0.3657225234972692,0.0,6682.0,10194.0,5631.285714285715,5847.0,2890.5273863827265,6150.966666666666,6175.0,3199.4815795939357,1980.0,1,0,0,0,1,0,1,0,0,9861
1055,0,2013-09-10,0.9749279121818236,-0.22252093395631434,-1.0,-1.8369701987210297e-16,-0.9368813462954315,-0.34964745525122826,9861.0,5847.0,8080.0,6115.428571428572,5902.0,3199.9365544305615,6458.833333333333,6218.5,3026.9101815426275,1980.0,1,0,0,0,1,0,1,0,0,9236
1055,0,2013-09-11,0.43388373911755823,-0.900968867902419,-1.0,-1.8369701987210297e-16,-0.9427611433904206,-0.33346877891818705,9236.0,5762.0,8360.0,6422.142857142857,6229.0,3262.6940518826545,6353.3,6218.5,2913.4837678485915,1980.0,1,0,0,0,1,0,1,0,0,7909
1055,0,2013-09-12,-0.433883739117558,-0.9009688679024191,-1.0,-1.8369701987210297e-16,-0.9483615800121716,-0.31719128858910595,7909.0,6229.0,7675.0,6804.714285714285,7909.0,3390.764894744038,6336.366666666667,6218.5,2896.502153113043,1980.0,1,0,0,0,1,0,1,0,0,8907
1055,0,2013-09-13,-0.9749279121818236,-0.2225209339563146,-1.0,-1.8369701987210297e-16,-0.9536809966304455,-0.300819807635668,8907.0,5818.0,9345.0,7198.0,8571.0,3416.800745336682,6342.166666666667,6218.5,2900.9414890666944,1980.0,1,0,0,0,1,0,1,0,0,8571
1055,0,2013-09-14,-0.7818314824680299,0.6234898018587334,-1.0,-1.8369701987210297e-16,-0.9587178169872964,-0.2843591872810036,8571.0,5902.0,7673.0,7315.0,8571.0,3378.8374233356217,6258.6,6218.5,2850.6161656978506,1980.0,0,0,0,0,1,0,1,0,0,6721
1055,0,2013-09-15,-2.4492935982947064e-16,1.0,-1.0,-1.8369701987210297e-16,-0.9634705485641486,-0.26781430516217486,6721.0,0.0,0.0,7315.0,8571.0,3378.8374233356217,5997.166666666667,6175.0,3052.775402960317,1980.0,0,0,0,0,1,0,1,0,0,0
1055,0,2013-09-16,0.7818314824680298,0.6234898018587336,-1.0,-1.8369701987210297e-16,-0.9679377830240642,-0.25119006388481957,0.0,9861.0,6682.0,6754.0,7909.0,3207.315907941297,5988.033333333334,6126.0,3052.532746960195,1980.0,0,0,0,0,1,0,1,0,0,5934
1055,0,2013-09-17,0.9749279121818236,-0.22252093395631434,-1.0,-1.8369701987210297e-16,-0.9721181966290612,-0.23449138957041052,5934.0,9236.0,5847.0,6257.857142857143,6721.0,3022.689333941513,6180.133333333333,6126.0,2836.3876581184068,1980.0,0,0,0,0,1,0,1,0,0,5763
1055,0,2013-09-18,0.43388373911755823,-0.900968867902419,-1.0,-1.8369701987210297e-16,-0.9760105506323682,-0.21772323039653224,5763.0,7909.0,5762.0,5899.571428571428,5934.0,2941.9170539600423,6162.666666666667,6126.0,2839.624529980038,1980.0,0,0,0,0,1,0,1,0,0,5401
1055,0,2013-09-19,-0.433883739117558,-0.9009688679024191,-1.0,-1.8369701987210297e-16,-0.9796136916454901,-0.20089055513063528,5401.0,8907.0,6229.0,5453.0,5781.0,2630.04138117001,6150.633333333333,6022.0,2840.479894900388,1980.0,0,0,0,0,1,0,1,0,0,5781
1055,0,2013-09-20,-0.9749279121818236,-0.2225209339563146,-1.0,-1.8369701987210297e-16,-0.9829265519799822,-0.18399835165767986,5781.0,8571.0,5818.0,5039.571428571428,5763.0,2259.5905128395,6155.833333333333,6022.0,2839.4300919597267,1980.0,0,0,0,0,1,0,1,0,0,5677
1055,0,2013-09-21,-0.7818314824680299,0.6234898018587334,-1.0,-1.8369701987210297e-16,-0.9859481499638303,-0.1670516255021195,5677.0,6721.0,5902.0,4925.285714285715,5763.0,2179.1734453140475,6149.533333333334,5927.5,2839.7449464554957,1980.0,0,0,0,0,1,0,1,0,0,5921
1055,0,2013-09-22,-2.4492935982947064e-16,1.0,-1.0,-1.8369701987210297e-16,-0.9886775902323404,-0.15005539834465262,5921.0,0.0,0.0,4925.285714285715,5763.0,2179.1734453140475,5971.033333333334,5927.5,3051.7942657115454,1980.0,0,0,0,0,1,0,1,0,0,0
1055,0,2013-09-23,0.7818314824680298,0.6234898018587336,-1.0,-1.8369701987210297e-16,-0.9911140639934546,-0.13301470653419636,0.0,5934.0,9861.0,5366.714285714285,5763.0,2674.282502796197,6075.766666666666,6081.5,3102.132777826306,1980.0,1,0,0,0,1,0,1,0,0,9024
1055,0,2013-09-24,0.9749279121818236,-0.22252093395631434,-1.0,-1.8369701987210297e-16,-0.9932568492674143,-0.11593459959550066,9024.0,5763.0,9236.0,5659.142857142857,5781.0,2832.0994231942364,6336.1,6455.5,2895.496066723935,1980.0,1,0,0,0,1,0,1,0,0,7810
1055,0,2013-09-25,0.43388373911755823,-0.900968867902419,-1.0,-1.8369701987210297e-16,-0.9951053111006974,-0.09882013873287211,7810.0,5401.0,7909.0,6046.714285714285,5921.0,2973.0155125890647,6266.766666666666,6455.5,2823.951434125388,1980.0,1,0,0,0,1,0,1,0,0,8114
1055,0,2013-09-26,-0.433883739117558,-0.9009688679024191,-1.0,-1.8369701987210297e-16,-0.99665890175417,-0.08167639533042288,8114.0,5781.0,8907.0,6275.571428571428,7383.0,3010.5745219776454,6243.533333333334,6455.5,2811.358227806883,1980.0,1,0,0,0,1,0,1,0,0,7383
1055,0,2013-09-27,-0.9749279121818236,-0.2225209339563146,-1.0,-1.8369701987210297e-16,-0.9979171608653922,-0.06450844944931625,7383.0,5677.0,8571.0,6624.571428571428,7810.0,3070.6235988336734,6235.533333333334,6455.5,2805.4632260365956,1980.0,1,0,0,0,1,0,1,0,0,8120
1055,0,2013-09-28,-0.7818314824680299,0.6234898018587334,-1.0,-1.8369701987210297e-16,-0.9988797155850335,-0.04732138832243232,8120.0,5921.0,6721.0,6777.857142857143,7810.0,3056.3967035585847,6212.833333333333,6455.5,2796.1540222405383,1980.0,0,0,0,0,1,0,1,0,0,6994
1055,0,2013-09-29,-2.4492935982947064e-16,1.0,-1.0,-1.8369701987210297e-16,-0.9995462806873573,-0.03012030484690836,6994.0,0.0,0.0,6777.857142857143,7810.0,3056.3967035585847,5901.333333333333,6081.5,2951.4093925273796,1980.0,0,0,0,0,1,0,1,0,0,0
1055,0,2013-09-30,0.7818314824680298,0.6234898018587336,-1.0,-1.8369701987210297e-16,-0.9999166586547379,-0.012910296075008843,0.0,9024.0,5934.0,6723.428571428572,7810.0,3012.8122995601507,5933.666666666667,6081.5,2976.692648970795,1980.0,0,0,0,0,1,0,1,0,0,8643
1055,0,2013-10-01,0.9749279121818236,-0.22252093395631434,-0.8660254037844386,0.5000000000000001,-0.9999907397361901,0.004303538296243821,8643.0,7810.0,5763.0,6633.285714285715,7383.0,2984.18764570224,6172.966666666666,6455.5,2764.2096517541067,1980.0,0,0,0,0,1,0,1,0,0,7179
1055,0,2013-10-02,0.43388373911755823,-0.900968867902419,-0.8660254037844386,0.5000000000000001,-0.9997685019798909,0.021516097436222233,7179.0,8114.0,5401.0,6556.571428571428,7383.0,2946.442536186238,6202.8,6475.0,2774.7027725257444,1980.0,0,0,0,0,1,0,1,0,0,7577
1055,0,2013-10-03,-0.433883739117558,-0.9009688679024191,-0.8660254037844386,0.5000000000000001,-0.9992500112396835,0.03872228089217399,7577.0,7383.0,5781.0,5501.857142857143,7179.0,3799.2944708446144,6007.9,6475.0,2997.0033464480275,1980.0,0,0,0,0,1,0,1,0,0,0
1055,0,2013-10-04,-0.9749279121818236,-0.2225209339563146,-0.8660254037844386,0.5000000000000001,-0.9984354211555643,0.05591699010060302,0.0,8120.0,5677.0,5509.714285714285,7179.0,3805.6628732405984,6088.333333333333,6857.5,3022.448269239669,1980.0,0,0,0,0,1,0,1,0,0,8175
1055,0,2013-10-05,-0.7818314824680299,0.6234898018587334,-0.8660254037844386,0.5000000000000001,-0.9973249731081555,0.07309512989807776,8175.0,6994.0,5921.0,5449.0,7179.0,3781.3489215710642,6099.666666666667,6857.5,3023.631138940033,1980.0,0,0,0,0,1,0,1,0,0,6569
1055,0,2013-10-06,-2.4492935982947064e-16,1.0,-0.8660254037844386,0.5000000000000001,-0.9959189961471792,0.0902516100310407,6569.0,0.0,0.0,5449.0,7179.0,3781.3489215710642,5905.733333333334,6857.5,3222.3695814633393,1980.0,0,0,0,0,1,0,1,0,0,0
1055,0,2013-10-07,0.7818314824680298,0.6234898018587336,-0.8660254037844386,0.5000000000000001,-0.994217906893952,0.10738134666416306,0.0,8643.0,9024.0,5698.714285714285,7179.0,4073.835732013326,6055.366666666667,7086.5,3324.787807419866,1980.0,1,0,0,0,1,0,1,0,0,10391
1055,0,2013-10-08,0.9749279121818236,-0.22252093395631434,-0.8660254037844386,0.5000000000000001,-0.9922222094179324,0.12447926388678869,10391.0,7179.0,7810.0,5889.857142857143,7577.0,4184.745409562824,6339.266666666666,7281.0,3148.871729336728,1980.0,1,0,0,0,1,0,1,0,0,8517
1055,0,2013-10-09,0.43388373911755823,-0.900968867902419,-0.8660254037844386,0.5000000000000001,-0.989932495087353,0.141540295217043,8517.0,7577.0,8114.0,5991.0,8175.0,4240.503389929075,6286.733333333334,7281.0,3100.872412651029,1980.0,1,0,0,0,1,0,1,0,0,8285
1055,0,2013-10-10,-0.433883739117558,-0.9009688679024191,-0.8660254037844386,0.5000000000000001,-0.9873494423939864,0.15855938510313475,8285.0,0.0,7383.0,7117.857142857143,8175.0,3334.393819400628,6241.8,7281.0,3066.23543644713,1980.0,1,0,0,0,1,0,1,0,0,7888
1055,0,2013-10-11,-0.9749279121818236,-0.2225209339563146,-0.8660254037844386,0.5000000000000001,-0.9844738167520923,0.17553149042142777,7888.0,8175.0,8120.0,7260.571428571428,8285.0,3407.7532606857335,6283.966666666666,7281.0,3098.4817915623867,1980.0,1,0,0,0,1,0,1,0,0,9174
1055,0,2013-10-12,-0.7818314824680299,0.6234898018587334,-0.8660254037844386,0.5000000000000001,-0.9813064702716093,0.19245158197082995,9174.0,6569.0,6994.0,7312.714285714285,8285.0,3398.186757389182,6218.2,7086.5,3061.6063779971914,1980.0,0,0,0,0,1,0,1,0,0,6934
1055,0,2013-10-13,-2.4492935982947064e-16,1.0,-0.8660254037844386,0.5000000000000001,-0.9778483415056568,0.20931464596304888,6934.0,0.0,0.0,7312.714285714285,8285.0,3398.1867573891814,5932.5,6964.0,3229.7709083911254,1980.0,0,0,0,0,1,0,1,0,0,0
1055,0,2013-10-14,0.7818314824680298,0.6234898018587336,-0.8660254037844386,0.5000000000000001,-0.9741004551724206,0.22611568550828803,0.0,10391.0,8643.0,6644.285714285715,7888.0,3142.316168809541,5898.866666666667,6964.0,3226.528696584773,1980.0,0,0,0,0,1,0,1,0,0,5712
1055,0,2013-10-15,0.9749279121818236,-0.22252093395631434,-0.8660254037844386,0.5000000000000001,-0.970063921851507,0.2428497220959358,5712.0,8517.0,7179.0,6211.714285714285,6934.0,3048.5708517427,6081.833333333333,6964.0,3030.1427880698843,1980.0,0,0,0,0,1,0,1,0,0,5489
1055,0,2013-10-16,0.43388373911755823,-0.900968867902419,-0.8660254037844386,0.5000000000000001,-0.965739937654855,0.25951179706979943,5489.0,8285.0,7577.0,5838.571428571428,5712.0,2909.1738722612636,6073.133333333333,6964.0,3030.9564523582208,1980.0,0,0,0,0,1,0,1,0,0,5673
1055,0,2013-10-17,-0.433883739117558,-0.9009688679024191,-0.8660254037844386,0.5000000000000001,-0.9611297838723007,0.27609697309746883,5673.0,7888.0,0.0,5547.571428571428,5712.0,2768.4829092930295,6076.066666666667,6964.0,3030.688529182687,1980.0,0,0,0,0,1,0,1,0,0,5851
1055,0,2013-10-18,-0.9749279121818236,-0.2225209339563146,-0.8660254037844386,0.5000000000000001,-0.9562348265919058,0.2926003356333479,5851.0,9174.0,8175.0,5053.714285714285,5712.0,2278.79512859213,6086.6,6964.0,3028.80994724854,1980.0,0,0,0,0,1,0,1,0,0,5717
1055,0,2013-10-19,-0.7818314824680299,0.6234898018587334,-0.8660254037844386,0.5000000000000001,-0.9510565162951536,0.30901699437494723,5717.0,6934.0,6569.0,4903.857142857143,5712.0,2166.248864479132,6090.066666666667,6964.0,3028.50760940597,1980.0,0,0,0,0,1,0,1,0,0,5885
1055,0,2013-10-20,-2.4492935982947064e-16,1.0,-0.8660254037844386,0.5000000000000001,-0.9455963874271428,0.3253420847119795,5885.0,0.0,0.0,4903.857142857143,5712.0,2166.248864479132,5900.833333333333,6964.0,3226.121308227928,1980.0,0,0,0,0,1,0,1,0,0,0
1055,0,2013-10-21,0.7818314824680298,0.6234898018587336,-0.8660254037844386,0.5000000000000001,-0.9398560579418953,0.341570769167856,0.0,5712.0,10391.0,5434.428571428572,5717.0,2768.331137294501,6017.666666666667,7086.5,3289.7164465726455,1980.0,1,0,0,0,1,0,1,0,0,9426
1055,0,2013-10-22,0.9749279121818236,-0.22252093395631434,-0.8660254037844386,0.5000000000000001,-0.9338372288229252,0.35769823883312546,9426.0,5489.0,8517.0,5758.428571428572,5851.0,2905.12397079957,6276.233333333334,7281.0,3099.7889881836063,1980.0,1,0,0,0,1,0,1,0,0,7757
1055,0,2013-10-23,0.43388373911755823,-0.900968867902419,-0.8660254037844386,0.5000000000000001,-0.9275416835791965,0.3737197147904692,7757.0,5673.0,8285.0,6036.285714285715,5885.0,2987.4389095168476,6229.366666666667,7281.0,3067.270397031492,1980.0,1,0,0,0,1,0,1,0,0,7618
1055,0,2013-10-24,-0.433883739117558,-0.9009688679024191,-0.8660254037844386,0.5000000000000001,-0.9209712877166346,0.38963044953078774,7618.0,5851.0,7888.0,6327.0,7618.0,3064.4264281155947,6231.9,7281.0,3068.6519712553973,1980.0,1,0,0,0,1,0,1,0,0,7886
1055,0,2013-10-25,-0.9749279121818236,-0.2225209339563146,-0.8660254037844386,0.5000000000000001,-0.9141279881853337,0.4054257283599973,7886.0,5717.0,9174.0,6603.571428571428,7653.0,3087.474418633173,6216.533333333334,7281.0,3060.0443058921496,1980.0,1,0,0,0,1,0,1,0,0,7653
1055,0,2013-10-26,-0.7818314824680299,0.6234898018587334,-0.8660254037844386,0.5000000000000001,-0.9070138128026362,0.42110087079608916,7653.0,5885.0,6934.0,6745.428571428572,7653.0,3071.7283873601605,6199.7,7086.5,3054.790789721204,1980.0,0,0,0,0,1,0,1,0,0,6878
1055,0,2013-10-27,-2.4492935982947064e-16,1.0,-0.8660254037844386,0.5000000000000001,-0.8996308696522434,0.4366512319560638,6878.0,0.0,0.0,6745.428571428572,7653.0,3071.7283873601605,5929.033333333334,6964.0,3233.2943111165787,1980.0,0,0,0,0,1,0,1,0,0,0
1055,0,2013-10-28,0.7818314824680298,0.6234898018587336,-0.8660254037844386,0.5000000000000001,-0.8919813464595487,0.45207220393230374,0.0,9426.0,5712.0,6178.857142857143,7618.0,2852.8620967121974,5877.9,6906.0,3227.9969806207273,1980.0,0,0,0,0,1,0,1,0,0,5460
1055,0,2013-10-29,0.9749279121818236,-0.22252093395631434,-0.8660254037844386,0.5000000000000001,-0.8840675099433637,0.46735921715800205,5460.0,7757.0,5489.0,5934.428571428572,6878.0,2767.123407508405,6079.433333333333,6906.0,3031.0977263091936,1980.0,0,0,0,0,1,0,1,0,0,6046
1055,0,2013-10-30,0.43388373911755823,-0.900968867902419,-0.8660254037844386,0.5000000000000001,-0.8758917051442433,0.48250774176121763,6046.0,7618.0,5673.0,5728.714285714285,6178.0,2673.0294121268503,5997.266666666666,6723.5,2992.3716223819465,1980.0,0,0,0,0,1,0,1,0,0,6178
1055,0,2013-10-31,-0.433883739117558,-0.9009688679024191,-0.8660254037844386,0.5000000000000001,-0.867456354729597,0.4975132889071803,6178.0,7886.0,5851.0,5747.142857142857,6178.0,2690.766955632499,6025.133333333333,6723.5,3007.6099312993624,1980.0,0,0,0,0,1,0,1,0,0,8015
1055,0,2013-11-01,-0.9749279121818236,-0.2225209339563146,-0.5000000000000004,0.8660254037844384,-0.858763958275803,0.5123714121284235,8015.0,7653.0,5717.0,5699.714285714285,6178.0,2654.2528587335487,6016.6,6723.5,3003.415315706549,1980.0,0,0,0,0,1,0,1,0,0,7321
1055,0,2013-11-02,-0.7818314824680299,0.6234898018587334,-0.5000000000000004,0.8660254037844384,-0.8498170915275277,0.5270777086423724,7321.0,6878.0,5885.0,5826.428571428572,6178.0,2739.6776487476764,6275.433333333333,6906.0,2794.3427415890205,1980.0,0,0,0,0,1,0,1,0,0,7765
1055,0,2013-11-03,-2.4492935982947064e-16,1.0,-0.5000000000000004,0.8660254037844384,-0.8406184056344783,0.5416278206559811,7765.0,0.0,0.0,5826.428571428572,6178.0,2739.6776487476764,6002.933333333333,6723.5,2994.173720956142,1980.0,0,0,0,0,1,0,1,0,0,0
1055,0,2013-11-04,0.7818314824680298,0.6234898018587336,-0.5000000000000004,0.8660254037844384,-0.8311706263658079,0.5560174366570446,0.0,5460.0,9426.0,6497.142857142857,7321.0,3175.1183405017277,6122.466666666666,6906.0,3087.671768035977,1980.0,1,0,0,0,1,0,1,0,0,10155
1055,0,2013-11-05,0.9749279121818236,-0.22252093395631434,-0.5000000000000004,0.8660254037844384,-0.8214765533024145,0.5702422926917867,10155.0,6046.0,7757.0,6884.428571428572,7765.0,3274.6946858774863,6414.366666666667,7127.5,2896.953161433614,1980.0,1,0,0,0,1,0,1,0,0,8757
1055,0,2013-11-06,0.43388373911755823,-0.900968867902419,-0.5000000000000004,0.8660254037844384,-0.8115390590073611,0.5842981736283683,8757.0,6178.0,7618.0,7253.857142857143,8015.0,3327.1648806239077,6360.133333333333,7127.5,2834.496351702728,1980.0,1,0,0,0,1,0,1,0,0,8764
1055,0,2013-11-07,-0.433883739117558,-0.9009688679024191,-0.5000000000000004,0.8660254037844384,-0.8013610881746769,0.5981809144059159,8764.0,8015.0,7886.0,7218.142857142857,7765.0,3318.964619102937,6335.066666666667,7127.5,2818.041897015251,1980.0,1,0,0,0,1,0,1,0,0,7765
1055,0,2013-11-08,-0.9749279121818236,-0.2225209339563146,-0.5000000000000004,0.8660254037844384,-0.7909456567567774,0.6118864012687242,7765.0,7321.0,7653.0,7474.285714285715,8757.0,3396.507702247785,6362.7,7127.5,2841.7865088829153,1980.0,1,0,0,0,1,0,1,0,0,9114
1055,0,2013-11-09,-0.7818314824680299,0.6234898018587334,-0.5000000000000004,0.8660254037844384,-0.780295851070776,0.6254105729852457,9114.0,7765.0,6878.0,7411.571428571428,8757.0,3394.2974166064046,6343.966666666666,7127.5,2833.224341852291,1980.0,0,0,0,0,1,0,1,0,0,7326
1055,0,2013-11-10,-2.4492935982947064e-16,1.0,-0.5000000000000004,0.8660254037844384,-0.7694148268839381,0.6387494220515268,7326.0,0.0,0.0,7411.571428571428,8757.0,3394.2974166064046,6038.166666666667,6906.0,3006.9979310719928,1980.0,0,0,0,0,1,0,1,0,0,0
1055,0,2013-11-11,0.7818314824680298,0.6234898018587336,-0.5000000000000004,0.8660254037844384,-0.7583058084785625,0.6518989958787125,0.0,10155.0,5460.0,6830.714285714285,7765.0,3188.222060139769,6010.0,6528.0,3002.271128834713,1980.0,0,0,0,0,1,0,1,0,0,6089
1055,0,2013-11-12,0.9749279121818236,-0.22252093395631434,-0.5000000000000004,0.8660254037844384,-0.7469720876965551,0.6648553979642867,6089.0,8757.0,6046.0,6387.857142857143,7326.0,3089.841712697235,6198.566666666667,6528.0,2781.2990847534816,1980.0,0,0,0,0,1,0,1,0,0,5657
1055,0,2013-11-13,0.43388373911755823,-0.900968867902419,-0.5000000000000004,0.8660254037844384,-0.7354170229639858,0.6776147890466887,5657.0,8764.0,6178.0,6016.571428571428,6165.0,2907.500923309844,6213.666666666667,6528.0,2779.7956552699065,1980.0,0,0,0,0,1,0,1,0,0,6165
1055,0,2013-11-14,-0.433883739117558,-0.9009688679024191,-0.5000000000000004,0.8660254037844384,-0.7236440382959123,0.690173388242972,6165.0,7765.0,8015.0,5772.0,6089.0,2806.153595226031,6232.466666666666,6528.0,2776.631061299771,1980.0,0,0,0,0,1,0,1,0,0,6053
1055,0,2013-11-15,-0.9749279121818236,-0.2225209339563146,-0.5000000000000004,0.8660254037844384,-0.7116566222817751,0.7025274741691566,6053.0,9114.0,7321.0,5407.285714285715,6089.0,2441.6329723012336,6262.066666666667,6719.5,2775.1941085678786,1980.0,0,0,0,0,1,0,1,0,0,6561
1055,0,2013-11-16,-0.7818314824680299,0.6234898018587334,-0.5000000000000004,0.8660254037844384,-0.6994583270516471,0.7146733860429608,6561.0,7326.0,7765.0,5380.142857142857,6089.0,2417.6869406226124,6304.9,7007.0,2778.5453320161873,1980.0,0,0,0,0,1,0,1,0,0,7136
1055,0,2013-11-17,-2.4492935982947064e-16,1.0,-0.5000000000000004,0.8660254037844384,-0.6870527672236675,0.726607524768565,7136.0,0.0,0.0,5380.142857142857,6089.0,2417.6869406226124,6114.333333333333,7007.0,3006.921777285306,1980.0,0,0,0,0,1,0,1,0,0,0
1055,0,2013-11-18,0.7818314824680298,0.6234898018587336,-0.5000000000000004,0.8660254037844384,-0.6744436188329457,0.7383263540031063,0.0,6089.0,10155.0,5999.0,6165.0,3090.2571090444844,6265.533333333334,7228.5,3107.359004300786,1980.0,1,0,0,0,1,0,1,0,0,10421
1055,0,2013-11-19,0.9749279121818236,-0.22252093395631434,-0.5000000000000004,0.8660254037844384,-0.661634618242279,0.749826401204568,10421.0,5657.0,8757.0,6534.0,6561.0,3335.6159850918043,6578.933333333333,7323.5,2922.2608622651082,1980.0,1,0,0,0,1,0,1,0,0,9402
1055,0,2013-11-20,0.43388373911755823,-0.900968867902419,-0.5000000000000004,0.8660254037844384,-0.6486295610349818,0.7611042586607742,9402.0,6165.0,8764.0,6755.428571428572,7136.0,3358.40710541683,6521.9,7323.5,2881.1870320742946,1980.0,1,0,0,0,1,0,1,0,0,7715
1055,0,2013-11-21,-0.433883739117558,-0.9009688679024191,-0.5000000000000004,0.8660254037844384,-0.6354323008901775,0.7721565844991641,7715.0,6053.0,7765.0,7063.571428571428,7715.0,3382.087563283104,6537.0,7323.5,2889.059577332958,1980.0,1,0,0,0,1,0,1,0,0,8210
1055,0,2013-11-22,-0.9749279121818236,-0.2225209339563146,-0.5000000000000004,0.8660254037844384,-0.622046748440868,0.7829801036770625,8210.0,6561.0,9114.0,7313.142857142857,8210.0,3403.2122290845205,6560.0,7323.5,2900.685424349642,1980.0,1,0,0,0,1,0,1,0,0,8308
1055,0,2013-11-23,-0.7818314824680299,0.6234898018587334,-0.5000000000000004,0.8660254037844384,-0.6084768701151264,0.7935716089521472,8308.0,7136.0,7326.0,7321.857142857143,8210.0,3402.7611057576605,6537.033333333334,7259.0,2892.540769340828,1980.0,0,0,0,0,1,0,1,0,0,7197
1055,0,2013-11-24,-2.4492935982947064e-16,1.0,-0.5000000000000004,0.8660254037844384,-0.594726686960764,0.8039279618328208,7197.0,0.0,0.0,7321.857142857143,8210.0,3402.7611057576605,6281.933333333333,7166.5,3119.30647611837,1980.0,0,0,0,0,1,0,1,0,0,0
1055,0,2013-11-25,0.7818314824680298,0.6234898018587336,-0.5000000000000004,0.8660254037844384,-0.5808002734538014,0.8140460935082175,0.0,10421.0,6089.0,6867.285714285715,7715.0,3120.588390794573,6293.966666666666,7218.0,3122.3800104863976,1980.0,0,0,0,0,1,0,1,0,0,7239
1055,0,2013-11-26,0.9749279121818236,-0.22252093395631434,-0.5000000000000004,0.8660254037844384,-0.5667017562911184,0.8239230057575536,7239.0,9402.0,5657.0,6516.714285714285,7239.0,2919.7564803869977,6525.566666666667,7218.0,2888.3418305119353,1980.0,0,0,0,0,1,0,1,0,0,6948
1055,0,2013-11-27,0.43388373911755823,-0.900968867902419,-0.5000000000000004,0.8660254037844384,-0.5524353131676203,0.8335557718385695,6948.0,7715.0,6165.0,6532.428571428572,7239.0,2927.5661596362916,6604.4,7280.0,2890.5296686796387,1980.0,0,0,0,0,1,0,1,0,0,7825
1055,0,2013-11-28,-0.433883739117558,-0.9009688679024191,-0.5000000000000004,0.8660254037844384,-0.5380051715382992,0.8429415373547832,7825.0,8210.0,6053.0,6410.285714285715,7239.0,2863.0347369114943,6648.033333333334,7323.5,2891.6894296364617,1980.0,0,0,0,0,1,0,1,0,0,7355
1055,0,2013-11-29,-0.9749279121818236,-0.2225209339563146,-0.5000000000000004,0.8660254037844384,-0.5234156073655503,0.8520775211013093,7355.0,8308.0,6561.0,6643.857142857143,7239.0,3100.5018103833513,6773.533333333334,7340.5,2951.6654063874425,1980.0,0,0,0,0,1,0,1,0,0,9943
1055,0,2013-11-30,-0.7818314824680299,0.6234898018587334,-0.5000000000000004,0.8660254037844384,-0.5086709438521042,0.8609610158889945,9943.0,7197.0,7136.0,6972.857142857143,7355.0,3285.63963476273,6823.033333333334,7340.5,2985.4613515517453,1980.0,0,0,0,0,1,0,1,0,0,9500
1055,0,2013-12-01,-2.4492935982947064e-16,1.0,-2.4492935982947064e-16,1.0,-0.4937755501599774,0.8695893893466109,9500.0,0.0,0.0,6972.857142857143,7355.0,3285.63963476273,6579.0,7340.5,3232.3560852834494,1980.0,0,0,0,0,1,0,1,0,0,0
1055,0,2013-12-02,0.7818314824680298,0.6234898018587336,-2.4492935982947064e-16,1.0,-0.4787338401157883,0.8779600847008883,0.0,7239.0,10421.0,7922.0,7825.0,4206.0611819927935,6782.933333333333,7340.5,3492.3058574957076,1980.0,1,0,0,0,1,0,1,0,0,13883
1055,0,2013-12-03,0.9749279121818236,-0.22252093395631434,-2.4492935982947064e-16,1.0,-0.4635502709028512,0.8860706215341377,13883.0,6948.0,9402.0,8646.0,9500.0,4440.131980020406,7183.466666666666,7535.0,3374.6202824280376,1980.0,1,0,0,0,1,0,1,0,0,12016
1055,0,2013-12-04,0.43388373911755823,-0.900968867902419,-2.4492935982947064e-16,1.0,-0.4482293417404106,0.893918596519257,12016.0,7825.0,7715.0,9237.285714285714,9943.0,4585.782074858678,7243.766666666666,7535.0,3444.977380270397,1980.0,1,0,0,0,1,0,1,0,0,11964
1055,0,2013-12-05,-0.433883739117558,-0.9009688679024191,-2.4492935982947064e-16,1.0,-0.4327755925504317,0.9015016841318838,11964.0,7355.0,8210.0,9934.57142857143,11964.0,4622.8097465049195,7359.733333333334,7535.0,3554.488545907622,1980.0,1,0,0,0,1,0,1,0,0,12236
1055,0,2013-12-06,-0.9749279121818236,-0.2225209339563146,-2.4492935982947064e-16,1.0,-0.41719360261231697,0.9088176373395028,12236.0,9943.0,8308.0,9719.57142857143,11964.0,4657.221985158914,7348.866666666667,7535.0,3550.543559487204,1980.0,1,0,0,0,1,0,1,0,0,8438
1055,0,2013-12-07,-0.7818314824680299,0.6234898018587334,-2.4492935982947064e-16,1.0,-0.4014879892059737,0.9158642882672868,8438.0,9500.0,7197.0,9571.285714285714,11964.0,4681.838197200094,7372.1,7535.0,3555.637256526595,1980.0,0,0,0,0,1,0,1,0,0,8462
1055,0,2013-12-08,-2.4492935982947064e-16,1.0,-2.4492935982947064e-16,1.0,-0.38566340624360745,0.9226395488404875,8462.0,0.0,0.0,9571.285714285714,11964.0,4681.838197200094,7068.3,7340.5,3783.7171209967732,1980.0,0,0,0,0,1,0,1,0,0,0
1055,0,2013-12-09,0.7818314824680298,0.6234898018587336,-2.4492935982947064e-16,1.0,-0.3697245428906732,0.9291414114031743,0.0,13883.0,7239.0,8718.42857142857,8462.0,4293.117121515269,7087.866666666667,7535.0,3786.612376776107,1980.0,0,0,0,0,1,0,1,0,0,7913
1055,0,2013-12-10,0.9749279121818236,-0.22252093395631434,-2.4492935982947064e-16,1.0,-0.3536761221763721,0.935367949313148,7913.0,12016.0,6948.0,8108.0,8438.0,4042.5703457082773,7345.966666666666,7729.0,3542.87747346052,1980.0,0,0,0,0,1,0,1,0,0,7743
1055,0,2013-12-11,0.43388373911755823,-0.900968867902419,-2.4492935982947064e-16,1.0,-0.33752289959411347,0.941317317512847,7743.0,11964.0,7825.0,7520.0,7913.0,3670.442888807827,7404.6,7784.0,3535.9063570062503,1980.0,0,0,0,0,1,0,1,0,0,7848
1055,0,2013-12-12,-0.433883739117558,-0.9009688679024191,-2.4492935982947064e-16,1.0,-0.32126966169236515,0.946987753076075,7848.0,12236.0,7355.0,6951.571428571428,7913.0,3078.7887692588197,7491.266666666666,7836.5,3523.436439079022,1980.0,0,0,0,0,1,0,1,0,0,8257
1055,0,2013-12-13,-0.9749279121818236,-0.2225209339563146,-2.4492935982947064e-16,1.0,-0.3049212246562894,0.9523775757303973,8257.0,8438.0,9943.0,6964.0,7913.0,3085.9565777891225,7569.933333333333,7880.5,3519.1471040906854,1980.0,0,0,0,0,1,0,1,0,0,8525
1055,0,2013-12-14,-0.7818314824680299,0.6234898018587334,-2.4492935982947064e-16,1.0,-0.2884824328806098,0.9574851883550389,8525.0,8462.0,9500.0,7071.714285714285,7913.0,3159.2470471240226,7675.366666666667,8061.5,3519.514352110617,1980.0,0,0,0,0,1,0,1,0,0,9216
1055,0,2013-12-15,-2.4492935982947064e-16,1.0,-2.4492935982947064e-16,1.0,-0.27195815753410524,0.9623090774541487,9216.0,0.0,0.0,7071.714285714285,7913.0,3159.2470471240226,7456.666666666667,8061.5,3784.9839733030435,1980.0,0,0,0,0,1,0,1,0,0,0
1055,0,2013-12-16,0.7818314824680298,0.6234898018587336,-2.4492935982947064e-16,1.0,-0.2553532951161881,0.9668478136052773,0.0,7913.0,13883.0,8296.57142857143,8257.0,4784.052844508259,7768.366666666667,8233.5,4127.228313356881,1980.0,1,0,0,0,1,0,1,0,0,16487
1055,0,2013-12-17,0.9749279121818236,-0.22252093395631434,-2.4492935982947064e-16,1.0,-0.23867276600594997,0.9711000518829505,16487.0,7743.0,12016.0,9090.714285714286,8525.0,5126.015402314144,8211.766666666666,8282.5,3975.6234096556814,1980.0,1,0,0,0,1,0,1,0,0,13302
1055,0,2013-12-18,0.43388373911755823,-0.900968867902419,-2.4492935982947064e-16,1.0,-0.22192151300416674,0.9750645322571945,13302.0,7848.0,11964.0,9973.0,9216.0,5400.619964411486,8331.866666666667,8282.5,4097.225669706968,1980.0,1,0,0,0,1,0,1,0,0,14024
1055,0,2013-12-19,-0.433883739117558,-0.9009688679024191,-2.4492935982947064e-16,1.0,-0.20510449986861926,0.9787400799669153,14024.0,8257.0,12236.0,10611.57142857143,12727.0,5428.100062242239,8442.7,8282.5,4171.47116321295,1980.0,1,0,0,0,1,0,1,0,0,12727
1055,0,2013-12-20,-0.9749279121818236,-0.2225209339563146,-2.4492935982947064e-16,1.0,-0.1882267098432439,0.9821256058680006,12727.0,8525.0,8438.0,11482.714285714286,13302.0,5525.866017023498,8672.966666666667,8373.0,4318.005034921701,1980.0,1,0,0,0,1,0,1,0,0,14623
1055,0,2013-12-21,-0.7818314824680299,0.6234898018587334,-2.4492935982947064e-16,1.0,-0.1712931441814778,0.9852201067560606,14623.0,9216.0,8462.0,11979.285714285714,13302.0,5443.795664616291,8822.366666666667,8450.0,4378.546983704265,1980.0,0,0,0,0,1,0,1,0,0,12692
1055,0,2013-12-22,-2.4492935982947064e-16,1.0,-2.4492935982947064e-16,1.0,-0.154308820664281,0.9880226656636976,12692.0,0.0,0.0,11979.285714285714,13302.0,5443.795664616291,8545.433333333332,8450.0,4665.5278570658475,1980.0,0,0,0,0,1,0,1,0,0,0
1055,0,2013-12-23,0.7818314824680298,0.6234898018587336,-2.4492935982947064e-16,1.0,-0.13727877211326517,0.9905324521322227,0.0,16487.0,7913.0,11986.285714285714,13302.0,5450.585311514271,8856.733333333334,8493.5,4879.128695063133,1980.0,0,0,0,0,1,0,1,0,0,16536
1055,0,2013-12-24,0.9749279121818236,-0.22252093395631434,-2.4492935982947064e-16,1.0,-0.12020804489935275,0.9927487224577402,16536.0,13302.0,7743.0,10811.142857142857,12727.0,5980.628462755709,9025.933333333332,8493.5,4643.736485539032,1980.0,0,0,0,0,1,0,1,0,0,5076
1055,0,2013-12-25,0.43388373911755823,-0.900968867902419,-2.4492935982947064e-16,1.0,-0.10310169744743544,0.9946708199115211,5076.0,14024.0,7848.0,8807.714285714286,12692.0,6988.9171482256,8784.633333333333,8493.5,4919.671768440998,1980.0,0,0,0,0,1,0,1,0,0,0
1055,0,2013-12-26,-0.433883739117558,-0.9009688679024191,-2.4492935982947064e-16,1.0,-0.0859647987374467,0.9962981749346077,0.0,12727.0,8257.0,6989.571428571428,5076.0,7440.26549385488,8553.033333333333,8493.5,5166.467955652254,1980.0,0,0,0,0,1,0,1,0,0,0
1055,0,2013-12-27,-0.9749279121818236,-0.2225209339563146,-2.4492935982947064e-16,1.0,-0.06880242680232064,0.9976303053065857,0.0,14623.0,8525.0,6119.428571428572,5076.0,6720.058503146702,8576.6,8528.5,5164.644699199113,1980.0,0,0,0,0,1,0,1,0,0,8532
1055,0,2013-12-28,-0.7818314824680299,0.6234898018587334,-2.4492935982947064e-16,1.0,-0.05161966722325418,0.9986668162884759,8532.0,12692.0,9216.0,5487.0,5076.0,6185.468696873343,8606.933333333332,8528.5,5159.892660827776,1980.0,0,0,0,0,1,0,1,0,0,8265
1055,0,2013-12-29,-2.4492935982947064e-16,1.0,-2.4492935982947064e-16,1.0,-0.034421611622745804,0.9994074007397048,8265.0,0.0,0.0,5487.0,5076.0,6185.468696873343,8275.5,8493.5,5385.513971885997,1980.0,0,0,0,0,1,0,1,0,0,0
1055,0,2013-12-30,0.7818314824680298,0.6234898018587336,-2.4492935982947064e-16,1.0,-0.01721335615583528,0.9998518392091162,0.0,16536.0,16487.0,4743.285714285715,5076.0,4791.461318995343,8336.5,8493.5,5410.169228980446,1980.0,0,0,0,0,1,0,1,0,0,11330
1055,0,2013-12-31,0.9749279121818236,-0.22252093395631434,-2.4492935982947064e-16,1.0,6.432490598706546e-16,1.0,11330.0,5076.0,13302.0,4546.285714285715,3697.0,4803.834604226288,8459.733333333334,8493.5,5253.570660518182,1980.0,0,0,0,0,1,0,1,0,0,3697
1055,0,2014-01-01,0.43388373911755823,-0.900968867902419,0.49999999999999994,0.8660254037844387,0.017213356155834685,0.9998518392091162,3697.0,0.0,14024.0,4546.285714285715,3697.0,4803.834604226288,7996.966666666666,8450.0,5369.552774566105,1980.0,0,0,0,0,1,0,1,0,0,0
1055,0,2014-01-02,-0.433883739117558,-0.9009688679024191,0.49999999999999994,0.8660254037844387,0.03442161162274574,0.9994074007397048,0.0,0.0,12727.0,5588.142857142857,7293.0,4429.793502657939,7839.533333333334,8351.5,5316.630367475982,1980.0,0,0,0,0,1,0,1,0,0,7293
1055,0,2014-01-03,-0.9749279121818236,-0.2225209339563146,0.49999999999999994,0.8660254037844387,0.051619667223253764,0.998666816288476,7293.0,8532.0,14623.0,5465.714285714285,7293.0,4345.921065178464,7696.566666666667,8261.0,5259.2541013245245,1980.0,0,0,0,0,1,0,1,0,0,7675
1055,0,2014-01-04,-0.7818314824680299,0.6234898018587334,0.49999999999999994,0.8660254037844387,0.06880242680231986,0.9976303053065857,7675.0,8265.0,12692.0,5317.571428571428,7228.0,4251.239147085741,7529.633333333333,8085.0,5189.212799800098,1980.0,0,0,0,0,1,0,1,0,0,7228
1055,0,2014-01-05,-2.4492935982947064e-16,1.0,0.49999999999999994,0.8660254037844387,0.08596479873744647,0.9962981749346078,7228.0,0.0,0.0,5317.571428571428,7228.0,4251.239147085741,7248.366666666667,7880.5,5364.0144351893305,1980.0,0,0,0,0,1,0,1,0,0,0
1055,0,2014-01-06,0.7818314824680298,0.6234898018587336,0.49999999999999994,0.8660254037844387,0.10310169744743485,0.9946708199115211,0.0,11330.0,16536.0,5257.571428571428,7228.0,4154.09367801381,7329.966666666666,7880.5,5401.601840854842,1980.0,1,0,0,0,1,0,1,0,0,10910
1055,0,2014-01-07,0.9749279121818236,-0.22252093395631434,0.49999999999999994,0.8660254037844387,0.1202080448993527,0.9927487224577402,10910.0,3697.0,5076.0,6064.571428571428,7293.0,4344.730289179558,7641.5,8085.0,5231.094563051425,1980.0,1,0,0,0,1,0,1,0,0,9346
1055,0,2014-01-08,0.43388373911755823,-0.900968867902419,0.49999999999999994,0.8660254037844387,0.13727877211326478,0.9905324521322229,9346.0,0.0,0.0,7243.571428571428,7675.0,3453.0178519252204,7652.833333333333,8255.0,5232.071278931133,1980.0,1,0,0,0,1,0,1,0,0,8253
1055,0,2014-01-09,-0.433883739117558,-0.9009688679024191,0.49999999999999994,0.8660254037844387,0.15430882066428117,0.9880226656636976,8253.0,7293.0,0.0,7384.0,8253.0,3475.2797968892583,7670.6,8261.0,5233.292835629232,1980.0,1,0,0,0,1,0,1,0,0,8276
1055,0,2014-01-10,-0.9749279121818236,-0.2225209339563146,0.49999999999999994,0.8660254037844387,0.1712931441814776,0.9852201067560606,8276.0,7675.0,8532.0,7547.571428571428,8276.0,3517.9431422893867,7703.0,8270.5,5237.436264117171,1980.0,1,0,0,0,1,0,1,0,0,8820
1055,0,2014-01-11,-0.7818314824680299,0.6234898018587334,0.49999999999999994,0.8660254037844387,0.1882267098432442,0.9821256058680006,8820.0,7228.0,8265.0,7477.428571428572,8276.0,3530.2503148805554,7652.333333333333,8270.5,5239.2439789786795,1980.0,0,0,0,0,1,0,1,0,0,6737
1055,0,2014-01-12,-2.4492935982947064e-16,1.0,0.49999999999999994,0.8660254037844387,0.2051044998686192,0.9787400799669153,6737.0,0.0,0.0,7477.428571428572,8276.0,3530.2503148805554,7368.166666666667,8259.0,5418.406637426331,1980.0,0,0,0,0,1,0,1,0,0,0
1055,0,2014-01-13,0.7818314824680298,0.6234898018587336,0.49999999999999994,0.8660254037844387,0.22192151300416552,0.9750645322571948,0.0,10910.0,11330.0,6778.571428571428,8253.0,3206.8826949309523,7261.566666666667,7964.0,5412.254101658524,1980.0,0,0,0,0,1,0,1,0,0,6018
1055,0,2014-01-14,0.9749279121818236,-0.22252093395631434,0.49999999999999994,0.8660254037844387,0.2386727660059501,0.9711000518829505,6018.0,9346.0,3697.0,6239.428571428572,6737.0,3014.7962815168153,7447.3,7964.0,5247.566655455484,1980.0,0,0,0,0,1,0,1,0,0,5572
1055,0,2014-01-15,0.43388373911755823,-0.900968867902419,0.49999999999999994,0.8660254037844387,0.255353295116187,0.9668478136052775,5572.0,8253.0,0.0,5860.285714285715,6018.0,2883.383817339489,7084.366666666667,7484.0,4969.979313655229,1980.0,0,0,0,0,1,0,1,0,0,5599
1055,0,2014-01-16,-0.433883739117558,-0.9009688679024191,0.49999999999999994,0.8660254037844387,0.2719581575341055,0.9623090774541486,5599.0,8276.0,7293.0,5471.0,5599.0,2679.6328106664187,6826.0,7260.5,4835.250540882388,1980.0,0,0,0,0,1,0,1,0,0,5551
1055,0,2014-01-17,-0.9749279121818236,-0.2225209339563146,0.49999999999999994,0.8660254037844387,0.288482432880609,0.9574851883550393,5551.0,8820.0,7675.0,5125.0,5599.0,2305.3599863506533,6571.8,6982.5,4640.315227104354,1980.0,0,0,0,0,1,0,1,0,0,6398
1055,0,2014-01-18,-0.7818314824680299,0.6234898018587334,0.49999999999999994,0.8660254037844387,0.30492122465628907,0.9523775757303974,6398.0,6737.0,7228.0,5114.714285714285,5599.0,2297.1149814702912,6369.733333333334,6701.0,4492.677981302259,1980.0,0,0,0,0,1,0,1,0,0,6665
1055,0,2014-01-19,-2.4492935982947064e-16,1.0,0.49999999999999994,0.8660254037844387,0.3212696616923644,0.9469877530760753,6665.0,0.0,0.0,5114.714285714285,5599.0,2297.1149814702912,5882.3,6531.5,4357.592906798349,1980.0,0,0,0,0,1,0,1,0,0,0
1055,0,2014-01-20,0.7818314824680298,0.6234898018587336,0.49999999999999994,0.8660254037844387,0.3375228995941133,0.9413173175128471,0.0,6018.0,10910.0,5369.857142857143,5599.0,2504.032443118597,5719.366666666667,6531.5,4182.040258413168,1980.0,1,0,0,0,1,0,1,0,0,7804
1055,0,2014-01-21,0.9749279121818236,-0.22252093395631434,0.49999999999999994,0.8660254037844387,0.3536761221763716,0.9353679493131483,7804.0,5572.0,9346.0,5699.571428571428,6398.0,2680.7973227594607,5982.033333333334,6701.0,4055.99483509272,1980.0,1,0,0,0,1,0,1,0,0,7880
1055,0,2014-01-22,0.43388373911755823,-0.900968867902419,0.49999999999999994,0.8660254037844387,0.3697245428906731,0.9291414114031743,7880.0,5599.0,8253.0,6145.142857142857,6665.0,2910.6443976418363,5721.433333333333,6701.0,3577.4372418730427,1980.0,1,0,0,0,1,0,1,0,0,8718
1055,0,2014-01-23,-0.433883739117558,-0.9009688679024191,0.49999999999999994,0.8660254037844387,0.38566340624360707,0.9226395488404876,8718.0,5551.0,8276.0,6567.428571428572,7804.0,3022.3663939118314,5835.8,6982.5,3610.779191866178,1980.0,1,0,0,0,1,0,1,0,0,8507
1055,0,2014-01-24,-0.9749279121818236,-0.2225209339563146,0.49999999999999994,0.8660254037844387,0.401487989205973,0.9158642882672872,8507.0,6398.0,8820.0,6841.142857142857,7880.0,3090.457378693936,6112.933333333333,7260.5,3463.4788762798535,1980.0,1,0,0,0,1,0,1,0,0,8314
1055,0,2014-01-25,-0.7818314824680299,0.6234898018587334,0.49999999999999994,0.8660254037844387,0.4171936026123168,0.9088176373395029,8314.0,6665.0,6737.0,6862.142857142857,7880.0,3089.5602938806346,6340.0,7260.5,3266.596108785261,1980.0,0,0,0,0,1,0,1,0,0,6812
1055,0,2014-01-26,-2.4492935982947064e-16,1.0,0.49999999999999994,0.8660254037844387,0.4327755925504312,0.901501684131884,6812.0,0.0,0.0,6862.142857142857,7880.0,3089.5602938806346,6055.6,7020.0,3436.18216971223,1980.0,0,0,0,0,1,0,1,0,0,0
1055,0,2014-01-27,0.7818314824680298,0.6234898018587336,0.49999999999999994,0.8660254037844387,0.4482293417404106,0.893918596519257,0.0,7804.0,6018.0,6499.285714285715,7880.0,3109.5981902428957,5955.566666666667,6774.5,3413.250404378278,1980.0,0,0,0,0,1,0,1,0,0,5264
1055,0,2014-01-28,0.9749279121818236,-0.22252093395631434,0.49999999999999994,0.8660254037844387,0.4635502709028509,0.886070621534138,5264.0,7880.0,5572.0,6249.571428571428,6812.0,3049.8533219999745,6159.966666666666,6774.5,3222.5875497947186,1980.0,0,0,0,0,1,0,1,0,0,6132
1055,0,2014-01-29,0.43388373911755823,-0.900968867902419,0.49999999999999994,0.8660254037844387,0.47873384011578846,0.8779600847008882,6132.0,8718.0,5599.0,5908.714285714285,6332.0,2855.1124154333934,5993.366666666667,6701.0,3071.755248908248,1980.0,0,0,0,0,1,0,1,0,0,6332
1055,0,2014-01-30,-0.433883739117558,-0.9009688679024191,0.49999999999999994,0.8660254037844387,0.4937755501599772,0.869589389346611,6332.0,8507.0,5551.0,5610.285714285715,6332.0,2639.282333911104,6084.066666666667,6701.0,3041.636060812791,1980.0,0,0,0,0,1,0,1,0,0,6418
1055,0,2014-01-31,-0.9749279121818236,-0.2225209339563146,0.49999999999999994,0.8660254037844387,0.5086709438521044,0.8609610158889943,6418.0,8314.0,6398.0,5708.0,6332.0,2765.699670366736,6384.0,6774.5,2859.173307094198,1980.0,0,0,0,0,1,0,1,0,0,8998
1055,0,2014-02-01,-0.7818314824680299,0.6234898018587334,0.8660254037844386,0.5000000000000001,0.5234156073655503,0.8520775211013093,8998.0,6812.0,6665.0,5891.428571428572,6332.0,2890.8699300350672,6410.766666666666,6774.5,2871.7077543574583,1980.0,0,0,0,0,1,0,1,0,0,8096
1055,0,2014-02-02,-2.4492935982947064e-16,1.0,0.8660254037844386,0.5000000000000001,0.5380051715382996,0.8429415373547828,8096.0,0.0,0.0,5891.428571428572,6332.0,2890.8699300350672,6154.933333333333,6701.0,3088.8597375343693,1980.0,0,0,0,0,1,0,1,0,0,0
1055,0,2014-02-03,0.7818314824680298,0.6234898018587336,0.8660254037844386,0.5000000000000001,0.5524353131676196,0.8335557718385699,0.0,5264.0,7804.0,6814.428571428572,6418.0,3601.299758751128,6304.833333333333,6701.0,3247.7612988061423,1980.0,1,0,0,0,1,0,1,0,0,11725
1055,0,2014-02-04,0.9749279121818236,-0.22252093395631434,0.8660254037844386,0.5000000000000001,0.5667017562911176,0.8239230057575542,11725.0,6132.0,7880.0,7359.428571428572,8096.0,3765.728785469588,6636.4,6774.5,3085.600658006416,1980.0,1,0,0,0,1,0,1,0,0,9947
1055,0,2014-02-05,0.43388373911755823,-0.900968867902419,0.8660254037844386,0.5000000000000001,0.5808002734538009,0.8140460935082178,9947.0,6332.0,8718.0,7694.142857142857,8675.0,3763.313319783128,6561.9,6774.5,3004.7820317987566,1980.0,1,0,0,0,1,0,1,0,0,8675
1055,0,2014-02-06,-0.433883739117558,-0.9009688679024191,0.8660254037844386,0.5000000000000001,0.5947266869607634,0.8039279618328213,8675.0,6418.0,8507.0,7996.857142857143,8675.0,3728.618574779463,6534.933333333333,6774.5,2982.481770714391,1980.0,1,0,0,0,1,0,1,0,0,8537
1055,0,2014-02-07,-0.9749279121818236,-0.2225209339563146,0.8660254037844386,0.5000000000000001,0.6084768701151261,0.7935716089521474,8537.0,8998.0,8314.0,7966.857142857143,8675.0,3720.0559775614174,6552.766666666666,6774.5,2994.683469351839,1980.0,1,0,0,0,1,0,1,0,0,8788
1055,0,2014-02-08,-0.7818314824680299,0.6234898018587334,0.8660254037844386,0.5000000000000001,0.6220467484408675,0.7829801036770629,8788.0,8096.0,6812.0,7794.142857142857,8675.0,3741.067157401807,6506.466666666666,6774.5,2977.812269543473,1980.0,0,0,0,0,1,0,1,0,0,6887
1055,0,2014-02-09,-2.4492935982947064e-16,1.0,0.8660254037844386,0.5000000000000001,0.6354323008901774,0.7721565844991642,6887.0,0.0,0.0,7794.142857142857,8675.0,3741.067157401807,6212.466666666666,6701.0,3170.674917093367,1980.0,0,0,0,0,1,0,1,0,0,0
1055,0,2014-02-10,0.7818314824680298,0.6234898018587336,0.8660254037844386,0.5000000000000001,0.6486295610349814,0.7611042586607747,0.0,11725.0,5264.0,7113.428571428572,8537.0,3315.972801313001,6219.9,6738.5,3172.208067598641,1980.0,0,0,0,0,1,0,1,0,0,6960
1055,0,2014-02-11,0.9749279121818236,-0.22252093395631434,0.8660254037844386,0.5000000000000001,0.6616346182422783,0.7498264012045686,6960.0,9947.0,6132.0,6561.0,6960.0,3078.870463876861,6422.566666666667,6738.5,2947.3800134489165,1980.0,0,0,0,0,1,0,1,0,0,6080
1055,0,2014-02-12,0.43388373911755823,-0.900968867902419,0.8660254037844386,0.5000000000000001,0.6744436188329455,0.7383263540031065,6080.0,8675.0,6332.0,6228.714285714285,6887.0,2934.83989990855,6433.6,6738.5,2946.432706944399,1980.0,0,0,0,0,1,0,1,0,0,6349
1055,0,2014-02-13,-0.433883739117558,-0.9009688679024191,0.8660254037844386,0.5000000000000001,0.6870527672236669,0.7266075247685656,6349.0,8537.0,6418.0,5978.571428571428,6786.0,2775.610915164614,6474.066666666667,6799.0,2942.525363126655,1980.0,0,0,0,0,1,0,1,0,0,6786
1055,0,2014-02-14,-0.9749279121818236,-0.2225209339563146,0.8660254037844386,0.5000000000000001,0.6994583270516471,0.7146733860429609,6786.0,8788.0,8998.0,5745.857142857143,6786.0,2560.7787505998654,6526.066666666667,6849.5,2940.311277602318,1980.0,0,0,0,0,1,0,1,0,0,7159
1055,0,2014-02-15,-0.7818314824680299,0.6234898018587334,0.8660254037844386,0.5000000000000001,0.7116566222817746,0.702527474169157,7159.0,6887.0,8096.0,5742.142857142857,6786.0,2558.865857404501,6569.733333333334,6874.0,2935.0539198869333,1980.0,0,0,0,0,1,0,1,0,0,6861
1055,0,2014-02-16,-2.4492935982947064e-16,1.0,0.8660254037844386,0.5000000000000001,0.7236440382959124,0.6901733882429719,6861.0,0.0,0.0,5742.142857142857,6786.0,2558.865857404501,6356.466666666666,6874.0,3170.9300684263835,1980.0,0,0,0,0,1,0,1,0,0,0
1055,0,2014-02-17,0.7818314824680298,0.6234898018587336,0.8660254037844386,0.5000000000000001,0.7354170229639855,0.6776147890466889,0.0,6960.0,11725.0,6268.428571428572,6786.0,3159.4555890291617,6489.1,6923.5,3266.069707535761,1980.0,1,0,0,0,1,0,1,0,0,10644
1055,0,2014-02-18,0.9749279121818236,-0.22252093395631434,0.8660254037844386,0.5000000000000001,0.7469720876965552,0.6648553979642865,10644.0,6080.0,9947.0,6616.428571428572,6861.0,3267.550094344018,6772.966666666666,7059.5,3045.2428982259157,1980.0,1,0,0,0,1,0,1,0,0,8516
1055,0,2014-02-19,0.43388373911755823,-0.900968867902419,0.8660254037844386,0.5000000000000001,0.7583058084785625,0.6518989958787126,8516.0,6349.0,8675.0,6912.0,7159.0,3332.264145192171,6793.433333333333,7059.5,3054.4606350818044,1980.0,1,0,0,0,1,0,1,0,0,8418
1055,0,2014-02-20,-0.433883739117558,-0.9009688679024191,0.8660254037844386,0.5000000000000001,0.7694148268839378,0.6387494220515272,8418.0,6786.0,8537.0,7055.571428571428,7791.0,3347.545909923804,6790.466666666666,7059.5,3053.4119494973656,1980.0,1,0,0,0,1,0,1,0,0,7791
1055,0,2014-02-21,-0.9749279121818236,-0.2225209339563146,0.8660254037844386,0.5000000000000001,0.7802958510707755,0.6254105729852463,7791.0,7159.0,8788.0,7202.142857142857,8185.0,3375.1768066562745,6772.7,7059.5,3043.343671030265,1980.0,1,0,0,0,1,0,1,0,0,8185
1055,0,2014-02-22,-0.7818314824680299,0.6234898018587334,0.8660254037844386,0.5000000000000001,0.7909456567567772,0.6118864012687243,8185.0,6861.0,6887.0,7208.0,8185.0,3374.521645112578,6719.2,6931.0,3025.861717103816,1980.0,0,0,0,0,1,0,1,0,0,6902
1055,0,2014-02-23,-2.4492935982947064e-16,1.0,0.8660254037844386,0.5000000000000001,0.8013610881746766,0.5981809144059164,6902.0,0.0,0.0,7208.0,8185.0,3374.521645112578,6442.066666666667,6894.5,3247.3836145780274,1980.0,0,0,0,0,1,0,1,0,0,0
1055,0,2014-02-24,0.7818314824680298,0.6234898018587336,0.8660254037844386,0.5000000000000001,0.8115390590073611,0.5842981736283683,0.0,10644.0,6960.0,6487.714285714285,7791.0,3040.445072369376,6401.733333333334,6894.5,3250.1435929374893,1980.0,0,0,0,0,1,0,1,0,0,5602
1055,0,2014-02-25,0.9749279121818236,-0.22252093395631434,0.8660254037844386,0.5000000000000001,0.8214765533024142,0.5702422926917871,5602.0,8516.0,6080.0,6071.428571428572,6902.0,2913.2835917078646,6588.466666666666,6894.5,3022.620873865329,1980.0,0,0,0,0,1,0,1,0,0,5602
1055,0,2014-02-26,0.43388373911755823,-0.900968867902419,0.8660254037844386,0.5000000000000001,0.8311706263658079,0.5560174366570446,5602.0,8418.0,6349.0,5622.142857142857,5602.0,2727.679565037618,6588.766666666666,6894.5,3022.485329057494,1980.0,0,0,0,0,1,0,1,0,0,5273
1055,0,2014-02-27,-0.433883739117558,-0.9009688679024191,0.8660254037844386,0.5000000000000001,0.8406184056344782,0.5416278206559814,5273.0,7791.0,6786.0,5322.142857142857,5602.0,2559.69447581617,6574.066666666667,6894.5,3025.8539738831314,1980.0,0,0,0,0,1,0,1,0,0,5691
1055,0,2014-02-28,-0.9749279121818236,-0.2225209339563146,0.8660254037844386,0.5000000000000001,0.8498170915275278,0.5270777086423722,5691.0,8185.0,7159.0,5347.142857142857,5602.0,2592.9540700760235,6641.666666666667,6931.0,3042.8652823345224,1980.0,0,0,0,0,1,0,1,0,0,8360
1055,0,2014-03-01,-0.7818314824680299,0.6234898018587334,1.0,6.123233995736766e-17,0.8587639582758029,0.5123714121284237,8360.0,6902.0,6861.0,5442.0,5602.0,2670.3066615403313,6679.933333333333,7059.5,3047.1709879632663,1980.0,0,0,0,0,1,0,1,0,0,7566
1055,0,2014-03-02,-2.4492935982947064e-16,1.0,1.0,6.123233995736766e-17,0.8674563547295968,0.49751328890718066,7566.0,0.0,0.0,5442.0,5602.0,2670.3066615403313,6380.0,6931.0,3247.3944781242226,1980.0,0,0,0,0,1,0,1,0,0,0
1055,0,2014-03-03,0.7818314824680298,0.6234898018587336,1.0,6.123233995736766e-17,0.8758917051442429,0.48250774176121847,0.0,5602.0,10644.0,6319.714285714285,5691.0,3584.814393813887,6501.666666666667,6931.0,3379.58767463942,1980.0,1,0,0,0,1,0,1,0,0,11746
1055,0,2014-03-04,0.9749279121818236,-0.22252093395631434,1.0,6.123233995736766e-17,0.8840675099433636,0.46735921715800227,11746.0,5602.0,8516.0,6808.714285714285,7566.0,3702.1384682498324,6802.5,7059.5,3176.461344391548,1980.0,1,0,0,0,1,0,1,0,0,9025
1055,0,2014-03-05,0.43388373911755823,-0.900968867902419,1.0,6.123233995736766e-17,0.8919813464595485,0.45207220393230435,9025.0,5273.0,8418.0,7289.714285714285,8360.0,3688.0581482349044,6699.666666666667,7059.5,3059.3860814552754,1980.0,1,0,0,0,1,0,1,0,0,8640
1055,0,2014-03-06,-0.433883739117558,-0.9009688679024191,1.0,6.123233995736766e-17,0.8996308696522433,0.43665123195606403,8640.0,5691.0,7791.0,7655.142857142857,8360.0,3629.5135775367708,6643.066666666667,7059.5,3012.5862750082006,1980.0,1,0,0,0,1,0,1,0,0,8249
1055,0,2014-03-07,-0.9749279121818236,-0.2225209339563146,1.0,6.123233995736766e-17,0.9070138128026359,0.4211008707960896,8249.0,8360.0,8185.0,7727.857142857143,8640.0,3651.0233007825495,6649.533333333334,7059.5,3017.3028459814545,1980.0,1,0,0,0,1,0,1,0,0,8869
1055,0,2014-03-08,-0.7818314824680299,0.6234898018587334,1.0,6.123233995736766e-17,0.9141279881853337,0.40542572835999735,8869.0,7566.0,6902.0,7531.0,8640.0,3698.051739317154,6571.233333333334,6931.0,2997.04413787448,1980.0,0,0,0,0,1,0,1,0,0,6188
1055,0,2014-03-09,-2.4492935982947064e-16,1.0,1.0,6.123233995736766e-17,0.9209712877166346,0.38963044953078796,6188.0,0.0,0.0,7531.0,8640.0,3698.051739317154,6278.3,6894.5,3195.787573860526,1980.0,0,0,0,0,1,0,1,0,0,0
1055,0,2014-03-10,0.7818314824680298,0.6234898018587336,1.0,6.123233995736766e-17,0.9275416835791966,0.37371971479046906,0.0,11746.0,5602.0,6680.0,8249.0,3221.0881184262325,6241.7,6881.5,3194.8633358068273,1980.0,0,0,0,0,1,0,1,0,0,5789
1055,0,2014-03-11,0.9749279121818236,-0.22252093395631434,1.0,6.123233995736766e-17,0.9338372288229252,0.35769823883312546,5789.0,9025.0,5602.0,6237.571428571428,6188.0,3053.651631361095,6439.3,6881.5,2970.9839093564847,1980.0,0,0,0,0,1,0,1,0,0,5928
1055,0,2014-03-12,0.43388373911755823,-0.900968867902419,1.0,6.123233995736766e-17,0.9398560579418954,0.3415707691678556,5928.0,8640.0,5273.0,5769.857142857143,5928.0,2869.535585454635,6386.166666666667,6823.5,2975.600583635731,1980.0,0,0,0,0,1,0,1,0,0,5366
1055,0,2014-03-13,-0.433883739117558,-0.9009688679024191,1.0,6.123233995736766e-17,0.9455963874271426,0.3253420847119801,5366.0,8249.0,5691.0,5365.857142857143,5789.0,2653.2510516076595,6364.2,6823.5,2980.3673622211527,1980.0,0,0,0,0,1,0,1,0,0,5421
1055,0,2014-03-14,-0.9749279121818236,-0.2225209339563146,1.0,6.123233995736766e-17,0.9510565162951535,0.30901699437494745,5421.0,8869.0,8360.0,5023.714285714285,5789.0,2249.999460317399,6368.366666666667,6823.5,2980.432755933884,1980.0,0,0,0,0,1,0,1,0,0,6474
1055,0,2014-03-15,-0.7818314824680299,0.6234898018587334,1.0,6.123233995736766e-17,0.9562348265919056,0.29260033563334836,6474.0,6188.0,7566.0,5155.285714285715,5789.0,2353.956365659437,6379.133333333333,6881.5,2982.5760993653985,1980.0,0,0,0,0,1,0,1,0,0,7109
1055,0,2014-03-16,-2.4492935982947064e-16,1.0,1.0,6.123233995736766e-17,0.9611297838723007,0.27609697309746883,7109.0,0.0,0.0,5155.285714285715,5789.0,2353.956365659437,6140.5,6667.5,3196.7322728276604,1980.0,0,0,0,0,1,0,1,0,0,0
1055,0,2014-03-17,0.7818314824680298,0.6234898018587336,1.0,6.123233995736766e-17,0.9657399376548549,0.2595117970697999,0.0,5789.0,11746.0,5770.571428571428,5928.0,3016.7778537783684,6248.333333333333,6688.0,3275.4670036429907,1980.0,1,0,0,0,1,0,1,0,0,10096
1055,0,2014-03-18,0.9749279121818236,-0.22252093395631434,1.0,6.123233995736766e-17,0.970063921851507,0.2428497220959356,10096.0,5928.0,9025.0,6156.571428571428,6474.0,3207.134435241884,6536.0,7005.5,3080.975785867753,1980.0,1,0,0,0,1,0,1,0,0,8630
1055,0,2014-03-19,0.43388373911755823,-0.900968867902419,1.0,6.123233995736766e-17,0.9741004551724205,0.22611568550828828,8630.0,5366.0,8640.0,6511.714285714285,7109.0,3242.449111103399,6442.933333333333,7005.5,2993.534941115291,1980.0,1,0,0,0,1,0,1,0,0,7852
1055,0,2014-03-20,-0.433883739117558,-0.9009688679024191,1.0,6.123233995736766e-17,0.9778483415056568,0.20931464596304847,7852.0,5421.0,8249.0,6820.571428571428,7583.0,3224.1563163688156,6411.833333333333,7005.5,2976.0505080453104,1980.0,1,0,0,0,1,0,1,0,0,7583
1055,0,2014-03-21,-0.9749279121818236,-0.2225209339563146,1.0,6.123233995736766e-17,0.9813064702716093,0.19245158197082998,7583.0,6474.0,8869.0,7014.857142857143,7834.0,3240.7252495170146,6392.366666666667,7005.5,2964.362506141255,1980.0,1,0,0,0,1,0,1,0,0,7834
1055,0,2014-03-22,-0.7818314824680299,0.6234898018587334,1.0,6.123233995736766e-17,0.9844738167520922,0.1755314904214282,7834.0,7109.0,6188.0,7011.285714285715,7834.0,3240.617981922874,6368.8,6993.0,2955.6575019723596,1980.0,0,0,0,0,1,0,1,0,0,7084
1055,0,2014-03-23,-2.4492935982947064e-16,1.0,1.0,6.123233995736766e-17,0.9873494423939864,0.15855938510313478,7084.0,0.0,0.0,7011.285714285715,7834.0,3240.617981922874,6095.966666666666,6688.0,3153.3852470150114,1980.0,0,0,0,0,1,0,1,0,0,0
1055,0,2014-03-24,0.7818314824680298,0.6234898018587336,1.0,6.123233995736766e-17,0.989932495087353,0.141540295217043,0.0,10096.0,5789.0,6387.571428571428,7583.0,2955.5801380407443,6056.9,6331.0,3150.313463877781,1980.0,0,0,0,0,1,0,1,0,0,5730
1055,0,2014-03-25,0.9749279121818236,-0.22252093395631434,1.0,6.123233995736766e-17,0.9922222094179323,0.12447926388678915,5730.0,8630.0,5928.0,5943.857142857143,7084.0,2791.409944130471,6241.033333333334,6331.0,2938.3936789755803,1980.0,0,0,0,0,1,0,1,0,0,5524
1055,0,2014-03-26,0.43388373911755823,-0.900968867902419,1.0,6.123233995736766e-17,0.994217906893952,0.10738134666416309,5524.0,7852.0,5366.0,5712.142857142857,6230.0,2671.355612703748,6261.966666666666,6352.0,2935.9200929102262,1980.0,0,0,0,0,1,0,1,0,0,6230
1055,0,2014-03-27,-0.433883739117558,-0.9009688679024191,1.0,6.123233995736766e-17,0.995918996147179,0.09025161003104117,6230.0,7583.0,5421.0,5550.285714285715,6230.0,2571.5685041290626,6290.233333333334,6462.0,2933.4280720724955,1980.0,0,0,0,0,1,0,1,0,0,6450
1055,0,2014-03-28,-0.9749279121818236,-0.2225209339563146,1.0,6.123233995736766e-17,0.9973249731081555,0.07309512989807777,6450.0,7834.0,6474.0,5317.571428571428,6205.0,2398.3326053144306,6321.3,6462.0,2927.21212725197,1980.0,0,0,0,0,1,0,1,0,0,6205
1055,0,2014-03-29,-0.7818314824680299,0.6234898018587334,1.0,6.123233995736766e-17,0.9984354211555643,0.055916990100603484,6205.0,7084.0,7109.0,5234.0,6205.0,2335.901324970732,6348.233333333334,6486.5,2924.9290670247724,1980.0,0,0,0,0,1,0,1,0,0,6499
1055,0,2014-03-30,-2.4492935982947064e-16,1.0,1.0,6.123233995736766e-17,0.9992500112396835,0.03872228089217446,6499.0,0.0,0.0,5234.0,6205.0,2335.901324970732,6069.566666666667,6462.0,3118.489352271361,1980.0,0,0,0,0,1,0,1,0,0,0
1055,0,2014-03-31,0.7818314824680298,0.6234898018587336,1.0,6.123233995736766e-17,0.9997685019798909,0.021516097436222254,0.0,5730.0,10096.0,6161.0,6230.0,3541.833705864802,6224.666666666667,6462.0,3305.579591657351,1980.0,1,0,0,0,1,0,1,0,0,12219
1055,0,2014-04-01,0.9749279121818236,-0.22252093395631434,0.8660254037844387,-0.49999999999999983,0.9999907397361901,0.004303538296244289,12219.0,5524.0,8630.0,6851.142857142857,6450.0,3853.9439292137854,6569.833333333333,6486.5,3171.0860435192026,1980.0,1,0,0,0,1,0,1,0,0,10355
1055,0,2014-04-02,0.43388373911755823,-0.900968867902419,0.8660254037844387,-0.49999999999999983,0.9999166586547379,-0.01291029607500882,10355.0,6230.0,7852.0,7157.285714285715,6499.0,3881.3972876738444,6457.4,6486.5,3038.246347642911,1980.0,1,0,0,0,1,0,1,0,0,8373
1055,0,2014-04-03,-0.433883739117558,-0.9009688679024191,0.8660254037844387,-0.49999999999999983,0.9995462806873573,-0.030120304846908114,8373.0,6450.0,7583.0,7436.0,8373.0,3892.1774111671684,6436.6,6486.5,3022.1556430856526,1980.0,1,0,0,0,1,0,1,0,0,8401
1055,0,2014-04-04,-0.9749279121818236,-0.2225209339563146,0.8660254037844387,-0.49999999999999983,0.9988797155850336,-0.04732138832243185,8401.0,6205.0,7834.0,7819.285714285715,8401.0,3882.843833853635,6444.866666666667,6486.5,3028.7226024016827,1980.0,1,0,0,0,1,0,1,0,0,8888
1055,0,2014-04-05,-0.7818314824680299,0.6234898018587334,0.8660254037844387,-0.49999999999999983,0.9979171608653922,-0.06450844944931623,8888.0,6499.0,7084.0,7831.857142857143,8401.0,3877.996150443821,6389.466666666666,6486.5,3009.724970059934,1980.0,0,0,0,0,1,0,1,0,0,6587
1055,0,2014-04-06,-2.4492935982947064e-16,1.0,0.8660254037844387,-0.49999999999999983,0.9966589017541702,-0.08167639533042241,6587.0,0.0,0.0,7831.857142857143,8401.0,3877.996150443821,6093.833333333333,6462.0,3188.071053196565,1980.0,0,0,0,0,1,0,1,0,0,0
1055,0,2014-04-07,0.7818314824680298,0.6234898018587336,0.8660254037844387,-0.49999999999999983,0.9951053111006976,-0.09882013873287143,0.0,12219.0,5730.0,6951.714285714285,8373.0,3384.0338707074447,6089.5,6462.0,3188.026994975047,1980.0,0,0,0,0,1,0,1,0,0,6058
1055,0,2014-04-08,0.9749279121818236,-0.22252093395631434,0.8660254037844387,-0.49999999999999983,0.9932568492674143,-0.11593459959550041,6058.0,10355.0,5524.0,6472.0,6997.0,3041.8998449433952,6322.733333333334,6486.5,2976.063008386252,1980.0,0,0,0,0,1,0,1,0,0,6997
1055,0,2014-04-09,0.43388373911755823,-0.900968867902419,0.8660254037844387,-0.49999999999999983,0.9911140639934547,-0.1330147065341959,6997.0,8373.0,6230.0,6236.0,6721.0,2931.929285186347,6353.8,6543.0,2975.1636918165395,1980.0,0,0,0,0,1,0,1,0,0,6721
1055,0,2014-04-10,-0.433883739117558,-0.9009688679024191,0.8660254037844387,-0.49999999999999983,0.9886775902323405,-0.1500553983446526,6721.0,8401.0,6450.0,5927.285714285715,6587.0,2775.57547872423,6364.2,6543.0,2974.1690859337687,1980.0,0,0,0,0,1,0,1,0,0,6240
1055,0,2014-04-11,-0.9749279121818236,-0.2225209339563146,0.8660254037844387,-0.49999999999999983,0.9859481499638304,-0.16705162550211924,6240.0,8888.0,6205.0,5594.0,6555.0,2485.744556465931,6403.833333333333,6571.0,2968.325013380011,1980.0,0,0,0,0,1,0,1,0,0,6555
1055,0,2014-04-12,-0.7818314824680299,0.6234898018587334,0.8660254037844387,-0.49999999999999983,0.9829265519799822,-0.18399835165768005,6555.0,6587.0,6499.0,5690.428571428572,6555.0,2543.116254856292,6465.2,6654.0,2966.335024211197,1980.0,0,0,0,0,1,0,1,0,0,7262
1055,0,2014-04-13,-2.4492935982947064e-16,1.0,0.8660254037844387,-0.49999999999999983,0.9796136916454901,-0.20089055513063506,7262.0,0.0,0.0,5690.428571428572,6555.0,2543.116254856292,6249.4,6654.0,3192.5387433179535,1980.0,0,0,0,0,1,0,1,0,0,0
1055,0,2014-04-14,0.7818314824680298,0.6234898018587336,0.8660254037844387,-0.49999999999999983,0.9760105506323683,-0.21772323039653177,0.0,6058.0,12219.0,6575.571428571428,6721.0,3565.240938896127,6420.9,6654.0,3373.378265283872,1980.0,1,0,0,0,1,0,1,0,0,12254
1055,0,2014-04-15,0.9749279121818236,-0.22252093395631434,0.8660254037844387,-0.49999999999999983,0.9721181966290613,-0.23449138957040985,12254.0,6997.0,10355.0,7261.857142857143,6721.0,4084.446981276303,6814.266666666666,6859.0,3285.737968159097,1980.0,1,0,0,0,1,0,1,0,0,11801
1055,0,2014-04-16,0.43388373911755823,-0.900968867902419,0.8660254037844387,-0.49999999999999983,0.9679377830240642,-0.25119006388481935,11801.0,6721.0,8373.0,7935.857142857143,7262.0,4360.281085303686,6859.033333333334,6859.0,3340.681372614471,1980.0,1,0,0,0,1,0,1,0,0,11439
1055,0,2014-04-17,-0.433883739117558,-0.9009688679024191,0.8660254037844387,-0.49999999999999983,0.9634705485641488,-0.2678143051621742,11439.0,6240.0,8401.0,8623.142857142857,11051.0,4427.075009852111,6939.733333333334,6859.0,3413.3879209446072,1980.0,1,0,0,0,1,0,1,0,0,11051
1055,0,2014-04-18,-0.9749279121818236,-0.2225209339563146,0.8660254037844387,-0.49999999999999983,0.9587178169872964,-0.2843591872810034,11051.0,6555.0,8888.0,7686.714285714285,11051.0,5500.561296034117,6678.0,6654.0,3634.878141485385,1980.0,1,0,0,0,1,0,1,0,0,0
1055,0,2014-04-19,-0.7818314824680299,0.6234898018587334,0.8660254037844387,-0.49999999999999983,0.9536809966304457,-0.30081980763566735,0.0,7262.0,6587.0,7884.285714285715,11051.0,5507.596805452313,6713.4,6654.0,3649.1392617607935,1980.0,0,0,0,0,1,0,1,0,0,8645
1055,0,2014-04-20,-2.4492935982947064e-16,1.0,0.8660254037844387,-0.49999999999999983,0.9483615800121715,-0.3171912885891061,8645.0,0.0,0.0,7884.285714285715,11051.0,5507.596805452313,6452.266666666666,6571.0,3841.419367111974,1980.0,0,0,0,0,1,0,1,0,0,0
1055,0,2014-04-21,0.7818314824680298,0.6234898018587336,0.8660254037844387,-0.49999999999999983,0.9427611433904207,-0.3334687789181868,0.0,12254.0,6058.0,6133.714285714285,8645.0,5825.486981483056,6216.133333333333,6527.0,4015.051292095892,1980.0,0,0,0,0,1,0,1,0,0,0
1055,0,2014-04-22,0.9749279121818236,-0.22252093395631434,0.8660254037844387,-0.49999999999999983,0.9368813462954315,-0.3496474552512284,0.0,11801.0,6997.0,5415.0,6770.0,5296.046827587536,6441.8,6571.0,3840.066274571758,1980.0,0,0,0,0,1,0,1,0,0,6770
1055,0,2014-04-23,0.43388373911755823,-0.900968867902419,0.8660254037844387,-0.49999999999999983,0.9307239310379795,-0.36572252349726897,6770.0,11439.0,6721.0,4632.142857142857,5959.0,4618.909951802175,6449.433333333333,6571.0,3838.829964377463,1980.0,0,0,0,0,1,0,1,0,0,5959
1055,0,2014-04-24,-0.433883739117558,-0.9009688679024191,0.8660254037844387,-0.49999999999999983,0.9242907221930934,-0.3816892202666588,5959.0,11051.0,6240.0,3867.285714285714,5697.0,3738.161835014898,6455.2,6571.0,3837.52156368197,1980.0,0,0,0,0,1,0,1,0,0,5697
1055,0,2014-04-25,-0.9749279121818236,-0.2225209339563146,0.8660254037844387,-0.49999999999999983,0.9175836260593937,-0.39754281428255595,5697.0,0.0,6555.0,4761.142857142857,5959.0,3391.2901885355027,6456.1,6571.0,3837.4700928858165,1980.0,0,0,0,0,1,0,1,0,0,6257
1055,0,2014-04-26,-0.7818314824680299,0.6234898018587334,0.8660254037844387,-0.49999999999999983,0.9106046300942163,-0.4132786077829042,6257.0,8645.0,7262.0,4389.0,5959.0,3016.2557362840935,6442.433333333333,6571.0,3838.2225743024637,1980.0,0,0,0,0,1,0,1,0,0,6040
1055,0,2014-04-27,-2.4492935982947064e-16,1.0,0.8660254037844387,-0.49999999999999983,0.9033558023246845,-0.4288919379124835,6040.0,0.0,0.0,4389.0,5959.0,3016.2557362840935,6235.6,6571.0,4014.5931867590757,1980.0,0,0,0,0,1,0,1,0,0,0
1055,0,2014-04-28,0.7818314824680298,0.6234898018587336,0.8660254037844387,-0.49999999999999983,0.895839290734909,-0.4443781781046132,0.0,0.0,12254.0,5926.714285714285,6040.0,3146.748041724223,6377.766666666666,6654.0,4098.874872393668,1980.0,1,0,0,0,1,0,1,0,0,10764
1055,0,2014-04-29,0.9749279121818236,-0.22252093395631434,0.8660254037844387,-0.49999999999999983,0.8880573226294932,-0.45973273945210397,10764.0,6770.0,11801.0,6269.428571428572,6040.0,3376.1727274703044,6683.4,6745.5,3945.9066752338617,1980.0,1,0,0,0,1,0,1,0,0,9169
1055,0,2014-04-30,0.43388373911755823,-0.900968867902419,0.8660254037844387,-0.49999999999999983,0.8800122039735357,-0.47495107206704995,9169.0,5959.0,11439.0,7014.0,6257.0,3839.261734587346,6648.466666666666,6745.5,3899.576818184188,1980.0,1,0,0,0,1,0,1,0,0,11171
1055,0,2014-05-01,-0.433883739117558,-0.9009688679024191,0.49999999999999994,-0.8660254037844387,0.8717063187093218,-0.49002866642905923,11171.0,5697.0,11051.0,6200.142857142857,6257.0,4677.334476977651,6303.3,6654.0,4016.7056337595664,1980.0,1,0,0,0,1,0,1,0,0,0
1055,0,2014-05-02,-0.9749279121818236,-0.2225209339563146,0.49999999999999994,-0.8660254037844387,0.8631421280499114,-0.5049610547215204,0.0,6257.0,0.0,6999.857142857143,9169.0,5143.962850713813,6419.366666666667,6654.0,4127.357721045178,1980.0,1,0,0,0,1,0,1,0,0,11855
1055,0,2014-05-03,-0.7818314824680299,0.6234898018587334,0.49999999999999994,-0.8660254037844387,0.854322169749827,-0.5197438121555155,11855.0,6040.0,8645.0,7155.142857142857,9169.0,5126.535003572794,6376.9,6654.0,4112.793927029031,1980.0,0,0,0,0,1,0,1,0,0,7127
1055,0,2014-05-04,-2.4492935982947064e-16,1.0,0.49999999999999994,-0.8660254037844387,0.8452490573530633,-0.5343725582809787,7127.0,0.0,0.0,7155.142857142857,9169.0,5126.535003572794,6080.633333333333,6571.0,4243.709969966772,1980.0,0,0,0,0,1,0,1,0,0,0
1055,0,2014-05-05,0.7818314824680298,0.6234898018587336,0.49999999999999994,-0.8660254037844387,0.835925479418637,-0.548842958284719,0.0,10764.0,0.0,7247.0,9169.0,5207.103193395214,6241.3,6638.0,4353.367766097476,1980.0,1,0,0,0,1,0,1,0,0,11407
1055,0,2014-05-06,0.9749279121818236,-0.22252093395631434,0.49999999999999994,-0.8660254037844387,0.8263541987239096,-0.5631507242749186,11407.0,9169.0,6770.0,7147.285714285715,8471.0,5170.719379811852,6523.666666666667,6745.5,4206.843048745887,1980.0,1,0,0,0,1,0,1,0,0,8471
1055,0,2014-05-07,0.43388373911755823,-0.900968867902419,0.49999999999999994,-0.8660254037844387,0.8165380514459161,-0.5772916165517272,8471.0,11171.0,5959.0,6947.857142857143,8471.0,5014.21706844885,6647.566666666667,6883.5,4247.198311287369,1980.0,1,0,0,0,1,0,1,0,0,9775
1055,0,2014-05-08,-0.433883739117558,-0.9009688679024191,0.49999999999999994,-0.8660254037844387,0.8064799463209448,-0.5912614448635781,9775.0,0.0,5697.0,8163.285714285715,8508.0,3972.293574006733,6697.933333333333,6948.5,4260.423792529799,1980.0,1,0,0,0,1,0,1,0,0,8508
1055,0,2014-05-09,-0.9749279121818236,-0.2225209339563146,0.49999999999999994,-0.8660254037844387,0.7961828637826158,-0.6050560696488488,8508.0,11855.0,6257.0,7766.142857142857,8508.0,3669.085009852424,6776.4,7194.5,4282.483646122927,1980.0,1,0,0,0,1,0,1,0,0,9075
1055,0,2014-05-10,-0.7818314824680299,0.6234898018587334,0.49999999999999994,-0.8660254037844387,0.7856498550787145,-0.6186714032625031,9075.0,7127.0,6040.0,7815.0,8508.0,3661.4248137394025,6817.366666666667,7365.5,4283.053780716012,1980.0,0,0,0,0,1,0,1,0,0,7469
1055,0,2014-05-11,-2.4492935982947064e-16,1.0,0.49999999999999994,-0.8660254037844387,0.7748840413670407,-0.6321034111873487,7469.0,0.0,0.0,7815.0,8508.0,3661.424813739402,6598.866666666667,7365.5,4460.428792850743,1980.0,0,0,0,0,1,0,1,0,0,0
1055,0,2014-05-12,0.7818314824680298,0.6234898018587336,0.49999999999999994,-0.8660254037844387,0.7638886127905428,-0.6453481132295501,0.0,11407.0,10764.0,7125.285714285715,8471.0,3309.871131141191,6576.1,7298.0,4458.670068838756,1980.0,0,0,0,0,1,0,1,0,0,6579
1055,0,2014-05-13,0.9749279121818236,-0.22252093395631434,0.49999999999999994,-0.8660254037844387,0.7526668275320084,-0.6584015846980488,6579.0,8471.0,9169.0,6747.285714285715,7469.0,3281.541543964037,6770.266666666666,7298.0,4285.904981756323,1980.0,0,0,0,0,1,0,1,0,0,5825
1055,0,2014-05-14,0.43388373911755823,-0.900968867902419,0.49999999999999994,-0.8660254037844387,0.741222010848596,-0.6712599575675313,5825.0,9775.0,11171.0,6262.0,6579.0,2998.10751419402,6574.4,6948.5,4159.045369577841,1980.0,0,0,0,0,1,0,1,0,0,6378
1055,0,2014-05-15,-0.433883739117558,-0.9009688679024191,0.49999999999999994,-0.8660254037844387,0.7295575540864875,-0.6839194216246106,6378.0,8508.0,0.0,5883.714285714285,6378.0,2829.819765420034,6376.366666666667,6674.5,4041.374795812666,1980.0,0,0,0,0,1,0,1,0,0,5860
1055,0,2014-05-16,-0.9749279121818236,-0.2225209339563146,0.49999999999999994,-0.8660254037844387,0.717676913675962,-0.6963762255968722,5860.0,9075.0,11855.0,5469.857142857143,6178.0,2474.8951108125393,6201.0,6478.5,3926.6335761539162,1980.0,0,0,0,0,1,0,1,0,0,6178
1055,0,2014-05-17,-0.7818314824680299,0.6234898018587334,0.49999999999999994,-0.8660254037844387,0.705583610107178,-0.7086266782644596,6178.0,7469.0,7127.0,5291.0,6178.0,2348.3453749395567,6039.866666666667,6317.5,3818.4394874791733,1980.0,0,0,0,0,1,0,1,0,0,6217
1055,0,2014-05-18,-2.4492935982947064e-16,1.0,0.49999999999999994,-0.8660254037844387,0.6932812268869777,-0.7206671495538609,6217.0,0.0,0.0,5291.0,6178.0,2348.3453749395567,6039.866666666667,6317.5,3818.4394874791733,1980.0,0,0,0,0,1,0,1,0,0,0
1055,0,2014-05-19,0.7818314824680298,0.6234898018587336,0.49999999999999994,-0.8660254037844387,0.6807734094770161,-0.7324940716135789,0.0,6579.0,11407.0,5795.428571428572,6178.0,2968.474235312525,6088.7,6317.5,3862.0239838359525,1980.0,1,0,0,0,1,0,1,0,0,10110
1055,0,2014-05-20,0.9749279121818236,-0.22252093395631434,0.49999999999999994,-0.8660254037844387,0.6680638642135335,-0.7441039398713607,10110.0,5825.0,8471.0,4963.285714285715,6178.0,3688.0419698572555,6088.7,6317.5,3862.0239838359525,1980.0,1,0,0,0,1,0,1,0,0,0
1055,0,2014-05-21,0.43388373911755823,-0.900968867902419,0.49999999999999994,-0.8660254037844387,0.6551563572090853,-0.7554933140726803,0.0,6378.0,9775.0,5342.142857142857,6178.0,3982.083643377817,6389.7,6478.5,3720.4124553510214,1980.0,1,0,0,0,1,0,1,0,0,9030
1055,0,2014-05-22,-0.433883739117558,-0.9009688679024191,0.49999999999999994,-0.8660254037844387,0.6420547132365637,-0.766658819300159,9030.0,5860.0,8508.0,5677.571428571428,6217.0,4129.150754378066,6437.633333333333,6478.5,3734.7171566572306,1980.0,1,0,0,0,1,0,1,0,0,8208
1055,0,2014-05-23,-0.9749279121818236,-0.2225209339563146,0.49999999999999994,-0.8660254037844387,0.6287628145958344,-0.777597146973627,8208.0,6178.0,9075.0,5967.285714285715,8206.0,4239.777852446427,6512.533333333334,6853.0,3747.297810177475,1980.0,1,0,0,0,1,0,1,0,0,8206
1055,0,2014-05-24,-0.7818314824680299,0.6234898018587334,0.49999999999999994,-0.8660254037844387,0.6152845999633276,-0.7883050558305255,8206.0,6217.0,7469.0,6105.857142857143,8206.0,4265.075787860102,6562.2,7157.0,3745.990006798532,1980.0,0,0,0,0,1,0,1,0,0,7187
1055,0,2014-05-25,-2.4492935982947064e-16,1.0,0.49999999999999994,-0.8660254037844387,0.6016240632249226,-0.7987793728863649,7187.0,0.0,0.0,6105.857142857143,8206.0,4265.075787860102,6353.633333333333,7157.0,3933.0829925691583,1980.0,0,0,0,0,1,0,1,0,0,0
1055,0,2014-05-26,0.7818314824680298,0.6234898018587336,0.49999999999999994,-0.8660254037844387,0.5877852522924732,-0.8090169943749473,0.0,10110.0,6579.0,5679.0,7187.0,3934.233639901592,6389.7,7157.0,3935.0682870997184,1980.0,0,0,0,0,1,0,1,0,0,7122
1055,0,2014-05-27,0.9749279121818236,-0.22252093395631434,0.49999999999999994,-0.8660254037844387,0.5737722679043246,-0.8190148866680801,7122.0,0.0,5825.0,6607.571428571428,7187.0,3034.700746210011,6606.366666666667,7157.0,3745.4969605660044,1980.0,0,0,0,0,1,0,1,0,0,6500
1055,0,2014-05-28,0.43388373911755823,-0.900968867902419,0.49999999999999994,-0.8660254037844387,0.5595892624101765,-0.8287700871745037,6500.0,9030.0,6378.0,6589.285714285715,7187.0,3018.0113051635867,6544.3,7157.0,3689.2300210580315,1980.0,0,0,0,0,1,0,1,0,0,8902
1055,0,2014-05-29,-0.433883739117558,-0.9009688679024191,0.49999999999999994,-0.8660254037844387,0.545240438540651,-0.8382797052177743,8902.0,8208.0,5860.0,5416.714285714285,7122.0,3782.070363979925,6238.666666666667,7124.5,3840.9705430585723,1980.0,0,0,0,0,1,0,1,0,0,0
1055,0,2014-05-30,-0.9749279121818236,-0.2225209339563146,0.49999999999999994,-0.8660254037844387,0.5307300481619334,-0.8475409228928311,0.0,8206.0,6178.0,5734.857142857143,7122.0,4133.175551904024,6214.066666666667,7124.5,3810.5341822404603,1980.0,0,0,0,0,1,0,1,0,0,10433
1055,0,2014-05-31,-0.7818314824680299,0.6234898018587334,0.49999999999999994,-0.8660254037844387,0.5160623910158528,-0.8565509959010036,10433.0,7187.0,6217.0,5850.142857142857,7122.0,4191.276910782338,6480.533333333334,7157.0,3636.540395839801,1980.0,0,0,0,0,1,0,1,0,0,7994
1055,0,2014-06-01,-2.4492935982947064e-16,1.0,1.2246467991473532e-16,-1.0,0.5012418134457758,-0.865307254363206,7994.0,0.0,0.0,5850.142857142857,7122.0,4191.276910782338,6085.366666666667,7124.5,3676.2803304177005,1980.0,0,0,0,0,1,0,1,0,0,0
1055,0,2014-06-02,0.7818314824680298,0.6234898018587336,1.2246467991473532e-16,-1.0,0.48627270710869,-0.8738071036110808,0.0,7122.0,10110.0,6528.714285714285,7994.0,4775.331427042025,6243.533333333334,7154.5,3821.8324701489787,1980.0,1,0,0,0,1,0,1,0,0,11872
1055,0,2014-06-03,0.9749279121818236,-0.22252093395631434,1.2246467991473532e-16,-1.0,0.4711595076738638,-0.8820480249558537,11872.0,6500.0,0.0,7033.142857142857,8902.0,4954.909768050653,6577.9,7328.0,3693.3998107528173,1980.0,1,0,0,0,1,0,1,0,0,10031
1055,0,2014-06-04,0.43388373911755823,-0.900968867902419,1.2246467991473532e-16,-1.0,0.4559066935084588,-0.8900275764346767,10031.0,8902.0,9030.0,6980.0,8530.0,4933.473590348552,6482.0,7328.0,3599.8536656082406,1980.0,1,0,0,0,1,0,1,0,0,8530
1055,0,2014-06-05,-0.433883739117558,-0.9009688679024191,1.2246467991473532e-16,-1.0,0.440518784350495,-0.8977433935342337,8530.0,0.0,8208.0,8342.0,9534.0,3891.276097460395,6517.433333333333,7328.0,3625.2484498291274,1980.0,1,0,0,0,1,0,1,0,0,9534
1055,0,2014-06-06,-0.9749279121818236,-0.2225209339563146,1.2246467991473532e-16,-1.0,0.42500033996955416,-0.9051931898913974,9534.0,10433.0,8206.0,8250.42857142857,9534.0,3841.08707951029,6518.0,7328.0,3625.7764923411614,1980.0,1,0,0,0,1,0,1,0,0,9792
1055,0,2014-06-07,-0.7818314824680299,0.6234898018587334,1.2246467991473532e-16,-1.0,0.4093559588156213,-0.9123747579707273,9792.0,7994.0,7187.0,8152.571428571428,9534.0,3857.399808901616,6478.033333333334,7248.0,3609.656880086251,1980.0,0,0,0,0,1,0,1,0,0,7309
1055,0,2014-06-08,-2.4492935982947064e-16,1.0,1.2246467991473532e-16,-1.0,0.39359027665646673,-0.9192859697186104,7309.0,0.0,0.0,8152.571428571428,9534.0,3857.3998089016163,6175.533333333334,7154.5,3761.577775471288,1980.0,0,0,0,0,1,0,1,0,0,0
1055,0,2014-06-09,0.7818314824680298,0.6234898018587336,1.2246467991473532e-16,-1.0,0.3777079652039649,-0.9259247771938498,0.0,11872.0,7122.0,6456.571428571428,8530.0,4505.044574590534,5926.566666666667,6850.5,3916.979736228281,1980.0,0,0,0,0,1,0,1,0,0,0
1055,0,2014-06-10,0.9749279121818236,-0.22252093395631434,1.2246467991473532e-16,-1.0,0.36171373072976765,-0.9322892131745133,0.0,10031.0,6500.0,6037.0,7309.0,4245.979549330558,6163.033333333334,7108.0,3757.752404933246,1980.0,0,0,0,0,1,0,1,0,0,7094
1055,0,2014-06-11,0.43388373911755823,-0.900968867902419,1.2246467991473532e-16,-1.0,0.3456123126707335,-0.9383773917408641,7094.0,8530.0,8902.0,5677.714285714285,7094.0,4103.898257116264,6144.233333333334,7108.0,3757.0103363999515,1980.0,0,0,0,0,1,0,1,0,0,6015
1055,0,2014-06-12,-0.433883739117558,-0.9009688679024191,1.2246467991473532e-16,-1.0,0.3294084822245304,-0.9441875088341993,6015.0,9534.0,0.0,5321.714285714285,7042.0,3811.278644334723,6184.8,7108.0,3760.013659182818,1980.0,0,0,0,0,1,0,1,0,0,7042
1055,0,2014-06-13,-0.9749279121818236,-0.2225209339563146,1.2246467991473532e-16,-1.0,0.3131070409358269,-0.9497178427914316,7042.0,9792.0,10433.0,4965.714285714285,7042.0,3420.4794359020198,6215.533333333334,7154.5,3765.4114922206195,1980.0,0,0,0,0,1,0,1,0,0,7300
1055,0,2014-06-14,-0.7818314824680299,0.6234898018587334,1.2246467991473532e-16,-1.0,0.29671281927349075,-0.9549667548552551,7300.0,7309.0,7994.0,4982.0,7042.0,3433.741545311765,6267.633333333333,7243.5,3771.1313904938133,1980.0,0,0,0,0,1,0,1,0,0,7423
1055,0,2014-06-15,-2.4492935982947064e-16,1.0,1.2246467991473532e-16,-1.0,0.28023067519921585,-0.9599326896597447,7423.0,0.0,0.0,4982.0,7042.0,3433.741545311765,6061.7,7243.5,3941.050377667143,1980.0,0,0,0,0,1,0,1,0,0,0
1055,0,2014-06-16,0.7818314824680298,0.6234898018587336,1.2246467991473532e-16,-1.0,0.26366549272800704,-0.9646141756912435,0.0,0.0,11872.0,6344.571428571428,7094.0,2991.2118980519604,6172.4,7304.5,3991.876981381408,1980.0,1,0,0,0,1,0,1,0,0,9538
1055,0,2014-06-17,0.9749279121818236,-0.22252093395631434,1.2246467991473532e-16,-1.0,0.24702218048093552,-0.9690098257244062,9538.0,7094.0,10031.0,6645.142857142857,7300.0,3178.891338636338,6479.0,7366.0,3852.2407272507826,1980.0,1,0,0,0,1,0,1,0,0,9198
1055,0,2014-06-18,0.43388373911755823,-0.900968867902419,1.2246467991473532e-16,-1.0,0.23030567023061221,-0.9731183372332619,9198.0,6015.0,8530.0,6983.428571428572,7423.0,3226.3009705204086,6421.433333333333,7366.0,3808.7677316073396,1980.0,1,0,0,0,1,0,1,0,0,8383
1055,0,2014-06-19,-0.433883739117558,-0.9009688679024191,1.2246467991473532e-16,-1.0,0.21352091543979612,-0.9769384927771817,8383.0,7042.0,9534.0,7211.714285714285,8383.0,3287.098655566721,6709.433333333333,7708.5,3628.8762835909934,1980.0,1,0,0,0,1,0,1,0,0,8640
1055,0,2014-06-20,-0.9749279121818236,-0.2225209339563146,1.2246467991473532e-16,-1.0,0.19667288979357647,-0.980469160361632,8640.0,7300.0,9792.0,7385.857142857143,8519.0,3324.630978448151,6692.4,7708.5,3618.793603513134,1980.0,1,0,0,0,1,0,1,0,0,8519
1055,0,2014-06-21,-0.7818314824680299,0.6234898018587334,1.2246467991473532e-16,-1.0,0.1797665857255624,-0.9837092937736097,8519.0,7423.0,7309.0,7264.714285714285,8519.0,3338.472890124347,6637.966666666666,7366.0,3607.4740277539804,1980.0,0,0,0,0,1,0,1,0,0,6575
1055,0,2014-06-22,-2.4492935982947064e-16,1.0,1.2246467991473532e-16,-1.0,0.16280701293851715,-0.986657932891657,6575.0,0.0,0.0,7264.714285714285,8519.0,3338.472890124347,6364.433333333333,7304.5,3790.9213481442844,1980.0,0,0,0,0,1,0,1,0,0,0
1055,0,2014-06-23,0.7818314824680298,0.6234898018587336,1.2246467991473532e-16,-1.0,0.1457991969198751,-0.9893142039703663,0.0,9538.0,0.0,6849.571428571428,8383.0,3185.867273712806,6345.933333333333,7304.5,3788.121925115428,1980.0,0,0,0,0,1,0,1,0,0,6632
1055,0,2014-06-24,0.9749279121818236,-0.22252093395631434,1.2246467991473532e-16,-1.0,0.12874817745258132,-0.99167731989929,6632.0,9198.0,7094.0,6447.285714285715,6632.0,3013.0043541447517,6558.666666666667,7304.5,3593.6674700168705,1980.0,0,0,0,0,1,0,1,0,0,6382
1055,0,2014-06-25,0.43388373911755823,-0.900968867902419,1.2246467991473532e-16,-1.0,0.11165900712169512,-0.993746580436178,6382.0,8383.0,6015.0,6090.0,6575.0,2891.0251353686526,6517.333333333333,7304.5,3594.095784164233,1980.0,0,0,0,0,1,0,1,0,0,5882
1055,0,2014-06-26,-0.433883739117558,-0.9009688679024191,1.2246467991473532e-16,-1.0,0.09453674981719912,-0.9955213724144752,5882.0,8640.0,7042.0,5625.142857142857,6382.0,2665.4777200701737,6480.2,7304.5,3600.0309328172953,1980.0,0,0,0,0,1,0,1,0,0,5386
1055,0,2014-06-27,-0.9749279121818236,-0.2225209339563146,1.2246467991473532e-16,-1.0,0.07738647923346301,-0.9970011699250151,5386.0,8519.0,7300.0,5375.428571428572,6382.0,2419.735099629911,6409.166666666667,7197.0,3571.508597346439,1980.0,0,0,0,0,1,0,1,0,0,6771
1055,0,2014-06-28,-0.7818314824680299,0.6234898018587334,1.2246467991473532e-16,-1.0,0.06021327736579302,-0.9981855344718586,6771.0,6575.0,7423.0,5491.857142857143,6382.0,2505.1728103114624,6655.5,7304.5,3362.9766653552806,1980.0,0,0,0,0,1,0,1,0,0,7390
1055,0,2014-06-29,-2.4492935982947064e-16,1.0,1.2246467991473532e-16,-1.0,0.04302223300453059,-0.99907411510223,7390.0,0.0,0.0,5491.857142857143,6382.0,2505.1728103114624,6307.733333333334,7197.0,3495.695253557883,1980.0,0,0,0,0,1,0,1,0,0,0
1055,0,2014-06-30,0.7818314824680298,0.6234898018587336,1.2246467991473532e-16,-1.0,0.02581844022713308,-0.9996666485105112,0.0,6632.0,9538.0,6373.714285714285,6382.0,3750.4171640981353,6468.1,7197.0,3681.1548445637486,1980.0,1,0,0,0,1,0,1,0,0,12805
1055,0,2014-07-01,0.9749279121818236,-0.22252093395631434,-0.4999999999999998,-0.8660254037844388,0.008606996888688698,-0.9999629591162655,12805.0,6382.0,9198.0,6915.285714285715,6771.0,4016.1171013092426,6807.2,7304.5,3530.245819320175,1980.0,1,0,0,0,1,0,1,0,0,10173
1055,0,2014-07-02,0.43388373911755823,-0.900968867902419,-0.4999999999999998,-0.8660254037844388,-0.008606996888688009,-0.9999629591162655,10173.0,5882.0,8383.0,7464.857142857143,7390.0,4113.195976714106,6735.766666666666,7304.5,3444.8765823779636,1980.0,1,0,0,0,1,0,1,0,0,9729
1055,0,2014-07-03,-0.433883739117558,-0.9009688679024191,-0.4999999999999998,-0.8660254037844388,-0.02581844022713239,-0.9996666485105112,9729.0,5386.0,8640.0,7939.714285714285,8710.0,4024.1064314240657,6691.733333333334,7304.5,3409.5653068403285,1980.0,1,0,0,0,1,0,1,0,0,8710
1055,0,2014-07-04,-0.9749279121818236,-0.2225209339563146,-0.4999999999999998,-0.8660254037844388,-0.04302223300453034,-0.99907411510223,8710.0,6771.0,8519.0,8061.714285714285,8710.0,3995.6134161638465,6661.566666666667,7304.5,3396.719479076866,1980.0,1,0,0,0,1,0,1,0,0,7625
1055,0,2014-07-05,-0.7818314824680299,0.6234898018587334,-0.4999999999999998,-0.8660254037844388,-0.060213277365792774,-0.9981855344718586,7625.0,7390.0,6575.0,8082.142857142857,8710.0,3991.9706256672816,6594.866666666667,7304.5,3357.793042988239,1980.0,0,0,0,0,1,0,1,0,0,7533
1055,0,2014-07-06,-2.4492935982947064e-16,1.0,-0.4999999999999998,-0.8660254037844388,-0.07738647923346322,-0.9970011699250151,7533.0,0.0,0.0,8082.142857142857,8710.0,3991.970625667282,6268.466666666666,7197.0,3508.8211276363336,1980.0,0,0,0,0,1,0,1,0,0,0
1055,0,2014-07-07,0.7818314824680298,0.6234898018587336,-0.4999999999999998,-0.8660254037844388,-0.09453674981719933,-0.9955213724144752,0.0,12805.0,6632.0,7284.714285714285,7625.0,3405.7910835460652,6265.6,7158.5,3507.9767388054306,1980.0,0,0,0,0,1,0,1,0,0,7223
1055,0,2014-07-08,0.9749279121818236,-0.22252093395631434,-0.4999999999999998,-0.8660254037844388,-0.11165900712169444,-0.9937465804361781,7223.0,10173.0,6382.0,6701.142857142857,7533.0,3170.239708527386,6468.533333333334,7158.5,3303.130508172962,1980.0,0,0,0,0,1,0,1,0,0,6088
1055,0,2014-07-09,0.43388373911755823,-0.900968867902419,-0.4999999999999998,-0.8660254037844388,-0.12874817745258066,-0.99167731989929,6088.0,9729.0,5882.0,6328.571428571428,7223.0,2896.527050172492,6705.9,7172.0,3069.892532657934,1980.0,0,0,0,0,1,0,1,0,0,7121
1055,0,2014-07-10,-0.433883739117558,-0.9009688679024191,-0.4999999999999998,-0.8660254037844388,-0.14579919691987442,-0.9893142039703664,7121.0,8710.0,5386.0,6120.428571428572,7223.0,2745.278240734012,6711.2,7238.0,3070.7228105627387,1980.0,0,0,0,0,1,0,1,0,0,7253
1055,0,2014-07-11,-0.9749279121818236,-0.2225209339563146,-0.4999999999999998,-0.8660254037844388,-0.16280701293851646,-0.9866579328916572,7253.0,7625.0,6771.0,6060.285714285715,7204.0,2711.2231996084815,6750.833333333333,7238.0,3069.0999026821623,1980.0,0,0,0,0,1,0,1,0,0,7204
1055,0,2014-07-12,-0.7818314824680299,0.6234898018587334,-0.4999999999999998,-0.8660254037844388,-0.17976658572556214,-0.9837092937736098,7204.0,7533.0,7390.0,5980.857142857143,7121.0,2668.698273726442,6748.666666666667,7238.0,3068.9102000697144,1980.0,0,0,0,0,1,0,1,0,0,6977
1055,0,2014-07-13,-2.4492935982947064e-16,1.0,-0.4999999999999998,-0.8660254037844388,-0.19667288979357622,-0.9804691603616321,6977.0,0.0,0.0,5980.857142857143,7121.0,2668.698273726442,6505.333333333333,7213.5,3304.0846437906694,1980.0,0,0,0,0,1,0,1,0,0,0
1055,0,2014-07-14,0.7818314824680298,0.6234898018587336,-0.4999999999999998,-0.8660254037844388,-0.2135209154397959,-0.9769384927771817,0.0,7223.0,12805.0,6295.714285714285,7121.0,2954.396143280142,6572.133333333333,7213.5,3343.302318876096,1980.0,1,0,0,0,1,0,1,0,0,9427
1055,0,2014-07-15,0.9749279121818236,-0.22252093395631434,-0.4999999999999998,-0.8660254037844388,-0.23030567023061196,-0.973118337233262,9427.0,6088.0,10173.0,6735.571428571428,7204.0,3141.59077841905,6877.7,7238.0,3134.3024758859515,1980.0,1,0,0,0,1,0,1,0,0,9167
1055,0,2014-07-16,0.43388373911755823,-0.900968867902419,-0.4999999999999998,-0.8660254037844388,-0.24702218048093527,-0.9690098257244063,9167.0,7121.0,9729.0,6917.571428571428,7253.0,3203.9256055211818,6839.6,7238.0,3107.6832661580233,1980.0,1,0,0,0,1,0,1,0,0,8395
1055,0,2014-07-17,-0.433883739117558,-0.9009688679024191,-0.4999999999999998,-0.8660254037844388,-0.2636654927280072,-0.9646141756912435,8395.0,7253.0,8710.0,7101.285714285715,8395.0,3262.695650035701,6817.633333333333,7238.0,3092.731172006198,1980.0,1,0,0,0,1,0,1,0,0,8539
1055,0,2014-07-18,-0.9749279121818236,-0.2225209339563146,-0.4999999999999998,-0.8660254037844388,-0.2802306751992161,-0.9599326896597445,8539.0,7204.0,7625.0,7131.857142857143,8395.0,3264.8203844709624,6785.466666666666,7238.0,3080.8844647369447,1980.0,1,0,0,0,1,0,1,0,0,7418
1055,0,2014-07-19,-0.7818314824680299,0.6234898018587334,-0.4999999999999998,-0.8660254037844388,-0.2967128192734901,-0.9549667548552553,7418.0,6977.0,7533.0,7001.0,8395.0,3290.319184111675,6699.5,7213.5,3063.2835296065236,1980.0,0,0,0,0,1,0,1,0,0,6061
1055,0,2014-07-20,-2.4492935982947064e-16,1.0,-0.4999999999999998,-0.8660254037844388,-0.3131070409358267,-0.9497178427914317,6061.0,0.0,0.0,7001.0,8395.0,3290.319184111675,6415.533333333334,7162.5,3276.2524926205365,1980.0,0,0,0,0,1,0,1,0,0,0
1055,0,2014-07-21,0.7818314824680298,0.6234898018587336,-0.4999999999999998,-0.8660254037844388,-0.3294084822245302,-0.9441875088341994,0.0,9427.0,7223.0,6552.571428571428,7418.0,3113.745807284363,6405.966666666666,7162.5,3276.1898126490973,1980.0,0,0,0,0,1,0,1,0,0,6288
1055,0,2014-07-22,0.9749279121818236,-0.22252093395631434,-0.4999999999999998,-0.8660254037844388,-0.3456123126707333,-0.9383773917408642,6288.0,9167.0,6088.0,6059.285714285715,6288.0,2896.4670269304384,6596.433333333333,7162.5,3049.15620530792,1980.0,0,0,0,0,1,0,1,0,0,5714
1055,0,2014-07-23,0.43388373911755823,-0.900968867902419,-0.4999999999999998,-0.8660254037844388,-0.3617137307297674,-0.9322892131745134,5714.0,8395.0,7121.0,5680.428571428572,6061.0,2707.301045761438,6566.8,7162.5,3053.115948191851,1980.0,0,0,0,0,1,0,1,0,0,5743
1055,0,2014-07-24,-0.433883739117558,-0.9009688679024191,-0.4999999999999998,-0.8660254037844388,-0.37770796520396466,-0.9259247771938499,5743.0,8539.0,7253.0,5291.857142857143,5819.0,2407.202070770929,6548.033333333334,7162.5,3056.0199548379583,1980.0,0,0,0,0,1,0,1,0,0,5819
1055,0,2014-07-25,-0.9749279121818236,-0.2225209339563146,-0.4999999999999998,-0.8660254037844388,-0.39359027665646645,-0.9192859697186105,5819.0,7418.0,7204.0,5067.428571428572,5819.0,2243.6151524673296,6546.866666666667,7162.5,3056.2896564900057,1980.0,0,0,0,0,1,0,1,0,0,5847
1055,0,2014-07-26,-0.7818314824680299,0.6234898018587334,-0.4999999999999998,-0.8660254037844388,-0.4093559588156211,-0.9123747579707274,5847.0,6061.0,6977.0,5053.857142857143,5819.0,2236.880672467172,6566.2,7162.5,3050.5221079406165,1980.0,0,0,0,0,1,0,1,0,0,5966
1055,0,2014-07-27,-2.4492935982947064e-16,1.0,-0.4999999999999998,-0.8660254037844388,-0.42500033996955394,-0.9051931898913975,5966.0,0.0,0.0,5053.857142857143,5819.0,2236.880672467172,6340.5,7162.5,3276.929247497332,1980.0,0,0,0,0,1,0,1,0,0,0
1055,0,2014-07-28,0.7818314824680298,0.6234898018587336,-0.4999999999999998,-0.8660254037844388,-0.4405187843504952,-0.8977433935342336,0.0,6288.0,9427.0,5632.142857142857,5819.0,3001.6338566727018,6438.7,7162.5,3352.7290289224525,1980.0,1,0,0,0,1,0,1,0,0,10336
1055,0,2014-07-29,0.9749279121818236,-0.22252093395631434,-0.4999999999999998,-0.8660254037844388,-0.455906693508459,-0.8900275764346766,10336.0,5714.0,9167.0,6000.285714285715,5847.0,3166.832050819123,6715.066666666667,7213.5,3138.557585825088,1980.0,1,0,0,0,1,0,1,0,0,8291
1055,0,2014-07-30,0.43388373911755823,-0.900968867902419,-0.4999999999999998,-0.8660254037844388,-0.47115950767386394,-0.8820480249558535,8291.0,5743.0,8395.0,6398.714285714285,5966.0,3301.643919538958,6572.633333333333,7213.5,2943.5558426587654,1980.0,1,0,0,0,1,0,1,0,0,8532
1055,0,2014-07-31,-0.433883739117558,-0.9009688679024191,-0.4999999999999998,-0.8660254037844388,-0.4862727071086902,-0.8738071036110807,8532.0,5819.0,8539.0,7061.428571428572,8291.0,3616.455809082644,6582.133333333333,7213.5,2956.0098657543012,1980.0,1,0,0,0,1,0,1,0,0,10458
1055,0,2014-08-01,-0.9749279121818236,-0.2225209339563146,-0.8660254037844384,-0.5000000000000004,-0.5012418134457756,-0.8653072543632061,10458.0,5847.0,7418.0,7504.571428571428,8532.0,3632.858739209053,6556.133333333333,7213.5,2930.6986542970994,1980.0,1,0,0,0,1,0,1,0,0,8949
1055,0,2014-08-02,-0.7818314824680299,0.6234898018587334,-0.8660254037844384,-0.5000000000000004,-0.5160623910158526,-0.8565509959010037,8949.0,5966.0,6061.0,7660.285714285715,8532.0,3578.8792805516464,6501.0,7162.5,2904.220341693004,1980.0,0,0,0,0,1,0,1,0,0,7056
1055,0,2014-08-03,-2.4492935982947064e-16,1.0,-0.8660254037844384,-0.5000000000000004,-0.5307300481619331,-0.8475409228928312,7056.0,0.0,0.0,7660.285714285715,8532.0,3578.8792805516464,6246.833333333333,7088.5,3127.530601116402,1980.0,0,0,0,0,1,0,1,0,0,0
1055,0,2014-08-04,0.7818314824680298,0.6234898018587336,-0.8660254037844384,-0.5000000000000004,-0.5452404385406507,-0.8382797052177745,0.0,10336.0,6288.0,7733.428571428572,8532.0,3647.2566794392537,6357.333333333333,7088.5,3231.3773334701023,1980.0,1,0,0,0,1,0,1,0,0,10848
1055,0,2014-08-05,0.9749279121818236,-0.22252093395631434,-0.8660254037844384,-0.5000000000000004,-0.5595892624101763,-0.828770087174504,10848.0,8291.0,5714.0,7766.571428571428,8532.0,3654.2152763232557,6641.433333333333,7162.5,3020.991076055865,1980.0,1,0,0,0,1,0,1,0,0,8523
1055,0,2014-08-06,0.43388373911755823,-0.900968867902419,-0.8660254037844384,-0.5000000000000004,-0.5737722679043243,-0.8190148866680802,8523.0,8532.0,5743.0,7758.857142857143,8523.0,3652.3866365511067,6683.266666666666,7162.5,3037.9637115416067,1980.0,1,0,0,0,1,0,1,0,0,8478
1055,0,2014-08-07,-0.433883739117558,-0.9009688679024191,-0.8660254037844384,-0.5000000000000004,-0.5877852522924734,-0.8090169943749472,8478.0,10458.0,5819.0,7371.285714285715,8478.0,3456.9472908085463,6738.5,7228.5,3041.828485382227,1980.0,1,0,0,0,1,0,1,0,0,7745
1055,0,2014-08-08,-0.9749279121818236,-0.2225209339563146,-0.8660254037844384,-0.5000000000000004,-0.6016240632249227,-0.7987793728863648,7745.0,8949.0,5847.0,7130.428571428572,7745.0,3386.7232372478074,6743.233333333334,7258.0,3042.554605900284,1980.0,1,0,0,0,1,0,1,0,0,7263
1055,0,2014-08-09,-0.7818314824680299,0.6234898018587334,-0.8660254037844384,-0.5000000000000004,-0.6152845999633277,-0.7883050558305253,7263.0,7056.0,5966.0,6903.714285714285,7745.0,3445.1505876272754,6683.766666666666,7233.5,3049.673455479692,1980.0,0,0,0,0,1,0,1,0,0,5469
1055,0,2014-08-10,-2.4492935982947064e-16,1.0,-0.8660254037844384,-0.5000000000000004,-0.6287628145958345,-0.7775971469736268,5469.0,0.0,0.0,6903.714285714285,7745.0,3445.1505876272754,6443.633333333333,7159.5,3282.066795043394,1980.0,0,0,0,0,1,0,1,0,0,0
1055,0,2014-08-11,0.7818314824680298,0.6234898018587336,-0.8660254037844384,-0.5000000000000004,-0.6420547132365636,-0.7666588193001592,0.0,10848.0,10336.0,6310.714285714285,7263.0,2978.762982306902,6434.3,7159.5,3280.8956530506844,1980.0,0,0,0,0,1,0,1,0,0,6697
1055,0,2014-08-12,0.9749279121818236,-0.22252093395631434,-0.8660254037844384,-0.5000000000000004,-0.655156357209085,-0.7554933140726804,6697.0,8523.0,8291.0,6013.0,6697.0,2820.7559861379973,6648.933333333333,7159.5,3047.7905726464573,1980.0,0,0,0,0,1,0,1,0,0,6439
1055,0,2014-08-13,0.43388373911755823,-0.900968867902419,-0.8660254037844384,-0.5000000000000004,-0.6680638642135333,-0.7441039398713608,6439.0,8478.0,8532.0,5681.428571428572,6439.0,2611.350854579734,6539.933333333333,6876.5,3003.1575788956093,1980.0,0,0,0,0,1,0,1,0,0,6157
1055,0,2014-08-14,-0.433883739117558,-0.9009688679024191,-0.8660254037844384,-0.5000000000000004,-0.6807734094770159,-0.7324940716135792,6157.0,7745.0,10458.0,5467.857142857143,6250.0,2471.860866403522,6442.7,6568.0,2962.1093387116453,1980.0,0,0,0,0,1,0,1,0,0,6250
1055,0,2014-08-15,-0.9749279121818236,-0.2225209339563146,-0.8660254037844384,-0.5000000000000004,-0.6932812268869771,-0.7206671495538615,6250.0,7263.0,8949.0,5405.142857142857,6250.0,2423.8272372820848,6390.333333333333,6568.0,2940.2105640446093,1980.0,0,0,0,0,1,0,1,0,0,6824
1055,0,2014-08-16,-0.7818314824680299,0.6234898018587334,-0.8660254037844384,-0.5000000000000004,-0.7055836101071774,-0.7086266782644601,6824.0,5469.0,7056.0,5502.142857142857,6250.0,2440.3390084556904,6310.633333333333,6363.5,2912.2316420198426,1980.0,0,0,0,0,1,0,1,0,0,6148
1055,0,2014-08-17,-2.4492935982947064e-16,1.0,-0.8660254037844384,-0.5000000000000004,-0.7176769136759615,-0.6963762255968726,6148.0,0.0,0.0,5502.142857142857,6250.0,2440.3390084556904,6063.366666666667,6269.0,3122.3074412157507,1980.0,0,0,0,0,1,0,1,0,0,0
1055,0,2014-08-18,0.7818314824680298,0.6234898018587336,-0.8660254037844384,-0.5000000000000004,-0.7295575540864876,-0.6839194216246105,0.0,6697.0,10848.0,6017.428571428572,6250.0,3041.4645516671126,6204.8,6363.5,3216.863822913926,1980.0,1,0,0,0,1,0,1,0,0,10304
1055,0,2014-08-19,0.9749279121818236,-0.22252093395631434,-0.8660254037844384,-0.5000000000000004,-0.7412220108485957,-0.6712599575675315,10304.0,6439.0,8523.0,6422.857142857143,6250.0,3286.32309370069,6514.033333333334,6568.0,3040.9179930129435,1980.0,1,0,0,0,1,0,1,0,0,9277
1055,0,2014-08-20,0.43388373911755823,-0.900968867902419,-0.8660254037844384,-0.5000000000000004,-0.7526668275320083,-0.6584015846980489,9277.0,6157.0,8478.0,6761.714285714285,6824.0,3375.4235642501562,6588.733333333334,6760.5,3062.621605561248,1980.0,1,0,0,0,1,0,1,0,0,8529
1055,0,2014-08-21,-0.433883739117558,-0.9009688679024191,-0.8660254037844384,-0.5000000000000004,-0.7638886127905429,-0.64534811322955,8529.0,6250.0,7745.0,6994.285714285715,7878.0,3390.3422007365602,6660.866666666667,6940.0,3066.7900519905966,1980.0,1,0,0,0,1,0,1,0,0,7878
1055,0,2014-08-22,-0.9749279121818236,-0.2225209339563146,-0.8660254037844384,-0.5000000000000004,-0.7748840413670406,-0.6321034111873488,7878.0,6824.0,7263.0,7135.571428571428,7878.0,3402.648128401505,6729.866666666667,7159.5,3068.7127339779036,1980.0,1,0,0,0,1,0,1,0,0,7813
1055,0,2014-08-23,-0.7818314824680299,0.6234898018587334,-0.8660254037844384,-0.5000000000000004,-0.7856498550787144,-0.6186714032625032,7813.0,6148.0,5469.0,7126.285714285715,7878.0,3405.87951021395,6738.666666666667,7159.5,3066.3882644743026,1980.0,0,0,0,0,1,0,1,0,0,6083
1055,0,2014-08-24,-2.4492935982947064e-16,1.0,-0.8660254037844384,-0.5000000000000004,-0.7961828637826154,-0.6050560696488494,6083.0,0.0,0.0,7126.285714285715,7878.0,3405.87951021395,6543.766666666666,7159.5,3301.7986287866574,1980.0,0,0,0,0,1,0,1,0,0,0
1055,0,2014-08-25,0.7818314824680298,0.6234898018587336,-0.8660254037844384,-0.5000000000000004,-0.8064799463209447,-0.5912614448635782,0.0,10304.0,6697.0,6622.857142857143,7813.0,3105.051122959245,6570.9,7159.5,3300.231218127516,1980.0,0,0,0,0,1,0,1,0,0,6780
1055,0,2014-08-26,0.9749279121818236,-0.22252093395631434,-0.8660254037844384,-0.5000000000000004,-0.8165380514459157,-0.5772916165517278,6780.0,9277.0,6439.0,6159.142857142857,6780.0,2876.5911207869776,6771.933333333333,7159.5,3061.1953371116324,1980.0,0,0,0,0,1,0,1,0,0,6031
1055,0,2014-08-27,0.43388373911755823,-0.900968867902419,-0.8660254037844384,-0.5000000000000004,-0.8263541987239095,-0.5631507242749187,6031.0,8529.0,6157.0,5840.142857142857,6296.0,2687.589963056832,6637.266666666666,6940.0,2986.9629245512333,1980.0,0,0,0,0,1,0,1,0,0,6296
1055,0,2014-08-28,-0.433883739117558,-0.9009688679024191,-0.8660254037844384,-0.5000000000000004,-0.8359254794186365,-0.5488429582847199,6296.0,7878.0,6250.0,5523.142857142857,6083.0,2533.6195076458957,6549.533333333334,6802.0,2975.345447730954,1980.0,0,0,0,0,1,0,1,0,0,5659
1055,0,2014-08-29,-0.9749279121818236,-0.2225209339563146,-0.8660254037844384,-0.5000000000000004,-0.8452490573530634,-0.5343725582809785,5659.0,7813.0,6824.0,5570.857142857143,6083.0,2586.5231121186275,6536.7,6802.0,2967.3192377330533,1980.0,0,0,0,0,1,0,1,0,0,8147
1055,0,2014-08-30,-0.7818314824680299,0.6234898018587334,-0.8660254037844384,-0.5000000000000004,-0.8543221697498269,-0.5197438121555157,8147.0,6083.0,6148.0,5723.571428571428,6296.0,2652.517097471941,6426.5,6802.0,2876.673123352855,1980.0,0,0,0,0,1,0,1,0,0,7152
1055,0,2014-08-31,-2.4492935982947064e-16,1.0,-0.8660254037844384,-0.5000000000000004,-0.8631421280499115,-0.5049610547215202,7152.0,0.0,0.0,5723.571428571428,6296.0,2652.517097471941,6128.2,6738.5,3063.9708785867347,1980.0,0,0,0,0,1,0,1,0,0,0
1055,0,2014-09-01,0.7818314824680298,0.6234898018587336,-1.0,-1.8369701987210297e-16,-0.8717063187093218,-0.4900286664290594,0.0,6780.0,10304.0,6391.428571428572,6296.0,3435.7454725839266,6274.833333333333,6738.5,3211.609083045262,1980.0,1,0,0,0,1,0,1,0,0,11455
1055,0,2014-09-02,0.9749279121818236,-0.22252093395631434,-1.0,-1.8369701987210297e-16,-0.8800122039735356,-0.4749510720670502,11455.0,6031.0,9277.0,6875.571428571428,7152.0,3610.8091824937155,6588.833333333333,6802.0,3032.46351524043,1980.0,1,0,0,0,1,0,1,0,0,9420
1055,0,2014-09-03,0.43388373911755823,-0.900968867902419,-1.0,-1.8369701987210297e-16,-0.888057322629493,-0.4597327394521046,9420.0,6296.0,8529.0,7173.285714285715,8147.0,3640.8475073021864,6506.566666666667,6802.0,2945.153572289193,1980.0,1,0,0,0,1,0,1,0,0,8380
1055,0,2014-09-04,-0.433883739117558,-0.9009688679024191,-1.0,-1.8369701987210297e-16,-0.8958392907349089,-0.44437817810461344,8380.0,5659.0,7878.0,7454.714285714285,8147.0,3579.9167455070606,6476.766666666666,6802.0,2928.5230440514224,1980.0,1,0,0,0,1,0,1,0,0,7629
1055,0,2014-09-05,-0.9749279121818236,-0.2225209339563146,-1.0,-1.8369701987210297e-16,-0.9033558023246842,-0.4288919379124841,7629.0,8147.0,7813.0,7387.0,7673.0,3569.106237327953,6449.933333333333,6802.0,2913.2018637318206,1980.0,1,0,0,0,1,0,1,0,0,7673
1055,0,2014-09-06,-0.7818314824680299,0.6234898018587334,-1.0,-1.8369701987210297e-16,-0.9106046300942162,-0.41327860778290443,7673.0,7152.0,6083.0,7328.571428571428,7673.0,3576.933736090301,6416.533333333334,6761.5,2903.569927939873,1980.0,0,0,0,0,1,0,1,0,0,6743
1055,0,2014-09-07,-2.4492935982947064e-16,1.0,-1.0,-1.8369701987210297e-16,-0.9175836260593934,-0.3975428142825566,6743.0,0.0,0.0,7328.571428571428,7673.0,3576.933736090301,6174.433333333333,6720.0,3124.9157415767236,1980.0,0,0,0,0,1,0,1,0,0,0
1055,0,2014-09-08,0.7818314824680298,0.6234898018587336,-1.0,-1.8369701987210297e-16,-0.9242907221930934,-0.3816892202666586,0.0,11455.0,6780.0,6596.142857142857,7629.0,3081.8095024715262,6203.066666666667,6720.0,3122.1632855456446,1980.0,0,0,0,0,1,0,1,0,0,6328
1055,0,2014-09-09,0.9749279121818236,-0.22252093395631434,-1.0,-1.8369701987210297e-16,-0.9307239310379793,-0.3657225234972692,6328.0,9420.0,6031.0,6086.857142857143,6743.0,2820.898759176552,6398.233333333334,6720.0,2895.833019135016,1980.0,0,0,0,0,1,0,1,0,0,5855
1055,0,2014-09-10,0.43388373911755823,-0.900968867902419,-1.0,-1.8369701987210297e-16,-0.9368813462954315,-0.34964745525122826,5855.0,8380.0,6296.0,5801.285714285715,6381.0,2645.8135934771713,6387.7,6591.0,2895.2834671535,1980.0,0,0,0,0,1,0,1,0,0,6381
1055,0,2014-09-11,-0.433883739117558,-0.9009688679024191,-1.0,-1.8369701987210297e-16,-0.9427611433904206,-0.33346877891818705,6381.0,7629.0,5659.0,5586.0,6328.0,2531.134791616865,6377.133333333333,6562.0,2895.668224152725,1980.0,0,0,0,0,1,0,1,0,0,6122
1055,0,2014-09-12,-0.9749279121818236,-0.2225209339563146,-1.0,-1.8369701987210297e-16,-0.9483615800121716,-0.31719128858910595,6122.0,7673.0,8147.0,5417.142857142857,6328.0,2404.98533804065,6388.266666666666,6617.0,2895.434741145078,1980.0,0,0,0,0,1,0,1,0,0,6491
1055,0,2014-09-13,-0.7818314824680299,0.6234898018587334,-1.0,-1.8369701987210297e-16,-0.9536809966304455,-0.300819807635668,6491.0,6743.0,7152.0,5315.571428571428,6122.0,2354.133305284058,6381.0,6617.0,2896.0672024970845,1980.0,0,0,0,0,1,0,1,0,0,6032
1055,0,2014-09-14,-2.4492935982947064e-16,1.0,-1.0,-1.8369701987210297e-16,-0.9587178169872964,-0.2843591872810036,6032.0,0.0,0.0,5315.571428571428,6122.0,2354.133305284058,6153.533333333334,6436.0,3119.4475166598622,1980.0,0,0,0,0,1,0,1,0,0,0
1055,0,2014-09-15,0.7818314824680298,0.6234898018587336,-1.0,-1.8369701987210297e-16,-0.9634705485641486,-0.26781430516217486,0.0,6328.0,11455.0,5738.285714285715,6122.0,2791.2984860267543,6258.166666666667,6617.0,3171.466375553168,1980.0,1,0,0,0,1,0,1,0,0,9287
1055,0,2014-09-16,0.9749279121818236,-0.22252093395631434,-1.0,-1.8369701987210297e-16,-0.9679377830240642,-0.25119006388481957,9287.0,5855.0,9420.0,6077.571428571428,6381.0,2947.804202970004,6532.5,6761.5,2960.3907215328704,1980.0,1,0,0,0,1,0,1,0,0,8230
1055,0,2014-09-17,0.43388373911755823,-0.900968867902419,-1.0,-1.8369701987210297e-16,-0.9721181966290612,-0.23449138957041052,8230.0,6381.0,8380.0,6322.142857142857,6491.0,3046.541067537162,6458.8,6761.5,2889.9438056820372,1980.0,1,0,0,0,1,0,1,0,0,8093
1055,0,2014-09-18,-0.433883739117558,-0.9009688679024191,-1.0,-1.8369701987210297e-16,-0.9760105506323682,-0.21772323039653224,8093.0,6122.0,7629.0,6529.428571428572,7573.0,3079.834673979694,6402.0,6761.5,2849.100789783472,1980.0,1,0,0,0,1,0,1,0,0,7573
1055,0,2014-09-19,-0.9749279121818236,-0.2225209339563146,-1.0,-1.8369701987210297e-16,-0.9796136916454901,-0.20089055513063528,7573.0,6491.0,7673.0,6683.142857142857,7573.0,3104.351001877385,6369.933333333333,6761.5,2829.6833737014244,1980.0,1,0,0,0,1,0,1,0,0,7567
1055,0,2014-09-20,-0.7818314824680299,0.6234898018587334,-1.0,-1.8369701987210297e-16,-0.9829265519799822,-0.18399835165767986,7567.0,6032.0,6743.0,6821.571428571428,7573.0,3092.0564816500787,6340.7,6761.5,2818.0726741075546,1980.0,0,0,0,0,1,0,1,0,0,7001
1055,0,2014-09-21,-2.4492935982947064e-16,1.0,-1.0,-1.8369701987210297e-16,-0.9859481499638303,-0.1670516255021195,7001.0,0.0,0.0,6821.571428571428,7573.0,3092.0564816500787,6080.266666666666,6617.0,3030.3437717052207,1980.0,0,0,0,0,1,0,1,0,0,0
1055,0,2014-09-22,0.7818314824680298,0.6234898018587336,-1.0,-1.8369701987210297e-16,-0.9886775902323404,-0.15005539834465262,0.0,9287.0,6328.0,6364.571428571428,7567.0,2897.2034134743817,6080.433333333333,6617.0,3030.3440647185084,1980.0,0,0,0,0,1,0,1,0,0,6088
1055,0,2014-09-23,0.9749279121818236,-0.22252093395631434,-1.0,-1.8369701987210297e-16,-0.9911140639934546,-0.13301470653419636,6088.0,8230.0,5855.0,6031.571428571428,7001.0,2778.5918410316444,6277.066666666667,6617.0,2805.216064372951,1980.0,0,0,0,0,1,0,1,0,0,5899
1055,0,2014-09-24,0.43388373911755823,-0.900968867902419,-1.0,-1.8369701987210297e-16,-0.9932568492674143,-0.11593459959550066,5899.0,8093.0,6381.0,5651.0,6088.0,2627.520948219699,6232.033333333334,6436.0,2807.7068380629994,1980.0,0,0,0,0,1,0,1,0,0,5429
1055,0,2014-09-25,-0.433883739117558,-0.9009688679024191,-1.0,-1.8369701987210297e-16,-0.9951053111006974,-0.09882013873287211,5429.0,7573.0,6122.0,5474.285714285715,6088.0,2515.940626901847,6242.2,6436.0,2807.5059910274726,1980.0,0,0,0,0,1,0,1,0,0,6336
1055,0,2014-09-26,-0.9749279121818236,-0.2225209339563146,-1.0,-1.8369701987210297e-16,-0.99665890175417,-0.08167639533042288,6336.0,7567.0,6491.0,5235.428571428572,5899.0,2358.598514453229,6228.833333333333,6436.0,2808.195519317097,1980.0,0,0,0,0,1,0,1,0,0,5895
1055,0,2014-09-27,-0.7818314824680299,0.6234898018587334,-1.0,-1.8369701987210297e-16,-0.9979171608653922,-0.06450844944931625,5895.0,7001.0,6032.0,5114.714285714285,5899.0,2273.2549141620557,6245.4,6436.0,2806.1832048728256,1980.0,0,0,0,0,1,0,1,0,0,6156
1055,0,2014-09-28,-2.4492935982947064e-16,1.0,-1.0,-1.8369701987210297e-16,-0.9988797155850335,-0.04732138832243232,6156.0,0.0,0.0,5114.714285714285,5899.0,2273.2549141620557,5973.833333333333,6358.5,3003.1118697609036,1980.0,0,0,0,0,1,0,1,0,0,0
1055,0,2014-09-29,0.7818314824680298,0.6234898018587336,-1.0,-1.8369701987210297e-16,-0.9995462806873573,-0.03012030484690836,0.0,6088.0,9287.0,5610.142857142857,5899.0,2830.3626050720945,6053.966666666666,6358.5,3067.02679213569,1980.0,1,0,0,0,1,0,1,0,0,9556
1055,0,2014-09-30,0.9749279121818236,-0.22252093395631434,-1.0,-1.8369701987210297e-16,-0.9999166586547379,-0.012910296075008843,9556.0,5899.0,8230.0,6272.428571428572,6156.0,3395.2451485934876,6405.133333333333,6436.0,2950.8768624717704,1980.0,1,0,0,0,1,0,1,0,0,10535
1055,0,2014-10-01,0.43388373911755823,-0.900968867902419,-0.8660254037844386,0.5000000000000001,-0.9999907397361901,0.004303538296243821,10535.0,5429.0,8093.0,6853.571428571428,6336.0,3570.446697410227,6339.866666666667,6436.0,2855.4439685399607,1980.0,1,0,0,0,1,0,1,0,0,9497
1055,0,2014-10-02,-0.433883739117558,-0.9009688679024191,-0.8660254037844386,0.5000000000000001,-0.9997685019798909,0.021516097436222233,9497.0,6336.0,7573.0,7390.714285714285,9497.0,3757.5333981343665,6362.4,6436.0,2883.121698963548,1980.0,1,0,0,0,1,0,1,0,0,10096
1055,0,2014-10-03,-0.9749279121818236,-0.2225209339563146,-0.8660254037844386,0.5000000000000001,-0.9992500112396835,0.03872228089217399,10096.0,5895.0,7567.0,6548.571428571428,9497.0,4692.820894982136,6083.066666666667,6358.5,3080.125063888702,1980.0,1,0,0,0,1,0,1,0,0,0
1055,0,2014-10-04,-0.7818314824680299,0.6234898018587334,-0.8660254037844386,0.5000000000000001,-0.9984354211555643,0.05591699010060302,0.0,6156.0,7001.0,6830.142857142857,9497.0,4724.365122376104,6099.666666666667,6358.5,3090.069905841692,1980.0,0,0,0,0,1,0,1,0,0,8127
1055,0,2014-10-05,-2.4492935982947064e-16,1.0,-0.8660254037844386,0.5000000000000001,-0.9973249731081555,0.07309512989807776,8127.0,0.0,0.0,6830.142857142857,9497.0,4724.365122376104,5843.9,6332.0,3267.7920770178553,1980.0,0,0,0,0,1,0,1,0,0,0
1055,0,2014-10-06,0.7818314824680298,0.6234898018587336,-0.8660254037844386,0.5000000000000001,-0.9959189961471792,0.0902516100310407,0.0,9556.0,6088.0,6843.285714285715,9497.0,4733.331586183444,5940.733333333334,6332.0,3337.6482628396843,1980.0,1,0,0,0,1,0,1,0,0,9648
1055,0,2014-10-07,0.9749279121818236,-0.22252093395631434,-0.8660254037844386,0.5000000000000001,-0.994217906893952,0.10738134666416306,9648.0,10535.0,5899.0,6557.571428571428,8535.0,4529.317125025317,6225.233333333334,6358.5,3173.5256221925515,1980.0,1,0,0,0,1,0,1,0,0,8535
1055,0,2014-10-08,0.43388373911755823,-0.900968867902419,-0.8660254037844386,0.5000000000000001,-0.9922222094179324,0.12447926388678869,8535.0,9497.0,5429.0,6275.0,8127.0,4374.423009571282,6264.933333333333,6436.0,3182.2929808696013,1980.0,1,0,0,0,1,0,1,0,0,7519
1055,0,2014-10-09,-0.433883739117558,-0.9009688679024191,-0.8660254037844386,0.5000000000000001,-0.989932495087353,0.141540295217043,7519.0,10096.0,6336.0,6048.0,8127.0,4180.002791067649,6353.333333333333,6746.0,3207.2496040982655,1980.0,1,0,0,0,1,0,1,0,0,8507
1055,0,2014-10-10,-0.9749279121818236,-0.2225209339563146,-0.8660254037844386,0.5000000000000001,-0.9873494423939864,0.15855938510313475,8507.0,0.0,5895.0,7279.285714285715,8507.0,3272.456402270605,6427.933333333333,7260.0,3233.832869813317,1980.0,1,0,0,0,1,0,1,0,0,8619
1055,0,2014-10-11,-0.7818314824680299,0.6234898018587334,-0.8660254037844386,0.5000000000000001,-0.9844738167520923,0.17553149042142777,8619.0,8127.0,6156.0,7146.0,8507.0,3251.105555550804,6463.666666666667,7356.5,3236.25759101501,1980.0,0,0,0,0,1,0,1,0,0,7194
1055,0,2014-10-12,-2.4492935982947064e-16,1.0,-0.8660254037844386,0.5000000000000001,-0.9813064702716093,0.19245158197082995,7194.0,0.0,0.0,7146.0,8507.0,3251.105555550804,6247.3,7356.5,3444.6426985522944,1980.0,0,0,0,0,1,0,1,0,0,0
1055,0,2014-10-13,0.7818314824680298,0.6234898018587336,-0.8660254037844386,0.5000000000000001,-0.9778483415056568,0.20931464596304888,0.0,9648.0,9556.0,6716.142857142857,7519.0,3058.369087633221,6267.533333333334,7356.5,3445.1171316189952,1980.0,0,0,0,0,1,0,1,0,0,6639
1055,0,2014-10-14,0.9749279121818236,-0.22252093395631434,-0.8660254037844386,0.5000000000000001,-0.9741004551724206,0.22611568550828803,6639.0,8535.0,10535.0,6424.142857142857,7194.0,2951.4778461290325,6483.9,7356.5,3235.363096928302,1980.0,0,0,0,0,1,0,1,0,0,6491
1055,0,2014-10-15,0.43388373911755823,-0.900968867902419,-0.8660254037844386,0.5000000000000001,-0.970063921851507,0.2428497220959358,6491.0,7519.0,9497.0,6168.571428571428,6639.0,2918.1396389448123,6365.333333333333,7097.5,3194.007917133679,1980.0,0,0,0,0,1,0,1,0,0,5730
1055,0,2014-10-16,-0.433883739117558,-0.9009688679024191,-0.8660254037844386,0.5000000000000001,-0.965739937654855,0.25951179706979943,5730.0,8507.0,10096.0,5920.285714285715,6639.0,2755.4182812709073,6316.633333333333,6885.0,3175.6819792500182,1980.0,0,0,0,0,1,0,1,0,0,6769
1055,0,2014-10-17,-0.9749279121818236,-0.2225209339563146,-0.8660254037844386,0.5000000000000001,-0.9611297838723007,0.27609697309746883,6769.0,8619.0,0.0,5761.857142857143,6639.0,2601.999707184937,6297.2,6885.0,3166.206480294999,1980.0,0,0,0,0,1,0,1,0,0,7510
1055,0,2014-10-18,-0.7818314824680299,0.6234898018587334,-0.8660254037844386,0.5000000000000001,-0.9562348265919058,0.2926003356333479,7510.0,7194.0,8127.0,5655.142857142857,6491.0,2548.237523503353,6259.666666666667,6704.0,3157.2224407269537,1980.0,0,0,0,0,1,0,1,0,0,6447
1055,0,2014-10-19,-2.4492935982947064e-16,1.0,-0.8660254037844386,0.5000000000000001,-0.9510565162951536,0.30901699437494723,6447.0,0.0,0.0,5655.142857142857,6491.0,2548.237523503353,6007.433333333333,6565.0,3345.811634775974,1980.0,0,0,0,0,1,0,1,0,0,0
1055,0,2014-10-20,0.7818314824680298,0.6234898018587336,-0.8660254037844386,0.5000000000000001,-0.9455963874271428,0.3253420847119795,0.0,6639.0,9648.0,6041.142857142857,6491.0,2902.173979885393,6085.433333333333,6565.0,3396.6625677053285,1980.0,1,0,0,0,1,0,1,0,0,9341
1055,0,2014-10-21,0.9749279121818236,-0.22252093395631434,-0.8660254037844386,0.5000000000000001,-0.9398560579418953,0.341570769167856,9341.0,6491.0,8535.0,6348.0,6769.0,3066.568223057603,6373.4,6704.0,3224.8102922016406,1980.0,1,0,0,0,1,0,1,0,0,8639
1055,0,2014-10-22,0.43388373911755823,-0.900968867902419,-0.8660254037844386,0.5000000000000001,-0.9338372288229252,0.35769823883312546,8639.0,5730.0,7519.0,6576.428571428572,7329.0,3072.4101211233087,6414.766666666666,6981.5,3228.9798931821624,1980.0,1,0,0,0,1,0,1,0,0,7329
1055,0,2014-10-23,-0.433883739117558,-0.9009688679024191,-0.8660254037844386,0.5000000000000001,-0.9275416835791965,0.3737197147904692,7329.0,6769.0,8507.0,6732.285714285715,7510.0,3111.233823543626,6480.133333333333,7261.5,3238.0151618708837,1980.0,1,0,0,0,1,0,1,0,0,7860
1055,0,2014-10-24,-0.9749279121818236,-0.2225209339563146,-0.8660254037844386,0.5000000000000001,-0.9209712877166346,0.38963044953078774,7860.0,7510.0,8619.0,6832.714285714285,7860.0,3151.606189140476,6572.933333333333,7419.5,3246.73371074773,1980.0,1,0,0,0,1,0,1,0,0,8213
1055,0,2014-10-25,-0.7818314824680299,0.6234898018587334,-0.8660254037844386,0.5000000000000001,-0.9141279881853337,0.4054257283599973,8213.0,6447.0,7194.0,6880.285714285715,7860.0,3147.3240334335696,6587.733333333334,7419.5,3246.6283936472864,1980.0,0,0,0,0,1,0,1,0,0,6780
1055,0,2014-10-26,-2.4492935982947064e-16,1.0,-0.8660254037844386,0.5000000000000001,-0.9070138128026362,0.42110087079608916,6780.0,0.0,0.0,6880.285714285715,7860.0,3147.3240334335696,6391.233333333334,7419.5,3461.2996630559514,1980.0,0,0,0,0,1,0,1,0,0,0
1055,0,2014-10-27,0.7818314824680298,0.6234898018587336,-0.8660254037844386,0.5000000000000001,-0.8996308696522434,0.4366512319560638,0.0,9341.0,6639.0,6467.857142857143,7329.0,2954.3700641914297,6401.166666666667,7419.5,3461.028899074647,1980.0,0,0,0,0,1,0,1,0,0,6454
1055,0,2014-10-28,0.9749279121818236,-0.22252093395631434,-0.8660254037844386,0.5000000000000001,-0.8919813464595487,0.45207220393230374,6454.0,8639.0,6491.0,6086.714285714285,6780.0,2795.410865107652,6600.2,7419.5,3245.179931252946,1980.0,0,0,0,0,1,0,1,0,0,5971
1055,0,2014-10-29,0.43388373911755823,-0.900968867902419,-0.8660254037844386,0.5000000000000001,-0.8840675099433637,0.46735921715800205,5971.0,7329.0,5730.0,6028.571428571428,6780.0,2769.377057338761,6512.4,7261.5,3197.7369540952213,1980.0,0,0,0,0,1,0,1,0,0,6922
1055,0,2014-10-30,-0.433883739117558,-0.9009688679024191,-0.8660254037844386,0.5000000000000001,-0.8758917051442433,0.48250774176121763,6922.0,7860.0,6769.0,5890.0,6780.0,2685.4611646171097,6390.9,7058.0,3107.602084211085,1980.0,0,0,0,0,1,0,1,0,0,6890
1055,0,2014-10-31,-0.9749279121818236,-0.2225209339563146,-0.8660254037844386,0.5000000000000001,-0.867456354729597,0.4975132889071803,6890.0,8213.0,7510.0,6062.571428571428,6780.0,2890.599006961642,6388.366666666667,7058.0,3105.0125601759732,1980.0,0,0,0,0,1,0,1,0,0,9421
1055,0,2014-11-01,-0.7818314824680299,0.6234898018587334,-0.5000000000000004,0.8660254037844384,-0.858763958275803,0.5123714121284235,9421.0,6780.0,6447.0,6109.571428571428,6890.0,2906.837391229105,6288.8,7015.5,3028.982694819701,1980.0,0,0,0,0,1,0,1,0,0,7109
1055,0,2014-11-02,-2.4492935982947064e-16,1.0,-0.5000000000000004,0.8660254037844384,-0.8498170915275277,0.5270777086423724,7109.0,0.0,0.0,6109.571428571428,6890.0,2906.837391229105,6288.8,7015.5,3028.982694819701,1980.0,0,0,0,0,1,0,1,0,0,0
1055,0,2014-11-03,0.7818314824680298,0.6234898018587336,-0.5000000000000004,0.8660254037844384,-0.8406184056344783,0.5416278206559811,0.0,6454.0,9341.0,6740.857142857143,6922.0,3427.3456896249118,6380.333333333333,7015.5,3126.372298227838,1980.0,1,0,0,0,1,0,1,0,0,10873
1055,0,2014-11-04,0.9749279121818236,-0.22252093395631434,-0.5000000000000004,0.8660254037844384,-0.8311706263658079,0.5560174366570446,10873.0,5971.0,8639.0,7267.857142857143,7109.0,3569.89268879665,6702.333333333333,7151.5,2938.384195125085,1980.0,1,0,0,0,1,0,1,0,0,9660
1055,0,2014-11-05,0.43388373911755823,-0.900968867902419,-0.5000000000000004,0.8660254037844384,-0.8214765533024145,0.5702422926917867,9660.0,6922.0,7329.0,7541.285714285715,8836.0,3612.038100310571,6675.266666666666,7151.5,2913.953067254326,1980.0,1,0,0,0,1,0,1,0,0,8836
1055,0,2014-11-06,-0.433883739117558,-0.9009688679024191,-0.5000000000000004,0.8660254037844384,-0.8115390590073611,0.5842981736283683,8836.0,6890.0,7860.0,7649.142857142857,8836.0,3600.6033489111837,6645.6,7151.5,2898.8578202576514,1980.0,1,0,0,0,1,0,1,0,0,7645
1055,0,2014-11-07,-0.9749279121818236,-0.2225209339563146,-0.5000000000000004,0.8660254037844384,-0.8013610881746769,0.5981809144059159,7645.0,9421.0,8213.0,7567.285714285715,8836.0,3559.8909961910153,6689.9,7151.5,2922.7218460974264,1980.0,1,0,0,0,1,0,1,0,0,8848
1055,0,2014-11-08,-0.7818314824680299,0.6234898018587334,-0.5000000000000004,0.8660254037844384,-0.7909456567567774,0.6118864012687242,8848.0,7109.0,6780.0,7498.857142857143,8836.0,3574.741129488554,6627.333333333333,7015.5,2902.502396367575,1980.0,0,0,0,0,1,0,1,0,0,6630
1055,0,2014-11-09,-2.4492935982947064e-16,1.0,-0.5000000000000004,0.8660254037844384,-0.780295851070776,0.6254105729852457,6630.0,0.0,0.0,7498.857142857143,8836.0,3574.741129488554,6340.033333333334,6906.0,3117.191800802203,1980.0,0,0,0,0,1,0,1,0,0,0
1055,0,2014-11-10,0.7818314824680298,0.6234898018587336,-0.5000000000000004,0.8660254037844384,-0.7694148268839381,0.6387494220515268,0.0,10873.0,6454.0,7286.571428571428,8836.0,3379.7788811864975,6413.133333333333,6906.0,3163.2812267549343,1980.0,1,0,0,0,1,0,1,0,0,9387
1055,0,2014-11-11,0.9749279121818236,-0.22252093395631434,-0.5000000000000004,0.8660254037844384,-0.7583058084785625,0.6518989958787125,9387.0,9660.0,5971.0,7227.857142857143,8836.0,3334.94784709703,6721.433333333333,7015.5,2960.9323401571464,1980.0,1,0,0,0,1,0,1,0,0,9249
1055,0,2014-11-12,0.43388373911755823,-0.900968867902419,-0.5000000000000004,0.8660254037844384,-0.7469720876965551,0.6648553979642867,9249.0,8836.0,6922.0,7131.714285714285,8163.0,3290.2615759381824,6772.233333333334,7219.0,2972.5200580319506,1980.0,1,0,0,0,1,0,1,0,0,8163
1055,0,2014-11-13,-0.433883739117558,-0.9009688679024191,-0.5000000000000004,0.8660254037844384,-0.7354170229639858,0.6776147890466887,8163.0,7645.0,6890.0,7105.0,8163.0,3286.156113151044,6804.466666666666,7393.5,2974.607499269881,1980.0,1,0,0,0,1,0,1,0,0,7458
1055,0,2014-11-14,-0.9749279121818236,-0.2225209339563146,-0.5000000000000004,0.8660254037844384,-0.7236440382959123,0.690173388242972,7458.0,8848.0,9421.0,7067.714285714285,8163.0,3264.492697407753,6899.7,7484.0,2984.7385855612047,1980.0,1,0,0,0,1,0,1,0,0,8587
1055,0,2014-11-15,-0.7818314824680299,0.6234898018587334,-0.5000000000000004,0.8660254037844384,-0.7116566222817751,0.7025274741691566,8587.0,6630.0,7109.0,7215.857142857143,8163.0,3264.848155150626,6929.633333333333,7577.5,2987.883895211515,1980.0,0,0,0,0,1,0,1,0,0,7667
1055,0,2014-11-16,-2.4492935982947064e-16,1.0,-0.5000000000000004,0.8660254037844384,-0.6994583270516471,0.7146733860429608,7667.0,0.0,0.0,7215.857142857143,8163.0,3264.848155150626,6679.3,7551.5,3241.429252128094,1980.0,0,0,0,0,1,0,1,0,0,0
1055,0,2014-11-17,0.7818314824680298,0.6234898018587336,-0.5000000000000004,0.8660254037844384,-0.6870527672236675,0.726607524768565,0.0,9387.0,10873.0,6765.857142857143,7667.0,3130.02132200253,6672.3,7551.5,3242.174878284526,1980.0,0,0,0,0,1,0,1,0,0,6237
1055,0,2014-11-18,0.9749279121818236,-0.22252093395631434,-0.5000000000000004,0.8660254037844384,-0.6744436188329457,0.7383263540031063,6237.0,9249.0,9660.0,6443.0,7458.0,2942.11766136797,6905.266666666666,7551.5,2987.281937600235,1980.0,0,0,0,0,1,0,1,0,0,6989
1055,0,2014-11-19,0.43388373911755823,-0.900968867902419,-0.5000000000000004,0.8660254037844384,-0.661634618242279,0.749826401204568,6989.0,8163.0,8836.0,6231.428571428572,6989.0,2849.611719582329,6816.633333333333,7393.5,2951.756478640366,1980.0,0,0,0,0,1,0,1,0,0,6682
1055,0,2014-11-20,-0.433883739117558,-0.9009688679024191,-0.5000000000000004,0.8660254037844384,-0.6486295610349818,0.7611042586607742,6682.0,7458.0,7645.0,6160.857142857143,6964.0,2820.1371969327693,6760.8,7219.0,2931.8718205975115,1980.0,0,0,0,0,1,0,1,0,0,6964
1055,0,2014-11-21,-0.9749279121818236,-0.2225209339563146,-0.5000000000000004,0.8660254037844384,-0.6354323008901775,0.7721565844991641,6964.0,8587.0,8848.0,5955.142857142857,6964.0,2661.7388695219192,6754.733333333334,7128.0,2930.8436696780545,1980.0,0,0,0,0,1,0,1,0,0,7147
1055,0,2014-11-22,-0.7818314824680299,0.6234898018587334,-0.5000000000000004,0.8660254037844384,-0.622046748440868,0.7829801036770625,7147.0,7667.0,6630.0,5936.285714285715,6964.0,2648.0221370100467,6743.9,7128.0,2927.2157814268585,1980.0,0,0,0,0,1,0,1,0,0,7535
1055,0,2014-11-23,-2.4492935982947064e-16,1.0,-0.5000000000000004,0.8660254037844384,-0.6084768701151264,0.7935716089521472,7535.0,0.0,0.0,5936.285714285715,6964.0,2648.0221370100467,6470.133333333333,7049.0,3159.892302107702,1980.0,0,0,0,0,1,0,1,0,0,0
1055,0,2014-11-24,0.7818314824680298,0.6234898018587336,-0.5000000000000004,0.8660254037844384,-0.594726686960764,0.8039279618328208,0.0,6237.0,9387.0,6438.857142857143,6989.0,3022.036588603312,6569.3,7128.0,3216.133748183814,1980.0,1,0,0,0,1,0,1,0,0,9755
1055,0,2014-11-25,0.9749279121818236,-0.22252093395631434,-0.5000000000000004,0.8660254037844384,-0.5808002734538014,0.8140460935082175,9755.0,6989.0,9249.0,6869.857142857143,7147.0,3314.5576592043863,6902.833333333333,7302.5,3024.4967787001838,1980.0,1,0,0,0,1,0,1,0,0,10006
1055,0,2014-11-26,0.43388373911755823,-0.900968867902419,-0.5000000000000004,0.8660254037844384,-0.5667017562911184,0.8239230057575536,10006.0,6682.0,8163.0,7174.714285714285,7535.0,3391.6409850437512,6981.566666666667,7496.5,3043.0963664337464,1980.0,1,0,0,0,1,0,1,0,0,8816
1055,0,2014-11-27,-0.433883739117558,-0.9009688679024191,-0.5000000000000004,0.8660254037844384,-0.5524353131676203,0.8335557718385695,8816.0,6964.0,7458.0,7667.142857142857,8816.0,3599.7943195212006,7129.566666666667,7590.0,3099.695632258698,1980.0,1,0,0,0,1,0,1,0,0,10411
1055,0,2014-11-28,-0.9749279121818236,-0.2225209339563146,-0.5000000000000004,0.8660254037844384,-0.5380051715382992,0.8429415373547832,10411.0,7147.0,8587.0,8419.857142857143,9755.0,4001.378072138449,7312.7,7656.0,3245.8590930174564,1980.0,1,0,0,0,1,0,1,0,0,12416
1055,0,2014-11-29,-0.7818314824680299,0.6234898018587334,-0.5000000000000004,0.8660254037844384,-0.5234156073655503,0.8520775211013093,12416.0,7535.0,7667.0,8714.285714285714,9755.0,4001.2431699113,7402.9,7915.0,3271.207404951093,1980.0,0,0,0,0,1,0,1,0,0,9596
1055,0,2014-11-30,-2.4492935982947064e-16,1.0,-0.5000000000000004,0.8660254037844384,-0.5086709438521042,0.8609610158889945,9596.0,0.0,0.0,8714.285714285714,9755.0,4001.2431699113,7088.866666666667,7656.0,3513.9860040674007,1980.0,0,0,0,0,1,0,1,0,0,0
1055,0,2014-12-01,0.7818314824680298,0.6234898018587336,-2.4492935982947064e-16,1.0,-0.4937755501599774,0.8695893893466109,0.0,9755.0,6237.0,9208.42857142857,10006.0,4349.612697591307,7292.366666666667,7915.0,3687.6743300307558,1980.0,1,0,0,0,1,0,1,0,0,13214
1055,0,2014-12-02,0.9749279121818236,-0.22252093395631434,-2.4492935982947064e-16,1.0,-0.4787338401157883,0.8779600847008883,13214.0,10006.0,6989.0,9391.857142857143,10411.0,4415.429025156035,7668.7,8375.0,3488.517985403361,1980.0,1,0,0,0,1,0,1,0,0,11290
1055,0,2014-12-03,0.43388373911755823,-0.900968867902419,-2.4492935982947064e-16,1.0,-0.4635502709028512,0.8860706215341377,11290.0,8816.0,6682.0,9712.142857142857,11058.0,4447.8912767202055,7674.866666666667,8375.0,3494.5358799262485,1980.0,1,0,0,0,1,0,1,0,0,11058
1055,0,2014-12-04,-0.433883739117558,-0.9009688679024191,-2.4492935982947064e-16,1.0,-0.4482293417404106,0.893918596519257,11058.0,10411.0,6964.0,9723.714285714286,11058.0,4450.117216219718,7702.6,8375.0,3514.0803535255773,1980.0,1,0,0,0,1,0,1,0,0,10492
1055,0,2014-12-05,-0.9749279121818236,-0.2225209339563146,-2.4492935982947064e-16,1.0,-0.4327755925504317,0.9015016841318838,10492.0,12416.0,7147.0,9727.142857142857,11058.0,4452.545767257615,7822.733333333334,8375.0,3614.336701042905,1980.0,1,0,0,0,1,0,1,0,0,12440
1055,0,2014-12-06,-0.7818314824680299,0.6234898018587334,-2.4492935982947064e-16,1.0,-0.41719360261231697,0.9088176373395028,12440.0,9596.0,7535.0,9543.142857142857,11058.0,4485.360610867727,7844.833333333333,8447.5,3615.2393261107118,1980.0,0,0,0,0,1,0,1,0,0,8308
1055,0,2014-12-07,-2.4492935982947064e-16,1.0,-2.4492935982947064e-16,1.0,-0.4014879892059737,0.9158642882672868,8308.0,0.0,0.0,9543.142857142857,11058.0,4485.360610867727,7549.9,8235.5,3881.6731315245966,1980.0,0,0,0,0,1,0,1,0,0,0
1055,0,2014-12-08,0.7818314824680298,0.6234898018587336,-2.4492935982947064e-16,1.0,-0.38566340624360745,0.9226395488404875,0.0,13214.0,9755.0,8807.142857142857,10492.0,4195.97979930676,7597.633333333333,8235.5,3878.774597493503,1980.0,0,0,0,0,1,0,1,0,0,8062
1055,0,2014-12-09,0.9749279121818236,-0.22252093395631434,-2.4492935982947064e-16,1.0,-0.3697245428906732,0.9291414114031743,8062.0,11290.0,10006.0,8306.714285714286,8308.0,4057.104661959705,7857.2,8235.5,3603.6019375255496,1980.0,0,0,0,0,1,0,1,0,0,7787
1055,0,2014-12-10,0.43388373911755823,-0.900968867902419,-2.4492935982947064e-16,1.0,-0.3536761221763721,0.935367949313148,7787.0,11058.0,8816.0,7838.428571428572,8062.0,3871.5501571137584,7803.633333333333,8112.5,3592.0028558023055,1980.0,0,0,0,0,1,0,1,0,0,7780
1055,0,2014-12-11,-0.433883739117558,-0.9009688679024191,-2.4492935982947064e-16,1.0,-0.33752289959411347,0.941317317512847,7780.0,10492.0,10411.0,7412.142857142857,7787.0,3690.7340926781903,7745.6,7924.5,3581.8957088342872,1980.0,0,0,0,0,1,0,1,0,0,7508
1055,0,2014-12-12,-0.9749279121818236,-0.2225209339563146,-2.4492935982947064e-16,1.0,-0.32126966169236515,0.946987753076075,7508.0,12440.0,12416.0,6707.285714285715,7780.0,2971.554178892793,7723.7,7783.5,3581.2641107623504,1980.0,0,0,0,0,1,0,1,0,0,7506
1055,0,2014-12-13,-0.7818314824680299,0.6234898018587334,-2.4492935982947064e-16,1.0,-0.3049212246562894,0.9523775757303973,7506.0,8308.0,9596.0,6667.428571428572,7780.0,2948.2855954572883,7742.733333333334,7908.0,3581.320647695367,1980.0,0,0,0,0,1,0,1,0,0,8029
1055,0,2014-12-14,-2.4492935982947064e-16,1.0,-2.4492935982947064e-16,1.0,-0.2884824328806098,0.9574851883550389,8029.0,0.0,0.0,6667.428571428572,7780.0,2948.2855954572883,7456.5,7783.5,3844.965887028617,1980.0,0,0,0,0,1,0,1,0,0,0
1055,0,2014-12-15,0.7818314824680298,0.6234898018587336,-2.4492935982947064e-16,1.0,-0.27195815753410524,0.9623090774541487,0.0,8062.0,13214.0,7724.285714285715,7780.0,4466.545671779836,7716.266666666666,7908.0,4113.54557137952,1980.0,1,0,0,0,1,0,1,0,0,15460
1055,0,2014-12-16,0.9749279121818236,-0.22252093395631434,-2.4492935982947064e-16,1.0,-0.2553532951161881,0.9668478136052773,15460.0,7787.0,11290.0,8654.857142857143,7780.0,5113.506247464363,8192.966666666667,8045.5,4015.9900783238204,1980.0,1,0,0,0,1,0,1,0,0,14301
1055,0,2014-12-17,0.43388373911755823,-0.900968867902419,-2.4492935982947064e-16,1.0,-0.23867276600594997,0.9711000518829505,14301.0,7780.0,11058.0,9424.57142857143,8029.0,5359.470429596024,8424.0,8185.0,4098.111305938631,1980.0,1,0,0,0,1,0,1,0,0,13168
1055,0,2014-12-18,-0.433883739117558,-0.9009688679024191,-2.4492935982947064e-16,1.0,-0.22192151300416674,0.9750645322571945,13168.0,7508.0,10492.0,10127.285714285714,12427.0,5388.695256871412,8605.266666666666,8562.0,4152.357153044129,1980.0,1,0,0,0,1,0,1,0,0,12427
1055,0,2014-12-19,-0.9749279121818236,-0.2225209339563146,-2.4492935982947064e-16,1.0,-0.20510449986861926,0.9787400799669153,12427.0,7506.0,12440.0,10826.42857142857,12427.0,5308.808807291972,8795.866666666667,9206.0,4192.074720751978,1980.0,1,0,0,0,1,0,1,0,0,12400
1055,0,2014-12-20,-0.7818314824680299,0.6234898018587334,-2.4492935982947064e-16,1.0,-0.1882267098432439,0.9821256058680006,12400.0,8029.0,8308.0,11328.857142857143,12427.0,5164.394783146455,8948.6,9675.5,4206.476522106648,1980.0,0,0,0,0,1,0,1,0,0,11546
1055,0,2014-12-21,-2.4492935982947064e-16,1.0,-2.4492935982947064e-16,1.0,-0.1712931441814778,0.9852201067560606,11546.0,0.0,0.0,11328.857142857143,12427.0,5164.394783146455,8710.366666666667,9675.5,4503.898399381806,1980.0,0,0,0,0,1,0,1,0,0,0
1055,0,2014-12-22,0.7818314824680298,0.6234898018587336,-2.4492935982947064e-16,1.0,-0.154308820664281,0.9880226656636976,0.0,15460.0,8062.0,11411.285714285714,12427.0,5245.292292913245,8993.766666666666,9880.5,4690.991092129332,1980.0,0,0,0,0,1,0,1,0,0,16037
1055,0,2014-12-23,0.9749279121818236,-0.22252093395631434,-2.4492935982947064e-16,1.0,-0.13727877211326517,0.9905324521322227,16037.0,14301.0,7787.0,11556.857142857143,12427.0,5351.912568685795,9504.433333333332,10208.5,4508.484344168133,1980.0,0,0,0,0,1,0,1,0,0,15320
1055,0,2014-12-24,0.43388373911755823,-0.900968867902419,-2.4492935982947064e-16,1.0,-0.12020804489935275,0.9927487224577402,15320.0,13168.0,7780.0,10526.714285714286,12400.0,5674.387888112847,9377.833333333334,10208.5,4554.297607249911,1980.0,0,0,0,0,1,0,1,0,0,5957
1055,0,2014-12-25,-0.433883739117558,-0.9009688679024191,-2.4492935982947064e-16,1.0,-0.10310169744743544,0.9946708199115211,5957.0,12427.0,7508.0,8751.42857142857,11546.0,6810.913053258537,9044.3,10003.5,4862.662121399811,1980.0,0,0,0,0,1,0,1,0,0,0
1055,0,2014-12-26,-0.9749279121818236,-0.2225209339563146,-2.4492935982947064e-16,1.0,-0.0859647987374467,0.9962981749346077,0.0,12400.0,7506.0,6980.0,5957.0,7298.869021978676,8750.433333333332,10003.5,5135.6613829408425,1980.0,0,0,0,0,1,0,1,0,0,0
1055,0,2014-12-27,-0.7818314824680299,0.6234898018587334,-2.4492935982947064e-16,1.0,-0.06880242680232064,0.9976303053065857,0.0,11546.0,8029.0,6553.285714285715,5957.0,7071.2000800025835,8688.7,9077.5,5126.134364956323,1980.0,0,0,0,0,1,0,1,0,0,8559
1055,0,2014-12-28,-2.4492935982947064e-16,1.0,-2.4492935982947064e-16,1.0,-0.05161966722325418,0.9986668162884759,8559.0,0.0,0.0,6553.285714285715,5957.0,7071.2000800025835,8274.833333333334,8433.5,5312.647648793381,1980.0,0,0,0,0,1,0,1,0,0,0
1055,0,2014-12-29,0.7818314824680298,0.6234898018587336,-2.4492935982947064e-16,1.0,-0.034421611622745804,0.9994074007397048,0.0,16037.0,15460.0,5720.428571428572,5957.0,6035.512374193893,8295.2,8433.5,5319.054455770145,1980.0,0,0,0,0,1,0,1,0,0,10207
1055,0,2014-12-30,0.9749279121818236,-0.22252093395631434,-2.4492935982947064e-16,1.0,-0.01721335615583528,0.9998518392091162,10207.0,15320.0,14301.0,5025.857142857143,5957.0,4924.0948890319405,8643.8,9383.0,5094.62045826704,1980.0,0,0,0,0,1,0,1,0,0,10458
1055,0,2014-12-31,0.43388373911755823,-0.900968867902419,-2.4492935982947064e-16,1.0,6.432490598706546e-16,1.0,10458.0,5957.0,13168.0,4815.428571428572,4484.0,4909.122184163644,8352.8,8433.5,5073.855735787742,1980.0,0,0,0,0,1,0,1,0,0,4484
1055,0,2015-01-01,-0.433883739117558,-0.9009688679024191,0.49999999999999994,0.8660254037844387,0.017213356155834685,0.9998518392091162,4484.0,0.0,12427.0,4815.428571428572,4484.0,4909.122184163644,7976.466666666666,8185.0,5263.6347395373405,1980.0,0,0,0,0,1,0,1,0,0,0
1055,0,2015-01-02,-0.9749279121818236,-0.2225209339563146,0.49999999999999994,0.8660254037844387,0.03442161162274574,0.9994074007397048,0.0,0.0,12400.0,6002.285714285715,8308.0,4541.405388727358,7884.8,8185.0,5231.9695401412155,1980.0,0,0,0,0,1,0,1,0,0,8308
1055,0,2015-01-03,-0.7818314824680299,0.6234898018587334,0.49999999999999994,0.8660254037844387,0.051619667223253764,0.998666816288476,8308.0,8559.0,11546.0,5821.142857142857,7291.0,4446.73072524716,7778.1,8045.5,5209.557571723669,1980.0,0,0,0,0,1,0,1,0,0,7291
1055,0,2015-01-04,-2.4492935982947064e-16,1.0,0.49999999999999994,0.8660254037844387,0.06880242680231986,0.9976303053065857,7291.0,0.0,0.0,5821.142857142857,7291.0,4446.73072524716,7363.433333333333,7908.0,5319.61979250224,1980.0,0,0,0,0,1,0,1,0,0,0
1055,0,2015-01-05,0.7818314824680298,0.6234898018587336,0.49999999999999994,0.8660254037844387,0.08596479873744647,0.9962981749346078,0.0,10207.0,16037.0,5790.0,7291.0,4411.518748307282,7419.466666666666,7908.0,5338.731250111726,1980.0,1,0,0,0,1,0,1,0,0,9989
1055,0,2015-01-06,0.9749279121818236,-0.22252093395631434,0.49999999999999994,0.8660254037844387,0.10310169744743485,0.9946708199115211,9989.0,10458.0,15320.0,5577.285714285715,7291.0,4178.677450832408,7718.433333333333,8045.5,5156.952539572404,1980.0,1,0,0,0,1,0,1,0,0,8969
1055,0,2015-01-07,0.43388373911755823,-0.900968867902419,0.49999999999999994,0.8660254037844387,0.1202080448993527,0.9927487224577402,8969.0,4484.0,5957.0,6092.857142857143,8093.0,4243.444333265583,7719.466666666666,8061.0,5157.0268615331715,1980.0,1,0,0,0,1,0,1,0,0,8093
1055,0,2015-01-08,-0.433883739117558,-0.9009688679024191,0.49999999999999994,0.8660254037844387,0.13727877211326478,0.9905324521322229,8093.0,0.0,0.0,7197.857142857143,8093.0,3293.110709171056,7717.733333333334,8061.0,5157.012118989276,1980.0,1,0,0,0,1,0,1,0,0,7735
1055,0,2015-01-09,-0.9749279121818236,-0.2225209339563146,0.49999999999999994,0.8660254037844387,0.15430882066428117,0.9880226656636976,7735.0,8308.0,0.0,7086.428571428572,7735.0,3262.3389287004256,7709.333333333333,8061.0,5157.112432716405,1980.0,1,0,0,0,1,0,1,0,0,7528
1055,0,2015-01-10,-0.7818314824680299,0.6234898018587334,0.49999999999999994,0.8660254037844387,0.1712931441814776,0.9852201067560606,7528.0,7291.0,8559.0,7108.285714285715,7735.0,3264.449811442738,7707.2,8061.0,5157.211826238051,1980.0,0,0,0,0,1,0,1,0,0,7444
1055,0,2015-01-11,-2.4492935982947064e-16,1.0,0.49999999999999994,0.8660254037844387,0.1882267098432442,0.9821256058680006,7444.0,0.0,0.0,7108.285714285715,7735.0,3264.449811442738,7457.0,8061.0,5345.931840323002,1980.0,0,0,0,0,1,0,1,0,0,0
1055,0,2015-01-12,0.7818314824680298,0.6234898018587336,0.49999999999999994,0.8660254037844387,0.2051044998686192,0.9787400799669153,0.0,9989.0,10207.0,6975.428571428572,7735.0,3144.386790093459,7491.333333333333,8200.5,5353.034868077223,1980.0,1,0,0,0,1,0,1,0,0,9059
1055,0,2015-01-13,0.9749279121818236,-0.22252093395631434,0.49999999999999994,0.8660254037844387,0.22192151300416552,0.9750645322571948,9059.0,8969.0,10458.0,7026.857142857143,7735.0,3185.1077129128776,7802.3,8433.5,5170.708022952045,1980.0,1,0,0,0,1,0,1,0,0,9329
1055,0,2015-01-14,0.43388373911755823,-0.900968867902419,0.49999999999999994,0.8660254037844387,0.2386727660059501,0.9711000518829505,9329.0,8093.0,4484.0,7107.857142857143,7735.0,3223.7151150275517,7575.633333333333,8433.5,4968.536761519902,1980.0,1,0,0,0,1,0,1,0,0,8660
1055,0,2015-01-15,-0.433883739117558,-0.9009688679024191,0.49999999999999994,0.8660254037844387,0.255353295116187,0.9668478136052775,8660.0,7735.0,0.0,7050.428571428572,7528.0,3214.2477013625203,7343.366666666667,8200.5,4803.426395478708,1980.0,1,0,0,0,1,0,1,0,0,7333
1055,0,2015-01-16,-0.9749279121818236,-0.2225209339563146,0.49999999999999994,0.8660254037844387,0.2719581575341055,0.9623090774541486,7333.0,7528.0,8308.0,7127.571428571428,8068.0,3234.03900497725,7173.366666666667,8080.5,4678.807647130895,1980.0,1,0,0,0,1,0,1,0,0,8068
1055,0,2015-01-17,-0.7818314824680299,0.6234898018587334,0.49999999999999994,0.8660254037844387,0.288482432880609,0.9574851883550393,8068.0,7444.0,7291.0,7034.0,8068.0,3232.8332259283998,6985.433333333333,7901.5,4572.532292326407,1980.0,0,0,0,0,1,0,1,0,0,6789
1055,0,2015-01-18,-2.4492935982947064e-16,1.0,0.49999999999999994,0.8660254037844387,0.30492122465628907,0.9523775757303974,6789.0,0.0,0.0,7034.0,8068.0,3232.8332259283998,6572.1,7631.5,4626.337304145051,1980.0,0,0,0,0,1,0,1,0,0,0
1055,0,2015-01-19,0.7818314824680298,0.6234898018587336,0.49999999999999994,0.8660254037844387,0.3212696616923644,0.9469877530760753,0.0,9059.0,9989.0,6709.285714285715,7333.0,3107.251396024339,6413.433333333333,7486.0,4530.500951849874,1980.0,0,0,0,0,1,0,1,0,0,6786
1055,0,2015-01-20,0.9749279121818236,-0.22252093395631434,0.49999999999999994,0.8660254037844387,0.3375228995941133,0.9413173175128471,6786.0,9329.0,8969.0,6217.142857142857,6789.0,2888.2759810754087,6609.566666666667,7486.0,4367.717984480453,1980.0,0,0,0,0,1,0,1,0,0,5884
1055,0,2015-01-21,0.43388373911755823,-0.900968867902419,0.49999999999999994,0.8660254037844387,0.3536761221763716,0.9353679493131483,5884.0,8660.0,8093.0,5789.571428571428,6786.0,2680.42949650131,6263.9,7388.5,3989.897676935307,1980.0,0,0,0,0,1,0,1,0,0,5667
1055,0,2015-01-22,-0.433883739117558,-0.9009688679024191,0.49999999999999994,0.8660254037844387,0.3697245428906731,0.9291414114031743,5667.0,7333.0,7735.0,5606.142857142857,6049.0,2599.9302188437914,5954.866666666667,7312.0,3604.725861051476,1980.0,0,0,0,0,1,0,1,0,0,6049
1055,0,2015-01-23,-0.9749279121818236,-0.2225209339563146,0.49999999999999994,0.8660254037844387,0.38566340624360707,0.9226395488404876,6049.0,8068.0,7528.0,5389.142857142857,6049.0,2417.1759988721956,5974.6,7312.0,3606.3579641401675,1980.0,0,0,0,0,1,0,1,0,0,6549
1055,0,2015-01-24,-0.7818314824680299,0.6234898018587334,0.49999999999999994,0.8660254037844387,0.401487989205973,0.9158642882672872,6549.0,6789.0,7444.0,5394.142857142857,6049.0,2420.5880434701116,6202.066666666667,7312.0,3427.284628745729,1980.0,0,0,0,0,1,0,1,0,0,6824
1055,0,2015-01-25,-2.4492935982947064e-16,1.0,0.49999999999999994,0.8660254037844387,0.4171936026123168,0.9088176373395029,6824.0,0.0,0.0,5394.142857142857,6049.0,2420.5880434701116,6202.066666666667,7312.0,3427.284628745729,1980.0,0,0,0,0,1,0,1,0,0,0
1055,0,2015-01-26,0.7818314824680298,0.6234898018587336,0.49999999999999994,0.8660254037844387,0.4327755925504312,0.901501684131884,0.0,6786.0,9059.0,5714.857142857143,6049.0,2760.5838409396524,6217.8,7312.0,3439.5389667000786,1980.0,1,0,0,0,1,0,1,0,0,9031
1055,0,2015-01-27,0.9749279121818236,-0.22252093395631434,0.49999999999999994,0.8660254037844387,0.4482293417404106,0.893918596519257,9031.0,5884.0,9329.0,6043.0,6549.0,2916.174606112142,6490.5,7388.5,3248.578360155244,1980.0,1,0,0,0,1,0,1,0,0,8181
1055,0,2015-01-28,0.43388373911755823,-0.900968867902419,0.49999999999999994,0.8660254037844387,0.4635502709028509,0.886070621534138,8181.0,5667.0,8660.0,6440.428571428572,6824.0,3043.196228591619,6431.9,7388.5,3194.6340284705593,1980.0,1,0,0,0,1,0,1,0,0,8449
1055,0,2015-01-29,-0.433883739117558,-0.9009688679024191,0.49999999999999994,0.8660254037844387,0.47873384011578846,0.8779600847008882,8449.0,6049.0,7333.0,6815.857142857143,8181.0,3147.185749659067,6372.533333333334,7388.5,3133.1936525481124,1980.0,1,0,0,0,1,0,1,0,0,8677
1055,0,2015-01-30,-0.9749279121818236,-0.2225209339563146,0.49999999999999994,0.8660254037844387,0.4937755501599772,0.869589389346611,8677.0,6549.0,8068.0,7182.714285714285,8449.0,3258.594416528164,6526.966666666666,7486.0,3151.027314508964,1980.0,1,0,0,0,1,0,1,0,0,9117
1055,0,2015-01-31,-0.7818314824680299,0.6234898018587334,0.49999999999999994,0.8660254037844387,0.5086709438521044,0.8609610158889943,9117.0,6824.0,6789.0,7402.428571428572,8449.0,3282.142179387455,6805.7,7631.5,2914.739630531871,1980.0,0,0,0,0,1,0,1,0,0,8362
1055,0,2015-02-01,-2.4492935982947064e-16,1.0,0.8660254037844386,0.5000000000000001,0.5234156073655503,0.8520775211013093,8362.0,0.0,0.0,7402.428571428572,8449.0,3282.142179387455,6528.766666666666,7486.0,3152.0950414882286,1980.0,0,0,0,0,1,0,1,0,0,0
1055,0,2015-02-02,0.7818314824680298,0.6234898018587336,0.8660254037844386,0.5000000000000001,0.5380051715382996,0.8429415373547828,0.0,9031.0,6786.0,7616.428571428572,8449.0,3450.5404338616627,6636.7,7631.5,3233.482004343577,1980.0,1,0,0,0,1,0,1,0,0,10529
1055,0,2015-02-03,0.9749279121818236,-0.22252093395631434,0.8660254037844386,0.5000000000000001,0.5524353131676196,0.8335557718385699,10529.0,8181.0,5884.0,7651.428571428572,8449.0,3458.4549949913903,6917.566666666667,7901.5,2994.2242986414153,1980.0,1,0,0,0,1,0,1,0,0,8426
1055,0,2015-02-04,0.43388373911755823,-0.900968867902419,0.8660254037844386,0.5000000000000001,0.5667017562911176,0.8239230057575542,8426.0,8449.0,5667.0,7595.428571428572,8426.0,3446.541302868848,6853.166666666667,7896.0,2946.2786590513756,1980.0,1,0,0,0,1,0,1,0,0,8057
1055,0,2015-02-05,-0.433883739117558,-0.9009688679024191,0.8660254037844386,0.5000000000000001,0.5808002734538009,0.8140460935082178,8057.0,8677.0,6049.0,7531.142857142857,8362.0,3427.1474741428556,6828.433333333333,7896.0,2930.9789783047454,1980.0,1,0,0,0,1,0,1,0,0,8227
1055,0,2015-02-06,-0.9749279121818236,-0.2225209339563146,0.8660254037844386,0.5000000000000001,0.5947266869607634,0.8039279618328213,8227.0,9117.0,6549.0,7494.428571428572,8362.0,3408.6537350857793,6854.0,7896.0,2945.6983247932258,1980.0,1,0,0,0,1,0,1,0,0,8860
1055,0,2015-02-07,-0.7818314824680299,0.6234898018587334,0.8660254037844386,0.5000000000000001,0.6084768701151261,0.7935716089521474,8860.0,8362.0,6824.0,7218.571428571428,8227.0,3404.874978475358,6810.533333333334,7792.5,2941.868439044078,1980.0,0,0,0,0,1,0,1,0,0,6431
1055,0,2015-02-08,-2.4492935982947064e-16,1.0,0.8660254037844386,0.5000000000000001,0.6220467484408675,0.7829801036770629,6431.0,0.0,0.0,7218.571428571428,8227.0,3404.874978475358,6559.6,7750.5,3189.2204603676346,1980.0,0,0,0,0,1,0,1,0,0,0
1055,0,2015-02-09,0.7818314824680298,0.6234898018587336,0.8660254037844386,0.5000000000000001,0.6354323008901774,0.7721565844991642,0.0,10529.0,9031.0,6554.0,8057.0,3090.532100895674,6507.366666666667,7695.0,3187.067709518804,1980.0,0,0,0,0,1,0,1,0,0,5877
1055,0,2015-02-10,0.9749279121818236,-0.22252093395631434,0.8660254037844386,0.5000000000000001,0.6486295610349814,0.7611042586607747,5877.0,8426.0,8181.0,6200.428571428572,6431.0,2980.281522336593,6705.733333333334,7695.0,2944.005363719495,1980.0,0,0,0,0,1,0,1,0,0,5951
1055,0,2015-02-11,0.43388373911755823,-0.900968867902419,0.8660254037844386,0.5000000000000001,0.6616346182422783,0.7498264012045686,5951.0,8057.0,8449.0,5852.571428571428,5951.0,2867.4366518514275,6591.166666666667,7078.5,2916.0123229876885,1980.0,0,0,0,0,1,0,1,0,0,5622
1055,0,2015-02-12,-0.433883739117558,-0.9009688679024191,0.8660254037844386,0.5000000000000001,0.6744436188329455,0.7383263540031065,5622.0,8227.0,8677.0,5548.0,5951.0,2680.319383954079,6483.366666666667,6806.5,2870.7354156098654,1980.0,0,0,0,0,1,0,1,0,0,6095
1055,0,2015-02-13,-0.9749279121818236,-0.2225209339563146,0.8660254037844386,0.5000000000000001,0.6870527672236669,0.7266075247685656,6095.0,8860.0,9117.0,5283.428571428572,5951.0,2372.654691630087,6428.3,6806.5,2843.256209421472,1980.0,0,0,0,0,1,0,1,0,0,7008
1055,0,2015-02-14,-0.7818314824680299,0.6234898018587334,0.8660254037844386,0.5000000000000001,0.6994583270516471,0.7146733860429609,7008.0,6431.0,8362.0,5452.0,5951.0,2505.949454132434,6437.566666666667,6806.5,2846.7573286997454,1980.0,0,0,0,0,1,0,1,0,0,7611
1055,0,2015-02-15,-2.4492935982947064e-16,1.0,0.8660254037844386,0.5000000000000001,0.7116566222817746,0.702527474169157,7611.0,0.0,0.0,5452.0,5951.0,2505.949454132434,6168.633333333333,6787.5,3060.4878412496178,1980.0,0,0,0,0,1,0,1,0,0,0
1055,0,2015-02-16,0.7818314824680298,0.6234898018587336,0.8660254037844386,0.5000000000000001,0.7236440382959124,0.6901733882429719,0.0,5877.0,10529.0,6112.0,6095.0,3159.6649611417083,6292.233333333334,6805.0,3159.673615655773,1980.0,1,0,0,0,1,0,1,0,0,10497
1055,0,2015-02-17,0.9749279121818236,-0.22252093395631434,0.8660254037844386,0.5000000000000001,0.7354170229639855,0.6776147890466889,10497.0,5951.0,8426.0,6460.285714285715,7008.0,3271.35505635843,6571.866666666667,6916.0,2947.710797742275,1980.0,1,0,0,0,1,0,1,0,0,8389
1055,0,2015-02-18,0.43388373911755823,-0.900968867902419,0.8660254037844386,0.5000000000000001,0.7469720876965552,0.6648553979642865,8389.0,5622.0,8057.0,6733.142857142857,7532.0,3269.4361098193117,6596.733333333334,7270.0,2952.7218411601743,1980.0,1,0,0,0,1,0,1,0,0,7532
1055,0,2015-02-19,-0.433883739117558,-0.9009688679024191,0.8660254037844386,0.5000000000000001,0.7583058084785625,0.6518989958787126,7532.0,6095.0,8227.0,6966.714285714285,7611.0,3274.647142023375,6658.266666666666,7571.5,2956.5889937833567,1980.0,1,0,0,0,1,0,1,0,0,7730
1055,0,2015-02-20,-0.9749279121818236,-0.2225209339563146,0.8660254037844386,0.5000000000000001,0.7694148268839378,0.6387494220515272,7730.0,7008.0,8860.0,7096.714285714285,7730.0,3294.5617672302324,6733.3,7670.5,2959.127051496186,1980.0,1,0,0,0,1,0,1,0,0,7918
1055,0,2015-02-21,-0.7818314824680299,0.6234898018587334,0.8660254037844386,0.5000000000000001,0.7802958510707755,0.6254105729852463,7918.0,7611.0,6431.0,6874.285714285715,7730.0,3306.5910297608916,6733.466666666666,7670.5,2959.08732123819,1980.0,0,0,0,0,1,0,1,0,0,6054
1055,0,2015-02-22,-2.4492935982947064e-16,1.0,0.8660254037844386,0.5000000000000001,0.7909456567567772,0.6118864012687243,6054.0,0.0,0.0,6874.285714285715,7730.0,3306.5910297608916,6515.166666666667,7670.5,3204.5529795668126,1980.0,0,0,0,0,1,0,1,0,0,0
1055,0,2015-02-23,0.7818314824680298,0.6234898018587336,0.8660254037844386,0.5000000000000001,0.8013610881746766,0.5981809144059164,0.0,10497.0,5877.0,6215.285714285715,7532.0,2898.790133503149,6483.833333333333,7670.5,3206.02436245323,1980.0,0,0,0,0,1,0,1,0,0,5884
1055,0,2015-02-24,0.9749279121818236,-0.22252093395631434,0.8660254037844386,0.5000000000000001,0.8115390590073611,0.5842981736283683,5884.0,8389.0,5951.0,5859.714285714285,6054.0,2735.789326336224,6680.5,7670.5,2966.5933527683933,1980.0,0,0,0,0,1,0,1,0,0,5900
1055,0,2015-02-25,0.43388373911755823,-0.900968867902419,0.8660254037844386,0.5000000000000001,0.8214765533024142,0.5702422926917871,5900.0,7532.0,5622.0,5598.428571428572,5900.0,2634.937940897456,6569.566666666667,7571.5,2937.751177033358,1980.0,0,0,0,0,1,0,1,0,0,5703
1055,0,2015-02-26,-0.433883739117558,-0.9009688679024191,0.8660254037844386,0.5000000000000001,0.8311706263658079,0.5560174366570446,5703.0,7730.0,6095.0,5369.857142857143,5900.0,2484.3055655166736,6501.2,7270.0,2922.784211129441,1980.0,0,0,0,0,1,0,1,0,0,6130
1055,0,2015-02-27,-0.9749279121818236,-0.2225209339563146,0.8660254037844386,0.5000000000000001,0.8406184056344782,0.5416278206559814,6130.0,7918.0,7008.0,5441.428571428572,5900.0,2575.494376952561,6500.2,7270.0,2922.099863761173,1980.0,0,0,0,0,1,0,1,0,0,8419
1055,0,2015-02-28,-0.7818314824680299,0.6234898018587334,0.8660254037844386,0.5000000000000001,0.8498170915275278,0.5270777086423722,8419.0,6054.0,7611.0,5761.428571428572,5900.0,2794.1649830281895,6487.433333333333,7270.0,2913.0842250609253,1980.0,0,0,0,0,1,0,1,0,0,8294
1055,0,2015-03-01,-2.4492935982947064e-16,1.0,1.0,6.123233995736766e-17,0.8587639582758029,0.5123714121284237,8294.0,0.0,0.0,5761.428571428572,5900.0,2794.1649830281895,6183.533333333334,6719.5,3098.927764881587,1980.0,0,0,0,0,1,0,1,0,0,0
1055,0,2015-03-02,0.7818314824680298,0.6234898018587336,1.0,6.123233995736766e-17,0.8674563547295968,0.49751328890718066,0.0,5884.0,10497.0,6386.142857142857,6130.0,3273.820674613038,6246.7,6719.5,3163.503940689593,1980.0,1,0,0,0,1,0,1,0,0,10257
1055,0,2015-03-03,0.9749279121818236,-0.22252093395631434,1.0,6.123233995736766e-17,0.8758917051442429,0.48250774176121847,10257.0,5900.0,8389.0,6794.142857142857,8294.0,3379.3996226436084,6538.566666666667,7270.0,2964.995198964919,1980.0,1,0,0,0,1,0,1,0,0,8756
1055,0,2015-03-04,0.43388373911755823,-0.900968867902419,1.0,6.123233995736766e-17,0.8840675099433636,0.46735921715800227,8756.0,5703.0,7532.0,7136.142857142857,8294.0,3371.6995431864557,6457.5,7270.0,2884.277842444059,1980.0,1,0,0,0,1,0,1,0,0,8097
1055,0,2015-03-05,-0.433883739117558,-0.9009688679024191,1.0,6.123233995736766e-17,0.8919813464595485,0.45207220393230435,8097.0,6130.0,7730.0,7434.857142857143,8294.0,3360.3106715784106,6450.666666666667,7270.0,2879.692516312412,1980.0,1,0,0,0,1,0,1,0,0,8221
1055,0,2015-03-06,-0.9749279121818236,-0.2225209339563146,1.0,6.123233995736766e-17,0.8996308696522433,0.43665123195606403,8221.0,8419.0,7918.0,7442.428571428572,8294.0,3362.9563807827717,6464.5,7270.0,2888.6578526463004,1980.0,1,0,0,0,1,0,1,0,0,8472
1055,0,2015-03-07,-0.7818314824680299,0.6234898018587334,1.0,6.123233995736766e-17,0.9070138128026359,0.4211008707960896,8472.0,8294.0,6054.0,7245.571428571428,8221.0,3345.0843964013166,6420.8,6962.0,2870.937230123694,1980.0,0,0,0,0,1,0,1,0,0,6916
1055,0,2015-03-08,-2.4492935982947064e-16,1.0,1.0,6.123233995736766e-17,0.9141279881853337,0.40542572835999735,6916.0,0.0,0.0,7245.571428571428,8221.0,3345.0843964013166,6125.466666666666,6673.5,3060.8003205532395,1980.0,0,0,0,0,1,0,1,0,0,0
1055,0,2015-03-09,0.7818314824680298,0.6234898018587336,1.0,6.123233995736766e-17,0.9209712877166346,0.38963044953078796,0.0,10257.0,5884.0,6564.142857142857,8097.0,3106.7398468797533,6094.0,6523.0,3062.402955534906,1980.0,0,0,0,0,1,0,1,0,0,5487
1055,0,2015-03-10,0.9749279121818236,-0.22252093395631434,1.0,6.123233995736766e-17,0.9275416835791966,0.37371971479046906,5487.0,8756.0,5900.0,6095.857142857143,6916.0,2965.1144681991245,6276.6,6523.0,2841.8873112168144,1980.0,0,0,0,0,1,0,1,0,0,5478
1055,0,2015-03-11,0.43388373911755823,-0.900968867902419,1.0,6.123233995736766e-17,0.9338372288229252,0.35769823883312546,5478.0,8097.0,5703.0,5737.285714285715,5587.0,2831.541730476269,6266.933333333333,6523.0,2843.7860016162376,1980.0,0,0,0,0,1,0,1,0,0,5587
1055,0,2015-03-12,-0.433883739117558,-0.9009688679024191,1.0,6.123233995736766e-17,0.9398560579418954,0.3415707691678556,5587.0,8221.0,6130.0,5443.428571428572,5587.0,2630.4168146983097,6274.033333333334,6540.0,2843.2358627564354,1980.0,0,0,0,0,1,0,1,0,0,6164
1055,0,2015-03-13,-0.9749279121818236,-0.2225209339563146,1.0,6.123233995736766e-17,0.9455963874271426,0.3253420847119801,6164.0,8472.0,8419.0,5159.714285714285,5587.0,2340.434768320171,6302.833333333333,6701.0,2840.778269798768,1980.0,0,0,0,0,1,0,1,0,0,6486
1055,0,2015-03-14,-0.7818314824680299,0.6234898018587334,1.0,6.123233995736766e-17,0.9510565162951535,0.30901699437494745,6486.0,6916.0,8294.0,5053.285714285715,5587.0,2262.9140294677336,6305.366666666667,6701.0,2840.6204213447604,1980.0,0,0,0,0,1,0,1,0,0,6171
1055,0,2015-03-15,-2.4492935982947064e-16,1.0,1.0,6.123233995736766e-17,0.9562348265919056,0.29260033563334836,6171.0,0.0,0.0,5053.285714285715,5587.0,2262.9140294677336,6071.766666666666,6328.5,3060.49068280565,1980.0,0,0,0,0,1,0,1,0,0,0
1055,0,2015-03-16,0.7818314824680298,0.6234898018587336,1.0,6.123233995736766e-17,0.9611297838723007,0.27609697309746883,0.0,5487.0,10257.0,5729.142857142857,6164.0,3000.3712230639812,6158.666666666667,6328.5,3141.6389126491335,1980.0,1,0,0,0,1,0,1,0,0,10218
1055,0,2015-03-17,0.9749279121818236,-0.22252093395631434,1.0,6.123233995736766e-17,0.9657399376548549,0.2595117970697999,10218.0,5478.0,8756.0,6052.428571428572,6171.0,3089.397614268449,6416.7,6701.0,2929.0702555706866,1980.0,1,0,0,0,1,0,1,0,0,7741
1055,0,2015-03-18,0.43388373911755823,-0.900968867902419,1.0,6.123233995736766e-17,0.970063921851507,0.2428497220959356,7741.0,5587.0,8097.0,6384.142857142857,6486.0,3155.055700964792,6330.433333333333,6701.0,2841.5572307103484,1980.0,1,0,0,0,1,0,1,0,0,7909
1055,0,2015-03-19,-0.433883739117558,-0.9009688679024191,1.0,6.123233995736766e-17,0.9741004551724205,0.22611568550828828,7909.0,6164.0,8221.0,6649.142857142857,7741.0,3210.892369657345,6318.1,6701.0,2833.104637355786,1980.0,1,0,0,0,1,0,1,0,0,8019
1055,0,2015-03-20,-0.9749279121818236,-0.2225209339563146,1.0,6.123233995736766e-17,0.9778483415056568,0.20931464596304847,8019.0,6486.0,8472.0,6800.142857142857,7741.0,3226.7562881099484,6318.466666666666,6701.0,2833.267867533066,1980.0,1,0,0,0,1,0,1,0,0,7543
1055,0,2015-03-21,-0.7818314824680299,0.6234898018587334,1.0,6.123233995736766e-17,0.9813064702716093,0.19245158197082998,7543.0,6171.0,6916.0,6871.0,7741.0,3216.0663861307257,6283.033333333334,6576.5,2821.6293957793964,1980.0,0,0,0,0,1,0,1,0,0,6667
1055,0,2015-03-22,-2.4492935982947064e-16,1.0,1.0,6.123233995736766e-17,0.9844738167520922,0.1755314904214282,6667.0,0.0,0.0,6871.0,7741.0,3216.0663861307257,6019.1,6328.5,3026.3198813307718,1980.0,0,0,0,0,1,0,1,0,0,0
1055,0,2015-03-23,0.7818314824680298,0.6234898018587336,1.0,6.123233995736766e-17,0.9873494423939864,0.15855938510313478,0.0,10218.0,5487.0,6291.142857142857,7543.0,2858.0119213987027,6022.6,6328.5,3026.422351271519,1980.0,0,0,0,0,1,0,1,0,0,6159
1055,0,2015-03-24,0.9749279121818236,-0.22252093395631434,1.0,6.123233995736766e-17,0.989932495087353,0.141540295217043,6159.0,7741.0,5478.0,6061.571428571428,6667.0,2785.7697833299603,6227.066666666667,6328.5,2804.5789890368733,1980.0,0,0,0,0,1,0,1,0,0,6134
1055,0,2015-03-25,0.43388373911755823,-0.900968867902419,1.0,6.123233995736766e-17,0.9922222094179323,0.12447926388678915,6134.0,7909.0,5587.0,5772.571428571428,6159.0,2664.4657286307124,6227.133333333333,6328.5,2804.570576673048,1980.0,0,0,0,0,1,0,1,0,0,5886
1055,0,2015-03-26,-0.433883739117558,-0.9009688679024191,1.0,6.123233995736766e-17,0.994217906893952,0.10738134666416309,5886.0,8019.0,6164.0,5417.0,6134.0,2473.986257035391,6214.8,6328.5,2806.8713887713866,1980.0,0,0,0,0,1,0,1,0,0,5530
1055,0,2015-03-27,-0.9749279121818236,-0.2225209339563146,1.0,6.123233995736766e-17,0.995918996147179,0.09025161003104117,5530.0,7543.0,6486.0,5287.0,6134.0,2365.1683520065376,6245.8,6559.5,2806.1595107904973,1980.0,0,0,0,0,1,0,1,0,0,6633
1055,0,2015-03-28,-0.7818314824680299,0.6234898018587334,1.0,6.123233995736766e-17,0.9973249731081555,0.07309512989807777,6633.0,6667.0,6171.0,5338.571428571428,6134.0,2403.8923892403354,6275.733333333334,6650.0,2809.668969743623,1980.0,0,0,0,0,1,0,1,0,0,7028
1055,0,2015-03-29,-2.4492935982947064e-16,1.0,1.0,6.123233995736766e-17,0.9984354211555643,0.055916990100603484,7028.0,0.0,0.0,5338.571428571428,6134.0,2403.8923892403354,5995.1,6559.5,3002.0770780842026,1980.0,0,0,0,0,1,0,1,0,0,0
1055,0,2015-03-30,0.7818314824680298,0.6234898018587336,1.0,6.123233995736766e-17,0.9992500112396835,0.03872228089217446,0.0,6159.0,10218.0,6322.714285714285,6134.0,3800.320544124561,6153.566666666667,6559.5,3243.3839468118395,1980.0,1,0,0,0,1,0,1,0,0,13048
1055,0,2015-03-31,0.9749279121818236,-0.22252093395631434,1.0,6.123233995736766e-17,0.9997685019798909,0.021516097436222254,13048.0,6134.0,7741.0,7164.428571428572,6633.0,4362.474292460746,6554.433333333333,6650.0,3199.4876279818864,1980.0,1,0,0,0,1,0,1,0,0,12026
1055,0,2015-04-01,0.43388373911755823,-0.900968867902419,0.8660254037844387,-0.49999999999999983,0.9999907397361901,0.004303538296244289,12026.0,5886.0,7909.0,8211.57142857143,7028.0,4856.244634733805,6653.066666666667,6650.0,3359.1897928470457,1980.0,1,0,0,0,1,0,1,0,0,13216
1055,0,2015-04-02,-0.433883739117558,-0.9009688679024191,0.8660254037844387,-0.49999999999999983,0.9999166586547379,-0.01291029607500882,13216.0,5530.0,8019.0,9410.0,12026.0,5112.549429263891,6825.166666666667,6650.0,3594.648475292056,1980.0,1,0,0,0,1,0,1,0,0,13919
1055,0,2015-04-03,-0.9749279121818236,-0.2225209339563146,0.8660254037844387,-0.49999999999999983,0.9995462806873573,-0.030120304846908114,13919.0,6633.0,7543.0,8462.42857142857,12026.0,6209.93960939886,6555.266666666666,6559.5,3794.2942275286764,1980.0,1,0,0,0,1,0,1,0,0,0
1055,0,2015-04-04,-0.7818314824680299,0.6234898018587334,0.8660254037844387,-0.49999999999999983,0.9988797155850336,-0.04732138832243185,0.0,7028.0,6667.0,8811.714285714286,12026.0,6184.5205342124245,6597.0,6559.5,3820.0453237968304,1980.0,0,0,0,0,1,0,1,0,0,9473
1055,0,2015-04-05,-2.4492935982947064e-16,1.0,0.8660254037844387,-0.49999999999999983,0.9979171608653922,-0.06450844944931623,9473.0,0.0,0.0,8811.714285714286,12026.0,6184.5205342124245,6314.6,6328.5,3986.191394612497,1980.0,0,0,0,0,1,0,1,0,0,0
1055,0,2015-04-06,0.7818314824680298,0.6234898018587336,0.8660254037844387,-0.49999999999999983,0.9966589017541702,-0.08167639533042241,0.0,13048.0,6159.0,6947.714285714285,9473.0,6644.15138083326,6084.066666666667,6167.5,4146.955908343744,1980.0,0,0,0,0,1,0,1,0,0,0
1055,0,2015-04-07,0.9749279121818236,-0.22252093395631434,0.8660254037844387,-0.49999999999999983,0.9951053111006976,-0.09882013873287143,0.0,12026.0,6134.0,6253.428571428572,7166.0,6268.34533874086,6322.933333333333,6328.5,3987.7530180959425,1980.0,0,0,0,0,1,0,1,0,0,7166
1055,0,2015-04-08,0.43388373911755823,-0.900968867902419,0.8660254037844387,-0.49999999999999983,0.9932568492674143,-0.11593459959550041,7166.0,13216.0,5886.0,5275.571428571428,6371.0,5486.2845611319035,6352.4,6428.5,3984.627907172846,1980.0,0,0,0,0,1,0,1,0,0,6371
1055,0,2015-04-09,-0.433883739117558,-0.9009688679024191,0.8660254037844387,-0.49999999999999983,0.9911140639934547,-0.1330147065341959,6371.0,13919.0,5530.0,4226.285714285715,6371.0,4079.746018005116,6388.933333333333,6530.0,3981.357496212019,1980.0,0,0,0,0,1,0,1,0,0,6574
1055,0,2015-04-10,-0.9749279121818236,-0.2225209339563146,0.8660254037844387,-0.49999999999999983,0.9886775902323405,-0.1500553983446526,6574.0,0.0,6633.0,5086.285714285715,6371.0,3652.5033750514062,6403.366666666667,6530.0,3979.1342974912554,1980.0,0,0,0,0,1,0,1,0,0,6020
1055,0,2015-04-11,-0.7818314824680299,0.6234898018587334,0.8660254037844387,-0.49999999999999983,0.9859481499638304,-0.16705162550211924,6020.0,9473.0,7028.0,4549.142857142857,6020.0,3140.4494597945427,6388.333333333333,6530.0,3980.921365656472,1980.0,0,0,0,0,1,0,1,0,0,5713
1055,0,2015-04-12,-2.4492935982947064e-16,1.0,0.8660254037844387,-0.49999999999999983,0.9829265519799822,-0.18399835165768005,5713.0,0.0,0.0,4549.142857142857,6020.0,3140.4494597945427,6172.133333333333,6472.5,4148.050241884175,1980.0,0,0,0,0,1,0,1,0,0,0
1055,0,2015-04-13,0.7818314824680298,0.6234898018587336,0.8660254037844387,-0.49999999999999983,0.9796136916454901,-0.20089055513063506,0.0,0.0,13048.0,6029.428571428572,6371.0,3080.325299766396,6311.833333333333,6603.5,4217.994302601838,1980.0,1,0,0,0,1,0,1,0,0,10362
1055,0,2015-04-14,0.9749279121818236,-0.22252093395631434,0.8660254037844387,-0.49999999999999983,0.9760105506323683,-0.21772323039653177,10362.0,7166.0,12026.0,6408.285714285715,6371.0,3390.849781116116,6639.1,6650.0,4090.332010384044,1980.0,1,0,0,0,1,0,1,0,0,9818
1055,0,2015-04-15,0.43388373911755823,-0.900968867902419,0.8660254037844387,-0.49999999999999983,0.9721181966290613,-0.23449138957040985,9818.0,6371.0,13216.0,6610.142857142857,6574.0,3430.0910788962697,6557.966666666666,6650.0,4040.7342067853237,1980.0,1,0,0,0,1,0,1,0,0,7784
1055,0,2015-04-16,-0.433883739117558,-0.9009688679024191,0.8660254037844387,-0.49999999999999983,0.9679377830240642,-0.25119006388481935,7784.0,6574.0,13919.0,6797.571428571428,7784.0,3463.4700257180775,6562.8,6650.0,4042.2845145476444,1980.0,1,0,0,0,1,0,1,0,0,7886
1055,0,2015-04-17,-0.9749279121818236,-0.2225209339563146,0.8660254037844387,-0.49999999999999983,0.9634705485641488,-0.2678143051621742,7886.0,6020.0,0.0,7123.714285714285,7886.0,3485.4665261284404,6575.933333333333,6650.0,4047.4458777522023,1980.0,1,0,0,0,1,0,1,0,0,8303
1055,0,2015-04-18,-0.7818314824680299,0.6234898018587334,0.8660254037844387,-0.49999999999999983,0.9587178169872964,-0.2843591872810034,8303.0,5713.0,9473.0,7315.714285714285,7886.0,3431.402760499247,6543.866666666667,6650.0,4039.4215251037153,1980.0,0,0,0,0,1,0,1,0,0,7057
1055,0,2015-04-19,-2.4492935982947064e-16,1.0,0.8660254037844387,-0.49999999999999983,0.9536809966304457,-0.30081980763566735,7057.0,0.0,0.0,7315.714285714285,7886.0,3431.4027604992475,6292.433333333333,6603.5,4206.391783967567,1980.0,0,0,0,0,1,0,1,0,0,0
1055,0,2015-04-20,0.7818314824680298,0.6234898018587336,0.8660254037844387,-0.49999999999999983,0.9483615800121715,-0.3171912885891061,0.0,10362.0,0.0,6745.0,7784.0,3161.9442331156474,6282.433333333333,6472.5,4205.827170136385,1980.0,0,0,0,0,1,0,1,0,0,6367
1055,0,2015-04-21,0.9749279121818236,-0.22252093395631434,0.8660254037844387,-0.49999999999999983,0.9427611433904207,-0.3334687789181868,6367.0,9818.0,7166.0,6200.857142857143,7057.0,2858.1192783933616,6482.733333333334,6472.5,4035.970497596734,1980.0,0,0,0,0,1,0,1,0,0,6009
1055,0,2015-04-22,0.43388373911755823,-0.900968867902419,0.8660254037844387,-0.49999999999999983,0.9368813462954315,-0.3496474552512284,6009.0,7784.0,6371.0,5820.142857142857,6367.0,2788.7435897772675,6448.066666666667,6472.5,4043.3068996871157,1980.0,0,0,0,0,1,0,1,0,0,5119
1055,0,2015-04-23,-0.433883739117558,-0.9009688679024191,0.8660254037844387,-0.49999999999999983,0.9307239310379795,-0.36572252349726897,5119.0,7886.0,6574.0,5438.571428571428,6009.0,2637.606228959816,6417.433333333333,6472.5,4049.245367611896,1980.0,0,0,0,0,1,0,1,0,0,5215
1055,0,2015-04-24,-0.9749279121818236,-0.2225209339563146,0.8660254037844387,-0.49999999999999983,0.9242907221930934,-0.3816892202666588,5215.0,8303.0,6020.0,5061.714285714285,5665.0,2330.7355573070167,6410.066666666667,6472.5,4050.446377557815,1980.0,0,0,0,0,1,0,1,0,0,5665
1055,0,2015-04-25,-0.7818314824680299,0.6234898018587334,0.8660254037844387,-0.49999999999999983,0.9175836260593937,-0.39754281428255595,5665.0,7057.0,5713.0,4911.571428571428,5665.0,2211.5861470253203,6425.933333333333,6472.5,4047.8114983823966,1980.0,0,0,0,0,1,0,1,0,0,6006
1055,0,2015-04-26,-2.4492935982947064e-16,1.0,0.8660254037844387,-0.49999999999999983,0.9106046300942163,-0.4132786077829042,6006.0,0.0,0.0,4911.571428571428,5665.0,2211.5861470253203,6204.833333333333,6369.0,4213.859506056363,1980.0,0,0,0,0,1,0,1,0,0,0
1055,0,2015-04-27,0.7818314824680298,0.6234898018587336,0.8660254037844387,-0.49999999999999983,0.9033558023246845,-0.4288919379124835,0.0,6367.0,10362.0,5580.142857142857,5665.0,3207.8803192851724,6338.8,6369.0,4303.856765979664,1980.0,1,0,0,0,1,0,1,0,0,11047
1055,0,2015-04-28,0.9749279121818236,-0.22252093395631434,0.8660254037844387,-0.49999999999999983,0.895839290734909,-0.4443781781046132,11047.0,6009.0,9818.0,6017.428571428572,5665.0,3473.701908969873,6641.133333333333,6472.5,4159.3650604085105,1980.0,1,0,0,0,1,0,1,0,0,9070
1055,0,2015-04-29,0.43388373911755823,-0.900968867902419,0.8660254037844387,-0.49999999999999983,0.8880573226294932,-0.45973273945210397,9070.0,5119.0,7784.0,6701.571428571428,6006.0,3729.446824804932,6536.466666666666,6472.5,4030.0810185518503,1980.0,1,0,0,0,1,0,1,0,0,9908
1055,0,2015-04-30,-0.433883739117558,-0.9009688679024191,0.8660254037844387,-0.49999999999999983,0.8800122039735357,-0.47495107206704995,9908.0,5215.0,7886.0,7704.428571428572,9070.0,4179.743247981574,6543.433333333333,6472.5,4040.066094400734,1980.0,1,0,0,0,1,0,1,0,0,12235
1055,0,2015-05-01,-0.9749279121818236,-0.2225209339563146,0.49999999999999994,-0.8660254037844387,0.8717063187093218,-0.49002866642905923,12235.0,5665.0,8303.0,6895.142857142857,9070.0,5089.791561828157,6102.9,6369.0,4007.8077793915827,1980.0,1,0,0,0,1,0,1,0,0,0
1055,0,2015-05-02,-0.7818314824680299,0.6234898018587334,0.49999999999999994,-0.8660254037844387,0.8631421280499114,-0.5049610547215204,0.0,6006.0,7057.0,7338.285714285715,9108.0,5134.31919259297,5942.533333333334,6369.0,3773.6877393370737,1980.0,0,0,0,0,1,0,1,0,0,9108
1055,0,2015-05-03,-2.4492935982947064e-16,1.0,0.49999999999999994,-0.8660254037844387,0.854322169749827,-0.5197438121555155,9108.0,0.0,0.0,7338.285714285715,9108.0,5134.31919259297,5942.533333333334,6369.0,3773.6877393370737,1980.0,0,0,0,0,1,0,1,0,0,0
1055,0,2015-05-04,0.7818314824680298,0.6234898018587336,0.49999999999999994,-0.8660254037844387,0.8452490573530633,-0.5343725582809787,0.0,11047.0,6367.0,7185.857142857143,9108.0,5020.439105250035,5959.433333333333,6369.0,3791.1386214601025,1980.0,1,0,0,0,1,0,1,0,0,9980
1055,0,2015-05-05,0.9749279121818236,-0.22252093395631434,0.49999999999999994,-0.8660254037844387,0.835925479418637,-0.548842958284719,9980.0,9070.0,6009.0,6991.571428571428,9108.0,4961.339800804576,6216.433333333333,6472.5,3631.174396170234,1980.0,1,0,0,0,1,0,1,0,0,7710
1055,0,2015-05-06,0.43388373911755823,-0.900968867902419,0.49999999999999994,-0.8660254037844387,0.8263541987239096,-0.5631507242749186,7710.0,9908.0,5119.0,6733.428571428572,8101.0,4829.564640736015,6486.466666666666,6815.5,3449.6246945621924,1980.0,1,0,0,0,1,0,1,0,0,8101
1055,0,2015-05-07,-0.433883739117558,-0.9009688679024191,0.49999999999999994,-0.8660254037844387,0.8165380514459161,-0.5772916165517272,8101.0,12235.0,5215.0,6044.285714285715,7710.0,4219.311899440701,6494.633333333333,6815.5,3451.578354431719,1980.0,1,0,0,0,1,0,1,0,0,7411
1055,0,2015-05-08,-0.9749279121818236,-0.2225209339563146,0.49999999999999994,-0.8660254037844387,0.8064799463209448,-0.5912614448635781,7411.0,0.0,5665.0,7195.857142857143,8061.0,3293.085859219349,6550.966666666666,7234.0,3463.262449187758,1980.0,1,0,0,0,1,0,1,0,0,8061
1055,0,2015-05-09,-0.7818314824680299,0.6234898018587334,0.49999999999999994,-0.8660254037844387,0.7961828637826158,-0.6050560696488488,8061.0,9108.0,6006.0,6940.285714285715,7710.0,3187.6883847225727,6575.8,7365.0,3466.1031522545504,1980.0,0,0,0,0,1,0,1,0,0,7319
1055,0,2015-05-10,-2.4492935982947064e-16,1.0,0.49999999999999994,-0.8660254037844387,0.7856498550787145,-0.6186714032625031,7319.0,0.0,0.0,6940.285714285715,7710.0,3187.6883847225727,6375.133333333333,7365.0,3667.78369359324,1980.0,0,0,0,0,1,0,1,0,0,0
1055,0,2015-05-11,0.7818314824680298,0.6234898018587336,0.49999999999999994,-0.8660254037844387,0.7748840413670407,-0.6321034111873487,0.0,9980.0,11047.0,6451.857142857143,7411.0,2892.5824925471798,6403.4,7365.0,3665.7719476822012,1980.0,0,0,0,0,1,0,1,0,0,6561
1055,0,2015-05-12,0.9749279121818236,-0.22252093395631434,0.49999999999999994,-0.8660254037844387,0.7638886127905428,-0.6453481132295501,6561.0,7710.0,9070.0,6222.428571428572,7319.0,2839.3608351847315,6606.866666666667,7365.0,3461.825228494882,1980.0,0,0,0,0,1,0,1,0,0,6104
1055,0,2015-05-13,0.43388373911755823,-0.900968867902419,0.49999999999999994,-0.8660254037844387,0.7526668275320084,-0.6584015846980488,6104.0,8101.0,9908.0,6215.571428571428,7319.0,2834.121019360489,6529.9,7365.0,3400.5848518280977,1980.0,0,0,0,0,1,0,1,0,0,8053
1055,0,2015-05-14,-0.433883739117558,-0.9009688679024191,0.49999999999999994,-0.8660254037844387,0.741222010848596,-0.6712599575675313,8053.0,7411.0,12235.0,5156.857142857143,6561.0,3595.1726629176637,6202.633333333333,7188.0,3542.6963769902995,1980.0,0,0,0,0,1,0,1,0,0,0
1055,0,2015-05-15,-0.9749279121818236,-0.2225209339563146,0.49999999999999994,-0.8660254037844387,0.7295575540864875,-0.6839194216246106,0.0,8061.0,0.0,5154.571428571428,6561.0,3593.023000999895,6211.333333333333,7188.0,3547.0315644973043,1980.0,0,0,0,0,1,0,1,0,0,8045
1055,0,2015-05-16,-0.7818314824680299,0.6234898018587334,0.49999999999999994,-0.8660254037844387,0.717676913675962,-0.6963762255968722,8045.0,7319.0,9108.0,5075.428571428572,6561.0,3543.1570130390255,6173.966666666666,6911.0,3534.664325703682,1980.0,0,0,0,0,1,0,1,0,0,6765
1055,0,2015-05-17,-2.4492935982947064e-16,1.0,0.49999999999999994,-0.8660254037844387,0.705583610107178,-0.7086266782644596,6765.0,0.0,0.0,5075.428571428572,6561.0,3543.1570130390255,5897.2,6663.0,3684.1168538882443,1980.0,0,0,0,0,1,0,1,0,0,0
1055,0,2015-05-18,0.7818314824680298,0.6234898018587336,0.49999999999999994,-0.8660254037844387,0.6932812268869777,-0.7206671495538609,0.0,6561.0,9980.0,5589.857142857143,6765.0,4023.6301780262816,6000.7,6663.0,3760.6437833856594,1980.0,1,0,0,0,1,0,1,0,0,10162
1055,0,2015-05-19,0.9749279121818236,-0.22252093395631434,0.49999999999999994,-0.8660254037844387,0.6807734094770161,-0.7324940716135789,10162.0,6104.0,7710.0,5972.857142857143,8045.0,4204.2710596317565,6293.533333333334,7042.0,3616.5433747722645,1980.0,1,0,0,0,1,0,1,0,0,8785
1055,0,2015-05-20,0.43388373911755823,-0.900968867902419,0.49999999999999994,-0.8660254037844387,0.6680638642135335,-0.7441039398713607,8785.0,8053.0,8101.0,6006.0,8045.0,4224.269009742,6357.466666666666,7365.0,3634.794076919511,1980.0,1,0,0,0,1,0,1,0,0,8285
1055,0,2015-05-21,-0.433883739117558,-0.9009688679024191,0.49999999999999994,-0.8660254037844387,0.6551563572090853,-0.7554933140726803,8285.0,0.0,7411.0,7158.142857142857,8065.0,3315.1698010092596,6426.0,7560.5,3647.3582693269313,1980.0,1,0,0,0,1,0,1,0,0,8065
1055,0,2015-05-22,-0.9749279121818236,-0.2225209339563146,0.49999999999999994,-0.8660254037844387,0.6420547132365637,-0.766658819300159,8065.0,8045.0,8061.0,7135.428571428572,8065.0,3308.6188889596997,6518.233333333334,7798.0,3648.1530015870317,1980.0,1,0,0,0,1,0,1,0,0,7886
1055,0,2015-05-23,-0.7818314824680299,0.6234898018587334,0.49999999999999994,-0.8660254037844387,0.6287628145958344,-0.777597146973627,7886.0,6765.0,7319.0,7215.714285714285,8065.0,3304.948699263253,6588.633333333333,7798.0,3642.5104594395334,1980.0,0,0,0,0,1,0,1,0,0,7327
1055,0,2015-05-24,-2.4492935982947064e-16,1.0,0.49999999999999994,-0.8660254037844387,0.6152845999633276,-0.7883050558305255,7327.0,0.0,0.0,7215.714285714285,8065.0,3304.948699263253,6399.8,7798.0,3833.859317836986,1980.0,0,0,0,0,1,0,1,0,0,0
1055,0,2015-05-25,0.7818314824680298,0.6234898018587336,0.49999999999999994,-0.8660254037844387,0.6016240632249226,-0.7987793728863649,0.0,10162.0,6561.0,5764.0,7886.0,3961.685836442191,6199.6,7798.0,4007.991160772133,1980.0,0,0,0,0,1,0,1,0,0,0
1055,0,2015-05-26,0.9749279121818236,-0.22252093395631434,0.49999999999999994,-0.8660254037844387,0.5877852522924732,-0.8090169943749473,0.0,8785.0,6104.0,5630.714285714285,7852.0,3857.431689362138,6461.333333333333,7869.0,3842.1261026293387,1980.0,0,0,0,0,1,0,1,0,0,7852
1055,0,2015-05-27,0.43388373911755823,-0.900968867902419,0.49999999999999994,-0.8660254037844387,0.5737722679043246,-0.8190148866680801,7852.0,8285.0,8053.0,5346.857142857143,7327.0,3699.429885291852,6303.033333333334,7781.0,3743.2358718031633,1980.0,0,0,0,0,1,0,1,0,0,6298
1055,0,2015-05-28,-0.433883739117558,-0.9009688679024191,0.49999999999999994,-0.8660254037844387,0.5595892624101765,-0.8287700871745037,6298.0,8065.0,0.0,5133.428571428572,6571.0,3556.8256379878435,6219.733333333334,7560.5,3707.169958182459,1980.0,0,0,0,0,1,0,1,0,0,6571
1055,0,2015-05-29,-0.9749279121818236,-0.2225209339563146,0.49999999999999994,-0.8660254037844387,0.545240438540651,-0.8382797052177743,6571.0,7886.0,8045.0,5179.428571428572,6571.0,3600.1754520737313,6163.066666666667,7560.5,3661.5604543581558,1980.0,0,0,0,0,1,0,1,0,0,8208
1055,0,2015-05-30,-0.7818314824680299,0.6234898018587334,0.49999999999999994,-0.8660254037844387,0.5307300481619334,-0.8475409228928311,8208.0,7327.0,6765.0,5445.285714285715,6571.0,3845.54723952633,6061.5,7560.5,3527.117106959572,1980.0,0,0,0,0,1,0,1,0,0,9188
1055,0,2015-05-31,-2.4492935982947064e-16,1.0,0.49999999999999994,-0.8660254037844387,0.5160623910158528,-0.8565509959010036,9188.0,0.0,0.0,5445.285714285715,6571.0,3845.54723952633,6061.5,7560.5,3527.117106959572,1980.0,0,0,0,0,1,0,1,0,0,0
1055,0,2015-06-01,0.7818314824680298,0.6234898018587336,1.2246467991473532e-16,-1.0,0.5012418134457758,-0.865307254363206,0.0,0.0,10162.0,7141.428571428572,7852.0,3657.3093870194953,6153.666666666667,7560.5,3643.67012146036,1980.0,1,0,0,0,1,0,1,0,0,11873
1055,0,2015-06-02,0.9749279121818236,-0.22252093395631434,1.2246467991473532e-16,-1.0,0.48627270710869,-0.8738071036110808,11873.0,7852.0,8785.0,7377.285714285715,8208.0,3762.49428412791,6470.433333333333,7781.0,3500.5113585395397,1980.0,1,0,0,0,1,0,1,0,0,9503
1055,0,2015-06-03,0.43388373911755823,-0.900968867902419,1.2246467991473532e-16,-1.0,0.4711595076738638,-0.8820480249558537,9503.0,6298.0,8285.0,7632.571428571428,8208.0,3737.601408084366,6407.266666666666,7781.0,3451.7555746498624,1980.0,1,0,0,0,1,0,1,0,0,8085
1055,0,2015-06-04,-0.433883739117558,-0.9009688679024191,1.2246467991473532e-16,-1.0,0.4559066935084588,-0.8900275764346767,8085.0,6571.0,8065.0,7834.142857142857,8208.0,3708.744955218286,6416.333333333333,7869.0,3455.6504685687623,1980.0,1,0,0,0,1,0,1,0,0,7982
1055,0,2015-06-05,-0.9749279121818236,-0.2225209339563146,1.2246467991473532e-16,-1.0,0.440518784350495,-0.8977433935342337,7982.0,8208.0,7886.0,7855.428571428572,8357.0,3711.674682994308,6424.866666666667,7869.0,3460.267009164554,1980.0,1,0,0,0,1,0,1,0,0,8357
1055,0,2015-06-06,-0.7818314824680299,0.6234898018587334,1.2246467991473532e-16,-1.0,0.42500033996955416,-0.9051931898913974,8357.0,9188.0,7327.0,7382.714285714285,8085.0,3724.3676292889236,6373.8,7869.0,3456.5144033678816,1980.0,0,0,0,0,1,0,1,0,0,5879
1055,0,2015-06-07,-2.4492935982947064e-16,1.0,1.2246467991473532e-16,-1.0,0.4093559588156213,-0.9123747579707273,5879.0,0.0,0.0,7382.714285714285,8085.0,3724.3676292889236,6105.1,7589.5,3629.8093172107974,1980.0,0,0,0,0,1,0,1,0,0,0
1055,0,2015-06-08,0.7818314824680298,0.6234898018587336,1.2246467991473532e-16,-1.0,0.39359027665646673,-0.9192859697186104,0.0,11873.0,0.0,6577.142857142857,7982.0,3158.0517954677566,6068.933333333333,7589.5,3622.6955855753454,1980.0,0,0,0,0,1,0,1,0,0,6234
1055,0,2015-06-09,0.9749279121818236,-0.22252093395631434,1.2246467991473532e-16,-1.0,0.3777079652039649,-0.9259247771938498,6234.0,9503.0,7852.0,6109.285714285715,6234.0,2882.9607301225183,6276.533333333334,7589.5,3436.589094189007,1980.0,0,0,0,0,1,0,1,0,0,6228
1055,0,2015-06-10,0.43388373911755823,-0.900968867902419,1.2246467991473532e-16,-1.0,0.36171373072976765,-0.9322892131745133,6228.0,8085.0,6298.0,5887.142857142857,6234.0,2762.755172442383,6275.5,7589.5,3436.505269240425,1980.0,0,0,0,0,1,0,1,0,0,6530
1055,0,2015-06-11,-0.433883739117558,-0.9009688679024191,1.2246467991473532e-16,-1.0,0.3456123126707335,-0.9383773917408641,6530.0,7982.0,6571.0,5635.571428571428,6228.0,2616.5152943780568,6279.4,7589.5,3436.370314435131,1980.0,0,0,0,0,1,0,1,0,0,6221
1055,0,2015-06-12,-0.9749279121818236,-0.2225209339563146,1.2246467991473532e-16,-1.0,0.3294084822245304,-0.9441875088341993,6221.0,8357.0,8208.0,5428.857142857143,6228.0,2415.0842931163193,6241.3,7118.5,3422.3355520805458,1980.0,0,0,0,0,1,0,1,0,0,6910
1055,0,2015-06-13,-0.7818314824680299,0.6234898018587334,1.2246467991473532e-16,-1.0,0.3131070409358269,-0.9497178427914316,6910.0,5879.0,9188.0,5356.0,6228.0,2406.920231332981,6420.266666666666,7118.5,3219.044877978055,1980.0,0,0,0,0,1,0,1,0,0,5369
1055,0,2015-06-14,-2.4492935982947064e-16,1.0,1.2246467991473532e-16,-1.0,0.29671281927349075,-0.9549667548552551,5369.0,0.0,0.0,5356.0,6228.0,2406.920231332981,6152.1,6837.5,3408.548648062231,1980.0,0,0,0,0,1,0,1,0,0,0
1055,0,2015-06-15,0.7818314824680298,0.6234898018587336,1.2246467991473532e-16,-1.0,0.28023067519921585,-0.9599326896597447,0.0,6234.0,11873.0,6013.571428571428,6228.0,3188.6064279526477,6287.833333333333,7118.5,3513.264756195639,1980.0,1,0,0,0,1,0,1,0,0,10837
1055,0,2015-06-16,0.9749279121818236,-0.22252093395631434,1.2246467991473532e-16,-1.0,0.26366549272800704,-0.9646141756912435,10837.0,6228.0,9503.0,6369.285714285715,6530.0,3351.255770318825,6578.433333333333,7589.5,3331.0620620035747,1980.0,1,0,0,0,1,0,1,0,0,8718
1055,0,2015-06-17,0.43388373911755823,-0.900968867902419,1.2246467991473532e-16,-1.0,0.24702218048093552,-0.9690098257244062,8718.0,6530.0,8085.0,6670.142857142857,6910.0,3460.829641794549,6527.566666666667,7589.5,3285.7963259158755,1980.0,1,0,0,0,1,0,1,0,0,8636
1055,0,2015-06-18,-0.433883739117558,-0.9009688679024191,1.2246467991473532e-16,-1.0,0.23030567023061221,-0.9731183372332619,8636.0,6221.0,7982.0,6854.285714285715,7510.0,3467.235244123942,6485.066666666667,7418.5,3263.7626364560283,1980.0,1,0,0,0,1,0,1,0,0,7510
1055,0,2015-06-19,-0.9749279121818236,-0.2225209339563146,1.2246467991473532e-16,-1.0,0.21352091543979612,-0.9769384927771817,7510.0,6910.0,8357.0,7061.714285714285,8362.0,3514.2385004571343,6487.633333333333,7418.5,3265.2568730693156,1980.0,1,0,0,0,1,0,1,0,0,8362
1055,0,2015-06-20,-0.7818314824680299,0.6234898018587334,1.2246467991473532e-16,-1.0,0.19667288979357647,-0.980469160361632,8362.0,5369.0,5879.0,7191.857142857143,8362.0,3457.515217058407,6428.133333333333,7118.5,3251.7580892902124,1980.0,0,0,0,0,1,0,1,0,0,6280
1055,0,2015-06-21,-2.4492935982947064e-16,1.0,1.2246467991473532e-16,-1.0,0.1797665857255624,-0.9837092937736097,6280.0,0.0,0.0,7191.857142857143,8362.0,3457.515217058407,6165.266666666666,6740.5,3442.9665730280435,1980.0,0,0,0,0,1,0,1,0,0,0
1055,0,2015-06-22,0.7818314824680298,0.6234898018587336,1.2246467991473532e-16,-1.0,0.16280701293851715,-0.986657932891657,0.0,10837.0,6234.0,6559.714285714285,7510.0,3061.871634272392,6134.766666666666,6550.5,3436.366823212872,1980.0,0,0,0,0,1,0,1,0,0,6412
1055,0,2015-06-23,0.9749279121818236,-0.22252093395631434,1.2246467991473532e-16,-1.0,0.1457991969198751,-0.9893142039703663,6412.0,8718.0,6228.0,6101.571428571428,6412.0,2921.8341190162755,6318.466666666666,6550.5,3238.7270991839478,1980.0,0,0,0,0,1,0,1,0,0,5511
1055,0,2015-06-24,0.43388373911755823,-0.900968867902419,1.2246467991473532e-16,-1.0,0.12874817745258132,-0.99167731989929,5511.0,8636.0,6530.0,5732.142857142857,6280.0,2703.2904905301025,6520.133333333333,6550.5,3012.1604886186537,1980.0,0,0,0,0,1,0,1,0,0,6050
1055,0,2015-06-25,-0.433883739117558,-0.9009688679024191,1.2246467991473532e-16,-1.0,0.11165900712169512,-0.993746580436178,6050.0,7510.0,6221.0,5455.0,6050.0,2587.6158267151404,6444.066666666667,6471.0,3006.1747595669544,1980.0,0,0,0,0,1,0,1,0,0,5570
1055,0,2015-06-26,-0.9749279121818236,-0.2225209339563146,1.2246467991473532e-16,-1.0,0.09453674981719912,-0.9955213724144752,5570.0,8362.0,6910.0,5083.714285714285,5763.0,2267.6631668074647,6426.233333333334,6471.0,3008.65698854366,1980.0,0,0,0,0,1,0,1,0,0,5763
1055,0,2015-06-27,-0.7818314824680299,0.6234898018587334,1.2246467991473532e-16,-1.0,0.07738647923346301,-0.9970011699250151,5763.0,6280.0,5369.0,5169.428571428572,5763.0,2330.8757908522225,6436.533333333334,6471.0,3009.698423812395,1980.0,0,0,0,0,1,0,1,0,0,6880
1055,0,2015-06-28,-2.4492935982947064e-16,1.0,1.2246467991473532e-16,-1.0,0.06021327736579302,-0.9981855344718586,6880.0,0.0,0.0,5169.428571428572,5763.0,2330.8757908522225,6162.933333333333,6346.0,3209.5515417033794,1980.0,0,0,0,0,1,0,1,0,0,0
1055,0,2015-06-29,0.7818314824680298,0.6234898018587336,1.2246467991473532e-16,-1.0,0.04302223300453059,-0.99907411510223,0.0,6412.0,10837.0,5757.857142857143,5763.0,3092.3728445198544,6207.7,6346.0,3262.1352659114877,1980.0,1,0,0,0,1,0,1,0,0,10531
1055,0,2015-06-30,0.9749279121818236,-0.22252093395631434,1.2246467991473532e-16,-1.0,0.02581844022713308,-0.9996666485105112,10531.0,5511.0,8718.0,6667.142857142857,6050.0,3850.5356522857687,6603.566666666667,6471.0,3202.8922348115393,1980.0,1,0,0,0,1,0,1,0,0,11876
1055,0,2015-07-01,0.43388373911755823,-0.900968867902419,-0.4999999999999998,-0.8660254037844388,0.008606996888688698,-0.9999629591162655,11876.0,6050.0,8636.0,7206.857142857143,6880.0,4011.0443539711423,6535.4,6471.0,3107.2089882323153,1980.0,1,0,0,0,1,0,1,0,0,9828
1055,0,2015-07-02,-0.433883739117558,-0.9009688679024191,-0.4999999999999998,-0.8660254037844388,-0.008606996888688009,-0.9999629591162655,9828.0,5570.0,7510.0,7692.428571428572,8969.0,3985.520662646338,6517.6,6471.0,3091.1103752088993,1980.0,1,0,0,0,1,0,1,0,0,8969
1055,0,2015-07-03,-0.9749279121818236,-0.2225209339563146,-0.4999999999999998,-0.8660254037844388,-0.02581844022713239,-0.9996666485105112,8969.0,5763.0,8362.0,8178.142857142857,9163.0,3917.7950188242053,6553.533333333334,6471.0,3116.1238049564167,1980.0,1,0,0,0,1,0,1,0,0,9163
1055,0,2015-07-04,-0.7818314824680299,0.6234898018587334,-0.4999999999999998,-0.8660254037844388,-0.04302223300453034,-0.99907411510223,9163.0,6880.0,6280.0,8098.285714285715,9163.0,3954.193373887421,6498.166666666667,6366.5,3104.6027574569275,1980.0,0,0,0,0,1,0,1,0,0,6321
1055,0,2015-07-05,-2.4492935982947064e-16,1.0,-0.4999999999999998,-0.8660254037844388,-0.060213277365792774,-0.9981855344718586,6321.0,0.0,0.0,8098.285714285715,9163.0,3954.1933738874204,6219.6,6300.5,3300.78944162317,1980.0,0,0,0,0,1,0,1,0,0,0
1055,0,2015-07-06,0.7818314824680298,0.6234898018587336,-0.4999999999999998,-0.8660254037844388,-0.07738647923346322,-0.9970011699250151,0.0,10531.0,6412.0,7565.428571428572,8969.0,3820.801960197306,6250.333333333333,6366.5,3301.8009645033676,1980.0,0,0,0,0,1,0,1,0,0,6801
1055,0,2015-07-07,0.9749279121818236,-0.22252093395631434,-0.4999999999999998,-0.8660254037844388,-0.09453674981719933,-0.9955213724144752,6801.0,11876.0,5511.0,6706.285714285715,6801.0,3335.289178581354,6445.733333333334,6366.5,3085.5251599433836,1980.0,0,0,0,0,1,0,1,0,0,5862
1055,0,2015-07-08,0.43388373911755823,-0.900968867902419,-0.4999999999999998,-0.8660254037844388,-0.11165900712169444,-0.9937465804361781,5862.0,9828.0,6050.0,6230.0,6494.0,3040.201528407833,6454.4,6453.0,3085.2750684948383,1980.0,0,0,0,0,1,0,1,0,0,6494
1055,0,2015-07-09,-0.433883739117558,-0.9009688679024191,-0.4999999999999998,-0.8660254037844388,-0.12874817745258066,-0.99167731989929,6494.0,8969.0,5570.0,5935.142857142857,6494.0,2822.58365264707,6476.966666666666,6512.0,3086.037806585999,1980.0,0,0,0,0,1,0,1,0,0,6905
1055,0,2015-07-10,-0.9749279121818236,-0.2225209339563146,-0.4999999999999998,-0.8660254037844388,-0.14579919691987442,-0.9893142039703664,6905.0,9163.0,5763.0,5591.285714285715,6494.0,2490.9486622761306,6484.5,6625.0,3086.4475478318445,1980.0,0,0,0,0,1,0,1,0,0,6756
1055,0,2015-07-11,-0.7818314824680299,0.6234898018587334,-0.4999999999999998,-0.8660254037844388,-0.16280701293851646,-0.9866579328916572,6756.0,6321.0,6880.0,5610.285714285715,6494.0,2497.9397320115454,6492.266666666666,6625.0,3086.054751043271,1980.0,0,0,0,0,1,0,1,0,0,6454
1055,0,2015-07-12,-2.4492935982947064e-16,1.0,-0.4999999999999998,-0.8660254037844388,-0.17976658572556214,-0.9837092937736098,6454.0,0.0,0.0,5610.285714285715,6494.0,2497.9397320115454,6261.933333333333,6474.0,3303.9772577213957,1980.0,0,0,0,0,1,0,1,0,0,0
1055,0,2015-07-13,0.7818314824680298,0.6234898018587336,-0.4999999999999998,-0.8660254037844388,-0.19667288979357622,-0.9804691603616321,0.0,6801.0,10531.0,6111.0,6494.0,3063.6347149532467,6426.5,6625.0,3380.04481453661,1980.0,1,0,0,0,1,0,1,0,0,10306
1055,0,2015-07-14,0.9749279121818236,-0.22252093395631434,-0.4999999999999998,-0.8660254037844388,-0.2135209154397959,-0.9769384927771817,10306.0,5862.0,11876.0,6709.142857142857,6756.0,3397.463879060937,6761.466666666666,6778.5,3215.1200410188235,1980.0,1,0,0,0,1,0,1,0,0,10049
1055,0,2015-07-15,0.43388373911755823,-0.900968867902419,-0.4999999999999998,-0.8660254037844388,-0.23030567023061196,-0.973118337233262,10049.0,6494.0,9828.0,7075.0,6905.0,3506.573921460467,6702.066666666667,6778.5,3153.090338867162,1980.0,1,0,0,0,1,0,1,0,0,9055
1055,0,2015-07-16,-0.433883739117558,-0.9009688679024191,-0.4999999999999998,-0.8660254037844388,-0.24702218048093527,-0.9690098257244063,9055.0,6905.0,8969.0,7339.428571428572,8756.0,3560.986935160099,6703.333333333333,6778.5,3153.93562934042,1980.0,1,0,0,0,1,0,1,0,0,8756
1055,0,2015-07-17,-0.9749279121818236,-0.2225209339563146,-0.4999999999999998,-0.8660254037844388,-0.2636654927280072,-0.9646141756912435,8756.0,6756.0,9163.0,7476.142857142857,8756.0,3553.21682557141,6672.566666666667,6778.5,3138.8984305758013,1980.0,1,0,0,0,1,0,1,0,0,7713
1055,0,2015-07-18,-0.7818314824680299,0.6234898018587334,-0.4999999999999998,-0.8660254037844388,-0.2802306751992161,-0.9599326896597445,7713.0,6454.0,6321.0,7538.0,8756.0,3536.1850441777824,6651.8,6778.5,3135.225707103513,1980.0,0,0,0,0,1,0,1,0,0,6887
1055,0,2015-07-19,-2.4492935982947064e-16,1.0,-0.4999999999999998,-0.8660254037844388,-0.2967128192734901,-0.9549667548552553,6887.0,0.0,0.0,7538.0,8756.0,3536.185044177782,6373.066666666667,6625.0,3342.7763490159186,1980.0,0,0,0,0,1,0,1,0,0,0
1055,0,2015-07-20,0.7818314824680298,0.6234898018587336,-0.4999999999999998,-0.8660254037844388,-0.3131070409358267,-0.9497178427914317,0.0,10306.0,6801.0,7064.142857142857,7713.0,3319.021463653172,6396.7,6778.5,3344.601488039056,1980.0,0,0,0,0,1,0,1,0,0,6989
1055,0,2015-07-21,0.9749279121818236,-0.22252093395631434,-0.4999999999999998,-0.8660254037844388,-0.3294084822245302,-0.9441875088341994,6989.0,10049.0,5862.0,6387.142857142857,6989.0,3083.687264113715,6573.7,6778.5,3127.892814439244,1980.0,0,0,0,0,1,0,1,0,0,5310
1055,0,2015-07-22,0.43388373911755823,-0.900968867902419,-0.4999999999999998,-0.8660254037844388,-0.3456123126707333,-0.9383773917408642,5310.0,9055.0,6494.0,5850.285714285715,6887.0,2860.8915693239005,6536.533333333334,6778.5,3136.4930199775326,1980.0,0,0,0,0,1,0,1,0,0,5297
1055,0,2015-07-23,-0.433883739117558,-0.9009688679024191,-0.4999999999999998,-0.8660254037844388,-0.3617137307297674,-0.9322892131745134,5297.0,8756.0,6905.0,5387.571428571428,5517.0,2558.5600023674056,6536.733333333334,6778.5,3136.4255619649402,1980.0,0,0,0,0,1,0,1,0,0,5517
1055,0,2015-07-24,-0.9749279121818236,-0.2225209339563146,-0.4999999999999998,-0.8660254037844388,-0.37770796520396466,-0.9259247771938499,5517.0,7713.0,6756.0,5230.285714285715,5517.0,2421.9761706979257,6555.466666666666,6778.5,3135.096222835393,1980.0,0,0,0,0,1,0,1,0,0,6612
1055,0,2015-07-25,-0.7818314824680299,0.6234898018587334,-0.4999999999999998,-0.8660254037844388,-0.39359027665646645,-0.9192859697186105,6612.0,6887.0,6454.0,5046.571428571428,5517.0,2322.078153805546,6556.5,6778.5,3134.765302219604,1980.0,0,0,0,0,1,0,1,0,0,5601
1055,0,2015-07-26,-2.4492935982947064e-16,1.0,-0.4999999999999998,-0.8660254037844388,-0.4093559588156211,-0.9123747579707274,5601.0,0.0,0.0,5046.571428571428,5517.0,2322.078153805546,6364.4,6778.5,3353.9828572752904,1980.0,0,0,0,0,1,0,1,0,0,0
1055,0,2015-07-27,0.7818314824680298,0.6234898018587336,-0.4999999999999998,-0.8660254037844388,-0.42500033996955394,-0.9051931898913975,0.0,6989.0,10306.0,5452.428571428572,5517.0,2895.611671543849,6462.733333333334,6778.5,3412.357289508872,1980.0,1,0,0,0,1,0,1,0,0,9830
1055,0,2015-07-28,0.9749279121818236,-0.22252093395631434,-0.4999999999999998,-0.8660254037844388,-0.4405187843504952,-0.8977433935342336,9830.0,5310.0,10049.0,5903.0,5601.0,3107.3991268154355,6744.866666666667,6844.0,3203.077482815473,1980.0,1,0,0,0,1,0,1,0,0,8464
1055,0,2015-07-29,0.43388373911755823,-0.900968867902419,-0.4999999999999998,-0.8660254037844388,-0.455906693508459,-0.8900275764346766,8464.0,5297.0,9055.0,6387.142857142857,6612.0,3257.6235933868206,6683.366666666667,6844.0,3145.062802764565,1980.0,1,0,0,0,1,0,1,0,0,8686
1055,0,2015-07-30,-0.433883739117558,-0.9009688679024191,-0.4999999999999998,-0.8660254037844388,-0.47115950767386394,-0.8820480249558535,8686.0,5517.0,8756.0,6747.857142857143,8042.0,3284.8964686156833,6555.566666666667,6844.0,3001.3998996253786,1980.0,1,0,0,0,1,0,1,0,0,8042
1055,0,2015-07-31,-0.9749279121818236,-0.2225209339563146,-0.4999999999999998,-0.8660254037844388,-0.4862727071086902,-0.8738071036110807,8042.0,6612.0,7713.0,7244.714285714285,8464.0,3515.8370608000596,6564.3,6844.0,3011.6140150859364,1980.0,1,0,0,0,1,0,1,0,0,10090
