Store,Cluster,Date,DayOfWeek_sin,DayOfWeek_cos,Month_sin,Month_cos,DayOfYear_sin,DayOfYear_cos,Sales_Lag_1,Sales_Lag_7,Sales_Lag_14,RollingMean_7,RollingMedian_7,RollingStd_7,RollingMean_30,RollingMedian_30,RollingStd_30,CompetitionDistance,Promo,Promo2,StoreType_a,StoreType_b,StoreType_c,StoreType_d,Assortment_a,Assortment_b,Assortment_c,Sales
1069,0,2013-01-30,0.43388373911755823,-0.900968867902419,0.49999999999999994,0.8660254037844387,0.4937755501599772,0.869589389346611,4885.0,8273.0,5565.0,4139.571428571428,4885.0,2101.2497755020986,4764.433333333333,5065.0,2795.7396860140652,18050.0,0,1,1,0,0,0,0,0,1,5477
1069,0,2013-01-31,-0.433883739117558,-0.9009688679024191,0.49999999999999994,0.8660254037844387,0.5086709438521044,0.8609610158889943,5477.0,5606.0,4706.0,4159.142857142857,4885.0,2117.7579676449836,4955.866666666667,5278.0,2651.135199056842,18050.0,0,1,1,0,0,0,0,0,1,5743
1069,0,2013-02-01,-0.9749279121818236,-0.2225209339563146,0.8660254037844386,0.5000000000000001,0.5234156073655503,0.8520775211013093,5743.0,5631.0,4626.0,4158.285714285715,4885.0,2117.064060933263,4953.866666666667,5278.0,2650.588753509281,18050.0,0,1,1,0,0,0,0,0,1,5625
1069,0,2013-02-02,-0.7818314824680299,0.6234898018587334,0.8660254037844386,0.5000000000000001,0.5380051715382996,0.8429415373547828,5625.0,2633.0,2954.0,4221.714285714285,4885.0,2069.874449838743,4885.033333333334,5201.0,2672.259117666927,18050.0,0,1,1,0,0,0,0,0,1,3077
1069,0,2013-02-03,-2.4492935982947064e-16,1.0,0.8660254037844386,0.5000000000000001,0.5524353131676196,0.8335557718385699,3077.0,0.0,0.0,4221.714285714285,4885.0,2069.874449838743,4704.566666666667,4936.5,2814.3400853649428,18050.0,0,1,1,0,0,0,0,0,1,0
1069,0,2013-02-04,0.7818314824680298,0.6234898018587336,0.8660254037844386,0.5000000000000001,0.5667017562911176,0.8239230057575542,0.0,4745.0,8262.0,4868.571428571428,5477.0,2828.9860290183397,4917.866666666667,5232.5,2911.626488613435,18050.0,1,1,1,0,0,0,0,0,1,9273
1069,0,2013-02-05,0.9749279121818236,-0.22252093395631434,0.8660254037844386,0.5000000000000001,0.5808002734538009,0.8140460935082178,9273.0,4885.0,8043.0,5287.857142857143,5625.0,3041.354655882333,5178.533333333334,5521.0,2804.2335449660113,18050.0,1,1,1,0,0,0,0,0,1,7820
1069,0,2013-02-06,0.43388373911755823,-0.900968867902419,0.8660254037844386,0.5000000000000001,0.5947266869607634,0.8039279618328213,7820.0,5477.0,8273.0,5802.714285714285,5743.0,3366.3937536720073,5155.533333333334,5521.0,2767.861576334179,18050.0,1,1,1,0,0,0,0,0,1,9081
1069,0,2013-02-07,-0.433883739117558,-0.9009688679024191,0.8660254037844386,0.5000000000000001,0.6084768701151261,0.7935716089521474,9081.0,5743.0,5606.0,5835.285714285715,5971.0,3366.8226720102007,5093.4,5521.0,2726.24727039026,18050.0,1,1,1,0,0,0,0,0,1,5971
1069,0,2013-02-08,-0.9749279121818236,-0.2225209339563146,0.8660254037844386,0.5000000000000001,0.6220467484408675,0.7829801036770629,5971.0,5625.0,5631.0,5789.0,5971.0,3372.417876440187,4958.933333333333,5389.0,2606.687618459466,18050.0,1,1,1,0,0,0,0,0,1,5301
1069,0,2013-02-09,-0.7818314824680299,0.6234898018587334,0.8660254037844386,0.5000000000000001,0.6354323008901774,0.7721565844991642,5301.0,3077.0,2633.0,5783.285714285715,5971.0,3377.808595045301,4849.1,5144.5,2616.2384467675774,18050.0,0,1,1,0,0,0,0,0,1,3037
1069,0,2013-02-10,-2.4492935982947064e-16,1.0,0.8660254037844386,0.5000000000000001,0.6486295610349814,0.7611042586607747,3037.0,0.0,0.0,5783.285714285715,5971.0,3377.808595045301,4638.766666666666,4936.5,2745.2073809400654,18050.0,0,1,1,0,0,0,0,0,1,0
1069,0,2013-02-11,0.7818314824680298,0.6234898018587336,0.8660254037844386,0.5000000000000001,0.6616346182422783,0.7498264012045686,0.0,9273.0,4745.0,5153.571428571428,5301.0,3009.6208984489986,4690.266666666666,4936.5,2734.083795771236,18050.0,0,1,1,0,0,0,0,0,1,4865
1069,0,2013-02-12,0.9749279121818236,-0.22252093395631434,0.8660254037844386,0.5000000000000001,0.6744436188329455,0.7383263540031065,4865.0,7820.0,4885.0,4776.428571428572,5180.0,2776.15164434167,4862.933333333333,5084.0,2587.290127198504,18050.0,0,1,1,0,0,0,0,0,1,5180
1069,0,2013-02-13,0.43388373911755823,-0.900968867902419,0.8660254037844386,0.5000000000000001,0.6870527672236669,0.7266075247685656,5180.0,9081.0,5477.0,4381.285714285715,5180.0,2197.991864883772,4907.166666666667,5240.5,2600.8101799158703,18050.0,0,1,1,0,0,0,0,0,1,6315
1069,0,2013-02-14,-0.433883739117558,-0.9009688679024191,0.8660254037844386,0.5000000000000001,0.6994583270516471,0.7146733860429609,6315.0,5971.0,5743.0,4223.714285714285,4868.0,2102.4948445664677,4918.733333333334,5240.5,2599.8049652755226,18050.0,0,1,1,0,0,0,0,0,1,4868
1069,0,2013-02-15,-0.9749279121818236,-0.2225209339563146,0.8660254037844386,0.5000000000000001,0.7116566222817746,0.702527474169157,4868.0,5301.0,5625.0,4086.8571428571427,4865.0,2051.2387662557667,4878.0,5032.5,2598.9030975288065,18050.0,0,1,1,0,0,0,0,0,1,4343
1069,0,2013-02-16,-0.7818314824680299,0.6234898018587334,0.8660254037844386,0.5000000000000001,0.7236440382959124,0.6901733882429719,4343.0,3037.0,3077.0,4123.857142857143,4865.0,2031.3851947682924,4831.0,5032.5,2614.821758282236,18050.0,0,1,1,0,0,0,0,0,1,3296
1069,0,2013-02-17,-2.4492935982947064e-16,1.0,0.8660254037844386,0.5000000000000001,0.7354170229639855,0.6776147890466889,3296.0,0.0,0.0,4123.857142857143,4865.0,2031.3851947682924,4676.8,5032.5,2759.7144954780592,18050.0,0,1,1,0,0,0,0,0,1,0
1069,0,2013-02-18,0.7818314824680298,0.6234898018587336,0.8660254037844386,0.5000000000000001,0.7469720876965552,0.6648553979642865,0.0,4865.0,9273.0,4912.142857142857,4868.0,3136.796955949994,4924.433333333333,5240.5,2927.9727561778195,18050.0,1,1,1,0,0,0,0,0,1,10383
1069,0,2013-02-19,0.9749279121818236,-0.22252093395631434,0.8660254037844386,0.5000000000000001,0.7583058084785625,0.6518989958787126,10383.0,5180.0,7820.0,5071.0,4868.0,3180.4763794123683,5134.166666666667,5389.0,2784.924082210888,18050.0,1,1,1,0,0,0,0,0,1,6292
1069,0,2013-02-20,0.43388373911755823,-0.900968867902419,0.8660254037844386,0.5000000000000001,0.7694148268839378,0.6387494220515272,6292.0,6315.0,9081.0,5360.428571428572,4868.0,3397.341159256891,5136.8,5389.0,2788.01927465756,18050.0,1,1,1,0,0,0,0,0,1,8341
1069,0,2013-02-21,-0.433883739117558,-0.9009688679024191,0.8660254037844386,0.5000000000000001,0.7802958510707755,0.6254105729852463,8341.0,4868.0,5971.0,5466.428571428572,5610.0,3390.9858378325553,5055.7,5389.0,2735.4574496088744,18050.0,1,1,1,0,0,0,0,0,1,5610
1069,0,2013-02-22,-0.9749279121818236,-0.2225209339563146,0.8660254037844386,0.5000000000000001,0.7909456567567772,0.6118864012687243,5610.0,4343.0,5301.0,5598.571428571428,5610.0,3357.771079011734,4955.533333333334,5284.5,2667.7650950372013,18050.0,1,1,1,0,0,0,0,0,1,5268
1069,0,2013-02-23,-0.7818314824680299,0.6234898018587334,0.8660254037844386,0.5000000000000001,0.8013610881746766,0.5981809144059164,5268.0,3296.0,3037.0,5435.571428571428,5610.0,3512.3146621158944,4840.5,5224.0,2712.77340907152,18050.0,0,1,1,0,0,0,0,0,1,2155
1069,0,2013-02-24,-2.4492935982947064e-16,1.0,0.8660254037844386,0.5000000000000001,0.8115390590073611,0.5842981736283683,2155.0,0.0,0.0,5435.571428571428,5610.0,3512.3146621158944,4652.8,5032.5,2847.646692052688,18050.0,0,1,1,0,0,0,0,0,1,0
1069,0,2013-02-25,0.7818314824680298,0.6234898018587336,0.8660254037844386,0.5000000000000001,0.8214765533024142,0.5702422926917871,0.0,10383.0,4865.0,4557.285714285715,5268.0,2756.2881872962007,4706.2,5032.5,2823.3819095008294,18050.0,0,1,1,0,0,0,0,0,1,4235
1069,0,2013-02-26,0.9749279121818236,-0.22252093395631434,0.8660254037844386,0.5000000000000001,0.8311706263658079,0.5560174366570446,4235.0,6292.0,5180.0,4308.571428571428,4551.0,2650.174262015165,4857.9,5032.5,2680.442955545041,18050.0,0,1,1,0,0,0,0,0,1,4551
1069,0,2013-02-27,0.43388373911755823,-0.900968867902419,0.8660254037844386,0.5000000000000001,0.8406184056344782,0.5416278206559814,4551.0,8341.0,6315.0,3941.0,4551.0,2123.8421159147724,4892.0,5224.0,2685.4596344528923,18050.0,0,1,1,0,0,0,0,0,1,5768
1069,0,2013-02-28,-0.433883739117558,-0.9009688679024191,0.8660254037844386,0.5000000000000001,0.8498170915275278,0.5270777086423722,5768.0,5610.0,4868.0,4015.714285714286,4551.0,2200.1689112645968,4933.6,5284.5,2694.99680250594,18050.0,0,1,1,0,0,0,0,0,1,6133
1069,0,2013-03-01,-0.9749279121818236,-0.2225209339563146,1.0,6.123233995736766e-17,0.8587639582758029,0.5123714121284237,6133.0,5268.0,4343.0,4097.571428571428,4551.0,2264.251300624768,4945.733333333334,5284.5,2698.34495805182,18050.0,0,1,1,0,0,0,0,0,1,5841
1069,0,2013-03-02,-0.7818314824680299,0.6234898018587334,1.0,6.123233995736766e-17,0.8674563547295968,0.49751328890718066,5841.0,2155.0,3296.0,4347.428571428572,4551.0,2105.0688711728544,4884.433333333333,5224.0,2700.49639987672,18050.0,0,1,1,0,0,0,0,0,1,3904
1069,0,2013-03-03,-2.4492935982947064e-16,1.0,1.0,6.123233995736766e-17,0.8758917051442429,0.48250774176121847,3904.0,0.0,0.0,4347.428571428572,4551.0,2105.0688711728544,4696.933333333333,5024.0,2839.0279168482434,18050.0,0,1,1,0,0,0,0,0,1,0
1069,0,2013-03-04,0.7818314824680298,0.6234898018587336,1.0,6.123233995736766e-17,0.8840675099433636,0.46735921715800227,0.0,4235.0,10383.0,5342.142857142857,5768.0,3331.1505233963553,4967.633333333333,5224.0,3057.9666163051525,18050.0,1,1,1,0,0,0,0,0,1,11198
1069,0,2013-03-05,0.9749279121818236,-0.22252093395631434,1.0,6.123233995736766e-17,0.8919813464595485,0.45207220393230435,11198.0,4551.0,6292.0,5969.428571428572,5841.0,3562.724512557904,5265.7,5284.5,2992.153718045548,18050.0,1,1,1,0,0,0,0,0,1,8942
1069,0,2013-03-06,0.43388373911755823,-0.900968867902419,1.0,6.123233995736766e-17,0.8996308696522433,0.43665123195606403,8942.0,5768.0,8341.0,6392.428571428572,6133.0,3707.6541036592066,5247.566666666667,5284.5,2968.586458967941,18050.0,1,1,1,0,0,0,0,0,1,8729
1069,0,2013-03-07,-0.433883739117558,-0.9009688679024191,1.0,6.123233995736766e-17,0.9070138128026359,0.4211008707960896,8729.0,6133.0,5610.0,6436.571428571428,6442.0,3705.889630356111,5201.633333333333,5284.5,2937.912835064509,18050.0,1,1,1,0,0,0,0,0,1,6442
1069,0,2013-03-08,-0.9749279121818236,-0.2225209339563146,1.0,6.123233995736766e-17,0.9141279881853337,0.40542572835999735,6442.0,5841.0,5268.0,6421.142857142857,6442.0,3709.0059058356605,5090.033333333334,5284.5,2847.6720738578533,18050.0,1,1,1,0,0,0,0,0,1,5733
1069,0,2013-03-09,-0.7818314824680299,0.6234898018587334,1.0,6.123233995736766e-17,0.9209712877166346,0.38963044953078796,5733.0,3904.0,2155.0,6300.285714285715,6442.0,3816.910299980239,4992.933333333333,5224.0,2866.20051195178,18050.0,0,1,1,0,0,0,0,0,1,3058
1069,0,2013-03-10,-2.4492935982947064e-16,1.0,1.0,6.123233995736766e-17,0.9275416835791966,0.37371971479046906,3058.0,0.0,0.0,6300.285714285715,6442.0,3816.910299980239,4816.233333333334,5024.0,3006.5207716852237,18050.0,0,1,1,0,0,0,0,0,1,0
1069,0,2013-03-11,0.7818314824680298,0.6234898018587336,1.0,6.123233995736766e-17,0.9338372288229252,0.35769823883312546,0.0,11198.0,4235.0,5624.714285714285,6442.0,3169.0931255006126,4930.633333333333,5224.0,3001.776445113257,18050.0,0,1,1,0,0,0,0,0,1,6469
1069,0,2013-03-12,0.9749279121818236,-0.22252093395631434,1.0,6.123233995736766e-17,0.9398560579418954,0.3415707691678556,6469.0,8942.0,4551.0,4985.285714285715,5733.0,2820.610437138607,5079.5,5224.0,2856.0226352575446,18050.0,0,1,1,0,0,0,0,0,1,4466
1069,0,2013-03-13,0.43388373911755823,-0.900968867902419,1.0,6.123233995736766e-17,0.9455963874271426,0.3253420847119801,4466.0,8729.0,5768.0,4624.142857142857,5733.0,2390.4202858194517,5124.033333333334,5439.0,2862.9701780196538,18050.0,0,1,1,0,0,0,0,0,1,6201
1069,0,2013-03-14,-0.433883739117558,-0.9009688679024191,1.0,6.123233995736766e-17,0.9510565162951535,0.30901699437494745,6201.0,6442.0,6133.0,4460.857142857143,5299.0,2282.1352157260862,5128.0,5454.5,2863.132827202905,18050.0,0,1,1,0,0,0,0,0,1,5299
1069,0,2013-03-15,-0.9749279121818236,-0.2225209339563146,1.0,6.123233995736766e-17,0.9562348265919056,0.29260033563334836,5299.0,5733.0,5841.0,4384.714285714285,5200.0,2241.1398672911764,5090.833333333333,5283.5,2854.416615114844,18050.0,0,1,1,0,0,0,0,0,1,5200
1069,0,2013-03-16,-0.7818314824680299,0.6234898018587334,1.0,6.123233995736766e-17,0.9611297838723007,0.27609697309746883,5200.0,3058.0,3904.0,4483.142857142857,5200.0,2187.6524273424125,5053.466666666666,5283.5,2864.7529680264047,18050.0,0,1,1,0,0,0,0,0,1,3747
1069,0,2013-03-17,-2.4492935982947064e-16,1.0,1.0,6.123233995736766e-17,0.9657399376548549,0.2595117970697999,3747.0,0.0,0.0,4483.142857142857,5200.0,2187.6524273424125,4908.7,5283.5,3008.0439187687043,18050.0,0,1,1,0,0,0,0,0,1,0
1069,0,2013-03-18,0.7818314824680298,0.6234898018587336,1.0,6.123233995736766e-17,0.970063921851507,0.2428497220959356,0.0,6469.0,11198.0,4886.857142857143,5200.0,2792.381983693697,5108.666666666667,5454.5,3095.2730628061454,18050.0,1,1,1,0,0,0,0,0,1,9295
1069,0,2013-03-19,0.9749279121818236,-0.22252093395631434,1.0,6.123233995736766e-17,0.9741004551724205,0.22611568550828828,9295.0,4466.0,8942.0,5346.142857142857,5299.0,2970.3505084176754,5364.7,5671.5,2973.402650279585,18050.0,1,1,1,0,0,0,0,0,1,7681
1069,0,2013-03-20,0.43388373911755823,-0.900968867902419,1.0,6.123233995736766e-17,0.9778483415056568,0.20931464596304847,7681.0,6201.0,8729.0,5741.0,5299.0,3271.3874222822747,5317.433333333333,5671.5,2901.2742584920356,18050.0,1,1,1,0,0,0,0,0,1,8965
1069,0,2013-03-21,-0.433883739117558,-0.9009688679024191,1.0,6.123233995736766e-17,0.9813064702716093,0.19245158197082998,8965.0,5299.0,6442.0,5808.428571428572,5771.0,3265.6179536264826,5300.066666666667,5671.5,2896.7953272221525,18050.0,1,1,1,0,0,0,0,0,1,5771
1069,0,2013-03-22,-0.9749279121818236,-0.2225209339563146,1.0,6.123233995736766e-17,0.9844738167520922,0.1755314904214282,5771.0,5200.0,5733.0,6203.0,7681.0,3345.72966630599,5287.433333333333,5671.5,2883.8736961597856,18050.0,1,1,1,0,0,0,0,0,1,7962
1069,0,2013-03-23,-0.7818314824680299,0.6234898018587334,1.0,6.123233995736766e-17,0.9873494423939864,0.15855938510313478,7962.0,3747.0,3058.0,6073.571428571428,7681.0,3471.7259807931673,5195.133333333333,5516.0,2917.3116194636245,18050.0,0,1,1,0,0,0,0,0,1,2841
1069,0,2013-03-24,-2.4492935982947064e-16,1.0,1.0,6.123233995736766e-17,0.989932495087353,0.141540295217043,2841.0,0.0,0.0,6073.571428571428,7681.0,3471.7259807931673,5019.533333333334,5516.0,3067.4573625829535,18050.0,0,1,1,0,0,0,0,0,1,0
1069,0,2013-03-25,0.7818314824680298,0.6234898018587336,1.0,6.123233995736766e-17,0.9922222094179323,0.12447926388678915,0.0,9295.0,6469.0,6189.857142857143,7681.0,3608.5480195673995,5284.666666666667,5750.5,3153.8580351289006,18050.0,1,1,1,0,0,0,0,0,1,10109
1069,0,2013-03-26,0.9749279121818236,-0.22252093395631434,1.0,6.123233995736766e-17,0.994217906893952,0.10738134666416309,10109.0,7681.0,4466.0,6424.285714285715,7962.0,3771.2028900730375,5595.4,5769.5,3073.4317402651013,18050.0,1,1,1,0,0,0,0,0,1,9322
1069,0,2013-03-27,0.43388373911755823,-0.900968867902419,1.0,6.123233995736766e-17,0.995918996147179,0.09025161003104117,9322.0,8965.0,6201.0,6513.714285714285,7962.0,3848.1314822601757,5773.933333333333,5806.0,3146.379440183463,18050.0,1,1,1,0,0,0,0,0,1,9591
1069,0,2013-03-28,-0.433883739117558,-0.9009688679024191,1.0,6.123233995736766e-17,0.9973249731081555,0.07309512989807777,9591.0,5771.0,5299.0,7006.857142857143,9223.0,3956.7446817036935,5929.666666666667,5987.0,3198.9454763905474,18050.0,1,1,1,0,0,0,0,0,1,9223
1069,0,2013-03-29,-0.9749279121818236,-0.2225209339563146,1.0,6.123233995736766e-17,0.9984354211555643,0.055916990100603484,9223.0,7962.0,5200.0,5869.428571428572,9223.0,4709.255314701849,5737.4,5987.0,3377.3593500411457,18050.0,1,1,1,0,0,0,0,0,1,0
1069,0,2013-03-30,-0.7818314824680299,0.6234898018587334,1.0,6.123233995736766e-17,0.9992500112396835,0.03872228089217446,0.0,2841.0,3747.0,6292.857142857143,9223.0,4521.066298583827,5726.466666666666,5823.0,3376.5653507397274,18050.0,0,1,1,0,0,0,0,0,1,5805
1069,0,2013-03-31,-2.4492935982947064e-16,1.0,1.0,6.123233995736766e-17,0.9997685019798909,0.021516097436222254,5805.0,0.0,0.0,6292.857142857143,9223.0,4521.066298583826,5531.766666666666,5788.0,3534.4446638204986,18050.0,0,1,1,0,0,0,0,0,1,0
1069,0,2013-04-01,0.7818314824680298,0.6234898018587336,0.8660254037844387,-0.49999999999999983,0.9999907397361901,0.004303538296244289,0.0,10109.0,9295.0,4848.714285714285,5805.0,4709.5383253664295,5401.633333333333,5788.0,3665.8698500453156,18050.0,0,1,1,0,0,0,0,0,1,0
1069,0,2013-04-02,0.9749279121818236,-0.22252093395631434,0.8660254037844387,-0.49999999999999983,0.9999166586547379,-0.01291029607500882,0.0,9322.0,7681.0,4370.714285714285,5805.0,4334.735813337252,5600.833333333333,5890.5,3521.7613450181957,18050.0,0,1,1,0,0,0,0,0,1,5976
1069,0,2013-04-03,0.43388373911755823,-0.900968867902419,0.8660254037844387,-0.49999999999999983,0.9995462806873573,-0.030120304846908114,5976.0,9591.0,8965.0,3920.5714285714284,5805.0,3837.3551593574994,5442.233333333334,5890.5,3364.6365452466325,18050.0,0,1,1,0,0,0,0,0,1,6440
1069,0,2013-04-04,-0.433883739117558,-0.9009688679024191,0.8660254037844387,-0.49999999999999983,0.9988797155850336,-0.04732138832243185,6440.0,9223.0,5771.0,3398.4285714285716,5568.0,3189.6083279478516,5329.766666666666,5788.0,3299.3760192030177,18050.0,0,1,1,0,0,0,0,0,1,5568
1069,0,2013-04-05,-0.9749279121818236,-0.2225209339563146,0.8660254037844387,-0.49999999999999983,0.9979171608653922,-0.06450844944931623,5568.0,0.0,7962.0,4116.142857142857,5568.0,2843.9695514410505,5206.266666666666,5752.0,3236.492992724381,18050.0,0,1,1,0,0,0,0,0,1,5024
1069,0,2013-04-06,-0.7818314824680299,0.6234898018587334,0.8660254037844387,-0.49999999999999983,0.9966589017541702,-0.08167639533042241,5024.0,5805.0,2841.0,3728.0,5024.0,2759.2037498766445,5094.466666666666,5650.5,3250.2347897506947,18050.0,0,1,1,0,0,0,0,0,1,3088
1069,0,2013-04-07,-2.4492935982947064e-16,1.0,0.8660254037844387,-0.49999999999999983,0.9951053111006976,-0.09882013873287143,3088.0,0.0,0.0,3728.0,5024.0,2759.2037498766445,4903.366666666667,5433.5,3377.445724144242,18050.0,0,1,1,0,0,0,0,0,1,0
1069,0,2013-04-08,0.7818314824680298,0.6234898018587336,0.8660254037844387,-0.49999999999999983,0.9932568492674143,-0.11593459959550041,0.0,0.0,10109.0,5124.285714285715,5568.0,3019.0524845987525,5127.233333333334,5669.5,3472.1614621932868,18050.0,1,1,1,0,0,0,0,0,1,9774
1069,0,2013-04-09,0.9749279121818236,-0.22252093395631434,0.8660254037844387,-0.49999999999999983,0.9911140639934547,-0.1330147065341959,9774.0,5976.0,9322.0,5413.142857142857,5568.0,3205.1212888423534,5393.833333333333,5788.0,3370.4689337439872,18050.0,1,1,1,0,0,0,0,0,1,7998
1069,0,2013-04-10,0.43388373911755823,-0.900968867902419,0.8660254037844387,-0.49999999999999983,0.9886775902323405,-0.1500553983446526,7998.0,6440.0,9591.0,5716.285714285715,5568.0,3412.0964090661178,5463.6,5788.0,3414.8612290681885,18050.0,1,1,1,0,0,0,0,0,1,8562
1069,0,2013-04-11,-0.433883739117558,-0.9009688679024191,0.8660254037844387,-0.49999999999999983,0.9859481499638304,-0.16705162550211924,8562.0,5568.0,9223.0,5834.0,6392.0,3420.3317577880252,5527.8,5890.5,3413.5637702836457,18050.0,1,1,1,0,0,0,0,0,1,6392
1069,0,2013-04-12,-0.9749279121818236,-0.2225209339563146,0.8660254037844387,-0.49999999999999983,0.9829265519799822,-0.18399835165768005,6392.0,5024.0,0.0,5892.142857142857,6392.0,3407.7035487539797,5502.133333333333,5788.0,3411.2214389785845,18050.0,1,1,1,0,0,0,0,0,1,5431
1069,0,2013-04-13,-0.7818314824680299,0.6234898018587334,0.8660254037844387,-0.49999999999999983,0.9796136916454901,-0.20089055513063506,5431.0,3088.0,5805.0,5937.142857142857,6392.0,3366.330862555026,5438.933333333333,5788.0,3432.61130048683,18050.0,0,1,1,0,0,0,0,0,1,3403
1069,0,2013-04-14,-2.4492935982947064e-16,1.0,0.8660254037844387,-0.49999999999999983,0.9760105506323683,-0.21772323039653177,3403.0,0.0,0.0,5937.142857142857,6392.0,3366.330862555026,5265.6,5788.0,3573.491305480514,18050.0,0,1,1,0,0,0,0,0,1,0
1069,0,2013-04-15,0.7818314824680298,0.6234898018587336,0.8660254037844387,-0.49999999999999983,0.9721181966290613,-0.23449138957040985,0.0,9774.0,0.0,5183.571428571428,5431.0,2925.8843026307363,5290.666666666667,5788.0,3565.0992280365945,18050.0,0,1,1,0,0,0,0,0,1,4499
1069,0,2013-04-16,0.9749279121818236,-0.22252093395631434,0.8660254037844387,-0.49999999999999983,0.9679377830240642,-0.25119006388481935,4499.0,7998.0,5976.0,4688.0,4529.0,2650.569498554352,5441.633333333333,5788.0,3426.5358850104526,18050.0,0,1,1,0,0,0,0,0,1,4529
1069,0,2013-04-17,0.43388373911755823,-0.900968867902419,0.8660254037844387,-0.49999999999999983,0.9634705485641488,-0.2678143051621742,4529.0,8562.0,6440.0,4353.571428571428,4529.0,2187.556769331398,5339.166666666667,5788.0,3352.4941418687617,18050.0,0,1,1,0,0,0,0,0,1,6221
1069,0,2013-04-18,-0.433883739117558,-0.9009688679024191,0.8660254037844387,-0.49999999999999983,0.9587178169872964,-0.2843591872810034,6221.0,6392.0,5568.0,4124.285714285715,4529.0,2015.6509878354213,5242.7,5669.5,3324.3035168909882,18050.0,0,1,1,0,0,0,0,0,1,4787
1069,0,2013-04-19,-0.9749279121818236,-0.2225209339563146,0.8660254037844387,-0.49999999999999983,0.9536809966304457,-0.30081980763566735,4787.0,5431.0,5024.0,3944.8571428571427,4499.0,1934.2009916734305,5083.033333333334,5499.5,3253.6371423413193,18050.0,0,1,1,0,0,0,0,0,1,4175
1069,0,2013-04-20,-0.7818314824680299,0.6234898018587334,0.8660254037844387,-0.49999999999999983,0.9483615800121715,-0.3171912885891061,4175.0,3403.0,3088.0,4060.1428571428573,4499.0,1920.5232297971513,5031.0,5227.5,3254.7373960492387,18050.0,0,1,1,0,0,0,0,0,1,4210
1069,0,2013-04-21,-2.4492935982947064e-16,1.0,0.8660254037844387,-0.49999999999999983,0.9427611433904207,-0.3334687789181868,4210.0,0.0,0.0,4060.1428571428573,4499.0,1920.523229797151,4765.6,4905.5,3331.2172115226626,18050.0,0,1,1,0,0,0,0,0,1,0
1069,0,2013-04-22,0.7818314824680298,0.6234898018587336,0.8660254037844387,-0.49999999999999983,0.9368813462954315,-0.3496474552512284,0.0,4499.0,9774.0,4595.0,4529.0,2497.720627558922,4945.666666666667,5227.5,3369.3790519029317,18050.0,1,1,1,0,0,0,0,0,1,8243
1069,0,2013-04-23,0.9749279121818236,-0.22252093395631434,0.8660254037844387,-0.49999999999999983,0.9307239310379795,-0.36572252349726897,8243.0,4529.0,7998.0,4940.857142857143,4787.0,2650.0314104158233,5177.333333333333,5499.5,3254.579747576227,18050.0,1,1,1,0,0,0,0,0,1,6950
1069,0,2013-04-24,0.43388373911755823,-0.900968867902419,0.8660254037844387,-0.49999999999999983,0.9242907221930934,-0.3816892202666588,6950.0,6221.0,8562.0,5180.571428571428,4787.0,2853.232135499602,5103.666666666667,5499.5,3162.821310741118,18050.0,1,1,1,0,0,0,0,0,1,7899
1069,0,2013-04-25,-0.433883739117558,-0.9009688679024191,0.8660254037844387,-0.49999999999999983,0.9175836260593937,-0.39754281428255595,7899.0,4787.0,6392.0,5280.571428571428,5487.0,2849.403496473303,4975.833333333333,5459.0,3062.352533629968,18050.0,1,1,1,0,0,0,0,0,1,5487
1069,0,2013-04-26,-0.9749279121818236,-0.2225209339563146,0.8660254037844387,-0.49999999999999983,0.9106046300942163,-0.4132786077829042,5487.0,4175.0,5431.0,5377.142857142857,5487.0,2816.95943815144,4817.833333333333,5227.5,2935.68407211409,18050.0,1,1,1,0,0,0,0,0,1,4851
1069,0,2013-04-27,-0.7818314824680299,0.6234898018587334,0.8660254037844387,-0.49999999999999983,0.9033558023246845,-0.4288919379124835,4851.0,4210.0,3403.0,5176.142857142857,5487.0,2960.6515290034517,4603.833333333333,4937.5,2835.788330257212,18050.0,0,1,1,0,0,0,0,0,1,2803
1069,0,2013-04-28,-2.4492935982947064e-16,1.0,0.8660254037844387,-0.49999999999999983,0.895839290734909,-0.4443781781046132,2803.0,0.0,0.0,5176.142857142857,5487.0,2960.6515290034517,4603.833333333333,4937.5,2835.788330257212,18050.0,0,1,1,0,0,0,0,0,1,0
1069,0,2013-04-29,0.7818314824680298,0.6234898018587336,0.8660254037844387,-0.49999999999999983,0.8880573226294932,-0.45973273945210397,0.0,8243.0,4499.0,5188.571428571428,5487.0,2975.815454467501,4688.0,4937.5,2909.1897438148026,18050.0,1,1,1,0,0,0,0,0,1,8330
1069,0,2013-04-30,0.9749279121818236,-0.22252093395631434,0.8660254037844387,-0.49999999999999983,0.8800122039735357,-0.47495107206704995,8330.0,6950.0,4529.0,5544.0,5487.0,3346.7290498833827,5002.6,5227.5,2895.026205586831,18050.0,1,1,1,0,0,0,0,0,1,9438
1069,0,2013-05-01,0.43388373911755823,-0.900968867902419,0.49999999999999994,-0.8660254037844387,0.8717063187093218,-0.49002866642905923,9438.0,7899.0,6221.0,4415.571428571428,4851.0,3730.0586616094424,5002.6,5227.5,2895.026205586831,18050.0,1,1,1,0,0,0,0,0,1,0
1069,0,2013-05-02,-0.433883739117558,-0.9009688679024191,0.49999999999999994,-0.8660254037844387,0.8631421280499114,-0.5049610547215204,0.0,5487.0,4787.0,4731.142857142857,4851.0,3924.2022725887205,5059.933333333333,5227.5,2931.7666079819796,18050.0,1,1,1,0,0,0,0,0,1,7696
1069,0,2013-05-03,-0.9749279121818236,-0.2225209339563146,0.49999999999999994,-0.8660254037844387,0.854322169749827,-0.5197438121555155,7696.0,4851.0,4175.0,4944.0,6341.0,3971.9075601864993,5056.633333333333,5227.5,2930.2149442558357,18050.0,1,1,1,0,0,0,0,0,1,6341
1069,0,2013-05-04,-0.7818314824680299,0.6234898018587334,0.49999999999999994,-0.8660254037844387,0.8452490573530633,-0.5343725582809787,6341.0,2803.0,4210.0,4998.285714285715,6341.0,3940.239193851295,4977.133333333333,4937.5,2948.161481252381,18050.0,0,1,1,0,0,0,0,0,1,3183
1069,0,2013-05-05,-2.4492935982947064e-16,1.0,0.49999999999999994,-0.8660254037844387,0.835925479418637,-0.548842958284719,3183.0,0.0,0.0,4998.285714285715,6341.0,3940.239193851295,4809.666666666667,4819.0,3084.9262812779725,18050.0,0,1,1,0,0,0,0,0,1,0
1069,0,2013-05-06,0.7818314824680298,0.6234898018587336,0.49999999999999994,-0.8660254037844387,0.8263541987239096,-0.5631507242749186,0.0,8330.0,8243.0,4504.857142857143,4876.0,3659.764128491135,4869.266666666666,4863.5,3067.741131610474,18050.0,0,1,1,0,0,0,0,0,1,4876
1069,0,2013-05-07,0.9749279121818236,-0.22252093395631434,0.49999999999999994,-0.8660254037844387,0.8165380514459161,-0.5772916165517272,4876.0,9438.0,6950.0,3989.8571428571427,4876.0,3053.2695824078737,5063.7,5153.5,2930.252009287092,18050.0,0,1,1,0,0,0,0,0,1,5833
1069,0,2013-05-08,0.43388373911755823,-0.900968867902419,0.49999999999999994,-0.8660254037844387,0.8064799463209448,-0.5912614448635781,5833.0,0.0,7899.0,4985.285714285715,5833.0,2644.1431954595873,4970.166666666667,5153.5,2817.3226846059724,18050.0,0,1,1,0,0,0,0,0,1,6968
1069,0,2013-05-09,-0.433883739117558,-0.9009688679024191,0.49999999999999994,-0.8660254037844387,0.7961828637826158,-0.6050560696488488,6968.0,7696.0,5487.0,3885.8571428571427,4876.0,2915.271824294232,4703.566666666667,4863.5,2898.182672943016,18050.0,0,1,1,0,0,0,0,0,1,0
1069,0,2013-05-10,-0.9749279121818236,-0.2225209339563146,0.49999999999999994,-0.8660254037844387,0.7856498550787145,-0.6186714032625031,0.0,6341.0,4851.0,3854.714285714286,4876.0,2885.6874232601695,4622.266666666666,4863.5,2819.350707023764,18050.0,0,1,1,0,0,0,0,0,1,6123
1069,0,2013-05-11,-0.7818314824680299,0.6234898018587334,0.49999999999999994,-0.8660254037844387,0.7748840413670407,-0.6321034111873487,6123.0,3183.0,2803.0,3859.285714285714,4876.0,2884.4710499665703,4516.366666666667,4819.0,2810.2362949284757,18050.0,0,1,1,0,0,0,0,0,1,3215
1069,0,2013-05-12,-2.4492935982947064e-16,1.0,0.49999999999999994,-0.8660254037844387,0.7638886127905428,-0.6453481132295501,3215.0,0.0,0.0,3859.285714285714,4876.0,2884.4710499665703,4335.333333333333,4658.0,2921.9929114754254,18050.0,0,1,1,0,0,0,0,0,1,0
1069,0,2013-05-13,0.7818314824680298,0.6234898018587336,0.49999999999999994,-0.8660254037844387,0.7526668275320084,-0.6584015846980488,0.0,4876.0,8330.0,4314.714285714285,5833.0,3294.3144817642883,4490.7,4819.0,2993.7450902702512,18050.0,1,1,1,0,0,0,0,0,1,8064
1069,0,2013-05-14,0.9749279121818236,-0.22252093395631434,0.49999999999999994,-0.8660254037844387,0.741222010848596,-0.6712599575675313,8064.0,5833.0,9438.0,4611.714285714285,6123.0,3538.663999981053,4754.433333333333,4863.5,2932.3700510153817,18050.0,1,1,1,0,0,0,0,0,1,7912
1069,0,2013-05-15,0.43388373911755823,-0.900968867902419,0.49999999999999994,-0.8660254037844387,0.7295575540864875,-0.6839194216246106,7912.0,6968.0,0.0,4794.428571428572,6123.0,3709.500993266833,4879.366666666667,5181.5,3000.169851322023,18050.0,1,1,1,0,0,0,0,0,1,8247
1069,0,2013-05-16,-0.433883739117558,-0.9009688679024191,0.49999999999999994,-0.8660254037844387,0.717676913675962,-0.6963762255968722,8247.0,0.0,7696.0,5610.428571428572,6123.0,3048.4090307974775,4918.8,5599.5,3003.1789295276135,18050.0,1,1,1,0,0,0,0,0,1,5712
1069,0,2013-05-17,-0.9749279121818236,-0.2225209339563146,0.49999999999999994,-0.8660254037844387,0.705583610107178,-0.7086266782644596,5712.0,6123.0,6341.0,5531.142857142857,5712.0,3040.061755325124,4897.033333333334,5527.5,2995.7725902751163,18050.0,1,1,1,0,0,0,0,0,1,5568
1069,0,2013-05-18,-0.7818314824680299,0.6234898018587334,0.49999999999999994,-0.8660254037844387,0.6932812268869777,-0.7206671495538609,5568.0,3215.0,3183.0,5465.714285714285,5712.0,3102.5053700885946,4829.366666666667,5527.5,3021.162261885925,18050.0,0,1,1,0,0,0,0,0,1,2757
1069,0,2013-05-19,-2.4492935982947064e-16,1.0,0.49999999999999994,-0.8660254037844387,0.6807734094770161,-0.7324940716135789,2757.0,0.0,0.0,5465.714285714285,5712.0,3102.5053700885946,4690.2,5527.5,3145.9266865649265,18050.0,0,1,1,0,0,0,0,0,1,0
1069,0,2013-05-20,0.7818314824680298,0.6234898018587336,0.49999999999999994,-0.8660254037844387,0.6680638642135335,-0.7441039398713607,0.0,8064.0,4876.0,4313.714285714285,5568.0,3454.138904478015,4549.866666666667,5527.5,3259.920495469423,18050.0,0,1,1,0,0,0,0,0,1,0
1069,0,2013-05-21,0.9749279121818236,-0.22252093395631434,0.49999999999999994,-0.8660254037844387,0.6551563572090853,-0.7554933140726803,0.0,7912.0,5833.0,4114.285714285715,5568.0,3245.7781149407892,4767.066666666667,5640.0,3161.920443647187,18050.0,0,1,1,0,0,0,0,0,1,6516
1069,0,2013-05-22,0.43388373911755823,-0.900968867902419,0.49999999999999994,-0.8660254037844387,0.6420547132365637,-0.766658819300159,6516.0,8247.0,6968.0,3726.5714285714284,5533.0,2801.535879783499,4676.733333333334,5550.5,3097.2413969957793,18050.0,0,1,1,0,0,0,0,0,1,5533
1069,0,2013-05-23,-0.433883739117558,-0.9009688679024191,0.49999999999999994,-0.8660254037844387,0.6287628145958344,-0.777597146973627,5533.0,5712.0,0.0,3672.1428571428573,5331.0,2759.925930683133,4622.766666666666,5510.0,3070.25313663035,18050.0,0,1,1,0,0,0,0,0,1,5331
1069,0,2013-05-24,-0.9749279121818236,-0.2225209339563146,0.49999999999999994,-0.8660254037844387,0.6152845999633276,-0.7883050558305255,5331.0,5568.0,6123.0,3542.4285714285716,4660.0,2676.0341837093506,4514.8,5409.0,3007.3768659403327,18050.0,0,1,1,0,0,0,0,0,1,4660
1069,0,2013-05-25,-0.7818314824680299,0.6234898018587334,0.49999999999999994,-0.8660254037844387,0.6016240632249226,-0.7987793728863649,4660.0,2757.0,3215.0,3602.5714285714284,4660.0,2660.123547077147,4437.833333333333,5103.5,3011.1820234188617,18050.0,0,1,1,0,0,0,0,0,1,3178
1069,0,2013-05-26,-2.4492935982947064e-16,1.0,0.49999999999999994,-0.8660254037844387,0.5877852522924732,-0.8090169943749473,3178.0,0.0,0.0,3602.5714285714284,4660.0,2660.123547077147,4276.133333333333,5103.5,3116.632518836838,18050.0,0,1,1,0,0,0,0,0,1,0
1069,0,2013-05-27,0.7818314824680298,0.6234898018587336,0.49999999999999994,-0.8660254037844387,0.5737722679043246,-0.8190148866680801,0.0,0.0,8064.0,4706.428571428572,5331.0,2515.300834038404,4440.266666666666,5432.0,3165.649227233657,18050.0,1,1,1,0,0,0,0,0,1,7727
1069,0,2013-05-28,0.9749279121818236,-0.22252093395631434,0.49999999999999994,-0.8660254037844387,0.5595892624101765,-0.8287700871745037,7727.0,6516.0,7912.0,4891.857142857143,5331.0,2711.155806943565,4700.733333333334,5550.5,3108.6616361090328,18050.0,1,1,1,0,0,0,0,0,1,7814
1069,0,2013-05-29,0.43388373911755823,-0.900968867902419,0.49999999999999994,-0.8660254037844387,0.545240438540651,-0.8382797052177743,7814.0,5533.0,8247.0,5272.714285714285,5331.0,2989.229539211607,4696.366666666667,5550.5,3103.4755765146574,18050.0,1,1,1,0,0,0,0,0,1,8199
1069,0,2013-05-30,-0.433883739117558,-0.9009688679024191,0.49999999999999994,-0.8660254037844387,0.5307300481619334,-0.8475409228928311,8199.0,5331.0,5712.0,5218.714285714285,4953.0,2991.4145881330523,4546.866666666667,5432.0,2972.4454431736285,18050.0,1,1,1,0,0,0,0,0,1,4953
1069,0,2013-05-31,-0.9749279121818236,-0.2225209339563146,0.49999999999999994,-0.8660254037844387,0.5160623910158528,-0.8565509959010036,4953.0,4660.0,5568.0,5683.0,7727.0,3138.823983596403,4810.533333333334,5550.5,2905.278142460282,18050.0,1,1,1,0,0,0,0,0,1,7910
1069,0,2013-06-01,-0.7818314824680299,0.6234898018587334,1.2246467991473532e-16,-1.0,0.5012418134457758,-0.865307254363206,7910.0,3178.0,2757.0,5697.571428571428,7727.0,3125.4651310987747,4663.333333333333,5432.0,2865.6417146568765,18050.0,0,1,1,0,0,0,0,0,1,3280
1069,0,2013-06-02,-2.4492935982947064e-16,1.0,1.2246467991473532e-16,-1.0,0.48627270710869,-0.8738071036110808,3280.0,0.0,0.0,5697.571428571428,7727.0,3125.4651310987747,4451.966666666666,5142.0,2969.5988755401268,18050.0,0,1,1,0,0,0,0,0,1,0
1069,0,2013-06-03,0.7818314824680298,0.6234898018587336,1.2246467991473532e-16,-1.0,0.4711595076738638,-0.8820480249558537,0.0,7727.0,0.0,5574.571428571428,6866.0,3048.276445093896,4574.733333333334,5432.0,2991.3792105998846,18050.0,1,1,1,0,0,0,0,0,1,6866
1069,0,2013-06-04,0.9749279121818236,-0.22252093395631434,1.2246467991473532e-16,-1.0,0.4559066935084588,-0.8900275764346767,6866.0,7814.0,6516.0,5446.714285714285,6866.0,2956.0658379162055,4805.366666666667,5550.5,2891.567925506176,18050.0,1,1,1,0,0,0,0,0,1,6919
1069,0,2013-06-05,0.43388373911755823,-0.900968867902419,1.2246467991473532e-16,-1.0,0.440518784350495,-0.8977433935342337,6919.0,8199.0,5533.0,5420.142857142857,6866.0,2927.9046790364964,4909.933333333333,5640.0,2950.3341942009324,18050.0,1,1,1,0,0,0,0,0,1,8013
1069,0,2013-06-06,-0.433883739117558,-0.9009688679024191,1.2246467991473532e-16,-1.0,0.42500033996955416,-0.9051931898913974,8013.0,4953.0,5331.0,5581.142857142857,6866.0,2928.9217827596226,4918.166666666667,5640.0,2953.342082120354,18050.0,1,1,1,0,0,0,0,0,1,6080
1069,0,2013-06-07,-0.9749279121818236,-0.2225209339563146,1.2246467991473532e-16,-1.0,0.4093559588156213,-0.9123747579707273,6080.0,7910.0,4660.0,5225.714285714285,6080.0,2744.356069845026,4866.633333333333,5550.5,2929.7346882743773,18050.0,1,1,1,0,0,0,0,0,1,5422
1069,0,2013-06-08,-0.7818314824680299,0.6234898018587334,1.2246467991473532e-16,-1.0,0.39359027665646673,-0.9192859697186104,5422.0,3280.0,3178.0,5163.0,6080.0,2800.6686106475836,4961.333333333333,5550.5,2810.491690119344,18050.0,0,1,1,0,0,0,0,0,1,2841
1069,0,2013-06-09,-2.4492935982947064e-16,1.0,1.2246467991473532e-16,-1.0,0.3777079652039649,-0.9259247771938498,2841.0,0.0,0.0,5163.0,6080.0,2800.6686106475836,4757.233333333334,5477.5,2942.452046699561,18050.0,0,1,1,0,0,0,0,0,1,0
1069,0,2013-06-10,0.7818314824680298,0.6234898018587336,1.2246467991473532e-16,-1.0,0.36171373072976765,-0.9322892131745133,0.0,6866.0,7727.0,4913.857142857143,5422.0,2699.6738956505737,4820.8,5477.5,2928.55175929956,18050.0,0,1,1,0,0,0,0,0,1,5122
1069,0,2013-06-11,0.9749279121818236,-0.22252093395631434,1.2246467991473532e-16,-1.0,0.3456123126707335,-0.9383773917408641,5122.0,6919.0,7814.0,4663.857142857143,5169.0,2560.482859968112,4993.1,5477.5,2783.6131240059085,18050.0,0,1,1,0,0,0,0,0,1,5169
1069,0,2013-06-12,0.43388373911755823,-0.900968867902419,1.2246467991473532e-16,-1.0,0.3294084822245304,-0.9441875088341993,5169.0,8013.0,8199.0,4462.0,5169.0,2294.308247235611,4944.3,5477.5,2740.4178909869534,18050.0,0,1,1,0,0,0,0,0,1,6600
1069,0,2013-06-13,-0.433883739117558,-0.9009688679024191,1.2246467991473532e-16,-1.0,0.3131070409358269,-0.9497178427914316,6600.0,6080.0,4953.0,4235.0,5122.0,2183.472616422445,4830.266666666666,5376.5,2683.249097556958,18050.0,0,1,1,0,0,0,0,0,1,4491
1069,0,2013-06-14,-0.9749279121818236,-0.2225209339563146,1.2246467991473532e-16,-1.0,0.29671281927349075,-0.9549667548552551,4491.0,5422.0,7910.0,4128.142857142857,4674.0,2133.4299010881878,4711.166666666667,5250.0,2604.5037528962343,18050.0,0,1,1,0,0,0,0,0,1,4674
1069,0,2013-06-15,-0.7818314824680299,0.6234898018587334,1.2246467991473532e-16,-1.0,0.28023067519921585,-0.9599326896597447,4674.0,2841.0,3280.0,4137.571428571428,4674.0,2126.929309054322,4617.666666666667,5145.5,2617.6512021451495,18050.0,0,1,1,0,0,0,0,0,1,2907
1069,0,2013-06-16,-2.4492935982947064e-16,1.0,1.2246467991473532e-16,-1.0,0.26366549272800704,-0.9646141756912435,2907.0,0.0,0.0,4137.571428571428,4674.0,2126.929309054322,4432.066666666667,5037.5,2742.3695258101056,18050.0,0,1,1,0,0,0,0,0,1,0
1069,0,2013-06-17,0.7818314824680298,0.6234898018587336,1.2246467991473532e-16,-1.0,0.24702218048093552,-0.9690098257244062,0.0,5122.0,6866.0,4654.571428571428,4674.0,2753.6158565991536,4631.533333333334,5145.5,2832.475324582336,18050.0,1,1,1,0,0,0,0,0,1,8741
1069,0,2013-06-18,0.9749279121818236,-0.22252093395631434,1.2246467991473532e-16,-1.0,0.23030567023061221,-0.9731183372332619,8741.0,5169.0,6919.0,4888.285714285715,4674.0,2871.4616321242925,4858.366666666667,5250.0,2718.9870893319853,18050.0,1,1,1,0,0,0,0,0,1,6805
1069,0,2013-06-19,0.43388373911755823,-0.900968867902419,1.2246467991473532e-16,-1.0,0.21352091543979612,-0.9769384927771817,6805.0,6600.0,8013.0,4836.142857142857,4674.0,2838.320890278349,5066.2,5376.5,2568.975274038404,18050.0,1,1,1,0,0,0,0,0,1,6235
1069,0,2013-06-20,-0.433883739117558,-0.9009688679024191,1.2246467991473532e-16,-1.0,0.19667288979357647,-0.980469160361632,6235.0,4491.0,6080.0,4930.428571428572,5151.0,2835.90596089638,5020.7,5250.0,2554.4589028220635,18050.0,1,1,1,0,0,0,0,0,1,5151
1069,0,2013-06-21,-0.9749279121818236,-0.2225209339563146,1.2246467991473532e-16,-1.0,0.1797665857255624,-0.9837092937736097,5151.0,4674.0,5422.0,5141.571428571428,6152.0,2868.4661323398873,5041.333333333333,5250.0,2561.2306084937104,18050.0,1,1,1,0,0,0,0,0,1,6152
1069,0,2013-06-22,-0.7818314824680299,0.6234898018587334,1.2246467991473532e-16,-1.0,0.16280701293851715,-0.986657932891657,6152.0,2907.0,2841.0,5211.285714285715,6152.0,2810.4498284252004,4976.8,5160.0,2578.015374074701,18050.0,0,1,1,0,0,0,0,0,1,3395
1069,0,2013-06-23,-2.4492935982947064e-16,1.0,1.2246467991473532e-16,-1.0,0.1457991969198751,-0.9893142039703663,3395.0,0.0,0.0,5211.285714285715,6152.0,2810.4498284252004,4821.466666666666,5160.0,2733.4647551808844,18050.0,0,1,1,0,0,0,0,0,1,0
1069,0,2013-06-24,0.7818314824680298,0.6234898018587336,1.2246467991473532e-16,-1.0,0.12874817745258132,-0.99167731989929,0.0,8741.0,5122.0,4780.142857142857,5723.0,2376.7466860235263,4906.3,5295.5,2720.160595537926,18050.0,0,1,1,0,0,0,0,0,1,5723
1069,0,2013-06-25,0.9749279121818236,-0.22252093395631434,1.2246467991473532e-16,-1.0,0.11165900712169512,-0.993746580436178,5723.0,6805.0,5169.0,4466.142857142857,5151.0,2203.5315918294623,5059.866666666667,5295.5,2558.887524085329,18050.0,0,1,1,0,0,0,0,0,1,4607
1069,0,2013-06-26,0.43388373911755823,-0.900968867902419,1.2246467991473532e-16,-1.0,0.09453674981719912,-0.9955213724144752,4607.0,6235.0,6600.0,4506.571428571428,5151.0,2243.625403756376,5019.566666666667,5295.5,2524.726583808336,18050.0,0,1,1,0,0,0,0,0,1,6518
1069,0,2013-06-27,-0.433883739117558,-0.9009688679024191,1.2246467991473532e-16,-1.0,0.07738647923346301,-0.9970011699250151,6518.0,5151.0,4491.0,4496.714285714285,5082.0,2240.471655276015,4928.5,5160.0,2469.114957310371,18050.0,0,1,1,0,0,0,0,0,1,5082
1069,0,2013-06-28,-0.9749279121818236,-0.2225209339563146,1.2246467991473532e-16,-1.0,0.06021327736579302,-0.9981855344718586,5082.0,6152.0,4674.0,4546.285714285715,5082.0,2286.5642140036025,4871.833333333333,5160.0,2410.274688642903,18050.0,0,1,1,0,0,0,0,0,1,6499
1069,0,2013-06-29,-0.7818314824680299,0.6234898018587334,1.2246467991473532e-16,-1.0,0.04302223300453059,-0.99907411510223,6499.0,3395.0,2907.0,4692.714285714285,5082.0,2232.7358191454814,4854.066666666667,5160.0,2411.619815255575,18050.0,0,1,1,0,0,0,0,0,1,4420
1069,0,2013-06-30,-2.4492935982947064e-16,1.0,1.2246467991473532e-16,-1.0,0.02581844022713308,-0.9996666485105112,4420.0,0.0,0.0,4692.714285714285,5082.0,2232.7358191454814,4590.4,5136.5,2496.8878919221784,18050.0,0,1,1,0,0,0,0,0,1,0
1069,0,2013-07-01,0.7818314824680298,0.6234898018587336,-0.4999999999999998,-0.8660254037844388,0.008606996888688698,-0.9999629591162655,0.0,5723.0,8741.0,4998.428571428572,5082.0,2524.732649684112,4743.166666666667,5160.0,2553.507784547978,18050.0,1,1,1,0,0,0,0,0,1,7863
1069,0,2013-07-02,0.9749279121818236,-0.22252093395631434,-0.4999999999999998,-0.8660254037844388,-0.008606996888688009,-0.9999629591162655,7863.0,4607.0,6805.0,5354.714285714285,6499.0,2633.9027895429062,4979.866666666667,5295.5,2424.534078715038,18050.0,1,1,1,0,0,0,0,0,1,7101
1069,0,2013-07-03,0.43388373911755823,-0.900968867902419,-0.4999999999999998,-0.8660254037844388,-0.02581844022713239,-0.9996666485105112,7101.0,6518.0,6235.0,5800.714285714285,6499.0,3088.7616566236647,5072.333333333333,5295.5,2548.6672694910017,18050.0,1,1,1,0,0,0,0,0,1,9640
1069,0,2013-07-04,-0.433883739117558,-0.9009688679024191,-0.4999999999999998,-0.8660254037844388,-0.04302223300453034,-0.99907411510223,9640.0,5082.0,5151.0,6054.571428571428,6859.0,3092.8682942722085,5070.333333333333,5295.5,2547.191290669857,18050.0,1,1,1,0,0,0,0,0,1,6859
1069,0,2013-07-05,-0.9749279121818236,-0.2225209339563146,-0.4999999999999998,-0.8660254037844388,-0.060213277365792774,-0.9981855344718586,6859.0,6499.0,6152.0,6045.142857142857,6859.0,3091.387899125106,5017.666666666667,5295.5,2500.1495173679923,18050.0,1,1,1,0,0,0,0,0,1,6433
1069,0,2013-07-06,-0.7818314824680299,0.6234898018587334,-0.4999999999999998,-0.8660254037844388,-0.07738647923346322,-0.9970011699250151,6433.0,4420.0,3395.0,5825.142857142857,6859.0,3275.6250003407195,4911.0,5160.0,2521.435100397637,18050.0,0,1,1,0,0,0,0,0,1,2880
1069,0,2013-07-07,-2.4492935982947064e-16,1.0,-0.4999999999999998,-0.8660254037844388,-0.09453674981719933,-0.9955213724144752,2880.0,0.0,0.0,5825.142857142857,6859.0,3275.6250003407195,4730.266666666666,5136.5,2673.292415773082,18050.0,0,1,1,0,0,0,0,0,1,0
1069,0,2013-07-08,0.7818314824680298,0.6234898018587336,-0.4999999999999998,-0.8660254037844388,-0.11165900712169444,-0.9937465804361781,0.0,7863.0,5723.0,5547.428571428572,6433.0,3154.213734944777,4832.866666666667,5160.0,2657.3011552861403,18050.0,0,1,1,0,0,0,0,0,1,5919
1069,0,2013-07-09,0.9749279121818236,-0.22252093395631434,-0.4999999999999998,-0.8660254037844388,-0.12874817745258066,-0.99167731989929,5919.0,7101.0,4607.0,5308.857142857143,5919.0,3079.3923333763664,5013.9,5300.0,2496.8546054365397,18050.0,0,1,1,0,0,0,0,0,1,5431
1069,0,2013-07-10,0.43388373911755823,-0.900968867902419,-0.4999999999999998,-0.8660254037844388,-0.14579919691987442,-0.9893142039703664,5431.0,9640.0,6518.0,4964.0,5919.0,2613.4299301875308,5084.033333333334,5577.0,2529.3337337689572,18050.0,0,1,1,0,0,0,0,0,1,7226
1069,0,2013-07-11,-0.433883739117558,-0.9009688679024191,-0.4999999999999998,-0.8660254037844388,-0.16280701293851646,-0.9866579328916572,7226.0,6859.0,5082.0,4768.0,5487.0,2496.45375149097,5094.633333333333,5605.0,2530.3682229426936,18050.0,0,1,1,0,0,0,0,0,1,5487
1069,0,2013-07-12,-0.9749279121818236,-0.2225209339563146,-0.4999999999999998,-0.8660254037844388,-0.17976658572556214,-0.9837092937736098,5487.0,6433.0,6499.0,4611.0,5431.0,2407.2555604533013,5052.433333333333,5459.0,2514.9064517233132,18050.0,0,1,1,0,0,0,0,0,1,5334
1069,0,2013-07-13,-0.7818314824680299,0.6234898018587334,-0.4999999999999998,-0.8660254037844388,-0.19667288979357622,-0.9804691603616321,5334.0,2880.0,4420.0,4654.285714285715,5431.0,2373.4287233371697,5008.833333333333,5459.0,2536.223259009394,18050.0,0,1,1,0,0,0,0,0,1,3183
1069,0,2013-07-14,-2.4492935982947064e-16,1.0,-0.4999999999999998,-0.8660254037844388,-0.2135209154397959,-0.9769384927771817,3183.0,0.0,0.0,4654.285714285715,5431.0,2373.4287233371697,4853.033333333334,5459.0,2696.0284517496616,18050.0,0,1,1,0,0,0,0,0,1,0
1069,0,2013-07-15,0.7818314824680298,0.6234898018587336,-0.4999999999999998,-0.8660254037844388,-0.23030567023061196,-0.973118337233262,0.0,5919.0,7863.0,5221.142857142857,5431.0,3091.156494936883,5085.7,5605.0,2820.6032266288307,18050.0,1,1,1,0,0,0,0,0,1,9887
1069,0,2013-07-16,0.9749279121818236,-0.22252093395631434,-0.4999999999999998,-0.8660254037844388,-0.24702218048093527,-0.9690098257244063,9887.0,5431.0,7101.0,5503.0,5487.0,3201.4635194964603,5332.5,5821.0,2680.7174637939124,18050.0,1,1,1,0,0,0,0,0,1,7404
1069,0,2013-07-17,0.43388373911755823,-0.900968867902419,-0.4999999999999998,-0.8660254037844388,-0.2636654927280072,-0.9646141756912435,7404.0,7226.0,9640.0,5780.571428571428,5487.0,3450.307177491247,5346.766666666666,5821.0,2700.5484204628474,18050.0,1,1,1,0,0,0,0,0,1,9169
1069,0,2013-07-18,-0.433883739117558,-0.9009688679024191,-0.4999999999999998,-0.8660254037844388,-0.2802306751992161,-0.9599326896597445,9169.0,5487.0,6859.0,5851.285714285715,5982.0,3448.3595962083045,5319.333333333333,5821.0,2689.381358594209,18050.0,1,1,1,0,0,0,0,0,1,5982
1069,0,2013-07-19,-0.9749279121818236,-0.2225209339563146,-0.4999999999999998,-0.8660254037844388,-0.2967128192734901,-0.9549667548552553,5982.0,5334.0,6433.0,5877.285714285715,5982.0,3444.4932725673743,5295.366666666667,5619.5,2684.138537502444,18050.0,1,1,1,0,0,0,0,0,1,5516
1069,0,2013-07-20,-0.7818314824680299,0.6234898018587334,-0.4999999999999998,-0.8660254037844388,-0.3131070409358267,-0.9497178427914317,5516.0,3183.0,2880.0,5926.142857142857,5982.0,3402.072085684028,5241.166666666667,5619.5,2703.5010389892773,18050.0,0,1,1,0,0,0,0,0,1,3525
1069,0,2013-07-21,-2.4492935982947064e-16,1.0,-0.4999999999999998,-0.8660254037844388,-0.3294084822245302,-0.9441875088341994,3525.0,0.0,0.0,5926.142857142857,5982.0,3402.072085684028,5036.1,5501.5,2860.7767133155075,18050.0,0,1,1,0,0,0,0,0,1,0
1069,0,2013-07-22,0.7818314824680298,0.6234898018587336,-0.4999999999999998,-0.8660254037844388,-0.3456123126707333,-0.9383773917408642,0.0,9887.0,5919.0,5264.142857142857,5516.0,2919.520247607554,5098.033333333334,5501.5,2844.08656305692,18050.0,0,1,1,0,0,0,0,0,1,5253
1069,0,2013-07-23,0.9749279121818236,-0.22252093395631434,-0.4999999999999998,-0.8660254037844388,-0.3617137307297674,-0.9322892131745134,5253.0,7404.0,5431.0,4848.571428571428,5253.0,2767.2274245257872,5247.866666666667,5501.5,2679.913968425279,18050.0,0,1,1,0,0,0,0,0,1,4495
1069,0,2013-07-24,0.43388373911755823,-0.900968867902419,-0.4999999999999998,-0.8660254037844388,-0.37770796520396466,-0.9259247771938499,4495.0,9169.0,7226.0,4402.857142857143,5253.0,2134.228309293662,5258.733333333334,5501.5,2682.566629096142,18050.0,0,1,1,0,0,0,0,0,1,6049
1069,0,2013-07-25,-0.433883739117558,-0.9009688679024191,-0.4999999999999998,-0.8660254037844388,-0.39359027665646645,-0.9192859697186105,6049.0,5982.0,5487.0,4200.285714285715,4564.0,2023.8005265906465,5257.3,5501.5,2682.938329390065,18050.0,0,1,1,0,0,0,0,0,1,4564
1069,0,2013-07-26,-0.9749279121818236,-0.2225209339563146,-0.4999999999999998,-0.8660254037844388,-0.4093559588156211,-0.9123747579707274,4564.0,5516.0,5334.0,3938.4285714285716,4495.0,1942.125455709361,5162.8,5459.0,2686.927053923023,18050.0,0,1,1,0,0,0,0,0,1,3683
1069,0,2013-07-27,-0.7818314824680299,0.6234898018587334,-0.4999999999999998,-0.8660254037844388,-0.42500033996955394,-0.9051931898913975,3683.0,3525.0,3183.0,3779.714285714286,4495.0,2025.1640027650221,5073.866666666667,5459.0,2733.444407050706,18050.0,0,1,1,0,0,0,0,0,1,2414
1069,0,2013-07-28,-2.4492935982947064e-16,1.0,-0.4999999999999998,-0.8660254037844388,-0.4405187843504952,-0.8977433935342336,2414.0,0.0,0.0,3779.714285714286,4495.0,2025.1640027650221,4857.233333333334,5382.5,2870.6904694279333,18050.0,0,1,1,0,0,0,0,0,1,0
1069,0,2013-07-29,0.7818314824680298,0.6234898018587336,-0.4999999999999998,-0.8660254037844388,-0.455906693508459,-0.8900275764346766,0.0,5253.0,9887.0,4253.428571428572,4495.0,2701.9618093244076,4995.533333333334,5459.0,2947.806206297331,18050.0,1,1,1,0,0,0,0,0,1,8569
1069,0,2013-07-30,0.9749279121818236,-0.22252093395631434,-0.4999999999999998,-0.8660254037844388,-0.47115950767386394,-0.8820480249558535,8569.0,4495.0,7404.0,4784.857142857143,4564.0,3094.682613159301,5269.366666666667,5501.5,2847.6085124591646,18050.0,1,1,1,0,0,0,0,0,1,8215
1069,0,2013-07-31,0.43388373911755823,-0.900968867902419,-0.4999999999999998,-0.8660254037844388,-0.4862727071086902,-0.8738071036110807,8215.0,6049.0,9169.0,5488.428571428572,4564.0,3888.1166330732613,5373.066666666667,5501.5,2997.991568313389,18050.0,1,1,1,0,0,0,0,0,1,10974
1069,0,2013-08-01,-0.433883739117558,-0.9009688679024191,-0.8660254037844384,-0.5000000000000004,-0.5012418134457756,-0.8653072543632061,10974.0,4564.0,5982.0,5752.714285714285,6414.0,3877.6687891174047,5350.166666666667,5501.5,2986.9411534248547,18050.0,1,1,1,0,0,0,0,0,1,6414
1069,0,2013-08-02,-0.9749279121818236,-0.2225209339563146,-0.8660254037844384,-0.5000000000000004,-0.5160623910158526,-0.8565509959010037,6414.0,3683.0,5516.0,5982.142857142857,6414.0,3781.109688463226,5205.133333333333,5459.0,2874.9976759610813,18050.0,1,1,1,0,0,0,0,0,1,5289
1069,0,2013-08-03,-0.7818314824680299,0.6234898018587334,-0.8660254037844384,-0.5000000000000004,-0.5307300481619331,-0.8475409228928312,5289.0,2414.0,3525.0,6086.285714285715,6414.0,3675.003660510001,5081.266666666666,5382.5,2881.3285241998738,18050.0,0,1,1,0,0,0,0,0,1,3143
1069,0,2013-08-04,-2.4492935982947064e-16,1.0,-0.8660254037844384,-0.5000000000000004,-0.5452404385406507,-0.8382797052177745,3143.0,0.0,0.0,6086.285714285715,6414.0,3675.003660510001,4866.833333333333,5311.5,3013.6025306340052,18050.0,0,1,1,0,0,0,0,0,1,0
1069,0,2013-08-05,0.7818314824680298,0.6234898018587336,-0.8660254037844384,-0.5000000000000004,-0.5595892624101763,-0.828770087174504,0.0,8569.0,5253.0,5661.0,5592.0,3508.2826758021274,4957.233333333334,5382.5,2992.550528865987,18050.0,0,1,1,0,0,0,0,0,1,5592
1069,0,2013-08-06,0.9749279121818236,-0.22252093395631434,-0.8660254037844384,-0.5000000000000004,-0.5737722679043243,-0.8190148866680802,5592.0,8215.0,4495.0,5125.571428571428,5289.0,3335.2715460235445,5106.133333333333,5382.5,2844.8770136841617,18050.0,0,1,1,0,0,0,0,0,1,4467
1069,0,2013-08-07,0.43388373911755823,-0.900968867902419,-0.8660254037844384,-0.5000000000000004,-0.5877852522924734,-0.8090169943749472,4467.0,10974.0,6049.0,4462.285714285715,5289.0,2269.8576838123363,5119.866666666667,5382.5,2849.9263116103903,18050.0,0,1,1,0,0,0,0,0,1,6331
1069,0,2013-08-08,-0.433883739117558,-0.9009688679024191,-0.8660254037844384,-0.5000000000000004,-0.6016240632249227,-0.7987793728863648,6331.0,6414.0,4564.0,4303.857142857143,5289.0,2146.2682675263304,5115.666666666667,5319.5,2849.5447952664113,18050.0,0,1,1,0,0,0,0,0,1,5305
1069,0,2013-08-09,-0.9749279121818236,-0.2225209339563146,-0.8660254037844384,-0.5000000000000004,-0.6152845999633277,-0.7883050558305253,5305.0,5289.0,3683.0,4236.285714285715,4816.0,2117.3343079042975,5035.333333333333,5297.0,2821.8357357472523,18050.0,0,1,1,0,0,0,0,0,1,4816
1069,0,2013-08-10,-0.7818314824680299,0.6234898018587334,-0.8660254037844384,-0.5000000000000004,-0.6287628145958345,-0.7775971469736268,4816.0,3143.0,2414.0,4200.857142857143,4816.0,2140.6235406668643,4948.933333333333,5271.0,2847.097892450382,18050.0,0,1,1,0,0,0,0,0,1,2895
1069,0,2013-08-11,-2.4492935982947064e-16,1.0,-0.8660254037844384,-0.5000000000000004,-0.6420547132365636,-0.7666588193001592,2895.0,0.0,0.0,4200.857142857143,4816.0,2140.6235406668643,4771.133333333333,5034.5,2985.4145756503817,18050.0,0,1,1,0,0,0,0,0,1,0
1069,0,2013-08-12,0.7818314824680298,0.6234898018587336,-0.8660254037844384,-0.5000000000000004,-0.655156357209085,-0.7554933140726804,0.0,5592.0,8569.0,4785.285714285715,4816.0,2978.2917203371085,4987.8,5271.0,3099.856719714417,18050.0,1,1,1,0,0,0,0,0,1,9683
1069,0,2013-08-13,0.9749279121818236,-0.22252093395631434,-0.8660254037844384,-0.5000000000000004,-0.6680638642135333,-0.7441039398713608,9683.0,4467.0,8215.0,5272.285714285715,5305.0,3188.843976233692,5250.333333333333,5297.0,2994.5932696402574,18050.0,1,1,1,0,0,0,0,0,1,7876
1069,0,2013-08-14,0.43388373911755823,-0.900968867902419,-0.8660254037844384,-0.5000000000000004,-0.6807734094770159,-0.7324940716135792,7876.0,6331.0,10974.0,5680.571428571428,5305.0,3513.432550329419,5227.066666666667,5297.0,2959.836050134901,18050.0,1,1,1,0,0,0,0,0,1,9189
1069,0,2013-08-15,-0.433883739117558,-0.9009688679024191,-0.8660254037844384,-0.5000000000000004,-0.6932812268869771,-0.7206671495538615,9189.0,5305.0,6414.0,5763.142857142857,5883.0,3509.925138260142,5176.366666666667,5297.0,2934.1764336314495,18050.0,1,1,1,0,0,0,0,0,1,5883
1069,0,2013-08-16,-0.9749279121818236,-0.2225209339563146,-0.8660254037844384,-0.5000000000000004,-0.7055836101071774,-0.7086266782644601,5883.0,4816.0,5289.0,5865.0,5883.0,3488.1362263153273,5055.033333333334,5297.0,2837.032963032566,18050.0,1,1,1,0,0,0,0,0,1,5529
1069,0,2013-08-17,-0.7818314824680299,0.6234898018587334,-0.8660254037844384,-0.5000000000000004,-0.7176769136759615,-0.6963762255968726,5529.0,2895.0,3143.0,5869.0,5883.0,3484.176564603656,4953.066666666667,5271.0,2857.466371520026,18050.0,0,1,1,0,0,0,0,0,1,2923
1069,0,2013-08-18,-2.4492935982947064e-16,1.0,-0.8660254037844384,-0.5000000000000004,-0.7295575540864876,-0.6839194216246105,2923.0,0.0,0.0,5869.0,5883.0,3484.176564603656,4769.2,5034.5,2994.190206567286,18050.0,0,1,1,0,0,0,0,0,1,0
1069,0,2013-08-19,0.7818314824680298,0.6234898018587336,-0.8660254037844384,-0.5000000000000004,-0.7412220108485957,-0.6712599575675315,0.0,9683.0,5592.0,5178.142857142857,5529.0,3054.88190871439,4813.266666666666,5050.0,2984.961374824707,18050.0,0,1,1,0,0,0,0,0,1,4847
1069,0,2013-08-20,0.9749279121818236,-0.22252093395631434,-0.8660254037844384,-0.5000000000000004,-0.7526668275320083,-0.6584015846980489,4847.0,7876.0,4467.0,4830.857142857143,5445.0,2826.7280513325786,4994.766666666666,5271.0,2844.4326830680584,18050.0,0,1,1,0,0,0,0,0,1,5445
1069,0,2013-08-21,0.43388373911755823,-0.900968867902419,-0.8660254037844384,-0.5000000000000004,-0.7638886127905429,-0.64534811322955,5445.0,9189.0,6331.0,4467.285714285715,5445.0,2284.408655377121,5041.133333333333,5297.0,2860.0814520995177,18050.0,0,1,1,0,0,0,0,0,1,6644
1069,0,2013-08-22,-0.433883739117558,-0.9009688679024191,-0.8660254037844384,-0.5000000000000004,-0.7748840413670406,-0.6321034111873488,6644.0,5883.0,5305.0,4305.571428571428,4847.0,2206.2156027265983,5049.666666666667,5297.0,2858.7774253719194,18050.0,0,1,1,0,0,0,0,0,1,4751
1069,0,2013-08-23,-0.9749279121818236,-0.2225209339563146,-0.8660254037844384,-0.5000000000000004,-0.7856498550787144,-0.6186714032625032,4751.0,5529.0,4816.0,4193.285714285715,4751.0,2152.9295323880374,5006.133333333333,5068.0,2852.972832259221,18050.0,0,1,1,0,0,0,0,0,1,4743
1069,0,2013-08-24,-0.7818314824680299,0.6234898018587334,-0.8660254037844384,-0.5000000000000004,-0.7961828637826154,-0.6050560696488494,4743.0,2923.0,2895.0,4230.142857142857,4751.0,2129.640848325638,4960.033333333334,5068.0,2871.477085756213,18050.0,0,1,1,0,0,0,0,0,1,3181
1069,0,2013-08-25,-2.4492935982947064e-16,1.0,-0.8660254037844384,-0.5000000000000004,-0.8064799463209447,-0.5912614448635782,3181.0,0.0,0.0,4230.142857142857,4751.0,2129.640848325638,4837.266666666666,5068.0,3003.647241941535,18050.0,0,1,1,0,0,0,0,0,1,0
1069,0,2013-08-26,0.7818314824680298,0.6234898018587336,-0.8660254037844384,-0.5000000000000004,-0.8165380514459157,-0.5772916165517278,0.0,4847.0,9683.0,4934.0,4751.0,3002.7253176628283,5082.6,5297.0,3097.9885977395315,18050.0,1,1,1,0,0,0,0,0,1,9774
1069,0,2013-08-27,0.9749279121818236,-0.22252093395631434,-0.8660254037844384,-0.5000000000000004,-0.8263541987239095,-0.5631507242749187,9774.0,5445.0,7876.0,5286.428571428572,4751.0,3210.2979538324716,5346.333333333333,5375.0,2985.1037680032405,18050.0,1,1,1,0,0,0,0,0,1,7912
1069,0,2013-08-28,0.43388373911755823,-0.900968867902419,-0.8660254037844384,-0.5000000000000004,-0.8359254794186365,-0.5488429582847199,7912.0,6644.0,9189.0,5574.857142857143,4751.0,3435.4032964884645,5349.466666666666,5375.0,2988.6503323733646,18050.0,1,1,1,0,0,0,0,0,1,8663
1069,0,2013-08-29,-0.433883739117558,-0.9009688679024191,-0.8660254037844384,-0.5000000000000004,-0.8452490573530634,-0.5343725582809785,8663.0,4751.0,5883.0,5733.857142857143,5864.0,3416.6228661536243,5271.1,5375.0,2941.3702923215465,18050.0,1,1,1,0,0,0,0,0,1,5864
1069,0,2013-08-30,-0.9749279121818236,-0.2225209339563146,-0.8660254037844384,-0.5000000000000004,-0.8543221697498269,-0.5197438121555157,5864.0,4743.0,5529.0,6036.714285714285,6863.0,3408.102586204711,5134.066666666667,5375.0,2756.4710689617264,18050.0,1,1,1,0,0,0,0,0,1,6863
1069,0,2013-08-31,-0.7818314824680299,0.6234898018587334,-0.8660254037844384,-0.5000000000000004,-0.8631421280499115,-0.5049610547215202,6863.0,3181.0,2923.0,6197.428571428572,6863.0,3274.9158695119104,5063.8,5297.0,2749.5779789031217,18050.0,0,1,1,0,0,0,0,0,1,4306
1069,0,2013-09-01,-2.4492935982947064e-16,1.0,-1.0,-1.8369701987210297e-16,-0.8717063187093218,-0.4900286664290594,4306.0,0.0,0.0,6197.428571428572,6863.0,3274.9158695119104,4887.5,5076.0,2900.0838127008774,18050.0,0,1,1,0,0,0,0,0,1,0
1069,0,2013-09-02,0.7818314824680298,0.6234898018587336,-1.0,-1.8369701987210297e-16,-0.8800122039735356,-0.4749510720670502,0.0,9774.0,4847.0,5620.714285714285,5864.0,2870.6090941520706,4973.966666666666,5375.0,2884.9082514943584,18050.0,0,1,1,0,0,0,0,0,1,5737
1069,0,2013-09-03,0.9749279121818236,-0.22252093395631434,-1.0,-1.8369701987210297e-16,-0.888057322629493,-0.4597327394521046,5737.0,7912.0,5445.0,5182.857142857143,5737.0,2691.003247153462,5135.533333333334,5375.0,2728.210449630174,18050.0,0,1,1,0,0,0,0,0,1,4847
1069,0,2013-09-04,0.43388373911755823,-0.900968867902419,-1.0,-1.8369701987210297e-16,-0.8958392907349089,-0.44437817810461344,4847.0,8663.0,6644.0,4803.0,5737.0,2273.0974462173854,5149.266666666666,5375.0,2731.622290916132,18050.0,0,1,1,0,0,0,0,0,1,6004
1069,0,2013-09-05,-0.433883739117558,-0.9009688679024191,-1.0,-1.8369701987210297e-16,-0.9033558023246842,-0.4288919379124841,6004.0,5864.0,4751.0,4606.285714285715,4847.0,2225.050240203256,5149.933333333333,5375.0,2731.452473701852,18050.0,0,1,1,0,0,0,0,0,1,4487
1069,0,2013-09-06,-0.9749279121818236,-0.2225209339563146,-1.0,-1.8369701987210297e-16,-0.9106046300942162,-0.41327860778290443,4487.0,6863.0,4743.0,4273.428571428572,4533.0,1993.4118872879608,5090.0,5076.0,2724.3605640147252,18050.0,0,1,1,0,0,0,0,0,1,4533
1069,0,2013-09-07,-0.7818314824680299,0.6234898018587334,-1.0,-1.8369701987210297e-16,-0.9175836260593934,-0.3975428142825566,4533.0,4306.0,3181.0,4089.5714285714284,4533.0,2048.497486544943,5013.8,4847.0,2749.9886946476095,18050.0,0,1,1,0,0,0,0,0,1,3019
1069,0,2013-09-08,-2.4492935982947064e-16,1.0,-1.0,-1.8369701987210297e-16,-0.9242907221930934,-0.3816892202666586,3019.0,0.0,0.0,4089.5714285714284,4533.0,2048.497486544943,4853.266666666666,4847.0,2898.493270094242,18050.0,0,1,1,0,0,0,0,0,1,0
1069,0,2013-09-09,0.7818314824680298,0.6234898018587336,-1.0,-1.8369701987210297e-16,-0.9307239310379793,-0.3657225234972692,0.0,5737.0,9774.0,4553.0,4533.0,2735.164285132918,5056.133333333333,5146.0,2968.834448333084,18050.0,1,1,1,0,0,0,0,0,1,8981
1069,0,2013-09-10,0.9749279121818236,-0.22252093395631434,-1.0,-1.8369701987210297e-16,-0.9368813462954315,-0.34964745525122826,8981.0,4847.0,7912.0,4988.285714285715,4533.0,3017.6224479041834,5319.266666666666,5487.0,2852.809805876614,18050.0,1,1,1,0,0,0,0,0,1,7894
1069,0,2013-09-11,0.43388373911755823,-0.900968867902419,-1.0,-1.8369701987210297e-16,-0.9427611433904206,-0.33346877891818705,7894.0,6004.0,8663.0,5344.714285714285,4533.0,3292.4261932646627,5279.8,5487.0,2798.02268113358,18050.0,1,1,1,0,0,0,0,0,1,8499
1069,0,2013-09-12,-0.433883739117558,-0.9009688679024191,-1.0,-1.8369701987210297e-16,-0.9483615800121716,-0.31719128858910595,8499.0,4487.0,5864.0,5736.571428571428,7230.0,3336.2700159081273,5258.266666666666,5487.0,2779.779896190413,18050.0,1,1,1,0,0,0,0,0,1,7230
1069,0,2013-09-13,-0.9749279121818236,-0.2225209339563146,-1.0,-1.8369701987210297e-16,-0.9536809966304455,-0.300819807635668,7230.0,4533.0,6863.0,5853.714285714285,7230.0,3301.178361044518,5130.4,5399.0,2679.1398851381286,18050.0,1,1,1,0,0,0,0,0,1,5353
1069,0,2013-09-14,-0.7818314824680299,0.6234898018587334,-1.0,-1.8369701987210297e-16,-0.9587178169872964,-0.2843591872810036,5353.0,3019.0,4306.0,5843.857142857143,7230.0,3311.141365580326,5032.633333333333,5100.0,2704.1278341968546,18050.0,0,1,1,0,0,0,0,0,1,2950
1069,0,2013-09-15,-2.4492935982947064e-16,1.0,-1.0,-1.8369701987210297e-16,-0.9634705485641486,-0.26781430516217486,2950.0,0.0,0.0,5843.857142857143,7230.0,3311.141365580326,4848.333333333333,4847.0,2853.424661498982,18050.0,0,1,1,0,0,0,0,0,1,0
1069,0,2013-09-16,0.7818314824680298,0.6234898018587336,-1.0,-1.8369701987210297e-16,-0.9679377830240642,-0.25119006388481957,0.0,8981.0,5737.0,5309.571428571428,5353.0,3008.473746887994,4925.6,5044.0,2830.78587358157,18050.0,0,1,1,0,0,0,0,0,1,5241
1069,0,2013-09-17,0.9749279121818236,-0.22252093395631434,-1.0,-1.8369701987210297e-16,-0.9721181966290612,-0.23449138957041052,5241.0,7894.0,4847.0,4880.0,5241.0,2784.2730948430085,5088.5,5064.0,2673.82570744488,18050.0,0,1,1,0,0,0,0,0,1,4887
1069,0,2013-09-18,0.43388373911755823,-0.900968867902419,-1.0,-1.8369701987210297e-16,-0.9760105506323682,-0.21772323039653224,4887.0,8499.0,6004.0,4520.428571428572,5241.0,2370.838871028765,5126.333333333333,5297.0,2678.316845788936,18050.0,0,1,1,0,0,0,0,0,1,5982
1069,0,2013-09-19,-0.433883739117558,-0.9009688679024191,-1.0,-1.8369701987210297e-16,-0.9796136916454901,-0.20089055513063528,5982.0,7230.0,4487.0,4132.428571428572,4887.0,2054.6580297089868,5095.3,5064.0,2679.8904011300497,18050.0,0,1,1,0,0,0,0,0,1,4514
1069,0,2013-09-20,-0.9749279121818236,-0.2225209339563146,-1.0,-1.8369701987210297e-16,-0.9829265519799822,-0.18399835165767986,4514.0,5353.0,4533.0,3991.1428571428573,4514.0,1989.7159285160462,5019.3,4867.0,2666.7532390401334,18050.0,0,1,1,0,0,0,0,0,1,4364
1069,0,2013-09-21,-0.7818314824680299,0.6234898018587334,-1.0,-1.8369701987210297e-16,-0.9859481499638303,-0.1670516255021195,4364.0,2950.0,3019.0,4001.714285714286,4514.0,1983.449076254602,4961.733333333334,4867.0,2691.272176209012,18050.0,0,1,1,0,0,0,0,0,1,3024
1069,0,2013-09-22,-2.4492935982947064e-16,1.0,-1.0,-1.8369701987210297e-16,-0.9886775902323404,-0.15005539834465262,3024.0,0.0,0.0,4001.714285714286,4514.0,1983.449076254602,4803.633333333333,4867.0,2839.782149042949,18050.0,0,1,1,0,0,0,0,0,1,0
1069,0,2013-09-23,0.7818314824680298,0.6234898018587336,-1.0,-1.8369701987210297e-16,-0.9911140639934546,-0.13301470653419636,0.0,5241.0,8981.0,4580.142857142857,4514.0,2819.352787938597,5007.266666666666,5064.0,2936.7884632981195,18050.0,1,1,1,0,0,0,0,0,1,9290
1069,0,2013-09-24,0.9749279121818236,-0.22252093395631434,-1.0,-1.8369701987210297e-16,-0.9932568492674143,-0.11593459959550066,9290.0,4887.0,7894.0,5015.571428571428,4514.0,3096.4016673736437,5271.766666666666,5297.0,2825.482341286096,18050.0,1,1,1,0,0,0,0,0,1,7935
1069,0,2013-09-25,0.43388373911755823,-0.900968867902419,-1.0,-1.8369701987210297e-16,-0.9951053111006974,-0.09882013873287211,7935.0,5982.0,8499.0,5438.571428571428,4514.0,3434.2497413138553,5244.066666666667,5297.0,2783.584849810038,18050.0,1,1,1,0,0,0,0,0,1,8943
1069,0,2013-09-26,-0.433883739117558,-0.9009688679024191,-1.0,-1.8369701987210297e-16,-0.99665890175417,-0.08167639533042288,8943.0,4514.0,7230.0,5636.857142857143,5902.0,3411.9676839311464,5177.066666666667,5297.0,2741.018762699606,18050.0,1,1,1,0,0,0,0,0,1,5902
1069,0,2013-09-27,-0.9749279121818236,-0.2225209339563146,-1.0,-1.8369701987210297e-16,-0.9979171608653922,-0.06450844944931625,5902.0,4364.0,5353.0,5942.0,6500.0,3374.468007454409,5104.966666666666,5297.0,2673.7859053813763,18050.0,1,1,1,0,0,0,0,0,1,6500
1069,0,2013-09-28,-0.7818314824680299,0.6234898018587334,-1.0,-1.8369701987210297e-16,-0.9988797155850335,-0.04732138832243232,6500.0,3024.0,2950.0,6040.142857142857,6500.0,3284.2406239784677,5033.2,5064.0,2681.5930597186157,18050.0,0,1,1,0,0,0,0,0,1,3711
1069,0,2013-09-29,-2.4492935982947064e-16,1.0,-1.0,-1.8369701987210297e-16,-0.9995462806873573,-0.03012030484690836,3711.0,0.0,0.0,6040.142857142857,6500.0,3284.2406239784677,4804.433333333333,4867.0,2809.7871275772577,18050.0,0,1,1,0,0,0,0,0,1,0
1069,0,2013-09-30,0.7818314824680298,0.6234898018587336,-1.0,-1.8369701987210297e-16,-0.9999166586547379,-0.012910296075008843,0.0,9290.0,5241.0,5888.285714285715,6500.0,3129.876659672375,4935.133333333333,5064.0,2876.2119452542083,18050.0,0,1,1,0,0,0,0,0,1,8227
1069,0,2013-10-01,0.9749279121818236,-0.22252093395631434,-0.8660254037844386,0.5000000000000001,-0.9999907397361901,0.004303538296243821,8227.0,7935.0,4887.0,5448.142857142857,5902.0,3008.3604299003923,5096.933333333333,5064.0,2721.377211346636,18050.0,0,1,1,0,0,0,0,0,1,4854
1069,0,2013-10-02,0.43388373911755823,-0.900968867902419,-0.8660254037844386,0.5000000000000001,-0.9997685019798909,0.021516097436222233,4854.0,8943.0,5982.0,4988.142857142857,5723.0,2603.8981949231047,5096.466666666666,5064.0,2721.264864795015,18050.0,0,1,1,0,0,0,0,0,1,5723
1069,0,2013-10-03,-0.433883739117558,-0.9009688679024191,-0.8660254037844386,0.5000000000000001,-0.9992500112396835,0.03872228089217399,5723.0,5902.0,4514.0,4145.0,4854.0,3155.733406568642,4934.9,5064.0,2876.0714147528797,18050.0,0,1,1,0,0,0,0,0,1,0
1069,0,2013-10-04,-0.9749279121818236,-0.2225209339563146,-0.8660254037844386,0.5000000000000001,-0.9984354211555643,0.05591699010060302,0.0,6500.0,4364.0,3942.5714285714284,4854.0,3022.110126889424,4904.2,4985.0,2869.1732607146623,18050.0,0,1,1,0,0,0,0,0,1,5083
1069,0,2013-10-05,-0.7818314824680299,0.6234898018587334,-0.8660254037844386,0.5000000000000001,-0.9973249731081555,0.07309512989807776,5083.0,3711.0,3024.0,4061.5714285714284,4854.0,3027.8667329294635,4906.1,4985.0,2868.906319909,18050.0,0,1,1,0,0,0,0,0,1,4544
1069,0,2013-10-06,-2.4492935982947064e-16,1.0,-0.8660254037844386,0.5000000000000001,-0.9959189961471792,0.0902516100310407,4544.0,0.0,0.0,4061.5714285714284,4854.0,3027.8667329294635,4755.0,4985.0,3005.3616341006523,18050.0,0,1,1,0,0,0,0,0,1,0
1069,0,2013-10-07,0.7818314824680298,0.6234898018587336,-0.8660254037844386,0.5000000000000001,-0.994217906893952,0.10738134666416306,0.0,8227.0,9290.0,4205.0,4854.0,3272.0038712283526,4962.066666666667,5162.0,3094.3125795933893,18050.0,1,1,1,0,0,0,0,0,1,9231
1069,0,2013-10-08,0.9749279121818236,-0.22252093395631434,-0.8660254037844386,0.5000000000000001,-0.9922222094179324,0.12447926388678869,9231.0,4854.0,7935.0,4712.285714285715,5083.0,3643.5670120677846,5242.233333333334,5297.0,3008.8674886687572,18050.0,1,1,1,0,0,0,0,0,1,8405
1069,0,2013-10-09,0.43388373911755823,-0.900968867902419,-0.8660254037844386,0.5000000000000001,-0.989932495087353,0.141540295217043,8405.0,5723.0,8943.0,5210.571428571428,5083.0,4023.5214616528324,5249.9,5297.0,3018.99842206216,18050.0,1,1,1,0,0,0,0,0,1,9211
1069,0,2013-10-10,-0.433883739117558,-0.9009688679024191,-0.8660254037844386,0.5000000000000001,-0.9873494423939864,0.15855938510313475,9211.0,0.0,5902.0,5979.571428571428,5383.0,3313.4196764643243,5166.2,5297.0,2977.6898752394386,18050.0,1,1,1,0,0,0,0,0,1,5383
1069,0,2013-10-11,-0.9749279121818236,-0.2225209339563146,-0.8660254037844386,0.5000000000000001,-0.9844738167520923,0.17553149042142777,5383.0,5083.0,6500.0,6072.142857142857,5731.0,3293.1864219208433,5073.933333333333,5297.0,2913.0415546041545,18050.0,1,1,1,0,0,0,0,0,1,5731
1069,0,2013-10-12,-0.7818314824680299,0.6234898018587334,-0.8660254037844386,0.5000000000000001,-0.9813064702716093,0.19245158197082995,5731.0,4544.0,3711.0,5917.857142857143,5731.0,3400.270108318427,4948.4,5162.0,2898.031586415524,18050.0,0,1,1,0,0,0,0,0,1,3464
1069,0,2013-10-13,-2.4492935982947064e-16,1.0,-0.8660254037844386,0.5000000000000001,-0.9778483415056568,0.20931464596304888,3464.0,0.0,0.0,5917.857142857143,5731.0,3400.270108318427,4769.966666666666,4985.0,3033.8710504196974,18050.0,0,1,1,0,0,0,0,0,1,0
1069,0,2013-10-14,0.7818314824680298,0.6234898018587336,-0.8660254037844386,0.5000000000000001,-0.9741004551724206,0.22611568550828803,0.0,9231.0,8227.0,5531.0,5731.0,3101.4161818971234,4889.066666666667,5162.0,3030.0912463025843,18050.0,0,1,1,0,0,0,0,0,1,6523
1069,0,2013-10-15,0.9749279121818236,-0.22252093395631434,-0.8660254037844386,0.5000000000000001,-0.970063921851507,0.2428497220959358,6523.0,8405.0,4854.0,5108.0,5444.0,2834.545348611189,5070.533333333334,5312.0,2886.826257965341,18050.0,0,1,1,0,0,0,0,0,1,5444
1069,0,2013-10-16,0.43388373911755823,-0.900968867902419,-0.8660254037844386,0.5000000000000001,-0.965739937654855,0.25951179706979943,5444.0,9211.0,5723.0,4833.428571428572,5444.0,2435.9224712035234,5138.8,5413.5,2915.0733994426187,18050.0,0,1,1,0,0,0,0,0,1,7289
1069,0,2013-10-17,-0.433883739117558,-0.9009688679024191,-0.8660254037844386,0.5000000000000001,-0.9611297838723007,0.27609697309746883,7289.0,5383.0,0.0,4758.142857142857,5444.0,2424.222035249756,5137.766666666666,5413.5,2915.171227990864,18050.0,0,1,1,0,0,0,0,0,1,4856
1069,0,2013-10-18,-0.9749279121818236,-0.2225209339563146,-0.8660254037844386,0.5000000000000001,-0.9562348265919058,0.2926003356333479,4856.0,5731.0,5083.0,4605.142857142857,4856.0,2386.085806543945,5093.7,5233.0,2911.9595860922414,18050.0,0,1,1,0,0,0,0,0,1,4660
1069,0,2013-10-19,-0.7818314824680299,0.6234898018587334,-0.8660254037844386,0.5000000000000001,-0.9510565162951536,0.30901699437494723,4660.0,3464.0,4544.0,4579.571428571428,4856.0,2401.264448656363,5052.733333333334,5233.0,2928.991505071604,18050.0,0,1,1,0,0,0,0,0,1,3285
1069,0,2013-10-20,-2.4492935982947064e-16,1.0,-0.8660254037844386,0.5000000000000001,-0.9455963874271428,0.3253420847119795,3285.0,0.0,0.0,4579.571428571428,4856.0,2401.264448656363,4907.266666666666,5233.0,3069.379864732125,18050.0,0,1,1,0,0,0,0,0,1,0
1069,0,2013-10-21,0.7818314824680298,0.6234898018587336,-0.8660254037844386,0.5000000000000001,-0.9398560579418953,0.341570769167856,0.0,6523.0,9231.0,4991.571428571428,4856.0,2970.279720674067,5120.033333333334,5413.5,3154.3866935814467,18050.0,1,1,1,0,0,0,0,0,1,9407
1069,0,2013-10-22,0.9749279121818236,-0.22252093395631434,-0.8660254037844386,0.5000000000000001,-0.9338372288229252,0.35769823883312546,9407.0,5444.0,8405.0,5213.285714285715,4856.0,3066.059127190565,5353.233333333334,5583.5,3018.4921410775855,18050.0,1,1,1,0,0,0,0,0,1,6996
1069,0,2013-10-23,0.43388373911755823,-0.900968867902419,-0.8660254037844386,0.5000000000000001,-0.9275416835791965,0.3737197147904692,6996.0,7289.0,9211.0,5362.428571428572,4856.0,3206.0524458770606,5321.333333333333,5583.5,2980.2678580535585,18050.0,1,1,1,0,0,0,0,0,1,8333
1069,0,2013-10-24,-0.433883739117558,-0.9009688679024191,-0.8660254037844386,0.5000000000000001,-0.9209712877166346,0.38963044953078774,8333.0,4856.0,5383.0,5549.0,6162.0,3209.66810329874,5262.233333333334,5583.5,2944.0095891351234,18050.0,1,1,1,0,0,0,0,0,1,6162
1069,0,2013-10-25,-0.9749279121818236,-0.2225209339563146,-0.8660254037844386,0.5000000000000001,-0.9141279881853337,0.4054257283599973,6162.0,4660.0,5731.0,5701.285714285715,6162.0,3185.657635626994,5155.0,5583.5,2862.7852846846395,18050.0,1,1,1,0,0,0,0,0,1,5726
1069,0,2013-10-26,-0.7818314824680299,0.6234898018587334,-0.8660254037844386,0.5000000000000001,-0.9070138128026362,0.42110087079608916,5726.0,3285.0,3464.0,5667.428571428572,6162.0,3216.725864246794,5059.866666666667,5413.5,2884.444472102677,18050.0,0,1,1,0,0,0,0,0,1,3048
1069,0,2013-10-27,-2.4492935982947064e-16,1.0,-0.8660254037844386,0.5000000000000001,-0.8996308696522434,0.4366512319560638,3048.0,0.0,0.0,5667.428571428572,6162.0,3216.725864246794,4843.2,5233.0,3013.7644623431947,18050.0,0,1,1,0,0,0,0,0,1,0
1069,0,2013-10-28,0.7818314824680298,0.6234898018587336,-0.8660254037844386,0.5000000000000001,-0.8919813464595487,0.45207220393230374,0.0,9407.0,6523.0,5036.0,5726.0,2761.9928192037955,4885.733333333334,5233.0,3006.229393744945,18050.0,0,1,1,0,0,0,0,0,1,4987
1069,0,2013-10-29,0.9749279121818236,-0.22252093395631434,-0.8660254037844386,0.5000000000000001,-0.8840675099433637,0.46735921715800205,4987.0,6996.0,5444.0,4868.714285714285,5726.0,2656.961153541498,5079.9,5413.5,2864.562617513394,18050.0,0,1,1,0,0,0,0,0,1,5825
1069,0,2013-10-30,0.43388373911755823,-0.900968867902419,-0.8660254037844386,0.5000000000000001,-0.8758917051442433,0.48250774176121763,5825.0,8333.0,7289.0,4850.714285714285,5726.0,2629.868926663184,5079.233333333334,5413.5,2863.807167985008,18050.0,0,1,1,0,0,0,0,0,1,8207
1069,0,2013-10-31,-0.433883739117558,-0.9009688679024191,-0.8660254037844386,0.5000000000000001,-0.867456354729597,0.4975132889071803,8207.0,6162.0,4856.0,3970.4285714285716,4987.0,3105.9862017907094,4917.433333333333,5413.5,3010.343418183764,18050.0,0,1,1,0,0,0,0,0,1,0
1069,0,2013-11-01,-0.9749279121818236,-0.2225209339563146,-0.5000000000000004,0.8660254037844384,-0.858763958275803,0.5123714121284235,0.0,5726.0,4660.0,4173.714285714285,4987.0,3281.6386005716563,4964.966666666666,5413.5,3034.6619817828428,18050.0,0,1,1,0,0,0,0,0,1,7149
1069,0,2013-11-02,-0.7818314824680299,0.6234898018587334,-0.5000000000000004,0.8660254037844384,-0.8498170915275277,0.5270777086423724,7149.0,3048.0,3285.0,4206.142857142857,4987.0,3269.760563536287,5074.133333333333,5413.5,2906.0792372771507,18050.0,0,1,1,0,0,0,0,0,1,3275
1069,0,2013-11-03,-2.4492935982947064e-16,1.0,-0.5000000000000004,0.8660254037844384,-0.8406184056344783,0.5416278206559811,3275.0,0.0,0.0,4206.142857142857,4987.0,3269.760563536287,4904.7,5413.5,3050.1504784812373,18050.0,0,1,1,0,0,0,0,0,1,0
1069,0,2013-11-04,0.7818314824680298,0.6234898018587336,-0.5000000000000004,0.8660254037844384,-0.8311706263658079,0.5560174366570446,0.0,4987.0,9407.0,4943.0,5825.0,3979.270913119638,5091.4,5585.0,3195.276973586335,18050.0,1,1,1,0,0,0,0,0,1,10145
1069,0,2013-11-05,0.9749279121818236,-0.22252093395631434,-0.5000000000000004,0.8660254037844384,-0.8214765533024145,0.5702422926917867,10145.0,5825.0,6996.0,5214.0,7149.0,4111.7395345522555,5348.8,5728.5,3079.9356957013233,18050.0,1,1,1,0,0,0,0,0,1,7722
1069,0,2013-11-06,0.43388373911755823,-0.900968867902419,-0.5000000000000004,0.8660254037844384,-0.8115390590073611,0.5842981736283683,7722.0,8207.0,8333.0,5301.571428571428,7149.0,4191.855550037591,5335.1,5728.5,3062.9388338652834,18050.0,1,1,1,0,0,0,0,0,1,8820
1069,0,2013-11-07,-0.433883739117558,-0.9009688679024191,-0.5000000000000004,0.8660254037844384,-0.8013610881746769,0.5981809144059159,8820.0,0.0,6162.0,6173.571428571428,7149.0,3479.570416835142,5258.4,5728.5,3011.796744069265,18050.0,1,1,1,0,0,0,0,0,1,6104
1069,0,2013-11-08,-0.9749279121818236,-0.2225209339563146,-0.5000000000000004,0.8660254037844384,-0.7909456567567774,0.6118864012687242,6104.0,7149.0,5726.0,6033.571428571428,6169.0,3453.3998155027293,5157.0,5728.5,2924.0639881672505,18050.0,1,1,1,0,0,0,0,0,1,6169
1069,0,2013-11-09,-0.7818314824680299,0.6234898018587334,-0.5000000000000004,0.8660254037844384,-0.780295851070776,0.6254105729852457,6169.0,3275.0,3048.0,6041.0,6169.0,3446.5259803653494,5088.466666666666,5728.5,2942.619496103869,18050.0,0,1,1,0,0,0,0,0,1,3327
1069,0,2013-11-10,-2.4492935982947064e-16,1.0,-0.5000000000000004,0.8660254037844384,-0.7694148268839381,0.6387494220515268,3327.0,0.0,0.0,6041.0,6169.0,3446.5259803653494,4897.433333333333,5585.0,3082.185226631322,18050.0,0,1,1,0,0,0,0,0,1,0
1069,0,2013-11-11,0.7818314824680298,0.6234898018587336,-0.5000000000000004,0.8660254037844384,-0.7583058084785625,0.6518989958787125,0.0,10145.0,4987.0,5351.285714285715,6104.0,2933.2197164143545,4959.2,5585.0,3071.0155503261194,18050.0,0,1,1,0,0,0,0,0,1,5317
1069,0,2013-11-12,0.9749279121818236,-0.22252093395631434,-0.5000000000000004,0.8660254037844384,-0.7469720876965551,0.6648553979642867,5317.0,7722.0,5825.0,5040.714285714285,5548.0,2749.7240900549587,5144.133333333333,5637.0,2925.6886573147603,18050.0,0,1,1,0,0,0,0,0,1,5548
1069,0,2013-11-13,0.43388373911755823,-0.900968867902419,-0.5000000000000004,0.8660254037844384,-0.7354170229639858,0.6776147890466887,5548.0,8820.0,8207.0,4662.285714285715,5548.0,2286.1169198946436,5132.4,5637.0,2920.669627989801,18050.0,0,1,1,0,0,0,0,0,1,6171
1069,0,2013-11-14,-0.433883739117558,-0.9009688679024191,-0.5000000000000004,0.8660254037844384,-0.7236440382959123,0.690173388242972,6171.0,6104.0,0.0,4497.0,5317.0,2204.891153776077,5115.833333333333,5637.0,2920.250734196419,18050.0,0,1,1,0,0,0,0,0,1,4947
1069,0,2013-11-15,-0.9749279121818236,-0.2225209339563146,-0.5000000000000004,0.8660254037844384,-0.7116566222817751,0.7025274741691566,4947.0,6169.0,7149.0,4259.0,4947.0,2080.753629497415,5022.966666666666,5432.5,2892.9298534153263,18050.0,0,1,1,0,0,0,0,0,1,4503
1069,0,2013-11-16,-0.7818314824680299,0.6234898018587334,-0.5000000000000004,0.8660254037844384,-0.6994583270516471,0.7146733860429608,4503.0,3327.0,3275.0,4278.142857142857,4947.0,2071.345330018748,4976.466666666666,5432.5,2906.883895447014,18050.0,0,1,1,0,0,0,0,0,1,3461
1069,0,2013-11-17,-2.4492935982947064e-16,1.0,-0.5000000000000004,0.8660254037844384,-0.6870527672236675,0.726607524768565,3461.0,0.0,0.0,4278.142857142857,4947.0,2071.345330018748,4821.133333333333,5432.5,3045.5759970854433,18050.0,0,1,1,0,0,0,0,0,1,0
1069,0,2013-11-18,0.7818314824680298,0.6234898018587336,-0.5000000000000004,0.8660254037844384,-0.6744436188329457,0.7383263540031063,0.0,5317.0,10145.0,4909.0,4947.0,2933.5191039659744,5036.066666666667,5637.0,3158.8479996760657,18050.0,1,1,1,0,0,0,0,0,1,9733
1069,0,2013-11-19,0.9749279121818236,-0.22252093395631434,-0.5000000000000004,0.8660254037844384,-0.661634618242279,0.749826401204568,9733.0,5548.0,7722.0,5319.714285714285,4947.0,3224.703537499518,5316.833333333333,5775.5,3068.8409143308945,18050.0,1,1,1,0,0,0,0,0,1,8423
1069,0,2013-11-20,0.43388373911755823,-0.900968867902419,-0.5000000000000004,0.8660254037844384,-0.6486295610349818,0.7611042586607742,8423.0,6171.0,8820.0,5687.285714285715,4947.0,3474.851589842158,5294.733333333334,5775.5,3040.627815541339,18050.0,1,1,1,0,0,0,0,0,1,8744
1069,0,2013-11-21,-0.433883739117558,-0.9009688679024191,-0.5000000000000004,0.8660254037844384,-0.6354323008901775,0.7721565844991641,8744.0,4947.0,6104.0,5990.714285714285,7071.0,3492.1273704475,5297.233333333334,5775.5,3042.1053018947437,18050.0,1,1,1,0,0,0,0,0,1,7071
1069,0,2013-11-22,-0.9749279121818236,-0.2225209339563146,-0.5000000000000004,0.8660254037844384,-0.622046748440868,0.7829801036770625,7071.0,4503.0,6169.0,6173.285714285715,7071.0,3434.3141340635357,5212.166666666667,5753.5,2989.514988725781,18050.0,1,1,1,0,0,0,0,0,1,5781
1069,0,2013-11-23,-0.7818314824680299,0.6234898018587334,-0.5000000000000004,0.8660254037844384,-0.6084768701151264,0.7935716089521472,5781.0,3461.0,3327.0,6102.857142857143,7071.0,3503.5630163483306,5105.7,5637.0,3011.3168290347,18050.0,0,1,1,0,0,0,0,0,1,2968
1069,0,2013-11-24,-2.4492935982947064e-16,1.0,-0.5000000000000004,0.8660254037844384,-0.594726686960764,0.8039279618328208,2968.0,0.0,0.0,6102.857142857143,7071.0,3503.5630163483306,4914.833333333333,5432.5,3148.9644721918417,18050.0,0,1,1,0,0,0,0,0,1,0
1069,0,2013-11-25,0.7818314824680298,0.6234898018587336,-0.5000000000000004,0.8660254037844384,-0.5808002734538014,0.8140460935082175,0.0,9733.0,5317.0,5733.142857142857,7071.0,3178.0766420678315,5051.4,5664.5,3154.0472259381736,18050.0,0,1,1,0,0,0,0,0,1,7145
1069,0,2013-11-26,0.9749279121818236,-0.22252093395631434,-0.5000000000000004,0.8660254037844384,-0.5667017562911184,0.8239230057575536,7145.0,8423.0,5548.0,5475.285714285715,6618.0,2991.188042360745,5272.0,5803.0,3017.021058754071,18050.0,0,1,1,0,0,0,0,0,1,6618
1069,0,2013-11-27,0.43388373911755823,-0.900968867902419,-0.5000000000000004,0.8660254037844384,-0.5524353131676203,0.8335557718385695,6618.0,8744.0,6171.0,5241.285714285715,6618.0,2746.958300513844,5342.633333333333,5964.5,3034.870473670012,18050.0,0,1,1,0,0,0,0,0,1,7106
1069,0,2013-11-28,-0.433883739117558,-0.9009688679024191,-0.5000000000000004,0.8660254037844384,-0.5380051715382992,0.8429415373547832,7106.0,7071.0,4947.0,5054.857142857143,5781.0,2644.455232404299,5340.666666666667,5942.5,3034.566211496141,18050.0,0,1,1,0,0,0,0,0,1,5766
1069,0,2013-11-29,-0.9749279121818236,-0.2225209339563146,-0.5000000000000004,0.8660254037844384,-0.5234156073655503,0.8520775211013093,5766.0,5781.0,4503.0,5400.142857142857,6618.0,2900.470331318206,5340.366666666667,5942.5,3034.2735025876896,18050.0,0,1,1,0,0,0,0,0,1,8198
1069,0,2013-11-30,-0.7818314824680299,0.6234898018587334,-0.5000000000000004,0.8660254037844384,-0.5086709438521042,0.8609610158889945,8198.0,2968.0,3461.0,5523.142857142857,6618.0,2796.5346668434386,5468.0,5942.5,2878.4194657293574,18050.0,0,1,1,0,0,0,0,0,1,3829
1069,0,2013-12-01,-2.4492935982947064e-16,1.0,-2.4492935982947064e-16,1.0,-0.4937755501599774,0.8695893893466109,3829.0,0.0,0.0,5523.142857142857,6618.0,2796.5346668434386,5229.7,5773.5,3026.568082031599,18050.0,0,1,1,0,0,0,0,0,1,0
1069,0,2013-12-02,0.7818314824680298,0.6234898018587336,-2.4492935982947064e-16,1.0,-0.4787338401157883,0.8779600847008883,0.0,7145.0,9733.0,6268.142857142857,6618.0,3811.182162556715,5532.533333333334,5942.5,3269.0418371953206,18050.0,1,1,1,0,0,0,0,0,1,12360
1069,0,2013-12-03,0.9749279121818236,-0.22252093395631434,-2.4492935982947064e-16,1.0,-0.4635502709028512,0.8860706215341377,12360.0,6618.0,8423.0,6828.142857142857,7106.0,4144.5694761768855,5883.8,6136.5,3219.8550235086404,18050.0,1,1,1,0,0,0,0,0,1,10538
1069,0,2013-12-04,0.43388373911755823,-0.900968867902419,-2.4492935982947064e-16,1.0,-0.4482293417404106,0.893918596519257,10538.0,7106.0,8744.0,7307.857142857143,8198.0,4370.2804802655955,5894.433333333333,6136.5,3234.9041416628033,18050.0,1,1,1,0,0,0,0,0,1,10464
1069,0,2013-12-05,-0.433883739117558,-0.9009688679024191,-2.4492935982947064e-16,1.0,-0.4327755925504317,0.9015016841318838,10464.0,5766.0,7071.0,7764.428571428572,8962.0,4349.248435348452,5935.766666666666,6136.5,3266.825155843301,18050.0,1,1,1,0,0,0,0,0,1,8962
1069,0,2013-12-06,-0.9749279121818236,-0.2225209339563146,-2.4492935982947064e-16,1.0,-0.41719360261231697,0.9088176373395028,8962.0,8198.0,5781.0,7373.428571428572,8962.0,4426.123279543204,5823.8,5942.5,3221.8154916240933,18050.0,1,1,1,0,0,0,0,0,1,5461
1069,0,2013-12-07,-0.7818314824680299,0.6234898018587334,-2.4492935982947064e-16,1.0,-0.4014879892059737,0.9158642882672868,5461.0,3829.0,2968.0,7391.714285714285,8962.0,4409.271924565541,5752.233333333334,5773.5,3239.1757857924904,18050.0,0,1,1,0,0,0,0,0,1,3957
1069,0,2013-12-08,-2.4492935982947064e-16,1.0,-2.4492935982947064e-16,1.0,-0.38566340624360745,0.9226395488404875,3957.0,0.0,0.0,7391.714285714285,8962.0,4409.271924565541,5546.6,5657.0,3403.4540021612765,18050.0,0,1,1,0,0,0,0,0,1,0
1069,0,2013-12-09,0.7818314824680298,0.6234898018587336,-2.4492935982947064e-16,1.0,-0.3697245428906732,0.9291414114031743,0.0,12360.0,7145.0,6452.142857142857,5783.0,3837.85119689701,5628.466666666666,5773.5,3377.6632989271693,18050.0,0,1,1,0,0,0,0,0,1,5783
1069,0,2013-12-10,0.9749279121818236,-0.22252093395631434,-2.4492935982947064e-16,1.0,-0.3536761221763721,0.935367949313148,5783.0,10538.0,6618.0,6020.142857142857,5783.0,3452.090063935733,5878.933333333333,5782.0,3220.854801225095,18050.0,0,1,1,0,0,0,0,0,1,7514
1069,0,2013-12-11,0.43388373911755823,-0.900968867902419,-2.4492935982947064e-16,1.0,-0.33752289959411347,0.941317317512847,7514.0,10464.0,7106.0,5692.714285714285,5783.0,3045.0427317355075,5974.1,5977.0,3245.7608889559156,18050.0,0,1,1,0,0,0,0,0,1,8172
1069,0,2013-12-12,-0.433883739117558,-0.9009688679024191,-2.4492935982947064e-16,1.0,-0.32126966169236515,0.946987753076075,8172.0,8962.0,5766.0,5347.142857142857,5783.0,2733.5121137815504,6007.266666666666,6357.0,3246.3402942000953,18050.0,0,1,1,0,0,0,0,0,1,6543
1069,0,2013-12-13,-0.9749279121818236,-0.2225209339563146,-2.4492935982947064e-16,1.0,-0.3049212246562894,0.9523775757303973,6543.0,5461.0,8198.0,5510.857142857143,6543.0,2775.4636506700067,6021.8,6575.0,3248.074064893613,18050.0,0,1,1,0,0,0,0,0,1,6607
1069,0,2013-12-14,-0.7818314824680299,0.6234898018587334,-2.4492935982947064e-16,1.0,-0.2884824328806098,0.9574851883550389,6607.0,3957.0,3829.0,5700.857142857143,6543.0,2695.7414211166124,6033.133333333333,6575.0,3244.786011044688,18050.0,0,1,1,0,0,0,0,0,1,5287
1069,0,2013-12-15,-2.4492935982947064e-16,1.0,-2.4492935982947064e-16,1.0,-0.27195815753410524,0.9623090774541487,5287.0,0.0,0.0,5700.857142857143,6543.0,2695.7414211166124,5883.033333333334,6575.0,3417.5608410529994,18050.0,0,1,1,0,0,0,0,0,1,0
1069,0,2013-12-16,0.7818314824680298,0.6234898018587336,-2.4492935982947064e-16,1.0,-0.2553532951161881,0.9668478136052773,0.0,5783.0,12360.0,7054.714285714285,6607.0,4511.874913835183,6276.333333333333,6612.5,3788.060429308381,18050.0,1,1,1,0,0,0,0,0,1,15260
1069,0,2013-12-17,0.9749279121818236,-0.22252093395631434,-2.4492935982947064e-16,1.0,-0.23867276600594997,0.9711000518829505,15260.0,7514.0,10538.0,7892.571428571428,6607.0,5115.559691019249,6722.3,6844.5,3811.1523205383537,18050.0,1,1,1,0,0,0,0,0,1,13379
1069,0,2013-12-18,0.43388373911755823,-0.900968867902419,-2.4492935982947064e-16,1.0,-0.22192151300416674,0.9750645322571945,13379.0,8172.0,10464.0,8582.0,6607.0,5472.261019603019,6831.133333333333,6844.5,3944.3820086149253,18050.0,1,1,1,0,0,0,0,0,1,12998
1069,0,2013-12-19,-0.433883739117558,-0.9009688679024191,-2.4492935982947064e-16,1.0,-0.20510449986861926,0.9787400799669153,12998.0,6543.0,8962.0,9032.142857142857,9694.0,5405.775720732146,6873.5,6844.5,3968.82007784995,18050.0,1,1,1,0,0,0,0,0,1,9694
1069,0,2013-12-20,-0.9749279121818236,-0.2225209339563146,-2.4492935982947064e-16,1.0,-0.1882267098432439,0.9821256058680006,9694.0,6607.0,5461.0,9443.857142857143,9694.0,5298.98271459002,6898.333333333333,6844.5,3983.2321855094283,18050.0,1,1,1,0,0,0,0,0,1,9489
1069,0,2013-12-21,-0.7818314824680299,0.6234898018587334,-2.4492935982947064e-16,1.0,-0.1712931441814778,0.9852201067560606,9489.0,5287.0,3957.0,9605.42857142857,9694.0,5166.703006016599,6876.566666666667,6612.5,3984.0402009754575,18050.0,0,1,1,0,0,0,0,0,1,6418
1069,0,2013-12-22,-2.4492935982947064e-16,1.0,-2.4492935982947064e-16,1.0,-0.154308820664281,0.9880226656636976,6418.0,0.0,0.0,9605.42857142857,9694.0,5166.703006016599,6683.866666666667,6612.5,4174.130582473466,18050.0,0,1,1,0,0,0,0,0,1,0
1069,0,2013-12-23,0.7818314824680298,0.6234898018587336,-2.4492935982947064e-16,1.0,-0.13727877211326517,0.9905324521322227,0.0,15260.0,5783.0,9062.714285714286,9694.0,4647.151733922106,6966.966666666666,6862.0,4201.340455085769,18050.0,0,1,1,0,0,0,0,0,1,11461
1069,0,2013-12-24,0.9749279121818236,-0.22252093395631434,-2.4492935982947064e-16,1.0,-0.12020804489935275,0.9927487224577402,11461.0,13379.0,7514.0,7643.428571428572,9489.0,4626.286122335527,7081.766666666666,6862.0,4048.6859740034192,18050.0,0,1,1,0,0,0,0,0,1,3444
1069,0,2013-12-25,0.43388373911755823,-0.900968867902419,-2.4492935982947064e-16,1.0,-0.10310169744743544,0.9946708199115211,3444.0,12998.0,8172.0,5786.571428571428,6418.0,4726.3494671590115,6843.6,6612.5,4249.988256373234,18050.0,0,1,1,0,0,0,0,0,1,0
1069,0,2013-12-26,-0.433883739117558,-0.9009688679024191,-2.4492935982947064e-16,1.0,-0.0859647987374467,0.9962981749346077,0.0,9694.0,6543.0,4401.714285714285,3444.0,4810.091499971203,6623.0,6575.0,4430.044912981643,18050.0,0,1,1,0,0,0,0,0,1,0
1069,0,2013-12-27,-0.9749279121818236,-0.2225209339563146,-2.4492935982947064e-16,1.0,-0.06880242680232064,0.9976303053065857,0.0,9489.0,6607.0,4103.857142857143,3444.0,4496.926595967938,6632.933333333333,6575.0,4431.499130895378,18050.0,0,1,1,0,0,0,0,0,1,7404
1069,0,2013-12-28,-0.7818314824680299,0.6234898018587334,-2.4492935982947064e-16,1.0,-0.05161966722325418,0.9986668162884759,7404.0,6418.0,5287.0,3701.0,3444.0,4379.852927515562,6560.666666666667,6575.0,4463.684594695238,18050.0,0,1,1,0,0,0,0,0,1,3598
1069,0,2013-12-29,-2.4492935982947064e-16,1.0,-2.4492935982947064e-16,1.0,-0.034421611622745804,0.9994074007397048,3598.0,0.0,0.0,3701.0,3444.0,4379.852927515562,6287.4,6480.5,4608.579597169645,18050.0,0,1,1,0,0,0,0,0,1,0
1069,0,2013-12-30,0.7818314824680298,0.6234898018587336,-2.4492935982947064e-16,1.0,-0.01721335615583528,0.9998518392091162,0.0,11461.0,15260.0,3374.4285714285716,3444.0,3743.8661771464176,6465.6,6575.0,4613.596910781485,18050.0,0,1,1,0,0,0,0,0,1,9175
1069,0,2013-12-31,0.9749279121818236,-0.22252093395631434,-2.4492935982947064e-16,1.0,6.432490598706546e-16,1.0,9175.0,3444.0,13379.0,3304.5714285714284,2955.0,3746.912589370204,6564.1,6575.0,4500.966481270139,18050.0,0,1,1,0,0,0,0,0,1,2955
1069,0,2014-01-01,0.43388373911755823,-0.900968867902419,0.49999999999999994,0.8660254037844387,0.017213356155834685,0.9998518392091162,2955.0,0.0,12998.0,3304.5714285714284,2955.0,3746.912589370204,6152.1,6480.5,4517.799703624433,18050.0,0,1,1,0,0,0,0,0,1,0
1069,0,2014-01-02,-0.433883739117558,-0.9009688679024191,0.49999999999999994,0.8660254037844387,0.03442161162274574,0.9994074007397048,0.0,0.0,9694.0,4105.285714285715,3598.0,3514.7285203026067,5987.666666666667,6100.5,4441.795849407775,18050.0,0,1,1,0,0,0,0,0,1,5605
1069,0,2014-01-03,-0.9749279121818236,-0.2225209339563146,0.49999999999999994,0.8660254037844387,0.051619667223253764,0.998666816288476,5605.0,7404.0,9489.0,3908.4285714285716,3598.0,3333.073099365549,5839.733333333334,5904.5,4360.735234854988,18050.0,0,1,1,0,0,0,0,0,1,6026
1069,0,2014-01-04,-0.7818314824680299,0.6234898018587334,0.49999999999999994,0.8660254037844387,0.06880242680231986,0.9976303053065857,6026.0,3598.0,6418.0,3835.714285714286,3089.0,3346.499251172069,5643.966666666666,5694.0,4347.542266323734,18050.0,0,1,1,0,0,0,0,0,1,3089
1069,0,2014-01-05,-2.4492935982947064e-16,1.0,0.49999999999999994,0.8660254037844387,0.08596479873744647,0.9962981749346078,3089.0,0.0,0.0,3835.714285714286,3089.0,3346.499251172069,5461.933333333333,5694.0,4468.122292752129,18050.0,0,1,1,0,0,0,0,0,1,0
1069,0,2014-01-06,0.7818314824680298,0.6234898018587336,0.49999999999999994,0.8660254037844387,0.10310169744743485,0.9946708199115211,0.0,9175.0,11461.0,3961.4285714285716,3089.0,3588.2971289616285,5665.2,5904.5,4535.497177628479,18050.0,1,1,1,0,0,0,0,0,1,10055
1069,0,2014-01-07,0.9749279121818236,-0.22252093395631434,0.49999999999999994,0.8660254037844387,0.1202080448993527,0.9927487224577402,10055.0,2955.0,3444.0,4777.285714285715,5605.0,3952.1300465397,5954.066666666667,6222.0,4437.140644474843,18050.0,1,1,1,0,0,0,0,0,1,8666
1069,0,2014-01-08,0.43388373911755823,-0.900968867902419,0.49999999999999994,0.8660254037844387,0.13727877211326478,0.9905324521322229,8666.0,0.0,0.0,5988.857142857143,6026.0,3519.841257243069,6044.0,6480.5,4460.8325494780465,18050.0,1,1,1,0,0,0,0,0,1,8481
1069,0,2014-01-09,-0.433883739117558,-0.9009688679024191,0.49999999999999994,0.8660254037844387,0.15430882066428117,0.9880226656636976,8481.0,5605.0,0.0,6074.571428571428,6205.0,3516.2394143527276,6000.366666666667,6311.5,4452.351912256573,18050.0,1,1,1,0,0,0,0,0,1,6205
1069,0,2014-01-10,-0.9749279121818236,-0.2225209339563146,0.49999999999999994,0.8660254037844387,0.1712931441814776,0.9852201067560606,6205.0,6026.0,7404.0,6158.0,6610.0,3521.818658969632,5948.3,6311.5,4435.180757891662,18050.0,1,1,1,0,0,0,0,0,1,6610
1069,0,2014-01-11,-0.7818314824680299,0.6234898018587334,0.49999999999999994,0.8660254037844387,0.1882267098432442,0.9821256058680006,6610.0,3089.0,3598.0,6180.0,6610.0,3499.8646640501197,5838.3,6115.5,4460.771551865336,18050.0,0,1,1,0,0,0,0,0,1,3243
1069,0,2014-01-12,-2.4492935982947064e-16,1.0,0.49999999999999994,0.8660254037844387,0.2051044998686192,0.9787400799669153,3243.0,0.0,0.0,6180.0,6610.0,3499.8646640501197,5618.066666666667,5815.5,4582.935995650597,18050.0,0,1,1,0,0,0,0,0,1,0
1069,0,2014-01-13,0.7818314824680298,0.6234898018587336,0.49999999999999994,0.8660254037844387,0.22192151300416552,0.9750645322571948,0.0,10055.0,9175.0,5398.571428571428,6205.0,3075.3943301167524,5594.666666666667,5815.5,4586.47548051152,18050.0,0,1,1,0,0,0,0,0,1,4585
1069,0,2014-01-14,0.9749279121818236,-0.22252093395631434,0.49999999999999994,0.8660254037844387,0.2386727660059501,0.9711000518829505,4585.0,8666.0,2955.0,4851.0,4833.0,2717.0217150401977,5755.766666666666,5815.5,4466.496765639858,18050.0,0,1,1,0,0,0,0,0,1,4833
1069,0,2014-01-15,0.43388373911755823,-0.900968867902419,0.49999999999999994,0.8660254037844387,0.255353295116187,0.9668478136052775,4833.0,8481.0,0.0,4473.0,4833.0,2276.1227998506524,5441.6,5720.0,4090.5821742311905,18050.0,0,1,1,0,0,0,0,0,1,5835
1069,0,2014-01-16,-0.433883739117558,-0.9009688679024191,0.49999999999999994,0.8660254037844387,0.2719581575341055,0.9623090774541486,5835.0,6205.0,5605.0,4212.428571428572,4585.0,2145.4513011751765,5141.666666666667,5219.0,3808.6868343694114,18050.0,0,1,1,0,0,0,0,0,1,4381
1069,0,2014-01-17,-0.9749279121818236,-0.2225209339563146,0.49999999999999994,0.8660254037844387,0.288482432880609,0.9574851883550393,4381.0,6610.0,6026.0,3863.285714285714,4381.0,1871.642301499374,4847.266666666666,4709.0,3510.1163055034162,18050.0,0,1,1,0,0,0,0,0,1,4166
1069,0,2014-01-18,-0.7818314824680299,0.6234898018587334,0.49999999999999994,0.8660254037844387,0.30492122465628907,0.9523775757303974,4166.0,3243.0,3089.0,3843.1428571428573,4381.0,1880.1697998293785,4627.533333333334,4483.0,3400.8783219808925,18050.0,0,1,1,0,0,0,0,0,1,3102
1069,0,2014-01-19,-2.4492935982947064e-16,1.0,0.49999999999999994,0.8660254037844387,0.3212696616923644,0.9469877530760753,3102.0,0.0,0.0,3843.1428571428573,4381.0,1880.1697998293782,4311.233333333334,4273.5,3374.3048498231833,18050.0,0,1,1,0,0,0,0,0,1,0
1069,0,2014-01-20,0.7818314824680298,0.6234898018587336,0.49999999999999994,0.8660254037844387,0.3375228995941133,0.9413173175128471,0.0,4585.0,10055.0,4424.714285714285,4381.0,2628.557761351627,4385.833333333333,4273.5,3446.4556514586534,18050.0,1,1,1,0,0,0,0,0,1,8656
1069,0,2014-01-21,0.9749279121818236,-0.22252093395631434,0.49999999999999994,0.8660254037844387,0.3536761221763716,0.9353679493131483,8656.0,4833.0,8666.0,4735.428571428572,4381.0,2807.334433060585,4619.433333333333,4483.0,3375.7083311183205,18050.0,1,1,1,0,0,0,0,0,1,7008
1069,0,2014-01-22,0.43388373911755823,-0.900968867902419,0.49999999999999994,0.8660254037844387,0.3697245428906731,0.9291414114031743,7008.0,5835.0,8481.0,4989.571428571428,4381.0,2997.547767600643,4491.2,4483.0,3173.890665826521,18050.0,1,1,1,0,0,0,0,0,1,7614
1069,0,2014-01-23,-0.433883739117558,-0.9009688679024191,0.49999999999999994,0.8660254037844387,0.38566340624360707,0.9226395488404876,7614.0,4381.0,6205.0,5225.142857142857,6030.0,3006.5326334817087,4577.4,4709.0,3179.5805470490036,18050.0,1,1,1,0,0,0,0,0,1,6030
1069,0,2014-01-24,-0.9749279121818236,-0.2225209339563146,0.49999999999999994,0.8660254037844387,0.401487989205973,0.9158642882672872,6030.0,4166.0,6610.0,5410.0,6030.0,2970.117842779977,4759.4,5146.5,3062.6499298978783,18050.0,1,1,1,0,0,0,0,0,1,5460
1069,0,2014-01-25,-0.7818314824680299,0.6234898018587334,0.49999999999999994,0.8660254037844387,0.4171936026123168,0.9088176373395029,5460.0,3102.0,3243.0,5350.714285714285,6030.0,3027.453865009653,4848.966666666666,5146.5,2956.099486022823,18050.0,0,1,1,0,0,0,0,0,1,2687
1069,0,2014-01-26,-2.4492935982947064e-16,1.0,0.49999999999999994,0.8660254037844387,0.4327755925504312,0.901501684131884,2687.0,0.0,0.0,5350.714285714285,6030.0,3027.453865009653,4602.166666666667,4709.0,3043.218442456239,18050.0,0,1,1,0,0,0,0,0,1,0
1069,0,2014-01-27,0.7818314824680298,0.6234898018587336,0.49999999999999994,0.8660254037844387,0.4482293417404106,0.893918596519257,0.0,8656.0,4585.0,4707.285714285715,5460.0,2664.7970976096,4620.633333333333,4709.0,3038.5922612099644,18050.0,0,1,1,0,0,0,0,0,1,4152
1069,0,2014-01-28,0.9749279121818236,-0.22252093395631434,0.49999999999999994,0.8660254037844387,0.4635502709028509,0.886070621534138,4152.0,7008.0,4833.0,4372.714285714285,4666.0,2467.512695967718,4776.166666666667,4749.5,2910.648299432368,18050.0,0,1,1,0,0,0,0,0,1,4666
1069,0,2014-01-29,0.43388373911755823,-0.900968867902419,0.49999999999999994,0.8660254037844387,0.47873384011578846,0.8779600847008882,4666.0,7614.0,5835.0,4117.857142857143,4666.0,2148.441173546636,4664.666666666667,4749.5,2798.2272384781313,18050.0,0,1,1,0,0,0,0,0,1,5830
1069,0,2014-01-30,-0.433883739117558,-0.9009688679024191,0.49999999999999994,0.8660254037844387,0.4937755501599772,0.869589389346611,5830.0,6030.0,4381.0,3918.4285714285716,4634.0,2001.1041832900455,4720.633333333333,4749.5,2779.5820013625935,18050.0,0,1,1,0,0,0,0,0,1,4634
1069,0,2014-01-31,-0.9749279121818236,-0.2225209339563146,0.49999999999999994,0.8660254037844387,0.5086709438521044,0.8609610158889943,4634.0,5460.0,4166.0,3966.5714285714284,4634.0,2047.8798676633646,4913.866666666667,5146.5,2637.9865589228284,18050.0,0,1,1,0,0,0,0,0,1,5797
1069,0,2014-02-01,-0.7818314824680299,0.6234898018587334,0.8660254037844386,0.5000000000000001,0.5234156073655503,0.8520775211013093,5797.0,2687.0,3102.0,4100.857142857143,4634.0,1979.6737465696492,4847.933333333333,4749.5,2644.8268561194336,18050.0,0,1,1,0,0,0,0,0,1,3627
1069,0,2014-02-02,-2.4492935982947064e-16,1.0,0.8660254037844386,0.5000000000000001,0.5380051715382996,0.8429415373547828,3627.0,0.0,0.0,4100.857142857143,4634.0,1979.6737465696492,4647.066666666667,4650.0,2777.7586962716314,18050.0,0,1,1,0,0,0,0,0,1,0
1069,0,2014-02-03,0.7818314824680298,0.6234898018587336,0.8660254037844386,0.5000000000000001,0.5524353131676196,0.8335557718385699,0.0,4152.0,8656.0,5028.0,4666.0,3169.6852104480836,4898.833333333333,4749.5,2967.4813317059,18050.0,1,1,1,0,0,0,0,0,1,10642
1069,0,2014-02-04,0.9749279121818236,-0.22252093395631434,0.8660254037844386,0.5000000000000001,0.5667017562911176,0.8239230057575542,10642.0,4666.0,7008.0,5614.714285714285,5797.0,3458.462361333702,5191.266666666666,5146.5,2899.5689326867773,18050.0,1,1,1,0,0,0,0,0,1,8773
1069,0,2014-02-05,0.43388373911755823,-0.900968867902419,0.8660254037844386,0.5000000000000001,0.5808002734538009,0.8140460935082178,8773.0,5830.0,7614.0,6144.0,5797.0,3766.6753687215096,5173.933333333333,5146.5,2870.9040019662425,18050.0,1,1,1,0,0,0,0,0,1,9535
1069,0,2014-02-06,-0.433883739117558,-0.9009688679024191,0.8660254037844386,0.5000000000000001,0.5947266869607634,0.8039279618328213,9535.0,4634.0,6030.0,6391.714285714285,6368.0,3707.371023348202,5097.333333333333,5146.5,2804.4044340795595,18050.0,1,1,1,0,0,0,0,0,1,6368
1069,0,2014-02-07,-0.9749279121818236,-0.2225209339563146,0.8660254037844386,0.5000000000000001,0.6084768701151261,0.7935716089521474,6368.0,5797.0,5460.0,6390.857142857143,6368.0,3707.5321274657167,5007.666666666667,5146.5,2734.622287898513,18050.0,1,1,1,0,0,0,0,0,1,5791
1069,0,2014-02-08,-0.7818314824680299,0.6234898018587334,0.8660254037844386,0.5000000000000001,0.6220467484408675,0.7829801036770629,5791.0,3627.0,2687.0,6362.714285714285,6368.0,3732.6708808521944,4915.166666666667,4749.5,2739.653578444744,18050.0,0,1,1,0,0,0,0,0,1,3430
1069,0,2014-02-09,-2.4492935982947064e-16,1.0,0.8660254037844386,0.5000000000000001,0.6354323008901774,0.7721565844991642,3430.0,0.0,0.0,6362.714285714285,6368.0,3732.6708808521944,4694.833333333333,4650.0,2861.729343130367,18050.0,0,1,1,0,0,0,0,0,1,0
1069,0,2014-02-10,0.7818314824680298,0.6234898018587336,0.8660254037844386,0.5000000000000001,0.6486295610349814,0.7611042586607747,0.0,10642.0,4152.0,5536.0,5791.0,3234.5456146626398,4748.566666666667,4749.5,2848.632856402303,18050.0,0,1,1,0,0,0,0,0,1,4855
1069,0,2014-02-11,0.9749279121818236,-0.22252093395631434,0.8660254037844386,0.5000000000000001,0.6616346182422783,0.7498264012045686,4855.0,8773.0,4666.0,4945.0,4855.0,2905.757961932361,4903.1,4749.5,2704.236361711016,18050.0,0,1,1,0,0,0,0,0,1,4636
1069,0,2014-02-12,0.43388373911755823,-0.900968867902419,0.8660254037844386,0.5000000000000001,0.6744436188329455,0.7383263540031065,4636.0,9535.0,5830.0,4506.142857142857,4855.0,2256.421608696045,4965.7,4844.0,2718.3189043078214,18050.0,0,1,1,0,0,0,0,0,1,6463
1069,0,2014-02-13,-0.433883739117558,-0.9009688679024191,0.8660254037844386,0.5000000000000001,0.6870527672236669,0.7266075247685656,6463.0,6368.0,4634.0,4297.285714285715,4855.0,2118.830472555211,4968.133333333333,4880.5,2718.228692179622,18050.0,0,1,1,0,0,0,0,0,1,4906
1069,0,2014-02-14,-0.9749279121818236,-0.2225209339563146,0.8660254037844386,0.5000000000000001,0.6994583270516471,0.7146733860429609,4906.0,5791.0,5797.0,4182.285714285715,4855.0,2044.799314870583,4939.833333333333,4880.5,2713.3074623155967,18050.0,0,1,1,0,0,0,0,0,1,4986
1069,0,2014-02-15,-0.7818314824680299,0.6234898018587334,0.8660254037844386,0.5000000000000001,0.7116566222817746,0.702527474169157,4986.0,3430.0,3627.0,4071.0,4855.0,2112.638003381862,4882.166666666667,4880.5,2743.806719886076,18050.0,0,1,1,0,0,0,0,0,1,2651
1069,0,2014-02-16,-2.4492935982947064e-16,1.0,0.8660254037844386,0.5000000000000001,0.7236440382959124,0.6901733882429719,2651.0,0.0,0.0,4071.0,4855.0,2112.638003381862,4743.3,4880.5,2883.1850341903723,18050.0,0,1,1,0,0,0,0,0,1,0
1069,0,2014-02-17,0.7818314824680298,0.6234898018587336,0.8660254037844386,0.5000000000000001,0.7354170229639855,0.6776147890466889,0.0,4855.0,10642.0,4794.142857142857,4906.0,3073.541574393257,4970.466666666666,4946.0,3014.877406249328,18050.0,1,1,1,0,0,0,0,0,1,9917
1069,0,2014-02-18,0.9749279121818236,-0.22252093395631434,0.8660254037844386,0.5000000000000001,0.7469720876965552,0.6648553979642865,9917.0,4636.0,8773.0,5239.714285714285,4986.0,3266.7995405434986,5228.966666666666,5223.0,2904.4466917224545,18050.0,1,1,1,0,0,0,0,0,1,7755
1069,0,2014-02-19,0.43388373911755823,-0.900968867902419,0.8660254037844386,0.5000000000000001,0.7583058084785625,0.6518989958787126,7755.0,6463.0,9535.0,5506.571428571428,4986.0,3454.296978988286,5218.133333333333,5223.0,2891.8019645713794,18050.0,1,1,1,0,0,0,0,0,1,8331
1069,0,2014-02-20,-0.433883739117558,-0.9009688679024191,0.8660254037844386,0.5000000000000001,0.7694148268839378,0.6387494220515272,8331.0,4906.0,6368.0,5601.142857142857,5568.0,3444.161408750146,5170.133333333333,5223.0,2872.9577662118213,18050.0,1,1,1,0,0,0,0,0,1,5568
1069,0,2014-02-21,-0.9749279121818236,-0.2225209339563146,0.8660254037844386,0.5000000000000001,0.7802958510707755,0.6254105729852463,5568.0,4986.0,5791.0,5640.142857142857,5568.0,3437.574262401293,5091.633333333333,5122.5,2835.813141105105,18050.0,1,1,1,0,0,0,0,0,1,5259
1069,0,2014-02-22,-0.7818314824680299,0.6234898018587334,0.8660254037844386,0.5000000000000001,0.7909456567567772,0.6118864012687243,5259.0,2651.0,3430.0,5656.0,5568.0,3421.706981415365,4982.7,4946.0,2861.178406253938,18050.0,0,1,1,0,0,0,0,0,1,2762
1069,0,2014-02-23,-2.4492935982947064e-16,1.0,0.8660254037844386,0.5000000000000001,0.8013610881746766,0.5981809144059164,2762.0,0.0,0.0,5656.0,5568.0,3421.706981415365,4800.7,4880.5,3000.0556218981656,18050.0,0,1,1,0,0,0,0,0,1,0
1069,0,2014-02-24,0.7818314824680298,0.6234898018587336,0.8660254037844386,0.5000000000000001,0.8115390590073611,0.5842981736283683,0.0,9917.0,4855.0,4995.285714285715,5292.0,2862.66319559751,4887.533333333334,4946.0,2974.3566413402896,18050.0,0,1,1,0,0,0,0,0,1,5292
1069,0,2014-02-25,0.9749279121818236,-0.22252093395631434,0.8660254037844386,0.5000000000000001,0.8214765533024142,0.5702422926917871,5292.0,7755.0,4636.0,4519.0,5259.0,2591.4888899369485,5034.9,4946.0,2829.861021931697,18050.0,0,1,1,0,0,0,0,0,1,4421
1069,0,2014-02-26,0.43388373911755823,-0.900968867902419,0.8660254037844386,0.5000000000000001,0.8311706263658079,0.5560174366570446,4421.0,8331.0,6463.0,4138.142857142857,5259.0,2084.1263100374804,5085.333333333333,5122.5,2827.0643764346405,18050.0,0,1,1,0,0,0,0,0,1,5665
1069,0,2014-02-27,-0.433883739117558,-0.9009688679024191,0.8660254037844386,0.5000000000000001,0.8406184056344782,0.5416278206559814,5665.0,5568.0,4906.0,3935.714285714286,4421.0,1988.7319003396453,5068.166666666667,5122.5,2831.2589752718677,18050.0,0,1,1,0,0,0,0,0,1,4151
1069,0,2014-02-28,-0.9749279121818236,-0.2225209339563146,0.8660254037844386,0.5000000000000001,0.8498170915275278,0.5270777086423722,4151.0,5259.0,4986.0,4043.285714285714,4421.0,2090.0240600118786,5074.233333333334,5122.5,2833.142043779295,18050.0,0,1,1,0,0,0,0,0,1,6012
1069,0,2014-03-01,-0.7818314824680299,0.6234898018587334,1.0,6.123233995736766e-17,0.8587639582758029,0.5123714121284237,6012.0,2762.0,2651.0,4144.857142857143,4421.0,2033.9009668263373,5035.533333333334,5122.5,2847.2572008542056,18050.0,0,1,1,0,0,0,0,0,1,3473
1069,0,2014-03-02,-2.4492935982947064e-16,1.0,1.0,6.123233995736766e-17,0.8674563547295968,0.49751328890718066,3473.0,0.0,0.0,4144.857142857143,4421.0,2033.9009668263373,4842.3,4946.0,2987.075171352468,18050.0,0,1,1,0,0,0,0,0,1,0
1069,0,2014-03-03,0.7818314824680298,0.6234898018587336,1.0,6.123233995736766e-17,0.8758917051442429,0.48250774176121847,0.0,5292.0,9917.0,4797.714285714285,4421.0,2977.8836844469283,5050.133333333333,5122.5,3113.820790065432,18050.0,1,1,1,0,0,0,0,0,1,9862
1069,0,2014-03-04,0.9749279121818236,-0.22252093395631434,1.0,6.123233995736766e-17,0.8840675099433636,0.46735921715800227,9862.0,4421.0,7755.0,5264.571428571428,5665.0,3159.606455301187,5306.433333333333,5275.5,2998.100532962023,18050.0,1,1,1,0,0,0,0,0,1,7689
1069,0,2014-03-05,0.43388373911755823,-0.900968867902419,1.0,6.123233995736766e-17,0.8919813464595485,0.45207220393230435,7689.0,5665.0,8331.0,5729.142857142857,6012.0,3453.6884355025127,5248.933333333333,5275.5,2907.412226959105,18050.0,1,1,1,0,0,0,0,0,1,8917
1069,0,2014-03-06,-0.433883739117558,-0.9009688679024191,1.0,6.123233995736766e-17,0.8996308696522433,0.43665123195606403,8917.0,4151.0,5568.0,5997.142857142857,6027.0,3382.878430595824,5157.4,5275.5,2834.9622706240916,18050.0,1,1,1,0,0,0,0,0,1,6027
1069,0,2014-03-07,-0.9749279121818236,-0.2225209339563146,1.0,6.123233995736766e-17,0.9070138128026359,0.4211008707960896,6027.0,6012.0,5259.0,5955.0,6027.0,3384.499618358178,5030.133333333333,5275.5,2714.820038912008,18050.0,1,1,1,0,0,0,0,0,1,5717
1069,0,2014-03-08,-0.7818314824680299,0.6234898018587334,1.0,6.123233995736766e-17,0.9141279881853337,0.40542572835999735,5717.0,3473.0,2762.0,5896.0,6027.0,3438.1526047186035,4919.866666666667,5122.5,2725.7644512463276,18050.0,0,1,1,0,0,0,0,0,1,3060
1069,0,2014-03-09,-2.4492935982947064e-16,1.0,1.0,6.123233995736766e-17,0.9209712877166346,0.38963044953078796,3060.0,0.0,0.0,5896.0,6027.0,3438.1526047186035,4726.833333333333,4946.0,2863.5179844251834,18050.0,0,1,1,0,0,0,0,0,1,0
1069,0,2014-03-10,0.7818314824680298,0.6234898018587336,1.0,6.123233995736766e-17,0.9275416835791966,0.37371971479046906,0.0,9862.0,5292.0,5175.142857142857,5717.0,2964.3762372867673,4773.033333333334,4946.0,2853.0350624932953,18050.0,0,1,1,0,0,0,0,0,1,4816
1069,0,2014-03-11,0.9749279121818236,-0.22252093395631434,1.0,6.123233995736766e-17,0.9338372288229252,0.35769823883312546,4816.0,7689.0,4421.0,4722.142857142857,4816.0,2750.789427817121,4923.633333333333,4946.0,2707.952827523402,18050.0,0,1,1,0,0,0,0,0,1,4518
1069,0,2014-03-12,0.43388373911755823,-0.900968867902419,1.0,6.123233995736766e-17,0.9398560579418954,0.3415707691678556,4518.0,8917.0,5665.0,4368.142857142857,4816.0,2231.39025636271,4976.433333333333,5122.5,2721.974672198841,18050.0,0,1,1,0,0,0,0,0,1,6439
1069,0,2014-03-13,-0.433883739117558,-0.9009688679024191,1.0,6.123233995736766e-17,0.9455963874271426,0.3253420847119801,6439.0,6027.0,4151.0,4181.857142857143,4723.0,2121.548760424116,4979.333333333333,5122.5,2721.6457918127385,18050.0,0,1,1,0,0,0,0,0,1,4723
1069,0,2014-03-14,-0.9749279121818236,-0.2225209339563146,1.0,6.123233995736766e-17,0.9510565162951535,0.30901699437494745,4723.0,5717.0,6012.0,3992.8571428571427,4518.0,2018.4197142460491,4910.366666666667,4946.0,2708.937792635307,18050.0,0,1,1,0,0,0,0,0,1,4394
1069,0,2014-03-15,-0.7818314824680299,0.6234898018587334,1.0,6.123233995736766e-17,0.9562348265919056,0.29260033563334836,4394.0,3060.0,3473.0,3935.4285714285716,4518.0,2054.776699720494,4835.433333333333,4901.0,2739.976474645216,18050.0,0,1,1,0,0,0,0,0,1,2658
1069,0,2014-03-16,-2.4492935982947064e-16,1.0,1.0,6.123233995736766e-17,0.9611297838723007,0.27609697309746883,2658.0,0.0,0.0,3935.4285714285716,4518.0,2054.776699720494,4669.233333333334,4769.5,2878.258173981615,18050.0,0,1,1,0,0,0,0,0,1,0
1069,0,2014-03-17,0.7818314824680298,0.6234898018587336,1.0,6.123233995736766e-17,0.9657399376548549,0.2595117970697999,0.0,4816.0,9862.0,4535.0,4518.0,2823.1946443700913,4881.3,5037.5,2957.705356498869,18050.0,1,1,1,0,0,0,0,0,1,9013
1069,0,2014-03-18,0.9749279121818236,-0.22252093395631434,1.0,6.123233995736766e-17,0.970063921851507,0.2428497220959356,9013.0,4518.0,7689.0,4934.142857142857,4723.0,3011.610943696155,5125.033333333334,5275.5,2840.54173419054,18050.0,1,1,1,0,0,0,0,0,1,7312
1069,0,2014-03-19,0.43388373911755823,-0.900968867902419,1.0,6.123233995736766e-17,0.9741004551724205,0.22611568550828828,7312.0,6439.0,8917.0,5193.857142857143,4723.0,3233.249832009653,5069.7,5275.5,2758.973199179931,18050.0,1,1,1,0,0,0,0,0,1,8257
1069,0,2014-03-20,-0.433883739117558,-0.9009688679024191,1.0,6.123233995736766e-17,0.9778483415056568,0.20931464596304847,8257.0,4723.0,6027.0,5390.285714285715,6098.0,3241.6329585712215,5014.466666666666,5275.5,2719.6672176412835,18050.0,1,1,1,0,0,0,0,0,1,6098
1069,0,2014-03-21,-0.9749279121818236,-0.2225209339563146,1.0,6.123233995736766e-17,0.9813064702716093,0.19245158197082998,6098.0,4394.0,5717.0,5712.285714285715,6648.0,3238.1213027662425,4958.366666666667,5275.5,2665.719317859484,18050.0,1,1,1,0,0,0,0,0,1,6648
1069,0,2014-03-22,-0.7818314824680299,0.6234898018587334,1.0,6.123233995736766e-17,0.9844738167520922,0.1755314904214282,6648.0,2658.0,3060.0,5686.428571428572,6648.0,3267.1677263925294,4855.333333333333,5037.5,2700.847738349417,18050.0,0,1,1,0,0,0,0,0,1,2477
1069,0,2014-03-23,-2.4492935982947064e-16,1.0,1.0,6.123233995736766e-17,0.9873494423939864,0.15855938510313478,2477.0,0.0,0.0,5686.428571428572,6648.0,3267.1677263925294,4680.033333333334,4769.5,2840.7878276297274,18050.0,0,1,1,0,0,0,0,0,1,0
1069,0,2014-03-24,0.7818314824680298,0.6234898018587336,1.0,6.123233995736766e-17,0.989932495087353,0.141540295217043,0.0,9013.0,4816.0,5193.285714285715,6098.0,2923.8569113578747,4773.333333333333,5054.0,2821.5200883912617,18050.0,0,1,1,0,0,0,0,0,1,5561
1069,0,2014-03-25,0.9749279121818236,-0.22252093395631434,1.0,6.123233995736766e-17,0.9922222094179323,0.12447926388678915,5561.0,7312.0,4518.0,4901.857142857143,5561.0,2775.3788587369077,4949.066666666667,5282.0,2674.3080566025355,18050.0,0,1,1,0,0,0,0,0,1,5272
1069,0,2014-03-26,0.43388373911755823,-0.900968867902419,1.0,6.123233995736766e-17,0.994217906893952,0.10738134666416309,5272.0,8257.0,6439.0,4781.285714285715,5561.0,2619.270236426272,5019.766666666666,5416.5,2711.4647610792863,18050.0,0,1,1,0,0,0,0,0,1,7413
1069,0,2014-03-27,-0.433883739117558,-0.9009688679024191,1.0,6.123233995736766e-17,0.995918996147179,0.09025161003104117,7413.0,6098.0,4723.0,4593.142857142857,5272.0,2555.449694839855,5031.766666666666,5416.5,2709.5193705785287,18050.0,0,1,1,0,0,0,0,0,1,4781
1069,0,2014-03-28,-0.9749279121818236,-0.2225209339563146,1.0,6.123233995736766e-17,0.9973249731081555,0.07309512989807777,4781.0,6648.0,4394.0,4383.857142857143,5183.0,2415.2580558173154,5015.7,5227.5,2707.062947817858,18050.0,0,1,1,0,0,0,0,0,1,5183
1069,0,2014-03-29,-0.7818314824680299,0.6234898018587334,1.0,6.123233995736766e-17,0.9984354211555643,0.055916990100603484,5183.0,2477.0,2658.0,4508.571428571428,5183.0,2321.088455670654,4989.0,5227.5,2719.8058247121185,18050.0,0,1,1,0,0,0,0,0,1,3350
1069,0,2014-03-30,-2.4492935982947064e-16,1.0,1.0,6.123233995736766e-17,0.9992500112396835,0.03872228089217446,3350.0,0.0,0.0,4508.571428571428,5183.0,2321.088455670654,4788.6,4999.5,2859.718790129673,18050.0,0,1,1,0,0,0,0,0,1,0
1069,0,2014-03-31,0.7818314824680298,0.6234898018587336,1.0,6.123233995736766e-17,0.9997685019798909,0.021516097436222254,0.0,5561.0,9013.0,5444.0,5183.0,3716.1456734991757,5076.466666666666,5227.5,3143.319086278222,18050.0,1,1,1,0,0,0,0,0,1,12109
1069,0,2014-04-01,0.9749279121818236,-0.22252093395631434,0.8660254037844387,-0.49999999999999983,0.9999907397361901,0.004303538296244289,12109.0,5272.0,7312.0,5666.857142857143,5183.0,3750.727370727415,5304.2,5416.5,3007.3972066590627,18050.0,1,1,1,0,0,0,0,0,1,6832
1069,0,2014-04-02,0.43388373911755823,-0.900968867902419,0.8660254037844387,-0.49999999999999983,0.9999166586547379,-0.01291029607500882,6832.0,7413.0,8257.0,5791.0,5183.0,3831.6622154534075,5251.533333333334,5416.5,2937.857766719027,18050.0,1,1,1,0,0,0,0,0,1,8282
1069,0,2014-04-03,-0.433883739117558,-0.9009688679024191,0.8660254037844387,-0.49999999999999983,0.9995462806873573,-0.030120304846908114,8282.0,4781.0,6098.0,5986.0,6146.0,3806.34474704188,5200.1,5416.5,2907.058619505534,18050.0,1,1,1,0,0,0,0,0,1,6146
1069,0,2014-04-04,-0.9749279121818236,-0.2225209339563146,0.8660254037844387,-0.49999999999999983,0.9988797155850336,-0.04732138832243185,6146.0,5183.0,6648.0,6126.0,6163.0,3789.874272320915,5108.3,5416.5,2828.047445707454,18050.0,1,1,1,0,0,0,0,0,1,6163
1069,0,2014-04-05,-0.7818314824680299,0.6234898018587334,0.8660254037844387,-0.49999999999999983,0.9979171608653922,-0.06450844944931623,6163.0,3350.0,2477.0,6099.428571428572,6163.0,3813.1615866252337,5012.866666666667,5227.5,2844.2366739551235,18050.0,0,1,1,0,0,0,0,0,1,3164
1069,0,2014-04-06,-2.4492935982947064e-16,1.0,0.8660254037844387,-0.49999999999999983,0.9966589017541702,-0.08167639533042241,3164.0,0.0,0.0,6099.428571428572,6163.0,3813.1615866252337,4822.3,4999.5,2983.5430470823003,18050.0,0,1,1,0,0,0,0,0,1,0
1069,0,2014-04-07,0.7818314824680298,0.6234898018587336,0.8660254037844387,-0.49999999999999983,0.9951053111006976,-0.09882013873287143,0.0,12109.0,5561.0,5119.857142857143,6146.0,2742.4889199758763,4895.366666666667,5217.5,2965.6837495422346,18050.0,0,1,1,0,0,0,0,0,1,5252
1069,0,2014-04-08,0.9749279121818236,-0.22252093395631434,0.8660254037844387,-0.49999999999999983,0.9932568492674143,-0.11593459959550041,5252.0,6832.0,5272.0,4905.285714285715,5330.0,2643.1645625578963,5073.033333333334,5262.0,2818.2927760018842,18050.0,0,1,1,0,0,0,0,0,1,5330
1069,0,2014-04-09,0.43388373911755823,-0.900968867902419,0.8660254037844387,-0.49999999999999983,0.9911140639934547,-0.1330147065341959,5330.0,8282.0,7413.0,4641.571428571428,5330.0,2322.78509962665,5127.033333333334,5301.0,2828.698878226207,18050.0,0,1,1,0,0,0,0,0,1,6436
1069,0,2014-04-10,-0.433883739117558,-0.9009688679024191,0.8660254037844387,-0.49999999999999983,0.9886775902323405,-0.1500553983446526,6436.0,6146.0,4781.0,4419.428571428572,5252.0,2227.3228965990206,5129.466666666666,5301.0,2828.1882556144387,18050.0,0,1,1,0,0,0,0,0,1,4591
1069,0,2014-04-11,-0.9749279121818236,-0.2225209339563146,0.8660254037844387,-0.49999999999999983,0.9859481499638304,-0.16705162550211924,4591.0,6163.0,5183.0,4242.857142857143,4927.0,2112.0743696321647,5079.066666666667,5262.0,2817.4990491487415,18050.0,0,1,1,0,0,0,0,0,1,4927
1069,0,2014-04-12,-0.7818314824680299,0.6234898018587334,0.8660254037844387,-0.49999999999999983,0.9829265519799822,-0.18399835165768005,4927.0,3164.0,3350.0,4447.428571428572,4927.0,2058.8418959164687,5074.833333333333,5262.0,2818.1478275919026,18050.0,0,1,1,0,0,0,0,0,1,4596
1069,0,2014-04-13,-2.4492935982947064e-16,1.0,0.8660254037844387,-0.49999999999999983,0.9796136916454901,-0.20089055513063506,4596.0,0.0,0.0,4447.428571428572,4927.0,2058.8418959164687,4928.366666666667,5262.0,2965.105004634032,18050.0,0,1,1,0,0,0,0,0,1,0
1069,0,2014-04-14,0.7818314824680298,0.6234898018587336,0.8660254037844387,-0.49999999999999983,0.9760105506323683,-0.21772323039653177,0.0,5252.0,12109.0,5277.857142857143,4927.0,3259.6169216934763,5208.6,5301.0,3135.510546339613,18050.0,1,1,1,0,0,0,0,0,1,11065
1069,0,2014-04-15,0.9749279121818236,-0.22252093395631434,0.8660254037844387,-0.49999999999999983,0.9721181966290613,-0.23449138957040985,11065.0,5330.0,6832.0,5908.142857142857,4927.0,3671.8670740542607,5533.333333333333,5445.5,3081.479798266814,18050.0,1,1,1,0,0,0,0,0,1,9742
1069,0,2014-04-16,0.43388373911755823,-0.900968867902419,0.8660254037844387,-0.49999999999999983,0.9679377830240642,-0.25119006388481935,9742.0,6436.0,8282.0,6573.571428571428,4927.0,4171.541715686693,5602.7,5445.5,3184.2207745976666,18050.0,1,1,1,0,0,0,0,0,1,11094
1069,0,2014-04-17,-0.433883739117558,-0.9009688679024191,0.8660254037844387,-0.49999999999999983,0.9634705485641488,-0.2678143051621742,11094.0,4591.0,6146.0,7072.285714285715,8082.0,4103.135334281405,5628.366666666667,5445.5,3201.530102755654,18050.0,1,1,1,0,0,0,0,0,1,8082
1069,0,2014-04-18,-0.9749279121818236,-0.2225209339563146,0.8660254037844387,-0.49999999999999983,0.9587178169872964,-0.2843591872810034,8082.0,4927.0,6163.0,6368.428571428572,8082.0,4881.280359944607,5353.133333333333,5301.0,3320.4707366040325,18050.0,1,1,1,0,0,0,0,0,1,0
1069,0,2014-04-19,-0.7818314824680299,0.6234898018587334,0.8660254037844387,-0.49999999999999983,0.9536809966304457,-0.30081980763566735,0.0,4596.0,3164.0,6357.428571428572,8082.0,4886.024691476117,5300.5,5262.0,3320.7710752900152,18050.0,0,1,1,0,0,0,0,0,1,4519
1069,0,2014-04-20,-2.4492935982947064e-16,1.0,0.8660254037844387,-0.49999999999999983,0.9483615800121715,-0.3171912885891061,4519.0,0.0,0.0,6357.428571428572,8082.0,4886.024691476117,5078.9,5217.5,3447.1599639763485,18050.0,0,1,1,0,0,0,0,0,1,0
1069,0,2014-04-21,0.7818314824680298,0.6234898018587336,0.8660254037844387,-0.49999999999999983,0.9427611433904207,-0.3334687789181868,0.0,11065.0,5252.0,4776.714285714285,4519.0,4899.05585170196,4996.333333333333,5217.5,3540.0431843589813,18050.0,0,1,1,0,0,0,0,0,1,0
1069,0,2014-04-22,0.9749279121818236,-0.22252093395631434,0.8660254037844387,-0.49999999999999983,0.9368813462954315,-0.3496474552512284,0.0,9742.0,5330.0,4188.571428571428,4519.0,4428.104028330213,5183.833333333333,5262.0,3412.969453204319,18050.0,0,1,1,0,0,0,0,0,1,5625
1069,0,2014-04-23,0.43388373911755823,-0.900968867902419,0.8660254037844387,-0.49999999999999983,0.9307239310379795,-0.36572252349726897,5625.0,11094.0,6436.0,3549.8571428571427,4519.0,3488.897601849393,5219.233333333334,5262.0,3422.510700553373,18050.0,0,1,1,0,0,0,0,0,1,6623
1069,0,2014-04-24,-0.433883739117558,-0.9009688679024191,0.8660254037844387,-0.49999999999999983,0.9242907221930934,-0.3816892202666588,6623.0,8082.0,4591.0,3093.285714285714,4519.0,2967.0466637317772,5206.366666666667,5217.5,3423.031017048809,18050.0,0,1,1,0,0,0,0,0,1,4886
1069,0,2014-04-25,-0.9749279121818236,-0.2225209339563146,0.8660254037844387,-0.49999999999999983,0.9175836260593937,-0.39754281428255595,4886.0,0.0,4927.0,3729.0,4519.0,2654.0385578711243,5107.6,5055.0,3399.834241395536,18050.0,0,1,1,0,0,0,0,0,1,4450
1069,0,2014-04-26,-0.7818314824680299,0.6234898018587334,0.8660254037844387,-0.49999999999999983,0.9106046300942163,-0.4132786077829042,4450.0,4519.0,4596.0,3528.5714285714284,4450.0,2637.359529096148,5052.1,5055.0,3418.886230722036,18050.0,0,1,1,0,0,0,0,0,1,3116
1069,0,2014-04-27,-2.4492935982947064e-16,1.0,0.8660254037844387,-0.49999999999999983,0.9033558023246845,-0.4288919379124835,3116.0,0.0,0.0,3528.5714285714284,4450.0,2637.359529096148,4879.333333333333,4906.5,3540.8251457313895,18050.0,0,1,1,0,0,0,0,0,1,0
1069,0,2014-04-28,0.7818314824680298,0.6234898018587336,0.8660254037844387,-0.49999999999999983,0.895839290734909,-0.4443781781046132,0.0,0.0,11065.0,4788.285714285715,4886.0,2773.477643337912,5061.6,5089.5,3599.6333108267895,18050.0,1,1,1,0,0,0,0,0,1,8818
1069,0,2014-04-29,0.9749279121818236,-0.22252093395631434,0.8660254037844387,-0.49999999999999983,0.8880573226294932,-0.45973273945210397,8818.0,5625.0,9742.0,5176.571428571428,4886.0,3083.1156242315883,5339.7,5291.0,3516.4198206659653,18050.0,1,1,1,0,0,0,0,0,1,8343
1069,0,2014-04-30,0.43388373911755823,-0.900968867902419,0.8660254037844387,-0.49999999999999983,0.8800122039735357,-0.47495107206704995,8343.0,6623.0,11094.0,5598.428571428572,4886.0,3489.2855934103386,5255.266666666666,5291.0,3375.8778570539507,18050.0,1,1,1,0,0,0,0,0,1,9576
1069,0,2014-05-01,-0.433883739117558,-0.9009688679024191,0.49999999999999994,-0.8660254037844387,0.8717063187093218,-0.49002866642905923,9576.0,4886.0,8082.0,4900.428571428572,4450.0,4092.169426972398,5027.533333333334,5089.5,3494.2112398230574,18050.0,1,1,1,0,0,0,0,0,1,0
1069,0,2014-05-02,-0.9749279121818236,-0.2225209339563146,0.49999999999999994,-0.8660254037844387,0.8631421280499114,-0.5049610547215204,0.0,4450.0,0.0,5313.142857142857,7339.0,4183.828327762799,4996.1,5089.5,3468.068809224708,18050.0,1,1,1,0,0,0,0,0,1,7339
1069,0,2014-05-03,-0.7818314824680299,0.6234898018587334,0.49999999999999994,-0.8660254037844387,0.854322169749827,-0.5197438121555155,7339.0,3116.0,4519.0,5338.142857142857,7339.0,4169.008012648068,4900.933333333333,4906.5,3474.592170891863,18050.0,0,1,1,0,0,0,0,0,1,3291
1069,0,2014-05-04,-2.4492935982947064e-16,1.0,0.49999999999999994,-0.8660254037844387,0.8452490573530633,-0.5343725582809787,3291.0,0.0,0.0,5338.142857142857,7339.0,4169.008012648068,4695.5,4741.0,3578.051779178551,18050.0,0,1,1,0,0,0,0,0,1,0
1069,0,2014-05-05,0.7818314824680298,0.6234898018587336,0.49999999999999994,-0.8660254037844387,0.835925479418637,-0.548842958284719,0.0,8818.0,0.0,5451.857142857143,7339.0,4288.877064709416,4910.5,4906.5,3675.316460688377,18050.0,1,1,1,0,0,0,0,0,1,9614
1069,0,2014-05-06,0.9749279121818236,-0.22252093395631434,0.49999999999999994,-0.8660254037844387,0.8263541987239096,-0.5631507242749186,9614.0,8343.0,5625.0,5399.0,7339.0,4249.405762378231,5176.266666666666,5089.5,3595.3874658908603,18050.0,1,1,1,0,0,0,0,0,1,7973
1069,0,2014-05-07,0.43388373911755823,-0.900968867902419,0.49999999999999994,-0.8660254037844387,0.8165380514459161,-0.5772916165517272,7973.0,9576.0,6623.0,5215.714285714285,7339.0,4062.7873729860908,5277.633333333333,5128.5,3640.1854583612103,18050.0,1,1,1,0,0,0,0,0,1,8293
1069,0,2014-05-08,-0.433883739117558,-0.9009688679024191,0.49999999999999994,-0.8660254037844387,0.8064799463209448,-0.5912614448635781,8293.0,0.0,4886.0,6144.428571428572,7339.0,3352.813736607052,5316.666666666667,5276.0,3647.038149562993,18050.0,1,1,1,0,0,0,0,0,1,6501
1069,0,2014-05-09,-0.9749279121818236,-0.2225209339563146,0.49999999999999994,-0.8660254037844387,0.7961828637826158,-0.6050560696488488,6501.0,7339.0,4450.0,5949.142857142857,6501.0,3311.1914989708957,5301.2,5276.0,3643.10926696339,18050.0,1,1,1,0,0,0,0,0,1,5972
1069,0,2014-05-10,-0.7818314824680299,0.6234898018587334,0.49999999999999994,-0.8660254037844387,0.7856498550787145,-0.6186714032625031,5972.0,3291.0,3116.0,5973.857142857143,6501.0,3288.6134580078674,5263.633333333333,5276.0,3656.4713108578444,18050.0,0,1,1,0,0,0,0,0,1,3464
1069,0,2014-05-11,-2.4492935982947064e-16,1.0,0.49999999999999994,-0.8660254037844387,0.7748840413670407,-0.6321034111873487,3464.0,0.0,0.0,5973.857142857143,6501.0,3288.6134580078674,5099.4,5255.5,3780.6541451866874,18050.0,0,1,1,0,0,0,0,0,1,0
1069,0,2014-05-12,0.7818314824680298,0.6234898018587336,0.49999999999999994,-0.8660254037844387,0.7638886127905428,-0.6453481132295501,0.0,9614.0,8818.0,5301.571428571428,5972.0,2875.5146123284208,5109.8,5266.5,3779.650616949527,18050.0,0,1,1,0,0,0,0,0,1,4908
1069,0,2014-05-13,0.9749279121818236,-0.22252093395631434,0.49999999999999994,-0.8660254037844387,0.7526668275320084,-0.6584015846980488,4908.0,7973.0,8343.0,4782.857142857143,4908.0,2630.3453783721616,5254.533333333334,5266.5,3658.424540637715,18050.0,0,1,1,0,0,0,0,0,1,4342
1069,0,2014-05-14,0.43388373911755823,-0.900968867902419,0.49999999999999994,-0.8660254037844387,0.741222010848596,-0.6712599575675313,4342.0,8293.0,9576.0,4506.285714285715,4908.0,2277.926009501161,5097.6,5266.5,3498.0442870956913,18050.0,0,1,1,0,0,0,0,0,1,6357
1069,0,2014-05-15,-0.433883739117558,-0.9009688679024191,0.49999999999999994,-0.8660254037844387,0.7295575540864875,-0.6839194216246106,6357.0,6501.0,0.0,4203.714285714285,4383.0,2102.742234502813,4918.966666666666,4897.0,3387.7874326034366,18050.0,0,1,1,0,0,0,0,0,1,4383
1069,0,2014-05-16,-0.9749279121818236,-0.2225209339563146,0.49999999999999994,-0.8660254037844387,0.717676913675962,-0.6963762255968722,4383.0,5972.0,7339.0,4074.1428571428573,4383.0,2001.108311958764,4718.0,4897.0,3181.3826315418105,18050.0,0,1,1,0,0,0,0,0,1,5065
1069,0,2014-05-17,-0.7818314824680299,0.6234898018587334,0.49999999999999994,-0.8660254037844387,0.705583610107178,-0.7086266782644596,5065.0,3464.0,3291.0,4031.285714285714,4383.0,2019.4815930733023,4554.066666666667,4702.5,3128.329199686188,18050.0,0,1,1,0,0,0,0,0,1,3164
1069,0,2014-05-18,-2.4492935982947064e-16,1.0,0.49999999999999994,-0.8660254037844387,0.6932812268869777,-0.7206671495538609,3164.0,0.0,0.0,4031.285714285714,4383.0,2019.481593073302,4554.066666666667,4702.5,3128.329199686188,18050.0,0,1,1,0,0,0,0,0,1,0
1069,0,2014-05-19,0.7818314824680298,0.6234898018587336,0.49999999999999994,-0.8660254037844387,0.6807734094770161,-0.7324940716135789,0.0,4908.0,9614.0,4553.857142857143,4383.0,2656.8551226698687,4688.966666666666,4897.0,3212.8798069680447,18050.0,1,1,1,0,0,0,0,0,1,8566
1069,0,2014-05-20,0.9749279121818236,-0.22252093395631434,0.49999999999999994,-0.8660254037844387,0.6680638642135335,-0.7441039398713607,8566.0,4342.0,7973.0,4894.571428571428,5065.0,2775.4380349260664,4913.2,4986.5,3107.3553274504225,18050.0,1,1,1,0,0,0,0,0,1,6727
1069,0,2014-05-21,0.43388373911755823,-0.900968867902419,0.49999999999999994,-0.8660254037844387,0.6551563572090853,-0.7554933140726803,6727.0,6357.0,8293.0,5123.571428571428,5065.0,2975.158419151424,5178.533333333334,5345.0,3011.7325719687524,18050.0,1,1,1,0,0,0,0,0,1,7960
1069,0,2014-05-22,-0.433883739117558,-0.9009688679024191,0.49999999999999994,-0.8660254037844387,0.6420547132365637,-0.766658819300159,7960.0,4383.0,6501.0,5279.714285714285,5476.0,2958.4483948113552,5173.566666666667,5270.5,3011.093703043098,18050.0,1,1,1,0,0,0,0,0,1,5476
1069,0,2014-05-23,-0.9749279121818236,-0.2225209339563146,0.49999999999999994,-0.8660254037844387,0.6287628145958344,-0.777597146973627,5476.0,5065.0,5972.0,5292.571428571428,5476.0,2957.55517599378,5124.633333333333,5110.0,2998.629152121694,18050.0,1,1,1,0,0,0,0,0,1,5155
1069,0,2014-05-24,-0.7818314824680299,0.6234898018587334,0.49999999999999994,-0.8660254037844387,0.6152845999633276,-0.7883050558305255,5155.0,3164.0,3464.0,5250.285714285715,5476.0,2994.9404398243414,5057.366666666667,5110.0,3026.6701343719133,18050.0,0,1,1,0,0,0,0,0,1,2868
1069,0,2014-05-25,-2.4492935982947064e-16,1.0,0.49999999999999994,-0.8660254037844387,0.6016240632249226,-0.7987793728863649,2868.0,0.0,0.0,5250.285714285715,5476.0,2994.9404398243414,4909.033333333334,5110.0,3163.4181151508265,18050.0,0,1,1,0,0,0,0,0,1,0
1069,0,2014-05-26,0.7818314824680298,0.6234898018587336,0.49999999999999994,-0.8660254037844387,0.5877852522924732,-0.8090169943749473,0.0,8566.0,4908.0,4757.285714285715,5155.0,2618.555817894389,4975.666666666667,5135.0,3145.3494113596144,18050.0,0,1,1,0,0,0,0,0,1,5115
1069,0,2014-05-27,0.9749279121818236,-0.22252093395631434,0.49999999999999994,-0.8660254037844387,0.5737722679043246,-0.8190148866680801,5115.0,6727.0,4342.0,4453.857142857143,5115.0,2471.1857766782978,5129.1,5135.0,3003.324782349706,18050.0,0,1,1,0,0,0,0,0,1,4603
1069,0,2014-05-28,0.43388373911755823,-0.900968867902419,0.49999999999999994,-0.8660254037844387,0.5595892624101765,-0.8287700871745037,4603.0,7960.0,6357.0,4098.142857142857,5115.0,2020.4923021029113,5017.5,5135.0,2922.6430262043177,18050.0,0,1,1,0,0,0,0,0,1,5470
1069,0,2014-05-29,-0.433883739117558,-0.9009688679024191,0.49999999999999994,-0.8660254037844387,0.545240438540651,-0.8382797052177743,5470.0,5476.0,4383.0,3315.8571428571427,4603.0,2418.91238842111,4739.4,5090.0,2991.4221805136435,18050.0,0,1,1,0,0,0,0,0,1,0
1069,0,2014-05-30,-0.9749279121818236,-0.2225209339563146,0.49999999999999994,-0.8660254037844387,0.5307300481619334,-0.8475409228928311,0.0,5155.0,5065.0,3680.8571428571427,4603.0,2889.6451009637476,4677.2,5090.0,2905.5552784041306,18050.0,0,1,1,0,0,0,0,0,1,7710
1069,0,2014-05-31,-0.7818314824680299,0.6234898018587334,0.49999999999999994,-0.8660254037844387,0.5160623910158528,-0.8565509959010036,7710.0,2868.0,3164.0,3817.8571428571427,4603.0,2867.3312463317616,4804.766666666666,5090.0,2774.1648968135764,18050.0,0,1,1,0,0,0,0,0,1,3827
1069,0,2014-06-01,-2.4492935982947064e-16,1.0,1.2246467991473532e-16,-1.0,0.5012418134457758,-0.865307254363206,3827.0,0.0,0.0,3817.8571428571427,4603.0,2867.3312463317616,4560.133333333333,4986.5,2865.079980027443,18050.0,0,1,1,0,0,0,0,0,1,0
1069,0,2014-06-02,0.7818314824680298,0.6234898018587336,1.2246467991473532e-16,-1.0,0.48627270710869,-0.8738071036110808,0.0,5115.0,8566.0,4495.285714285715,4603.0,3672.0982064883856,4779.0,5090.0,3011.820585854899,18050.0,1,1,1,0,0,0,0,0,1,9857
1069,0,2014-06-03,0.9749279121818236,-0.22252093395631434,1.2246467991473532e-16,-1.0,0.4711595076738638,-0.8820480249558537,9857.0,4603.0,6727.0,5041.428571428572,5470.0,3963.5177917746587,5059.866666666667,5135.0,2942.8816482152906,18050.0,1,1,1,0,0,0,0,0,1,8426
1069,0,2014-06-04,0.43388373911755823,-0.900968867902419,1.2246467991473532e-16,-1.0,0.4559066935084588,-0.8900275764346767,8426.0,5470.0,7960.0,5563.571428571428,7710.0,4259.113556330033,5043.566666666667,5135.0,2918.036818601282,18050.0,1,1,1,0,0,0,0,0,1,9125
1069,0,2014-06-05,-0.433883739117558,-0.9009688679024191,1.2246467991473532e-16,-1.0,0.440518784350495,-0.8977433935342337,9125.0,0.0,5476.0,6497.428571428572,7710.0,3481.6160451310925,4995.7,5135.0,2879.854248586809,18050.0,1,1,1,0,0,0,0,0,1,6537
1069,0,2014-06-06,-0.9749279121818236,-0.2225209339563146,1.2246467991473532e-16,-1.0,0.42500033996955416,-0.9051931898913974,6537.0,7710.0,5155.0,6233.428571428572,6537.0,3444.2093847085234,4914.666666666667,5135.0,2817.400065031025,18050.0,1,1,1,0,0,0,0,0,1,5862
1069,0,2014-06-07,-0.7818314824680299,0.6234898018587334,1.2246467991473532e-16,-1.0,0.4093559588156213,-0.9123747579707273,5862.0,3827.0,2868.0,6151.142857142857,6537.0,3517.386692255647,4806.333333333333,5090.0,2816.783447215243,18050.0,0,1,1,0,0,0,0,0,1,3251
1069,0,2014-06-08,-2.4492935982947064e-16,1.0,1.2246467991473532e-16,-1.0,0.39359027665646673,-0.9192859697186104,3251.0,0.0,0.0,6151.142857142857,6537.0,3517.386692255647,4607.266666666666,4986.5,2939.8981677571155,18050.0,0,1,1,0,0,0,0,0,1,0
1069,0,2014-06-09,0.7818314824680298,0.6234898018587336,1.2246467991473532e-16,-1.0,0.3777079652039649,-0.9259247771938498,0.0,9857.0,5115.0,4743.0,5862.0,3751.7811769878017,4491.8,4986.5,3052.2287323336027,18050.0,0,1,1,0,0,0,0,0,1,0
1069,0,2014-06-10,0.9749279121818236,-0.22252093395631434,1.2246467991473532e-16,-1.0,0.36171373072976765,-0.9322892131745133,0.0,8426.0,4603.0,4207.428571428572,4677.0,3388.3914992782234,4647.7,4986.5,2931.962943149186,18050.0,0,1,1,0,0,0,0,0,1,4677
1069,0,2014-06-11,0.43388373911755823,-0.900968867902419,1.2246467991473532e-16,-1.0,0.3456123126707335,-0.9383773917408641,4677.0,9125.0,5470.0,3752.285714285714,4677.0,2776.4764069041194,4682.066666666667,5090.0,2941.1472185049797,18050.0,0,1,1,0,0,0,0,0,1,5939
1069,0,2014-06-12,-0.433883739117558,-0.9009688679024191,1.2246467991473532e-16,-1.0,0.3294084822245304,-0.9441875088341993,5939.0,6537.0,0.0,3586.1428571428573,4677.0,2611.9924341755755,4716.466666666666,5135.0,2943.0671748029026,18050.0,0,1,1,0,0,0,0,0,1,5374
1069,0,2014-06-13,-0.9749279121818236,-0.2225209339563146,1.2246467991473532e-16,-1.0,0.3131070409358269,-0.9497178427914316,5374.0,5862.0,7710.0,3453.4285714285716,4677.0,2498.2071476122474,4669.0,5090.0,2927.136013474493,18050.0,0,1,1,0,0,0,0,0,1,4933
1069,0,2014-06-14,-0.7818314824680299,0.6234898018587334,1.2246467991473532e-16,-1.0,0.29671281927349075,-0.9549667548552551,4933.0,3251.0,3827.0,3373.714285714286,4677.0,2514.591664285716,4612.666666666667,5090.0,2949.0104048334806,18050.0,0,1,1,0,0,0,0,0,1,2693
1069,0,2014-06-15,-2.4492935982947064e-16,1.0,1.2246467991473532e-16,-1.0,0.28023067519921585,-0.9599326896597447,2693.0,0.0,0.0,3373.714285714286,4677.0,2514.591664285716,4443.833333333333,5024.0,3064.930421478729,18050.0,0,1,1,0,0,0,0,0,1,0
1069,0,2014-06-16,0.7818314824680298,0.6234898018587336,1.2246467991473532e-16,-1.0,0.26366549272800704,-0.9646141756912435,0.0,0.0,9857.0,4678.0,4933.0,2822.0493735345317,4642.7,5135.0,3170.749407229829,18050.0,1,1,1,0,0,0,0,0,1,9130
1069,0,2014-06-17,0.9749279121818236,-0.22252093395631434,1.2246467991473532e-16,-1.0,0.24702218048093552,-0.9690098257244062,9130.0,4677.0,8426.0,5115.285714285715,5374.0,3049.8317830270385,4900.633333333333,5264.5,3093.855049580723,18050.0,1,1,1,0,0,0,0,0,1,7738
1069,0,2014-06-18,0.43388373911755823,-0.900968867902419,1.2246467991473532e-16,-1.0,0.23030567023061221,-0.9731183372332619,7738.0,5939.0,9125.0,5545.142857142857,5374.0,3379.5117215642945,4913.366666666667,5264.5,3110.203635459105,18050.0,1,1,1,0,0,0,0,0,1,8948
1069,0,2014-06-19,-0.433883739117558,-0.9009688679024191,1.2246467991473532e-16,-1.0,0.21352091543979612,-0.9769384927771817,8948.0,5374.0,6537.0,5662.714285714285,6197.0,3386.8732736003803,4895.7,5264.5,3101.038303870014,18050.0,1,1,1,0,0,0,0,0,1,6197
1069,0,2014-06-20,-0.9749279121818236,-0.2225209339563146,1.2246467991473532e-16,-1.0,0.19667288979357647,-0.980469160361632,6197.0,4933.0,5862.0,5678.285714285715,6197.0,3383.2077832675145,4798.433333333333,5135.0,3046.8998567038025,18050.0,1,1,1,0,0,0,0,0,1,5042
1069,0,2014-06-21,-0.7818314824680299,0.6234898018587334,1.2246467991473532e-16,-1.0,0.1797665857255624,-0.9837092937736097,5042.0,2693.0,3251.0,5727.857142857143,6197.0,3334.366228064507,4717.233333333334,5078.5,3060.648744430117,18050.0,0,1,1,0,0,0,0,0,1,3040
1069,0,2014-06-22,-2.4492935982947064e-16,1.0,1.2246467991473532e-16,-1.0,0.16280701293851715,-0.986657932891657,3040.0,0.0,0.0,5727.857142857143,6197.0,3334.366228064507,4545.4,4987.5,3177.6938135090722,18050.0,0,1,1,0,0,0,0,0,1,0
1069,0,2014-06-23,0.7818314824680298,0.6234898018587336,1.2246467991473532e-16,-1.0,0.1457991969198751,-0.9893142039703663,0.0,9130.0,0.0,5133.0,5042.0,2978.726069983606,4615.333333333333,5004.0,3162.5552450765126,18050.0,0,1,1,0,0,0,0,0,1,4966
1069,0,2014-06-24,0.9749279121818236,-0.22252093395631434,1.2246467991473532e-16,-1.0,0.12874817745258132,-0.99167731989929,4966.0,7738.0,4677.0,4746.857142857143,5035.0,2751.2630086665868,4783.166666666667,5038.5,3040.421319299452,18050.0,0,1,1,0,0,0,0,0,1,5035
1069,0,2014-06-25,0.43388373911755823,-0.900968867902419,1.2246467991473532e-16,-1.0,0.11165900712169512,-0.993746580436178,5035.0,8948.0,5939.0,4206.857142857143,5035.0,2077.7892440902456,4784.933333333333,5038.5,3040.6361736041245,18050.0,0,1,1,0,0,0,0,0,1,5168
1069,0,2014-06-26,-0.433883739117558,-0.9009688679024191,1.2246467991473532e-16,-1.0,0.09453674981719912,-0.9955213724144752,5168.0,6197.0,5374.0,3973.1428571428573,4966.0,1901.1242663725184,4783.533333333334,5038.5,3040.7324972019937,18050.0,0,1,1,0,0,0,0,0,1,4561
1069,0,2014-06-27,-0.9749279121818236,-0.2225209339563146,1.2246467991473532e-16,-1.0,0.07738647923346301,-0.9970011699250151,4561.0,5042.0,4933.0,3961.285714285714,4959.0,1893.5907437357932,4766.5,5000.5,3038.184675211449,18050.0,0,1,1,0,0,0,0,0,1,4959
1069,0,2014-06-28,-0.7818314824680299,0.6234898018587334,1.2246467991473532e-16,-1.0,0.06021327736579302,-0.9981855344718586,4959.0,3040.0,2693.0,4002.5714285714284,4959.0,1873.1969870734158,4877.466666666666,5000.5,2916.4450104280418,18050.0,0,1,1,0,0,0,0,0,1,3329
1069,0,2014-06-29,-2.4492935982947064e-16,1.0,1.2246467991473532e-16,-1.0,0.04302223300453059,-0.99907411510223,3329.0,0.0,0.0,4002.5714285714284,4959.0,1873.1969870734156,4620.466666666666,4962.5,2996.8308517537366,18050.0,0,1,1,0,0,0,0,0,1,0
1069,0,2014-06-30,0.7818314824680298,0.6234898018587336,1.2246467991473532e-16,-1.0,0.02581844022713308,-0.9996666485105112,0.0,4966.0,9130.0,5089.857142857143,4959.0,3772.0573709215755,4912.133333333333,5000.5,3324.7950907390286,18050.0,1,1,1,0,0,0,0,0,1,12577
1069,0,2014-07-01,0.9749279121818236,-0.22252093395631434,-0.4999999999999998,-0.8660254037844388,0.008606996888688698,-0.9999629591162655,12577.0,5035.0,7738.0,5344.857142857143,4959.0,3827.6561770258036,5139.466666666666,5038.5,3208.469919289966,18050.0,1,1,1,0,0,0,0,0,1,6820
1069,0,2014-07-02,0.43388373911755823,-0.900968867902419,-0.4999999999999998,-0.8660254037844388,-0.008606996888688009,-0.9999629591162655,6820.0,5168.0,8948.0,5913.285714285715,4959.0,4083.8900048150854,5115.8,5038.5,3174.9151321809813,18050.0,1,1,1,0,0,0,0,0,1,9147
1069,0,2014-07-03,-0.433883739117558,-0.9009688679024191,-0.4999999999999998,-0.8660254037844388,-0.02581844022713239,-0.9996666485105112,9147.0,4561.0,6197.0,6079.714285714285,5726.0,4043.131118093405,5025.8,5038.5,3115.5583813477574,18050.0,1,1,1,0,0,0,0,0,1,5726
1069,0,2014-07-04,-0.9749279121818236,-0.2225209339563146,-0.4999999999999998,-0.8660254037844388,-0.04302223300453034,-0.99907411510223,5726.0,4959.0,5042.0,6041.0,5726.0,4056.9247795179363,4877.9,5000.5,3018.0425987030485,18050.0,1,1,1,0,0,0,0,0,1,4688
1069,0,2014-07-05,-0.7818314824680299,0.6234898018587334,-0.4999999999999998,-0.8660254037844388,-0.060213277365792774,-0.9981855344718586,4688.0,3329.0,3040.0,5962.571428571428,5726.0,4122.862106884117,4752.666666666667,4962.5,3024.76515284825,18050.0,0,1,1,0,0,0,0,0,1,2780
1069,0,2014-07-06,-2.4492935982947064e-16,1.0,-0.4999999999999998,-0.8660254037844388,-0.07738647923346322,-0.9970011699250151,2780.0,0.0,0.0,5962.571428571428,5726.0,4122.862106884117,4557.266666666666,4946.0,3137.8595156937668,18050.0,0,1,1,0,0,0,0,0,1,0
1069,0,2014-07-07,0.7818314824680298,0.6234898018587336,-0.4999999999999998,-0.8660254037844388,-0.09453674981719933,-0.9955213724144752,0.0,12577.0,4966.0,4945.857142857143,5460.0,2922.7244384062487,4630.9,4962.5,3132.062483962974,18050.0,0,1,1,0,0,0,0,0,1,5460
1069,0,2014-07-08,0.9749279121818236,-0.22252093395631434,-0.4999999999999998,-0.8660254037844388,-0.11165900712169444,-0.9937465804361781,5460.0,6820.0,5035.0,4697.142857142857,5079.0,2808.5053218495277,4800.2,5000.5,3007.922474697968,18050.0,0,1,1,0,0,0,0,0,1,5079
1069,0,2014-07-09,0.43388373911755823,-0.900968867902419,-0.4999999999999998,-0.8660254037844388,-0.12874817745258066,-0.99167731989929,5079.0,9147.0,5168.0,4205.142857142857,5079.0,2115.115633448232,4990.3,5038.5,2871.1965443960426,18050.0,0,1,1,0,0,0,0,0,1,5703
1069,0,2014-07-10,-0.433883739117558,-0.9009688679024191,-0.4999999999999998,-0.8660254037844388,-0.14579919691987442,-0.9893142039703664,5703.0,5726.0,4561.0,4002.1428571428573,4688.0,2010.4222963158218,4977.9,5038.5,2873.398712686601,18050.0,0,1,1,0,0,0,0,0,1,4305
1069,0,2014-07-11,-0.9749279121818236,-0.2225209339563146,-0.4999999999999998,-0.8660254037844388,-0.16280701293851646,-0.9866579328916572,4305.0,4688.0,4959.0,4007.5714285714284,4726.0,2012.6330065482855,4937.466666666666,5000.5,2867.9373788832017,18050.0,0,1,1,0,0,0,0,0,1,4726
1069,0,2014-07-12,-0.7818314824680299,0.6234898018587334,-0.4999999999999998,-0.8660254037844388,-0.17976658572556214,-0.9837092937736098,4726.0,2780.0,3329.0,4037.285714285714,4726.0,1992.9276382820685,4857.933333333333,4962.5,2888.4250085271565,18050.0,0,1,1,0,0,0,0,0,1,2988
1069,0,2014-07-13,-2.4492935982947064e-16,1.0,-0.4999999999999998,-0.8660254037844388,-0.19667288979357622,-0.9804691603616321,2988.0,0.0,0.0,4037.285714285714,4726.0,1992.9276382820685,4693.5,4962.5,3021.3590428013154,18050.0,0,1,1,0,0,0,0,0,1,0
1069,0,2014-07-14,0.7818314824680298,0.6234898018587336,-0.4999999999999998,-0.8660254037844388,-0.2135209154397959,-0.9769384927771817,0.0,5460.0,12577.0,4474.714285714285,4726.0,2600.631443469428,4887.8,5000.5,3075.2209945819,18050.0,1,1,1,0,0,0,0,0,1,8522
1069,0,2014-07-15,0.9749279121818236,-0.22252093395631434,-0.4999999999999998,-0.8660254037844388,-0.23030567023061196,-0.973118337233262,8522.0,5079.0,6820.0,4823.285714285715,4726.0,2846.978030256272,5138.433333333333,5038.5,2967.6453766596255,18050.0,1,1,1,0,0,0,0,0,1,7519
1069,0,2014-07-16,0.43388373911755823,-0.900968867902419,-0.4999999999999998,-0.8660254037844388,-0.24702218048093527,-0.9690098257244063,7519.0,5703.0,9147.0,5206.142857142857,4726.0,3149.161657148951,5113.533333333334,5038.5,2935.964045788193,18050.0,1,1,1,0,0,0,0,0,1,8383
1069,0,2014-07-17,-0.433883739117558,-0.9009688679024191,-0.4999999999999998,-0.8660254037844388,-0.2636654927280072,-0.9646141756912435,8383.0,4305.0,5726.0,5501.857142857143,6375.0,3147.6275419523713,5068.1,5038.5,2904.3261946323523,18050.0,1,1,1,0,0,0,0,0,1,6375
1069,0,2014-07-18,-0.9749279121818236,-0.2225209339563146,-0.4999999999999998,-0.8660254037844388,-0.2802306751992161,-0.9599326896597445,6375.0,4726.0,4688.0,5528.285714285715,6375.0,3140.7966990497634,4933.533333333334,5000.5,2810.3627172126553,18050.0,1,1,1,0,0,0,0,0,1,4911
1069,0,2014-07-19,-0.7818314824680299,0.6234898018587334,-0.4999999999999998,-0.8660254037844388,-0.2967128192734901,-0.9549667548552553,4911.0,2988.0,2780.0,5452.0,6375.0,3218.308769110465,4808.766666666666,4962.5,2835.31154626222,18050.0,0,1,1,0,0,0,0,0,1,2454
1069,0,2014-07-20,-2.4492935982947064e-16,1.0,-0.4999999999999998,-0.8660254037844388,-0.3131070409358267,-0.9497178427914317,2454.0,0.0,0.0,5452.0,6375.0,3218.308769110465,4640.7,4935.0,2967.3696833948875,18050.0,0,1,1,0,0,0,0,0,1,0
1069,0,2014-07-21,0.7818314824680298,0.6234898018587336,-0.4999999999999998,-0.8660254037844388,-0.3294084822245302,-0.9441875088341994,0.0,8522.0,5460.0,5000.857142857143,5364.0,2924.1295815205913,4718.166666666667,4962.5,2954.4477993104933,18050.0,0,1,1,0,0,0,0,0,1,5364
1069,0,2014-07-22,0.9749279121818236,-0.22252093395631434,-0.4999999999999998,-0.8660254037844388,-0.3456123126707333,-0.9383773917408642,5364.0,7519.0,5079.0,4617.857142857143,4911.0,2706.8388345430635,4879.433333333333,4962.5,2816.865140460274,18050.0,0,1,1,0,0,0,0,0,1,4838
1069,0,2014-07-23,0.43388373911755823,-0.900968867902419,-0.4999999999999998,-0.8660254037844388,-0.3617137307297674,-0.9322892131745134,4838.0,8383.0,5703.0,4316.285714285715,4911.0,2305.2523154950327,4922.966666666666,4997.0,2828.3176488839713,18050.0,0,1,1,0,0,0,0,0,1,6272
1069,0,2014-07-24,-0.433883739117558,-0.9009688679024191,-0.4999999999999998,-0.8660254037844388,-0.37770796520396466,-0.9259247771938499,6272.0,6375.0,4305.0,4065.1428571428573,4838.0,2132.9066574802982,4909.033333333334,4935.0,2828.776273540765,18050.0,0,1,1,0,0,0,0,0,1,4617
1069,0,2014-07-25,-0.9749279121818236,-0.2225209339563146,-0.4999999999999998,-0.8660254037844388,-0.39359027665646645,-0.9192859697186105,4617.0,4911.0,4726.0,3980.714285714286,4617.0,2105.363208117594,4880.766666666666,4874.5,2830.335714013982,18050.0,0,1,1,0,0,0,0,0,1,4320
1069,0,2014-07-26,-0.7818314824680299,0.6234898018587334,-0.4999999999999998,-0.8660254037844388,-0.4093559588156211,-0.9123747579707274,4320.0,2454.0,2988.0,4029.285714285714,4617.0,2067.8590147207506,4821.866666666667,4874.5,2855.493649372949,18050.0,0,1,1,0,0,0,0,0,1,2794
1069,0,2014-07-27,-2.4492935982947064e-16,1.0,-0.4999999999999998,-0.8660254037844388,-0.42500033996955394,-0.9051931898913975,2794.0,0.0,0.0,4029.285714285714,4617.0,2067.8590147207506,4656.566666666667,4782.0,2987.752848146787,18050.0,0,1,1,0,0,0,0,0,1,0
1069,0,2014-07-28,0.7818314824680298,0.6234898018587336,-0.4999999999999998,-0.8660254037844388,-0.4405187843504952,-0.8977433935342336,0.0,5364.0,8522.0,4460.285714285715,4617.0,2630.331836751505,4824.966666666666,4874.5,3052.02905354425,18050.0,1,1,1,0,0,0,0,0,1,8381
1069,0,2014-07-29,0.9749279121818236,-0.22252093395631434,-0.4999999999999998,-0.8660254037844388,-0.455906693508459,-0.8900275764346766,8381.0,4838.0,7519.0,4701.714285714285,4617.0,2745.8038722315696,5042.566666666667,4995.0,2926.2844828746056,18050.0,1,1,1,0,0,0,0,0,1,6528
1069,0,2014-07-30,0.43388373911755823,-0.900968867902419,-0.4999999999999998,-0.8660254037844388,-0.47115950767386394,-0.8820480249558535,6528.0,6272.0,8383.0,5070.571428571428,4617.0,3137.406670970086,4918.466666666666,4995.0,2662.8245275210807,18050.0,1,1,1,0,0,0,0,0,1,8854
1069,0,2014-07-31,-0.433883739117558,-0.9009688679024191,-0.4999999999999998,-0.8660254037844388,-0.4862727071086902,-0.8738071036110807,8854.0,4617.0,6375.0,5453.0,6528.0,3234.554837995482,4934.266666666666,4995.0,2675.870724331313,18050.0,1,1,1,0,0,0,0,0,1,7294
1069,0,2014-08-01,-0.9749279121818236,-0.2225209339563146,-0.8660254037844384,-0.5000000000000004,-0.5012418134457756,-0.8653072543632061,7294.0,4320.0,4911.0,5734.571428571428,6528.0,3205.142943101644,4839.066666666667,4995.0,2569.515933660148,18050.0,1,1,1,0,0,0,0,0,1,6291
1069,0,2014-08-02,-0.7818314824680299,0.6234898018587334,-0.8660254037844384,-0.5000000000000004,-0.5160623910158526,-0.8565509959010037,6291.0,2794.0,2454.0,5777.285714285715,6528.0,3161.1130800339756,4751.3,4874.5,2583.1079936573688,18050.0,0,1,1,0,0,0,0,0,1,3093
1069,0,2014-08-03,-2.4492935982947064e-16,1.0,-0.8660254037844384,-0.5000000000000004,-0.5307300481619331,-0.8475409228928312,3093.0,0.0,0.0,5777.285714285715,6528.0,3161.1130800339756,4595.033333333334,4874.5,2724.9753365961888,18050.0,0,1,1,0,0,0,0,0,1,0
1069,0,2014-08-04,0.7818314824680298,0.6234898018587336,-0.8660254037844384,-0.5000000000000004,-0.5452404385406507,-0.8382797052177745,0.0,8381.0,5364.0,5834.428571428572,6528.0,3219.1077882514182,4795.066666666667,4995.0,2806.1926462408346,18050.0,1,1,1,0,0,0,0,0,1,8781
1069,0,2014-08-05,0.9749279121818236,-0.22252093395631434,-0.8660254037844384,-0.5000000000000004,-0.5595892624101763,-0.828770087174504,8781.0,6528.0,4838.0,5924.428571428572,7158.0,3250.3853544435215,5033.666666666667,5221.5,2686.169485670474,18050.0,1,1,1,0,0,0,0,0,1,7158
1069,0,2014-08-06,0.43388373911755823,-0.900968867902419,-0.8660254037844384,-0.5000000000000004,-0.5737722679043243,-0.8190148866680802,7158.0,8854.0,6272.0,5900.428571428572,7158.0,3225.6752707581923,5141.2,5221.5,2767.1756097458774,18050.0,1,1,1,0,0,0,0,0,1,8686
1069,0,2014-08-07,-0.433883739117558,-0.9009688679024191,-0.8660254037844384,-0.5000000000000004,-0.5877852522924734,-0.8090169943749472,8686.0,7294.0,4617.0,5783.714285714285,6477.0,3181.3237137123524,5187.8,5533.5,2777.842817230924,18050.0,1,1,1,0,0,0,0,0,1,6477
1069,0,2014-08-08,-0.9749279121818236,-0.2225209339563146,-0.8660254037844384,-0.5000000000000004,-0.6016240632249227,-0.7987793728863648,6477.0,6291.0,4320.0,5607.285714285715,6477.0,3182.746807098425,5166.233333333334,5210.0,2776.216088719397,18050.0,1,1,1,0,0,0,0,0,1,5056
1069,0,2014-08-09,-0.7818314824680299,0.6234898018587334,-0.8660254037844384,-0.5000000000000004,-0.6152845999633277,-0.7883050558305253,5056.0,3093.0,2794.0,5530.0,6477.0,3259.616286211203,5107.8,5210.0,2813.1707279913962,18050.0,0,1,1,0,0,0,0,0,1,2552
1069,0,2014-08-10,-2.4492935982947064e-16,1.0,-0.8660254037844384,-0.5000000000000004,-0.6287628145958345,-0.7775971469736268,2552.0,0.0,0.0,5530.0,6477.0,3259.616286211203,4950.266666666666,5210.0,2963.5911572155983,18050.0,0,1,1,0,0,0,0,0,1,0
1069,0,2014-08-11,0.7818314824680298,0.6234898018587336,-0.8660254037844384,-0.5000000000000004,-0.6420547132365636,-0.7666588193001592,0.0,8781.0,8381.0,5071.857142857143,5574.0,2935.8207500102,5036.466666666666,5469.0,2942.078455239028,18050.0,0,1,1,0,0,0,0,0,1,5574
1069,0,2014-08-12,0.9749279121818236,-0.22252093395631434,-0.8660254037844384,-0.5000000000000004,-0.655156357209085,-0.7554933140726804,5574.0,7158.0,6528.0,4810.142857142857,5326.0,2797.2425963539736,5214.0,5469.0,2784.1375436693183,18050.0,0,1,1,0,0,0,0,0,1,5326
1069,0,2014-08-13,0.43388373911755823,-0.900968867902419,-0.8660254037844384,-0.5000000000000004,-0.6680638642135333,-0.7441039398713608,5326.0,8686.0,8854.0,4499.285714285715,5326.0,2385.30981316094,5146.933333333333,5469.0,2725.3158492477487,18050.0,0,1,1,0,0,0,0,0,1,6510
1069,0,2014-08-14,-0.433883739117558,-0.9009688679024191,-0.8660254037844384,-0.5000000000000004,-0.6807734094770159,-0.7324940716135792,6510.0,6477.0,7294.0,4264.571428571428,5056.0,2234.325465484887,5057.433333333333,5345.0,2688.5707481515433,18050.0,0,1,1,0,0,0,0,0,1,4834
1069,0,2014-08-15,-0.9749279121818236,-0.2225209339563146,-0.8660254037844384,-0.5000000000000004,-0.6932812268869771,-0.7206671495538615,4834.0,5056.0,6291.0,4256.714285714285,5001.0,2231.172988533582,4944.7,5191.0,2614.1952958468196,18050.0,0,1,1,0,0,0,0,0,1,5001
1069,0,2014-08-16,-0.7818314824680299,0.6234898018587334,-0.8660254037844384,-0.5000000000000004,-0.7055836101071774,-0.7086266782644601,5001.0,2552.0,3093.0,4306.142857142857,5001.0,2190.5763646866503,4828.8,5028.5,2625.647590398523,18050.0,0,1,1,0,0,0,0,0,1,2898
1069,0,2014-08-17,-2.4492935982947064e-16,1.0,-0.8660254037844384,-0.5000000000000004,-0.7176769136759615,-0.6963762255968726,2898.0,0.0,0.0,4306.142857142857,5001.0,2190.5763646866503,4665.1,5028.5,2769.4973694355426,18050.0,0,1,1,0,0,0,0,0,1,0
1069,0,2014-08-18,0.7818314824680298,0.6234898018587336,-0.8660254037844384,-0.5000000000000004,-0.7295575540864876,-0.6839194216246105,0.0,5574.0,8781.0,4803.571428571428,5001.0,2828.821418726816,4885.166666666667,5191.0,2848.904896481358,18050.0,1,1,1,0,0,0,0,0,1,9056
1069,0,2014-08-19,0.9749279121818236,-0.22252093395631434,-0.8660254037844384,-0.5000000000000004,-0.7412220108485957,-0.6712599575675315,9056.0,5326.0,7158.0,5141.857142857143,5001.0,3035.730797714194,5141.633333333333,5345.0,2738.1276699200257,18050.0,1,1,1,0,0,0,0,0,1,7694
1069,0,2014-08-20,0.43388373911755823,-0.900968867902419,-0.8660254037844384,-0.5000000000000004,-0.7526668275320083,-0.6584015846980489,7694.0,6510.0,8686.0,5492.714285714285,5001.0,3346.2545586713145,5261.7,5450.0,2825.7852390515177,18050.0,1,1,1,0,0,0,0,0,1,8966
1069,0,2014-08-21,-0.433883739117558,-0.9009688679024191,-0.8660254037844384,-0.5000000000000004,-0.7638886127905429,-0.64534811322955,8966.0,4834.0,6477.0,5698.714285714285,6276.0,3343.3291150331816,5309.633333333333,5923.0,2830.5425272994294,18050.0,1,1,1,0,0,0,0,0,1,6276
1069,0,2014-08-22,-0.9749279121818236,-0.2225209339563146,-0.8660254037844384,-0.5000000000000004,-0.7748840413670406,-0.6321034111873488,6276.0,5001.0,5056.0,5827.857142857143,6276.0,3329.3167681758864,5297.4,5739.5,2827.0307391325027,18050.0,1,1,1,0,0,0,0,0,1,5905
1069,0,2014-08-23,-0.7818314824680299,0.6234898018587334,-0.8660254037844384,-0.5000000000000004,-0.7856498550787144,-0.6186714032625032,5905.0,2898.0,2552.0,5861.857142857143,6276.0,3295.4524438267645,5248.033333333334,5739.5,2852.1412099700215,18050.0,0,1,1,0,0,0,0,0,1,3136
1069,0,2014-08-24,-2.4492935982947064e-16,1.0,-0.8660254037844384,-0.5000000000000004,-0.7961828637826154,-0.6050560696488494,3136.0,0.0,0.0,5861.857142857143,6276.0,3295.4524438267645,5104.033333333334,5739.5,3005.541450827743,18050.0,0,1,1,0,0,0,0,0,1,0
1069,0,2014-08-25,0.7818314824680298,0.6234898018587336,-0.8660254037844384,-0.5000000000000004,-0.8064799463209447,-0.5912614448635782,0.0,9056.0,5574.0,5380.714285714285,5905.0,2982.3712441772263,5200.5,5796.5,2975.1307795074276,18050.0,0,1,1,0,0,0,0,0,1,5688
1069,0,2014-08-26,0.9749279121818236,-0.22252093395631434,-0.8660254037844384,-0.5000000000000004,-0.8165380514459157,-0.5772916165517278,5688.0,7694.0,5326.0,4842.428571428572,5688.0,2831.4858206215563,5331.366666666667,5796.5,2820.834181870544,18050.0,0,1,1,0,0,0,0,0,1,3926
1069,0,2014-08-27,0.43388373911755823,-0.900968867902419,-0.8660254037844384,-0.5000000000000004,-0.8263541987239095,-0.5631507242749187,3926.0,8966.0,6510.0,4519.857142857143,5688.0,2375.2901877855784,5275.6,5796.5,2774.6240329345515,18050.0,0,1,1,0,0,0,0,0,1,6708
1069,0,2014-08-28,-0.433883739117558,-0.9009688679024191,-0.8660254037844384,-0.5000000000000004,-0.8359254794186365,-0.5488429582847199,6708.0,6276.0,4834.0,4318.142857142857,4864.0,2258.376882377499,5220.133333333333,5631.0,2765.341093051561,18050.0,0,1,1,0,0,0,0,0,1,4864
1069,0,2014-08-29,-0.9749279121818236,-0.2225209339563146,-0.8660254037844384,-0.5000000000000004,-0.8452490573530634,-0.5343725582809785,4864.0,5905.0,5001.0,4414.714285714285,4864.0,2350.1319618470807,5144.366666666667,5631.0,2692.5246642911466,18050.0,0,1,1,0,0,0,0,0,1,6581
1069,0,2014-08-30,-0.7818314824680299,0.6234898018587334,-0.8660254037844384,-0.5000000000000004,-0.8543221697498269,-0.5197438121555157,6581.0,3136.0,2898.0,4462.857142857143,4864.0,2322.865072030038,5017.0,5450.0,2677.6653366641003,18050.0,0,1,1,0,0,0,0,0,1,3473
1069,0,2014-08-31,-2.4492935982947064e-16,1.0,-0.8660254037844384,-0.5000000000000004,-0.8631421280499115,-0.5049610547215202,3473.0,0.0,0.0,4462.857142857143,4864.0,2322.865072030038,4807.3,5191.0,2817.157091699076,18050.0,0,1,1,0,0,0,0,0,1,0
1069,0,2014-09-01,0.7818314824680298,0.6234898018587336,-1.0,-1.8369701987210297e-16,-0.8717063187093218,-0.4900286664290594,0.0,5688.0,9056.0,5083.857142857143,4864.0,3141.7226393902315,5038.7,5450.0,2953.3061094072395,18050.0,1,1,1,0,0,0,0,0,1,10035
1069,0,2014-09-02,0.9749279121818236,-0.22252093395631434,-1.0,-1.8369701987210297e-16,-0.8800122039735356,-0.4749510720670502,10035.0,3926.0,7694.0,5709.857142857143,6581.0,3304.891799972246,5315.633333333333,5631.0,2852.3284799390353,18050.0,1,1,1,0,0,0,0,0,1,8308
1069,0,2014-09-03,0.43388373911755823,-0.900968867902419,-1.0,-1.8369701987210297e-16,-0.888057322629493,-0.4597327394521046,8308.0,6708.0,8966.0,6012.857142857143,6581.0,3502.950158013071,5317.233333333334,5631.0,2854.352135965711,18050.0,1,1,1,0,0,0,0,0,1,8829
1069,0,2014-09-04,-0.433883739117558,-0.9009688679024191,-1.0,-1.8369701987210297e-16,-0.8958392907349089,-0.44437817810461344,8829.0,4864.0,6276.0,6225.142857142857,6581.0,3466.5615734986063,5290.3,5631.0,2840.1607549209543,18050.0,1,1,1,0,0,0,0,0,1,6350
1069,0,2014-09-05,-0.9749279121818236,-0.2225209339563146,-1.0,-1.8369701987210297e-16,-0.9033558023246842,-0.4288919379124841,6350.0,6581.0,5905.0,6121.142857142857,6350.0,3465.026186941517,5195.866666666667,5631.0,2769.583582957656,18050.0,1,1,1,0,0,0,0,0,1,5853
1069,0,2014-09-06,-0.7818314824680299,0.6234898018587334,-1.0,-1.8369701987210297e-16,-0.9106046300942162,-0.41327860778290443,5853.0,3473.0,3136.0,6056.0,6350.0,3526.844103916889,5080.533333333334,5450.0,2786.3850481908753,18050.0,0,1,1,0,0,0,0,0,1,3017
1069,0,2014-09-07,-2.4492935982947064e-16,1.0,-1.0,-1.8369701987210297e-16,-0.9175836260593934,-0.3975428142825566,3017.0,0.0,0.0,6056.0,6350.0,3526.844103916889,4912.0,5450.0,2936.7670472230557,18050.0,0,1,1,0,0,0,0,0,1,0
1069,0,2014-09-08,0.7818314824680298,0.6234898018587336,-1.0,-1.8369701987210297e-16,-0.9242907221930934,-0.3816892202666586,0.0,10035.0,5688.0,5347.571428571428,5853.0,3061.7706672851255,4996.133333333333,5450.0,2902.7832272437895,18050.0,0,1,1,0,0,0,0,0,1,5076
1069,0,2014-09-09,0.9749279121818236,-0.22252093395631434,-1.0,-1.8369701987210297e-16,-0.9307239310379793,-0.3657225234972692,5076.0,8308.0,3926.0,4987.571428571428,5788.0,2791.9311630209654,5189.066666666667,5631.0,2747.4588250604156,18050.0,0,1,1,0,0,0,0,0,1,5788
1069,0,2014-09-10,0.43388373911755823,-0.900968867902419,-1.0,-1.8369701987210297e-16,-0.9368813462954315,-0.34964745525122826,5788.0,8829.0,6708.0,4647.428571428572,5788.0,2357.1054181730883,5218.2,5738.0,2756.300911954542,18050.0,0,1,1,0,0,0,0,0,1,6448
1069,0,2014-09-11,-0.433883739117558,-0.9009688679024191,-1.0,-1.8369701987210297e-16,-0.9427611433904206,-0.33346877891818705,6448.0,6350.0,4864.0,4460.857142857143,5076.0,2249.0936269655645,5208.8,5738.0,2756.4014571726498,18050.0,0,1,1,0,0,0,0,0,1,5044
1069,0,2014-09-12,-0.9749279121818236,-0.2225209339563146,-1.0,-1.8369701987210297e-16,-0.9483615800121716,-0.31719128858910595,5044.0,5853.0,6581.0,4150.714285714285,5044.0,2173.544318564008,5114.533333333334,5382.0,2758.7236645723183,18050.0,0,1,1,0,0,0,0,0,1,3682
1069,0,2014-09-13,-0.7818314824680299,0.6234898018587334,-1.0,-1.8369701987210297e-16,-0.9536809966304455,-0.300819807635668,3682.0,3017.0,3473.0,4090.0,5044.0,2216.011732820919,5039.8,5382.0,2796.691732793573,18050.0,0,1,1,0,0,0,0,0,1,2592
1069,0,2014-09-14,-2.4492935982947064e-16,1.0,-1.0,-1.8369701987210297e-16,-0.9587178169872964,-0.2843591872810036,2592.0,0.0,0.0,4090.0,5044.0,2216.011732820919,4873.1,5382.0,2944.2373094713016,18050.0,0,1,1,0,0,0,0,0,1,0
1069,0,2014-09-15,0.7818314824680298,0.6234898018587336,-1.0,-1.8369701987210297e-16,-0.9634705485641486,-0.26781430516217486,0.0,5076.0,10035.0,4648.142857142857,5044.0,2894.0409135884356,5075.933333333333,5738.0,3012.2936836871777,18050.0,1,1,1,0,0,0,0,0,1,8983
1069,0,2014-09-16,0.9749279121818236,-0.22252093395631434,-1.0,-1.8369701987210297e-16,-0.9679377830240642,-0.25119006388481957,8983.0,5788.0,8308.0,5011.571428571428,5044.0,3204.1588525509983,5353.666666666667,5820.5,2910.5413684521527,18050.0,1,1,1,0,0,0,0,0,1,8332
1069,0,2014-09-17,0.43388373911755823,-0.900968867902419,-1.0,-1.8369701987210297e-16,-0.9721181966290612,-0.23449138957041052,8332.0,6448.0,8829.0,5347.857142857143,5044.0,3490.754666666955,5345.2,5820.5,2899.7494588564023,18050.0,1,1,1,0,0,0,0,0,1,8802
1069,0,2014-09-18,-0.433883739117558,-0.9009688679024191,-1.0,-1.8369701987210297e-16,-0.9760105506323682,-0.21772323039653224,8802.0,5044.0,6350.0,5489.142857142857,6033.0,3496.4164715973307,5289.833333333333,5820.5,2869.050691050292,18050.0,1,1,1,0,0,0,0,0,1,6033
1069,0,2014-09-19,-0.9749279121818236,-0.2225209339563146,-1.0,-1.8369701987210297e-16,-0.9796136916454901,-0.20089055513063528,6033.0,3682.0,5853.0,5719.571428571428,6033.0,3409.54087119966,5167.466666666666,5738.0,2783.874263080813,18050.0,1,1,1,0,0,0,0,0,1,5295
1069,0,2014-09-20,-0.7818314824680299,0.6234898018587334,-1.0,-1.8369701987210297e-16,-0.9829265519799822,-0.18399835165767986,5295.0,2592.0,3017.0,5816.571428571428,6033.0,3314.0546594337084,5067.3,5491.5,2796.6449129207617,18050.0,0,1,1,0,0,0,0,0,1,3271
1069,0,2014-09-21,-2.4492935982947064e-16,1.0,-1.0,-1.8369701987210297e-16,-0.9859481499638303,-0.1670516255021195,3271.0,0.0,0.0,5816.571428571428,6033.0,3314.0546594337084,4870.466666666666,5185.5,2939.7920842894023,18050.0,0,1,1,0,0,0,0,0,1,0
1069,0,2014-09-22,0.7818314824680298,0.6234898018587336,-1.0,-1.8369701987210297e-16,-0.9886775902323404,-0.15005539834465262,0.0,8983.0,5076.0,5217.0,5295.0,3011.565373688571,4925.466666666666,5185.5,2921.601813051026,18050.0,0,1,1,0,0,0,0,0,1,4786
1069,0,2014-09-23,0.9749279121818236,-0.22252093395631434,-1.0,-1.8369701987210297e-16,-0.9911140639934546,-0.13301470653419636,4786.0,8332.0,5788.0,4782.142857142857,5288.0,2689.3390407664215,5101.733333333334,5291.5,2769.7632655385,18050.0,0,1,1,0,0,0,0,0,1,5288
1069,0,2014-09-24,0.43388373911755823,-0.900968867902419,-1.0,-1.8369701987210297e-16,-0.9932568492674143,-0.11593459959550066,5288.0,8802.0,6448.0,4400.571428571428,5288.0,2161.644964461308,5116.5,5291.5,2774.1740460776955,18050.0,0,1,1,0,0,0,0,0,1,6131
1069,0,2014-09-25,-0.433883739117558,-0.9009688679024191,-1.0,-1.8369701987210297e-16,-0.9951053111006974,-0.09882013873287211,6131.0,6033.0,5044.0,4243.571428571428,4934.0,2060.8830516021353,5150.1,5291.5,2765.348108659925,18050.0,0,1,1,0,0,0,0,0,1,4934
1069,0,2014-09-26,-0.9749279121818236,-0.2225209339563146,-1.0,-1.8369701987210297e-16,-0.99665890175417,-0.08167639533042288,4934.0,5295.0,3682.0,4144.428571428572,4786.0,2018.1213092992193,5079.866666666667,5182.0,2751.1366394992924,18050.0,0,1,1,0,0,0,0,0,1,4601
1069,0,2014-09-27,-0.7818314824680299,0.6234898018587334,-1.0,-1.8369701987210297e-16,-0.9979171608653922,-0.06450844944931625,4601.0,3271.0,2592.0,4122.142857142857,4786.0,2030.19912230068,5021.566666666667,5182.0,2774.3030648078725,18050.0,0,1,1,0,0,0,0,0,1,3115
1069,0,2014-09-28,-2.4492935982947064e-16,1.0,-1.0,-1.8369701987210297e-16,-0.9988797155850335,-0.04732138832243232,3115.0,0.0,0.0,4122.142857142857,4786.0,2030.19912230068,4802.2,5060.0,2903.901150117755,18050.0,0,1,1,0,0,0,0,0,1,0
1069,0,2014-09-29,0.7818314824680298,0.6234898018587336,-1.0,-1.8369701987210297e-16,-0.9995462806873573,-0.03012030484690836,0.0,4786.0,8983.0,4842.142857142857,4934.0,2977.547392769837,5013.966666666666,5182.0,3032.4284962810793,18050.0,1,1,1,0,0,0,0,0,1,9826
1069,0,2014-09-30,0.9749279121818236,-0.22252093395631434,-1.0,-1.8369701987210297e-16,-0.9999166586547379,-0.012910296075008843,9826.0,5288.0,8332.0,5669.714285714285,4934.0,3810.624608218696,5383.333333333333,5291.5,3075.2018978668284,18050.0,1,1,1,0,0,0,0,0,1,11081
1069,0,2014-10-01,0.43388373911755823,-0.900968867902419,-0.8660254037844386,0.5000000000000001,-0.9999907397361901,0.004303538296243821,11081.0,6131.0,8802.0,5941.571428571428,4934.0,3915.4582046525456,5316.633333333333,5291.5,2991.3882082811892,18050.0,1,1,1,0,0,0,0,0,1,8034
1069,0,2014-10-02,-0.433883739117558,-0.9009688679024191,-0.8660254037844386,0.5000000000000001,-0.9997685019798909,0.021516097436222233,8034.0,4934.0,6033.0,6093.0,5994.0,3890.413688371283,5239.5,5291.5,2941.004774937803,18050.0,1,1,1,0,0,0,0,0,1,5994
1069,0,2014-10-03,-0.9749279121818236,-0.2225209339563146,-0.8660254037844386,0.5000000000000001,-0.9992500112396835,0.03872228089217399,5994.0,4601.0,5295.0,5435.714285714285,5994.0,4521.915623357195,4945.2,5182.0,3010.357057525429,18050.0,1,1,1,0,0,0,0,0,1,0
1069,0,2014-10-04,-0.7818314824680299,0.6234898018587334,-0.8660254037844386,0.5000000000000001,-0.9984354211555643,0.05591699010060302,0.0,3115.0,3271.0,5606.142857142857,5994.0,4441.640628888211,4877.133333333333,5060.0,3000.5678052700364,18050.0,0,1,1,0,0,0,0,0,1,4308
1069,0,2014-10-05,-2.4492935982947064e-16,1.0,-0.8660254037844386,0.5000000000000001,-0.9973249731081555,0.07309512989807776,4308.0,0.0,0.0,5606.142857142857,5994.0,4441.640628888211,4682.033333333334,4989.0,3122.72538440972,18050.0,0,1,1,0,0,0,0,0,1,0
1069,0,2014-10-06,0.7818314824680298,0.6234898018587336,-0.8660254037844386,0.5000000000000001,-0.9959189961471792,0.0902516100310407,0.0,9826.0,4786.0,5537.714285714285,5994.0,4368.887528661641,4893.033333333334,5060.0,3218.721897589639,18050.0,1,1,1,0,0,0,0,0,1,9347
1069,0,2014-10-07,0.9749279121818236,-0.22252093395631434,-0.8660254037844386,0.5000000000000001,-0.994217906893952,0.10738134666416306,9347.0,11081.0,5288.0,5199.857142857143,5994.0,3939.067589695619,5183.566666666667,5182.0,3154.558602746347,18050.0,1,1,1,0,0,0,0,0,1,8716
1069,0,2014-10-08,0.43388373911755823,-0.900968867902419,-0.8660254037844386,0.5000000000000001,-0.9922222094179324,0.12447926388678869,8716.0,8034.0,6131.0,5408.714285714285,5994.0,4147.622801649384,5330.9,5291.5,3251.1019707382293,18050.0,1,1,1,0,0,0,0,0,1,9496
1069,0,2014-10-09,-0.433883739117558,-0.9009688679024191,-0.8660254037844386,0.5000000000000001,-0.989932495087353,0.141540295217043,9496.0,5994.0,4934.0,5460.428571428572,6356.0,4158.379486336105,5349.833333333333,5291.5,3255.5066990894306,18050.0,1,1,1,0,0,0,0,0,1,6356
1069,0,2014-10-10,-0.9749279121818236,-0.2225209339563146,-0.8660254037844386,0.5000000000000001,-0.9873494423939864,0.15855938510313475,6356.0,0.0,4601.0,6325.714285714285,6356.0,3392.425421154491,5336.8,5291.5,3251.7391145301904,18050.0,1,1,1,0,0,0,0,0,1,6057
1069,0,2014-10-11,-0.7818314824680299,0.6234898018587334,-0.8660254037844386,0.5000000000000001,-0.9844738167520923,0.17553149042142777,6057.0,4308.0,3115.0,6328.0,6356.0,3390.8443884476105,5312.8,5291.5,3256.6280572777027,18050.0,0,1,1,0,0,0,0,0,1,4324
1069,0,2014-10-12,-2.4492935982947064e-16,1.0,-0.8660254037844386,0.5000000000000001,-0.9813064702716093,0.19245158197082995,4324.0,0.0,0.0,6328.0,6356.0,3390.8443884476105,5190.066666666667,5291.5,3386.981128943023,18050.0,0,1,1,0,0,0,0,0,1,0
1069,0,2014-10-13,0.7818314824680298,0.6234898018587336,-0.8660254037844386,0.5000000000000001,-0.9778483415056568,0.20931464596304888,0.0,9347.0,9826.0,5776.571428571428,6057.0,3121.2006160633555,5286.566666666667,5391.0,3351.461057440515,18050.0,0,1,1,0,0,0,0,0,1,5487
1069,0,2014-10-14,0.9749279121818236,-0.22252093395631434,-0.8660254037844386,0.5000000000000001,-0.9741004551724206,0.22611568550828803,5487.0,8716.0,11081.0,5295.714285714285,5487.0,2839.440010183091,5464.9,5418.5,3199.3458313030073,18050.0,0,1,1,0,0,0,0,0,1,5350
1069,0,2014-10-15,0.43388373911755823,-0.900968867902419,-0.8660254037844386,0.5000000000000001,-0.970063921851507,0.2428497220959358,5350.0,9496.0,8034.0,4872.0,5487.0,2272.9878280946964,5383.133333333333,5418.5,3137.072187987351,18050.0,0,1,1,0,0,0,0,0,1,6530
1069,0,2014-10-16,-0.433883739117558,-0.9009688679024191,-0.8660254037844386,0.5000000000000001,-0.965739937654855,0.25951179706979943,6530.0,6356.0,5994.0,4709.142857142857,5350.0,2188.1980736495925,5279.266666666666,5322.5,3087.259167581523,18050.0,0,1,1,0,0,0,0,0,1,5216
1069,0,2014-10-17,-0.9749279121818236,-0.2225209339563146,-0.8660254037844386,0.5000000000000001,-0.9611297838723007,0.27609697309746883,5216.0,6057.0,0.0,4488.571428571428,5216.0,2105.962001646974,5136.3,5291.5,3017.010602543871,18050.0,0,1,1,0,0,0,0,0,1,4513
1069,0,2014-10-18,-0.7818314824680299,0.6234898018587334,-0.8660254037844386,0.5000000000000001,-0.9562348265919058,0.2926003356333479,4513.0,4324.0,4308.0,4320.857142857143,5216.0,2167.112089746118,5040.2,5252.0,3033.334894025123,18050.0,0,1,1,0,0,0,0,0,1,3150
1069,0,2014-10-19,-2.4492935982947064e-16,1.0,-0.8660254037844386,0.5000000000000001,-0.9510565162951536,0.30901699437494723,3150.0,0.0,0.0,4320.857142857143,5216.0,2167.112089746118,4863.7,5075.0,3169.0128034256845,18050.0,0,1,1,0,0,0,0,0,1,0
1069,0,2014-10-20,0.7818314824680298,0.6234898018587336,-0.8660254037844386,0.5000000000000001,-0.9455963874271428,0.3253420847119795,0.0,5487.0,9347.0,4799.285714285715,5216.0,2756.888869377077,5049.2,5252.0,3234.7615634562394,18050.0,1,1,1,0,0,0,0,0,1,8836
1069,0,2014-10-21,0.9749279121818236,-0.22252093395631434,-0.8660254037844386,0.5000000000000001,-0.9398560579418953,0.341570769167856,8836.0,5350.0,8716.0,5105.428571428572,5216.0,2941.070205279182,5298.966666666666,5319.0,3118.648165176858,18050.0,1,1,1,0,0,0,0,0,1,7493
1069,0,2014-10-22,0.43388373911755823,-0.900968867902419,-0.8660254037844386,0.5000000000000001,-0.9338372288229252,0.35769823883312546,7493.0,6530.0,9496.0,5256.285714285715,5216.0,3051.3354843568445,5392.3,5418.5,3144.5578511629283,18050.0,1,1,1,0,0,0,0,0,1,7586
1069,0,2014-10-23,-0.433883739117558,-0.9009688679024191,-0.8660254037844386,0.5000000000000001,-0.9275416835791965,0.3737197147904692,7586.0,5216.0,6356.0,5454.714285714285,6605.0,3093.155870320023,5436.2,5740.5,3152.2352485290553,18050.0,1,1,1,0,0,0,0,0,1,6605
1069,0,2014-10-24,-0.9749279121818236,-0.2225209339563146,-0.8660254037844386,0.5000000000000001,-0.9209712877166346,0.38963044953078774,6605.0,4513.0,6057.0,5661.428571428572,6605.0,3067.981196006195,5430.5,5723.5,3151.0899564742945,18050.0,1,1,1,0,0,0,0,0,1,5960
1069,0,2014-10-25,-0.7818314824680299,0.6234898018587334,-0.8660254037844386,0.5000000000000001,-0.9141279881853337,0.4054257283599973,5960.0,3150.0,4324.0,5618.571428571428,6605.0,3110.7087004487585,5361.033333333334,5723.5,3185.1994414179567,18050.0,0,1,1,0,0,0,0,0,1,2850
1069,0,2014-10-26,-2.4492935982947064e-16,1.0,-0.8660254037844386,0.5000000000000001,-0.9070138128026362,0.42110087079608916,2850.0,0.0,0.0,5618.571428571428,6605.0,3110.7087004487585,5207.666666666667,5723.5,3330.5107647361015,18050.0,0,1,1,0,0,0,0,0,1,0
1069,0,2014-10-27,0.7818314824680298,0.6234898018587336,-0.8660254037844386,0.5000000000000001,-0.8996308696522434,0.4366512319560638,0.0,8836.0,5487.0,5250.571428571428,6260.0,2803.8862231518833,5312.5,5977.0,3311.813793595338,18050.0,0,1,1,0,0,0,0,0,1,6260
1069,0,2014-10-28,0.9749279121818236,-0.22252093395631434,-0.8660254037844386,0.5000000000000001,-0.8919813464595487,0.45207220393230374,6260.0,7493.0,5350.0,4968.857142857143,5960.0,2635.013373057233,5496.533333333334,5977.0,3156.165151630676,18050.0,0,1,1,0,0,0,0,0,1,5521
1069,0,2014-10-29,0.43388373911755823,-0.900968867902419,-0.8660254037844386,0.5000000000000001,-0.8840675099433637,0.46735921715800205,5521.0,7586.0,6530.0,4980.428571428572,5960.0,2648.5648225119203,5424.566666666667,5977.0,3077.679619490949,18050.0,0,1,1,0,0,0,0,0,1,7667
1069,0,2014-10-30,-0.433883739117558,-0.9009688679024191,-0.8660254037844386,0.5000000000000001,-0.8758917051442433,0.48250774176121763,7667.0,6605.0,5216.0,5091.857142857143,5960.0,2743.027246709456,5301.366666666667,5977.0,2913.0145362675094,18050.0,0,1,1,0,0,0,0,0,1,7385
1069,0,2014-10-31,-0.9749279121818236,-0.2225209339563146,-0.8660254037844386,0.5000000000000001,-0.867456354729597,0.4975132889071803,7385.0,5960.0,4513.0,4240.428571428572,5521.0,3297.5752130488645,5033.566666666667,5740.5,3020.44559036707,18050.0,0,1,1,0,0,0,0,0,1,0
1069,0,2014-11-01,-0.7818314824680299,0.6234898018587334,-0.5000000000000004,0.8660254037844384,-0.858763958275803,0.5123714121284235,0.0,2850.0,3150.0,4487.857142857143,5521.0,3240.3406934339155,4986.5,5504.0,3015.9614324571567,18050.0,0,1,1,0,0,0,0,0,1,4582
1069,0,2014-11-02,-2.4492935982947064e-16,1.0,-0.5000000000000004,0.8660254037844384,-0.8498170915275277,0.5270777086423724,4582.0,0.0,0.0,4487.857142857143,5521.0,3240.3406934339155,4986.5,5504.0,3015.9614324571567,18050.0,0,1,1,0,0,0,0,0,1,0
1069,0,2014-11-03,0.7818314824680298,0.6234898018587336,-0.5000000000000004,0.8660254037844384,-0.8406184056344783,0.5416278206559811,0.0,6260.0,8836.0,5082.571428571428,5521.0,3928.7080513040078,5190.333333333333,5740.5,3171.1708197156704,18050.0,1,1,1,0,0,0,0,0,1,10423
1069,0,2014-11-04,0.9749279121818236,-0.22252093395631434,-0.5000000000000004,0.8660254037844384,-0.8311706263658079,0.5560174366570446,10423.0,5521.0,7493.0,5649.428571428572,7385.0,4273.6320562702795,5506.633333333333,6008.5,3108.226076667885,18050.0,1,1,1,0,0,0,0,0,1,9489
1069,0,2014-11-05,0.43388373911755823,-0.900968867902419,-0.5000000000000004,0.8660254037844384,-0.8214765533024145,0.5702422926917867,9489.0,7667.0,7586.0,6010.0,7385.0,4568.529668649786,5534.766666666666,6008.5,3147.753119655181,18050.0,1,1,1,0,0,0,0,0,1,10191
1069,0,2014-11-06,-0.433883739117558,-0.9009688679024191,-0.5000000000000004,0.8660254037844384,-0.8115390590073611,0.5842981736283683,10191.0,7385.0,6605.0,5957.857142857143,7020.0,4552.274575366011,5478.233333333334,6008.5,3103.5682098728557,18050.0,1,1,1,0,0,0,0,0,1,7020
1069,0,2014-11-07,-0.9749279121818236,-0.2225209339563146,-0.5000000000000004,0.8660254037844384,-0.8013610881746769,0.5981809144059159,7020.0,0.0,5960.0,6898.571428571428,7020.0,3720.2568395718245,5381.2,6008.5,3017.946051938944,18050.0,1,1,1,0,0,0,0,0,1,6585
1069,0,2014-11-08,-0.7818314824680299,0.6234898018587334,-0.5000000000000004,0.8660254037844384,-0.7909456567567774,0.6118864012687242,6585.0,4582.0,2850.0,6804.285714285715,7020.0,3796.3383987857596,5300.066666666667,5740.5,3023.548405585663,18050.0,0,1,1,0,0,0,0,0,1,3922
1069,0,2014-11-09,-2.4492935982947064e-16,1.0,-0.5000000000000004,0.8660254037844384,-0.780295851070776,0.6254105729852457,3922.0,0.0,0.0,6804.285714285715,7020.0,3796.3383987857596,5098.166666666667,5504.0,3169.9469927400473,18050.0,0,1,1,0,0,0,0,0,1,0
1069,0,2014-11-10,0.7818314824680298,0.6234898018587336,-0.5000000000000004,0.8660254037844384,-0.7694148268839381,0.6387494220515268,0.0,10423.0,6260.0,6497.428571428572,7020.0,3532.7489229183743,5229.866666666667,5740.5,3218.3790279916007,18050.0,1,1,1,0,0,0,0,0,1,8275
1069,0,2014-11-11,0.9749279121818236,-0.22252093395631434,-0.5000000000000004,0.8660254037844384,-0.7583058084785625,0.6518989958787125,8275.0,9489.0,5521.0,6249.0,7020.0,3343.384213637431,5488.2,6110.0,3092.6967743267537,18050.0,1,1,1,0,0,0,0,0,1,7750
1069,0,2014-11-12,0.43388373911755823,-0.900968867902419,-0.5000000000000004,0.8660254037844384,-0.7469720876965551,0.6648553979642867,7750.0,10191.0,7667.0,6082.428571428572,7020.0,3136.9278419680404,5606.133333333333,6395.0,3159.38738860312,18050.0,1,1,1,0,0,0,0,0,1,9025
1069,0,2014-11-13,-0.433883739117558,-0.9009688679024191,-0.5000000000000004,0.8660254037844384,-0.7354170229639858,0.6776147890466887,9025.0,7020.0,7385.0,6025.285714285715,6620.0,3120.6031315695823,5648.466666666666,6557.5,3164.3416783702955,18050.0,1,1,1,0,0,0,0,0,1,6620
1069,0,2014-11-14,-0.9749279121818236,-0.2225209339563146,-0.5000000000000004,0.8660254037844384,-0.7236440382959123,0.690173388242972,6620.0,6585.0,0.0,5984.142857142857,6620.0,3113.8851096645258,5640.7,6441.0,3162.3887430341388,18050.0,1,1,1,0,0,0,0,0,1,6297
1069,0,2014-11-15,-0.7818314824680299,0.6234898018587334,-0.5000000000000004,0.8660254037844384,-0.7116566222817751,0.7025274741691566,6297.0,3922.0,4582.0,5907.0,6620.0,3179.4847590975037,5579.566666666667,6441.0,3188.5009523267477,18050.0,0,1,1,0,0,0,0,0,1,3382
1069,0,2014-11-16,-2.4492935982947064e-16,1.0,-0.5000000000000004,0.8660254037844384,-0.6994583270516471,0.7146733860429608,3382.0,0.0,0.0,5907.0,6620.0,3179.4847590975037,5429.133333333333,6441.0,3343.2624241572303,18050.0,0,1,1,0,0,0,0,0,1,0
1069,0,2014-11-17,0.7818314824680298,0.6234898018587336,-0.5000000000000004,0.8660254037844384,-0.6870527672236675,0.726607524768565,0.0,8275.0,10423.0,5607.571428571428,6297.0,3013.682623034637,5530.1,6441.0,3317.699289547222,18050.0,0,1,1,0,0,0,0,0,1,6179
1069,0,2014-11-18,0.9749279121818236,-0.22252093395631434,-0.5000000000000004,0.8660254037844384,-0.6744436188329457,0.7383263540031063,6179.0,7750.0,9489.0,5267.714285714285,6179.0,2862.142071612661,5709.133333333333,6441.0,3149.649391909217,18050.0,0,1,1,0,0,0,0,0,1,5371
1069,0,2014-11-19,0.43388373911755823,-0.900968867902419,-0.5000000000000004,0.8660254037844384,-0.661634618242279,0.749826401204568,5371.0,9025.0,10191.0,5115.714285714285,6179.0,2649.7171996451266,5679.966666666666,6441.0,3123.6392069831586,18050.0,0,1,1,0,0,0,0,0,1,7961
1069,0,2014-11-20,-0.433883739117558,-0.9009688679024191,-0.5000000000000004,0.8660254037844384,-0.6486295610349818,0.7611042586607742,7961.0,6620.0,7020.0,5040.428571428572,6093.0,2606.995196079373,5633.3,6278.5,3106.0270015701462,18050.0,0,1,1,0,0,0,0,0,1,6093
1069,0,2014-11-21,-0.9749279121818236,-0.2225209339563146,-0.5000000000000004,0.8660254037844384,-0.6354323008901775,0.7721565844991641,6093.0,6297.0,6585.0,4888.428571428572,5371.0,2551.9576705699737,5554.866666666667,6219.5,3084.652539906901,18050.0,0,1,1,0,0,0,0,0,1,5233
1069,0,2014-11-22,-0.7818314824680299,0.6234898018587334,-0.5000000000000004,0.8660254037844384,-0.622046748440868,0.7829801036770625,5233.0,3382.0,3922.0,4937.0,5371.0,2521.561751507712,5458.766666666666,6136.0,3095.6973553776256,18050.0,0,1,1,0,0,0,0,0,1,3722
1069,0,2014-11-23,-2.4492935982947064e-16,1.0,-0.5000000000000004,0.8660254037844384,-0.6084768701151264,0.7935716089521472,3722.0,0.0,0.0,4937.0,5371.0,2521.561751507712,5260.1,6136.0,3249.8263439016723,18050.0,0,1,1,0,0,0,0,0,1,0
1069,0,2014-11-24,0.7818314824680298,0.6234898018587336,-0.5000000000000004,0.8660254037844384,-0.594726686960764,0.8039279618328208,0.0,6179.0,8275.0,5459.0,5371.0,3127.046156785448,5492.866666666667,6219.5,3320.5586851626745,18050.0,1,1,1,0,0,0,0,0,1,9833
1069,0,2014-11-25,0.9749279121818236,-0.22252093395631434,-0.5000000000000004,0.8660254037844384,-0.5808002734538014,0.8140460935082175,9833.0,5371.0,7750.0,5927.857142857143,6093.0,3349.76638133524,5781.3,6278.5,3200.6262011222775,18050.0,1,1,1,0,0,0,0,0,1,8653
1069,0,2014-11-26,0.43388373911755823,-0.900968867902419,-0.5000000000000004,0.8660254037844384,-0.5667017562911184,0.8239230057575536,8653.0,7961.0,9025.0,6085.714285714285,6093.0,3484.858854831171,5874.833333333333,6441.0,3255.6257948498983,18050.0,1,1,1,0,0,0,0,0,1,9066
1069,0,2014-11-27,-0.433883739117558,-0.9009688679024191,-0.5000000000000004,0.8660254037844384,-0.5524353131676203,0.8335557718385695,9066.0,6093.0,6620.0,6287.714285714285,7507.0,3526.088943588238,5941.033333333334,6602.5,3268.3496677336707,18050.0,1,1,1,0,0,0,0,0,1,7507
1069,0,2014-11-28,-0.9749279121818236,-0.2225209339563146,-0.5000000000000004,0.8660254037844384,-0.5380051715382992,0.8429415373547832,7507.0,5233.0,6297.0,6748.285714285715,8457.0,3575.5725748605946,5967.366666666667,6602.5,3285.8710122577063,18050.0,1,1,1,0,0,0,0,0,1,8457
1069,0,2014-11-29,-0.7818314824680299,0.6234898018587334,-0.5000000000000004,0.8660254037844384,-0.5234156073655503,0.8520775211013093,8457.0,3722.0,3382.0,7058.571428571428,8457.0,3356.72890659656,5917.666666666667,6441.0,3274.9472049793994,18050.0,0,1,1,0,0,0,0,0,1,5894
1069,0,2014-11-30,-2.4492935982947064e-16,1.0,-0.5000000000000004,0.8660254037844384,-0.5086709438521042,0.8609610158889945,5894.0,0.0,0.0,7058.571428571428,8457.0,3356.7289065965606,5917.666666666667,6441.0,3274.9472049793994,18050.0,0,1,1,0,0,0,0,0,1,0
1069,0,2014-12-01,0.7818314824680298,0.6234898018587336,-2.4492935982947064e-16,1.0,-0.4937755501599774,0.8695893893466109,0.0,9833.0,6179.0,7254.571428571428,8457.0,3578.4605096392506,6138.433333333333,6602.5,3402.5489804509652,18050.0,1,1,1,0,0,0,0,0,1,11205
1069,0,2014-12-02,0.9749279121818236,-0.22252093395631434,-2.4492935982947064e-16,1.0,-0.4787338401157883,0.8779600847008883,11205.0,8653.0,5371.0,7418.857142857143,8457.0,3678.3654625649237,6465.2,6820.0,3260.464525821132,18050.0,1,1,1,0,0,0,0,0,1,9803
1069,0,2014-12-03,0.43388373911755823,-0.900968867902419,-2.4492935982947064e-16,1.0,-0.4635502709028512,0.8860706215341377,9803.0,9066.0,7961.0,7611.0,8457.0,3811.466078383311,6464.8,6820.0,3259.962929765976,18050.0,1,1,1,0,0,0,0,0,1,10411
1069,0,2014-12-04,-0.433883739117558,-0.9009688679024191,-2.4492935982947064e-16,1.0,-0.4482293417404106,0.893918596519257,10411.0,7507.0,6093.0,7930.428571428572,9743.0,3894.0982634898,6473.266666666666,6820.0,3268.407024555083,18050.0,1,1,1,0,0,0,0,0,1,9743
1069,0,2014-12-05,-0.9749279121818236,-0.2225209339563146,-2.4492935982947064e-16,1.0,-0.4327755925504317,0.9015016841318838,9743.0,8457.0,5233.0,8142.0,9803.0,3967.0252498986342,6464.833333333333,6820.0,3258.7958013218217,18050.0,1,1,1,0,0,0,0,0,1,9938
1069,0,2014-12-06,-0.7818314824680299,0.6234898018587334,-2.4492935982947064e-16,1.0,-0.41719360261231697,0.9088176373395028,9938.0,5894.0,3722.0,8033.571428571428,9803.0,4048.250315759589,6402.0,6602.5,3265.8872058568404,18050.0,0,1,1,0,0,0,0,0,1,5135
1069,0,2014-12-07,-2.4492935982947064e-16,1.0,-2.4492935982947064e-16,1.0,-0.4014879892059737,0.9158642882672868,5135.0,0.0,0.0,8033.571428571428,9803.0,4048.250315759589,6182.5,6458.5,3468.1867740939338,18050.0,0,1,1,0,0,0,0,0,1,0
1069,0,2014-12-08,0.7818314824680298,0.6234898018587336,-2.4492935982947064e-16,1.0,-0.38566340624360745,0.9226395488404875,0.0,11205.0,9833.0,7420.142857142857,9743.0,3805.656510536712,6282.133333333333,6765.5,3443.8566666210095,18050.0,0,1,1,0,0,0,0,0,1,6911
1069,0,2014-12-09,0.9749279121818236,-0.22252093395631434,-2.4492935982947064e-16,1.0,-0.3697245428906732,0.9291414114031743,6911.0,9803.0,8653.0,7224.285714285715,8432.0,3696.292183359142,6563.2,7209.0,3252.2198615078746,18050.0,0,1,1,0,0,0,0,0,1,8432
1069,0,2014-12-10,0.43388373911755823,-0.900968867902419,-2.4492935982947064e-16,1.0,-0.3536761221763721,0.935367949313148,8432.0,10411.0,9066.0,6850.571428571428,7795.0,3444.0379816499717,6547.2,7209.0,3244.6798832593145,18050.0,0,1,1,0,0,0,0,0,1,7795
1069,0,2014-12-11,-0.433883739117558,-0.9009688679024191,-2.4492935982947064e-16,1.0,-0.33752289959411347,0.941317317512847,7795.0,9743.0,7507.0,6423.428571428572,6911.0,3202.4627428039835,6513.966666666666,6832.0,3237.032330576186,18050.0,0,1,1,0,0,0,0,0,1,6753
1069,0,2014-12-12,-0.9749279121818236,-0.2225209339563146,-2.4492935982947064e-16,1.0,-0.32126966169236515,0.946987753076075,6753.0,9938.0,8457.0,6002.0,6911.0,2836.015984910286,6446.066666666667,6832.0,3203.7374610820284,18050.0,0,1,1,0,0,0,0,0,1,6988
1069,0,2014-12-13,-0.7818314824680299,0.6234898018587334,-2.4492935982947064e-16,1.0,-0.3049212246562894,0.9523775757303973,6988.0,5135.0,5894.0,5882.571428571428,6911.0,2895.588532989614,6368.7,6832.0,3227.3302316524755,18050.0,0,1,1,0,0,0,0,0,1,4299
1069,0,2014-12-14,-2.4492935982947064e-16,1.0,-2.4492935982947064e-16,1.0,-0.2884824328806098,0.9574851883550389,4299.0,0.0,0.0,5882.571428571428,6911.0,2895.588532989614,6158.8,6832.0,3430.530323936572,18050.0,0,1,1,0,0,0,0,0,1,0
1069,0,2014-12-15,0.7818314824680298,0.6234898018587336,-2.4492935982947064e-16,1.0,-0.27195815753410524,0.9623090774541487,0.0,6911.0,11205.0,7076.857142857143,6988.0,4608.096043145926,6555.1,6949.5,3768.735133555639,18050.0,1,1,1,0,0,0,0,0,1,15271
1069,0,2014-12-16,0.9749279121818236,-0.22252093395631434,-2.4492935982947064e-16,1.0,-0.2553532951161881,0.9668478136052773,15271.0,8432.0,9803.0,7802.0,6988.0,5216.1552890994335,7005.366666666667,7247.5,3765.491454697832,18050.0,1,1,1,0,0,0,0,0,1,13508
1069,0,2014-12-17,0.43388373911755823,-0.900968867902419,-2.4492935982947064e-16,1.0,-0.23867276600594997,0.9711000518829505,13508.0,7795.0,10411.0,8526.42857142857,6988.0,5556.079638772374,7228.266666666666,7651.0,3910.0333355430066,18050.0,1,1,1,0,0,0,0,0,1,12866
1069,0,2014-12-18,-0.433883739117558,-0.9009688679024191,-2.4492935982947064e-16,1.0,-0.22192151300416674,0.9750645322571945,12866.0,6753.0,9743.0,9125.57142857143,10947.0,5559.098213953496,7414.133333333333,7878.0,3951.0173524726933,18050.0,1,1,1,0,0,0,0,0,1,10947
1069,0,2014-12-19,-0.9749279121818236,-0.2225209339563146,-2.4492935982947064e-16,1.0,-0.20510449986861926,0.9787400799669153,10947.0,6988.0,9938.0,9494.42857142857,10947.0,5478.7065644226295,7467.766666666666,8113.5,3969.573969005037,18050.0,1,1,1,0,0,0,0,0,1,9570
1069,0,2014-12-20,-0.7818314824680299,0.6234898018587334,-2.4492935982947064e-16,1.0,-0.1882267098432439,0.9821256058680006,9570.0,4299.0,5135.0,9809.714285714286,10947.0,5185.552773950774,7481.533333333334,8113.5,3965.355719429128,18050.0,0,1,1,0,0,0,0,0,1,6506
1069,0,2014-12-21,-2.4492935982947064e-16,1.0,-2.4492935982947064e-16,1.0,-0.1712931441814778,0.9852201067560606,6506.0,0.0,0.0,9809.714285714286,10947.0,5185.552773950774,7307.1,8113.5,4177.121442019541,18050.0,0,1,1,0,0,0,0,0,1,0
1069,0,2014-12-22,0.7818314824680298,0.6234898018587336,-2.4492935982947064e-16,1.0,-0.154308820664281,0.9880226656636976,0.0,15271.0,6911.0,9424.42857142857,10947.0,4797.851319675745,7602.166666666667,8444.5,4227.485297050921,18050.0,0,1,1,0,0,0,0,0,1,12574
1069,0,2014-12-23,0.9749279121818236,-0.22252093395631434,-2.4492935982947064e-16,1.0,-0.13727877211326517,0.9905324521322227,12574.0,13508.0,8432.0,8952.57142857143,10205.0,4481.284334397259,7942.333333333333,8555.0,3999.084932687812,18050.0,0,1,1,0,0,0,0,0,1,10205
1069,0,2014-12-24,0.43388373911755823,-0.900968867902419,-2.4492935982947064e-16,1.0,-0.12020804489935275,0.9927487224577402,10205.0,12866.0,7795.0,7476.142857142857,9570.0,4675.364920822452,7698.933333333333,8444.5,4100.960063653177,18050.0,0,1,1,0,0,0,0,0,1,2531
1069,0,2014-12-25,-0.433883739117558,-0.9009688679024191,-2.4492935982947064e-16,1.0,-0.10310169744743544,0.9946708199115211,2531.0,10947.0,6753.0,5912.285714285715,6506.0,5129.661155615307,7410.5,8113.5,4329.473359308915,18050.0,0,1,1,0,0,0,0,0,1,0
1069,0,2014-12-26,-0.9749279121818236,-0.2225209339563146,-2.4492935982947064e-16,1.0,-0.0859647987374467,0.9962981749346077,0.0,9570.0,6988.0,4545.142857142857,2531.0,5265.821127123208,7108.3,7651.0,4522.056795919014,18050.0,0,1,1,0,0,0,0,0,1,0
1069,0,2014-12-27,-0.7818314824680299,0.6234898018587334,-2.4492935982947064e-16,1.0,-0.06880242680232064,0.9976303053065857,0.0,6506.0,4299.0,4319.571428571428,2531.0,5201.2484032567545,7022.3,7391.5,4538.715298635624,18050.0,0,1,1,0,0,0,0,0,1,4927
1069,0,2014-12-28,-2.4492935982947064e-16,1.0,-2.4492935982947064e-16,1.0,-0.05161966722325418,0.9986668162884759,4927.0,0.0,0.0,4319.571428571428,2531.0,5201.2484032567545,6740.4,6949.5,4706.07994568436,18050.0,0,1,1,0,0,0,0,0,1,0
1069,0,2014-12-29,0.7818314824680298,0.6234898018587336,-2.4492935982947064e-16,1.0,-0.034421611622745804,0.9994074007397048,0.0,12574.0,15271.0,3434.8571428571427,2531.0,3936.004125530163,6756.633333333333,6949.5,4703.899097874932,18050.0,0,1,1,0,0,0,0,0,1,6381
1069,0,2014-12-30,0.9749279121818236,-0.22252093395631434,-2.4492935982947064e-16,1.0,-0.01721335615583528,0.9998518392091162,6381.0,10205.0,13508.0,3055.0,2531.0,3240.6118763797244,7008.166666666667,7267.0,4528.6302647392995,18050.0,0,1,1,0,0,0,0,0,1,7546
1069,0,2014-12-31,0.43388373911755823,-0.900968867902419,-2.4492935982947064e-16,1.0,6.432490598706546e-16,1.0,7546.0,2531.0,12866.0,3212.285714285714,3632.0,3237.6579351070877,6755.733333333334,6949.5,4497.584347282397,18050.0,0,1,1,0,0,0,0,0,1,3632
1069,0,2015-01-01,-0.433883739117558,-0.9009688679024191,0.49999999999999994,0.8660254037844387,0.017213356155834685,0.9998518392091162,3632.0,0.0,10947.0,3212.285714285714,3632.0,3237.6579351070877,6428.966666666666,6832.0,4622.92074031823,18050.0,0,1,1,0,0,0,0,0,1,0
1069,0,2015-01-02,-0.9749279121818236,-0.2225209339563146,0.49999999999999994,0.8660254037844387,0.03442161162274574,0.9994074007397048,0.0,0.0,9570.0,3970.4285714285716,4927.0,2970.4140484194468,6258.833333333333,6629.5,4564.874693928023,18050.0,0,1,1,0,0,0,0,0,1,5307
1069,0,2015-01-03,-0.7818314824680299,0.6234898018587334,0.49999999999999994,0.8660254037844387,0.051619667223253764,0.998666816288476,5307.0,4927.0,6506.0,3676.4285714285716,3632.0,2961.790610263934,6029.7,6443.5,4556.468832027875,18050.0,0,1,1,0,0,0,0,0,1,2869
1069,0,2015-01-04,-2.4492935982947064e-16,1.0,0.49999999999999994,0.8660254037844387,0.06880242680231986,0.9976303053065857,2869.0,0.0,0.0,3676.4285714285716,3632.0,2961.790610263934,5698.433333333333,5844.0,4623.296269108665,18050.0,0,1,1,0,0,0,0,0,1,0
1069,0,2015-01-05,0.7818314824680298,0.6234898018587336,0.49999999999999994,0.8660254037844387,0.08596479873744647,0.9962981749346078,0.0,6381.0,12574.0,4031.285714285714,3632.0,3448.630728965032,5822.766666666666,6443.5,4657.64890878127,18050.0,1,1,1,0,0,0,0,0,1,8865
1069,0,2015-01-06,0.9749279121818236,-0.22252093395631434,0.49999999999999994,0.8660254037844387,0.10310169744743485,0.9946708199115211,8865.0,7546.0,10205.0,4218.571428571428,3632.0,3697.906924064964,6118.0,6629.5,4555.4218775826575,18050.0,1,1,1,0,0,0,0,0,1,8857
1069,0,2015-01-07,0.43388373911755823,-0.900968867902419,0.49999999999999994,0.8660254037844387,0.1202080448993527,0.9927487224577402,8857.0,3632.0,2531.0,4977.285714285715,5307.0,4082.3547418242856,6185.733333333334,6629.5,4582.64465078871,18050.0,1,1,1,0,0,0,0,0,1,8943
1069,0,2015-01-08,-0.433883739117558,-0.9009688679024191,0.49999999999999994,0.8660254037844387,0.13727877211326478,0.9905324521322229,8943.0,0.0,0.0,5848.571428571428,6099.0,3443.9468567881454,6107.966666666666,6443.5,4562.964504334455,18050.0,1,1,1,0,0,0,0,0,1,6099
1069,0,2015-01-09,-0.9749279121818236,-0.2225209339563146,0.49999999999999994,0.8660254037844387,0.15430882066428117,0.9880226656636976,6099.0,5307.0,0.0,5967.428571428572,6139.0,3436.489965897512,6052.766666666666,6260.0,4551.855163165549,18050.0,1,1,1,0,0,0,0,0,1,6139
1069,0,2015-01-10,-0.7818314824680299,0.6234898018587334,0.49999999999999994,0.8660254037844387,0.1712931441814776,0.9852201067560606,6139.0,2869.0,4927.0,6065.285714285715,6139.0,3342.008513568136,5946.133333333333,6119.0,4572.31008340977,18050.0,0,1,1,0,0,0,0,0,1,3554
1069,0,2015-01-11,-2.4492935982947064e-16,1.0,0.49999999999999994,0.8660254037844387,0.1882267098432442,0.9821256058680006,3554.0,0.0,0.0,6065.285714285715,6139.0,3342.008513568136,5713.2,5703.0,4693.788422130275,18050.0,0,1,1,0,0,0,0,0,1,0
1069,0,2015-01-12,0.7818314824680298,0.6234898018587336,0.49999999999999994,0.8660254037844387,0.2051044998686192,0.9787400799669153,0.0,8865.0,6381.0,6084.0,6139.0,3360.614031195291,5869.766666666666,6119.0,4723.234073819764,18050.0,1,1,1,0,0,0,0,0,1,8996
1069,0,2015-01-13,0.9749279121818236,-0.22252093395631434,0.49999999999999994,0.8660254037844387,0.22192151300416552,0.9750645322571948,8996.0,8857.0,7546.0,6082.714285714285,6139.0,3359.3778052037014,6164.7,6260.0,4619.170720841128,18050.0,1,1,1,0,0,0,0,0,1,8848
1069,0,2015-01-14,0.43388373911755823,-0.900968867902419,0.49999999999999994,0.8660254037844387,0.2386727660059501,0.9711000518829505,8848.0,8943.0,3632.0,6117.857142857143,6139.0,3395.380363011456,5961.966666666666,6260.0,4330.143236329085,18050.0,1,1,1,0,0,0,0,0,1,9189
1069,0,2015-01-15,-0.433883739117558,-0.9009688679024191,0.49999999999999994,0.8660254037844387,0.255353295116187,0.9668478136052775,9189.0,6099.0,0.0,6281.142857142857,7242.0,3421.704079771337,5753.1,6260.0,4098.532877539955,18050.0,1,1,1,0,0,0,0,0,1,7242
1069,0,2015-01-16,-0.9749279121818236,-0.2225209339563146,0.49999999999999994,0.8660254037844387,0.2719581575341055,0.9623090774541486,7242.0,6139.0,5307.0,6212.857142857143,7242.0,3429.7736771091,5512.933333333333,6119.0,3872.208297451294,18050.0,1,1,1,0,0,0,0,0,1,5661
1069,0,2015-01-17,-0.7818314824680299,0.6234898018587334,0.49999999999999994,0.8660254037844387,0.288482432880609,0.9574851883550393,5661.0,3554.0,2869.0,6194.142857142857,7242.0,3447.0135590378054,5262.133333333333,5880.0,3749.8397090646736,18050.0,0,1,1,0,0,0,0,0,1,3423
1069,0,2015-01-18,-2.4492935982947064e-16,1.0,0.49999999999999994,0.8660254037844387,0.30492122465628907,0.9523775757303974,3423.0,0.0,0.0,6194.142857142857,7242.0,3447.0135590378054,4943.133333333333,5484.0,3777.6892201024466,18050.0,0,1,1,0,0,0,0,0,1,0
1069,0,2015-01-19,0.7818314824680298,0.6234898018587336,0.49999999999999994,0.8660254037844387,0.3212696616923644,0.9469877530760753,0.0,8996.0,8865.0,5687.857142857143,5661.0,3219.6664127707095,4908.0,5379.5,3767.540595392584,18050.0,0,1,1,0,0,0,0,0,1,5452
1069,0,2015-01-20,0.9749279121818236,-0.22252093395631434,0.49999999999999994,0.8660254037844387,0.3375228995941133,0.9413173175128471,5452.0,8848.0,8857.0,5163.857142857143,5452.0,2902.4959045949527,5080.666666666667,5379.5,3651.7714580199654,18050.0,0,1,1,0,0,0,0,0,1,5180
1069,0,2015-01-21,0.43388373911755823,-0.900968867902419,0.49999999999999994,0.8660254037844387,0.3536761221763716,0.9353679493131483,5180.0,9189.0,8943.0,4802.857142857143,5452.0,2438.486718477357,4883.6,5379.5,3383.087353495233,18050.0,0,1,1,0,0,0,0,0,1,6662
1069,0,2015-01-22,-0.433883739117558,-0.9009688679024191,0.49999999999999994,0.8660254037844387,0.3697245428906731,0.9291414114031743,6662.0,7242.0,6099.0,4356.714285714285,5180.0,2190.975560055816,4680.733333333334,5243.5,3232.090120514356,18050.0,0,1,1,0,0,0,0,0,1,4119
1069,0,2015-01-23,-0.9749279121818236,-0.2225209339563146,0.49999999999999994,0.8660254037844387,0.38566340624360707,0.9226395488404876,4119.0,5661.0,6139.0,4191.571428571428,4505.0,2118.653885304128,4746.533333333334,5243.5,3206.810798729891,18050.0,0,1,1,0,0,0,0,0,1,4505
1069,0,2015-01-24,-0.7818314824680299,0.6234898018587334,0.49999999999999994,0.8660254037844387,0.401487989205973,0.9158642882672872,4505.0,3423.0,3554.0,4199.0,4505.0,2115.5988907793126,4862.366666666667,5243.5,3090.084961261771,18050.0,0,1,1,0,0,0,0,0,1,3475
1069,0,2015-01-25,-2.4492935982947064e-16,1.0,0.49999999999999994,0.8660254037844387,0.4171936026123168,0.9088176373395029,3475.0,0.0,0.0,4199.0,4505.0,2115.5988907793126,4862.366666666667,5243.5,3090.084961261771,18050.0,0,1,1,0,0,0,0,0,1,0
1069,0,2015-01-26,0.7818314824680298,0.6234898018587336,0.49999999999999994,0.8660254037844387,0.4327755925504312,0.901501684131884,0.0,5452.0,8996.0,4649.285714285715,4505.0,2685.43191524726,4984.933333333333,5379.5,3164.757940662852,18050.0,1,1,1,0,0,0,0,0,1,8604
1069,0,2015-01-27,0.9749279121818236,-0.22252093395631434,0.49999999999999994,0.8660254037844387,0.4482293417404106,0.893918596519257,8604.0,5180.0,8848.0,5013.285714285715,4505.0,2930.830923946638,5242.533333333334,5556.5,3057.7161494446773,18050.0,1,1,1,0,0,0,0,0,1,7728
1069,0,2015-01-28,0.43388373911755823,-0.900968867902419,0.49999999999999994,0.8660254037844387,0.4635502709028509,0.886070621534138,7728.0,6662.0,9189.0,5385.571428571428,4505.0,3315.438073475,5338.766666666666,5556.5,3139.1282743762767,18050.0,1,1,1,0,0,0,0,0,1,9268
1069,0,2015-01-29,-0.433883739117558,-0.9009688679024191,0.49999999999999994,0.8660254037844387,0.47873384011578846,0.8779600847008882,9268.0,4119.0,7242.0,5769.142857142857,6804.0,3299.7632454754203,5314.033333333334,5556.5,3124.0244875561793,18050.0,1,1,1,0,0,0,0,0,1,6804
1069,0,2015-01-30,-0.9749279121818236,-0.2225209339563146,0.49999999999999994,0.8660254037844387,0.4937755501599772,0.869589389346611,6804.0,4505.0,5661.0,6238.571428571428,7728.0,3323.6007510501254,5452.666666666667,5880.0,3139.052639135643,18050.0,1,1,1,0,0,0,0,0,1,7791
1069,0,2015-01-31,-0.7818314824680299,0.6234898018587334,0.49999999999999994,0.8660254037844387,0.5086709438521044,0.8609610158889943,7791.0,3475.0,3423.0,6280.428571428572,7728.0,3284.6121971572675,5578.266666666666,5880.0,2984.95745863909,18050.0,0,1,1,0,0,0,0,0,1,3768
1069,0,2015-02-01,-2.4492935982947064e-16,1.0,0.8660254037844386,0.5000000000000001,0.5234156073655503,0.8520775211013093,3768.0,0.0,0.0,6280.428571428572,7728.0,3284.6121971572675,5401.366666666667,5880.0,3154.0549979169887,18050.0,0,1,1,0,0,0,0,0,1,0
1069,0,2015-02-02,0.7818314824680298,0.6234898018587336,0.8660254037844386,0.5000000000000001,0.5380051715382996,0.8429415373547828,0.0,8604.0,5452.0,6481.428571428572,7728.0,3487.2968450813437,5639.433333333333,6119.0,3225.060231282879,18050.0,1,1,1,0,0,0,0,0,1,10011
1069,0,2015-02-03,0.9749279121818236,-0.22252093395631434,0.8660254037844386,0.5000000000000001,0.5524353131676196,0.8335557718385699,10011.0,7728.0,5180.0,6565.571428571428,7791.0,3529.2411298154398,5916.666666666667,6400.5,3077.6715149643683,18050.0,1,1,1,0,0,0,0,0,1,8317
1069,0,2015-02-04,0.43388373911755823,-0.900968867902419,0.8660254037844386,0.5000000000000001,0.5667017562911176,0.8239230057575542,8317.0,9268.0,6662.0,6465.142857142857,7791.0,3448.604811058691,5906.666666666667,6400.5,3068.2343381859,18050.0,1,1,1,0,0,0,0,0,1,8565
1069,0,2015-02-05,-0.433883739117558,-0.9009688679024191,0.8660254037844386,0.5000000000000001,0.5808002734538009,0.8140460935082178,8565.0,6804.0,4119.0,6408.428571428572,7791.0,3445.366253251986,5825.0,6273.0,3019.211931888063,18050.0,1,1,1,0,0,0,0,0,1,6407
1069,0,2015-02-06,-0.9749279121818236,-0.2225209339563146,0.8660254037844386,0.5000000000000001,0.5947266869607634,0.8039279618328213,6407.0,7791.0,4505.0,6115.142857142857,6407.0,3395.0735597613325,5718.166666666667,6119.0,2961.2254229874507,18050.0,1,1,1,0,0,0,0,0,1,5738
1069,0,2015-02-07,-0.7818314824680299,0.6234898018587334,0.8660254037844386,0.5000000000000001,0.6084768701151261,0.7935716089521474,5738.0,3768.0,3475.0,6006.571428571428,6407.0,3493.3720508577803,5615.133333333333,5938.5,3001.0246380463122,18050.0,0,1,1,0,0,0,0,0,1,3008
1069,0,2015-02-08,-2.4492935982947064e-16,1.0,0.8660254037844386,0.5000000000000001,0.6220467484408675,0.7829801036770629,3008.0,0.0,0.0,6006.571428571428,6407.0,3493.3720508577803,5410.5,5699.5,3168.690360929631,18050.0,0,1,1,0,0,0,0,0,1,0
1069,0,2015-02-09,0.7818314824680298,0.6234898018587336,0.8660254037844386,0.5000000000000001,0.6354323008901774,0.7721565844991642,0.0,10011.0,8604.0,5333.714285714285,5738.0,3014.2748002510616,5468.733333333334,5699.5,3149.389781434235,18050.0,0,1,1,0,0,0,0,0,1,5301
1069,0,2015-02-10,0.9749279121818236,-0.22252093395631434,0.8660254037844386,0.5000000000000001,0.6486295610349814,0.7611042586607747,5301.0,8317.0,7728.0,4980.428571428572,5738.0,2738.6687068198457,5663.533333333334,5791.0,2975.395618242648,18050.0,0,1,1,0,0,0,0,0,1,5844
1069,0,2015-02-11,0.43388373911755823,-0.900968867902419,0.8660254037844386,0.5000000000000001,0.6616346182422783,0.7498264012045686,5844.0,8565.0,9268.0,4696.857142857143,5738.0,2385.666393873448,5583.0,5791.0,2914.1533460231653,18050.0,0,1,1,0,0,0,0,0,1,6580
1069,0,2015-02-12,-0.433883739117558,-0.9009688679024191,0.8660254037844386,0.5000000000000001,0.6744436188329455,0.7383263540031065,6580.0,6407.0,6804.0,4601.142857142857,5737.0,2318.1028470548517,5479.3,5737.5,2848.5766699928695,18050.0,0,1,1,0,0,0,0,0,1,5737
1069,0,2015-02-13,-0.9749279121818236,-0.2225209339563146,0.8660254037844386,0.5000000000000001,0.6870527672236669,0.7266075247685656,5737.0,5738.0,7791.0,4506.428571428572,5301.0,2277.092653446704,5342.166666666667,5699.0,2761.5256912942596,18050.0,0,1,1,0,0,0,0,0,1,5075
1069,0,2015-02-14,-0.7818314824680299,0.6234898018587334,0.8660254037844386,0.5000000000000001,0.6994583270516471,0.7146733860429609,5075.0,3008.0,3768.0,4555.142857142857,5301.0,2243.087413111032,5212.4,5556.5,2760.6400132503145,18050.0,0,1,1,0,0,0,0,0,1,3349
1069,0,2015-02-15,-2.4492935982947064e-16,1.0,0.8660254037844386,0.5000000000000001,0.7116566222817746,0.702527474169157,3349.0,0.0,0.0,4555.142857142857,5301.0,2243.087413111032,5023.7,5376.5,2917.914384482946,18050.0,0,1,1,0,0,0,0,0,1,0
1069,0,2015-02-16,0.7818314824680298,0.6234898018587336,0.8660254037844386,0.5000000000000001,0.7236440382959124,0.6901733882429719,0.0,5301.0,10011.0,5094.428571428572,5737.0,2829.4489956611023,5212.133333333333,5594.5,2992.5550579250366,18050.0,1,1,1,0,0,0,0,0,1,9076
1069,0,2015-02-17,0.9749279121818236,-0.22252093395631434,0.8660254037844386,0.5000000000000001,0.7354170229639855,0.6776147890466889,9076.0,5844.0,8317.0,5479.571428571428,5737.0,3117.3292445693996,5496.8,5737.5,2883.864127078173,18050.0,1,1,1,0,0,0,0,0,1,8540
1069,0,2015-02-18,0.43388373911755823,-0.900968867902419,0.8660254037844386,0.5000000000000001,0.7469720876965552,0.6648553979642865,8540.0,6580.0,8565.0,5854.285714285715,5737.0,3415.078120838318,5621.833333333333,5791.0,2962.107871133319,18050.0,1,1,1,0,0,0,0,0,1,9203
1069,0,2015-02-19,-0.433883739117558,-0.9009688679024191,0.8660254037844386,0.5000000000000001,0.7583058084785625,0.6518989958787126,9203.0,5737.0,6407.0,6015.857142857143,6868.0,3435.2989888592156,5678.1,6125.5,2969.4487163967697,18050.0,1,1,1,0,0,0,0,0,1,6868
1069,0,2015-02-20,-0.9749279121818236,-0.2225209339563146,0.8660254037844386,0.5000000000000001,0.7694148268839378,0.6387494220515272,6868.0,5075.0,5738.0,6207.0,6868.0,3411.364243231732,5669.8,6125.5,2966.9506974972446,18050.0,1,1,1,0,0,0,0,0,1,6413
1069,0,2015-02-21,-0.7818314824680299,0.6234898018587334,0.8660254037844386,0.5000000000000001,0.7802958510707755,0.6254105729852463,6413.0,3349.0,3008.0,6193.0,6868.0,3425.2210634254457,5640.866666666667,6125.5,2986.7615692024106,18050.0,0,1,1,0,0,0,0,0,1,3251
1069,0,2015-02-22,-2.4492935982947064e-16,1.0,0.8660254037844386,0.5000000000000001,0.7909456567567772,0.6118864012687243,3251.0,0.0,0.0,6193.0,6868.0,3425.2210634254457,5490.7,6125.5,3154.385443725336,18050.0,0,1,1,0,0,0,0,0,1,0
1069,0,2015-02-23,0.7818314824680298,0.6234898018587336,0.8660254037844386,0.5000000000000001,0.8013610881746766,0.5981809144059164,0.0,9076.0,5301.0,5574.428571428572,6413.0,3201.4721018693294,5533.066666666667,6125.5,3134.8539088584553,18050.0,0,1,1,0,0,0,0,0,1,4746
1069,0,2015-02-24,0.9749279121818236,-0.22252093395631434,0.8660254037844386,0.5000000000000001,0.8115390590073611,0.5842981736283683,4746.0,8540.0,5844.0,5149.285714285715,5564.0,2927.9347507692014,5718.533333333334,6125.5,2955.6850858027587,18050.0,0,1,1,0,0,0,0,0,1,5564
1069,0,2015-02-25,0.43388373911755823,-0.900968867902419,0.8660254037844386,0.5000000000000001,0.8214765533024142,0.5702422926917871,5564.0,9203.0,6580.0,4857.571428571428,5564.0,2531.650506233885,5670.433333333333,6125.5,2918.6176425969606,18050.0,0,1,1,0,0,0,0,0,1,7161
1069,0,2015-02-26,-0.433883739117558,-0.9009688679024191,0.8660254037844386,0.5000000000000001,0.8311706263658079,0.5560174366570446,7161.0,6868.0,5737.0,4644.857142857143,5379.0,2393.3539526900618,5592.133333333333,5791.0,2892.9102723171764,18050.0,0,1,1,0,0,0,0,0,1,5379
1069,0,2015-02-27,-0.9749279121818236,-0.2225209339563146,0.8660254037844386,0.5000000000000001,0.8406184056344782,0.5416278206559814,5379.0,6413.0,5075.0,4650.0,5379.0,2397.8210942436885,5498.166666666667,5791.0,2814.1042438762597,18050.0,0,1,1,0,0,0,0,0,1,6449
1069,0,2015-02-28,-0.7818314824680299,0.6234898018587334,0.8660254037844386,0.5000000000000001,0.8498170915275278,0.5270777086423722,6449.0,3251.0,3349.0,4636.857142857143,5379.0,2407.001829979323,5376.666666666667,5737.5,2834.394240864131,18050.0,0,1,1,0,0,0,0,0,1,3159
1069,0,2015-03-01,-2.4492935982947064e-16,1.0,1.0,6.123233995736766e-17,0.8587639582758029,0.5123714121284237,3159.0,0.0,0.0,4636.857142857143,5379.0,2407.001829979323,5116.966666666666,5650.5,2959.7072721439336,18050.0,0,1,1,0,0,0,0,0,1,0
1069,0,2015-03-02,0.7818314824680298,0.6234898018587336,1.0,6.123233995736766e-17,0.8674563547295968,0.49751328890718066,0.0,4746.0,9076.0,5344.285714285715,5564.0,3078.47406541432,5314.633333333333,5737.5,3062.7356431041035,18050.0,1,1,1,0,0,0,0,0,1,9698
1069,0,2015-03-03,0.9749279121818236,-0.22252093395631434,1.0,6.123233995736766e-17,0.8758917051442429,0.48250774176121847,9698.0,5564.0,8540.0,5792.857142857143,6449.0,3333.9892735566013,5604.766666666666,5791.0,2952.1897037837043,18050.0,1,1,1,0,0,0,0,0,1,8704
1069,0,2015-03-04,0.43388373911755823,-0.900968867902419,1.0,6.123233995736766e-17,0.8840675099433636,0.46735921715800227,8704.0,7161.0,9203.0,6133.714285714285,6449.0,3607.8940170264477,5589.3,5791.0,2929.436996044322,18050.0,1,1,1,0,0,0,0,0,1,9547
1069,0,2015-03-05,-0.433883739117558,-0.9009688679024191,1.0,6.123233995736766e-17,0.8919813464595485,0.45207220393230435,9547.0,5379.0,6868.0,6263.0,6449.0,3592.524275028168,5521.533333333334,5791.0,2887.373961821083,18050.0,1,1,1,0,0,0,0,0,1,6284
1069,0,2015-03-06,-0.9749279121818236,-0.2225209339563146,1.0,6.123233995736766e-17,0.8996308696522433,0.43665123195606403,6284.0,6449.0,6413.0,6220.714285714285,6284.0,3591.7120204848325,5441.133333333333,5791.0,2832.770420890359,18050.0,1,1,1,0,0,0,0,0,1,6153
1069,0,2015-03-07,-0.7818314824680299,0.6234898018587334,1.0,6.123233995736766e-17,0.9070138128026359,0.4211008707960896,6153.0,3159.0,3251.0,6295.142857142857,6284.0,3522.4217251095606,5350.233333333334,5737.5,2844.4372049042945,18050.0,0,1,1,0,0,0,0,0,1,3680
1069,0,2015-03-08,-2.4492935982947064e-16,1.0,1.0,6.123233995736766e-17,0.9141279881853337,0.40542572835999735,3680.0,0.0,0.0,6295.142857142857,6284.0,3522.4217251095606,5158.966666666666,5650.5,3005.804803391603,18050.0,0,1,1,0,0,0,0,0,1,0
1069,0,2015-03-09,0.7818314824680298,0.6234898018587336,1.0,6.123233995736766e-17,0.9209712877166346,0.38963044953078796,0.0,9698.0,4746.0,5775.142857142857,6153.0,3189.2718306102115,5260.633333333333,5790.5,2982.0297008550547,18050.0,0,1,1,0,0,0,0,0,1,6058
1069,0,2015-03-10,0.9749279121818236,-0.22252093395631434,1.0,6.123233995736766e-17,0.9275416835791966,0.37371971479046906,6058.0,8704.0,5564.0,5358.285714285715,6058.0,2922.163964957346,5453.5,5815.0,2812.3395187931337,18050.0,0,1,1,0,0,0,0,0,1,5786
1069,0,2015-03-11,0.43388373911755823,-0.900968867902419,1.0,6.123233995736766e-17,0.9338372288229252,0.35769823883312546,5786.0,9547.0,7161.0,5012.428571428572,6058.0,2448.6873937644536,5514.333333333333,5951.0,2828.6181143416457,18050.0,0,1,1,0,0,0,0,0,1,7126
1069,0,2015-03-12,-0.433883739117558,-0.9009688679024191,1.0,6.123233995736766e-17,0.9398560579418954,0.3415707691678556,7126.0,6284.0,5379.0,4907.571428571428,5786.0,2400.400789947577,5504.533333333334,5922.0,2827.9457846499845,18050.0,0,1,1,0,0,0,0,0,1,5550
1069,0,2015-03-13,-0.9749279121818236,-0.2225209339563146,1.0,6.123233995736766e-17,0.9455963874271426,0.3253420847119801,5550.0,6153.0,6449.0,4714.142857142857,5550.0,2337.0329072402483,5445.166666666667,5761.5,2823.280435865397,18050.0,0,1,1,0,0,0,0,0,1,4799
1069,0,2015-03-14,-0.7818314824680299,0.6234898018587334,1.0,6.123233995736766e-17,0.9510565162951535,0.30901699437494745,4799.0,3680.0,3159.0,4606.285714285715,5550.0,2409.027654074406,5351.433333333333,5675.0,2859.70190975279,18050.0,0,1,1,0,0,0,0,0,1,2925
1069,0,2015-03-15,-2.4492935982947064e-16,1.0,1.0,6.123233995736766e-17,0.9562348265919056,0.29260033563334836,2925.0,0.0,0.0,4606.285714285715,5550.0,2409.027654074406,5182.266666666666,5675.0,3022.1130873353754,18050.0,0,1,1,0,0,0,0,0,1,0
1069,0,2015-03-16,0.7818314824680298,0.6234898018587336,1.0,6.123233995736766e-17,0.9611297838723007,0.27609697309746883,0.0,6058.0,9698.0,5124.142857142857,5550.0,3071.6121406937336,5393.4,5922.0,3109.6084308323334,18050.0,1,1,1,0,0,0,0,0,1,9683
1069,0,2015-03-17,0.9749279121818236,-0.22252093395631434,1.0,6.123233995736766e-17,0.9657399376548549,0.2595117970697999,9683.0,5786.0,8704.0,5394.428571428572,5550.0,3219.2534774976875,5649.333333333333,6105.5,2962.9077671742816,18050.0,1,1,1,0,0,0,0,0,1,7678
1069,0,2015-03-18,0.43388373911755823,-0.900968867902419,1.0,6.123233995736766e-17,0.970063921851507,0.2428497220959356,7678.0,7126.0,9547.0,5762.0,5550.0,3576.9351871865574,5670.1,6105.5,2989.8141373440167,18050.0,1,1,1,0,0,0,0,0,1,9699
1069,0,2015-03-19,-0.433883739117558,-0.9009688679024191,1.0,6.123233995736766e-17,0.9741004551724205,0.22611568550828828,9699.0,5550.0,6284.0,6006.142857142857,7259.0,3618.1398733129627,5627.4,6105.5,2956.3738693156674,18050.0,1,1,1,0,0,0,0,0,1,7259
1069,0,2015-03-20,-0.9749279121818236,-0.2225209339563146,1.0,6.123233995736766e-17,0.9778483415056568,0.20931464596304847,7259.0,4799.0,6153.0,6225.142857142857,7259.0,3579.079929654707,5531.7,6105.5,2882.1749348664616,18050.0,1,1,1,0,0,0,0,0,1,6332
1069,0,2015-03-21,-0.7818314824680299,0.6234898018587334,1.0,6.123233995736766e-17,0.9813064702716093,0.19245158197082998,6332.0,2925.0,3680.0,6296.571428571428,7259.0,3506.4944915182195,5416.933333333333,5922.0,2895.647053332181,18050.0,0,1,1,0,0,0,0,0,1,3425
1069,0,2015-03-22,-2.4492935982947064e-16,1.0,1.0,6.123233995736766e-17,0.9844738167520922,0.1755314904214282,3425.0,0.0,0.0,6296.571428571428,7259.0,3506.4944915182195,5203.166666666667,5675.0,3052.068355578969,18050.0,0,1,1,0,0,0,0,0,1,0
1069,0,2015-03-23,0.7818314824680298,0.6234898018587336,1.0,6.123233995736766e-17,0.9873494423939864,0.15855938510313478,0.0,9683.0,6058.0,5740.714285714285,6332.0,3172.719008163487,5287.866666666667,5789.0,3031.211567643567,18050.0,0,1,1,0,0,0,0,0,1,5792
1069,0,2015-03-24,0.9749279121818236,-0.22252093395631434,1.0,6.123233995736766e-17,0.989932495087353,0.141540295217043,5792.0,7678.0,5786.0,5389.857142857143,5792.0,3056.4456169746923,5461.933333333333,5789.0,2862.31695313953,18050.0,0,1,1,0,0,0,0,0,1,5222
1069,0,2015-03-25,0.43388373911755823,-0.900968867902419,1.0,6.123233995736766e-17,0.9922222094179323,0.12447926388678915,5222.0,9699.0,7126.0,5058.0,5792.0,2603.084900651532,5549.6,5925.0,2879.8552358253046,18050.0,0,1,1,0,0,0,0,0,1,7376
1069,0,2015-03-26,-0.433883739117558,-0.9009688679024191,1.0,6.123233995736766e-17,0.994217906893952,0.10738134666416309,7376.0,7259.0,5550.0,4784.857142857143,5347.0,2428.0711431485015,5542.366666666667,5925.0,2880.0903300409655,18050.0,0,1,1,0,0,0,0,0,1,5347
1069,0,2015-03-27,-0.9749279121818236,-0.2225209339563146,1.0,6.123233995736766e-17,0.995918996147179,0.09025161003104117,5347.0,6332.0,4799.0,4883.714285714285,5347.0,2514.122690872882,5537.8,5925.0,2877.542814325434,18050.0,0,1,1,0,0,0,0,0,1,7024
1069,0,2015-03-28,-0.7818314824680299,0.6234898018587334,1.0,6.123233995736766e-17,0.9973249731081555,0.07309512989807777,7024.0,3425.0,2925.0,4933.714285714285,5347.0,2483.5719380417727,5484.333333333333,5925.0,2895.441200771743,18050.0,0,1,1,0,0,0,0,0,1,3775
1069,0,2015-03-29,-2.4492935982947064e-16,1.0,1.0,6.123233995736766e-17,0.9984354211555643,0.055916990100603484,3775.0,0.0,0.0,4933.714285714285,5347.0,2483.5719380417727,5269.366666666667,5789.0,3056.281394827363,18050.0,0,1,1,0,0,0,0,0,1,0
1069,0,2015-03-30,0.7818314824680298,0.6234898018587336,1.0,6.123233995736766e-17,0.9992500112396835,0.03872228089217446,0.0,5792.0,9683.0,5860.857142857143,5347.0,3747.2716487497682,5573.466666666666,5925.0,3284.4140687058202,18050.0,1,1,1,0,0,0,0,0,1,12282
1069,0,2015-03-31,0.9749279121818236,-0.22252093395631434,1.0,6.123233995736766e-17,0.9997685019798909,0.021516097436222254,12282.0,5222.0,7678.0,6859.142857142857,7024.0,4419.270770484328,5980.466666666666,6105.5,3326.199402376216,18050.0,1,1,1,0,0,0,0,0,1,12210
1069,0,2015-04-01,0.43388373911755823,-0.900968867902419,0.8660254037844387,-0.49999999999999983,0.9999907397361901,0.004303538296244289,12210.0,7376.0,9699.0,7061.571428571428,7024.0,4478.942317748051,5950.3,6105.5,3295.281162720321,18050.0,1,1,1,0,0,0,0,0,1,8793
1069,0,2015-04-02,-0.433883739117558,-0.9009688679024191,0.8660254037844387,-0.49999999999999983,0.9999166586547379,-0.01291029607500882,8793.0,5347.0,7259.0,7326.0,7198.0,4415.030124472539,5900.1,6105.5,3263.19998805912,18050.0,1,1,1,0,0,0,0,0,1,7198
1069,0,2015-04-03,-0.9749279121818236,-0.2225209339563146,0.8660254037844387,-0.49999999999999983,0.9995462806873573,-0.030120304846908114,7198.0,7024.0,6332.0,6322.571428571428,7198.0,5219.9287305844455,5581.866666666667,5925.0,3359.3866305225138,18050.0,1,1,1,0,0,0,0,0,1,0
1069,0,2015-04-04,-0.7818314824680299,0.6234898018587334,0.8660254037844387,-0.49999999999999983,0.9988797155850336,-0.04732138832243185,0.0,3775.0,3425.0,6546.857142857143,7198.0,5125.090777360971,5550.566666666667,5789.0,3356.992708828322,18050.0,0,1,1,0,0,0,0,0,1,5345
1069,0,2015-04-05,-2.4492935982947064e-16,1.0,0.8660254037844387,-0.49999999999999983,0.9979171608653922,-0.06450844944931623,5345.0,0.0,0.0,6546.857142857143,7198.0,5125.090777360971,5345.466666666666,5668.0,3503.6753385781903,18050.0,0,1,1,0,0,0,0,0,1,0
1069,0,2015-04-06,0.7818314824680298,0.6234898018587336,0.8660254037844387,-0.49999999999999983,0.9966589017541702,-0.08167639533042241,0.0,12282.0,5792.0,4792.285714285715,5345.0,4933.206554033785,5222.8,5668.0,3626.270558785888,18050.0,0,1,1,0,0,0,0,0,1,0
1069,0,2015-04-07,0.9749279121818236,-0.22252093395631434,0.8660254037844387,-0.49999999999999983,0.9951053111006976,-0.09882013873287143,0.0,12210.0,5222.0,4061.5714285714284,5345.0,3927.712771963805,5459.3,5789.0,3503.1750736370286,18050.0,0,1,1,0,0,0,0,0,1,7095
1069,0,2015-04-08,0.43388373911755823,-0.900968867902419,0.8660254037844387,-0.49999999999999983,0.9932568492674143,-0.11593459959550041,7095.0,8793.0,7376.0,3938.714285714286,5345.0,3765.13504469121,5521.8,5789.0,3530.8414294612658,18050.0,0,1,1,0,0,0,0,0,1,7933
1069,0,2015-04-09,-0.433883739117558,-0.9009688679024191,0.8660254037844387,-0.49999999999999983,0.9911140639934547,-0.1330147065341959,7933.0,7198.0,5347.0,3733.1428571428573,5345.0,3592.8663315228487,5520.9,5775.5,3530.7752040280598,18050.0,0,1,1,0,0,0,0,0,1,5759
1069,0,2015-04-10,-0.9749279121818236,-0.2225209339563146,0.8660254037844387,-0.49999999999999983,0.9886775902323405,-0.1500553983446526,5759.0,0.0,7024.0,4509.857142857143,5437.0,3219.6249485807803,5464.6,5654.5,3517.7404346422886,18050.0,0,1,1,0,0,0,0,0,1,5437
1069,0,2015-04-11,-0.7818314824680299,0.6234898018587334,0.8660254037844387,-0.49999999999999983,0.9859481499638304,-0.16705162550211924,5437.0,5345.0,3775.0,4225.428571428572,5437.0,3221.4943146073683,5391.4,5598.0,3538.6877910828325,18050.0,0,1,1,0,0,0,0,0,1,3354
1069,0,2015-04-12,-2.4492935982947064e-16,1.0,0.8660254037844387,-0.49999999999999983,0.9829265519799822,-0.18399835165768005,3354.0,0.0,0.0,4225.428571428572,5437.0,3221.4943146073683,5231.433333333333,5598.0,3672.336489008847,18050.0,0,1,1,0,0,0,0,0,1,0
1069,0,2015-04-13,0.7818314824680298,0.6234898018587336,0.8660254037844387,-0.49999999999999983,0.9796136916454901,-0.20089055513063506,0.0,0.0,12282.0,5543.857142857143,5759.0,3089.8181407418024,5441.566666666667,5775.5,3715.9109310001654,18050.0,1,1,1,0,0,0,0,0,1,9229
1069,0,2015-04-14,0.9749279121818236,-0.22252093395631434,0.8660254037844387,-0.49999999999999983,0.9760105506323683,-0.21772323039653177,9229.0,7095.0,12210.0,5726.714285714285,5759.0,3231.540536353401,5720.733333333334,6062.0,3605.9729657729185,18050.0,1,1,1,0,0,0,0,0,1,8375
1069,0,2015-04-15,0.43388373911755823,-0.900968867902419,0.8660254037844387,-0.49999999999999983,0.9721181966290613,-0.23449138957040985,8375.0,7933.0,8793.0,5885.285714285715,5759.0,3381.5964037855297,5699.4,6062.0,3583.546861748135,18050.0,1,1,1,0,0,0,0,0,1,9043
1069,0,2015-04-16,-0.433883739117558,-0.9009688679024191,0.8660254037844387,-0.49999999999999983,0.9679377830240642,-0.25119006388481935,9043.0,5759.0,7198.0,6040.857142857143,6848.0,3399.819084822573,5671.733333333334,6062.0,3570.9261614565476,18050.0,1,1,1,0,0,0,0,0,1,6848
1069,0,2015-04-17,-0.9749279121818236,-0.2225209339563146,0.8660254037844387,-0.49999999999999983,0.9634705485641488,-0.2678143051621742,6848.0,5437.0,0.0,6087.428571428572,6848.0,3392.393395875682,5540.533333333334,5777.5,3489.2294647201616,18050.0,1,1,1,0,0,0,0,0,1,5763
1069,0,2015-04-18,-0.7818314824680299,0.6234898018587334,0.8660254037844387,-0.49999999999999983,0.9587178169872964,-0.2843591872810034,5763.0,3354.0,5345.0,6379.0,6848.0,3200.59176819954,5478.4,5761.0,3474.136862291282,18050.0,0,1,1,0,0,0,0,0,1,5395
1069,0,2015-04-19,-2.4492935982947064e-16,1.0,0.8660254037844387,-0.49999999999999983,0.9536809966304457,-0.30081980763566735,5395.0,0.0,0.0,6379.0,6848.0,3200.59176819954,5267.333333333333,5598.0,3610.1721263132695,18050.0,0,1,1,0,0,0,0,0,1,0
1069,0,2015-04-20,0.7818314824680298,0.6234898018587336,0.8660254037844387,-0.49999999999999983,0.9483615800121715,-0.3171912885891061,0.0,9229.0,0.0,5854.0,5763.0,2946.5085553357308,5338.3,5656.5,3593.5950604681057,18050.0,0,1,1,0,0,0,0,0,1,5554
1069,0,2015-04-21,0.9749279121818236,-0.22252093395631434,0.8660254037844387,-0.49999999999999983,0.9427611433904207,-0.3334687789181868,5554.0,8375.0,7095.0,5381.857142857143,5554.0,2732.2231136671703,5507.3,5656.5,3450.2451002391435,18050.0,0,1,1,0,0,0,0,0,1,5070
1069,0,2015-04-22,0.43388373911755823,-0.900968867902419,0.8660254037844387,-0.49999999999999983,0.9368813462954315,-0.3496474552512284,5070.0,9043.0,7933.0,5002.428571428572,5554.0,2287.2414868237242,5527.133333333333,5656.5,3453.6465659211467,18050.0,0,1,1,0,0,0,0,0,1,6387
1069,0,2015-04-23,-0.433883739117558,-0.9009688679024191,0.8660254037844387,-0.49999999999999983,0.9307239310379795,-0.36572252349726897,6387.0,6848.0,5759.0,4772.285714285715,5395.0,2147.3616148105766,5527.633333333333,5656.5,3453.60195261795,18050.0,0,1,1,0,0,0,0,0,1,5237
1069,0,2015-04-24,-0.9749279121818236,-0.2225209339563146,0.8660254037844387,-0.49999999999999983,0.9242907221930934,-0.3816892202666588,5237.0,5763.0,5437.0,4574.285714285715,5237.0,2104.252813889502,5427.666666666667,5495.5,3441.638165811144,18050.0,0,1,1,0,0,0,0,0,1,4377
1069,0,2015-04-25,-0.7818314824680299,0.6234898018587334,0.8660254037844387,-0.49999999999999983,0.9175836260593937,-0.39754281428255595,4377.0,5395.0,3354.0,4226.285714285715,5070.0,2146.9019317989087,5348.066666666667,5495.5,3471.057912205605,18050.0,0,1,1,0,0,0,0,0,1,2959
1069,0,2015-04-26,-2.4492935982947064e-16,1.0,0.8660254037844387,-0.49999999999999983,0.9106046300942163,-0.4132786077829042,2959.0,0.0,0.0,4226.285714285715,5070.0,2146.9019317989087,5113.933333333333,5416.0,3589.0040875192612,18050.0,0,1,1,0,0,0,0,0,1,0
1069,0,2015-04-27,0.7818314824680298,0.6234898018587336,0.8660254037844387,-0.49999999999999983,0.9033558023246845,-0.4288919379124835,0.0,5554.0,9229.0,4645.428571428572,5070.0,2671.6020697416,5271.033333333334,5495.5,3631.2756899995475,18050.0,1,1,1,0,0,0,0,0,1,8488
1069,0,2015-04-28,0.9749279121818236,-0.22252093395631434,0.8660254037844387,-0.49999999999999983,0.895839290734909,-0.4443781781046132,8488.0,5070.0,8375.0,4905.285714285715,5237.0,2804.918817261661,5500.666666666667,5656.5,3501.973880181196,18050.0,1,1,1,0,0,0,0,0,1,6889
1069,0,2015-04-29,0.43388373911755823,-0.900968867902419,0.8660254037844387,-0.49999999999999983,0.8880573226294932,-0.45973273945210397,6889.0,6387.0,9043.0,5367.714285714285,5237.0,3311.0754403106794,5412.066666666667,5656.5,3355.030745872116,18050.0,1,1,1,0,0,0,0,0,1,9624
1069,0,2015-04-30,-0.433883739117558,-0.9009688679024191,0.8660254037844387,-0.49999999999999983,0.8800122039735357,-0.47495107206704995,9624.0,5237.0,6848.0,5870.0,6889.0,3546.274101081301,5296.833333333333,5656.5,3167.6287452629563,18050.0,1,1,1,0,0,0,0,0,1,8753
1069,0,2015-05-01,-0.9749279121818236,-0.2225209339563146,0.49999999999999994,-0.8660254037844387,0.8717063187093218,-0.49002866642905923,8753.0,4377.0,5763.0,5244.714285714285,6889.0,4182.2508977138805,5003.733333333334,5495.5,3238.9776902845438,18050.0,1,1,1,0,0,0,0,0,1,0
1069,0,2015-05-02,-0.7818314824680299,0.6234898018587334,0.49999999999999994,-0.8660254037844387,0.8631421280499114,-0.5049610547215204,0.0,2959.0,5395.0,5499.571428571428,6889.0,4072.671066885663,4921.9,5416.0,3212.5325314333113,18050.0,0,1,1,0,0,0,0,0,1,4743
1069,0,2015-05-03,-2.4492935982947064e-16,1.0,0.49999999999999994,-0.8660254037844387,0.854322169749827,-0.5197438121555155,4743.0,0.0,0.0,5499.571428571428,6889.0,4072.671066885663,4921.9,5416.0,3212.5325314333113,18050.0,0,1,1,0,0,0,0,0,1,0
1069,0,2015-05-04,0.7818314824680298,0.6234898018587336,0.49999999999999994,-0.8660254037844387,0.8452490573530633,-0.5343725582809787,0.0,8488.0,5554.0,5614.285714285715,6889.0,4180.749682145763,5053.433333333333,5495.5,3309.7639428622915,18050.0,1,1,1,0,0,0,0,0,1,9291
1069,0,2015-05-05,0.9749279121818236,-0.22252093395631434,0.49999999999999994,-0.8660254037844387,0.835925479418637,-0.548842958284719,9291.0,6889.0,5070.0,5656.142857142857,7182.0,4197.0738786513075,5292.833333333333,5656.5,3189.183335992898,18050.0,1,1,1,0,0,0,0,0,1,7182
1069,0,2015-05-06,0.43388373911755823,-0.900968867902419,0.49999999999999994,-0.8660254037844387,0.8263541987239096,-0.5631507242749186,7182.0,9624.0,6387.0,5544.571428571428,7182.0,4082.8422639603573,5587.6,5761.0,3090.244925010281,18050.0,1,1,1,0,0,0,0,0,1,8843
1069,0,2015-05-07,-0.433883739117558,-0.9009688679024191,0.49999999999999994,-0.8660254037844387,0.8165380514459161,-0.5772916165517272,8843.0,8753.0,5237.0,5259.0,6754.0,3886.2032027846044,5576.233333333334,5761.0,3085.1320620404495,18050.0,1,1,1,0,0,0,0,0,1,6754
1069,0,2015-05-08,-0.9749279121818236,-0.2225209339563146,0.49999999999999994,-0.8660254037844387,0.8064799463209448,-0.5912614448635781,6754.0,0.0,4377.0,6130.142857142857,6754.0,3118.4949055899483,5515.066666666667,5761.0,3054.8367859029427,18050.0,1,1,1,0,0,0,0,0,1,6098
1069,0,2015-05-09,-0.7818314824680299,0.6234898018587334,0.49999999999999994,-0.8660254037844387,0.7961828637826158,-0.6050560696488488,6098.0,4743.0,2959.0,5925.142857142857,6754.0,3268.4403226702984,5433.366666666667,5658.5,3080.7533727447635,18050.0,0,1,1,0,0,0,0,0,1,3308
1069,0,2015-05-10,-2.4492935982947064e-16,1.0,0.49999999999999994,-0.8660254037844387,0.7856498550787145,-0.6186714032625031,3308.0,0.0,0.0,5925.142857142857,6754.0,3268.4403226702984,5252.133333333333,5658.5,3236.5173570211123,18050.0,0,1,1,0,0,0,0,0,1,0
1069,0,2015-05-11,0.7818314824680298,0.6234898018587336,0.49999999999999994,-0.8660254037844387,0.7748840413670407,-0.6321034111873487,0.0,9291.0,8488.0,5422.428571428572,6098.0,2916.0938403477803,5332.733333333334,5767.5,3217.6707889010645,18050.0,0,1,1,0,0,0,0,0,1,5772
1069,0,2015-05-12,0.9749279121818236,-0.22252093395631434,0.49999999999999994,-0.8660254037844387,0.7638886127905428,-0.6453481132295501,5772.0,7182.0,6889.0,5200.857142857143,5772.0,2817.367945948332,5520.433333333333,5767.5,3056.043945831055,18050.0,0,1,1,0,0,0,0,0,1,5631
1069,0,2015-05-13,0.43388373911755823,-0.900968867902419,0.49999999999999994,-0.8660254037844387,0.7526668275320084,-0.6584015846980488,5631.0,8843.0,9624.0,4951.0,5772.0,2500.23858861509,5449.266666666666,5767.5,2990.867927695841,18050.0,0,1,1,0,0,0,0,0,1,7094
1069,0,2015-05-14,-0.433883739117558,-0.9009688679024191,0.49999999999999994,-0.8660254037844387,0.741222010848596,-0.6712599575675313,7094.0,6754.0,8753.0,3986.1428571428573,5631.0,2951.0479736624266,5170.1,5697.0,3097.3292650059248,18050.0,0,1,1,0,0,0,0,0,1,0
1069,0,2015-05-15,-0.9749279121818236,-0.2225209339563146,0.49999999999999994,-0.8660254037844387,0.7295575540864875,-0.6839194216246106,0.0,6098.0,0.0,4005.0,5631.0,2967.1695266701518,5076.333333333333,5697.0,3017.5936786113994,18050.0,0,1,1,0,0,0,0,0,1,6230
1069,0,2015-05-16,-0.7818314824680299,0.6234898018587334,0.49999999999999994,-0.8660254037844387,0.717676913675962,-0.6963762255968722,6230.0,3308.0,4743.0,4015.4285714285716,5631.0,2964.438556013756,4960.766666666666,5592.5,3013.7899119436656,18050.0,0,1,1,0,0,0,0,0,1,3381
1069,0,2015-05-17,-2.4492935982947064e-16,1.0,0.49999999999999994,-0.8660254037844387,0.705583610107178,-0.7086266782644596,3381.0,0.0,0.0,4015.4285714285716,5631.0,2964.438556013756,4768.666666666667,5474.5,3141.8395373031053,18050.0,0,1,1,0,0,0,0,0,1,0
1069,0,2015-05-18,0.7818314824680298,0.6234898018587336,0.49999999999999994,-0.8660254037844387,0.6932812268869777,-0.7206671495538609,0.0,5772.0,9291.0,4623.571428571428,5631.0,3724.1556026005314,4923.133333333333,5592.5,3284.375390503832,18050.0,1,1,1,0,0,0,0,0,1,10029
1069,0,2015-05-19,0.9749279121818236,-0.22252093395631434,0.49999999999999994,-0.8660254037844387,0.6807734094770161,-0.7324940716135789,10029.0,5631.0,7182.0,4902.857142857143,6230.0,3882.247563313952,5176.0,5701.5,3182.7222137119106,18050.0,1,1,1,0,0,0,0,0,1,7586
1069,0,2015-05-20,0.43388373911755823,-0.900968867902419,0.49999999999999994,-0.8660254037844387,0.6680638642135335,-0.7441039398713607,7586.0,7094.0,8843.0,5230.428571428572,6230.0,4183.028920815744,5303.766666666666,5935.0,3274.045306316967,18050.0,1,1,1,0,0,0,0,0,1,9387
1069,0,2015-05-21,-0.433883739117558,-0.9009688679024191,0.49999999999999994,-0.8660254037844387,0.6551563572090853,-0.7554933140726803,9387.0,0.0,6754.0,6032.714285714285,6230.0,3494.567961579116,5321.966666666666,5935.0,3274.2185852013963,18050.0,1,1,1,0,0,0,0,0,1,5616
1069,0,2015-05-22,-0.9749279121818236,-0.2225209339563146,0.49999999999999994,-0.8660254037844387,0.6420547132365637,-0.766658819300159,5616.0,6230.0,6098.0,5979.285714285715,5856.0,3493.9079225744563,5304.266666666666,5814.0,3269.694754637781,18050.0,1,1,1,0,0,0,0,0,1,5856
1069,0,2015-05-23,-0.7818314824680299,0.6234898018587334,0.49999999999999994,-0.8660254037844387,0.6287628145958344,-0.777597146973627,5856.0,3381.0,3308.0,6004.285714285715,5856.0,3472.7799965966583,5248.233333333334,5814.0,3285.2540413325764,18050.0,0,1,1,0,0,0,0,0,1,3556
1069,0,2015-05-24,-2.4492935982947064e-16,1.0,0.49999999999999994,-0.8660254037844387,0.6152845999633276,-0.7883050558305255,3556.0,0.0,0.0,6004.285714285715,5856.0,3472.7799965966583,5102.333333333333,5814.0,3419.7208530293447,18050.0,0,1,1,0,0,0,0,0,1,0
1069,0,2015-05-25,0.7818314824680298,0.6234898018587336,0.49999999999999994,-0.8660254037844387,0.6016240632249226,-0.7987793728863649,0.0,10029.0,5772.0,4571.571428571428,5616.0,3601.981762731121,5003.7,5814.0,3524.7318425759763,18050.0,0,1,1,0,0,0,0,0,1,0
1069,0,2015-05-26,0.9749279121818236,-0.22252093395631434,0.49999999999999994,-0.8660254037844387,0.5877852522924732,-0.8090169943749473,0.0,7586.0,5631.0,4396.571428571428,5616.0,3457.9988363764564,5215.733333333334,5977.0,3402.558914672333,18050.0,0,1,1,0,0,0,0,0,1,6361
1069,0,2015-05-27,0.43388373911755823,-0.900968867902419,0.49999999999999994,-0.8660254037844387,0.5737722679043246,-0.8190148866680801,6361.0,9387.0,7094.0,4124.571428571428,5616.0,3050.9646483881547,5182.233333333334,5977.0,3374.058792727489,18050.0,0,1,1,0,0,0,0,0,1,7483
1069,0,2015-05-28,-0.433883739117558,-0.9009688679024191,0.49999999999999994,-0.8660254037844387,0.5595892624101765,-0.8287700871745037,7483.0,5616.0,0.0,4147.857142857143,5779.0,3064.835255418652,5145.233333333334,5817.5,3360.756879892861,18050.0,0,1,1,0,0,0,0,0,1,5779
1069,0,2015-05-29,-0.9749279121818236,-0.2225209339563146,0.49999999999999994,-0.8660254037844387,0.545240438540651,-0.8382797052177743,5779.0,5856.0,6230.0,4215.571428571428,5779.0,3113.7113362857285,5035.433333333333,5817.5,3261.735086003221,18050.0,0,1,1,0,0,0,0,0,1,6330
1069,0,2015-05-30,-0.7818314824680299,0.6234898018587334,0.49999999999999994,-0.8660254037844387,0.5307300481619334,-0.8475409228928311,6330.0,3556.0,3381.0,4293.142857142857,5779.0,3101.2799201067155,4880.3,5775.5,3188.682423282663,18050.0,0,1,1,0,0,0,0,0,1,4099
1069,0,2015-05-31,-2.4492935982947064e-16,1.0,0.49999999999999994,-0.8660254037844387,0.5160623910158528,-0.8565509959010036,4099.0,0.0,0.0,4293.142857142857,5779.0,3101.2799201067155,4880.3,5775.5,3188.682423282663,18050.0,0,1,1,0,0,0,0,0,1,0
1069,0,2015-06-01,0.7818314824680298,0.6234898018587336,1.2246467991473532e-16,-1.0,0.5012418134457758,-0.865307254363206,0.0,0.0,10029.0,5613.285714285715,6330.0,2931.393224747443,5030.233333333334,5817.5,3286.2599293100016,18050.0,1,1,1,0,0,0,0,0,1,9241
1069,0,2015-06-02,0.9749279121818236,-0.22252093395631434,1.2246467991473532e-16,-1.0,0.48627270710869,-0.8738071036110808,9241.0,6361.0,7586.0,5980.714285714285,6330.0,3190.4753415066357,5328.0,5977.0,3218.770465619582,18050.0,1,1,1,0,0,0,0,0,1,8933
1069,0,2015-06-03,0.43388373911755823,-0.900968867902419,1.2246467991473532e-16,-1.0,0.4711595076738638,-0.8820480249558537,8933.0,7483.0,9387.0,6202.428571428572,6330.0,3361.609131410273,5319.466666666666,5977.0,3208.223869277574,18050.0,1,1,1,0,0,0,0,0,1,9035
1069,0,2015-06-04,-0.433883739117558,-0.9009688679024191,1.2246467991473532e-16,-1.0,0.4559066935084588,-0.8900275764346767,9035.0,5779.0,5616.0,6344.571428571428,6774.0,3361.75712275306,5305.866666666667,5977.0,3200.912582517619,18050.0,1,1,1,0,0,0,0,0,1,6774
1069,0,2015-06-05,-0.9749279121818236,-0.2225209339563146,1.2246467991473532e-16,-1.0,0.440518784350495,-0.8977433935342337,6774.0,6330.0,5856.0,6258.285714285715,6774.0,3369.93490116578,5201.966666666666,5817.5,3131.985945748781,18050.0,1,1,1,0,0,0,0,0,1,5726
1069,0,2015-06-06,-0.7818314824680299,0.6234898018587334,1.2246467991473532e-16,-1.0,0.42500033996955416,-0.9051931898913974,5726.0,4099.0,3556.0,6152.857142857143,6774.0,3459.111419067589,5088.866666666667,5775.5,3135.268483617932,18050.0,0,1,1,0,0,0,0,0,1,3361
1069,0,2015-06-07,-2.4492935982947064e-16,1.0,1.2246467991473532e-16,-1.0,0.4093559588156213,-0.9123747579707273,3361.0,0.0,0.0,6152.857142857143,6774.0,3459.111419067589,4885.6,5749.0,3262.6731118030857,18050.0,0,1,1,0,0,0,0,0,1,0
1069,0,2015-06-08,0.7818314824680298,0.6234898018587336,1.2246467991473532e-16,-1.0,0.39359027665646673,-0.9192859697186104,0.0,9241.0,0.0,5639.571428571428,5726.0,3179.7989903526286,4963.6,5749.0,3251.609422191237,18050.0,0,1,1,0,0,0,0,0,1,5648
1069,0,2015-06-09,0.9749279121818236,-0.22252093395631434,1.2246467991473532e-16,-1.0,0.3777079652039649,-0.9259247771938498,5648.0,8933.0,6361.0,5209.0,5726.0,2846.061489146005,5160.9,5775.5,3116.826395992997,18050.0,0,1,1,0,0,0,0,0,1,5919
1069,0,2015-06-10,0.43388373911755823,-0.900968867902419,1.2246467991473532e-16,-1.0,0.36171373072976765,-0.9322892131745133,5919.0,9035.0,7483.0,4934.428571428572,5726.0,2485.276970288743,5205.6,5817.5,3135.453028918117,18050.0,0,1,1,0,0,0,0,0,1,7113
1069,0,2015-06-11,-0.433883739117558,-0.9009688679024191,1.2246467991473532e-16,-1.0,0.3456123126707335,-0.9383773917408641,7113.0,6774.0,5779.0,4671.571428571428,5648.0,2352.017917813183,5182.366666666667,5817.5,3134.774440363149,18050.0,0,1,1,0,0,0,0,0,1,4934
1069,0,2015-06-12,-0.9749279121818236,-0.2225209339563146,1.2246467991473532e-16,-1.0,0.3294084822245304,-0.9441875088341993,4934.0,5726.0,6330.0,4502.0,4934.0,2305.6598477080934,5097.2,5752.5,3115.69713680196,18050.0,0,1,1,0,0,0,0,0,1,4539
1069,0,2015-06-13,-0.7818314824680299,0.6234898018587334,1.2246467991473532e-16,-1.0,0.3131070409358269,-0.9497178427914316,4539.0,3361.0,4099.0,4406.142857142857,4934.0,2373.94000405594,5186.866666666667,5752.5,3000.5255371102317,18050.0,0,1,1,0,0,0,0,0,1,2690
1069,0,2015-06-14,-2.4492935982947064e-16,1.0,1.2246467991473532e-16,-1.0,0.29671281927349075,-0.9549667548552551,2690.0,0.0,0.0,4406.142857142857,4934.0,2373.94000405594,4979.2,5687.0,3138.268503490431,18050.0,0,1,1,0,0,0,0,0,1,0
1069,0,2015-06-15,0.7818314824680298,0.6234898018587336,1.2246467991473532e-16,-1.0,0.28023067519921585,-0.9599326896597447,0.0,5648.0,9241.0,5010.714285714285,4934.0,3153.7254009761027,5195.833333333333,5752.5,3246.5835845184147,18050.0,1,1,1,0,0,0,0,0,1,9880
1069,0,2015-06-16,0.9749279121818236,-0.22252093395631434,1.2246467991473532e-16,-1.0,0.26366549272800704,-0.9646141756912435,9880.0,5919.0,8933.0,5426.285714285715,4934.0,3469.2384713980887,5490.1,5817.5,3158.2787144156714,18050.0,1,1,1,0,0,0,0,0,1,8828
1069,0,2015-06-17,0.43388373911755823,-0.900968867902419,1.2246467991473532e-16,-1.0,0.24702218048093552,-0.9690098257244062,8828.0,7113.0,9035.0,5849.428571428572,4934.0,3867.0808049976054,5491.633333333333,5817.5,3160.56865773075,18050.0,1,1,1,0,0,0,0,0,1,10075
1069,0,2015-06-18,-0.433883739117558,-0.9009688679024191,1.2246467991473532e-16,-1.0,0.23030567023061221,-0.9731183372332619,10075.0,4934.0,6774.0,6032.428571428572,6215.0,3846.797233073369,5445.933333333333,5817.5,3139.079954528016,18050.0,1,1,1,0,0,0,0,0,1,6215
1069,0,2015-06-19,-0.9749279121818236,-0.2225209339563146,1.2246467991473532e-16,-1.0,0.21352091543979612,-0.9769384927771817,6215.0,4539.0,5726.0,6238.857142857143,6215.0,3791.6755499634264,5332.5,5817.5,3052.0335871745333,18050.0,1,1,1,0,0,0,0,0,1,5984
1069,0,2015-06-20,-0.7818314824680299,0.6234898018587334,1.2246467991473532e-16,-1.0,0.19667288979357647,-0.980469160361632,5984.0,2690.0,3361.0,6319.857142857143,6215.0,3708.3684385711263,5253.866666666667,5817.5,3074.7817049887303,18050.0,0,1,1,0,0,0,0,0,1,3257
1069,0,2015-06-21,-2.4492935982947064e-16,1.0,1.2246467991473532e-16,-1.0,0.1797665857255624,-0.9837092937736097,3257.0,0.0,0.0,6319.857142857143,6215.0,3708.3684385711263,5058.666666666667,5752.5,3217.793486154806,18050.0,0,1,1,0,0,0,0,0,1,0
1069,0,2015-06-22,0.7818314824680298,0.6234898018587336,1.2246467991473532e-16,-1.0,0.16280701293851715,-0.986657932891657,0.0,9880.0,5648.0,5676.142857142857,5984.0,3362.3263488528964,5119.266666666666,5752.5,3205.6142015525625,18050.0,0,1,1,0,0,0,0,0,1,5374
1069,0,2015-06-23,0.9749279121818236,-0.22252093395631434,1.2246467991473532e-16,-1.0,0.1457991969198751,-0.9893142039703663,5374.0,8828.0,5919.0,5204.571428571428,5527.0,3064.931040939463,5303.5,5752.5,3056.615253895213,18050.0,0,1,1,0,0,0,0,0,1,5527
1069,0,2015-06-24,0.43388373911755823,-0.900968867902419,1.2246467991473532e-16,-1.0,0.12874817745258132,-0.99167731989929,5527.0,10075.0,7113.0,4732.142857142857,5527.0,2363.7444467462597,5529.1,5849.0,2897.292402488453,18050.0,0,1,1,0,0,0,0,0,1,6768
1069,0,2015-06-25,-0.433883739117558,-0.9009688679024191,1.2246467991473532e-16,-1.0,0.11165900712169512,-0.993746580436178,6768.0,6215.0,4934.0,4601.857142857143,5374.0,2292.448431159092,5493.833333333333,5752.5,2893.253425653816,18050.0,0,1,1,0,0,0,0,0,1,5303
1069,0,2015-06-26,-0.9749279121818236,-0.2225209339563146,1.2246467991473532e-16,-1.0,0.09453674981719912,-0.9955213724144752,5303.0,5984.0,4539.0,4400.285714285715,5303.0,2211.2596496330343,5396.833333333333,5687.0,2872.974105808082,18050.0,0,1,1,0,0,0,0,0,1,4573
1069,0,2015-06-27,-0.7818314824680299,0.6234898018587334,1.2246467991473532e-16,-1.0,0.07738647923346301,-0.9970011699250151,4573.0,3257.0,2690.0,4417.142857142857,5303.0,2201.5197348325346,5316.7,5587.5,2895.3860102369654,18050.0,0,1,1,0,0,0,0,0,1,3375
1069,0,2015-06-28,-2.4492935982947064e-16,1.0,1.2246467991473532e-16,-1.0,0.06021327736579302,-0.9981855344718586,3375.0,0.0,0.0,4417.142857142857,5303.0,2201.5197348325346,5105.7,5450.5,3045.7400227542344,18050.0,0,1,1,0,0,0,0,0,1,0
1069,0,2015-06-29,0.7818314824680298,0.6234898018587336,1.2246467991473532e-16,-1.0,0.04302223300453059,-0.99907411510223,0.0,5374.0,9880.0,5059.857142857143,5303.0,3028.7336423314696,5298.166666666667,5587.5,3160.215172544692,18050.0,1,1,1,0,0,0,0,0,1,9873
1069,0,2015-06-30,0.9749279121818236,-0.22252093395631434,1.2246467991473532e-16,-1.0,0.02581844022713308,-0.9996666485105112,9873.0,5527.0,8828.0,5937.428571428572,5303.0,3939.632167988224,5687.166666666667,5687.0,3203.510456846755,18050.0,1,1,1,0,0,0,0,0,1,11670
1069,0,2015-07-01,0.43388373911755823,-0.900968867902419,-0.4999999999999998,-0.8660254037844388,0.008606996888688698,-0.9999629591162655,11670.0,6768.0,10075.0,6102.0,5303.0,4003.6517497571276,5643.133333333333,5687.0,3161.7844343337943,18050.0,1,1,1,0,0,0,0,0,1,7920
1069,0,2015-07-02,-0.433883739117558,-0.9009688679024191,-0.4999999999999998,-0.8660254037844388,-0.008606996888688009,-0.9999629591162655,7920.0,5303.0,6215.0,6148.857142857143,5631.0,3994.651316805651,5533.066666666667,5639.5,3100.1836868085884,18050.0,1,1,1,0,0,0,0,0,1,5631
1069,0,2015-07-03,-0.9749279121818236,-0.2225209339563146,-0.4999999999999998,-0.8660254037844388,-0.02581844022713239,-0.9996666485105112,5631.0,4573.0,5984.0,6298.714285714285,5631.0,3945.049375030501,5419.3,5626.5,3029.049664897204,18050.0,1,1,1,0,0,0,0,0,1,5622
1069,0,2015-07-04,-0.7818314824680299,0.6234898018587334,-0.4999999999999998,-0.8660254037844388,-0.04302223300453034,-0.99907411510223,5622.0,3375.0,3257.0,6197.0,5631.0,4041.006062851178,5282.266666666666,5574.5,3058.4971961488936,18050.0,0,1,1,0,0,0,0,0,1,2663
1069,0,2015-07-05,-2.4492935982947064e-16,1.0,-0.4999999999999998,-0.8660254037844388,-0.060213277365792774,-0.9981855344718586,2663.0,0.0,0.0,6197.0,5631.0,4041.006062851178,5091.4,5450.5,3205.0084038837695,18050.0,0,1,1,0,0,0,0,0,1,0
1069,0,2015-07-06,0.7818314824680298,0.6234898018587336,-0.4999999999999998,-0.8660254037844388,-0.07738647923346322,-0.9970011699250151,0.0,9873.0,5374.0,5608.571428571428,5631.0,3702.2046520572385,5171.166666666667,5574.5,3190.2013781787196,18050.0,0,1,1,0,0,0,0,0,1,5754
1069,0,2015-07-07,0.9749279121818236,-0.22252093395631434,-0.4999999999999998,-0.8660254037844388,-0.09453674981719933,-0.9955213724144752,5754.0,11670.0,5527.0,4650.0,5622.0,2565.3339613651283,5336.5,5574.5,3037.8516314136914,18050.0,0,1,1,0,0,0,0,0,1,4960
1069,0,2015-07-08,0.43388373911755823,-0.900968867902419,-0.4999999999999998,-0.8660254037844388,-0.11165900712169444,-0.9937465804361781,4960.0,7920.0,6768.0,4663.142857142857,5622.0,2585.0391633765325,5415.3,5574.5,3076.6233074366023,18050.0,0,1,1,0,0,0,0,0,1,8012
1069,0,2015-07-09,-0.433883739117558,-0.9009688679024191,-0.4999999999999998,-0.8660254037844388,-0.12874817745258066,-0.99167731989929,8012.0,5631.0,5303.0,4679.571428571428,5622.0,2592.5697584406325,5409.533333333334,5574.5,3075.8086655587836,18050.0,0,1,1,0,0,0,0,0,1,5746
1069,0,2015-07-10,-0.9749279121818236,-0.2225209339563146,-0.4999999999999998,-0.8660254037844388,-0.14579919691987442,-0.9893142039703664,5746.0,5622.0,4573.0,4654.714285714285,5448.0,2582.8438276626803,5354.033333333334,5487.5,3058.987002523754,18050.0,0,1,1,0,0,0,0,0,1,5448
1069,0,2015-07-11,-0.7818314824680299,0.6234898018587334,-0.4999999999999998,-0.8660254037844388,-0.16280701293851646,-0.9866579328916572,5448.0,2663.0,3375.0,4744.714285714285,5448.0,2511.8762386103353,5299.333333333333,5487.5,3081.3471676875615,18050.0,0,1,1,0,0,0,0,0,1,3293
1069,0,2015-07-12,-2.4492935982947064e-16,1.0,-0.4999999999999998,-0.8660254037844388,-0.17976658572556214,-0.9837092937736098,3293.0,0.0,0.0,4744.714285714285,5448.0,2511.8762386103353,5148.033333333334,5487.5,3227.9190850361006,18050.0,0,1,1,0,0,0,0,0,1,0
1069,0,2015-07-13,0.7818314824680298,0.6234898018587336,-0.4999999999999998,-0.8660254037844388,-0.19667288979357622,-0.9804691603616321,0.0,5754.0,9873.0,5269.142857142857,5448.0,3077.292447838486,5372.533333333334,5574.5,3284.7762505370165,18050.0,1,1,1,0,0,0,0,0,1,9425
1069,0,2015-07-14,0.9749279121818236,-0.22252093395631434,-0.4999999999999998,-0.8660254037844388,-0.2135209154397959,-0.9769384927771817,9425.0,4960.0,11670.0,5787.428571428572,5746.0,3313.036766932657,5658.8,5626.5,3172.7261681290906,18050.0,1,1,1,0,0,0,0,0,1,8588
1069,0,2015-07-15,0.43388373911755823,-0.900968867902419,-0.4999999999999998,-0.8660254037844388,-0.23030567023061196,-0.973118337233262,8588.0,8012.0,7920.0,6011.0,5746.0,3533.6364649842862,5648.7,5626.5,3159.2788914233533,18050.0,1,1,1,0,0,0,0,0,1,9577
1069,0,2015-07-16,-0.433883739117558,-0.9009688679024191,-0.4999999999999998,-0.8660254037844388,-0.24702218048093527,-0.9690098257244063,9577.0,5746.0,5631.0,6141.714285714285,6661.0,3539.1192743527613,5576.466666666666,5626.5,3108.4452454045622,18050.0,1,1,1,0,0,0,0,0,1,6661
1069,0,2015-07-17,-0.9749279121818236,-0.2225209339563146,-0.4999999999999998,-0.8660254037844388,-0.2636654927280072,-0.9646141756912435,6661.0,5448.0,5622.0,6098.285714285715,6661.0,3550.8962114882884,5412.1,5574.5,2990.503686672208,18050.0,1,1,1,0,0,0,0,0,1,5144
1069,0,2015-07-18,-0.7818314824680299,0.6234898018587334,-0.4999999999999998,-0.8660254037844388,-0.2802306751992161,-0.9599326896597445,5144.0,3293.0,2663.0,6011.714285714285,6661.0,3637.030918862511,5294.5,5487.5,3026.987152952255,18050.0,0,1,1,0,0,0,0,0,1,2687
1069,0,2015-07-19,-2.4492935982947064e-16,1.0,-0.4999999999999998,-0.8660254037844388,-0.2967128192734901,-0.9549667548552553,2687.0,0.0,0.0,6011.714285714285,6661.0,3637.030918862511,5095.033333333334,5411.0,3173.595790303162,18050.0,0,1,1,0,0,0,0,0,1,0
1069,0,2015-07-20,0.7818314824680298,0.6234898018587336,-0.4999999999999998,-0.8660254037844388,-0.3131070409358267,-0.9497178427914317,0.0,9425.0,5754.0,5522.714285714285,6002.0,3317.7223971818194,5186.533333333334,5487.5,3158.309518728654,18050.0,0,1,1,0,0,0,0,0,1,6002
1069,0,2015-07-21,0.9749279121818236,-0.22252093395631434,-0.4999999999999998,-0.8660254037844388,-0.3294084822245302,-0.9441875088341994,6002.0,8588.0,4960.0,4973.428571428572,5144.0,3031.6020438673872,5344.633333333333,5487.5,3004.705372937751,18050.0,0,1,1,0,0,0,0,0,1,4743
1069,0,2015-07-22,0.43388373911755823,-0.900968867902419,-0.4999999999999998,-0.8660254037844388,-0.3456123126707333,-0.9383773917408642,4743.0,9577.0,8012.0,4476.142857142857,5144.0,2362.199217436393,5368.7,5574.5,3007.838554338578,18050.0,0,1,1,0,0,0,0,0,1,6096
1069,0,2015-07-23,-0.433883739117558,-0.9009688679024191,-0.4999999999999998,-0.8660254037844388,-0.3617137307297674,-0.9322892131745134,6096.0,6661.0,5746.0,4276.285714285715,5144.0,2200.1621693476445,5359.866666666667,5535.0,3007.746753523874,18050.0,0,1,1,0,0,0,0,0,1,5262
1069,0,2015-07-24,-0.9749279121818236,-0.2225209339563146,-0.4999999999999998,-0.8660254037844388,-0.37770796520396466,-0.9259247771938499,5262.0,5144.0,5448.0,4196.428571428572,4743.0,2173.400473692683,5287.1,5375.5,2998.898675433585,18050.0,0,1,1,0,0,0,0,0,1,4585
1069,0,2015-07-25,-0.7818314824680299,0.6234898018587334,-0.4999999999999998,-0.8660254037844388,-0.39359027665646645,-0.9192859697186105,4585.0,2687.0,3293.0,4254.714285714285,4743.0,2131.236238609382,5213.5,5355.0,3025.4720093417513,18050.0,0,1,1,0,0,0,0,0,1,3095
1069,0,2015-07-26,-2.4492935982947064e-16,1.0,-0.4999999999999998,-0.8660254037844388,-0.4093559588156211,-0.9123747579707274,3095.0,0.0,0.0,4254.714285714285,4743.0,2131.236238609382,5061.066666666667,5355.0,3170.577070648119,18050.0,0,1,1,0,0,0,0,0,1,0
1069,0,2015-07-27,0.7818314824680298,0.6234898018587336,-0.4999999999999998,-0.8660254037844388,-0.42500033996955394,-0.9051931898913975,0.0,6002.0,9425.0,4732.142857142857,4743.0,2843.274604428922,5260.033333333334,5535.0,3247.477933702572,18050.0,1,1,1,0,0,0,0,0,1,9344
1069,0,2015-07-28,0.9749279121818236,-0.22252093395631434,-0.4999999999999998,-0.8660254037844388,-0.4405187843504952,-0.8977433935342336,9344.0,4743.0,8588.0,5159.857142857143,5262.0,3061.963826727946,5517.933333333333,5626.5,3120.064742181221,18050.0,1,1,1,0,0,0,0,0,1,7737
1069,0,2015-07-29,0.43388373911755823,-0.900968867902419,-0.4999999999999998,-0.8660254037844388,-0.455906693508459,-0.8900275764346766,7737.0,6096.0,9577.0,5656.571428571428,5262.0,3491.086882196946,5507.933333333333,5626.5,3106.0745592815642,18050.0,1,1,1,0,0,0,0,0,1,9573
1069,0,2015-07-30,-0.433883739117558,-0.9009688679024191,-0.4999999999999998,-0.8660254037844388,-0.47115950767386394,-0.8820480249558535,9573.0,5262.0,6661.0,5959.714285714285,7384.0,3542.860883254551,5365.066666666667,5626.5,2904.9275014199266,18050.0,1,1,1,0,0,0,0,0,1,7384
1069,0,2015-07-31,-0.9749279121818236,-0.2225209339563146,-0.4999999999999998,-0.8660254037844388,-0.4862727071086902,-0.8738071036110807,7384.0,4585.0,5144.0,6411.285714285715,7737.0,3539.8855779194173,5359.266666666666,5626.5,2899.8196130976517,18050.0,1,1,1,0,0,0,0,0,1,7746
