Store,Cluster,Date,DayOfWeek_sin,DayOfWeek_cos,Month_sin,Month_cos,DayOfYear_sin,DayOfYear_cos,Sales_Lag_1,Sales_Lag_7,Sales_Lag_14,RollingMean_7,RollingMedian_7,RollingStd_7,RollingMean_30,RollingMedian_30,RollingStd_30,CompetitionDistance,Promo,Promo2,StoreType_a,StoreType_b,StoreType_c,StoreType_d,Assortment_a,Assortment_b,Assortment_c,Sales
205,0,2013-01-30,0.43388373911755823,-0.900968867902419,0.49999999999999994,0.8660254037844387,0.4937755501599772,0.869589389346611,5135.0,6620.0,5021.0,4934.285714285715,5249.0,2344.308264306389,5355.333333333333,5686.5,2787.175647847481,110.0,0,0,1,0,0,0,1,0,0,4718
205,0,2013-01-31,-0.433883739117558,-0.9009688679024191,0.49999999999999994,0.8660254037844387,0.5086709438521044,0.8609610158889943,4718.0,6434.0,5138.0,4969.285714285715,5249.0,2372.094623905611,5577.966666666666,5753.5,2605.4824489821503,110.0,0,0,1,0,0,0,1,0,0,6679
205,0,2013-02-01,-0.9749279121818236,-0.2225209339563146,0.8660254037844386,0.5000000000000001,0.5234156073655503,0.8520775211013093,6679.0,7301.0,5087.0,4968.142857142857,5249.0,2370.785553958253,5614.133333333333,5753.5,2622.0075321879945,110.0,0,0,1,0,0,0,1,0,0,7293
205,0,2013-02-02,-0.7818314824680299,0.6234898018587334,0.8660254037844386,0.5000000000000001,0.5380051715382996,0.8429415373547828,7293.0,5249.0,5995.0,5175.714285714285,5703.0,2461.3520481154055,5650.9,5899.5,2629.5105923293813,110.0,0,0,1,0,0,0,1,0,0,6702
205,0,2013-02-03,-2.4492935982947064e-16,1.0,0.8660254037844386,0.5000000000000001,0.5524353131676196,0.8335557718385699,6702.0,0.0,0.0,5175.714285714285,5703.0,2461.3520481154055,5457.433333333333,5849.0,2824.16788701079,110.0,0,0,1,0,0,0,1,0,0,0
205,0,2013-02-04,0.7818314824680298,0.6234898018587336,0.8660254037844386,0.5000000000000001,0.5667017562911176,0.8239230057575542,0.0,5703.0,9573.0,5871.714285714285,6679.0,3210.2146197352445,5590.133333333333,5849.0,2969.216949290507,110.0,1,0,1,0,0,0,1,0,0,10575
205,0,2013-02-05,0.9749279121818236,-0.22252093395631434,0.8660254037844386,0.5000000000000001,0.5808002734538009,0.8140460935082178,10575.0,5135.0,7540.0,6412.142857142857,6702.0,3379.4855342478495,5887.4,6214.5,2833.5752437634274,110.0,1,0,1,0,0,0,1,0,0,8918
205,0,2013-02-06,0.43388373911755823,-0.900968867902419,0.8660254037844386,0.5000000000000001,0.5947266869607634,0.8039279618328213,8918.0,4718.0,6620.0,6862.428571428572,7293.0,3325.6944566582806,5790.366666666667,6214.5,2707.245890050515,110.0,1,0,1,0,0,0,1,0,0,7870
205,0,2013-02-07,-0.433883739117558,-0.9009688679024191,0.8660254037844386,0.5000000000000001,0.6084768701151261,0.7935716089521474,7870.0,6679.0,6434.0,6980.0,7502.0,3332.669250515768,5767.433333333333,6214.5,2689.0704673103905,110.0,1,0,1,0,0,0,1,0,0,7502
205,0,2013-02-08,-0.9749279121818236,-0.2225209339563146,0.8660254037844386,0.5000000000000001,0.6220467484408675,0.7829801036770629,7502.0,7293.0,7301.0,6973.571428571428,7502.0,3332.008196125516,5769.133333333333,6214.5,2690.0213399145005,110.0,1,0,1,0,0,0,1,0,0,7248
205,0,2013-02-09,-0.7818314824680299,0.6234898018587334,0.8660254037844386,0.5000000000000001,0.6354323008901774,0.7721565844991642,7248.0,6702.0,5249.0,6875.428571428572,7502.0,3351.401590237675,5741.233333333334,6005.0,2682.7335992170033,110.0,0,0,1,0,0,0,1,0,0,6015
205,0,2013-02-10,-2.4492935982947064e-16,1.0,0.8660254037844386,0.5000000000000001,0.6486295610349814,0.7611042586607747,6015.0,0.0,0.0,6875.428571428572,7502.0,3351.401590237675,5482.7,5849.0,2850.360039569109,110.0,0,0,1,0,0,0,1,0,0,0
205,0,2013-02-11,0.7818314824680298,0.6234898018587336,0.8660254037844386,0.5000000000000001,0.6616346182422783,0.7498264012045686,0.0,10575.0,5703.0,6128.857142857143,7248.0,2947.680694408822,5472.0,5849.0,2850.2351869082063,110.0,0,0,1,0,0,0,1,0,0,5349
205,0,2013-02-12,0.9749279121818236,-0.22252093395631434,0.8660254037844386,0.5000000000000001,0.6744436188329455,0.7383263540031065,5349.0,8918.0,5135.0,5653.857142857143,6015.0,2678.973026402184,5658.433333333333,5849.0,2656.2906036923687,110.0,0,0,1,0,0,0,1,0,0,5593
205,0,2013-02-13,0.43388373911755823,-0.900968867902419,0.8660254037844386,0.5000000000000001,0.6870527672236669,0.7266075247685656,5593.0,7870.0,4718.0,5346.714285714285,5720.0,2499.8035732356866,5678.566666666667,5857.5,2654.3257431172074,110.0,0,0,1,0,0,0,1,0,0,5720
205,0,2013-02-14,-0.433883739117558,-0.9009688679024191,0.8660254037844386,0.5000000000000001,0.6994583270516471,0.7146733860429609,5720.0,7502.0,6679.0,5157.714285714285,5720.0,2355.5432292280066,5705.233333333334,6005.0,2655.2308125313875,110.0,0,0,1,0,0,0,1,0,0,6179
205,0,2013-02-15,-0.9749279121818236,-0.2225209339563146,0.8660254037844386,0.5000000000000001,0.7116566222817746,0.702527474169157,6179.0,7248.0,7293.0,4930.714285714285,5659.0,2191.376790534946,5726.5,6005.0,2652.1147287556696,110.0,0,0,1,0,0,0,1,0,0,5659
205,0,2013-02-16,-0.7818314824680299,0.6234898018587334,0.8660254037844386,0.5000000000000001,0.7236440382959124,0.6901733882429719,5659.0,6015.0,6702.0,4847.714285714285,5593.0,2154.1506999500384,5736.366666666667,6005.0,2650.3998850314483,110.0,0,0,1,0,0,0,1,0,0,5434
205,0,2013-02-17,-2.4492935982947064e-16,1.0,0.8660254037844386,0.5000000000000001,0.7354170229639855,0.6776147890466889,5434.0,0.0,0.0,4847.714285714285,5593.0,2154.1506999500384,5566.8,6005.0,2848.6875792438054,110.0,0,0,1,0,0,0,1,0,0,0
205,0,2013-02-18,0.7818314824680298,0.6234898018587336,0.8660254037844386,0.5000000000000001,0.7469720876965552,0.6648553979642865,0.0,5349.0,10575.0,5627.714285714285,5659.0,3132.332236225148,5727.266666666666,6097.0,3004.9409074840833,110.0,1,0,1,0,0,0,1,0,0,10809
205,0,2013-02-19,0.9749279121818236,-0.22252093395631434,0.8660254037844386,0.5000000000000001,0.7583058084785625,0.6518989958787126,10809.0,5593.0,8918.0,6068.714285714285,5720.0,3337.237066511044,6016.6,6306.5,2848.26664288397,110.0,1,0,1,0,0,0,1,0,0,8680
205,0,2013-02-20,0.43388373911755823,-0.900968867902419,0.8660254037844386,0.5000000000000001,0.7694148268839378,0.6387494220515272,8680.0,5720.0,7870.0,6224.0,6179.0,3343.590285905257,5924.4,6306.5,2772.9468278971435,110.0,1,0,1,0,0,0,1,0,0,6807
205,0,2013-02-21,-0.433883739117558,-0.9009688679024191,0.8660254037844386,0.5000000000000001,0.7802958510707755,0.6254105729852463,6807.0,6179.0,7502.0,6338.714285714285,6807.0,3355.542664224159,5905.8,6306.5,2763.5918956165083,110.0,1,0,1,0,0,0,1,0,0,6982
205,0,2013-02-22,-0.9749279121818236,-0.2225209339563146,0.8660254037844386,0.5000000000000001,0.7909456567567772,0.6118864012687243,6982.0,5659.0,7248.0,6492.285714285715,6807.0,3343.8288789094113,5909.6,6306.5,2764.6859595933165,110.0,1,0,1,0,0,0,1,0,0,6734
205,0,2013-02-23,-0.7818314824680299,0.6234898018587334,0.8660254037844386,0.5000000000000001,0.8013610881746766,0.5981809144059164,6734.0,5434.0,6015.0,6469.142857142857,6807.0,3352.9223287838236,5870.866666666667,6097.0,2765.2255346483525,110.0,0,0,1,0,0,0,1,0,0,5272
205,0,2013-02-24,-2.4492935982947064e-16,1.0,0.8660254037844386,0.5000000000000001,0.8115390590073611,0.5842981736283683,5272.0,0.0,0.0,6469.142857142857,6807.0,3352.9223287838236,5627.5,5867.5,2950.11787900077,110.0,0,0,1,0,0,0,1,0,0,0
205,0,2013-02-25,0.7818314824680298,0.6234898018587336,0.8660254037844386,0.5000000000000001,0.8214765533024142,0.5702422926917871,0.0,10809.0,5349.0,5657.0,6734.0,2763.166842592028,5623.333333333333,5867.5,2950.759099683981,110.0,0,0,1,0,0,0,1,0,0,5124
205,0,2013-02-26,0.9749279121818236,-0.22252093395631434,0.8660254037844386,0.5000000000000001,0.8311706263658079,0.5560174366570446,5124.0,8680.0,5593.0,5103.428571428572,5272.0,2423.937283095615,5783.5,5867.5,2759.1889706691113,110.0,0,0,1,0,0,0,1,0,0,4805
205,0,2013-02-27,0.43388373911755823,-0.900968867902419,0.8660254037844386,0.5000000000000001,0.8406184056344782,0.5416278206559814,4805.0,6807.0,5720.0,4888.714285714285,5272.0,2311.8603413907244,5770.2,5867.5,2760.5516864918695,110.0,0,0,1,0,0,0,1,0,0,5304
205,0,2013-02-28,-0.433883739117558,-0.9009688679024191,0.8660254037844386,0.5000000000000001,0.8498170915275278,0.5270777086423722,5304.0,6982.0,6179.0,4856.142857142857,5272.0,2278.823119402603,5824.166666666667,6097.0,2763.529316220329,110.0,0,0,1,0,0,0,1,0,0,6754
205,0,2013-03-01,-0.9749279121818236,-0.2225209339563146,1.0,6.123233995736766e-17,0.8587639582758029,0.5123714121284237,6754.0,6734.0,5659.0,4840.285714285715,5272.0,2263.915687055337,5887.666666666667,6401.0,2759.1184040950643,110.0,0,0,1,0,0,0,1,0,0,6623
205,0,2013-03-02,-0.7818314824680299,0.6234898018587334,1.0,6.123233995736766e-17,0.8674563547295968,0.49751328890718066,6623.0,5272.0,5434.0,5030.285714285715,5304.0,2359.9592308827223,5885.1,6390.5,2758.3926022732635,110.0,0,0,1,0,0,0,1,0,0,6602
205,0,2013-03-03,-2.4492935982947064e-16,1.0,1.0,6.123233995736766e-17,0.8758917051442429,0.48250774176121847,6602.0,0.0,0.0,5030.285714285715,5304.0,2359.9592308827223,5642.0,6097.0,2945.086229051999,110.0,0,0,1,0,0,0,1,0,0,0
205,0,2013-03-04,0.7818314824680298,0.6234898018587336,1.0,6.123233995736766e-17,0.8840675099433636,0.46735921715800227,0.0,5124.0,10809.0,6109.285714285715,6602.0,3735.643974572778,5841.166666666667,6097.0,3209.415341356325,110.0,1,0,1,0,0,0,1,0,0,12677
205,0,2013-03-05,0.9749279121818236,-0.22252093395631434,1.0,6.123233995736766e-17,0.8919813464595485,0.45207220393230435,12677.0,4805.0,8680.0,6834.285714285715,6623.0,3927.8485508093654,6170.5,6390.5,3094.2058838616645,110.0,1,0,1,0,0,0,1,0,0,9880
205,0,2013-03-06,0.43388373911755823,-0.900968867902419,1.0,6.123233995736766e-17,0.8996308696522433,0.43665123195606403,9880.0,5304.0,6807.0,7176.285714285715,6754.0,3876.2835600733893,6074.6,6390.5,2996.014152169513,110.0,1,0,1,0,0,0,1,0,0,7698
205,0,2013-03-07,-0.433883739117558,-0.9009688679024191,1.0,6.123233995736766e-17,0.9070138128026359,0.4211008707960896,7698.0,6754.0,6982.0,7281.857142857143,7493.0,3872.927636322485,6027.1,6390.5,2960.4646111367565,110.0,1,0,1,0,0,0,1,0,0,7493
205,0,2013-03-08,-0.9749279121818236,-0.2225209339563146,1.0,6.123233995736766e-17,0.9141279881853337,0.40542572835999735,7493.0,6623.0,6734.0,7402.857142857143,7493.0,3862.1287061486096,6013.766666666666,6390.5,2952.769111603003,110.0,1,0,1,0,0,0,1,0,0,7470
205,0,2013-03-09,-0.7818314824680299,0.6234898018587334,1.0,6.123233995736766e-17,0.9209712877166346,0.38963044953078796,7470.0,6602.0,5272.0,7317.0,7493.0,3889.482827660595,5963.733333333334,6097.0,2939.3685802523505,110.0,0,0,1,0,0,0,1,0,0,6001
205,0,2013-03-10,-2.4492935982947064e-16,1.0,1.0,6.123233995736766e-17,0.9275416835791966,0.37371971479046906,6001.0,0.0,0.0,7317.0,7493.0,3889.482827660595,5722.133333333333,6008.0,3122.346594705858,110.0,0,0,1,0,0,0,1,0,0,0
205,0,2013-03-11,0.7818314824680298,0.6234898018587336,1.0,6.123233995736766e-17,0.9338372288229252,0.35769823883312546,0.0,12677.0,5124.0,6270.285714285715,7470.0,3115.516902767271,5699.966666666666,5860.5,3122.5562636308464,110.0,0,0,1,0,0,0,1,0,0,5350
205,0,2013-03-12,0.9749279121818236,-0.22252093395631434,1.0,6.123233995736766e-17,0.9398560579418954,0.3415707691678556,5350.0,9880.0,4805.0,5624.714285714285,6001.0,2680.7368212418587,5878.666666666667,5860.5,2932.738150171486,110.0,0,0,1,0,0,0,1,0,0,5361
205,0,2013-03-13,0.43388373911755823,-0.900968867902419,1.0,6.123233995736766e-17,0.9455963874271426,0.3253420847119801,5361.0,7698.0,5304.0,5306.571428571428,5471.0,2521.068216526668,5882.733333333334,5860.5,2932.0628719482597,110.0,0,0,1,0,0,0,1,0,0,5471
205,0,2013-03-14,-0.433883739117558,-0.9009688679024191,1.0,6.123233995736766e-17,0.9510565162951535,0.30901699437494745,5471.0,7493.0,6754.0,4973.428571428572,5361.0,2330.899029497908,5868.333333333333,5860.5,2934.5946125878936,110.0,0,0,1,0,0,0,1,0,0,5161
205,0,2013-03-15,-0.9749279121818236,-0.2225209339563146,1.0,6.123233995736766e-17,0.9562348265919056,0.29260033563334836,5161.0,7470.0,6623.0,4698.428571428572,5361.0,2088.180695976195,5862.5,5830.0,2935.0735260719243,110.0,0,0,1,0,0,0,1,0,0,5545
205,0,2013-03-16,-0.7818314824680299,0.6234898018587334,1.0,6.123233995736766e-17,0.9611297838723007,0.27609697309746883,5545.0,6001.0,6602.0,4733.571428571428,5361.0,2115.645201598705,5864.766666666666,5830.0,2935.3526215164816,110.0,0,0,1,0,0,0,1,0,0,6247
205,0,2013-03-17,-2.4492935982947064e-16,1.0,1.0,6.123233995736766e-17,0.9657399376548549,0.2595117970697999,6247.0,0.0,0.0,4733.571428571428,5361.0,2115.645201598705,5676.133333333333,5773.0,3124.752279652805,110.0,0,0,1,0,0,0,1,0,0,0
205,0,2013-03-18,0.7818314824680298,0.6234898018587336,1.0,6.123233995736766e-17,0.970063921851507,0.2428497220959356,0.0,5350.0,12677.0,5377.857142857143,5471.0,2882.426201921536,5823.666666666667,6124.0,3216.0768383054938,110.0,1,0,1,0,0,0,1,0,0,9860
205,0,2013-03-19,0.9749279121818236,-0.22252093395631434,1.0,6.123233995736766e-17,0.9741004551724205,0.22611568550828828,9860.0,5361.0,9880.0,5781.0,5545.0,3070.8619311196653,6096.433333333333,6424.5,3047.727629283637,110.0,1,0,1,0,0,0,1,0,0,8183
205,0,2013-03-20,0.43388373911755823,-0.900968867902419,1.0,6.123233995736766e-17,0.9778483415056568,0.20931464596304847,8183.0,5471.0,7698.0,6100.857142857143,6247.0,3148.807680618778,5993.133333333333,6424.5,2932.8452318564296,110.0,1,0,1,0,0,0,1,0,0,7710
205,0,2013-03-21,-0.433883739117558,-0.9009688679024191,1.0,6.123233995736766e-17,0.9813064702716093,0.19245158197082998,7710.0,5161.0,7493.0,6359.285714285715,6970.0,3133.010251833727,5936.133333333333,6424.5,2895.2005437457615,110.0,1,0,1,0,0,0,1,0,0,6970
205,0,2013-03-22,-0.9749279121818236,-0.2225209339563146,1.0,6.123233995736766e-17,0.9844738167520922,0.1755314904214282,6970.0,5545.0,7470.0,6617.428571428572,7352.0,3129.176561394538,5954.3,6424.5,2902.5539782322276,110.0,1,0,1,0,0,0,1,0,0,7352
205,0,2013-03-23,-0.7818314824680299,0.6234898018587334,1.0,6.123233995736766e-17,0.9873494423939864,0.15855938510313478,7352.0,6247.0,6001.0,6597.571428571428,7352.0,3132.3584222937,5925.166666666667,6177.5,2896.2625271954867,110.0,0,0,1,0,0,0,1,0,0,6108
205,0,2013-03-24,-2.4492935982947064e-16,1.0,1.0,6.123233995736766e-17,0.989932495087353,0.141540295217043,6108.0,0.0,0.0,6597.571428571428,7352.0,3132.3584222937,5700.7,6054.5,3086.1402760484298,110.0,0,0,1,0,0,0,1,0,0,0
205,0,2013-03-25,0.7818314824680298,0.6234898018587336,1.0,6.123233995736766e-17,0.9922222094179323,0.12447926388678915,0.0,9860.0,5350.0,6590.428571428572,7352.0,3123.7241586042155,5851.966666666666,6177.5,3174.356882825281,110.0,1,0,1,0,0,0,1,0,0,9810
205,0,2013-03-26,0.9749279121818236,-0.22252093395631434,1.0,6.123233995736766e-17,0.994217906893952,0.10738134666416309,9810.0,8183.0,5361.0,6676.0,7352.0,3182.27801006344,6144.7,6424.5,3017.1264263225366,110.0,1,0,1,0,0,0,1,0,0,8782
205,0,2013-03-27,0.43388373911755823,-0.900968867902419,1.0,6.123233995736766e-17,0.995918996147179,0.09025161003104117,8782.0,7710.0,5471.0,6680.142857142857,7352.0,3183.8669585150387,6231.866666666667,6612.5,3024.386671745181,110.0,1,0,1,0,0,0,1,0,0,7739
205,0,2013-03-28,-0.433883739117558,-0.9009688679024191,1.0,6.123233995736766e-17,0.9973249731081555,0.07309512989807777,7739.0,6970.0,5161.0,7269.0,7739.0,3600.352991953241,6441.433333333333,6688.5,3137.800291257572,110.0,1,0,1,0,0,0,1,0,0,11092
205,0,2013-03-29,-0.9749279121818236,-0.2225209339563146,1.0,6.123233995736766e-17,0.9984354211555643,0.055916990100603484,11092.0,7352.0,5545.0,6218.714285714285,7739.0,4525.575864435586,6264.633333333333,6688.5,3346.580812826969,110.0,1,0,1,0,0,0,1,0,0,0
205,0,2013-03-30,-0.7818314824680299,0.6234898018587334,1.0,6.123233995736766e-17,0.9992500112396835,0.03872228089217446,0.0,6108.0,6247.0,6538.0,8343.0,4594.775112378551,6317.6,6796.5,3367.104840496738,110.0,0,0,1,0,0,0,1,0,0,8343
205,0,2013-03-31,-2.4492935982947064e-16,1.0,1.0,6.123233995736766e-17,0.9997685019798909,0.021516097436222254,8343.0,0.0,0.0,6538.0,8343.0,4594.775112378551,6096.833333333333,6786.0,3558.094793210444,110.0,0,0,1,0,0,0,1,0,0,0
205,0,2013-04-01,0.7818314824680298,0.6234898018587336,0.8660254037844387,-0.49999999999999983,0.9999907397361901,0.004303538296244289,0.0,9810.0,9860.0,5136.571428571428,7739.0,4915.336470583436,5876.766666666666,6608.5,3725.9778691786673,110.0,0,0,1,0,0,0,1,0,0,0
205,0,2013-04-02,0.9749279121818236,-0.22252093395631434,0.8660254037844387,-0.49999999999999983,0.9999166586547379,-0.01291029607500882,0.0,8782.0,8183.0,4876.857142857143,6964.0,4735.352518682266,6108.9,6967.0,3560.4800853158895,110.0,0,0,1,0,0,0,1,0,0,6964
205,0,2013-04-03,0.43388373911755823,-0.900968867902419,0.8660254037844387,-0.49999999999999983,0.9995462806873573,-0.030120304846908114,6964.0,7739.0,7710.0,4599.0,5794.0,4594.384942514069,5879.466666666666,6605.5,3337.4239987041565,110.0,0,0,1,0,0,0,1,0,0,5794
205,0,2013-04-04,-0.433883739117558,-0.9009688679024191,0.8660254037844387,-0.49999999999999983,0.9988797155850336,-0.04732138832243185,5794.0,11092.0,6970.0,3765.1428571428573,5255.0,3652.722748333151,5725.3,6177.5,3251.982102741608,110.0,0,0,1,0,0,0,1,0,0,5255
205,0,2013-04-05,-0.9749279121818236,-0.2225209339563146,0.8660254037844387,-0.49999999999999983,0.9979171608653922,-0.06450844944931623,5255.0,0.0,7352.0,4591.142857142857,5782.0,3295.6987336310262,5661.433333333333,6054.5,3230.648175418261,110.0,0,0,1,0,0,0,1,0,0,5782
205,0,2013-04-06,-0.7818314824680299,0.6234898018587334,0.8660254037844387,-0.49999999999999983,0.9966589017541702,-0.08167639533042241,5782.0,8343.0,6108.0,4222.285714285715,5761.0,2930.003567363343,5603.7,5897.5,3212.211743675516,110.0,0,0,1,0,0,0,1,0,0,5761
205,0,2013-04-07,-2.4492935982947064e-16,1.0,0.8660254037844387,-0.49999999999999983,0.9951053111006976,-0.09882013873287143,5761.0,0.0,0.0,4222.285714285715,5761.0,2930.003567363343,5354.7,5788.0,3349.15929903981,110.0,0,0,1,0,0,0,1,0,0,0
205,0,2013-04-08,0.7818314824680298,0.6234898018587336,0.8660254037844387,-0.49999999999999983,0.9932568492674143,-0.11593459959550041,0.0,0.0,9810.0,5812.142857142857,5782.0,3258.0927666643383,5525.633333333333,5788.0,3510.2680070913675,110.0,1,0,1,0,0,0,1,0,0,11129
205,0,2013-04-09,0.9749279121818236,-0.22252093395631434,0.8660254037844387,-0.49999999999999983,0.9911140639934547,-0.1330147065341959,11129.0,6964.0,8782.0,6090.285714285715,5782.0,3450.2562085679824,5822.666666666667,5951.0,3401.9197555187156,110.0,1,0,1,0,0,0,1,0,0,8911
205,0,2013-04-10,0.43388373911755823,-0.900968867902419,0.8660254037844387,-0.49999999999999983,0.9886775902323405,-0.1500553983446526,8911.0,5794.0,7739.0,6319.142857142857,5782.0,3480.327639201585,5890.866666666667,6177.5,3412.6090204470825,110.0,1,0,1,0,0,0,1,0,0,7396
205,0,2013-04-11,-0.433883739117558,-0.9009688679024191,0.8660254037844387,-0.49999999999999983,0.9859481499638304,-0.16705162550211924,7396.0,5255.0,11092.0,6635.857142857143,7396.0,3468.2033498903256,5961.233333333334,6605.5,3423.0546419257184,110.0,1,0,1,0,0,0,1,0,0,7472
205,0,2013-04-12,-0.9749279121818236,-0.2225209339563146,0.8660254037844387,-0.49999999999999983,0.9829265519799822,-0.18399835165768005,7472.0,5782.0,0.0,6871.857142857143,7434.0,3456.6046649166883,6026.666666666667,6967.0,3432.1103222897473,110.0,1,0,1,0,0,0,1,0,0,7434
205,0,2013-04-13,-0.7818314824680299,0.6234898018587334,0.8660254037844387,-0.49999999999999983,0.9796136916454901,-0.20089055513063506,7434.0,5761.0,8343.0,6879.857142857143,7434.0,3453.6687463513076,6048.533333333334,6967.0,3428.4926489170393,110.0,0,0,1,0,0,0,1,0,0,5817
205,0,2013-04-14,-2.4492935982947064e-16,1.0,0.8660254037844387,-0.49999999999999983,0.9760105506323683,-0.21772323039653177,5817.0,0.0,0.0,6879.857142857143,7434.0,3453.6687463513076,5863.7,6967.0,3601.6691642855717,110.0,0,0,1,0,0,0,1,0,0,0
205,0,2013-04-15,0.7818314824680298,0.6234898018587336,0.8660254037844387,-0.49999999999999983,0.9721181966290613,-0.23449138957040985,0.0,11129.0,0.0,6117.571428571428,7396.0,2904.7505261291585,5848.566666666667,6967.0,3600.956823835361,110.0,0,0,1,0,0,0,1,0,0,5793
205,0,2013-04-16,0.9749279121818236,-0.22252093395631434,0.8660254037844387,-0.49999999999999983,0.9679377830240642,-0.25119006388481935,5793.0,8911.0,6964.0,5695.714285714285,5958.0,2633.1834164679663,6047.166666666667,6967.0,3427.388651913346,110.0,0,0,1,0,0,0,1,0,0,5958
205,0,2013-04-17,0.43388373911755823,-0.900968867902419,0.8660254037844387,-0.49999999999999983,0.9634705485641488,-0.2678143051621742,5958.0,7396.0,5794.0,5354.857142857143,5817.0,2528.7637578186595,5885.5,6536.0,3354.958910792122,110.0,0,0,1,0,0,0,1,0,0,5010
205,0,2013-04-18,-0.433883739117558,-0.9009688679024191,0.8660254037844387,-0.49999999999999983,0.9587178169872964,-0.2843591872810034,5010.0,7472.0,5255.0,5070.714285714285,5793.0,2357.146701295568,5795.5,6033.0,3327.3020524556937,110.0,0,0,1,0,0,0,1,0,0,5483
205,0,2013-04-19,-0.9749279121818236,-0.2225209339563146,0.8660254037844387,-0.49999999999999983,0.9536809966304457,-0.30081980763566735,5483.0,7434.0,5782.0,4875.714285714285,5793.0,2178.7658367591,5740.8,6013.5,3308.1766975282585,110.0,0,0,1,0,0,0,1,0,0,6069
205,0,2013-04-20,-0.7818314824680299,0.6234898018587334,0.8660254037844387,-0.49999999999999983,0.9483615800121715,-0.3171912885891061,6069.0,5817.0,5761.0,4917.142857142857,5793.0,2202.277414297258,5712.033333333334,6013.5,3300.8635388787065,110.0,0,0,1,0,0,0,1,0,0,6107
205,0,2013-04-21,-2.4492935982947064e-16,1.0,0.8660254037844387,-0.49999999999999983,0.9427611433904207,-0.3334687789181868,6107.0,0.0,0.0,4917.142857142857,5793.0,2202.277414297258,5466.966666666666,5887.5,3444.693104625937,110.0,0,0,1,0,0,0,1,0,0,0
205,0,2013-04-22,0.7818314824680298,0.6234898018587336,0.8660254037844387,-0.49999999999999983,0.9368813462954315,-0.3496474552512284,0.0,5793.0,11129.0,5585.857142857143,5958.0,3057.271083203202,5612.5,5887.5,3562.909831235874,110.0,1,0,1,0,0,0,1,0,0,10474
205,0,2013-04-23,0.9749279121818236,-0.22252093395631434,0.8660254037844387,-0.49999999999999983,0.9307239310379795,-0.36572252349726897,10474.0,5958.0,8911.0,5982.0,6069.0,3284.7213986374354,5903.533333333334,6013.5,3443.23094794984,110.0,1,0,1,0,0,0,1,0,0,8731
205,0,2013-04-24,0.43388373911755823,-0.900968867902419,0.8660254037844387,-0.49999999999999983,0.9242907221930934,-0.3816892202666588,8731.0,5010.0,7396.0,6244.714285714285,6107.0,3267.5205030872016,5804.833333333333,6013.5,3369.0299236481696,110.0,1,0,1,0,0,0,1,0,0,6849
205,0,2013-04-25,-0.433883739117558,-0.9009688679024191,0.8660254037844387,-0.49999999999999983,0.9175836260593937,-0.39754281428255595,6849.0,5483.0,7472.0,6341.285714285715,6159.0,3251.204838942312,5717.4,6013.5,3322.8212524693645,110.0,1,0,1,0,0,0,1,0,0,6159
205,0,2013-04-26,-0.9749279121818236,-0.2225209339563146,0.8660254037844387,-0.49999999999999983,0.9106046300942163,-0.4132786077829042,6159.0,6069.0,7434.0,6340.428571428572,6159.0,3251.289377931103,5661.533333333334,6010.5,3301.6820763564347,110.0,1,0,1,0,0,0,1,0,0,6063
205,0,2013-04-27,-0.7818314824680299,0.6234898018587334,0.8660254037844387,-0.49999999999999983,0.9033558023246845,-0.4288919379124835,6063.0,6107.0,5817.0,6203.0,6159.0,3282.97756109704,5463.3,5887.5,3138.910289168564,110.0,0,0,1,0,0,0,1,0,0,5145
205,0,2013-04-28,-2.4492935982947064e-16,1.0,0.8660254037844387,-0.49999999999999983,0.895839290734909,-0.4443781781046132,5145.0,0.0,0.0,6203.0,6159.0,3282.9775610970396,5463.3,5887.5,3138.910289168564,110.0,0,0,1,0,0,0,1,0,0,0
205,0,2013-04-29,0.7818314824680298,0.6234898018587336,0.8660254037844387,-0.49999999999999983,0.8880573226294932,-0.45973273945210397,0.0,10474.0,5793.0,5926.142857142857,6159.0,2924.9657792055978,5469.733333333334,5887.5,3145.2073440047816,110.0,1,0,1,0,0,0,1,0,0,8536
205,0,2013-04-30,0.9749279121818236,-0.22252093395631434,0.8660254037844387,-0.49999999999999983,0.8800122039735357,-0.47495107206704995,8536.0,8731.0,5958.0,6003.714285714285,6159.0,3017.4865762908103,5778.866666666667,6010.5,3043.167063227494,110.0,1,0,1,0,0,0,1,0,0,9274
205,0,2013-05-01,0.43388373911755823,-0.900968867902419,0.49999999999999994,-0.8660254037844387,0.8717063187093218,-0.49002866642905923,9274.0,6849.0,5010.0,5025.285714285715,6063.0,3725.1436533501956,5778.866666666667,6010.5,3043.167063227494,110.0,1,0,1,0,0,0,1,0,0,0
205,0,2013-05-02,-0.433883739117558,-0.9009688679024191,0.49999999999999994,-0.8660254037844387,0.8631421280499114,-0.5049610547215204,0.0,6159.0,5483.0,5423.571428571428,6063.0,4005.086052223384,5844.966666666666,6010.5,3090.9576630411248,110.0,1,0,1,0,0,0,1,0,0,8947
205,0,2013-05-03,-0.9749279121818236,-0.2225209339563146,0.49999999999999994,-0.8660254037844387,0.854322169749827,-0.5197438121555155,8947.0,6063.0,6069.0,5622.285714285715,7454.0,4075.979338935438,5900.3,6066.0,3104.8410270814643,110.0,1,0,1,0,0,0,1,0,0,7454
205,0,2013-05-04,-0.7818314824680299,0.6234898018587334,0.49999999999999994,-0.8660254037844387,0.8452490573530633,-0.5343725582809787,7454.0,5145.0,6107.0,5664.857142857143,7454.0,4071.7175093798537,5906.566666666667,6066.0,3103.683181077887,110.0,0,0,1,0,0,0,1,0,0,5443
205,0,2013-05-05,-2.4492935982947064e-16,1.0,0.49999999999999994,-0.8660254037844387,0.835925479418637,-0.548842958284719,5443.0,0.0,0.0,5664.857142857143,7454.0,4071.7175093798537,5713.833333333333,6066.0,3285.8644911229967,110.0,0,0,1,0,0,0,1,0,0,0
205,0,2013-05-06,0.7818314824680298,0.6234898018587336,0.49999999999999994,-0.8660254037844387,0.8263541987239096,-0.5631507242749186,0.0,8536.0,10474.0,5258.428571428572,5691.0,3874.5802721990785,5711.5,6066.0,3285.8546964537095,110.0,0,0,1,0,0,0,1,0,0,5691
205,0,2013-05-07,0.9749279121818236,-0.22252093395631434,0.49999999999999994,-0.8660254037844387,0.8165380514459161,-0.5772916165517272,5691.0,9274.0,8731.0,4737.714285714285,5629.0,3468.639008520283,5899.133333333333,6066.0,3104.156154236617,110.0,0,0,1,0,0,0,1,0,0,5629
205,0,2013-05-08,0.43388373911755823,-0.900968867902419,0.49999999999999994,-0.8660254037844387,0.8064799463209448,-0.5912614448635781,5629.0,0.0,6849.0,5541.428571428572,5629.0,2769.1803153726946,5715.7,6010.5,2942.854820255911,110.0,0,0,1,0,0,0,1,0,0,5626
205,0,2013-05-09,-0.433883739117558,-0.9009688679024191,0.49999999999999994,-0.8660254037844387,0.7961828637826158,-0.6050560696488488,5626.0,8947.0,6159.0,4263.285714285715,5626.0,2991.212893029945,5418.666666666667,5887.5,3056.72723714414,110.0,0,0,1,0,0,0,1,0,0,0
205,0,2013-05-10,-0.9749279121818236,-0.2225209339563146,0.49999999999999994,-0.8660254037844387,0.7856498550787145,-0.6186714032625031,0.0,7454.0,6063.0,4069.8571428571427,5626.0,2787.325087401386,5375.466666666666,5887.5,3036.9122332796637,110.0,0,0,1,0,0,0,1,0,0,6100
205,0,2013-05-11,-0.7818314824680299,0.6234898018587334,0.49999999999999994,-0.8660254037844387,0.7748840413670407,-0.6321034111873487,6100.0,5443.0,5145.0,4023.5714285714284,5626.0,2763.3092996829523,5297.033333333334,5805.0,3011.1746531800536,110.0,0,0,1,0,0,0,1,0,0,5119
205,0,2013-05-12,-2.4492935982947064e-16,1.0,0.49999999999999994,-0.8660254037844387,0.7638886127905428,-0.6453481132295501,5119.0,0.0,0.0,4023.5714285714284,5626.0,2763.3092996829523,5049.233333333334,5742.0,3132.685315908021,110.0,0,0,1,0,0,0,1,0,0,0
205,0,2013-05-13,0.7818314824680298,0.6234898018587336,0.49999999999999994,-0.8660254037844387,0.7526668275320084,-0.6584015846980488,0.0,5691.0,8536.0,4663.142857142857,5626.0,3603.8311294404193,5194.266666666666,5742.0,3267.2833166507553,110.0,1,0,1,0,0,0,1,0,0,10168
205,0,2013-05-14,0.9749279121818236,-0.22252093395631434,0.49999999999999994,-0.8660254037844387,0.741222010848596,-0.6712599575675313,10168.0,5629.0,9274.0,5026.0,5626.0,3837.5793151412518,5466.566666666667,5875.5,3158.039993231652,110.0,1,0,1,0,0,0,1,0,0,8169
205,0,2013-05-15,0.43388373911755823,-0.900968867902419,0.49999999999999994,-0.8660254037844387,0.7295575540864875,-0.6839194216246106,8169.0,5626.0,0.0,5283.428571428572,6100.0,3943.5138247144873,5521.066666666667,6010.5,3177.913194419313,110.0,1,0,1,0,0,0,1,0,0,7428
205,0,2013-05-16,-0.433883739117558,-0.9009688679024191,0.49999999999999994,-0.8660254037844387,0.717676913675962,-0.6963762255968722,7428.0,0.0,8947.0,6258.142857142857,6823.0,3191.4728798561237,5549.9,6066.0,3185.9281909564493,110.0,1,0,1,0,0,0,1,0,0,6823
205,0,2013-05-17,-0.9749279121818236,-0.2225209339563146,0.49999999999999994,-0.8660254037844387,0.705583610107178,-0.7086266782644596,6823.0,6100.0,7454.0,6431.0,7310.0,3214.1673882982504,5626.566666666667,6084.5,3200.1300693752337,110.0,1,0,1,0,0,0,1,0,0,7310
205,0,2013-05-18,-0.7818314824680299,0.6234898018587334,0.49999999999999994,-0.8660254037844387,0.6932812268869777,-0.7206671495538609,7310.0,5119.0,5443.0,6491.285714285715,7310.0,3189.319348193577,5628.5,6084.5,3200.057863162197,110.0,0,0,1,0,0,0,1,0,0,5541
205,0,2013-05-19,-2.4492935982947064e-16,1.0,0.49999999999999994,-0.8660254037844387,0.6807734094770161,-0.7324940716135789,5541.0,0.0,0.0,6491.285714285715,7310.0,3189.319348193577,5426.2,6081.5,3359.130392393758,110.0,0,0,1,0,0,0,1,0,0,0
205,0,2013-05-20,0.7818314824680298,0.6234898018587336,0.49999999999999994,-0.8660254037844387,0.6680638642135335,-0.7441039398713607,0.0,10168.0,5691.0,5038.714285714285,6823.0,3532.6893303490338,5222.633333333333,5877.0,3498.6003554459357,110.0,0,0,1,0,0,0,1,0,0,0
205,0,2013-05-21,0.9749279121818236,-0.22252093395631434,0.49999999999999994,-0.8660254037844387,0.6551563572090853,-0.7554933140726803,0.0,8169.0,5629.0,4717.714285714285,5922.0,3294.9350380184896,5420.033333333334,5992.5,3358.007110991765,110.0,0,0,1,0,0,0,1,0,0,5922
205,0,2013-05-22,0.43388373911755823,-0.900968867902419,0.49999999999999994,-0.8660254037844387,0.6420547132365637,-0.766658819300159,5922.0,7428.0,5626.0,4291.428571428572,5541.0,3071.286801822263,5219.033333333334,5806.5,3222.807583922518,110.0,0,0,1,0,0,0,1,0,0,4444
205,0,2013-05-23,-0.433883739117558,-0.9009688679024191,0.49999999999999994,-0.8660254037844387,0.6287628145958344,-0.777597146973627,4444.0,6823.0,0.0,4066.5714285714284,5249.0,2908.3494664581876,5102.966666666666,5660.0,3153.930317417686,110.0,0,0,1,0,0,0,1,0,0,5249
205,0,2013-05-24,-0.9749279121818236,-0.2225209339563146,0.49999999999999994,-0.8660254037844387,0.6152845999633276,-0.7883050558305255,5249.0,7310.0,6100.0,3754.8571428571427,5128.0,2603.767170119188,5045.6,5627.5,3136.6811100599443,110.0,0,0,1,0,0,0,1,0,0,5128
205,0,2013-05-25,-0.7818314824680299,0.6234898018587334,0.49999999999999994,-0.8660254037844387,0.6016240632249226,-0.7987793728863649,5128.0,5541.0,5119.0,3655.4285714285716,4845.0,2536.6159778428478,5001.8,5583.5,3129.764289901848,110.0,0,0,1,0,0,0,1,0,0,4845
205,0,2013-05-26,-2.4492935982947064e-16,1.0,0.49999999999999994,-0.8660254037844387,0.5877852522924732,-0.8090169943749473,4845.0,0.0,0.0,3655.4285714285716,4845.0,2536.6159778428478,4799.7,5492.0,3252.234437726011,110.0,0,0,1,0,0,0,1,0,0,0
205,0,2013-05-27,0.7818314824680298,0.6234898018587336,0.49999999999999994,-0.8660254037844387,0.5737722679043246,-0.8190148866680801,0.0,0.0,10168.0,4976.714285714285,5128.0,2717.5919312438914,4936.5,5583.5,3352.042339354856,110.0,1,0,1,0,0,0,1,0,0,9249
205,0,2013-05-28,0.9749279121818236,-0.22252093395631434,0.49999999999999994,-0.8660254037844387,0.5595892624101765,-0.8287700871745037,9249.0,5922.0,8169.0,5186.142857142857,5128.0,2855.5661101651644,5182.766666666666,5627.5,3246.594233360853,110.0,1,0,1,0,0,0,1,0,0,7388
205,0,2013-05-29,0.43388373911755823,-0.900968867902419,0.49999999999999994,-0.8660254037844387,0.545240438540651,-0.8382797052177743,7388.0,4444.0,7428.0,5542.857142857143,5249.0,2902.974878096112,5129.6,5627.5,3202.5488728134364,110.0,1,0,1,0,0,0,1,0,0,6941
205,0,2013-05-30,-0.433883739117558,-0.9009688679024191,0.49999999999999994,-0.8660254037844387,0.5307300481619334,-0.8475409228928311,6941.0,5249.0,6823.0,5831.571428571428,6941.0,2968.6348634314977,5062.8,5627.5,3133.2733396066237,110.0,1,0,1,0,0,0,1,0,0,7270
205,0,2013-05-31,-0.9749279121818236,-0.2225209339563146,0.49999999999999994,-0.8660254037844387,0.5160623910158528,-0.8565509959010036,7270.0,5128.0,7310.0,6323.428571428572,7270.0,3114.2883005668587,5348.5,5660.0,3045.241859484828,110.0,1,0,1,0,0,0,1,0,0,8571
205,0,2013-06-01,-0.7818314824680299,0.6234898018587334,1.2246467991473532e-16,-1.0,0.5012418134457758,-0.865307254363206,8571.0,4845.0,5541.0,6510.142857142857,7270.0,3049.381108168858,5255.333333333333,5660.0,2973.256954846019,110.0,0,0,1,0,0,0,1,0,0,6152
205,0,2013-06-02,-2.4492935982947064e-16,1.0,1.2246467991473532e-16,-1.0,0.48627270710869,-0.8738071036110808,6152.0,0.0,0.0,6510.142857142857,7270.0,3049.381108168858,5006.866666666667,5627.5,3092.25826121024,110.0,0,0,1,0,0,0,1,0,0,0
205,0,2013-06-03,0.7818314824680298,0.6234898018587336,1.2246467991473532e-16,-1.0,0.4711595076738638,-0.8820480249558537,0.0,9249.0,0.0,6864.571428571428,7270.0,3527.477467782647,5216.433333333333,5660.0,3326.9668145410565,110.0,1,0,1,0,0,0,1,0,0,11730
205,0,2013-06-04,0.9749279121818236,-0.22252093395631434,1.2246467991473532e-16,-1.0,0.4559066935084588,-0.8900275764346767,11730.0,7388.0,5922.0,6958.0,7270.0,3552.2256403556335,5484.5,5806.5,3214.2430626070013,110.0,1,0,1,0,0,0,1,0,0,8042
205,0,2013-06-05,0.43388373911755823,-0.900968867902419,1.2246467991473532e-16,-1.0,0.440518784350495,-0.8977433935342337,8042.0,6941.0,4444.0,6977.857142857143,7270.0,3552.5032689908203,5530.8,6011.0,3227.2976995280906,110.0,1,0,1,0,0,0,1,0,0,7080
205,0,2013-06-06,-0.433883739117558,-0.9009688679024191,1.2246467991473532e-16,-1.0,0.42500033996955416,-0.9051931898913974,7080.0,7270.0,5249.0,6990.285714285715,7357.0,3553.84761980053,5588.4,6126.0,3244.485471136185,110.0,1,0,1,0,0,0,1,0,0,7357
205,0,2013-06-07,-0.9749279121818236,-0.2225209339563146,1.2246467991473532e-16,-1.0,0.4093559588156213,-0.9123747579707273,7357.0,8571.0,5128.0,6769.142857142857,7080.0,3486.6192043569176,5634.966666666666,6487.5,3255.0517924088963,110.0,1,0,1,0,0,0,1,0,0,7023
205,0,2013-06-08,-0.7818314824680299,0.6234898018587334,1.2246467991473532e-16,-1.0,0.39359027665646673,-0.9192859697186104,7023.0,6152.0,4845.0,6693.857142857143,7080.0,3507.791395763218,5822.466666666666,6487.5,3076.3730630384393,110.0,0,0,1,0,0,0,1,0,0,5625
205,0,2013-06-09,-2.4492935982947064e-16,1.0,1.2246467991473532e-16,-1.0,0.3777079652039649,-0.9259247771938498,5625.0,0.0,0.0,6693.857142857143,7080.0,3507.791395763218,5619.133333333333,6487.5,3253.866800289002,110.0,0,0,1,0,0,0,1,0,0,0
205,0,2013-06-10,0.7818314824680298,0.6234898018587336,1.2246467991473532e-16,-1.0,0.36171373072976765,-0.9322892131745133,0.0,11730.0,9249.0,5932.0,7023.0,2723.050005661543,5661.733333333334,6610.0,3255.458683009448,110.0,0,0,1,0,0,0,1,0,0,6397
205,0,2013-06-11,0.9749279121818236,-0.22252093395631434,1.2246467991473532e-16,-1.0,0.3456123126707335,-0.9383773917408641,6397.0,8042.0,7388.0,5584.0,6397.0,2559.18137953005,5848.6,6610.0,3075.1654466285117,110.0,0,0,1,0,0,0,1,0,0,5606
205,0,2013-06-12,0.43388373911755823,-0.900968867902419,1.2246467991473532e-16,-1.0,0.3294084822245304,-0.9441875088341993,5606.0,7080.0,6941.0,5353.0,5625.0,2473.174545666628,5691.766666666666,6274.5,2965.2946784232186,110.0,0,0,1,0,0,0,1,0,0,5463
205,0,2013-06-13,-0.433883739117558,-0.9009688679024191,1.2246467991473532e-16,-1.0,0.3131070409358269,-0.9497178427914316,5463.0,7357.0,7270.0,5025.857142857143,5606.0,2309.984735055727,5588.366666666667,6037.0,2929.805836609294,110.0,0,0,1,0,0,0,1,0,0,5067
205,0,2013-06-14,-0.9749279121818236,-0.2225209339563146,1.2246467991473532e-16,-1.0,0.29671281927349075,-0.9549667548552551,5067.0,7023.0,8571.0,4699.142857142857,5463.0,2135.588086731727,5498.633333333333,5773.5,2912.6941016668843,110.0,0,0,1,0,0,0,1,0,0,4736
205,0,2013-06-15,-0.7818314824680299,0.6234898018587334,1.2246467991473532e-16,-1.0,0.28023067519921585,-0.9599326896597447,4736.0,5625.0,6152.0,4627.285714285715,5122.0,2107.521112135117,5441.933333333333,5615.5,2902.562957033013,110.0,0,0,1,0,0,0,1,0,0,5122
205,0,2013-06-16,-2.4492935982947064e-16,1.0,1.2246467991473532e-16,-1.0,0.26366549272800704,-0.9646141756912435,5122.0,0.0,0.0,4627.285714285715,5122.0,2107.521112135117,5198.266666666666,5573.5,3043.733199297492,110.0,0,0,1,0,0,0,1,0,0,0
205,0,2013-06-17,0.7818314824680298,0.6234898018587336,1.2246467991473532e-16,-1.0,0.24702218048093552,-0.9690098257244062,0.0,6397.0,11730.0,5183.857142857143,5122.0,2984.680297149173,5356.666666666667,5615.5,3182.664068781473,110.0,1,0,1,0,0,0,1,0,0,10293
205,0,2013-06-18,0.9749279121818236,-0.22252093395631434,1.2246467991473532e-16,-1.0,0.23030567023061221,-0.9731183372332619,10293.0,5606.0,8042.0,5548.428571428572,5122.0,3193.4003223911054,5628.6,5773.5,3055.1614055223176,110.0,1,0,1,0,0,0,1,0,0,8158
205,0,2013-06-19,0.43388373911755823,-0.900968867902419,1.2246467991473532e-16,-1.0,0.21352091543979612,-0.9769384927771817,8158.0,5463.0,7080.0,5736.285714285715,5122.0,3226.0489102660185,5854.533333333334,6037.0,2869.5483933206633,110.0,1,0,1,0,0,0,1,0,0,6778
205,0,2013-06-20,-0.433883739117558,-0.9009688679024191,1.2246467991473532e-16,-1.0,0.19667288979357647,-0.980469160361632,6778.0,5067.0,7357.0,6008.571428571428,6778.0,3240.547580124015,5889.566666666667,6274.5,2876.806942611456,110.0,1,0,1,0,0,0,1,0,0,6973
205,0,2013-06-21,-0.9749279121818236,-0.2225209339563146,1.2246467991473532e-16,-1.0,0.1797665857255624,-0.9837092937736097,6973.0,4736.0,7023.0,6440.0,6973.0,3243.9185665898976,5999.966666666666,6587.5,2882.9629930923907,110.0,1,0,1,0,0,0,1,0,0,7756
205,0,2013-06-22,-0.7818314824680299,0.6234898018587334,1.2246467991473532e-16,-1.0,0.16280701293851715,-0.986657932891657,7756.0,5122.0,5625.0,6553.285714285715,6973.0,3203.8183320472294,6022.166666666667,6587.5,2879.5430442481957,110.0,0,0,1,0,0,0,1,0,0,5915
205,0,2013-06-23,-2.4492935982947064e-16,1.0,1.2246467991473532e-16,-1.0,0.1457991969198751,-0.9893142039703663,5915.0,0.0,0.0,6553.285714285715,6973.0,3203.8183320472294,5851.233333333334,6587.5,3079.6981903553738,110.0,0,0,1,0,0,0,1,0,0,0
205,0,2013-06-24,0.7818314824680298,0.6234898018587336,1.2246467991473532e-16,-1.0,0.12874817745258132,-0.99167731989929,0.0,10293.0,6397.0,5895.428571428572,6778.0,2748.3490715423345,5879.333333333333,6587.5,3074.0411382316,110.0,0,0,1,0,0,0,1,0,0,5688
205,0,2013-06-25,0.9749279121818236,-0.22252093395631434,1.2246467991473532e-16,-1.0,0.11165900712169512,-0.993746580436178,5688.0,8158.0,5606.0,5319.0,5915.0,2614.603857821167,6016.766666666666,6587.5,2888.703607136783,110.0,0,0,1,0,0,0,1,0,0,4123
205,0,2013-06-26,0.43388373911755823,-0.900968867902419,1.2246467991473532e-16,-1.0,0.09453674981719912,-0.9955213724144752,4123.0,6778.0,5463.0,5045.571428571428,5688.0,2535.4789723142285,5870.6,6274.5,2829.854664234483,110.0,0,0,1,0,0,0,1,0,0,4864
205,0,2013-06-27,-0.433883739117558,-0.9009688679024191,1.2246467991473532e-16,-1.0,0.07738647923346301,-0.9970011699250151,4864.0,6973.0,5067.0,4864.285714285715,5688.0,2417.3131581907014,5814.466666666666,6033.5,2815.382435384448,110.0,0,0,1,0,0,0,1,0,0,5704
205,0,2013-06-28,-0.9749279121818236,-0.2225209339563146,1.2246467991473532e-16,-1.0,0.06021327736579302,-0.9981855344718586,5704.0,7756.0,4736.0,4604.285714285715,5688.0,2135.9532387426552,5780.966666666666,5925.5,2807.4838100473817,110.0,0,0,1,0,0,0,1,0,0,5936
205,0,2013-06-29,-0.7818314824680299,0.6234898018587334,1.2246467991473532e-16,-1.0,0.04302223300453059,-0.99907411510223,5936.0,5915.0,5122.0,4621.0,5688.0,2148.3411429907187,5739.7,5925.5,2793.907807700719,110.0,0,0,1,0,0,0,1,0,0,6032
205,0,2013-06-30,-2.4492935982947064e-16,1.0,1.2246467991473532e-16,-1.0,0.02581844022713308,-0.9996666485105112,6032.0,0.0,0.0,4621.0,5688.0,2148.3411429907187,5454.0,5809.5,2929.3453782078323,110.0,0,0,1,0,0,0,1,0,0,0
205,0,2013-07-01,0.7818314824680298,0.6234898018587336,-0.4999999999999998,-0.8660254037844388,0.008606996888688698,-0.9999629591162655,0.0,5688.0,10293.0,5421.428571428572,5704.0,3330.6112480615748,5625.3,5809.5,3115.8876540102974,110.0,1,0,1,0,0,0,1,0,0,11291
205,0,2013-07-02,0.9749279121818236,-0.22252093395631434,-0.4999999999999998,-0.8660254037844388,-0.008606996888688009,-0.9999629591162655,11291.0,4123.0,8158.0,6112.857142857143,5936.0,3513.500743729887,5924.066666666667,5925.5,2984.860164613889,110.0,1,0,1,0,0,0,1,0,0,8963
205,0,2013-07-03,0.43388373911755823,-0.900968867902419,-0.4999999999999998,-0.8660254037844388,-0.02581844022713239,-0.9996666485105112,8963.0,4864.0,6778.0,6450.142857142857,6032.0,3486.8565322064032,5773.9,5925.5,2789.632163985931,110.0,1,0,1,0,0,0,1,0,0,7225
205,0,2013-07-04,-0.433883739117558,-0.9009688679024191,-0.4999999999999998,-0.8660254037844388,-0.04302223300453034,-0.99907411510223,7225.0,5704.0,6973.0,6612.285714285715,6839.0,3472.7380990742586,5733.8,5925.5,2764.4373425146855,110.0,1,0,1,0,0,0,1,0,0,6839
205,0,2013-07-05,-0.9749279121818236,-0.2225209339563146,-0.4999999999999998,-0.8660254037844388,-0.060213277365792774,-0.9981855344718586,6839.0,5936.0,7756.0,6775.428571428572,7078.0,3462.4817138936064,5733.733333333334,5925.5,2764.4037822402806,110.0,1,0,1,0,0,0,1,0,0,7078
205,0,2013-07-06,-0.7818314824680299,0.6234898018587334,-0.4999999999999998,-0.8660254037844388,-0.07738647923346322,-0.9970011699250151,7078.0,6032.0,5915.0,6641.714285714285,7078.0,3513.6712858151504,5658.366666666667,5809.5,2749.4025994792014,110.0,0,0,1,0,0,0,1,0,0,5096
205,0,2013-07-07,-2.4492935982947064e-16,1.0,-0.4999999999999998,-0.8660254037844388,-0.09453674981719933,-0.9955213724144752,5096.0,0.0,0.0,6641.714285714285,7078.0,3513.6712858151504,5424.266666666666,5696.0,2922.729179631815,110.0,0,0,1,0,0,0,1,0,0,0
205,0,2013-07-08,0.7818314824680298,0.6234898018587336,-0.4999999999999998,-0.8660254037844388,-0.11165900712169444,-0.9937465804361781,0.0,11291.0,5688.0,5870.571428571428,6839.0,2853.5767530792436,5433.2,5798.5,2923.7732635332245,110.0,0,0,1,0,0,0,1,0,0,5893
205,0,2013-07-09,0.9749279121818236,-0.22252093395631434,-0.4999999999999998,-0.8660254037844388,-0.12874817745258066,-0.99167731989929,5893.0,8963.0,4123.0,5270.714285714285,5893.0,2516.6110621419502,5592.0,5798.5,2742.241066895016,110.0,0,0,1,0,0,0,1,0,0,4764
205,0,2013-07-10,0.43388373911755823,-0.900968867902419,-0.4999999999999998,-0.8660254037844388,-0.14579919691987442,-0.9893142039703664,4764.0,7225.0,4864.0,4912.285714285715,5096.0,2366.0503456383253,5535.966666666666,5696.0,2742.3992451027675,110.0,0,0,1,0,0,0,1,0,0,4716
205,0,2013-07-11,-0.433883739117558,-0.9009688679024191,-0.4999999999999998,-0.8660254037844388,-0.16280701293851646,-0.9866579328916572,4716.0,6839.0,5704.0,4609.571428571428,4764.0,2208.7877412088037,5506.433333333333,5696.0,2746.3868763727814,110.0,0,0,1,0,0,0,1,0,0,4720
205,0,2013-07-12,-0.9749279121818236,-0.2225209339563146,-0.4999999999999998,-0.8660254037844388,-0.17976658572556214,-0.9837092937736098,4720.0,7078.0,5936.0,4336.428571428572,4764.0,1956.4714715649761,5496.533333333334,5696.0,2747.084055720793,110.0,0,0,1,0,0,0,1,0,0,5166
205,0,2013-07-13,-0.7818314824680299,0.6234898018587334,-0.4999999999999998,-0.8660254037844388,-0.19667288979357622,-0.9804691603616321,5166.0,5096.0,6032.0,4380.142857142857,4764.0,1979.5538578655749,5507.7,5696.0,2745.958474081374,110.0,0,0,1,0,0,0,1,0,0,5402
205,0,2013-07-14,-2.4492935982947064e-16,1.0,-0.4999999999999998,-0.8660254037844388,-0.2135209154397959,-0.9769384927771817,5402.0,0.0,0.0,4380.142857142857,4764.0,1979.5538578655749,5349.833333333333,5696.0,2922.3274390320357,110.0,0,0,1,0,0,0,1,0,0,0
205,0,2013-07-15,0.7818314824680298,0.6234898018587336,-0.4999999999999998,-0.8660254037844388,-0.23030567023061196,-0.973118337233262,0.0,5893.0,11291.0,4936.428571428572,4764.0,2836.9875958572006,5505.333333333333,5798.5,3031.84855791989,110.0,1,0,1,0,0,0,1,0,0,9787
205,0,2013-07-16,0.9749279121818236,-0.22252093395631434,-0.4999999999999998,-0.8660254037844388,-0.24702218048093527,-0.9690098257244063,9787.0,4764.0,8963.0,5311.285714285715,5166.0,2980.152049492649,5751.6,5904.0,2864.692227556163,110.0,1,0,1,0,0,0,1,0,0,7388
205,0,2013-07-17,0.43388373911755823,-0.900968867902419,-0.4999999999999998,-0.8660254037844388,-0.2636654927280072,-0.9646141756912435,7388.0,4716.0,7225.0,5590.714285714285,5402.0,3006.6164102018793,5630.9,5904.0,2740.331924899006,110.0,1,0,1,0,0,0,1,0,0,6672
205,0,2013-07-18,-0.433883739117558,-0.9009688679024191,-0.4999999999999998,-0.8660254037844388,-0.2802306751992161,-0.9599326896597445,6672.0,4720.0,6839.0,5890.0,6672.0,3009.7669344984165,5586.133333333333,5904.0,2708.4089327733427,110.0,1,0,1,0,0,0,1,0,0,6815
205,0,2013-07-19,-0.9749279121818236,-0.2225209339563146,-0.4999999999999998,-0.8660254037844388,-0.2967128192734901,-0.9549667548552553,6815.0,5166.0,7078.0,6055.0,6672.0,2995.0846398724684,5570.9,5904.0,2702.7534536162343,110.0,1,0,1,0,0,0,1,0,0,6321
205,0,2013-07-20,-0.7818314824680299,0.6234898018587334,-0.4999999999999998,-0.8660254037844388,-0.3131070409358267,-0.9497178427914317,6321.0,5402.0,5096.0,6001.714285714285,6672.0,3011.9092347039996,5506.1,5798.5,2691.25794647833,110.0,0,0,1,0,0,0,1,0,0,5029
205,0,2013-07-21,-2.4492935982947064e-16,1.0,-0.4999999999999998,-0.8660254037844388,-0.3294084822245302,-0.9441875088341994,5029.0,0.0,0.0,6001.714285714285,6672.0,3011.9092347039996,5247.566666666667,5696.0,2836.2986648256824,110.0,0,0,1,0,0,0,1,0,0,0
205,0,2013-07-22,0.7818314824680298,0.6234898018587336,-0.4999999999999998,-0.8660254037844388,-0.3456123126707333,-0.9383773917408642,0.0,9787.0,5893.0,5267.0,6321.0,2522.1005795434353,5205.2,5545.0,2835.477766711853,110.0,0,0,1,0,0,0,1,0,0,4644
205,0,2013-07-23,0.9749279121818236,-0.22252093395631434,-0.4999999999999998,-0.8660254037844388,-0.3617137307297674,-0.9322892131745134,4644.0,7388.0,4764.0,4867.0,5029.0,2345.5044944176366,5358.133333333333,5545.0,2663.56813747809,110.0,0,0,1,0,0,0,1,0,0,4588
205,0,2013-07-24,0.43388373911755823,-0.900968867902419,-0.4999999999999998,-0.8660254037844388,-0.37770796520396466,-0.9259247771938499,4588.0,6672.0,4716.0,4502.428571428572,4644.0,2212.763947129085,5305.866666666667,5284.0,2672.2421779231126,110.0,0,0,1,0,0,0,1,0,0,4120
205,0,2013-07-25,-0.433883739117558,-0.9009688679024191,-0.4999999999999998,-0.8660254037844388,-0.39359027665646645,-0.9192859697186105,4120.0,6815.0,4720.0,4244.0,4644.0,1992.3205063442986,5335.3,5284.0,2663.613220731412,110.0,0,0,1,0,0,0,1,0,0,5006
205,0,2013-07-26,-0.9749279121818236,-0.2225209339563146,-0.4999999999999998,-0.8660254037844388,-0.4093559588156211,-0.9123747579707274,5006.0,6321.0,5166.0,4037.5714285714284,4644.0,1807.5421486227153,5335.7,5284.0,2663.5409041867288,110.0,0,0,1,0,0,0,1,0,0,4876
205,0,2013-07-27,-0.7818314824680299,0.6234898018587334,-0.4999999999999998,-0.8660254037844388,-0.42500033996955394,-0.9051931898913975,4876.0,5029.0,5402.0,3932.0,4588.0,1760.9667799251647,5288.566666666667,5131.0,2669.3034824854944,110.0,0,0,1,0,0,0,1,0,0,4290
205,0,2013-07-28,-2.4492935982947064e-16,1.0,-0.4999999999999998,-0.8660254037844388,-0.4405187843504952,-0.8977433935342336,4290.0,0.0,0.0,3932.0,4588.0,1760.9667799251647,5090.7,5062.5,2834.5496650170494,110.0,0,0,1,0,0,0,1,0,0,0
205,0,2013-07-29,0.7818314824680298,0.6234898018587336,-0.4999999999999998,-0.8660254037844388,-0.455906693508459,-0.8900275764346766,0.0,4644.0,9787.0,4713.428571428572,4588.0,2945.102989548518,5226.766666666666,5062.5,2975.7500090047797,110.0,1,0,1,0,0,0,1,0,0,10114
205,0,2013-07-30,0.9749279121818236,-0.22252093395631434,-0.4999999999999998,-0.8660254037844388,-0.47115950767386394,-0.8820480249558535,10114.0,4588.0,7388.0,5346.0,4876.0,3359.988888870517,5527.3,5131.0,2883.5272120718087,110.0,1,0,1,0,0,0,1,0,0,9016
205,0,2013-07-31,0.43388373911755823,-0.900968867902419,-0.4999999999999998,-0.8660254037844388,-0.4862727071086902,-0.8738071036110807,9016.0,4120.0,6672.0,5987.571428571428,5006.0,3512.193135214465,5437.966666666666,5131.0,2736.5766492958423,110.0,1,0,1,0,0,0,1,0,0,8611
205,0,2013-08-01,-0.433883739117558,-0.9009688679024191,-0.8660254037844384,-0.5000000000000004,-0.5012418134457756,-0.8653072543632061,8611.0,5006.0,6815.0,6378.714285714285,7744.0,3537.03297102179,5397.333333333333,5131.0,2691.103469779166,110.0,1,0,1,0,0,0,1,0,0,7744
205,0,2013-08-02,-0.9749279121818236,-0.2225209339563146,-0.8660254037844384,-0.5000000000000004,-0.5160623910158526,-0.8565509959010037,7744.0,4876.0,6321.0,6834.857142857143,8069.0,3516.7708876454362,5425.466666666666,5131.0,2715.1731478836664,110.0,1,0,1,0,0,0,1,0,0,8069
205,0,2013-08-03,-0.7818314824680299,0.6234898018587334,-0.8660254037844384,-0.5000000000000004,-0.5307300481619331,-0.8475409228928312,8069.0,4290.0,5029.0,6852.285714285715,8069.0,3502.329639648715,5344.566666666667,5062.5,2707.750595698529,110.0,0,0,1,0,0,0,1,0,0,4412
205,0,2013-08-04,-2.4492935982947064e-16,1.0,-0.8660254037844384,-0.5000000000000004,-0.5452404385406507,-0.8382797052177745,4412.0,0.0,0.0,6852.285714285715,8069.0,3502.329639648715,5108.633333333333,5017.5,2855.817721935266,110.0,0,0,1,0,0,0,1,0,0,0
205,0,2013-08-05,0.7818314824680298,0.6234898018587336,-0.8660254037844384,-0.5000000000000004,-0.5595892624101763,-0.828770087174504,0.0,10114.0,4644.0,6269.142857142857,7744.0,3195.08937947863,5139.833333333333,5017.5,2860.783556557758,110.0,0,0,1,0,0,0,1,0,0,6032
205,0,2013-08-06,0.9749279121818236,-0.22252093395631434,-0.8660254037844384,-0.5000000000000004,-0.5737722679043243,-0.8190148866680802,6032.0,9016.0,4588.0,5672.428571428572,6032.0,2979.3507602128593,5301.133333333333,5017.5,2692.4573922711193,110.0,0,0,1,0,0,0,1,0,0,4839
205,0,2013-08-07,0.43388373911755823,-0.900968867902419,-0.8660254037844384,-0.5000000000000004,-0.5877852522924734,-0.8090169943749472,4839.0,8611.0,4120.0,5113.0,4839.0,2689.1333176322796,5261.2,4941.0,2692.2604833754144,110.0,0,0,1,0,0,0,1,0,0,4695
205,0,2013-08-08,-0.433883739117558,-0.9009688679024191,-0.8660254037844384,-0.5000000000000004,-0.6016240632249227,-0.7987793728863648,4695.0,7744.0,5006.0,4727.0,4839.0,2429.9703701897256,5270.466666666666,5017.5,2690.9682494485555,110.0,0,0,1,0,0,0,1,0,0,5042
205,0,2013-08-09,-0.9749279121818236,-0.2225209339563146,-0.8660254037844384,-0.5000000000000004,-0.6152845999633277,-0.7883050558305253,5042.0,8069.0,4876.0,4315.142857142857,4839.0,1969.8929267493536,5286.133333333333,5035.5,2688.996296958675,110.0,0,0,1,0,0,0,1,0,0,5186
205,0,2013-08-10,-0.7818314824680299,0.6234898018587334,-0.8660254037844384,-0.5000000000000004,-0.6287628145958345,-0.7775971469736268,5186.0,4412.0,4290.0,4349.0,4839.0,1973.8677767266963,5283.766666666666,5035.5,2689.542938779789,110.0,0,0,1,0,0,0,1,0,0,4649
205,0,2013-08-11,-2.4492935982947064e-16,1.0,-0.8660254037844384,-0.5000000000000004,-0.6420547132365636,-0.7666588193001592,4649.0,0.0,0.0,4349.0,4839.0,1973.8677767266963,5111.566666666667,5017.5,2857.478580887331,110.0,0,0,1,0,0,0,1,0,0,0
205,0,2013-08-12,0.7818314824680298,0.6234898018587336,-0.8660254037844384,-0.5000000000000004,-0.655156357209085,-0.7554933140726804,0.0,6032.0,10114.0,5198.285714285715,4839.0,3504.3262649799835,5330.733333333334,5017.5,3120.561034143714,110.0,1,0,1,0,0,0,1,0,0,11977
205,0,2013-08-13,0.9749279121818236,-0.22252093395631434,-0.8660254037844384,-0.5000000000000004,-0.6680638642135333,-0.7441039398713608,11977.0,4839.0,9016.0,5730.857142857143,5042.0,3717.426055241781,5616.3,5035.5,3005.795484244303,110.0,1,0,1,0,0,0,1,0,0,8567
205,0,2013-08-14,0.43388373911755823,-0.900968867902419,-0.8660254037844384,-0.5000000000000004,-0.6807734094770159,-0.7324940716135792,8567.0,4695.0,8611.0,6155.857142857143,5186.0,3749.187442125356,5545.733333333334,5035.5,2928.356864597752,110.0,1,0,1,0,0,0,1,0,0,7670
205,0,2013-08-15,-0.433883739117558,-0.9009688679024191,-0.8660254037844384,-0.5000000000000004,-0.6932812268869771,-0.7206671495538615,7670.0,5042.0,7744.0,6411.571428571428,6832.0,3721.4961533028104,5527.2,5035.5,2918.0365080082465,110.0,1,0,1,0,0,0,1,0,0,6832
205,0,2013-08-16,-0.9749279121818236,-0.2225209339563146,-0.8660254037844384,-0.5000000000000004,-0.7055836101071774,-0.7086266782644601,6832.0,5186.0,8069.0,6669.285714285715,6990.0,3684.7623041514134,5537.8,5035.5,2922.9119915496644,110.0,1,0,1,0,0,0,1,0,0,6990
205,0,2013-08-17,-0.7818314824680299,0.6234898018587334,-0.8660254037844384,-0.5000000000000004,-0.7176769136759615,-0.6963762255968726,6990.0,4649.0,4412.0,6657.714285714285,6990.0,3692.2836074840234,5462.9,5017.5,2917.8404431572562,110.0,0,0,1,0,0,0,1,0,0,4568
205,0,2013-08-18,-2.4492935982947064e-16,1.0,-0.8660254037844384,-0.5000000000000004,-0.7295575540864876,-0.6839194216246105,4568.0,0.0,0.0,6657.714285714285,6990.0,3692.2836074840234,5252.2,4941.0,3077.589175155527,110.0,0,0,1,0,0,0,1,0,0,0
205,0,2013-08-19,0.7818314824680298,0.6234898018587336,-0.8660254037844384,-0.5000000000000004,-0.7412220108485957,-0.6712599575675315,0.0,11977.0,6032.0,5638.714285714285,6832.0,2872.9770108307334,5246.033333333334,4860.0,3078.2371072589162,110.0,0,0,1,0,0,0,1,0,0,4844
205,0,2013-08-20,0.9749279121818236,-0.22252093395631434,-0.8660254037844384,-0.5000000000000004,-0.7526668275320083,-0.6584015846980489,4844.0,8567.0,4839.0,5153.857142857143,5173.0,2566.463482990514,5418.466666666666,4941.0,2914.7853618657964,110.0,0,0,1,0,0,0,1,0,0,5173
205,0,2013-08-21,0.43388373911755823,-0.900968867902419,-0.8660254037844384,-0.5000000000000004,-0.7638886127905429,-0.64534811322955,5173.0,7670.0,4695.0,4648.0,4844.0,2325.52954542974,5401.3,4941.0,2921.0137724120173,110.0,0,0,1,0,0,0,1,0,0,4129
205,0,2013-08-22,-0.433883739117558,-0.9009688679024191,-0.8660254037844384,-0.5000000000000004,-0.7748840413670406,-0.6321034111873488,4129.0,6832.0,5042.0,4305.571428571428,4568.0,2117.51575020847,5396.2,4941.0,2922.6158618371423,110.0,0,0,1,0,0,0,1,0,0,4435
205,0,2013-08-23,-0.9749279121818236,-0.2225209339563146,-0.8660254037844384,-0.5000000000000004,-0.7856498550787144,-0.6186714032625032,4435.0,6990.0,5186.0,3954.714285714286,4534.0,1774.2395285760856,5410.0,4941.0,2917.3547891055755,110.0,0,0,1,0,0,0,1,0,0,4534
205,0,2013-08-24,-0.7818314824680299,0.6234898018587334,-0.8660254037844384,-0.5000000000000004,-0.7961828637826154,-0.6050560696488494,4534.0,4568.0,4649.0,3940.4285714285716,4468.0,1768.8729799077164,5392.066666666667,4860.0,2921.5743858327514,110.0,0,0,1,0,0,0,1,0,0,4468
205,0,2013-08-25,-2.4492935982947064e-16,1.0,-0.8660254037844384,-0.5000000000000004,-0.8064799463209447,-0.5912614448635782,4468.0,0.0,0.0,3940.4285714285716,4468.0,1768.8729799077164,5229.533333333334,4841.5,3082.474685785066,110.0,0,0,1,0,0,0,1,0,0,0
205,0,2013-08-26,0.7818314824680298,0.6234898018587336,-0.8660254037844384,-0.5000000000000004,-0.8165380514459157,-0.5772916165517278,0.0,4844.0,11977.0,4616.285714285715,4468.0,2784.119951575703,5405.7,4943.0,3176.5149646569666,110.0,1,0,1,0,0,0,1,0,0,9575
205,0,2013-08-27,0.9749279121818236,-0.22252093395631434,-0.8660254037844384,-0.5000000000000004,-0.8263541987239095,-0.5631507242749187,9575.0,5173.0,8567.0,4927.428571428572,4468.0,2972.0645381699924,5650.733333333334,5107.5,3025.05931470298,110.0,1,0,1,0,0,0,1,0,0,7351
205,0,2013-08-28,0.43388373911755823,-0.900968867902419,-0.8660254037844384,-0.5000000000000004,-0.8359254794186365,-0.5488429582847199,7351.0,4129.0,7670.0,5314.142857142857,4534.0,3026.4755865842485,5541.466666666666,5107.5,2915.5023431037876,110.0,1,0,1,0,0,0,1,0,0,6836
205,0,2013-08-29,-0.433883739117558,-0.9009688679024191,-0.8660254037844384,-0.5000000000000004,-0.8452490573530634,-0.5343725582809785,6836.0,4435.0,6832.0,5642.571428571428,6734.0,3039.884090835419,5465.4,5107.5,2850.7750500884654,110.0,1,0,1,0,0,0,1,0,0,6734
205,0,2013-08-30,-0.9749279121818236,-0.2225209339563146,-0.8660254037844384,-0.5000000000000004,-0.8543221697498269,-0.5197438121555157,6734.0,4534.0,6990.0,6065.714285714285,6836.0,3065.895449091815,5428.233333333334,5107.5,2815.399336939038,110.0,1,0,1,0,0,0,1,0,0,7496
205,0,2013-08-31,-0.7818314824680299,0.6234898018587334,-0.8660254037844384,-0.5000000000000004,-0.8631421280499115,-0.5049610547215202,7496.0,4468.0,4568.0,6187.0,6836.0,3008.410432991704,5347.333333333333,5107.5,2781.223885064014,110.0,0,0,1,0,0,0,1,0,0,5317
205,0,2013-09-01,-2.4492935982947064e-16,1.0,-1.0,-1.8369701987210297e-16,-0.8717063187093218,-0.4900286664290594,5317.0,0.0,0.0,6187.0,6836.0,3008.410432991704,5078.366666666667,4943.0,2896.7115419853694,110.0,0,0,1,0,0,0,1,0,0,0
205,0,2013-09-02,0.7818314824680298,0.6234898018587336,-1.0,-1.8369701987210297e-16,-0.8800122039735356,-0.4749510720670502,0.0,9575.0,4844.0,5564.714285714285,6734.0,2615.6899481325954,5105.266666666666,5107.5,2894.055857399286,110.0,0,0,1,0,0,0,1,0,0,5219
205,0,2013-09-03,0.9749279121818236,-0.22252093395631434,-1.0,-1.8369701987210297e-16,-0.888057322629493,-0.4597327394521046,5219.0,7351.0,5173.0,5187.428571428572,5317.0,2503.1417496912977,5262.266666666666,5107.5,2730.695489700611,110.0,0,0,1,0,0,0,1,0,0,4710
205,0,2013-09-04,0.43388373911755823,-0.900968867902419,-1.0,-1.8369701987210297e-16,-0.8958392907349089,-0.44437817810461344,4710.0,6836.0,4129.0,4947.285714285715,5219.0,2397.0083934135964,5233.033333333334,5098.5,2726.8626469630426,110.0,0,0,1,0,0,0,1,0,0,5155
205,0,2013-09-05,-0.433883739117558,-0.9009688679024191,-1.0,-1.8369701987210297e-16,-0.9033558023246842,-0.4288919379124841,5155.0,6734.0,4435.0,4737.571428571428,5219.0,2275.787984936414,5247.266666666666,5164.0,2725.8492119772095,110.0,0,0,1,0,0,0,1,0,0,5266
205,0,2013-09-06,-0.9749279121818236,-0.2225209339563146,-1.0,-1.8369701987210297e-16,-0.9106046300942162,-0.41327860778290443,5266.0,7496.0,4534.0,4308.857142857143,5155.0,1925.210242074996,5240.6,5164.0,2727.490555626999,110.0,0,0,1,0,0,0,1,0,0,4495
205,0,2013-09-07,-0.7818314824680299,0.6234898018587334,-1.0,-1.8369701987210297e-16,-0.9175836260593934,-0.3975428142825566,4495.0,5317.0,4468.0,4221.571428571428,4710.0,1885.3225061991225,5229.4,5164.0,2729.023629874572,110.0,0,0,1,0,0,0,1,0,0,4706
205,0,2013-09-08,-2.4492935982947064e-16,1.0,-1.0,-1.8369701987210297e-16,-0.9242907221930934,-0.3816892202666586,4706.0,0.0,0.0,4221.571428571428,4710.0,1885.3225061991225,5056.533333333334,4999.5,2891.2936101734595,110.0,0,0,1,0,0,0,1,0,0,0
205,0,2013-09-09,0.7818314824680298,0.6234898018587336,-1.0,-1.8369701987210297e-16,-0.9307239310379793,-0.3657225234972692,0.0,5219.0,9575.0,4851.857142857143,4710.0,2793.232263201624,5222.6,5164.0,3007.806516612946,110.0,1,0,1,0,0,0,1,0,0,9631
205,0,2013-09-10,0.9749279121818236,-0.22252093395631434,-1.0,-1.8369701987210297e-16,-0.9368813462954315,-0.34964745525122826,9631.0,4710.0,7351.0,5345.0,5155.0,3056.345093953451,5494.666666666667,5196.0,2885.77972889099,110.0,1,0,1,0,0,0,1,0,0,8162
205,0,2013-09-11,0.43388373911755823,-0.900968867902419,-1.0,-1.8369701987210297e-16,-0.9427611433904206,-0.33346877891818705,8162.0,5155.0,6836.0,5660.142857142857,5266.0,3145.907999744611,5340.8,5196.0,2640.900583069186,110.0,1,0,1,0,0,0,1,0,0,7361
205,0,2013-09-12,-0.433883739117558,-0.9009688679024191,-1.0,-1.8369701987210297e-16,-0.9483615800121716,-0.31719128858910595,7361.0,5266.0,6734.0,5981.714285714285,7361.0,3213.2313805205354,5305.8,5196.0,2603.3602344556202,110.0,1,0,1,0,0,0,1,0,0,7517
205,0,2013-09-13,-0.9749279121818236,-0.2225209339563146,-1.0,-1.8369701987210297e-16,-0.9536809966304455,-0.300819807635668,7517.0,4495.0,7496.0,6383.714285714285,7361.0,3171.9939950702787,5293.766666666666,5196.0,2592.8687039825113,110.0,1,0,1,0,0,0,1,0,0,7309
205,0,2013-09-14,-0.7818314824680299,0.6234898018587334,-1.0,-1.8369701987210297e-16,-0.9587178169872964,-0.2843591872810036,7309.0,4706.0,5317.0,6480.142857142857,7361.0,3122.36280342155,5245.4,5196.0,2576.668145305964,110.0,0,0,1,0,0,0,1,0,0,5381
205,0,2013-09-15,-2.4492935982947064e-16,1.0,-1.0,-1.8369701987210297e-16,-0.9634705485641486,-0.26781430516217486,5381.0,0.0,0.0,6480.142857142857,7361.0,3122.36280342155,5012.4,5164.0,2725.228653488198,110.0,0,0,1,0,0,0,1,0,0,0
205,0,2013-09-16,0.7818314824680298,0.6234898018587336,-1.0,-1.8369701987210297e-16,-0.9679377830240642,-0.25119006388481957,0.0,9631.0,5219.0,5776.0,7309.0,2836.020333730584,5016.866666666667,5164.0,2724.5849001565193,110.0,0,0,1,0,0,0,1,0,0,4702
205,0,2013-09-17,0.9749279121818236,-0.22252093395631434,-1.0,-1.8369701987210297e-16,-0.9721181966290612,-0.23449138957041052,4702.0,8162.0,4710.0,5247.714285714285,5381.0,2656.2133269177066,5165.666666666667,5164.0,2557.949007786663,110.0,0,0,1,0,0,0,1,0,0,4464
205,0,2013-09-18,0.43388373911755823,-0.900968867902419,-1.0,-1.8369701987210297e-16,-0.9760105506323682,-0.21772323039653224,4464.0,7361.0,5155.0,4816.857142857143,4702.0,2496.07247681709,5149.033333333334,5164.0,2561.73240793902,110.0,0,0,1,0,0,0,1,0,0,4345
205,0,2013-09-19,-0.433883739117558,-0.9009688679024191,-1.0,-1.8369701987210297e-16,-0.9796136916454901,-0.20089055513063528,4345.0,7517.0,5266.0,4407.571428571428,4652.0,2196.439152897467,5131.666666666667,4932.5,2563.329829751128,110.0,0,0,1,0,0,0,1,0,0,4652
205,0,2013-09-20,-0.9749279121818236,-0.2225209339563146,-1.0,-1.8369701987210297e-16,-0.9829265519799822,-0.18399835165767986,4652.0,7309.0,4495.0,3985.285714285714,4464.0,1792.6927338769533,5139.133333333333,4932.5,2560.6332963079485,110.0,0,0,1,0,0,0,1,0,0,4353
205,0,2013-09-21,-0.7818314824680299,0.6234898018587334,-1.0,-1.8369701987210297e-16,-0.9859481499638303,-0.1670516255021195,4353.0,5381.0,4706.0,3928.1428571428573,4464.0,1746.5706807504612,5157.333333333333,5068.0,2557.3943411394234,110.0,0,0,1,0,0,0,1,0,0,4981
205,0,2013-09-22,-2.4492935982947064e-16,1.0,-1.0,-1.8369701987210297e-16,-0.9886775902323404,-0.15005539834465262,4981.0,0.0,0.0,3928.1428571428573,4464.0,1746.5706807504614,5006.2,5068.0,2724.043728445406,110.0,0,0,1,0,0,0,1,0,0,0
205,0,2013-09-23,0.7818314824680298,0.6234898018587336,-1.0,-1.8369701987210297e-16,-0.9911140639934546,-0.13301470653419636,0.0,4702.0,9631.0,4612.0,4464.0,2749.354712170353,5173.566666666667,5187.0,2841.548274946348,110.0,1,0,1,0,0,0,1,0,0,9489
205,0,2013-09-24,0.9749279121818236,-0.22252093395631434,-1.0,-1.8369701987210297e-16,-0.9932568492674143,-0.11593459959550066,9489.0,4464.0,8162.0,4871.142857142857,4652.0,2817.719966484214,5382.833333333333,5242.5,2673.6111842165474,110.0,1,0,1,0,0,0,1,0,0,6278
205,0,2013-09-25,0.43388373911755823,-0.900968867902419,-1.0,-1.8369701987210297e-16,-0.9951053111006974,-0.09882013873287211,6278.0,4345.0,7361.0,5229.428571428572,4981.0,2897.9770448333343,5292.1,5242.5,2570.642336875732,110.0,1,0,1,0,0,0,1,0,0,6853
205,0,2013-09-26,-0.433883739117558,-0.9009688679024191,-1.0,-1.8369701987210297e-16,-0.99665890175417,-0.08167639533042288,6853.0,4652.0,7517.0,5405.142857142857,5882.0,2894.4176978321225,5243.133333333333,5242.5,2543.923384952019,110.0,1,0,1,0,0,0,1,0,0,5882
205,0,2013-09-27,-0.9749279121818236,-0.2225209339563146,-1.0,-1.8369701987210297e-16,-0.9979171608653922,-0.06450844944931625,5882.0,4353.0,7309.0,5770.428571428572,6278.0,2900.8469370825046,5245.6,5242.5,2545.5564881736077,110.0,1,0,1,0,0,0,1,0,0,6910
205,0,2013-09-28,-0.7818314824680299,0.6234898018587334,-1.0,-1.8369701987210297e-16,-0.9988797155850335,-0.04732138832243232,6910.0,4981.0,5381.0,5796.714285714285,6278.0,2893.3252907502874,5193.3,5192.0,2529.992369485561,110.0,0,0,1,0,0,0,1,0,0,5165
205,0,2013-09-29,-2.4492935982947064e-16,1.0,-1.0,-1.8369701987210297e-16,-0.9995462806873573,-0.03012030484690836,5165.0,0.0,0.0,5796.714285714285,6278.0,2893.3252907502874,4943.433333333333,5160.0,2661.4742956558443,110.0,0,0,1,0,0,0,1,0,0,0
205,0,2013-09-30,0.7818314824680298,0.6234898018587336,-1.0,-1.8369701987210297e-16,-0.9999166586547379,-0.012910296075008843,0.0,9489.0,4702.0,5361.142857142857,6278.0,2438.6052317237554,4980.866666666667,5160.0,2674.7738510055347,110.0,0,0,1,0,0,0,1,0,0,6440
205,0,2013-10-01,0.9749279121818236,-0.22252093395631434,-0.8660254037844386,0.5000000000000001,-0.9999907397361901,0.004303538296243821,6440.0,6278.0,4464.0,5282.0,5882.0,2412.7427684414806,5171.666666666667,5192.0,2506.0555258913487,110.0,0,0,1,0,0,0,1,0,0,5724
205,0,2013-10-02,0.43388373911755823,-0.900968867902419,-0.8660254037844386,0.5000000000000001,-0.9997685019798909,0.021516097436222233,5724.0,6853.0,4345.0,5119.285714285715,5724.0,2325.984287299013,5188.166666666667,5215.5,2508.006710700657,110.0,0,0,1,0,0,0,1,0,0,5714
205,0,2013-10-03,-0.433883739117558,-0.9009688679024191,-0.8660254037844386,0.5000000000000001,-0.9992500112396835,0.03872228089217399,5714.0,5882.0,4652.0,4279.0,5714.0,2976.1275174293164,5031.166666666667,5215.5,2680.464397274745,110.0,0,0,1,0,0,0,1,0,0,0
205,0,2013-10-04,-0.9749279121818236,-0.2225209339563146,-0.8660254037844386,0.5000000000000001,-0.9984354211555643,0.05591699010060302,0.0,6910.0,4353.0,4136.857142857143,5714.0,2850.6406548102705,5056.5,5323.5,2685.262239168353,110.0,0,0,1,0,0,0,1,0,0,5915
205,0,2013-10-05,-0.7818314824680299,0.6234898018587334,-0.8660254037844386,0.5000000000000001,-0.9973249731081555,0.07309512989807776,5915.0,5165.0,4981.0,4180.714285714285,5714.0,2871.3811261183278,5063.366666666667,5426.5,2686.0797030736744,110.0,0,0,1,0,0,0,1,0,0,5472
205,0,2013-10-06,-2.4492935982947064e-16,1.0,-0.8660254037844386,0.5000000000000001,-0.9959189961471792,0.0902516100310407,5472.0,0.0,0.0,4180.714285714285,5714.0,2871.3811261183278,4913.533333333334,5426.5,2839.84483225129,110.0,0,0,1,0,0,0,1,0,0,0
205,0,2013-10-07,0.7818314824680298,0.6234898018587336,-0.8660254037844386,0.5000000000000001,-0.994217906893952,0.10738134666416306,0.0,6440.0,9489.0,4767.571428571428,5714.0,3708.012129481367,5108.266666666666,5593.0,3019.7245470787357,110.0,1,0,1,0,0,0,1,0,0,10548
205,0,2013-10-08,0.9749279121818236,-0.22252093395631434,-0.8660254037844386,0.5000000000000001,-0.9922222094179324,0.12447926388678869,10548.0,5724.0,6278.0,5137.142857142857,5714.0,3940.8369004807178,5385.3,5719.0,2914.3168732879794,110.0,1,0,1,0,0,0,1,0,0,8311
205,0,2013-10-09,0.43388373911755823,-0.900968867902419,-0.8660254037844386,0.5000000000000001,-0.989932495087353,0.141540295217043,8311.0,5714.0,6853.0,5360.428571428572,5915.0,4022.403960201861,5306.833333333333,5719.0,2826.426354388453,110.0,1,0,1,0,0,0,1,0,0,7277
205,0,2013-10-10,-0.433883739117558,-0.9009688679024191,-0.8660254037844386,0.5000000000000001,-0.9873494423939864,0.15855938510313475,7277.0,0.0,5882.0,6208.571428571428,5937.0,3256.818941704869,5232.666666666667,5719.0,2777.6944338454655,110.0,1,0,1,0,0,0,1,0,0,5937
205,0,2013-10-11,-0.9749279121818236,-0.2225209339563146,-0.8660254037844386,0.5000000000000001,-0.9844738167520923,0.17553149042142777,5937.0,5915.0,6910.0,6432.571428571428,7277.0,3287.044511266561,5236.733333333334,5719.0,2781.005188321528,110.0,1,0,1,0,0,0,1,0,0,7483
205,0,2013-10-12,-0.7818314824680299,0.6234898018587334,-0.8660254037844386,0.5000000000000001,-0.9813064702716093,0.19245158197082995,7483.0,5472.0,5165.0,6365.571428571428,7277.0,3314.551847894517,5152.933333333333,5593.0,2747.601134699556,110.0,0,0,1,0,0,0,1,0,0,5003
205,0,2013-10-13,-2.4492935982947064e-16,1.0,-0.8660254037844386,0.5000000000000001,-0.9778483415056568,0.20931464596304888,5003.0,0.0,0.0,6365.571428571428,7277.0,3314.551847894517,4909.3,5426.5,2871.1011362337526,110.0,0,0,1,0,0,0,1,0,0,0
205,0,2013-10-14,0.7818314824680298,0.6234898018587336,-0.8660254037844386,0.5000000000000001,-0.9741004551724206,0.22611568550828803,0.0,10548.0,6440.0,5676.857142857143,5937.0,2754.1573683295237,4920.833333333333,5593.0,2873.755035793259,110.0,0,0,1,0,0,0,1,0,0,5727
205,0,2013-10-15,0.9749279121818236,-0.22252093395631434,-0.8660254037844386,0.5000000000000001,-0.970063921851507,0.2428497220959358,5727.0,8311.0,5724.0,5086.0,5727.0,2529.340427858613,5060.0,5593.0,2724.4500742161786,110.0,0,0,1,0,0,0,1,0,0,4175
205,0,2013-10-16,0.43388373911755823,-0.900968867902419,-0.8660254037844386,0.5000000000000001,-0.965739937654855,0.25951179706979943,4175.0,7277.0,5714.0,4757.857142857143,5003.0,2339.6007087087455,5069.266666666666,5593.0,2723.6630878454744,110.0,0,0,1,0,0,0,1,0,0,4980
205,0,2013-10-17,-0.433883739117558,-0.9009688679024191,-0.8660254037844386,0.5000000000000001,-0.9611297838723007,0.27609697309746883,4980.0,5937.0,0.0,4533.714285714285,4980.0,2282.2620149233285,5066.066666666667,5593.0,2724.4550095111804,110.0,0,0,1,0,0,0,1,0,0,4368
205,0,2013-10-18,-0.9749279121818236,-0.2225209339563146,-0.8660254037844386,0.5000000000000001,-0.9562348265919058,0.2926003356333479,4368.0,7483.0,5915.0,4054.8571428571427,4368.0,1875.7701910212218,5058.933333333333,5593.0,2726.6872907631314,110.0,0,0,1,0,0,0,1,0,0,4131
205,0,2013-10-19,-0.7818314824680299,0.6234898018587334,-0.8660254037844386,0.5000000000000001,-0.9510565162951536,0.30901699437494723,4131.0,5003.0,5472.0,4079.714285714286,4368.0,1891.5155928765746,5076.433333333333,5593.0,2725.6700622976614,110.0,0,0,1,0,0,0,1,0,0,5177
205,0,2013-10-20,-2.4492935982947064e-16,1.0,-0.8660254037844386,0.5000000000000001,-0.9455963874271428,0.3253420847119795,5177.0,0.0,0.0,4079.714285714286,4368.0,1891.5155928765746,4931.333333333333,5593.0,2877.164796178315,110.0,0,0,1,0,0,0,1,0,0,0
205,0,2013-10-21,0.7818314824680298,0.6234898018587336,-0.8660254037844386,0.5000000000000001,-0.9398560579418953,0.341570769167856,0.0,5727.0,10548.0,4534.142857142857,4368.0,2601.9301443717627,5062.233333333334,5719.0,2967.4185191536567,110.0,1,0,1,0,0,0,1,0,0,8908
205,0,2013-10-22,0.9749279121818236,-0.22252093395631434,-0.8660254037844386,0.5000000000000001,-0.9338372288229252,0.35769823883312546,8908.0,4175.0,8311.0,4993.285714285715,4980.0,2803.7410552263727,5308.533333333334,5725.5,2836.5188321351693,110.0,1,0,1,0,0,0,1,0,0,7389
205,0,2013-10-23,0.43388373911755823,-0.900968867902419,-0.8660254037844386,0.5000000000000001,-0.9275416835791965,0.3737197147904692,7389.0,4980.0,7277.0,5230.857142857143,5177.0,2872.051614471869,5213.666666666667,5725.5,2737.755452837273,110.0,1,0,1,0,0,0,1,0,0,6643
205,0,2013-10-24,-0.433883739117558,-0.9009688679024191,-0.8660254037844386,0.5000000000000001,-0.9209712877166346,0.38963044953078774,6643.0,4368.0,5937.0,5513.142857142857,6344.0,2870.2163349691614,5215.866666666667,5725.5,2738.6665863635826,110.0,1,0,1,0,0,0,1,0,0,6344
205,0,2013-10-25,-0.9749279121818236,-0.2225209339563146,-0.8660254037844386,0.5000000000000001,-0.9141279881853337,0.4054257283599973,6344.0,4131.0,7483.0,5756.857142857143,6344.0,2804.984814490768,5182.0,5725.5,2723.9660360432604,110.0,1,0,1,0,0,0,1,0,0,5837
205,0,2013-10-26,-0.7818314824680299,0.6234898018587334,-0.8660254037844386,0.5000000000000001,-0.9070138128026362,0.42110087079608916,5837.0,5177.0,5003.0,5784.714285714285,6344.0,2799.2286862804253,5165.0,5719.0,2721.03661788335,110.0,0,0,1,0,0,0,1,0,0,5372
205,0,2013-10-27,-2.4492935982947064e-16,1.0,-0.8660254037844386,0.5000000000000001,-0.8996308696522434,0.4366512319560638,5372.0,0.0,0.0,5784.714285714285,6344.0,2799.2286862804253,4934.666666666667,5593.0,2857.282074030267,110.0,0,0,1,0,0,0,1,0,0,0
205,0,2013-10-28,0.7818314824680298,0.6234898018587336,-0.8660254037844386,0.5000000000000001,-0.8919813464595487,0.45207220393230374,0.0,8908.0,5727.0,5161.0,5837.0,2452.2226652569684,4913.9,5593.0,2857.814215988058,110.0,0,0,1,0,0,0,1,0,0,4542
205,0,2013-10-29,0.9749279121818236,-0.22252093395631434,-0.8660254037844386,0.5000000000000001,-0.8840675099433637,0.46735921715800205,4542.0,7389.0,4175.0,4729.142857142857,5372.0,2252.513886643941,5059.433333333333,5593.0,2706.087284614821,110.0,0,0,1,0,0,0,1,0,0,4366
205,0,2013-10-30,0.43388373911755823,-0.900968867902419,-0.8660254037844386,0.5000000000000001,-0.8758917051442433,0.48250774176121763,4366.0,6643.0,4980.0,4543.285714285715,5342.0,2117.9336403112084,5022.833333333333,5422.0,2694.1701823129806,110.0,0,0,1,0,0,0,1,0,0,5342
205,0,2013-10-31,-0.433883739117558,-0.9009688679024191,-0.8660254037844386,0.5000000000000001,-0.867456354729597,0.4975132889071803,5342.0,6344.0,4368.0,4551.857142857143,5342.0,2126.5397894679654,5045.5,5422.0,2703.1183110341776,110.0,0,0,1,0,0,0,1,0,0,6404
205,0,2013-11-01,-0.9749279121818236,-0.2225209339563146,-0.5000000000000004,0.8660254037844384,-0.858763958275803,0.5123714121284235,6404.0,5837.0,4131.0,4496.0,5342.0,2092.0121095889117,5036.566666666667,5409.0,2701.275071636295,110.0,0,0,1,0,0,0,1,0,0,5446
205,0,2013-11-02,-0.7818314824680299,0.6234898018587334,-0.5000000000000004,0.8660254037844384,-0.8498170915275277,0.5270777086423724,5446.0,5372.0,5177.0,4438.857142857143,4972.0,2069.4375587400045,5202.3,5409.0,2528.614601604655,110.0,0,0,1,0,0,0,1,0,0,4972
205,0,2013-11-03,-2.4492935982947064e-16,1.0,-0.5000000000000004,0.8660254037844384,-0.8406184056344783,0.5416278206559811,4972.0,0.0,0.0,4438.857142857143,4972.0,2069.4375587400045,5005.133333333333,5357.0,2696.182521363444,110.0,0,0,1,0,0,0,1,0,0,0
205,0,2013-11-04,0.7818314824680298,0.6234898018587336,-0.5000000000000004,0.8660254037844384,-0.8311706263658079,0.5560174366570446,0.0,4542.0,8908.0,5083.857142857143,5342.0,2711.0840653738123,5124.633333333333,5357.0,2795.216708437188,110.0,1,0,1,0,0,0,1,0,0,9057
205,0,2013-11-05,0.9749279121818236,-0.22252093395631434,-0.5000000000000004,0.8660254037844384,-0.8214765533024145,0.5702422926917867,9057.0,4366.0,7389.0,5557.571428571428,5446.0,2850.8493387727362,5380.7,5409.0,2658.071703840702,110.0,1,0,1,0,0,0,1,0,0,7682
205,0,2013-11-06,0.43388373911755823,-0.900968867902419,-0.5000000000000004,0.8660254037844384,-0.8115390590073611,0.5842981736283683,7682.0,5342.0,6643.0,5790.571428571428,6404.0,2896.5783180126427,5261.533333333334,5409.0,2493.4633127347224,110.0,1,0,1,0,0,0,1,0,0,6973
205,0,2013-11-07,-0.433883739117558,-0.9009688679024191,-0.5000000000000004,0.8660254037844384,-0.8013610881746769,0.5981809144059159,6973.0,6404.0,6344.0,5770.571428571428,6264.0,2892.1167482856363,5193.3,5409.0,2434.447032730925,110.0,1,0,1,0,0,0,1,0,0,6264
205,0,2013-11-08,-0.9749279121818236,-0.2225209339563146,-0.5000000000000004,0.8660254037844384,-0.7909456567567774,0.6118864012687242,6264.0,5446.0,5837.0,5994.428571428572,6973.0,2923.2839329050735,5184.5,5409.0,2427.1213082224754,110.0,1,0,1,0,0,0,1,0,0,7013
205,0,2013-11-09,-0.7818314824680299,0.6234898018587334,-0.5000000000000004,0.8660254037844384,-0.780295851070776,0.6254105729852457,7013.0,4972.0,5372.0,6062.285714285715,6973.0,2901.0233662327805,5168.166666666667,5409.0,2423.528804824916,110.0,0,0,1,0,0,0,1,0,0,5447
205,0,2013-11-10,-2.4492935982947064e-16,1.0,-0.5000000000000004,0.8660254037844384,-0.7694148268839381,0.6387494220515268,5447.0,0.0,0.0,6062.285714285715,6973.0,2901.0233662327805,4918.733333333334,5357.0,2558.3955631354697,110.0,0,0,1,0,0,0,1,0,0,0
205,0,2013-11-11,0.7818314824680298,0.6234898018587336,-0.5000000000000004,0.8660254037844384,-0.7583058084785625,0.6518989958787125,0.0,9057.0,4542.0,5493.857142857143,6264.0,2589.541364062461,4921.233333333334,5357.0,2558.517386991971,110.0,0,0,1,0,0,0,1,0,0,5078
205,0,2013-11-12,0.9749279121818236,-0.22252093395631434,-0.5000000000000004,0.8660254037844384,-0.7469720876965551,0.6648553979642867,5078.0,7682.0,4366.0,5059.0,5447.0,2410.226960267433,5075.833333333333,5357.0,2385.147824282209,110.0,0,0,1,0,0,0,1,0,0,4638
205,0,2013-11-13,0.43388373911755823,-0.900968867902419,-0.5000000000000004,0.8660254037844384,-0.7354170229639858,0.6776147890466887,4638.0,6973.0,5342.0,4651.428571428572,5078.0,2269.753573785989,5022.266666666666,5259.5,2388.0629277986855,110.0,0,0,1,0,0,0,1,0,0,4120
205,0,2013-11-14,-0.433883739117558,-0.9009688679024191,-0.5000000000000004,0.8660254037844384,-0.7236440382959123,0.690173388242972,4120.0,6264.0,6404.0,4375.142857142857,4638.0,2155.58502720811,5027.433333333333,5259.5,2386.3336715459586,110.0,0,0,1,0,0,0,1,0,0,4330
205,0,2013-11-15,-0.9749279121818236,-0.2225209339563146,-0.5000000000000004,0.8660254037844384,-0.7116566222817751,0.7025274741691566,4330.0,7013.0,5446.0,4038.1428571428573,4638.0,1835.0190215700177,5016.566666666667,5259.5,2387.2991763646337,110.0,0,0,1,0,0,0,1,0,0,4654
205,0,2013-11-16,-0.7818314824680299,0.6234898018587334,-0.5000000000000004,0.8660254037844384,-0.6994583270516471,0.7146733860429608,4654.0,5447.0,4972.0,3989.4285714285716,4638.0,1795.4849722886183,5041.166666666667,5259.5,2384.185888427055,110.0,0,0,1,0,0,0,1,0,0,5106
205,0,2013-11-17,-2.4492935982947064e-16,1.0,-0.5000000000000004,0.8660254037844384,-0.6870527672236675,0.726607524768565,5106.0,0.0,0.0,3989.4285714285716,4638.0,1795.4849722886183,4903.466666666666,5259.5,2551.956973658116,110.0,0,0,1,0,0,0,1,0,0,0
205,0,2013-11-18,0.7818314824680298,0.6234898018587336,-0.5000000000000004,0.8660254037844384,-0.6744436188329457,0.7383263540031063,0.0,5078.0,9057.0,4528.571428571428,4638.0,2574.4735939050274,5025.966666666666,5357.0,2651.7915542377064,110.0,1,0,1,0,0,0,1,0,0,8852
205,0,2013-11-19,0.9749279121818236,-0.22252093395631434,-0.5000000000000004,0.8660254037844384,-0.661634618242279,0.749826401204568,8852.0,4638.0,7682.0,4968.0,4654.0,2844.608467493079,5283.1,5409.0,2518.2753451108356,110.0,1,0,1,0,0,0,1,0,0,7714
205,0,2013-11-20,0.43388373911755823,-0.900968867902419,-0.5000000000000004,0.8660254037844384,-0.6486295610349818,0.7611042586607742,7714.0,4120.0,6973.0,5160.285714285715,5106.0,2823.144447496189,5168.366666666667,5409.0,2424.076439606941,110.0,1,0,1,0,0,0,1,0,0,5466
205,0,2013-11-21,-0.433883739117558,-0.9009688679024191,-0.5000000000000004,0.8660254037844384,-0.6354323008901775,0.7721565844991641,5466.0,4330.0,6264.0,5450.714285714285,5466.0,2828.060979675279,5134.166666666667,5409.0,2398.771942751817,110.0,1,0,1,0,0,0,1,0,0,6363
205,0,2013-11-22,-0.9749279121818236,-0.2225209339563146,-0.5000000000000004,0.8660254037844384,-0.622046748440868,0.7829801036770625,6363.0,4654.0,7013.0,5764.428571428572,6363.0,2846.6911702971256,5141.066666666667,5409.0,2403.5546654663485,110.0,1,0,1,0,0,0,1,0,0,6850
205,0,2013-11-23,-0.7818314824680299,0.6234898018587334,-0.5000000000000004,0.8660254037844384,-0.6084768701151264,0.7935716089521472,6850.0,5106.0,5447.0,5786.714285714285,6363.0,2841.2829680906307,5105.0,5357.0,2392.9762740729075,110.0,0,0,1,0,0,0,1,0,0,5262
205,0,2013-11-24,-2.4492935982947064e-16,1.0,-0.5000000000000004,0.8660254037844384,-0.594726686960764,0.8039279618328208,5262.0,0.0,0.0,5786.714285714285,6363.0,2841.2829680906307,4910.433333333333,5302.0,2562.684767883132,110.0,0,0,1,0,0,0,1,0,0,0
205,0,2013-11-25,0.7818314824680298,0.6234898018587336,-0.5000000000000004,0.8660254037844384,-0.5808002734538014,0.8140460935082175,0.0,8852.0,5078.0,5212.714285714285,5466.0,2504.7517983681664,4892.5,5184.0,2561.225417242892,110.0,0,0,1,0,0,0,1,0,0,4834
205,0,2013-11-26,0.9749279121818236,-0.22252093395631434,-0.5000000000000004,0.8660254037844384,-0.5667017562911184,0.8239230057575536,4834.0,7714.0,4638.0,4810.428571428572,5262.0,2249.165316077857,5055.766666666666,5184.0,2388.9125167413877,110.0,0,0,1,0,0,0,1,0,0,4898
205,0,2013-11-27,0.43388373911755823,-0.900968867902419,-0.5000000000000004,0.8660254037844384,-0.5524353131676203,0.8335557718385695,4898.0,5466.0,4120.0,4687.857142857143,4898.0,2230.788532378285,5057.966666666666,5184.0,2388.4534093228067,110.0,0,0,1,0,0,0,1,0,0,4608
205,0,2013-11-28,-0.433883739117558,-0.9009688679024191,-0.5000000000000004,0.8660254037844384,-0.5380051715382992,0.8429415373547832,4608.0,6363.0,4330.0,4521.714285714285,4898.0,2126.0866801305524,5085.766666666666,5231.0,2384.9727199095246,110.0,0,0,1,0,0,0,1,0,0,5200
205,0,2013-11-29,-0.9749279121818236,-0.2225209339563146,-0.5000000000000004,0.8660254037844384,-0.5234156073655503,0.8520775211013093,5200.0,6850.0,4654.0,4406.142857142857,4898.0,1996.4670820035553,5109.066666666667,5231.0,2390.9692152986286,110.0,0,0,1,0,0,0,1,0,0,6041
205,0,2013-11-30,-0.7818314824680299,0.6234898018587334,-0.5000000000000004,0.8660254037844384,-0.5086709438521042,0.8609610158889945,6041.0,5262.0,5106.0,4597.428571428572,4898.0,2150.35112304501,5115.633333333333,5231.0,2394.91558390332,110.0,0,0,1,0,0,0,1,0,0,6601
205,0,2013-12-01,-2.4492935982947064e-16,1.0,-2.4492935982947064e-16,1.0,-0.4937755501599774,0.8695893893466109,6601.0,0.0,0.0,4597.428571428572,4898.0,2150.35112304501,4934.1,5153.0,2569.0796064228766,110.0,0,0,1,0,0,0,1,0,0,0
205,0,2013-12-02,0.7818314824680298,0.6234898018587336,-2.4492935982947064e-16,1.0,-0.4787338401157883,0.8779600847008883,0.0,4834.0,8852.0,5535.0,5200.0,3360.778282878336,5148.266666666666,5231.0,2827.1866719693116,110.0,1,0,1,0,0,0,1,0,0,11397
205,0,2013-12-03,0.9749279121818236,-0.22252093395631434,-2.4492935982947064e-16,1.0,-0.4635502709028512,0.8860706215341377,11397.0,4898.0,7714.0,6144.714285714285,6041.0,3604.282532131543,5453.8,5354.5,2745.7400409386514,110.0,1,0,1,0,0,0,1,0,0,9166
205,0,2013-12-04,0.43388373911755823,-0.900968867902419,-2.4492935982947064e-16,1.0,-0.4482293417404106,0.893918596519257,9166.0,4608.0,5466.0,6607.714285714285,6601.0,3582.076479468565,5413.533333333334,5354.5,2699.545641633859,110.0,1,0,1,0,0,0,1,0,0,7849
205,0,2013-12-05,-0.433883739117558,-0.9009688679024191,-2.4492935982947064e-16,1.0,-0.4327755925504317,0.9015016841318838,7849.0,5200.0,6363.0,7062.428571428572,7849.0,3575.617795437262,5436.9,5354.5,2722.7918272395987,110.0,1,0,1,0,0,0,1,0,0,8383
205,0,2013-12-06,-0.9749279121818236,-0.2225209339563146,-2.4492935982947064e-16,1.0,-0.41719360261231697,0.9088176373395028,8383.0,6041.0,6850.0,7058.714285714285,7849.0,3576.8689620153236,5404.966666666666,5354.5,2709.741487648785,110.0,1,0,1,0,0,0,1,0,0,6015
205,0,2013-12-07,-0.7818314824680299,0.6234898018587334,-2.4492935982947064e-16,1.0,-0.4014879892059737,0.9158642882672868,6015.0,6601.0,5262.0,6955.714285714285,7849.0,3602.5350201529727,5392.166666666667,5354.5,2706.4486984739356,110.0,0,0,1,0,0,0,1,0,0,5880
205,0,2013-12-08,-2.4492935982947064e-16,1.0,-2.4492935982947064e-16,1.0,-0.38566340624360745,0.9226395488404875,5880.0,0.0,0.0,6955.714285714285,7849.0,3602.5350201529727,5158.4,5231.0,2860.1303756152856,110.0,0,0,1,0,0,0,1,0,0,0
205,0,2013-12-09,0.7818314824680298,0.6234898018587336,-2.4492935982947064e-16,1.0,-0.3697245428906732,0.9291414114031743,0.0,11397.0,4834.0,6159.0,6015.0,3027.4054898543077,5170.833333333333,5231.0,2862.2381775557155,110.0,0,0,1,0,0,0,1,0,0,5820
205,0,2013-12-10,0.9749279121818236,-0.22252093395631434,-2.4492935982947064e-16,1.0,-0.3536761221763721,0.935367949313148,5820.0,9166.0,4898.0,5630.428571428572,5880.0,2722.5475115011213,5353.033333333334,5364.0,2690.5550956983766,110.0,0,0,1,0,0,0,1,0,0,5466
205,0,2013-12-11,0.43388373911755823,-0.900968867902419,-2.4492935982947064e-16,1.0,-0.33752289959411347,0.941317317512847,5466.0,7849.0,4608.0,5243.0,5820.0,2541.138065250816,5355.0,5364.0,2690.3686838744625,110.0,0,0,1,0,0,0,1,0,0,5137
205,0,2013-12-12,-0.433883739117558,-0.9009688679024191,-2.4492935982947064e-16,1.0,-0.32126966169236515,0.946987753076075,5137.0,8383.0,5200.0,4863.428571428572,5726.0,2164.465434939447,5391.266666666666,5466.0,2687.702004383635,110.0,0,0,1,0,0,0,1,0,0,5726
205,0,2013-12-13,-0.9749279121818236,-0.2225209339563146,-2.4492935982947064e-16,1.0,-0.3049212246562894,0.9523775757303973,5726.0,6015.0,6041.0,4817.428571428572,5693.0,2139.186906057441,5443.7,5579.5,2677.369825548689,110.0,0,0,1,0,0,0,1,0,0,5693
205,0,2013-12-14,-0.7818314824680299,0.6234898018587334,-2.4492935982947064e-16,1.0,-0.2884824328806098,0.9574851883550389,5693.0,5880.0,6601.0,4748.285714285715,5466.0,2106.693516254455,5479.233333333334,5579.5,2669.1406040836087,110.0,0,0,1,0,0,0,1,0,0,5396
205,0,2013-12-15,-2.4492935982947064e-16,1.0,-2.4492935982947064e-16,1.0,-0.27195815753410524,0.9623090774541487,5396.0,0.0,0.0,4748.285714285715,5466.0,2106.693516254455,5324.1,5579.5,2848.0122087834,110.0,0,0,1,0,0,0,1,0,0,0
205,0,2013-12-16,0.7818314824680298,0.6234898018587336,-2.4492935982947064e-16,1.0,-0.2553532951161881,0.9668478136052773,0.0,5820.0,11397.0,5669.142857142857,5466.0,3560.443719003359,5562.766666666666,5709.5,3116.461230121525,110.0,1,0,1,0,0,0,1,0,0,12266
205,0,2013-12-17,0.9749279121818236,-0.22252093395631434,-2.4492935982947064e-16,1.0,-0.23867276600594997,0.9711000518829505,12266.0,5466.0,9166.0,6277.285714285715,5693.0,3870.059935551633,5886.866666666667,5773.0,3022.156865475422,110.0,1,0,1,0,0,0,1,0,0,9723
205,0,2013-12-18,0.43388373911755823,-0.900968867902419,-2.4492935982947064e-16,1.0,-0.22192151300416674,0.9750645322571945,9723.0,5137.0,7849.0,6732.0,5726.0,3900.6251208406766,5869.133333333333,5773.0,3005.674056402878,110.0,1,0,1,0,0,0,1,0,0,8320
205,0,2013-12-19,-0.433883739117558,-0.9009688679024191,-2.4492935982947064e-16,1.0,-0.20510449986861926,0.9787400799669153,8320.0,5726.0,8383.0,7129.142857142857,8320.0,3922.5892991140204,5895.533333333334,5773.0,3025.8475214373416,110.0,1,0,1,0,0,0,1,0,0,8506
205,0,2013-12-20,-0.9749279121818236,-0.2225209339563146,-2.4492935982947064e-16,1.0,-0.1882267098432439,0.9821256058680006,8506.0,5693.0,6015.0,7546.142857142857,8506.0,3899.5593096558778,6000.4,5850.0,3064.713662723282,110.0,1,0,1,0,0,0,1,0,0,8612
205,0,2013-12-21,-0.7818314824680299,0.6234898018587334,-2.4492935982947064e-16,1.0,-0.1712931441814778,0.9852201067560606,8612.0,5396.0,5880.0,7762.285714285715,8506.0,3801.2101018090616,6018.6,5850.0,3068.560053184555,110.0,0,0,1,0,0,0,1,0,0,6909
205,0,2013-12-22,-2.4492935982947064e-16,1.0,-2.4492935982947064e-16,1.0,-0.154308820664281,0.9880226656636976,6909.0,0.0,0.0,7762.285714285715,8506.0,3801.210101809062,5790.266666666666,5773.0,3253.82533424078,110.0,0,0,1,0,0,0,1,0,0,0
205,0,2013-12-23,0.7818314824680298,0.6234898018587336,-2.4492935982947064e-16,1.0,-0.13727877211326517,0.9905324521322227,0.0,12266.0,5820.0,7371.857142857143,8506.0,3378.3658489754816,5932.633333333333,5850.0,3322.6232831317475,110.0,0,0,1,0,0,0,1,0,0,9533
205,0,2013-12-24,0.9749279121818236,-0.22252093395631434,-2.4492935982947064e-16,1.0,-0.12020804489935275,0.9927487224577402,9533.0,9723.0,5466.0,6611.428571428572,8320.0,3359.971123742131,6079.3,5850.0,3144.0279036008396,110.0,0,0,1,0,0,0,1,0,0,4400
205,0,2013-12-25,0.43388373911755823,-0.900968867902419,-2.4492935982947064e-16,1.0,-0.10310169744743544,0.9946708199115211,4400.0,8320.0,5137.0,5422.857142857143,6909.0,4054.61245285627,5918.166666666667,5850.0,3328.5112658854614,110.0,0,0,1,0,0,0,1,0,0,0
205,0,2013-12-26,-0.433883739117558,-0.9009688679024191,-2.4492935982947064e-16,1.0,-0.0859647987374467,0.9962981749346077,0.0,8506.0,5726.0,4207.714285714285,4400.0,4246.663345666637,5754.9,5850.0,3496.1797214713642,110.0,0,0,1,0,0,0,1,0,0,0
205,0,2013-12-27,-0.9749279121818236,-0.2225209339563146,-2.4492935982947064e-16,1.0,-0.06880242680232064,0.9976303053065857,0.0,8612.0,5693.0,3771.5714285714284,4400.0,3857.9267686648654,5786.6,5850.0,3489.7275716218783,110.0,0,0,1,0,0,0,1,0,0,5559
205,0,2013-12-28,-0.7818314824680299,0.6234898018587334,-2.4492935982947064e-16,1.0,-0.05161966722325418,0.9986668162884759,5559.0,6909.0,5396.0,3574.285714285714,4400.0,3702.9430958939333,5797.533333333334,5850.0,3488.3399147616824,110.0,0,0,1,0,0,0,1,0,0,5528
205,0,2013-12-29,-2.4492935982947064e-16,1.0,-2.4492935982947064e-16,1.0,-0.034421611622745804,0.9994074007397048,5528.0,0.0,0.0,3574.285714285714,4400.0,3702.9430958939333,5596.166666666667,5773.0,3644.658851480912,110.0,0,0,1,0,0,0,1,0,0,0
205,0,2013-12-30,0.7818314824680298,0.6234898018587336,-2.4492935982947064e-16,1.0,-0.01721335615583528,0.9998518392091162,0.0,9533.0,12266.0,3411.5714285714284,4400.0,3410.9813767273677,5655.933333333333,5773.0,3676.2688443708726,110.0,0,0,1,0,0,0,1,0,0,8394
205,0,2013-12-31,0.9749279121818236,-0.22252093395631434,-2.4492935982947064e-16,1.0,6.432490598706546e-16,1.0,8394.0,4400.0,9723.0,3335.285714285714,3866.0,3391.1045749276464,5784.8,5773.0,3536.263890527441,110.0,0,0,1,0,0,0,1,0,0,3866
205,0,2014-01-01,0.43388373911755823,-0.900968867902419,0.49999999999999994,0.8660254037844387,0.017213356155834685,0.9998518392091162,3866.0,0.0,8320.0,3335.285714285714,3866.0,3391.1045749276464,5404.9,5709.5,3524.7260040247484,110.0,0,0,1,0,0,0,1,0,0,0
205,0,2014-01-02,-0.433883739117558,-0.9009688679024191,0.49999999999999994,0.8660254037844387,0.03442161162274574,0.9994074007397048,0.0,0.0,8506.0,4162.142857142857,5528.0,3138.5604146153473,5292.3,5709.5,3453.6719005359673,110.0,0,0,1,0,0,0,1,0,0,5788
205,0,2014-01-03,-0.9749279121818236,-0.2225209339563146,0.49999999999999994,0.8660254037844387,0.051619667223253764,0.998666816288476,5788.0,5559.0,8612.0,4159.285714285715,5528.0,3137.0856281101446,5215.3,5626.0,3420.2939695194377,110.0,0,0,1,0,0,0,1,0,0,5539
205,0,2014-01-04,-0.7818314824680299,0.6234898018587334,0.49999999999999994,0.8660254037844387,0.06880242680231986,0.9976303053065857,5539.0,5528.0,6909.0,4147.285714285715,5444.0,3131.132421041183,5117.333333333333,5549.0,3368.126311552865,110.0,0,0,1,0,0,0,1,0,0,5444
205,0,2014-01-05,-2.4492935982947064e-16,1.0,0.49999999999999994,0.8660254037844387,0.08596479873744647,0.9962981749346078,5444.0,0.0,0.0,4147.285714285715,5444.0,3131.132421041183,4916.833333333333,5533.5,3489.685580969005,110.0,0,0,1,0,0,0,1,0,0,0
205,0,2014-01-06,0.7818314824680298,0.6234898018587336,0.49999999999999994,0.8660254037844387,0.10310169744743485,0.9946708199115211,0.0,8394.0,9533.0,4533.142857142857,5444.0,3830.0977545649926,5090.666666666667,5533.5,3664.8129776183036,110.0,1,0,1,0,0,0,1,0,0,11095
205,0,2014-01-07,0.9749279121818236,-0.22252093395631434,0.49999999999999994,0.8660254037844387,0.1202080448993527,0.9927487224577402,11095.0,3866.0,4400.0,5264.714285714285,5539.0,4156.586729288255,5390.233333333334,5549.0,3601.097013730517,110.0,1,0,1,0,0,0,1,0,0,8987
205,0,2014-01-08,0.43388373911755823,-0.900968867902419,0.49999999999999994,0.8660254037844387,0.13727877211326478,0.9905324521322229,8987.0,0.0,0.0,6335.285714285715,5788.0,3485.515634464324,5446.033333333334,5549.0,3620.901092682387,110.0,1,0,1,0,0,0,1,0,0,7494
205,0,2014-01-09,-0.433883739117558,-0.9009688679024191,0.49999999999999994,0.8660254037844387,0.15430882066428117,0.9880226656636976,7494.0,5788.0,0.0,6475.857142857143,6772.0,3479.602248752552,5489.566666666667,5626.0,3628.9912693933743,110.0,1,0,1,0,0,0,1,0,0,6772
205,0,2014-01-10,-0.9749279121818236,-0.2225209339563146,0.49999999999999994,0.8660254037844387,0.1712931441814776,0.9852201067560606,6772.0,5539.0,5559.0,6687.714285714285,7022.0,3458.1347917765215,5552.4,5709.5,3638.9812860194816,110.0,1,0,1,0,0,0,1,0,0,7022
205,0,2014-01-11,-0.7818314824680299,0.6234898018587334,0.49999999999999994,0.8660254037844387,0.1882267098432442,0.9821256058680006,7022.0,5444.0,5528.0,6691.571428571428,7022.0,3456.531057632921,5543.9,5626.0,3638.85962005719,110.0,0,0,1,0,0,0,1,0,0,5471
205,0,2014-01-12,-2.4492935982947064e-16,1.0,0.49999999999999994,0.8660254037844387,0.2051044998686192,0.9787400799669153,5471.0,0.0,0.0,6691.571428571428,7022.0,3456.531057632921,5354.133333333333,5549.0,3776.652118343508,110.0,0,0,1,0,0,0,1,0,0,0
205,0,2014-01-13,0.7818314824680298,0.6234898018587336,0.49999999999999994,0.8660254037844387,0.22192151300416552,0.9750645322571948,0.0,11095.0,8394.0,5800.142857142857,6772.0,2889.807919139923,5336.1,5549.0,3777.7367823277104,110.0,0,0,1,0,0,0,1,0,0,4855
205,0,2014-01-14,0.9749279121818236,-0.22252093395631434,0.49999999999999994,0.8660254037844387,0.2386727660059501,0.9711000518829505,4855.0,8987.0,3866.0,5175.0,5471.0,2537.331800665152,5489.8,5549.0,3644.6023235123644,110.0,0,0,1,0,0,0,1,0,0,4611
205,0,2014-01-15,0.43388373911755823,-0.900968867902419,0.49999999999999994,0.8660254037844387,0.255353295116187,0.9668478136052775,4611.0,7494.0,0.0,4741.857142857143,4855.0,2325.4259415263696,5229.666666666667,5533.5,3415.583267535907,110.0,0,0,1,0,0,0,1,0,0,4462
205,0,2014-01-16,-0.433883739117558,-0.9009688679024191,0.49999999999999994,0.8660254037844387,0.2719581575341055,0.9623090774541486,4462.0,6772.0,5788.0,4404.714285714285,4611.0,2146.2099706448175,5052.633333333333,5499.5,3310.6847555414747,110.0,0,0,1,0,0,0,1,0,0,4412
205,0,2014-01-17,-0.9749279121818236,-0.2225209339563146,0.49999999999999994,0.8660254037844387,0.288482432880609,0.9574851883550393,4412.0,7022.0,5539.0,4093.5714285714284,4611.0,1839.4936673935415,4936.766666666666,5457.5,3252.7095515026826,110.0,0,0,1,0,0,0,1,0,0,4844
205,0,2014-01-18,-0.7818314824680299,0.6234898018587334,0.49999999999999994,0.8660254037844387,0.30492122465628907,0.9523775757303974,4844.0,5471.0,5444.0,4013.1428571428573,4611.0,1780.5956333552538,4816.833333333333,5176.0,3182.134092878154,110.0,0,0,1,0,0,0,1,0,0,4908
205,0,2014-01-19,-2.4492935982947064e-16,1.0,0.49999999999999994,0.8660254037844387,0.3212696616923644,0.9469877530760753,4908.0,0.0,0.0,4013.1428571428573,4611.0,1780.5956333552538,4529.766666666666,4881.5,3216.228887069916,110.0,0,0,1,0,0,0,1,0,0,0
205,0,2014-01-20,0.7818314824680298,0.6234898018587336,0.49999999999999994,0.8660254037844387,0.3375228995941133,0.9413173175128471,0.0,4855.0,11095.0,4622.571428571428,4611.0,2639.5954145249125,4603.5,4881.5,3296.9959864219973,110.0,1,0,1,0,0,0,1,0,0,9121
205,0,2014-01-21,0.9749279121818236,-0.22252093395631434,0.49999999999999994,0.8660254037844387,0.3536761221763716,0.9353679493131483,9121.0,4611.0,8987.0,5023.857142857143,4844.0,2843.2095964813784,4850.833333333333,5176.0,3217.0908906729037,110.0,1,0,1,0,0,0,1,0,0,7420
205,0,2014-01-22,0.43388373911755823,-0.900968867902419,0.49999999999999994,0.8660254037844387,0.3697245428906731,0.9291414114031743,7420.0,4462.0,7494.0,5336.571428571428,4908.0,2891.090443479925,4754.766666666666,5176.0,3113.8267362970214,110.0,1,0,1,0,0,0,1,0,0,6651
205,0,2014-01-23,-0.433883739117558,-0.9009688679024191,0.49999999999999994,0.8660254037844387,0.38566340624360707,0.9226395488404876,6651.0,4412.0,6772.0,5768.285714285715,6651.0,2954.943807378053,4855.9,5457.5,3150.9559835619457,110.0,1,0,1,0,0,0,1,0,0,7434
205,0,2014-01-24,-0.9749279121818236,-0.2225209339563146,0.49999999999999994,0.8660254037844387,0.401487989205973,0.9158642882672872,7434.0,4844.0,7022.0,6009.857142857143,6651.0,2935.847602117171,5073.733333333334,5499.5,3027.1373518765936,110.0,1,0,1,0,0,0,1,0,0,6535
205,0,2014-01-25,-0.7818314824680299,0.6234898018587334,0.49999999999999994,0.8660254037844387,0.4171936026123168,0.9088176373395029,6535.0,4908.0,5471.0,5963.857142857143,6651.0,2958.4251119230894,5226.6,5499.5,2874.005514356527,110.0,0,0,1,0,0,0,1,0,0,4586
205,0,2014-01-26,-2.4492935982947064e-16,1.0,0.49999999999999994,0.8660254037844387,0.4327755925504312,0.901501684131884,4586.0,0.0,0.0,5963.857142857143,6651.0,2958.4251119230894,5041.3,5457.5,3026.9712773320302,110.0,0,0,1,0,0,0,1,0,0,0
205,0,2014-01-27,0.7818314824680298,0.6234898018587336,0.49999999999999994,0.8660254037844387,0.4482293417404106,0.893918596519257,0.0,9121.0,4855.0,5298.571428571428,6535.0,2636.2049652953037,5005.833333333333,5176.0,3027.3053920576976,110.0,0,0,1,0,0,0,1,0,0,4464
205,0,2014-01-28,0.9749279121818236,-0.22252093395631434,0.49999999999999994,0.8660254037844387,0.4635502709028509,0.886070621534138,4464.0,7420.0,4611.0,4986.571428571428,5236.0,2467.10044770123,5180.366666666667,5340.0,2875.9017354482094,110.0,0,0,1,0,0,0,1,0,0,5236
205,0,2014-01-29,0.43388373911755823,-0.900968867902419,0.49999999999999994,0.8660254037844387,0.47873384011578846,0.8779600847008882,5236.0,6651.0,4462.0,4657.285714285715,4586.0,2359.396583471127,5045.433333333333,5072.0,2814.225142126108,110.0,0,0,1,0,0,0,1,0,0,4346
205,0,2014-01-30,-0.433883739117558,-0.9009688679024191,0.49999999999999994,0.8660254037844387,0.4937755501599772,0.869589389346611,4346.0,7434.0,4412.0,4283.857142857143,4586.0,2030.6281810129092,5077.233333333334,5072.0,2805.815705149639,110.0,0,0,1,0,0,0,1,0,0,4820
205,0,2014-01-31,-0.9749279121818236,-0.2225209339563146,0.49999999999999994,0.8660254037844387,0.5086709438521044,0.8609610158889943,4820.0,6535.0,4844.0,4330.857142857143,4586.0,2094.227576663322,5306.033333333334,5340.0,2653.22968426619,110.0,0,0,1,0,0,0,1,0,0,6864
205,0,2014-02-01,-0.7818314824680299,0.6234898018587334,0.8660254037844386,0.5000000000000001,0.5234156073655503,0.8520775211013093,6864.0,4586.0,4908.0,4529.142857142857,4820.0,2186.1051689074334,5312.233333333334,5340.0,2654.611728000308,110.0,0,0,1,0,0,0,1,0,0,5974
205,0,2014-02-02,-2.4492935982947064e-16,1.0,0.8660254037844386,0.5000000000000001,0.5380051715382996,0.8429415373547828,5974.0,0.0,0.0,4529.142857142857,4820.0,2186.1051689074334,5127.6,5072.0,2825.4243208947305,110.0,0,0,1,0,0,0,1,0,0,0
205,0,2014-02-03,0.7818314824680298,0.6234898018587336,0.8660254037844386,0.5000000000000001,0.5524353131676196,0.8335557718385699,0.0,4464.0,9121.0,5335.0,5236.0,3033.5467141065524,5282.966666666666,5072.0,2967.977907754628,110.0,1,0,1,0,0,0,1,0,0,10105
205,0,2014-02-04,0.9749279121818236,-0.22252093395631434,0.8660254037844386,0.5000000000000001,0.5667017562911176,0.8239230057575542,10105.0,5236.0,7420.0,5738.714285714285,5974.0,3201.5690275387215,5551.7,5353.5,2835.152822615777,110.0,1,0,1,0,0,0,1,0,0,8062
205,0,2014-02-05,0.43388373911755823,-0.900968867902419,0.8660254037844386,0.5000000000000001,0.5808002734538009,0.8140460935082178,8062.0,4346.0,6651.0,6197.285714285715,6864.0,3198.7269714833806,5433.733333333334,5353.5,2665.075620759722,110.0,1,0,1,0,0,0,1,0,0,7556
205,0,2014-02-06,-0.433883739117558,-0.9009688679024191,0.8660254037844386,0.5000000000000001,0.5947266869607634,0.8039279618328213,7556.0,4820.0,7434.0,6563.0,7380.0,3161.1388770504855,5380.166666666667,5353.5,2606.7047646185515,110.0,1,0,1,0,0,0,1,0,0,7380
205,0,2014-02-07,-0.9749279121818236,-0.2225209339563146,0.8660254037844386,0.5000000000000001,0.6084768701151261,0.7935716089521474,7380.0,6864.0,6535.0,6609.0,7380.0,3168.5830166390365,5369.9,5353.5,2598.686423481334,110.0,1,0,1,0,0,0,1,0,0,7186
205,0,2014-02-08,-0.7818314824680299,0.6234898018587334,0.8660254037844386,0.5000000000000001,0.6220467484408675,0.7829801036770629,7186.0,5974.0,4586.0,6590.571428571428,7380.0,3173.263402090602,5339.0,5353.5,2586.924375419183,110.0,0,0,1,0,0,0,1,0,0,5845
205,0,2014-02-09,-2.4492935982947064e-16,1.0,0.8660254037844386,0.5000000000000001,0.6354323008901774,0.7721565844991642,5845.0,0.0,0.0,6590.571428571428,7380.0,3173.263402090602,5104.933333333333,5072.0,2742.399967475422,110.0,0,0,1,0,0,0,1,0,0,0
205,0,2014-02-10,0.7818314824680298,0.6234898018587336,0.8660254037844386,0.5000000000000001,0.6486295610349814,0.7611042586607747,0.0,10105.0,4464.0,5973.0,7186.0,2770.391729220496,5115.3,5072.0,2744.418538378048,110.0,0,0,1,0,0,0,1,0,0,5782
205,0,2014-02-11,0.9749279121818236,-0.22252093395631434,0.8660254037844386,0.5000000000000001,0.6616346182422783,0.7498264012045686,5782.0,8062.0,5236.0,5546.285714285715,5845.0,2621.01473442925,5284.466666666666,5155.5,2569.0463108177782,110.0,0,0,1,0,0,0,1,0,0,5075
205,0,2014-02-12,0.43388373911755823,-0.900968867902419,0.8660254037844386,0.5000000000000001,0.6744436188329455,0.7383263540031065,5075.0,7556.0,4346.0,5157.0,5782.0,2470.836160762855,5283.666666666667,5155.5,2569.188391011011,110.0,0,0,1,0,0,0,1,0,0,4831
205,0,2014-02-13,-0.433883739117558,-0.9009688679024191,0.8660254037844386,0.5000000000000001,0.6870527672236669,0.7266075247685656,4831.0,7380.0,4820.0,4855.142857142857,5267.0,2275.329091843741,5305.533333333334,5251.5,2566.055563315609,110.0,0,0,1,0,0,0,1,0,0,5267
205,0,2014-02-14,-0.9749279121818236,-0.2225209339563146,0.8660254037844386,0.5000000000000001,0.6994583270516471,0.7146733860429609,5267.0,7186.0,6864.0,4617.428571428572,5267.0,2068.775068902917,5340.866666666667,5394.5,2561.333498776374,110.0,0,0,1,0,0,0,1,0,0,5522
205,0,2014-02-15,-0.7818314824680299,0.6234898018587334,0.8660254037844386,0.5000000000000001,0.7116566222817746,0.702527474169157,5522.0,5845.0,5974.0,4563.714285714285,5267.0,2036.2149292486838,5376.1,5495.5,2555.378591965555,110.0,0,0,1,0,0,0,1,0,0,5469
205,0,2014-02-16,-2.4492935982947064e-16,1.0,0.8660254037844386,0.5000000000000001,0.7236440382959124,0.6901733882429719,5469.0,0.0,0.0,4563.714285714285,5267.0,2036.2149292486838,5214.633333333333,5495.5,2736.7612936025166,110.0,0,0,1,0,0,0,1,0,0,0
205,0,2014-02-17,0.7818314824680298,0.6234898018587336,0.8660254037844386,0.5000000000000001,0.7354170229639855,0.6776147890466889,0.0,5782.0,10105.0,5182.857142857143,5267.0,2930.793944114314,5388.233333333334,5652.0,2878.165551819103,110.0,1,0,1,0,0,0,1,0,0,10116
205,0,2014-02-18,0.9749279121818236,-0.22252093395631434,0.8660254037844386,0.5000000000000001,0.7469720876965552,0.6648553979642865,10116.0,5075.0,8062.0,5579.714285714285,5469.0,3097.119076081604,5650.0,5813.5,2724.2058887202215,110.0,1,0,1,0,0,0,1,0,0,7853
205,0,2014-02-19,0.43388373911755823,-0.900968867902419,0.8660254037844386,0.5000000000000001,0.7583058084785625,0.6518989958787126,7853.0,4831.0,7556.0,5892.285714285715,5522.0,3119.2932807654643,5579.933333333333,5813.5,2658.0824944170636,110.0,1,0,1,0,0,0,1,0,0,7019
205,0,2014-02-20,-0.433883739117558,-0.9009688679024191,0.8660254037844386,0.5000000000000001,0.7694148268839378,0.6387494220515272,7019.0,5267.0,7380.0,6056.571428571428,6417.0,3111.145494141071,5546.5,5813.5,2640.3890485279267,110.0,1,0,1,0,0,0,1,0,0,6417
205,0,2014-02-21,-0.9749279121818236,-0.2225209339563146,0.8660254037844386,0.5000000000000001,0.7802958510707755,0.6254105729852463,6417.0,5522.0,7186.0,6164.428571428572,6417.0,3102.5996549744577,5534.033333333334,5813.5,2635.873361556075,110.0,1,0,1,0,0,0,1,0,0,6277
205,0,2014-02-22,-0.7818314824680299,0.6234898018587334,0.8660254037844386,0.5000000000000001,0.7909456567567772,0.6118864012687243,6277.0,5469.0,5845.0,6211.857142857143,6417.0,3092.718891664283,5479.6,5791.5,2612.0379888455714,110.0,0,0,1,0,0,0,1,0,0,5801
205,0,2014-02-23,-2.4492935982947064e-16,1.0,0.8660254037844386,0.5000000000000001,0.8013610881746766,0.5981809144059164,5801.0,0.0,0.0,6211.857142857143,6417.0,3092.718891664283,5261.766666666666,5652.0,2787.584155938038,110.0,0,0,1,0,0,0,1,0,0,0
205,0,2014-02-24,0.7818314824680298,0.6234898018587336,0.8660254037844386,0.5000000000000001,0.8115390590073611,0.5842981736283683,0.0,10116.0,5782.0,5512.428571428572,6277.0,2572.4990351240717,5282.9,5652.0,2784.6860944867,110.0,0,0,1,0,0,0,1,0,0,5220
205,0,2014-02-25,0.9749279121818236,-0.22252093395631434,0.8660254037844386,0.5000000000000001,0.8214765533024142,0.5702422926917871,5220.0,7853.0,5075.0,5039.0,5801.0,2366.6732629016033,5434.2,5652.0,2605.282609595756,110.0,0,0,1,0,0,0,1,0,0,4539
205,0,2014-02-26,0.43388373911755823,-0.900968867902419,0.8660254037844386,0.5000000000000001,0.8311706263658079,0.5560174366570446,4539.0,7019.0,4831.0,4666.571428571428,5220.0,2202.599286989715,5432.466666666666,5652.0,2605.967564480886,110.0,0,0,1,0,0,0,1,0,0,4412
205,0,2014-02-27,-0.433883739117558,-0.9009688679024191,0.8660254037844386,0.5000000000000001,0.8406184056344782,0.5416278206559814,4412.0,6417.0,5267.0,4472.285714285715,5057.0,2078.9768087760262,5426.5,5652.0,2606.6377438351906,110.0,0,0,1,0,0,0,1,0,0,5057
205,0,2014-02-28,-0.9749279121818236,-0.2225209339563146,0.8660254037844386,0.5000000000000001,0.8498170915275278,0.5270777086423722,5057.0,6277.0,5522.0,4449.142857142857,5057.0,2056.3168877527414,5485.466666666666,5791.5,2601.35567751116,110.0,0,0,1,0,0,0,1,0,0,6115
205,0,2014-03-01,-0.7818314824680299,0.6234898018587334,1.0,6.123233995736766e-17,0.8587639582758029,0.5123714121284237,6115.0,5801.0,5469.0,4508.571428571428,5057.0,2107.2776163526555,5532.033333333334,5823.0,2601.5362236548835,110.0,0,0,1,0,0,0,1,0,0,6217
205,0,2014-03-02,-2.4492935982947064e-16,1.0,1.0,6.123233995736766e-17,0.8674563547295968,0.49751328890718066,6217.0,0.0,0.0,4508.571428571428,5057.0,2107.2776163526555,5303.233333333334,5791.5,2776.319228928753,110.0,0,0,1,0,0,0,1,0,0,0
205,0,2014-03-03,0.7818314824680298,0.6234898018587336,1.0,6.123233995736766e-17,0.8758917051442429,0.48250774176121847,0.0,5220.0,10116.0,5369.857142857143,5057.0,3326.11557368709,5479.066666666667,5791.5,2979.847241321139,110.0,1,0,1,0,0,0,1,0,0,11249
205,0,2014-03-04,0.9749279121818236,-0.22252093395631434,1.0,6.123233995736766e-17,0.8840675099433636,0.46735921715800227,11249.0,4539.0,7853.0,5979.714285714285,6115.0,3533.300898323724,5772.666666666667,5823.0,2852.5898376053306,110.0,1,0,1,0,0,0,1,0,0,8808
205,0,2014-03-05,0.43388373911755823,-0.900968867902419,1.0,6.123233995736766e-17,0.8919813464595485,0.45207220393230435,8808.0,4412.0,7019.0,6369.142857142857,6217.0,3481.5611167296506,5673.766666666666,5823.0,2746.674361318874,110.0,1,0,1,0,0,0,1,0,0,7138
205,0,2014-03-06,-0.433883739117558,-0.9009688679024191,1.0,6.123233995736766e-17,0.8996308696522433,0.43665123195606403,7138.0,5057.0,6417.0,6802.0,7138.0,3479.592025894225,5674.6,5823.0,2747.4276194538666,110.0,1,0,1,0,0,0,1,0,0,8087
205,0,2014-03-07,-0.9749279121818236,-0.2225209339563146,1.0,6.123233995736766e-17,0.9070138128026359,0.4211008707960896,8087.0,6115.0,6277.0,6957.571428571428,7204.0,3468.0826046074744,5662.866666666667,5823.0,2739.8569398008212,110.0,1,0,1,0,0,0,1,0,0,7204
205,0,2014-03-08,-0.7818314824680299,0.6234898018587334,1.0,6.123233995736766e-17,0.9141279881853337,0.40542572835999735,7204.0,6217.0,5801.0,6822.428571428572,7204.0,3519.7967203207863,5592.566666666667,5791.5,2721.2726191648094,110.0,0,0,1,0,0,0,1,0,0,5271
205,0,2014-03-09,-2.4492935982947064e-16,1.0,1.0,6.123233995736766e-17,0.9209712877166346,0.38963044953078796,5271.0,0.0,0.0,6822.428571428572,7204.0,3519.7967203207863,5353.033333333334,5652.0,2887.373827466793,110.0,0,0,1,0,0,0,1,0,0,0
205,0,2014-03-10,0.7818314824680298,0.6234898018587336,1.0,6.123233995736766e-17,0.9275416835791966,0.37371971479046906,0.0,11249.0,5220.0,5991.0,7138.0,2939.4446187446133,5339.166666666667,5495.5,2885.928238686919,110.0,0,0,1,0,0,0,1,0,0,5429
205,0,2014-03-11,0.9749279121818236,-0.22252093395631434,1.0,6.123233995736766e-17,0.9338372288229252,0.35769823883312546,5429.0,8808.0,4539.0,5426.857142857143,5429.0,2675.822081066639,5501.133333333333,5495.5,2706.7332102119663,110.0,0,0,1,0,0,0,1,0,0,4859
205,0,2014-03-12,0.43388373911755823,-0.900968867902419,1.0,6.123233995736766e-17,0.9398560579418954,0.3415707691678556,4859.0,7138.0,4412.0,5125.142857142857,5271.0,2567.6058516687867,5475.933333333333,5449.0,2707.5472413917037,110.0,0,0,1,0,0,0,1,0,0,5026
205,0,2014-03-13,-0.433883739117558,-0.9009688679024191,1.0,6.123233995736766e-17,0.9455963874271426,0.3253420847119801,5026.0,8087.0,5057.0,4623.285714285715,5026.0,2210.721429329172,5459.233333333334,5449.0,2711.6474148197917,110.0,0,0,1,0,0,0,1,0,0,4574
205,0,2014-03-14,-0.9749279121818236,-0.2225209339563146,1.0,6.123233995736766e-17,0.9510565162951535,0.30901699437494745,4574.0,7204.0,6115.0,4258.285714285715,4859.0,1903.1436899934486,5453.166666666667,5449.0,2713.3044884653923,110.0,0,0,1,0,0,0,1,0,0,4649
205,0,2014-03-15,-0.7818314824680299,0.6234898018587334,1.0,6.123233995736766e-17,0.9562348265919056,0.29260033563334836,4649.0,5271.0,6217.0,4244.0,4859.0,1894.6311866253304,5449.966666666666,5449.0,2713.5882146800723,110.0,0,0,1,0,0,0,1,0,0,5171
205,0,2014-03-16,-2.4492935982947064e-16,1.0,1.0,6.123233995736766e-17,0.9611297838723007,0.27609697309746883,5171.0,0.0,0.0,4244.0,4859.0,1894.6311866253304,5265.9,5350.0,2890.0769629413235,110.0,0,0,1,0,0,0,1,0,0,0
205,0,2014-03-17,0.7818314824680298,0.6234898018587336,1.0,6.123233995736766e-17,0.9657399376548549,0.2595117970697999,0.0,5429.0,11249.0,4718.428571428572,4859.0,2544.9950135604586,5375.266666666666,5350.0,2959.279221811231,110.0,1,0,1,0,0,0,1,0,0,8750
205,0,2014-03-18,0.9749279121818236,-0.22252093395631434,1.0,6.123233995736766e-17,0.970063921851507,0.2428497220959356,8750.0,4859.0,8808.0,5050.0,5026.0,2712.071594433546,5614.6,5615.0,2795.3645694009356,110.0,1,0,1,0,0,0,1,0,0,7180
205,0,2014-03-19,0.43388373911755823,-0.900968867902419,1.0,6.123233995736766e-17,0.9741004551724205,0.22611568550828828,7180.0,5026.0,7138.0,5326.857142857143,5171.0,2806.4884600137707,5509.533333333334,5615.0,2677.073398621936,110.0,1,0,1,0,0,0,1,0,0,6964
205,0,2014-03-20,-0.433883739117558,-0.9009688679024191,1.0,6.123233995736766e-17,0.9778483415056568,0.20931464596304847,6964.0,4574.0,8087.0,5641.0,6773.0,2831.1364031662843,5473.533333333334,5615.0,2651.6134936186,110.0,1,0,1,0,0,0,1,0,0,6773
205,0,2014-03-21,-0.9749279121818236,-0.2225209339563146,1.0,6.123233995736766e-17,0.9813064702716093,0.19245158197082998,6773.0,4649.0,7204.0,5863.0,6773.0,2801.154285885254,5446.333333333333,5615.0,2639.370540597648,110.0,1,0,1,0,0,0,1,0,0,6203
205,0,2014-03-22,-0.7818314824680299,0.6234898018587334,1.0,6.123233995736766e-17,0.9844738167520922,0.1755314904214282,6203.0,5171.0,5271.0,5878.285714285715,6773.0,2797.037642118634,5408.366666666667,5353.5,2633.1109630393794,110.0,0,0,1,0,0,0,1,0,0,5278
205,0,2014-03-23,-2.4492935982947064e-16,1.0,1.0,6.123233995736766e-17,0.9873494423939864,0.15855938510313478,5278.0,0.0,0.0,5878.285714285715,6773.0,2797.037642118634,5199.133333333333,5274.5,2805.459428025801,110.0,0,0,1,0,0,0,1,0,0,0
205,0,2014-03-24,0.7818314824680298,0.6234898018587336,1.0,6.123233995736766e-17,0.989932495087353,0.141540295217043,0.0,8750.0,5429.0,5434.857142857143,6203.0,2495.707276409595,5193.966666666666,5274.5,2804.455328313459,110.0,0,0,1,0,0,0,1,0,0,5646
205,0,2014-03-25,0.9749279121818236,-0.22252093395631434,1.0,6.123233995736766e-17,0.9922222094179323,0.12447926388678915,5646.0,7180.0,4859.0,5110.142857142857,5646.0,2375.7933010941415,5357.533333333334,5274.5,2628.6653193055113,110.0,0,0,1,0,0,0,1,0,0,4907
205,0,2014-03-26,0.43388373911755823,-0.900968867902419,1.0,6.123233995736766e-17,0.994217906893952,0.10738134666416309,4907.0,6964.0,5026.0,4796.714285714285,5278.0,2230.7551572121392,5342.533333333334,5274.5,2630.7602773307976,110.0,0,0,1,0,0,0,1,0,0,4770
205,0,2014-03-27,-0.433883739117558,-0.9009688679024191,1.0,6.123233995736766e-17,0.995918996147179,0.09025161003104117,4770.0,6773.0,4574.0,4603.428571428572,5278.0,2084.821163964494,5371.9,5349.0,2626.3948852187964,110.0,0,0,1,0,0,0,1,0,0,5420
205,0,2014-03-28,-0.9749279121818236,-0.2225209339563146,1.0,6.123233995736766e-17,0.9973249731081555,0.07309512989807777,5420.0,6203.0,4649.0,4464.428571428572,5230.0,1990.7114186594029,5399.166666666667,5349.0,2620.3249085632087,110.0,0,0,1,0,0,0,1,0,0,5230
205,0,2014-03-29,-0.7818314824680299,0.6234898018587334,1.0,6.123233995736766e-17,0.9984354211555643,0.055916990100603484,5230.0,5278.0,5171.0,4473.857142857143,5230.0,1995.3578149103457,5408.733333333334,5382.0,2619.556397472716,110.0,0,0,1,0,0,0,1,0,0,5344
205,0,2014-03-30,-2.4492935982947064e-16,1.0,1.0,6.123233995736766e-17,0.9992500112396835,0.03872228089217446,5344.0,0.0,0.0,4473.857142857143,5230.0,1995.3578149103457,5204.9,5311.0,2794.7570291036286,110.0,0,0,1,0,0,0,1,0,0,0
205,0,2014-03-31,0.7818314824680298,0.6234898018587336,1.0,6.123233995736766e-17,0.9997685019798909,0.021516097436222254,0.0,5646.0,8750.0,5219.714285714285,5230.0,3148.887460373144,5359.9,5311.0,2975.901015108557,110.0,1,0,1,0,0,0,1,0,0,10867
205,0,2014-04-01,0.9749279121818236,-0.22252093395631434,0.8660254037844387,-0.49999999999999983,0.9999907397361901,0.004303538296244289,10867.0,4907.0,7180.0,5778.285714285715,5344.0,3419.347243470392,5653.8,5382.0,2861.4881274344443,110.0,1,0,1,0,0,0,1,0,0,8817
205,0,2014-04-02,0.43388373911755823,-0.900968867902419,0.8660254037844387,-0.49999999999999983,0.9999166586547379,-0.01291029607500882,8817.0,4770.0,6964.0,6151.428571428572,5420.0,3433.468210480615,5524.9,5382.0,2682.235754893218,110.0,1,0,1,0,0,0,1,0,0,7382
205,0,2014-04-03,-0.433883739117558,-0.9009688679024191,0.8660254037844387,-0.49999999999999983,0.9995462806873573,-0.030120304846908114,7382.0,5420.0,6773.0,6457.571428571428,7382.0,3452.866097275464,5483.4,5382.0,2638.969947954486,110.0,1,0,1,0,0,0,1,0,0,7563
205,0,2014-04-04,-0.9749279121818236,-0.2225209339563146,0.8660254037844387,-0.49999999999999983,0.9988797155850336,-0.04732138832243185,7563.0,5230.0,6203.0,6848.0,7563.0,3445.432919097398,5510.9,5382.0,2661.01313801523,110.0,1,0,1,0,0,0,1,0,0,7963
205,0,2014-04-05,-0.7818314824680299,0.6234898018587334,0.8660254037844387,-0.49999999999999983,0.9979171608653922,-0.06450844944931623,7963.0,5344.0,5278.0,6861.571428571428,7563.0,3438.701879931966,5422.633333333333,5382.0,2616.155938663119,110.0,0,0,1,0,0,0,1,0,0,5439
205,0,2014-04-06,-2.4492935982947064e-16,1.0,0.8660254037844387,-0.49999999999999983,0.9966589017541702,-0.08167639533042241,5439.0,0.0,0.0,6861.571428571428,7563.0,3438.701879931966,5182.5,5311.0,2772.9335238310728,110.0,0,0,1,0,0,0,1,0,0,0
205,0,2014-04-07,0.7818314824680298,0.6234898018587336,0.8660254037844387,-0.49999999999999983,0.9951053111006976,-0.09882013873287143,0.0,10867.0,5646.0,6092.0,7382.0,2962.7583994199294,5189.466666666666,5382.0,2773.4260368016303,110.0,0,0,1,0,0,0,1,0,0,5480
205,0,2014-04-08,0.9749279121818236,-0.22252093395631434,0.8660254037844387,-0.49999999999999983,0.9932568492674143,-0.11593459959550041,5480.0,8817.0,4907.0,5489.571428571428,5480.0,2736.4095001262067,5342.8,5382.0,2598.251672129577,110.0,0,0,1,0,0,0,1,0,0,4600
205,0,2014-04-09,0.43388373911755823,-0.900968867902419,0.8660254037844387,-0.49999999999999983,0.9911140639934547,-0.1330147065341959,4600.0,7382.0,4770.0,5096.571428571428,5439.0,2614.1390461069495,5316.2,5311.0,2601.42164581414,110.0,0,0,1,0,0,0,1,0,0,4631
205,0,2014-04-10,-0.433883739117558,-0.9009688679024191,0.8660254037844387,-0.49999999999999983,0.9886775902323405,-0.1500553983446526,4631.0,7563.0,5420.0,4713.0,4878.0,2378.2679972338406,5316.833333333333,5311.0,2601.308809616519,110.0,0,0,1,0,0,0,1,0,0,4878
205,0,2014-04-11,-0.9749279121818236,-0.2225209339563146,0.8660254037844387,-0.49999999999999983,0.9859481499638304,-0.16705162550211924,4878.0,7963.0,5230.0,4393.0,4878.0,1986.5276237696755,5340.066666666667,5382.0,2601.7342483141088,110.0,0,0,1,0,0,0,1,0,0,5723
205,0,2014-04-12,-0.7818314824680299,0.6234898018587334,0.8660254037844387,-0.49999999999999983,0.9829265519799822,-0.18399835165768005,5723.0,5439.0,5344.0,4415.428571428572,4878.0,2001.1381642407769,5374.133333333333,5429.5,2598.0459465201707,110.0,0,0,1,0,0,0,1,0,0,5596
205,0,2014-04-13,-2.4492935982947064e-16,1.0,0.8660254037844387,-0.49999999999999983,0.9796136916454901,-0.20089055513063506,5596.0,0.0,0.0,4415.428571428572,4878.0,2001.1381642407769,5219.166666666667,5429.5,2775.3874545707145,110.0,0,0,1,0,0,0,1,0,0,0
205,0,2014-04-14,0.7818314824680298,0.6234898018587336,0.8660254037844387,-0.49999999999999983,0.9760105506323683,-0.21772323039653177,0.0,5480.0,10867.0,4980.428571428572,4878.0,2764.523277597957,5361.3,5459.5,2880.0464813059466,110.0,1,0,1,0,0,0,1,0,0,9435
205,0,2014-04-15,0.9749279121818236,-0.22252093395631434,0.8660254037844387,-0.49999999999999983,0.9721181966290613,-0.23449138957040985,9435.0,4600.0,8817.0,5538.285714285715,5596.0,3053.8221796237426,5644.8,5538.0,2749.7555301993802,110.0,1,0,1,0,0,0,1,0,0,8505
205,0,2014-04-16,0.43388373911755823,-0.900968867902419,0.8660254037844387,-0.49999999999999983,0.9679377830240642,-0.25119006388481935,8505.0,4631.0,7382.0,6165.714285714285,5723.0,3279.2117810171867,5653.9,5538.0,2760.815675946464,110.0,1,0,1,0,0,0,1,0,0,9023
205,0,2014-04-17,-0.433883739117558,-0.9009688679024191,0.8660254037844387,-0.49999999999999983,0.9634705485641488,-0.2678143051621742,9023.0,4878.0,7563.0,6780.714285714285,8505.0,3398.9608566092543,5720.666666666667,5538.0,2822.5253101499,110.0,1,0,1,0,0,0,1,0,0,9183
205,0,2014-04-18,-0.9749279121818236,-0.2225209339563146,0.8660254037844387,-0.49999999999999983,0.9587178169872964,-0.2843591872810034,9183.0,5723.0,7963.0,5963.142857142857,8505.0,4271.96236830224,5488.533333333334,5459.5,2997.679547794323,110.0,1,0,1,0,0,0,1,0,0,0
205,0,2014-04-19,-0.7818314824680299,0.6234898018587334,0.8660254037844387,-0.49999999999999983,0.9536809966304457,-0.30081980763566735,0.0,5596.0,5439.0,6088.714285714285,8505.0,4272.290592265689,5478.6,5459.5,2993.76765965564,110.0,0,0,1,0,0,0,1,0,0,6475
205,0,2014-04-20,-2.4492935982947064e-16,1.0,0.8660254037844387,-0.49999999999999983,0.9483615800121715,-0.3171912885891061,6475.0,0.0,0.0,6088.714285714285,8505.0,4272.290592265689,5271.833333333333,5429.5,3152.0350742330593,110.0,0,0,1,0,0,0,1,0,0,0
205,0,2014-04-21,0.7818314824680298,0.6234898018587336,0.8660254037844387,-0.49999999999999983,0.9427611433904207,-0.3334687789181868,0.0,9435.0,5480.0,4740.857142857143,6475.0,4521.662357605936,5095.9,5429.5,3295.7027438563196,110.0,0,0,1,0,0,0,1,0,0,0
205,0,2014-04-22,0.9749279121818236,-0.22252093395631434,0.8660254037844387,-0.49999999999999983,0.9368813462954315,-0.3496474552512284,0.0,8505.0,4600.0,4409.142857142857,6183.0,4278.109918666241,5302.0,5459.5,3156.4237401822675,110.0,0,0,1,0,0,0,1,0,0,6183
205,0,2014-04-23,0.43388373911755823,-0.900968867902419,0.8660254037844387,-0.49999999999999983,0.9307239310379795,-0.36572252349726897,6183.0,9023.0,4631.0,3843.8571428571427,5066.0,3801.7604443455493,5282.666666666667,5429.5,3156.0203042628777,110.0,0,0,1,0,0,0,1,0,0,5066
205,0,2014-04-24,-0.433883739117558,-0.9009688679024191,0.8660254037844387,-0.49999999999999983,0.9242907221930934,-0.3816892202666588,5066.0,9183.0,4878.0,3281.8571428571427,5066.0,3108.5196599330793,5294.066666666667,5429.5,3155.234129061647,110.0,0,0,1,0,0,0,1,0,0,5249
205,0,2014-04-25,-0.9749279121818236,-0.2225209339563146,0.8660254037844387,-0.49999999999999983,0.9175836260593937,-0.39754281428255595,5249.0,0.0,5723.0,3993.8571428571427,5066.0,2785.5419238496133,5301.2,5429.5,3154.2502185748226,110.0,0,0,1,0,0,0,1,0,0,4984
205,0,2014-04-26,-0.7818314824680299,0.6234898018587334,0.8660254037844387,-0.49999999999999983,0.9106046300942163,-0.4132786077829042,4984.0,6475.0,5596.0,3735.8571428571427,4984.0,2594.521884572147,5276.166666666667,5391.5,3156.254339248185,110.0,0,0,1,0,0,0,1,0,0,4669
205,0,2014-04-27,-2.4492935982947064e-16,1.0,0.8660254037844387,-0.49999999999999983,0.9033558023246845,-0.4288919379124835,4669.0,0.0,0.0,3735.8571428571427,4984.0,2594.521884572147,5101.833333333333,5391.5,3300.0540338662317,110.0,0,0,1,0,0,0,1,0,0,0
205,0,2014-04-28,0.7818314824680298,0.6234898018587336,0.8660254037844387,-0.49999999999999983,0.895839290734909,-0.4443781781046132,0.0,0.0,9435.0,5314.714285714285,5066.0,3227.7198202593795,5292.1,5459.5,3474.439367824637,110.0,1,0,1,0,0,0,1,0,0,11052
205,0,2014-04-29,0.9749279121818236,-0.22252093395631434,0.8660254037844387,-0.49999999999999983,0.8880573226294932,-0.45973273945210397,11052.0,6183.0,8505.0,5610.285714285715,5066.0,3410.064550429397,5567.166666666667,5538.0,3365.9807924886186,110.0,1,0,1,0,0,0,1,0,0,8252
205,0,2014-04-30,0.43388373911755823,-0.900968867902419,0.8660254037844387,-0.49999999999999983,0.8800122039735357,-0.47495107206704995,8252.0,5066.0,9023.0,6380.571428571428,5249.0,3847.5522026843196,5553.533333333334,5538.0,3344.5344785427055,110.0,1,0,1,0,0,0,1,0,0,10458
205,0,2014-05-01,-0.433883739117558,-0.9009688679024191,0.49999999999999994,-0.8660254037844387,0.8717063187093218,-0.49002866642905923,10458.0,5249.0,9183.0,5630.714285714285,4984.0,4551.871143251082,5259.633333333333,5459.5,3434.066740493103,110.0,1,0,1,0,0,0,1,0,0,0
205,0,2014-05-02,-0.9749279121818236,-0.2225209339563146,0.49999999999999994,-0.8660254037844387,0.8631421280499114,-0.5049610547215204,0.0,4984.0,0.0,6105.142857142857,8252.0,4645.341265848019,5290.4,5459.5,3457.789991828048,110.0,1,0,1,0,0,0,1,0,0,8305
205,0,2014-05-03,-0.7818314824680299,0.6234898018587334,0.49999999999999994,-0.8660254037844387,0.854322169749827,-0.5197438121555155,8305.0,4669.0,6475.0,6252.571428571428,8252.0,4608.395449508172,5228.333333333333,5459.5,3432.2072453033265,110.0,0,0,1,0,0,0,1,0,0,5701
205,0,2014-05-04,-2.4492935982947064e-16,1.0,0.49999999999999994,-0.8660254037844387,0.8452490573530633,-0.5343725582809787,5701.0,0.0,0.0,6252.571428571428,8252.0,4608.395449508172,4962.9,5344.0,3520.2114586758994,110.0,0,0,1,0,0,0,1,0,0,0
205,0,2014-05-05,0.7818314824680298,0.6234898018587336,0.49999999999999994,-0.8660254037844387,0.835925479418637,-0.548842958284719,0.0,11052.0,0.0,6152.285714285715,8252.0,4492.732231589361,5126.6,5364.5,3654.7324879696316,110.0,1,0,1,0,0,0,1,0,0,10350
205,0,2014-05-06,0.9749279121818236,-0.22252093395631434,0.49999999999999994,-0.8660254037844387,0.8263541987239096,-0.5631507242749186,10350.0,8252.0,6183.0,6217.428571428572,8305.0,4531.391024734859,5416.866666666667,5538.0,3578.5364638338547,110.0,1,0,1,0,0,0,1,0,0,8708
205,0,2014-05-07,0.43388373911755823,-0.900968867902419,0.49999999999999994,-0.8660254037844387,0.8165380514459161,-0.5772916165517272,8708.0,10458.0,5066.0,5793.285714285715,7489.0,4194.762516690138,5483.833333333333,5648.5,3598.5005889266927,110.0,1,0,1,0,0,0,1,0,0,7489
205,0,2014-05-08,-0.433883739117558,-0.9009688679024191,0.49999999999999994,-0.8660254037844387,0.8064799463209448,-0.5912614448635781,7489.0,0.0,5249.0,6758.428571428572,7489.0,3327.1697109877487,5555.7,5712.0,3601.7681974657767,110.0,1,0,1,0,0,0,1,0,0,6756
205,0,2014-05-09,-0.9749279121818236,-0.2225209339563146,0.49999999999999994,-0.8660254037844387,0.7961828637826158,-0.6050560696488488,6756.0,8305.0,4984.0,6502.0,6756.0,3256.529185088527,5618.333333333333,5953.0,3601.4710627869777,110.0,1,0,1,0,0,0,1,0,0,6510
205,0,2014-05-10,-0.7818314824680299,0.6234898018587334,0.49999999999999994,-0.8660254037844387,0.7856498550787145,-0.6186714032625031,6510.0,5701.0,4669.0,6438.857142857143,6756.0,3278.8573430679303,5631.033333333334,5953.0,3599.441570513437,110.0,0,0,1,0,0,0,1,0,0,5259
205,0,2014-05-11,-2.4492935982947064e-16,1.0,0.49999999999999994,-0.8660254037844387,0.7748840413670407,-0.6321034111873487,5259.0,0.0,0.0,6438.857142857143,6756.0,3278.8573430679303,5440.266666666666,5942.0,3743.1856701103598,110.0,0,0,1,0,0,0,1,0,0,0
205,0,2014-05-12,0.7818314824680298,0.6234898018587336,0.49999999999999994,-0.8660254037844387,0.7638886127905428,-0.6453481132295501,0.0,10350.0,11052.0,5731.428571428572,6510.0,2792.5075862112926,5433.666666666667,5942.0,3743.076167459367,110.0,0,0,1,0,0,0,1,0,0,5398
205,0,2014-05-13,0.9749279121818236,-0.22252093395631434,0.49999999999999994,-0.8660254037844387,0.7526668275320084,-0.6584015846980488,5398.0,8708.0,8252.0,5228.714285714285,5398.0,2464.8796937704487,5606.633333333333,5942.0,3600.505524691406,110.0,0,0,1,0,0,0,1,0,0,5189
205,0,2014-05-14,0.43388373911755823,-0.900968867902419,0.49999999999999994,-0.8660254037844387,0.741222010848596,-0.6712599575675313,5189.0,7489.0,10458.0,4883.571428571428,5259.0,2255.9285491893597,5461.233333333334,5549.5,3527.9167407813156,110.0,0,0,1,0,0,0,1,0,0,5073
205,0,2014-05-15,-0.433883739117558,-0.9009688679024191,0.49999999999999994,-0.8660254037844387,0.7295575540864875,-0.6839194216246106,5073.0,6756.0,0.0,4674.571428571428,5259.0,2117.040296982466,5354.166666666667,5345.5,3480.782651619618,110.0,0,0,1,0,0,0,1,0,0,5293
205,0,2014-05-16,-0.9749279121818236,-0.2225209339563146,0.49999999999999994,-0.8660254037844387,0.717676913675962,-0.6963762255968722,5293.0,6510.0,8305.0,4446.0,5189.0,1966.8956928791754,5217.066666666667,5276.0,3411.6061636847767,110.0,0,0,1,0,0,0,1,0,0,4910
205,0,2014-05-17,-0.7818314824680299,0.6234898018587334,0.49999999999999994,-0.8660254037844387,0.705583610107178,-0.7086266782644596,4910.0,5259.0,5701.0,4442.142857142857,5189.0,1965.0612737326524,5085.366666666667,5254.0,3328.476357272129,110.0,0,0,1,0,0,0,1,0,0,5232
205,0,2014-05-18,-2.4492935982947064e-16,1.0,0.49999999999999994,-0.8660254037844387,0.6932812268869777,-0.7206671495538609,5232.0,0.0,0.0,4442.142857142857,5189.0,1965.0612737326524,5085.366666666667,5254.0,3328.476357272129,110.0,0,0,1,0,0,0,1,0,0,0
205,0,2014-05-19,0.7818314824680298,0.6234898018587336,0.49999999999999994,-0.8660254037844387,0.6807734094770161,-0.7324940716135789,0.0,5398.0,10350.0,5097.0,5189.0,2885.1136314999208,5202.266666666666,5254.0,3438.724000850169,110.0,1,0,1,0,0,0,1,0,0,9982
205,0,2014-05-20,0.9749279121818236,-0.22252093395631434,0.49999999999999994,-0.8660254037844387,0.6680638642135335,-0.7441039398713607,9982.0,5189.0,8708.0,5465.0,5232.0,3057.9153029474182,5461.1,5276.0,3323.967522871343,110.0,1,0,1,0,0,0,1,0,0,7765
205,0,2014-05-21,0.43388373911755823,-0.900968867902419,0.49999999999999994,-0.8660254037844387,0.6551563572090853,-0.7554933140726803,7765.0,5073.0,7489.0,5710.142857142857,5293.0,3089.868466918478,5687.4,5345.5,3166.7311395735564,110.0,1,0,1,0,0,0,1,0,0,6789
205,0,2014-05-22,-0.433883739117558,-0.9009688679024191,0.49999999999999994,-0.8660254037844387,0.6420547132365637,-0.766658819300159,6789.0,5293.0,6756.0,5809.857142857143,5991.0,3085.422576599595,5681.0,5345.5,3165.8888929901864,110.0,1,0,1,0,0,0,1,0,0,5991
205,0,2014-05-23,-0.9749279121818236,-0.2225209339563146,0.49999999999999994,-0.8660254037844387,0.6287628145958344,-0.777597146973627,5991.0,4910.0,6510.0,5977.285714285715,6082.0,3060.14943612703,5714.866666666667,5549.5,3164.5171199250694,110.0,1,0,1,0,0,0,1,0,0,6082
205,0,2014-05-24,-0.7818314824680299,0.6234898018587334,0.49999999999999994,-0.8660254037844387,0.6152845999633276,-0.7883050558305255,6082.0,5232.0,5259.0,5957.428571428572,6082.0,3066.236501921255,5709.666666666667,5549.5,3165.437076464714,110.0,0,0,1,0,0,0,1,0,0,5093
205,0,2014-05-25,-2.4492935982947064e-16,1.0,0.49999999999999994,-0.8660254037844387,0.6016240632249226,-0.7987793728863649,5093.0,0.0,0.0,5957.428571428572,6082.0,3066.236501921255,5543.533333333334,5549.5,3331.280469701718,110.0,0,0,1,0,0,0,1,0,0,0
205,0,2014-05-26,0.7818314824680298,0.6234898018587336,0.49999999999999994,-0.8660254037844387,0.5877852522924732,-0.8090169943749473,0.0,9982.0,5398.0,5331.714285714285,5991.0,2503.3099231674387,5574.633333333333,5651.5,3327.187125976592,110.0,0,0,1,0,0,0,1,0,0,5602
205,0,2014-05-27,0.9749279121818236,-0.22252093395631434,0.49999999999999994,-0.8660254037844387,0.5737722679043246,-0.8190148866680801,5602.0,7765.0,5189.0,4920.285714285715,5602.0,2261.7516599813875,5737.466666666666,5651.5,3160.3069878528054,110.0,0,0,1,0,0,0,1,0,0,4885
205,0,2014-05-28,0.43388373911755823,-0.900968867902419,0.49999999999999994,-0.8660254037844387,0.5595892624101765,-0.8287700871745037,4885.0,6789.0,5073.0,4763.285714285715,5602.0,2145.5748036587365,5558.733333333334,5646.0,2996.7700305649014,110.0,0,0,1,0,0,0,1,0,0,5690
205,0,2014-05-29,-0.433883739117558,-0.9009688679024191,0.49999999999999994,-0.8660254037844387,0.545240438540651,-0.8382797052177743,5690.0,5991.0,5293.0,3907.4285714285716,5093.0,2697.9966553687436,5283.666666666667,5500.0,3117.327926654309,110.0,0,0,1,0,0,0,1,0,0,0
205,0,2014-05-30,-0.9749279121818236,-0.2225209339563146,0.49999999999999994,-0.8660254037844387,0.5307300481619334,-0.8475409228928311,0.0,6082.0,4910.0,4154.0,5093.0,2992.636240284917,5195.333333333333,5500.0,3001.026943005291,110.0,0,0,1,0,0,0,1,0,0,7808
205,0,2014-05-31,-0.7818314824680299,0.6234898018587334,0.49999999999999994,-0.8660254037844387,0.5160623910158528,-0.8565509959010036,7808.0,5093.0,5232.0,4338.0,5602.0,3097.7423499488536,5408.033333333334,5646.0,2842.0233016508573,110.0,0,0,1,0,0,0,1,0,0,6381
205,0,2014-06-01,-2.4492935982947064e-16,1.0,1.2246467991473532e-16,-1.0,0.5012418134457758,-0.865307254363206,6381.0,0.0,0.0,4338.0,5602.0,3097.7423499488536,5131.2,5500.0,2952.4455368856284,110.0,0,0,1,0,0,0,1,0,0,0
205,0,2014-06-02,0.7818314824680298,0.6234898018587336,1.2246467991473532e-16,-1.0,0.48627270710869,-0.8738071036110808,0.0,5602.0,9982.0,5190.857142857143,5690.0,4147.64087277621,5326.9,5500.0,3177.514658258602,110.0,1,0,1,0,0,0,1,0,0,11572
205,0,2014-06-03,0.9749279121818236,-0.22252093395631434,1.2246467991473532e-16,-1.0,0.4711595076738638,-0.8820480249558537,11572.0,4885.0,7765.0,5685.0,6381.0,4308.075169570126,5605.033333333334,5646.0,3058.1021101480505,110.0,1,0,1,0,0,0,1,0,0,8344
205,0,2014-06-04,0.43388373911755823,-0.900968867902419,1.2246467991473532e-16,-1.0,0.4559066935084588,-0.8900275764346767,8344.0,5690.0,6789.0,5927.0,7384.0,4355.718425242844,5506.166666666667,5646.0,2945.27349099903,110.0,1,0,1,0,0,0,1,0,0,7384
205,0,2014-06-05,-0.433883739117558,-0.9009688679024191,1.2246467991473532e-16,-1.0,0.440518784350495,-0.8977433935342337,7384.0,0.0,5991.0,6963.285714285715,7384.0,3486.834319469251,5457.7,5646.0,2902.4196582186037,110.0,1,0,1,0,0,0,1,0,0,7254
205,0,2014-06-06,-0.9749279121818236,-0.2225209339563146,1.2246467991473532e-16,-1.0,0.42500033996955416,-0.9051931898913974,7254.0,7808.0,6082.0,6974.714285714285,7384.0,3490.1939160207985,5471.0,5646.0,2912.9439309447052,110.0,1,0,1,0,0,0,1,0,0,7888
205,0,2014-06-07,-0.7818314824680299,0.6234898018587334,1.2246467991473532e-16,-1.0,0.4093559588156213,-0.9123747579707273,7888.0,6381.0,5093.0,7003.285714285715,7384.0,3485.3388507807854,5465.166666666667,5646.0,2910.4560737917463,110.0,0,0,1,0,0,0,1,0,0,6581
205,0,2014-06-08,-2.4492935982947064e-16,1.0,1.2246467991473532e-16,-1.0,0.39359027665646673,-0.9192859697186104,6581.0,0.0,0.0,7003.285714285715,7384.0,3485.3388507807854,5248.166666666667,5500.0,3068.2780870612482,110.0,0,0,1,0,0,0,1,0,0,0
205,0,2014-06-09,0.7818314824680298,0.6234898018587336,1.2246467991473532e-16,-1.0,0.3777079652039649,-0.9259247771938498,0.0,11572.0,5602.0,5350.142857142857,7254.0,3695.226940643448,5072.866666666667,5500.0,3214.3901414746156,110.0,0,0,1,0,0,0,1,0,0,0
205,0,2014-06-10,0.9749279121818236,-0.22252093395631434,1.2246467991473532e-16,-1.0,0.36171373072976765,-0.9322892131745133,0.0,8344.0,4885.0,4993.714285714285,6581.0,3471.9015305874136,5267.833333333333,5646.0,3070.2401465473786,110.0,0,0,1,0,0,0,1,0,0,5849
205,0,2014-06-11,0.43388373911755823,-0.900968867902419,1.2246467991473532e-16,-1.0,0.3456123126707335,-0.9383773917408641,5849.0,7384.0,5690.0,4635.0,5849.0,3309.70733852204,5250.333333333333,5646.0,3070.9687602508734,110.0,0,0,1,0,0,0,1,0,0,4873
205,0,2014-06-12,-0.433883739117558,-0.9009688679024191,1.2246467991473532e-16,-1.0,0.3294084822245304,-0.9441875088341993,4873.0,7254.0,0.0,4498.428571428572,5849.0,3201.583507013511,5287.3,5769.5,3076.8740983734424,110.0,0,0,1,0,0,0,1,0,0,6298
205,0,2014-06-13,-0.9749279121818236,-0.2225209339563146,1.2246467991473532e-16,-1.0,0.3131070409358269,-0.9497178427914316,6298.0,7888.0,7808.0,4220.285714285715,5849.0,2931.185636921553,5316.233333333334,5895.0,3078.869907806338,110.0,0,0,1,0,0,0,1,0,0,5941
205,0,2014-06-14,-0.7818314824680299,0.6234898018587334,1.2246467991473532e-16,-1.0,0.29671281927349075,-0.9549667548552551,5941.0,6581.0,6381.0,4093.1428571428573,5691.0,2829.250986190005,5329.5,5895.0,3079.6237314948416,110.0,0,0,1,0,0,0,1,0,0,5691
205,0,2014-06-15,-2.4492935982947064e-16,1.0,1.2246467991473532e-16,-1.0,0.28023067519921585,-0.9599326896597447,5691.0,0.0,0.0,4093.1428571428573,5691.0,2829.250986190005,5165.833333333333,5895.0,3229.5103406290386,110.0,0,0,1,0,0,0,1,0,0,0
205,0,2014-06-16,0.7818314824680298,0.6234898018587336,1.2246467991473532e-16,-1.0,0.26366549272800704,-0.9646141756912435,0.0,0.0,11572.0,5518.428571428572,5849.0,2934.6733979066476,5324.0,5966.0,3346.92251849779,110.0,1,0,1,0,0,0,1,0,0,9977
205,0,2014-06-17,0.9749279121818236,-0.22252093395631434,1.2246467991473532e-16,-1.0,0.24702218048093552,-0.9690098257244062,9977.0,5849.0,8344.0,5905.142857142857,5941.0,3155.5394376963736,5609.2,6036.5,3240.45280360844,110.0,1,0,1,0,0,0,1,0,0,8556
205,0,2014-06-18,0.43388373911755823,-0.900968867902419,1.2246467991473532e-16,-1.0,0.23030567023061221,-0.9731183372332619,8556.0,4873.0,7384.0,6279.857142857143,6298.0,3168.259429012059,5526.333333333333,6036.5,3155.4447998748888,110.0,1,0,1,0,0,0,1,0,0,7496
205,0,2014-06-19,-0.433883739117558,-0.9009688679024191,1.2246467991473532e-16,-1.0,0.21352091543979612,-0.9769384927771817,7496.0,6298.0,7254.0,6399.857142857143,7138.0,3184.9250869563352,5505.433333333333,6036.5,3142.1542213224857,110.0,1,0,1,0,0,0,1,0,0,7138
205,0,2014-06-20,-0.9749279121818236,-0.2225209339563146,1.2246467991473532e-16,-1.0,0.19667288979357647,-0.980469160361632,7138.0,5941.0,7888.0,6626.571428571428,7496.0,3203.249592582659,5530.066666666667,6036.5,3155.4325888835765,110.0,1,0,1,0,0,0,1,0,0,7528
205,0,2014-06-21,-0.7818314824680299,0.6234898018587334,1.2246467991473532e-16,-1.0,0.1797665857255624,-0.9837092937736097,7528.0,5691.0,6581.0,6535.857142857143,7496.0,3242.9062289131675,5498.9,6011.5,3155.34045761282,110.0,0,0,1,0,0,0,1,0,0,5056
205,0,2014-06-22,-2.4492935982947064e-16,1.0,1.2246467991473532e-16,-1.0,0.16280701293851715,-0.986657932891657,5056.0,0.0,0.0,6535.857142857143,7496.0,3242.9062289131675,5296.166666666667,5895.0,3308.264990463497,110.0,0,0,1,0,0,0,1,0,0,0
205,0,2014-06-23,0.7818314824680298,0.6234898018587336,1.2246467991473532e-16,-1.0,0.1457991969198751,-0.9893142039703663,0.0,9977.0,0.0,5943.142857142857,7138.0,2866.445849745606,5320.666666666667,5895.0,3309.429905414311,110.0,0,0,1,0,0,0,1,0,0,5828
205,0,2014-06-24,0.9749279121818236,-0.22252093395631434,1.2246467991473532e-16,-1.0,0.12874817745258132,-0.99167731989929,5828.0,8556.0,5849.0,5438.285714285715,5828.0,2631.1083668475594,5488.066666666667,5895.0,3154.3975208493034,110.0,0,0,1,0,0,0,1,0,0,5022
205,0,2014-06-25,0.43388373911755823,-0.900968867902419,1.2246467991473532e-16,-1.0,0.11165900712169512,-0.993746580436178,5022.0,7496.0,4873.0,5019.428571428572,5056.0,2477.851411817828,5453.466666666666,5895.0,3158.7944637737696,110.0,0,0,1,0,0,0,1,0,0,4564
205,0,2014-06-26,-0.433883739117558,-0.9009688679024191,1.2246467991473532e-16,-1.0,0.09453674981719912,-0.9955213724144752,4564.0,7138.0,6298.0,4698.0,5022.0,2296.5263624294216,5453.566666666667,5895.0,3158.775894325952,110.0,0,0,1,0,0,0,1,0,0,4888
205,0,2014-06-27,-0.9749279121818236,-0.2225209339563146,1.2246467991473532e-16,-1.0,0.07738647923346301,-0.9970011699250151,4888.0,7528.0,5941.0,4387.571428571428,5022.0,1974.5205204591462,5442.4,5895.0,3158.5033732166085,110.0,0,0,1,0,0,0,1,0,0,5355
205,0,2014-06-28,-0.7818314824680299,0.6234898018587334,1.2246467991473532e-16,-1.0,0.06021327736579302,-0.9981855344718586,5355.0,5056.0,5691.0,4481.285714285715,5022.0,2026.418245269687,5632.8,5895.0,2986.5997549976005,110.0,0,0,1,0,0,0,1,0,0,5712
205,0,2014-06-29,-2.4492935982947064e-16,1.0,1.2246467991473532e-16,-1.0,0.04302223300453059,-0.99907411510223,5712.0,0.0,0.0,4481.285714285715,5022.0,2026.418245269687,5372.533333333334,5838.5,3127.400283515581,110.0,0,0,1,0,0,0,1,0,0,0
205,0,2014-06-30,0.7818314824680298,0.6234898018587336,1.2246467991473532e-16,-1.0,0.02581844022713308,-0.9996666485105112,0.0,5828.0,9977.0,5369.0,5022.0,3523.0841129139476,5561.233333333334,5838.5,3352.9960527690846,110.0,1,0,1,0,0,0,1,0,0,12042
205,0,2014-07-01,0.9749279121818236,-0.22252093395631434,-0.4999999999999998,-0.8660254037844388,0.008606996888688698,-0.9999629591162655,12042.0,5022.0,8556.0,6011.428571428572,5355.0,3844.6027041010307,5878.533333333334,5895.0,3257.6229723350525,110.0,1,0,1,0,0,0,1,0,0,9519
205,0,2014-07-02,0.43388373911755823,-0.900968867902419,-0.4999999999999998,-0.8660254037844388,-0.008606996888688009,-0.9999629591162655,9519.0,4564.0,7496.0,6714.0,5712.0,3982.8881899111047,5808.866666666667,5895.0,3152.31125643888,110.0,1,0,1,0,0,0,1,0,0,9482
205,0,2014-07-03,-0.433883739117558,-0.9009688679024191,-0.4999999999999998,-0.8660254037844388,-0.02581844022713239,-0.9996666485105112,9482.0,4888.0,7138.0,7056.857142857143,7288.0,3901.980968199423,5773.666666666667,5895.0,3128.8352171522165,110.0,1,0,1,0,0,0,1,0,0,7288
205,0,2014-07-04,-0.9749279121818236,-0.2225209339563146,-0.4999999999999998,-0.8660254037844388,-0.04302223300453034,-0.99907411510223,7288.0,5355.0,7528.0,7226.571428571428,7288.0,3840.9817259455494,5745.633333333333,5895.0,3117.657215938269,110.0,1,0,1,0,0,0,1,0,0,6543
205,0,2014-07-05,-0.7818314824680299,0.6234898018587334,-0.4999999999999998,-0.8660254037844388,-0.060213277365792774,-0.9981855344718586,6543.0,5712.0,5056.0,7259.857142857143,7288.0,3826.6518624236655,5702.0,5895.0,3104.9530508972057,110.0,0,0,1,0,0,0,1,0,0,5945
205,0,2014-07-06,-2.4492935982947064e-16,1.0,-0.4999999999999998,-0.8660254037844388,-0.07738647923346322,-0.9970011699250151,5945.0,0.0,0.0,7259.857142857143,7288.0,3826.6518624236655,5439.066666666667,5838.5,3244.313113990263,110.0,0,0,1,0,0,0,1,0,0,0
205,0,2014-07-07,0.7818314824680298,0.6234898018587336,-0.4999999999999998,-0.8660254037844388,-0.09453674981719933,-0.9955213724144752,0.0,12042.0,5828.0,6435.142857142857,6543.0,3194.0418192091915,5428.666666666667,5838.5,3241.0247031512713,110.0,0,0,1,0,0,0,1,0,0,6269
205,0,2014-07-08,0.9749279121818236,-0.22252093395631434,-0.4999999999999998,-0.8660254037844388,-0.11165900712169444,-0.9937465804361781,6269.0,9519.0,5022.0,5803.142857142857,6269.0,2906.9244588609135,5598.5,5838.5,3076.039793361723,110.0,0,0,1,0,0,0,1,0,0,5095
205,0,2014-07-09,0.43388373911755823,-0.900968867902419,-0.4999999999999998,-0.8660254037844388,-0.12874817745258066,-0.99167731989929,5095.0,9482.0,4564.0,5185.142857142857,5945.0,2412.2118085947186,5770.366666666667,5838.5,2890.9195707192926,110.0,0,0,1,0,0,0,1,0,0,5156
205,0,2014-07-10,-0.433883739117558,-0.9009688679024191,-0.4999999999999998,-0.8660254037844388,-0.14579919691987442,-0.9893142039703664,5156.0,7288.0,4888.0,4954.142857142857,5671.0,2249.1893671996136,5764.433333333333,5770.0,2890.9352821789576,110.0,0,0,1,0,0,0,1,0,0,5671
205,0,2014-07-11,-0.9749279121818236,-0.2225209339563146,-0.4999999999999998,-0.8660254037844388,-0.16280701293851646,-0.9866579328916572,5671.0,6543.0,5355.0,4844.0,5671.0,2176.1058491412255,5794.4,5800.0,2886.031526580019,110.0,0,0,1,0,0,0,1,0,0,5772
205,0,2014-07-12,-0.7818314824680299,0.6234898018587334,-0.4999999999999998,-0.8660254037844388,-0.17976658572556214,-0.9837092937736098,5772.0,5945.0,5712.0,4771.857142857143,5440.0,2141.6194362033125,5765.8,5742.0,2885.1200226034944,110.0,0,0,1,0,0,0,1,0,0,5440
205,0,2014-07-13,-2.4492935982947064e-16,1.0,-0.4999999999999998,-0.8660254037844388,-0.19667288979357622,-0.9804691603616321,5440.0,0.0,0.0,4771.857142857143,5440.0,2141.6194362033125,5567.766666666666,5701.5,3070.610673660112,110.0,0,0,1,0,0,0,1,0,0,0
205,0,2014-07-14,0.7818314824680298,0.6234898018587336,-0.4999999999999998,-0.8660254037844388,-0.2135209154397959,-0.9769384927771817,0.0,6269.0,12042.0,5205.142857142857,5440.0,2722.9213740987466,5688.133333333333,5742.0,3145.470281524533,110.0,1,0,1,0,0,0,1,0,0,9302
205,0,2014-07-15,0.9749279121818236,-0.22252093395631434,-0.4999999999999998,-0.8660254037844388,-0.23030567023061196,-0.973118337233262,9302.0,5095.0,9519.0,5561.0,5671.0,2865.1851016411956,5941.0,5800.0,2972.6007769813873,110.0,1,0,1,0,0,0,1,0,0,7586
205,0,2014-07-16,0.43388373911755823,-0.900968867902419,-0.4999999999999998,-0.8660254037844388,-0.24702218048093527,-0.9690098257244063,7586.0,5156.0,9482.0,5779.285714285715,5772.0,2887.307783748599,5831.233333333334,5800.0,2877.712198153648,110.0,1,0,1,0,0,0,1,0,0,6684
205,0,2014-07-17,-0.433883739117558,-0.9009688679024191,-0.4999999999999998,-0.8660254037844388,-0.2636654927280072,-0.9646141756912435,6684.0,5671.0,7288.0,5969.428571428572,6684.0,2922.5987783217233,5779.433333333333,5800.0,2840.7225972827137,110.0,1,0,1,0,0,0,1,0,0,7002
205,0,2014-07-18,-0.9749279121818236,-0.2225209339563146,-0.4999999999999998,-0.8660254037844388,-0.2802306751992161,-0.9599326896597445,7002.0,5772.0,6543.0,6171.571428571428,7002.0,2955.417954488722,5769.133333333333,5800.0,2834.838081289025,110.0,1,0,1,0,0,0,1,0,0,7187
205,0,2014-07-19,-0.7818314824680299,0.6234898018587334,-0.4999999999999998,-0.8660254037844388,-0.2967128192734901,-0.9549667548552553,7187.0,5440.0,5945.0,6136.0,7002.0,2967.1658194310635,5704.233333333334,5742.0,2824.687858047735,110.0,0,0,1,0,0,0,1,0,0,5191
205,0,2014-07-20,-2.4492935982947064e-16,1.0,-0.4999999999999998,-0.8660254037844388,-0.3131070409358267,-0.9497178427914317,5191.0,0.0,0.0,6136.0,7002.0,2967.1658194310635,5453.3,5691.5,2986.8107215233604,110.0,0,0,1,0,0,0,1,0,0,0
205,0,2014-07-21,0.7818314824680298,0.6234898018587336,-0.4999999999999998,-0.8660254037844388,-0.3294084822245302,-0.9441875088341994,0.0,9302.0,6269.0,5626.714285714285,6684.0,2618.666309038867,5476.0,5724.5,2986.2748678256157,110.0,0,0,1,0,0,0,1,0,0,5737
205,0,2014-07-22,0.9749279121818236,-0.22252093395631434,-0.4999999999999998,-0.8660254037844388,-0.3456123126707333,-0.9383773917408642,5737.0,7586.0,5095.0,5294.714285714285,5737.0,2472.0816945970664,5651.4,5724.5,2802.4223216648697,110.0,0,0,1,0,0,0,1,0,0,5262
205,0,2014-07-23,0.43388373911755823,-0.900968867902419,-0.4999999999999998,-0.8660254037844388,-0.3617137307297674,-0.9322892131745134,5262.0,6684.0,5156.0,4970.142857142857,5262.0,2407.584226880506,5604.2,5691.5,2811.255976519613,110.0,0,0,1,0,0,0,1,0,0,4412
205,0,2014-07-24,-0.433883739117558,-0.9009688679024191,-0.4999999999999998,-0.8660254037844388,-0.37770796520396466,-0.9259247771938499,4412.0,7002.0,5671.0,4680.571428571428,5191.0,2238.4291260571417,5602.633333333333,5691.5,2811.604689476289,110.0,0,0,1,0,0,0,1,0,0,4975
205,0,2014-07-25,-0.9749279121818236,-0.2225209339563146,-0.4999999999999998,-0.8660254037844388,-0.39359027665646645,-0.9192859697186105,4975.0,7187.0,5772.0,4377.0,5062.0,1969.839418159083,5619.233333333334,5691.5,2806.7269277801925,110.0,0,0,1,0,0,0,1,0,0,5062
205,0,2014-07-26,-0.7818314824680299,0.6234898018587334,-0.4999999999999998,-0.8660254037844388,-0.4093559588156211,-0.9123747579707274,5062.0,5191.0,5440.0,4331.142857142857,4975.0,1951.3814276533576,5618.633333333333,5691.5,2806.8905545206912,110.0,0,0,1,0,0,0,1,0,0,4870
205,0,2014-07-27,-2.4492935982947064e-16,1.0,-0.4999999999999998,-0.8660254037844388,-0.42500033996955394,-0.9051931898913975,4870.0,0.0,0.0,4331.142857142857,4975.0,1951.3814276533576,5440.133333333333,5691.5,2988.622525896981,110.0,0,0,1,0,0,0,1,0,0,0
205,0,2014-07-28,0.7818314824680298,0.6234898018587336,-0.4999999999999998,-0.8660254037844388,-0.4405187843504952,-0.8977433935342336,0.0,5737.0,9302.0,4746.0,4975.0,2524.580031081075,5537.766666666666,5704.0,3045.1189964102964,110.0,1,0,1,0,0,0,1,0,0,8641
205,0,2014-07-29,0.9749279121818236,-0.22252093395631434,-0.4999999999999998,-0.8660254037844388,-0.455906693508459,-0.8900275764346766,8641.0,5262.0,7586.0,4958.0,4975.0,2635.0256798242644,5762.633333333333,5754.5,2865.8859072428777,110.0,1,0,1,0,0,0,1,0,0,6746
205,0,2014-07-30,0.43388373911755823,-0.900968867902419,-0.4999999999999998,-0.8660254037844388,-0.47115950767386394,-0.8820480249558535,6746.0,4412.0,6684.0,5348.714285714285,5062.0,2741.2030032016796,5599.466666666666,5754.5,2625.2952770981824,110.0,1,0,1,0,0,0,1,0,0,7147
205,0,2014-07-31,-0.433883739117558,-0.9009688679024191,-0.4999999999999998,-0.8660254037844388,-0.4862727071086902,-0.8738071036110807,7147.0,4975.0,7002.0,5852.428571428572,6746.0,2975.071699816264,5565.533333333334,5754.5,2579.0581912828156,110.0,1,0,1,0,0,0,1,0,0,8501
205,0,2014-08-01,-0.9749279121818236,-0.2225209339563146,-0.8660254037844384,-0.5000000000000004,-0.5012418134457756,-0.8653072543632061,8501.0,5062.0,7187.0,6244.714285714285,7147.0,3033.9351626935922,5509.733333333334,5754.5,2508.545600519364,110.0,1,0,1,0,0,0,1,0,0,7808
205,0,2014-08-02,-0.7818314824680299,0.6234898018587334,-0.8660254037844384,-0.5000000000000004,-0.5160623910158526,-0.8565509959010037,7808.0,4870.0,5191.0,6336.571428571428,7147.0,2994.8588646291237,5450.566666666667,5704.0,2485.9882331584554,110.0,0,0,1,0,0,0,1,0,0,5513
205,0,2014-08-03,-2.4492935982947064e-16,1.0,-0.8660254037844384,-0.5000000000000004,-0.5307300481619331,-0.8475409228928312,5513.0,0.0,0.0,6336.571428571428,7147.0,2994.8588646291237,5232.466666666666,5592.0,2667.248520716502,110.0,0,0,1,0,0,0,1,0,0,0
205,0,2014-08-04,0.7818314824680298,0.6234898018587336,-0.8660254037844384,-0.5000000000000004,-0.5452404385406507,-0.8382797052177745,0.0,8641.0,5737.0,6445.428571428572,7147.0,3104.424845127942,5347.733333333334,5592.0,2771.7744712620884,110.0,1,0,1,0,0,0,1,0,0,9403
205,0,2014-08-05,0.9749279121818236,-0.22252093395631434,-0.8660254037844384,-0.5000000000000004,-0.5595892624101763,-0.828770087174504,9403.0,6746.0,5262.0,6480.857142857143,7147.0,3109.8371569677356,5580.866666666667,5704.0,2594.9598725664114,110.0,1,0,1,0,0,0,1,0,0,6994
205,0,2014-08-06,0.43388373911755823,-0.900968867902419,-0.8660254037844384,-0.5000000000000004,-0.5737722679043243,-0.8190148866680802,6994.0,7147.0,4412.0,6384.142857142857,6994.0,3096.1648012001074,5587.566666666667,5704.0,2597.056486092288,110.0,1,0,1,0,0,0,1,0,0,6470
205,0,2014-08-07,-0.433883739117558,-0.9009688679024191,-0.8660254037844384,-0.5000000000000004,-0.5877852522924734,-0.8090169943749472,6470.0,8501.0,4975.0,6103.0,6533.0,2958.1864940083397,5635.5,5754.5,2600.919356689092,110.0,1,0,1,0,0,0,1,0,0,6533
205,0,2014-08-08,-0.9749279121818236,-0.2225209339563146,-0.8660254037844384,-0.5000000000000004,-0.6016240632249227,-0.7987793728863648,6533.0,7808.0,5062.0,5903.571428571428,6470.0,2869.8216470216926,5677.366666666667,6092.0,2603.042722016617,110.0,1,0,1,0,0,0,1,0,0,6412
205,0,2014-08-09,-0.7818314824680299,0.6234898018587334,-0.8660254037844384,-0.5000000000000004,-0.6152845999633277,-0.7883050558305253,6412.0,5513.0,4870.0,5861.285714285715,6470.0,2878.70270053982,5662.233333333334,6092.0,2604.4003702399036,110.0,0,0,1,0,0,0,1,0,0,5217
205,0,2014-08-10,-2.4492935982947064e-16,1.0,-0.8660254037844384,-0.5000000000000004,-0.6287628145958345,-0.7775971469736268,5217.0,0.0,0.0,5861.285714285715,6470.0,2878.70270053982,5469.833333333333,6074.5,2801.7386361074923,110.0,0,0,1,0,0,0,1,0,0,0
205,0,2014-08-11,0.7818314824680298,0.6234898018587336,-0.8660254037844384,-0.5000000000000004,-0.6420547132365636,-0.7666588193001592,0.0,9403.0,8641.0,5442.428571428572,6470.0,2460.4030060908635,5504.2,6441.0,2807.6770051979342,110.0,0,0,1,0,0,0,1,0,0,6471
205,0,2014-08-12,0.9749279121818236,-0.22252093395631434,-0.8660254037844384,-0.5000000000000004,-0.655156357209085,-0.7554933140726804,6471.0,6994.0,6746.0,5165.0,6412.0,2363.8877581927054,5672.6,6441.0,2610.759997685969,110.0,0,0,1,0,0,0,1,0,0,5052
205,0,2014-08-13,0.43388373911755823,-0.900968867902419,-0.8660254037844384,-0.5000000000000004,-0.6680638642135333,-0.7441039398713608,5052.0,6470.0,7147.0,4955.142857142857,5217.0,2292.865123854971,5529.233333333334,6074.5,2521.1371775086122,110.0,0,0,1,0,0,0,1,0,0,5001
205,0,2014-08-14,-0.433883739117558,-0.9009688679024191,-0.8660254037844384,-0.5000000000000004,-0.6807734094770159,-0.7324940716135792,5001.0,6533.0,8501.0,4726.571428571428,5052.0,2186.6460510061847,5440.8,5625.0,2492.875633508004,110.0,0,0,1,0,0,0,1,0,0,4933
205,0,2014-08-15,-0.9749279121818236,-0.2225209339563146,-0.8660254037844384,-0.5000000000000004,-0.6932812268869771,-0.7206671495538615,4933.0,6412.0,7808.0,4548.571428571428,5052.0,2074.4142030255853,5390.2,5387.5,2482.1542145538792,110.0,0,0,1,0,0,0,1,0,0,5166
205,0,2014-08-16,-0.7818314824680299,0.6234898018587334,-0.8660254037844384,-0.5000000000000004,-0.7055836101071774,-0.7086266782644601,5166.0,5217.0,5513.0,4514.571428571428,5001.0,2063.5546077212507,5322.766666666666,5239.5,2464.2713504210014,110.0,0,0,1,0,0,0,1,0,0,4979
205,0,2014-08-17,-2.4492935982947064e-16,1.0,-0.8660254037844384,-0.5000000000000004,-0.7176769136759615,-0.6963762255968726,4979.0,0.0,0.0,4514.571428571428,5001.0,2063.5546077212507,5083.2,5204.0,2621.1413597107285,110.0,0,0,1,0,0,0,1,0,0,0
205,0,2014-08-18,0.7818314824680298,0.6234898018587336,-0.8660254037844384,-0.5000000000000004,-0.7295575540864876,-0.6839194216246105,0.0,6471.0,9403.0,4847.571428571428,5001.0,2560.2003083836257,5203.566666666667,5239.5,2707.7429675212747,110.0,1,0,1,0,0,0,1,0,0,8802
205,0,2014-08-19,0.9749279121818236,-0.22252093395631434,-0.8660254037844384,-0.5000000000000004,-0.7412220108485957,-0.6712599575675315,8802.0,5052.0,6994.0,5259.571428571428,5001.0,2817.6865721807353,5468.1,5387.5,2565.7830471081506,110.0,1,0,1,0,0,0,1,0,0,7936
205,0,2014-08-20,0.43388373911755823,-0.900968867902419,-0.8660254037844384,-0.5000000000000004,-0.7526668275320083,-0.6584015846980489,7936.0,5001.0,6470.0,5501.142857142857,5166.0,2863.9320539293212,5499.933333333333,5387.5,2575.1415084429336,110.0,1,0,1,0,0,0,1,0,0,6692
205,0,2014-08-21,-0.433883739117558,-0.9009688679024191,-0.8660254037844384,-0.5000000000000004,-0.7638886127905429,-0.64534811322955,6692.0,4933.0,6533.0,5690.571428571428,6259.0,2863.943077713132,5533.166666666667,5886.0,2578.3962949909364,110.0,1,0,1,0,0,0,1,0,0,6259
205,0,2014-08-22,-0.9749279121818236,-0.2225209339563146,-0.8660254037844384,-0.5000000000000004,-0.7748840413670406,-0.6321034111873488,6259.0,5166.0,6412.0,5935.571428571428,6692.0,2884.868272968624,5615.466666666666,6335.5,2580.778668025085,110.0,1,0,1,0,0,0,1,0,0,6881
205,0,2014-08-23,-0.7818314824680299,0.6234898018587334,-0.8660254037844384,-0.5000000000000004,-0.7856498550787144,-0.6186714032625032,6881.0,4979.0,5217.0,5944.142857142857,6692.0,2881.6397778910236,5617.6,6335.5,2580.2573862524537,110.0,0,0,1,0,0,0,1,0,0,5039
205,0,2014-08-24,-2.4492935982947064e-16,1.0,-0.8660254037844384,-0.5000000000000004,-0.7961828637826154,-0.6050560696488494,5039.0,0.0,0.0,5944.142857142857,6692.0,2881.6397778910236,5448.866666666667,6335.5,2775.935551936634,110.0,0,0,1,0,0,0,1,0,0,0
205,0,2014-08-25,0.7818314824680298,0.6234898018587336,-0.8660254037844384,-0.5000000000000004,-0.8064799463209447,-0.5912614448635782,0.0,8802.0,6471.0,5446.142857142857,6259.0,2592.1122293457543,5463.733333333334,6335.5,2773.92205759448,110.0,0,0,1,0,0,0,1,0,0,5316
205,0,2014-08-26,0.9749279121818236,-0.22252093395631434,-0.8660254037844384,-0.5000000000000004,-0.8165380514459157,-0.5772916165517278,5316.0,7936.0,5052.0,4960.857142857143,5316.0,2355.464528040518,5615.033333333334,6335.5,2582.8390084707485,110.0,0,0,1,0,0,0,1,0,0,4539
205,0,2014-08-27,0.43388373911755823,-0.900968867902419,-0.8660254037844384,-0.5000000000000004,-0.8263541987239095,-0.5631507242749187,4539.0,6692.0,5001.0,4806.571428571428,5316.0,2256.464111328669,5514.066666666667,5935.5,2518.88296169406,110.0,0,0,1,0,0,0,1,0,0,5612
205,0,2014-08-28,-0.433883739117558,-0.9009688679024191,-0.8660254037844384,-0.5000000000000004,-0.8359254794186365,-0.5488429582847199,5612.0,6259.0,4933.0,4622.285714285715,5039.0,2169.0584527459287,5454.833333333333,5562.5,2509.791516047296,110.0,0,0,1,0,0,0,1,0,0,4969
205,0,2014-08-29,-0.9749279121818236,-0.2225209339563146,-0.8660254037844384,-0.5000000000000004,-0.8452490573530634,-0.5343725582809785,4969.0,6881.0,5166.0,4504.285714285715,5039.0,2044.5985518177463,5418.433333333333,5562.5,2492.26094116378,110.0,0,0,1,0,0,0,1,0,0,6055
205,0,2014-08-30,-0.7818314824680299,0.6234898018587334,-0.8660254037844384,-0.5000000000000004,-0.8543221697498269,-0.5197438121555157,6055.0,5039.0,4979.0,4643.142857142857,5316.0,2118.6315889091716,5335.433333333333,5562.5,2426.6609766101024,110.0,0,0,1,0,0,0,1,0,0,6011
205,0,2014-08-31,-2.4492935982947064e-16,1.0,-0.8660254037844384,-0.5000000000000004,-0.8631421280499115,-0.5049610547215202,6011.0,0.0,0.0,4643.142857142857,5316.0,2118.6315889091716,5075.166666666667,5414.5,2566.984828392135,110.0,0,0,1,0,0,0,1,0,0,0
205,0,2014-09-01,0.7818314824680298,0.6234898018587336,-1.0,-1.8369701987210297e-16,-0.8717063187093218,-0.4900286664290594,0.0,5316.0,8802.0,5332.142857142857,5612.0,2982.176522193785,5229.366666666667,5464.0,2728.080687998411,110.0,1,0,1,0,0,0,1,0,0,10139
205,0,2014-09-02,0.9749279121818236,-0.22252093395631434,-1.0,-1.8369701987210297e-16,-0.8800122039735356,-0.4749510720670502,10139.0,4539.0,7936.0,5847.0,6011.0,3129.8710836071223,5500.8,5811.5,2591.5180267091755,110.0,1,0,1,0,0,0,1,0,0,8143
205,0,2014-09-03,0.43388373911755823,-0.900968867902419,-1.0,-1.8369701987210297e-16,-0.888057322629493,-0.4597327394521046,8143.0,5612.0,6692.0,6059.285714285715,6055.0,3161.5101198786733,5423.966666666666,5811.5,2504.546121498393,110.0,1,0,1,0,0,0,1,0,0,7098
205,0,2014-09-04,-0.433883739117558,-0.9009688679024191,-1.0,-1.8369701987210297e-16,-0.8958392907349089,-0.44437817810461344,7098.0,4969.0,6259.0,6322.0,6808.0,3132.0812037153023,5417.766666666666,5811.5,2500.752834004514,110.0,1,0,1,0,0,0,1,0,0,6808
205,0,2014-09-05,-0.9749279121818236,-0.2225209339563146,-1.0,-1.8369701987210297e-16,-0.9033558023246842,-0.4288919379124841,6808.0,6055.0,6881.0,6421.571428571428,6808.0,3133.257243250382,5427.166666666667,5811.5,2505.3701644506623,110.0,1,0,1,0,0,0,1,0,0,6752
205,0,2014-09-06,-0.7818314824680299,0.6234898018587334,-1.0,-1.8369701987210297e-16,-0.9106046300942162,-0.41327860778290443,6752.0,6011.0,5039.0,6363.714285714285,6808.0,3145.816307112554,5396.266666666666,5609.0,2496.9635343660952,110.0,0,0,1,0,0,0,1,0,0,5606
205,0,2014-09-07,-2.4492935982947064e-16,1.0,-1.0,-1.8369701987210297e-16,-0.9175836260593934,-0.3975428142825566,5606.0,0.0,0.0,6363.714285714285,6808.0,3145.816307112554,5182.533333333334,5461.0,2675.0926601203714,110.0,0,0,1,0,0,0,1,0,0,0
205,0,2014-09-08,0.7818314824680298,0.6234898018587336,-1.0,-1.8369701987210297e-16,-0.9242907221930934,-0.3816892202666586,0.0,10139.0,5316.0,5682.285714285715,6752.0,2672.8019451682635,5187.6,5487.5,2675.3041283768735,110.0,0,0,1,0,0,0,1,0,0,5369
205,0,2014-09-09,0.9749279121818236,-0.22252093395631434,-1.0,-1.8369701987210297e-16,-0.9307239310379793,-0.3657225234972692,5369.0,8143.0,4539.0,5247.0,5606.0,2443.5466709955303,5357.466666666666,5487.5,2489.92362067225,110.0,0,0,1,0,0,0,1,0,0,5096
205,0,2014-09-10,0.43388373911755823,-0.900968867902419,-1.0,-1.8369701987210297e-16,-0.9368813462954315,-0.34964745525122826,5096.0,7098.0,5612.0,4913.142857142857,5369.0,2304.173490905247,5300.466666666666,5342.5,2483.116891902307,110.0,0,0,1,0,0,0,1,0,0,4761
205,0,2014-09-11,-0.433883739117558,-0.9009688679024191,-1.0,-1.8369701987210297e-16,-0.9427611433904206,-0.33346877891818705,4761.0,6808.0,4969.0,4583.857142857143,5096.0,2147.635244369288,5282.166666666667,5342.5,2487.031093677668,110.0,0,0,1,0,0,0,1,0,0,4503
205,0,2014-09-12,-0.9749279121818236,-0.2225209339563146,-1.0,-1.8369701987210297e-16,-0.9483615800121716,-0.31719128858910595,4503.0,6752.0,6055.0,4354.285714285715,5096.0,1954.445336004196,5286.966666666666,5342.5,2486.6086513678565,110.0,0,0,1,0,0,0,1,0,0,5145
205,0,2014-09-13,-0.7818314824680299,0.6234898018587334,-1.0,-1.8369701987210297e-16,-0.9536809966304455,-0.300819807635668,5145.0,5606.0,6011.0,4302.714285714285,5096.0,1920.377802611217,5297.366666666667,5342.5,2485.7294701657647,110.0,0,0,1,0,0,0,1,0,0,5245
205,0,2014-09-14,-2.4492935982947064e-16,1.0,-1.0,-1.8369701987210297e-16,-0.9587178169872964,-0.2843591872810036,5245.0,0.0,0.0,4302.714285714285,5096.0,1920.377802611217,5125.166666666667,5342.5,2667.44052815885,110.0,0,0,1,0,0,0,1,0,0,0
205,0,2014-09-15,0.7818314824680298,0.6234898018587336,-1.0,-1.8369701987210297e-16,-0.9634705485641486,-0.26781430516217486,0.0,5369.0,10139.0,4957.428571428572,5096.0,2883.9791294403667,5290.933333333333,5487.5,2808.819410029936,110.0,1,0,1,0,0,0,1,0,0,9952
205,0,2014-09-16,0.9749279121818236,-0.22252093395631434,-1.0,-1.8369701987210297e-16,-0.9679377830240642,-0.25119006388481957,9952.0,5096.0,8143.0,5351.714285714285,5145.0,3087.5637491008847,5552.8,5609.0,2660.8456965201226,110.0,1,0,1,0,0,0,1,0,0,7856
205,0,2014-09-17,0.43388373911755823,-0.900968867902419,-1.0,-1.8369701987210297e-16,-0.9721181966290612,-0.23449138957041052,7856.0,4761.0,7098.0,5634.142857142857,5245.0,3114.824309040638,5484.0,5609.0,2599.922346320473,110.0,1,0,1,0,0,0,1,0,0,6738
205,0,2014-09-18,-0.433883739117558,-0.9009688679024191,-1.0,-1.8369701987210297e-16,-0.9760105506323682,-0.21772323039653224,6738.0,4503.0,6808.0,5983.428571428572,6738.0,3103.9092478755947,5451.066666666667,5609.0,2573.919216551548,110.0,1,0,1,0,0,0,1,0,0,6948
205,0,2014-09-19,-0.9749279121818236,-0.2225209339563146,-1.0,-1.8369701987210297e-16,-0.9796136916454901,-0.20089055513063528,6948.0,5145.0,6752.0,6187.857142857143,6738.0,3086.5611084490943,5447.2,5609.0,2572.077215015133,110.0,1,0,1,0,0,0,1,0,0,6576
205,0,2014-09-20,-0.7818314824680299,0.6234898018587334,-1.0,-1.8369701987210297e-16,-0.9829265519799822,-0.18399835165767986,6576.0,5245.0,5606.0,6153.857142857143,6738.0,3099.9599152554374,5405.466666666666,5487.5,2568.6059647791158,110.0,0,0,1,0,0,0,1,0,0,5007
205,0,2014-09-21,-2.4492935982947064e-16,1.0,-1.0,-1.8369701987210297e-16,-0.9859481499638303,-0.1670516255021195,5007.0,0.0,0.0,6153.857142857143,6738.0,3099.959915255438,5176.1,5342.5,2734.189413386692,110.0,0,0,1,0,0,0,1,0,0,0
205,0,2014-09-22,0.7818314824680298,0.6234898018587336,-1.0,-1.8369701987210297e-16,-0.9886775902323404,-0.15005539834465262,0.0,9952.0,5369.0,5499.714285714285,6576.0,2609.1836982912073,5187.233333333334,5371.0,2734.291910901795,110.0,0,0,1,0,0,0,1,0,0,5373
205,0,2014-09-23,0.9749279121818236,-0.22252093395631434,-1.0,-1.8369701987210297e-16,-0.9911140639934546,-0.13301470653419636,5373.0,7856.0,5096.0,5082.714285714285,5373.0,2394.242379423724,5351.8,5371.0,2553.9487803035117,110.0,0,0,1,0,0,0,1,0,0,4937
205,0,2014-09-24,0.43388373911755823,-0.900968867902419,-1.0,-1.8369701987210297e-16,-0.9932568492674143,-0.11593459959550066,4937.0,6738.0,4761.0,4748.0,5007.0,2285.5752011255277,5321.1,5371.0,2559.9224577426507,110.0,0,0,1,0,0,0,1,0,0,4395
205,0,2014-09-25,-0.433883739117558,-0.9009688679024191,-1.0,-1.8369701987210297e-16,-0.9951053111006974,-0.09882013873287211,4395.0,6948.0,4503.0,4377.571428571428,4937.0,2069.502827343065,5314.966666666666,5371.0,2562.080424635193,110.0,0,0,1,0,0,0,1,0,0,4355
205,0,2014-09-26,-0.9749279121818236,-0.2225209339563146,-1.0,-1.8369701987210297e-16,-0.99665890175417,-0.08167639533042288,4355.0,6576.0,5145.0,4142.428571428572,4930.0,1861.0971546503426,5292.233333333334,5307.0,2562.379641356211,110.0,0,0,1,0,0,0,1,0,0,4930
205,0,2014-09-27,-0.7818314824680299,0.6234898018587334,-1.0,-1.8369701987210297e-16,-0.9979171608653922,-0.06450844944931625,4930.0,5007.0,5245.0,4142.571428571428,4930.0,1861.1746163057712,5293.533333333334,5307.0,2562.2198852225556,110.0,0,0,1,0,0,0,1,0,0,5008
205,0,2014-09-28,-2.4492935982947064e-16,1.0,-1.0,-1.8369701987210297e-16,-0.9988797155850335,-0.04732138832243232,5008.0,0.0,0.0,4142.571428571428,4930.0,1861.1746163057712,5091.7,5195.0,2732.964250873349,110.0,0,0,1,0,0,0,1,0,0,0
205,0,2014-09-29,0.7818314824680298,0.6234898018587336,-1.0,-1.8369701987210297e-16,-0.9995462806873573,-0.03012030484690836,0.0,5373.0,9952.0,4678.142857142857,4930.0,2647.53731031761,5195.4,5195.0,2826.471598398209,110.0,1,0,1,0,0,0,1,0,0,9122
205,0,2014-09-30,0.9749279121818236,-0.22252093395631434,-1.0,-1.8369701987210297e-16,-0.9999166586547379,-0.012910296075008843,9122.0,4937.0,7856.0,5203.857142857143,4930.0,3043.289964746017,5482.633333333333,5307.0,2715.9768990350335,110.0,1,0,1,0,0,0,1,0,0,8617
205,0,2014-10-01,0.43388373911755823,-0.900968867902419,-0.8660254037844386,0.5000000000000001,-0.9999907397361901,0.004303538296243821,8617.0,4395.0,6738.0,5693.0,5008.0,3164.374082395024,5405.3,5307.0,2609.774929521437,110.0,1,0,1,0,0,0,1,0,0,7819
205,0,2014-10-02,-0.433883739117558,-0.9009688679024191,-0.8660254037844386,0.5000000000000001,-0.9997685019798909,0.021516097436222233,7819.0,4355.0,6948.0,6363.714285714285,7819.0,3326.9050038679998,5435.533333333334,5307.0,2647.5639125929274,110.0,1,0,1,0,0,0,1,0,0,9050
205,0,2014-10-03,-0.9749279121818236,-0.2225209339563146,-0.8660254037844386,0.5000000000000001,-0.9992500112396835,0.03872228089217399,9050.0,4930.0,6576.0,5659.428571428572,7819.0,4110.534752605914,5198.933333333333,5195.0,2806.274287148825,110.0,1,0,1,0,0,0,1,0,0,0
205,0,2014-10-04,-0.7818314824680299,0.6234898018587334,-0.8660254037844386,0.5000000000000001,-0.9984354211555643,0.05591699010060302,0.0,5008.0,5007.0,5841.142857142857,7819.0,4105.04942838985,5181.333333333333,5195.0,2797.4767119715207,110.0,0,0,1,0,0,0,1,0,0,6280
205,0,2014-10-05,-2.4492935982947064e-16,1.0,-0.8660254037844386,0.5000000000000001,-0.9973249731081555,0.07309512989807776,6280.0,0.0,0.0,5841.142857142857,7819.0,4105.04942838985,4956.266666666666,5120.5,2934.9850135707775,110.0,0,0,1,0,0,0,1,0,0,0
205,0,2014-10-06,0.7818314824680298,0.6234898018587336,-0.8660254037844386,0.5000000000000001,-0.9959189961471792,0.0902516100310407,0.0,9122.0,5373.0,5822.0,7819.0,4087.4748928892536,5069.0,5120.5,3024.3918168896316,110.0,1,0,1,0,0,0,1,0,0,8988
205,0,2014-10-07,0.9749279121818236,-0.22252093395631434,-0.8660254037844386,0.5000000000000001,-0.994217906893952,0.10738134666416306,8988.0,8617.0,4937.0,5677.285714285715,7604.0,3988.767759358177,5322.466666666666,5195.0,2901.043411974547,110.0,1,0,1,0,0,0,1,0,0,7604
205,0,2014-10-08,0.43388373911755823,-0.900968867902419,-0.8660254037844386,0.5000000000000001,-0.9922222094179324,0.12447926388678869,7604.0,7819.0,4395.0,5576.0,7110.0,3933.944754738346,5380.5,5195.0,2919.362279794965,110.0,1,0,1,0,0,0,1,0,0,7110
205,0,2014-10-09,-0.433883739117558,-0.9009688679024191,-0.8660254037844386,0.5000000000000001,-0.989932495087353,0.141540295217043,7110.0,9050.0,4355.0,5263.571428571428,6863.0,3691.4301590369587,5439.4,5309.0,2931.2254539814858,110.0,1,0,1,0,0,0,1,0,0,6863
205,0,2014-10-10,-0.9749279121818236,-0.2225209339563146,-0.8660254037844386,0.5000000000000001,-0.9873494423939864,0.15855938510313475,6863.0,0.0,4930.0,6357.571428571428,7110.0,2927.1770164638688,5535.966666666666,5826.5,2955.722695724853,110.0,1,0,1,0,0,0,1,0,0,7658
205,0,2014-10-11,-0.7818314824680299,0.6234898018587334,-0.8660254037844386,0.5000000000000001,-0.9844738167520923,0.17553149042142777,7658.0,6280.0,5008.0,6281.142857142857,7110.0,2936.509516902197,5577.366666666667,6012.5,2949.446815267561,110.0,0,0,1,0,0,0,1,0,0,5745
205,0,2014-10-12,-2.4492935982947064e-16,1.0,-0.8660254037844386,0.5000000000000001,-0.9813064702716093,0.19245158197082995,5745.0,0.0,0.0,6281.142857142857,7110.0,2936.509516902197,5405.866666666667,6012.5,3120.099299186103,110.0,0,0,1,0,0,0,1,0,0,0
205,0,2014-10-13,0.7818314824680298,0.6234898018587336,-0.8660254037844386,0.5000000000000001,-0.9778483415056568,0.20931464596304888,0.0,8988.0,9122.0,5819.428571428572,6863.0,2683.125283268432,5422.9,6018.0,3120.585603199591,110.0,0,0,1,0,0,0,1,0,0,5756
205,0,2014-10-14,0.9749279121818236,-0.22252093395631434,-0.8660254037844386,0.5000000000000001,-0.9741004551724206,0.22611568550828803,5756.0,7604.0,8617.0,5438.714285714285,5756.0,2574.5816303680454,5587.533333333334,6018.0,2950.2587348059587,110.0,0,0,1,0,0,0,1,0,0,4939
205,0,2014-10-15,0.43388373911755823,-0.900968867902419,-0.8660254037844386,0.5000000000000001,-0.970063921851507,0.2428497220959358,4939.0,7110.0,7819.0,5144.285714285715,5745.0,2467.2078492556266,5424.1,5750.5,2833.645797713002,110.0,0,0,1,0,0,0,1,0,0,5049
205,0,2014-10-16,-0.433883739117558,-0.9009688679024191,-0.8660254037844386,0.5000000000000001,-0.965739937654855,0.25951179706979943,5049.0,6863.0,9050.0,4847.857142857143,5049.0,2348.0686693941625,5321.833333333333,5559.0,2797.9896611099484,110.0,0,0,1,0,0,0,1,0,0,4788
205,0,2014-10-17,-0.9749279121818236,-0.2225209339563146,-0.8660254037844386,0.5000000000000001,-0.9611297838723007,0.27609697309746883,4788.0,7658.0,0.0,4524.857142857143,5049.0,2031.2110860741343,5277.133333333333,5385.0,2785.268002128011,110.0,0,0,1,0,0,0,1,0,0,5397
205,0,2014-10-18,-0.7818314824680299,0.6234898018587334,-0.8660254037844386,0.5000000000000001,-0.9562348265919058,0.2926003356333479,5397.0,5745.0,6280.0,4500.571428571428,5049.0,2015.1440690550157,5231.366666666667,5385.0,2768.093511517584,110.0,0,0,1,0,0,0,1,0,0,5575
205,0,2014-10-19,-2.4492935982947064e-16,1.0,-0.8660254037844386,0.5000000000000001,-0.9510565162951536,0.30901699437494723,5575.0,0.0,0.0,4500.571428571428,5049.0,2015.1440690550157,5012.166666666667,5211.0,2914.4444562396015,110.0,0,0,1,0,0,0,1,0,0,0
205,0,2014-10-20,0.7818314824680298,0.6234898018587336,-0.8660254037844386,0.5000000000000001,-0.9455963874271428,0.3253420847119795,0.0,5756.0,8988.0,4848.285714285715,5049.0,2434.278792187788,5118.266666666666,5385.0,2971.627267355708,110.0,1,0,1,0,0,0,1,0,0,8190
205,0,2014-10-21,0.9749279121818236,-0.22252093395631434,-0.8660254037844386,0.5000000000000001,-0.9398560579418953,0.341570769167856,8190.0,4939.0,7604.0,5157.857142857143,5397.0,2581.1006327128125,5355.133333333333,5486.0,2829.388537979642,110.0,1,0,1,0,0,0,1,0,0,7106
205,0,2014-10-22,0.43388373911755823,-0.900968867902419,-0.8660254037844386,0.5000000000000001,-0.9338372288229252,0.35769823883312546,7106.0,5049.0,7110.0,5384.142857142857,5575.0,2638.7573734980806,5397.133333333333,5660.0,2838.9984238415345,110.0,1,0,1,0,0,0,1,0,0,6633
205,0,2014-10-23,-0.433883739117558,-0.9009688679024191,-0.8660254037844386,0.5000000000000001,-0.9275416835791965,0.3737197147904692,6633.0,4788.0,6863.0,5616.142857142857,6412.0,2648.980271008166,5446.3,5750.5,2843.5235566531505,110.0,1,0,1,0,0,0,1,0,0,6412
205,0,2014-10-24,-0.9749279121818236,-0.2225209339563146,-0.8660254037844386,0.5000000000000001,-0.9209712877166346,0.38963044953078774,6412.0,5397.0,7658.0,5726.142857142857,6412.0,2654.3454578339706,5505.366666666667,5961.5,2839.333766965393,110.0,1,0,1,0,0,0,1,0,0,6167
205,0,2014-10-25,-0.7818314824680299,0.6234898018587334,-0.8660254037844386,0.5000000000000001,-0.9141279881853337,0.4054257283599973,6167.0,5575.0,5745.0,5654.857142857143,6412.0,2665.757205033965,5529.4,5961.5,2832.303529418876,110.0,0,0,1,0,0,0,1,0,0,5076
205,0,2014-10-26,-2.4492935982947064e-16,1.0,-0.8660254037844386,0.5000000000000001,-0.9070138128026362,0.42110087079608916,5076.0,0.0,0.0,5654.857142857143,6412.0,2665.757205033965,5365.066666666667,5961.5,3005.9778136393415,110.0,0,0,1,0,0,0,1,0,0,0
205,0,2014-10-27,0.7818314824680298,0.6234898018587336,-0.8660254037844386,0.5000000000000001,-0.8996308696522434,0.4366512319560638,0.0,8190.0,5756.0,5194.0,6167.0,2422.160812167517,5363.6,5961.5,3006.1687680615946,110.0,0,0,1,0,0,0,1,0,0,4964
205,0,2014-10-28,0.9749279121818236,-0.22252093395631434,-0.8660254037844386,0.5000000000000001,-0.8919813464595487,0.45207220393230374,4964.0,7106.0,4939.0,4850.714285714285,5076.0,2271.622013326286,5520.366666666667,5961.5,2834.549060813893,110.0,0,0,1,0,0,0,1,0,0,4703
205,0,2014-10-29,0.43388373911755823,-0.900968867902419,-0.8660254037844386,0.5000000000000001,-0.8840675099433637,0.46735921715800205,4703.0,6633.0,5049.0,4626.285714285715,5062.0,2139.981363959796,5385.033333333334,5750.5,2752.3924825796416,110.0,0,0,1,0,0,0,1,0,0,5062
205,0,2014-10-30,-0.433883739117558,-0.9009688679024191,-0.8660254037844386,0.5000000000000001,-0.8758917051442433,0.48250774176121763,5062.0,6412.0,4788.0,4488.571428571428,5062.0,2034.3223160832385,5279.4,5660.0,2684.038845497198,110.0,0,0,1,0,0,0,1,0,0,5448
205,0,2014-10-31,-0.9749279121818236,-0.2225209339563146,-0.8660254037844386,0.5000000000000001,-0.867456354729597,0.4975132889071803,5448.0,6167.0,5397.0,4532.857142857143,5062.0,2079.8157313066135,5234.666666666667,5660.0,2651.235994560004,110.0,0,0,1,0,0,0,1,0,0,6477
205,0,2014-11-01,-0.7818314824680299,0.6234898018587334,-0.5000000000000004,0.8660254037844384,-0.858763958275803,0.5123714121284235,6477.0,5076.0,5575.0,4656.0,5062.0,2141.925691210285,5130.933333333333,5660.0,2555.9774961684498,110.0,0,0,1,0,0,0,1,0,0,5938
205,0,2014-11-02,-2.4492935982947064e-16,1.0,-0.5000000000000004,0.8660254037844384,-0.8498170915275277,0.5270777086423724,5938.0,0.0,0.0,4656.0,5062.0,2141.925691210285,5130.933333333333,5660.0,2555.9774961684498,110.0,0,0,1,0,0,0,1,0,0,0
205,0,2014-11-03,0.7818314824680298,0.6234898018587336,-0.5000000000000004,0.8660254037844384,-0.8406184056344783,0.5416278206559811,0.0,4964.0,8190.0,5314.0,5448.0,2844.552044405822,5240.6,5660.0,2674.797853786467,110.0,1,0,1,0,0,0,1,0,0,9570
205,0,2014-11-04,0.9749279121818236,-0.22252093395631434,-0.5000000000000004,0.8660254037844384,-0.8311706263658079,0.5560174366570446,9570.0,4703.0,7106.0,5790.428571428572,5938.0,3000.1895416313796,5508.533333333334,5750.5,2530.43320174743,110.0,1,0,1,0,0,0,1,0,0,8038
205,0,2014-11-05,0.43388373911755823,-0.900968867902419,-0.5000000000000004,0.8660254037844384,-0.8214765533024145,0.5702422926917867,8038.0,5062.0,6633.0,6076.714285714285,6477.0,3014.674704081454,5444.466666666666,5750.5,2462.7259319891764,110.0,1,0,1,0,0,0,1,0,0,7066
205,0,2014-11-06,-0.433883739117558,-0.9009688679024191,-0.5000000000000004,0.8660254037844384,-0.8115390590073611,0.5842981736283683,7066.0,5448.0,6412.0,6360.571428571428,7066.0,3039.0573021439272,5438.833333333333,5750.5,2457.8041655290513,110.0,1,0,1,0,0,0,1,0,0,7435
205,0,2014-11-07,-0.9749279121818236,-0.2225209339563146,-0.5000000000000004,0.8660254037844384,-0.8013610881746769,0.5981809144059159,7435.0,6477.0,6167.0,6493.285714285715,7406.0,3065.1614810254205,5448.7,5750.5,2465.3268951601535,110.0,1,0,1,0,0,0,1,0,0,7406
205,0,2014-11-08,-0.7818314824680299,0.6234898018587334,-0.5000000000000004,0.8660254037844384,-0.7909456567567774,0.6118864012687242,7406.0,5938.0,5076.0,6455.571428571428,7406.0,3074.741715827146,5409.066666666667,5709.5,2451.3237512277597,110.0,0,0,1,0,0,0,1,0,0,5674
205,0,2014-11-09,-2.4492935982947064e-16,1.0,-0.5000000000000004,0.8660254037844384,-0.780295851070776,0.6254105729852457,5674.0,0.0,0.0,6455.571428571428,7406.0,3074.741715827146,5153.8,5624.5,2603.089178066229,110.0,0,0,1,0,0,0,1,0,0,0
205,0,2014-11-10,0.7818314824680298,0.6234898018587336,-0.5000000000000004,0.8660254037844384,-0.7694148268839381,0.6387494220515268,0.0,9570.0,4964.0,6299.285714285715,7406.0,2913.6377442575017,5244.833333333333,5624.5,2671.335764064079,110.0,1,0,1,0,0,0,1,0,0,8476
205,0,2014-11-11,0.9749279121818236,-0.22252093395631434,-0.5000000000000004,0.8660254037844384,-0.7583058084785625,0.6518989958787125,8476.0,8038.0,4703.0,6150.142857142857,7066.0,2835.474823762417,5477.966666666666,5715.0,2497.348807799202,110.0,1,0,1,0,0,0,1,0,0,6994
205,0,2014-11-12,0.43388373911755823,-0.900968867902419,-0.5000000000000004,0.8660254037844384,-0.7469720876965551,0.6648553979642867,6994.0,7066.0,5062.0,6119.571428571428,6994.0,2825.089134708435,5514.5,5806.0,2509.5432026978333,110.0,1,0,1,0,0,0,1,0,0,6852
205,0,2014-11-13,-0.433883739117558,-0.9009688679024191,-0.5000000000000004,0.8660254037844384,-0.7354170229639858,0.6776147890466887,6852.0,7435.0,5448.0,5975.285714285715,6852.0,2772.002207447762,5564.033333333334,6052.5,2512.4559283605404,110.0,1,0,1,0,0,0,1,0,0,6425
205,0,2014-11-14,-0.9749279121818236,-0.2225209339563146,-0.5000000000000004,0.8660254037844384,-0.7236440382959123,0.690173388242972,6425.0,7406.0,6477.0,5893.714285714285,6835.0,2730.9816741900577,5623.566666666667,6289.5,2520.9766810577175,110.0,1,0,1,0,0,0,1,0,0,6835
205,0,2014-11-15,-0.7818314824680299,0.6234898018587334,-0.5000000000000004,0.8660254037844384,-0.7116566222817751,0.7025274741691566,6835.0,5674.0,5938.0,5887.285714285715,6835.0,2731.637952723957,5651.6,6289.5,2516.035888675567,110.0,0,0,1,0,0,0,1,0,0,5629
205,0,2014-11-16,-2.4492935982947064e-16,1.0,-0.5000000000000004,0.8660254037844384,-0.6994583270516471,0.7146733860429608,5629.0,0.0,0.0,5887.285714285715,6835.0,2731.637952723957,5471.7,6289.5,2719.580991433335,110.0,0,0,1,0,0,0,1,0,0,0
205,0,2014-11-17,0.7818314824680298,0.6234898018587336,-0.5000000000000004,0.8660254037844384,-0.6870527672236675,0.726607524768565,0.0,8476.0,9570.0,5488.857142857143,6425.0,2483.22810259626,5475.433333333333,6289.5,2719.804552858004,110.0,0,0,1,0,0,0,1,0,0,5687
205,0,2014-11-18,0.9749279121818236,-0.22252093395631434,-0.5000000000000004,0.8660254037844384,-0.6744436188329457,0.7383263540031063,5687.0,6994.0,8038.0,5220.714285714285,5687.0,2393.3257693208507,5646.0,6289.5,2517.5116477489687,110.0,0,0,1,0,0,0,1,0,0,5117
205,0,2014-11-19,0.43388373911755823,-0.900968867902419,-0.5000000000000004,0.8660254037844384,-0.661634618242279,0.749826401204568,5117.0,6852.0,7066.0,4881.714285714285,5629.0,2289.5650761870106,5522.3,6052.5,2479.0778617920796,110.0,0,0,1,0,0,0,1,0,0,4479
205,0,2014-11-20,-0.433883739117558,-0.9009688679024191,-0.5000000000000004,0.8660254037844384,-0.6486295610349818,0.7611042586607742,4479.0,6425.0,7435.0,4628.142857142857,5117.0,2186.1122591312173,5440.433333333333,5812.5,2465.490937798762,110.0,0,0,1,0,0,0,1,0,0,4650
205,0,2014-11-21,-0.9749279121818236,-0.2225209339563146,-0.5000000000000004,0.8660254037844384,-0.6354323008901775,0.7721565844991641,4650.0,6835.0,7406.0,4415.857142857143,5117.0,2000.3533378357074,5397.633333333333,5680.5,2455.1979410803233,110.0,0,0,1,0,0,0,1,0,0,5349
205,0,2014-11-22,-0.7818314824680299,0.6234898018587334,-0.5000000000000004,0.8660254037844384,-0.622046748440868,0.7829801036770625,5349.0,5629.0,5674.0,4380.142857142857,5117.0,1977.181531757716,5363.2,5651.5,2447.713562236934,110.0,0,0,1,0,0,0,1,0,0,5379
205,0,2014-11-23,-2.4492935982947064e-16,1.0,-0.5000000000000004,0.8660254037844384,-0.6084768701151264,0.7935716089521472,5379.0,0.0,0.0,4380.142857142857,5117.0,1977.181531757716,5157.633333333333,5538.5,2630.050733525789,110.0,0,0,1,0,0,0,1,0,0,0
205,0,2014-11-24,0.7818314824680298,0.6234898018587336,-0.5000000000000004,0.8660254037844384,-0.594726686960764,0.8039279618328208,0.0,5687.0,8476.0,4668.714285714285,5117.0,2317.781605636855,5245.333333333333,5651.5,2670.7851529715626,110.0,1,0,1,0,0,0,1,0,0,7707
205,0,2014-11-25,0.9749279121818236,-0.22252093395631434,-0.5000000000000004,0.8660254037844384,-0.5808002734538014,0.8140460935082175,7707.0,5117.0,6994.0,4984.0,5349.0,2529.3746262663417,5489.466666666666,5680.5,2504.3342254267263,110.0,1,0,1,0,0,0,1,0,0,7324
205,0,2014-11-26,0.43388373911755823,-0.900968867902419,-0.5000000000000004,0.8660254037844384,-0.5667017562911184,0.8239230057575536,7324.0,4479.0,6852.0,5324.0,5379.0,2608.889163354142,5552.633333333333,5812.5,2514.5014791218064,110.0,1,0,1,0,0,0,1,0,0,6859
205,0,2014-11-27,-0.433883739117558,-0.9009688679024191,-0.5000000000000004,0.8660254037844384,-0.5524353131676203,0.8335557718385695,6859.0,4650.0,6425.0,5654.714285714285,6859.0,2655.5230943755546,5628.033333333334,6181.5,2522.048708591044,110.0,1,0,1,0,0,0,1,0,0,6965
205,0,2014-11-28,-0.9749279121818236,-0.2225209339563146,-0.5000000000000004,0.8660254037844384,-0.5380051715382992,0.8429415373547832,6965.0,5349.0,6835.0,6101.571428571428,6965.0,2851.45821508592,5741.866666666667,6451.0,2572.1897116355326,110.0,1,0,1,0,0,0,1,0,0,8477
205,0,2014-11-29,-0.7818314824680299,0.6234898018587334,-0.5000000000000004,0.8660254037844384,-0.5234156073655503,0.8520775211013093,8477.0,5379.0,5629.0,6210.428571428572,6965.0,2833.766036986996,5764.966666666666,6451.0,2572.571362011885,110.0,0,0,1,0,0,0,1,0,0,6141
205,0,2014-11-30,-2.4492935982947064e-16,1.0,-0.5000000000000004,0.8660254037844384,-0.5086709438521042,0.8609610158889945,6141.0,0.0,0.0,6210.428571428572,6965.0,2833.766036986996,5549.066666666667,6283.0,2774.608042319807,110.0,0,0,1,0,0,0,1,0,0,0
205,0,2014-12-01,0.7818314824680298,0.6234898018587336,-2.4492935982947064e-16,1.0,-0.4937755501599774,0.8695893893466109,0.0,7707.0,5687.0,6441.571428571428,6965.0,3035.0238800347174,5661.966666666666,6630.0,2858.6170695940928,110.0,1,0,1,0,0,0,1,0,0,9325
205,0,2014-12-02,0.9749279121818236,-0.22252093395631434,-2.4492935982947064e-16,1.0,-0.4787338401157883,0.8779600847008883,9325.0,7324.0,5117.0,6557.571428571428,6965.0,3089.4021998407707,5933.166666666667,6843.5,2683.5099645585565,110.0,1,0,1,0,0,0,1,0,0,8136
205,0,2014-12-03,0.43388373911755823,-0.900968867902419,-2.4492935982947064e-16,1.0,-0.4635502709028512,0.8860706215341377,8136.0,6859.0,4479.0,6704.714285714285,7889.0,3130.4078921809246,5877.133333333333,6843.5,2621.7924999213205,110.0,1,0,1,0,0,0,1,0,0,7889
205,0,2014-12-04,-0.433883739117558,-0.9009688679024191,-2.4492935982947064e-16,1.0,-0.4482293417404106,0.893918596519257,7889.0,6965.0,4650.0,6781.428571428572,7889.0,3144.3982390458013,5859.266666666666,6843.5,2608.3509909431345,110.0,1,0,1,0,0,0,1,0,0,7502
205,0,2014-12-05,-0.9749279121818236,-0.2225209339563146,-2.4492935982947064e-16,1.0,-0.4327755925504317,0.9015016841318838,7502.0,8477.0,5349.0,6684.714285714285,7800.0,3093.554897648004,5883.733333333334,6843.5,2623.459376253153,110.0,1,0,1,0,0,0,1,0,0,7800
205,0,2014-12-06,-0.7818314824680299,0.6234898018587334,-2.4492935982947064e-16,1.0,-0.41719360261231697,0.9088176373395028,7800.0,6141.0,5379.0,6750.428571428572,7800.0,3084.953962765247,5855.933333333333,6718.0,2610.8427220995595,110.0,0,0,1,0,0,0,1,0,0,6601
205,0,2014-12-07,-2.4492935982947064e-16,1.0,-2.4492935982947064e-16,1.0,-0.4014879892059737,0.9158642882672868,6601.0,0.0,0.0,6750.428571428572,7800.0,3084.953962765247,5609.066666666667,6513.0,2802.3355152854,110.0,0,0,1,0,0,0,1,0,0,0
205,0,2014-12-08,0.7818314824680298,0.6234898018587336,-2.4492935982947064e-16,1.0,-0.38566340624360745,0.9226395488404875,0.0,9325.0,7707.0,6230.857142857143,7502.0,2878.434205638633,5609.533333333334,6513.0,2802.347867024381,110.0,0,0,1,0,0,0,1,0,0,5688
205,0,2014-12-09,0.9749279121818236,-0.22252093395631434,-2.4492935982947064e-16,1.0,-0.3697245428906732,0.9291414114031743,5688.0,8136.0,7324.0,5927.571428571428,6601.0,2753.3711977103585,5809.966666666666,6513.0,2594.637500205235,110.0,0,0,1,0,0,0,1,0,0,6013
205,0,2014-12-10,0.43388373911755823,-0.900968867902419,-2.4492935982947064e-16,1.0,-0.3536761221763721,0.935367949313148,6013.0,7889.0,6859.0,5478.714285714285,6013.0,2633.836094260343,5685.666666666667,6283.0,2551.475696510759,110.0,0,0,1,0,0,0,1,0,0,4747
205,0,2014-12-11,-0.433883739117558,-0.9009688679024191,-2.4492935982947064e-16,1.0,-0.33752289959411347,0.941317317512847,4747.0,7502.0,6965.0,5117.714285714285,5688.0,2478.9228651631274,5618.366666666667,6077.0,2542.38722305514,110.0,0,0,1,0,0,0,1,0,0,4975
205,0,2014-12-12,-0.9749279121818236,-0.2225209339563146,-2.4492935982947064e-16,1.0,-0.32126966169236515,0.946987753076075,4975.0,7800.0,8477.0,4784.714285714285,5469.0,2199.3511705565707,5572.266666666666,5850.5,2531.7634161592396,110.0,0,0,1,0,0,0,1,0,0,5469
205,0,2014-12-13,-0.7818314824680299,0.6234898018587334,-2.4492935982947064e-16,1.0,-0.3049212246562894,0.9523775757303973,5469.0,6601.0,6141.0,4683.857142857143,5469.0,2116.8179286034792,5554.6,5791.5,2527.4533537085144,110.0,0,0,1,0,0,0,1,0,0,5895
205,0,2014-12-14,-2.4492935982947064e-16,1.0,-2.4492935982947064e-16,1.0,-0.2884824328806098,0.9574851883550389,5895.0,0.0,0.0,4683.857142857143,5469.0,2116.8179286034792,5326.766666666666,5687.5,2709.5584916255693,110.0,0,0,1,0,0,0,1,0,0,0
205,0,2014-12-15,0.7818314824680298,0.6234898018587336,-2.4492935982947064e-16,1.0,-0.27195815753410524,0.9623090774541487,0.0,5688.0,9325.0,5465.0,5469.0,3253.0639403491605,5511.0,5791.5,2911.214155995565,110.0,1,0,1,0,0,0,1,0,0,11156
205,0,2014-12-16,0.9749279121818236,-0.22252093395631434,-2.4492935982947064e-16,1.0,-0.2553532951161881,0.9668478136052773,11156.0,6013.0,8136.0,5868.285714285715,5469.0,3498.0806982441945,5805.533333333334,5954.0,2778.376327298367,110.0,1,0,1,0,0,0,1,0,0,8836
205,0,2014-12-17,0.43388373911755823,-0.900968867902419,-2.4492935982947064e-16,1.0,-0.23867276600594997,0.9711000518829505,8836.0,4747.0,7889.0,6300.857142857143,5895.0,3523.4420400403696,5875.133333333333,6077.0,2801.362350016856,110.0,1,0,1,0,0,0,1,0,0,7775
205,0,2014-12-18,-0.433883739117558,-0.9009688679024191,-2.4492935982947064e-16,1.0,-0.22192151300416674,0.9750645322571945,7775.0,4975.0,7502.0,6655.714285714285,7459.0,3492.6063674704715,5953.2,6371.0,2812.118693232488,110.0,1,0,1,0,0,0,1,0,0,7459
205,0,2014-12-19,-0.9749279121818236,-0.2225209339563146,-2.4492935982947064e-16,1.0,-0.20510449986861926,0.9787400799669153,7459.0,5469.0,7800.0,7047.142857142857,7775.0,3490.9809236837527,6077.533333333334,6730.0,2827.1097673740264,110.0,1,0,1,0,0,0,1,0,0,8209
205,0,2014-12-20,-0.7818314824680299,0.6234898018587334,-2.4492935982947064e-16,1.0,-0.1882267098432439,0.9821256058680006,8209.0,5895.0,6601.0,7088.285714285715,7775.0,3476.8076216689497,6128.633333333333,6730.0,2814.242563416867,110.0,0,0,1,0,0,0,1,0,0,6183
205,0,2014-12-21,-2.4492935982947064e-16,1.0,-2.4492935982947064e-16,1.0,-0.1712931441814778,0.9852201067560606,6183.0,0.0,0.0,7088.285714285715,7775.0,3476.8076216689487,5950.333333333333,6730.0,3026.7626193712317,110.0,0,0,1,0,0,0,1,0,0,0
205,0,2014-12-22,0.7818314824680298,0.6234898018587336,-2.4492935982947064e-16,1.0,-0.154308820664281,0.9880226656636976,0.0,11156.0,5688.0,6567.285714285715,7509.0,3007.206938577491,6021.333333333333,6912.0,3037.86027616006,110.0,0,0,1,0,0,0,1,0,0,7509
205,0,2014-12-23,0.9749279121818236,-0.22252093395631434,-2.4492935982947064e-16,1.0,-0.13727877211326517,0.9905324521322227,7509.0,8836.0,6013.0,6530.571428571428,7509.0,2976.3023959908687,6307.3,7144.5,2849.4473287482188,110.0,0,0,1,0,0,0,1,0,0,8579
205,0,2014-12-24,0.43388373911755823,-0.900968867902419,-2.4492935982947064e-16,1.0,-0.12020804489935275,0.9927487224577402,8579.0,7775.0,4747.0,6103.857142857143,7459.0,2982.2701883280956,6210.0,6912.0,2849.841169197888,110.0,0,0,1,0,0,0,1,0,0,4788
205,0,2014-12-25,-0.433883739117558,-0.9009688679024191,-2.4492935982947064e-16,1.0,-0.10310169744743544,0.9946708199115211,4788.0,7459.0,4975.0,5038.285714285715,6183.0,3670.5171168054626,5965.866666666667,6730.0,3057.2768899151424,110.0,0,0,1,0,0,0,1,0,0,0
205,0,2014-12-26,-0.9749279121818236,-0.2225209339563146,-2.4492935982947064e-16,1.0,-0.0859647987374467,0.9962981749346077,0.0,8209.0,5469.0,3865.5714285714284,4788.0,3797.812039281858,5737.233333333334,6392.0,3239.236816068674,110.0,0,0,1,0,0,0,1,0,0,0
205,0,2014-12-27,-0.7818314824680299,0.6234898018587334,-2.4492935982947064e-16,1.0,-0.06880242680232064,0.9976303053065857,0.0,6183.0,5895.0,3836.5714285714284,4788.0,3777.8897044577093,5704.4,6162.0,3231.345311807133,110.0,0,0,1,0,0,0,1,0,0,5980
205,0,2014-12-28,-2.4492935982947064e-16,1.0,-2.4492935982947064e-16,1.0,-0.05161966722325418,0.9986668162884759,5980.0,0.0,0.0,3836.5714285714284,4788.0,3777.8897044577093,5421.833333333333,6077.0,3349.0283416736465,110.0,0,0,1,0,0,0,1,0,0,0
205,0,2014-12-29,0.7818314824680298,0.6234898018587336,-2.4492935982947064e-16,1.0,-0.034421611622745804,0.9994074007397048,0.0,7509.0,11156.0,3727.714285714286,4788.0,3663.687064251236,5442.033333333334,6098.0,3355.3372766727766,110.0,0,0,1,0,0,0,1,0,0,6747
205,0,2014-12-30,0.9749279121818236,-0.22252093395631434,-2.4492935982947064e-16,1.0,-0.01721335615583528,0.9998518392091162,6747.0,8579.0,8836.0,3548.714285714286,4788.0,3408.910320238492,5686.233333333334,6392.0,3209.011843643411,110.0,0,0,1,0,0,0,1,0,0,7326
205,0,2014-12-31,0.43388373911755823,-0.900968867902419,-2.4492935982947064e-16,1.0,6.432490598706546e-16,1.0,7326.0,4788.0,7775.0,3507.285714285714,4498.0,3393.064431762999,5525.333333333333,6098.0,3140.555434438566,110.0,0,0,1,0,0,0,1,0,0,4498
205,0,2015-01-01,-0.433883739117558,-0.9009688679024191,0.49999999999999994,0.8660254037844387,0.017213356155834685,0.9998518392091162,4498.0,0.0,7459.0,3507.285714285714,4498.0,3393.064431762999,5254.133333333333,5996.5,3256.4885333463235,110.0,0,0,1,0,0,0,1,0,0,0
205,0,2015-01-02,-0.9749279121818236,-0.2225209339563146,0.49999999999999994,0.8660254037844387,0.03442161162274574,0.9994074007397048,0.0,0.0,8209.0,4342.857142857143,5849.0,3092.2654278361083,5186.133333333333,5937.5,3220.6737004945826,110.0,0,0,1,0,0,0,1,0,0,5849
205,0,2015-01-03,-0.7818314824680299,0.6234898018587334,0.49999999999999994,0.8660254037844387,0.051619667223253764,0.998666816288476,5849.0,5980.0,6183.0,4293.0,5631.0,3064.1558924658657,5123.766666666666,5872.0,3192.2719904355795,110.0,0,0,1,0,0,0,1,0,0,5631
205,0,2015-01-04,-2.4492935982947064e-16,1.0,0.49999999999999994,0.8660254037844387,0.06880242680231986,0.9976303053065857,5631.0,0.0,0.0,4293.0,5631.0,3064.1558924658657,4863.766666666666,5768.5,3283.134401056754,110.0,0,0,1,0,0,0,1,0,0,0
205,0,2015-01-05,0.7818314824680298,0.6234898018587336,0.49999999999999994,0.8660254037844387,0.08596479873744647,0.9962981749346078,0.0,6747.0,7509.0,4434.142857142857,5631.0,3215.0714574003537,4901.566666666667,5768.5,3310.2417318057755,110.0,1,0,1,0,0,0,1,0,0,7735
205,0,2015-01-06,0.9749279121818236,-0.22252093395631434,0.49999999999999994,0.8660254037844387,0.10310169744743485,0.9946708199115211,7735.0,7326.0,8579.0,4433.142857142857,5631.0,3214.0229945542965,5145.533333333334,5872.0,3204.5568065548127,110.0,1,0,1,0,0,0,1,0,0,7319
205,0,2015-01-07,0.43388373911755823,-0.900968867902419,0.49999999999999994,0.8660254037844387,0.1202080448993527,0.9927487224577402,7319.0,4498.0,4788.0,4719.285714285715,5849.0,3308.5330442300065,5172.633333333333,5937.5,3212.7297071593753,110.0,1,0,1,0,0,0,1,0,0,6501
205,0,2015-01-08,-0.433883739117558,-0.9009688679024191,0.49999999999999994,0.8660254037844387,0.13727877211326478,0.9905324521322229,6501.0,0.0,0.0,5494.285714285715,5849.0,2572.2994067750424,5153.033333333334,5872.0,3209.2177635715193,110.0,1,0,1,0,0,0,1,0,0,5425
205,0,2015-01-09,-0.9749279121818236,-0.2225209339563146,0.49999999999999994,0.8660254037844387,0.15430882066428117,0.9880226656636976,5425.0,5849.0,0.0,5413.0,5631.0,2568.209168532292,5170.8,5872.0,3208.3676631690705,110.0,1,0,1,0,0,0,1,0,0,5280
205,0,2015-01-10,-0.7818314824680299,0.6234898018587334,0.49999999999999994,0.8660254037844387,0.1712931441814776,0.9852201067560606,5280.0,5631.0,5980.0,5432.0,5764.0,2570.5816462427324,5197.1,5872.0,3209.9407379855643,110.0,0,0,1,0,0,0,1,0,0,5764
205,0,2015-01-11,-2.4492935982947064e-16,1.0,0.49999999999999994,0.8660254037844387,0.1882267098432442,0.9821256058680006,5764.0,0.0,0.0,5432.0,5764.0,2570.5816462427324,5014.8,5872.0,3346.3659486178376,110.0,0,0,1,0,0,0,1,0,0,0
205,0,2015-01-12,0.7818314824680298,0.6234898018587336,0.49999999999999994,0.8660254037844387,0.2051044998686192,0.9787400799669153,0.0,7735.0,6747.0,5489.0,5764.0,2633.8056116577773,5089.433333333333,5914.5,3391.339575461583,110.0,1,0,1,0,0,0,1,0,0,8134
205,0,2015-01-13,0.9749279121818236,-0.22252093395631434,0.49999999999999994,0.8660254037844387,0.22192151300416552,0.9750645322571948,8134.0,7319.0,7326.0,5436.0,5764.0,2594.2792833463395,5321.033333333334,6081.5,3266.7453008949965,110.0,1,0,1,0,0,0,1,0,0,6948
205,0,2015-01-14,0.43388373911755823,-0.900968867902419,0.49999999999999994,0.8660254037844387,0.2386727660059501,0.9711000518829505,6948.0,6501.0,4498.0,5407.142857142857,5764.0,2581.550724440087,5159.133333333333,6081.5,3082.7683230066664,110.0,1,0,1,0,0,0,1,0,0,6299
205,0,2015-01-15,-0.433883739117558,-0.9009688679024191,0.49999999999999994,0.8660254037844387,0.255353295116187,0.9668478136052775,6299.0,5425.0,0.0,5504.428571428572,6106.0,2595.1318436091615,5068.133333333333,6043.0,3009.9211438099205,110.0,1,0,1,0,0,0,1,0,0,6106
205,0,2015-01-16,-0.9749279121818236,-0.2225209339563146,0.49999999999999994,0.8660254037844387,0.2719581575341055,0.9623090774541486,6106.0,5280.0,5849.0,5718.142857142857,6299.0,2634.864476500417,5034.833333333333,6043.0,2984.358928253047,110.0,1,0,1,0,0,0,1,0,0,6776
205,0,2015-01-17,-0.7818314824680299,0.6234898018587334,0.49999999999999994,0.8660254037844387,0.288482432880609,0.9574851883550393,6776.0,5764.0,5631.0,5669.142857142857,6299.0,2637.0579837242517,4966.9,5914.5,2950.275502623324,110.0,0,0,1,0,0,0,1,0,0,5421
205,0,2015-01-18,-2.4492935982947064e-16,1.0,0.49999999999999994,0.8660254037844387,0.30492122465628907,0.9523775757303974,5421.0,0.0,0.0,5669.142857142857,6299.0,2637.0579837242517,4693.266666666666,5806.5,3019.0902253006184,110.0,0,0,1,0,0,0,1,0,0,0
205,0,2015-01-19,0.7818314824680298,0.6234898018587336,0.49999999999999994,0.8660254037844387,0.3212696616923644,0.9469877530760753,0.0,8134.0,7735.0,5237.571428571428,6106.0,2403.277127669828,4657.6,5697.5,3007.180918378883,110.0,0,0,1,0,0,0,1,0,0,5113
205,0,2015-01-20,0.9749279121818236,-0.22252093395631434,0.49999999999999994,0.8660254037844387,0.3375228995941133,0.9413173175128471,5113.0,6948.0,7319.0,4854.571428571428,5421.0,2296.521489640566,4799.833333333333,5697.5,2877.3994255269777,110.0,0,0,1,0,0,0,1,0,0,4267
205,0,2015-01-21,0.43388373911755823,-0.900968867902419,0.49999999999999994,0.8660254037844387,0.3536761221763716,0.9353679493131483,4267.0,6299.0,6501.0,4596.571428571428,5113.0,2206.9012103809528,4699.3,5528.0,2831.806723752461,110.0,0,0,1,0,0,0,1,0,0,4493
205,0,2015-01-22,-0.433883739117558,-0.9009688679024191,0.49999999999999994,0.8660254037844387,0.3697245428906731,0.9291414114031743,4493.0,6106.0,5425.0,4331.0,4493.0,2104.463748004849,4554.9,5423.0,2735.9781249125494,110.0,0,0,1,0,0,0,1,0,0,4247
205,0,2015-01-23,-0.9749279121818236,-0.2225209339563146,0.49999999999999994,0.8660254037844387,0.38566340624360707,0.9226395488404876,4247.0,6776.0,5280.0,4131.142857142857,4493.0,1888.9634219655372,4574.533333333334,5423.0,2739.819157552546,110.0,0,0,1,0,0,0,1,0,0,5377
205,0,2015-01-24,-0.7818314824680299,0.6234898018587334,0.49999999999999994,0.8660254037844387,0.401487989205973,0.9158642882672872,5377.0,5421.0,5764.0,3999.8571428571427,4493.0,1814.857609526731,4724.6,5423.0,2600.364478431754,110.0,0,0,1,0,0,0,1,0,0,4502
205,0,2015-01-25,-2.4492935982947064e-16,1.0,0.49999999999999994,0.8660254037844387,0.4171936026123168,0.9088176373395029,4502.0,0.0,0.0,3999.8571428571427,4493.0,1814.857609526731,4724.6,5423.0,2600.364478431754,110.0,0,0,1,0,0,0,1,0,0,0
205,0,2015-01-26,0.7818314824680298,0.6234898018587336,0.49999999999999994,0.8660254037844387,0.4327755925504312,0.901501684131884,0.0,5113.0,8134.0,4363.142857142857,4493.0,2271.8093690985083,4780.466666666666,5423.0,2645.8712890390025,110.0,1,0,1,0,0,0,1,0,0,7656
205,0,2015-01-27,0.9749279121818236,-0.22252093395631434,0.49999999999999994,0.8660254037844387,0.4482293417404106,0.893918596519257,7656.0,4267.0,6948.0,4836.857142857143,4502.0,2574.040496221932,5033.233333333334,5528.0,2533.247972170459,110.0,1,0,1,0,0,0,1,0,0,7583
205,0,2015-01-28,0.43388373911755823,-0.900968867902419,0.49999999999999994,0.8660254037844387,0.4635502709028509,0.886070621534138,7583.0,4493.0,6299.0,5148.714285714285,5377.0,2656.3612777811722,5030.866666666667,5528.0,2531.62433522682,110.0,1,0,1,0,0,0,1,0,0,6676
205,0,2015-01-29,-0.433883739117558,-0.9009688679024191,0.49999999999999994,0.8660254037844387,0.47873384011578846,0.8779600847008882,6676.0,4247.0,6106.0,5492.428571428572,6653.0,2675.8282740828026,5008.433333333333,5528.0,2513.5022507186686,110.0,1,0,1,0,0,0,1,0,0,6653
205,0,2015-01-30,-0.9749279121818236,-0.2225209339563146,0.49999999999999994,0.8660254037844387,0.4937755501599772,0.869589389346611,6653.0,5377.0,6776.0,5883.428571428572,6676.0,2850.4235858987054,5128.966666666666,5697.5,2574.150458900464,110.0,1,0,1,0,0,0,1,0,0,8114
205,0,2015-01-31,-0.7818314824680299,0.6234898018587334,0.49999999999999994,0.8660254037844387,0.5086709438521044,0.8609610158889943,8114.0,4502.0,5421.0,6116.285714285715,6676.0,2784.5817587976467,5333.366666666667,5806.5,2389.6880691454467,110.0,0,0,1,0,0,0,1,0,0,6132
205,0,2015-02-01,-2.4492935982947064e-16,1.0,0.8660254037844386,0.5000000000000001,0.5234156073655503,0.8520775211013093,6132.0,0.0,0.0,6116.285714285715,6676.0,2784.5817587976467,5138.4,5697.5,2577.396609518725,110.0,0,0,1,0,0,0,1,0,0,0
205,0,2015-02-02,0.7818314824680298,0.6234898018587336,0.8660254037844386,0.5000000000000001,0.5380051715382996,0.8429415373547828,0.0,7656.0,5113.0,6386.571428571428,6676.0,3039.1318857607434,5268.966666666666,5935.0,2699.5319707163208,110.0,1,0,1,0,0,0,1,0,0,9548
205,0,2015-02-03,0.9749279121818236,-0.22252093395631434,0.8660254037844386,0.5000000000000001,0.5524353131676196,0.8335557718385699,9548.0,7583.0,4267.0,6294.0,6676.0,3006.306759685938,5500.133333333333,6119.0,2524.003589446781,110.0,1,0,1,0,0,0,1,0,0,6935
205,0,2015-02-04,0.43388373911755823,-0.900968867902419,0.8660254037844386,0.5000000000000001,0.5667017562911176,0.8239230057575542,6935.0,6676.0,4493.0,6260.571428571428,6653.0,3002.6499328172854,5457.033333333334,6119.0,2495.4025655929386,110.0,1,0,1,0,0,0,1,0,0,6442
205,0,2015-02-05,-0.433883739117558,-0.9009688679024191,0.8660254037844386,0.5000000000000001,0.5808002734538009,0.8140460935082178,6442.0,6653.0,4247.0,6341.142857142857,6935.0,3022.4370094661213,5453.633333333333,6119.0,2492.846323372949,110.0,1,0,1,0,0,0,1,0,0,7217
205,0,2015-02-06,-0.9749279121818236,-0.2225209339563146,0.8660254037844386,0.5000000000000001,0.5947266869607634,0.8039279618328213,7217.0,8114.0,5377.0,6147.0,6755.0,2931.8699379974823,5462.1,6119.0,2496.954204626109,110.0,1,0,1,0,0,0,1,0,0,6755
205,0,2015-02-07,-0.7818314824680299,0.6234898018587334,0.8660254037844386,0.5000000000000001,0.6084768701151261,0.7935716089521474,6755.0,6132.0,4502.0,6039.0,6755.0,2946.4027785306876,5460.466666666666,6119.0,2496.995335547732,110.0,0,0,1,0,0,0,1,0,0,5376
205,0,2015-02-08,-2.4492935982947064e-16,1.0,0.8660254037844386,0.5000000000000001,0.6220467484408675,0.7829801036770629,5376.0,0.0,0.0,6039.0,6755.0,2946.4027785306876,5284.466666666666,6119.0,2688.862299257405,110.0,0,0,1,0,0,0,1,0,0,0
205,0,2015-02-09,0.7818314824680298,0.6234898018587336,0.8660254037844386,0.5000000000000001,0.6354323008901774,0.7721565844991642,0.0,9548.0,7656.0,5438.285714285715,6442.0,2507.7568804468606,5270.433333333333,6119.0,2687.3714844439164,110.0,0,0,1,0,0,0,1,0,0,5343
205,0,2015-02-10,0.9749279121818236,-0.22252093395631434,0.8660254037844386,0.5000000000000001,0.6486295610349814,0.7611042586607747,5343.0,6935.0,7583.0,5236.714285714285,5524.0,2422.665316979469,5454.566666666667,6119.0,2496.250121245084,110.0,0,0,1,0,0,0,1,0,0,5524
205,0,2015-02-11,0.43388373911755823,-0.900968867902419,0.8660254037844386,0.5000000000000001,0.6616346182422783,0.7498264012045686,5524.0,6442.0,6676.0,5037.571428571428,5376.0,2363.653165274946,5351.7,5815.0,2445.0877023971543,110.0,0,0,1,0,0,0,1,0,0,5048
205,0,2015-02-12,-0.433883739117558,-0.9009688679024191,0.8660254037844386,0.5000000000000001,0.6744436188329455,0.7383263540031065,5048.0,7217.0,6653.0,4729.0,5343.0,2164.297114538568,5288.666666666667,5472.5,2426.8231018795113,110.0,0,0,1,0,0,0,1,0,0,5057
205,0,2015-02-13,-0.9749279121818236,-0.2225209339563146,0.8660254037844386,0.5000000000000001,0.6870527672236669,0.7266075247685656,5057.0,6755.0,8114.0,4509.0,5215.0,1995.737624705871,5252.533333333334,5399.0,2419.319692540166,110.0,0,0,1,0,0,0,1,0,0,5215
205,0,2015-02-14,-0.7818314824680299,0.6234898018587334,0.8660254037844386,0.5000000000000001,0.6994583270516471,0.7146733860429609,5215.0,5376.0,6132.0,4580.857142857143,5215.0,2040.7057136010026,5244.966666666666,5399.0,2416.9121291908577,110.0,0,0,1,0,0,0,1,0,0,5879
205,0,2015-02-15,-2.4492935982947064e-16,1.0,0.8660254037844386,0.5000000000000001,0.7116566222817746,0.702527474169157,5879.0,0.0,0.0,4580.857142857143,5215.0,2040.7057136010026,5019.1,5376.5,2580.013383418909,110.0,0,0,1,0,0,0,1,0,0,0
205,0,2015-02-16,0.7818314824680298,0.6234898018587336,0.8660254037844386,0.5000000000000001,0.7236440382959124,0.6901733882429719,0.0,5343.0,9548.0,5102.571428571428,5215.0,2645.290586252155,5138.233333333334,5376.5,2679.7971961780386,110.0,1,0,1,0,0,0,1,0,0,8995
205,0,2015-02-17,0.9749279121818236,-0.22252093395631434,0.8660254037844386,0.5000000000000001,0.7354170229639855,0.6776147890466889,8995.0,5524.0,6935.0,5433.714285714285,5215.0,2844.4288070006664,5399.633333333333,5450.5,2540.140445252821,110.0,1,0,1,0,0,0,1,0,0,7842
205,0,2015-02-18,0.43388373911755823,-0.900968867902419,0.8660254037844386,0.5000000000000001,0.7469720876965552,0.6648553979642865,7842.0,5048.0,6442.0,5686.857142857143,5879.0,2882.9699633405503,5456.533333333334,5701.5,2552.586554759747,110.0,1,0,1,0,0,0,1,0,0,6820
205,0,2015-02-19,-0.433883739117558,-0.9009688679024191,0.8660254037844386,0.5000000000000001,0.7583058084785625,0.6518989958787126,6820.0,5057.0,7217.0,5873.571428571428,6364.0,2877.697624672827,5526.433333333333,6005.5,2547.596374723781,110.0,1,0,1,0,0,0,1,0,0,6364
205,0,2015-02-20,-0.9749279121818236,-0.2225209339563146,0.8660254037844386,0.5000000000000001,0.7694148268839378,0.6387494220515272,6364.0,5215.0,6755.0,6114.0,6820.0,2883.8041426791374,5606.6,6248.0,2551.7916707745735,110.0,1,0,1,0,0,0,1,0,0,6898
205,0,2015-02-21,-0.7818314824680299,0.6234898018587334,0.8660254037844386,0.5000000000000001,0.7802958510707755,0.6254105729852463,6898.0,5879.0,5376.0,5953.428571428572,6820.0,2929.9923695658836,5623.533333333334,6248.0,2544.1324614904,110.0,0,0,1,0,0,0,1,0,0,4755
205,0,2015-02-22,-2.4492935982947064e-16,1.0,0.8660254037844386,0.5000000000000001,0.7909456567567772,0.6118864012687243,4755.0,0.0,0.0,5953.428571428572,6820.0,2929.9923695658836,5444.3,6248.0,2743.6780014903484,110.0,0,0,1,0,0,0,1,0,0,0
205,0,2015-02-23,0.7818314824680298,0.6234898018587336,0.8660254037844386,0.5000000000000001,0.8013610881746766,0.5981809144059164,0.0,8995.0,5343.0,5458.714285714285,6364.0,2605.1993342983505,5478.633333333333,6248.0,2737.9182814853984,110.0,0,0,1,0,0,0,1,0,0,5532
205,0,2015-02-24,0.9749279121818236,-0.22252093395631434,0.8660254037844386,0.5000000000000001,0.8115390590073611,0.5842981736283683,5532.0,7842.0,5524.0,5046.0,5532.0,2384.1751194071257,5643.733333333334,6248.0,2538.2102428249746,110.0,0,0,1,0,0,0,1,0,0,4953
205,0,2015-02-25,0.43388373911755823,-0.900968867902419,0.8660254037844386,0.5000000000000001,0.8214765533024142,0.5702422926917871,4953.0,6820.0,5048.0,4784.571428571428,4990.0,2254.0109329180855,5554.866666666667,6005.5,2511.8619105100643,110.0,0,0,1,0,0,0,1,0,0,4990
205,0,2015-02-26,-0.433883739117558,-0.9009688679024191,0.8660254037844386,0.5000000000000001,0.8311706263658079,0.5560174366570446,4990.0,6364.0,5057.0,4585.857142857143,4973.0,2150.499587582021,5467.866666666667,5705.5,2484.241585971716,110.0,0,0,1,0,0,0,1,0,0,4973
205,0,2015-02-27,-0.9749279121818236,-0.2225209339563146,0.8660254037844386,0.5000000000000001,0.8406184056344782,0.5416278206559814,4973.0,6898.0,5215.0,4471.428571428572,4973.0,2024.5897409222396,5448.566666666667,5705.5,2476.7698608627657,110.0,0,0,1,0,0,0,1,0,0,6097
205,0,2015-02-28,-0.7818314824680299,0.6234898018587334,0.8660254037844386,0.5000000000000001,0.8498170915275278,0.5270777086423722,6097.0,4755.0,5879.0,4762.857142857143,4990.0,2210.4991463898937,5453.3,5705.5,2479.285424722491,110.0,0,0,1,0,0,0,1,0,0,6795
205,0,2015-03-01,-2.4492935982947064e-16,1.0,1.0,6.123233995736766e-17,0.8587639582758029,0.5123714121284237,6795.0,0.0,0.0,4762.857142857143,4990.0,2210.4991463898937,5182.833333333333,5528.0,2617.7340831117767,110.0,0,0,1,0,0,0,1,0,0,0
205,0,2015-03-02,0.7818314824680298,0.6234898018587336,1.0,6.123233995736766e-17,0.8674563547295968,0.49751328890718066,0.0,5532.0,8995.0,5381.142857142857,4990.0,2944.802847309783,5307.1,5528.0,2749.514845605838,110.0,1,0,1,0,0,0,1,0,0,9860
205,0,2015-03-03,0.9749279121818236,-0.22252093395631434,1.0,6.123233995736766e-17,0.8758917051442429,0.48250774176121847,9860.0,4953.0,7842.0,5803.428571428572,6097.0,3081.9274735757426,5570.733333333334,5705.5,2598.10688285002,110.0,1,0,1,0,0,0,1,0,0,7909
205,0,2015-03-04,0.43388373911755823,-0.900968867902419,1.0,6.123233995736766e-17,0.8840675099433636,0.46735921715800227,7909.0,4990.0,6820.0,6093.285714285715,6795.0,3088.0816436900204,5486.433333333333,5705.5,2503.92969334113,110.0,1,0,1,0,0,0,1,0,0,7019
205,0,2015-03-05,-0.433883739117558,-0.9009688679024191,1.0,6.123233995736766e-17,0.8919813464595485,0.45207220393230435,7019.0,4973.0,6364.0,6343.285714285715,6795.0,3052.9081607698695,5479.366666666667,5705.5,2499.996599767803,110.0,1,0,1,0,0,0,1,0,0,6723
205,0,2015-03-06,-0.9749279121818236,-0.2225209339563146,1.0,6.123233995736766e-17,0.8996308696522433,0.43665123195606403,6723.0,6097.0,6898.0,6517.857142857143,7019.0,3071.3603082115224,5508.6,5705.5,2516.7128067628496,110.0,1,0,1,0,0,0,1,0,0,7319
205,0,2015-03-07,-0.7818314824680299,0.6234898018587334,1.0,6.123233995736766e-17,0.9070138128026359,0.4211008707960896,7319.0,6795.0,4755.0,6358.571428571428,7019.0,3083.4806554251286,5457.366666666667,5606.0,2496.2969745319715,110.0,0,0,1,0,0,0,1,0,0,5680
205,0,2015-03-08,-2.4492935982947064e-16,1.0,1.0,6.123233995736766e-17,0.9141279881853337,0.40542572835999735,5680.0,0.0,0.0,6358.571428571428,7019.0,3083.4806554251286,5232.2,5528.0,2673.5708834750417,110.0,0,0,1,0,0,0,1,0,0,0
205,0,2015-03-09,0.7818314824680298,0.6234898018587336,1.0,6.123233995736766e-17,0.9209712877166346,0.38963044953078796,0.0,9860.0,5532.0,5790.857142857143,6723.0,2669.40514151071,5249.2,5606.0,2676.1369662386423,110.0,0,0,1,0,0,0,1,0,0,5886
205,0,2015-03-10,0.9749279121818236,-0.22252093395631434,1.0,6.123233995736766e-17,0.9275416835791966,0.37371971479046906,5886.0,7909.0,4953.0,5392.285714285715,5886.0,2503.570497927955,5419.833333333333,5606.0,2486.369338715741,110.0,0,0,1,0,0,0,1,0,0,5119
205,0,2015-03-11,0.43388373911755823,-0.900968867902419,1.0,6.123233995736766e-17,0.9338372288229252,0.35769823883312546,5119.0,7019.0,4990.0,5068.285714285715,5680.0,2402.6862546107045,5400.1,5606.0,2489.3476136086965,110.0,0,0,1,0,0,0,1,0,0,4751
205,0,2015-03-12,-0.433883739117558,-0.9009688679024191,1.0,6.123233995736766e-17,0.9398560579418954,0.3415707691678556,4751.0,6723.0,4973.0,4792.571428571428,5119.0,2289.213173206226,5375.733333333334,5606.0,2491.669581976537,110.0,0,0,1,0,0,0,1,0,0,4793
205,0,2015-03-13,-0.9749279121818236,-0.2225209339563146,1.0,6.123233995736766e-17,0.9455963874271426,0.3253420847119801,4793.0,7319.0,6097.0,4449.142857142857,4915.0,2010.370067804374,5371.3,5606.0,2492.3910296796507,110.0,0,0,1,0,0,0,1,0,0,4915
205,0,2015-03-14,-0.7818314824680299,0.6234898018587334,1.0,6.123233995736766e-17,0.9510565162951535,0.30901699437494745,4915.0,5680.0,6795.0,4420.714285714285,4915.0,1991.3809876804567,5385.433333333333,5606.0,2491.7493880090915,110.0,0,0,1,0,0,0,1,0,0,5481
205,0,2015-03-15,-2.4492935982947064e-16,1.0,1.0,6.123233995736766e-17,0.9562348265919056,0.29260033563334836,5481.0,0.0,0.0,4420.714285714285,4915.0,1991.3809876804567,5211.6,5606.0,2678.9275981000437,110.0,0,0,1,0,0,0,1,0,0,0
205,0,2015-03-16,0.7818314824680298,0.6234898018587336,1.0,6.123233995736766e-17,0.9611297838723007,0.27609697309746883,0.0,5886.0,9860.0,4857.285714285715,4915.0,2606.2229831875875,5313.7,5606.0,2762.3120519618697,110.0,1,0,1,0,0,0,1,0,0,8942
205,0,2015-03-17,0.9749279121818236,-0.22252093395631434,1.0,6.123233995736766e-17,0.9657399376548549,0.2595117970697999,8942.0,5119.0,7909.0,5256.142857142857,4915.0,2854.746248418084,5577.4,5783.0,2611.018411430221,110.0,1,0,1,0,0,0,1,0,0,7911
205,0,2015-03-18,0.43388373911755823,-0.900968867902419,1.0,6.123233995736766e-17,0.970063921851507,0.2428497220959356,7911.0,4751.0,7019.0,5502.714285714285,5481.0,2878.2864528677296,5493.466666666666,5783.0,2536.7848471873895,110.0,1,0,1,0,0,0,1,0,0,6477
205,0,2015-03-19,-0.433883739117558,-0.9009688679024191,1.0,6.123233995736766e-17,0.9741004551724205,0.22611568550828828,6477.0,4793.0,6723.0,5868.285714285715,6477.0,2935.0713628056665,5477.133333333333,5783.0,2522.68041264997,110.0,1,0,1,0,0,0,1,0,0,7352
205,0,2015-03-20,-0.9749279121818236,-0.2225209339563146,1.0,6.123233995736766e-17,0.9778483415056568,0.20931464596304847,7352.0,4915.0,7319.0,6193.285714285715,7190.0,2937.8751796883053,5489.466666666666,5783.0,2530.364805828345,110.0,1,0,1,0,0,0,1,0,0,7190
205,0,2015-03-21,-0.7818314824680299,0.6234898018587334,1.0,6.123233995736766e-17,0.9813064702716093,0.19245158197082998,7190.0,5481.0,5680.0,6174.857142857143,7190.0,2943.487071970448,5455.733333333334,5606.0,2525.0441161503995,110.0,0,0,1,0,0,0,1,0,0,5352
205,0,2015-03-22,-2.4492935982947064e-16,1.0,1.0,6.123233995736766e-17,0.9844738167520922,0.1755314904214282,5352.0,0.0,0.0,6174.857142857143,7190.0,2943.4870719704477,5225.8,5506.5,2697.3703592892866,110.0,0,0,1,0,0,0,1,0,0,0
205,0,2015-03-23,0.7818314824680298,0.6234898018587336,1.0,6.123233995736766e-17,0.9873494423939864,0.15855938510313478,0.0,8942.0,5886.0,5730.571428571428,6477.0,2679.037131579358,5261.7,5606.0,2698.0552402258827,110.0,0,0,1,0,0,0,1,0,0,5832
205,0,2015-03-24,0.9749279121818236,-0.22252093395631434,1.0,6.123233995736766e-17,0.989932495087353,0.141540295217043,5832.0,7911.0,5119.0,5320.571428571428,5832.0,2503.5967365068213,5429.733333333334,5606.0,2509.4423468081563,110.0,0,0,1,0,0,0,1,0,0,5041
205,0,2015-03-25,0.43388373911755823,-0.900968867902419,1.0,6.123233995736766e-17,0.9922222094179323,0.12447926388678915,5041.0,6477.0,4751.0,5103.285714285715,5352.0,2451.9744910504032,5410.533333333334,5580.5,2510.8360433890566,110.0,0,0,1,0,0,0,1,0,0,4956
205,0,2015-03-26,-0.433883739117558,-0.9009688679024191,1.0,6.123233995736766e-17,0.994217906893952,0.10738134666416309,4956.0,7352.0,4793.0,4668.428571428572,5041.0,2248.1522677629246,5389.033333333334,5580.5,2517.6412535564314,110.0,0,0,1,0,0,0,1,0,0,4308
205,0,2015-03-27,-0.9749279121818236,-0.2225209339563146,1.0,6.123233995736766e-17,0.995918996147179,0.09025161003104117,4308.0,7190.0,4915.0,4304.857142857143,4956.0,1959.679772188241,5377.533333333334,5580.5,2520.3133184166823,110.0,0,0,1,0,0,0,1,0,0,4645
205,0,2015-03-28,-0.7818314824680299,0.6234898018587334,1.0,6.123233995736766e-17,0.9973249731081555,0.07309512989807777,4645.0,5352.0,5481.0,4374.857142857143,4956.0,2011.3871190939583,5406.5,5756.0,2520.4974023339955,110.0,0,0,1,0,0,0,1,0,0,5842
205,0,2015-03-29,-2.4492935982947064e-16,1.0,1.0,6.123233995736766e-17,0.9984354211555643,0.055916990100603484,5842.0,0.0,0.0,4374.857142857143,4956.0,2011.3871190939583,5203.266666666666,5580.5,2702.1616242701252,110.0,0,0,1,0,0,0,1,0,0,0
205,0,2015-03-30,0.7818314824680298,0.6234898018587336,1.0,6.123233995736766e-17,0.9992500112396835,0.03872228089217446,0.0,5832.0,8942.0,4965.571428571428,4956.0,2914.911711478456,5309.0,5580.5,2825.8218212614265,110.0,1,0,1,0,0,0,1,0,0,9967
205,0,2015-03-31,0.9749279121818236,-0.22252093395631434,1.0,6.123233995736766e-17,0.9997685019798909,0.021516097436222254,9967.0,5041.0,7911.0,5585.0,4956.0,3360.2934395674433,5621.566666666667,5756.0,2735.4946937510663,110.0,1,0,1,0,0,0,1,0,0,9377
205,0,2015-04-01,0.43388373911755823,-0.900968867902419,0.8660254037844387,-0.49999999999999983,0.9999907397361901,0.004303538296244289,9377.0,4956.0,6477.0,6273.142857142857,5842.0,3687.328546457969,5618.666666666667,5756.0,2730.8886684631143,110.0,1,0,1,0,0,0,1,0,0,9773
205,0,2015-04-02,-0.433883739117558,-0.9009688679024191,0.8660254037844387,-0.49999999999999983,0.9999166586547379,-0.01291029607500882,9773.0,4308.0,7352.0,7134.428571428572,9377.0,3852.246264936128,5699.6,5756.0,2835.0963688540937,110.0,1,0,1,0,0,0,1,0,0,10337
205,0,2015-04-03,-0.9749279121818236,-0.2225209339563146,0.8660254037844387,-0.49999999999999983,0.9995462806873573,-0.030120304846908114,10337.0,4645.0,7190.0,6470.857142857143,9377.0,4666.535739659973,5465.633333333333,5580.5,3006.875930416742,110.0,1,0,1,0,0,0,1,0,0,0
205,0,2015-04-04,-0.7818314824680299,0.6234898018587334,0.8660254037844387,-0.49999999999999983,0.9988797155850336,-0.04732138832243185,0.0,5842.0,5352.0,6794.428571428572,9377.0,4694.108856042966,5511.766666666666,5580.5,3037.295651515119,110.0,0,0,1,0,0,0,1,0,0,8107
205,0,2015-04-05,-2.4492935982947064e-16,1.0,0.8660254037844387,-0.49999999999999983,0.9979171608653922,-0.06450844944931623,8107.0,0.0,0.0,6794.428571428572,9377.0,4694.108856042966,5267.8,5416.5,3177.8200552341345,110.0,0,0,1,0,0,0,1,0,0,0
205,0,2015-04-06,0.7818314824680298,0.6234898018587336,0.8660254037844387,-0.49999999999999983,0.9966589017541702,-0.08167639533042241,0.0,9967.0,5832.0,5370.571428571428,8107.0,5068.126111859716,5078.466666666666,5235.5,3318.506433190455,110.0,0,0,1,0,0,0,1,0,0,0
205,0,2015-04-07,0.9749279121818236,-0.22252093395631434,0.8660254037844387,-0.49999999999999983,0.9951053111006976,-0.09882013873287143,0.0,9377.0,5041.0,4971.428571428572,6583.0,4803.10180533173,5297.9,5416.5,3186.1247172377143,110.0,0,0,1,0,0,0,1,0,0,6583
205,0,2015-04-08,0.43388373911755823,-0.900968867902419,0.8660254037844387,-0.49999999999999983,0.9932568492674143,-0.11593459959550041,6583.0,9773.0,4956.0,4432.428571428572,6000.0,4366.309381966374,5301.7,5416.5,3186.918197342337,110.0,0,0,1,0,0,0,1,0,0,6000
205,0,2015-04-09,-0.433883739117558,-0.9009688679024191,0.8660254037844387,-0.49999999999999983,0.9911140639934547,-0.1330147065341959,6000.0,10337.0,4308.0,3742.714285714286,5509.0,3590.567444211082,5314.7,5495.0,3186.9426723039323,110.0,0,0,1,0,0,0,1,0,0,5509
205,0,2015-04-10,-0.9749279121818236,-0.2225209339563146,0.8660254037844387,-0.49999999999999983,0.9886775902323405,-0.1500553983446526,5509.0,0.0,4645.0,4466.571428571428,5509.0,3199.7678487218795,5325.233333333334,5495.0,3185.5372164630676,110.0,0,0,1,0,0,0,1,0,0,5067
205,0,2015-04-11,-0.7818314824680299,0.6234898018587334,0.8660254037844387,-0.49999999999999983,0.9859481499638304,-0.16705162550211924,5067.0,8107.0,5842.0,4065.714285714286,5301.0,2821.04683372949,5342.166666666667,5495.0,3183.9602653400643,110.0,0,0,1,0,0,0,1,0,0,5301
205,0,2015-04-12,-2.4492935982947064e-16,1.0,0.8660254037844387,-0.49999999999999983,0.9829265519799822,-0.18399835165768005,5301.0,0.0,0.0,4065.714285714286,5301.0,2821.04683372949,5178.333333333333,5495.0,3329.8105914169714,110.0,0,0,1,0,0,0,1,0,0,0
205,0,2015-04-13,0.7818314824680298,0.6234898018587336,0.8660254037844387,-0.49999999999999983,0.9796136916454901,-0.20089055513063506,0.0,0.0,9967.0,5332.571428571428,5509.0,2678.533731798229,5291.233333333334,5670.5,3397.1649405545995,110.0,1,0,1,0,0,0,1,0,0,8868
205,0,2015-04-14,0.9749279121818236,-0.22252093395631434,0.8660254037844387,-0.49999999999999983,0.9760105506323683,-0.21772323039653177,8868.0,6583.0,9377.0,5482.428571428572,5509.0,2787.288339177396,5545.633333333333,5837.0,3270.672275967376,110.0,1,0,1,0,0,0,1,0,0,7632
205,0,2015-04-15,0.43388373911755823,-0.900968867902419,0.8660254037844387,-0.49999999999999983,0.9721181966290613,-0.23449138957040985,7632.0,6000.0,9773.0,5692.142857142857,5509.0,2886.19157533311,5496.5,5837.0,3228.6934557239233,110.0,1,0,1,0,0,0,1,0,0,7468
205,0,2015-04-16,-0.433883739117558,-0.9009688679024191,0.8660254037844387,-0.49999999999999983,0.9679377830240642,-0.25119006388481935,7468.0,5509.0,10337.0,5874.571428571428,6786.0,2912.9204049740706,5459.0,5837.0,3206.1374010610907,110.0,1,0,1,0,0,0,1,0,0,6786
205,0,2015-04-17,-0.9749279121818236,-0.2225209339563146,0.8660254037844387,-0.49999999999999983,0.9634705485641488,-0.2678143051621742,6786.0,5067.0,0.0,6181.142857142857,7213.0,2926.6576174065594,5483.533333333334,5837.0,3216.9932924515347,110.0,1,0,1,0,0,0,1,0,0,7213
205,0,2015-04-18,-0.7818314824680299,0.6234898018587334,0.8660254037844387,-0.49999999999999983,0.9587178169872964,-0.2843591872810034,7213.0,5301.0,8107.0,6095.285714285715,7213.0,2965.3409424148736,5395.133333333333,5670.5,3200.2728841980547,110.0,0,0,1,0,0,0,1,0,0,4700
205,0,2015-04-19,-2.4492935982947064e-16,1.0,0.8660254037844387,-0.49999999999999983,0.9536809966304457,-0.30081980763566735,4700.0,0.0,0.0,6095.285714285715,7213.0,2965.3409424148736,5155.466666666666,5430.5,3327.9037798313957,110.0,0,0,1,0,0,0,1,0,0,0
205,0,2015-04-20,0.7818314824680298,0.6234898018587336,0.8660254037844387,-0.49999999999999983,0.9483615800121715,-0.3171912885891061,0.0,8868.0,0.0,5639.0,6786.0,2701.593418706821,5166.2,5591.5,3329.078565692273,110.0,0,0,1,0,0,0,1,0,0,5674
205,0,2015-04-21,0.9749279121818236,-0.22252093395631434,0.8660254037844387,-0.49999999999999983,0.9427611433904207,-0.3334687789181868,5674.0,7632.0,6583.0,5234.571428571428,5674.0,2561.7994884548657,5326.233333333334,5591.5,3184.4210612609477,110.0,0,0,1,0,0,0,1,0,0,4801
205,0,2015-04-22,0.43388373911755823,-0.900968867902419,0.8660254037844387,-0.49999999999999983,0.9368813462954315,-0.3496474552512284,4801.0,7468.0,6000.0,4820.714285714285,4801.0,2367.4909161589644,5284.2,5405.0,3185.8369809149867,110.0,0,0,1,0,0,0,1,0,0,4571
205,0,2015-04-23,-0.433883739117558,-0.9009688679024191,0.8660254037844387,-0.49999999999999983,0.9307239310379795,-0.36572252349726897,4571.0,6786.0,5509.0,4467.428571428572,4700.0,2204.2319037964785,5259.933333333333,5405.0,3190.5224837854116,110.0,0,0,1,0,0,0,1,0,0,4313
205,0,2015-04-24,-0.9749279121818236,-0.2225209339563146,0.8660254037844387,-0.49999999999999983,0.9242907221930934,-0.3816892202666588,4313.0,7213.0,5067.0,4171.857142857143,4700.0,1891.2023890082269,5266.2,5405.0,3190.089528524239,110.0,0,0,1,0,0,0,1,0,0,5144
205,0,2015-04-25,-0.7818314824680299,0.6234898018587334,0.8660254037844387,-0.49999999999999983,0.9175836260593937,-0.39754281428255595,5144.0,4700.0,5301.0,4254.428571428572,4801.0,1930.3181825062516,5298.533333333334,5405.0,3184.954357203768,110.0,0,0,1,0,0,0,1,0,0,5278
205,0,2015-04-26,-2.4492935982947064e-16,1.0,0.8660254037844387,-0.49999999999999983,0.9106046300942163,-0.4132786077829042,5278.0,0.0,0.0,4254.428571428572,4801.0,1930.3181825062516,5143.7,5405.0,3327.535291141643,110.0,0,0,1,0,0,0,1,0,0,0
205,0,2015-04-27,0.7818314824680298,0.6234898018587336,0.8660254037844387,-0.49999999999999983,0.9033558023246845,-0.4288919379124835,0.0,5674.0,8868.0,4722.857142857143,4801.0,2610.305948132731,5247.4,5405.0,3397.7821123136514,110.0,1,0,1,0,0,0,1,0,0,8953
205,0,2015-04-28,0.9749279121818236,-0.22252093395631434,0.8660254037844387,-0.49999999999999983,0.895839290734909,-0.4443781781046132,8953.0,4801.0,7632.0,5104.571428571428,5144.0,2811.2696335252053,5496.5,5591.5,3271.3982010227946,110.0,1,0,1,0,0,0,1,0,0,7473
205,0,2015-04-29,0.43388373911755823,-0.900968867902419,0.8660254037844387,-0.49999999999999983,0.8880573226294932,-0.45973273945210397,7473.0,4571.0,7468.0,5664.714285714285,5278.0,3066.297317302295,5447.333333333333,5591.5,3212.445994000182,110.0,1,0,1,0,0,0,1,0,0,8492
205,0,2015-04-30,-0.433883739117558,-0.9009688679024191,0.8660254037844387,-0.49999999999999983,0.8800122039735357,-0.47495107206704995,8492.0,4313.0,6786.0,6526.571428571428,7473.0,3447.240338644958,5479.633333333333,5591.5,3257.8701788590124,110.0,1,0,1,0,0,0,1,0,0,10346
205,0,2015-05-01,-0.9749279121818236,-0.2225209339563146,0.49999999999999994,-0.8660254037844387,0.8717063187093218,-0.49002866642905923,10346.0,5144.0,7213.0,5791.714285714285,7473.0,4246.671665916175,5153.866666666667,5405.0,3302.076104861734,110.0,1,0,1,0,0,0,1,0,0,0
205,0,2015-05-02,-0.7818314824680299,0.6234898018587334,0.49999999999999994,-0.8660254037844387,0.8631421280499114,-0.5049610547215204,0.0,5278.0,4700.0,6114.857142857143,7540.0,4286.936996215811,5060.633333333333,5405.0,3188.208225399611,110.0,0,0,1,0,0,0,1,0,0,7540
205,0,2015-05-03,-2.4492935982947064e-16,1.0,0.49999999999999994,-0.8660254037844387,0.854322169749827,-0.5197438121555155,7540.0,0.0,0.0,6114.857142857143,7540.0,4286.936996215811,5060.633333333333,5405.0,3188.208225399611,110.0,0,0,1,0,0,0,1,0,0,0
205,0,2015-05-04,0.7818314824680298,0.6234898018587336,0.49999999999999994,-0.8660254037844387,0.8452490573530633,-0.5343725582809787,0.0,8953.0,5674.0,6265.857142857143,7540.0,4420.114041838421,5124.066666666667,5405.0,3268.8216049606413,110.0,1,0,1,0,0,0,1,0,0,10010
205,0,2015-05-05,0.9749279121818236,-0.22252093395631434,0.49999999999999994,-0.8660254037844387,0.835925479418637,-0.548842958284719,10010.0,7473.0,4801.0,6325.857142857143,7893.0,4442.027481101078,5387.166666666667,5591.5,3157.939802917493,110.0,1,0,1,0,0,0,1,0,0,7893
205,0,2015-05-06,0.43388373911755823,-0.900968867902419,0.49999999999999994,-0.8660254037844387,0.8263541987239096,-0.5631507242749186,7893.0,8492.0,4571.0,6136.428571428572,7540.0,4361.806424603724,5626.033333333334,5837.0,3003.652345502669,110.0,1,0,1,0,0,0,1,0,0,7166
205,0,2015-05-07,-0.433883739117558,-0.9009688679024191,0.49999999999999994,-0.8660254037844387,0.8165380514459161,-0.5772916165517272,7166.0,10346.0,4313.0,5709.142857142857,7355.0,4013.280969837168,5651.766666666666,5837.0,3015.417677746215,110.0,1,0,1,0,0,0,1,0,0,7355
205,0,2015-05-08,-0.9749279121818236,-0.2225209339563146,0.49999999999999994,-0.8660254037844387,0.8064799463209448,-0.5912614448635781,7355.0,0.0,5144.0,6713.571428571428,7355.0,3128.6152877986897,5686.133333333333,6230.0,3025.3820247040385,110.0,1,0,1,0,0,0,1,0,0,7031
205,0,2015-05-09,-0.7818314824680299,0.6234898018587334,0.49999999999999994,-0.8660254037844387,0.7961828637826158,-0.6050560696488488,7031.0,7540.0,5278.0,6493.571428571428,7166.0,3114.9318268164934,5702.5,6393.0,3025.7188117183355,110.0,0,0,1,0,0,0,1,0,0,6000
205,0,2015-05-10,-2.4492935982947064e-16,1.0,0.49999999999999994,-0.8660254037844387,0.7856498550787145,-0.6186714032625031,6000.0,0.0,0.0,6493.571428571428,7166.0,3114.9318268164934,5533.6,6393.0,3198.8849630608097,110.0,0,0,1,0,0,0,1,0,0,0
205,0,2015-05-11,0.7818314824680298,0.6234898018587336,0.49999999999999994,-0.8660254037844387,0.7748840413670407,-0.6321034111873487,0.0,10010.0,8953.0,5943.0,7031.0,2703.195146488693,5562.1,6471.0,3200.5495040049314,110.0,0,0,1,0,0,0,1,0,0,6156
205,0,2015-05-12,0.9749279121818236,-0.22252093395631434,0.49999999999999994,-0.8660254037844387,0.7638886127905428,-0.6453481132295501,6156.0,7893.0,7473.0,5671.0,6156.0,2566.622683605834,5761.733333333334,6471.0,3023.5380044523713,110.0,0,0,1,0,0,0,1,0,0,5989
205,0,2015-05-13,0.43388373911755823,-0.900968867902419,0.49999999999999994,-0.8660254037844387,0.7526668275320084,-0.6584015846980488,5989.0,7166.0,8492.0,5569.857142857143,6156.0,2511.2429477963997,5681.4,6307.0,2969.69736760708,110.0,0,0,1,0,0,0,1,0,0,6458
205,0,2015-05-14,-0.433883739117558,-0.9009688679024191,0.49999999999999994,-0.8660254037844387,0.741222010848596,-0.6712599575675313,6458.0,7355.0,10346.0,4519.142857142857,6000.0,3107.6952032318804,5427.0,6078.0,3119.935101004949,110.0,0,0,1,0,0,0,1,0,0,0
205,0,2015-05-15,-0.9749279121818236,-0.2225209339563146,0.49999999999999994,-0.8660254037844387,0.7295575540864875,-0.6839194216246106,0.0,7031.0,0.0,4433.428571428572,6000.0,3034.275303766548,5392.433333333333,6078.0,3102.2369313385657,110.0,0,0,1,0,0,0,1,0,0,6431
205,0,2015-05-16,-0.7818314824680299,0.6234898018587334,0.49999999999999994,-0.8660254037844387,0.717676913675962,-0.6963762255968722,6431.0,6000.0,7540.0,4355.571428571428,5989.0,2994.1050336253916,5348.066666666667,5994.5,3091.1173064603763,110.0,0,0,1,0,0,0,1,0,0,5455
205,0,2015-05-17,-2.4492935982947064e-16,1.0,0.49999999999999994,-0.8660254037844387,0.705583610107178,-0.7086266782644596,5455.0,0.0,0.0,4355.571428571428,5989.0,2994.1050336253916,5107.633333333333,5831.5,3218.935222145331,110.0,0,0,1,0,0,0,1,0,0,0
205,0,2015-05-18,0.7818314824680298,0.6234898018587336,0.49999999999999994,-0.8660254037844387,0.6932812268869777,-0.7206671495538609,0.0,6156.0,10010.0,4843.714285714285,5989.0,3561.3673270382005,5270.066666666667,5994.5,3319.0493646611335,110.0,1,0,1,0,0,0,1,0,0,9573
205,0,2015-05-19,0.9749279121818236,-0.22252093395631434,0.49999999999999994,-0.8660254037844387,0.6807734094770161,-0.7324940716135789,9573.0,5989.0,7893.0,5089.714285714285,6431.0,3710.032781269625,5527.1,6078.0,3193.0373643828275,110.0,1,0,1,0,0,0,1,0,0,7711
205,0,2015-05-20,0.43388373911755823,-0.900968867902419,0.49999999999999994,-0.8660254037844387,0.6680638642135335,-0.7441039398713607,7711.0,6458.0,7166.0,5082.142857142857,6405.0,3706.827683638729,5551.466666666666,6280.5,3196.9838019428666,110.0,1,0,1,0,0,0,1,0,0,6405
205,0,2015-05-21,-0.433883739117558,-0.9009688679024191,0.49999999999999994,-0.8660254037844387,0.6551563572090853,-0.7554933140726803,6405.0,0.0,7355.0,6028.428571428572,6431.0,2964.354334260271,5612.233333333334,6418.0,3199.551732431554,110.0,1,0,1,0,0,0,1,0,0,6624
205,0,2015-05-22,-0.9749279121818236,-0.2225209339563146,0.49999999999999994,-0.8660254037844387,0.6420547132365637,-0.766658819300159,6624.0,6431.0,7031.0,6083.285714285715,6624.0,2976.5736854245592,5687.033333333334,6444.5,3200.600358373879,110.0,1,0,1,0,0,0,1,0,0,6815
205,0,2015-05-23,-0.7818314824680299,0.6234898018587334,0.49999999999999994,-0.8660254037844387,0.6287628145958344,-0.777597146973627,6815.0,5455.0,6000.0,6149.571428571428,6624.0,2965.3958621148136,5740.566666666667,6444.5,3190.239983226141,110.0,0,0,1,0,0,0,1,0,0,5919
205,0,2015-05-24,-2.4492935982947064e-16,1.0,0.49999999999999994,-0.8660254037844387,0.6152845999633276,-0.7883050558305255,5919.0,0.0,0.0,6149.571428571428,6624.0,2965.3958621148136,5569.1,6444.5,3357.2746166681313,110.0,0,0,1,0,0,0,1,0,0,0
205,0,2015-05-25,0.7818314824680298,0.6234898018587336,0.49999999999999994,-0.8660254037844387,0.6016240632249226,-0.7987793728863649,0.0,9573.0,6156.0,4782.0,6405.0,3310.766275854173,5393.166666666667,6444.5,3507.9665598545084,110.0,0,0,1,0,0,0,1,0,0,0
205,0,2015-05-26,0.9749279121818236,-0.22252093395631434,0.49999999999999994,-0.8660254037844387,0.5877852522924732,-0.8090169943749473,0.0,7711.0,5989.0,4566.714285714285,6204.0,3132.774261166696,5599.966666666666,6444.5,3358.76244125446,110.0,0,0,1,0,0,0,1,0,0,6204
205,0,2015-05-27,0.43388373911755823,-0.900968867902419,0.49999999999999994,-0.8660254037844387,0.5737722679043246,-0.8190148866680801,6204.0,6405.0,6458.0,4417.857142857143,5919.0,3054.6498669280854,5480.3,6418.0,3298.5941953379547,110.0,0,0,1,0,0,0,1,0,0,5363
205,0,2015-05-28,-0.433883739117558,-0.9009688679024191,0.49999999999999994,-0.8660254037844387,0.5595892624101765,-0.8287700871745037,5363.0,6624.0,0.0,4129.714285714285,5363.0,2903.2407016002853,5384.766666666666,6304.5,3280.343691868524,110.0,0,0,1,0,0,0,1,0,0,4607
205,0,2015-05-29,-0.9749279121818236,-0.2225209339563146,0.49999999999999994,-0.8660254037844387,0.545240438540651,-0.8382797052177743,4607.0,6815.0,6431.0,4069.0,5363.0,2841.5127426542736,5314.7,6297.0,3233.804753345295,110.0,0,0,1,0,0,0,1,0,0,6390
205,0,2015-05-30,-0.7818314824680299,0.6234898018587334,0.49999999999999994,-0.8660254037844387,0.5307300481619334,-0.8475409228928311,6390.0,5919.0,5455.0,4212.0,5363.0,2972.30903507693,5200.5,6297.0,3108.048847417144,110.0,0,0,1,0,0,0,1,0,0,6920
205,0,2015-05-31,-2.4492935982947064e-16,1.0,0.49999999999999994,-0.8660254037844387,0.5160623910158528,-0.8565509959010036,6920.0,0.0,0.0,4212.0,5363.0,2972.30903507693,5200.5,6297.0,3108.048847417144,110.0,0,0,1,0,0,0,1,0,0,0
205,0,2015-06-01,0.7818314824680298,0.6234898018587336,1.2246467991473532e-16,-1.0,0.5012418134457758,-0.865307254363206,0.0,0.0,9573.0,5685.142857142857,6204.0,3089.9226758702493,5292.9,6297.0,3219.215478963781,110.0,1,0,1,0,0,0,1,0,0,10312
205,0,2015-06-02,0.9749279121818236,-0.22252093395631434,1.2246467991473532e-16,-1.0,0.48627270710869,-0.8738071036110808,10312.0,6204.0,7711.0,6062.857142857143,6390.0,3317.1651767019152,5587.833333333333,6397.5,3121.402625515447,110.0,1,0,1,0,0,0,1,0,0,8848
205,0,2015-06-03,0.43388373911755823,-0.900968867902419,1.2246467991473532e-16,-1.0,0.4711595076738638,-0.8820480249558537,8848.0,5363.0,6405.0,6543.428571428572,6920.0,3440.26945926929,5545.066666666667,6397.5,3067.040671096641,110.0,1,0,1,0,0,0,1,0,0,8727
205,0,2015-06-04,-0.433883739117558,-0.9009688679024191,1.2246467991473532e-16,-1.0,0.4559066935084588,-0.8900275764346767,8727.0,4607.0,6624.0,6994.571428571428,7765.0,3349.8879512178264,5540.8,6397.5,3063.749015109792,110.0,1,0,1,0,0,0,1,0,0,7765
205,0,2015-06-05,-0.9749279121818236,-0.2225209339563146,1.2246467991473532e-16,-1.0,0.440518784350495,-0.8977433935342337,7765.0,6390.0,6815.0,7209.0,7891.0,3352.777853263384,5564.966666666666,6397.5,3079.827732344709,110.0,1,0,1,0,0,0,1,0,0,7891
205,0,2015-06-06,-0.7818314824680299,0.6234898018587334,1.2246467991473532e-16,-1.0,0.42500033996955416,-0.9051931898913974,7891.0,6920.0,5919.0,6899.428571428572,7891.0,3481.4817179443908,5478.233333333334,6297.0,3064.278152983274,110.0,0,0,1,0,0,0,1,0,0,4753
205,0,2015-06-07,-2.4492935982947064e-16,1.0,1.2246467991473532e-16,-1.0,0.4093559588156213,-0.9123747579707273,4753.0,0.0,0.0,6899.428571428572,7891.0,3481.4817179443908,5243.866666666667,6180.0,3206.9769924159204,110.0,0,0,1,0,0,0,1,0,0,0
205,0,2015-06-08,0.7818314824680298,0.6234898018587336,1.2246467991473532e-16,-1.0,0.39359027665646673,-0.9192859697186104,0.0,10312.0,0.0,6227.714285714285,7765.0,3151.2661854290595,5230.866666666667,6180.0,3204.5957702297987,110.0,0,0,1,0,0,0,1,0,0,5610
205,0,2015-06-09,0.9749279121818236,-0.22252093395631434,1.2246467991473532e-16,-1.0,0.3777079652039649,-0.9259247771938498,5610.0,8848.0,6204.0,5729.428571428572,5610.0,2936.3208758094383,5409.533333333334,6180.0,3048.5193888784474,110.0,0,0,1,0,0,0,1,0,0,5360
205,0,2015-06-10,0.43388373911755823,-0.900968867902419,1.2246467991473532e-16,-1.0,0.36171373072976765,-0.9322892131745133,5360.0,8727.0,5363.0,5156.285714285715,5360.0,2629.1970709886377,5361.5,6096.5,3047.704571504991,110.0,0,0,1,0,0,0,1,0,0,4715
205,0,2015-06-11,-0.433883739117558,-0.9009688679024191,1.2246467991473532e-16,-1.0,0.3456123126707335,-0.9383773917408641,4715.0,7765.0,4607.0,4822.857142857143,5360.0,2379.3528131665944,5342.9,6061.5,3045.4447990626813,110.0,0,0,1,0,0,0,1,0,0,5431
205,0,2015-06-12,-0.9749279121818236,-0.2225209339563146,1.2246467991473532e-16,-1.0,0.3294084822245304,-0.9441875088341993,5431.0,7891.0,6390.0,4411.142857142857,5009.0,1974.9475460183162,5294.6,5764.5,3038.6325259211935,110.0,0,0,1,0,0,0,1,0,0,5009
205,0,2015-06-13,-0.7818314824680299,0.6234898018587334,1.2246467991473532e-16,-1.0,0.3131070409358269,-0.9497178427914316,5009.0,4753.0,6920.0,4496.714285714285,5352.0,2004.9769503484408,5473.0,5764.5,2869.4649867779945,110.0,0,0,1,0,0,0,1,0,0,5352
205,0,2015-06-14,-2.4492935982947064e-16,1.0,1.2246467991473532e-16,-1.0,0.29671281927349075,-0.9549667548552551,5352.0,0.0,0.0,4496.714285714285,5352.0,2004.9769503484408,5258.633333333333,5532.5,3031.0941632415156,110.0,0,0,1,0,0,0,1,0,0,0
205,0,2015-06-15,0.7818314824680298,0.6234898018587336,1.2246467991473532e-16,-1.0,0.28023067519921585,-0.9599326896597447,0.0,5610.0,10312.0,5171.0,5352.0,2992.345345488495,5421.133333333333,5764.5,3169.501404641272,110.0,1,0,1,0,0,0,1,0,0,10330
205,0,2015-06-16,0.9749279121818236,-0.22252093395631434,1.2246467991473532e-16,-1.0,0.26366549272800704,-0.9646141756912435,10330.0,5360.0,8848.0,5520.857142857143,5352.0,3156.77332248038,5681.433333333333,6061.5,3026.36104101522,110.0,1,0,1,0,0,0,1,0,0,7809
205,0,2015-06-17,0.43388373911755823,-0.900968867902419,1.2246467991473532e-16,-1.0,0.24702218048093552,-0.9690098257244062,7809.0,4715.0,8727.0,5873.714285714285,5431.0,3189.5588887433837,5601.833333333333,6061.5,2950.9397110345935,110.0,1,0,1,0,0,0,1,0,0,7185
205,0,2015-06-18,-0.433883739117558,-0.9009688679024191,1.2246467991473532e-16,-1.0,0.23030567023061221,-0.9731183372332619,7185.0,5431.0,7765.0,5992.285714285715,6261.0,3185.7834051865384,5553.5,6061.5,2926.979987090379,110.0,1,0,1,0,0,0,1,0,0,6261
205,0,2015-06-19,-0.9749279121818236,-0.2225209339563146,1.2246467991473532e-16,-1.0,0.21352091543979612,-0.9769384927771817,6261.0,5009.0,7891.0,6224.857142857143,6637.0,3161.36771184939,5561.233333333334,6061.5,2929.6125986486554,110.0,1,0,1,0,0,0,1,0,0,6637
205,0,2015-06-20,-0.7818314824680299,0.6234898018587334,1.2246467991473532e-16,-1.0,0.19667288979357647,-0.980469160361632,6637.0,5352.0,4753.0,6266.0,6637.0,3149.96835962946,5528.433333333333,5779.5,2922.804070295055,110.0,0,0,1,0,0,0,1,0,0,5640
205,0,2015-06-21,-2.4492935982947064e-16,1.0,1.2246467991473532e-16,-1.0,0.1797665857255624,-0.9837092937736097,5640.0,0.0,0.0,6266.0,6637.0,3149.96835962946,5301.266666666666,5625.0,3079.973722831631,110.0,0,0,1,0,0,0,1,0,0,0
205,0,2015-06-22,0.7818314824680298,0.6234898018587336,1.2246467991473532e-16,-1.0,0.16280701293851715,-0.986657932891657,0.0,10330.0,5610.0,5522.857142857143,6261.0,2596.373203051483,5274.9,5520.5,3077.8881961948946,110.0,0,0,1,0,0,0,1,0,0,5128
205,0,2015-06-23,0.9749279121818236,-0.22252093395631434,1.2246467991473532e-16,-1.0,0.1457991969198751,-0.9893142039703663,5128.0,7809.0,5360.0,5047.142857142857,5640.0,2405.7563903113296,5424.2,5520.5,2917.6552276761918,110.0,0,0,1,0,0,0,1,0,0,4479
205,0,2015-06-24,0.43388373911755823,-0.900968867902419,1.2246467991473532e-16,-1.0,0.12874817745258132,-0.99167731989929,4479.0,7185.0,4715.0,4698.0,5128.0,2213.4425675856087,5582.233333333334,5520.5,2736.498072774556,110.0,0,0,1,0,0,0,1,0,0,4741
205,0,2015-06-25,-0.433883739117558,-0.9009688679024191,1.2246467991473532e-16,-1.0,0.11165900712169512,-0.993746580436178,4741.0,6261.0,5431.0,4492.0,4819.0,2108.3401053909593,5536.066666666667,5397.0,2737.329556127757,110.0,0,0,1,0,0,0,1,0,0,4819
205,0,2015-06-26,-0.9749279121818236,-0.2225209339563146,1.2246467991473532e-16,-1.0,0.09453674981719912,-0.9955213724144752,4819.0,6637.0,5009.0,4194.285714285715,4741.0,1890.892533019399,5509.066666666667,5395.5,2743.0842059476677,110.0,0,0,1,0,0,0,1,0,0,4553
205,0,2015-06-27,-0.7818314824680299,0.6234898018587334,1.2246467991473532e-16,-1.0,0.07738647923346301,-0.9970011699250151,4553.0,5640.0,5352.0,4110.142857142857,4741.0,1827.8929972850578,5523.866666666667,5395.5,2739.2444683655513,110.0,0,0,1,0,0,0,1,0,0,5051
205,0,2015-06-28,-2.4492935982947064e-16,1.0,1.2246467991473532e-16,-1.0,0.06021327736579302,-0.9981855344718586,5051.0,0.0,0.0,4110.142857142857,4741.0,1827.8929972850578,5310.866666666667,5356.0,2912.530559062216,110.0,0,0,1,0,0,0,1,0,0,0
205,0,2015-06-29,0.7818314824680298,0.6234898018587336,1.2246467991473532e-16,-1.0,0.04302223300453059,-0.99907411510223,0.0,5128.0,10330.0,4777.571428571428,4741.0,2836.293699950858,5406.866666666667,5356.0,3013.1248613167463,110.0,1,0,1,0,0,0,1,0,0,9800
205,0,2015-06-30,0.9749279121818236,-0.22252093395631434,1.2246467991473532e-16,-1.0,0.02581844022713308,-0.9996666485105112,9800.0,4479.0,7809.0,5635.428571428572,4819.0,3549.4159546392466,5756.333333333333,5395.5,2972.100085720574,110.0,1,0,1,0,0,0,1,0,0,10484
205,0,2015-07-01,0.43388373911755823,-0.900968867902419,-0.4999999999999998,-0.8660254037844388,0.008606996888688698,-0.9999629591162655,10484.0,4741.0,7185.0,6193.0,5051.0,3689.2957774260085,5700.733333333334,5395.5,2898.630876969255,110.0,1,0,1,0,0,0,1,0,0,8644
205,0,2015-07-02,-0.433883739117558,-0.9009688679024191,-0.4999999999999998,-0.8660254037844388,-0.008606996888688009,-0.9999629591162655,8644.0,4819.0,6261.0,6547.428571428572,7300.0,3654.304669707724,5649.133333333333,5395.5,2854.1093028550413,110.0,1,0,1,0,0,0,1,0,0,7300
205,0,2015-07-03,-0.9749279121818236,-0.2225209339563146,-0.4999999999999998,-0.8660254037844388,-0.02581844022713239,-0.9996666485105112,7300.0,4553.0,6637.0,6976.428571428572,7556.0,3556.094292766672,5610.1,5395.5,2818.34768602285,110.0,1,0,1,0,0,0,1,0,0,7556
205,0,2015-07-04,-0.7818314824680299,0.6234898018587334,-0.4999999999999998,-0.8660254037844388,-0.04302223300453034,-0.99907411510223,7556.0,5051.0,5640.0,6994.857142857143,7556.0,3544.7694531789443,5523.933333333333,5356.0,2789.562305715947,110.0,0,0,1,0,0,0,1,0,0,5180
205,0,2015-07-05,-2.4492935982947064e-16,1.0,-0.4999999999999998,-0.8660254037844388,-0.060213277365792774,-0.9981855344718586,5180.0,0.0,0.0,6994.857142857143,7556.0,3544.7694531789443,5260.9,5266.0,2927.299077000315,110.0,0,0,1,0,0,0,1,0,0,0
205,0,2015-07-06,0.7818314824680298,0.6234898018587336,-0.4999999999999998,-0.8660254037844388,-0.07738647923346322,-0.9970011699250151,0.0,9800.0,5128.0,6523.0,7300.0,3321.968141528962,5319.033333333334,5356.0,2934.173871670764,110.0,0,0,1,0,0,0,1,0,0,6497
205,0,2015-07-07,0.9749279121818236,-0.22252093395631434,-0.4999999999999998,-0.8660254037844388,-0.09453674981719933,-0.9955213724144752,6497.0,10484.0,4479.0,5811.428571428572,6497.0,2828.9979296058714,5502.466666666666,5395.5,2756.8360642333228,110.0,0,0,1,0,0,0,1,0,0,5503
205,0,2015-07-08,0.43388373911755823,-0.900968867902419,-0.4999999999999998,-0.8660254037844388,-0.11165900712169444,-0.9937465804361781,5503.0,8644.0,4741.0,5310.714285714285,5503.0,2539.4576661356723,5486.766666666666,5356.0,2757.5436181041873,110.0,0,0,1,0,0,0,1,0,0,5139
205,0,2015-07-09,-0.433883739117558,-0.9009688679024191,-0.4999999999999998,-0.8660254037844388,-0.12874817745258066,-0.99167731989929,5139.0,7300.0,4819.0,5034.285714285715,5365.0,2387.6024036876875,5486.933333333333,5358.5,2757.5358431826025,110.0,0,0,1,0,0,0,1,0,0,5365
205,0,2015-07-10,-0.9749279121818236,-0.2225209339563146,-0.4999999999999998,-0.8660254037844388,-0.14579919691987442,-0.9893142039703664,5365.0,7556.0,4553.0,4789.714285714285,5365.0,2163.3985388955066,5524.566666666667,5398.0,2754.33978175049,110.0,0,0,1,0,0,0,1,0,0,5844
205,0,2015-07-11,-0.7818314824680299,0.6234898018587334,-0.4999999999999998,-0.8660254037844388,-0.16280701293851646,-0.9866579328916572,5844.0,5180.0,5051.0,4803.857142857143,5365.0,2166.696289174785,5519.5,5358.5,2754.6576200043955,110.0,0,0,1,0,0,0,1,0,0,5279
205,0,2015-07-12,-2.4492935982947064e-16,1.0,-0.4999999999999998,-0.8660254037844388,-0.17976658572556214,-0.9837092937736098,5279.0,0.0,0.0,4803.857142857143,5365.0,2166.696289174785,5352.533333333334,5358.5,2932.716485037242,110.0,0,0,1,0,0,0,1,0,0,0
205,0,2015-07-13,0.7818314824680298,0.6234898018587336,-0.4999999999999998,-0.8660254037844388,-0.19667288979357622,-0.9804691603616321,0.0,6497.0,9800.0,5230.428571428572,5365.0,2766.506211640887,5490.233333333334,5434.0,3028.120330631135,110.0,1,0,1,0,0,0,1,0,0,9483
205,0,2015-07-14,0.9749279121818236,-0.22252093395631434,-0.4999999999999998,-0.8660254037844388,-0.2135209154397959,-0.9769384927771817,9483.0,5503.0,10484.0,5620.571428571428,5365.0,2994.5229368043965,5764.7,5571.5,2883.0150902041496,110.0,1,0,1,0,0,0,1,0,0,8234
205,0,2015-07-15,0.43388373911755823,-0.900968867902419,-0.4999999999999998,-0.8660254037844388,-0.23030567023061196,-0.973118337233262,8234.0,5139.0,8644.0,6037.285714285715,5844.0,3116.805293581116,5688.9,5571.5,2787.145534598883,110.0,1,0,1,0,0,0,1,0,0,8056
205,0,2015-07-16,-0.433883739117558,-0.9009688679024191,-0.4999999999999998,-0.8660254037844388,-0.24702218048093527,-0.9690098257244063,8056.0,5365.0,7300.0,6317.571428571428,7327.0,3134.4410909093494,5672.833333333333,5571.5,2775.869110043189,110.0,1,0,1,0,0,0,1,0,0,7327
205,0,2015-07-17,-0.9749279121818236,-0.2225209339563146,-0.4999999999999998,-0.8660254037844388,-0.2636654927280072,-0.9646141756912435,7327.0,5844.0,7556.0,6422.428571428572,7327.0,3128.2293637744974,5652.6,5571.5,2766.6637895013446,110.0,1,0,1,0,0,0,1,0,0,6578
205,0,2015-07-18,-0.7818314824680299,0.6234898018587334,-0.4999999999999998,-0.8660254037844388,-0.2802306751992161,-0.9599326896597445,6578.0,5279.0,5180.0,6394.714285714285,7327.0,3140.881602049858,5613.4,5434.0,2766.0774367697854,110.0,0,0,1,0,0,0,1,0,0,5085
205,0,2015-07-19,-2.4492935982947064e-16,1.0,-0.4999999999999998,-0.8660254037844388,-0.2967128192734901,-0.9549667548552553,5085.0,0.0,0.0,6394.714285714285,7327.0,3140.881602049858,5392.166666666667,5322.0,2941.2554448660226,110.0,0,0,1,0,0,0,1,0,0,0
205,0,2015-07-20,0.7818314824680298,0.6234898018587336,-0.4999999999999998,-0.8660254037844388,-0.3131070409358267,-0.9497178427914317,0.0,9483.0,6497.0,5953.857142857143,6578.0,2837.04173559781,5417.4,5322.0,2946.697105995586,110.0,0,0,1,0,0,0,1,0,0,6397
205,0,2015-07-21,0.9749279121818236,-0.22252093395631434,-0.4999999999999998,-0.8660254037844388,-0.3294084822245302,-0.9441875088341994,6397.0,8234.0,5503.0,5555.0,6397.0,2653.368048349118,5598.8,5403.5,2763.5116016427,110.0,0,0,1,0,0,0,1,0,0,5442
205,0,2015-07-22,0.43388373911755823,-0.900968867902419,-0.4999999999999998,-0.8660254037844388,-0.3456123126707333,-0.9383773917408642,5442.0,8056.0,5139.0,5118.571428571428,5442.0,2413.876471372884,5594.566666666667,5403.5,2764.3548188262344,110.0,0,0,1,0,0,0,1,0,0,5001
205,0,2015-07-23,-0.433883739117558,-0.9009688679024191,-0.4999999999999998,-0.8660254037844388,-0.3617137307297674,-0.9322892131745134,5001.0,7327.0,5365.0,4762.571428571428,5085.0,2208.9553230085007,5606.433333333333,5403.5,2760.1617729118134,110.0,0,0,1,0,0,0,1,0,0,4835
205,0,2015-07-24,-0.9749279121818236,-0.2225209339563146,-0.4999999999999998,-0.8660254037844388,-0.37770796520396466,-0.9259247771938499,4835.0,6578.0,5844.0,4630.714285714285,5085.0,2107.757316382005,5636.9,5472.5,2755.3198368698113,110.0,0,0,1,0,0,0,1,0,0,5655
205,0,2015-07-25,-0.7818314824680299,0.6234898018587334,-0.4999999999999998,-0.8660254037844388,-0.39359027665646645,-0.9192859697186105,5655.0,5085.0,5279.0,4682.714285714285,5442.0,2125.250315789148,5657.9,5476.0,2751.268990597012,110.0,0,0,1,0,0,0,1,0,0,5449
205,0,2015-07-26,-2.4492935982947064e-16,1.0,-0.4999999999999998,-0.8660254037844388,-0.4093559588156211,-0.9123747579707274,5449.0,0.0,0.0,4682.714285714285,5442.0,2125.250315789148,5506.133333333333,5476.0,2933.8393432418943,110.0,0,0,1,0,0,0,1,0,0,0
205,0,2015-07-27,0.7818314824680298,0.6234898018587336,-0.4999999999999998,-0.8660254037844388,-0.42500033996955394,-0.9051931898913975,0.0,6397.0,9483.0,4982.142857142857,5442.0,2518.3338690869523,5620.866666666667,5579.0,2982.328987302668,110.0,1,0,1,0,0,0,1,0,0,8493
205,0,2015-07-28,0.9749279121818236,-0.22252093395631434,-0.4999999999999998,-0.8660254037844388,-0.4405187843504952,-0.8977433935342336,8493.0,5442.0,8234.0,5241.285714285715,5449.0,2662.733727724554,5862.733333333334,5749.5,2799.3769865174813,110.0,1,0,1,0,0,0,1,0,0,7256
205,0,2015-07-29,0.43388373911755823,-0.900968867902419,-0.4999999999999998,-0.8660254037844388,-0.455906693508459,-0.8900275764346766,7256.0,5001.0,8056.0,5467.0,5655.0,2705.592171780515,5755.433333333333,5749.5,2703.301132438577,110.0,1,0,1,0,0,0,1,0,0,6581
205,0,2015-07-30,-0.433883739117558,-0.9009688679024191,-0.4999999999999998,-0.8660254037844388,-0.47115950767386394,-0.8820480249558535,6581.0,4835.0,7327.0,5771.714285714285,6581.0,2742.413639739379,5638.233333333334,5749.5,2563.847952392754,110.0,1,0,1,0,0,0,1,0,0,6968
205,0,2015-07-31,-0.9749279121818236,-0.2225209339563146,-0.4999999999999998,-0.8660254037844388,-0.4862727071086902,-0.8738071036110807,6968.0,5655.0,6578.0,6201.714285714285,6968.0,2949.2421463988467,5638.933333333333,5749.5,2564.699631983999,110.0,1,0,1,0,0,0,1,0,0,8665
