Store,Cluster,Date,DayOfWeek_sin,DayOfWeek_cos,Month_sin,Month_cos,DayOfYear_sin,DayOfYear_cos,Sales_Lag_1,Sales_Lag_7,Sales_Lag_14,RollingMean_7,RollingMedian_7,RollingStd_7,RollingMean_30,RollingMedian_30,RollingStd_30,CompetitionDistance,Promo,Promo2,StoreType_a,StoreType_b,StoreType_c,StoreType_d,Assortment_a,Assortment_b,Assortment_c,Sales
1100,0,2013-01-30,0.43388373911755823,-0.900968867902419,0.49999999999999994,0.8660254037844387,0.4937755501599772,0.869589389346611,3460.0,6695.0,4122.0,3891.5714285714284,3716.0,2108.4935267581327,4537.9,4325.5,2674.9851349893133,540.0,0,1,1,0,0,0,1,0,0,3716
1100,0,2013-01-31,-0.433883739117558,-0.9009688679024191,0.49999999999999994,0.8660254037844387,0.5086709438521044,0.8609610158889943,3716.0,5539.0,4308.0,3751.0,3716.0,2010.8979752007967,4689.733333333334,4349.5,2534.091511470284,540.0,0,1,1,0,0,0,1,0,0,4555
1100,0,2013-02-01,-0.9749279121818236,-0.2225209339563146,0.8660254037844386,0.5000000000000001,0.5234156073655503,0.8520775211013093,4555.0,6805.0,4563.0,3506.0,3716.0,1648.6405510803936,4714.633333333333,4455.5,2534.2370338384217,540.0,0,1,1,0,0,0,1,0,0,5090
1100,0,2013-02-02,-0.7818314824680299,0.6234898018587334,0.8660254037844386,0.5000000000000001,0.5380051715382996,0.8429415373547828,5090.0,3627.0,3325.0,3550.8571428571427,3941.0,1656.7333751061071,4685.566666666667,4332.0,2538.0677511042536,540.0,0,1,1,0,0,0,1,0,0,3941
1100,0,2013-02-03,-2.4492935982947064e-16,1.0,0.8660254037844386,0.5000000000000001,0.5524353131676196,0.8335557718385699,3941.0,0.0,0.0,3550.8571428571427,3941.0,1656.7333751061071,4491.966666666666,4215.0,2667.7001522470346,540.0,0,1,1,0,0,0,1,0,0,0
1100,0,2013-02-04,0.7818314824680298,0.6234898018587336,0.8660254037844386,0.5000000000000001,0.5667017562911176,0.8239230057575542,0.0,4094.0,7781.0,4388.714285714285,3941.0,2953.0732982372615,4700.733333333334,4332.0,2842.5916044843757,540.0,1,1,1,0,0,0,1,0,0,9959
1100,0,2013-02-05,0.9749279121818236,-0.22252093395631434,0.8660254037844386,0.5000000000000001,0.5808002734538009,0.8140460935082178,9959.0,3460.0,7851.0,5042.142857142857,4555.0,3208.3398317806777,4968.533333333334,4455.5,2761.7570086292244,540.0,1,1,1,0,0,0,1,0,0,8034
1100,0,2013-02-06,0.43388373911755823,-0.900968867902419,0.8660254037844386,0.5000000000000001,0.5947266869607634,0.8039279618328213,8034.0,3716.0,6695.0,5409.714285714285,5090.0,3178.3356081595957,4835.833333333333,4455.5,2588.4461865991225,540.0,1,1,1,0,0,0,1,0,0,6289
1100,0,2013-02-07,-0.433883739117558,-0.9009688679024191,0.8660254037844386,0.5000000000000001,0.6084768701151261,0.7935716089521474,6289.0,4555.0,5539.0,5608.0,5943.0,3159.365442616601,4767.3,4455.5,2528.3280989345644,540.0,1,1,1,0,0,0,1,0,0,5943
1100,0,2013-02-08,-0.9749279121818236,-0.2225209339563146,0.8660254037844386,0.5000000000000001,0.6220467484408675,0.7829801036770629,5943.0,5090.0,6805.0,5860.571428571428,6289.0,3181.6444834468243,4767.166666666667,4455.5,2528.213927048014,540.0,1,1,1,0,0,0,1,0,0,6858
1100,0,2013-02-09,-0.7818314824680299,0.6234898018587334,0.8660254037844386,0.5000000000000001,0.6354323008901774,0.7721565844991642,6858.0,3941.0,3627.0,5851.285714285715,6289.0,3188.268480658725,4654.333333333333,4332.0,2488.2976916556527,540.0,0,1,1,0,0,0,1,0,0,3876
1100,0,2013-02-10,-2.4492935982947064e-16,1.0,0.8660254037844386,0.5000000000000001,0.6486295610349814,0.7611042586607747,3876.0,0.0,0.0,5851.285714285715,6289.0,3188.268480658725,4417.433333333333,4215.0,2583.239968872735,540.0,0,1,1,0,0,0,1,0,0,0
1100,0,2013-02-11,0.7818314824680298,0.6234898018587336,0.8660254037844386,0.5000000000000001,0.6616346182422783,0.7498264012045686,0.0,9959.0,4094.0,4742.285714285715,5943.0,2853.914429591147,4368.266666666666,4215.0,2611.815433270748,540.0,0,1,1,0,0,0,1,0,0,2196
1100,0,2013-02-12,0.9749279121818236,-0.22252093395631434,0.8660254037844386,0.5000000000000001,0.6744436188329455,0.7383263540031065,2196.0,8034.0,3460.0,4315.714285714285,5048.0,2478.349633276527,4536.533333333334,4332.0,2479.9658609070343,540.0,0,1,1,0,0,0,1,0,0,5048
1100,0,2013-02-13,0.43388373911755823,-0.900968867902419,0.8660254037844386,0.5000000000000001,0.6870527672236669,0.7266075247685656,5048.0,6289.0,3716.0,4061.4285714285716,4509.0,2328.954547799136,4551.333333333333,4432.5,2478.379146822031,540.0,0,1,1,0,0,0,1,0,0,4509
1100,0,2013-02-14,-0.433883739117558,-0.9009688679024191,0.8660254037844386,0.5000000000000001,0.6994583270516471,0.7146733860429609,4509.0,5943.0,4555.0,3902.0,4509.0,2214.047650797063,4567.033333333334,4532.0,2478.5909162032076,540.0,0,1,1,0,0,0,1,0,0,4827
1100,0,2013-02-15,-0.9749279121818236,-0.2225209339563146,0.8660254037844386,0.5000000000000001,0.7116566222817746,0.702527474169157,4827.0,6858.0,5090.0,3531.0,4261.0,1818.40131250869,4571.666666666667,4532.0,2477.8601214776418,540.0,0,1,1,0,0,0,1,0,0,4261
1100,0,2013-02-16,-0.7818314824680299,0.6234898018587334,0.8660254037844386,0.5000000000000001,0.7236440382959124,0.6901733882429719,4261.0,3876.0,3941.0,3475.5714285714284,4261.0,1812.0346627610663,4544.333333333333,4532.0,2485.3802364105636,540.0,0,1,1,0,0,0,1,0,0,3488
1100,0,2013-02-17,-2.4492935982947064e-16,1.0,0.8660254037844386,0.5000000000000001,0.7354170229639855,0.6776147890466889,3488.0,0.0,0.0,3475.5714285714284,4261.0,1812.0346627610666,4392.233333333334,4385.0,2620.166600169477,540.0,0,1,1,0,0,0,1,0,0,0
1100,0,2013-02-18,0.7818314824680298,0.6234898018587336,0.8660254037844386,0.5000000000000001,0.7469720876965552,0.6648553979642865,0.0,2196.0,9959.0,4547.571428571428,4509.0,2850.8109289079384,4604.733333333334,4532.0,2784.016138148496,540.0,1,1,1,0,0,0,1,0,0,9700
1100,0,2013-02-19,0.9749279121818236,-0.22252093395631434,0.8660254037844386,0.5000000000000001,0.7583058084785625,0.6518989958787126,9700.0,5048.0,8034.0,4817.428571428572,4509.0,2991.9870129588253,4835.966666666666,4691.0,2674.2930936183325,540.0,1,1,1,0,0,0,1,0,0,6937
1100,0,2013-02-20,0.43388373911755823,-0.900968867902419,0.8660254037844386,0.5000000000000001,0.7694148268839378,0.6387494220515272,6937.0,4509.0,6289.0,5111.428571428572,4827.0,3057.0339032654306,4795.5,4691.0,2637.119585247615,540.0,1,1,1,0,0,0,1,0,0,6567
1100,0,2013-02-21,-0.433883739117558,-0.9009688679024191,0.8660254037844386,0.5000000000000001,0.7802958510707755,0.6254105729852463,6567.0,4827.0,5943.0,5197.0,5426.0,3056.1287058412076,4714.666666666667,4691.0,2576.7061349224764,540.0,1,1,1,0,0,0,1,0,0,5426
1100,0,2013-02-22,-0.9749279121818236,-0.2225209339563146,0.8660254037844386,0.5000000000000001,0.7909456567567772,0.6118864012687243,5426.0,4261.0,6858.0,5530.142857142857,6567.0,3064.184689199363,4711.266666666666,4691.0,2574.0688967192527,540.0,1,1,1,0,0,0,1,0,0,6593
1100,0,2013-02-23,-0.7818314824680299,0.6234898018587334,0.8660254037844386,0.5000000000000001,0.8013610881746766,0.5981809144059164,6593.0,3488.0,3876.0,5502.285714285715,6567.0,3086.648544634654,4636.4,4532.0,2581.8149002804876,540.0,0,1,1,0,0,0,1,0,0,3293
1100,0,2013-02-24,-2.4492935982947064e-16,1.0,0.8660254037844386,0.5000000000000001,0.8115390590073611,0.5842981736283683,3293.0,0.0,0.0,5502.285714285715,6567.0,3086.648544634654,4409.566666666667,4385.0,2681.720082120909,540.0,0,1,1,0,0,0,1,0,0,0
1100,0,2013-02-25,0.7818314824680298,0.6234898018587336,0.8660254037844386,0.5000000000000001,0.8214765533024142,0.5702422926917871,0.0,9700.0,2196.0,4710.0,5426.0,2482.1847903275298,4427.133333333333,4385.0,2678.140769565557,540.0,0,1,1,0,0,0,1,0,0,4154
1100,0,2013-02-26,0.9749279121818236,-0.22252093395631434,0.8660254037844386,0.5000000000000001,0.8311706263658079,0.5560174366570446,4154.0,6937.0,5048.0,4321.142857142857,4215.0,2280.148929973025,4567.633333333333,4385.0,2545.1372496469085,540.0,0,1,1,0,0,0,1,0,0,4215
1100,0,2013-02-27,0.43388373911755823,-0.900968867902419,0.8660254037844386,0.5000000000000001,0.8406184056344782,0.5416278206559814,4215.0,6567.0,4509.0,3930.8571428571427,4154.0,2054.2912345114228,4559.0,4385.0,2547.2376654207064,540.0,0,1,1,0,0,0,1,0,0,3835
1100,0,2013-02-28,-0.433883739117558,-0.9009688679024191,0.8660254037844386,0.5000000000000001,0.8498170915275278,0.5270777086423722,3835.0,5426.0,4827.0,3920.1428571428573,4154.0,2045.369765150171,4622.033333333334,4532.0,2542.4970007554725,540.0,0,1,1,0,0,0,1,0,0,5351
1100,0,2013-03-01,-0.9749279121818236,-0.2225209339563146,1.0,6.123233995736766e-17,0.8587639582758029,0.5123714121284237,5351.0,6593.0,4261.0,3730.714285714286,4154.0,1803.695346992361,4673.733333333334,4691.0,2539.20526439133,540.0,0,1,1,0,0,0,1,0,0,5267
1100,0,2013-03-02,-0.7818314824680299,0.6234898018587334,1.0,6.123233995736766e-17,0.8674563547295968,0.49751328890718066,5267.0,3293.0,3488.0,3875.714285714286,4215.0,1803.4407590571307,4665.5,4668.0,2540.0038521556453,540.0,0,1,1,0,0,0,1,0,0,4308
1100,0,2013-03-03,-2.4492935982947064e-16,1.0,1.0,6.123233995736766e-17,0.8758917051442429,0.48250774176121847,4308.0,0.0,0.0,3875.714285714286,4215.0,1803.440759057131,4495.833333333333,4408.5,2676.9775427462623,540.0,0,1,1,0,0,0,1,0,0,0
1100,0,2013-03-04,0.7818314824680298,0.6234898018587336,1.0,6.123233995736766e-17,0.8840675099433636,0.46735921715800227,0.0,4154.0,9700.0,4698.714285714285,4308.0,2920.2915787232437,4694.966666666666,4668.0,2850.831451413397,540.0,1,1,1,0,0,0,1,0,0,9915
1100,0,2013-03-05,0.9749279121818236,-0.22252093395631434,1.0,6.123233995736766e-17,0.8919813464595485,0.45207220393230435,9915.0,4215.0,6937.0,5274.285714285715,5267.0,3193.3449398337616,4969.766666666666,4937.5,2779.093336191566,540.0,1,1,1,0,0,0,1,0,0,8244
1100,0,2013-03-06,0.43388373911755823,-0.900968867902419,1.0,6.123233995736766e-17,0.8996308696522433,0.43665123195606403,8244.0,3835.0,6567.0,5641.285714285715,5351.0,3147.6604917666323,4851.266666666666,4937.5,2630.8563039349037,540.0,1,1,1,0,0,0,1,0,0,6404
1100,0,2013-03-07,-0.433883739117558,-0.9009688679024191,1.0,6.123233995736766e-17,0.9070138128026359,0.4211008707960896,6404.0,5351.0,5426.0,5781.0,6329.0,3154.3262355057677,4794.433333333333,4937.5,2577.6074536394153,540.0,1,1,1,0,0,0,1,0,0,6329
1100,0,2013-03-08,-0.9749279121818236,-0.2225209339563146,1.0,6.123233995736766e-17,0.9141279881853337,0.40542572835999735,6329.0,5267.0,6593.0,6004.714285714285,6404.0,3167.3020966476433,4812.566666666667,4937.5,2590.3661395219033,540.0,1,1,1,0,0,0,1,0,0,6833
1100,0,2013-03-09,-0.7818314824680299,0.6234898018587334,1.0,6.123233995736766e-17,0.9209712877166346,0.38963044953078796,6833.0,4308.0,3293.0,5878.571428571428,6404.0,3262.2977003508236,4728.633333333333,4668.0,2593.2672971972333,540.0,0,1,1,0,0,0,1,0,0,3425
1100,0,2013-03-10,-2.4492935982947064e-16,1.0,1.0,6.123233995736766e-17,0.9275416835791966,0.37371971479046906,3425.0,0.0,0.0,5878.571428571428,6404.0,3262.2977003508236,4500.033333333334,4408.5,2699.195633483444,540.0,0,1,1,0,0,0,1,0,0,0
1100,0,2013-03-11,0.7818314824680298,0.6234898018587336,1.0,6.123233995736766e-17,0.9338372288229252,0.35769823883312546,0.0,9915.0,4154.0,5053.857142857143,6329.0,2763.3725426593855,4508.9,4408.5,2697.511411883438,540.0,0,1,1,0,0,0,1,0,0,4142
1100,0,2013-03-12,0.9749279121818236,-0.22252093395631434,1.0,6.123233995736766e-17,0.9398560579418954,0.3415707691678556,4142.0,8244.0,4215.0,4286.0,4142.0,2459.224945655302,4604.533333333334,4408.5,2580.4649906201194,540.0,0,1,1,0,0,0,1,0,0,2869
1100,0,2013-03-13,0.43388373911755823,-0.900968867902419,1.0,6.123233995736766e-17,0.9455963874271426,0.3253420847119801,2869.0,6404.0,3835.0,4041.5714285714284,4142.0,2293.041346999135,4687.766666666666,4601.0,2540.052588151417,540.0,0,1,1,0,0,0,1,0,0,4693
1100,0,2013-03-14,-0.433883739117558,-0.9009688679024191,1.0,6.123233995736766e-17,0.9510565162951535,0.30901699437494745,4693.0,6329.0,5351.0,3711.714285714286,4020.0,2063.7638523085016,4653.5,4408.5,2541.9586902148153,540.0,0,1,1,0,0,0,1,0,0,4020
1100,0,2013-03-15,-0.9749279121818236,-0.2225209339563146,1.0,6.123233995736766e-17,0.9562348265919056,0.29260033563334836,4020.0,6833.0,5267.0,3488.5714285714284,4020.0,1726.9976700566042,4678.9,4500.5,2544.271026958545,540.0,0,1,1,0,0,0,1,0,0,5271
1100,0,2013-03-16,-0.7818314824680299,0.6234898018587334,1.0,6.123233995736766e-17,0.9611297838723007,0.27609697309746883,5271.0,3425.0,4308.0,3526.0,4020.0,1728.2289585970143,4640.9,4284.5,2550.4884501763104,540.0,0,1,1,0,0,0,1,0,0,3687
1100,0,2013-03-17,-2.4492935982947064e-16,1.0,1.0,6.123233995736766e-17,0.9657399376548549,0.2595117970697999,3687.0,0.0,0.0,3526.0,4020.0,1728.2289585970143,4498.866666666667,4261.5,2687.3469384908403,540.0,0,1,1,0,0,0,1,0,0,0
1100,0,2013-03-18,0.7818314824680298,0.6234898018587336,1.0,6.123233995736766e-17,0.970063921851507,0.2428497220959356,0.0,4142.0,9915.0,4406.142857142857,4020.0,3110.3688113883104,4726.033333333334,4500.5,2880.081087021005,540.0,1,1,1,0,0,0,1,0,0,10303
1100,0,2013-03-19,0.9749279121818236,-0.22252093395631434,1.0,6.123233995736766e-17,0.9741004551724205,0.22611568550828828,10303.0,2869.0,8244.0,5059.571428571428,4693.0,3212.4050106393715,4974.133333333333,4980.0,2777.688529662045,540.0,1,1,1,0,0,0,1,0,0,7443
1100,0,2013-03-20,0.43388373911755823,-0.900968867902419,1.0,6.123233995736766e-17,0.9778483415056568,0.20931464596304847,7443.0,4693.0,6404.0,5180.857142857143,5271.0,3212.285449570725,4835.533333333334,4980.0,2633.7557519480692,540.0,1,1,1,0,0,0,1,0,0,5542
1100,0,2013-03-21,-0.433883739117558,-0.9009688679024191,1.0,6.123233995736766e-17,0.9813064702716093,0.19245158197082998,5542.0,4020.0,6329.0,5444.285714285715,5542.0,3176.633423100924,4799.766666666666,4980.0,2611.42460372103,540.0,1,1,1,0,0,0,1,0,0,5864
1100,0,2013-03-22,-0.9749279121818236,-0.2225209339563146,1.0,6.123233995736766e-17,0.9844738167520922,0.1755314904214282,5864.0,5271.0,6833.0,5727.571428571428,5864.0,3246.261483467961,4822.666666666667,4980.0,2630.3994102552683,540.0,1,1,1,0,0,0,1,0,0,7254
1100,0,2013-03-23,-0.7818314824680299,0.6234898018587334,1.0,6.123233995736766e-17,0.9873494423939864,0.15855938510313478,7254.0,3687.0,3425.0,5707.0,5864.0,3261.7669035866625,4759.9,4500.5,2637.961443209902,540.0,0,1,1,0,0,0,1,0,0,3543
1100,0,2013-03-24,-2.4492935982947064e-16,1.0,1.0,6.123233995736766e-17,0.989932495087353,0.141540295217043,3543.0,0.0,0.0,5707.0,5864.0,3261.7669035866625,4540.133333333333,4261.5,2752.1392774165424,540.0,0,1,1,0,0,0,1,0,0,0
1100,0,2013-03-25,0.7818314824680298,0.6234898018587336,1.0,6.123233995736766e-17,0.9922222094179323,0.12447926388678915,0.0,10303.0,4142.0,5550.571428571428,5864.0,3022.0642976362383,4737.3,4500.5,2869.1056175797335,540.0,1,1,1,0,0,0,1,0,0,9208
1100,0,2013-03-26,0.9749279121818236,-0.22252093395631434,1.0,6.123233995736766e-17,0.994217906893952,0.10738134666416309,9208.0,7443.0,2869.0,5601.714285714285,5864.0,3062.1906490988704,4997.333333333333,4980.0,2776.9803164878426,540.0,1,1,1,0,0,0,1,0,0,7801
1100,0,2013-03-27,0.43388373911755823,-0.900968867902419,1.0,6.123233995736766e-17,0.995918996147179,0.09025161003104117,7801.0,5542.0,4693.0,5911.714285714285,7254.0,3163.308116212398,5115.933333333333,5269.0,2815.4328133409226,540.0,1,1,1,0,0,0,1,0,0,7712
1100,0,2013-03-28,-0.433883739117558,-0.9009688679024191,1.0,6.123233995736766e-17,0.9973249731081555,0.07309512989807777,7712.0,5864.0,4020.0,6351.714285714285,7712.0,3363.440436729713,5273.566666666667,5311.0,2894.526114312459,540.0,1,1,1,0,0,0,1,0,0,8944
1100,0,2013-03-29,-0.9749279121818236,-0.2225209339563146,1.0,6.123233995736766e-17,0.9984354211555643,0.055916990100603484,8944.0,7254.0,5271.0,5315.428571428572,7712.0,4080.223190674044,5145.733333333334,5311.0,3041.216588839059,540.0,1,1,1,0,0,0,1,0,0,0
1100,0,2013-03-30,-0.7818314824680299,0.6234898018587334,1.0,6.123233995736766e-17,0.9992500112396835,0.03872228089217446,0.0,3543.0,3687.0,5695.0,7712.0,4010.8554781575785,5174.033333333334,5406.5,3047.1369771428494,540.0,0,1,1,0,0,0,1,0,0,6200
1100,0,2013-03-31,-2.4492935982947064e-16,1.0,1.0,6.123233995736766e-17,0.9997685019798909,0.021516097436222254,6200.0,0.0,0.0,5695.0,7712.0,4010.8554781575785,4998.466666666666,5406.5,3189.9818260571187,540.0,0,1,1,0,0,0,1,0,0,0
1100,0,2013-04-01,0.7818314824680298,0.6234898018587336,0.8660254037844387,-0.49999999999999983,0.9999907397361901,0.004303538296244289,0.0,9208.0,10303.0,4379.571428571428,6200.0,4173.351165715741,4854.866666666667,5406.5,3316.5875351271698,540.0,0,1,1,0,0,0,1,0,0,0
1100,0,2013-04-02,0.9749279121818236,-0.22252093395631434,0.8660254037844387,-0.49999999999999983,0.9999166586547379,-0.01291029607500882,0.0,7801.0,7443.0,3950.714285714286,4799.0,3909.0381900703605,5014.833333333333,5406.5,3187.5757958083104,540.0,0,1,1,0,0,0,1,0,0,4799
1100,0,2013-04-03,0.43388373911755823,-0.900968867902419,0.8660254037844387,-0.49999999999999983,0.9995462806873573,-0.030120304846908114,4799.0,7712.0,5542.0,3438.714285714286,4128.0,3552.760181149565,4821.933333333333,5035.0,3053.0768644483687,540.0,0,1,1,0,0,0,1,0,0,4128
1100,0,2013-04-04,-0.433883739117558,-0.9009688679024191,0.8660254037844387,-0.49999999999999983,0.9988797155850336,-0.04732138832243185,4128.0,8944.0,5864.0,2754.285714285714,4128.0,2666.3197304077935,4685.566666666667,4746.0,2985.5752484852583,540.0,0,1,1,0,0,0,1,0,0,4153
1100,0,2013-04-05,-0.9749279121818236,-0.2225209339563146,0.8660254037844387,-0.49999999999999983,0.9979171608653922,-0.06450844944931623,4153.0,0.0,7254.0,3534.0,4153.0,2520.709754546654,4654.033333333334,4746.0,2971.763304299588,540.0,0,1,1,0,0,0,1,0,0,5458
1100,0,2013-04-06,-0.7818314824680299,0.6234898018587334,0.8660254037844387,-0.49999999999999983,0.9966589017541702,-0.08167639533042241,5458.0,6200.0,3543.0,3125.0,4128.0,2231.746401363736,4554.3,4423.0,2963.808118294597,540.0,0,1,1,0,0,0,1,0,0,3337
1100,0,2013-04-07,-2.4492935982947064e-16,1.0,0.8660254037844387,-0.49999999999999983,0.9951053111006976,-0.09882013873287143,3337.0,0.0,0.0,3125.0,4128.0,2231.746401363736,4326.533333333334,4147.5,3044.1206389313497,540.0,0,1,1,0,0,0,1,0,0,0
1100,0,2013-04-08,0.7818314824680298,0.6234898018587336,0.8660254037844387,-0.49999999999999983,0.9932568492674143,-0.11593459959550041,0.0,0.0,9208.0,4575.142857142857,4153.0,3021.114663418752,4550.733333333334,4423.0,3218.1442707135475,540.0,1,1,1,0,0,0,1,0,0,10151
1100,0,2013-04-09,0.9749279121818236,-0.22252093395631434,0.8660254037844387,-0.49999999999999983,0.9911140639934547,-0.1330147065341959,10151.0,4799.0,7801.0,5067.285714285715,4153.0,3328.607602501166,4825.533333333334,4746.0,3167.7399616079306,540.0,1,1,1,0,0,0,1,0,0,8244
1100,0,2013-04-10,0.43388373911755823,-0.900968867902419,0.8660254037844387,-0.49999999999999983,0.9886775902323405,-0.1500553983446526,8244.0,4128.0,7712.0,5426.857142857143,5458.0,3346.13346160268,4908.966666666666,5035.0,3182.0462130991828,540.0,1,1,1,0,0,0,1,0,0,6645
1100,0,2013-04-11,-0.433883739117558,-0.9009688679024191,0.8660254037844387,-0.49999999999999983,0.9859481499638304,-0.16705162550211924,6645.0,4153.0,8944.0,5740.285714285715,6347.0,3309.479904470675,5024.9,5364.5,3168.489168412104,540.0,1,1,1,0,0,0,1,0,0,6347
1100,0,2013-04-12,-0.9749279121818236,-0.2225209339563146,0.8660254037844387,-0.49999999999999983,0.9829265519799822,-0.18399835165768005,6347.0,5458.0,0.0,5963.857142857143,6645.0,3339.9532146708984,5102.566666666667,5500.0,3188.5661428181843,540.0,1,1,1,0,0,0,1,0,0,7023
1100,0,2013-04-13,-0.7818314824680299,0.6234898018587334,0.8660254037844387,-0.49999999999999983,0.9796136916454901,-0.20089055513063506,7023.0,3337.0,6200.0,5938.285714285715,6645.0,3364.015542685343,5073.833333333333,5500.0,3202.5113430398414,540.0,0,1,1,0,0,0,1,0,0,3158
1100,0,2013-04-14,-2.4492935982947064e-16,1.0,0.8660254037844387,-0.49999999999999983,0.9760105506323683,-0.21772323039653177,3158.0,0.0,0.0,5938.285714285715,6645.0,3364.015542685343,4898.133333333333,5500.0,3333.24468341888,540.0,0,1,1,0,0,0,1,0,0,0
1100,0,2013-04-15,0.7818314824680298,0.6234898018587336,0.8660254037844387,-0.49999999999999983,0.9721181966290613,-0.23449138957040985,0.0,10151.0,0.0,5008.142857142857,6347.0,2868.756956626069,4896.566666666667,5500.0,3333.844551775367,540.0,0,1,1,0,0,0,1,0,0,3640
1100,0,2013-04-16,0.9749279121818236,-0.22252093395631434,0.8660254037844387,-0.49999999999999983,0.9679377830240642,-0.25119006388481935,3640.0,8244.0,4799.0,4490.857142857143,4623.0,2489.4132795079377,5050.666666666667,5500.0,3204.022981248389,540.0,0,1,1,0,0,0,1,0,0,4623
1100,0,2013-04-17,0.43388373911755823,-0.900968867902419,0.8660254037844387,-0.49999999999999983,0.9634705485641488,-0.2678143051621742,4623.0,6645.0,4128.0,4173.571428571428,4424.0,2303.711415458602,4854.7,5128.5,3047.6715379857246,540.0,0,1,1,0,0,0,1,0,0,4424
1100,0,2013-04-18,-0.433883739117558,-0.9009688679024191,0.8660254037844387,-0.49999999999999983,0.9587178169872964,-0.2843591872810034,4424.0,6347.0,4153.0,3882.285714285714,4308.0,2103.285740160355,4750.2,4711.0,3009.3688695644214,540.0,0,1,1,0,0,0,1,0,0,4308
1100,0,2013-04-19,-0.9749279121818236,-0.2225209339563146,0.8660254037844387,-0.49999999999999983,0.9536809966304457,-0.30081980763566735,4308.0,7023.0,5458.0,3524.285714285714,4308.0,1642.3810676662583,4716.033333333334,4570.0,3005.8858523688587,540.0,0,1,1,0,0,0,1,0,0,4517
1100,0,2013-04-20,-0.7818314824680299,0.6234898018587334,0.8660254037844387,-0.49999999999999983,0.9483615800121715,-0.3171912885891061,4517.0,3158.0,3337.0,3560.285714285714,4308.0,1635.7626879925335,4634.233333333334,4470.5,3006.959177541706,540.0,0,1,1,0,0,0,1,0,0,3410
1100,0,2013-04-21,-2.4492935982947064e-16,1.0,0.8660254037844387,-0.49999999999999983,0.9427611433904207,-0.3334687789181868,3410.0,0.0,0.0,3560.285714285714,4308.0,1635.7626879925335,4392.433333333333,4366.0,3079.8075699329147,540.0,0,1,1,0,0,0,1,0,0,0
1100,0,2013-04-22,0.7818314824680298,0.6234898018587336,0.8660254037844387,-0.49999999999999983,0.9368813462954315,-0.3496474552512284,0.0,3640.0,10151.0,4256.142857142857,4424.0,2488.909227524606,4558.033333333334,4470.5,3164.9458183882593,540.0,1,1,1,0,0,0,1,0,0,8511
1100,0,2013-04-23,0.9749279121818236,-0.22252093395631434,0.8660254037844387,-0.49999999999999983,0.9307239310379795,-0.36572252349726897,8511.0,4623.0,8244.0,4571.571428571428,4424.0,2676.0310696466654,4785.733333333334,4570.0,3070.015555765748,540.0,1,1,1,0,0,0,1,0,0,6831
1100,0,2013-04-24,0.43388373911755823,-0.900968867902419,0.8660254037844387,-0.49999999999999983,0.9242907221930934,-0.3816892202666588,6831.0,4424.0,6645.0,4810.714285714285,4517.0,2734.7984517014347,4682.066666666667,4570.0,2966.2937973090293,540.0,1,1,1,0,0,0,1,0,0,6098
1100,0,2013-04-25,-0.433883739117558,-0.9009688679024191,0.8660254037844387,-0.49999999999999983,0.9175836260593937,-0.39754281428255595,6098.0,4308.0,6347.0,5050.142857142857,5984.0,2756.729065914374,4621.5,4570.0,2918.5808047393684,540.0,1,1,1,0,0,0,1,0,0,5984
1100,0,2013-04-26,-0.9749279121818236,-0.2225209339563146,0.8660254037844387,-0.49999999999999983,0.9106046300942163,-0.4132786077829042,5984.0,4517.0,7023.0,5280.285714285715,6098.0,2772.006055445869,4568.7,4570.0,2874.7414894272633,540.0,1,1,1,0,0,0,1,0,0,6128
1100,0,2013-04-27,-0.7818314824680299,0.6234898018587334,0.8660254037844387,-0.49999999999999983,0.9033558023246845,-0.4288919379124835,6128.0,3410.0,3158.0,5268.857142857143,6098.0,2781.151945302007,4381.566666666667,4470.5,2760.563294383747,540.0,0,1,1,0,0,0,1,0,0,3330
1100,0,2013-04-28,-2.4492935982947064e-16,1.0,0.8660254037844387,-0.49999999999999983,0.895839290734909,-0.4443781781046132,3330.0,0.0,0.0,5268.857142857143,6098.0,2781.151945302007,4381.566666666667,4470.5,2760.563294383747,540.0,0,1,1,0,0,0,1,0,0,0
1100,0,2013-04-29,0.7818314824680298,0.6234898018587336,0.8660254037844387,-0.49999999999999983,0.8880573226294932,-0.45973273945210397,0.0,8511.0,3640.0,5237.571428571428,6098.0,2739.522090751283,4451.3,4470.5,2833.539813098413,540.0,1,1,1,0,0,0,1,0,0,8292
1100,0,2013-04-30,0.9749279121818236,-0.22252093395631434,0.8660254037844387,-0.49999999999999983,0.8800122039735357,-0.47495107206704995,8292.0,6831.0,4623.0,5526.285714285715,6098.0,3026.865139286613,4746.366666666667,4570.0,2814.8598725867064,540.0,1,1,1,0,0,0,1,0,0,8852
1100,0,2013-05-01,0.43388373911755823,-0.900968867902419,0.49999999999999994,-0.8660254037844387,0.8717063187093218,-0.49002866642905923,8852.0,6098.0,4424.0,4655.142857142857,5984.0,3648.566450382552,4746.366666666667,4570.0,2814.8598725867064,540.0,1,1,1,0,0,0,1,0,0,0
1100,0,2013-05-02,-0.433883739117558,-0.9009688679024191,0.49999999999999994,-0.8660254037844387,0.8631421280499114,-0.5049610547215204,0.0,5984.0,4308.0,4900.0,6128.0,3806.6970810226885,4843.0,4570.0,2866.0249776325736,540.0,1,1,1,0,0,0,1,0,0,7698
1100,0,2013-05-03,-0.9749279121818236,-0.2225209339563146,0.49999999999999994,-0.8660254037844387,0.854322169749827,-0.5197438121555155,7698.0,6128.0,4517.0,5054.428571428572,7209.0,3885.919361710209,4945.7,5040.5,2894.57988316094,540.0,1,1,1,0,0,0,1,0,0,7209
1100,0,2013-05-04,-0.7818314824680299,0.6234898018587334,0.49999999999999994,-0.8660254037844387,0.8452490573530633,-0.5343725582809787,7209.0,3330.0,3410.0,5260.142857142857,7209.0,3816.91919522239,4966.266666666666,5114.0,2890.9430263512972,540.0,0,1,1,0,0,0,1,0,0,4770
1100,0,2013-05-05,-2.4492935982947064e-16,1.0,0.49999999999999994,-0.8660254037844387,0.835925479418637,-0.548842958284719,4770.0,0.0,0.0,5260.142857142857,7209.0,3816.91919522239,4784.333333333333,4696.5,3027.4491747586985,540.0,0,1,1,0,0,0,1,0,0,0
1100,0,2013-05-06,0.7818314824680298,0.6234898018587336,0.49999999999999994,-0.8660254037844387,0.8263541987239096,-0.5631507242749186,0.0,8292.0,8511.0,4715.428571428572,4770.0,3576.643298641098,4822.4,4696.5,3015.780274169351,540.0,0,1,1,0,0,0,1,0,0,4479
1100,0,2013-05-07,0.9749279121818236,-0.22252093395631434,0.49999999999999994,-0.8660254037844387,0.8165380514459161,-0.5772916165517272,4479.0,8852.0,6831.0,4102.285714285715,4560.0,3083.169079280045,4974.4,4696.5,2876.01964647263,540.0,0,1,1,0,0,0,1,0,0,4560
1100,0,2013-05-08,0.43388373911755823,-0.900968867902419,0.49999999999999994,-0.8660254037844387,0.8064799463209448,-0.5912614448635781,4560.0,0.0,6098.0,4876.571428571428,4770.0,2508.2059894901527,4816.7,4696.5,2707.1328152328147,540.0,0,1,1,0,0,0,1,0,0,5420
1100,0,2013-05-09,-0.433883739117558,-0.9009688679024191,0.49999999999999994,-0.8660254037844387,0.7961828637826158,-0.6050560696488488,5420.0,7698.0,5984.0,3776.8571428571427,4560.0,2741.6987695327016,4541.9,4591.5,2765.035615534167,540.0,0,1,1,0,0,0,1,0,0,0
1100,0,2013-05-10,-0.9749279121818236,-0.2225209339563146,0.49999999999999994,-0.8660254037844387,0.7856498550787145,-0.6186714032625031,0.0,7209.0,6128.0,3592.4285714285716,4560.0,2505.6025128461497,4517.666666666667,4591.5,2749.1079472707365,540.0,0,1,1,0,0,0,1,0,0,5918
1100,0,2013-05-11,-0.7818314824680299,0.6234898018587334,0.49999999999999994,-0.8660254037844387,0.7748840413670407,-0.6321034111873487,5918.0,4770.0,3330.0,3479.5714285714284,4479.0,2461.1191124596694,4438.766666666666,4538.5,2728.686114084102,540.0,0,1,1,0,0,0,1,0,0,3980
1100,0,2013-05-12,-2.4492935982947064e-16,1.0,0.49999999999999994,-0.8660254037844387,0.7638886127905428,-0.6453481132295501,3980.0,0.0,0.0,3479.5714285714284,4479.0,2461.1191124596694,4204.666666666667,4498.0,2799.670009290297,540.0,0,1,1,0,0,0,1,0,0,0
1100,0,2013-05-13,0.7818314824680298,0.6234898018587336,0.49999999999999994,-0.8660254037844387,0.7526668275320084,-0.6584015846980488,0.0,4479.0,8292.0,3986.4285714285716,4560.0,3006.231409208924,4366.966666666666,4538.5,2876.9649654877053,540.0,1,1,1,0,0,0,1,0,0,8027
1100,0,2013-05-14,0.9749279121818236,-0.22252093395631434,0.49999999999999994,-0.8660254037844387,0.741222010848596,-0.6712599575675313,8027.0,4560.0,8852.0,4427.0,5420.0,3314.4805022808614,4621.766666666666,4591.5,2814.689015508283,540.0,1,1,1,0,0,0,1,0,0,7644
1100,0,2013-05-15,0.43388373911755823,-0.900968867902419,0.49999999999999994,-0.8660254037844387,0.7295575540864875,-0.6839194216246106,7644.0,5420.0,0.0,4577.142857142857,5918.0,3389.9059194699093,4716.133333333333,4696.5,2828.0637915710813,540.0,1,1,1,0,0,0,1,0,0,6471
1100,0,2013-05-16,-0.433883739117558,-0.9009688679024191,0.49999999999999994,-0.8660254037844387,0.717676913675962,-0.6963762255968722,6471.0,0.0,7698.0,5380.428571428572,5918.0,2725.6643751045867,4749.466666666666,5095.0,2832.817529249455,540.0,1,1,1,0,0,0,1,0,0,5623
1100,0,2013-05-17,-0.9749279121818236,-0.2225209339563146,0.49999999999999994,-0.8660254037844387,0.705583610107178,-0.7086266782644596,5623.0,5918.0,7209.0,5383.857142857143,5942.0,2726.4682545111605,4800.066666666667,5521.5,2840.3508517293317,540.0,1,1,1,0,0,0,1,0,0,5942
1100,0,2013-05-18,-0.7818314824680299,0.6234898018587334,0.49999999999999994,-0.8660254037844387,0.6932812268869777,-0.7206671495538609,5942.0,3980.0,4770.0,5355.142857142857,5942.0,2744.7147653002366,4782.433333333333,5521.5,2845.149019590742,540.0,0,1,1,0,0,0,1,0,0,3779
1100,0,2013-05-19,-2.4492935982947064e-16,1.0,0.49999999999999994,-0.8660254037844387,0.6807734094770161,-0.7324940716135789,3779.0,0.0,0.0,5355.142857142857,5942.0,2744.7147653002366,4631.866666666667,5521.5,2976.183737066918,540.0,0,1,1,0,0,0,1,0,0,0
1100,0,2013-05-20,0.7818314824680298,0.6234898018587336,0.49999999999999994,-0.8660254037844387,0.6680638642135335,-0.7441039398713607,0.0,8027.0,4479.0,4208.428571428572,5623.0,3096.632948711811,4518.2,5521.5,3087.494502577822,540.0,0,1,1,0,0,0,1,0,0,0
1100,0,2013-05-21,0.9749279121818236,-0.22252093395631434,0.49999999999999994,-0.8660254037844387,0.6551563572090853,-0.7554933140726803,0.0,7644.0,4560.0,3695.285714285714,4052.0,2705.3318782412916,4653.266666666666,5521.5,2969.3954328754544,540.0,0,1,1,0,0,0,1,0,0,4052
1100,0,2013-05-22,0.43388373911755823,-0.900968867902419,0.49999999999999994,-0.8660254037844387,0.6420547132365637,-0.766658819300159,4052.0,6471.0,5420.0,3348.714285714286,4045.0,2432.0722107074084,4504.4,5095.0,2879.9246350292347,540.0,0,1,1,0,0,0,1,0,0,4045
1100,0,2013-05-23,-0.433883739117558,-0.9009688679024191,0.49999999999999994,-0.8660254037844387,0.6287628145958344,-0.777597146973627,4045.0,5623.0,0.0,3105.5714285714284,3921.0,2244.6661858089874,4407.4,4665.0,2847.685262054803,540.0,0,1,1,0,0,0,1,0,0,3921
1100,0,2013-05-24,-0.9749279121818236,-0.2225209339563146,0.49999999999999994,-0.8660254037844387,0.6152845999633276,-0.7883050558305255,3921.0,5942.0,5918.0,2975.8571428571427,3921.0,2073.1170917703753,4371.933333333333,4665.0,2832.488803682814,540.0,0,1,1,0,0,0,1,0,0,5034
1100,0,2013-05-25,-0.7818314824680299,0.6234898018587334,0.49999999999999994,-0.8660254037844387,0.6016240632249226,-0.7987793728863649,5034.0,3779.0,3980.0,2913.8571428571427,3921.0,2051.471295482941,4283.966666666666,4519.5,2821.6556705219186,540.0,0,1,1,0,0,0,1,0,0,3345
1100,0,2013-05-26,-2.4492935982947064e-16,1.0,0.49999999999999994,-0.8660254037844387,0.5877852522924732,-0.8090169943749473,3345.0,0.0,0.0,2913.8571428571427,3921.0,2051.471295482941,4079.7,4265.5,2904.162567288782,540.0,0,1,1,0,0,0,1,0,0,0
1100,0,2013-05-27,0.7818314824680298,0.6234898018587336,0.49999999999999994,-0.8660254037844387,0.5737722679043246,-0.8190148866680801,0.0,0.0,8027.0,4182.714285714285,4045.0,2617.5492172568393,4264.766666666666,4519.5,3028.959030054239,540.0,1,1,1,0,0,0,1,0,0,8882
1100,0,2013-05-28,0.9749279121818236,-0.22252093395631434,0.49999999999999994,-0.8660254037844387,0.5595892624101765,-0.8287700871745037,8882.0,4052.0,7644.0,4696.285714285715,4045.0,2922.5355266894353,4519.666666666667,4665.0,2979.037328114377,540.0,1,1,1,0,0,0,1,0,0,7647
1100,0,2013-05-29,0.43388373911755823,-0.900968867902419,0.49999999999999994,-0.8660254037844387,0.545240438540651,-0.8382797052177743,7647.0,4045.0,6471.0,5108.142857142857,5034.0,3017.070180852688,4474.2,4665.0,2929.4744309140683,540.0,1,1,1,0,0,0,1,0,0,6928
1100,0,2013-05-30,-0.433883739117558,-0.9009688679024191,0.49999999999999994,-0.8660254037844387,0.5307300481619334,-0.8475409228928311,6928.0,3921.0,5623.0,4548.0,5034.0,3584.7773059610445,4179.133333333333,4519.5,2919.1058826330673,540.0,1,1,1,0,0,0,1,0,0,0
1100,0,2013-05-31,-0.9749279121818236,-0.2225209339563146,0.49999999999999994,-0.8660254037844387,0.5160623910158528,-0.8565509959010036,0.0,5034.0,5942.0,5219.571428571428,6928.0,4095.027181722682,4503.633333333333,4665.0,2978.993621821062,540.0,1,1,1,0,0,0,1,0,0,9735
1100,0,2013-06-01,-0.7818314824680299,0.6234898018587334,1.2246467991473532e-16,-1.0,0.5012418134457758,-0.865307254363206,9735.0,3345.0,3779.0,5334.714285714285,6928.0,4044.5541045660275,4385.4,4519.5,2917.596348909905,540.0,0,1,1,0,0,0,1,0,0,4151
1100,0,2013-06-02,-2.4492935982947064e-16,1.0,1.2246467991473532e-16,-1.0,0.48627270710869,-0.8738071036110808,4151.0,0.0,0.0,5334.714285714285,6928.0,4044.5541045660275,4145.1,4315.0,2973.36091445122,540.0,0,1,1,0,0,0,1,0,0,0
1100,0,2013-06-03,0.7818314824680298,0.6234898018587336,1.2246467991473532e-16,-1.0,0.4711595076738638,-0.8820480249558537,0.0,8882.0,0.0,5430.0,6928.0,4148.572445231412,4304.4,4315.0,3131.7931362521144,540.0,1,1,1,0,0,0,1,0,0,9549
1100,0,2013-06-04,0.9749279121818236,-0.22252093395631434,1.2246467991473532e-16,-1.0,0.4559066935084588,-0.8900275764346767,9549.0,7647.0,4052.0,5528.571428571428,6928.0,4217.650722742178,4582.3,4519.5,3106.4608440896313,540.0,1,1,1,0,0,0,1,0,0,8337
1100,0,2013-06-05,0.43388373911755823,-0.900968867902419,1.2246467991473532e-16,-1.0,0.440518784350495,-0.8977433935342337,8337.0,6928.0,4045.0,5484.714285714285,6621.0,4202.241493706492,4653.7,4797.0,3128.5424517518995,540.0,1,1,1,0,0,0,1,0,0,6621
1100,0,2013-06-06,-0.433883739117558,-0.9009688679024191,1.2246467991473532e-16,-1.0,0.42500033996955416,-0.9051931898913974,6621.0,0.0,3921.0,6344.0,6621.0,3439.5617453390782,4702.2,5227.0,3138.3025765641146,540.0,1,1,1,0,0,0,1,0,0,6015
1100,0,2013-06-07,-0.9749279121818236,-0.2225209339563146,1.2246467991473532e-16,-1.0,0.4093559588156213,-0.9123747579707273,6015.0,9735.0,5034.0,5868.571428571428,6407.0,3106.615835983097,4735.1,5328.5,3151.233927450838,540.0,1,1,1,0,0,0,1,0,0,6407
1100,0,2013-06-08,-0.7818314824680299,0.6234898018587334,1.2246467991473532e-16,-1.0,0.39359027665646673,-0.9192859697186104,6407.0,4151.0,3345.0,5792.285714285715,6407.0,3161.8864998755475,4855.666666666667,5328.5,3030.709878529465,540.0,0,1,1,0,0,0,1,0,0,3617
1100,0,2013-06-09,-2.4492935982947064e-16,1.0,1.2246467991473532e-16,-1.0,0.3777079652039649,-0.9259247771938498,3617.0,0.0,0.0,5792.285714285715,6407.0,3161.8864998755475,4658.4,4592.5,3149.452011447989,540.0,0,1,1,0,0,0,1,0,0,0
1100,0,2013-06-10,0.7818314824680298,0.6234898018587336,1.2246467991473532e-16,-1.0,0.36171373072976765,-0.9322892131745133,0.0,9549.0,8882.0,5091.571428571428,6015.0,2700.4262538312264,4680.533333333334,4839.0,3146.8521516537458,540.0,0,1,1,0,0,0,1,0,0,4644
1100,0,2013-06-11,0.9749279121818236,-0.22252093395631434,1.2246467991473532e-16,-1.0,0.3456123126707335,-0.9383773917408641,4644.0,8337.0,7647.0,4542.0,4644.0,2290.148903455842,4830.2,4839.0,3020.8161879497575,540.0,0,1,1,0,0,0,1,0,0,4490
1100,0,2013-06-12,0.43388373911755823,-0.900968867902419,1.2246467991473532e-16,-1.0,0.3294084822245304,-0.9441875088341993,4490.0,6621.0,6928.0,4189.285714285715,4490.0,2098.717839879522,4701.033333333334,4567.0,2961.677570792156,540.0,0,1,1,0,0,0,1,0,0,4152
1100,0,2013-06-13,-0.433883739117558,-0.9009688679024191,1.2246467991473532e-16,-1.0,0.3131070409358269,-0.9497178427914316,4152.0,6015.0,0.0,3874.0,4152.0,1938.3846367529832,4573.166666666667,4321.0,2912.638608018429,540.0,0,1,1,0,0,0,1,0,0,3808
1100,0,2013-06-14,-0.9749279121818236,-0.2225209339563146,1.2246467991473532e-16,-1.0,0.29671281927349075,-0.9549667548552551,3808.0,6407.0,9735.0,3694.285714285714,4152.0,1709.1647779237765,4529.1,4321.0,2892.8687748108887,540.0,0,1,1,0,0,0,1,0,0,5149
1100,0,2013-06-15,-0.7818314824680299,0.6234898018587334,1.2246467991473532e-16,-1.0,0.28023067519921585,-0.9599326896597447,5149.0,3617.0,4151.0,3734.1428571428573,4152.0,1710.314827604498,4471.533333333334,4151.5,2887.5283755385362,540.0,0,1,1,0,0,0,1,0,0,3896
1100,0,2013-06-16,-2.4492935982947064e-16,1.0,1.2246467991473532e-16,-1.0,0.26366549272800704,-0.9646141756912435,3896.0,0.0,0.0,3734.1428571428573,4152.0,1710.314827604498,4273.466666666666,4101.5,2985.321616513533,540.0,0,1,1,0,0,0,1,0,0,0
1100,0,2013-06-17,0.7818314824680298,0.6234898018587336,1.2246467991473532e-16,-1.0,0.24702218048093552,-0.9690098257244062,0.0,4644.0,9549.0,4261.428571428572,4152.0,2447.6143389800914,4425.333333333333,4151.5,3073.871313274956,540.0,1,1,1,0,0,0,1,0,0,8335
1100,0,2013-06-18,0.9749279121818236,-0.22252093395631434,1.2246467991473532e-16,-1.0,0.23030567023061221,-0.9731183372332619,8335.0,4490.0,8337.0,4625.0,4152.0,2666.460200340519,4659.833333333333,4321.0,2991.879458701886,540.0,1,1,1,0,0,0,1,0,0,7035
1100,0,2013-06-19,0.43388373911755823,-0.900968867902419,1.2246467991473532e-16,-1.0,0.21352091543979612,-0.9769384927771817,7035.0,4152.0,6621.0,4774.285714285715,5149.0,2664.817424282929,4833.066666666667,4567.0,2860.330013915482,540.0,1,1,1,0,0,0,1,0,0,5197
1100,0,2013-06-20,-0.433883739117558,-0.9009688679024191,1.2246467991473532e-16,-1.0,0.19667288979357647,-0.980469160361632,5197.0,3808.0,6015.0,5018.285714285715,5197.0,2639.6714261618317,4881.866666666667,4839.0,2859.0330862908427,540.0,1,1,1,0,0,0,1,0,0,5516
1100,0,2013-06-21,-0.9749279121818236,-0.2225209339563146,1.2246467991473532e-16,-1.0,0.1797665857255624,-0.9837092937736097,5516.0,5149.0,6407.0,5214.0,5516.0,2701.0528811311096,4964.333333333333,5091.5,2869.722278204458,540.0,1,1,1,0,0,0,1,0,0,6519
1100,0,2013-06-22,-0.7818314824680299,0.6234898018587334,1.2246467991473532e-16,-1.0,0.16280701293851715,-0.986657932891657,6519.0,3896.0,3617.0,5150.142857142857,5516.0,2742.373572204161,4948.6,5091.5,2876.9244665452884,540.0,0,1,1,0,0,0,1,0,0,3449
1100,0,2013-06-23,-2.4492935982947064e-16,1.0,1.2246467991473532e-16,-1.0,0.1457991969198751,-0.9893142039703663,3449.0,0.0,0.0,5150.142857142857,5516.0,2742.373572204161,4780.8,4896.5,3015.2530676659558,540.0,0,1,1,0,0,0,1,0,0,0
1100,0,2013-06-24,0.7818314824680298,0.6234898018587336,1.2246467991473532e-16,-1.0,0.12874817745258132,-0.99167731989929,0.0,8335.0,4644.0,4605.571428571428,5197.0,2355.7646923481734,4820.066666666667,4896.5,3003.558027238445,540.0,0,1,1,0,0,0,1,0,0,4523
1100,0,2013-06-25,0.9749279121818236,-0.22252093395631434,1.2246467991473532e-16,-1.0,0.11165900712169512,-0.993746580436178,4523.0,7035.0,4490.0,4289.285714285715,4821.0,2111.152664169166,4980.766666666666,4985.0,2862.4301669943907,540.0,0,1,1,0,0,0,1,0,0,4821
1100,0,2013-06-26,0.43388373911755823,-0.900968867902419,1.2246467991473532e-16,-1.0,0.09453674981719912,-0.9955213724144752,4821.0,5197.0,4152.0,4195.714285714285,4542.0,2078.4779458605203,4836.1,4732.5,2766.528564826323,540.0,0,1,1,0,0,0,1,0,0,4542
1100,0,2013-06-27,-0.433883739117558,-0.9009688679024191,1.2246467991473532e-16,-1.0,0.07738647923346301,-0.9970011699250151,4542.0,5516.0,3808.0,4054.4285714285716,4527.0,2006.1276012210562,4732.1,4593.0,2715.388031583876,540.0,0,1,1,0,0,0,1,0,0,4527
1100,0,2013-06-28,-0.9749279121818236,-0.2225209339563146,1.2246467991473532e-16,-1.0,0.06021327736579302,-0.9981855344718586,4527.0,6519.0,5149.0,3891.8571428571427,4527.0,1809.6022056952568,4680.533333333334,4593.0,2686.787297425903,540.0,0,1,1,0,0,0,1,0,0,5381
1100,0,2013-06-29,-0.7818314824680299,0.6234898018587334,1.2246467991473532e-16,-1.0,0.04302223300453059,-0.99907411510223,5381.0,3449.0,3896.0,4049.0,4542.0,1812.4945057387981,4832.166666666667,4596.5,2537.756830329701,540.0,0,1,1,0,0,0,1,0,0,4549
1100,0,2013-06-30,-2.4492935982947064e-16,1.0,1.2246467991473532e-16,-1.0,0.02581844022713308,-0.9996666485105112,4549.0,0.0,0.0,4049.0,4542.0,1812.4945057387977,4507.666666666667,4545.5,2511.4848930097273,540.0,0,1,1,0,0,0,1,0,0,0
1100,0,2013-07-01,0.7818314824680298,0.6234898018587336,-0.4999999999999998,-0.8660254037844388,0.008606996888688698,-0.9999629591162655,0.0,4523.0,8335.0,4580.0,4549.0,2417.881166090123,4643.966666666666,4596.5,2600.8281503813514,540.0,1,1,1,0,0,0,1,0,0,8240
1100,0,2013-07-02,0.9749279121818236,-0.22252093395631434,-0.4999999999999998,-0.8660254037844388,-0.008606996888688009,-0.9999629591162655,8240.0,4821.0,7035.0,4829.428571428572,4549.0,2534.149486326254,4862.866666666667,4732.5,2469.531712321369,540.0,1,1,1,0,0,0,1,0,0,6567
1100,0,2013-07-03,0.43388373911755823,-0.900968867902419,-0.4999999999999998,-0.8660254037844388,-0.02581844022713239,-0.9996666485105112,6567.0,4542.0,5197.0,5001.142857142857,5381.0,2552.087604855512,4736.033333333334,4732.5,2313.3269739718467,540.0,1,1,1,0,0,0,1,0,0,5744
1100,0,2013-07-04,-0.433883739117558,-0.9009688679024191,-0.4999999999999998,-0.8660254037844388,-0.04302223300453034,-0.99907411510223,5744.0,4527.0,5516.0,5356.0,5744.0,2646.134161375799,4691.833333333333,4732.5,2254.060490626259,540.0,1,1,1,0,0,0,1,0,0,7011
1100,0,2013-07-05,-0.9749279121818236,-0.2225209339563146,-0.4999999999999998,-0.8660254037844388,-0.060213277365792774,-0.9981855344718586,7011.0,5381.0,6519.0,5677.0,6567.0,2782.4517965276605,4725.4,4732.5,2290.9752568690474,540.0,1,1,1,0,0,0,1,0,0,7628
1100,0,2013-07-06,-0.7818314824680299,0.6234898018587334,-0.4999999999999998,-0.8660254037844388,-0.07738647923346322,-0.9970011699250151,7628.0,4549.0,3449.0,5549.571428571428,6567.0,2862.0091344568223,4646.8,4596.5,2285.6488764040046,540.0,0,1,1,0,0,0,1,0,0,3657
1100,0,2013-07-07,-2.4492935982947064e-16,1.0,-0.4999999999999998,-0.8660254037844388,-0.09453674981719933,-0.9955213724144752,3657.0,0.0,0.0,5549.571428571428,6567.0,2862.0091344568223,4433.233333333334,4545.5,2411.3786110329324,540.0,0,1,1,0,0,0,1,0,0,0
1100,0,2013-07-08,0.7818314824680298,0.6234898018587336,-0.4999999999999998,-0.8660254037844388,-0.11165900712169444,-0.9937465804361781,0.0,8240.0,4523.0,5005.285714285715,5744.0,2616.8646452250014,4460.333333333333,4545.5,2406.4525233476816,540.0,0,1,1,0,0,0,1,0,0,4430
1100,0,2013-07-09,0.9749279121818236,-0.22252093395631434,-0.4999999999999998,-0.8660254037844388,-0.12874817745258066,-0.99167731989929,4430.0,6567.0,4821.0,4767.285714285715,4901.0,2525.3151429927652,4623.7,4596.5,2254.7907028797804,540.0,0,1,1,0,0,0,1,0,0,4901
1100,0,2013-07-10,0.43388373911755823,-0.900968867902419,-0.4999999999999998,-0.8660254037844388,-0.14579919691987442,-0.9893142039703664,4901.0,5744.0,4542.0,4609.142857142857,4637.0,2488.347472291027,4623.466666666666,4593.0,2254.788891920134,540.0,0,1,1,0,0,0,1,0,0,4637
1100,0,2013-07-11,-0.433883739117558,-0.9009688679024191,-0.4999999999999998,-0.8660254037844388,-0.16280701293851646,-0.9866579328916572,4637.0,7011.0,4527.0,4308.428571428572,4637.0,2267.0627735128146,4637.333333333333,4729.0,2255.2189179359243,540.0,0,1,1,0,0,0,1,0,0,4906
1100,0,2013-07-12,-0.9749279121818236,-0.2225209339563146,-0.4999999999999998,-0.8660254037844388,-0.17976658572556214,-0.9837092937736098,4906.0,7628.0,5381.0,3906.1428571428573,4637.0,1776.637031826461,4659.333333333333,4816.5,2253.539734136792,540.0,0,1,1,0,0,0,1,0,0,4812
1100,0,2013-07-13,-0.7818314824680299,0.6234898018587334,-0.4999999999999998,-0.8660254037844388,-0.19667288979357622,-0.9804691603616321,4812.0,3657.0,4549.0,3886.1428571428573,4637.0,1780.6925084145787,4649.633333333333,4816.5,2257.952482370625,540.0,0,1,1,0,0,0,1,0,0,3517
1100,0,2013-07-14,-2.4492935982947064e-16,1.0,-0.4999999999999998,-0.8660254037844388,-0.2135209154397959,-0.9769384927771817,3517.0,0.0,0.0,3886.1428571428573,4637.0,1780.6925084145787,4478.0,4724.5,2409.307498159926,540.0,0,1,1,0,0,0,1,0,0,0
1100,0,2013-07-15,0.7818314824680298,0.6234898018587336,-0.4999999999999998,-0.8660254037844388,-0.23030567023061196,-0.973118337233262,0.0,4430.0,8240.0,4665.571428571428,4812.0,2900.434959170943,4677.666666666667,4816.5,2600.0653351649507,540.0,1,1,1,0,0,0,1,0,0,9886
1100,0,2013-07-16,0.9749279121818236,-0.22252093395631434,-0.4999999999999998,-0.8660254037844388,-0.24702218048093527,-0.9690098257244063,9886.0,4901.0,6567.0,5167.428571428572,4812.0,3232.8368273670962,4958.133333333333,4861.0,2530.9779183130972,540.0,1,1,1,0,0,0,1,0,0,8414
1100,0,2013-07-17,0.43388373911755823,-0.900968867902419,-0.4999999999999998,-0.8660254037844388,-0.2636654927280072,-0.9646141756912435,8414.0,4637.0,5744.0,5503.714285714285,4906.0,3290.386133079506,4913.333333333333,4861.0,2480.53619527955,540.0,1,1,1,0,0,0,1,0,0,6991
1100,0,2013-07-18,-0.433883739117558,-0.9009688679024191,-0.4999999999999998,-0.8660254037844388,-0.2802306751992161,-0.9599326896597445,6991.0,4906.0,7011.0,5772.428571428572,6787.0,3310.1851336515338,4905.066666666667,4861.0,2473.625301724844,540.0,1,1,1,0,0,0,1,0,0,6787
1100,0,2013-07-19,-0.9749279121818236,-0.2225209339563146,-0.4999999999999998,-0.8660254037844388,-0.2967128192734901,-0.9549667548552553,6787.0,4812.0,7628.0,6086.428571428572,6991.0,3308.1450420209244,4965.5,4861.0,2502.9761285317913,540.0,1,1,1,0,0,0,1,0,0,7010
1100,0,2013-07-20,-0.7818314824680299,0.6234898018587334,-0.4999999999999998,-0.8660254037844388,-0.3131070409358267,-0.9497178427914317,7010.0,3517.0,3657.0,6203.428571428572,6991.0,3215.3059915111694,4926.166666666667,4816.5,2503.2985285395944,540.0,0,1,1,0,0,0,1,0,0,4336
1100,0,2013-07-21,-2.4492935982947064e-16,1.0,-0.4999999999999998,-0.8660254037844388,-0.3294084822245302,-0.9441875088341994,4336.0,0.0,0.0,6203.428571428572,6991.0,3215.3059915111694,4708.866666666667,4724.5,2639.5011510580503,540.0,0,1,1,0,0,0,1,0,0,0
1100,0,2013-07-22,0.7818314824680298,0.6234898018587336,-0.4999999999999998,-0.8660254037844388,-0.3456123126707333,-0.9383773917408642,0.0,9886.0,4430.0,5318.142857142857,6787.0,2866.590857247881,4716.866666666667,4724.5,2635.9122445406883,540.0,0,1,1,0,0,0,1,0,0,3689
1100,0,2013-07-23,0.9749279121818236,-0.22252093395631434,-0.4999999999999998,-0.8660254037844388,-0.3617137307297674,-0.9322892131745134,3689.0,8414.0,4901.0,4709.571428571428,4336.0,2532.536334529928,4855.333333333333,4724.5,2484.3355086501947,540.0,0,1,1,0,0,0,1,0,0,4154
1100,0,2013-07-24,0.43388373911755823,-0.900968867902419,-0.4999999999999998,-0.8660254037844388,-0.37770796520396466,-0.9259247771938499,4154.0,6991.0,4637.0,4293.571428571428,4154.0,2326.0751533533075,4840.533333333334,4724.5,2487.7038399701623,540.0,0,1,1,0,0,0,1,0,0,4079
1100,0,2013-07-25,-0.433883739117558,-0.9009688679024191,-0.4999999999999998,-0.8660254037844388,-0.39359027665646645,-0.9192859697186105,4079.0,6787.0,4906.0,3917.5714285714284,4154.0,2052.4837682787193,4818.333333333333,4593.0,2490.853825821416,540.0,0,1,1,0,0,0,1,0,0,4155
1100,0,2013-07-26,-0.9749279121818236,-0.2225209339563146,-0.4999999999999998,-0.8660254037844388,-0.4093559588156211,-0.9123747579707274,4155.0,7010.0,4812.0,3521.1428571428573,4154.0,1565.976524789074,4808.1,4593.0,2492.658231410933,540.0,0,1,1,0,0,0,1,0,0,4235
1100,0,2013-07-27,-0.7818314824680299,0.6234898018587334,-0.4999999999999998,-0.8660254037844388,-0.42500033996955394,-0.9051931898913975,4235.0,4336.0,3517.0,3323.1428571428573,4079.0,1533.0513612369493,4755.533333333334,4593.0,2515.3160318794685,540.0,0,1,1,0,0,0,1,0,0,2950
1100,0,2013-07-28,-2.4492935982947064e-16,1.0,-0.4999999999999998,-0.8660254037844388,-0.4405187843504952,-0.8977433935342336,2950.0,0.0,0.0,3323.1428571428573,4079.0,1533.0513612369493,4576.166666666667,4489.5,2657.0423287523286,540.0,0,1,1,0,0,0,1,0,0,0
1100,0,2013-07-29,0.7818314824680298,0.6234898018587336,-0.4999999999999998,-0.8660254037844388,-0.455906693508459,-0.8900275764346766,0.0,3689.0,9886.0,4174.0,4154.0,2853.8219986537338,4746.033333333334,4533.5,2813.5327956066217,540.0,1,1,1,0,0,0,1,0,0,9645
1100,0,2013-07-30,0.9749279121818236,-0.22252093395631434,-0.4999999999999998,-0.8660254037844388,-0.47115950767386394,-0.8820480249558535,9645.0,4154.0,8414.0,4763.428571428572,4155.0,3247.8878704548306,5022.033333333334,4724.5,2736.9870482519354,540.0,1,1,1,0,0,0,1,0,0,8280
1100,0,2013-07-31,0.43388373911755823,-0.900968867902419,-0.4999999999999998,-0.8660254037844388,-0.4862727071086902,-0.8738071036110807,8280.0,4079.0,6991.0,5369.285714285715,4235.0,3485.779956446176,5024.7,4724.5,2740.267456742635,540.0,1,1,1,0,0,0,1,0,0,8320
1100,0,2013-08-01,-0.433883739117558,-0.9009688679024191,-0.8660254037844384,-0.5000000000000004,-0.5012418134457756,-0.8653072543632061,8320.0,4155.0,6787.0,5728.714285714285,6671.0,3469.3808147989807,5028.166666666667,4724.5,2742.350867706243,540.0,1,1,1,0,0,0,1,0,0,6671
1100,0,2013-08-02,-0.9749279121818236,-0.2225209339563146,-0.8660254037844384,-0.5000000000000004,-0.5160623910158526,-0.8565509959010037,6671.0,4235.0,7010.0,5921.857142857143,6671.0,3409.48165310464,5022.933333333333,4724.5,2741.0872236789696,540.0,1,1,1,0,0,0,1,0,0,5587
1100,0,2013-08-03,-0.7818314824680299,0.6234898018587334,-0.8660254037844384,-0.5000000000000004,-0.5307300481619331,-0.8475409228928312,5587.0,2950.0,4336.0,6019.0,6671.0,3319.186848210468,4910.233333333334,4533.5,2725.9925833295665,540.0,0,1,1,0,0,0,1,0,0,3630
1100,0,2013-08-04,-2.4492935982947064e-16,1.0,-0.8660254037844384,-0.5000000000000004,-0.5452404385406507,-0.8382797052177745,3630.0,0.0,0.0,6019.0,6671.0,3319.186848210468,4655.966666666666,4383.0,2817.951205903069,540.0,0,1,1,0,0,0,1,0,0,0
1100,0,2013-08-05,0.7818314824680298,0.6234898018587336,-0.8660254037844384,-0.5000000000000004,-0.5595892624101763,-0.828770087174504,0.0,9645.0,3689.0,5234.285714285715,5587.0,2947.580517095658,4672.466666666666,4383.0,2813.345667293329,540.0,0,1,1,0,0,0,1,0,0,4152
1100,0,2013-08-06,0.9749279121818236,-0.22252093395631434,-0.8660254037844384,-0.5000000000000004,-0.5737722679043243,-0.8190148866680802,4152.0,8280.0,4154.0,4648.0,4176.0,2632.073390567469,4811.666666666667,4383.0,2674.0498581137467,540.0,0,1,1,0,0,0,1,0,0,4176
1100,0,2013-08-07,0.43388373911755823,-0.900968867902419,-0.8660254037844384,-0.5000000000000004,-0.5877852522924734,-0.8090169943749472,4176.0,8320.0,4079.0,4024.1428571428573,4152.0,2075.3280406216436,4795.766666666666,4285.5,2677.8129996173234,540.0,0,1,1,0,0,0,1,0,0,3953
1100,0,2013-08-08,-0.433883739117558,-0.9009688679024191,-0.8660254037844384,-0.5000000000000004,-0.6016240632249227,-0.7987793728863648,3953.0,6671.0,4155.0,3619.0,3953.0,1718.6649857762643,4760.233333333334,4205.5,2683.4352106740052,540.0,0,1,1,0,0,0,1,0,0,3835
1100,0,2013-08-09,-0.9749279121818236,-0.2225209339563146,-0.8660254037844384,-0.5000000000000004,-0.6152845999633277,-0.7883050558305253,3835.0,5587.0,4235.0,3495.4285714285716,3953.0,1579.0055791692478,4763.066666666667,4205.5,2683.3454792328785,540.0,0,1,1,0,0,0,1,0,0,4722
1100,0,2013-08-10,-0.7818314824680299,0.6234898018587334,-0.8660254037844384,-0.5000000000000004,-0.6287628145958345,-0.7775971469736268,4722.0,3630.0,2950.0,3419.5714285714284,3953.0,1584.2094618602716,4702.833333333333,4165.5,2700.2540887253826,540.0,0,1,1,0,0,0,1,0,0,3099
1100,0,2013-08-11,-2.4492935982947064e-16,1.0,-0.8660254037844384,-0.5000000000000004,-0.6420547132365636,-0.7666588193001592,3099.0,0.0,0.0,3419.5714285714284,3953.0,1584.2094618602716,4542.433333333333,4154.5,2833.1940752119463,540.0,0,1,1,0,0,0,1,0,0,0
1100,0,2013-08-12,0.7818314824680298,0.6234898018587336,-0.8660254037844384,-0.5000000000000004,-0.655156357209085,-0.7554933140726804,0.0,4152.0,9645.0,4260.285714285715,3953.0,2982.2984265096443,4759.766666666666,4165.5,2997.1504131175266,540.0,1,1,1,0,0,0,1,0,0,10037
1100,0,2013-08-13,0.9749279121818236,-0.22252093395631434,-0.8660254037844384,-0.5000000000000004,-0.6680638642135333,-0.7441039398713608,10037.0,4176.0,8280.0,4657.142857142857,3953.0,3149.368901254738,4991.566666666667,4205.5,2883.0763703848106,540.0,1,1,1,0,0,0,1,0,0,6954
1100,0,2013-08-14,0.43388373911755823,-0.900968867902419,-0.8660254037844384,-0.5000000000000004,-0.6807734094770159,-0.7324940716135792,6954.0,3953.0,8320.0,4989.714285714285,4722.0,3185.331364985738,4871.4,4205.5,2743.8062613821676,540.0,1,1,1,0,0,0,1,0,0,6281
1100,0,2013-08-15,-0.433883739117558,-0.9009688679024191,-0.8660254037844384,-0.5000000000000004,-0.6932812268869771,-0.7206671495538615,6281.0,3835.0,6671.0,5271.714285714285,5809.0,3153.284304461288,4784.566666666667,4205.5,2668.000603362041,540.0,1,1,1,0,0,0,1,0,0,5809
1100,0,2013-08-16,-0.9749279121818236,-0.2225209339563146,-0.8660254037844384,-0.5000000000000004,-0.7055836101071774,-0.7086266782644601,5809.0,4722.0,5587.0,5415.857142857143,5809.0,3147.02316634686,4742.566666666667,4205.5,2641.858393492042,540.0,1,1,1,0,0,0,1,0,0,5731
1100,0,2013-08-17,-0.7818314824680299,0.6234898018587334,-0.8660254037844384,-0.5000000000000004,-0.7176769136759615,-0.6963762255968726,5731.0,3099.0,3630.0,5387.0,5809.0,3172.6307170338423,4612.9,4165.5,2633.504697101404,540.0,0,1,1,0,0,0,1,0,0,2897
1100,0,2013-08-18,-2.4492935982947064e-16,1.0,-0.8660254037844384,-0.5000000000000004,-0.7295575540864876,-0.6839194216246105,2897.0,0.0,0.0,5387.0,5809.0,3172.6307170338423,4379.233333333334,4154.5,2722.953628125077,540.0,0,1,1,0,0,0,1,0,0,0
1100,0,2013-08-19,0.7818314824680298,0.6234898018587336,-0.8660254037844384,-0.5000000000000004,-0.7412220108485957,-0.6712599575675315,0.0,10037.0,4152.0,4531.142857142857,5731.0,2430.4270837702184,4369.566666666667,4153.0,2723.627078166084,540.0,0,1,1,0,0,0,1,0,0,4046
1100,0,2013-08-20,0.9749279121818236,-0.22252093395631434,-0.8660254037844384,-0.5000000000000004,-0.7526668275320083,-0.6584015846980489,4046.0,6954.0,4176.0,4115.142857142857,4046.0,2183.250132911284,4504.3,4153.0,2597.0526019396225,540.0,0,1,1,0,0,0,1,0,0,4042
1100,0,2013-08-21,0.43388373911755823,-0.900968867902419,-0.8660254037844384,-0.5000000000000004,-0.7638886127905429,-0.64534811322955,4042.0,6281.0,3953.0,3743.8571428571427,4042.0,1963.4659345632838,4504.066666666667,4153.0,2597.1286921672063,540.0,0,1,1,0,0,0,1,0,0,3682
1100,0,2013-08-22,-0.433883739117558,-0.9009688679024191,-0.8660254037844384,-0.5000000000000004,-0.7748840413670406,-0.6321034111873488,3682.0,5809.0,3835.0,3470.0,3892.0,1749.444578525803,4495.333333333333,4115.5,2598.786432075597,540.0,0,1,1,0,0,0,1,0,0,3892
1100,0,2013-08-23,-0.9749279121818236,-0.2225209339563146,-0.8660254037844384,-0.5000000000000004,-0.7856498550787144,-0.6186714032625032,3892.0,5731.0,4722.0,3214.8571428571427,3892.0,1473.1574286286577,4490.866666666667,4099.0,2599.641695912423,540.0,0,1,1,0,0,0,1,0,0,3945
1100,0,2013-08-24,-0.7818314824680299,0.6234898018587334,-0.8660254037844384,-0.5000000000000004,-0.7961828637826154,-0.6050560696488494,3945.0,2897.0,3099.0,3198.714285714286,3892.0,1477.8327278242828,4445.166666666667,4044.0,2617.7372709155156,540.0,0,1,1,0,0,0,1,0,0,2784
1100,0,2013-08-25,-2.4492935982947064e-16,1.0,-0.8660254037844384,-0.5000000000000004,-0.8064799463209447,-0.5912614448635782,2784.0,0.0,0.0,3198.714285714286,3892.0,1477.8327278242828,4304.0,3997.5,2740.7612836204985,540.0,0,1,1,0,0,0,1,0,0,0
1100,0,2013-08-26,0.7818314824680298,0.6234898018587336,-0.8660254037844384,-0.5000000000000004,-0.8165380514459157,-0.5772916165517278,0.0,4046.0,10037.0,3897.4285714285716,3892.0,2642.491113649066,4503.566666666667,4044.0,2854.3854182804284,540.0,1,1,1,0,0,0,1,0,0,8937
1100,0,2013-08-27,0.9749279121818236,-0.22252093395631434,-0.8660254037844384,-0.5000000000000004,-0.8263541987239095,-0.5631507242749187,8937.0,4042.0,6954.0,4228.0,3892.0,2803.4290312639146,4715.433333333333,4099.0,2742.2664887647743,540.0,1,1,1,0,0,0,1,0,0,6356
1100,0,2013-08-28,0.43388373911755823,-0.900968867902419,-0.8660254037844384,-0.5000000000000004,-0.8359254794186365,-0.5488429582847199,6356.0,3682.0,6281.0,4532.285714285715,3945.0,2849.5057299050836,4587.666666666667,4099.0,2589.7199999538375,540.0,1,1,1,0,0,0,1,0,0,5812
1100,0,2013-08-29,-0.433883739117558,-0.9009688679024191,-0.8660254037844384,-0.5000000000000004,-0.8452490573530634,-0.5343725582809785,5812.0,3892.0,5809.0,4790.0,5696.0,2863.4898870667125,4501.533333333334,4099.0,2504.2401935769694,540.0,1,1,1,0,0,0,1,0,0,5696
1100,0,2013-08-30,-0.9749279121818236,-0.2225209339563146,-0.8660254037844384,-0.5000000000000004,-0.8543221697498269,-0.5197438121555157,5696.0,3945.0,5731.0,5266.142857142857,5812.0,2974.5190327497453,4466.8,4099.0,2456.218265040227,540.0,1,1,1,0,0,0,1,0,0,7278
1100,0,2013-08-31,-0.7818314824680299,0.6234898018587334,-0.8660254037844384,-0.5000000000000004,-0.8631421280499115,-0.5049610547215202,7278.0,2784.0,2897.0,5419.142857142857,5812.0,2850.526526133458,4372.933333333333,4044.0,2422.6567766547623,540.0,0,1,1,0,0,0,1,0,0,3855
1100,0,2013-09-01,-2.4492935982947064e-16,1.0,-1.0,-1.8369701987210297e-16,-0.8717063187093218,-0.4900286664290594,3855.0,0.0,0.0,5419.142857142857,5812.0,2850.526526133458,4186.7,3997.5,2538.1014646439103,540.0,0,1,1,0,0,0,1,0,0,0
1100,0,2013-09-02,0.7818314824680298,0.6234898018587336,-1.0,-1.8369701987210297e-16,-0.8800122039735356,-0.4749510720670502,0.0,8937.0,4046.0,4716.0,5696.0,2411.3771307422376,4199.533333333334,4028.5,2536.1621662136095,540.0,0,1,1,0,0,0,1,0,0,4015
1100,0,2013-09-03,0.9749279121818236,-0.22252093395631434,-1.0,-1.8369701987210297e-16,-0.888057322629493,-0.4597327394521046,4015.0,6356.0,4042.0,4419.857142857143,4283.0,2301.1744413502875,4342.3,4044.0,2408.969262339503,540.0,0,1,1,0,0,0,1,0,0,4283
1100,0,2013-09-04,0.43388373911755823,-0.900968867902419,-1.0,-1.8369701987210297e-16,-0.8958392907349089,-0.44437817810461344,4283.0,5812.0,3682.0,4170.428571428572,4066.0,2218.2603436884833,4339.433333333333,4044.0,2409.25468062053,540.0,0,1,1,0,0,0,1,0,0,4066
1100,0,2013-09-05,-0.433883739117558,-0.9009688679024191,-1.0,-1.8369701987210297e-16,-0.9033558023246842,-0.4288919379124841,4066.0,5696.0,3892.0,3885.4285714285716,4015.0,2115.3602417510233,4323.6,4028.5,2411.9251232158886,540.0,0,1,1,0,0,0,1,0,0,3701
1100,0,2013-09-06,-0.9749279121818236,-0.2225209339563146,-1.0,-1.8369701987210297e-16,-0.9106046300942162,-0.41327860778290443,3701.0,7278.0,3945.0,3435.5714285714284,4015.0,1526.5254509443803,4329.466666666666,4044.0,2411.206547787214,540.0,0,1,1,0,0,0,1,0,0,4129
1100,0,2013-09-07,-0.7818314824680299,0.6234898018587334,-1.0,-1.8369701987210297e-16,-0.9175836260593934,-0.3975428142825566,4129.0,3855.0,2784.0,3292.8571428571427,4015.0,1527.47563303766,4296.833333333333,4044.0,2424.716493677688,540.0,0,1,1,0,0,0,1,0,0,2856
1100,0,2013-09-08,-2.4492935982947064e-16,1.0,-1.0,-1.8369701987210297e-16,-0.9242907221930934,-0.3816892202666586,2856.0,0.0,0.0,3292.8571428571427,4015.0,1527.47563303766,4139.433333333333,4028.5,2546.3768673498994,540.0,0,1,1,0,0,0,1,0,0,0
1100,0,2013-09-09,0.7818314824680298,0.6234898018587336,-1.0,-1.8369701987210297e-16,-0.9307239310379793,-0.3657225234972692,0.0,4015.0,8937.0,4132.285714285715,4066.0,2946.201153705435,4365.833333333333,4044.0,2744.8844468277275,540.0,1,1,1,0,0,0,1,0,0,9891
1100,0,2013-09-10,0.9749279121818236,-0.22252093395631434,-1.0,-1.8369701987210297e-16,-0.9368813462954315,-0.34964745525122826,9891.0,4283.0,6356.0,4571.714285714285,4066.0,3191.6008373168947,4611.133333333333,4056.0,2669.048076895879,540.0,1,1,1,0,0,0,1,0,0,7359
1100,0,2013-09-11,0.43388373911755823,-0.900968867902419,-1.0,-1.8369701987210297e-16,-0.9427611433904206,-0.33346877891818705,7359.0,4066.0,5812.0,4833.571428571428,4129.0,3218.277275041357,4473.2,4056.0,2479.1441431991407,540.0,1,1,1,0,0,0,1,0,0,5899
1100,0,2013-09-12,-0.433883739117558,-0.9009688679024191,-1.0,-1.8369701987210297e-16,-0.9483615800121716,-0.31719128858910595,5899.0,3701.0,5696.0,5304.0,5899.0,3265.4622949897935,4474.533333333334,4056.0,2480.534741199734,540.0,1,1,1,0,0,0,1,0,0,6994
1100,0,2013-09-13,-0.9749279121818236,-0.2225209339563146,-1.0,-1.8369701987210297e-16,-0.9536809966304455,-0.300819807635668,6994.0,4129.0,7278.0,5638.428571428572,6470.0,3244.880524618376,4480.833333333333,4056.0,2485.515974786628,540.0,1,1,1,0,0,0,1,0,0,6470
1100,0,2013-09-14,-0.7818314824680299,0.6234898018587334,-1.0,-1.8369701987210297e-16,-0.9587178169872964,-0.2843591872810036,6470.0,2856.0,3855.0,5655.285714285715,6470.0,3228.2807454477347,4386.333333333333,4044.0,2487.1706170186435,540.0,0,1,1,0,0,0,1,0,0,2974
1100,0,2013-09-15,-2.4492935982947064e-16,1.0,-1.0,-1.8369701987210297e-16,-0.9634705485641486,-0.26781430516217486,2974.0,0.0,0.0,5655.285714285715,6470.0,3228.2807454477347,4195.3,4028.5,2597.953387466421,540.0,0,1,1,0,0,0,1,0,0,0
1100,0,2013-09-16,0.7818314824680298,0.6234898018587336,-1.0,-1.8369701987210297e-16,-0.9679377830240642,-0.25119006388481957,0.0,9891.0,4015.0,4778.857142857143,5899.0,2671.45094337462,4223.933333333333,4028.5,2587.8649025833956,540.0,0,1,1,0,0,0,1,0,0,3756
1100,0,2013-09-17,0.9749279121818236,-0.22252093395631434,-1.0,-1.8369701987210297e-16,-0.9721181966290612,-0.23449138957041052,3756.0,7359.0,4283.0,4332.142857142857,4232.0,2417.4690917411554,4365.0,4044.0,2461.957141283581,540.0,0,1,1,0,0,0,1,0,0,4232
1100,0,2013-09-18,0.43388373911755823,-0.900968867902419,-1.0,-1.8369701987210297e-16,-0.9760105506323682,-0.21772323039653224,4232.0,5899.0,4066.0,3994.0,3756.0,2325.573190993279,4347.866666666667,4028.5,2466.0388275229075,540.0,0,1,1,0,0,0,1,0,0,3532
1100,0,2013-09-19,-0.433883739117558,-0.9009688679024191,-1.0,-1.8369701987210297e-16,-0.9796136916454901,-0.20089055513063528,3532.0,6994.0,3701.0,3532.5714285714284,3756.0,1915.3863715660457,4338.6,3980.0,2467.7495485731,540.0,0,1,1,0,0,0,1,0,0,3764
1100,0,2013-09-20,-0.9749279121818236,-0.2225209339563146,-1.0,-1.8369701987210297e-16,-0.9829265519799822,-0.18399835165767986,3764.0,6470.0,4129.0,3191.714285714286,3756.0,1464.8396629308018,4352.0,4040.5,2465.151306820176,540.0,0,1,1,0,0,0,1,0,0,4084
1100,0,2013-09-21,-0.7818314824680299,0.6234898018587334,-1.0,-1.8369701987210297e-16,-0.9859481499638303,-0.1670516255021195,4084.0,2974.0,2856.0,3220.285714285714,3756.0,1461.832835209014,4328.066666666667,4040.5,2473.2434230954777,540.0,0,1,1,0,0,0,1,0,0,3174
1100,0,2013-09-22,-2.4492935982947064e-16,1.0,-1.0,-1.8369701987210297e-16,-0.9886775902323404,-0.15005539834465262,3174.0,0.0,0.0,3220.285714285714,3756.0,1461.832835209014,4196.566666666667,4040.5,2596.1357979907702,540.0,0,1,1,0,0,0,1,0,0,0
1100,0,2013-09-23,0.7818314824680298,0.6234898018587336,-1.0,-1.8369701987210297e-16,-0.9911140639934546,-0.13301470653419636,0.0,3756.0,9891.0,3888.1428571428573,3764.0,2468.604628028515,4384.8,4075.0,2693.093585835618,540.0,1,1,1,0,0,0,1,0,0,8431
1100,0,2013-09-24,0.9749279121818236,-0.22252093395631434,-1.0,-1.8369701987210297e-16,-0.9932568492674143,-0.11593459959550066,8431.0,4232.0,7359.0,4229.714285714285,3764.0,2680.4403067584312,4605.566666666667,4106.5,2590.771216337383,540.0,1,1,1,0,0,0,1,0,0,6623
1100,0,2013-09-25,0.43388373911755823,-0.900968867902419,-1.0,-1.8369701987210297e-16,-0.9951053111006974,-0.09882013873287211,6623.0,3532.0,5899.0,4504.0,4084.0,2695.3388778902486,4489.4,4106.5,2464.933818794019,540.0,1,1,1,0,0,0,1,0,0,5452
1100,0,2013-09-26,-0.433883739117558,-0.9009688679024191,-1.0,-1.8369701987210297e-16,-0.99665890175417,-0.08167639533042288,5452.0,3764.0,6994.0,4701.142857142857,5144.0,2682.6309491847383,4449.0,4106.5,2443.121265357363,540.0,1,1,1,0,0,0,1,0,0,5144
1100,0,2013-09-27,-0.9749279121818236,-0.2225209339563146,-1.0,-1.8369701987210297e-16,-0.9979171608653922,-0.06450844944931625,5144.0,4084.0,6470.0,5076.285714285715,5452.0,2764.313339347629,4478.933333333333,4106.5,2465.7927022713598,540.0,1,1,1,0,0,0,1,0,0,6710
1100,0,2013-09-28,-0.7818314824680299,0.6234898018587334,-1.0,-1.8369701987210297e-16,-0.9988797155850335,-0.04732138832243232,6710.0,3174.0,2974.0,5109.428571428572,5452.0,2738.97924156323,4402.6,4075.0,2462.260015962343,540.0,0,1,1,0,0,0,1,0,0,3406
1100,0,2013-09-29,-2.4492935982947064e-16,1.0,-1.0,-1.8369701987210297e-16,-0.9995462806873573,-0.03012030484690836,3406.0,0.0,0.0,5109.428571428572,5452.0,2738.97924156323,4160.0,4040.5,2526.878447740443,540.0,0,1,1,0,0,0,1,0,0,0
1100,0,2013-09-30,0.7818314824680298,0.6234898018587336,-1.0,-1.8369701987210297e-16,-0.9999166586547379,-0.012910296075008843,0.0,8431.0,3756.0,4659.714285714285,5283.0,2330.7235439011715,4207.6,4075.0,2534.373738870382,540.0,0,1,1,0,0,0,1,0,0,5283
1100,0,2013-10-01,0.9749279121818236,-0.22252093395631434,-0.8660254037844386,0.5000000000000001,-0.9999907397361901,0.004303538296243821,5283.0,6623.0,4232.0,4344.428571428572,5144.0,2164.205154873481,4354.8,4106.5,2406.585467793131,540.0,0,1,1,0,0,0,1,0,0,4416
1100,0,2013-10-02,0.43388373911755823,-0.900968867902419,-0.8660254037844386,0.5000000000000001,-0.9997685019798909,0.021516097436222233,4416.0,5452.0,3532.0,4229.571428571428,4648.0,2116.43567168505,4375.9,4180.5,2406.2784307321704,540.0,0,1,1,0,0,0,1,0,0,4648
1100,0,2013-10-03,-0.433883739117558,-0.9009688679024191,-0.8660254037844386,0.5000000000000001,-0.9992500112396835,0.03872228089217399,4648.0,5144.0,3764.0,3494.714285714286,4416.0,2586.786598226049,4233.133333333333,4106.5,2535.564287781172,540.0,0,1,1,0,0,0,1,0,0,0
1100,0,2013-10-04,-0.9749279121818236,-0.2225209339563146,-0.8660254037844386,0.5000000000000001,-0.9984354211555643,0.05591699010060302,0.0,6710.0,4084.0,3352.0,4416.0,2400.6970515525945,4287.966666666666,4180.5,2549.573709916783,540.0,0,1,1,0,0,0,1,0,0,5711
1100,0,2013-10-05,-0.7818314824680299,0.6234898018587334,-0.8660254037844386,0.5000000000000001,-0.9973249731081555,0.07309512989807776,5711.0,3406.0,3174.0,3294.8571428571427,4416.0,2403.9557974701747,4264.8,4180.5,2558.233932847501,540.0,0,1,1,0,0,0,1,0,0,3006
1100,0,2013-10-06,-2.4492935982947064e-16,1.0,-0.8660254037844386,0.5000000000000001,-0.9959189961471792,0.0902516100310407,3006.0,0.0,0.0,3294.8571428571427,4416.0,2403.9557974701747,4127.166666666667,4158.0,2674.232433651828,540.0,0,1,1,0,0,0,1,0,0,0
1100,0,2013-10-07,0.7818314824680298,0.6234898018587336,-0.8660254037844386,0.5000000000000001,-0.994217906893952,0.10738134666416306,0.0,5283.0,8431.0,3908.5714285714284,4416.0,3355.9708906734595,4351.266666666666,4324.0,2840.5563555746226,540.0,1,1,1,0,0,0,1,0,0,9579
1100,0,2013-10-08,0.9749279121818236,-0.22252093395631434,-0.8660254037844386,0.5000000000000001,-0.9922222094179324,0.12447926388678869,9579.0,4416.0,6623.0,4403.285714285715,4648.0,3682.59119435784,4613.9,4532.0,2788.1284335677487,540.0,1,1,1,0,0,0,1,0,0,7879
1100,0,2013-10-09,0.43388373911755823,-0.900968867902419,-0.8660254037844386,0.5000000000000001,-0.989932495087353,0.141540295217043,7879.0,4648.0,5452.0,4613.857142857143,5711.0,3740.6010848780006,4488.266666666666,4532.0,2622.1155835190248,540.0,1,1,1,0,0,0,1,0,0,6122
1100,0,2013-10-10,-0.433883739117558,-0.9009688679024191,-0.8660254037844386,0.5000000000000001,-0.9873494423939864,0.15855938510313475,6122.0,0.0,5144.0,5462.142857142857,5938.0,3145.926860167575,4440.9,4532.0,2580.9816543323163,540.0,1,1,1,0,0,0,1,0,0,5938
1100,0,2013-10-11,-0.9749279121818236,-0.2225209339563146,-0.8660254037844386,0.5000000000000001,-0.9844738167520923,0.17553149042142777,5938.0,5711.0,6710.0,5530.714285714285,6122.0,3157.4653185894613,4450.633333333333,4532.0,2587.213085653111,540.0,1,1,1,0,0,0,1,0,0,6191
1100,0,2013-10-12,-0.7818314824680299,0.6234898018587334,-0.8660254037844386,0.5000000000000001,-0.9813064702716093,0.19245158197082995,6191.0,3006.0,3406.0,5583.285714285715,6122.0,3111.146932900349,4329.966666666666,4324.0,2548.6310521983883,540.0,0,1,1,0,0,0,1,0,0,3374
1100,0,2013-10-13,-2.4492935982947064e-16,1.0,-0.8660254037844386,0.5000000000000001,-0.9778483415056568,0.20931464596304888,3374.0,0.0,0.0,5583.285714285715,6122.0,3111.146932900349,4114.3,4158.0,2633.626006360677,540.0,0,1,1,0,0,0,1,0,0,0
1100,0,2013-10-14,0.7818314824680298,0.6234898018587336,-0.8660254037844386,0.5000000000000001,-0.9741004551724206,0.22611568550828803,0.0,9579.0,5283.0,4791.714285714285,5938.0,2585.5846994626268,4149.766666666666,4158.0,2624.8901019140617,540.0,0,1,1,0,0,0,1,0,0,4038
1100,0,2013-10-15,0.9749279121818236,-0.22252093395631434,-0.8660254037844386,0.5000000000000001,-0.970063921851507,0.2428497220959358,4038.0,7879.0,4416.0,4231.714285714285,4038.0,2201.4529076866265,4281.733333333334,4158.0,2505.88800329493,540.0,0,1,1,0,0,0,1,0,0,3959
1100,0,2013-10-16,0.43388373911755823,-0.900968867902419,-0.8660254037844386,0.5000000000000001,-0.965739937654855,0.25951179706979943,3959.0,6122.0,4648.0,3947.1428571428573,4038.0,2039.1447903938729,4294.2,4181.0,2504.1120031136606,540.0,0,1,1,0,0,0,1,0,0,4130
1100,0,2013-10-17,-0.433883739117558,-0.9009688679024191,-0.8660254037844386,0.5000000000000001,-0.9611297838723007,0.27609697309746883,4130.0,5938.0,0.0,3637.4285714285716,3959.0,1841.4249787544823,4278.8,4107.0,2505.927681483958,540.0,0,1,1,0,0,0,1,0,0,3770
1100,0,2013-10-18,-0.9749279121818236,-0.2225209339563146,-0.8660254037844386,0.5000000000000001,-0.9562348265919058,0.2926003356333479,3770.0,6191.0,5711.0,3422.8571428571427,3959.0,1560.3346252830302,4317.366666666667,4273.0,2502.9394096752976,540.0,0,1,1,0,0,0,1,0,0,4689
1100,0,2013-10-19,-0.7818314824680299,0.6234898018587334,-0.8660254037844386,0.5000000000000001,-0.9510565162951536,0.30901699437494723,4689.0,3374.0,3006.0,3517.8571428571427,4038.0,1577.019068640939,4326.533333333334,4273.0,2501.3459650319446,540.0,0,1,1,0,0,0,1,0,0,4039
1100,0,2013-10-20,-2.4492935982947064e-16,1.0,-0.8660254037844386,0.5000000000000001,-0.9455963874271428,0.3253420847119795,4039.0,0.0,0.0,3517.8571428571427,4038.0,1577.019068640939,4190.4,4273.0,2623.168110878716,540.0,0,1,1,0,0,0,1,0,0,0
1100,0,2013-10-21,0.7818314824680298,0.6234898018587336,-0.8660254037844386,0.5000000000000001,-0.9398560579418953,0.341570769167856,0.0,4038.0,9579.0,3959.8571428571427,4039.0,2095.4660124955035,4322.333333333333,4532.0,2669.412092491568,540.0,1,1,1,0,0,0,1,0,0,7132
1100,0,2013-10-22,0.9749279121818236,-0.22252093395631434,-0.8660254037844386,0.5000000000000001,-0.9338372288229252,0.35769823883312546,7132.0,3959.0,7879.0,4286.142857142857,4130.0,2266.177797420981,4530.433333333333,4668.5,2562.018959839036,540.0,1,1,1,0,0,0,1,0,0,6243
1100,0,2013-10-23,0.43388373911755823,-0.900968867902419,-0.8660254037844386,0.5000000000000001,-0.9275416835791965,0.3737197147904692,6243.0,4130.0,6122.0,4381.428571428572,4689.0,2272.5319841638357,4409.3,4668.5,2454.908751025596,540.0,1,1,1,0,0,0,1,0,0,4797
1100,0,2013-10-24,-0.433883739117558,-0.9009688679024191,-0.8660254037844386,0.5000000000000001,-0.9209712877166346,0.38963044953078774,4797.0,3770.0,5938.0,4549.857142857143,4797.0,2263.335475838807,4353.5,4668.5,2421.656112577958,540.0,1,1,1,0,0,0,1,0,0,4949
1100,0,2013-10-25,-0.9749279121818236,-0.2225209339563146,-0.8660254037844386,0.5000000000000001,-0.9141279881853337,0.4054257283599973,4949.0,4689.0,6191.0,4738.0,4949.0,2330.5697443615236,4371.966666666666,4668.5,2432.410149785926,540.0,1,1,1,0,0,0,1,0,0,6006
1100,0,2013-10-26,-0.7818314824680299,0.6234898018587334,-0.8660254037844386,0.5000000000000001,-0.9070138128026362,0.42110087079608916,6006.0,4039.0,3374.0,4543.857142857143,4949.0,2451.9466707476486,4289.833333333333,4532.0,2446.998824504503,540.0,0,1,1,0,0,0,1,0,0,2680
1100,0,2013-10-27,-2.4492935982947064e-16,1.0,-0.8660254037844386,0.5000000000000001,-0.8996308696522434,0.4366512319560638,2680.0,0.0,0.0,4543.857142857143,4949.0,2451.9466707476486,4066.1666666666665,4273.0,2523.619145583184,540.0,0,1,1,0,0,0,1,0,0,0
1100,0,2013-10-28,0.7818314824680298,0.6234898018587336,-0.8660254037844386,0.5000000000000001,-0.8919813464595487,0.45207220393230374,0.0,7132.0,4038.0,4018.8571428571427,4797.0,2184.2487212289884,4067.866666666667,4273.0,2523.1762376886713,540.0,0,1,1,0,0,0,1,0,0,3457
1100,0,2013-10-29,0.9749279121818236,-0.22252093395631434,-0.8660254037844386,0.5000000000000001,-0.8840675099433637,0.46735921715800205,3457.0,6243.0,3959.0,3752.1428571428573,4376.0,1970.9743300012312,4213.733333333334,4396.0,2403.5550241304995,540.0,0,1,1,0,0,0,1,0,0,4376
1100,0,2013-10-30,0.43388373911755823,-0.900968867902419,-0.8660254037844386,0.5000000000000001,-0.8758917051442433,0.48250774176121763,4376.0,4797.0,4130.0,3681.714285714286,4304.0,1935.91224958551,4181.1,4340.0,2395.1682303596376,540.0,0,1,1,0,0,0,1,0,0,4304
1100,0,2013-10-31,-0.433883739117558,-0.9009688679024191,-0.8660254037844386,0.5000000000000001,-0.867456354729597,0.4975132889071803,4304.0,4949.0,3770.0,3788.8571428571427,4304.0,2035.9112970666974,4223.866666666667,4340.0,2410.9095970312637,540.0,0,1,1,0,0,0,1,0,0,5699
1100,0,2013-11-01,-0.9749279121818236,-0.2225209339563146,-0.5000000000000004,0.8660254037844384,-0.858763958275803,0.5123714121284235,5699.0,6006.0,4689.0,2930.8571428571427,3457.0,2204.396246032866,4068.9333333333334,4217.0,2529.1616293005895,540.0,0,1,1,0,0,0,1,0,0,0
1100,0,2013-11-02,-0.7818314824680299,0.6234898018587334,-0.5000000000000004,0.8660254037844384,-0.8498170915275277,0.5270777086423724,0.0,2680.0,4039.0,3177.4285714285716,4304.0,2267.2932362285223,4215.8,4340.0,2409.8461733708905,540.0,0,1,1,0,0,0,1,0,0,4406
1100,0,2013-11-03,-2.4492935982947064e-16,1.0,-0.5000000000000004,0.8660254037844384,-0.8406184056344783,0.5416278206559811,4406.0,0.0,0.0,3177.4285714285716,4304.0,2267.2932362285223,4025.4333333333334,4217.0,2511.103352537767,540.0,0,1,1,0,0,0,1,0,0,0
1100,0,2013-11-04,0.7818314824680298,0.6234898018587336,-0.5000000000000004,0.8660254037844384,-0.8311706263658079,0.5560174366570446,0.0,3457.0,7132.0,3970.4285714285716,4376.0,3171.728543299528,4225.5,4340.0,2661.6658479619255,540.0,1,1,1,0,0,0,1,0,0,9008
1100,0,2013-11-05,0.9749279121818236,-0.22252093395631434,-0.5000000000000004,0.8660254037844384,-0.8214765533024145,0.5702422926917867,9008.0,4376.0,6243.0,4525.285714285715,4406.0,3569.31462675426,4500.833333333333,4391.0,2636.59638331424,540.0,1,1,1,0,0,0,1,0,0,8260
1100,0,2013-11-06,0.43388373911755823,-0.900968867902419,-0.5000000000000004,0.8660254037844384,-0.8115390590073611,0.5842981736283683,8260.0,4304.0,4797.0,4838.571428571428,5699.0,3642.1535688446224,4398.1,4391.0,2487.7482873834506,540.0,1,1,1,0,0,0,1,0,0,6497
1100,0,2013-11-07,-0.433883739117558,-0.9009688679024191,-0.5000000000000004,0.8660254037844384,-0.8013610881746769,0.5981809144059159,6497.0,5699.0,4949.0,4898.285714285715,6117.0,3661.984376185755,4339.366666666667,4391.0,2422.682461486726,540.0,1,1,1,0,0,0,1,0,0,6117
1100,0,2013-11-08,-0.9749279121818236,-0.2225209339563146,-0.5000000000000004,0.8660254037844384,-0.7909456567567774,0.6118864012687242,6117.0,0.0,6006.0,5960.714285714285,6497.0,3027.9631060217007,4383.2,4391.0,2467.5286310046267,540.0,1,1,1,0,0,0,1,0,0,7437
1100,0,2013-11-09,-0.7818314824680299,0.6234898018587334,-0.5000000000000004,0.8660254037844384,-0.780295851070776,0.6254105729852457,7437.0,4406.0,2680.0,5864.857142857143,6497.0,3095.257416789513,4309.766666666666,4340.0,2452.3965433320745,540.0,0,1,1,0,0,0,1,0,0,3735
1100,0,2013-11-10,-2.4492935982947064e-16,1.0,-0.5000000000000004,0.8660254037844384,-0.7694148268839381,0.6387494220515268,3735.0,0.0,0.0,5864.857142857143,6497.0,3095.257416789513,4103.4,4217.0,2547.281506991728,540.0,0,1,1,0,0,0,1,0,0,0
1100,0,2013-11-11,0.7818314824680298,0.6234898018587336,-0.5000000000000004,0.8660254037844384,-0.7583058084785625,0.6518989958787125,0.0,9008.0,3457.0,5189.285714285715,6117.0,2796.561264260433,4133.566666666667,4291.5,2543.701886720558,540.0,0,1,1,0,0,0,1,0,0,4279
1100,0,2013-11-12,0.9749279121818236,-0.22252093395631434,-0.5000000000000004,0.8660254037844384,-0.7469720876965551,0.6648553979642867,4279.0,8260.0,4376.0,4610.285714285715,4279.0,2453.346062984573,4273.8,4291.5,2420.966014090097,540.0,0,1,1,0,0,0,1,0,0,4207
1100,0,2013-11-13,0.43388373911755823,-0.900968867902419,-0.5000000000000004,0.8660254037844384,-0.7354170229639858,0.6776147890466887,4207.0,6497.0,4304.0,4260.0,4207.0,2309.9205614046546,4274.033333333334,4291.5,2420.9428411736335,540.0,0,1,1,0,0,0,1,0,0,4045
1100,0,2013-11-14,-0.433883739117558,-0.9009688679024191,-0.5000000000000004,0.8660254037844384,-0.7236440382959123,0.690173388242972,4045.0,6117.0,5699.0,3960.1428571428573,4045.0,2160.0583656135627,4276.0,4291.5,2420.7020497766935,540.0,0,1,1,0,0,0,1,0,0,4018
1100,0,2013-11-15,-0.9749279121818236,-0.2225209339563146,-0.5000000000000004,0.8660254037844384,-0.7116566222817751,0.7025274741691566,4018.0,7437.0,0.0,3518.8571428571427,4045.0,1564.9216624239684,4283.266666666666,4326.0,2420.5758638480347,540.0,0,1,1,0,0,0,1,0,0,4348
1100,0,2013-11-16,-0.7818314824680299,0.6234898018587334,-0.5000000000000004,0.8660254037844384,-0.6994583270516471,0.7146733860429608,4348.0,3735.0,4406.0,3522.285714285714,4045.0,1565.5003155845181,4282.9,4326.0,2420.657125800685,540.0,0,1,1,0,0,0,1,0,0,3759
1100,0,2013-11-17,-2.4492935982947064e-16,1.0,-0.5000000000000004,0.8660254037844384,-0.6870527672236675,0.726607524768565,3759.0,0.0,0.0,3522.285714285714,4045.0,1565.5003155845181,4126.6,4291.5,2541.8786915898636,540.0,0,1,1,0,0,0,1,0,0,0
1100,0,2013-11-18,0.7818314824680298,0.6234898018587336,-0.5000000000000004,0.8660254037844384,-0.6744436188329457,0.7383263540031063,0.0,4279.0,9008.0,4152.0,4045.0,2517.625336171633,4281.533333333334,4326.0,2674.546145621244,540.0,1,1,1,0,0,0,1,0,0,8687
1100,0,2013-11-19,0.9749279121818236,-0.22252093395631434,-0.5000000000000004,0.8660254037844384,-0.661634618242279,0.749826401204568,8687.0,4207.0,8260.0,4664.0,4045.0,2870.392307682001,4541.233333333334,4362.0,2622.2142615227535,540.0,1,1,1,0,0,0,1,0,0,7791
1100,0,2013-11-20,0.43388373911755823,-0.900968867902419,-0.5000000000000004,0.8660254037844384,-0.6486295610349818,0.7611042586607742,7791.0,4045.0,6497.0,5010.857142857143,4348.0,2929.222389905522,4519.266666666666,4362.0,2602.448421872321,540.0,1,1,1,0,0,0,1,0,0,6473
1100,0,2013-11-21,-0.433883739117558,-0.9009688679024191,-0.5000000000000004,0.8660254037844384,-0.6354323008901775,0.7721565844991641,6473.0,4018.0,6117.0,5174.428571428572,5163.0,2896.323983784899,4483.266666666666,4362.0,2585.1942624709327,540.0,1,1,1,0,0,0,1,0,0,5163
1100,0,2013-11-22,-0.9749279121818236,-0.2225209339563146,-0.5000000000000004,0.8660254037844384,-0.622046748440868,0.7829801036770625,5163.0,4348.0,7437.0,5399.0,5920.0,2882.4764237254994,4520.7,4362.0,2597.9925161156816,540.0,1,1,1,0,0,0,1,0,0,5920
1100,0,2013-11-23,-0.7818314824680299,0.6234898018587334,-0.5000000000000004,0.8660254037844384,-0.6084768701151264,0.7935716089521472,5920.0,3759.0,3735.0,5294.428571428572,5920.0,2964.0135996731915,4456.633333333333,4326.0,2610.7334876770065,540.0,0,1,1,0,0,0,1,0,0,3027
1100,0,2013-11-24,-2.4492935982947064e-16,1.0,-0.5000000000000004,0.8660254037844384,-0.594726686960764,0.8039279618328208,3027.0,0.0,0.0,5294.428571428572,5920.0,2964.0135996731915,4256.433333333333,4291.5,2715.984570106659,540.0,0,1,1,0,0,0,1,0,0,0
1100,0,2013-11-25,0.7818314824680298,0.6234898018587336,-0.5000000000000004,0.8660254037844384,-0.5808002734538014,0.8140460935082175,0.0,8687.0,4279.0,4620.0,5163.0,2574.990744319936,4299.3,4291.5,2700.3491236607083,540.0,0,1,1,0,0,0,1,0,0,3966
1100,0,2013-11-26,0.9749279121818236,-0.22252093395631434,-0.5000000000000004,0.8660254037844384,-0.5667017562911184,0.8239230057575536,3966.0,7791.0,4207.0,4116.571428571428,4267.0,2163.2826026776106,4441.533333333334,4291.5,2575.5804800462724,540.0,0,1,1,0,0,0,1,0,0,4267
1100,0,2013-11-27,0.43388373911755823,-0.900968867902419,-0.5000000000000004,0.8660254037844384,-0.5524353131676203,0.8335557718385695,4267.0,6473.0,4045.0,3736.4285714285716,3966.0,1897.6826971460775,4453.366666666667,4291.5,2571.7137380693634,540.0,0,1,1,0,0,0,1,0,0,3812
1100,0,2013-11-28,-0.433883739117558,-0.9009688679024191,-0.5000000000000004,0.8660254037844384,-0.5380051715382992,0.8429415373547832,3812.0,5163.0,4018.0,3600.285714285714,3966.0,1810.4611488315793,4447.833333333333,4273.0,2572.0645013005724,540.0,0,1,1,0,0,0,1,0,0,4210
1100,0,2013-11-29,-0.9749279121818236,-0.2225209339563146,-0.5000000000000004,0.8660254037844384,-0.5234156073655503,0.8520775211013093,4210.0,5920.0,4348.0,3555.285714285714,3966.0,1745.9594987938756,4491.2,4273.0,2580.509738471222,540.0,0,1,1,0,0,0,1,0,0,5605
1100,0,2013-11-30,-0.7818314824680299,0.6234898018587334,-0.5000000000000004,0.8660254037844384,-0.5086709438521042,0.8609610158889945,5605.0,3027.0,3759.0,3675.4285714285716,3966.0,1732.4314182811424,4430.166666666667,4238.5,2572.599183213594,540.0,0,1,1,0,0,0,1,0,0,3868
1100,0,2013-12-01,-2.4492935982947064e-16,1.0,-2.4492935982947064e-16,1.0,-0.4937755501599774,0.8695893893466109,3868.0,0.0,0.0,3675.4285714285716,3966.0,1732.4314182811424,4430.166666666667,4238.5,2572.599183213594,540.0,0,1,1,0,0,0,1,0,0,0
1100,0,2013-12-02,0.7818314824680298,0.6234898018587336,-2.4492935982947064e-16,1.0,-0.4787338401157883,0.8779600847008883,0.0,3966.0,8687.0,4611.571428571428,4210.0,3125.7907190097717,4633.933333333333,4238.5,2802.446048984932,540.0,1,1,1,0,0,0,1,0,0,10519
1100,0,2013-12-03,0.9749279121818236,-0.22252093395631434,-2.4492935982947064e-16,1.0,-0.4635502709028512,0.8860706215341377,10519.0,4267.0,7791.0,5270.0,4210.0,3503.6963814425117,4929.8,4273.0,2764.635604846723,540.0,1,1,1,0,0,0,1,0,0,8876
1100,0,2013-12-04,0.43388373911755823,-0.900968867902419,-2.4492935982947064e-16,1.0,-0.4482293417404106,0.893918596519257,8876.0,3812.0,6473.0,5782.142857142857,5605.0,3517.04570288623,4876.1,4273.0,2697.5208330664627,540.0,1,1,1,0,0,0,1,0,0,7397
1100,0,2013-12-05,-0.433883739117558,-0.9009688679024191,-2.4492935982947064e-16,1.0,-0.4327755925504317,0.9015016841318838,7397.0,4210.0,5163.0,6175.428571428572,6963.0,3465.4902903313664,4832.866666666667,4273.0,2651.4162738942487,540.0,1,1,1,0,0,0,1,0,0,6963
1100,0,2013-12-06,-0.9749279121818236,-0.2225209339563146,-2.4492935982947064e-16,1.0,-0.41719360261231697,0.9088176373395028,6963.0,5605.0,5920.0,6339.285714285715,6963.0,3461.1375641680684,4841.366666666667,4273.0,2657.337304629337,540.0,1,1,1,0,0,0,1,0,0,6752
1100,0,2013-12-07,-0.7818314824680299,0.6234898018587334,-2.4492935982947064e-16,1.0,-0.4014879892059737,0.9158642882672868,6752.0,3868.0,3027.0,6376.857142857143,6963.0,3431.137587281684,4775.166666666667,4238.5,2649.187983376107,540.0,0,1,1,0,0,0,1,0,0,4131
1100,0,2013-12-08,-2.4492935982947064e-16,1.0,-2.4492935982947064e-16,1.0,-0.38566340624360745,0.9226395488404875,4131.0,0.0,0.0,6376.857142857143,6963.0,3431.137587281684,4527.266666666666,4208.5,2737.989067423996,540.0,0,1,1,0,0,0,1,0,0,0
1100,0,2013-12-09,0.7818314824680298,0.6234898018587336,-2.4492935982947064e-16,1.0,-0.3697245428906732,0.9291414114031743,0.0,10519.0,3966.0,5510.571428571428,6752.0,2941.6339482869553,4551.266666666666,4238.5,2733.957570153986,540.0,0,1,1,0,0,0,1,0,0,4455
1100,0,2013-12-10,0.9749279121818236,-0.22252093395631434,-2.4492935982947064e-16,1.0,-0.3536761221763721,0.935367949313148,4455.0,8876.0,4267.0,5024.857142857143,5476.0,2547.6433180864396,4733.8,4273.0,2599.0896735269594,540.0,0,1,1,0,0,0,1,0,0,5476
1100,0,2013-12-11,0.43388373911755823,-0.900968867902419,-2.4492935982947064e-16,1.0,-0.33752289959411347,0.941317317512847,5476.0,7397.0,3812.0,4692.857142857143,5073.0,2329.0415359521776,4760.266666666666,4307.5,2598.341286990251,540.0,0,1,1,0,0,0,1,0,0,5073
1100,0,2013-12-12,-0.433883739117558,-0.9009688679024191,-2.4492935982947064e-16,1.0,-0.32126966169236515,0.946987753076075,5073.0,6963.0,4210.0,4445.285714285715,5073.0,2131.217939292437,4794.366666666667,4401.5,2597.542651514461,540.0,0,1,1,0,0,0,1,0,0,5230
1100,0,2013-12-13,-0.9749279121818236,-0.2225209339563146,-2.4492935982947064e-16,1.0,-0.3049212246562894,0.9523775757303973,5230.0,6752.0,5605.0,4262.571428571428,5073.0,1947.3962836860605,4841.966666666666,4764.0,2596.4207921454204,540.0,0,1,1,0,0,0,1,0,0,5473
1100,0,2013-12-14,-0.7818314824680299,0.6234898018587334,-2.4492935982947064e-16,1.0,-0.2884824328806098,0.9574851883550389,5473.0,4131.0,3868.0,4234.857142857143,5073.0,1950.958006430978,4839.266666666666,4764.0,2597.349125196864,540.0,0,1,1,0,0,0,1,0,0,3937
1100,0,2013-12-15,-2.4492935982947064e-16,1.0,-2.4492935982947064e-16,1.0,-0.27195815753410524,0.9623090774541487,3937.0,0.0,0.0,4234.857142857143,5073.0,1950.958006430978,4694.333333333333,4764.0,2742.937266977629,540.0,0,1,1,0,0,0,1,0,0,0
1100,0,2013-12-16,0.7818314824680298,0.6234898018587336,-2.4492935982947064e-16,1.0,-0.2553532951161881,0.9668478136052773,0.0,4455.0,10519.0,5875.0,5230.0,4845.53443904798,5100.233333333334,5118.0,3417.7277053352414,540.0,1,1,1,0,0,0,1,0,0,15936
1100,0,2013-12-17,0.9749279121818236,-0.22252093395631434,-2.4492935982947064e-16,1.0,-0.23867276600594997,0.9711000518829505,15936.0,5476.0,8876.0,6809.285714285715,5230.0,5359.068255903129,5500.766666666666,5196.5,3502.4506561621374,540.0,1,1,1,0,0,0,1,0,0,12016
1100,0,2013-12-18,0.43388373911755823,-0.900968867902419,-2.4492935982947064e-16,1.0,-0.22192151300416674,0.9750645322571945,12016.0,5073.0,7397.0,7571.0,5473.0,5449.322404360631,5558.033333333334,5196.5,3569.742070111852,540.0,1,1,1,0,0,0,1,0,0,10405
1100,0,2013-12-19,-0.433883739117558,-0.9009688679024191,-2.4492935982947064e-16,1.0,-0.20510449986861926,0.9787400799669153,10405.0,5230.0,6963.0,8062.857142857143,8673.0,5357.414595012897,5587.433333333333,5196.5,3592.3272706617704,540.0,1,1,1,0,0,0,1,0,0,8673
1100,0,2013-12-20,-0.9749279121818236,-0.2225209339563146,-2.4492935982947064e-16,1.0,-0.1882267098432439,0.9821256058680006,8673.0,5473.0,6752.0,8767.57142857143,10405.0,5283.905590159078,5718.533333333334,5196.5,3696.029470077069,540.0,1,1,1,0,0,0,1,0,0,10406
1100,0,2013-12-21,-0.7818314824680299,0.6234898018587334,-2.4492935982947064e-16,1.0,-0.1712931441814778,0.9852201067560606,10406.0,3937.0,4131.0,9058.42857142857,10405.0,5023.295294828655,5745.533333333334,5351.5,3694.789656028997,540.0,0,1,1,0,0,0,1,0,0,5973
1100,0,2013-12-22,-2.4492935982947064e-16,1.0,-2.4492935982947064e-16,1.0,-0.154308820664281,0.9880226656636976,5973.0,0.0,0.0,9058.42857142857,10405.0,5023.295294828655,5548.2,5151.5,3840.3715193841035,540.0,0,1,1,0,0,0,1,0,0,0
1100,0,2013-12-23,0.7818314824680298,0.6234898018587336,-2.4492935982947064e-16,1.0,-0.13727877211326517,0.9905324521322227,0.0,15936.0,4455.0,8211.285714285714,10006.0,4081.958668510576,5780.833333333333,5351.5,3893.394636926829,540.0,0,1,1,0,0,0,1,0,0,10006
1100,0,2013-12-24,0.9749279121818236,-0.22252093395631434,-2.4492935982947064e-16,1.0,-0.12020804489935275,0.9927487224577402,10006.0,12016.0,5476.0,7024.285714285715,8673.0,3998.4220935383096,5904.4,5351.5,3760.144078310723,540.0,0,1,1,0,0,0,1,0,0,3707
1100,0,2013-12-25,0.43388373911755823,-0.900968867902419,-2.4492935982947064e-16,1.0,-0.10310169744743544,0.9946708199115211,3707.0,10405.0,5073.0,5537.857142857143,5973.0,4441.646595148075,5772.2,5351.5,3897.8422890549136,540.0,0,1,1,0,0,0,1,0,0,0
1100,0,2013-12-26,-0.433883739117558,-0.9009688679024191,-2.4492935982947064e-16,1.0,-0.0859647987374467,0.9962981749346077,0.0,8673.0,5230.0,4298.857142857143,3707.0,4627.13447785889,5629.966666666666,5351.5,4030.2640324505273,540.0,0,1,1,0,0,0,1,0,0,0
1100,0,2013-12-27,-0.9749279121818236,-0.2225209339563146,-2.4492935982947064e-16,1.0,-0.06880242680232064,0.9976303053065857,0.0,10406.0,5473.0,3609.714285714286,3707.0,3861.9312402944047,5688.966666666666,5474.5,4015.6619455476525,540.0,0,1,1,0,0,0,1,0,0,5582
1100,0,2013-12-28,-0.7818314824680299,0.6234898018587334,-2.4492935982947064e-16,1.0,-0.05161966722325418,0.9986668162884759,5582.0,5973.0,3937.0,3181.1428571428573,2973.0,3719.8039566878315,5647.733333333334,5474.5,4037.6623992818822,540.0,0,1,1,0,0,0,1,0,0,2973
1100,0,2013-12-29,-2.4492935982947064e-16,1.0,-2.4492935982947064e-16,1.0,-0.034421611622745804,0.9994074007397048,2973.0,0.0,0.0,3181.1428571428573,2973.0,3719.8039566878315,5460.9,5351.5,4167.305739633968,540.0,0,1,1,0,0,0,1,0,0,0
1100,0,2013-12-30,0.7818314824680298,0.6234898018587336,-2.4492935982947064e-16,1.0,-0.01721335615583528,0.9998518392091162,0.0,10006.0,15936.0,2668.0,2973.0,2740.168182186383,5545.766666666666,5474.5,4159.665418270324,540.0,0,1,1,0,0,0,1,0,0,6414
1100,0,2013-12-31,0.9749279121818236,-0.22252093395631434,-2.4492935982947064e-16,1.0,6.432490598706546e-16,1.0,6414.0,3707.0,12016.0,2603.285714285714,2973.0,2716.7900614687173,5654.233333333334,5474.5,4051.076448544761,540.0,0,1,1,0,0,0,1,0,0,3254
1100,0,2014-01-01,0.43388373911755823,-0.900968867902419,0.49999999999999994,0.8660254037844387,0.017213356155834685,0.9998518392091162,3254.0,0.0,10405.0,2603.285714285714,2973.0,2716.7900614687173,5303.6,5351.5,4070.6751079498795,540.0,0,1,1,0,0,0,1,0,0,0
1100,0,2014-01-02,-0.433883739117558,-0.9009688679024191,0.49999999999999994,0.8660254037844387,0.03442161162274574,0.9994074007397048,0.0,0.0,8673.0,3094.4285714285716,3254.0,2467.0087053719367,5122.333333333333,5151.5,4026.953039409473,540.0,0,1,1,0,0,0,1,0,0,3438
1100,0,2014-01-03,-0.9749279121818236,-0.2225209339563146,0.49999999999999994,0.8660254037844387,0.051619667223253764,0.998666816288476,3438.0,5582.0,10406.0,2934.0,3254.0,2309.786209443051,5024.4,4766.0,4005.394410817353,540.0,0,1,1,0,0,0,1,0,0,4459
1100,0,2014-01-04,-0.7818314824680299,0.6234898018587334,0.49999999999999994,0.8660254037844387,0.06880242680231986,0.9976303053065857,4459.0,2973.0,5973.0,3007.285714285714,3438.0,2319.3483793431874,4908.5,4457.0,3997.6625390172767,540.0,0,1,1,0,0,0,1,0,0,3486
1100,0,2014-01-05,-2.4492935982947064e-16,1.0,0.49999999999999994,0.8660254037844387,0.08596479873744647,0.9962981749346078,3486.0,0.0,0.0,3007.285714285714,3438.0,2319.3483793431874,4683.433333333333,4293.0,4079.5245554905737,540.0,0,1,1,0,0,0,1,0,0,0
1100,0,2014-01-06,0.7818314824680298,0.6234898018587336,0.49999999999999994,0.8660254037844387,0.10310169744743485,0.9946708199115211,0.0,6414.0,10006.0,3455.5714285714284,3438.0,3217.0670833925105,4864.133333333333,4457.0,4173.195589699223,540.0,1,1,1,0,0,0,1,0,0,9552
1100,0,2014-01-07,0.9749279121818236,-0.22252093395631434,0.49999999999999994,0.8660254037844387,0.1202080448993527,0.9927487224577402,9552.0,3254.0,3707.0,4160.285714285715,3486.0,3673.475952205017,5137.033333333334,4766.0,4111.374881063958,540.0,1,1,1,0,0,0,1,0,0,8187
1100,0,2014-01-08,0.43388373911755823,-0.900968867902419,0.49999999999999994,0.8660254037844387,0.13727877211326478,0.9905324521322229,8187.0,0.0,0.0,5062.142857142857,4459.0,3230.0498153316166,5198.966666666666,5151.5,4114.739506426516,540.0,1,1,1,0,0,0,1,0,0,6313
1100,0,2014-01-09,-0.433883739117558,-0.9009688679024191,0.49999999999999994,0.8660254037844387,0.15430882066428117,0.9880226656636976,6313.0,3438.0,0.0,5394.0,5761.0,3153.8069059471613,5208.466666666666,5151.5,4115.730049903439,540.0,1,1,1,0,0,0,1,0,0,5761
1100,0,2014-01-10,-0.9749279121818236,-0.2225209339563146,0.49999999999999994,0.8660254037844387,0.1712931441814776,0.9852201067560606,5761.0,4459.0,5582.0,5746.714285714285,6313.0,3169.833524245175,5270.3,5351.5,4127.542160439661,540.0,1,1,1,0,0,0,1,0,0,6928
1100,0,2014-01-11,-0.7818314824680299,0.6234898018587334,0.49999999999999994,0.8660254037844387,0.1882267098432442,0.9821256058680006,6928.0,3486.0,2973.0,5711.571428571428,6313.0,3200.2919063289055,5203.966666666666,4966.0,4144.169210725648,540.0,0,1,1,0,0,0,1,0,0,3240
1100,0,2014-01-12,-2.4492935982947064e-16,1.0,0.49999999999999994,0.8660254037844387,0.2051044998686192,0.9787400799669153,3240.0,0.0,0.0,5711.571428571428,6313.0,3200.2919063289055,5021.533333333334,4198.0,4251.00575307111,540.0,0,1,1,0,0,0,1,0,0,0
1100,0,2014-01-13,0.7818314824680298,0.6234898018587336,0.49999999999999994,0.8660254037844387,0.22192151300416552,0.9750645322571948,0.0,9552.0,6414.0,4914.857142857143,5761.0,2746.9596179880664,5022.8,4217.0,4250.677101438034,540.0,0,1,1,0,0,0,1,0,0,3975
1100,0,2014-01-14,0.9749279121818236,-0.22252093395631434,0.49999999999999994,0.8660254037844387,0.2386727660059501,0.9711000518829505,3975.0,8187.0,3254.0,4359.285714285715,4298.0,2337.6519354746893,5166.066666666667,4378.5,4146.708182887118,540.0,0,1,1,0,0,0,1,0,0,4298
1100,0,2014-01-15,0.43388373911755823,-0.900968867902419,0.49999999999999994,0.8660254037844387,0.255353295116187,0.9668478136052775,4298.0,6313.0,0.0,3986.8571428571427,3975.0,2176.6396446948047,4758.4,4136.5,3618.9874808027294,540.0,0,1,1,0,0,0,1,0,0,3706
1100,0,2014-01-16,-0.433883739117558,-0.9009688679024191,0.49999999999999994,0.8660254037844387,0.2719581575341055,0.9623090774541486,3706.0,5761.0,3438.0,3707.8571428571427,3808.0,2031.6692995803035,4484.8,3891.5,3351.7871445049955,540.0,0,1,1,0,0,0,1,0,0,3808
1100,0,2014-01-17,-0.9749279121818236,-0.2225209339563146,0.49999999999999994,0.8660254037844387,0.288482432880609,0.9574851883550393,3808.0,6928.0,4459.0,3392.285714285714,3808.0,1566.4223264375023,4295.266666666666,3891.5,3160.7955669565113,540.0,0,1,1,0,0,0,1,0,0,4719
1100,0,2014-01-18,-0.7818314824680299,0.6234898018587334,0.49999999999999994,0.8660254037844387,0.30492122465628907,0.9523775757303974,4719.0,3240.0,3486.0,3375.4285714285716,3808.0,1568.9671610269363,4110.233333333334,3757.5,3056.440996382523,540.0,0,1,1,0,0,0,1,0,0,3122
1100,0,2014-01-19,-2.4492935982947064e-16,1.0,0.49999999999999994,0.8660254037844387,0.3212696616923644,0.9469877530760753,3122.0,0.0,0.0,3375.4285714285716,3808.0,1568.9671610269363,3763.366666666667,3706.5,2903.986326596156,540.0,0,1,1,0,0,0,1,0,0,0
1100,0,2014-01-20,0.7818314824680298,0.6234898018587336,0.49999999999999994,0.8660254037844387,0.3375228995941133,0.9413173175128471,0.0,3975.0,9552.0,4037.4285714285716,3808.0,2540.7683783416655,3851.233333333333,3706.5,3011.0545029175737,540.0,1,1,1,0,0,0,1,0,0,8609
1100,0,2014-01-21,0.9749279121818236,-0.22252093395631434,0.49999999999999994,0.8660254037844387,0.3536761221763716,0.9353679493131483,8609.0,4298.0,8187.0,4382.142857142857,3808.0,2738.0441577015886,4074.9333333333334,3757.5,2963.991041139294,540.0,1,1,1,0,0,0,1,0,0,6711
1100,0,2014-01-22,0.43388373911755823,-0.900968867902419,0.49999999999999994,0.8660254037844387,0.3697245428906731,0.9291414114031743,6711.0,3706.0,6313.0,4697.285714285715,4719.0,2773.9683796735267,3938.4666666666667,3757.5,2769.355778856344,540.0,1,1,1,0,0,0,1,0,0,5912
1100,0,2014-01-23,-0.433883739117558,-0.9009688679024191,0.49999999999999994,0.8660254037844387,0.38566340624360707,0.9226395488404876,5912.0,3808.0,5761.0,4921.428571428572,5377.0,2753.4495248168773,3994.133333333333,3891.5,2781.301168249443,540.0,1,1,1,0,0,0,1,0,0,5377
1100,0,2014-01-24,-0.9749279121818236,-0.2225209339563146,0.49999999999999994,0.8660254037844387,0.401487989205973,0.9158642882672872,5377.0,4719.0,6928.0,5116.0,5912.0,2784.7060886204863,4196.833333333333,4136.5,2700.592158351035,540.0,1,1,1,0,0,0,1,0,0,6081
1100,0,2014-01-25,-0.7818314824680299,0.6234898018587334,0.49999999999999994,0.8660254037844387,0.4171936026123168,0.9088176373395029,6081.0,3122.0,3240.0,5116.428571428572,5912.0,2784.3482694724617,4301.0,4136.5,2591.1829145299066,540.0,0,1,1,0,0,0,1,0,0,3125
1100,0,2014-01-26,-2.4492935982947064e-16,1.0,0.49999999999999994,0.8660254037844387,0.4327755925504312,0.901501684131884,3125.0,0.0,0.0,5116.428571428572,5912.0,2784.3482694724617,4114.933333333333,3891.5,2694.3853106597103,540.0,0,1,1,0,0,0,1,0,0,0
1100,0,2014-01-27,0.7818314824680298,0.6234898018587336,0.49999999999999994,0.8660254037844387,0.4482293417404106,0.893918596519257,0.0,8609.0,3975.0,4437.571428571428,5377.0,2333.7290514784013,4144.4,3916.0,2686.2878064925058,540.0,0,1,1,0,0,0,1,0,0,3857
1100,0,2014-01-28,0.9749279121818236,-0.22252093395631434,0.49999999999999994,0.8660254037844387,0.4635502709028509,0.886070621534138,3857.0,6711.0,4298.0,4038.5714285714284,3918.0,2108.1120192518874,4275.0,3946.5,2570.600614105847,540.0,0,1,1,0,0,0,1,0,0,3918
1100,0,2014-01-29,0.43388373911755823,-0.900968867902419,0.49999999999999994,0.8660254037844387,0.47873384011578846,0.8779600847008882,3918.0,5912.0,3706.0,3694.8571428571427,3857.0,1941.2941927634563,4178.066666666667,3887.5,2541.827986438825,540.0,0,1,1,0,0,0,1,0,0,3506
1100,0,2014-01-30,-0.433883739117558,-0.9009688679024191,0.49999999999999994,0.8660254037844387,0.4937755501599772,0.869589389346611,3506.0,5377.0,3808.0,3578.4285714285716,3857.0,1845.6788143429123,4221.666666666667,3946.5,2536.6436735254633,540.0,0,1,1,0,0,0,1,0,0,4562
1100,0,2014-01-31,-0.9749279121818236,-0.2225209339563146,0.49999999999999994,0.8660254037844387,0.5086709438521044,0.8609610158889943,4562.0,6081.0,4719.0,3529.5714285714284,3857.0,1771.4249308718272,4412.966666666666,4136.5,2421.0587094724956,540.0,0,1,1,0,0,0,1,0,0,5739
1100,0,2014-02-01,-0.7818314824680299,0.6234898018587334,0.8660254037844386,0.5000000000000001,0.5234156073655503,0.8520775211013093,5739.0,3125.0,3122.0,3579.0,3857.0,1763.0621089456754,4414.066666666667,4136.5,2420.6079164246016,540.0,0,1,1,0,0,0,1,0,0,3471
1100,0,2014-02-02,-2.4492935982947064e-16,1.0,0.8660254037844386,0.5000000000000001,0.5380051715382996,0.8429415373547828,3471.0,0.0,0.0,3579.0,3857.0,1763.0621089456756,4265.433333333333,3946.5,2551.1332665460927,540.0,0,1,1,0,0,0,1,0,0,0
1100,0,2014-02-03,0.7818314824680298,0.6234898018587336,0.8660254037844386,0.5000000000000001,0.5524353131676196,0.8335557718385699,0.0,3857.0,8609.0,4569.142857142857,3918.0,3257.812273524029,4508.833333333333,4136.5,2809.461846656059,540.0,1,1,1,0,0,0,1,0,0,10788
1100,0,2014-02-04,0.9749279121818236,-0.22252093395631434,0.8660254037844386,0.5000000000000001,0.5667017562911176,0.8239230057575542,10788.0,3918.0,6711.0,5204.285714285715,4562.0,3531.599104951643,4787.633333333333,4430.0,2761.184459528233,540.0,1,1,1,0,0,0,1,0,0,8364
1100,0,2014-02-05,0.43388373911755823,-0.900968867902419,0.8660254037844386,0.5000000000000001,0.5808002734538009,0.8140460935082178,8364.0,3506.0,5912.0,5606.142857142857,5739.0,3465.5721715454856,4679.866666666667,4430.0,2628.7372966336197,540.0,1,1,1,0,0,0,1,0,0,6319
1100,0,2014-02-06,-0.433883739117558,-0.9009688679024191,0.8660254037844386,0.5000000000000001,0.5947266869607634,0.8039279618328213,6319.0,4562.0,5377.0,5854.285714285715,6299.0,3440.4441435317513,4616.933333333333,4430.0,2563.674113634478,540.0,1,1,1,0,0,0,1,0,0,6299
1100,0,2014-02-07,-0.9749279121818236,-0.2225209339563146,0.8660254037844386,0.5000000000000001,0.6084768701151261,0.7935716089521474,6299.0,5739.0,6081.0,5906.428571428572,6299.0,3441.1715474599114,4609.966666666666,4430.0,2559.186245709732,540.0,1,1,1,0,0,0,1,0,0,6104
1100,0,2014-02-08,-0.7818314824680299,0.6234898018587334,0.8660254037844386,0.5000000000000001,0.6220467484408675,0.7829801036770629,6104.0,3471.0,3125.0,5860.428571428572,6299.0,3481.074013248541,4522.9,4136.5,2563.1050720453914,540.0,0,1,1,0,0,0,1,0,0,3149
1100,0,2014-02-09,-2.4492935982947064e-16,1.0,0.8660254037844386,0.5000000000000001,0.6354323008901774,0.7721565844991642,3149.0,0.0,0.0,5860.428571428572,6299.0,3481.074013248541,4291.966666666666,3946.5,2649.5798819010324,540.0,0,1,1,0,0,0,1,0,0,0
1100,0,2014-02-10,0.7818314824680298,0.6234898018587336,0.8660254037844386,0.5000000000000001,0.6486295610349814,0.7611042586607747,0.0,10788.0,3857.0,4963.571428571428,6104.0,2727.009525539094,4334.3,4136.5,2642.3283508665386,540.0,0,1,1,0,0,0,1,0,0,4510
1100,0,2014-02-11,0.9749279121818236,-0.22252093395631434,0.8660254037844386,0.5000000000000001,0.6616346182422783,0.7498264012045686,4510.0,8364.0,3918.0,4484.428571428572,5010.0,2289.529854005172,4501.3,4404.0,2514.158653403309,540.0,0,1,1,0,0,0,1,0,0,5010
1100,0,2014-02-12,0.43388373911755823,-0.900968867902419,0.8660254037844386,0.5000000000000001,0.6744436188329455,0.7383263540031065,5010.0,6319.0,3506.0,4190.714285714285,4510.0,2142.085565851317,4510.9,4404.0,2512.6291265497557,540.0,0,1,1,0,0,0,1,0,0,4263
1100,0,2014-02-13,-0.433883739117558,-0.9009688679024191,0.8660254037844386,0.5000000000000001,0.6870527672236669,0.7266075247685656,4263.0,6299.0,4562.0,3865.714285714286,4263.0,1931.093534268917,4501.766666666666,4386.5,2513.927353123314,540.0,0,1,1,0,0,0,1,0,0,4024
1100,0,2014-02-14,-0.9749279121818236,-0.2225209339563146,0.8660254037844386,0.5000000000000001,0.6994583270516471,0.7146733860429609,4024.0,6104.0,5739.0,3643.8571428571427,4263.0,1707.331390266825,4529.933333333333,4530.5,2509.433717317351,540.0,0,1,1,0,0,0,1,0,0,4551
1100,0,2014-02-15,-0.7818314824680299,0.6234898018587334,0.8660254037844386,0.5000000000000001,0.7116566222817746,0.702527474169157,4551.0,3149.0,3471.0,3654.285714285714,4263.0,1704.0247175716704,4510.4,4530.5,2517.514683037683,540.0,0,1,1,0,0,0,1,0,0,3222
1100,0,2014-02-16,-2.4492935982947064e-16,1.0,0.8660254037844386,0.5000000000000001,0.7236440382959124,0.6901733882429719,3222.0,0.0,0.0,3654.285714285714,4263.0,1704.0247175716709,4353.1,4386.5,2648.0729538601263,540.0,0,1,1,0,0,0,1,0,0,0
1100,0,2014-02-17,0.7818314824680298,0.6234898018587336,0.8660254037844386,0.5000000000000001,0.7354170229639855,0.6776147890466889,0.0,4510.0,10788.0,4406.428571428572,4263.0,2892.319303324054,4574.866666666667,4530.5,2814.7542274450043,540.0,1,1,1,0,0,0,1,0,0,9775
1100,0,2014-02-18,0.9749279121818236,-0.22252093395631434,0.8660254037844386,0.5000000000000001,0.7469720876965552,0.6648553979642865,9775.0,5010.0,8364.0,4725.714285714285,4263.0,3086.8714320643858,4816.366666666667,4556.5,2717.839779644135,540.0,1,1,1,0,0,0,1,0,0,7245
1100,0,2014-02-19,0.43388373911755823,-0.900968867902419,0.8660254037844386,0.5000000000000001,0.7583058084785625,0.6518989958787126,7245.0,4263.0,6319.0,4943.0,4551.0,3102.365334171117,4722.2,4556.5,2629.403792392538,540.0,1,1,1,0,0,0,1,0,0,5784
1100,0,2014-02-20,-0.433883739117558,-0.9009688679024191,0.8660254037844386,0.5000000000000001,0.7694148268839378,0.6387494220515272,5784.0,4024.0,6299.0,5140.714285714285,5408.0,3078.041894575496,4678.766666666666,4556.5,2606.07756101444,540.0,1,1,1,0,0,0,1,0,0,5408
1100,0,2014-02-21,-0.9749279121818236,-0.2225209339563146,0.8660254037844386,0.5000000000000001,0.7802958510707755,0.6254105729852463,5408.0,4551.0,6104.0,5305.428571428572,5704.0,3072.0694359092254,4671.833333333333,4556.5,2602.958291601323,540.0,1,1,1,0,0,0,1,0,0,5704
1100,0,2014-02-22,-0.7818314824680299,0.6234898018587334,0.8660254037844386,0.5000000000000001,0.7909456567567772,0.6118864012687243,5704.0,3222.0,3149.0,5257.714285714285,5704.0,3112.153954754688,4588.866666666667,4530.5,2619.3225069476043,540.0,0,1,1,0,0,0,1,0,0,2888
1100,0,2014-02-23,-2.4492935982947064e-16,1.0,0.8660254037844386,0.5000000000000001,0.8013610881746766,0.5981809144059164,2888.0,0.0,0.0,5257.714285714285,5704.0,3112.153954754688,4386.166666666667,4386.5,2732.709140601395,540.0,0,1,1,0,0,0,1,0,0,0
1100,0,2014-02-24,0.7818314824680298,0.6234898018587336,0.8660254037844386,0.5000000000000001,0.8115390590073611,0.5842981736283683,0.0,9775.0,4510.0,4455.0,5408.0,2394.802218695034,4420.533333333334,4386.5,2722.766604321637,540.0,0,1,1,0,0,0,1,0,0,4156
1100,0,2014-02-25,0.9749279121818236,-0.22252093395631434,0.8660254037844386,0.5000000000000001,0.8214765533024142,0.5702422926917871,4156.0,7245.0,5010.0,3993.8571428571427,4156.0,2054.6549125154297,4554.433333333333,4386.5,2593.5871136501155,540.0,0,1,1,0,0,0,1,0,0,4017
1100,0,2014-02-26,0.43388373911755823,-0.900968867902419,0.8660254037844386,0.5000000000000001,0.8311706263658079,0.5560174366570446,4017.0,5784.0,4263.0,3687.1428571428573,4017.0,1897.0969425740425,4547.1,4386.5,2595.937055583534,540.0,0,1,1,0,0,0,1,0,0,3637
1100,0,2014-02-27,-0.433883739117558,-0.9009688679024191,0.8660254037844386,0.5000000000000001,0.8406184056344782,0.5416278206559814,3637.0,5408.0,4024.0,3417.714285714286,3637.0,1739.3313575706427,4533.9,4386.5,2600.2494754316826,540.0,0,1,1,0,0,0,1,0,0,3522
1100,0,2014-02-28,-0.9749279121818236,-0.2225209339563146,0.8660254037844386,0.5000000000000001,0.8498170915275278,0.5270777086423722,3522.0,5704.0,4551.0,3315.0,3637.0,1597.2409544795134,4583.2,4530.5,2594.1022020118526,540.0,0,1,1,0,0,0,1,0,0,4985
1100,0,2014-03-01,-0.7818314824680299,0.6234898018587334,1.0,6.123233995736766e-17,0.8587639582758029,0.5123714121284237,4985.0,2888.0,3222.0,3375.714285714286,3637.0,1586.3450354284637,4541.566666666667,4386.5,2604.4562564869475,540.0,0,1,1,0,0,0,1,0,0,3313
1100,0,2014-03-02,-2.4492935982947064e-16,1.0,1.0,6.123233995736766e-17,0.8674563547295968,0.49751328890718066,3313.0,0.0,0.0,3375.714285714286,3637.0,1586.3450354284637,4350.266666666666,4209.5,2721.6037986418205,540.0,0,1,1,0,0,0,1,0,0,0
1100,0,2014-03-03,0.7818314824680298,0.6234898018587336,1.0,6.123233995736766e-17,0.8758917051442429,0.48250774176121847,0.0,4156.0,9775.0,3561.4285714285716,3637.0,1759.5576013250943,4416.433333333333,4386.5,2723.6188234410256,540.0,1,1,1,0,0,0,1,0,0,5456
1100,0,2014-03-04,0.9749279121818236,-0.22252093395631434,1.0,6.123233995736766e-17,0.8840675099433636,0.46735921715800227,5456.0,4017.0,7245.0,4348.857142857143,3637.0,2876.3493893342993,4734.066666666667,4530.5,2746.355653354574,540.0,1,1,1,0,0,0,1,0,0,9529
1100,0,2014-03-05,0.43388373911755823,-0.900968867902419,1.0,6.123233995736766e-17,0.8919813464595485,0.45207220393230435,9529.0,3637.0,5784.0,4873.428571428572,4985.0,3054.226408172936,4618.1,4530.5,2548.2132800630397,540.0,1,1,1,0,0,0,1,0,0,7309
1100,0,2014-03-06,-0.433883739117558,-0.9009688679024191,1.0,6.123233995736766e-17,0.8996308696522433,0.43665123195606403,7309.0,3522.0,5408.0,5252.142857142857,5456.0,3022.922119879563,4545.066666666667,4530.5,2467.2633720635536,540.0,1,1,1,0,0,0,1,0,0,6173
1100,0,2014-03-07,-0.9749279121818236,-0.2225209339563146,1.0,6.123233995736766e-17,0.9070138128026359,0.4211008707960896,6173.0,4985.0,5704.0,5515.714285714285,6173.0,3075.7201711840735,4562.1,4530.5,2481.6543751963154,540.0,1,1,1,0,0,0,1,0,0,6830
1100,0,2014-03-08,-0.7818314824680299,0.6234898018587334,1.0,6.123233995736766e-17,0.9141279881853337,0.40542572835999735,6830.0,3313.0,2888.0,5474.571428571428,6173.0,3111.810451443709,4452.966666666666,4386.5,2474.6173299896363,540.0,0,1,1,0,0,0,1,0,0,3025
1100,0,2014-03-09,-2.4492935982947064e-16,1.0,1.0,6.123233995736766e-17,0.9209712877166346,0.38963044953078796,3025.0,0.0,0.0,5474.571428571428,6173.0,3111.810451443709,4249.5,4209.5,2582.762738245413,540.0,0,1,1,0,0,0,1,0,0,0
1100,0,2014-03-10,0.7818314824680298,0.6234898018587336,1.0,6.123233995736766e-17,0.9275416835791966,0.37371971479046906,0.0,5456.0,4156.0,5283.714285714285,6173.0,3153.8262324931466,4281.866666666667,4209.5,2574.5671177264226,540.0,0,1,1,0,0,0,1,0,0,4120
1100,0,2014-03-11,0.9749279121818236,-0.22252093395631434,1.0,6.123233995736766e-17,0.9338372288229252,0.35769823883312546,4120.0,9529.0,4017.0,4530.714285714285,4258.0,2541.0068683027794,4423.8,4260.5,2444.4540664039077,540.0,0,1,1,0,0,0,1,0,0,4258
1100,0,2014-03-12,0.43388373911755823,-0.900968867902419,1.0,6.123233995736766e-17,0.9398560579418954,0.3415707691678556,4258.0,7309.0,3637.0,4011.1428571428573,4120.0,2231.1855166085566,4395.866666666667,4207.0,2448.2201801665415,540.0,0,1,1,0,0,0,1,0,0,3672
1100,0,2014-03-13,-0.433883739117558,-0.9009688679024191,1.0,6.123233995736766e-17,0.9455963874271426,0.3253420847119801,3672.0,6173.0,3522.0,3643.0,3672.0,2017.3888238677837,4348.733333333334,4138.0,2449.599966403143,540.0,0,1,1,0,0,0,1,0,0,3596
1100,0,2014-03-14,-0.9749279121818236,-0.2225209339563146,1.0,6.123233995736766e-17,0.9510565162951535,0.30901699437494745,3596.0,6830.0,4985.0,3302.4285714285716,3672.0,1532.7026083732787,4354.833333333333,4138.0,2449.606964720907,540.0,0,1,1,0,0,0,1,0,0,4446
1100,0,2014-03-15,-0.7818314824680299,0.6234898018587334,1.0,6.123233995736766e-17,0.9562348265919056,0.29260033563334836,4446.0,3025.0,3313.0,3307.1428571428573,3672.0,1531.7575339645336,4322.633333333333,4138.0,2460.430821306862,540.0,0,1,1,0,0,0,1,0,0,3058
1100,0,2014-03-16,-2.4492935982947064e-16,1.0,1.0,6.123233995736766e-17,0.9611297838723007,0.27609697309746883,3058.0,0.0,0.0,3307.1428571428573,3672.0,1531.7575339645336,4170.933333333333,4068.5,2583.1048937187975,540.0,0,1,1,0,0,0,1,0,0,0
1100,0,2014-03-17,0.7818314824680298,0.6234898018587336,1.0,6.123233995736766e-17,0.9657399376548549,0.2595117970697999,0.0,4120.0,5456.0,3961.5714285714284,3672.0,2566.2134139066193,4353.566666666667,4138.0,2704.5356371554167,540.0,1,1,1,0,0,0,1,0,0,8701
1100,0,2014-03-18,0.9749279121818236,-0.22252093395631434,1.0,6.123233995736766e-17,0.970063921851507,0.2428497220959356,8701.0,4258.0,9529.0,4343.714285714285,3672.0,2805.7082714997105,4584.666666666667,4207.0,2614.406998541537,540.0,1,1,1,0,0,0,1,0,0,6933
1100,0,2014-03-19,0.43388373911755823,-0.900968867902419,1.0,6.123233995736766e-17,0.9741004551724205,0.22611568550828828,6933.0,3672.0,7309.0,4661.142857142857,4446.0,2842.5004502240286,4455.3,4207.0,2438.847355645267,540.0,1,1,1,0,0,0,1,0,0,5894
1100,0,2014-03-20,-0.433883739117558,-0.9009688679024191,1.0,6.123233995736766e-17,0.9778483415056568,0.20931464596304847,5894.0,3596.0,6173.0,4962.0,5702.0,2822.354277312944,4403.866666666667,4207.0,2393.8411599040055,540.0,1,1,1,0,0,0,1,0,0,5702
1100,0,2014-03-21,-0.9749279121818236,-0.2225209339563146,1.0,6.123233995736766e-17,0.9813064702716093,0.19245158197082998,5702.0,4446.0,6830.0,5108.571428571428,5702.0,2817.728509345952,4393.466666666666,4207.0,2388.309786602565,540.0,1,1,1,0,0,0,1,0,0,5472
1100,0,2014-03-22,-0.7818314824680299,0.6234898018587334,1.0,6.123233995736766e-17,0.9844738167520922,0.1755314904214282,5472.0,3058.0,3025.0,5097.428571428572,5702.0,2827.3269977809355,4312.533333333334,4138.0,2393.877171586641,540.0,0,1,1,0,0,0,1,0,0,2980
1100,0,2014-03-23,-2.4492935982947064e-16,1.0,1.0,6.123233995736766e-17,0.9873494423939864,0.15855938510313478,2980.0,0.0,0.0,5097.428571428572,5702.0,2827.3269977809355,4122.4,4068.5,2503.5563201725336,540.0,0,1,1,0,0,0,1,0,0,0
1100,0,2014-03-24,0.7818314824680298,0.6234898018587336,1.0,6.123233995736766e-17,0.989932495087353,0.141540295217043,0.0,8701.0,4120.0,4471.571428571428,5472.0,2339.496231894296,4170.133333333333,4138.0,2492.8378888788297,540.0,0,1,1,0,0,0,1,0,0,4320
1100,0,2014-03-25,0.9749279121818236,-0.22252093395631434,1.0,6.123233995736766e-17,0.9922222094179323,0.12447926388678915,4320.0,6933.0,4258.0,4065.0,4320.0,2072.5032368289917,4306.366666666667,4138.0,2365.5071262559736,540.0,0,1,1,0,0,0,1,0,0,4087
1100,0,2014-03-26,0.43388373911755823,-0.900968867902419,1.0,6.123233995736766e-17,0.994217906893952,0.10738134666416309,4087.0,5894.0,3672.0,3766.0,4087.0,1909.1999196871207,4294.533333333334,4103.5,2367.1726148520993,540.0,0,1,1,0,0,0,1,0,0,3801
1100,0,2014-03-27,-0.433883739117558,-0.9009688679024191,1.0,6.123233995736766e-17,0.995918996147179,0.09025161003104117,3801.0,5702.0,3596.0,3559.0,4087.0,1734.906145396143,4302.4,4186.5,2366.610577933384,540.0,0,1,1,0,0,0,1,0,0,4253
1100,0,2014-03-28,-0.9749279121818236,-0.2225209339563146,1.0,6.123233995736766e-17,0.9973249731081555,0.07309512989807777,4253.0,5472.0,4446.0,3416.285714285714,4087.0,1586.0144718008946,4330.266666666666,4255.5,2363.4251435565675,540.0,0,1,1,0,0,0,1,0,0,4473
1100,0,2014-03-29,-0.7818314824680299,0.6234898018587334,1.0,6.123233995736766e-17,0.9984354211555643,0.055916990100603484,4473.0,2980.0,3058.0,3458.285714285714,4087.0,1576.3990309442188,4322.0,4255.5,2366.781081903257,540.0,0,1,1,0,0,0,1,0,0,3274
1100,0,2014-03-30,-2.4492935982947064e-16,1.0,1.0,6.123233995736766e-17,0.9992500112396835,0.03872228089217446,3274.0,0.0,0.0,3458.285714285714,4087.0,1576.3990309442188,4155.833333333333,4186.5,2490.3932812715093,540.0,0,1,1,0,0,0,1,0,0,0
1100,0,2014-03-31,0.7818314824680298,0.6234898018587336,1.0,6.123233995736766e-17,0.9997685019798909,0.021516097436222254,0.0,4320.0,8701.0,4433.285714285715,4087.0,3331.6375710394873,4416.9,4255.5,2791.3234452248716,540.0,1,1,1,0,0,0,1,0,0,11145
1100,0,2014-04-01,0.9749279121818236,-0.22252093395631434,0.8660254037844387,-0.49999999999999983,0.9999907397361901,0.004303538296244289,11145.0,4087.0,6933.0,4876.428571428572,4253.0,3480.8588909991195,4656.533333333334,4289.0,2706.3521667688947,540.0,1,1,1,0,0,0,1,0,0,7189
1100,0,2014-04-02,0.43388373911755823,-0.900968867902419,0.8660254037844387,-0.49999999999999983,0.9999166586547379,-0.01291029607500882,7189.0,3801.0,5894.0,5123.714285714285,4473.0,3453.1012010599848,4659.066666666667,4289.0,2707.1617779427224,540.0,1,1,1,0,0,0,1,0,0,5532
1100,0,2014-04-03,-0.433883739117558,-0.9009688679024191,0.8660254037844387,-0.49999999999999983,0.9995462806873573,-0.030120304846908114,5532.0,4253.0,5702.0,5380.857142857143,5532.0,3444.4646138682406,4543.2,4289.0,2562.0376373450085,540.0,1,1,1,0,0,0,1,0,0,6053
1100,0,2014-04-04,-0.9749279121818236,-0.2225209339563146,0.8660254037844387,-0.49999999999999983,0.9988797155850336,-0.04732138832243185,6053.0,4473.0,5472.0,5750.0,6053.0,3469.3276005589355,4534.8,4289.0,2553.054241221809,540.0,1,1,1,0,0,0,1,0,0,7057
1100,0,2014-04-05,-0.7818314824680299,0.6234898018587334,0.8660254037844387,-0.49999999999999983,0.9979171608653922,-0.06450844944931623,7057.0,3274.0,2980.0,5782.142857142857,6053.0,3443.5107293076876,4445.666666666667,4255.5,2540.5357340710507,540.0,0,1,1,0,0,0,1,0,0,3499
1100,0,2014-04-06,-2.4492935982947064e-16,1.0,0.8660254037844387,-0.49999999999999983,0.9966589017541702,-0.08167639533042241,3499.0,0.0,0.0,5782.142857142857,6053.0,3443.5107293076876,4218.0,4186.5,2624.153564682231,540.0,0,1,1,0,0,0,1,0,0,0
1100,0,2014-04-07,0.7818314824680298,0.6234898018587336,0.8660254037844387,-0.49999999999999983,0.9951053111006976,-0.09882013873287143,0.0,11145.0,4320.0,4786.0,5532.0,2517.697890269335,4256.233333333334,4212.5,2614.5104992282377,540.0,0,1,1,0,0,0,1,0,0,4172
1100,0,2014-04-08,0.9749279121818236,-0.22252093395631434,0.8660254037844387,-0.49999999999999983,0.9932568492674143,-0.11593459959550041,4172.0,7189.0,4087.0,4333.857142857143,4172.0,2287.9400799679597,4390.366666666667,4212.5,2488.822924712542,540.0,0,1,1,0,0,0,1,0,0,4024
1100,0,2014-04-09,0.43388373911755823,-0.900968867902419,0.8660254037844387,-0.49999999999999983,0.9911140639934547,-0.1330147065341959,4024.0,5532.0,3801.0,4166.285714285715,4172.0,2227.724677354726,4398.333333333333,4255.5,2488.3101083671777,540.0,0,1,1,0,0,0,1,0,0,4359
1100,0,2014-04-10,-0.433883739117558,-0.9009688679024191,0.8660254037844387,-0.49999999999999983,0.9886775902323405,-0.1500553983446526,4359.0,6053.0,4253.0,3956.0,4172.0,2084.8381232124416,4409.1,4286.5,2488.3807551816903,540.0,0,1,1,0,0,0,1,0,0,4581
1100,0,2014-04-11,-0.9749279121818236,-0.2225209339563146,0.8660254037844387,-0.49999999999999983,0.9859481499638304,-0.16705162550211924,4581.0,7057.0,4473.0,3574.285714285714,4172.0,1613.8566349261648,4432.866666666667,4339.5,2484.4998349537145,540.0,0,1,1,0,0,0,1,0,0,4385
1100,0,2014-04-12,-0.7818314824680299,0.6234898018587334,0.8660254037844387,-0.49999999999999983,0.9829265519799822,-0.18399835165768005,4385.0,3499.0,3274.0,3560.0,4172.0,1615.0762623892715,4426.3,4339.5,2487.0470254694683,540.0,0,1,1,0,0,0,1,0,0,3399
1100,0,2014-04-13,-2.4492935982947064e-16,1.0,0.8660254037844387,-0.49999999999999983,0.9796136916454901,-0.20089055513063506,3399.0,0.0,0.0,3560.0,4172.0,1615.0762623892715,4278.1,4286.5,2615.006630834867,540.0,0,1,1,0,0,0,1,0,0,0
1100,0,2014-04-14,0.7818314824680298,0.6234898018587336,0.8660254037844387,-0.49999999999999983,0.9760105506323683,-0.21772323039653177,0.0,4172.0,11145.0,4282.714285714285,4359.0,2701.243955062535,4483.866666666667,4339.5,2754.819647808909,540.0,1,1,1,0,0,0,1,0,0,9231
1100,0,2014-04-15,0.9749279121818236,-0.22252093395631434,0.8660254037844387,-0.49999999999999983,0.9721181966290613,-0.23449138957040985,9231.0,4024.0,7189.0,4915.285714285715,4385.0,3117.031104233947,4765.6,4372.0,2712.3073216168796,540.0,1,1,1,0,0,0,1,0,0,8452
1100,0,2014-04-16,0.43388373911755823,-0.900968867902419,0.8660254037844387,-0.49999999999999983,0.9679377830240642,-0.25119006388481935,8452.0,4359.0,5532.0,5411.142857142857,4581.0,3285.328062186558,4736.566666666667,4372.0,2673.10748630378,540.0,1,1,1,0,0,0,1,0,0,7830
1100,0,2014-04-17,-0.433883739117558,-0.9009688679024191,0.8660254037844387,-0.49999999999999983,0.9634705485641488,-0.2678143051621742,7830.0,4581.0,6053.0,5806.571428571428,7349.0,3334.963510901976,4750.433333333333,4372.0,2685.9424940994504,540.0,1,1,1,0,0,0,1,0,0,7349
1100,0,2014-04-18,-0.9749279121818236,-0.2225209339563146,0.8660254037844387,-0.49999999999999983,0.9587178169872964,-0.2843591872810034,7349.0,4385.0,7057.0,5180.142857142857,7349.0,3993.3362588430336,4553.966666666666,4339.5,2812.0137769237854,540.0,1,1,1,0,0,0,1,0,0,0
1100,0,2014-04-19,-0.7818314824680299,0.6234898018587334,0.8660254037844387,-0.49999999999999983,0.9536809966304457,-0.30081980763566735,0.0,3399.0,3499.0,5353.857142857143,7349.0,3928.8693635943764,4517.733333333334,4339.5,2803.7018747182856,540.0,0,1,1,0,0,0,1,0,0,4615
1100,0,2014-04-20,-2.4492935982947064e-16,1.0,0.8660254037844387,-0.49999999999999983,0.9483615800121715,-0.3171912885891061,4615.0,0.0,0.0,5353.857142857143,7349.0,3928.8693635943764,4335.333333333333,4286.5,2915.255821664216,540.0,0,1,1,0,0,0,1,0,0,0
1100,0,2014-04-21,0.7818314824680298,0.6234898018587336,0.8660254037844387,-0.49999999999999983,0.9427611433904207,-0.3334687789181868,0.0,9231.0,4172.0,4035.1428571428573,4615.0,3959.6840121644113,4236.0,4286.5,3012.1876115037267,540.0,0,1,1,0,0,0,1,0,0,0
1100,0,2014-04-22,0.9749279121818236,-0.22252093395631434,0.8660254037844387,-0.49999999999999983,0.9368813462954315,-0.3496474552512284,0.0,8452.0,4024.0,2827.714285714286,0.0,3666.13214502176,4236.0,4286.5,3012.1876115037267,540.0,0,1,1,0,0,0,1,0,0,0
1100,0,2014-04-23,0.43388373911755823,-0.900968867902419,0.8660254037844387,-0.49999999999999983,0.9307239310379795,-0.36572252349726897,0.0,7830.0,4359.0,1709.142857142857,0.0,3023.7350208294365,4092.0,4212.5,3109.715099490623,540.0,0,1,1,0,0,0,1,0,0,0
1100,0,2014-04-24,-0.433883739117558,-0.9009688679024191,0.8660254037844387,-0.49999999999999983,0.9242907221930934,-0.3816892202666588,0.0,7349.0,4581.0,659.2857142857143,0.0,1744.306042937553,3955.766666666667,4212.5,3198.20620718523,540.0,0,1,1,0,0,0,1,0,0,0
1100,0,2014-04-25,-0.9749279121818236,-0.2225209339563146,0.8660254037844387,-0.49999999999999983,0.9175836260593937,-0.39754281428255595,0.0,0.0,4385.0,659.2857142857143,0.0,1744.306042937553,3829.0666666666666,4212.5,3278.822937804242,540.0,0,1,1,0,0,0,1,0,0,0
1100,0,2014-04-26,-0.7818314824680299,0.6234898018587334,0.8660254037844387,-0.49999999999999983,0.9106046300942163,-0.4132786077829042,0.0,4615.0,3399.0,0.0,0.0,0.0,3687.3,4098.0,3351.0102146398576,540.0,0,1,1,0,0,0,1,0,0,0
1100,0,2014-04-27,-2.4492935982947064e-16,1.0,0.8660254037844387,-0.49999999999999983,0.9033558023246845,-0.4288919379124835,0.0,0.0,0.0,0.0,0.0,0.0,3538.2,3761.5,3413.769010224972,540.0,0,1,1,0,0,0,1,0,0,0
1100,0,2014-04-28,0.7818314824680298,0.6234898018587336,0.8660254037844387,-0.49999999999999983,0.895839290734909,-0.4443781781046132,0.0,0.0,9231.0,0.0,0.0,0.0,3429.0666666666666,3761.5,3474.3022215168257,540.0,1,1,1,0,0,0,1,0,0,0
1100,0,2014-04-29,0.9749279121818236,-0.22252093395631434,0.8660254037844387,-0.49999999999999983,0.8880573226294932,-0.45973273945210397,0.0,0.0,8452.0,0.0,0.0,0.0,3429.0666666666666,3761.5,3474.3022215168257,540.0,1,1,1,0,0,0,1,0,0,0
1100,0,2014-04-30,0.43388373911755823,-0.900968867902419,0.8660254037844387,-0.49999999999999983,0.8800122039735357,-0.47495107206704995,0.0,0.0,7830.0,0.0,0.0,0.0,3057.5666666666666,3449.0,3206.32459779679,540.0,1,1,1,0,0,0,1,0,0,0
1100,0,2014-05-01,-0.433883739117558,-0.9009688679024191,0.49999999999999994,-0.8660254037844387,0.8717063187093218,-0.49002866642905923,0.0,0.0,7349.0,0.0,0.0,0.0,2817.9333333333334,1699.5,3155.1395065427914,540.0,1,1,1,0,0,0,1,0,0,0
1100,0,2014-05-02,-0.9749279121818236,-0.2225209339563146,0.49999999999999994,-0.8660254037844387,0.8631421280499114,-0.5049610547215204,0.0,0.0,0.0,0.0,0.0,0.0,2633.5333333333333,0.0,3152.7040581318256,540.0,1,1,1,0,0,0,1,0,0,0
1100,0,2014-05-03,-0.7818314824680299,0.6234898018587334,0.49999999999999994,-0.8660254037844387,0.854322169749827,-0.5197438121555155,0.0,0.0,4615.0,0.0,0.0,0.0,2431.766666666667,0.0,3119.8375033207094,540.0,0,1,1,0,0,0,1,0,0,0
1100,0,2014-05-04,-2.4492935982947064e-16,1.0,0.49999999999999994,-0.8660254037844387,0.8452490573530633,-0.5343725582809787,0.0,0.0,0.0,0.0,0.0,0.0,2196.5333333333333,0.0,3023.635967567487,540.0,0,1,1,0,0,0,1,0,0,0
1100,0,2014-05-05,0.7818314824680298,0.6234898018587336,0.49999999999999994,-0.8660254037844387,0.835925479418637,-0.548842958284719,0.0,0.0,0.0,2492.0,0.0,6593.212267172955,2661.366666666667,0.0,4108.173429869414,540.0,1,1,1,0,0,0,1,0,0,17444
1100,0,2014-05-06,0.9749279121818236,-0.22252093395631434,0.49999999999999994,-0.8660254037844387,0.8263541987239096,-0.5631507242749186,17444.0,0.0,0.0,4361.571428571428,0.0,7554.243484231072,3097.6,0.0,4492.666634600785,540.0,1,1,1,0,0,0,1,0,0,13087
1100,0,2014-05-07,0.43388373911755823,-0.900968867902419,0.49999999999999994,-0.8660254037844387,0.8165380514459161,-0.5772916165517272,13087.0,0.0,0.0,5749.857142857143,0.0,7511.948580507624,3282.4666666666667,0.0,4649.759509786559,540.0,1,1,1,0,0,0,1,0,0,9718
1100,0,2014-05-08,-0.433883739117558,-0.9009688679024191,0.49999999999999994,-0.8660254037844387,0.8064799463209448,-0.5912614448635781,9718.0,0.0,0.0,7095.571428571428,9420.0,7145.029644378508,3462.3333333333335,0.0,4781.921863920787,540.0,1,1,1,0,0,0,1,0,0,9420
1100,0,2014-05-09,-0.9749279121818236,-0.2225209339563146,0.49999999999999994,-0.8660254037844387,0.7961828637826158,-0.6050560696488488,9420.0,0.0,0.0,8419.714285714286,9420.0,6434.436901399789,3626.0,0.0,4896.326166733018,540.0,1,1,1,0,0,0,1,0,0,9269
1100,0,2014-05-10,-0.7818314824680299,0.6234898018587334,0.49999999999999994,-0.8660254037844387,0.7856498550787145,-0.6186714032625031,9269.0,0.0,0.0,9051.42857142857,9420.0,5637.797438040946,3620.7,0.0,4895.342742042577,540.0,0,1,1,0,0,0,1,0,0,4422
1100,0,2014-05-11,-2.4492935982947064e-16,1.0,0.49999999999999994,-0.8660254037844387,0.7748840413670407,-0.6321034111873487,4422.0,0.0,0.0,9051.42857142857,9420.0,5637.797438040946,3474.5333333333333,0.0,4937.022030873804,540.0,0,1,1,0,0,0,1,0,0,0
1100,0,2014-05-12,0.7818314824680298,0.6234898018587336,0.49999999999999994,-0.8660254037844387,0.7638886127905428,-0.6453481132295501,0.0,17444.0,0.0,7150.857142857143,9269.0,4455.525275002997,3499.233333333333,0.0,4938.484506358221,540.0,0,1,1,0,0,0,1,0,0,4140
1100,0,2014-05-13,0.9749279121818236,-0.22252093395631434,0.49999999999999994,-0.8660254037844387,0.7526668275320084,-0.6584015846980488,4140.0,13087.0,0.0,5847.285714285715,4422.0,3700.1387683115236,3631.3,0.0,4894.460339030729,540.0,0,1,1,0,0,0,1,0,0,3962
1100,0,2014-05-14,0.43388373911755823,-0.900968867902419,0.49999999999999994,-0.8660254037844387,0.741222010848596,-0.6712599575675313,3962.0,9718.0,0.0,5050.571428571428,4141.0,3307.362184437564,3461.633333333333,0.0,4780.549921355773,540.0,0,1,1,0,0,0,1,0,0,4141
1100,0,2014-05-15,-0.433883739117558,-0.9009688679024191,0.49999999999999994,-0.8660254037844387,0.7295575540864875,-0.6839194216246106,4141.0,9420.0,0.0,4327.714285714285,4141.0,2688.221017344968,3325.233333333333,0.0,4690.787829450348,540.0,0,1,1,0,0,0,1,0,0,4360
1100,0,2014-05-16,-0.9749279121818236,-0.2225209339563146,0.49999999999999994,-0.8660254037844387,0.717676913675962,-0.6963762255968722,4360.0,9269.0,0.0,3613.714285714286,4141.0,1600.9129389492718,3206.6,0.0,4617.36064031808,540.0,0,1,1,0,0,0,1,0,0,4271
1100,0,2014-05-17,-0.7818314824680299,0.6234898018587334,0.49999999999999994,-0.8660254037844387,0.705583610107178,-0.7086266782644596,4271.0,4422.0,0.0,3383.5714285714284,4140.0,1581.0227551749226,3055.3333333333335,0.0,4550.828392443647,540.0,0,1,1,0,0,0,1,0,0,2811
1100,0,2014-05-18,-2.4492935982947064e-16,1.0,0.49999999999999994,-0.8660254037844387,0.6932812268869777,-0.7206671495538609,2811.0,0.0,0.0,3383.5714285714284,4140.0,1581.0227551749226,3055.3333333333335,0.0,4550.828392443647,540.0,0,1,1,0,0,0,1,0,0,0
1100,0,2014-05-19,0.7818314824680298,0.6234898018587336,0.49999999999999994,-0.8660254037844387,0.6807734094770161,-0.7324940716135789,0.0,4140.0,17444.0,3937.5714285714284,4141.0,2371.8884780657204,3168.766666666667,0.0,4632.7195385635505,540.0,1,1,1,0,0,0,1,0,0,8018
1100,0,2014-05-20,0.9749279121818236,-0.22252093395631434,0.49999999999999994,-0.8660254037844387,0.6680638642135335,-0.7441039398713607,8018.0,3962.0,13087.0,4272.0,4271.0,2535.3135243331626,3378.866666666667,0.0,4626.9774727497115,540.0,1,1,1,0,0,0,1,0,0,6303
1100,0,2014-05-21,0.43388373911755823,-0.900968867902419,0.49999999999999994,-0.8660254037844387,0.6551563572090853,-0.7554933140726803,6303.0,4141.0,9718.0,4462.285714285715,4360.0,2573.5406035450887,3561.3,1405.5,4596.958860917236,540.0,1,1,1,0,0,0,1,0,0,5473
1100,0,2014-05-22,-0.433883739117558,-0.9009688679024191,0.49999999999999994,-0.8660254037844387,0.6420547132365637,-0.766658819300159,5473.0,4360.0,9420.0,4578.857142857143,5176.0,2586.5830374306165,3733.8333333333335,3386.5,4555.634094804707,540.0,1,1,1,0,0,0,1,0,0,5176
1100,0,2014-05-23,-0.9749279121818236,-0.2225209339563146,0.49999999999999994,-0.8660254037844387,0.6287628145958344,-0.777597146973627,5176.0,4271.0,9269.0,4778.571428571428,5473.0,2612.690366725637,3922.8,4051.0,4512.787825570871,540.0,1,1,1,0,0,0,1,0,0,5669
1100,0,2014-05-24,-0.7818314824680299,0.6234898018587334,0.49999999999999994,-0.8660254037844387,0.6152845999633276,-0.7883050558305255,5669.0,2811.0,4422.0,4819.428571428572,5473.0,2578.809987645647,4026.0333333333333,4051.0,4455.0097215988435,540.0,0,1,1,0,0,0,1,0,0,3097
1100,0,2014-05-25,-2.4492935982947064e-16,1.0,0.49999999999999994,-0.8660254037844387,0.6016240632249226,-0.7987793728863649,3097.0,0.0,0.0,4819.428571428572,5473.0,2578.809987645647,4026.0333333333333,4051.0,4455.0097215988435,540.0,0,1,1,0,0,0,1,0,0,0
1100,0,2014-05-26,0.7818314824680298,0.6234898018587336,0.49999999999999994,-0.8660254037844387,0.5877852522924732,-0.8090169943749473,0.0,8018.0,4140.0,4198.285714285715,5176.0,2171.4497242077427,4148.366666666667,4051.0,4390.56625429264,540.0,0,1,1,0,0,0,1,0,0,3670
1100,0,2014-05-27,0.9749279121818236,-0.22252093395631434,0.49999999999999994,-0.8660254037844387,0.5737722679043246,-0.8190148866680801,3670.0,6303.0,3962.0,3848.0,3851.0,1963.120305364218,4276.733333333334,4051.0,4320.840554666483,540.0,0,1,1,0,0,0,1,0,0,3851
1100,0,2014-05-28,0.43388373911755823,-0.900968867902419,0.49999999999999994,-0.8660254037844387,0.5595892624101765,-0.8287700871745037,3851.0,5473.0,4141.0,3679.4285714285716,3851.0,1847.5900390457068,4419.833333333333,4140.5,4244.735961759866,540.0,0,1,1,0,0,0,1,0,0,4293
1100,0,2014-05-29,-0.433883739117558,-0.9009688679024191,0.49999999999999994,-0.8660254037844387,0.545240438540651,-0.8382797052177743,4293.0,5176.0,4360.0,2940.0,3670.0,2158.4222632901588,4419.833333333333,4140.5,4244.735961759866,540.0,0,1,1,0,0,0,1,0,0,0
1100,0,2014-05-30,-0.9749279121818236,-0.2225209339563146,0.49999999999999994,-0.8660254037844387,0.5307300481619334,-0.8475409228928311,0.0,5669.0,4271.0,3004.285714285714,3670.0,2257.6680974171522,4623.8,4206.0,4171.412920309391,540.0,0,1,1,0,0,0,1,0,0,6119
1100,0,2014-05-31,-0.7818314824680299,0.6234898018587334,0.49999999999999994,-0.8660254037844387,0.5160623910158528,-0.8565509959010036,6119.0,3097.0,2811.0,3038.714285714286,3670.0,2261.1524874339016,4735.066666666667,4206.0,4087.5008546520935,540.0,0,1,1,0,0,0,1,0,0,3338
1100,0,2014-06-01,-2.4492935982947064e-16,1.0,1.2246467991473532e-16,-1.0,0.5012418134457758,-0.865307254363206,3338.0,0.0,0.0,3038.714285714286,3670.0,2261.1524874339016,4735.066666666667,4206.0,4087.5008546520935,540.0,0,1,1,0,0,0,1,0,0,0
1100,0,2014-06-02,0.7818314824680298,0.6234898018587336,1.2246467991473532e-16,-1.0,0.48627270710869,-0.8738071036110808,0.0,3670.0,8018.0,3810.5714285714284,3851.0,3228.018011987271,5037.5,4282.0,4060.6397725074003,540.0,1,1,1,0,0,0,1,0,0,9073
1100,0,2014-06-03,0.9749279121818236,-0.22252093395631434,1.2246467991473532e-16,-1.0,0.4711595076738638,-0.8820480249558537,9073.0,3851.0,6303.0,4295.0,4293.0,3479.72633023537,5278.9,4326.5,3964.9771086872342,540.0,1,1,1,0,0,0,1,0,0,7242
1100,0,2014-06-04,0.43388373911755823,-0.900968867902419,1.2246467991473532e-16,-1.0,0.4559066935084588,-0.8900275764346767,7242.0,4293.0,5473.0,4559.571428571428,6119.0,3549.260057023286,4902.266666666666,4326.5,3239.918857363381,540.0,1,1,1,0,0,0,1,0,0,6145
1100,0,2014-06-05,-0.433883739117558,-0.9009688679024191,1.2246467991473532e-16,-1.0,0.440518784350495,-0.8977433935342337,6145.0,0.0,5176.0,5411.0,6119.0,2934.8616094573654,4664.7,4326.5,2857.844342543323,540.0,1,1,1,0,0,0,1,0,0,5960
1100,0,2014-06-06,-0.9749279121818236,-0.2225209339563146,1.2246467991473532e-16,-1.0,0.42500033996955416,-0.9051931898913974,5960.0,6119.0,5669.0,5353.714285714285,5960.0,2922.6269413141404,4531.366666666667,4326.5,2703.071184123119,540.0,1,1,1,0,0,0,1,0,0,5718
1100,0,2014-06-07,-0.7818314824680299,0.6234898018587334,1.2246467991473532e-16,-1.0,0.4093559588156213,-0.9123747579707273,5718.0,3338.0,3097.0,5296.714285714285,5960.0,2971.9658877744955,4315.333333333333,4282.0,2553.75318567267,540.0,0,1,1,0,0,0,1,0,0,2939
1100,0,2014-06-08,-2.4492935982947064e-16,1.0,1.2246467991473532e-16,-1.0,0.39359027665646673,-0.9192859697186104,2939.0,0.0,0.0,5296.714285714285,5960.0,2971.9658877744955,4006.366666666667,4206.0,2493.7679631479277,540.0,0,1,1,0,0,0,1,0,0,0
1100,0,2014-06-09,0.7818314824680298,0.6234898018587336,1.2246467991473532e-16,-1.0,0.3777079652039649,-0.9259247771938498,0.0,9073.0,3670.0,4000.5714285714284,5718.0,3028.4878436354325,3858.9666666666667,4140.5,2596.90731824226,540.0,0,1,1,0,0,0,1,0,0,0
1100,0,2014-06-10,0.9749279121818236,-0.22252093395631434,1.2246467991473532e-16,-1.0,0.36171373072976765,-0.9322892131745133,0.0,7242.0,3851.0,3482.1428571428573,3613.0,2670.5931568705423,3979.4,4140.5,2493.492573438525,540.0,0,1,1,0,0,0,1,0,0,3613
1100,0,2014-06-11,0.43388373911755823,-0.900968867902419,1.2246467991473532e-16,-1.0,0.3456123126707335,-0.9383773917408641,3613.0,6145.0,4293.0,3189.8571428571427,3613.0,2431.874957625034,3978.0333333333333,4120.0,2493.41274898112,540.0,0,1,1,0,0,0,1,0,0,4099
1100,0,2014-06-12,-0.433883739117558,-0.9009688679024191,1.2246467991473532e-16,-1.0,0.3294084822245304,-0.9441875088341993,4099.0,5960.0,0.0,2917.1428571428573,3613.0,2161.456255133813,3981.0,4120.0,2493.445960637741,540.0,0,1,1,0,0,0,1,0,0,4051
1100,0,2014-06-13,-0.9749279121818236,-0.2225209339563146,1.2246467991473532e-16,-1.0,0.3131070409358269,-0.9497178427914316,4051.0,5718.0,6119.0,2832.1428571428573,3613.0,2041.3144807999945,4013.733333333333,4185.0,2502.0497105419317,540.0,0,1,1,0,0,0,1,0,0,5123
1100,0,2014-06-14,-0.7818314824680299,0.6234898018587334,1.2246467991473532e-16,-1.0,0.29671281927349075,-0.9549667548552551,5123.0,2939.0,3338.0,2869.714285714286,3613.0,2046.0239257549867,3975.133333333333,4075.0,2505.4536478668233,540.0,0,1,1,0,0,0,1,0,0,3202
1100,0,2014-06-15,-2.4492935982947064e-16,1.0,1.2246467991473532e-16,-1.0,0.28023067519921585,-0.9599326896597447,3202.0,0.0,0.0,2869.714285714286,3613.0,2046.0239257549867,3832.766666666667,3951.0,2607.3354172719887,540.0,0,1,1,0,0,0,1,0,0,0
1100,0,2014-06-16,0.7818314824680298,0.6234898018587336,1.2246467991473532e-16,-1.0,0.26366549272800704,-0.9646141756912435,0.0,0.0,9073.0,4158.0,4051.0,2679.1068163351215,4039.6666666666665,4075.0,2764.966487710275,540.0,1,1,1,0,0,0,1,0,0,9018
1100,0,2014-06-17,0.9749279121818236,-0.22252093395631434,1.2246467991473532e-16,-1.0,0.24702218048093552,-0.9690098257244062,9018.0,3613.0,7242.0,4638.0,4099.0,2860.072260159404,4272.1,4196.0,2706.1292543740933,540.0,1,1,1,0,0,0,1,0,0,6973
1100,0,2014-06-18,0.43388373911755823,-0.900968867902419,1.2246467991473532e-16,-1.0,0.23030567023061221,-0.9731183372332619,6973.0,4099.0,6145.0,4969.857142857143,5123.0,2921.224368227098,4218.9,4196.0,2644.9452552837934,540.0,1,1,1,0,0,0,1,0,0,6422
1100,0,2014-06-19,-0.433883739117558,-0.9009688679024191,1.2246467991473532e-16,-1.0,0.21352091543979612,-0.9769384927771817,6422.0,4051.0,5960.0,4391.142857142857,5123.0,3481.190429942578,4008.8,4075.0,2722.876969880098,540.0,1,1,1,0,0,0,1,0,0,0
1100,0,2014-06-20,-0.9749279121818236,-0.2225209339563146,1.2246467991473532e-16,-1.0,0.19667288979357647,-0.980469160361632,0.0,5123.0,5718.0,4721.571428571428,6422.0,3667.0464889855084,4074.233333333333,4075.0,2782.2162052298618,540.0,1,1,1,0,0,0,1,0,0,7436
1100,0,2014-06-21,-0.7818314824680299,0.6234898018587334,1.2246467991473532e-16,-1.0,0.1797665857255624,-0.9837092937736097,7436.0,3202.0,2939.0,4686.714285714285,6422.0,3685.0138269431086,4000.3,3951.0,2781.398719696802,540.0,0,1,1,0,0,0,1,0,0,2958
1100,0,2014-06-22,-2.4492935982947064e-16,1.0,1.2246467991473532e-16,-1.0,0.16280701293851715,-0.986657932891657,2958.0,0.0,0.0,4686.714285714285,6422.0,3685.0138269431086,3811.3333333333335,3760.5,2855.700739335908,540.0,0,1,1,0,0,0,1,0,0,0
1100,0,2014-06-23,0.7818314824680298,0.6234898018587336,1.2246467991473532e-16,-1.0,0.1457991969198751,-0.9893142039703663,0.0,9018.0,0.0,3978.0,4057.0,3151.6274631794026,3843.3333333333335,3951.0,2852.797384943453,540.0,0,1,1,0,0,0,1,0,0,4057
1100,0,2014-06-24,0.9749279121818236,-0.22252093395631434,1.2246467991473532e-16,-1.0,0.12874817745258132,-0.99167731989929,4057.0,6973.0,3613.0,3607.4285714285716,4057.0,2881.7254008170603,3989.3,4054.0,2759.8830203845364,540.0,0,1,1,0,0,0,1,0,0,4379
1100,0,2014-06-25,0.43388373911755823,-0.900968867902419,1.2246467991473532e-16,-1.0,0.11165900712169512,-0.993746580436178,4379.0,6422.0,4099.0,3207.8571428571427,3625.0,2607.2636632154713,3987.8,4054.0,2760.074766603498,540.0,0,1,1,0,0,0,1,0,0,3625
1100,0,2014-06-26,-0.433883739117558,-0.9009688679024191,1.2246467991473532e-16,-1.0,0.09453674981719912,-0.9955213724144752,3625.0,0.0,4051.0,3782.8571428571427,4025.0,2192.7890481128766,3993.6,4054.0,2759.9602021118626,540.0,0,1,1,0,0,0,1,0,0,4025
1100,0,2014-06-27,-0.9749279121818236,-0.2225209339563146,1.2246467991473532e-16,-1.0,0.07738647923346301,-0.9970011699250151,4025.0,7436.0,5123.0,3384.1428571428573,4025.0,1588.2363833900051,4005.3333333333335,4054.0,2762.0243742005855,540.0,0,1,1,0,0,0,1,0,0,4645
1100,0,2014-06-28,-0.7818314824680299,0.6234898018587334,1.2246467991473532e-16,-1.0,0.06021327736579302,-0.9981855344718586,4645.0,2958.0,3202.0,3465.5714285714284,4025.0,1577.3211316599131,4122.933333333333,4054.0,2658.784009504228,540.0,0,1,1,0,0,0,1,0,0,3528
1100,0,2014-06-29,-2.4492935982947064e-16,1.0,1.2246467991473532e-16,-1.0,0.04302223300453059,-0.99907411510223,3528.0,0.0,0.0,3465.5714285714284,4025.0,1577.3211316599131,3918.9666666666667,4038.0,2734.01980775476,540.0,0,1,1,0,0,0,1,0,0,0
1100,0,2014-06-30,0.7818314824680298,0.6234898018587336,1.2246467991473532e-16,-1.0,0.02581844022713308,-0.9996666485105112,0.0,4057.0,9018.0,4700.428571428572,4025.0,3855.664657666813,4231.066666666667,4054.0,3165.740420374889,540.0,1,1,1,0,0,0,1,0,0,12701
1100,0,2014-07-01,0.9749279121818236,-0.22252093395631434,-0.4999999999999998,-0.8660254037844388,0.008606996888688698,-0.9999629591162655,12701.0,4379.0,6973.0,5005.428571428572,4025.0,3910.0607351268795,4448.2,4078.0,3087.9683802204577,540.0,1,1,1,0,0,0,1,0,0,6514
1100,0,2014-07-02,0.43388373911755823,-0.900968867902419,-0.4999999999999998,-0.8660254037844388,-0.008606996888688009,-0.9999629591162655,6514.0,3625.0,6422.0,5375.142857142857,4645.0,3880.018789841593,4352.866666666667,4078.0,2982.6163212086476,540.0,1,1,1,0,0,0,1,0,0,6213
1100,0,2014-07-03,-0.433883739117558,-0.9009688679024191,-0.4999999999999998,-0.8660254037844388,-0.02581844022713239,-0.9996666485105112,6213.0,4025.0,0.0,5703.142857142857,6213.0,3843.738346478659,4322.166666666667,4078.0,2956.478486346529,540.0,1,1,1,0,0,0,1,0,0,6321
1100,0,2014-07-04,-0.9749279121818236,-0.2225209339563146,-0.4999999999999998,-0.8660254037844388,-0.04302223300453034,-0.99907411510223,6321.0,4645.0,7436.0,5888.142857142857,6213.0,3815.381301546479,4315.333333333333,4078.0,2952.354108437735,540.0,1,1,1,0,0,0,1,0,0,5940
1100,0,2014-07-05,-0.7818314824680299,0.6234898018587334,-0.4999999999999998,-0.8660254037844388,-0.060213277365792774,-0.9981855344718586,5940.0,3528.0,2958.0,5899.428571428572,6213.0,3807.3449566656873,4236.9,4054.0,2938.3768842327017,540.0,0,1,1,0,0,0,1,0,0,3607
1100,0,2014-07-06,-2.4492935982947064e-16,1.0,-0.4999999999999998,-0.8660254037844388,-0.07738647923346322,-0.9970011699250151,3607.0,0.0,0.0,5899.428571428572,6213.0,3807.3449566656873,4046.3,4038.0,3023.217721179728,540.0,0,1,1,0,0,0,1,0,0,0
1100,0,2014-07-07,0.7818314824680298,0.6234898018587336,-0.4999999999999998,-0.8660254037844388,-0.09453674981719933,-0.9955213724144752,0.0,12701.0,4057.0,4709.857142857143,5940.0,2350.008895626525,4094.133333333333,4054.0,3016.4385798068392,540.0,0,1,1,0,0,0,1,0,0,4374
1100,0,2014-07-08,0.9749279121818236,-0.22252093395631434,-0.4999999999999998,-0.8660254037844388,-0.11165900712169444,-0.9937465804361781,4374.0,6514.0,4379.0,4301.857142857143,4374.0,2229.4048105994093,4216.066666666667,4054.0,2917.5473985847225,540.0,0,1,1,0,0,0,1,0,0,3658
1100,0,2014-07-09,0.43388373911755823,-0.900968867902419,-0.4999999999999998,-0.8660254037844388,-0.12874817745258066,-0.99167731989929,3658.0,6213.0,3625.0,3834.8571428571427,3658.0,2101.0378727802854,4314.2,4054.0,2818.68416843379,540.0,0,1,1,0,0,0,1,0,0,2944
1100,0,2014-07-10,-0.433883739117558,-0.9009688679024191,-0.4999999999999998,-0.8660254037844388,-0.14579919691987442,-0.9893142039703664,2944.0,6321.0,4025.0,3648.285714285714,3658.0,1890.9578449633748,4360.933333333333,4078.0,2818.2799343758816,540.0,0,1,1,0,0,0,1,0,0,5015
1100,0,2014-07-11,-0.9749279121818236,-0.2225209339563146,-0.4999999999999998,-0.8660254037844388,-0.16280701293851646,-0.9866579328916572,5015.0,5940.0,4645.0,3412.5714285714284,3658.0,1644.4474104434712,4367.3,4173.5,2817.8835191657913,540.0,0,1,1,0,0,0,1,0,0,4290
1100,0,2014-07-12,-0.7818314824680299,0.6234898018587334,-0.4999999999999998,-0.8660254037844388,-0.17976658572556214,-0.9837092937736098,4290.0,3607.0,3528.0,3361.0,3658.0,1642.9937106797715,4340.466666666666,4173.5,2824.823616505603,540.0,0,1,1,0,0,0,1,0,0,3246
1100,0,2014-07-13,-2.4492935982947064e-16,1.0,-0.4999999999999998,-0.8660254037844388,-0.19667288979357622,-0.9804691603616321,3246.0,0.0,0.0,3361.0,3658.0,1642.9937106797715,4169.7,4041.0,2928.8204068979794,540.0,0,1,1,0,0,0,1,0,0,0
1100,0,2014-07-14,0.7818314824680298,0.6234898018587336,-0.4999999999999998,-0.8660254037844388,-0.2135209154397959,-0.9769384927771817,0.0,4374.0,12701.0,3783.0,3658.0,2223.3946268412697,4307.233333333334,4173.5,2978.2697671210212,540.0,1,1,1,0,0,0,1,0,0,7328
1100,0,2014-07-15,0.9749279121818236,-0.22252093395631434,-0.4999999999999998,-0.8660254037844388,-0.23030567023061196,-0.973118337233262,7328.0,3658.0,6514.0,4218.285714285715,4290.0,2478.475520307167,4530.733333333334,4332.0,2894.2933856640775,540.0,1,1,1,0,0,0,1,0,0,6705
1100,0,2014-07-16,0.43388373911755823,-0.900968867902419,-0.4999999999999998,-0.8660254037844388,-0.24702218048093527,-0.9690098257244063,6705.0,2944.0,6213.0,4604.428571428572,5015.0,2457.326518606676,4418.366666666667,4332.0,2777.140634231336,540.0,1,1,1,0,0,0,1,0,0,5647
1100,0,2014-07-17,-0.433883739117558,-0.9009688679024191,-0.4999999999999998,-0.8660254037844388,-0.2636654927280072,-0.9646141756912435,5647.0,5015.0,6321.0,4725.714285714285,5647.0,2501.522917097082,4381.4,4332.0,2749.2036539759038,540.0,1,1,1,0,0,0,1,0,0,5864
1100,0,2014-07-18,-0.9749279121818236,-0.2225209339563146,-0.4999999999999998,-0.8660254037844388,-0.2802306751992161,-0.9599326896597445,5864.0,4290.0,5940.0,4868.857142857143,5647.0,2501.103251805185,4343.733333333334,4332.0,2727.940247769785,540.0,1,1,1,0,0,0,1,0,0,5292
1100,0,2014-07-19,-0.7818314824680299,0.6234898018587334,-0.4999999999999998,-0.8660254037844388,-0.2967128192734901,-0.9549667548552553,5292.0,3246.0,3607.0,4751.285714285715,5647.0,2607.1982225041047,4424.5,4332.0,2628.973718077989,540.0,0,1,1,0,0,0,1,0,0,2423
1100,0,2014-07-20,-2.4492935982947064e-16,1.0,-0.4999999999999998,-0.8660254037844388,-0.3131070409358267,-0.9497178427914317,2423.0,0.0,0.0,4751.285714285715,5647.0,2607.1982225041047,4176.633333333333,4173.5,2685.192556934431,540.0,0,1,1,0,0,0,1,0,0,0
1100,0,2014-07-21,0.7818314824680298,0.6234898018587336,-0.4999999999999998,-0.8660254037844388,-0.3294084822245302,-0.9441875088341994,0.0,7328.0,4374.0,4134.857142857143,5292.0,2398.16550920152,4178.466666666666,4173.5,2684.350479883458,540.0,0,1,1,0,0,0,1,0,0,3013
1100,0,2014-07-22,0.9749279121818236,-0.22252093395631434,-0.4999999999999998,-0.8660254037844388,-0.3456123126707333,-0.9383773917408642,3013.0,6705.0,3658.0,3822.5714285714284,4519.0,2135.6678000992847,4329.1,4332.0,2565.971313705318,540.0,0,1,1,0,0,0,1,0,0,4519
1100,0,2014-07-23,0.43388373911755823,-0.900968867902419,-0.4999999999999998,-0.8660254037844388,-0.3617137307297674,-0.9322892131745134,4519.0,5647.0,2944.0,3557.1428571428573,3789.0,1980.988089192807,4320.166666666667,4332.0,2567.4173939413554,540.0,0,1,1,0,0,0,1,0,0,3789
1100,0,2014-07-24,-0.433883739117558,-0.9009688679024191,-0.4999999999999998,-0.8660254037844388,-0.37770796520396466,-0.9259247771938499,3789.0,5864.0,5015.0,3200.714285714286,3369.0,1701.4896134745738,4286.5,4157.5,2573.2348050788023,540.0,0,1,1,0,0,0,1,0,0,3369
1100,0,2014-07-25,-0.9749279121818236,-0.2225209339563146,-0.4999999999999998,-0.8660254037844388,-0.39359027665646645,-0.9192859697186105,3369.0,5292.0,4290.0,3047.8571428571427,3369.0,1520.766958760312,4306.4,4256.0,2570.2494257065414,540.0,0,1,1,0,0,0,1,0,0,4222
1100,0,2014-07-26,-0.7818314824680299,0.6234898018587334,-0.4999999999999998,-0.8660254037844388,-0.4093559588156211,-0.9123747579707274,4222.0,2423.0,3246.0,3118.5714285714284,3369.0,1498.2103609687906,4269.5,4256.0,2582.346577209876,540.0,0,1,1,0,0,0,1,0,0,2918
1100,0,2014-07-27,-2.4492935982947064e-16,1.0,-0.4999999999999998,-0.8660254037844388,-0.42500033996955394,-0.9051931898913975,2918.0,0.0,0.0,3118.5714285714284,3369.0,1498.2103609687906,4114.666666666667,4005.5,2695.8162391754886,540.0,0,1,1,0,0,0,1,0,0,0
1100,0,2014-07-28,0.7818314824680298,0.6234898018587336,-0.4999999999999998,-0.8660254037844388,-0.4405187843504952,-0.8977433935342336,0.0,3013.0,7328.0,3714.285714285714,3789.0,2140.565012193868,4236.5,4256.0,2750.4264340217305,540.0,1,1,1,0,0,0,1,0,0,7183
1100,0,2014-07-29,0.9749279121818236,-0.22252093395631434,-0.4999999999999998,-0.8660254037844388,-0.455906693508459,-0.8900275764346766,7183.0,4519.0,6705.0,3991.8571428571427,3789.0,2375.4002770460493,4451.9,4332.0,2658.710633189415,540.0,1,1,1,0,0,0,1,0,0,6462
1100,0,2014-07-30,0.43388373911755823,-0.900968867902419,-0.4999999999999998,-0.8660254037844388,-0.47115950767386394,-0.8820480249558535,6462.0,3789.0,5647.0,4224.857142857143,4222.0,2431.5145094207824,4209.2,4332.0,2166.4844620116496,540.0,1,1,1,0,0,0,1,0,0,5420
1100,0,2014-07-31,-0.433883739117558,-0.9009688679024191,-0.4999999999999998,-0.8660254037844388,-0.4862727071086902,-0.8738071036110807,5420.0,3369.0,5864.0,4603.285714285715,5420.0,2481.7329103058664,4192.666666666667,4332.0,2150.1198576588295,540.0,1,1,1,0,0,0,1,0,0,6018
1100,0,2014-08-01,-0.9749279121818236,-0.2225209339563146,-0.8660254037844384,-0.5000000000000004,-0.5012418134457756,-0.8653072543632061,6018.0,4222.0,5292.0,4899.857142857143,6018.0,2551.632969203017,4195.5,4332.0,2152.9281383653965,540.0,1,1,1,0,0,0,1,0,0,6298
1100,0,2014-08-02,-0.7818314824680299,0.6234898018587334,-0.8660254037844384,-0.5000000000000004,-0.5160623910158526,-0.8565509959010037,6298.0,2918.0,2423.0,4939.428571428572,6018.0,2517.6974836241975,4091.3,4256.0,2121.9331483830656,540.0,0,1,1,0,0,0,1,0,0,3195
1100,0,2014-08-03,-2.4492935982947064e-16,1.0,-0.8660254037844384,-0.5000000000000004,-0.5307300481619331,-0.8475409228928312,3195.0,0.0,0.0,4939.428571428572,6018.0,2517.6974836241975,3893.3,4005.5,2218.420782666239,540.0,0,1,1,0,0,0,1,0,0,0
1100,0,2014-08-04,0.7818314824680298,0.6234898018587336,-0.8660254037844384,-0.5000000000000004,-0.5452404385406507,-0.8382797052177745,0.0,7183.0,3013.0,5134.285714285715,6018.0,2761.27921528445,4057.9666666666667,4256.0,2374.3008768947043,540.0,1,1,1,0,0,0,1,0,0,8547
1100,0,2014-08-05,0.9749279121818236,-0.22252093395631434,-0.8660254037844384,-0.5000000000000004,-0.5595892624101763,-0.828770087174504,8547.0,6462.0,4519.0,5129.714285714285,6018.0,2758.74009373154,4272.3,4332.0,2283.849746703407,540.0,1,1,1,0,0,0,1,0,0,6430
1100,0,2014-08-06,0.43388373911755823,-0.900968867902419,-0.8660254037844384,-0.5000000000000004,-0.5737722679043243,-0.8190148866680802,6430.0,5420.0,3789.0,5126.142857142857,6018.0,2758.317810343316,4306.333333333333,4404.5,2293.0064940180982,540.0,1,1,1,0,0,0,1,0,0,5395
1100,0,2014-08-07,-0.433883739117558,-0.9009688679024191,-0.8660254037844384,-0.5000000000000004,-0.5877852522924734,-0.8090169943749472,5395.0,6018.0,3369.0,5007.857142857143,5395.0,2731.3193044492514,4357.4,4767.0,2295.1281325511136,540.0,1,1,1,0,0,0,1,0,0,5190
1100,0,2014-08-08,-0.9749279121818236,-0.2225209339563146,-0.8660254037844384,-0.5000000000000004,-0.6016240632249227,-0.7987793728863648,5190.0,6298.0,4222.0,4854.428571428572,5224.0,2676.3811921537413,4433.4,5102.5,2284.4360746823977,540.0,1,1,1,0,0,0,1,0,0,5224
1100,0,2014-08-09,-0.7818314824680299,0.6234898018587334,-0.8660254037844384,-0.5000000000000004,-0.6152845999633277,-0.7883050558305253,5224.0,3195.0,2918.0,4829.428571428572,5224.0,2695.2163708530493,4366.9,4854.5,2295.9302126544017,540.0,0,1,1,0,0,0,1,0,0,3020
1100,0,2014-08-10,-2.4492935982947064e-16,1.0,-0.8660254037844384,-0.5000000000000004,-0.6287628145958345,-0.7775971469736268,3020.0,0.0,0.0,4829.428571428572,5224.0,2695.2163708530493,4223.9,4854.5,2430.538486525719,540.0,0,1,1,0,0,0,1,0,0,0
1100,0,2014-08-11,0.7818314824680298,0.6234898018587336,-0.8660254037844384,-0.5000000000000004,-0.6420547132365636,-0.7666588193001592,0.0,8547.0,7183.0,4241.857142857143,5190.0,2141.046973528868,4263.5,4854.5,2423.724773125456,540.0,0,1,1,0,0,0,1,0,0,4434
1100,0,2014-08-12,0.9749279121818236,-0.22252093395631434,-0.8660254037844384,-0.5000000000000004,-0.655156357209085,-0.7554933140726804,4434.0,6430.0,6462.0,3947.8571428571427,4434.0,1920.4343630692292,4409.233333333334,4854.5,2286.0597434395036,540.0,0,1,1,0,0,0,1,0,0,4372
1100,0,2014-08-13,0.43388373911755823,-0.900968867902419,-0.8660254037844384,-0.5000000000000004,-0.6680638642135333,-0.7441039398713608,4372.0,5395.0,5420.0,3651.285714285714,4372.0,1817.2307424838864,4275.6,4476.5,2225.9417162490813,540.0,0,1,1,0,0,0,1,0,0,3319
1100,0,2014-08-14,-0.433883739117558,-0.9009688679024191,-0.8660254037844384,-0.5000000000000004,-0.6807734094770159,-0.7324940716135792,3319.0,5190.0,6018.0,3434.285714285714,3671.0,1689.037666274852,4174.466666666666,4403.0,2180.2119279039566,540.0,0,1,1,0,0,0,1,0,0,3671
1100,0,2014-08-15,-0.9749279121818236,-0.2225209339563146,-0.8660254037844384,-0.5000000000000004,-0.6932812268869771,-0.7206671495538615,3671.0,5224.0,6298.0,3306.4285714285716,3671.0,1559.9195339442704,4130.533333333334,4350.5,2162.725128537875,540.0,0,1,1,0,0,0,1,0,0,4329
1100,0,2014-08-16,-0.7818314824680299,0.6234898018587334,-0.8660254037844384,-0.5000000000000004,-0.7055836101071774,-0.7086266782644601,4329.0,3020.0,3195.0,3295.4285714285716,3671.0,1562.545237440368,4033.1666666666665,4275.5,2147.692748900115,540.0,0,1,1,0,0,0,1,0,0,2943
1100,0,2014-08-17,-2.4492935982947064e-16,1.0,-0.8660254037844384,-0.5000000000000004,-0.7176769136759615,-0.6963762255968726,2943.0,0.0,0.0,3295.4285714285716,3671.0,1562.545237440368,3856.766666666667,4005.5,2255.362982993523,540.0,0,1,1,0,0,0,1,0,0,0
1100,0,2014-08-18,0.7818314824680298,0.6234898018587336,-0.8660254037844384,-0.5000000000000004,-0.7295575540864876,-0.6839194216246105,0.0,4434.0,8547.0,3944.285714285714,3671.0,2666.9184285916726,4075.2,4275.5,2422.827308232515,540.0,1,1,1,0,0,0,1,0,0,8976
1100,0,2014-08-19,0.9749279121818236,-0.22252093395631434,-0.8660254037844384,-0.5000000000000004,-0.7412220108485957,-0.6712599575675315,8976.0,4372.0,6430.0,4308.714285714285,3671.0,2899.277652237172,4305.966666666666,4350.5,2349.892036893918,540.0,1,1,1,0,0,0,1,0,0,6923
1100,0,2014-08-20,0.43388373911755823,-0.900968867902419,-0.8660254037844384,-0.5000000000000004,-0.7526668275320083,-0.6584015846980489,6923.0,3319.0,5395.0,4727.0,4329.0,2943.567619969571,4413.766666666666,4403.0,2362.6767940904037,540.0,1,1,1,0,0,0,1,0,0,6247
1100,0,2014-08-21,-0.433883739117558,-0.9009688679024191,-0.8660254037844384,-0.5000000000000004,-0.7638886127905429,-0.64534811322955,6247.0,3671.0,5190.0,4976.571428571428,5418.0,2913.0134944842976,4443.733333333334,4403.0,2369.748116010077,540.0,1,1,1,0,0,0,1,0,0,5418
1100,0,2014-08-22,-0.9749279121818236,-0.2225209339563146,-0.8660254037844384,-0.5000000000000004,-0.7748840413670406,-0.6321034111873488,5418.0,4329.0,5224.0,5256.142857142857,6247.0,2934.337485053565,4526.966666666666,4812.0,2389.725961541269,540.0,1,1,1,0,0,0,1,0,0,6286
1100,0,2014-08-23,-0.7818314824680299,0.6234898018587334,-0.8660254037844384,-0.5000000000000004,-0.7856498550787144,-0.6186714032625032,6286.0,2943.0,3020.0,5265.0,6247.0,2926.2741954004705,4514.833333333333,4812.0,2396.7218572290603,540.0,0,1,1,0,0,0,1,0,0,3005
1100,0,2014-08-24,-2.4492935982947064e-16,1.0,-0.8660254037844384,-0.5000000000000004,-0.7961828637826154,-0.6050560696488494,3005.0,0.0,0.0,5265.0,6247.0,2926.2741954004705,4374.1,4812.0,2534.5052343127236,540.0,0,1,1,0,0,0,1,0,0,0
1100,0,2014-08-25,0.7818314824680298,0.6234898018587336,-0.8660254037844384,-0.5000000000000004,-0.8064799463209447,-0.5912614448635782,0.0,8976.0,4434.0,4566.0,5418.0,2435.291905843456,4412.933333333333,4812.0,2520.310995223338,540.0,0,1,1,0,0,0,1,0,0,4083
1100,0,2014-08-26,0.9749279121818236,-0.22252093395631434,-0.8660254037844384,-0.5000000000000004,-0.8165380514459157,-0.5772916165517278,4083.0,6923.0,4372.0,4062.0,4083.0,2221.9195905042643,4526.1,4812.0,2388.0815031144175,540.0,0,1,1,0,0,0,1,0,0,3395
1100,0,2014-08-27,0.43388373911755823,-0.900968867902419,-0.8660254037844384,-0.5000000000000004,-0.8263541987239095,-0.5631507242749187,3395.0,6247.0,3319.0,3680.4285714285716,3576.0,2002.6796096848793,4405.866666666667,4403.0,2340.018828885828,540.0,0,1,1,0,0,0,1,0,0,3576
1100,0,2014-08-28,-0.433883739117558,-0.9009688679024191,-0.8660254037844384,-0.5000000000000004,-0.8359254794186365,-0.5488429582847199,3576.0,5418.0,3671.0,3471.4285714285716,3576.0,1862.5619324953757,4322.3,4350.5,2308.6124381660825,540.0,0,1,1,0,0,0,1,0,0,3955
1100,0,2014-08-29,-0.9749279121818236,-0.2225209339563146,-0.8660254037844384,-0.5000000000000004,-0.8452490573530634,-0.5343725582809785,3955.0,6286.0,4329.0,3247.4285714285716,3576.0,1532.7381660656315,4298.9,4350.5,2300.6465110845447,540.0,0,1,1,0,0,0,1,0,0,4718
1100,0,2014-08-30,-0.7818314824680299,0.6234898018587334,-0.8660254037844384,-0.5000000000000004,-0.8543221697498269,-0.5197438121555157,4718.0,3005.0,2943.0,3267.285714285714,3576.0,1529.9718640425565,4203.1,4206.0,2286.3871266921137,540.0,0,1,1,0,0,0,1,0,0,3144
1100,0,2014-08-31,-2.4492935982947064e-16,1.0,-0.8660254037844384,-0.5000000000000004,-0.8631421280499115,-0.5049610547215202,3144.0,0.0,0.0,3267.285714285714,3576.0,1529.9718640425563,3993.1666666666665,4019.0,2374.829940674996,540.0,0,1,1,0,0,0,1,0,0,0
1100,0,2014-09-01,0.7818314824680298,0.6234898018587336,-1.0,-1.8369701987210297e-16,-0.8717063187093218,-0.4900286664290594,0.0,4083.0,8976.0,4028.285714285714,3576.0,2800.5530831299275,4200.333333333333,4206.0,2566.173675598225,540.0,1,1,1,0,0,0,1,0,0,9410
1100,0,2014-09-02,0.9749279121818236,-0.22252093395631434,-1.0,-1.8369701987210297e-16,-0.8800122039735356,-0.4749510720670502,9410.0,3395.0,6923.0,4604.571428571428,3955.0,3052.2575173764317,4447.966666666666,4350.5,2504.5750755757704,540.0,1,1,1,0,0,0,1,0,0,7429
1100,0,2014-09-03,0.43388373911755823,-0.900968867902419,-1.0,-1.8369701987210297e-16,-0.888057322629493,-0.4597327394521046,7429.0,3576.0,6247.0,5006.571428571428,4718.0,3079.399933815182,4376.066666666667,4350.5,2412.098270047841,540.0,1,1,1,0,0,0,1,0,0,6390
1100,0,2014-09-04,-0.433883739117558,-0.9009688679024191,-1.0,-1.8369701987210297e-16,-0.8958392907349089,-0.44437817810461344,6390.0,3955.0,5418.0,5294.285714285715,5969.0,3058.7915214065465,4360.7,4350.5,2400.0002464080276,540.0,1,1,1,0,0,0,1,0,0,5969
1100,0,2014-09-05,-0.9749279121818236,-0.2225209339563146,-1.0,-1.8369701987210297e-16,-0.9033558023246842,-0.4288919379124841,5969.0,4718.0,6286.0,5457.428571428572,5969.0,3053.382051493222,4376.2,4350.5,2408.397312279076,540.0,1,1,1,0,0,0,1,0,0,5860
1100,0,2014-09-06,-0.7818314824680299,0.6234898018587334,-1.0,-1.8369701987210297e-16,-0.9106046300942162,-0.41327860778290443,5860.0,3144.0,3005.0,5414.285714285715,5969.0,3093.389118441979,4297.933333333333,4206.0,2419.166854779624,540.0,0,1,1,0,0,0,1,0,0,2842
1100,0,2014-09-07,-2.4492935982947064e-16,1.0,-1.0,-1.8369701987210297e-16,-0.9175836260593934,-0.3975428142825566,2842.0,0.0,0.0,5414.285714285715,5969.0,3093.389118441979,4123.8,4019.0,2535.4292216370395,540.0,0,1,1,0,0,0,1,0,0,0
1100,0,2014-09-08,0.7818314824680298,0.6234898018587336,-1.0,-1.8369701987210297e-16,-0.9242907221930934,-0.3816892202666586,0.0,9410.0,4083.0,4618.428571428572,5860.0,2565.684110014508,4151.1,4019.0,2527.5312795226664,540.0,0,1,1,0,0,0,1,0,0,3839
1100,0,2014-09-09,0.9749279121818236,-0.22252093395631434,-1.0,-1.8369701987210297e-16,-0.9307239310379793,-0.3657225234972692,3839.0,7429.0,3395.0,4106.285714285715,3844.0,2249.474213698661,4279.233333333334,4019.0,2404.2645399707767,540.0,0,1,1,0,0,0,1,0,0,3844
1100,0,2014-09-10,0.43388373911755823,-0.900968867902419,-1.0,-1.8369701987210297e-16,-0.9368813462954315,-0.34964745525122826,3844.0,6390.0,3576.0,3683.285714285714,3839.0,2014.5995230058006,4245.733333333334,3899.5,2409.030623949477,540.0,0,1,1,0,0,0,1,0,0,3429
1100,0,2014-09-11,-0.433883739117558,-0.9009688679024191,-1.0,-1.8369701987210297e-16,-0.9427611433904206,-0.33346877891818705,3429.0,5969.0,3955.0,3343.4285714285716,3590.0,1747.7299426344182,4219.666666666667,3841.5,2411.8463857604443,540.0,0,1,1,0,0,0,1,0,0,3590
1100,0,2014-09-12,-0.9749279121818236,-0.2225209339563146,-1.0,-1.8369701987210297e-16,-0.9483615800121716,-0.31719128858910595,3590.0,5860.0,4718.0,3116.4285714285716,3590.0,1443.024238320653,4251.4,3899.5,2405.842824573479,540.0,0,1,1,0,0,0,1,0,0,4271
1100,0,2014-09-13,-0.7818314824680299,0.6234898018587334,-1.0,-1.8369701987210297e-16,-0.9536809966304455,-0.300819807635668,4271.0,2842.0,3144.0,3114.8571428571427,3590.0,1443.3788401491913,4223.4,3899.5,2417.6895724979845,540.0,0,1,1,0,0,0,1,0,0,2831
1100,0,2014-09-14,-2.4492935982947064e-16,1.0,-1.0,-1.8369701987210297e-16,-0.9587178169872964,-0.2843591872810036,2831.0,0.0,0.0,3114.8571428571427,3590.0,1443.3788401491913,4079.1,3841.5,2537.394432660504,540.0,0,1,1,0,0,0,1,0,0,0
1100,0,2014-09-15,0.7818314824680298,0.6234898018587336,-1.0,-1.8369701987210297e-16,-0.9634705485641486,-0.26781430516217486,0.0,3839.0,9410.0,3740.1428571428573,3590.0,2424.199347452771,4254.866666666667,3899.5,2636.6720499240223,540.0,1,1,1,0,0,0,1,0,0,8216
1100,0,2014-09-16,0.9749279121818236,-0.22252093395631434,-1.0,-1.8369701987210297e-16,-0.9679377830240642,-0.25119006388481957,8216.0,3844.0,7429.0,4116.714285714285,3590.0,2638.302592848012,4470.866666666667,4019.0,2539.731138815925,540.0,1,1,1,0,0,0,1,0,0,6480
1100,0,2014-09-17,0.43388373911755823,-0.900968867902419,-1.0,-1.8369701987210297e-16,-0.9721181966290612,-0.23449138957041052,6480.0,3429.0,6390.0,4412.142857142857,4271.0,2664.117579272817,4354.9,4019.0,2402.65706867525,540.0,1,1,1,0,0,0,1,0,0,5497
1100,0,2014-09-18,-0.433883739117558,-0.9009688679024191,-1.0,-1.8369701987210297e-16,-0.9760105506323682,-0.21772323039653224,5497.0,3590.0,5969.0,4634.142857142857,5144.0,2648.894198753597,4295.6,4019.0,2358.638672244409,540.0,1,1,1,0,0,0,1,0,0,5144
1100,0,2014-09-19,-0.9749279121818236,-0.2225209339563146,-1.0,-1.8369701987210297e-16,-0.9796136916454901,-0.20089055513063528,5144.0,4271.0,5860.0,4877.0,5497.0,2687.697279580916,4286.4,4019.0,2351.291495444939,540.0,1,1,1,0,0,0,1,0,0,5971
1100,0,2014-09-20,-0.7818314824680299,0.6234898018587334,-1.0,-1.8369701987210297e-16,-0.9829265519799822,-0.18399835165767986,5971.0,2831.0,2842.0,4909.428571428572,5497.0,2660.124800151478,4207.733333333334,3899.5,2351.605276127908,540.0,0,1,1,0,0,0,1,0,0,3058
1100,0,2014-09-21,-2.4492935982947064e-16,1.0,-1.0,-1.8369701987210297e-16,-0.9859481499638303,-0.1670516255021195,3058.0,0.0,0.0,4909.428571428572,5497.0,2660.124800151478,3998.2,3841.5,2438.485078047852,540.0,0,1,1,0,0,0,1,0,0,0
1100,0,2014-09-22,0.7818314824680298,0.6234898018587336,-1.0,-1.8369701987210297e-16,-0.9886775902323404,-0.15005539834465262,0.0,8216.0,3839.0,4214.285714285715,5144.0,2257.336979295562,4009.7,3841.5,2434.4497664805513,540.0,0,1,1,0,0,0,1,0,0,3350
1100,0,2014-09-23,0.9749279121818236,-0.22252093395631434,-1.0,-1.8369701987210297e-16,-0.9911140639934546,-0.13301470653419636,3350.0,6480.0,3844.0,3810.0,3650.0,2025.4320526741856,4131.366666666667,3841.5,2315.4461174876164,540.0,0,1,1,0,0,0,1,0,0,3650
1100,0,2014-09-24,0.43388373911755823,-0.900968867902419,-1.0,-1.8369701987210297e-16,-0.9932568492674143,-0.11593459959550066,3650.0,5497.0,3429.0,3508.0,3383.0,1884.683085649492,4108.033333333334,3744.5,2319.47386250644,540.0,0,1,1,0,0,0,1,0,0,3383
1100,0,2014-09-25,-0.433883739117558,-0.9009688679024191,-1.0,-1.8369701987210297e-16,-0.9951053111006974,-0.09882013873287211,3383.0,5144.0,3590.0,3291.0,3383.0,1747.367162333078,4115.7,3744.5,2317.414971099443,540.0,0,1,1,0,0,0,1,0,0,3625
1100,0,2014-09-26,-0.9749279121818236,-0.2225209339563146,-1.0,-1.8369701987210297e-16,-0.99665890175417,-0.08167639533042288,3625.0,5971.0,4271.0,2957.8571428571427,3383.0,1321.7139666069038,4117.8,3744.5,2316.9375358061675,540.0,0,1,1,0,0,0,1,0,0,3639
1100,0,2014-09-27,-0.7818314824680299,0.6234898018587334,-1.0,-1.8369701987210297e-16,-0.9979171608653922,-0.06450844944931625,3639.0,3058.0,2831.0,2869.0,3383.0,1334.7037124395601,4067.1666666666665,3644.5,2337.1277846128064,540.0,0,1,1,0,0,0,1,0,0,2436
1100,0,2014-09-28,-2.4492935982947064e-16,1.0,-1.0,-1.8369701987210297e-16,-0.9988797155850335,-0.04732138832243232,2436.0,0.0,0.0,2869.0,3383.0,1334.7037124395601,3909.9,3632.0,2447.9343769376396,540.0,0,1,1,0,0,0,1,0,0,0
1100,0,2014-09-29,0.7818314824680298,0.6234898018587336,-1.0,-1.8369701987210297e-16,-0.9995462806873573,-0.03012030484690836,0.0,3350.0,8216.0,3493.714285714286,3625.0,2283.5164194932336,4062.5333333333333,3644.5,2539.571776736261,540.0,1,1,1,0,0,0,1,0,0,7723
1100,0,2014-09-30,0.9749279121818236,-0.22252093395631434,-1.0,-1.8369701987210297e-16,-0.9999166586547379,-0.012910296075008843,7723.0,3650.0,6480.0,4270.714285714285,3625.0,3118.316250494041,4365.5,3744.5,2580.0350538917714,540.0,1,1,1,0,0,0,1,0,0,9089
1100,0,2014-10-01,0.43388373911755823,-0.900968867902419,-0.8660254037844386,0.5000000000000001,-0.9999907397361901,0.004303538296243821,9089.0,3383.0,5497.0,4634.857142857143,3639.0,3146.0825073187652,4249.566666666667,3744.5,2418.638626530862,540.0,1,1,1,0,0,0,1,0,0,5932
1100,0,2014-10-02,-0.433883739117558,-0.9009688679024191,-0.8660254037844386,0.5000000000000001,-0.9997685019798909,0.021516097436222233,5932.0,3625.0,5144.0,5170.285714285715,5932.0,3262.3570065361077,4247.7,3744.5,2416.120474702334,540.0,1,1,1,0,0,0,1,0,0,7373
1100,0,2014-10-03,-0.9749279121818236,-0.2225209339563146,-0.8660254037844386,0.5000000000000001,-0.9992500112396835,0.03872228089217399,7373.0,3639.0,5971.0,4650.428571428572,5932.0,3793.703065921335,4034.7,3644.5,2500.9235694039044,540.0,1,1,1,0,0,0,1,0,0,0
1100,0,2014-10-04,-0.7818314824680299,0.6234898018587334,-0.8660254037844386,0.5000000000000001,-0.9984354211555643,0.05591699010060302,0.0,2436.0,3058.0,4912.142857142857,5932.0,3676.869022622889,3978.0,3644.5,2474.7024063511085,540.0,0,1,1,0,0,0,1,0,0,4268
1100,0,2014-10-05,-2.4492935982947064e-16,1.0,-0.8660254037844386,0.5000000000000001,-0.9973249731081555,0.07309512989807776,4268.0,0.0,0.0,4912.142857142857,5932.0,3676.869022622889,3782.6666666666665,3632.0,2551.1208805398464,540.0,0,1,1,0,0,0,1,0,0,0
1100,0,2014-10-06,0.7818314824680298,0.6234898018587336,-0.8660254037844386,0.5000000000000001,-0.9959189961471792,0.0902516100310407,0.0,7723.0,3350.0,5050.714285714285,5932.0,3816.100615125589,3977.7,3644.5,2696.253430608653,540.0,1,1,1,0,0,0,1,0,0,8693
1100,0,2014-10-07,0.9749279121818236,-0.22252093395631434,-0.8660254037844386,0.5000000000000001,-0.994217906893952,0.10738134666416306,8693.0,9089.0,3650.0,4694.285714285715,5932.0,3477.5574145409237,4197.5,3744.5,2628.7355128562654,540.0,1,1,1,0,0,0,1,0,0,6594
1100,0,2014-10-08,0.43388373911755823,-0.900968867902419,-0.8660254037844386,0.5000000000000001,-0.9922222094179324,0.12447926388678869,6594.0,5932.0,3383.0,4713.285714285715,6065.0,3485.8004204814356,4271.7,3747.0,2649.600661518111,540.0,1,1,1,0,0,0,1,0,0,6065
1100,0,2014-10-09,-0.433883739117558,-0.9009688679024191,-0.8660254037844386,0.5000000000000001,-0.989932495087353,0.141540295217043,6065.0,7373.0,3625.0,4540.571428571428,6065.0,3359.7248824441367,4349.033333333334,3959.0,2670.461570375156,540.0,1,1,1,0,0,0,1,0,0,6164
1100,0,2014-10-10,-0.9749279121818236,-0.2225209339563146,-0.8660254037844386,0.5000000000000001,-0.9873494423939864,0.15855938510313475,6164.0,0.0,3639.0,5369.714285714285,6065.0,2704.737369523192,4428.2,4269.5,2677.441076334146,540.0,1,1,1,0,0,0,1,0,0,5804
1100,0,2014-10-11,-0.7818314824680299,0.6234898018587334,-0.8660254037844386,0.5000000000000001,-0.9844738167520923,0.17553149042142777,5804.0,4268.0,2436.0,5203.285714285715,6065.0,2817.3260203181844,4411.966666666666,4269.5,2684.166222348268,540.0,0,1,1,0,0,0,1,0,0,3103
1100,0,2014-10-12,-2.4492935982947064e-16,1.0,-0.8660254037844386,0.5000000000000001,-0.9813064702716093,0.19245158197082995,3103.0,0.0,0.0,5203.285714285715,6065.0,2817.3260203181844,4269.6,3959.0,2802.5556760288187,540.0,0,1,1,0,0,0,1,0,0,0
1100,0,2014-10-13,0.7818314824680298,0.6234898018587336,-0.8660254037844386,0.5000000000000001,-0.9778483415056568,0.20931464596304888,0.0,8693.0,7723.0,4528.142857142857,5804.0,2372.885966396993,4307.466666666666,4117.5,2790.0946187556374,540.0,0,1,1,0,0,0,1,0,0,3967
1100,0,2014-10-14,0.9749279121818236,-0.22252093395631434,-0.8660254037844386,0.5000000000000001,-0.9741004551724206,0.22611568550828803,3967.0,6594.0,9089.0,4117.285714285715,3967.0,2198.1229654931826,4431.4,4117.5,2672.2496605436836,540.0,0,1,1,0,0,0,1,0,0,3718
1100,0,2014-10-15,0.43388373911755823,-0.900968867902419,-0.8660254037844386,0.5000000000000001,-0.970063921851507,0.2428497220959358,3718.0,6065.0,5932.0,3764.4285714285716,3718.0,2024.7675469168269,4277.366666666667,3842.5,2578.09879807653,540.0,0,1,1,0,0,0,1,0,0,3595
1100,0,2014-10-16,-0.433883739117558,-0.9009688679024191,-0.8660254037844386,0.5000000000000001,-0.965739937654855,0.25951179706979943,3595.0,6164.0,7373.0,3400.1428571428573,3614.0,1728.865661695678,4181.833333333333,3684.0,2546.572220596269,540.0,0,1,1,0,0,0,1,0,0,3614
1100,0,2014-10-17,-0.9749279121818236,-0.2225209339563146,-0.8660254037844386,0.5000000000000001,-0.9611297838723007,0.27609697309746883,3614.0,5804.0,0.0,3203.8571428571427,3614.0,1468.913365787932,4146.266666666666,3684.0,2534.9953809837925,540.0,0,1,1,0,0,0,1,0,0,4430
1100,0,2014-10-18,-0.7818314824680299,0.6234898018587334,-0.8660254037844386,0.5000000000000001,-0.9562348265919058,0.2926003356333479,4430.0,3103.0,4268.0,3281.4285714285716,3646.0,1477.0147660221867,4096.333333333333,3648.0,2529.4120937937046,540.0,0,1,1,0,0,0,1,0,0,3646
1100,0,2014-10-19,-2.4492935982947064e-16,1.0,-0.8660254037844386,0.5000000000000001,-0.9510565162951536,0.30901699437494723,3646.0,0.0,0.0,3281.4285714285716,3646.0,1477.0147660221867,3897.3,3642.5,2610.4365092768458,540.0,0,1,1,0,0,0,1,0,0,0
1100,0,2014-10-20,0.7818314824680298,0.6234898018587336,-0.8660254037844386,0.5000000000000001,-0.9455963874271428,0.3253420847119795,0.0,3967.0,8693.0,3706.5714285714284,3646.0,2031.4735093147494,4026.8,3648.0,2663.1957779562704,540.0,1,1,1,0,0,0,1,0,0,6943
1100,0,2014-10-21,0.9749279121818236,-0.22252093395631434,-0.8660254037844386,0.5000000000000001,-0.9398560579418953,0.341570769167856,6943.0,3718.0,6594.0,4014.8571428571427,3646.0,2190.978352895599,4222.666666666667,3684.0,2571.3222860720016,540.0,1,1,1,0,0,0,1,0,0,5876
1100,0,2014-10-22,0.43388373911755823,-0.900968867902419,-0.8660254037844386,0.5000000000000001,-0.9338372288229252,0.35769823883312546,5876.0,3595.0,6065.0,4194.428571428572,4430.0,2202.314075175078,4272.733333333334,3842.5,2568.3656675595903,540.0,1,1,1,0,0,0,1,0,0,4852
1100,0,2014-10-23,-0.433883739117558,-0.9009688679024191,-0.8660254037844386,0.5000000000000001,-0.9275416835791965,0.3737197147904692,4852.0,3614.0,6164.0,4355.571428571428,4742.0,2194.018068684545,4309.133333333333,4117.5,2566.9734591985666,540.0,1,1,1,0,0,0,1,0,0,4742
1100,0,2014-10-24,-0.9749279121818236,-0.2225209339563146,-0.8660254037844386,0.5000000000000001,-0.9209712877166346,0.38963044953078774,4742.0,4430.0,5804.0,4570.285714285715,4852.0,2274.5811859391947,4394.133333333333,4349.0,2577.446607806246,540.0,1,1,1,0,0,0,1,0,0,5933
1100,0,2014-10-25,-0.7818314824680299,0.6234898018587334,-0.8660254037844386,0.5000000000000001,-0.9141279881853337,0.4054257283599973,5933.0,3646.0,3103.0,4452.285714285715,4852.0,2350.675272787634,4367.3,4349.0,2589.8903471662265,540.0,0,1,1,0,0,0,1,0,0,2820
1100,0,2014-10-26,-2.4492935982947064e-16,1.0,-0.8660254037844386,0.5000000000000001,-0.9070138128026362,0.42110087079608916,2820.0,0.0,0.0,4452.285714285715,4852.0,2350.675272787634,4246.0,4349.0,2707.715069306904,540.0,0,1,1,0,0,0,1,0,0,0
1100,0,2014-10-27,0.7818314824680298,0.6234898018587336,-0.8660254037844386,0.5000000000000001,-0.8996308696522434,0.4366512319560638,0.0,6943.0,3967.0,3956.285714285714,4742.0,2089.3060023434914,4280.5,4349.0,2690.3962245044045,540.0,0,1,1,0,0,0,1,0,0,3471
1100,0,2014-10-28,0.9749279121818236,-0.22252093395631434,-0.8660254037844386,0.5000000000000001,-0.8919813464595487,0.45207220393230374,3471.0,5876.0,3718.0,3660.5714285714284,3806.0,1911.210424237543,4407.366666666667,4349.0,2568.565539340008,540.0,0,1,1,0,0,0,1,0,0,3806
1100,0,2014-10-29,0.43388373911755823,-0.900968867902419,-0.8660254037844386,0.5000000000000001,-0.8840675099433637,0.46735921715800205,3806.0,4852.0,3595.0,3490.714285714286,3663.0,1839.1526775742495,4272.033333333334,4117.5,2493.713080906668,540.0,0,1,1,0,0,0,1,0,0,3663
1100,0,2014-10-30,-0.433883739117558,-0.9009688679024191,-0.8660254037844386,0.5000000000000001,-0.8758917051442433,0.48250774176121763,3663.0,4742.0,3614.0,3455.1428571428573,3663.0,1813.1417878525392,4118.833333333333,4117.5,2322.907617373223,540.0,0,1,1,0,0,0,1,0,0,4493
1100,0,2014-10-31,-0.9749279121818236,-0.2225209339563146,-0.8660254037844386,0.5000000000000001,-0.867456354729597,0.4975132889071803,4493.0,5933.0,4430.0,3378.5714285714284,3663.0,1698.7686576991318,4101.0,4117.5,2310.528302030236,540.0,0,1,1,0,0,0,1,0,0,5397
1100,0,2014-11-01,-0.7818314824680299,0.6234898018587334,-0.5000000000000004,0.8660254037844384,-0.858763958275803,0.5123714121284235,5397.0,2820.0,3646.0,2975.714285714286,3663.0,2132.352981589865,3855.233333333333,3886.5,2342.396866803138,540.0,0,1,1,0,0,0,1,0,0,0
1100,0,2014-11-02,-2.4492935982947064e-16,1.0,-0.5000000000000004,0.8660254037844384,-0.8498170915275277,0.5270777086423724,0.0,0.0,0.0,2975.714285714286,3663.0,2132.352981589865,3855.233333333333,3886.5,2342.396866803138,540.0,0,1,1,0,0,0,1,0,0,0
1100,0,2014-11-03,0.7818314824680298,0.6234898018587336,-0.5000000000000004,0.8660254037844384,-0.8406184056344783,0.5416278206559811,0.0,3471.0,6943.0,3817.1428571428573,3806.0,3236.565228168659,4025.0,3886.5,2548.8086331217232,540.0,1,1,1,0,0,0,1,0,0,9361
1100,0,2014-11-04,0.9749279121818236,-0.22252093395631434,-0.5000000000000004,0.8660254037844384,-0.8311706263658079,0.5560174366570446,9361.0,3806.0,5876.0,4245.714285714285,4493.0,3427.816492282205,4251.866666666667,4198.5,2480.1669817718384,540.0,1,1,1,0,0,0,1,0,0,6806
1100,0,2014-11-05,0.43388373911755823,-0.900968867902419,-0.5000000000000004,0.8660254037844384,-0.8214765533024145,0.5702422926917867,6806.0,3663.0,4852.0,4711.714285714285,5397.0,3554.773303333874,4192.933333333333,4198.5,2390.3787166880834,540.0,1,1,1,0,0,0,1,0,0,6925
1100,0,2014-11-06,-0.433883739117558,-0.9009688679024191,-0.5000000000000004,0.8660254037844384,-0.8115390590073611,0.5842981736283683,6925.0,4493.0,4742.0,4931.714285714285,6033.0,3586.494096574243,4174.233333333334,4198.5,2373.079153297685,540.0,1,1,1,0,0,0,1,0,0,6033
1100,0,2014-11-07,-0.9749279121818236,-0.2225209339563146,-0.5000000000000004,0.8660254037844384,-0.8013610881746769,0.5981809144059159,6033.0,5397.0,5933.0,5096.571428571428,6551.0,3637.6042874921054,4190.433333333333,4198.5,2388.043372842017,540.0,1,1,1,0,0,0,1,0,0,6551
1100,0,2014-11-08,-0.7818314824680299,0.6234898018587334,-0.5000000000000004,0.8660254037844384,-0.7909456567567774,0.6118864012687242,6551.0,0.0,2820.0,5554.571428571428,6551.0,3042.035001833634,4091.8333333333335,3886.5,2364.6992093233926,540.0,0,1,1,0,0,0,1,0,0,3206
1100,0,2014-11-09,-2.4492935982947064e-16,1.0,-0.5000000000000004,0.8660254037844384,-0.780295851070776,0.6254105729852457,3206.0,0.0,0.0,5554.571428571428,6551.0,3042.035001833634,3898.366666666667,3762.0,2455.472234704001,540.0,0,1,1,0,0,0,1,0,0,0
1100,0,2014-11-10,0.7818314824680298,0.6234898018587336,-0.5000000000000004,0.8660254037844384,-0.7694148268839381,0.6387494220515268,0.0,9361.0,3471.0,5244.571428571428,6551.0,2678.312955148125,4034.633333333333,3886.5,2522.3329442421273,540.0,1,1,1,0,0,0,1,0,0,7191
1100,0,2014-11-11,0.9749279121818236,-0.22252093395631434,-0.5000000000000004,0.8660254037844384,-0.7583058084785625,0.6518989958787125,7191.0,6806.0,3806.0,5227.0,6551.0,2666.740144821013,4257.4,4198.5,2447.726398954323,540.0,1,1,1,0,0,0,1,0,0,6683
1100,0,2014-11-12,0.43388373911755823,-0.900968867902419,-0.5000000000000004,0.8660254037844384,-0.7469720876965551,0.6648553979642867,6683.0,6925.0,3663.0,5034.0,6033.0,2570.521347898125,4310.966666666666,4461.5,2458.7114158511463,540.0,1,1,1,0,0,0,1,0,0,5574
1100,0,2014-11-13,-0.433883739117558,-0.9009688679024191,-0.5000000000000004,0.8660254037844384,-0.7354170229639858,0.6776147890466887,5574.0,6033.0,4493.0,4928.0,5574.0,2537.5472409395634,4363.4,4617.5,2462.399805068212,540.0,1,1,1,0,0,0,1,0,0,5291
1100,0,2014-11-14,-0.9749279121818236,-0.2225209339563146,-0.5000000000000004,0.8660254037844384,-0.7236440382959123,0.690173388242972,5291.0,6551.0,5397.0,4803.571428571428,5574.0,2465.017704949454,4432.9,4797.0,2469.3783993771212,540.0,1,1,1,0,0,0,1,0,0,5680
1100,0,2014-11-15,-0.7818314824680299,0.6234898018587334,-0.5000000000000004,0.8660254037844384,-0.7116566222817751,0.7025274741691566,5680.0,3206.0,0.0,4784.428571428572,5574.0,2479.966858457509,4414.833333333333,4797.0,2477.5455051088416,540.0,0,1,1,0,0,0,1,0,0,3072
1100,0,2014-11-16,-2.4492935982947064e-16,1.0,-0.5000000000000004,0.8660254037844384,-0.6994583270516471,0.7146733860429608,3072.0,0.0,0.0,4784.428571428572,5574.0,2479.966858457509,4267.166666666667,4797.0,2605.333257964792,540.0,0,1,1,0,0,0,1,0,0,0
1100,0,2014-11-17,0.7818314824680298,0.6234898018587336,-0.5000000000000004,0.8660254037844384,-0.6870527672236675,0.726607524768565,0.0,7191.0,9361.0,4377.571428571428,5291.0,2241.5009002260654,4290.4,4797.0,2602.709392020229,540.0,0,1,1,0,0,0,1,0,0,4343
1100,0,2014-11-18,0.9749279121818236,-0.22252093395631434,-0.5000000000000004,0.8660254037844384,-0.6744436188329457,0.7383263540031063,4343.0,6683.0,6806.0,3979.5714285714284,4343.0,1998.0439482272623,4420.3,4797.0,2475.325128766606,540.0,0,1,1,0,0,0,1,0,0,3897
1100,0,2014-11-19,0.43388373911755823,-0.900968867902419,-0.5000000000000004,0.8660254037844384,-0.661634618242279,0.749826401204568,3897.0,5574.0,6925.0,3730.4285714285716,3897.0,1870.772644046905,4316.533333333334,4617.5,2430.77406052749,540.0,0,1,1,0,0,0,1,0,0,3830
1100,0,2014-11-20,-0.433883739117558,-0.9009688679024191,-0.5000000000000004,0.8660254037844384,-0.6486295610349818,0.7611042586607742,3830.0,5291.0,6033.0,3534.5714285714284,3897.0,1747.892812993475,4251.333333333333,4418.0,2413.675010740102,540.0,0,1,1,0,0,0,1,0,0,3920
1100,0,2014-11-21,-0.9749279121818236,-0.2225209339563146,-0.5000000000000004,0.8660254037844384,-0.6354323008901775,0.7721565844991641,3920.0,5680.0,6551.0,3299.285714285714,3897.0,1504.9267661346591,4224.033333333334,4188.0,2411.2773476160733,540.0,0,1,1,0,0,0,1,0,0,4033
1100,0,2014-11-22,-0.7818314824680299,0.6234898018587334,-0.5000000000000004,0.8660254037844384,-0.622046748440868,0.7829801036770625,4033.0,3072.0,3206.0,3363.5714285714284,3897.0,1503.2099938845004,4183.366666666667,3976.5,2412.5279556476803,540.0,0,1,1,0,0,0,1,0,0,3522
1100,0,2014-11-23,-2.4492935982947064e-16,1.0,-0.5000000000000004,0.8660254037844384,-0.6084768701151264,0.7935716089521472,3522.0,0.0,0.0,3363.5714285714284,3897.0,1503.2099938845001,3985.6,3908.5,2505.541673144159,540.0,0,1,1,0,0,0,1,0,0,0
1100,0,2014-11-24,0.7818314824680298,0.6234898018587336,-0.5000000000000004,0.8660254037844384,-0.594726686960764,0.8039279618328208,0.0,4343.0,7191.0,4060.714285714286,3897.0,2693.4923868641636,4199.033333333334,3976.5,2670.1385406822524,540.0,1,1,1,0,0,0,1,0,0,9223
1100,0,2014-11-25,0.9749279121818236,-0.22252093395631434,-0.5000000000000004,0.8660254037844384,-0.5808002734538014,0.8140460935082175,9223.0,3897.0,6683.0,4515.857142857143,3920.0,2920.808417120813,4435.133333333333,4188.0,2598.2264605360815,540.0,1,1,1,0,0,0,1,0,0,7083
1100,0,2014-11-26,0.43388373911755823,-0.900968867902419,-0.5000000000000004,0.8660254037844384,-0.5667017562911184,0.8239230057575536,7083.0,3830.0,5574.0,4743.428571428572,4033.0,2920.522719031807,4500.2,4418.0,2597.6910092061207,540.0,1,1,1,0,0,0,1,0,0,5423
1100,0,2014-11-27,-0.433883739117558,-0.9009688679024191,-0.5000000000000004,0.8660254037844384,-0.5524353131676203,0.8335557718385695,5423.0,3920.0,5291.0,5064.571428571428,5423.0,2938.4280864175685,4578.933333333333,4892.0,2611.682202419879,540.0,1,1,1,0,0,0,1,0,0,6168
1100,0,2014-11-28,-0.9749279121818236,-0.2225209339563146,-0.5000000000000004,0.8660254037844384,-0.5380051715382992,0.8429415373547832,6168.0,4033.0,5680.0,5553.285714285715,6168.0,3021.575070184739,4705.3,5344.0,2657.1546377592495,540.0,1,1,1,0,0,0,1,0,0,7454
1100,0,2014-11-29,-0.7818314824680299,0.6234898018587334,-0.5000000000000004,0.8660254037844384,-0.5234156073655503,0.8520775211013093,7454.0,3522.0,3072.0,5682.428571428572,6168.0,2938.463365839527,4703.066666666667,5344.0,2657.367376693071,540.0,0,1,1,0,0,0,1,0,0,4426
1100,0,2014-11-30,-2.4492935982947064e-16,1.0,-0.5000000000000004,0.8660254037844384,-0.5086709438521042,0.8609610158889945,4426.0,0.0,0.0,5682.428571428572,6168.0,2938.463365839527,4523.166666666667,4858.5,2788.2315008440064,540.0,0,1,1,0,0,0,1,0,0,0
1100,0,2014-12-01,0.7818314824680298,0.6234898018587336,-2.4492935982947064e-16,1.0,-0.4937755501599774,0.8695893893466109,0.0,9223.0,4343.0,5713.428571428572,6168.0,2982.8501949836996,4837.833333333333,5357.0,2792.8391941477385,540.0,1,1,1,0,0,0,1,0,0,9440
1100,0,2014-12-02,0.9749279121818236,-0.22252093395631434,-2.4492935982947064e-16,1.0,-0.4787338401157883,0.8779600847008883,9440.0,7083.0,3897.0,5870.857142857143,6168.0,3094.183383305492,5110.666666666667,5498.5,2702.2616623772756,540.0,1,1,1,0,0,0,1,0,0,8185
1100,0,2014-12-03,0.43388373911755823,-0.900968867902419,-2.4492935982947064e-16,1.0,-0.4635502709028512,0.8860706215341377,8185.0,5423.0,3830.0,6072.0,6831.0,3105.959701391292,5026.333333333333,5498.5,2602.685447807679,540.0,1,1,1,0,0,0,1,0,0,6831
1100,0,2014-12-04,-0.433883739117558,-0.9009688679024191,-2.4492935982947064e-16,1.0,-0.4482293417404106,0.893918596519257,6831.0,6168.0,3920.0,6132.571428571428,6831.0,3112.271831376715,5019.2,5498.5,2597.9285302478656,540.0,1,1,1,0,0,0,1,0,0,6592
1100,0,2014-12-05,-0.9749279121818236,-0.2225209339563146,-2.4492935982947064e-16,1.0,-0.4327755925504317,0.9015016841318838,6592.0,7454.0,4033.0,6242.142857142857,6831.0,3179.3273622246734,5062.4,5498.5,2641.1283455998514,540.0,1,1,1,0,0,0,1,0,0,8221
1100,0,2014-12-06,-0.7818314824680299,0.6234898018587334,-2.4492935982947064e-16,1.0,-0.41719360261231697,0.9088176373395028,8221.0,4426.0,3522.0,6289.0,6831.0,3150.3851616376514,5019.766666666666,5357.0,2635.2368693290623,540.0,0,1,1,0,0,0,1,0,0,4754
1100,0,2014-12-07,-2.4492935982947064e-16,1.0,-2.4492935982947064e-16,1.0,-0.4014879892059737,0.9158642882672868,4754.0,0.0,0.0,6289.0,6831.0,3150.3851616376514,4801.4,5022.5,2771.8572710430917,540.0,0,1,1,0,0,0,1,0,0,0
1100,0,2014-12-08,0.7818314824680298,0.6234898018587336,-2.4492935982947064e-16,1.0,-0.38566340624360745,0.9226395488404875,0.0,9440.0,9223.0,5570.714285714285,6592.0,2873.2196640868315,4841.6,5022.5,2756.624867853611,540.0,0,1,1,0,0,0,1,0,0,4412
1100,0,2014-12-09,0.9749279121818236,-0.22252093395631434,-2.4492935982947064e-16,1.0,-0.3697245428906732,0.9291414114031743,4412.0,8185.0,7083.0,5094.0,4848.0,2634.0519483614326,5003.2,5069.5,2600.702509866817,540.0,0,1,1,0,0,0,1,0,0,4848
1100,0,2014-12-10,0.43388373911755823,-0.900968867902419,-2.4492935982947064e-16,1.0,-0.3536761221763721,0.935367949313148,4848.0,6831.0,5423.0,4769.714285714285,4754.0,2521.9096411440323,4915.533333333334,4801.0,2568.539511665818,540.0,0,1,1,0,0,0,1,0,0,4561
1100,0,2014-12-11,-0.433883739117558,-0.9009688679024191,-2.4492935982947064e-16,1.0,-0.33752289959411347,0.941317317512847,4561.0,6592.0,6168.0,4459.714285714285,4561.0,2390.524678411669,4840.166666666667,4657.5,2547.978875613902,540.0,0,1,1,0,0,0,1,0,0,4422
1100,0,2014-12-12,-0.9749279121818236,-0.2225209339563146,-2.4492935982947064e-16,1.0,-0.32126966169236515,0.946987753076075,4422.0,8221.0,7454.0,3988.285714285714,4561.0,1770.0023271440073,4818.4,4657.5,2544.280287096985,540.0,0,1,1,0,0,0,1,0,0,4921
1100,0,2014-12-13,-0.7818314824680299,0.6234898018587334,-2.4492935982947064e-16,1.0,-0.3049212246562894,0.9523775757303973,4921.0,4754.0,4426.0,3931.1428571428573,4422.0,1747.4753625894427,4787.166666666667,4493.5,2544.0298887223425,540.0,0,1,1,0,0,0,1,0,0,4354
1100,0,2014-12-14,-2.4492935982947064e-16,1.0,-2.4492935982947064e-16,1.0,-0.2884824328806098,0.9574851883550389,4354.0,0.0,0.0,3931.1428571428573,4422.0,1747.4753625894427,4597.833333333333,4424.0,2682.86358956803,540.0,0,1,1,0,0,0,1,0,0,0
1100,0,2014-12-15,0.7818314824680298,0.6234898018587336,-2.4492935982947064e-16,1.0,-0.27195815753410524,0.9623090774541487,0.0,4412.0,9440.0,5110.142857142857,4561.0,3755.901375549834,4917.6,4493.5,3042.336008104113,540.0,1,1,1,0,0,0,1,0,0,12665
1100,0,2014-12-16,0.9749279121818236,-0.22252093395631434,-2.4492935982947064e-16,1.0,-0.2553532951161881,0.9668478136052773,12665.0,4848.0,8185.0,5932.857142857143,4561.0,4282.707065574742,5271.166666666667,4657.5,3067.3736051112696,540.0,1,1,1,0,0,0,1,0,0,10607
1100,0,2014-12-17,0.43388373911755823,-0.900968867902419,-2.4492935982947064e-16,1.0,-0.23867276600594997,0.9711000518829505,10607.0,4561.0,6831.0,6539.428571428572,4921.0,4356.081605339939,5419.966666666666,4801.0,3128.4623576109207,540.0,1,1,1,0,0,0,1,0,0,8807
1100,0,2014-12-18,-0.433883739117558,-0.9009688679024191,-2.4492935982947064e-16,1.0,-0.22192151300416674,0.9750645322571945,8807.0,4422.0,6592.0,7118.714285714285,8477.0,4296.788673505127,5572.633333333333,4884.5,3163.1381022685314,540.0,1,1,1,0,0,0,1,0,0,8477
1100,0,2014-12-19,-0.9749279121818236,-0.2225209339563146,-2.4492935982947064e-16,1.0,-0.20510449986861926,0.9787400799669153,8477.0,4921.0,8221.0,7475.285714285715,8477.0,4186.155384689149,5692.2,5172.0,3162.78941050023,540.0,1,1,1,0,0,0,1,0,0,7417
1100,0,2014-12-20,-0.7818314824680299,0.6234898018587334,-2.4492935982947064e-16,1.0,-0.1882267098432439,0.9821256058680006,7417.0,4354.0,4754.0,7639.857142857143,8477.0,4063.8540175786993,5745.066666666667,5464.5,3145.352345081966,540.0,0,1,1,0,0,0,1,0,0,5506
1100,0,2014-12-21,-2.4492935982947064e-16,1.0,-2.4492935982947064e-16,1.0,-0.1712931441814778,0.9852201067560606,5506.0,0.0,0.0,7639.857142857143,8477.0,4063.8540175786993,5610.633333333333,5464.5,3303.271361621041,540.0,0,1,1,0,0,0,1,0,0,0
1100,0,2014-12-22,0.7818314824680298,0.6234898018587336,-2.4492935982947064e-16,1.0,-0.154308820664281,0.9880226656636976,0.0,12665.0,4412.0,7074.571428571428,8477.0,3481.8933957040763,5783.5,5837.0,3325.8198548473024,540.0,0,1,1,0,0,0,1,0,0,8708
1100,0,2014-12-23,0.9749279121818236,-0.22252093395631434,-2.4492935982947064e-16,1.0,-0.13727877211326517,0.9905324521322227,8708.0,10607.0,4848.0,6772.142857142857,8477.0,3204.856597341579,6066.5,6380.0,3174.493462173027,540.0,0,1,1,0,0,0,1,0,0,8490
1100,0,2014-12-24,0.43388373911755823,-0.900968867902419,-2.4492935982947064e-16,1.0,-0.12020804489935275,0.9927487224577402,8490.0,8807.0,4561.0,6033.571428571428,7417.0,3253.1189576129805,5880.3,5837.0,3146.666097250579,540.0,0,1,1,0,0,0,1,0,0,3637
1100,0,2014-12-25,-0.433883739117558,-0.9009688679024191,-2.4492935982947064e-16,1.0,-0.10310169744743544,0.9946708199115211,3637.0,8477.0,4422.0,4822.571428571428,5506.0,3734.182010255293,5644.2,5464.5,3314.559641007095,540.0,0,1,1,0,0,0,1,0,0,0
1100,0,2014-12-26,-0.9749279121818236,-0.2225209339563146,-2.4492935982947064e-16,1.0,-0.0859647987374467,0.9962981749346077,0.0,7417.0,4921.0,3763.0,3637.0,3922.8388105214412,5463.433333333333,5213.5,3471.214779745905,540.0,0,1,1,0,0,0,1,0,0,0
1100,0,2014-12-27,-0.7818314824680299,0.6234898018587334,-2.4492935982947064e-16,1.0,-0.06880242680232064,0.9976303053065857,0.0,5506.0,4354.0,3488.714285714286,3586.0,3847.0472969229063,5377.366666666667,4884.5,3485.1247786827494,540.0,0,1,1,0,0,0,1,0,0,3586
1100,0,2014-12-28,-2.4492935982947064e-16,1.0,-2.4492935982947064e-16,1.0,-0.05161966722325418,0.9986668162884759,3586.0,0.0,0.0,3488.714285714286,3586.0,3847.0472969229063,5128.9,4801.0,3595.918868230556,540.0,0,1,1,0,0,0,1,0,0,0
1100,0,2014-12-29,0.7818314824680298,0.6234898018587336,-2.4492935982947064e-16,1.0,-0.034421611622745804,0.9994074007397048,0.0,8708.0,12665.0,2992.4285714285716,3586.0,3237.273022012129,5155.833333333333,4884.5,3593.4977589638393,540.0,0,1,1,0,0,0,1,0,0,5234
1100,0,2014-12-30,0.9749279121818236,-0.22252093395631434,-2.4492935982947064e-16,1.0,-0.01721335615583528,0.9998518392091162,5234.0,8490.0,10607.0,2681.1428571428573,3586.0,2676.781427297291,5366.2,5077.5,3463.642326441519,540.0,0,1,1,0,0,0,1,0,0,6311
1100,0,2014-12-31,0.43388373911755823,-0.900968867902419,-2.4492935982947064e-16,1.0,6.432490598706546e-16,1.0,6311.0,3637.0,8807.0,2547.4285714285716,2701.0,2644.2556518576002,5141.566666666667,4884.5,3408.4143717988622,540.0,0,1,1,0,0,0,1,0,0,2701
1100,0,2015-01-01,-0.433883739117558,-0.9009688679024191,0.49999999999999994,0.8660254037844387,0.017213356155834685,0.9998518392091162,2701.0,0.0,8477.0,2547.4285714285716,2701.0,2644.2556518576002,4868.733333333334,4801.0,3483.168632084901,540.0,0,1,1,0,0,0,1,0,0,0
1100,0,2015-01-02,-0.9749279121818236,-0.2225209339563146,0.49999999999999994,0.8660254037844387,0.03442161162274574,0.9994074007397048,0.0,0.0,7417.0,3192.285714285714,3586.0,2463.725276506122,4791.5,4657.5,3463.792238632936,540.0,0,1,1,0,0,0,1,0,0,4514
1100,0,2015-01-03,-0.7818314824680299,0.6234898018587334,0.49999999999999994,0.8660254037844387,0.051619667223253764,0.998666816288476,4514.0,3586.0,5506.0,3085.1428571428573,2836.0,2460.055041970349,4666.3,4537.5,3464.349330856643,540.0,0,1,1,0,0,0,1,0,0,2836
1100,0,2015-01-04,-2.4492935982947064e-16,1.0,0.49999999999999994,0.8660254037844387,0.06880242680231986,0.9976303053065857,2836.0,0.0,0.0,3085.1428571428573,2836.0,2460.055041970349,4392.266666666666,4468.0,3498.4499418174146,540.0,0,1,1,0,0,0,1,0,0,0
1100,0,2015-01-05,0.7818314824680298,0.6234898018587336,0.49999999999999994,0.8660254037844387,0.08596479873744647,0.9962981749346078,0.0,5234.0,8708.0,3532.714285714286,2836.0,3114.198972142785,4512.7,4468.0,3572.7316715017514,540.0,1,1,1,0,0,0,1,0,0,8367
1100,0,2015-01-06,0.9749279121818236,-0.22252093395631434,0.49999999999999994,0.8660254037844387,0.10310169744743485,0.9946708199115211,8367.0,6311.0,8490.0,3728.285714285714,2836.0,3351.6856810807676,4768.7,4537.5,3512.878691329943,540.0,1,1,1,0,0,0,1,0,0,7680
1100,0,2015-01-07,0.43388373911755823,-0.900968867902419,0.49999999999999994,0.8660254037844387,0.1202080448993527,0.9927487224577402,7680.0,2701.0,3637.0,4224.142857142857,4514.0,3430.210995870434,4827.366666666667,4704.5,3521.4022822354887,540.0,1,1,1,0,0,0,1,0,0,6172
1100,0,2015-01-08,-0.433883739117558,-0.9009688679024191,0.49999999999999994,0.8660254037844387,0.13727877211326478,0.9905324521322229,6172.0,0.0,0.0,4965.0,5186.0,2882.0648269368694,4838.633333333333,4741.0,3522.011234618877,540.0,1,1,1,0,0,0,1,0,0,5186
1100,0,2015-01-09,-0.9749279121818236,-0.2225209339563146,0.49999999999999994,0.8660254037844387,0.15430882066428117,0.9880226656636976,5186.0,4514.0,0.0,5200.285714285715,6161.0,2906.2371269556143,4891.966666666666,5053.5,3529.7678489974473,540.0,1,1,1,0,0,0,1,0,0,6161
1100,0,2015-01-10,-0.7818314824680299,0.6234898018587334,0.49999999999999994,0.8660254037844387,0.1712931441814776,0.9852201067560606,6161.0,2836.0,3586.0,5204.571428571428,6161.0,2902.1888209385925,4840.1,5053.5,3548.2950675228335,540.0,0,1,1,0,0,0,1,0,0,2866
1100,0,2015-01-11,-2.4492935982947064e-16,1.0,0.49999999999999994,0.8660254037844387,0.1882267098432442,0.9821256058680006,2866.0,0.0,0.0,5204.571428571428,6161.0,2902.1888209385925,4676.066666666667,4850.0,3656.521589343253,540.0,0,1,1,0,0,0,1,0,0,0
1100,0,2015-01-12,0.7818314824680298,0.6234898018587336,0.49999999999999994,0.8660254037844387,0.2051044998686192,0.9787400799669153,0.0,8367.0,5234.0,5182.142857142857,6161.0,2874.1469707591145,4804.6,5210.0,3712.1593641474446,540.0,1,1,1,0,0,0,1,0,0,8210
1100,0,2015-01-13,0.9749279121818236,-0.22252093395631434,0.49999999999999994,0.8660254037844387,0.22192151300416552,0.9750645322571948,8210.0,7680.0,6311.0,5062.285714285715,6161.0,2768.160683816702,5032.633333333333,5370.0,3615.7054682777066,540.0,1,1,1,0,0,0,1,0,0,6841
1100,0,2015-01-14,0.43388373911755823,-0.900968867902419,0.49999999999999994,0.8660254037844387,0.2386727660059501,0.9711000518829505,6841.0,6172.0,2701.0,4973.0,5547.0,2736.297985722068,4795.366666666667,5370.0,3318.958825973248,540.0,1,1,1,0,0,0,1,0,0,5547
1100,0,2015-01-15,-0.433883739117558,-0.9009688679024191,0.49999999999999994,0.8660254037844387,0.255353295116187,0.9668478136052775,5547.0,5186.0,0.0,4931.142857142857,5547.0,2734.737246889322,4604.9,5210.0,3132.6713658165404,540.0,1,1,1,0,0,0,1,0,0,4893
1100,0,2015-01-16,-0.9749279121818236,-0.2225209339563146,0.49999999999999994,0.8660254037844387,0.2719581575341055,0.9623090774541486,4893.0,6161.0,4514.0,5025.428571428572,5547.0,2794.921278387091,4538.7,5210.0,3060.973748042748,540.0,1,1,1,0,0,0,1,0,0,6821
1100,0,2015-01-17,-0.7818314824680299,0.6234898018587334,0.49999999999999994,0.8660254037844387,0.288482432880609,0.9574851883550393,6821.0,2866.0,2836.0,5091.428571428572,5547.0,2740.351246169172,4367.066666666667,5039.5,2975.7009945885648,540.0,0,1,1,0,0,0,1,0,0,3328
1100,0,2015-01-18,-2.4492935982947064e-16,1.0,0.49999999999999994,0.8660254037844387,0.30492122465628907,0.9523775757303974,3328.0,0.0,0.0,5091.428571428572,5547.0,2740.351246169172,4119.833333333333,4703.5,3021.3296009325486,540.0,0,1,1,0,0,0,1,0,0,0
1100,0,2015-01-19,0.7818314824680298,0.6234898018587336,0.49999999999999994,0.8660254037844387,0.3212696616923644,0.9469877530760753,0.0,8210.0,8367.0,4456.714285714285,4893.0,2389.76070728749,4061.866666666667,4140.5,3010.480391649432,540.0,0,1,1,0,0,0,1,0,0,3767
1100,0,2015-01-20,0.9749279121818236,-0.22252093395631434,0.49999999999999994,0.8660254037844387,0.3375228995941133,0.9413173175128471,3767.0,6841.0,7680.0,4027.4285714285716,3836.0,2147.719787522162,4189.733333333334,4175.0,2911.8576359351764,540.0,0,1,1,0,0,0,1,0,0,3836
1100,0,2015-01-21,0.43388373911755823,-0.900968867902419,0.49999999999999994,0.8660254037844387,0.3536761221763716,0.9353679493131483,3836.0,5547.0,6172.0,3721.0,3767.0,2045.359626080447,4012.866666666667,3801.5,2786.3947010222773,540.0,0,1,1,0,0,0,1,0,0,3402
1100,0,2015-01-22,-0.433883739117558,-0.9009688679024191,0.49999999999999994,0.8660254037844387,0.3697245428906731,0.9291414114031743,3402.0,4893.0,5186.0,3503.8571428571427,3402.0,1979.8332782140394,3842.3,3702.0,2656.46760723255,540.0,0,1,1,0,0,0,1,0,0,3373
1100,0,2015-01-23,-0.9749279121818236,-0.2225209339563146,0.49999999999999994,0.8660254037844387,0.38566340624360707,0.9226395488404876,3373.0,6821.0,6161.0,3065.1428571428573,3402.0,1367.9849449185242,3846.0666666666666,3758.5,2656.2465731688453,540.0,0,1,1,0,0,0,1,0,0,3750
1100,0,2015-01-24,-0.7818314824680299,0.6234898018587334,0.49999999999999994,0.8660254037844387,0.401487989205973,0.9158642882672872,3750.0,3328.0,2866.0,2940.5714285714284,3402.0,1379.7120299954663,3927.9333333333334,3758.5,2570.071258012964,540.0,0,1,1,0,0,0,1,0,0,2456
1100,0,2015-01-25,-2.4492935982947064e-16,1.0,0.49999999999999994,0.8660254037844387,0.4171936026123168,0.9088176373395029,2456.0,0.0,0.0,2940.5714285714284,3402.0,1379.7120299954663,3927.9333333333334,3758.5,2570.071258012964,540.0,0,1,1,0,0,0,1,0,0,0
1100,0,2015-01-26,0.7818314824680298,0.6234898018587336,0.49999999999999994,0.8660254037844387,0.4327755925504312,0.901501684131884,0.0,3767.0,8210.0,3539.714285714286,3402.0,2360.4570683298844,4073.766666666667,3801.5,2672.099841766357,540.0,1,1,1,0,0,0,1,0,0,7961
1100,0,2015-01-27,0.9749279121818236,-0.22252093395631434,0.49999999999999994,0.8660254037844387,0.4482293417404106,0.893918596519257,7961.0,3836.0,6841.0,3915.4285714285716,3402.0,2611.442121200641,4289.3,4175.0,2591.744029373479,540.0,1,1,1,0,0,0,1,0,0,6466
1100,0,2015-01-28,0.43388373911755823,-0.900968867902419,0.49999999999999994,0.8660254037844387,0.4635502709028509,0.886070621534138,6466.0,3402.0,5547.0,4301.857142857143,3750.0,2720.657606080517,4318.4,4175.0,2607.5695329109617,540.0,1,1,1,0,0,0,1,0,0,6107
1100,0,2015-01-29,-0.433883739117558,-0.9009688679024191,0.49999999999999994,0.8660254037844387,0.47873384011578846,0.8779600847008882,6107.0,3373.0,4893.0,4554.285714285715,5140.0,2702.0218796477584,4279.366666666667,4175.0,2585.3833902755346,540.0,1,1,1,0,0,0,1,0,0,5140
1100,0,2015-01-30,-0.9749279121818236,-0.2225209339563146,0.49999999999999994,0.8660254037844387,0.4937755501599772,0.869589389346611,5140.0,3750.0,6821.0,4932.571428571428,6107.0,2755.486639243166,4402.6,4703.5,2595.6447820306103,540.0,1,1,1,0,0,0,1,0,0,6398
1100,0,2015-01-31,-0.7818314824680299,0.6234898018587334,0.49999999999999994,0.8660254037844387,0.5086709438521044,0.8609610158889943,6398.0,2456.0,3328.0,5062.0,6107.0,2638.56861448273,4514.666666666667,4703.5,2468.469976116477,540.0,0,1,1,0,0,0,1,0,0,3362
1100,0,2015-02-01,-2.4492935982947064e-16,1.0,0.8660254037844386,0.5000000000000001,0.5234156073655503,0.8520775211013093,3362.0,0.0,0.0,5062.0,6107.0,2638.56861448273,4364.2,4364.5,2602.452323588599,540.0,0,1,1,0,0,0,1,0,0,0
1100,0,2015-02-02,0.7818314824680298,0.6234898018587336,0.8660254037844386,0.5000000000000001,0.5380051715382996,0.8429415373547828,0.0,7961.0,3767.0,5069.428571428572,6107.0,2648.146512635004,4536.766666666666,5016.5,2668.4294319568035,540.0,1,1,1,0,0,0,1,0,0,8013
1100,0,2015-02-03,0.9749279121818236,-0.22252093395631434,0.8660254037844386,0.5000000000000001,0.5524353131676196,0.8335557718385699,8013.0,6466.0,3836.0,5179.714285714285,6107.0,2730.788330274225,4778.033333333334,5163.0,2569.469789441112,540.0,1,1,1,0,0,0,1,0,0,7238
1100,0,2015-02-04,0.43388373911755823,-0.900968867902419,0.8660254037844386,0.5000000000000001,0.5667017562911176,0.8239230057575542,7238.0,6107.0,3402.0,5138.428571428572,5818.0,2716.5801943585125,4693.066666666667,5163.0,2487.5368225773336,540.0,1,1,1,0,0,0,1,0,0,5818
1100,0,2015-02-05,-0.433883739117558,-0.9009688679024191,0.8660254037844386,0.5000000000000001,0.5808002734538009,0.8140460935082178,5818.0,5140.0,3373.0,5234.857142857143,5818.0,2728.5986897167186,4630.9,5163.0,2433.0225752598585,540.0,1,1,1,0,0,0,1,0,0,5815
1100,0,2015-02-06,-0.9749279121818236,-0.2225209339563146,0.8660254037844386,0.5000000000000001,0.5947266869607634,0.8039279618328213,5815.0,6398.0,3750.0,5169.285714285715,5818.0,2701.367660666578,4623.133333333333,5163.0,2428.300764382128,540.0,1,1,1,0,0,0,1,0,0,5939
1100,0,2015-02-07,-0.7818314824680299,0.6234898018587334,0.8660254037844386,0.5000000000000001,0.6084768701151261,0.7935716089521474,5939.0,3362.0,2456.0,5159.857142857143,5818.0,2708.831816396838,4560.133333333333,5016.5,2437.693139769265,540.0,0,1,1,0,0,0,1,0,0,3296
1100,0,2015-02-08,-2.4492935982947064e-16,1.0,0.8660254037844386,0.5000000000000001,0.6220467484408675,0.7829801036770629,3296.0,0.0,0.0,5159.857142857143,5818.0,2708.831816396838,4354.766666666666,4364.5,2554.8794786789235,540.0,0,1,1,0,0,0,1,0,0,0
1100,0,2015-02-09,0.7818314824680298,0.6234898018587336,0.8660254037844386,0.5000000000000001,0.6354323008901774,0.7721565844991642,0.0,8013.0,7961.0,4525.0,5815.0,2435.696888640559,4378.2,4364.5,2543.9542584263368,540.0,0,1,1,0,0,0,1,0,0,3569
1100,0,2015-02-10,0.9749279121818236,-0.22252093395631434,0.8660254037844386,0.5000000000000001,0.6486295610349814,0.7611042586607747,3569.0,7238.0,6466.0,4111.142857142857,4341.0,2124.0785789428237,4522.9,4617.0,2406.055583816336,540.0,0,1,1,0,0,0,1,0,0,4341
1100,0,2015-02-11,0.43388373911755823,-0.900968867902419,0.8660254037844386,0.5000000000000001,0.6616346182422783,0.7498264012045686,4341.0,5818.0,6107.0,3844.714285714286,3953.0,1986.8323796339375,4381.0,4147.0,2304.4934517080956,540.0,0,1,1,0,0,0,1,0,0,3953
1100,0,2015-02-12,-0.433883739117558,-0.9009688679024191,0.8660254037844386,0.5000000000000001,0.6744436188329455,0.7383263540031065,3953.0,5815.0,5140.0,3623.714285714286,3953.0,1809.2482522017765,4295.233333333334,4110.5,2257.1763209102946,540.0,0,1,1,0,0,0,1,0,0,4268
1100,0,2015-02-13,-0.9749279121818236,-0.2225209339563146,0.8660254037844386,0.5000000000000001,0.6870527672236669,0.7266075247685656,4268.0,5939.0,6398.0,3398.0,3953.0,1552.618433485813,4255.633333333333,4110.5,2244.8454748038002,540.0,0,1,1,0,0,0,1,0,0,4359
1100,0,2015-02-14,-0.7818314824680299,0.6234898018587334,0.8660254037844386,0.5000000000000001,0.6994583270516471,0.7146733860429609,4359.0,3296.0,3362.0,3398.1428571428573,3953.0,1552.607530207516,4202.433333333333,3894.5,2248.129025677113,540.0,0,1,1,0,0,0,1,0,0,3297
1100,0,2015-02-15,-2.4492935982947064e-16,1.0,0.8660254037844386,0.5000000000000001,0.7116566222817746,0.702527474169157,3297.0,0.0,0.0,3398.1428571428573,3953.0,1552.607530207516,3975.0666666666666,3801.5,2318.003941166696,540.0,0,1,1,0,0,0,1,0,0,0
1100,0,2015-02-16,0.7818314824680298,0.6234898018587336,0.8660254037844386,0.5000000000000001,0.7236440382959124,0.6901733882429719,0.0,3569.0,8013.0,3520.285714285714,4268.0,1601.1610073407717,4011.6,3894.5,2316.0901298643676,540.0,1,1,1,0,0,0,1,0,0,4424
1100,0,2015-02-17,0.9749279121818236,-0.22252093395631434,0.8660254037844386,0.5000000000000001,0.7354170229639855,0.6776147890466889,4424.0,4341.0,7238.0,3998.714285714286,4268.0,2254.3656694131337,4267.933333333333,4110.5,2282.0923541004313,540.0,1,1,1,0,0,0,1,0,0,7690
1100,0,2015-02-18,0.43388373911755823,-0.900968867902419,0.8660254037844386,0.5000000000000001,0.7469720876965552,0.6648553979642865,7690.0,3953.0,5818.0,4241.571428571428,4359.0,2338.6143231368687,4330.8,4304.5,2293.7646273140613,540.0,1,1,1,0,0,0,1,0,0,5653
1100,0,2015-02-19,-0.433883739117558,-0.9009688679024191,0.8660254037844386,0.5000000000000001,0.7583058084785625,0.6518989958787126,5653.0,4268.0,5815.0,4500.0,4424.0,2439.78496320201,4405.5,4350.0,2313.5009557840617,540.0,1,1,1,0,0,0,1,0,0,6077
1100,0,2015-02-20,-0.9749279121818236,-0.2225209339563146,0.8660254037844386,0.5000000000000001,0.7694148268839378,0.6387494220515272,6077.0,4359.0,5939.0,4780.571428571428,5653.0,2532.0515303565467,4502.866666666667,4391.5,2331.2102781429894,540.0,1,1,1,0,0,0,1,0,0,6323
1100,0,2015-02-21,-0.7818314824680299,0.6234898018587334,0.8660254037844386,0.5000000000000001,0.7802958510707755,0.6254105729852463,6323.0,3297.0,3296.0,4759.428571428572,5653.0,2547.0774662439294,4495.4,4391.5,2335.309055822563,540.0,0,1,1,0,0,0,1,0,0,3149
1100,0,2015-02-22,-2.4492935982947064e-16,1.0,0.8660254037844386,0.5000000000000001,0.7909456567567772,0.6118864012687243,3149.0,0.0,0.0,4759.428571428572,5653.0,2547.0774662439294,4370.4,4391.5,2472.8918796170274,540.0,0,1,1,0,0,0,1,0,0,0
1100,0,2015-02-23,0.7818314824680298,0.6234898018587336,0.8660254037844386,0.5000000000000001,0.8013610881746766,0.5981809144059164,0.0,4424.0,3569.0,4609.857142857143,5653.0,2600.244118576263,4401.1,4391.5,2453.950191299588,540.0,0,1,1,0,0,0,1,0,0,3377
1100,0,2015-02-24,0.9749279121818236,-0.22252093395631434,0.8660254037844386,0.5000000000000001,0.8115390590073611,0.5842981736283683,3377.0,7690.0,4341.0,4067.285714285714,3892.0,2218.669624969401,4530.833333333333,4391.5,2312.0289206420043,540.0,0,1,1,0,0,0,1,0,0,3892
1100,0,2015-02-25,0.43388373911755823,-0.900968867902419,0.8660254037844386,0.5000000000000001,0.8214765533024142,0.5702422926917871,3892.0,5653.0,3953.0,3798.1428571428573,3769.0,2105.642770317517,4391.1,4350.0,2222.5136336418973,540.0,0,1,1,0,0,0,1,0,0,3769
1100,0,2015-02-26,-0.433883739117558,-0.9009688679024191,0.8660254037844386,0.5000000000000001,0.8311706263658079,0.5560174366570446,3769.0,6077.0,4268.0,3478.285714285714,3769.0,1857.1765051896693,4303.5,4304.5,2189.456990624177,540.0,0,1,1,0,0,0,1,0,0,3838
1100,0,2015-02-27,-0.9749279121818236,-0.2225209339563146,0.8660254037844386,0.5000000000000001,0.8406184056344782,0.5416278206559814,3838.0,6323.0,4359.0,3317.0,3769.0,1600.1985293498026,4273.066666666667,4304.5,2169.7809190749144,540.0,0,1,1,0,0,0,1,0,0,5194
1100,0,2015-02-28,-0.7818314824680299,0.6234898018587334,0.8660254037844386,0.5000000000000001,0.8498170915275278,0.5270777086423722,5194.0,3149.0,3297.0,3367.8571428571427,3769.0,1599.626355181239,4218.566666666667,4110.5,2167.7874734127026,540.0,0,1,1,0,0,0,1,0,0,3505
1100,0,2015-03-01,-2.4492935982947064e-16,1.0,1.0,6.123233995736766e-17,0.8587639582758029,0.5123714121284237,3505.0,0.0,0.0,3367.8571428571427,3769.0,1599.626355181239,4005.3,3922.5,2258.7887225465374,540.0,0,1,1,0,0,0,1,0,0,0
1100,0,2015-03-02,0.7818314824680298,0.6234898018587336,1.0,6.123233995736766e-17,0.8674563547295968,0.49751328890718066,0.0,3377.0,4424.0,4141.714285714285,3838.0,2601.4030005803656,4186.366666666667,4110.5,2417.5787757137473,540.0,1,1,1,0,0,0,1,0,0,8794
1100,0,2015-03-03,0.9749279121818236,-0.22252093395631434,1.0,6.123233995736766e-17,0.8758917051442429,0.48250774176121847,8794.0,3892.0,7690.0,4507.857142857143,3838.0,2737.22167099971,4401.533333333334,4304.5,2317.3115923612704,540.0,1,1,1,0,0,0,1,0,0,6455
1100,0,2015-03-04,0.43388373911755823,-0.900968867902419,1.0,6.123233995736766e-17,0.8840675099433636,0.46735921715800227,6455.0,3769.0,5653.0,4791.714285714285,5194.0,2750.8247680944496,4326.3,4304.5,2231.051586754236,540.0,1,1,1,0,0,0,1,0,0,5756
1100,0,2015-03-05,-0.433883739117558,-0.9009688679024191,1.0,6.123233995736766e-17,0.8919813464595485,0.45207220393230435,5756.0,3838.0,6077.0,5056.285714285715,5690.0,2732.8123922853824,4274.7,4304.5,2178.6736577322736,540.0,1,1,1,0,0,0,1,0,0,5690
1100,0,2015-03-06,-0.9749279121818236,-0.2225209339563146,1.0,6.123233995736766e-17,0.8996308696522433,0.43665123195606403,5690.0,5194.0,6323.0,5183.428571428572,5756.0,2760.8469628686303,4283.566666666667,4304.5,2185.701034598202,540.0,1,1,1,0,0,0,1,0,0,6084
1100,0,2015-03-07,-0.7818314824680299,0.6234898018587334,1.0,6.123233995736766e-17,0.9070138128026359,0.4211008707960896,6084.0,3505.0,3149.0,5167.285714285715,5756.0,2772.601829466664,4202.8,4110.5,2171.8837112452375,540.0,0,1,1,0,0,0,1,0,0,3392
1100,0,2015-03-08,-2.4492935982947064e-16,1.0,1.0,6.123233995736766e-17,0.9141279881853337,0.40542572835999735,3392.0,0.0,0.0,5167.285714285715,5756.0,2772.601829466664,4004.8333333333335,3922.5,2276.330230017588,540.0,0,1,1,0,0,0,1,0,0,0
1100,0,2015-03-09,0.7818314824680298,0.6234898018587336,1.0,6.123233995736766e-17,0.9209712877166346,0.38963044953078796,0.0,8794.0,3377.0,4427.857142857143,5690.0,2292.882932654241,4015.5666666666666,3922.5,2273.6302383895913,540.0,0,1,1,0,0,0,1,0,0,3618
1100,0,2015-03-10,0.9749279121818236,-0.22252093395631434,1.0,6.123233995736766e-17,0.9275416835791966,0.37371971479046906,3618.0,6455.0,3892.0,4106.714285714285,4207.0,2111.926980610015,4155.8,4080.0,2143.429002709244,540.0,0,1,1,0,0,0,1,0,0,4207
1100,0,2015-03-11,0.43388373911755823,-0.900968867902419,1.0,6.123233995736766e-17,0.9338372288229252,0.35769823883312546,4207.0,5756.0,3769.0,3881.5714285714284,4180.0,1987.1174983832511,4176.166666666667,4193.5,2140.5619320770525,540.0,0,1,1,0,0,0,1,0,0,4180
1100,0,2015-03-12,-0.433883739117558,-0.9009688679024191,1.0,6.123233995736766e-17,0.9398560579418954,0.3415707691678556,4180.0,5690.0,3838.0,3624.5714285714284,3891.0,1823.8762619891654,4161.166666666667,4066.5,2140.943686278568,540.0,0,1,1,0,0,0,1,0,0,3891
1100,0,2015-03-13,-0.9749279121818236,-0.2225209339563146,1.0,6.123233995736766e-17,0.9455963874271426,0.3253420847119801,3891.0,6084.0,5194.0,3367.4285714285716,3891.0,1521.0932315435382,4172.2,4193.5,2140.686796012126,540.0,0,1,1,0,0,0,1,0,0,4284
1100,0,2015-03-14,-0.7818314824680299,0.6234898018587334,1.0,6.123233995736766e-17,0.9510565162951535,0.30901699437494745,4284.0,3392.0,3505.0,3268.5714285714284,3891.0,1541.579045129018,4119.933333333333,4036.0,2157.3443114535266,540.0,0,1,1,0,0,0,1,0,0,2700
1100,0,2015-03-15,-2.4492935982947064e-16,1.0,1.0,6.123233995736766e-17,0.9562348265919056,0.29260033563334836,2700.0,0.0,0.0,3268.5714285714284,3891.0,1541.5790451290181,3974.633333333333,3891.5,2283.775118516268,540.0,0,1,1,0,0,0,1,0,0,0
1100,0,2015-03-16,0.7818314824680298,0.6234898018587336,1.0,6.123233995736766e-17,0.9611297838723007,0.27609697309746883,0.0,3618.0,8794.0,3942.285714285714,4180.0,2470.4259224059315,4142.533333333334,4036.0,2413.699503242687,540.0,1,1,1,0,0,0,1,0,0,8334
1100,0,2015-03-17,0.9749279121818236,-0.22252093395631434,1.0,6.123233995736766e-17,0.9657399376548549,0.2595117970697999,8334.0,4207.0,6455.0,4291.857142857143,4180.0,2678.4928864675203,4364.333333333333,4193.5,2323.9639046002912,540.0,1,1,1,0,0,0,1,0,0,6654
1100,0,2015-03-18,0.43388373911755823,-0.900968867902419,1.0,6.123233995736766e-17,0.970063921851507,0.2428497220959356,6654.0,4180.0,5756.0,4490.571428571428,4284.0,2720.08663202374,4402.566666666667,4193.5,2334.3910774115857,540.0,1,1,1,0,0,0,1,0,0,5571
1100,0,2015-03-19,-0.433883739117558,-0.9009688679024191,1.0,6.123233995736766e-17,0.9741004551724205,0.22611568550828828,5571.0,3891.0,5690.0,4680.285714285715,5219.0,2717.6095325540323,4320.2,4193.5,2256.6979753002197,540.0,1,1,1,0,0,0,1,0,0,5219
1100,0,2015-03-20,-0.9749279121818236,-0.2225209339563146,1.0,6.123233995736766e-17,0.9778483415056568,0.20931464596304847,5219.0,4284.0,6084.0,4951.285714285715,5571.0,2765.665183054862,4337.8,4193.5,2269.473695633502,540.0,1,1,1,0,0,0,1,0,0,6181
1100,0,2015-03-21,-0.7818314824680299,0.6234898018587334,1.0,6.123233995736766e-17,0.9813064702716093,0.19245158197082998,6181.0,2700.0,3392.0,4894.142857142857,5571.0,2823.4610810475947,4211.9,4036.0,2274.4237822752557,540.0,0,1,1,0,0,0,1,0,0,2300
1100,0,2015-03-22,-2.4492935982947064e-16,1.0,1.0,6.123233995736766e-17,0.9844738167520922,0.1755314904214282,2300.0,0.0,0.0,4894.142857142857,5571.0,2823.4610810475947,4001.133333333333,3891.5,2363.2807665635423,540.0,0,1,1,0,0,0,1,0,0,0
1100,0,2015-03-23,0.7818314824680298,0.6234898018587336,1.0,6.123233995736766e-17,0.9873494423939864,0.15855938510313478,0.0,8334.0,3618.0,4229.142857142857,5219.0,2393.7409654187254,4018.8,3891.5,2358.6674993338424,540.0,0,1,1,0,0,0,1,0,0,3679
1100,0,2015-03-24,0.9749279121818236,-0.22252093395631434,1.0,6.123233995736766e-17,0.989932495087353,0.141540295217043,3679.0,6654.0,4207.0,3940.1428571428573,4631.0,2163.210764008853,4173.166666666667,4036.0,2234.8742321064296,540.0,0,1,1,0,0,0,1,0,0,4631
1100,0,2015-03-25,0.43388373911755823,-0.900968867902419,1.0,6.123233995736766e-17,0.9922222094179323,0.12447926388678915,4631.0,5571.0,4180.0,3652.8571428571427,3679.0,2040.586797024431,4179.266666666666,4036.0,2232.8750437316257,540.0,0,1,1,0,0,0,1,0,0,3560
1100,0,2015-03-26,-0.433883739117558,-0.9009688679024191,1.0,6.123233995736766e-17,0.994217906893952,0.10738134666416309,3560.0,5219.0,3891.0,3417.714285714286,3573.0,1921.392525772697,4168.633333333333,4035.5,2235.048737929334,540.0,0,1,1,0,0,0,1,0,0,3573
1100,0,2015-03-27,-0.9749279121818236,-0.2225209339563146,1.0,6.123233995736766e-17,0.995918996147179,0.09025161003104117,3573.0,6181.0,4284.0,3087.8571428571427,3573.0,1525.313238712106,4172.066666666667,4035.5,2234.492720851916,540.0,0,1,1,0,0,0,1,0,0,3872
1100,0,2015-03-28,-0.7818314824680299,0.6234898018587334,1.0,6.123233995736766e-17,0.9973249731081555,0.07309512989807777,3872.0,2300.0,2700.0,3167.714285714286,3573.0,1491.4478104943905,4139.433333333333,4035.5,2246.6555171284376,540.0,0,1,1,0,0,0,1,0,0,2859
1100,0,2015-03-29,-2.4492935982947064e-16,1.0,1.0,6.123233995736766e-17,0.9984354211555643,0.055916990100603484,2859.0,0.0,0.0,3167.714285714286,3573.0,1491.4478104943905,3966.3,3881.5,2359.8649311143668,540.0,0,1,1,0,0,0,1,0,0,0
1100,0,2015-03-30,0.7818314824680298,0.6234898018587336,1.0,6.123233995736766e-17,0.9992500112396835,0.03872228089217446,0.0,3679.0,8334.0,3917.5714285714284,3573.0,2656.124297866017,4147.066666666667,4035.5,2525.21957984583,540.0,1,1,1,0,0,0,1,0,0,8928
1100,0,2015-03-31,0.9749279121818236,-0.22252093395631434,1.0,6.123233995736766e-17,0.9997685019798909,0.021516097436222254,8928.0,4631.0,6654.0,4535.857142857143,3573.0,3280.2707931191358,4445.7,4193.5,2547.523261712342,540.0,1,1,1,0,0,0,1,0,0,8959
1100,0,2015-04-01,0.43388373911755823,-0.900968867902419,0.8660254037844387,-0.49999999999999983,0.9999907397361901,0.004303538296244289,8959.0,3560.0,5571.0,4950.285714285715,3872.0,3319.454760161958,4367.933333333333,4193.5,2443.7016852383504,540.0,1,1,1,0,0,0,1,0,0,6461
1100,0,2015-04-02,-0.433883739117558,-0.9009688679024191,0.8660254037844387,-0.49999999999999983,0.9999166586547379,-0.01291029607500882,6461.0,3573.0,5219.0,5538.571428571428,6461.0,3398.6447719222256,4409.133333333333,4193.5,2490.0814379887383,540.0,1,1,1,0,0,0,1,0,0,7691
1100,0,2015-04-03,-0.9749279121818236,-0.2225209339563146,0.8660254037844387,-0.49999999999999983,0.9995462806873573,-0.030120304846908114,7691.0,3872.0,6181.0,4985.428571428572,6461.0,3980.394907424086,4217.266666666666,4035.5,2601.966655851087,540.0,1,1,1,0,0,0,1,0,0,0
1100,0,2015-04-04,-0.7818314824680299,0.6234898018587334,0.8660254037844387,-0.49999999999999983,0.9988797155850336,-0.04732138832243185,0.0,2859.0,2300.0,5277.0,6461.0,3871.945333636136,4190.933333333333,4035.5,2590.520263727265,540.0,0,1,1,0,0,0,1,0,0,4900
1100,0,2015-04-05,-2.4492935982947064e-16,1.0,0.8660254037844387,-0.49999999999999983,0.9979171608653922,-0.06450844944931623,4900.0,0.0,0.0,5277.0,6461.0,3871.945333636136,3988.133333333333,3881.5,2674.0093071477168,540.0,0,1,1,0,0,0,1,0,0,0
1100,0,2015-04-06,0.7818314824680298,0.6234898018587336,0.8660254037844387,-0.49999999999999983,0.9966589017541702,-0.08167639533042241,0.0,8928.0,3679.0,4001.5714285714284,4900.0,3938.732150372872,3875.0666666666666,3881.5,2770.0725613965906,540.0,0,1,1,0,0,0,1,0,0,0
1100,0,2015-04-07,0.9749279121818236,-0.22252093395631434,0.8660254037844387,-0.49999999999999983,0.9951053111006976,-0.09882013873287143,0.0,8959.0,4631.0,3414.285714285714,4848.0,3336.8567402215294,4036.6666666666665,4035.5,2676.028829973725,540.0,0,1,1,0,0,0,1,0,0,4848
1100,0,2015-04-08,0.43388373911755823,-0.900968867902419,0.8660254037844387,-0.49999999999999983,0.9932568492674143,-0.11593459959550041,4848.0,6461.0,3560.0,3127.0,4450.0,3109.6672383606056,4064.4,4193.5,2675.8515705446325,540.0,0,1,1,0,0,0,1,0,0,4450
1100,0,2015-04-09,-0.433883739117558,-0.9009688679024191,0.8660254037844387,-0.49999999999999983,0.9911140639934547,-0.1330147065341959,4450.0,7691.0,3573.0,2640.4285714285716,4285.0,2479.038379233814,4067.0,4232.0,2676.032794500349,540.0,0,1,1,0,0,0,1,0,0,4285
1100,0,2015-04-10,-0.9749279121818236,-0.2225209339563146,0.8660254037844387,-0.49999999999999983,0.9886775902323405,-0.1500553983446526,4285.0,0.0,3872.0,3305.0,4450.0,2267.7726958405565,4082.733333333333,4284.5,2678.106793128733,540.0,0,1,1,0,0,0,1,0,0,4652
1100,0,2015-04-11,-0.7818314824680299,0.6234898018587334,0.8660254037844387,-0.49999999999999983,0.9859481499638304,-0.16705162550211924,4652.0,4900.0,2859.0,3038.4285714285716,4285.0,2155.9511324967975,4054.1666666666665,4284.5,2684.7848572809376,540.0,0,1,1,0,0,0,1,0,0,3034
1100,0,2015-04-12,-2.4492935982947064e-16,1.0,0.8660254037844387,-0.49999999999999983,0.9829265519799822,-0.18399835165768005,3034.0,0.0,0.0,3038.4285714285716,4285.0,2155.9511324967975,3911.366666666667,4078.5,2784.2271940012474,540.0,0,1,1,0,0,0,1,0,0,0
1100,0,2015-04-13,0.7818314824680298,0.6234898018587336,0.8660254037844387,-0.49999999999999983,0.9796136916454901,-0.20089055513063506,0.0,0.0,8928.0,4236.285714285715,4450.0,2489.929631822662,4100.866666666667,4367.5,2890.3787454162457,540.0,1,1,1,0,0,0,1,0,0,8385
1100,0,2015-04-14,0.9749279121818236,-0.22252093395631434,0.8660254037844387,-0.49999999999999983,0.9760105506323683,-0.21772323039653177,8385.0,4848.0,8959.0,4501.857142857143,4450.0,2659.4183216492625,4324.433333333333,4540.5,2820.7956285702244,540.0,1,1,1,0,0,0,1,0,0,6707
1100,0,2015-04-15,0.43388373911755823,-0.900968867902419,0.8660254037844387,-0.49999999999999983,0.9721181966290613,-0.23449138957040985,6707.0,4450.0,6461.0,4718.857142857143,4652.0,2715.8556312005585,4245.6,4540.5,2736.6685334670938,540.0,1,1,1,0,0,0,1,0,0,5969
1100,0,2015-04-16,-0.433883739117558,-0.9009688679024191,0.8660254037844387,-0.49999999999999983,0.9679377830240642,-0.25119006388481935,5969.0,4285.0,7691.0,4998.0,5969.0,2763.8254889434165,4231.766666666666,4540.5,2725.0991590099525,540.0,1,1,1,0,0,0,1,0,0,6239
1100,0,2015-04-17,-0.9749279121818236,-0.2225209339563146,0.8660254037844387,-0.49999999999999983,0.9634705485641488,-0.2678143051621742,6239.0,4652.0,0.0,5198.428571428572,6055.0,2785.3401861138864,4247.9,4540.5,2734.7169222476305,540.0,1,1,1,0,0,0,1,0,0,6055
1100,0,2015-04-18,-0.7818314824680299,0.6234898018587334,0.8660254037844387,-0.49999999999999983,0.9587178169872964,-0.2843591872810034,6055.0,3034.0,4900.0,5162.0,6055.0,2819.820147929058,4166.566666666667,4367.5,2741.1160662229745,540.0,0,1,1,0,0,0,1,0,0,2779
1100,0,2015-04-19,-2.4492935982947064e-16,1.0,0.8660254037844387,-0.49999999999999983,0.9536809966304457,-0.30081980763566735,2779.0,0.0,0.0,5162.0,6055.0,2819.820147929058,3960.5333333333333,4078.5,2815.760113378254,540.0,0,1,1,0,0,0,1,0,0,0
1100,0,2015-04-20,0.7818314824680298,0.6234898018587336,0.8660254037844387,-0.49999999999999983,0.9483615800121715,-0.3171912885891061,0.0,8385.0,0.0,4497.285714285715,5969.0,2458.74525685261,4008.266666666667,4078.5,2798.725990127661,540.0,0,1,1,0,0,0,1,0,0,3732
1100,0,2015-04-21,0.9749279121818236,-0.22252093395631434,0.8660254037844387,-0.49999999999999983,0.9427611433904207,-0.3334687789181868,3732.0,6707.0,4848.0,4115.571428571428,4035.0,2257.709005248664,4142.766666666666,4160.0,2694.4704128542758,540.0,0,1,1,0,0,0,1,0,0,4035
1100,0,2015-04-22,0.43388373911755823,-0.900968867902419,0.8660254037844387,-0.49999999999999983,0.9368813462954315,-0.3496474552512284,4035.0,5969.0,4450.0,3812.8571428571427,3850.0,2104.6527368801476,4148.466666666666,4160.0,2693.6362518854007,540.0,0,1,1,0,0,0,1,0,0,3850
1100,0,2015-04-23,-0.433883739117558,-0.9009688679024191,0.8660254037844387,-0.49999999999999983,0.9307239310379795,-0.36572252349726897,3850.0,6239.0,4285.0,3420.714285714286,3732.0,1812.7533123479636,4110.566666666667,3953.5,2694.611528310846,540.0,0,1,1,0,0,0,1,0,0,3494
1100,0,2015-04-24,-0.9749279121818236,-0.2225209339563146,0.8660254037844387,-0.49999999999999983,0.9242907221930934,-0.3816892202666588,3494.0,6055.0,4652.0,3191.285714285714,3732.0,1498.1041034460325,4140.2,4160.0,2693.235951352042,540.0,0,1,1,0,0,0,1,0,0,4449
1100,0,2015-04-25,-0.7818314824680299,0.6234898018587334,0.8660254037844387,-0.49999999999999983,0.9175836260593937,-0.39754281428255595,4449.0,2779.0,3034.0,3174.0,3732.0,1504.3391683171947,4109.7,4160.0,2705.0359822962073,540.0,0,1,1,0,0,0,1,0,0,2658
1100,0,2015-04-26,-2.4492935982947064e-16,1.0,0.8660254037844387,-0.49999999999999983,0.9106046300942163,-0.4132786077829042,2658.0,0.0,0.0,3174.0,3732.0,1504.3391683171947,3980.633333333333,4160.0,2807.212121554455,540.0,0,1,1,0,0,0,1,0,0,0
1100,0,2015-04-27,0.7818314824680298,0.6234898018587336,0.8660254037844387,-0.49999999999999983,0.9033558023246845,-0.4288919379124835,0.0,3732.0,8385.0,3760.4285714285716,3850.0,2331.06319499227,4146.566666666667,4367.0,2884.681559947097,540.0,1,1,1,0,0,0,1,0,0,7837
1100,0,2015-04-28,0.9749279121818236,-0.22252093395631434,0.8660254037844387,-0.49999999999999983,0.895839290734909,-0.4443781781046132,7837.0,4035.0,6707.0,4182.857142857143,3850.0,2636.970384650493,4379.633333333333,4449.5,2819.838079031133,540.0,1,1,1,0,0,0,1,0,0,6992
1100,0,2015-04-29,0.43388373911755823,-0.900968867902419,0.8660254037844387,-0.49999999999999983,0.8880573226294932,-0.45973273945210397,6992.0,3850.0,5969.0,4515.0,4449.0,2732.7423344813606,4287.866666666667,4449.5,2709.3464377115374,540.0,1,1,1,0,0,0,1,0,0,6175
1100,0,2015-04-30,-0.433883739117558,-0.9009688679024191,0.8660254037844387,-0.49999999999999983,0.8800122039735357,-0.47495107206704995,6175.0,3494.0,6239.0,5080.857142857143,6175.0,2891.570589868153,4237.733333333334,4449.5,2632.7645877883974,540.0,1,1,1,0,0,0,1,0,0,7455
1100,0,2015-05-01,-0.9749279121818236,-0.2225209339563146,0.49999999999999994,-0.8660254037844387,0.8717063187093218,-0.49002866642905923,7455.0,4449.0,6055.0,4445.285714285715,6175.0,3482.223701137231,4022.366666666667,4367.0,2707.817653965348,540.0,1,1,1,0,0,0,1,0,0,0
1100,0,2015-05-02,-0.7818314824680299,0.6234898018587334,0.49999999999999994,-0.8660254037844387,0.8631421280499114,-0.5049610547215204,0.0,2658.0,2779.0,4671.142857142857,6175.0,3397.2139285288536,3907.3,4262.0,2618.4153295325395,540.0,0,1,1,0,0,0,1,0,0,4239
1100,0,2015-05-03,-2.4492935982947064e-16,1.0,0.49999999999999994,-0.8660254037844387,0.854322169749827,-0.5197438121555155,4239.0,0.0,0.0,4671.142857142857,6175.0,3397.2139285288536,3907.3,4262.0,2618.4153295325395,540.0,0,1,1,0,0,0,1,0,0,0
1100,0,2015-05-04,0.7818314824680298,0.6234898018587336,0.49999999999999994,-0.8660254037844387,0.8452490573530633,-0.5343725582809787,0.0,7837.0,3732.0,4642.285714285715,6175.0,3366.5596541219757,3998.4666666666667,4262.0,2700.496885738812,540.0,1,1,1,0,0,0,1,0,0,7635
1100,0,2015-05-05,0.9749279121818236,-0.22252093395631434,0.49999999999999994,-0.8660254037844387,0.835925479418637,-0.548842958284719,7635.0,6992.0,4035.0,4508.714285714285,6057.0,3275.1008490470244,4200.366666666667,4367.0,2616.359243014176,540.0,1,1,1,0,0,0,1,0,0,6057
1100,0,2015-05-06,0.43388373911755823,-0.900968867902419,0.49999999999999994,-0.8660254037844387,0.8263541987239096,-0.5631507242749186,6057.0,6175.0,3850.0,4588.142857142857,6057.0,3328.5531605875117,4424.733333333334,4449.5,2530.950127348701,540.0,1,1,1,0,0,0,1,0,0,6731
1100,0,2015-05-07,-0.433883739117558,-0.9009688679024191,0.49999999999999994,-0.8660254037844387,0.8165380514459161,-0.5772916165517272,6731.0,7455.0,3494.0,4320.571428571428,5582.0,3128.985930358415,4449.2,4449.5,2538.718797156245,540.0,1,1,1,0,0,0,1,0,0,5582
1100,0,2015-05-08,-0.9749279121818236,-0.2225209339563146,0.49999999999999994,-0.8660254037844387,0.8064799463209448,-0.5912614448635781,5582.0,0.0,4449.0,5192.571428571428,6057.0,2514.422057991512,4504.333333333333,4550.5,2556.633512950223,540.0,1,1,1,0,0,0,1,0,0,6104
1100,0,2015-05-09,-0.7818314824680299,0.6234898018587334,0.49999999999999994,-0.8660254037844387,0.7961828637826158,-0.6050560696488488,6104.0,4239.0,2658.0,5119.714285714285,6057.0,2553.738939560689,4485.8,4550.5,2560.2909505999714,540.0,0,1,1,0,0,0,1,0,0,3729
1100,0,2015-05-10,-2.4492935982947064e-16,1.0,0.49999999999999994,-0.8660254037844387,0.7856498550787145,-0.6186714032625031,3729.0,0.0,0.0,5119.714285714285,6057.0,2553.738939560689,4330.733333333334,4344.0,2687.58968970895,540.0,0,1,1,0,0,0,1,0,0,0
1100,0,2015-05-11,0.7818314824680298,0.6234898018587336,0.49999999999999994,-0.8660254037844387,0.7748840413670407,-0.6321034111873487,0.0,7635.0,7837.0,4541.857142857143,5582.0,2338.2838028898695,4349.266666666666,4344.0,2680.2462307540386,540.0,0,1,1,0,0,0,1,0,0,3590
1100,0,2015-05-12,0.9749279121818236,-0.22252093395631434,0.49999999999999994,-0.8660254037844387,0.7638886127905428,-0.6453481132295501,3590.0,6057.0,6992.0,4304.857142857143,4398.0,2241.178293411103,4495.866666666667,4423.5,2551.3308458640636,540.0,0,1,1,0,0,0,1,0,0,4398
1100,0,2015-05-13,0.43388373911755823,-0.900968867902419,0.49999999999999994,-0.8660254037844387,0.7526668275320084,-0.6584015846980488,4398.0,6731.0,6175.0,3943.8571428571427,4204.0,1972.6900777509618,4356.5,4318.5,2443.47491043616,540.0,0,1,1,0,0,0,1,0,0,4204
1100,0,2015-05-14,-0.433883739117558,-0.9009688679024191,0.49999999999999994,-0.8660254037844387,0.741222010848596,-0.6712599575675313,4204.0,5582.0,7455.0,3146.4285714285716,3729.0,2301.0246889261216,4132.933333333333,4221.5,2526.4210741042602,540.0,0,1,1,0,0,0,1,0,0,0
1100,0,2015-05-15,-0.9749279121818236,-0.2225209339563146,0.49999999999999994,-0.8660254037844387,0.7295575540864875,-0.6839194216246106,0.0,6104.0,0.0,3022.4285714285716,3729.0,2132.2810834989723,4108.5,4221.5,2511.552655506007,540.0,0,1,1,0,0,0,1,0,0,5236
1100,0,2015-05-16,-0.7818314824680299,0.6234898018587334,0.49999999999999994,-0.8660254037844387,0.717676913675962,-0.6963762255968722,5236.0,3729.0,4239.0,2924.285714285714,3590.0,2110.0336264528664,4001.9333333333334,4119.5,2485.729642875755,540.0,0,1,1,0,0,0,1,0,0,3042
1100,0,2015-05-17,-2.4492935982947064e-16,1.0,0.49999999999999994,-0.8660254037844387,0.705583610107178,-0.7086266782644596,3042.0,0.0,0.0,2924.285714285714,3590.0,2110.0336264528664,3800.1,3942.5,2558.0501107221257,540.0,0,1,1,0,0,0,1,0,0,0
1100,0,2015-05-18,0.7818314824680298,0.6234898018587336,0.49999999999999994,-0.8660254037844387,0.6932812268869777,-0.7206671495538609,0.0,3590.0,7635.0,3517.4285714285716,4204.0,2799.342711967858,3965.5333333333333,4119.5,2648.616265059964,540.0,1,1,1,0,0,0,1,0,0,7742
1100,0,2015-05-19,0.9749279121818236,-0.22252093395631434,0.49999999999999994,-0.8660254037844387,0.6807734094770161,-0.7324940716135789,7742.0,4398.0,6057.0,3904.285714285714,4204.0,3111.0755757607676,4202.4,4221.5,2599.0301719069603,540.0,1,1,1,0,0,0,1,0,0,7106
1100,0,2015-05-20,0.43388373911755823,-0.900968867902419,0.49999999999999994,-0.8660254037844387,0.6680638642135335,-0.7441039398713607,7106.0,4204.0,6731.0,4168.142857142857,5236.0,3217.244080916217,4279.7,4318.5,2618.966394565237,540.0,1,1,1,0,0,0,1,0,0,6051
1100,0,2015-05-21,-0.433883739117558,-0.9009688679024191,0.49999999999999994,-0.8660254037844387,0.6551563572090853,-0.7554933140726803,6051.0,0.0,5582.0,4948.0,5459.0,2650.1450903676905,4327.166666666667,4423.5,2627.269739027411,540.0,1,1,1,0,0,0,1,0,0,5459
1100,0,2015-05-22,-0.9749279121818236,-0.2225209339563146,0.49999999999999994,-0.8660254037844387,0.6420547132365637,-0.766658819300159,5459.0,5236.0,6104.0,4999.428571428572,5596.0,2660.139711690772,4385.366666666667,4842.5,2635.6604548638848,540.0,1,1,1,0,0,0,1,0,0,5596
1100,0,2015-05-23,-0.7818314824680299,0.6234898018587334,0.49999999999999994,-0.8660254037844387,0.6287628145958344,-0.777597146973627,5596.0,3042.0,3729.0,4934.285714285715,5596.0,2720.951592996198,4355.1,4842.5,2651.4158787464735,540.0,0,1,1,0,0,0,1,0,0,2586
1100,0,2015-05-24,-2.4492935982947064e-16,1.0,0.49999999999999994,-0.8660254037844387,0.6152845999633276,-0.7883050558305255,2586.0,0.0,0.0,4934.285714285715,5596.0,2720.951592996198,4206.8,4817.0,2767.8478555954093,540.0,0,1,1,0,0,0,1,0,0,0
1100,0,2015-05-25,0.7818314824680298,0.6234898018587336,0.49999999999999994,-0.8660254037844387,0.6016240632249226,-0.7987793728863649,0.0,7742.0,3590.0,3828.285714285714,5459.0,2953.041636137536,4118.2,4817.0,2860.13839067152,540.0,0,1,1,0,0,0,1,0,0,0
1100,0,2015-05-26,0.9749279121818236,-0.22252093395631434,0.49999999999999994,-0.8660254037844387,0.5877852522924732,-0.8090169943749473,0.0,7106.0,4398.0,3318.5714285714284,3538.0,2576.978971401893,4236.133333333333,4817.0,2755.503392690055,540.0,0,1,1,0,0,0,1,0,0,3538
1100,0,2015-05-27,0.43388373911755823,-0.900968867902419,0.49999999999999994,-0.8660254037844387,0.5737722679043246,-0.8190148866680801,3538.0,6051.0,4204.0,3030.0,3538.0,2320.323181512998,4109.266666666666,4318.5,2670.297373770903,540.0,0,1,1,0,0,0,1,0,0,4031
1100,0,2015-05-28,-0.433883739117558,-0.9009688679024191,0.49999999999999994,-0.8660254037844387,0.5595892624101765,-0.8287700871745037,4031.0,5459.0,0.0,2833.714285714286,3538.0,2130.9890281498792,4012.366666666667,4221.5,2614.237562528184,540.0,0,1,1,0,0,0,1,0,0,4085
1100,0,2015-05-29,-0.9749279121818236,-0.2225209339563146,0.49999999999999994,-0.8660254037844387,0.545240438540651,-0.8382797052177743,4085.0,5596.0,5236.0,2766.5714285714284,3538.0,2034.677685952793,3977.4,4221.5,2591.2280353211772,540.0,0,1,1,0,0,0,1,0,0,5126
1100,0,2015-05-30,-0.7818314824680299,0.6234898018587334,0.49999999999999994,-0.8660254037844387,0.5307300481619334,-0.8475409228928311,5126.0,2586.0,3042.0,2844.1428571428573,3538.0,2036.9956167986888,3833.2,4144.5,2510.1290721037944,540.0,0,1,1,0,0,0,1,0,0,3129
1100,0,2015-05-31,-2.4492935982947064e-16,1.0,0.49999999999999994,-0.8660254037844387,0.5160623910158528,-0.8565509959010036,3129.0,0.0,0.0,2844.1428571428573,3538.0,2036.9956167986888,3833.2,4144.5,2510.1290721037944,540.0,0,1,1,0,0,0,1,0,0,0
1100,0,2015-06-01,0.7818314824680298,0.6234898018587336,1.2246467991473532e-16,-1.0,0.5012418134457758,-0.865307254363206,0.0,0.0,7742.0,4226.428571428572,4031.0,2889.8164219169553,4014.4333333333334,4144.5,2727.320039681911,540.0,1,1,1,0,0,0,1,0,0,9676
1100,0,2015-06-02,0.9749279121818236,-0.22252093395631434,1.2246467991473532e-16,-1.0,0.48627270710869,-0.8738071036110808,9676.0,3538.0,7106.0,4839.0,4085.0,3161.2895048276278,4275.3,4301.0,2704.2800450524596,540.0,1,1,1,0,0,0,1,0,0,7826
1100,0,2015-06-03,0.43388373911755823,-0.900968867902419,1.2246467991473532e-16,-1.0,0.4711595076738638,-0.8820480249558537,7826.0,4031.0,6051.0,5323.571428571428,5126.0,3274.727309621511,4268.233333333334,4301.0,2695.4605477297905,540.0,1,1,1,0,0,0,1,0,0,7423
1100,0,2015-06-04,-0.433883739117558,-0.9009688679024191,1.2246467991473532e-16,-1.0,0.4559066935084588,-0.8900275764346767,7423.0,4085.0,5459.0,4740.0,5126.0,3846.329375738204,4066.3333333333335,4144.5,2782.3020775204623,540.0,1,1,1,0,0,0,1,0,0,0
1100,0,2015-06-05,-0.9749279121818236,-0.2225209339563146,1.2246467991473532e-16,-1.0,0.440518784350495,-0.8977433935342337,0.0,5126.0,5596.0,5001.0,6953.0,3937.787534474993,4073.733333333333,4144.5,2789.9183887870126,540.0,1,1,1,0,0,0,1,0,0,6953
1100,0,2015-06-06,-0.7818314824680299,0.6234898018587334,1.2246467991473532e-16,-1.0,0.42500033996955416,-0.9051931898913974,6953.0,3129.0,2586.0,4950.857142857143,6953.0,3967.7190940795936,3980.266666666667,4058.0,2784.610849222771,540.0,0,1,1,0,0,0,1,0,0,2778
1100,0,2015-06-07,-2.4492935982947064e-16,1.0,1.2246467991473532e-16,-1.0,0.4093559588156213,-0.9123747579707273,2778.0,0.0,0.0,4950.857142857143,6953.0,3967.7190940795936,3776.8,3880.0,2846.4011688082674,540.0,0,1,1,0,0,0,1,0,0,0
1100,0,2015-06-08,0.7818314824680298,0.6234898018587336,1.2246467991473532e-16,-1.0,0.39359027665646673,-0.9192859697186104,0.0,9676.0,0.0,4135.857142857143,3971.0,3377.384068011381,3784.866666666667,4001.0,2846.6039383112575,540.0,0,1,1,0,0,0,1,0,0,3971
1100,0,2015-06-09,0.9749279121818236,-0.22252093395631434,1.2246467991473532e-16,-1.0,0.3777079652039649,-0.9259247771938498,3971.0,7826.0,3538.0,3592.1428571428573,3971.0,2965.55871231551,3918.866666666667,4025.5,2755.4513834282666,540.0,0,1,1,0,0,0,1,0,0,4020
1100,0,2015-06-10,0.43388373911755823,-0.900968867902419,1.2246467991473532e-16,-1.0,0.36171373072976765,-0.9322892131745133,4020.0,7423.0,4031.0,3106.1428571428573,3971.0,2470.57047585986,3933.233333333333,4026.0,2754.8010965601784,540.0,0,1,1,0,0,0,1,0,0,4021
1100,0,2015-06-11,-0.433883739117558,-0.9009688679024191,1.2246467991473532e-16,-1.0,0.3456123126707335,-0.9383773917408641,4021.0,0.0,4085.0,3696.4285714285716,4020.0,2065.0871537010016,3924.366666666667,4026.0,2753.6814540855444,540.0,0,1,1,0,0,0,1,0,0,4132
1100,0,2015-06-12,-0.9749279121818236,-0.2225209339563146,1.2246467991473532e-16,-1.0,0.3294084822245304,-0.9441875088341993,4132.0,6953.0,5126.0,3212.5714285714284,3971.0,1492.2265084030953,3903.1,4020.5,2753.9110038709214,540.0,0,1,1,0,0,0,1,0,0,3566
1100,0,2015-06-13,-0.7818314824680299,0.6234898018587334,1.2246467991473532e-16,-1.0,0.3131070409358269,-0.9497178427914316,3566.0,2778.0,3129.0,3284.4285714285716,3971.0,1479.8719378314108,4012.4666666666667,4020.5,2657.0059340041566,540.0,0,1,1,0,0,0,1,0,0,3281
1100,0,2015-06-14,-2.4492935982947064e-16,1.0,1.2246467991473532e-16,-1.0,0.29671281927349075,-0.9549667548552551,3281.0,0.0,0.0,3284.4285714285716,3971.0,1479.8719378314108,3837.9333333333334,3995.5,2744.39701226326,540.0,0,1,1,0,0,0,1,0,0,0
1100,0,2015-06-15,0.7818314824680298,0.6234898018587336,1.2246467991473532e-16,-1.0,0.28023067519921585,-0.9599326896597447,0.0,3971.0,9676.0,4074.714285714286,4020.0,2797.8418894024726,4053.3,4020.5,2927.207214959391,540.0,1,1,1,0,0,0,1,0,0,9503
1100,0,2015-06-16,0.9749279121818236,-0.22252093395631434,1.2246467991473532e-16,-1.0,0.26366549272800704,-0.9646141756912435,9503.0,4020.0,7826.0,4582.0,4021.0,3092.6570022123865,4305.666666666667,4026.0,2891.8555352544113,540.0,1,1,1,0,0,0,1,0,0,7571
1100,0,2015-06-17,0.43388373911755823,-0.900968867902419,1.2246467991473532e-16,-1.0,0.24702218048093552,-0.9690098257244062,7571.0,4021.0,7423.0,4875.142857142857,4132.0,3127.672053811022,4250.033333333334,4026.0,2839.03974153638,540.0,1,1,1,0,0,0,1,0,0,6073
1100,0,2015-06-18,-0.433883739117558,-0.9009688679024191,1.2246467991473532e-16,-1.0,0.23030567023061221,-0.9731183372332619,6073.0,4132.0,0.0,5052.142857142857,5371.0,3113.634126899058,4192.2,4026.0,2796.203909490194,540.0,1,1,1,0,0,0,1,0,0,5371
1100,0,2015-06-19,-0.9749279121818236,-0.2225209339563146,1.2246467991473532e-16,-1.0,0.21352091543979612,-0.9769384927771817,5371.0,3566.0,6953.0,5346.0,5623.0,3046.3392785440024,4177.933333333333,4026.0,2787.471217520589,540.0,1,1,1,0,0,0,1,0,0,5623
1100,0,2015-06-20,-0.7818314824680299,0.6234898018587334,1.2246467991473532e-16,-1.0,0.19667288979357647,-0.980469160361632,5623.0,3281.0,2778.0,5348.142857142857,5623.0,3044.6494285643357,4105.833333333333,4020.5,2781.1595210647592,540.0,0,1,1,0,0,0,1,0,0,3296
1100,0,2015-06-21,-2.4492935982947064e-16,1.0,1.2246467991473532e-16,-1.0,0.1797665857255624,-0.9837092937736097,3296.0,0.0,0.0,5348.142857142857,5623.0,3044.6494285643357,3919.3,3995.5,2864.1905054873887,540.0,0,1,1,0,0,0,1,0,0,0
1100,0,2015-06-22,0.7818314824680298,0.6234898018587336,1.2246467991473532e-16,-1.0,0.16280701293851715,-0.986657932891657,0.0,9503.0,3971.0,4492.857142857143,5371.0,2469.56996449256,3950.3,3995.5,2854.277868091302,540.0,0,1,1,0,0,0,1,0,0,3516
1100,0,2015-06-23,0.9749279121818236,-0.22252093395631434,1.2246467991473532e-16,-1.0,0.1457991969198751,-0.9893142039703663,3516.0,7571.0,4020.0,4025.0,4296.0,2066.5676858017405,4093.5,4020.5,2755.3059377036143,540.0,0,1,1,0,0,0,1,0,0,4296
1100,0,2015-06-24,0.43388373911755823,-0.900968867902419,1.2246467991473532e-16,-1.0,0.12874817745258132,-0.99167731989929,4296.0,6073.0,4021.0,3711.5714285714284,3879.0,1860.2670827189236,4222.8,4020.5,2645.408037101004,540.0,0,1,1,0,0,0,1,0,0,3879
1100,0,2015-06-25,-0.433883739117558,-0.9009688679024191,1.2246467991473532e-16,-1.0,0.11165900712169512,-0.993746580436178,3879.0,5371.0,4132.0,3542.5714285714284,3879.0,1733.8260059900963,4244.466666666666,4026.0,2642.2658997643366,540.0,0,1,1,0,0,0,1,0,0,4188
1100,0,2015-06-26,-0.9749279121818236,-0.2225209339563146,1.2246467991473532e-16,-1.0,0.09453674981719912,-0.9955213724144752,4188.0,5623.0,3566.0,3393.285714285714,3879.0,1561.241035659939,4262.7,4053.0,2642.6293482843485,540.0,0,1,1,0,0,0,1,0,0,4578
1100,0,2015-06-27,-0.7818314824680299,0.6234898018587334,1.2246467991473532e-16,-1.0,0.07738647923346301,-0.9970011699250151,4578.0,3296.0,3281.0,3334.4285714285716,3879.0,1573.239741970127,4222.666666666667,4020.5,2654.4845766769977,540.0,0,1,1,0,0,0,1,0,0,2884
1100,0,2015-06-28,-2.4492935982947064e-16,1.0,1.2246467991473532e-16,-1.0,0.06021327736579302,-0.9981855344718586,2884.0,0.0,0.0,3334.4285714285716,3879.0,1573.239741970127,4051.8,3995.5,2757.318805126352,540.0,0,1,1,0,0,0,1,0,0,0
1100,0,2015-06-29,0.7818314824680298,0.6234898018587336,1.2246467991473532e-16,-1.0,0.04302223300453059,-0.99907411510223,0.0,3516.0,9503.0,4188.571428571428,4188.0,2818.488120555815,4264.0,4020.5,2923.78712843698,540.0,1,1,1,0,0,0,1,0,0,9495
1100,0,2015-06-30,0.9749279121818236,-0.22252093395631434,1.2246467991473532e-16,-1.0,0.02581844022713308,-0.9996666485105112,9495.0,4296.0,7571.0,4918.571428571428,4188.0,3443.422999339601,4577.533333333334,4076.5,2954.9302895486258,540.0,1,1,1,0,0,0,1,0,0,9406
1100,0,2015-07-01,0.43388373911755823,-0.900968867902419,-0.4999999999999998,-0.8660254037844388,0.008606996888688698,-0.9999629591162655,9406.0,3879.0,6073.0,5105.0,4578.0,3412.95145975835,4427.8,4076.5,2797.2746268343058,540.0,1,1,1,0,0,0,1,0,0,5184
1100,0,2015-07-02,-0.433883739117558,-0.9009688679024191,-0.4999999999999998,-0.8660254037844388,-0.008606996888688009,-0.9999629591162655,5184.0,4188.0,5371.0,5269.0,5184.0,3389.0418016503318,4344.8,4076.5,2729.0772016221454,540.0,1,1,1,0,0,0,1,0,0,5336
1100,0,2015-07-03,-0.9749279121818236,-0.2225209339563146,-0.4999999999999998,-0.8660254037844388,-0.02581844022713239,-0.9996666485105112,5336.0,4578.0,5623.0,5492.428571428572,5336.0,3387.4481967573,4302.1,4076.5,2688.980852318941,540.0,1,1,1,0,0,0,1,0,0,6142
1100,0,2015-07-04,-0.7818314824680299,0.6234898018587334,-0.4999999999999998,-0.8660254037844388,-0.04302223300453034,-0.99907411510223,6142.0,2884.0,3296.0,5471.142857142857,5336.0,3406.982361199395,4393.266666666666,4076.5,2582.3426938548873,540.0,0,1,1,0,0,0,1,0,0,2735
1100,0,2015-07-05,-2.4492935982947064e-16,1.0,-0.4999999999999998,-0.8660254037844388,-0.060213277365792774,-0.9981855344718586,2735.0,0.0,0.0,5471.142857142857,5336.0,3406.982361199395,4161.5,4020.5,2655.660210789848,540.0,0,1,1,0,0,0,1,0,0,0
1100,0,2015-07-06,0.7818314824680298,0.6234898018587336,-0.4999999999999998,-0.8660254037844388,-0.07738647923346322,-0.9970011699250151,0.0,9495.0,3516.0,4789.0,5184.0,2908.628829305425,4226.233333333334,4076.5,2644.418594379267,540.0,0,1,1,0,0,0,1,0,0,4720
1100,0,2015-07-07,0.9749279121818236,-0.22252093395631434,-0.4999999999999998,-0.8660254037844388,-0.09453674981719933,-0.9955213724144752,4720.0,9406.0,4296.0,4056.8571428571427,4720.0,2079.65833961345,4368.933333333333,4160.0,2521.128605144555,540.0,0,1,1,0,0,0,1,0,0,4281
1100,0,2015-07-08,0.43388373911755823,-0.900968867902419,-0.4999999999999998,-0.8660254037844388,-0.11165900712169444,-0.9937465804361781,4281.0,5184.0,3879.0,3960.714285714286,4511.0,2033.9191818002992,4386.933333333333,4234.5,2520.1170324949658,540.0,0,1,1,0,0,0,1,0,0,4511
1100,0,2015-07-09,-0.433883739117558,-0.9009688679024191,-0.4999999999999998,-0.8660254037844388,-0.12874817745258066,-0.99167731989929,4511.0,5336.0,4188.0,3708.5714285714284,4281.0,1942.352427439703,4371.966666666666,4234.5,2523.7020765661578,540.0,0,1,1,0,0,0,1,0,0,3571
1100,0,2015-07-10,-0.9749279121818236,-0.2225209339563146,-0.4999999999999998,-0.8660254037844388,-0.14579919691987442,-0.9893142039703664,3571.0,6142.0,4578.0,3501.1428571428573,4281.0,1701.8048682277763,4394.266666666666,4288.5,2523.4496221248933,540.0,0,1,1,0,0,0,1,0,0,4690
1100,0,2015-07-11,-0.7818314824680299,0.6234898018587334,-0.4999999999999998,-0.8660254037844388,-0.16280701293851646,-0.9866579328916572,4690.0,2735.0,2884.0,3494.5714285714284,4281.0,1705.3414963131484,4346.166666666667,4288.5,2542.303355340326,540.0,0,1,1,0,0,0,1,0,0,2689
1100,0,2015-07-12,-2.4492935982947064e-16,1.0,-0.4999999999999998,-0.8660254037844388,-0.17976658572556214,-0.9837092937736098,2689.0,0.0,0.0,3494.5714285714284,4281.0,1705.3414963131484,4227.3,4288.5,2660.6488079621317,540.0,0,1,1,0,0,0,1,0,0,0
1100,0,2015-07-13,0.7818314824680298,0.6234898018587336,-0.4999999999999998,-0.8660254037844388,-0.19667288979357622,-0.9804691603616321,0.0,4720.0,9495.0,3965.4285714285716,4281.0,2409.6622762773723,4385.133333333333,4403.5,2741.7835465426374,540.0,1,1,1,0,0,0,1,0,0,8016
1100,0,2015-07-14,0.9749279121818236,-0.22252093395631434,-0.4999999999999998,-0.8660254037844388,-0.2135209154397959,-0.9769384927771817,8016.0,4281.0,9406.0,4360.428571428572,4511.0,2681.3241043150533,4620.0,4544.5,2653.5589634326507,540.0,1,1,1,0,0,0,1,0,0,7046
1100,0,2015-07-15,0.43388373911755823,-0.900968867902419,-0.4999999999999998,-0.8660254037844388,-0.23030567023061196,-0.973118337233262,7046.0,4511.0,5184.0,4606.857142857143,4690.0,2775.0976216205054,4511.1,4544.5,2509.3746349679755,540.0,1,1,1,0,0,0,1,0,0,6236
1100,0,2015-07-16,-0.433883739117558,-0.9009688679024191,-0.4999999999999998,-0.8660254037844388,-0.24702218048093527,-0.9690098257244063,6236.0,3571.0,5336.0,4846.142857142857,5246.0,2742.9212182495858,4433.6,4544.5,2446.734440165018,540.0,1,1,1,0,0,0,1,0,0,5246
1100,0,2015-07-17,-0.9749279121818236,-0.2225209339563146,-0.4999999999999998,-0.8660254037844388,-0.2636654927280072,-0.9646141756912435,5246.0,4690.0,6142.0,4972.142857142857,5572.0,2754.7854380194103,4416.9,4544.5,2436.8487897565374,540.0,1,1,1,0,0,0,1,0,0,5572
1100,0,2015-07-18,-0.7818314824680299,0.6234898018587334,-0.4999999999999998,-0.8660254037844388,-0.2802306751992161,-0.9599326896597445,5572.0,2689.0,2735.0,4997.571428571428,5572.0,2730.9160768957377,4333.433333333333,4403.5,2445.9086976972853,540.0,0,1,1,0,0,0,1,0,0,2867
1100,0,2015-07-19,-2.4492935982947064e-16,1.0,-0.4999999999999998,-0.8660254037844388,-0.2967128192734901,-0.9549667548552553,2867.0,0.0,0.0,4997.571428571428,5572.0,2730.9160768957377,4146.0,4288.5,2556.623149984066,540.0,0,1,1,0,0,0,1,0,0,0
1100,0,2015-07-20,0.7818314824680298,0.6234898018587336,-0.4999999999999998,-0.8660254037844388,-0.3131070409358267,-0.9497178427914317,0.0,8016.0,4720.0,4482.142857142857,5246.0,2384.8281858847718,4183.066666666667,4352.0,2551.931397485291,540.0,0,1,1,0,0,0,1,0,0,4408
1100,0,2015-07-21,0.9749279121818236,-0.22252093395631434,-0.4999999999999998,-0.8660254037844388,-0.3294084822245302,-0.9441875088341994,4408.0,7046.0,4281.0,3989.4285714285716,4408.0,2106.9399498753905,4302.966666666666,4352.0,2430.215039205703,540.0,0,1,1,0,0,0,1,0,0,3597
1100,0,2015-07-22,0.43388373911755823,-0.900968867902419,-0.4999999999999998,-0.8660254037844388,-0.3456123126707333,-0.9383773917408642,3597.0,6236.0,4511.0,3610.714285714286,3597.0,1859.5556560896987,4305.266666666666,4352.0,2429.4770961915874,540.0,0,1,1,0,0,0,1,0,0,3585
1100,0,2015-07-23,-0.433883739117558,-0.9009688679024191,-0.4999999999999998,-0.8660254037844388,-0.3617137307297674,-0.9322892131745134,3585.0,5246.0,3571.0,3358.0,3585.0,1714.8543183994607,4277.966666666666,4344.5,2434.1818066479873,540.0,0,1,1,0,0,0,1,0,0,3477
1100,0,2015-07-24,-0.9749279121818236,-0.2225209339563146,-0.4999999999999998,-0.8660254037844388,-0.37770796520396466,-0.9259247771938499,3477.0,5572.0,4690.0,3128.285714285714,3585.0,1457.189728471157,4280.8,4344.5,2433.75083585696,540.0,0,1,1,0,0,0,1,0,0,3964
1100,0,2015-07-25,-0.7818314824680299,0.6234898018587334,-0.4999999999999998,-0.8660254037844388,-0.39359027665646645,-0.9192859697186105,3964.0,2867.0,2689.0,3090.0,3585.0,1468.6742320882254,4227.833333333333,4344.5,2453.0545783507923,540.0,0,1,1,0,0,0,1,0,0,2599
1100,0,2015-07-26,-2.4492935982947064e-16,1.0,-0.4999999999999998,-0.8660254037844388,-0.4093559588156211,-0.9123747579707274,2599.0,0.0,0.0,3090.0,3585.0,1468.6742320882254,4075.233333333333,4122.5,2570.121299744871,540.0,0,1,1,0,0,0,1,0,0,0
1100,0,2015-07-27,0.7818314824680298,0.6234898018587336,-0.4999999999999998,-0.8660254037844388,-0.42500033996955394,-0.9051931898913975,0.0,4408.0,8016.0,3531.4285714285716,3585.0,2208.745862636586,4229.033333333334,4344.5,2633.6472871919086,540.0,1,1,1,0,0,0,1,0,0,7498
1100,0,2015-07-28,0.9749279121818236,-0.22252093395631434,-0.4999999999999998,-0.8660254037844388,-0.4405187843504952,-0.8977433935342336,7498.0,3597.0,7046.0,4005.1428571428573,3585.0,2553.79583029989,4459.466666666666,4459.5,2552.029695715953,540.0,1,1,1,0,0,0,1,0,0,6913
1100,0,2015-07-29,0.43388373911755823,-0.900968867902419,-0.4999999999999998,-0.8660254037844388,-0.455906693508459,-0.8900275764346766,6913.0,3585.0,6236.0,4247.285714285715,3964.0,2587.45523080662,4318.966666666666,4459.5,2375.1390737260413,540.0,1,1,1,0,0,0,1,0,0,5280
1100,0,2015-07-30,-0.433883739117558,-0.9009688679024191,-0.4999999999999998,-0.8660254037844388,-0.47115950767386394,-0.8820480249558535,5280.0,3477.0,5246.0,4508.142857142857,5280.0,2588.8998582777303,4182.2,4459.5,2182.4262265842403,540.0,1,1,1,0,0,0,1,0,0,5303
1100,0,2015-07-31,-0.9749279121818236,-0.2225209339563146,-0.4999999999999998,-0.8660254037844388,-0.4862727071086902,-0.8738071036110807,5303.0,3964.0,5572.0,4980.428571428572,5303.0,2768.4171685364918,4251.733333333334,4459.5,2247.699221093809,540.0,1,1,1,0,0,0,1,0,0,7270
