Store,Cluster,Date,DayOfWeek_sin,DayOfWeek_cos,Month_sin,Month_cos,DayOfYear_sin,DayOfYear_cos,Sales_Lag_1,Sales_Lag_7,Sales_Lag_14,RollingMean_7,RollingMedian_7,RollingStd_7,RollingMean_30,RollingMedian_30,RollingStd_30,CompetitionDistance,Promo,Promo2,StoreType_a,StoreType_b,StoreType_c,StoreType_d,Assortment_a,Assortment_b,Assortment_c,Sales
367,0,2013-01-30,0.43388373911755823,-0.900968867902419,0.49999999999999994,0.8660254037844387,0.4937755501599772,0.869589389346611,2674.0,4876.0,2996.0,3376.8571428571427,3718.0,1741.7209333081487,3862.5666666666666,3940.5,2266.727501127521,2640.0,0,0,0,0,0,1,0,0,1,3718
367,0,2013-01-31,-0.433883739117558,-0.9009688679024191,0.49999999999999994,0.8660254037844387,0.5086709438521044,0.8609610158889943,3718.0,4793.0,3386.0,3351.5714285714284,3718.0,1718.8702546675684,4016.4333333333334,4023.0,2149.1100432879,2640.0,0,0,0,0,0,1,0,0,1,4616
367,0,2013-02-01,-0.9749279121818236,-0.2225209339563146,0.8660254037844386,0.5000000000000001,0.5234156073655503,0.8520775211013093,4616.0,5361.0,3807.0,3259.285714285714,3718.0,1606.6843409421062,4038.5333333333333,4039.0,2152.8939902682932,2640.0,0,0,0,0,0,1,0,0,1,4715
367,0,2013-02-02,-0.7818314824680299,0.6234898018587334,0.8660254037844386,0.5000000000000001,0.5380051715382996,0.8429415373547828,4715.0,3853.0,4123.0,3389.285714285714,3718.0,1697.0055700444545,4064.1666666666665,4103.5,2156.9197398994284,2640.0,0,0,0,0,0,1,0,0,1,4763
367,0,2013-02-03,-2.4492935982947064e-16,1.0,0.8660254037844386,0.5000000000000001,0.5524353131676196,0.8335557718385699,4763.0,0.0,0.0,3389.285714285714,3718.0,1697.0055700444545,3934.6,4103.5,2281.100892717948,2640.0,0,0,0,0,0,1,0,0,1,0
367,0,2013-02-04,0.7818314824680298,0.6234898018587336,0.8660254037844386,0.5000000000000001,0.5667017562911176,0.8239230057575542,0.0,3239.0,8161.0,4093.4285714285716,4616.0,2470.5522902880684,4070.733333333333,4307.5,2408.623901494497,2640.0,1,0,0,0,0,1,0,0,1,8168
367,0,2013-02-05,0.9749279121818236,-0.22252093395631434,0.8660254037844386,0.5000000000000001,0.5808002734538009,0.8140460935082178,8168.0,2674.0,5592.0,4522.0,4715.0,2443.3408139949156,4259.866666666667,4554.0,2298.193109339616,2640.0,1,0,0,0,0,1,0,0,1,5674
367,0,2013-02-06,0.43388373911755823,-0.900968867902419,0.8660254037844386,0.5000000000000001,0.5947266869607634,0.8039279618328213,5674.0,3718.0,4876.0,4810.142857142857,4763.0,2451.6407722565064,4135.3,4554.0,2098.548219849733,2640.0,1,0,0,0,0,1,0,0,1,5735
367,0,2013-02-07,-0.433883739117558,-0.9009688679024191,0.8660254037844386,0.5000000000000001,0.6084768701151261,0.7935716089521474,5735.0,4616.0,4793.0,4876.571428571428,5081.0,2451.803340206474,4108.933333333333,4554.0,2080.870174964664,2640.0,1,0,0,0,0,1,0,0,1,5081
367,0,2013-02-08,-0.9749279121818236,-0.2225209339563146,0.8660254037844386,0.5000000000000001,0.6220467484408675,0.7829801036770629,5081.0,4715.0,5361.0,4988.285714285715,5497.0,2461.012780292274,4102.266666666666,4554.0,2075.9213979760198,2640.0,1,0,0,0,0,1,0,0,1,5497
367,0,2013-02-09,-0.7818314824680299,0.6234898018587334,0.8660254037844386,0.5000000000000001,0.6354323008901774,0.7721565844991642,5497.0,4763.0,3853.0,4945.857142857143,5497.0,2468.0940979205957,4071.733333333333,4479.0,2063.1467083631946,2640.0,0,0,0,0,0,1,0,0,1,4466
367,0,2013-02-10,-2.4492935982947064e-16,1.0,0.8660254037844386,0.5000000000000001,0.6486295610349814,0.7611042586607747,4466.0,0.0,0.0,4945.857142857143,5497.0,2468.0940979205957,3882.5,4294.5,2168.4931165562234,2640.0,0,0,0,0,0,1,0,0,1,0
367,0,2013-02-11,0.7818314824680298,0.6234898018587336,0.8660254037844386,0.5000000000000001,0.6616346182422783,0.7498264012045686,0.0,8168.0,3239.0,4322.0,5081.0,2031.1343300399085,3859.4666666666667,3988.0,2165.4635998554327,2640.0,0,0,0,0,0,1,0,0,1,3801
367,0,2013-02-12,0.9749279121818236,-0.22252093395631434,0.8660254037844386,0.5000000000000001,0.6744436188329455,0.7383263540031065,3801.0,5674.0,2674.0,3917.5714285714284,4466.0,1998.651199946509,3954.233333333333,3988.0,2049.8616048042304,2640.0,0,0,0,0,0,1,0,0,1,2843
367,0,2013-02-13,0.43388373911755823,-0.900968867902419,0.8660254037844386,0.5000000000000001,0.6870527672236669,0.7266075247685656,2843.0,5735.0,3718.0,3678.5714285714284,4062.0,1838.7317057456441,3962.8,4092.5,2049.7534485883903,2640.0,0,0,0,0,0,1,0,0,1,4062
367,0,2013-02-14,-0.433883739117558,-0.9009688679024191,0.8660254037844386,0.5000000000000001,0.6994583270516471,0.7146733860429609,4062.0,5081.0,4616.0,3585.0,4062.0,1770.8830189108107,4014.2,4274.5,2041.083829733605,2640.0,0,0,0,0,0,1,0,0,1,4426
367,0,2013-02-15,-0.9749279121818236,-0.2225209339563146,0.8660254037844386,0.5000000000000001,0.7116566222817746,0.702527474169157,4426.0,5497.0,4715.0,3358.285714285714,3910.0,1576.189784922881,4044.6666666666665,4274.5,2032.1633849148313,2640.0,0,0,0,0,0,1,0,0,1,3910
367,0,2013-02-16,-0.7818314824680299,0.6234898018587334,0.8660254037844386,0.5000000000000001,0.7236440382959124,0.6901733882429719,3910.0,4466.0,4763.0,3383.0,3910.0,1597.6632936886294,4086.4333333333334,4446.0,2031.0351477176282,2640.0,0,0,0,0,0,1,0,0,1,4639
367,0,2013-02-17,-2.4492935982947064e-16,1.0,0.8660254037844386,0.5000000000000001,0.7354170229639855,0.6776147890466889,4639.0,0.0,0.0,3383.0,3910.0,1597.6632936886294,3959.5333333333333,4446.0,2163.6953978581746,2640.0,0,0,0,0,0,1,0,0,1,0
367,0,2013-02-18,0.7818314824680298,0.6234898018587336,0.8660254037844386,0.5000000000000001,0.7469720876965552,0.6648553979642865,0.0,3801.0,8168.0,4000.0,4062.0,2412.2876417763005,4092.766666666667,4541.0,2293.288433719118,2640.0,1,0,0,0,0,1,0,0,1,8120
367,0,2013-02-19,0.9749279121818236,-0.22252093395631434,0.8660254037844386,0.5000000000000001,0.7583058084785625,0.6518989958787126,8120.0,2843.0,5674.0,4482.0,4426.0,2478.7416834622627,4300.0,4627.5,2189.231025442181,2640.0,1,0,0,0,0,1,0,0,1,6217
367,0,2013-02-20,0.43388373911755823,-0.900968867902419,0.8660254037844386,0.5000000000000001,0.7694148268839378,0.6387494220515272,6217.0,4062.0,5735.0,4609.571428571428,4639.0,2476.5018915897517,4193.133333333333,4627.5,2069.2188386680737,2640.0,1,0,0,0,0,1,0,0,1,4955
367,0,2013-02-21,-0.433883739117558,-0.9009688679024191,0.8660254037844386,0.5000000000000001,0.7802958510707755,0.6254105729852463,4955.0,4426.0,5081.0,4746.142857142857,4955.0,2491.008994267947,4186.133333333333,4627.5,2064.6736192490544,2640.0,1,0,0,0,0,1,0,0,1,5382
367,0,2013-02-22,-0.9749279121818236,-0.2225209339563146,0.8660254037844386,0.5000000000000001,0.7909456567567772,0.6118864012687243,5382.0,3910.0,5497.0,4985.714285714285,5382.0,2477.7980624125194,4209.833333333333,4627.5,2076.90999063402,2640.0,1,0,0,0,0,1,0,0,1,5587
367,0,2013-02-23,-0.7818314824680299,0.6234898018587334,0.8660254037844386,0.5000000000000001,0.8013610881746766,0.5981809144059164,5587.0,4639.0,4466.0,4928.428571428572,5382.0,2491.7461653188016,4191.333333333333,4541.0,2074.0061239781458,2640.0,0,0,0,0,0,1,0,0,1,4238
367,0,2013-02-24,-2.4492935982947064e-16,1.0,0.8660254037844386,0.5000000000000001,0.8115390590073611,0.5842981736283683,4238.0,0.0,0.0,4928.428571428572,5382.0,2491.7461653188016,4012.633333333333,4446.0,2197.0566907339585,2640.0,0,0,0,0,0,1,0,0,1,0
367,0,2013-02-25,0.7818314824680298,0.6234898018587336,0.8660254037844386,0.5000000000000001,0.8214765533024142,0.5702422926917871,0.0,8120.0,3801.0,4241.428571428572,4955.0,2096.7815700212914,3994.5666666666666,4446.0,2200.640184023783,2640.0,0,0,0,0,0,1,0,0,1,3311
367,0,2013-02-26,0.9749279121818236,-0.22252093395631434,0.8660254037844386,0.5000000000000001,0.8311706263658079,0.5560174366570446,3311.0,6217.0,2843.0,3833.714285714286,4238.0,1918.5105085530731,4106.666666666667,4446.0,2072.0389813490206,2640.0,0,0,0,0,0,1,0,0,1,3363
367,0,2013-02-27,0.43388373911755823,-0.900968867902419,0.8660254037844386,0.5000000000000001,0.8406184056344782,0.5416278206559814,3363.0,4955.0,4062.0,3669.8571428571427,3808.0,1854.7026202396462,4125.633333333333,4446.0,2066.4194000206276,2640.0,0,0,0,0,0,1,0,0,1,3808
367,0,2013-02-28,-0.433883739117558,-0.9009688679024191,0.8660254037844386,0.5000000000000001,0.8498170915275278,0.5270777086423722,3808.0,5382.0,4426.0,3506.4285714285716,3808.0,1724.5251382281883,4177.766666666666,4446.0,2048.1819976267493,2640.0,0,0,0,0,0,1,0,0,1,4238
367,0,2013-03-01,-0.9749279121818236,-0.2225209339563146,1.0,6.123233995736766e-17,0.8587639582758029,0.5123714121284237,4238.0,5587.0,3910.0,3440.0,3808.0,1637.799641795866,4224.566666666667,4541.0,2053.34814360609,2640.0,0,0,0,0,0,1,0,0,1,5122
367,0,2013-03-02,-0.7818314824680299,0.6234898018587334,1.0,6.123233995736766e-17,0.8674563547295968,0.49751328890718066,5122.0,4238.0,4639.0,3570.4285714285716,3808.0,1744.7999748913776,4242.4,4552.5,2059.179927158818,2640.0,0,0,0,0,0,1,0,0,1,5151
367,0,2013-03-03,-2.4492935982947064e-16,1.0,1.0,6.123233995736766e-17,0.8758917051442429,0.48250774176121847,5151.0,0.0,0.0,3570.4285714285716,3808.0,1744.7999748913776,4085.233333333333,4446.0,2197.1768984286423,2640.0,0,0,0,0,0,1,0,0,1,0
367,0,2013-03-04,0.7818314824680298,0.6234898018587336,1.0,6.123233995736766e-17,0.8840675099433636,0.46735921715800227,0.0,3311.0,8120.0,4429.285714285715,4238.0,2772.702875912822,4237.233333333334,4446.0,2394.546356624359,2640.0,1,0,0,0,0,1,0,0,1,9323
367,0,2013-03-05,0.9749279121818236,-0.22252093395631434,1.0,6.123233995736766e-17,0.8919813464595485,0.45207220393230435,9323.0,3363.0,6217.0,4730.285714285715,5122.0,2751.944810147041,4419.566666666667,4552.5,2265.5586154919692,2640.0,1,0,0,0,0,1,0,0,1,5470
367,0,2013-03-06,0.43388373911755823,-0.900968867902419,1.0,6.123233995736766e-17,0.8996308696522433,0.43665123195606403,5470.0,3808.0,4955.0,5089.428571428572,5151.0,2775.4657181058724,4358.033333333334,4552.5,2183.8342504259194,2640.0,1,0,0,0,0,1,0,0,1,6322
367,0,2013-03-07,-0.433883739117558,-0.9009688679024191,1.0,6.123233995736766e-17,0.9070138128026359,0.4211008707960896,6322.0,4238.0,5382.0,5301.857142857143,5470.0,2756.2776486033604,4359.733333333334,4552.5,2184.913569399744,2640.0,1,0,0,0,0,1,0,0,1,5725
367,0,2013-03-08,-0.9749279121818236,-0.2225209339563146,1.0,6.123233995736766e-17,0.9141279881853337,0.40542572835999735,5725.0,5122.0,5587.0,5407.571428571428,5725.0,2762.4138512746927,4363.966666666666,4552.5,2187.791209910334,2640.0,1,0,0,0,0,1,0,0,1,5862
367,0,2013-03-09,-0.7818314824680299,0.6234898018587334,1.0,6.123233995736766e-17,0.9209712877166346,0.38963044953078796,5862.0,5151.0,4238.0,5269.714285714285,5725.0,2801.1592073214797,4334.133333333333,4446.0,2183.7749305105685,2640.0,0,0,0,0,0,1,0,0,1,4186
367,0,2013-03-10,-2.4492935982947064e-16,1.0,1.0,6.123233995736766e-17,0.9275416835791966,0.37371971479046906,4186.0,0.0,0.0,5269.714285714285,5725.0,2801.1592073214797,4150.9,4332.0,2309.8181351009825,2640.0,0,0,0,0,0,1,0,0,1,0
367,0,2013-03-11,0.7818314824680298,0.6234898018587336,1.0,6.123233995736766e-17,0.9338372288229252,0.35769823883312546,0.0,9323.0,3311.0,4187.428571428572,5470.0,2410.39248928073,4060.266666666667,4238.0,2350.0223760245544,2640.0,0,0,0,0,0,1,0,0,1,1747
367,0,2013-03-12,0.9749279121818236,-0.22252093395631434,1.0,6.123233995736766e-17,0.9398560579418954,0.3415707691678556,1747.0,5470.0,3363.0,3764.8571428571427,4186.0,2407.351825040082,4144.0,4238.0,2242.662949140659,2640.0,0,0,0,0,0,1,0,0,1,2512
367,0,2013-03-13,0.43388373911755823,-0.900968867902419,1.0,6.123233995736766e-17,0.9455963874271426,0.3253420847119801,2512.0,6322.0,3808.0,3339.0,3341.0,2126.940369012103,4128.666666666667,4238.0,2246.6579214673416,2640.0,0,0,0,0,0,1,0,0,1,3341
367,0,2013-03-14,-0.433883739117558,-0.9009688679024191,1.0,6.123233995736766e-17,0.9510565162951535,0.30901699437494745,3341.0,5725.0,4238.0,3003.0,3341.0,1855.6732830251512,4146.333333333333,4238.0,2238.2675926019115,2640.0,0,0,0,0,0,1,0,0,1,3373
367,0,2013-03-15,-0.9749279121818236,-0.2225209339563146,1.0,6.123233995736766e-17,0.9562348265919056,0.29260033563334836,3373.0,5862.0,5122.0,2728.1428571428573,3341.0,1462.455632212645,4142.2,4238.0,2238.5431746623935,2640.0,0,0,0,0,0,1,0,0,1,3938
367,0,2013-03-16,-0.7818314824680299,0.6234898018587334,1.0,6.123233995736766e-17,0.9611297838723007,0.27609697309746883,3938.0,4186.0,5151.0,2806.4285714285716,3341.0,1564.6018510729696,4152.466666666666,4238.0,2240.595006155552,2640.0,0,0,0,0,0,1,0,0,1,4734
367,0,2013-03-17,-2.4492935982947064e-16,1.0,1.0,6.123233995736766e-17,0.9657399376548549,0.2595117970697999,4734.0,0.0,0.0,2806.4285714285716,3341.0,1564.6018510729696,4022.133333333333,4238.0,2365.4284402084813,2640.0,0,0,0,0,0,1,0,0,1,0
367,0,2013-03-18,0.7818314824680298,0.6234898018587336,1.0,6.123233995736766e-17,0.970063921851507,0.2428497220959356,0.0,1747.0,9323.0,3427.4285714285716,3373.0,1900.6193602036572,4070.633333333333,4238.0,2393.265255891514,2640.0,1,0,0,0,0,1,0,0,1,6094
367,0,2013-03-19,0.9749279121818236,-0.22252093395631434,1.0,6.123233995736766e-17,0.9741004551724205,0.22611568550828828,6094.0,2512.0,5470.0,3825.8571428571427,3938.0,1967.8739313085616,4247.333333333333,4486.0,2275.1346960251553,2640.0,1,0,0,0,0,1,0,0,1,5301
367,0,2013-03-20,0.43388373911755823,-0.900968867902419,1.0,6.123233995736766e-17,0.9778483415056568,0.20931464596304847,5301.0,3341.0,6322.0,4191.714285714285,4734.0,2096.5642302177566,4173.4,4486.0,2178.9533172192314,2640.0,1,0,0,0,0,1,0,0,1,5902
367,0,2013-03-21,-0.433883739117558,-0.9009688679024191,1.0,6.123233995736766e-17,0.9813064702716093,0.19245158197082998,5902.0,3373.0,5725.0,4468.0,5301.0,2098.123050093424,4143.066666666667,4486.0,2155.7336047648946,2640.0,1,0,0,0,0,1,0,0,1,5307
367,0,2013-03-22,-0.9749279121818236,-0.2225209339563146,1.0,6.123233995736766e-17,0.9844738167520922,0.1755314904214282,5307.0,3938.0,5862.0,4697.428571428572,5307.0,2118.2199962187474,4162.7,4486.0,2166.0407890896245,2640.0,1,0,0,0,0,1,0,0,1,5544
367,0,2013-03-23,-0.7818314824680299,0.6234898018587334,1.0,6.123233995736766e-17,0.9873494423939864,0.15855938510313478,5544.0,4734.0,4186.0,4618.0,5307.0,2127.0261712854717,4122.566666666667,4238.0,2153.7895181530043,2640.0,0,0,0,0,0,1,0,0,1,4178
367,0,2013-03-24,-2.4492935982947064e-16,1.0,1.0,6.123233995736766e-17,0.989932495087353,0.141540295217043,4178.0,0.0,0.0,4618.0,5307.0,2127.0261712854717,3936.3333333333335,4212.0,2261.644005849595,2640.0,0,0,0,0,0,1,0,0,1,0
367,0,2013-03-25,0.7818314824680298,0.6234898018587336,1.0,6.123233995736766e-17,0.9922222094179323,0.12447926388678915,0.0,6094.0,1747.0,4752.714285714285,5307.0,2261.6878442353404,4029.633333333333,4212.0,2331.1826136450404,2640.0,1,0,0,0,0,1,0,0,1,7037
367,0,2013-03-26,0.9749279121818236,-0.22252093395631434,1.0,6.123233995736766e-17,0.994217906893952,0.10738134666416309,7037.0,5301.0,2512.0,4811.714285714285,5544.0,2283.654871347369,4220.1,4486.0,2221.4377039236992,2640.0,1,0,0,0,0,1,0,0,1,5714
367,0,2013-03-27,0.43388373911755823,-0.900968867902419,1.0,6.123233995736766e-17,0.995918996147179,0.09025161003104117,5714.0,5902.0,3341.0,4925.571428571428,5544.0,2365.475911040796,4333.033333333334,4928.0,2259.421981061915,2640.0,1,0,0,0,0,1,0,0,1,6699
367,0,2013-03-28,-0.433883739117558,-0.9009688679024191,1.0,6.123233995736766e-17,0.9973249731081555,0.07309512989807777,6699.0,5307.0,3373.0,5377.0,5714.0,2724.6581436943598,4503.166666666667,5136.5,2373.16170719691,2640.0,1,0,0,0,0,1,0,0,1,8467
367,0,2013-03-29,-0.9749279121818236,-0.2225209339563146,1.0,6.123233995736766e-17,0.9984354211555643,0.055916990100603484,8467.0,5544.0,3938.0,4585.0,5714.0,3392.0486435191347,4376.233333333334,5136.5,2509.5465270172563,2640.0,1,0,0,0,0,1,0,0,1,0
367,0,2013-03-30,-0.7818314824680299,0.6234898018587334,1.0,6.123233995736766e-17,0.9992500112396835,0.03872228089217446,0.0,4178.0,4734.0,4954.142857142857,6699.0,3479.841444116452,4460.366666666667,5226.0,2546.785065776924,2640.0,0,0,0,0,0,1,0,0,1,6762
367,0,2013-03-31,-2.4492935982947064e-16,1.0,1.0,6.123233995736766e-17,0.9997685019798909,0.021516097436222254,6762.0,0.0,0.0,4954.142857142857,6699.0,3479.841444116452,4289.633333333333,5226.0,2669.6243243822405,2640.0,0,0,0,0,0,1,0,0,1,0
367,0,2013-04-01,0.7818314824680298,0.6234898018587336,0.8660254037844387,-0.49999999999999983,0.9999907397361901,0.004303538296244289,0.0,7037.0,6094.0,3948.8571428571427,5714.0,3781.2436414743865,4117.933333333333,5017.5,2775.8471951054353,2640.0,0,0,0,0,0,1,0,0,1,0
367,0,2013-04-02,0.9749279121818236,-0.22252093395631434,0.8660254037844387,-0.49999999999999983,0.9999166586547379,-0.01291029607500882,0.0,5714.0,5301.0,3803.285714285714,4695.0,3721.0993767203495,4274.433333333333,5017.5,2665.8463453060476,2640.0,0,0,0,0,0,1,0,0,1,4695
367,0,2013-04-03,0.43388373911755823,-0.900968867902419,0.8660254037844387,-0.49999999999999983,0.9995462806873573,-0.030120304846908114,4695.0,6699.0,5902.0,3395.714285714286,3846.0,3500.7938487475344,4091.866666666667,4714.5,2489.917444045268,2640.0,0,0,0,0,0,1,0,0,1,3846
367,0,2013-04-04,-0.433883739117558,-0.9009688679024191,0.8660254037844387,-0.49999999999999983,0.9988797155850336,-0.04732138832243185,3846.0,8467.0,5307.0,2726.4285714285716,3782.0,2733.405071648601,4035.6,4440.5,2476.738436484285,2640.0,0,0,0,0,0,1,0,0,1,3782
367,0,2013-04-05,-0.9749279121818236,-0.2225209339563146,0.8660254037844387,-0.49999999999999983,0.9979171608653922,-0.06450844944931623,3782.0,0.0,5544.0,3220.5714285714284,3782.0,2457.065584333127,3940.1666666666665,4182.0,2440.4944536222406,2640.0,0,0,0,0,0,1,0,0,1,3459
367,0,2013-04-06,-0.7818314824680299,0.6234898018587334,0.8660254037844387,-0.49999999999999983,0.9966589017541702,-0.08167639533042241,3459.0,6762.0,4178.0,2866.285714285714,3782.0,1997.0525543314855,3892.0666666666666,4182.0,2418.222443967003,2640.0,0,0,0,0,0,1,0,0,1,4282
367,0,2013-04-07,-2.4492935982947064e-16,1.0,0.8660254037844387,-0.49999999999999983,0.9951053111006976,-0.09882013873287143,4282.0,0.0,0.0,2866.285714285714,3782.0,1997.0525543314855,3696.6666666666665,4058.0,2489.344912211649,2640.0,0,0,0,0,0,1,0,0,1,0
367,0,2013-04-08,0.7818314824680298,0.6234898018587336,0.8660254037844387,-0.49999999999999983,0.9932568492674143,-0.11593459959550041,0.0,0.0,7037.0,3889.0,3846.0,2114.2179011003886,3795.766666666667,4058.0,2567.4486555431977,2640.0,1,0,0,0,0,1,0,0,1,7159
367,0,2013-04-09,0.9749279121818236,-0.22252093395631434,0.8660254037844387,-0.49999999999999983,0.9911140639934547,-0.1330147065341959,7159.0,4695.0,5714.0,4017.714285714286,3846.0,2197.261379860978,3982.3,4230.0,2484.0952026567074,2640.0,1,0,0,0,0,1,0,0,1,5596
367,0,2013-04-10,0.43388373911755823,-0.900968867902419,0.8660254037844387,-0.49999999999999983,0.9886775902323405,-0.1500553983446526,5596.0,3846.0,6699.0,4252.571428571428,4282.0,2262.733586994784,4107.066666666667,4488.5,2461.8519232386875,2640.0,1,0,0,0,0,1,0,0,1,5490
367,0,2013-04-11,-0.433883739117558,-0.9009688679024191,0.8660254037844387,-0.49999999999999983,0.9859481499638304,-0.16705162550211924,5490.0,3782.0,8467.0,4452.0,5178.0,2275.827981197172,4195.933333333333,4714.5,2450.379800728061,2640.0,1,0,0,0,0,1,0,0,1,5178
367,0,2013-04-12,-0.9749279121818236,-0.2225209339563146,0.8660254037844387,-0.49999999999999983,0.9829265519799822,-0.18399835165768005,5178.0,3459.0,0.0,4749.857142857143,5490.0,2260.5950860021653,4269.366666666667,4956.0,2456.8768580053625,2640.0,1,0,0,0,0,1,0,0,1,5544
367,0,2013-04-13,-0.7818314824680299,0.6234898018587334,0.8660254037844387,-0.49999999999999983,0.9796136916454901,-0.20089055513063506,5544.0,4282.0,6762.0,4799.142857142857,5490.0,2252.440929937373,4311.166666666667,4956.0,2451.762801196995,2640.0,0,0,0,0,0,1,0,0,1,4627
367,0,2013-04-14,-2.4492935982947064e-16,1.0,0.8660254037844387,-0.49999999999999983,0.9760105506323683,-0.21772323039653177,4627.0,0.0,0.0,4799.142857142857,5490.0,2252.440929937373,4179.9,4956.0,2574.7652099185466,2640.0,0,0,0,0,0,1,0,0,1,0
367,0,2013-04-15,0.7818314824680298,0.6234898018587336,0.8660254037844387,-0.49999999999999983,0.9721181966290613,-0.23449138957040985,0.0,7159.0,0.0,4282.714285714285,5178.0,2024.0433719237758,4140.233333333334,4936.5,2575.100931176704,2640.0,0,0,0,0,0,1,0,0,1,3544
367,0,2013-04-16,0.9749279121818236,-0.22252093395631434,0.8660254037844387,-0.49999999999999983,0.9679377830240642,-0.25119006388481935,3544.0,5596.0,4695.0,3961.1428571428573,4627.0,1958.3684049544427,4251.733333333334,4936.5,2459.4721599861887,2640.0,0,0,0,0,0,1,0,0,1,3345
367,0,2013-04-17,0.43388373911755823,-0.900968867902419,0.8660254037844387,-0.49999999999999983,0.9634705485641488,-0.2678143051621742,3345.0,5490.0,3846.0,3700.285714285714,3664.0,1838.7407569933755,4170.733333333334,4661.0,2436.6154442152965,2640.0,0,0,0,0,0,1,0,0,1,3664
367,0,2013-04-18,-0.433883739117558,-0.9009688679024191,0.8660254037844387,-0.49999999999999983,0.9587178169872964,-0.2843591872810034,3664.0,5178.0,3782.0,3462.8571428571427,3544.0,1719.5697551588726,4111.233333333334,4454.5,2429.848266631185,2640.0,0,0,0,0,0,1,0,0,1,3516
367,0,2013-04-19,-0.9749279121818236,-0.2225209339563146,0.8660254037844387,-0.49999999999999983,0.9536809966304457,-0.30081980763566735,3516.0,5544.0,3459.0,3291.5714285714284,3544.0,1526.6067881790284,4059.3333333333335,4313.5,2406.7986224849396,2640.0,0,0,0,0,0,1,0,0,1,4345
367,0,2013-04-20,-0.7818314824680299,0.6234898018587334,0.8660254037844387,-0.49999999999999983,0.9483615800121715,-0.3171912885891061,4345.0,4627.0,4282.0,3297.714285714286,3544.0,1532.949304911475,4038.1,4313.5,2398.206403788551,2640.0,0,0,0,0,0,1,0,0,1,4670
367,0,2013-04-21,-2.4492935982947064e-16,1.0,0.8660254037844387,-0.49999999999999983,0.9427611433904207,-0.3334687789181868,4670.0,0.0,0.0,3297.714285714286,3544.0,1532.949304911475,3853.3,4230.0,2490.0104576708804,2640.0,0,0,0,0,0,1,0,0,1,0
367,0,2013-04-22,0.7818314824680298,0.6234898018587336,0.8660254037844387,-0.49999999999999983,0.9368813462954315,-0.3496474552512284,0.0,3544.0,7159.0,3798.8571428571427,3664.0,2096.6479937089607,3949.1,4313.5,2557.310903785594,2640.0,1,0,0,0,0,1,0,0,1,7052
367,0,2013-04-23,0.9749279121818236,-0.22252093395631434,0.8660254037844387,-0.49999999999999983,0.9307239310379795,-0.36572252349726897,7052.0,3345.0,5596.0,4017.1428571428573,4345.0,2120.9216886824956,4111.533333333334,4486.0,2450.348289576379,2640.0,1,0,0,0,0,1,0,0,1,4873
367,0,2013-04-24,0.43388373911755823,-0.900968867902419,0.8660254037844387,-0.49999999999999983,0.9242907221930934,-0.3816892202666588,4873.0,3664.0,5490.0,4184.571428571428,4670.0,2134.6133027742876,4038.1666666666665,4486.0,2391.99103451401,2640.0,1,0,0,0,0,1,0,0,1,4836
367,0,2013-04-25,-0.433883739117558,-0.9009688679024191,0.8660254037844387,-0.49999999999999983,0.9175836260593937,-0.39754281428255595,4836.0,3516.0,5178.0,4342.285714285715,4670.0,2117.7006960605263,4001.7,4482.5,2373.831693043244,2640.0,1,0,0,0,0,1,0,0,1,4620
367,0,2013-04-26,-0.9749279121818236,-0.2225209339563146,0.8660254037844387,-0.49999999999999983,0.9106046300942163,-0.4132786077829042,4620.0,4345.0,5544.0,4536.142857142857,4836.0,2179.208145831219,3968.4666666666667,4482.5,2341.526833637334,2640.0,1,0,0,0,0,1,0,0,1,5702
367,0,2013-04-27,-0.7818314824680299,0.6234898018587334,0.8660254037844387,-0.49999999999999983,0.9033558023246845,-0.4288919379124835,5702.0,4670.0,4627.0,4477.285714285715,4836.0,2180.553654028086,3828.1666666666665,4313.5,2183.4502447421078,2640.0,0,0,0,0,0,1,0,0,1,4258
367,0,2013-04-28,-2.4492935982947064e-16,1.0,0.8660254037844387,-0.49999999999999983,0.895839290734909,-0.4443781781046132,4258.0,0.0,0.0,4477.285714285715,4836.0,2180.553654028086,3828.1666666666665,4313.5,2183.4502447421078,2640.0,0,0,0,0,0,1,0,0,1,0
367,0,2013-04-29,0.7818314824680298,0.6234898018587336,0.8660254037844387,-0.49999999999999983,0.8880573226294932,-0.45973273945210397,0.0,7052.0,3544.0,4461.0,4836.0,2158.432687545911,3834.0333333333333,4313.5,2191.8253058271707,2640.0,1,0,0,0,0,1,0,0,1,6938
367,0,2013-04-30,0.9749279121818236,-0.22252093395631434,0.8660254037844387,-0.49999999999999983,0.8800122039735357,-0.47495107206704995,6938.0,4873.0,3345.0,4860.428571428572,4836.0,2481.857762318572,4089.6666666666665,4482.5,2176.4060272390125,2640.0,1,0,0,0,0,1,0,0,1,7669
367,0,2013-05-01,0.43388373911755823,-0.900968867902419,0.49999999999999994,-0.8660254037844387,0.8717063187093218,-0.49002866642905923,7669.0,4836.0,3664.0,4169.571428571428,4620.0,3088.6861207285133,4089.6666666666665,4482.5,2176.4060272390125,2640.0,1,0,0,0,0,1,0,0,1,0
367,0,2013-05-02,-0.433883739117558,-0.9009688679024191,0.49999999999999994,-0.8660254037844387,0.8631421280499114,-0.5049610547215204,0.0,4620.0,3516.0,4534.285714285715,5702.0,3294.603502410455,4172.266666666666,4482.5,2246.0800018504788,2640.0,1,0,0,0,0,1,0,0,1,7173
367,0,2013-05-03,-0.9749279121818236,-0.2225209339563146,0.49999999999999994,-0.8660254037844387,0.854322169749827,-0.5197438121555155,7173.0,5702.0,4345.0,4562.571428571428,5900.0,3307.125935367589,4240.733333333334,4623.5,2266.9999001161073,2640.0,1,0,0,0,0,1,0,0,1,5900
367,0,2013-05-04,-0.7818314824680299,0.6234898018587334,0.49999999999999994,-0.8660254037844387,0.8452490573530633,-0.5343725582809787,5900.0,4258.0,4670.0,4597.0,5900.0,3304.6803173680805,4264.633333333333,4623.5,2265.7760866230024,2640.0,0,0,0,0,0,1,0,0,1,4499
367,0,2013-05-05,-2.4492935982947064e-16,1.0,0.49999999999999994,-0.8660254037844387,0.835925479418637,-0.548842958284719,4499.0,0.0,0.0,4597.0,5900.0,3304.6803173680805,4149.333333333333,4623.5,2392.6448117934897,2640.0,0,0,0,0,0,1,0,0,1,0
367,0,2013-05-06,0.7818314824680298,0.6234898018587336,0.49999999999999994,-0.8660254037844387,0.8263541987239096,-0.5631507242749186,0.0,6938.0,7052.0,4201.714285714285,4499.0,3139.344714760588,4145.633333333333,4623.5,2392.518403104855,2640.0,0,0,0,0,0,1,0,0,1,4171
367,0,2013-05-07,0.9749279121818236,-0.22252093395631434,0.49999999999999994,-0.8660254037844387,0.8165380514459161,-0.5772916165517272,4171.0,7669.0,4873.0,3723.5714285714284,4322.0,2754.5406669196745,4289.7,4623.5,2260.7776988125747,2640.0,0,0,0,0,0,1,0,0,1,4322
367,0,2013-05-08,0.43388373911755823,-0.900968867902419,0.49999999999999994,-0.8660254037844387,0.8064799463209448,-0.5912614448635781,4322.0,0.0,4836.0,4502.714285714285,4499.0,2251.1078542416776,4232.866666666667,4623.5,2206.9495991828494,2640.0,0,0,0,0,0,1,0,0,1,5454
367,0,2013-05-09,-0.433883739117558,-0.9009688679024191,0.49999999999999994,-0.8660254037844387,0.7961828637826158,-0.6050560696488488,5454.0,7173.0,4620.0,3478.0,4322.0,2456.2387913230264,4046.3333333333335,4559.5,2321.290935922382,2640.0,0,0,0,0,0,1,0,0,1,0
367,0,2013-05-10,-0.9749279121818236,-0.2225209339563146,0.49999999999999994,-0.8660254037844387,0.7856498550787145,-0.6186714032625031,0.0,5900.0,5702.0,3302.5714285714284,4322.0,2292.843202746528,4019.0666666666666,4559.5,2308.517496118464,2640.0,0,0,0,0,0,1,0,0,1,4672
367,0,2013-05-11,-0.7818314824680299,0.6234898018587334,0.49999999999999994,-0.8660254037844387,0.7748840413670407,-0.6321034111873487,4672.0,4499.0,4258.0,3394.4285714285716,4322.0,2360.6415693721106,4017.866666666667,4559.5,2307.9035677776756,2640.0,0,0,0,0,0,1,0,0,1,5142
367,0,2013-05-12,-2.4492935982947064e-16,1.0,0.49999999999999994,-0.8660254037844387,0.7638886127905428,-0.6453481132295501,5142.0,0.0,0.0,3394.4285714285716,4322.0,2360.6415693721106,3833.0666666666666,4422.0,2401.5496855060123,2640.0,0,0,0,0,0,1,0,0,1,0
367,0,2013-05-13,0.7818314824680298,0.6234898018587336,0.49999999999999994,-0.8660254037844387,0.7526668275320084,-0.6584015846980488,0.0,4171.0,6938.0,3789.8571428571427,4672.0,2717.294882082266,3910.133333333333,4422.0,2464.1855300355905,2640.0,1,0,0,0,0,1,0,0,1,6939
367,0,2013-05-14,0.9749279121818236,-0.22252093395631434,0.49999999999999994,-0.8660254037844387,0.741222010848596,-0.6712599575675313,6939.0,4322.0,7669.0,3975.1428571428573,5142.0,2802.5113992376805,4097.433333333333,4559.5,2368.4182366461723,2640.0,1,0,0,0,0,1,0,0,1,5619
367,0,2013-05-15,0.43388373911755823,-0.900968867902419,0.49999999999999994,-0.8660254037844387,0.7295575540864875,-0.6839194216246106,5619.0,5454.0,0.0,3953.714285714286,5142.0,2789.8640775902636,4156.1,4645.0,2376.022500038596,2640.0,1,0,0,0,0,1,0,0,1,5304
367,0,2013-05-16,-0.433883739117558,-0.9009688679024191,0.49999999999999994,-0.8660254037844387,0.717676913675962,-0.6963762255968722,5304.0,0.0,7173.0,4773.714285714285,5304.0,2219.317065697292,4235.933333333333,4671.0,2388.035261296492,2640.0,1,0,0,0,0,1,0,0,1,5740
367,0,2013-05-17,-0.9749279121818236,-0.2225209339563146,0.49999999999999994,-0.8660254037844387,0.705583610107178,-0.7086266782644596,5740.0,4672.0,5900.0,4940.285714285715,5619.0,2253.898305476219,4308.4,4754.0,2403.019847235328,2640.0,1,0,0,0,0,1,0,0,1,5838
367,0,2013-05-18,-0.7818314824680299,0.6234898018587334,0.49999999999999994,-0.8660254037844387,0.6932812268869777,-0.7206671495538609,5838.0,5142.0,4499.0,4884.142857142857,5619.0,2252.9307896287323,4349.5,4792.5,2399.541489966149,2640.0,0,0,0,0,0,1,0,0,1,4749
367,0,2013-05-19,-2.4492935982947064e-16,1.0,0.49999999999999994,-0.8660254037844387,0.6807734094770161,-0.7324940716135789,4749.0,0.0,0.0,4884.142857142857,5619.0,2252.9307896287323,4204.666666666667,4792.5,2527.538059788252,2640.0,0,0,0,0,0,1,0,0,1,0
367,0,2013-05-20,0.7818314824680298,0.6234898018587336,0.49999999999999994,-0.8660254037844387,0.6680638642135335,-0.7441039398713607,0.0,6939.0,4171.0,3892.8571428571427,5304.0,2683.532027544509,4049.0,4792.5,2639.231432012763,2640.0,0,0,0,0,0,1,0,0,1,0
367,0,2013-05-21,0.9749279121818236,-0.22252093395631434,0.49999999999999994,-0.8660254037844387,0.6551563572090853,-0.7554933140726803,0.0,5619.0,4322.0,3631.8571428571427,4749.0,2574.2902211788683,4175.4,4792.5,2527.047297020638,2640.0,0,0,0,0,0,1,0,0,1,3792
367,0,2013-05-22,0.43388373911755823,-0.900968867902419,0.49999999999999994,-0.8660254037844387,0.6420547132365637,-0.766658819300159,3792.0,5304.0,5454.0,3325.714285714286,3792.0,2467.502159018692,4045.7,4710.5,2473.602637924052,2640.0,0,0,0,0,0,1,0,0,1,3161
367,0,2013-05-23,-0.433883739117558,-0.9009688679024191,0.49999999999999994,-0.8660254037844387,0.6287628145958344,-0.777597146973627,3161.0,5740.0,0.0,3094.714285714286,3792.0,2271.738080140822,4020.7,4646.0,2468.7382670170778,2640.0,0,0,0,0,0,1,0,0,1,4123
367,0,2013-05-24,-0.9749279121818236,-0.2225209339563146,0.49999999999999994,-0.8660254037844387,0.6152845999633276,-0.7883050558305255,4123.0,5838.0,4672.0,2808.285714285714,3792.0,1975.260465043005,3987.266666666667,4559.5,2464.103487153553,2640.0,0,0,0,0,0,1,0,0,1,3833
367,0,2013-05-25,-0.7818314824680299,0.6234898018587334,0.49999999999999994,-0.8660254037844387,0.6016240632249226,-0.7987793728863649,3833.0,4749.0,5142.0,2676.285714285714,3792.0,1850.9138026288285,3960.766666666667,4410.5,2461.337492913759,2640.0,0,0,0,0,0,1,0,0,1,3825
367,0,2013-05-26,-2.4492935982947064e-16,1.0,0.49999999999999994,-0.8660254037844387,0.5877852522924732,-0.8090169943749473,3825.0,0.0,0.0,2676.285714285714,3792.0,1850.9138026288285,3770.7,4290.0,2541.1055447688855,2640.0,0,0,0,0,0,1,0,0,1,0
367,0,2013-05-27,0.7818314824680298,0.6234898018587336,0.49999999999999994,-0.8660254037844387,0.5737722679043246,-0.8190148866680801,0.0,0.0,6939.0,3803.714285714286,3825.0,2298.5065959071285,3891.8333333333335,4410.5,2649.442089394949,2640.0,1,0,0,0,0,1,0,0,1,7892
367,0,2013-05-28,0.9749279121818236,-0.22252093395631434,0.49999999999999994,-0.8660254037844387,0.5595892624101765,-0.8287700871745037,7892.0,3792.0,5619.0,4062.4285714285716,3833.0,2396.7879795775893,4078.6,4585.5,2561.667218420659,2640.0,1,0,0,0,0,1,0,0,1,5603
367,0,2013-05-29,0.43388373911755823,-0.900968867902419,0.49999999999999994,-0.8660254037844387,0.545240438540651,-0.8382797052177743,5603.0,3161.0,5304.0,4419.714285714285,4123.0,2426.246738914911,4036.0666666666666,4585.5,2522.852407744926,2640.0,1,0,0,0,0,1,0,0,1,5662
367,0,2013-05-30,-0.433883739117558,-0.9009688679024191,0.49999999999999994,-0.8660254037844387,0.5307300481619334,-0.8475409228928311,5662.0,4123.0,5740.0,4616.428571428572,5500.0,2453.845339947274,3963.766666666667,4585.5,2445.0288861326344,2640.0,1,0,0,0,0,1,0,0,1,5500
367,0,2013-05-31,-0.9749279121818236,-0.2225209339563146,0.49999999999999994,-0.8660254037844387,0.5160623910158528,-0.8565509959010036,5500.0,3833.0,5838.0,5136.857142857143,5603.0,2639.305743850797,4212.966666666666,4710.5,2407.8044009705886,2640.0,1,0,0,0,0,1,0,0,1,7476
367,0,2013-06-01,-0.7818314824680299,0.6234898018587334,1.2246467991473532e-16,-1.0,0.5012418134457758,-0.865307254363206,7476.0,3825.0,4749.0,5347.714285714285,5603.0,2575.213823762065,4150.566666666667,4710.5,2352.059591717121,2640.0,0,0,0,0,0,1,0,0,1,5301
367,0,2013-06-02,-2.4492935982947064e-16,1.0,1.2246467991473532e-16,-1.0,0.48627270710869,-0.8738071036110808,5301.0,0.0,0.0,5347.714285714285,5603.0,2575.213823762065,3953.9,4585.5,2445.542734346968,2640.0,0,0,0,0,0,1,0,0,1,0
367,0,2013-06-03,0.7818314824680298,0.6234898018587336,1.2246467991473532e-16,-1.0,0.4711595076738638,-0.8820480249558537,0.0,7892.0,0.0,5222.285714285715,5603.0,2448.9232133249716,4037.733333333333,4710.5,2507.2029742370264,2640.0,1,0,0,0,0,1,0,0,1,7014
367,0,2013-06-04,0.9749279121818236,-0.22252093395631434,1.2246467991473532e-16,-1.0,0.4559066935084588,-0.8900275764346767,7014.0,5603.0,3792.0,5238.428571428572,5662.0,2452.221296236187,4228.266666666666,4945.5,2404.881070015634,2640.0,1,0,0,0,0,1,0,0,1,5716
367,0,2013-06-05,0.43388373911755823,-0.900968867902419,1.2246467991473532e-16,-1.0,0.440518784350495,-0.8977433935342337,5716.0,5662.0,3161.0,5216.285714285715,5507.0,2448.456024673897,4272.8,5221.5,2416.127699867904,2640.0,1,0,0,0,0,1,0,0,1,5507
367,0,2013-06-06,-0.433883739117558,-0.9009688679024191,1.2246467991473532e-16,-1.0,0.42500033996955416,-0.9051931898913974,5507.0,5500.0,4123.0,5099.571428571428,5507.0,2452.147552462457,4284.833333333333,5221.5,2417.2798774132734,2640.0,1,0,0,0,0,1,0,0,1,4683
367,0,2013-06-07,-0.9749279121818236,-0.2225209339563146,1.2246467991473532e-16,-1.0,0.4093559588156213,-0.9123747579707273,4683.0,7476.0,3833.0,4822.714285714285,5507.0,2239.286472241081,4287.633333333333,5221.5,2418.7290689937568,2640.0,1,0,0,0,0,1,0,0,1,5538
367,0,2013-06-08,-0.7818314824680299,0.6234898018587334,1.2246467991473532e-16,-1.0,0.39359027665646673,-0.9192859697186104,5538.0,5301.0,3825.0,4718.285714285715,5507.0,2230.29121523668,4439.966666666666,5221.5,2279.2695969108836,2640.0,0,0,0,0,0,1,0,0,1,4570
367,0,2013-06-09,-2.4492935982947064e-16,1.0,1.2246467991473532e-16,-1.0,0.3777079652039649,-0.9259247771938498,4570.0,0.0,0.0,4718.285714285715,5507.0,2230.29121523668,4284.233333333334,5221.5,2418.241776271709,2640.0,0,0,0,0,0,1,0,0,1,0
367,0,2013-06-10,0.7818314824680298,0.6234898018587336,1.2246467991473532e-16,-1.0,0.36171373072976765,-0.9322892131745133,0.0,7014.0,7892.0,4307.571428571428,4683.0,1988.7038372721452,4250.8,5025.0,2412.9013927291944,2640.0,0,0,0,0,0,1,0,0,1,4139
367,0,2013-06-11,0.9749279121818236,-0.22252093395631434,1.2246467991473532e-16,-1.0,0.3456123126707335,-0.9383773917408641,4139.0,5716.0,5603.0,4059.285714285714,4570.0,1889.580351496572,4383.4,5025.0,2276.706159769204,2640.0,0,0,0,0,0,1,0,0,1,3978
367,0,2013-06-12,0.43388373911755823,-0.900968867902419,1.2246467991473532e-16,-1.0,0.3294084822245304,-0.9441875088341993,3978.0,5507.0,5662.0,3771.714285714286,4139.0,1782.688672977396,4268.566666666667,4716.0,2229.757040782592,2640.0,0,0,0,0,0,1,0,0,1,3494
367,0,2013-06-13,-0.433883739117558,-0.9009688679024191,1.2246467991473532e-16,-1.0,0.3131070409358269,-0.9497178427914316,3494.0,4683.0,5500.0,3705.0,4139.0,1751.3645156467774,4221.8,4626.5,2215.121673314179,2640.0,0,0,0,0,0,1,0,0,1,4216
367,0,2013-06-14,-0.9749279121818236,-0.2225209339563146,1.2246467991473532e-16,-1.0,0.29671281927349075,-0.9549667548552551,4216.0,5538.0,7476.0,3511.0,4139.0,1581.4523915270643,4184.333333333333,4393.0,2205.6716442614147,2640.0,0,0,0,0,0,1,0,0,1,4180
367,0,2013-06-15,-0.7818314824680299,0.6234898018587334,1.2246467991473532e-16,-1.0,0.28023067519921585,-0.9599326896597447,4180.0,4570.0,5301.0,3496.285714285714,4139.0,1570.3974777409835,4141.9,4341.5,2186.876363911432,2640.0,0,0,0,0,0,1,0,0,1,4467
367,0,2013-06-16,-2.4492935982947064e-16,1.0,1.2246467991473532e-16,-1.0,0.26366549272800704,-0.9646141756912435,4467.0,0.0,0.0,3496.285714285714,4139.0,1570.3974777409835,3947.3,4198.0,2288.1473027998763,2640.0,0,0,0,0,0,1,0,0,1,0
367,0,2013-06-17,0.7818314824680298,0.6234898018587336,1.2246467991473532e-16,-1.0,0.24702218048093552,-0.9690098257244062,0.0,4139.0,7014.0,3978.8571428571427,4180.0,2195.443192051166,4039.5666666666666,4198.0,2375.7217804618713,2640.0,1,0,0,0,0,1,0,0,1,7517
367,0,2013-06-18,0.9749279121818236,-0.22252093395631434,1.2246467991473532e-16,-1.0,0.23030567023061221,-0.9731183372332619,7517.0,3978.0,5716.0,4302.285714285715,4216.0,2356.176189951685,4247.633333333333,4341.5,2281.1931766501943,2640.0,1,0,0,0,0,1,0,0,1,6242
367,0,2013-06-19,0.43388373911755823,-0.900968867902419,1.2246467991473532e-16,-1.0,0.21352091543979612,-0.9769384927771817,6242.0,3494.0,5507.0,4578.142857142857,4467.0,2358.8089811436216,4428.466666666666,4518.5,2143.749611172513,2640.0,1,0,0,0,0,1,0,0,1,5425
367,0,2013-06-20,-0.433883739117558,-0.9009688679024191,1.2246467991473532e-16,-1.0,0.19667288979357647,-0.980469160361632,5425.0,4216.0,4683.0,4817.857142857143,5425.0,2400.762755776549,4498.533333333334,4626.5,2156.542790949302,2640.0,1,0,0,0,0,1,0,0,1,5894
367,0,2013-06-21,-0.9749279121818236,-0.2225209339563146,1.2246467991473532e-16,-1.0,0.1797665857255624,-0.9837092937736097,5894.0,4180.0,5538.0,5026.285714285715,5639.0,2399.48909244487,4581.133333333333,4992.0,2150.9950661758025,2640.0,1,0,0,0,0,1,0,0,1,5639
367,0,2013-06-22,-0.7818314824680299,0.6234898018587334,1.2246467991473532e-16,-1.0,0.16280701293851715,-0.986657932891657,5639.0,4467.0,4570.0,4996.428571428572,5639.0,2408.890121829474,4585.633333333333,4992.0,2150.144621973671,2640.0,0,0,0,0,0,1,0,0,1,4258
367,0,2013-06-23,-2.4492935982947064e-16,1.0,1.2246467991473532e-16,-1.0,0.1457991969198751,-0.9893142039703663,4258.0,0.0,0.0,4996.428571428572,5639.0,2408.890121829474,4457.866666666667,4992.0,2304.7356155254047,2640.0,0,0,0,0,0,1,0,0,1,0
367,0,2013-06-24,0.7818314824680298,0.6234898018587336,1.2246467991473532e-16,-1.0,0.12874817745258132,-0.99167731989929,0.0,7517.0,4139.0,4474.428571428572,5425.0,2154.0853323505135,4459.133333333333,4992.0,2304.3862184274067,2640.0,0,0,0,0,0,1,0,0,1,3863
367,0,2013-06-25,0.9749279121818236,-0.22252093395631434,1.2246467991473532e-16,-1.0,0.11165900712169512,-0.993746580436178,3863.0,6242.0,3978.0,4040.5714285714284,4258.0,2041.6503828310788,4565.966666666666,4992.0,2160.318135628741,2640.0,0,0,0,0,0,1,0,0,1,3205
367,0,2013-06-26,0.43388373911755823,-0.900968867902419,1.2246467991473532e-16,-1.0,0.09453674981719912,-0.9955213724144752,3205.0,5425.0,3494.0,3843.4285714285716,4045.0,1950.2708236843137,4437.733333333334,4626.5,2068.298099860139,2640.0,0,0,0,0,0,1,0,0,1,4045
367,0,2013-06-27,-0.433883739117558,-0.9009688679024191,1.2246467991473532e-16,-1.0,0.07738647923346301,-0.9970011699250151,4045.0,5894.0,4216.0,3583.1428571428573,4045.0,1741.3834948656436,4386.7,4518.5,2057.4141478715637,2640.0,0,0,0,0,0,1,0,0,1,4072
367,0,2013-06-28,-0.9749279121818236,-0.2225209339563146,1.2246467991473532e-16,-1.0,0.06021327736579302,-0.9981855344718586,4072.0,5639.0,4180.0,3506.8571428571427,4045.0,1645.3602876544953,4368.133333333333,4518.5,2048.0003659302843,2640.0,0,0,0,0,0,1,0,0,1,5105
367,0,2013-06-29,-0.7818314824680299,0.6234898018587334,1.2246467991473532e-16,-1.0,0.04302223300453059,-0.99907411510223,5105.0,4258.0,4467.0,3587.0,4045.0,1700.7746274369629,4345.433333333333,4518.5,2038.7754892097125,2640.0,0,0,0,0,0,1,0,0,1,4819
367,0,2013-06-30,-2.4492935982947064e-16,1.0,1.2246467991473532e-16,-1.0,0.02581844022713308,-0.9996666485105112,4819.0,0.0,0.0,3587.0,4045.0,1700.7746274369629,4096.233333333334,4362.5,2098.939661424038,2640.0,0,0,0,0,0,1,0,0,1,0
367,0,2013-07-01,0.7818314824680298,0.6234898018587336,-0.4999999999999998,-0.8660254037844388,0.008606996888688698,-0.9999629591162655,0.0,3863.0,7517.0,4377.142857142857,4072.0,2787.7888148477964,4232.666666666667,4362.5,2303.0514290952074,2640.0,1,0,0,0,0,1,0,0,1,9394
367,0,2013-07-02,0.9749279121818236,-0.22252093395631434,-0.4999999999999998,-0.8660254037844388,-0.008606996888688009,-0.9999629591162655,9394.0,3205.0,6242.0,4825.285714285715,4819.0,2819.9148754460493,4444.066666666667,4518.5,2189.3980582505474,2640.0,1,0,0,0,0,1,0,0,1,6342
367,0,2013-07-03,0.43388373911755823,-0.900968867902419,-0.4999999999999998,-0.8660254037844388,-0.02581844022713239,-0.9996666485105112,6342.0,4045.0,5425.0,4988.571428571428,5105.0,2800.2261728381195,4383.2,4518.5,2140.320543186513,2640.0,1,0,0,0,0,1,0,0,1,5188
367,0,2013-07-04,-0.433883739117558,-0.9009688679024191,-0.4999999999999998,-0.8660254037844388,-0.04302223300453034,-0.99907411510223,5188.0,4072.0,5894.0,5169.714285714285,5188.0,2771.9219995210137,4370.666666666667,4518.5,2133.3362787336,2640.0,1,0,0,0,0,1,0,0,1,5340
367,0,2013-07-05,-0.9749279121818236,-0.2225209339563146,-0.4999999999999998,-0.8660254037844388,-0.060213277365792774,-0.9981855344718586,5340.0,5105.0,5639.0,5248.428571428572,5340.0,2777.595594343116,4375.633333333333,4518.5,2136.244488838288,2640.0,1,0,0,0,0,1,0,0,1,5656
367,0,2013-07-06,-0.7818314824680299,0.6234898018587334,-0.4999999999999998,-0.8660254037844388,-0.07738647923346322,-0.9970011699250151,5656.0,4819.0,4258.0,5099.857142857143,5340.0,2831.6815044875975,4345.5,4362.5,2138.134309996968,2640.0,0,0,0,0,0,1,0,0,1,3779
367,0,2013-07-07,-2.4492935982947064e-16,1.0,-0.4999999999999998,-0.8660254037844388,-0.09453674981719933,-0.9955213724144752,3779.0,0.0,0.0,5099.857142857143,5340.0,2831.6815044875975,4160.9,4237.0,2266.821644718773,2640.0,0,0,0,0,0,1,0,0,1,0
367,0,2013-07-08,0.7818314824680298,0.6234898018587336,-0.4999999999999998,-0.8660254037844388,-0.11165900712169444,-0.9937465804361781,0.0,9394.0,3863.0,4330.714285714285,5188.0,2110.196729713901,4142.233333333334,4198.0,2265.642067529848,2640.0,0,0,0,0,0,1,0,0,1,4010
367,0,2013-07-09,0.9749279121818236,-0.22252093395631434,-0.4999999999999998,-0.8660254037844388,-0.12874817745258066,-0.99167731989929,4010.0,6342.0,3205.0,3879.1428571428573,4010.0,1939.3614437550868,4248.266666666666,4198.0,2135.8150012443107,2640.0,0,0,0,0,0,1,0,0,1,3181
367,0,2013-07-10,0.43388373911755823,-0.900968867902419,-0.4999999999999998,-0.8660254037844388,-0.14579919691987442,-0.9893142039703664,3181.0,5188.0,4045.0,3618.714285714286,3779.0,1854.8679840072837,4222.466666666666,4198.0,2141.846749618324,2640.0,0,0,0,0,0,1,0,0,1,3365
367,0,2013-07-11,-0.433883739117558,-0.9009688679024191,-0.4999999999999998,-0.8660254037844388,-0.16280701293851646,-0.9866579328916572,3365.0,5340.0,4072.0,3403.1428571428573,3779.0,1702.9462145129003,4217.566666666667,4198.0,2142.59333170284,2640.0,0,0,0,0,0,1,0,0,1,3831
367,0,2013-07-12,-0.9749279121818236,-0.2225209339563146,-0.4999999999999998,-0.8660254037844388,-0.17976658572556214,-0.9837092937736098,3831.0,5656.0,5105.0,3129.285714285714,3739.0,1409.054377266983,4225.733333333334,4198.0,2140.205886540268,2640.0,0,0,0,0,0,1,0,0,1,3739
367,0,2013-07-13,-0.7818314824680299,0.6234898018587334,-0.4999999999999998,-0.8660254037844388,-0.19667288979357622,-0.9804691603616321,3739.0,3779.0,4819.0,3143.285714285714,3739.0,1417.0498361367695,4214.433333333333,4126.0,2141.153776682633,2640.0,0,0,0,0,0,1,0,0,1,3877
367,0,2013-07-14,-2.4492935982947064e-16,1.0,-0.4999999999999998,-0.8660254037844388,-0.2135209154397959,-0.9769384927771817,3877.0,0.0,0.0,3143.285714285714,3739.0,1417.0498361367697,4075.1,4058.5,2275.2756157411377,2640.0,0,0,0,0,0,1,0,0,1,0
367,0,2013-07-15,0.7818314824680298,0.6234898018587336,-0.4999999999999998,-0.8660254037844388,-0.23030567023061196,-0.973118337233262,0.0,4010.0,9394.0,3847.1428571428573,3739.0,2626.664832607531,4224.1,4058.5,2442.0733891369932,2640.0,1,0,0,0,0,1,0,0,1,8937
367,0,2013-07-16,0.9749279121818236,-0.22252093395631434,-0.4999999999999998,-0.8660254037844388,-0.24702218048093527,-0.9690098257244063,8937.0,3181.0,6342.0,4266.142857142857,3831.0,2734.415746771233,4427.9,4165.0,2329.944639715273,2640.0,1,0,0,0,0,1,0,0,1,6114
367,0,2013-07-17,0.43388373911755823,-0.900968867902419,-0.4999999999999998,-0.8660254037844388,-0.2636654927280072,-0.9646141756912435,6114.0,3365.0,5188.0,4513.857142857143,3877.0,2717.665445964694,4347.3,4165.0,2260.176711889033,2640.0,1,0,0,0,0,1,0,0,1,5099
367,0,2013-07-18,-0.433883739117558,-0.9009688679024191,-0.4999999999999998,-0.8660254037844388,-0.2802306751992161,-0.9599326896597445,5099.0,3831.0,5340.0,4670.428571428572,4927.0,2703.3011829454535,4303.466666666666,4165.0,2234.772899568026,2640.0,1,0,0,0,0,1,0,0,1,4927
367,0,2013-07-19,-0.9749279121818236,-0.2225209339563146,-0.4999999999999998,-0.8660254037844388,-0.2967128192734901,-0.9549667548552553,4927.0,3739.0,5656.0,4958.857142857143,5099.0,2695.055313506041,4314.566666666667,4165.0,2241.352896298825,2640.0,1,0,0,0,0,1,0,0,1,5758
367,0,2013-07-20,-0.7818314824680299,0.6234898018587334,-0.4999999999999998,-0.8660254037844388,-0.3131070409358267,-0.9497178427914317,5758.0,3877.0,3779.0,4926.714285714285,5099.0,2711.4008503776367,4239.833333333333,4058.5,2224.1856639714447,2640.0,0,0,0,0,0,1,0,0,1,3652
367,0,2013-07-21,-2.4492935982947064e-16,1.0,-0.4999999999999998,-0.8660254037844388,-0.3294084822245302,-0.9441875088341994,3652.0,0.0,0.0,4926.714285714285,5099.0,2711.4008503776367,4051.866666666667,4027.5,2337.2665250662812,2640.0,0,0,0,0,0,1,0,0,1,0
367,0,2013-07-22,0.7818314824680298,0.6234898018587336,-0.4999999999999998,-0.8660254037844388,-0.3456123126707333,-0.9383773917408642,0.0,8937.0,4010.0,4195.571428571428,4927.0,2062.0708731065206,4037.233333333333,3943.5,2337.305709179038,2640.0,0,0,0,0,0,1,0,0,1,3819
367,0,2013-07-23,0.9749279121818236,-0.22252093395631434,-0.4999999999999998,-0.8660254037844388,-0.3617137307297674,-0.9322892131745134,3819.0,6114.0,3181.0,3824.0,3819.0,1885.5545603349706,4154.333333333333,3943.5,2212.7462782601237,2640.0,0,0,0,0,0,1,0,0,1,3513
367,0,2013-07-24,0.43388373911755823,-0.900968867902419,-0.4999999999999998,-0.8660254037844388,-0.37770796520396466,-0.9259247771938499,3513.0,5099.0,3365.0,3602.0,3652.0,1799.9594439875598,4143.733333333334,3943.5,2214.950593880897,2640.0,0,0,0,0,0,1,0,0,1,3545
367,0,2013-07-25,-0.433883739117558,-0.9009688679024191,-0.4999999999999998,-0.8660254037844388,-0.39359027665646645,-0.9192859697186105,3545.0,4927.0,3831.0,3450.285714285714,3652.0,1712.2863578936142,4165.733333333334,3943.5,2208.5736532000014,2640.0,0,0,0,0,0,1,0,0,1,3865
367,0,2013-07-26,-0.9749279121818236,-0.2225209339563146,-0.4999999999999998,-0.8660254037844388,-0.4093559588156211,-0.9123747579707274,3865.0,5758.0,3739.0,3127.8571428571427,3545.0,1386.8941834871484,4147.6,3871.0,2211.829942954867,2640.0,0,0,0,0,0,1,0,0,1,3501
367,0,2013-07-27,-0.7818314824680299,0.6234898018587334,-0.4999999999999998,-0.8660254037844388,-0.42500033996955394,-0.9051931898913975,3501.0,3652.0,3877.0,3150.8571428571427,3545.0,1398.323094349258,4138.966666666666,3848.0,2212.6405271301655,2640.0,0,0,0,0,0,1,0,0,1,3813
367,0,2013-07-28,-2.4492935982947064e-16,1.0,-0.4999999999999998,-0.8660254037844388,-0.4405187843504952,-0.8977433935342336,3813.0,0.0,0.0,3150.8571428571427,3545.0,1398.323094349258,3968.8,3825.0,2329.027389128422,2640.0,0,0,0,0,0,1,0,0,1,0
367,0,2013-07-29,0.7818314824680298,0.6234898018587336,-0.4999999999999998,-0.8660254037844388,-0.455906693508459,-0.8900275764346766,0.0,3819.0,8937.0,3862.8571428571427,3545.0,2571.754940928564,4101.6,3825.0,2487.376842905131,2640.0,1,0,0,0,0,1,0,0,1,8803
367,0,2013-07-30,0.9749279121818236,-0.22252093395631434,-0.4999999999999998,-0.8660254037844388,-0.47115950767386394,-0.8820480249558535,8803.0,3513.0,6114.0,4337.0,3813.0,2792.945577701077,4329.333333333333,3848.0,2410.468195089957,2640.0,1,0,0,0,0,1,0,0,1,6832
367,0,2013-07-31,0.43388373911755823,-0.900968867902419,-0.4999999999999998,-0.8660254037844388,-0.4862727071086902,-0.8738071036110807,6832.0,3545.0,5099.0,4845.428571428572,3865.0,2944.5655512680114,4253.0,3848.0,2277.1236696535734,2640.0,1,0,0,0,0,1,0,0,1,7104
367,0,2013-08-01,-0.433883739117558,-0.9009688679024191,-0.8660254037844384,-0.5000000000000004,-0.5012418134457756,-0.8653072543632061,7104.0,3865.0,4927.0,5220.428571428572,6490.0,2965.9680183229025,4257.933333333333,3848.0,2281.9606804514497,2640.0,1,0,0,0,0,1,0,0,1,6490
367,0,2013-08-02,-0.9749279121818236,-0.2225209339563146,-0.8660254037844384,-0.5000000000000004,-0.5160623910158526,-0.8565509959010037,6490.0,3501.0,5758.0,5544.285714285715,6490.0,2869.1175597086585,4277.266666666666,3848.0,2292.5445572826807,2640.0,1,0,0,0,0,1,0,0,1,5768
367,0,2013-08-03,-0.7818314824680299,0.6234898018587334,-0.8660254037844384,-0.5000000000000004,-0.5307300481619331,-0.8475409228928312,5768.0,3813.0,3652.0,5687.285714285715,6490.0,2792.365706367136,4259.733333333334,3848.0,2286.1389967899336,2640.0,0,0,0,0,0,1,0,0,1,4814
367,0,2013-08-04,-2.4492935982947064e-16,1.0,-0.8660254037844384,-0.5000000000000004,-0.5452404385406507,-0.8382797052177745,4814.0,0.0,0.0,5687.285714285715,6490.0,2792.365706367136,4071.2,3825.0,2397.5270075067237,2640.0,0,0,0,0,0,1,0,0,1,0
367,0,2013-08-05,0.7818314824680298,0.6234898018587336,-0.8660254037844384,-0.5000000000000004,-0.5595892624101763,-0.828770087174504,0.0,8803.0,3819.0,5213.714285714285,5768.0,2433.99491332567,4128.166666666667,3848.0,2410.6124716564777,2640.0,0,0,0,0,0,1,0,0,1,5488
367,0,2013-08-06,0.9749279121818236,-0.22252093395631434,-0.8660254037844384,-0.5000000000000004,-0.5737722679043243,-0.8190148866680802,5488.0,6832.0,3513.0,4968.714285714285,5488.0,2327.957524976613,4298.733333333334,3871.0,2286.269087450095,2640.0,0,0,0,0,0,1,0,0,1,5117
367,0,2013-08-07,0.43388373911755823,-0.900968867902419,-0.8660254037844384,-0.5000000000000004,-0.5877852522924734,-0.8090169943749472,5117.0,7104.0,3545.0,4668.428571428572,5117.0,2134.1188546363314,4331.8,3871.0,2289.121038965499,2640.0,0,0,0,0,0,1,0,0,1,5002
367,0,2013-08-08,-0.433883739117558,-0.9009688679024191,-0.8660254037844384,-0.5000000000000004,-0.6016240632249227,-0.7987793728863648,5002.0,6490.0,3865.0,4363.714285714285,5002.0,1977.1903225103476,4371.0,4117.0,2278.7804814765777,2640.0,0,0,0,0,0,1,0,0,1,4357
367,0,2013-08-09,-0.9749279121818236,-0.2225209339563146,-0.8660254037844384,-0.5000000000000004,-0.6152845999633277,-0.7883050558305253,4357.0,5768.0,3501.0,4169.142857142857,4814.0,1880.622807172439,4405.7,4381.5,2270.8455078867996,2640.0,0,0,0,0,0,1,0,0,1,4406
367,0,2013-08-10,-0.7818314824680299,0.6234898018587334,-0.8660254037844384,-0.5000000000000004,-0.6287628145958345,-0.7775971469736268,4406.0,4814.0,3813.0,4092.8571428571427,4406.0,1860.8315729418246,4420.666666666667,4381.5,2268.4054909262522,2640.0,0,0,0,0,0,1,0,0,1,4280
367,0,2013-08-11,-2.4492935982947064e-16,1.0,-0.8660254037844384,-0.5000000000000004,-0.6420547132365636,-0.7666588193001592,4280.0,0.0,0.0,4092.8571428571427,4406.0,1860.8315729418246,4296.033333333334,4381.5,2405.7105980581287,2640.0,0,0,0,0,0,1,0,0,1,0
367,0,2013-08-12,0.7818314824680298,0.6234898018587336,-0.8660254037844384,-0.5000000000000004,-0.655156357209085,-0.7554933140726804,0.0,5488.0,8803.0,4513.571428571428,4406.0,2463.993293899347,4447.9,4610.0,2519.461222508523,2640.0,1,0,0,0,0,1,0,0,1,8433
367,0,2013-08-13,0.9749279121818236,-0.22252093395631434,-0.8660254037844384,-0.5000000000000004,-0.6680638642135333,-0.7441039398713608,8433.0,5117.0,6832.0,4734.714285714285,4406.0,2593.2530223823587,4670.066666666667,4870.5,2404.979302130927,2640.0,1,0,0,0,0,1,0,0,1,6665
367,0,2013-08-14,0.43388373911755823,-0.900968867902419,-0.8660254037844384,-0.5000000000000004,-0.6807734094770159,-0.7324940716135792,6665.0,5002.0,7104.0,4893.571428571428,4406.0,2645.880625749069,4575.966666666666,4870.5,2284.478488488744,2640.0,1,0,0,0,0,1,0,0,1,6114
367,0,2013-08-15,-0.433883739117558,-0.9009688679024191,-0.8660254037844384,-0.5000000000000004,-0.6932812268869771,-0.7206671495538615,6114.0,4357.0,6490.0,5027.714285714285,5296.0,2637.934337967602,4548.7,4870.5,2270.3259244981277,2640.0,1,0,0,0,0,1,0,0,1,5296
367,0,2013-08-16,-0.9749279121818236,-0.2225209339563146,-0.8660254037844384,-0.5000000000000004,-0.7055836101071774,-0.7086266782644601,5296.0,4406.0,5768.0,5278.285714285715,6114.0,2652.3016868552563,4584.066666666667,4870.5,2287.3938480489,2640.0,1,0,0,0,0,1,0,0,1,6160
367,0,2013-08-17,-0.7818314824680299,0.6234898018587334,-0.8660254037844384,-0.5000000000000004,-0.7176769136759615,-0.6963762255968726,6160.0,4280.0,4814.0,5318.0,6114.0,2636.899125867351,4571.766666666666,4686.0,2286.4781332921134,2640.0,0,0,0,0,0,1,0,0,1,4558
367,0,2013-08-18,-2.4492935982947064e-16,1.0,-0.8660254037844384,-0.5000000000000004,-0.7295575540864876,-0.6839194216246105,4558.0,0.0,0.0,5318.0,6114.0,2636.899125867351,4379.833333333333,4482.0,2421.1726580791155,2640.0,0,0,0,0,0,1,0,0,1,0
367,0,2013-08-19,0.7818314824680298,0.6234898018587336,-0.8660254037844384,-0.5000000000000004,-0.7412220108485957,-0.6712599575675315,0.0,8433.0,5488.0,4674.0,5296.0,2274.990622691296,4388.933333333333,4482.0,2418.8546867065625,2640.0,0,0,0,0,0,1,0,0,1,3925
367,0,2013-08-20,0.9749279121818236,-0.22252093395631434,-0.8660254037844384,-0.5000000000000004,-0.7526668275320083,-0.6584015846980489,3925.0,6665.0,5117.0,4250.571428571428,4558.0,2112.7036278303717,4512.3,4482.0,2277.5426738119495,2640.0,0,0,0,0,0,1,0,0,1,3701
367,0,2013-08-21,0.43388373911755823,-0.900968867902419,-0.8660254037844384,-0.5000000000000004,-0.7638886127905429,-0.64534811322955,3701.0,6114.0,5002.0,3883.4285714285716,3925.0,1952.1108111599644,4503.133333333333,4482.0,2280.98010896002,2640.0,0,0,0,0,0,1,0,0,1,3544
367,0,2013-08-22,-0.433883739117558,-0.9009688679024191,-0.8660254037844384,-0.5000000000000004,-0.7748840413670406,-0.6321034111873488,3544.0,5296.0,4357.0,3611.1428571428573,3701.0,1852.63581855433,4499.033333333334,4482.0,2282.930927457121,2640.0,0,0,0,0,0,1,0,0,1,3390
367,0,2013-08-23,-0.9749279121818236,-0.2225209339563146,-0.8660254037844384,-0.5000000000000004,-0.7856498550787144,-0.6186714032625032,3390.0,6160.0,4406.0,3293.714285714286,3701.0,1499.910743376163,4512.133333333333,4482.0,2278.390731730794,2640.0,0,0,0,0,0,1,0,0,1,3938
367,0,2013-08-24,-0.7818314824680299,0.6234898018587334,-0.8660254037844384,-0.5000000000000004,-0.7961828637826154,-0.6050560696488494,3938.0,4558.0,4280.0,3163.714285714286,3648.0,1408.7342680914787,4504.9,4482.0,2280.859190048256,2640.0,0,0,0,0,0,1,0,0,1,3648
367,0,2013-08-25,-2.4492935982947064e-16,1.0,-0.8660254037844384,-0.5000000000000004,-0.8064799463209447,-0.5912614448635782,3648.0,0.0,0.0,3163.714285714286,3648.0,1408.7342680914787,4388.2,4482.0,2419.3543082743213,2640.0,0,0,0,0,0,1,0,0,1,0
367,0,2013-08-26,0.7818314824680298,0.6234898018587336,-0.8660254037844384,-0.5000000000000004,-0.8165380514459157,-0.5772916165517278,0.0,3925.0,8433.0,3805.714285714286,3648.0,2451.5477229895473,4541.733333333334,4686.0,2525.4176975554833,2640.0,1,0,0,0,0,1,0,0,1,8419
367,0,2013-08-27,0.9749279121818236,-0.22252093395631434,-0.8660254037844384,-0.5000000000000004,-0.8263541987239095,-0.5631507242749187,8419.0,3701.0,6665.0,4072.285714285714,3648.0,2538.183649402705,4727.3,4908.0,2380.561237071686,2640.0,1,0,0,0,0,1,0,0,1,5567
367,0,2013-08-28,0.43388373911755823,-0.900968867902419,-0.8660254037844384,-0.5000000000000004,-0.8359254794186365,-0.5488429582847199,5567.0,3544.0,6114.0,4351.857142857143,3938.0,2577.766308814113,4617.233333333334,4908.0,2258.844099936092,2640.0,1,0,0,0,0,1,0,0,1,5501
367,0,2013-08-29,-0.433883739117558,-0.9009688679024191,-0.8660254037844384,-0.5000000000000004,-0.8452490573530634,-0.5343725582809785,5501.0,3390.0,5296.0,4644.285714285715,5437.0,2566.5488964941296,4570.733333333334,4908.0,2225.7961138051,2640.0,1,0,0,0,0,1,0,0,1,5437
367,0,2013-08-30,-0.9749279121818236,-0.2225209339563146,-0.8660254037844384,-0.5000000000000004,-0.8543221697498269,-0.5197438121555157,5437.0,3938.0,6160.0,5067.714285714285,5501.0,2672.9020255324053,4564.0,4908.0,2218.160825611133,2640.0,1,0,0,0,0,1,0,0,1,6902
367,0,2013-08-31,-0.7818314824680299,0.6234898018587334,-0.8660254037844384,-0.5000000000000004,-0.8631421280499115,-0.5049610547215202,6902.0,3648.0,4558.0,5319.142857142857,5501.0,2598.8498371761443,4527.933333333333,4908.0,2194.434353844593,2640.0,0,0,0,0,0,1,0,0,1,5408
367,0,2013-09-01,-2.4492935982947064e-16,1.0,-1.0,-1.8369701987210297e-16,-0.8717063187093218,-0.4900286664290594,5408.0,0.0,0.0,5319.142857142857,5501.0,2598.8498371761443,4335.666666666667,4686.0,2330.503443217919,2640.0,0,0,0,0,0,1,0,0,1,0
367,0,2013-09-02,0.7818314824680298,0.6234898018587336,-1.0,-1.8369701987210297e-16,-0.8800122039735356,-0.4749510720670502,0.0,8419.0,3925.0,4672.714285714285,5437.0,2236.8486548628857,4305.0,4482.0,2330.0451083394405,2640.0,0,0,0,0,0,1,0,0,1,3894
367,0,2013-09-03,0.9749279121818236,-0.22252093395631434,-1.0,-1.8369701987210297e-16,-0.888057322629493,-0.4597327394521046,3894.0,5567.0,3701.0,4339.142857142857,5408.0,2255.2890744921824,4412.733333333334,4482.0,2194.933868037366,2640.0,0,0,0,0,0,1,0,0,1,3232
367,0,2013-09-04,0.43388373911755823,-0.900968867902419,-1.0,-1.8369701987210297e-16,-0.8958392907349089,-0.44437817810461344,3232.0,5501.0,3544.0,4035.5714285714284,3894.0,2215.4990301015587,4342.333333333333,4381.5,2193.125927377025,2640.0,0,0,0,0,0,1,0,0,1,3376
367,0,2013-09-05,-0.433883739117558,-0.9009688679024191,-1.0,-1.8369701987210297e-16,-0.9033558023246842,-0.4288919379124841,3376.0,5437.0,3390.0,3847.5714285714284,3894.0,2130.981922115002,4309.133333333333,4318.5,2188.5284889912764,2640.0,0,0,0,0,0,1,0,0,1,4121
367,0,2013-09-06,-0.9749279121818236,-0.2225209339563146,-1.0,-1.8369701987210297e-16,-0.9106046300942162,-0.41327860778290443,4121.0,6902.0,3938.0,3428.714285714286,3894.0,1668.5257678847017,4274.733333333334,4200.5,2185.3706216619166,2640.0,0,0,0,0,0,1,0,0,1,3970
367,0,2013-09-07,-0.7818314824680299,0.6234898018587334,-1.0,-1.8369701987210297e-16,-0.9175836260593934,-0.3975428142825566,3970.0,5408.0,3648.0,3195.1428571428573,3773.0,1444.699556836578,4255.266666666666,4045.5,2187.2128214777786,2640.0,0,0,0,0,0,1,0,0,1,3773
367,0,2013-09-08,-2.4492935982947064e-16,1.0,-1.0,-1.8369701987210297e-16,-0.9242907221930934,-0.3816892202666586,3773.0,0.0,0.0,3195.1428571428573,3773.0,1444.699556836578,4108.4,3954.0,2320.601714478679,2640.0,0,0,0,0,0,1,0,0,1,0
367,0,2013-09-09,0.7818314824680298,0.6234898018587336,-1.0,-1.8369701987210297e-16,-0.9307239310379793,-0.3657225234972692,0.0,3894.0,8419.0,3934.1428571428573,3773.0,2667.40819451963,4267.966666666666,3954.0,2491.122160701926,2640.0,1,0,0,0,0,1,0,0,1,9067
367,0,2013-09-10,0.9749279121818236,-0.22252093395631434,-1.0,-1.8369701987210297e-16,-0.9368813462954315,-0.34964745525122826,9067.0,3232.0,5567.0,4443.857142857143,3970.0,2845.811860059821,4494.633333333333,4045.5,2396.97596097067,2640.0,1,0,0,0,0,1,0,0,1,6800
367,0,2013-09-11,0.43388373911755823,-0.900968867902419,-1.0,-1.8369701987210297e-16,-0.9427611433904206,-0.33346877891818705,6800.0,3376.0,5501.0,4748.571428571428,4121.0,2826.5445840662555,4397.166666666667,4045.5,2288.2950599975516,2640.0,1,0,0,0,0,1,0,0,1,5509
367,0,2013-09-12,-0.433883739117558,-0.9009688679024191,-1.0,-1.8369701987210297e-16,-0.9483615800121716,-0.31719128858910595,5509.0,4121.0,5437.0,4992.571428571428,5509.0,2837.0422894946328,4369.3,4045.5,2264.6939071546626,2640.0,1,0,0,0,0,1,0,0,1,5829
367,0,2013-09-13,-0.9749279121818236,-0.2225209339563146,-1.0,-1.8369701987210297e-16,-0.9536809966304455,-0.300819807635668,5829.0,3970.0,6902.0,5230.285714285715,5634.0,2806.631297141688,4353.3,4045.5,2253.611081552572,2640.0,1,0,0,0,0,1,0,0,1,5634
367,0,2013-09-14,-0.7818314824680299,0.6234898018587334,-1.0,-1.8369701987210297e-16,-0.9587178169872964,-0.2843591872810036,5634.0,3773.0,5408.0,5278.285714285715,5634.0,2780.304162874133,4313.733333333334,4039.5,2246.899456543638,2640.0,0,0,0,0,0,1,0,0,1,4109
367,0,2013-09-15,-2.4492935982947064e-16,1.0,-1.0,-1.8369701987210297e-16,-0.9634705485641486,-0.26781430516217486,4109.0,0.0,0.0,5278.285714285715,5634.0,2780.304162874133,4108.4,3954.0,2351.396497755148,2640.0,0,0,0,0,0,1,0,0,1,0
367,0,2013-09-16,0.7818314824680298,0.6234898018587336,-1.0,-1.8369701987210297e-16,-0.9679377830240642,-0.25119006388481957,0.0,9067.0,3894.0,4479.285714285715,5509.0,2266.157961123165,4072.266666666667,3931.5,2352.577851448585,2640.0,0,0,0,0,0,1,0,0,1,3474
367,0,2013-09-17,0.9749279121818236,-0.22252093395631434,-1.0,-1.8369701987210297e-16,-0.9721181966290612,-0.23449138957041052,3474.0,6800.0,3232.0,3913.714285714286,4109.0,2076.5355534548166,4166.966666666666,3931.5,2237.360459657045,2640.0,0,0,0,0,0,1,0,0,1,2841
367,0,2013-09-18,0.43388373911755823,-0.900968867902419,-1.0,-1.8369701987210297e-16,-0.9760105506323682,-0.21772323039653224,2841.0,5509.0,3376.0,3584.714285714286,3474.0,1960.8771603788023,4143.0,3916.0,2243.8832565366492,2640.0,0,0,0,0,0,1,0,0,1,3206
367,0,2013-09-19,-0.433883739117558,-0.9009688679024191,-1.0,-1.8369701987210297e-16,-0.9796136916454901,-0.20089055513063528,3206.0,5829.0,4121.0,3301.8571428571427,3474.0,1709.9321067000897,4147.933333333333,3916.0,2243.0405154662253,2640.0,0,0,0,0,0,1,0,0,1,3849
367,0,2013-09-20,-0.9749279121818236,-0.2225209339563146,-1.0,-1.8369701987210297e-16,-0.9829265519799822,-0.18399835165767986,3849.0,5634.0,3970.0,2963.0,3262.0,1372.4756221271587,4138.533333333334,3916.0,2246.247318549753,2640.0,0,0,0,0,0,1,0,0,1,3262
367,0,2013-09-21,-0.7818314824680299,0.6234898018587334,-1.0,-1.8369701987210297e-16,-0.9859481499638303,-0.1670516255021195,3262.0,4109.0,3773.0,2917.285714285714,3262.0,1332.6957284999087,4151.833333333333,3916.0,2242.841087477702,2640.0,0,0,0,0,0,1,0,0,1,3789
367,0,2013-09-22,-2.4492935982947064e-16,1.0,-1.0,-1.8369701987210297e-16,-0.9886775902323404,-0.15005539834465262,3789.0,0.0,0.0,2917.285714285714,3262.0,1332.6957284999087,4020.5666666666666,3871.5,2367.5596002887746,2640.0,0,0,0,0,0,1,0,0,1,0
367,0,2013-09-23,0.7818314824680298,0.6234898018587336,-1.0,-1.8369701987210297e-16,-0.9911140639934546,-0.13301470653419636,0.0,3474.0,9067.0,3463.8571428571427,3262.0,2139.4523776402393,4142.3,3932.0,2440.506747124175,2640.0,1,0,0,0,0,1,0,0,1,7300
367,0,2013-09-24,0.9749279121818236,-0.22252093395631434,-1.0,-1.8369701987210297e-16,-0.9932568492674143,-0.11593459959550066,7300.0,2841.0,6800.0,3812.8571428571427,3789.0,2218.7046091936486,4318.433333333333,4039.5,2318.889919965917,2640.0,1,0,0,0,0,1,0,0,1,5284
367,0,2013-09-25,0.43388373911755823,-0.900968867902419,-1.0,-1.8369701987210297e-16,-0.9951053111006974,-0.09882013873287211,5284.0,3206.0,5509.0,4020.1428571428573,3849.0,2220.3389702604286,4193.033333333334,4039.5,2187.4917849435233,2640.0,1,0,0,0,0,1,0,0,1,4657
367,0,2013-09-26,-0.433883739117558,-0.9009688679024191,-1.0,-1.8369701987210297e-16,-0.99665890175417,-0.08167639533042288,4657.0,3849.0,5829.0,4143.857142857143,4657.0,2233.302146193048,4164.633333333333,4039.5,2174.5309202190037,2640.0,1,0,0,0,0,1,0,0,1,4715
367,0,2013-09-27,-0.9749279121818236,-0.2225209339563146,-1.0,-1.8369701987210297e-16,-0.9979171608653922,-0.06450844944931625,4715.0,3262.0,5634.0,4452.0,4715.0,2240.1444893875328,4161.9,4039.5,2172.8440975858794,2640.0,1,0,0,0,0,1,0,0,1,5419
367,0,2013-09-28,-0.7818314824680299,0.6234898018587334,-1.0,-1.8369701987210297e-16,-0.9988797155850335,-0.04732138832243232,5419.0,3789.0,4109.0,4557.571428571428,4715.0,2221.0235521145687,4131.6,4039.5,2160.7541722980545,2640.0,0,0,0,0,0,1,0,0,1,4528
367,0,2013-09-29,-2.4492935982947064e-16,1.0,-1.0,-1.8369701987210297e-16,-0.9995462806873573,-0.03012030484690836,4528.0,0.0,0.0,4557.571428571428,4715.0,2221.0235521145687,3901.5333333333333,3932.0,2222.176484088693,2640.0,0,0,0,0,0,1,0,0,1,0
367,0,2013-09-30,0.7818314824680298,0.6234898018587336,-1.0,-1.8369701987210297e-16,-0.9999166586547379,-0.012910296075008843,0.0,7300.0,3474.0,4194.285714285715,4715.0,1879.3924296862278,3879.8333333333335,3932.0,2210.1040400433862,2640.0,0,0,0,0,0,1,0,0,1,4757
367,0,2013-10-01,0.9749279121818236,-0.22252093395631434,-0.8660254037844386,0.5000000000000001,-0.9999907397361901,0.004303538296243821,4757.0,5284.0,2841.0,4023.1428571428573,4657.0,1817.1367063387959,4016.0333333333333,4028.0,2085.128962907097,2640.0,0,0,0,0,0,1,0,0,1,4086
367,0,2013-10-02,0.43388373911755823,-0.900968867902419,-0.8660254037844386,0.5000000000000001,-0.9997685019798909,0.021516097436222233,4086.0,4657.0,3206.0,4021.1428571428573,4643.0,1816.33031399132,4041.0,4097.5,2088.0994163147016,2640.0,0,0,0,0,0,1,0,0,1,4643
367,0,2013-10-03,-0.433883739117558,-0.9009688679024191,-0.8660254037844386,0.5000000000000001,-0.9992500112396835,0.03872228089217399,4643.0,4715.0,3849.0,3347.5714285714284,4528.0,2320.438094925385,3933.266666666667,4097.5,2211.0351910568857,2640.0,0,0,0,0,0,1,0,0,1,0
367,0,2013-10-04,-0.9749279121818236,-0.2225209339563146,-0.8660254037844386,0.5000000000000001,-0.9984354211555643,0.05591699010060302,0.0,5419.0,3262.0,3344.4285714285716,4528.0,2317.1775113373633,4000.633333333333,4115.0,2224.219684686549,2640.0,0,0,0,0,0,1,0,0,1,5397
367,0,2013-10-05,-0.7818314824680299,0.6234898018587334,-0.8660254037844386,0.5000000000000001,-0.9973249731081555,0.07309512989807776,5397.0,4528.0,3789.0,3333.5714285714284,4452.0,2310.8770959055673,4011.6666666666665,4280.5,2225.6578621927124,2640.0,0,0,0,0,0,1,0,0,1,4452
367,0,2013-10-06,-2.4492935982947064e-16,1.0,-0.8660254037844386,0.5000000000000001,-0.9959189961471792,0.0902516100310407,4452.0,0.0,0.0,3333.5714285714284,4452.0,2310.8770959055673,3879.3333333333335,4280.5,2343.1441054383704,2640.0,0,0,0,0,0,1,0,0,1,0
367,0,2013-10-07,0.7818314824680298,0.6234898018587336,-0.8660254037844386,0.5000000000000001,-0.994217906893952,0.10738134666416306,0.0,4757.0,7300.0,3754.1428571428573,4452.0,2824.0349046810916,4010.266666666667,4490.0,2444.5500810682074,2640.0,1,0,0,0,0,1,0,0,1,7701
367,0,2013-10-08,0.9749279121818236,-0.22252093395631434,-0.8660254037844386,0.5000000000000001,-0.9922222094179324,0.12447926388678869,7701.0,4086.0,5284.0,4025.1428571428573,4643.0,2949.4244313408803,4209.7,4585.5,2348.258021275082,2640.0,1,0,0,0,0,1,0,0,1,5983
367,0,2013-10-09,0.43388373911755823,-0.900968867902419,-0.8660254037844386,0.5000000000000001,-0.989932495087353,0.141540295217043,5983.0,4643.0,4657.0,4043.714285714286,4773.0,2954.368387900969,4066.5666666666666,4585.5,2165.756102473754,2640.0,1,0,0,0,0,1,0,0,1,4773
367,0,2013-10-10,-0.433883739117558,-0.9009688679024191,-0.8660254037844386,0.5000000000000001,-0.9873494423939864,0.15855938510313475,4773.0,0.0,4715.0,4701.571428571428,4773.0,2355.9760791897456,3993.4,4566.5,2106.493549921783,2640.0,1,0,0,0,0,1,0,0,1,4605
367,0,2013-10-11,-0.9749279121818236,-0.2225209339563146,-0.8660254037844386,0.5000000000000001,-0.9844738167520923,0.17553149042142777,4605.0,5397.0,5419.0,4725.571428571428,4773.0,2365.0791288483956,3995.266666666667,4566.5,2107.90724675436,2640.0,1,0,0,0,0,1,0,0,1,5565
367,0,2013-10-12,-0.7818314824680299,0.6234898018587334,-0.8660254037844386,0.5000000000000001,-0.9813064702716093,0.19245158197082995,5565.0,4452.0,4528.0,4650.142857142857,4773.0,2383.6052825199777,3931.766666666667,4490.0,2079.260887967138,2640.0,0,0,0,0,0,1,0,0,1,3924
367,0,2013-10-13,-2.4492935982947064e-16,1.0,-0.8660254037844386,0.5000000000000001,-0.9778483415056568,0.20931464596304888,3924.0,0.0,0.0,4650.142857142857,4773.0,2383.6052825199777,3743.9666666666667,4280.5,2172.552725177957,2640.0,0,0,0,0,0,1,0,0,1,0
367,0,2013-10-14,0.7818314824680298,0.6234898018587336,-0.8660254037844386,0.5000000000000001,-0.9741004551724206,0.22611568550828803,0.0,7701.0,4757.0,4073.1428571428573,4605.0,1976.0077115716113,3729.0666666666666,4269.0,2171.49546329861,2640.0,0,0,0,0,0,1,0,0,1,3662
367,0,2013-10-15,0.9749279121818236,-0.22252093395631434,-0.8660254037844386,0.5000000000000001,-0.970063921851507,0.2428497220959358,3662.0,5983.0,4086.0,3647.0,3924.0,1810.1812063989612,3829.0666666666666,4269.0,2060.063472964774,2640.0,0,0,0,0,0,1,0,0,1,3000
367,0,2013-10-16,0.43388373911755823,-0.900968867902419,-0.8660254037844386,0.5000000000000001,-0.965739937654855,0.25951179706979943,3000.0,4773.0,4643.0,3473.0,3662.0,1741.1295184448509,3831.766666666667,4269.0,2059.635097967991,2640.0,0,0,0,0,0,1,0,0,1,3555
367,0,2013-10-17,-0.433883739117558,-0.9009688679024191,-0.8660254037844386,0.5000000000000001,-0.9611297838723007,0.27609697309746883,3555.0,4605.0,0.0,3257.714285714286,3555.0,1669.5287473102212,3840.3333333333335,4269.0,2055.9031798840815,2640.0,0,0,0,0,0,1,0,0,1,3098
367,0,2013-10-18,-0.9749279121818236,-0.2225209339563146,-0.8660254037844386,0.5000000000000001,-0.9562348265919058,0.2926003356333479,3098.0,5565.0,5397.0,2944.0,3369.0,1336.9030131863212,3845.766666666667,4269.0,2054.383785172969,2640.0,0,0,0,0,0,1,0,0,1,3369
367,0,2013-10-19,-0.7818314824680299,0.6234898018587334,-0.8660254037844386,0.5000000000000001,-0.9510565162951536,0.30901699437494723,3369.0,3924.0,4452.0,2966.285714285714,3369.0,1357.1095158811747,3853.4666666666667,4269.0,2054.829177115812,2640.0,0,0,0,0,0,1,0,0,1,4080
367,0,2013-10-20,-2.4492935982947064e-16,1.0,-0.8660254037844386,0.5000000000000001,-0.9455963874271428,0.3253420847119795,4080.0,0.0,0.0,2966.285714285714,3369.0,1357.1095158811747,3744.733333333333,4269.0,2170.2697263376,2640.0,0,0,0,0,0,1,0,0,1,0
367,0,2013-10-21,0.7818314824680298,0.6234898018587336,-0.8660254037844386,0.5000000000000001,-0.9398560579418953,0.341570769167856,0.0,3662.0,7701.0,3510.285714285714,3369.0,2190.066567807602,3867.4333333333334,4490.0,2274.4157519336004,2640.0,1,0,0,0,0,1,0,0,1,7470
367,0,2013-10-22,0.9749279121818236,-0.22252093395631434,-0.8660254037844386,0.5000000000000001,-0.9338372288229252,0.35769823883312546,7470.0,3000.0,5983.0,3886.8571428571427,3555.0,2310.987410074709,4055.3,4566.5,2174.5234460086617,2640.0,1,0,0,0,0,1,0,0,1,5636
367,0,2013-10-23,0.43388373911755823,-0.900968867902419,-0.8660254037844386,0.5000000000000001,-0.9275416835791965,0.3737197147904692,5636.0,3555.0,4773.0,4108.857142857143,4080.0,2348.137306360897,3982.266666666667,4566.5,2097.2083568291514,2640.0,1,0,0,0,0,1,0,0,1,5109
367,0,2013-10-24,-0.433883739117558,-0.9009688679024191,-0.8660254037844386,0.5000000000000001,-0.9209712877166346,0.38963044953078774,5109.0,3098.0,4605.0,4463.714285714285,5109.0,2357.5886490427542,3992.2,4566.5,2104.280373347425,2640.0,1,0,0,0,0,1,0,0,1,5582
367,0,2013-10-25,-0.9749279121818236,-0.2225209339563146,-0.8660254037844386,0.5000000000000001,-0.9141279881853337,0.4054257283599973,5582.0,3369.0,5565.0,4698.428571428572,5109.0,2311.7788141849314,4004.0333333333333,4566.5,2109.140313236544,2640.0,1,0,0,0,0,1,0,0,1,5012
367,0,2013-10-26,-0.7818314824680299,0.6234898018587334,-0.8660254037844386,0.5000000000000001,-0.9070138128026362,0.42110087079608916,5012.0,4080.0,3924.0,4761.142857142857,5109.0,2298.1201323814958,3997.5,4523.5,2107.1647031513467,2640.0,0,0,0,0,0,1,0,0,1,4519
367,0,2013-10-27,-2.4492935982947064e-16,1.0,-0.8660254037844386,0.5000000000000001,-0.8996308696522434,0.4366512319560638,4519.0,0.0,0.0,4761.142857142857,5109.0,2298.1201323814958,3816.866666666667,4485.5,2210.8247912196193,2640.0,0,0,0,0,0,1,0,0,1,0
367,0,2013-10-28,0.7818314824680298,0.6234898018587336,-0.8660254037844386,0.5000000000000001,-0.8919813464595487,0.45207220393230374,0.0,7470.0,3662.0,4146.0,5012.0,2010.484601615574,3771.4,4269.0,2209.7210714914027,2640.0,0,0,0,0,0,1,0,0,1,3164
367,0,2013-10-29,0.9749279121818236,-0.22252093395631434,-0.8660254037844386,0.5000000000000001,-0.8840675099433637,0.46735921715800205,3164.0,5636.0,3000.0,3831.285714285714,4519.0,1908.1947589528793,3885.8333333333335,4269.0,2093.5150787748057,2640.0,0,0,0,0,0,1,0,0,1,3433
367,0,2013-10-30,0.43388373911755823,-0.900968867902419,-0.8660254037844386,0.5000000000000001,-0.8758917051442433,0.48250774176121763,3433.0,5109.0,3555.0,3727.0,4379.0,1845.6503822049647,3873.233333333333,4232.5,2089.2242032066297,2640.0,0,0,0,0,0,1,0,0,1,4379
367,0,2013-10-31,-0.433883739117558,-0.9009688679024191,-0.8660254037844386,0.5000000000000001,-0.867456354729597,0.4975132889071803,4379.0,5582.0,3098.0,3620.0,4379.0,1738.8032282770428,3898.133333333333,4415.5,2096.287008734375,2640.0,0,0,0,0,0,1,0,0,1,4833
367,0,2013-11-01,-0.9749279121818236,-0.2225209339563146,-0.5000000000000004,0.8660254037844384,-0.858763958275803,0.5123714121284235,4833.0,5012.0,3369.0,3552.1428571428573,4379.0,1683.8256470085637,3894.6,4415.5,2095.0772119752387,2640.0,0,0,0,0,0,1,0,0,1,4537
367,0,2013-11-02,-0.7818314824680299,0.6234898018587334,-0.5000000000000004,0.8660254037844384,-0.8498170915275277,0.5270777086423724,4537.0,4519.0,4080.0,3655.285714285714,4379.0,1772.6895492711737,4069.3,4485.5,1974.1465925724774,2640.0,0,0,0,0,0,1,0,0,1,5241
367,0,2013-11-03,-2.4492935982947064e-16,1.0,-0.5000000000000004,0.8660254037844384,-0.8406184056344783,0.5416278206559811,5241.0,0.0,0.0,3655.285714285714,4379.0,1772.6895492711737,3889.4,4415.5,2091.410044064483,2640.0,0,0,0,0,0,1,0,0,1,0
367,0,2013-11-04,0.7818314824680298,0.6234898018587336,-0.5000000000000004,0.8660254037844384,-0.8311706263658079,0.5560174366570446,0.0,3164.0,7470.0,4226.428571428572,4537.0,2184.293314945199,3979.733333333333,4449.0,2173.4643557572167,2640.0,1,0,0,0,0,1,0,0,1,7162
367,0,2013-11-05,0.9749279121818236,-0.22252093395631434,-0.5000000000000004,0.8660254037844384,-0.8214765533024145,0.5702422926917867,7162.0,3433.0,5636.0,4693.857142857143,4833.0,2331.3509980675317,4203.233333333334,4528.0,2093.3779447439097,2640.0,1,0,0,0,0,1,0,0,1,6705
367,0,2013-11-06,0.43388373911755823,-0.900968867902419,-0.5000000000000004,0.8660254037844384,-0.8115390590073611,0.5842981736283683,6705.0,4379.0,5109.0,4842.428571428572,5241.0,2341.059863761345,4127.166666666667,4528.0,2001.3343666480228,2640.0,1,0,0,0,0,1,0,0,1,5419
367,0,2013-11-07,-0.433883739117558,-0.9009688679024191,-0.5000000000000004,0.8660254037844384,-0.8013610881746769,0.5981809144059159,5419.0,4833.0,5582.0,5034.142857142857,5419.0,2394.4987247557983,4133.566666666667,4528.0,2007.7703654128104,2640.0,1,0,0,0,0,1,0,0,1,6175
367,0,2013-11-08,-0.9749279121818236,-0.2225209339563146,-0.5000000000000004,0.8660254037844384,-0.7909456567567774,0.6118864012687242,6175.0,4537.0,5012.0,5180.714285714285,5563.0,2390.3940201206524,4159.9,4528.0,2021.5793987665302,2640.0,1,0,0,0,0,1,0,0,1,5563
367,0,2013-11-09,-0.7818314824680299,0.6234898018587334,-0.5000000000000004,0.8660254037844384,-0.780295851070776,0.6254105729852457,5563.0,5241.0,4519.0,5056.0,5563.0,2409.4223374078692,4152.0,4449.0,2020.2426791746148,2640.0,0,0,0,0,0,1,0,0,1,4368
367,0,2013-11-10,-2.4492935982947064e-16,1.0,-0.5000000000000004,0.8660254037844384,-0.7694148268839381,0.6387494220515268,4368.0,0.0,0.0,5056.0,5563.0,2409.4223374078692,3966.5,4373.5,2138.080524111806,2640.0,0,0,0,0,0,1,0,0,1,0
367,0,2013-11-11,0.7818314824680298,0.6234898018587336,-0.5000000000000004,0.8660254037844384,-0.7583058084785625,0.6518989958787125,0.0,7162.0,3164.0,4622.142857142857,5419.0,2234.047032373567,3973.2,4373.5,2138.2576761595365,2640.0,0,0,0,0,0,1,0,0,1,4125
367,0,2013-11-12,0.9749279121818236,-0.22252093395631434,-0.5000000000000004,0.8660254037844384,-0.7469720876965551,0.6648553979642867,4125.0,6705.0,3433.0,4132.428571428572,4368.0,2071.157957692818,4082.4333333333334,4373.5,2008.0239846646532,2640.0,0,0,0,0,0,1,0,0,1,3277
367,0,2013-11-13,0.43388373911755823,-0.900968867902419,-0.5000000000000004,0.8660254037844384,-0.7354170229639858,0.6776147890466887,3277.0,5419.0,4379.0,3878.285714285714,4125.0,1994.7126538498144,4081.7,4373.5,2008.186832735545,2640.0,0,0,0,0,0,1,0,0,1,3640
367,0,2013-11-14,-0.433883739117558,-0.9009688679024191,-0.5000000000000004,0.8660254037844384,-0.7236440382959123,0.690173388242972,3640.0,6175.0,4833.0,3599.5714285714284,4125.0,1740.408080225521,4122.5,4373.5,1997.8596435116306,2640.0,0,0,0,0,0,1,0,0,1,4224
367,0,2013-11-15,-0.9749279121818236,-0.2225209339563146,-0.5000000000000004,0.8660254037844384,-0.7116566222817751,0.7025274741691566,4224.0,5563.0,4537.0,3366.5714285714284,3932.0,1530.2263293538035,4135.066666666667,4373.5,1995.351043928299,2640.0,0,0,0,0,0,1,0,0,1,3932
367,0,2013-11-16,-0.7818314824680299,0.6234898018587334,-0.5000000000000004,0.8660254037844384,-0.6994583270516471,0.7146733860429608,3932.0,4368.0,5241.0,3334.0,3932.0,1507.6174360007017,4169.8,4373.5,1985.7220766051944,2640.0,0,0,0,0,0,1,0,0,1,4140
367,0,2013-11-17,-2.4492935982947064e-16,1.0,-0.5000000000000004,0.8660254037844384,-0.6870527672236675,0.726607524768565,4140.0,0.0,0.0,3334.0,3932.0,1507.6174360007017,4057.5,4373.5,2123.0856326225476,2640.0,0,0,0,0,0,1,0,0,1,0
367,0,2013-11-18,0.7818314824680298,0.6234898018587336,-0.5000000000000004,0.8660254037844384,-0.6744436188329457,0.7383263540031063,0.0,4125.0,7162.0,3857.1428571428573,3932.0,2270.287825260006,4181.066666666667,4449.0,2229.6426794804865,2640.0,1,0,0,0,0,1,0,0,1,7787
367,0,2013-11-19,0.9749279121818236,-0.22252093395631434,-0.5000000000000004,0.8660254037844384,-0.661634618242279,0.749826401204568,7787.0,3277.0,6705.0,4248.857142857143,4140.0,2387.0560968531527,4381.7,4528.0,2107.9239361726636,2640.0,1,0,0,0,0,1,0,0,1,6019
367,0,2013-11-20,0.43388373911755823,-0.900968867902419,-0.5000000000000004,0.8660254037844384,-0.6486295610349818,0.7611042586607742,6019.0,3640.0,5419.0,4473.285714285715,4224.0,2394.112759408358,4306.4,4528.0,2032.808446290586,2640.0,1,0,0,0,0,1,0,0,1,5211
367,0,2013-11-21,-0.433883739117558,-0.9009688679024191,-0.5000000000000004,0.8660254037844384,-0.6354323008901775,0.7721565844991641,5211.0,4224.0,6175.0,4598.285714285715,5099.0,2401.7582250152846,4288.5,4528.0,2023.0376741510488,2640.0,1,0,0,0,0,1,0,0,1,5099
367,0,2013-11-22,-0.9749279121818236,-0.2225209339563146,-0.5000000000000004,0.8660254037844384,-0.622046748440868,0.7829801036770625,5099.0,3932.0,5563.0,4810.857142857143,5211.0,2398.8061911828436,4298.866666666667,4528.0,2028.1774514851124,2640.0,1,0,0,0,0,1,0,0,1,5420
367,0,2013-11-23,-0.7818314824680299,0.6234898018587334,-0.5000000000000004,0.8660254037844384,-0.6084768701151264,0.7935716089521472,5420.0,4140.0,4368.0,4857.0,5211.0,2386.8276714780504,4261.566666666667,4491.0,2014.0059528613422,2640.0,0,0,0,0,0,1,0,0,1,4463
367,0,2013-11-24,-2.4492935982947064e-16,1.0,-0.5000000000000004,0.8660254037844384,-0.594726686960764,0.8039279618328208,4463.0,0.0,0.0,4857.0,5211.0,2386.8276714780504,4094.5,4421.0,2152.711533920852,2640.0,0,0,0,0,0,1,0,0,1,0
367,0,2013-11-25,0.7818314824680298,0.6234898018587336,-0.5000000000000004,0.8660254037844384,-0.5808002734538014,0.8140460935082175,0.0,7787.0,4125.0,4278.714285714285,5099.0,2020.9651748843262,4068.5,4373.5,2152.1179744293936,2640.0,0,0,0,0,0,1,0,0,1,3739
367,0,2013-11-26,0.9749279121818236,-0.22252093395631434,-0.5000000000000004,0.8660254037844384,-0.5667017562911184,0.8239230057575536,3739.0,6019.0,3277.0,3965.285714285714,4463.0,1870.6238455201433,4196.0,4373.5,2011.481303537958,2640.0,0,0,0,0,0,1,0,0,1,3825
367,0,2013-11-27,0.43388373911755823,-0.900968867902419,-0.5000000000000004,0.8660254037844384,-0.5524353131676203,0.8335557718385695,3825.0,5211.0,3640.0,3782.285714285714,3930.0,1789.339702635743,4221.533333333334,4373.5,2002.7724530886123,2640.0,0,0,0,0,0,1,0,0,1,3930
367,0,2013-11-28,-0.433883739117558,-0.9009688679024191,-0.5000000000000004,0.8660254037844384,-0.5380051715382992,0.8429415373547832,3930.0,5099.0,4224.0,3623.0,3930.0,1699.9886274129396,4239.9,4373.5,1997.812119674231,2640.0,0,0,0,0,0,1,0,0,1,3984
367,0,2013-11-29,-0.9749279121818236,-0.2225209339563146,-0.5000000000000004,0.8660254037844384,-0.5234156073655503,0.8520775211013093,3984.0,5420.0,3932.0,3589.0,3930.0,1659.967268753613,4266.666666666667,4415.5,2005.1060223637908,2640.0,0,0,0,0,0,1,0,0,1,5182
367,0,2013-11-30,-0.7818314824680299,0.6234898018587334,-0.5000000000000004,0.8660254037844384,-0.5086709438521042,0.8609610158889945,5182.0,4463.0,4140.0,3967.4285714285716,3930.0,2128.3069842124787,4342.633333333333,4415.5,2069.4419951437076,2640.0,0,0,0,0,0,1,0,0,1,7112
367,0,2013-12-01,-2.4492935982947064e-16,1.0,-2.4492935982947064e-16,1.0,-0.4937755501599774,0.8695893893466109,7112.0,0.0,0.0,3967.4285714285716,3930.0,2128.3069842124787,4191.4,4296.0,2215.3823924613084,2640.0,0,0,0,0,0,1,0,0,1,0
367,0,2013-12-02,0.7818314824680298,0.6234898018587336,-2.4492935982947064e-16,1.0,-0.4787338401157883,0.8779600847008883,0.0,3739.0,7787.0,4821.285714285715,3984.0,3029.5360873839913,4340.566666666667,4296.0,2428.861513965543,2640.0,1,0,0,0,0,1,0,0,1,9716
367,0,2013-12-03,0.9749279121818236,-0.22252093395631434,-2.4492935982947064e-16,1.0,-0.4635502709028512,0.8860706215341377,9716.0,3825.0,6019.0,5388.285714285715,5182.0,3179.689592517154,4600.366666666667,4415.5,2364.55493345647,2640.0,1,0,0,0,0,1,0,0,1,7794
367,0,2013-12-04,0.43388373911755823,-0.900968867902419,-2.4492935982947064e-16,1.0,-0.4482293417404106,0.893918596519257,7794.0,3930.0,5211.0,5745.857142857143,6433.0,3128.694745340908,4576.066666666667,4415.5,2340.949894635808,2640.0,1,0,0,0,0,1,0,0,1,6433
367,0,2013-12-05,-0.433883739117558,-0.9009688679024191,-2.4492935982947064e-16,1.0,-0.4327755925504317,0.9015016841318838,6433.0,3984.0,5099.0,6122.142857142857,6618.0,3038.5780900815776,4573.166666666667,4415.5,2338.273959397273,2640.0,1,0,0,0,0,1,0,0,1,6618
367,0,2013-12-06,-0.9749279121818236,-0.2225209339563146,-2.4492935982947064e-16,1.0,-0.41719360261231697,0.9088176373395028,6618.0,5182.0,5420.0,6130.285714285715,6618.0,3035.713793837495,4567.166666666667,4415.5,2336.2587847230025,2640.0,1,0,0,0,0,1,0,0,1,5239
367,0,2013-12-07,-0.7818314824680299,0.6234898018587334,-2.4492935982947064e-16,1.0,-0.4014879892059737,0.9158642882672868,5239.0,7112.0,4463.0,5856.285714285715,6433.0,3018.848716220899,4534.466666666666,4415.5,2319.785672818955,2640.0,0,0,0,0,0,1,0,0,1,5194
367,0,2013-12-08,-2.4492935982947064e-16,1.0,-2.4492935982947064e-16,1.0,-0.38566340624360745,0.9226395488404875,5194.0,0.0,0.0,5856.285714285715,6433.0,3018.848716220899,4349.033333333334,4296.0,2453.236447596541,2640.0,0,0,0,0,0,1,0,0,1,0
367,0,2013-12-09,0.7818314824680298,0.6234898018587336,-2.4492935982947064e-16,1.0,-0.3697245428906732,0.9291414114031743,0.0,9716.0,3739.0,5134.714285714285,5239.0,2501.9257725657185,4358.933333333333,4343.5,2453.9148024068127,2640.0,0,0,0,0,0,1,0,0,1,4665
367,0,2013-12-10,0.9749279121818236,-0.22252093395631434,-2.4492935982947064e-16,1.0,-0.3536761221763721,0.935367949313148,4665.0,7794.0,3825.0,4606.714285714285,5194.0,2221.459108655517,4495.533333333334,4343.5,2312.911566109625,2640.0,0,0,0,0,0,1,0,0,1,4098
367,0,2013-12-11,0.43388373911755823,-0.900968867902419,-2.4492935982947064e-16,1.0,-0.33752289959411347,0.941317317512847,4098.0,6433.0,3930.0,4270.857142857143,4665.0,2072.0235221132184,4494.1,4343.5,2313.1624173337927,2640.0,0,0,0,0,0,1,0,0,1,4082
367,0,2013-12-12,-0.433883739117558,-0.9009688679024191,-2.4492935982947064e-16,1.0,-0.32126966169236515,0.946987753076075,4082.0,6618.0,3984.0,3958.714285714286,4433.0,1807.1555655491393,4532.633333333333,4448.0,2301.789011621827,2640.0,0,0,0,0,0,1,0,0,1,4433
367,0,2013-12-13,-0.9749279121818236,-0.2225209339563146,-2.4492935982947064e-16,1.0,-0.3049212246562894,0.9523775757303973,4433.0,5239.0,5182.0,3836.0,4380.0,1733.3881081088923,4557.3,4448.0,2295.8508024034463,2640.0,0,0,0,0,0,1,0,0,1,4380
367,0,2013-12-14,-0.7818314824680299,0.6234898018587334,-2.4492935982947064e-16,1.0,-0.2884824328806098,0.9574851883550389,4380.0,5194.0,7112.0,3895.4285714285716,4380.0,1793.7853696529426,4603.5,4564.0,2302.8471994767538,2640.0,0,0,0,0,0,1,0,0,1,5610
367,0,2013-12-15,-2.4492935982947064e-16,1.0,-2.4492935982947064e-16,1.0,-0.27195815753410524,0.9623090774541487,5610.0,0.0,0.0,3895.4285714285716,4380.0,1793.7853696529426,4472.433333333333,4564.0,2449.602341877827,2640.0,0,0,0,0,0,1,0,0,1,0
367,0,2013-12-16,0.7818314824680298,0.6234898018587336,-2.4492935982947064e-16,1.0,-0.2553532951161881,0.9668478136052773,0.0,4665.0,9716.0,4772.285714285715,4380.0,3189.7269848836954,4694.533333333334,4882.0,2706.9623353599636,2640.0,1,0,0,0,0,1,0,0,1,10803
367,0,2013-12-17,0.9749279121818236,-0.22252093395631434,-2.4492935982947064e-16,1.0,-0.23867276600594997,0.9711000518829505,10803.0,4098.0,7794.0,5410.714285714285,4433.0,3467.424775165074,4980.1,5140.5,2645.8335020725785,2640.0,1,0,0,0,0,1,0,0,1,8567
367,0,2013-12-18,0.43388373911755823,-0.900968867902419,-2.4492935982947064e-16,1.0,-0.22192151300416674,0.9750645322571945,8567.0,4082.0,6433.0,5872.571428571428,5610.0,3476.2490732178,4964.366666666667,5140.5,2629.922359983317,2640.0,1,0,0,0,0,1,0,0,1,7315
367,0,2013-12-19,-0.433883739117558,-0.9009688679024191,-2.4492935982947064e-16,1.0,-0.20510449986861926,0.9787400799669153,7315.0,4433.0,6618.0,6311.428571428572,7315.0,3458.085542471096,5013.9,5140.5,2664.2409587360685,2640.0,1,0,0,0,0,1,0,0,1,7505
367,0,2013-12-20,-0.9749279121818236,-0.2225209339563146,-2.4492935982947064e-16,1.0,-0.1882267098432439,0.9821256058680006,7505.0,4380.0,5239.0,6941.714285714285,7505.0,3449.447574819563,5133.266666666666,5140.5,2752.1462212223555,2640.0,1,0,0,0,0,1,0,0,1,8792
367,0,2013-12-21,-0.7818314824680299,0.6234898018587334,-2.4492935982947064e-16,1.0,-0.1712931441814778,0.9852201067560606,8792.0,5610.0,5194.0,7261.285714285715,7847.0,3408.8935015283037,5224.866666666667,5188.0,2796.342521732729,2640.0,0,0,0,0,0,1,0,0,1,7847
367,0,2013-12-22,-2.4492935982947064e-16,1.0,-2.4492935982947064e-16,1.0,-0.154308820664281,0.9880226656636976,7847.0,0.0,0.0,7261.285714285715,7847.0,3408.893501528303,5044.2,4923.5,2953.947416243394,2640.0,0,0,0,0,0,1,0,0,1,0
367,0,2013-12-23,0.7818314824680298,0.6234898018587336,-2.4492935982947064e-16,1.0,-0.13727877211326517,0.9905324521322227,0.0,10803.0,4665.0,7180.0,7847.0,3315.8801747550115,5236.566666666667,5188.0,3099.134681046364,2640.0,0,0,0,0,0,1,0,0,1,10234
367,0,2013-12-24,0.9749279121818236,-0.22252093395631434,-2.4492935982947064e-16,1.0,-0.12020804489935275,0.9927487224577402,10234.0,8567.0,4098.0,6534.857142857143,7505.0,3438.1141840923683,5371.6,5188.0,2947.6545626463144,2640.0,0,0,0,0,0,1,0,0,1,4051
367,0,2013-12-25,0.43388373911755823,-0.900968867902419,-2.4492935982947064e-16,1.0,-0.10310169744743544,0.9946708199115211,4051.0,7315.0,4082.0,5489.857142857143,7505.0,4190.7703121888935,5246.966666666666,5188.0,3094.4558597297964,2640.0,0,0,0,0,0,1,0,0,1,0
367,0,2013-12-26,-0.433883739117558,-0.9009688679024191,-2.4492935982947064e-16,1.0,-0.0859647987374467,0.9962981749346077,0.0,7505.0,4433.0,4417.714285714285,4051.0,4535.170585335817,5119.466666666666,5188.0,3230.8589520150945,2640.0,0,0,0,0,0,1,0,0,1,0
367,0,2013-12-27,-0.9749279121818236,-0.2225209339563146,-2.4492935982947064e-16,1.0,-0.06880242680232064,0.9976303053065857,0.0,8792.0,4380.0,3882.285714285714,4051.0,4136.3773487713315,5156.6,5188.0,3223.109096551937,2640.0,0,0,0,0,0,1,0,0,1,5044
367,0,2013-12-28,-0.7818314824680299,0.6234898018587334,-2.4492935982947064e-16,1.0,-0.05161966722325418,0.9986668162884759,5044.0,7847.0,5610.0,3467.285714285714,4051.0,3804.7375167583573,5188.533333333334,5188.0,3215.8283400461005,2640.0,0,0,0,0,0,1,0,0,1,4942
367,0,2013-12-29,-2.4492935982947064e-16,1.0,-2.4492935982947064e-16,1.0,-0.034421611622745804,0.9994074007397048,4942.0,0.0,0.0,3467.285714285714,4051.0,3804.7375167583573,5015.8,5119.0,3352.460428422372,2640.0,0,0,0,0,0,1,0,0,1,0
367,0,2013-12-30,0.7818314824680298,0.6234898018587336,-2.4492935982947064e-16,1.0,-0.01721335615583528,0.9998518392091162,0.0,10234.0,10803.0,2960.714285714286,4051.0,2876.468941502507,5001.666666666667,5119.0,3344.2020988811223,2640.0,0,0,0,0,0,1,0,0,1,6688
367,0,2013-12-31,0.9749279121818236,-0.22252093395631434,-2.4492935982947064e-16,1.0,6.432490598706546e-16,1.0,6688.0,4051.0,8567.0,2805.714285714286,2966.0,2836.887127015904,5100.533333333334,5119.0,3233.237799986934,2640.0,0,0,0,0,0,1,0,0,1,2966
367,0,2014-01-01,0.43388373911755823,-0.900968867902419,0.49999999999999994,0.8660254037844387,0.017213356155834685,0.9998518392091162,2966.0,0.0,7315.0,2805.714285714286,2966.0,2836.887127015904,4776.666666666667,4993.0,3241.578971718111,2640.0,0,0,0,0,0,1,0,0,1,0
367,0,2014-01-02,-0.433883739117558,-0.9009688679024191,0.49999999999999994,0.8660254037844387,0.03442161162274574,0.9994074007397048,0.0,0.0,7505.0,3425.1428571428573,4336.0,2584.2945799947915,4661.4,4803.5,3191.683628777591,2640.0,0,0,0,0,0,1,0,0,1,4336
367,0,2014-01-03,-0.9749279121818236,-0.2225209339563146,0.49999999999999994,0.8660254037844387,0.051619667223253764,0.998666816288476,4336.0,5044.0,8792.0,3272.1428571428573,3973.0,2502.9002129910123,4579.4,4549.0,3176.161721757665,2640.0,0,0,0,0,0,1,0,0,1,3973
367,0,2014-01-04,-0.7818314824680299,0.6234898018587334,0.49999999999999994,0.8660254037844387,0.06880242680231986,0.9976303053065857,3973.0,4942.0,7847.0,3302.714285714286,3973.0,2527.878208714814,4530.666666666667,4549.0,3154.9491753197185,2640.0,0,0,0,0,0,1,0,0,1,5156
367,0,2014-01-05,-2.4492935982947064e-16,1.0,0.49999999999999994,0.8660254037844387,0.08596479873744647,0.9962981749346078,5156.0,0.0,0.0,3302.714285714286,3973.0,2527.878208714814,4356.033333333334,4406.5,3257.7108790167936,2640.0,0,0,0,0,0,1,0,0,1,0
367,0,2014-01-06,0.7818314824680298,0.6234898018587336,0.49999999999999994,0.8660254037844387,0.10310169744743485,0.9946708199115211,0.0,6688.0,10234.0,3671.1428571428573,3973.0,3201.6500135904594,4491.8,4406.5,3376.5425736578736,2640.0,1,0,0,0,0,1,0,0,1,9267
367,0,2014-01-07,0.9749279121818236,-0.22252093395631434,0.49999999999999994,0.8660254037844387,0.1202080448993527,0.9927487224577402,9267.0,2966.0,4051.0,4235.0,4336.0,3398.2898640345525,4722.233333333334,4549.0,3294.316471234006,2640.0,1,0,0,0,0,1,0,0,1,6913
367,0,2014-01-08,0.43388373911755823,-0.900968867902419,0.49999999999999994,0.8660254037844387,0.13727877211326478,0.9905324521322229,6913.0,0.0,0.0,5077.0,5156.0,2861.9501509751435,4763.2,4687.5,3301.2146291306476,2640.0,1,0,0,0,0,1,0,0,1,5894
367,0,2014-01-09,-0.433883739117558,-0.9009688679024191,0.49999999999999994,0.8660254037844387,0.15430882066428117,0.9880226656636976,5894.0,4336.0,0.0,5268.714285714285,5678.0,2848.9586234438752,4815.866666666667,4993.0,3302.8393086631636,2640.0,1,0,0,0,0,1,0,0,1,5678
367,0,2014-01-10,-0.9749279121818236,-0.2225209339563146,0.49999999999999994,0.8660254037844387,0.1712931441814776,0.9852201067560606,5678.0,3973.0,5044.0,5596.857142857143,5894.0,2806.817440243865,4888.8,5100.0,3310.224717864123,2640.0,1,0,0,0,0,1,0,0,1,6270
367,0,2014-01-11,-0.7818314824680299,0.6234898018587334,0.49999999999999994,0.8660254037844387,0.1882267098432442,0.9821256058680006,6270.0,5156.0,4942.0,5507.428571428572,5894.0,2833.054644557284,4892.033333333334,5100.0,3309.8115008659265,2640.0,0,0,0,0,0,1,0,0,1,4530
367,0,2014-01-12,-2.4492935982947064e-16,1.0,0.49999999999999994,0.8660254037844387,0.2051044998686192,0.9787400799669153,4530.0,0.0,0.0,5507.428571428572,5894.0,2833.054644557284,4746.033333333334,5100.0,3427.6816582895653,2640.0,0,0,0,0,0,1,0,0,1,0
367,0,2014-01-13,0.7818314824680298,0.6234898018587336,0.49999999999999994,0.8660254037844387,0.22192151300416552,0.9750645322571948,0.0,9267.0,6688.0,4652.571428571428,5678.0,2375.409849348304,4668.466666666666,4993.0,3433.7803409485955,2640.0,0,0,0,0,0,1,0,0,1,3283
367,0,2014-01-14,0.9749279121818236,-0.22252093395631434,0.49999999999999994,0.8660254037844387,0.2386727660059501,0.9711000518829505,3283.0,6913.0,2966.0,4176.285714285715,4530.0,2172.1921887259155,4787.766666666666,4993.0,3326.4870015174206,2640.0,0,0,0,0,0,1,0,0,1,3579
367,0,2014-01-15,0.43388373911755823,-0.900968867902419,0.49999999999999994,0.8660254037844387,0.255353295116187,0.9668478136052775,3579.0,5894.0,0.0,3802.714285714286,3579.0,2048.91041892072,4536.966666666666,4736.0,3135.4826002996106,2640.0,0,0,0,0,0,1,0,0,1,3279
367,0,2014-01-16,-0.433883739117558,-0.9009688679024191,0.49999999999999994,0.8660254037844387,0.2719581575341055,0.9623090774541486,3279.0,5678.0,4336.0,3462.5714285714284,3297.0,1876.0496490536334,4361.3,4433.0,3048.3283621434675,2640.0,0,0,0,0,0,1,0,0,1,3297
367,0,2014-01-17,-0.9749279121818236,-0.2225209339563146,0.49999999999999994,0.8660254037844387,0.288482432880609,0.9574851883550393,3297.0,6270.0,3973.0,3157.4285714285716,3297.0,1473.9261466282019,4255.266666666666,4235.0,2996.9346285523307,2640.0,0,0,0,0,0,1,0,0,1,4134
367,0,2014-01-18,-0.7818314824680299,0.6234898018587334,0.49999999999999994,0.8660254037844387,0.30492122465628907,0.9523775757303974,4134.0,4530.0,5156.0,3156.8571428571427,3297.0,1473.3059682871205,4155.966666666666,4235.0,2934.242620757743,2640.0,0,0,0,0,0,1,0,0,1,4526
367,0,2014-01-19,-2.4492935982947064e-16,1.0,0.49999999999999994,0.8660254037844387,0.3212696616923644,0.9469877530760753,4526.0,0.0,0.0,3156.8571428571427,3297.0,1473.3059682871205,3862.9,4092.5,2894.0260984691727,2640.0,0,0,0,0,0,1,0,0,1,0
367,0,2014-01-20,0.7818314824680298,0.6234898018587336,0.49999999999999994,0.8660254037844387,0.3375228995941133,0.9413173175128471,0.0,3283.0,9267.0,3875.5714285714284,3579.0,2449.086282483244,3878.4666666666667,4092.5,2917.357055368053,2640.0,1,0,0,0,0,1,0,0,1,8314
367,0,2014-01-21,0.9749279121818236,-0.22252093395631434,0.49999999999999994,0.8660254037844387,0.3536761221763716,0.9353679493131483,8314.0,3579.0,6913.0,4056.0,4134.0,2470.0300268080364,4039.866666666667,4235.0,2827.9551980713654,2640.0,1,0,0,0,0,1,0,0,1,4842
367,0,2014-01-22,0.43388373911755823,-0.900968867902419,0.49999999999999994,0.8660254037844387,0.3697245428906731,0.9291414114031743,4842.0,3279.0,5894.0,4436.0,4526.0,2534.345740686008,3896.7,4235.0,2603.3606020176962,2640.0,1,0,0,0,0,1,0,0,1,5939
367,0,2014-01-23,-0.433883739117558,-0.9009688679024191,0.49999999999999994,0.8660254037844387,0.38566340624360707,0.9226395488404876,5939.0,3297.0,5678.0,4709.714285714285,4842.0,2493.9734504257553,3935.4333333333334,4431.0,2614.356486829961,2640.0,1,0,0,0,0,1,0,0,1,5213
367,0,2014-01-24,-0.9749279121818236,-0.2225209339563146,0.49999999999999994,0.8660254037844387,0.401487989205973,0.9158642882672872,5213.0,4134.0,6270.0,4942.428571428572,5213.0,2507.2658984866894,4127.533333333334,4528.0,2525.430843861388,2640.0,1,0,0,0,0,1,0,0,1,5763
367,0,2014-01-25,-0.7818314824680299,0.6234898018587334,0.49999999999999994,0.8660254037844387,0.4171936026123168,0.9088176373395029,5763.0,4526.0,4530.0,4906.285714285715,5213.0,2516.0773513736053,4269.966666666666,4528.0,2402.098500425644,2640.0,0,0,0,0,0,1,0,0,1,4273
367,0,2014-01-26,-2.4492935982947064e-16,1.0,0.49999999999999994,0.8660254037844387,0.4327755925504312,0.901501684131884,4273.0,0.0,0.0,4906.285714285715,5213.0,2516.0773513736053,4101.833333333333,4431.0,2519.6993674442306,2640.0,0,0,0,0,0,1,0,0,1,0
367,0,2014-01-27,0.7818314824680298,0.6234898018587336,0.49999999999999994,0.8660254037844387,0.4482293417404106,0.893918596519257,0.0,8314.0,3283.0,4190.0,4842.0,2055.8879671162313,4047.1,4304.5,2518.653490150696,2640.0,0,0,0,0,0,1,0,0,1,3300
367,0,2014-01-28,0.9749279121818236,-0.22252093395631434,0.49999999999999994,0.8660254037844387,0.4635502709028509,0.886070621534138,3300.0,4842.0,3579.0,3940.8571428571427,4273.0,2069.3359183218945,4150.366666666667,4304.5,2408.0804987594893,2640.0,0,0,0,0,0,1,0,0,1,3098
367,0,2014-01-29,0.43388373911755823,-0.900968867902419,0.49999999999999994,0.8660254037844387,0.47873384011578846,0.8779600847008882,3098.0,5939.0,3279.0,3590.8571428571427,3489.0,1872.9213748020634,4043.733333333333,4203.5,2362.2271918143547,2640.0,0,0,0,0,0,1,0,0,1,3489
367,0,2014-01-30,-0.433883739117558,-0.9009688679024191,0.49999999999999994,0.8660254037844387,0.4937755501599772,0.869589389346611,3489.0,5213.0,3297.0,3352.285714285714,3489.0,1732.9904514341326,4062.9666666666667,4203.5,2355.4890331006586,2640.0,0,0,0,0,0,1,0,0,1,3543
367,0,2014-01-31,-0.9749279121818236,-0.2225209339563146,0.49999999999999994,0.8660254037844387,0.5086709438521044,0.8609610158889943,3543.0,5763.0,4134.0,3302.4285714285716,3489.0,1655.3578522626437,4243.433333333333,4304.5,2237.9337404035855,2640.0,0,0,0,0,0,1,0,0,1,5414
367,0,2014-02-01,-0.7818314824680299,0.6234898018587334,0.8660254037844386,0.5000000000000001,0.5234156073655503,0.8520775211013093,5414.0,4273.0,4526.0,3472.0,3489.0,1823.5990970239707,4280.9,4399.5,2248.918734061725,2640.0,0,0,0,0,0,1,0,0,1,5460
367,0,2014-02-02,-2.4492935982947064e-16,1.0,0.8660254037844386,0.5000000000000001,0.5380051715382996,0.8429415373547828,5460.0,0.0,0.0,3472.0,3489.0,1823.5990970239707,4148.466666666666,4399.5,2380.7893030982664,2640.0,0,0,0,0,0,1,0,0,1,0
367,0,2014-02-03,0.7818314824680298,0.6234898018587336,0.8660254037844386,0.5000000000000001,0.5524353131676196,0.8335557718385699,0.0,3300.0,8314.0,4331.142857142857,3543.0,2854.3994364589407,4287.066666666667,4399.5,2556.04682561033,2640.0,1,0,0,0,0,1,0,0,1,9314
367,0,2014-02-04,0.9749279121818236,-0.22252093395631434,0.8660254037844386,0.5000000000000001,0.5667017562911176,0.8239230057575542,9314.0,3098.0,4842.0,4891.428571428572,5414.0,2955.14939594954,4521.066666666667,4528.0,2469.923842652996,2640.0,1,0,0,0,0,1,0,0,1,7020
367,0,2014-02-05,0.43388373911755823,-0.900968867902419,0.8660254037844386,0.5000000000000001,0.5808002734538009,0.8140460935082178,7020.0,3489.0,5939.0,5266.0,5460.0,2913.6423367782545,4415.866666666667,4528.0,2323.6949134029423,2640.0,1,0,0,0,0,1,0,0,1,6111
367,0,2014-02-06,-0.433883739117558,-0.9009688679024191,0.8660254037844386,0.5000000000000001,0.5947266869607634,0.8039279618328213,6111.0,3543.0,5213.0,5585.285714285715,5778.0,2814.1215748604786,4378.033333333334,4528.0,2290.6404387289217,2640.0,1,0,0,0,0,1,0,0,1,5778
367,0,2014-02-07,-0.9749279121818236,-0.2225209339563146,0.8660254037844386,0.5000000000000001,0.6084768701151261,0.7935716089521474,5778.0,5414.0,5763.0,5728.142857142857,6111.0,2829.3183176972375,4395.366666666667,4528.0,2304.4332609175267,2640.0,1,0,0,0,0,1,0,0,1,6414
367,0,2014-02-08,-0.7818314824680299,0.6234898018587334,0.8660254037844386,0.5000000000000001,0.6220467484408675,0.7829801036770629,6414.0,5460.0,4273.0,5636.857142857143,6111.0,2849.647020747855,4366.8,4528.0,2293.269769234042,2640.0,0,0,0,0,0,1,0,0,1,4821
367,0,2014-02-09,-2.4492935982947064e-16,1.0,0.8660254037844386,0.5000000000000001,0.6354323008901774,0.7721565844991642,4821.0,0.0,0.0,5636.857142857143,6111.0,2849.647020747855,4157.8,4399.5,2397.1955079734903,2640.0,0,0,0,0,0,1,0,0,1,0
367,0,2014-02-10,0.7818314824680298,0.6234898018587336,0.8660254037844386,0.5000000000000001,0.6486295610349814,0.7611042586607747,0.0,9314.0,3300.0,4823.714285714285,5778.0,2402.5260813211894,4127.533333333334,4203.5,2398.066099191588,2640.0,0,0,0,0,0,1,0,0,1,3622
367,0,2014-02-11,0.9749279121818236,-0.22252093395631434,0.8660254037844386,0.5000000000000001,0.6616346182422783,0.7498264012045686,3622.0,7020.0,3098.0,4329.428571428572,4821.0,2224.7046138864357,4246.2,4203.5,2271.517939996103,2640.0,0,0,0,0,0,1,0,0,1,3560
367,0,2014-02-12,0.43388373911755823,-0.900968867902419,0.8660254037844386,0.5000000000000001,0.6744436188329455,0.7383263540031065,3560.0,6111.0,3489.0,3963.714285714286,3622.0,2089.3216374608,4255.133333333333,4203.5,2268.123738236965,2640.0,0,0,0,0,0,1,0,0,1,3551
367,0,2014-02-13,-0.433883739117558,-0.9009688679024191,0.8660254037844386,0.5000000000000001,0.6870527672236669,0.7266075247685656,3551.0,5778.0,3543.0,3727.714285714286,3622.0,1938.058368082657,4273.366666666667,4203.5,2264.696972700966,2640.0,0,0,0,0,0,1,0,0,1,4126
367,0,2014-02-14,-0.9749279121818236,-0.2225209339563146,0.8660254037844386,0.5000000000000001,0.6994583270516471,0.7146733860429609,4126.0,6414.0,5414.0,3388.714285714286,3622.0,1560.6617949111237,4298.766666666666,4203.5,2257.421426185704,2640.0,0,0,0,0,0,1,0,0,1,4041
367,0,2014-02-15,-0.7818314824680299,0.6234898018587334,0.8660254037844386,0.5000000000000001,0.7116566222817746,0.702527474169157,4041.0,4821.0,5460.0,3263.8571428571427,3622.0,1458.6013195948306,4320.433333333333,4203.5,2250.583934699267,2640.0,0,0,0,0,0,1,0,0,1,3947
367,0,2014-02-16,-2.4492935982947064e-16,1.0,0.8660254037844386,0.5000000000000001,0.7236440382959124,0.6901733882429719,3947.0,0.0,0.0,3263.8571428571427,3622.0,1458.6013195948306,4182.633333333333,4199.5,2384.9415157050153,2640.0,0,0,0,0,0,1,0,0,1,0
367,0,2014-02-17,0.7818314824680298,0.6234898018587336,0.8660254037844386,0.5000000000000001,0.7354170229639855,0.6776147890466889,0.0,3622.0,9314.0,3935.8571428571427,3947.0,2418.7132549196035,4309.3,4199.5,2501.8523365284977,2640.0,1,0,0,0,0,1,0,0,1,8326
367,0,2014-02-18,0.9749279121818236,-0.22252093395631434,0.8660254037844386,0.5000000000000001,0.7469720876965552,0.6648553979642865,8326.0,3560.0,7020.0,4255.571428571428,4041.0,2507.0510470233603,4502.566666666667,4547.0,2378.3817257398628,2640.0,1,0,0,0,0,1,0,0,1,5798
367,0,2014-02-19,0.43388373911755823,-0.900968867902419,0.8660254037844386,0.5000000000000001,0.7583058084785625,0.6518989958787126,5798.0,3551.0,6111.0,4577.285714285715,4126.0,2545.762604426268,4418.866666666667,4547.0,2281.8490798009634,2640.0,1,0,0,0,0,1,0,0,1,5803
367,0,2014-02-20,-0.433883739117558,-0.9009688679024191,0.8660254037844386,0.5000000000000001,0.7694148268839378,0.6387494220515272,5803.0,4126.0,5778.0,4794.142857142857,5644.0,2565.4913388128575,4445.6,4547.0,2291.654207531439,2640.0,1,0,0,0,0,1,0,0,1,5644
367,0,2014-02-21,-0.9749279121818236,-0.2225209339563146,0.8660254037844386,0.5000000000000001,0.7802958510707755,0.6254105729852463,5644.0,4041.0,6414.0,5055.0,5798.0,2568.9799532109973,4443.2,4547.0,2290.073427523291,2640.0,1,0,0,0,0,1,0,0,1,5867
367,0,2014-02-22,-0.7818314824680299,0.6234898018587334,0.8660254037844386,0.5000000000000001,0.7909456567567772,0.6118864012687243,5867.0,3947.0,4821.0,5064.571428571428,5798.0,2564.2842963253765,4403.233333333334,4199.5,2286.6354847744933,2640.0,0,0,0,0,0,1,0,0,1,4014
367,0,2014-02-23,-2.4492935982947064e-16,1.0,0.8660254037844386,0.5000000000000001,0.8013610881746766,0.5981809144059164,4014.0,0.0,0.0,5064.571428571428,5798.0,2564.2842963253765,4211.133333333333,4083.5,2407.350664732603,2640.0,0,0,0,0,0,1,0,0,1,0
367,0,2014-02-24,0.7818314824680298,0.6234898018587336,0.8660254037844386,0.5000000000000001,0.8115390590073611,0.5842981736283683,0.0,8326.0,3622.0,4322.571428571428,5644.0,2186.9800987619733,4173.1,4027.5,2415.3395185056643,2640.0,0,0,0,0,0,1,0,0,1,3132
367,0,2014-02-25,0.9749279121818236,-0.22252093395631434,0.8660254037844386,0.5000000000000001,0.8214765533024142,0.5702422926917871,3132.0,5798.0,3560.0,3941.1428571428573,4014.0,2118.528925817108,4277.366666666667,4027.5,2293.419438957581,2640.0,0,0,0,0,0,1,0,0,1,3128
367,0,2014-02-26,0.43388373911755823,-0.900968867902419,0.8660254037844386,0.5000000000000001,0.8311706263658079,0.5560174366570446,3128.0,5803.0,3551.0,3521.1428571428573,3132.0,1974.422652200837,4262.8,4027.5,2301.215801596461,2640.0,0,0,0,0,0,1,0,0,1,2863
367,0,2014-02-27,-0.433883739117558,-0.9009688679024191,0.8660254037844386,0.5000000000000001,0.8406184056344782,0.5416278206559814,2863.0,5644.0,4126.0,3355.4285714285716,3132.0,1808.2409368538981,4309.0,4083.5,2290.9143484041774,2640.0,0,0,0,0,0,1,0,0,1,4484
367,0,2014-02-28,-0.9749279121818236,-0.2225209339563146,0.8660254037844386,0.5000000000000001,0.8498170915275278,0.5270777086423722,4484.0,5867.0,4041.0,3292.714285714286,3132.0,1711.648397917988,4373.633333333333,4305.0,2294.331883567419,2640.0,0,0,0,0,0,1,0,0,1,5428
367,0,2014-03-01,-0.7818314824680299,0.6234898018587334,1.0,6.123233995736766e-17,0.8587639582758029,0.5123714121284237,5428.0,4014.0,3947.0,3504.5714285714284,3132.0,1897.4930704434548,4438.766666666666,4652.5,2297.671500234205,2640.0,0,0,0,0,0,1,0,0,1,5497
367,0,2014-03-02,-2.4492935982947064e-16,1.0,1.0,6.123233995736766e-17,0.8674563547295968,0.49751328890718066,5497.0,0.0,0.0,3504.5714285714284,3132.0,1897.4930704434548,4258.3,4305.0,2427.3872593586198,2640.0,0,0,0,0,0,1,0,0,1,0
367,0,2014-03-03,0.7818314824680298,0.6234898018587336,1.0,6.123233995736766e-17,0.8758917051442429,0.48250774176121847,0.0,3132.0,8326.0,4300.571428571428,4484.0,2709.9451321101683,4366.433333333333,4305.0,2551.8312516272713,2640.0,1,0,0,0,0,1,0,0,1,8704
367,0,2014-03-04,0.9749279121818236,-0.22252093395631434,1.0,6.123233995736766e-17,0.8840675099433636,0.46735921715800227,8704.0,3128.0,5798.0,4787.285714285715,5428.0,2769.5465160855993,4584.266666666666,4652.5,2442.842040898593,2640.0,1,0,0,0,0,1,0,0,1,6535
367,0,2014-03-05,0.43388373911755823,-0.900968867902419,1.0,6.123233995736766e-17,0.8919813464595485,0.45207220393230435,6535.0,2863.0,5803.0,5208.285714285715,5497.0,2649.676377364202,4467.466666666666,4652.5,2287.745596136877,2640.0,1,0,0,0,0,1,0,0,1,5810
367,0,2014-03-06,-0.433883739117558,-0.9009688679024191,1.0,6.123233995736766e-17,0.8996308696522433,0.43665123195606403,5810.0,4484.0,5644.0,5353.857142857143,5503.0,2631.1796738707244,4416.9,4652.5,2245.760839509822,2640.0,1,0,0,0,0,1,0,0,1,5503
367,0,2014-03-07,-0.9749279121818236,-0.2225209339563146,1.0,6.123233995736766e-17,0.9070138128026359,0.4211008707960896,5503.0,5428.0,5867.0,5402.285714285715,5767.0,2635.8873088130836,4405.433333333333,4652.5,2237.676299096951,2640.0,1,0,0,0,0,1,0,0,1,5767
367,0,2014-03-08,-0.7818314824680299,0.6234898018587334,1.0,6.123233995736766e-17,0.9141279881853337,0.40542572835999735,5767.0,5497.0,4014.0,5255.285714285715,5767.0,2658.322385408113,4361.766666666666,4476.0,2222.6997669552643,2640.0,0,0,0,0,0,1,0,0,1,4468
367,0,2014-03-09,-2.4492935982947064e-16,1.0,1.0,6.123233995736766e-17,0.9209712877166346,0.38963044953078796,4468.0,0.0,0.0,5255.285714285715,5767.0,2658.322385408113,4147.966666666666,4297.0,2324.63172438625,2640.0,0,0,0,0,0,1,0,0,1,0
367,0,2014-03-10,0.7818314824680298,0.6234898018587336,1.0,6.123233995736766e-17,0.9275416835791966,0.37371971479046906,0.0,8704.0,3132.0,4549.0,5503.0,2207.9568232493384,4112.6,4083.5,2322.1087859514905,2640.0,0,0,0,0,0,1,0,0,1,3760
367,0,2014-03-11,0.9749279121818236,-0.22252093395631434,1.0,6.123233995736766e-17,0.9338372288229252,0.35769823883312546,3760.0,6535.0,3128.0,4115.714285714285,4468.0,2044.843002472777,4229.333333333333,4083.5,2192.652626439009,2640.0,0,0,0,0,0,1,0,0,1,3502
367,0,2014-03-12,0.43388373911755823,-0.900968867902419,1.0,6.123233995736766e-17,0.9398560579418954,0.3415707691678556,3502.0,5810.0,2863.0,3741.4285714285716,3760.0,1918.941188706486,4214.933333333333,4083.5,2198.1903204812525,2640.0,0,0,0,0,0,1,0,0,1,3190
367,0,2014-03-13,-0.433883739117558,-0.9009688679024191,1.0,6.123233995736766e-17,0.9455963874271426,0.3253420847119801,3190.0,5503.0,4484.0,3510.5714285714284,3760.0,1762.5267711577021,4225.833333333333,4083.5,2195.640022680267,2640.0,0,0,0,0,0,1,0,0,1,3887
367,0,2014-03-14,-0.9749279121818236,-0.2225209339563146,1.0,6.123233995736766e-17,0.9510565162951535,0.30901699437494745,3887.0,5767.0,5428.0,3314.8571428571427,3760.0,1531.0759211059562,4254.033333333334,4261.5,2192.103846699021,2640.0,0,0,0,0,0,1,0,0,1,4397
367,0,2014-03-15,-0.7818314824680299,0.6234898018587334,1.0,6.123233995736766e-17,0.9562348265919056,0.29260033563334836,4397.0,4468.0,5497.0,3300.1428571428573,3760.0,1518.5907314098115,4262.0,4381.0,2192.0567888440396,2640.0,0,0,0,0,0,1,0,0,1,4365
367,0,2014-03-16,-2.4492935982947064e-16,1.0,1.0,6.123233995736766e-17,0.9611297838723007,0.27609697309746883,4365.0,0.0,0.0,3300.1428571428573,3760.0,1518.5907314098115,4127.3,4381.0,2326.161232440767,2640.0,0,0,0,0,0,1,0,0,1,0
367,0,2014-03-17,0.7818314824680298,0.6234898018587336,1.0,6.123233995736766e-17,0.9657399376548549,0.2595117970697999,0.0,3760.0,8704.0,3787.285714285714,3887.0,2118.957110961714,4234.733333333334,4432.5,2391.0682496977465,2640.0,1,0,0,0,0,1,0,0,1,7170
367,0,2014-03-18,0.9749279121818236,-0.22252093395631434,1.0,6.123233995736766e-17,0.970063921851507,0.2428497220959356,7170.0,3502.0,6535.0,4065.8571428571427,4365.0,2201.7624325807237,4416.466666666666,4476.0,2261.804097333065,2640.0,1,0,0,0,0,1,0,0,1,5452
367,0,2014-03-19,0.43388373911755823,-0.900968867902419,1.0,6.123233995736766e-17,0.9741004551724205,0.22611568550828828,5452.0,3190.0,5810.0,4302.0,4397.0,2180.711963251141,4300.366666666667,4476.0,2140.3357693939347,2640.0,1,0,0,0,0,1,0,0,1,4843
367,0,2014-03-20,-0.433883739117558,-0.9009688679024191,1.0,6.123233995736766e-17,0.9778483415056568,0.20931464596304847,4843.0,3887.0,5503.0,4486.714285714285,4843.0,2194.4191117685828,4279.766666666666,4476.0,2128.3650627253505,2640.0,1,0,0,0,0,1,0,0,1,5180
367,0,2014-03-21,-0.9749279121818236,-0.2225209339563146,1.0,6.123233995736766e-17,0.9813064702716093,0.19245158197082998,5180.0,4397.0,5767.0,4634.0,5180.0,2221.822450152122,4267.266666666666,4476.0,2120.1960698748226,2640.0,1,0,0,0,0,1,0,0,1,5428
367,0,2014-03-22,-0.7818314824680299,0.6234898018587334,1.0,6.123233995736766e-17,0.9844738167520922,0.1755314904214282,5428.0,4365.0,4468.0,4616.142857142857,5180.0,2224.845045433604,4220.466666666666,4432.5,2104.1940996959866,2640.0,0,0,0,0,0,1,0,0,1,4240
367,0,2014-03-23,-2.4492935982947064e-16,1.0,1.0,6.123233995736766e-17,0.9873494423939864,0.15855938510313478,4240.0,0.0,0.0,4616.142857142857,5180.0,2224.845045433604,4024.9,4381.0,2215.5814112000435,2640.0,0,0,0,0,0,1,0,0,1,0
367,0,2014-03-24,0.7818314824680298,0.6234898018587336,1.0,6.123233995736766e-17,0.989932495087353,0.141540295217043,0.0,7170.0,3760.0,4193.285714285715,4843.0,1918.7982970499745,4031.4333333333334,4381.0,2215.837129632382,2640.0,0,0,0,0,0,1,0,0,1,4210
367,0,2014-03-25,0.9749279121818236,-0.22252093395631434,1.0,6.123233995736766e-17,0.9922222094179323,0.12447926388678915,4210.0,5452.0,3502.0,3847.8571428571427,4240.0,1871.4992589339843,4132.566666666667,4381.0,2091.2269238718304,2640.0,0,0,0,0,0,1,0,0,1,3034
367,0,2014-03-26,0.43388373911755823,-0.900968867902419,1.0,6.123233995736766e-17,0.994217906893952,0.10738134666416309,3034.0,4843.0,3190.0,3640.5714285714284,4210.0,1822.6254741574292,4141.233333333334,4381.0,2087.4726788768935,2640.0,0,0,0,0,0,1,0,0,1,3392
367,0,2014-03-27,-0.433883739117558,-0.9009688679024191,1.0,6.123233995736766e-17,0.995918996147179,0.09025161003104117,3392.0,5180.0,3887.0,3419.285714285714,3631.0,1694.0711038093646,4158.0,4381.0,2081.0639354542373,2640.0,0,0,0,0,0,1,0,0,1,3631
367,0,2014-03-28,-0.9749279121818236,-0.2225209339563146,1.0,6.123233995736766e-17,0.9973249731081555,0.07309512989807777,3631.0,5428.0,4397.0,3200.0,3631.0,1476.0380528066703,4192.333333333333,4381.0,2067.4140324591967,2640.0,0,0,0,0,0,1,0,0,1,3893
367,0,2014-03-29,-0.7818314824680299,0.6234898018587334,1.0,6.123233995736766e-17,0.9984354211555643,0.055916990100603484,3893.0,4240.0,4365.0,3226.5714285714284,3631.0,1499.3700740803095,4190.4,4381.0,2067.158979922895,2640.0,0,0,0,0,0,1,0,0,1,4426
367,0,2014-03-30,-2.4492935982947064e-16,1.0,1.0,6.123233995736766e-17,0.9992500112396835,0.03872228089217446,4426.0,0.0,0.0,3226.5714285714284,3631.0,1499.3700740803095,4009.4666666666667,4302.5,2189.0553266166003,2640.0,0,0,0,0,0,1,0,0,1,0
367,0,2014-03-31,0.7818314824680298,0.6234898018587336,1.0,6.123233995736766e-17,0.9997685019798909,0.021516097436222254,0.0,4210.0,7170.0,4038.8571428571427,3631.0,2954.774465649979,4156.1,4302.5,2426.579916900214,2640.0,1,0,0,0,0,1,0,0,1,9896
367,0,2014-04-01,0.9749279121818236,-0.22252093395631434,0.8660254037844387,-0.49999999999999983,0.9999907397361901,0.004303538296244289,9896.0,3034.0,5452.0,4508.428571428572,3893.0,3028.7266222590856,4366.8,4381.0,2325.586339117439,2640.0,1,0,0,0,0,1,0,0,1,6321
367,0,2014-04-02,0.43388373911755823,-0.900968867902419,0.8660254037844387,-0.49999999999999983,0.9999166586547379,-0.01291029607500882,6321.0,3392.0,4843.0,4962.857142857143,4426.0,3071.6340617859723,4295.766666666666,4381.0,2218.626830416435,2640.0,1,0,0,0,0,1,0,0,1,6573
367,0,2014-04-03,-0.433883739117558,-0.9009688679024191,0.8660254037844387,-0.49999999999999983,0.9995462806873573,-0.030120304846908114,6573.0,3631.0,5180.0,5238.142857142857,5558.0,3018.2635973117267,4263.2,4381.0,2191.630591198221,2640.0,1,0,0,0,0,1,0,0,1,5558
367,0,2014-04-04,-0.9749279121818236,-0.2225209339563146,0.8660254037844387,-0.49999999999999983,0.9988797155850336,-0.04732138832243185,5558.0,3893.0,5428.0,5491.285714285715,5665.0,2960.3974797474784,4258.366666666667,4381.0,2188.259006975453,2640.0,1,0,0,0,0,1,0,0,1,5665
367,0,2014-04-05,-0.7818314824680299,0.6234898018587334,0.8660254037844387,-0.49999999999999983,0.9979171608653922,-0.06450844944931623,5665.0,4426.0,4240.0,5438.857142857143,5665.0,2985.550950191683,4210.233333333334,4302.5,2175.783468615122,2640.0,0,0,0,0,0,1,0,0,1,4059
367,0,2014-04-06,-2.4492935982947064e-16,1.0,0.8660254037844387,-0.49999999999999983,0.9966589017541702,-0.08167639533042241,4059.0,0.0,0.0,5438.857142857143,5665.0,2985.550950191683,4018.0,4225.0,2285.493306744174,2640.0,0,0,0,0,0,1,0,0,1,0
367,0,2014-04-07,0.7818314824680298,0.6234898018587336,0.8660254037844387,-0.49999999999999983,0.9951053111006976,-0.09882013873287143,0.0,9896.0,4210.0,4608.714285714285,5558.0,2259.2009438653054,4005.233333333333,4147.5,2283.9621453975983,2640.0,0,0,0,0,0,1,0,0,1,4085
367,0,2014-04-08,0.9749279121818236,-0.22252093395631434,0.8660254037844387,-0.49999999999999983,0.9932568492674143,-0.11593459959550041,4085.0,6321.0,3034.0,4231.571428571428,4085.0,2143.0899698910453,4127.933333333333,4147.5,2156.702334797165,2640.0,0,0,0,0,0,1,0,0,1,3681
367,0,2014-04-09,0.43388373911755823,-0.900968867902419,0.8660254037844387,-0.49999999999999983,0.9911140639934547,-0.1330147065341959,3681.0,6573.0,3392.0,3877.4285714285716,4085.0,1880.4133284239049,4139.066666666667,4152.0,2155.599299552189,2640.0,0,0,0,0,0,1,0,0,1,4094
367,0,2014-04-10,-0.433883739117558,-0.9009688679024191,0.8660254037844387,-0.49999999999999983,0.9886775902323405,-0.1500553983446526,4094.0,5558.0,3631.0,3695.0,4085.0,1747.441653770825,4165.033333333334,4225.0,2152.3499985113845,2640.0,0,0,0,0,0,1,0,0,1,4281
367,0,2014-04-11,-0.9749279121818236,-0.2225209339563146,0.8660254037844387,-0.49999999999999983,0.9859481499638304,-0.16705162550211924,4281.0,5665.0,3893.0,3448.8571428571427,4059.0,1531.7375132586496,4190.1,4225.0,2144.9693245937756,2640.0,0,0,0,0,0,1,0,0,1,3942
367,0,2014-04-12,-0.7818314824680299,0.6234898018587334,0.8660254037844387,-0.49999999999999983,0.9829265519799822,-0.18399835165768005,3942.0,4059.0,4426.0,3516.5714285714284,4085.0,1573.1239469224715,4211.633333333333,4260.5,2145.0641736776556,2640.0,0,0,0,0,0,1,0,0,1,4533
367,0,2014-04-13,-2.4492935982947064e-16,1.0,0.8660254037844387,-0.49999999999999983,0.9796136916454901,-0.20089055513063506,4533.0,0.0,0.0,3516.5714285714284,4085.0,1573.1239469224715,4065.0666666666666,4225.0,2278.0568690993164,2640.0,0,0,0,0,0,1,0,0,1,0
367,0,2014-04-14,0.7818314824680298,0.6234898018587336,0.8660254037844387,-0.49999999999999983,0.9760105506323683,-0.21772323039653177,0.0,4085.0,9896.0,4208.142857142857,4094.0,2596.126051675931,4217.1,4225.0,2444.854122296532,2640.0,1,0,0,0,0,1,0,0,1,8926
367,0,2014-04-15,0.9749279121818236,-0.22252093395631434,0.8660254037844387,-0.49999999999999983,0.9721181966290613,-0.23449138957040985,8926.0,3681.0,6321.0,4723.857142857143,4281.0,2822.635377832294,4460.133333333333,4260.5,2372.5078501135818,2640.0,1,0,0,0,0,1,0,0,1,7291
367,0,2014-04-16,0.43388373911755823,-0.900968867902419,0.8660254037844387,-0.49999999999999983,0.9679377830240642,-0.25119006388481935,7291.0,4094.0,6573.0,5057.571428571428,4533.0,2873.3914257744746,4435.466666666666,4260.5,2347.0726849643456,2640.0,1,0,0,0,0,1,0,0,1,6430
367,0,2014-04-17,-0.433883739117558,-0.9009688679024191,0.8660254037844387,-0.49999999999999983,0.9634705485641488,-0.2678143051621742,6430.0,4281.0,5558.0,5531.285714285715,6430.0,2994.8029269767576,4506.966666666666,4260.5,2410.9115529384208,2640.0,1,0,0,0,0,1,0,0,1,7597
367,0,2014-04-18,-0.9749279121818236,-0.2225209339563146,0.8660254037844387,-0.49999999999999983,0.9587178169872964,-0.2843591872810034,7597.0,3942.0,5665.0,4968.142857142857,6430.0,3643.7721035840214,4345.533333333334,4225.0,2545.9931296238706,2640.0,1,0,0,0,0,1,0,0,1,0
367,0,2014-04-19,-0.7818314824680299,0.6234898018587334,0.8660254037844387,-0.49999999999999983,0.9536809966304457,-0.30081980763566735,0.0,4533.0,4059.0,5252.428571428572,6523.0,3681.597337078151,4390.3,4225.0,2572.8372524483943,2640.0,0,0,0,0,0,1,0,0,1,6523
367,0,2014-04-20,-2.4492935982947064e-16,1.0,0.8660254037844387,-0.49999999999999983,0.9483615800121715,-0.3171912885891061,6523.0,0.0,0.0,5252.428571428572,6523.0,3681.597337078151,4209.366666666667,4152.0,2685.7289575333793,2640.0,0,0,0,0,0,1,0,0,1,0
367,0,2014-04-21,0.7818314824680298,0.6234898018587336,0.8660254037844387,-0.49999999999999983,0.9427611433904207,-0.3334687789181868,0.0,8926.0,4085.0,3977.285714285714,6430.0,3742.45702332419,4068.0333333333333,4089.5,2793.463040290898,2640.0,0,0,0,0,0,1,0,0,1,0
367,0,2014-04-22,0.9749279121818236,-0.22252093395631434,0.8660254037844387,-0.49999999999999983,0.9368813462954315,-0.3496474552512284,0.0,7291.0,3681.0,3503.714285714286,3976.0,3451.698070722374,4200.566666666667,4089.5,2686.0576120780242,2640.0,0,0,0,0,0,1,0,0,1,3976
367,0,2014-04-23,0.43388373911755823,-0.900968867902419,0.8660254037844387,-0.49999999999999983,0.9307239310379795,-0.36572252349726897,3976.0,6430.0,4094.0,3125.4285714285716,3782.0,3214.496116923191,4186.3,4072.0,2687.1421962297827,2640.0,0,0,0,0,0,1,0,0,1,3782
367,0,2014-04-24,-0.433883739117558,-0.9009688679024191,0.8660254037844387,-0.49999999999999983,0.9242907221930934,-0.3816892202666588,3782.0,7597.0,4281.0,2556.8571428571427,3617.0,2581.397840226066,4205.733333333334,4072.0,2680.6216460357477,2640.0,0,0,0,0,0,1,0,0,1,3617
367,0,2014-04-25,-0.9749279121818236,-0.2225209339563146,0.8660254037844387,-0.49999999999999983,0.9175836260593937,-0.39754281428255595,3617.0,0.0,3942.0,3110.0,3782.0,2346.3447459115323,4221.733333333334,4072.0,2677.027274774214,2640.0,0,0,0,0,0,1,0,0,1,3872
367,0,2014-04-26,-0.7818314824680299,0.6234898018587334,0.8660254037844387,-0.49999999999999983,0.9106046300942163,-0.4132786077829042,3872.0,6523.0,4533.0,2706.0,3695.0,1852.1674690300877,4223.866666666667,4072.0,2676.565745223858,2640.0,0,0,0,0,0,1,0,0,1,3695
367,0,2014-04-27,-2.4492935982947064e-16,1.0,0.8660254037844387,-0.49999999999999983,0.9033558023246845,-0.4288919379124835,3695.0,0.0,0.0,2706.0,3695.0,1852.1674690300877,4094.1,4072.0,2785.32185164325,2640.0,0,0,0,0,0,1,0,0,1,0
367,0,2014-04-28,0.7818314824680298,0.6234898018587336,0.8660254037844387,-0.49999999999999983,0.895839290734909,-0.4443781781046132,0.0,0.0,8926.0,3859.4285714285716,3782.0,2336.7838194937085,4215.7,4072.0,2878.387756941435,2640.0,1,0,0,0,0,1,0,0,1,8074
367,0,2014-04-29,0.9749279121818236,-0.22252093395631434,0.8660254037844387,-0.49999999999999983,0.8880573226294932,-0.45973273945210397,8074.0,3976.0,7291.0,4219.0,3782.0,2542.32242906625,4432.133333333333,4089.5,2793.323526990165,2640.0,1,0,0,0,0,1,0,0,1,6493
367,0,2014-04-30,0.43388373911755823,-0.900968867902419,0.8660254037844387,-0.49999999999999983,0.8800122039735357,-0.47495107206704995,6493.0,3782.0,6430.0,4881.571428571428,3872.0,2976.7108725987487,4382.933333333333,4089.5,2705.3819659355295,2640.0,1,0,0,0,0,1,0,0,1,8420
367,0,2014-05-01,-0.433883739117558,-0.9009688679024191,0.49999999999999994,-0.8660254037844387,0.8717063187093218,-0.49002866642905923,8420.0,3617.0,7597.0,4364.857142857143,3872.0,3500.630630261324,4172.233333333334,4072.0,2793.9332266023544,2640.0,1,0,0,0,0,1,0,0,1,0
367,0,2014-05-02,-0.9749279121818236,-0.2225209339563146,0.49999999999999994,-0.8660254037844387,0.8631421280499114,-0.5049610547215204,0.0,3872.0,0.0,5044.142857142857,6493.0,3834.4803832493126,4240.7,4072.0,2878.675810878663,2640.0,1,0,0,0,0,1,0,0,1,8627
367,0,2014-05-03,-0.7818314824680299,0.6234898018587334,0.49999999999999994,-0.8660254037844387,0.854322169749827,-0.5197438121555155,8627.0,3695.0,6523.0,5265.0,6493.0,3788.063709425523,4230.133333333333,4072.0,2874.252103421512,2640.0,0,0,0,0,0,1,0,0,1,5241
367,0,2014-05-04,-2.4492935982947064e-16,1.0,0.49999999999999994,-0.8660254037844387,0.8452490573530633,-0.5343725582809787,5241.0,0.0,0.0,5265.0,6493.0,3788.063709425523,4041.3,4017.5,2961.4993540667765,2640.0,0,0,0,0,0,1,0,0,1,0
367,0,2014-05-05,0.7818314824680298,0.6234898018587336,0.49999999999999994,-0.8660254037844387,0.835925479418637,-0.548842958284719,0.0,8074.0,0.0,5370.714285714285,6493.0,3888.514099853811,4199.8,4030.5,3087.061758930047,2640.0,1,0,0,0,0,1,0,0,1,8814
367,0,2014-05-06,0.9749279121818236,-0.22252093395631434,0.49999999999999994,-0.8660254037844387,0.8263541987239096,-0.5631507242749186,8814.0,6493.0,3976.0,5293.714285714285,5954.0,3867.8686083460175,4398.266666666666,4089.5,2997.8485726213403,2640.0,1,0,0,0,0,1,0,0,1,5954
367,0,2014-05-07,0.43388373911755823,-0.900968867902419,0.49999999999999994,-0.8660254037844387,0.8165380514459161,-0.5772916165517272,5954.0,8420.0,3782.0,4887.428571428572,5576.0,3626.591414222765,4447.966666666666,4187.5,3004.8271679408444,2640.0,1,0,0,0,0,1,0,0,1,5576
367,0,2014-05-08,-0.433883739117558,-0.9009688679024191,0.49999999999999994,-0.8660254037844387,0.8064799463209448,-0.5912614448635781,5576.0,0.0,3617.0,5643.285714285715,5576.0,2920.892084865266,4501.633333333333,4407.0,3005.0340922196356,2640.0,1,0,0,0,0,1,0,0,1,5291
367,0,2014-05-09,-0.9749279121818236,-0.2225209339563146,0.49999999999999994,-0.8660254037844387,0.7961828637826158,-0.6050560696488488,5291.0,8627.0,3872.0,5289.428571428572,5576.0,2635.253552452643,4570.166666666667,4887.0,3018.8300437973194,2640.0,1,0,0,0,0,1,0,0,1,6150
367,0,2014-05-10,-0.7818314824680299,0.6234898018587334,0.49999999999999994,-0.8660254037844387,0.7856498550787145,-0.6186714032625031,6150.0,5241.0,3695.0,5263.285714285715,5576.0,2636.7213678029307,4596.066666666667,5149.5,3019.5966267873823,2640.0,0,0,0,0,0,1,0,0,1,5058
367,0,2014-05-11,-2.4492935982947064e-16,1.0,0.49999999999999994,-0.8660254037844387,0.7748840413670407,-0.6321034111873487,5058.0,0.0,0.0,5263.285714285715,5576.0,2636.7213678029307,4464.666666666667,5149.5,3132.691894481026,2640.0,0,0,0,0,0,1,0,0,1,0
367,0,2014-05-12,0.7818314824680298,0.6234898018587336,0.49999999999999994,-0.8660254037844387,0.7638886127905428,-0.6453481132295501,0.0,8814.0,8074.0,4610.857142857143,5291.0,2127.5737690752653,4455.133333333333,5149.5,3132.9119398713556,2640.0,0,0,0,0,0,1,0,0,1,4247
367,0,2014-05-13,0.9749279121818236,-0.22252093395631434,0.49999999999999994,-0.8660254037844387,0.7526668275320084,-0.6584015846980488,4247.0,5954.0,6493.0,4324.857142857143,5058.0,2050.077594350304,4586.866666666667,5149.5,3020.1809689251177,2640.0,0,0,0,0,0,1,0,0,1,3952
367,0,2014-05-14,0.43388373911755823,-0.900968867902419,0.49999999999999994,-0.8660254037844387,0.741222010848596,-0.6712599575675313,3952.0,5576.0,8420.0,4070.714285714286,4247.0,1978.1331025561847,4415.9,4652.5,2909.213797693399,2640.0,0,0,0,0,0,1,0,0,1,3797
367,0,2014-05-15,-0.433883739117558,-0.9009688679024191,0.49999999999999994,-0.8660254037844387,0.7295575540864875,-0.6839194216246106,3797.0,5291.0,0.0,3928.8571428571427,4247.0,1910.486886334771,4316.133333333333,4272.5,2858.08786734615,2640.0,0,0,0,0,0,1,0,0,1,4298
367,0,2014-05-16,-0.9749279121818236,-0.2225209339563146,0.49999999999999994,-0.8660254037844387,0.717676913675962,-0.6963762255968722,4298.0,6150.0,8627.0,3630.5714285714284,4062.0,1651.3222840240094,4237.2,4154.5,2830.258662481527,2640.0,0,0,0,0,0,1,0,0,1,4062
367,0,2014-05-17,-0.7818314824680299,0.6234898018587334,0.49999999999999994,-0.8660254037844387,0.705583610107178,-0.7086266782644596,4062.0,5058.0,5241.0,3488.714285714286,4062.0,1547.659707890774,4119.466666666666,4063.5,2758.2235754111784,2640.0,0,0,0,0,0,1,0,0,1,4065
367,0,2014-05-18,-2.4492935982947064e-16,1.0,0.49999999999999994,-0.8660254037844387,0.6932812268869777,-0.7206671495538609,4065.0,0.0,0.0,3488.714285714286,4062.0,1547.659707890774,4119.466666666666,4063.5,2758.2235754111784,2640.0,0,0,0,0,0,1,0,0,1,0
367,0,2014-05-19,0.7818314824680298,0.6234898018587336,0.49999999999999994,-0.8660254037844387,0.6807734094770161,-0.7324940716135789,0.0,4247.0,8814.0,4005.714285714286,4062.0,2276.185164867281,4164.233333333334,4063.5,2809.0097615049126,2640.0,1,0,0,0,0,1,0,0,1,7866
367,0,2014-05-20,0.9749279121818236,-0.22252093395631434,0.49999999999999994,-0.8660254037844387,0.6680638642135335,-0.7441039398713607,7866.0,3952.0,5954.0,4229.857142857143,4065.0,2346.1897783833397,4348.266666666666,4156.0,2705.737632020763,2640.0,1,0,0,0,0,1,0,0,1,5521
367,0,2014-05-21,0.43388373911755823,-0.900968867902419,0.49999999999999994,-0.8660254037844387,0.6551563572090853,-0.7554933140726803,5521.0,3797.0,5576.0,4420.428571428572,4298.0,2359.3116833194395,4519.3,4272.5,2580.678501399622,2640.0,1,0,0,0,0,1,0,0,1,5131
367,0,2014-05-22,-0.433883739117558,-0.9009688679024191,0.49999999999999994,-0.8660254037844387,0.6420547132365637,-0.766658819300159,5131.0,4298.0,5291.0,4509.285714285715,4920.0,2365.6367510873743,4550.766666666666,4609.0,2579.580461523008,2640.0,1,0,0,0,0,1,0,0,1,4920
367,0,2014-05-23,-0.9749279121818236,-0.2225209339563146,0.49999999999999994,-0.8660254037844387,0.6287628145958344,-0.777597146973627,4920.0,4062.0,6150.0,4741.571428571428,5131.0,2394.0561715174817,4614.3,4989.0,2583.4621804723643,2640.0,1,0,0,0,0,1,0,0,1,5688
367,0,2014-05-24,-0.7818314824680299,0.6234898018587334,0.49999999999999994,-0.8660254037844387,0.6152845999633276,-0.7883050558305255,5688.0,4065.0,5058.0,4738.285714285715,5131.0,2395.1550203334564,4628.466666666666,4989.0,2578.9661619276444,2640.0,0,0,0,0,0,1,0,0,1,4042
367,0,2014-05-25,-2.4492935982947064e-16,1.0,0.49999999999999994,-0.8660254037844387,0.6016240632249226,-0.7987793728863649,4042.0,0.0,0.0,4738.285714285715,5131.0,2395.1550203334564,4499.4,4989.0,2711.607508980349,2640.0,0,0,0,0,0,1,0,0,1,0
367,0,2014-05-26,0.7818314824680298,0.6234898018587336,0.49999999999999994,-0.8660254037844387,0.5877852522924732,-0.8090169943749473,0.0,7866.0,4247.0,4146.142857142857,4920.0,1967.165763950036,4500.266666666666,4989.0,2711.3456887084967,2640.0,0,0,0,0,0,1,0,0,1,3721
367,0,2014-05-27,0.9749279121818236,-0.22252093395631434,0.49999999999999994,-0.8660254037844387,0.5737722679043246,-0.8190148866680801,3721.0,5521.0,3952.0,3878.285714285714,4042.0,1874.2165220242182,4621.8,4989.0,2581.263582580944,2640.0,0,0,0,0,0,1,0,0,1,3646
367,0,2014-05-28,0.43388373911755823,-0.900968867902419,0.49999999999999994,-0.8660254037844387,0.5595892624101765,-0.8287700871745037,3646.0,5131.0,3797.0,3908.714285714286,4042.0,1899.5029801052053,4530.8,4989.0,2502.2761142056506,2640.0,0,0,0,0,0,1,0,0,1,5344
367,0,2014-05-29,-0.433883739117558,-0.9009688679024191,0.49999999999999994,-0.8660254037844387,0.545240438540651,-0.8382797052177743,5344.0,4920.0,4298.0,3205.8571428571427,3721.0,2325.437623944604,4314.366666666667,4609.0,2605.3843780661737,2640.0,0,0,0,0,0,1,0,0,1,0
367,0,2014-05-30,-0.9749279121818236,-0.2225209339563146,0.49999999999999994,-0.8660254037844387,0.5307300481619334,-0.8475409228928311,0.0,5688.0,4062.0,3309.0,3721.0,2465.6638727396153,4247.366666666667,4609.0,2520.629293119742,2640.0,0,0,0,0,0,1,0,0,1,6410
367,0,2014-05-31,-0.7818314824680299,0.6234898018587334,0.49999999999999994,-0.8660254037844387,0.5160623910158528,-0.8565509959010036,6410.0,4042.0,4065.0,3406.5714285714284,3721.0,2512.5722448746164,4404.866666666667,4822.5,2390.335508600865,2640.0,0,0,0,0,0,1,0,0,1,4725
367,0,2014-06-01,-2.4492935982947064e-16,1.0,1.2246467991473532e-16,-1.0,0.5012418134457758,-0.865307254363206,4725.0,0.0,0.0,3406.5714285714284,3721.0,2512.5722448746164,4117.3,4511.5,2383.803208002448,2640.0,0,0,0,0,0,1,0,0,1,0
367,0,2014-06-02,0.7818314824680298,0.6234898018587336,1.2246467991473532e-16,-1.0,0.48627270710869,-0.8738071036110808,0.0,3721.0,7866.0,4182.142857142857,4725.0,3330.5566315843453,4247.6,4511.5,2548.488660985646,2640.0,1,0,0,0,0,1,0,0,1,9150
367,0,2014-06-03,0.9749279121818236,-0.22252093395631434,1.2246467991473532e-16,-1.0,0.4711595076738638,-0.8820480249558537,9150.0,3646.0,5521.0,4657.142857142857,5344.0,3475.3068175616468,4479.966666666666,4822.5,2464.254891699388,2640.0,1,0,0,0,0,1,0,0,1,6971
367,0,2014-06-04,0.43388373911755823,-0.900968867902419,1.2246467991473532e-16,-1.0,0.4559066935084588,-0.8900275764346767,6971.0,5344.0,5131.0,4796.428571428572,6319.0,3526.5832783372075,4396.8,4822.5,2352.509377752571,2640.0,1,0,0,0,0,1,0,0,1,6319
367,0,2014-06-05,-0.433883739117558,-0.9009688679024191,1.2246467991473532e-16,-1.0,0.440518784350495,-0.8977433935342337,6319.0,0.0,4920.0,5653.142857142857,6319.0,2826.0298080859766,4398.233333333334,4822.5,2353.5037516850057,2640.0,1,0,0,0,0,1,0,0,1,5997
367,0,2014-06-06,-0.9749279121818236,-0.2225209339563146,1.2246467991473532e-16,-1.0,0.42500033996955416,-0.9051931898913974,5997.0,6410.0,5688.0,5702.285714285715,6319.0,2844.316421350109,4437.5,4822.5,2383.4679421033707,2640.0,1,0,0,0,0,1,0,0,1,6754
367,0,2014-06-07,-0.7818314824680299,0.6234898018587334,1.2246467991473532e-16,-1.0,0.4093559588156213,-0.9123747579707273,6754.0,4725.0,4042.0,5839.285714285715,6319.0,2812.3145695485823,4450.6,4822.5,2389.3933380960793,2640.0,0,0,0,0,0,1,0,0,1,5684
367,0,2014-06-08,-2.4492935982947064e-16,1.0,1.2246467991473532e-16,-1.0,0.39359027665646673,-0.9192859697186104,5684.0,0.0,0.0,5839.285714285715,6319.0,2812.3145695485823,4245.6,4511.5,2499.834099322979,2640.0,0,0,0,0,0,1,0,0,1,0
367,0,2014-06-09,0.7818314824680298,0.6234898018587336,1.2246467991473532e-16,-1.0,0.3777079652039649,-0.9259247771938498,0.0,9150.0,3721.0,4532.142857142857,5997.0,3125.9865338039754,4077.0,4272.5,2611.2375979798258,2640.0,0,0,0,0,0,1,0,0,1,0
367,0,2014-06-10,0.9749279121818236,-0.22252093395631434,1.2246467991473532e-16,-1.0,0.36171373072976765,-0.9322892131745133,0.0,6971.0,3646.0,4267.0,5684.0,2958.8946134212547,4247.5,4511.5,2500.4944304180567,2640.0,0,0,0,0,0,1,0,0,1,5115
367,0,2014-06-11,0.43388373911755823,-0.900968867902419,1.2246467991473532e-16,-1.0,0.3456123126707335,-0.9383773917408641,5115.0,6319.0,5344.0,4021.8571428571427,5115.0,2828.7768516075034,4259.366666666667,4664.0,2501.336573518843,2640.0,0,0,0,0,0,1,0,0,1,4603
367,0,2014-06-12,-0.433883739117558,-0.9009688679024191,1.2246467991473532e-16,-1.0,0.3294084822245304,-0.9441875088341993,4603.0,5997.0,0.0,3710.5714285714284,4603.0,2691.775984806487,4254.9,4664.0,2502.023916614376,2640.0,0,0,0,0,0,1,0,0,1,3818
367,0,2014-06-13,-0.9749279121818236,-0.2225209339563146,1.2246467991473532e-16,-1.0,0.3131070409358269,-0.9497178427914316,3818.0,6754.0,6410.0,3359.714285714286,4298.0,2369.7699406120737,4271.6,4664.0,2500.533771983011,2640.0,0,0,0,0,0,1,0,0,1,4298
367,0,2014-06-14,-0.7818314824680299,0.6234898018587334,1.2246467991473532e-16,-1.0,0.29671281927349075,-0.9549667548552551,4298.0,5684.0,4725.0,3302.714285714286,4298.0,2308.554216696795,4304.5,4822.5,2507.376809639357,2640.0,0,0,0,0,0,1,0,0,1,5285
367,0,2014-06-15,-2.4492935982947064e-16,1.0,1.2246467991473532e-16,-1.0,0.28023067519921585,-0.9599326896597447,5285.0,0.0,0.0,3302.714285714286,4298.0,2308.554216696795,4169.1,4822.5,2627.7113071631566,2640.0,0,0,0,0,0,1,0,0,1,0
367,0,2014-06-16,0.7818314824680298,0.6234898018587336,1.2246467991473532e-16,-1.0,0.26366549272800704,-0.9646141756912435,0.0,0.0,9150.0,4387.285714285715,4603.0,2281.5389334310926,4286.666666666667,5017.5,2700.7782062842975,2640.0,1,0,0,0,0,1,0,0,1,7592
367,0,2014-06-17,0.9749279121818236,-0.22252093395631434,1.2246467991473532e-16,-1.0,0.24702218048093552,-0.9690098257244062,7592.0,5115.0,6971.0,4554.285714285715,4603.0,2384.1579026486247,4496.133333333333,5123.0,2598.60324197354,2640.0,1,0,0,0,0,1,0,0,1,6284
367,0,2014-06-18,0.43388373911755823,-0.900968867902419,1.2246467991473532e-16,-1.0,0.23030567023061221,-0.9731183372332619,6284.0,4603.0,6319.0,4651.571428571428,5284.0,2400.316358117738,4410.066666666667,5123.0,2524.8552970941446,2640.0,1,0,0,0,0,1,0,0,1,5284
367,0,2014-06-19,-0.433883739117558,-0.9009688679024191,1.2246467991473532e-16,-1.0,0.21352091543979612,-0.9769384927771817,5284.0,3818.0,5997.0,4993.428571428572,5285.0,2432.0095844892558,4433.066666666667,5123.0,2538.4304943631287,2640.0,1,0,0,0,0,1,0,0,1,6211
367,0,2014-06-20,-0.9749279121818236,-0.2225209339563146,1.2246467991473532e-16,-1.0,0.19667288979357647,-0.980469160361632,6211.0,4298.0,6754.0,5180.142857142857,5605.0,2419.861802429454,4448.866666666667,5199.5,2544.3926141051106,2640.0,1,0,0,0,0,1,0,0,1,5605
367,0,2014-06-21,-0.7818314824680299,0.6234898018587334,1.2246467991473532e-16,-1.0,0.1797665857255624,-0.9837092937736097,5605.0,5285.0,5684.0,5054.714285714285,5605.0,2436.220277006006,4431.766666666666,5199.5,2542.8404791293624,2640.0,0,0,0,0,0,1,0,0,1,4407
367,0,2014-06-22,-2.4492935982947064e-16,1.0,1.2246467991473532e-16,-1.0,0.16280701293851715,-0.986657932891657,4407.0,0.0,0.0,5054.714285714285,5605.0,2436.220277006006,4242.166666666667,4920.0,2655.5023043683746,2640.0,0,0,0,0,0,1,0,0,1,0
367,0,2014-06-23,0.7818314824680298,0.6234898018587336,1.2246467991473532e-16,-1.0,0.1457991969198751,-0.9893142039703663,0.0,7592.0,0.0,4491.0,5284.0,2195.9529442438693,4228.966666666666,4920.0,2657.5150628350916,2640.0,0,0,0,0,0,1,0,0,1,3646
367,0,2014-06-24,0.9749279121818236,-0.22252093395631434,1.2246467991473532e-16,-1.0,0.12874817745258132,-0.99167731989929,3646.0,6284.0,5115.0,4092.285714285714,4407.0,2065.6556436384126,4345.4,4920.0,2539.752833480536,2640.0,0,0,0,0,0,1,0,0,1,3493
367,0,2014-06-25,0.43388373911755823,-0.900968867902419,1.2246467991473532e-16,-1.0,0.11165900712169512,-0.993746580436178,3493.0,5284.0,4603.0,3854.0,3646.0,2000.4501160155564,4341.9,4920.0,2540.7151497981413,2640.0,0,0,0,0,0,1,0,0,1,3616
367,0,2014-06-26,-0.433883739117558,-0.9009688679024191,1.2246467991473532e-16,-1.0,0.09453674981719912,-0.9955213724144752,3616.0,6211.0,3818.0,3462.4285714285716,3616.0,1709.2646427770062,4336.033333333334,4920.0,2542.579947996527,2640.0,0,0,0,0,0,1,0,0,1,3470
367,0,2014-06-27,-0.9749279121818236,-0.2225209339563146,1.2246467991473532e-16,-1.0,0.07738647923346301,-0.9970011699250151,3470.0,5605.0,4298.0,3291.0,3616.0,1506.741959770591,4304.733333333334,4664.0,2535.5135497408687,2640.0,0,0,0,0,0,1,0,0,1,4405
367,0,2014-06-28,-0.7818314824680299,0.6234898018587334,1.2246467991473532e-16,-1.0,0.06021327736579302,-0.9981855344718586,4405.0,4407.0,5285.0,3375.285714285714,3616.0,1593.5745683092123,4471.3,4861.0,2403.676855182062,2640.0,0,0,0,0,0,1,0,0,1,4997
367,0,2014-06-29,-2.4492935982947064e-16,1.0,1.2246467991473532e-16,-1.0,0.04302223300453059,-0.99907411510223,4997.0,0.0,0.0,3375.285714285714,3616.0,1593.5745683092123,4257.633333333333,4664.0,2508.032426828447,2640.0,0,0,0,0,0,1,0,0,1,0
367,0,2014-06-30,0.7818314824680298,0.6234898018587336,1.2246467991473532e-16,-1.0,0.02581844022713308,-0.9996666485105112,0.0,3646.0,7592.0,4296.142857142857,3616.0,3009.484974131586,4436.533333333334,4800.0,2724.586773266263,2640.0,1,0,0,0,0,1,0,0,1,10092
367,0,2014-07-01,0.9749279121818236,-0.22252093395631434,-0.4999999999999998,-0.8660254037844388,0.008606996888688698,-0.9999629591162655,10092.0,3493.0,6284.0,4747.0,4405.0,3104.02942425916,4658.166666666667,5056.0,2619.662785397272,2640.0,1,0,0,0,0,1,0,0,1,6649
367,0,2014-07-02,0.43388373911755823,-0.900968867902419,-0.4999999999999998,-0.8660254037844388,-0.008606996888688009,-0.9999629591162655,6649.0,3616.0,5284.0,5154.857142857143,4997.0,3118.1879047812035,4568.866666666667,5056.0,2504.3887234534723,2640.0,1,0,0,0,0,1,0,0,1,6471
367,0,2014-07-03,-0.433883739117558,-0.9009688679024191,-0.4999999999999998,-0.8660254037844388,-0.02581844022713239,-0.9996666485105112,6471.0,3470.0,6211.0,5480.0,5746.0,3030.6560345905277,4528.033333333334,5056.0,2473.6703217930103,2640.0,1,0,0,0,0,1,0,0,1,5746
367,0,2014-07-04,-0.9749279121818236,-0.2225209339563146,-0.4999999999999998,-0.8660254037844388,-0.04302223300453034,-0.99907411510223,5746.0,4405.0,5605.0,5563.0,5746.0,3004.1483540819545,4483.6,4991.5,2452.270188185238,2640.0,1,0,0,0,0,1,0,0,1,4986
367,0,2014-07-05,-0.7818314824680299,0.6234898018587334,-0.4999999999999998,-0.8660254037844388,-0.060213277365792774,-0.9981855344718586,4986.0,4997.0,4407.0,5529.0,5746.0,3012.955691675532,4442.333333333333,4872.5,2436.289014242673,2640.0,0,0,0,0,0,1,0,0,1,4759
367,0,2014-07-06,-2.4492935982947064e-16,1.0,-0.4999999999999998,-0.8660254037844388,-0.07738647923346322,-0.9970011699250151,4759.0,0.0,0.0,5529.0,5746.0,3012.955691675532,4217.2,4681.0,2525.7268861554053,2640.0,0,0,0,0,0,1,0,0,1,0
367,0,2014-07-07,0.7818314824680298,0.6234898018587336,-0.4999999999999998,-0.8660254037844388,-0.09453674981719933,-0.9955213724144752,0.0,10092.0,3646.0,4716.571428571428,4986.0,2246.832500591504,4174.566666666667,4505.0,2510.864883047183,2640.0,0,0,0,0,0,1,0,0,1,4405
367,0,2014-07-08,0.9749279121818236,-0.22252093395631434,-0.4999999999999998,-0.8660254037844388,-0.11165900712169444,-0.9937465804361781,4405.0,6649.0,3493.0,4396.714285714285,4759.0,2078.9854668632383,4321.566666666667,4506.5,2383.9187049801053,2640.0,0,0,0,0,0,1,0,0,1,4410
367,0,2014-07-09,0.43388373911755823,-0.900968867902419,-0.4999999999999998,-0.8660254037844388,-0.12874817745258066,-0.99167731989929,4410.0,6471.0,3616.0,4001.8571428571427,4410.0,1871.4852772215786,4445.133333333333,4506.5,2244.170036789322,2640.0,0,0,0,0,0,1,0,0,1,3707
367,0,2014-07-10,-0.433883739117558,-0.9009688679024191,-0.4999999999999998,-0.8660254037844388,-0.14579919691987442,-0.9893142039703664,3707.0,5746.0,3470.0,3792.0,4405.0,1719.502447415139,4417.2,4408.5,2240.7573750393194,2640.0,0,0,0,0,0,1,0,0,1,4277
367,0,2014-07-11,-0.9749279121818236,-0.2225209339563146,-0.4999999999999998,-0.8660254037844388,-0.16280701293851646,-0.9866579328916572,4277.0,4986.0,4405.0,3857.714285714286,4405.0,1780.4486058561827,4445.3,4408.5,2248.440335294514,2640.0,0,0,0,0,0,1,0,0,1,5446
367,0,2014-07-12,-0.7818314824680299,0.6234898018587334,-0.4999999999999998,-0.8660254037844388,-0.17976658572556214,-0.9837092937736098,5446.0,4759.0,4997.0,3823.1428571428573,4405.0,1762.2882311142512,4468.6,4463.5,2245.33526565019,2640.0,0,0,0,0,0,1,0,0,1,4517
367,0,2014-07-13,-2.4492935982947064e-16,1.0,-0.4999999999999998,-0.8660254037844388,-0.19667288979357622,-0.9804691603616321,4517.0,0.0,0.0,3823.1428571428573,4405.0,1762.2882311142512,4325.333333333333,4463.5,2389.112551055139,2640.0,0,0,0,0,0,1,0,0,1,0
367,0,2014-07-14,0.7818314824680298,0.6234898018587336,-0.4999999999999998,-0.8660254037844388,-0.2135209154397959,-0.9769384927771817,0.0,4405.0,10092.0,4360.428571428572,4410.0,2419.8855935176502,4421.366666666667,4463.5,2484.9963086537946,2640.0,1,0,0,0,0,1,0,0,1,8166
367,0,2014-07-15,0.9749279121818236,-0.22252093395631434,-0.4999999999999998,-0.8660254037844388,-0.23030567023061196,-0.973118337233262,8166.0,4410.0,6649.0,4578.428571428572,4517.0,2492.735368836332,4619.233333333334,4638.0,2353.662497167915,2640.0,1,0,0,0,0,1,0,0,1,5936
367,0,2014-07-16,0.43388373911755823,-0.900968867902419,-0.4999999999999998,-0.8660254037844388,-0.24702218048093527,-0.9690098257244063,5936.0,3707.0,6471.0,4832.571428571428,5446.0,2479.73640112162,4549.033333333334,4638.0,2292.5530788926617,2640.0,1,0,0,0,0,1,0,0,1,5486
367,0,2014-07-17,-0.433883739117558,-0.9009688679024191,-0.4999999999999998,-0.8660254037844388,-0.2636654927280072,-0.9646141756912435,5486.0,4277.0,5746.0,4979.285714285715,5446.0,2471.755969230894,4516.366666666667,4638.0,2273.885031566372,2640.0,1,0,0,0,0,1,0,0,1,5304
367,0,2014-07-18,-0.9749279121818236,-0.2225209339563146,-0.4999999999999998,-0.8660254037844388,-0.2802306751992161,-0.9599326896597445,5304.0,5446.0,4986.0,4971.0,5388.0,2470.0273277840442,4519.833333333333,4638.0,2275.1745985798498,2640.0,1,0,0,0,0,1,0,0,1,5388
367,0,2014-07-19,-0.7818314824680299,0.6234898018587334,-0.4999999999999998,-0.8660254037844388,-0.2967128192734901,-0.9549667548552553,5388.0,4517.0,4759.0,4920.857142857143,5388.0,2484.3013389798607,4451.666666666667,4463.5,2253.2881465237333,2640.0,0,0,0,0,0,1,0,0,1,4166
367,0,2014-07-20,-2.4492935982947064e-16,1.0,-0.4999999999999998,-0.8660254037844388,-0.3131070409358267,-0.9497178427914317,4166.0,0.0,0.0,4920.857142857143,5388.0,2484.3013389798607,4264.833333333333,4408.5,2382.999227043927,2640.0,0,0,0,0,0,1,0,0,1,0
367,0,2014-07-21,0.7818314824680298,0.6234898018587336,-0.4999999999999998,-0.8660254037844388,-0.3294084822245302,-0.9441875088341994,0.0,8166.0,4405.0,4406.857142857143,5304.0,2032.0229188808703,4270.2,4463.5,2383.5116718101403,2640.0,0,0,0,0,0,1,0,0,1,4568
367,0,2014-07-22,0.9749279121818236,-0.22252093395631434,-0.4999999999999998,-0.8660254037844388,-0.3456123126707333,-0.9383773917408642,4568.0,5936.0,4410.0,4069.4285714285716,4568.0,1929.2947638228525,4389.333333333333,4463.5,2248.1947751755033,2640.0,0,0,0,0,0,1,0,0,1,3574
367,0,2014-07-23,0.43388373911755823,-0.900968867902419,-0.4999999999999998,-0.8660254037844388,-0.3617137307297674,-0.9322892131745134,3574.0,5486.0,3707.0,3716.285714285714,4166.0,1851.4568780904847,4368.266666666666,4463.5,2258.338539926983,2640.0,0,0,0,0,0,1,0,0,1,3014
367,0,2014-07-24,-0.433883739117558,-0.9009688679024191,-0.4999999999999998,-0.8660254037844388,-0.37770796520396466,-0.9259247771938499,3014.0,5304.0,4277.0,3451.285714285714,3574.0,1713.9810106188165,4366.8,4463.5,2258.94078626733,2640.0,0,0,0,0,0,1,0,0,1,3449
367,0,2014-07-25,-0.9749279121818236,-0.2225209339563146,-0.4999999999999998,-0.8660254037844388,-0.39359027665646645,-0.9192859697186105,3449.0,5388.0,5446.0,3209.4285714285716,3574.0,1501.413540317129,4369.433333333333,4463.5,2258.0812526740833,2640.0,0,0,0,0,0,1,0,0,1,3695
367,0,2014-07-26,-0.7818314824680299,0.6234898018587334,-0.4999999999999998,-0.8660254037844388,-0.4093559588156211,-0.9123747579707274,3695.0,4166.0,4517.0,3163.5714285714284,3574.0,1471.9407661477467,4381.933333333333,4463.5,2253.964781619625,2640.0,0,0,0,0,0,1,0,0,1,3845
367,0,2014-07-27,-2.4492935982947064e-16,1.0,-0.4999999999999998,-0.8660254037844388,-0.42500033996955394,-0.9051931898913975,3845.0,0.0,0.0,3163.5714285714284,3574.0,1471.9407661477467,4235.1,4463.5,2391.683627878501,2640.0,0,0,0,0,0,1,0,0,1,0
367,0,2014-07-28,0.7818314824680298,0.6234898018587336,-0.4999999999999998,-0.8660254037844388,-0.4405187843504952,-0.8977433935342336,0.0,4568.0,8166.0,3573.8571428571427,3574.0,2165.5152911467676,4316.533333333334,4463.5,2459.1582346381256,2640.0,1,0,0,0,0,1,0,0,1,7440
367,0,2014-07-29,0.9749279121818236,-0.22252093395631434,-0.4999999999999998,-0.8660254037844388,-0.455906693508459,-0.8900275764346766,7440.0,3574.0,5936.0,3940.8571428571427,3695.0,2373.268170587513,4521.3,4542.5,2340.2177639609977,2640.0,1,0,0,0,0,1,0,0,1,6143
367,0,2014-07-30,0.43388373911755823,-0.900968867902419,-0.4999999999999998,-0.8660254037844388,-0.47115950767386394,-0.8820480249558535,6143.0,3014.0,5486.0,4417.428571428572,3845.0,2488.288357964354,4396.566666666667,4542.5,2122.6743815020363,2640.0,1,0,0,0,0,1,0,0,1,6350
367,0,2014-07-31,-0.433883739117558,-0.9009688679024191,-0.4999999999999998,-0.8660254037844388,-0.4862727071086902,-0.8738071036110807,6350.0,3449.0,5304.0,4927.857142857143,6143.0,2619.5308376737607,4409.0,4542.5,2137.364280829431,2640.0,1,0,0,0,0,1,0,0,1,7022
367,0,2014-08-01,-0.9749279121818236,-0.2225209339563146,-0.8660254037844384,-0.5000000000000004,-0.5012418134457756,-0.8653072543632061,7022.0,3695.0,5388.0,5346.285714285715,6350.0,2623.707219075435,4414.1,4542.5,2142.6301650396704,2640.0,1,0,0,0,0,1,0,0,1,6624
367,0,2014-08-02,-0.7818314824680299,0.6234898018587334,-0.8660254037844384,-0.5000000000000004,-0.5160623910158526,-0.8565509959010037,6624.0,3845.0,4166.0,5402.428571428572,6350.0,2590.2191578540737,4363.833333333333,4463.5,2127.9446791378905,2640.0,0,0,0,0,0,1,0,0,1,4238
367,0,2014-08-03,-2.4492935982947064e-16,1.0,-0.8660254037844384,-0.5000000000000004,-0.5307300481619331,-0.8475409228928312,4238.0,0.0,0.0,5402.428571428572,6350.0,2590.2191578540737,4197.633333333333,4407.5,2267.792371499182,2640.0,0,0,0,0,0,1,0,0,1,0
367,0,2014-08-04,0.7818314824680298,0.6234898018587336,-0.8660254037844384,-0.5000000000000004,-0.5452404385406507,-0.8382797052177745,0.0,7440.0,4568.0,5514.0,6350.0,2706.8099921001685,4313.033333333334,4407.5,2382.525586696681,2640.0,1,0,0,0,0,1,0,0,1,8221
367,0,2014-08-05,0.9749279121818236,-0.22252093395631434,-0.8660254037844384,-0.5000000000000004,-0.5595892624101763,-0.828770087174504,8221.0,6143.0,3574.0,5515.857142857143,6350.0,2707.3178872930907,4518.233333333334,4463.5,2260.2065466088106,2640.0,1,0,0,0,0,1,0,0,1,6156
367,0,2014-08-06,0.43388373911755823,-0.900968867902419,-0.8660254037844384,-0.5000000000000004,-0.5737722679043243,-0.8190148866680802,6156.0,6350.0,3014.0,5300.857142857143,6156.0,2689.7366927248586,4532.9,4542.5,2260.873928526234,2640.0,1,0,0,0,0,1,0,0,1,4845
367,0,2014-08-07,-0.433883739117558,-0.9009688679024191,-0.8660254037844384,-0.5000000000000004,-0.5877852522924734,-0.8090169943749472,4845.0,7022.0,3449.0,5096.714285714285,5593.0,2589.7038256839123,4572.333333333333,4706.5,2268.95870592556,2640.0,1,0,0,0,0,1,0,0,1,5593
367,0,2014-08-08,-0.9749279121818236,-0.2225209339563146,-0.8660254037844384,-0.5000000000000004,-0.6016240632249227,-0.7987793728863648,5593.0,6624.0,3695.0,4942.857142857143,5547.0,2514.751374627413,4633.666666666667,5074.5,2269.6297333346624,2640.0,1,0,0,0,0,1,0,0,1,5547
367,0,2014-08-09,-0.7818314824680299,0.6234898018587334,-0.8660254037844384,-0.5000000000000004,-0.6152845999633277,-0.7883050558305253,5547.0,4238.0,3845.0,4940.142857142857,5547.0,2515.649050018132,4631.733333333334,5074.5,2269.968706047898,2640.0,0,0,0,0,0,1,0,0,1,4219
367,0,2014-08-10,-2.4492935982947064e-16,1.0,-0.8660254037844384,-0.5000000000000004,-0.6287628145958345,-0.7775971469736268,4219.0,0.0,0.0,4940.142857142857,5547.0,2515.649050018132,4450.2,4706.5,2415.690611612852,2640.0,0,0,0,0,0,1,0,0,1,0
367,0,2014-08-11,0.7818314824680298,0.6234898018587336,-0.8660254037844384,-0.5000000000000004,-0.6420547132365636,-0.7666588193001592,0.0,8221.0,7440.0,4328.0,4845.0,2065.275929910252,4430.833333333333,4706.5,2417.4649030484925,2640.0,0,0,0,0,0,1,0,0,1,3936
367,0,2014-08-12,0.9749279121818236,-0.22252093395631434,-0.8660254037844384,-0.5000000000000004,-0.655156357209085,-0.7554933140726804,3936.0,6156.0,6143.0,3998.5714285714284,4219.0,1902.604605721924,4559.166666666667,4706.5,2271.950097851277,2640.0,0,0,0,0,0,1,0,0,1,3850
367,0,2014-08-13,0.43388373911755823,-0.900968867902419,-0.8660254037844384,-0.5000000000000004,-0.6680638642135333,-0.7441039398713608,3850.0,4845.0,6350.0,3821.5714285714284,3936.0,1868.0557501622584,4407.166666666667,4403.0,2172.691959430675,2640.0,0,0,0,0,0,1,0,0,1,3606
367,0,2014-08-14,-0.433883739117558,-0.9009688679024191,-0.8660254037844384,-0.5000000000000004,-0.6807734094770159,-0.7324940716135792,3606.0,5593.0,7022.0,3686.0,3936.0,1748.6931310743632,4364.1,4403.0,2154.067817425663,2640.0,0,0,0,0,0,1,0,0,1,4644
367,0,2014-08-15,-0.9749279121818236,-0.2225209339563146,-0.8660254037844384,-0.5000000000000004,-0.6932812268869771,-0.7206671495538615,4644.0,5547.0,6624.0,3490.8571428571427,3936.0,1573.8861064862572,4320.6,4228.5,2143.7827926515693,2640.0,0,0,0,0,0,1,0,0,1,4181
367,0,2014-08-16,-0.7818314824680299,0.6234898018587334,-0.8660254037844384,-0.5000000000000004,-0.7055836101071774,-0.7086266782644601,4181.0,4219.0,4238.0,3531.0,3936.0,1598.9372512182356,4293.8,4228.5,2136.076784103559,2640.0,0,0,0,0,0,1,0,0,1,4500
367,0,2014-08-17,-2.4492935982947064e-16,1.0,-0.8660254037844384,-0.5000000000000004,-0.7176769136759615,-0.6963762255968726,4500.0,0.0,0.0,3531.0,3936.0,1598.9372512182358,4114.2,4200.0,2263.6075631610706,2640.0,0,0,0,0,0,1,0,0,1,0
367,0,2014-08-18,0.7818314824680298,0.6234898018587336,-0.8660254037844384,-0.5000000000000004,-0.7295575540864876,-0.6839194216246105,0.0,3936.0,8221.0,4208.571428571428,4181.0,2531.9215270319123,4264.633333333333,4228.5,2412.2493935705747,2640.0,1,0,0,0,0,1,0,0,1,8679
367,0,2014-08-19,0.9749279121818236,-0.22252093395631434,-0.8660254037844384,-0.5000000000000004,-0.7412220108485957,-0.6712599575675315,8679.0,3850.0,6156.0,4519.857142857143,4500.0,2613.1352451650487,4465.6,4369.0,2292.8955583234274,2640.0,1,0,0,0,0,1,0,0,1,6029
367,0,2014-08-20,0.43388373911755823,-0.900968867902419,-0.8660254037844384,-0.5000000000000004,-0.7526668275320083,-0.6584015846980489,6029.0,3606.0,4845.0,4767.0,4644.0,2594.039706712291,4491.2,4369.0,2298.3590908177985,2640.0,1,0,0,0,0,1,0,0,1,5336
367,0,2014-08-21,-0.433883739117558,-0.9009688679024191,-0.8660254037844384,-0.5000000000000004,-0.7638886127905429,-0.64534811322955,5336.0,4644.0,5593.0,4889.428571428572,5336.0,2607.4559029280385,4555.433333333333,4572.0,2298.769111162922,2640.0,1,0,0,0,0,1,0,0,1,5501
367,0,2014-08-22,-0.9749279121818236,-0.2225209339563146,-0.8660254037844384,-0.5000000000000004,-0.7748840413670406,-0.6321034111873488,5501.0,4181.0,5547.0,5064.428571428572,5406.0,2593.0534675772255,4635.166666666667,4744.5,2284.9022326225827,2640.0,1,0,0,0,0,1,0,0,1,5406
367,0,2014-08-23,-0.7818314824680299,0.6234898018587334,-0.8660254037844384,-0.5000000000000004,-0.7856498550787144,-0.6186714032625032,5406.0,4500.0,4219.0,5079.142857142857,5406.0,2589.6067544816783,4673.633333333333,4744.5,2273.9318899716122,2640.0,0,0,0,0,0,1,0,0,1,4603
367,0,2014-08-24,-2.4492935982947064e-16,1.0,-0.8660254037844384,-0.5000000000000004,-0.7961828637826154,-0.6050560696488494,4603.0,0.0,0.0,5079.142857142857,5406.0,2589.6067544816783,4550.466666666666,4744.5,2423.891466975811,2640.0,0,0,0,0,0,1,0,0,1,0
367,0,2014-08-25,0.7818314824680298,0.6234898018587336,-0.8660254037844384,-0.5000000000000004,-0.8064799463209447,-0.5912614448635782,0.0,8679.0,3936.0,4512.285714285715,5336.0,2047.9114331667831,4579.333333333333,4778.0,2420.354310530947,2640.0,0,0,0,0,0,1,0,0,1,4711
367,0,2014-08-26,0.9749279121818236,-0.22252093395631434,-0.8660254037844384,-0.5000000000000004,-0.8165380514459157,-0.5772916165517278,4711.0,6029.0,3850.0,4295.714285714285,4711.0,1937.9930954715057,4729.766666666666,4778.0,2260.9163184095423,2640.0,0,0,0,0,0,1,0,0,1,4513
367,0,2014-08-27,0.43388373911755823,-0.900968867902419,-0.8660254037844384,-0.5000000000000004,-0.8263541987239095,-0.5631507242749187,4513.0,5336.0,3606.0,4083.8571428571427,4603.0,1885.6705640674536,4610.2,4677.5,2206.84675030015,2640.0,0,0,0,0,0,1,0,0,1,3853
367,0,2014-08-28,-0.433883739117558,-0.9009688679024191,-0.8660254037844384,-0.5000000000000004,-0.8359254794186365,-0.5488429582847199,3853.0,5501.0,4644.0,3963.0,4603.0,1805.0939957058542,4560.6,4649.5,2187.8483462541194,2640.0,0,0,0,0,0,1,0,0,1,4655
367,0,2014-08-29,-0.9749279121818236,-0.2225209339563146,-0.8660254037844384,-0.5000000000000004,-0.8452490573530634,-0.5343725582809785,4655.0,5406.0,4181.0,3886.1428571428573,4603.0,1743.8278229775065,4511.2,4649.5,2162.63777954544,2640.0,0,0,0,0,0,1,0,0,1,4868
367,0,2014-08-30,-0.7818314824680299,0.6234898018587334,-0.8660254037844384,-0.5000000000000004,-0.8543221697498269,-0.5197438121555157,4868.0,4603.0,4500.0,4049.8571428571427,4655.0,1871.4677331416829,4468.766666666666,4649.5,2123.8146987702657,2640.0,0,0,0,0,0,1,0,0,1,5749
367,0,2014-08-31,-2.4492935982947064e-16,1.0,-0.8660254037844384,-0.5000000000000004,-0.8631421280499115,-0.5049610547215202,5749.0,0.0,0.0,4049.8571428571427,4655.0,1871.467733141683,4247.966666666666,4623.5,2233.5169650874227,2640.0,0,0,0,0,0,1,0,0,1,0
367,0,2014-09-01,0.7818314824680298,0.6234898018587336,-1.0,-1.8369701987210297e-16,-0.8717063187093218,-0.4900286664290594,0.0,4711.0,8679.0,4647.714285714285,4655.0,2631.865859948393,4403.233333333334,4649.5,2389.2736262135263,2640.0,1,0,0,0,0,1,0,0,1,8896
367,0,2014-09-02,0.9749279121818236,-0.22252093395631434,-1.0,-1.8369701987210297e-16,-0.8800122039735356,-0.4749510720670502,8896.0,4513.0,6029.0,4917.571428571428,4868.0,2711.3931755429603,4616.633333333333,4683.0,2265.1074646552133,2640.0,1,0,0,0,0,1,0,0,1,6402
367,0,2014-09-03,0.43388373911755823,-0.900968867902419,-1.0,-1.8369701987210297e-16,-0.888057322629493,-0.4597327394521046,6402.0,3853.0,5336.0,5348.142857142857,5749.0,2753.1537932930287,4571.5,4683.0,2203.4629759101663,2640.0,1,0,0,0,0,1,0,0,1,6867
367,0,2014-09-04,-0.433883739117558,-0.9009688679024191,-1.0,-1.8369701987210297e-16,-0.8958392907349089,-0.44437817810461344,6867.0,4655.0,5501.0,5481.142857142857,5749.0,2736.5258040425015,4552.5,4683.0,2191.7554254130578,2640.0,1,0,0,0,0,1,0,0,1,5586
367,0,2014-09-05,-0.9749279121818236,-0.2225209339563146,-1.0,-1.8369701987210297e-16,-0.9033558023246842,-0.4288919379124841,5586.0,4868.0,5406.0,5634.0,5938.0,2726.4341180376946,4588.933333333333,4683.0,2205.824545705476,2640.0,1,0,0,0,0,1,0,0,1,5938
367,0,2014-09-06,-0.7818314824680299,0.6234898018587334,-1.0,-1.8369701987210297e-16,-0.9106046300942162,-0.41327860778290443,5938.0,5749.0,4603.0,5428.428571428572,5938.0,2770.216348779929,4546.166666666667,4649.5,2198.110318265295,2640.0,0,0,0,0,0,1,0,0,1,4310
367,0,2014-09-07,-2.4492935982947064e-16,1.0,-1.0,-1.8369701987210297e-16,-0.9175836260593934,-0.3975428142825566,4310.0,0.0,0.0,5428.428571428572,5938.0,2770.216348779929,4361.266666666666,4623.5,2339.756131314326,2640.0,0,0,0,0,0,1,0,0,1,0
367,0,2014-09-08,0.7818314824680298,0.6234898018587336,-1.0,-1.8369701987210297e-16,-0.9242907221930934,-0.3816892202666586,0.0,8896.0,4711.0,4735.857142857143,5586.0,2329.8260613596167,4355.566666666667,4623.5,2340.322887881119,2640.0,0,0,0,0,0,1,0,0,1,4048
367,0,2014-09-09,0.9749279121818236,-0.22252093395631434,-1.0,-1.8369701987210297e-16,-0.9307239310379793,-0.3657225234972692,4048.0,6402.0,4513.0,4348.142857142857,4310.0,2230.03187036803,4478.5,4623.5,2196.058628543416,2640.0,0,0,0,0,0,1,0,0,1,3688
367,0,2014-09-10,0.43388373911755823,-0.900968867902419,-1.0,-1.8369701987210297e-16,-0.9368813462954315,-0.34964745525122826,3688.0,6867.0,3853.0,3977.5714285714284,4273.0,1938.1260586059964,4489.733333333334,4623.5,2194.048924946174,2640.0,0,0,0,0,0,1,0,0,1,4273
367,0,2014-09-11,-0.433883739117558,-0.9009688679024191,-1.0,-1.8369701987210297e-16,-0.9427611433904206,-0.33346877891818705,4273.0,5586.0,4655.0,3712.8571428571427,4048.0,1803.7115834274819,4485.833333333333,4623.5,2195.3288981982537,2640.0,0,0,0,0,0,1,0,0,1,3733
367,0,2014-09-12,-0.9749279121818236,-0.2225209339563146,-1.0,-1.8369701987210297e-16,-0.9483615800121716,-0.31719128858910595,3733.0,5938.0,4868.0,3442.0,4042.0,1536.4342919023038,4500.366666666667,4623.5,2190.741843859466,2640.0,0,0,0,0,0,1,0,0,1,4042
367,0,2014-09-13,-0.7818314824680299,0.6234898018587334,-1.0,-1.8369701987210297e-16,-0.9536809966304455,-0.300819807635668,4042.0,4310.0,5749.0,3490.1428571428573,4042.0,1573.0097932065808,4500.466666666666,4625.0,2190.748694779516,2640.0,0,0,0,0,0,1,0,0,1,4647
367,0,2014-09-14,-2.4492935982947064e-16,1.0,-1.0,-1.8369701987210297e-16,-0.9587178169872964,-0.2843591872810036,4647.0,0.0,0.0,3490.1428571428573,4042.0,1573.0097932065805,4361.1,4625.0,2339.6983647323063,2640.0,0,0,0,0,0,1,0,0,1,0
367,0,2014-09-15,0.7818314824680298,0.6234898018587336,-1.0,-1.8369701987210297e-16,-0.9634705485641486,-0.26781430516217486,0.0,4048.0,8896.0,3972.0,4042.0,2174.1392166403075,4458.466666666666,4651.0,2405.5306351783597,2640.0,1,0,0,0,0,1,0,0,1,7421
367,0,2014-09-16,0.9749279121818236,-0.22252093395631434,-1.0,-1.8369701987210297e-16,-0.9679377830240642,-0.25119006388481957,7421.0,3688.0,6402.0,4258.714285714285,4273.0,2261.044206724384,4648.3,4683.0,2261.985245691078,2640.0,1,0,0,0,0,1,0,0,1,5695
367,0,2014-09-17,0.43388373911755823,-0.900968867902419,-1.0,-1.8369701987210297e-16,-0.9721181966290612,-0.23449138957041052,5695.0,4273.0,6867.0,4514.571428571428,4647.0,2362.0096568489325,4561.133333333333,4683.0,2148.860672194858,2640.0,1,0,0,0,0,1,0,0,1,6064
367,0,2014-09-18,-0.433883739117558,-0.9009688679024191,-1.0,-1.8369701987210297e-16,-0.9760105506323682,-0.21772323039653224,6064.0,3733.0,5586.0,4691.857142857143,4974.0,2340.040842134413,4525.966666666666,4683.0,2132.581315639824,2640.0,1,0,0,0,0,1,0,0,1,4974
367,0,2014-09-19,-0.9749279121818236,-0.2225209339563146,-1.0,-1.8369701987210297e-16,-0.9796136916454901,-0.20089055513063528,4974.0,4042.0,5938.0,4864.857142857143,5253.0,2328.7267929472673,4523.2,4683.0,2131.547784737814,2640.0,1,0,0,0,0,1,0,0,1,5253
367,0,2014-09-20,-0.7818314824680299,0.6234898018587334,-1.0,-1.8369701987210297e-16,-0.9829265519799822,-0.18399835165767986,5253.0,4647.0,4310.0,4809.0,5253.0,2339.487693206924,4481.7,4651.0,2123.9603403986143,2640.0,0,0,0,0,0,1,0,0,1,4256
367,0,2014-09-21,-2.4492935982947064e-16,1.0,-1.0,-1.8369701987210297e-16,-0.9859481499638303,-0.1670516255021195,4256.0,0.0,0.0,4809.0,5253.0,2339.487693206924,4301.5,4625.0,2267.3253382907287,2640.0,0,0,0,0,0,1,0,0,1,0
367,0,2014-09-22,0.7818314824680298,0.6234898018587336,-1.0,-1.8369701987210297e-16,-0.9886775902323404,-0.15005539834465262,0.0,7421.0,4048.0,4258.142857142857,4974.0,2059.1301908468868,4266.9,4580.0,2270.483593483084,2640.0,0,0,0,0,0,1,0,0,1,3565
367,0,2014-09-23,0.9749279121818236,-0.22252093395631434,-1.0,-1.8369701987210297e-16,-0.9911140639934546,-0.13301470653419636,3565.0,5695.0,3688.0,3913.8571428571427,4256.0,1978.7547791958643,4376.4,4580.0,2132.63444981828,2640.0,0,0,0,0,0,1,0,0,1,3285
367,0,2014-09-24,0.43388373911755823,-0.900968867902419,-1.0,-1.8369701987210297e-16,-0.9932568492674143,-0.11593459959550066,3285.0,6064.0,4273.0,3594.5714285714284,3829.0,1739.8901169463604,4347.0,4411.5,2133.941795412164,2640.0,0,0,0,0,0,1,0,0,1,3829
367,0,2014-09-25,-0.433883739117558,-0.9009688679024191,-1.0,-1.8369701987210297e-16,-0.9951053111006974,-0.09882013873287211,3829.0,4974.0,3733.0,3373.8571428571427,3565.0,1630.2807967311887,4310.866666666667,4291.5,2140.2023709233067,2640.0,0,0,0,0,0,1,0,0,1,3429
367,0,2014-09-26,-0.9749279121818236,-0.2225209339563146,-1.0,-1.8369701987210297e-16,-0.99665890175417,-0.08167639533042288,3429.0,5253.0,4042.0,3162.0,3565.0,1429.3623286860025,4308.1,4291.5,2140.868214952312,2640.0,0,0,0,0,0,1,0,0,1,3770
367,0,2014-09-27,-0.7818314824680299,0.6234898018587334,-1.0,-1.8369701987210297e-16,-0.9979171608653922,-0.06450844944931625,3770.0,4256.0,4647.0,3204.0,3565.0,1470.590584311851,4304.6,4291.5,2140.3673000936874,2640.0,0,0,0,0,0,1,0,0,1,4550
367,0,2014-09-28,-2.4492935982947064e-16,1.0,-1.0,-1.8369701987210297e-16,-0.9988797155850335,-0.04732138832243232,4550.0,0.0,0.0,3204.0,3565.0,1470.590584311851,4142.333333333333,4264.5,2276.387342552522,2640.0,0,0,0,0,0,1,0,0,1,0
367,0,2014-09-29,0.7818314824680298,0.6234898018587336,-1.0,-1.8369701987210297e-16,-0.9995462806873573,-0.03012030484690836,0.0,3565.0,7421.0,3888.0,3770.0,2452.3019118099355,4229.133333333333,4264.5,2386.734527706658,2640.0,1,0,0,0,0,1,0,0,1,8353
367,0,2014-09-30,0.9749279121818236,-0.22252093395631434,-1.0,-1.8369701987210297e-16,-0.9999166586547379,-0.012910296075008843,8353.0,3285.0,5695.0,4454.0,3829.0,2731.2844353283053,4470.7,4291.5,2309.42496425349,2640.0,1,0,0,0,0,1,0,0,1,7247
367,0,2014-10-01,0.43388373911755823,-0.900968867902419,-0.8660254037844386,0.5000000000000001,-0.9999907397361901,0.004303538296243821,7247.0,3829.0,6064.0,4835.571428571428,4550.0,2814.7173248920767,4390.833333333333,4291.5,2189.420362330747,2640.0,1,0,0,0,0,1,0,0,1,6500
367,0,2014-10-02,-0.433883739117558,-0.9009688679024191,-0.8660254037844386,0.5000000000000001,-0.9997685019798909,0.021516097436222233,6500.0,3429.0,4974.0,5283.571428571428,6500.0,2803.074315648375,4396.266666666666,4291.5,2194.7791332337188,2640.0,1,0,0,0,0,1,0,0,1,6565
367,0,2014-10-03,-0.9749279121818236,-0.2225209339563146,-0.8660254037844386,0.5000000000000001,-0.9992500112396835,0.03872228089217399,6565.0,3770.0,5253.0,4745.0,6500.0,3433.6124805613485,4167.366666666667,4264.5,2284.470729970501,2640.0,1,0,0,0,0,1,0,0,1,0
367,0,2014-10-04,-0.7818314824680299,0.6234898018587334,-0.8660254037844386,0.5000000000000001,-0.9984354211555643,0.05591699010060302,0.0,4550.0,4256.0,4962.857142857143,6500.0,3467.3912109140206,4183.666666666667,4264.5,2296.6539578915344,2640.0,0,0,0,0,0,1,0,0,1,6075
367,0,2014-10-05,-2.4492935982947064e-16,1.0,-0.8660254037844386,0.5000000000000001,-0.9973249731081555,0.07309512989807776,6075.0,0.0,0.0,4962.857142857143,6500.0,3467.3912109140206,3985.733333333333,4152.0,2394.058852347985,2640.0,0,0,0,0,0,1,0,0,1,0
367,0,2014-10-06,0.7818314824680298,0.6234898018587336,-0.8660254037844386,0.5000000000000001,-0.9959189961471792,0.0902516100310407,0.0,8353.0,3565.0,4833.0,6500.0,3333.7109452780483,4090.2,4152.0,2475.6822591511745,2640.0,1,0,0,0,0,1,0,0,1,7444
367,0,2014-10-07,0.9749279121818236,-0.22252093395631434,-0.8660254037844386,0.5000000000000001,-0.994217906893952,0.10738134666416306,7444.0,7247.0,3285.0,4605.285714285715,6075.0,3192.7991749291973,4278.633333333333,4264.5,2366.3479133733554,2640.0,1,0,0,0,0,1,0,0,1,5653
367,0,2014-10-08,0.43388373911755823,-0.900968867902419,-0.8660254037844386,0.5000000000000001,-0.9922222094179324,0.12447926388678869,5653.0,6500.0,3829.0,4541.571428571428,6054.0,3152.887927870935,4345.5,4411.5,2387.8505086634154,2640.0,1,0,0,0,0,1,0,0,1,6054
367,0,2014-10-09,-0.433883739117558,-0.9009688679024191,-0.8660254037844386,0.5000000000000001,-0.989932495087353,0.141540295217043,6054.0,6565.0,3429.0,4431.142857142857,5792.0,3082.968289845108,4415.633333333333,4598.5,2398.7465618143333,2640.0,1,0,0,0,0,1,0,0,1,5792
367,0,2014-10-10,-0.9749279121818236,-0.2225209339563146,-0.8660254037844386,0.5000000000000001,-0.9873494423939864,0.15855938510313475,5792.0,0.0,3770.0,5271.285714285715,5881.0,2399.803444332172,4469.233333333334,4810.5,2413.3703244608973,2640.0,1,0,0,0,0,1,0,0,1,5881
367,0,2014-10-11,-0.7818314824680299,0.6234898018587334,-0.8660254037844386,0.5000000000000001,-0.9844738167520923,0.17553149042142777,5881.0,6075.0,4550.0,5087.714285714285,5792.0,2377.117632363873,4504.466666666666,4882.0,2409.9645402074825,2640.0,0,0,0,0,0,1,0,0,1,4790
367,0,2014-10-12,-2.4492935982947064e-16,1.0,-0.8660254037844386,0.5000000000000001,-0.9813064702716093,0.19245158197082995,4790.0,0.0,0.0,5087.714285714285,5792.0,2377.117632363873,4369.733333333334,4882.0,2545.8668049420303,2640.0,0,0,0,0,0,1,0,0,1,0
367,0,2014-10-13,0.7818314824680298,0.6234898018587336,-0.8660254037844386,0.5000000000000001,-0.9778483415056568,0.20931464596304888,0.0,7444.0,8353.0,4516.285714285715,5653.0,2189.677656207696,4329.633333333333,4882.0,2550.8184012375223,2640.0,0,0,0,0,0,1,0,0,1,3444
367,0,2014-10-14,0.9749279121818236,-0.22252093395631434,-0.8660254037844386,0.5000000000000001,-0.9741004551724206,0.22611568550828803,3444.0,5653.0,7247.0,4201.571428571428,4790.0,2157.1454793424605,4444.633333333333,4882.0,2423.4831087013813,2640.0,0,0,0,0,0,1,0,0,1,3450
367,0,2014-10-15,0.43388373911755823,-0.900968867902419,-0.8660254037844386,0.5000000000000001,-0.970063921851507,0.2428497220959358,3450.0,6054.0,6500.0,3821.4285714285716,3450.0,2005.4257949491962,4310.366666666667,4670.0,2363.7432978563716,2640.0,0,0,0,0,0,1,0,0,1,3393
367,0,2014-10-16,-0.433883739117558,-0.9009688679024191,-0.8660254037844386,0.5000000000000001,-0.965739937654855,0.25951179706979943,3393.0,5792.0,6565.0,3499.285714285714,3450.0,1807.4711352499942,4238.433333333333,4403.0,2352.9646989941516,2640.0,0,0,0,0,0,1,0,0,1,3537
367,0,2014-10-17,-0.9749279121818236,-0.2225209339563146,-0.8660254037844386,0.5000000000000001,-0.9611297838723007,0.27609697309746883,3537.0,5881.0,0.0,3181.0,3450.0,1485.6892900827768,4158.066666666667,4042.5,2329.5190998962867,2640.0,0,0,0,0,0,1,0,0,1,3653
367,0,2014-10-18,-0.7818314824680299,0.6234898018587334,-0.8660254037844386,0.5000000000000001,-0.9562348265919058,0.2926003356333479,3653.0,4790.0,6075.0,3062.285714285714,3450.0,1363.9029430627525,4124.233333333334,3894.0,2324.6257197195437,2640.0,0,0,0,0,0,1,0,0,1,3959
367,0,2014-10-19,-2.4492935982947064e-16,1.0,-0.8660254037844386,0.5000000000000001,-0.9510565162951536,0.30901699437494723,3959.0,0.0,0.0,3062.285714285714,3450.0,1363.9029430627525,3949.133333333333,3799.5,2432.0279849418325,2640.0,0,0,0,0,0,1,0,0,1,0
367,0,2014-10-20,0.7818314824680298,0.6234898018587336,-0.8660254037844386,0.5000000000000001,-0.9455963874271428,0.3253420847119795,0.0,3444.0,7444.0,3587.1428571428573,3537.0,2063.014576501373,4044.5333333333333,3799.5,2499.6727887014954,2640.0,1,0,0,0,0,1,0,0,1,7118
367,0,2014-10-21,0.9749279121818236,-0.22252093395631434,-0.8660254037844386,0.5000000000000001,-0.9398560579418953,0.341570769167856,7118.0,3450.0,5653.0,3805.285714285714,3653.0,2125.8710147674924,4210.433333333333,3894.0,2384.4909625693085,2640.0,1,0,0,0,0,1,0,0,1,4977
367,0,2014-10-22,0.43388373911755823,-0.900968867902419,-0.8660254037844386,0.5000000000000001,-0.9338372288229252,0.35769823883312546,4977.0,3393.0,6054.0,4084.4285714285716,3959.0,2190.0313435460876,4269.833333333333,4254.5,2390.0473676352576,2640.0,1,0,0,0,0,1,0,0,1,5347
367,0,2014-10-23,-0.433883739117558,-0.9009688679024191,-0.8660254037844386,0.5000000000000001,-0.9275416835791965,0.3737197147904692,5347.0,3537.0,5792.0,4368.0,4977.0,2235.3772239452846,4344.4,4670.0,2393.1560837896263,2640.0,1,0,0,0,0,1,0,0,1,5522
367,0,2014-10-24,-0.9749279121818236,-0.2225209339563146,-0.8660254037844386,0.5000000000000001,-0.9209712877166346,0.38963044953078774,5522.0,3653.0,5881.0,4526.714285714285,4977.0,2215.5032320961673,4375.566666666667,4777.0,2392.300662734417,2640.0,1,0,0,0,0,1,0,0,1,4764
367,0,2014-10-25,-0.7818314824680299,0.6234898018587334,-0.8660254037844386,0.5000000000000001,-0.9141279881853337,0.4054257283599973,4764.0,3959.0,4790.0,4618.571428571428,4977.0,2201.3265589293223,4414.666666666667,4777.0,2385.873588773971,2640.0,0,0,0,0,0,1,0,0,1,4602
367,0,2014-10-26,-2.4492935982947064e-16,1.0,-0.8660254037844386,0.5000000000000001,-0.9070138128026362,0.42110087079608916,4602.0,0.0,0.0,4618.571428571428,4977.0,2201.3265589293223,4289.0,4777.0,2516.698124184912,2640.0,0,0,0,0,0,1,0,0,1,0
367,0,2014-10-27,0.7818314824680298,0.6234898018587336,-0.8660254037844386,0.5000000000000001,-0.8996308696522434,0.4366512319560638,0.0,7118.0,3444.0,4202.714285714285,4764.0,1905.5497644411964,4277.566666666667,4777.0,2516.250599922271,2640.0,0,0,0,0,0,1,0,0,1,4207
367,0,2014-10-28,0.9749279121818236,-0.22252093395631434,-0.8660254037844386,0.5000000000000001,-0.8919813464595487,0.45207220393230374,4207.0,4977.0,3450.0,3980.285714285714,4602.0,1890.922236571853,4391.566666666667,4777.0,2390.079780566175,2640.0,0,0,0,0,0,1,0,0,1,3420
367,0,2014-10-29,0.43388373911755823,-0.900968867902419,-0.8660254037844386,0.5000000000000001,-0.8840675099433637,0.46735921715800205,3420.0,5347.0,3393.0,3702.5714285714284,4207.0,1797.1735083312392,4226.566666666667,4683.0,2275.27580265798,2640.0,0,0,0,0,0,1,0,0,1,3403
367,0,2014-10-30,-0.433883739117558,-0.9009688679024191,-0.8660254037844386,0.5000000000000001,-0.8758917051442433,0.48250774176121763,3403.0,5522.0,3537.0,3480.8571428571427,3970.0,1622.5542033649103,4117.333333333333,4404.5,2202.7754488737423,2640.0,0,0,0,0,0,1,0,0,1,3970
367,0,2014-10-31,-0.9749279121818236,-0.2225209339563146,-0.8660254037844386,0.5000000000000001,-0.867456354729597,0.4975132889071803,3970.0,4764.0,3653.0,3560.714285714286,3970.0,1707.7513201366783,4078.1,4404.5,2169.0990080898914,2640.0,0,0,0,0,0,1,0,0,1,5323
367,0,2014-11-01,-0.7818314824680299,0.6234898018587334,-0.5000000000000004,0.8660254037844384,-0.858763958275803,0.5123714121284235,5323.0,4602.0,3959.0,3641.5714285714284,3970.0,1777.2550799048554,4031.5333333333333,4404.5,2128.4840118041166,2640.0,0,0,0,0,0,1,0,0,1,5168
367,0,2014-11-02,-2.4492935982947064e-16,1.0,-0.5000000000000004,0.8660254037844384,-0.8498170915275277,0.5270777086423724,5168.0,0.0,0.0,3641.5714285714284,3970.0,1777.2550799048558,4031.5333333333333,4404.5,2128.4840118041166,2640.0,0,0,0,0,0,1,0,0,1,0
367,0,2014-11-03,0.7818314824680298,0.6234898018587336,-0.5000000000000004,0.8660254037844384,-0.8406184056344783,0.5416278206559811,0.0,4207.0,7118.0,4308.857142857143,3970.0,2675.0513034688643,4124.966666666666,4404.5,2277.57789500515,2640.0,1,0,0,0,0,1,0,0,1,8878
367,0,2014-11-04,0.9749279121818236,-0.22252093395631434,-0.5000000000000004,0.8660254037844384,-0.8311706263658079,0.5560174366570446,8878.0,3420.0,4977.0,4775.142857142857,5168.0,2776.8290325820326,4347.766666666666,4683.0,2185.197674058948,2640.0,1,0,0,0,0,1,0,0,1,6684
367,0,2014-11-05,0.43388373911755823,-0.900968867902419,-0.5000000000000004,0.8660254037844384,-0.8214765533024145,0.5702422926917867,6684.0,3403.0,5347.0,5076.0,5323.0,2716.825414584699,4283.266666666666,4683.0,2118.1853966809986,2640.0,1,0,0,0,0,1,0,0,1,5509
367,0,2014-11-06,-0.433883739117558,-0.9009688679024191,-0.5000000000000004,0.8660254037844384,-0.8115390590073611,0.5842981736283683,5509.0,3970.0,5522.0,5312.0,5509.0,2676.186652683252,4282.233333333334,4683.0,2117.5015968456014,2640.0,1,0,0,0,0,1,0,0,1,5622
367,0,2014-11-07,-0.9749279121818236,-0.2225209339563146,-0.5000000000000004,0.8660254037844384,-0.8013610881746769,0.5981809144059159,5622.0,5323.0,4764.0,5386.0,5622.0,2683.6926674515694,4275.133333333333,4683.0,2111.705157275599,2640.0,1,0,0,0,0,1,0,0,1,5841
367,0,2014-11-08,-0.7818314824680299,0.6234898018587334,-0.5000000000000004,0.8660254037844384,-0.7909456567567774,0.6118864012687242,5841.0,5168.0,4602.0,5309.142857142857,5622.0,2698.6385721057813,4236.4,4616.0,2093.5014325946513,2640.0,0,0,0,0,0,1,0,0,1,4630
367,0,2014-11-09,-2.4492935982947064e-16,1.0,-0.5000000000000004,0.8660254037844384,-0.780295851070776,0.6254105729852457,4630.0,0.0,0.0,5309.142857142857,5622.0,2698.6385721057813,4040.366666666667,4404.5,2206.4888863864976,2640.0,0,0,0,0,0,1,0,0,1,0
367,0,2014-11-10,0.7818314824680298,0.6234898018587336,-0.5000000000000004,0.8660254037844384,-0.7694148268839381,0.6387494220515268,0.0,8878.0,4207.0,5013.714285714285,5622.0,2330.979244458266,4107.7,4404.5,2260.3181672590645,2640.0,1,0,0,0,0,1,0,0,1,6810
367,0,2014-11-11,0.9749279121818236,-0.22252093395631434,-0.5000000000000004,0.8660254037844384,-0.7583058084785625,0.6518989958787125,6810.0,6684.0,3420.0,4930.0,5622.0,2270.739600511984,4310.966666666666,4616.0,2149.664632758637,2640.0,1,0,0,0,0,1,0,0,1,6098
367,0,2014-11-12,0.43388373911755823,-0.900968867902419,-0.5000000000000004,0.8660254037844384,-0.7469720876965551,0.6648553979642867,6098.0,5509.0,3403.0,4932.285714285715,5622.0,2271.427503743383,4380.333333333333,4697.0,2154.2946414775397,2640.0,1,0,0,0,0,1,0,0,1,5525
367,0,2014-11-13,-0.433883739117558,-0.9009688679024191,-0.5000000000000004,0.8660254037844384,-0.7354170229639858,0.6776147890466887,5525.0,5622.0,3970.0,4809.428571428572,5525.0,2251.0712899375144,4424.066666666667,4763.0,2148.0652711673806,2640.0,1,0,0,0,0,1,0,0,1,4762
367,0,2014-11-14,-0.9749279121818236,-0.2225209339563146,-0.5000000000000004,0.8660254037844384,-0.7236440382959123,0.690173388242972,4762.0,5841.0,5323.0,4782.142857142857,5525.0,2237.600681427274,4499.3,4870.5,2150.231425395557,2640.0,1,0,0,0,0,1,0,0,1,5650
367,0,2014-11-15,-0.7818314824680299,0.6234898018587334,-0.5000000000000004,0.8660254037844384,-0.7116566222817751,0.7025274741691566,5650.0,4630.0,5168.0,4804.0,5525.0,2236.613884126328,4540.833333333333,4880.0,2143.024563930424,2640.0,0,0,0,0,0,1,0,0,1,4783
367,0,2014-11-16,-2.4492935982947064e-16,1.0,-0.5000000000000004,0.8660254037844384,-0.6994583270516471,0.7146733860429608,4783.0,0.0,0.0,4804.0,5525.0,2236.613884126328,4419.066666666667,4880.0,2293.695857139185,2640.0,0,0,0,0,0,1,0,0,1,0
367,0,2014-11-17,0.7818314824680298,0.6234898018587336,-0.5000000000000004,0.8660254037844384,-0.6870527672236675,0.726607524768565,0.0,6810.0,8878.0,4369.571428571428,4783.0,2071.2613594251234,4412.733333333334,4880.0,2295.271765643648,2640.0,0,0,0,0,0,1,0,0,1,3769
367,0,2014-11-18,0.9749279121818236,-0.22252093395631434,-0.5000000000000004,0.8660254037844384,-0.6744436188329457,0.7383263540031063,3769.0,6098.0,6684.0,4073.0,4762.0,1926.066803964319,4546.8,4880.0,2140.908144400083,2640.0,0,0,0,0,0,1,0,0,1,4022
367,0,2014-11-19,0.43388373911755823,-0.900968867902419,-0.5000000000000004,0.8660254037844384,-0.661634618242279,0.749826401204568,4022.0,5525.0,5509.0,3794.714285714286,4022.0,1819.06621780569,4428.766666666666,4773.5,2091.3007779078916,2640.0,0,0,0,0,0,1,0,0,1,3577
367,0,2014-11-20,-0.433883739117558,-0.9009688679024191,-0.5000000000000004,0.8660254037844384,-0.6486295610349818,0.7611042586607742,3577.0,4762.0,5622.0,3681.8571428571427,3972.0,1772.975035410953,4395.266666666666,4763.0,2090.2651033538405,2640.0,0,0,0,0,0,1,0,0,1,3972
367,0,2014-11-21,-0.9749279121818236,-0.2225209339563146,-0.5000000000000004,0.8660254037844384,-0.6354323008901775,0.7721565844991641,3972.0,5650.0,5841.0,3420.0,3817.0,1555.9207349133592,4344.266666666666,4696.0,2084.9014188773467,2640.0,0,0,0,0,0,1,0,0,1,3817
367,0,2014-11-22,-0.7818314824680299,0.6234898018587334,-0.5000000000000004,0.8660254037844384,-0.622046748440868,0.7829801036770625,3817.0,4783.0,4630.0,3435.8571428571427,3817.0,1572.603089209248,4323.333333333333,4696.0,2075.8015374761862,2640.0,0,0,0,0,0,1,0,0,1,4894
367,0,2014-11-23,-2.4492935982947064e-16,1.0,-0.5000000000000004,0.8660254037844384,-0.6084768701151264,0.7935716089521472,4894.0,0.0,0.0,3435.8571428571427,3817.0,1572.603089209248,4164.533333333334,4616.0,2218.2636069423884,2640.0,0,0,0,0,0,1,0,0,1,0
367,0,2014-11-24,0.7818314824680298,0.6234898018587336,-0.5000000000000004,0.8660254037844384,-0.594726686960764,0.8039279618328208,0.0,3769.0,6810.0,4087.4285714285716,3972.0,2439.5462595287972,4288.8,4696.0,2344.447429933999,2640.0,1,0,0,0,0,1,0,0,1,8330
367,0,2014-11-25,0.9749279121818236,-0.22252093395631434,-0.5000000000000004,0.8660254037844384,-0.5808002734538014,0.8140460935082175,8330.0,4022.0,6098.0,4330.857142857143,3972.0,2515.7553159088825,4479.666666666667,4772.5,2212.6237714584413,2640.0,1,0,0,0,0,1,0,0,1,5726
367,0,2014-11-26,0.43388373911755823,-0.900968867902419,-0.5000000000000004,0.8660254037844384,-0.5667017562911184,0.8239230057575536,5726.0,3577.0,5525.0,4629.571428571428,4894.0,2535.3891126178137,4528.366666666667,4838.5,2222.4718528659923,2640.0,1,0,0,0,0,1,0,0,1,5668
367,0,2014-11-27,-0.433883739117558,-0.9009688679024191,-0.5000000000000004,0.8660254037844384,-0.5524353131676203,0.8335557718385695,5668.0,3972.0,4762.0,4950.714285714285,5668.0,2580.1912535240285,4621.7,5031.0,2233.0886782274397,2640.0,1,0,0,0,0,1,0,0,1,6220
367,0,2014-11-28,-0.9749279121818236,-0.2225209339563146,-0.5000000000000004,0.8660254037844384,-0.5380051715382992,0.8429415373547832,6220.0,3817.0,5650.0,5418.714285714285,5726.0,2636.7667520586456,4744.7,5245.5,2265.042363157152,2640.0,1,0,0,0,0,1,0,0,1,7093
367,0,2014-11-29,-0.7818314824680299,0.6234898018587334,-0.5000000000000004,0.8660254037844384,-0.5234156073655503,0.8520775211013093,7093.0,4894.0,4783.0,5634.0,6220.0,2648.2811406646374,4825.733333333334,5416.0,2279.8084301451518,2640.0,0,0,0,0,0,1,0,0,1,6401
367,0,2014-11-30,-2.4492935982947064e-16,1.0,-0.5000000000000004,0.8660254037844384,-0.5086709438521042,0.8609610158889945,6401.0,0.0,0.0,5634.0,6220.0,2648.2811406646374,4648.3,5338.5,2441.199664805864,2640.0,0,0,0,0,0,1,0,0,1,0
367,0,2014-12-01,0.7818314824680298,0.6234898018587336,-2.4492935982947064e-16,1.0,-0.4937755501599774,0.8695893893466109,0.0,8330.0,3769.0,5694.0,6220.0,2723.2394312656374,4767.7,5517.0,2552.5537064159716,2640.0,1,0,0,0,0,1,0,0,1,8750
367,0,2014-12-02,0.9749279121818236,-0.22252093395631434,-2.4492935982947064e-16,1.0,-0.4787338401157883,0.8779600847008883,8750.0,5726.0,4022.0,5745.714285714285,6220.0,2727.3824273031273,4970.633333333333,5573.5,2397.7514823818474,2640.0,1,0,0,0,0,1,0,0,1,6088
367,0,2014-12-03,0.43388373911755823,-0.900968867902419,-2.4492935982947064e-16,1.0,-0.4635502709028512,0.8860706215341377,6088.0,5668.0,3577.0,5761.0,6220.0,2727.174117409202,4867.2,5573.5,2287.7913667839157,2640.0,1,0,0,0,0,1,0,0,1,5775
367,0,2014-12-04,-0.433883739117558,-0.9009688679024191,-2.4492935982947064e-16,1.0,-0.4482293417404106,0.893918596519257,5775.0,6220.0,3972.0,5718.428571428572,6088.0,2721.134129803407,4841.8,5573.5,2271.0940459428853,2640.0,1,0,0,0,0,1,0,0,1,5922
367,0,2014-12-05,-0.9749279121818236,-0.2225209339563146,-2.4492935982947064e-16,1.0,-0.4327755925504317,0.9015016841318838,5922.0,7093.0,3817.0,5801.0,6088.0,2777.9725220623272,4913.866666666667,5636.0,2326.61946169549,2640.0,1,0,0,0,0,1,0,0,1,7671
367,0,2014-12-06,-0.7818314824680299,0.6234898018587334,-2.4492935982947064e-16,1.0,-0.41719360261231697,0.9088176373395028,7671.0,6401.0,4894.0,5748.0,6030.0,2768.139146309905,4927.466666666666,5659.0,2332.0875469065827,2640.0,0,0,0,0,0,1,0,0,1,6030
367,0,2014-12-07,-2.4492935982947064e-16,1.0,-2.4492935982947064e-16,1.0,-0.4014879892059737,0.9158642882672868,6030.0,0.0,0.0,5748.0,6030.0,2768.139146309905,4732.766666666666,5587.5,2491.5614780395363,2640.0,0,0,0,0,0,1,0,0,1,0
367,0,2014-12-08,0.7818314824680298,0.6234898018587336,-2.4492935982947064e-16,1.0,-0.38566340624360745,0.9226395488404875,0.0,8750.0,8330.0,5139.428571428572,5922.0,2447.9110725366663,4728.1,5587.5,2491.8916834543493,2640.0,0,0,0,0,0,1,0,0,1,4490
367,0,2014-12-09,0.9749279121818236,-0.22252093395631434,-2.4492935982947064e-16,1.0,-0.3697245428906732,0.9291414114031743,4490.0,6088.0,5726.0,4886.714285714285,5775.0,2424.8668495600396,4872.066666666667,5587.5,2328.73239062079,2640.0,0,0,0,0,0,1,0,0,1,4319
367,0,2014-12-10,0.43388373911755823,-0.900968867902419,-2.4492935982947064e-16,1.0,-0.3536761221763721,0.935367949313148,4319.0,5775.0,5668.0,4676.0,4490.0,2398.7584983347797,4788.4,5209.5,2301.6374471082577,2640.0,0,0,0,0,0,1,0,0,1,4300
367,0,2014-12-11,-0.433883739117558,-0.9009688679024191,-2.4492935982947064e-16,1.0,-0.33752289959411347,0.941317317512847,4300.0,5922.0,6220.0,4475.142857142857,4490.0,2335.0564895787434,4735.666666666667,4838.5,2288.6845993719367,2640.0,0,0,0,0,0,1,0,0,1,4516
367,0,2014-12-12,-0.9749279121818236,-0.2225209339563146,-2.4492935982947064e-16,1.0,-0.32126966169236515,0.946987753076075,4516.0,7671.0,7093.0,4022.714285714286,4490.0,1873.918418206948,4701.633333333333,4772.5,2284.128996951054,2640.0,0,0,0,0,0,1,0,0,1,4504
367,0,2014-12-13,-0.7818314824680299,0.6234898018587334,-2.4492935982947064e-16,1.0,-0.3049212246562894,0.9523775757303973,4504.0,6030.0,6401.0,4062.5714285714284,4490.0,1925.9719500504011,4753.2,4838.5,2302.9240992478526,2640.0,0,0,0,0,0,1,0,0,1,6309
367,0,2014-12-14,-2.4492935982947064e-16,1.0,-2.4492935982947064e-16,1.0,-0.2884824328806098,0.9574851883550389,6309.0,0.0,0.0,4062.5714285714284,4490.0,1925.9719500504013,4564.866666666667,4649.5,2453.1816038787633,2640.0,0,0,0,0,0,1,0,0,1,0
367,0,2014-12-15,0.7818314824680298,0.6234898018587336,-2.4492935982947064e-16,1.0,-0.27195815753410524,0.9623090774541487,0.0,4490.0,8750.0,4785.285714285715,4504.0,2843.653736204281,4723.733333333334,4705.0,2616.66900563626,2640.0,1,0,0,0,0,1,0,0,1,9549
367,0,2014-12-16,0.9749279121818236,-0.22252093395631434,-2.4492935982947064e-16,1.0,-0.2553532951161881,0.9668478136052773,9549.0,4319.0,6088.0,5237.142857142857,4516.0,3003.992367310067,4973.133333333333,5281.0,2505.0990170165824,2640.0,1,0,0,0,0,1,0,0,1,7482
367,0,2014-12-17,0.43388373911755823,-0.900968867902419,-2.4492935982947064e-16,1.0,-0.23867276600594997,0.9711000518829505,7482.0,4300.0,5775.0,5598.857142857143,6309.0,3024.7119107209437,5075.233333333334,5697.0,2516.7221934195572,2640.0,1,0,0,0,0,1,0,0,1,6832
367,0,2014-12-18,-0.433883739117558,-0.9009688679024191,-2.4492935982947064e-16,1.0,-0.22192151300416674,0.9750645322571945,6832.0,4516.0,5922.0,5925.857142857143,6805.0,3011.837502731039,5168.0,5750.5,2527.82753940325,2640.0,1,0,0,0,0,1,0,0,1,6805
367,0,2014-12-19,-0.9749279121818236,-0.2225209339563146,-2.4492935982947064e-16,1.0,-0.20510449986861926,0.9787400799669153,6805.0,4504.0,7671.0,6297.857142857143,6832.0,2967.4367967754833,5285.7,5848.5,2533.3919629482925,2640.0,1,0,0,0,0,1,0,0,1,7108
367,0,2014-12-20,-0.7818314824680299,0.6234898018587334,-2.4492935982947064e-16,1.0,-0.1882267098432439,0.9821256058680006,7108.0,6309.0,6030.0,6314.428571428572,6832.0,2967.833264473307,5367.466666666666,5976.0,2529.1118344716065,2640.0,0,0,0,0,0,1,0,0,1,6425
367,0,2014-12-21,-2.4492935982947064e-16,1.0,-2.4492935982947064e-16,1.0,-0.1712931441814778,0.9852201067560606,6425.0,0.0,0.0,6314.428571428572,6832.0,2967.833264473307,5240.233333333334,5976.0,2700.037645757132,2640.0,0,0,0,0,0,1,0,0,1,0
367,0,2014-12-22,0.7818314824680298,0.6234898018587336,-2.4492935982947064e-16,1.0,-0.154308820664281,0.9880226656636976,0.0,9549.0,4490.0,6054.714285714285,6832.0,2705.558088718217,5334.8,6059.0,2736.922830353518,2640.0,0,0,0,0,0,1,0,0,1,7731
367,0,2014-12-23,0.9749279121818236,-0.22252093395631434,-2.4492935982947064e-16,1.0,-0.13727877211326517,0.9905324521322227,7731.0,7482.0,4319.0,6181.0,6832.0,2802.187478857663,5613.666666666667,6154.0,2597.258067898592,2640.0,0,0,0,0,0,1,0,0,1,8366
367,0,2014-12-24,0.43388373911755823,-0.900968867902419,-2.4492935982947064e-16,1.0,-0.12020804489935275,0.9927487224577402,8366.0,6832.0,4300.0,5686.428571428572,6805.0,2968.704591632679,5448.333333333333,6059.0,2576.165652916041,2640.0,0,0,0,0,0,1,0,0,1,3370
367,0,2014-12-25,-0.433883739117558,-0.9009688679024191,-2.4492935982947064e-16,1.0,-0.10310169744743544,0.9946708199115211,3370.0,6805.0,4516.0,4714.285714285715,6425.0,3590.452093830975,5257.466666666666,6059.0,2760.4134464609224,2640.0,0,0,0,0,0,1,0,0,1,0
367,0,2014-12-26,-0.9749279121818236,-0.2225209339563146,-2.4492935982947064e-16,1.0,-0.0859647987374467,0.9962981749346077,0.0,7108.0,4504.0,3698.8571428571427,3370.0,3799.671759006358,5068.533333333334,6059.0,2920.6643874926453,2640.0,0,0,0,0,0,1,0,0,1,0
367,0,2014-12-27,-0.7818314824680299,0.6234898018587334,-2.4492935982947064e-16,1.0,-0.06880242680232064,0.9976303053065857,0.0,6425.0,6309.0,3588.285714285714,3370.0,3717.491480119612,5049.566666666667,5976.0,2914.770549712488,2640.0,0,0,0,0,0,1,0,0,1,5651
367,0,2014-12-28,-2.4492935982947064e-16,1.0,-2.4492935982947064e-16,1.0,-0.05161966722325418,0.9986668162884759,5651.0,0.0,0.0,3588.285714285714,3370.0,3717.491480119612,4813.133333333333,5848.5,3028.7485492712376,2640.0,0,0,0,0,0,1,0,0,1,0
367,0,2014-12-29,0.7818314824680298,0.6234898018587336,-2.4492935982947064e-16,1.0,-0.034421611622745804,0.9994074007397048,0.0,7731.0,9549.0,3286.1428571428573,3370.0,3396.7869341762475,4786.966666666666,5713.0,3017.928891136106,2640.0,0,0,0,0,0,1,0,0,1,5616
367,0,2014-12-30,0.9749279121818236,-0.22252093395631434,-2.4492935982947064e-16,1.0,-0.01721335615583528,0.9998518392091162,5616.0,8366.0,7482.0,2935.8571428571427,3370.0,2871.432652212214,4984.1,5844.5,2884.6696858655587,2640.0,0,0,0,0,0,1,0,0,1,5914
367,0,2014-12-31,0.43388373911755823,-0.900968867902419,-2.4492935982947064e-16,1.0,6.432490598706546e-16,1.0,5914.0,3370.0,6832.0,2952.1428571428573,3484.0,2874.626841207476,4808.566666666667,5713.0,2806.778711758658,2640.0,0,0,0,0,0,1,0,0,1,3484
367,0,2015-01-01,-0.433883739117558,-0.9009688679024191,0.49999999999999994,0.8660254037844387,0.017213356155834685,0.9998518392091162,3484.0,0.0,6805.0,2952.1428571428573,3484.0,2874.626841207476,4605.633333333333,5633.5,2928.528528745819,2640.0,0,0,0,0,0,1,0,0,1,0
367,0,2015-01-02,-0.9749279121818236,-0.2225209339563146,0.49999999999999994,0.8660254037844387,0.03442161162274574,0.9994074007397048,0.0,0.0,7108.0,3646.285714285714,4859.0,2618.1734545471263,4575.1,5237.5,2920.6807703117706,2640.0,0,0,0,0,0,1,0,0,1,4859
367,0,2015-01-03,-0.7818314824680299,0.6234898018587334,0.49999999999999994,0.8660254037844387,0.051619667223253764,0.998666816288476,4859.0,5651.0,6425.0,3494.714285714286,4590.0,2511.3042238569783,4530.7,4724.5,2909.6027119487126,2640.0,0,0,0,0,0,1,0,0,1,4590
367,0,2015-01-04,-2.4492935982947064e-16,1.0,0.49999999999999994,0.8660254037844387,0.06880242680231986,0.9976303053065857,4590.0,0.0,0.0,3494.714285714286,4590.0,2511.3042238569783,4275.0,4553.0,2960.732283603571,2640.0,0,0,0,0,0,1,0,0,1,0
367,0,2015-01-05,0.7818314824680298,0.6234898018587336,0.49999999999999994,0.8660254037844387,0.08596479873744647,0.9962981749346078,0.0,5616.0,7731.0,3892.0,4590.0,3062.3409890692005,4353.9,4553.0,3039.602042350621,2640.0,1,0,0,0,0,1,0,0,1,8397
367,0,2015-01-06,0.9749279121818236,-0.22252093395631434,0.49999999999999994,0.8660254037844387,0.10310169744743485,0.9946708199115211,8397.0,5914.0,8366.0,3909.0,4590.0,3075.7375267296993,4555.0,4724.5,2939.539795086391,2640.0,1,0,0,0,0,1,0,0,1,6033
367,0,2015-01-07,0.43388373911755823,-0.900968867902419,0.49999999999999994,0.8660254037844387,0.1202080448993527,0.9927487224577402,6033.0,3484.0,3370.0,4305.285714285715,4859.0,3188.4909552057015,4613.933333333333,5237.5,2955.869216150893,2640.0,1,0,0,0,0,1,0,0,1,6258
367,0,2015-01-08,-0.433883739117558,-0.9009688679024191,0.49999999999999994,0.8660254037844387,0.13727877211326478,0.9905324521322229,6258.0,0.0,0.0,5044.714285714285,5176.0,2562.3629533619746,4642.5,5396.0,2957.0615278195232,2640.0,1,0,0,0,0,1,0,0,1,5176
367,0,2015-01-09,-0.9749279121818236,-0.2225209339563146,0.49999999999999994,0.8660254037844387,0.15430882066428117,0.9880226656636976,5176.0,4859.0,0.0,5080.714285714285,5176.0,2561.08881235343,4669.533333333334,5396.0,2957.5294644911523,2640.0,1,0,0,0,0,1,0,0,1,5111
367,0,2015-01-10,-0.7818314824680299,0.6234898018587334,0.49999999999999994,0.8660254037844387,0.1712931441814776,0.9852201067560606,5111.0,4590.0,5651.0,5094.142857142857,5176.0,2558.3319714592308,4675.133333333333,5396.0,2957.387777138433,2640.0,0,0,0,0,0,1,0,0,1,4684
367,0,2015-01-11,-2.4492935982947064e-16,1.0,0.49999999999999994,0.8660254037844387,0.1882267098432442,0.9821256058680006,4684.0,0.0,0.0,5094.142857142857,5176.0,2558.3319714592308,4525.0,5396.0,3078.2301005162253,2640.0,0,0,0,0,0,1,0,0,1,0
367,0,2015-01-12,0.7818314824680298,0.6234898018587336,0.49999999999999994,0.8660254037844387,0.2051044998686192,0.9787400799669153,0.0,8397.0,5616.0,4897.0,5176.0,2301.696186149104,4548.6,5396.0,3095.047296168062,2640.0,1,0,0,0,0,1,0,0,1,7017
367,0,2015-01-13,0.9749279121818236,-0.22252093395631434,0.49999999999999994,0.8660254037844387,0.22192151300416552,0.9750645322571948,7017.0,6033.0,5914.0,4829.285714285715,5176.0,2269.4523358647352,4733.9,5587.5,2977.5092501086783,2640.0,1,0,0,0,0,1,0,0,1,5559
367,0,2015-01-14,0.43388373911755823,-0.900968867902419,0.49999999999999994,0.8660254037844387,0.2386727660059501,0.9711000518829505,5559.0,6258.0,3484.0,4730.857142857143,5176.0,2211.357760032768,4601.233333333334,5564.0,2841.111179940271,2640.0,1,0,0,0,0,1,0,0,1,5569
367,0,2015-01-15,-0.433883739117558,-0.9009688679024191,0.49999999999999994,0.8660254037844387,0.255353295116187,0.9668478136052775,5569.0,5176.0,0.0,4806.285714285715,5559.0,2237.917463050988,4541.966666666666,5564.0,2797.149848455144,2640.0,1,0,0,0,0,1,0,0,1,5704
367,0,2015-01-16,-0.9749279121818236,-0.2225209339563146,0.49999999999999994,0.8660254037844387,0.2719581575341055,0.9623090774541486,5704.0,5111.0,4859.0,4913.571428571428,5569.0,2272.6914189379704,4509.633333333333,5564.0,2775.286521192476,2640.0,1,0,0,0,0,1,0,0,1,5862
367,0,2015-01-17,-0.7818314824680299,0.6234898018587334,0.49999999999999994,0.8660254037844387,0.288482432880609,0.9574851883550393,5862.0,4684.0,4590.0,4950.142857142857,5569.0,2270.4401503211825,4447.466666666666,5367.5,2742.795009541874,2640.0,0,0,0,0,0,1,0,0,1,4940
367,0,2015-01-18,-2.4492935982947064e-16,1.0,0.49999999999999994,0.8660254037844387,0.30492122465628907,0.9523775757303974,4940.0,0.0,0.0,4950.142857142857,5569.0,2270.4401503211825,4210.533333333334,5143.5,2811.19810920458,2640.0,0,0,0,0,0,1,0,0,1,0
367,0,2015-01-19,0.7818314824680298,0.6234898018587336,0.49999999999999994,0.8660254037844387,0.3212696616923644,0.9469877530760753,0.0,7017.0,8397.0,4537.857142857143,5559.0,2087.208297269459,4134.066666666667,5025.5,2779.9110495982,2640.0,0,0,0,0,0,1,0,0,1,4131
367,0,2015-01-20,0.9749279121818236,-0.22252093395631434,0.49999999999999994,0.8660254037844387,0.3375228995941133,0.9413173175128471,4131.0,5559.0,6033.0,4269.571428571428,4940.0,2054.5178556166447,4256.766666666666,5025.5,2670.221231740318,2640.0,0,0,0,0,0,1,0,0,1,3681
367,0,2015-01-21,0.43388373911755823,-0.900968867902419,0.49999999999999994,0.8660254037844387,0.3536761221763716,0.9353679493131483,3681.0,5569.0,6258.0,3996.5714285714284,4131.0,1978.6385771655255,4121.0,4899.5,2589.818313425042,2640.0,0,0,0,0,0,1,0,0,1,3658
367,0,2015-01-22,-0.433883739117558,-0.9009688679024191,0.49999999999999994,0.8660254037844387,0.3697245428906731,0.9291414114031743,3658.0,5704.0,5176.0,3830.4285714285716,4131.0,1856.4271111593944,3993.5,4771.5,2464.760571011676,2640.0,0,0,0,0,0,1,0,0,1,4541
367,0,2015-01-23,-0.9749279121818236,-0.2225209339563146,0.49999999999999994,0.8660254037844387,0.38566340624360707,0.9226395488404876,4541.0,5862.0,5111.0,3542.4285714285716,3846.0,1631.4759020738288,4009.366666666667,4771.5,2462.139152393125,2640.0,0,0,0,0,0,1,0,0,1,3846
367,0,2015-01-24,-0.7818314824680299,0.6234898018587334,0.49999999999999994,0.8660254037844387,0.401487989205973,0.9158642882672872,3846.0,4940.0,4684.0,3478.285714285714,3846.0,1575.2282072010707,4159.066666666667,4771.5,2343.636975144481,2640.0,0,0,0,0,0,1,0,0,1,4491
367,0,2015-01-25,-2.4492935982947064e-16,1.0,0.49999999999999994,0.8660254037844387,0.4171936026123168,0.9088176373395029,4491.0,0.0,0.0,3478.285714285714,3846.0,1575.2282072010707,4159.066666666667,4771.5,2343.636975144481,2640.0,0,0,0,0,0,1,0,0,1,0
367,0,2015-01-26,0.7818314824680298,0.6234898018587336,0.49999999999999994,0.8660254037844387,0.4327755925504312,0.901501684131884,0.0,4131.0,7017.0,3964.8571428571427,3846.0,2208.993996413406,4221.933333333333,4771.5,2409.409684940496,2640.0,1,0,0,0,0,1,0,0,1,7537
367,0,2015-01-27,0.9749279121818236,-0.22252093395631434,0.49999999999999994,0.8660254037844387,0.4482293417404106,0.893918596519257,7537.0,3681.0,5559.0,4381.571428571428,4491.0,2412.3031081757285,4441.866666666667,4899.5,2309.8159910788722,2640.0,1,0,0,0,0,1,0,0,1,6598
367,0,2015-01-28,0.43388373911755823,-0.900968867902419,0.49999999999999994,0.8660254037844387,0.4635502709028509,0.886070621534138,6598.0,3658.0,5569.0,4646.0,4541.0,2421.202180735842,4438.3,4899.5,2308.0223681160746,2640.0,1,0,0,0,0,1,0,0,1,5509
367,0,2015-01-29,-0.433883739117558,-0.9009688679024191,0.49999999999999994,0.8660254037844387,0.47873384011578846,0.8779600847008882,5509.0,4541.0,5704.0,4903.428571428572,5509.0,2502.605899000936,4452.6,4899.5,2318.7846638360734,2640.0,1,0,0,0,0,1,0,0,1,6343
367,0,2015-01-30,-0.9749279121818236,-0.2225209339563146,0.49999999999999994,0.8660254037844387,0.4937755501599772,0.869589389346611,6343.0,3846.0,5862.0,5472.285714285715,6343.0,2669.206855621204,4597.4,5025.5,2390.7309169459804,2640.0,1,0,0,0,0,1,0,0,1,7828
367,0,2015-01-31,-0.7818314824680299,0.6234898018587334,0.49999999999999994,0.8660254037844387,0.5086709438521044,0.8609610158889943,7828.0,4491.0,4940.0,5730.142857142857,6343.0,2645.6928159161776,4807.266666666666,5143.5,2245.1485617588423,2640.0,0,0,0,0,0,1,0,0,1,6296
367,0,2015-02-01,-2.4492935982947064e-16,1.0,0.8660254037844386,0.5000000000000001,0.5234156073655503,0.8520775211013093,6296.0,0.0,0.0,5730.142857142857,6343.0,2645.6928159161776,4645.3,5143.5,2410.4671910877223,2640.0,0,0,0,0,0,1,0,0,1,0
367,0,2015-02-02,0.7818314824680298,0.6234898018587336,0.8660254037844386,0.5000000000000001,0.5380051715382996,0.8429415373547828,0.0,7537.0,4131.0,5758.428571428572,6343.0,2669.1840736538975,4750.133333333333,5342.5,2475.491574078433,2640.0,1,0,0,0,0,1,0,0,1,7735
367,0,2015-02-03,0.9749279121818236,-0.22252093395631434,0.8660254037844386,0.5000000000000001,0.5524353131676196,0.8335557718385699,7735.0,6598.0,3681.0,5657.0,6296.0,2645.3467321569265,4946.4,5534.0,2314.0429853248215,2640.0,1,0,0,0,0,1,0,0,1,5888
367,0,2015-02-04,0.43388373911755823,-0.900968867902419,0.8660254037844386,0.5000000000000001,0.5667017562911176,0.8239230057575542,5888.0,5509.0,3658.0,5573.428571428572,6296.0,2660.001620121239,4830.633333333333,5342.5,2220.44463523883,2640.0,1,0,0,0,0,1,0,0,1,4924
367,0,2015-02-05,-0.433883739117558,-0.9009688679024191,0.8660254037844386,0.5000000000000001,0.5808002734538009,0.8140460935082178,4924.0,6343.0,4541.0,5404.0,5888.0,2640.5139020021584,4801.433333333333,5166.5,2209.822175453586,2640.0,1,0,0,0,0,1,0,0,1,5157
367,0,2015-02-06,-0.9749279121818236,-0.2225209339563146,0.8660254037844386,0.5000000000000001,0.5947266869607634,0.8039279618328213,5157.0,7828.0,3846.0,5220.0,5888.0,2483.6669798237167,4810.833333333333,5166.5,2216.820371043005,2640.0,1,0,0,0,0,1,0,0,1,6540
367,0,2015-02-07,-0.7818314824680299,0.6234898018587334,0.8660254037844386,0.5000000000000001,0.6084768701151261,0.7935716089521474,6540.0,6296.0,4491.0,5043.714285714285,5157.0,2437.9383854865096,4807.033333333334,5134.0,2216.2704690434343,2640.0,0,0,0,0,0,1,0,0,1,5062
367,0,2015-02-08,-2.4492935982947064e-16,1.0,0.8660254037844386,0.5000000000000001,0.6220467484408675,0.7829801036770629,5062.0,0.0,0.0,5043.714285714285,5157.0,2437.9383854865096,4636.666666666667,5109.5,2382.321518202768,2640.0,0,0,0,0,0,1,0,0,1,0
367,0,2015-02-09,0.7818314824680298,0.6234898018587336,0.8660254037844386,0.5000000000000001,0.6354323008901774,0.7721565844991642,0.0,7735.0,7537.0,4526.0,5062.0,2137.4440343550514,4617.566666666667,5109.5,2384.225164143127,2640.0,0,0,0,0,0,1,0,0,1,4111
367,0,2015-02-10,0.9749279121818236,-0.22252093395631434,0.8660254037844386,0.5000000000000001,0.6486295610349814,0.7611042586607747,4111.0,5888.0,6598.0,4306.857142857143,4924.0,2051.4375795663736,4762.7,5109.5,2220.3369913534293,2640.0,0,0,0,0,0,1,0,0,1,4354
367,0,2015-02-11,0.43388373911755823,-0.900968867902419,0.8660254037844386,0.5000000000000001,0.6616346182422783,0.7498264012045686,4354.0,4924.0,5509.0,4095.714285714286,4354.0,2053.39221081326,4643.666666666667,5001.0,2190.841097077482,2640.0,0,0,0,0,0,1,0,0,1,3446
367,0,2015-02-12,-0.433883739117558,-0.9009688679024191,0.8660254037844386,0.5000000000000001,0.6744436188329455,0.7383263540031065,3446.0,5157.0,6343.0,3953.0,4158.0,2001.3952633100735,4596.966666666666,4932.0,2185.582593889472,2640.0,0,0,0,0,0,1,0,0,1,4158
367,0,2015-02-13,-0.9749279121818236,-0.2225209339563146,0.8660254037844386,0.5000000000000001,0.6870527672236669,0.7266075247685656,4158.0,6540.0,7828.0,3722.8571428571427,4158.0,1728.329870961311,4575.633333333333,4926.5,2178.8806915056366,2640.0,0,0,0,0,0,1,0,0,1,4929
367,0,2015-02-14,-0.7818314824680299,0.6234898018587334,0.8660254037844386,0.5000000000000001,0.6994583270516471,0.7146733860429609,4929.0,5062.0,6296.0,3713.4285714285716,4158.0,1719.9666525006478,4552.033333333334,4926.5,2170.0540194028413,2640.0,0,0,0,0,0,1,0,0,1,4996
367,0,2015-02-15,-2.4492935982947064e-16,1.0,0.8660254037844386,0.5000000000000001,0.7116566222817746,0.702527474169157,4996.0,0.0,0.0,3713.4285714285716,4158.0,1719.966652500648,4356.633333333333,4732.5,2307.592109467823,2640.0,0,0,0,0,0,1,0,0,1,0
367,0,2015-02-16,0.7818314824680298,0.6234898018587336,0.8660254037844386,0.5000000000000001,0.7236440382959124,0.6901733882429719,0.0,4111.0,7735.0,4189.571428571428,4354.0,2233.1527681093125,4440.1,4732.5,2373.7572044160784,2640.0,1,0,0,0,0,1,0,0,1,7444
367,0,2015-02-17,0.9749279121818236,-0.22252093395631434,0.8660254037844386,0.5000000000000001,0.7354170229639855,0.6776147890466889,7444.0,4354.0,5888.0,4362.428571428572,4929.0,2294.0026051382224,4625.566666666667,4926.5,2227.753634049999,2640.0,1,0,0,0,0,1,0,0,1,5564
367,0,2015-02-18,0.43388373911755823,-0.900968867902419,0.8660254037844386,0.5000000000000001,0.7469720876965552,0.6648553979642865,5564.0,3446.0,4924.0,4678.571428571428,4996.0,2299.1418585451142,4676.5,4962.5,2233.516351653472,2640.0,1,0,0,0,0,1,0,0,1,5659
367,0,2015-02-19,-0.433883739117558,-0.9009688679024191,0.8660254037844386,0.5000000000000001,0.7583058084785625,0.6518989958787126,5659.0,4158.0,5157.0,4827.0,5197.0,2293.464482684075,4727.033333333334,5029.0,2227.3577586587785,2640.0,1,0,0,0,0,1,0,0,1,5197
367,0,2015-02-20,-0.9749279121818236,-0.2225209339563146,0.8660254037844386,0.5000000000000001,0.7694148268839378,0.6387494220515272,5197.0,4929.0,6540.0,4931.285714285715,5564.0,2315.3677687922286,4793.733333333334,5109.5,2224.1993357290294,2640.0,1,0,0,0,0,1,0,0,1,5659
367,0,2015-02-21,-0.7818314824680299,0.6234898018587334,0.8660254037844386,0.5000000000000001,0.7802958510707755,0.6254105729852463,5659.0,4996.0,5062.0,4868.0,5564.0,2319.3549390581275,4794.133333333333,5109.5,2224.1533954376364,2640.0,0,0,0,0,0,1,0,0,1,4553
367,0,2015-02-22,-2.4492935982947064e-16,1.0,0.8660254037844386,0.5000000000000001,0.7909456567567772,0.6118864012687243,4553.0,0.0,0.0,4868.0,5564.0,2319.3549390581275,4665.933333333333,5109.5,2385.6654668121887,2640.0,0,0,0,0,0,1,0,0,1,0
367,0,2015-02-23,0.7818314824680298,0.6234898018587336,0.8660254037844386,0.5000000000000001,0.8013610881746766,0.5981809144059164,0.0,7444.0,4111.0,4306.428571428572,5197.0,2052.2002710215565,4633.333333333333,5109.5,2394.803013039769,2640.0,0,0,0,0,0,1,0,0,1,3513
367,0,2015-02-24,0.9749279121818236,-0.22252093395631434,0.8660254037844386,0.5000000000000001,0.8115390590073611,0.5842981736283683,3513.0,5564.0,4354.0,3990.5714285714284,4553.0,1995.7594926195266,4745.1,5109.5,2244.641778501213,2640.0,0,0,0,0,0,1,0,0,1,3353
367,0,2015-02-25,0.43388373911755823,-0.900968867902419,0.8660254037844386,0.5000000000000001,0.8214765533024142,0.5702422926917871,3353.0,5659.0,3446.0,3708.0,3681.0,1855.2443684503303,4616.566666666667,5029.0,2188.9697101499632,2640.0,0,0,0,0,0,1,0,0,1,3681
367,0,2015-02-26,-0.433883739117558,-0.9009688679024191,0.8660254037844386,0.5000000000000001,0.8311706263658079,0.5560174366570446,3681.0,5197.0,4158.0,3554.4285714285716,3681.0,1753.1293788672922,4534.033333333334,4962.5,2158.145987253606,2640.0,0,0,0,0,0,1,0,0,1,4122
367,0,2015-02-27,-0.9749279121818236,-0.2225209339563146,0.8660254037844386,0.5000000000000001,0.8406184056344782,0.5416278206559814,4122.0,5659.0,4929.0,3442.8571428571427,3681.0,1616.387889562344,4513.0,4926.5,2151.3805511489736,2640.0,0,0,0,0,0,1,0,0,1,4878
367,0,2015-02-28,-0.7818314824680299,0.6234898018587334,0.8660254037844386,0.5000000000000001,0.8498170915275278,0.5270777086423722,4878.0,4553.0,4996.0,3624.8571428571427,3681.0,1820.9938155277941,4495.8,4926.5,2138.2681584032844,2640.0,0,0,0,0,0,1,0,0,1,5827
367,0,2015-03-01,-2.4492935982947064e-16,1.0,1.0,6.123233995736766e-17,0.8587639582758029,0.5123714121284237,5827.0,0.0,0.0,3624.8571428571427,3681.0,1820.9938155277941,4234.866666666667,4901.0,2194.5041500001353,2640.0,0,0,0,0,0,1,0,0,1,0
367,0,2015-03-02,0.7818314824680298,0.6234898018587336,1.0,6.123233995736766e-17,0.8674563547295968,0.49751328890718066,0.0,3513.0,7444.0,4289.142857142857,4122.0,2496.3109734547243,4297.1,4901.0,2279.7865651763586,2640.0,1,0,0,0,0,1,0,0,1,8163
367,0,2015-03-03,0.9749279121818236,-0.22252093395631434,1.0,6.123233995736766e-17,0.8758917051442429,0.48250774176121847,8163.0,3353.0,5564.0,4737.571428571428,4878.0,2580.6333109750954,4513.5,4926.5,2162.9563540800273,2640.0,1,0,0,0,0,1,0,0,1,6492
367,0,2015-03-04,0.43388373911755823,-0.900968867902419,1.0,6.123233995736766e-17,0.8840675099433636,0.46735921715800227,6492.0,3681.0,5659.0,5071.428571428572,5827.0,2572.3186594421545,4456.266666666666,4926.5,2096.468408659129,2640.0,1,0,0,0,0,1,0,0,1,6018
367,0,2015-03-05,-0.433883739117558,-0.9009688679024191,1.0,6.123233995736766e-17,0.8919813464595485,0.45207220393230435,6018.0,4122.0,5197.0,5304.285714285715,5827.0,2545.6873802757545,4451.733333333334,4926.5,2093.410530826361,2640.0,1,0,0,0,0,1,0,0,1,5752
367,0,2015-03-06,-0.9749279121818236,-0.2225209339563146,1.0,6.123233995736766e-17,0.8996308696522433,0.43665123195606403,5752.0,4878.0,5659.0,5490.714285714285,6018.0,2557.0254668452626,4493.7,4962.5,2115.7054281304577,2640.0,1,0,0,0,0,1,0,0,1,6183
367,0,2015-03-07,-0.7818314824680299,0.6234898018587334,1.0,6.123233995736766e-17,0.9070138128026359,0.4211008707960896,6183.0,5827.0,4553.0,5314.285714285715,6018.0,2572.514510116882,4474.866666666667,4903.5,2112.1090086375298,2640.0,0,0,0,0,0,1,0,0,1,4592
367,0,2015-03-08,-2.4492935982947064e-16,1.0,1.0,6.123233995736766e-17,0.9141279881853337,0.40542572835999735,4592.0,0.0,0.0,5314.285714285715,6018.0,2572.514510116882,4256.866666666667,4735.0,2226.0453992540743,2640.0,0,0,0,0,0,1,0,0,1,0
367,0,2015-03-09,0.7818314824680298,0.6234898018587336,1.0,6.123233995736766e-17,0.9209712877166346,0.38963044953078796,0.0,8163.0,3513.0,4678.571428571428,5752.0,2284.987225138823,4211.9,4572.5,2222.843446951488,2640.0,0,0,0,0,0,1,0,0,1,3713
367,0,2015-03-10,0.9749279121818236,-0.22252093395631434,1.0,6.123233995736766e-17,0.9275416835791966,0.37371971479046906,3713.0,6492.0,3353.0,4321.571428571428,4592.0,2145.395911958354,4345.0,4572.5,2076.6875480952326,2640.0,0,0,0,0,0,1,0,0,1,3993
367,0,2015-03-11,0.43388373911755823,-0.900968867902419,1.0,6.123233995736766e-17,0.9338372288229252,0.35769823883312546,3993.0,6018.0,3681.0,4008.4285714285716,3993.0,2012.3640208423903,4335.5,4572.5,2078.4460499995225,2640.0,0,0,0,0,0,1,0,0,1,3826
367,0,2015-03-12,-0.433883739117558,-0.9009688679024191,1.0,6.123233995736766e-17,0.9398560579418954,0.3415707691678556,3826.0,5752.0,4122.0,3746.285714285714,3917.0,1861.2244817400647,4320.933333333333,4572.5,2079.8427979940725,2640.0,0,0,0,0,0,1,0,0,1,3917
367,0,2015-03-13,-0.9749279121818236,-0.2225209339563146,1.0,6.123233995736766e-17,0.9455963874271426,0.3253420847119801,3917.0,6183.0,4878.0,3577.4285714285716,3917.0,1644.2871664384804,4372.766666666666,4735.0,2076.6602611476633,2640.0,0,0,0,0,0,1,0,0,1,5001
367,0,2015-03-14,-0.7818314824680299,0.6234898018587334,1.0,6.123233995736766e-17,0.9510565162951535,0.30901699437494745,5001.0,4592.0,5827.0,3623.8571428571427,3917.0,1681.868447944273,4398.066666666667,4897.5,2078.5761030310987,2640.0,0,0,0,0,0,1,0,0,1,4917
367,0,2015-03-15,-2.4492935982947064e-16,1.0,1.0,6.123233995736766e-17,0.9562348265919056,0.29260033563334836,4917.0,0.0,0.0,3623.8571428571427,3917.0,1681.868447944273,4233.766666666666,4735.0,2224.8219251999867,2640.0,0,0,0,0,0,1,0,0,1,0
367,0,2015-03-16,0.7818314824680298,0.6234898018587336,1.0,6.123233995736766e-17,0.9611297838723007,0.27609697309746883,0.0,3713.0,8163.0,4235.571428571428,3993.0,2361.20279075043,4333.733333333334,4735.0,2325.3566420322873,2640.0,1,0,0,0,0,1,0,0,1,7995
367,0,2015-03-17,0.9749279121818236,-0.22252093395631434,1.0,6.123233995736766e-17,0.9657399376548549,0.2595117970697999,7995.0,3993.0,6492.0,4513.428571428572,4917.0,2440.992343094836,4531.666666666667,4897.5,2192.686280897651,2640.0,1,0,0,0,0,1,0,0,1,5938
367,0,2015-03-18,0.43388373911755823,-0.900968867902419,1.0,6.123233995736766e-17,0.970063921851507,0.2428497220959356,5938.0,3826.0,6018.0,4690.0,5001.0,2427.6460477864835,4452.266666666666,4897.5,2125.6946764460927,2640.0,1,0,0,0,0,1,0,0,1,5062
367,0,2015-03-19,-0.433883739117558,-0.9009688679024191,1.0,6.123233995736766e-17,0.9741004551724205,0.22611568550828828,5062.0,3917.0,5752.0,5006.0,5062.0,2454.0779667049424,4471.1,4897.5,2138.349352929125,2640.0,1,0,0,0,0,1,0,0,1,6129
367,0,2015-03-20,-0.9749279121818236,-0.2225209339563146,1.0,6.123233995736766e-17,0.9778483415056568,0.20931464596304847,6129.0,5001.0,6183.0,5122.571428571428,5817.0,2473.1075496995577,4476.366666666667,4897.5,2141.5681409422496,2640.0,1,0,0,0,0,1,0,0,1,5817
367,0,2015-03-21,-0.7818314824680299,0.6234898018587334,1.0,6.123233995736766e-17,0.9813064702716093,0.19245158197082998,5817.0,4917.0,4592.0,5040.285714285715,5817.0,2490.607804953489,4447.833333333333,4735.0,2137.333951337559,2640.0,0,0,0,0,0,1,0,0,1,4341
367,0,2015-03-22,-2.4492935982947064e-16,1.0,1.0,6.123233995736766e-17,0.9844738167520922,0.1755314904214282,4341.0,0.0,0.0,5040.285714285715,5817.0,2490.607804953489,4259.2,4572.5,2272.219914077648,2640.0,0,0,0,0,0,1,0,0,1,0
367,0,2015-03-23,0.7818314824680298,0.6234898018587336,1.0,6.123233995736766e-17,0.9873494423939864,0.15855938510313478,0.0,7995.0,3713.0,4437.285714285715,5062.0,2142.6869202231196,4233.233333333334,4466.5,2273.1975760017494,2640.0,0,0,0,0,0,1,0,0,1,3774
367,0,2015-03-24,0.9749279121818236,-0.22252093395631434,1.0,6.123233995736766e-17,0.989932495087353,0.141540295217043,3774.0,5938.0,3993.0,4106.428571428572,4341.0,2049.102474836471,4353.966666666666,4466.5,2132.43777421981,2640.0,0,0,0,0,0,1,0,0,1,3622
367,0,2015-03-25,0.43388373911755823,-0.900968867902419,1.0,6.123233995736766e-17,0.9922222094179323,0.12447926388678915,3622.0,5062.0,3826.0,3937.5714285714284,3880.0,2005.471254438954,4366.2,4466.5,2128.496027229328,2640.0,0,0,0,0,0,1,0,0,1,3880
367,0,2015-03-26,-0.433883739117558,-0.9009688679024191,1.0,6.123233995736766e-17,0.994217906893952,0.10738134666416309,3880.0,6129.0,3917.0,3600.5714285714284,3774.0,1758.8930095510693,4380.1,4466.5,2123.005747389364,2640.0,0,0,0,0,0,1,0,0,1,3770
367,0,2015-03-27,-0.9749279121818236,-0.2225209339563146,1.0,6.123233995736766e-17,0.995918996147179,0.09025161003104117,3770.0,5817.0,5001.0,3396.5714285714284,3774.0,1526.4326447791984,4403.7,4490.5,2118.8975524859693,2640.0,0,0,0,0,0,1,0,0,1,4389
367,0,2015-03-28,-0.7818314824680299,0.6234898018587334,1.0,6.123233995736766e-17,0.9973249731081555,0.07309512989807777,4389.0,4341.0,4917.0,3504.4285714285716,3774.0,1627.6086606985575,4436.166666666667,4735.0,2121.892292812914,2640.0,0,0,0,0,0,1,0,0,1,5096
367,0,2015-03-29,-2.4492935982947064e-16,1.0,1.0,6.123233995736766e-17,0.9984354211555643,0.055916990100603484,5096.0,0.0,0.0,3504.4285714285716,3774.0,1627.6086606985575,4273.566666666667,4490.5,2268.68924154734,2640.0,0,0,0,0,0,1,0,0,1,0
367,0,2015-03-30,0.7818314824680298,0.6234898018587336,1.0,6.123233995736766e-17,0.9992500112396835,0.03872228089217446,0.0,3774.0,7995.0,4183.428571428572,3880.0,2510.67480020431,4363.566666666667,4490.5,2383.1094970044164,2640.0,1,0,0,0,0,1,0,0,1,8527
367,0,2015-03-31,0.9749279121818236,-0.22252093395631434,1.0,6.123233995736766e-17,0.9997685019798909,0.021516097436222254,8527.0,3622.0,5938.0,4777.0,4389.0,2827.047694444978,4622.8,4754.5,2314.063978491458,2640.0,1,0,0,0,0,1,0,0,1,7777
367,0,2015-04-01,0.43388373911755823,-0.900968867902419,0.8660254037844387,-0.49999999999999983,0.9999907397361901,0.004303538296244289,7777.0,3880.0,5062.0,5410.0,5096.0,3077.6862521489525,4627.733333333334,4754.5,2322.0156513377474,2640.0,1,0,0,0,0,1,0,0,1,8311
367,0,2015-04-02,-0.433883739117558,-0.9009688679024191,0.8660254037844387,-0.49999999999999983,0.9999166586547379,-0.01291029607500882,8311.0,3770.0,6129.0,6121.142857142857,7777.0,3207.9456265431218,4702.933333333333,4754.5,2418.9795502169513,2640.0,1,0,0,0,0,1,0,0,1,8748
367,0,2015-04-03,-0.9749279121818236,-0.2225209339563146,0.8660254037844387,-0.49999999999999983,0.9995462806873573,-0.030120304846908114,8748.0,4389.0,5817.0,5494.142857142857,7777.0,3946.763628956913,4502.333333333333,4490.5,2552.03347363915,2640.0,1,0,0,0,0,1,0,0,1,0
367,0,2015-04-04,-0.7818314824680299,0.6234898018587334,0.8660254037844387,-0.49999999999999983,0.9988797155850336,-0.04732138832243185,0.0,5096.0,4341.0,5776.714285714285,7777.0,3984.138623520594,4546.4,4490.5,2585.5494793843764,2640.0,0,0,0,0,0,1,0,0,1,7074
367,0,2015-04-05,-2.4492935982947064e-16,1.0,0.8660254037844387,-0.49999999999999983,0.9979171608653922,-0.06450844944931623,7074.0,0.0,0.0,5776.714285714285,7777.0,3984.138623520594,4340.3,4365.0,2694.7195766075038,2640.0,0,0,0,0,0,1,0,0,1,0
367,0,2015-04-06,0.7818314824680298,0.6234898018587336,0.8660254037844387,-0.49999999999999983,0.9966589017541702,-0.08167639533042241,0.0,8527.0,3774.0,4558.571428571428,7074.0,4294.558877507788,4187.233333333334,4167.0,2807.9681165708,2640.0,0,0,0,0,0,1,0,0,1,0
367,0,2015-04-07,0.9749279121818236,-0.22252093395631434,0.8660254037844387,-0.49999999999999983,0.9951053111006976,-0.09882013873287143,0.0,7777.0,3622.0,4240.714285714285,5552.0,4094.321299649296,4372.3,4365.0,2703.497340929669,2640.0,0,0,0,0,0,1,0,0,1,5552
367,0,2015-04-08,0.43388373911755823,-0.900968867902419,0.8660254037844387,-0.49999999999999983,0.9932568492674143,-0.11593459959550041,5552.0,8311.0,3880.0,3663.5714285714284,4271.0,3689.6891403451523,4390.9,4365.0,2700.7230494175387,2640.0,0,0,0,0,0,1,0,0,1,4271
367,0,2015-04-09,-0.433883739117558,-0.9009688679024191,0.8660254037844387,-0.49999999999999983,0.9911140639934547,-0.1330147065341959,4271.0,8748.0,3770.0,3032.5714285714284,4271.0,2985.7929073722244,4402.166666666667,4365.0,2699.7107135361016,2640.0,0,0,0,0,0,1,0,0,1,4331
367,0,2015-04-10,-0.9749279121818236,-0.2225209339563146,0.8660254037844387,-0.49999999999999983,0.9886775902323405,-0.1500553983446526,4331.0,0.0,4389.0,3676.0,4331.0,2694.4500366494076,4424.766666666666,4446.5,2697.558151024907,2640.0,0,0,0,0,0,1,0,0,1,4504
367,0,2015-04-11,-0.7818314824680299,0.6234898018587334,0.8660254037844387,-0.49999999999999983,0.9859481499638304,-0.16705162550211924,4504.0,7074.0,5096.0,3393.4285714285716,4331.0,2361.900213609291,4464.066666666667,4710.5,2698.4936530224218,2640.0,0,0,0,0,0,1,0,0,1,5096
367,0,2015-04-12,-2.4492935982947064e-16,1.0,0.8660254037844387,-0.49999999999999983,0.9829265519799822,-0.18399835165768005,5096.0,0.0,0.0,3393.4285714285716,4331.0,2361.900213609291,4297.366666666667,4446.5,2816.0873992527086,2640.0,0,0,0,0,0,1,0,0,1,0
367,0,2015-04-13,0.7818314824680298,0.6234898018587336,0.8660254037844387,-0.49999999999999983,0.9796136916454901,-0.20089055513063506,0.0,0.0,8527.0,4649.571428571428,4504.0,2584.1241493100933,4426.566666666667,4446.5,2932.023506084131,2640.0,1,0,0,0,0,1,0,0,1,8793
367,0,2015-04-14,0.9749279121818236,-0.22252093395631434,0.8660254037844387,-0.49999999999999983,0.9760105506323683,-0.21772323039653177,8793.0,5552.0,7777.0,4830.142857142857,4504.0,2699.2893773838214,4653.766666666666,4783.0,2839.8178509257896,2640.0,1,0,0,0,0,1,0,0,1,6816
367,0,2015-04-15,0.43388373911755823,-0.900968867902419,0.8660254037844387,-0.49999999999999983,0.9721181966290613,-0.23449138957040985,6816.0,4271.0,8311.0,4991.142857142857,5096.0,2693.9856735929025,4567.2,4783.0,2773.2566863303246,2640.0,1,0,0,0,0,1,0,0,1,5398
367,0,2015-04-16,-0.433883739117558,-0.9009688679024191,0.8660254037844387,-0.49999999999999983,0.9679377830240642,-0.25119006388481935,5398.0,4331.0,8748.0,5312.428571428572,5398.0,2735.917265875246,4588.6,4783.0,2786.644003097631,2640.0,1,0,0,0,0,1,0,0,1,6580
367,0,2015-04-17,-0.9749279121818236,-0.2225209339563146,0.8660254037844387,-0.49999999999999983,0.9634705485641488,-0.2678143051621742,6580.0,4504.0,0.0,5588.285714285715,6435.0,2738.168165902507,4634.366666666667,4800.0,2805.895314528313,2640.0,1,0,0,0,0,1,0,0,1,6435
367,0,2015-04-18,-0.7818314824680299,0.6234898018587334,0.8660254037844387,-0.49999999999999983,0.9587178169872964,-0.2843591872810034,6435.0,5096.0,7074.0,5583.0,6435.0,2739.3123224634305,4598.7,4781.5,2793.0123911721853,2640.0,0,0,0,0,0,1,0,0,1,5059
367,0,2015-04-19,-2.4492935982947064e-16,1.0,0.8660254037844387,-0.49999999999999983,0.9536809966304457,-0.30081980763566735,5059.0,0.0,0.0,5583.0,6435.0,2739.3123224634305,4404.8,4446.5,2905.1826389260345,2640.0,0,0,0,0,0,1,0,0,1,0
367,0,2015-04-20,0.7818314824680298,0.6234898018587336,0.8660254037844387,-0.49999999999999983,0.9483615800121715,-0.3171912885891061,0.0,8793.0,0.0,4971.142857142857,5398.0,2354.0616268180274,4410.433333333333,4507.0,2905.2185113775126,2640.0,0,0,0,0,0,1,0,0,1,4510
367,0,2015-04-21,0.9749279121818236,-0.22252093395631434,0.8660254037844387,-0.49999999999999983,0.9427611433904207,-0.3334687789181868,4510.0,6816.0,5552.0,4529.142857142857,5059.0,2237.519044877712,4534.5,4507.0,2787.4644608836984,2640.0,0,0,0,0,0,1,0,0,1,3722
367,0,2015-04-22,0.43388373911755823,-0.900968867902419,0.8660254037844387,-0.49999999999999983,0.9368813462954315,-0.3496474552512284,3722.0,5398.0,4271.0,4310.142857142857,4510.0,2213.195083175107,4537.533333333334,4507.0,2786.657740182589,2640.0,0,0,0,0,0,1,0,0,1,3865
367,0,2015-04-23,-0.433883739117558,-0.9009688679024191,0.8660254037844387,-0.49999999999999983,0.9307239310379795,-0.36572252349726897,3865.0,6580.0,4331.0,3918.1428571428573,3865.0,1974.2638652226308,4544.666666666667,4507.0,2784.506398817834,2640.0,0,0,0,0,0,1,0,0,1,3836
367,0,2015-04-24,-0.9749279121818236,-0.2225209339563146,0.8660254037844387,-0.49999999999999983,0.9242907221930934,-0.3816892202666588,3836.0,6435.0,4504.0,3588.8571428571427,3865.0,1650.1321592094175,4553.0,4507.0,2782.8222092465508,2640.0,0,0,0,0,0,1,0,0,1,4130
367,0,2015-04-25,-0.7818314824680299,0.6234898018587334,0.8660254037844387,-0.49999999999999983,0.9175836260593937,-0.39754281428255595,4130.0,5059.0,5096.0,3461.714285714286,3865.0,1549.1774929819685,4566.3,4507.0,2779.9029026704966,2640.0,0,0,0,0,0,1,0,0,1,4169
367,0,2015-04-26,-2.4492935982947064e-16,1.0,0.8660254037844387,-0.49999999999999983,0.9106046300942163,-0.4132786077829042,4169.0,0.0,0.0,3461.714285714286,3865.0,1549.1774929819685,4420.0,4507.0,2902.3503792853694,2640.0,0,0,0,0,0,1,0,0,1,0
367,0,2015-04-27,0.7818314824680298,0.6234898018587336,0.8660254037844387,-0.49999999999999983,0.9033558023246845,-0.4288919379124835,0.0,4510.0,8793.0,3997.0,3865.0,2390.601458489751,4525.366666666667,4507.0,2983.9687929787833,2640.0,1,0,0,0,0,1,0,0,1,8257
367,0,2015-04-28,0.9749279121818236,-0.22252093395631434,0.8660254037844387,-0.49999999999999983,0.895839290734909,-0.4443781781046132,8257.0,3722.0,6816.0,4383.428571428572,4130.0,2551.9220767324146,4739.6,4784.5,2876.650418035913,2640.0,1,0,0,0,0,1,0,0,1,6427
367,0,2015-04-29,0.43388373911755823,-0.900968867902419,0.8660254037844387,-0.49999999999999983,0.8880573226294932,-0.45973273945210397,6427.0,3865.0,5398.0,4726.0,4169.0,2630.474355194007,4664.133333333333,4784.5,2802.609027481273,2640.0,1,0,0,0,0,1,0,0,1,6263
367,0,2015-04-30,-0.433883739117558,-0.9009688679024191,0.8660254037844387,-0.49999999999999983,0.8800122039735357,-0.47495107206704995,6263.0,3836.0,6580.0,5414.571428571428,6263.0,2967.890881706111,4693.433333333333,4784.5,2840.611938483935,2640.0,1,0,0,0,0,1,0,0,1,8656
367,0,2015-05-01,-0.9749279121818236,-0.2225209339563146,0.49999999999999994,-0.8660254037844387,0.8717063187093218,-0.49002866642905923,8656.0,4130.0,6435.0,4824.571428571428,6263.0,3607.423312058199,4416.4,4507.0,2880.6268067904934,2640.0,1,0,0,0,0,1,0,0,1,0
367,0,2015-05-02,-0.7818314824680299,0.6234898018587334,0.49999999999999994,-0.8660254037844387,0.8631421280499114,-0.5049610547215204,0.0,4169.0,5059.0,5161.0,6427.0,3645.7055101402057,4342.266666666666,4507.0,2792.5804397803254,2640.0,0,0,0,0,0,1,0,0,1,6524
367,0,2015-05-03,-2.4492935982947064e-16,1.0,0.49999999999999994,-0.8660254037844387,0.854322169749827,-0.5197438121555155,6524.0,0.0,0.0,5161.0,6427.0,3645.7055101402057,4342.266666666666,4507.0,2792.5804397803254,2640.0,0,0,0,0,0,1,0,0,1,0
367,0,2015-05-04,0.7818314824680298,0.6234898018587336,0.49999999999999994,-0.8660254037844387,0.8452490573530633,-0.5343725582809787,0.0,8257.0,4510.0,5054.0,6427.0,3549.414552664518,4356.733333333334,4507.0,2808.299779328181,2640.0,1,0,0,0,0,1,0,0,1,7508
367,0,2015-05-05,0.9749279121818236,-0.22252093395631434,0.49999999999999994,-0.8660254037844387,0.835925479418637,-0.548842958284719,7508.0,6427.0,3722.0,4939.0,6263.0,3510.3414363847846,4544.133333333333,4784.5,2692.749482353053,2640.0,1,0,0,0,0,1,0,0,1,5622
367,0,2015-05-06,0.43388373911755823,-0.900968867902419,0.49999999999999994,-0.8660254037844387,0.8263541987239096,-0.5631507242749186,5622.0,6263.0,3865.0,4896.0,5962.0,3493.221817558493,4742.866666666667,5077.5,2562.6793862638365,2640.0,1,0,0,0,0,1,0,0,1,5962
367,0,2015-05-07,-0.433883739117558,-0.9009688679024191,0.49999999999999994,-0.8660254037844387,0.8165380514459161,-0.5772916165517272,5962.0,8656.0,3836.0,4475.714285714285,5714.0,3122.782824890096,4748.266666666666,5077.5,2564.613111016043,2640.0,1,0,0,0,0,1,0,0,1,5714
367,0,2015-05-08,-0.9749279121818236,-0.2225209339563146,0.49999999999999994,-0.8660254037844387,0.8064799463209448,-0.5912614448635781,5714.0,0.0,4130.0,5303.714285714285,5796.0,2429.7696539854487,4799.1,5247.0,2569.9350099121957,2640.0,1,0,0,0,0,1,0,0,1,5796
367,0,2015-05-09,-0.7818314824680299,0.6234898018587334,0.49999999999999994,-0.8660254037844387,0.7961828637826158,-0.6050560696488488,5796.0,6524.0,4169.0,5217.714285714285,5796.0,2389.7033089406523,4852.133333333333,5510.0,2576.350154683989,2640.0,0,0,0,0,0,1,0,0,1,5922
367,0,2015-05-10,-2.4492935982947064e-16,1.0,0.49999999999999994,-0.8660254037844387,0.7856498550787145,-0.6186714032625031,5922.0,0.0,0.0,5217.714285714285,5796.0,2389.7033089406523,4702.0,5510.0,2724.3197442601163,2640.0,0,0,0,0,0,1,0,0,1,0
367,0,2015-05-11,0.7818314824680298,0.6234898018587336,0.49999999999999994,-0.8660254037844387,0.7748840413670407,-0.6321034111873487,0.0,7508.0,8257.0,4802.0,5714.0,2167.679250565759,4685.4,5510.0,2723.353265167143,2640.0,0,0,0,0,0,1,0,0,1,4598
367,0,2015-05-12,0.9749279121818236,-0.22252093395631434,0.49999999999999994,-0.8660254037844387,0.7638886127905428,-0.6453481132295501,4598.0,5622.0,6427.0,4565.0,5714.0,2153.730794071843,4817.5,5510.0,2580.619502608117,2640.0,0,0,0,0,0,1,0,0,1,3963
367,0,2015-05-13,0.43388373911755823,-0.900968867902419,0.49999999999999994,-0.8660254037844387,0.7526668275320084,-0.6584015846980488,3963.0,5962.0,6263.0,4537.571428571428,5714.0,2134.1074525542563,4716.733333333334,5510.0,2476.9722331261905,2640.0,0,0,0,0,0,1,0,0,1,5770
367,0,2015-05-14,-0.433883739117558,-0.9009688679024191,0.49999999999999994,-0.8660254037844387,0.741222010848596,-0.6712599575675313,5770.0,5714.0,8656.0,3721.285714285714,4598.0,2641.584165753933,4489.533333333334,5228.5,2587.8922955434846,2640.0,0,0,0,0,0,1,0,0,1,0
367,0,2015-05-15,-0.9749279121818236,-0.2225209339563146,0.49999999999999994,-0.8660254037844387,0.7295575540864875,-0.6839194216246106,0.0,5796.0,0.0,3744.714285714286,4598.0,2663.6867129529146,4508.266666666666,5340.5,2596.7143819852786,2640.0,0,0,0,0,0,1,0,0,1,5960
367,0,2015-05-16,-0.7818314824680299,0.6234898018587334,0.49999999999999994,-0.8660254037844387,0.717676913675962,-0.6963762255968722,5960.0,5922.0,6524.0,3689.285714285714,4598.0,2614.4096028412555,4473.4,5296.5,2574.8680662551787,2640.0,0,0,0,0,0,1,0,0,1,5534
367,0,2015-05-17,-2.4492935982947064e-16,1.0,0.49999999999999994,-0.8660254037844387,0.705583610107178,-0.7086266782644596,5534.0,0.0,0.0,3689.285714285714,4598.0,2614.4096028412555,4258.9,4828.5,2672.0232983446367,2640.0,0,0,0,0,0,1,0,0,1,0
367,0,2015-05-18,0.7818314824680298,0.6234898018587336,0.49999999999999994,-0.8660254037844387,0.6932812268869777,-0.7206671495538609,0.0,4598.0,7508.0,4034.1428571428573,5534.0,2898.0743278121436,4324.0,5066.0,2715.6240535096163,2640.0,1,0,0,0,0,1,0,0,1,7012
367,0,2015-05-19,0.9749279121818236,-0.22252093395631434,0.49999999999999994,-0.8660254037844387,0.6807734094770161,-0.7324940716135789,7012.0,3963.0,5622.0,4333.0,5770.0,2995.735914039598,4525.833333333333,5578.0,2605.9685482968966,2640.0,1,0,0,0,0,1,0,0,1,6055
367,0,2015-05-20,0.43388373911755823,-0.900968867902419,0.49999999999999994,-0.8660254037844387,0.6680638642135335,-0.7441039398713607,6055.0,5770.0,5962.0,4342.0,5833.0,3000.862820367946,4569.933333333333,5668.0,2616.862953908787,2640.0,1,0,0,0,0,1,0,0,1,5833
367,0,2015-05-21,-0.433883739117558,-0.9009688679024191,0.49999999999999994,-0.8660254037844387,0.6551563572090853,-0.7554933140726803,5833.0,0.0,5714.0,5034.571428571428,5833.0,2312.1617487496305,4607.466666666666,5668.0,2612.3529324496244,2640.0,1,0,0,0,0,1,0,0,1,4848
367,0,2015-05-22,-0.9749279121818236,-0.2225209339563146,0.49999999999999994,-0.8660254037844387,0.6420547132365637,-0.766658819300159,4848.0,5960.0,5796.0,5002.0,5732.0,2298.5181458206202,4669.7,5723.0,2616.2909802052673,2640.0,1,0,0,0,0,1,0,0,1,5732
367,0,2015-05-23,-0.7818314824680299,0.6234898018587334,0.49999999999999994,-0.8660254037844387,0.6287628145958344,-0.777597146973627,5732.0,5534.0,5922.0,4952.0,5732.0,2288.8029622490435,4714.633333333333,5723.0,2613.052482196374,2640.0,0,0,0,0,0,1,0,0,1,5184
367,0,2015-05-24,-2.4492935982947064e-16,1.0,0.49999999999999994,-0.8660254037844387,0.6152845999633276,-0.7883050558305255,5184.0,0.0,0.0,4952.0,5732.0,2288.8029622490435,4576.966666666666,5723.0,2750.113872041555,2640.0,0,0,0,0,0,1,0,0,1,0
367,0,2015-05-25,0.7818314824680298,0.6234898018587336,0.49999999999999994,-0.8660254037844387,0.6016240632249226,-0.7987793728863649,0.0,7012.0,4598.0,3950.285714285714,5184.0,2729.0534814770313,4438.0,5723.0,2873.982566596994,2640.0,0,0,0,0,0,1,0,0,1,0
367,0,2015-05-26,0.9749279121818236,-0.22252093395631434,0.49999999999999994,-0.8660254037844387,0.5877852522924732,-0.8090169943749473,0.0,6055.0,3963.0,3802.285714285714,5019.0,2621.8758370223986,4605.3,5723.0,2750.144424420726,2640.0,0,0,0,0,0,1,0,0,1,5019
367,0,2015-05-27,0.43388373911755823,-0.900968867902419,0.49999999999999994,-0.8660254037844387,0.5737722679043246,-0.8190148866680801,5019.0,5833.0,5770.0,3585.0,4848.0,2484.985378897295,4473.8,5668.0,2662.4326496257327,2640.0,0,0,0,0,0,1,0,0,1,4312
367,0,2015-05-28,-0.433883739117558,-0.9009688679024191,0.49999999999999994,-0.8660254037844387,0.5595892624101765,-0.8287700871745037,4312.0,4848.0,0.0,3558.0,4659.0,2469.9567472596223,4414.866666666667,5578.0,2637.154915922595,2640.0,0,0,0,0,0,1,0,0,1,4659
367,0,2015-05-29,-0.9749279121818236,-0.2225209339563146,0.49999999999999994,-0.8660254037844387,0.545240438540651,-0.8382797052177743,4659.0,5732.0,5960.0,3631.8571428571427,4659.0,2552.160485325549,4414.4,5578.0,2636.817813067551,2640.0,0,0,0,0,0,1,0,0,1,6249
367,0,2015-05-30,-0.7818314824680299,0.6234898018587334,0.49999999999999994,-0.8660254037844387,0.5307300481619334,-0.8475409228928311,6249.0,5184.0,5534.0,3720.8571428571427,4659.0,2625.128278044803,4319.433333333333,5578.0,2527.838393505044,2640.0,0,0,0,0,0,1,0,0,1,5807
367,0,2015-05-31,-2.4492935982947064e-16,1.0,0.49999999999999994,-0.8660254037844387,0.5160623910158528,-0.8565509959010036,5807.0,0.0,0.0,3720.8571428571427,4659.0,2625.128278044803,4319.433333333333,5578.0,2527.838393505044,2640.0,0,0,0,0,0,1,0,0,1,0
367,0,2015-06-01,0.7818314824680298,0.6234898018587336,1.2246467991473532e-16,-1.0,0.5012418134457758,-0.865307254363206,0.0,0.0,7012.0,5131.428571428572,5019.0,2927.917283505054,4431.1,5578.0,2696.9206878497043,2640.0,1,0,0,0,0,1,0,0,1,9874
367,0,2015-06-02,0.9749279121818236,-0.22252093395631434,1.2246467991473532e-16,-1.0,0.48627270710869,-0.8738071036110808,9874.0,5019.0,6055.0,5389.285714285715,5807.0,2995.0771673022437,4658.566666666667,5668.0,2596.198450033051,2640.0,1,0,0,0,0,1,0,0,1,6824
367,0,2015-06-03,0.43388373911755823,-0.900968867902419,1.2246467991473532e-16,-1.0,0.4711595076738638,-0.8820480249558537,6824.0,4312.0,5833.0,5711.857142857143,6249.0,2981.2776583522823,4627.3,5668.0,2566.1733506365536,2640.0,1,0,0,0,0,1,0,0,1,6570
367,0,2015-06-04,-0.433883739117558,-0.9009688679024191,1.2246467991473532e-16,-1.0,0.4559066935084588,-0.8900275764346767,6570.0,4659.0,4848.0,5902.571428571428,6249.0,2945.182272635704,4639.7,5723.0,2572.037648541956,2640.0,1,0,0,0,0,1,0,0,1,5994
367,0,2015-06-05,-0.9749279121818236,-0.2225209339563146,1.2246467991473532e-16,-1.0,0.440518784350495,-0.8977433935342337,5994.0,6249.0,5732.0,5893.142857142857,6183.0,2943.9937969008133,4647.066666666667,5723.0,2576.268498179613,2640.0,1,0,0,0,0,1,0,0,1,6183
367,0,2015-06-06,-0.7818314824680299,0.6234898018587334,1.2246467991473532e-16,-1.0,0.42500033996955416,-0.9051931898913974,6183.0,5807.0,5184.0,5747.571428571428,6183.0,2974.00346654936,4616.2,5633.0,2568.5804129773765,2640.0,0,0,0,0,0,1,0,0,1,4788
367,0,2015-06-07,-2.4492935982947064e-16,1.0,1.2246467991473532e-16,-1.0,0.4093559588156213,-0.9123747579707273,4788.0,0.0,0.0,5747.571428571428,6183.0,2974.00346654936,4423.0,5359.0,2691.801998661863,2640.0,0,0,0,0,0,1,0,0,1,0
367,0,2015-06-08,0.7818314824680298,0.6234898018587336,1.2246467991473532e-16,-1.0,0.39359027665646673,-0.9192859697186104,0.0,9874.0,0.0,5012.0,5994.0,2355.8070803866763,4383.1,5101.5,2677.650698936895,2640.0,0,0,0,0,0,1,0,0,1,4725
367,0,2015-06-09,0.9749279121818236,-0.22252093395631434,1.2246467991473532e-16,-1.0,0.3777079652039649,-0.9259247771938498,4725.0,6824.0,5019.0,4601.714285714285,4788.0,2234.609489693573,4514.833333333333,5101.5,2548.686315885422,2640.0,0,0,0,0,0,1,0,0,1,3952
367,0,2015-06-10,0.43388373911755823,-0.900968867902419,1.2246467991473532e-16,-1.0,0.36171373072976765,-0.9322892131745133,3952.0,6570.0,4312.0,4282.285714285715,4725.0,2059.294273473781,4506.033333333334,5101.5,2548.8450188046063,2640.0,0,0,0,0,0,1,0,0,1,4334
367,0,2015-06-11,-0.433883739117558,-0.9009688679024191,1.2246467991473532e-16,-1.0,0.3456123126707335,-0.9383773917408641,4334.0,5994.0,4659.0,3995.5714285714284,4334.0,1915.9831990515004,4506.833333333333,5101.5,2548.6724615163776,2640.0,0,0,0,0,0,1,0,0,1,3987
367,0,2015-06-12,-0.9749279121818236,-0.2225209339563146,1.2246467991473532e-16,-1.0,0.3294084822245304,-0.9441875088341993,3987.0,6183.0,6249.0,3661.8571428571427,3987.0,1657.4892084687858,4442.733333333334,4933.5,2539.97511436809,2640.0,0,0,0,0,0,1,0,0,1,3847
367,0,2015-06-13,-0.7818314824680299,0.6234898018587334,1.2246467991473532e-16,-1.0,0.3131070409358269,-0.9497178427914316,3847.0,4788.0,5807.0,3809.4285714285716,3987.0,1813.1409999540272,4636.766666666666,5101.5,2407.7819623381415,2640.0,0,0,0,0,0,1,0,0,1,5821
367,0,2015-06-14,-2.4492935982947064e-16,1.0,1.2246467991473532e-16,-1.0,0.29671281927349075,-0.9549667548552551,5821.0,0.0,0.0,3809.4285714285716,3987.0,1813.1409999540272,4438.1,4933.5,2537.237234229117,2640.0,0,0,0,0,0,1,0,0,1,0
367,0,2015-06-15,0.7818314824680298,0.6234898018587336,1.2246467991473532e-16,-1.0,0.28023067519921585,-0.9599326896597447,0.0,4725.0,9874.0,4409.428571428572,3987.0,2662.57024052217,4551.133333333333,4933.5,2660.292889414859,2640.0,1,0,0,0,0,1,0,0,1,8925
367,0,2015-06-16,0.9749279121818236,-0.22252093395631434,1.2246467991473532e-16,-1.0,0.26366549272800704,-0.9646141756912435,8925.0,3952.0,6824.0,4721.714285714285,4334.0,2727.3840772362632,4755.733333333334,5101.5,2531.096844607412,2640.0,1,0,0,0,0,1,0,0,1,6138
367,0,2015-06-17,0.43388373911755823,-0.900968867902419,1.2246467991473532e-16,-1.0,0.24702218048093552,-0.9690098257244062,6138.0,4334.0,6570.0,5046.0,5821.0,2807.3799172894282,4742.133333333333,5101.5,2519.6256390423423,2640.0,1,0,0,0,0,1,0,0,1,6604
367,0,2015-06-18,-0.433883739117558,-0.9009688679024191,1.2246467991473532e-16,-1.0,0.23030567023061221,-0.9731183372332619,6604.0,3987.0,5994.0,5216.857142857143,5821.0,2768.309798930954,4713.066666666667,5101.0,2508.965206852298,2640.0,1,0,0,0,0,1,0,0,1,5183
367,0,2015-06-19,-0.9749279121818236,-0.2225209339563146,1.2246467991473532e-16,-1.0,0.21352091543979612,-0.9769384927771817,5183.0,3847.0,6183.0,5510.0,5899.0,2707.0437750431734,4715.266666666666,5101.0,2510.0098081046617,2640.0,1,0,0,0,0,1,0,0,1,5899
367,0,2015-06-20,-0.7818314824680299,0.6234898018587334,1.2246467991473532e-16,-1.0,0.19667288979357647,-0.980469160361632,5899.0,5821.0,4788.0,5342.0,5899.0,2720.981808097951,4708.5,5101.0,2509.913266120618,2640.0,0,0,0,0,0,1,0,0,1,4645
367,0,2015-06-21,-2.4492935982947064e-16,1.0,1.2246467991473532e-16,-1.0,0.1797665857255624,-0.9837092937736097,4645.0,0.0,0.0,5342.0,5899.0,2720.981808097951,4517.433333333333,4903.5,2643.909718362291,2640.0,0,0,0,0,0,1,0,0,1,0
367,0,2015-06-22,0.7818314824680298,0.6234898018587336,1.2246467991473532e-16,-1.0,0.16280701293851715,-0.986657932891657,0.0,8925.0,4725.0,4657.857142857143,5183.0,2227.204483096199,4482.5,4756.5,2641.7214182657744,2640.0,0,0,0,0,0,1,0,0,1,4136
367,0,2015-06-23,0.9749279121818236,-0.22252093395631434,1.2246467991473532e-16,-1.0,0.1457991969198751,-0.9893142039703663,4136.0,6138.0,3952.0,4329.0,4645.0,2140.4919995178675,4610.366666666667,4756.5,2506.658229916713,2640.0,0,0,0,0,0,1,0,0,1,3836
367,0,2015-06-24,0.43388373911755823,-0.900968867902419,1.2246467991473532e-16,-1.0,0.12874817745258132,-0.99167731989929,3836.0,6604.0,4334.0,3892.8571428571427,4136.0,1896.8548906520166,4728.733333333334,4756.5,2361.057520708029,2640.0,0,0,0,0,0,1,0,0,1,3551
367,0,2015-06-25,-0.433883739117558,-0.9009688679024191,1.2246467991473532e-16,-1.0,0.11165900712169512,-0.993746580436178,3551.0,5183.0,3987.0,3694.4285714285716,3836.0,1810.0661918967542,4687.9,4692.0,2366.451123663797,2640.0,0,0,0,0,0,1,0,0,1,3794
367,0,2015-06-26,-0.9749279121818236,-0.2225209339563146,1.2246467991473532e-16,-1.0,0.09453674981719912,-0.9955213724144752,3794.0,5899.0,3847.0,3437.8571428571427,3836.0,1554.7792371235455,4680.933333333333,4692.0,2367.9031016598983,2640.0,0,0,0,0,0,1,0,0,1,4103
367,0,2015-06-27,-0.7818314824680299,0.6234898018587334,1.2246467991473532e-16,-1.0,0.07738647923346301,-0.9970011699250151,4103.0,4645.0,5821.0,3435.8571428571427,3836.0,1552.9755770317643,4680.0,4685.0,2367.917563220242,2640.0,0,0,0,0,0,1,0,0,1,4631
367,0,2015-06-28,-2.4492935982947064e-16,1.0,1.2246467991473532e-16,-1.0,0.06021327736579302,-0.9981855344718586,4631.0,0.0,0.0,3435.8571428571427,3836.0,1552.9755770317643,4471.7,4638.0,2496.500628811291,2640.0,0,0,0,0,0,1,0,0,1,0
367,0,2015-06-29,0.7818314824680298,0.6234898018587336,1.2246467991473532e-16,-1.0,0.04302223300453059,-0.99907411510223,0.0,4136.0,8925.0,4248.428571428572,3836.0,2891.558452757662,4605.6,4638.0,2672.1369415661975,2640.0,1,0,0,0,0,1,0,0,1,9824
367,0,2015-06-30,0.9749279121818236,-0.22252093395631434,1.2246467991473532e-16,-1.0,0.02581844022713308,-0.9996666485105112,9824.0,3836.0,6138.0,5008.714285714285,4103.0,3416.972720322562,4910.866666666667,4685.0,2650.8705236833653,2640.0,1,0,0,0,0,1,0,0,1,9158
367,0,2015-07-01,0.43388373911755823,-0.900968867902419,-0.4999999999999998,-0.8660254037844388,0.008606996888688698,-0.9999629591162655,9158.0,3551.0,6604.0,5534.714285714285,4631.0,3438.5074142853373,4822.833333333333,4685.0,2521.038621260104,2640.0,1,0,0,0,0,1,0,0,1,7233
367,0,2015-07-02,-0.433883739117558,-0.9009688679024191,-0.4999999999999998,-0.8660254037844388,-0.008606996888688009,-0.9999629591162655,7233.0,3794.0,5183.0,5852.857142857143,6021.0,3352.5582982040955,4796.066666666667,4685.0,2503.2591023170817,2640.0,1,0,0,0,0,1,0,0,1,6021
367,0,2015-07-03,-0.9749279121818236,-0.2225209339563146,-0.4999999999999998,-0.8660254037844388,-0.02581844022713239,-0.9996666485105112,6021.0,4103.0,5899.0,6136.857142857143,6091.0,3262.616609848166,4780.1,4685.0,2493.061009392212,2640.0,1,0,0,0,0,1,0,0,1,6091
367,0,2015-07-04,-0.7818314824680299,0.6234898018587334,-0.4999999999999998,-0.8660254037844388,-0.04302223300453034,-0.99907411510223,6091.0,4631.0,4645.0,6153.857142857143,6091.0,3253.760564258502,4738.633333333333,4685.0,2482.4974283187457,2640.0,0,0,0,0,0,1,0,0,1,4750
367,0,2015-07-05,-2.4492935982947064e-16,1.0,-0.4999999999999998,-0.8660254037844388,-0.060213277365792774,-0.9981855344718586,4750.0,0.0,0.0,6153.857142857143,6091.0,3253.760564258502,4532.533333333334,4638.0,2611.744993800826,2640.0,0,0,0,0,0,1,0,0,1,0
367,0,2015-07-06,0.7818314824680298,0.6234898018587336,-0.4999999999999998,-0.8660254037844388,-0.07738647923346322,-0.9970011699250151,0.0,9824.0,4136.0,5485.428571428572,6021.0,2826.718171139036,4544.433333333333,4638.0,2613.761652898159,2640.0,0,0,0,0,0,1,0,0,1,5145
367,0,2015-07-07,0.9749279121818236,-0.22252093395631434,-0.4999999999999998,-0.8660254037844388,-0.09453674981719933,-0.9955213724144752,5145.0,9158.0,3836.0,4776.857142857143,5145.0,2330.8507337144397,4684.366666666667,4638.0,2470.5259175316082,2640.0,0,0,0,0,0,1,0,0,1,4198
367,0,2015-07-08,0.43388373911755823,-0.900968867902419,-0.4999999999999998,-0.8660254037844388,-0.11165900712169444,-0.9937465804361781,4198.0,7233.0,3551.0,4444.714285714285,4908.0,2074.0266563929617,4690.466666666666,4638.0,2470.8556068465537,2640.0,0,0,0,0,0,1,0,0,1,4908
367,0,2015-07-09,-0.433883739117558,-0.9009688679024191,-0.4999999999999998,-0.8660254037844388,-0.12874817745258066,-0.99167731989929,4908.0,6021.0,3794.0,4299.857142857143,4908.0,1978.8095266743437,4725.633333333333,4697.5,2467.4882871305444,2640.0,0,0,0,0,0,1,0,0,1,5007
367,0,2015-07-10,-0.9749279121818236,-0.2225209339563146,-0.4999999999999998,-0.8660254037844388,-0.14579919691987442,-0.9893142039703664,5007.0,6091.0,4103.0,4128.714285714285,4893.0,1845.387015803253,4744.266666666666,4821.5,2466.5393449588187,2640.0,0,0,0,0,0,1,0,0,1,4893
367,0,2015-07-11,-0.7818314824680299,0.6234898018587334,-0.4999999999999998,-0.8660254037844388,-0.16280701293851646,-0.9866579328916572,4893.0,4750.0,4631.0,4189.285714285715,4908.0,1875.8848324888984,4783.833333333333,4900.5,2463.4915379337626,2640.0,0,0,0,0,0,1,0,0,1,5174
367,0,2015-07-12,-2.4492935982947064e-16,1.0,-0.4999999999999998,-0.8660254037844388,-0.17976658572556214,-0.9837092937736098,5174.0,0.0,0.0,4189.285714285715,4908.0,1875.8848324888984,4655.6,4900.5,2609.7233120614983,2640.0,0,0,0,0,0,1,0,0,1,0
367,0,2015-07-13,0.7818314824680298,0.6234898018587336,-0.4999999999999998,-0.8660254037844388,-0.19667288979357622,-0.9804691603616321,0.0,5145.0,9824.0,4780.428571428572,4908.0,2698.766684811345,4771.0,4900.5,2736.4977365364216,2640.0,1,0,0,0,0,1,0,0,1,9283
367,0,2015-07-14,0.9749279121818236,-0.22252093395631434,-0.4999999999999998,-0.8660254037844388,-0.2135209154397959,-0.9769384927771817,9283.0,4198.0,9158.0,5182.857142857143,5007.0,2805.366727576,5004.833333333333,4957.5,2611.624743115013,2640.0,1,0,0,0,0,1,0,0,1,7015
367,0,2015-07-15,0.43388373911755823,-0.900968867902419,-0.4999999999999998,-0.8660254037844388,-0.23030567023061196,-0.973118337233262,7015.0,4908.0,7233.0,5447.285714285715,5174.0,2861.8093760350116,4932.633333333333,4957.5,2528.11732436355,2640.0,1,0,0,0,0,1,0,0,1,6759
367,0,2015-07-16,-0.433883739117558,-0.9009688679024191,-0.4999999999999998,-0.8660254037844388,-0.24702218048093527,-0.9690098257244063,6759.0,5007.0,6021.0,5618.285714285715,6204.0,2866.8738906275426,4934.833333333333,4957.5,2529.230891456697,2640.0,1,0,0,0,0,1,0,0,1,6204
367,0,2015-07-17,-0.9749279121818236,-0.2225209339563146,-0.4999999999999998,-0.8660254037844388,-0.2636654927280072,-0.9646141756912435,6204.0,4893.0,6091.0,5763.285714285715,6204.0,2849.6934170939458,4911.633333333333,4957.5,2516.5524239122933,2640.0,1,0,0,0,0,1,0,0,1,5908
367,0,2015-07-18,-0.7818314824680299,0.6234898018587334,-0.4999999999999998,-0.8660254037844388,-0.2802306751992161,-0.9599326896597445,5908.0,5174.0,4750.0,5761.0,6204.0,2850.2512169982488,4910.8,4957.5,2516.4636023731705,2640.0,0,0,0,0,0,1,0,0,1,5158
367,0,2015-07-19,-2.4492935982947064e-16,1.0,-0.4999999999999998,-0.8660254037844388,-0.2967128192734901,-0.9549667548552553,5158.0,0.0,0.0,5761.0,6204.0,2850.2512169982488,4714.166666666667,4900.5,2662.7996685279645,2640.0,0,0,0,0,0,1,0,0,1,0
367,0,2015-07-20,0.7818314824680298,0.6234898018587336,-0.4999999999999998,-0.8660254037844388,-0.3131070409358267,-0.9497178427914317,0.0,9283.0,5145.0,5026.714285714285,5908.0,2421.5285609359576,4697.433333333333,4900.5,2664.825849046635,2640.0,0,0,0,0,0,1,0,0,1,4143
367,0,2015-07-21,0.9749279121818236,-0.22252093395631434,-0.4999999999999998,-0.8660254037844388,-0.3294084822245302,-0.9441875088341994,4143.0,7015.0,4198.0,4558.285714285715,5158.0,2286.171815815375,4821.966666666666,4900.5,2521.157540432202,2640.0,0,0,0,0,0,1,0,0,1,3736
367,0,2015-07-22,0.43388373911755823,-0.900968867902419,-0.4999999999999998,-0.8660254037844388,-0.3456123126707333,-0.9383773917408642,3736.0,6759.0,4908.0,4106.714285714285,4143.0,2082.1094042889695,4804.033333333334,4900.5,2528.1090177733868,2640.0,0,0,0,0,0,1,0,0,1,3598
367,0,2015-07-23,-0.433883739117558,-0.9009688679024191,-0.4999999999999998,-0.8660254037844388,-0.3617137307297674,-0.9322892131745134,3598.0,6204.0,5007.0,3756.5714285714284,3753.0,1865.4482800963103,4801.266666666666,4900.5,2529.25008557918,2640.0,0,0,0,0,0,1,0,0,1,3753
367,0,2015-07-24,-0.9749279121818236,-0.2225209339563146,-0.4999999999999998,-0.8660254037844388,-0.37770796520396466,-0.9259247771938499,3753.0,5908.0,4893.0,3503.1428571428573,3753.0,1630.1129233452323,4820.7,4900.5,2521.5404589668765,2640.0,0,0,0,0,0,1,0,0,1,4134
367,0,2015-07-25,-0.7818314824680299,0.6234898018587334,-0.4999999999999998,-0.8660254037844388,-0.39359027665646645,-0.9192859697186105,4134.0,5158.0,5174.0,3365.8571428571427,3753.0,1503.028213149642,4834.133333333333,4900.5,2516.951477527899,2640.0,0,0,0,0,0,1,0,0,1,4197
367,0,2015-07-26,-2.4492935982947064e-16,1.0,-0.4999999999999998,-0.8660254037844388,-0.4093559588156211,-0.9123747579707274,4197.0,0.0,0.0,3365.8571428571427,3753.0,1503.028213149642,4697.366666666667,4900.5,2665.1611387310695,2640.0,0,0,0,0,0,1,0,0,1,0
367,0,2015-07-27,0.7818314824680298,0.6234898018587336,-0.4999999999999998,-0.8660254037844388,-0.42500033996955394,-0.9051931898913975,0.0,4143.0,9283.0,3886.5714285714284,3753.0,2258.6115098398286,4802.6,4957.5,2724.124795865319,2640.0,1,0,0,0,0,1,0,0,1,7788
367,0,2015-07-28,0.9749279121818236,-0.22252093395631434,-0.4999999999999998,-0.8660254037844388,-0.4405187843504952,-0.8977433935342336,7788.0,3736.0,7015.0,4259.428571428572,4134.0,2437.926568291373,5014.133333333333,5076.0,2580.9617792108256,2640.0,1,0,0,0,0,1,0,0,1,6346
367,0,2015-07-29,0.43388373911755823,-0.900968867902419,-0.4999999999999998,-0.8660254037844388,-0.455906693508459,-0.8900275764346766,6346.0,3598.0,6759.0,4586.857142857143,4197.0,2487.6938737561354,4883.0,5076.0,2423.277874114399,2640.0,1,0,0,0,0,1,0,0,1,5890
367,0,2015-07-30,-0.433883739117558,-0.9009688679024191,-0.4999999999999998,-0.8660254037844388,-0.47115950767386394,-0.8820480249558535,5890.0,3753.0,6204.0,4757.142857142857,4945.0,2461.7640307017937,4742.566666666667,4976.0,2285.1285889017454,2640.0,1,0,0,0,0,1,0,0,1,4945
367,0,2015-07-31,-0.9749279121818236,-0.2225209339563146,-0.4999999999999998,-0.8660254037844388,-0.4862727071086902,-0.8738071036110807,4945.0,4134.0,5908.0,5240.0,5890.0,2643.910928908158,4751.933333333333,4976.0,2296.2377014606277,2640.0,1,0,0,0,0,1,0,0,1,7514
