Store,Cluster,Date,DayOfWeek_sin,DayOfWeek_cos,Month_sin,Month_cos,DayOfYear_sin,DayOfYear_cos,Sales_Lag_1,Sales_Lag_7,Sales_Lag_14,RollingMean_7,RollingMedian_7,RollingStd_7,RollingMean_30,RollingMedian_30,RollingStd_30,CompetitionDistance,Promo,Promo2,StoreType_a,StoreType_b,StoreType_c,StoreType_d,Assortment_a,Assortment_b,Assortment_c,Sales
577,0,2013-01-30,0.43388373911755823,-0.900968867902419,0.49999999999999994,0.8660254037844387,0.4937755501599772,0.869589389346611,3661.0,4464.0,3392.0,3337.0,3668.0,1551.5351537536403,3667.0,3889.0,1886.048011967955,2270.0,0,1,1,0,0,0,0,0,1,3730
577,0,2013-01-31,-0.433883739117558,-0.9009688679024191,0.49999999999999994,0.8660254037844387,0.5086709438521044,0.8609610158889943,3730.0,3927.0,4058.0,3320.4285714285716,3668.0,1544.7881038233966,3794.0333333333333,3889.0,1754.2840072693245,2270.0,0,1,1,0,0,0,0,0,1,3811
577,0,2013-02-01,-0.9749279121818236,-0.2225209339563146,0.8660254037844386,0.5000000000000001,0.5234156073655503,0.8520775211013093,3811.0,4944.0,4196.0,3333.5714285714284,3668.0,1561.207530208893,3817.766666666667,3889.0,1766.474936787627,2270.0,0,1,1,0,0,0,0,0,1,5036
577,0,2013-02-02,-0.7818314824680299,0.6234898018587334,0.8660254037844386,0.5000000000000001,0.5380051715382996,0.8429415373547828,5036.0,3429.0,3451.0,3450.0,3730.0,1599.43208671078,3820.366666666667,3889.0,1767.0624656393063,2270.0,0,1,1,0,0,0,0,0,1,4244
577,0,2013-02-03,-2.4492935982947064e-16,1.0,0.8660254037844386,0.5000000000000001,0.5524353131676196,0.8335557718385699,4244.0,0.0,0.0,3450.0,3730.0,1599.43208671078,3693.633333333333,3889.0,1899.7804498076257,2270.0,0,1,1,0,0,0,0,0,1,0
577,0,2013-02-04,0.7818314824680298,0.6234898018587336,0.8660254037844386,0.5000000000000001,0.5667017562911176,0.8239230057575542,0.0,3668.0,6340.0,3906.0,3811.0,2060.5064911327017,3790.4,3889.0,1985.6503251562456,2270.0,1,1,1,0,0,0,0,0,1,6860
577,0,2013-02-05,0.9749279121818236,-0.22252093395631434,0.8660254037844386,0.5000000000000001,0.5808002734538009,0.8140460935082178,6860.0,3661.0,5716.0,4184.714285714285,4244.0,2151.772967755173,3977.4666666666667,3992.5,1877.6607371083205,2270.0,1,1,1,0,0,0,0,0,1,5612
577,0,2013-02-06,0.43388373911755823,-0.900968867902419,0.8660254037844386,0.5000000000000001,0.5947266869607634,0.8039279618328213,5612.0,3730.0,4464.0,4337.428571428572,4799.0,2152.0568345300776,3908.4333333333334,3992.5,1804.284989403976,2270.0,1,1,1,0,0,0,0,0,1,4799
577,0,2013-02-07,-0.433883739117558,-0.9009688679024191,0.8660254037844386,0.5000000000000001,0.6084768701151261,0.7935716089521474,4799.0,3811.0,3927.0,4445.571428571428,4799.0,2140.181601106384,3866.766666666667,3992.5,1772.82538345712,2270.0,1,1,1,0,0,0,0,0,1,4568
577,0,2013-02-08,-0.9749279121818236,-0.2225209339563146,0.8660254037844386,0.5000000000000001,0.6220467484408675,0.7829801036770629,4568.0,5036.0,4944.0,4515.0,4799.0,2170.20022117776,3889.3333333333335,3992.5,1789.933197238018,2270.0,1,1,1,0,0,0,0,0,1,5522
577,0,2013-02-09,-0.7818314824680299,0.6234898018587334,0.8660254037844386,0.5000000000000001,0.6354323008901774,0.7721565844991642,5522.0,4244.0,3429.0,4492.857142857143,4799.0,2174.2131472152882,3861.4333333333334,3992.5,1779.7113420213798,2270.0,0,1,1,0,0,0,0,0,1,4089
577,0,2013-02-10,-2.4492935982947064e-16,1.0,0.8660254037844386,0.5000000000000001,0.6486295610349814,0.7611042586607747,4089.0,0.0,0.0,4492.857142857143,4799.0,2174.2131472152882,3682.4666666666667,3889.0,1889.4520229755603,2270.0,0,1,1,0,0,0,0,0,1,0
577,0,2013-02-11,0.7818314824680298,0.6234898018587336,0.8660254037844386,0.5000000000000001,0.6616346182422783,0.7498264012045686,0.0,6860.0,3668.0,4089.8571428571427,4568.0,1907.3967799570376,3688.733333333333,3983.0,1890.341821549439,2270.0,0,1,1,0,0,0,0,0,1,4039
577,0,2013-02-12,0.9749279121818236,-0.22252093395631434,0.8660254037844386,0.5000000000000001,0.6744436188329455,0.7383263540031065,4039.0,5612.0,3661.0,3871.0,4089.0,1787.7762723562475,3824.733333333333,4048.5,1757.9359945457459,2270.0,0,1,1,0,0,0,0,0,1,4080
577,0,2013-02-13,0.43388373911755823,-0.900968867902419,0.8660254037844386,0.5000000000000001,0.6870527672236669,0.7266075247685656,4080.0,4799.0,3730.0,3717.0,4080.0,1740.3145309588917,3826.0666666666666,4048.5,1757.8383852066002,2270.0,0,1,1,0,0,0,0,0,1,3721
577,0,2013-02-14,-0.433883739117558,-0.9009688679024191,0.8660254037844386,0.5000000000000001,0.6994583270516471,0.7146733860429609,3721.0,4568.0,3811.0,3666.285714285714,4080.0,1716.3905649439384,3852.3333333333335,4069.0,1757.5261087643923,2270.0,0,1,1,0,0,0,0,0,1,4213
577,0,2013-02-15,-0.9749279121818236,-0.2225209339563146,0.8660254037844386,0.5000000000000001,0.7116566222817746,0.702527474169157,4213.0,5522.0,5036.0,3457.4285714285716,4060.0,1531.9903020953777,3874.6,4070.0,1755.723519197163,2270.0,0,1,1,0,0,0,0,0,1,4060
577,0,2013-02-16,-0.7818314824680299,0.6234898018587334,0.8660254037844386,0.5000000000000001,0.7236440382959124,0.6901733882429719,4060.0,4089.0,4244.0,3425.0,4039.0,1518.738511616357,3868.0666666666666,4070.0,1755.3821655486984,2270.0,0,1,1,0,0,0,0,0,1,3862
577,0,2013-02-17,-2.4492935982947064e-16,1.0,0.8660254037844386,0.5000000000000001,0.7354170229639855,0.6776147890466889,3862.0,0.0,0.0,3425.0,4039.0,1518.738511616357,3728.2,4049.5,1890.3306479610096,2270.0,0,1,1,0,0,0,0,0,1,0
577,0,2013-02-18,0.7818314824680298,0.6234898018587336,0.8660254037844386,0.5000000000000001,0.7469720876965552,0.6648553979642865,0.0,4039.0,6860.0,3730.714285714286,4060.0,1843.578559422382,3819.133333333333,4070.0,1941.459311309734,2270.0,1,1,1,0,0,0,0,0,1,6179
577,0,2013-02-19,0.9749279121818236,-0.22252093395631434,0.8660254037844386,0.5000000000000001,0.7583058084785625,0.6518989958787126,6179.0,4080.0,5612.0,3951.8571428571427,4060.0,1980.2379847357936,4006.733333333333,4084.5,1828.312486181298,2270.0,1,1,1,0,0,0,0,0,1,5628
577,0,2013-02-20,0.43388373911755823,-0.900968867902419,0.8660254037844386,0.5000000000000001,0.7694148268839378,0.6387494220515272,5628.0,3721.0,4799.0,4054.1428571428573,4213.0,1984.8126215986092,3943.3,4084.5,1776.8565065383273,2270.0,1,1,1,0,0,0,0,0,1,4437
577,0,2013-02-21,-0.433883739117558,-0.9009688679024191,0.8660254037844386,0.5000000000000001,0.7802958510707755,0.6254105729852463,4437.0,4213.0,4568.0,4112.714285714285,4437.0,1996.298050082178,3906.866666666667,4084.5,1750.2616303606285,2270.0,1,1,1,0,0,0,0,0,1,4623
577,0,2013-02-22,-0.9749279121818236,-0.2225209339563146,0.8660254037844386,0.5000000000000001,0.7909456567567772,0.6118864012687243,4623.0,4060.0,5522.0,4279.285714285715,4623.0,2039.347911652621,3932.266666666667,4084.5,1764.100023228282,2270.0,1,1,1,0,0,0,0,0,1,5226
577,0,2013-02-23,-0.7818314824680299,0.6234898018587334,0.8660254037844386,0.5000000000000001,0.8013610881746766,0.5981809144059164,5226.0,3862.0,4089.0,4267.0,4623.0,2042.5373109607247,3927.233333333333,4084.5,1764.3309698762218,2270.0,0,1,1,0,0,0,0,0,1,3776
577,0,2013-02-24,-2.4492935982947064e-16,1.0,0.8660254037844386,0.5000000000000001,0.8115390590073611,0.5842981736283683,3776.0,0.0,0.0,4267.0,4623.0,2042.5373109607247,3762.4333333333334,4070.0,1892.3405081672208,2270.0,0,1,1,0,0,0,0,0,1,0
577,0,2013-02-25,0.7818314824680298,0.6234898018587336,0.8660254037844386,0.5000000000000001,0.8214765533024142,0.5702422926917871,0.0,6179.0,4039.0,3975.5714285714284,4437.0,1861.8036825565025,3786.1,4084.5,1892.46643208056,2270.0,0,1,1,0,0,0,0,0,1,4139
577,0,2013-02-26,0.9749279121818236,-0.22252093395631434,0.8660254037844386,0.5000000000000001,0.8311706263658079,0.5560174366570446,4139.0,5628.0,4080.0,3661.0,4139.0,1716.4255494097813,3900.3,4084.5,1754.4555722994,2270.0,0,1,1,0,0,0,0,0,1,3426
577,0,2013-02-27,0.43388373911755823,-0.900968867902419,0.8660254037844386,0.5000000000000001,0.8406184056344782,0.5416278206559814,3426.0,4437.0,3721.0,3689.1428571428573,4139.0,1732.8064354846867,3932.5,4114.0,1758.9040817979583,2270.0,0,1,1,0,0,0,0,0,1,4634
577,0,2013-02-28,-0.433883739117558,-0.9009688679024191,0.8660254037844386,0.5000000000000001,0.8498170915275278,0.5270777086423722,4634.0,4623.0,4213.0,3739.0,4139.0,1768.8010063316908,3976.2,4176.0,1768.1874686067463,2270.0,0,1,1,0,0,0,0,0,1,4972
577,0,2013-03-01,-0.9749279121818236,-0.2225209339563146,1.0,6.123233995736766e-17,0.8587639582758029,0.5123714121284237,4972.0,5226.0,4060.0,3677.4285714285716,4139.0,1715.0982340323703,4011.7,4228.5,1773.7563132010812,2270.0,0,1,1,0,0,0,0,0,1,4795
577,0,2013-03-02,-0.7818314824680299,0.6234898018587334,1.0,6.123233995736766e-17,0.8674563547295968,0.49751328890718066,4795.0,3776.0,3862.0,3748.8571428571427,4276.0,1730.2325882735572,4027.2,4260.0,1773.9737081595604,2270.0,0,1,1,0,0,0,0,0,1,4276
577,0,2013-03-03,-2.4492935982947064e-16,1.0,1.0,6.123233995736766e-17,0.8758917051442429,0.48250774176121847,4276.0,0.0,0.0,3748.8571428571427,4276.0,1730.232588273557,3859.3333333333335,4228.5,1908.4005278537954,2270.0,0,1,1,0,0,0,0,0,1,0
577,0,2013-03-04,0.7818314824680298,0.6234898018587336,1.0,6.123233995736766e-17,0.8840675099433636,0.46735921715800227,0.0,4139.0,6179.0,4160.857142857143,4634.0,2134.706102220431,3951.9666666666667,4244.5,1993.2746836218578,2270.0,1,1,1,0,0,0,0,0,1,7023
577,0,2013-03-05,0.9749279121818236,-0.22252093395631434,1.0,6.123233995736766e-17,0.8919813464595485,0.45207220393230435,7023.0,3426.0,5628.0,4571.285714285715,4795.0,2243.2974029529037,4161.933333333333,4356.5,1891.8073812669445,2270.0,1,1,1,0,0,0,0,0,1,6299
577,0,2013-03-06,0.43388373911755823,-0.900968867902419,1.0,6.123233995736766e-17,0.8996308696522433,0.43665123195606403,6299.0,4634.0,4437.0,4627.571428571428,4972.0,2250.065840306521,4100.866666666667,4356.5,1830.2793593693111,2270.0,1,1,1,0,0,0,0,0,1,5028
577,0,2013-03-07,-0.433883739117558,-0.9009688679024191,1.0,6.123233995736766e-17,0.9070138128026359,0.4211008707960896,5028.0,4972.0,4623.0,4670.0,5028.0,2260.4194301058387,4089.4333333333334,4356.5,1821.5647249347026,2270.0,1,1,1,0,0,0,0,0,1,5269
577,0,2013-03-08,-0.9749279121818236,-0.2225209339563146,1.0,6.123233995736766e-17,0.9141279881853337,0.40542572835999735,5269.0,4795.0,5226.0,4739.571428571428,5269.0,2272.3707779279675,4105.533333333334,4356.5,1830.1667294187343,2270.0,1,1,1,0,0,0,0,0,1,5282
577,0,2013-03-09,-0.7818314824680299,0.6234898018587334,1.0,6.123233995736766e-17,0.9209712877166346,0.38963044953078796,5282.0,4276.0,3776.0,4685.0,5269.0,2289.8784538340324,4083.0666666666666,4244.5,1828.4299451627396,2270.0,0,1,1,0,0,0,0,0,1,3894
577,0,2013-03-10,-2.4492935982947064e-16,1.0,1.0,6.123233995736766e-17,0.9275416835791966,0.37371971479046906,3894.0,0.0,0.0,4685.0,5269.0,2289.8784538340324,3899.0,4176.0,1952.3285301544856,2270.0,0,1,1,0,0,0,0,0,1,0
577,0,2013-03-11,0.7818314824680298,0.6234898018587336,1.0,6.123233995736766e-17,0.9338372288229252,0.35769823883312546,0.0,7023.0,4139.0,4327.428571428572,5028.0,2046.4293991521647,3913.366666666667,4244.5,1955.3583582544159,2270.0,0,1,1,0,0,0,0,0,1,4520
577,0,2013-03-12,0.9749279121818236,-0.22252093395631434,1.0,6.123233995736766e-17,0.9398560579418954,0.3415707691678556,4520.0,6299.0,3426.0,4037.4285714285716,4520.0,1855.391230724028,4055.6666666666665,4272.5,1810.733521271828,2270.0,0,1,1,0,0,0,0,0,1,4269
577,0,2013-03-13,0.43388373911755823,-0.900968867902419,1.0,6.123233995736766e-17,0.9455963874271426,0.3253420847119801,4269.0,5028.0,4634.0,3822.714285714286,4269.0,1808.0143541360253,4038.5333333333333,4272.5,1813.3265626986517,2270.0,0,1,1,0,0,0,0,0,1,3525
577,0,2013-03-14,-0.433883739117558,-0.9009688679024191,1.0,6.123233995736766e-17,0.9510565162951535,0.30901699437494745,3525.0,5269.0,4972.0,3645.5714285714284,4029.0,1700.2279118932724,4036.8333333333335,4272.5,1813.3102532971695,2270.0,0,1,1,0,0,0,0,0,1,4029
577,0,2013-03-15,-0.9749279121818236,-0.2225209339563146,1.0,6.123233995736766e-17,0.9562348265919056,0.29260033563334836,4029.0,5282.0,4795.0,3575.285714285714,4029.0,1630.0249194706328,4072.4666666666667,4356.5,1817.3886672410208,2270.0,0,1,1,0,0,0,0,0,1,4790
577,0,2013-03-16,-0.7818314824680299,0.6234898018587334,1.0,6.123233995736766e-17,0.9611297838723007,0.27609697309746883,4790.0,3894.0,4276.0,3568.0,4029.0,1628.476179336582,4060.133333333333,4356.5,1817.6575249922416,2270.0,0,1,1,0,0,0,0,0,1,3843
577,0,2013-03-17,-2.4492935982947064e-16,1.0,1.0,6.123233995736766e-17,0.9657399376548549,0.2595117970697999,3843.0,0.0,0.0,3568.0,4029.0,1628.476179336582,3924.8,4356.5,1963.0001387742152,2270.0,0,1,1,0,0,0,0,0,1,0
577,0,2013-03-18,0.7818314824680298,0.6234898018587336,1.0,6.123233995736766e-17,0.970063921851507,0.2428497220959356,0.0,4520.0,7023.0,3627.714285714286,4029.0,1676.1684197683048,3960.6666666666665,4478.5,1971.6241743946723,2270.0,1,1,1,0,0,0,0,0,1,4938
577,0,2013-03-19,0.9749279121818236,-0.22252093395631434,1.0,6.123233995736766e-17,0.9741004551724205,0.22611568550828828,4938.0,4269.0,6299.0,3809.4285714285716,4029.0,1820.0511766745158,4145.366666666667,4571.5,1843.1504603640562,2270.0,1,1,1,0,0,0,0,0,1,5541
577,0,2013-03-20,0.43388373911755823,-0.900968867902419,1.0,6.123233995736766e-17,0.9778483415056568,0.20931464596304847,5541.0,3525.0,5028.0,4098.142857142857,4790.0,1924.699407576106,4124.266666666666,4571.5,1822.5754595481442,2270.0,1,1,1,0,0,0,0,0,1,5546
577,0,2013-03-21,-0.433883739117558,-0.9009688679024191,1.0,6.123233995736766e-17,0.9813064702716093,0.19245158197082998,5546.0,4029.0,5269.0,4316.571428571428,4938.0,2000.80116096385,4121.933333333333,4571.5,1820.62770405748,2270.0,1,1,1,0,0,0,0,0,1,5558
577,0,2013-03-22,-0.9749279121818236,-0.2225209339563146,1.0,6.123233995736766e-17,0.9844738167520922,0.1755314904214282,5558.0,4790.0,5282.0,4433.714285714285,5541.0,2056.372105941734,4161.033333333334,4628.5,1840.1188395530771,2270.0,1,1,1,0,0,0,0,0,1,5610
577,0,2013-03-23,-0.7818314824680299,0.6234898018587334,1.0,6.123233995736766e-17,0.9873494423939864,0.15855938510313478,5610.0,3843.0,3894.0,4461.857142857143,5541.0,2048.2724776887344,4141.6,4577.0,1838.1492678872642,2270.0,0,1,1,0,0,0,0,0,1,4040
577,0,2013-03-24,-2.4492935982947064e-16,1.0,1.0,6.123233995736766e-17,0.989932495087353,0.141540295217043,4040.0,0.0,0.0,4461.857142857143,5541.0,2048.2724776887344,3967.4,4398.0,1974.4187027561063,2270.0,0,1,1,0,0,0,0,0,1,0
577,0,2013-03-25,0.7818314824680298,0.6234898018587336,1.0,6.123233995736766e-17,0.9922222094179323,0.12447926388678915,0.0,4938.0,4520.0,4732.857142857143,5546.0,2238.434306129431,4069.366666666667,4577.0,2042.0250848426028,2270.0,1,1,1,0,0,0,0,0,1,6835
577,0,2013-03-26,0.9749279121818236,-0.22252093395631434,1.0,6.123233995736766e-17,0.994217906893952,0.10738134666416309,6835.0,5541.0,4269.0,4789.714285714285,5558.0,2267.251839730626,4267.333333333333,4712.0,1918.028681482242,2270.0,1,1,1,0,0,0,0,0,1,5939
577,0,2013-03-27,0.43388373911755823,-0.900968867902419,1.0,6.123233995736766e-17,0.995918996147179,0.09025161003104117,5939.0,5546.0,3525.0,4924.714285714285,5610.0,2346.5370026406804,4345.733333333334,4792.5,1960.2077112552051,2270.0,1,1,1,0,0,0,0,0,1,6491
577,0,2013-03-28,-0.433883739117558,-0.9009688679024191,1.0,6.123233995736766e-17,0.9973249731081555,0.07309512989807777,6491.0,5558.0,4029.0,5404.142857142857,5939.0,2797.075939177164,4528.666666666667,4866.5,2120.907634811639,2270.0,1,1,1,0,0,0,0,0,1,8914
577,0,2013-03-29,-0.9749279121818236,-0.2225209339563146,1.0,6.123233995736766e-17,0.9984354211555643,0.055916990100603484,8914.0,5610.0,4790.0,4602.714285714285,5939.0,3454.6628255294677,4374.2,4866.5,2276.0458361544183,2270.0,1,1,1,0,0,0,0,0,1,0
577,0,2013-03-30,-0.7818314824680299,0.6234898018587334,1.0,6.123233995736766e-17,0.9992500112396835,0.03872228089217446,0.0,4040.0,3843.0,5011.142857142857,6491.0,3544.8731725583375,4438.433333333333,4866.5,2320.2602957922386,2270.0,0,1,1,0,0,0,0,0,1,6899
577,0,2013-03-31,-2.4492935982947064e-16,1.0,1.0,6.123233995736766e-17,0.9997685019798909,0.021516097436222254,6899.0,0.0,0.0,5011.142857142857,6491.0,3544.8731725583375,4278.6,4864.0,2456.032525337815,2270.0,0,1,1,0,0,0,0,0,1,0
577,0,2013-04-01,0.7818314824680298,0.6234898018587336,0.8660254037844387,-0.49999999999999983,0.9999907397361901,0.004303538296244289,0.0,6835.0,4938.0,4034.714285714286,5939.0,3883.897600533332,4136.066666666667,4864.0,2577.2727891872564,2270.0,0,1,1,0,0,0,0,0,1,0
577,0,2013-04-02,0.9749279121818236,-0.22252093395631434,0.8660254037844387,-0.49999999999999983,0.9999166586547379,-0.01291029607500882,0.0,5939.0,5541.0,3923.285714285714,5159.0,3830.9868926203044,4308.033333333334,4983.0,2461.285653437263,2270.0,0,1,1,0,0,0,0,0,1,5159
577,0,2013-04-03,0.43388373911755823,-0.900968867902419,0.8660254037844387,-0.49999999999999983,0.9995462806873573,-0.030120304846908114,5159.0,6491.0,5546.0,3552.8571428571427,3898.0,3663.007072000246,4203.866666666667,4864.0,2407.9712985649658,2270.0,0,1,1,0,0,0,0,0,1,3898
577,0,2013-04-04,-0.433883739117558,-0.9009688679024191,0.8660254037844387,-0.49999999999999983,0.9988797155850336,-0.04732138832243185,3898.0,8914.0,5558.0,2923.4285714285716,3898.0,2883.9471711032243,4144.166666666667,4655.0,2376.228815804041,2270.0,0,1,1,0,0,0,0,0,1,4508
577,0,2013-04-05,-0.9749279121818236,-0.2225209339563146,0.8660254037844387,-0.49999999999999983,0.9979171608653922,-0.06450844944931623,4508.0,0.0,5610.0,3583.8571428571427,4508.0,2620.173494800897,4130.666666666667,4571.5,2372.181381291728,2270.0,0,1,1,0,0,0,0,0,1,4623
577,0,2013-04-06,-0.7818314824680299,0.6234898018587334,0.8660254037844387,-0.49999999999999983,0.9966589017541702,-0.08167639533042241,4623.0,6899.0,4040.0,3100.0,3898.0,2182.048807886754,4072.1,4514.0,2364.785728428543,2270.0,0,1,1,0,0,0,0,0,1,3512
577,0,2013-04-07,-2.4492935982947064e-16,1.0,0.8660254037844387,-0.49999999999999983,0.9951053111006976,-0.09882013873287143,3512.0,0.0,0.0,3100.0,3898.0,2182.048807886754,3896.0333333333333,4388.5,2466.0612946955325,2270.0,0,1,1,0,0,0,0,0,1,0
577,0,2013-04-08,0.7818314824680298,0.6234898018587336,0.8660254037844387,-0.49999999999999983,0.9932568492674143,-0.11593459959550041,0.0,0.0,6835.0,4148.428571428572,4508.0,2207.288144393694,4010.866666666667,4514.0,2544.9117962268783,2270.0,1,1,1,0,0,0,0,0,1,7339
577,0,2013-04-09,0.9749279121818236,-0.22252093395631434,0.8660254037844387,-0.49999999999999983,0.9911140639934547,-0.1330147065341959,7339.0,5159.0,5939.0,4263.285714285715,4508.0,2288.0776293856907,4209.633333333333,4571.5,2452.016994981512,2270.0,1,1,1,0,0,0,0,0,1,5963
577,0,2013-04-10,0.43388373911755823,-0.900968867902419,0.8660254037844387,-0.49999999999999983,0.9886775902323405,-0.1500553983446526,5963.0,3898.0,6491.0,4348.285714285715,4508.0,2283.29277683829,4208.733333333334,4565.5,2451.9041008041554,2270.0,1,1,1,0,0,0,0,0,1,4493
577,0,2013-04-11,-0.433883739117558,-0.9009688679024191,0.8660254037844387,-0.49999999999999983,0.9859481499638304,-0.16705162550211924,4493.0,4508.0,8914.0,4441.0,4623.0,2303.942056563056,4238.333333333333,4706.5,2458.0092215720706,2270.0,1,1,1,0,0,0,0,0,1,5157
577,0,2013-04-12,-0.9749279121818236,-0.2225209339563146,0.8660254037844387,-0.49999999999999983,0.9829265519799822,-0.18399835165768005,5157.0,4623.0,0.0,4589.0,5157.0,2350.3888330798954,4309.466666666666,4864.0,2467.5139063764,2270.0,1,1,1,0,0,0,0,0,1,5659
577,0,2013-04-13,-0.7818314824680299,0.6234898018587334,0.8660254037844387,-0.49999999999999983,0.9796136916454901,-0.20089055513063506,5659.0,3512.0,6899.0,4618.571428571428,5157.0,2335.8373129096467,4299.133333333333,4864.0,2469.377329490635,2270.0,0,1,1,0,0,0,0,0,1,3719
577,0,2013-04-14,-2.4492935982947064e-16,1.0,0.8660254037844387,-0.49999999999999983,0.9760105506323683,-0.21772323039653177,3719.0,0.0,0.0,4618.571428571428,5157.0,2335.8373129096467,4139.466666666666,4780.5,2588.527083954854,2270.0,0,1,1,0,0,0,0,0,1,0
577,0,2013-04-15,0.7818314824680298,0.6234898018587336,0.8660254037844387,-0.49999999999999983,0.9721181966290613,-0.23449138957040985,0.0,7339.0,0.0,4164.0,4493.0,2004.2740165290118,4149.933333333333,4780.5,2587.9217455169587,2270.0,0,1,1,0,0,0,0,0,1,4157
577,0,2013-04-16,0.9749279121818236,-0.22252093395631434,0.8660254037844387,-0.49999999999999983,0.9679377830240642,-0.25119006388481935,4157.0,5963.0,5159.0,3896.1428571428573,4157.0,1842.5448369552582,4286.2,4780.5,2466.6580826194227,2270.0,0,1,1,0,0,0,0,0,1,4088
577,0,2013-04-17,0.43388373911755823,-0.900968867902419,0.8660254037844387,-0.49999999999999983,0.9634705485641488,-0.2678143051621742,4088.0,4493.0,3898.0,3773.285714285714,4088.0,1824.6998579022727,4242.7,4565.5,2466.2740311148973,2270.0,0,1,1,0,0,0,0,0,1,3633
577,0,2013-04-18,-0.433883739117558,-0.9009688679024191,0.8660254037844387,-0.49999999999999983,0.9587178169872964,-0.2843591872810034,3633.0,5157.0,4508.0,3581.0,3811.0,1722.6490259674688,4185.033333333334,4500.5,2455.07032673107,2270.0,0,1,1,0,0,0,0,0,1,3811
577,0,2013-04-19,-0.9749279121818236,-0.2225209339563146,0.8660254037844387,-0.49999999999999983,0.9536809966304457,-0.30081980763566735,3811.0,5659.0,4623.0,3384.714285714286,3811.0,1511.7844549059366,4143.0,4389.0,2441.7242212039005,2270.0,0,1,1,0,0,0,0,0,1,4285
577,0,2013-04-20,-0.7818314824680299,0.6234898018587334,0.8660254037844387,-0.49999999999999983,0.9483615800121715,-0.3171912885891061,4285.0,3719.0,3512.0,3407.0,3875.0,1518.6677275384068,4086.9,4221.0,2427.384577319156,2270.0,0,1,1,0,0,0,0,0,1,3875
577,0,2013-04-21,-2.4492935982947064e-16,1.0,0.8660254037844387,-0.49999999999999983,0.9427611433904207,-0.3334687789181868,3875.0,0.0,0.0,3407.0,3875.0,1518.667727538407,3899.9,4122.5,2520.314216179376,2270.0,0,1,1,0,0,0,0,0,1,0
577,0,2013-04-22,0.7818314824680298,0.6234898018587336,0.8660254037844387,-0.49999999999999983,0.9368813462954315,-0.3496474552512284,0.0,4157.0,7339.0,3742.1428571428573,3875.0,1918.0971845878435,3982.0,4221.0,2564.759973981568,2270.0,1,1,1,0,0,0,0,0,1,6503
577,0,2013-04-23,0.9749279121818236,-0.22252093395631434,0.8660254037844387,-0.49999999999999983,0.9307239310379795,-0.36572252349726897,6503.0,4088.0,5963.0,3888.285714285714,3875.0,1986.5895998155333,4152.366666666667,4389.0,2458.68896215924,2270.0,1,1,1,0,0,0,0,0,1,5111
577,0,2013-04-24,0.43388373911755823,-0.900968867902419,0.8660254037844387,-0.49999999999999983,0.9242907221930934,-0.3816892202666588,5111.0,3633.0,4493.0,3966.285714285714,4179.0,1985.6143225952117,4063.8333333333335,4232.0,2406.015694667952,2270.0,1,1,1,0,0,0,0,0,1,4179
577,0,2013-04-25,-0.433883739117558,-0.9009688679024191,0.8660254037844387,-0.49999999999999983,0.9175836260593937,-0.39754281428255595,4179.0,3811.0,5157.0,4113.857142857143,4285.0,2010.3819229664991,4027.3333333333335,4232.0,2384.8001193381815,2270.0,1,1,1,0,0,0,0,0,1,4844
577,0,2013-04-26,-0.9749279121818236,-0.2225209339563146,0.8660254037844387,-0.49999999999999983,0.9106046300942163,-0.4132786077829042,4844.0,4285.0,5659.0,4144.428571428572,4499.0,2015.0399381602726,3960.9333333333334,4232.0,2341.171412265492,2270.0,1,1,1,0,0,0,0,0,1,4499
577,0,2013-04-27,-0.7818314824680299,0.6234898018587334,0.8660254037844387,-0.49999999999999983,0.9033558023246845,-0.4288919379124835,4499.0,3875.0,3719.0,4170.714285714285,4499.0,2012.1375627497675,3799.1,4168.0,2146.709355879527,2270.0,0,1,1,0,0,0,0,0,1,4059
577,0,2013-04-28,-2.4492935982947064e-16,1.0,0.8660254037844387,-0.49999999999999983,0.895839290734909,-0.4443781781046132,4059.0,0.0,0.0,4170.714285714285,4499.0,2012.1375627497675,3799.1,4168.0,2146.709355879527,2270.0,0,1,1,0,0,0,0,0,1,0
577,0,2013-04-29,0.7818314824680298,0.6234898018587336,0.8660254037844387,-0.49999999999999983,0.8880573226294932,-0.45973273945210397,0.0,6503.0,4157.0,4101.0,4499.0,1924.4045832412694,3769.633333333333,4168.0,2108.417080432018,2270.0,1,1,1,0,0,0,0,0,1,6015
577,0,2013-04-30,0.9749279121818236,-0.22252093395631434,0.8660254037844387,-0.49999999999999983,0.8800122039735357,-0.47495107206704995,6015.0,5111.0,4088.0,4360.428571428572,4499.0,2187.656726358355,4000.5333333333333,4232.0,2060.1024369129595,2270.0,1,1,1,0,0,0,0,0,1,6927
577,0,2013-05-01,0.43388373911755823,-0.900968867902419,0.49999999999999994,-0.8660254037844387,0.8717063187093218,-0.49002866642905923,6927.0,4179.0,3633.0,3763.4285714285716,4499.0,2744.7103585589784,4000.5333333333333,4232.0,2060.1024369129595,2270.0,1,1,1,0,0,0,0,0,1,0
577,0,2013-05-02,-0.433883739117558,-0.9009688679024191,0.49999999999999994,-0.8660254037844387,0.8631421280499114,-0.5049610547215204,0.0,4844.0,3811.0,3976.0,4499.0,2895.8081197943125,4039.633333333333,4232.0,2093.705401720931,2270.0,1,1,1,0,0,0,0,0,1,6332
577,0,2013-05-03,-0.9749279121818236,-0.2225209339563146,0.49999999999999994,-0.8660254037844387,0.854322169749827,-0.5197438121555155,6332.0,4499.0,4285.0,4190.0,5997.0,2994.5664126881547,4109.6,4389.0,2123.666569062038,2270.0,1,1,1,0,0,0,0,0,1,5997
577,0,2013-05-04,-0.7818314824680299,0.6234898018587334,0.49999999999999994,-0.8660254037844387,0.8452490573530633,-0.5343725582809787,5997.0,4059.0,3875.0,4207.571428571428,5997.0,2994.0304416812946,4098.733333333334,4233.5,2122.3913632623407,2270.0,0,1,1,0,0,0,0,0,1,4182
577,0,2013-05-05,-2.4492935982947064e-16,1.0,0.49999999999999994,-0.8660254037844387,0.835925479418637,-0.548842958284719,4182.0,0.0,0.0,4207.571428571428,5997.0,2994.0304416812946,3944.633333333333,4180.5,2247.175721430905,2270.0,0,1,1,0,0,0,0,0,1,0
577,0,2013-05-06,0.7818314824680298,0.6234898018587336,0.49999999999999994,-0.8660254037844387,0.8263541987239096,-0.5631507242749186,0.0,6015.0,6503.0,4098.285714285715,5250.0,2930.3459815230995,4002.5666666666666,4233.5,2258.0147319902635,2270.0,0,1,1,0,0,0,0,0,1,5250
577,0,2013-05-07,0.9749279121818236,-0.22252093395631434,0.49999999999999994,-0.8660254037844387,0.8165380514459161,-0.5772916165517272,5250.0,6927.0,5111.0,3811.285714285714,4918.0,2696.1481607585865,4166.5,4389.0,2132.438619402032,2270.0,0,1,1,0,0,0,0,0,1,4918
577,0,2013-05-08,0.43388373911755823,-0.900968867902419,0.49999999999999994,-0.8660254037844387,0.8064799463209448,-0.5912614448635781,4918.0,0.0,4179.0,4514.857142857143,4925.0,2115.997040685663,4086.0333333333333,4389.0,2052.6505906087473,2270.0,0,1,1,0,0,0,0,0,1,4925
577,0,2013-05-09,-0.433883739117558,-0.9009688679024191,0.49999999999999994,-0.8660254037844387,0.7961828637826158,-0.6050560696488488,4925.0,6332.0,4844.0,3610.285714285714,4918.0,2523.8476389754414,3887.266666666667,4233.5,2150.984360598708,2270.0,0,1,1,0,0,0,0,0,1,0
577,0,2013-05-10,-0.9749279121818236,-0.2225209339563146,0.49999999999999994,-0.8660254037844387,0.7856498550787145,-0.6186714032625031,0.0,5997.0,4499.0,3475.0,4918.0,2396.772065369032,3905.8333333333335,4233.5,2158.782959867919,2270.0,0,1,1,0,0,0,0,0,1,5050
577,0,2013-05-11,-0.7818314824680299,0.6234898018587334,0.49999999999999994,-0.8660254037844387,0.7748840413670407,-0.6321034111873487,5050.0,4182.0,4059.0,3404.8571428571427,4918.0,2379.757160480276,3856.9666666666667,4180.5,2146.03940708963,2270.0,0,1,1,0,0,0,0,0,1,3691
577,0,2013-05-12,-2.4492935982947064e-16,1.0,0.49999999999999994,-0.8660254037844387,0.7638886127905428,-0.6453481132295501,3691.0,0.0,0.0,3404.8571428571427,4918.0,2379.757160480276,3668.3333333333335,4168.0,2229.275904295219,2270.0,0,1,1,0,0,0,0,0,1,0
577,0,2013-05-13,0.7818314824680298,0.6234898018587336,0.49999999999999994,-0.8660254037844387,0.7526668275320084,-0.6584015846980488,0.0,5250.0,6015.0,3629.4285714285716,4918.0,2642.5603655762134,3771.766666666667,4180.5,2302.491554267087,2270.0,1,1,1,0,0,0,0,0,1,6822
577,0,2013-05-14,0.9749279121818236,-0.22252093395631434,0.49999999999999994,-0.8660254037844387,0.741222010848596,-0.6712599575675313,6822.0,4918.0,6927.0,3802.714285714286,4925.0,2777.4688545679937,3976.133333333333,4233.5,2227.0232139343098,2270.0,1,1,1,0,0,0,0,0,1,6131
577,0,2013-05-15,0.43388373911755823,-0.900968867902419,0.49999999999999994,-0.8660254037844387,0.7295575540864875,-0.6839194216246106,6131.0,4925.0,0.0,3794.8571428571427,4870.0,2773.8403239655213,3999.9,4392.0,2232.816982941134,2270.0,1,1,1,0,0,0,0,0,1,4870
577,0,2013-05-16,-0.433883739117558,-0.9009688679024191,0.49999999999999994,-0.8660254037844387,0.717676913675962,-0.6963762255968722,4870.0,0.0,6332.0,4567.285714285715,5050.0,2243.0144682462287,4043.866666666667,4671.5,2247.549281931911,2270.0,1,1,1,0,0,0,0,0,1,5407
577,0,2013-05-17,-0.9749279121818236,-0.2225209339563146,0.49999999999999994,-0.8660254037844387,0.705583610107178,-0.7086266782644596,5407.0,5050.0,5997.0,4675.714285714285,5407.0,2288.1297831989145,4116.4,4857.0,2268.8437523138955,2270.0,1,1,1,0,0,0,0,0,1,5809
577,0,2013-05-18,-0.7818314824680299,0.6234898018587334,0.49999999999999994,-0.8660254037844387,0.6932812268869777,-0.7206671495538609,5809.0,3691.0,4182.0,4697.142857142857,5407.0,2278.0510258092295,4117.4,4857.0,2268.7111121394087,2270.0,0,1,1,0,0,0,0,0,1,3841
577,0,2013-05-19,-2.4492935982947064e-16,1.0,0.49999999999999994,-0.8660254037844387,0.6807734094770161,-0.7324940716135789,3841.0,0.0,0.0,4697.142857142857,5407.0,2278.0510258092295,3974.5666666666666,4857.0,2389.4690318192015,2270.0,0,1,1,0,0,0,0,0,1,0
577,0,2013-05-20,0.7818314824680298,0.6234898018587336,0.49999999999999994,-0.8660254037844387,0.6680638642135335,-0.7441039398713607,0.0,6822.0,5250.0,3722.5714285714284,4870.0,2646.90717990783,3845.4,4857.0,2497.3368656810517,2270.0,0,1,1,0,0,0,0,0,1,0
577,0,2013-05-21,0.9749279121818236,-0.22252093395631434,0.49999999999999994,-0.8660254037844387,0.6551563572090853,-0.7554933140726803,0.0,6131.0,4918.0,3595.8571428571427,4870.0,2531.090899761829,4020.2,4894.0,2400.5486499318567,2270.0,0,1,1,0,0,0,0,0,1,5244
577,0,2013-05-22,0.43388373911755823,-0.900968867902419,0.49999999999999994,-0.8660254037844387,0.6420547132365637,-0.766658819300159,5244.0,4870.0,4925.0,3462.5714285714284,3937.0,2476.7959717575222,3934.6666666666665,4857.0,2354.3029473319903,2270.0,0,1,1,0,0,0,0,0,1,3937
577,0,2013-05-23,-0.433883739117558,-0.9009688679024191,0.49999999999999994,-0.8660254037844387,0.6287628145958344,-0.777597146973627,3937.0,5407.0,0.0,3302.5714285714284,3937.0,2363.8524246903166,3907.2,4671.5,2344.893753934575,2270.0,0,1,1,0,0,0,0,0,1,4287
577,0,2013-05-24,-0.9749279121818236,-0.2225209339563146,0.49999999999999994,-0.8660254037844387,0.6152845999633276,-0.7883050558305255,4287.0,5809.0,5050.0,3096.5714285714284,3937.0,2163.35240288022,3913.4666666666667,4671.5,2345.8961780438885,2270.0,0,1,1,0,0,0,0,0,1,4367
577,0,2013-05-25,-0.7818314824680299,0.6234898018587334,0.49999999999999994,-0.8660254037844387,0.6016240632249226,-0.7987793728863649,4367.0,3841.0,3691.0,3085.714285714286,3937.0,2159.180378005021,3877.5,4433.0,2339.4000078122012,2270.0,0,1,1,0,0,0,0,0,1,3765
577,0,2013-05-26,-2.4492935982947064e-16,1.0,0.49999999999999994,-0.8660254037844387,0.5877852522924732,-0.8090169943749473,3765.0,0.0,0.0,3085.714285714286,3937.0,2159.180378005021,3727.5333333333333,4327.0,2440.2163800796843,2270.0,0,1,1,0,0,0,0,0,1,0
577,0,2013-05-27,0.7818314824680298,0.6234898018587336,0.49999999999999994,-0.8660254037844387,0.5737722679043246,-0.8190148866680801,0.0,0.0,6822.0,3949.8571428571427,4287.0,1915.0539094736941,3793.866666666667,4618.5,2476.317882960762,2270.0,1,1,1,0,0,0,0,0,1,6049
577,0,2013-05-28,0.9749279121818236,-0.22252093395631434,0.49999999999999994,-0.8660254037844387,0.5595892624101765,-0.8287700871745037,6049.0,5244.0,6131.0,4012.1428571428573,4287.0,1970.4492236180936,3983.2,4894.0,2391.947834167651,2270.0,1,1,1,0,0,0,0,0,1,5680
577,0,2013-05-29,0.43388373911755823,-0.900968867902419,0.49999999999999994,-0.8660254037844387,0.545240438540651,-0.8382797052177743,5680.0,3937.0,4870.0,4205.428571428572,4367.0,2027.3865654369645,3959.0333333333333,4894.0,2374.3094311215314,2270.0,1,1,1,0,0,0,0,0,1,5290
577,0,2013-05-30,-0.433883739117558,-0.9009688679024191,0.49999999999999994,-0.8660254037844387,0.5307300481619334,-0.8475409228928311,5290.0,4287.0,5407.0,4315.714285714285,5059.0,2053.3942399748544,3896.766666666667,4894.0,2317.607263199869,2270.0,1,1,1,0,0,0,0,0,1,5059
577,0,2013-05-31,-0.9749279121818236,-0.2225209339563146,0.49999999999999994,-0.8660254037844387,0.5160623910158528,-0.8565509959010036,5059.0,4367.0,5809.0,4677.142857142857,5290.0,2274.663303185144,4126.666666666667,4921.5,2259.072045275921,2270.0,1,1,1,0,0,0,0,0,1,6897
577,0,2013-06-01,-0.7818314824680299,0.6234898018587334,1.2246467991473532e-16,-1.0,0.5012418134457758,-0.865307254363206,6897.0,3765.0,3841.0,4801.285714285715,5290.0,2240.03479989975,4070.0666666666666,4894.0,2222.894772096983,2270.0,0,1,1,0,0,0,0,0,1,4634
577,0,2013-06-02,-2.4492935982947064e-16,1.0,1.2246467991473532e-16,-1.0,0.48627270710869,-0.8738071036110808,4634.0,0.0,0.0,4801.285714285715,5290.0,2240.03479989975,3870.1666666666665,4752.0,2311.51647615591,2270.0,0,1,1,0,0,0,0,0,1,0
577,0,2013-06-03,0.7818314824680298,0.6234898018587336,1.2246467991473532e-16,-1.0,0.4711595076738638,-0.8820480249558537,0.0,6049.0,0.0,4981.571428571428,5290.0,2402.113295769851,3974.4666666666667,4894.0,2395.1523129644297,2270.0,1,1,1,0,0,0,0,0,1,7311
577,0,2013-06-04,0.9749279121818236,-0.22252093395631434,1.2246467991473532e-16,-1.0,0.4559066935084588,-0.8900275764346767,7311.0,5680.0,5244.0,4921.714285714285,5261.0,2386.9816166228106,4149.833333333333,4921.5,2284.1437101254714,2270.0,1,1,1,0,0,0,0,0,1,5261
577,0,2013-06-05,0.43388373911755823,-0.900968867902419,1.2246467991473532e-16,-1.0,0.440518784350495,-0.8977433935342337,5261.0,5290.0,3937.0,4878.0,5059.0,2381.909458116885,4140.966666666666,4921.5,2280.238727419345,2270.0,1,1,1,0,0,0,0,0,1,4984
577,0,2013-06-06,-0.433883739117558,-0.9009688679024191,1.2246467991473532e-16,-1.0,0.42500033996955416,-0.9051931898913974,4984.0,5059.0,4287.0,4904.571428571428,5245.0,2385.300180769909,4151.866666666667,4954.5,2284.8580689842215,2270.0,1,1,1,0,0,0,0,0,1,5245
577,0,2013-06-07,-0.9749279121818236,-0.2225209339563146,1.2246467991473532e-16,-1.0,0.4093559588156213,-0.9123747579707273,5245.0,6897.0,4367.0,4681.428571428572,5245.0,2236.250198967226,4165.533333333334,5017.0,2290.8602620478387,2270.0,1,1,1,0,0,0,0,0,1,5335
577,0,2013-06-08,-0.7818314824680299,0.6234898018587334,1.2246467991473532e-16,-1.0,0.39359027665646673,-0.9192859697186104,5335.0,4634.0,3765.0,4523.428571428572,5245.0,2278.8260762318587,4283.133333333333,5017.0,2156.250492986785,2270.0,0,1,1,0,0,0,0,0,1,3528
577,0,2013-06-09,-2.4492935982947064e-16,1.0,1.2246467991473532e-16,-1.0,0.3777079652039649,-0.9259247771938498,3528.0,0.0,0.0,4523.428571428572,5245.0,2278.8260762318587,4114.8,4927.0,2287.4480043082503,2270.0,0,1,1,0,0,0,0,0,1,0
577,0,2013-06-10,0.7818314824680298,0.6234898018587336,1.2246467991473532e-16,-1.0,0.36171373072976765,-0.9322892131745133,0.0,7311.0,6049.0,4126.285714285715,4984.0,1927.162656539895,4142.8,4927.0,2287.222595201439,2270.0,0,1,1,0,0,0,0,0,1,4531
577,0,2013-06-11,0.9749279121818236,-0.22252093395631434,1.2246467991473532e-16,-1.0,0.3456123126707335,-0.9383773917408641,4531.0,5261.0,5680.0,3993.4285714285716,4531.0,1867.016769889231,4287.166666666667,4927.0,2149.2388722254823,2270.0,0,1,1,0,0,0,0,0,1,4331
577,0,2013-06-12,0.43388373911755823,-0.900968867902419,1.2246467991473532e-16,-1.0,0.3294084822245304,-0.9441875088341993,4331.0,4984.0,5290.0,3833.5714285714284,4331.0,1815.254422676782,4188.6,4752.0,2096.12933267734,2270.0,0,1,1,0,0,0,0,0,1,3865
577,0,2013-06-13,-0.433883739117558,-0.9009688679024191,1.2246467991473532e-16,-1.0,0.3131070409358269,-0.9497178427914316,3865.0,5245.0,5059.0,3718.8571428571427,4331.0,1734.782928646638,4132.3,4582.5,2064.604748847954,2270.0,0,1,1,0,0,0,0,0,1,4442
577,0,2013-06-14,-0.9749279121818236,-0.2225209339563146,1.2246467991473532e-16,-1.0,0.29671281927349075,-0.9549667548552551,4442.0,5335.0,6897.0,3612.5714285714284,4331.0,1639.4343391490092,4123.0,4561.0,2061.793661705332,2270.0,0,1,1,0,0,0,0,0,1,4591
577,0,2013-06-15,-0.7818314824680299,0.6234898018587334,1.2246467991473532e-16,-1.0,0.28023067519921585,-0.9599326896597447,4591.0,3528.0,4634.0,3712.8571428571427,4331.0,1654.7978153006507,4083.766666666667,4486.5,2047.668273298014,2270.0,0,1,1,0,0,0,0,0,1,4230
577,0,2013-06-16,-2.4492935982947064e-16,1.0,1.2246467991473532e-16,-1.0,0.26366549272800704,-0.9646141756912435,4230.0,0.0,0.0,3712.8571428571427,4331.0,1654.7978153006507,3890.133333333333,4404.5,2150.952631507377,2270.0,0,1,1,0,0,0,0,0,1,0
577,0,2013-06-17,0.7818314824680298,0.6234898018587336,1.2246467991473532e-16,-1.0,0.24702218048093552,-0.9690098257244062,0.0,4531.0,7311.0,4091.0,4331.0,2112.1493002784314,4001.366666666667,4486.5,2233.0417400137603,2270.0,1,1,1,0,0,0,0,0,1,7178
577,0,2013-06-18,0.9749279121818236,-0.22252093395631434,1.2246467991473532e-16,-1.0,0.23030567023061221,-0.9731183372332619,7178.0,4331.0,5261.0,4180.571428571428,4442.0,2137.1700803588265,4166.633333333333,4561.0,2106.5792418750493,2270.0,1,1,1,0,0,0,0,0,1,4958
577,0,2013-06-19,0.43388373911755823,-0.900968867902419,1.2246467991473532e-16,-1.0,0.21352091543979612,-0.9769384927771817,4958.0,3865.0,4984.0,4290.857142857143,4591.0,2138.0901468812012,4321.2,4612.5,1954.9785500190249,2270.0,1,1,1,0,0,0,0,0,1,4637
577,0,2013-06-20,-0.433883739117558,-0.9009688679024191,1.2246467991473532e-16,-1.0,0.19667288979357647,-0.980469160361632,4637.0,4442.0,5245.0,4525.571428571428,4637.0,2244.959009064744,4349.233333333334,4612.5,1974.598583096783,2270.0,1,1,1,0,0,0,0,0,1,6085
577,0,2013-06-21,-0.9749279121818236,-0.2225209339563146,1.2246467991473532e-16,-1.0,0.1797665857255624,-0.9837092937736097,6085.0,4591.0,5335.0,4737.857142857143,4958.0,2321.1433553726233,4420.566666666667,4635.5,1997.711927100143,2270.0,1,1,1,0,0,0,0,0,1,6077
577,0,2013-06-22,-0.7818314824680299,0.6234898018587334,1.2246467991473532e-16,-1.0,0.16280701293851715,-0.986657932891657,6077.0,4230.0,3528.0,4724.142857142857,4958.0,2324.924617313534,4415.466666666666,4635.5,1998.259893582128,2270.0,0,1,1,0,0,0,0,0,1,4134
577,0,2013-06-23,-2.4492935982947064e-16,1.0,1.2246467991473532e-16,-1.0,0.1457991969198751,-0.9893142039703663,4134.0,0.0,0.0,4724.142857142857,4958.0,2324.924617313534,4269.9,4635.5,2154.838522632426,2270.0,0,1,1,0,0,0,0,0,1,0
577,0,2013-06-24,0.7818314824680298,0.6234898018587336,1.2246467991473532e-16,-1.0,0.12874817745258132,-0.99167731989929,0.0,7178.0,4531.0,4386.142857142857,4812.0,2066.3269690097804,4304.8,4724.5,2154.857790331355,2270.0,0,1,1,0,0,0,0,0,1,4812
577,0,2013-06-25,0.9749279121818236,-0.22252093395631434,1.2246467991473532e-16,-1.0,0.11165900712169512,-0.993746580436178,4812.0,4958.0,4331.0,4212.0,4637.0,2061.46129400158,4429.433333333333,4724.5,1999.8428676779345,2270.0,0,1,1,0,0,0,0,0,1,3739
577,0,2013-06-26,0.43388373911755823,-0.900968867902419,1.2246467991473532e-16,-1.0,0.09453674981719912,-0.9955213724144752,3739.0,4637.0,3865.0,4082.8571428571427,4134.0,2058.7134678864722,4352.233333333334,4635.5,1979.7683717412833,2270.0,0,1,1,0,0,0,0,0,1,3733
577,0,2013-06-27,-0.433883739117558,-0.9009688679024191,1.2246467991473532e-16,-1.0,0.07738647923346301,-0.9970011699250151,3733.0,6085.0,4442.0,3735.285714285714,3739.0,1860.162512101717,4284.633333333333,4612.5,1967.4530267947146,2270.0,0,1,1,0,0,0,0,0,1,3652
577,0,2013-06-28,-0.9749279121818236,-0.2225209339563146,1.2246467991473532e-16,-1.0,0.06021327736579302,-0.9981855344718586,3652.0,6077.0,4591.0,3575.285714285714,3739.0,1662.8783994714013,4273.533333333334,4612.5,1962.518521473477,2270.0,0,1,1,0,0,0,0,0,1,4957
577,0,2013-06-29,-0.7818314824680299,0.6234898018587334,1.2246467991473532e-16,-1.0,0.04302223300453059,-0.99907411510223,4957.0,4134.0,4230.0,3589.285714285714,3739.0,1668.7683796027245,4245.966666666666,4561.0,1956.9051830383362,2270.0,0,1,1,0,0,0,0,0,1,4232
577,0,2013-06-30,-2.4492935982947064e-16,1.0,1.2246467991473532e-16,-1.0,0.02581844022713308,-0.9996666485105112,4232.0,0.0,0.0,3589.285714285714,3739.0,1668.7683796027243,4016.0666666666666,4486.5,2038.1659594255136,2270.0,0,1,1,0,0,0,0,0,1,0
577,0,2013-07-01,0.7818314824680298,0.6234898018587336,-0.4999999999999998,-0.8660254037844388,0.008606996888688698,-0.9999629591162655,0.0,4812.0,7178.0,4031.0,3739.0,2326.1081946748163,4125.066666666667,4486.5,2156.3638604953894,2270.0,1,1,1,0,0,0,0,0,1,7904
577,0,2013-07-02,0.9749279121818236,-0.22252093395631434,-0.4999999999999998,-0.8660254037844388,-0.008606996888688009,-0.9999629591162655,7904.0,3739.0,4958.0,4350.285714285715,4232.0,2430.3997417630517,4324.2,4561.0,2034.6990356112246,2270.0,1,1,1,0,0,0,0,0,1,5974
577,0,2013-07-03,0.43388373911755823,-0.900968867902419,-0.4999999999999998,-0.8660254037844388,-0.02581844022713239,-0.9996666485105112,5974.0,3733.0,4637.0,4544.714285714285,4957.0,2427.224389728985,4250.3,4561.0,1961.4191405274887,2270.0,1,1,1,0,0,0,0,0,1,5094
577,0,2013-07-04,-0.433883739117558,-0.9009688679024191,-0.4999999999999998,-0.8660254037844388,-0.04302223300453034,-0.99907411510223,5094.0,3652.0,6085.0,4802.428571428572,5094.0,2412.3672921802267,4256.8,4561.0,1965.203479856828,2270.0,1,1,1,0,0,0,0,0,1,5456
577,0,2013-07-05,-0.9749279121818236,-0.2225209339563146,-0.4999999999999998,-0.8660254037844388,-0.060213277365792774,-0.9981855344718586,5456.0,4957.0,6077.0,4838.571428571428,5210.0,2416.959995334558,4264.333333333333,4561.0,1968.5175996749156,2270.0,1,1,1,0,0,0,0,0,1,5210
577,0,2013-07-06,-0.7818314824680299,0.6234898018587334,-0.4999999999999998,-0.8660254037844388,-0.07738647923346322,-0.9970011699250151,5210.0,4232.0,4134.0,4779.285714285715,5210.0,2439.3048678046057,4216.733333333334,4486.5,1961.2382776218706,2270.0,0,1,1,0,0,0,0,0,1,3817
577,0,2013-07-07,-2.4492935982947064e-16,1.0,-0.4999999999999998,-0.8660254037844388,-0.09453674981719933,-0.9955213724144752,3817.0,0.0,0.0,4779.285714285715,5210.0,2439.3048678046057,4038.9,4386.5,2093.7410067743053,2270.0,0,1,1,0,0,0,0,0,1,0
577,0,2013-07-08,0.7818314824680298,0.6234898018587336,-0.4999999999999998,-0.8660254037844388,-0.11165900712169444,-0.9937465804361781,0.0,7904.0,4812.0,4343.428571428572,5094.0,2025.3824212678837,4083.0666666666666,4486.5,2096.565416848814,2270.0,0,1,1,0,0,0,0,0,1,4853
577,0,2013-07-09,0.9749279121818236,-0.22252093395631434,-0.4999999999999998,-0.8660254037844388,-0.12874817745258066,-0.99167731989929,4853.0,5974.0,3739.0,4071.5714285714284,4853.0,1893.4603998273337,4218.766666666666,4486.5,1949.7859066085182,2270.0,0,1,1,0,0,0,0,0,1,4071
577,0,2013-07-10,0.43388373911755823,-0.900968867902419,-0.4999999999999998,-0.8660254037844388,-0.14579919691987442,-0.9893142039703664,4071.0,5094.0,3733.0,3970.714285714286,4388.0,1848.1844888327314,4214.0,4415.0,1949.17096435276,2270.0,0,1,1,0,0,0,0,0,1,4388
577,0,2013-07-11,-0.433883739117558,-0.9009688679024191,-0.4999999999999998,-0.8660254037844388,-0.16280701293851646,-0.9866579328916572,4388.0,5456.0,3652.0,3811.285714285714,4340.0,1743.8984789149579,4214.3,4415.0,1949.1902854686925,2270.0,0,1,1,0,0,0,0,0,1,4340
577,0,2013-07-12,-0.9749279121818236,-0.2225209339563146,-0.4999999999999998,-0.8660254037844388,-0.17976658572556214,-0.9837092937736098,4340.0,5210.0,4957.0,3734.285714285714,4340.0,1682.671260653301,4241.166666666667,4516.5,1949.7643550516282,2270.0,0,1,1,0,0,0,0,0,1,4671
577,0,2013-07-13,-0.7818314824680299,0.6234898018587334,-0.4999999999999998,-0.8660254037844388,-0.19667288979357622,-0.9804691603616321,4671.0,3817.0,4232.0,3699.285714285714,4340.0,1683.2119805385682,4212.166666666667,4489.5,1953.1413262306164,2270.0,0,1,1,0,0,0,0,0,1,3572
577,0,2013-07-14,-2.4492935982947064e-16,1.0,-0.4999999999999998,-0.8660254037844388,-0.2135209154397959,-0.9769384927771817,3572.0,0.0,0.0,3699.285714285714,4340.0,1683.2119805385685,4059.133333333333,4364.0,2096.9956133237033,2270.0,0,1,1,0,0,0,0,0,1,0
577,0,2013-07-15,0.7818314824680298,0.6234898018587336,-0.4999999999999998,-0.8660254037844388,-0.23030567023061196,-0.973118337233262,0.0,4853.0,7904.0,4032.714285714286,4340.0,2123.444035388871,4157.7,4512.5,2173.406830697866,2270.0,1,1,1,0,0,0,0,0,1,7187
577,0,2013-07-16,0.9749279121818236,-0.22252093395631434,-0.4999999999999998,-0.8660254037844388,-0.24702218048093527,-0.9690098257244063,7187.0,4071.0,5974.0,4195.714285714285,4388.0,2170.1518160630853,4331.433333333333,4654.0,2033.4004250284188,2270.0,1,1,1,0,0,0,0,0,1,5212
577,0,2013-07-17,0.43388373911755823,-0.900968867902419,-0.4999999999999998,-0.8660254037844388,-0.2636654927280072,-0.9646141756912435,5212.0,4388.0,5094.0,4250.0,4671.0,2180.491611235106,4251.1,4654.0,1963.4667326809574,2270.0,1,1,1,0,0,0,0,0,1,4768
577,0,2013-07-18,-0.433883739117558,-0.9009688679024191,-0.4999999999999998,-0.8660254037844388,-0.2802306751992161,-0.9599326896597445,4768.0,4340.0,5456.0,4423.142857142857,4768.0,2236.2363044910558,4270.9,4654.0,1973.8088393972616,2270.0,1,1,1,0,0,0,0,0,1,5552
577,0,2013-07-19,-0.9749279121818236,-0.2225209339563146,-0.4999999999999998,-0.8660254037844388,-0.2967128192734901,-0.9549667548552553,5552.0,4671.0,5210.0,4622.142857142857,5212.0,2322.2937245010908,4318.466666666666,4719.5,1999.957063906941,2270.0,1,1,1,0,0,0,0,0,1,6064
577,0,2013-07-20,-0.7818314824680299,0.6234898018587334,-0.4999999999999998,-0.8660254037844388,-0.3131070409358267,-0.9497178427914317,6064.0,3572.0,3817.0,4628.428571428572,5212.0,2319.0348464496224,4236.166666666667,4529.5,1975.4060269383542,2270.0,0,1,1,0,0,0,0,0,1,3616
577,0,2013-07-21,-2.4492935982947064e-16,1.0,-0.4999999999999998,-0.8660254037844388,-0.3294084822245302,-0.9441875088341994,3616.0,0.0,0.0,4628.428571428572,5212.0,2319.0348464496224,4033.6,4364.0,2088.4748039889196,2270.0,0,1,1,0,0,0,0,0,1,0
577,0,2013-07-22,0.7818314824680298,0.6234898018587336,-0.4999999999999998,-0.8660254037844388,-0.3456123126707333,-0.9383773917408642,0.0,7187.0,4853.0,4263.285714285715,4768.0,2032.5660886578592,4050.1666666666665,4509.5,2091.268021268822,2270.0,0,1,1,0,0,0,0,0,1,4631
577,0,2013-07-23,0.9749279121818236,-0.22252093395631434,-0.4999999999999998,-0.8660254037844388,-0.3617137307297674,-0.9322892131745134,4631.0,5212.0,4071.0,4126.0,4631.0,1989.8119676659574,4191.866666666667,4509.5,1946.373936028373,2270.0,0,1,1,0,0,0,0,0,1,4251
577,0,2013-07-24,0.43388373911755823,-0.900968867902419,-0.4999999999999998,-0.8660254037844388,-0.37770796520396466,-0.9259247771938499,4251.0,4768.0,4388.0,3978.5714285714284,4251.0,1972.4730549188635,4156.0,4364.0,1944.4654437837075,2270.0,0,1,1,0,0,0,0,0,1,3736
577,0,2013-07-25,-0.433883739117558,-0.9009688679024191,-0.4999999999999998,-0.8660254037844388,-0.39359027665646645,-0.9192859697186105,3736.0,5552.0,4340.0,3742.5714285714284,3900.0,1847.724894488973,4161.366666666667,4364.0,1943.4967860717622,2270.0,0,1,1,0,0,0,0,0,1,3900
577,0,2013-07-26,-0.9749279121818236,-0.2225209339563146,-0.4999999999999998,-0.8660254037844388,-0.4093559588156211,-0.9123747579707274,3900.0,6064.0,4671.0,3464.1428571428573,3900.0,1564.7970505863718,4174.1,4364.0,1941.8441350498736,2270.0,0,1,1,0,0,0,0,0,1,4115
577,0,2013-07-27,-0.7818314824680299,0.6234898018587334,-0.4999999999999998,-0.8660254037844388,-0.42500033996955394,-0.9051931898913975,4115.0,3616.0,3572.0,3496.8571428571427,3900.0,1570.8829182523891,4180.533333333334,4364.0,1940.3739194099785,2270.0,0,1,1,0,0,0,0,0,1,3845
577,0,2013-07-28,-2.4492935982947064e-16,1.0,-0.4999999999999998,-0.8660254037844388,-0.4405187843504952,-0.8977433935342336,3845.0,0.0,0.0,3496.8571428571427,3900.0,1570.8829182523891,4015.3,4295.5,2078.1405340617243,2270.0,0,1,1,0,0,0,0,0,1,0
577,0,2013-07-29,0.7818314824680298,0.6234898018587336,-0.4999999999999998,-0.8660254037844388,-0.455906693508459,-0.8900275764346766,0.0,4631.0,7187.0,3903.1428571428573,3900.0,2167.5601820611914,4123.4,4364.0,2172.027268514928,2270.0,1,1,1,0,0,0,0,0,1,7475
577,0,2013-07-30,0.9749279121818236,-0.22252093395631434,-0.4999999999999998,-0.8660254037844388,-0.47115950767386394,-0.8820480249558535,7475.0,4251.0,5212.0,4270.857142857143,3900.0,2437.883332495045,4350.9,4509.5,2080.756648682034,2270.0,1,1,1,0,0,0,0,0,1,6825
577,0,2013-07-31,0.43388373911755823,-0.900968867902419,-0.4999999999999998,-0.8660254037844388,-0.4862727071086902,-0.8738071036110807,6825.0,3736.0,4768.0,4782.428571428572,4115.0,2671.4736168853124,4331.333333333333,4509.5,2048.7055851714395,2270.0,1,1,1,0,0,0,0,0,1,7317
577,0,2013-08-01,-0.433883739117558,-0.9009688679024191,-0.8660254037844384,-0.5000000000000004,-0.5012418134457756,-0.8653072543632061,7317.0,3900.0,5552.0,5164.142857142857,6572.0,2714.914757935717,4351.266666666666,4509.5,2068.0571914544444,2270.0,1,1,1,0,0,0,0,0,1,6572
577,0,2013-08-02,-0.9749279121818236,-0.2225209339563146,-0.8660254037844384,-0.5000000000000004,-0.5160623910158526,-0.8565509959010037,6572.0,4115.0,6064.0,5438.428571428572,6572.0,2688.110727948962,4382.633333333333,4509.5,2086.7624236227,2270.0,1,1,1,0,0,0,0,0,1,6035
577,0,2013-08-03,-0.7818314824680299,0.6234898018587334,-0.8660254037844384,-0.5000000000000004,-0.5307300481619331,-0.8475409228928312,6035.0,3845.0,3616.0,5653.857142857143,6572.0,2598.045831554393,4379.2,4509.5,2085.019530215321,2270.0,0,1,1,0,0,0,0,0,1,5353
577,0,2013-08-04,-2.4492935982947064e-16,1.0,-0.8660254037844384,-0.5000000000000004,-0.5452404385406507,-0.8382797052177745,5353.0,0.0,0.0,5653.857142857143,6572.0,2598.045831554393,4205.533333333334,4364.0,2225.6672573028277,2270.0,0,1,1,0,0,0,0,0,1,0
577,0,2013-08-05,0.7818314824680298,0.6234898018587336,-0.8660254037844384,-0.5000000000000004,-0.5595892624101763,-0.828770087174504,0.0,7475.0,4631.0,5517.285714285715,6519.0,2509.993407314433,4295.6,4509.5,2263.7477104464915,2270.0,0,1,1,0,0,0,0,0,1,6519
577,0,2013-08-06,0.9749279121818236,-0.22252093395631434,-0.8660254037844384,-0.5000000000000004,-0.5737722679043243,-0.8190148866680802,6519.0,6825.0,4251.0,5431.0,6221.0,2467.5690466530036,4502.966666666666,4651.0,2138.134983051149,2270.0,0,1,1,0,0,0,0,0,1,6221
577,0,2013-08-07,0.43388373911755823,-0.900968867902419,-0.8660254037844384,-0.5000000000000004,-0.5877852522924734,-0.8090169943749472,6221.0,7317.0,3736.0,5096.0,6035.0,2323.8435116562123,4506.933333333333,4651.0,2138.9169984917116,2270.0,0,1,1,0,0,0,0,0,1,4972
577,0,2013-08-08,-0.433883739117558,-0.9009688679024191,-0.8660254037844384,-0.5000000000000004,-0.6016240632249227,-0.7987793728863648,4972.0,6572.0,3900.0,4849.285714285715,5353.0,2230.8384607799926,4532.733333333334,4719.5,2138.1452957521706,2270.0,0,1,1,0,0,0,0,0,1,4845
577,0,2013-08-09,-0.9749279121818236,-0.2225209339563146,-0.8660254037844384,-0.5000000000000004,-0.6152845999633277,-0.7883050558305253,4845.0,6035.0,4115.0,4668.142857142857,4972.0,2169.1398009788313,4545.366666666667,4767.5,2138.3803004132387,2270.0,0,1,1,0,0,0,0,0,1,4767
577,0,2013-08-10,-0.7818314824680299,0.6234898018587334,-0.8660254037844384,-0.5000000000000004,-0.6287628145958345,-0.7775971469736268,4767.0,5353.0,3845.0,4481.0,4845.0,2156.6803966590273,4535.466666666666,4767.5,2140.0507202067624,2270.0,0,1,1,0,0,0,0,0,1,4043
577,0,2013-08-11,-2.4492935982947064e-16,1.0,-0.8660254037844384,-0.5000000000000004,-0.6420547132365636,-0.7666588193001592,4043.0,0.0,0.0,4481.0,4845.0,2156.6803966590273,4379.766666666666,4767.5,2294.216937752678,2270.0,0,1,1,0,0,0,0,0,1,0
577,0,2013-08-12,0.7818314824680298,0.6234898018587336,-0.8660254037844384,-0.5000000000000004,-0.655156357209085,-0.7554933140726804,0.0,6519.0,7475.0,4730.428571428572,4845.0,2504.573540355249,4536.2,4806.5,2395.0229917548795,2270.0,1,1,1,0,0,0,0,0,1,8265
577,0,2013-08-13,0.9749279121818236,-0.22252093395631434,-0.8660254037844384,-0.5000000000000004,-0.6680638642135333,-0.7441039398713608,8265.0,6221.0,6825.0,4818.857142857143,4845.0,2575.88440660494,4764.2,4908.5,2270.6431019761203,2270.0,1,1,1,0,0,0,0,0,1,6840
577,0,2013-08-14,0.43388373911755823,-0.900968867902419,-0.8660254037844384,-0.5000000000000004,-0.6807734094770159,-0.7324940716135792,6840.0,4972.0,7317.0,4842.285714285715,4845.0,2578.2541712229577,4695.833333333333,4908.5,2225.6098595949943,2270.0,1,1,1,0,0,0,0,0,1,5136
577,0,2013-08-15,-0.433883739117558,-0.9009688679024191,-0.8660254037844384,-0.5000000000000004,-0.6932812268869771,-0.7206671495538615,5136.0,4845.0,6572.0,4906.142857142857,5136.0,2583.862059564549,4698.5,4908.5,2226.297463626938,2270.0,1,1,1,0,0,0,0,0,1,5292
577,0,2013-08-16,-0.9749279121818236,-0.2225209339563146,-0.8660254037844384,-0.5000000000000004,-0.7055836101071774,-0.7086266782644601,5292.0,4767.0,6035.0,5017.857142857143,5292.0,2593.7297101902927,4724.533333333334,5054.0,2231.6979732208783,2270.0,1,1,1,0,0,0,0,0,1,5549
577,0,2013-08-17,-0.7818314824680299,0.6234898018587334,-0.8660254037844384,-0.5000000000000004,-0.7176769136759615,-0.6963762255968726,5549.0,4043.0,5353.0,4969.0,5292.0,2618.2583269545194,4662.833333333333,4908.5,2233.6186209105117,2270.0,0,1,1,0,0,0,0,0,1,3701
577,0,2013-08-18,-2.4492935982947064e-16,1.0,-0.8660254037844384,-0.5000000000000004,-0.7295575540864876,-0.6839194216246105,3701.0,0.0,0.0,4969.0,5292.0,2618.2583269545194,4460.7,4806.0,2372.511562415053,2270.0,0,1,1,0,0,0,0,0,1,0
577,0,2013-08-19,0.7818314824680298,0.6234898018587336,-0.8660254037844384,-0.5000000000000004,-0.7412220108485957,-0.6712599575675315,0.0,8265.0,6519.0,4428.571428571428,5136.0,2177.949024284306,4489.566666666667,4806.0,2367.1418774159065,2270.0,0,1,1,0,0,0,0,0,1,4482
577,0,2013-08-20,0.9749279121818236,-0.22252093395631434,-0.8660254037844384,-0.5000000000000004,-0.7526668275320083,-0.6584015846980489,4482.0,6840.0,6221.0,4059.8571428571427,4482.0,1902.7561963785977,4631.533333333334,4806.0,2211.1767460560145,2270.0,0,1,1,0,0,0,0,0,1,4259
577,0,2013-08-21,0.43388373911755823,-0.900968867902419,-0.8660254037844384,-0.5000000000000004,-0.7638886127905429,-0.64534811322955,4259.0,5136.0,4972.0,3918.5714285714284,4259.0,1845.384590190969,4615.4,4806.0,2212.9457602777,2270.0,0,1,1,0,0,0,0,0,1,4147
577,0,2013-08-22,-0.433883739117558,-0.9009688679024191,-0.8660254037844384,-0.5000000000000004,-0.7748840413670406,-0.6321034111873488,4147.0,5292.0,4845.0,3780.4285714285716,4259.0,1759.6382068617465,4617.866666666667,4806.0,2212.566784237858,2270.0,0,1,1,0,0,0,0,0,1,4325
577,0,2013-08-23,-0.9749279121818236,-0.2225209339563146,-0.8660254037844384,-0.5000000000000004,-0.7856498550787144,-0.6186714032625032,4325.0,5549.0,4767.0,3570.285714285714,4147.0,1593.190898196208,4629.266666666666,4806.0,2208.744142053915,2270.0,0,1,1,0,0,0,0,0,1,4078
577,0,2013-08-24,-0.7818314824680299,0.6234898018587334,-0.8660254037844384,-0.5000000000000004,-0.7961828637826154,-0.6050560696488494,4078.0,3701.0,4043.0,3541.4285714285716,4147.0,1592.257815927105,4615.9,4806.0,2214.515458016294,2270.0,0,1,1,0,0,0,0,0,1,3499
577,0,2013-08-25,-2.4492935982947064e-16,1.0,-0.8660254037844384,-0.5000000000000004,-0.8064799463209447,-0.5912614448635782,3499.0,0.0,0.0,3541.4285714285716,4147.0,1592.257815927105,4478.733333333334,4806.0,2368.685608653814,2270.0,0,1,1,0,0,0,0,0,1,0
577,0,2013-08-26,0.7818314824680298,0.6234898018587336,-0.8660254037844384,-0.5000000000000004,-0.8165380514459157,-0.5772916165517278,0.0,4482.0,8265.0,3926.5714285714284,4147.0,2102.115668966456,4589.833333333333,4908.5,2415.635849516909,2270.0,1,1,1,0,0,0,0,0,1,7178
577,0,2013-08-27,0.9749279121818236,-0.22252093395631434,-0.8660254037844384,-0.5000000000000004,-0.8263541987239095,-0.5631507242749187,7178.0,4259.0,6840.0,4145.857142857143,4147.0,2219.366233002224,4782.966666666666,5054.0,2262.802907645867,2270.0,1,1,1,0,0,0,0,0,1,5794
577,0,2013-08-28,0.43388373911755823,-0.900968867902419,-0.8660254037844384,-0.5000000000000004,-0.8359254794186365,-0.5488429582847199,5794.0,4147.0,5136.0,4224.571428571428,4325.0,2229.1630609672675,4690.4,4908.5,2204.9407779989856,2270.0,1,1,1,0,0,0,0,0,1,4698
577,0,2013-08-29,-0.433883739117558,-0.9009688679024191,-0.8660254037844384,-0.5000000000000004,-0.8452490573530634,-0.5343725582809785,4698.0,4325.0,5292.0,4445.285714285715,4698.0,2315.576005683088,4658.566666666667,4908.5,2179.810885238055,2270.0,1,1,1,0,0,0,0,0,1,5870
577,0,2013-08-30,-0.9749279121818236,-0.2225209339563146,-0.8660254037844384,-0.5000000000000004,-0.8543221697498269,-0.5197438121555157,5870.0,4078.0,5549.0,4913.428571428572,5794.0,2548.489347119379,4659.833333333333,4908.5,2181.419390550858,2270.0,1,1,1,0,0,0,0,0,1,7355
577,0,2013-08-31,-0.7818314824680299,0.6234898018587334,-0.8660254037844384,-0.5000000000000004,-0.8631421280499115,-0.5049610547215202,7355.0,3499.0,3701.0,5104.714285714285,5794.0,2473.787158338792,4602.033333333334,4841.5,2151.777636943601,2270.0,0,1,1,0,0,0,0,0,1,4838
577,0,2013-09-01,-2.4492935982947064e-16,1.0,-1.0,-1.8369701987210297e-16,-0.8717063187093218,-0.4900286664290594,4838.0,0.0,0.0,5104.714285714285,5794.0,2473.787158338792,4400.866666666667,4802.5,2290.802746416312,2270.0,0,1,1,0,0,0,0,0,1,0
577,0,2013-09-02,0.7818314824680298,0.6234898018587336,-1.0,-1.8369701987210297e-16,-0.8800122039735356,-0.4749510720670502,0.0,7178.0,4482.0,4759.0,4838.0,2298.6519962795605,4381.033333333334,4762.5,2284.843048760959,2270.0,0,1,1,0,0,0,0,0,1,4758
577,0,2013-09-03,0.9749279121818236,-0.22252093395631434,-1.0,-1.8369701987210297e-16,-0.888057322629493,-0.4597327394521046,4758.0,5794.0,4259.0,4612.0,4765.0,2253.8986223874417,4539.866666666667,4766.0,2130.176141872383,2270.0,0,1,1,0,0,0,0,0,1,4765
577,0,2013-09-04,0.43388373911755823,-0.900968867902419,-1.0,-1.8369701987210297e-16,-0.8958392907349089,-0.44437817810461344,4765.0,4698.0,4147.0,4549.428571428572,4765.0,2257.190573636682,4464.566666666667,4761.5,2097.478908419434,2270.0,0,1,1,0,0,0,0,0,1,4260
577,0,2013-09-05,-0.433883739117558,-0.9009688679024191,-1.0,-1.8369701987210297e-16,-0.9033558023246842,-0.4288919379124841,4260.0,5870.0,4325.0,4305.571428571428,4758.0,2181.689319246508,4395.966666666666,4728.0,2071.5463237070944,2270.0,0,1,1,0,0,0,0,0,1,4163
577,0,2013-09-06,-0.9749279121818236,-0.2225209339563146,-1.0,-1.8369701987210297e-16,-0.9106046300942162,-0.41327860778290443,4163.0,7355.0,4078.0,3785.714285714286,4260.0,1718.3048540432442,4354.1,4590.0,2072.195043908756,2270.0,0,1,1,0,0,0,0,0,1,3716
577,0,2013-09-07,-0.7818314824680299,0.6234898018587334,-1.0,-1.8369701987210297e-16,-0.9175836260593934,-0.3975428142825566,3716.0,4838.0,3499.0,3632.285714285714,4163.0,1655.4865059639037,4318.066666666667,4403.5,2072.7631056042155,2270.0,0,1,1,0,0,0,0,0,1,3764
577,0,2013-09-08,-2.4492935982947064e-16,1.0,-1.0,-1.8369701987210297e-16,-0.9242907221930934,-0.3816892202666586,3764.0,0.0,0.0,3632.285714285714,4163.0,1655.4865059639035,4159.166666666667,4292.5,2215.0016904069744,2270.0,0,1,1,0,0,0,0,0,1,0
577,0,2013-09-09,0.7818314824680298,0.6234898018587336,-1.0,-1.8369701987210297e-16,-0.9307239310379793,-0.3657225234972692,0.0,4758.0,7178.0,3905.0,4163.0,1994.3862882266992,4246.633333333333,4403.5,2261.575305162211,2270.0,1,1,1,0,0,0,0,0,1,6667
577,0,2013-09-10,0.9749279121818236,-0.22252093395631434,-1.0,-1.8369701987210297e-16,-0.9368813462954315,-0.34964745525122826,6667.0,4765.0,5794.0,4117.714285714285,4163.0,2172.8218759856754,4455.1,4590.0,2141.6947744476947,2270.0,1,1,1,0,0,0,0,0,1,6254
577,0,2013-09-11,0.43388373911755823,-0.900968867902419,-1.0,-1.8369701987210297e-16,-0.9427611433904206,-0.33346877891818705,6254.0,4260.0,4698.0,4277.857142857143,4163.0,2225.722910919165,4358.966666666666,4590.0,2026.407922363141,2270.0,1,1,1,0,0,0,0,0,1,5381
577,0,2013-09-12,-0.433883739117558,-0.9009688679024191,-1.0,-1.8369701987210297e-16,-0.9483615800121716,-0.31719128858910595,5381.0,4163.0,5870.0,4425.571428571428,5197.0,2250.9979162690543,4304.2,4590.0,1978.682379418359,2270.0,1,1,1,0,0,0,0,0,1,5197
577,0,2013-09-13,-0.9749279121818236,-0.2225209339563146,-1.0,-1.8369701987210297e-16,-0.9536809966304455,-0.300819807635668,5197.0,3716.0,7355.0,4637.428571428572,5199.0,2242.8577646344315,4306.3,4590.0,1979.6288253627006,2270.0,1,1,1,0,0,0,0,0,1,5199
577,0,2013-09-14,-0.7818314824680299,0.6234898018587334,-1.0,-1.8369701987210297e-16,-0.9587178169872964,-0.2843591872810036,5199.0,3764.0,4838.0,4606.714285714285,5199.0,2258.231661742268,4248.2,4403.5,1975.274828543074,2270.0,0,1,1,0,0,0,0,0,1,3549
577,0,2013-09-15,-2.4492935982947064e-16,1.0,-1.0,-1.8369701987210297e-16,-0.9634705485641486,-0.26781430516217486,3549.0,0.0,0.0,4606.714285714285,5199.0,2258.231661742268,4063.233333333333,4292.5,2104.824928149827,2270.0,0,1,1,0,0,0,0,0,1,0
577,0,2013-09-16,0.7818314824680298,0.6234898018587336,-1.0,-1.8369701987210297e-16,-0.9679377830240642,-0.25119006388481957,0.0,6667.0,4758.0,4259.0,5197.0,2067.4545541156012,4080.9666666666667,4292.5,2103.9087184101654,2270.0,0,1,1,0,0,0,0,0,1,4233
577,0,2013-09-17,0.9749279121818236,-0.22252093395631434,-1.0,-1.8369701987210297e-16,-0.9721181966290612,-0.23449138957041052,4233.0,6254.0,4765.0,3950.8571428571427,4233.0,1872.0650299042716,4217.533333333334,4292.5,1957.7694861549835,2270.0,0,1,1,0,0,0,0,0,1,4097
577,0,2013-09-18,0.43388373911755823,-0.900968867902419,-1.0,-1.8369701987210297e-16,-0.9760105506323682,-0.21772323039653224,4097.0,5381.0,4260.0,3734.8571428571427,4097.0,1763.6404044448748,4197.1,4259.5,1958.1129788475032,2270.0,0,1,1,0,0,0,0,0,1,3869
577,0,2013-09-19,-0.433883739117558,-0.9009688679024191,-1.0,-1.8369701987210297e-16,-0.9796136916454901,-0.20089055513063528,3869.0,5197.0,4163.0,3537.8571428571427,3869.0,1646.2053768765147,4182.4,4246.5,1959.2872490112159,2270.0,0,1,1,0,0,0,0,0,1,3818
577,0,2013-09-20,-0.9749279121818236,-0.2225209339563146,-1.0,-1.8369701987210297e-16,-0.9829265519799822,-0.18399835165767986,3818.0,5199.0,3716.0,3385.8571428571427,3869.0,1510.81704479965,4182.0,4246.5,1959.2959502560257,2270.0,0,1,1,0,0,0,0,0,1,4135
577,0,2013-09-21,-0.7818314824680299,0.6234898018587334,-1.0,-1.8369701987210297e-16,-0.9859481499638303,-0.1670516255021195,4135.0,3549.0,3764.0,3410.4285714285716,3869.0,1515.3045741305464,4161.866666666667,4198.0,1960.8784930147565,2270.0,0,1,1,0,0,0,0,0,1,3721
577,0,2013-09-22,-2.4492935982947064e-16,1.0,-1.0,-1.8369701987210297e-16,-0.9886775902323404,-0.15005539834465262,3721.0,0.0,0.0,3410.4285714285716,3869.0,1515.3045741305464,4025.9333333333334,4198.0,2103.0852038642297,2270.0,0,1,1,0,0,0,0,0,1,0
577,0,2013-09-23,0.7818314824680298,0.6234898018587336,-1.0,-1.8369701987210297e-16,-0.9911140639934546,-0.13301470653419636,0.0,4233.0,6667.0,3721.4285714285716,3869.0,1889.4728415745021,4122.966666666666,4246.5,2144.6782972862343,2270.0,1,1,1,0,0,0,0,0,1,6410
577,0,2013-09-24,0.9749279121818236,-0.22252093395631434,-1.0,-1.8369701987210297e-16,-0.9932568492674143,-0.11593459959550066,6410.0,4097.0,6254.0,3884.1428571428573,3869.0,1974.3432180999198,4297.5,4479.0,2006.1615218431807,2270.0,1,1,1,0,0,0,0,0,1,5236
577,0,2013-09-25,0.43388373911755823,-0.900968867902419,-1.0,-1.8369701987210297e-16,-0.9951053111006974,-0.09882013873287211,5236.0,3869.0,5381.0,3980.285714285714,4135.0,1989.8085933313396,4209.633333333333,4401.0,1932.00557726284,2270.0,1,1,1,0,0,0,0,0,1,4542
577,0,2013-09-26,-0.433883739117558,-0.9009688679024191,-1.0,-1.8369701987210297e-16,-0.99665890175417,-0.08167639533042288,4542.0,3818.0,5197.0,4093.1428571428573,4542.0,2001.4395176615126,4170.1,4401.0,1910.4820902697272,2270.0,1,1,1,0,0,0,0,0,1,4608
577,0,2013-09-27,-0.9749279121818236,-0.2225209339563146,-1.0,-1.8369701987210297e-16,-0.9979171608653922,-0.06450844944931625,4608.0,4135.0,5199.0,4298.285714285715,4608.0,2078.552598507411,4199.2,4401.0,1925.3906974770189,2270.0,1,1,1,0,0,0,0,0,1,5571
577,0,2013-09-28,-0.7818314824680299,0.6234898018587334,-1.0,-1.8369701987210297e-16,-0.9988797155850335,-0.04732138832243232,5571.0,3721.0,3549.0,4286.142857142857,4608.0,2082.731253952483,4124.733333333334,4246.5,1901.5965512374507,2270.0,0,1,1,0,0,0,0,0,1,3636
577,0,2013-09-29,-2.4492935982947064e-16,1.0,-1.0,-1.8369701987210297e-16,-0.9995462806873573,-0.03012030484690836,3636.0,0.0,0.0,4286.142857142857,4608.0,2082.731253952483,3879.5666666666666,4198.0,1944.4138853318414,2270.0,0,1,1,0,0,0,0,0,1,0
577,0,2013-09-30,0.7818314824680298,0.6234898018587336,-1.0,-1.8369701987210297e-16,-0.9999166586547379,-0.012910296075008843,0.0,6410.0,4233.0,4124.285714285715,4608.0,1928.4821937027514,3894.2,4198.0,1953.5062800530998,2270.0,0,1,1,0,0,0,0,0,1,5277
577,0,2013-10-01,0.9749279121818236,-0.22252093395631434,-0.8660254037844386,0.5000000000000001,-0.9999907397361901,0.004303538296243821,5277.0,5236.0,4097.0,4071.1428571428573,4608.0,1897.6195990917536,4056.3333333333335,4246.5,1816.177481326692,2270.0,0,1,1,0,0,0,0,0,1,4864
577,0,2013-10-02,0.43388373911755823,-0.900968867902419,-0.8660254037844386,0.5000000000000001,-0.9997685019798909,0.021516097436222233,4864.0,4542.0,3869.0,4132.571428571428,4864.0,1922.2028905349605,4063.4666666666667,4246.5,1819.4457423059937,2270.0,0,1,1,0,0,0,0,0,1,4972
577,0,2013-10-03,-0.433883739117558,-0.9009688679024191,-0.8660254037844386,0.5000000000000001,-0.9992500112396835,0.03872228089217399,4972.0,4608.0,3818.0,3474.285714285714,4864.0,2449.078650859388,3904.633333333333,4198.0,1958.7458422961993,2270.0,0,1,1,0,0,0,0,0,1,0
577,0,2013-10-04,-0.9749279121818236,-0.2225209339563146,-0.8660254037844386,0.5000000000000001,-0.9984354211555643,0.05591699010060302,0.0,5571.0,4135.0,3453.8571428571427,4864.0,2429.190017857217,3943.5666666666666,4198.0,1977.5704300345742,2270.0,0,1,1,0,0,0,0,0,1,5428
577,0,2013-10-05,-0.7818314824680299,0.6234898018587334,-0.8660254037844386,0.5000000000000001,-0.9973249731081555,0.07309512989807776,5428.0,3636.0,3721.0,3437.5714285714284,4864.0,2428.1472948967257,3922.2,4184.0,1978.5803932147405,2270.0,0,1,1,0,0,0,0,0,1,3522
577,0,2013-10-06,-2.4492935982947064e-16,1.0,-0.8660254037844386,0.5000000000000001,-0.9959189961471792,0.0902516100310407,3522.0,0.0,0.0,3437.5714285714284,4864.0,2428.1472948967257,3798.3333333333335,4184.0,2104.260675036662,2270.0,0,1,1,0,0,0,0,0,1,0
577,0,2013-10-07,0.7818314824680298,0.6234898018587336,-0.8660254037844386,0.5000000000000001,-0.994217906893952,0.10738134666416306,0.0,5277.0,6410.0,3674.4285714285716,4864.0,2702.813216949016,3904.0333333333333,4387.5,2180.7290853469544,2270.0,1,1,1,0,0,0,0,0,1,6935
577,0,2013-10-08,0.9749279121818236,-0.22252093395631434,-0.8660254037844386,0.5000000000000001,-0.9922222094179324,0.12447926388678869,6935.0,4864.0,5236.0,3795.0,4972.0,2782.378059622141,4094.3,4575.0,2074.7960290276665,2270.0,1,1,1,0,0,0,0,0,1,5708
577,0,2013-10-09,0.43388373911755823,-0.900968867902419,-0.8660254037844386,0.5000000000000001,-0.989932495087353,0.141540295217043,5708.0,4972.0,4542.0,3769.0,4790.0,2770.370913794758,4031.733333333333,4575.0,2022.1732408703167,2270.0,1,1,1,0,0,0,0,0,1,4790
577,0,2013-10-10,-0.433883739117558,-0.9009688679024191,-0.8660254037844386,0.5000000000000001,-0.9873494423939864,0.15855938510313475,4790.0,0.0,4608.0,4445.0,4790.0,2220.0940670761393,3981.0,4575.0,1983.214405784294,2270.0,1,1,1,0,0,0,0,0,1,4732
577,0,2013-10-11,-0.9749279121818236,-0.2225209339563146,-0.8660254037844386,0.5000000000000001,-0.9844738167520923,0.17553149042142777,4732.0,5428.0,5571.0,4393.0,4790.0,2197.379120679908,3970.4333333333334,4575.0,1976.3304673287714,2270.0,1,1,1,0,0,0,0,0,1,5064
577,0,2013-10-12,-0.7818314824680299,0.6234898018587334,-0.8660254037844386,0.5000000000000001,-0.9813064702716093,0.19245158197082995,5064.0,3522.0,3636.0,4375.714285714285,4790.0,2205.832474319369,3910.5666666666666,4387.5,1965.0642646915699,2270.0,0,1,1,0,0,0,0,0,1,3401
577,0,2013-10-13,-2.4492935982947064e-16,1.0,-0.8660254037844386,0.5000000000000001,-0.9778483415056568,0.20931464596304888,3401.0,0.0,0.0,4375.714285714285,4790.0,2205.832474319369,3737.266666666667,4184.0,2073.76331129287,2270.0,0,1,1,0,0,0,0,0,1,0
577,0,2013-10-14,0.7818314824680298,0.6234898018587336,-0.8660254037844386,0.5000000000000001,-0.9741004551724206,0.22611568550828803,0.0,6935.0,5277.0,4041.285714285714,4732.0,1910.8893840552992,3772.1,4387.5,2079.2611477853516,2270.0,0,1,1,0,0,0,0,0,1,4594
577,0,2013-10-15,0.9749279121818236,-0.22252093395631434,-0.8660254037844386,0.5000000000000001,-0.970063921851507,0.2428497220959358,4594.0,5708.0,4864.0,3721.5714285714284,4594.0,1767.38506058554,3887.766666666667,4387.5,1954.9904609227267,2270.0,0,1,1,0,0,0,0,0,1,3470
577,0,2013-10-16,0.43388373911755823,-0.900968867902419,-0.8660254037844386,0.5000000000000001,-0.965739937654855,0.25951179706979943,3470.0,4790.0,4972.0,3621.285714285714,4088.0,1715.8199900033915,3882.9333333333334,4338.5,1954.2866223506865,2270.0,0,1,1,0,0,0,0,0,1,4088
577,0,2013-10-17,-0.433883739117558,-0.9009688679024191,-0.8660254037844386,0.5000000000000001,-0.9611297838723007,0.27609697309746883,4088.0,4732.0,0.0,3439.0,3470.0,1644.44853978469,3861.5666666666666,4338.5,1955.3692778203513,2270.0,0,1,1,0,0,0,0,0,1,3456
577,0,2013-10-18,-0.9749279121818236,-0.2225209339563146,-0.8660254037844386,0.5000000000000001,-0.9562348265919058,0.2926003356333479,3456.0,5064.0,5428.0,3300.4285714285716,3470.0,1520.9236072359508,3869.0666666666666,4338.5,1955.8302220467062,2270.0,0,1,1,0,0,0,0,0,1,4094
577,0,2013-10-19,-0.7818314824680299,0.6234898018587334,-0.8660254037844386,0.5000000000000001,-0.9510565162951536,0.30901699437494723,4094.0,3401.0,3522.0,3316.285714285714,3512.0,1522.7245006112903,3858.866666666667,4338.5,1956.903354851713,2270.0,0,1,1,0,0,0,0,0,1,3512
577,0,2013-10-20,-2.4492935982947064e-16,1.0,-0.8660254037844386,0.5000000000000001,-0.9455963874271428,0.3253420847119795,3512.0,0.0,0.0,3316.285714285714,3512.0,1522.7245006112903,3721.0333333333333,4318.0,2078.6211690367772,2270.0,0,1,1,0,0,0,0,0,1,0
577,0,2013-10-21,0.7818314824680298,0.6234898018587336,-0.8660254037844386,0.5000000000000001,-0.9398560579418953,0.341570769167856,0.0,4594.0,6935.0,3617.8571428571427,3512.0,1963.2605896459957,3820.5,4568.0,2148.8293645450394,2270.0,1,1,1,0,0,0,0,0,1,6705
577,0,2013-10-22,0.9749279121818236,-0.22252093395631434,-0.8660254037844386,0.5000000000000001,-0.9338372288229252,0.35769823883312546,6705.0,3470.0,5708.0,3918.714285714286,4088.0,2093.848507277585,4006.366666666667,4601.0,2045.6491168319674,2270.0,1,1,1,0,0,0,0,0,1,5576
577,0,2013-10-23,0.43388373911755823,-0.900968867902419,-0.8660254037844386,0.5000000000000001,-0.9275416835791965,0.3737197147904692,5576.0,4088.0,4790.0,4030.0,4094.0,2124.8178745483106,3954.9333333333334,4601.0,2002.0644850500832,2270.0,1,1,1,0,0,0,0,0,1,4867
577,0,2013-10-24,-0.433883739117558,-0.9009688679024191,-0.8660254037844386,0.5000000000000001,-0.9209712877166346,0.38963044953078774,4867.0,3456.0,4732.0,4228.0,4842.0,2126.9910672120845,3941.8,4601.0,1994.6496088458669,2270.0,1,1,1,0,0,0,0,0,1,4842
577,0,2013-10-25,-0.9749279121818236,-0.2225209339563146,-0.8660254037844386,0.5000000000000001,-0.9141279881853337,0.4054257283599973,4842.0,4094.0,5064.0,4371.142857142857,4867.0,2150.061427693903,3960.266666666667,4670.0,2002.9451751639751,2270.0,1,1,1,0,0,0,0,0,1,5096
577,0,2013-10-26,-0.7818314824680299,0.6234898018587334,-0.8660254037844386,0.5000000000000001,-0.9070138128026362,0.42110087079608916,5096.0,3512.0,3401.0,4413.285714285715,4867.0,2133.2402360638866,3933.5666666666666,4663.0,1999.3484918727966,2270.0,0,1,1,0,0,0,0,0,1,3807
577,0,2013-10-27,-2.4492935982947064e-16,1.0,-0.8660254037844386,0.5000000000000001,-0.8996308696522434,0.4366512319560638,3807.0,0.0,0.0,4413.285714285715,4867.0,2133.2402360638866,3747.866666666667,4344.0,2098.2888058233734,2270.0,0,1,1,0,0,0,0,0,1,0
577,0,2013-10-28,0.7818314824680298,0.6234898018587336,-0.8660254037844386,0.5000000000000001,-0.8919813464595487,0.45207220393230374,0.0,6705.0,4594.0,3895.8571428571427,4842.0,1912.5838917174701,3729.4333333333334,4344.0,2101.7316453808758,2270.0,0,1,1,0,0,0,0,0,1,3083
577,0,2013-10-29,0.9749279121818236,-0.22252093395631434,-0.8660254037844386,0.5000000000000001,-0.8840675099433637,0.46735921715800205,3083.0,5576.0,3470.0,3636.714285714286,3807.0,1764.1246851517906,3854.8333333333335,4344.0,1980.261513265241,2270.0,0,1,1,0,0,0,0,0,1,3762
577,0,2013-10-30,0.43388373911755823,-0.900968867902419,-0.8660254037844386,0.5000000000000001,-0.8758917051442433,0.48250774176121763,3762.0,4867.0,4088.0,3580.285714285714,3807.0,1724.075860114215,3828.0,4283.0,1965.7267674165535,2270.0,0,1,1,0,0,0,0,0,1,4472
577,0,2013-10-31,-0.433883739117558,-0.9009688679024191,-0.8660254037844386,0.5000000000000001,-0.867456354729597,0.4975132889071803,4472.0,4842.0,3456.0,3581.0,3807.0,1724.6866382041692,3827.4333333333334,4283.0,1965.4202443196752,2270.0,0,1,1,0,0,0,0,0,1,4847
577,0,2013-11-01,-0.9749279121818236,-0.2225209339563146,-0.5000000000000004,0.8660254037844384,-0.858763958275803,0.5123714121284235,4847.0,5096.0,4094.0,3592.1428571428573,3807.0,1736.318848269851,3834.1666666666665,4283.0,1969.8177245156708,2270.0,0,1,1,0,0,0,0,0,1,5174
577,0,2013-11-02,-0.7818314824680299,0.6234898018587334,-0.5000000000000004,0.8660254037844384,-0.8498170915275277,0.5270777086423724,5174.0,3807.0,3512.0,3678.5714285714284,4412.0,1763.6388384192926,3981.233333333333,4442.0,1833.6836241111328,2270.0,0,1,1,0,0,0,0,0,1,4412
577,0,2013-11-03,-2.4492935982947064e-16,1.0,-0.5000000000000004,0.8660254037844384,-0.8406184056344783,0.5416278206559811,4412.0,0.0,0.0,3678.5714285714284,4412.0,1763.6388384192926,3800.3,4253.0,1950.1056761816433,2270.0,0,1,1,0,0,0,0,0,1,0
577,0,2013-11-04,0.7818314824680298,0.6234898018587336,-0.5000000000000004,0.8660254037844384,-0.8311706263658079,0.5560174366570446,0.0,3083.0,6705.0,4307.285714285715,4472.0,2236.892987627088,3932.366666666667,4442.0,2061.5812391819854,2270.0,1,1,1,0,0,0,0,0,1,7484
577,0,2013-11-05,0.9749279121818236,-0.22252093395631434,-0.5000000000000004,0.8660254037844384,-0.8214765533024145,0.5702422926917867,7484.0,3762.0,5576.0,4611.0,4847.0,2294.114426091254,4128.633333333333,4533.0,1951.6462985676094,2270.0,1,1,1,0,0,0,0,0,1,5888
577,0,2013-11-06,0.43388373911755823,-0.900968867902419,-0.5000000000000004,0.8660254037844384,-0.8115390590073611,0.5842981736283683,5888.0,4472.0,4867.0,4797.142857142857,5174.0,2333.480835473866,4089.9666666666667,4533.0,1905.063588102153,2270.0,1,1,1,0,0,0,0,0,1,5775
577,0,2013-11-07,-0.433883739117558,-0.9009688679024191,-0.5000000000000004,0.8660254037844384,-0.8013610881746769,0.5981809144059159,5775.0,4847.0,4842.0,4837.571428571428,5174.0,2336.9375870387057,4070.7,4533.0,1891.0064123963577,2270.0,1,1,1,0,0,0,0,0,1,5130
577,0,2013-11-08,-0.9749279121818236,-0.2225209339563146,-0.5000000000000004,0.8660254037844384,-0.7909456567567774,0.6118864012687242,5130.0,5174.0,5096.0,4895.857142857143,5582.0,2351.767876057743,4097.1,4533.0,1906.8567627887287,2270.0,1,1,1,0,0,0,0,0,1,5582
577,0,2013-11-09,-0.7818314824680299,0.6234898018587334,-0.5000000000000004,0.8660254037844384,-0.780295851070776,0.6254105729852457,5582.0,4412.0,3807.0,4808.714285714285,5582.0,2383.768774740657,4066.1,4442.0,1903.736205827718,2270.0,0,1,1,0,0,0,0,0,1,3802
577,0,2013-11-10,-2.4492935982947064e-16,1.0,-0.5000000000000004,0.8660254037844384,-0.7694148268839381,0.6387494220515268,3802.0,0.0,0.0,4808.714285714285,5582.0,2383.768774740657,3897.3,4253.0,2032.3648218185438,2270.0,0,1,1,0,0,0,0,0,1,0
577,0,2013-11-11,0.7818314824680298,0.6234898018587336,-0.5000000000000004,0.8660254037844384,-0.7583058084785625,0.6518989958787125,0.0,7484.0,3083.0,4460.857142857143,5130.0,2087.569274584793,3952.233333333333,4442.0,2040.742472785307,2270.0,0,1,1,0,0,0,0,0,1,5049
577,0,2013-11-12,0.9749279121818236,-0.22252093395631434,-0.5000000000000004,0.8660254037844384,-0.7469720876965551,0.6648553979642867,5049.0,5888.0,3762.0,4158.428571428572,5049.0,1997.7736656207132,4077.9333333333334,4442.0,1900.2082269443874,2270.0,0,1,1,0,0,0,0,0,1,3771
577,0,2013-11-13,0.43388373911755823,-0.900968867902419,-0.5000000000000004,0.8660254037844384,-0.7354170229639858,0.6776147890466887,3771.0,5775.0,4472.0,3947.1428571428573,4296.0,1872.5975211428854,4068.0,4354.0,1898.1952953556572,2270.0,0,1,1,0,0,0,0,0,1,4296
577,0,2013-11-14,-0.433883739117558,-0.9009688679024191,-0.5000000000000004,0.8660254037844384,-0.7236440382959123,0.690173388242972,4296.0,5130.0,4847.0,3791.5714285714284,4041.0,1801.8494995552824,4087.0333333333333,4354.0,1894.8521274910813,2270.0,0,1,1,0,0,0,0,0,1,4041
577,0,2013-11-15,-0.9749279121818236,-0.2225209339563146,-0.5000000000000004,0.8660254037844384,-0.7116566222817751,0.7025274741691566,4041.0,5582.0,5174.0,3638.285714285714,4041.0,1664.5601735679531,4101.066666666667,4442.0,1896.4178561323129,2270.0,0,1,1,0,0,0,0,0,1,4509
577,0,2013-11-16,-0.7818314824680299,0.6234898018587334,-0.5000000000000004,0.8660254037844384,-0.6994583270516471,0.7146733860429608,4509.0,3802.0,4412.0,3698.4285714285716,4223.0,1679.004254227573,4126.633333333333,4442.0,1892.5877829289614,2270.0,0,1,1,0,0,0,0,0,1,4223
577,0,2013-11-17,-2.4492935982947064e-16,1.0,-0.5000000000000004,0.8660254037844384,-0.6870527672236675,0.726607524768565,4223.0,0.0,0.0,3698.4285714285716,4223.0,1679.004254227573,3990.1666666666665,4442.0,2037.1050297662257,2270.0,0,1,1,0,0,0,0,0,1,0
577,0,2013-11-18,0.7818314824680298,0.6234898018587336,-0.5000000000000004,0.8660254037844384,-0.6744436188329457,0.7383263540031063,0.0,5049.0,7484.0,3965.4285714285716,4223.0,2039.4813766529687,4103.7,4490.5,2103.3715160386587,2270.0,1,1,1,0,0,0,0,0,1,6918
577,0,2013-11-19,0.9749279121818236,-0.22252093395631434,-0.5000000000000004,0.8660254037844384,-0.661634618242279,0.749826401204568,6918.0,3771.0,5888.0,4259.285714285715,4296.0,2151.8910841618454,4297.966666666666,4675.5,1976.601497927492,2270.0,1,1,1,0,0,0,0,0,1,5828
577,0,2013-11-20,0.43388373911755823,-0.900968867902419,-0.5000000000000004,0.8660254037844384,-0.6486295610349818,0.7611042586607742,5828.0,4296.0,5775.0,4450.285714285715,4509.0,2214.128399941741,4262.233333333334,4675.5,1940.9547008044062,2270.0,1,1,1,0,0,0,0,0,1,5633
577,0,2013-11-21,-0.433883739117558,-0.9009688679024191,-0.5000000000000004,0.8660254037844384,-0.6354323008901775,0.7721565844991641,5633.0,4041.0,5130.0,4594.142857142857,5048.0,2215.8170373153885,4244.633333333333,4675.5,1930.9994104060504,2270.0,1,1,1,0,0,0,0,0,1,5048
577,0,2013-11-22,-0.9749279121818236,-0.2225209339563146,-0.5000000000000004,0.8660254037844384,-0.622046748440868,0.7829801036770625,5048.0,4509.0,5582.0,4761.428571428572,5633.0,2252.2217073475745,4271.733333333334,4675.5,1945.6840643231185,2270.0,1,1,1,0,0,0,0,0,1,5680
577,0,2013-11-23,-0.7818314824680299,0.6234898018587334,-0.5000000000000004,0.8660254037844384,-0.6084768701151264,0.7935716089521472,5680.0,4223.0,3802.0,4753.714285714285,5633.0,2254.464660348862,4249.3,4490.5,1942.7598596877078,2270.0,0,1,1,0,0,0,0,0,1,4169
577,0,2013-11-24,-2.4492935982947064e-16,1.0,-0.5000000000000004,0.8660254037844384,-0.594726686960764,0.8039279618328208,4169.0,0.0,0.0,4753.714285714285,5633.0,2254.464660348862,4079.4333333333334,4442.0,2083.839041426837,2270.0,0,1,1,0,0,0,0,0,1,0
577,0,2013-11-25,0.7818314824680298,0.6234898018587336,-0.5000000000000004,0.8660254037844384,-0.5808002734538014,0.8140460935082175,0.0,6918.0,5049.0,4565.857142857143,5603.0,2093.0753632371866,4139.3,4490.5,2101.4665183119655,2270.0,0,1,1,0,0,0,0,0,1,5603
577,0,2013-11-26,0.9749279121818236,-0.22252093395631434,-0.5000000000000004,0.8660254037844384,-0.5667017562911184,0.8239230057575536,5603.0,5828.0,3771.0,4530.714285714285,5582.0,2070.2931929468127,4325.366666666667,4678.0,1965.018548360882,2270.0,0,1,1,0,0,0,0,0,1,5582
577,0,2013-11-27,0.43388373911755823,-0.900968867902419,-0.5000000000000004,0.8660254037844384,-0.5524353131676203,0.8335557718385695,5582.0,5633.0,4296.0,4373.714285714285,5048.0,2013.6665326617285,4373.733333333334,4690.5,1951.1933737098448,2270.0,0,1,1,0,0,0,0,0,1,4534
577,0,2013-11-28,-0.433883739117558,-0.9009688679024191,-0.5000000000000004,0.8660254037844384,-0.5380051715382992,0.8429415373547832,4534.0,5048.0,4041.0,4449.142857142857,5576.0,2052.645482344791,4434.2,4947.5,1959.6714432570711,2270.0,0,1,1,0,0,0,0,0,1,5576
577,0,2013-11-29,-0.9749279121818236,-0.2225209339563146,-0.5000000000000004,0.8660254037844384,-0.5234156073655503,0.8520775211013093,5576.0,5680.0,4509.0,4553.857142857143,5576.0,2142.626536797881,4498.9,5048.5,1992.7254832826698,2270.0,0,1,1,0,0,0,0,0,1,6413
577,0,2013-11-30,-0.7818314824680299,0.6234898018587334,-0.5000000000000004,0.8660254037844384,-0.5086709438521042,0.8609610158889945,6413.0,4169.0,4223.0,4788.428571428572,5582.0,2182.9726565047995,4531.033333333334,5089.5,2006.2587154535543,2270.0,0,1,1,0,0,0,0,0,1,5811
577,0,2013-12-01,-2.4492935982947064e-16,1.0,-2.4492935982947064e-16,1.0,-0.4937755501599774,0.8695893893466109,5811.0,0.0,0.0,4788.428571428572,5582.0,2182.9726565047995,4358.566666666667,5048.5,2165.1762798877407,2270.0,0,1,1,0,0,0,0,0,1,0
577,0,2013-12-02,0.7818314824680298,0.6234898018587336,-2.4492935982947064e-16,1.0,-0.4787338401157883,0.8779600847008883,0.0,5603.0,6918.0,5273.857142857143,5582.0,2708.780871448226,4511.533333333334,5089.5,2325.2662396073024,2270.0,1,1,1,0,0,0,0,0,1,9001
577,0,2013-12-03,0.9749279121818236,-0.22252093395631434,-2.4492935982947064e-16,1.0,-0.4635502709028512,0.8860706215341377,9001.0,5582.0,5828.0,5546.857142857143,5811.0,2838.2184217434383,4761.3,5353.0,2224.1832154438366,2270.0,1,1,1,0,0,0,0,0,1,7493
577,0,2013-12-04,0.43388373911755823,-0.900968867902419,-2.4492935982947064e-16,1.0,-0.4482293417404106,0.893918596519257,7493.0,4534.0,5633.0,6017.428571428572,6413.0,2914.3488041723754,4772.766666666666,5353.0,2239.5377245182194,2270.0,1,1,1,0,0,0,0,0,1,7828
577,0,2013-12-05,-0.433883739117558,-0.9009688679024191,-2.4492935982947064e-16,1.0,-0.4327755925504317,0.9015016841318838,7828.0,5576.0,5048.0,6033.142857142857,6413.0,2911.867409330963,4766.033333333334,5353.0,2236.3704967761023,2270.0,1,1,1,0,0,0,0,0,1,5686
577,0,2013-12-06,-0.9749279121818236,-0.2225209339563146,-2.4492935982947064e-16,1.0,-0.41719360261231697,0.9088176373395028,5686.0,6413.0,5680.0,5834.428571428572,5811.0,2929.0367504888513,4740.933333333333,5089.5,2228.868909579917,2270.0,1,1,1,0,0,0,0,0,1,5022
577,0,2013-12-07,-0.7818314824680299,0.6234898018587334,-2.4492935982947064e-16,1.0,-0.4014879892059737,0.9158642882672868,5022.0,5811.0,4169.0,5693.142857142857,5686.0,2954.1007897819736,4730.666666666667,5048.5,2227.7240486159017,2270.0,0,1,1,0,0,0,0,0,1,4822
577,0,2013-12-08,-2.4492935982947064e-16,1.0,-2.4492935982947064e-16,1.0,-0.38566340624360745,0.9226395488404875,4822.0,0.0,0.0,5693.142857142857,5686.0,2954.1007897819736,4544.6,5035.0,2381.9413496355155,2270.0,0,1,1,0,0,0,0,0,1,0
577,0,2013-12-09,0.7818314824680298,0.6234898018587336,-2.4492935982947064e-16,1.0,-0.3697245428906732,0.9291414114031743,0.0,9001.0,5603.0,5219.428571428572,5685.0,2577.064858654956,4607.366666666667,5048.5,2386.5034368345255,2270.0,0,1,1,0,0,0,0,0,1,5685
577,0,2013-12-10,0.9749279121818236,-0.22252093395631434,-2.4492935982947064e-16,1.0,-0.3536761221763721,0.935367949313148,5685.0,7493.0,5582.0,4932.0,5481.0,2386.3698372213817,4790.066666666667,5265.0,2226.0262249180723,2270.0,0,1,1,0,0,0,0,0,1,5481
577,0,2013-12-11,0.43388373911755823,-0.900968867902419,-2.4492935982947064e-16,1.0,-0.33752289959411347,0.941317317512847,5481.0,7828.0,4534.0,4502.714285714285,5022.0,2020.8755292600054,4782.533333333334,5264.5,2225.502077925471,2270.0,0,1,1,0,0,0,0,0,1,4823
577,0,2013-12-12,-0.433883739117558,-0.9009688679024191,-2.4492935982947064e-16,1.0,-0.32126966169236515,0.946987753076075,4823.0,5686.0,5576.0,4476.0,5022.0,2003.7902418500134,4840.133333333333,5490.0,2220.775862144821,2270.0,0,1,1,0,0,0,0,0,1,5499
577,0,2013-12-13,-0.9749279121818236,-0.2225209339563146,-2.4492935982947064e-16,1.0,-0.3049212246562894,0.9523775757303973,5499.0,5022.0,6413.0,4592.857142857143,5481.0,2063.8896472899123,4891.6,5537.5,2225.616576328367,2270.0,0,1,1,0,0,0,0,0,1,5840
577,0,2013-12-14,-0.7818314824680299,0.6234898018587334,-2.4492935982947064e-16,1.0,-0.2884824328806098,0.9574851883550389,5840.0,4822.0,5811.0,4513.0,5481.0,2064.360352909993,4899.0,5537.5,2223.058471007287,2270.0,0,1,1,0,0,0,0,0,1,4263
577,0,2013-12-15,-2.4492935982947064e-16,1.0,-2.4492935982947064e-16,1.0,-0.27195815753410524,0.9623090774541487,4263.0,0.0,0.0,4513.0,5481.0,2064.360352909993,4748.7,5537.5,2396.031764656177,2270.0,0,1,1,0,0,0,0,0,1,0
577,0,2013-12-16,0.7818314824680298,0.6234898018587336,-2.4492935982947064e-16,1.0,-0.2553532951161881,0.9668478136052773,0.0,5685.0,9001.0,5145.142857142857,5481.0,2964.3744381443803,4944.933333333333,5579.0,2585.1034119691863,2270.0,1,1,1,0,0,0,0,0,1,10110
577,0,2013-12-17,0.9749279121818236,-0.22252093395631434,-2.4492935982947064e-16,1.0,-0.23867276600594997,0.9711000518829505,10110.0,5481.0,7493.0,5528.285714285715,5499.0,3180.4655693931413,5217.033333333334,5592.5,2473.88055468541,2270.0,1,1,1,0,0,0,0,0,1,8163
577,0,2013-12-18,0.43388373911755823,-0.900968867902419,-2.4492935982947064e-16,1.0,-0.22192151300416674,0.9750645322571945,8163.0,4823.0,7828.0,5955.857142857143,5840.0,3269.7771294371846,5246.966666666666,5592.5,2500.461508896164,2270.0,1,1,1,0,0,0,0,0,1,7816
577,0,2013-12-19,-0.433883739117558,-0.9009688679024191,-2.4492935982947064e-16,1.0,-0.20510449986861926,0.9787400799669153,7816.0,5499.0,5686.0,6219.714285714285,7346.0,3301.13842556805,5297.566666666667,5592.5,2527.834396629183,2270.0,1,1,1,0,0,0,0,0,1,7346
577,0,2013-12-20,-0.9749279121818236,-0.2225209339563146,-2.4492935982947064e-16,1.0,-0.1882267098432439,0.9821256058680006,7346.0,5840.0,5022.0,6524.0,7816.0,3357.982479604879,5375.466666666666,5592.5,2574.113757544842,2270.0,1,1,1,0,0,0,0,0,1,7970
577,0,2013-12-21,-0.7818314824680299,0.6234898018587334,-2.4492935982947064e-16,1.0,-0.1712931441814778,0.9852201067560606,7970.0,4263.0,4822.0,6848.571428571428,7816.0,3209.5392118466084,5425.033333333334,5641.5,2581.8956212152716,2270.0,0,1,1,0,0,0,0,0,1,6535
577,0,2013-12-22,-2.4492935982947064e-16,1.0,-2.4492935982947064e-16,1.0,-0.154308820664281,0.9880226656636976,6535.0,0.0,0.0,6848.571428571428,7816.0,3209.5392118466084,5235.7,5592.5,2764.3664255092476,2270.0,0,1,1,0,0,0,0,0,1,0
577,0,2013-12-23,0.7818314824680298,0.6234898018587336,-2.4492935982947064e-16,1.0,-0.13727877211326517,0.9905324521322227,0.0,10110.0,5685.0,6974.857142857143,7816.0,3372.508385389695,5463.2,5644.0,2948.2748479933757,2270.0,0,1,1,0,0,0,0,0,1,10994
577,0,2013-12-24,0.9749279121818236,-0.22252093395631434,-2.4492935982947064e-16,1.0,-0.12020804489935275,0.9927487224577402,10994.0,8163.0,5481.0,6337.857142857143,7346.0,3528.203434637872,5586.666666666667,5644.0,2784.6148911391756,2270.0,0,1,1,0,0,0,0,0,1,3704
577,0,2013-12-25,0.43388373911755823,-0.900968867902419,-2.4492935982947064e-16,1.0,-0.10310169744743544,0.9946708199115211,3704.0,7816.0,4823.0,5221.285714285715,6535.0,4162.24541621009,5399.9,5633.5,2965.505403805567,2270.0,0,1,1,0,0,0,0,0,1,0
577,0,2013-12-26,-0.433883739117558,-0.9009688679024191,-2.4492935982947064e-16,1.0,-0.0859647987374467,0.9962981749346077,0.0,7346.0,5499.0,4171.857142857143,3704.0,4453.1642842878755,5213.833333333333,5630.5,3124.5390400255355,2270.0,0,1,1,0,0,0,0,0,1,0
577,0,2013-12-27,-0.9749279121818236,-0.2225209339563146,-2.4492935982947064e-16,1.0,-0.06880242680232064,0.9976303053065857,0.0,7970.0,5840.0,3712.0,3704.0,4151.571389245283,5221.066666666667,5630.5,3123.161825539267,2270.0,0,1,1,0,0,0,0,0,1,4751
577,0,2013-12-28,-0.7818314824680299,0.6234898018587334,-2.4492935982947064e-16,1.0,-0.05161966722325418,0.9986668162884759,4751.0,6535.0,4263.0,3442.8571428571427,3704.0,3996.2189808439116,5190.233333333334,5592.0,3124.1028028841374,2270.0,0,1,1,0,0,0,0,0,1,4651
577,0,2013-12-29,-2.4492935982947064e-16,1.0,-2.4492935982947064e-16,1.0,-0.034421611622745804,0.9994074007397048,4651.0,0.0,0.0,3442.8571428571427,3704.0,3996.2189808439116,4976.466666666666,5490.0,3254.2439636131553,2270.0,0,1,1,0,0,0,0,0,1,0
577,0,2013-12-30,0.7818314824680298,0.6234898018587336,-2.4492935982947064e-16,1.0,-0.01721335615583528,0.9998518392091162,0.0,10994.0,10110.0,2831.0,3704.0,2794.6082611581437,5006.466666666666,5490.0,3266.328580440479,2270.0,0,1,1,0,0,0,0,0,1,6711
577,0,2013-12-31,0.9749279121818236,-0.22252093395631434,-2.4492935982947064e-16,1.0,6.432490598706546e-16,1.0,6711.0,3704.0,8163.0,2779.714285714286,3345.0,2779.16856357471,5117.966666666666,5490.0,3144.3488716166335,2270.0,0,1,1,0,0,0,0,0,1,3345
577,0,2014-01-01,0.43388373911755823,-0.900968867902419,0.49999999999999994,0.8660254037844387,0.017213356155834685,0.9998518392091162,3345.0,0.0,7816.0,2779.714285714286,3345.0,2779.16856357471,4817.933333333333,5251.5,3190.157275696322,2270.0,0,1,1,0,0,0,0,0,1,0
577,0,2014-01-02,-0.433883739117558,-0.9009688679024191,0.49999999999999994,0.8660254037844387,0.03442161162274574,0.9994074007397048,0.0,0.0,7346.0,3420.5714285714284,4486.0,2538.122065434921,4717.7,4922.5,3150.198659854921,2270.0,0,1,1,0,0,0,0,0,1,4486
577,0,2014-01-03,-0.9749279121818236,-0.2225209339563146,0.49999999999999994,0.8660254037844387,0.051619667223253764,0.998666816288476,4486.0,4751.0,7970.0,3374.714285714286,4430.0,2512.8525433781256,4604.433333333333,4822.5,3095.1169626758365,2270.0,0,1,1,0,0,0,0,0,1,4430
577,0,2014-01-04,-0.7818314824680299,0.6234898018587334,0.49999999999999994,0.8660254037844387,0.06880242680231986,0.9976303053065857,4430.0,4651.0,6535.0,3302.8571428571427,4148.0,2477.212440666017,4553.166666666667,4786.5,3089.3165083082317,2270.0,0,1,1,0,0,0,0,0,1,4148
577,0,2014-01-05,-2.4492935982947064e-16,1.0,0.49999999999999994,0.8660254037844387,0.08596479873744647,0.9962981749346078,4148.0,0.0,0.0,3302.8571428571427,4148.0,2477.212440666017,4385.766666666666,4701.0,3197.2146140829777,2270.0,0,1,1,0,0,0,0,0,1,0
577,0,2014-01-06,0.7818314824680298,0.6234898018587336,0.49999999999999994,0.8660254037844387,0.10310169744743485,0.9946708199115211,0.0,6711.0,10994.0,3424.0,4148.0,2683.7807287481605,4477.0,4701.0,3248.7274007121537,2270.0,1,1,1,0,0,0,0,0,1,7559
577,0,2014-01-07,0.9749279121818236,-0.22252093395631434,0.49999999999999994,0.8660254037844387,0.1202080448993527,0.9927487224577402,7559.0,3345.0,3704.0,3785.0,4430.0,2836.9669837110678,4672.733333333334,4787.0,3144.9237251134764,2270.0,1,1,1,0,0,0,0,0,1,5872
577,0,2014-01-08,0.43388373911755823,-0.900968867902419,0.49999999999999994,0.8660254037844387,0.13727877211326478,0.9905324521322229,5872.0,0.0,0.0,4562.428571428572,4486.0,2326.6194257722846,4664.633333333333,4787.0,3142.5386781515003,2270.0,1,1,1,0,0,0,0,0,1,5442
577,0,2014-01-09,-0.433883739117558,-0.9009688679024191,0.49999999999999994,0.8660254037844387,0.15430882066428117,0.9880226656636976,5442.0,4486.0,0.0,4666.428571428572,5214.0,2338.872225179112,4655.733333333334,4787.0,3140.52435697952,2270.0,1,1,1,0,0,0,0,0,1,5214
577,0,2014-01-10,-0.9749279121818236,-0.2225209339563146,0.49999999999999994,0.8660254037844387,0.1712931441814776,0.9852201067560606,5214.0,4430.0,4751.0,4829.0,5442.0,2359.161786171804,4680.566666666667,4982.5,3144.8351492712573,2270.0,1,1,1,0,0,0,0,0,1,5568
577,0,2014-01-11,-0.7818314824680299,0.6234898018587334,0.49999999999999994,0.8660254037844387,0.1882267098432442,0.9821256058680006,5568.0,4148.0,4651.0,4782.142857142857,5442.0,2378.123099461102,4624.6,4701.0,3144.707810559372,2270.0,0,1,1,0,0,0,0,0,1,3820
577,0,2014-01-12,-2.4492935982947064e-16,1.0,0.49999999999999994,0.8660254037844387,0.2051044998686192,0.9787400799669153,3820.0,0.0,0.0,4782.142857142857,5442.0,2378.123099461102,4429.933333333333,4568.5,3246.0018052275086,2270.0,0,1,1,0,0,0,0,0,1,0
577,0,2014-01-13,0.7818314824680298,0.6234898018587336,0.49999999999999994,0.8660254037844387,0.22192151300416552,0.9750645322571948,0.0,7559.0,6711.0,4315.142857142857,5214.0,2038.6867855371538,4430.833333333333,4568.5,3245.9576673396305,2270.0,0,1,1,0,0,0,0,0,1,4290
577,0,2014-01-14,0.9749279121818236,-0.22252093395631434,0.49999999999999994,0.8660254037844387,0.2386727660059501,0.9711000518829505,4290.0,5872.0,3345.0,4094.4285714285716,4327.0,1922.3594753273794,4575.066666666667,4568.5,3136.5772794377426,2270.0,0,1,1,0,0,0,0,0,1,4327
577,0,2014-01-15,0.43388373911755823,-0.900968867902419,0.49999999999999994,0.8660254037844387,0.255353295116187,0.9668478136052775,4327.0,5442.0,0.0,3861.8571428571427,4290.0,1828.3353474833734,4365.2,4458.0,2959.0760953262165,2270.0,0,1,1,0,0,0,0,0,1,3814
577,0,2014-01-16,-0.433883739117558,-0.9009688679024191,0.49999999999999994,0.8660254037844387,0.2719581575341055,0.9623090774541486,3814.0,5214.0,4486.0,3685.1428571428573,3977.0,1733.1682384746002,4225.666666666667,4378.5,2871.207463568348,2270.0,0,1,1,0,0,0,0,0,1,3977
577,0,2014-01-17,-0.9749279121818236,-0.2225209339563146,0.49999999999999994,0.8660254037844387,0.288482432880609,0.9574851883550393,3977.0,5568.0,4430.0,3464.714285714286,3977.0,1541.2907701323734,4099.3,4308.5,2790.018256645251,2270.0,0,1,1,0,0,0,0,0,1,4025
577,0,2014-01-18,-0.7818314824680299,0.6234898018587334,0.49999999999999994,0.8660254037844387,0.30492122465628907,0.9523775757303974,4025.0,3820.0,4148.0,3501.285714285714,4025.0,1554.1097895886392,3990.3,4219.0,2721.8458892500876,2270.0,0,1,1,0,0,0,0,0,1,4076
577,0,2014-01-19,-2.4492935982947064e-16,1.0,0.49999999999999994,0.8660254037844387,0.3212696616923644,0.9469877530760753,4076.0,0.0,0.0,3501.285714285714,4025.0,1554.1097895886392,3724.633333333333,4112.0,2708.938110866647,2270.0,0,1,1,0,0,0,0,0,1,0
577,0,2014-01-20,0.7818314824680298,0.6234898018587336,0.49999999999999994,0.8660254037844387,0.3375228995941133,0.9413173175128471,0.0,4290.0,7559.0,3866.1428571428573,4025.0,2004.6349151047798,3734.9333333333334,4112.0,2720.5547727006674,2270.0,1,1,1,0,0,0,0,0,1,6844
577,0,2014-01-21,0.9749279121818236,-0.22252093395631434,0.49999999999999994,0.8660254037844387,0.3536761221763716,0.9353679493131483,6844.0,4327.0,5872.0,4050.0,4025.0,2110.187906324933,3922.0666666666666,4219.0,2646.8701612611685,2270.0,1,1,1,0,0,0,0,0,1,5614
577,0,2014-01-22,0.43388373911755823,-0.900968867902419,0.49999999999999994,0.8660254037844387,0.3697245428906731,0.9291414114031743,5614.0,3814.0,5442.0,4172.0,4076.0,2118.9383347956755,3711.2,4219.0,2292.2806050773547,2270.0,1,1,1,0,0,0,0,0,1,4668
577,0,2014-01-23,-0.433883739117558,-0.9009688679024191,0.49999999999999994,0.8660254037844387,0.38566340624360707,0.9226395488404876,4668.0,3977.0,5214.0,4225.0,4348.0,2117.887548163658,3732.6666666666665,4308.5,2295.2244174452294,2270.0,1,1,1,0,0,0,0,0,1,4348
577,0,2014-01-24,-0.9749279121818236,-0.2225209339563146,0.49999999999999994,0.8660254037844387,0.401487989205973,0.9158642882672872,4348.0,4025.0,5568.0,4391.571428571428,4668.0,2145.212488087747,3905.7,4337.5,2197.7207495729435,2270.0,1,1,1,0,0,0,0,0,1,5191
577,0,2014-01-25,-0.7818314824680299,0.6234898018587334,0.49999999999999994,0.8660254037844387,0.4171936026123168,0.9088176373395029,5191.0,4076.0,3820.0,4340.142857142857,4668.0,2158.314035582051,4029.5666666666666,4337.5,2071.0693836648825,2270.0,0,1,1,0,0,0,0,0,1,3716
577,0,2014-01-26,-2.4492935982947064e-16,1.0,0.49999999999999994,0.8660254037844387,0.4327755925504312,0.901501684131884,3716.0,0.0,0.0,4340.142857142857,4668.0,2158.314035582051,3871.2,4308.5,2192.110184746419,2270.0,0,1,1,0,0,0,0,0,1,0
577,0,2014-01-27,0.7818314824680298,0.6234898018587336,0.49999999999999994,0.8660254037844387,0.4482293417404106,0.893918596519257,0.0,6844.0,4290.0,3932.8571428571427,4348.0,1854.721580954173,3849.266666666667,4219.0,2187.325400848126,2270.0,0,1,1,0,0,0,0,0,1,3993
577,0,2014-01-28,0.9749279121818236,-0.22252093395631434,0.49999999999999994,0.8660254037844387,0.4635502709028509,0.886070621534138,3993.0,5614.0,4327.0,3669.285714285714,3993.0,1700.6994359464509,3974.9,4219.0,2063.337242396909,2270.0,0,1,1,0,0,0,0,0,1,3769
577,0,2014-01-29,0.43388373911755823,-0.900968867902419,0.49999999999999994,0.8660254037844387,0.47873384011578846,0.8779600847008882,3769.0,4668.0,3814.0,3536.8571428571427,3769.0,1645.1556591572569,3875.9,4112.0,1997.7391764796002,2270.0,0,1,1,0,0,0,0,0,1,3741
577,0,2014-01-30,-0.433883739117558,-0.9009688679024191,0.49999999999999994,0.8660254037844387,0.4937755501599772,0.869589389346611,3741.0,4348.0,3977.0,3519.5714285714284,3769.0,1635.8216953713581,3905.3,4187.5,1996.1460997943386,2270.0,0,1,1,0,0,0,0,0,1,4227
577,0,2014-01-31,-0.9749279121818236,-0.2225209339563146,0.49999999999999994,0.8660254037844387,0.5086709438521044,0.8609610158889943,4227.0,5191.0,4025.0,3601.4285714285716,3769.0,1744.1501136793313,4097.433333333333,4258.5,1881.3908956670498,2270.0,0,1,1,0,0,0,0,0,1,5764
577,0,2014-02-01,-0.7818314824680299,0.6234898018587334,0.8660254037844386,0.5000000000000001,0.5234156073655503,0.8520775211013093,5764.0,3716.0,4076.0,3738.8571428571427,3993.0,1791.927772779123,4103.833333333333,4258.5,1883.0840822755508,2270.0,0,1,1,0,0,0,0,0,1,4678
577,0,2014-02-02,-2.4492935982947064e-16,1.0,0.8660254037844386,0.5000000000000001,0.5380051715382996,0.8429415373547828,4678.0,0.0,0.0,3738.8571428571427,3993.0,1791.9277727791232,3956.1666666666665,4187.5,2024.973939097242,2270.0,0,1,1,0,0,0,0,0,1,0
577,0,2014-02-03,0.7818314824680298,0.6234898018587336,0.8660254037844386,0.5000000000000001,0.5524353131676196,0.8335557718385699,0.0,3993.0,6844.0,4261.714285714285,4227.0,2331.2478571418733,4073.0,4258.5,2134.570456668688,2270.0,1,1,1,0,0,0,0,0,1,7653
577,0,2014-02-04,0.9749279121818236,-0.22252093395631434,0.8660254037844386,0.5000000000000001,0.5667017562911176,0.8239230057575542,7653.0,3769.0,5614.0,4664.285714285715,4678.0,2471.1009499334314,4292.566666666667,4308.5,2037.746569524584,2270.0,1,1,1,0,0,0,0,0,1,6587
577,0,2014-02-05,0.43388373911755823,-0.900968867902419,0.8660254037844386,0.5000000000000001,0.5808002734538009,0.8140460935082178,6587.0,3741.0,4668.0,4933.571428571428,5626.0,2456.3819502907704,4228.133333333333,4308.5,1959.9773878592462,2270.0,1,1,1,0,0,0,0,0,1,5626
577,0,2014-02-06,-0.433883739117558,-0.9009688679024191,0.8660254037844386,0.5000000000000001,0.5947266869607634,0.8039279618328213,5626.0,4227.0,4348.0,5033.857142857143,5626.0,2436.9807432265743,4196.7,4308.5,1940.166223771067,2270.0,1,1,1,0,0,0,0,0,1,4929
577,0,2014-02-07,-0.9749279121818236,-0.2225209339563146,0.8660254037844386,0.5000000000000001,0.6084768701151261,0.7935716089521474,4929.0,5764.0,5191.0,5076.714285714285,5626.0,2454.5359177303912,4217.433333333333,4308.5,1957.1816944416491,2270.0,1,1,1,0,0,0,0,0,1,6064
577,0,2014-02-08,-0.7818314824680299,0.6234898018587334,0.8660254037844386,0.5000000000000001,0.6220467484408675,0.7829801036770629,6064.0,4678.0,3716.0,5005.285714285715,5626.0,2475.260236438836,4182.9,4258.5,1948.110301876122,2270.0,0,1,1,0,0,0,0,0,1,4178
577,0,2014-02-09,-2.4492935982947064e-16,1.0,0.8660254037844386,0.5000000000000001,0.6354323008901774,0.7721565844991642,4178.0,0.0,0.0,5005.285714285715,5626.0,2475.260236438836,3997.3,4202.5,2072.8425285766098,2270.0,0,1,1,0,0,0,0,0,1,0
577,0,2014-02-10,0.7818314824680298,0.6234898018587336,0.8660254037844386,0.5000000000000001,0.6486295610349814,0.7611042586607747,0.0,7653.0,3993.0,4568.428571428572,4929.0,2182.640362584032,4023.133333333333,4258.5,2075.384446867342,2270.0,0,1,1,0,0,0,0,0,1,4595
577,0,2014-02-11,0.9749279121818236,-0.22252093395631434,0.8660254037844386,0.5000000000000001,0.6616346182422783,0.7498264012045686,4595.0,6587.0,3769.0,4230.285714285715,4595.0,1992.8999568707009,4163.8,4258.5,1931.3113179641869,2270.0,0,1,1,0,0,0,0,0,1,4220
577,0,2014-02-12,0.43388373911755823,-0.900968867902419,0.8660254037844386,0.5000000000000001,0.6744436188329455,0.7383263540031065,4220.0,5626.0,3741.0,3970.4285714285716,4220.0,1896.855894820239,4147.7,4223.5,1932.2359952602383,2270.0,0,1,1,0,0,0,0,0,1,3807
577,0,2014-02-13,-0.433883739117558,-0.9009688679024191,0.8660254037844386,0.5000000000000001,0.6870527672236669,0.7266075247685656,3807.0,4929.0,4227.0,3958.8571428571427,4220.0,1890.2693307719792,4165.066666666667,4223.5,1936.2402767206902,2270.0,0,1,1,0,0,0,0,0,1,4848
577,0,2014-02-14,-0.9749279121818236,-0.2225209339563146,0.8660254037844386,0.5000000000000001,0.6994583270516471,0.7146733860429609,4848.0,6064.0,5764.0,3857.5714285714284,4220.0,1774.095342904177,4216.433333333333,4287.5,1947.0163147454803,2270.0,0,1,1,0,0,0,0,0,1,5355
577,0,2014-02-15,-0.7818314824680299,0.6234898018587334,0.8660254037844386,0.5000000000000001,0.7116566222817746,0.702527474169157,5355.0,4178.0,4678.0,3825.1428571428573,4220.0,1769.3303279839558,4215.566666666667,4287.5,1947.1323509083907,2270.0,0,1,1,0,0,0,0,0,1,3951
577,0,2014-02-16,-2.4492935982947064e-16,1.0,0.8660254037844386,0.5000000000000001,0.7236440382959124,0.6901733882429719,3951.0,0.0,0.0,3825.1428571428573,4220.0,1769.3303279839558,4081.4,4287.5,2093.8586159166257,2270.0,0,1,1,0,0,0,0,0,1,0
577,0,2014-02-17,0.7818314824680298,0.6234898018587336,0.8660254037844386,0.5000000000000001,0.7354170229639855,0.6776147890466889,0.0,4595.0,7653.0,4220.428571428572,4220.0,2221.339750176521,4190.933333333333,4471.5,2177.8307292022228,2270.0,1,1,1,0,0,0,0,0,1,7362
577,0,2014-02-18,0.9749279121818236,-0.22252093395631434,0.8660254037844386,0.5000000000000001,0.7469720876965552,0.6648553979642865,7362.0,4220.0,6587.0,4478.0,4848.0,2323.4659455219057,4391.7,4631.5,2052.15431210464,2270.0,1,1,1,0,0,0,0,0,1,6023
577,0,2014-02-19,0.43388373911755823,-0.900968867902419,0.8660254037844386,0.5000000000000001,0.7583058084785625,0.6518989958787126,6023.0,3807.0,5626.0,4645.0,4976.0,2309.1666606519916,4329.433333333333,4631.5,2002.9297452401645,2270.0,1,1,1,0,0,0,0,0,1,4976
577,0,2014-02-20,-0.433883739117558,-0.9009688679024191,0.8660254037844386,0.5000000000000001,0.7694148268839378,0.6387494220515272,4976.0,4848.0,4929.0,4649.571428571428,4976.0,2309.667137427878,4304.966666666666,4631.5,1991.1455112890296,2270.0,1,1,1,0,0,0,0,0,1,4880
577,0,2014-02-21,-0.9749279121818236,-0.2225209339563146,0.8660254037844386,0.5000000000000001,0.7802958510707755,0.6254105729852463,4880.0,5355.0,6064.0,4542.142857142857,4880.0,2288.7815847863567,4302.8,4599.0,1990.7721842680007,2270.0,1,1,1,0,0,0,0,0,1,4603
577,0,2014-02-22,-0.7818314824680299,0.6234898018587334,0.8660254037844386,0.5000000000000001,0.7909456567567772,0.6118864012687243,4603.0,3951.0,4178.0,4537.857142857143,4880.0,2290.1006839999736,4288.566666666667,4599.0,1991.9639707885167,2270.0,0,1,1,0,0,0,0,0,1,3921
577,0,2014-02-23,-2.4492935982947064e-16,1.0,0.8660254037844386,0.5000000000000001,0.8013610881746766,0.5981809144059164,3921.0,0.0,0.0,4537.857142857143,4880.0,2290.1006839999736,4115.533333333334,4411.0,2131.446776468874,2270.0,0,1,1,0,0,0,0,0,1,0
577,0,2014-02-24,0.7818314824680298,0.6234898018587336,0.8660254037844386,0.5000000000000001,0.8115390590073611,0.5842981736283683,0.0,7362.0,4595.0,4125.857142857143,4603.0,1928.1666100704265,4140.933333333333,4536.5,2131.0617061460966,2270.0,0,1,1,0,0,0,0,0,1,4478
577,0,2014-02-25,0.9749279121818236,-0.22252093395631434,0.8660254037844386,0.5000000000000001,0.8214765533024142,0.5702422926917871,4478.0,6023.0,4220.0,3921.8571428571427,4595.0,1762.4126861182315,4294.1,4595.0,1983.1735512765324,2270.0,0,1,1,0,0,0,0,0,1,4595
577,0,2014-02-26,0.43388373911755823,-0.900968867902419,0.8660254037844386,0.5000000000000001,0.8311706263658079,0.5560174366570446,4595.0,4976.0,3807.0,3802.285714285714,4478.0,1706.4799749079707,4298.966666666666,4595.0,1982.5882331686691,2270.0,0,1,1,0,0,0,0,0,1,4139
577,0,2014-02-27,-0.433883739117558,-0.9009688679024191,0.8660254037844386,0.5000000000000001,0.8406184056344782,0.5416278206559814,4139.0,4880.0,4848.0,3709.0,4227.0,1654.813282518606,4314.233333333334,4595.0,1980.128429887968,2270.0,0,1,1,0,0,0,0,0,1,4227
577,0,2014-02-28,-0.9749279121818236,-0.2225209339563146,0.8660254037844386,0.5000000000000001,0.8498170915275278,0.5270777086423722,4227.0,4603.0,5355.0,3798.5714285714284,4227.0,1726.6772384305903,4363.866666666667,4599.0,1983.922251211118,2270.0,0,1,1,0,0,0,0,0,1,5230
577,0,2014-03-01,-0.7818314824680299,0.6234898018587334,1.0,6.123233995736766e-17,0.8587639582758029,0.5123714121284237,5230.0,3921.0,3951.0,3933.1428571428573,4478.0,1773.8723581072984,4385.066666666667,4640.5,1985.8064970379608,2270.0,0,1,1,0,0,0,0,0,1,4863
577,0,2014-03-02,-2.4492935982947064e-16,1.0,1.0,6.123233995736766e-17,0.8674563547295968,0.49751328890718066,4863.0,0.0,0.0,3933.1428571428573,4478.0,1773.8723581072984,4192.933333333333,4599.0,2121.9647033583915,2270.0,0,1,1,0,0,0,0,0,1,0
577,0,2014-03-03,0.7818314824680298,0.6234898018587336,1.0,6.123233995736766e-17,0.8758917051442429,0.48250774176121847,0.0,4478.0,7362.0,4356.857142857143,4595.0,2223.0703564043615,4285.133333333333,4599.0,2202.33740616072,2270.0,1,1,1,0,0,0,0,0,1,7444
577,0,2014-03-04,0.9749279121818236,-0.22252093395631434,1.0,6.123233995736766e-17,0.8840675099433636,0.46735921715800227,7444.0,4595.0,6023.0,4645.0,4863.0,2383.9751117269116,4505.533333333334,4725.5,2086.5172059138954,2270.0,1,1,1,0,0,0,0,0,1,6612
577,0,2014-03-05,0.43388373911755823,-0.900968867902419,1.0,6.123233995736766e-17,0.8919813464595485,0.45207220393230435,6612.0,4139.0,4976.0,4813.428571428572,5230.0,2383.9162357447935,4427.7,4725.5,2007.0984572863874,2270.0,1,1,1,0,0,0,0,0,1,5318
577,0,2014-03-06,-0.433883739117558,-0.9009688679024191,1.0,6.123233995736766e-17,0.8996308696522433,0.43665123195606403,5318.0,4227.0,4880.0,4971.571428571428,5318.0,2375.2323294885546,4385.933333333333,4725.5,1973.368832004411,2270.0,1,1,1,0,0,0,0,0,1,5334
577,0,2014-03-07,-0.9749279121818236,-0.2225209339563146,1.0,6.123233995736766e-17,0.9070138128026359,0.4211008707960896,5334.0,5230.0,4603.0,5083.0,5334.0,2407.4539109468615,4398.733333333334,4725.5,1982.912033685143,2270.0,1,1,1,0,0,0,0,0,1,6010
577,0,2014-03-08,-0.7818314824680299,0.6234898018587334,1.0,6.123233995736766e-17,0.9141279881853337,0.40542572835999735,6010.0,4863.0,3921.0,4928.857142857143,5334.0,2457.901776486837,4360.566666666667,4599.0,1983.3729314119134,2270.0,0,1,1,0,0,0,0,0,1,3784
577,0,2014-03-09,-2.4492935982947064e-16,1.0,1.0,6.123233995736766e-17,0.9209712877166346,0.38963044953078796,3784.0,0.0,0.0,4928.857142857143,5334.0,2457.901776486837,4158.433333333333,4595.0,2108.81889942563,2270.0,0,1,1,0,0,0,0,0,1,0
577,0,2014-03-10,0.7818314824680298,0.6234898018587336,1.0,6.123233995736766e-17,0.9275416835791966,0.37371971479046906,0.0,7444.0,4478.0,4540.571428571428,5318.0,2194.976602543702,4176.7,4599.0,2111.3660907018307,2270.0,0,1,1,0,0,0,0,0,1,4726
577,0,2014-03-11,0.9749279121818236,-0.22252093395631434,1.0,6.123233995736766e-17,0.9338372288229252,0.35769823883312546,4726.0,6612.0,4595.0,4160.285714285715,4726.0,1998.0478568080507,4308.366666666667,4599.0,1959.6324687664505,2270.0,0,1,1,0,0,0,0,0,1,3950
577,0,2014-03-12,0.43388373911755823,-0.900968867902419,1.0,6.123233995736766e-17,0.9398560579418954,0.3415707691678556,3950.0,5318.0,4139.0,3982.4285714285716,4073.0,1932.1428395387745,4290.966666666666,4599.0,1959.3170781279107,2270.0,0,1,1,0,0,0,0,0,1,4073
577,0,2014-03-13,-0.433883739117558,-0.9009688679024191,1.0,6.123233995736766e-17,0.9455963874271426,0.3253420847119801,4073.0,5334.0,4227.0,3832.714285714286,4073.0,1848.7637954667375,4293.166666666667,4599.0,1959.271699370467,2270.0,0,1,1,0,0,0,0,0,1,4286
577,0,2014-03-14,-0.9749279121818236,-0.2225209339563146,1.0,6.123233995736766e-17,0.9510565162951535,0.30901699437494745,4286.0,6010.0,5230.0,3634.0,4073.0,1638.537254179269,4320.233333333334,4611.0,1957.9321724600265,2270.0,0,1,1,0,0,0,0,0,1,4619
577,0,2014-03-15,-0.7818314824680299,0.6234898018587334,1.0,6.123233995736766e-17,0.9562348265919056,0.29260033563334836,4619.0,3784.0,4863.0,3701.0,4253.0,1655.1970678240518,4300.4,4599.0,1955.4136629121379,2270.0,0,1,1,0,0,0,0,0,1,4253
577,0,2014-03-16,-2.4492935982947064e-16,1.0,1.0,6.123233995736766e-17,0.9611297838723007,0.27609697309746883,4253.0,0.0,0.0,3701.0,4253.0,1655.1970678240518,4121.9,4536.5,2095.2411325306425,2270.0,0,1,1,0,0,0,0,0,1,0
577,0,2014-03-17,0.7818314824680298,0.6234898018587336,1.0,6.123233995736766e-17,0.9657399376548549,0.2595117970697999,0.0,4726.0,7444.0,4045.285714285714,4253.0,2095.906145663154,4228.066666666667,4599.0,2165.787886155084,2270.0,1,1,1,0,0,0,0,0,1,7136
577,0,2014-03-18,0.9749279121818236,-0.22252093395631434,1.0,6.123233995736766e-17,0.970063921851507,0.2428497220959356,7136.0,3950.0,6612.0,4286.142857142857,4286.0,2178.3840668847056,4415.933333333333,4611.0,2026.3385517817103,2270.0,1,1,1,0,0,0,0,0,1,5636
577,0,2014-03-19,0.43388373911755823,-0.900968867902419,1.0,6.123233995736766e-17,0.9741004551724205,0.22611568550828828,5636.0,4073.0,5318.0,4435.428571428572,4619.0,2197.069856053958,4341.133333333333,4611.0,1953.9626180261725,2270.0,1,1,1,0,0,0,0,0,1,5118
577,0,2014-03-20,-0.433883739117558,-0.9009688679024191,1.0,6.123233995736766e-17,0.9778483415056568,0.20931464596304847,5118.0,4286.0,5334.0,4504.571428571428,4770.0,2199.1983279627816,4299.366666666667,4611.0,1930.0173750036831,2270.0,1,1,1,0,0,0,0,0,1,4770
577,0,2014-03-21,-0.9749279121818236,-0.2225209339563146,1.0,6.123233995736766e-17,0.9813064702716093,0.19245158197082998,4770.0,4619.0,6010.0,4587.0,5118.0,2214.9589160975443,4306.7,4611.0,1933.092486682668,2270.0,1,1,1,0,0,0,0,0,1,5196
577,0,2014-03-22,-0.7818314824680299,0.6234898018587334,1.0,6.123233995736766e-17,0.9844738167520922,0.1755314904214282,5196.0,4253.0,3784.0,4581.142857142857,5118.0,2216.0432778995582,4284.433333333333,4599.0,1930.1060482448313,2270.0,0,1,1,0,0,0,0,0,1,4212
577,0,2014-03-23,-2.4492935982947064e-16,1.0,1.0,6.123233995736766e-17,0.9873494423939864,0.15855938510313478,4212.0,0.0,0.0,4581.142857142857,5118.0,2216.0432778995582,4131.0,4536.5,2080.9696181646073,2270.0,0,1,1,0,0,0,0,0,1,0
577,0,2014-03-24,0.7818314824680298,0.6234898018587336,1.0,6.123233995736766e-17,0.989932495087353,0.141540295217043,0.0,7136.0,4726.0,4244.714285714285,4781.0,1922.9077560026756,4159.666666666667,4607.0,2083.898441057935,2270.0,0,1,1,0,0,0,0,0,1,4781
577,0,2014-03-25,0.9749279121818236,-0.22252093395631434,1.0,6.123233995736766e-17,0.9922222094179323,0.12447926388678915,4781.0,5636.0,3950.0,4037.5714285714284,4770.0,1823.5889391657388,4299.2,4607.0,1930.2503750407207,2270.0,0,1,1,0,0,0,0,0,1,4186
577,0,2014-03-26,0.43388373911755823,-0.900968867902419,1.0,6.123233995736766e-17,0.994217906893952,0.10738134666416309,4186.0,5118.0,4073.0,3842.5714285714284,4212.0,1760.6977648215561,4275.033333333334,4607.0,1932.471822221006,2270.0,0,1,1,0,0,0,0,0,1,3753
577,0,2014-03-27,-0.433883739117558,-0.9009688679024191,1.0,6.123233995736766e-17,0.995918996147179,0.09025161003104117,3753.0,4770.0,4286.0,3758.4285714285716,4186.0,1722.65249515032,4261.233333333334,4452.5,1931.5861212170105,2270.0,0,1,1,0,0,0,0,0,1,4181
577,0,2014-03-28,-0.9749279121818236,-0.2225209339563146,1.0,6.123233995736766e-17,0.9973249731081555,0.07309512989807777,4181.0,5196.0,4619.0,3762.714285714286,4186.0,1726.8572334625435,4297.466666666666,4672.5,1939.3935371538284,2270.0,0,1,1,0,0,0,0,0,1,5226
577,0,2014-03-29,-0.7818314824680299,0.6234898018587334,1.0,6.123233995736766e-17,0.9984354211555643,0.055916990100603484,5226.0,4212.0,4253.0,3765.285714285714,4186.0,1727.6509788617343,4297.566666666667,4672.5,1939.3898557648724,2270.0,0,1,1,0,0,0,0,0,1,4230
577,0,2014-03-30,-2.4492935982947064e-16,1.0,1.0,6.123233995736766e-17,0.9992500112396835,0.03872228089217446,4230.0,0.0,0.0,3765.285714285714,4186.0,1727.6509788617343,4123.233333333334,4452.5,2082.4690366259374,2270.0,0,1,1,0,0,0,0,0,1,0
577,0,2014-03-31,0.7818314824680298,0.6234898018587336,1.0,6.123233995736766e-17,0.9997685019798909,0.021516097436222254,0.0,4781.0,7136.0,4351.857142857143,4186.0,2604.498891570216,4257.366666666667,4452.5,2254.2688008391538,2270.0,1,1,1,0,0,0,0,0,1,8887
577,0,2014-04-01,0.9749279121818236,-0.22252093395631434,0.8660254037844387,-0.49999999999999983,0.9999907397361901,0.004303538296244289,8887.0,4186.0,5636.0,4692.428571428572,4230.0,2731.947221131409,4476.366666666667,4672.5,2142.785642381295,2270.0,1,1,1,0,0,0,0,0,1,6570
577,0,2014-04-02,0.43388373911755823,-0.900968867902419,0.8660254037844387,-0.49999999999999983,0.9999166586547379,-0.01291029607500882,6570.0,3753.0,5118.0,5036.571428571428,5226.0,2745.5809256052953,4433.633333333333,4672.5,2093.784784305331,2270.0,1,1,1,0,0,0,0,0,1,6162
577,0,2014-04-03,-0.433883739117558,-0.9009688679024191,0.8660254037844387,-0.49999999999999983,0.9995462806873573,-0.030120304846908114,6162.0,4181.0,4770.0,5278.714285714285,5876.0,2732.260768075023,4409.1,4672.5,2071.574369643903,2270.0,1,1,1,0,0,0,0,0,1,5876
577,0,2014-04-04,-0.9749279121818236,-0.2225209339563146,0.8660254037844387,-0.49999999999999983,0.9988797155850336,-0.04732138832243185,5876.0,5226.0,5196.0,5384.0,5963.0,2744.065293197912,4430.6,4672.5,2084.6386373364276,2270.0,1,1,1,0,0,0,0,0,1,5963
577,0,2014-04-05,-0.7818314824680299,0.6234898018587334,0.8660254037844387,-0.49999999999999983,0.9979171608653922,-0.06450844944931623,5963.0,4230.0,4212.0,5298.285714285715,5963.0,2795.0175142138046,4373.8,4452.5,2082.3881416330164,2270.0,0,1,1,0,0,0,0,0,1,3630
577,0,2014-04-06,-2.4492935982947064e-16,1.0,0.8660254037844387,-0.49999999999999983,0.9966589017541702,-0.08167639533042241,3630.0,0.0,0.0,5298.285714285715,5963.0,2795.0175142138046,4173.466666666666,4269.5,2205.032202960303,2270.0,0,1,1,0,0,0,0,0,1,0
577,0,2014-04-07,0.7818314824680298,0.6234898018587336,0.8660254037844387,-0.49999999999999983,0.9951053111006976,-0.09882013873287143,0.0,8887.0,4781.0,4734.0,5876.0,2305.6259453779594,4211.9,4452.5,2208.0560080040477,2270.0,0,1,1,0,0,0,0,0,1,4937
577,0,2014-04-08,0.9749279121818236,-0.22252093395631434,0.8660254037844387,-0.49999999999999983,0.9932568492674143,-0.11593459959550041,4937.0,6570.0,4186.0,4347.857142857143,4937.0,2169.197810910095,4340.8,4452.5,2061.7219686131507,2270.0,0,1,1,0,0,0,0,0,1,3867
577,0,2014-04-09,0.43388373911755823,-0.900968867902419,0.8660254037844387,-0.49999999999999983,0.9911140639934547,-0.1330147065341959,3867.0,6162.0,3753.0,4077.285714285714,4268.0,2018.0566323640614,4325.533333333334,4277.0,2060.4665982002393,2270.0,0,1,1,0,0,0,0,0,1,4268
577,0,2014-04-10,-0.433883739117558,-0.9009688679024191,0.8660254037844387,-0.49999999999999983,0.9886775902323405,-0.1500553983446526,4268.0,5876.0,4181.0,3925.8571428571427,4268.0,1896.7132473985487,4354.4,4452.5,2061.090180228536,2270.0,0,1,1,0,0,0,0,0,1,4816
577,0,2014-04-11,-0.9749279121818236,-0.2225209339563146,0.8660254037844387,-0.49999999999999983,0.9859481499638304,-0.16705162550211924,4816.0,5963.0,5226.0,3767.8571428571427,4268.0,1738.1721652904469,4380.533333333334,4694.5,2062.3690885656915,2270.0,0,1,1,0,0,0,0,0,1,4857
577,0,2014-04-12,-0.7818314824680299,0.6234898018587334,0.8660254037844387,-0.49999999999999983,0.9829265519799822,-0.18399835165768005,4857.0,3630.0,4230.0,3857.1428571428573,4268.0,1745.945534523862,4379.5,4694.5,2062.425852376696,2270.0,0,1,1,0,0,0,0,0,1,4255
577,0,2014-04-13,-2.4492935982947064e-16,1.0,0.8660254037844387,-0.49999999999999983,0.9796136916454901,-0.20089055513063506,4255.0,0.0,0.0,3857.1428571428573,4268.0,1745.945534523862,4225.533333333334,4519.0,2210.9905680382353,2270.0,0,1,1,0,0,0,0,0,1,0
577,0,2014-04-14,0.7818314824680298,0.6234898018587336,0.8660254037844387,-0.49999999999999983,0.9760105506323683,-0.21772323039653177,0.0,4937.0,8887.0,4335.571428571428,4268.0,2419.930498805209,4359.966666666666,4775.5,2332.0138179535843,2270.0,1,1,1,0,0,0,0,0,1,8286
577,0,2014-04-15,0.9749279121818236,-0.22252093395631434,0.8660254037844387,-0.49999999999999983,0.9721181966290613,-0.23449138957040985,8286.0,3867.0,6570.0,4922.285714285715,4816.0,2761.199903078717,4625.766666666666,4798.5,2271.5846160370324,2270.0,1,1,1,0,0,0,0,0,1,7974
577,0,2014-04-16,0.43388373911755823,-0.900968867902419,0.8660254037844387,-0.49999999999999983,0.9679377830240642,-0.25119006388481935,7974.0,4268.0,6162.0,5347.857142857143,4857.0,2870.939998709567,4629.466666666666,4798.5,2275.9006210249227,2270.0,1,1,1,0,0,0,0,0,1,7247
577,0,2014-04-17,-0.433883739117558,-0.9009688679024191,0.8660254037844387,-0.49999999999999983,0.9634705485641488,-0.2678143051621742,7247.0,4816.0,5876.0,5798.0,7247.0,3016.9635949632125,4707.166666666667,4798.5,2350.032180019341,2270.0,1,1,1,0,0,0,0,0,1,7967
577,0,2014-04-18,-0.9749279121818236,-0.2225209339563146,0.8660254037844387,-0.49999999999999983,0.9587178169872964,-0.2843591872810034,7967.0,4857.0,5963.0,5104.142857142857,7247.0,3741.071033299219,4536.566666666667,4775.5,2500.154404657131,2270.0,1,1,1,0,0,0,0,0,1,0
577,0,2014-04-19,-0.7818314824680299,0.6234898018587334,0.8660254037844387,-0.49999999999999983,0.9536809966304457,-0.30081980763566735,0.0,4255.0,3630.0,5428.0,7247.0,3753.4154668337314,4594.966666666666,4798.5,2526.122331426836,2270.0,0,1,1,0,0,0,0,0,1,6522
577,0,2014-04-20,-2.4492935982947064e-16,1.0,0.8660254037844387,-0.49999999999999983,0.9483615800121715,-0.3171912885891061,6522.0,0.0,0.0,5428.0,7247.0,3753.4154668337314,4421.766666666666,4524.5,2658.169303698779,2270.0,0,1,1,0,0,0,0,0,1,0
577,0,2014-04-21,0.7818314824680298,0.6234898018587336,0.8660254037844387,-0.49999999999999983,0.9427611433904207,-0.3334687789181868,0.0,8286.0,4937.0,4244.285714285715,6522.0,4000.323516679025,4281.366666666667,4524.5,2778.1581033350944,2270.0,0,1,1,0,0,0,0,0,1,0
577,0,2014-04-22,0.9749279121818236,-0.22252093395631434,0.8660254037844387,-0.49999999999999983,0.9368813462954315,-0.3496474552512284,0.0,7974.0,3867.0,3825.714285714286,5044.0,3685.9618696836656,4449.5,4798.5,2660.2447093816613,2270.0,0,1,1,0,0,0,0,0,1,5044
577,0,2014-04-23,0.43388373911755823,-0.900968867902419,0.8660254037844387,-0.49999999999999983,0.9307239310379795,-0.36572252349726897,5044.0,7247.0,4268.0,3355.8571428571427,3958.0,3373.544942073616,4422.066666666667,4542.0,2660.9517215402143,2270.0,0,1,1,0,0,0,0,0,1,3958
577,0,2014-04-24,-0.433883739117558,-0.9009688679024191,0.8660254037844387,-0.49999999999999983,0.9242907221930934,-0.3816892202666588,3958.0,7967.0,4816.0,2811.714285714286,3958.0,2756.59776501673,4421.133333333333,4542.0,2661.042286506309,2270.0,0,1,1,0,0,0,0,0,1,4158
577,0,2014-04-25,-0.9749279121818236,-0.2225209339563146,0.8660254037844387,-0.49999999999999983,0.9175836260593937,-0.39754281428255595,4158.0,0.0,4857.0,3442.714285714286,4158.0,2499.2353973622753,4443.266666666666,4616.5,2658.053175739245,2270.0,0,1,1,0,0,0,0,0,1,4417
577,0,2014-04-26,-0.7818314824680299,0.6234898018587334,0.8660254037844387,-0.49999999999999983,0.9106046300942163,-0.4132786077829042,4417.0,6522.0,4255.0,2978.714285714286,3958.0,2102.239180357118,4413.033333333334,4616.5,2666.2845966953205,2270.0,0,1,1,0,0,0,0,0,1,3274
577,0,2014-04-27,-2.4492935982947064e-16,1.0,0.8660254037844387,-0.49999999999999983,0.9033558023246845,-0.4288919379124835,3274.0,0.0,0.0,2978.714285714286,3958.0,2102.239180357118,4238.833333333333,4342.5,2779.6471629641637,2270.0,0,1,1,0,0,0,0,0,1,0
577,0,2014-04-28,0.7818314824680298,0.6234898018587336,0.8660254037844387,-0.49999999999999983,0.895839290734909,-0.4443781781046132,0.0,0.0,8286.0,3865.1428571428573,4158.0,1938.743100445186,4304.666666666667,4616.5,2802.7229657938938,2270.0,1,1,1,0,0,0,0,0,1,6205
577,0,2014-04-29,0.9749279121818236,-0.22252093395631434,0.8660254037844387,-0.49999999999999983,0.8880573226294932,-0.45973273945210397,6205.0,5044.0,7974.0,4036.5714285714284,4158.0,2106.177094258922,4512.8,4836.5,2702.066251516832,2270.0,1,1,1,0,0,0,0,0,1,6244
577,0,2014-04-30,0.43388373911755823,-0.900968867902419,0.8660254037844387,-0.49999999999999983,0.8800122039735357,-0.47495107206704995,6244.0,3958.0,7247.0,4485.857142857143,4417.0,2401.378036917654,4453.333333333333,4836.5,2620.891666291607,2270.0,1,1,1,0,0,0,0,0,1,7103
577,0,2014-05-01,-0.433883739117558,-0.9009688679024191,0.49999999999999994,-0.8660254037844387,0.8717063187093218,-0.49002866642905923,7103.0,4158.0,7967.0,3891.8571428571427,4417.0,2948.029592149726,4234.333333333333,4616.5,2710.8733207067335,2270.0,1,1,1,0,0,0,0,0,1,0
577,0,2014-05-02,-0.9749279121818236,-0.2225209339563146,0.49999999999999994,-0.8660254037844387,0.8631421280499114,-0.5049610547215204,0.0,4417.0,0.0,4494.428571428572,6205.0,3459.895319088083,4316.766666666666,4616.5,2807.3935719482056,2270.0,1,1,1,0,0,0,0,0,1,8635
577,0,2014-05-03,-0.7818314824680299,0.6234898018587334,0.49999999999999994,-0.8660254037844387,0.854322169749827,-0.5197438121555155,8635.0,3274.0,6522.0,4619.285714285715,6205.0,3424.098310226394,4259.166666666667,4342.5,2791.9838588029306,2270.0,0,1,1,0,0,0,0,0,1,4148
577,0,2014-05-04,-2.4492935982947064e-16,1.0,0.49999999999999994,-0.8660254037844387,0.8452490573530633,-0.5343725582809787,4148.0,0.0,0.0,4619.285714285715,6205.0,3424.098310226394,4060.4,4261.5,2877.4524724197427,2270.0,0,1,1,0,0,0,0,0,1,0
577,0,2014-05-05,0.7818314824680298,0.6234898018587336,0.49999999999999994,-0.8660254037844387,0.835925479418637,-0.548842958284719,0.0,6205.0,0.0,4760.857142857143,6244.0,3519.738741657372,4179.266666666666,4342.5,2932.1941523586815,2270.0,1,1,1,0,0,0,0,0,1,7196
577,0,2014-05-06,0.9749279121818236,-0.22252093395631434,0.49999999999999994,-0.8660254037844387,0.8263541987239096,-0.5631507242749186,7196.0,6244.0,5044.0,4800.142857142857,6519.0,3540.5252636942378,4396.566666666667,4616.5,2852.2623650096757,2270.0,1,1,1,0,0,0,0,0,1,6519
577,0,2014-05-07,0.43388373911755823,-0.900968867902419,0.49999999999999994,-0.8660254037844387,0.8165380514459161,-0.5772916165517272,6519.0,7103.0,3958.0,4586.857142857143,5610.0,3421.6515714184698,4419.0,4616.5,2859.2974299823136,2270.0,1,1,1,0,0,0,0,0,1,5610
577,0,2014-05-08,-0.433883739117558,-0.9009688679024191,0.49999999999999994,-0.8660254037844387,0.8064799463209448,-0.5912614448635781,5610.0,0.0,4158.0,5386.714285714285,5610.0,2761.4299263416506,4476.733333333334,4836.5,2865.247018698551,2270.0,1,1,1,0,0,0,0,0,1,5599
577,0,2014-05-09,-0.9749279121818236,-0.2225209339563146,0.49999999999999994,-0.8660254037844387,0.7961828637826158,-0.6050560696488488,5599.0,8635.0,4417.0,5024.0,5610.0,2407.757116765174,4537.666666666667,4950.5,2880.0541342294196,2270.0,1,1,1,0,0,0,0,0,1,6096
577,0,2014-05-10,-0.7818314824680299,0.6234898018587334,0.49999999999999994,-0.8660254037844387,0.7856498550787145,-0.6186714032625031,6096.0,4148.0,3274.0,5187.285714285715,5610.0,2377.0094456610636,4553.5,5167.5,2882.941287212984,2270.0,0,1,1,0,0,0,0,0,1,5291
577,0,2014-05-11,-2.4492935982947064e-16,1.0,0.49999999999999994,-0.8660254037844387,0.7748840413670407,-0.6321034111873487,5291.0,0.0,0.0,5187.285714285715,5610.0,2377.0094456610636,4391.6,5167.5,2999.339382436489,2270.0,0,1,1,0,0,0,0,0,1,0
577,0,2014-05-12,0.7818314824680298,0.6234898018587336,0.49999999999999994,-0.8660254037844387,0.7638886127905428,-0.6453481132295501,0.0,7196.0,6205.0,4769.428571428572,5599.0,2216.733998261322,4392.133333333333,5167.5,2999.315677506012,2270.0,0,1,1,0,0,0,0,0,1,4271
577,0,2014-05-13,0.9749279121818236,-0.22252093395631434,0.49999999999999994,-0.8660254037844387,0.7526668275320084,-0.6584015846980488,4271.0,6519.0,6244.0,4439.857142857143,5291.0,2080.579360704725,4532.533333333334,5167.5,2882.953403445293,2270.0,0,1,1,0,0,0,0,0,1,4212
577,0,2014-05-14,0.43388373911755823,-0.900968867902419,0.49999999999999994,-0.8660254037844387,0.741222010848596,-0.6712599575675313,4212.0,5610.0,7103.0,4184.142857142857,4271.0,2021.96780625306,4383.666666666667,4730.5,2796.460463950241,2270.0,0,1,1,0,0,0,0,0,1,3820
577,0,2014-05-15,-0.433883739117558,-0.9009688679024191,0.49999999999999994,-0.8660254037844387,0.7295575540864875,-0.6839194216246106,3820.0,5599.0,0.0,4023.714285714286,4271.0,1933.6201552429852,4267.066666666667,4446.5,2713.2860079467396,2270.0,0,1,1,0,0,0,0,0,1,4476
577,0,2014-05-16,-0.9749279121818236,-0.2225209339563146,0.49999999999999994,-0.8660254037844387,0.717676913675962,-0.6963762255968722,4476.0,6096.0,8635.0,3896.1428571428573,4271.0,1798.8768188855538,4198.933333333333,4446.5,2661.036950246036,2270.0,0,1,1,0,0,0,0,0,1,5203
577,0,2014-05-17,-0.7818314824680299,0.6234898018587334,0.49999999999999994,-0.8660254037844387,0.705583610107178,-0.7086266782644596,5203.0,5291.0,4148.0,3621.1428571428573,4212.0,1694.1958199070361,4045.5666666666666,4344.0,2567.3159428817335,2270.0,0,1,1,0,0,0,0,0,1,3366
577,0,2014-05-18,-2.4492935982947064e-16,1.0,0.49999999999999994,-0.8660254037844387,0.6932812268869777,-0.7206671495538609,3366.0,0.0,0.0,3621.1428571428573,4212.0,1694.195819907036,4045.5666666666666,4344.0,2567.3159428817335,2270.0,0,1,1,0,0,0,0,0,1,0
577,0,2014-05-19,0.7818314824680298,0.6234898018587336,0.49999999999999994,-0.8660254037844387,0.6807734094770161,-0.7324940716135789,0.0,4271.0,7196.0,4064.8571428571427,4212.0,2218.3991546887614,4074.0666666666666,4344.0,2600.2889883604316,2270.0,1,1,1,0,0,0,0,0,1,7377
577,0,2014-05-20,0.9749279121818236,-0.22252093395631434,0.49999999999999994,-0.8660254037844387,0.6680638642135335,-0.7441039398713607,7377.0,4212.0,6519.0,4204.0,4476.0,2259.3344890328513,4246.933333333333,4446.5,2490.156288314028,2270.0,1,1,1,0,0,0,0,0,1,5186
577,0,2014-05-21,0.43388373911755823,-0.900968867902419,0.49999999999999994,-0.8660254037844387,0.6551563572090853,-0.7554933140726803,5186.0,3820.0,5610.0,4410.857142857143,5186.0,2284.4643740252286,4422.533333333334,4760.0,2362.83396082687,2270.0,1,1,1,0,0,0,0,0,1,5268
577,0,2014-05-22,-0.433883739117558,-0.9009688679024191,0.49999999999999994,-0.8660254037844387,0.6420547132365637,-0.766658819300159,5268.0,4476.0,5599.0,4473.428571428572,5186.0,2292.530178437707,4418.2,4695.0,2361.773886225179,2270.0,1,1,1,0,0,0,0,0,1,4914
577,0,2014-05-23,-0.9749279121818236,-0.2225209339563146,0.49999999999999994,-0.8660254037844387,0.6287628145958344,-0.777597146973627,4914.0,5203.0,6096.0,4496.571428571428,5186.0,2301.9210714200485,4465.1,5050.0,2366.285891579813,2270.0,1,1,1,0,0,0,0,0,1,5365
577,0,2014-05-24,-0.7818314824680299,0.6234898018587334,0.49999999999999994,-0.8660254037844387,0.6152845999633276,-0.7883050558305255,5365.0,3366.0,5291.0,4568.857142857143,5186.0,2268.1991703090102,4455.566666666667,5050.0,2368.141198658058,2270.0,0,1,1,0,0,0,0,0,1,3872
577,0,2014-05-25,-2.4492935982947064e-16,1.0,0.49999999999999994,-0.8660254037844387,0.6016240632249226,-0.7987793728863649,3872.0,0.0,0.0,4568.857142857143,5186.0,2268.1991703090102,4308.333333333333,5050.0,2504.030865367409,2270.0,0,1,1,0,0,0,0,0,1,0
577,0,2014-05-26,0.7818314824680298,0.6234898018587336,0.49999999999999994,-0.8660254037844387,0.5877852522924732,-0.8090169943749473,0.0,7377.0,4271.0,4162.571428571428,4914.0,1907.3763705801803,4350.3,5050.0,2496.6373267616027,2270.0,0,1,1,0,0,0,0,0,1,4533
577,0,2014-05-27,0.9749279121818236,-0.22252093395631434,0.49999999999999994,-0.8660254037844387,0.5737722679043246,-0.8190148866680801,4533.0,5186.0,4212.0,4059.0,4533.0,1861.678096055635,4499.0,5050.0,2357.5742501197287,2270.0,0,1,1,0,0,0,0,0,1,4461
577,0,2014-05-28,0.43388373911755823,-0.900968867902419,0.49999999999999994,-0.8660254037844387,0.5595892624101765,-0.8287700871745037,4461.0,5268.0,3820.0,4085.0,4533.0,1882.5310975740438,4473.833333333333,5050.0,2342.7179776892735,2270.0,0,1,1,0,0,0,0,0,1,5450
577,0,2014-05-29,-0.433883739117558,-0.9009688679024191,0.49999999999999994,-0.8660254037844387,0.545240438540651,-0.8382797052177743,5450.0,4914.0,4476.0,3383.0,4461.0,2373.952260120942,4265.7,4723.5,2454.718245648012,2270.0,0,1,1,0,0,0,0,0,1,0
577,0,2014-05-30,-0.9749279121818236,-0.2225209339563146,0.49999999999999994,-0.8660254037844387,0.5307300481619334,-0.8475409228928311,0.0,5365.0,5203.0,3487.8571428571427,4461.0,2489.4866558236063,4232.233333333334,4723.5,2421.3185732846773,2270.0,0,1,1,0,0,0,0,0,1,6099
577,0,2014-05-31,-0.7818314824680299,0.6234898018587334,0.49999999999999994,-0.8660254037844387,0.5160623910158528,-0.8565509959010036,6099.0,3872.0,3366.0,3590.285714285714,4533.0,2522.4581737058065,4385.2,4751.5,2285.895620146928,2270.0,0,1,1,0,0,0,0,0,1,4589
577,0,2014-06-01,-2.4492935982947064e-16,1.0,1.2246467991473532e-16,-1.0,0.5012418134457758,-0.865307254363206,4589.0,0.0,0.0,3590.285714285714,4533.0,2522.4581737058065,4097.366666666667,4561.0,2275.946055407827,2270.0,0,1,1,0,0,0,0,0,1,0
577,0,2014-06-02,0.7818314824680298,0.6234898018587336,1.2246467991473532e-16,-1.0,0.48627270710869,-0.8738071036110808,0.0,4533.0,7377.0,4033.4285714285716,4589.0,2951.6420772818897,4213.6,4751.5,2365.885146015745,2270.0,1,1,1,0,0,0,0,0,1,7635
577,0,2014-06-03,0.9749279121818236,-0.22252093395631434,1.2246467991473532e-16,-1.0,0.4711595076738638,-0.8820480249558537,7635.0,4461.0,5186.0,4274.428571428572,5450.0,3059.280245261558,4418.533333333334,5050.0,2251.838417265164,2270.0,1,1,1,0,0,0,0,0,1,6148
577,0,2014-06-04,0.43388373911755823,-0.900968867902419,1.2246467991473532e-16,-1.0,0.4559066935084588,-0.8900275764346767,6148.0,5450.0,5268.0,4255.0,5314.0,3050.9908772943477,4355.8,5050.0,2197.349396981237,2270.0,1,1,1,0,0,0,0,0,1,5314
577,0,2014-06-05,-0.433883739117558,-0.9009688679024191,1.2246467991473532e-16,-1.0,0.440518784350495,-0.8977433935342337,5314.0,0.0,4914.0,5134.857142857143,6099.0,2447.8706003770876,4343.8,5050.0,2186.0826466378276,2270.0,1,1,1,0,0,0,0,0,1,6159
577,0,2014-06-06,-0.9749279121818236,-0.2225209339563146,1.2246467991473532e-16,-1.0,0.42500033996955416,-0.9051931898913974,6159.0,6099.0,5365.0,5065.0,5610.0,2422.6174550129326,4343.8,5050.0,2186.0826466378276,2270.0,1,1,1,0,0,0,0,0,1,5610
577,0,2014-06-07,-0.7818314824680299,0.6234898018587334,1.2246467991473532e-16,-1.0,0.4093559588156213,-0.9123747579707273,5610.0,4589.0,3872.0,5030.428571428572,5610.0,2432.249771791737,4302.066666666667,4751.5,2173.2067190394414,2270.0,0,1,1,0,0,0,0,0,1,4347
577,0,2014-06-08,-2.4492935982947064e-16,1.0,1.2246467991473532e-16,-1.0,0.39359027665646673,-0.9192859697186104,4347.0,0.0,0.0,5030.428571428572,5610.0,2432.249771791737,4098.866666666667,4561.0,2281.9597556567014,2270.0,0,1,1,0,0,0,0,0,1,0
577,0,2014-06-09,0.7818314824680298,0.6234898018587336,1.2246467991473532e-16,-1.0,0.3777079652039649,-0.9259247771938498,0.0,7635.0,4533.0,3939.714285714286,5314.0,2759.494199685014,3922.5,4504.5,2388.61696746075,2270.0,0,1,1,0,0,0,0,0,1,0
577,0,2014-06-10,0.9749279121818236,-0.22252093395631434,1.2246467991473532e-16,-1.0,0.36171373072976765,-0.9322892131745133,0.0,6148.0,4461.0,3878.285714285714,5314.0,2706.4185876225,4113.1,4561.0,2290.965785653399,2270.0,0,1,1,0,0,0,0,0,1,5718
577,0,2014-06-11,0.43388373911755823,-0.900968867902419,1.2246467991473532e-16,-1.0,0.3456123126707335,-0.9383773917408641,5718.0,5314.0,5450.0,3766.5714285714284,4532.0,2652.8888566455776,4121.8,4561.0,2292.081397122383,2270.0,0,1,1,0,0,0,0,0,1,4532
577,0,2014-06-12,-0.433883739117558,-0.9009688679024191,1.2246467991473532e-16,-1.0,0.3294084822245304,-0.9441875088341993,4532.0,6159.0,0.0,3537.5714285714284,4532.0,2475.18725602346,4133.266666666666,4572.5,2293.408289339081,2270.0,0,1,1,0,0,0,0,0,1,4556
577,0,2014-06-13,-0.9749279121818236,-0.2225209339563146,1.2246467991473532e-16,-1.0,0.3131070409358269,-0.9497178427914316,4556.0,5610.0,6099.0,3428.0,4532.0,2383.430790548223,4167.366666666667,4716.0,2296.193453993137,2270.0,0,1,1,0,0,0,0,0,1,4843
577,0,2014-06-14,-0.7818314824680299,0.6234898018587334,1.2246467991473532e-16,-1.0,0.29671281927349075,-0.9549667548552551,4843.0,4347.0,4589.0,3371.285714285714,4532.0,2362.5502262234686,4149.833333333333,4716.0,2295.7637010947756,2270.0,0,1,1,0,0,0,0,0,1,3950
577,0,2014-06-15,-2.4492935982947064e-16,1.0,1.2246467991473532e-16,-1.0,0.28023067519921585,-0.9599326896597447,3950.0,0.0,0.0,3371.285714285714,4532.0,2362.5502262234686,3976.4,4572.5,2407.2804887931425,2270.0,0,1,1,0,0,0,0,0,1,0
577,0,2014-06-16,0.7818314824680298,0.6234898018587336,1.2246467991473532e-16,-1.0,0.26366549272800704,-0.9646141756912435,0.0,0.0,7635.0,4235.0,4556.0,2002.3475389319071,4065.733333333333,4716.0,2433.4325399395802,2270.0,1,1,1,0,0,0,0,0,1,6046
577,0,2014-06-17,0.9749279121818236,-0.22252093395631434,1.2246467991473532e-16,-1.0,0.24702218048093552,-0.9690098257244062,6046.0,5718.0,6148.0,4238.142857142857,4556.0,2005.0785877010262,4257.066666666667,4878.5,2326.0218508377625,2270.0,1,1,1,0,0,0,0,0,1,5740
577,0,2014-06-18,0.43388373911755823,-0.900968867902419,1.2246467991473532e-16,-1.0,0.23030567023061221,-0.9731183372332619,5740.0,4532.0,5314.0,4306.0,4843.0,2024.6233394551853,4178.066666666667,4878.5,2255.584165230107,2270.0,1,1,1,0,0,0,0,0,1,5007
577,0,2014-06-19,-0.433883739117558,-0.9009688679024191,1.2246467991473532e-16,-1.0,0.21352091543979612,-0.9769384927771817,5007.0,4556.0,6159.0,4308.714285714285,4843.0,2025.027054492994,4157.7,4716.0,2248.917903010862,2270.0,1,1,1,0,0,0,0,0,1,4575
577,0,2014-06-20,-0.9749279121818236,-0.2225209339563146,1.2246467991473532e-16,-1.0,0.19667288979357647,-0.980469160361632,4575.0,4843.0,5610.0,4301.428571428572,4792.0,2022.875004965528,4141.833333333333,4690.5,2242.4842917734313,2270.0,1,1,1,0,0,0,0,0,1,4792
577,0,2014-06-21,-0.7818314824680299,0.6234898018587334,1.2246467991473532e-16,-1.0,0.1797665857255624,-0.9837092937736097,4792.0,3950.0,4347.0,4213.857142857143,4792.0,2053.658477658138,4089.266666666667,4582.0,2242.242995434421,2270.0,0,1,1,0,0,0,0,0,1,3337
577,0,2014-06-22,-2.4492935982947064e-16,1.0,1.2246467991473532e-16,-1.0,0.16280701293851715,-0.986657932891657,3337.0,0.0,0.0,4213.857142857143,4792.0,2053.658477658138,3910.4333333333334,4565.5,2348.4192876432276,2270.0,0,1,1,0,0,0,0,0,1,0
577,0,2014-06-23,0.7818314824680298,0.6234898018587336,1.2246467991473532e-16,-1.0,0.1457991969198751,-0.9893142039703663,0.0,6046.0,0.0,3954.5714285714284,4575.0,1892.0016611288381,3922.4,4565.5,2349.1312495444395,2270.0,0,1,1,0,0,0,0,0,1,4231
577,0,2014-06-24,0.9749279121818236,-0.22252093395631434,1.2246467991473532e-16,-1.0,0.12874817745258132,-0.99167731989929,4231.0,5740.0,5718.0,3620.0,4231.0,1723.1981894140893,4035.6666666666665,4565.5,2232.5106067374945,2270.0,0,1,1,0,0,0,0,0,1,3398
577,0,2014-06-25,0.43388373911755823,-0.900968867902419,1.2246467991473532e-16,-1.0,0.11165900712169512,-0.993746580436178,3398.0,5007.0,4532.0,3359.4285714285716,3398.0,1612.8850813725944,3990.6666666666665,4565.5,2235.743760120903,2270.0,0,1,1,0,0,0,0,0,1,3183
577,0,2014-06-26,-0.433883739117558,-0.9009688679024191,1.2246467991473532e-16,-1.0,0.09453674981719912,-0.9955213724144752,3183.0,4575.0,4556.0,3089.714285714286,3337.0,1531.5414581705684,3931.5333333333333,4565.5,2246.310273243252,2270.0,0,1,1,0,0,0,0,0,1,2687
577,0,2014-06-27,-0.9749279121818236,-0.2225209339563146,1.2246467991473532e-16,-1.0,0.07738647923346301,-0.9970011699250151,2687.0,4792.0,4843.0,3035.4285714285716,3337.0,1466.500921370643,3896.9333333333334,4544.0,2230.05008345388,2270.0,0,1,1,0,0,0,0,0,1,4412
577,0,2014-06-28,-0.7818314824680299,0.6234898018587334,1.2246467991473532e-16,-1.0,0.06021327736579302,-0.9981855344718586,4412.0,3337.0,3950.0,3043.714285714286,3395.0,1468.6510493517162,4010.1,4544.0,2108.2941682791834,2270.0,0,1,1,0,0,0,0,0,1,3395
577,0,2014-06-29,-2.4492935982947064e-16,1.0,1.2246467991473532e-16,-1.0,0.04302223300453059,-0.99907411510223,3395.0,0.0,0.0,3043.714285714286,3395.0,1468.6510493517162,3806.8,4472.0,2192.303911728326,2270.0,0,1,1,0,0,0,0,0,1,0
577,0,2014-06-30,0.7818314824680298,0.6234898018587336,1.2246467991473532e-16,-1.0,0.02581844022713308,-0.9996666485105112,0.0,4231.0,6046.0,3423.1428571428573,3395.0,2053.251521252037,3883.4,4472.0,2259.6876897421967,2270.0,1,1,1,0,0,0,0,0,1,6887
577,0,2014-07-01,0.9749279121818236,-0.22252093395631434,-0.4999999999999998,-0.8660254037844388,0.008606996888688698,-0.9999629591162655,6887.0,3398.0,5740.0,3735.4285714285716,3395.0,2209.1124052541136,4069.5333333333333,4544.0,2156.3965909524336,2270.0,1,1,1,0,0,0,0,0,1,5584
577,0,2014-07-02,0.43388373911755823,-0.900968867902419,-0.4999999999999998,-0.8660254037844388,-0.008606996888688009,-0.9999629591162655,5584.0,3183.0,5007.0,3983.4285714285716,4412.0,2234.0621341063047,3979.0,4544.0,2056.2310181494718,2270.0,1,1,1,0,0,0,0,0,1,4919
577,0,2014-07-03,-0.433883739117558,-0.9009688679024191,-0.4999999999999998,-0.8660254037844388,-0.02581844022713239,-0.9996666485105112,4919.0,2687.0,4575.0,4271.142857142857,4701.0,2167.9839658517944,3930.766666666667,4544.0,2020.2545364270402,2270.0,1,1,1,0,0,0,0,0,1,4701
577,0,2014-07-04,-0.9749279121818236,-0.2225209339563146,-0.4999999999999998,-0.8660254037844388,-0.04302223300453034,-0.99907411510223,4701.0,4412.0,4792.0,4225.428571428572,4701.0,2167.8925909081113,3890.0333333333333,4472.0,2003.654497082312,2270.0,1,1,1,0,0,0,0,0,1,4092
577,0,2014-07-05,-0.7818314824680299,0.6234898018587334,-0.4999999999999998,-0.8660254037844388,-0.060213277365792774,-0.9981855344718586,4092.0,3395.0,3337.0,4200.857142857143,4701.0,2179.8155448394728,3792.1666666666665,4379.5,1960.2400993568233,2270.0,0,1,1,0,0,0,0,0,1,3223
577,0,2014-07-06,-2.4492935982947064e-16,1.0,-0.4999999999999998,-0.8660254037844388,-0.07738647923346322,-0.9970011699250151,3223.0,0.0,0.0,4200.857142857143,4701.0,2179.8155448394728,3605.1666666666665,4289.0,2046.533116968935,2270.0,0,1,1,0,0,0,0,0,1,0
577,0,2014-07-07,0.7818314824680298,0.6234898018587336,-0.4999999999999998,-0.8660254037844388,-0.09453674981719933,-0.9955213724144752,0.0,6887.0,4231.0,3816.285714285714,4195.0,1837.5245770951115,3600.1,4213.0,2044.8206455368654,2270.0,0,1,1,0,0,0,0,0,1,4195
577,0,2014-07-08,0.9749279121818236,-0.22252093395631434,-0.4999999999999998,-0.8660254037844388,-0.11165900712169444,-0.9937465804361781,4195.0,5584.0,3398.0,3692.4285714285716,4195.0,1724.242235219368,3757.3333333333335,4321.5,1936.9593008975032,2270.0,0,1,1,0,0,0,0,0,1,4717
577,0,2014-07-09,0.43388373911755823,-0.900968867902419,-0.4999999999999998,-0.8660254037844388,-0.12874817745258066,-0.99167731989929,4717.0,4919.0,3183.0,3503.8571428571427,4092.0,1637.7527722025502,3877.3,4321.5,1803.04612272944,2270.0,0,1,1,0,0,0,0,0,1,3599
577,0,2014-07-10,-0.433883739117558,-0.9009688679024191,-0.4999999999999998,-0.8660254037844388,-0.14579919691987442,-0.9893142039703664,3599.0,4701.0,2687.0,3434.0,4092.0,1587.8475997399735,3827.1,4221.5,1770.7053990838901,2270.0,0,1,1,0,0,0,0,0,1,4212
577,0,2014-07-11,-0.9749279121818236,-0.2225209339563146,-0.4999999999999998,-0.8660254037844388,-0.16280701293851646,-0.9866579328916572,4212.0,4092.0,4412.0,3509.285714285714,4195.0,1636.0086302019417,3830.0,4221.5,1771.9704597833563,2270.0,0,1,1,0,0,0,0,0,1,4619
577,0,2014-07-12,-0.7818314824680299,0.6234898018587334,-0.4999999999999998,-0.8660254037844388,-0.17976658572556214,-0.9837092937736098,4619.0,3223.0,3395.0,3626.4285714285716,4195.0,1641.441425205587,3812.9,4203.5,1767.191622613262,2270.0,0,1,1,0,0,0,0,0,1,4043
577,0,2014-07-13,-2.4492935982947064e-16,1.0,-0.4999999999999998,-0.8660254037844388,-0.19667288979357622,-0.9804691603616321,4043.0,0.0,0.0,3626.4285714285716,4195.0,1641.441425205587,3651.4666666666667,4143.5,1886.9908490418884,2270.0,0,1,1,0,0,0,0,0,1,0
577,0,2014-07-14,0.7818314824680298,0.6234898018587336,-0.4999999999999998,-0.8660254037844388,-0.2135209154397959,-0.9769384927771817,0.0,4195.0,6887.0,3819.4285714285716,4212.0,1791.9597146832336,3704.6666666666665,4203.5,1917.9418446710633,2270.0,1,1,1,0,0,0,0,0,1,5546
577,0,2014-07-15,0.9749279121818236,-0.22252093395631434,-0.4999999999999998,-0.8660254037844388,-0.23030567023061196,-0.973118337233262,5546.0,4717.0,5584.0,3907.4285714285716,4212.0,1857.3176767534815,3882.4333333333334,4221.5,1806.6487490098518,2270.0,1,1,1,0,0,0,0,0,1,5333
577,0,2014-07-16,0.43388373911755823,-0.900968867902419,-0.4999999999999998,-0.8660254037844388,-0.24702218048093527,-0.9690098257244063,5333.0,3599.0,4919.0,4110.0,4619.0,1895.0175021179439,3848.133333333333,4221.5,1773.622218713065,2270.0,1,1,1,0,0,0,0,0,1,5017
577,0,2014-07-17,-0.433883739117558,-0.9009688679024191,-0.4999999999999998,-0.8660254037844388,-0.2636654927280072,-0.9646141756912435,5017.0,4212.0,4701.0,4142.714285714285,4619.0,1899.0442082168342,3804.8333333333335,4221.5,1741.4067061120343,2270.0,1,1,1,0,0,0,0,0,1,4441
577,0,2014-07-18,-0.9749279121818236,-0.2225209339563146,-0.4999999999999998,-0.8660254037844388,-0.2802306751992161,-0.9599326896597445,4441.0,4619.0,4092.0,4154.0,4698.0,1902.577900288623,3794.5333333333333,4221.5,1734.9528609979777,2270.0,1,1,1,0,0,0,0,0,1,4698
577,0,2014-07-19,-0.7818314824680299,0.6234898018587334,-0.4999999999999998,-0.8660254037844388,-0.2967128192734901,-0.9549667548552553,4698.0,4043.0,3223.0,4046.1428571428573,4698.0,1931.1058514550173,3751.633333333333,4203.5,1730.8958908777506,2270.0,0,1,1,0,0,0,0,0,1,3288
577,0,2014-07-20,-2.4492935982947064e-16,1.0,-0.4999999999999998,-0.8660254037844388,-0.3131070409358267,-0.9497178427914317,3288.0,0.0,0.0,4046.1428571428573,4698.0,1931.1058514550173,3591.9,4143.5,1848.6804679050954,2270.0,0,1,1,0,0,0,0,0,1,0
577,0,2014-07-21,0.7818314824680298,0.6234898018587336,-0.4999999999999998,-0.8660254037844388,-0.3294084822245302,-0.9441875088341994,0.0,5546.0,4195.0,3792.5714285714284,4441.0,1814.343853586639,3606.366666666667,4143.5,1848.3150665017802,2270.0,0,1,1,0,0,0,0,0,1,3771
577,0,2014-07-22,0.9749279121818236,-0.22252093395631434,-0.4999999999999998,-0.8660254037844388,-0.3456123126707333,-0.9383773917408642,3771.0,5333.0,4717.0,3500.0,3771.0,1685.061027579316,3715.866666666667,4143.5,1720.1591492796776,2270.0,0,1,1,0,0,0,0,0,1,3285
577,0,2014-07-23,0.43388373911755823,-0.900968867902419,-0.4999999999999998,-0.8660254037844388,-0.3617137307297674,-0.9322892131745134,3285.0,5017.0,3599.0,3238.5714285714284,3288.0,1546.7627330592577,3681.0666666666666,4067.5,1719.93869043364,2270.0,0,1,1,0,0,0,0,0,1,3187
577,0,2014-07-24,-0.433883739117558,-0.9009688679024191,-0.4999999999999998,-0.8660254037844388,-0.37770796520396466,-0.9259247771938499,3187.0,4441.0,4212.0,3038.1428571428573,3285.0,1453.0452423068136,3669.0666666666666,4067.5,1723.2344474619667,2270.0,0,1,1,0,0,0,0,0,1,3038
577,0,2014-07-25,-0.9749279121818236,-0.2225209339563146,-0.4999999999999998,-0.8660254037844388,-0.39359027665646645,-0.9192859697186105,3038.0,4698.0,4619.0,2852.1428571428573,3285.0,1277.9414995180591,3676.1666666666665,4067.5,1721.6007403563149,2270.0,0,1,1,0,0,0,0,0,1,3396
577,0,2014-07-26,-0.7818314824680299,0.6234898018587334,-0.4999999999999998,-0.8660254037844388,-0.4093559588156211,-0.9123747579707274,3396.0,3288.0,4043.0,2857.1428571428573,3285.0,1279.9978422600818,3697.366666666667,4067.5,1712.8938708056864,2270.0,0,1,1,0,0,0,0,0,1,3323
577,0,2014-07-27,-2.4492935982947064e-16,1.0,-0.4999999999999998,-0.8660254037844388,-0.42500033996955394,-0.9051931898913975,3323.0,0.0,0.0,2857.1428571428573,3285.0,1279.9978422600818,3550.3,3907.0,1834.50752857921,2270.0,0,1,1,0,0,0,0,0,1,0
577,0,2014-07-28,0.7818314824680298,0.6234898018587336,-0.4999999999999998,-0.8660254037844388,-0.4405187843504952,-0.8977433935342336,0.0,3771.0,5546.0,3138.4285714285716,3285.0,1670.940140274613,3628.4666666666667,4067.5,1877.1262469867193,2270.0,1,1,1,0,0,0,0,0,1,5740
577,0,2014-07-29,0.9749279121818236,-0.22252093395631434,-0.4999999999999998,-0.8660254037844388,-0.455906693508459,-0.8900275764346766,5740.0,3285.0,5333.0,3346.0,3323.0,1778.9411644758404,3786.4,4143.5,1756.774976267988,2270.0,1,1,1,0,0,0,0,0,1,4738
577,0,2014-07-30,0.43388373911755823,-0.900968867902419,-0.4999999999999998,-0.8660254037844388,-0.47115950767386394,-0.8820480249558535,4738.0,3187.0,5017.0,3610.4285714285716,3396.0,1885.7322059033056,3724.766666666667,4143.5,1674.7651751675617,2270.0,1,1,1,0,0,0,0,0,1,5038
577,0,2014-07-31,-0.433883739117558,-0.9009688679024191,-0.4999999999999998,-0.8660254037844388,-0.4862727071086902,-0.8738071036110807,5038.0,3038.0,4441.0,4064.1428571428573,4738.0,2095.464501295709,3745.766666666667,4143.5,1702.6006210243947,2270.0,1,1,1,0,0,0,0,0,1,6214
577,0,2014-08-01,-0.9749279121818236,-0.2225209339563146,-0.8660254037844384,-0.5000000000000004,-0.5012418134457756,-0.8653072543632061,6214.0,3396.0,4698.0,4347.857142857143,5038.0,2124.1745399543975,3761.2,4143.5,1715.6506235446004,2270.0,1,1,1,0,0,0,0,0,1,5382
577,0,2014-08-02,-0.7818314824680299,0.6234898018587334,-0.8660254037844384,-0.5000000000000004,-0.5160623910158526,-0.8565509959010037,5382.0,3323.0,3288.0,4418.571428571428,5038.0,2092.3717688421484,3731.766666666667,4067.5,1706.5216424329242,2270.0,0,1,1,0,0,0,0,0,1,3818
577,0,2014-08-03,-2.4492935982947064e-16,1.0,-0.8660254037844384,-0.5000000000000004,-0.5307300481619331,-0.8475409228928312,3818.0,0.0,0.0,4418.571428571428,5038.0,2092.3717688421484,3595.366666666667,3930.5,1835.4031124135865,2270.0,0,1,1,0,0,0,0,0,1,0
577,0,2014-08-04,0.7818314824680298,0.6234898018587336,-0.8660254037844384,-0.5000000000000004,-0.5452404385406507,-0.8382797052177745,0.0,5740.0,3771.0,4592.285714285715,5038.0,2263.818729071575,3719.8,4119.0,1933.2224554015959,2270.0,1,1,1,0,0,0,0,0,1,6956
577,0,2014-08-05,0.9749279121818236,-0.22252093395631434,-0.8660254037844384,-0.5000000000000004,-0.5595892624101763,-0.828770087174504,6956.0,4738.0,3285.0,4653.428571428572,5166.0,2274.1664302290974,3892.0,4203.5,1817.0468652032175,2270.0,1,1,1,0,0,0,0,0,1,5166
577,0,2014-08-06,0.43388373911755823,-0.900968867902419,-0.8660254037844384,-0.5000000000000004,-0.5737722679043243,-0.8190148866680802,5166.0,5038.0,3187.0,4570.857142857143,5166.0,2268.361775126963,3900.8333333333335,4326.5,1819.2134921127508,2270.0,1,1,1,0,0,0,0,0,1,4460
577,0,2014-08-07,-0.433883739117558,-0.9009688679024191,-0.8660254037844384,-0.5000000000000004,-0.5877852522924734,-0.8090169943749472,4460.0,6214.0,3038.0,4303.857142857143,4460.0,2149.606974043661,3888.4333333333334,4278.5,1814.7208141566418,2270.0,1,1,1,0,0,0,0,0,1,4345
577,0,2014-08-08,-0.9749279121818236,-0.2225209339563146,-0.8660254037844384,-0.5000000000000004,-0.6016240632249227,-0.7987793728863648,4345.0,5382.0,3396.0,4153.142857142857,4345.0,2097.776634802621,3912.7,4336.0,1815.5842633272055,2270.0,1,1,1,0,0,0,0,0,1,4327
577,0,2014-08-09,-0.7818314824680299,0.6234898018587334,-0.8660254037844384,-0.5000000000000004,-0.6152845999633277,-0.7883050558305253,4327.0,3818.0,3323.0,4006.4285714285716,4345.0,2160.109476943461,3865.3333333333335,4336.0,1826.0128286993834,2270.0,0,1,1,0,0,0,0,0,1,2791
577,0,2014-08-10,-2.4492935982947064e-16,1.0,-0.8660254037844384,-0.5000000000000004,-0.6287628145958345,-0.7775971469736268,2791.0,0.0,0.0,4006.4285714285716,4345.0,2160.109476943461,3711.366666666667,4185.0,1950.7467974640128,2270.0,0,1,1,0,0,0,0,0,1,0
577,0,2014-08-11,0.7818314824680298,0.6234898018587336,-0.8660254037844384,-0.5000000000000004,-0.6420547132365636,-0.7666588193001592,0.0,6956.0,5740.0,3647.8571428571427,4345.0,1760.192927737508,3724.8,4336.0,1954.493238844705,2270.0,0,1,1,0,0,0,0,0,1,4446
577,0,2014-08-12,0.9749279121818236,-0.22252093395631434,-0.8660254037844384,-0.5000000000000004,-0.655156357209085,-0.7554933140726804,4446.0,5166.0,4738.0,3430.285714285714,4327.0,1630.6225512858273,3846.233333333333,4336.0,1823.8973557653478,2270.0,0,1,1,0,0,0,0,0,1,3643
577,0,2014-08-13,0.43388373911755823,-0.900968867902419,-0.8660254037844384,-0.5000000000000004,-0.6680638642135333,-0.7441039398713608,3643.0,4460.0,5038.0,3402.4285714285716,4265.0,1611.6546215140556,3803.5333333333333,4296.0,1797.535721832637,2270.0,0,1,1,0,0,0,0,0,1,4265
577,0,2014-08-14,-0.433883739117558,-0.9009688679024191,-0.8660254037844384,-0.5000000000000004,-0.6807734094770159,-0.7324940716135792,4265.0,4345.0,6214.0,3294.4285714285716,3643.0,1562.546197412292,3745.4,4041.5,1774.4185759731643,2270.0,0,1,1,0,0,0,0,0,1,3589
577,0,2014-08-15,-0.9749279121818236,-0.2225209339563146,-0.8660254037844384,-0.5000000000000004,-0.6932812268869771,-0.7206671495538615,3589.0,4327.0,5382.0,3276.5714285714284,3643.0,1549.4382699484827,3718.233333333333,4010.0,1760.4628443783731,2270.0,0,1,1,0,0,0,0,0,1,4202
577,0,2014-08-16,-0.7818314824680299,0.6234898018587334,-0.8660254037844384,-0.5000000000000004,-0.7055836101071774,-0.7086266782644601,4202.0,2791.0,3818.0,3358.1428571428573,3643.0,1534.5734943376954,3682.266666666667,3794.5,1756.2043305306827,2270.0,0,1,1,0,0,0,0,0,1,3362
577,0,2014-08-17,-2.4492935982947064e-16,1.0,-0.8660254037844384,-0.5000000000000004,-0.7176769136759615,-0.6963762255968726,3362.0,0.0,0.0,3358.1428571428573,3643.0,1534.5734943376954,3525.6666666666665,3707.0,1868.38509161648,2270.0,0,1,1,0,0,0,0,0,1,0
577,0,2014-08-18,0.7818314824680298,0.6234898018587336,-0.8660254037844384,-0.5000000000000004,-0.7295575540864876,-0.6839194216246105,0.0,4446.0,6956.0,3627.1428571428573,3643.0,1882.6190470168076,3627.0333333333333,3794.5,1936.3043270949036,2270.0,1,1,1,0,0,0,0,0,1,6329
577,0,2014-08-19,0.9749279121818236,-0.22252093395631434,-0.8660254037844384,-0.5000000000000004,-0.7412220108485957,-0.6712599575675315,6329.0,3643.0,5166.0,3857.714285714286,4202.0,1981.1430803356689,3802.266666666667,4010.0,1831.79935908768,2270.0,1,1,1,0,0,0,0,0,1,5257
577,0,2014-08-20,0.43388373911755823,-0.900968867902419,-0.8660254037844384,-0.5000000000000004,-0.7526668275320083,-0.6584015846980489,5257.0,4265.0,4460.0,3921.0,4202.0,2003.2738205247924,3833.5,4233.5,1839.2210448241804,2270.0,1,1,1,0,0,0,0,0,1,4708
577,0,2014-08-21,-0.433883739117558,-0.9009688679024191,-0.8660254037844384,-0.5000000000000004,-0.7638886127905429,-0.64534811322955,4708.0,3589.0,4345.0,4107.857142857143,4708.0,2027.9948576998765,3887.233333333333,4296.0,1846.1782460239224,2270.0,1,1,1,0,0,0,0,0,1,4897
577,0,2014-08-22,-0.9749279121818236,-0.2225209339563146,-0.8660254037844384,-0.5000000000000004,-0.7748840413670406,-0.6321034111873488,4897.0,4202.0,4327.0,4266.142857142857,4897.0,2079.161804555819,3958.0,4336.0,1859.055655711925,2270.0,1,1,1,0,0,0,0,0,1,5310
577,0,2014-08-23,-0.7818314824680299,0.6234898018587334,-0.8660254037844384,-0.5000000000000004,-0.7856498550787144,-0.6186714032625032,5310.0,3362.0,2791.0,4366.142857142857,4897.0,2044.980963935152,3992.133333333333,4336.0,1850.9644593792368,2270.0,0,1,1,0,0,0,0,0,1,4062
577,0,2014-08-24,-2.4492935982947064e-16,1.0,-0.8660254037844384,-0.5000000000000004,-0.7961828637826154,-0.6050560696488494,4062.0,0.0,0.0,4366.142857142857,4897.0,2044.980963935152,3878.9333333333334,4336.0,1987.4896648325252,2270.0,0,1,1,0,0,0,0,0,1,0
577,0,2014-08-25,0.7818314824680298,0.6234898018587336,-0.8660254037844384,-0.5000000000000004,-0.8064799463209447,-0.5912614448635782,0.0,6329.0,4446.0,4379.428571428572,4897.0,2060.1046783390125,3982.233333333333,4395.5,2037.5047227926398,2270.0,0,1,1,0,0,0,0,0,1,6422
577,0,2014-08-26,0.9749279121818236,-0.22252093395631434,-0.8660254037844384,-0.5000000000000004,-0.8165380514459157,-0.5772916165517278,6422.0,5257.0,3643.0,4402.714285714285,4897.0,2072.5607923762427,4162.9,4453.0,1908.4306307575887,2270.0,0,1,1,0,0,0,0,0,1,5420
577,0,2014-08-27,0.43388373911755823,-0.900968867902419,-0.8660254037844384,-0.5000000000000004,-0.8263541987239095,-0.5631507242749187,5420.0,4708.0,4265.0,4404.142857142857,4897.0,2072.809721816536,4128.833333333333,4453.0,1888.3233958002138,2270.0,0,1,1,0,0,0,0,0,1,4718
577,0,2014-08-28,-0.433883739117558,-0.9009688679024191,-0.8660254037844384,-0.5000000000000004,-0.8359254794186365,-0.5488429582847199,4718.0,4897.0,3589.0,4327.857142857143,4718.0,2061.443218441183,4116.333333333333,4404.5,1885.3907915288075,2270.0,0,1,1,0,0,0,0,0,1,4363
577,0,2014-08-29,-0.9749279121818236,-0.2225209339563146,-0.8660254037844384,-0.5000000000000004,-0.8452490573530634,-0.5343725582809785,4363.0,5310.0,4202.0,4378.142857142857,4718.0,2093.4389911157696,4137.133333333333,4404.5,1899.3001566517826,2270.0,0,1,1,0,0,0,0,0,1,5662
577,0,2014-08-30,-0.7818314824680299,0.6234898018587334,-0.8660254037844384,-0.5000000000000004,-0.8543221697498269,-0.5197438121555157,5662.0,4062.0,3362.0,4476.714285714285,4752.0,2092.316476562578,4088.4,4404.5,1862.5744993200285,2270.0,0,1,1,0,0,0,0,0,1,4752
577,0,2014-08-31,-2.4492935982947064e-16,1.0,-0.8660254037844384,-0.5000000000000004,-0.8631421280499115,-0.5049610547215202,4752.0,0.0,0.0,4476.714285714285,4752.0,2092.316476562578,3909.0,4354.0,1988.6090442906307,2270.0,0,1,1,0,0,0,0,0,1,0
577,0,2014-09-01,0.7818314824680298,0.6234898018587336,-1.0,-1.8369701987210297e-16,-0.8717063187093218,-0.4900286664290594,0.0,6422.0,6329.0,4526.0,4752.0,2149.0694885616585,4007.3,4404.5,2055.710367195028,2270.0,1,1,1,0,0,0,0,0,1,6767
577,0,2014-09-02,0.9749279121818236,-0.22252093395631434,-1.0,-1.8369701987210297e-16,-0.8800122039735356,-0.4749510720670502,6767.0,5420.0,5257.0,4613.428571428572,4752.0,2203.2662009800256,4208.366666666667,4453.0,1942.0974350239105,2270.0,1,1,1,0,0,0,0,0,1,6032
577,0,2014-09-03,0.43388373911755823,-0.900968867902419,-1.0,-1.8369701987210297e-16,-0.888057322629493,-0.4597327394521046,6032.0,4718.0,4708.0,4613.857142857143,4752.0,2203.290223625524,4133.866666666667,4453.0,1874.7627662947311,2270.0,1,1,1,0,0,0,0,0,1,4721
577,0,2014-09-04,-0.433883739117558,-0.9009688679024191,-1.0,-1.8369701987210297e-16,-0.8958392907349089,-0.44437817810461344,4721.0,4363.0,4897.0,4697.142857142857,4946.0,2203.2461224725844,4126.533333333334,4453.0,1871.0127763314224,2270.0,1,1,1,0,0,0,0,0,1,4946
577,0,2014-09-05,-0.9749279121818236,-0.2225209339563146,-1.0,-1.8369701987210297e-16,-0.9033558023246842,-0.4288919379124841,4946.0,5662.0,5310.0,4705.714285714285,4946.0,2207.737508120453,4168.6,4577.0,1892.8285821434877,2270.0,1,1,1,0,0,0,0,0,1,5722
577,0,2014-09-06,-0.7818314824680299,0.6234898018587334,-1.0,-1.8369701987210297e-16,-0.9106046300942162,-0.41327860778290443,5722.0,4752.0,4062.0,4505.857142857143,4946.0,2265.4183887729164,4135.533333333334,4577.0,1898.297653585762,2270.0,0,1,1,0,0,0,0,0,1,3353
577,0,2014-09-07,-2.4492935982947064e-16,1.0,-1.0,-1.8369701987210297e-16,-0.9175836260593934,-0.3975428142825566,3353.0,0.0,0.0,4505.857142857143,4946.0,2265.4183887729164,3991.3,4577.0,2042.17906185762,2270.0,0,1,1,0,0,0,0,0,1,0
577,0,2014-09-08,0.7818314824680298,0.6234898018587336,-1.0,-1.8369701987210297e-16,-0.9242907221930934,-0.3816892202666586,0.0,6767.0,6422.0,4202.142857142857,4721.0,2043.3845639503284,4052.9666666666667,4674.5,2032.5936460308715,2270.0,0,1,1,0,0,0,0,0,1,4641
577,0,2014-09-09,0.9749279121818236,-0.22252093395631434,-1.0,-1.8369701987210297e-16,-0.9307239310379793,-0.3657225234972692,4641.0,6032.0,5420.0,3967.714285714286,4641.0,1886.5804792698084,4199.333333333333,4674.5,1883.290431817336,2270.0,0,1,1,0,0,0,0,0,1,4391
577,0,2014-09-10,0.43388373911755823,-0.900968867902419,-1.0,-1.8369701987210297e-16,-0.9368813462954315,-0.34964745525122826,4391.0,4721.0,4718.0,3838.0,4391.0,1857.1408131856867,4178.233333333334,4674.5,1883.9774082277786,2270.0,0,1,1,0,0,0,0,0,1,3813
577,0,2014-09-11,-0.433883739117558,-0.9009688679024191,-1.0,-1.8369701987210297e-16,-0.9427611433904206,-0.33346877891818705,3813.0,4946.0,4363.0,3723.285714285714,4143.0,1801.2531484391352,4194.9,4674.5,1881.2888896198028,2270.0,0,1,1,0,0,0,0,0,1,4143
577,0,2014-09-12,-0.9749279121818236,-0.2225209339563146,-1.0,-1.8369701987210297e-16,-0.9483615800121716,-0.31719128858910595,4143.0,5722.0,5662.0,3518.1428571428573,4143.0,1606.9785757305954,4195.6,4674.5,1881.3197788639873,2270.0,0,1,1,0,0,0,0,0,1,4286
577,0,2014-09-13,-0.7818314824680299,0.6234898018587334,-1.0,-1.8369701987210297e-16,-0.9536809966304455,-0.300819807635668,4286.0,3353.0,4752.0,3472.714285714286,4143.0,1616.8894740917083,4177.133333333333,4674.5,1890.1774909056692,2270.0,0,1,1,0,0,0,0,0,1,3035
577,0,2014-09-14,-2.4492935982947064e-16,1.0,-1.0,-1.8369701987210297e-16,-0.9587178169872964,-0.2843591872810036,3035.0,0.0,0.0,3472.714285714286,4143.0,1616.8894740917083,4037.0666666666666,4674.5,2038.1670422107302,2270.0,0,1,1,0,0,0,0,0,1,0
577,0,2014-09-15,0.7818314824680298,0.6234898018587336,-1.0,-1.8369701987210297e-16,-0.9634705485641486,-0.26781430516217486,0.0,4641.0,6767.0,3618.1428571428573,4143.0,1777.3058664329938,4113.633333333333,4713.0,2055.0081883104513,2270.0,1,1,1,0,0,0,0,0,1,5659
577,0,2014-09-16,0.9749279121818236,-0.22252093395631434,-1.0,-1.8369701987210297e-16,-0.9679377830240642,-0.25119006388481957,5659.0,4391.0,6032.0,3657.285714285714,4143.0,1800.035806522164,4269.133333333333,4713.0,1903.9461694312604,2270.0,1,1,1,0,0,0,0,0,1,4665
577,0,2014-09-17,0.43388373911755823,-0.900968867902419,-1.0,-1.8369701987210297e-16,-0.9721181966290612,-0.23449138957041052,4665.0,3813.0,4721.0,3805.5714285714284,4286.0,1856.859342827995,4219.866666666667,4713.0,1867.5820756249022,2270.0,1,1,1,0,0,0,0,0,1,4851
577,0,2014-09-18,-0.433883739117558,-0.9009688679024191,-1.0,-1.8369701987210297e-16,-0.9760105506323682,-0.21772323039653224,4851.0,4143.0,4946.0,3823.4285714285716,4286.0,1861.241060613665,4186.9,4686.5,1857.3441244292183,2270.0,1,1,1,0,0,0,0,0,1,4268
577,0,2014-09-19,-0.9749279121818236,-0.2225209339563146,-1.0,-1.8369701987210297e-16,-0.9796136916454901,-0.20089055513063528,4268.0,4286.0,5722.0,3897.8571428571427,4665.0,1892.9682537020544,4190.2,4691.5,1858.3895586566757,2270.0,1,1,1,0,0,0,0,0,1,4807
577,0,2014-09-20,-0.7818314824680299,0.6234898018587334,-1.0,-1.8369701987210297e-16,-0.9829265519799822,-0.18399835165767986,4807.0,3035.0,3353.0,3922.4285714285716,4665.0,1880.9796966069612,4133.866666666667,4653.0,1861.83681520073,2270.0,0,1,1,0,0,0,0,0,1,3207
577,0,2014-09-21,-2.4492935982947064e-16,1.0,-1.0,-1.8369701987210297e-16,-0.9859481499638303,-0.1670516255021195,3207.0,0.0,0.0,3922.4285714285716,4665.0,1880.979696606961,3956.866666666667,4516.0,1993.8902147575127,2270.0,0,1,1,0,0,0,0,0,1,0
577,0,2014-09-22,0.7818314824680298,0.6234898018587336,-1.0,-1.8369701987210297e-16,-0.9886775902323404,-0.15005539834465262,0.0,5659.0,4641.0,3665.4285714285716,4268.0,1720.1929016966706,3950.133333333333,4516.0,1993.8640138552928,2270.0,0,1,1,0,0,0,0,0,1,3860
577,0,2014-09-23,0.9749279121818236,-0.22252093395631434,-1.0,-1.8369701987210297e-16,-0.9911140639934546,-0.13301470653419636,3860.0,4665.0,4391.0,3525.714285714286,3860.0,1664.2848027792284,4073.0333333333333,4516.0,1850.4600636399725,2270.0,0,1,1,0,0,0,0,0,1,3687
577,0,2014-09-24,0.43388373911755823,-0.900968867902419,-1.0,-1.8369701987210297e-16,-0.9932568492674143,-0.11593459959550066,3687.0,4851.0,3813.0,3312.0,3687.0,1558.4237763415488,3970.8,4377.0,1800.2514077301805,2270.0,0,1,1,0,0,0,0,0,1,3355
577,0,2014-09-25,-0.433883739117558,-0.9009688679024191,-1.0,-1.8369701987210297e-16,-0.9951053111006974,-0.09882013873287211,3355.0,4268.0,4143.0,3278.0,3687.0,1536.5331106097215,3924.4666666666667,4324.5,1779.4339420228564,2270.0,0,1,1,0,0,0,0,0,1,4030
577,0,2014-09-26,-0.9749279121818236,-0.2225209339563146,-1.0,-1.8369701987210297e-16,-0.99665890175417,-0.08167639533042288,4030.0,4807.0,4286.0,3087.0,3470.0,1390.998442366723,3882.866666666667,4277.0,1774.8248817614524,2270.0,0,1,1,0,0,0,0,0,1,3470
577,0,2014-09-27,-0.7818314824680299,0.6234898018587334,-1.0,-1.8369701987210297e-16,-0.9979171608653922,-0.06450844944931625,3470.0,3207.0,3035.0,3081.285714285714,3470.0,1390.5053894520586,3843.0,4205.5,1777.0990890813616,2270.0,0,1,1,0,0,0,0,0,1,3167
577,0,2014-09-28,-2.4492935982947064e-16,1.0,-1.0,-1.8369701987210297e-16,-0.9988797155850335,-0.04732138832243232,3167.0,0.0,0.0,3081.285714285714,3470.0,1390.5053894520586,3654.266666666667,4086.5,1875.2069666615744,2270.0,0,1,1,0,0,0,0,0,1,0
577,0,2014-09-29,0.7818314824680298,0.6234898018587336,-1.0,-1.8369701987210297e-16,-0.9995462806873573,-0.03012030484690836,0.0,3860.0,5659.0,3388.8571428571427,3470.0,1776.1091772534132,3696.3,4086.5,1914.3850574729927,2270.0,1,1,1,0,0,0,0,0,1,6013
577,0,2014-09-30,0.9749279121818236,-0.22252093395631434,-1.0,-1.8369701987210297e-16,-0.9999166586547379,-0.012910296075008843,6013.0,3687.0,4665.0,3680.5714285714284,3470.0,1988.2606181570554,3887.266666666667,4205.5,1816.1765623823967,2270.0,1,1,1,0,0,0,0,0,1,5729
577,0,2014-10-01,0.43388373911755823,-0.900968867902419,-0.8660254037844386,0.5000000000000001,-0.9999907397361901,0.004303538296243821,5729.0,3355.0,4851.0,4049.0,4030.0,2150.226654719605,3859.5,4205.5,1776.5672585460827,2270.0,1,1,1,0,0,0,0,0,1,5934
577,0,2014-10-02,-0.433883739117558,-0.9009688679024191,-0.8660254037844386,0.5000000000000001,-0.9997685019798909,0.021516097436222233,5934.0,4030.0,4268.0,4323.142857142857,5729.0,2266.5835839115093,3856.733333333333,4205.5,1773.1286382595329,2270.0,1,1,1,0,0,0,0,0,1,5949
577,0,2014-10-03,-0.9749279121818236,-0.2225209339563146,-0.8660254037844386,0.5000000000000001,-0.9992500112396835,0.03872228089217399,5949.0,3470.0,4807.0,3827.4285714285716,5729.0,2800.7733965902366,3699.366666666667,4086.5,1898.8206590940365,2270.0,1,1,1,0,0,0,0,0,1,0
577,0,2014-10-04,-0.7818314824680299,0.6234898018587334,-0.8660254037844386,0.5000000000000001,-0.9984354211555643,0.05591699010060302,0.0,3167.0,3207.0,4037.285714285714,5729.0,2798.0746781960447,3689.0333333333333,4086.5,1892.6360103876561,2270.0,0,1,1,0,0,0,0,0,1,4636
577,0,2014-10-05,-2.4492935982947064e-16,1.0,-0.8660254037844386,0.5000000000000001,-0.9973249731081555,0.07309512989807776,4636.0,0.0,0.0,4037.285714285714,5729.0,2798.0746781960447,3498.3,3945.0,1967.5356396018494,2270.0,0,1,1,0,0,0,0,0,1,0
577,0,2014-10-06,0.7818314824680298,0.6234898018587336,-0.8660254037844386,0.5000000000000001,-0.9959189961471792,0.0902516100310407,0.0,6013.0,3860.0,4122.571428571428,5729.0,2876.335275841051,3606.866666666667,4086.5,2047.476676357974,2270.0,1,1,1,0,0,0,0,0,1,6610
577,0,2014-10-07,0.9749279121818236,-0.22252093395631434,-0.8660254037844386,0.5000000000000001,-0.994217906893952,0.10738134666416306,6610.0,5729.0,3687.0,4007.0,4920.0,2816.664990137567,3770.866666666667,4205.5,1942.985735360943,2270.0,1,1,1,0,0,0,0,0,1,4920
577,0,2014-10-08,0.43388373911755823,-0.900968867902419,-0.8660254037844386,0.5000000000000001,-0.9922222094179324,0.12447926388678869,4920.0,5934.0,3355.0,3859.1428571428573,4899.0,2724.3015269099346,3779.4666666666667,4205.5,1947.5355555752758,2270.0,1,1,1,0,0,0,0,0,1,4899
577,0,2014-10-09,-0.433883739117558,-0.9009688679024191,-0.8660254037844386,0.5000000000000001,-0.989932495087353,0.141540295217043,4899.0,5949.0,4030.0,3697.714285714286,4819.0,2610.9487875920818,3793.733333333333,4205.5,1953.7276295775534,2270.0,1,1,1,0,0,0,0,0,1,4819
577,0,2014-10-10,-0.9749279121818236,-0.2225209339563146,-0.8660254037844386,0.5000000000000001,-0.9873494423939864,0.15855938510313475,4819.0,0.0,3470.0,4434.428571428572,4899.0,2063.9569486097053,3838.5333333333333,4277.0,1969.5300635594222,2270.0,1,1,1,0,0,0,0,0,1,5157
577,0,2014-10-11,-0.7818314824680299,0.6234898018587334,-0.8660254037844386,0.5000000000000001,-0.9844738167520923,0.17553149042142777,5157.0,4636.0,3167.0,4270.0,4899.0,2090.894385982547,3816.6,4277.0,1969.6863499657481,2270.0,0,1,1,0,0,0,0,0,1,3485
577,0,2014-10-12,-2.4492935982947064e-16,1.0,-0.8660254037844386,0.5000000000000001,-0.9813064702716093,0.19245158197082995,3485.0,0.0,0.0,4270.0,4899.0,2090.894385982547,3673.733333333333,4149.0,2086.4425908846574,2270.0,0,1,1,0,0,0,0,0,1,0
577,0,2014-10-13,0.7818314824680298,0.6234898018587336,-0.8660254037844386,0.5000000000000001,-0.9778483415056568,0.20931464596304888,0.0,6610.0,6013.0,3904.285714285714,4819.0,1819.6889582458584,3707.5666666666666,4159.0,2083.9558980596216,2270.0,0,1,1,0,0,0,0,0,1,4050
577,0,2014-10-14,0.9749279121818236,-0.22252093395631434,-0.8660254037844386,0.5000000000000001,-0.9741004551724206,0.22611568550828803,4050.0,4920.0,5729.0,3783.4285714285716,4074.0,1768.3556257290586,3843.366666666667,4171.0,1963.268447984276,2270.0,0,1,1,0,0,0,0,0,1,4074
577,0,2014-10-15,0.43388373911755823,-0.900968867902419,-0.8660254037844386,0.5000000000000001,-0.970063921851507,0.2428497220959358,4074.0,4899.0,5934.0,3655.4285714285716,4050.0,1705.4575981382852,3788.1666666666665,4062.0,1933.5139902712692,2270.0,0,1,1,0,0,0,0,0,1,4003
577,0,2014-10-16,-0.433883739117558,-0.9009688679024191,-0.8660254037844386,0.5000000000000001,-0.965739937654855,0.25951179706979943,4003.0,4819.0,5949.0,3504.285714285714,4003.0,1630.3809078745655,3758.0333333333333,4040.0,1926.4087990142573,2270.0,0,1,1,0,0,0,0,0,1,3761
577,0,2014-10-17,-0.9749279121818236,-0.2225209339563146,-0.8660254037844386,0.5000000000000001,-0.9611297838723007,0.27609697309746883,3761.0,5157.0,0.0,3295.8571428571427,3761.0,1469.1729451828085,3719.6,4016.5,1915.3210696904089,2270.0,0,1,1,0,0,0,0,0,1,3698
577,0,2014-10-18,-0.7818314824680299,0.6234898018587334,-0.8660254037844386,0.5000000000000001,-0.9562348265919058,0.2926003356333479,3698.0,3485.0,4636.0,3245.5714285714284,3761.0,1467.643332823386,3681.766666666667,3931.5,1915.3248159449938,2270.0,0,1,1,0,0,0,0,0,1,3133
577,0,2014-10-19,-2.4492935982947064e-16,1.0,-0.8660254037844386,0.5000000000000001,-0.9510565162951536,0.30901699437494723,3133.0,0.0,0.0,3245.5714285714284,3761.0,1467.643332823386,3521.5333333333333,3810.5,2016.3522840350452,2270.0,0,1,1,0,0,0,0,0,1,0
577,0,2014-10-20,0.7818314824680298,0.6234898018587336,-0.8660254037844386,0.5000000000000001,-0.9455963874271428,0.3253420847119795,0.0,4050.0,6610.0,3482.1428571428573,3761.0,1729.0991323587543,3604.8333333333335,3931.5,2054.175026678568,2270.0,1,1,1,0,0,0,0,0,1,5706
577,0,2014-10-21,0.9749279121818236,-0.22252093395631434,-0.8660254037844386,0.5000000000000001,-0.9398560579418953,0.341570769167856,5706.0,4074.0,4920.0,3526.4285714285716,3761.0,1750.6201622227882,3750.9666666666667,4016.5,1941.7468580944205,2270.0,1,1,1,0,0,0,0,0,1,4384
577,0,2014-10-22,0.43388373911755823,-0.900968867902419,-0.8660254037844386,0.5000000000000001,-0.9338372288229252,0.35769823883312546,4384.0,4003.0,4899.0,3600.1428571428573,3761.0,1784.5665606874404,3772.9333333333334,4040.0,1946.7440179089754,2270.0,1,1,1,0,0,0,0,0,1,4519
577,0,2014-10-23,-0.433883739117558,-0.9009688679024191,-0.8660254037844386,0.5000000000000001,-0.9275416835791965,0.3737197147904692,4519.0,3761.0,4819.0,3691.714285714286,4384.0,1810.454336558063,3796.766666666667,4062.0,1950.029667030444,2270.0,1,1,1,0,0,0,0,0,1,4402
577,0,2014-10-24,-0.9749279121818236,-0.2225209339563146,-0.8660254037844386,0.5000000000000001,-0.9209712877166346,0.38963044953078774,4402.0,3698.0,5157.0,3803.1428571428573,4402.0,1834.7461612415132,3834.2,4229.0,1952.0346485053824,2270.0,1,1,1,0,0,0,0,0,1,4478
577,0,2014-10-25,-0.7818314824680299,0.6234898018587334,-0.8660254037844386,0.5000000000000001,-0.9141279881853337,0.4054257283599973,4478.0,3133.0,3485.0,3833.5714285714284,4402.0,1823.5116174698783,3811.4,4229.0,1953.662742221605,2270.0,0,1,1,0,0,0,0,0,1,3346
577,0,2014-10-26,-2.4492935982947064e-16,1.0,-0.8660254037844386,0.5000000000000001,-0.9070138128026362,0.42110087079608916,3346.0,0.0,0.0,3833.5714285714284,4402.0,1823.5116174698783,3695.733333333333,4229.0,2073.6108592024475,2270.0,0,1,1,0,0,0,0,0,1,0
577,0,2014-10-27,0.7818314824680298,0.6234898018587336,-0.8660254037844386,0.5000000000000001,-0.8996308696522434,0.4366512319560638,0.0,5706.0,4050.0,3627.285714285714,4384.0,1649.7905639086114,3732.233333333333,4323.0,2073.6202672243758,2270.0,0,1,1,0,0,0,0,0,1,4262
577,0,2014-10-28,0.9749279121818236,-0.22252093395631434,-0.8660254037844386,0.5000000000000001,-0.8919813464595487,0.45207220393230374,4262.0,4384.0,4074.0,3543.4285714285716,4262.0,1619.5583613177619,3858.8,4323.0,1950.165199014763,2270.0,0,1,1,0,0,0,0,0,1,3797
577,0,2014-10-29,0.43388373911755823,-0.900968867902419,-0.8660254037844386,0.5000000000000001,-0.8840675099433637,0.46735921715800205,3797.0,4519.0,4003.0,3435.714285714286,3797.0,1568.1174184656022,3783.866666666667,4168.0,1907.2543495881723,2270.0,0,1,1,0,0,0,0,0,1,3765
577,0,2014-10-30,-0.433883739117558,-0.9009688679024191,-0.8660254037844386,0.5000000000000001,-0.8758917051442433,0.48250774176121763,3765.0,4402.0,3761.0,3429.1428571428573,3797.0,1563.4826966925887,3738.1,4168.0,1875.172734112416,2270.0,0,1,1,0,0,0,0,0,1,4356
577,0,2014-10-31,-0.9749279121818236,-0.2225209339563146,-0.8660254037844386,0.5000000000000001,-0.867456354729597,0.4975132889071803,4356.0,4478.0,3698.0,3477.8571428571427,3797.0,1606.3342770182662,3700.9333333333334,4168.0,1840.8846998551899,2270.0,0,1,1,0,0,0,0,0,1,4819
577,0,2014-11-01,-0.7818314824680299,0.6234898018587334,-0.5000000000000004,0.8660254037844384,-0.858763958275803,0.5123714121284235,4819.0,3346.0,3133.0,3571.285714285714,4000.0,1616.374720816688,3635.9666666666667,4062.0,1792.56948085093,2270.0,0,1,1,0,0,0,0,0,1,4000
577,0,2014-11-02,-2.4492935982947064e-16,1.0,-0.5000000000000004,0.8660254037844384,-0.8498170915275277,0.5270777086423724,4000.0,0.0,0.0,3571.285714285714,4000.0,1616.374720816688,3635.9666666666667,4062.0,1792.56948085093,2270.0,0,1,1,0,0,0,0,0,1,0
577,0,2014-11-03,0.7818314824680298,0.6234898018587336,-0.5000000000000004,0.8660254037844384,-0.8406184056344783,0.5416278206559811,0.0,4262.0,5706.0,4094.714285714286,4000.0,2318.2109275822813,3745.633333333333,4062.0,1949.6186273099763,2270.0,1,1,1,0,0,0,0,0,1,7926
577,0,2014-11-04,0.9749279121818236,-0.22252093395631434,-0.5000000000000004,0.8660254037844384,-0.8311706263658079,0.5560174366570446,7926.0,3797.0,4384.0,4347.571428571428,4356.0,2376.1329127486993,3931.2,4168.0,1842.8232538221353,2270.0,1,1,1,0,0,0,0,0,1,5567
577,0,2014-11-05,0.43388373911755823,-0.900968867902419,-0.5000000000000004,0.8660254037844384,-0.8214765533024145,0.5702422926917867,5567.0,3765.0,4519.0,4480.857142857143,4698.0,2364.145400814103,3867.4666666666667,4168.0,1778.9388881622963,2270.0,1,1,1,0,0,0,0,0,1,4698
577,0,2014-11-06,-0.433883739117558,-0.9009688679024191,-0.5000000000000004,0.8660254037844384,-0.8115390590073611,0.5842981736283683,4698.0,4356.0,4402.0,4525.285714285715,4698.0,2364.330188043802,3859.0333333333333,4168.0,1774.370961550999,2270.0,1,1,1,0,0,0,0,0,1,4667
577,0,2014-11-07,-0.9749279121818236,-0.2225209339563146,-0.5000000000000004,0.8660254037844384,-0.8013610881746769,0.5981809144059159,4667.0,4819.0,4478.0,4567.428571428572,4698.0,2373.051049959585,3866.2,4168.0,1779.1439902186244,2270.0,1,1,1,0,0,0,0,0,1,5114
577,0,2014-11-08,-0.7818314824680299,0.6234898018587334,-0.5000000000000004,0.8660254037844384,-0.7909456567567774,0.6118864012687242,5114.0,4000.0,3346.0,4558.0,4698.0,2375.8108089660677,3836.7,4062.0,1770.1150196409933,2270.0,0,1,1,0,0,0,0,0,1,3934
577,0,2014-11-09,-2.4492935982947064e-16,1.0,-0.5000000000000004,0.8660254037844384,-0.780295851070776,0.6254105729852457,3934.0,0.0,0.0,4558.0,4698.0,2375.8108089660677,3664.8,4026.5,1884.2037996513811,2270.0,0,1,1,0,0,0,0,0,1,0
577,0,2014-11-10,0.7818314824680298,0.6234898018587336,-0.5000000000000004,0.8660254037844384,-0.7694148268839381,0.6387494220515268,0.0,7926.0,4262.0,4293.571428571428,4698.0,2013.9211220190039,3751.133333333333,4062.0,1934.3503539829685,2270.0,1,1,1,0,0,0,0,0,1,6075
577,0,2014-11-11,0.9749279121818236,-0.22252093395631434,-0.5000000000000004,0.8660254037844384,-0.7583058084785625,0.6518989958787125,6075.0,5567.0,3797.0,4295.571428571428,4698.0,2015.4029255662379,3937.1666666666665,4168.0,1826.517188594156,2270.0,1,1,1,0,0,0,0,0,1,5581
577,0,2014-11-12,0.43388373911755823,-0.900968867902419,-0.5000000000000004,0.8660254037844384,-0.7469720876965551,0.6648553979642867,5581.0,4698.0,3765.0,4258.428571428572,4667.0,2009.1363697820389,3950.1,4309.0,1828.716062687439,2270.0,1,1,1,0,0,0,0,0,1,4438
577,0,2014-11-13,-0.433883739117558,-0.9009688679024191,-0.5000000000000004,0.8660254037844384,-0.7354170229639858,0.6776147890466887,4438.0,4667.0,4356.0,4254.0,4636.0,2008.1196013518045,3968.8333333333335,4370.0,1832.9028245839525,2270.0,1,1,1,0,0,0,0,0,1,4636
577,0,2014-11-14,-0.9749279121818236,-0.2225209339563146,-0.5000000000000004,0.8660254037844384,-0.7236440382959123,0.690173388242972,4636.0,5114.0,4819.0,4225.428571428572,4636.0,1995.2256227590608,3999.2,4393.0,1841.0169491062722,2270.0,1,1,1,0,0,0,0,0,1,4914
577,0,2014-11-15,-0.7818314824680299,0.6234898018587334,-0.5000000000000004,0.8660254037844384,-0.7116566222817751,0.7025274741691566,4914.0,3934.0,4000.0,4194.0,4636.0,2002.301425859752,3997.633333333333,4393.0,1841.2466257352992,2270.0,0,1,1,0,0,0,0,0,1,3714
577,0,2014-11-16,-2.4492935982947064e-16,1.0,-0.5000000000000004,0.8660254037844384,-0.6994583270516471,0.7146733860429608,3714.0,0.0,0.0,4194.0,4636.0,2002.301425859752,3874.366666666667,4393.0,1980.5166251003461,2270.0,0,1,1,0,0,0,0,0,1,0
577,0,2014-11-17,0.7818314824680298,0.6234898018587336,-0.5000000000000004,0.8660254037844384,-0.6870527672236675,0.726607524768565,0.0,6075.0,7926.0,4006.714285714286,4636.0,1852.7670040856635,3928.733333333333,4420.0,1981.8494311667844,2270.0,0,1,1,0,0,0,0,0,1,4764
577,0,2014-11-18,0.9749279121818236,-0.22252093395631434,-0.5000000000000004,0.8660254037844384,-0.6744436188329457,0.7383263540031063,4764.0,5581.0,5567.0,3774.1428571428573,4438.0,1719.610268691853,4060.5,4420.0,1837.810330350998,2270.0,0,1,1,0,0,0,0,0,1,3953
577,0,2014-11-19,0.43388373911755823,-0.900968867902419,-0.5000000000000004,0.8660254037844384,-0.661634618242279,0.749826401204568,3953.0,4438.0,4698.0,3719.714285714286,4057.0,1701.0252510653374,4005.5333333333333,4393.0,1811.3679291388207,2270.0,0,1,1,0,0,0,0,0,1,4057
577,0,2014-11-20,-0.433883739117558,-0.9009688679024191,-0.5000000000000004,0.8660254037844384,-0.6486295610349818,0.7611042586607742,4057.0,4636.0,4667.0,3583.285714285714,3953.0,1652.904082142062,3982.1,4379.0,1810.8501594555016,2270.0,0,1,1,0,0,0,0,0,1,3681
577,0,2014-11-21,-0.9749279121818236,-0.2225209339563146,-0.5000000000000004,0.8660254037844384,-0.6354323008901775,0.7721565844991641,3681.0,4914.0,5114.0,3491.0,3953.0,1582.7701454517392,3973.733333333333,4312.0,1808.8627391804548,2270.0,0,1,1,0,0,0,0,0,1,4268
577,0,2014-11-22,-0.7818314824680299,0.6234898018587334,-0.5000000000000004,0.8660254037844384,-0.622046748440868,0.7829801036770625,4268.0,3714.0,3934.0,3519.714285714286,3953.0,1589.29981588179,3957.5,4265.0,1807.071163417531,2270.0,0,1,1,0,0,0,0,0,1,3915
577,0,2014-11-23,-2.4492935982947064e-16,1.0,-0.5000000000000004,0.8660254037844384,-0.6084768701151264,0.7935716089521472,3915.0,0.0,0.0,3519.714285714286,3953.0,1589.29981588179,3808.233333333333,4159.5,1942.4668760027364,2270.0,0,1,1,0,0,0,0,0,1,0
577,0,2014-11-24,0.7818314824680298,0.6234898018587336,-0.5000000000000004,0.8660254037844384,-0.594726686960764,0.8039279618328208,0.0,4764.0,6075.0,3888.285714285714,3953.0,2132.3400068380033,3941.5,4265.0,2044.1450071716642,2270.0,1,1,1,0,0,0,0,0,1,7344
577,0,2014-11-25,0.9749279121818236,-0.22252093395631434,-0.5000000000000004,0.8660254037844384,-0.5808002734538014,0.8140460935082175,7344.0,3953.0,5581.0,4178.428571428572,4057.0,2275.9537822740635,4140.966666666666,4312.0,1935.3348722678743,2270.0,1,1,1,0,0,0,0,0,1,5984
577,0,2014-11-26,0.43388373911755823,-0.900968867902419,-0.5000000000000004,0.8660254037844384,-0.5667017562911184,0.8239230057575536,5984.0,4057.0,4438.0,4439.285714285715,4268.0,2362.7063376761907,4195.0,4397.0,1961.2852401176801,2270.0,1,1,1,0,0,0,0,0,1,5883
577,0,2014-11-27,-0.433883739117558,-0.9009688679024191,-0.5000000000000004,0.8660254037844384,-0.5524353131676203,0.8335557718385695,5883.0,3681.0,4636.0,4779.714285714285,5883.0,2406.510109008875,4270.566666666667,4537.0,1988.9002451248,2270.0,1,1,1,0,0,0,0,0,1,6064
577,0,2014-11-28,-0.9749279121818236,-0.2225209339563146,-0.5000000000000004,0.8660254037844384,-0.5380051715382992,0.8429415373547832,6064.0,4268.0,4914.0,5227.714285714285,5984.0,2580.950775346542,4391.866666666667,4651.5,2066.4595532111175,2270.0,1,1,1,0,0,0,0,0,1,7404
577,0,2014-11-29,-0.7818314824680299,0.6234898018587334,-0.5000000000000004,0.8660254037844384,-0.5234156073655503,0.8520775211013093,7404.0,3915.0,3714.0,5476.857142857143,5984.0,2516.48315634945,4435.3,4682.5,2079.3329857233693,2270.0,0,1,1,0,0,0,0,0,1,5659
577,0,2014-11-30,-2.4492935982947064e-16,1.0,-0.5000000000000004,0.8660254037844384,-0.5086709438521042,0.8609610158889945,5659.0,0.0,0.0,5476.857142857143,5984.0,2516.48315634945,4274.666666666667,4651.5,2229.3938612335337,2270.0,0,1,1,0,0,0,0,0,1,0
577,0,2014-12-01,0.7818314824680298,0.6234898018587336,-2.4492935982947064e-16,1.0,-0.4937755501599774,0.8695893893466109,0.0,7344.0,4764.0,5557.571428571428,5984.0,2594.2120741593776,4404.966666666666,4682.5,2324.971686640115,2270.0,1,1,1,0,0,0,0,0,1,7909
577,0,2014-12-02,0.9749279121818236,-0.22252093395631434,-2.4492935982947064e-16,1.0,-0.4787338401157883,0.8779600847008883,7909.0,5984.0,3953.0,5711.285714285715,6064.0,2654.8594259260863,4640.3,4731.0,2218.599467355869,2270.0,1,1,1,0,0,0,0,0,1,7060
577,0,2014-12-03,0.43388373911755823,-0.900968867902419,-2.4492935982947064e-16,1.0,-0.4635502709028512,0.8860706215341377,7060.0,5883.0,4057.0,5801.571428571428,6515.0,2672.3610570144965,4593.266666666666,4731.0,2160.7440917158788,2270.0,1,1,1,0,0,0,0,0,1,6515
577,0,2014-12-04,-0.433883739117558,-0.9009688679024191,-2.4492935982947064e-16,1.0,-0.4482293417404106,0.893918596519257,6515.0,6064.0,3681.0,5830.857142857143,6515.0,2676.8357830699715,4616.666666666667,4731.0,2175.404319666349,2270.0,1,1,1,0,0,0,0,0,1,6269
577,0,2014-12-05,-0.9749279121818236,-0.2225209339563146,-2.4492935982947064e-16,1.0,-0.4327755925504317,0.9015016841318838,6269.0,7404.0,4268.0,5908.857142857143,6515.0,2737.581014239365,4725.066666666667,4839.0,2259.013469962339,2270.0,1,1,1,0,0,0,0,0,1,7950
577,0,2014-12-06,-0.7818314824680299,0.6234898018587334,-2.4492935982947064e-16,1.0,-0.41719360261231697,0.9088176373395028,7950.0,5659.0,3915.0,5725.857142857143,6515.0,2799.1894915356884,4715.433333333333,4839.0,2259.885665147742,2270.0,0,1,1,0,0,0,0,0,1,4378
577,0,2014-12-07,-2.4492935982947064e-16,1.0,-2.4492935982947064e-16,1.0,-0.4014879892059737,0.9158642882672868,4378.0,0.0,0.0,5725.857142857143,6515.0,2799.1894915356884,4544.966666666666,4700.0,2416.253176437374,2270.0,0,1,1,0,0,0,0,0,1,0
577,0,2014-12-08,0.7818314824680298,0.6234898018587336,-2.4492935982947064e-16,1.0,-0.38566340624360745,0.9226395488404875,0.0,7909.0,7344.0,5381.0,6269.0,2628.9246217163927,4597.0,4839.0,2419.4482272075907,2270.0,0,1,1,0,0,0,0,0,1,5495
577,0,2014-12-09,0.9749279121818236,-0.22252093395631434,-2.4492935982947064e-16,1.0,-0.3697245428906732,0.9291414114031743,5495.0,7060.0,5984.0,5055.428571428572,5495.0,2525.419097703909,4756.366666666667,4847.5,2258.3002226015747,2270.0,0,1,1,0,0,0,0,0,1,4781
577,0,2014-12-10,0.43388373911755823,-0.900968867902419,-2.4492935982947064e-16,1.0,-0.3536761221763721,0.935367949313148,4781.0,6515.0,5883.0,4748.571428571428,4781.0,2447.81895144384,4699.433333333333,4772.5,2245.4033303823117,2270.0,0,1,1,0,0,0,0,0,1,4367
577,0,2014-12-11,-0.433883739117558,-0.9009688679024191,-2.4492935982947064e-16,1.0,-0.33752289959411347,0.941317317512847,4367.0,6269.0,6064.0,4426.428571428572,4378.0,2361.2272837899955,4647.2,4700.0,2242.4129306896534,2270.0,0,1,1,0,0,0,0,0,1,4014
577,0,2014-12-12,-0.9749279121818236,-0.2225209339563146,-2.4492935982947064e-16,1.0,-0.32126966169236515,0.946987753076075,4014.0,7950.0,7404.0,3861.1428571428573,4367.0,1778.9432657780656,4632.366666666667,4700.0,2245.3144236207904,2270.0,0,1,1,0,0,0,0,0,1,3993
577,0,2014-12-13,-0.7818314824680299,0.6234898018587334,-2.4492935982947064e-16,1.0,-0.3049212246562894,0.9523775757303973,3993.0,4378.0,5659.0,3948.5714285714284,4367.0,1823.0700166790834,4644.166666666667,4772.5,2246.264179558548,2270.0,0,1,1,0,0,0,0,0,1,4990
577,0,2014-12-14,-2.4492935982947064e-16,1.0,-2.4492935982947064e-16,1.0,-0.2884824328806098,0.9574851883550389,4990.0,0.0,0.0,3948.5714285714284,4367.0,1823.0700166790837,4480.366666666667,4571.0,2399.8271558928864,2270.0,0,1,1,0,0,0,0,0,1,0
577,0,2014-12-15,0.7818314824680298,0.6234898018587336,-2.4492935982947064e-16,1.0,-0.27195815753410524,0.9623090774541487,0.0,5495.0,7909.0,4394.571428571428,4367.0,2515.0174855020286,4643.8,4772.5,2510.24826907894,2270.0,1,1,1,0,0,0,0,0,1,8617
577,0,2014-12-16,0.9749279121818236,-0.22252093395631434,-2.4492935982947064e-16,1.0,-0.2553532951161881,0.9668478136052773,8617.0,4781.0,7060.0,4683.571428571428,4367.0,2677.7867015592597,4870.6,4885.5,2380.2164723344886,2270.0,1,1,1,0,0,0,0,0,1,6804
577,0,2014-12-17,0.43388373911755823,-0.900968867902419,-2.4492935982947064e-16,1.0,-0.23867276600594997,0.9711000518829505,6804.0,4367.0,6515.0,4960.571428571428,4990.0,2739.1666529039367,4922.0,5242.5,2394.4420846100556,2270.0,1,1,1,0,0,0,0,0,1,6306
577,0,2014-12-18,-0.433883739117558,-0.9009688679024191,-2.4492935982947064e-16,1.0,-0.22192151300416674,0.9750645322571945,6306.0,4014.0,6269.0,5229.857142857143,5899.0,2723.210447772473,4986.866666666667,5577.0,2393.645117206488,2270.0,1,1,1,0,0,0,0,0,1,5899
577,0,2014-12-19,-0.9749279121818236,-0.2225209339563146,-2.4492935982947064e-16,1.0,-0.20510449986861926,0.9787400799669153,5899.0,3993.0,7950.0,5627.857142857143,6306.0,2715.8930654311775,5077.6,5771.0,2408.72469619693,2270.0,1,1,1,0,0,0,0,0,1,6779
577,0,2014-12-20,-0.7818314824680299,0.6234898018587334,-2.4492935982947064e-16,1.0,-0.1882267098432439,0.9821256058680006,6779.0,4990.0,4378.0,5678.857142857143,6306.0,2705.2499224391745,5133.133333333333,5771.0,2394.579017544502,2270.0,0,1,1,0,0,0,0,0,1,5347
577,0,2014-12-21,-2.4492935982947064e-16,1.0,-2.4492935982947064e-16,1.0,-0.1712931441814778,0.9852201067560606,5347.0,0.0,0.0,5678.857142857143,6306.0,2705.2499224391745,4990.866666666667,5771.0,2568.2387596243475,2270.0,0,1,1,0,0,0,0,0,1,0
577,0,2014-12-22,0.7818314824680298,0.6234898018587336,-2.4492935982947064e-16,1.0,-0.154308820664281,0.9880226656636976,0.0,8617.0,5495.0,5493.0,6306.0,2507.19019355666,5104.233333333334,5891.0,2594.0439429895837,2270.0,0,1,1,0,0,0,0,0,1,7316
577,0,2014-12-23,0.9749279121818236,-0.22252093395631434,-2.4492935982947064e-16,1.0,-0.13727877211326517,0.9905324521322227,7316.0,6804.0,4781.0,5665.285714285715,6306.0,2649.679459499819,5371.233333333334,5941.5,2459.285481925436,2270.0,0,1,1,0,0,0,0,0,1,8010
577,0,2014-12-24,0.43388373911755823,-0.900968867902419,-2.4492935982947064e-16,1.0,-0.12020804489935275,0.9927487224577402,8010.0,6306.0,4367.0,5321.0,5899.0,2708.4723861739253,5256.3,5891.0,2444.435498616517,2270.0,0,1,1,0,0,0,0,0,1,3896
577,0,2014-12-25,-0.433883739117558,-0.9009688679024191,-2.4492935982947064e-16,1.0,-0.10310169744743544,0.9946708199115211,3896.0,5899.0,4014.0,4478.285714285715,5347.0,3342.222848858012,5056.833333333333,5771.0,2620.793616094359,2270.0,0,1,1,0,0,0,0,0,1,0
577,0,2014-12-26,-0.9749279121818236,-0.2225209339563146,-2.4492935982947064e-16,1.0,-0.0859647987374467,0.9962981749346077,0.0,6779.0,3993.0,3509.8571428571427,3896.0,3540.7038108532115,4860.733333333334,5577.0,2772.547514388212,2270.0,0,1,1,0,0,0,0,0,1,0
577,0,2014-12-27,-0.7818314824680299,0.6234898018587334,-2.4492935982947064e-16,1.0,-0.06880242680232064,0.9976303053065857,0.0,5347.0,4990.0,3312.0,3896.0,3458.6800950651646,4790.666666666667,5421.0,2767.6465956044576,2270.0,0,1,1,0,0,0,0,0,1,3962
577,0,2014-12-28,-2.4492935982947064e-16,1.0,-2.4492935982947064e-16,1.0,-0.05161966722325418,0.9986668162884759,3962.0,0.0,0.0,3312.0,3896.0,3458.6800950651646,4543.866666666667,5168.5,2855.302577520537,2270.0,0,1,1,0,0,0,0,0,1,0
577,0,2014-12-29,0.7818314824680298,0.6234898018587336,-2.4492935982947064e-16,1.0,-0.034421611622745804,0.9994074007397048,0.0,7316.0,8617.0,3090.0,3896.0,3198.9660829711797,4547.3,5168.5,2856.75125526931,2270.0,0,1,1,0,0,0,0,0,1,5762
577,0,2014-12-30,0.9749279121818236,-0.22252093395631434,-2.4492935982947064e-16,1.0,-0.01721335615583528,0.9998518392091162,5762.0,8010.0,6804.0,2809.5714285714284,3896.0,2750.371844990101,4748.866666666667,5421.0,2735.6023951531843,2270.0,0,1,1,0,0,0,0,0,1,6047
577,0,2014-12-31,0.43388373911755823,-0.900968867902419,-2.4492935982947064e-16,1.0,6.432490598706546e-16,1.0,6047.0,3896.0,6306.0,2681.4285714285716,2999.0,2711.945295487033,4585.2,5168.5,2686.454404780684,2270.0,0,1,1,0,0,0,0,0,1,2999
577,0,2015-01-01,-0.433883739117558,-0.9009688679024191,0.49999999999999994,0.8660254037844387,0.017213356155834685,0.9998518392091162,2999.0,0.0,5899.0,2681.4285714285716,2999.0,2711.945295487033,4349.866666666667,4885.5,2770.1117335031763,2270.0,0,1,1,0,0,0,0,0,1,0
577,0,2015-01-02,-0.9749279121818236,-0.2225209339563146,0.49999999999999994,0.8660254037844387,0.03442161162274574,0.9994074007397048,0.0,0.0,6779.0,3330.4285714285716,3962.0,2498.495070847168,4284.133333333333,4662.0,2740.198353421148,2270.0,0,1,1,0,0,0,0,0,1,4543
577,0,2015-01-03,-0.7818314824680299,0.6234898018587334,0.49999999999999994,0.8660254037844387,0.051619667223253764,0.998666816288476,4543.0,3962.0,5347.0,3278.714285714286,3600.0,2486.9637253945916,4195.166666666667,4460.5,2716.7603308724742,2270.0,0,1,1,0,0,0,0,0,1,3600
577,0,2015-01-04,-2.4492935982947064e-16,1.0,0.49999999999999994,0.8660254037844387,0.06880242680231986,0.9976303053065857,3600.0,0.0,0.0,3278.714285714286,3600.0,2486.9637253945916,3930.1666666666665,4372.5,2725.5920847851926,2270.0,0,1,1,0,0,0,0,0,1,0
577,0,2015-01-05,0.7818314824680298,0.6234898018587336,0.49999999999999994,0.8660254037844387,0.08596479873744647,0.9962981749346078,0.0,5762.0,7316.0,3450.0,3600.0,2717.1394271672266,4016.266666666667,4455.0,2780.472013182648,2270.0,1,1,1,0,0,0,0,0,1,6961
577,0,2015-01-06,0.9749279121818236,-0.22252093395631434,0.49999999999999994,0.8660254037844387,0.10310169744743485,0.9946708199115211,6961.0,6047.0,8010.0,3409.1428571428573,3600.0,2673.3782266744674,4208.3,4662.0,2691.026635909134,2270.0,1,1,1,0,0,0,0,0,1,5761
577,0,2015-01-07,0.43388373911755823,-0.900968867902419,0.49999999999999994,0.8660254037844387,0.1202080448993527,0.9927487224577402,5761.0,2999.0,3896.0,3703.0,4543.0,2733.165563956926,4193.666666666667,4662.0,2684.9753139985523,2270.0,1,1,1,0,0,0,0,0,1,5056
577,0,2015-01-08,-0.433883739117558,-0.9009688679024191,0.49999999999999994,0.8660254037844387,0.13727877211326478,0.9905324521322229,5056.0,0.0,0.0,4357.571428571428,4582.0,2194.020271643119,4187.033333333334,4562.5,2683.7197742008752,2270.0,1,1,1,0,0,0,0,0,1,4582
577,0,2015-01-09,-0.9749279121818236,-0.2225209339563146,0.49999999999999994,0.8660254037844387,0.15430882066428117,0.9880226656636976,4582.0,4543.0,0.0,4420.571428571428,4984.0,2206.528031179515,4207.6,4783.0,2687.5080189134605,2270.0,1,1,1,0,0,0,0,0,1,4984
577,0,2015-01-10,-0.7818314824680299,0.6234898018587334,0.49999999999999994,0.8660254037844387,0.1712931441814776,0.9852201067560606,4984.0,3600.0,3962.0,4304.571428571428,4984.0,2277.072525352295,4166.733333333334,4783.0,2699.846495423506,2270.0,0,1,1,0,0,0,0,0,1,2788
577,0,2015-01-11,-2.4492935982947064e-16,1.0,0.49999999999999994,0.8660254037844387,0.1882267098432442,0.9821256058680006,2788.0,0.0,0.0,4304.571428571428,4984.0,2277.072525352295,4033.633333333333,4783.0,2805.081454141364,2270.0,0,1,1,0,0,0,0,0,1,0
577,0,2015-01-12,0.7818314824680298,0.6234898018587336,0.49999999999999994,0.8660254037844387,0.2051044998686192,0.9787400799669153,0.0,6961.0,5762.0,4144.142857142857,4984.0,2090.653201639095,4061.9,4783.0,2819.2876863883016,2270.0,1,1,1,0,0,0,0,0,1,5838
577,0,2015-01-13,0.9749279121818236,-0.22252093395631434,0.49999999999999994,0.8660254037844387,0.22192151300416552,0.9750645322571948,5838.0,5761.0,6047.0,4083.0,4984.0,2041.1585762339296,4239.666666666667,5020.0,2720.7487728670367,2270.0,1,1,1,0,0,0,0,0,1,5333
577,0,2015-01-14,0.43388373911755823,-0.900968867902419,0.49999999999999994,0.8660254037844387,0.2386727660059501,0.9711000518829505,5333.0,5056.0,2999.0,4058.1428571428573,4882.0,2028.3538833720472,4115.166666666667,4933.0,2596.139575485554,2270.0,1,1,1,0,0,0,0,0,1,4882
577,0,2015-01-15,-0.433883739117558,-0.9009688679024191,0.49999999999999994,0.8660254037844387,0.255353295116187,0.9668478136052775,4882.0,4582.0,0.0,3919.714285714286,4882.0,2019.6907943449885,4008.8,4732.0,2547.0822441807213,2270.0,1,1,1,0,0,0,0,0,1,3613
577,0,2015-01-16,-0.9749279121818236,-0.2225209339563146,0.49999999999999994,0.8660254037844387,0.2719581575341055,0.9623090774541486,3613.0,4984.0,4543.0,3985.8571428571427,4882.0,2067.372682784552,3980.1666666666665,4732.0,2525.100927765524,2270.0,1,1,1,0,0,0,0,0,1,5447
577,0,2015-01-17,-0.7818314824680299,0.6234898018587334,0.49999999999999994,0.8660254037844387,0.288482432880609,0.9574851883550393,5447.0,2788.0,3600.0,4147.285714285715,4882.0,2001.3123789391868,3914.133333333333,4562.5,2498.958662203581,2270.0,0,1,1,0,0,0,0,0,1,3918
577,0,2015-01-18,-2.4492935982947064e-16,1.0,0.49999999999999994,0.8660254037844387,0.30492122465628907,0.9523775757303974,3918.0,0.0,0.0,4147.285714285715,4882.0,2001.3123789391868,3688.1666666666665,4252.5,2537.1732041419837,2270.0,0,1,1,0,0,0,0,0,1,0
577,0,2015-01-19,0.7818314824680298,0.6234898018587336,0.49999999999999994,0.8660254037844387,0.3212696616923644,0.9469877530760753,0.0,5838.0,6961.0,3876.0,3939.0,1857.4715789660554,3641.233333333333,3950.5,2518.3827279362886,2270.0,0,1,1,0,0,0,0,0,1,3939
577,0,2015-01-20,0.9749279121818236,-0.22252093395631434,0.49999999999999994,0.8660254037844387,0.3375228995941133,0.9413173175128471,3939.0,5333.0,5761.0,3700.0,3939.0,1751.768059228537,3777.9333333333334,4031.5,2423.4308386840885,2270.0,0,1,1,0,0,0,0,0,1,4101
577,0,2015-01-21,0.43388373911755823,-0.900968867902419,0.49999999999999994,0.8660254037844387,0.3536761221763716,0.9353679493131483,4101.0,4882.0,5056.0,3551.714285714286,3918.0,1677.390802634223,3662.2,3950.5,2329.7337186897576,2270.0,0,1,1,0,0,0,0,0,1,3844
577,0,2015-01-22,-0.433883739117558,-0.9009688679024191,0.49999999999999994,0.8660254037844387,0.3697245428906731,0.9291414114031743,3844.0,3613.0,4582.0,3562.8571428571427,3918.0,1678.1246902988034,3518.233333333333,3928.5,2180.4601647095187,2270.0,0,1,1,0,0,0,0,0,1,3691
577,0,2015-01-23,-0.9749279121818236,-0.2225209339563146,0.49999999999999994,0.8660254037844387,0.38566340624360707,0.9226395488404876,3691.0,5447.0,4984.0,3404.5714285714284,3918.0,1515.1258316437818,3533.0,3950.5,2184.6028440444043,2270.0,0,1,1,0,0,0,0,0,1,4339
577,0,2015-01-24,-0.7818314824680299,0.6234898018587334,0.49999999999999994,0.8660254037844387,0.401487989205973,0.9158642882672872,4339.0,3918.0,2788.0,3306.0,3844.0,1498.5099265603726,3640.6,3950.5,2081.658831234162,2270.0,0,1,1,0,0,0,0,0,1,3228
577,0,2015-01-25,-2.4492935982947064e-16,1.0,0.49999999999999994,0.8660254037844387,0.4171936026123168,0.9088176373395029,3228.0,0.0,0.0,3306.0,3844.0,1498.5099265603726,3640.6,3950.5,2081.658831234162,2270.0,0,1,1,0,0,0,0,0,1,0
577,0,2015-01-26,0.7818314824680298,0.6234898018587336,0.49999999999999994,0.8660254037844387,0.4327755925504312,0.901501684131884,0.0,3939.0,5838.0,3579.1428571428573,3844.0,1780.790033343943,3703.5666666666666,4020.0,2119.9335331697257,2270.0,1,1,1,0,0,0,0,0,1,5851
577,0,2015-01-27,0.9749279121818236,-0.22252093395631434,0.49999999999999994,0.8660254037844387,0.4482293417404106,0.893918596519257,5851.0,4101.0,5333.0,3801.714285714286,3844.0,1946.5346742596755,3892.2,4220.0,2028.8374860563854,2270.0,1,1,1,0,0,0,0,0,1,5659
577,0,2015-01-28,0.43388373911755823,-0.900968867902419,0.49999999999999994,0.8660254037844387,0.4635502709028509,0.886070621534138,5659.0,3844.0,4882.0,3826.8571428571427,4020.0,1948.3077638959214,3834.133333333333,4060.5,1998.1741102097812,2270.0,1,1,1,0,0,0,0,0,1,4020
577,0,2015-01-29,-0.433883739117558,-0.9009688679024191,0.49999999999999994,0.8660254037844387,0.47873384011578846,0.8779600847008882,4020.0,3691.0,3613.0,3862.714285714286,4020.0,1947.7003289594,3763.9666666666667,3981.0,1954.2654406819163,2270.0,1,1,1,0,0,0,0,0,1,3942
577,0,2015-01-30,-0.9749279121818236,-0.2225209339563146,0.49999999999999994,0.8660254037844387,0.4937755501599772,0.869589389346611,3942.0,4339.0,5447.0,4068.5714285714284,4020.0,2078.208993111041,3856.6666666666665,4060.5,1982.4824795213708,2270.0,1,1,1,0,0,0,0,0,1,5780
577,0,2015-01-31,-0.7818314824680299,0.6234898018587334,0.49999999999999994,0.8660254037844387,0.5086709438521044,0.8609610158889943,5780.0,3228.0,3918.0,4304.285714285715,4878.0,2060.4773487621496,4019.266666666667,4220.0,1850.935903682307,2270.0,0,1,1,0,0,0,0,0,1,4878
577,0,2015-02-01,-2.4492935982947064e-16,1.0,0.8660254037844386,0.5000000000000001,0.5234156073655503,0.8520775211013093,4878.0,0.0,0.0,4304.285714285715,4878.0,2060.4773487621496,3867.8333333333335,4060.5,1987.4190000121268,2270.0,0,1,1,0,0,0,0,0,1,0
577,0,2015-02-02,0.7818314824680298,0.6234898018587336,0.8660254037844386,0.5000000000000001,0.5380051715382996,0.8429415373547828,0.0,5851.0,3939.0,4431.285714285715,4878.0,2194.7238789337257,3972.5,4220.0,2054.3825945591525,2270.0,1,1,1,0,0,0,0,0,1,6740
577,0,2015-02-03,0.9749279121818236,-0.22252093395631434,0.8660254037844386,0.5000000000000001,0.5524353131676196,0.8335557718385699,6740.0,5659.0,4101.0,4459.285714285715,4878.0,2214.1615955996904,4167.666666666667,4460.5,1938.845165224045,2270.0,1,1,1,0,0,0,0,0,1,5855
577,0,2015-02-04,0.43388373911755823,-0.900968867902419,0.8660254037844386,0.5000000000000001,0.5667017562911176,0.8239230057575542,5855.0,4020.0,3844.0,4631.857142857143,5228.0,2221.281644199389,4109.9,4460.5,1877.5991888028484,2270.0,1,1,1,0,0,0,0,0,1,5228
577,0,2015-02-05,-0.433883739117558,-0.9009688679024191,0.8660254037844386,0.5000000000000001,0.5808002734538009,0.8140460935082178,5228.0,3942.0,3691.0,4709.285714285715,5228.0,2202.594887421479,4067.3333333333335,4411.5,1853.1933731159654,2270.0,1,1,1,0,0,0,0,0,1,4484
577,0,2015-02-06,-0.9749279121818236,-0.2225209339563146,0.8660254037844386,0.5000000000000001,0.5947266869607634,0.8039279618328213,4484.0,5780.0,4339.0,4594.428571428572,4976.0,2157.9661610833823,4064.6666666666665,4411.5,1851.7786851701758,2270.0,1,1,1,0,0,0,0,0,1,4976
577,0,2015-02-07,-0.7818314824680299,0.6234898018587334,0.8660254037844386,0.5000000000000001,0.6084768701151261,0.7935716089521474,4976.0,4878.0,3228.0,4374.285714285715,4976.0,2202.361665295212,4023.1666666666665,4220.0,1853.7347405995706,2270.0,0,1,1,0,0,0,0,0,1,3337
577,0,2015-02-08,-2.4492935982947064e-16,1.0,0.8660254037844386,0.5000000000000001,0.6220467484408675,0.7829801036770629,3337.0,0.0,0.0,4374.285714285715,4976.0,2202.361665295212,3857.0333333333333,4060.5,1983.4513890296596,2270.0,0,1,1,0,0,0,0,0,1,0
577,0,2015-02-09,0.7818314824680298,0.6234898018587336,0.8660254037844386,0.5000000000000001,0.6354323008901774,0.7721565844991642,0.0,6740.0,5851.0,4083.285714285714,4703.0,1958.786334637316,3920.866666666667,4220.0,1978.66978537103,2270.0,0,1,1,0,0,0,0,0,1,4703
577,0,2015-02-10,0.9749279121818236,-0.22252093395631434,0.8660254037844386,0.5000000000000001,0.6486295610349814,0.7611042586607747,4703.0,5855.0,5659.0,3833.4285714285716,4484.0,1800.2595976824014,4057.733333333333,4222.5,1834.8916520363414,2270.0,0,1,1,0,0,0,0,0,1,4106
577,0,2015-02-11,0.43388373911755823,-0.900968867902419,0.8660254037844386,0.5000000000000001,0.6616346182422783,0.7498264012045686,4106.0,5228.0,4020.0,3624.0,4106.0,1693.0671378694087,3988.5333333333333,4103.5,1804.3285451520696,2270.0,0,1,1,0,0,0,0,0,1,3762
577,0,2015-02-12,-0.433883739117558,-0.9009688679024191,0.8660254037844386,0.5000000000000001,0.6744436188329455,0.7383263540031065,3762.0,4484.0,3942.0,3615.285714285714,4106.0,1688.052498619405,3958.2,4103.5,1788.5267564732428,2270.0,0,1,1,0,0,0,0,0,1,4423
577,0,2015-02-13,-0.9749279121818236,-0.2225209339563146,0.8660254037844386,0.5000000000000001,0.6870527672236669,0.7266075247685656,4423.0,4976.0,5780.0,3517.8571428571427,4106.0,1614.5066768284935,3938.6,4103.5,1781.261091435525,2270.0,0,1,1,0,0,0,0,0,1,4294
577,0,2015-02-14,-0.7818314824680299,0.6234898018587334,0.8660254037844386,0.5000000000000001,0.6994583270516471,0.7146733860429609,4294.0,3337.0,4878.0,3638.4285714285716,4181.0,1630.1880113597115,3957.5333333333333,4143.5,1780.6994893199628,2270.0,0,1,1,0,0,0,0,0,1,4181
577,0,2015-02-15,-2.4492935982947064e-16,1.0,0.8660254037844386,0.5000000000000001,0.7116566222817746,0.702527474169157,4181.0,0.0,0.0,3638.4285714285716,4181.0,1630.1880113597115,3775.9666666666667,4103.5,1897.461052861545,2270.0,0,1,1,0,0,0,0,0,1,0
577,0,2015-02-16,0.7818314824680298,0.6234898018587336,0.8660254037844386,0.5000000000000001,0.7236440382959124,0.6901733882429719,0.0,4703.0,6740.0,3930.8571428571427,4181.0,1995.621910463952,3870.366666666667,4143.5,1973.6868612920312,2270.0,1,1,1,0,0,0,0,0,1,6750
577,0,2015-02-17,0.9749279121818236,-0.22252093395631434,0.8660254037844386,0.5000000000000001,0.7354170229639855,0.6776147890466889,6750.0,4106.0,5855.0,4154.857142857143,4294.0,2103.6349832746964,4059.5,4237.5,1858.5122665259964,2270.0,1,1,1,0,0,0,0,0,1,5674
577,0,2015-02-18,0.43388373911755823,-0.900968867902419,0.8660254037844386,0.5000000000000001,0.7469720876965552,0.6648553979642865,5674.0,3762.0,5228.0,4230.285714285715,4294.0,2096.655329668795,4071.2,4292.0,1858.8323253572694,2270.0,1,1,1,0,0,0,0,0,1,4290
577,0,2015-02-19,-0.433883739117558,-0.9009688679024191,0.8660254037844386,0.5000000000000001,0.7583058084785625,0.6518989958787126,4290.0,4423.0,4484.0,4276.285714285715,4294.0,2105.1033794318105,4092.6666666666665,4316.5,1862.9024875609914,2270.0,1,1,1,0,0,0,0,0,1,4745
577,0,2015-02-20,-0.9749279121818236,-0.2225209339563146,0.8660254037844386,0.5000000000000001,0.7694148268839378,0.6387494220515272,4745.0,4294.0,4976.0,4322.0,4614.0,2109.023075581044,4118.333333333333,4381.0,1864.6618873197892,2270.0,1,1,1,0,0,0,0,0,1,4614
577,0,2015-02-21,-0.7818314824680299,0.6234898018587334,0.8660254037844386,0.5000000000000001,0.7802958510707755,0.6254105729852463,4614.0,4181.0,3337.0,4206.714285714285,4614.0,2139.8464675676837,4107.766666666666,4381.0,1868.062091623544,2270.0,0,1,1,0,0,0,0,0,1,3374
577,0,2015-02-22,-2.4492935982947064e-16,1.0,0.8660254037844386,0.5000000000000001,0.7909456567567772,0.6118864012687243,3374.0,0.0,0.0,4206.714285714285,4614.0,2139.8464675676837,3963.133333333333,4358.5,2011.9705340499065,2270.0,0,1,1,0,0,0,0,0,1,0
577,0,2015-02-23,0.7818314824680298,0.6234898018587336,0.8660254037844386,0.5000000000000001,0.8013610881746766,0.5981809144059164,0.0,6750.0,4703.0,3903.285714285714,4614.0,1850.0753781297365,4009.733333333333,4453.5,2010.5460046419278,2270.0,0,1,1,0,0,0,0,0,1,4626
577,0,2015-02-24,0.9749279121818236,-0.22252093395631434,0.8660254037844386,0.5000000000000001,0.8115390590073611,0.5842981736283683,4626.0,5674.0,4106.0,3666.0,4290.0,1684.1986224908205,4143.5,4453.5,1862.6251913491042,2270.0,0,1,1,0,0,0,0,0,1,4013
577,0,2015-02-25,0.43388373911755823,-0.900968867902419,0.8660254037844386,0.5000000000000001,0.8214765533024142,0.5702422926917871,4013.0,4290.0,3762.0,3628.1428571428573,4025.0,1670.7594509255723,4082.633333333333,4358.5,1834.5266134352778,2270.0,0,1,1,0,0,0,0,0,1,4025
577,0,2015-02-26,-0.433883739117558,-0.9009688679024191,0.8660254037844386,0.5000000000000001,0.8311706263658079,0.5560174366570446,4025.0,4745.0,4423.0,3595.714285714286,4025.0,1647.5101126938637,4044.6,4358.5,1812.4128059882923,2270.0,0,1,1,0,0,0,0,0,1,4518
577,0,2015-02-27,-0.9749279121818236,-0.2225209339563146,0.8660254037844386,0.5000000000000001,0.8406184056344782,0.5416278206559814,4518.0,4614.0,4294.0,3709.5714285714284,4025.0,1753.7269701165756,4090.9666666666667,4453.5,1829.4743259186266,2270.0,0,1,1,0,0,0,0,0,1,5411
577,0,2015-02-28,-0.7818314824680299,0.6234898018587334,0.8660254037844386,0.5000000000000001,0.8498170915275278,0.5270777086423722,5411.0,3374.0,4181.0,3913.0,4518.0,1790.5183606989299,4119.5,4501.0,1833.7411683260548,2270.0,0,1,1,0,0,0,0,0,1,4798
577,0,2015-03-01,-2.4492935982947064e-16,1.0,1.0,6.123233995736766e-17,0.8587639582758029,0.5123714121284237,4798.0,0.0,0.0,3913.0,4518.0,1790.5183606989299,3926.8333333333335,4453.5,1953.0259472353976,2270.0,0,1,1,0,0,0,0,0,1,0
577,0,2015-03-02,0.7818314824680298,0.6234898018587336,1.0,6.123233995736766e-17,0.8674563547295968,0.49751328890718066,0.0,4626.0,6750.0,4151.428571428572,4518.0,2000.1397332138922,3974.0666666666666,4453.5,1993.5375407643546,2270.0,1,1,1,0,0,0,0,0,1,6295
577,0,2015-03-03,0.9749279121818236,-0.22252093395631434,1.0,6.123233995736766e-17,0.8758917051442429,0.48250774176121847,6295.0,4013.0,5674.0,4323.857142857143,4798.0,2037.8875851046841,4148.066666666667,4501.0,1857.9041757950793,2270.0,1,1,1,0,0,0,0,0,1,5220
577,0,2015-03-04,0.43388373911755823,-0.900968867902419,1.0,6.123233995736766e-17,0.8840675099433636,0.46735921715800227,5220.0,4025.0,4290.0,4496.285714285715,5220.0,2059.3365205235154,4097.8,4501.0,1805.0066462768104,2270.0,1,1,1,0,0,0,0,0,1,5232
577,0,2015-03-05,-0.433883739117558,-0.9009688679024191,1.0,6.123233995736766e-17,0.8919813464595485,0.45207220393230435,5232.0,4518.0,4745.0,4519.0,5220.0,2060.492497761962,4058.5333333333333,4501.0,1778.0741758185043,2270.0,1,1,1,0,0,0,0,0,1,4677
577,0,2015-03-06,-0.9749279121818236,-0.2225209339563146,1.0,6.123233995736766e-17,0.8996308696522433,0.43665123195606403,4677.0,5411.0,4614.0,4413.0,4798.0,2025.749244106978,4039.9,4501.0,1768.2982926316893,2270.0,1,1,1,0,0,0,0,0,1,4669
577,0,2015-03-07,-0.7818314824680299,0.6234898018587334,1.0,6.123233995736766e-17,0.9070138128026359,0.4211008707960896,4669.0,4798.0,3374.0,4272.714285714285,4677.0,2028.6441871593026,4017.633333333333,4470.5,1766.7183582765176,2270.0,0,1,1,0,0,0,0,0,1,3816
577,0,2015-03-08,-2.4492935982947064e-16,1.0,1.0,6.123233995736766e-17,0.9141279881853337,0.40542572835999735,3816.0,0.0,0.0,4272.714285714285,4677.0,2028.6441871593026,3851.766666666667,4358.5,1902.0413477382017,2270.0,0,1,1,0,0,0,0,0,1,0
577,0,2015-03-09,0.7818314824680298,0.6234898018587336,1.0,6.123233995736766e-17,0.9209712877166346,0.38963044953078796,0.0,6295.0,4626.0,4131.0,4677.0,1894.0103836392555,3917.3,4470.5,1917.4995598614812,2270.0,0,1,1,0,0,0,0,0,1,5303
577,0,2015-03-10,0.9749279121818236,-0.22252093395631434,1.0,6.123233995736766e-17,0.9275416835791966,0.37371971479046906,5303.0,5220.0,4013.0,3942.285714285714,4669.0,1832.2237594687738,4047.266666666667,4470.5,1769.2360309843746,2270.0,0,1,1,0,0,0,0,0,1,3899
577,0,2015-03-11,0.43388373911755823,-0.900968867902419,1.0,6.123233995736766e-17,0.9338372288229252,0.35769823883312546,3899.0,5232.0,4025.0,3706.8571428571427,3899.0,1742.5691214001008,4009.9666666666667,4358.5,1766.7287027711445,2270.0,0,1,1,0,0,0,0,0,1,3584
577,0,2015-03-12,-0.433883739117558,-0.9009688679024191,1.0,6.123233995736766e-17,0.9398560579418954,0.3415707691678556,3584.0,4677.0,4518.0,3640.714285714286,3899.0,1708.0532499784306,4013.5666666666666,4358.5,1767.0411404248719,2270.0,0,1,1,0,0,0,0,0,1,4214
577,0,2015-03-13,-0.9749279121818236,-0.2225209339563146,1.0,6.123233995736766e-17,0.9455963874271426,0.3253420847119801,4214.0,4669.0,5411.0,3616.5714285714284,3899.0,1692.2172690627701,4038.1666666666665,4461.5,1768.554583859928,2270.0,0,1,1,0,0,0,0,0,1,4500
577,0,2015-03-14,-0.7818314824680299,0.6234898018587334,1.0,6.123233995736766e-17,0.9510565162951535,0.30901699437494745,4500.0,3816.0,4798.0,3594.1428571428573,3899.0,1690.1727158855049,4012.7,4397.0,1768.3226837297293,2270.0,0,1,1,0,0,0,0,0,1,3659
577,0,2015-03-15,-2.4492935982947064e-16,1.0,1.0,6.123233995736766e-17,0.9562348265919056,0.29260033563334836,3659.0,0.0,0.0,3594.1428571428573,3899.0,1690.172715885505,3869.5666666666666,4395.0,1912.6620316005763,2270.0,0,1,1,0,0,0,0,0,1,0
577,0,2015-03-16,0.7818314824680298,0.6234898018587336,1.0,6.123233995736766e-17,0.9611297838723007,0.27609697309746883,0.0,5303.0,6295.0,3797.714285714286,3899.0,1989.5929830232155,3954.4666666666667,4509.0,1982.2263299100116,2270.0,1,1,1,0,0,0,0,0,1,6728
577,0,2015-03-17,0.9749279121818236,-0.22252093395631434,1.0,6.123233995736766e-17,0.9657399376548549,0.2595117970697999,6728.0,3899.0,5220.0,3998.4285714285716,4214.0,2070.729167639812,4131.266666666666,4566.0,1849.4463464793341,2270.0,1,1,1,0,0,0,0,0,1,5304
577,0,2015-03-18,0.43388373911755823,-0.900968867902419,1.0,6.123233995736766e-17,0.970063921851507,0.2428497220959356,5304.0,3584.0,5232.0,4195.714285714285,4500.0,2090.3577615873696,4071.766666666667,4566.0,1790.0514476007334,2270.0,1,1,1,0,0,0,0,0,1,4965
577,0,2015-03-19,-0.433883739117558,-0.9009688679024191,1.0,6.123233995736766e-17,0.9741004551724205,0.22611568550828828,4965.0,4214.0,4677.0,4307.857142857143,4965.0,2112.442301268952,4049.266666666667,4566.0,1773.3823504590175,2270.0,1,1,1,0,0,0,0,0,1,4999
577,0,2015-03-20,-0.9749279121818236,-0.2225209339563146,1.0,6.123233995736766e-17,0.9778483415056568,0.20931464596304847,4999.0,4500.0,4669.0,4308.142857142857,4965.0,2112.4727555301474,4056.3333333333335,4566.0,1774.7965465396887,2270.0,1,1,1,0,0,0,0,0,1,4502
577,0,2015-03-21,-0.7818314824680299,0.6234898018587334,1.0,6.123233995736766e-17,0.9813064702716093,0.19245158197082998,4502.0,3659.0,3816.0,4220.857142857143,4965.0,2155.9409723344615,3999.766666666667,4510.0,1779.1286259897292,2270.0,0,1,1,0,0,0,0,0,1,3048
577,0,2015-03-22,-2.4492935982947064e-16,1.0,1.0,6.123233995736766e-17,0.9844738167520922,0.1755314904214282,3048.0,0.0,0.0,4220.857142857143,4965.0,2155.9409723344615,3845.9666666666667,4501.0,1918.1967013467308,2270.0,0,1,1,0,0,0,0,0,1,0
577,0,2015-03-23,0.7818314824680298,0.6234898018587336,1.0,6.123233995736766e-17,0.9873494423939864,0.15855938510313478,0.0,6728.0,5303.0,3936.714285714286,4739.0,1884.4112886421283,3891.4666666666667,4510.0,1922.7990325409046,2270.0,0,1,1,0,0,0,0,0,1,4739
577,0,2015-03-24,0.9749279121818236,-0.22252093395631434,1.0,6.123233995736766e-17,0.989932495087353,0.141540295217043,4739.0,5304.0,3899.0,3710.8571428571427,4502.0,1785.3645219367534,4015.5666666666666,4510.0,1777.6424853572598,2270.0,0,1,1,0,0,0,0,0,1,3723
577,0,2015-03-25,0.43388373911755823,-0.900968867902419,1.0,6.123233995736766e-17,0.9922222094179323,0.12447926388678915,3723.0,4965.0,3584.0,3560.0,3909.0,1704.5155714552172,3991.6666666666665,4501.0,1773.9684974331044,2270.0,0,1,1,0,0,0,0,0,1,3909
577,0,2015-03-26,-0.433883739117558,-0.9009688679024191,1.0,6.123233995736766e-17,0.994217906893952,0.10738134666416309,3909.0,4999.0,4214.0,3380.1428571428573,3740.0,1589.941238806363,3982.5666666666666,4501.0,1774.5554019845795,2270.0,0,1,1,0,0,0,0,0,1,3740
577,0,2015-03-27,-0.9749279121818236,-0.2225209339563146,1.0,6.123233995736766e-17,0.995918996147179,0.09025161003104117,3740.0,4502.0,4500.0,3324.1428571428573,3740.0,1550.2502409365325,3985.4,4501.0,1774.6933411641637,2270.0,0,1,1,0,0,0,0,0,1,4110
577,0,2015-03-28,-0.7818314824680299,0.6234898018587334,1.0,6.123233995736766e-17,0.9973249731081555,0.07309512989807777,4110.0,3048.0,3659.0,3454.8571428571427,3909.0,1561.6196110204878,3966.9,4357.0,1771.8403514522665,2270.0,0,1,1,0,0,0,0,0,1,3963
577,0,2015-03-29,-2.4492935982947064e-16,1.0,1.0,6.123233995736766e-17,0.9984354211555643,0.055916990100603484,3963.0,0.0,0.0,3454.8571428571427,3909.0,1561.6196110204878,3786.5333333333333,4162.0,1891.159427866726,2270.0,0,1,1,0,0,0,0,0,1,0
577,0,2015-03-30,0.7818314824680298,0.6234898018587336,1.0,6.123233995736766e-17,0.9992500112396835,0.03872228089217446,0.0,4739.0,6728.0,3789.714285714286,3909.0,2055.943717962277,3862.7,4162.0,1977.351261244404,2270.0,1,1,1,0,0,0,0,0,1,7083
577,0,2015-03-31,0.9749279121818236,-0.22252093395631434,1.0,6.123233995736766e-17,0.9997685019798909,0.021516097436222254,7083.0,3723.0,5304.0,4262.714285714285,3963.0,2391.521950159611,4097.166666666667,4357.0,1919.7258799169738,2270.0,1,1,1,0,0,0,0,0,1,7034
577,0,2015-04-01,0.43388373911755823,-0.900968867902419,0.8660254037844387,-0.49999999999999983,0.9999907397361901,0.004303538296244289,7034.0,3909.0,4965.0,4751.285714285715,4110.0,2643.304227306278,4131.633333333333,4357.0,1969.191265527525,2270.0,1,1,1,0,0,0,0,0,1,7329
577,0,2015-04-02,-0.433883739117558,-0.9009688679024191,0.8660254037844387,-0.49999999999999983,0.9999166586547379,-0.01291029607500882,7329.0,3740.0,4999.0,5405.428571428572,7034.0,2904.9644207312253,4234.933333333333,4357.0,2104.863693405372,2270.0,1,1,1,0,0,0,0,0,1,8319
577,0,2015-04-03,-0.9749279121818236,-0.2225209339563146,0.8660254037844387,-0.49999999999999983,0.9995462806873573,-0.030120304846908114,8319.0,4110.0,4502.0,4818.285714285715,7034.0,3553.4085849263906,4060.5333333333333,4162.0,2232.2954126180102,2270.0,1,1,1,0,0,0,0,0,1,0
577,0,2015-04-04,-0.7818314824680299,0.6234898018587334,0.8660254037844387,-0.49999999999999983,0.9988797155850336,-0.04732138832243185,0.0,3963.0,3048.0,5167.857142857143,7034.0,3575.5399325869403,4118.3,4162.0,2270.8876762030845,2270.0,0,1,1,0,0,0,0,0,1,6410
577,0,2015-04-05,-2.4492935982947064e-16,1.0,0.8660254037844387,-0.49999999999999983,0.9979171608653922,-0.06450844944931623,6410.0,0.0,0.0,5167.857142857143,7034.0,3575.5399325869403,3962.6666666666665,4036.5,2388.777400944755,2270.0,0,1,1,0,0,0,0,0,1,0
577,0,2015-04-06,0.7818314824680298,0.6234898018587336,0.8660254037844387,-0.49999999999999983,0.9966589017541702,-0.08167639533042241,0.0,7083.0,4739.0,4156.0,6410.0,3928.0806593890934,3835.4666666666667,4036.5,2496.0471333598716,2270.0,0,1,1,0,0,0,0,0,1,0
577,0,2015-04-07,0.9749279121818236,-0.22252093395631434,0.8660254037844387,-0.49999999999999983,0.9951053111006976,-0.09882013873287143,0.0,7034.0,3723.0,3858.714285714286,4953.0,3748.612619547204,4000.5666666666666,4162.0,2395.3807800867917,2270.0,0,1,1,0,0,0,0,0,1,4953
577,0,2015-04-08,0.43388373911755823,-0.900968867902419,0.8660254037844387,-0.49999999999999983,0.9932568492674143,-0.11593459959550041,4953.0,7329.0,3909.0,3442.4285714285716,4415.0,3448.8184864357418,3970.9666666666667,4162.0,2384.1919108612256,2270.0,0,1,1,0,0,0,0,0,1,4415
577,0,2015-04-09,-0.433883739117558,-0.9009688679024191,0.8660254037844387,-0.49999999999999983,0.9911140639934547,-0.1330147065341959,4415.0,8319.0,3740.0,2899.4285714285716,4415.0,2789.2070472413675,3991.6,4314.5,2386.22523433257,2270.0,0,1,1,0,0,0,0,0,1,4518
577,0,2015-04-10,-0.9749279121818236,-0.2225209339563146,0.8660254037844387,-0.49999999999999983,0.9886775902323405,-0.1500553983446526,4518.0,0.0,4110.0,3439.8571428571427,4415.0,2483.533331671588,3998.233333333333,4314.5,2385.3295251763793,2270.0,0,1,1,0,0,0,0,0,1,3783
577,0,2015-04-11,-0.7818314824680299,0.6234898018587334,0.8660254037844387,-0.49999999999999983,0.9859481499638304,-0.16705162550211924,3783.0,6410.0,3963.0,3022.1428571428573,3783.0,2120.0082883934915,3973.9666666666667,4262.5,2386.761425509232,2270.0,0,1,1,0,0,0,0,0,1,3486
577,0,2015-04-12,-2.4492935982947064e-16,1.0,0.8660254037844387,-0.49999999999999983,0.9829265519799822,-0.18399835165768005,3486.0,0.0,0.0,3022.1428571428573,3783.0,2120.0082883934915,3823.9666666666667,4036.5,2491.6617704176724,2270.0,0,1,1,0,0,0,0,0,1,0
577,0,2015-04-13,0.7818314824680298,0.6234898018587336,0.8660254037844387,-0.49999999999999983,0.9796136916454901,-0.20089055513063506,0.0,0.0,7083.0,4018.285714285714,4415.0,2101.445194327439,3934.4333333333334,4262.5,2556.709114350381,2270.0,1,1,1,0,0,0,0,0,1,6973
577,0,2015-04-14,0.9749279121818236,-0.22252093395631434,0.8660254037844387,-0.49999999999999983,0.9760105506323683,-0.21772323039653177,6973.0,4953.0,7034.0,4092.5714285714284,4415.0,2148.654839439691,4116.866666666667,4458.5,2459.7101558059085,2270.0,1,1,1,0,0,0,0,0,1,5473
577,0,2015-04-15,0.43388373911755823,-0.900968867902419,0.8660254037844387,-0.49999999999999983,0.9721181966290613,-0.23449138957040985,5473.0,4415.0,7329.0,4128.142857142857,4518.0,2156.9275546921976,4048.0666666666666,4458.5,2412.57039823438,2270.0,1,1,1,0,0,0,0,0,1,4664
577,0,2015-04-16,-0.433883739117558,-0.9009688679024191,0.8660254037844387,-0.49999999999999983,0.9679377830240642,-0.25119006388481935,4664.0,4518.0,8319.0,4174.428571428572,4664.0,2170.123871821055,4032.6666666666665,4458.5,2405.741900527576,2270.0,1,1,1,0,0,0,0,0,1,4842
577,0,2015-04-17,-0.9749279121818236,-0.2225209339563146,0.8660254037844387,-0.49999999999999983,0.9634705485641488,-0.2678143051621742,4842.0,3783.0,0.0,4355.142857142857,4842.0,2184.7171005701866,4035.4333333333334,4458.5,2406.898529204143,2270.0,1,1,1,0,0,0,0,0,1,5048
577,0,2015-04-18,-0.7818314824680299,0.6234898018587334,0.8660254037844387,-0.49999999999999983,0.9587178169872964,-0.2843591872810034,5048.0,3486.0,6410.0,4325.857142857143,4842.0,2199.632653313685,3978.1666666666665,4262.5,2403.6178203776058,2270.0,0,1,1,0,0,0,0,0,1,3281
577,0,2015-04-19,-2.4492935982947064e-16,1.0,0.8660254037844387,-0.49999999999999983,0.9536809966304457,-0.30081980763566735,3281.0,0.0,0.0,4325.857142857143,4842.0,2199.632653313685,3828.1,4036.5,2508.0545331749304,2270.0,0,1,1,0,0,0,0,0,1,0
577,0,2015-04-20,0.7818314824680298,0.6234898018587336,0.8660254037844387,-0.49999999999999983,0.9483615800121715,-0.3171912885891061,0.0,6973.0,0.0,3955.8571428571427,4664.0,1873.8508859717538,3872.6,4246.5,2505.578185046182,2270.0,0,1,1,0,0,0,0,0,1,4383
577,0,2015-04-21,0.9749279121818236,-0.22252093395631434,0.8660254037844387,-0.49999999999999983,0.9427611433904207,-0.3334687789181868,4383.0,5473.0,4953.0,3707.5714285714284,4383.0,1750.4017498032454,3997.1,4246.5,2396.9566530397947,2270.0,0,1,1,0,0,0,0,0,1,3735
577,0,2015-04-22,0.43388373911755823,-0.900968867902419,0.8660254037844387,-0.49999999999999983,0.9368813462954315,-0.3496474552512284,3735.0,4664.0,4415.0,3543.5714285714284,3735.0,1698.877556618171,3956.3333333333335,4036.5,2394.30227880668,2270.0,0,1,1,0,0,0,0,0,1,3516
577,0,2015-04-23,-0.433883739117558,-0.9009688679024191,0.8660254037844387,-0.49999999999999983,0.9307239310379795,-0.36572252349726897,3516.0,4842.0,4518.0,3375.285714285714,3664.0,1604.5485049576644,3954.366666666667,4036.5,2394.5247672387,2270.0,0,1,1,0,0,0,0,0,1,3664
577,0,2015-04-24,-0.9749279121818236,-0.2225209339563146,0.8660254037844387,-0.49999999999999983,0.9242907221930934,-0.3816892202666588,3664.0,5048.0,3783.0,3232.285714285714,3664.0,1469.5543218138864,3958.9666666666667,4078.5,2394.567162432975,2270.0,0,1,1,0,0,0,0,0,1,4047
577,0,2015-04-25,-0.7818314824680299,0.6234898018587334,0.8660254037844387,-0.49999999999999983,0.9175836260593937,-0.39754281428255595,4047.0,3281.0,3486.0,3302.1428571428573,3735.0,1483.809447398973,3959.9666666666667,4078.5,2394.478828663881,2270.0,0,1,1,0,0,0,0,0,1,3770
577,0,2015-04-26,-2.4492935982947064e-16,1.0,0.8660254037844387,-0.49999999999999983,0.9106046300942163,-0.4132786077829042,3770.0,0.0,0.0,3302.1428571428573,3735.0,1483.809447398973,3822.9666666666667,4005.0,2500.8143016354447,2270.0,0,1,1,0,0,0,0,0,1,0
577,0,2015-04-27,0.7818314824680298,0.6234898018587336,0.8660254037844387,-0.49999999999999983,0.9033558023246845,-0.4288919379124835,0.0,4383.0,6973.0,3558.714285714286,3735.0,1819.2212357934588,3896.8333333333335,4215.0,2537.550326775717,2270.0,1,1,1,0,0,0,0,0,1,6179
577,0,2015-04-28,0.9749279121818236,-0.22252093395631434,0.8660254037844387,-0.49999999999999983,0.895839290734909,-0.4443781781046132,6179.0,3735.0,5473.0,3885.285714285714,3770.0,2047.0559114889575,4097.533333333334,4399.0,2455.493822562722,2270.0,1,1,1,0,0,0,0,0,1,6021
577,0,2015-04-29,0.43388373911755823,-0.900968867902419,0.8660254037844387,-0.49999999999999983,0.8880573226294932,-0.45973273945210397,6021.0,3516.0,4664.0,4242.714285714285,4047.0,2185.5754173127716,4062.0333333333333,4399.0,2418.2597117210844,2270.0,1,1,1,0,0,0,0,0,1,6018
577,0,2015-04-30,-0.433883739117558,-0.9009688679024191,0.8660254037844387,-0.49999999999999983,0.8800122039735357,-0.47495107206704995,6018.0,3664.0,4842.0,4670.428571428572,6018.0,2340.8886387540138,4049.5,4399.0,2403.253294297489,2270.0,1,1,1,0,0,0,0,0,1,6658
577,0,2015-05-01,-0.9749279121818236,-0.2225209339563146,0.49999999999999994,-0.8660254037844387,0.8717063187093218,-0.49002866642905923,6658.0,4047.0,5048.0,4092.285714285714,6018.0,2942.874259081059,3805.2,4215.0,2430.737228879764,2270.0,1,1,1,0,0,0,0,0,1,0
577,0,2015-05-02,-0.7818314824680299,0.6234898018587334,0.49999999999999994,-0.8660254037844387,0.8631421280499114,-0.5049610547215204,0.0,3770.0,3281.0,4232.142857142857,6018.0,2948.2632983148687,3686.2,4215.0,2285.1662491396337,2270.0,0,1,1,0,0,0,0,0,1,4749
577,0,2015-05-03,-2.4492935982947064e-16,1.0,0.49999999999999994,-0.8660254037844387,0.854322169749827,-0.5197438121555155,4749.0,0.0,0.0,4232.142857142857,6018.0,2948.2632983148687,3686.2,4215.0,2285.1662491396337,2270.0,0,1,1,0,0,0,0,0,1,0
577,0,2015-05-04,0.7818314824680298,0.6234898018587336,0.49999999999999994,-0.8660254037844387,0.8452490573530633,-0.5343725582809787,0.0,6179.0,4383.0,4316.285714285715,6018.0,3020.604173245572,3698.133333333333,4215.0,2300.7621785614556,2270.0,1,1,1,0,0,0,0,0,1,6768
577,0,2015-05-05,0.9749279121818236,-0.22252093395631434,0.49999999999999994,-0.8660254037844387,0.835925479418637,-0.548842958284719,6768.0,6021.0,3735.0,4135.857142857143,4758.0,2938.4087773584415,3856.733333333333,4399.0,2198.7786568022716,2270.0,1,1,1,0,0,0,0,0,1,4758
577,0,2015-05-06,0.43388373911755823,-0.900968867902419,0.49999999999999994,-0.8660254037844387,0.8263541987239096,-0.5631507242749186,4758.0,6018.0,3516.0,4107.285714285715,4758.0,2917.9589164508857,4050.6666666666665,4466.5,2101.297387959088,2270.0,1,1,1,0,0,0,0,0,1,5818
577,0,2015-05-07,-0.433883739117558,-0.9009688679024191,0.49999999999999994,-0.8660254037844387,0.8165380514459161,-0.5772916165517272,5818.0,6658.0,3664.0,3870.5714285714284,4758.0,2738.224842067259,4052.266666666667,4466.5,2102.0262955363914,2270.0,1,1,1,0,0,0,0,0,1,5001
577,0,2015-05-08,-0.9749279121818236,-0.2225209339563146,0.49999999999999994,-0.8660254037844387,0.8064799463209448,-0.5912614448635781,5001.0,0.0,4047.0,4612.571428571428,5001.0,2156.5189432001175,4078.233333333333,4591.0,2111.4521344543814,2270.0,1,1,1,0,0,0,0,0,1,5194
577,0,2015-05-09,-0.7818314824680299,0.6234898018587334,0.49999999999999994,-0.8660254037844387,0.7961828637826158,-0.6050560696488488,5194.0,4749.0,3770.0,4444.857142857143,5001.0,2189.539101315725,4046.8,4523.5,2111.698783378952,2270.0,0,1,1,0,0,0,0,0,1,3575
577,0,2015-05-10,-2.4492935982947064e-16,1.0,0.49999999999999994,-0.8660254037844387,0.7856498550787145,-0.6186714032625031,3575.0,0.0,0.0,4444.857142857143,5001.0,2189.539101315725,3920.7,4523.5,2237.2153588935,2270.0,0,1,1,0,0,0,0,0,1,0
577,0,2015-05-11,0.7818314824680298,0.6234898018587336,0.49999999999999994,-0.8660254037844387,0.7748840413670407,-0.6321034111873487,0.0,6768.0,6179.0,4041.8571428571427,4758.0,1935.5660178675887,3936.0666666666666,4523.5,2235.7093132456507,2270.0,0,1,1,0,0,0,0,0,1,3947
577,0,2015-05-12,0.9749279121818236,-0.22252093395631434,0.49999999999999994,-0.8660254037844387,0.7638886127905428,-0.6453481132295501,3947.0,4758.0,6021.0,3964.4285714285716,4216.0,1912.851001092593,4076.6,4523.5,2108.658187503168,2270.0,0,1,1,0,0,0,0,0,1,4216
577,0,2015-05-13,0.43388373911755823,-0.900968867902419,0.49999999999999994,-0.8660254037844387,0.7526668275320084,-0.6584015846980488,4216.0,5818.0,6018.0,3877.0,4216.0,1826.0275645966158,4017.7,4523.5,2048.7933900646062,2270.0,0,1,1,0,0,0,0,0,1,5206
577,0,2015-05-14,-0.433883739117558,-0.9009688679024191,0.49999999999999994,-0.8660254037844387,0.741222010848596,-0.6712599575675313,5206.0,5001.0,6658.0,3162.5714285714284,3947.0,2243.5520837236904,3835.266666666667,4299.5,2155.6232306791658,2270.0,0,1,1,0,0,0,0,0,1,0
577,0,2015-05-15,-0.9749279121818236,-0.2225209339563146,0.49999999999999994,-0.8660254037844387,0.7295575540864875,-0.6839194216246106,0.0,5194.0,0.0,3049.4285714285716,3947.0,2141.6904427066274,3826.5333333333333,4299.5,2152.6786318338436,2270.0,0,1,1,0,0,0,0,0,1,4402
577,0,2015-05-16,-0.7818314824680299,0.6234898018587334,0.49999999999999994,-0.8660254037844387,0.717676913675962,-0.6963762255968722,4402.0,3575.0,4749.0,3065.285714285714,3947.0,2146.63556247799,3788.0,4131.5,2144.204426049359,2270.0,0,1,1,0,0,0,0,0,1,3686
577,0,2015-05-17,-2.4492935982947064e-16,1.0,0.49999999999999994,-0.8660254037844387,0.705583610107178,-0.7086266782644596,3686.0,0.0,0.0,3065.285714285714,3947.0,2146.63556247799,3619.733333333333,3997.0,2237.9385516406705,2270.0,0,1,1,0,0,0,0,0,1,0
577,0,2015-05-18,0.7818314824680298,0.6234898018587336,0.49999999999999994,-0.8660254037844387,0.6932812268869777,-0.7206671495538609,0.0,3947.0,6768.0,3304.285714285714,4216.0,2345.121298517812,3697.7,4131.5,2266.2947300490905,2270.0,1,1,1,0,0,0,0,0,1,5620
577,0,2015-05-19,0.9749279121818236,-0.22252093395631434,0.49999999999999994,-0.8660254037844387,0.6807734094770161,-0.7324940716135789,5620.0,4216.0,4758.0,3421.8571428571427,4402.0,2417.947230508511,3865.6666666666665,4299.5,2167.3627599765896,2270.0,1,1,1,0,0,0,0,0,1,5039
577,0,2015-05-20,0.43388373911755823,-0.900968867902419,0.49999999999999994,-0.8660254037844387,0.6680638642135335,-0.7441039398713607,5039.0,5206.0,5818.0,3390.285714285714,4402.0,2392.073209183867,3885.733333333333,4309.0,2175.0907382314504,2270.0,1,1,1,0,0,0,0,0,1,4985
577,0,2015-05-21,-0.433883739117558,-0.9009688679024191,0.49999999999999994,-0.8660254037844387,0.6551563572090853,-0.7554933140726803,4985.0,0.0,5001.0,4155.0,4985.0,1940.6519523088086,3939.6666666666665,4575.5,2191.224336291022,2270.0,1,1,1,0,0,0,0,0,1,5353
577,0,2015-05-22,-0.9749279121818236,-0.2225209339563146,0.49999999999999994,-0.8660254037844387,0.6420547132365637,-0.766658819300159,5353.0,4402.0,5194.0,4157.571428571428,4985.0,1941.045668116615,3969.8,4584.5,2191.413060105285,2270.0,1,1,1,0,0,0,0,0,1,4420
577,0,2015-05-23,-0.7818314824680299,0.6234898018587334,0.49999999999999994,-0.8660254037844387,0.6287628145958344,-0.777597146973627,4420.0,3686.0,3575.0,4177.857142857143,4985.0,1936.0314588156361,3975.266666666667,4584.5,2190.828388962738,2270.0,0,1,1,0,0,0,0,0,1,3828
577,0,2015-05-24,-2.4492935982947064e-16,1.0,0.49999999999999994,-0.8660254037844387,0.6152845999633276,-0.7883050558305255,3828.0,0.0,0.0,4177.857142857143,4985.0,1936.0314588156361,3840.366666666667,4584.5,2307.7366204130426,2270.0,0,1,1,0,0,0,0,0,1,0
577,0,2015-05-25,0.7818314824680298,0.6234898018587336,0.49999999999999994,-0.8660254037844387,0.6016240632249226,-0.7987793728863649,0.0,5620.0,3947.0,3375.0,4420.0,2357.681205478517,3714.7,4584.5,2411.9923250006573,2270.0,0,1,1,0,0,0,0,0,1,0
577,0,2015-05-26,0.9749279121818236,-0.22252093395631434,0.49999999999999994,-0.8660254037844387,0.5877852522924732,-0.8090169943749473,0.0,5039.0,4216.0,3334.8571428571427,4420.0,2326.8174565681857,3873.3,4753.5,2313.73978732447,2270.0,0,1,1,0,0,0,0,0,1,4758
577,0,2015-05-27,0.43388373911755823,-0.900968867902419,0.49999999999999994,-0.8660254037844387,0.5737722679043246,-0.8190148866680801,4758.0,4985.0,5206.0,3218.0,4167.0,2249.384286125123,3806.233333333333,4584.5,2273.410254454193,2270.0,0,1,1,0,0,0,0,0,1,4167
577,0,2015-05-28,-0.433883739117558,-0.9009688679024191,0.49999999999999994,-0.8660254037844387,0.5595892624101765,-0.8287700871745037,4167.0,5353.0,0.0,3104.5714285714284,4167.0,2141.1979401838535,3757.5,4489.5,2239.717111909296,2270.0,0,1,1,0,0,0,0,0,1,4559
577,0,2015-05-29,-0.9749279121818236,-0.2225209339563146,0.49999999999999994,-0.8660254037844387,0.545240438540651,-0.8382797052177743,4559.0,4420.0,4402.0,3256.0,4167.0,2282.54850258798,3739.5666666666666,4489.5,2223.0853627076635,2270.0,0,1,1,0,0,0,0,0,1,5480
577,0,2015-05-30,-0.7818314824680299,0.6234898018587334,0.49999999999999994,-0.8660254037844387,0.5307300481619334,-0.8475409228928311,5480.0,3828.0,3686.0,3326.5714285714284,4322.0,2310.6447770512564,3661.7,4411.0,2157.274991663134,2270.0,0,1,1,0,0,0,0,0,1,4322
577,0,2015-05-31,-2.4492935982947064e-16,1.0,0.49999999999999994,-0.8660254037844387,0.5160623910158528,-0.8565509959010036,4322.0,0.0,0.0,3326.5714285714284,4322.0,2310.6447770512564,3661.7,4411.0,2157.274991663134,2270.0,0,1,1,0,0,0,0,0,1,0
577,0,2015-06-01,0.7818314824680298,0.6234898018587336,1.2246467991473532e-16,-1.0,0.5012418134457758,-0.865307254363206,0.0,0.0,5620.0,4126.142857142857,4559.0,1899.4754915126257,3689.9666666666667,4411.0,2177.4741850218998,2270.0,1,1,1,0,0,0,0,0,1,5597
577,0,2015-06-02,0.9749279121818236,-0.22252093395631434,1.2246467991473532e-16,-1.0,0.48627270710869,-0.8738071036110808,5597.0,4758.0,5039.0,3986.714285714286,4322.0,1881.0968178419798,3816.0333333333333,4411.0,2062.94276724284,2270.0,1,1,1,0,0,0,0,0,1,3782
577,0,2015-06-03,0.43388373911755823,-0.900968867902419,1.2246467991473532e-16,-1.0,0.4711595076738638,-0.8820480249558537,3782.0,4167.0,4985.0,4124.571428571428,4559.0,1931.204102552155,3761.5,4411.0,2002.9693259482685,2270.0,1,1,1,0,0,0,0,0,1,5132
577,0,2015-06-04,-0.433883739117558,-0.9009688679024191,1.2246467991473532e-16,-1.0,0.4559066935084588,-0.8900275764346767,5132.0,4559.0,5353.0,4303.571428571428,5132.0,2033.5394313972897,3796.633333333333,4411.0,2030.111301235059,2270.0,1,1,1,0,0,0,0,0,1,5812
577,0,2015-06-05,-0.9749279121818236,-0.2225209339563146,1.2246467991473532e-16,-1.0,0.440518784350495,-0.8977433935342337,5812.0,5480.0,4420.0,4368.857142857143,5132.0,2084.305034343695,3800.6,4411.0,2034.3089922285835,2270.0,1,1,1,0,0,0,0,0,1,5937
577,0,2015-06-06,-0.7818314824680299,0.6234898018587334,1.2246467991473532e-16,-1.0,0.42500033996955416,-0.9051931898913974,5937.0,4322.0,3828.0,4257.0,5132.0,2108.1132164410255,3751.866666666667,4362.0,2022.0355522870138,2270.0,0,1,1,0,0,0,0,0,1,3539
577,0,2015-06-07,-2.4492935982947064e-16,1.0,1.2246467991473532e-16,-1.0,0.4093559588156213,-0.9123747579707273,3539.0,0.0,0.0,4257.0,5132.0,2108.1132164410255,3578.733333333333,4269.0,2114.5449161223446,2270.0,0,1,1,0,0,0,0,0,1,0
577,0,2015-06-08,0.7818314824680298,0.6234898018587336,1.2246467991473532e-16,-1.0,0.39359027665646673,-0.9192859697186104,0.0,5597.0,0.0,4138.0,4764.0,2042.3503617156357,3618.366666666667,4362.0,2125.586531359957,2270.0,0,1,1,0,0,0,0,0,1,4764
577,0,2015-06-09,0.9749279121818236,-0.22252093395631434,1.2246467991473532e-16,-1.0,0.3777079652039649,-0.9259247771938498,4764.0,3782.0,4758.0,4147.0,4764.0,2040.658227141426,3746.5333333333333,4362.0,2012.8159162336933,2270.0,0,1,1,0,0,0,0,0,1,3845
577,0,2015-06-10,0.43388373911755823,-0.900968867902419,1.2246467991473532e-16,-1.0,0.36171373072976765,-0.9322892131745133,3845.0,5132.0,4167.0,3965.5714285714284,3862.0,1994.4214580626972,3743.7,4362.0,2012.5838110627167,2270.0,0,1,1,0,0,0,0,0,1,3862
577,0,2015-06-11,-0.433883739117558,-0.9009688679024191,1.2246467991473532e-16,-1.0,0.3456123126707335,-0.9383773917408641,3862.0,5812.0,4559.0,3801.714285714286,3862.0,1860.0295440561913,3758.6666666666665,4411.0,2017.8797396470795,2270.0,0,1,1,0,0,0,0,0,1,4665
577,0,2015-06-12,-0.9749279121818236,-0.2225209339563146,1.2246467991473532e-16,-1.0,0.3294084822245304,-0.9441875088341993,4665.0,5937.0,5480.0,3663.4285714285716,3862.0,1704.284293297608,3750.766666666667,4411.0,2012.4747277630747,2270.0,0,1,1,0,0,0,0,0,1,4969
577,0,2015-06-13,-0.7818314824680299,0.6234898018587334,1.2246467991473532e-16,-1.0,0.3131070409358269,-0.9497178427914316,4969.0,3539.0,4322.0,3737.714285714286,4059.0,1709.282277671503,3886.0666666666666,4411.0,1883.9536185324773,2270.0,0,1,1,0,0,0,0,0,1,4059
577,0,2015-06-14,-2.4492935982947064e-16,1.0,1.2246467991473532e-16,-1.0,0.29671281927349075,-0.9549667548552551,4059.0,0.0,0.0,3737.714285714286,4059.0,1709.282277671503,3739.3333333333335,4371.0,2009.619647206104,2270.0,0,1,1,0,0,0,0,0,1,0
577,0,2015-06-15,0.7818314824680298,0.6234898018587336,1.2246467991473532e-16,-1.0,0.28023067519921585,-0.9599326896597447,0.0,4764.0,5597.0,3957.285714285714,4059.0,1945.4890314336276,3826.5,4489.5,2063.224071439048,2270.0,1,1,1,0,0,0,0,0,1,6301
577,0,2015-06-16,0.9749279121818236,-0.22252093395631434,1.2246467991473532e-16,-1.0,0.26366549272800704,-0.9646141756912435,6301.0,3845.0,3782.0,4216.714285714285,4665.0,2046.479799907285,4015.2,4612.0,1957.346645245849,2270.0,1,1,1,0,0,0,0,0,1,5661
577,0,2015-06-17,0.43388373911755823,-0.900968867902419,1.2246467991473532e-16,-1.0,0.24702218048093552,-0.9690098257244062,5661.0,3862.0,5132.0,4285.0,4665.0,2040.637727117022,3972.5333333333333,4489.5,1934.9816845490388,2270.0,1,1,1,0,0,0,0,0,1,4340
577,0,2015-06-18,-0.433883739117558,-0.9009688679024191,1.2246467991473532e-16,-1.0,0.23030567023061221,-0.9731183372332619,4340.0,4665.0,5812.0,4258.571428571428,4480.0,2036.088968025287,3953.9,4450.0,1927.0329587575657,2270.0,1,1,1,0,0,0,0,0,1,4480
577,0,2015-06-19,-0.9749279121818236,-0.2225209339563146,1.2246467991473532e-16,-1.0,0.21352091543979612,-0.9769384927771817,4480.0,4969.0,5937.0,4273.714285714285,4480.0,2042.6368346074712,3956.9,4450.0,1928.7628042795775,2270.0,1,1,1,0,0,0,0,0,1,5075
577,0,2015-06-20,-0.7818314824680299,0.6234898018587334,1.2246467991473532e-16,-1.0,0.19667288979357647,-0.980469160361632,5075.0,4059.0,3539.0,4158.714285714285,4480.0,2079.075572963914,3886.9333333333334,4380.0,1914.389844875104,2270.0,0,1,1,0,0,0,0,0,1,3254
577,0,2015-06-21,-2.4492935982947064e-16,1.0,1.2246467991473532e-16,-1.0,0.1797665857255624,-0.9837092937736097,3254.0,0.0,0.0,4158.714285714285,4480.0,2079.075572963914,3739.6,4331.0,2038.0403298774293,2270.0,0,1,1,0,0,0,0,0,1,0
577,0,2015-06-22,0.7818314824680298,0.6234898018587336,1.2246467991473532e-16,-1.0,0.16280701293851715,-0.986657932891657,0.0,6301.0,4764.0,3829.5714285714284,4340.0,1853.5438900605868,3745.233333333333,4331.0,2038.5266092895656,2270.0,0,1,1,0,0,0,0,0,1,3997
577,0,2015-06-23,0.9749279121818236,-0.22252093395631434,1.2246467991473532e-16,-1.0,0.1457991969198751,-0.9893142039703663,3997.0,5661.0,3845.0,3538.5714285714284,3997.0,1668.7875695788618,3866.0333333333333,4331.0,1912.4120621357479,2270.0,0,1,1,0,0,0,0,0,1,3624
577,0,2015-06-24,0.43388373911755823,-0.900968867902419,1.2246467991473532e-16,-1.0,0.12874817745258132,-0.99167731989929,3624.0,4340.0,3862.0,3482.714285714286,3949.0,1643.848909752721,3997.6666666666665,4331.0,1767.5536051634879,2270.0,0,1,1,0,0,0,0,0,1,3949
577,0,2015-06-25,-0.433883739117558,-0.9009688679024191,1.2246467991473532e-16,-1.0,0.11165900712169512,-0.993746580436178,3949.0,4480.0,4665.0,3318.0,3624.0,1583.9396032256511,3949.9666666666667,4244.5,1765.6351301001248,2270.0,0,1,1,0,0,0,0,0,1,3327
577,0,2015-06-26,-0.9749279121818236,-0.2225209339563146,1.2246467991473532e-16,-1.0,0.09453674981719912,-0.9955213724144752,3327.0,5075.0,4969.0,3180.5714285714284,3624.0,1441.4089007105451,3948.1666666666665,4217.5,1765.4337570621897,2270.0,0,1,1,0,0,0,0,0,1,4113
577,0,2015-06-27,-0.7818314824680299,0.6234898018587334,1.2246467991473532e-16,-1.0,0.07738647923346301,-0.9970011699250151,4113.0,3254.0,4059.0,3299.285714285714,3949.0,1482.1102876513175,3932.366666666667,4099.0,1761.8960297191873,2270.0,0,1,1,0,0,0,0,0,1,4085
577,0,2015-06-28,-2.4492935982947064e-16,1.0,1.2246467991473532e-16,-1.0,0.06021327736579302,-0.9981855344718586,4085.0,0.0,0.0,3299.285714285714,3949.0,1482.1102876513175,3749.7,4072.0,1876.270845642201,2270.0,0,1,1,0,0,0,0,0,1,0
577,0,2015-06-29,0.7818314824680298,0.6234898018587336,1.2246467991473532e-16,-1.0,0.04302223300453059,-0.99907411510223,0.0,3997.0,6301.0,3676.714285714286,3949.0,1951.4791581674353,3826.9333333333334,4072.0,1946.9955091483089,2270.0,1,1,1,0,0,0,0,0,1,6639
577,0,2015-06-30,0.9749279121818236,-0.22252093395631434,1.2246467991473532e-16,-1.0,0.02581844022713308,-0.9996666485105112,6639.0,3624.0,5661.0,4191.142857142857,4085.0,2365.893800699953,4067.766666666667,4099.0,1903.665895116549,2270.0,1,1,1,0,0,0,0,0,1,7225
577,0,2015-07-01,0.43388373911755823,-0.900968867902419,-0.4999999999999998,-0.8660254037844388,0.008606996888688698,-0.9999629591162655,7225.0,3949.0,4340.0,4477.142857142857,4113.0,2451.2110223704685,4079.5666666666666,4099.0,1914.5379145989218,2270.0,1,1,1,0,0,0,0,0,1,5951
577,0,2015-07-02,-0.433883739117558,-0.9009688679024191,-0.4999999999999998,-0.8660254037844388,-0.008606996888688009,-0.9999629591162655,5951.0,3327.0,4480.0,4776.857142857143,5425.0,2415.14032915767,4134.333333333333,4226.5,1929.1759064846647,2270.0,1,1,1,0,0,0,0,0,1,5425
577,0,2015-07-03,-0.9749279121818236,-0.2225209339563146,-0.4999999999999998,-0.8660254037844388,-0.02581844022713239,-0.9996666485105112,5425.0,4113.0,5075.0,5047.714285714285,5951.0,2434.5205355665526,4163.566666666667,4226.5,1951.3326071375352,2270.0,1,1,1,0,0,0,0,0,1,6009
577,0,2015-07-04,-0.7818314824680299,0.6234898018587334,-0.4999999999999998,-0.8660254037844388,-0.04302223300453034,-0.99907411510223,6009.0,4085.0,3254.0,5153.0,5951.0,2401.6617163955502,4130.566666666667,4226.5,1930.7565192902023,2270.0,0,1,1,0,0,0,0,0,1,4822
577,0,2015-07-05,-2.4492935982947064e-16,1.0,-0.4999999999999998,-0.8660254037844388,-0.060213277365792774,-0.9981855344718586,4822.0,0.0,0.0,5153.0,5951.0,2401.6617163955502,3932.6666666666665,4099.0,2040.3705602141276,2270.0,0,1,1,0,0,0,0,0,1,0
577,0,2015-07-06,0.7818314824680298,0.6234898018587336,-0.4999999999999998,-0.8660254037844388,-0.07738647923346322,-0.9970011699250151,0.0,6639.0,3997.0,4917.142857142857,5425.0,2310.7539482869706,3980.9666666666667,4226.5,2047.8669892713085,2270.0,0,1,1,0,0,0,0,0,1,4988
577,0,2015-07-07,0.9749279121818236,-0.22252093395631434,-0.4999999999999998,-0.8660254037844388,-0.09453674981719933,-0.9955213724144752,4988.0,7225.0,3624.0,4556.428571428572,4988.0,2075.5579857910393,4137.633333333333,4410.0,1907.802463629265,2270.0,0,1,1,0,0,0,0,0,1,4700
577,0,2015-07-08,0.43388373911755823,-0.900968867902419,-0.4999999999999998,-0.8660254037844388,-0.11165900712169444,-0.9937465804361781,4700.0,5951.0,3949.0,4313.142857142857,4822.0,1982.5752973150366,4120.433333333333,4294.0,1904.283441727305,2270.0,0,1,1,0,0,0,0,0,1,4248
577,0,2015-07-09,-0.433883739117558,-0.9009688679024191,-0.4999999999999998,-0.8660254037844388,-0.12874817745258066,-0.99167731989929,4248.0,5425.0,3327.0,4160.714285714285,4700.0,1922.9653068707619,4137.533333333334,4349.0,1904.028120868355,2270.0,0,1,1,0,0,0,0,0,1,4358
577,0,2015-07-10,-0.9749279121818236,-0.2225209339563146,-0.4999999999999998,-0.8660254037844388,-0.14579919691987442,-0.9893142039703664,4358.0,6009.0,4113.0,3947.0,4513.0,1759.4981292023735,4159.233333333334,4419.0,1904.4892460987423,2270.0,0,1,1,0,0,0,0,0,1,4513
577,0,2015-07-11,-0.7818314824680299,0.6234898018587334,-0.4999999999999998,-0.8660254037844388,-0.16280701293851646,-0.9866579328916572,4513.0,4822.0,4085.0,3834.8571428571427,4358.0,1718.9844316312056,4138.3,4349.0,1902.188343225627,2270.0,0,1,1,0,0,0,0,0,1,4037
577,0,2015-07-12,-2.4492935982947064e-16,1.0,-0.4999999999999998,-0.8660254037844388,-0.17976658572556214,-0.9837092937736098,4037.0,0.0,0.0,3834.8571428571427,4358.0,1718.9844316312058,3972.6666666666665,4294.0,2038.7938174040712,2270.0,0,1,1,0,0,0,0,0,1,0
577,0,2015-07-13,0.7818314824680298,0.6234898018587336,-0.4999999999999998,-0.8660254037844388,-0.19667288979357622,-0.9804691603616321,0.0,4988.0,6639.0,4125.571428571428,4358.0,2080.5591281466327,4071.4666666666667,4349.0,2113.568346191577,2270.0,1,1,1,0,0,0,0,0,1,7023
577,0,2015-07-14,0.9749279121818236,-0.22252093395631434,-0.4999999999999998,-0.8660254037844388,-0.2135209154397959,-0.9769384927771817,7023.0,4700.0,7225.0,4304.142857142857,4358.0,2188.900593796759,4269.8,4419.0,1994.1286819059621,2270.0,1,1,1,0,0,0,0,0,1,5950
577,0,2015-07-15,0.43388373911755823,-0.900968867902419,-0.4999999999999998,-0.8660254037844388,-0.23030567023061196,-0.973118337233262,5950.0,4248.0,5951.0,4565.571428571428,4513.0,2288.1112194080415,4262.366666666667,4419.0,1986.6978577934112,2270.0,1,1,1,0,0,0,0,0,1,6078
577,0,2015-07-16,-0.433883739117558,-0.9009688679024191,-0.4999999999999998,-0.8660254037844388,-0.24702218048093527,-0.9690098257244063,6078.0,4358.0,5425.0,4711.857142857143,5382.0,2305.2979148453855,4253.066666666667,4419.0,1980.568464779284,2270.0,1,1,1,0,0,0,0,0,1,5382
577,0,2015-07-17,-0.9749279121818236,-0.2225209339563146,-0.4999999999999998,-0.8660254037844388,-0.2636654927280072,-0.9646141756912435,5382.0,4513.0,6009.0,4854.857142857143,5514.0,2321.893510949735,4292.2,4496.5,1993.8988387855475,2270.0,1,1,1,0,0,0,0,0,1,5514
577,0,2015-07-18,-0.7818314824680299,0.6234898018587334,-0.4999999999999998,-0.8660254037844388,-0.2802306751992161,-0.9599326896597445,5514.0,4037.0,4822.0,4902.571428571428,5514.0,2305.660704812028,4288.566666666667,4442.0,1993.6441193735288,2270.0,0,1,1,0,0,0,0,0,1,4371
577,0,2015-07-19,-2.4492935982947064e-16,1.0,-0.4999999999999998,-0.8660254037844388,-0.2967128192734901,-0.9549667548552553,4371.0,0.0,0.0,4902.571428571428,5514.0,2305.660704812028,4119.4,4364.5,2134.92061711421,2270.0,0,1,1,0,0,0,0,0,1,0
577,0,2015-07-20,0.7818314824680298,0.6234898018587336,-0.4999999999999998,-0.8660254037844388,-0.3131070409358267,-0.9497178427914317,0.0,7023.0,4988.0,4598.857142857143,5382.0,2111.6559401388795,4174.166666666667,4442.0,2133.0281063077578,2270.0,0,1,1,0,0,0,0,0,1,4897
577,0,2015-07-21,0.9749279121818236,-0.22252093395631434,-0.4999999999999998,-0.8660254037844388,-0.3294084822245302,-0.9441875088341994,4897.0,5950.0,4700.0,4316.142857142857,4897.0,2031.5704457858392,4306.533333333334,4442.0,1983.000508343849,2270.0,0,1,1,0,0,0,0,0,1,3971
577,0,2015-07-22,0.43388373911755823,-0.900968867902419,-0.4999999999999998,-0.8660254037844388,-0.3456123126707333,-0.9383773917408642,3971.0,6078.0,4248.0,3994.0,4371.0,1878.6647740704893,4300.733333333334,4442.0,1984.1911742803325,2270.0,0,1,1,0,0,0,0,0,1,3823
577,0,2015-07-23,-0.433883739117558,-0.9009688679024191,-0.4999999999999998,-0.8660254037844388,-0.3617137307297674,-0.9322892131745134,3823.0,5382.0,4358.0,3798.0,4010.0,1778.6271859686194,4313.6,4442.0,1980.900310813071,2270.0,0,1,1,0,0,0,0,0,1,4010
577,0,2015-07-24,-0.9749279121818236,-0.2225209339563146,-0.4999999999999998,-0.8660254037844388,-0.37770796520396466,-0.9259247771938499,4010.0,5514.0,4513.0,3623.4285714285716,4010.0,1636.4158861307021,4325.033333333334,4442.0,1979.7128576767352,2270.0,0,1,1,0,0,0,0,0,1,4292
577,0,2015-07-25,-0.7818314824680299,0.6234898018587334,-0.4999999999999998,-0.8660254037844388,-0.39359027665646645,-0.9192859697186105,4292.0,4371.0,4037.0,3560.5714285714284,3971.0,1611.1704707181864,4345.166666666667,4442.0,1972.2703368476662,2270.0,0,1,1,0,0,0,0,0,1,3931
577,0,2015-07-26,-2.4492935982947064e-16,1.0,-0.4999999999999998,-0.8660254037844388,-0.4093559588156211,-0.9123747579707274,3931.0,0.0,0.0,3560.5714285714284,3971.0,1611.1704707181864,4208.066666666667,4442.0,2125.934584476031,2270.0,0,1,1,0,0,0,0,0,1,0
577,0,2015-07-27,0.7818314824680298,0.6234898018587336,-0.4999999999999998,-0.8660254037844388,-0.42500033996955394,-0.9051931898913975,0.0,4897.0,7023.0,3734.8571428571427,3971.0,1830.8412846349602,4275.8,4606.5,2154.062599545016,2270.0,1,1,1,0,0,0,0,0,1,6117
577,0,2015-07-28,0.9749279121818236,-0.22252093395631434,-0.4999999999999998,-0.8660254037844388,-0.4405187843504952,-0.8977433935342336,6117.0,3971.0,5950.0,3925.1428571428573,4010.0,1926.210738606707,4452.566666666667,4761.0,2003.401119877507,2270.0,1,1,1,0,0,0,0,0,1,5303
577,0,2015-07-29,0.43388373911755823,-0.900968867902419,-0.4999999999999998,-0.8660254037844388,-0.455906693508459,-0.8900275764346766,5303.0,3823.0,6078.0,4116.571428571428,4292.0,1980.1965270432822,4403.366666666667,4761.0,1965.6223982860213,2270.0,1,1,1,0,0,0,0,0,1,5163
577,0,2015-07-30,-0.433883739117558,-0.9009688679024191,-0.4999999999999998,-0.8660254037844388,-0.47115950767386394,-0.8820480249558535,5163.0,4010.0,5382.0,4123.857142857143,4292.0,1979.8328573031447,4297.9,4606.5,1892.529548805899,2270.0,1,1,1,0,0,0,0,0,1,4061
577,0,2015-07-31,-0.9749279121818236,-0.2225209339563146,-0.4999999999999998,-0.8660254037844388,-0.4862727071086902,-0.8738071036110807,4061.0,4292.0,5514.0,4552.428571428572,5163.0,2318.101655604061,4342.6,4606.5,1947.9461084381471,2270.0,1,1,1,0,0,0,0,0,1,7292
