Store,Cluster,Date,DayOfWeek_sin,DayOfWeek_cos,Month_sin,Month_cos,DayOfYear_sin,DayOfYear_cos,Sales_Lag_1,Sales_Lag_7,Sales_Lag_14,RollingMean_7,RollingMedian_7,RollingStd_7,RollingMean_30,RollingMedian_30,RollingStd_30,CompetitionDistance,Promo,Promo2,StoreType_a,StoreType_b,StoreType_c,StoreType_d,Assortment_a,Assortment_b,Assortment_c,Sales
201,0,2013-01-30,0.43388373911755823,-0.900968867902419,0.49999999999999994,0.8660254037844387,0.4937755501599772,0.869589389346611,2765.0,4885.0,3044.0,3745.8571428571427,3574.0,2055.5594071177993,3918.4666666666667,4755.0,2031.8998368833138,20260.0,0,1,0,0,0,1,1,0,0,3574
201,0,2013-01-31,-0.433883739117558,-0.9009688679024191,0.49999999999999994,0.8660254037844387,0.5086709438521044,0.8609610158889943,3574.0,5829.0,4139.0,3664.8571428571427,3574.0,1969.1463826212819,4093.866666666667,4821.5,1905.144011813051,20260.0,0,1,0,0,0,1,1,0,0,5262
201,0,2013-02-01,-0.9749279121818236,-0.2225209339563146,0.8660254037844386,0.5000000000000001,0.5234156073655503,0.8520775211013093,5262.0,5886.0,4971.0,3705.1428571428573,3574.0,2024.2740615318073,4159.766666666666,4868.5,1942.4473309032946,20260.0,0,1,0,0,0,1,1,0,0,6168
201,0,2013-02-02,-0.7818314824680299,0.6234898018587334,0.8660254037844386,0.5000000000000001,0.5380051715382996,0.8429415373547828,6168.0,4852.0,5041.0,3727.714285714286,3574.0,2040.0129668121986,4169.8,4926.5,1946.1559529244948,20260.0,0,1,0,0,0,1,1,0,0,5010
201,0,2013-02-03,-2.4492935982947064e-16,1.0,0.8660254037844386,0.5000000000000001,0.5524353131676196,0.8335557718385699,5010.0,0.0,0.0,3727.714285714286,3574.0,2040.0129668121983,4004.2,4868.5,2082.485044032895,20260.0,0,1,0,0,0,1,1,0,0,0
201,0,2013-02-04,0.7818314824680298,0.6234898018587336,0.8660254037844386,0.5000000000000001,0.5667017562911176,0.8239230057575542,0.0,3315.0,5640.0,4268.714285714285,5010.0,2385.2540545530796,4063.266666666667,4868.5,2145.5609978283765,20260.0,1,1,0,0,0,1,1,0,0,7102
201,0,2013-02-05,0.9749279121818236,-0.22252093395631434,0.8660254037844386,0.5000000000000001,0.5808002734538009,0.8140460935082178,7102.0,2765.0,4719.0,4623.285714285715,5247.0,2307.685038755341,4238.166666666667,4928.0,2012.6575000838266,20260.0,1,1,0,0,0,1,1,0,0,5247
201,0,2013-02-06,0.43388373911755823,-0.900968867902419,0.8660254037844386,0.5000000000000001,0.5947266869607634,0.8039279618328213,5247.0,3574.0,4885.0,4827.285714285715,5247.0,2262.13665327611,4183.666666666667,4928.0,1967.0812323624675,20260.0,1,1,0,0,0,1,1,0,0,5002
201,0,2013-02-07,-0.433883739117558,-0.9009688679024191,0.8660254037844386,0.5000000000000001,0.6084768701151261,0.7935716089521474,5002.0,5262.0,5829.0,4363.571428571428,5010.0,2480.346337183772,4059.2,4868.5,1982.6268607495253,20260.0,1,1,0,0,0,1,1,0,0,2016
201,0,2013-02-08,-0.9749279121818236,-0.2225209339563146,0.8660254037844386,0.5000000000000001,0.6220467484408675,0.7829801036770629,2016.0,6168.0,5886.0,4427.0,5010.0,2539.160425547521,4119.9,4928.0,2033.0390933704189,20260.0,1,1,0,0,0,1,1,0,0,6612
201,0,2013-02-09,-0.7818314824680299,0.6234898018587334,0.8660254037844386,0.5000000000000001,0.6354323008901774,0.7721565844991642,6612.0,5010.0,4852.0,4444.0,5129.0,2544.107767633544,4120.466666666666,4928.0,2033.3275044197592,20260.0,0,1,0,0,0,1,1,0,0,5129
201,0,2013-02-10,-2.4492935982947064e-16,1.0,0.8660254037844386,0.5000000000000001,0.6486295610349814,0.7611042586607747,5129.0,0.0,0.0,4444.0,5129.0,2544.107767633544,3920.0,4868.5,2134.1668163477757,20260.0,0,1,0,0,0,1,1,0,0,0
201,0,2013-02-11,0.7818314824680298,0.6234898018587336,0.8660254037844386,0.5000000000000001,0.6616346182422783,0.7498264012045686,0.0,7102.0,3315.0,3663.5714285714284,5002.0,2428.1160637514063,3794.866666666667,4785.5,2154.7769983559037,20260.0,0,1,0,0,0,1,1,0,0,1639
201,0,2013-02-12,0.9749279121818236,-0.22252093395631434,0.8660254037844386,0.5000000000000001,0.6744436188329455,0.7383263540031065,1639.0,5247.0,2765.0,3516.8571428571427,4220.0,2346.1378496422185,3935.5333333333333,4785.5,2032.7912309201222,20260.0,0,1,0,0,0,1,1,0,0,4220
201,0,2013-02-13,0.43388373911755823,-0.900968867902419,0.8660254037844386,0.5000000000000001,0.6870527672236669,0.7266075247685656,4220.0,5002.0,3574.0,3383.0,4065.0,2272.8676453619855,3965.6,4785.5,2027.6349327947707,20260.0,0,1,0,0,0,1,1,0,0,4065
201,0,2013-02-14,-0.433883739117558,-0.9009688679024191,0.8660254037844386,0.5000000000000001,0.6994583270516471,0.7146733860429609,4065.0,2016.0,5262.0,3816.285714285714,4220.0,2257.885272719123,4039.366666666667,4868.5,2025.376192954905,20260.0,0,1,0,0,0,1,1,0,0,5049
201,0,2013-02-15,-0.9749279121818236,-0.2225209339563146,0.8660254037844386,0.5000000000000001,0.7116566222817746,0.702527474169157,5049.0,6612.0,6168.0,3535.5714285714284,4220.0,1954.0871574849525,4092.8,4868.5,2019.347135876448,20260.0,0,1,0,0,0,1,1,0,0,4647
201,0,2013-02-16,-0.7818314824680299,0.6234898018587334,0.8660254037844386,0.5000000000000001,0.7236440382959124,0.6901733882429719,4647.0,5129.0,5010.0,3652.8571428571427,4220.0,2085.8610874625565,4153.166666666667,4928.0,2047.6467247050703,20260.0,0,1,0,0,0,1,1,0,0,5950
201,0,2013-02-17,-2.4492935982947064e-16,1.0,0.8660254037844386,0.5000000000000001,0.7354170229639855,0.6776147890466889,5950.0,0.0,0.0,3652.8571428571427,4220.0,2085.8610874625565,3987.4666666666667,4868.5,2176.27571360092,20260.0,0,1,0,0,0,1,1,0,0,0
201,0,2013-02-18,0.7818314824680298,0.6234898018587336,0.8660254037844386,0.5000000000000001,0.7469720876965552,0.6648553979642865,0.0,1639.0,7102.0,4319.714285714285,4647.0,2080.8997824887933,4029.6666666666665,4868.5,2209.4310444614207,20260.0,1,1,0,0,0,1,1,0,0,6307
201,0,2013-02-19,0.9749279121818236,-0.22252093395631434,0.8660254037844386,0.5000000000000001,0.7583058084785625,0.6518989958787126,6307.0,4220.0,5247.0,4405.142857142857,4818.0,2088.385455207877,4190.266666666666,4868.5,2077.5936500462844,20260.0,1,1,0,0,0,1,1,0,0,4818
201,0,2013-02-20,0.43388373911755823,-0.900968867902419,0.8660254037844386,0.5000000000000001,0.7694148268839378,0.6387494220515272,4818.0,4065.0,5002.0,4438.142857142857,4818.0,2083.9351740214497,4145.466666666666,4835.0,2059.667762517543,20260.0,1,1,0,0,0,1,1,0,0,4296
201,0,2013-02-21,-0.433883739117558,-0.9009688679024191,0.8660254037844386,0.5000000000000001,0.7802958510707755,0.6254105729852463,4296.0,5049.0,2016.0,4568.714285714285,4818.0,2155.976786693657,4186.933333333333,4868.5,2083.99160984037,20260.0,1,1,0,0,0,1,1,0,0,5963
201,0,2013-02-22,-0.9749279121818236,-0.2225209339563146,0.8660254037844386,0.5000000000000001,0.7909456567567772,0.6118864012687243,5963.0,4647.0,6612.0,4735.571428571428,5815.0,2207.624126909807,4217.933333333333,4927.0,2101.576451526138,20260.0,1,1,0,0,0,1,1,0,0,5815
201,0,2013-02-23,-0.7818314824680299,0.6234898018587334,0.8660254037844386,0.5000000000000001,0.8013610881746766,0.5981809144059164,5815.0,5950.0,5129.0,4486.142857142857,4818.0,2145.2993131162707,4163.766666666666,4835.0,2079.4455607757286,20260.0,0,1,0,0,0,1,1,0,0,4204
201,0,2013-02-24,-2.4492935982947064e-16,1.0,0.8660254037844386,0.5000000000000001,0.8115390590073611,0.5842981736283683,4204.0,0.0,0.0,4486.142857142857,4818.0,2145.2993131162707,3967.5666666666666,4732.5,2186.2797354431095,20260.0,0,1,0,0,0,1,1,0,0,0
201,0,2013-02-25,0.7818314824680298,0.6234898018587336,0.8660254037844386,0.5000000000000001,0.8214765533024142,0.5702422926917871,0.0,6307.0,1639.0,3977.1428571428573,4296.0,2062.354191094199,3897.3,4471.5,2190.7448292524964,20260.0,0,1,0,0,0,1,1,0,0,2744
201,0,2013-02-26,0.9749279121818236,-0.22252093395631434,0.8660254037844386,0.5000000000000001,0.8311706263658079,0.5560174366570446,2744.0,4818.0,4220.0,3799.0,4204.0,2031.2391948430559,4016.3333333333335,4471.5,2065.0956449977093,20260.0,0,1,0,0,0,1,1,0,0,3571
201,0,2013-02-27,0.43388373911755823,-0.900968867902419,0.8660254037844386,0.5000000000000001,0.8406184056344782,0.5416278206559814,3571.0,4296.0,4065.0,3680.285714285714,3571.0,2021.612039461389,4021.3333333333335,4471.5,2063.520014580598,20260.0,0,1,0,0,0,1,1,0,0,3465
201,0,2013-02-28,-0.433883739117558,-0.9009688679024191,0.8660254037844386,0.5000000000000001,0.8498170915275278,0.5270777086423722,3465.0,5963.0,5049.0,3492.1428571428573,3571.0,1825.5376768294343,4084.0333333333333,4646.5,2052.5780842525874,20260.0,0,1,0,0,0,1,1,0,0,4646
201,0,2013-03-01,-0.9749279121818236,-0.2225209339563146,1.0,6.123233995736766e-17,0.8587639582758029,0.5123714121284237,4646.0,5815.0,4647.0,3401.285714285714,3571.0,1702.3299439577618,4137.533333333334,4732.5,2059.7302925773847,20260.0,0,1,0,0,0,1,1,0,0,5179
201,0,2013-03-02,-0.7818314824680299,0.6234898018587334,1.0,6.123233995736766e-17,0.8674563547295968,0.49751328890718066,5179.0,4204.0,5950.0,3628.8571428571427,3571.0,1920.0754697469076,4155.366666666667,4732.5,2072.0807547060003,20260.0,0,1,0,0,0,1,1,0,0,5797
201,0,2013-03-03,-2.4492935982947064e-16,1.0,1.0,6.123233995736766e-17,0.8758917051442429,0.48250774176121847,5797.0,0.0,0.0,3628.8571428571427,3571.0,1920.0754697469076,3949.766666666667,4646.5,2169.2226429559146,20260.0,0,1,0,0,0,1,1,0,0,0
201,0,2013-03-04,0.7818314824680298,0.6234898018587336,1.0,6.123233995736766e-17,0.8840675099433636,0.46735921715800227,0.0,2744.0,6307.0,4129.714285714285,4646.0,2099.664712462898,3991.1,4646.5,2201.692176016219,20260.0,1,1,0,0,0,1,1,0,0,6250
201,0,2013-03-05,0.9749279121818236,-0.22252093395631434,1.0,6.123233995736766e-17,0.8919813464595485,0.45207220393230435,6250.0,3571.0,4818.0,4319.142857142857,4897.0,2100.6719106491796,4154.333333333333,4732.5,2073.3816012417533,20260.0,1,1,0,0,0,1,1,0,0,4897
201,0,2013-03-06,0.43388373911755823,-0.900968867902419,1.0,6.123233995736766e-17,0.8996308696522433,0.43665123195606403,4897.0,3465.0,4296.0,4515.714285714285,4897.0,2071.602738162388,4078.9666666666667,4732.5,2002.4191831525864,20260.0,1,1,0,0,0,1,1,0,0,4841
201,0,2013-03-07,-0.433883739117558,-0.9009688679024191,1.0,6.123233995736766e-17,0.9070138128026359,0.4211008707960896,4841.0,4646.0,5963.0,4668.571428571428,5179.0,2121.688860094151,4094.6,4732.5,2013.6520193847828,20260.0,1,1,0,0,0,1,1,0,0,5716
201,0,2013-03-08,-0.9749279121818236,-0.2225209339563146,1.0,6.123233995736766e-17,0.9141279881853337,0.40542572835999735,5716.0,5179.0,5815.0,4809.857142857143,5716.0,2193.072382797812,4133.466666666666,4732.5,2042.8119013672833,20260.0,1,1,0,0,0,1,1,0,0,6168
201,0,2013-03-09,-0.7818314824680299,0.6234898018587334,1.0,6.123233995736766e-17,0.9209712877166346,0.38963044953078796,6168.0,5797.0,4204.0,4711.0,5105.0,2156.449551152696,4236.433333333333,4829.5,2009.9878312092328,20260.0,0,1,0,0,0,1,1,0,0,5105
201,0,2013-03-10,-2.4492935982947064e-16,1.0,1.0,6.123233995736766e-17,0.9275416835791966,0.37371971479046906,5105.0,0.0,0.0,4711.0,5105.0,2156.449551152696,4016.0333333333333,4732.5,2100.9706046513825,20260.0,0,1,0,0,0,1,1,0,0,0
201,0,2013-03-11,0.7818314824680298,0.6234898018587336,1.0,6.123233995736766e-17,0.9338372288229252,0.35769823883312546,0.0,6250.0,2744.0,4238.0,4897.0,2125.5198579798466,3943.0333333333333,4646.5,2099.0119429821284,20260.0,0,1,0,0,0,1,1,0,0,2939
201,0,2013-03-12,0.9749279121818236,-0.22252093395631434,1.0,6.123233995736766e-17,0.9398560579418954,0.3415707691678556,2939.0,4897.0,3571.0,3756.8571428571427,4841.0,2323.4643264294973,3994.0,4646.5,2016.926648008865,20260.0,0,1,0,0,0,1,1,0,0,1529
201,0,2013-03-13,0.43388373911755823,-0.900968867902419,1.0,6.123233995736766e-17,0.9455963874271426,0.3253420847119801,1529.0,4841.0,3465.0,3556.8571428571427,3441.0,2274.324766355312,4054.0666666666666,4646.5,1970.6759199851192,20260.0,0,1,0,0,0,1,1,0,0,3441
201,0,2013-03-14,-0.433883739117558,-0.9009688679024191,1.0,6.123233995736766e-17,0.9510565162951535,0.30901699437494745,3441.0,5716.0,4646.0,3390.714285714286,3441.0,2128.085893808935,4065.1666666666665,4646.5,1972.5796882348714,20260.0,0,1,0,0,0,1,1,0,0,4553
201,0,2013-03-15,-0.9749279121818236,-0.2225209339563146,1.0,6.123233995736766e-17,0.9562348265919056,0.29260033563334836,4553.0,6168.0,5179.0,3228.1428571428573,3441.0,1913.175059821712,4097.333333333333,4732.5,1980.4293392636084,20260.0,0,1,0,0,0,1,1,0,0,5030
201,0,2013-03-16,-0.7818314824680299,0.6234898018587334,1.0,6.123233995736766e-17,0.9611297838723007,0.27609697309746883,5030.0,5105.0,5797.0,3245.0,3441.0,1932.88670128386,4103.133333333333,4732.5,1983.5648635262958,20260.0,0,1,0,0,0,1,1,0,0,5223
201,0,2013-03-17,-2.4492935982947064e-16,1.0,1.0,6.123233995736766e-17,0.9657399376548549,0.2595117970697999,5223.0,0.0,0.0,3245.0,3441.0,1932.88670128386,3948.233333333333,4732.0,2116.6128550495296,20260.0,0,1,0,0,0,1,1,0,0,0
201,0,2013-03-18,0.7818314824680298,0.6234898018587336,1.0,6.123233995736766e-17,0.970063921851507,0.2428497220959356,0.0,2939.0,6250.0,3755.4285714285716,4553.0,2279.3346146878666,3966.9666666666667,4732.0,2137.32632661388,20260.0,1,1,0,0,0,1,1,0,0,6512
201,0,2013-03-19,0.9749279121818236,-0.22252093395631434,1.0,6.123233995736766e-17,0.9741004551724205,0.22611568550828828,6512.0,1529.0,4897.0,4282.428571428572,5030.0,2098.0239001770888,4140.9,4829.5,2012.0107175624605,20260.0,1,1,0,0,0,1,1,0,0,5218
201,0,2013-03-20,0.43388373911755823,-0.900968867902419,1.0,6.123233995736766e-17,0.9778483415056568,0.20931464596304847,5218.0,3441.0,4841.0,4401.285714285715,5030.0,2065.729226712745,4073.1,4732.0,1970.3402708056853,20260.0,1,1,0,0,0,1,1,0,0,4273
201,0,2013-03-21,-0.433883739117558,-0.9009688679024191,1.0,6.123233995736766e-17,0.9813064702716093,0.19245158197082998,4273.0,4553.0,5716.0,4514.571428571428,5218.0,2096.9444323541215,4090.7,4743.5,1979.5601070039222,20260.0,1,1,0,0,0,1,1,0,0,5346
201,0,2013-03-22,-0.9749279121818236,-0.2225209339563146,1.0,6.123233995736766e-17,0.9844738167520922,0.1755314904214282,5346.0,5030.0,6168.0,4727.142857142857,5223.0,2229.155627030963,4164.766666666666,4869.0,2028.4710512470042,20260.0,1,1,0,0,0,1,1,0,0,6518
201,0,2013-03-23,-0.7818314824680299,0.6234898018587334,1.0,6.123233995736766e-17,0.9873494423939864,0.15855938510313478,6518.0,5223.0,5105.0,4770.571428571428,5346.0,2243.3421389482587,4150.233333333334,4869.0,2016.6706034919303,20260.0,0,1,0,0,0,1,1,0,0,5527
201,0,2013-03-24,-2.4492935982947064e-16,1.0,1.0,6.123233995736766e-17,0.989932495087353,0.141540295217043,5527.0,0.0,0.0,4770.571428571428,5346.0,2243.3421389482587,3956.4,4743.5,2127.5507790042,20260.0,0,1,0,0,0,1,1,0,0,0
201,0,2013-03-25,0.7818314824680298,0.6234898018587336,1.0,6.123233995736766e-17,0.9922222094179323,0.12447926388678915,0.0,6512.0,2939.0,4700.857142857143,5346.0,2187.083021482527,4017.0666666666666,4869.0,2160.5470880173452,20260.0,1,1,0,0,0,1,1,0,0,6024
201,0,2013-03-26,0.9749279121818236,-0.22252093395631434,1.0,6.123233995736766e-17,0.994217906893952,0.10738134666416309,6024.0,5218.0,1529.0,4729.285714285715,5417.0,2196.1997263671706,4197.633333333333,4963.5,2036.0188245748097,20260.0,1,1,0,0,0,1,1,0,0,5417
201,0,2013-03-27,0.43388373911755823,-0.900968867902419,1.0,6.123233995736766e-17,0.995918996147179,0.09025161003104117,5417.0,4273.0,3441.0,5120.142857142857,5527.0,2340.202087325751,4339.8,5067.5,2079.457810634036,20260.0,1,1,0,0,0,1,1,0,0,7009
201,0,2013-03-28,-0.433883739117558,-0.9009688679024191,1.0,6.123233995736766e-17,0.9973249731081555,0.07309512989807777,7009.0,5346.0,4553.0,5558.857142857143,6024.0,2656.132490958198,4501.333333333333,5142.0,2202.2708864876877,20260.0,1,1,0,0,0,1,1,0,0,8417
201,0,2013-03-29,-0.9749279121818236,-0.2225209339563146,1.0,6.123233995736766e-17,0.9984354211555643,0.055916990100603484,8417.0,6518.0,5030.0,4627.714285714285,5527.0,3322.6993902691884,4385.833333333333,5142.0,2344.749984221292,20260.0,1,1,0,0,0,1,1,0,0,0
201,0,2013-03-30,-0.7818314824680299,0.6234898018587334,1.0,6.123233995736766e-17,0.9992500112396835,0.03872228089217446,0.0,5527.0,5223.0,4986.0,6024.0,3562.4029343501643,4498.8,5198.5,2437.520000271616,20260.0,0,1,0,0,0,1,1,0,0,8035
201,0,2013-03-31,-2.4492935982947064e-16,1.0,1.0,6.123233995736766e-17,0.9997685019798909,0.021516097436222254,8035.0,0.0,0.0,4986.0,6024.0,3562.4029343501643,4326.166666666667,5161.5,2567.6103889015953,20260.0,0,1,0,0,0,1,1,0,0,0
201,0,2013-04-01,0.7818314824680298,0.6234898018587336,0.8660254037844387,-0.49999999999999983,0.9999907397361901,0.004303538296244289,0.0,6024.0,6512.0,4125.428571428572,5417.0,3973.7253242242286,4132.933333333333,5067.5,2669.2260525366205,20260.0,0,1,0,0,0,1,1,0,0,0
201,0,2013-04-02,0.9749279121818236,-0.22252093395631434,0.8660254037844387,-0.49999999999999983,0.9999166586547379,-0.01291029607500882,0.0,5417.0,5218.0,3985.4285714285716,4437.0,3937.737880947336,4280.833333333333,5067.5,2552.708839554607,20260.0,0,1,0,0,0,1,1,0,0,4437
201,0,2013-04-03,0.43388373911755823,-0.900968867902419,0.8660254037844387,-0.49999999999999983,0.9995462806873573,-0.030120304846908114,4437.0,7009.0,4273.0,3567.714285714286,4085.0,3712.169433735737,4208.666666666667,4963.5,2525.578408771063,20260.0,0,1,0,0,0,1,1,0,0,4085
201,0,2013-04-04,-0.433883739117558,-0.9009688679024191,0.8660254037844387,-0.49999999999999983,0.9988797155850336,-0.04732138832243185,4085.0,8417.0,5346.0,3023.0,4085.0,3113.479618262072,4198.9,4935.5,2523.390348662715,20260.0,0,1,0,0,0,1,1,0,0,4604
201,0,2013-04-05,-0.9749279121818236,-0.2225209339563146,0.8660254037844387,-0.49999999999999983,0.9979171608653922,-0.06450844944931623,4604.0,0.0,6518.0,3809.0,4437.0,2911.0385317500236,4220.933333333333,5067.5,2532.061173926441,20260.0,0,1,0,0,0,1,1,0,0,5502
201,0,2013-04-06,-0.7818314824680299,0.6234898018587334,0.8660254037844387,-0.49999999999999983,0.9966589017541702,-0.08167639533042241,5502.0,8035.0,5527.0,3417.1428571428573,4437.0,2384.3315225705946,4206.8,5067.5,2524.600663539647,20260.0,0,1,0,0,0,1,1,0,0,5292
201,0,2013-04-07,-2.4492935982947064e-16,1.0,0.8660254037844387,-0.49999999999999983,0.9951053111006976,-0.09882013873287143,5292.0,0.0,0.0,3417.1428571428573,4437.0,2384.3315225705946,4001.2,4817.0,2609.1177449276893,20260.0,0,1,0,0,0,1,1,0,0,0
201,0,2013-04-08,0.7818314824680298,0.6234898018587336,0.8660254037844387,-0.49999999999999983,0.9932568492674143,-0.11593459959550041,0.0,0.0,6024.0,4221.571428571428,4604.0,1949.5632722178962,4018.733333333333,4817.0,2618.541433084764,20260.0,1,1,0,0,0,1,1,0,0,5631
201,0,2013-04-09,0.9749279121818236,-0.22252093395631434,0.8660254037844387,-0.49999999999999983,0.9911140639934547,-0.1330147065341959,5631.0,4437.0,5417.0,4245.0,4604.0,1953.5649464504625,4172.1,4817.0,2507.4316761070136,20260.0,1,1,0,0,0,1,1,0,0,4601
201,0,2013-04-10,0.43388373911755823,-0.900968867902419,0.8660254037844387,-0.49999999999999983,0.9886775902323405,-0.1500553983446526,4601.0,4085.0,7009.0,4312.0,4604.0,1955.2047633602635,4225.933333333333,4817.0,2497.361130491935,20260.0,1,1,0,0,0,1,1,0,0,4554
201,0,2013-04-11,-0.433883739117558,-0.9009688679024191,0.8660254037844387,-0.49999999999999983,0.9859481499638304,-0.16705162550211924,4554.0,4604.0,8417.0,4525.571428571428,5292.0,2070.658901343793,4378.266666666666,5124.0,2466.3691858518546,20260.0,1,1,0,0,0,1,1,0,0,6099
201,0,2013-04-12,-0.9749279121818236,-0.2225209339563146,0.8660254037844387,-0.49999999999999983,0.9829265519799822,-0.18399835165768005,6099.0,5502.0,0.0,4501.142857142857,5292.0,2058.190745012993,4441.266666666666,5220.5,2465.741085120369,20260.0,1,1,0,0,0,1,1,0,0,5331
201,0,2013-04-13,-0.7818314824680299,0.6234898018587334,0.8660254037844387,-0.49999999999999983,0.9796136916454901,-0.20089055513063506,5331.0,5292.0,8035.0,4529.0,5331.0,2071.9524608446004,4472.4,5257.5,2473.08608827109,20260.0,0,1,0,0,0,1,1,0,0,5487
201,0,2013-04-14,-2.4492935982947064e-16,1.0,0.8660254037844387,-0.49999999999999983,0.9760105506323683,-0.21772323039653177,5487.0,0.0,0.0,4529.0,5331.0,2071.9524608446004,4304.733333333334,5257.5,2601.1706241790357,20260.0,0,1,0,0,0,1,1,0,0,0
201,0,2013-04-15,0.7818314824680298,0.6234898018587336,0.8660254037844387,-0.49999999999999983,0.9721181966290613,-0.23449138957040985,0.0,5631.0,0.0,4192.0,4601.0,2054.6120477274208,4239.7,5255.0,2601.8098097683655,20260.0,0,1,0,0,0,1,1,0,0,3272
201,0,2013-04-16,0.9749279121818236,-0.22252093395631434,0.8660254037844387,-0.49999999999999983,0.9679377830240642,-0.25119006388481935,3272.0,4601.0,4437.0,3971.5714285714284,4554.0,2085.9505313040427,4341.633333333333,5255.0,2487.365736918357,20260.0,0,1,0,0,0,1,1,0,0,3058
201,0,2013-04-17,0.43388373911755823,-0.900968867902419,0.8660254037844387,-0.49999999999999983,0.9634705485641488,-0.2678143051621742,3058.0,4554.0,4085.0,3756.5714285714284,3272.0,2093.4611577594696,4226.2,4911.0,2463.410341446351,20260.0,0,1,0,0,0,1,1,0,0,3049
201,0,2013-04-18,-0.433883739117558,-0.9009688679024191,0.8660254037844387,-0.49999999999999983,0.9587178169872964,-0.2843591872810034,3049.0,6099.0,4604.0,3418.285714285714,3272.0,1826.111507574288,4176.633333333333,4602.5,2457.7195412980222,20260.0,0,1,0,0,0,1,1,0,0,3731
201,0,2013-04-19,-0.9749279121818236,-0.2225209339563146,0.8660254037844387,-0.49999999999999983,0.9536809966304457,-0.30081980763566735,3731.0,5331.0,5502.0,3319.285714285714,3272.0,1720.8873403262749,4188.8,4621.0,2459.116092953053,20260.0,0,1,0,0,0,1,1,0,0,4638
201,0,2013-04-20,-0.7818314824680299,0.6234898018587334,0.8660254037844387,-0.49999999999999983,0.9483615800121715,-0.3171912885891061,4638.0,5487.0,5292.0,3170.1428571428573,3272.0,1537.1381881678083,4158.7,4602.5,2449.9727816925806,20260.0,0,1,0,0,0,1,1,0,0,4443
201,0,2013-04-21,-2.4492935982947064e-16,1.0,0.8660254037844387,-0.49999999999999983,0.9427611433904207,-0.3334687789181868,4443.0,0.0,0.0,3170.1428571428573,3272.0,1537.1381881678083,3941.4333333333334,4577.5,2521.50049311548,20260.0,0,1,0,0,0,1,1,0,0,0
201,0,2013-04-22,0.7818314824680298,0.6234898018587336,0.8660254037844387,-0.49999999999999983,0.9368813462954315,-0.3496474552512284,0.0,3272.0,5631.0,3514.5714285714284,3731.0,1809.7155261847888,3946.633333333333,4577.5,2525.041474337884,20260.0,1,1,0,0,0,1,1,0,0,5683
201,0,2013-04-23,0.9749279121818236,-0.22252093395631434,0.8660254037844387,-0.49999999999999983,0.9307239310379795,-0.36572252349726897,5683.0,3058.0,4601.0,3684.285714285714,4246.0,1815.4582262967583,4088.1666666666665,4577.5,2412.6959750072306,20260.0,1,1,0,0,0,1,1,0,0,4246
201,0,2013-04-24,0.43388373911755823,-0.900968867902419,0.8660254037844387,-0.49999999999999983,0.9242907221930934,-0.3816892202666588,4246.0,3049.0,4554.0,3832.714285714286,4246.0,1797.2437892771356,4023.633333333333,4498.5,2384.862946735649,20260.0,1,1,0,0,0,1,1,0,0,4088
201,0,2013-04-25,-0.433883739117558,-0.9009688679024191,0.8660254037844387,-0.49999999999999983,0.9175836260593937,-0.39754281428255595,4088.0,3731.0,6099.0,4004.4285714285716,4443.0,1842.7512815663115,4007.5,4498.5,2376.735195526665,20260.0,1,1,0,0,0,1,1,0,0,4933
201,0,2013-04-26,-0.9749279121818236,-0.2225209339563146,0.8660254037844387,-0.49999999999999983,0.9106046300942163,-0.4132786077829042,4933.0,4638.0,5331.0,4150.857142857143,4443.0,1939.6628082024479,3962.633333333333,4498.5,2330.373086651257,20260.0,1,1,0,0,0,1,1,0,0,5663
201,0,2013-04-27,-0.7818314824680299,0.6234898018587334,0.8660254037844387,-0.49999999999999983,0.9033558023246845,-0.4288919379124835,5663.0,4443.0,5487.0,4255.857142857143,4933.0,1977.6354086443248,3854.6666666666665,4498.5,2187.539577310283,20260.0,0,1,0,0,0,1,1,0,0,5178
201,0,2013-04-28,-2.4492935982947064e-16,1.0,0.8660254037844387,-0.49999999999999983,0.895839290734909,-0.4443781781046132,5178.0,0.0,0.0,4255.857142857143,4933.0,1977.6354086443248,3854.6666666666665,4498.5,2187.539577310283,20260.0,0,1,0,0,0,1,1,0,0,0
201,0,2013-04-29,0.7818314824680298,0.6234898018587336,0.8660254037844387,-0.49999999999999983,0.8880573226294932,-0.45973273945210397,0.0,5683.0,3272.0,4329.714285714285,4933.0,2048.211472991799,3793.5,4498.5,2090.1057018312704,20260.0,1,1,0,0,0,1,1,0,0,6200
201,0,2013-04-30,0.9749279121818236,-0.22252093395631434,0.8660254037844387,-0.49999999999999983,0.8800122039735357,-0.47495107206704995,6200.0,4246.0,3058.0,4709.571428571428,5178.0,2265.1736399330653,4023.6666666666665,4577.5,2037.4866419419673,20260.0,1,1,0,0,0,1,1,0,0,6905
201,0,2013-05-01,0.43388373911755823,-0.900968867902419,0.49999999999999994,-0.8660254037844387,0.8717063187093218,-0.49002866642905923,6905.0,4088.0,3049.0,4125.571428571428,5178.0,2892.2998263863105,4023.6666666666665,4577.5,2037.4866419419673,20260.0,1,1,0,0,0,1,1,0,0,0
201,0,2013-05-02,-0.433883739117558,-0.9009688679024191,0.49999999999999994,-0.8660254037844387,0.8631421280499114,-0.5049610547215204,0.0,4933.0,3731.0,4458.285714285715,5663.0,3125.239762230822,4117.833333333333,4602.5,2120.8256375896326,20260.0,1,1,0,0,0,1,1,0,0,7262
201,0,2013-05-03,-0.9749279121818236,-0.2225209339563146,0.49999999999999994,-0.8660254037844387,0.854322169749827,-0.5197438121555155,7262.0,5663.0,4638.0,4538.285714285715,6200.0,3168.0914714427936,4189.1,4621.0,2155.3255670547783,20260.0,1,1,0,0,0,1,1,0,0,6223
201,0,2013-05-04,-0.7818314824680299,0.6234898018587334,0.49999999999999994,-0.8660254037844387,0.8452490573530633,-0.5343725582809787,6223.0,5178.0,4443.0,4544.0,6200.0,3169.473405262562,4209.566666666667,4785.5,2162.3051825075136,20260.0,0,1,0,0,0,1,1,0,0,5218
201,0,2013-05-05,-2.4492935982947064e-16,1.0,0.49999999999999994,-0.8660254037844387,0.835925479418637,-0.548842958284719,5218.0,0.0,0.0,4544.0,6200.0,3169.473405262562,4026.1666666666665,4619.5,2279.082908166978,20260.0,0,1,0,0,0,1,1,0,0,0
201,0,2013-05-06,0.7818314824680298,0.6234898018587336,0.49999999999999994,-0.8660254037844387,0.8263541987239096,-0.5631507242749186,0.0,6200.0,5683.0,4149.571428571428,5218.0,3100.081765434736,3964.4,4577.5,2268.6797406238816,20260.0,0,1,0,0,0,1,1,0,0,3439
201,0,2013-05-07,0.9749279121818236,-0.22252093395631434,0.49999999999999994,-0.8660254037844387,0.8165380514459161,-0.5772916165517272,3439.0,6905.0,4246.0,3821.285714285714,4607.0,2873.0209254537704,4117.966666666666,4604.0,2143.549352461189,20260.0,0,1,0,0,0,1,1,0,0,4607
201,0,2013-05-08,0.43388373911755823,-0.900968867902419,0.49999999999999994,-0.8660254037844387,0.8064799463209448,-0.5912614448635781,4607.0,0.0,4088.0,4612.285714285715,5218.0,2362.4556231659817,4114.833333333333,4604.0,2141.3289634909106,20260.0,0,1,0,0,0,1,1,0,0,5537
201,0,2013-05-09,-0.433883739117558,-0.9009688679024191,0.49999999999999994,-0.8660254037844387,0.7961828637826158,-0.6050560696488488,5537.0,7262.0,4933.0,3574.8571428571427,4607.0,2588.6150369500315,3961.4666666666667,4580.5,2266.4209782330186,20260.0,0,1,0,0,0,1,1,0,0,0
201,0,2013-05-10,-0.9749279121818236,-0.2225209339563146,0.49999999999999994,-0.8660254037844387,0.7856498550787145,-0.6186714032625031,0.0,6223.0,5663.0,3638.4285714285716,4607.0,2668.712227345046,4031.9333333333334,4622.5,2317.761389244213,20260.0,0,1,0,0,0,1,1,0,0,6668
201,0,2013-05-11,-0.7818314824680299,0.6234898018587334,0.49999999999999994,-0.8660254037844387,0.7748840413670407,-0.6321034111873487,6668.0,5218.0,5178.0,3731.8571428571427,4607.0,2743.6242106971963,4024.366666666667,4622.5,2311.1415373678715,20260.0,0,1,0,0,0,1,1,0,0,5872
201,0,2013-05-12,-2.4492935982947064e-16,1.0,0.49999999999999994,-0.8660254037844387,0.7638886127905428,-0.6453481132295501,5872.0,0.0,0.0,3731.8571428571427,4607.0,2743.6242106971963,3846.6666666666665,4525.0,2410.0421992776082,20260.0,0,1,0,0,0,1,1,0,0,0
201,0,2013-05-13,0.7818314824680298,0.6234898018587336,0.49999999999999994,-0.8660254037844387,0.7526668275320084,-0.6584015846980488,0.0,3439.0,6200.0,4057.5714285714284,5537.0,2836.817045983218,3854.4,4525.0,2415.8524104269113,20260.0,1,1,0,0,0,1,1,0,0,5719
201,0,2013-05-14,0.9749279121818236,-0.22252093395631434,0.49999999999999994,-0.8660254037844387,0.741222010848596,-0.6712599575675313,5719.0,4607.0,6905.0,4068.714285714286,5537.0,2839.486791322551,4010.5666666666666,4622.5,2307.0790561366484,20260.0,1,1,0,0,0,1,1,0,0,4685
201,0,2013-05-15,0.43388373911755823,-0.900968867902419,0.49999999999999994,-0.8660254037844387,0.7295575540864875,-0.6839194216246106,4685.0,5537.0,0.0,3861.1428571428573,4685.0,2766.4321443917274,4037.633333333333,4622.5,2302.874762392512,20260.0,1,1,0,0,0,1,1,0,0,4084
201,0,2013-05-16,-0.433883739117558,-0.9009688679024191,0.49999999999999994,-0.8660254037844387,0.717676913675962,-0.6963762255968722,4084.0,0.0,7262.0,4696.142857142857,5719.0,2238.5103252365107,4130.533333333334,4661.5,2318.157067263939,20260.0,1,1,0,0,0,1,1,0,0,5845
201,0,2013-05-17,-0.9749279121818236,-0.2225209339563146,0.49999999999999994,-0.8660254037844387,0.705583610107178,-0.7086266782644596,5845.0,6668.0,6223.0,4559.142857142857,5709.0,2124.1408795535363,4219.2,4809.0,2326.220130716722,20260.0,1,1,0,0,0,1,1,0,0,5709
201,0,2013-05-18,-0.7818314824680299,0.6234898018587334,0.49999999999999994,-0.8660254037844387,0.6932812268869777,-0.7206671495538609,5709.0,5872.0,5218.0,4424.714285714285,4931.0,2055.887214342079,4259.2,4932.0,2327.8525163616,20260.0,0,1,0,0,0,1,1,0,0,4931
201,0,2013-05-19,-2.4492935982947064e-16,1.0,0.49999999999999994,-0.8660254037844387,0.6807734094770161,-0.7324940716135789,4931.0,0.0,0.0,4424.714285714285,4931.0,2055.887214342079,4104.6,4932.0,2452.502474250922,20260.0,0,1,0,0,0,1,1,0,0,0
201,0,2013-05-20,0.7818314824680298,0.6234898018587336,0.49999999999999994,-0.8660254037844387,0.6680638642135335,-0.7441039398713607,0.0,5719.0,3439.0,3607.714285714286,4685.0,2536.090542172192,3956.5,4932.0,2563.022875165317,20260.0,0,1,0,0,0,1,1,0,0,0
201,0,2013-05-21,0.9749279121818236,-0.22252093395631434,0.49999999999999994,-0.8660254037844387,0.6551563572090853,-0.7554933140726803,0.0,4685.0,4607.0,3597.8571428571427,4616.0,2531.335183163979,4110.366666666667,4932.0,2453.5287814919134,20260.0,0,1,0,0,0,1,1,0,0,4616
201,0,2013-05-22,0.43388373911755823,-0.900968867902419,0.49999999999999994,-0.8660254037844387,0.6420547132365637,-0.766658819300159,4616.0,4084.0,5537.0,3566.1428571428573,4616.0,2525.6135511047237,4049.6666666666665,4808.0,2435.741596811283,20260.0,0,1,0,0,0,1,1,0,0,3862
201,0,2013-05-23,-0.433883739117558,-0.9009688679024191,0.49999999999999994,-0.8660254037844387,0.6287628145958344,-0.777597146973627,3862.0,5845.0,0.0,3330.8571428571427,4198.0,2348.434970256536,4048.0666666666666,4808.0,2435.6239437569784,20260.0,0,1,0,0,0,1,1,0,0,4198
201,0,2013-05-24,-0.9749279121818236,-0.2225209339563146,0.49999999999999994,-0.8660254037844387,0.6152845999633276,-0.7883050558305255,4198.0,5709.0,6668.0,3140.5714285714284,4198.0,2170.878152357004,4057.7,4808.0,2436.3587464450525,20260.0,0,1,0,0,0,1,1,0,0,4377
201,0,2013-05-25,-0.7818314824680299,0.6234898018587334,0.49999999999999994,-0.8660254037844387,0.6016240632249226,-0.7987793728863649,4377.0,4931.0,5872.0,3140.5714285714284,4198.0,2170.878152357004,4057.633333333333,4808.0,2436.333996741448,20260.0,0,1,0,0,0,1,1,0,0,4931
201,0,2013-05-26,-2.4492935982947064e-16,1.0,0.49999999999999994,-0.8660254037844387,0.5877852522924732,-0.8090169943749473,4931.0,0.0,0.0,3140.5714285714284,4198.0,2170.878152357004,3868.866666666667,4650.5,2525.4168482591667,20260.0,0,1,0,0,0,1,1,0,0,0
201,0,2013-05-27,0.7818314824680298,0.6234898018587336,0.49999999999999994,-0.8660254037844387,0.5737722679043246,-0.8190148866680801,0.0,0.0,5719.0,3938.5714285714284,4377.0,1822.7989336130722,3882.4666666666667,4650.5,2533.794656423353,20260.0,1,1,0,0,0,1,1,0,0,5586
201,0,2013-05-28,0.9749279121818236,-0.22252093395631434,0.49999999999999994,-0.8660254037844387,0.5595892624101765,-0.8287700871745037,5586.0,4616.0,4685.0,3987.0,4377.0,1848.124093957618,4047.633333333333,4808.0,2431.41597007592,20260.0,1,1,0,0,0,1,1,0,0,4955
201,0,2013-05-29,0.43388373911755823,-0.900968867902419,0.49999999999999994,-0.8660254037844387,0.545240438540651,-0.8382797052177743,4955.0,3862.0,4084.0,4525.571428571428,4931.0,2299.759469824532,4095.366666666667,4808.0,2488.514118121887,20260.0,1,1,0,0,0,1,1,0,0,7632
201,0,2013-05-30,-0.433883739117558,-0.9009688679024191,0.49999999999999994,-0.8660254037844387,0.5307300481619334,-0.8475409228928311,7632.0,4198.0,5845.0,3925.8571428571427,4931.0,2874.8697030515677,3865.2,4650.5,2538.5107010431025,20260.0,1,1,0,0,0,1,1,0,0,0
201,0,2013-05-31,-0.9749279121818236,-0.2225209339563146,0.49999999999999994,-0.8660254037844387,0.5160623910158528,-0.8565509959010036,0.0,4377.0,5709.0,4571.428571428572,4955.0,3444.0941652410743,4161.733333333334,4808.0,2590.488423302518,20260.0,1,1,0,0,0,1,1,0,0,8896
201,0,2013-06-01,-0.7818314824680299,0.6234898018587334,1.2246467991473532e-16,-1.0,0.5012418134457758,-0.865307254363206,8896.0,4931.0,4931.0,4702.0,5586.0,3477.1649850608646,4114.5,4808.0,2544.5213729189577,20260.0,0,1,0,0,0,1,1,0,0,5845
201,0,2013-06-02,-2.4492935982947064e-16,1.0,1.2246467991473532e-16,-1.0,0.48627270710869,-0.8738071036110808,5845.0,0.0,0.0,4702.0,5586.0,3477.1649850608646,3907.0666666666666,4650.5,2619.2626092264886,20260.0,0,1,0,0,0,1,1,0,0,0
201,0,2013-06-03,0.7818314824680298,0.6234898018587336,1.2246467991473532e-16,-1.0,0.4711595076738638,-0.8820480249558537,0.0,5586.0,0.0,4763.571428571428,5845.0,3499.173467032028,3933.7,4650.5,2637.0539616306155,20260.0,1,1,0,0,0,1,1,0,0,6017
201,0,2013-06-04,0.9749279121818236,-0.22252093395631434,1.2246467991473532e-16,-1.0,0.4559066935084588,-0.8900275764346767,6017.0,4955.0,4616.0,4663.857142857143,5845.0,3502.752699833442,4075.6,4650.5,2530.4627708154007,20260.0,1,1,0,0,0,1,1,0,0,4257
201,0,2013-06-05,0.43388373911755823,-0.900968867902419,1.2246467991473532e-16,-1.0,0.440518784350495,-0.8977433935342337,4257.0,7632.0,3862.0,4171.571428571428,4257.0,3249.043903322065,4100.5,4650.5,2527.6562777839645,20260.0,1,1,0,0,0,1,1,0,0,4186
201,0,2013-06-06,-0.433883739117558,-0.9009688679024191,1.2246467991473532e-16,-1.0,0.42500033996955416,-0.9051931898913974,4186.0,0.0,4198.0,4951.142857142857,5457.0,2687.4372816601935,4128.833333333333,4808.0,2538.2712564389894,20260.0,1,1,0,0,0,1,1,0,0,5457
201,0,2013-06-07,-0.9749279121818236,-0.2225209339563146,1.2246467991473532e-16,-1.0,0.4093559588156213,-0.9123747579707273,5457.0,8896.0,4377.0,4389.714285714285,4966.0,2064.211852361226,4109.8,4808.0,2529.4735366106897,20260.0,1,1,0,0,0,1,1,0,0,4966
201,0,2013-06-08,-0.7818314824680299,0.6234898018587334,1.2246467991473532e-16,-1.0,0.39359027665646673,-0.9192859697186104,4966.0,5845.0,4931.0,4148.714285714285,4257.0,1961.933205988904,4248.4,4808.0,2407.491348500228,20260.0,0,1,0,0,0,1,1,0,0,4158
201,0,2013-06-09,-2.4492935982947064e-16,1.0,1.2246467991473532e-16,-1.0,0.3777079652039649,-0.9259247771938498,4158.0,0.0,0.0,4148.714285714285,4257.0,1961.933205988904,4026.133333333333,4650.5,2483.023653606186,20260.0,0,1,0,0,0,1,1,0,0,0
201,0,2013-06-10,0.7818314824680298,0.6234898018587336,1.2246467991473532e-16,-1.0,0.36171373072976765,-0.9322892131745133,0.0,6017.0,5586.0,3848.8571428571427,4186.0,1780.843847596921,3961.0,4496.5,2458.4406748433316,20260.0,0,1,0,0,0,1,1,0,0,3918
201,0,2013-06-11,0.9749279121818236,-0.22252093395631434,1.2246467991473532e-16,-1.0,0.3456123126707335,-0.9383773917408641,3918.0,4257.0,4955.0,3699.5714285714284,4158.0,1784.7236814273563,4068.0666666666666,4496.5,2347.4238841662195,20260.0,0,1,0,0,0,1,1,0,0,3212
201,0,2013-06-12,0.43388373911755823,-0.900968867902419,1.2246467991473532e-16,-1.0,0.3294084822245304,-0.9441875088341993,3212.0,4186.0,7632.0,3594.285714285714,3918.0,1772.9452627652952,3992.4,4317.0,2328.8850906640364,20260.0,0,1,0,0,0,1,1,0,0,3449
201,0,2013-06-13,-0.433883739117558,-0.9009688679024191,1.2246467991473532e-16,-1.0,0.3131070409358269,-0.9497178427914316,3449.0,5457.0,0.0,3436.4285714285716,3918.0,1622.2414387859421,3981.3,4304.5,2326.2622698818504,20260.0,0,1,0,0,0,1,1,0,0,4352
201,0,2013-06-14,-0.9749279121818236,-0.2225209339563146,1.2246467991473532e-16,-1.0,0.29671281927349075,-0.9549667548552551,4352.0,4966.0,8896.0,3355.1428571428573,3918.0,1545.2540706489472,3991.733333333333,4364.5,2327.4403719660504,20260.0,0,1,0,0,0,1,1,0,0,4397
201,0,2013-06-15,-0.7818314824680299,0.6234898018587334,1.2246467991473532e-16,-1.0,0.28023067519921585,-0.9599326896597447,4397.0,4158.0,5845.0,3496.0,3918.0,1670.49922677823,3968.366666666667,4364.5,2311.658032867218,20260.0,0,1,0,0,0,1,1,0,0,5144
201,0,2013-06-16,-2.4492935982947064e-16,1.0,1.2246467991473532e-16,-1.0,0.26366549272800704,-0.9646141756912435,5144.0,0.0,0.0,3496.0,3918.0,1670.49922677823,3778.0666666666666,4304.5,2396.842965715286,20260.0,0,1,0,0,0,1,1,0,0,0
201,0,2013-06-17,0.7818314824680298,0.6234898018587336,1.2246467991473532e-16,-1.0,0.24702218048093552,-0.9690098257244062,0.0,3918.0,6017.0,3716.285714285714,4352.0,1829.5235002850427,3795.7,4304.5,2407.539495862514,20260.0,1,1,0,0,0,1,1,0,0,5460
201,0,2013-06-18,0.9749279121818236,-0.22252093395631434,1.2246467991473532e-16,-1.0,0.23030567023061221,-0.9731183372332619,5460.0,3212.0,4257.0,3923.0,4397.0,1844.7325009333995,3951.0,4364.5,2302.2144661772627,20260.0,1,1,0,0,0,1,1,0,0,4659
201,0,2013-06-19,0.43388373911755823,-0.900968867902419,1.2246467991473532e-16,-1.0,0.21352091543979612,-0.9769384927771817,4659.0,3449.0,4186.0,4067.0,4457.0,1840.9035824833395,4099.566666666667,4387.0,2178.9670549223038,20260.0,1,1,0,0,0,1,1,0,0,4457
201,0,2013-06-20,-0.433883739117558,-0.9009688679024191,1.2246467991473532e-16,-1.0,0.19667288979357647,-0.980469160361632,4457.0,4352.0,5457.0,4213.428571428572,4659.0,1906.9321659970703,4124.933333333333,4387.0,2189.5902141147603,20260.0,1,1,0,0,0,1,1,0,0,5377
201,0,2013-06-21,-0.9749279121818236,-0.2225209339563146,1.2246467991473532e-16,-1.0,0.1797665857255624,-0.9837092937736097,5377.0,4397.0,4966.0,4532.285714285715,5144.0,2117.700774762233,4217.166666666667,4427.0,2235.9203934279776,20260.0,1,1,0,0,0,1,1,0,0,6629
201,0,2013-06-22,-0.7818314824680299,0.6234898018587334,1.2246467991473532e-16,-1.0,0.16280701293851715,-0.986657932891657,6629.0,5144.0,4158.0,4513.857142857143,5015.0,2112.0440674515135,4244.4,4558.0,2240.6493917058333,20260.0,0,1,0,0,0,1,1,0,0,5015
201,0,2013-06-23,-2.4492935982947064e-16,1.0,1.2246467991473532e-16,-1.0,0.1457991969198751,-0.9893142039703663,5015.0,0.0,0.0,4513.857142857143,5015.0,2112.0440674515135,4098.5,4558.0,2370.461365685358,20260.0,0,1,0,0,0,1,1,0,0,0
201,0,2013-06-24,0.7818314824680298,0.6234898018587336,1.2246467991473532e-16,-1.0,0.12874817745258132,-0.99167731989929,0.0,5460.0,3918.0,4234.571428571428,4659.0,2095.271808711448,4050.9666666666667,4427.0,2367.487603045623,20260.0,0,1,0,0,0,1,1,0,0,3505
201,0,2013-06-25,0.9749279121818236,-0.22252093395631434,1.2246467991473532e-16,-1.0,0.11165900712169512,-0.993746580436178,3505.0,4659.0,3212.0,4004.0,4457.0,2129.310608311211,4152.466666666666,4427.0,2250.191558639999,20260.0,0,1,0,0,0,1,1,0,0,3045
201,0,2013-06-26,0.43388373911755823,-0.900968867902419,1.2246467991473532e-16,-1.0,0.09453674981719912,-0.9955213724144752,3045.0,4457.0,3449.0,3896.1428571428573,3702.0,2121.6481351825996,4089.6666666666665,4374.5,2235.0429037513336,20260.0,0,1,0,0,0,1,1,0,0,3702
201,0,2013-06-27,-0.433883739117558,-0.9009688679024191,1.2246467991473532e-16,-1.0,0.07738647923346301,-0.9970011699250151,3702.0,5377.0,4352.0,3775.285714285714,3702.0,2045.9800189872904,4075.5333333333333,4374.5,2230.7186677644136,20260.0,0,1,0,0,0,1,1,0,0,4531
201,0,2013-06-28,-0.9749279121818236,-0.2225209339563146,1.2246467991473532e-16,-1.0,0.06021327736579302,-0.9981855344718586,4531.0,6629.0,4397.0,3660.714285714286,3702.0,1874.8406789454316,4015.366666666667,4374.5,2154.527286073857,20260.0,0,1,0,0,0,1,1,0,0,5827
201,0,2013-06-29,-0.7818314824680299,0.6234898018587334,1.2246467991473532e-16,-1.0,0.04302223300453059,-0.99907411510223,5827.0,5015.0,5144.0,3697.4285714285716,3702.0,1908.0042677400595,4191.1,4427.0,2026.9489446303103,20260.0,0,1,0,0,0,1,1,0,0,5272
201,0,2013-06-30,-2.4492935982947064e-16,1.0,1.2246467991473532e-16,-1.0,0.02581844022713308,-0.9996666485105112,5272.0,0.0,0.0,3697.4285714285716,3702.0,1908.0042677400595,3894.5666666666666,4374.5,1964.6743466808293,20260.0,0,1,0,0,0,1,1,0,0,0
201,0,2013-07-01,0.7818314824680298,0.6234898018587336,-0.4999999999999998,-0.8660254037844388,0.008606996888688698,-0.9999629591162655,0.0,3505.0,5460.0,4135.428571428572,4531.0,2187.8588358745355,3918.766666666667,4374.5,1993.7830041948116,20260.0,1,1,0,0,0,1,1,0,0,6571
201,0,2013-07-02,0.9749279121818236,-0.22252093395631434,-0.4999999999999998,-0.8660254037844388,-0.008606996888688009,-0.9999629591162655,6571.0,3045.0,4659.0,4361.428571428572,4627.0,2137.5778237016175,4073.0,4427.0,1854.269760533128,20260.0,1,1,0,0,0,1,1,0,0,4627
201,0,2013-07-03,0.43388373911755823,-0.900968867902419,-0.4999999999999998,-0.8660254037844388,-0.02581844022713239,-0.9996666485105112,4627.0,3702.0,4457.0,4630.857142857143,5272.0,2159.3564958548336,4058.7,4427.0,1840.3628605850224,20260.0,1,1,0,0,0,1,1,0,0,5588
201,0,2013-07-04,-0.433883739117558,-0.9009688679024191,-0.4999999999999998,-0.8660254037844388,-0.04302223300453034,-0.99907411510223,5588.0,4531.0,5377.0,4724.142857142857,5272.0,2168.409665213302,4089.6,4494.0,1851.5553685371167,20260.0,1,1,0,0,0,1,1,0,0,5184
201,0,2013-07-05,-0.9749279121818236,-0.2225209339563146,-0.4999999999999998,-0.8660254037844388,-0.060213277365792774,-0.9981855344718586,5184.0,5827.0,6629.0,4703.0,5272.0,2156.5532685282756,4139.366666666667,4579.0,1874.1624241121742,20260.0,1,1,0,0,0,1,1,0,0,5679
201,0,2013-07-06,-0.7818314824680299,0.6234898018587334,-0.4999999999999998,-0.8660254037844388,-0.07738647923346322,-0.9970011699250151,5679.0,5272.0,5015.0,4604.571428571428,5184.0,2141.9287925561252,4110.233333333334,4557.0,1859.7112249566821,20260.0,0,1,0,0,0,1,1,0,0,4583
201,0,2013-07-07,-2.4492935982947064e-16,1.0,-0.4999999999999998,-0.8660254037844388,-0.09453674981719933,-0.9955213724144752,4583.0,0.0,0.0,4604.571428571428,5184.0,2141.9287925561252,3944.7,4494.0,1996.867307766739,20260.0,0,1,0,0,0,1,1,0,0,0
201,0,2013-07-08,0.7818314824680298,0.6234898018587336,-0.4999999999999998,-0.8660254037844388,-0.11165900712169444,-0.9937465804361781,0.0,6571.0,3505.0,4237.857142857143,4627.0,1961.2769164136753,3939.5666666666666,4494.0,1996.4979802287478,20260.0,0,1,0,0,0,1,1,0,0,4004
201,0,2013-07-09,0.9749279121818236,-0.22252093395631434,-0.4999999999999998,-0.8660254037844388,-0.12874817745258066,-0.99167731989929,4004.0,4627.0,3045.0,4102.142857142857,4583.0,1962.729513421841,4062.133333333333,4494.0,1854.0933230489534,20260.0,0,1,0,0,0,1,1,0,0,3677
201,0,2013-07-10,0.43388373911755823,-0.900968867902419,-0.4999999999999998,-0.8660254037844388,-0.14579919691987442,-0.9893142039703664,3677.0,5588.0,3702.0,3886.714285714286,4080.0,1852.1022032891615,4067.5333333333333,4494.0,1853.894962864221,20260.0,0,1,0,0,0,1,1,0,0,4080
201,0,2013-07-11,-0.433883739117558,-0.9009688679024191,-0.4999999999999998,-0.8660254037844388,-0.16280701293851646,-0.9866579328916572,4080.0,5184.0,4531.0,3823.285714285714,4080.0,1807.331339690807,4118.466666666666,4557.0,1850.5667115840454,20260.0,0,1,0,0,0,1,1,0,0,4740
201,0,2013-07-12,-0.9749279121818236,-0.2225209339563146,-0.4999999999999998,-0.8660254037844388,-0.17976658572556214,-0.9837092937736098,4740.0,5679.0,5827.0,3614.1428571428573,4080.0,1633.1084296081326,4144.0,4557.0,1846.2907082337665,20260.0,0,1,0,0,0,1,1,0,0,4215
201,0,2013-07-13,-0.7818314824680299,0.6234898018587334,-0.4999999999999998,-0.8660254037844388,-0.19667288979357622,-0.9804691603616321,4215.0,4583.0,5272.0,3716.8571428571427,4080.0,1724.2672287642868,4175.666666666667,4605.0,1858.0904980249409,20260.0,0,1,0,0,0,1,1,0,0,5302
201,0,2013-07-14,-2.4492935982947064e-16,1.0,-0.4999999999999998,-0.8660254037844388,-0.2135209154397959,-0.9769384927771817,5302.0,0.0,0.0,3716.8571428571427,4080.0,1724.267228764287,4029.1,4605.0,2007.4452687175683,20260.0,0,1,0,0,0,1,1,0,0,0
201,0,2013-07-15,0.7818314824680298,0.6234898018587336,-0.4999999999999998,-0.8660254037844388,-0.23030567023061196,-0.973118337233262,0.0,4004.0,6571.0,4133.571428571428,4215.0,2113.729315462983,4088.3333333333335,4605.0,2066.815680575136,20260.0,1,1,0,0,0,1,1,0,0,6921
201,0,2013-07-16,0.9749279121818236,-0.22252093395631434,-0.4999999999999998,-0.8660254037844388,-0.24702218048093527,-0.9690098257244063,6921.0,3677.0,4627.0,4368.857142857143,4740.0,2145.8586803865874,4265.8,4643.0,1927.5467237952475,20260.0,1,1,0,0,0,1,1,0,0,5324
201,0,2013-07-17,0.43388373911755823,-0.900968867902419,-0.4999999999999998,-0.8660254037844388,-0.2636654927280072,-0.9646141756912435,5324.0,4080.0,5588.0,4592.0,5302.0,2191.5429115883903,4271.866666666667,4643.0,1931.7167946447644,20260.0,1,1,0,0,0,1,1,0,0,5642
201,0,2013-07-18,-0.433883739117558,-0.9009688679024191,-0.4999999999999998,-0.8660254037844388,-0.2802306751992161,-0.9599326896597445,5642.0,4740.0,5184.0,4785.285714285715,5324.0,2265.1984250307714,4319.666666666667,4683.5,1959.1735825180933,20260.0,1,1,0,0,0,1,1,0,0,6093
201,0,2013-07-19,-0.9749279121818236,-0.2225209339563146,-0.4999999999999998,-0.8660254037844388,-0.2967128192734901,-0.9549667548552553,6093.0,4215.0,5679.0,5031.857142857143,5642.0,2286.613611768239,4369.133333333333,4877.5,1981.369479953689,20260.0,1,1,0,0,0,1,1,0,0,5941
201,0,2013-07-20,-0.7818314824680299,0.6234898018587334,-0.4999999999999998,-0.8660254037844388,-0.3131070409358267,-0.9497178427914317,5941.0,5302.0,4583.0,5074.714285714285,5642.0,2295.315498596047,4376.633333333333,4877.5,1985.737099023126,20260.0,0,1,0,0,0,1,1,0,0,5602
201,0,2013-07-21,-2.4492935982947064e-16,1.0,-0.4999999999999998,-0.8660254037844388,-0.3294084822245302,-0.9441875088341994,5602.0,0.0,0.0,5074.714285714285,5642.0,2295.315498596047,4155.666666666667,4683.5,2092.4196409953206,20260.0,0,1,0,0,0,1,1,0,0,0
201,0,2013-07-22,0.7818314824680298,0.6234898018587336,-0.4999999999999998,-0.8660254037844388,-0.3456123126707333,-0.9383773917408642,0.0,6921.0,4004.0,4693.571428571428,5602.0,2154.8547404363335,4130.266666666666,4605.0,2086.24430634265,20260.0,0,1,0,0,0,1,1,0,0,4253
201,0,2013-07-23,0.9749279121818236,-0.22252093395631434,-0.4999999999999998,-0.8660254037844388,-0.3617137307297674,-0.9322892131745134,4253.0,5324.0,3677.0,4489.714285714285,5602.0,2152.772453859261,4260.166666666667,4605.0,1936.1277936472404,20260.0,0,1,0,0,0,1,1,0,0,3897
201,0,2013-07-24,0.43388373911755823,-0.900968867902419,-0.4999999999999998,-0.8660254037844388,-0.37770796520396466,-0.9259247771938499,3897.0,5642.0,4080.0,4165.571428571428,4253.0,2120.9425465378067,4255.766666666666,4605.0,1938.0521804180057,20260.0,0,1,0,0,0,1,1,0,0,3373
201,0,2013-07-25,-0.433883739117558,-0.9009688679024191,-0.4999999999999998,-0.8660254037844388,-0.39359027665646645,-0.9192859697186105,3373.0,6093.0,4740.0,3901.714285714286,4246.0,1949.1249074294594,4295.8,4605.0,1924.5366733051749,20260.0,0,1,0,0,0,1,1,0,0,4246
201,0,2013-07-26,-0.9749279121818236,-0.2225209339563146,-0.4999999999999998,-0.8660254037844388,-0.4093559588156211,-0.9123747579707274,4246.0,5941.0,4215.0,3785.1428571428573,4246.0,1827.43658609279,4343.233333333334,4683.5,1926.931430223091,20260.0,0,1,0,0,0,1,1,0,0,5125
201,0,2013-07-27,-0.7818314824680299,0.6234898018587334,-0.4999999999999998,-0.8660254037844388,-0.42500033996955394,-0.9051931898913975,5125.0,5602.0,5302.0,3630.285714285714,4246.0,1688.460414528149,4342.8,4683.5,1926.8892099926773,20260.0,0,1,0,0,0,1,1,0,0,4518
201,0,2013-07-28,-2.4492935982947064e-16,1.0,-0.4999999999999998,-0.8660254037844388,-0.4405187843504952,-0.8977433935342336,4518.0,0.0,0.0,3630.285714285714,4246.0,1688.4604145281487,4148.566666666667,4605.0,2061.1297819790284,20260.0,0,1,0,0,0,1,1,0,0,0
201,0,2013-07-29,0.7818314824680298,0.6234898018587336,-0.4999999999999998,-0.8660254037844388,-0.455906693508459,-0.8900275764346766,0.0,4253.0,6921.0,3966.0,4246.0,2031.6544981861439,4192.933333333333,4605.0,2100.102722172932,20260.0,1,1,0,0,0,1,1,0,0,6603
201,0,2013-07-30,0.9749279121818236,-0.22252093395631434,-0.4999999999999998,-0.8660254037844388,-0.47115950767386394,-0.8820480249558535,6603.0,3897.0,5324.0,4255.714285714285,4518.0,2160.675026798005,4390.433333333333,4683.5,1966.5451007625861,20260.0,1,1,0,0,0,1,1,0,0,5925
201,0,2013-07-31,0.43388373911755823,-0.900968867902419,-0.4999999999999998,-0.8660254037844388,-0.4862727071086902,-0.8738071036110807,5925.0,3373.0,5642.0,4660.0,5125.0,2231.5804563880993,4378.166666666667,4683.5,1953.5794041977776,20260.0,1,1,0,0,0,1,1,0,0,6203
201,0,2013-08-01,-0.433883739117558,-0.9009688679024191,-0.8660254037844384,-0.5000000000000004,-0.5012418134457756,-0.8653072543632061,6203.0,4246.0,6093.0,4837.142857142857,5486.0,2242.4291463032805,4406.8,4932.5,1963.6215907664425,20260.0,1,1,0,0,0,1,1,0,0,5486
201,0,2013-08-02,-0.9749279121818236,-0.2225209339563146,-0.8660254037844384,-0.5000000000000004,-0.5160623910158526,-0.8565509959010037,5486.0,5125.0,5941.0,4929.714285714285,5773.0,2269.5047708171683,4412.966666666666,4932.5,1967.7451734958183,20260.0,1,1,0,0,0,1,1,0,0,5773
201,0,2013-08-03,-0.7818314824680299,0.6234898018587334,-0.8660254037844384,-0.5000000000000004,-0.5307300481619331,-0.8475409228928312,5773.0,4518.0,5602.0,5067.0,5773.0,2269.5148527089764,4422.8,4932.5,1972.4625323131756,20260.0,0,1,0,0,0,1,1,0,0,5479
201,0,2013-08-04,-2.4492935982947064e-16,1.0,-0.8660254037844384,-0.5000000000000004,-0.5452404385406507,-0.8382797052177745,5479.0,0.0,0.0,5067.0,5773.0,2269.5148527089764,4233.5,4661.5,2115.099504466185,20260.0,0,1,0,0,0,1,1,0,0,0
201,0,2013-08-05,0.7818314824680298,0.6234898018587336,-0.8660254037844384,-0.5000000000000004,-0.5595892624101763,-0.828770087174504,0.0,6603.0,4253.0,4741.857142857143,5486.0,2173.8010050425023,4224.966666666666,4629.0,2114.157033989626,20260.0,0,1,0,0,0,1,1,0,0,4327
201,0,2013-08-06,0.9749279121818236,-0.22252093395631434,-0.8660254037844384,-0.5000000000000004,-0.5737722679043243,-0.8190148866680802,4327.0,5925.0,3897.0,4470.571428571428,5479.0,2119.3520123804215,4359.166666666667,4629.0,1958.7918000879906,20260.0,0,1,0,0,0,1,1,0,0,4026
201,0,2013-08-07,0.43388373911755823,-0.900968867902419,-0.8660254037844384,-0.5000000000000004,-0.5877852522924734,-0.8090169943749472,4026.0,6203.0,3373.0,4212.428571428572,4396.0,1978.539263964102,4372.233333333334,4629.0,1957.6480026549325,20260.0,0,1,0,0,0,1,1,0,0,4396
201,0,2013-08-08,-0.433883739117558,-0.9009688679024191,-0.8660254037844384,-0.5000000000000004,-0.6016240632249227,-0.7987793728863648,4396.0,5486.0,4246.0,4108.285714285715,4396.0,1918.6088462117277,4408.233333333334,4748.5,1954.3497142904396,20260.0,0,1,0,0,0,1,1,0,0,4757
201,0,2013-08-09,-0.9749279121818236,-0.2225209339563146,-0.8660254037844384,-0.5000000000000004,-0.6152845999633277,-0.7883050558305253,4757.0,5773.0,5125.0,3978.0,4396.0,1814.8849366649467,4434.266666666666,4809.0,1955.0282638989327,20260.0,0,1,0,0,0,1,1,0,0,4861
201,0,2013-08-10,-0.7818314824680299,0.6234898018587334,-0.8660254037844384,-0.5000000000000004,-0.6287628145958345,-0.7775971469736268,4861.0,5479.0,4518.0,3863.4285714285716,4396.0,1727.5492136880737,4432.166666666667,4809.0,1954.722347041386,20260.0,0,1,0,0,0,1,1,0,0,4677
201,0,2013-08-11,-2.4492935982947064e-16,1.0,-0.8660254037844384,-0.5000000000000004,-0.6420547132365636,-0.7666588193001592,4677.0,0.0,0.0,3863.4285714285716,4396.0,1727.5492136880737,4291.666666666667,4809.0,2115.7209309054115,20260.0,0,1,0,0,0,1,1,0,0,0
201,0,2013-08-12,0.7818314824680298,0.6234898018587336,-0.8660254037844384,-0.5000000000000004,-0.655156357209085,-0.7554933140726804,0.0,4327.0,6603.0,4202.285714285715,4677.0,2038.31447641474,4338.233333333334,4809.0,2153.756969021619,20260.0,1,1,0,0,0,1,1,0,0,6699
201,0,2013-08-13,0.9749279121818236,-0.22252093395631434,-0.8660254037844384,-0.5000000000000004,-0.6680638642135333,-0.7441039398713608,6699.0,4026.0,5925.0,4366.571428571428,4757.0,2067.868053265071,4510.766666666666,4993.0,1995.7710062017131,20260.0,1,1,0,0,0,1,1,0,0,5176
201,0,2013-08-14,0.43388373911755823,-0.900968867902419,-0.8660254037844384,-0.5000000000000004,-0.6807734094770159,-0.7324940716135792,5176.0,4396.0,6203.0,4440.0,4861.0,2078.1873511949434,4443.733333333334,4885.5,1945.1559095979105,20260.0,1,1,0,0,0,1,1,0,0,4910
201,0,2013-08-15,-0.433883739117558,-0.9009688679024191,-0.8660254037844384,-0.5000000000000004,-0.6932812268869771,-0.7206671495538615,4910.0,4757.0,5486.0,4529.0,4910.0,2107.1639708385264,4445.6,4885.5,1946.0564474217392,20260.0,1,1,0,0,0,1,1,0,0,5380
201,0,2013-08-16,-0.9749279121818236,-0.2225209339563146,-0.8660254037844384,-0.5000000000000004,-0.7055836101071774,-0.7086266782644601,5380.0,4861.0,5773.0,4657.142857142857,5176.0,2157.394758234368,4449.466666666666,4885.5,1948.6291155284152,20260.0,1,1,0,0,0,1,1,0,0,5758
201,0,2013-08-17,-0.7818314824680299,0.6234898018587334,-0.8660254037844384,-0.5000000000000004,-0.7176769136759615,-0.6963762255968726,5758.0,4677.0,5479.0,4700.857142857143,5176.0,2160.9613931898753,4412.466666666666,4885.5,1926.7615627109199,20260.0,0,1,0,0,0,1,1,0,0,4983
201,0,2013-08-18,-2.4492935982947064e-16,1.0,-0.8660254037844384,-0.5000000000000004,-0.7295575540864876,-0.6839194216246105,4983.0,0.0,0.0,4700.857142857143,5176.0,2160.9613931898753,4214.433333333333,4809.0,2064.618403137662,20260.0,0,1,0,0,0,1,1,0,0,0
201,0,2013-08-19,0.7818314824680298,0.6234898018587336,-0.8660254037844384,-0.5000000000000004,-0.7412220108485957,-0.6712599575675315,0.0,6699.0,4327.0,4299.714285714285,4983.0,1981.388798653248,4157.4,4717.0,2048.5361400867146,20260.0,0,1,0,0,0,1,1,0,0,3891
201,0,2013-08-20,0.9749279121818236,-0.22252093395631434,-0.8660254037844384,-0.5000000000000004,-0.7526668275320083,-0.6584015846980489,3891.0,5176.0,4026.0,4097.714285714285,4910.0,1948.9758604872195,4282.8,4717.0,1894.6305326296235,20260.0,0,1,0,0,0,1,1,0,0,3762
201,0,2013-08-21,0.43388373911755823,-0.900968867902419,-0.8660254037844384,-0.5000000000000004,-0.7638886127905429,-0.64534811322955,3762.0,4910.0,4396.0,3881.4285714285716,3891.0,1927.7006905588191,4254.233333333334,4717.0,1901.5435233684148,20260.0,0,1,0,0,0,1,1,0,0,3396
201,0,2013-08-22,-0.433883739117558,-0.9009688679024191,-0.8660254037844384,-0.5000000000000004,-0.7748840413670406,-0.6321034111873488,3396.0,5380.0,4757.0,3590.1428571428573,3762.0,1814.2305465928182,4235.7,4717.0,1907.8444263546257,20260.0,0,1,0,0,0,1,1,0,0,3341
201,0,2013-08-23,-0.9749279121818236,-0.2225209339563146,-0.8660254037844384,-0.5000000000000004,-0.7856498550787144,-0.6186714032625032,3341.0,5758.0,4861.0,3498.5714285714284,3762.0,1699.097099162068,4293.833333333333,4809.0,1907.2212515329331,20260.0,0,1,0,0,0,1,1,0,0,5117
201,0,2013-08-24,-0.7818314824680299,0.6234898018587334,-0.8660254037844384,-0.5000000000000004,-0.7961828637826154,-0.6050560696488494,5117.0,4983.0,4677.0,3411.1428571428573,3762.0,1624.0732155675164,4298.0,4809.0,1907.2496898178651,20260.0,0,1,0,0,0,1,1,0,0,4371
201,0,2013-08-25,-2.4492935982947064e-16,1.0,-0.8660254037844384,-0.5000000000000004,-0.8064799463209447,-0.5912614448635782,4371.0,0.0,0.0,3411.1428571428573,3762.0,1624.0732155675164,4127.166666666667,4717.0,2054.4635524890055,20260.0,0,1,0,0,0,1,1,0,0,0
201,0,2013-08-26,0.7818314824680298,0.6234898018587336,-0.8660254037844384,-0.5000000000000004,-0.8165380514459157,-0.5772916165517278,0.0,3891.0,6699.0,3851.5714285714284,3762.0,2118.628869272361,4209.033333333334,4809.0,2118.5098777911912,20260.0,1,1,0,0,0,1,1,0,0,6974
201,0,2013-08-27,0.9749279121818236,-0.22252093395631434,-0.8660254037844384,-0.5000000000000004,-0.8263541987239095,-0.5631507242749187,6974.0,3762.0,5176.0,4003.0,4371.0,2148.8261912030007,4369.766666666666,4841.5,1965.5581761113451,20260.0,1,1,0,0,0,1,1,0,0,4822
201,0,2013-08-28,0.43388373911755823,-0.900968867902419,-0.8660254037844384,-0.5000000000000004,-0.8359254794186365,-0.5488429582847199,4822.0,3396.0,4910.0,4165.285714285715,4532.0,2138.2141858948316,4300.733333333334,4789.5,1920.2655156448313,20260.0,1,1,0,0,0,1,1,0,0,4532
201,0,2013-08-29,-0.433883739117558,-0.9009688679024191,-0.8660254037844384,-0.5000000000000004,-0.8452490573530634,-0.5343725582809785,4532.0,3341.0,5380.0,4551.0,4822.0,2207.1545784863642,4304.6,4789.5,1923.7625418022299,20260.0,1,1,0,0,0,1,1,0,0,6041
201,0,2013-08-30,-0.9749279121818236,-0.2225209339563146,-0.8660254037844384,-0.5000000000000004,-0.8543221697498269,-0.5197438121555157,6041.0,5117.0,5758.0,4742.0,4822.0,2319.29852900972,4312.966666666666,4789.5,1932.8280599151594,20260.0,1,1,0,0,0,1,1,0,0,6454
201,0,2013-08-31,-0.7818314824680299,0.6234898018587334,-0.8660254037844384,-0.5000000000000004,-0.8631421280499115,-0.5049610547215202,6454.0,4371.0,4983.0,4858.428571428572,5186.0,2318.0264491691205,4302.966666666666,4789.5,1927.3179950446647,20260.0,0,1,0,0,0,1,1,0,0,5186
201,0,2013-09-01,-2.4492935982947064e-16,1.0,-1.0,-1.8369701987210297e-16,-0.8717063187093218,-0.4900286664290594,5186.0,0.0,0.0,4858.428571428572,5186.0,2318.0264491691205,4110.533333333334,4717.0,2059.173683172758,20260.0,0,1,0,0,0,1,1,0,0,0
201,0,2013-09-02,0.7818314824680298,0.6234898018587336,-1.0,-1.8369701987210297e-16,-0.8800122039735356,-0.4749510720670502,0.0,6974.0,3891.0,4495.571428571428,4822.0,2122.196963615993,4075.7,4604.5,2044.00907869635,20260.0,0,1,0,0,0,1,1,0,0,4434
201,0,2013-09-03,0.9749279121818236,-0.22252093395631434,-1.0,-1.8369701987210297e-16,-0.888057322629493,-0.4597327394521046,4434.0,4822.0,3762.0,4318.714285714285,4532.0,2141.953058487019,4195.166666666667,4604.5,1897.0348020608062,20260.0,0,1,0,0,0,1,1,0,0,3584
201,0,2013-09-04,0.43388373911755823,-0.900968867902419,-1.0,-1.8369701987210297e-16,-0.8958392907349089,-0.44437817810461344,3584.0,4532.0,3396.0,4223.714285714285,4434.0,2145.660637526019,4179.833333333333,4604.5,1897.791367540869,20260.0,0,1,0,0,0,1,1,0,0,3867
201,0,2013-09-05,-0.433883739117558,-0.9009688679024191,-1.0,-1.8369701987210297e-16,-0.9033558023246842,-0.4288919379124841,3867.0,6041.0,3341.0,4011.5714285714284,4434.0,2004.8279940469406,4197.5,4616.5,1898.7765888810502,20260.0,0,1,0,0,0,1,1,0,0,4556
201,0,2013-09-06,-0.9749279121818236,-0.2225209339563146,-1.0,-1.8369701987210297e-16,-0.9106046300942162,-0.41327860778290443,4556.0,6454.0,5117.0,3689.285714285714,4198.0,1705.7859101975748,4190.9,4616.5,1898.4069065294243,20260.0,0,1,0,0,0,1,1,0,0,4198
201,0,2013-09-07,-0.7818314824680299,0.6234898018587334,-1.0,-1.8369701987210297e-16,-0.9175836260593934,-0.3975428142825566,4198.0,5186.0,4371.0,3696.5714285714284,4198.0,1713.3363025729313,4206.9,4616.5,1905.352630047148,20260.0,0,1,0,0,0,1,1,0,0,5237
201,0,2013-09-08,-2.4492935982947064e-16,1.0,-1.0,-1.8369701987210297e-16,-0.9242907221930934,-0.3816892202666586,5237.0,0.0,0.0,3696.5714285714284,4198.0,1713.3363025729313,4044.866666666667,4544.0,2049.080596744311,20260.0,0,1,0,0,0,1,1,0,0,0
201,0,2013-09-09,0.7818314824680298,0.6234898018587336,-1.0,-1.8369701987210297e-16,-0.9307239310379793,-0.3657225234972692,0.0,4434.0,6974.0,4051.5714285714284,4198.0,2104.4079814477386,4119.6,4544.0,2112.8237780850013,20260.0,1,1,0,0,0,1,1,0,0,6919
201,0,2013-09-10,0.9749279121818236,-0.22252093395631434,-1.0,-1.8369701987210297e-16,-0.9368813462954315,-0.34964745525122826,6919.0,3584.0,4822.0,4226.714285714285,4556.0,2110.018302786786,4279.933333333333,4683.0,1966.8901575721052,20260.0,1,1,0,0,0,1,1,0,0,4810
201,0,2013-09-11,0.43388373911755823,-0.900968867902419,-1.0,-1.8369701987210297e-16,-0.9427611433904206,-0.33346877891818705,4810.0,3867.0,4532.0,4435.285714285715,4810.0,2140.474379998172,4234.2,4683.0,1924.1905490271788,20260.0,1,1,0,0,0,1,1,0,0,5327
201,0,2013-09-12,-0.433883739117558,-0.9009688679024191,-1.0,-1.8369701987210297e-16,-0.9483615800121716,-0.31719128858910595,5327.0,4556.0,6041.0,4673.142857142857,5237.0,2246.031865948729,4269.033333333334,4683.0,1951.0983199272628,20260.0,1,1,0,0,0,1,1,0,0,6221
201,0,2013-09-13,-0.9749279121818236,-0.2225209339563146,-1.0,-1.8369701987210297e-16,-0.9536809966304455,-0.300819807635668,6221.0,4198.0,6454.0,4878.714285714285,5327.0,2261.0984582930528,4293.266666666666,4683.0,1963.8072792117498,20260.0,1,1,0,0,0,1,1,0,0,5637
201,0,2013-09-14,-0.7818314824680299,0.6234898018587334,-1.0,-1.8369701987210297e-16,-0.9587178169872964,-0.2843591872810036,5637.0,5237.0,5186.0,4792.714285714285,5327.0,2256.6440211285476,4268.433333333333,4595.5,1954.278448436401,20260.0,0,1,0,0,0,1,1,0,0,4635
201,0,2013-09-15,-2.4492935982947064e-16,1.0,-1.0,-1.8369701987210297e-16,-0.9634705485641486,-0.26781430516217486,4635.0,0.0,0.0,4792.714285714285,5327.0,2256.6440211285476,4076.5,4544.0,2081.5485407710785,20260.0,0,1,0,0,0,1,1,0,0,0
201,0,2013-09-16,0.7818314824680298,0.6234898018587336,-1.0,-1.8369701987210297e-16,-0.9679377830240642,-0.25119006388481957,0.0,6919.0,4434.0,4300.571428571428,4810.0,2084.751692419893,4026.2,4483.0,2077.1154301927536,20260.0,0,1,0,0,0,1,1,0,0,3474
201,0,2013-09-17,0.9749279121818236,-0.22252093395631434,-1.0,-1.8369701987210297e-16,-0.9721181966290612,-0.23449138957041052,3474.0,4810.0,3584.0,4015.1428571428573,4635.0,2139.43835531442,4119.933333333333,4483.0,1948.6358081087594,20260.0,0,1,0,0,0,1,1,0,0,2812
201,0,2013-09-18,0.43388373911755823,-0.900968867902419,-1.0,-1.8369701987210297e-16,-0.9760105506323682,-0.21772323039653224,2812.0,5327.0,3867.0,3695.4285714285716,3474.0,2077.034332659818,4093.2,4483.0,1957.366605310872,20260.0,0,1,0,0,0,1,1,0,0,3089
201,0,2013-09-19,-0.433883739117558,-0.9009688679024191,-1.0,-1.8369701987210297e-16,-0.9796136916454901,-0.20089055513063528,3089.0,6221.0,4556.0,3373.0,3474.0,1772.4901504192726,4099.933333333333,4483.0,1956.5352545504643,20260.0,0,1,0,0,0,1,1,0,0,3964
201,0,2013-09-20,-0.9749279121818236,-0.2225209339563146,-1.0,-1.8369701987210297e-16,-0.9829265519799822,-0.18399835165767986,3964.0,5637.0,4198.0,3139.714285714286,3474.0,1513.3757755743427,4120.2,4483.0,1952.1361844806372,20260.0,0,1,0,0,0,1,1,0,0,4004
201,0,2013-09-21,-0.7818314824680299,0.6234898018587334,-1.0,-1.8369701987210297e-16,-0.9859481499638303,-0.1670516255021195,4004.0,4635.0,5237.0,3132.8571428571427,3474.0,1505.5599654360549,4161.733333333334,4544.0,1948.2373454030153,20260.0,0,1,0,0,0,1,1,0,0,4587
201,0,2013-09-22,-2.4492935982947064e-16,1.0,-1.0,-1.8369701987210297e-16,-0.9886775902323404,-0.15005539834465262,4587.0,0.0,0.0,3132.8571428571427,3474.0,1505.5599654360549,3991.1666666666665,4483.0,2081.179491229107,20260.0,0,1,0,0,0,1,1,0,0,0
201,0,2013-09-23,0.7818314824680298,0.6234898018587336,-1.0,-1.8369701987210297e-16,-0.9911140639934546,-0.13301470653419636,0.0,3474.0,6919.0,3366.714285714286,3964.0,1683.9492979585937,4015.8333333333335,4544.0,2090.2023839205444,20260.0,1,1,0,0,0,1,1,0,0,5111
201,0,2013-09-24,0.9749279121818236,-0.22252093395631434,-1.0,-1.8369701987210297e-16,-0.9932568492674143,-0.11593459959550066,5111.0,2812.0,4810.0,3588.5714285714284,4004.0,1700.903373420808,4161.333333333333,4544.0,1948.1142665157756,20260.0,1,1,0,0,0,1,1,0,0,4365
201,0,2013-09-25,0.43388373911755823,-0.900968867902419,-1.0,-1.8369701987210297e-16,-0.9951053111006974,-0.09882013873287211,4365.0,3089.0,5327.0,3763.285714285714,4312.0,1703.8454267025618,4072.6,4483.0,1874.8307988023694,20260.0,1,1,0,0,0,1,1,0,0,4312
201,0,2013-09-26,-0.433883739117558,-0.9009688679024191,-1.0,-1.8369701987210297e-16,-0.99665890175417,-0.08167639533042288,4312.0,3964.0,6221.0,3979.8571428571427,4365.0,1825.606513698156,4094.5333333333333,4483.0,1887.704932621536,20260.0,1,1,0,0,0,1,1,0,0,5480
201,0,2013-09-27,-0.9749279121818236,-0.2225209339563146,-1.0,-1.8369701987210297e-16,-0.9979171608653922,-0.06450844944931625,5480.0,4004.0,5637.0,4158.571428571428,4587.0,1888.5121883944187,4118.633333333333,4495.0,1898.0693363908301,20260.0,1,1,0,0,0,1,1,0,0,5255
201,0,2013-09-28,-0.7818314824680299,0.6234898018587334,-1.0,-1.8369701987210297e-16,-0.9988797155850335,-0.04732138832243232,5255.0,4587.0,4635.0,4136.857142857143,4435.0,1883.6326100181534,4065.1,4434.5,1864.3291175703635,20260.0,0,1,0,0,0,1,1,0,0,4435
201,0,2013-09-29,-2.4492935982947064e-16,1.0,-1.0,-1.8369701987210297e-16,-0.9995462806873573,-0.03012030484690836,4435.0,0.0,0.0,4136.857142857143,4435.0,1883.6326100181534,3849.9666666666667,4399.5,1949.5861007833987,20260.0,0,1,0,0,0,1,1,0,0,0
201,0,2013-09-30,0.7818314824680298,0.6234898018587336,-1.0,-1.8369701987210297e-16,-0.9999166586547379,-0.012910296075008843,0.0,5111.0,3474.0,3957.1428571428573,4365.0,1834.5740130950844,3805.5333333333333,4338.5,1933.207870681363,20260.0,0,1,0,0,0,1,1,0,0,3853
201,0,2013-10-01,0.9749279121818236,-0.22252093395631434,-0.8660254037844386,0.5000000000000001,-0.9999907397361901,0.004303538296243821,3853.0,4365.0,2812.0,3922.285714285714,4312.0,1827.8387706328383,3942.9,4338.5,1794.9434214500736,20260.0,0,1,0,0,0,1,1,0,0,4121
201,0,2013-10-02,0.43388373911755823,-0.900968867902419,-0.8660254037844386,0.5000000000000001,-0.9997685019798909,0.021516097436222233,4121.0,4312.0,3089.0,3979.8571428571427,4435.0,1848.3905096571098,3952.266666666667,4338.5,1798.3245254543394,20260.0,0,1,0,0,0,1,1,0,0,4715
201,0,2013-10-03,-0.433883739117558,-0.9009688679024191,-0.8660254037844386,0.5000000000000001,-0.9992500112396835,0.03872228089217399,4715.0,5480.0,3964.0,3197.0,4121.0,2228.529485258535,3832.8,4338.5,1937.3086984534627,20260.0,0,1,0,0,0,1,1,0,0,0
201,0,2013-10-04,-0.9749279121818236,-0.2225209339563146,-0.8660254037844386,0.5000000000000001,-0.9984354211555643,0.05591699010060302,0.0,5255.0,4004.0,3432.1428571428573,4121.0,2546.0842110039903,3933.9333333333334,4400.0,2016.7200057541938,20260.0,0,1,0,0,0,1,1,0,0,6901
201,0,2013-10-05,-0.7818314824680299,0.6234898018587334,-0.8660254037844386,0.5000000000000001,-0.9973249731081555,0.07309512989807776,6901.0,4435.0,4587.0,3505.8571428571427,4121.0,2587.0973714809825,3947.1,4400.0,2022.2033451078844,20260.0,0,1,0,0,0,1,1,0,0,4951
201,0,2013-10-06,-2.4492935982947064e-16,1.0,-0.8660254037844386,0.5000000000000001,-0.9959189961471792,0.0902516100310407,4951.0,0.0,0.0,3505.8571428571427,4121.0,2587.0973714809825,3807.1666666666665,4400.0,2145.718207602476,20260.0,0,1,0,0,0,1,1,0,0,0
201,0,2013-10-07,0.7818314824680298,0.6234898018587336,-0.8660254037844386,0.5000000000000001,-0.994217906893952,0.10738134666416306,0.0,3853.0,5111.0,3928.1428571428573,4715.0,2878.0897848267005,3859.5666666666666,4400.0,2200.339310563077,20260.0,1,1,0,0,0,1,1,0,0,6809
201,0,2013-10-08,0.9749279121818236,-0.22252093395631434,-0.8660254037844386,0.5000000000000001,-0.9922222094179324,0.12447926388678869,6809.0,4121.0,4365.0,4093.1428571428573,4951.0,2923.7349075324532,4035.4333333333334,4511.0,2089.2619994387614,20260.0,1,1,0,0,0,1,1,0,0,5276
201,0,2013-10-09,0.43388373911755823,-0.900968867902419,-0.8660254037844386,0.5000000000000001,-0.989932495087353,0.141540295217043,5276.0,4715.0,4312.0,4159.285714285715,5178.0,2945.305287757999,3977.4,4511.0,2029.7351721260382,20260.0,1,1,0,0,0,1,1,0,0,5178
201,0,2013-10-10,-0.433883739117558,-0.9009688679024191,-0.8660254037844386,0.5000000000000001,-0.9873494423939864,0.15855938510313475,5178.0,0.0,5480.0,4998.428571428572,5276.0,2336.6786155526247,4012.866666666667,4511.0,2053.936955237905,20260.0,1,1,0,0,0,1,1,0,0,5874
201,0,2013-10-11,-0.9749279121818236,-0.2225209339563146,-0.8660254037844386,0.5000000000000001,-0.9844738167520923,0.17553149042142777,5874.0,6901.0,5255.0,4774.857142857143,5276.0,2194.868593528352,4013.1666666666665,4511.0,2054.1361651695515,20260.0,1,1,0,0,0,1,1,0,0,5336
201,0,2013-10-12,-0.7818314824680299,0.6234898018587334,-0.8660254037844386,0.5000000000000001,-0.9813064702716093,0.19245158197082995,5336.0,4951.0,4435.0,4766.142857142857,5276.0,2194.1736811057426,3968.8,4511.0,2018.876802786041,20260.0,0,1,0,0,0,1,1,0,0,4890
201,0,2013-10-13,-2.4492935982947064e-16,1.0,-0.8660254037844386,0.5000000000000001,-0.9778483415056568,0.20931464596304888,4890.0,0.0,0.0,4766.142857142857,5276.0,2194.1736811057426,3780.9,4400.0,2118.1427510423146,20260.0,0,1,0,0,0,1,1,0,0,0
201,0,2013-10-14,0.7818314824680298,0.6234898018587336,-0.8660254037844386,0.5000000000000001,-0.9741004551724206,0.22611568550828803,0.0,6809.0,3853.0,4351.857142857143,5178.0,2010.2399880421738,3756.7,4338.5,2112.1870206837343,20260.0,0,1,0,0,0,1,1,0,0,3909
201,0,2013-10-15,0.9749279121818236,-0.22252093395631434,-0.8660254037844386,0.5000000000000001,-0.970063921851507,0.2428497220959358,3909.0,5276.0,4121.0,4094.285714285714,4890.0,1987.4748396131286,3872.4666666666667,4338.5,1990.878505330877,20260.0,0,1,0,0,0,1,1,0,0,3473
201,0,2013-10-16,0.43388373911755823,-0.900968867902419,-0.8660254037844386,0.5000000000000001,-0.965739937654855,0.25951179706979943,3473.0,5178.0,4715.0,3887.285714285714,3909.0,1930.4313606277829,3880.9666666666667,4338.5,1989.6625859042351,20260.0,0,1,0,0,0,1,1,0,0,3729
201,0,2013-10-17,-0.433883739117558,-0.9009688679024191,-0.8660254037844386,0.5000000000000001,-0.9611297838723007,0.27609697309746883,3729.0,5874.0,0.0,3639.714285714286,3909.0,1734.3436524408603,3925.266666666667,4338.5,1979.8120066332551,20260.0,0,1,0,0,0,1,1,0,0,4141
201,0,2013-10-18,-0.9749279121818236,-0.2225209339563146,-0.8660254037844386,0.5000000000000001,-0.9562348265919058,0.2926003356333479,4141.0,5336.0,6901.0,3530.1428571428573,3909.0,1630.4310706652018,3974.6,4400.0,1976.6921969237676,20260.0,0,1,0,0,0,1,1,0,0,4569
201,0,2013-10-19,-0.7818314824680299,0.6234898018587334,-0.8660254037844386,0.5000000000000001,-0.9510565162951536,0.30901699437494723,4569.0,4890.0,4951.0,3502.5714285714284,3909.0,1605.0366410296122,3999.0333333333333,4502.0,1981.0819837747204,20260.0,0,1,0,0,0,1,1,0,0,4697
201,0,2013-10-20,-2.4492935982947064e-16,1.0,-0.8660254037844386,0.5000000000000001,-0.9455963874271428,0.3253420847119795,4697.0,0.0,0.0,3502.5714285714284,3909.0,1605.0366410296122,3865.5666666666666,4502.0,2111.3301197853084,20260.0,0,1,0,0,0,1,1,0,0,0
201,0,2013-10-21,0.7818314824680298,0.6234898018587336,-0.8660254037844386,0.5000000000000001,-0.9398560579418953,0.341570769167856,0.0,3909.0,6809.0,3771.0,4141.0,1826.220048807554,3905.6,4502.0,2136.7146486265246,20260.0,1,1,0,0,0,1,1,0,0,5788
201,0,2013-10-22,0.9749279121818236,-0.22252093395631434,-0.8660254037844386,0.5000000000000001,-0.9338372288229252,0.35769823883312546,5788.0,3473.0,5276.0,3909.4285714285716,4442.0,1836.5628092665243,4053.6666666666665,4505.5,2006.6891299769916,20260.0,1,1,0,0,0,1,1,0,0,4442
201,0,2013-10-23,0.43388373911755823,-0.900968867902419,-0.8660254037844386,0.5000000000000001,-0.9275416835791965,0.3737197147904692,4442.0,3729.0,5178.0,3964.285714285714,4442.0,1836.010141065466,4020.4,4438.5,1996.8043711269574,20260.0,1,1,0,0,0,1,1,0,0,4113
201,0,2013-10-24,-0.433883739117558,-0.9009688679024191,-0.8660254037844386,0.5000000000000001,-0.9209712877166346,0.38963044953078774,4113.0,4141.0,5874.0,4100.571428571428,4569.0,1886.039488552916,4044.733333333333,4505.5,2005.5771881110095,20260.0,1,1,0,0,0,1,1,0,0,5095
201,0,2013-10-25,-0.9749279121818236,-0.2225209339563146,-0.8660254037844386,0.5000000000000001,-0.9141279881853337,0.4054257283599973,5095.0,4569.0,5336.0,4251.857142857143,4697.0,1970.4597964748737,4088.6,4633.0,2025.9134100024082,20260.0,1,1,0,0,0,1,1,0,0,5628
201,0,2013-10-26,-0.7818314824680299,0.6234898018587334,-0.8660254037844386,0.5000000000000001,-0.9070138128026362,0.42110087079608916,5628.0,4697.0,4890.0,4231.571428571428,4555.0,1965.8388249585157,4057.766666666667,4562.0,2010.9908637343403,20260.0,0,1,0,0,0,1,1,0,0,4555
201,0,2013-10-27,-2.4492935982947064e-16,1.0,-0.8660254037844386,0.5000000000000001,-0.8996308696522434,0.4366512319560638,4555.0,0.0,0.0,4231.571428571428,4555.0,1965.8388249585157,3882.6,4498.5,2128.542039470469,20260.0,0,1,0,0,0,1,1,0,0,0
201,0,2013-10-28,0.7818314824680298,0.6234898018587336,-0.8660254037844386,0.5000000000000001,-0.8919813464595487,0.45207220393230374,0.0,5788.0,3909.0,3923.0,4442.0,1846.7290001513472,3855.7,4498.5,2126.418490455659,20260.0,0,1,0,0,0,1,1,0,0,3628
201,0,2013-10-29,0.9749279121818236,-0.22252093395631434,-0.8660254037844386,0.5000000000000001,-0.8840675099433637,0.46735921715800205,3628.0,4442.0,3473.0,3788.714285714286,4113.0,1836.849632231383,3972.4333333333334,4498.5,1999.8094164941942,20260.0,0,1,0,0,0,1,1,0,0,3502
201,0,2013-10-30,0.43388373911755823,-0.900968867902419,-0.8660254037844386,0.5000000000000001,-0.8758917051442433,0.48250774176121763,3502.0,4113.0,3729.0,3836.0,4444.0,1850.7964952059592,3992.133333333333,4499.5,2001.5025516765686,20260.0,0,1,0,0,0,1,1,0,0,4444
201,0,2013-10-31,-0.433883739117558,-0.9009688679024191,-0.8660254037844386,0.5000000000000001,-0.867456354729597,0.4975132889071803,4444.0,5095.0,4141.0,3926.0,4444.0,1935.5974960375056,4045.6,4562.0,2026.3337131976507,20260.0,0,1,0,0,0,1,1,0,0,5725
201,0,2013-11-01,-0.9749279121818236,-0.2225209339563146,-0.5000000000000004,0.8660254037844384,-0.858763958275803,0.5123714121284235,5725.0,5628.0,4569.0,3122.0,3628.0,2253.5522329572636,3888.4333333333334,4499.5,2151.603759241373,20260.0,0,1,0,0,0,1,1,0,0,0
201,0,2013-11-02,-0.7818314824680299,0.6234898018587334,-0.5000000000000004,0.8660254037844384,-0.8498170915275277,0.5270777086423724,0.0,4555.0,4697.0,3478.285714285714,3628.0,2675.5139515169612,4123.4,4562.0,2096.512302487815,20260.0,0,1,0,0,0,1,1,0,0,7049
201,0,2013-11-03,-2.4492935982947064e-16,1.0,-0.5000000000000004,0.8660254037844384,-0.8406184056344783,0.5416278206559811,7049.0,0.0,0.0,3478.285714285714,3628.0,2675.5139515169612,3893.366666666667,4499.5,2158.906627540149,20260.0,0,1,0,0,0,1,1,0,0,0
201,0,2013-11-04,0.7818314824680298,0.6234898018587336,-0.5000000000000004,0.8660254037844384,-0.8311706263658079,0.5560174366570446,0.0,3628.0,5788.0,3852.8571428571427,4444.0,2875.995736469453,3936.6666666666665,4499.5,2193.598387366628,20260.0,1,1,0,0,0,1,1,0,0,6250
201,0,2013-11-05,0.9749279121818236,-0.22252093395631434,-0.5000000000000004,0.8660254037844384,-0.8214765533024145,0.5702422926917867,6250.0,3502.0,4442.0,3956.8571428571427,4444.0,2874.355952706125,4077.6666666666665,4499.5,2063.9484478548147,20260.0,1,1,0,0,0,1,1,0,0,4230
201,0,2013-11-06,0.43388373911755823,-0.900968867902419,-0.5000000000000004,0.8660254037844384,-0.8115390590073611,0.5842981736283683,4230.0,4444.0,4113.0,4149.857142857143,5725.0,2956.6944058397044,4043.866666666667,4499.5,2025.6237137941134,20260.0,1,1,0,0,0,1,1,0,0,5795
201,0,2013-11-07,-0.433883739117558,-0.9009688679024191,-0.5000000000000004,0.8660254037844384,-0.8013610881746769,0.5981809144059159,5795.0,5725.0,5095.0,4195.0,5795.0,2987.008871764527,4069.366666666667,4499.5,2046.3784071030145,20260.0,1,1,0,0,0,1,1,0,0,6041
201,0,2013-11-08,-0.9749279121818236,-0.2225209339563146,-0.5000000000000004,0.8660254037844384,-0.7909456567567774,0.6118864012687242,6041.0,0.0,5628.0,5011.428571428572,5795.0,2365.7210921227106,4087.266666666667,4499.5,2058.721580769589,20260.0,1,1,0,0,0,1,1,0,0,5715
201,0,2013-11-09,-0.7818314824680299,0.6234898018587334,-0.5000000000000004,0.8660254037844384,-0.780295851070776,0.6254105729852457,5715.0,7049.0,4555.0,4663.0,5715.0,2188.5858447865344,4045.133333333333,4499.5,2033.675791021889,20260.0,0,1,0,0,0,1,1,0,0,4610
201,0,2013-11-10,-2.4492935982947064e-16,1.0,-0.5000000000000004,0.8660254037844384,-0.7694148268839381,0.6387494220515268,4610.0,0.0,0.0,4663.0,5715.0,2188.5858447865344,3867.266666666667,4443.0,2147.0665623097266,20260.0,0,1,0,0,0,1,1,0,0,0
201,0,2013-11-11,0.7818314824680298,0.6234898018587336,-0.5000000000000004,0.8660254037844384,-0.7583058084785625,0.6518989958787125,0.0,6250.0,3628.0,4217.142857142857,4610.0,2128.4781283483126,3808.5666666666666,4336.0,2142.2082818877598,20260.0,0,1,0,0,0,1,1,0,0,3129
201,0,2013-11-12,0.9749279121818236,-0.22252093395631434,-0.5000000000000004,0.8660254037844384,-0.7469720876965551,0.6648553979642867,3129.0,4230.0,3502.0,4125.285714285715,4610.0,2141.664672965533,3928.133333333333,4336.0,2018.8564488144125,20260.0,0,1,0,0,0,1,1,0,0,3587
201,0,2013-11-13,0.43388373911755823,-0.900968867902419,-0.5000000000000004,0.8660254037844384,-0.7354170229639858,0.6776147890466887,3587.0,5795.0,4444.0,3724.714285714286,3587.0,2036.9839399044286,3897.5333333333333,4336.0,2026.100564841384,20260.0,0,1,0,0,0,1,1,0,0,2991
201,0,2013-11-14,-0.433883739117558,-0.9009688679024191,-0.5000000000000004,0.8660254037844384,-0.7236440382959123,0.690173388242972,2991.0,6041.0,5725.0,3503.714285714286,3587.0,1815.6980029991876,3931.5666666666666,4443.0,2027.2983327288212,20260.0,0,1,0,0,0,1,1,0,0,4494
201,0,2013-11-15,-0.9749279121818236,-0.2225209339563146,-0.5000000000000004,0.8660254037844384,-0.7116566222817751,0.7025274741691566,4494.0,5715.0,0.0,3350.1428571428573,3587.0,1633.8516281649152,3961.9333333333334,4469.0,2030.9790221727421,20260.0,0,1,0,0,0,1,1,0,0,4640
201,0,2013-11-16,-0.7818314824680299,0.6234898018587334,-0.5000000000000004,0.8660254037844384,-0.6994583270516471,0.7146733860429608,4640.0,4610.0,7049.0,3441.5714285714284,3587.0,1731.113789553117,3998.9,4524.5,2044.399015476861,20260.0,0,1,0,0,0,1,1,0,0,5250
201,0,2013-11-17,-2.4492935982947064e-16,1.0,-0.5000000000000004,0.8660254037844384,-0.6870527672236675,0.726607524768565,5250.0,0.0,0.0,3441.5714285714284,3587.0,1731.113789553117,3846.6,4469.0,2166.9761324529372,20260.0,0,1,0,0,0,1,1,0,0,0
201,0,2013-11-18,0.7818314824680298,0.6234898018587336,-0.5000000000000004,0.8660254037844384,-0.6744436188329457,0.7383263540031063,0.0,3129.0,6250.0,3867.5714285714284,4494.0,1989.0678601749482,3893.733333333333,4469.0,2201.2180160136318,20260.0,1,1,0,0,0,1,1,0,0,6111
201,0,2013-11-19,0.9749279121818236,-0.22252093395631434,-0.5000000000000004,0.8660254037844384,-0.661634618242279,0.749826401204568,6111.0,3587.0,4230.0,4038.0,4640.0,2011.998591782143,4053.0666666666666,4524.5,2079.275054922505,20260.0,1,1,0,0,0,1,1,0,0,4780
201,0,2013-11-20,0.43388373911755823,-0.900968867902419,-0.5000000000000004,0.8660254037844384,-0.6486295610349818,0.7611042586607742,4780.0,2991.0,5795.0,4296.142857142857,4780.0,1970.7763638197173,4020.0666666666666,4524.5,2058.5433405827216,20260.0,1,1,0,0,0,1,1,0,0,4798
201,0,2013-11-21,-0.433883739117558,-0.9009688679024191,-0.5000000000000004,0.8660254037844384,-0.6354323008901775,0.7721565844991641,4798.0,4494.0,6041.0,4389.142857142857,4798.0,1996.8568992770777,4043.5,4582.5,2067.493847716318,20260.0,1,1,0,0,0,1,1,0,0,5145
201,0,2013-11-22,-0.9749279121818236,-0.2225209339563146,-0.5000000000000004,0.8660254037844384,-0.622046748440868,0.7829801036770625,5145.0,4640.0,5715.0,4535.285714285715,5145.0,2054.8683424399464,4095.1666666666665,4625.0,2088.5505629557993,20260.0,1,1,0,0,0,1,1,0,0,5663
201,0,2013-11-23,-0.7818314824680299,0.6234898018587334,-0.5000000000000004,0.8660254037844384,-0.6084768701151264,0.7935716089521472,5663.0,5250.0,4610.0,4517.285714285715,5124.0,2048.1049545279393,4096.133333333333,4625.0,2089.035938901719,20260.0,0,1,0,0,0,1,1,0,0,5124
201,0,2013-11-24,-2.4492935982947064e-16,1.0,-0.5000000000000004,0.8660254037844384,-0.594726686960764,0.8039279618328208,5124.0,0.0,0.0,4517.285714285715,5124.0,2048.1049545279393,3908.5333333333333,4582.5,2196.6584612547986,20260.0,0,1,0,0,0,1,1,0,0,0
201,0,2013-11-25,0.7818314824680298,0.6234898018587336,-0.5000000000000004,0.8660254037844384,-0.5808002734538014,0.8140460935082175,0.0,6111.0,3129.0,4172.285714285715,4798.0,1935.1922139058684,3879.9,4552.0,2193.537520017412,20260.0,0,1,0,0,0,1,1,0,0,3696
201,0,2013-11-26,0.9749279121818236,-0.22252093395631434,-0.5000000000000004,0.8660254037844384,-0.5667017562911184,0.8239230057575536,3696.0,4780.0,3587.0,3971.714285714286,4798.0,1934.4665685304303,3992.4333333333334,4552.0,2070.790098810918,20260.0,0,1,0,0,0,1,1,0,0,3376
201,0,2013-11-27,0.43388373911755823,-0.900968867902419,-0.5000000000000004,0.8660254037844384,-0.5524353131676203,0.8335557718385695,3376.0,4798.0,2991.0,3795.8571428571427,3696.0,1902.5216099141871,3990.4,4552.0,2071.190189239028,20260.0,0,1,0,0,0,1,1,0,0,3567
201,0,2013-11-28,-0.433883739117558,-0.9009688679024191,-0.5000000000000004,0.8660254037844384,-0.5380051715382992,0.8429415373547832,3567.0,5145.0,4494.0,3807.5714285714284,3696.0,1912.4397033756682,4047.9,4625.0,2081.084703076573,20260.0,0,1,0,0,0,1,1,0,0,5227
201,0,2013-11-29,-0.9749279121818236,-0.2225209339563146,-0.5000000000000004,0.8660254037844384,-0.5234156073655503,0.8520775211013093,5227.0,5663.0,4640.0,3833.285714285714,3696.0,1942.518958662154,4094.5333333333333,4710.0,2105.7944808082048,20260.0,0,1,0,0,0,1,1,0,0,5843
201,0,2013-11-30,-0.7818314824680299,0.6234898018587334,-0.5000000000000004,0.8660254037844384,-0.5086709438521042,0.8609610158889945,5843.0,5124.0,5250.0,3995.8571428571427,3696.0,2109.027534874103,4112.433333333333,4710.0,2122.349213738745,20260.0,0,1,0,0,0,1,1,0,0,6262
201,0,2013-12-01,-2.4492935982947064e-16,1.0,-2.4492935982947064e-16,1.0,-0.4937755501599774,0.8695893893466109,6262.0,0.0,0.0,3995.8571428571427,3696.0,2109.027534874103,4112.433333333333,4710.0,2122.349213738745,20260.0,0,1,0,0,0,1,1,0,0,0
201,0,2013-12-02,0.7818314824680298,0.6234898018587336,-2.4492935982947064e-16,1.0,-0.4787338401157883,0.8779600847008883,0.0,3696.0,6111.0,4478.857142857143,5227.0,2396.472645964717,4113.366666666667,4710.0,2123.6908743706217,20260.0,1,1,0,0,0,1,1,0,0,7077
201,0,2013-12-03,0.9749279121818236,-0.22252093395631434,-2.4492935982947064e-16,1.0,-0.4635502709028512,0.8860706215341377,7077.0,3376.0,4780.0,4873.285714285715,5843.0,2411.866961110256,4317.933333333333,4789.0,2006.1260133922774,20260.0,1,1,0,0,0,1,1,0,0,6137
201,0,2013-12-04,0.43388373911755823,-0.900968867902419,-2.4492935982947064e-16,1.0,-0.4482293417404106,0.893918596519257,6137.0,3567.0,4798.0,5334.0,6137.0,2428.713376803991,4336.0,4789.0,2026.4631835991383,20260.0,1,1,0,0,0,1,1,0,0,6792
201,0,2013-12-05,-0.433883739117558,-0.9009688679024191,-2.4492935982947064e-16,1.0,-0.4327755925504317,0.9015016841318838,6792.0,5227.0,5145.0,5602.714285714285,6262.0,2517.3420979468033,4431.933333333333,4961.0,2088.4467901774024,20260.0,1,1,0,0,0,1,1,0,0,7108
201,0,2013-12-06,-0.9749279121818236,-0.2225209339563146,-2.4492935982947064e-16,1.0,-0.41719360261231697,0.9088176373395028,7108.0,5843.0,5663.0,5587.142857142857,6262.0,2515.9447813608945,4429.9,4961.0,2087.10319540646,20260.0,1,1,0,0,0,1,1,0,0,5734
201,0,2013-12-07,-0.7818314824680299,0.6234898018587334,-2.4492935982947064e-16,1.0,-0.4014879892059737,0.9158642882672868,5734.0,6262.0,5124.0,5411.285714285715,6137.0,2503.9053306309092,4396.233333333334,4914.5,2068.279873066827,20260.0,0,1,0,0,0,1,1,0,0,5031
201,0,2013-12-08,-2.4492935982947064e-16,1.0,-2.4492935982947064e-16,1.0,-0.38566340624360745,0.9226395488404875,5031.0,0.0,0.0,5411.285714285715,6137.0,2503.9053306309092,4205.733333333334,4789.0,2201.5251912744693,20260.0,0,1,0,0,0,1,1,0,0,0
201,0,2013-12-09,0.7818314824680298,0.6234898018587336,-2.4492935982947064e-16,1.0,-0.3697245428906732,0.9291414114031743,0.0,7077.0,3696.0,4981.285714285715,5734.0,2427.462716108163,4187.633333333333,4789.0,2200.318699225391,20260.0,0,1,0,0,0,1,1,0,0,4067
201,0,2013-12-10,0.9749279121818236,-0.22252093395631434,-2.4492935982947064e-16,1.0,-0.3536761221763721,0.935367949313148,4067.0,6137.0,3376.0,4699.714285714285,5031.0,2385.0048717131003,4326.5,4789.0,2053.477668367191,20260.0,0,1,0,0,0,1,1,0,0,4166
201,0,2013-12-11,0.43388373911755823,-0.900968867902419,-2.4492935982947064e-16,1.0,-0.33752289959411347,0.941317317512847,4166.0,6792.0,3567.0,4345.857142857143,4315.0,2199.368502439688,4366.033333333334,4789.0,2041.007061829228,20260.0,0,1,0,0,0,1,1,0,0,4315
201,0,2013-12-12,-0.433883739117558,-0.9009688679024191,-2.4492935982947064e-16,1.0,-0.32126966169236515,0.946987753076075,4315.0,7108.0,5227.0,4168.142857142857,4315.0,1978.1126887828707,4441.933333333333,4914.5,2053.3385083529342,20260.0,0,1,0,0,0,1,1,0,0,5864
201,0,2013-12-13,-0.9749279121818236,-0.2225209339563146,-2.4492935982947064e-16,1.0,-0.3049212246562894,0.9523775757303973,5864.0,5734.0,5843.0,4152.285714285715,4315.0,1963.8618174645658,4529.666666666667,5077.5,2045.4201884029676,20260.0,0,1,0,0,0,1,1,0,0,5623
201,0,2013-12-14,-0.7818314824680299,0.6234898018587334,-2.4492935982947064e-16,1.0,-0.2884824328806098,0.9574851883550389,5623.0,5031.0,6262.0,4215.428571428572,4315.0,2003.528458922976,4562.3,5134.5,2052.628477225539,20260.0,0,1,0,0,0,1,1,0,0,5473
201,0,2013-12-15,-2.4492935982947064e-16,1.0,-2.4492935982947064e-16,1.0,-0.27195815753410524,0.9623090774541487,5473.0,0.0,0.0,4215.428571428572,4315.0,2003.528458922976,4407.633333333333,5134.5,2214.96568796236,20260.0,0,1,0,0,0,1,1,0,0,0
201,0,2013-12-16,0.7818314824680298,0.6234898018587336,-2.4492935982947064e-16,1.0,-0.2553532951161881,0.9668478136052773,0.0,4067.0,7077.0,4958.857142857143,5473.0,2761.4225457525436,4541.666666666667,5134.5,2382.9851075884844,20260.0,1,1,0,0,0,1,1,0,0,9271
201,0,2013-12-17,0.9749279121818236,-0.22252093395631434,-2.4492935982947064e-16,1.0,-0.23867276600594997,0.9711000518829505,9271.0,4166.0,6137.0,5371.0,5623.0,2837.608558863134,4776.7,5186.0,2264.3619813887117,20260.0,1,1,0,0,0,1,1,0,0,7051
201,0,2013-12-18,0.43388373911755823,-0.900968867902419,-2.4492935982947064e-16,1.0,-0.22192151300416674,0.9750645322571945,7051.0,4315.0,6792.0,5943.285714285715,5864.0,2989.0612079316606,4850.366666666667,5186.0,2343.822570125537,20260.0,1,1,0,0,0,1,1,0,0,8321
201,0,2013-12-19,-0.433883739117558,-0.9009688679024191,-2.4492935982947064e-16,1.0,-0.20510449986861926,0.9787400799669153,8321.0,5864.0,7108.0,6228.285714285715,7051.0,3074.1400268631023,4953.0,5350.0,2407.191366689001,20260.0,1,1,0,0,0,1,1,0,0,7859
201,0,2013-12-20,-0.9749279121818236,-0.2225209339563146,-2.4492935982947064e-16,1.0,-0.1882267098432439,0.9821256058680006,7859.0,5623.0,5734.0,6684.714285714285,7859.0,3203.7473222402964,5087.0,5548.0,2508.0426356162598,20260.0,1,1,0,0,0,1,1,0,0,8818
201,0,2013-12-21,-0.7818314824680299,0.6234898018587334,-2.4492935982947064e-16,1.0,-0.1712931441814778,0.9852201067560606,8818.0,5473.0,5031.0,7144.142857142857,8321.0,3231.4952384601215,5205.133333333333,5643.0,2592.897683172687,20260.0,0,1,0,0,0,1,1,0,0,8689
201,0,2013-12-22,-2.4492935982947064e-16,1.0,-2.4492935982947064e-16,1.0,-0.154308820664281,0.9880226656636976,8689.0,0.0,0.0,7144.142857142857,8321.0,3231.495238460121,5016.366666666667,5548.0,2759.2178987248667,20260.0,0,1,0,0,0,1,1,0,0,0
201,0,2013-12-23,0.7818314824680298,0.6234898018587336,-2.4492935982947064e-16,1.0,-0.13727877211326517,0.9905324521322227,0.0,9271.0,4067.0,7650.428571428572,8321.0,3840.4902402836856,5272.733333333334,5678.5,3105.171436583607,20260.0,0,1,0,0,0,1,1,0,0,12815
201,0,2013-12-24,0.9749279121818236,-0.22252093395631434,-2.4492935982947064e-16,1.0,-0.12020804489935275,0.9927487224577402,12815.0,7051.0,4166.0,7308.0,8321.0,4006.1340466839047,5427.866666666667,5678.5,2944.777513208568,20260.0,0,1,0,0,0,1,1,0,0,4654
201,0,2013-12-25,0.43388373911755823,-0.900968867902419,-2.4492935982947064e-16,1.0,-0.10310169744743544,0.9946708199115211,4654.0,8321.0,4315.0,6119.285714285715,7859.0,4809.436270301874,5304.666666666667,5678.5,3093.3006067432484,20260.0,0,1,0,0,0,1,1,0,0,0
201,0,2013-12-26,-0.433883739117558,-0.9009688679024191,-2.4492935982947064e-16,1.0,-0.0859647987374467,0.9962981749346077,0.0,7859.0,5864.0,4996.571428571428,4654.0,5234.177804174621,5192.133333333333,5678.5,3224.5105026358938,20260.0,0,1,0,0,0,1,1,0,0,0
201,0,2013-12-27,-0.9749279121818236,-0.2225209339563146,-2.4492935982947064e-16,1.0,-0.06880242680232064,0.9976303053065857,0.0,8818.0,5623.0,4556.571428571428,4654.0,4982.818876136371,5264.5,5736.0,3211.1141878771914,20260.0,0,1,0,0,0,1,1,0,0,5738
201,0,2013-12-28,-0.7818314824680299,0.6234898018587334,-2.4492935982947064e-16,1.0,-0.05161966722325418,0.9986668162884759,5738.0,8689.0,5473.0,4148.571428571428,4654.0,4696.771226319303,5284.7,5785.5,3212.7757914624053,20260.0,0,1,0,0,0,1,1,0,0,5833
201,0,2013-12-29,-2.4492935982947064e-16,1.0,-2.4492935982947064e-16,1.0,-0.034421611622745804,0.9994074007397048,5833.0,0.0,0.0,4148.571428571428,4654.0,4696.771226319303,5089.933333333333,5736.0,3351.8613144437163,20260.0,0,1,0,0,0,1,1,0,0,0
201,0,2013-12-30,0.7818314824680298,0.6234898018587336,-2.4492935982947064e-16,1.0,-0.01721335615583528,0.9998518392091162,0.0,12815.0,9271.0,3347.5714285714284,4654.0,3217.6562825107562,5121.466666666666,5736.0,3367.680514920425,20260.0,0,1,0,0,0,1,1,0,0,7208
201,0,2013-12-31,0.9749279121818236,-0.22252093395631434,-2.4492935982947064e-16,1.0,6.432490598706546e-16,1.0,7208.0,4654.0,7051.0,3214.8571428571427,3725.0,3173.6487113190597,5245.633333333333,5736.0,3238.5345076857293,20260.0,0,1,0,0,0,1,1,0,0,3725
201,0,2014-01-01,0.43388373911755823,-0.900968867902419,0.49999999999999994,0.8660254037844387,0.017213356155834685,0.9998518392091162,3725.0,0.0,8321.0,3214.8571428571427,3725.0,3173.6487113190597,5009.733333333334,5678.5,3356.149106191275,20260.0,0,1,0,0,0,1,1,0,0,0
201,0,2014-01-02,-0.433883739117558,-0.9009688679024191,0.49999999999999994,0.8660254037844387,0.03442161162274574,0.9994074007397048,0.0,0.0,7859.0,3927.8571428571427,4991.0,2877.8774254979066,4971.533333333334,5548.0,3349.39115139714,20260.0,0,1,0,0,0,1,1,0,0,4991
201,0,2014-01-03,-0.9749279121818236,-0.2225209339563146,0.49999999999999994,0.8660254037844387,0.051619667223253764,0.998666816288476,4991.0,5738.0,8818.0,3882.8571428571427,4991.0,2847.1544524648566,4925.9,5448.0,3333.0190451259655,20260.0,0,1,0,0,0,1,1,0,0,5423
201,0,2014-01-04,-0.7818314824680299,0.6234898018587334,0.49999999999999994,0.8660254037844387,0.06880242680231986,0.9976303053065857,5423.0,5833.0,8689.0,3779.285714285714,4991.0,2776.7054647720956,4859.233333333334,5265.5,3307.7741727876332,20260.0,0,1,0,0,0,1,1,0,0,5108
201,0,2014-01-05,-2.4492935982947064e-16,1.0,0.49999999999999994,0.8660254037844387,0.08596479873744647,0.9962981749346078,5108.0,0.0,0.0,3779.285714285714,4991.0,2776.7054647720956,4668.1,5069.5,3419.269445565719,20260.0,0,1,0,0,0,1,1,0,0,0
201,0,2014-01-06,0.7818314824680298,0.6234898018587336,0.49999999999999994,0.8660254037844387,0.10310169744743485,0.9946708199115211,0.0,7208.0,12815.0,3869.4285714285716,4991.0,2913.442342953481,4761.7,5265.5,3467.6374959687273,20260.0,1,1,0,0,0,1,1,0,0,7839
201,0,2014-01-07,0.9749279121818236,-0.22252093395631434,0.49999999999999994,0.8660254037844387,0.1202080448993527,0.9927487224577402,7839.0,3725.0,4654.0,4110.0,5108.0,2968.534318481088,4942.0,5416.0,3350.1454008589744,20260.0,1,1,0,0,0,1,1,0,0,5409
201,0,2014-01-08,0.43388373911755823,-0.900968867902419,0.49999999999999994,0.8660254037844387,0.13727877211326478,0.9905324521322229,5409.0,0.0,0.0,4830.857142857143,5108.0,2353.002580291215,4974.633333333333,5416.0,3346.093939808471,20260.0,1,1,0,0,0,1,1,0,0,5046
201,0,2014-01-09,-0.433883739117558,-0.9009688679024191,0.49999999999999994,0.8660254037844387,0.15430882066428117,0.9880226656636976,5046.0,4991.0,0.0,4896.571428571428,5409.0,2364.6151806120433,5017.466666666666,5437.0,3343.609403575446,20260.0,1,1,0,0,0,1,1,0,0,5451
201,0,2014-01-10,-0.9749279121818236,-0.2225209339563146,0.49999999999999994,0.8660254037844387,0.1712931441814776,0.9852201067560606,5451.0,5423.0,5738.0,4914.428571428572,5409.0,2369.71973428243,5058.566666666667,5462.0,3342.254666242981,20260.0,1,1,0,0,0,1,1,0,0,5548
201,0,2014-01-11,-0.7818314824680299,0.6234898018587334,0.49999999999999994,0.8660254037844387,0.1882267098432442,0.9821256058680006,5548.0,5108.0,5833.0,4886.571428571428,5409.0,2368.210636545574,5026.866666666667,5437.0,3338.8602301955675,20260.0,0,1,0,0,0,1,1,0,0,4913
201,0,2014-01-12,-2.4492935982947064e-16,1.0,0.49999999999999994,0.8660254037844387,0.2051044998686192,0.9787400799669153,4913.0,0.0,0.0,4886.571428571428,5409.0,2368.210636545574,4839.433333333333,5416.0,3459.8770028301055,20260.0,0,1,0,0,0,1,1,0,0,0
201,0,2014-01-13,0.7818314824680298,0.6234898018587336,0.49999999999999994,0.8660254037844387,0.22192151300416552,0.9750645322571948,0.0,7839.0,7208.0,4260.428571428572,5046.0,2009.8028806446655,4772.2,5258.5,3466.731486573483,20260.0,0,1,0,0,0,1,1,0,0,3456
201,0,2014-01-14,0.9749279121818236,-0.22252093395631434,0.49999999999999994,0.8660254037844387,0.2386727660059501,0.9711000518829505,3456.0,5409.0,3725.0,3958.1428571428573,4913.0,1966.9312332134173,4881.966666666666,5258.5,3360.9382257743523,20260.0,0,1,0,0,0,1,1,0,0,3293
201,0,2014-01-15,0.43388373911755823,-0.900968867902419,0.49999999999999994,0.8660254037844387,0.255353295116187,0.9668478136052775,3293.0,5046.0,0.0,3702.0,3456.0,1917.7869189945598,4681.366666666667,5077.0,3268.2589215300723,20260.0,0,1,0,0,0,1,1,0,0,3253
201,0,2014-01-16,-0.433883739117558,-0.9009688679024191,0.49999999999999994,0.8660254037844387,0.2719581575341055,0.9623090774541486,3253.0,5451.0,4991.0,3492.714285714286,3456.0,1769.2979506276547,4579.2,5018.5,3239.408240979227,20260.0,0,1,0,0,0,1,1,0,0,3986
201,0,2014-01-17,-0.9749279121818236,-0.2225209339563146,0.49999999999999994,0.8660254037844387,0.288482432880609,0.9574851883550393,3986.0,5548.0,5423.0,3373.285714285714,3456.0,1630.1895303190627,4458.9,4952.0,3161.741187144,20260.0,0,1,0,0,0,1,1,0,0,4712
201,0,2014-01-18,-0.7818314824680299,0.6234898018587334,0.49999999999999994,0.8660254037844387,0.30492122465628907,0.9523775757303974,4712.0,4913.0,5108.0,3410.285714285714,3456.0,1673.3288891991774,4369.333333333333,4952.0,3099.5482355284953,20260.0,0,1,0,0,0,1,1,0,0,5172
201,0,2014-01-19,-2.4492935982947064e-16,1.0,0.49999999999999994,0.8660254037844387,0.3212696616923644,0.9469877530760753,5172.0,0.0,0.0,3410.285714285714,3456.0,1673.3288891991774,4075.4,4812.5,3081.1849109023638,20260.0,0,1,0,0,0,1,1,0,0,0
201,0,2014-01-20,0.7818314824680298,0.6234898018587336,0.49999999999999994,0.8660254037844387,0.3375228995941133,0.9413173175128471,0.0,3456.0,7839.0,3847.0,3986.0,2044.9078218834168,4002.866666666667,4812.5,2993.18806779584,20260.0,1,1,0,0,0,1,1,0,0,6513
201,0,2014-01-21,0.9749279121818236,-0.22252093395631434,0.49999999999999994,0.8660254037844387,0.3536761221763716,0.9353679493131483,6513.0,3293.0,5409.0,3975.285714285714,4191.0,2032.4905669552033,4142.566666666667,4812.5,2896.1510686847246,20260.0,1,1,0,0,0,1,1,0,0,4191
201,0,2014-01-22,0.43388373911755823,-0.900968867902419,0.49999999999999994,0.8660254037844387,0.3697245428906731,0.9291414114031743,4191.0,3253.0,5046.0,4143.285714285715,4429.0,2011.3303818025229,3863.0333333333333,4683.0,2390.8577090779504,20260.0,1,1,0,0,0,1,1,0,0,4429
201,0,2014-01-23,-0.433883739117558,-0.9009688679024191,0.49999999999999994,0.8660254037844387,0.38566340624360707,0.9226395488404876,4429.0,3986.0,5451.0,4419.142857142857,4712.0,2115.866365390417,3905.133333333333,4812.5,2416.2509822440625,20260.0,1,1,0,0,0,1,1,0,0,5917
201,0,2014-01-24,-0.9749279121818236,-0.2225209339563146,0.49999999999999994,0.8660254037844387,0.401487989205973,0.9158642882672872,5917.0,4712.0,5548.0,4584.142857142857,5172.0,2186.3703886099565,4100.7,4952.0,2324.986172001888,20260.0,1,1,0,0,0,1,1,0,0,5867
201,0,2014-01-25,-0.7818314824680299,0.6234898018587334,0.49999999999999994,0.8660254037844387,0.4171936026123168,0.9088176373395029,5867.0,5172.0,4913.0,4524.142857142857,4752.0,2173.2729870383178,4259.1,4952.0,2194.1693479734417,20260.0,0,1,0,0,0,1,1,0,0,4752
201,0,2014-01-26,-2.4492935982947064e-16,1.0,0.49999999999999994,0.8660254037844387,0.4327755925504312,0.901501684131884,4752.0,0.0,0.0,4524.142857142857,4752.0,2173.2729870383178,4067.8333333333335,4832.5,2307.9494867378116,20260.0,0,1,0,0,0,1,1,0,0,0
201,0,2014-01-27,0.7818314824680298,0.6234898018587336,0.49999999999999994,0.8660254037844387,0.4482293417404106,0.893918596519257,0.0,6513.0,3456.0,3984.0,4429.0,2063.6794001653084,3964.4666666666667,4732.0,2295.575890983429,20260.0,0,1,0,0,0,1,1,0,0,2732
201,0,2014-01-28,0.9749279121818236,-0.22252093395631434,0.49999999999999994,0.8660254037844387,0.4635502709028509,0.886070621534138,2732.0,4191.0,3293.0,3841.5714285714284,4429.0,2081.3411427204655,4070.9333333333334,4732.0,2176.3379544441204,20260.0,0,1,0,0,0,1,1,0,0,3194
201,0,2014-01-29,0.43388373911755823,-0.900968867902419,0.49999999999999994,0.8660254037844387,0.47873384011578846,0.8779600847008882,3194.0,4429.0,3253.0,3663.0,3194.0,2076.1583112405747,3936.633333333333,4570.5,2099.016378561935,20260.0,0,1,0,0,0,1,1,0,0,3179
201,0,2014-01-30,-0.433883739117558,-0.9009688679024191,0.49999999999999994,0.8660254037844387,0.4937755501599772,0.869589389346611,3179.0,5917.0,3986.0,3434.0,3194.0,1863.6343525487994,3956.266666666667,4570.5,2099.723100518392,20260.0,0,1,0,0,0,1,1,0,0,4314
201,0,2014-01-31,-0.9749279121818236,-0.2225209339563146,0.49999999999999994,0.8660254037844387,0.5086709438521044,0.8609610158889943,4314.0,5867.0,4712.0,3339.8571428571427,3194.0,1732.259836992455,4129.866666666667,4732.0,1972.8061360850204,20260.0,0,1,0,0,0,1,1,0,0,5208
201,0,2014-02-01,-0.7818314824680299,0.6234898018587334,0.8660254037844386,0.5000000000000001,0.5234156073655503,0.8520775211013093,5208.0,4752.0,5172.0,3494.8571428571427,3194.0,1918.234642283661,4158.066666666667,4732.0,1991.4979102265652,20260.0,0,1,0,0,0,1,1,0,0,5837
201,0,2014-02-02,-2.4492935982947064e-16,1.0,0.8660254037844386,0.5000000000000001,0.5380051715382996,0.8429415373547828,5837.0,0.0,0.0,3494.8571428571427,3194.0,1918.234642283661,3977.3,4570.5,2115.012173275474,20260.0,0,1,0,0,0,1,1,0,0,0
201,0,2014-02-03,0.7818314824680298,0.6234898018587336,0.8660254037844386,0.5000000000000001,0.5524353131676196,0.8335557718385699,0.0,2732.0,6513.0,4095.714285714286,4314.0,2266.5620599111226,4038.3,4570.5,2174.306471276411,20260.0,1,1,0,0,0,1,1,0,0,6938
201,0,2014-02-04,0.9749279121818236,-0.22252093395631434,0.8660254037844386,0.5000000000000001,0.5667017562911176,0.8239230057575542,6938.0,3194.0,4191.0,4421.428571428572,5208.0,2279.1729389658576,4220.766666666666,4732.0,2049.854455444518,20260.0,1,1,0,0,0,1,1,0,0,5474
201,0,2014-02-05,0.43388373911755823,-0.900968867902419,0.8660254037844386,0.5000000000000001,0.5808002734538009,0.8140460935082178,5474.0,3179.0,4429.0,4753.428571428572,5474.0,2236.9017157028293,4142.9,4732.0,1949.5871242836029,20260.0,1,1,0,0,0,1,1,0,0,5503
201,0,2014-02-06,-0.433883739117558,-0.9009688679024191,0.8660254037844386,0.5000000000000001,0.5947266869607634,0.8039279618328213,5503.0,4314.0,5917.0,5015.285714285715,5503.0,2283.6861805923654,4167.5,4732.0,1970.6559515324686,20260.0,1,1,0,0,0,1,1,0,0,6147
201,0,2014-02-07,-0.9749279121818236,-0.2225209339563146,0.8660254037844386,0.5000000000000001,0.6084768701151261,0.7935716089521474,6147.0,5208.0,5867.0,5051.571428571428,5503.0,2289.2696693591156,4181.366666666667,4732.0,1978.498742661374,20260.0,1,1,0,0,0,1,1,0,0,5462
201,0,2014-02-08,-0.7818314824680299,0.6234898018587334,0.8660254037844386,0.5000000000000001,0.6220467484408675,0.7829801036770629,5462.0,5837.0,4752.0,4995.571428571428,5474.0,2271.5805699367697,4181.166666666667,4732.0,1978.3662727602784,20260.0,0,1,0,0,0,1,1,0,0,5445
201,0,2014-02-09,-2.4492935982947064e-16,1.0,0.8660254037844386,0.5000000000000001,0.6354323008901774,0.7721565844991642,5445.0,0.0,0.0,4995.571428571428,5474.0,2271.5805699367697,3996.233333333333,4570.5,2101.6575672276044,20260.0,0,1,0,0,0,1,1,0,0,0
201,0,2014-02-10,0.7818314824680298,0.6234898018587336,0.8660254037844386,0.5000000000000001,0.6486295610349814,0.7611042586607747,0.0,6938.0,2732.0,4504.0,5462.0,2150.25812403999,3949.0333333333333,4371.5,2096.2520657088216,20260.0,0,1,0,0,0,1,1,0,0,3497
201,0,2014-02-11,0.9749279121818236,-0.22252093395631434,0.8660254037844386,0.5000000000000001,0.6616346182422783,0.7498264012045686,3497.0,5474.0,3194.0,4230.428571428572,5445.0,2127.984011307635,4067.6666666666665,4371.5,1961.429410744452,20260.0,0,1,0,0,0,1,1,0,0,3559
201,0,2014-02-12,0.43388373911755823,-0.900968867902419,0.8660254037844386,0.5000000000000001,0.6744436188329455,0.7383263540031065,3559.0,5503.0,3179.0,3960.0,3610.0,2058.456865388888,4072.8,4371.5,1959.9743735129755,20260.0,0,1,0,0,0,1,1,0,0,3610
201,0,2014-02-13,-0.433883739117558,-0.9009688679024191,0.8660254037844386,0.5000000000000001,0.6870527672236669,0.7266075247685656,3610.0,6147.0,4314.0,3738.5714285714284,3610.0,1857.5545624236545,4116.266666666666,4513.0,1956.5407886040248,20260.0,0,1,0,0,0,1,1,0,0,4597
201,0,2014-02-14,-0.9749279121818236,-0.2225209339563146,0.8660254037844386,0.5000000000000001,0.6994583270516471,0.7146733860429609,4597.0,5462.0,5208.0,3703.714285714286,3610.0,1821.7688944434988,4181.766666666666,4654.5,1959.5335772142,20260.0,0,1,0,0,0,1,1,0,0,5218
201,0,2014-02-15,-0.7818314824680299,0.6234898018587334,0.8660254037844386,0.5000000000000001,0.7116566222817746,0.702527474169157,5218.0,5445.0,5837.0,3586.5714285714284,3610.0,1714.335911963464,4203.066666666667,4668.5,1960.8047597216612,20260.0,0,1,0,0,0,1,1,0,0,4625
201,0,2014-02-16,-2.4492935982947064e-16,1.0,0.8660254037844386,0.5000000000000001,0.7236440382959124,0.6901733882429719,4625.0,0.0,0.0,3586.5714285714284,3610.0,1714.335911963464,4046.0,4611.0,2102.2529950442236,20260.0,0,1,0,0,0,1,1,0,0,0
201,0,2014-02-17,0.7818314824680298,0.6234898018587336,0.8660254037844386,0.5000000000000001,0.7354170229639855,0.6776147890466889,0.0,3497.0,6938.0,3949.714285714286,4597.0,1945.805721227555,4074.9,4611.0,2124.111811947565,20260.0,1,1,0,0,0,1,1,0,0,6039
201,0,2014-02-18,0.9749279121818236,-0.22252093395631434,0.8660254037844386,0.5000000000000001,0.7469720876965552,0.6648553979642865,6039.0,3559.0,5474.0,4228.714285714285,4625.0,2019.081946024451,4258.633333333333,4688.5,1993.881909195248,20260.0,1,1,0,0,0,1,1,0,0,5512
201,0,2014-02-19,0.43388373911755823,-0.900968867902419,0.8660254037844386,0.5000000000000001,0.7583058084785625,0.6518989958787126,5512.0,3610.0,5503.0,4396.0,4781.0,2007.754633083098,4200.9,4688.5,1950.968731080836,20260.0,1,1,0,0,0,1,1,0,0,4781
201,0,2014-02-20,-0.433883739117558,-0.9009688679024191,0.8660254037844386,0.5000000000000001,0.7694148268839378,0.6387494220515272,4781.0,4597.0,6147.0,4577.571428571428,5218.0,2084.9491486319107,4256.8,4766.5,1974.557748825866,20260.0,1,1,0,0,0,1,1,0,0,5868
201,0,2014-02-21,-0.9749279121818236,-0.2225209339563146,0.8660254037844386,0.5000000000000001,0.7802958510707755,0.6254105729852463,5868.0,5218.0,5462.0,4687.285714285715,5512.0,2143.6471813465982,4308.7,4994.5,1999.5442782518348,20260.0,1,1,0,0,0,1,1,0,0,5986
201,0,2014-02-22,-0.7818314824680299,0.6234898018587334,0.8660254037844386,0.5000000000000001,0.7909456567567772,0.6118864012687243,5986.0,4625.0,5445.0,4848.714285714285,5755.0,2180.407432437467,4303.3,4994.5,1995.2652774972562,20260.0,0,1,0,0,0,1,1,0,0,5755
201,0,2014-02-23,-2.4492935982947064e-16,1.0,0.8660254037844386,0.5000000000000001,0.8013610881746766,0.5981809144059164,5755.0,0.0,0.0,4848.714285714285,5755.0,2180.407432437467,4107.733333333334,4766.5,2120.32256708873,20260.0,0,1,0,0,0,1,1,0,0,0
201,0,2014-02-24,0.7818314824680298,0.6234898018587336,0.8660254037844386,0.5000000000000001,0.8115390590073611,0.5842981736283683,0.0,6039.0,3497.0,4494.428571428572,5512.0,2156.1158640127846,4067.9666666666667,4703.0,2119.009633398767,20260.0,0,1,0,0,0,1,1,0,0,3559
201,0,2014-02-25,0.9749279121818236,-0.22252093395631434,0.8660254037844386,0.5000000000000001,0.8214765533024142,0.5702422926917871,3559.0,5512.0,3559.0,4188.285714285715,4781.0,2139.6295406982376,4180.266666666666,4703.0,1980.7497349851328,20260.0,0,1,0,0,0,1,1,0,0,3369
201,0,2014-02-26,0.43388373911755823,-0.900968867902419,0.8660254037844386,0.5000000000000001,0.8311706263658079,0.5560174366570446,3369.0,4781.0,3610.0,4197.0,4842.0,2142.568085265899,4250.6,4811.5,1964.9491280595698,20260.0,0,1,0,0,0,1,1,0,0,4842
201,0,2014-02-27,-0.433883739117558,-0.9009688679024191,0.8660254037844386,0.5000000000000001,0.8406184056344782,0.5416278206559814,4842.0,5868.0,4597.0,3674.285714285714,3559.0,2113.089342983054,4217.766666666666,4811.5,1991.266391076262,20260.0,0,1,0,0,0,1,1,0,0,2209
201,0,2014-02-28,-0.9749279121818236,-0.2225209339563146,0.8660254037844386,0.5000000000000001,0.8498170915275278,0.5270777086423722,2209.0,5986.0,5218.0,3723.4285714285716,3559.0,2178.790555724498,4322.8,5025.0,2017.51508818013,20260.0,0,1,0,0,0,1,1,0,0,6330
201,0,2014-03-01,-0.7818314824680299,0.6234898018587334,1.0,6.123233995736766e-17,0.8587639582758029,0.5123714121284237,6330.0,5755.0,4625.0,3667.0,3559.0,2121.7745717519842,4357.666666666667,5213.0,2026.3767790257339,20260.0,0,1,0,0,0,1,1,0,0,5360
201,0,2014-03-02,-2.4492935982947064e-16,1.0,1.0,6.123233995736766e-17,0.8674563547295968,0.49751328890718066,5360.0,0.0,0.0,3667.0,3559.0,2121.7745717519842,4184.066666666667,5030.0,2169.0770790160127,20260.0,0,1,0,0,0,1,1,0,0,0
201,0,2014-03-03,0.7818314824680298,0.6234898018587336,1.0,6.123233995736766e-17,0.8758917051442429,0.48250774176121847,0.0,3559.0,6039.0,3689.285714285714,3715.0,2121.2703516435354,4113.333333333333,4811.5,2147.811272986482,20260.0,1,1,0,0,0,1,1,0,0,3715
201,0,2014-03-04,0.9749279121818236,-0.22252093395631434,1.0,6.123233995736766e-17,0.8840675099433636,0.46735921715800227,3715.0,3369.0,5512.0,4169.714285714285,4842.0,2399.2559064763986,4337.733333333334,5030.0,2052.8109228707517,20260.0,1,1,0,0,0,1,1,0,0,6732
201,0,2014-03-05,0.43388373911755823,-0.900968867902419,1.0,6.123233995736766e-17,0.8919813464595485,0.45207220393230435,6732.0,4842.0,4781.0,4254.0,5360.0,2436.877852225394,4287.533333333334,5030.0,2004.8852359163598,20260.0,1,1,0,0,0,1,1,0,0,5432
201,0,2014-03-06,-0.433883739117558,-0.9009688679024191,1.0,6.123233995736766e-17,0.8996308696522433,0.43665123195606403,5432.0,2209.0,5868.0,4845.285714285715,5432.0,2358.8740756475077,4316.666666666667,5030.0,2028.9264756708549,20260.0,1,1,0,0,0,1,1,0,0,6348
201,0,2014-03-07,-0.9749279121818236,-0.2225209339563146,1.0,6.123233995736766e-17,0.9070138128026359,0.4211008707960896,6348.0,6330.0,5986.0,4811.142857142857,5432.0,2335.415339832251,4336.266666666666,5030.0,2043.5692564107342,20260.0,1,1,0,0,0,1,1,0,0,6091
201,0,2014-03-08,-0.7818314824680299,0.6234898018587334,1.0,6.123233995736766e-17,0.9141279881853337,0.40542572835999735,6091.0,5360.0,5755.0,4816.285714285715,5432.0,2336.864616980457,4311.233333333334,5030.0,2025.1399557141426,20260.0,0,1,0,0,0,1,1,0,0,5396
201,0,2014-03-09,-2.4492935982947064e-16,1.0,1.0,6.123233995736766e-17,0.9209712877166346,0.38963044953078796,5396.0,0.0,0.0,4816.285714285715,5432.0,2336.864616980457,4129.166666666667,4811.5,2159.2031110371804,20260.0,0,1,0,0,0,1,1,0,0,0
201,0,2014-03-10,0.7818314824680298,0.6234898018587336,1.0,6.123233995736766e-17,0.9275416835791966,0.37371971479046906,0.0,3715.0,3559.0,4860.0,5432.0,2315.5953158241286,4081.7,4703.0,2144.8838430087526,20260.0,0,1,0,0,0,1,1,0,0,4021
201,0,2014-03-11,0.9749279121818236,-0.22252093395631434,1.0,6.123233995736766e-17,0.9338372288229252,0.35769823883312546,4021.0,6732.0,3369.0,4357.857142857143,5396.0,2221.1829752462518,4188.933333333333,4703.0,2009.9557026056013,20260.0,0,1,0,0,0,1,1,0,0,3217
201,0,2014-03-12,0.43388373911755823,-0.900968867902419,1.0,6.123233995736766e-17,0.9398560579418954,0.3415707691678556,3217.0,5432.0,4842.0,4080.5714285714284,4021.0,2185.6108876881385,4188.733333333334,4703.0,2010.027224611188,20260.0,0,1,0,0,0,1,1,0,0,3491
201,0,2014-03-13,-0.433883739117558,-0.9009688679024191,1.0,6.123233995736766e-17,0.9455963874271426,0.3253420847119801,3491.0,6348.0,2209.0,3719.0,3817.0,1943.985167981823,4197.333333333333,4703.0,2007.7906597385415,20260.0,0,1,0,0,0,1,1,0,0,3817
201,0,2014-03-14,-0.9749279121818236,-0.2225209339563146,1.0,6.123233995736766e-17,0.9510565162951535,0.30901699437494745,3817.0,6091.0,6330.0,3484.4285714285716,3817.0,1692.917585820685,4225.3,4703.0,2005.169081356378,20260.0,0,1,0,0,0,1,1,0,0,4449
201,0,2014-03-15,-0.7818314824680299,0.6234898018587334,1.0,6.123233995736766e-17,0.9562348265919056,0.29260033563334836,4449.0,5396.0,5360.0,3498.8571428571427,3817.0,1712.2451565679662,4255.3,4811.5,2017.6159394964986,20260.0,0,1,0,0,0,1,1,0,0,5497
201,0,2014-03-16,-2.4492935982947064e-16,1.0,1.0,6.123233995736766e-17,0.9611297838723007,0.27609697309746883,5497.0,0.0,0.0,3498.8571428571427,3817.0,1712.2451565679662,4081.366666666667,4703.0,2152.1893501387303,20260.0,0,1,0,0,0,1,1,0,0,0
201,0,2014-03-17,0.7818314824680298,0.6234898018587336,1.0,6.123233995736766e-17,0.9657399376548549,0.2595117970697999,0.0,4021.0,3715.0,3874.0,3817.0,2091.400886168563,4148.766666666666,4811.5,2200.9112953240647,20260.0,1,1,0,0,0,1,1,0,0,6647
201,0,2014-03-18,0.9749279121818236,-0.22252093395631434,1.0,6.123233995736766e-17,0.970063921851507,0.2428497220959356,6647.0,3217.0,6732.0,4087.4285714285716,4449.0,2089.409953164035,4305.8,4811.5,2058.1240437131914,20260.0,1,1,0,0,0,1,1,0,0,4711
201,0,2014-03-19,0.43388373911755823,-0.900968867902419,1.0,6.123233995736766e-17,0.9741004551724205,0.22611568550828828,4711.0,3491.0,5432.0,4220.428571428572,4449.0,2074.696432183337,4251.9,4746.0,2032.1784361988782,20260.0,1,1,0,0,0,1,1,0,0,4422
201,0,2014-03-20,-0.433883739117558,-0.9009688679024191,1.0,6.123233995736766e-17,0.9778483415056568,0.20931464596304847,4422.0,3817.0,6348.0,4341.714285714285,4666.0,2071.9957942593787,4223.7,4688.5,2019.9222953644376,20260.0,1,1,0,0,0,1,1,0,0,4666
201,0,2014-03-21,-0.9749279121818236,-0.2225209339563146,1.0,6.123233995736766e-17,0.9813064702716093,0.19245158197082998,4666.0,4449.0,6091.0,4514.0,4711.0,2131.6829032480377,4252.833333333333,4688.5,2034.4877366488859,20260.0,1,1,0,0,0,1,1,0,0,5655
201,0,2014-03-22,-0.7818314824680299,0.6234898018587334,1.0,6.123233995736766e-17,0.9844738167520922,0.1755314904214282,5655.0,5497.0,5396.0,4395.857142857143,4670.0,2090.644831032711,4212.9,4668.0,2013.3390921551177,20260.0,0,1,0,0,0,1,1,0,0,4670
201,0,2014-03-23,-2.4492935982947064e-16,1.0,1.0,6.123233995736766e-17,0.9873494423939864,0.15855938510313478,4670.0,0.0,0.0,4395.857142857143,4670.0,2090.644831032711,4013.366666666667,4557.5,2125.077937448384,20260.0,0,1,0,0,0,1,1,0,0,0
201,0,2014-03-24,0.7818314824680298,0.6234898018587336,1.0,6.123233995736766e-17,0.989932495087353,0.141540295217043,0.0,6647.0,4021.0,3970.285714285714,4666.0,1844.7732213188758,3943.8,4435.5,2100.111136632271,20260.0,0,1,0,0,0,1,1,0,0,3668
201,0,2014-03-25,0.9749279121818236,-0.22252093395631434,1.0,6.123233995736766e-17,0.9922222094179323,0.12447926388678915,3668.0,4711.0,3217.0,3766.285714285714,4422.0,1828.0919665310118,4053.233333333333,4435.5,1968.9605639267752,20260.0,0,1,0,0,0,1,1,0,0,3283
201,0,2014-03-26,0.43388373911755823,-0.900968867902419,1.0,6.123233995736766e-17,0.994217906893952,0.10738134666416309,3283.0,4422.0,3491.0,3656.8571428571427,3668.0,1805.0808318531872,4056.4666666666667,4435.5,1968.20046871691,20260.0,0,1,0,0,0,1,1,0,0,3656
201,0,2014-03-27,-0.433883739117558,-0.9009688679024191,1.0,6.123233995736766e-17,0.995918996147179,0.09025161003104117,3656.0,4666.0,3817.0,3548.0,3668.0,1756.4007705152749,4074.3,4435.5,1964.1763589264358,20260.0,0,1,0,0,0,1,1,0,0,3904
201,0,2014-03-28,-0.9749279121818236,-0.2225209339563146,1.0,6.123233995736766e-17,0.9973249731081555,0.07309512989807777,3904.0,5655.0,4449.0,3447.5714285714284,3668.0,1631.5037906936054,4077.9666666666667,4435.5,1965.760929852185,20260.0,0,1,0,0,0,1,1,0,0,4952
201,0,2014-03-29,-0.7818314824680299,0.6234898018587334,1.0,6.123233995736766e-17,0.9984354211555643,0.055916990100603484,4952.0,4670.0,5497.0,3529.4285714285716,3668.0,1715.2820814803622,4179.1,4557.5,1944.219484381398,20260.0,0,1,0,0,0,1,1,0,0,5243
201,0,2014-03-30,-2.4492935982947064e-16,1.0,1.0,6.123233995736766e-17,0.9992500112396835,0.03872228089217446,5243.0,0.0,0.0,3529.4285714285716,3668.0,1715.2820814803622,3968.1,4435.5,2043.6830233673697,20260.0,0,1,0,0,0,1,1,0,0,0
201,0,2014-03-31,0.7818314824680298,0.6234898018587336,1.0,6.123233995736766e-17,0.9997685019798909,0.021516097436222254,0.0,3668.0,6647.0,3934.1428571428573,3904.0,2054.1679117160297,4006.133333333333,4435.5,2080.760549502948,20260.0,1,1,0,0,0,1,1,0,0,6501
201,0,2014-04-01,0.9749279121818236,-0.22252093395631434,0.8660254037844387,-0.49999999999999983,0.9999907397361901,0.004303538296244289,6501.0,3283.0,4711.0,4146.0,4766.0,2052.2934325610745,4165.0,4557.5,1941.6354997251922,20260.0,1,1,0,0,0,1,1,0,0,4766
201,0,2014-04-02,0.43388373911755823,-0.900968867902419,0.8660254037844387,-0.49999999999999983,0.9999166586547379,-0.01291029607500882,4766.0,3656.0,4422.0,4313.571428571428,4829.0,2053.504229128249,4202.133333333333,4668.0,1943.3842989314612,20260.0,1,1,0,0,0,1,1,0,0,4829
201,0,2014-04-03,-0.433883739117558,-0.9009688679024191,0.8660254037844387,-0.49999999999999983,0.9995462806873573,-0.030120304846908114,4829.0,3904.0,4666.0,4547.714285714285,4952.0,2092.0987639438113,4162.5,4668.0,1901.6880659035523,20260.0,1,1,0,0,0,1,1,0,0,5543
201,0,2014-04-04,-0.9749279121818236,-0.2225209339563146,0.8660254037844387,-0.49999999999999983,0.9988797155850336,-0.04732138832243185,5543.0,4952.0,5655.0,4635.714285714285,5243.0,2124.640809979079,4167.033333333334,4668.0,1904.977970428027,20260.0,1,1,0,0,0,1,1,0,0,5568
201,0,2014-04-05,-0.7818314824680299,0.6234898018587334,0.8660254037844387,-0.49999999999999983,0.9979171608653922,-0.06450844944931623,5568.0,5243.0,4670.0,4613.285714285715,5086.0,2117.9798326302725,4124.966666666666,4668.0,1868.7455405705432,20260.0,0,1,0,0,0,1,1,0,0,5086
201,0,2014-04-06,-2.4492935982947064e-16,1.0,0.8660254037844387,-0.49999999999999983,0.9966589017541702,-0.08167639533042241,5086.0,0.0,0.0,4613.285714285715,5086.0,2117.9798326302725,3921.9333333333334,4557.5,1975.6053098303512,20260.0,0,1,0,0,0,1,1,0,0,0
201,0,2014-04-07,0.7818314824680298,0.6234898018587336,0.8660254037844387,-0.49999999999999983,0.9951053111006976,-0.09882013873287143,0.0,6501.0,3668.0,4255.714285714285,4829.0,1950.8605549249005,3875.3333333333335,4435.5,1956.0272957219152,20260.0,0,1,0,0,0,1,1,0,0,3998
201,0,2014-04-08,0.9749279121818236,-0.22252093395631434,0.8660254037844387,-0.49999999999999983,0.9932568492674143,-0.11593459959550041,3998.0,4766.0,3283.0,4038.285714285714,4829.0,1969.2379841185332,3983.4666666666667,4435.5,1819.2915395139723,20260.0,0,1,0,0,0,1,1,0,0,3244
201,0,2014-04-09,0.43388373911755823,-0.900968867902419,0.8660254037844387,-0.49999999999999983,0.9911140639934547,-0.1330147065341959,3244.0,4829.0,3656.0,3876.285714285714,3998.0,1939.7722129402782,3972.6,4435.5,1820.033072833263,20260.0,0,1,0,0,0,1,1,0,0,3695
201,0,2014-04-10,-0.433883739117558,-0.9009688679024191,0.8660254037844387,-0.49999999999999983,0.9886775902323405,-0.1500553983446526,3695.0,5543.0,3904.0,3740.4285714285716,3998.0,1834.003258552432,4018.4333333333334,4520.5,1817.6604455734553,20260.0,0,1,0,0,0,1,1,0,0,4592
201,0,2014-04-11,-0.9749279121818236,-0.2225209339563146,0.8660254037844387,-0.49999999999999983,0.9859481499638304,-0.16705162550211924,4592.0,5568.0,4952.0,3598.8571428571427,3998.0,1702.9848725665368,4054.633333333333,4584.5,1817.6082519264864,20260.0,0,1,0,0,0,1,1,0,0,4577
201,0,2014-04-12,-0.7818314824680299,0.6234898018587334,0.8660254037844387,-0.49999999999999983,0.9829265519799822,-0.18399835165768005,4577.0,5086.0,5243.0,3601.0,3998.0,1705.1760417427054,4097.433333333333,4629.0,1826.913275470937,20260.0,0,1,0,0,0,1,1,0,0,5101
201,0,2014-04-13,-2.4492935982947064e-16,1.0,0.8660254037844387,-0.49999999999999983,0.9796136916454901,-0.20089055513063506,5101.0,0.0,0.0,3601.0,3998.0,1705.1760417427054,3949.133333333333,4629.0,1972.1887496808743,20260.0,0,1,0,0,0,1,1,0,0,0
201,0,2014-04-14,0.7818314824680298,0.6234898018587336,0.8660254037844387,-0.49999999999999983,0.9760105506323683,-0.21772323039653177,0.0,3998.0,6501.0,4081.5714285714284,4577.0,2229.2233966969166,4011.3,4629.0,2050.5016400534923,20260.0,1,1,0,0,0,1,1,0,0,7362
201,0,2014-04-15,0.9749279121818236,-0.22252093395631434,0.8660254037844387,-0.49999999999999983,0.9721181966290613,-0.23449138957040985,7362.0,3244.0,4766.0,4462.142857142857,4592.0,2288.998866212868,4208.233333333334,4668.0,1932.2633982534264,20260.0,1,1,0,0,0,1,1,0,0,5908
201,0,2014-04-16,0.43388373911755823,-0.900968867902419,0.8660254037844387,-0.49999999999999983,0.9679377830240642,-0.25119006388481935,5908.0,3695.0,4829.0,4842.857142857143,5101.0,2360.644151396774,4198.666666666667,4668.0,1920.4470085487058,20260.0,1,1,0,0,0,1,1,0,0,6360
201,0,2014-04-17,-0.433883739117558,-0.9009688679024191,0.8660254037844387,-0.49999999999999983,0.9634705485641488,-0.2678143051621742,6360.0,4592.0,5543.0,5387.857142857143,5908.0,2707.916014734786,4321.866666666667,4668.0,2067.3789958891603,20260.0,1,1,0,0,0,1,1,0,0,8407
201,0,2014-04-18,-0.9749279121818236,-0.2225209339563146,0.8660254037844387,-0.49999999999999983,0.9587178169872964,-0.2843591872810034,8407.0,4577.0,5568.0,4734.0,5908.0,3400.383948909297,4174.466666666666,4668.0,2212.537344057851,20260.0,1,1,0,0,0,1,1,0,0,0
201,0,2014-04-19,-0.7818314824680299,0.6234898018587334,0.8660254037844387,-0.49999999999999983,0.9536809966304457,-0.30081980763566735,0.0,5101.0,5086.0,5172.714285714285,6360.0,3644.9400870378126,4291.333333333333,4718.0,2328.9279512897874,20260.0,0,1,0,0,0,1,1,0,0,8172
201,0,2014-04-20,-2.4492935982947064e-16,1.0,0.8660254037844387,-0.49999999999999983,0.9483615800121715,-0.3171912885891061,8172.0,0.0,0.0,5172.714285714285,6360.0,3644.9400870378126,4102.833333333333,4631.0,2440.9102610089635,20260.0,0,1,0,0,0,1,1,0,0,0
201,0,2014-04-21,0.7818314824680298,0.6234898018587336,0.8660254037844387,-0.49999999999999983,0.9427611433904207,-0.3334687789181868,0.0,7362.0,3998.0,4121.0,5908.0,3956.7412938763955,3947.1666666666665,4584.5,2549.968520202354,20260.0,0,1,0,0,0,1,1,0,0,0
201,0,2014-04-22,0.9749279121818236,-0.22252093395631434,0.8660254037844387,-0.49999999999999983,0.9368813462954315,-0.3496474552512284,0.0,5908.0,3244.0,3904.8571428571427,4395.0,3883.5012737035545,4093.6666666666665,4584.5,2439.2226479837336,20260.0,0,1,0,0,0,1,1,0,0,4395
201,0,2014-04-23,0.43388373911755823,-0.900968867902419,0.8660254037844387,-0.49999999999999983,0.9307239310379795,-0.36572252349726897,4395.0,6360.0,3695.0,3547.5714285714284,3859.0,3732.074885687711,4100.033333333334,4584.5,2438.322395069784,20260.0,0,1,0,0,0,1,1,0,0,3859
201,0,2014-04-24,-0.433883739117558,-0.9009688679024191,0.8660254037844387,-0.49999999999999983,0.9242907221930934,-0.3816892202666588,3859.0,8407.0,4592.0,2942.0,3859.0,3103.067460862986,4129.533333333334,4584.5,2433.445375471226,20260.0,0,1,0,0,0,1,1,0,0,4168
201,0,2014-04-25,-0.9749279121818236,-0.2225209339563146,0.8660254037844387,-0.49999999999999983,0.9175836260593937,-0.39754281428255595,4168.0,0.0,4577.0,3631.0,4168.0,2867.4586890369183,4168.433333333333,4679.0,2434.941770646021,20260.0,0,1,0,0,0,1,1,0,0,4823
201,0,2014-04-26,-0.7818314824680299,0.6234898018587334,0.8660254037844387,-0.49999999999999983,0.9106046300942163,-0.4132786077829042,4823.0,8172.0,5101.0,3190.285714285714,4168.0,2216.362163116675,4207.866666666667,4794.5,2440.085438489077,20260.0,0,1,0,0,0,1,1,0,0,5087
201,0,2014-04-27,-2.4492935982947064e-16,1.0,0.8660254037844387,-0.49999999999999983,0.9033558023246845,-0.4288919379124835,5087.0,0.0,0.0,3190.285714285714,4168.0,2216.362163116675,4042.8,4679.0,2552.898885040568,20260.0,0,1,0,0,0,1,1,0,0,0
201,0,2014-04-28,0.7818314824680298,0.6234898018587336,0.8660254037844387,-0.49999999999999983,0.895839290734909,-0.4443781781046132,0.0,0.0,7362.0,4057.714285714286,4395.0,1929.2872357674548,4070.4333333333334,4679.0,2570.762354168349,20260.0,1,1,0,0,0,1,1,0,0,6072
201,0,2014-04-29,0.9749279121818236,-0.22252093395631434,0.8660254037844387,-0.49999999999999983,0.8880573226294932,-0.45973273945210397,6072.0,4395.0,5908.0,4205.285714285715,4823.0,1997.6809650430237,4251.366666666667,4794.5,2463.1645398906485,20260.0,1,1,0,0,0,1,1,0,0,5428
201,0,2014-04-30,0.43388373911755823,-0.900968867902419,0.8660254037844387,-0.49999999999999983,0.8800122039735357,-0.47495107206704995,5428.0,3859.0,6360.0,4834.428571428572,5087.0,2500.6253122731005,4310.1,4794.5,2538.510768283178,20260.0,1,1,0,0,0,1,1,0,0,8263
201,0,2014-05-01,-0.433883739117558,-0.9009688679024191,0.49999999999999994,-0.8660254037844387,0.8717063187093218,-0.49002866642905923,8263.0,4168.0,8407.0,4239.0,5087.0,3108.1770648833144,4151.233333333334,4707.5,2655.4370337535556,20260.0,1,1,0,0,0,1,1,0,0,0
201,0,2014-05-02,-0.9749279121818236,-0.2225209339563146,0.49999999999999994,-0.8660254037844387,0.8631421280499114,-0.5049610547215204,0.0,4823.0,0.0,4718.285714285715,5428.0,3452.8068154418797,4262.866666666667,4707.5,2753.4971585783137,20260.0,1,1,0,0,0,1,1,0,0,8178
201,0,2014-05-03,-0.7818314824680299,0.6234898018587334,0.49999999999999994,-0.8660254037844387,0.854322169749827,-0.5197438121555155,8178.0,5087.0,8172.0,4836.428571428572,5914.0,3481.5544352651264,4275.233333333334,4707.5,2760.269623053882,20260.0,0,1,0,0,0,1,1,0,0,5914
201,0,2014-05-04,-2.4492935982947064e-16,1.0,0.49999999999999994,-0.8660254037844387,0.8452490573530633,-0.5343725582809787,5914.0,0.0,0.0,4836.428571428572,5914.0,3481.5544352651264,4089.633333333333,4584.5,2855.8863408675807,20260.0,0,1,0,0,0,1,1,0,0,0
201,0,2014-05-05,0.7818314824680298,0.6234898018587336,0.49999999999999994,-0.8660254037844387,0.835925479418637,-0.548842958284719,0.0,6072.0,0.0,4866.285714285715,5914.0,3494.787485875008,4129.466666666666,4584.5,2878.506901435046,20260.0,1,1,0,0,0,1,1,0,0,6281
201,0,2014-05-06,0.9749279121818236,-0.22252093395631434,0.49999999999999994,-0.8660254037844387,0.8263541987239096,-0.5631507242749186,6281.0,5428.0,4395.0,4990.142857142857,6281.0,3533.16559799525,4339.3,4707.5,2795.3433957208185,20260.0,1,1,0,0,0,1,1,0,0,6295
201,0,2014-05-07,0.43388373911755823,-0.900968867902419,0.49999999999999994,-0.8660254037844387,0.8165380514459161,-0.5772916165517272,6295.0,8263.0,3859.0,4646.714285714285,5914.0,3268.977195509613,4401.333333333333,4955.0,2808.1283168114232,20260.0,1,1,0,0,0,1,1,0,0,5859
201,0,2014-05-08,-0.433883739117558,-0.9009688679024191,0.49999999999999994,-0.8660254037844387,0.8064799463209448,-0.5912614448635781,5859.0,0.0,4168.0,5589.428571428572,6281.0,2585.7225203762564,4513.166666666667,5094.0,2827.1898571736815,20260.0,1,1,0,0,0,1,1,0,0,6599
201,0,2014-05-09,-0.9749279121818236,-0.2225209339563146,0.49999999999999994,-0.8660254037844387,0.7961828637826158,-0.6050560696488488,6599.0,8178.0,4823.0,5421.142857142857,6281.0,2422.3451053728486,4623.333333333333,5264.5,2858.429244729775,20260.0,1,1,0,0,0,1,1,0,0,7000
201,0,2014-05-10,-0.7818314824680299,0.6234898018587334,0.49999999999999994,-0.8660254037844387,0.7856498550787145,-0.6186714032625031,7000.0,5914.0,5087.0,5485.714285714285,6295.0,2443.6037399904317,4682.466666666666,5643.5,2876.054034470736,20260.0,0,1,0,0,0,1,1,0,0,6366
201,0,2014-05-11,-2.4492935982947064e-16,1.0,0.49999999999999994,-0.8660254037844387,0.7748840413670407,-0.6321034111873487,6366.0,0.0,0.0,5485.714285714285,6295.0,2443.6037399904317,4529.9,5643.5,3000.545873900165,20260.0,0,1,0,0,0,1,1,0,0,0
201,0,2014-05-12,0.7818314824680298,0.6234898018587336,0.49999999999999994,-0.8660254037844387,0.7638886127905428,-0.6453481132295501,0.0,6281.0,6072.0,5139.0,6295.0,2483.8052795391695,4488.333333333333,5643.5,3000.9989294754237,20260.0,0,1,0,0,0,1,1,0,0,3854
201,0,2014-05-13,0.9749279121818236,-0.22252093395631434,0.49999999999999994,-0.8660254037844387,0.7526668275320084,-0.6584015846980488,3854.0,6295.0,5428.0,4842.285714285715,5859.0,2446.472338850757,4628.933333333333,5643.5,2879.8271970827464,20260.0,0,1,0,0,0,1,1,0,0,4218
201,0,2014-05-14,0.43388373911755823,-0.900968867902419,0.49999999999999994,-0.8660254037844387,0.741222010848596,-0.6712599575675313,4218.0,5859.0,8263.0,4552.714285714285,4218.0,2425.9489355910246,4511.266666666666,5257.5,2836.0902049431907,20260.0,0,1,0,0,0,1,1,0,0,3832
201,0,2014-05-15,-0.433883739117558,-0.9009688679024191,0.49999999999999994,-0.8660254037844387,0.7295575540864875,-0.6839194216246106,3832.0,6599.0,0.0,4281.714285714285,4218.0,2259.508922626454,4471.066666666667,4955.0,2824.1315776387064,20260.0,0,1,0,0,0,1,1,0,0,4702
201,0,2014-05-16,-0.9749279121818236,-0.2225209339563146,0.49999999999999994,-0.8660254037844387,0.717676913675962,-0.6963762255968722,4702.0,7000.0,8178.0,3931.714285714286,4218.0,1934.669800791656,4410.733333333334,4762.5,2801.63015272246,20260.0,0,1,0,0,0,1,1,0,0,4550
201,0,2014-05-17,-0.7818314824680299,0.6234898018587334,0.49999999999999994,-0.8660254037844387,0.705583610107178,-0.7086266782644596,4550.0,6366.0,5914.0,3682.4285714285716,4218.0,1661.928985360367,4284.533333333334,4661.5,2698.7933795952445,20260.0,0,1,0,0,0,1,1,0,0,4621
201,0,2014-05-18,-2.4492935982947064e-16,1.0,0.49999999999999994,-0.8660254037844387,0.6932812268869777,-0.7206671495538609,4621.0,0.0,0.0,3682.4285714285716,4218.0,1661.928985360367,4284.533333333334,4661.5,2698.7933795952445,20260.0,0,1,0,0,0,1,1,0,0,0
201,0,2014-05-19,0.7818314824680298,0.6234898018587336,0.49999999999999994,-0.8660254037844387,0.6807734094770161,-0.7324940716135789,0.0,3854.0,6281.0,3910.4285714285716,4550.0,1793.647666734172,4193.8,4661.5,2607.813358034816,20260.0,1,1,0,0,0,1,1,0,0,5450
201,0,2014-05-20,0.9749279121818236,-0.22252093395631434,0.49999999999999994,-0.8660254037844387,0.6680638642135335,-0.7441039398713607,5450.0,4218.0,6295.0,3984.0,4621.0,1818.752594499864,4351.566666666667,4717.5,2485.6560458279246,20260.0,1,1,0,0,0,1,1,0,0,4733
201,0,2014-05-21,0.43388373911755823,-0.900968867902419,0.49999999999999994,-0.8660254037844387,0.6551563572090853,-0.7554933140726803,4733.0,3832.0,5859.0,4215.571428571428,4702.0,1897.6584569009267,4533.333333333333,4778.0,2352.269210099389,20260.0,1,1,0,0,0,1,1,0,0,5453
201,0,2014-05-22,-0.433883739117558,-0.9009688679024191,0.49999999999999994,-0.8660254037844387,0.6420547132365637,-0.766658819300159,5453.0,4702.0,6599.0,4382.571428571428,4733.0,1996.465782087839,4582.533333333334,4955.0,2364.679313875617,20260.0,1,1,0,0,0,1,1,0,0,5871
201,0,2014-05-23,-0.9749279121818236,-0.2225209339563146,0.49999999999999994,-0.8660254037844387,0.6287628145958344,-0.777597146973627,5871.0,4550.0,7000.0,4672.285714285715,5450.0,2164.855169465591,4673.166666666667,5257.5,2387.98352508805,20260.0,1,1,0,0,0,1,1,0,0,6578
201,0,2014-05-24,-0.7818314824680299,0.6234898018587334,0.49999999999999994,-0.8660254037844387,0.6152845999633276,-0.7883050558305255,6578.0,4621.0,6366.0,4774.857142857143,5450.0,2178.9836643545077,4712.2,5383.5,2389.011675611254,20260.0,0,1,0,0,0,1,1,0,0,5339
201,0,2014-05-25,-2.4492935982947064e-16,1.0,0.49999999999999994,-0.8660254037844387,0.6016240632249226,-0.7987793728863649,5339.0,0.0,0.0,4774.857142857143,5450.0,2178.9836643545077,4551.433333333333,5383.5,2538.8777140946413,20260.0,0,1,0,0,0,1,1,0,0,0
201,0,2014-05-26,0.7818314824680298,0.6234898018587336,0.49999999999999994,-0.8660254037844387,0.5877852522924732,-0.8090169943749473,0.0,5450.0,3854.0,4582.857142857143,5339.0,2168.7678090389936,4518.733333333334,5383.5,2538.059276682485,20260.0,0,1,0,0,0,1,1,0,0,4106
201,0,2014-05-27,0.9749279121818236,-0.22252093395631434,0.49999999999999994,-0.8660254037844387,0.5737722679043246,-0.8190148866680801,4106.0,4733.0,4218.0,4514.285714285715,5339.0,2170.8167214426985,4660.5,5383.5,2391.5031451167783,20260.0,0,1,0,0,0,1,1,0,0,4253
201,0,2014-05-28,0.43388373911755823,-0.900968867902419,0.49999999999999994,-0.8660254037844387,0.5595892624101765,-0.8287700871745037,4253.0,5453.0,3832.0,4626.142857142857,5339.0,2246.115270756111,4665.966666666666,5383.5,2395.0257573063623,20260.0,0,1,0,0,0,1,1,0,0,6236
201,0,2014-05-29,-0.433883739117558,-0.9009688679024191,0.49999999999999994,-0.8660254037844387,0.545240438540651,-0.8382797052177743,6236.0,5871.0,4702.0,3787.4285714285716,4253.0,2744.6201836284995,4485.033333333334,5036.0,2536.3342198363052,20260.0,0,1,0,0,0,1,1,0,0,0
201,0,2014-05-30,-0.9749279121818236,-0.2225209339563146,0.49999999999999994,-0.8660254037844387,0.5307300481619334,-0.8475409228928311,0.0,6578.0,4550.0,4106.571428571428,4253.0,3213.090509003381,4503.333333333333,5036.0,2566.3358332835937,20260.0,0,1,0,0,0,1,1,0,0,8812
201,0,2014-05-31,-0.7818314824680299,0.6234898018587334,0.49999999999999994,-0.8660254037844387,0.5160623910158528,-0.8565509959010036,8812.0,5339.0,4621.0,4222.285714285715,4253.0,3278.785583834645,4708.3,5394.5,2436.5335488112523,20260.0,0,1,0,0,0,1,1,0,0,6149
201,0,2014-06-01,-2.4492935982947064e-16,1.0,1.2246467991473532e-16,-1.0,0.5012418134457758,-0.865307254363206,6149.0,0.0,0.0,4222.285714285715,4253.0,3278.785583834645,4435.7,5036.0,2491.808125535101,20260.0,0,1,0,0,0,1,1,0,0,0
201,0,2014-06-02,0.7818314824680298,0.6234898018587336,1.2246467991473532e-16,-1.0,0.48627270710869,-0.8738071036110808,0.0,4106.0,5450.0,4654.0,6149.0,3455.131980113059,4476.166666666667,5036.0,2526.2627854044667,20260.0,1,1,0,0,0,1,1,0,0,7128
201,0,2014-06-03,0.9749279121818236,-0.22252093395631434,1.2246467991473532e-16,-1.0,0.4711595076738638,-0.8820480249558537,7128.0,4253.0,4733.0,4833.571428571428,6149.0,3463.472143054463,4659.833333333333,5394.5,2386.014178692058,20260.0,1,1,0,0,0,1,1,0,0,5510
201,0,2014-06-04,0.43388373911755823,-0.900968867902419,1.2246467991473532e-16,-1.0,0.4559066935084588,-0.8900275764346767,5510.0,6236.0,5453.0,4777.0,5840.0,3439.9013067237825,4645.133333333333,5394.5,2377.02346082939,20260.0,1,1,0,0,0,1,1,0,0,5840
201,0,2014-06-05,-0.433883739117558,-0.9009688679024191,1.2246467991473532e-16,-1.0,0.440518784350495,-0.8977433935342337,5840.0,0.0,5871.0,5691.142857142857,6149.0,2737.367374478101,4648.6,5394.5,2379.5870635686865,20260.0,1,1,0,0,0,1,1,0,0,6399
201,0,2014-06-06,-0.9749279121818236,-0.2225209339563146,1.2246467991473532e-16,-1.0,0.42500033996955416,-0.9051931898913974,6399.0,8812.0,6578.0,5402.0,6149.0,2443.94496664716,4679.566666666667,5394.5,2401.822579271593,20260.0,1,1,0,0,0,1,1,0,0,6788
201,0,2014-06-07,-0.7818314824680299,0.6234898018587334,1.2246467991473532e-16,-1.0,0.4093559588156213,-0.9123747579707273,6788.0,6149.0,5339.0,5389.285714285715,6060.0,2439.6388198724335,4661.6,5394.5,2388.9507666582913,20260.0,0,1,0,0,0,1,1,0,0,6060
201,0,2014-06-08,-2.4492935982947064e-16,1.0,1.2246467991473532e-16,-1.0,0.39359027665646673,-0.9192859697186104,6060.0,0.0,0.0,5389.285714285715,6060.0,2439.6388198724335,4428.266666666666,5036.0,2492.2953958609883,20260.0,0,1,0,0,0,1,1,0,0,0
201,0,2014-06-09,0.7818314824680298,0.6234898018587336,1.2246467991473532e-16,-1.0,0.3777079652039649,-0.9259247771938498,0.0,7128.0,4106.0,4371.0,5840.0,3013.1367376871544,4216.066666666667,4717.5,2590.689056700117,20260.0,0,1,0,0,0,1,1,0,0,0
201,0,2014-06-10,0.9749279121818236,-0.22252093395631434,1.2246467991473532e-16,-1.0,0.36171373072976765,-0.9322892131745133,0.0,5510.0,4253.0,4382.142857142857,5840.0,3018.190872502455,4402.333333333333,5036.0,2475.4278534167097,20260.0,0,1,0,0,0,1,1,0,0,5588
201,0,2014-06-11,0.43388373911755823,-0.900968867902419,1.2246467991473532e-16,-1.0,0.3456123126707335,-0.9383773917408641,5588.0,5840.0,6236.0,4133.285714285715,5588.0,2948.975455661716,4410.466666666666,5036.0,2473.9645236679953,20260.0,0,1,0,0,0,1,1,0,0,4098
201,0,2014-06-12,-0.433883739117558,-0.9009688679024191,1.2246467991473532e-16,-1.0,0.3294084822245304,-0.9441875088341993,4098.0,6399.0,0.0,3966.0,5228.0,2829.8346241432537,4444.133333333333,5283.5,2478.1237860225165,20260.0,0,1,0,0,0,1,1,0,0,5228
201,0,2014-06-13,-0.9749279121818236,-0.2225209339563146,1.2246467991473532e-16,-1.0,0.3131070409358269,-0.9497178427914316,5228.0,6788.0,8812.0,3721.714285714286,5078.0,2610.96774614865,4485.666666666667,5283.5,2477.9521346485267,20260.0,0,1,0,0,0,1,1,0,0,5078
201,0,2014-06-14,-0.7818314824680299,0.6234898018587334,1.2246467991473532e-16,-1.0,0.29671281927349075,-0.9549667548552551,5078.0,6060.0,6149.0,3674.8571428571427,5078.0,2564.5407274709314,4520.0,5394.5,2488.1674464109738,20260.0,0,1,0,0,0,1,1,0,0,5732
201,0,2014-06-15,-2.4492935982947064e-16,1.0,1.2246467991473532e-16,-1.0,0.28023067519921585,-0.9599326896597447,5732.0,0.0,0.0,3674.8571428571427,5078.0,2564.5407274709314,4368.333333333333,5394.5,2621.382608779037,20260.0,0,1,0,0,0,1,1,0,0,0
201,0,2014-06-16,0.7818314824680298,0.6234898018587336,1.2246467991473532e-16,-1.0,0.26366549272800704,-0.9646141756912435,0.0,0.0,7128.0,4722.285714285715,5228.0,2296.7944120945085,4458.7,5451.5,2676.5408214644353,20260.0,1,1,0,0,0,1,1,0,0,7332
201,0,2014-06-17,0.9749279121818236,-0.22252093395631434,1.2246467991473532e-16,-1.0,0.24702218048093552,-0.9690098257244062,7332.0,5588.0,5510.0,4716.0,5228.0,2294.088925913725,4643.5,5481.5,2546.2994887104096,20260.0,1,1,0,0,0,1,1,0,0,5544
201,0,2014-06-18,0.43388373911755823,-0.900968867902419,1.2246467991473532e-16,-1.0,0.23030567023061221,-0.9731183372332619,5544.0,4098.0,5840.0,5183.285714285715,5544.0,2473.3599761111514,4707.466666666666,5527.0,2590.970710561681,20260.0,1,1,0,0,0,1,1,0,0,7369
201,0,2014-06-19,-0.433883739117558,-0.9009688679024191,1.2246467991473532e-16,-1.0,0.21352091543979612,-0.9769384927771817,7369.0,5228.0,6399.0,4436.428571428572,5544.0,3153.435684939144,4549.7,5527.0,2729.7443880586925,20260.0,1,1,0,0,0,1,1,0,0,0
201,0,2014-06-20,-0.9749279121818236,-0.2225209339563146,1.2246467991473532e-16,-1.0,0.19667288979357647,-0.980469160361632,0.0,5078.0,6788.0,4950.428571428572,5732.0,3544.4303659470593,4657.133333333333,5566.0,2828.1696985290955,20260.0,1,1,0,0,0,1,1,0,0,8676
201,0,2014-06-21,-0.7818314824680299,0.6234898018587334,1.2246467991473532e-16,-1.0,0.1797665857255624,-0.9837092937736097,8676.0,5732.0,6060.0,4847.714285714285,5544.0,3528.3879564793547,4628.533333333334,5527.0,2819.79701804731,20260.0,0,1,0,0,0,1,1,0,0,5013
201,0,2014-06-22,-2.4492935982947064e-16,1.0,1.2246467991473532e-16,-1.0,0.16280701293851715,-0.986657932891657,5013.0,0.0,0.0,4847.714285714285,5544.0,3528.3879564793547,4409.266666666666,5424.5,2917.0542880687403,20260.0,0,1,0,0,0,1,1,0,0,0
201,0,2014-06-23,0.7818314824680298,0.6234898018587336,1.2246467991473532e-16,-1.0,0.1457991969198751,-0.9893142039703663,0.0,7332.0,0.0,4431.714285714285,5013.0,3354.027465316172,4378.633333333333,5369.0,2911.774698599171,20260.0,0,1,0,0,0,1,1,0,0,4420
201,0,2014-06-24,0.9749279121818236,-0.22252093395631434,1.2246467991473532e-16,-1.0,0.12874817745258132,-0.99167731989929,4420.0,5544.0,5588.0,4184.857142857143,4420.0,3321.9561721256646,4505.833333333333,5369.0,2794.904576538172,20260.0,0,1,0,0,0,1,1,0,0,3816
201,0,2014-06-25,0.43388373911755823,-0.900968867902419,1.2246467991473532e-16,-1.0,0.11165900712169512,-0.993746580436178,3816.0,7369.0,4098.0,3667.5714285714284,3816.0,3010.851034571611,4493.9,5369.0,2797.433729762653,20260.0,0,1,0,0,0,1,1,0,0,3748
201,0,2014-06-26,-0.433883739117558,-0.9009688679024191,1.2246467991473532e-16,-1.0,0.09453674981719912,-0.9955213724144752,3748.0,0.0,5228.0,4195.857142857143,3816.0,2549.1040536216765,4475.4,5369.0,2800.9147840636283,20260.0,0,1,0,0,0,1,1,0,0,3698
201,0,2014-06-27,-0.9749279121818236,-0.2225209339563146,1.2246467991473532e-16,-1.0,0.07738647923346301,-0.9970011699250151,3698.0,8676.0,5078.0,3619.5714285714284,3816.0,1672.8327130093649,4422.266666666666,5153.0,2781.4157513052937,20260.0,0,1,0,0,0,1,1,0,0,4642
201,0,2014-06-28,-0.7818314824680299,0.6234898018587334,1.2246467991473532e-16,-1.0,0.06021327736579302,-0.9981855344718586,4642.0,5013.0,5732.0,3683.5714285714284,3816.0,1742.1614790390718,4604.3,5344.5,2657.9767668479426,20260.0,0,1,0,0,0,1,1,0,0,5461
201,0,2014-06-29,-2.4492935982947064e-16,1.0,1.2246467991473532e-16,-1.0,0.04302223300453059,-0.99907411510223,5461.0,0.0,0.0,3683.5714285714284,3816.0,1742.1614790390718,4310.566666666667,5153.0,2663.850178081411,20260.0,0,1,0,0,0,1,1,0,0,0
201,0,2014-06-30,0.7818314824680298,0.6234898018587336,1.2246467991473532e-16,-1.0,0.02581844022713308,-0.9996666485105112,0.0,4420.0,7332.0,4166.714285714285,3816.0,2345.0620968527087,4365.666666666667,5153.0,2719.6984154983734,20260.0,1,1,0,0,0,1,1,0,0,7802
201,0,2014-07-01,0.9749279121818236,-0.22252093395631434,-0.4999999999999998,-0.8660254037844388,0.008606996888688698,-0.9999629591162655,7802.0,3816.0,5544.0,4446.571428571428,4642.0,2412.1649927774297,4558.166666666667,5344.5,2601.8661218617585,20260.0,1,1,0,0,0,1,1,0,0,5775
201,0,2014-07-02,0.43388373911755823,-0.900968867902419,-0.4999999999999998,-0.8660254037844388,-0.008606996888688009,-0.9999629591162655,5775.0,3748.0,7369.0,4707.0,5461.0,2422.561179138032,4506.266666666666,5344.5,2564.092175616443,20260.0,1,1,0,0,0,1,1,0,0,5571
201,0,2014-07-03,-0.433883739117558,-0.9009688679024191,-0.4999999999999998,-0.8660254037844388,-0.02581844022713239,-0.9996666485105112,5571.0,3698.0,0.0,5048.714285714285,5571.0,2425.2162593801586,4525.6,5344.5,2574.0884506411453,20260.0,1,1,0,0,0,1,1,0,0,6090
201,0,2014-07-04,-0.9749279121818236,-0.2225209339563146,-0.4999999999999998,-0.8660254037844388,-0.04302223300453034,-0.99907411510223,6090.0,4642.0,8676.0,5275.285714285715,5775.0,2454.7912140876438,4538.533333333334,5344.5,2581.883230529984,20260.0,1,1,0,0,0,1,1,0,0,6228
201,0,2014-07-05,-0.7818314824680299,0.6234898018587334,-0.4999999999999998,-0.8660254037844388,-0.060213277365792774,-0.9981855344718586,6228.0,5461.0,5013.0,5321.0,5781.0,2461.7956860795703,4517.933333333333,5344.5,2568.9603818817745,20260.0,0,1,0,0,0,1,1,0,0,5781
201,0,2014-07-06,-2.4492935982947064e-16,1.0,-0.4999999999999998,-0.8660254037844388,-0.07738647923346322,-0.9970011699250151,5781.0,0.0,0.0,5321.0,5781.0,2461.7956860795703,4291.666666666667,5153.0,2659.4644694689587,20260.0,0,1,0,0,0,1,1,0,0,0
201,0,2014-07-07,0.7818314824680298,0.6234898018587336,-0.4999999999999998,-0.8660254037844388,-0.09453674981719933,-0.9955213724144752,0.0,7802.0,4420.0,4888.571428571428,5775.0,2205.9171076253674,4248.833333333333,5045.5,2640.2805112640804,20260.0,0,1,0,0,0,1,1,0,0,4775
201,0,2014-07-08,0.9749279121818236,-0.22252093395631434,-0.4999999999999998,-0.8660254037844388,-0.11165900712169444,-0.9937465804361781,4775.0,5775.0,3816.0,4567.571428571428,5571.0,2218.8786099546473,4366.433333333333,5045.5,2520.3549104665076,20260.0,0,1,0,0,0,1,1,0,0,3528
201,0,2014-07-09,0.43388373911755823,-0.900968867902419,-0.4999999999999998,-0.8660254037844388,-0.12874817745258066,-0.99167731989929,3528.0,5571.0,3748.0,4303.857142857143,4775.0,2189.2454886384467,4490.6,5045.5,2385.9983322247535,20260.0,0,1,0,0,0,1,1,0,0,3725
201,0,2014-07-10,-0.433883739117558,-0.9009688679024191,-0.4999999999999998,-0.8660254037844388,-0.14579919691987442,-0.9893142039703664,3725.0,6090.0,3698.0,4068.4285714285716,4442.0,2049.2911666511104,4452.4,4894.0,2376.9797643227835,20260.0,0,1,0,0,0,1,1,0,0,4442
201,0,2014-07-11,-0.9749279121818236,-0.2225209339563146,-0.4999999999999998,-0.8660254037844388,-0.16280701293851646,-0.9866579328916572,4442.0,6228.0,4642.0,3889.5714285714284,4442.0,1876.76910825873,4481.666666666667,4994.5,2377.8707707314215,20260.0,0,1,0,0,0,1,1,0,0,4976
201,0,2014-07-12,-0.7818314824680299,0.6234898018587334,-0.4999999999999998,-0.8660254037844388,-0.17976658572556214,-0.9837092937736098,4976.0,5781.0,5461.0,3858.8571428571427,4442.0,1842.0948608012725,4492.933333333333,4994.5,2382.3255073537916,20260.0,0,1,0,0,0,1,1,0,0,5566
201,0,2014-07-13,-2.4492935982947064e-16,1.0,-0.4999999999999998,-0.8660254037844388,-0.19667288979357622,-0.9804691603616321,5566.0,0.0,0.0,3858.8571428571427,4442.0,1842.0948608012727,4323.666666666667,4875.5,2515.972292119418,20260.0,0,1,0,0,0,1,1,0,0,0
201,0,2014-07-14,0.7818314824680298,0.6234898018587336,-0.4999999999999998,-0.8660254037844388,-0.2135209154397959,-0.9769384927771817,0.0,4775.0,7802.0,4085.285714285714,4442.0,2058.2107694375118,4344.6,4875.5,2530.663571149832,20260.0,1,1,0,0,0,1,1,0,0,6360
201,0,2014-07-15,0.9749279121818236,-0.22252093395631434,-0.4999999999999998,-0.8660254037844388,-0.23030567023061196,-0.973118337233262,6360.0,3528.0,5775.0,4286.142857142857,4934.0,2063.3602390737447,4509.066666666667,4955.0,2395.2816396685644,20260.0,1,1,0,0,0,1,1,0,0,4934
201,0,2014-07-16,0.43388373911755823,-0.900968867902419,-0.4999999999999998,-0.8660254037844388,-0.24702218048093527,-0.9690098257244063,4934.0,3725.0,5571.0,4503.857142857143,4976.0,2074.6545438193943,4439.633333333333,4955.0,2340.186913892567,20260.0,1,1,0,0,0,1,1,0,0,5249
201,0,2014-07-17,-0.433883739117558,-0.9009688679024191,-0.4999999999999998,-0.8660254037844388,-0.2636654927280072,-0.9646141756912435,5249.0,4442.0,6090.0,4733.857142857143,5249.0,2154.3664520048096,4456.566666666667,4955.0,2350.2697377598765,20260.0,1,1,0,0,0,1,1,0,0,6052
201,0,2014-07-18,-0.9749279121818236,-0.2225209339563146,-0.4999999999999998,-0.8660254037844388,-0.2802306751992161,-0.9599326896597445,6052.0,4976.0,6228.0,4943.142857142857,5566.0,2250.8098119396473,4425.633333333333,4955.0,2316.4797085728765,20260.0,1,1,0,0,0,1,1,0,0,6441
201,0,2014-07-19,-0.7818314824680299,0.6234898018587334,-0.4999999999999998,-0.8660254037844388,-0.2967128192734901,-0.9549667548552553,6441.0,5566.0,5781.0,4909.857142857143,5333.0,2241.76830713103,4603.4,4994.5,2164.8072558942536,20260.0,0,1,0,0,0,1,1,0,0,5333
201,0,2014-07-20,-2.4492935982947064e-16,1.0,-0.4999999999999998,-0.8660254037844388,-0.3131070409358267,-0.9497178427914317,5333.0,0.0,0.0,4909.857142857143,5333.0,2241.76830713103,4314.2,4955.0,2181.4377163569948,20260.0,0,1,0,0,0,1,1,0,0,0
201,0,2014-07-21,0.7818314824680298,0.6234898018587336,-0.4999999999999998,-0.8660254037844388,-0.3294084822245302,-0.9441875088341994,0.0,6360.0,4775.0,4685.0,5249.0,2149.094848224863,4306.633333333333,4860.0,2179.3229015442835,20260.0,0,1,0,0,0,1,1,0,0,4786
201,0,2014-07-22,0.9749279121818236,-0.22252093395631434,-0.4999999999999998,-0.8660254037844388,-0.3456123126707333,-0.9383773917408642,4786.0,4934.0,3528.0,4582.714285714285,5249.0,2152.3050987476704,4447.233333333334,4860.0,2022.3042112868427,20260.0,0,1,0,0,0,1,1,0,0,4218
201,0,2014-07-23,0.43388373911755823,-0.900968867902419,-0.4999999999999998,-0.8660254037844388,-0.3617137307297674,-0.9322892131745134,4218.0,5249.0,3725.0,4421.285714285715,4786.0,2136.3201784287594,4437.2,4860.0,2023.190471201022,20260.0,0,1,0,0,0,1,1,0,0,4119
201,0,2014-07-24,-0.433883739117558,-0.9009688679024191,-0.4999999999999998,-0.8660254037844388,-0.37770796520396466,-0.9259247771938499,4119.0,6052.0,4442.0,4272.714285714285,4786.0,2037.9067458453264,4477.066666666667,4955.0,2022.3110360270437,20260.0,0,1,0,0,0,1,1,0,0,5012
201,0,2014-07-25,-0.9749279121818236,-0.2225209339563146,-0.4999999999999998,-0.8660254037844388,-0.39359027665646645,-0.9192859697186105,5012.0,6441.0,4976.0,4172.428571428572,4786.0,1927.7151291224545,4543.433333333333,4994.0,2030.2141671182894,20260.0,0,1,0,0,0,1,1,0,0,5739
201,0,2014-07-26,-0.7818314824680299,0.6234898018587334,-0.4999999999999998,-0.8660254037844388,-0.4093559588156211,-0.9123747579707274,5739.0,5333.0,5566.0,4091.285714285714,4765.0,1882.1370579110035,4579.0,4994.0,2024.2299685355006,20260.0,0,1,0,0,0,1,1,0,0,4765
201,0,2014-07-27,-2.4492935982947064e-16,1.0,-0.4999999999999998,-0.8660254037844388,-0.42500033996955394,-0.9051931898913975,4765.0,0.0,0.0,4091.285714285714,4765.0,1882.1370579110035,4424.266666666666,4994.0,2189.8882184247204,20260.0,0,1,0,0,0,1,1,0,0,0
201,0,2014-07-28,0.7818314824680298,0.6234898018587336,-0.4999999999999998,-0.8660254037844388,-0.4405187843504952,-0.8977433935342336,0.0,4786.0,6360.0,4313.428571428572,4765.0,2061.059343892747,4453.6,4994.0,2210.054915841341,20260.0,1,1,0,0,0,1,1,0,0,6341
201,0,2014-07-29,0.9749279121818236,-0.22252093395631434,-0.4999999999999998,-0.8660254037844388,-0.455906693508459,-0.8900275764346766,6341.0,4218.0,4934.0,4506.285714285715,5012.0,2113.1445536834167,4639.2,5130.5,2051.238925877353,20260.0,1,1,0,0,0,1,1,0,0,5568
201,0,2014-07-30,0.43388373911755823,-0.900968867902419,-0.4999999999999998,-0.8660254037844388,-0.47115950767386394,-0.8820480249558535,5568.0,4119.0,5249.0,4675.285714285715,5302.0,2124.285112242521,4555.866666666667,5130.5,1967.3850969091495,20260.0,1,1,0,0,0,1,1,0,0,5302
201,0,2014-07-31,-0.433883739117558,-0.9009688679024191,-0.4999999999999998,-0.8660254037844388,-0.4862727071086902,-0.8738071036110807,5302.0,5012.0,6052.0,4902.571428571428,5568.0,2247.836653106182,4583.466666666666,5130.5,1990.7470047149645,20260.0,1,1,0,0,0,1,1,0,0,6603
201,0,2014-08-01,-0.9749279121818236,-0.2225209339563146,-0.8660254037844384,-0.5000000000000004,-0.5012418134457756,-0.8653072543632061,6603.0,5739.0,6441.0,5032.571428571428,5568.0,2329.1170614020816,4619.4,5130.5,2018.7193379757462,20260.0,1,1,0,0,0,1,1,0,0,6649
201,0,2014-08-02,-0.7818314824680299,0.6234898018587334,-0.8660254037844384,-0.5000000000000004,-0.5160623910158526,-0.8565509959010037,6649.0,4765.0,5333.0,5100.857142857143,5568.0,2326.970951585729,4591.166666666667,5127.5,2003.3067849714475,20260.0,0,1,0,0,0,1,1,0,0,5243
201,0,2014-08-03,-2.4492935982947064e-16,1.0,-0.8660254037844384,-0.5000000000000004,-0.5307300481619331,-0.8475409228928312,5243.0,0.0,0.0,5100.857142857143,5568.0,2326.970951585729,4383.566666666667,4994.0,2145.4889272102064,20260.0,0,1,0,0,0,1,1,0,0,0
201,0,2014-08-04,0.7818314824680298,0.6234898018587336,-0.8660254037844384,-0.5000000000000004,-0.5452404385406507,-0.8382797052177745,0.0,6341.0,4786.0,5320.428571428572,5568.0,2527.378408360648,4453.466666666666,4994.0,2225.2642110984025,20260.0,1,1,0,0,0,1,1,0,0,7878
201,0,2014-08-05,0.9749279121818236,-0.22252093395631434,-0.8660254037844384,-0.5000000000000004,-0.5595892624101763,-0.828770087174504,7878.0,5568.0,4218.0,5348.0,5761.0,2531.5785589232623,4645.5,5127.5,2070.916817623836,20260.0,1,1,0,0,0,1,1,0,0,5761
201,0,2014-08-06,0.43388373911755823,-0.900968867902419,-0.8660254037844384,-0.5000000000000004,-0.5737722679043243,-0.8190148866680802,5761.0,5302.0,4119.0,5352.714285714285,5761.0,2531.5093465023106,4664.166666666667,5246.0,2074.6448318111975,20260.0,1,1,0,0,0,1,1,0,0,5335
201,0,2014-08-07,-0.433883739117558,-0.9009688679024191,-0.8660254037844384,-0.5000000000000004,-0.5877852522924734,-0.8090169943749472,5335.0,6603.0,5012.0,5283.714285714285,5761.0,2498.113402435637,4750.566666666667,5275.5,2079.6635285435036,20260.0,1,1,0,0,0,1,1,0,0,6120
201,0,2014-08-08,-0.9749279121818236,-0.2225209339563146,-0.8660254037844384,-0.5000000000000004,-0.6016240632249227,-0.7987793728863648,6120.0,6649.0,5739.0,5148.285714285715,5701.0,2436.704038538237,4816.433333333333,5317.5,2077.352387939551,20260.0,1,1,0,0,0,1,1,0,0,5701
201,0,2014-08-09,-0.7818314824680299,0.6234898018587334,-0.8660254037844384,-0.5000000000000004,-0.6152845999633277,-0.7883050558305253,5701.0,5243.0,4765.0,5103.857142857143,5701.0,2437.5243881563783,4832.766666666666,5317.5,2076.232889789503,20260.0,0,1,0,0,0,1,1,0,0,4932
201,0,2014-08-10,-2.4492935982947064e-16,1.0,-0.8660254037844384,-0.5000000000000004,-0.6287628145958345,-0.7775971469736268,4932.0,0.0,0.0,5103.857142857143,5701.0,2437.5243881563783,4666.9,5317.5,2255.4249748642433,20260.0,0,1,0,0,0,1,1,0,0,0
201,0,2014-08-11,0.7818314824680298,0.6234898018587336,-0.8660254037844384,-0.5000000000000004,-0.6420547132365636,-0.7666588193001592,0.0,7878.0,6341.0,4590.285714285715,5335.0,2112.6917833485686,4624.133333333333,5275.5,2249.945910971827,20260.0,0,1,0,0,0,1,1,0,0,4283
201,0,2014-08-12,0.9749279121818236,-0.22252093395631434,-0.8660254037844384,-0.5000000000000004,-0.655156357209085,-0.7554933140726804,4283.0,5761.0,5568.0,4305.428571428572,4932.0,2062.3619838381755,4749.7,5275.5,2081.8137011286312,20260.0,0,1,0,0,0,1,1,0,0,3767
201,0,2014-08-13,0.43388373911755823,-0.900968867902419,-0.8660254037844384,-0.5000000000000004,-0.6680638642135333,-0.7441039398713608,3767.0,5335.0,5302.0,4137.285714285715,4283.0,2011.7917150544904,4676.3,5246.0,2061.8029965425208,20260.0,0,1,0,0,0,1,1,0,0,4158
201,0,2014-08-14,-0.433883739117558,-0.9009688679024191,-0.8660254037844384,-0.5000000000000004,-0.6807734094770159,-0.7324940716135792,4158.0,6120.0,6603.0,3983.4285714285716,4283.0,1871.1535530382323,4679.933333333333,5246.0,2062.368740790186,20260.0,0,1,0,0,0,1,1,0,0,5043
201,0,2014-08-15,-0.9749279121818236,-0.2225209339563146,-0.8660254037844384,-0.5000000000000004,-0.6932812268869771,-0.7206671495538615,5043.0,5701.0,6649.0,3868.714285714286,4283.0,1770.1961957445717,4668.233333333334,5143.0,2060.023345755447,20260.0,0,1,0,0,0,1,1,0,0,4898
201,0,2014-08-16,-0.7818314824680299,0.6234898018587334,-0.8660254037844384,-0.5000000000000004,-0.7055836101071774,-0.7086266782644601,4898.0,4932.0,5243.0,3835.4285714285716,4283.0,1748.9334709228556,4623.133333333333,5027.5,2043.4276939079296,20260.0,0,1,0,0,0,1,1,0,0,4699
201,0,2014-08-17,-2.4492935982947064e-16,1.0,-0.8660254037844384,-0.5000000000000004,-0.7176769136759615,-0.6963762255968726,4699.0,0.0,0.0,3835.4285714285716,4283.0,1748.9334709228556,4408.433333333333,4972.0,2179.6721152239966,20260.0,0,1,0,0,0,1,1,0,0,0
201,0,2014-08-18,0.7818314824680298,0.6234898018587336,-0.8660254037844384,-0.5000000000000004,-0.7295575540864876,-0.6839194216246105,0.0,4283.0,7878.0,4176.428571428572,4699.0,2056.4175043947025,4453.0,4972.0,2212.6471897270226,20260.0,1,1,0,0,0,1,1,0,0,6670
201,0,2014-08-19,0.9749279121818236,-0.22252093395631434,-0.8660254037844384,-0.5000000000000004,-0.7412220108485957,-0.6712599575675315,6670.0,3767.0,5761.0,4439.571428571428,4898.0,2112.385606933766,4639.966666666666,5027.5,2054.740951594851,20260.0,1,1,0,0,0,1,1,0,0,5609
201,0,2014-08-20,0.43388373911755823,-0.900968867902419,-0.8660254037844384,-0.5000000000000004,-0.7526668275320083,-0.6584015846980489,5609.0,4158.0,5335.0,4592.571428571428,5043.0,2127.3257748593505,4654.733333333334,5136.0,2057.4167253158,20260.0,1,1,0,0,0,1,1,0,0,5229
201,0,2014-08-21,-0.433883739117558,-0.9009688679024191,-0.8660254037844384,-0.5000000000000004,-0.7638886127905429,-0.64534811322955,5229.0,5043.0,6120.0,4709.428571428572,5229.0,2178.0543961023873,4709.5,5236.0,2067.2345803862754,20260.0,1,1,0,0,0,1,1,0,0,5861
201,0,2014-08-22,-0.9749279121818236,-0.2225209339563146,-0.8660254037844384,-0.5000000000000004,-0.7748840413670406,-0.6321034111873488,5861.0,4898.0,5701.0,4818.285714285715,5609.0,2207.8875057609303,4760.866666666667,5272.5,2071.1974669563574,20260.0,1,1,0,0,0,1,1,0,0,5660
201,0,2014-08-23,-0.7818314824680299,0.6234898018587334,-0.8660254037844384,-0.5000000000000004,-0.7856498550787144,-0.6186714032625032,5660.0,4699.0,4932.0,4817.428571428572,5609.0,2207.942696806449,4750.233333333334,5272.5,2070.6825075627676,20260.0,0,1,0,0,0,1,1,0,0,4693
201,0,2014-08-24,-2.4492935982947064e-16,1.0,-0.8660254037844384,-0.5000000000000004,-0.7961828637826154,-0.6050560696488494,4693.0,0.0,0.0,4817.428571428572,5609.0,2207.942696806449,4558.933333333333,5236.0,2234.7818058012335,20260.0,0,1,0,0,0,1,1,0,0,0
201,0,2014-08-25,0.7818314824680298,0.6234898018587336,-0.8660254037844384,-0.5000000000000004,-0.8064799463209447,-0.5912614448635782,0.0,6670.0,4283.0,4427.714285714285,5229.0,2062.4128033515876,4531.5,5236.0,2237.2150752896873,20260.0,0,1,0,0,0,1,1,0,0,3942
201,0,2014-08-26,0.9749279121818236,-0.22252093395631434,-0.8660254037844384,-0.5000000000000004,-0.8165380514459157,-0.5772916165517278,3942.0,5609.0,3767.0,4193.0,4693.0,1998.0568894136416,4663.7,5236.0,2071.22985537412,20260.0,0,1,0,0,0,1,1,0,0,3966
201,0,2014-08-27,0.43388373911755823,-0.900968867902419,-0.8660254037844384,-0.5000000000000004,-0.8263541987239095,-0.5631507242749187,3966.0,5229.0,4158.0,4010.8571428571427,3966.0,1945.2926453853827,4584.133333333333,5136.0,2050.3171618966194,20260.0,0,1,0,0,0,1,1,0,0,3954
201,0,2014-08-28,-0.433883739117558,-0.9009688679024191,-0.8660254037844384,-0.5000000000000004,-0.8359254794186365,-0.5488429582847199,3954.0,5861.0,5043.0,3928.5714285714284,3966.0,1864.4925902367117,4574.7,5136.0,2046.2814406827697,20260.0,0,1,0,0,0,1,1,0,0,5285
201,0,2014-08-29,-0.9749279121818236,-0.2225209339563146,-0.8660254037844384,-0.5000000000000004,-0.8452490573530634,-0.5343725582809785,5285.0,5660.0,4898.0,3962.0,3966.0,1902.4211766413127,4594.433333333333,5136.0,2056.36664319969,20260.0,0,1,0,0,0,1,1,0,0,5894
201,0,2014-08-30,-0.7818314824680299,0.6234898018587334,-0.8660254037844384,-0.5000000000000004,-0.8543221697498269,-0.5197438121555157,5894.0,4693.0,4699.0,4155.571428571428,3966.0,2052.2338931956406,4575.933333333333,5136.0,2040.1057939662603,20260.0,0,1,0,0,0,1,1,0,0,6048
201,0,2014-08-31,-2.4492935982947064e-16,1.0,-0.8660254037844384,-0.5000000000000004,-0.8631421280499115,-0.5049610547215202,6048.0,0.0,0.0,4155.571428571428,3966.0,2052.2338931956406,4354.3,4987.5,2164.500725260947,20260.0,0,1,0,0,0,1,1,0,0,0
201,0,2014-09-01,0.7818314824680298,0.6234898018587336,-1.0,-1.8369701987210297e-16,-0.8717063187093218,-0.4900286664290594,0.0,3942.0,6670.0,4641.428571428572,5285.0,2371.0641673548753,4424.3,4987.5,2227.278982417163,20260.0,1,1,0,0,0,1,1,0,0,7343
201,0,2014-09-02,0.9749279121818236,-0.22252093395631434,-1.0,-1.8369701987210297e-16,-0.8800122039735356,-0.4749510720670502,7343.0,3966.0,5609.0,4809.285714285715,5285.0,2356.827225621037,4595.666666666667,5092.0,2067.15372087978,20260.0,1,1,0,0,0,1,1,0,0,5141
201,0,2014-09-03,0.43388373911755823,-0.900968867902419,-1.0,-1.8369701987210297e-16,-0.888057322629493,-0.4597327394521046,5141.0,3954.0,5229.0,4990.285714285715,5285.0,2328.6790042343505,4507.1,5092.0,1976.6099391949163,20260.0,1,1,0,0,0,1,1,0,0,5221
201,0,2014-09-04,-0.433883739117558,-0.9009688679024191,-1.0,-1.8369701987210297e-16,-0.8958392907349089,-0.44437817810461344,5221.0,5285.0,5861.0,5155.714285714285,5894.0,2393.339070161578,4529.833333333333,5092.0,1995.3615018308083,20260.0,1,1,0,0,0,1,1,0,0,6443
201,0,2014-09-05,-0.9749279121818236,-0.2225209339563146,-1.0,-1.8369701987210297e-16,-0.9033558023246842,-0.4288919379124841,6443.0,5894.0,5660.0,5228.428571428572,6048.0,2427.003492453386,4565.433333333333,5092.0,2019.6021916812406,20260.0,1,1,0,0,0,1,1,0,0,6403
201,0,2014-09-06,-0.7818314824680299,0.6234898018587334,-1.0,-1.8369701987210297e-16,-0.9106046300942162,-0.41327860778290443,6403.0,6048.0,4693.0,5142.571428571428,5447.0,2403.6968650492518,4543.0,5092.0,2005.4269646000125,20260.0,0,1,0,0,0,1,1,0,0,5447
201,0,2014-09-07,-2.4492935982947064e-16,1.0,-1.0,-1.8369701987210297e-16,-0.9175836260593934,-0.3975428142825566,5447.0,0.0,0.0,5142.571428571428,5447.0,2403.6968650492518,4352.966666666666,4987.5,2156.344983648428,20260.0,0,1,0,0,0,1,1,0,0,0
201,0,2014-09-08,0.7818314824680298,0.6234898018587336,-1.0,-1.8369701987210297e-16,-0.9242907221930934,-0.3816892202666586,0.0,7343.0,3942.0,4706.142857142857,5221.0,2206.8706674513405,4331.5,4970.5,2153.585650763026,20260.0,0,1,0,0,0,1,1,0,0,4288
201,0,2014-09-09,0.9749279121818236,-0.22252093395631434,-1.0,-1.8369701987210297e-16,-0.9307239310379793,-0.3657225234972692,4288.0,5141.0,3966.0,4488.714285714285,5221.0,2231.7228557242247,4452.133333333333,4970.5,1998.35445637988,20260.0,0,1,0,0,0,1,1,0,0,3619
201,0,2014-09-10,0.43388373911755823,-0.900968867902419,-1.0,-1.8369701987210297e-16,-0.9368813462954315,-0.34964745525122826,3619.0,5221.0,3954.0,4227.428571428572,4288.0,2238.755968325773,4422.433333333333,4970.5,2007.554777598226,20260.0,0,1,0,0,0,1,1,0,0,3392
201,0,2014-09-11,-0.433883739117558,-0.9009688679024191,-1.0,-1.8369701987210297e-16,-0.9427611433904206,-0.33346877891818705,3392.0,6443.0,5285.0,3919.285714285714,4286.0,2020.8158182844265,4439.733333333334,4970.5,2003.9448325625171,20260.0,0,1,0,0,0,1,1,0,0,4286
201,0,2014-09-12,-0.9749279121818236,-0.2225209339563146,-1.0,-1.8369701987210297e-16,-0.9483615800121716,-0.31719128858910595,4286.0,6403.0,5894.0,3692.714285714286,4286.0,1769.1754872713702,4461.7,4970.5,2004.3619012130705,20260.0,0,1,0,0,0,1,1,0,0,4817
201,0,2014-09-13,-0.7818314824680299,0.6234898018587334,-1.0,-1.8369701987210297e-16,-0.9536809966304455,-0.300819807635668,4817.0,5447.0,6048.0,3605.5714285714284,4286.0,1681.2002515209992,4454.833333333333,4867.5,2002.6539130369708,20260.0,0,1,0,0,0,1,1,0,0,4837
201,0,2014-09-14,-2.4492935982947064e-16,1.0,-1.0,-1.8369701987210297e-16,-0.9587178169872964,-0.2843591872810036,4837.0,0.0,0.0,3605.5714285714284,4286.0,1681.2002515209992,4291.566666666667,4827.0,2158.8432516182047,20260.0,0,1,0,0,0,1,1,0,0,0
201,0,2014-09-15,0.7818314824680298,0.6234898018587336,-1.0,-1.8369701987210297e-16,-0.9634705485641486,-0.26781430516217486,0.0,4288.0,7343.0,3847.4285714285716,4286.0,1902.896639086738,4334.3,4989.0,2179.7731636176227,20260.0,1,1,0,0,0,1,1,0,0,5981
201,0,2014-09-16,0.9749279121818236,-0.22252093395631434,-1.0,-1.8369701987210297e-16,-0.9679377830240642,-0.25119006388481957,5981.0,3619.0,5141.0,4043.285714285714,4817.0,1945.5446293420998,4500.633333333333,5065.5,2022.3296822422783,20260.0,1,1,0,0,0,1,1,0,0,4990
201,0,2014-09-17,0.43388373911755823,-0.900968867902419,-1.0,-1.8369701987210297e-16,-0.9721181966290612,-0.23449138957041052,4990.0,3392.0,5221.0,4184.285714285715,4817.0,1926.1458679866091,4424.266666666666,4913.5,1980.407393360809,20260.0,1,1,0,0,0,1,1,0,0,4379
201,0,2014-09-18,-0.433883739117558,-0.9009688679024191,-1.0,-1.8369701987210297e-16,-0.9760105506323682,-0.21772323039653224,4379.0,4286.0,6443.0,4451.428571428572,4837.0,2067.122868235204,4442.5,4913.5,1994.1615081757166,20260.0,1,1,0,0,0,1,1,0,0,6156
201,0,2014-09-19,-0.9749279121818236,-0.2225209339563146,-1.0,-1.8369701987210297e-16,-0.9796136916454901,-0.20089055513063528,6156.0,4817.0,6403.0,4572.428571428572,4990.0,2116.293210399007,4457.0,4913.5,2001.6449786836945,20260.0,1,1,0,0,0,1,1,0,0,5664
201,0,2014-09-20,-0.7818314824680299,0.6234898018587334,-1.0,-1.8369701987210297e-16,-0.9829265519799822,-0.18399835165767986,5664.0,4837.0,5447.0,4533.714285714285,4990.0,2113.123021681863,4413.833333333333,4827.0,1984.2106062323753,20260.0,0,1,0,0,0,1,1,0,0,4566
201,0,2014-09-21,-2.4492935982947064e-16,1.0,-1.0,-1.8369701987210297e-16,-0.9859481499638303,-0.1670516255021195,4566.0,0.0,0.0,4533.714285714285,4990.0,2113.123021681863,4225.166666666667,4755.0,2125.6787976020046,20260.0,0,1,0,0,0,1,1,0,0,0
201,0,2014-09-22,0.7818314824680298,0.6234898018587336,-1.0,-1.8369701987210297e-16,-0.9886775902323404,-0.15005539834465262,0.0,5981.0,4288.0,4316.428571428572,4566.0,2015.4420406073707,4217.4,4691.5,2124.335751760274,20260.0,0,1,0,0,0,1,1,0,0,4460
201,0,2014-09-23,0.9749279121818236,-0.22252093395631434,-1.0,-1.8369701987210297e-16,-0.9911140639934546,-0.13301470653419636,4460.0,4990.0,3619.0,4032.8571428571427,4460.0,2044.3131225076863,4317.566666666667,4691.5,1984.8887692857686,20260.0,0,1,0,0,0,1,1,0,0,3005
201,0,2014-09-24,0.43388373911755823,-0.900968867902419,-1.0,-1.8369701987210297e-16,-0.9932568492674143,-0.11593459959550066,3005.0,4379.0,3392.0,3865.714285714286,4460.0,2059.0720170573336,4293.133333333333,4691.5,1994.1611274665952,20260.0,0,1,0,0,0,1,1,0,0,3209
201,0,2014-09-25,-0.433883739117558,-0.9009688679024191,-1.0,-1.8369701987210297e-16,-0.9951053111006974,-0.09882013873287211,3209.0,6156.0,4286.0,3582.5714285714284,4174.0,1813.2433057133485,4300.066666666667,4691.5,1993.3459469865757,20260.0,0,1,0,0,0,1,1,0,0,4174
201,0,2014-09-26,-0.9749279121818236,-0.2225209339563146,-1.0,-1.8369701987210297e-16,-0.99665890175417,-0.08167639533042288,4174.0,5664.0,4817.0,3431.5714285714284,4174.0,1647.453070362736,4321.833333333333,4712.0,1993.0019479086839,20260.0,0,1,0,0,0,1,1,0,0,4607
201,0,2014-09-27,-0.7818314824680299,0.6234898018587334,-1.0,-1.8369701987210297e-16,-0.9979171608653922,-0.06450844944931625,4607.0,4566.0,4837.0,3414.1428571428573,4174.0,1634.0423728258893,4293.8,4586.5,1984.8851682237123,20260.0,0,1,0,0,0,1,1,0,0,4444
201,0,2014-09-28,-2.4492935982947064e-16,1.0,-1.0,-1.8369701987210297e-16,-0.9988797155850335,-0.04732138832243232,4444.0,0.0,0.0,3414.1428571428573,4174.0,1634.0423728258893,4097.333333333333,4513.0,2108.859870646454,20260.0,0,1,0,0,0,1,1,0,0,0
201,0,2014-09-29,0.7818314824680298,0.6234898018587336,-1.0,-1.8369701987210297e-16,-0.9995462806873573,-0.03012030484690836,0.0,4460.0,5981.0,3689.714285714286,4174.0,1968.2880644768156,4108.7,4513.0,2120.6226175835454,20260.0,1,1,0,0,0,1,1,0,0,6389
201,0,2014-09-30,0.9749279121818236,-0.22252093395631434,-1.0,-1.8369701987210297e-16,-0.9999166586547379,-0.012910296075008843,6389.0,3005.0,4990.0,4126.285714285715,4444.0,2123.870187047352,4310.733333333334,4586.5,2001.0316638025051,20260.0,1,1,0,0,0,1,1,0,0,6061
201,0,2014-10-01,0.43388373911755823,-0.900968867902419,-0.8660254037844386,0.5000000000000001,-0.9999907397361901,0.004303538296243821,6061.0,3209.0,4379.0,4538.0,4607.0,2194.579534519839,4269.0,4586.5,1947.9623482872607,20260.0,1,1,0,0,0,1,1,0,0,6091
201,0,2014-10-02,-0.433883739117558,-0.9009688679024191,-0.8660254037844386,0.5000000000000001,-0.9997685019798909,0.021516097436222233,6091.0,4174.0,6156.0,4972.142857142857,6061.0,2401.417805420467,4338.066666666667,4586.5,2015.5071909525902,20260.0,1,1,0,0,0,1,1,0,0,7213
201,0,2014-10-03,-0.9749279121818236,-0.2225209339563146,-0.8660254037844386,0.5000000000000001,-0.9992500112396835,0.03872228089217399,7213.0,4607.0,5664.0,4314.0,6061.0,3059.347860792119,4164.033333333334,4513.0,2157.0768132268518,20260.0,1,1,0,0,0,1,1,0,0,0
201,0,2014-10-04,-0.7818314824680299,0.6234898018587334,-0.8660254037844386,0.5000000000000001,-0.9984354211555643,0.05591699010060302,0.0,4444.0,4566.0,4596.857142857143,6091.0,3163.141867857092,4163.4,4513.0,2156.387298077582,20260.0,0,1,0,0,0,1,1,0,0,6424
201,0,2014-10-05,-2.4492935982947064e-16,1.0,-0.8660254037844386,0.5000000000000001,-0.9973249731081555,0.07309512989807776,6424.0,0.0,0.0,4596.857142857143,6091.0,3163.141867857092,3949.9666666666667,4452.0,2242.2406970881043,20260.0,0,1,0,0,0,1,1,0,0,0
201,0,2014-10-06,0.7818314824680298,0.6234898018587336,-0.8660254037844386,0.5000000000000001,-0.9959189961471792,0.0902516100310407,0.0,6389.0,4460.0,4647.857142857143,6091.0,3199.5216011445295,3993.266666666667,4452.0,2284.2949856813993,20260.0,1,1,0,0,0,1,1,0,0,6746
201,0,2014-10-07,0.9749279121818236,-0.22252093395631434,-0.8660254037844386,0.5000000000000001,-0.994217906893952,0.10738134666416306,6746.0,6061.0,3005.0,4575.714285714285,6091.0,3167.8843999471555,4178.466666666666,4513.0,2171.834513498434,20260.0,1,1,0,0,0,1,1,0,0,5556
201,0,2014-10-08,0.43388373911755823,-0.900968867902419,-0.8660254037844386,0.5000000000000001,-0.9922222094179324,0.12447926388678869,5556.0,6091.0,3209.0,4430.142857142857,5556.0,3109.523566323913,4204.6,4586.5,2177.9063435738694,20260.0,1,1,0,0,0,1,1,0,0,5072
201,0,2014-10-09,-0.433883739117558,-0.9009688679024191,-0.8660254037844386,0.5000000000000001,-0.989932495087353,0.141540295217043,5072.0,7213.0,4174.0,4242.428571428572,5556.0,2949.051025733691,4280.6,4712.0,2196.4688683555623,20260.0,1,1,0,0,0,1,1,0,0,5899
201,0,2014-10-10,-0.9749279121818236,-0.2225209339563146,-0.8660254037844386,0.5000000000000001,-0.9873494423939864,0.15855938510313475,5899.0,0.0,4607.0,5091.285714285715,5899.0,2310.4056436252085,4365.6,4827.0,2210.1933071956414,20260.0,1,1,0,0,0,1,1,0,0,5942
201,0,2014-10-11,-0.7818314824680299,0.6234898018587334,-0.8660254037844386,0.5000000000000001,-0.9844738167520923,0.17553149042142777,5942.0,6424.0,4444.0,4878.714285714285,5556.0,2234.559070173625,4387.266666666666,4886.5,2212.570792685213,20260.0,0,1,0,0,0,1,1,0,0,4936
201,0,2014-10-12,-2.4492935982947064e-16,1.0,-0.8660254037844386,0.5000000000000001,-0.9813064702716093,0.19245158197082995,4936.0,0.0,0.0,4878.714285714285,5556.0,2234.559070173625,4226.7,4886.5,2350.778332588062,20260.0,0,1,0,0,0,1,1,0,0,0
201,0,2014-10-13,0.7818314824680298,0.6234898018587336,-0.8660254037844386,0.5000000000000001,-0.9778483415056568,0.20931464596304888,0.0,6746.0,6389.0,4524.142857142857,5072.0,2080.4885987488105,4207.6,4771.5,2347.9748074780773,20260.0,0,1,0,0,0,1,1,0,0,4264
201,0,2014-10-14,0.9749279121818236,-0.22252093395631434,-0.8660254037844386,0.5000000000000001,-0.9741004551724206,0.22611568550828803,4264.0,5556.0,6061.0,4195.285714285715,4936.0,2072.1205494441083,4316.066666666667,4771.5,2218.4888446920304,20260.0,0,1,0,0,0,1,1,0,0,3254
201,0,2014-10-15,0.43388373911755823,-0.900968867902419,-0.8660254037844386,0.5000000000000001,-0.970063921851507,0.2428497220959358,3254.0,5072.0,6091.0,4012.714285714286,4264.0,2038.0209938635458,4243.166666666667,4586.5,2197.727730671138,20260.0,0,1,0,0,0,1,1,0,0,3794
201,0,2014-10-16,-0.433883739117558,-0.9009688679024191,-0.8660254037844386,0.5000000000000001,-0.965739937654855,0.25951179706979943,3794.0,5899.0,7213.0,3821.285714285714,4264.0,1888.7834457030508,4228.8,4562.5,2194.0830053766763,20260.0,0,1,0,0,0,1,1,0,0,4559
201,0,2014-10-17,-0.9749279121818236,-0.2225209339563146,-0.8660254037844386,0.5000000000000001,-0.9611297838723007,0.27609697309746883,4559.0,5942.0,0.0,3686.714285714286,4264.0,1740.2197863378894,4249.5,4586.5,2198.4739338757295,20260.0,0,1,0,0,0,1,1,0,0,5000
201,0,2014-10-18,-0.7818314824680299,0.6234898018587334,-0.8660254037844386,0.5000000000000001,-0.9562348265919058,0.2926003356333479,5000.0,4936.0,6424.0,3629.4285714285716,4264.0,1698.337015744403,4195.466666666666,4562.5,2169.7331908647707,20260.0,0,1,0,0,0,1,1,0,0,4535
201,0,2014-10-19,-2.4492935982947064e-16,1.0,-0.8660254037844386,0.5000000000000001,-0.9510565162951536,0.30901699437494723,4535.0,0.0,0.0,3629.4285714285716,4264.0,1698.337015744403,4006.6666666666665,4547.0,2281.1106540656774,20260.0,0,1,0,0,0,1,1,0,0,0
201,0,2014-10-20,0.7818314824680298,0.6234898018587336,-0.8660254037844386,0.5000000000000001,-0.9455963874271428,0.3253420847119795,0.0,4264.0,6746.0,3838.285714285714,4535.0,1870.5468642695257,4045.3333333333335,4547.0,2300.666385222321,20260.0,1,1,0,0,0,1,1,0,0,5726
201,0,2014-10-21,0.9749279121818236,-0.22252093395631434,-0.8660254037844386,0.5000000000000001,-0.9398560579418953,0.341570769167856,5726.0,3254.0,5556.0,3996.5714285714284,4535.0,1859.7123305449513,4190.733333333334,4547.0,2170.334710136429,20260.0,1,1,0,0,0,1,1,0,0,4362
201,0,2014-10-22,0.43388373911755823,-0.900968867902419,-0.8660254037844386,0.5000000000000001,-0.9338372288229252,0.35769823883312546,4362.0,3794.0,5072.0,4123.857142857143,4559.0,1873.973801717567,4198.233333333334,4583.0,2171.6856425102246,20260.0,1,1,0,0,0,1,1,0,0,4685
201,0,2014-10-23,-0.433883739117558,-0.9009688679024191,-0.8660254037844386,0.5000000000000001,-0.9275416835791965,0.3737197147904692,4685.0,4559.0,5899.0,4321.142857142857,4685.0,1996.1312939927382,4296.066666666667,4646.0,2182.162340010685,20260.0,1,1,0,0,0,1,1,0,0,5940
201,0,2014-10-24,-0.9749279121818236,-0.2225209339563146,-0.8660254037844386,0.5000000000000001,-0.9209712877166346,0.38963044953078774,5940.0,5000.0,5942.0,4456.428571428572,4685.0,2080.131795275065,4387.333333333333,4810.5,2192.3622959678905,20260.0,1,1,0,0,0,1,1,0,0,5947
201,0,2014-10-25,-0.7818314824680299,0.6234898018587334,-0.8660254037844386,0.5000000000000001,-0.9141279881853337,0.4054257283599973,5947.0,4535.0,4936.0,4621.571428571428,5691.0,2132.634431647299,4437.9,4968.0,2204.731954151154,20260.0,0,1,0,0,0,1,1,0,0,5691
201,0,2014-10-26,-2.4492935982947064e-16,1.0,-0.8660254037844386,0.5000000000000001,-0.9070138128026362,0.42110087079608916,5691.0,0.0,0.0,4621.571428571428,5691.0,2132.634431647299,4284.333333333333,4968.0,2348.3180089724556,20260.0,0,1,0,0,0,1,1,0,0,0
201,0,2014-10-27,0.7818314824680298,0.6234898018587336,-0.8660254037844386,0.5000000000000001,-0.8996308696522434,0.4366512319560638,0.0,5726.0,4264.0,4338.142857142857,4685.0,2092.8584462859535,4260.933333333333,4968.0,2350.1689731376423,20260.0,0,1,0,0,0,1,1,0,0,3742
201,0,2014-10-28,0.9749279121818236,-0.22252093395631434,-0.8660254037844386,0.5000000000000001,-0.8919813464595487,0.45207220393230374,3742.0,4362.0,3254.0,4201.857142857143,4685.0,2121.9063306824964,4374.533333333334,4968.0,2215.621073250089,20260.0,0,1,0,0,0,1,1,0,0,3408
201,0,2014-10-29,0.43388373911755823,-0.900968867902419,-0.8660254037844386,0.5000000000000001,-0.8840675099433637,0.46735921715800205,3408.0,4685.0,3794.0,4053.1428571428573,3742.0,2118.8788252730396,4283.033333333334,4810.5,2186.0431974047383,20260.0,0,1,0,0,0,1,1,0,0,3644
201,0,2014-10-30,-0.433883739117558,-0.9009688679024191,-0.8660254037844386,0.5000000000000001,-0.8758917051442433,0.48250774176121763,3644.0,5940.0,4559.0,3996.0,3742.0,2064.2004909084408,4265.666666666667,4810.5,2173.464679410197,20260.0,0,1,0,0,0,1,1,0,0,5540
201,0,2014-10-31,-0.9749279121818236,-0.2225209339563146,-0.8660254037844386,0.5000000000000001,-0.867456354729597,0.4975132889071803,5540.0,5947.0,5000.0,4151.142857142857,3742.0,2266.2018465979127,4297.066666666667,4810.5,2207.2859435926284,20260.0,0,1,0,0,0,1,1,0,0,7033
201,0,2014-11-01,-0.7818314824680299,0.6234898018587334,-0.5000000000000004,0.8660254037844384,-0.858763958275803,0.5123714121284235,7033.0,5691.0,4535.0,3338.1428571428573,3644.0,2615.5964538750604,4056.633333333333,4622.0,2270.645472309477,20260.0,0,1,0,0,0,1,1,0,0,0
201,0,2014-11-02,-2.4492935982947064e-16,1.0,-0.5000000000000004,0.8660254037844384,-0.8498170915275277,0.5270777086423724,0.0,0.0,0.0,3338.1428571428573,3644.0,2615.5964538750604,4056.633333333333,4622.0,2270.645472309477,20260.0,0,1,0,0,0,1,1,0,0,0
201,0,2014-11-03,0.7818314824680298,0.6234898018587336,-0.5000000000000004,0.8660254037844384,-0.8406184056344783,0.5416278206559811,0.0,3742.0,5726.0,3942.285714285714,3644.0,3156.828931817796,4108.2,4622.0,2342.6860710701712,20260.0,1,1,0,0,0,1,1,0,0,7971
201,0,2014-11-04,0.9749279121818236,-0.22252093395631434,-0.5000000000000004,0.8660254037844384,-0.8311706263658079,0.5560174366570446,7971.0,3408.0,4362.0,4293.428571428572,5540.0,3223.494990283207,4303.733333333334,4810.5,2230.066628559802,20260.0,1,1,0,0,0,1,1,0,0,5866
201,0,2014-11-05,0.43388373911755823,-0.900968867902419,-0.5000000000000004,0.8660254037844384,-0.8214765533024145,0.5702422926917867,5866.0,3644.0,4685.0,4475.571428571428,5540.0,3216.6978335524354,4242.833333333333,4802.0,2185.574493769563,20260.0,1,1,0,0,0,1,1,0,0,4919
201,0,2014-11-06,-0.433883739117558,-0.9009688679024191,-0.5000000000000004,0.8660254037844384,-0.8115390590073611,0.5842981736283683,4919.0,5540.0,5940.0,4635.428571428572,5866.0,3305.004833942143,4279.6,4802.0,2217.4716979105892,20260.0,1,1,0,0,0,1,1,0,0,6659
201,0,2014-11-07,-0.9749279121818236,-0.2225209339563146,-0.5000000000000004,0.8660254037844384,-0.8013610881746769,0.5981809144059159,6659.0,7033.0,5947.0,4483.428571428572,5866.0,3199.1321144513963,4309.5,4802.0,2234.506776557804,20260.0,1,1,0,0,0,1,1,0,0,5969
201,0,2014-11-08,-0.7818314824680299,0.6234898018587334,-0.5000000000000004,0.8660254037844384,-0.7909456567567774,0.6118864012687242,5969.0,0.0,5691.0,5294.285714285715,5866.0,2520.758729317137,4302.066666666667,4802.0,2229.40188257366,20260.0,0,1,0,0,0,1,1,0,0,5676
201,0,2014-11-09,-2.4492935982947064e-16,1.0,-0.5000000000000004,0.8660254037844384,-0.780295851070776,0.6254105729852457,5676.0,0.0,0.0,5294.285714285715,5866.0,2520.758729317137,4104.0,4622.0,2339.895621014187,20260.0,0,1,0,0,0,1,1,0,0,0
201,0,2014-11-10,0.7818314824680298,0.6234898018587336,-0.5000000000000004,0.8660254037844384,-0.7694148268839381,0.6387494220515268,0.0,7971.0,3742.0,5041.714285714285,5866.0,2285.452669551895,4146.233333333334,4622.0,2366.7109533657876,20260.0,1,1,0,0,0,1,1,0,0,6203
201,0,2014-11-11,0.9749279121818236,-0.22252093395631434,-0.5000000000000004,0.8660254037844384,-0.7583058084785625,0.6518989958787125,6203.0,5866.0,3408.0,4930.285714285715,5676.0,2257.4086703036032,4315.766666666666,4802.0,2238.1331919833233,20260.0,1,1,0,0,0,1,1,0,0,5086
201,0,2014-11-12,0.43388373911755823,-0.900968867902419,-0.5000000000000004,0.8660254037844384,-0.7469720876965551,0.6648553979642867,5086.0,4919.0,3644.0,4913.571428571428,5676.0,2257.939241664309,4333.7,4860.5,2239.8588340678334,20260.0,1,1,0,0,0,1,1,0,0,4802
201,0,2014-11-13,-0.433883739117558,-0.9009688679024191,-0.5000000000000004,0.8660254037844384,-0.7354170229639858,0.6776147890466887,4802.0,6659.0,5540.0,4858.714285714285,5676.0,2212.677090034125,4434.4,4959.5,2257.4836402966216,20260.0,1,1,0,0,0,1,1,0,0,6275
201,0,2014-11-14,-0.9749279121818236,-0.2225209339563146,-0.5000000000000004,0.8660254037844384,-0.7236440382959123,0.690173388242972,6275.0,5969.0,7033.0,4885.571428571428,5676.0,2229.476833784314,4513.166666666667,5043.0,2275.5207980369773,20260.0,1,1,0,0,0,1,1,0,0,6157
201,0,2014-11-15,-0.7818314824680299,0.6234898018587334,-0.5000000000000004,0.8660254037844384,-0.7116566222817751,0.7025274741691566,6157.0,5676.0,0.0,4825.714285714285,5257.0,2210.2602949491147,4536.433333333333,5171.5,2279.5704326629734,20260.0,0,1,0,0,0,1,1,0,0,5257
201,0,2014-11-16,-2.4492935982947064e-16,1.0,-0.5000000000000004,0.8660254037844384,-0.6994583270516471,0.7146733860429608,5257.0,0.0,0.0,4825.714285714285,5257.0,2210.2602949491147,4369.766666666666,5171.5,2422.792627546143,20260.0,0,1,0,0,0,1,1,0,0,0
201,0,2014-11-17,0.7818314824680298,0.6234898018587336,-0.5000000000000004,0.8660254037844384,-0.6870527672236675,0.726607524768565,0.0,6203.0,7971.0,4525.428571428572,5086.0,2133.40876354742,4355.3,5171.5,2423.067692993239,20260.0,0,1,0,0,0,1,1,0,0,4101
201,0,2014-11-18,0.9749279121818236,-0.22252093395631434,-0.5000000000000004,0.8660254037844384,-0.6744436188329457,0.7383263540031063,4101.0,5086.0,5866.0,4391.571428571428,4802.0,2121.737955634704,4493.6,5171.5,2280.098071091043,20260.0,0,1,0,0,0,1,1,0,0,4149
201,0,2014-11-19,0.43388373911755823,-0.900968867902419,-0.5000000000000004,0.8660254037844384,-0.661634618242279,0.749826401204568,4149.0,4802.0,4919.0,4216.0,4149.0,2132.9346762930445,4421.833333333333,5002.5,2273.844914545029,20260.0,0,1,0,0,0,1,1,0,0,3573
201,0,2014-11-20,-0.433883739117558,-0.9009688679024191,-0.5000000000000004,0.8660254037844384,-0.6486295610349818,0.7611042586607742,3573.0,6275.0,6659.0,3985.714285714286,4149.0,1953.0134591007188,4431.866666666667,5002.5,2274.2358433690115,20260.0,0,1,0,0,0,1,1,0,0,4663
201,0,2014-11-21,-0.9749279121818236,-0.2225209339563146,-0.5000000000000004,0.8660254037844384,-0.6354323008901775,0.7721565844991641,4663.0,6157.0,5969.0,3736.285714285714,4149.0,1728.0264961592914,4422.733333333334,5002.5,2273.7343418858886,20260.0,0,1,0,0,0,1,1,0,0,4411
201,0,2014-11-22,-0.7818314824680299,0.6234898018587334,-0.5000000000000004,0.8660254037844384,-0.622046748440868,0.7829801036770625,4411.0,5257.0,5676.0,3780.4285714285716,4149.0,1776.6117430981567,4410.266666666666,5002.5,2266.1410756421665,20260.0,0,1,0,0,0,1,1,0,0,5566
201,0,2014-11-23,-2.4492935982947064e-16,1.0,-0.5000000000000004,0.8660254037844384,-0.6084768701151264,0.7935716089521472,5566.0,0.0,0.0,3780.4285714285716,4149.0,1776.6117430981567,4212.033333333334,4860.5,2384.1175260798086,20260.0,0,1,0,0,0,1,1,0,0,0
201,0,2014-11-24,0.7818314824680298,0.6234898018587336,-0.5000000000000004,0.8660254037844384,-0.594726686960764,0.8039279618328208,0.0,4101.0,6203.0,4179.428571428572,4411.0,2137.570650461469,4252.133333333333,4860.5,2419.70244299659,20260.0,1,1,0,0,0,1,1,0,0,6894
201,0,2014-11-25,0.9749279121818236,-0.22252093395631434,-0.5000000000000004,0.8660254037844384,-0.5808002734538014,0.8140460935082175,6894.0,4149.0,5086.0,4319.571428571428,4663.0,2167.195950004121,4423.133333333333,5002.5,2286.441441272399,20260.0,1,1,0,0,0,1,1,0,0,5130
201,0,2014-11-26,0.43388373911755823,-0.900968867902419,-0.5000000000000004,0.8660254037844384,-0.5667017562911184,0.8239230057575536,5130.0,3573.0,4802.0,4562.571428571428,5130.0,2164.896137396495,4474.2,5108.0,2287.8119105230276,20260.0,1,1,0,0,0,1,1,0,0,5274
201,0,2014-11-27,-0.433883739117558,-0.9009688679024191,-0.5000000000000004,0.8660254037844384,-0.5524353131676203,0.8335557718385695,5274.0,4663.0,6275.0,4968.571428571428,5274.0,2436.3428779725555,4610.766666666666,5193.5,2343.574262315683,20260.0,1,1,0,0,0,1,1,0,0,7505
201,0,2014-11-28,-0.9749279121818236,-0.2225209339563146,-0.5000000000000004,0.8660254037844384,-0.5380051715382992,0.8429415373547832,7505.0,4411.0,6157.0,5545.0,5566.0,2740.7521473736556,4770.833333333333,5265.5,2437.3785109718024,20260.0,1,1,0,0,0,1,1,0,0,8446
201,0,2014-11-29,-0.7818314824680299,0.6234898018587334,-0.5000000000000004,0.8660254037844384,-0.5234156073655503,0.8520775211013093,8446.0,5566.0,5257.0,5814.857142857143,6894.0,2834.5556047095715,4834.666666666667,5265.5,2482.8688819705053,20260.0,0,1,0,0,0,1,1,0,0,7455
201,0,2014-11-30,-2.4492935982947064e-16,1.0,-0.5000000000000004,0.8660254037844384,-0.5086709438521042,0.8609610158889945,7455.0,0.0,0.0,5814.857142857143,6894.0,2834.5556047095715,4600.233333333334,5193.5,2597.525754853343,20260.0,0,1,0,0,0,1,1,0,0,0
201,0,2014-12-01,0.7818314824680298,0.6234898018587336,-2.4492935982947064e-16,1.0,-0.4937755501599774,0.8695893893466109,0.0,6894.0,4101.0,5901.285714285715,7455.0,2881.774089820691,4850.2,5265.5,2498.504813573164,20260.0,1,1,0,0,0,1,1,0,0,7499
201,0,2014-12-02,0.9749279121818236,-0.22252093395631434,-2.4492935982947064e-16,1.0,-0.4787338401157883,0.8779600847008883,7499.0,5130.0,4149.0,6114.714285714285,7455.0,2870.432703402376,5071.0,5420.0,2342.9469359820305,20260.0,1,1,0,0,0,1,1,0,0,6624
201,0,2014-12-03,0.43388373911755823,-0.900968867902419,-2.4492935982947064e-16,1.0,-0.4635502709028512,0.8860706215341377,6624.0,5274.0,3573.0,6212.142857142857,7455.0,2848.6326210172792,5003.833333333333,5420.0,2285.1129464779015,20260.0,1,1,0,0,0,1,1,0,0,5956
201,0,2014-12-04,-0.433883739117558,-0.9009688679024191,-2.4492935982947064e-16,1.0,-0.4482293417404106,0.893918596519257,5956.0,7505.0,4663.0,6241.857142857143,7455.0,2865.4016256347804,5065.4,5420.0,2333.5117327531375,20260.0,1,1,0,0,0,1,1,0,0,7713
201,0,2014-12-05,-0.9749279121818236,-0.2225209339563146,-2.4492935982947064e-16,1.0,-0.4327755925504317,0.9015016841318838,7713.0,8446.0,4411.0,6125.571428571428,7455.0,2776.1710356257922,5155.833333333333,5621.0,2379.754335094759,20260.0,1,1,0,0,0,1,1,0,0,7632
201,0,2014-12-06,-0.7818314824680299,0.6234898018587334,-2.4492935982947064e-16,1.0,-0.41719360261231697,0.9088176373395028,7632.0,7455.0,5566.0,5908.714285714285,6624.0,2713.5998055649015,5131.766666666666,5621.0,2367.6485160180127,20260.0,0,1,0,0,0,1,1,0,0,5937
201,0,2014-12-07,-2.4492935982947064e-16,1.0,-2.4492935982947064e-16,1.0,-0.4014879892059737,0.9158642882672868,5937.0,0.0,0.0,5908.714285714285,6624.0,2713.5998055649015,4932.8,5420.0,2539.4369644769135,20260.0,0,1,0,0,0,1,1,0,0,0
201,0,2014-12-08,0.7818314824680298,0.6234898018587336,-2.4492935982947064e-16,1.0,-0.38566340624360745,0.9226395488404875,0.0,7499.0,6894.0,5540.0,5956.0,2635.73512832125,4907.533333333334,5265.5,2535.555325603328,20260.0,0,1,0,0,0,1,1,0,0,4918
201,0,2014-12-09,0.9749279121818236,-0.22252093395631434,-2.4492935982947064e-16,1.0,-0.3697245428906732,0.9291414114031743,4918.0,6624.0,5130.0,5146.857142857143,5937.0,2652.2894782037747,5036.6,5265.5,2370.296672832618,20260.0,0,1,0,0,0,1,1,0,0,3872
201,0,2014-12-10,0.43388373911755823,-0.900968867902419,-2.4492935982947064e-16,1.0,-0.3536761221763721,0.935367949313148,3872.0,5956.0,5274.0,4914.0,4918.0,2640.9396686280643,4974.033333333334,5193.5,2363.2087257813673,20260.0,0,1,0,0,0,1,1,0,0,4326
201,0,2014-12-11,-0.433883739117558,-0.9009688679024191,-2.4492935982947064e-16,1.0,-0.33752289959411347,0.941317317512847,4326.0,7713.0,7505.0,4576.142857142857,4918.0,2359.4595729086896,4982.766666666666,5265.5,2364.120711127418,20260.0,0,1,0,0,0,1,1,0,0,5348
201,0,2014-12-12,-0.9749279121818236,-0.2225209339563146,-2.4492935982947064e-16,1.0,-0.32126966169236515,0.946987753076075,5348.0,7632.0,8446.0,4358.285714285715,4918.0,2084.67924905213,5026.266666666666,5311.0,2372.670486346894,20260.0,0,1,0,0,0,1,1,0,0,6107
201,0,2014-12-13,-0.7818314824680299,0.6234898018587334,-2.4492935982947064e-16,1.0,-0.3049212246562894,0.9523775757303973,6107.0,5937.0,7455.0,4368.0,4918.0,2093.4020954736134,5017.266666666666,5311.0,2368.278480440917,20260.0,0,1,0,0,0,1,1,0,0,6005
201,0,2014-12-14,-2.4492935982947064e-16,1.0,-2.4492935982947064e-16,1.0,-0.2884824328806098,0.9574851883550389,6005.0,0.0,0.0,4368.0,4918.0,2093.4020954736134,4812.033333333334,5265.5,2527.530462769911,20260.0,0,1,0,0,0,1,1,0,0,0
201,0,2014-12-15,0.7818314824680298,0.6234898018587336,-2.4492935982947064e-16,1.0,-0.27195815753410524,0.9623090774541487,0.0,4918.0,7499.0,4934.428571428572,5348.0,2712.035819401038,4932.9,5311.0,2633.997936139321,20260.0,1,1,0,0,0,1,1,0,0,8883
201,0,2014-12-16,0.9749279121818236,-0.22252093395631434,-2.4492935982947064e-16,1.0,-0.2553532951161881,0.9668478136052773,8883.0,3872.0,6624.0,5449.142857142857,6005.0,2816.678388253993,5182.066666666667,5457.0,2501.4937459285284,20260.0,1,1,0,0,0,1,1,0,0,7475
201,0,2014-12-17,0.43388373911755823,-0.900968867902419,-2.4492935982947064e-16,1.0,-0.23867276600594997,0.9711000518829505,7475.0,4326.0,5956.0,5930.571428571428,6107.0,2880.004794969547,5301.9,5751.5,2533.819610240907,20260.0,1,1,0,0,0,1,1,0,0,7696
201,0,2014-12-18,-0.433883739117558,-0.9009688679024191,-2.4492935982947064e-16,1.0,-0.22192151300416674,0.9750645322571945,7696.0,5348.0,7713.0,6372.571428571428,7475.0,3010.1744610095684,5445.0,5946.5,2587.1281775158636,20260.0,1,1,0,0,0,1,1,0,0,8442
201,0,2014-12-19,-0.9749279121818236,-0.2225209339563146,-2.4492935982947064e-16,1.0,-0.20510449986861926,0.9787400799669153,8442.0,6107.0,7632.0,6680.428571428572,7696.0,3087.687422497228,5601.3,5980.5,2611.657871531231,20260.0,1,1,0,0,0,1,1,0,0,8262
201,0,2014-12-20,-0.7818314824680299,0.6234898018587334,-2.4492935982947064e-16,1.0,-0.1882267098432439,0.9821256058680006,8262.0,6005.0,5937.0,7066.285714285715,8262.0,3157.1985849423313,5736.066666666667,6056.0,2665.3319769076506,20260.0,0,1,0,0,0,1,1,0,0,8706
201,0,2014-12-21,-2.4492935982947064e-16,1.0,-2.4492935982947064e-16,1.0,-0.1712931441814778,0.9852201067560606,8706.0,0.0,0.0,7066.285714285715,8262.0,3157.1985849423313,5589.033333333334,6056.0,2855.8103926645026,20260.0,0,1,0,0,0,1,1,0,0,0
201,0,2014-12-22,0.7818314824680298,0.6234898018587336,-2.4492935982947064e-16,1.0,-0.154308820664281,0.9880226656636976,0.0,8883.0,4918.0,7177.714285714285,8262.0,3244.558969222451,5725.6,6365.5,2951.0436330454245,20260.0,0,1,0,0,0,1,1,0,0,9663
201,0,2014-12-23,0.9749279121818236,-0.22252093395631434,-2.4492935982947064e-16,1.0,-0.13727877211326517,0.9905324521322227,9663.0,7475.0,3872.0,7662.857142857143,8442.0,3537.122485324819,6087.966666666666,6759.0,2890.5580833696017,20260.0,0,1,0,0,0,1,1,0,0,10871
201,0,2014-12-24,0.43388373911755823,-0.900968867902419,-2.4492935982947064e-16,1.0,-0.12020804489935275,0.9927487224577402,10871.0,7696.0,4326.0,7182.714285714285,8442.0,3753.3804192259176,6002.666666666667,6365.5,2903.6800352529285,20260.0,0,1,0,0,0,1,1,0,0,4335
201,0,2014-12-25,-0.433883739117558,-0.9009688679024191,-2.4492935982947064e-16,1.0,-0.10310169744743544,0.9946708199115211,4335.0,8442.0,5348.0,5976.714285714285,8262.0,4552.5033301941185,5831.666666666667,6365.5,3101.182225442792,20260.0,0,1,0,0,0,1,1,0,0,0
201,0,2014-12-26,-0.9749279121818236,-0.2225209339563146,-2.4492935982947064e-16,1.0,-0.0859647987374467,0.9962981749346077,0.0,8262.0,6107.0,4796.428571428572,4335.0,4917.634623039238,5655.866666666667,6365.5,3278.3131673146345,20260.0,0,1,0,0,0,1,1,0,0,0
201,0,2014-12-27,-0.7818314824680299,0.6234898018587334,-2.4492935982947064e-16,1.0,-0.06880242680232064,0.9976303053065857,0.0,8706.0,6005.0,4258.857142857143,4335.0,4615.420436918374,5570.466666666666,6056.0,3261.810738217965,20260.0,0,1,0,0,0,1,1,0,0,4943
201,0,2014-12-28,-2.4492935982947064e-16,1.0,-2.4492935982947064e-16,1.0,-0.05161966722325418,0.9986668162884759,4943.0,0.0,0.0,4258.857142857143,4335.0,4615.420436918374,5288.933333333333,5980.5,3367.831830240579,20260.0,0,1,0,0,0,1,1,0,0,0
201,0,2014-12-29,0.7818314824680298,0.6234898018587336,-2.4492935982947064e-16,1.0,-0.034421611622745804,0.9994074007397048,0.0,9663.0,8883.0,3780.714285714286,4335.0,4107.70348306227,5250.966666666666,5980.5,3348.9381897626263,20260.0,0,1,0,0,0,1,1,0,0,6316
201,0,2014-12-30,0.9749279121818236,-0.22252093395631434,-2.4492935982947064e-16,1.0,-0.01721335615583528,0.9998518392091162,6316.0,10871.0,7475.0,3349.285714285714,4335.0,3322.437043009529,5512.666666666667,6056.0,3229.0659408836354,20260.0,0,1,0,0,0,1,1,0,0,7851
201,0,2014-12-31,0.43388373911755823,-0.900968867902419,-2.4492935982947064e-16,1.0,6.432490598706546e-16,1.0,7851.0,4335.0,7696.0,3246.0,3612.0,3297.833581812966,5383.1,5980.5,3224.595813752317,20260.0,0,1,0,0,0,1,1,0,0,3612
201,0,2015-01-01,-0.433883739117558,-0.9009688679024191,0.49999999999999994,0.8660254037844387,0.017213356155834685,0.9998518392091162,3612.0,0.0,8442.0,3246.0,3612.0,3297.833581812966,5162.3,5946.5,3360.613040852045,20260.0,0,1,0,0,0,1,1,0,0,0
201,0,2015-01-02,-0.9749279121818236,-0.2225209339563146,0.49999999999999994,0.8660254037844387,0.03442161162274574,0.9994074007397048,0.0,0.0,8262.0,4208.0,4943.0,3172.9523055560294,5188.233333333334,5971.0,3369.9380193147454,20260.0,0,1,0,0,0,1,1,0,0,6734
201,0,2015-01-03,-0.7818314824680299,0.6234898018587334,0.49999999999999994,0.8660254037844387,0.051619667223253764,0.998666816288476,6734.0,4943.0,8706.0,4158.0,4593.0,3162.1790482724605,5084.233333333334,5642.5,3337.319600531533,20260.0,0,1,0,0,0,1,1,0,0,4593
201,0,2015-01-04,-2.4492935982947064e-16,1.0,0.49999999999999994,0.8660254037844387,0.06880242680231986,0.9976303053065857,4593.0,0.0,0.0,4158.0,4593.0,3162.1790482724605,4829.833333333333,5145.5,3426.1172059921414,20260.0,0,1,0,0,0,1,1,0,0,0
201,0,2015-01-05,0.7818314824680298,0.6234898018587336,0.49999999999999994,0.8660254037844387,0.08596479873744647,0.9962981749346078,0.0,6316.0,9663.0,4299.142857142857,4593.0,3293.861990054197,4875.4,5145.5,3450.3547403829007,20260.0,1,1,0,0,0,1,1,0,0,7304
201,0,2015-01-06,0.9749279121818236,-0.22252093395631434,0.49999999999999994,0.8660254037844387,0.10310169744743485,0.9946708199115211,7304.0,7851.0,10871.0,3983.1428571428573,4593.0,2988.24633235902,5063.366666666667,5493.5,3326.9904748195822,20260.0,1,1,0,0,0,1,1,0,0,5639
201,0,2015-01-07,0.43388373911755823,-0.900968867902419,0.49999999999999994,0.8660254037844387,0.1202080448993527,0.9927487224577402,5639.0,3612.0,4335.0,4231.714285714285,5352.0,3024.378873657955,5077.833333333333,5495.5,3327.280147231507,20260.0,1,1,0,0,0,1,1,0,0,5352
201,0,2015-01-08,-0.433883739117558,-0.9009688679024191,0.49999999999999994,0.8660254037844387,0.13727877211326478,0.9905324521322229,5352.0,0.0,0.0,5032.285714285715,5604.0,2393.413372451268,5135.566666666667,5621.5,3320.6554471746344,20260.0,1,1,0,0,0,1,1,0,0,5604
201,0,2015-01-09,-0.9749279121818236,-0.2225209339563146,0.49999999999999994,0.8660254037844387,0.15430882066428117,0.9880226656636976,5604.0,6734.0,0.0,4925.571428571428,5604.0,2320.434503646735,5190.933333333333,5813.0,3320.5390187005246,20260.0,1,1,0,0,0,1,1,0,0,5987
201,0,2015-01-10,-0.7818314824680299,0.6234898018587334,0.49999999999999994,0.8660254037844387,0.1712931441814776,0.9852201067560606,5987.0,4593.0,4943.0,5011.857142857143,5604.0,2317.234373743218,5185.9,5813.0,3320.407166037903,20260.0,0,1,0,0,0,1,1,0,0,5197
201,0,2015-01-11,-2.4492935982947064e-16,1.0,0.49999999999999994,0.8660254037844387,0.1882267098432442,0.9821256058680006,5197.0,0.0,0.0,5011.857142857143,5604.0,2317.234373743218,4982.333333333333,5621.5,3446.787413123177,20260.0,0,1,0,0,0,1,1,0,0,0
201,0,2015-01-12,0.7818314824680298,0.6234898018587336,0.49999999999999994,0.8660254037844387,0.2051044998686192,0.9787400799669153,0.0,7304.0,6316.0,4828.857142857143,5604.0,2150.6401704741606,4982.933333333333,5621.5,3446.973134288363,20260.0,1,1,0,0,0,1,1,0,0,6023
201,0,2015-01-13,0.9749279121818236,-0.22252093395631434,0.49999999999999994,0.8660254037844387,0.22192151300416552,0.9750645322571948,6023.0,5639.0,7851.0,4712.428571428572,5352.0,2121.3329816527166,5143.733333333334,5621.5,3316.557344007782,20260.0,1,1,0,0,0,1,1,0,0,4824
201,0,2015-01-14,0.43388373911755823,-0.900968867902419,0.49999999999999994,0.8660254037844387,0.2386727660059501,0.9711000518829505,4824.0,5352.0,3612.0,4615.857142857143,5197.0,2102.6695277330505,5003.5,5478.0,3241.081787794379,20260.0,1,1,0,0,0,1,1,0,0,4676
201,0,2015-01-15,-0.433883739117558,-0.9009688679024191,0.49999999999999994,0.8660254037844387,0.255353295116187,0.9668478136052775,4676.0,5604.0,0.0,4712.428571428572,5197.0,2170.0605872603965,4963.666666666667,5478.0,3216.912541374193,20260.0,1,1,0,0,0,1,1,0,0,6280
201,0,2015-01-16,-0.9749279121818236,-0.2225209339563146,0.49999999999999994,0.8660254037844387,0.2719581575341055,0.9623090774541486,6280.0,5987.0,6734.0,4755.285714285715,5197.0,2202.1528643795878,4916.7,5478.0,3185.7801096272397,20260.0,1,1,0,0,0,1,1,0,0,6287
201,0,2015-01-17,-0.7818314824680299,0.6234898018587334,0.49999999999999994,0.8660254037844387,0.288482432880609,0.9574851883550393,6287.0,5197.0,4593.0,4795.714285714285,5480.0,2214.178607240592,4817.966666666666,5416.0,3117.933505333004,20260.0,0,1,0,0,0,1,1,0,0,5480
201,0,2015-01-18,-2.4492935982947064e-16,1.0,0.49999999999999994,0.8660254037844387,0.30492122465628907,0.9523775757303974,5480.0,0.0,0.0,4795.714285714285,5480.0,2214.178607240592,4542.566666666667,5274.5,3167.7243728422523,20260.0,0,1,0,0,0,1,1,0,0,0
201,0,2015-01-19,0.7818314824680298,0.6234898018587336,0.49999999999999994,0.8660254037844387,0.3212696616923644,0.9469877530760753,0.0,6023.0,7304.0,4505.0,4824.0,2159.0927878779676,4385.3,5070.0,3069.4896593677436,20260.0,0,1,0,0,0,1,1,0,0,3988
201,0,2015-01-20,0.9749279121818236,-0.22252093395631434,0.49999999999999994,0.8660254037844387,0.3375228995941133,0.9413173175128471,3988.0,4824.0,5639.0,4236.142857142857,4676.0,2228.8004567907074,4483.366666666667,5070.0,2969.935462939048,20260.0,0,1,0,0,0,1,1,0,0,2942
201,0,2015-01-21,0.43388373911755823,-0.900968867902419,0.49999999999999994,0.8660254037844387,0.3536761221763716,0.9353679493131483,2942.0,4676.0,5352.0,4012.0,3988.0,2255.9225016239643,4264.833333333333,4883.5,2812.705546001169,20260.0,0,1,0,0,0,1,1,0,0,3107
201,0,2015-01-22,-0.433883739117558,-0.9009688679024191,0.49999999999999994,0.8660254037844387,0.3697245428906731,0.9291414114031743,3107.0,6280.0,5604.0,3711.5714285714284,3988.0,2032.5155888818206,4041.7,4750.0,2520.9514097548195,20260.0,0,1,0,0,0,1,1,0,0,4177
201,0,2015-01-23,-0.9749279121818236,-0.2225209339563146,0.49999999999999994,0.8660254037844387,0.38566340624360707,0.9226395488404876,4177.0,6287.0,5987.0,3529.0,3988.0,1807.571114322568,4064.1666666666665,4883.5,2526.652318143831,20260.0,0,1,0,0,0,1,1,0,0,5009
201,0,2015-01-24,-0.7818314824680299,0.6234898018587334,0.49999999999999994,0.8660254037844387,0.401487989205973,0.9158642882672872,5009.0,5480.0,5197.0,3283.1428571428573,3759.0,1603.4992390156629,4189.466666666666,4883.5,2408.604256487106,20260.0,0,1,0,0,0,1,1,0,0,3759
201,0,2015-01-25,-2.4492935982947064e-16,1.0,0.49999999999999994,0.8660254037844387,0.4171936026123168,0.9088176373395029,3759.0,0.0,0.0,3283.1428571428573,3759.0,1603.4992390156629,4189.466666666666,4883.5,2408.604256487106,20260.0,0,1,0,0,0,1,1,0,0,0
201,0,2015-01-26,0.7818314824680298,0.6234898018587336,0.49999999999999994,0.8660254037844387,0.4327755925504312,0.901501684131884,0.0,3988.0,6023.0,3476.285714285714,3759.0,1774.8224056024787,4202.7,4916.5,2413.9716901176866,20260.0,1,1,0,0,0,1,1,0,0,5340
201,0,2015-01-27,0.9749279121818236,-0.22252093395631434,0.49999999999999994,0.8660254037844387,0.4482293417404106,0.893918596519257,5340.0,2942.0,4824.0,3802.0,4177.0,1867.2348540020332,4376.766666666666,5103.0,2285.3191836731157,20260.0,1,1,0,0,0,1,1,0,0,5222
201,0,2015-01-28,0.43388373911755823,-0.900968867902419,0.49999999999999994,0.8660254037844387,0.4635502709028509,0.886070621534138,5222.0,3107.0,4676.0,4054.1428571428573,4872.0,1876.8874436658336,4328.633333333333,4940.5,2258.111470376001,20260.0,1,1,0,0,0,1,1,0,0,4872
201,0,2015-01-29,-0.433883739117558,-0.9009688679024191,0.49999999999999994,0.8660254037844387,0.47873384011578846,0.8779600847008882,4872.0,4177.0,6280.0,4131.0,4872.0,1893.6969134473422,4224.1,4848.0,2159.879871340227,20260.0,1,1,0,0,0,1,1,0,0,4715
201,0,2015-01-30,-0.9749279121818236,-0.2225209339563146,0.49999999999999994,0.8660254037844387,0.4937755501599772,0.869589389346611,4715.0,5009.0,6287.0,4297.428571428572,4872.0,2030.008362638179,4309.5,4940.5,2185.3430212874227,20260.0,1,1,0,0,0,1,1,0,0,6174
201,0,2015-01-31,-0.7818314824680299,0.6234898018587334,0.49999999999999994,0.8660254037844387,0.5086709438521044,0.8609610158889943,6174.0,3759.0,5480.0,4617.571428571428,5222.0,2106.221249627146,4509.5,5103.0,2047.555308503118,20260.0,0,1,0,0,0,1,1,0,0,6000
201,0,2015-02-01,-2.4492935982947064e-16,1.0,0.8660254037844386,0.5000000000000001,0.5234156073655503,0.8520775211013093,6000.0,0.0,0.0,4617.571428571428,5222.0,2106.221249627146,4285.033333333334,4940.5,2161.238717021794,20260.0,0,1,0,0,0,1,1,0,0,0
201,0,2015-02-02,0.7818314824680298,0.6234898018587336,0.8660254037844386,0.5000000000000001,0.5380051715382996,0.8429415373547828,0.0,5340.0,3988.0,4684.714285714285,5222.0,2140.3050183159767,4325.6,5103.0,2178.570720956032,20260.0,1,1,0,0,0,1,1,0,0,5810
201,0,2015-02-03,0.9749279121818236,-0.22252093395631434,0.8660254037844386,0.5000000000000001,0.5524353131676196,0.8335557718385699,5810.0,5222.0,2942.0,4828.571428571428,5810.0,2214.97598611082,4533.233333333334,5209.5,2044.8228096802166,20260.0,1,1,0,0,0,1,1,0,0,6229
201,0,2015-02-04,0.43388373911755823,-0.900968867902419,0.8660254037844386,0.5000000000000001,0.5667017562911176,0.8239230057575542,6229.0,4872.0,3107.0,4962.857142857143,5812.0,2246.3202820443457,4483.5,5209.5,1992.5862893961817,20260.0,1,1,0,0,0,1,1,0,0,5812
201,0,2015-02-05,-0.433883739117558,-0.9009688679024191,0.8660254037844386,0.5000000000000001,0.5808002734538009,0.8140460935082178,5812.0,4715.0,4177.0,5157.571428571428,6000.0,2280.07469593599,4498.133333333333,5209.5,2002.9498028267376,20260.0,1,1,0,0,0,1,1,0,0,6078
201,0,2015-02-06,-0.9749279121818236,-0.2225209339563146,0.8660254037844386,0.5000000000000001,0.5947266869607634,0.8039279618328213,6078.0,6174.0,5009.0,5258.857142857143,6000.0,2347.5025330885414,4549.166666666667,5209.5,2044.528426925323,20260.0,1,1,0,0,0,1,1,0,0,6883
201,0,2015-02-07,-0.7818314824680299,0.6234898018587334,0.8660254037844386,0.5000000000000001,0.6084768701151261,0.7935716089521474,6883.0,6000.0,3759.0,5212.0,5812.0,2333.475019507739,4551.433333333333,5209.5,2045.7755073411086,20260.0,0,1,0,0,0,1,1,0,0,5672
201,0,2015-02-08,-2.4492935982947064e-16,1.0,0.8660254037844386,0.5000000000000001,0.6220467484408675,0.7829801036770629,5672.0,0.0,0.0,5212.0,5812.0,2333.475019507739,4351.866666666667,5103.0,2187.98138322366,20260.0,0,1,0,0,0,1,1,0,0,0
201,0,2015-02-09,0.7818314824680298,0.6234898018587336,0.8660254037844386,0.5000000000000001,0.6354323008901774,0.7721565844991642,0.0,5810.0,5340.0,5107.571428571428,5812.0,2318.5621159922075,4347.933333333333,5044.0,2186.515270901405,20260.0,0,1,0,0,0,1,1,0,0,5079
201,0,2015-02-10,0.9749279121818236,-0.22252093395631434,0.8660254037844386,0.5000000000000001,0.6486295610349814,0.7611042586607747,5079.0,6229.0,5222.0,4807.0,5672.0,2285.0902243310475,4485.433333333333,5044.0,2027.5908021392108,20260.0,0,1,0,0,0,1,1,0,0,4125
201,0,2015-02-11,0.43388373911755823,-0.900968867902419,0.8660254037844386,0.5000000000000001,0.6616346182422783,0.7498264012045686,4125.0,5812.0,4872.0,4656.714285714285,5079.0,2242.1681258910735,4443.333333333333,4940.5,2007.577994076155,20260.0,0,1,0,0,0,1,1,0,0,4760
201,0,2015-02-12,-0.433883739117558,-0.9009688679024191,0.8660254037844386,0.5000000000000001,0.6744436188329455,0.7383263540031065,4760.0,6078.0,4715.0,4097.428571428572,4760.0,2315.630285483331,4354.633333333333,4940.5,2048.546119995133,20260.0,0,1,0,0,0,1,1,0,0,2163
201,0,2015-02-13,-0.9749279121818236,-0.2225209339563146,0.8660254037844386,0.5000000000000001,0.6870527672236669,0.7266075247685656,2163.0,6883.0,6174.0,3944.714285714286,4760.0,2129.03810160721,4392.566666666667,5044.0,2065.1709569934355,20260.0,0,1,0,0,0,1,1,0,0,5814
201,0,2015-02-14,-0.7818314824680299,0.6234898018587334,0.8660254037844386,0.5000000000000001,0.6994583270516471,0.7146733860429609,5814.0,5672.0,6000.0,3941.0,4760.0,2125.5422837478427,4371.433333333333,5044.0,2048.3659876936586,20260.0,0,1,0,0,0,1,1,0,0,5646
201,0,2015-02-15,-2.4492935982947064e-16,1.0,0.8660254037844386,0.5000000000000001,0.7116566222817746,0.702527474169157,5646.0,0.0,0.0,3941.0,4760.0,2125.5422837478427,4161.866666666667,4940.5,2163.974484095429,20260.0,0,1,0,0,0,1,1,0,0,0
201,0,2015-02-16,0.7818314824680298,0.6234898018587336,0.8660254037844386,0.5000000000000001,0.7236440382959124,0.6901733882429719,0.0,5079.0,5810.0,3689.0,4125.0,2072.031370418894,4089.7,4816.0,2154.5801119059547,20260.0,1,1,0,0,0,1,1,0,0,3315
201,0,2015-02-17,0.9749279121818236,-0.22252093395631434,0.8660254037844386,0.5000000000000001,0.7354170229639855,0.6776147890466889,3315.0,4125.0,6229.0,3923.1428571428573,4760.0,2217.0420555755077,4281.833333333333,4940.5,2030.750041212617,20260.0,1,1,0,0,0,1,1,0,0,5764
201,0,2015-02-18,0.43388373911755823,-0.900968867902419,0.8660254037844386,0.5000000000000001,0.7469720876965552,0.6648553979642865,5764.0,4760.0,5812.0,3969.285714285714,5083.0,2240.598410714252,4318.333333333333,5044.0,2035.1225386021415,20260.0,1,1,0,0,0,1,1,0,0,5083
201,0,2015-02-19,-0.433883739117558,-0.9009688679024191,0.8660254037844386,0.5000000000000001,0.7583058084785625,0.6518989958787126,5083.0,2163.0,6078.0,4538.0,5646.0,2210.7445955303506,4425.066666666667,5081.0,2044.3951459156976,20260.0,1,1,0,0,0,1,1,0,0,6144
201,0,2015-02-20,-0.9749279121818236,-0.2225209339563146,0.8660254037844386,0.5000000000000001,0.7694148268839378,0.6387494220515272,6144.0,5814.0,6883.0,4635.714285714285,5646.0,2290.2306080600756,4538.1,5152.5,2062.6685987515907,20260.0,1,1,0,0,0,1,1,0,0,6498
201,0,2015-02-21,-0.7818314824680299,0.6234898018587334,0.8660254037844386,0.5000000000000001,0.7802958510707755,0.6254105729852463,6498.0,5646.0,5672.0,4634.285714285715,5636.0,2289.4983958854154,4586.733333333334,5281.0,2071.0440967238487,20260.0,0,1,0,0,0,1,1,0,0,5636
201,0,2015-02-22,-2.4492935982947064e-16,1.0,0.8660254037844386,0.5000000000000001,0.7909456567567772,0.6118864012687243,5636.0,0.0,0.0,4634.285714285715,5636.0,2289.4983958854154,4419.766666666666,5281.0,2231.5215418978173,20260.0,0,1,0,0,0,1,1,0,0,0
201,0,2015-02-23,0.7818314824680298,0.6234898018587336,0.8660254037844386,0.5000000000000001,0.8013610881746766,0.5981809144059164,0.0,3315.0,5079.0,4648.857142857143,5636.0,2280.007341258019,4408.366666666667,5281.0,2235.882861704601,20260.0,0,1,0,0,0,1,1,0,0,3417
201,0,2015-02-24,0.9749279121818236,-0.22252093395631434,0.8660254037844386,0.5000000000000001,0.8115390590073611,0.5842981736283683,3417.0,5764.0,4125.0,4368.857142857143,5083.0,2240.2396024065074,4535.166666666667,5281.0,2079.6651601065273,20260.0,0,1,0,0,0,1,1,0,0,3804
201,0,2015-02-25,0.43388373911755823,-0.900968867902419,0.8660254037844386,0.5000000000000001,0.8214765533024142,0.5702422926917871,3804.0,5083.0,4760.0,4247.285714285715,4232.0,2218.006365657058,4498.233333333334,5152.5,2074.7117736394493,20260.0,0,1,0,0,0,1,1,0,0,4232
201,0,2015-02-26,-0.433883739117558,-0.9009688679024191,0.8660254037844386,0.5000000000000001,0.8311706263658079,0.5560174366570446,4232.0,6144.0,2163.0,4154.428571428572,4232.0,2137.5113143671574,4507.3,5288.5,2078.5744974331083,20260.0,0,1,0,0,0,1,1,0,0,5494
201,0,2015-02-27,-0.9749279121818236,-0.2225209339563146,0.8660254037844386,0.5000000000000001,0.8406184056344782,0.5416278206559814,5494.0,6498.0,5814.0,4128.428571428572,4232.0,2105.1151874377197,4555.433333333333,5565.0,2103.876318695518,20260.0,0,1,0,0,0,1,1,0,0,6316
201,0,2015-02-28,-0.7818314824680299,0.6234898018587334,0.8660254037844386,0.5000000000000001,0.8498170915275278,0.5270777086423722,6316.0,5636.0,5646.0,4286.571428571428,4232.0,2272.194523446649,4623.033333333334,5641.0,2141.426087565419,20260.0,0,1,0,0,0,1,1,0,0,6743
201,0,2015-03-01,-2.4492935982947064e-16,1.0,1.0,6.123233995736766e-17,0.8587639582758029,0.5123714121284237,6743.0,0.0,0.0,4286.571428571428,4232.0,2272.194523446649,4417.233333333334,5565.0,2279.4569480823516,20260.0,0,1,0,0,0,1,1,0,0,0
201,0,2015-03-02,0.7818314824680298,0.6234898018587336,1.0,6.123233995736766e-17,0.8674563547295968,0.49751328890718066,0.0,3417.0,3315.0,4769.285714285715,5494.0,2411.334119962479,4443.766666666666,5565.0,2303.0269090217225,20260.0,1,1,0,0,0,1,1,0,0,6796
201,0,2015-03-03,0.9749279121818236,-0.22252093395631434,1.0,6.123233995736766e-17,0.8758917051442429,0.48250774176121847,6796.0,3804.0,5764.0,4999.142857142857,5494.0,2380.4742124607137,4624.2,5565.0,2149.81732022626,20260.0,1,1,0,0,0,1,1,0,0,5413
201,0,2015-03-04,0.43388373911755823,-0.900968867902419,1.0,6.123233995736766e-17,0.8840675099433636,0.46735921715800227,5413.0,4232.0,5083.0,5086.0,5494.0,2358.8116358313378,4591.866666666667,5453.5,2138.6331879599334,20260.0,1,1,0,0,0,1,1,0,0,4840
201,0,2015-03-05,-0.433883739117558,-0.9009688679024191,1.0,6.123233995736766e-17,0.8919813464595485,0.45207220393230435,4840.0,5494.0,6144.0,5144.285714285715,5902.0,2375.5548625030497,4580.966666666666,5453.5,2130.8205070660747,20260.0,1,1,0,0,0,1,1,0,0,5902
201,0,2015-03-06,-0.9749279121818236,-0.2225209339563146,1.0,6.123233995736766e-17,0.8996308696522433,0.43665123195606403,5902.0,6316.0,6498.0,5073.142857142857,5818.0,2341.833784919514,4581.166666666667,5453.5,2130.940315080826,20260.0,1,1,0,0,0,1,1,0,0,5818
201,0,2015-03-07,-0.7818314824680299,0.6234898018587334,1.0,6.123233995736766e-17,0.9070138128026359,0.4211008707960896,5818.0,6743.0,5636.0,4868.571428571428,5413.0,2231.603299359962,4555.6,5362.0,2116.917319578406,20260.0,0,1,0,0,0,1,1,0,0,5311
201,0,2015-03-08,-2.4492935982947064e-16,1.0,1.0,6.123233995736766e-17,0.9141279881853337,0.40542572835999735,5311.0,0.0,0.0,4868.571428571428,5413.0,2231.603299359962,4326.166666666667,5197.0,2226.1482133532977,20260.0,0,1,0,0,0,1,1,0,0,0
201,0,2015-03-09,0.7818314824680298,0.6234898018587336,1.0,6.123233995736766e-17,0.9209712877166346,0.38963044953078796,0.0,6796.0,3417.0,4403.285714285715,5311.0,2098.3193047679597,4255.066666666667,5081.0,2215.7200734023572,20260.0,0,1,0,0,0,1,1,0,0,3539
201,0,2015-03-10,0.9749279121818236,-0.22252093395631434,1.0,6.123233995736766e-17,0.9275416835791966,0.37371971479046906,3539.0,5413.0,3804.0,4162.142857142857,4840.0,2059.577742206025,4379.233333333334,5081.0,2068.531924575614,20260.0,0,1,0,0,0,1,1,0,0,3725
201,0,2015-03-11,0.43388373911755823,-0.900968867902419,1.0,6.123233995736766e-17,0.9338372288229252,0.35769823883312546,3725.0,4840.0,4232.0,3993.714285714286,3725.0,2043.0467211402433,4331.966666666666,4961.5,2068.1915052283816,20260.0,0,1,0,0,0,1,1,0,0,3661
201,0,2015-03-12,-0.433883739117558,-0.9009688679024191,1.0,6.123233995736766e-17,0.9398560579418954,0.3415707691678556,3661.0,5902.0,5494.0,3718.0,3725.0,1865.0749761515394,4326.866666666667,4961.5,2068.907986709716,20260.0,0,1,0,0,0,1,1,0,0,3972
201,0,2015-03-13,-0.9749279121818236,-0.2225209339563146,1.0,6.123233995736766e-17,0.9455963874271426,0.3253420847119801,3972.0,5818.0,6316.0,3552.4285714285716,3725.0,1690.8879183378635,4323.5,4961.5,2068.2609344817774,20260.0,0,1,0,0,0,1,1,0,0,4659
201,0,2015-03-14,-0.7818314824680299,0.6234898018587334,1.0,6.123233995736766e-17,0.9510565162951535,0.30901699437494745,4659.0,5311.0,6743.0,3535.0,3725.0,1670.2433954367255,4424.366666666667,5136.0,2032.7448994984022,20260.0,0,1,0,0,0,1,1,0,0,5189
201,0,2015-03-15,-2.4492935982947064e-16,1.0,1.0,6.123233995736766e-17,0.9562348265919056,0.29260033563334836,5189.0,0.0,0.0,3535.0,3725.0,1670.2433954367252,4230.566666666667,4961.5,2168.319620849497,20260.0,0,1,0,0,0,1,1,0,0,0
201,0,2015-03-16,0.7818314824680298,0.6234898018587336,1.0,6.123233995736766e-17,0.9611297838723007,0.27609697309746883,0.0,3539.0,6796.0,3959.8571428571427,3972.0,2014.2501026909422,4259.466666666666,4961.5,2193.4674444552493,20260.0,1,1,0,0,0,1,1,0,0,6513
201,0,2015-03-17,0.9749279121818236,-0.22252093395631434,1.0,6.123233995736766e-17,0.9657399376548549,0.2595117970697999,6513.0,3725.0,5413.0,4019.5714285714284,4143.0,2012.3221956355828,4397.566666666667,4961.5,2041.1798765678968,20260.0,1,1,0,0,0,1,1,0,0,4143
201,0,2015-03-18,0.43388373911755823,-0.900968867902419,1.0,6.123233995736766e-17,0.970063921851507,0.2428497220959356,4143.0,3661.0,4840.0,4168.0,4659.0,2019.7704490032177,4443.733333333334,4961.5,2031.4901772417884,20260.0,1,1,0,0,0,1,1,0,0,4700
201,0,2015-03-19,-0.433883739117558,-0.9009688679024191,1.0,6.123233995736766e-17,0.9741004551724205,0.22611568550828828,4700.0,3972.0,5902.0,4458.571428571428,4700.0,2130.1659447988886,4451.8,4961.5,2037.3854002042679,20260.0,1,1,0,0,0,1,1,0,0,6006
201,0,2015-03-20,-0.9749279121818236,-0.2225209339563146,1.0,6.123233995736766e-17,0.9778483415056568,0.20931464596304847,6006.0,4659.0,5818.0,4653.285714285715,5189.0,2212.2531285460736,4483.1,5014.5,2054.557278428814,20260.0,1,1,0,0,0,1,1,0,0,6022
201,0,2015-03-21,-0.7818314824680299,0.6234898018587334,1.0,6.123233995736766e-17,0.9813064702716093,0.19245158197082998,6022.0,5189.0,5311.0,4697.285714285715,5497.0,2227.692955674522,4461.533333333334,5014.5,2039.8648828365745,20260.0,0,1,0,0,0,1,1,0,0,5497
201,0,2015-03-22,-2.4492935982947064e-16,1.0,1.0,6.123233995736766e-17,0.9844738167520922,0.1755314904214282,5497.0,0.0,0.0,4697.285714285715,5497.0,2227.692955674522,4244.933333333333,4770.0,2157.752900961827,20260.0,0,1,0,0,0,1,1,0,0,0
201,0,2015-03-23,0.7818314824680298,0.6234898018587336,1.0,6.123233995736766e-17,0.9873494423939864,0.15855938510313478,0.0,6513.0,3539.0,4296.857142857143,4700.0,2094.883006166168,4180.733333333334,4679.5,2143.5425710778345,20260.0,0,1,0,0,0,1,1,0,0,3710
201,0,2015-03-24,0.9749279121818236,-0.22252093395631434,1.0,6.123233995736766e-17,0.989932495087353,0.141540295217043,3710.0,4143.0,3725.0,4184.285714285715,4700.0,2125.477414157871,4292.566666666667,4679.5,2000.6599890921018,20260.0,0,1,0,0,0,1,1,0,0,3355
201,0,2015-03-25,0.43388373911755823,-0.900968867902419,1.0,6.123233995736766e-17,0.9922222094179323,0.12447926388678915,3355.0,4700.0,3661.0,4107.0,4159.0,2113.4013658870686,4317.3,4679.5,1994.0380301080586,20260.0,0,1,0,0,0,1,1,0,0,4159
201,0,2015-03-26,-0.433883739117558,-0.9009688679024191,1.0,6.123233995736766e-17,0.994217906893952,0.10738134666416309,4159.0,6006.0,3972.0,3793.1428571428573,3809.0,1940.440278954875,4317.466666666666,4679.5,1993.9938562720197,20260.0,0,1,0,0,0,1,1,0,0,3809
201,0,2015-03-27,-0.9749279121818236,-0.2225209339563146,1.0,6.123233995736766e-17,0.995918996147179,0.09025161003104117,3809.0,6022.0,4659.0,3646.8571428571427,3809.0,1776.041049504152,4343.0,4770.0,1997.762507026985,20260.0,0,1,0,0,0,1,1,0,0,4998
201,0,2015-03-28,-0.7818314824680299,0.6234898018587334,1.0,6.123233995736766e-17,0.9973249731081555,0.07309512989807777,4998.0,5497.0,5189.0,3640.714285714286,3809.0,1768.6342861358414,4341.666666666667,4770.0,1996.9810202909503,20260.0,0,1,0,0,0,1,1,0,0,5454
201,0,2015-03-29,-2.4492935982947064e-16,1.0,1.0,6.123233995736766e-17,0.9984354211555643,0.055916990100603484,5454.0,0.0,0.0,3640.714285714286,3809.0,1768.6342861358414,4131.133333333333,4679.5,2111.319341293383,20260.0,0,1,0,0,0,1,1,0,0,0
201,0,2015-03-30,0.7818314824680298,0.6234898018587336,1.0,6.123233995736766e-17,0.9992500112396835,0.03872228089217446,0.0,3710.0,6513.0,4074.8571428571427,4159.0,2125.467903668226,4131.333333333333,4679.5,2111.5755570979027,20260.0,1,1,0,0,0,1,1,0,0,6749
201,0,2015-03-31,0.9749279121818236,-0.22252093395631434,1.0,6.123233995736766e-17,0.9997685019798909,0.021516097436222254,6749.0,3355.0,4143.0,4554.285714285715,4998.0,2306.793424813304,4355.033333333334,4770.0,2011.9411022320114,20260.0,1,1,0,0,0,1,1,0,0,6711
201,0,2015-04-01,0.43388373911755823,-0.900968867902419,0.8660254037844387,-0.49999999999999983,0.9999907397361901,0.004303538296244289,6711.0,4159.0,4700.0,5073.857142857143,5454.0,2594.5633819309796,4388.366666666667,4770.0,2061.451639238604,20260.0,1,1,0,0,0,1,1,0,0,7796
201,0,2015-04-02,-0.433883739117558,-0.9009688679024191,0.8660254037844387,-0.49999999999999983,0.9999166586547379,-0.01291029607500882,7796.0,3809.0,6006.0,5763.571428571428,6711.0,2833.0412902710973,4495.833333333333,4770.0,2196.332697041125,20260.0,1,1,0,0,0,1,1,0,0,8637
201,0,2015-04-03,-0.9749279121818236,-0.2225209339563146,0.8660254037844387,-0.49999999999999983,0.9995462806873573,-0.030120304846908114,8637.0,4998.0,6022.0,5049.571428571428,6711.0,3587.497310435359,4334.5,4679.5,2343.042933805345,20260.0,1,1,0,0,0,1,1,0,0,0
201,0,2015-04-04,-0.7818314824680299,0.6234898018587334,0.8660254037844387,-0.49999999999999983,0.9988797155850336,-0.04732138832243185,0.0,5454.0,5497.0,5400.571428571428,6749.0,3750.1694564887234,4401.466666666666,4679.5,2416.9331911690692,20260.0,0,1,0,0,0,1,1,0,0,7911
201,0,2015-04-05,-2.4492935982947064e-16,1.0,0.8660254037844387,-0.49999999999999983,0.9979171608653922,-0.06450844944931623,7911.0,0.0,0.0,5400.571428571428,6749.0,3750.1694564887234,4207.533333333334,4409.0,2530.118257197138,20260.0,0,1,0,0,0,1,1,0,0,0
201,0,2015-04-06,0.7818314824680298,0.6234898018587336,0.8660254037844387,-0.49999999999999983,0.9966589017541702,-0.08167639533042241,0.0,6749.0,3710.0,4436.428571428572,6711.0,4187.750743025935,4030.5,4151.0,2633.9227824934264,20260.0,0,1,0,0,0,1,1,0,0,0
201,0,2015-04-07,0.9749279121818236,-0.22252093395631434,0.8660254037844387,-0.49999999999999983,0.9951053111006976,-0.09882013873287143,0.0,6711.0,3355.0,4105.714285714285,4396.0,4067.8801487705973,4177.033333333334,4277.5,2521.8591046444576,20260.0,0,1,0,0,0,1,1,0,0,4396
201,0,2015-04-08,0.43388373911755823,-0.900968867902419,0.8660254037844387,-0.49999999999999983,0.9932568492674143,-0.11593459959550041,4396.0,7796.0,4159.0,3487.8571428571427,3471.0,3728.2327103947177,4174.766666666666,4277.5,2522.4828311275614,20260.0,0,1,0,0,0,1,1,0,0,3471
201,0,2015-04-09,-0.433883739117558,-0.9009688679024191,0.8660254037844387,-0.49999999999999983,0.9911140639934547,-0.1330147065341959,3471.0,8637.0,3809.0,2851.714285714286,3471.0,3014.8663162339244,4190.066666666667,4290.0,2521.052338202047,20260.0,0,1,0,0,0,1,1,0,0,4184
201,0,2015-04-10,-0.9749279121818236,-0.2225209339563146,0.8660254037844387,-0.49999999999999983,0.9886775902323405,-0.1500553983446526,4184.0,0.0,4998.0,3512.714285714286,4184.0,2783.805292178658,4222.266666666666,4511.5,2520.230804062817,20260.0,0,1,0,0,0,1,1,0,0,4627
201,0,2015-04-11,-0.7818314824680299,0.6234898018587334,0.8660254037844387,-0.49999999999999983,0.9859481499638304,-0.16705162550211924,4627.0,7911.0,5454.0,3122.285714285714,4184.0,2193.119902048656,4262.466666666666,4643.0,2525.713606683959,20260.0,0,1,0,0,0,1,1,0,0,5178
201,0,2015-04-12,-2.4492935982947064e-16,1.0,0.8660254037844387,-0.49999999999999983,0.9829265519799822,-0.18399835165768005,5178.0,0.0,0.0,3122.285714285714,4184.0,2193.119902048656,4107.166666666667,4511.5,2641.090998227726,20260.0,0,1,0,0,0,1,1,0,0,0
201,0,2015-04-13,0.7818314824680298,0.6234898018587336,0.8660254037844387,-0.49999999999999983,0.9796136916454901,-0.20089055513063506,0.0,0.0,6749.0,4174.857142857143,4396.0,2212.8686079816084,4179.8,4511.5,2701.148483707341,20260.0,1,1,0,0,0,1,1,0,0,7368
201,0,2015-04-14,0.9749279121818236,-0.22252093395631434,0.8660254037844387,-0.49999999999999983,0.9760105506323683,-0.21772323039653177,7368.0,4396.0,6711.0,4266.857142857143,4627.0,2236.8521355222524,4347.8,4663.5,2586.5193414023147,20260.0,1,1,0,0,0,1,1,0,0,5040
201,0,2015-04-15,0.43388373911755823,-0.900968867902419,0.8660254037844387,-0.49999999999999983,0.9721181966290613,-0.23449138957040985,5040.0,3471.0,7796.0,4481.428571428572,4973.0,2219.760036366003,4296.466666666666,4663.5,2557.181351482097,20260.0,1,1,0,0,0,1,1,0,0,4973
201,0,2015-04-16,-0.433883739117558,-0.9009688679024191,0.8660254037844387,-0.49999999999999983,0.9679377830240642,-0.25119006388481935,4973.0,4184.0,8637.0,4674.428571428572,5040.0,2248.140480274219,4342.866666666667,4836.5,2566.9110744955315,20260.0,1,1,0,0,0,1,1,0,0,5535
201,0,2015-04-17,-0.9749279121818236,-0.2225209339563146,0.8660254037844387,-0.49999999999999983,0.9634705485641488,-0.2678143051621742,5535.0,4627.0,0.0,4901.428571428572,5178.0,2321.576465618624,4393.4,4985.5,2589.0113756892347,20260.0,1,1,0,0,0,1,1,0,0,6216
201,0,2015-04-18,-0.7818314824680299,0.6234898018587334,0.8660254037844387,-0.49999999999999983,0.9587178169872964,-0.2843591872810034,6216.0,5178.0,7911.0,4932.285714285715,5394.0,2327.2936152167276,4373.0,4985.5,2578.255585094106,20260.0,0,1,0,0,0,1,1,0,0,5394
201,0,2015-04-19,-2.4492935982947064e-16,1.0,0.8660254037844387,-0.49999999999999983,0.9536809966304457,-0.30081980763566735,5394.0,0.0,0.0,4932.285714285715,5394.0,2327.2936152167276,4172.266666666666,4800.0,2677.9416044383033,20260.0,0,1,0,0,0,1,1,0,0,0
201,0,2015-04-20,0.7818314824680298,0.6234898018587336,0.8660254037844387,-0.49999999999999983,0.9483615800121715,-0.3171912885891061,0.0,7368.0,0.0,4368.0,5040.0,2106.7036652869137,4102.966666666666,4511.5,2669.3644533966235,20260.0,0,1,0,0,0,1,1,0,0,3418
201,0,2015-04-21,0.9749279121818236,-0.22252093395631434,0.8660254037844387,-0.49999999999999983,0.9427611433904207,-0.3334687789181868,3418.0,5040.0,4396.0,4015.8571428571427,4973.0,2180.383561713504,4188.8,4511.5,2572.5273819795325,20260.0,0,1,0,0,0,1,1,0,0,2575
201,0,2015-04-22,0.43388373911755823,-0.900968867902419,0.8660254037844387,-0.49999999999999983,0.9368813462954315,-0.3496474552512284,2575.0,4973.0,3471.0,3823.714285714286,3628.0,2140.88429660002,4186.066666666667,4511.5,2573.097153416389,20260.0,0,1,0,0,0,1,1,0,0,3628
201,0,2015-04-23,-0.433883739117558,-0.9009688679024191,0.8660254037844387,-0.49999999999999983,0.9307239310379795,-0.36572252349726897,3628.0,5535.0,4184.0,3669.714285714286,3628.0,2033.34098749535,4222.8,4542.0,2568.6860508022755,20260.0,0,1,0,0,0,1,1,0,0,4457
201,0,2015-04-24,-0.9749279121818236,-0.2225209339563146,0.8660254037844387,-0.49999999999999983,0.9242907221930934,-0.3816892202666588,4457.0,6216.0,4627.0,3476.5714285714284,3628.0,1802.2426637519197,4246.3,4745.5,2571.3058020364265,20260.0,0,1,0,0,0,1,1,0,0,4864
201,0,2015-04-25,-0.7818314824680299,0.6234898018587334,0.8660254037844387,-0.49999999999999983,0.9175836260593937,-0.39754281428255595,4864.0,5394.0,5178.0,3476.1428571428573,3628.0,1801.7109857550606,4299.033333333334,4918.5,2578.2410133632757,20260.0,0,1,0,0,0,1,1,0,0,5391
201,0,2015-04-26,-2.4492935982947064e-16,1.0,0.8660254037844387,-0.49999999999999983,0.9106046300942163,-0.4132786077829042,5391.0,0.0,0.0,3476.1428571428573,3628.0,1801.7109857550606,4132.433333333333,4745.5,2690.5514200026255,20260.0,0,1,0,0,0,1,1,0,0,0
201,0,2015-04-27,0.7818314824680298,0.6234898018587336,0.8660254037844387,-0.49999999999999983,0.9033558023246845,-0.4288919379124835,0.0,3418.0,7368.0,3836.285714285714,4457.0,2026.1350493230282,4148.6,4745.5,2700.2059001950684,20260.0,1,1,0,0,0,1,1,0,0,5939
201,0,2015-04-28,0.9749279121818236,-0.22252093395631434,0.8660254037844387,-0.49999999999999983,0.895839290734909,-0.4443781781046132,5939.0,2575.0,5040.0,4280.0,4864.0,2043.9052489454232,4337.966666666666,4918.5,2596.4420016276267,20260.0,1,1,0,0,0,1,1,0,0,5681
201,0,2015-04-29,0.43388373911755823,-0.900968867902419,0.8660254037844387,-0.49999999999999983,0.8880573226294932,-0.45973273945210397,5681.0,3628.0,4973.0,4589.285714285715,5391.0,2092.0386161418132,4306.1,4918.5,2571.5780523465214,20260.0,1,1,0,0,0,1,1,0,0,5793
201,0,2015-04-30,-0.433883739117558,-0.9009688679024191,0.8660254037844387,-0.49999999999999983,0.8800122039735357,-0.47495107206704995,5793.0,4457.0,5535.0,5097.285714285715,5681.0,2454.846411644093,4349.5,4918.5,2624.0167518125886,20260.0,1,1,0,0,0,1,1,0,0,8013
201,0,2015-05-01,-0.9749279121818236,-0.2225209339563146,0.49999999999999994,-0.8660254037844387,0.8717063187093218,-0.49002866642905923,8013.0,4864.0,6216.0,4402.428571428572,5681.0,3127.984966776685,4089.633333333333,4745.5,2656.756649639233,20260.0,1,1,0,0,0,1,1,0,0,0
201,0,2015-05-02,-0.7818314824680299,0.6234898018587334,0.49999999999999994,-0.8660254037844387,0.8631421280499114,-0.5049610547215204,0.0,5391.0,5394.0,4681.714285714285,5793.0,3312.7801876110875,4046.6,4745.5,2590.1813623094336,20260.0,0,1,0,0,0,1,1,0,0,7346
201,0,2015-05-03,-2.4492935982947064e-16,1.0,0.49999999999999994,-0.8660254037844387,0.854322169749827,-0.5197438121555155,7346.0,0.0,0.0,4681.714285714285,5793.0,3312.7801876110875,4046.6,4745.5,2590.1813623094336,20260.0,0,1,0,0,0,1,1,0,0,0
201,0,2015-05-04,0.7818314824680298,0.6234898018587336,0.49999999999999994,-0.8660254037844387,0.8452490573530633,-0.5343725582809787,0.0,5939.0,3418.0,4744.142857142857,5793.0,3344.3891035868505,3995.4333333333334,4745.5,2525.566657936025,20260.0,1,1,0,0,0,1,1,0,0,6376
201,0,2015-05-05,0.9749279121818236,-0.22252093395631434,0.49999999999999994,-0.8660254037844387,0.835925479418637,-0.548842958284719,6376.0,5681.0,2575.0,4692.571428571428,5793.0,3330.2883687524118,4172.766666666666,4918.5,2419.915197763715,20260.0,1,1,0,0,0,1,1,0,0,5320
201,0,2015-05-06,0.43388373911755823,-0.900968867902419,0.49999999999999994,-0.8660254037844387,0.8263541987239096,-0.5631507242749186,5320.0,5793.0,3628.0,4573.571428571428,5320.0,3299.1506915741616,4338.1,4966.5,2290.997363745677,20260.0,1,1,0,0,0,1,1,0,0,4960
201,0,2015-05-07,-0.433883739117558,-0.9009688679024191,0.49999999999999994,-0.8660254037844387,0.8165380514459161,-0.5772916165517272,4960.0,8013.0,4457.0,4228.857142857143,5320.0,2991.612242508009,4378.233333333334,5006.5,2302.563169725143,20260.0,1,1,0,0,0,1,1,0,0,5600
201,0,2015-05-08,-0.9749279121818236,-0.2225209339563146,0.49999999999999994,-0.8660254037844387,0.8064799463209448,-0.5912614448635781,5600.0,0.0,4864.0,5057.571428571428,5600.0,2362.184430927073,4455.9,5109.0,2310.189921286512,20260.0,1,1,0,0,0,1,1,0,0,5801
201,0,2015-05-09,-0.7818314824680299,0.6234898018587334,0.49999999999999994,-0.8660254037844387,0.7961828637826158,-0.6050560696488488,5801.0,7346.0,5391.0,4823.0,5600.0,2170.8404670388177,4506.566666666667,5249.0,2320.665461684958,20260.0,0,1,0,0,0,1,1,0,0,5704
201,0,2015-05-10,-2.4492935982947064e-16,1.0,0.49999999999999994,-0.8660254037844387,0.7856498550787145,-0.6186714032625031,5704.0,0.0,0.0,4823.0,5600.0,2170.8404670388177,4352.333333333333,5249.0,2461.8479088759254,20260.0,0,1,0,0,0,1,1,0,0,0
201,0,2015-05-11,0.7818314824680298,0.6234898018587336,0.49999999999999994,-0.8660254037844387,0.7748840413670407,-0.6321034111873487,0.0,6376.0,5939.0,4468.285714285715,5320.0,2075.557171322572,4309.5,5180.0,2458.1628933707407,20260.0,0,1,0,0,0,1,1,0,0,3893
201,0,2015-05-12,0.9749279121818236,-0.22252093395631434,0.49999999999999994,-0.8660254037844387,0.7638886127905428,-0.6453481132295501,3893.0,5320.0,5681.0,4350.285714285715,4960.0,2042.2781980169166,4459.3,5180.0,2319.5081843445532,20260.0,0,1,0,0,0,1,1,0,0,4494
201,0,2015-05-13,0.43388373911755823,-0.900968867902419,0.49999999999999994,-0.8660254037844387,0.7526668275320084,-0.6584015846980488,4494.0,4960.0,5793.0,4398.571428571428,5298.0,2062.9869814698955,4390.3,5169.0,2260.023499267511,20260.0,0,1,0,0,0,1,1,0,0,5298
201,0,2015-05-14,-0.433883739117558,-0.9009688679024191,0.49999999999999994,-0.8660254037844387,0.741222010848596,-0.6712599575675313,5298.0,5600.0,8013.0,3598.5714285714284,4494.0,2548.185358063188,4222.3,5135.5,2393.449280561565,20260.0,0,1,0,0,0,1,1,0,0,0
201,0,2015-05-15,-0.9749279121818236,-0.2225209339563146,0.49999999999999994,-0.8660254037844387,0.7295575540864875,-0.6839194216246106,0.0,5801.0,0.0,3655.8571428571427,4494.0,2609.714826602798,4263.266666666666,5309.0,2417.1420704016823,20260.0,0,1,0,0,0,1,1,0,0,6202
201,0,2015-05-16,-0.7818314824680299,0.6234898018587334,0.49999999999999994,-0.8660254037844387,0.717676913675962,-0.6963762255968722,6202.0,5704.0,7346.0,3586.1428571428573,4494.0,2551.757722862904,4252.633333333333,5257.0,2412.050929915397,20260.0,0,1,0,0,0,1,1,0,0,5216
201,0,2015-05-17,-2.4492935982947064e-16,1.0,0.49999999999999994,-0.8660254037844387,0.705583610107178,-0.7086266782644596,5216.0,0.0,0.0,3586.1428571428573,4494.0,2551.757722862904,4045.4333333333334,5088.0,2502.8523546536626,20260.0,0,1,0,0,0,1,1,0,0,0
201,0,2015-05-18,0.7818314824680298,0.6234898018587336,0.49999999999999994,-0.8660254037844387,0.6932812268869777,-0.7206671495538609,0.0,3893.0,6376.0,3914.285714285714,5216.0,2738.64234699639,4071.9666666666667,5088.0,2521.789464308794,20260.0,1,1,0,0,0,1,1,0,0,6190
201,0,2015-05-19,0.9749279121818236,-0.22252093395631434,0.49999999999999994,-0.8660254037844387,0.6807734094770161,-0.7324940716135789,6190.0,4494.0,5320.0,3958.1428571428573,5216.0,2751.899370045557,4232.0,5088.0,2404.0590531504145,20260.0,1,1,0,0,0,1,1,0,0,4801
201,0,2015-05-20,0.43388373911755823,-0.900968867902419,0.49999999999999994,-0.8660254037844387,0.6680638642135335,-0.7441039398713607,4801.0,5298.0,4960.0,3956.714285714286,5216.0,2751.0903725787034,4294.333333333333,5252.0,2406.467397105832,20260.0,1,1,0,0,0,1,1,0,0,5288
201,0,2015-05-21,-0.433883739117558,-0.9009688679024191,0.49999999999999994,-0.8660254037844387,0.6551563572090853,-0.7554933140726803,5288.0,0.0,5600.0,4743.428571428572,5288.0,2153.5378533274643,4392.066666666667,5293.0,2393.737330868905,20260.0,1,1,0,0,0,1,1,0,0,5507
201,0,2015-05-22,-0.9749279121818236,-0.2225209339563146,0.49999999999999994,-0.8660254037844387,0.6420547132365637,-0.766658819300159,5507.0,6202.0,5801.0,4754.0,5288.0,2162.0558888860032,4480.333333333333,5309.0,2413.332583984132,20260.0,1,1,0,0,0,1,1,0,0,6276
201,0,2015-05-23,-0.7818314824680299,0.6234898018587334,0.49999999999999994,-0.8660254037844387,0.6287628145958344,-0.777597146973627,6276.0,5216.0,5704.0,4842.571428571428,5507.0,2196.560937552366,4526.3,5355.5,2425.9726119214724,20260.0,0,1,0,0,0,1,1,0,0,5836
201,0,2015-05-24,-2.4492935982947064e-16,1.0,0.49999999999999994,-0.8660254037844387,0.6152845999633276,-0.7883050558305255,5836.0,0.0,0.0,4842.571428571428,5507.0,2196.560937552366,4364.166666666667,5355.5,2561.382198026644,20260.0,0,1,0,0,0,1,1,0,0,0
201,0,2015-05-25,0.7818314824680298,0.6234898018587336,0.49999999999999994,-0.8660254037844387,0.6016240632249226,-0.7987793728863649,0.0,6190.0,3893.0,3958.285714285714,5288.0,2741.972690982758,4184.466666666666,5309.0,2673.513028328768,20260.0,0,1,0,0,0,1,1,0,0,0
201,0,2015-05-26,0.9749279121818236,-0.22252093395631434,0.49999999999999994,-0.8660254037844387,0.5877852522924732,-0.8090169943749473,0.0,4801.0,4494.0,4009.4285714285716,5288.0,2763.5642358581563,4356.433333333333,5309.0,2558.523707994085,20260.0,0,1,0,0,0,1,1,0,0,5159
201,0,2015-05-27,0.43388373911755823,-0.900968867902419,0.49999999999999994,-0.8660254037844387,0.5737722679043246,-0.8190148866680801,5159.0,5288.0,5298.0,3786.4285714285716,5159.0,2705.569616990283,4282.7,5293.0,2543.1709388355935,20260.0,0,1,0,0,0,1,1,0,0,3727
201,0,2015-05-28,-0.433883739117558,-0.9009688679024191,0.49999999999999994,-0.8660254037844387,0.5595892624101765,-0.8287700871745037,3727.0,5507.0,0.0,3771.714285714286,5159.0,2694.9117928846144,4273.466666666666,5293.0,2538.417559375744,20260.0,0,1,0,0,0,1,1,0,0,5404
201,0,2015-05-29,-0.9749279121818236,-0.2225209339563146,0.49999999999999994,-0.8660254037844387,0.545240438540651,-0.8382797052177743,5404.0,6276.0,6202.0,3811.0,5159.0,2739.1445136514176,4298.733333333334,5293.0,2557.762841629961,20260.0,0,1,0,0,0,1,1,0,0,6551
201,0,2015-05-30,-0.7818314824680299,0.6234898018587334,0.49999999999999994,-0.8660254037844387,0.5307300481619334,-0.8475409228928311,6551.0,5836.0,5216.0,3913.714285714286,5159.0,2839.381840840578,4250.133333333333,5293.0,2497.905850263695,20260.0,0,1,0,0,0,1,1,0,0,6555
201,0,2015-05-31,-2.4492935982947064e-16,1.0,0.49999999999999994,-0.8660254037844387,0.5160623910158528,-0.8565509959010036,6555.0,0.0,0.0,3913.714285714286,5159.0,2839.381840840578,4250.133333333333,5293.0,2497.905850263695,20260.0,0,1,0,0,0,1,1,0,0,0
201,0,2015-06-01,0.7818314824680298,0.6234898018587336,1.2246467991473532e-16,-1.0,0.5012418134457758,-0.865307254363206,0.0,0.0,6190.0,4866.0,5404.0,2390.3457211597333,4227.466666666666,5293.0,2471.7931747722255,20260.0,1,1,0,0,0,1,1,0,0,6666
201,0,2015-06-02,0.9749279121818236,-0.22252093395631434,1.2246467991473532e-16,-1.0,0.48627270710869,-0.8738071036110808,6666.0,5159.0,4801.0,5093.571428571428,6551.0,2496.368753285645,4452.533333333334,5309.0,2379.25826942845,20260.0,1,1,0,0,0,1,1,0,0,6752
201,0,2015-06-03,0.43388373911755823,-0.900968867902419,1.2246467991473532e-16,-1.0,0.4711595076738638,-0.8820480249558537,6752.0,3727.0,5288.0,5649.0,6555.0,2572.991773532638,4493.833333333333,5309.0,2424.12819854654,20260.0,1,1,0,0,0,1,1,0,0,7615
201,0,2015-06-04,-0.433883739117558,-0.9009688679024191,1.2246467991473532e-16,-1.0,0.4559066935084588,-0.8900275764346767,7615.0,5404.0,5507.0,4877.0,6555.0,3351.641587839205,4316.5,5293.0,2552.7814546436202,20260.0,1,1,0,0,0,1,1,0,0,0
201,0,2015-06-05,-0.9749279121818236,-0.2225209339563146,1.2246467991473532e-16,-1.0,0.440518784350495,-0.8977433935342337,0.0,6551.0,6276.0,5010.142857142857,6666.0,3446.3961577552936,4400.6,5351.0,2615.501186230356,20260.0,1,1,0,0,0,1,1,0,0,7483
201,0,2015-06-06,-0.7818314824680299,0.6234898018587334,1.2246467991473532e-16,-1.0,0.42500033996955416,-0.9051931898913974,7483.0,6555.0,5836.0,4817.571428571428,6666.0,3382.761734497558,4387.5,5293.0,2610.265672170235,20260.0,0,1,0,0,0,1,1,0,0,5207
201,0,2015-06-07,-2.4492935982947064e-16,1.0,1.2246467991473532e-16,-1.0,0.4093559588156213,-0.9123747579707273,5207.0,0.0,0.0,4817.571428571428,6666.0,3382.761734497558,4194.133333333333,5252.0,2714.720875133398,20260.0,0,1,0,0,0,1,1,0,0,0
201,0,2015-06-08,0.7818314824680298,0.6234898018587336,1.2246467991473532e-16,-1.0,0.39359027665646673,-0.9192859697186104,0.0,6666.0,0.0,4535.857142857143,5207.0,3283.8367513510457,4160.466666666666,5211.5,2701.581525741888,20260.0,0,1,0,0,0,1,1,0,0,4694
201,0,2015-06-09,0.9749279121818236,-0.22252093395631434,1.2246467991473532e-16,-1.0,0.3777079652039649,-0.9259247771938498,4694.0,6752.0,5159.0,4115.285714285715,4694.0,3137.9884063035065,4287.4,5211.5,2586.3642914863804,20260.0,0,1,0,0,0,1,1,0,0,3808
201,0,2015-06-10,0.43388373911755823,-0.900968867902419,1.2246467991473532e-16,-1.0,0.36171373072976765,-0.9322892131745133,3808.0,7615.0,3727.0,3635.4285714285716,4256.0,2745.9602969418447,4299.5,5211.5,2585.3044208131173,20260.0,0,1,0,0,0,1,1,0,0,4256
201,0,2015-06-11,-0.433883739117558,-0.9009688679024191,1.2246467991473532e-16,-1.0,0.3456123126707335,-0.9383773917408641,4256.0,0.0,5404.0,4261.285714285715,4381.0,2230.0763599994852,4295.733333333334,5211.5,2585.093581089182,20260.0,0,1,0,0,0,1,1,0,0,4381
201,0,2015-06-12,-0.9749279121818236,-0.2225209339563146,1.2246467991473532e-16,-1.0,0.3294084822245304,-0.9441875088341993,4381.0,7483.0,6551.0,3907.0,4381.0,1785.6610353965057,4285.9,5183.0,2581.7084873767385,20260.0,0,1,0,0,0,1,1,0,0,5003
201,0,2015-06-13,-0.7818314824680299,0.6234898018587334,1.2246467991473532e-16,-1.0,0.3131070409358269,-0.9497178427914316,5003.0,5207.0,6555.0,3991.0,4381.0,1868.897357623826,4479.066666666667,5211.5,2464.0895770401994,20260.0,0,1,0,0,0,1,1,0,0,5795
201,0,2015-06-14,-2.4492935982947064e-16,1.0,1.2246467991473532e-16,-1.0,0.29671281927349075,-0.9549667548552551,5795.0,0.0,0.0,3991.0,4381.0,1868.897357623826,4272.333333333333,5183.0,2572.344728511098,20260.0,0,1,0,0,0,1,1,0,0,0
201,0,2015-06-15,0.7818314824680298,0.6234898018587336,1.2246467991473532e-16,-1.0,0.28023067519921585,-0.9599326896597447,0.0,4694.0,6666.0,4372.714285714285,4381.0,2266.9046233638837,4344.0,5183.0,2628.8711881980666,20260.0,1,1,0,0,0,1,1,0,0,7366
201,0,2015-06-16,0.9749279121818236,-0.22252093395631434,1.2246467991473532e-16,-1.0,0.26366549272800704,-0.9646141756912435,7366.0,3808.0,6752.0,4666.714285714285,5003.0,2314.4145202250497,4539.533333333334,5247.5,2510.097521574825,20260.0,1,1,0,0,0,1,1,0,0,5866
201,0,2015-06-17,0.43388373911755823,-0.900968867902419,1.2246467991473532e-16,-1.0,0.24702218048093552,-0.9690098257244062,5866.0,4256.0,7615.0,4754.571428571428,5003.0,2307.888707393461,4495.566666666667,5183.0,2491.675349463975,20260.0,1,1,0,0,0,1,1,0,0,4871
201,0,2015-06-18,-0.433883739117558,-0.9009688679024191,1.2246467991473532e-16,-1.0,0.23030567023061221,-0.9731183372332619,4871.0,4381.0,0.0,5055.857142857143,5795.0,2387.2874026512004,4551.866666666667,5247.5,2517.7598106983523,20260.0,1,1,0,0,0,1,1,0,0,6490
201,0,2015-06-19,-0.9749279121818236,-0.2225209339563146,1.2246467991473532e-16,-1.0,0.21352091543979612,-0.9769384927771817,6490.0,5003.0,7483.0,5203.285714285715,5866.0,2415.182099020391,4576.766666666666,5305.5,2528.9599290990145,20260.0,1,1,0,0,0,1,1,0,0,6035
201,0,2015-06-20,-0.7818314824680299,0.6234898018587334,1.2246467991473532e-16,-1.0,0.19667288979357647,-0.980469160361632,6035.0,5795.0,5207.0,5099.285714285715,5866.0,2401.088760978071,4562.1,5183.0,2524.651240509644,20260.0,0,1,0,0,0,1,1,0,0,5067
201,0,2015-06-21,-2.4492935982947064e-16,1.0,1.2246467991473532e-16,-1.0,0.1797665857255624,-0.9837092937736097,5067.0,0.0,0.0,5099.285714285715,5866.0,2401.088760978071,4352.9,5113.0,2635.3329744468497,20260.0,0,1,0,0,0,1,1,0,0,0
201,0,2015-06-22,0.7818314824680298,0.6234898018587336,1.2246467991473532e-16,-1.0,0.16280701293851715,-0.986657932891657,0.0,7366.0,4694.0,4600.857142857143,5067.0,2206.3671066991064,4287.6,5035.0,2621.551193867659,20260.0,0,1,0,0,0,1,1,0,0,3877
201,0,2015-06-23,0.9749279121818236,-0.22252093395631434,1.2246467991473532e-16,-1.0,0.1457991969198751,-0.9893142039703663,3877.0,5866.0,3808.0,4309.285714285715,4871.0,2145.32846857893,4415.1,5035.0,2495.8322963941555,20260.0,0,1,0,0,0,1,1,0,0,3825
201,0,2015-06-24,0.43388373911755823,-0.900968867902419,1.2246467991473532e-16,-1.0,0.12874817745258132,-0.99167731989929,3825.0,4871.0,4256.0,4176.142857142857,3939.0,2133.5457520734017,4546.4,5035.0,2355.203770377414,20260.0,0,1,0,0,0,1,1,0,0,3939
201,0,2015-06-25,-0.433883739117558,-0.9009688679024191,1.2246467991473532e-16,-1.0,0.11165900712169512,-0.993746580436178,3939.0,6490.0,4381.0,3940.285714285714,3939.0,1915.2088410306299,4535.733333333334,4937.0,2353.057305944217,20260.0,0,1,0,0,0,1,1,0,0,4839
201,0,2015-06-26,-0.9749279121818236,-0.2225209339563146,1.2246467991473532e-16,-1.0,0.09453674981719912,-0.9955213724144752,4839.0,6035.0,5003.0,3732.0,3939.0,1718.6257106575938,4564.066666666667,4937.0,2348.0957205028217,20260.0,0,1,0,0,0,1,1,0,0,4577
201,0,2015-06-27,-0.7818314824680299,0.6234898018587334,1.2246467991473532e-16,-1.0,0.07738647923346301,-0.9970011699250151,4577.0,5067.0,5795.0,3720.714285714286,3939.0,1708.6283694126969,4550.2,4929.5,2344.1895504152067,20260.0,0,1,0,0,0,1,1,0,0,4988
201,0,2015-06-28,-2.4492935982947064e-16,1.0,1.2246467991473532e-16,-1.0,0.06021327736579302,-0.9981855344718586,4988.0,0.0,0.0,3720.714285714286,3939.0,1708.6283694126969,4331.833333333333,4855.0,2453.935011411237,20260.0,0,1,0,0,0,1,1,0,0,0
201,0,2015-06-29,0.7818314824680298,0.6234898018587336,1.2246467991473532e-16,-1.0,0.04302223300453059,-0.99907411510223,0.0,3877.0,7366.0,4195.857142857143,4577.0,2161.7133967119207,4353.433333333333,4855.0,2476.922766650993,20260.0,1,1,0,0,0,1,1,0,0,7203
201,0,2015-06-30,0.9749279121818236,-0.22252093395631434,1.2246467991473532e-16,-1.0,0.02581844022713308,-0.9996666485105112,7203.0,3825.0,5866.0,4616.571428571428,4839.0,2355.4087300751567,4579.1,4929.5,2372.826734886703,20260.0,1,1,0,0,0,1,1,0,0,6770
201,0,2015-07-01,0.43388373911755823,-0.900968867902419,-0.4999999999999998,-0.8660254037844388,0.008606996888688698,-0.9999629591162655,6770.0,3939.0,4871.0,5006.714285714285,4988.0,2448.7985975634138,4579.233333333334,4929.5,2372.9481544437817,20260.0,1,1,0,0,0,1,1,0,0,6670
201,0,2015-07-02,-0.433883739117558,-0.9009688679024191,-0.4999999999999998,-0.8660254037844388,-0.008606996888688009,-0.9999629591162655,6670.0,4839.0,6490.0,5216.428571428572,6307.0,2494.4752859831906,4564.4,4929.5,2360.2547144834534,20260.0,1,1,0,0,0,1,1,0,0,6307
201,0,2015-07-03,-0.9749279121818236,-0.2225209339563146,-0.4999999999999998,-0.8660254037844388,-0.02581844022713239,-0.9996666485105112,6307.0,4577.0,6035.0,5556.0,6670.0,2554.0022839979274,4542.366666666667,4929.5,2333.7311472866963,20260.0,1,1,0,0,0,1,1,0,0,6954
201,0,2015-07-04,-0.7818314824680299,0.6234898018587334,-0.4999999999999998,-0.8660254037844388,-0.04302223300453034,-0.99907411510223,6954.0,4988.0,5067.0,5601.142857142857,6670.0,2545.066497400498,4719.166666666667,4995.5,2173.1272093036987,20260.0,0,1,0,0,0,1,1,0,0,5304
201,0,2015-07-05,-2.4492935982947064e-16,1.0,-0.4999999999999998,-0.8660254037844388,-0.060213277365792774,-0.9981855344718586,5304.0,0.0,0.0,5601.142857142857,6670.0,2545.066497400498,4469.733333333334,4929.5,2272.1493991271814,20260.0,0,1,0,0,0,1,1,0,0,0
201,0,2015-07-06,0.7818314824680298,0.6234898018587336,-0.4999999999999998,-0.8660254037844388,-0.07738647923346322,-0.9970011699250151,0.0,7203.0,3877.0,5294.0,6307.0,2447.391059883967,4464.6,4929.5,2270.5997324115874,20260.0,0,1,0,0,0,1,1,0,0,5053
201,0,2015-07-07,0.9749279121818236,-0.22252093395631434,-0.4999999999999998,-0.8660254037844388,-0.09453674981719933,-0.9955213724144752,5053.0,6770.0,3825.0,4924.285714285715,5304.0,2381.858008242419,4604.0,4929.5,2109.7255091925867,20260.0,0,1,0,0,0,1,1,0,0,4182
201,0,2015-07-08,0.43388373911755823,-0.900968867902419,-0.4999999999999998,-0.8660254037844388,-0.11165900712169444,-0.9937465804361781,4182.0,6670.0,3939.0,4691.857142857143,5053.0,2259.347208714009,4615.633333333333,4995.5,2111.200597851328,20260.0,0,1,0,0,0,1,1,0,0,5043
201,0,2015-07-09,-0.433883739117558,-0.9009688679024191,-0.4999999999999998,-0.8660254037844388,-0.12874817745258066,-0.99167731989929,5043.0,6307.0,4839.0,4511.857142857143,5047.0,2157.102178739752,4656.933333333333,5023.0,2106.9712358040715,20260.0,0,1,0,0,0,1,1,0,0,5047
201,0,2015-07-10,-0.9749279121818236,-0.2225209339563146,-0.4999999999999998,-0.8660254037844388,-0.14579919691987442,-0.9893142039703664,5047.0,6954.0,4577.0,4190.0,5043.0,1882.6005063917962,4671.766666666666,5023.0,2105.6172767366684,20260.0,0,1,0,0,0,1,1,0,0,4701
201,0,2015-07-11,-0.7818314824680299,0.6234898018587334,-0.4999999999999998,-0.8660254037844388,-0.16280701293851646,-0.9866579328916572,4701.0,5304.0,4988.0,4191.428571428572,5043.0,1883.5902648172364,4702.866666666667,5045.0,2108.063349393813,20260.0,0,1,0,0,0,1,1,0,0,5314
201,0,2015-07-12,-2.4492935982947064e-16,1.0,-0.4999999999999998,-0.8660254037844388,-0.17976658572556214,-0.9837092937736098,5314.0,0.0,0.0,4191.428571428572,5043.0,1883.5902648172364,4536.1,5045.0,2274.7985337091955,20260.0,0,1,0,0,0,1,1,0,0,0
201,0,2015-07-13,0.7818314824680298,0.6234898018587336,-0.4999999999999998,-0.8660254037844388,-0.19667288979357622,-0.9804691603616321,0.0,5053.0,7203.0,4470.714285714285,5043.0,2157.6313953257204,4576.533333333334,5045.0,2308.47731174698,20260.0,1,1,0,0,0,1,1,0,0,7008
201,0,2015-07-14,0.9749279121818236,-0.22252093395631434,-0.4999999999999998,-0.8660254037844388,-0.2135209154397959,-0.9769384927771817,7008.0,4182.0,6770.0,4600.857142857143,5047.0,2164.7772347727723,4746.3,5050.0,2141.546462658265,20260.0,1,1,0,0,0,1,1,0,0,5093
201,0,2015-07-15,0.43388373911755823,-0.900968867902419,-0.4999999999999998,-0.8660254037844388,-0.23030567023061196,-0.973118337233262,5093.0,5043.0,6670.0,4697.714285714285,5093.0,2202.692421733429,4691.466666666666,5050.0,2092.658987217363,20260.0,1,1,0,0,0,1,1,0,0,5721
201,0,2015-07-16,-0.433883739117558,-0.9009688679024191,-0.4999999999999998,-0.8660254037844388,-0.24702218048093527,-0.9690098257244063,5721.0,5047.0,6307.0,4802.571428571428,5314.0,2239.2582743059343,4688.633333333333,5050.0,2091.0708440205067,20260.0,1,1,0,0,0,1,1,0,0,5781
201,0,2015-07-17,-0.9749279121818236,-0.2225209339563146,-0.4999999999999998,-0.8660254037844388,-0.2636654927280072,-0.9646141756912435,5781.0,4701.0,6954.0,5023.285714285715,5721.0,2302.8182526551836,4734.466666666666,5060.0,2110.1875506339634,20260.0,1,1,0,0,0,1,1,0,0,6246
201,0,2015-07-18,-0.7818314824680299,0.6234898018587334,-0.4999999999999998,-0.8660254037844388,-0.2802306751992161,-0.9599326896597445,6246.0,5314.0,5304.0,5139.571428571428,5781.0,2340.194212534703,4722.4,5060.0,2100.8169445438953,20260.0,0,1,0,0,0,1,1,0,0,6128
201,0,2015-07-19,-2.4492935982947064e-16,1.0,-0.4999999999999998,-0.8660254037844388,-0.2967128192734901,-0.9549667548552553,6128.0,0.0,0.0,5139.571428571428,5781.0,2340.194212534703,4521.233333333334,5050.0,2254.142740689304,20260.0,0,1,0,0,0,1,1,0,0,0
201,0,2015-07-20,0.7818314824680298,0.6234898018587336,-0.4999999999999998,-0.8660254037844388,-0.3131070409358267,-0.9497178427914317,0.0,7008.0,5053.0,4834.142857142857,5721.0,2190.4219858717743,4514.666666666667,5045.0,2252.7845502588666,20260.0,0,1,0,0,0,1,1,0,0,4870
201,0,2015-07-21,0.9749279121818236,-0.22252093395631434,-0.4999999999999998,-0.8660254037844388,-0.3294084822245302,-0.9441875088341994,4870.0,5093.0,4182.0,4708.714285714285,5721.0,2198.252921017479,4655.166666666667,5045.0,2086.8346444635526,20260.0,0,1,0,0,0,1,1,0,0,4215
201,0,2015-07-22,0.43388373911755823,-0.900968867902419,-0.4999999999999998,-0.8660254037844388,-0.3456123126707333,-0.9383773917408642,4215.0,5721.0,5043.0,4511.428571428572,4870.0,2153.782398258374,4670.6,5045.0,2082.5889656866975,20260.0,0,1,0,0,0,1,1,0,0,4340
201,0,2015-07-23,-0.433883739117558,-0.9009688679024191,-0.4999999999999998,-0.8660254037844388,-0.3617137307297674,-0.9322892131745134,4340.0,5781.0,5047.0,4469.285714285715,4870.0,2127.5266323664546,4725.966666666666,5050.0,2081.411995593926,20260.0,0,1,0,0,0,1,1,0,0,5486
201,0,2015-07-24,-0.9749279121818236,-0.2225209339563146,-0.4999999999999998,-0.8660254037844388,-0.37770796520396466,-0.9259247771938499,5486.0,6246.0,4701.0,4317.857142857143,4870.0,2014.7236724152656,4767.533333333334,5073.0,2077.60207821476,20260.0,0,1,0,0,0,1,1,0,0,5186
201,0,2015-07-25,-0.7818314824680299,0.6234898018587334,-0.4999999999999998,-0.8660254037844388,-0.39359027665646645,-0.9192859697186105,5186.0,6128.0,5314.0,4293.571428571428,4870.0,1990.1420265182746,4804.833333333333,5139.5,2088.943357435692,20260.0,0,1,0,0,0,1,1,0,0,5958
201,0,2015-07-26,-2.4492935982947064e-16,1.0,-0.4999999999999998,-0.8660254037844388,-0.4093559588156211,-0.9123747579707274,5958.0,0.0,0.0,4293.571428571428,4870.0,1990.1420265182746,4652.266666666666,5139.5,2265.8108380937224,20260.0,0,1,0,0,0,1,1,0,0,0
201,0,2015-07-27,0.7818314824680298,0.6234898018587336,-0.4999999999999998,-0.8660254037844388,-0.42500033996955394,-0.9051931898913975,0.0,4870.0,7008.0,4705.571428571428,5186.0,2388.0982571314476,4744.466666666666,5245.0,2335.159091284614,20260.0,1,1,0,0,0,1,1,0,0,7754
201,0,2015-07-28,0.9749279121818236,-0.22252093395631434,-0.4999999999999998,-0.8660254037844388,-0.4405187843504952,-0.8977433935342336,7754.0,4215.0,5093.0,4899.0,5486.0,2396.5609387898535,4930.1,5309.0,2159.7586926193444,20260.0,1,1,0,0,0,1,1,0,0,5569
201,0,2015-07-29,0.43388373911755823,-0.900968867902419,-0.4999999999999998,-0.8660254037844388,-0.455906693508459,-0.8900275764346766,5569.0,4340.0,5721.0,5008.0,5486.0,2384.2187399649324,4860.1,5245.0,2117.1629577467966,20260.0,1,1,0,0,0,1,1,0,0,5103
201,0,2015-07-30,-0.433883739117558,-0.9009688679024191,-0.4999999999999998,-0.8660254037844388,-0.47115950767386394,-0.8820480249558535,5103.0,5486.0,5781.0,5083.571428571428,5569.0,2410.1376763678018,4834.933333333333,5245.0,2098.0784794061246,20260.0,1,1,0,0,0,1,1,0,0,6015
201,0,2015-07-31,-0.9749279121818236,-0.2225209339563146,-0.4999999999999998,-0.8660254037844388,-0.4862727071086902,-0.8738071036110807,6015.0,5186.0,6246.0,5289.142857142857,5958.0,2480.6677480449575,4833.433333333333,5245.0,2096.7369342061866,20260.0,1,1,0,0,0,1,1,0,0,6625
