Store,Cluster,Date,DayOfWeek_sin,DayOfWeek_cos,Month_sin,Month_cos,DayOfYear_sin,DayOfYear_cos,Sales_Lag_1,Sales_Lag_7,Sales_Lag_14,RollingMean_7,RollingMedian_7,RollingStd_7,RollingMean_30,RollingMedian_30,RollingStd_30,CompetitionDistance,Promo,Promo2,StoreType_a,StoreType_b,StoreType_c,StoreType_d,Assortment_a,Assortment_b,Assortment_c,Sales
945,0,2013-01-30,0.43388373911755823,-0.900968867902419,0.49999999999999994,0.8660254037844387,0.4937755501599772,0.869589389346611,3314.0,4070.0,3450.0,3021.8571428571427,3369.0,1443.0155264319956,3265.4666666666667,3715.0,1702.1172562496947,12480.0,0,0,1,0,0,0,0,0,1,3522
945,0,2013-01-31,-0.433883739117558,-0.9009688679024191,0.49999999999999994,0.8660254037844387,0.5086709438521044,0.8609610158889943,3522.0,4103.0,3848.0,3029.285714285714,3369.0,1449.6275055206095,3403.9666666666667,3839.5,1592.779190777778,12480.0,0,0,1,0,0,0,0,0,1,4155
945,0,2013-02-01,-0.9749279121818236,-0.2225209339563146,0.8660254037844386,0.5000000000000001,0.5234156073655503,0.8520775211013093,4155.0,4264.0,4664.0,3102.4285714285716,3369.0,1532.8384190930299,3434.7,3839.5,1610.5581630452607,12480.0,0,0,1,0,0,0,0,0,1,4776
945,0,2013-02-02,-0.7818314824680299,0.6234898018587334,0.8660254037844386,0.5000000000000001,0.5380051715382996,0.8429415373547828,4776.0,2581.0,2305.0,3124.1428571428573,3369.0,1525.2787098944057,3387.8333333333335,3715.0,1609.8134413937396,12480.0,0,0,1,0,0,0,0,0,1,2733
945,0,2013-02-03,-2.4492935982947064e-16,1.0,0.8660254037844386,0.5000000000000001,0.5524353131676196,0.8335557718385699,2733.0,0.0,0.0,3124.1428571428573,3369.0,1525.2787098944057,3269.866666666667,3715.0,1723.9745524430648,12480.0,0,0,1,0,0,0,0,0,1,0
945,0,2013-02-04,0.7818314824680298,0.6234898018587336,0.8660254037844386,0.5000000000000001,0.5667017562911176,0.8239230057575542,0.0,3369.0,5420.0,3413.714285714286,3522.0,1754.6732567903452,3361.9666666666667,3839.5,1762.1590496013562,12480.0,1,0,1,0,0,0,0,0,1,5396
945,0,2013-02-05,0.9749279121818236,-0.22252093395631434,0.8660254037844386,0.5000000000000001,0.5808002734538009,0.8140460935082178,5396.0,3314.0,4357.0,3657.5714285714284,4155.0,1854.2936532224207,3529.3333333333335,3959.0,1667.748375408641,12480.0,1,0,1,0,0,0,0,0,1,5021
945,0,2013-02-06,0.43388373911755823,-0.900968867902419,0.8660254037844386,0.5000000000000001,0.5947266869607634,0.8039279618328213,5021.0,3522.0,4070.0,3811.1428571428573,4597.0,1885.4480836635291,3476.4,3959.0,1604.55647755234,12480.0,1,0,1,0,0,0,0,0,1,4597
945,0,2013-02-07,-0.433883739117558,-0.9009688679024191,0.8660254037844386,0.5000000000000001,0.6084768701151261,0.7935716089521474,4597.0,4155.0,4103.0,3880.8571428571427,4643.0,1909.1540385356916,3467.733333333333,3959.0,1597.2709254210456,12480.0,1,0,1,0,0,0,0,0,1,4643
945,0,2013-02-08,-0.9749279121818236,-0.2225209339563146,0.8660254037844386,0.5000000000000001,0.6220467484408675,0.7829801036770629,4643.0,4776.0,4264.0,3799.4285714285716,4597.0,1876.4877526150508,3468.266666666667,3959.0,1597.5230597511832,12480.0,1,0,1,0,0,0,0,0,1,4206
945,0,2013-02-09,-0.7818314824680299,0.6234898018587334,0.8660254037844386,0.5000000000000001,0.6354323008901774,0.7721565844991642,4206.0,2733.0,2581.0,3769.4285714285716,4597.0,1897.934742216993,3416.1,3839.5,1602.1336710774171,12480.0,0,0,1,0,0,0,0,0,1,2523
945,0,2013-02-10,-2.4492935982947064e-16,1.0,0.8660254037844386,0.5000000000000001,0.6486295610349814,0.7611042586607747,2523.0,0.0,0.0,3769.4285714285716,4597.0,1897.934742216993,3244.7,3715.0,1684.0817235883,12480.0,0,0,1,0,0,0,0,0,1,0
945,0,2013-02-11,0.7818314824680298,0.6234898018587336,0.8660254037844386,0.5000000000000001,0.6616346182422783,0.7498264012045686,0.0,5396.0,3369.0,3543.4285714285716,4206.0,1761.2333611367208,3285.366666666667,3822.5,1682.5563982622796,12480.0,0,0,1,0,0,0,0,0,1,3814
945,0,2013-02-12,0.9749279121818236,-0.22252093395631434,0.8660254037844386,0.5000000000000001,0.6744436188329455,0.7383263540031065,3814.0,5021.0,3314.0,3383.285714285714,3900.0,1652.0726088044385,3415.366666666667,3839.5,1566.6351484968504,12480.0,0,0,1,0,0,0,0,0,1,3900
945,0,2013-02-13,0.43388373911755823,-0.900968867902419,0.8660254037844386,0.5000000000000001,0.6870527672236669,0.7266075247685656,3900.0,4597.0,3522.0,3308.8571428571427,3900.0,1599.1683701819752,3431.266666666667,3874.0,1570.9776866505852,12480.0,0,0,1,0,0,0,0,0,1,4076
945,0,2013-02-14,-0.433883739117558,-0.9009688679024191,0.8660254037844386,0.5000000000000001,0.6994583270516471,0.7146733860429609,4076.0,4643.0,4155.0,3238.1428571428573,3900.0,1540.1978691682684,3441.8333333333335,3985.0,1574.820473256716,12480.0,0,0,1,0,0,0,0,0,1,4148
945,0,2013-02-15,-0.9749279121818236,-0.2225209339563146,0.8660254037844386,0.5000000000000001,0.7116566222817746,0.702527474169157,4148.0,4206.0,4776.0,3209.0,3900.0,1520.6381335917272,3460.233333333333,4036.0,1578.1404308679982,12480.0,0,0,1,0,0,0,0,0,1,4002
945,0,2013-02-16,-0.7818314824680299,0.6234898018587334,0.8660254037844386,0.5000000000000001,0.7236440382959124,0.6901733882429719,4002.0,2523.0,2733.0,3209.4285714285716,3900.0,1520.41297647962,3416.1666666666665,4036.0,1585.3799954222516,12480.0,0,0,1,0,0,0,0,0,1,2526
945,0,2013-02-17,-2.4492935982947064e-16,1.0,0.8660254037844386,0.5000000000000001,0.7354170229639855,0.6776147890466889,2526.0,0.0,0.0,3209.4285714285716,3900.0,1520.41297647962,3260.7,3951.0,1684.3854123214737,12480.0,0,0,1,0,0,0,0,0,1,0
945,0,2013-02-18,0.7818314824680298,0.6234898018587336,0.8660254037844386,0.5000000000000001,0.7469720876965552,0.6648553979642865,0.0,3814.0,5396.0,3417.1428571428573,4002.0,1704.9011142948461,3359.4666666666667,4036.0,1713.0404253404458,12480.0,1,0,1,0,0,0,0,0,1,5268
945,0,2013-02-19,0.9749279121818236,-0.22252093395631434,0.8660254037844386,0.5000000000000001,0.7583058084785625,0.6518989958787126,5268.0,3900.0,5021.0,3490.714285714286,4076.0,1739.9619453966714,3506.633333333333,4073.0,1600.4213988893641,12480.0,1,0,1,0,0,0,0,0,1,4415
945,0,2013-02-20,0.43388373911755823,-0.900968867902419,0.8660254037844386,0.5000000000000001,0.7694148268839378,0.6387494220515272,4415.0,4076.0,4597.0,3594.714285714286,4148.0,1801.446336908736,3486.1,4073.0,1578.8325095156385,12480.0,1,0,1,0,0,0,0,0,1,4804
945,0,2013-02-21,-0.433883739117558,-0.9009688679024191,0.8660254037844386,0.5000000000000001,0.7802958510707755,0.6254105729852463,4804.0,4148.0,4643.0,3591.0,4122.0,1800.141753677563,3478.266666666667,4073.0,1574.94074181535,12480.0,1,0,1,0,0,0,0,0,1,4122
945,0,2013-02-22,-0.9749279121818236,-0.2225209339563146,0.8660254037844386,0.5000000000000001,0.7909456567567772,0.6118864012687243,4122.0,4002.0,4206.0,3645.0,4380.0,1820.0847049885704,3488.6,4089.5,1579.965988285169,12480.0,1,0,1,0,0,0,0,0,1,4380
945,0,2013-02-23,-0.7818314824680299,0.6234898018587334,0.8660254037844386,0.5000000000000001,0.8013610881746766,0.5981809144059164,4380.0,2526.0,2523.0,3724.8571428571427,4380.0,1774.4975278062448,3454.6666666666665,4039.0,1577.2449208128348,12480.0,0,0,1,0,0,0,0,0,1,3085
945,0,2013-02-24,-2.4492935982947064e-16,1.0,0.8660254037844386,0.5000000000000001,0.8115390590073611,0.5842981736283683,3085.0,0.0,0.0,3724.8571428571427,4380.0,1774.4975278062448,3312.5333333333333,3951.0,1689.8988897183358,12480.0,0,0,1,0,0,0,0,0,1,0
945,0,2013-02-25,0.7818314824680298,0.6234898018587336,0.8660254037844386,0.5000000000000001,0.8214765533024142,0.5702422926917871,0.0,5268.0,3814.0,3527.4285714285716,4122.0,1646.4547627293875,3356.0333333333333,3951.0,1687.2130148476406,12480.0,0,0,1,0,0,0,0,0,1,3886
945,0,2013-02-26,0.9749279121818236,-0.22252093395631434,0.8660254037844386,0.5000000000000001,0.8311706263658079,0.5560174366570446,3886.0,4415.0,3900.0,3426.4285714285716,3886.0,1604.0727183373838,3479.633333333333,3951.0,1564.2179600160528,12480.0,0,0,1,0,0,0,0,0,1,3708
945,0,2013-02-27,0.43388373911755823,-0.900968867902419,0.8660254037844386,0.5000000000000001,0.8406184056344782,0.5416278206559814,3708.0,4804.0,4076.0,3286.285714285714,3823.0,1503.3507812312364,3494.766666666667,3951.0,1565.3064849907264,12480.0,0,0,1,0,0,0,0,0,1,3823
945,0,2013-02-28,-0.433883739117558,-0.9009688679024191,0.8660254037844386,0.5000000000000001,0.8498170915275278,0.5270777086423722,3823.0,4122.0,4148.0,3290.4285714285716,3823.0,1506.0751261853716,3522.6666666666665,4039.0,1569.427313370716,12480.0,0,0,1,0,0,0,0,0,1,4151
945,0,2013-03-01,-0.9749279121818236,-0.2225209339563146,1.0,6.123233995736766e-17,0.8587639582758029,0.5123714121284237,4151.0,4380.0,4002.0,3221.285714285714,3823.0,1458.0614658152226,3535.133333333333,4039.0,1570.9065630663902,12480.0,0,0,1,0,0,0,0,0,1,3896
945,0,2013-03-02,-0.7818314824680299,0.6234898018587334,1.0,6.123233995736766e-17,0.8674563547295968,0.49751328890718066,3896.0,3085.0,2526.0,3182.714285714286,3823.0,1465.8182827674225,3490.4666666666667,3951.0,1571.7240639925744,12480.0,0,0,1,0,0,0,0,0,1,2815
945,0,2013-03-03,-2.4492935982947064e-16,1.0,1.0,6.123233995736766e-17,0.8758917051442429,0.48250774176121847,2815.0,0.0,0.0,3182.714285714286,3823.0,1465.8182827674227,3331.266666666667,3898.0,1675.4783348568592,12480.0,0,0,1,0,0,0,0,0,1,0
945,0,2013-03-04,0.7818314824680298,0.6234898018587336,1.0,6.123233995736766e-17,0.8840675099433636,0.46735921715800227,0.0,3886.0,5268.0,3437.714285714286,3823.0,1738.4628952310818,3429.2,3951.0,1724.4519649182305,12480.0,1,0,1,0,0,0,0,0,1,5671
945,0,2013-03-05,0.9749279121818236,-0.22252093395631434,1.0,6.123233995736766e-17,0.8919813464595485,0.45207220393230435,5671.0,3708.0,4415.0,3653.4285714285716,3896.0,1866.554477921182,3603.133333333333,4039.0,1627.0463133381074,12480.0,1,0,1,0,0,0,0,0,1,5218
945,0,2013-03-06,0.43388373911755823,-0.900968867902419,1.0,6.123233995736766e-17,0.8996308696522433,0.43665123195606403,5218.0,3823.0,4804.0,3770.1428571428573,4151.0,1904.0906340973215,3577.9333333333334,4039.0,1604.012015892162,12480.0,1,0,1,0,0,0,0,0,1,4640
945,0,2013-03-07,-0.433883739117558,-0.9009688679024191,1.0,6.123233995736766e-17,0.9070138128026359,0.4211008707960896,4640.0,4151.0,4122.0,3811.285714285714,4439.0,1916.7609583431547,3558.5333333333333,4039.0,1589.4098391483583,12480.0,1,0,1,0,0,0,0,0,1,4439
945,0,2013-03-08,-0.9749279121818236,-0.2225209339563146,1.0,6.123233995736766e-17,0.9141279881853337,0.40542572835999735,4439.0,3896.0,4380.0,3875.0,4439.0,1927.429203196146,3550.0333333333333,4039.0,1584.3384888105313,12480.0,1,0,1,0,0,0,0,0,1,4342
945,0,2013-03-09,-0.7818314824680299,0.6234898018587334,1.0,6.123233995736766e-17,0.9209712877166346,0.38963044953078796,4342.0,2815.0,3085.0,3860.285714285714,4439.0,1937.2383018346595,3485.6666666666665,3951.0,1577.6144875299444,12480.0,0,0,1,0,0,0,0,0,1,2712
945,0,2013-03-10,-2.4492935982947064e-16,1.0,1.0,6.123233995736766e-17,0.9275416835791966,0.37371971479046906,2712.0,0.0,0.0,3860.285714285714,4439.0,1937.2383018346595,3345.4666666666667,3898.0,1693.9900609025965,12480.0,0,0,1,0,0,0,0,0,1,0
945,0,2013-03-11,0.7818314824680298,0.6234898018587336,1.0,6.123233995736766e-17,0.9338372288229252,0.35769823883312546,0.0,5671.0,3886.0,3619.0,4342.0,1772.2843075157737,3394.1,3941.0,1690.5032376637807,12480.0,0,0,1,0,0,0,0,0,1,3982
945,0,2013-03-12,0.9749279121818236,-0.22252093395631434,1.0,6.123233995736766e-17,0.9398560579418954,0.3415707691678556,3982.0,5218.0,3708.0,3418.1428571428573,3982.0,1635.2366218758095,3521.1666666666665,3941.0,1565.2099359760537,12480.0,0,0,1,0,0,0,0,0,1,3812
945,0,2013-03-13,0.43388373911755823,-0.900968867902419,1.0,6.123233995736766e-17,0.9455963874271426,0.3253420847119801,3812.0,4640.0,3823.0,3320.5714285714284,3957.0,1569.2239968790154,3525.9333333333334,3969.5,1566.349807527115,12480.0,0,0,1,0,0,0,0,0,1,3957
945,0,2013-03-14,-0.433883739117558,-0.9009688679024191,1.0,6.123233995736766e-17,0.9510565162951535,0.30901699437494745,3957.0,4439.0,4151.0,3226.714285714286,3812.0,1509.6993866645234,3522.0,3969.5,1565.526021546091,12480.0,0,0,1,0,0,0,0,0,1,3782
945,0,2013-03-15,-0.9749279121818236,-0.2225209339563146,1.0,6.123233995736766e-17,0.9562348265919056,0.29260033563334836,3782.0,4342.0,3896.0,3177.714285714286,3812.0,1472.577639638028,3519.4333333333334,3969.5,1564.6492982252548,12480.0,0,0,1,0,0,0,0,0,1,3999
945,0,2013-03-16,-0.7818314824680299,0.6234898018587334,1.0,6.123233995736766e-17,0.9611297838723007,0.27609697309746883,3999.0,2712.0,2815.0,3180.4285714285716,3812.0,1471.593337977905,3472.2,3926.5,1566.4070110089303,12480.0,0,0,1,0,0,0,0,0,1,2731
945,0,2013-03-17,-2.4492935982947064e-16,1.0,1.0,6.123233995736766e-17,0.9657399376548549,0.2595117970697999,2731.0,0.0,0.0,3180.4285714285716,3812.0,1471.593337977905,3338.8,3891.0,1685.607583080336,12480.0,0,0,1,0,0,0,0,0,1,0
945,0,2013-03-18,0.7818314824680298,0.6234898018587336,1.0,6.123233995736766e-17,0.970063921851507,0.2428497220959356,0.0,3982.0,5671.0,3172.8571428571427,3812.0,1466.9107480883572,3385.5666666666666,3912.5,1681.737539146556,12480.0,1,0,1,0,0,0,0,0,1,3929
945,0,2013-03-19,0.9749279121818236,-0.22252093395631434,1.0,6.123233995736766e-17,0.9741004551724205,0.22611568550828828,3929.0,3812.0,5218.0,3361.0,3929.0,1637.1301108952825,3556.5333333333333,3943.0,1583.5316647712903,12480.0,1,0,1,0,0,0,0,0,1,5129
945,0,2013-03-20,0.43388373911755823,-0.900968867902419,1.0,6.123233995736766e-17,0.9778483415056568,0.20931464596304847,5129.0,3957.0,4640.0,3511.1428571428573,3929.0,1745.506748633132,3547.866666666667,3943.0,1574.5277065998473,12480.0,1,0,1,0,0,0,0,0,1,5008
945,0,2013-03-21,-0.433883739117558,-0.9009688679024191,1.0,6.123233995736766e-17,0.9813064702716093,0.19245158197082998,5008.0,3782.0,4439.0,3564.5714285714284,3999.0,1760.8358675302338,3539.233333333333,3943.0,1570.3135791241218,12480.0,1,0,1,0,0,0,0,0,1,4156
945,0,2013-03-22,-0.9749279121818236,-0.2225209339563146,1.0,6.123233995736766e-17,0.9844738167520922,0.1755314904214282,4156.0,3999.0,4342.0,3729.4285714285716,4156.0,1859.5424936565132,3550.866666666667,3943.0,1581.2610143180978,12480.0,1,0,1,0,0,0,0,0,1,5153
945,0,2013-03-23,-0.7818314824680299,0.6234898018587334,1.0,6.123233995736766e-17,0.9873494423939864,0.15855938510313478,5153.0,2731.0,2712.0,3771.285714285714,4156.0,1836.4773992878963,3514.266666666667,3912.5,1580.2925729408319,12480.0,0,0,1,0,0,0,0,0,1,3024
945,0,2013-03-24,-2.4492935982947064e-16,1.0,1.0,6.123233995736766e-17,0.989932495087353,0.141540295217043,3024.0,0.0,0.0,3771.285714285714,4156.0,1836.4773992878966,3368.266666666667,3891.0,1695.6690253932697,12480.0,0,0,1,0,0,0,0,0,1,0
945,0,2013-03-25,0.7818314824680298,0.6234898018587336,1.0,6.123233995736766e-17,0.9922222094179323,0.12447926388678915,0.0,3929.0,3982.0,4120.142857142857,5008.0,2086.3695285168938,3477.8,3912.5,1780.73745668899,12480.0,1,0,1,0,0,0,0,0,1,6371
945,0,2013-03-26,0.9749279121818236,-0.22252093395631434,1.0,6.123233995736766e-17,0.994217906893952,0.10738134666416309,6371.0,5129.0,3812.0,4189.285714285715,5008.0,2132.877220586134,3664.9,3943.0,1695.5676976285492,12480.0,1,0,1,0,0,0,0,0,1,5613
945,0,2013-03-27,0.43388373911755823,-0.900968867902419,1.0,6.123233995736766e-17,0.995918996147179,0.09025161003104117,5613.0,5008.0,3957.0,4302.571428571428,5153.0,2203.500461927403,3728.733333333333,3969.5,1739.652579928123,12480.0,1,0,1,0,0,0,0,0,1,5801
945,0,2013-03-28,-0.433883739117558,-0.9009688679024191,1.0,6.123233995736766e-17,0.9973249731081555,0.07309512989807777,5801.0,4156.0,3782.0,4679.857142857143,5613.0,2392.2362222107445,3831.7,3990.5,1827.5771439918424,12480.0,1,0,1,0,0,0,0,0,1,6797
945,0,2013-03-29,-0.9749279121818236,-0.2225209339563146,1.0,6.123233995736766e-17,0.9984354211555643,0.055916990100603484,6797.0,5153.0,3999.0,3943.714285714286,5613.0,2950.158736649363,3704.266666666667,3990.5,1956.9132966421157,12480.0,1,0,1,0,0,0,0,0,1,0
945,0,2013-03-30,-0.7818314824680299,0.6234898018587334,1.0,6.123233995736766e-17,0.9992500112396835,0.03872228089217446,0.0,3024.0,2731.0,4271.285714285715,5613.0,2958.3085659593667,3743.133333333333,3990.5,1977.5620611619568,12480.0,0,0,1,0,0,0,0,0,1,5317
945,0,2013-03-31,-2.4492935982947064e-16,1.0,1.0,6.123233995736766e-17,0.9997685019798909,0.021516097436222254,5317.0,0.0,0.0,4271.285714285715,5613.0,2958.3085659593667,3613.266666666667,3990.5,2091.8027027247185,12480.0,0,0,1,0,0,0,0,0,1,0
945,0,2013-04-01,0.7818314824680298,0.6234898018587336,0.8660254037844387,-0.49999999999999983,0.9999907397361901,0.004303538296244289,0.0,6371.0,3929.0,3361.1428571428573,5317.0,3176.6360314317526,3519.4333333333334,3990.5,2189.6924942877777,12480.0,0,0,1,0,0,0,0,0,1,0
945,0,2013-04-02,0.9749279121818236,-0.22252093395631434,0.8660254037844387,-0.49999999999999983,0.9999166586547379,-0.01291029607500882,0.0,5613.0,5129.0,3184.285714285714,4375.0,3062.7927187609744,3665.266666666667,4077.5,2090.664024746161,12480.0,0,0,1,0,0,0,0,0,1,4375
945,0,2013-04-03,0.43388373911755823,-0.900968867902419,0.8660254037844387,-0.49999999999999983,0.9995462806873573,-0.030120304846908114,4375.0,5801.0,5008.0,2998.1428571428573,4375.0,2913.197065571972,3626.1666666666665,4077.5,2062.6399235016734,12480.0,0,0,1,0,0,0,0,0,1,4498
945,0,2013-04-04,-0.433883739117558,-0.9009688679024191,0.8660254037844387,-0.49999999999999983,0.9988797155850336,-0.04732138832243185,4498.0,6797.0,4156.0,2573.1428571428573,3822.0,2446.1995304670368,3579.633333333333,3990.5,2041.1244109361733,12480.0,0,0,1,0,0,0,0,0,1,3822
945,0,2013-04-05,-0.9749279121818236,-0.2225209339563146,0.8660254037844387,-0.49999999999999983,0.9979171608653922,-0.06450844944931623,3822.0,0.0,5153.0,3097.714285714286,3822.0,2181.8779918750215,3547.366666666667,3969.5,2031.41191740152,12480.0,0,0,1,0,0,0,0,0,1,3672
945,0,2013-04-06,-0.7818314824680299,0.6234898018587334,0.8660254037844387,-0.49999999999999983,0.9966589017541702,-0.08167639533042241,3672.0,5317.0,3024.0,2708.8571428571427,3672.0,1950.7508322499357,3485.9,3943.0,2031.4004401584298,12480.0,0,0,1,0,0,0,0,0,1,2595
945,0,2013-04-07,-2.4492935982947064e-16,1.0,0.8660254037844387,-0.49999999999999983,0.9951053111006976,-0.09882013873287143,2595.0,0.0,0.0,2708.8571428571427,3672.0,1950.7508322499357,3341.1666666666665,3875.5,2121.0050006173205,12480.0,0,0,1,0,0,0,0,0,1,0
945,0,2013-04-08,0.7818314824680298,0.6234898018587336,0.8660254037844387,-0.49999999999999983,0.9932568492674143,-0.11593459959550041,0.0,0.0,6371.0,3560.714285714286,3822.0,1871.028568665349,3449.5333333333333,3943.0,2170.230112276089,12480.0,1,0,1,0,0,0,0,0,1,5963
945,0,2013-04-09,0.9749279121818236,-0.22252093395631434,0.8660254037844387,-0.49999999999999983,0.9911140639934547,-0.1330147065341959,5963.0,4375.0,5613.0,3605.5714285714284,3822.0,1897.3828340763546,3605.8333333333335,3969.5,2080.2119435012046,12480.0,1,0,1,0,0,0,0,0,1,4689
945,0,2013-04-10,0.43388373911755823,-0.900968867902419,0.8660254037844387,-0.49999999999999983,0.9886775902323405,-0.1500553983446526,4689.0,4498.0,5801.0,3552.0,3822.0,1873.1250180736292,3610.5333333333333,3978.0,2081.250183528348,12480.0,1,0,1,0,0,0,0,0,1,4123
945,0,2013-04-11,-0.433883739117558,-0.9009688679024191,0.8660254037844387,-0.49999999999999983,0.9859481499638304,-0.16705162550211924,4123.0,3822.0,6797.0,3583.714285714286,4044.0,1880.3238829419533,3618.266666666667,4021.5,2082.455263970101,12480.0,1,0,1,0,0,0,0,0,1,4044
945,0,2013-04-12,-0.9749279121818236,-0.2225209339563146,0.8660254037844387,-0.49999999999999983,0.9829265519799822,-0.18399835165768005,4044.0,3672.0,0.0,3742.8571428571427,4123.0,1935.3776055825576,3645.9,4083.5,2092.58074206683,12480.0,1,0,1,0,0,0,0,0,1,4786
945,0,2013-04-13,-0.7818314824680299,0.6234898018587334,0.8660254037844387,-0.49999999999999983,0.9796136916454901,-0.20089055513063506,4786.0,2595.0,5317.0,3773.714285714286,4123.0,1915.647646296652,3613.5333333333333,4083.5,2097.905667208549,12480.0,0,0,1,0,0,0,0,0,1,2811
945,0,2013-04-14,-2.4492935982947064e-16,1.0,0.8660254037844387,-0.49999999999999983,0.9760105506323683,-0.21772323039653177,2811.0,0.0,0.0,3773.714285714286,4123.0,1915.647646296652,3480.233333333333,4083.5,2197.2632614754853,12480.0,0,0,1,0,0,0,0,0,1,0
945,0,2013-04-15,0.7818314824680298,0.6234898018587336,0.8660254037844387,-0.49999999999999983,0.9721181966290613,-0.23449138957040985,0.0,5963.0,0.0,3418.0,4044.0,1654.7892111484573,3504.9666666666667,4083.5,2192.7101713182024,12480.0,0,0,1,0,0,0,0,0,1,3473
945,0,2013-04-16,0.9749279121818236,-0.22252093395631434,0.8660254037844387,-0.49999999999999983,0.9679377830240642,-0.25119006388481935,3473.0,4689.0,4375.0,3282.8571428571427,3743.0,1570.1540719062607,3629.733333333333,4083.5,2090.5058443011994,12480.0,0,0,1,0,0,0,0,0,1,3743
945,0,2013-04-17,0.43388373911755823,-0.900968867902419,0.8660254037844387,-0.49999999999999983,0.9634705485641488,-0.2678143051621742,3743.0,4123.0,4498.0,3154.0,3473.0,1526.1094325113131,3606.133333333333,4083.5,2091.007177436738,12480.0,0,0,1,0,0,0,0,0,1,3221
945,0,2013-04-18,-0.433883739117558,-0.9009688679024191,0.8660254037844387,-0.49999999999999983,0.9587178169872964,-0.2843591872810034,3221.0,4044.0,3822.0,3077.285714285714,3473.0,1486.9080574899629,3552.0666666666666,3933.0,2071.1485058617436,12480.0,0,0,1,0,0,0,0,0,1,3507
945,0,2013-04-19,-0.9749279121818236,-0.2225209339563146,0.8660254037844387,-0.49999999999999983,0.9536809966304457,-0.30081980763566735,3507.0,4786.0,3672.0,2831.0,3221.0,1285.904739862174,3487.2,3782.5,2054.383209728359,12480.0,0,0,1,0,0,0,0,0,1,3062
945,0,2013-04-20,-0.7818314824680299,0.6234898018587334,0.8660254037844387,-0.49999999999999983,0.9483615800121715,-0.3171912885891061,3062.0,2811.0,2595.0,2814.5714285714284,3221.0,1286.9370428971877,3438.5333333333333,3707.5,2055.2864677138846,12480.0,0,0,1,0,0,0,0,0,1,2696
945,0,2013-04-21,-2.4492935982947064e-16,1.0,0.8660254037844387,-0.49999999999999983,0.9427611433904207,-0.3334687789181868,2696.0,0.0,0.0,2814.5714285714284,3221.0,1286.9370428971877,3266.766666666667,3589.5,2121.3274419787144,12480.0,0,0,1,0,0,0,0,0,1,0
945,0,2013-04-22,0.7818314824680298,0.6234898018587336,0.8660254037844387,-0.49999999999999983,0.9368813462954315,-0.3496474552512284,0.0,3473.0,5963.0,3011.0,3221.0,1492.6741104474224,3327.5666666666666,3707.5,2140.184791946285,12480.0,1,0,1,0,0,0,0,0,1,4848
945,0,2013-04-23,0.9749279121818236,-0.22252093395631434,0.8660254037844387,-0.49999999999999983,0.9307239310379795,-0.36572252349726897,4848.0,3743.0,4689.0,3054.5714285714284,3221.0,1521.770444487042,3462.5,3782.5,2048.8133781827687,12480.0,1,0,1,0,0,0,0,0,1,4048
945,0,2013-04-24,0.43388373911755823,-0.900968867902419,0.8660254037844387,-0.49999999999999983,0.9242907221930934,-0.3816892202666588,4048.0,3221.0,4123.0,3206.1428571428573,3507.0,1592.313665558332,3392.866666666667,3782.5,1980.9279910554867,12480.0,1,0,1,0,0,0,0,0,1,4282
945,0,2013-04-25,-0.433883739117558,-0.9009688679024191,0.8660254037844387,-0.49999999999999983,0.9175836260593937,-0.39754281428255595,4282.0,3507.0,4044.0,3295.4285714285716,4048.0,1629.093291490992,3343.5,3782.5,1941.7589741760185,12480.0,1,0,1,0,0,0,0,0,1,4132
945,0,2013-04-26,-0.9749279121818236,-0.2225209339563146,0.8660254037844387,-0.49999999999999983,0.9106046300942163,-0.4132786077829042,4132.0,3062.0,4786.0,3472.1428571428573,4132.0,1666.220316421914,3293.4333333333334,3782.5,1895.0105391997588,12480.0,1,0,1,0,0,0,0,0,1,4299
945,0,2013-04-27,-0.7818314824680299,0.6234898018587334,0.8660254037844387,-0.49999999999999983,0.9033558023246845,-0.4288919379124835,4299.0,2696.0,2811.0,3521.285714285714,4132.0,1644.4444567782068,3168.2,3707.5,1775.8886148668767,12480.0,0,0,1,0,0,0,0,0,1,3040
945,0,2013-04-28,-2.4492935982947064e-16,1.0,0.8660254037844387,-0.49999999999999983,0.895839290734909,-0.4443781781046132,3040.0,0.0,0.0,3521.285714285714,4132.0,1644.4444567782068,3168.2,3707.5,1775.8886148668767,12480.0,0,0,1,0,0,0,0,0,1,0
945,0,2013-04-29,0.7818314824680298,0.6234898018587336,0.8660254037844387,-0.49999999999999983,0.8880573226294932,-0.45973273945210397,0.0,4848.0,3473.0,3615.0,4132.0,1748.0796129848698,3174.4333333333334,3707.5,1784.000593075001,12480.0,1,0,1,0,0,0,0,0,1,5504
945,0,2013-04-30,0.9749279121818236,-0.22252093395631434,0.8660254037844387,-0.49999999999999983,0.8800122039735357,-0.47495107206704995,5504.0,4048.0,3743.0,3883.8571428571427,4282.0,1957.9087847813048,3372.1,3782.5,1748.3099494398427,12480.0,1,0,1,0,0,0,0,0,1,5930
945,0,2013-05-01,0.43388373911755823,-0.900968867902419,0.49999999999999994,-0.8660254037844387,0.8717063187093218,-0.49002866642905923,5930.0,4282.0,3221.0,3272.1428571428573,4132.0,2425.7957064690777,3372.1,3782.5,1748.3099494398427,12480.0,1,0,1,0,0,0,0,0,1,0
945,0,2013-05-02,-0.433883739117558,-0.9009688679024191,0.49999999999999994,-0.8660254037844387,0.8631421280499114,-0.5049610547215204,0.0,4132.0,3507.0,3548.285714285714,4299.0,2640.5119903966674,3428.4333333333334,3782.5,1807.9493180898653,12480.0,1,0,1,0,0,0,0,0,1,6065
945,0,2013-05-03,-0.9749279121818236,-0.2225209339563146,0.49999999999999994,-0.8660254037844387,0.854322169749827,-0.5197438121555155,6065.0,4299.0,3062.0,3704.285714285714,5391.0,2723.2178707236353,3458.2,3782.5,1833.3392823309957,12480.0,1,0,1,0,0,0,0,0,1,5391
945,0,2013-05-04,-0.7818314824680299,0.6234898018587334,0.49999999999999994,-0.8660254037844387,0.8452490573530633,-0.5343725582809787,5391.0,3040.0,2696.0,3717.8571428571427,5391.0,2719.5898850483213,3435.3,3707.5,1832.9289759929277,12480.0,0,0,1,0,0,0,0,0,1,3135
945,0,2013-05-05,-2.4492935982947064e-16,1.0,0.49999999999999994,-0.8660254037844387,0.835925479418637,-0.548842958284719,3135.0,0.0,0.0,3717.8571428571427,5391.0,2719.5898850483213,3312.9,3625.0,1936.269401852884,12480.0,0,0,1,0,0,0,0,0,1,0
945,0,2013-05-06,0.7818314824680298,0.6234898018587336,0.49999999999999994,-0.8660254037844387,0.8263541987239096,-0.5631507242749186,0.0,5504.0,4848.0,3553.0,4350.0,2626.660363782624,3371.4,3893.5,1940.3391562763738,12480.0,0,0,1,0,0,0,0,0,1,4350
945,0,2013-05-07,0.9749279121818236,-0.22252093395631434,0.49999999999999994,-0.8660254037844387,0.8165380514459161,-0.5772916165517272,4350.0,5930.0,4048.0,3282.8571428571427,4039.0,2431.4362990196714,3506.0333333333333,4041.5,1835.6445167717038,12480.0,0,0,1,0,0,0,0,0,1,4039
945,0,2013-05-08,0.43388373911755823,-0.900968867902419,0.49999999999999994,-0.8660254037844387,0.8064799463209448,-0.5912614448635781,4039.0,0.0,4282.0,3999.1428571428573,4350.0,2004.143327257427,3474.4,4041.5,1799.6684675526901,12480.0,0,0,1,0,0,0,0,0,1,5014
945,0,2013-05-09,-0.433883739117558,-0.9009688679024191,0.49999999999999994,-0.8660254037844387,0.7961828637826158,-0.6050560696488488,5014.0,6065.0,4132.0,3132.714285714286,4039.0,2257.2118283615387,3318.1,3891.0,1891.8035793281026,12480.0,0,0,1,0,0,0,0,0,1,0
945,0,2013-05-10,-0.9749279121818236,-0.2225209339563146,0.49999999999999994,-0.8660254037844387,0.7856498550787145,-0.6186714032625031,0.0,5391.0,4299.0,3136.714285714286,4039.0,2261.900654632863,3361.3,3891.0,1925.3179970215758,12480.0,0,0,1,0,0,0,0,0,1,5419
945,0,2013-05-11,-0.7818314824680299,0.6234898018587334,0.49999999999999994,-0.8660254037844387,0.7748840413670407,-0.6321034111873487,5419.0,3135.0,3040.0,3109.1428571428573,4039.0,2263.1010014705807,3324.5666666666666,3625.0,1922.353849578299,12480.0,0,0,1,0,0,0,0,0,1,2942
945,0,2013-05-12,-2.4492935982947064e-16,1.0,0.49999999999999994,-0.8660254037844387,0.7638886127905428,-0.6453481132295501,2942.0,0.0,0.0,3109.1428571428573,4039.0,2263.1010014705807,3165.0333333333333,3490.0,1994.1406840581967,12480.0,0,0,1,0,0,0,0,0,1,0
945,0,2013-05-13,0.7818314824680298,0.6234898018587336,0.49999999999999994,-0.8660254037844387,0.7526668275320084,-0.6584015846980488,0.0,4350.0,5504.0,3224.4285714285716,4039.0,2355.5152909107355,3243.233333333333,3625.0,2025.5305764396535,12480.0,1,0,1,0,0,0,0,0,1,5157
945,0,2013-05-14,0.9749279121818236,-0.22252093395631434,0.49999999999999994,-0.8660254037844387,0.741222010848596,-0.6712599575675313,5157.0,4039.0,5930.0,3312.5714285714284,4656.0,2402.158741433967,3398.4333333333334,3891.0,1945.2434061565157,12480.0,1,0,1,0,0,0,0,0,1,4656
945,0,2013-05-15,0.43388373911755823,-0.900968867902419,0.49999999999999994,-0.8660254037844387,0.7295575540864875,-0.6839194216246106,4656.0,5014.0,0.0,3223.285714285714,4389.0,2339.1677803787197,3428.9666666666667,4043.5,1953.6250916822744,12480.0,1,0,1,0,0,0,0,0,1,4389
945,0,2013-05-16,-0.433883739117558,-0.9009688679024191,0.49999999999999994,-0.8660254037844387,0.717676913675962,-0.6963762255968722,4389.0,0.0,6065.0,3850.285714285714,4389.0,1872.9500539955413,3450.5,4090.0,1960.7529825607023,12480.0,1,0,1,0,0,0,0,0,1,4389
945,0,2013-05-17,-0.9749279121818236,-0.2225209339563146,0.49999999999999994,-0.8660254037844387,0.705583610107178,-0.7086266782644596,4389.0,5419.0,5391.0,3680.1428571428573,4389.0,1757.214408144457,3484.0666666666666,4180.0,1965.3029060792837,12480.0,1,0,1,0,0,0,0,0,1,4228
945,0,2013-05-18,-0.7818314824680299,0.6234898018587334,0.49999999999999994,-0.8660254037844387,0.6932812268869777,-0.7206671495538609,4228.0,2942.0,3135.0,3734.1428571428573,4389.0,1736.4355663803,3477.8333333333335,4180.0,1965.52420108669,12480.0,0,0,1,0,0,0,0,0,1,3320
945,0,2013-05-19,-2.4492935982947064e-16,1.0,0.49999999999999994,-0.8660254037844387,0.6807734094770161,-0.7324940716135789,3320.0,0.0,0.0,3734.1428571428573,4389.0,1736.4355663803,3375.766666666667,4180.0,2064.854969998241,12480.0,0,0,1,0,0,0,0,0,1,0
945,0,2013-05-20,0.7818314824680298,0.6234898018587336,0.49999999999999994,-0.8660254037844387,0.6680638642135335,-0.7441039398713607,0.0,5157.0,4350.0,2997.4285714285716,4228.0,2090.108279263929,3285.9,4180.0,2152.2770035476383,12480.0,0,0,1,0,0,0,0,0,1,0
945,0,2013-05-21,0.9749279121818236,-0.22252093395631434,0.49999999999999994,-0.8660254037844387,0.6551563572090853,-0.7554933140726803,0.0,4656.0,4039.0,2883.8571428571427,3861.0,2004.824300578602,3414.6,4180.0,2062.5836091726287,12480.0,0,0,1,0,0,0,0,0,1,3861
945,0,2013-05-22,0.43388373911755823,-0.900968867902419,0.49999999999999994,-0.8660254037844387,0.6420547132365637,-0.766658819300159,3861.0,4389.0,5014.0,2748.4285714285716,3441.0,1916.267627198149,3367.7,4090.0,2044.7861054989053,12480.0,0,0,1,0,0,0,0,0,1,3441
945,0,2013-05-23,-0.433883739117558,-0.9009688679024191,0.49999999999999994,-0.8660254037844387,0.6287628145958344,-0.777597146973627,3441.0,4389.0,0.0,2633.285714285714,3441.0,1823.2169110563643,3352.2,4085.5,2041.210719156648,12480.0,0,0,1,0,0,0,0,0,1,3583
945,0,2013-05-24,-0.9749279121818236,-0.2225209339563146,0.49999999999999994,-0.8660254037844387,0.6152845999633276,-0.7883050558305255,3583.0,4228.0,5419.0,2533.5714285714284,3441.0,1738.5866728603514,3327.133333333333,3950.0,2034.0034369708414,12480.0,0,0,1,0,0,0,0,0,1,3530
945,0,2013-05-25,-0.7818314824680299,0.6234898018587334,0.49999999999999994,-0.8660254037844387,0.6016240632249226,-0.7987793728863649,3530.0,3320.0,2942.0,2497.285714285714,3441.0,1722.0092638432327,3291.6,3722.0,2028.7624153485876,12480.0,0,0,1,0,0,0,0,0,1,3066
945,0,2013-05-26,-2.4492935982947064e-16,1.0,0.49999999999999994,-0.8660254037844387,0.5877852522924732,-0.8090169943749473,3066.0,0.0,0.0,2497.285714285714,3441.0,1722.0092638432327,3148.3,3556.5,2105.5277027141087,12480.0,0,0,1,0,0,0,0,0,1,0
945,0,2013-05-27,0.7818314824680298,0.6234898018587336,0.49999999999999994,-0.8660254037844387,0.5737722679043246,-0.8190148866680801,0.0,0.0,5157.0,3198.4285714285716,3530.0,1523.4715681782911,3210.5666666666666,3722.0,2129.6969297634064,12480.0,1,0,1,0,0,0,0,0,1,4908
945,0,2013-05-28,0.9749279121818236,-0.22252093395631434,0.49999999999999994,-0.8660254037844387,0.5595892624101765,-0.8287700871745037,4908.0,3861.0,4656.0,3340.285714285714,3530.0,1637.418976548735,3372.366666666667,3950.0,2060.636150240542,12480.0,1,0,1,0,0,0,0,0,1,4854
945,0,2013-05-29,0.43388373911755823,-0.900968867902419,0.49999999999999994,-0.8660254037844387,0.545240438540651,-0.8382797052177743,4854.0,3441.0,4389.0,3483.714285714286,3583.0,1690.8130898363383,3337.0666666666666,3950.0,2031.7286496348688,12480.0,1,0,1,0,0,0,0,0,1,4445
945,0,2013-05-30,-0.433883739117558,-0.9009688679024191,0.49999999999999994,-0.8660254037844387,0.5307300481619334,-0.8475409228928311,4445.0,3583.0,4389.0,3617.285714285714,4445.0,1736.284031515362,3290.0,3950.0,1985.4171801690309,12480.0,1,0,1,0,0,0,0,0,1,4518
945,0,2013-05-31,-0.9749279121818236,-0.2225209339563146,0.49999999999999994,-0.8660254037844387,0.5160623910158528,-0.8565509959010036,4518.0,3530.0,4228.0,3917.5714285714284,4518.0,1893.336900566726,3477.733333333333,4133.5,1929.0707953139859,12480.0,1,0,1,0,0,0,0,0,1,5632
945,0,2013-06-01,-0.7818314824680299,0.6234898018587334,1.2246467991473532e-16,-1.0,0.5012418134457758,-0.865307254363206,5632.0,3066.0,3320.0,3973.8571428571427,4518.0,1869.5083514631524,3390.9,3950.0,1866.1991125242257,12480.0,0,0,1,0,0,0,0,0,1,3460
945,0,2013-06-02,-2.4492935982947064e-16,1.0,1.2246467991473532e-16,-1.0,0.48627270710869,-0.8738071036110808,3460.0,0.0,0.0,3973.8571428571427,4518.0,1869.5083514631524,3211.2,3722.0,1925.5748340117327,12480.0,0,0,1,0,0,0,0,0,1,0
945,0,2013-06-03,0.7818314824680298,0.6234898018587336,1.2246467991473532e-16,-1.0,0.4711595076738638,-0.8820480249558537,0.0,4908.0,0.0,4150.142857142857,4518.0,2024.0657456854356,3311.4333333333334,3950.0,1998.358769406627,12480.0,1,0,1,0,0,0,0,0,1,6142
945,0,2013-06-04,0.9749279121818236,-0.22252093395631434,1.2246467991473532e-16,-1.0,0.4559066935084588,-0.8900275764346767,6142.0,4854.0,3861.0,4093.1428571428573,4455.0,2006.4825299157576,3459.9333333333334,4133.5,1907.2482603050873,12480.0,1,0,1,0,0,0,0,0,1,4455
945,0,2013-06-05,0.43388373911755823,-0.900968867902419,1.2246467991473532e-16,-1.0,0.440518784350495,-0.8977433935342337,4455.0,4445.0,3441.0,4083.0,4455.0,2004.5859921689557,3460.733333333333,4133.5,1907.6394680939807,12480.0,1,0,1,0,0,0,0,0,1,4374
945,0,2013-06-06,-0.433883739117558,-0.9009688679024191,1.2246467991473532e-16,-1.0,0.42500033996955416,-0.9051931898913974,4374.0,4518.0,3583.0,4071.1428571428573,4435.0,2001.8277005919215,3473.9333333333334,4301.0,1913.140925885715,12480.0,1,0,1,0,0,0,0,0,1,4435
945,0,2013-06-07,-0.9749279121818236,-0.2225209339563146,1.2246467991473532e-16,-1.0,0.4093559588156213,-0.9123747579707273,4435.0,5632.0,3530.0,3918.0,4435.0,1900.98316667981,3458.8,4301.0,1902.3035292090954,12480.0,1,0,1,0,0,0,0,0,1,4560
945,0,2013-06-08,-0.7818314824680299,0.6234898018587334,1.2246467991473532e-16,-1.0,0.39359027665646673,-0.9192859697186104,4560.0,3460.0,3066.0,3921.285714285714,4435.0,1900.0792715292791,3574.9,4301.0,1786.7029421390328,12480.0,0,0,1,0,0,0,0,0,1,3483
945,0,2013-06-09,-2.4492935982947064e-16,1.0,1.2246467991473532e-16,-1.0,0.3777079652039649,-0.9259247771938498,3483.0,0.0,0.0,3921.285714285714,4435.0,1900.0792715292791,3394.266666666667,4044.5,1866.0050251869607,12480.0,0,0,1,0,0,0,0,0,1,0
945,0,2013-06-10,0.7818314824680298,0.6234898018587336,1.2246467991473532e-16,-1.0,0.36171373072976765,-0.9322892131745133,0.0,6142.0,4908.0,3655.8571428571427,4374.0,1651.6976547955571,3439.0,4256.0,1870.8684688096616,12480.0,0,0,1,0,0,0,0,0,1,4284
945,0,2013-06-11,0.9749279121818236,-0.22252093395631434,1.2246467991473532e-16,-1.0,0.3456123126707335,-0.9383773917408641,4284.0,4455.0,4854.0,3609.4285714285716,4284.0,1629.9142980683432,3576.6666666666665,4256.0,1757.60919773254,12480.0,0,0,1,0,0,0,0,0,1,4130
945,0,2013-06-12,0.43388373911755823,-0.900968867902419,1.2246467991473532e-16,-1.0,0.3294084822245304,-0.9441875088341993,4130.0,4374.0,4445.0,3567.4285714285716,4130.0,1610.602563964065,3540.766666666667,4179.0,1735.0716905258894,12480.0,0,0,1,0,0,0,0,0,1,4080
945,0,2013-06-13,-0.433883739117558,-0.9009688679024191,1.2246467991473532e-16,-1.0,0.3131070409358269,-0.9497178427914316,4080.0,4435.0,4518.0,3458.285714285714,4080.0,1567.317529441702,3507.9333333333334,4105.0,1722.514339729778,12480.0,0,0,1,0,0,0,0,0,1,3671
945,0,2013-06-14,-0.9749279121818236,-0.2225209339563146,1.2246467991473532e-16,-1.0,0.29671281927349075,-0.9549667548552551,3671.0,4560.0,5632.0,3555.714285714286,4080.0,1665.3488837963973,3536.366666666667,4105.0,1744.4598903945607,12480.0,0,0,1,0,0,0,0,0,1,5242
945,0,2013-06-15,-0.7818314824680299,0.6234898018587334,1.2246467991473532e-16,-1.0,0.28023067519921585,-0.9599326896597447,5242.0,3483.0,3460.0,3470.4285714285716,4080.0,1684.8657569811373,3486.266666666667,3970.5,1740.7069696025776,12480.0,0,0,1,0,0,0,0,0,1,2886
945,0,2013-06-16,-2.4492935982947064e-16,1.0,1.2246467991473532e-16,-1.0,0.26366549272800704,-0.9646141756912435,2886.0,0.0,0.0,3470.4285714285716,4080.0,1684.8657569811373,3345.3333333333335,3766.0,1846.5231323113503,12480.0,0,0,1,0,0,0,0,0,1,0
945,0,2013-06-17,0.7818314824680298,0.6234898018587336,1.2246467991473532e-16,-1.0,0.24702218048093552,-0.9690098257244062,0.0,4284.0,6142.0,3636.1428571428573,4080.0,1829.0932570148368,3416.133333333333,3970.5,1885.8197107913566,12480.0,1,0,1,0,0,0,0,0,1,5444
945,0,2013-06-18,0.9749279121818236,-0.22252093395631434,1.2246467991473532e-16,-1.0,0.23030567023061221,-0.9731183372332619,5444.0,4130.0,4455.0,3703.714285714286,4080.0,1858.8728407546437,3569.5666666666666,4105.0,1782.729362006729,12480.0,1,0,1,0,0,0,0,0,1,4603
945,0,2013-06-19,0.43388373911755823,-0.900968867902419,1.2246467991473532e-16,-1.0,0.21352091543979612,-0.9769384927771817,4603.0,4080.0,4374.0,3755.8571428571427,4445.0,1876.2254154348861,3717.733333333333,4207.0,1656.0398532047159,12480.0,1,0,1,0,0,0,0,0,1,4445
945,0,2013-06-20,-0.433883739117558,-0.9009688679024191,1.2246467991473532e-16,-1.0,0.19667288979357647,-0.980469160361632,4445.0,3671.0,4435.0,3825.4285714285716,4445.0,1881.5759225662284,3727.633333333333,4221.0,1657.8126528513471,12480.0,1,0,1,0,0,0,0,0,1,4158
945,0,2013-06-21,-0.9749279121818236,-0.2225209339563146,1.2246467991473532e-16,-1.0,0.1797665857255624,-0.9837092937736097,4158.0,5242.0,4560.0,3784.0,4445.0,1848.0819787011617,3778.0,4329.0,1671.6990324733729,12480.0,1,0,1,0,0,0,0,0,1,4952
945,0,2013-06-22,-0.7818314824680299,0.6234898018587334,1.2246467991473532e-16,-1.0,0.16280701293851715,-0.986657932891657,4952.0,2886.0,3483.0,3805.0,4445.0,1836.9790417966128,3759.6666666666665,4329.0,1676.9190619197702,12480.0,0,0,1,0,0,0,0,0,1,3033
945,0,2013-06-23,-2.4492935982947064e-16,1.0,1.2246467991473532e-16,-1.0,0.1457991969198751,-0.9893142039703663,3033.0,0.0,0.0,3805.0,4445.0,1836.9790417966128,3642.0,4329.0,1811.9969171017385,12480.0,0,0,1,0,0,0,0,0,1,0
945,0,2013-06-24,0.7818314824680298,0.6234898018587336,1.2246467991473532e-16,-1.0,0.12874817745258132,-0.99167731989929,0.0,5444.0,4284.0,3585.4285714285716,4158.0,1694.7740121859774,3670.0333333333333,4329.0,1809.2818633147072,12480.0,0,0,1,0,0,0,0,0,1,3907
945,0,2013-06-25,0.9749279121818236,-0.22252093395631434,1.2246467991473532e-16,-1.0,0.11165900712169512,-0.993746580436178,3907.0,4603.0,4130.0,3447.0,3907.0,1636.3742440733633,3791.1666666666665,4329.0,1671.5002570132617,12480.0,0,0,1,0,0,0,0,0,1,3634
945,0,2013-06-26,0.43388373911755823,-0.900968867902419,1.2246467991473532e-16,-1.0,0.09453674981719912,-0.9955213724144752,3634.0,4445.0,4080.0,3348.1428571428573,3753.0,1586.1665978674753,3752.6666666666665,4221.0,1658.1372251630028,12480.0,0,0,1,0,0,0,0,0,1,3753
945,0,2013-06-27,-0.433883739117558,-0.9009688679024191,1.2246467991473532e-16,-1.0,0.07738647923346301,-0.9970011699250151,3753.0,4158.0,3671.0,3305.0,3753.0,1564.42577324717,3719.4,4144.0,1645.2407349266753,12480.0,0,0,1,0,0,0,0,0,1,3856
945,0,2013-06-28,-0.9749279121818236,-0.2225209339563146,1.2246467991473532e-16,-1.0,0.06021327736579302,-0.9981855344718586,3856.0,4952.0,5242.0,3224.0,3753.0,1477.1838071140658,3717.4,4144.0,1644.364495208847,12480.0,0,0,1,0,0,0,0,0,1,4385
945,0,2013-06-29,-0.7818314824680299,0.6234898018587334,1.2246467991473532e-16,-1.0,0.04302223300453059,-0.99907411510223,4385.0,3033.0,2886.0,3149.4285714285716,3753.0,1501.4100991115956,3650.5,4105.0,1651.4807932109977,12480.0,0,0,1,0,0,0,0,0,1,2511
945,0,2013-06-30,-2.4492935982947064e-16,1.0,1.2246467991473532e-16,-1.0,0.02581844022713308,-0.9996666485105112,2511.0,0.0,0.0,3149.4285714285716,3753.0,1501.4100991115956,3462.766666666667,3993.5,1736.39310429513,12480.0,0,0,1,0,0,0,0,0,1,0
945,0,2013-07-01,0.7818314824680298,0.6234898018587336,-0.4999999999999998,-0.8660254037844388,0.008606996888688698,-0.9999629591162655,0.0,3907.0,5444.0,3505.4285714285716,3753.0,1941.8222418768466,3560.733333333333,4105.0,1817.257348661539,12480.0,1,0,1,0,0,0,0,0,1,6399
945,0,2013-07-02,0.9749279121818236,-0.22252093395631434,-0.4999999999999998,-0.8660254037844388,-0.008606996888688009,-0.9999629591162655,6399.0,3634.0,4603.0,3827.4285714285716,3856.0,2143.142930148995,3757.0,4144.0,1735.551527166011,12480.0,1,0,1,0,0,0,0,0,1,5888
945,0,2013-07-03,0.43388373911755823,-0.900968867902419,-0.4999999999999998,-0.8660254037844388,-0.02581844022713239,-0.9996666485105112,5888.0,3753.0,4445.0,3868.285714285714,4039.0,2144.2134310966435,3686.9,4105.0,1677.3944563128148,12480.0,1,0,1,0,0,0,0,0,1,4039
945,0,2013-07-04,-0.433883739117558,-0.9009688679024191,-0.4999999999999998,-0.8660254037844388,-0.04302223300453034,-0.99907411510223,4039.0,3856.0,4158.0,3976.1428571428573,4385.0,2162.4040964145615,3692.1,4105.0,1680.0973360554701,12480.0,1,0,1,0,0,0,0,0,1,4611
945,0,2013-07-05,-0.9749279121818236,-0.2225209339563146,-0.4999999999999998,-0.8660254037844388,-0.060213277365792774,-0.9981855344718586,4611.0,4385.0,4952.0,3991.8571428571427,4495.0,2166.2667140014123,3696.133333333333,4105.0,1681.935025464734,12480.0,1,0,1,0,0,0,0,0,1,4495
945,0,2013-07-06,-0.7818314824680299,0.6234898018587334,-0.4999999999999998,-0.8660254037844388,-0.07738647923346322,-0.9970011699250151,4495.0,2511.0,3033.0,4000.285714285714,4495.0,2159.6493322054016,3633.9666666666667,4059.5,1688.1388340383928,12480.0,0,0,1,0,0,0,0,0,1,2570
945,0,2013-07-07,-2.4492935982947064e-16,1.0,-0.4999999999999998,-0.8660254037844388,-0.09453674981719933,-0.9955213724144752,2570.0,0.0,0.0,4000.285714285714,4495.0,2159.6493322054016,3481.9666666666667,3973.0,1803.2501783577136,12480.0,0,0,1,0,0,0,0,0,1,0
945,0,2013-07-08,0.7818314824680298,0.6234898018587336,-0.4999999999999998,-0.8660254037844388,-0.11165900712169444,-0.9937465804361781,0.0,6399.0,3907.0,3625.1428571428573,4039.0,1884.0211807524383,3491.633333333333,3973.0,1804.0330389843546,12480.0,0,0,1,0,0,0,0,0,1,3773
945,0,2013-07-09,0.9749279121818236,-0.22252093395631434,-0.4999999999999998,-0.8660254037844388,-0.12874817745258066,-0.99167731989929,3773.0,5888.0,3634.0,3317.1428571428573,3773.0,1608.522244025184,3616.0333333333333,3973.0,1679.321835276604,12480.0,0,0,1,0,0,0,0,0,1,3732
945,0,2013-07-10,0.43388373911755823,-0.900968867902419,-0.4999999999999998,-0.8660254037844388,-0.14579919691987442,-0.9893142039703664,3732.0,4039.0,3753.0,3304.0,3773.0,1602.003745313975,3604.8,3927.0,1675.8230792966922,12480.0,0,0,1,0,0,0,0,0,1,3947
945,0,2013-07-11,-0.433883739117558,-0.9009688679024191,-0.4999999999999998,-0.8660254037844388,-0.16280701293851646,-0.9866579328916572,3947.0,4611.0,3856.0,3231.4285714285716,3773.0,1543.3611434293732,3603.9,3927.0,1675.5385207397524,12480.0,0,0,1,0,0,0,0,0,1,4103
945,0,2013-07-12,-0.9749279121818236,-0.2225209339563146,-0.4999999999999998,-0.8660254037844388,-0.17976658572556214,-0.9837092937736098,4103.0,4495.0,4385.0,3162.8571428571427,3773.0,1487.5168826572963,3601.733333333333,3927.0,1674.943559179467,12480.0,0,0,1,0,0,0,0,0,1,4015
945,0,2013-07-13,-0.7818314824680299,0.6234898018587334,-0.4999999999999998,-0.8660254037844388,-0.19667288979357622,-0.9804691603616321,4015.0,2570.0,2511.0,3179.1428571428573,3773.0,1480.5520849299696,3568.8333333333335,3927.0,1683.2092312282373,12480.0,0,0,1,0,0,0,0,0,1,2684
945,0,2013-07-14,-2.4492935982947064e-16,1.0,-0.4999999999999998,-0.8660254037844388,-0.2135209154397959,-0.9769384927771817,2684.0,0.0,0.0,3179.1428571428573,3773.0,1480.5520849299696,3394.1,3881.5,1773.208067803702,12480.0,0,0,1,0,0,0,0,0,1,0
945,0,2013-07-15,0.7818314824680298,0.6234898018587336,-0.4999999999999998,-0.8660254037844388,-0.23030567023061196,-0.973118337233262,0.0,3773.0,6399.0,3467.1428571428573,3947.0,1780.9307892757872,3490.866666666667,3927.0,1823.034657081302,12480.0,1,0,1,0,0,0,0,0,1,5789
945,0,2013-07-16,0.9749279121818236,-0.22252093395631434,-0.4999999999999998,-0.8660254037844388,-0.24702218048093527,-0.9690098257244063,5789.0,3732.0,5888.0,3725.4285714285716,4015.0,1948.9267864770138,3675.5333333333333,3981.0,1735.729494524109,12480.0,1,0,1,0,0,0,0,0,1,5540
945,0,2013-07-17,0.43388373911755823,-0.900968867902419,-0.4999999999999998,-0.8660254037844388,-0.2636654927280072,-0.9646141756912435,5540.0,3947.0,4039.0,3761.0,4103.0,1955.9047352397647,3633.9333333333334,3981.0,1706.5941467171374,12480.0,1,0,1,0,0,0,0,0,1,4196
945,0,2013-07-18,-0.433883739117558,-0.9009688679024191,-0.4999999999999998,-0.8660254037844388,-0.2802306751992161,-0.9599326896597445,4196.0,4103.0,4611.0,3742.8571428571427,4015.0,1952.7901772055482,3613.0333333333333,3961.5,1698.1354781933182,12480.0,1,0,1,0,0,0,0,0,1,3976
945,0,2013-07-19,-0.9749279121818236,-0.2225209339563146,-0.4999999999999998,-0.8660254037844388,-0.2967128192734901,-0.9549667548552553,3976.0,4015.0,4495.0,3821.4285714285716,4196.0,1976.485926852913,3617.0333333333333,3961.5,1700.3027211876597,12480.0,1,0,1,0,0,0,0,0,1,4565
945,0,2013-07-20,-0.7818314824680299,0.6234898018587334,-0.4999999999999998,-0.8660254037844388,-0.3131070409358267,-0.9497178427914317,4565.0,2684.0,2570.0,3830.4285714285716,4196.0,1970.5779911101258,3570.0,3927.0,1704.3332198070689,12480.0,0,0,1,0,0,0,0,0,1,2747
945,0,2013-07-21,-2.4492935982947064e-16,1.0,-0.4999999999999998,-0.8660254037844388,-0.3294084822245302,-0.9441875088341994,2747.0,0.0,0.0,3830.4285714285716,4196.0,1970.5779911101256,3404.9333333333334,3881.5,1802.8269550583768,12480.0,0,0,1,0,0,0,0,0,1,0
945,0,2013-07-22,0.7818314824680298,0.6234898018587336,-0.4999999999999998,-0.8660254037844388,-0.3456123126707333,-0.9383773917408642,0.0,5789.0,3773.0,3511.1428571428573,3976.0,1771.3400227484494,3422.3,3881.5,1801.6295717469516,12480.0,0,0,1,0,0,0,0,0,1,3554
945,0,2013-07-23,0.9749279121818236,-0.22252093395631434,-0.4999999999999998,-0.8660254037844388,-0.3617137307297674,-0.9322892131745134,3554.0,5540.0,3732.0,3160.5714285714284,3554.0,1529.1640262076603,3525.1666666666665,3881.5,1683.7326981592341,12480.0,0,0,1,0,0,0,0,0,1,3086
945,0,2013-07-24,0.43388373911755823,-0.900968867902419,-0.4999999999999998,-0.8660254037844388,-0.37770796520396466,-0.9259247771938499,3086.0,4196.0,3947.0,3073.8571428571427,3554.0,1476.9822193210314,3514.5666666666666,3814.5,1682.246295537777,12480.0,0,0,1,0,0,0,0,0,1,3589
945,0,2013-07-25,-0.433883739117558,-0.9009688679024191,-0.4999999999999998,-0.8660254037844388,-0.39359027665646645,-0.9192859697186105,3589.0,3976.0,4103.0,3025.1428571428573,3554.0,1447.5995565730461,3514.6,3814.5,1682.2487535930934,12480.0,0,0,1,0,0,0,0,0,1,3635
945,0,2013-07-26,-0.9749279121818236,-0.2225209339563146,-0.4999999999999998,-0.8660254037844388,-0.4093559588156211,-0.9123747579707274,3635.0,4565.0,4015.0,2918.1428571428573,3554.0,1338.3708291017404,3516.7,3836.0,1682.5959039121865,12480.0,0,0,1,0,0,0,0,0,1,3816
945,0,2013-07-27,-0.7818314824680299,0.6234898018587334,-0.4999999999999998,-0.8660254037844388,-0.42500033996955394,-0.9051931898913975,3816.0,2747.0,2684.0,2841.4285714285716,3554.0,1364.941983766205,3461.8333333333335,3794.5,1697.9172857343203,12480.0,0,0,1,0,0,0,0,0,1,2210
945,0,2013-07-28,-2.4492935982947064e-16,1.0,-0.4999999999999998,-0.8660254037844388,-0.4405187843504952,-0.8977433935342336,2210.0,0.0,0.0,2841.4285714285716,3554.0,1364.941983766205,3315.6666666666665,3752.5,1801.3010878793702,12480.0,0,0,1,0,0,0,0,0,1,0
945,0,2013-07-29,0.7818314824680298,0.6234898018587336,-0.4999999999999998,-0.8660254037844388,-0.455906693508459,-0.8900275764346766,0.0,3554.0,5789.0,3208.0,3589.0,1847.4780106945798,3435.9666666666667,3794.5,1865.0923705207506,12480.0,1,0,1,0,0,0,0,0,1,6120
945,0,2013-07-30,0.9749279121818236,-0.22252093395631434,-0.4999999999999998,-0.8660254037844388,-0.47115950767386394,-0.8820480249558535,6120.0,3086.0,5540.0,3636.714285714286,3635.0,2139.5574086156007,3638.866666666667,3881.5,1808.653294644909,12480.0,1,0,1,0,0,0,0,0,1,6087
945,0,2013-07-31,0.43388373911755823,-0.900968867902419,-0.4999999999999998,-0.8660254037844388,-0.4862727071086902,-0.8738071036110807,6087.0,3589.0,4196.0,3992.8571428571427,3816.0,2329.3603148054344,3628.3,3881.5,1792.8285328708546,12480.0,1,0,1,0,0,0,0,0,1,6082
945,0,2013-08-01,-0.433883739117558,-0.9009688679024191,-0.8660254037844384,-0.5000000000000004,-0.5012418134457756,-0.8653072543632061,6082.0,3635.0,3976.0,4347.0,6082.0,2451.1487782942368,3635.8333333333335,3881.5,1803.0964570242304,12480.0,1,0,1,0,0,0,0,0,1,6114
945,0,2013-08-02,-0.9749279121818236,-0.2225209339563146,-0.8660254037844384,-0.5000000000000004,-0.5160623910158526,-0.8565509959010037,6114.0,3816.0,4565.0,4682.571428571428,6087.0,2525.9878501385574,3706.7,3881.5,1860.3580143024376,12480.0,1,0,1,0,0,0,0,0,1,6165
945,0,2013-08-03,-0.7818314824680299,0.6234898018587334,-0.8660254037844384,-0.5000000000000004,-0.5307300481619331,-0.8475409228928312,6165.0,2210.0,2747.0,4881.571428571428,6087.0,2347.280189009032,3673.1,3794.5,1852.5485958538304,12480.0,0,0,1,0,0,0,0,0,1,3603
945,0,2013-08-04,-2.4492935982947064e-16,1.0,-0.8660254037844384,-0.5000000000000004,-0.5452404385406507,-0.8382797052177745,3603.0,0.0,0.0,4881.571428571428,6087.0,2347.280189009032,3523.266666666667,3752.5,1962.3068397509428,12480.0,0,0,1,0,0,0,0,0,1,0
945,0,2013-08-05,0.7818314824680298,0.6234898018587336,-0.8660254037844384,-0.5000000000000004,-0.5595892624101763,-0.828770087174504,0.0,6120.0,3554.0,4977.571428571428,6087.0,2419.0172148445486,3664.0,3794.5,2041.386614618805,12480.0,0,0,1,0,0,0,0,0,1,6792
945,0,2013-08-06,0.9749279121818236,-0.22252093395631434,-0.8660254037844384,-0.5000000000000004,-0.5737722679043243,-0.8190148866680802,6792.0,6087.0,3086.0,4910.714285714285,6082.0,2389.531872863085,3851.3,3881.5,1949.3165053246307,12480.0,0,0,1,0,0,0,0,0,1,5619
945,0,2013-08-07,0.43388373911755823,-0.900968867902419,-0.8660254037844384,-0.5000000000000004,-0.5877852522924734,-0.8090169943749472,5619.0,6082.0,3589.0,4791.142857142857,5619.0,2341.6137902859077,3900.366666666667,3961.5,1965.734511897363,12480.0,0,0,1,0,0,0,0,0,1,5245
945,0,2013-08-08,-0.433883739117558,-0.9009688679024191,-0.8660254037844384,-0.5000000000000004,-0.6016240632249227,-0.7987793728863648,5245.0,6114.0,3635.0,4549.857142857143,5245.0,2268.4616247265762,3923.4666666666667,3995.5,1967.7585486403361,12480.0,0,0,1,0,0,0,0,0,1,4425
945,0,2013-08-09,-0.9749279121818236,-0.2225209339563146,-0.8660254037844384,-0.5000000000000004,-0.6152845999633277,-0.7883050558305253,4425.0,6165.0,3816.0,4261.0,4425.0,2154.3864555831196,3930.0,4059.0,1968.1647148619402,12480.0,0,0,1,0,0,0,0,0,1,4143
945,0,2013-08-10,-0.7818314824680299,0.6234898018587334,-0.8660254037844384,-0.5000000000000004,-0.6287628145958345,-0.7775971469736268,4143.0,3603.0,2210.0,4266.0,4425.0,2152.644729938809,3914.5,3995.5,1968.5862728854681,12480.0,0,0,1,0,0,0,0,0,1,3638
945,0,2013-08-11,-2.4492935982947064e-16,1.0,-0.8660254037844384,-0.5000000000000004,-0.6420547132365636,-0.7666588193001592,3638.0,0.0,0.0,4266.0,4425.0,2152.644729938809,3780.6666666666665,3896.0,2094.002063914493,12480.0,0,0,1,0,0,0,0,0,1,0
945,0,2013-08-12,0.7818314824680298,0.6234898018587336,-0.8660254037844384,-0.5000000000000004,-0.655156357209085,-0.7554933140726804,0.0,6792.0,6120.0,4185.142857142857,4425.0,2050.139623584324,3898.733333333333,4059.5,2129.5885944494516,12480.0,1,0,1,0,0,0,0,0,1,6226
945,0,2013-08-13,0.9749279121818236,-0.22252093395631434,-0.8660254037844384,-0.5000000000000004,-0.6680638642135333,-0.7441039398713608,6226.0,5619.0,6087.0,4136.0,4425.0,2013.8425956365102,4074.5666666666666,4169.5,2011.0534841450508,12480.0,1,0,1,0,0,0,0,0,1,5275
945,0,2013-08-14,0.43388373911755823,-0.900968867902419,-0.8660254037844384,-0.5000000000000004,-0.6807734094770159,-0.7324940716135792,5275.0,5245.0,6082.0,4060.4285714285716,4425.0,1974.8381247706395,4038.8,4169.5,1988.930788830676,12480.0,1,0,1,0,0,0,0,0,1,4716
945,0,2013-08-15,-0.433883739117558,-0.9009688679024191,-0.8660254037844384,-0.5000000000000004,-0.6932812268869771,-0.7206671495538615,4716.0,4425.0,6114.0,4062.285714285714,4438.0,1975.2441802036954,4002.0666666666666,4169.5,1970.3387059315332,12480.0,1,0,1,0,0,0,0,0,1,4438
945,0,2013-08-16,-0.9749279121818236,-0.2225209339563146,-0.8660254037844384,-0.5000000000000004,-0.7055836101071774,-0.7086266782644601,4438.0,4143.0,6165.0,4332.571428571428,4716.0,2112.7881939231265,4063.366666666667,4284.0,2004.8843888473152,12480.0,1,0,1,0,0,0,0,0,1,6035
945,0,2013-08-17,-0.7818314824680299,0.6234898018587334,-0.8660254037844384,-0.5000000000000004,-0.7176769136759615,-0.6963762255968726,6035.0,3638.0,3603.0,4209.0,4716.0,2184.26906157033,4023.266666666667,4284.0,2018.675341240718,12480.0,0,0,1,0,0,0,0,0,1,2773
945,0,2013-08-18,-2.4492935982947064e-16,1.0,-0.8660254037844384,-0.5000000000000004,-0.7295575540864876,-0.6839194216246105,2773.0,0.0,0.0,4209.0,4716.0,2184.26906157033,3871.1,3979.5,2144.5601807749563,12480.0,0,0,1,0,0,0,0,0,1,0
945,0,2013-08-19,0.7818314824680298,0.6234898018587336,-0.8660254037844384,-0.5000000000000004,-0.7412220108485957,-0.6712599575675315,0.0,6226.0,6792.0,3860.285714285714,4438.0,1995.2637013926849,3905.7,3979.5,2134.1469288202957,12480.0,0,0,1,0,0,0,0,0,1,3785
945,0,2013-08-20,0.9749279121818236,-0.22252093395631434,-0.8660254037844384,-0.5000000000000004,-0.7526668275320083,-0.6584015846980489,3785.0,5275.0,5619.0,3627.1428571428573,3785.0,1895.2471631752442,4027.133333333333,3979.5,2003.9189833808198,12480.0,0,0,1,0,0,0,0,0,1,3643
945,0,2013-08-21,0.43388373911755823,-0.900968867902419,-0.8660254037844384,-0.5000000000000004,-0.7638886127905429,-0.64534811322955,3643.0,4716.0,5245.0,3444.4285714285716,3643.0,1833.4222878852236,4023.233333333333,3979.5,2004.985109297758,12480.0,0,0,1,0,0,0,0,0,1,3437
945,0,2013-08-22,-0.433883739117558,-0.9009688679024191,-0.8660254037844384,-0.5000000000000004,-0.7748840413670406,-0.6321034111873488,3437.0,4438.0,4425.0,3313.5714285714284,3522.0,1782.6755039493182,4037.766666666667,3979.5,1999.5299910372605,12480.0,0,0,1,0,0,0,0,0,1,3522
945,0,2013-08-23,-0.9749279121818236,-0.2225209339563146,-0.8660254037844384,-0.5000000000000004,-0.7856498550787144,-0.6186714032625032,3522.0,6035.0,4143.0,3025.1428571428573,3522.0,1388.7936526078363,4052.0,4079.5,1997.7443314381094,12480.0,0,0,1,0,0,0,0,0,1,4016
945,0,2013-08-24,-0.7818314824680299,0.6234898018587334,-0.8660254037844384,-0.5000000000000004,-0.7961828637826154,-0.6050560696488494,4016.0,2773.0,3638.0,3164.8571428571427,3643.0,1408.257721272571,4055.866666666667,4079.5,1997.0215189442583,12480.0,0,0,1,0,0,0,0,0,1,3751
945,0,2013-08-25,-2.4492935982947064e-16,1.0,-0.8660254037844384,-0.5000000000000004,-0.8064799463209447,-0.5912614448635782,3751.0,0.0,0.0,3164.8571428571427,3643.0,1408.257721272571,3928.6666666666665,4079.5,2129.933434824104,12480.0,0,0,1,0,0,0,0,0,1,0
945,0,2013-08-26,0.7818314824680298,0.6234898018587336,-0.8660254037844384,-0.5000000000000004,-0.8165380514459157,-0.5772916165517278,0.0,3785.0,6226.0,3401.0,3643.0,1647.7963061818866,4036.266666666667,4284.0,2121.6358024319147,12480.0,1,0,1,0,0,0,0,0,1,5438
945,0,2013-08-27,0.9749279121818236,-0.22252093395631434,-0.8660254037844384,-0.5000000000000004,-0.8263541987239095,-0.5631507242749187,5438.0,3643.0,5275.0,3526.1428571428573,3751.0,1701.6232866071773,4186.9,4431.5,1980.940970242728,12480.0,1,0,1,0,0,0,0,0,1,4519
945,0,2013-08-28,0.43388373911755823,-0.900968867902419,-0.8660254037844384,-0.5000000000000004,-0.8359254794186365,-0.5488429582847199,4519.0,3437.0,4716.0,3723.1428571428573,4016.0,1768.1088228736967,4143.433333333333,4431.5,1951.143761530891,12480.0,1,0,1,0,0,0,0,0,1,4816
945,0,2013-08-29,-0.433883739117558,-0.9009688679024191,-0.8660254037844384,-0.5000000000000004,-0.8452490573530634,-0.5343725582809785,4816.0,3522.0,4438.0,3808.0,4116.0,1771.0978704370534,4077.733333333333,4284.0,1916.3156448181255,12480.0,1,0,1,0,0,0,0,0,1,4116
945,0,2013-08-30,-0.9749279121818236,-0.2225209339563146,-0.8660254037844384,-0.5000000000000004,-0.8543221697498269,-0.5197438121555157,4116.0,4016.0,6035.0,4253.428571428572,4519.0,2177.5709599722077,4112.8,4284.0,1963.3055763703446,12480.0,1,0,1,0,0,0,0,0,1,7134
945,0,2013-08-31,-0.7818314824680299,0.6234898018587334,-0.8660254037844384,-0.5000000000000004,-0.8631421280499115,-0.5049610547215202,7134.0,3751.0,2773.0,4121.714285714285,4519.0,2240.015380474407,4003.3,4129.5,1939.3042504625375,12480.0,0,0,1,0,0,0,0,0,1,2829
945,0,2013-09-01,-2.4492935982947064e-16,1.0,-1.0,-1.8369701987210297e-16,-0.8717063187093218,-0.4900286664290594,2829.0,0.0,0.0,4121.714285714285,4519.0,2240.015380474407,3797.8,4066.0,2026.9961196227073,12480.0,0,0,1,0,0,0,0,0,1,0
945,0,2013-09-02,0.7818314824680298,0.6234898018587336,-1.0,-1.8369701987210297e-16,-0.8800122039735356,-0.4749510720670502,0.0,5438.0,3785.0,3880.1428571428573,4116.0,2164.3058493484255,3802.6,4066.0,2026.6893949118776,12480.0,0,0,1,0,0,0,0,0,1,3747
945,0,2013-09-03,0.9749279121818236,-0.22252093395631434,-1.0,-1.8369701987210297e-16,-0.888057322629493,-0.4597327394521046,3747.0,4519.0,3643.0,3767.1428571428573,3747.0,2145.9630649641845,3926.866666666667,4066.0,1895.5406786370509,12480.0,0,0,1,0,0,0,0,0,1,3728
945,0,2013-09-04,0.43388373911755823,-0.900968867902419,-1.0,-1.8369701987210297e-16,-0.8958392907349089,-0.44437817810461344,3728.0,4816.0,3437.0,3610.0,3728.0,2096.051923657109,3824.3333333333335,3900.5,1816.7728367162144,12480.0,0,0,1,0,0,0,0,0,1,3716
945,0,2013-09-05,-0.433883739117558,-0.9009688679024191,-1.0,-1.8369701987210297e-16,-0.9033558023246842,-0.4288919379124841,3716.0,4116.0,3522.0,3528.285714285714,3716.0,2084.1537622646524,3755.1666666666665,3768.0,1785.3182867649869,12480.0,0,0,1,0,0,0,0,0,1,3544
945,0,2013-09-06,-0.9749279121818236,-0.2225209339563146,-1.0,-1.8369701987210297e-16,-0.9106046300942162,-0.41327860778290443,3544.0,7134.0,4016.0,3038.285714285714,3704.0,1379.0806979392378,3703.8,3749.0,1763.0042814899007,12480.0,0,0,1,0,0,0,0,0,1,3704
945,0,2013-09-07,-0.7818314824680299,0.6234898018587334,-1.0,-1.8369701987210297e-16,-0.9175836260593934,-0.3975428142825566,3704.0,2829.0,3751.0,3191.285714285714,3716.0,1411.032094400611,3686.3,3749.0,1758.1977086660697,12480.0,0,0,1,0,0,0,0,0,1,3900
945,0,2013-09-08,-2.4492935982947064e-16,1.0,-1.0,-1.8369701987210297e-16,-0.9242907221930934,-0.3816892202666586,3900.0,0.0,0.0,3191.285714285714,3716.0,1411.032094400611,3548.2,3737.5,1879.605615272926,12480.0,0,0,1,0,0,0,0,0,1,0
945,0,2013-09-09,0.7818314824680298,0.6234898018587336,-1.0,-1.8369701987210297e-16,-0.9307239310379793,-0.3657225234972692,0.0,3747.0,5438.0,3395.714285714286,3716.0,1596.441220787215,3599.5333333333333,3749.0,1903.026006550933,12480.0,1,0,1,0,0,0,0,0,1,5178
945,0,2013-09-10,0.9749279121818236,-0.22252093395631434,-1.0,-1.8369701987210297e-16,-0.9368813462954315,-0.34964745525122826,5178.0,3728.0,4519.0,3472.1428571428573,3716.0,1627.5046777783703,3741.633333333333,3768.0,1780.1734414402413,12480.0,1,0,1,0,0,0,0,0,1,4263
945,0,2013-09-11,0.43388373911755823,-0.900968867902419,-1.0,-1.8369701987210297e-16,-0.9427611433904206,-0.33346877891818705,4263.0,3716.0,4816.0,3510.0,3900.0,1637.175718526675,3666.8,3768.0,1718.2461467117137,12480.0,1,0,1,0,0,0,0,0,1,3981
945,0,2013-09-12,-0.433883739117558,-0.9009688679024191,-1.0,-1.8369701987210297e-16,-0.9483615800121716,-0.31719128858910595,3981.0,3544.0,4116.0,3639.285714285714,3981.0,1675.5908126474587,3639.266666666667,3768.0,1698.08727961651,12480.0,1,0,1,0,0,0,0,0,1,4449
945,0,2013-09-13,-0.9749279121818236,-0.2225209339563146,-1.0,-1.8369701987210297e-16,-0.9536809966304455,-0.300819807635668,4449.0,3704.0,7134.0,4003.285714285714,4263.0,1946.8026534368012,3690.4666666666667,3768.0,1753.910797349018,12480.0,1,0,1,0,0,0,0,0,1,6252
945,0,2013-09-14,-0.7818314824680299,0.6234898018587334,-1.0,-1.8369701987210297e-16,-0.9587178169872964,-0.2843591872810036,6252.0,3900.0,2829.0,3805.5714285714284,4263.0,2027.6405711353984,3626.4,3749.0,1760.7533575736534,12480.0,0,0,1,0,0,0,0,0,1,2516
945,0,2013-09-15,-2.4492935982947064e-16,1.0,-1.0,-1.8369701987210297e-16,-0.9634705485641486,-0.26781430516217486,2516.0,0.0,0.0,3805.5714285714284,4263.0,2027.6405711353984,3425.233333333333,3737.5,1819.8399073835437,12480.0,0,0,1,0,0,0,0,0,1,0
945,0,2013-09-16,0.7818314824680298,0.6234898018587336,-1.0,-1.8369701987210297e-16,-0.9679377830240642,-0.25119006388481957,0.0,5178.0,3747.0,3626.4285714285716,3981.0,1939.6639620599972,3463.6,3749.0,1817.7468167088534,12480.0,0,0,1,0,0,0,0,0,1,3924
945,0,2013-09-17,0.9749279121818236,-0.22252093395631434,-1.0,-1.8369701987210297e-16,-0.9721181966290612,-0.23449138957041052,3924.0,4263.0,3728.0,3584.714285714286,3971.0,1926.7893600742243,3595.9666666666667,3768.0,1697.4341992900747,12480.0,0,0,1,0,0,0,0,0,1,3971
945,0,2013-09-18,0.43388373911755823,-0.900968867902419,-1.0,-1.8369701987210297e-16,-0.9760105506323682,-0.21772323039653224,3971.0,3981.0,3716.0,3532.8571428571427,3924.0,1919.216196660452,3590.4,3749.0,1697.0666904173609,12480.0,0,0,1,0,0,0,0,0,1,3618
945,0,2013-09-19,-0.433883739117558,-0.9009688679024191,-1.0,-1.8369701987210297e-16,-0.9796136916454901,-0.20089055513063528,3618.0,4449.0,3544.0,3406.1428571428573,3618.0,1877.475293097216,3587.7,3749.0,1697.044553699571,12480.0,0,0,1,0,0,0,0,0,1,3562
945,0,2013-09-20,-0.9749279121818236,-0.2225209339563146,-1.0,-1.8369701987210297e-16,-0.9829265519799822,-0.18399835165767986,3562.0,6252.0,3704.0,3276.714285714286,3618.0,1668.1507440162316,3651.3333333333335,3825.5,1726.7298040202904,12480.0,0,0,1,0,0,0,0,0,1,5346
945,0,2013-09-21,-0.7818314824680299,0.6234898018587334,-1.0,-1.8369701987210297e-16,-0.9859481499638303,-0.1670516255021195,5346.0,2516.0,3900.0,3298.1428571428573,3618.0,1657.6807521927972,3622.8,3825.5,1735.9883282620497,12480.0,0,0,1,0,0,0,0,0,1,2666
945,0,2013-09-22,-2.4492935982947064e-16,1.0,-1.0,-1.8369701987210297e-16,-0.9886775902323404,-0.15005539834465262,2666.0,0.0,0.0,3298.1428571428573,3618.0,1657.6807521927972,3488.9333333333334,3749.0,1855.3601180946218,12480.0,0,0,1,0,0,0,0,0,1,0
945,0,2013-09-23,0.7818314824680298,0.6234898018587336,-1.0,-1.8369701987210297e-16,-0.9911140639934546,-0.13301470653419636,0.0,3924.0,5178.0,3449.1428571428573,3618.0,1768.6217259560651,3529.9333333333334,3823.5,1874.8390999162327,12480.0,1,0,1,0,0,0,0,0,1,4981
945,0,2013-09-24,0.9749279121818236,-0.22252093395631434,-1.0,-1.8369701987210297e-16,-0.9932568492674143,-0.11593459959550066,4981.0,3971.0,4263.0,3572.714285714286,3618.0,1839.9404622872735,3691.133333333333,3912.0,1765.585235265775,12480.0,1,0,1,0,0,0,0,0,1,4836
945,0,2013-09-25,0.43388373911755823,-0.900968867902419,-1.0,-1.8369701987210297e-16,-0.9951053111006974,-0.09882013873287211,4836.0,3618.0,3981.0,3644.285714285714,4119.0,1851.7021641619112,3647.1666666666665,3912.0,1736.7724739978978,12480.0,1,0,1,0,0,0,0,0,1,4119
945,0,2013-09-26,-0.433883739117558,-0.9009688679024191,-1.0,-1.8369701987210297e-16,-0.99665890175417,-0.08167639533042288,4119.0,3562.0,4449.0,3727.285714285714,4143.0,1860.3999314023597,3634.633333333333,3912.0,1731.6130109063708,12480.0,1,0,1,0,0,0,0,0,1,4143
945,0,2013-09-27,-0.9749279121818236,-0.2225209339563146,-1.0,-1.8369701987210297e-16,-0.9979171608653922,-0.06450844944931625,4143.0,5346.0,6252.0,3709.285714285714,4143.0,1842.6529528812268,3648.1,3912.0,1742.652998279861,12480.0,1,0,1,0,0,0,0,0,1,5220
945,0,2013-09-28,-0.7818314824680299,0.6234898018587334,-1.0,-1.8369701987210297e-16,-0.9988797155850335,-0.04732138832243232,5220.0,2666.0,2516.0,3794.5714285714284,4143.0,1799.6309674618346,3619.6666666666665,3823.5,1741.7140058462287,12480.0,0,0,1,0,0,0,0,0,1,3263
945,0,2013-09-29,-2.4492935982947064e-16,1.0,-1.0,-1.8369701987210297e-16,-0.9995462806873573,-0.03012030484690836,3263.0,0.0,0.0,3794.5714285714284,4143.0,1799.6309674618346,3381.866666666667,3737.5,1732.3339395627268,12480.0,0,0,1,0,0,0,0,0,1,0
945,0,2013-09-30,0.7818314824680298,0.6234898018587336,-1.0,-1.8369701987210297e-16,-0.9999166586547379,-0.012910296075008843,0.0,4981.0,3924.0,3712.8571428571427,4143.0,1749.0568342749214,3434.5333333333333,3823.5,1738.951065785176,12480.0,0,0,1,0,0,0,0,0,1,4409
945,0,2013-10-01,0.9749279121818236,-0.22252093395631434,-0.8660254037844386,0.5000000000000001,-0.9999907397361901,0.004303538296243821,4409.0,4836.0,3971.0,3682.5714285714284,4143.0,1728.0774343320438,3588.6666666666665,3912.0,1625.2392149302586,12480.0,0,0,1,0,0,0,0,0,1,4624
945,0,2013-10-02,0.43388373911755823,-0.900968867902419,-0.8660254037844386,0.5000000000000001,-0.9997685019798909,0.021516097436222233,4624.0,4119.0,3618.0,3768.285714285714,4409.0,1767.7573093504393,3621.0666666666666,3947.5,1638.1419654140395,12480.0,0,0,1,0,0,0,0,0,1,4719
945,0,2013-10-03,-0.433883739117558,-0.9009688679024191,-0.8660254037844386,0.5000000000000001,-0.9992500112396835,0.03872228089217399,4719.0,4143.0,3562.0,3176.4285714285716,4409.0,2249.344264235162,3496.8,3947.5,1766.1490037503274,12480.0,0,0,1,0,0,0,0,0,1,0
945,0,2013-10-04,-0.9749279121818236,-0.2225209339563146,-0.8660254037844386,0.5000000000000001,-0.9984354211555643,0.05591699010060302,0.0,5220.0,5346.0,3093.4285714285716,4409.0,2170.71438756483,3527.5666666666666,3976.0,1778.0981836149292,12480.0,0,0,1,0,0,0,0,0,1,4639
945,0,2013-10-05,-0.7818314824680299,0.6234898018587334,-0.8660254037844386,0.5000000000000001,-0.9973249731081555,0.07309512989807776,4639.0,3263.0,2666.0,3286.8571428571427,4617.0,2247.3176180038454,3563.3333333333335,4050.0,1789.197264298912,12480.0,0,0,1,0,0,0,0,0,1,4617
945,0,2013-10-06,-2.4492935982947064e-16,1.0,-0.8660254037844386,0.5000000000000001,-0.9959189961471792,0.0902516100310407,4617.0,0.0,0.0,3286.8571428571427,4617.0,2247.3176180038454,3439.866666666667,4050.0,1903.3166647819746,12480.0,0,0,1,0,0,0,0,0,1,0
945,0,2013-10-07,0.7818314824680298,0.6234898018587336,-0.8660254037844386,0.5000000000000001,-0.994217906893952,0.10738134666416306,0.0,4409.0,4981.0,3480.5714285714284,4624.0,2412.534273134295,3502.0333333333333,4131.0,1948.7785473051522,12480.0,1,0,1,0,0,0,0,0,1,5765
945,0,2013-10-08,0.9749279121818236,-0.22252093395631434,-0.8660254037844386,0.5000000000000001,-0.9922222094179324,0.12447926388678869,5765.0,4624.0,4836.0,3486.5714285714284,4639.0,2415.901823139264,3657.5666666666666,4203.0,1842.9666803980663,12480.0,1,0,1,0,0,0,0,0,1,4666
945,0,2013-10-09,0.43388373911755823,-0.900968867902419,-0.8660254037844386,0.5000000000000001,-0.989932495087353,0.141540295217043,4666.0,4719.0,4119.0,3498.4285714285716,4639.0,2423.151450566174,3645.0333333333333,4203.0,1833.524559201594,12480.0,1,0,1,0,0,0,0,0,1,4802
945,0,2013-10-10,-0.433883739117558,-0.9009688679024191,-0.8660254037844386,0.5000000000000001,-0.9873494423939864,0.15855938510313475,4802.0,0.0,4143.0,4170.285714285715,4666.0,1883.3579686547203,3659.7,4276.0,1840.3852136122905,12480.0,1,0,1,0,0,0,0,0,1,4703
945,0,2013-10-11,-0.9749279121818236,-0.2225209339563146,-0.8660254037844386,0.5000000000000001,-0.9844738167520923,0.17553149042142777,4703.0,4639.0,5220.0,4149.428571428572,4666.0,1878.10319712406,3676.766666666667,4429.0,1845.8334382086573,12480.0,1,0,1,0,0,0,0,0,1,4493
945,0,2013-10-12,-0.7818314824680299,0.6234898018587334,-0.8660254037844386,0.5000000000000001,-0.9813064702716093,0.19245158197082995,4493.0,4617.0,3263.0,3840.5714285714284,4666.0,1964.1938852994165,3610.3,4276.0,1852.9544563322052,12480.0,0,0,1,0,0,0,0,0,1,2455
945,0,2013-10-13,-2.4492935982947064e-16,1.0,-0.8660254037844386,0.5000000000000001,-0.9778483415056568,0.20931464596304888,2455.0,0.0,0.0,3840.5714285714284,4666.0,1964.1938852994165,3401.9,4131.0,1896.662556103256,12480.0,0,0,1,0,0,0,0,0,1,0
945,0,2013-10-14,0.7818314824680298,0.6234898018587336,-0.8660254037844386,0.5000000000000001,-0.9741004551724206,0.22611568550828803,0.0,5765.0,4409.0,3694.0,4666.0,1830.3784672393117,3476.0,4276.0,1904.267711547244,12480.0,0,0,1,0,0,0,0,0,1,4739
945,0,2013-10-15,0.9749279121818236,-0.22252093395631434,-0.8660254037844386,0.5000000000000001,-0.970063921851507,0.2428497220959358,4739.0,4666.0,4624.0,3739.285714285714,4703.0,1862.081873807353,3642.1,4451.0,1805.3715512134982,12480.0,0,0,1,0,0,0,0,0,1,4983
945,0,2013-10-16,0.43388373911755823,-0.900968867902419,-0.8660254037844386,0.5000000000000001,-0.965739937654855,0.25951179706979943,4983.0,4802.0,4719.0,3565.8571428571427,4493.0,1802.1781662358308,3630.9,4451.0,1804.6044814536945,12480.0,0,0,1,0,0,0,0,0,1,3588
945,0,2013-10-17,-0.433883739117558,-0.9009688679024191,-0.8660254037844386,0.5000000000000001,-0.9611297838723007,0.27609697309746883,3588.0,4703.0,0.0,3373.4285714285716,3588.0,1731.0315669317777,3610.4,4451.0,1804.1008573381573,12480.0,0,0,1,0,0,0,0,0,1,3356
945,0,2013-10-18,-0.9749279121818236,-0.2225209339563146,-0.8660254037844386,0.5000000000000001,-0.9562348265919058,0.2926003356333479,3356.0,4493.0,4639.0,3408.1428571428573,3588.0,1759.4292093906881,3647.6666666666665,4555.0,1815.7725691805415,12480.0,0,0,1,0,0,0,0,0,1,4736
945,0,2013-10-19,-0.7818314824680299,0.6234898018587334,-0.8660254037844386,0.5000000000000001,-0.9510565162951536,0.30901699437494723,4736.0,2455.0,4617.0,3395.714285714286,3588.0,1767.5727909844538,3607.866666666667,4555.0,1830.7390392639406,12480.0,0,0,1,0,0,0,0,0,1,2368
945,0,2013-10-20,-2.4492935982947064e-16,1.0,-0.8660254037844386,0.5000000000000001,-0.9455963874271428,0.3253420847119795,2368.0,0.0,0.0,3395.714285714286,3588.0,1767.5727909844538,3429.6666666666665,4451.0,1914.0091040992234,12480.0,0,0,1,0,0,0,0,0,1,0
945,0,2013-10-21,0.7818314824680298,0.6234898018587336,-0.8660254037844386,0.5000000000000001,-0.9398560579418953,0.341570769167856,0.0,4739.0,5765.0,3407.285714285714,3588.0,1778.0662449494314,3501.4666666666667,4555.0,1924.7451910771751,12480.0,1,0,1,0,0,0,0,0,1,4820
945,0,2013-10-22,0.9749279121818236,-0.22252093395631434,-0.8660254037844386,0.5000000000000001,-0.9338372288229252,0.35769823883312546,4820.0,4983.0,4666.0,3278.0,3588.0,1674.2707865416119,3637.4,4555.0,1809.4813812154896,12480.0,1,0,1,0,0,0,0,0,1,4078
945,0,2013-10-23,0.43388373911755823,-0.900968867902419,-0.8660254037844386,0.5000000000000001,-0.9275416835791965,0.3737197147904692,4078.0,3588.0,4802.0,3420.0,4078.0,1745.5784141653448,3624.1,4537.5,1800.7102497204469,12480.0,1,0,1,0,0,0,0,0,1,4582
945,0,2013-10-24,-0.433883739117558,-0.9009688679024191,-0.8660254037844386,0.5000000000000001,-0.9209712877166346,0.38963044953078774,4582.0,3356.0,4703.0,3548.285714285714,4254.0,1772.8754152774634,3604.7,4451.0,1790.308645130103,12480.0,1,0,1,0,0,0,0,0,1,4254
945,0,2013-10-25,-0.9749279121818236,-0.2225209339563146,-0.8660254037844386,0.5000000000000001,-0.9141279881853337,0.4054257283599973,4254.0,4736.0,4493.0,3463.5714285714284,4143.0,1720.0439778430916,3605.5,4451.0,1790.5517306126621,12480.0,1,0,1,0,0,0,0,0,1,4143
945,0,2013-10-26,-0.7818314824680299,0.6234898018587334,-0.8660254037844386,0.5000000000000001,-0.9070138128026362,0.42110087079608916,4143.0,2368.0,2455.0,3681.714285714286,4143.0,1653.4840705094716,3597.233333333333,4451.0,1788.555990145418,12480.0,0,0,1,0,0,0,0,0,1,3895
945,0,2013-10-27,-2.4492935982947064e-16,1.0,-0.8660254037844386,0.5000000000000001,-0.8996308696522434,0.4366512319560638,3895.0,0.0,0.0,3681.714285714286,4143.0,1653.4840705094716,3423.233333333333,4331.5,1876.9700396876497,12480.0,0,0,1,0,0,0,0,0,1,0
945,0,2013-10-28,0.7818314824680298,0.6234898018587336,-0.8660254037844386,0.5000000000000001,-0.8919813464595487,0.45207220393230374,0.0,4820.0,4739.0,3434.8571428571427,4078.0,1582.6958466038707,3417.5333333333333,4331.5,1877.7329091649106,12480.0,0,0,1,0,0,0,0,0,1,3092
945,0,2013-10-29,0.9749279121818236,-0.22252093395631434,-0.8660254037844386,0.5000000000000001,-0.8840675099433637,0.46735921715800205,3092.0,4078.0,4983.0,3360.5714285714284,3895.0,1559.5116604397736,3536.133333333333,4331.5,1763.3115736440698,12480.0,0,0,1,0,0,0,0,0,1,3558
945,0,2013-10-30,0.43388373911755823,-0.900968867902419,-0.8660254037844386,0.5000000000000001,-0.8758917051442433,0.48250774176121763,3558.0,4582.0,3588.0,3463.8571428571427,3895.0,1673.6536308897598,3566.0,4373.5,1786.0474179904475,12480.0,0,0,1,0,0,0,0,0,1,5305
945,0,2013-10-31,-0.433883739117558,-0.9009688679024191,-0.8660254037844386,0.5000000000000001,-0.867456354729597,0.4975132889071803,5305.0,4254.0,3356.0,3561.8571428571427,3895.0,1746.1454147704337,3576.5333333333333,4373.5,1793.4188066628365,12480.0,0,0,1,0,0,0,0,0,1,4940
945,0,2013-11-01,-0.9749279121818236,-0.2225209339563146,-0.5000000000000004,0.8660254037844384,-0.858763958275803,0.5123714121284235,4940.0,4143.0,4736.0,3696.8571428571427,3895.0,1832.9372082872367,3588.8333333333335,4373.5,1802.76552080089,12480.0,0,0,1,0,0,0,0,0,1,5088
945,0,2013-11-02,-0.7818314824680299,0.6234898018587334,-0.5000000000000004,0.8660254037844384,-0.8498170915275277,0.5270777086423724,5088.0,3895.0,2368.0,3545.285714285714,3558.0,1857.5251199993425,3683.3,4373.5,1678.1688737923596,12480.0,0,0,1,0,0,0,0,0,1,2834
945,0,2013-11-03,-2.4492935982947064e-16,1.0,-0.5000000000000004,0.8660254037844384,-0.8406184056344783,0.5416278206559811,2834.0,0.0,0.0,3545.285714285714,3558.0,1857.5251199993425,3528.6666666666665,4198.5,1796.6181321148013,12480.0,0,0,1,0,0,0,0,0,1,0
945,0,2013-11-04,0.7818314824680298,0.6234898018587336,-0.5000000000000004,0.8660254037844384,-0.8311706263658079,0.5560174366570446,0.0,3092.0,4820.0,3788.4285714285716,4794.0,1899.2273742360653,3534.5666666666666,4198.5,1800.6016175316156,12480.0,1,0,1,0,0,0,0,0,1,4794
945,0,2013-11-05,0.9749279121818236,-0.22252093395631434,-0.5000000000000004,0.8660254037844384,-0.8214765533024145,0.5702422926917867,4794.0,3558.0,4078.0,4058.1428571428573,4940.0,1992.8042577041554,3716.1,4373.5,1703.896191390333,12480.0,1,0,1,0,0,0,0,0,1,5446
945,0,2013-11-06,0.43388373911755823,-0.900968867902419,-0.5000000000000004,0.8660254037844384,-0.8115390590073611,0.5842981736283683,5446.0,5305.0,4582.0,3986.8571428571427,4806.0,1949.2168879297337,3684.133333333333,4373.5,1672.844361401043,12480.0,1,0,1,0,0,0,0,0,1,4806
945,0,2013-11-07,-0.433883739117558,-0.9009688679024191,-0.5000000000000004,0.8660254037844384,-0.8013610881746769,0.5981809144059159,4806.0,4940.0,4254.0,3885.0,4794.0,1909.3298126131413,3669.5,4240.5,1665.8647697320698,12480.0,1,0,1,0,0,0,0,0,1,4227
945,0,2013-11-08,-0.9749279121818236,-0.2225209339563146,-0.5000000000000004,0.8660254037844384,-0.7909456567567774,0.6118864012687242,4227.0,5088.0,4143.0,3950.1428571428573,4794.0,1964.2050494259697,3694.233333333333,4240.5,1688.611951571025,12480.0,1,0,1,0,0,0,0,0,1,5544
945,0,2013-11-09,-0.7818314824680299,0.6234898018587334,-0.5000000000000004,0.8660254037844384,-0.780295851070776,0.6254105729852457,5544.0,2834.0,3895.0,4289.285714285715,4806.0,1944.2184988906392,3711.0666666666666,4240.5,1701.4829015796238,12480.0,0,0,1,0,0,0,0,0,1,5208
945,0,2013-11-10,-2.4492935982947064e-16,1.0,-0.5000000000000004,0.8660254037844384,-0.7694148268839381,0.6387494220515268,5208.0,0.0,0.0,4289.285714285715,4806.0,1944.2184988906392,3561.3,4185.0,1823.6376332049576,12480.0,0,0,1,0,0,0,0,0,1,0
945,0,2013-11-11,0.7818314824680298,0.6234898018587336,-0.5000000000000004,0.8660254037844384,-0.7583058084785625,0.6518989958787125,0.0,4794.0,3092.0,4221.571428571428,4806.0,1931.9257971553372,3623.4666666666667,4240.5,1816.398079058992,12480.0,0,0,1,0,0,0,0,0,1,4320
945,0,2013-11-12,0.9749279121818236,-0.22252093395631434,-0.5000000000000004,0.8660254037844384,-0.7469720876965551,0.6648553979642867,4320.0,5446.0,3558.0,4016.714285714286,4320.0,1854.9462448892075,3757.2,4240.5,1683.2303384901882,12480.0,0,0,1,0,0,0,0,0,1,4012
945,0,2013-11-13,0.43388373911755823,-0.900968867902419,-0.5000000000000004,0.8660254037844384,-0.7354170229639858,0.6776147890466887,4012.0,4806.0,5305.0,3896.285714285714,4227.0,1822.2397129435444,3731.3333333333335,4185.0,1673.5571929757643,12480.0,0,0,1,0,0,0,0,0,1,3963
945,0,2013-11-14,-0.433883739117558,-0.9009688679024191,-0.5000000000000004,0.8660254037844384,-0.7236440382959123,0.690173388242972,3963.0,4227.0,4940.0,3823.714285714286,4012.0,1816.9818118962846,3689.2,4110.5,1656.785866337757,12480.0,0,0,1,0,0,0,0,0,1,3719
945,0,2013-11-15,-0.9749279121818236,-0.2225209339563146,-0.5000000000000004,0.8660254037844384,-0.7116566222817751,0.7025274741691566,3719.0,5544.0,5088.0,3638.8571428571427,4012.0,1672.9051007724488,3711.266666666667,4185.0,1659.797348106572,12480.0,0,0,1,0,0,0,0,0,1,4250
945,0,2013-11-16,-0.7818314824680299,0.6234898018587334,-0.5000000000000004,0.8660254037844384,-0.6994583270516471,0.7146733860429608,4250.0,5208.0,2834.0,3293.1428571428573,3963.0,1539.3066002339528,3692.3333333333335,4185.0,1667.2126508002827,12480.0,0,0,1,0,0,0,0,0,1,2788
945,0,2013-11-17,-2.4492935982947064e-16,1.0,-0.5000000000000004,0.8660254037844384,-0.6870527672236675,0.726607524768565,2788.0,0.0,0.0,3293.1428571428573,3963.0,1539.3066002339528,3534.4666666666667,4110.5,1785.0410163032832,12480.0,0,0,1,0,0,0,0,0,1,0
945,0,2013-11-18,0.7818314824680298,0.6234898018587336,-0.5000000000000004,0.8660254037844384,-0.6744436188329457,0.7383263540031063,0.0,4320.0,4794.0,3475.5714285714284,3963.0,1743.4233428461812,3642.1,4185.0,1809.4638441948146,12480.0,1,0,1,0,0,0,0,0,1,5597
945,0,2013-11-19,0.9749279121818236,-0.22252093395631434,-0.5000000000000004,0.8660254037844384,-0.661634618242279,0.749826401204568,5597.0,4012.0,5446.0,3601.1428571428573,3963.0,1818.5367220718447,3805.133333333333,4238.5,1686.1309053229104,12480.0,1,0,1,0,0,0,0,0,1,4891
945,0,2013-11-20,0.43388373911755823,-0.900968867902419,-0.5000000000000004,0.8660254037844384,-0.6486295610349818,0.7611042586607742,4891.0,3963.0,4806.0,3792.714285714286,4250.0,1930.2132623353407,3821.266666666667,4238.5,1698.446794175101,12480.0,1,0,1,0,0,0,0,0,1,5304
945,0,2013-11-21,-0.433883739117558,-0.9009688679024191,-0.5000000000000004,0.8660254037844384,-0.6354323008901775,0.7721565844991641,5304.0,3719.0,4227.0,3858.5714285714284,4250.0,1935.1371921341783,3824.6666666666665,4238.5,1699.0804274226027,12480.0,1,0,1,0,0,0,0,0,1,4180
945,0,2013-11-22,-0.9749279121818236,-0.2225209339563146,-0.5000000000000004,0.8660254037844384,-0.622046748440868,0.7829801036770625,4180.0,4250.0,5544.0,3884.8571428571427,4434.0,1942.5756466241262,3819.733333333333,4238.5,1697.0192718986434,12480.0,1,0,1,0,0,0,0,0,1,4434
945,0,2013-11-23,-0.7818314824680299,0.6234898018587334,-0.5000000000000004,0.8660254037844384,-0.6084768701151264,0.7935716089521472,4434.0,2788.0,5208.0,4008.5714285714284,4434.0,1887.8852240132655,3799.733333333333,4203.5,1695.2594945975052,12480.0,0,0,1,0,0,0,0,0,1,3654
945,0,2013-11-24,-2.4492935982947064e-16,1.0,-0.5000000000000004,0.8660254037844384,-0.594726686960764,0.8039279618328208,3654.0,0.0,0.0,4008.5714285714284,4434.0,1887.8852240132655,3661.633333333333,4203.5,1829.746835387124,12480.0,0,0,1,0,0,0,0,0,1,0
945,0,2013-11-25,0.7818314824680298,0.6234898018587336,-0.5000000000000004,0.8660254037844384,-0.5808002734538014,0.8140460935082175,0.0,5597.0,4320.0,3973.285714285714,4434.0,1855.27506624451,3710.133333333333,4238.5,1855.251497652065,12480.0,0,0,1,0,0,0,0,0,1,5350
945,0,2013-11-26,0.9749279121818236,-0.22252093395631434,-0.5000000000000004,0.8660254037844384,-0.5667017562911184,0.8239230057575536,5350.0,4891.0,4012.0,3954.4285714285716,4434.0,1845.035307443813,3868.766666666667,4285.0,1726.0367336030615,12480.0,0,0,1,0,0,0,0,0,1,4759
945,0,2013-11-27,0.43388373911755823,-0.900968867902419,-0.5000000000000004,0.8660254037844384,-0.5524353131676203,0.8335557718385695,4759.0,5304.0,3963.0,3826.0,4405.0,1764.990368245674,3912.5333333333333,4362.5,1722.3039447672757,12480.0,0,0,1,0,0,0,0,0,1,4405
945,0,2013-11-28,-0.433883739117558,-0.9009688679024191,-0.5000000000000004,0.8660254037844384,-0.5380051715382992,0.8429415373547832,4405.0,4180.0,3719.0,3953.0,4434.0,1825.6494734751248,3962.9,4419.5,1733.6349365144463,12480.0,0,0,1,0,0,0,0,0,1,5069
945,0,2013-11-29,-0.9749279121818236,-0.2225209339563146,-0.5000000000000004,0.8660254037844384,-0.5234156073655503,0.8520775211013093,5069.0,4434.0,4250.0,4114.571428571428,4759.0,1922.7767123912972,3971.5666666666666,4419.5,1741.2089673029172,12480.0,0,0,1,0,0,0,0,0,1,5565
945,0,2013-11-30,-0.7818314824680299,0.6234898018587334,-0.5000000000000004,0.8660254037844384,-0.5086709438521042,0.8609610158889945,5565.0,3654.0,2788.0,4236.857142857143,4759.0,1915.810657708761,3957.233333333333,4419.5,1734.7198458766075,12480.0,0,0,1,0,0,0,0,0,1,4510
945,0,2013-12-01,-2.4492935982947064e-16,1.0,-2.4492935982947064e-16,1.0,-0.4937755501599774,0.8695893893466109,4510.0,0.0,0.0,4236.857142857143,4759.0,1915.810657708761,3787.633333333333,4362.5,1864.241298636051,12480.0,0,0,1,0,0,0,0,0,1,0
945,0,2013-12-02,0.7818314824680298,0.6234898018587336,-2.4492935982947064e-16,1.0,-0.4787338401157883,0.8779600847008883,0.0,5350.0,5597.0,4590.142857142857,4759.0,2337.008089315013,3953.9333333333334,4419.5,1994.2293461529118,12480.0,1,0,1,0,0,0,0,0,1,7823
945,0,2013-12-03,0.9749279121818236,-0.22252093395631434,-2.4492935982947064e-16,1.0,-0.4635502709028512,0.8860706215341377,7823.0,4759.0,4891.0,4886.428571428572,5069.0,2488.5417320955153,4181.7,4472.0,1915.730492707587,12480.0,1,0,1,0,0,0,0,0,1,6833
945,0,2013-12-04,0.43388373911755823,-0.900968867902419,-2.4492935982947064e-16,1.0,-0.4482293417404106,0.893918596519257,6833.0,4405.0,5304.0,5328.285714285715,5565.0,2657.6589770125192,4271.833333333333,4472.0,2006.9696677145962,12480.0,1,0,1,0,0,0,0,0,1,7498
945,0,2013-12-05,-0.433883739117558,-0.9009688679024191,-2.4492935982947064e-16,1.0,-0.4327755925504317,0.9015016841318838,7498.0,5069.0,4180.0,5551.428571428572,6631.0,2697.5357184624904,4311.333333333333,4472.0,2042.227339388817,12480.0,1,0,1,0,0,0,0,0,1,6631
945,0,2013-12-06,-0.9749279121818236,-0.2225209339563146,-2.4492935982947064e-16,1.0,-0.41719360261231697,0.9088176373395028,6631.0,5565.0,4434.0,5355.285714285715,6631.0,2745.8681513797956,4290.866666666667,4419.5,2040.1746161463277,12480.0,1,0,1,0,0,0,0,0,1,4192
945,0,2013-12-07,-0.7818314824680299,0.6234898018587334,-2.4492935982947064e-16,1.0,-0.4014879892059737,0.9158642882672868,4192.0,4510.0,3654.0,5212.857142857143,6631.0,2821.8273883290244,4267.066666666667,4419.5,2045.1040431054937,12480.0,0,0,1,0,0,0,0,0,1,3513
945,0,2013-12-08,-2.4492935982947064e-16,1.0,-2.4492935982947064e-16,1.0,-0.38566340624360745,0.9226395488404875,3513.0,0.0,0.0,5212.857142857143,6631.0,2821.8273883290244,4082.266666666667,4362.5,2172.2690652757597,12480.0,0,0,1,0,0,0,0,0,1,0
945,0,2013-12-09,0.7818314824680298,0.6234898018587336,-2.4492935982947064e-16,1.0,-0.3697245428906732,0.9291414114031743,0.0,7823.0,5350.0,4858.285714285715,5341.0,2585.2075167695725,4086.7,4362.5,2174.7800388180362,12480.0,0,0,1,0,0,0,0,0,1,5341
945,0,2013-12-10,0.9749279121818236,-0.22252093395631434,-2.4492935982947064e-16,1.0,-0.3536761221763721,0.935367949313148,5341.0,6833.0,4759.0,4549.285714285715,4670.0,2434.7270698708517,4242.366666666667,4419.5,2034.8052263534714,12480.0,0,0,1,0,0,0,0,0,1,4670
945,0,2013-12-11,0.43388373911755823,-0.900968867902419,-2.4492935982947064e-16,1.0,-0.33752289959411347,0.941317317512847,4670.0,7498.0,4405.0,4306.0,4670.0,2160.6306178212567,4291.533333333334,4472.0,2054.4708142090462,12480.0,0,0,1,0,0,0,0,0,1,5795
945,0,2013-12-12,-0.433883739117558,-0.9009688679024191,-2.4492935982947064e-16,1.0,-0.32126966169236515,0.946987753076075,5795.0,6631.0,5069.0,4059.1428571428573,4670.0,1937.9612507797494,4321.233333333334,4590.0,2056.729487574258,12480.0,0,0,1,0,0,0,0,0,1,4903
945,0,2013-12-13,-0.9749279121818236,-0.2225209339563146,-2.4492935982947064e-16,1.0,-0.3049212246562894,0.9523775757303973,4903.0,4192.0,5565.0,4162.428571428572,4903.0,1965.295894358138,4352.966666666666,4714.5,2058.3552771876957,12480.0,0,0,1,0,0,0,0,0,1,4915
945,0,2013-12-14,-0.7818314824680299,0.6234898018587334,-2.4492935982947064e-16,1.0,-0.2884824328806098,0.9574851883550389,4915.0,3513.0,4510.0,4216.571428571428,4903.0,1949.5803699893008,4358.733333333334,4714.5,2056.7596364910632,12480.0,0,0,1,0,0,0,0,0,1,3892
945,0,2013-12-15,-2.4492935982947064e-16,1.0,-2.4492935982947064e-16,1.0,-0.27195815753410524,0.9623090774541487,3892.0,0.0,0.0,4216.571428571428,4903.0,1949.5803699893008,4217.066666666667,4714.5,2205.4962368081046,12480.0,0,0,1,0,0,0,0,0,1,0
945,0,2013-12-16,0.7818314824680298,0.6234898018587336,-2.4492935982947064e-16,1.0,-0.2553532951161881,0.9668478136052773,0.0,5341.0,7823.0,4728.714285714285,4903.0,2642.0802229988967,4421.666666666667,4825.0,2348.4270793717305,12480.0,1,0,1,0,0,0,0,0,1,8926
945,0,2013-12-17,0.9749279121818236,-0.22252093395631434,-2.4492935982947064e-16,1.0,-0.23867276600594997,0.9711000518829505,8926.0,4670.0,6833.0,5192.285714285715,4915.0,2901.959321693172,4685.5,4897.0,2278.097992957555,12480.0,1,0,1,0,0,0,0,0,1,7915
945,0,2013-12-18,0.43388373911755823,-0.900968867902419,-2.4492935982947064e-16,1.0,-0.22192151300416674,0.9750645322571945,7915.0,5795.0,7498.0,5564.428571428572,4915.0,3148.6754282366005,4778.933333333333,4897.0,2372.3040442070064,12480.0,1,0,1,0,0,0,0,0,1,8400
945,0,2013-12-19,-0.433883739117558,-0.9009688679024191,-2.4492935982947064e-16,1.0,-0.20510449986861926,0.9787400799669153,8400.0,4903.0,6631.0,5903.857142857143,7279.0,3193.2409570096324,4858.533333333334,4909.0,2415.8575079773586,12480.0,1,0,1,0,0,0,0,0,1,7279
945,0,2013-12-20,-0.9749279121818236,-0.2225209339563146,-2.4492935982947064e-16,1.0,-0.1882267098432439,0.9821256058680006,7279.0,4915.0,4192.0,6327.857142857143,7883.0,3236.8055975282878,4944.5,4909.0,2477.3589072180102,12480.0,1,0,1,0,0,0,0,0,1,7883
945,0,2013-12-21,-0.7818314824680299,0.6234898018587334,-2.4492935982947064e-16,1.0,-0.1712931441814778,0.9852201067560606,7883.0,3892.0,3513.0,6580.428571428572,7883.0,3080.2475472567025,4993.833333333333,4992.0,2476.345849102628,12480.0,0,0,1,0,0,0,0,0,1,5660
945,0,2013-12-22,-2.4492935982947064e-16,1.0,-2.4492935982947064e-16,1.0,-0.154308820664281,0.9880226656636976,5660.0,0.0,0.0,6580.428571428572,7883.0,3080.2475472567025,4846.033333333334,4992.0,2637.958895961347,12480.0,0,0,1,0,0,0,0,0,1,0
945,0,2013-12-23,0.7818314824680298,0.6234898018587336,-2.4492935982947064e-16,1.0,-0.13727877211326517,0.9905324521322227,0.0,8926.0,5341.0,6823.857142857143,7883.0,3351.86691405309,5078.566666666667,5205.0,2829.750576108874,12480.0,0,0,1,0,0,0,0,0,1,10630
945,0,2013-12-24,0.9749279121818236,-0.22252093395631434,-2.4492935982947064e-16,1.0,-0.12020804489935275,0.9927487224577402,10630.0,7915.0,4670.0,6320.285714285715,7279.0,3424.617969656648,5224.9,5205.0,2666.8917895635323,12480.0,0,0,1,0,0,0,0,0,1,4390
945,0,2013-12-25,0.43388373911755823,-0.900968867902419,-2.4492935982947064e-16,1.0,-0.10310169744743544,0.9946708199115211,4390.0,8400.0,5795.0,5120.285714285715,5660.0,3998.100578786786,5046.566666666667,4992.0,2832.0023948379385,12480.0,0,0,1,0,0,0,0,0,1,0
945,0,2013-12-26,-0.433883739117558,-0.9009688679024191,-2.4492935982947064e-16,1.0,-0.0859647987374467,0.9962981749346077,0.0,7279.0,4903.0,4080.4285714285716,4390.0,4279.739238829973,4887.933333333333,4992.0,2978.179806680507,12480.0,0,0,1,0,0,0,0,0,1,0
945,0,2013-12-27,-0.9749279121818236,-0.2225209339563146,-2.4492935982947064e-16,1.0,-0.06880242680232064,0.9976303053065857,0.0,7883.0,4915.0,3666.0,4390.0,3980.1179212011643,4907.166666666667,5025.5,2976.816282231895,12480.0,0,0,1,0,0,0,0,0,1,4982
945,0,2013-12-28,-0.7818314824680299,0.6234898018587334,-2.4492935982947064e-16,1.0,-0.05161966722325418,0.9986668162884759,4982.0,5660.0,3892.0,3246.1428571428573,2721.0,3888.6814572796384,4828.9,4948.5,3003.164909293826,12480.0,0,0,1,0,0,0,0,0,1,2721
945,0,2013-12-29,-2.4492935982947064e-16,1.0,-2.4492935982947064e-16,1.0,-0.034421611622745804,0.9994074007397048,2721.0,0.0,0.0,3246.1428571428573,2721.0,3888.6814572796384,4643.4,4909.0,3125.507457832331,12480.0,0,0,1,0,0,0,0,0,1,0
945,0,2013-12-30,0.7818314824680298,0.6234898018587336,-2.4492935982947064e-16,1.0,-0.01721335615583528,0.9998518392091162,0.0,10630.0,8926.0,2486.0,2721.0,2463.749649078282,4670.033333333334,4948.5,3127.7349795497144,12480.0,0,0,1,0,0,0,0,0,1,5309
945,0,2013-12-31,0.9749279121818236,-0.22252093395631434,-2.4492935982947064e-16,1.0,6.432490598706546e-16,1.0,5309.0,4390.0,7915.0,2247.4285714285716,2720.0,2325.636103459506,4760.7,4948.5,3025.4430413662926,12480.0,0,0,1,0,0,0,0,0,1,2720
945,0,2014-01-01,0.43388373911755823,-0.900968867902419,0.49999999999999994,0.8660254037844387,0.017213356155834685,0.9998518392091162,2720.0,0.0,8400.0,2247.4285714285716,2720.0,2325.636103459506,4499.933333333333,4909.0,3088.870275943811,12480.0,0,0,1,0,0,0,0,0,1,0
945,0,2014-01-02,-0.433883739117558,-0.9009688679024191,0.49999999999999994,0.8660254037844387,0.03442161162274574,0.9994074007397048,0.0,0.0,7279.0,2855.0,2721.0,2192.3685821503695,4413.933333333333,4786.5,3057.4294131004813,12480.0,0,0,1,0,0,0,0,0,1,4253
945,0,2014-01-03,-0.9749279121818236,-0.2225209339563146,0.49999999999999994,0.8660254037844387,0.051619667223253764,0.998666816288476,4253.0,4982.0,7883.0,2717.5714285714284,2721.0,2063.1597819156686,4298.0,4530.0,3001.889427998812,12480.0,0,0,1,0,0,0,0,0,1,4020
945,0,2014-01-04,-0.7818314824680299,0.6234898018587334,0.49999999999999994,0.8660254037844387,0.06880242680231986,0.9976303053065857,4020.0,2721.0,5660.0,2706.1428571428573,2720.0,2063.359189006404,4165.0,4321.5,2983.29229150476,12480.0,0,0,1,0,0,0,0,0,1,2641
945,0,2014-01-05,-2.4492935982947064e-16,1.0,0.49999999999999994,0.8660254037844387,0.08596479873744647,0.9962981749346078,2641.0,0.0,0.0,2706.1428571428573,2720.0,2063.359189006404,4025.266666666667,4321.5,3078.634313584777,12480.0,0,0,1,0,0,0,0,0,1,0
945,0,2014-01-06,0.7818314824680298,0.6234898018587336,0.49999999999999994,0.8660254037844387,0.10310169744743485,0.9946708199115211,0.0,5309.0,10630.0,2746.4285714285716,2720.0,2124.495301410269,4094.5333333333333,4530.0,3090.0667076086343,12480.0,1,0,1,0,0,0,0,0,1,5591
945,0,2014-01-07,0.9749279121818236,-0.22252093395631434,0.49999999999999994,0.8660254037844387,0.1202080448993527,0.9927487224577402,5591.0,2720.0,4390.0,3118.1428571428573,4020.0,2336.184598055234,4271.933333333333,4786.5,2998.2995402950205,12480.0,1,0,1,0,0,0,0,0,1,5322
945,0,2014-01-08,0.43388373911755823,-0.900968867902419,0.49999999999999994,0.8660254037844387,0.13727877211326478,0.9905324521322229,5322.0,0.0,0.0,3735.1428571428573,4253.0,1906.1729047641913,4237.866666666667,4530.0,2991.532299483088,12480.0,1,0,1,0,0,0,0,0,1,4319
945,0,2014-01-09,-0.433883739117558,-0.9009688679024191,0.49999999999999994,0.8660254037844387,0.15430882066428117,0.9880226656636976,4319.0,4253.0,0.0,3804.285714285714,4319.0,1936.622809109176,4240.1,4563.5,2991.8910217798534,12480.0,1,0,1,0,0,0,0,0,1,4737
945,0,2014-01-10,-0.9749279121818236,-0.2225209339563146,0.49999999999999994,0.8660254037844387,0.1712931441814776,0.9852201067560606,4737.0,4020.0,4982.0,3855.285714285714,4377.0,1947.918094982927,4192.833333333333,4383.5,2977.6463058913673,12480.0,1,0,1,0,0,0,0,0,1,4377
945,0,2014-01-11,-0.7818314824680299,0.6234898018587334,0.49999999999999994,0.8660254037844387,0.1882267098432442,0.9821256058680006,4377.0,2641.0,2721.0,3836.1428571428573,4377.0,1962.4444305144423,4112.966666666666,4348.0,2990.0483502414486,12480.0,0,0,1,0,0,0,0,0,1,2507
945,0,2014-01-12,-2.4492935982947064e-16,1.0,0.49999999999999994,0.8660254037844387,0.2051044998686192,0.9787400799669153,2507.0,0.0,0.0,3836.1428571428573,4377.0,1962.4444305144423,3949.133333333333,4286.0,3077.9487205664723,12480.0,0,0,1,0,0,0,0,0,1,0
945,0,2014-01-13,0.7818314824680298,0.6234898018587336,0.49999999999999994,0.8660254037844387,0.22192151300416552,0.9750645322571948,0.0,5591.0,5309.0,3586.0,4319.0,1806.9135747640728,3947.4,4286.0,3077.9966458273043,12480.0,0,0,1,0,0,0,0,0,1,3840
945,0,2014-01-14,0.9749279121818236,-0.22252093395631434,0.49999999999999994,0.8660254037844387,0.2386727660059501,0.9711000518829505,3840.0,5322.0,2720.0,3396.714285714286,3997.0,1658.0129386593821,4080.633333333333,4286.0,2986.381716638257,12480.0,0,0,1,0,0,0,0,0,1,3997
945,0,2014-01-15,0.43388373911755823,-0.900968867902419,0.49999999999999994,0.8660254037844387,0.255353295116187,0.9668478136052775,3997.0,4319.0,0.0,3348.1428571428573,3979.0,1631.2557972894663,3915.733333333333,4136.5,2842.7329484304278,12480.0,0,0,1,0,0,0,0,0,1,3979
945,0,2014-01-16,-0.433883739117558,-0.9009688679024191,0.49999999999999994,0.8660254037844387,0.2719581575341055,0.9623090774541486,3979.0,4737.0,4253.0,3168.285714285714,3840.0,1518.0838486159416,3767.8333333333335,4008.5,2741.092358183495,12480.0,0,0,1,0,0,0,0,0,1,3478
945,0,2014-01-17,-0.9749279121818236,-0.2225209339563146,0.49999999999999994,0.8660254037844387,0.288482432880609,0.9574851883550393,3478.0,4377.0,4020.0,3095.5714285714284,3840.0,1461.6810934836772,3616.766666666667,3988.0,2598.1589195552237,12480.0,0,0,1,0,0,0,0,0,1,3868
945,0,2014-01-18,-0.7818314824680299,0.6234898018587334,0.49999999999999994,0.8660254037844387,0.30492122465628907,0.9523775757303974,3868.0,2507.0,2641.0,3099.714285714286,3840.0,1459.774721693473,3458.6666666666665,3923.5,2510.4519353176697,12480.0,0,0,1,0,0,0,0,0,1,2536
945,0,2014-01-19,-2.4492935982947064e-16,1.0,0.49999999999999994,0.8660254037844387,0.3212696616923644,0.9469877530760753,2536.0,0.0,0.0,3099.714285714286,3840.0,1459.774721693473,3195.9,3854.0,2443.0404932632905,12480.0,0,0,1,0,0,0,0,0,1,0
945,0,2014-01-20,0.7818314824680298,0.6234898018587336,0.49999999999999994,0.8660254037844387,0.3375228995941133,0.9413173175128471,0.0,3840.0,5591.0,3322.4285714285716,3868.0,1691.9975233574175,3187.2,3854.0,2434.412403789494,12480.0,1,0,1,0,0,0,0,0,1,5399
945,0,2014-01-21,0.9749279121818236,-0.22252093395631434,0.49999999999999994,0.8660254037844387,0.3536761221763716,0.9353679493131483,5399.0,3997.0,5322.0,3304.1428571428573,3868.0,1684.165810183336,3316.1666666666665,3868.5,2361.1232289524523,12480.0,1,0,1,0,0,0,0,0,1,3869
945,0,2014-01-22,0.43388373911755823,-0.900968867902419,0.49999999999999994,0.8660254037844387,0.3697245428906731,0.9291414114031743,3869.0,3979.0,4319.0,3348.8571428571427,3868.0,1709.0407083674627,3104.9,3868.5,1927.9546845082345,12480.0,1,0,1,0,0,0,0,0,1,4292
945,0,2014-01-23,-0.433883739117558,-0.9009688679024191,0.49999999999999994,0.8660254037844387,0.38566340624360707,0.9226395488404876,4292.0,3478.0,4737.0,3467.4285714285716,3869.0,1747.8455173100872,3102.1666666666665,3868.5,1926.1271860346124,12480.0,1,0,1,0,0,0,0,0,1,4308
945,0,2014-01-24,-0.9749279121818236,-0.2225209339563146,0.49999999999999994,0.8660254037844387,0.401487989205973,0.9158642882672872,4308.0,3868.0,4377.0,3498.8571428571427,4088.0,1758.1960858193518,3238.4333333333334,3924.0,1841.8542321920272,12480.0,1,0,1,0,0,0,0,0,1,4088
945,0,2014-01-25,-0.7818314824680299,0.6234898018587334,0.49999999999999994,0.8660254037844387,0.4171936026123168,0.9088176373395029,4088.0,2536.0,2507.0,3470.285714285714,4088.0,1777.9646335333139,3316.3,3924.0,1747.169358981985,12480.0,0,0,1,0,0,0,0,0,1,2336
945,0,2014-01-26,-2.4492935982947064e-16,1.0,0.49999999999999994,0.8660254037844387,0.4327755925504312,0.901501684131884,2336.0,0.0,0.0,3470.285714285714,4088.0,1777.9646335333139,3150.233333333333,3868.5,1818.6900113739198,12480.0,0,0,1,0,0,0,0,0,1,0
945,0,2014-01-27,0.7818314824680298,0.6234898018587336,0.49999999999999994,0.8660254037844387,0.4482293417404106,0.893918596519257,0.0,5399.0,3840.0,3264.4285714285716,3958.0,1591.0287926519854,3191.4666666666667,3913.5,1822.6412008748293,12480.0,0,0,1,0,0,0,0,0,1,3958
945,0,2014-01-28,0.9749279121818236,-0.22252093395631434,0.49999999999999994,0.8660254037844387,0.4635502709028509,0.886070621534138,3958.0,3869.0,3997.0,3240.0,3958.0,1581.4832700137392,3314.733333333333,3913.5,1721.605945007469,12480.0,0,0,1,0,0,0,0,0,1,3698
945,0,2014-01-29,0.43388373911755823,-0.900968867902419,0.49999999999999994,0.8660254037844387,0.47873384011578846,0.8779600847008882,3698.0,4292.0,3979.0,3113.285714285714,3698.0,1517.38049658897,3251.266666666667,3868.5,1680.1487194710571,12480.0,0,0,1,0,0,0,0,0,1,3405
945,0,2014-01-30,-0.433883739117558,-0.9009688679024191,0.49999999999999994,0.8660254037844387,0.4937755501599772,0.869589389346611,3405.0,4308.0,3478.0,3075.285714285714,3698.0,1485.4697028533622,3295.3333333333335,3913.5,1683.0683255607155,12480.0,0,0,1,0,0,0,0,0,1,4042
945,0,2014-01-31,-0.9749279121818236,-0.2225209339563146,0.49999999999999994,0.8660254037844387,0.5086709438521044,0.8609610158889943,4042.0,4088.0,3868.0,3181.4285714285716,3698.0,1592.5765138231095,3456.366666666667,3968.5,1585.1677705907164,12480.0,0,0,1,0,0,0,0,0,1,4831
945,0,2014-02-01,-0.7818314824680299,0.6234898018587334,0.8660254037844386,0.5000000000000001,0.5234156073655503,0.8520775211013093,4831.0,2336.0,2536.0,3206.0,3698.0,1578.6244011797157,3398.2,3913.5,1586.9426558963783,12480.0,0,0,1,0,0,0,0,0,1,2508
945,0,2014-02-02,-2.4492935982947064e-16,1.0,0.8660254037844386,0.5000000000000001,0.5380051715382996,0.8429415373547828,2508.0,0.0,0.0,3206.0,3698.0,1578.6244011797157,3264.2,3868.5,1698.434073918761,12480.0,0,0,1,0,0,0,0,0,1,0
945,0,2014-02-03,0.7818314824680298,0.6234898018587336,0.8660254037844386,0.5000000000000001,0.5524353131676196,0.8335557718385699,0.0,3958.0,5399.0,3493.8571428571427,3698.0,1891.3435637637308,3375.266666666667,3913.5,1763.9573052408741,12480.0,1,0,1,0,0,0,0,0,1,5973
945,0,2014-02-04,0.9749279121818236,-0.22252093395631434,0.8660254037844386,0.5000000000000001,0.5667017562911176,0.8239230057575542,5973.0,3698.0,3869.0,3656.4285714285716,4042.0,1959.4960965464982,3536.4666666666667,3968.5,1662.9488708695883,12480.0,1,0,1,0,0,0,0,0,1,4836
945,0,2014-02-05,0.43388373911755823,-0.900968867902419,0.8660254037844386,0.5000000000000001,0.5808002734538009,0.8140460935082178,4836.0,3405.0,4292.0,3791.4285714285716,4350.0,1971.801194943588,3495.1,3968.5,1625.0831564929972,12480.0,1,0,1,0,0,0,0,0,1,4350
945,0,2014-02-06,-0.433883739117558,-0.9009688679024191,0.8660254037844386,0.5000000000000001,0.5947266869607634,0.8039279618328213,4350.0,4042.0,4308.0,3860.4285714285716,4525.0,1990.3941701032388,3468.5333333333333,3968.5,1600.5162902645823,12480.0,1,0,1,0,0,0,0,0,1,4525
945,0,2014-02-07,-0.9749279121818236,-0.2225209339563146,0.8660254037844386,0.5000000000000001,0.6084768701151261,0.7935716089521474,4525.0,4831.0,4088.0,3770.1428571428573,4350.0,1953.0136907329875,3464.5333333333333,3968.5,1598.466155592515,12480.0,1,0,1,0,0,0,0,0,1,4199
945,0,2014-02-08,-0.7818314824680299,0.6234898018587334,0.8660254037844386,0.5000000000000001,0.6220467484408675,0.7829801036770629,4199.0,2508.0,2336.0,3771.714285714286,4350.0,1951.8329602611784,3390.6,3913.5,1588.846959926905,12480.0,0,0,1,0,0,0,0,0,1,2519
945,0,2014-02-09,-2.4492935982947064e-16,1.0,0.8660254037844386,0.5000000000000001,0.6354323008901774,0.7721565844991642,2519.0,0.0,0.0,3771.714285714286,4350.0,1951.8329602611782,3244.7,3868.5,1692.7144523638303,12480.0,0,0,1,0,0,0,0,0,1,0
945,0,2014-02-10,0.7818314824680298,0.6234898018587336,0.8660254037844386,0.5000000000000001,0.6486295610349814,0.7611042586607747,0.0,5973.0,3958.0,3437.4285714285716,4199.0,1695.5464072232385,3282.233333333333,3868.5,1688.2708698206754,12480.0,0,0,1,0,0,0,0,0,1,3633
945,0,2014-02-11,0.9749279121818236,-0.22252093395631434,0.8660254037844386,0.5000000000000001,0.6616346182422783,0.7498264012045686,3633.0,4836.0,3698.0,3319.0,4007.0,1608.2857333198021,3415.8,3913.5,1574.3036424466188,12480.0,0,0,1,0,0,0,0,0,1,4007
945,0,2014-02-12,0.43388373911755823,-0.900968867902419,0.8660254037844386,0.5000000000000001,0.6744436188329455,0.7383263540031065,4007.0,4350.0,3405.0,3256.285714285714,3911.0,1569.4728110935594,3418.1666666666665,3934.5,1575.0165425148407,12480.0,0,0,1,0,0,0,0,0,1,3911
945,0,2014-02-13,-0.433883739117558,-0.9009688679024191,0.8660254037844386,0.5000000000000001,0.6870527672236669,0.7266075247685656,3911.0,4525.0,4042.0,3188.4285714285716,3911.0,1514.7928194028057,3419.9333333333334,3934.5,1575.7177660231291,12480.0,0,0,1,0,0,0,0,0,1,4050
945,0,2014-02-14,-0.9749279121818236,-0.2225209339563146,0.8660254037844386,0.5000000000000001,0.6994583270516471,0.7146733860429609,4050.0,4199.0,4831.0,3197.714285714286,3911.0,1522.201225669125,3429.4333333333334,3934.5,1580.0577615660316,12480.0,0,0,1,0,0,0,0,0,1,4264
945,0,2014-02-15,-0.7818314824680299,0.6234898018587334,0.8660254037844386,0.5000000000000001,0.7116566222817746,0.702527474169157,4264.0,2519.0,2508.0,3230.5714285714284,3911.0,1507.5207966661578,3405.133333333333,3934.5,1584.8834338368786,12480.0,0,0,1,0,0,0,0,0,1,2749
945,0,2014-02-16,-2.4492935982947064e-16,1.0,0.8660254037844386,0.5000000000000001,0.7236440382959124,0.6901733882429719,2749.0,0.0,0.0,3230.5714285714284,3911.0,1507.5207966661578,3276.2,3934.5,1699.1456555047573,12480.0,0,0,1,0,0,0,0,0,1,0
945,0,2014-02-17,0.7818314824680298,0.6234898018587336,0.8660254037844386,0.5000000000000001,0.7354170229639855,0.6776147890466889,0.0,3633.0,5973.0,3527.5714285714284,4007.0,1780.1586874155248,3382.0666666666666,3982.5,1749.6282941859658,12480.0,1,0,1,0,0,0,0,0,1,5712
945,0,2014-02-18,0.9749279121818236,-0.22252093395631434,0.8660254037844386,0.5000000000000001,0.7469720876965552,0.6648553979642865,5712.0,4007.0,4836.0,3612.5714285714284,4050.0,1820.6116057653896,3535.4666666666667,4024.5,1641.2641413280178,12480.0,1,0,1,0,0,0,0,0,1,4602
945,0,2014-02-19,0.43388373911755823,-0.900968867902419,0.8660254037844386,0.5000000000000001,0.7583058084785625,0.6518989958787126,4602.0,3911.0,4350.0,3647.1428571428573,4153.0,1829.4988775227916,3493.9333333333334,4024.5,1607.9064549332752,12480.0,1,0,1,0,0,0,0,0,1,4153
945,0,2014-02-20,-0.433883739117558,-0.9009688679024191,0.8660254037844386,0.5000000000000001,0.7694148268839378,0.6387494220515272,4153.0,4050.0,4525.0,3702.285714285714,4264.0,1849.3743729782193,3512.8333333333335,4046.0,1615.7802659446277,12480.0,1,0,1,0,0,0,0,0,1,4436
945,0,2014-02-21,-0.9749279121818236,-0.2225209339563146,0.8660254037844386,0.5000000000000001,0.7802958510707755,0.6254105729852463,4436.0,4264.0,4199.0,3719.0,4381.0,1855.814645916992,3515.8,4046.0,1617.3411428680697,12480.0,1,0,1,0,0,0,0,0,1,4381
945,0,2014-02-22,-0.7818314824680299,0.6234898018587334,0.8660254037844386,0.5000000000000001,0.7909456567567772,0.6118864012687243,4381.0,2749.0,2519.0,3706.714285714286,4381.0,1863.574854438439,3460.9666666666667,4024.5,1617.4422653093977,12480.0,0,0,1,0,0,0,0,0,1,2663
945,0,2014-02-23,-2.4492935982947064e-16,1.0,0.8660254037844386,0.5000000000000001,0.8013610881746766,0.5981809144059164,2663.0,0.0,0.0,3706.714285714286,4381.0,1863.574854438439,3324.7,3982.5,1731.0105310542426,12480.0,0,0,1,0,0,0,0,0,1,0
945,0,2014-02-24,0.7818314824680298,0.6234898018587336,0.8660254037844386,0.5000000000000001,0.8115390590073611,0.5842981736283683,0.0,5712.0,3633.0,3450.0,4153.0,1653.1971046026786,3377.3333333333335,3982.5,1723.902396095663,12480.0,0,0,1,0,0,0,0,0,1,3915
945,0,2014-02-25,0.9749279121818236,-0.22252093395631434,0.8660254037844386,0.5000000000000001,0.8214765533024142,0.5702422926917871,3915.0,4602.0,4007.0,3296.4285714285716,3915.0,1576.4992712909725,3494.9,3982.5,1601.5585803232104,12480.0,0,0,1,0,0,0,0,0,1,3527
945,0,2014-02-26,0.43388373911755823,-0.900968867902419,0.8660254037844386,0.5000000000000001,0.8311706263658079,0.5560174366570446,3527.0,4153.0,3911.0,3235.4285714285716,3726.0,1545.793739706013,3487.1666666666665,3961.0,1599.8044941617807,12480.0,0,0,1,0,0,0,0,0,1,3726
945,0,2014-02-27,-0.433883739117558,-0.9009688679024191,0.8660254037844386,0.5000000000000001,0.8406184056344782,0.5416278206559814,3726.0,4436.0,4050.0,3140.1428571428573,3726.0,1478.5488864166196,3489.5333333333333,3961.0,1600.1796177915164,12480.0,0,0,1,0,0,0,0,0,1,3769
945,0,2014-02-28,-0.9749279121818236,-0.2225209339563146,0.8660254037844386,0.5000000000000001,0.8498170915275278,0.5270777086423722,3769.0,4381.0,4264.0,3120.1428571428573,3726.0,1459.7945550169584,3517.4,4024.5,1605.9257637327732,12480.0,0,0,1,0,0,0,0,0,1,4241
945,0,2014-03-01,-0.7818314824680299,0.6234898018587334,1.0,6.123233995736766e-17,0.8587639582758029,0.5123714121284237,4241.0,2663.0,2749.0,3159.1428571428573,3726.0,1449.1539403587042,3480.5333333333333,3961.0,1606.1624372125768,12480.0,0,0,1,0,0,0,0,0,1,2936
945,0,2014-03-02,-2.4492935982947064e-16,1.0,1.0,6.123233995736766e-17,0.8674563547295968,0.49751328890718066,2936.0,0.0,0.0,3159.1428571428573,3726.0,1449.1539403587042,3319.5,3913.0,1705.218921125824,12480.0,0,0,1,0,0,0,0,0,1,0
945,0,2014-03-03,0.7818314824680298,0.6234898018587336,1.0,6.123233995736766e-17,0.8758917051442429,0.48250774176121847,0.0,3915.0,5712.0,3429.8571428571427,3726.0,1757.9819328396097,3429.5666666666666,3961.0,1756.8191609746912,12480.0,1,0,1,0,0,0,0,0,1,5810
945,0,2014-03-04,0.9749279121818236,-0.22252093395631434,1.0,6.123233995736766e-17,0.8840675099433636,0.46735921715800227,5810.0,3527.0,4602.0,3642.1428571428573,3769.0,1858.5142299313059,3596.6666666666665,4028.5,1654.8117370436653,12480.0,1,0,1,0,0,0,0,0,1,5013
945,0,2014-03-05,0.43388373911755823,-0.900968867902419,1.0,6.123233995736766e-17,0.8919813464595485,0.45207220393230435,5013.0,3726.0,4153.0,3759.8571428571427,4241.0,1890.530210335314,3549.233333333333,4028.5,1603.9610598793215,12480.0,1,0,1,0,0,0,0,0,1,4550
945,0,2014-03-06,-0.433883739117558,-0.9009688679024191,1.0,6.123233995736766e-17,0.8996308696522433,0.43665123195606403,4550.0,3769.0,4436.0,3874.0,4550.0,1915.1343730053713,3540.3,4028.5,1597.2796302593297,12480.0,1,0,1,0,0,0,0,0,1,4568
945,0,2014-03-07,-0.9749279121818236,-0.2225209339563146,1.0,6.123233995736766e-17,0.9070138128026359,0.4211008707960896,4568.0,4241.0,4381.0,3897.714285714286,4550.0,1921.4535048833684,3542.2,4028.5,1598.3095682195205,12480.0,1,0,1,0,0,0,0,0,1,4407
945,0,2014-03-08,-0.7818314824680299,0.6234898018587334,1.0,6.123233995736766e-17,0.9141279881853337,0.40542572835999735,4407.0,2936.0,2663.0,3874.4285714285716,4550.0,1935.9835447942978,3483.8,3961.0,1593.1606711621816,12480.0,0,0,1,0,0,0,0,0,1,2773
945,0,2014-03-09,-2.4492935982947064e-16,1.0,1.0,6.123233995736766e-17,0.9209712877166346,0.38963044953078796,2773.0,0.0,0.0,3874.4285714285716,4550.0,1935.9835447942978,3343.8333333333335,3913.0,1708.4404883691013,12480.0,0,0,1,0,0,0,0,0,1,0
945,0,2014-03-10,0.7818314824680298,0.6234898018587336,1.0,6.123233995736766e-17,0.9275416835791966,0.37371971479046906,0.0,5810.0,3915.0,3563.714285714286,4407.0,1737.9719708408948,3381.0333333333333,3913.0,1701.9989360046388,12480.0,0,0,1,0,0,0,0,0,1,3635
945,0,2014-03-11,0.9749279121818236,-0.22252093395631434,1.0,6.123233995736766e-17,0.9338372288229252,0.35769823883312546,3635.0,5013.0,3527.0,3376.714285714286,3704.0,1622.6391788570616,3504.5,3913.0,1578.113359636142,12480.0,0,0,1,0,0,0,0,0,1,3704
945,0,2014-03-12,0.43388373911755823,-0.900968867902419,1.0,6.123233995736766e-17,0.9398560579418954,0.3415707691678556,3704.0,4550.0,3726.0,3194.285714285714,3635.0,1538.3402001600907,3492.5,3913.0,1578.471232247989,12480.0,0,0,1,0,0,0,0,0,1,3273
945,0,2014-03-13,-0.433883739117558,-0.9009688679024191,1.0,6.123233995736766e-17,0.9455963874271426,0.3253420847119801,3273.0,4568.0,3769.0,3051.0,3565.0,1432.1060249390353,3477.766666666667,3840.0,1575.5634500258861,12480.0,0,0,1,0,0,0,0,0,1,3565
945,0,2014-03-14,-0.9749279121818236,-0.2225209339563146,1.0,6.123233995736766e-17,0.9510565162951535,0.30901699437494745,3565.0,4407.0,4241.0,2988.285714285714,3565.0,1371.142311394137,3479.6666666666665,3842.0,1576.1381729499121,12480.0,0,0,1,0,0,0,0,0,1,3968
945,0,2014-03-15,-0.7818314824680299,0.6234898018587334,1.0,6.123233995736766e-17,0.9562348265919056,0.29260033563334836,3968.0,2773.0,2936.0,3021.4285714285716,3565.0,1367.8711997288478,3444.8333333333335,3747.5,1574.6456872039143,12480.0,0,0,1,0,0,0,0,0,1,3005
945,0,2014-03-16,-2.4492935982947064e-16,1.0,1.0,6.123233995736766e-17,0.9611297838723007,0.27609697309746883,3005.0,0.0,0.0,3021.4285714285716,3565.0,1367.8711997288478,3302.7,3715.0,1686.6161624122865,12480.0,0,0,1,0,0,0,0,0,1,0
945,0,2014-03-17,0.7818314824680298,0.6234898018587336,1.0,6.123233995736766e-17,0.9657399376548549,0.2595117970697999,0.0,3635.0,5810.0,3160.0,3565.0,1484.54504815449,3364.5666666666666,3747.5,1699.5955438408519,12480.0,1,0,1,0,0,0,0,0,1,4605
945,0,2014-03-18,0.9749279121818236,-0.22252093395631434,1.0,6.123233995736766e-17,0.970063921851507,0.2428497220959356,4605.0,3704.0,5013.0,3250.4285714285716,3565.0,1541.395239941496,3509.133333333333,3842.0,1584.0634943154869,12480.0,1,0,1,0,0,0,0,0,1,4337
945,0,2014-03-19,0.43388373911755823,-0.900968867902419,1.0,6.123233995736766e-17,0.9741004551724205,0.22611568550828828,4337.0,3273.0,4550.0,3411.0,3968.0,1601.511265440661,3465.3,3842.0,1538.5450168797531,12480.0,1,0,1,0,0,0,0,0,1,4397
945,0,2014-03-20,-0.433883739117558,-0.9009688679024191,1.0,6.123233995736766e-17,0.9778483415056568,0.20931464596304847,4397.0,3565.0,4568.0,3500.8571428571427,4194.0,1629.0018854676493,3451.7,3842.0,1529.9297966765087,12480.0,1,0,1,0,0,0,0,0,1,4194
945,0,2014-03-21,-0.9749279121818236,-0.2225209339563146,1.0,6.123233995736766e-17,0.9813064702716093,0.19245158197082998,4194.0,3968.0,4407.0,3501.5714285714284,4194.0,1629.2419359058674,3445.7,3842.0,1527.4355599026674,12480.0,1,0,1,0,0,0,0,0,1,3973
945,0,2014-03-22,-0.7818314824680299,0.6234898018587334,1.0,6.123233995736766e-17,0.9844738167520922,0.1755314904214282,3973.0,3005.0,2773.0,3493.285714285714,4194.0,1632.3327596097713,3396.0666666666666,3747.5,1518.3115152929806,12480.0,0,0,1,0,0,0,0,0,1,2947
945,0,2014-03-23,-2.4492935982947064e-16,1.0,1.0,6.123233995736766e-17,0.9873494423939864,0.15855938510313478,2947.0,0.0,0.0,3493.285714285714,4194.0,1632.3327596097713,3250.0333333333333,3715.0,1627.1005412279758,12480.0,0,0,1,0,0,0,0,0,1,0
945,0,2014-03-24,0.7818314824680298,0.6234898018587336,1.0,6.123233995736766e-17,0.989932495087353,0.141540295217043,0.0,4605.0,3635.0,3423.285714285714,4115.0,1586.5781537936455,3298.4333333333334,3747.5,1630.6283046163817,12480.0,0,0,1,0,0,0,0,0,1,4115
945,0,2014-03-25,0.9749279121818236,-0.22252093395631434,1.0,6.123233995736766e-17,0.9922222094179323,0.12447926388678915,4115.0,4337.0,3704.0,3358.8571428571427,3973.0,1552.071457608774,3427.9666666666667,3827.5,1509.4154722329085,12480.0,0,0,1,0,0,0,0,0,1,3886
945,0,2014-03-26,0.43388373911755823,-0.900968867902419,1.0,6.123233995736766e-17,0.994217906893952,0.10738134666416309,3886.0,4397.0,3273.0,3195.0,3886.0,1483.2239660055893,3405.8,3747.5,1506.897323916792,12480.0,0,0,1,0,0,0,0,0,1,3250
945,0,2014-03-27,-0.433883739117558,-0.9009688679024191,1.0,6.123233995736766e-17,0.995918996147179,0.09025161003104117,3250.0,4194.0,3565.0,3074.4285714285716,3350.0,1421.5004815502655,3399.9,3747.5,1506.7529223351519,12480.0,0,0,1,0,0,0,0,0,1,3350
945,0,2014-03-28,-0.9749279121818236,-0.2225209339563146,1.0,6.123233995736766e-17,0.9973249731081555,0.07309512989807777,3350.0,3973.0,3968.0,3115.285714285714,3350.0,1455.3393320557884,3417.6666666666665,3827.5,1513.856330206321,12480.0,0,0,1,0,0,0,0,0,1,4259
945,0,2014-03-29,-0.7818314824680299,0.6234898018587334,1.0,6.123233995736766e-17,0.9984354211555643,0.055916990100603484,4259.0,2947.0,3005.0,3058.285714285714,3350.0,1470.760881798462,3376.9666666666667,3795.0,1520.4838042052857,12480.0,0,0,1,0,0,0,0,0,1,2548
945,0,2014-03-30,-2.4492935982947064e-16,1.0,1.0,6.123233995736766e-17,0.9992500112396835,0.03872228089217446,2548.0,0.0,0.0,3058.285714285714,3350.0,1470.760881798462,3235.6,3669.5,1630.5496555794762,12480.0,0,0,1,0,0,0,0,0,1,0
945,0,2014-03-31,0.7818314824680298,0.6234898018587336,1.0,6.123233995736766e-17,0.9997685019798909,0.021516097436222254,0.0,4115.0,4605.0,3333.285714285714,3350.0,1835.9114643037447,3339.0666666666666,3795.0,1707.5472615932817,12480.0,1,0,1,0,0,0,0,0,1,6040
945,0,2014-04-01,0.9749279121818236,-0.22252093395631434,0.8660254037844387,-0.49999999999999983,0.9999907397361901,0.004303538296244289,6040.0,3886.0,4337.0,3573.4285714285716,3350.0,2020.8798296074658,3524.633333333333,3927.0,1633.0327505496691,12480.0,1,0,1,0,0,0,0,0,1,5567
945,0,2014-04-02,0.43388373911755823,-0.900968867902419,0.8660254037844387,-0.49999999999999983,0.9999166586547379,-0.01291029607500882,5567.0,3250.0,4397.0,3813.285714285714,4259.0,2075.0092139783983,3495.266666666667,3927.0,1598.0651648992196,12480.0,1,0,1,0,0,0,0,0,1,4929
945,0,2014-04-03,-0.433883739117558,-0.9009688679024191,0.8660254037844387,-0.49999999999999983,0.9995462806873573,-0.030120304846908114,4929.0,3350.0,4194.0,3990.0,4587.0,2081.641339584386,3481.0666666666666,3927.0,1585.9607538157052,12480.0,1,0,1,0,0,0,0,0,1,4587
945,0,2014-04-04,-0.9749279121818236,-0.2225209339563146,0.8660254037844387,-0.49999999999999983,0.9988797155850336,-0.04732138832243185,4587.0,4259.0,3973.0,4001.285714285714,4587.0,2083.5560719025334,3474.0,3927.0,1581.4996375112698,12480.0,1,0,1,0,0,0,0,0,1,4338
945,0,2014-04-05,-0.7818314824680299,0.6234898018587334,0.8660254037844387,-0.49999999999999983,0.9979171608653922,-0.06450844944931623,4338.0,2548.0,2947.0,3975.8571428571427,4587.0,2105.222191644029,3400.733333333333,3795.0,1579.982888020242,12480.0,0,0,1,0,0,0,0,0,1,2370
945,0,2014-04-06,-2.4492935982947064e-16,1.0,0.8660254037844387,-0.49999999999999983,0.9966589017541702,-0.08167639533042241,2370.0,0.0,0.0,3975.8571428571427,4587.0,2105.222191644029,3253.8333333333335,3669.5,1684.6063508936645,12480.0,0,0,1,0,0,0,0,0,1,0
945,0,2014-04-07,0.7818314824680298,0.6234898018587336,0.8660254037844387,-0.49999999999999983,0.9951053111006976,-0.09882013873287143,0.0,6040.0,4115.0,3727.714285714286,4338.0,1915.1621092643616,3304.8333333333335,3795.0,1692.6879070208768,12480.0,0,0,1,0,0,0,0,0,1,4303
945,0,2014-04-08,0.9749279121818236,-0.22252093395631434,0.8660254037844387,-0.49999999999999983,0.9932568492674143,-0.11593459959550041,4303.0,5567.0,3886.0,3454.5714285714284,4303.0,1737.1980176079435,3426.6666666666665,3795.0,1573.9908717549217,12480.0,0,0,1,0,0,0,0,0,1,3655
945,0,2014-04-09,0.43388373911755823,-0.900968867902419,0.8660254037844387,-0.49999999999999983,0.9911140639934547,-0.1330147065341959,3655.0,4929.0,3250.0,3370.5714285714284,4303.0,1666.8116127448145,3450.2,3927.0,1582.468159509717,12480.0,0,0,1,0,0,0,0,0,1,4341
945,0,2014-04-10,-0.433883739117558,-0.9009688679024191,0.8660254037844387,-0.49999999999999983,0.9886775902323405,-0.1500553983446526,4341.0,4587.0,3350.0,3307.1428571428573,4143.0,1620.6146394266057,3464.8333333333335,3970.5,1586.9195074068841,12480.0,0,0,1,0,0,0,0,0,1,4143
945,0,2014-04-11,-0.9749279121818236,-0.2225209339563146,0.8660254037844387,-0.49999999999999983,0.9859481499638304,-0.16705162550211924,4143.0,4338.0,4259.0,3297.8571428571427,4143.0,1613.8959516824996,3498.1666666666665,4044.0,1593.2410273603832,12480.0,0,0,1,0,0,0,0,0,1,4273
945,0,2014-04-12,-0.7818314824680299,0.6234898018587334,0.8660254037844387,-0.49999999999999983,0.9829265519799822,-0.18399835165768005,4273.0,2370.0,2548.0,3383.714285714286,4143.0,1571.7441176694726,3478.366666666667,4044.0,1596.0702707573384,12480.0,0,0,1,0,0,0,0,0,1,2971
945,0,2014-04-13,-2.4492935982947064e-16,1.0,0.8660254037844387,-0.49999999999999983,0.9796136916454901,-0.20089055513063506,2971.0,0.0,0.0,3383.714285714286,4143.0,1571.7441176694726,3346.1,4044.0,1714.142277722554,12480.0,0,0,1,0,0,0,0,0,1,0
945,0,2014-04-14,0.7818314824680298,0.6234898018587336,0.8660254037844387,-0.49999999999999983,0.9760105506323683,-0.21772323039653177,0.0,4303.0,6040.0,3615.0,4143.0,1827.8235691663501,3443.3333333333335,4129.0,1775.7515229514433,12480.0,1,0,1,0,0,0,0,0,1,5922
945,0,2014-04-15,0.9749279121818236,-0.22252093395631434,0.8660254037844387,-0.49999999999999983,0.9721181966290613,-0.23449138957040985,5922.0,3655.0,5567.0,4006.285714285714,4273.0,2109.310449276868,3656.4666666666667,4168.5,1731.3800103472045,12480.0,1,0,1,0,0,0,0,0,1,6394
945,0,2014-04-16,0.43388373911755823,-0.900968867902419,0.8660254037844387,-0.49999999999999983,0.9679377830240642,-0.25119006388481935,6394.0,4341.0,4929.0,4223.571428571428,4273.0,2224.7207208353807,3698.366666666667,4168.5,1769.9076438662253,12480.0,1,0,1,0,0,0,0,0,1,5862
945,0,2014-04-17,-0.433883739117558,-0.9009688679024191,0.8660254037844387,-0.49999999999999983,0.9634705485641488,-0.2678143051621742,5862.0,4143.0,4587.0,4543.285714285715,5862.0,2367.445157005454,3766.5,4168.5,1833.5383495608553,12480.0,1,0,1,0,0,0,0,0,1,6381
945,0,2014-04-18,-0.9749279121818236,-0.2225209339563146,0.8660254037844387,-0.49999999999999983,0.9587178169872964,-0.2843591872810034,6381.0,4273.0,4338.0,3932.8571428571427,5862.0,2932.2576301416325,3619.9333333333334,4129.0,1953.233939646889,12480.0,1,0,1,0,0,0,0,0,1,0
945,0,2014-04-19,-0.7818314824680299,0.6234898018587334,0.8660254037844387,-0.49999999999999983,0.9536809966304457,-0.30081980763566735,0.0,2971.0,2370.0,4131.0,5862.0,2903.146626220134,3625.4,4129.0,1955.1246119559398,12480.0,0,0,1,0,0,0,0,0,1,4358
945,0,2014-04-20,-2.4492935982947064e-16,1.0,0.8660254037844387,-0.49999999999999983,0.9483615800121715,-0.3171912885891061,4358.0,0.0,0.0,4131.0,5862.0,2903.146626220134,3492.9666666666667,4129.0,2062.3839316696585,12480.0,0,0,1,0,0,0,0,0,1,0
945,0,2014-04-21,0.7818314824680298,0.6234898018587336,0.8660254037844387,-0.49999999999999983,0.9427611433904207,-0.3334687789181868,0.0,5922.0,4303.0,3285.0,4358.0,3146.8775529615623,3394.733333333333,4129.0,2157.286289145077,12480.0,0,0,1,0,0,0,0,0,1,0
945,0,2014-04-22,0.9749279121818236,-0.22252093395631434,0.8660254037844387,-0.49999999999999983,0.9368813462954315,-0.3496474552512284,0.0,6394.0,3655.0,3036.8571428571427,4358.0,2921.2585431951234,3549.9666666666667,4201.0,2070.389110243795,12480.0,0,0,1,0,0,0,0,0,1,4657
945,0,2014-04-23,0.43388373911755823,-0.900968867902419,0.8660254037844387,-0.49999999999999983,0.9307239310379795,-0.36572252349726897,4657.0,5862.0,4341.0,2735.714285714286,3754.0,2680.191579861769,3537.9333333333334,4201.0,2068.0395836492667,12480.0,0,0,1,0,0,0,0,0,1,3754
945,0,2014-04-24,-0.433883739117558,-0.9009688679024191,0.8660254037844387,-0.49999999999999983,0.9242907221930934,-0.3816892202666588,3754.0,6381.0,4143.0,2345.4285714285716,3649.0,2220.3709792992495,3530.0333333333333,4201.0,2067.116573849927,12480.0,0,0,1,0,0,0,0,0,1,3649
945,0,2014-04-25,-0.9749279121818236,-0.2225209339563146,0.8660254037844387,-0.49999999999999983,0.9175836260593937,-0.39754281428255595,3649.0,0.0,4273.0,2806.8571428571427,3649.0,1973.6303629413053,3529.366666666667,4201.0,2067.2132246316432,12480.0,0,0,1,0,0,0,0,0,1,3230
945,0,2014-04-26,-0.7818314824680299,0.6234898018587334,0.8660254037844387,-0.49999999999999983,0.9106046300942163,-0.4132786077829042,3230.0,4358.0,2971.0,2582.1428571428573,3230.0,1853.4768615201262,3510.5333333333333,4201.0,2071.4730180158804,12480.0,0,0,1,0,0,0,0,0,1,2785
945,0,2014-04-27,-2.4492935982947064e-16,1.0,0.8660254037844387,-0.49999999999999983,0.9033558023246845,-0.4288919379124835,2785.0,0.0,0.0,2582.1428571428573,3230.0,1853.4768615201262,3368.5666666666666,3948.5,2162.3583817823474,12480.0,0,0,1,0,0,0,0,0,1,0
945,0,2014-04-28,0.7818314824680298,0.6234898018587336,0.8660254037844387,-0.49999999999999983,0.895839290734909,-0.4443781781046132,0.0,0.0,5922.0,3328.1428571428573,3649.0,1684.1432469331373,3457.7,4208.0,2182.38687979548,12480.0,1,0,1,0,0,0,0,0,1,5222
945,0,2014-04-29,0.9749279121818236,-0.22252093395631434,0.8660254037844387,-0.49999999999999983,0.8880573226294932,-0.45973273945210397,5222.0,4657.0,6394.0,3366.1428571428573,3649.0,1721.706075241597,3621.8,4288.0,2096.8376254698906,12480.0,1,0,1,0,0,0,0,0,1,4923
945,0,2014-04-30,0.43388373911755823,-0.900968867902419,0.8660254037844387,-0.49999999999999983,0.8800122039735357,-0.47495107206704995,4923.0,3754.0,5862.0,3655.285714285714,3649.0,1952.2221282669782,3613.0666666666666,4288.0,2086.940772639643,12480.0,1,0,1,0,0,0,0,0,1,5778
945,0,2014-05-01,-0.433883739117558,-0.9009688679024191,0.49999999999999994,-0.8660254037844387,0.8717063187093218,-0.49002866642905923,5778.0,3649.0,6381.0,3134.0,3230.0,2391.858761159059,3427.5,4208.0,2153.647087120374,12480.0,1,0,1,0,0,0,0,0,1,0
945,0,2014-05-02,-0.9749279121818236,-0.2225209339563146,0.49999999999999994,-0.8660254037844387,0.8631421280499114,-0.5049610547215204,0.0,3230.0,0.0,3523.4285714285716,4923.0,2621.030831380591,3461.733333333333,4208.0,2186.2527369645672,12480.0,1,0,1,0,0,0,0,0,1,5956
945,0,2014-05-03,-0.7818314824680299,0.6234898018587334,0.49999999999999994,-0.8660254037844387,0.854322169749827,-0.5197438121555155,5956.0,2785.0,4358.0,3543.4285714285716,4923.0,2614.9842483364273,3406.3333333333335,3948.5,2177.7963606604158,12480.0,0,0,1,0,0,0,0,0,1,2925
945,0,2014-05-04,-2.4492935982947064e-16,1.0,0.49999999999999994,-0.8660254037844387,0.8452490573530633,-0.5343725582809787,2925.0,0.0,0.0,3543.4285714285716,4923.0,2614.9842483364273,3261.733333333333,3704.5,2256.4004128231563,12480.0,0,0,1,0,0,0,0,0,1,0
945,0,2014-05-05,0.7818314824680298,0.6234898018587336,0.49999999999999994,-0.8660254037844387,0.835925479418637,-0.548842958284719,0.0,5222.0,0.0,3666.1428571428573,4923.0,2724.7357932205377,3385.4333333333334,3948.5,2306.9831573953356,12480.0,1,0,1,0,0,0,0,0,1,6081
945,0,2014-05-06,0.9749279121818236,-0.22252093395631434,0.49999999999999994,-0.8660254037844387,0.8263541987239096,-0.5631507242749186,6081.0,4923.0,4657.0,3697.5714285714284,5143.0,2742.8578075396035,3556.866666666667,4208.0,2236.755404649755,12480.0,1,0,1,0,0,0,0,0,1,5143
945,0,2014-05-07,0.43388373911755823,-0.900968867902419,0.49999999999999994,-0.8660254037844387,0.8165380514459161,-0.5772916165517272,5143.0,5778.0,3754.0,3575.4285714285716,4923.0,2652.3157716193905,3577.5333333333333,4208.0,2246.7291126762766,12480.0,1,0,1,0,0,0,0,0,1,4923
945,0,2014-05-08,-0.433883739117558,-0.9009688679024191,0.49999999999999994,-0.8660254037844387,0.8064799463209448,-0.5912614448635781,4923.0,0.0,3649.0,4260.857142857143,4923.0,2145.964385272306,3615.633333333333,4307.0,2257.752536504379,12480.0,1,0,1,0,0,0,0,0,1,4798
945,0,2014-05-09,-0.9749279121818236,-0.2225209339563146,0.49999999999999994,-0.8660254037844387,0.7961828637826158,-0.6050560696488488,4798.0,5956.0,3230.0,4064.5714285714284,4798.0,2024.4713595687867,3623.6666666666665,4315.5,2260.849097944877,12480.0,1,0,1,0,0,0,0,0,1,4582
945,0,2014-05-10,-0.7818314824680299,0.6234898018587334,0.49999999999999994,-0.8660254037844387,0.7856498550787145,-0.6186714032625031,4582.0,2925.0,2785.0,4106.714285714285,4798.0,1999.7146224970645,3592.9,4315.5,2259.8181396160917,12480.0,0,0,1,0,0,0,0,0,1,3220
945,0,2014-05-11,-2.4492935982947064e-16,1.0,0.49999999999999994,-0.8660254037844387,0.7748840413670407,-0.6321034111873487,3220.0,0.0,0.0,4106.714285714285,4798.0,1999.7146224970645,3450.4666666666667,4056.0,2348.398863691709,12480.0,0,0,1,0,0,0,0,0,1,0
945,0,2014-05-12,0.7818314824680298,0.6234898018587336,0.49999999999999994,-0.8660254037844387,0.7638886127905428,-0.6453481132295501,0.0,6081.0,5222.0,3887.8571428571427,4582.0,1823.7175794304933,3503.0666666666666,4453.5,2354.9524035505497,12480.0,0,0,1,0,0,0,0,0,1,4549
945,0,2014-05-13,0.9749279121818236,-0.22252093395631434,0.49999999999999994,-0.8660254037844387,0.7526668275320084,-0.6584015846980488,4549.0,5143.0,4923.0,3752.4285714285716,4549.0,1748.6300215828853,3642.9,4453.5,2262.5048576819645,12480.0,0,0,1,0,0,0,0,0,1,4195
945,0,2014-05-14,0.43388373911755823,-0.900968867902419,0.49999999999999994,-0.8660254037844387,0.741222010848596,-0.6712599575675313,4195.0,4923.0,5778.0,3611.8571428571427,4195.0,1676.92629817885,3576.8,4276.5,2222.2326517762926,12480.0,0,0,1,0,0,0,0,0,1,3939
945,0,2014-05-15,-0.433883739117558,-0.9009688679024191,0.49999999999999994,-0.8660254037844387,0.7295575540864875,-0.6839194216246106,3939.0,4798.0,0.0,3476.714285714286,3939.0,1601.8416187090984,3492.0666666666666,4067.0,2158.662963156998,12480.0,0,0,1,0,0,0,0,0,1,3852
945,0,2014-05-16,-0.9749279121818236,-0.2225209339563146,0.49999999999999994,-0.8660254037844387,0.717676913675962,-0.6963762255968722,3852.0,4582.0,5956.0,3439.0,3939.0,1574.3532005239529,3440.6,4067.0,2118.2382497629073,12480.0,0,0,1,0,0,0,0,0,1,4318
945,0,2014-05-17,-0.7818314824680299,0.6234898018587334,0.49999999999999994,-0.8660254037844387,0.705583610107178,-0.7086266782644596,4318.0,3220.0,2925.0,3339.0,3939.0,1612.354799664148,3311.9,3895.5,2049.606410492278,12480.0,0,0,1,0,0,0,0,0,1,2520
945,0,2014-05-18,-2.4492935982947064e-16,1.0,0.49999999999999994,-0.8660254037844387,0.6932812268869777,-0.7206671495538609,2520.0,0.0,0.0,3339.0,3939.0,1612.354799664148,3311.9,3895.5,2049.606410492278,12480.0,0,0,1,0,0,0,0,0,1,0
945,0,2014-05-19,0.7818314824680298,0.6234898018587336,0.49999999999999994,-0.8660254037844387,0.6807734094770161,-0.7324940716135789,0.0,4549.0,6081.0,3435.285714285714,3939.0,1713.6018318428735,3340.733333333333,3895.5,2070.804806621436,12480.0,1,0,1,0,0,0,0,0,1,5223
945,0,2014-05-20,0.9749279121818236,-0.22252093395631434,0.49999999999999994,-0.8660254037844387,0.6680638642135335,-0.7441039398713607,5223.0,4195.0,5143.0,3441.1428571428573,3939.0,1716.6986173633265,3481.9333333333334,4067.0,1977.473343180259,12480.0,1,0,1,0,0,0,0,0,1,4236
945,0,2014-05-21,0.43388373911755823,-0.900968867902419,0.49999999999999994,-0.8660254037844387,0.6551563572090853,-0.7554933140726803,4236.0,3939.0,4923.0,3475.714285714286,4181.0,1730.77465452956,3621.3,4188.0,1867.9120401280077,12480.0,1,0,1,0,0,0,0,0,1,4181
945,0,2014-05-22,-0.433883739117558,-0.9009688679024191,0.49999999999999994,-0.8660254037844387,0.6420547132365637,-0.766658819300159,4181.0,3852.0,4798.0,3532.1428571428573,4236.0,1751.4035731922236,3607.633333333333,4188.0,1861.562089387212,12480.0,1,0,1,0,0,0,0,0,1,4247
945,0,2014-05-23,-0.9749279121818236,-0.2225209339563146,0.49999999999999994,-0.8660254037844387,0.6287628145958344,-0.777597146973627,4247.0,4318.0,4582.0,3517.0,4212.0,1743.9187672213056,3622.9,4203.5,1864.6792522557619,12480.0,1,0,1,0,0,0,0,0,1,4212
945,0,2014-05-24,-0.7818314824680299,0.6234898018587334,0.49999999999999994,-0.8660254037844387,0.6152845999633276,-0.7883050558305255,4212.0,2520.0,3220.0,3555.714285714286,4212.0,1720.9537776366674,3594.3,4203.5,1870.834870797823,12480.0,0,0,1,0,0,0,0,0,1,2791
945,0,2014-05-25,-2.4492935982947064e-16,1.0,0.49999999999999994,-0.8660254037844387,0.6016240632249226,-0.7987793728863649,2791.0,0.0,0.0,3555.714285714286,4212.0,1720.9537776366672,3486.633333333333,4203.5,1982.1547398333164,12480.0,0,0,1,0,0,0,0,0,1,0
945,0,2014-05-26,0.7818314824680298,0.6234898018587336,0.49999999999999994,-0.8660254037844387,0.5877852522924732,-0.8090169943749473,0.0,5223.0,4549.0,3432.714285714286,4212.0,1609.0599444277757,3539.2,4224.0,1983.8161135583603,12480.0,0,0,1,0,0,0,0,0,1,4362
945,0,2014-05-27,0.9749279121818236,-0.22252093395631434,0.49999999999999994,-0.8660254037844387,0.5737722679043246,-0.8190148866680801,4362.0,4236.0,4195.0,3460.1428571428573,4212.0,1626.5763050624116,3686.8,4241.5,1873.0458395996031,12480.0,0,0,1,0,0,0,0,0,1,4428
945,0,2014-05-28,0.43388373911755823,-0.900968867902419,0.49999999999999994,-0.8660254037844387,0.5595892624101765,-0.8287700871745037,4428.0,4181.0,3939.0,3557.0,4247.0,1695.3858951086456,3674.7,4241.5,1863.9367154789209,12480.0,0,0,1,0,0,0,0,0,1,4859
945,0,2014-05-29,-0.433883739117558,-0.9009688679024191,0.49999999999999994,-0.8660254037844387,0.545240438540651,-0.8382797052177743,4859.0,4247.0,3852.0,2950.285714285714,4212.0,2115.2396802163867,3510.6,4224.0,1964.256858686398,12480.0,0,0,1,0,0,0,0,0,1,0
945,0,2014-05-30,-0.9749279121818236,-0.2225209339563146,0.49999999999999994,-0.8660254037844387,0.5307300481619334,-0.8475409228928311,0.0,4212.0,4318.0,3171.1428571428573,4362.0,2337.9237532884795,3509.9333333333334,4224.0,1963.4640032233915,12480.0,0,0,1,0,0,0,0,0,1,5758
945,0,2014-05-31,-0.7818314824680299,0.6234898018587334,0.49999999999999994,-0.8660254037844387,0.5160623910158528,-0.8565509959010036,5758.0,2791.0,2520.0,3202.1428571428573,4362.0,2333.4775499649636,3610.2,4224.0,1851.6650363649887,12480.0,0,0,1,0,0,0,0,0,1,3008
945,0,2014-06-01,-2.4492935982947064e-16,1.0,1.2246467991473532e-16,-1.0,0.5012418134457758,-0.865307254363206,3008.0,0.0,0.0,3202.1428571428573,4362.0,2333.4775499649636,3411.6666666666665,4203.5,1909.8613477988647,12480.0,0,0,1,0,0,0,0,0,1,0
945,0,2014-06-02,0.7818314824680298,0.6234898018587336,1.2246467991473532e-16,-1.0,0.48627270710869,-0.8738071036110808,0.0,4362.0,5223.0,3356.0,4428.0,2455.037745806232,3495.4666666666667,4224.0,1942.6439809655326,12480.0,1,0,1,0,0,0,0,0,1,5439
945,0,2014-06-03,0.9749279121818236,-0.22252093395631434,1.2246467991473532e-16,-1.0,0.4711595076738638,-0.8820480249558537,5439.0,4428.0,4236.0,3548.0,4859.0,2601.06023254621,3687.866666666667,4241.5,1868.9466650446748,12480.0,1,0,1,0,0,0,0,0,1,5772
945,0,2014-06-04,0.43388373911755823,-0.900968867902419,1.2246467991473532e-16,-1.0,0.4559066935084588,-0.8900275764346767,5772.0,4859.0,4181.0,3543.1428571428573,4825.0,2598.234299710187,3646.0,4241.5,1827.088205409041,12480.0,1,0,1,0,0,0,0,0,1,4825
945,0,2014-06-05,-0.433883739117558,-0.9009688679024191,1.2246467991473532e-16,-1.0,0.440518784350495,-0.8977433935342337,4825.0,0.0,4247.0,4239.142857142857,4872.0,2094.676460981618,3636.9666666666667,4241.5,1820.0881654153625,12480.0,1,0,1,0,0,0,0,0,1,4872
945,0,2014-06-06,-0.9749279121818236,-0.2225209339563146,1.2246467991473532e-16,-1.0,0.42500033996955416,-0.9051931898913974,4872.0,5758.0,4212.0,4152.428571428572,4872.0,2032.9755579070845,3644.5666666666666,4241.5,1826.1093875784939,12480.0,1,0,1,0,0,0,0,0,1,5151
945,0,2014-06-07,-0.7818314824680299,0.6234898018587334,1.2246467991473532e-16,-1.0,0.4093559588156213,-0.9123747579707273,5151.0,3008.0,2791.0,4260.142857142857,4872.0,1981.5582612825553,3610.0333333333333,4224.0,1813.2956752132648,12480.0,0,0,1,0,0,0,0,0,1,3762
945,0,2014-06-08,-2.4492935982947064e-16,1.0,1.2246467991473532e-16,-1.0,0.39359027665646673,-0.9192859697186104,3762.0,0.0,0.0,4260.142857142857,4872.0,1981.5582612825553,3457.3,4203.5,1918.5212723380987,12480.0,0,0,1,0,0,0,0,0,1,0
945,0,2014-06-09,0.7818314824680298,0.6234898018587336,1.2246467991473532e-16,-1.0,0.3777079652039649,-0.9259247771938498,0.0,5439.0,4362.0,3483.1428571428573,4825.0,2452.632900141632,3349.9666666666667,4203.5,2019.6618952845479,12480.0,0,0,1,0,0,0,0,0,1,0
945,0,2014-06-10,0.9749279121818236,-0.22252093395631434,1.2246467991473532e-16,-1.0,0.36171373072976765,-0.9322892131745133,0.0,5772.0,4428.0,3274.714285714286,4313.0,2281.7444871768434,3493.733333333333,4224.0,1924.2291951330285,12480.0,0,0,1,0,0,0,0,0,1,4313
945,0,2014-06-11,0.43388373911755823,-0.900968867902419,1.2246467991473532e-16,-1.0,0.3456123126707335,-0.9383773917408641,4313.0,4825.0,4859.0,3211.5714285714284,4313.0,2237.3775465294852,3488.2,4224.0,1921.3265065645637,12480.0,0,0,1,0,0,0,0,0,1,4383
945,0,2014-06-12,-0.433883739117558,-0.9009688679024191,1.2246467991473532e-16,-1.0,0.3294084822245304,-0.9441875088341993,4383.0,4872.0,0.0,3123.0,4252.0,2172.0076734057243,3490.1,4241.5,1922.0775998902864,12480.0,0,0,1,0,0,0,0,0,1,4252
945,0,2014-06-13,-0.9749279121818236,-0.2225209339563146,1.2246467991473532e-16,-1.0,0.3131070409358269,-0.9497178427914316,4252.0,5151.0,5758.0,2898.1428571428573,3762.0,2001.8787366347876,3478.0333333333333,4241.5,1920.2977406234907,12480.0,0,0,1,0,0,0,0,0,1,3577
945,0,2014-06-14,-0.7818314824680299,0.6234898018587334,1.2246467991473532e-16,-1.0,0.29671281927349075,-0.9549667548552551,3577.0,3762.0,3008.0,2726.4285714285716,3577.0,1966.6723890150859,3434.9666666666667,4241.5,1926.100679205733,12480.0,0,0,1,0,0,0,0,0,1,2560
945,0,2014-06-15,-2.4492935982947064e-16,1.0,1.2246467991473532e-16,-1.0,0.28023067519921585,-0.9599326896597447,2560.0,0.0,0.0,2726.4285714285716,3577.0,1966.6723890150859,3291.0333333333333,4224.0,2017.029182483117,12480.0,0,0,1,0,0,0,0,0,1,0
945,0,2014-06-16,0.7818314824680298,0.6234898018587336,1.2246467991473532e-16,-1.0,0.26366549272800704,-0.9646141756912435,0.0,0.0,5439.0,3470.1428571428573,4252.0,1734.4493293810824,3380.5666666666666,4241.5,2041.094308982543,12480.0,1,0,1,0,0,0,0,0,1,5206
945,0,2014-06-17,0.9749279121818236,-0.22252093395631434,1.2246467991473532e-16,-1.0,0.24702218048093552,-0.9690098257244062,5206.0,4313.0,5772.0,3561.0,4252.0,1801.3287688074442,3545.5333333333333,4249.5,1956.697124437406,12480.0,1,0,1,0,0,0,0,0,1,4949
945,0,2014-06-18,0.43388373911755823,-0.900968867902419,1.2246467991473532e-16,-1.0,0.23030567023061221,-0.9731183372332619,4949.0,4383.0,4825.0,3599.4285714285716,4252.0,1824.507774455244,3526.5,4249.5,1942.5432272294938,12480.0,1,0,1,0,0,0,0,0,1,4652
945,0,2014-06-19,-0.433883739117558,-0.9009688679024191,1.2246467991473532e-16,-1.0,0.21352091543979612,-0.9769384927771817,4652.0,4252.0,4872.0,3646.0,4578.0,1847.9512078695896,3537.9,4282.5,1947.8468634490443,12480.0,1,0,1,0,0,0,0,0,1,4578
945,0,2014-06-20,-0.9749279121818236,-0.2225209339563146,1.2246467991473532e-16,-1.0,0.19667288979357647,-0.980469160361632,4578.0,3577.0,5151.0,3780.5714285714284,4578.0,1876.1726872494864,3549.1666666666665,4337.5,1952.6664895829585,12480.0,1,0,1,0,0,0,0,0,1,4519
945,0,2014-06-21,-0.7818314824680299,0.6234898018587334,1.2246467991473532e-16,-1.0,0.1797665857255624,-0.9837092937736097,4519.0,2560.0,3762.0,3786.1428571428573,4578.0,1871.9972781828012,3494.233333333333,4337.5,1955.5368022764173,12480.0,0,0,1,0,0,0,0,0,1,2599
945,0,2014-06-22,-2.4492935982947064e-16,1.0,1.2246467991473532e-16,-1.0,0.16280701293851715,-0.986657932891657,2599.0,0.0,0.0,3786.1428571428573,4578.0,1871.9972781828012,3353.8333333333335,4337.5,2051.09486462186,12480.0,0,0,1,0,0,0,0,0,1,0
945,0,2014-06-23,0.7818314824680298,0.6234898018587336,1.2246467991473532e-16,-1.0,0.1457991969198751,-0.9893142039703663,0.0,5206.0,0.0,3525.4285714285716,4519.0,1765.3415965135366,3373.5,4337.5,2048.338834948609,12480.0,0,0,1,0,0,0,0,0,1,3381
945,0,2014-06-24,0.9749279121818236,-0.22252093395631434,1.2246467991473532e-16,-1.0,0.12874817745258132,-0.99167731989929,3381.0,4949.0,4313.0,3324.714285714286,3544.0,1652.7941709204397,3491.633333333333,4337.5,1946.7476942473763,12480.0,0,0,1,0,0,0,0,0,1,3544
945,0,2014-06-25,0.43388373911755823,-0.900968867902419,1.2246467991473532e-16,-1.0,0.11165900712169512,-0.993746580436178,3544.0,4652.0,4383.0,3206.714285714286,3544.0,1569.6338972603087,3473.766666666667,4282.5,1940.9352293077225,12480.0,0,0,1,0,0,0,0,0,1,3826
945,0,2014-06-26,-0.433883739117558,-0.9009688679024191,1.2246467991473532e-16,-1.0,0.09453674981719912,-0.9955213724144752,3826.0,4578.0,4252.0,3102.1428571428573,3544.0,1485.1609821353234,3454.366666666667,4049.0,1933.9646875379299,12480.0,0,0,1,0,0,0,0,0,1,3846
945,0,2014-06-27,-0.9749279121818236,-0.2225209339563146,1.2246467991473532e-16,-1.0,0.07738647923346301,-0.9970011699250151,3846.0,4519.0,3577.0,3040.5714285714284,3544.0,1424.3192358857973,3428.6666666666665,3967.0,1919.7255970101812,12480.0,0,0,1,0,0,0,0,0,1,4088
945,0,2014-06-28,-0.7818314824680299,0.6234898018587334,1.2246467991473532e-16,-1.0,0.06021327736579302,-0.9981855344718586,4088.0,2599.0,2560.0,3034.0,3544.0,1426.8000327072289,3513.766666666667,3967.0,1816.2942698562501,12480.0,0,0,1,0,0,0,0,0,1,2553
945,0,2014-06-29,-2.4492935982947064e-16,1.0,1.2246467991473532e-16,-1.0,0.04302223300453059,-0.99907411510223,2553.0,0.0,0.0,3034.0,3544.0,1426.8000327072289,3321.8333333333335,3836.0,1874.2689808679233,12480.0,0,0,1,0,0,0,0,0,1,0
945,0,2014-06-30,0.7818314824680298,0.6234898018587336,1.2246467991473532e-16,-1.0,0.02581844022713308,-0.9996666485105112,0.0,3381.0,5206.0,3425.1428571428573,3826.0,1850.2439864849773,3425.5333333333333,3967.0,1941.1752702641415,12480.0,1,0,1,0,0,0,0,0,1,6119
945,0,2014-07-01,0.9749279121818236,-0.22252093395631434,-0.4999999999999998,-0.8660254037844388,0.008606996888688698,-0.9999629591162655,6119.0,3544.0,4949.0,3659.714285714286,3846.0,1968.1523242443864,3598.4,4170.0,1854.5857349488772,12480.0,1,0,1,0,0,0,0,0,1,5186
945,0,2014-07-02,0.43388373911755823,-0.900968867902419,-0.4999999999999998,-0.8660254037844388,-0.008606996888688009,-0.9999629591162655,5186.0,3826.0,4652.0,3903.0,4088.0,2093.4024935496773,3601.4,4170.0,1857.7358967487737,12480.0,1,0,1,0,0,0,0,0,1,5529
945,0,2014-07-03,-0.433883739117558,-0.9009688679024191,-0.4999999999999998,-0.8660254037844388,-0.02581844022713239,-0.9996666485105112,5529.0,3846.0,4578.0,4065.8571428571427,4986.0,2132.2127339590547,3575.2,4170.0,1831.4241377719684,12480.0,1,0,1,0,0,0,0,0,1,4986
945,0,2014-07-04,-0.9749279121818236,-0.2225209339563146,-0.4999999999999998,-0.8660254037844388,-0.04302223300453034,-0.99907411510223,4986.0,4088.0,4519.0,4113.285714285715,4986.0,2136.475580193209,3561.7,4170.0,1823.3687683837427,12480.0,1,0,1,0,0,0,0,0,1,4420
945,0,2014-07-05,-0.7818314824680299,0.6234898018587334,-0.4999999999999998,-0.8660254037844388,-0.060213277365792774,-0.9981855344718586,4420.0,2553.0,2599.0,4154.0,4986.0,2104.2586184529073,3493.9,3967.0,1810.738910900266,12480.0,0,0,1,0,0,0,0,0,1,2838
945,0,2014-07-06,-2.4492935982947064e-16,1.0,-0.4999999999999998,-0.8660254037844388,-0.07738647923346322,-0.9970011699250151,2838.0,0.0,0.0,4154.0,4986.0,2104.2586184529073,3322.2,3836.0,1890.6431746347882,12480.0,0,0,1,0,0,0,0,0,1,0
945,0,2014-07-07,0.7818314824680298,0.6234898018587336,-0.4999999999999998,-0.8660254037844388,-0.09453674981719933,-0.9955213724144752,0.0,6119.0,3381.0,3867.4285714285716,4420.0,1920.6344313917803,3333.9,3967.0,1894.54071133258,12480.0,0,0,1,0,0,0,0,0,1,4113
945,0,2014-07-08,0.9749279121818236,-0.22252093395631434,-0.4999999999999998,-0.8660254037844388,-0.11165900712169444,-0.9937465804361781,4113.0,5186.0,3544.0,3690.0,4113.0,1833.9341136838434,3465.366666666667,4016.0,1789.124992902925,12480.0,0,0,1,0,0,0,0,0,1,3944
945,0,2014-07-09,0.43388373911755823,-0.900968867902419,-0.4999999999999998,-0.8660254037844388,-0.12874817745258066,-0.99167731989929,3944.0,5529.0,3826.0,3469.0,3982.0,1660.3886091314127,3598.1,4035.0,1666.6886300851693,12480.0,0,0,1,0,0,0,0,0,1,3982
945,0,2014-07-10,-0.433883739117558,-0.9009688679024191,-0.4999999999999998,-0.8660254037844388,-0.14579919691987442,-0.9893142039703664,3982.0,4986.0,3846.0,3448.285714285714,3982.0,1639.0766419222905,3615.7,4035.0,1677.2525183599616,12480.0,0,0,1,0,0,0,0,0,1,4841
945,0,2014-07-11,-0.9749279121818236,-0.2225209339563146,-0.4999999999999998,-0.8660254037844388,-0.16280701293851646,-0.9866579328916572,4841.0,4420.0,4088.0,3479.714285714286,3982.0,1662.7524083364262,3624.266666666667,4035.0,1681.9564128456627,12480.0,0,0,1,0,0,0,0,0,1,4640
945,0,2014-07-12,-0.7818314824680299,0.6234898018587334,-0.4999999999999998,-0.8660254037844388,-0.17976658572556214,-0.9837092937736098,4640.0,2838.0,2553.0,3534.5714285714284,3982.0,1644.2844296879719,3589.9333333333334,3963.0,1679.2111229390737,12480.0,0,0,1,0,0,0,0,0,1,3222
945,0,2014-07-13,-2.4492935982947064e-16,1.0,-0.4999999999999998,-0.8660254037844388,-0.19667288979357622,-0.9804691603616321,3222.0,0.0,0.0,3534.5714285714284,3982.0,1644.2844296879719,3470.7,3963.0,1802.6198013657422,12480.0,0,0,1,0,0,0,0,0,1,0
945,0,2014-07-14,0.7818314824680298,0.6234898018587336,-0.4999999999999998,-0.8660254037844388,-0.2135209154397959,-0.9769384927771817,0.0,4113.0,6119.0,3757.1428571428573,3982.0,1830.5285601497235,3574.4,4035.0,1837.568119309718,12480.0,1,0,1,0,0,0,0,0,1,5671
945,0,2014-07-15,0.9749279121818236,-0.22252093395631434,-0.4999999999999998,-0.8660254037844388,-0.23030567023061196,-0.973118337233262,5671.0,3944.0,5186.0,3900.714285714286,4640.0,1886.1922590487022,3739.366666666667,4100.5,1724.2670703475908,12480.0,1,0,1,0,0,0,0,0,1,4949
945,0,2014-07-16,0.43388373911755823,-0.900968867902419,-0.4999999999999998,-0.8660254037844388,-0.24702218048093527,-0.9690098257244063,4949.0,3982.0,5529.0,4051.0,4841.0,1935.0260980152195,3733.633333333333,4100.5,1719.5016014738892,12480.0,1,0,1,0,0,0,0,0,1,5034
945,0,2014-07-17,-0.433883739117558,-0.9009688679024191,-0.4999999999999998,-0.8660254037844388,-0.2636654927280072,-0.9646141756912435,5034.0,4841.0,4986.0,4006.1428571428573,4640.0,1917.2179000287065,3719.5666666666666,4100.5,1710.9209595668244,12480.0,1,0,1,0,0,0,0,0,1,4527
945,0,2014-07-18,-0.9749279121818236,-0.2225209339563146,-0.4999999999999998,-0.8660254037844388,-0.2802306751992161,-0.9599326896597445,4527.0,4640.0,4420.0,3965.714285714286,4527.0,1904.566067313474,3709.733333333333,4100.5,1706.218382217264,12480.0,1,0,1,0,0,0,0,0,1,4357
945,0,2014-07-19,-0.7818314824680299,0.6234898018587334,-0.4999999999999998,-0.8660254037844388,-0.2967128192734901,-0.9549667548552553,4357.0,3222.0,2838.0,3864.1428571428573,4527.0,1968.7177238472977,3640.8333333333335,4035.0,1711.6730287853666,12480.0,0,0,1,0,0,0,0,0,1,2511
945,0,2014-07-20,-2.4492935982947064e-16,1.0,-0.4999999999999998,-0.8660254037844388,-0.3131070409358267,-0.9497178427914317,2511.0,0.0,0.0,3864.1428571428573,4527.0,1968.7177238472977,3490.2,3963.0,1826.705068394063,12480.0,0,0,1,0,0,0,0,0,1,0
945,0,2014-07-21,0.7818314824680298,0.6234898018587336,-0.4999999999999998,-0.8660254037844388,-0.3294084822245302,-0.9441875088341994,0.0,5671.0,4113.0,3609.8571428571427,4357.0,1804.5524309896039,3533.266666666667,3963.0,1820.1880526820416,12480.0,0,0,1,0,0,0,0,0,1,3891
945,0,2014-07-22,0.9749279121818236,-0.22252093395631434,-0.4999999999999998,-0.8660254037844388,-0.3456123126707333,-0.9383773917408642,3891.0,4949.0,3944.0,3447.4285714285716,3891.0,1712.7625693737104,3660.3333333333335,3963.0,1693.6880047609918,12480.0,0,0,1,0,0,0,0,0,1,3812
945,0,2014-07-23,0.43388373911755823,-0.900968867902419,-0.4999999999999998,-0.8660254037844388,-0.3617137307297674,-0.9322892131745134,3812.0,5034.0,3982.0,3294.4285714285716,3891.0,1590.9156542845496,3679.733333333333,3972.5,1693.7113081639104,12480.0,0,0,1,0,0,0,0,0,1,3963
945,0,2014-07-24,-0.433883739117558,-0.9009688679024191,-0.4999999999999998,-0.8660254037844388,-0.37770796520396466,-0.9259247771938499,3963.0,4527.0,4841.0,3152.1428571428573,3812.0,1504.4984134888596,3679.3,3972.5,1693.7488954061814,12480.0,0,0,1,0,0,0,0,0,1,3531
945,0,2014-07-25,-0.9749279121818236,-0.2225209339563146,-0.4999999999999998,-0.8660254037844388,-0.39359027665646645,-0.9192859697186105,3531.0,4357.0,4640.0,3095.1428571428573,3812.0,1458.085208823715,3683.7,3972.5,1694.3144916312701,12480.0,0,0,1,0,0,0,0,0,1,3958
945,0,2014-07-26,-0.7818314824680299,0.6234898018587334,-0.4999999999999998,-0.8660254037844388,-0.4093559588156211,-0.9123747579707274,3958.0,2511.0,3222.0,3062.5714285714284,3812.0,1475.7484945096978,3631.6,3972.5,1713.0788294360755,12480.0,0,0,1,0,0,0,0,0,1,2283
945,0,2014-07-27,-2.4492935982947064e-16,1.0,-0.4999999999999998,-0.8660254037844388,-0.42500033996955394,-0.9051931898913975,2283.0,0.0,0.0,3062.5714285714284,3812.0,1475.7484945096978,3495.3333333333335,3960.5,1833.8549247575384,12480.0,0,0,1,0,0,0,0,0,1,0
945,0,2014-07-28,0.7818314824680298,0.6234898018587336,-0.4999999999999998,-0.8660254037844388,-0.4405187843504952,-0.8977433935342336,0.0,3891.0,5671.0,3320.5714285714284,3812.0,1772.708554457736,3600.133333333333,3972.5,1867.6699984174159,12480.0,1,0,1,0,0,0,0,0,1,5697
945,0,2014-07-29,0.9749279121818236,-0.22252093395631434,-0.4999999999999998,-0.8660254037844388,-0.455906693508459,-0.8900275764346766,5697.0,3812.0,4949.0,3397.1428571428573,3958.0,1808.684552243377,3745.0666666666666,4047.5,1743.220561614848,12480.0,1,0,1,0,0,0,0,0,1,4348
945,0,2014-07-30,0.43388373911755823,-0.900968867902419,-0.4999999999999998,-0.8660254037844388,-0.47115950767386394,-0.8820480249558535,4348.0,3963.0,5034.0,3452.714285714286,3958.0,1834.7560886291997,3686.1666666666665,4047.5,1689.2607255396013,12480.0,1,0,1,0,0,0,0,0,1,4352
945,0,2014-07-31,-0.433883739117558,-0.9009688679024191,-0.4999999999999998,-0.8660254037844388,-0.4862727071086902,-0.8738071036110807,4352.0,3531.0,4527.0,3639.8571428571427,4348.0,1909.364242234525,3674.6666666666665,4047.5,1679.846305230156,12480.0,1,0,1,0,0,0,0,0,1,4841
945,0,2014-08-01,-0.9749279121818236,-0.2225209339563146,-0.8660254037844384,-0.5000000000000004,-0.5012418134457756,-0.8653072543632061,4841.0,3958.0,4357.0,3737.714285714286,4352.0,1945.5967134605726,3645.133333333333,4047.5,1653.70613520335,12480.0,1,0,1,0,0,0,0,0,1,4643
945,0,2014-08-02,-0.7818314824680299,0.6234898018587334,-0.8660254037844384,-0.5000000000000004,-0.5160623910158526,-0.8565509959010037,4643.0,2283.0,2511.0,3819.1428571428573,4352.0,1885.5675916967684,3574.0333333333333,3972.5,1639.8640709718513,12480.0,0,0,1,0,0,0,0,0,1,2853
945,0,2014-08-03,-2.4492935982947064e-16,1.0,-0.8660254037844384,-0.5000000000000004,-0.5307300481619331,-0.8475409228928312,2853.0,0.0,0.0,3819.1428571428573,4352.0,1885.5675916967684,3426.7,3960.5,1755.7031433548818,12480.0,0,0,1,0,0,0,0,0,1,0
945,0,2014-08-04,0.7818314824680298,0.6234898018587336,-0.8660254037844384,-0.5000000000000004,-0.5452404385406507,-0.8382797052177745,0.0,5697.0,3891.0,3761.0,4352.0,1823.257158676931,3508.4333333333334,3972.5,1784.1951857685149,12480.0,1,0,1,0,0,0,0,0,1,5290
945,0,2014-08-05,0.9749279121818236,-0.22252093395631434,-0.8660254037844384,-0.5000000000000004,-0.5595892624101763,-0.828770087174504,5290.0,4348.0,3812.0,3729.4285714285716,4352.0,1813.2847595034898,3646.0,4047.5,1659.0712399744473,12480.0,1,0,1,0,0,0,0,0,1,4127
945,0,2014-08-06,0.43388373911755823,-0.900968867902419,-0.8660254037844384,-0.5000000000000004,-0.5737722679043243,-0.8190148866680802,4127.0,4352.0,3963.0,3724.0,4314.0,1811.1659228243032,3652.7,4054.5,1661.4263948539058,12480.0,1,0,1,0,0,0,0,0,1,4314
945,0,2014-08-07,-0.433883739117558,-0.9009688679024191,-0.8660254037844384,-0.5000000000000004,-0.5877852522924734,-0.8090169943749472,4314.0,4841.0,3531.0,3689.285714285714,4314.0,1788.3737225279795,3674.5,4220.5,1669.6507119754135,12480.0,1,0,1,0,0,0,0,0,1,4598
945,0,2014-08-08,-0.9749279121818236,-0.2225209339563146,-0.8660254037844384,-0.5000000000000004,-0.6016240632249227,-0.7987793728863648,4598.0,4643.0,3958.0,3575.1428571428573,4127.0,1742.2614067710454,3669.9,4220.5,1668.964274116096,12480.0,1,0,1,0,0,0,0,0,1,3844
945,0,2014-08-09,-0.7818314824680299,0.6234898018587334,-0.8660254037844384,-0.5000000000000004,-0.6152845999633277,-0.7883050558305253,3844.0,2853.0,2283.0,3512.8571428571427,4127.0,1779.7704373103354,3589.1,4045.0,1668.9893152692034,12480.0,0,0,1,0,0,0,0,0,1,2417
945,0,2014-08-10,-2.4492935982947064e-16,1.0,-0.8660254037844384,-0.5000000000000004,-0.6287628145958345,-0.7775971469736268,2417.0,0.0,0.0,3512.8571428571427,4127.0,1779.7704373103354,3434.4333333333334,3960.5,1779.5759797817284,12480.0,0,0,1,0,0,0,0,0,1,0
945,0,2014-08-11,0.7818314824680298,0.6234898018587336,-0.8660254037844384,-0.5000000000000004,-0.6420547132365636,-0.7666588193001592,0.0,5290.0,5697.0,3315.714285714286,3910.0,1619.306715262817,3457.366666666667,3960.5,1781.1763544767634,12480.0,0,0,1,0,0,0,0,0,1,3910
945,0,2014-08-12,0.9749279121818236,-0.22252093395631434,-0.8660254037844384,-0.5000000000000004,-0.655156357209085,-0.7554933140726804,3910.0,4127.0,4348.0,3270.4285714285716,3844.0,1597.1173884160705,3584.366666666667,3960.5,1657.7111657931873,12480.0,0,0,1,0,0,0,0,0,1,3810
945,0,2014-08-13,0.43388373911755823,-0.900968867902419,-0.8660254037844384,-0.5000000000000004,-0.6680638642135333,-0.7441039398713608,3810.0,4314.0,4352.0,3154.4285714285716,3810.0,1537.0478041950976,3512.0666666666666,3934.0,1610.1842887316243,12480.0,0,0,1,0,0,0,0,0,1,3502
945,0,2014-08-14,-0.433883739117558,-0.9009688679024191,-0.8660254037844384,-0.5000000000000004,-0.6807734094770159,-0.7324940716135792,3502.0,4598.0,4841.0,2993.714285714286,3502.0,1414.9135090510865,3462.866666666667,3900.5,1587.149249513067,12480.0,0,0,1,0,0,0,0,0,1,3473
945,0,2014-08-15,-0.9749279121818236,-0.2225209339563146,-0.8660254037844384,-0.5000000000000004,-0.6932812268869771,-0.7206671495538615,3473.0,3844.0,4643.0,3047.714285714286,3502.0,1459.2903200169794,3435.8,3900.5,1566.2175477552785,12480.0,0,0,1,0,0,0,0,0,1,4222
945,0,2014-08-16,-0.7818314824680299,0.6234898018587334,-0.8660254037844384,-0.5000000000000004,-0.7055836101071774,-0.7086266782644601,4222.0,2417.0,2853.0,3139.285714285714,3502.0,1432.99089486358,3386.8333333333335,3867.5,1553.840272342698,12480.0,0,0,1,0,0,0,0,0,1,3058
945,0,2014-08-17,-2.4492935982947064e-16,1.0,-0.8660254037844384,-0.5000000000000004,-0.7176769136759615,-0.6963762255968726,3058.0,0.0,0.0,3139.285714285714,3502.0,1432.99089486358,3241.6,3828.0,1660.0249603441284,12480.0,0,0,1,0,0,0,0,0,1,0
945,0,2014-08-18,0.7818314824680298,0.6234898018587336,-0.8660254037844384,-0.5000000000000004,-0.7295575540864876,-0.6839194216246105,0.0,3910.0,5290.0,3333.5714285714284,3502.0,1633.1203116675051,3333.5666666666666,3867.5,1694.2264776207671,12480.0,1,0,1,0,0,0,0,0,1,5270
945,0,2014-08-19,0.9749279121818236,-0.22252093395631434,-0.8660254037844384,-0.5000000000000004,-0.7412220108485957,-0.6712599575675315,5270.0,3810.0,4127.0,3545.0,3502.0,1793.051681724023,3509.9,3900.5,1608.4245740303877,12480.0,1,0,1,0,0,0,0,0,1,5290
945,0,2014-08-20,0.43388373911755823,-0.900968867902419,-0.8660254037844384,-0.5000000000000004,-0.7526668275320083,-0.6584015846980489,5290.0,3502.0,4314.0,3754.8571428571427,4222.0,1871.4322882551269,3545.9,3934.0,1629.2007211068803,12480.0,1,0,1,0,0,0,0,0,1,4971
945,0,2014-08-21,-0.433883739117558,-0.9009688679024191,-0.8660254037844384,-0.5000000000000004,-0.7638886127905429,-0.64534811322955,4971.0,3473.0,4598.0,3893.5714285714284,4444.0,1883.0089269697125,3566.9666666666667,3960.5,1636.8284615816299,12480.0,1,0,1,0,0,0,0,0,1,4444
945,0,2014-08-22,-0.9749279121818236,-0.2225209339563146,-0.8660254037844384,-0.5000000000000004,-0.7748840413670406,-0.6321034111873488,4444.0,4222.0,3844.0,4016.5714285714284,4971.0,1935.4287946208785,3604.3,4042.5,1658.798030773053,12480.0,1,0,1,0,0,0,0,0,1,5083
945,0,2014-08-23,-0.7818314824680299,0.6234898018587334,-0.8660254037844384,-0.5000000000000004,-0.7856498550787144,-0.6186714032625032,5083.0,3058.0,2417.0,3986.0,4971.0,1954.68795463624,3581.4,4042.5,1664.5768562445035,12480.0,0,0,1,0,0,0,0,0,1,2844
945,0,2014-08-24,-2.4492935982947064e-16,1.0,-0.8660254037844384,-0.5000000000000004,-0.7961828637826154,-0.6050560696488494,2844.0,0.0,0.0,3986.0,4971.0,1954.68795463624,3449.4666666666667,4018.5,1786.1157380990362,12480.0,0,0,1,0,0,0,0,0,1,0
945,0,2014-08-25,0.7818314824680298,0.6234898018587336,-0.8660254037844384,-0.5000000000000004,-0.8064799463209447,-0.5912614448635782,0.0,5270.0,3910.0,4156.285714285715,4971.0,2129.310116311989,3588.766666666667,4174.5,1853.688321146257,12480.0,0,0,1,0,0,0,0,0,1,6462
945,0,2014-08-26,0.9749279121818236,-0.22252093395631434,-0.8660254037844384,-0.5000000000000004,-0.8165380514459157,-0.5772916165517278,6462.0,5290.0,3810.0,4153.0,4971.0,2127.285907755076,3764.3333333333335,4268.0,1748.5083560750786,12480.0,0,0,1,0,0,0,0,0,1,5267
945,0,2014-08-27,0.43388373911755823,-0.900968867902419,-0.8660254037844384,-0.5000000000000004,-0.8263541987239095,-0.5631507242749187,5267.0,4971.0,3502.0,4096.571428571428,4576.0,2107.1144453290362,3726.9666666666667,4268.0,1717.4848989615382,12480.0,0,0,1,0,0,0,0,0,1,4576
945,0,2014-08-28,-0.433883739117558,-0.9009688679024191,-0.8660254037844384,-0.5000000000000004,-0.8359254794186365,-0.5488429582847199,4576.0,4444.0,3473.0,4060.1428571428573,4576.0,2102.3056730307203,3721.6666666666665,4205.5,1715.746813034134,12480.0,0,0,1,0,0,0,0,0,1,4189
945,0,2014-08-29,-0.9749279121818236,-0.2225209339563146,-0.8660254037844384,-0.5000000000000004,-0.8452490573530634,-0.5343725582809785,4189.0,5083.0,4222.0,4016.5714285714284,4576.0,2080.6220109334995,3735.866666666667,4205.5,1722.8914896352228,12480.0,0,0,1,0,0,0,0,0,1,4778
945,0,2014-08-30,-0.7818314824680299,0.6234898018587334,-0.8660254037844384,-0.5000000000000004,-0.8543221697498269,-0.5197438121555157,4778.0,2844.0,3058.0,4019.8571428571427,4576.0,2078.478724818663,3670.0666666666666,4158.0,1716.9140105259307,12480.0,0,0,1,0,0,0,0,0,1,2867
945,0,2014-08-31,-2.4492935982947064e-16,1.0,-0.8660254037844384,-0.5000000000000004,-0.8631421280499115,-0.5049610547215202,2867.0,0.0,0.0,4019.8571428571427,4576.0,2078.478724818663,3515.3,4018.5,1831.620973251611,12480.0,0,0,1,0,0,0,0,0,1,0
945,0,2014-09-01,0.7818314824680298,0.6234898018587336,-1.0,-1.8369701987210297e-16,-0.8717063187093218,-0.4900286664290594,0.0,6462.0,5270.0,3920.0,4576.0,1954.700659095063,3612.3,4158.0,1871.9478173908826,12480.0,1,0,1,0,0,0,0,0,1,5763
945,0,2014-09-02,0.9749279121818236,-0.22252093395631434,-1.0,-1.8369701987210297e-16,-0.8800122039735356,-0.4749510720670502,5763.0,5267.0,5290.0,4009.8571428571427,4576.0,2039.5577485140782,3808.8333333333335,4205.5,1787.2082271314785,12480.0,1,0,1,0,0,0,0,0,1,5896
945,0,2014-09-03,0.43388373911755823,-0.900968867902419,-1.0,-1.8369701987210297e-16,-0.888057322629493,-0.4597327394521046,5896.0,4576.0,4971.0,4074.4285714285716,4778.0,2067.433421511067,3800.1,4205.5,1780.3477837306082,12480.0,1,0,1,0,0,0,0,0,1,5028
945,0,2014-09-04,-0.433883739117558,-0.9009688679024191,-1.0,-1.8369701987210297e-16,-0.8958392907349089,-0.44437817810461344,5028.0,4189.0,4444.0,4090.5714285714284,4778.0,2068.917741005578,3805.9333333333334,4262.0,1781.7419592060485,12480.0,1,0,1,0,0,0,0,0,1,4302
945,0,2014-09-05,-0.9749279121818236,-0.2225209339563146,-1.0,-1.8369701987210297e-16,-0.9033558023246842,-0.4288919379124841,4302.0,4778.0,5083.0,4022.0,4302.0,2050.206412372505,3805.4,4260.0,1781.587022079299,12480.0,1,0,1,0,0,0,0,0,1,4298
945,0,2014-09-06,-0.7818314824680299,0.6234898018587334,-1.0,-1.8369701987210297e-16,-0.9106046300942162,-0.41327860778290443,4298.0,2867.0,2844.0,4040.714285714286,4302.0,2038.4707269818496,3752.0666666666666,4205.5,1780.990269549469,12480.0,0,0,1,0,0,0,0,0,1,2998
945,0,2014-09-07,-2.4492935982947064e-16,1.0,-1.0,-1.8369701987210297e-16,-0.9175836260593934,-0.3975428142825566,2998.0,0.0,0.0,4040.714285714286,4302.0,2038.4707269818496,3623.9333333333334,4205.5,1907.9043555390986,12480.0,0,0,1,0,0,0,0,0,1,0
945,0,2014-09-08,0.7818314824680298,0.6234898018587336,-1.0,-1.8369701987210297e-16,-0.9242907221930934,-0.3816892202666586,0.0,5763.0,6462.0,3822.5714285714284,4298.0,1900.4798391584236,3684.5666666666666,4229.0,1897.0986683541978,12480.0,0,0,1,0,0,0,0,0,1,4236
945,0,2014-09-09,0.9749279121818236,-0.22252093395631434,-1.0,-1.8369701987210297e-16,-0.9307239310379793,-0.3657225234972692,4236.0,5896.0,5267.0,3501.5714285714284,4236.0,1667.366971919389,3806.2,4229.0,1765.1014506352003,12480.0,0,0,1,0,0,0,0,0,1,3649
945,0,2014-09-10,0.43388373911755823,-0.900968867902419,-1.0,-1.8369701987210297e-16,-0.9368813462954315,-0.34964745525122826,3649.0,5028.0,4576.0,3376.5714285714284,4153.0,1563.4191011095843,3814.3,4229.0,1766.1514589247647,12480.0,0,0,1,0,0,0,0,0,1,4153
945,0,2014-09-11,-0.433883739117558,-0.9009688679024191,-1.0,-1.8369701987210297e-16,-0.9427611433904206,-0.33346877891818705,4153.0,4302.0,4189.0,3295.285714285714,3733.0,1521.5150031340213,3811.733333333333,4229.0,1766.2138725755062,12480.0,0,0,1,0,0,0,0,0,1,3733
945,0,2014-09-12,-0.9749279121818236,-0.2225209339563146,-1.0,-1.8369701987210297e-16,-0.9483615800121716,-0.31719128858910595,3733.0,4298.0,4778.0,3304.4285714285716,3733.0,1528.719819232518,3840.4,4267.0,1767.991625038677,12480.0,0,0,1,0,0,0,0,0,1,4362
945,0,2014-09-13,-0.7818314824680299,0.6234898018587334,-1.0,-1.8369701987210297e-16,-0.9536809966304455,-0.300819807635668,4362.0,2998.0,2867.0,3265.714285714286,3733.0,1541.1542983843597,3815.5333333333333,4267.0,1778.5519436024238,12480.0,0,0,1,0,0,0,0,0,1,2727
945,0,2014-09-14,-2.4492935982947064e-16,1.0,-1.0,-1.8369701987210297e-16,-0.9587178169872964,-0.2843591872810036,2727.0,0.0,0.0,3265.714285714286,3733.0,1541.1542983843597,3674.8,4267.0,1907.6349936414783,12480.0,0,0,1,0,0,0,0,0,1,0
945,0,2014-09-15,0.7818314824680298,0.6234898018587336,-1.0,-1.8369701987210297e-16,-0.9634705485641486,-0.26781430516217486,0.0,4236.0,5763.0,3503.5714285714284,3733.0,1819.2573445541723,3769.5666666666666,4300.0,1946.1648348400045,12480.0,1,0,1,0,0,0,0,0,1,5901
945,0,2014-09-16,0.9749279121818236,-0.22252093395631434,-1.0,-1.8369701987210297e-16,-0.9679377830240642,-0.25119006388481957,5901.0,3649.0,5896.0,3652.285714285714,4153.0,1874.8260109750404,3925.9,4332.0,1817.0033182745417,12480.0,1,0,1,0,0,0,0,0,1,4690
945,0,2014-09-17,0.43388373911755823,-0.900968867902419,-1.0,-1.8369701987210297e-16,-0.9721181966290612,-0.23449138957041052,4690.0,4153.0,5028.0,3759.8571428571427,4362.0,1929.1586619190116,3913.766666666667,4332.0,1808.9157103431996,12480.0,1,0,1,0,0,0,0,0,1,4906
945,0,2014-09-18,-0.433883739117558,-0.9009688679024191,-1.0,-1.8369701987210297e-16,-0.9760105506323682,-0.21772323039653224,4906.0,3733.0,4302.0,3808.1428571428573,4362.0,1932.601306406424,3873.133333333333,4300.0,1790.5333193817137,12480.0,1,0,1,0,0,0,0,0,1,4071
945,0,2014-09-19,-0.9749279121818236,-0.2225209339563146,-1.0,-1.8369701987210297e-16,-0.9796136916454901,-0.20089055513063528,4071.0,4362.0,4298.0,3789.1428571428573,4229.0,1926.8939971338548,3848.4,4267.0,1779.9385421393372,12480.0,1,0,1,0,0,0,0,0,1,4229
945,0,2014-09-20,-0.7818314824680299,0.6234898018587334,-1.0,-1.8369701987210297e-16,-0.9829265519799822,-0.18399835165767986,4229.0,2727.0,2998.0,3766.5714285714284,4229.0,1942.27348375925,3785.9,4232.5,1791.187168448289,12480.0,0,0,1,0,0,0,0,0,1,2569
945,0,2014-09-21,-2.4492935982947064e-16,1.0,-1.0,-1.8369701987210297e-16,-0.9859481499638303,-0.1670516255021195,2569.0,0.0,0.0,3766.5714285714284,4229.0,1942.27348375925,3616.4666666666667,4209.0,1901.2838989398247,12480.0,0,0,1,0,0,0,0,0,1,0
945,0,2014-09-22,0.7818314824680298,0.6234898018587336,-1.0,-1.8369701987210297e-16,-0.9886775902323404,-0.15005539834465262,0.0,5901.0,4236.0,3473.0,4071.0,1706.9364370122316,3649.866666666667,4209.0,1896.0398608739729,12480.0,0,0,1,0,0,0,0,0,1,3846
945,0,2014-09-23,0.9749279121818236,-0.22252093395631434,-1.0,-1.8369701987210297e-16,-0.9911140639934546,-0.13301470653419636,3846.0,4690.0,3649.0,3339.1428571428573,3846.0,1630.6276325974886,3774.9666666666667,4209.0,1766.290257775502,12480.0,0,0,1,0,0,0,0,0,1,3753
945,0,2014-09-24,0.43388373911755823,-0.900968867902419,-1.0,-1.8369701987210297e-16,-0.9932568492674143,-0.11593459959550066,3753.0,4906.0,4153.0,3190.5714285714284,3846.0,1506.7460366789207,3688.4333333333334,4171.0,1692.1436656080584,12480.0,0,0,1,0,0,0,0,0,1,3866
945,0,2014-09-25,-0.433883739117558,-0.9009688679024191,-1.0,-1.8369701987210297e-16,-0.9951053111006974,-0.09882013873287211,3866.0,4071.0,3733.0,3106.285714285714,3753.0,1465.2171300170007,3628.9,4112.0,1665.905414999346,12480.0,0,0,1,0,0,0,0,0,1,3481
945,0,2014-09-26,-0.9749279121818236,-0.2225209339563146,-1.0,-1.8369701987210297e-16,-0.99665890175417,-0.08167639533042288,3481.0,4229.0,4362.0,3044.714285714286,3753.0,1418.4857788366876,3602.9666666666667,3968.5,1656.6834855410293,12480.0,0,0,1,0,0,0,0,0,1,3798
945,0,2014-09-27,-0.7818314824680299,0.6234898018587334,-1.0,-1.8369701987210297e-16,-0.9979171608653922,-0.06450844944931625,3798.0,2569.0,2727.0,3048.1428571428573,3753.0,1417.1727051388252,3549.766666666667,3856.0,1662.8299036599483,12480.0,0,0,1,0,0,0,0,0,1,2593
945,0,2014-09-28,-2.4492935982947064e-16,1.0,-1.0,-1.8369701987210297e-16,-0.9988797155850335,-0.04732138832243232,2593.0,0.0,0.0,3048.1428571428573,3753.0,1417.1727051388252,3390.5,3822.0,1766.707491937749,12480.0,0,0,1,0,0,0,0,0,1,0
945,0,2014-09-29,0.7818314824680298,0.6234898018587336,-1.0,-1.8369701987210297e-16,-0.9995462806873573,-0.03012030484690836,0.0,3846.0,5901.0,3236.5714285714284,3753.0,1614.839605775437,3467.1,3856.0,1792.85148239642,12480.0,1,0,1,0,0,0,0,0,1,5165
945,0,2014-09-30,0.9749279121818236,-0.22252093395631434,-1.0,-1.8369701987210297e-16,-0.9999166586547379,-0.012910296075008843,5165.0,3753.0,4690.0,3535.4285714285716,3798.0,1895.5313113691802,3661.9333333333334,3968.5,1719.161803248063,12480.0,1,0,1,0,0,0,0,0,1,5845
945,0,2014-10-01,0.43388373911755823,-0.900968867902419,-0.8660254037844386,0.5000000000000001,-0.9999907397361901,0.004303538296243821,5845.0,3866.0,4906.0,3736.5714285714284,3798.0,2007.8337295987171,3645.633333333333,3968.5,1700.7737485268774,12480.0,1,0,1,0,0,0,0,0,1,5274
945,0,2014-10-02,-0.433883739117558,-0.9009688679024191,-0.8660254037844386,0.5000000000000001,-0.9997685019798909,0.021516097436222233,5274.0,3481.0,4071.0,3976.1428571428573,5158.0,2071.3022818645154,3621.0333333333333,3968.5,1672.199222649589,12480.0,1,0,1,0,0,0,0,0,1,5158
945,0,2014-10-03,-0.9749279121818236,-0.2225209339563146,-0.8660254037844386,0.5000000000000001,-0.9992500112396835,0.03872228089217399,5158.0,3798.0,4229.0,3433.5714285714284,5158.0,2564.470371385542,3453.4333333333334,3856.0,1775.1240011729421,12480.0,1,0,1,0,0,0,0,0,1,0
945,0,2014-10-04,-0.7818314824680299,0.6234898018587334,-0.8660254037844386,0.5000000000000001,-0.9984354211555643,0.05591699010060302,0.0,2593.0,2569.0,3487.1428571428573,5158.0,2547.8473547010535,3408.9666666666667,3822.0,1769.8349130752945,12480.0,0,0,1,0,0,0,0,0,1,2968
945,0,2014-10-05,-2.4492935982947064e-16,1.0,-0.8660254037844386,0.5000000000000001,-0.9973249731081555,0.07309512989807776,2968.0,0.0,0.0,3487.1428571428573,5158.0,2547.8473547010535,3265.7,3775.5,1866.6960144449963,12480.0,0,0,1,0,0,0,0,0,1,0
945,0,2014-10-06,0.7818314824680298,0.6234898018587336,-0.8660254037844386,0.5000000000000001,-0.9959189961471792,0.0902516100310407,0.0,5165.0,3846.0,3549.714285714286,5158.0,2600.7498094642983,3352.5333333333333,3822.0,1913.8080243386469,12480.0,1,0,1,0,0,0,0,0,1,5603
945,0,2014-10-07,0.9749279121818236,-0.22252093395631434,-0.8660254037844386,0.5000000000000001,-0.994217906893952,0.10738134666416306,5603.0,5845.0,3753.0,3301.4285714285716,4107.0,2421.9175500102465,3489.4333333333334,3856.0,1809.7881888513234,12480.0,1,0,1,0,0,0,0,0,1,4107
945,0,2014-10-08,0.43388373911755823,-0.900968867902419,-0.8660254037844386,0.5000000000000001,-0.9922222094179324,0.12447926388678869,4107.0,5274.0,3866.0,3247.5714285714284,4107.0,2374.4688428602935,3511.4666666666667,3856.0,1823.1649580791702,12480.0,1,0,1,0,0,0,0,0,1,4897
945,0,2014-10-09,-0.433883739117558,-0.9009688679024191,-0.8660254037844386,0.5000000000000001,-0.989932495087353,0.141540295217043,4897.0,5158.0,3481.0,3212.4285714285716,4107.0,2343.094595980773,3553.5666666666666,3968.5,1840.946058947418,12480.0,1,0,1,0,0,0,0,0,1,4912
945,0,2014-10-10,-0.9749279121818236,-0.2225209339563146,-0.8660254037844386,0.5000000000000001,-0.9873494423939864,0.15855938510313475,4912.0,0.0,3798.0,3934.285714285714,4897.0,1930.5014645842439,3583.5666666666666,3968.5,1858.3026122918143,12480.0,1,0,1,0,0,0,0,0,1,5053
945,0,2014-10-11,-0.7818314824680299,0.6234898018587334,-0.8660254037844386,0.5000000000000001,-0.9844738167520923,0.17553149042142777,5053.0,2968.0,2593.0,3937.5714285714284,4897.0,1928.601380719793,3558.8333333333335,3968.5,1861.180772471094,12480.0,0,0,1,0,0,0,0,0,1,2991
945,0,2014-10-12,-2.4492935982947064e-16,1.0,-0.8660254037844386,0.5000000000000001,-0.9813064702716093,0.19245158197082995,2991.0,0.0,0.0,3937.5714285714284,4897.0,1928.601380719793,3413.4333333333334,3856.0,1963.8263615098272,12480.0,0,0,1,0,0,0,0,0,1,0
945,0,2014-10-13,0.7818314824680298,0.6234898018587336,-0.8660254037844386,0.5000000000000001,-0.9778483415056568,0.20931464596304888,0.0,5603.0,5165.0,3700.4285714285716,4107.0,1786.5114849097095,3453.9666666666667,3904.5,1961.717816596982,12480.0,0,0,1,0,0,0,0,0,1,3943
945,0,2014-10-14,0.9749279121818236,-0.22252093395631434,-0.8660254037844386,0.5000000000000001,-0.9741004551724206,0.22611568550828803,3943.0,4107.0,5845.0,3701.714285714286,4116.0,1786.8560578369431,3591.1666666666665,4007.0,1852.7282228692095,12480.0,0,0,1,0,0,0,0,0,1,4116
945,0,2014-10-15,0.43388373911755823,-0.900968867902419,-0.8660254037844386,0.5000000000000001,-0.970063921851507,0.2428497220959358,4116.0,4897.0,5274.0,3492.1428571428573,3943.0,1707.5717094333565,3508.8,3904.5,1800.6949884362198,12480.0,0,0,1,0,0,0,0,0,1,3430
945,0,2014-10-16,-0.433883739117558,-0.9009688679024191,-0.8660254037844386,0.5000000000000001,-0.965739937654855,0.25951179706979943,3430.0,4912.0,5158.0,3301.4285714285716,3577.0,1593.2885130177463,3471.7,3856.0,1786.9324157954875,12480.0,0,0,1,0,0,0,0,0,1,3577
945,0,2014-10-17,-0.9749279121818236,-0.2225209339563146,-0.8660254037844386,0.5000000000000001,-0.9611297838723007,0.27609697309746883,3577.0,5053.0,0.0,3110.285714285714,3577.0,1418.8433921432586,3432.0,3822.0,1767.0879220168808,12480.0,0,0,1,0,0,0,0,0,1,3715
945,0,2014-10-18,-0.7818314824680299,0.6234898018587334,-0.8660254037844386,0.5000000000000001,-0.9562348265919058,0.2926003356333479,3715.0,2991.0,2968.0,3009.1428571428573,3577.0,1453.5739206717908,3372.4,3775.5,1774.9279460848857,12480.0,0,0,1,0,0,0,0,0,1,2283
945,0,2014-10-19,-2.4492935982947064e-16,1.0,-0.8660254037844386,0.5000000000000001,-0.9510565162951536,0.30901699437494723,2283.0,0.0,0.0,3009.1428571428573,3577.0,1453.5739206717908,3231.4333333333334,3734.0,1869.9426265093773,12480.0,0,0,1,0,0,0,0,0,1,0
945,0,2014-10-20,0.7818314824680298,0.6234898018587336,-0.8660254037844386,0.5000000000000001,-0.9455963874271428,0.3253420847119795,0.0,3943.0,5603.0,3204.4285714285716,3577.0,1674.9209789462614,3322.8,3775.5,1903.1286654457672,12480.0,1,0,1,0,0,0,0,0,1,5310
945,0,2014-10-21,0.9749279121818236,-0.22252093395631434,-0.8660254037844386,0.5000000000000001,-0.9398560579418953,0.341570769167856,5310.0,4116.0,4107.0,3205.5714285714284,3577.0,1675.6492132049304,3460.266666666667,3822.0,1801.0444466615982,12480.0,1,0,1,0,0,0,0,0,1,4124
945,0,2014-10-22,0.43388373911755823,-0.900968867902419,-0.8660254037844386,0.5000000000000001,-0.9338372288229252,0.35769823883312546,4124.0,3430.0,4897.0,3309.1428571428573,3715.0,1713.8046785414294,3470.5666666666666,3832.0,1804.2072799973428,12480.0,1,0,1,0,0,0,0,0,1,4155
945,0,2014-10-23,-0.433883739117558,-0.9009688679024191,-0.8660254037844386,0.5000000000000001,-0.9275416835791965,0.3737197147904692,4155.0,3577.0,4912.0,3386.714285714286,4120.0,1740.0373285541664,3482.8,3904.5,1807.4296743127281,12480.0,1,0,1,0,0,0,0,0,1,4120
945,0,2014-10-24,-0.9749279121818236,-0.2225209339563146,-0.8660254037844386,0.5000000000000001,-0.9209712877166346,0.38963044953078774,4120.0,3715.0,5053.0,3459.285714285714,4124.0,1766.4047964048102,3494.7,4025.0,1811.2109142399945,12480.0,1,0,1,0,0,0,0,0,1,4223
945,0,2014-10-25,-0.7818314824680299,0.6234898018587334,-0.8660254037844386,0.5000000000000001,-0.9141279881853337,0.4054257283599973,4223.0,2283.0,2991.0,3452.0,4124.0,1772.1609219631684,3453.0666666666666,4025.0,1825.8327138187065,12480.0,0,0,1,0,0,0,0,0,1,2232
945,0,2014-10-26,-2.4492935982947064e-16,1.0,-0.8660254037844386,0.5000000000000001,-0.9070138128026362,0.42110087079608916,2232.0,0.0,0.0,3452.0,4124.0,1772.1609219631684,3326.4666666666667,4025.0,1929.8039159518244,12480.0,0,0,1,0,0,0,0,0,1,0
945,0,2014-10-27,0.7818314824680298,0.6234898018587336,-0.8660254037844386,0.5000000000000001,-0.8996308696522434,0.4366512319560638,0.0,5310.0,3943.0,3302.714285714286,4124.0,1627.6838057278162,3382.2,4111.5,1932.0333830199352,12480.0,0,0,1,0,0,0,0,0,1,4265
945,0,2014-10-28,0.9749279121818236,-0.22252093395631434,-0.8660254037844386,0.5000000000000001,-0.8919813464595487,0.45207220393230374,4265.0,4124.0,4116.0,3222.4285714285716,4120.0,1593.9325432341764,3500.9333333333334,4111.5,1823.4105961902433,12480.0,0,0,1,0,0,0,0,0,1,3562
945,0,2014-10-29,0.43388373911755823,-0.900968867902419,-0.8660254037844386,0.5000000000000001,-0.8840675099433637,0.46735921715800205,3562.0,4155.0,3430.0,3123.5714285714284,3562.0,1547.2287976834486,3444.2,4025.0,1796.1234194595431,12480.0,0,0,1,0,0,0,0,0,1,3463
945,0,2014-10-30,-0.433883739117558,-0.9009688679024191,-0.8660254037844386,0.5000000000000001,-0.8758917051442433,0.48250774176121763,3463.0,4120.0,3577.0,3263.714285714286,3562.0,1690.334061094213,3419.4,4025.0,1766.7271045832101,12480.0,0,0,1,0,0,0,0,0,1,5101
945,0,2014-10-31,-0.9749279121818236,-0.2225209339563146,-0.8660254037844386,0.5000000000000001,-0.867456354729597,0.4975132889071803,5101.0,4223.0,3715.0,3414.5714285714284,3562.0,1831.4483209692178,3419.5666666666666,4025.0,1766.908320384418,12480.0,0,0,1,0,0,0,0,0,1,5279
945,0,2014-11-01,-0.7818314824680299,0.6234898018587334,-0.5000000000000004,0.8660254037844384,-0.858763958275803,0.5123714121284235,5279.0,2232.0,2283.0,3528.714285714286,3562.0,1769.306334347424,3348.6666666666665,3829.0,1737.169861135286,12480.0,0,0,1,0,0,0,0,0,1,3031
945,0,2014-11-02,-2.4492935982947064e-16,1.0,-0.5000000000000004,0.8660254037844384,-0.8498170915275277,0.5270777086423724,3031.0,0.0,0.0,3528.714285714286,3562.0,1769.306334347424,3348.6666666666665,3829.0,1737.169861135286,12480.0,0,0,1,0,0,0,0,0,1,0
945,0,2014-11-03,0.7818314824680298,0.6234898018587336,-0.5000000000000004,0.8660254037844384,-0.8406184056344783,0.5416278206559811,0.0,4265.0,5310.0,3796.0,3562.0,2022.3089114508061,3454.266666666667,4025.0,1808.073788037566,12480.0,1,0,1,0,0,0,0,0,1,6136
945,0,2014-11-04,0.9749279121818236,-0.22252093395631434,-0.5000000000000004,0.8660254037844384,-0.8311706263658079,0.5560174366570446,6136.0,3562.0,4124.0,4039.8571428571427,5101.0,2091.136407839165,3629.9,4111.5,1714.4485461049526,12480.0,1,0,1,0,0,0,0,0,1,5269
945,0,2014-11-05,0.43388373911755823,-0.900968867902419,-0.5000000000000004,0.8660254037844384,-0.8214765533024145,0.5702422926917867,5269.0,3463.0,4155.0,4239.428571428572,5101.0,2093.568632514259,3605.133333333333,4111.5,1690.1571184530383,12480.0,1,0,1,0,0,0,0,0,1,4860
945,0,2014-11-06,-0.433883739117558,-0.9009688679024191,-0.5000000000000004,0.8660254037844384,-0.8115390590073611,0.5842981736283683,4860.0,5101.0,4120.0,4189.714285714285,4860.0,2073.737665367033,3626.6666666666665,4118.0,1700.8529165328105,12480.0,1,0,1,0,0,0,0,0,1,4753
945,0,2014-11-07,-0.9749279121818236,-0.2225209339563146,-0.5000000000000004,0.8660254037844384,-0.8013610881746769,0.5981809144059159,4753.0,5279.0,4223.0,4049.8571428571427,4753.0,2020.355862100491,3606.766666666667,4118.0,1688.9281376136153,12480.0,1,0,1,0,0,0,0,0,1,4300
945,0,2014-11-08,-0.7818314824680299,0.6234898018587334,-0.5000000000000004,0.8660254037844384,-0.7909456567567774,0.6118864012687242,4300.0,3031.0,2232.0,4046.5714285714284,4753.0,2022.306756910936,3543.3,4029.5,1673.8960984110895,12480.0,0,0,1,0,0,0,0,0,1,3008
945,0,2014-11-09,-2.4492935982947064e-16,1.0,-0.5000000000000004,0.8660254037844384,-0.780295851070776,0.6254105729852457,3008.0,0.0,0.0,4046.5714285714284,4753.0,2022.3067569109357,3374.866666666667,3829.0,1768.3091813705958,12480.0,0,0,1,0,0,0,0,0,1,0
945,0,2014-11-10,0.7818314824680298,0.6234898018587336,-0.5000000000000004,0.8660254037844384,-0.7694148268839381,0.6387494220515268,0.0,6136.0,4265.0,3907.8571428571427,4753.0,1883.6501292766177,3447.3333333333335,4029.5,1796.3591978822324,12480.0,1,0,1,0,0,0,0,0,1,5165
945,0,2014-11-11,0.9749279121818236,-0.22252093395631434,-0.5000000000000004,0.8660254037844384,-0.7583058084785625,0.6518989958787125,5165.0,5269.0,3562.0,3837.714285714286,4753.0,1832.9768787672276,3606.6,4118.0,1688.764853682859,12480.0,1,0,1,0,0,0,0,0,1,4778
945,0,2014-11-12,0.43388373911755823,-0.900968867902419,-0.5000000000000004,0.8660254037844384,-0.7469720876965551,0.6648553979642867,4778.0,4860.0,3463.0,3823.5714285714284,4753.0,1824.1351244852895,3633.866666666667,4122.0,1700.9434042224398,12480.0,1,0,1,0,0,0,0,0,1,4761
945,0,2014-11-13,-0.433883739117558,-0.9009688679024191,-0.5000000000000004,0.8660254037844384,-0.7354170229639858,0.6776147890466887,4761.0,4753.0,5101.0,3820.1428571428573,4729.0,1822.1184949184342,3654.3,4139.5,1710.589576724939,12480.0,1,0,1,0,0,0,0,0,1,4729
945,0,2014-11-14,-0.9749279121818236,-0.2225209339563146,-0.5000000000000004,0.8660254037844384,-0.7236440382959123,0.690173388242972,4729.0,4300.0,5279.0,3907.714285714286,4761.0,1863.2895386283676,3703.733333333333,4189.0,1725.2495058603174,12480.0,1,0,1,0,0,0,0,0,1,4913
945,0,2014-11-15,-0.7818314824680299,0.6234898018587334,-0.5000000000000004,0.8660254037844384,-0.7116566222817751,0.7025274741691566,4913.0,3008.0,3031.0,3919.0,4761.0,1857.1610054058344,3687.4,4189.0,1728.806496820359,12480.0,0,0,1,0,0,0,0,0,1,3087
945,0,2014-11-16,-2.4492935982947064e-16,1.0,-0.5000000000000004,0.8660254037844384,-0.6994583270516471,0.7146733860429608,3087.0,0.0,0.0,3919.0,4761.0,1857.1610054058344,3563.5666666666666,4189.0,1855.1930968060408,12480.0,0,0,1,0,0,0,0,0,1,0
945,0,2014-11-17,0.7818314824680298,0.6234898018587336,-0.5000000000000004,0.8660254037844384,-0.6870527672236675,0.726607524768565,0.0,5165.0,6136.0,3826.4285714285716,4729.0,1799.9714680278398,3638.0333333333333,4244.0,1846.8363160174551,12480.0,0,0,1,0,0,0,0,0,1,4517
945,0,2014-11-18,0.9749279121818236,-0.22252093395631434,-0.5000000000000004,0.8660254037844384,-0.6744436188329457,0.7383263540031063,4517.0,4778.0,5269.0,3757.285714285714,4517.0,1766.3075151556284,3781.1666666666665,4279.5,1716.9913357750067,12480.0,0,0,1,0,0,0,0,0,1,4294
945,0,2014-11-19,0.43388373911755823,-0.900968867902419,-0.5000000000000004,0.8660254037844384,-0.661634618242279,0.749826401204568,4294.0,4761.0,4860.0,3655.0,4294.0,1718.5824585008072,3739.0,4244.0,1693.5237086395168,12480.0,0,0,1,0,0,0,0,0,1,4045
945,0,2014-11-20,-0.433883739117558,-0.9009688679024191,-0.5000000000000004,0.8660254037844384,-0.6486295610349818,0.7611042586607742,4045.0,4729.0,4753.0,3551.8571428571427,4045.0,1664.1871317624777,3735.1,4244.0,1692.7410611195103,12480.0,0,0,1,0,0,0,0,0,1,4007
945,0,2014-11-21,-0.9749279121818236,-0.2225209339563146,-0.5000000000000004,0.8660254037844384,-0.6354323008901775,0.7721565844991641,4007.0,4913.0,4300.0,3405.714285714286,4007.0,1566.8035097277682,3726.266666666667,4244.0,1691.1650123067766,12480.0,0,0,1,0,0,0,0,0,1,3890
945,0,2014-11-22,-0.7818314824680299,0.6234898018587334,-0.5000000000000004,0.8660254037844384,-0.622046748440868,0.7829801036770625,3890.0,3087.0,3008.0,3393.1428571428573,4007.0,1570.1364514558886,3688.9,4244.0,1694.546391343063,12480.0,0,0,1,0,0,0,0,0,1,2999
945,0,2014-11-23,-2.4492935982947064e-16,1.0,-0.5000000000000004,0.8660254037844384,-0.6084768701151264,0.7935716089521472,2999.0,0.0,0.0,3393.1428571428573,4007.0,1570.1364514558886,3548.133333333333,4155.0,1819.4485662028142,12480.0,0,0,1,0,0,0,0,0,1,0
945,0,2014-11-24,0.7818314824680298,0.6234898018587336,-0.5000000000000004,0.8660254037844384,-0.594726686960764,0.8039279618328208,0.0,4517.0,5165.0,3639.0,4007.0,1879.6723118671543,3681.6666666666665,4279.5,1865.9345506009693,12480.0,1,0,1,0,0,0,0,0,1,6238
945,0,2014-11-25,0.9749279121818236,-0.22252093395631434,-0.5000000000000004,0.8660254037844384,-0.5808002734538014,0.8140460935082175,6238.0,4294.0,4778.0,3821.1428571428573,4007.0,2010.914006828028,3867.3,4297.0,1761.1047306772525,12480.0,1,0,1,0,0,0,0,0,1,5569
945,0,2014-11-26,0.43388373911755823,-0.900968867902419,-0.5000000000000004,0.8660254037844384,-0.5667017562911184,0.8239230057575536,5569.0,4045.0,4761.0,4054.8571428571427,4007.0,2132.652919766948,3914.5,4408.5,1790.8552522420016,12480.0,1,0,1,0,0,0,0,0,1,5681
945,0,2014-11-27,-0.433883739117558,-0.9009688679024191,-0.5000000000000004,0.8660254037844384,-0.5524353131676203,0.8335557718385695,5681.0,4007.0,4729.0,4272.285714285715,5529.0,2203.3736038391785,3980.0666666666666,4623.0,1813.3708168877745,12480.0,1,0,1,0,0,0,0,0,1,5529
945,0,2014-11-28,-0.9749279121818236,-0.2225209339563146,-0.5000000000000004,0.8660254037844384,-0.5380051715382992,0.8429415373547832,5529.0,3890.0,4913.0,4591.571428571428,5569.0,2298.6204454804974,4068.8,4741.0,1851.9167218931825,12480.0,1,0,1,0,0,0,0,0,1,6125
945,0,2014-11-29,-0.7818314824680299,0.6234898018587334,-0.5000000000000004,0.8660254037844384,-0.5234156073655503,0.8520775211013093,6125.0,2999.0,3087.0,4947.714285714285,5569.0,2201.838604006943,4081.8333333333335,4741.0,1860.7862276622416,12480.0,0,0,1,0,0,0,0,0,1,5492
945,0,2014-11-30,-2.4492935982947064e-16,1.0,-0.5000000000000004,0.8660254037844384,-0.5086709438521042,0.8609610158889945,5492.0,0.0,0.0,4947.714285714285,5569.0,2201.838604006943,3905.866666666667,4623.0,1988.8695755392691,12480.0,0,0,1,0,0,0,0,0,1,0
945,0,2014-12-01,0.7818314824680298,0.6234898018587336,-2.4492935982947064e-16,1.0,-0.4937755501599774,0.8695893893466109,0.0,6238.0,4517.0,5091.714285714285,5569.0,2329.545285693164,4046.366666666667,4741.0,2072.075046626106,12480.0,1,0,1,0,0,0,0,0,1,7246
945,0,2014-12-02,0.9749279121818236,-0.22252093395631434,-2.4492935982947064e-16,1.0,-0.4787338401157883,0.8779600847008883,7246.0,5569.0,4294.0,5308.142857142857,5681.0,2448.6118127469313,4282.5,4757.0,1997.3492735847826,12480.0,1,0,1,0,0,0,0,0,1,7084
945,0,2014-12-03,0.43388373911755823,-0.900968867902419,-2.4492935982947064e-16,1.0,-0.4635502709028512,0.8860706215341377,7084.0,5681.0,4045.0,5463.571428571428,6125.0,2509.985847047938,4303.6,4757.0,2020.8105509321313,12480.0,1,0,1,0,0,0,0,0,1,6769
945,0,2014-12-04,-0.433883739117558,-0.9009688679024191,-2.4492935982947064e-16,1.0,-0.4482293417404106,0.893918596519257,6769.0,5529.0,4007.0,5562.285714285715,6220.0,2526.52150292886,4335.3,4757.0,2043.8050070631873,12480.0,1,0,1,0,0,0,0,0,1,6220
945,0,2014-12-05,-0.9749279121818236,-0.2225209339563146,-2.4492935982947064e-16,1.0,-0.4327755925504317,0.9015016841318838,6220.0,6125.0,3890.0,5883.714285714285,6769.0,2743.8223165434574,4452.466666666666,4757.0,2171.675449387239,12480.0,1,0,1,0,0,0,0,0,1,8375
945,0,2014-12-06,-0.7818314824680299,0.6234898018587334,-2.4492935982947064e-16,1.0,-0.41719360261231697,0.9088176373395028,8375.0,5492.0,2999.0,5663.857142857143,6769.0,2840.399703596393,4425.8,4745.0,2172.7693023833235,12480.0,0,0,1,0,0,0,0,0,1,3953
945,0,2014-12-07,-2.4492935982947064e-16,1.0,-2.4492935982947064e-16,1.0,-0.4014879892059737,0.9158642882672868,3953.0,0.0,0.0,5663.857142857143,6769.0,2840.399703596393,4282.466666666666,4745.0,2318.311019170896,12480.0,0,0,1,0,0,0,0,0,1,0
945,0,2014-12-08,0.7818314824680298,0.6234898018587336,-2.4492935982947064e-16,1.0,-0.38566340624360745,0.9226395488404875,0.0,7246.0,6238.0,5398.285714285715,6220.0,2753.391830348266,4361.766666666666,4769.5,2313.8972004008715,12480.0,0,0,1,0,0,0,0,0,1,5387
945,0,2014-12-09,0.9749279121818236,-0.22252093395631434,-2.4492935982947064e-16,1.0,-0.3697245428906732,0.9291414114031743,5387.0,7084.0,5569.0,5101.714285714285,5387.0,2651.4778089640076,4528.7,4845.5,2164.176153675558,12480.0,0,0,1,0,0,0,0,0,1,5008
945,0,2014-12-10,0.43388373911755823,-0.900968867902419,-2.4492935982947064e-16,1.0,-0.3536761221763721,0.935367949313148,5008.0,6769.0,5681.0,4788.428571428572,5008.0,2549.2320972626817,4509.066666666667,4769.5,2160.8737845241403,12480.0,0,0,1,0,0,0,0,0,1,4576
945,0,2014-12-11,-0.433883739117558,-0.9009688679024191,-2.4492935982947064e-16,1.0,-0.33752289959411347,0.941317317512847,4576.0,6220.0,5529.0,4539.285714285715,4576.0,2469.993772885925,4499.0,4745.0,2160.281096013458,12480.0,0,0,1,0,0,0,0,0,1,4476
945,0,2014-12-12,-0.9749279121818236,-0.2225209339563146,-2.4492935982947064e-16,1.0,-0.32126966169236515,0.946987753076075,4476.0,8375.0,6125.0,3972.285714285714,4476.0,1810.1497833315475,4487.166666666667,4652.5,2159.7686830695134,12480.0,0,0,1,0,0,0,0,0,1,4406
945,0,2014-12-13,-0.7818314824680299,0.6234898018587334,-2.4492935982947064e-16,1.0,-0.3049212246562894,0.9523775757303973,4406.0,3953.0,5492.0,4012.4285714285716,4476.0,1812.7647261520074,4470.666666666667,4546.5,2159.74826651456,12480.0,0,0,1,0,0,0,0,0,1,4234
945,0,2014-12-14,-2.4492935982947064e-16,1.0,-2.4492935982947064e-16,1.0,-0.2884824328806098,0.9574851883550389,4234.0,0.0,0.0,4012.4285714285716,4476.0,1812.7647261520074,4306.9,4496.5,2306.344179088151,12480.0,0,0,1,0,0,0,0,0,1,0
945,0,2014-12-15,0.7818314824680298,0.6234898018587336,-2.4492935982947064e-16,1.0,-0.27195815753410524,0.9623090774541487,0.0,5387.0,7246.0,4235.714285714285,4476.0,2085.9681776324505,4435.666666666667,4546.5,2343.427173935694,12480.0,1,0,1,0,0,0,0,0,1,6950
945,0,2014-12-16,0.9749279121818236,-0.22252093395631434,-2.4492935982947064e-16,1.0,-0.2553532951161881,0.9668478136052773,6950.0,5008.0,7084.0,4594.857142857143,4476.0,2429.2640468923537,4686.4,4792.0,2253.1370866049156,12480.0,1,0,1,0,0,0,0,0,1,7522
945,0,2014-12-17,0.43388373911755823,-0.900968867902419,-2.4492935982947064e-16,1.0,-0.23867276600594997,0.9711000518829505,7522.0,4576.0,6769.0,4954.857142857143,4476.0,2606.2777690652647,4772.366666666667,5197.5,2295.2570509389707,12480.0,1,0,1,0,0,0,0,0,1,7096
945,0,2014-12-18,-0.433883739117558,-0.9009688679024191,-2.4492935982947064e-16,1.0,-0.22192151300416674,0.9750645322571945,7096.0,4476.0,6220.0,5378.857142857143,6950.0,2752.7016685777044,4877.366666666667,5439.5,2344.148863746136,12480.0,1,0,1,0,0,0,0,0,1,7444
945,0,2014-12-19,-0.9749279121818236,-0.2225209339563146,-2.4492935982947064e-16,1.0,-0.20510449986861926,0.9787400799669153,7444.0,4406.0,8375.0,5647.0,6950.0,2733.493430270746,4951.966666666666,5510.5,2352.3429184001066,12480.0,1,0,1,0,0,0,0,0,1,6283
945,0,2014-12-20,-0.7818314824680299,0.6234898018587334,-2.4492935982947064e-16,1.0,-0.1882267098432439,0.9821256058680006,6283.0,4234.0,3953.0,5710.714285714285,6950.0,2700.062389049909,4974.4,5510.5,2346.221505255661,12480.0,0,0,1,0,0,0,0,0,1,4680
945,0,2014-12-21,-2.4492935982947064e-16,1.0,-2.4492935982947064e-16,1.0,-0.1712931441814778,0.9852201067560606,4680.0,0.0,0.0,5710.714285714285,6950.0,2700.062389049909,4844.733333333334,5510.5,2509.9954242757217,12480.0,0,0,1,0,0,0,0,0,1,0
945,0,2014-12-22,0.7818314824680298,0.6234898018587336,-2.4492935982947064e-16,1.0,-0.154308820664281,0.9880226656636976,0.0,6950.0,5387.0,5910.428571428572,7096.0,2854.3028253932016,5023.033333333334,5549.0,2563.7704787706903,12480.0,0,0,1,0,0,0,0,0,1,8348
945,0,2014-12-23,0.9749279121818236,-0.22252093395631434,-2.4492935982947064e-16,1.0,-0.13727877211326517,0.9905324521322227,8348.0,7522.0,5008.0,6084.428571428572,7096.0,3002.2116212964756,5314.366666666667,5625.0,2468.0955730018372,12480.0,0,0,1,0,0,0,0,0,1,8740
945,0,2014-12-24,0.43388373911755823,-0.900968867902419,-2.4492935982947064e-16,1.0,-0.12020804489935275,0.9927487224577402,8740.0,7096.0,4576.0,5645.428571428572,6283.0,3053.8721790072163,5240.533333333334,5549.0,2472.639002519699,12480.0,0,0,1,0,0,0,0,0,1,4023
945,0,2014-12-25,-0.433883739117558,-0.9009688679024191,-2.4492935982947064e-16,1.0,-0.10310169744743544,0.9946708199115211,4023.0,7444.0,4476.0,4582.0,4680.0,3574.8345882478734,5054.9,5510.5,2649.826752306909,12480.0,0,0,1,0,0,0,0,0,1,0
945,0,2014-12-26,-0.9749279121818236,-0.2225209339563146,-2.4492935982947064e-16,1.0,-0.0859647987374467,0.9962981749346077,0.0,6283.0,4406.0,3684.4285714285716,4023.0,3854.4030172061193,4865.533333333334,5439.5,2802.154918719832,12480.0,0,0,1,0,0,0,0,0,1,0
945,0,2014-12-27,-0.7818314824680299,0.6234898018587334,-2.4492935982947064e-16,1.0,-0.06880242680232064,0.9976303053065857,0.0,4680.0,4234.0,3473.5714285714284,3204.0,3831.1651777295688,4788.033333333334,5197.5,2815.293277836234,12480.0,0,0,1,0,0,0,0,0,1,3204
945,0,2014-12-28,-2.4492935982947064e-16,1.0,-2.4492935982947064e-16,1.0,-0.05161966722325418,0.9986668162884759,3204.0,0.0,0.0,3473.5714285714284,3204.0,3831.1651777295688,4583.866666666667,4844.0,2934.5602588196552,12480.0,0,0,1,0,0,0,0,0,1,0
945,0,2014-12-29,0.7818314824680298,0.6234898018587336,-2.4492935982947064e-16,1.0,-0.034421611622745804,0.9994074007397048,0.0,8348.0,6950.0,3100.714285714286,3204.0,3377.903329694609,4592.066666666667,4844.0,2937.5275427419942,12480.0,0,0,1,0,0,0,0,0,1,5738
945,0,2014-12-30,0.9749279121818236,-0.22252093395631434,-2.4492935982947064e-16,1.0,-0.01721335615583528,0.9998518392091162,5738.0,8740.0,7522.0,2667.4285714285716,3204.0,2650.1072844410746,4782.3,5197.5,2812.0020619750135,12480.0,0,0,1,0,0,0,0,0,1,5707
945,0,2014-12-31,0.43388373911755823,-0.900968867902419,-2.4492935982947064e-16,1.0,6.432490598706546e-16,1.0,5707.0,4023.0,7096.0,2524.8571428571427,3025.0,2591.216215639001,4641.6,4844.0,2789.9926041182416,12480.0,0,0,1,0,0,0,0,0,1,3025
945,0,2015-01-01,-0.433883739117558,-0.9009688679024191,0.49999999999999994,0.8660254037844387,0.017213356155834685,0.9998518392091162,3025.0,0.0,7444.0,2524.8571428571427,3025.0,2591.216215639001,4405.466666666666,4628.0,2874.645810066579,12480.0,0,0,1,0,0,0,0,0,1,0
945,0,2015-01-02,-0.9749279121818236,-0.2225209339563146,0.49999999999999994,0.8660254037844387,0.03442161162274574,0.9994074007397048,0.0,0.0,6283.0,3114.285714285714,3204.0,2381.987315547376,4317.366666666667,4526.0,2840.003830538133,12480.0,0,0,1,0,0,0,0,0,1,4126
945,0,2015-01-03,-0.7818314824680299,0.6234898018587334,0.49999999999999994,0.8660254037844387,0.051619667223253764,0.998666816288476,4126.0,3204.0,4680.0,3029.0,3025.0,2388.9173279960996,4196.933333333333,4441.0,2833.136715828362,12480.0,0,0,1,0,0,0,0,0,1,2607
945,0,2015-01-04,-2.4492935982947064e-16,1.0,0.49999999999999994,0.8660254037844387,0.06880242680231986,0.9976303053065857,2607.0,0.0,0.0,3029.0,3025.0,2388.9173279960996,3917.766666666667,4320.0,2819.838790737359,12480.0,0,0,1,0,0,0,0,0,1,0
945,0,2015-01-05,0.7818314824680298,0.6234898018587336,0.49999999999999994,0.8660254037844387,0.08596479873744647,0.9962981749346078,0.0,5738.0,8348.0,3108.1428571428573,3025.0,2500.206620033066,3995.733333333333,4441.0,2852.9876165574024,12480.0,1,0,1,0,0,0,0,0,1,6292
945,0,2015-01-06,0.9749279121818236,-0.22252093395631434,0.49999999999999994,0.8660254037844387,0.10310169744743485,0.9946708199115211,6292.0,5707.0,8740.0,3023.714285714286,3025.0,2406.024848464495,4166.266666666666,4526.0,2757.205455971097,12480.0,1,0,1,0,0,0,0,0,1,5116
945,0,2015-01-07,0.43388373911755823,-0.900968867902419,0.49999999999999994,0.8660254037844387,0.1202080448993527,0.9927487224577402,5116.0,3025.0,4023.0,3233.285714285714,4126.0,2469.2155781601155,4136.433333333333,4484.0,2748.369343288205,12480.0,1,0,1,0,0,0,0,0,1,4492
945,0,2015-01-08,-0.433883739117558,-0.9009688679024191,0.49999999999999994,0.8660254037844387,0.13727877211326478,0.9905324521322229,4492.0,0.0,0.0,3791.0,4126.0,2016.620853474119,4099.633333333333,4441.0,2743.6840132143166,12480.0,1,0,1,0,0,0,0,0,1,3904
945,0,2015-01-09,-0.9749279121818236,-0.2225209339563146,0.49999999999999994,0.8660254037844387,0.15430882066428117,0.9880226656636976,3904.0,4126.0,0.0,3736.8571428571427,3904.0,2011.2081301688197,4072.0,4320.0,2742.895361751382,12480.0,1,0,1,0,0,0,0,0,1,3747
945,0,2015-01-10,-0.7818314824680299,0.6234898018587334,0.49999999999999994,0.8660254037844387,0.1712931441814776,0.9852201067560606,3747.0,2607.0,3204.0,3714.0,3904.0,2027.0358490498759,4004.366666666667,4180.0,2757.5661117948816,12480.0,0,0,1,0,0,0,0,0,1,2447
945,0,2015-01-11,-2.4492935982947064e-16,1.0,0.49999999999999994,0.8660254037844387,0.1882267098432442,0.9821256058680006,2447.0,0.0,0.0,3714.0,3904.0,2027.0358490498757,3857.5,4074.5,2851.17945044164,12480.0,0,0,1,0,0,0,0,0,1,0
945,0,2015-01-12,0.7818314824680298,0.6234898018587336,0.49999999999999994,0.8660254037844387,0.2051044998686192,0.9787400799669153,0.0,6292.0,5738.0,3562.285714285714,3904.0,1832.3162676683094,3890.7,4074.5,2861.49490892315,12480.0,1,0,1,0,0,0,0,0,1,5230
945,0,2015-01-13,0.9749279121818236,-0.22252093395631434,0.49999999999999994,0.8660254037844387,0.22192151300416552,0.9750645322571948,5230.0,5116.0,5707.0,3425.4285714285716,3904.0,1729.8379362571238,4029.3,4142.0,2765.639193437182,12480.0,1,0,1,0,0,0,0,0,1,4158
945,0,2015-01-14,0.43388373911755823,-0.900968867902419,0.49999999999999994,0.8660254037844387,0.2386727660059501,0.9711000518829505,4158.0,4492.0,3025.0,3503.0,3904.0,1796.5272054717177,3965.4666666666667,4142.0,2717.5848016249633,12480.0,1,0,1,0,0,0,0,0,1,5035
945,0,2015-01-15,-0.433883739117558,-0.9009688679024191,0.49999999999999994,0.8660254037844387,0.255353295116187,0.9668478136052775,5035.0,3904.0,0.0,3590.8571428571427,4158.0,1834.0521101803954,3865.366666666667,4142.0,2636.1519563146608,12480.0,1,0,1,0,0,0,0,0,1,4519
945,0,2015-01-16,-0.9749279121818236,-0.2225209339563146,0.49999999999999994,0.8660254037844387,0.2719581575341055,0.9623090774541486,4519.0,3747.0,4126.0,3819.285714285714,4519.0,1952.4929120046986,3807.0333333333333,4142.0,2580.983620081003,12480.0,1,0,1,0,0,0,0,0,1,5346
945,0,2015-01-17,-0.7818314824680299,0.6234898018587334,0.49999999999999994,0.8660254037844387,0.288482432880609,0.9574851883550393,5346.0,2447.0,2607.0,3836.285714285714,4519.0,1939.0249022198213,3644.4333333333334,4074.5,2496.21984116029,12480.0,0,0,1,0,0,0,0,0,1,2566
945,0,2015-01-18,-2.4492935982947064e-16,1.0,0.49999999999999994,0.8660254037844387,0.30492122465628907,0.9523775757303974,2566.0,0.0,0.0,3836.285714285714,4519.0,1939.0249022198213,3435.0,3963.5,2530.5463632488,12480.0,0,0,1,0,0,0,0,0,1,0
945,0,2015-01-19,0.7818314824680298,0.6234898018587336,0.49999999999999994,0.8660254037844387,0.3212696616923644,0.9469877530760753,0.0,5230.0,6292.0,3679.285714285714,4158.0,1849.8098744002286,3416.7,3963.5,2523.2069516172587,12480.0,0,0,1,0,0,0,0,0,1,4131
945,0,2015-01-20,0.9749279121818236,-0.22252093395631434,0.49999999999999994,0.8660254037844387,0.3375228995941133,0.9413173175128471,4131.0,4158.0,5116.0,3592.4285714285716,4131.0,1837.821070102937,3535.0333333333333,3963.5,2439.293799489903,12480.0,0,0,1,0,0,0,0,0,1,3550
945,0,2015-01-21,0.43388373911755823,-0.900968867902419,0.49999999999999994,0.8660254037844387,0.3536761221763716,0.9353679493131483,3550.0,5035.0,4492.0,3362.8571428571427,3550.0,1724.4622764378362,3371.0333333333333,3825.5,2263.6132313006883,12480.0,0,0,1,0,0,0,0,0,1,3428
945,0,2015-01-22,-0.433883739117558,-0.9009688679024191,0.49999999999999994,0.8660254037844387,0.3697245428906731,0.9291414114031743,3428.0,4519.0,3904.0,3257.285714285714,3550.0,1663.4274570181674,3205.7,3763.5,2026.6823433112695,12480.0,0,0,1,0,0,0,0,0,1,3780
945,0,2015-01-23,-0.9749279121818236,-0.2225209339563146,0.49999999999999994,0.8660254037844387,0.38566340624360707,0.9226395488404876,3780.0,5346.0,3747.0,3011.5714285714284,3550.0,1411.4141675571266,3192.4666666666667,3686.5,2022.4534218809997,12480.0,0,0,1,0,0,0,0,0,1,3626
945,0,2015-01-24,-0.7818314824680299,0.6234898018587334,0.49999999999999994,0.8660254037844387,0.401487989205973,0.9158642882672872,3626.0,2566.0,2447.0,3050.285714285714,3550.0,1400.8324565873663,3287.0333333333333,3686.5,1932.3511225756936,12480.0,0,0,1,0,0,0,0,0,1,2837
945,0,2015-01-25,-2.4492935982947064e-16,1.0,0.49999999999999994,0.8660254037844387,0.4171936026123168,0.9088176373395029,2837.0,0.0,0.0,3050.285714285714,3550.0,1400.8324565873663,3287.0333333333333,3686.5,1932.3511225756936,12480.0,0,0,1,0,0,0,0,0,1,0
945,0,2015-01-26,0.7818314824680298,0.6234898018587336,0.49999999999999994,0.8660254037844387,0.4327755925504312,0.901501684131884,0.0,4131.0,5230.0,3133.714285714286,3550.0,1490.447216362233,3337.4,3763.5,1949.726198284227,12480.0,1,0,1,0,0,0,0,0,1,4715
945,0,2015-01-27,0.9749279121818236,-0.22252093395631434,0.49999999999999994,0.8660254037844387,0.4482293417404106,0.893918596519257,4715.0,3550.0,4158.0,3365.0,3626.0,1679.4463373385952,3509.7,3842.0,1871.4500767199681,12480.0,1,0,1,0,0,0,0,0,1,5169
945,0,2015-01-28,0.43388373911755823,-0.900968867902419,0.49999999999999994,0.8660254037844387,0.4635502709028509,0.886070621534138,5169.0,3428.0,5035.0,3468.4285714285716,3780.0,1706.0557686413147,3456.8333333333335,3842.0,1828.234669222507,12480.0,1,0,1,0,0,0,0,0,1,4152
945,0,2015-01-29,-0.433883739117558,-0.9009688679024191,0.49999999999999994,0.8660254037844387,0.47873384011578846,0.8779600847008882,4152.0,3780.0,4519.0,3552.5714285714284,4152.0,1738.2054785652663,3412.233333333333,3842.0,1787.311035265438,12480.0,1,0,1,0,0,0,0,0,1,4369
945,0,2015-01-30,-0.9749279121818236,-0.2225209339563146,0.49999999999999994,0.8660254037844387,0.4937755501599772,0.869589389346611,4369.0,3626.0,5346.0,3791.0,4369.0,1860.1468580016344,3487.9,4015.0,1818.136965175598,12480.0,1,0,1,0,0,0,0,0,1,5295
945,0,2015-01-31,-0.7818314824680299,0.6234898018587334,0.49999999999999994,0.8660254037844387,0.5086709438521044,0.8609610158889943,5295.0,2837.0,2566.0,3810.5714285714284,4369.0,1849.1245547684553,3587.0333333333333,4015.0,1698.5476855919846,12480.0,0,0,1,0,0,0,0,0,1,2974
945,0,2015-02-01,-2.4492935982947064e-16,1.0,0.8660254037844386,0.5000000000000001,0.5234156073655503,0.8520775211013093,2974.0,0.0,0.0,3810.5714285714284,4369.0,1849.1245547684553,3449.5,3842.0,1816.3597879578672,12480.0,0,0,1,0,0,0,0,0,1,0
945,0,2015-02-02,0.7818314824680298,0.6234898018587336,0.8660254037844386,0.5000000000000001,0.5380051715382996,0.8429415373547828,0.0,4715.0,4131.0,3954.1428571428573,4369.0,1966.3505476365333,3553.266666666667,4017.5,1855.0774857565714,12480.0,1,0,1,0,0,0,0,0,1,5720
945,0,2015-02-03,0.9749279121818236,-0.22252093395631434,0.8660254037844386,0.5000000000000001,0.5524353131676196,0.8335557718385699,5720.0,5169.0,3550.0,3901.0,4369.0,1932.7858995070696,3713.1666666666665,4141.5,1741.5034147764866,12480.0,1,0,1,0,0,0,0,0,1,4797
945,0,2015-02-04,0.43388373911755823,-0.900968867902419,0.8660254037844386,0.5000000000000001,0.5667017562911176,0.8239230057575542,4797.0,4152.0,3428.0,3983.8571428571427,4732.0,1957.612102245274,3661.1666666666665,4141.5,1684.1933520609916,12480.0,1,0,1,0,0,0,0,0,1,4732
945,0,2015-02-05,-0.433883739117558,-0.9009688679024191,0.8660254037844386,0.5000000000000001,0.5808002734538009,0.8140460935082178,4732.0,4369.0,3780.0,4004.1428571428573,4732.0,1962.9966402222465,3641.0,4141.5,1669.7324377854993,12480.0,1,0,1,0,0,0,0,0,1,4511
945,0,2015-02-06,-0.9749279121818236,-0.2225209339563146,0.8660254037844386,0.5000000000000001,0.5947266869607634,0.8039279618328213,4511.0,5295.0,3626.0,3884.4285714285716,4511.0,1895.5466104480183,3639.8333333333335,4141.5,1669.1294465065928,12480.0,1,0,1,0,0,0,0,0,1,4457
945,0,2015-02-07,-0.7818314824680299,0.6234898018587334,0.8660254037844386,0.5000000000000001,0.6084768701151261,0.7935716089521474,4457.0,2974.0,2837.0,3891.4285714285716,4511.0,1891.7107651667147,3610.4666666666667,4141.5,1672.0689998411813,12480.0,0,0,1,0,0,0,0,0,1,3023
945,0,2015-02-08,-2.4492935982947064e-16,1.0,0.8660254037844386,0.5000000000000001,0.6220467484408675,0.7829801036770629,3023.0,0.0,0.0,3891.4285714285716,4511.0,1891.7107651667147,3485.5666666666666,4141.5,1796.8118832193215,12480.0,0,0,1,0,0,0,0,0,1,0
945,0,2015-02-09,0.7818314824680298,0.6234898018587336,0.8660254037844386,0.5000000000000001,0.6354323008901774,0.7721565844991642,0.0,5720.0,4715.0,3643.5714285714284,4457.0,1717.870179140721,3536.8333333333335,4141.5,1788.0775668458778,12480.0,0,0,1,0,0,0,0,0,1,3985
945,0,2015-02-10,0.9749279121818236,-0.22252093395631434,0.8660254037844386,0.5000000000000001,0.6486295610349814,0.7611042586607747,3985.0,4797.0,5169.0,3537.8571428571427,4057.0,1656.7420266466243,3672.0666666666666,4141.5,1660.2052414319635,12480.0,0,0,1,0,0,0,0,0,1,4057
945,0,2015-02-11,0.43388373911755823,-0.900968867902419,0.8660254037844386,0.5000000000000001,0.6616346182422783,0.7498264012045686,4057.0,4732.0,4152.0,3391.1428571428573,3985.0,1576.9194048916486,3621.233333333333,4094.0,1633.9983683639634,12480.0,0,0,1,0,0,0,0,0,1,3705
945,0,2015-02-12,-0.433883739117558,-0.9009688679024191,0.8660254037844386,0.5000000000000001,0.6744436188329455,0.7383263540031065,3705.0,4511.0,4369.0,3326.285714285714,3985.0,1531.8773573936198,3617.866666666667,4057.0,1632.9580042604168,12480.0,0,0,1,0,0,0,0,0,1,4057
945,0,2015-02-13,-0.9749279121818236,-0.2225209339563146,0.8660254037844386,0.5000000000000001,0.6870527672236669,0.7266075247685656,4057.0,4457.0,5295.0,3360.285714285714,3985.0,1563.471640749711,3606.5333333333333,4057.0,1623.9383743474268,12480.0,0,0,1,0,0,0,0,0,1,4695
945,0,2015-02-14,-0.7818314824680299,0.6234898018587334,0.8660254037844386,0.5000000000000001,0.6994583270516471,0.7146733860429609,4695.0,3023.0,2974.0,3326.714285714286,3985.0,1574.4057835985593,3548.8333333333335,4021.0,1621.14925355405,12480.0,0,0,1,0,0,0,0,0,1,2788
945,0,2015-02-15,-2.4492935982947064e-16,1.0,0.8660254037844386,0.5000000000000001,0.7116566222817746,0.702527474169157,2788.0,0.0,0.0,3326.714285714286,3985.0,1574.4057835985593,3370.633333333333,3882.5,1708.2696928992696,12480.0,0,0,1,0,0,0,0,0,1,0
945,0,2015-02-16,0.7818314824680298,0.6234898018587336,0.8660254037844386,0.5000000000000001,0.7236440382959124,0.6901733882429719,0.0,3985.0,5720.0,3519.8571428571427,4057.0,1742.5699821978926,3463.0,4021.0,1737.9197830779751,12480.0,1,0,1,0,0,0,0,0,1,5337
945,0,2015-02-17,0.9749279121818236,-0.22252093395631434,0.8660254037844386,0.5000000000000001,0.7354170229639855,0.6776147890466889,5337.0,4057.0,4797.0,3528.1428571428573,4057.0,1745.6848158217153,3600.1666666666665,4057.0,1613.0810545368606,12480.0,1,0,1,0,0,0,0,0,1,4115
945,0,2015-02-18,0.43388373911755823,-0.900968867902419,0.8660254037844386,0.5000000000000001,0.7469720876965552,0.6648553979642865,4115.0,3705.0,4732.0,3661.285714285714,4115.0,1796.2316771773226,3617.0333333333333,4057.0,1621.4466610754257,12480.0,1,0,1,0,0,0,0,0,1,4637
945,0,2015-02-19,-0.433883739117558,-0.9009688679024191,0.8660254037844386,0.5000000000000001,0.7583058084785625,0.6518989958787126,4637.0,4057.0,4511.0,3731.285714285714,4547.0,1823.5628783863172,3650.266666666667,4086.0,1630.2189388256259,12480.0,1,0,1,0,0,0,0,0,1,4547
945,0,2015-02-20,-0.9749279121818236,-0.2225209339563146,0.8660254037844386,0.5000000000000001,0.7694148268839378,0.6387494220515272,4547.0,4695.0,4457.0,3706.714285714286,4523.0,1809.5178652784623,3686.766666666667,4133.5,1637.3137521527472,12480.0,1,0,1,0,0,0,0,0,1,4523
945,0,2015-02-21,-0.7818314824680299,0.6234898018587334,0.8660254037844386,0.5000000000000001,0.7802958510707755,0.6254105729852463,4523.0,2788.0,3023.0,3681.8571428571427,4523.0,1825.367216806113,3647.9,4133.5,1648.8230985599482,12480.0,0,0,1,0,0,0,0,0,1,2614
945,0,2015-02-22,-2.4492935982947064e-16,1.0,0.8660254037844386,0.5000000000000001,0.7909456567567772,0.6118864012687243,2614.0,0.0,0.0,3681.8571428571427,4523.0,1825.367216806113,3527.0333333333333,4133.5,1778.3016206546602,12480.0,0,0,1,0,0,0,0,0,1,0
945,0,2015-02-23,0.7818314824680298,0.6234898018587336,0.8660254037844386,0.5000000000000001,0.8013610881746766,0.5981809144059164,0.0,5337.0,3985.0,3429.285714285714,4115.0,1674.2403963475274,3551.4333333333334,4133.5,1773.5226719205182,12480.0,0,0,1,0,0,0,0,0,1,3569
945,0,2015-02-24,0.9749279121818236,-0.22252093395631434,0.8660254037844386,0.5000000000000001,0.8115390590073611,0.5842981736283683,3569.0,4115.0,4057.0,3338.0,3569.0,1647.833527190582,3667.3,4133.5,1642.1847968168968,12480.0,0,0,1,0,0,0,0,0,1,3476
945,0,2015-02-25,0.43388373911755823,-0.900968867902419,0.8660254037844386,0.5000000000000001,0.8214765533024142,0.5702422926917871,3476.0,4637.0,3705.0,3245.1428571428573,3569.0,1579.3234235553205,3643.0333333333333,4086.0,1631.513185577317,12480.0,0,0,1,0,0,0,0,0,1,3987
945,0,2015-02-26,-0.433883739117558,-0.9009688679024191,0.8660254037844386,0.5000000000000001,0.8311706263658079,0.5560174366570446,3987.0,4547.0,4057.0,3172.714285714286,3569.0,1520.1874571124204,3605.4,4057.0,1607.9516118984732,12480.0,0,0,1,0,0,0,0,0,1,4040
945,0,2015-02-27,-0.9749279121818236,-0.2225209339563146,0.8660254037844386,0.5000000000000001,0.8406184056344782,0.5416278206559814,4040.0,4523.0,4695.0,3146.1428571428573,3569.0,1494.0530366056284,3611.5666666666666,4057.0,1610.472937248309,12480.0,0,0,1,0,0,0,0,0,1,4337
945,0,2015-02-28,-0.7818314824680299,0.6234898018587334,0.8660254037844386,0.5000000000000001,0.8498170915275278,0.5270777086423722,4337.0,2614.0,2788.0,3288.4285714285716,3610.0,1482.30888112014,3586.266666666667,4048.5,1604.1128589871155,12480.0,0,0,1,0,0,0,0,0,1,3610
945,0,2015-03-01,-2.4492935982947064e-16,1.0,1.0,6.123233995736766e-17,0.8587639582758029,0.5123714121284237,3610.0,0.0,0.0,3288.4285714285716,3610.0,1482.30888112014,3409.766666666667,4013.5,1698.1646823867668,12480.0,0,0,1,0,0,0,0,0,1,0
945,0,2015-03-02,0.7818314824680298,0.6234898018587336,1.0,6.123233995736766e-17,0.8674563547295968,0.49751328890718066,0.0,3569.0,5337.0,3553.8571428571427,3987.0,1692.386818330007,3491.5333333333333,4048.5,1735.113028879821,12480.0,1,0,1,0,0,0,0,0,1,5427
945,0,2015-03-03,0.9749279121818236,-0.22252093395631434,1.0,6.123233995736766e-17,0.8758917051442429,0.48250774176121847,5427.0,3476.0,4115.0,3768.714285714286,4040.0,1774.3409775919408,3657.5333333333333,4057.0,1624.2340100922127,12480.0,1,0,1,0,0,0,0,0,1,4980
945,0,2015-03-04,0.43388373911755823,-0.900968867902419,1.0,6.123233995736766e-17,0.8840675099433636,0.46735921715800227,4980.0,3987.0,4637.0,3862.714285714286,4337.0,1804.9972958692367,3621.7,4057.0,1588.6314680816663,12480.0,1,0,1,0,0,0,0,0,1,4645
945,0,2015-03-05,-0.433883739117558,-0.9009688679024191,1.0,6.123233995736766e-17,0.8919813464595485,0.45207220393230435,4645.0,4040.0,4547.0,4031.714285714286,4645.0,1878.2576779456867,3635.9,4057.0,1601.3521301786145,12480.0,1,0,1,0,0,0,0,0,1,5223
945,0,2015-03-06,-0.9749279121818236,-0.2225209339563146,1.0,6.123233995736766e-17,0.8996308696522433,0.43665123195606403,5223.0,4337.0,4523.0,4075.5714285714284,4645.0,1890.1208830074784,3632.9666666666667,4057.0,1599.354427591793,12480.0,1,0,1,0,0,0,0,0,1,4644
945,0,2015-03-07,-0.7818314824680299,0.6234898018587334,1.0,6.123233995736766e-17,0.9070138128026359,0.4211008707960896,4644.0,3610.0,2614.0,3971.0,4645.0,1939.7687147355184,3578.5333333333333,4048.5,1596.2266439483383,12480.0,0,0,1,0,0,0,0,0,1,2878
945,0,2015-03-08,-2.4492935982947064e-16,1.0,1.0,6.123233995736766e-17,0.9141279881853337,0.40542572835999735,2878.0,0.0,0.0,3971.0,4645.0,1939.7687147355184,3429.9666666666667,4013.5,1714.6657557736987,12480.0,0,0,1,0,0,0,0,0,1,0
945,0,2015-03-09,0.7818314824680298,0.6234898018587336,1.0,6.123233995736766e-17,0.9209712877166346,0.38963044953078796,0.0,5427.0,3569.0,3826.8571428571427,4644.0,1848.9027762947665,3476.4666666666667,4048.5,1722.1478316401847,12480.0,0,0,1,0,0,0,0,0,1,4418
945,0,2015-03-10,0.9749279121818236,-0.22252093395631434,1.0,6.123233995736766e-17,0.9275416835791966,0.37371971479046906,4418.0,4980.0,3476.0,3639.285714285714,4418.0,1777.647482328426,3598.7,4048.5,1592.1169414249741,12480.0,0,0,1,0,0,0,0,0,1,3667
945,0,2015-03-11,0.43388373911755823,-0.900968867902419,1.0,6.123233995736766e-17,0.9338372288229252,0.35769823883312546,3667.0,4645.0,3987.0,3563.4285714285716,4114.0,1738.476138954546,3603.0,4057.0,1593.3699486005905,12480.0,0,0,1,0,0,0,0,0,1,4114
945,0,2015-03-12,-0.433883739117558,-0.9009688679024191,1.0,6.123233995736766e-17,0.9398560579418954,0.3415707691678556,4114.0,5223.0,4040.0,3377.0,3918.0,1594.8902783577375,3598.366666666667,4048.5,1592.2059190022337,12480.0,0,0,1,0,0,0,0,0,1,3918
945,0,2015-03-13,-0.9749279121818236,-0.2225209339563146,1.0,6.123233995736766e-17,0.9455963874271426,0.3253420847119801,3918.0,4644.0,4337.0,3313.5714285714284,3918.0,1544.1247636490737,3614.866666666667,4085.5,1595.9095932680705,12480.0,0,0,1,0,0,0,0,0,1,4200
945,0,2015-03-14,-0.7818314824680299,0.6234898018587334,1.0,6.123233995736766e-17,0.9510565162951535,0.30901699437494745,4200.0,2878.0,3610.0,3323.285714285714,3918.0,1541.138833707699,3577.8333333333335,4077.0,1598.1848773839813,12480.0,0,0,1,0,0,0,0,0,1,2946
945,0,2015-03-15,-2.4492935982947064e-16,1.0,1.0,6.123233995736766e-17,0.9562348265919056,0.29260033563334836,2946.0,0.0,0.0,3323.285714285714,3918.0,1541.138833707699,3421.3333333333335,4013.5,1710.9154100159033,12480.0,0,0,1,0,0,0,0,0,1,0
945,0,2015-03-16,0.7818314824680298,0.6234898018587336,1.0,6.123233995736766e-17,0.9611297838723007,0.27609697309746883,0.0,4418.0,5427.0,3478.285714285714,3918.0,1714.4111442208346,3511.8333333333335,4077.0,1747.6706878967027,12480.0,1,0,1,0,0,0,0,0,1,5503
945,0,2015-03-17,0.9749279121818236,-0.22252093395631434,1.0,6.123233995736766e-17,0.9657399376548549,0.2595117970697999,5503.0,3667.0,4980.0,3577.285714285714,4114.0,1746.8272872349432,3657.1666666666665,4114.5,1622.3545274210805,12480.0,1,0,1,0,0,0,0,0,1,4360
945,0,2015-03-18,0.43388373911755823,-0.900968867902419,1.0,6.123233995736766e-17,0.970063921851507,0.2428497220959356,4360.0,4114.0,4645.0,3667.5714285714284,4200.0,1794.8632127215076,3637.4666666666667,4114.5,1604.7458437361681,12480.0,1,0,1,0,0,0,0,0,1,4746
945,0,2015-03-19,-0.433883739117558,-0.9009688679024191,1.0,6.123233995736766e-17,0.9741004551724205,0.22611568550828828,4746.0,3918.0,5223.0,3675.1428571428573,4200.0,1796.2069691966165,3632.6666666666665,4077.0,1603.4830909580887,12480.0,1,0,1,0,0,0,0,0,1,3971
945,0,2015-03-20,-0.9749279121818236,-0.2225209339563146,1.0,6.123233995736766e-17,0.9778483415056568,0.20931464596304847,3971.0,4200.0,4644.0,3715.5714285714284,4360.0,1813.0946709188422,3627.5333333333333,4077.0,1600.4005260178344,12480.0,1,0,1,0,0,0,0,0,1,4483
945,0,2015-03-21,-0.7818314824680299,0.6234898018587334,1.0,6.123233995736766e-17,0.9813064702716093,0.19245158197082998,4483.0,2946.0,2878.0,3659.0,4360.0,1846.9699510279042,3560.9666666666667,4013.5,1602.3678488376213,12480.0,0,0,1,0,0,0,0,0,1,2550
945,0,2015-03-22,-2.4492935982947064e-16,1.0,1.0,6.123233995736766e-17,0.9844738167520922,0.1755314904214282,2550.0,0.0,0.0,3659.0,4360.0,1846.9699510279042,3410.2,3979.0,1717.385310129406,12480.0,0,0,1,0,0,0,0,0,1,0
945,0,2015-03-23,0.7818314824680298,0.6234898018587336,1.0,6.123233995736766e-17,0.9873494423939864,0.15855938510313478,0.0,5503.0,4418.0,3485.285714285714,4287.0,1695.6119558324438,3465.9666666666667,4013.5,1717.8023547210134,12480.0,0,0,1,0,0,0,0,0,1,4287
945,0,2015-03-24,0.9749279121818236,-0.22252093395631434,1.0,6.123233995736766e-17,0.989932495087353,0.141540295217043,4287.0,4360.0,3667.0,3407.8571428571427,3971.0,1661.0341586465033,3593.233333333333,4013.5,1588.7492517881706,12480.0,0,0,1,0,0,0,0,0,1,3818
945,0,2015-03-25,0.43388373911755823,-0.900968867902419,1.0,6.123233995736766e-17,0.9922222094179323,0.12447926388678915,3818.0,4746.0,4114.0,3237.4285714285716,3818.0,1558.9165957102946,3592.7,4013.5,1588.7603527973276,12480.0,0,0,1,0,0,0,0,0,1,3553
945,0,2015-03-26,-0.433883739117558,-0.9009688679024191,1.0,6.123233995736766e-17,0.994217906893952,0.10738134666416309,3553.0,3971.0,3918.0,3279.714285714286,3818.0,1585.9119053177553,3619.0666666666666,4077.0,1593.3139382265902,12480.0,0,0,1,0,0,0,0,0,1,4267
945,0,2015-03-27,-0.9749279121818236,-0.2225209339563146,1.0,6.123233995736766e-17,0.995918996147179,0.09025161003104117,4267.0,4483.0,4200.0,3242.1428571428573,3818.0,1555.47735744492,3626.8333333333335,4157.0,1595.7353311644247,12480.0,0,0,1,0,0,0,0,0,1,4220
945,0,2015-03-28,-0.7818314824680299,0.6234898018587334,1.0,6.123233995736766e-17,0.9973249731081555,0.07309512989807777,4220.0,2550.0,2946.0,3272.5714285714284,3818.0,1541.7032634008965,3584.266666666667,4157.0,1601.3562125711535,12480.0,0,0,1,0,0,0,0,0,1,2763
945,0,2015-03-29,-2.4492935982947064e-16,1.0,1.0,6.123233995736766e-17,0.9984354211555643,0.055916990100603484,2763.0,0.0,0.0,3272.5714285714284,3818.0,1541.7032634008965,3439.7,4042.5,1722.2607866526425,12480.0,0,0,1,0,0,0,0,0,1,0
945,0,2015-03-30,0.7818314824680298,0.6234898018587336,1.0,6.123233995736766e-17,0.9992500112396835,0.03872228089217446,0.0,4287.0,5503.0,3520.285714285714,3818.0,1841.9351883536128,3520.0666666666666,4157.0,1785.5707854591085,12480.0,1,0,1,0,0,0,0,0,1,6021
945,0,2015-03-31,0.9749279121818236,-0.22252093395631434,1.0,6.123233995736766e-17,0.9997685019798909,0.021516097436222254,6021.0,3818.0,4360.0,3866.4285714285716,4220.0,2114.6827860731983,3728.1,4210.0,1723.8079409381369,12480.0,1,0,1,0,0,0,0,0,1,6241
945,0,2015-04-01,0.43388373911755823,-0.900968867902419,0.8660254037844387,-0.49999999999999983,0.9999907397361901,0.004303538296244289,6241.0,3553.0,4746.0,4405.428571428572,4267.0,2472.1127844513153,3791.4,4210.0,1820.4993365784999,12480.0,1,0,1,0,0,0,0,0,1,7326
945,0,2015-04-02,-0.433883739117558,-0.9009688679024191,0.8660254037844387,-0.49999999999999983,0.9999166586547379,-0.01291029607500882,7326.0,4267.0,3971.0,4908.857142857143,6021.0,2778.9955876522163,3885.1,4210.0,1951.4181995808003,12480.0,1,0,1,0,0,0,0,0,1,7791
945,0,2015-04-03,-0.9749279121818236,-0.2225209339563146,0.8660254037844387,-0.49999999999999983,0.9995462806873573,-0.030120304846908114,7791.0,4220.0,4483.0,4306.0,6021.0,3351.994331737453,3730.266666666667,4157.0,2069.7351976776513,12480.0,1,0,1,0,0,0,0,0,1,0
945,0,2015-04-04,-0.7818314824680299,0.6234898018587334,0.8660254037844387,-0.49999999999999983,0.9988797155850336,-0.04732138832243185,0.0,2763.0,2550.0,4636.428571428572,6021.0,3287.9316120798953,3725.366666666667,4157.0,2066.2504351891953,12480.0,0,0,1,0,0,0,0,0,1,5076
945,0,2015-04-05,-2.4492935982947064e-16,1.0,0.8660254037844387,-0.49999999999999983,0.9979171608653922,-0.06450844944931623,5076.0,0.0,0.0,4636.428571428572,6021.0,3287.9316120798953,3570.5666666666666,4042.5,2166.579326533169,12480.0,0,0,1,0,0,0,0,0,1,0
945,0,2015-04-06,0.7818314824680298,0.6234898018587336,0.8660254037844387,-0.49999999999999983,0.9966589017541702,-0.08167639533042241,0.0,6021.0,4287.0,3776.285714285714,5076.0,3634.6360989002173,3474.633333333333,4042.5,2260.0054544232826,12480.0,0,0,1,0,0,0,0,0,1,0
945,0,2015-04-07,0.9749279121818236,-0.22252093395631434,0.8660254037844387,-0.49999999999999983,0.9951053111006976,-0.09882013873287143,0.0,6241.0,3818.0,3538.1428571428573,4574.0,3498.2858863816664,3627.1,4157.0,2170.009238022605,12480.0,0,0,1,0,0,0,0,0,1,4574
945,0,2015-04-08,0.43388373911755823,-0.900968867902419,0.8660254037844387,-0.49999999999999983,0.9932568492674143,-0.11593459959550041,4574.0,7326.0,3553.0,3043.5714285714284,3864.0,3094.999723055611,3608.633333333333,4042.5,2165.3989913995115,12480.0,0,0,1,0,0,0,0,0,1,3864
945,0,2015-04-09,-0.433883739117558,-0.9009688679024191,0.8660254037844387,-0.49999999999999983,0.9911140639934547,-0.1330147065341959,3864.0,7791.0,4267.0,2491.8571428571427,3864.0,2366.055960776041,3617.366666666667,4042.5,2166.170711318642,12480.0,0,0,1,0,0,0,0,0,1,3929
945,0,2015-04-10,-0.9749279121818236,-0.2225209339563146,0.8660254037844387,-0.49999999999999983,0.9886775902323405,-0.1500553983446526,3929.0,0.0,4220.0,3012.714285714286,3864.0,2113.96047852412,3601.766666666667,3950.0,2164.155050270011,12480.0,0,0,1,0,0,0,0,0,1,3646
945,0,2015-04-11,-0.7818314824680299,0.6234898018587334,0.8660254037844387,-0.49999999999999983,0.9859481499638304,-0.16705162550211924,3646.0,5076.0,2763.0,2603.0,3646.0,1916.0867238549922,3544.766666666667,3950.0,2178.013626557755,12480.0,0,0,1,0,0,0,0,0,1,2208
945,0,2015-04-12,-2.4492935982947064e-16,1.0,0.8660254037844387,-0.49999999999999983,0.9829265519799822,-0.18399835165768005,2208.0,0.0,0.0,2603.0,3646.0,1916.0867238549922,3404.766666666667,3896.5,2267.5871831824534,12480.0,0,0,1,0,0,0,0,0,1,0
945,0,2015-04-13,0.7818314824680298,0.6234898018587336,0.8660254037844387,-0.49999999999999983,0.9796136916454901,-0.20089055513063506,0.0,0.0,6021.0,3393.714285714286,3864.0,1801.5151691734166,3491.0666666666666,3950.0,2298.579725400663,12480.0,1,0,1,0,0,0,0,0,1,5535
945,0,2015-04-14,0.9749279121818236,-0.22252093395631434,0.8660254037844387,-0.49999999999999983,0.9760105506323683,-0.21772323039653177,5535.0,4574.0,6241.0,3426.714285714286,3864.0,1828.6502959182553,3651.233333333333,4095.5,2212.736388047276,12480.0,1,0,1,0,0,0,0,0,1,4805
945,0,2015-04-15,0.43388373911755823,-0.900968867902419,0.8660254037844387,-0.49999999999999983,0.9721181966290613,-0.23449138957040985,4805.0,3864.0,7326.0,3510.285714285714,3929.0,1864.9723603211717,3616.1,4095.5,2190.57722435482,12480.0,1,0,1,0,0,0,0,0,1,4449
945,0,2015-04-16,-0.433883739117558,-0.9009688679024191,0.8660254037844387,-0.49999999999999983,0.9679377830240642,-0.25119006388481935,4449.0,3929.0,7791.0,3576.0,4389.0,1890.1199256484629,3617.0666666666666,4095.5,2190.9231865118873,12480.0,1,0,1,0,0,0,0,0,1,4389
945,0,2015-04-17,-0.9749279121818236,-0.2225209339563146,0.8660254037844387,-0.49999999999999983,0.9634705485641488,-0.2678143051621742,4389.0,3646.0,0.0,3676.714285714286,4389.0,1913.1144515584845,3603.9,4095.5,2185.083875135989,12480.0,1,0,1,0,0,0,0,0,1,4351
945,0,2015-04-18,-0.7818314824680299,0.6234898018587334,0.8660254037844387,-0.49999999999999983,0.9587178169872964,-0.2843591872810034,4351.0,2208.0,5076.0,3754.4285714285716,4389.0,1853.6333561542408,3563.266666666667,4074.5,2189.3519263634303,12480.0,0,0,1,0,0,0,0,0,1,2752
945,0,2015-04-19,-2.4492935982947064e-16,1.0,0.8660254037844387,-0.49999999999999983,0.9536809966304457,-0.30081980763566735,2752.0,0.0,0.0,3754.4285714285716,4389.0,1853.6333561542408,3413.8333333333335,3896.5,2275.7010603530407,12480.0,0,0,1,0,0,0,0,0,1,0
945,0,2015-04-20,0.7818314824680298,0.6234898018587336,0.8660254037844387,-0.49999999999999983,0.9483615800121715,-0.3171912885891061,0.0,5535.0,0.0,3563.4285714285716,4351.0,1702.2873687231256,3468.766666666667,4063.5,2274.0198598491843,12480.0,0,0,1,0,0,0,0,0,1,4198
945,0,2015-04-21,0.9749279121818236,-0.22252093395631434,0.8660254037844387,-0.49999999999999983,0.9427611433904207,-0.3334687789181868,4198.0,4805.0,4574.0,3436.0,4198.0,1625.5116117702812,3599.2,4063.5,2178.40845731386,12480.0,0,0,1,0,0,0,0,0,1,3913
945,0,2015-04-22,0.43388373911755823,-0.900968867902419,0.8660254037844387,-0.49999999999999983,0.9368813462954315,-0.3496474552512284,3913.0,4449.0,3864.0,3337.285714285714,3913.0,1573.90339753173,3581.5666666666666,3921.0,2174.787023791197,12480.0,0,0,1,0,0,0,0,0,1,3758
945,0,2015-04-23,-0.433883739117558,-0.9009688679024191,0.8660254037844387,-0.49999999999999983,0.9307239310379795,-0.36572252349726897,3758.0,4389.0,3929.0,3323.1428571428573,3913.0,1563.28675430661,3597.3,4063.5,2178.2610139346443,12480.0,0,0,1,0,0,0,0,0,1,4290
945,0,2015-04-24,-0.9749279121818236,-0.2225209339563146,0.8660254037844387,-0.49999999999999983,0.9242907221930934,-0.3816892202666588,4290.0,4351.0,3646.0,3247.5714285714284,3822.0,1517.4311469435127,3606.266666666667,4063.5,2178.6259974538098,12480.0,0,0,1,0,0,0,0,0,1,3822
945,0,2015-04-25,-0.7818314824680299,0.6234898018587334,0.8660254037844387,-0.49999999999999983,0.9175836260593937,-0.39754281428255595,3822.0,2752.0,2208.0,3276.285714285714,3822.0,1508.3651982953565,3562.4666666666667,3921.0,2178.092818599974,12480.0,0,0,1,0,0,0,0,0,1,2953
945,0,2015-04-26,-2.4492935982947064e-16,1.0,0.8660254037844387,-0.49999999999999983,0.9106046300942163,-0.4132786077829042,2953.0,0.0,0.0,3276.285714285714,3822.0,1508.3651982953565,3421.8,3888.5,2268.553897575919,12480.0,0,0,1,0,0,0,0,0,1,0
945,0,2015-04-27,0.7818314824680298,0.6234898018587336,0.8660254037844387,-0.49999999999999983,0.9033558023246845,-0.4288919379124835,0.0,4198.0,5535.0,3433.285714285714,3822.0,1668.9407533208766,3506.266666666667,3921.0,2290.2498423163097,12480.0,1,0,1,0,0,0,0,0,1,5297
945,0,2015-04-28,0.9749279121818236,-0.22252093395631434,0.8660254037844387,-0.49999999999999983,0.895839290734909,-0.4443781781046132,5297.0,3913.0,4805.0,3495.285714285714,3822.0,1697.548203958262,3651.1666666666665,4063.5,2196.3538136449333,12480.0,1,0,1,0,0,0,0,0,1,4347
945,0,2015-04-29,0.43388373911755823,-0.900968867902419,0.8660254037844387,-0.49999999999999983,0.8880573226294932,-0.45973273945210397,4347.0,3758.0,4449.0,3686.714285714286,4290.0,1804.3087055052192,3620.4,4063.5,2168.2978482258122,12480.0,1,0,1,0,0,0,0,0,1,5098
945,0,2015-04-30,-0.433883739117558,-0.9009688679024191,0.8660254037844387,-0.49999999999999983,0.8800122039735357,-0.47495107206704995,5098.0,4290.0,4389.0,3936.5714285714284,4347.0,2011.0309841093033,3613.6666666666665,4063.5,2160.177775783397,12480.0,1,0,1,0,0,0,0,0,1,6039
945,0,2015-05-01,-0.9749279121818236,-0.2225209339563146,0.49999999999999994,-0.8660254037844387,0.8717063187093218,-0.49002866642905923,6039.0,3822.0,4351.0,3390.5714285714284,4347.0,2505.3984950597455,3369.4666666666667,3921.0,2140.035702785213,12480.0,1,0,1,0,0,0,0,0,1,0
945,0,2015-05-02,-0.7818314824680299,0.6234898018587334,0.49999999999999994,-0.8660254037844387,0.8631421280499114,-0.5049610547215204,0.0,2953.0,2752.0,3488.8571428571427,4347.0,2498.858234512413,3231.133333333333,3888.5,1971.8932043078298,12480.0,0,0,1,0,0,0,0,0,1,3641
945,0,2015-05-03,-2.4492935982947064e-16,1.0,0.49999999999999994,-0.8660254037844387,0.854322169749827,-0.5197438121555155,3641.0,0.0,0.0,3488.8571428571427,4347.0,2498.858234512413,3231.133333333333,3888.5,1971.8932043078298,12480.0,0,0,1,0,0,0,0,0,1,0
945,0,2015-05-04,0.7818314824680298,0.6234898018587336,0.49999999999999994,-0.8660254037844387,0.8452490573530633,-0.5343725582809787,0.0,5297.0,4198.0,3661.5714285714284,4347.0,2679.885374236673,3278.8,3888.5,2034.3225323230436,12480.0,1,0,1,0,0,0,0,0,1,6506
945,0,2015-05-05,0.9749279121818236,-0.22252093395631434,0.49999999999999994,-0.8660254037844387,0.835925479418637,-0.548842958284719,6506.0,4347.0,3913.0,3726.5714285714284,4802.0,2704.6843227471672,3438.866666666667,3921.0,1954.8043862508969,12480.0,1,0,1,0,0,0,0,0,1,4802
945,0,2015-05-06,0.43388373911755823,-0.900968867902419,0.49999999999999994,-0.8660254037844387,0.8263541987239096,-0.5631507242749186,4802.0,5098.0,3758.0,3717.4285714285716,4802.0,2699.3786851263203,3606.6666666666665,4063.5,1863.353360779011,12480.0,1,0,1,0,0,0,0,0,1,5034
945,0,2015-05-07,-0.433883739117558,-0.9009688679024191,0.49999999999999994,-0.8660254037844387,0.8165380514459161,-0.5772916165517272,5034.0,6039.0,4290.0,3475.714285714286,4347.0,2527.104978315818,3599.1,4063.5,1859.747189901043,12480.0,1,0,1,0,0,0,0,0,1,4347
945,0,2015-05-08,-0.9749279121818236,-0.2225209339563146,0.49999999999999994,-0.8660254037844387,0.8064799463209448,-0.5912614448635781,4347.0,0.0,3822.0,4193.571428571428,4802.0,2042.4667159379362,3637.8,4244.0,1877.4452267137763,12480.0,1,0,1,0,0,0,0,0,1,5025
945,0,2015-05-09,-0.7818314824680299,0.6234898018587334,0.49999999999999994,-0.8660254037844387,0.7961828637826158,-0.6050560696488488,5025.0,3641.0,2953.0,4105.571428571428,4802.0,2083.1081630697026,3607.6666666666665,4244.0,1879.8633723892203,12480.0,0,0,1,0,0,0,0,0,1,3025
945,0,2015-05-10,-2.4492935982947064e-16,1.0,0.49999999999999994,-0.8660254037844387,0.7856498550787145,-0.6186714032625031,3025.0,0.0,0.0,4105.571428571428,4802.0,2083.1081630697026,3486.133333333333,4244.0,1991.8227786651084,12480.0,0,0,1,0,0,0,0,0,1,0
945,0,2015-05-11,0.7818314824680298,0.6234898018587336,0.49999999999999994,-0.8660254037844387,0.7748840413670407,-0.6321034111873487,0.0,6506.0,5297.0,3755.8571428571427,4347.0,1799.0804529510324,3547.8,4244.0,1979.487087867582,12480.0,0,0,1,0,0,0,0,0,1,4058
945,0,2015-05-12,0.9749279121818236,-0.22252093395631434,0.49999999999999994,-0.8660254037844387,0.7638886127905428,-0.6453481132295501,4058.0,4802.0,4347.0,3684.1428571428573,4300.0,1760.0103625236109,3691.133333333333,4295.0,1866.1715509221713,12480.0,0,0,1,0,0,0,0,0,1,4300
945,0,2015-05-13,0.43388373911755823,-0.900968867902419,0.49999999999999994,-0.8660254037844387,0.7526668275320084,-0.6584015846980488,4300.0,5034.0,5098.0,3698.5714285714284,4300.0,1773.284791673624,3677.8,4295.0,1853.9321194283984,12480.0,0,0,1,0,0,0,0,0,1,5135
945,0,2015-05-14,-0.433883739117558,-0.9009688679024191,0.49999999999999994,-0.8660254037844387,0.741222010848596,-0.6712599575675313,5135.0,4347.0,6039.0,3077.5714285714284,4058.0,2214.5999531249367,3517.633333333333,4244.0,1957.8392115188922,12480.0,0,0,1,0,0,0,0,0,1,0
945,0,2015-05-15,-0.9749279121818236,-0.2225209339563146,0.49999999999999994,-0.8660254037844387,0.7295575540864875,-0.6839194216246106,0.0,5025.0,0.0,3030.8571428571427,4058.0,2169.667903049642,3525.9333333333334,4244.0,1962.4461500775049,12480.0,0,0,1,0,0,0,0,0,1,4698
945,0,2015-05-16,-0.7818314824680299,0.6234898018587334,0.49999999999999994,-0.8660254037844387,0.717676913675962,-0.6963762255968722,4698.0,3025.0,3641.0,3004.0,4058.0,2170.915705410973,3474.2,4128.0,1959.3639608389456,12480.0,0,0,1,0,0,0,0,0,1,2837
945,0,2015-05-17,-2.4492935982947064e-16,1.0,0.49999999999999994,-0.8660254037844387,0.705583610107178,-0.7086266782644596,2837.0,0.0,0.0,3004.0,4058.0,2170.915705410973,3329.1666666666665,3985.5,2051.108650316286,12480.0,0,0,1,0,0,0,0,0,1,0
945,0,2015-05-18,0.7818314824680298,0.6234898018587336,0.49999999999999994,-0.8660254037844387,0.6932812268869777,-0.7206671495538609,0.0,4058.0,6506.0,3208.1428571428573,4300.0,2346.6253378395318,3420.3333333333335,4128.0,2085.071210779859,12480.0,1,0,1,0,0,0,0,0,1,5487
945,0,2015-05-19,0.9749279121818236,-0.22252093395631434,0.49999999999999994,-0.8660254037844387,0.6807734094770161,-0.7324940716135789,5487.0,4300.0,4802.0,3232.4285714285716,4470.0,2360.64629971984,3569.3333333333335,4244.0,1989.7602235260495,12480.0,1,0,1,0,0,0,0,0,1,4470
945,0,2015-05-20,0.43388373911755823,-0.900968867902419,0.49999999999999994,-0.8660254037844387,0.6680638642135335,-0.7441039398713607,4470.0,5135.0,5034.0,3179.0,4470.0,2314.1836573617097,3588.1,4295.0,1998.5297069733965,12480.0,1,0,1,0,0,0,0,0,1,4761
945,0,2015-05-21,-0.433883739117558,-0.9009688679024191,0.49999999999999994,-0.8660254037844387,0.6551563572090853,-0.7554933140726803,4761.0,0.0,4347.0,3777.4285714285716,4470.0,1850.2215054008084,3597.3,4295.0,2000.7109968967145,12480.0,1,0,1,0,0,0,0,0,1,4189
945,0,2015-05-22,-0.9749279121818236,-0.2225209339563146,0.49999999999999994,-0.8660254037844387,0.6420547132365637,-0.766658819300159,4189.0,4698.0,5025.0,3714.1428571428573,4255.0,1820.828788269367,3613.866666666667,4295.0,2004.1422747577733,12480.0,1,0,1,0,0,0,0,0,1,4255
945,0,2015-05-23,-0.7818314824680299,0.6234898018587334,0.49999999999999994,-0.8660254037844387,0.6287628145958344,-0.777597146973627,4255.0,2837.0,3025.0,3734.285714285714,4255.0,1810.2574139502701,3570.133333333333,4277.5,2003.193945081003,12480.0,0,0,1,0,0,0,0,0,1,2978
945,0,2015-05-24,-2.4492935982947064e-16,1.0,0.49999999999999994,-0.8660254037844387,0.6152845999633276,-0.7883050558305255,2978.0,0.0,0.0,3734.285714285714,4255.0,1810.2574139502701,3442.733333333333,4277.5,2105.5451081130627,12480.0,0,0,1,0,0,0,0,0,1,0
945,0,2015-05-25,0.7818314824680298,0.6234898018587336,0.49999999999999994,-0.8660254037844387,0.6016240632249226,-0.7987793728863649,0.0,5487.0,4058.0,2950.4285714285716,4189.0,2091.0144951787493,3344.3,4277.5,2196.29928790886,12480.0,0,0,1,0,0,0,0,0,1,0
945,0,2015-05-26,0.9749279121818236,-0.22252093395631434,0.49999999999999994,-0.8660254037844387,0.5877852522924732,-0.8090169943749473,0.0,4470.0,4300.0,2987.714285714286,4189.0,2124.6825421135095,3502.0,4323.5,2116.280911540744,12480.0,0,0,1,0,0,0,0,0,1,4731
945,0,2015-05-27,0.43388373911755823,-0.900968867902419,0.49999999999999994,-0.8660254037844387,0.5737722679043246,-0.8190148866680801,4731.0,4761.0,5135.0,2938.285714285714,4189.0,2080.1103908435384,3472.6,4323.5,2096.5185854912766,12480.0,0,0,1,0,0,0,0,0,1,4415
945,0,2015-05-28,-0.433883739117558,-0.9009688679024191,0.49999999999999994,-0.8660254037844387,0.5595892624101765,-0.8287700871745037,4415.0,4189.0,0.0,2887.5714285714284,3834.0,2048.624323551695,3455.5,4277.5,2091.226149976331,12480.0,0,0,1,0,0,0,0,0,1,3834
945,0,2015-05-29,-0.9749279121818236,-0.2225209339563146,0.49999999999999994,-0.8660254037844387,0.545240438540651,-0.8382797052177743,3834.0,4255.0,4698.0,3039.5714285714284,3834.0,2200.8114304458186,3462.866666666667,4277.5,2097.5911921047436,12480.0,0,0,1,0,0,0,0,0,1,5319
945,0,2015-05-30,-0.7818314824680299,0.6234898018587334,0.49999999999999994,-0.8660254037844387,0.5307300481619334,-0.8475409228928311,5319.0,2978.0,2837.0,3163.8571428571427,3848.0,2221.2257448363566,3389.8333333333335,4222.0,2042.215026054719,12480.0,0,0,1,0,0,0,0,0,1,3848
945,0,2015-05-31,-2.4492935982947064e-16,1.0,0.49999999999999994,-0.8660254037844387,0.5160623910158528,-0.8565509959010036,3848.0,0.0,0.0,3163.8571428571427,3848.0,2221.2257448363566,3389.8333333333335,4222.0,2042.215026054719,12480.0,0,0,1,0,0,0,0,0,1,0
945,0,2015-06-01,0.7818314824680298,0.6234898018587336,1.2246467991473532e-16,-1.0,0.5012418134457758,-0.865307254363206,0.0,0.0,5487.0,4145.285714285715,4415.0,2105.00005655469,3497.4666666666667,4277.5,2138.7198190431145,12480.0,1,0,1,0,0,0,0,0,1,6870
945,0,2015-06-02,0.9749279121818236,-0.22252093395631434,1.2246467991473532e-16,-1.0,0.48627270710869,-0.8738071036110808,6870.0,4731.0,4470.0,4209.285714285715,4415.0,2132.4080061662485,3670.1,4323.5,2054.0184727034207,12480.0,1,0,1,0,0,0,0,0,1,5179
945,0,2015-06-03,0.43388373911755823,-0.900968867902419,1.2246467991473532e-16,-1.0,0.4711595076738638,-0.8820480249558537,5179.0,4415.0,4761.0,4395.857142857143,5179.0,2209.1583184983565,3643.9333333333334,4323.5,2021.3863957491,12480.0,1,0,1,0,0,0,0,0,1,5721
945,0,2015-06-04,-0.433883739117558,-0.9009688679024191,1.2246467991473532e-16,-1.0,0.4559066935084588,-0.8900275764346767,5721.0,3834.0,4189.0,4515.142857142857,5179.0,2196.2696729205372,3639.5,4323.5,2018.9032486937565,12480.0,1,0,1,0,0,0,0,0,1,4669
945,0,2015-06-05,-0.9749279121818236,-0.2225209339563146,1.2246467991473532e-16,-1.0,0.440518784350495,-0.8977433935342337,4669.0,5319.0,4255.0,4418.571428571428,4669.0,2169.7343045591924,3626.4666666666667,4323.5,2010.8363799987392,12480.0,1,0,1,0,0,0,0,0,1,4643
945,0,2015-06-06,-0.7818314824680299,0.6234898018587334,1.2246467991473532e-16,-1.0,0.42500033996955416,-0.9051931898913974,4643.0,3848.0,2978.0,4288.285714285715,4669.0,2236.0727264772154,3579.4333333333334,4277.5,2009.9033890546407,12480.0,0,0,1,0,0,0,0,0,1,2936
945,0,2015-06-07,-2.4492935982947064e-16,1.0,1.2246467991473532e-16,-1.0,0.4093559588156213,-0.9123747579707273,2936.0,0.0,0.0,4288.285714285715,4669.0,2236.0727264772154,3411.9333333333334,4222.0,2092.948999054606,12480.0,0,0,1,0,0,0,0,0,1,0
945,0,2015-06-08,0.7818314824680298,0.6234898018587336,1.2246467991473532e-16,-1.0,0.39359027665646673,-0.9192859697186104,0.0,6870.0,0.0,3883.4285714285716,4643.0,1925.753606352839,3445.633333333333,4222.0,2094.6425994761557,12480.0,0,0,1,0,0,0,0,0,1,4036
945,0,2015-06-09,0.9749279121818236,-0.22252093395631434,1.2246467991473532e-16,-1.0,0.3777079652039649,-0.9259247771938498,4036.0,5179.0,4731.0,3691.714285714286,4036.0,1840.1780452160742,3573.5333333333333,4222.0,1991.6058974040798,12480.0,0,0,1,0,0,0,0,0,1,3837
945,0,2015-06-10,0.43388373911755823,-0.900968867902419,1.2246467991473532e-16,-1.0,0.36171373072976765,-0.9322892131745133,3837.0,5721.0,4415.0,3416.8571428571427,3837.0,1616.6730682249352,3564.8333333333335,4222.0,1989.9860176832174,12480.0,0,0,1,0,0,0,0,0,1,3797
945,0,2015-06-11,-0.433883739117558,-0.9009688679024191,1.2246467991473532e-16,-1.0,0.3456123126707335,-0.9383773917408641,3797.0,4669.0,3834.0,3296.714285714286,3828.0,1537.4181511314964,3549.1,4112.5,1985.8347215665526,12480.0,0,0,1,0,0,0,0,0,1,3828
945,0,2015-06-12,-0.9749279121818236,-0.2225209339563146,1.2246467991473532e-16,-1.0,0.3294084822245304,-0.9441875088341993,3828.0,4643.0,5319.0,3195.0,3828.0,1454.8390518083727,3508.9666666666667,3983.5,1964.7329814775708,12480.0,0,0,1,0,0,0,0,0,1,3931
945,0,2015-06-13,-0.7818314824680299,0.6234898018587334,1.2246467991473532e-16,-1.0,0.3131070409358269,-0.9497178427914316,3931.0,2936.0,3848.0,3147.714285714286,3828.0,1469.9607380568332,3595.8,3983.5,1859.0246126248098,12480.0,0,0,1,0,0,0,0,0,1,2605
945,0,2015-06-14,-2.4492935982947064e-16,1.0,1.2246467991473532e-16,-1.0,0.29671281927349075,-0.9549667548552551,2605.0,0.0,0.0,3147.714285714286,3828.0,1469.9607380568332,3439.2,3889.5,1958.2049204168661,12480.0,0,0,1,0,0,0,0,0,1,0
945,0,2015-06-15,0.7818314824680298,0.6234898018587336,1.2246467991473532e-16,-1.0,0.28023067519921585,-0.9599326896597447,0.0,4036.0,6870.0,3442.8571428571427,3828.0,1839.0982780130303,3548.0333333333333,3983.5,2013.531354633434,12480.0,1,0,1,0,0,0,0,0,1,6102
945,0,2015-06-16,0.9749279121818236,-0.22252093395631434,1.2246467991473532e-16,-1.0,0.26366549272800704,-0.9646141756912435,6102.0,3837.0,5179.0,3565.4285714285716,3828.0,1897.4123481857166,3704.5333333333333,4112.5,1907.9432098346167,12480.0,1,0,1,0,0,0,0,0,1,4695
945,0,2015-06-17,0.43388373911755823,-0.900968867902419,1.2246467991473532e-16,-1.0,0.24702218048093552,-0.9690098257244062,4695.0,3797.0,5721.0,3758.4285714285716,3931.0,1991.2812338745541,3693.233333333333,4112.5,1898.0003031018487,12480.0,1,0,1,0,0,0,0,0,1,5148
945,0,2015-06-18,-0.433883739117558,-0.9009688679024191,1.2246467991473532e-16,-1.0,0.23030567023061221,-0.9731183372332619,5148.0,3828.0,4669.0,3822.0,4273.0,2000.952273293897,3686.6666666666665,4112.5,1895.5594085294097,12480.0,1,0,1,0,0,0,0,0,1,4273
945,0,2015-06-19,-0.9749279121818236,-0.2225209339563146,1.2246467991473532e-16,-1.0,0.21352091543979612,-0.9769384927771817,4273.0,3931.0,4643.0,3898.5714285714284,4467.0,2016.0175972399065,3676.866666666667,4112.5,1890.5670146232867,12480.0,1,0,1,0,0,0,0,0,1,4467
945,0,2015-06-20,-0.7818314824680299,0.6234898018587334,1.2246467991473532e-16,-1.0,0.19667288979357647,-0.980469160361632,4467.0,2605.0,2936.0,3892.5714285714284,4467.0,2020.5664929373065,3622.6666666666665,3983.5,1898.668813766059,12480.0,0,0,1,0,0,0,0,0,1,2563
945,0,2015-06-21,-2.4492935982947064e-16,1.0,1.2246467991473532e-16,-1.0,0.1797665857255624,-0.9837092937736097,2563.0,0.0,0.0,3892.5714285714284,4467.0,2020.5664929373065,3480.8333333333335,3889.5,2005.7135815625236,12480.0,0,0,1,0,0,0,0,0,1,0
945,0,2015-06-22,0.7818314824680298,0.6234898018587336,1.2246467991473532e-16,-1.0,0.16280701293851715,-0.986657932891657,0.0,6102.0,4036.0,3544.285714285714,4273.0,1770.9547062047031,3503.7,3889.5,2003.6926626124311,12480.0,0,0,1,0,0,0,0,0,1,3664
945,0,2015-06-23,0.9749279121818236,-0.22252093395631434,1.2246467991473532e-16,-1.0,0.1457991969198751,-0.9893142039703663,3664.0,4695.0,3837.0,3368.0,3664.0,1697.2006363420962,3619.0666666666666,3889.5,1891.4997686261133,12480.0,0,0,1,0,0,0,0,0,1,3461
945,0,2015-06-24,0.43388373911755823,-0.900968867902419,1.2246467991473532e-16,-1.0,0.12874817745258132,-0.99167731989929,3461.0,5148.0,3797.0,3214.1428571428573,3664.0,1551.507055368154,3754.766666666667,3983.5,1764.6874820192381,12480.0,0,0,1,0,0,0,0,0,1,4071
945,0,2015-06-25,-0.433883739117558,-0.9009688679024191,1.2246467991473532e-16,-1.0,0.11165900712169512,-0.993746580436178,4071.0,4273.0,3828.0,3101.8571428571427,3487.0,1489.2985405408685,3713.3,3889.5,1755.5490181628113,12480.0,0,0,1,0,0,0,0,0,1,3487
945,0,2015-06-26,-0.9749279121818236,-0.2225209339563146,1.2246467991473532e-16,-1.0,0.09453674981719912,-0.9955213724144752,3487.0,4467.0,3931.0,2999.5714285714284,3487.0,1401.9388784992152,3691.1666666666665,3842.5,1750.5758674836372,12480.0,0,0,1,0,0,0,0,0,1,3751
945,0,2015-06-27,-0.7818314824680299,0.6234898018587334,1.2246467991473532e-16,-1.0,0.07738647923346301,-0.9970011699250151,3751.0,2563.0,2605.0,3061.0,3487.0,1388.9822413071684,3663.133333333333,3842.5,1754.9380524155513,12480.0,0,0,1,0,0,0,0,0,1,2993
945,0,2015-06-28,-2.4492935982947064e-16,1.0,1.2246467991473532e-16,-1.0,0.06021327736579302,-0.9981855344718586,2993.0,0.0,0.0,3061.0,3487.0,1388.9822413071684,3485.8333333333335,3832.5,1848.093259389876,12480.0,0,0,1,0,0,0,0,0,1,0
945,0,2015-06-29,0.7818314824680298,0.6234898018587336,1.2246467991473532e-16,-1.0,0.04302223300453059,-0.99907411510223,0.0,3664.0,6102.0,3389.0,3487.0,1773.0921201862814,3556.233333333333,3832.5,1901.8109642333432,12480.0,1,0,1,0,0,0,0,0,1,5960
945,0,2015-06-30,0.9749279121818236,-0.22252093395631434,1.2246467991473532e-16,-1.0,0.02581844022713308,-0.9996666485105112,5960.0,3461.0,4695.0,3781.0,3751.0,2070.1110276182485,3763.0666666666666,3884.0,1838.0596203105297,12480.0,1,0,1,0,0,0,0,0,1,6205
945,0,2015-07-01,0.43388373911755823,-0.900968867902419,-0.4999999999999998,-0.8660254037844388,0.008606996888688698,-0.9999629591162655,6205.0,4071.0,5148.0,4027.714285714286,3751.0,2208.705179834689,3727.3333333333335,3884.0,1785.2368206339245,12480.0,1,0,1,0,0,0,0,0,1,5798
945,0,2015-07-02,-0.433883739117558,-0.9009688679024191,-0.4999999999999998,-0.8660254037844388,-0.008606996888688009,-0.9999629591162655,5798.0,3487.0,4273.0,4250.571428571428,5047.0,2223.705080651276,3722.9333333333334,3884.0,1781.6947362927606,12480.0,1,0,1,0,0,0,0,0,1,5047
945,0,2015-07-03,-0.9749279121818236,-0.2225209339563146,-0.4999999999999998,-0.8660254037844388,-0.02581844022713239,-0.9996666485105112,5047.0,3751.0,4467.0,4486.285714285715,5401.0,2249.2284391383155,3712.266666666667,3884.0,1770.2412836387155,12480.0,1,0,1,0,0,0,0,0,1,5401
945,0,2015-07-04,-0.7818314824680299,0.6234898018587334,-0.4999999999999998,-0.8660254037844388,-0.04302223300453034,-0.99907411510223,5401.0,2993.0,2563.0,4522.571428571428,5401.0,2223.0190325428234,3664.866666666667,3832.5,1762.7623645922854,12480.0,0,0,1,0,0,0,0,0,1,3247
945,0,2015-07-05,-2.4492935982947064e-16,1.0,-0.4999999999999998,-0.8660254037844388,-0.060213277365792774,-0.9981855344718586,3247.0,0.0,0.0,4522.571428571428,5401.0,2223.0190325428234,3510.1,3812.5,1874.2219047583078,12480.0,0,0,1,0,0,0,0,0,1,0
945,0,2015-07-06,0.7818314824680298,0.6234898018587336,-0.4999999999999998,-0.8660254037844388,-0.07738647923346322,-0.9970011699250151,0.0,5960.0,3664.0,4295.714285714285,5047.0,2131.005374174809,3557.9666666666667,3832.5,1877.3887676923682,12480.0,0,0,1,0,0,0,0,0,1,4372
945,0,2015-07-07,0.9749279121818236,-0.22252093395631434,-0.4999999999999998,-0.8660254037844388,-0.09453674981719933,-0.9955213724144752,4372.0,6205.0,3461.0,4035.4285714285716,4383.0,1963.6322514787826,3704.0666666666666,3884.0,1757.6852515960184,12480.0,0,0,1,0,0,0,0,0,1,4383
945,0,2015-07-08,0.43388373911755823,-0.900968867902419,-0.4999999999999998,-0.8660254037844388,-0.11165900712169444,-0.9937465804361781,4383.0,5798.0,4071.0,3797.4285714285716,4372.0,1809.2940480698453,3707.266666666667,3884.0,1758.397643101345,12480.0,0,0,1,0,0,0,0,0,1,4132
945,0,2015-07-09,-0.433883739117558,-0.9009688679024191,-0.4999999999999998,-0.8660254037844388,-0.12874817745258066,-0.99167731989929,4132.0,5047.0,3487.0,3664.5714285714284,4132.0,1734.8587701542071,3716.6,4001.0,1759.8524938187284,12480.0,0,0,1,0,0,0,0,0,1,4117
945,0,2015-07-10,-0.9749279121818236,-0.2225209339563146,-0.4999999999999998,-0.8660254037844388,-0.14579919691987442,-0.9893142039703664,4117.0,5401.0,3751.0,3485.714285714286,4132.0,1583.9806095494314,3728.3333333333335,4094.0,1761.5796072399553,12480.0,0,0,1,0,0,0,0,0,1,4149
945,0,2015-07-11,-0.7818314824680299,0.6234898018587334,-0.4999999999999998,-0.8660254037844388,-0.16280701293851646,-0.9866579328916572,4149.0,3247.0,2993.0,3404.1428571428573,4132.0,1612.7638211645126,3689.9333333333334,4094.0,1771.8581116489236,12480.0,0,0,1,0,0,0,0,0,1,2676
945,0,2015-07-12,-2.4492935982947064e-16,1.0,-0.4999999999999998,-0.8660254037844388,-0.17976658572556214,-0.9837092937736098,2676.0,0.0,0.0,3404.1428571428573,4132.0,1612.7638211645128,3558.9,4094.0,1894.5234747956335,12480.0,0,0,1,0,0,0,0,0,1,0
945,0,2015-07-13,0.7818314824680298,0.6234898018587336,-0.4999999999999998,-0.8660254037844388,-0.19667288979357622,-0.9804691603616321,0.0,4372.0,5960.0,3566.1428571428573,4132.0,1774.9831387529175,3655.6,4124.5,1918.0459093423246,12480.0,1,0,1,0,0,0,0,0,1,5506
945,0,2015-07-14,0.9749279121818236,-0.22252093395631434,-0.4999999999999998,-0.8660254037844388,-0.2135209154397959,-0.9769384927771817,5506.0,4383.0,6205.0,3691.714285714286,4132.0,1870.9039450032133,3831.0,4140.5,1809.7652543526374,12480.0,1,0,1,0,0,0,0,0,1,5262
945,0,2015-07-15,0.43388373911755823,-0.900968867902419,-0.4999999999999998,-0.8660254037844388,-0.23030567023061196,-0.973118337233262,5262.0,4132.0,5798.0,3768.4285714285716,4149.0,1902.705517339533,3783.233333333333,4140.5,1766.1433862853655,12480.0,1,0,1,0,0,0,0,0,1,4669
945,0,2015-07-16,-0.433883739117558,-0.9009688679024191,-0.4999999999999998,-0.8660254037844388,-0.24702218048093527,-0.9690098257244063,4669.0,4117.0,5047.0,3911.1428571428573,4669.0,1969.5009882853972,3797.266666666667,4140.5,1775.286784667787,12480.0,1,0,1,0,0,0,0,0,1,5116
945,0,2015-07-17,-0.9749279121818236,-0.2225209339563146,-0.4999999999999998,-0.8660254037844388,-0.2636654927280072,-0.9646141756912435,5116.0,4149.0,5401.0,4053.714285714286,5116.0,2024.9314979595194,3797.233333333333,4140.5,1775.260557531326,12480.0,1,0,1,0,0,0,0,0,1,5147
945,0,2015-07-18,-0.7818314824680299,0.6234898018587334,-0.4999999999999998,-0.8660254037844388,-0.2802306751992161,-0.9599326896597445,5147.0,2676.0,3247.0,4144.0,5116.0,1966.5120560694963,3765.0666666666666,4124.5,1775.0852904876838,12480.0,0,0,1,0,0,0,0,0,1,3308
945,0,2015-07-19,-2.4492935982947064e-16,1.0,-0.4999999999999998,-0.8660254037844388,-0.2967128192734901,-0.9549667548552553,3308.0,0.0,0.0,4144.0,5116.0,1966.5120560694963,3616.1666666666665,4094.0,1897.3192173811121,12480.0,0,0,1,0,0,0,0,0,1,0
945,0,2015-07-20,0.7818314824680298,0.6234898018587336,-0.4999999999999998,-0.8660254037844388,-0.3131070409358267,-0.9497178427914317,0.0,5506.0,4372.0,4009.8571428571427,4669.0,1888.6036666076402,3682.9666666666667,4124.5,1894.2366578893862,12480.0,0,0,1,0,0,0,0,0,1,4567
945,0,2015-07-21,0.9749279121818236,-0.22252093395631434,-0.4999999999999998,-0.8660254037844388,-0.3294084822245302,-0.9441875088341994,4567.0,5262.0,4383.0,3809.1428571428573,4567.0,1806.213482082657,3811.5333333333333,4124.5,1761.9151557586283,12480.0,0,0,1,0,0,0,0,0,1,3857
945,0,2015-07-22,0.43388373911755823,-0.900968867902419,-0.4999999999999998,-0.8660254037844388,-0.3456123126707333,-0.9383773917408642,3857.0,4669.0,4132.0,3655.8571428571427,3857.0,1766.165472482828,3809.266666666667,4124.5,1762.1552229826561,12480.0,0,0,1,0,0,0,0,0,1,3596
945,0,2015-07-23,-0.433883739117558,-0.9009688679024191,-0.4999999999999998,-0.8660254037844388,-0.3617137307297674,-0.9322892131745134,3596.0,5116.0,4117.0,3438.4285714285716,3596.0,1646.0521313274485,3813.7,4124.5,1761.4159693954682,12480.0,0,0,1,0,0,0,0,0,1,3594
945,0,2015-07-24,-0.9749279121818236,-0.2225209339563146,-0.4999999999999998,-0.8660254037844388,-0.37770796520396466,-0.9259247771938499,3594.0,5147.0,4149.0,3232.4285714285716,3596.0,1478.2713843250515,3801.5,4124.5,1760.8398025785382,12480.0,0,0,1,0,0,0,0,0,1,3705
945,0,2015-07-25,-0.7818314824680299,0.6234898018587334,-0.4999999999999998,-0.8660254037844388,-0.39359027665646645,-0.9192859697186105,3705.0,3308.0,2676.0,3124.0,3596.0,1499.4879125888342,3770.233333333333,4124.5,1774.8886838981994,12480.0,0,0,1,0,0,0,0,0,1,2549
945,0,2015-07-26,-2.4492935982947064e-16,1.0,-0.4999999999999998,-0.8660254037844388,-0.4093559588156211,-0.9123747579707274,2549.0,0.0,0.0,3124.0,3596.0,1499.4879125888342,3645.2,4124.5,1903.734576544491,12480.0,0,0,1,0,0,0,0,0,1,0
945,0,2015-07-27,0.7818314824680298,0.6234898018587336,-0.4999999999999998,-0.8660254037844388,-0.42500033996955394,-0.9051931898913975,0.0,4567.0,5506.0,3193.0,3596.0,1585.5957870781629,3713.766666666667,4140.5,1916.4353706517354,12480.0,1,0,1,0,0,0,0,0,1,5050
945,0,2015-07-28,0.9749279121818236,-0.22252093395631434,-0.4999999999999998,-0.8660254037844388,-0.4405187843504952,-0.8977433935342336,5050.0,3857.0,5262.0,3218.5714285714284,3596.0,1599.4717729241024,3848.3,4140.5,1783.8142618248269,12480.0,1,0,1,0,0,0,0,0,1,4036
945,0,2015-07-29,0.43388373911755823,-0.900968867902419,-0.4999999999999998,-0.8660254037844388,-0.455906693508459,-0.8900275764346766,4036.0,3596.0,4669.0,3364.5714285714284,3705.0,1684.072232926576,3803.5666666666666,4140.5,1745.4466414533892,12480.0,1,0,1,0,0,0,0,0,1,4618
945,0,2015-07-30,-0.433883739117558,-0.9009688679024191,-0.4999999999999998,-0.8660254037844388,-0.47115950767386394,-0.8820480249558535,4618.0,3594.0,5116.0,3552.714285714286,4036.0,1784.5454803474713,3760.4333333333334,4140.5,1699.4385215434374,12480.0,1,0,1,0,0,0,0,0,1,4911
945,0,2015-07-31,-0.9749279121818236,-0.2225209339563146,-0.4999999999999998,-0.8660254037844388,-0.4862727071086902,-0.8738071036110807,4911.0,3705.0,5147.0,3852.5714285714284,4618.0,1980.0383714415652,3760.633333333333,4140.5,1699.6869180941023,12480.0,1,0,1,0,0,0,0,0,1,5804
