2025-03-31 11:18:56 - [Cluster 0 - CLIENT] - INFO - Initialized client logging for cluster 0 -> ../logs/run_20250331_111834/clients_cluster_0.log
2025-03-31 11:18:56 - [Cluster 0 - CLIENT] - INFO - Loading pickle data for store 848, cluster 0...
2025-03-31 11:18:57 - [Cluster 0 - CLIENT] - INFO - x_train shape: (723, 7, 27), y_train shape: (723, 1)
2025-03-31 11:18:57 - [Cluster 0 - CLIENT] - INFO - x_val shape: (176, 7, 27), y_val shape: (176, 1)
2025-03-31 11:18:57 - [Cluster 0 - CLIENT] - INFO - Initialized client logging for cluster 0 -> ../logs/run_20250331_111834/clients_cluster_0.log
2025-03-31 11:18:57 - [Cluster 0 - CLIENT] - INFO - Loading pickle data for store 327, cluster 0...
2025-03-31 11:18:57 - [Cluster 0 - CLIENT] - INFO - x_train shape: (723, 7, 27), y_train shape: (723, 1)
2025-03-31 11:18:57 - [Cluster 0 - CLIENT] - INFO - x_val shape: (176, 7, 27), y_val shape: (176, 1)
2025-03-31 11:18:57 - [Cluster 0 - CLIENT] - INFO - Initialized client logging for cluster 0 -> ../logs/run_20250331_111834/clients_cluster_0.log
2025-03-31 11:18:57 - [Cluster 0 - CLIENT] - INFO - Loading pickle data for store 592, cluster 0...
2025-03-31 11:18:57 - [Cluster 0 - CLIENT] - INFO - Initialized client logging for cluster 0 -> ../logs/run_20250331_111834/clients_cluster_0.log
2025-03-31 11:18:57 - [Cluster 0 - CLIENT] - INFO - Loading pickle data for store 812, cluster 0...
2025-03-31 11:18:57 - [Cluster 0 - CLIENT] - INFO - Initialized client logging for cluster 0 -> ../logs/run_20250331_111834/clients_cluster_0.log
2025-03-31 11:18:57 - [Cluster 0 - CLIENT] - INFO - Loading pickle data for store 590, cluster 0...
2025-03-31 11:18:57 - [Cluster 0 - CLIENT] - INFO - x_train shape: (723, 7, 27), y_train shape: (723, 1)
2025-03-31 11:18:57 - [Cluster 0 - CLIENT] - INFO - x_val shape: (176, 7, 27), y_val shape: (176, 1)
2025-03-31 11:18:57 - [Cluster 0 - CLIENT] - INFO - x_train shape: (723, 7, 27), y_train shape: (723, 1)
2025-03-31 11:18:57 - [Cluster 0 - CLIENT] - INFO - x_val shape: (176, 7, 27), y_val shape: (176, 1)
2025-03-31 11:18:57 - [Cluster 0 - CLIENT] - INFO - x_train shape: (723, 7, 27), y_train shape: (723, 1)
2025-03-31 11:18:57 - [Cluster 0 - CLIENT] - INFO - x_val shape: (176, 7, 27), y_val shape: (176, 1)
2025-03-31 11:18:57 - [Cluster 0 - CLIENT] - INFO - Initialized client logging for cluster 0 -> ../logs/run_20250331_111834/clients_cluster_0.log
2025-03-31 11:18:57 - [Cluster 0 - CLIENT] - INFO - Loading pickle data for store 142, cluster 0...
2025-03-31 11:18:57 - [Cluster 0 - CLIENT] - INFO - x_train shape: (723, 7, 27), y_train shape: (723, 1)
2025-03-31 11:18:57 - [Cluster 0 - CLIENT] - INFO - x_val shape: (176, 7, 27), y_val shape: (176, 1)
2025-03-31 11:18:57 - [Cluster 0 - CLIENT] - INFO - Initialized client logging for cluster 0 -> ../logs/run_20250331_111834/clients_cluster_0.log
2025-03-31 11:18:57 - [Cluster 0 - CLIENT] - INFO - Loading pickle data for store 857, cluster 0...
2025-03-31 11:18:57 - [Cluster 0 - CLIENT] - INFO - x_train shape: (723, 7, 27), y_train shape: (723, 1)
2025-03-31 11:18:57 - [Cluster 0 - CLIENT] - INFO - x_val shape: (176, 7, 27), y_val shape: (176, 1)
2025-03-31 11:18:58 - [Cluster 0 - CLIENT] - INFO - Initialized client logging for cluster 0 -> ../logs/run_20250331_111834/clients_cluster_0.log
2025-03-31 11:18:58 - [Cluster 0 - CLIENT] - INFO - Loading pickle data for store 201, cluster 0...
2025-03-31 11:18:58 - [Cluster 0 - CLIENT] - INFO - x_train shape: (723, 7, 27), y_train shape: (723, 1)
2025-03-31 11:18:58 - [Cluster 0 - CLIENT] - INFO - x_val shape: (176, 7, 27), y_val shape: (176, 1)
2025-03-31 11:18:58 - [Cluster 0 - CLIENT] - INFO - Initialized client logging for cluster 0 -> ../logs/run_20250331_111834/clients_cluster_0.log
2025-03-31 11:18:58 - [Cluster 0 - CLIENT] - INFO - Loading pickle data for store 529, cluster 0...
2025-03-31 11:18:58 - [Cluster 0 - CLIENT] - INFO - x_train shape: (723, 7, 27), y_train shape: (723, 1)
2025-03-31 11:18:58 - [Cluster 0 - CLIENT] - INFO - x_val shape: (176, 7, 27), y_val shape: (176, 1)
2025-03-31 11:18:58 - [Cluster 0 - CLIENT] - INFO - Initialized client logging for cluster 0 -> ../logs/run_20250331_111834/clients_cluster_0.log
2025-03-31 11:18:58 - [Cluster 0 - CLIENT] - INFO - Loading pickle data for store 1048, cluster 0...
2025-03-31 11:18:58 - [Cluster 0 - CLIENT] - INFO - Initialized client logging for cluster 0 -> ../logs/run_20250331_111834/clients_cluster_0.log
2025-03-31 11:18:58 - [Cluster 0 - CLIENT] - INFO - Loading pickle data for store 588, cluster 0...
2025-03-31 11:18:58 - [Cluster 0 - CLIENT] - INFO - x_train shape: (723, 7, 27), y_train shape: (723, 1)
2025-03-31 11:18:58 - [Cluster 0 - CLIENT] - INFO - x_val shape: (176, 7, 27), y_val shape: (176, 1)
2025-03-31 11:18:58 - [Cluster 0 - CLIENT] - INFO - Initialized client logging for cluster 0 -> ../logs/run_20250331_111834/clients_cluster_0.log
2025-03-31 11:18:58 - [Cluster 0 - CLIENT] - INFO - Loading pickle data for store 451, cluster 0...
2025-03-31 11:18:58 - [Cluster 0 - CLIENT] - INFO - x_train shape: (723, 7, 27), y_train shape: (723, 1)
2025-03-31 11:18:58 - [Cluster 0 - CLIENT] - INFO - x_val shape: (176, 7, 27), y_val shape: (176, 1)
2025-03-31 11:18:58 - [Cluster 0 - CLIENT] - INFO - Initialized client logging for cluster 0 -> ../logs/run_20250331_111834/clients_cluster_0.log
2025-03-31 11:18:58 - [Cluster 0 - CLIENT] - INFO - Loading pickle data for store 447, cluster 0...
2025-03-31 11:18:58 - [Cluster 0 - CLIENT] - INFO - x_train shape: (723, 7, 27), y_train shape: (723, 1)
2025-03-31 11:18:58 - [Cluster 0 - CLIENT] - INFO - x_val shape: (176, 7, 27), y_val shape: (176, 1)
2025-03-31 11:18:58 - [Cluster 0 - CLIENT] - INFO - Initialized client logging for cluster 0 -> ../logs/run_20250331_111834/clients_cluster_0.log
2025-03-31 11:18:58 - [Cluster 0 - CLIENT] - INFO - Loading pickle data for store 111, cluster 0...
2025-03-31 11:18:58 - [Cluster 0 - CLIENT] - INFO - x_train shape: (723, 7, 27), y_train shape: (723, 1)
2025-03-31 11:18:58 - [Cluster 0 - CLIENT] - INFO - x_val shape: (176, 7, 27), y_val shape: (176, 1)
2025-03-31 11:18:58 - [Cluster 0 - CLIENT] - INFO - [Store 327, Cluster 0] Connecting to 127.0.0.1:8080 ...
2025-03-31 11:18:58 - [Cluster 0 - CLIENT] - INFO - x_train shape: (723, 7, 27), y_train shape: (723, 1)
2025-03-31 11:18:58 - [Cluster 0 - CLIENT] - INFO - x_val shape: (176, 7, 27), y_val shape: (176, 1)
2025-03-31 11:18:58 - [Cluster 0 - CLIENT] - DEBUG - Opened insecure gRPC connection (no certificates were passed)
2025-03-31 11:18:58 - [Cluster 0 - CLIENT] - DEBUG - ChannelConnectivity.IDLE
2025-03-31 11:18:58 - [Cluster 0 - CLIENT] - DEBUG - ChannelConnectivity.CONNECTING
2025-03-31 11:18:58 - [Cluster 0 - CLIENT] - DEBUG - ChannelConnectivity.READY
2025-03-31 11:18:58 - [Cluster 0 - CLIENT] - INFO - 
2025-03-31 11:18:58 - [Cluster 0 - CLIENT] - INFO - Received: get_parameters message 4e136fec-7581-45ea-8165-534435f3eb4a
2025-03-31 11:18:58 - [Cluster 0 - CLIENT] - INFO - [Store 327] Sending model parameters to server.
2025-03-31 11:18:58 - [Cluster 0 - CLIENT] - INFO - Initialized client logging for cluster 0 -> ../logs/run_20250331_111834/clients_cluster_0.log
2025-03-31 11:18:58 - [Cluster 0 - CLIENT] - INFO - Loading pickle data for store 329, cluster 0...
2025-03-31 11:18:58 - [Cluster 0 - CLIENT] - INFO - x_train shape: (723, 7, 27), y_train shape: (723, 1)
2025-03-31 11:18:58 - [Cluster 0 - CLIENT] - INFO - x_val shape: (176, 7, 27), y_val shape: (176, 1)
2025-03-31 11:18:58 - [Cluster 0 - CLIENT] - INFO - [Store 848, Cluster 0] Connecting to 127.0.0.1:8080 ...
2025-03-31 11:18:58 - [Cluster 0 - CLIENT] - INFO - Initialized client logging for cluster 0 -> ../logs/run_20250331_111834/clients_cluster_0.log
2025-03-31 11:18:58 - [Cluster 0 - CLIENT] - INFO - Loading pickle data for store 689, cluster 0...
2025-03-31 11:18:58 - [Cluster 0 - CLIENT] - DEBUG - Opened insecure gRPC connection (no certificates were passed)
2025-03-31 11:18:58 - [Cluster 0 - CLIENT] - DEBUG - ChannelConnectivity.IDLE
2025-03-31 11:18:58 - [Cluster 0 - CLIENT] - INFO - x_train shape: (723, 7, 27), y_train shape: (723, 1)
2025-03-31 11:18:58 - [Cluster 0 - CLIENT] - INFO - x_val shape: (176, 7, 27), y_val shape: (176, 1)
2025-03-31 11:18:58 - [Cluster 0 - CLIENT] - DEBUG - ChannelConnectivity.READY
2025-03-31 11:18:58 - [Cluster 0 - CLIENT] - INFO - Sent reply
2025-03-31 11:18:58 - [Cluster 0 - CLIENT] - INFO - Initialized client logging for cluster 0 -> ../logs/run_20250331_111834/clients_cluster_0.log
2025-03-31 11:18:58 - [Cluster 0 - CLIENT] - INFO - Loading pickle data for store 294, cluster 0...
2025-03-31 11:18:58 - [Cluster 0 - CLIENT] - INFO - x_train shape: (723, 7, 27), y_train shape: (723, 1)
2025-03-31 11:18:58 - [Cluster 0 - CLIENT] - INFO - x_val shape: (176, 7, 27), y_val shape: (176, 1)
2025-03-31 11:18:58 - [Cluster 0 - CLIENT] - INFO - Initialized client logging for cluster 0 -> ../logs/run_20250331_111834/clients_cluster_0.log
2025-03-31 11:18:58 - [Cluster 0 - CLIENT] - INFO - Loading pickle data for store 300, cluster 0...
2025-03-31 11:18:58 - [Cluster 0 - CLIENT] - INFO - x_train shape: (723, 7, 27), y_train shape: (723, 1)
2025-03-31 11:18:58 - [Cluster 0 - CLIENT] - INFO - x_val shape: (176, 7, 27), y_val shape: (176, 1)
2025-03-31 11:18:58 - [Cluster 0 - CLIENT] - INFO - Initialized client logging for cluster 0 -> ../logs/run_20250331_111834/clients_cluster_0.log
2025-03-31 11:18:58 - [Cluster 0 - CLIENT] - INFO - Loading pickle data for store 242, cluster 0...
2025-03-31 11:18:59 - [Cluster 0 - CLIENT] - INFO - x_train shape: (723, 7, 27), y_train shape: (723, 1)
2025-03-31 11:18:59 - [Cluster 0 - CLIENT] - INFO - x_val shape: (176, 7, 27), y_val shape: (176, 1)
2025-03-31 11:18:59 - [Cluster 0 - CLIENT] - INFO - Initialized client logging for cluster 0 -> ../logs/run_20250331_111834/clients_cluster_0.log
2025-03-31 11:18:59 - [Cluster 0 - CLIENT] - INFO - Loading pickle data for store 489, cluster 0...
2025-03-31 11:18:59 - [Cluster 0 - CLIENT] - INFO - x_train shape: (723, 7, 27), y_train shape: (723, 1)
2025-03-31 11:18:59 - [Cluster 0 - CLIENT] - INFO - x_val shape: (176, 7, 27), y_val shape: (176, 1)
2025-03-31 11:18:59 - [Cluster 0 - CLIENT] - INFO - Initialized client logging for cluster 0 -> ../logs/run_20250331_111834/clients_cluster_0.log
2025-03-31 11:18:59 - [Cluster 0 - CLIENT] - INFO - Loading pickle data for store 313, cluster 0...
2025-03-31 11:18:59 - [Cluster 0 - CLIENT] - INFO - [Store 812, Cluster 0] Connecting to 127.0.0.1:8080 ...
2025-03-31 11:18:59 - [Cluster 0 - CLIENT] - INFO - [Store 592, Cluster 0] Connecting to 127.0.0.1:8080 ...
2025-03-31 11:18:59 - [Cluster 0 - CLIENT] - INFO - Initialized client logging for cluster 0 -> ../logs/run_20250331_111834/clients_cluster_0.log
2025-03-31 11:18:59 - [Cluster 0 - CLIENT] - INFO - Loading pickle data for store 639, cluster 0...
2025-03-31 11:18:59 - [Cluster 0 - CLIENT] - INFO - x_train shape: (723, 7, 27), y_train shape: (723, 1)
2025-03-31 11:18:59 - [Cluster 0 - CLIENT] - INFO - x_val shape: (176, 7, 27), y_val shape: (176, 1)
2025-03-31 11:18:59 - [Cluster 0 - CLIENT] - DEBUG - Opened insecure gRPC connection (no certificates were passed)
2025-03-31 11:18:59 - [Cluster 0 - CLIENT] - DEBUG - Opened insecure gRPC connection (no certificates were passed)
2025-03-31 11:18:59 - [Cluster 0 - CLIENT] - DEBUG - ChannelConnectivity.IDLE
2025-03-31 11:18:59 - [Cluster 0 - CLIENT] - DEBUG - ChannelConnectivity.READY
2025-03-31 11:18:59 - [Cluster 0 - CLIENT] - INFO - Initialized client logging for cluster 0 -> ../logs/run_20250331_111834/clients_cluster_0.log
2025-03-31 11:18:59 - [Cluster 0 - CLIENT] - INFO - Loading pickle data for store 91, cluster 0...
2025-03-31 11:18:59 - [Cluster 0 - CLIENT] - INFO - Initialized client logging for cluster 0 -> ../logs/run_20250331_111834/clients_cluster_0.log
2025-03-31 11:18:59 - [Cluster 0 - CLIENT] - INFO - Loading pickle data for store 418, cluster 0...
2025-03-31 11:18:59 - [Cluster 0 - CLIENT] - INFO - x_train shape: (723, 7, 27), y_train shape: (723, 1)
2025-03-31 11:18:59 - [Cluster 0 - CLIENT] - INFO - x_val shape: (176, 7, 27), y_val shape: (176, 1)
2025-03-31 11:18:59 - [Cluster 0 - CLIENT] - INFO - x_train shape: (723, 7, 27), y_train shape: (723, 1)
2025-03-31 11:18:59 - [Cluster 0 - CLIENT] - INFO - x_val shape: (176, 7, 27), y_val shape: (176, 1)
2025-03-31 11:18:59 - [Cluster 0 - CLIENT] - INFO - x_train shape: (723, 7, 27), y_train shape: (723, 1)
2025-03-31 11:18:59 - [Cluster 0 - CLIENT] - INFO - x_val shape: (176, 7, 27), y_val shape: (176, 1)
2025-03-31 11:18:59 - [Cluster 0 - CLIENT] - INFO - Initialized client logging for cluster 0 -> ../logs/run_20250331_111834/clients_cluster_0.log
2025-03-31 11:18:59 - [Cluster 0 - CLIENT] - INFO - Loading pickle data for store 75, cluster 0...
2025-03-31 11:18:59 - [Cluster 0 - CLIENT] - INFO - x_train shape: (723, 7, 27), y_train shape: (723, 1)
2025-03-31 11:18:59 - [Cluster 0 - CLIENT] - INFO - x_val shape: (176, 7, 27), y_val shape: (176, 1)
2025-03-31 11:18:59 - [Cluster 0 - CLIENT] - INFO - [Store 857, Cluster 0] Connecting to 127.0.0.1:8080 ...
2025-03-31 11:18:59 - [Cluster 0 - CLIENT] - DEBUG - ChannelConnectivity.IDLE
2025-03-31 11:18:59 - [Cluster 0 - CLIENT] - DEBUG - ChannelConnectivity.CONNECTING
2025-03-31 11:18:59 - [Cluster 0 - CLIENT] - INFO - [Store 590, Cluster 0] Connecting to 127.0.0.1:8080 ...
2025-03-31 11:18:59 - [Cluster 0 - CLIENT] - DEBUG - ChannelConnectivity.READY
2025-03-31 11:18:59 - [Cluster 0 - CLIENT] - INFO - [Store 201, Cluster 0] Connecting to 127.0.0.1:8080 ...
2025-03-31 11:18:59 - [Cluster 0 - CLIENT] - DEBUG - Opened insecure gRPC connection (no certificates were passed)
2025-03-31 11:18:59 - [Cluster 0 - CLIENT] - DEBUG - Opened insecure gRPC connection (no certificates were passed)
2025-03-31 11:18:59 - [Cluster 0 - CLIENT] - INFO - Initialized client logging for cluster 0 -> ../logs/run_20250331_111834/clients_cluster_0.log
2025-03-31 11:18:59 - [Cluster 0 - CLIENT] - INFO - Loading pickle data for store 257, cluster 0...
2025-03-31 11:18:59 - [Cluster 0 - CLIENT] - DEBUG - ChannelConnectivity.IDLE
2025-03-31 11:18:59 - [Cluster 0 - CLIENT] - DEBUG - ChannelConnectivity.CONNECTING
2025-03-31 11:18:59 - [Cluster 0 - CLIENT] - INFO - x_train shape: (723, 7, 27), y_train shape: (723, 1)
2025-03-31 11:18:59 - [Cluster 0 - CLIENT] - INFO - x_val shape: (176, 7, 27), y_val shape: (176, 1)
2025-03-31 11:18:59 - [Cluster 0 - CLIENT] - DEBUG - ChannelConnectivity.IDLE
2025-03-31 11:18:59 - [Cluster 0 - CLIENT] - DEBUG - ChannelConnectivity.READY
2025-03-31 11:18:59 - [Cluster 0 - CLIENT] - DEBUG - ChannelConnectivity.CONNECTING
2025-03-31 11:18:59 - [Cluster 0 - CLIENT] - DEBUG - ChannelConnectivity.READY
2025-03-31 11:18:59 - [Cluster 0 - CLIENT] - DEBUG - Opened insecure gRPC connection (no certificates were passed)
2025-03-31 11:18:59 - [Cluster 0 - CLIENT] - DEBUG - ChannelConnectivity.IDLE
2025-03-31 11:18:59 - [Cluster 0 - CLIENT] - DEBUG - ChannelConnectivity.CONNECTING
2025-03-31 11:18:59 - [Cluster 0 - CLIENT] - DEBUG - ChannelConnectivity.READY
2025-03-31 11:18:59 - [Cluster 0 - CLIENT] - INFO - [Store 142, Cluster 0] Connecting to 127.0.0.1:8080 ...
2025-03-31 11:18:59 - [Cluster 0 - CLIENT] - INFO - Initialized client logging for cluster 0 -> ../logs/run_20250331_111834/clients_cluster_0.log
2025-03-31 11:18:59 - [Cluster 0 - CLIENT] - INFO - Loading pickle data for store 314, cluster 0...
2025-03-31 11:18:59 - [Cluster 0 - CLIENT] - INFO - x_train shape: (723, 7, 27), y_train shape: (723, 1)
2025-03-31 11:18:59 - [Cluster 0 - CLIENT] - INFO - x_val shape: (176, 7, 27), y_val shape: (176, 1)
2025-03-31 11:18:59 - [Cluster 0 - CLIENT] - DEBUG - Opened insecure gRPC connection (no certificates were passed)
2025-03-31 11:18:59 - [Cluster 0 - CLIENT] - DEBUG - ChannelConnectivity.IDLE
2025-03-31 11:18:59 - [Cluster 0 - CLIENT] - DEBUG - ChannelConnectivity.CONNECTING
2025-03-31 11:18:59 - [Cluster 0 - CLIENT] - DEBUG - ChannelConnectivity.READY
2025-03-31 11:18:59 - [Cluster 0 - CLIENT] - INFO - [Store 529, Cluster 0] Connecting to 127.0.0.1:8080 ...
2025-03-31 11:18:59 - [Cluster 0 - CLIENT] - DEBUG - Opened insecure gRPC connection (no certificates were passed)
2025-03-31 11:18:59 - [Cluster 0 - CLIENT] - DEBUG - ChannelConnectivity.IDLE
2025-03-31 11:18:59 - [Cluster 0 - CLIENT] - DEBUG - ChannelConnectivity.READY
2025-03-31 11:18:59 - [Cluster 0 - CLIENT] - INFO - [Store 588, Cluster 0] Connecting to 127.0.0.1:8080 ...
2025-03-31 11:18:59 - [Cluster 0 - CLIENT] - DEBUG - Opened insecure gRPC connection (no certificates were passed)
2025-03-31 11:18:59 - [Cluster 0 - CLIENT] - INFO - [Store 111, Cluster 0] Connecting to 127.0.0.1:8080 ...
2025-03-31 11:18:59 - [Cluster 0 - CLIENT] - DEBUG - ChannelConnectivity.IDLE
2025-03-31 11:18:59 - [Cluster 0 - CLIENT] - DEBUG - ChannelConnectivity.CONNECTING
2025-03-31 11:18:59 - [Cluster 0 - CLIENT] - DEBUG - ChannelConnectivity.READY
2025-03-31 11:18:59 - [Cluster 0 - CLIENT] - DEBUG - Opened insecure gRPC connection (no certificates were passed)
2025-03-31 11:18:59 - [Cluster 0 - CLIENT] - DEBUG - ChannelConnectivity.IDLE
2025-03-31 11:18:59 - [Cluster 0 - CLIENT] - DEBUG - ChannelConnectivity.CONNECTING
2025-03-31 11:18:59 - [Cluster 0 - CLIENT] - DEBUG - ChannelConnectivity.READY
2025-03-31 11:18:59 - [Cluster 0 - CLIENT] - INFO - [Store 1048, Cluster 0] Connecting to 127.0.0.1:8080 ...
2025-03-31 11:18:59 - [Cluster 0 - CLIENT] - INFO - [Store 451, Cluster 0] Connecting to 127.0.0.1:8080 ...
2025-03-31 11:18:59 - [Cluster 0 - CLIENT] - DEBUG - Opened insecure gRPC connection (no certificates were passed)
2025-03-31 11:18:59 - [Cluster 0 - CLIENT] - DEBUG - ChannelConnectivity.IDLE
2025-03-31 11:18:59 - [Cluster 0 - CLIENT] - DEBUG - ChannelConnectivity.CONNECTING
2025-03-31 11:18:59 - [Cluster 0 - CLIENT] - INFO - [Store 329, Cluster 0] Connecting to 127.0.0.1:8080 ...
2025-03-31 11:18:59 - [Cluster 0 - CLIENT] - INFO - Initialized client logging for cluster 0 -> ../logs/run_20250331_111834/clients_cluster_0.log
2025-03-31 11:18:59 - [Cluster 0 - CLIENT] - INFO - Loading pickle data for store 47, cluster 0...
2025-03-31 11:18:59 - [Cluster 0 - CLIENT] - INFO - x_train shape: (723, 7, 27), y_train shape: (723, 1)
2025-03-31 11:18:59 - [Cluster 0 - CLIENT] - INFO - x_val shape: (176, 7, 27), y_val shape: (176, 1)
2025-03-31 11:18:59 - [Cluster 0 - CLIENT] - DEBUG - Opened insecure gRPC connection (no certificates were passed)
2025-03-31 11:18:59 - [Cluster 0 - CLIENT] - INFO - [Store 447, Cluster 0] Connecting to 127.0.0.1:8080 ...
2025-03-31 11:18:59 - [Cluster 0 - CLIENT] - DEBUG - Opened insecure gRPC connection (no certificates were passed)
2025-03-31 11:18:59 - [Cluster 0 - CLIENT] - DEBUG - ChannelConnectivity.IDLE
2025-03-31 11:18:59 - [Cluster 0 - CLIENT] - DEBUG - ChannelConnectivity.READY
2025-03-31 11:19:00 - [Cluster 0 - CLIENT] - DEBUG - Opened insecure gRPC connection (no certificates were passed)
2025-03-31 11:19:00 - [Cluster 0 - CLIENT] - DEBUG - ChannelConnectivity.IDLE
2025-03-31 11:19:00 - [Cluster 0 - CLIENT] - DEBUG - ChannelConnectivity.IDLE
2025-03-31 11:19:00 - [Cluster 0 - CLIENT] - DEBUG - ChannelConnectivity.CONNECTING
2025-03-31 11:19:00 - [Cluster 0 - CLIENT] - DEBUG - ChannelConnectivity.READY
2025-03-31 11:19:00 - [Cluster 0 - CLIENT] - DEBUG - ChannelConnectivity.READY
2025-03-31 11:19:00 - [Cluster 0 - CLIENT] - DEBUG - ChannelConnectivity.READY
2025-03-31 11:19:00 - [Cluster 0 - CLIENT] - INFO - Initialized client logging for cluster 0 -> ../logs/run_20250331_111834/clients_cluster_0.log
2025-03-31 11:19:00 - [Cluster 0 - CLIENT] - INFO - Loading pickle data for store 811, cluster 0...
2025-03-31 11:19:00 - [Cluster 0 - CLIENT] - INFO - [Store 242, Cluster 0] Connecting to 127.0.0.1:8080 ...
2025-03-31 11:19:00 - [Cluster 0 - CLIENT] - DEBUG - Opened insecure gRPC connection (no certificates were passed)
2025-03-31 11:19:00 - [Cluster 0 - CLIENT] - INFO - [Store 689, Cluster 0] Connecting to 127.0.0.1:8080 ...
2025-03-31 11:19:00 - [Cluster 0 - CLIENT] - INFO - [Store 294, Cluster 0] Connecting to 127.0.0.1:8080 ...
2025-03-31 11:19:00 - [Cluster 0 - CLIENT] - DEBUG - ChannelConnectivity.IDLE
2025-03-31 11:19:00 - [Cluster 0 - CLIENT] - DEBUG - ChannelConnectivity.READY
2025-03-31 11:19:00 - [Cluster 0 - CLIENT] - INFO - [Store 300, Cluster 0] Connecting to 127.0.0.1:8080 ...
2025-03-31 11:19:00 - [Cluster 0 - CLIENT] - DEBUG - Opened insecure gRPC connection (no certificates were passed)
2025-03-31 11:19:00 - [Cluster 0 - CLIENT] - DEBUG - ChannelConnectivity.IDLE
2025-03-31 11:19:00 - [Cluster 0 - CLIENT] - DEBUG - ChannelConnectivity.READY
2025-03-31 11:19:00 - [Cluster 0 - CLIENT] - DEBUG - Opened insecure gRPC connection (no certificates were passed)
2025-03-31 11:19:00 - [Cluster 0 - CLIENT] - INFO - [Store 489, Cluster 0] Connecting to 127.0.0.1:8080 ...
2025-03-31 11:19:00 - [Cluster 0 - CLIENT] - DEBUG - ChannelConnectivity.IDLE
2025-03-31 11:19:00 - [Cluster 0 - CLIENT] - DEBUG - ChannelConnectivity.READY
2025-03-31 11:19:00 - [Cluster 0 - CLIENT] - DEBUG - Opened insecure gRPC connection (no certificates were passed)
2025-03-31 11:19:00 - [Cluster 0 - CLIENT] - DEBUG - Opened insecure gRPC connection (no certificates were passed)
2025-03-31 11:19:00 - [Cluster 0 - CLIENT] - DEBUG - ChannelConnectivity.IDLE
2025-03-31 11:19:00 - [Cluster 0 - CLIENT] - DEBUG - ChannelConnectivity.READY
2025-03-31 11:19:00 - [Cluster 0 - CLIENT] - DEBUG - ChannelConnectivity.IDLE
2025-03-31 11:19:00 - [Cluster 0 - CLIENT] - DEBUG - ChannelConnectivity.READY
2025-03-31 11:19:00 - [Cluster 0 - CLIENT] - INFO - x_train shape: (723, 7, 27), y_train shape: (723, 1)
2025-03-31 11:19:00 - [Cluster 0 - CLIENT] - INFO - x_val shape: (176, 7, 27), y_val shape: (176, 1)
2025-03-31 11:19:00 - [Cluster 0 - CLIENT] - INFO - Initialized client logging for cluster 0 -> ../logs/run_20250331_111834/clients_cluster_0.log
2025-03-31 11:19:00 - [Cluster 0 - CLIENT] - INFO - Loading pickle data for store 328, cluster 0...
2025-03-31 11:19:00 - [Cluster 0 - CLIENT] - INFO - x_train shape: (723, 7, 27), y_train shape: (723, 1)
2025-03-31 11:19:00 - [Cluster 0 - CLIENT] - INFO - x_val shape: (176, 7, 27), y_val shape: (176, 1)
2025-03-31 11:19:00 - [Cluster 0 - CLIENT] - INFO - [Store 91, Cluster 0] Connecting to 127.0.0.1:8080 ...
2025-03-31 11:19:00 - [Cluster 0 - CLIENT] - INFO - [Store 75, Cluster 0] Connecting to 127.0.0.1:8080 ...
2025-03-31 11:19:00 - [Cluster 0 - CLIENT] - DEBUG - Opened insecure gRPC connection (no certificates were passed)
2025-03-31 11:19:00 - [Cluster 0 - CLIENT] - DEBUG - ChannelConnectivity.IDLE
2025-03-31 11:19:00 - [Cluster 0 - CLIENT] - INFO - [Store 313, Cluster 0] Connecting to 127.0.0.1:8080 ...
2025-03-31 11:19:00 - [Cluster 0 - CLIENT] - DEBUG - Opened insecure gRPC connection (no certificates were passed)
2025-03-31 11:19:00 - [Cluster 0 - CLIENT] - INFO - [Store 639, Cluster 0] Connecting to 127.0.0.1:8080 ...
2025-03-31 11:19:00 - [Cluster 0 - CLIENT] - DEBUG - ChannelConnectivity.READY
2025-03-31 11:19:00 - [Cluster 0 - CLIENT] - DEBUG - ChannelConnectivity.IDLE
2025-03-31 11:19:00 - [Cluster 0 - CLIENT] - DEBUG - ChannelConnectivity.READY
2025-03-31 11:19:00 - [Cluster 0 - CLIENT] - DEBUG - Opened insecure gRPC connection (no certificates were passed)
2025-03-31 11:19:00 - [Cluster 0 - CLIENT] - DEBUG - ChannelConnectivity.IDLE
2025-03-31 11:19:00 - [Cluster 0 - CLIENT] - DEBUG - ChannelConnectivity.CONNECTING
2025-03-31 11:19:00 - [Cluster 0 - CLIENT] - DEBUG - ChannelConnectivity.READY
2025-03-31 11:19:00 - [Cluster 0 - CLIENT] - DEBUG - Opened insecure gRPC connection (no certificates were passed)
2025-03-31 11:19:00 - [Cluster 0 - CLIENT] - DEBUG - ChannelConnectivity.IDLE
2025-03-31 11:19:00 - [Cluster 0 - CLIENT] - DEBUG - ChannelConnectivity.READY
2025-03-31 11:19:00 - [Cluster 0 - CLIENT] - INFO - [Store 418, Cluster 0] Connecting to 127.0.0.1:8080 ...
2025-03-31 11:19:00 - [Cluster 0 - CLIENT] - INFO - [Store 257, Cluster 0] Connecting to 127.0.0.1:8080 ...
2025-03-31 11:19:00 - [Cluster 0 - CLIENT] - DEBUG - Opened insecure gRPC connection (no certificates were passed)
2025-03-31 11:19:00 - [Cluster 0 - CLIENT] - DEBUG - ChannelConnectivity.IDLE
2025-03-31 11:19:00 - [Cluster 0 - CLIENT] - DEBUG - ChannelConnectivity.CONNECTING
2025-03-31 11:19:00 - [Cluster 0 - CLIENT] - DEBUG - Opened insecure gRPC connection (no certificates were passed)
2025-03-31 11:19:00 - [Cluster 0 - CLIENT] - DEBUG - ChannelConnectivity.IDLE
2025-03-31 11:19:00 - [Cluster 0 - CLIENT] - INFO - 
2025-03-31 11:19:00 - [Cluster 0 - CLIENT] - INFO - Received: train message b44a4019-f2e7-42e1-bcaf-1bebb5a1038a
2025-03-31 11:19:00 - [Cluster 0 - CLIENT] - INFO - 
2025-03-31 11:19:00 - [Cluster 0 - CLIENT] - INFO - Received: train message fcb8eaa8-5bf2-4920-9739-7bb7e2ba53b3
2025-03-31 11:19:00 - [Cluster 0 - CLIENT] - INFO - 
2025-03-31 11:19:00 - [Cluster 0 - CLIENT] - INFO - Received: train message b61e7d5b-07a5-4de7-9447-2bf5893c416a
2025-03-31 11:19:00 - [Cluster 0 - CLIENT] - INFO - 
2025-03-31 11:19:00 - [Cluster 0 - CLIENT] - INFO - Received: train message 88ca8793-965d-4381-b453-f8e2c75d518b
2025-03-31 11:19:00 - [Cluster 0 - CLIENT] - DEBUG - ChannelConnectivity.READY
2025-03-31 11:19:00 - [Cluster 0 - CLIENT] - INFO - 
2025-03-31 11:19:00 - [Cluster 0 - CLIENT] - INFO - Received: train message ec9c099b-7624-45d1-96da-f5f4bec0e5ce
2025-03-31 11:19:00 - [Cluster 0 - CLIENT] - INFO - 
2025-03-31 11:19:00 - [Cluster 0 - CLIENT] - INFO - Received: train message c799951b-41f8-46d2-8f79-8c836af46adf
2025-03-31 11:19:00 - [Cluster 0 - CLIENT] - INFO - 
2025-03-31 11:19:00 - [Cluster 0 - CLIENT] - INFO - Received: train message 5e69a607-1d42-4ac0-9fbd-00e2b73bd0ee
2025-03-31 11:19:00 - [Cluster 0 - CLIENT] - DEBUG - ChannelConnectivity.READY
2025-03-31 11:19:00 - [Cluster 0 - CLIENT] - INFO - 
2025-03-31 11:19:00 - [Cluster 0 - CLIENT] - INFO - Received: train message 5bb895f6-1bf8-4be6-9e91-b848e4f87999
2025-03-31 11:19:00 - [Cluster 0 - CLIENT] - INFO - 
2025-03-31 11:19:00 - [Cluster 0 - CLIENT] - INFO - Received: train message ec651c31-64ad-48b2-a933-ff97584b946b
2025-03-31 11:19:00 - [Cluster 0 - CLIENT] - INFO - 
2025-03-31 11:19:00 - [Cluster 0 - CLIENT] - INFO - Received: train message 726c28be-32b8-476f-a565-54e9bdf333cd
2025-03-31 11:19:00 - [Cluster 0 - CLIENT] - INFO - [Store 142] Starting local training.
2025-03-31 11:19:00 - [Cluster 0 - CLIENT] - INFO - 
2025-03-31 11:19:00 - [Cluster 0 - CLIENT] - INFO - Received: train message 6402e9cc-4c30-450f-9e78-d5d6d87447aa
2025-03-31 11:19:00 - [Cluster 0 - CLIENT] - INFO - 
2025-03-31 11:19:00 - [Cluster 0 - CLIENT] - INFO - Received: train message 1911b208-4c72-47dc-b46b-a95d2c1c314c
2025-03-31 11:19:00 - [Cluster 0 - CLIENT] - INFO - 
2025-03-31 11:19:00 - [Cluster 0 - CLIENT] - INFO - Received: train message 1d36af38-2973-4c27-99c3-9e279dfbf75d
2025-03-31 11:19:00 - [Cluster 0 - CLIENT] - INFO - 
2025-03-31 11:19:00 - [Cluster 0 - CLIENT] - INFO - Received: train message 2abef5af-3f82-401e-8ef7-37edb69f145d
2025-03-31 11:19:00 - [Cluster 0 - CLIENT] - INFO - [Store 451] Starting local training.
2025-03-31 11:19:00 - [Cluster 0 - CLIENT] - INFO - [Store 313] Starting local training.
2025-03-31 11:19:00 - [Cluster 0 - CLIENT] - INFO - [Store 1048] Starting local training.
2025-03-31 11:19:00 - [Cluster 0 - CLIENT] - INFO - [Store 201] Starting local training.
2025-03-31 11:19:00 - [Cluster 0 - CLIENT] - INFO - [Store 294] Starting local training.
2025-03-31 11:19:00 - [Cluster 0 - CLIENT] - INFO - [Store 111] Starting local training.
2025-03-31 11:19:00 - [Cluster 0 - CLIENT] - INFO - [Store 588] Starting local training.
2025-03-31 11:19:00 - [Cluster 0 - CLIENT] - INFO - 
2025-03-31 11:19:00 - [Cluster 0 - CLIENT] - INFO - Received: train message e82fc9a5-ee07-49c9-8c66-e3bd6c0dc179
2025-03-31 11:19:00 - [Cluster 0 - CLIENT] - INFO - [Store 300] Starting local training.
2025-03-31 11:19:00 - [Cluster 0 - CLIENT] - INFO - [Store 447] Starting local training.
2025-03-31 11:19:00 - [Cluster 0 - CLIENT] - INFO - [Store 639] Starting local training.
2025-03-31 11:19:00 - [Cluster 0 - CLIENT] - INFO - [Store 257] Starting local training.
2025-03-31 11:19:00 - [Cluster 0 - CLIENT] - INFO - [Store 592] Starting local training.
2025-03-31 11:19:00 - [Cluster 0 - CLIENT] - INFO - [Store 529] Starting local training.
2025-03-31 11:19:00 - [Cluster 0 - CLIENT] - INFO - [Store 327] Starting local training.
2025-03-31 11:19:00 - [Cluster 0 - CLIENT] - INFO - [Store 314, Cluster 0] Connecting to 127.0.0.1:8080 ...
2025-03-31 11:19:00 - [Cluster 0 - CLIENT] - DEBUG - Opened insecure gRPC connection (no certificates were passed)
2025-03-31 11:19:00 - [Cluster 0 - CLIENT] - DEBUG - ChannelConnectivity.IDLE
2025-03-31 11:19:00 - [Cluster 0 - CLIENT] - DEBUG - ChannelConnectivity.CONNECTING
2025-03-31 11:19:00 - [Cluster 0 - CLIENT] - DEBUG - ChannelConnectivity.READY
2025-03-31 11:19:00 - [Cluster 0 - CLIENT] - INFO - [Store 47, Cluster 0] Connecting to 127.0.0.1:8080 ...
2025-03-31 11:19:00 - [Cluster 0 - CLIENT] - DEBUG - Opened insecure gRPC connection (no certificates were passed)
2025-03-31 11:19:00 - [Cluster 0 - CLIENT] - DEBUG - ChannelConnectivity.IDLE
2025-03-31 11:19:00 - [Cluster 0 - CLIENT] - DEBUG - ChannelConnectivity.READY
2025-03-31 11:19:01 - [Cluster 0 - CLIENT] - INFO - [Store 811, Cluster 0] Connecting to 127.0.0.1:8080 ...
2025-03-31 11:19:01 - [Cluster 0 - CLIENT] - DEBUG - Opened insecure gRPC connection (no certificates were passed)
2025-03-31 11:19:01 - [Cluster 0 - CLIENT] - DEBUG - ChannelConnectivity.IDLE
2025-03-31 11:19:01 - [Cluster 0 - CLIENT] - DEBUG - ChannelConnectivity.READY
2025-03-31 11:19:01 - [Cluster 0 - CLIENT] - INFO - [Store 328, Cluster 0] Connecting to 127.0.0.1:8080 ...
2025-03-31 11:19:01 - [Cluster 0 - CLIENT] - DEBUG - Opened insecure gRPC connection (no certificates were passed)
2025-03-31 11:19:01 - [Cluster 0 - CLIENT] - DEBUG - ChannelConnectivity.IDLE
2025-03-31 11:19:01 - [Cluster 0 - CLIENT] - DEBUG - ChannelConnectivity.READY
2025-03-31 11:22:21 - [Cluster 0 - CLIENT] - INFO - [Store 1048] Local training complete.
2025-03-31 11:22:21 - [Cluster 0 - CLIENT] - INFO - Sent reply
2025-03-31 11:22:21 - [Cluster 0 - CLIENT] - INFO - 
2025-03-31 11:22:21 - [Cluster 0 - CLIENT] - INFO - Received: train message 628f4e70-bf76-451f-9670-1636d4488fe9
2025-03-31 11:22:21 - [Cluster 0 - CLIENT] - INFO - [Store 812] Starting local training.
2025-03-31 11:22:22 - [Cluster 0 - CLIENT] - INFO - [Store 111] Local training complete.
2025-03-31 11:22:23 - [Cluster 0 - CLIENT] - INFO - [Store 327] Local training complete.
2025-03-31 11:22:23 - [Cluster 0 - CLIENT] - INFO - Sent reply
2025-03-31 11:22:23 - [Cluster 0 - CLIENT] - INFO - 
2025-03-31 11:22:23 - [Cluster 0 - CLIENT] - INFO - Received: train message 1211a6e2-7b03-495b-a8fa-06fec9978c6f
2025-03-31 11:22:23 - [Cluster 0 - CLIENT] - INFO - [Store 590] Starting local training.
2025-03-31 11:22:23 - [Cluster 0 - CLIENT] - INFO - Sent reply
2025-03-31 11:22:23 - [Cluster 0 - CLIENT] - INFO - 
2025-03-31 11:22:23 - [Cluster 0 - CLIENT] - INFO - Received: train message 8feace80-f42c-4062-958a-a0928ef987a7
2025-03-31 11:22:23 - [Cluster 0 - CLIENT] - INFO - [Store 91] Starting local training.
2025-03-31 11:22:23 - [Cluster 0 - CLIENT] - INFO - [Store 639] Local training complete.
2025-03-31 11:22:23 - [Cluster 0 - CLIENT] - INFO - Sent reply
2025-03-31 11:22:23 - [Cluster 0 - CLIENT] - INFO - 
2025-03-31 11:22:23 - [Cluster 0 - CLIENT] - INFO - Received: train message 535fa5a7-fbad-4782-b8ad-81264c52faaf
2025-03-31 11:22:23 - [Cluster 0 - CLIENT] - INFO - [Store 857] Starting local training.
2025-03-31 11:22:24 - [Cluster 0 - CLIENT] - INFO - [Store 300] Local training complete.
2025-03-31 11:22:24 - [Cluster 0 - CLIENT] - INFO - Sent reply
2025-03-31 11:22:24 - [Cluster 0 - CLIENT] - INFO - 
2025-03-31 11:22:24 - [Cluster 0 - CLIENT] - INFO - Received: train message 84c626c1-9f44-46c2-ade3-d8fbc01e5b50
2025-03-31 11:22:24 - [Cluster 0 - CLIENT] - INFO - [Store 329] Starting local training.
2025-03-31 11:22:25 - [Cluster 0 - CLIENT] - INFO - [Store 142] Local training complete.
2025-03-31 11:22:25 - [Cluster 0 - CLIENT] - INFO - [Store 588] Local training complete.
2025-03-31 11:22:25 - [Cluster 0 - CLIENT] - INFO - [Store 313] Local training complete.
2025-03-31 11:22:25 - [Cluster 0 - CLIENT] - INFO - Sent reply
2025-03-31 11:22:25 - [Cluster 0 - CLIENT] - INFO - 
2025-03-31 11:22:25 - [Cluster 0 - CLIENT] - INFO - Received: train message f0fdd4e8-a5e5-4566-aa57-2a4c6d4c9bb0
2025-03-31 11:22:26 - [Cluster 0 - CLIENT] - INFO - Sent reply
2025-03-31 11:22:26 - [Cluster 0 - CLIENT] - INFO - 
2025-03-31 11:22:26 - [Cluster 0 - CLIENT] - INFO - Received: train message 40213146-a5fc-4d4d-a79d-2dfc076616cc
2025-03-31 11:22:26 - [Cluster 0 - CLIENT] - INFO - [Store 242] Starting local training.
2025-03-31 11:22:26 - [Cluster 0 - CLIENT] - INFO - Sent reply
2025-03-31 11:22:26 - [Cluster 0 - CLIENT] - INFO - 
2025-03-31 11:22:26 - [Cluster 0 - CLIENT] - INFO - Received: train message 448c36b2-5bd4-4c98-9d2a-92cc0ead757d
2025-03-31 11:22:26 - [Cluster 0 - CLIENT] - INFO - [Store 294] Local training complete.
2025-03-31 11:22:26 - [Cluster 0 - CLIENT] - INFO - [Store 75] Starting local training.
2025-03-31 11:22:26 - [Cluster 0 - CLIENT] - INFO - [Store 489] Starting local training.
2025-03-31 11:22:26 - [Cluster 0 - CLIENT] - INFO - Sent reply
2025-03-31 11:22:26 - [Cluster 0 - CLIENT] - INFO - 
2025-03-31 11:22:26 - [Cluster 0 - CLIENT] - INFO - Received: train message 1bdc9e62-90f8-43cf-ab89-86cf245c236e
2025-03-31 11:22:26 - [Cluster 0 - CLIENT] - INFO - [Store 848] Starting local training.
2025-03-31 11:22:26 - [Cluster 0 - CLIENT] - INFO - [Store 529] Local training complete.
2025-03-31 11:22:26 - [Cluster 0 - CLIENT] - INFO - 
2025-03-31 11:22:26 - [Cluster 0 - CLIENT] - INFO - Received: train message 38ace5d2-d907-498e-b4e0-e833959b7bc4
2025-03-31 11:22:26 - [Cluster 0 - CLIENT] - INFO - Sent reply
2025-03-31 11:22:26 - [Cluster 0 - CLIENT] - INFO - [Store 689] Starting local training.
2025-03-31 11:22:27 - [Cluster 0 - CLIENT] - INFO - [Store 257] Local training complete.
2025-03-31 11:22:27 - [Cluster 0 - CLIENT] - INFO - Sent reply
2025-03-31 11:22:27 - [Cluster 0 - CLIENT] - INFO - [Store 201] Local training complete.
2025-03-31 11:22:27 - [Cluster 0 - CLIENT] - INFO - Sent reply
2025-03-31 11:22:27 - [Cluster 0 - CLIENT] - INFO - [Store 592] Local training complete.
2025-03-31 11:22:27 - [Cluster 0 - CLIENT] - INFO - [Store 447] Local training complete.
2025-03-31 11:22:27 - [Cluster 0 - CLIENT] - INFO - Sent reply
2025-03-31 11:22:27 - [Cluster 0 - CLIENT] - INFO - Sent reply
2025-03-31 11:22:29 - [Cluster 0 - CLIENT] - INFO - [Store 451] Local training complete.
2025-03-31 11:22:29 - [Cluster 0 - CLIENT] - INFO - Sent reply
2025-03-31 11:24:35 - [Cluster 0 - CLIENT] - INFO - [Store 857] Local training complete.
2025-03-31 11:24:35 - [Cluster 0 - CLIENT] - INFO - Sent reply
2025-03-31 11:24:36 - [Cluster 0 - CLIENT] - INFO - [Store 91] Local training complete.
2025-03-31 11:24:36 - [Cluster 0 - CLIENT] - INFO - Sent reply
2025-03-31 11:24:38 - [Cluster 0 - CLIENT] - INFO - [Store 329] Local training complete.
2025-03-31 11:24:38 - [Cluster 0 - CLIENT] - INFO - Sent reply
2025-03-31 11:24:38 - [Cluster 0 - CLIENT] - INFO - [Store 242] Local training complete.
2025-03-31 11:24:38 - [Cluster 0 - CLIENT] - INFO - Sent reply
2025-03-31 11:24:38 - [Cluster 0 - CLIENT] - INFO - [Store 489] Local training complete.
2025-03-31 11:24:38 - [Cluster 0 - CLIENT] - INFO - Sent reply
2025-03-31 11:24:39 - [Cluster 0 - CLIENT] - INFO - [Store 590] Local training complete.
2025-03-31 11:24:39 - [Cluster 0 - CLIENT] - INFO - Sent reply
2025-03-31 11:24:39 - [Cluster 0 - CLIENT] - INFO - [Store 689] Local training complete.
2025-03-31 11:24:39 - [Cluster 0 - CLIENT] - INFO - Sent reply
2025-03-31 11:24:39 - [Cluster 0 - CLIENT] - INFO - [Store 848] Local training complete.
2025-03-31 11:24:39 - [Cluster 0 - CLIENT] - INFO - Sent reply
2025-03-31 11:24:40 - [Cluster 0 - CLIENT] - INFO - [Store 812] Local training complete.
2025-03-31 11:24:40 - [Cluster 0 - CLIENT] - INFO - Sent reply
2025-03-31 11:24:44 - [Cluster 0 - CLIENT] - INFO - [Store 75] Local training complete.
2025-03-31 11:24:44 - [Cluster 0 - CLIENT] - INFO - Sent reply
2025-03-31 11:24:44 - [Cluster 0 - CLIENT] - INFO - 
2025-03-31 11:24:44 - [Cluster 0 - CLIENT] - INFO - Received: evaluate message b7138b2c-5e2f-4ea0-af72-ec734157f9df
2025-03-31 11:24:44 - [Cluster 0 - CLIENT] - INFO - 
2025-03-31 11:24:44 - [Cluster 0 - CLIENT] - INFO - Received: evaluate message b46aa086-945f-4e13-ac18-c5daf72c2ef1
2025-03-31 11:24:44 - [Cluster 0 - CLIENT] - INFO - 
2025-03-31 11:24:44 - [Cluster 0 - CLIENT] - INFO - 
2025-03-31 11:24:44 - [Cluster 0 - CLIENT] - INFO - Received: evaluate message b5f4de5a-5441-4c98-836e-044be704a13e
2025-03-31 11:24:44 - [Cluster 0 - CLIENT] - INFO - Received: evaluate message 02cea8a6-b284-4078-a53d-8065feda1051
2025-03-31 11:24:44 - [Cluster 0 - CLIENT] - INFO - 
2025-03-31 11:24:44 - [Cluster 0 - CLIENT] - INFO - Received: evaluate message ba4b105c-2930-4bd9-acf2-986b508b7068
2025-03-31 11:24:44 - [Cluster 0 - CLIENT] - INFO - 
2025-03-31 11:24:44 - [Cluster 0 - CLIENT] - INFO - Received: evaluate message 2416184d-2307-41a7-adbf-9c69f3f7c0d3
2025-03-31 11:24:44 - [Cluster 0 - CLIENT] - INFO - 
2025-03-31 11:24:44 - [Cluster 0 - CLIENT] - INFO - Received: evaluate message c1e6c7ae-176d-4a00-8c6e-02a1548379a2
2025-03-31 11:24:44 - [Cluster 0 - CLIENT] - INFO - 
2025-03-31 11:24:44 - [Cluster 0 - CLIENT] - INFO - Received: evaluate message c4322004-bfa1-424c-bc65-5b57fe2975d7
2025-03-31 11:24:44 - [Cluster 0 - CLIENT] - INFO - 
2025-03-31 11:24:44 - [Cluster 0 - CLIENT] - INFO - Received: evaluate message be856753-3e65-4d70-9ded-7aa226de6c41
2025-03-31 11:24:44 - [Cluster 0 - CLIENT] - INFO - 
2025-03-31 11:24:44 - [Cluster 0 - CLIENT] - INFO - Received: evaluate message 0751e71b-85d9-4bce-bdf1-c68fee668ec9
2025-03-31 11:24:44 - [Cluster 0 - CLIENT] - INFO - 
2025-03-31 11:24:44 - [Cluster 0 - CLIENT] - INFO - Received: evaluate message c6f5b816-c147-469d-893d-fa7dcecf83cd
2025-03-31 11:24:44 - [Cluster 0 - CLIENT] - INFO - 
2025-03-31 11:24:44 - [Cluster 0 - CLIENT] - INFO - Received: evaluate message ca04cdee-de92-4f66-a7bf-9750cdbefb98
2025-03-31 11:24:44 - [Cluster 0 - CLIENT] - INFO - 
2025-03-31 11:24:44 - [Cluster 0 - CLIENT] - INFO - Received: evaluate message 588adfb0-8398-4d75-b1e7-738603f6ed6f
2025-03-31 11:24:44 - [Cluster 0 - CLIENT] - INFO - 
2025-03-31 11:24:44 - [Cluster 0 - CLIENT] - INFO - Received: evaluate message 7def9757-c0e9-491a-86e1-da4ff11257a8
2025-03-31 11:24:44 - [Cluster 0 - CLIENT] - INFO - 
2025-03-31 11:24:44 - [Cluster 0 - CLIENT] - INFO - Received: evaluate message 1e556ad6-0285-40e5-9aa3-53568fbbbaf6
2025-03-31 11:24:46 - [Cluster 0 - CLIENT] - INFO - [Store 242] Evaluation - Loss: 0.5906, MAE: 0.5698
2025-03-31 11:24:46 - [Cluster 0 - CLIENT] - INFO - Sent reply
2025-03-31 11:24:46 - [Cluster 0 - CLIENT] - INFO - [Store 812] Evaluation - Loss: 0.5168, MAE: 0.5422
2025-03-31 11:24:46 - [Cluster 0 - CLIENT] - INFO - Sent reply
2025-03-31 11:24:46 - [Cluster 0 - CLIENT] - INFO - 
2025-03-31 11:24:46 - [Cluster 0 - CLIENT] - INFO - Received: evaluate message 8bc0e45f-741b-45f5-adb9-c52feaa06692
2025-03-31 11:24:46 - [Cluster 0 - CLIENT] - INFO - [Store 327] Evaluation - Loss: 0.6358, MAE: 0.5839
2025-03-31 11:24:46 - [Cluster 0 - CLIENT] - INFO - Sent reply
2025-03-31 11:24:46 - [Cluster 0 - CLIENT] - INFO - [Store 451] Evaluation - Loss: 0.7407, MAE: 0.6431
2025-03-31 11:24:46 - [Cluster 0 - CLIENT] - INFO - Sent reply
2025-03-31 11:24:46 - [Cluster 0 - CLIENT] - INFO - [Store 75] Evaluation - Loss: 0.5890, MAE: 0.5818
2025-03-31 11:24:46 - [Cluster 0 - CLIENT] - INFO - Sent reply
2025-03-31 11:24:46 - [Cluster 0 - CLIENT] - INFO - 
2025-03-31 11:24:46 - [Cluster 0 - CLIENT] - INFO - Received: evaluate message bf10dca6-b3a6-4ba6-9b19-49e2222c4c4c
2025-03-31 11:24:46 - [Cluster 0 - CLIENT] - INFO - [Store 689] Evaluation - Loss: 0.4683, MAE: 0.4837
2025-03-31 11:24:46 - [Cluster 0 - CLIENT] - INFO - Sent reply
2025-03-31 11:24:46 - [Cluster 0 - CLIENT] - INFO - 
2025-03-31 11:24:46 - [Cluster 0 - CLIENT] - INFO - Received: evaluate message 4b775379-0ed8-4bde-be41-5710830cdea0
2025-03-31 11:24:46 - [Cluster 0 - CLIENT] - INFO - 
2025-03-31 11:24:46 - [Cluster 0 - CLIENT] - INFO - Received: evaluate message b6dbbec8-1881-4f3c-9465-b71ae0845b8f
2025-03-31 11:24:46 - [Cluster 0 - CLIENT] - INFO - 
2025-03-31 11:24:46 - [Cluster 0 - CLIENT] - INFO - 
2025-03-31 11:24:46 - [Cluster 0 - CLIENT] - INFO - Received: evaluate message 87d1325f-ece2-473f-90ea-3c626c380b9d
2025-03-31 11:24:46 - [Cluster 0 - CLIENT] - INFO - Received: evaluate message 0c97c5cb-9338-42eb-9909-2f779e8040c6
2025-03-31 11:24:46 - [Cluster 0 - CLIENT] - INFO - [Store 142] Evaluation - Loss: 0.5407, MAE: 0.5445
2025-03-31 11:24:46 - [Cluster 0 - CLIENT] - INFO - Sent reply
2025-03-31 11:24:46 - [Cluster 0 - CLIENT] - INFO - [Store 257] Evaluation - Loss: 0.4509, MAE: 0.4797
2025-03-31 11:24:46 - [Cluster 0 - CLIENT] - INFO - Sent reply
2025-03-31 11:24:46 - [Cluster 0 - CLIENT] - INFO - 
2025-03-31 11:24:46 - [Cluster 0 - CLIENT] - INFO - Received: evaluate message fd8b3431-572b-4466-a190-498d59a38dca
2025-03-31 11:24:46 - [Cluster 0 - CLIENT] - INFO - 
2025-03-31 11:24:46 - [Cluster 0 - CLIENT] - INFO - Received: evaluate message 8a43c73d-ef4e-4639-84e3-733ac2cb0e6b
2025-03-31 11:24:46 - [Cluster 0 - CLIENT] - INFO - [Store 529] Evaluation - Loss: 0.5823, MAE: 0.5736
2025-03-31 11:24:46 - [Cluster 0 - CLIENT] - INFO - Sent reply
2025-03-31 11:24:46 - [Cluster 0 - CLIENT] - INFO - [Store 848] Evaluation - Loss: 0.5265, MAE: 0.5356
2025-03-31 11:24:46 - [Cluster 0 - CLIENT] - INFO - Sent reply
2025-03-31 11:24:46 - [Cluster 0 - CLIENT] - INFO - [Store 300] Evaluation - Loss: 0.7959, MAE: 0.7096
2025-03-31 11:24:46 - [Cluster 0 - CLIENT] - INFO - 
2025-03-31 11:24:46 - [Cluster 0 - CLIENT] - INFO - Received: evaluate message c31e600c-2ef5-4bce-b062-98040e854dba
2025-03-31 11:24:46 - [Cluster 0 - CLIENT] - INFO - Sent reply
2025-03-31 11:24:46 - [Cluster 0 - CLIENT] - INFO - 
2025-03-31 11:24:46 - [Cluster 0 - CLIENT] - INFO - Received: evaluate message fedebb6e-5e85-4fcf-b3d1-eb4749192b90
2025-03-31 11:24:46 - [Cluster 0 - CLIENT] - INFO - [Store 592] Evaluation - Loss: 0.5326, MAE: 0.5650
2025-03-31 11:24:46 - [Cluster 0 - CLIENT] - INFO - Sent reply
2025-03-31 11:24:46 - [Cluster 0 - CLIENT] - INFO - [Store 201] Evaluation - Loss: 0.5975, MAE: 0.6145
2025-03-31 11:24:46 - [Cluster 0 - CLIENT] - INFO - 
2025-03-31 11:24:46 - [Cluster 0 - CLIENT] - INFO - Received: evaluate message 76dbec72-688c-4bea-9b63-e326d127cc3c
2025-03-31 11:24:46 - [Cluster 0 - CLIENT] - INFO - Sent reply
2025-03-31 11:24:46 - [Cluster 0 - CLIENT] - INFO - 
2025-03-31 11:24:46 - [Cluster 0 - CLIENT] - INFO - Received: evaluate message aba32f00-ddca-4c22-b526-771ae5bd7160
2025-03-31 11:24:46 - [Cluster 0 - CLIENT] - INFO - 
2025-03-31 11:24:46 - [Cluster 0 - CLIENT] - INFO - Received: evaluate message 6a093546-15a8-4602-8157-92858ea10255
2025-03-31 11:24:47 - [Cluster 0 - CLIENT] - INFO - [Store 418] Evaluation - Loss: 0.5987, MAE: 0.5901
2025-03-31 11:24:47 - [Cluster 0 - CLIENT] - INFO - Sent reply
2025-03-31 11:24:47 - [Cluster 0 - CLIENT] - INFO - 
2025-03-31 11:24:47 - [Cluster 0 - CLIENT] - INFO - Received: evaluate message 48f9d421-932e-45af-8256-1477ebe00416
2025-03-31 11:24:47 - [Cluster 0 - CLIENT] - INFO - [Store 811] Evaluation - Loss: 0.5091, MAE: 0.5085
2025-03-31 11:24:47 - [Cluster 0 - CLIENT] - INFO - Sent reply
2025-03-31 11:24:47 - [Cluster 0 - CLIENT] - INFO - 
2025-03-31 11:24:47 - [Cluster 0 - CLIENT] - INFO - Received: evaluate message 751e7a9c-95e2-4f15-94f3-deed0f5d5684
2025-03-31 11:24:47 - [Cluster 0 - CLIENT] - INFO - [Store 590] Evaluation - Loss: 0.7211, MAE: 0.6678
2025-03-31 11:24:47 - [Cluster 0 - CLIENT] - INFO - Sent reply
2025-03-31 11:24:47 - [Cluster 0 - CLIENT] - INFO - [Store 91] Evaluation - Loss: 0.5097, MAE: 0.5592
2025-03-31 11:24:47 - [Cluster 0 - CLIENT] - INFO - Sent reply
2025-03-31 11:24:47 - [Cluster 0 - CLIENT] - INFO - [Store 111] Evaluation - Loss: 0.6092, MAE: 0.5897
2025-03-31 11:24:47 - [Cluster 0 - CLIENT] - INFO - Sent reply
2025-03-31 11:24:47 - [Cluster 0 - CLIENT] - INFO - [Store 857] Evaluation - Loss: 0.8701, MAE: 0.7496
2025-03-31 11:24:47 - [Cluster 0 - CLIENT] - INFO - Sent reply
2025-03-31 11:24:47 - [Cluster 0 - CLIENT] - INFO - [Store 294] Evaluation - Loss: 0.6827, MAE: 0.6499
2025-03-31 11:24:47 - [Cluster 0 - CLIENT] - INFO - Sent reply
2025-03-31 11:24:47 - [Cluster 0 - CLIENT] - INFO - [Store 1048] Evaluation - Loss: 0.7719, MAE: 0.6765
2025-03-31 11:24:47 - [Cluster 0 - CLIENT] - INFO - Sent reply
2025-03-31 11:24:47 - [Cluster 0 - CLIENT] - INFO - [Store 639] Evaluation - Loss: 0.4432, MAE: 0.4906
2025-03-31 11:24:47 - [Cluster 0 - CLIENT] - INFO - Sent reply
2025-03-31 11:24:47 - [Cluster 0 - CLIENT] - INFO - [Store 329] Evaluation - Loss: 0.5955, MAE: 0.5743
2025-03-31 11:24:47 - [Cluster 0 - CLIENT] - INFO - Sent reply
2025-03-31 11:24:48 - [Cluster 0 - CLIENT] - INFO - [Store 588] Evaluation - Loss: 0.5586, MAE: 0.5508
2025-03-31 11:24:48 - [Cluster 0 - CLIENT] - INFO - Sent reply
2025-03-31 11:24:48 - [Cluster 0 - CLIENT] - INFO - [Store 313] Evaluation - Loss: 0.5257, MAE: 0.5340
2025-03-31 11:24:48 - [Cluster 0 - CLIENT] - INFO - Sent reply
2025-03-31 11:24:48 - [Cluster 0 - CLIENT] - INFO - [Store 489] Evaluation - Loss: 0.4992, MAE: 0.5332
2025-03-31 11:24:48 - [Cluster 0 - CLIENT] - INFO - Sent reply
2025-03-31 11:24:48 - [Cluster 0 - CLIENT] - INFO - [Store 447] Evaluation - Loss: 0.6012, MAE: 0.5779
2025-03-31 11:24:48 - [Cluster 0 - CLIENT] - INFO - Sent reply
2025-03-31 11:24:48 - [Cluster 0 - CLIENT] - INFO - [Store 47] Evaluation - Loss: 0.6430, MAE: 0.6089
2025-03-31 11:24:48 - [Cluster 0 - CLIENT] - INFO - Sent reply
2025-03-31 11:24:48 - [Cluster 0 - CLIENT] - INFO - [Store 314] Evaluation - Loss: 0.5291, MAE: 0.5133
2025-03-31 11:24:48 - [Cluster 0 - CLIENT] - INFO - Sent reply
2025-03-31 11:24:48 - [Cluster 0 - CLIENT] - INFO - [Store 328] Evaluation - Loss: 0.5475, MAE: 0.5605
2025-03-31 11:24:48 - [Cluster 0 - CLIENT] - INFO - Sent reply
2025-03-31 11:24:48 - [Cluster 0 - CLIENT] - INFO - 
2025-03-31 11:24:48 - [Cluster 0 - CLIENT] - INFO - Received: train message 73675815-875d-4e10-aa7a-f87ffe99a68c
2025-03-31 11:24:48 - [Cluster 0 - CLIENT] - INFO - 
2025-03-31 11:24:48 - [Cluster 0 - CLIENT] - INFO - Received: train message 4c88ba63-2e89-489a-b2f9-dbe353e83a42
2025-03-31 11:24:48 - [Cluster 0 - CLIENT] - INFO - 
2025-03-31 11:24:48 - [Cluster 0 - CLIENT] - INFO - Received: train message 71c92352-38bd-4b3b-813c-a4e3a995e1ab
2025-03-31 11:24:48 - [Cluster 0 - CLIENT] - INFO - [Store 418] Starting local training.
2025-03-31 11:24:48 - [Cluster 0 - CLIENT] - INFO - [Store 294] Starting local training.
2025-03-31 11:24:48 - [Cluster 0 - CLIENT] - INFO - 
2025-03-31 11:24:48 - [Cluster 0 - CLIENT] - INFO - Received: train message e1ba60cd-43ac-4e13-830d-1675bbe3aef0
2025-03-31 11:24:48 - [Cluster 0 - CLIENT] - INFO - 
2025-03-31 11:24:48 - [Cluster 0 - CLIENT] - INFO - Received: train message c7739fdf-9076-4e2d-9031-41e0296096f0
2025-03-31 11:24:48 - [Cluster 0 - CLIENT] - INFO - [Store 91] Starting local training.
2025-03-31 11:24:48 - [Cluster 0 - CLIENT] - INFO - 
2025-03-31 11:24:48 - [Cluster 0 - CLIENT] - INFO - Received: train message 8a18052f-f987-4044-a6bd-2a36e71dbf15
2025-03-31 11:24:48 - [Cluster 0 - CLIENT] - INFO - [Store 857] Starting local training.
2025-03-31 11:24:48 - [Cluster 0 - CLIENT] - INFO - 
2025-03-31 11:24:48 - [Cluster 0 - CLIENT] - INFO - Received: train message 5d83ed98-5873-49a1-9e19-652904f979aa
2025-03-31 11:24:48 - [Cluster 0 - CLIENT] - INFO - 
2025-03-31 11:24:48 - [Cluster 0 - CLIENT] - INFO - Received: train message 6471ba41-c46b-4b1e-9c57-628aac68b885
2025-03-31 11:24:48 - [Cluster 0 - CLIENT] - INFO - 
2025-03-31 11:24:48 - [Cluster 0 - CLIENT] - INFO - Received: train message eadf33aa-0b3c-4fa8-b7c9-3180c0087faa
2025-03-31 11:24:48 - [Cluster 0 - CLIENT] - INFO - [Store 329] Starting local training.
2025-03-31 11:24:48 - [Cluster 0 - CLIENT] - INFO - 
2025-03-31 11:24:48 - [Cluster 0 - CLIENT] - INFO - Received: train message 1b39a2d9-fe90-468f-aa6a-7a8f7feee020
2025-03-31 11:24:48 - [Cluster 0 - CLIENT] - INFO - [Store 588] Starting local training.
2025-03-31 11:24:48 - [Cluster 0 - CLIENT] - INFO - 
2025-03-31 11:24:48 - [Cluster 0 - CLIENT] - INFO - Received: train message 0aab672d-576e-4106-bc5d-70a1fc685864
2025-03-31 11:24:48 - [Cluster 0 - CLIENT] - INFO - 
2025-03-31 11:24:48 - [Cluster 0 - CLIENT] - INFO - Received: train message 20a76917-547e-4976-9bf0-5a7ae4e3ca4d
2025-03-31 11:24:48 - [Cluster 0 - CLIENT] - INFO - [Store 1048] Starting local training.
2025-03-31 11:24:48 - [Cluster 0 - CLIENT] - INFO - [Store 451] Starting local training.
2025-03-31 11:24:48 - [Cluster 0 - CLIENT] - INFO - 
2025-03-31 11:24:48 - [Cluster 0 - CLIENT] - INFO - Received: train message ac29c04a-d823-4aa7-9d3f-28773753c4c1
2025-03-31 11:24:48 - [Cluster 0 - CLIENT] - INFO - [Store 313] Starting local training.
2025-03-31 11:24:48 - [Cluster 0 - CLIENT] - INFO - [Store 811] Starting local training.
2025-03-31 11:24:48 - [Cluster 0 - CLIENT] - INFO - [Store 47] Starting local training.
2025-03-31 11:24:48 - [Cluster 0 - CLIENT] - INFO - 
2025-03-31 11:24:48 - [Cluster 0 - CLIENT] - INFO - Received: train message da170ce2-0fe5-484b-b0c4-518617380b7c
2025-03-31 11:24:48 - [Cluster 0 - CLIENT] - INFO - [Store 447] Starting local training.
2025-03-31 11:24:48 - [Cluster 0 - CLIENT] - INFO - 
2025-03-31 11:24:48 - [Cluster 0 - CLIENT] - INFO - Received: train message 9b9540cb-90cc-4f57-a91d-bbb9b8aa27e3
2025-03-31 11:24:48 - [Cluster 0 - CLIENT] - INFO - [Store 257] Starting local training.
2025-03-31 11:24:48 - [Cluster 0 - CLIENT] - INFO - [Store 300] Starting local training.
2025-03-31 11:24:48 - [Cluster 0 - CLIENT] - INFO - [Store 327] Starting local training.
2025-03-31 11:27:48 - [Cluster 0 - CLIENT] - INFO - [Store 313] Local training complete.
2025-03-31 11:27:48 - [Cluster 0 - CLIENT] - INFO - Sent reply
2025-03-31 11:27:48 - [Cluster 0 - CLIENT] - INFO - 
2025-03-31 11:27:48 - [Cluster 0 - CLIENT] - INFO - Received: train message 11eb4da8-d331-4c66-a431-a15425845a68
2025-03-31 11:27:48 - [Cluster 0 - CLIENT] - INFO - [Store 689] Starting local training.
2025-03-31 11:27:49 - [Cluster 0 - CLIENT] - INFO - [Store 294] Local training complete.
2025-03-31 11:27:49 - [Cluster 0 - CLIENT] - INFO - Sent reply
2025-03-31 11:27:49 - [Cluster 0 - CLIENT] - INFO - [Store 300] Local training complete.
2025-03-31 11:27:49 - [Cluster 0 - CLIENT] - INFO - 
2025-03-31 11:27:49 - [Cluster 0 - CLIENT] - INFO - Received: train message 83c7611a-b61f-4ef4-a644-3042f3eed370
2025-03-31 11:27:49 - [Cluster 0 - CLIENT] - INFO - [Store 812] Starting local training.
2025-03-31 11:27:49 - [Cluster 0 - CLIENT] - INFO - Sent reply
2025-03-31 11:27:49 - [Cluster 0 - CLIENT] - INFO - 
2025-03-31 11:27:49 - [Cluster 0 - CLIENT] - INFO - Received: train message efbb05c1-5bc1-47fd-b240-3a5b53598fdf
2025-03-31 11:27:49 - [Cluster 0 - CLIENT] - INFO - [Store 529] Starting local training.
2025-03-31 11:27:49 - [Cluster 0 - CLIENT] - INFO - [Store 451] Local training complete.
2025-03-31 11:27:49 - [Cluster 0 - CLIENT] - INFO - Sent reply
2025-03-31 11:27:49 - [Cluster 0 - CLIENT] - INFO - 
2025-03-31 11:27:49 - [Cluster 0 - CLIENT] - INFO - Received: train message 06956711-cdf0-40e1-b766-bb798a90de4e
2025-03-31 11:27:49 - [Cluster 0 - CLIENT] - INFO - [Store 75] Starting local training.
2025-03-31 11:27:50 - [Cluster 0 - CLIENT] - INFO - [Store 329] Local training complete.
2025-03-31 11:27:50 - [Cluster 0 - CLIENT] - INFO - Sent reply
2025-03-31 11:27:50 - [Cluster 0 - CLIENT] - INFO - 
2025-03-31 11:27:50 - [Cluster 0 - CLIENT] - INFO - Received: train message d1156fc8-234c-436b-bc0f-5ee533a0e497
2025-03-31 11:27:50 - [Cluster 0 - CLIENT] - INFO - [Store 242] Starting local training.
2025-03-31 11:27:50 - [Cluster 0 - CLIENT] - INFO - [Store 257] Local training complete.
2025-03-31 11:27:50 - [Cluster 0 - CLIENT] - INFO - Sent reply
2025-03-31 11:27:50 - [Cluster 0 - CLIENT] - INFO - 
2025-03-31 11:27:50 - [Cluster 0 - CLIENT] - INFO - Received: train message 95596b8c-7355-4003-ae2d-4f767d96edb0
2025-03-31 11:27:50 - [Cluster 0 - CLIENT] - INFO - [Store 328] Starting local training.
2025-03-31 11:27:51 - [Cluster 0 - CLIENT] - INFO - [Store 1048] Local training complete.
2025-03-31 11:27:51 - [Cluster 0 - CLIENT] - INFO - Sent reply
2025-03-31 11:27:51 - [Cluster 0 - CLIENT] - INFO - 
2025-03-31 11:27:51 - [Cluster 0 - CLIENT] - INFO - Received: train message dec04624-22b9-43ba-9aa2-fa6d2e0609e7
2025-03-31 11:27:51 - [Cluster 0 - CLIENT] - INFO - [Store 639] Starting local training.
2025-03-31 11:27:51 - [Cluster 0 - CLIENT] - INFO - [Store 447] Local training complete.
2025-03-31 11:27:51 - [Cluster 0 - CLIENT] - INFO - Sent reply
2025-03-31 11:27:51 - [Cluster 0 - CLIENT] - INFO - 
2025-03-31 11:27:51 - [Cluster 0 - CLIENT] - INFO - Received: train message bb39b11d-8353-4939-b69d-4a26a066dd24
2025-03-31 11:27:51 - [Cluster 0 - CLIENT] - INFO - [Store 111] Starting local training.
2025-03-31 11:27:51 - [Cluster 0 - CLIENT] - INFO - [Store 91] Local training complete.
2025-03-31 11:27:51 - [Cluster 0 - CLIENT] - INFO - Sent reply
2025-03-31 11:27:51 - [Cluster 0 - CLIENT] - INFO - 
2025-03-31 11:27:51 - [Cluster 0 - CLIENT] - INFO - Received: train message 01ea0d59-7d12-4531-b13b-a1677487cf9e
2025-03-31 11:27:51 - [Cluster 0 - CLIENT] - INFO - [Store 848] Starting local training.
2025-03-31 11:27:51 - [Cluster 0 - CLIENT] - INFO - [Store 588] Local training complete.
2025-03-31 11:27:51 - [Cluster 0 - CLIENT] - INFO - Sent reply
2025-03-31 11:27:51 - [Cluster 0 - CLIENT] - INFO - 
2025-03-31 11:27:51 - [Cluster 0 - CLIENT] - INFO - Received: train message 2be54153-6596-40d8-9820-7e65b15dff26
2025-03-31 11:27:51 - [Cluster 0 - CLIENT] - INFO - [Store 314] Starting local training.
2025-03-31 11:27:53 - [Cluster 0 - CLIENT] - INFO - [Store 327] Local training complete.
2025-03-31 11:27:53 - [Cluster 0 - CLIENT] - INFO - Sent reply
2025-03-31 11:27:53 - [Cluster 0 - CLIENT] - INFO - 
2025-03-31 11:27:53 - [Cluster 0 - CLIENT] - INFO - Received: train message 666bf08a-8dc4-49cf-8cf2-6b5587e9ff4e
2025-03-31 11:27:53 - [Cluster 0 - CLIENT] - INFO - [Store 142] Starting local training.
2025-03-31 11:27:55 - [Cluster 0 - CLIENT] - INFO - [Store 857] Local training complete.
2025-03-31 11:27:55 - [Cluster 0 - CLIENT] - INFO - Sent reply
2025-03-31 11:27:55 - [Cluster 0 - CLIENT] - INFO - 
2025-03-31 11:27:55 - [Cluster 0 - CLIENT] - INFO - Received: train message aaf4a97a-b349-44d8-a9bf-12aea7651923
2025-03-31 11:27:55 - [Cluster 0 - CLIENT] - INFO - [Store 592] Starting local training.
2025-03-31 11:28:48 - [Cluster 0 - CLIENT] - INFO - [Store 47] Local training complete.
2025-03-31 11:28:48 - [Cluster 0 - CLIENT] - INFO - Sent reply
2025-03-31 11:28:48 - [Cluster 0 - CLIENT] - INFO - 
2025-03-31 11:28:48 - [Cluster 0 - CLIENT] - INFO - Received: train message 53f94c79-50e2-4d9c-a0fd-a4fd37e26553
2025-03-31 11:28:48 - [Cluster 0 - CLIENT] - INFO - [Store 489] Starting local training.
2025-03-31 11:28:50 - [Cluster 0 - CLIENT] - INFO - [Store 811] Local training complete.
2025-03-31 11:28:50 - [Cluster 0 - CLIENT] - INFO - Sent reply
2025-03-31 11:28:50 - [Cluster 0 - CLIENT] - INFO - 
2025-03-31 11:28:50 - [Cluster 0 - CLIENT] - INFO - Received: train message 61458175-5c69-4304-a44c-5226b57d94f2
2025-03-31 11:28:50 - [Cluster 0 - CLIENT] - INFO - [Store 201] Starting local training.
2025-03-31 11:28:50 - [Cluster 0 - CLIENT] - INFO - [Store 418] Local training complete.
2025-03-31 11:28:51 - [Cluster 0 - CLIENT] - INFO - Sent reply
2025-03-31 11:28:51 - [Cluster 0 - CLIENT] - INFO - 
2025-03-31 11:28:51 - [Cluster 0 - CLIENT] - INFO - Received: train message ddc3b5b4-a6e0-41a7-b8c9-759bc89131d5
2025-03-31 11:28:51 - [Cluster 0 - CLIENT] - INFO - [Store 590] Starting local training.
2025-03-31 11:30:54 - [Cluster 0 - CLIENT] - INFO - [Store 142] Local training complete.
2025-03-31 11:30:55 - [Cluster 0 - CLIENT] - INFO - Sent reply
2025-03-31 11:30:56 - [Cluster 0 - CLIENT] - INFO - [Store 848] Local training complete.
2025-03-31 11:30:56 - [Cluster 0 - CLIENT] - INFO - [Store 242] Local training complete.
2025-03-31 11:30:56 - [Cluster 0 - CLIENT] - INFO - Sent reply
2025-03-31 11:30:56 - [Cluster 0 - CLIENT] - INFO - [Store 111] Local training complete.
2025-03-31 11:30:56 - [Cluster 0 - CLIENT] - INFO - Sent reply
2025-03-31 11:30:56 - [Cluster 0 - CLIENT] - INFO - [Store 812] Local training complete.
2025-03-31 11:30:56 - [Cluster 0 - CLIENT] - INFO - Sent reply
2025-03-31 11:30:56 - [Cluster 0 - CLIENT] - INFO - Sent reply
2025-03-31 11:30:57 - [Cluster 0 - CLIENT] - INFO - [Store 529] Local training complete.
2025-03-31 11:30:57 - [Cluster 0 - CLIENT] - INFO - Sent reply
2025-03-31 11:30:58 - [Cluster 0 - CLIENT] - INFO - [Store 75] Local training complete.
2025-03-31 11:30:58 - [Cluster 0 - CLIENT] - INFO - Sent reply
2025-03-31 11:30:58 - [Cluster 0 - CLIENT] - INFO - [Store 639] Local training complete.
2025-03-31 11:30:58 - [Cluster 0 - CLIENT] - INFO - Sent reply
2025-03-31 11:30:58 - [Cluster 0 - CLIENT] - INFO - [Store 689] Local training complete.
2025-03-31 11:30:58 - [Cluster 0 - CLIENT] - INFO - Sent reply
2025-03-31 11:30:59 - [Cluster 0 - CLIENT] - INFO - [Store 592] Local training complete.
2025-03-31 11:30:59 - [Cluster 0 - CLIENT] - INFO - Sent reply
2025-03-31 11:31:17 - [Cluster 0 - CLIENT] - INFO - [Store 590] Local training complete.
2025-03-31 11:31:17 - [Cluster 0 - CLIENT] - INFO - [Store 201] Local training complete.
2025-03-31 11:31:17 - [Cluster 0 - CLIENT] - INFO - Sent reply
2025-03-31 11:31:17 - [Cluster 0 - CLIENT] - INFO - Sent reply
2025-03-31 11:31:17 - [Cluster 0 - CLIENT] - INFO - [Store 328] Local training complete.
2025-03-31 11:31:17 - [Cluster 0 - CLIENT] - INFO - Sent reply
2025-03-31 11:31:18 - [Cluster 0 - CLIENT] - INFO - [Store 489] Local training complete.
2025-03-31 11:31:18 - [Cluster 0 - CLIENT] - INFO - Sent reply
2025-03-31 11:31:19 - [Cluster 0 - CLIENT] - INFO - [Store 314] Local training complete.
2025-03-31 11:31:19 - [Cluster 0 - CLIENT] - INFO - Sent reply
2025-03-31 11:31:19 - [Cluster 0 - CLIENT] - INFO - 
2025-03-31 11:31:19 - [Cluster 0 - CLIENT] - INFO - Received: evaluate message 7201f280-751f-49ae-ae23-c37d9af51924
2025-03-31 11:31:19 - [Cluster 0 - CLIENT] - INFO - 
2025-03-31 11:31:19 - [Cluster 0 - CLIENT] - INFO - Received: evaluate message daadea95-e264-4428-b782-4a3d5b40b0ce
2025-03-31 11:31:19 - [Cluster 0 - CLIENT] - INFO - 
2025-03-31 11:31:19 - [Cluster 0 - CLIENT] - INFO - Received: evaluate message 3a8a74b7-8932-457e-b551-d013322322f1
2025-03-31 11:31:19 - [Cluster 0 - CLIENT] - INFO - 
2025-03-31 11:31:19 - [Cluster 0 - CLIENT] - INFO - Received: evaluate message 78185b74-1b23-45d6-9e65-7e999182a7fd
2025-03-31 11:31:19 - [Cluster 0 - CLIENT] - INFO - 
2025-03-31 11:31:19 - [Cluster 0 - CLIENT] - INFO - Received: evaluate message 448bbf28-c4ff-45bb-aa8d-b0d33431c600
2025-03-31 11:31:19 - [Cluster 0 - CLIENT] - INFO - 
2025-03-31 11:31:19 - [Cluster 0 - CLIENT] - INFO - Received: evaluate message 3b87340d-b952-46d2-9895-0e60141707a0
2025-03-31 11:31:19 - [Cluster 0 - CLIENT] - INFO - 
2025-03-31 11:31:19 - [Cluster 0 - CLIENT] - INFO - Received: evaluate message f4fa9e60-e837-4287-a5bf-65bd5187fe71
2025-03-31 11:31:19 - [Cluster 0 - CLIENT] - INFO - 
2025-03-31 11:31:19 - [Cluster 0 - CLIENT] - INFO - Received: evaluate message 8153567a-a04f-4431-84d1-b7cb1fbeb7ac
2025-03-31 11:31:19 - [Cluster 0 - CLIENT] - INFO - 
2025-03-31 11:31:19 - [Cluster 0 - CLIENT] - INFO - Received: evaluate message 30909848-5c19-4bb4-97e3-9b3e57e05d0a
2025-03-31 11:31:19 - [Cluster 0 - CLIENT] - INFO - 
2025-03-31 11:31:19 - [Cluster 0 - CLIENT] - INFO - Received: evaluate message 41c5367a-4e76-47df-b4a0-6328c7d1640e
2025-03-31 11:31:19 - [Cluster 0 - CLIENT] - INFO - 
2025-03-31 11:31:19 - [Cluster 0 - CLIENT] - INFO - Received: evaluate message f17514a4-f3aa-44be-947d-751877732387
2025-03-31 11:31:19 - [Cluster 0 - CLIENT] - INFO - 
2025-03-31 11:31:19 - [Cluster 0 - CLIENT] - INFO - Received: evaluate message 501fe54d-7ed8-499b-8a8b-994c6af03a05
2025-03-31 11:31:19 - [Cluster 0 - CLIENT] - INFO - 
2025-03-31 11:31:19 - [Cluster 0 - CLIENT] - INFO - Received: evaluate message 87cfd83f-be84-4730-8688-02f739c4903d
2025-03-31 11:31:19 - [Cluster 0 - CLIENT] - INFO - 
2025-03-31 11:31:19 - [Cluster 0 - CLIENT] - INFO - Received: evaluate message 2b5716b3-5761-44e9-a795-3611acb7d8f9
2025-03-31 11:31:19 - [Cluster 0 - CLIENT] - INFO - 
2025-03-31 11:31:19 - [Cluster 0 - CLIENT] - INFO - Received: evaluate message 45c33836-10da-4ff7-95a2-2c1580af9f4b
2025-03-31 11:31:20 - [Cluster 0 - CLIENT] - INFO - [Store 588] Evaluation - Loss: 0.2673, MAE: 0.3351
2025-03-31 11:31:20 - [Cluster 0 - CLIENT] - INFO - Sent reply
2025-03-31 11:31:20 - [Cluster 0 - CLIENT] - INFO - [Store 848] Evaluation - Loss: 0.2569, MAE: 0.3375
2025-03-31 11:31:20 - [Cluster 0 - CLIENT] - INFO - Sent reply
2025-03-31 11:31:20 - [Cluster 0 - CLIENT] - INFO - 
2025-03-31 11:31:20 - [Cluster 0 - CLIENT] - INFO - Received: evaluate message 6a0f01a1-07af-4059-be72-0c5b70de186a
2025-03-31 11:31:20 - [Cluster 0 - CLIENT] - INFO - 
2025-03-31 11:31:20 - [Cluster 0 - CLIENT] - INFO - Received: evaluate message fbe7e34c-53b3-4283-8df3-2d50fc1b31da
2025-03-31 11:31:20 - [Cluster 0 - CLIENT] - INFO - [Store 314] Evaluation - Loss: 0.2552, MAE: 0.3128
2025-03-31 11:31:20 - [Cluster 0 - CLIENT] - INFO - Sent reply
2025-03-31 11:31:20 - [Cluster 0 - CLIENT] - INFO - 
2025-03-31 11:31:20 - [Cluster 0 - CLIENT] - INFO - Received: evaluate message 2ca2125e-6dc0-4bb7-af58-0af3ec975a8c
2025-03-31 11:31:21 - [Cluster 0 - CLIENT] - INFO - [Store 418] Evaluation - Loss: 0.3694, MAE: 0.4021
2025-03-31 11:31:21 - [Cluster 0 - CLIENT] - INFO - Sent reply
2025-03-31 11:31:21 - [Cluster 0 - CLIENT] - INFO - 
2025-03-31 11:31:21 - [Cluster 0 - CLIENT] - INFO - Received: evaluate message 521c77f0-ebca-4b91-b3d6-dcb5be54c1c4
2025-03-31 11:31:21 - [Cluster 0 - CLIENT] - INFO - [Store 1048] Evaluation - Loss: 0.4003, MAE: 0.4333
2025-03-31 11:31:21 - [Cluster 0 - CLIENT] - INFO - Sent reply
2025-03-31 11:31:21 - [Cluster 0 - CLIENT] - INFO - 
2025-03-31 11:31:21 - [Cluster 0 - CLIENT] - INFO - Received: evaluate message 74abe9dd-fc0f-4243-854b-439a35e34422
2025-03-31 11:31:21 - [Cluster 0 - CLIENT] - INFO - [Store 257] Evaluation - Loss: 0.1980, MAE: 0.2794
2025-03-31 11:31:21 - [Cluster 0 - CLIENT] - INFO - Sent reply
2025-03-31 11:31:21 - [Cluster 0 - CLIENT] - INFO - [Store 300] Evaluation - Loss: 0.4454, MAE: 0.4639
2025-03-31 11:31:21 - [Cluster 0 - CLIENT] - INFO - [Store 592] Evaluation - Loss: 0.2851, MAE: 0.3640
2025-03-31 11:31:21 - [Cluster 0 - CLIENT] - INFO - Sent reply
2025-03-31 11:31:21 - [Cluster 0 - CLIENT] - INFO - Sent reply
2025-03-31 11:31:21 - [Cluster 0 - CLIENT] - INFO - 
2025-03-31 11:31:21 - [Cluster 0 - CLIENT] - INFO - Received: evaluate message 66e27684-4cbf-4c17-b946-da8000eff2a6
2025-03-31 11:31:21 - [Cluster 0 - CLIENT] - INFO - 
2025-03-31 11:31:21 - [Cluster 0 - CLIENT] - INFO - Received: evaluate message c6e60bfc-ab2b-49e9-89ed-d5f9fb7f2bb3
2025-03-31 11:31:21 - [Cluster 0 - CLIENT] - INFO - [Store 639] Evaluation - Loss: 0.2389, MAE: 0.3159
2025-03-31 11:31:21 - [Cluster 0 - CLIENT] - INFO - 
2025-03-31 11:31:21 - [Cluster 0 - CLIENT] - INFO - Received: evaluate message c857abd3-b78d-4a3c-978a-2ac963e195fa
2025-03-31 11:31:21 - [Cluster 0 - CLIENT] - INFO - Sent reply
2025-03-31 11:31:21 - [Cluster 0 - CLIENT] - INFO - [Store 811] Evaluation - Loss: 0.2529, MAE: 0.3194
2025-03-31 11:31:21 - [Cluster 0 - CLIENT] - INFO - Sent reply
2025-03-31 11:31:21 - [Cluster 0 - CLIENT] - INFO - [Store 313] Evaluation - Loss: 0.2525, MAE: 0.3490
2025-03-31 11:31:21 - [Cluster 0 - CLIENT] - INFO - 
2025-03-31 11:31:21 - [Cluster 0 - CLIENT] - INFO - Received: evaluate message fdc63d49-227f-49f9-89d2-88213b5da0de
2025-03-31 11:31:21 - [Cluster 0 - CLIENT] - INFO - [Store 451] Evaluation - Loss: 0.3924, MAE: 0.4087
2025-03-31 11:31:21 - [Cluster 0 - CLIENT] - INFO - Sent reply
2025-03-31 11:31:21 - [Cluster 0 - CLIENT] - INFO - Sent reply
2025-03-31 11:31:21 - [Cluster 0 - CLIENT] - INFO - 
2025-03-31 11:31:21 - [Cluster 0 - CLIENT] - INFO - Received: evaluate message a166c7c9-0dd6-4c3a-9b4c-5a9c2bfe7bfd
2025-03-31 11:31:21 - [Cluster 0 - CLIENT] - INFO - 
2025-03-31 11:31:21 - [Cluster 0 - CLIENT] - INFO - Received: evaluate message 8a86193e-bdaf-435f-9eef-a28b820e3089
2025-03-31 11:31:21 - [Cluster 0 - CLIENT] - INFO - 
2025-03-31 11:31:21 - [Cluster 0 - CLIENT] - INFO - Received: evaluate message 46c58712-5ef3-45b7-9161-420905b82cc5
2025-03-31 11:31:21 - [Cluster 0 - CLIENT] - INFO - [Store 111] Evaluation - Loss: 0.3134, MAE: 0.3702
2025-03-31 11:31:21 - [Cluster 0 - CLIENT] - INFO - Sent reply
2025-03-31 11:31:21 - [Cluster 0 - CLIENT] - INFO - [Store 857] Evaluation - Loss: 0.5127, MAE: 0.5040
2025-03-31 11:31:21 - [Cluster 0 - CLIENT] - INFO - Sent reply
2025-03-31 11:31:21 - [Cluster 0 - CLIENT] - INFO - 
2025-03-31 11:31:21 - [Cluster 0 - CLIENT] - INFO - Received: evaluate message d5820a38-62db-49ff-8fe4-642ba659f59e
2025-03-31 11:31:21 - [Cluster 0 - CLIENT] - INFO - 
2025-03-31 11:31:21 - [Cluster 0 - CLIENT] - INFO - Received: evaluate message fc9d3f9a-51b8-4994-b1c3-b4042d6cb5b8
2025-03-31 11:31:21 - [Cluster 0 - CLIENT] - INFO - [Store 327] Evaluation - Loss: 0.3000, MAE: 0.3547
2025-03-31 11:31:21 - [Cluster 0 - CLIENT] - INFO - Sent reply
2025-03-31 11:31:21 - [Cluster 0 - CLIENT] - INFO - 
2025-03-31 11:31:21 - [Cluster 0 - CLIENT] - INFO - Received: evaluate message 953fa912-d311-4bf5-aa03-dad615ff66f0
2025-03-31 11:31:22 - [Cluster 0 - CLIENT] - INFO - [Store 590] Evaluation - Loss: 0.3995, MAE: 0.4434
2025-03-31 11:31:22 - [Cluster 0 - CLIENT] - INFO - Sent reply
2025-03-31 11:31:22 - [Cluster 0 - CLIENT] - INFO - [Store 91] Evaluation - Loss: 0.3021, MAE: 0.4139
2025-03-31 11:31:22 - [Cluster 0 - CLIENT] - INFO - Sent reply
2025-03-31 11:31:22 - [Cluster 0 - CLIENT] - INFO - [Store 689] Evaluation - Loss: 0.2606, MAE: 0.3283
2025-03-31 11:31:22 - [Cluster 0 - CLIENT] - INFO - Sent reply
2025-03-31 11:31:22 - [Cluster 0 - CLIENT] - INFO - [Store 75] Evaluation - Loss: 0.2986, MAE: 0.3662
2025-03-31 11:31:22 - [Cluster 0 - CLIENT] - INFO - Sent reply
2025-03-31 11:31:22 - [Cluster 0 - CLIENT] - INFO - [Store 812] Evaluation - Loss: 0.2242, MAE: 0.3223
2025-03-31 11:31:22 - [Cluster 0 - CLIENT] - INFO - Sent reply
2025-03-31 11:31:22 - [Cluster 0 - CLIENT] - INFO - [Store 294] Evaluation - Loss: 0.3464, MAE: 0.4140
2025-03-31 11:31:22 - [Cluster 0 - CLIENT] - INFO - Sent reply
2025-03-31 11:31:22 - [Cluster 0 - CLIENT] - INFO - [Store 201] Evaluation - Loss: 0.3439, MAE: 0.4115
2025-03-31 11:31:22 - [Cluster 0 - CLIENT] - INFO - Sent reply
2025-03-31 11:31:22 - [Cluster 0 - CLIENT] - INFO - [Store 489] Evaluation - Loss: 0.2355, MAE: 0.3427
2025-03-31 11:31:22 - [Cluster 0 - CLIENT] - INFO - Sent reply
2025-03-31 11:31:22 - [Cluster 0 - CLIENT] - INFO - [Store 328] Evaluation - Loss: 0.2798, MAE: 0.3361
2025-03-31 11:31:22 - [Cluster 0 - CLIENT] - INFO - [Store 529] Evaluation - Loss: 0.2761, MAE: 0.3448
2025-03-31 11:31:22 - [Cluster 0 - CLIENT] - INFO - Sent reply
2025-03-31 11:31:22 - [Cluster 0 - CLIENT] - INFO - Sent reply
2025-03-31 11:31:22 - [Cluster 0 - CLIENT] - INFO - [Store 447] Evaluation - Loss: 0.2857, MAE: 0.3564
2025-03-31 11:31:22 - [Cluster 0 - CLIENT] - INFO - [Store 329] Evaluation - Loss: 0.3086, MAE: 0.3575
2025-03-31 11:31:22 - [Cluster 0 - CLIENT] - INFO - Sent reply
2025-03-31 11:31:22 - [Cluster 0 - CLIENT] - INFO - Sent reply
2025-03-31 11:31:22 - [Cluster 0 - CLIENT] - INFO - [Store 242] Evaluation - Loss: 0.3179, MAE: 0.4022
2025-03-31 11:31:22 - [Cluster 0 - CLIENT] - INFO - Sent reply
2025-03-31 11:31:22 - [Cluster 0 - CLIENT] - INFO - [Store 142] Evaluation - Loss: 0.2933, MAE: 0.3409
2025-03-31 11:31:22 - [Cluster 0 - CLIENT] - INFO - Sent reply
2025-03-31 11:31:22 - [Cluster 0 - CLIENT] - INFO - [Store 47] Evaluation - Loss: 0.3153, MAE: 0.3687
2025-03-31 11:31:22 - [Cluster 0 - CLIENT] - INFO - Sent reply
2025-03-31 11:31:22 - [Cluster 0 - CLIENT] - INFO - 
2025-03-31 11:31:22 - [Cluster 0 - CLIENT] - INFO - Received: train message 40db3de0-3e01-4ccd-a8cd-b35f2faae54b
2025-03-31 11:31:22 - [Cluster 0 - CLIENT] - INFO - 
2025-03-31 11:31:22 - [Cluster 0 - CLIENT] - INFO - Received: train message 0fe9b4ac-0b6c-4499-b8f3-fd15ce544f2b
2025-03-31 11:31:22 - [Cluster 0 - CLIENT] - INFO - 
2025-03-31 11:31:22 - [Cluster 0 - CLIENT] - INFO - Received: train message ba370d38-be18-4612-9d1d-b0345d94526a
2025-03-31 11:31:22 - [Cluster 0 - CLIENT] - INFO - 
2025-03-31 11:31:22 - [Cluster 0 - CLIENT] - INFO - Received: train message 61f1b326-b18e-4c21-8edb-286901e86513
2025-03-31 11:31:22 - [Cluster 0 - CLIENT] - INFO - 
2025-03-31 11:31:22 - [Cluster 0 - CLIENT] - INFO - Received: train message 32c61365-5179-4ddd-9336-870cfb8f0de8
2025-03-31 11:31:22 - [Cluster 0 - CLIENT] - INFO - [Store 142] Starting local training.
2025-03-31 11:31:22 - [Cluster 0 - CLIENT] - INFO - 
2025-03-31 11:31:22 - [Cluster 0 - CLIENT] - INFO - Received: train message ecbfb7ca-f6ba-4149-8fc5-3c2a49bda821
2025-03-31 11:31:22 - [Cluster 0 - CLIENT] - INFO - [Store 47] Starting local training.
2025-03-31 11:31:22 - [Cluster 0 - CLIENT] - INFO - [Store 314] Starting local training.
2025-03-31 11:31:22 - [Cluster 0 - CLIENT] - INFO - 
2025-03-31 11:31:22 - [Cluster 0 - CLIENT] - INFO - Received: train message d3d4b930-c9c3-42e7-a145-e5a62d589d8b
2025-03-31 11:31:22 - [Cluster 0 - CLIENT] - INFO - 
2025-03-31 11:31:22 - [Cluster 0 - CLIENT] - INFO - 
2025-03-31 11:31:22 - [Cluster 0 - CLIENT] - INFO - Received: train message 736b5ae1-bedc-46aa-897f-995b1c1b2473
2025-03-31 11:31:22 - [Cluster 0 - CLIENT] - INFO - Received: train message 8f7265c3-d43d-4fb7-99d7-c3c24adf6b55
2025-03-31 11:31:22 - [Cluster 0 - CLIENT] - INFO - [Store 529] Starting local training.
2025-03-31 11:31:22 - [Cluster 0 - CLIENT] - INFO - 
2025-03-31 11:31:22 - [Cluster 0 - CLIENT] - INFO - Received: train message 46872154-b3fb-4a24-b316-5a81c768b822
2025-03-31 11:31:22 - [Cluster 0 - CLIENT] - INFO - 
2025-03-31 11:31:22 - [Cluster 0 - CLIENT] - INFO - Received: train message a86b04f4-2238-4eb2-aa4a-0bcd59278a6b
2025-03-31 11:31:22 - [Cluster 0 - CLIENT] - INFO - [Store 91] Starting local training.
2025-03-31 11:31:22 - [Cluster 0 - CLIENT] - INFO - [Store 242] Starting local training.
2025-03-31 11:31:22 - [Cluster 0 - CLIENT] - INFO - [Store 451] Starting local training.
2025-03-31 11:31:22 - [Cluster 0 - CLIENT] - INFO - 
2025-03-31 11:31:22 - [Cluster 0 - CLIENT] - INFO - [Store 689] Starting local training.
2025-03-31 11:31:22 - [Cluster 0 - CLIENT] - INFO - Received: train message 698180fb-df70-4db9-aa4b-7dfb86ea30dd
2025-03-31 11:31:22 - [Cluster 0 - CLIENT] - INFO - 
2025-03-31 11:31:22 - [Cluster 0 - CLIENT] - INFO - Received: train message 1202b92a-8cad-4dc6-a455-c111d838c8c2
2025-03-31 11:31:22 - [Cluster 0 - CLIENT] - INFO - [Store 590] Starting local training.
2025-03-31 11:31:22 - [Cluster 0 - CLIENT] - INFO - [Store 1048] Starting local training.
2025-03-31 11:31:22 - [Cluster 0 - CLIENT] - INFO - [Store 418] Starting local training.
2025-03-31 11:31:22 - [Cluster 0 - CLIENT] - INFO - 
2025-03-31 11:31:22 - [Cluster 0 - CLIENT] - INFO - Received: train message b6d299a5-c72a-44d4-8b18-ec7763ed6615
2025-03-31 11:31:22 - [Cluster 0 - CLIENT] - INFO - [Store 327] Starting local training.
2025-03-31 11:31:22 - [Cluster 0 - CLIENT] - INFO - [Store 811] Starting local training.
2025-03-31 11:31:22 - [Cluster 0 - CLIENT] - INFO - 
2025-03-31 11:31:22 - [Cluster 0 - CLIENT] - INFO - Received: train message eba0d293-d8da-405d-8918-33883de0f24b
2025-03-31 11:31:22 - [Cluster 0 - CLIENT] - INFO - [Store 447] Starting local training.
2025-03-31 11:31:22 - [Cluster 0 - CLIENT] - INFO - [Store 329] Starting local training.
2025-03-31 11:34:40 - [Cluster 0 - CLIENT] - INFO - [Store 91] Local training complete.
2025-03-31 11:34:40 - [Cluster 0 - CLIENT] - INFO - Sent reply
2025-03-31 11:34:40 - [Cluster 0 - CLIENT] - INFO - 
2025-03-31 11:34:40 - [Cluster 0 - CLIENT] - INFO - Received: train message 67fb5f96-ca9f-475d-9209-49b1eb2315d2
2025-03-31 11:34:40 - [Cluster 0 - CLIENT] - INFO - [Store 328] Starting local training.
2025-03-31 11:34:42 - [Cluster 0 - CLIENT] - INFO - [Store 451] Local training complete.
2025-03-31 11:34:42 - [Cluster 0 - CLIENT] - INFO - Sent reply
2025-03-31 11:34:42 - [Cluster 0 - CLIENT] - INFO - 
2025-03-31 11:34:42 - [Cluster 0 - CLIENT] - INFO - Received: train message 235e2802-168a-4071-8fc0-43cc726631bb
2025-03-31 11:34:42 - [Cluster 0 - CLIENT] - INFO - [Store 639] Starting local training.
2025-03-31 11:34:44 - [Cluster 0 - CLIENT] - INFO - [Store 590] Local training complete.
2025-03-31 11:34:44 - [Cluster 0 - CLIENT] - INFO - Sent reply
2025-03-31 11:34:44 - [Cluster 0 - CLIENT] - INFO - 
2025-03-31 11:34:44 - [Cluster 0 - CLIENT] - INFO - Received: train message 7c99f79e-f34c-421c-9af8-da739d77d390
2025-03-31 11:34:44 - [Cluster 0 - CLIENT] - INFO - [Store 848] Starting local training.
2025-03-31 11:34:45 - [Cluster 0 - CLIENT] - INFO - [Store 242] Local training complete.
2025-03-31 11:34:45 - [Cluster 0 - CLIENT] - INFO - [Store 142] Local training complete.
2025-03-31 11:34:45 - [Cluster 0 - CLIENT] - INFO - Sent reply
2025-03-31 11:34:45 - [Cluster 0 - CLIENT] - INFO - Sent reply
2025-03-31 11:34:45 - [Cluster 0 - CLIENT] - INFO - 
2025-03-31 11:34:45 - [Cluster 0 - CLIENT] - INFO - Received: train message 9d4ea676-7209-43f6-bac6-f7872ebb647e
2025-03-31 11:34:45 - [Cluster 0 - CLIENT] - INFO - 
2025-03-31 11:34:45 - [Cluster 0 - CLIENT] - INFO - Received: train message 514ad09d-f6b3-4165-a021-dcc17ec68f98
2025-03-31 11:34:45 - [Cluster 0 - CLIENT] - INFO - [Store 257] Starting local training.
2025-03-31 11:34:45 - [Cluster 0 - CLIENT] - INFO - [Store 75] Starting local training.
2025-03-31 11:34:45 - [Cluster 0 - CLIENT] - INFO - [Store 329] Local training complete.
2025-03-31 11:34:45 - [Cluster 0 - CLIENT] - INFO - Sent reply
2025-03-31 11:34:45 - [Cluster 0 - CLIENT] - INFO - 
2025-03-31 11:34:45 - [Cluster 0 - CLIENT] - INFO - Received: train message 1b13dabd-b35d-472f-8aa0-1fcec1c0d63b
2025-03-31 11:34:46 - [Cluster 0 - CLIENT] - INFO - [Store 111] Starting local training.
2025-03-31 11:34:46 - [Cluster 0 - CLIENT] - INFO - [Store 327] Local training complete.
2025-03-31 11:34:46 - [Cluster 0 - CLIENT] - INFO - Sent reply
2025-03-31 11:34:46 - [Cluster 0 - CLIENT] - INFO - 
2025-03-31 11:34:46 - [Cluster 0 - CLIENT] - INFO - Received: train message a1dee05b-40de-4753-9e8b-dfda798d1f8e
2025-03-31 11:34:46 - [Cluster 0 - CLIENT] - INFO - [Store 300] Starting local training.
2025-03-31 11:34:46 - [Cluster 0 - CLIENT] - INFO - [Store 1048] Local training complete.
2025-03-31 11:34:47 - [Cluster 0 - CLIENT] - INFO - Sent reply
2025-03-31 11:34:47 - [Cluster 0 - CLIENT] - INFO - 
2025-03-31 11:34:47 - [Cluster 0 - CLIENT] - INFO - Received: train message a4b38102-3e5d-44bc-bcfd-de537394e0dc
2025-03-31 11:34:47 - [Cluster 0 - CLIENT] - INFO - [Store 313] Starting local training.
2025-03-31 11:34:48 - [Cluster 0 - CLIENT] - INFO - [Store 47] Local training complete.
2025-03-31 11:34:48 - [Cluster 0 - CLIENT] - INFO - Sent reply
2025-03-31 11:34:48 - [Cluster 0 - CLIENT] - INFO - 
2025-03-31 11:34:48 - [Cluster 0 - CLIENT] - INFO - Received: train message e49cc26e-ab82-4aae-95d6-918b9dddf402
2025-03-31 11:34:48 - [Cluster 0 - CLIENT] - INFO - [Store 592] Starting local training.
2025-03-31 11:34:49 - [Cluster 0 - CLIENT] - INFO - [Store 314] Local training complete.
2025-03-31 11:34:49 - [Cluster 0 - CLIENT] - INFO - Sent reply
2025-03-31 11:34:49 - [Cluster 0 - CLIENT] - INFO - 
2025-03-31 11:34:49 - [Cluster 0 - CLIENT] - INFO - Received: train message e52158a2-f35e-436a-a330-591e38e2f42e
2025-03-31 11:34:49 - [Cluster 0 - CLIENT] - INFO - [Store 294] Starting local training.
2025-03-31 11:34:50 - [Cluster 0 - CLIENT] - INFO - [Store 529] Local training complete.
2025-03-31 11:34:50 - [Cluster 0 - CLIENT] - INFO - [Store 811] Local training complete.
2025-03-31 11:34:50 - [Cluster 0 - CLIENT] - INFO - Sent reply
2025-03-31 11:34:50 - [Cluster 0 - CLIENT] - INFO - 
2025-03-31 11:34:50 - [Cluster 0 - CLIENT] - INFO - Received: train message 014cb40f-62c6-4a4c-83dc-e76dc06aeadd
2025-03-31 11:34:50 - [Cluster 0 - CLIENT] - INFO - Sent reply
2025-03-31 11:34:50 - [Cluster 0 - CLIENT] - INFO - 
2025-03-31 11:34:50 - [Cluster 0 - CLIENT] - INFO - Received: train message f24ac13a-9dd8-4a99-b59f-ff0730252a6a
2025-03-31 11:34:50 - [Cluster 0 - CLIENT] - INFO - [Store 588] Starting local training.
2025-03-31 11:34:50 - [Cluster 0 - CLIENT] - INFO - [Store 812] Starting local training.
2025-03-31 11:34:51 - [Cluster 0 - CLIENT] - INFO - [Store 447] Local training complete.
2025-03-31 11:34:51 - [Cluster 0 - CLIENT] - INFO - Sent reply
2025-03-31 11:34:51 - [Cluster 0 - CLIENT] - INFO - 
2025-03-31 11:34:51 - [Cluster 0 - CLIENT] - INFO - Received: train message 422cd3e0-6350-4e6e-b734-f3bc1bca3b89
2025-03-31 11:34:51 - [Cluster 0 - CLIENT] - INFO - [Store 489] Starting local training.
2025-03-31 11:34:53 - [Cluster 0 - CLIENT] - INFO - [Store 418] Local training complete.
2025-03-31 11:34:53 - [Cluster 0 - CLIENT] - INFO - Sent reply
2025-03-31 11:34:53 - [Cluster 0 - CLIENT] - INFO - 
2025-03-31 11:34:53 - [Cluster 0 - CLIENT] - INFO - Received: train message ae90d291-4b9c-42fd-9401-130bf058e32c
2025-03-31 11:34:53 - [Cluster 0 - CLIENT] - INFO - [Store 857] Starting local training.
2025-03-31 11:34:53 - [Cluster 0 - CLIENT] - INFO - [Store 689] Local training complete.
2025-03-31 11:34:53 - [Cluster 0 - CLIENT] - INFO - Sent reply
2025-03-31 11:34:53 - [Cluster 0 - CLIENT] - INFO - 
2025-03-31 11:34:53 - [Cluster 0 - CLIENT] - INFO - Received: train message 90cab09d-460f-46ca-89a9-d1ae283db470
2025-03-31 11:34:53 - [Cluster 0 - CLIENT] - INFO - [Store 201] Starting local training.
2025-03-31 11:38:05 - [Cluster 0 - CLIENT] - INFO - [Store 639] Local training complete.
2025-03-31 11:38:05 - [Cluster 0 - CLIENT] - INFO - Sent reply
2025-03-31 11:38:08 - [Cluster 0 - CLIENT] - INFO - [Store 300] Local training complete.
2025-03-31 11:38:08 - [Cluster 0 - CLIENT] - INFO - Sent reply
2025-03-31 11:38:08 - [Cluster 0 - CLIENT] - INFO - [Store 111] Local training complete.
2025-03-31 11:38:08 - [Cluster 0 - CLIENT] - INFO - Sent reply
2025-03-31 11:38:09 - [Cluster 0 - CLIENT] - INFO - [Store 75] Local training complete.
2025-03-31 11:38:09 - [Cluster 0 - CLIENT] - INFO - Sent reply
2025-03-31 11:38:11 - [Cluster 0 - CLIENT] - INFO - [Store 328] Local training complete.
2025-03-31 11:38:11 - [Cluster 0 - CLIENT] - INFO - Sent reply
2025-03-31 11:38:12 - [Cluster 0 - CLIENT] - INFO - [Store 592] Local training complete.
2025-03-31 11:38:12 - [Cluster 0 - CLIENT] - INFO - Sent reply
2025-03-31 11:38:13 - [Cluster 0 - CLIENT] - INFO - [Store 848] Local training complete.
2025-03-31 11:38:13 - [Cluster 0 - CLIENT] - INFO - Sent reply
2025-03-31 11:38:13 - [Cluster 0 - CLIENT] - INFO - [Store 313] Local training complete.
2025-03-31 11:38:13 - [Cluster 0 - CLIENT] - INFO - Sent reply
2025-03-31 11:38:14 - [Cluster 0 - CLIENT] - INFO - [Store 812] Local training complete.
2025-03-31 11:38:14 - [Cluster 0 - CLIENT] - INFO - Sent reply
2025-03-31 11:38:14 - [Cluster 0 - CLIENT] - INFO - [Store 857] Local training complete.
2025-03-31 11:38:14 - [Cluster 0 - CLIENT] - INFO - Sent reply
2025-03-31 11:38:14 - [Cluster 0 - CLIENT] - INFO - [Store 588] Local training complete.
2025-03-31 11:38:14 - [Cluster 0 - CLIENT] - INFO - Sent reply
2025-03-31 11:38:15 - [Cluster 0 - CLIENT] - INFO - [Store 201] Local training complete.
2025-03-31 11:38:15 - [Cluster 0 - CLIENT] - INFO - Sent reply
2025-03-31 11:38:17 - [Cluster 0 - CLIENT] - INFO - [Store 489] Local training complete.
2025-03-31 11:38:17 - [Cluster 0 - CLIENT] - INFO - Sent reply
2025-03-31 11:38:17 - [Cluster 0 - CLIENT] - INFO - [Store 257] Local training complete.
2025-03-31 11:38:17 - [Cluster 0 - CLIENT] - INFO - Sent reply
2025-03-31 11:38:18 - [Cluster 0 - CLIENT] - INFO - [Store 294] Local training complete.
2025-03-31 11:38:18 - [Cluster 0 - CLIENT] - INFO - Sent reply
2025-03-31 11:38:18 - [Cluster 0 - CLIENT] - INFO - 
2025-03-31 11:38:18 - [Cluster 0 - CLIENT] - INFO - Received: evaluate message d1ebd817-91d8-4830-8181-53dc6b21adb3
2025-03-31 11:38:18 - [Cluster 0 - CLIENT] - INFO - 
2025-03-31 11:38:18 - [Cluster 0 - CLIENT] - INFO - Received: evaluate message 21a8150a-343d-4dba-9dc2-3496dd71be16
2025-03-31 11:38:18 - [Cluster 0 - CLIENT] - INFO - 
2025-03-31 11:38:18 - [Cluster 0 - CLIENT] - INFO - Received: evaluate message 3b8081d9-ffc9-4d52-acd4-843d3845b59b
2025-03-31 11:38:18 - [Cluster 0 - CLIENT] - INFO - 
2025-03-31 11:38:18 - [Cluster 0 - CLIENT] - INFO - Received: evaluate message 9c56f435-fac0-4c49-9db6-5cf113a07ade
2025-03-31 11:38:18 - [Cluster 0 - CLIENT] - INFO - 
2025-03-31 11:38:18 - [Cluster 0 - CLIENT] - INFO - Received: evaluate message f277c430-9e7a-46d5-89af-b10aa0bd6d74
2025-03-31 11:38:18 - [Cluster 0 - CLIENT] - INFO - 
2025-03-31 11:38:18 - [Cluster 0 - CLIENT] - INFO - 
2025-03-31 11:38:18 - [Cluster 0 - CLIENT] - INFO - Received: evaluate message ab2f715d-c162-476e-ac62-e792f4de195e
2025-03-31 11:38:18 - [Cluster 0 - CLIENT] - INFO - Received: evaluate message e7738f4e-089f-4b16-9db4-65c72e365153
2025-03-31 11:38:18 - [Cluster 0 - CLIENT] - INFO - 
2025-03-31 11:38:18 - [Cluster 0 - CLIENT] - INFO - Received: evaluate message c4d37a45-52ab-4b00-b0cc-5ae220035527
2025-03-31 11:38:18 - [Cluster 0 - CLIENT] - INFO - 
2025-03-31 11:38:18 - [Cluster 0 - CLIENT] - INFO - Received: evaluate message ca888d44-49ee-4ff7-90e7-87a63eb8e504
2025-03-31 11:38:18 - [Cluster 0 - CLIENT] - INFO - 
2025-03-31 11:38:18 - [Cluster 0 - CLIENT] - INFO - Received: evaluate message c096edbe-c11c-4c04-b749-a3feac0e3183
2025-03-31 11:38:18 - [Cluster 0 - CLIENT] - INFO - 
2025-03-31 11:38:18 - [Cluster 0 - CLIENT] - INFO - Received: evaluate message daba5e3c-c02a-433d-a9e4-e31f59c01d41
2025-03-31 11:38:18 - [Cluster 0 - CLIENT] - INFO - 
2025-03-31 11:38:18 - [Cluster 0 - CLIENT] - INFO - Received: evaluate message b2a46258-9525-428a-a620-7d52871d217e
2025-03-31 11:38:18 - [Cluster 0 - CLIENT] - INFO - 
2025-03-31 11:38:18 - [Cluster 0 - CLIENT] - INFO - Received: evaluate message b6a5f180-4650-4e33-ab70-ee603c2d3cc0
2025-03-31 11:38:18 - [Cluster 0 - CLIENT] - INFO - 
2025-03-31 11:38:18 - [Cluster 0 - CLIENT] - INFO - 
2025-03-31 11:38:18 - [Cluster 0 - CLIENT] - INFO - Received: evaluate message 311ae6af-cd5b-41ac-947b-063b8b6f48f0
2025-03-31 11:38:18 - [Cluster 0 - CLIENT] - INFO - Received: evaluate message 28ea34f2-2458-4a18-a146-a71dff700fbb
2025-03-31 11:38:19 - [Cluster 0 - CLIENT] - INFO - [Store 812] Evaluation - Loss: 0.2088, MAE: 0.3085
2025-03-31 11:38:19 - [Cluster 0 - CLIENT] - INFO - Sent reply
2025-03-31 11:38:19 - [Cluster 0 - CLIENT] - INFO - [Store 857] Evaluation - Loss: 0.4697, MAE: 0.4718
2025-03-31 11:38:19 - [Cluster 0 - CLIENT] - INFO - [Store 300] Evaluation - Loss: 0.4209, MAE: 0.4434
2025-03-31 11:38:19 - [Cluster 0 - CLIENT] - INFO - Sent reply
2025-03-31 11:38:19 - [Cluster 0 - CLIENT] - INFO - Sent reply
2025-03-31 11:38:19 - [Cluster 0 - CLIENT] - INFO - [Store 75] Evaluation - Loss: 0.2761, MAE: 0.3393
2025-03-31 11:38:19 - [Cluster 0 - CLIENT] - INFO - Sent reply
2025-03-31 11:38:19 - [Cluster 0 - CLIENT] - INFO - 
2025-03-31 11:38:19 - [Cluster 0 - CLIENT] - INFO - Received: evaluate message 5b10c332-f046-4469-a635-8a6cf06ff5e5
2025-03-31 11:38:19 - [Cluster 0 - CLIENT] - INFO - 
2025-03-31 11:38:19 - [Cluster 0 - CLIENT] - INFO - Received: evaluate message 8ba9d4e7-d50a-4974-97b2-bc75b301b1bc
2025-03-31 11:38:19 - [Cluster 0 - CLIENT] - INFO - 
2025-03-31 11:38:19 - [Cluster 0 - CLIENT] - INFO - Received: evaluate message cd1b1587-52a8-413c-9ac4-5395a46dae6a
2025-03-31 11:38:19 - [Cluster 0 - CLIENT] - INFO - 
2025-03-31 11:38:19 - [Cluster 0 - CLIENT] - INFO - Received: evaluate message 8099ffba-4e12-4391-b313-657ba0444063
2025-03-31 11:38:19 - [Cluster 0 - CLIENT] - INFO - [Store 592] Evaluation - Loss: 0.2831, MAE: 0.3574
2025-03-31 11:38:19 - [Cluster 0 - CLIENT] - INFO - [Store 242] Evaluation - Loss: 0.2828, MAE: 0.3734
2025-03-31 11:38:19 - [Cluster 0 - CLIENT] - INFO - Sent reply
2025-03-31 11:38:19 - [Cluster 0 - CLIENT] - INFO - Sent reply
2025-03-31 11:38:19 - [Cluster 0 - CLIENT] - INFO - 
2025-03-31 11:38:19 - [Cluster 0 - CLIENT] - INFO - Received: evaluate message d63f00f9-cd59-4359-b111-69f5ba8fcd3b
2025-03-31 11:38:19 - [Cluster 0 - CLIENT] - INFO - 
2025-03-31 11:38:19 - [Cluster 0 - CLIENT] - INFO - Received: evaluate message f4c020d0-4d9a-4f29-a1dc-24f4773e01c5
2025-03-31 11:38:19 - [Cluster 0 - CLIENT] - INFO - [Store 489] Evaluation - Loss: 0.2276, MAE: 0.3404
2025-03-31 11:38:19 - [Cluster 0 - CLIENT] - INFO - Sent reply
2025-03-31 11:38:19 - [Cluster 0 - CLIENT] - INFO - 
2025-03-31 11:38:19 - [Cluster 0 - CLIENT] - INFO - Received: evaluate message c4f253ae-3b0a-4738-9812-cf08ebc30b9d
2025-03-31 11:38:19 - [Cluster 0 - CLIENT] - INFO - [Store 111] Evaluation - Loss: 0.2831, MAE: 0.3386
2025-03-31 11:38:19 - [Cluster 0 - CLIENT] - INFO - [Store 257] Evaluation - Loss: 0.1972, MAE: 0.2721
2025-03-31 11:38:19 - [Cluster 0 - CLIENT] - INFO - Sent reply
2025-03-31 11:38:19 - [Cluster 0 - CLIENT] - INFO - Sent reply
2025-03-31 11:38:19 - [Cluster 0 - CLIENT] - INFO - [Store 142] Evaluation - Loss: 0.2914, MAE: 0.3388
2025-03-31 11:38:19 - [Cluster 0 - CLIENT] - INFO - Sent reply
2025-03-31 11:38:19 - [Cluster 0 - CLIENT] - INFO - 
2025-03-31 11:38:19 - [Cluster 0 - CLIENT] - INFO - Received: evaluate message 5eb35ee4-d8e9-4b6a-b36a-64f7880171a5
2025-03-31 11:38:19 - [Cluster 0 - CLIENT] - INFO - 
2025-03-31 11:38:19 - [Cluster 0 - CLIENT] - INFO - Received: evaluate message 143e44cd-78cc-4463-9a96-847075f7f4c5
2025-03-31 11:38:19 - [Cluster 0 - CLIENT] - INFO - [Store 418] Evaluation - Loss: 0.3630, MAE: 0.4005
2025-03-31 11:38:19 - [Cluster 0 - CLIENT] - INFO - Sent reply
2025-03-31 11:38:19 - [Cluster 0 - CLIENT] - INFO - 
2025-03-31 11:38:19 - [Cluster 0 - CLIENT] - INFO - Received: evaluate message 578eefb7-72c9-434e-aebb-4cba4e3f17a9
2025-03-31 11:38:19 - [Cluster 0 - CLIENT] - INFO - 
2025-03-31 11:38:19 - [Cluster 0 - CLIENT] - INFO - Received: evaluate message e7604097-b718-498a-9a9e-79ef55331496
2025-03-31 11:38:19 - [Cluster 0 - CLIENT] - INFO - [Store 639] Evaluation - Loss: 0.2333, MAE: 0.3107
2025-03-31 11:38:19 - [Cluster 0 - CLIENT] - INFO - Sent reply
2025-03-31 11:38:19 - [Cluster 0 - CLIENT] - INFO - 
2025-03-31 11:38:19 - [Cluster 0 - CLIENT] - INFO - Received: evaluate message 17aeba7f-635f-4e4d-9c2a-cb4300c99bef
2025-03-31 11:38:19 - [Cluster 0 - CLIENT] - INFO - [Store 529] Evaluation - Loss: 0.2519, MAE: 0.3112
2025-03-31 11:38:19 - [Cluster 0 - CLIENT] - INFO - Sent reply
2025-03-31 11:38:19 - [Cluster 0 - CLIENT] - INFO - 
2025-03-31 11:38:19 - [Cluster 0 - CLIENT] - INFO - Received: evaluate message 208b1a1b-ba62-4aa5-8439-90e49af28ace
2025-03-31 11:38:19 - [Cluster 0 - CLIENT] - INFO - [Store 590] Evaluation - Loss: 0.3637, MAE: 0.4118
2025-03-31 11:38:19 - [Cluster 0 - CLIENT] - INFO - Sent reply
2025-03-31 11:38:20 - [Cluster 0 - CLIENT] - INFO - 
2025-03-31 11:38:20 - [Cluster 0 - CLIENT] - INFO - Received: evaluate message 10bd4257-cab0-4f16-aedf-42206b438421
2025-03-31 11:38:20 - [Cluster 0 - CLIENT] - INFO - [Store 91] Evaluation - Loss: 0.2679, MAE: 0.3726
2025-03-31 11:38:20 - [Cluster 0 - CLIENT] - INFO - Sent reply
2025-03-31 11:38:20 - [Cluster 0 - CLIENT] - INFO - 
2025-03-31 11:38:20 - [Cluster 0 - CLIENT] - INFO - Received: evaluate message cc985e38-849f-4da7-b62e-4148bb40a827
2025-03-31 11:38:20 - [Cluster 0 - CLIENT] - INFO - [Store 1048] Evaluation - Loss: 0.3576, MAE: 0.3940
2025-03-31 11:38:20 - [Cluster 0 - CLIENT] - INFO - Sent reply
2025-03-31 11:38:20 - [Cluster 0 - CLIENT] - INFO - [Store 588] Evaluation - Loss: 0.2530, MAE: 0.3215
2025-03-31 11:38:20 - [Cluster 0 - CLIENT] - INFO - Sent reply
2025-03-31 11:38:20 - [Cluster 0 - CLIENT] - INFO - [Store 47] Evaluation - Loss: 0.3034, MAE: 0.3637
2025-03-31 11:38:20 - [Cluster 0 - CLIENT] - INFO - Sent reply
2025-03-31 11:38:20 - [Cluster 0 - CLIENT] - INFO - [Store 314] Evaluation - Loss: 0.2411, MAE: 0.3006
2025-03-31 11:38:20 - [Cluster 0 - CLIENT] - INFO - Sent reply
2025-03-31 11:38:20 - [Cluster 0 - CLIENT] - INFO - [Store 329] Evaluation - Loss: 0.2953, MAE: 0.3496
2025-03-31 11:38:20 - [Cluster 0 - CLIENT] - INFO - Sent reply
2025-03-31 11:38:20 - [Cluster 0 - CLIENT] - INFO - [Store 328] Evaluation - Loss: 0.2762, MAE: 0.3366
2025-03-31 11:38:20 - [Cluster 0 - CLIENT] - INFO - Sent reply
2025-03-31 11:38:20 - [Cluster 0 - CLIENT] - INFO - [Store 811] Evaluation - Loss: 0.2363, MAE: 0.2948
2025-03-31 11:38:20 - [Cluster 0 - CLIENT] - INFO - Sent reply
2025-03-31 11:38:20 - [Cluster 0 - CLIENT] - INFO - [Store 451] Evaluation - Loss: 0.3592, MAE: 0.3849
2025-03-31 11:38:20 - [Cluster 0 - CLIENT] - INFO - Sent reply
2025-03-31 11:38:20 - [Cluster 0 - CLIENT] - INFO - [Store 327] Evaluation - Loss: 0.2769, MAE: 0.3282
2025-03-31 11:38:20 - [Cluster 0 - CLIENT] - INFO - [Store 848] Evaluation - Loss: 0.2371, MAE: 0.3138
2025-03-31 11:38:20 - [Cluster 0 - CLIENT] - INFO - Sent reply
2025-03-31 11:38:20 - [Cluster 0 - CLIENT] - INFO - Sent reply
2025-03-31 11:38:20 - [Cluster 0 - CLIENT] - INFO - [Store 447] Evaluation - Loss: 0.2578, MAE: 0.3220
2025-03-31 11:38:20 - [Cluster 0 - CLIENT] - INFO - Sent reply
2025-03-31 11:38:20 - [Cluster 0 - CLIENT] - INFO - [Store 313] Evaluation - Loss: 0.2324, MAE: 0.3207
2025-03-31 11:38:20 - [Cluster 0 - CLIENT] - INFO - Sent reply
2025-03-31 11:38:20 - [Cluster 0 - CLIENT] - INFO - [Store 689] Evaluation - Loss: 0.2444, MAE: 0.3084
2025-03-31 11:38:20 - [Cluster 0 - CLIENT] - INFO - Sent reply
2025-03-31 11:38:20 - [Cluster 0 - CLIENT] - INFO - [Store 201] Evaluation - Loss: 0.3248, MAE: 0.3934
2025-03-31 11:38:20 - [Cluster 0 - CLIENT] - INFO - Sent reply
2025-03-31 11:38:20 - [Cluster 0 - CLIENT] - INFO - [Store 294] Evaluation - Loss: 0.3286, MAE: 0.4015
2025-03-31 11:38:20 - [Cluster 0 - CLIENT] - INFO - Sent reply
2025-03-31 11:38:20 - [Cluster 0 - CLIENT] - INFO - 
2025-03-31 11:38:20 - [Cluster 0 - CLIENT] - INFO - Received: train message cba25102-6936-45a6-8067-e31313f63024
2025-03-31 11:38:20 - [Cluster 0 - CLIENT] - INFO - [Store 329] Starting local training.
2025-03-31 11:38:20 - [Cluster 0 - CLIENT] - INFO - 
2025-03-31 11:38:20 - [Cluster 0 - CLIENT] - INFO - Received: train message b439036d-e1f0-40a4-8d77-9e7142cd79f4
2025-03-31 11:38:20 - [Cluster 0 - CLIENT] - INFO - 
2025-03-31 11:38:20 - [Cluster 0 - CLIENT] - INFO - Received: train message 95d1936a-d169-4b24-a87c-868a848eaae0
2025-03-31 11:38:20 - [Cluster 0 - CLIENT] - INFO - 
2025-03-31 11:38:20 - [Cluster 0 - CLIENT] - INFO - Received: train message 39ac04c3-6466-4fb5-88d4-7743af094955
2025-03-31 11:38:20 - [Cluster 0 - CLIENT] - INFO - 
2025-03-31 11:38:20 - [Cluster 0 - CLIENT] - INFO - Received: train message b609c7b4-24f9-4a63-9772-82fd6a616b2a
2025-03-31 11:38:20 - [Cluster 0 - CLIENT] - INFO - 
2025-03-31 11:38:20 - [Cluster 0 - CLIENT] - INFO - Received: train message 3c0171d7-a304-4f5f-983b-fac1d4f8cd7b
2025-03-31 11:38:20 - [Cluster 0 - CLIENT] - INFO - 
2025-03-31 11:38:20 - [Cluster 0 - CLIENT] - INFO - [Store 313] Starting local training.
2025-03-31 11:38:20 - [Cluster 0 - CLIENT] - INFO - Received: train message 626d0d90-a357-4593-87ae-c6acf7d38896
2025-03-31 11:38:20 - [Cluster 0 - CLIENT] - INFO - [Store 1048] Starting local training.
2025-03-31 11:38:20 - [Cluster 0 - CLIENT] - INFO - [Store 689] Starting local training.
2025-03-31 11:38:20 - [Cluster 0 - CLIENT] - INFO - 
2025-03-31 11:38:20 - [Cluster 0 - CLIENT] - INFO - Received: train message f4c322a2-56f9-4215-8fa4-e80e905c0d6e
2025-03-31 11:38:20 - [Cluster 0 - CLIENT] - INFO - 
2025-03-31 11:38:20 - [Cluster 0 - CLIENT] - INFO - Received: train message e0f4810b-d671-4146-a391-7d29030f2b0d
2025-03-31 11:38:20 - [Cluster 0 - CLIENT] - INFO - [Store 588] Starting local training.
2025-03-31 11:38:20 - [Cluster 0 - CLIENT] - INFO - 
2025-03-31 11:38:20 - [Cluster 0 - CLIENT] - INFO - Received: train message f49d6148-c996-4921-a56a-6aa92500227f
2025-03-31 11:38:20 - [Cluster 0 - CLIENT] - INFO - [Store 91] Starting local training.
2025-03-31 11:38:20 - [Cluster 0 - CLIENT] - INFO - 
2025-03-31 11:38:20 - [Cluster 0 - CLIENT] - INFO - Received: train message 0c4d8bef-05b5-4b81-be3c-c850202ebd82
2025-03-31 11:38:20 - [Cluster 0 - CLIENT] - INFO - [Store 848] Starting local training.
2025-03-31 11:38:20 - [Cluster 0 - CLIENT] - INFO - 
2025-03-31 11:38:20 - [Cluster 0 - CLIENT] - INFO - Received: train message 0ca48f7c-7a11-4c5b-90e1-bc8ee35c6296
2025-03-31 11:38:20 - [Cluster 0 - CLIENT] - INFO - 
2025-03-31 11:38:20 - [Cluster 0 - CLIENT] - INFO - Received: train message b06048f0-a153-4f11-9e49-81651214a092
2025-03-31 11:38:20 - [Cluster 0 - CLIENT] - INFO - 
2025-03-31 11:38:20 - [Cluster 0 - CLIENT] - INFO - Received: train message 6286def9-42cf-415b-b5c8-5e3bdbf55b4f
2025-03-31 11:38:20 - [Cluster 0 - CLIENT] - INFO - 
2025-03-31 11:38:20 - [Cluster 0 - CLIENT] - INFO - Received: train message 94309886-2d8b-4731-9b9e-c13556dffec3
2025-03-31 11:38:20 - [Cluster 0 - CLIENT] - INFO - [Store 294] Starting local training.
2025-03-31 11:38:20 - [Cluster 0 - CLIENT] - INFO - [Store 857] Starting local training.
2025-03-31 11:38:20 - [Cluster 0 - CLIENT] - INFO - [Store 242] Starting local training.
2025-03-31 11:38:20 - [Cluster 0 - CLIENT] - INFO - [Store 592] Starting local training.
2025-03-31 11:38:20 - [Cluster 0 - CLIENT] - INFO - [Store 447] Starting local training.
2025-03-31 11:38:20 - [Cluster 0 - CLIENT] - INFO - [Store 590] Starting local training.
2025-03-31 11:38:20 - [Cluster 0 - CLIENT] - INFO - [Store 111] Starting local training.
2025-03-31 11:38:20 - [Cluster 0 - CLIENT] - INFO - [Store 257] Starting local training.
2025-03-31 11:41:38 - [Cluster 0 - CLIENT] - INFO - [Store 257] Local training complete.
2025-03-31 11:41:38 - [Cluster 0 - CLIENT] - INFO - Sent reply
2025-03-31 11:41:38 - [Cluster 0 - CLIENT] - INFO - 
2025-03-31 11:41:38 - [Cluster 0 - CLIENT] - INFO - Received: train message c13802de-6fc1-4e16-93b6-a158015841c5
2025-03-31 11:41:38 - [Cluster 0 - CLIENT] - INFO - [Store 201] Starting local training.
2025-03-31 11:41:38 - [Cluster 0 - CLIENT] - INFO - [Store 111] Local training complete.
2025-03-31 11:41:38 - [Cluster 0 - CLIENT] - INFO - Sent reply
2025-03-31 11:41:38 - [Cluster 0 - CLIENT] - INFO - 
2025-03-31 11:41:38 - [Cluster 0 - CLIENT] - INFO - Received: train message 82118933-4810-41da-98a5-51f3fb5afeff
2025-03-31 11:41:38 - [Cluster 0 - CLIENT] - INFO - [Store 327] Starting local training.
2025-03-31 11:41:38 - [Cluster 0 - CLIENT] - INFO - [Store 857] Local training complete.
2025-03-31 11:41:38 - [Cluster 0 - CLIENT] - INFO - Sent reply
2025-03-31 11:41:38 - [Cluster 0 - CLIENT] - INFO - 
2025-03-31 11:41:38 - [Cluster 0 - CLIENT] - INFO - Received: train message cb5d2f05-09b4-400f-abb5-d695c4f4a016
2025-03-31 11:41:39 - [Cluster 0 - CLIENT] - INFO - [Store 639] Starting local training.
2025-03-31 11:41:39 - [Cluster 0 - CLIENT] - INFO - [Store 313] Local training complete.
2025-03-31 11:41:39 - [Cluster 0 - CLIENT] - INFO - Sent reply
2025-03-31 11:41:39 - [Cluster 0 - CLIENT] - INFO - [Store 592] Local training complete.
2025-03-31 11:41:39 - [Cluster 0 - CLIENT] - INFO - 
2025-03-31 11:41:39 - [Cluster 0 - CLIENT] - INFO - Received: train message 02c406f6-540e-4092-808e-f4a6ec7e72ee
2025-03-31 11:41:39 - [Cluster 0 - CLIENT] - INFO - Sent reply
2025-03-31 11:41:39 - [Cluster 0 - CLIENT] - INFO - 
2025-03-31 11:41:39 - [Cluster 0 - CLIENT] - INFO - Received: train message 699d9dc5-82ba-4da3-927c-9368213f008c
2025-03-31 11:41:39 - [Cluster 0 - CLIENT] - INFO - [Store 314] Starting local training.
2025-03-31 11:41:39 - [Cluster 0 - CLIENT] - INFO - [Store 47] Starting local training.
2025-03-31 11:41:41 - [Cluster 0 - CLIENT] - INFO - [Store 242] Local training complete.
2025-03-31 11:41:41 - [Cluster 0 - CLIENT] - INFO - Sent reply
2025-03-31 11:41:41 - [Cluster 0 - CLIENT] - INFO - 
2025-03-31 11:41:41 - [Cluster 0 - CLIENT] - INFO - Received: train message 22519798-045c-463d-af0e-8b386caac8cb
2025-03-31 11:41:41 - [Cluster 0 - CLIENT] - INFO - [Store 142] Starting local training.
2025-03-31 11:41:41 - [Cluster 0 - CLIENT] - INFO - [Store 329] Local training complete.
2025-03-31 11:41:41 - [Cluster 0 - CLIENT] - INFO - Sent reply
2025-03-31 11:41:41 - [Cluster 0 - CLIENT] - INFO - 
2025-03-31 11:41:41 - [Cluster 0 - CLIENT] - INFO - Received: train message 90ff4157-b20a-4dea-a199-512517a60d55
2025-03-31 11:41:41 - [Cluster 0 - CLIENT] - INFO - [Store 529] Starting local training.
2025-03-31 11:41:42 - [Cluster 0 - CLIENT] - INFO - [Store 588] Local training complete.
2025-03-31 11:41:42 - [Cluster 0 - CLIENT] - INFO - Sent reply
2025-03-31 11:41:42 - [Cluster 0 - CLIENT] - INFO - 
2025-03-31 11:41:42 - [Cluster 0 - CLIENT] - INFO - Received: train message 3ad43f33-616e-4971-b8ca-6a2126bc6018
2025-03-31 11:41:42 - [Cluster 0 - CLIENT] - INFO - [Store 489] Starting local training.
2025-03-31 11:41:42 - [Cluster 0 - CLIENT] - INFO - [Store 848] Local training complete.
2025-03-31 11:41:42 - [Cluster 0 - CLIENT] - INFO - Sent reply
2025-03-31 11:41:42 - [Cluster 0 - CLIENT] - INFO - 
2025-03-31 11:41:42 - [Cluster 0 - CLIENT] - INFO - Received: train message 845cf508-b43f-4357-a60d-d55cd5264f33
2025-03-31 11:41:43 - [Cluster 0 - CLIENT] - INFO - [Store 75] Starting local training.
2025-03-31 11:41:43 - [Cluster 0 - CLIENT] - INFO - [Store 294] Local training complete.
2025-03-31 11:41:43 - [Cluster 0 - CLIENT] - INFO - [Store 590] Local training complete.
2025-03-31 11:41:43 - [Cluster 0 - CLIENT] - INFO - Sent reply
2025-03-31 11:41:43 - [Cluster 0 - CLIENT] - INFO - Sent reply
2025-03-31 11:41:43 - [Cluster 0 - CLIENT] - INFO - 
2025-03-31 11:41:43 - [Cluster 0 - CLIENT] - INFO - Received: train message 80072d70-968b-4366-b81d-f8353f063ef8
2025-03-31 11:41:43 - [Cluster 0 - CLIENT] - INFO - 
2025-03-31 11:41:43 - [Cluster 0 - CLIENT] - INFO - Received: train message 1b795295-ce98-427a-9b58-a910b5d062f9
2025-03-31 11:41:43 - [Cluster 0 - CLIENT] - INFO - [Store 1048] Local training complete.
2025-03-31 11:41:43 - [Cluster 0 - CLIENT] - INFO - Sent reply
2025-03-31 11:41:43 - [Cluster 0 - CLIENT] - INFO - [Store 811] Starting local training.
2025-03-31 11:41:43 - [Cluster 0 - CLIENT] - INFO - 
2025-03-31 11:41:43 - [Cluster 0 - CLIENT] - INFO - Received: train message a39747f3-934a-4a9c-9384-1b998fd36596
2025-03-31 11:41:43 - [Cluster 0 - CLIENT] - INFO - [Store 451] Starting local training.
2025-03-31 11:41:43 - [Cluster 0 - CLIENT] - INFO - [Store 418] Starting local training.
2025-03-31 11:41:43 - [Cluster 0 - CLIENT] - INFO - [Store 689] Local training complete.
2025-03-31 11:41:44 - [Cluster 0 - CLIENT] - INFO - Sent reply
2025-03-31 11:41:44 - [Cluster 0 - CLIENT] - INFO - 
2025-03-31 11:41:44 - [Cluster 0 - CLIENT] - INFO - Received: train message 7cac1ef4-58d3-4de5-8fc1-5adca707b98b
2025-03-31 11:41:44 - [Cluster 0 - CLIENT] - INFO - [Store 812] Starting local training.
2025-03-31 11:41:45 - [Cluster 0 - CLIENT] - INFO - [Store 447] Local training complete.
2025-03-31 11:41:45 - [Cluster 0 - CLIENT] - INFO - Sent reply
2025-03-31 11:41:45 - [Cluster 0 - CLIENT] - INFO - 
2025-03-31 11:41:45 - [Cluster 0 - CLIENT] - INFO - Received: train message 77a5626c-81fe-409f-9f7f-e50ac95c142d
2025-03-31 11:41:45 - [Cluster 0 - CLIENT] - INFO - [Store 328] Starting local training.
2025-03-31 11:41:46 - [Cluster 0 - CLIENT] - INFO - [Store 91] Local training complete.
2025-03-31 11:41:47 - [Cluster 0 - CLIENT] - INFO - Sent reply
2025-03-31 11:41:47 - [Cluster 0 - CLIENT] - INFO - 
2025-03-31 11:41:47 - [Cluster 0 - CLIENT] - INFO - Received: train message ce797a7f-eac1-4fc7-87df-3a12a68d25fd
2025-03-31 11:41:47 - [Cluster 0 - CLIENT] - INFO - [Store 300] Starting local training.
2025-03-31 11:45:09 - [Cluster 0 - CLIENT] - INFO - [Store 201] Local training complete.
2025-03-31 11:45:09 - [Cluster 0 - CLIENT] - INFO - Sent reply
2025-03-31 11:45:12 - [Cluster 0 - CLIENT] - INFO - [Store 314] Local training complete.
2025-03-31 11:45:12 - [Cluster 0 - CLIENT] - INFO - Sent reply
2025-03-31 11:45:12 - [Cluster 0 - CLIENT] - INFO - [Store 639] Local training complete.
2025-03-31 11:45:12 - [Cluster 0 - CLIENT] - INFO - Sent reply
2025-03-31 11:45:13 - [Cluster 0 - CLIENT] - INFO - [Store 529] Local training complete.
2025-03-31 11:45:13 - [Cluster 0 - CLIENT] - INFO - Sent reply
2025-03-31 11:45:14 - [Cluster 0 - CLIENT] - INFO - [Store 327] Local training complete.
2025-03-31 11:45:14 - [Cluster 0 - CLIENT] - INFO - Sent reply
2025-03-31 11:45:14 - [Cluster 0 - CLIENT] - INFO - [Store 328] Local training complete.
2025-03-31 11:45:15 - [Cluster 0 - CLIENT] - INFO - Sent reply
2025-03-31 11:45:15 - [Cluster 0 - CLIENT] - INFO - [Store 489] Local training complete.
2025-03-31 11:45:15 - [Cluster 0 - CLIENT] - INFO - Sent reply
2025-03-31 11:45:15 - [Cluster 0 - CLIENT] - INFO - [Store 300] Local training complete.
2025-03-31 11:45:15 - [Cluster 0 - CLIENT] - INFO - [Store 451] Local training complete.
2025-03-31 11:45:15 - [Cluster 0 - CLIENT] - INFO - Sent reply
2025-03-31 11:45:15 - [Cluster 0 - CLIENT] - INFO - Sent reply
2025-03-31 11:45:16 - [Cluster 0 - CLIENT] - INFO - [Store 142] Local training complete.
2025-03-31 11:45:16 - [Cluster 0 - CLIENT] - INFO - Sent reply
2025-03-31 11:45:16 - [Cluster 0 - CLIENT] - INFO - [Store 811] Local training complete.
2025-03-31 11:45:16 - [Cluster 0 - CLIENT] - INFO - Sent reply
2025-03-31 11:45:16 - [Cluster 0 - CLIENT] - INFO - [Store 47] Local training complete.
2025-03-31 11:45:16 - [Cluster 0 - CLIENT] - INFO - Sent reply
2025-03-31 11:45:16 - [Cluster 0 - CLIENT] - INFO - [Store 812] Local training complete.
2025-03-31 11:45:16 - [Cluster 0 - CLIENT] - INFO - Sent reply
2025-03-31 11:45:16 - [Cluster 0 - CLIENT] - INFO - [Store 418] Local training complete.
2025-03-31 11:45:16 - [Cluster 0 - CLIENT] - INFO - Sent reply
2025-03-31 11:45:18 - [Cluster 0 - CLIENT] - INFO - [Store 75] Local training complete.
2025-03-31 11:45:18 - [Cluster 0 - CLIENT] - INFO - Sent reply
2025-03-31 11:45:18 - [Cluster 0 - CLIENT] - INFO - 
2025-03-31 11:45:18 - [Cluster 0 - CLIENT] - INFO - Received: evaluate message b627bb8d-38af-4327-b670-fd08848310db
2025-03-31 11:45:18 - [Cluster 0 - CLIENT] - INFO - 
2025-03-31 11:45:18 - [Cluster 0 - CLIENT] - INFO - 
2025-03-31 11:45:18 - [Cluster 0 - CLIENT] - INFO - Received: evaluate message 159f993b-84b4-47b2-b458-9e1e3aef4fd4
2025-03-31 11:45:18 - [Cluster 0 - CLIENT] - INFO - Received: evaluate message 1c15c25e-b2fa-48ab-9c20-3c6fdd66e46c
2025-03-31 11:45:18 - [Cluster 0 - CLIENT] - INFO - 
2025-03-31 11:45:18 - [Cluster 0 - CLIENT] - INFO - Received: evaluate message f8785f97-8fa8-40af-92d9-cdf34919159c
2025-03-31 11:45:18 - [Cluster 0 - CLIENT] - INFO - 
2025-03-31 11:45:18 - [Cluster 0 - CLIENT] - INFO - Received: evaluate message 1cf23c81-b735-4a2f-af61-4f77776e558b
2025-03-31 11:45:18 - [Cluster 0 - CLIENT] - INFO - 
2025-03-31 11:45:18 - [Cluster 0 - CLIENT] - INFO - Received: evaluate message 43838b4c-d0c2-4446-a3f0-b73e825525b5
2025-03-31 11:45:18 - [Cluster 0 - CLIENT] - INFO - 
2025-03-31 11:45:18 - [Cluster 0 - CLIENT] - INFO - Received: evaluate message 82dae26c-451a-4697-9fac-37312f804377
2025-03-31 11:45:18 - [Cluster 0 - CLIENT] - INFO - 
2025-03-31 11:45:18 - [Cluster 0 - CLIENT] - INFO - Received: evaluate message 7006f457-b61c-4eeb-a94c-192d2708ac64
2025-03-31 11:45:18 - [Cluster 0 - CLIENT] - INFO - 
2025-03-31 11:45:18 - [Cluster 0 - CLIENT] - INFO - 
2025-03-31 11:45:18 - [Cluster 0 - CLIENT] - INFO - Received: evaluate message ba449822-8d77-417b-abfa-d815f049e878
2025-03-31 11:45:18 - [Cluster 0 - CLIENT] - INFO - Received: evaluate message eeb8cf87-ce05-4c04-903a-0f4d86e3f8be
2025-03-31 11:45:18 - [Cluster 0 - CLIENT] - INFO - 
2025-03-31 11:45:18 - [Cluster 0 - CLIENT] - INFO - Received: evaluate message d56ade61-81c0-4516-ae18-c14d423d6e31
2025-03-31 11:45:18 - [Cluster 0 - CLIENT] - INFO - 
2025-03-31 11:45:18 - [Cluster 0 - CLIENT] - INFO - Received: evaluate message 6bbd30ca-020e-4dd4-8dcc-c378af3f5eb5
2025-03-31 11:45:18 - [Cluster 0 - CLIENT] - INFO - 
2025-03-31 11:45:18 - [Cluster 0 - CLIENT] - INFO - Received: evaluate message cecb6f98-f6de-4b76-8cf9-d3f289e14e37
2025-03-31 11:45:18 - [Cluster 0 - CLIENT] - INFO - 
2025-03-31 11:45:18 - [Cluster 0 - CLIENT] - INFO - Received: evaluate message a93a5a59-ccdd-4381-b60a-2c8f5d6e9024
2025-03-31 11:45:18 - [Cluster 0 - CLIENT] - INFO - 
2025-03-31 11:45:18 - [Cluster 0 - CLIENT] - INFO - Received: evaluate message 20724c35-b485-44b1-8baa-c64e765fdda5
2025-03-31 11:45:18 - [Cluster 0 - CLIENT] - INFO - [Store 811] Evaluation - Loss: 0.2317, MAE: 0.2902
2025-03-31 11:45:18 - [Cluster 0 - CLIENT] - INFO - Sent reply
2025-03-31 11:45:19 - [Cluster 0 - CLIENT] - INFO - 
2025-03-31 11:45:19 - [Cluster 0 - CLIENT] - INFO - Received: evaluate message 7eb3b4b2-6622-4b72-8a27-480d96acf74c
2025-03-31 11:45:19 - [Cluster 0 - CLIENT] - INFO - [Store 529] Evaluation - Loss: 0.2457, MAE: 0.3070
2025-03-31 11:45:19 - [Cluster 0 - CLIENT] - INFO - Sent reply
2025-03-31 11:45:19 - [Cluster 0 - CLIENT] - INFO - 
2025-03-31 11:45:19 - [Cluster 0 - CLIENT] - INFO - Received: evaluate message f8ff7adb-1d77-4694-8b0b-e3a8e01651e0
2025-03-31 11:45:19 - [Cluster 0 - CLIENT] - INFO - [Store 328] Evaluation - Loss: 0.2710, MAE: 0.3331
2025-03-31 11:45:19 - [Cluster 0 - CLIENT] - INFO - Sent reply
2025-03-31 11:45:19 - [Cluster 0 - CLIENT] - INFO - 
2025-03-31 11:45:19 - [Cluster 0 - CLIENT] - INFO - Received: evaluate message b33d679c-cef1-44e7-bc42-9aeb25b32fe1
2025-03-31 11:45:19 - [Cluster 0 - CLIENT] - INFO - [Store 257] Evaluation - Loss: 0.1956, MAE: 0.2687
2025-03-31 11:45:19 - [Cluster 0 - CLIENT] - INFO - Sent reply
2025-03-31 11:45:19 - [Cluster 0 - CLIENT] - INFO - 
2025-03-31 11:45:19 - [Cluster 0 - CLIENT] - INFO - Received: evaluate message 972f4231-d195-46aa-a904-aaa737fd763e
2025-03-31 11:45:19 - [Cluster 0 - CLIENT] - INFO - [Store 639] Evaluation - Loss: 0.2288, MAE: 0.3049
2025-03-31 11:45:19 - [Cluster 0 - CLIENT] - INFO - Sent reply
2025-03-31 11:45:19 - [Cluster 0 - CLIENT] - INFO - [Store 111] Evaluation - Loss: 0.2771, MAE: 0.3323
2025-03-31 11:45:19 - [Cluster 0 - CLIENT] - INFO - [Store 201] Evaluation - Loss: 0.3172, MAE: 0.3848
2025-03-31 11:45:19 - [Cluster 0 - CLIENT] - INFO - Sent reply
2025-03-31 11:45:19 - [Cluster 0 - CLIENT] - INFO - Sent reply
2025-03-31 11:45:19 - [Cluster 0 - CLIENT] - INFO - 
2025-03-31 11:45:19 - [Cluster 0 - CLIENT] - INFO - Received: evaluate message 930f2421-b6be-410e-b10c-085b7a076ae2
2025-03-31 11:45:19 - [Cluster 0 - CLIENT] - INFO - [Store 313] Evaluation - Loss: 0.2280, MAE: 0.3125
2025-03-31 11:45:19 - [Cluster 0 - CLIENT] - INFO - Sent reply
2025-03-31 11:45:19 - [Cluster 0 - CLIENT] - INFO - [Store 590] Evaluation - Loss: 0.3492, MAE: 0.4006
2025-03-31 11:45:19 - [Cluster 0 - CLIENT] - INFO - Sent reply
2025-03-31 11:45:19 - [Cluster 0 - CLIENT] - INFO - 
2025-03-31 11:45:19 - [Cluster 0 - CLIENT] - INFO - Received: evaluate message e3c11ef7-c210-4d52-888e-c7fbbedcbe88
2025-03-31 11:45:19 - [Cluster 0 - CLIENT] - INFO - 
2025-03-31 11:45:19 - [Cluster 0 - CLIENT] - INFO - Received: evaluate message 802159b9-48d9-449e-aae1-4d6013a6f9c4
2025-03-31 11:45:19 - [Cluster 0 - CLIENT] - INFO - 
2025-03-31 11:45:19 - [Cluster 0 - CLIENT] - INFO - Received: evaluate message 1c381dfa-2145-4e75-bb76-0e17c6c9d778
2025-03-31 11:45:19 - [Cluster 0 - CLIENT] - INFO - 
2025-03-31 11:45:19 - [Cluster 0 - CLIENT] - INFO - Received: evaluate message f8c2f7be-90a6-4761-9b1b-638dc07fbba4
2025-03-31 11:45:19 - [Cluster 0 - CLIENT] - INFO - [Store 447] Evaluation - Loss: 0.2526, MAE: 0.3194
2025-03-31 11:45:19 - [Cluster 0 - CLIENT] - INFO - [Store 689] Evaluation - Loss: 0.2374, MAE: 0.2953
2025-03-31 11:45:19 - [Cluster 0 - CLIENT] - INFO - Sent reply
2025-03-31 11:45:19 - [Cluster 0 - CLIENT] - INFO - Sent reply
2025-03-31 11:45:19 - [Cluster 0 - CLIENT] - INFO - 
2025-03-31 11:45:19 - [Cluster 0 - CLIENT] - INFO - Received: evaluate message 2424a7b1-6885-4329-8dac-d8711d7a7b65
2025-03-31 11:45:19 - [Cluster 0 - CLIENT] - INFO - 
2025-03-31 11:45:19 - [Cluster 0 - CLIENT] - INFO - Received: evaluate message 895b9872-9c1c-44dd-bcae-123424a1dc4d
2025-03-31 11:45:19 - [Cluster 0 - CLIENT] - INFO - [Store 812] Evaluation - Loss: 0.2047, MAE: 0.3016
2025-03-31 11:45:19 - [Cluster 0 - CLIENT] - INFO - Sent reply
2025-03-31 11:45:19 - [Cluster 0 - CLIENT] - INFO - 
2025-03-31 11:45:19 - [Cluster 0 - CLIENT] - INFO - Received: evaluate message 13ffa8cb-5c01-4b14-8b64-cbd7fe0d7fc0
2025-03-31 11:45:19 - [Cluster 0 - CLIENT] - INFO - [Store 91] Evaluation - Loss: 0.2514, MAE: 0.3499
2025-03-31 11:45:19 - [Cluster 0 - CLIENT] - INFO - [Store 1048] Evaluation - Loss: 0.3404, MAE: 0.3765
2025-03-31 11:45:19 - [Cluster 0 - CLIENT] - INFO - Sent reply
2025-03-31 11:45:19 - [Cluster 0 - CLIENT] - INFO - Sent reply
2025-03-31 11:45:19 - [Cluster 0 - CLIENT] - INFO - 
2025-03-31 11:45:19 - [Cluster 0 - CLIENT] - INFO - Received: evaluate message 8855fac5-6d46-41f0-b559-25925be7e534
2025-03-31 11:45:19 - [Cluster 0 - CLIENT] - INFO - 
2025-03-31 11:45:19 - [Cluster 0 - CLIENT] - INFO - Received: evaluate message 87a49bed-98f3-42f8-9628-1c78852fcbc6
2025-03-31 11:45:19 - [Cluster 0 - CLIENT] - INFO - [Store 329] Evaluation - Loss: 0.2893, MAE: 0.3486
2025-03-31 11:45:19 - [Cluster 0 - CLIENT] - INFO - Sent reply
2025-03-31 11:45:19 - [Cluster 0 - CLIENT] - INFO - 
2025-03-31 11:45:19 - [Cluster 0 - CLIENT] - INFO - Received: evaluate message 86269c76-89cd-4593-929b-96b0fc3ea9e2
2025-03-31 11:45:20 - [Cluster 0 - CLIENT] - INFO - [Store 327] Evaluation - Loss: 0.2734, MAE: 0.3258
2025-03-31 11:45:20 - [Cluster 0 - CLIENT] - INFO - Sent reply
2025-03-31 11:45:20 - [Cluster 0 - CLIENT] - INFO - [Store 47] Evaluation - Loss: 0.2983, MAE: 0.3601
2025-03-31 11:45:20 - [Cluster 0 - CLIENT] - INFO - Sent reply
2025-03-31 11:45:20 - [Cluster 0 - CLIENT] - INFO - [Store 294] Evaluation - Loss: 0.3188, MAE: 0.3892
2025-03-31 11:45:20 - [Cluster 0 - CLIENT] - INFO - Sent reply
2025-03-31 11:45:20 - [Cluster 0 - CLIENT] - INFO - [Store 857] Evaluation - Loss: 0.4468, MAE: 0.4580
2025-03-31 11:45:20 - [Cluster 0 - CLIENT] - INFO - Sent reply
2025-03-31 11:45:20 - [Cluster 0 - CLIENT] - INFO - [Store 848] Evaluation - Loss: 0.2312, MAE: 0.3054
2025-03-31 11:45:20 - [Cluster 0 - CLIENT] - INFO - [Store 592] Evaluation - Loss: 0.2796, MAE: 0.3542
2025-03-31 11:45:20 - [Cluster 0 - CLIENT] - INFO - Sent reply
2025-03-31 11:45:20 - [Cluster 0 - CLIENT] - INFO - Sent reply
2025-03-31 11:45:20 - [Cluster 0 - CLIENT] - INFO - [Store 142] Evaluation - Loss: 0.2893, MAE: 0.3396
2025-03-31 11:45:20 - [Cluster 0 - CLIENT] - INFO - Sent reply
2025-03-31 11:45:20 - [Cluster 0 - CLIENT] - INFO - [Store 314] Evaluation - Loss: 0.2368, MAE: 0.2943
2025-03-31 11:45:20 - [Cluster 0 - CLIENT] - INFO - Sent reply
2025-03-31 11:45:20 - [Cluster 0 - CLIENT] - INFO - [Store 418] Evaluation - Loss: 0.3555, MAE: 0.3963
2025-03-31 11:45:20 - [Cluster 0 - CLIENT] - INFO - Sent reply
2025-03-31 11:45:20 - [Cluster 0 - CLIENT] - INFO - [Store 300] Evaluation - Loss: 0.4110, MAE: 0.4379
2025-03-31 11:45:20 - [Cluster 0 - CLIENT] - INFO - Sent reply
2025-03-31 11:45:20 - [Cluster 0 - CLIENT] - INFO - [Store 451] Evaluation - Loss: 0.3500, MAE: 0.3801
2025-03-31 11:45:20 - [Cluster 0 - CLIENT] - INFO - Sent reply
2025-03-31 11:45:20 - [Cluster 0 - CLIENT] - INFO - [Store 489] Evaluation - Loss: 0.2264, MAE: 0.3403
2025-03-31 11:45:20 - [Cluster 0 - CLIENT] - INFO - Sent reply
2025-03-31 11:45:20 - [Cluster 0 - CLIENT] - INFO - [Store 588] Evaluation - Loss: 0.2464, MAE: 0.3175
2025-03-31 11:45:20 - [Cluster 0 - CLIENT] - INFO - Sent reply
2025-03-31 11:45:20 - [Cluster 0 - CLIENT] - INFO - [Store 242] Evaluation - Loss: 0.2774, MAE: 0.3665
2025-03-31 11:45:20 - [Cluster 0 - CLIENT] - INFO - Sent reply
2025-03-31 11:45:20 - [Cluster 0 - CLIENT] - INFO - [Store 75] Evaluation - Loss: 0.2692, MAE: 0.3354
2025-03-31 11:45:20 - [Cluster 0 - CLIENT] - INFO - Sent reply
2025-03-31 11:45:20 - [Cluster 0 - CLIENT] - INFO - 
2025-03-31 11:45:20 - [Cluster 0 - CLIENT] - INFO - Received: train message 80db963f-c5df-41bb-a85a-d0ba59ba509d
2025-03-31 11:45:20 - [Cluster 0 - CLIENT] - INFO - 
2025-03-31 11:45:20 - [Cluster 0 - CLIENT] - INFO - Received: train message 3a916b5d-a44f-4ef8-a822-098d2ea44f40
2025-03-31 11:45:20 - [Cluster 0 - CLIENT] - INFO - 
2025-03-31 11:45:20 - [Cluster 0 - CLIENT] - INFO - Received: train message 0e70971f-50b6-49ef-866e-5cf77d0affb1
2025-03-31 11:45:20 - [Cluster 0 - CLIENT] - INFO - [Store 848] Starting local training.
2025-03-31 11:45:20 - [Cluster 0 - CLIENT] - INFO - 
2025-03-31 11:45:20 - [Cluster 0 - CLIENT] - INFO - Received: train message 6dec4fb7-4a0d-44e0-89ca-3b3eb1e0c824
2025-03-31 11:45:20 - [Cluster 0 - CLIENT] - INFO - [Store 588] Starting local training.
2025-03-31 11:45:20 - [Cluster 0 - CLIENT] - INFO - 
2025-03-31 11:45:20 - [Cluster 0 - CLIENT] - INFO - Received: train message e436d927-83fd-4a91-8511-379b30b7cbaa
2025-03-31 11:45:20 - [Cluster 0 - CLIENT] - INFO - 
2025-03-31 11:45:20 - [Cluster 0 - CLIENT] - INFO - Received: train message 0be58e04-4444-476e-995e-437ddb07640c
2025-03-31 11:45:20 - [Cluster 0 - CLIENT] - INFO - 
2025-03-31 11:45:20 - [Cluster 0 - CLIENT] - INFO - Received: train message cf177165-f7e1-42d5-81ae-04bf7c541287
2025-03-31 11:45:20 - [Cluster 0 - CLIENT] - INFO - 
2025-03-31 11:45:20 - [Cluster 0 - CLIENT] - INFO - Received: train message c300fdd1-0406-4777-8db8-5eb111908f73
2025-03-31 11:45:20 - [Cluster 0 - CLIENT] - INFO - 
2025-03-31 11:45:20 - [Cluster 0 - CLIENT] - INFO - Received: train message c4b06404-dd7f-4af1-87f4-abc211700738
2025-03-31 11:45:20 - [Cluster 0 - CLIENT] - INFO - 
2025-03-31 11:45:20 - [Cluster 0 - CLIENT] - INFO - Received: train message f9e95e58-a3d6-4988-a8a1-8134f923c08b
2025-03-31 11:45:20 - [Cluster 0 - CLIENT] - INFO - 
2025-03-31 11:45:20 - [Cluster 0 - CLIENT] - INFO - Received: train message 5cb35355-e429-4006-9821-d932327e9c00
2025-03-31 11:45:20 - [Cluster 0 - CLIENT] - INFO - 
2025-03-31 11:45:20 - [Cluster 0 - CLIENT] - INFO - Received: train message 074a7f7b-7ec6-4390-9239-e2b9efb40f0b
2025-03-31 11:45:20 - [Cluster 0 - CLIENT] - INFO - [Store 142] Starting local training.
2025-03-31 11:45:20 - [Cluster 0 - CLIENT] - INFO - [Store 639] Starting local training.
2025-03-31 11:45:20 - [Cluster 0 - CLIENT] - INFO - [Store 314] Starting local training.
2025-03-31 11:45:20 - [Cluster 0 - CLIENT] - INFO - [Store 812] Starting local training.
2025-03-31 11:45:20 - [Cluster 0 - CLIENT] - INFO - 
2025-03-31 11:45:20 - [Cluster 0 - CLIENT] - INFO - [Store 857] Starting local training.
2025-03-31 11:45:20 - [Cluster 0 - CLIENT] - INFO - Received: train message d7aa5de8-44f3-4701-b57d-c32e3f551bf2
2025-03-31 11:45:21 - [Cluster 0 - CLIENT] - INFO - 
2025-03-31 11:45:21 - [Cluster 0 - CLIENT] - INFO - Received: train message a863c3c9-b67a-462c-afce-3dba8c533d05
2025-03-31 11:45:21 - [Cluster 0 - CLIENT] - INFO - [Store 91] Starting local training.
2025-03-31 11:45:21 - [Cluster 0 - CLIENT] - INFO - 
2025-03-31 11:45:21 - [Cluster 0 - CLIENT] - INFO - Received: train message 4fe0e4ee-c66c-490c-ab26-995c4b1a408d
2025-03-31 11:45:21 - [Cluster 0 - CLIENT] - INFO - [Store 418] Starting local training.
2025-03-31 11:45:21 - [Cluster 0 - CLIENT] - INFO - [Store 327] Starting local training.
2025-03-31 11:45:21 - [Cluster 0 - CLIENT] - INFO - [Store 313] Starting local training.
2025-03-31 11:45:21 - [Cluster 0 - CLIENT] - INFO - [Store 111] Starting local training.
2025-03-31 11:45:21 - [Cluster 0 - CLIENT] - INFO - [Store 1048] Starting local training.
2025-03-31 11:45:21 - [Cluster 0 - CLIENT] - INFO - [Store 811] Starting local training.
2025-03-31 11:45:21 - [Cluster 0 - CLIENT] - INFO - [Store 201] Starting local training.
2025-03-31 11:48:40 - [Cluster 0 - CLIENT] - INFO - [Store 314] Local training complete.
2025-03-31 11:48:40 - [Cluster 0 - CLIENT] - INFO - Sent reply
2025-03-31 11:48:40 - [Cluster 0 - CLIENT] - INFO - 
2025-03-31 11:48:40 - [Cluster 0 - CLIENT] - INFO - Received: train message 9c6b77a9-964e-4768-b18e-4c0af6bb5f09
2025-03-31 11:48:40 - [Cluster 0 - CLIENT] - INFO - [Store 848] Local training complete.
2025-03-31 11:48:40 - [Cluster 0 - CLIENT] - INFO - Sent reply
2025-03-31 11:48:40 - [Cluster 0 - CLIENT] - INFO - 
2025-03-31 11:48:40 - [Cluster 0 - CLIENT] - INFO - Received: train message 12046823-788b-43e6-bd47-b3df8470d80c
2025-03-31 11:48:40 - [Cluster 0 - CLIENT] - INFO - [Store 529] Starting local training.
2025-03-31 11:48:40 - [Cluster 0 - CLIENT] - INFO - [Store 447] Starting local training.
2025-03-31 11:48:42 - [Cluster 0 - CLIENT] - INFO - [Store 111] Local training complete.
2025-03-31 11:48:42 - [Cluster 0 - CLIENT] - INFO - Sent reply
2025-03-31 11:48:42 - [Cluster 0 - CLIENT] - INFO - 
2025-03-31 11:48:42 - [Cluster 0 - CLIENT] - INFO - Received: train message d9a95f2c-650a-4545-bc94-f293e0a63f7c
2025-03-31 11:48:42 - [Cluster 0 - CLIENT] - INFO - [Store 590] Starting local training.
2025-03-31 11:48:42 - [Cluster 0 - CLIENT] - INFO - [Store 327] Local training complete.
2025-03-31 11:48:42 - [Cluster 0 - CLIENT] - INFO - [Store 857] Local training complete.
2025-03-31 11:48:42 - [Cluster 0 - CLIENT] - INFO - Sent reply
2025-03-31 11:48:42 - [Cluster 0 - CLIENT] - INFO - Sent reply
2025-03-31 11:48:42 - [Cluster 0 - CLIENT] - INFO - 
2025-03-31 11:48:42 - [Cluster 0 - CLIENT] - INFO - Received: train message 82b8e24e-0b3d-4e13-afe1-1d8eb039ead8
2025-03-31 11:48:42 - [Cluster 0 - CLIENT] - INFO - 
2025-03-31 11:48:42 - [Cluster 0 - CLIENT] - INFO - Received: train message bb4e573f-4529-4217-939c-44e52edbde32
2025-03-31 11:48:43 - [Cluster 0 - CLIENT] - INFO - [Store 300] Starting local training.
2025-03-31 11:48:43 - [Cluster 0 - CLIENT] - INFO - [Store 592] Starting local training.
2025-03-31 11:48:43 - [Cluster 0 - CLIENT] - INFO - [Store 588] Local training complete.
2025-03-31 11:48:43 - [Cluster 0 - CLIENT] - INFO - Sent reply
2025-03-31 11:48:43 - [Cluster 0 - CLIENT] - INFO - 
2025-03-31 11:48:43 - [Cluster 0 - CLIENT] - INFO - Received: train message 1c634caa-f022-4b37-8e6e-868333c61a4c
2025-03-31 11:48:43 - [Cluster 0 - CLIENT] - INFO - [Store 689] Starting local training.
2025-03-31 11:48:45 - [Cluster 0 - CLIENT] - INFO - [Store 91] Local training complete.
2025-03-31 11:48:45 - [Cluster 0 - CLIENT] - INFO - Sent reply
2025-03-31 11:48:45 - [Cluster 0 - CLIENT] - INFO - 
2025-03-31 11:48:45 - [Cluster 0 - CLIENT] - INFO - Received: train message a1f6373f-8a5a-4622-989d-b3922b016aeb
2025-03-31 11:48:46 - [Cluster 0 - CLIENT] - INFO - [Store 451] Starting local training.
2025-03-31 11:48:47 - [Cluster 0 - CLIENT] - INFO - [Store 201] Local training complete.
2025-03-31 11:48:47 - [Cluster 0 - CLIENT] - INFO - Sent reply
2025-03-31 11:48:47 - [Cluster 0 - CLIENT] - INFO - 
2025-03-31 11:48:47 - [Cluster 0 - CLIENT] - INFO - Received: train message 5c3da95c-f94e-4ec8-8aaf-275e2c629c02
2025-03-31 11:48:47 - [Cluster 0 - CLIENT] - INFO - [Store 489] Starting local training.
2025-03-31 11:48:48 - [Cluster 0 - CLIENT] - INFO - [Store 812] Local training complete.
2025-03-31 11:48:48 - [Cluster 0 - CLIENT] - INFO - Sent reply
2025-03-31 11:48:48 - [Cluster 0 - CLIENT] - INFO - 
2025-03-31 11:48:48 - [Cluster 0 - CLIENT] - INFO - Received: train message 5d1ce61d-6aca-454b-8256-a45b19f4de87
2025-03-31 11:48:48 - [Cluster 0 - CLIENT] - INFO - [Store 329] Starting local training.
2025-03-31 11:48:49 - [Cluster 0 - CLIENT] - INFO - [Store 1048] Local training complete.
2025-03-31 11:48:49 - [Cluster 0 - CLIENT] - INFO - Sent reply
2025-03-31 11:48:49 - [Cluster 0 - CLIENT] - INFO - 
2025-03-31 11:48:49 - [Cluster 0 - CLIENT] - INFO - Received: train message b19a8be2-22d1-45ae-828a-e44af592951a
2025-03-31 11:48:49 - [Cluster 0 - CLIENT] - INFO - [Store 47] Starting local training.
2025-03-31 11:48:49 - [Cluster 0 - CLIENT] - INFO - [Store 418] Local training complete.
2025-03-31 11:48:49 - [Cluster 0 - CLIENT] - INFO - Sent reply
2025-03-31 11:48:49 - [Cluster 0 - CLIENT] - INFO - 
2025-03-31 11:48:49 - [Cluster 0 - CLIENT] - INFO - Received: train message ce1f5464-1e3d-46e4-bd71-7089101c4dd3
2025-03-31 11:48:49 - [Cluster 0 - CLIENT] - INFO - [Store 75] Starting local training.
2025-03-31 11:48:53 - [Cluster 0 - CLIENT] - INFO - [Store 313] Local training complete.
2025-03-31 11:48:53 - [Cluster 0 - CLIENT] - INFO - Sent reply
2025-03-31 11:48:53 - [Cluster 0 - CLIENT] - INFO - 
2025-03-31 11:48:53 - [Cluster 0 - CLIENT] - INFO - Received: train message b5628fc0-fda0-4d1b-8233-8d23191b99df
2025-03-31 11:48:53 - [Cluster 0 - CLIENT] - INFO - [Store 328] Starting local training.
2025-03-31 11:49:06 - [Cluster 0 - CLIENT] - INFO - [Store 142] Local training complete.
2025-03-31 11:49:06 - [Cluster 0 - CLIENT] - INFO - Sent reply
2025-03-31 11:49:06 - [Cluster 0 - CLIENT] - INFO - 
2025-03-31 11:49:06 - [Cluster 0 - CLIENT] - INFO - Received: train message 065ab0da-8e7e-4a86-a9b8-2f07711f7f81
2025-03-31 11:49:06 - [Cluster 0 - CLIENT] - INFO - [Store 257] Starting local training.
2025-03-31 11:49:07 - [Cluster 0 - CLIENT] - INFO - [Store 639] Local training complete.
2025-03-31 11:49:07 - [Cluster 0 - CLIENT] - INFO - Sent reply
2025-03-31 11:49:07 - [Cluster 0 - CLIENT] - INFO - 
2025-03-31 11:49:07 - [Cluster 0 - CLIENT] - INFO - Received: train message ad8c0275-c3bb-420a-a2bb-3a93dc835619
2025-03-31 11:49:07 - [Cluster 0 - CLIENT] - INFO - [Store 242] Starting local training.
2025-03-31 11:49:09 - [Cluster 0 - CLIENT] - INFO - [Store 811] Local training complete.
2025-03-31 11:49:09 - [Cluster 0 - CLIENT] - INFO - Sent reply
2025-03-31 11:49:09 - [Cluster 0 - CLIENT] - INFO - 
2025-03-31 11:49:09 - [Cluster 0 - CLIENT] - INFO - Received: train message 1eba0f28-ca73-4681-b21e-ff1500656396
2025-03-31 11:49:09 - [Cluster 0 - CLIENT] - INFO - [Store 294] Starting local training.
2025-03-31 11:51:51 - [Cluster 0 - CLIENT] - INFO - [Store 529] Local training complete.
2025-03-31 11:51:51 - [Cluster 0 - CLIENT] - INFO - Sent reply
2025-03-31 11:51:54 - [Cluster 0 - CLIENT] - INFO - [Store 447] Local training complete.
2025-03-31 11:51:54 - [Cluster 0 - CLIENT] - INFO - Sent reply
2025-03-31 11:51:56 - [Cluster 0 - CLIENT] - INFO - [Store 689] Local training complete.
2025-03-31 11:51:56 - [Cluster 0 - CLIENT] - INFO - [Store 592] Local training complete.
2025-03-31 11:51:56 - [Cluster 0 - CLIENT] - INFO - Sent reply
2025-03-31 11:51:56 - [Cluster 0 - CLIENT] - INFO - Sent reply
2025-03-31 11:51:57 - [Cluster 0 - CLIENT] - INFO - [Store 300] Local training complete.
2025-03-31 11:51:57 - [Cluster 0 - CLIENT] - INFO - Sent reply
2025-03-31 11:51:58 - [Cluster 0 - CLIENT] - INFO - [Store 75] Local training complete.
2025-03-31 11:51:58 - [Cluster 0 - CLIENT] - INFO - Sent reply
2025-03-31 11:51:58 - [Cluster 0 - CLIENT] - INFO - [Store 489] Local training complete.
2025-03-31 11:51:58 - [Cluster 0 - CLIENT] - INFO - Sent reply
2025-03-31 11:51:59 - [Cluster 0 - CLIENT] - INFO - [Store 47] Local training complete.
2025-03-31 11:51:59 - [Cluster 0 - CLIENT] - INFO - Sent reply
2025-03-31 11:51:59 - [Cluster 0 - CLIENT] - INFO - [Store 329] Local training complete.
2025-03-31 11:51:59 - [Cluster 0 - CLIENT] - INFO - Sent reply
2025-03-31 11:52:00 - [Cluster 0 - CLIENT] - INFO - [Store 590] Local training complete.
2025-03-31 11:52:00 - [Cluster 0 - CLIENT] - INFO - Sent reply
2025-03-31 11:52:00 - [Cluster 0 - CLIENT] - INFO - [Store 328] Local training complete.
2025-03-31 11:52:00 - [Cluster 0 - CLIENT] - INFO - Sent reply
2025-03-31 11:52:03 - [Cluster 0 - CLIENT] - INFO - [Store 294] Local training complete.
2025-03-31 11:52:03 - [Cluster 0 - CLIENT] - INFO - [Store 242] Local training complete.
2025-03-31 11:52:03 - [Cluster 0 - CLIENT] - INFO - Sent reply
2025-03-31 11:52:03 - [Cluster 0 - CLIENT] - INFO - Sent reply
2025-03-31 11:52:03 - [Cluster 0 - CLIENT] - INFO - [Store 451] Local training complete.
2025-03-31 11:52:03 - [Cluster 0 - CLIENT] - INFO - Sent reply
2025-03-31 11:52:03 - [Cluster 0 - CLIENT] - INFO - [Store 257] Local training complete.
2025-03-31 11:52:03 - [Cluster 0 - CLIENT] - INFO - Sent reply
2025-03-31 11:52:03 - [Cluster 0 - CLIENT] - INFO - 
2025-03-31 11:52:03 - [Cluster 0 - CLIENT] - INFO - Received: evaluate message 273cb028-c454-450c-8559-2c1c39aca8ad
2025-03-31 11:52:03 - [Cluster 0 - CLIENT] - INFO - 
2025-03-31 11:52:03 - [Cluster 0 - CLIENT] - INFO - Received: evaluate message 92799752-d8ac-4466-95c7-1681c6b71b01
2025-03-31 11:52:03 - [Cluster 0 - CLIENT] - INFO - 
2025-03-31 11:52:03 - [Cluster 0 - CLIENT] - INFO - Received: evaluate message fff6d591-d569-48cf-a185-de4828aac2a0
2025-03-31 11:52:03 - [Cluster 0 - CLIENT] - INFO - 
2025-03-31 11:52:03 - [Cluster 0 - CLIENT] - INFO - Received: evaluate message 1bd8501c-c073-4a83-a07b-8c281acbd044
2025-03-31 11:52:03 - [Cluster 0 - CLIENT] - INFO - 
2025-03-31 11:52:03 - [Cluster 0 - CLIENT] - INFO - Received: evaluate message 9ed08b1b-d7d5-4b56-b10b-8fb3bfadb13a
2025-03-31 11:52:03 - [Cluster 0 - CLIENT] - INFO - 
2025-03-31 11:52:03 - [Cluster 0 - CLIENT] - INFO - Received: evaluate message 2a5a833e-a492-46ec-877d-d74367d6f02a
2025-03-31 11:52:03 - [Cluster 0 - CLIENT] - INFO - 
2025-03-31 11:52:03 - [Cluster 0 - CLIENT] - INFO - Received: evaluate message 05ffb059-30f7-4084-91db-ea25f70c59a8
2025-03-31 11:52:03 - [Cluster 0 - CLIENT] - INFO - 
2025-03-31 11:52:03 - [Cluster 0 - CLIENT] - INFO - Received: evaluate message 917db7f4-b3b0-4d66-89f9-f3b3b2aab943
2025-03-31 11:52:03 - [Cluster 0 - CLIENT] - INFO - 
2025-03-31 11:52:03 - [Cluster 0 - CLIENT] - INFO - Received: evaluate message db1d5afb-2eb3-453f-a3d2-063e5a461978
2025-03-31 11:52:03 - [Cluster 0 - CLIENT] - INFO - 
2025-03-31 11:52:03 - [Cluster 0 - CLIENT] - INFO - Received: evaluate message 54b13b29-7727-4397-837b-b314c6ded8a8
2025-03-31 11:52:03 - [Cluster 0 - CLIENT] - INFO - 
2025-03-31 11:52:03 - [Cluster 0 - CLIENT] - INFO - Received: evaluate message d5604bbe-1ea6-419a-99cb-1c43f7696d45
2025-03-31 11:52:03 - [Cluster 0 - CLIENT] - INFO - 
2025-03-31 11:52:03 - [Cluster 0 - CLIENT] - INFO - Received: evaluate message 8bc985fe-96a9-450f-b014-126a39fb8096
2025-03-31 11:52:03 - [Cluster 0 - CLIENT] - INFO - 
2025-03-31 11:52:03 - [Cluster 0 - CLIENT] - INFO - Received: evaluate message 9ae85626-a4b5-48b3-81b4-831936312730
2025-03-31 11:52:03 - [Cluster 0 - CLIENT] - INFO - 
2025-03-31 11:52:03 - [Cluster 0 - CLIENT] - INFO - Received: evaluate message a6733617-49f5-4951-a73a-1b77128f2e08
2025-03-31 11:52:03 - [Cluster 0 - CLIENT] - INFO - 
2025-03-31 11:52:03 - [Cluster 0 - CLIENT] - INFO - Received: evaluate message d54302b6-7c05-49b1-9bab-f1c3589cdb91
2025-03-31 11:52:04 - [Cluster 0 - CLIENT] - INFO - [Store 489] Evaluation - Loss: 0.2366, MAE: 0.3567
2025-03-31 11:52:04 - [Cluster 0 - CLIENT] - INFO - Sent reply
2025-03-31 11:52:04 - [Cluster 0 - CLIENT] - INFO - 
2025-03-31 11:52:04 - [Cluster 0 - CLIENT] - INFO - Received: evaluate message 9ed5e1dc-0230-449e-962c-4fd31e90528c
2025-03-31 11:52:04 - [Cluster 0 - CLIENT] - INFO - [Store 329] Evaluation - Loss: 0.2888, MAE: 0.3547
2025-03-31 11:52:04 - [Cluster 0 - CLIENT] - INFO - Sent reply
2025-03-31 11:52:04 - [Cluster 0 - CLIENT] - INFO - 
2025-03-31 11:52:04 - [Cluster 0 - CLIENT] - INFO - Received: evaluate message 7886d8d7-8a91-4e0d-9231-fa63934490b7
2025-03-31 11:52:04 - [Cluster 0 - CLIENT] - INFO - [Store 300] Evaluation - Loss: 0.3948, MAE: 0.4167
2025-03-31 11:52:04 - [Cluster 0 - CLIENT] - INFO - Sent reply
2025-03-31 11:52:04 - [Cluster 0 - CLIENT] - INFO - 
2025-03-31 11:52:04 - [Cluster 0 - CLIENT] - INFO - Received: evaluate message dc8ac988-4ee3-405d-a3bf-391bf3c1f259
2025-03-31 11:52:04 - [Cluster 0 - CLIENT] - INFO - [Store 242] Evaluation - Loss: 0.2807, MAE: 0.3812
2025-03-31 11:52:04 - [Cluster 0 - CLIENT] - INFO - Sent reply
2025-03-31 11:52:04 - [Cluster 0 - CLIENT] - INFO - [Store 47] Evaluation - Loss: 0.2893, MAE: 0.3431
2025-03-31 11:52:04 - [Cluster 0 - CLIENT] - INFO - Sent reply
2025-03-31 11:52:04 - [Cluster 0 - CLIENT] - INFO - [Store 447] Evaluation - Loss: 0.2408, MAE: 0.3002
2025-03-31 11:52:04 - [Cluster 0 - CLIENT] - INFO - Sent reply
2025-03-31 11:52:04 - [Cluster 0 - CLIENT] - INFO - 
2025-03-31 11:52:04 - [Cluster 0 - CLIENT] - INFO - Received: evaluate message 056eff3f-8868-4be5-be1c-33e83d3326c5
2025-03-31 11:52:04 - [Cluster 0 - CLIENT] - INFO - 
2025-03-31 11:52:04 - [Cluster 0 - CLIENT] - INFO - Received: evaluate message 7653cf84-7e60-4552-9a7c-32af22cdfe74
2025-03-31 11:52:04 - [Cluster 0 - CLIENT] - INFO - 
2025-03-31 11:52:04 - [Cluster 0 - CLIENT] - INFO - Received: evaluate message 1b85853a-d944-43f8-8dee-0ac25bc644b3
2025-03-31 11:52:04 - [Cluster 0 - CLIENT] - INFO - [Store 451] Evaluation - Loss: 0.3410, MAE: 0.3673
2025-03-31 11:52:04 - [Cluster 0 - CLIENT] - INFO - Sent reply
2025-03-31 11:52:04 - [Cluster 0 - CLIENT] - INFO - 
2025-03-31 11:52:04 - [Cluster 0 - CLIENT] - INFO - Received: evaluate message 4ad56013-a768-4f9b-a1a7-1e7737ad46de
2025-03-31 11:52:04 - [Cluster 0 - CLIENT] - INFO - [Store 314] Evaluation - Loss: 0.2399, MAE: 0.3099
2025-03-31 11:52:04 - [Cluster 0 - CLIENT] - INFO - Sent reply
2025-03-31 11:52:04 - [Cluster 0 - CLIENT] - INFO - 
2025-03-31 11:52:04 - [Cluster 0 - CLIENT] - INFO - Received: evaluate message a31e49b0-b716-4ef0-b521-4f35c9845792
2025-03-31 11:52:04 - [Cluster 0 - CLIENT] - INFO - [Store 327] Evaluation - Loss: 0.2705, MAE: 0.3283
2025-03-31 11:52:04 - [Cluster 0 - CLIENT] - INFO - Sent reply
2025-03-31 11:52:04 - [Cluster 0 - CLIENT] - INFO - [Store 294] Evaluation - Loss: 0.3205, MAE: 0.3943
2025-03-31 11:52:04 - [Cluster 0 - CLIENT] - INFO - Sent reply
2025-03-31 11:52:04 - [Cluster 0 - CLIENT] - INFO - 
2025-03-31 11:52:04 - [Cluster 0 - CLIENT] - INFO - 
2025-03-31 11:52:04 - [Cluster 0 - CLIENT] - INFO - Received: evaluate message f132e013-a85a-406e-98f3-42220b371143
2025-03-31 11:52:04 - [Cluster 0 - CLIENT] - INFO - Received: evaluate message 69734fa4-c6ef-410d-9106-25888a6deae4
2025-03-31 11:52:05 - [Cluster 0 - CLIENT] - INFO - [Store 639] Evaluation - Loss: 0.2358, MAE: 0.3182
2025-03-31 11:52:05 - [Cluster 0 - CLIENT] - INFO - Sent reply
2025-03-31 11:52:05 - [Cluster 0 - CLIENT] - INFO - 
2025-03-31 11:52:05 - [Cluster 0 - CLIENT] - INFO - Received: evaluate message 1b9af31b-2f31-454d-a54f-906ce37e1e53
2025-03-31 11:52:05 - [Cluster 0 - CLIENT] - INFO - [Store 257] Evaluation - Loss: 0.2001, MAE: 0.2819
2025-03-31 11:52:05 - [Cluster 0 - CLIENT] - INFO - Sent reply
2025-03-31 11:52:05 - [Cluster 0 - CLIENT] - INFO - [Store 313] Evaluation - Loss: 0.2329, MAE: 0.3286
2025-03-31 11:52:05 - [Cluster 0 - CLIENT] - INFO - Sent reply
2025-03-31 11:52:05 - [Cluster 0 - CLIENT] - INFO - [Store 812] Evaluation - Loss: 0.2118, MAE: 0.3154
2025-03-31 11:52:05 - [Cluster 0 - CLIENT] - INFO - Sent reply
2025-03-31 11:52:05 - [Cluster 0 - CLIENT] - INFO - 
2025-03-31 11:52:05 - [Cluster 0 - CLIENT] - INFO - Received: evaluate message b5fe93ff-b546-49bf-934e-0db0e553142e
2025-03-31 11:52:05 - [Cluster 0 - CLIENT] - INFO - 
2025-03-31 11:52:05 - [Cluster 0 - CLIENT] - INFO - Received: evaluate message c5d43f27-ae63-471d-9938-06a48c7fc850
2025-03-31 11:52:05 - [Cluster 0 - CLIENT] - INFO - 
2025-03-31 11:52:05 - [Cluster 0 - CLIENT] - INFO - Received: evaluate message 54909a29-f1b1-4f16-bcdb-25b189de69e4
2025-03-31 11:52:05 - [Cluster 0 - CLIENT] - INFO - [Store 811] Evaluation - Loss: 0.2236, MAE: 0.2856
2025-03-31 11:52:05 - [Cluster 0 - CLIENT] - INFO - Sent reply
2025-03-31 11:52:05 - [Cluster 0 - CLIENT] - INFO - 
2025-03-31 11:52:05 - [Cluster 0 - CLIENT] - INFO - Received: evaluate message 6edc9478-d3a0-4e1a-9966-0cc06480a67a
2025-03-31 11:52:05 - [Cluster 0 - CLIENT] - INFO - [Store 689] Evaluation - Loss: 0.2370, MAE: 0.3017
2025-03-31 11:52:05 - [Cluster 0 - CLIENT] - INFO - Sent reply
2025-03-31 11:52:05 - [Cluster 0 - CLIENT] - INFO - [Store 418] Evaluation - Loss: 0.3529, MAE: 0.4007
2025-03-31 11:52:05 - [Cluster 0 - CLIENT] - INFO - Sent reply
2025-03-31 11:52:05 - [Cluster 0 - CLIENT] - INFO - [Store 588] Evaluation - Loss: 0.2393, MAE: 0.3070
2025-03-31 11:52:05 - [Cluster 0 - CLIENT] - INFO - Sent reply
2025-03-31 11:52:05 - [Cluster 0 - CLIENT] - INFO - [Store 328] Evaluation - Loss: 0.2694, MAE: 0.3344
2025-03-31 11:52:05 - [Cluster 0 - CLIENT] - INFO - Sent reply
2025-03-31 11:52:05 - [Cluster 0 - CLIENT] - INFO - [Store 201] Evaluation - Loss: 0.3092, MAE: 0.3720
2025-03-31 11:52:05 - [Cluster 0 - CLIENT] - INFO - [Store 142] Evaluation - Loss: 0.2855, MAE: 0.3319
2025-03-31 11:52:05 - [Cluster 0 - CLIENT] - INFO - Sent reply
2025-03-31 11:52:05 - [Cluster 0 - CLIENT] - INFO - Sent reply
2025-03-31 11:52:05 - [Cluster 0 - CLIENT] - INFO - [Store 1048] Evaluation - Loss: 0.3337, MAE: 0.3770
2025-03-31 11:52:05 - [Cluster 0 - CLIENT] - INFO - Sent reply
2025-03-31 11:52:05 - [Cluster 0 - CLIENT] - INFO - [Store 111] Evaluation - Loss: 0.2730, MAE: 0.3319
2025-03-31 11:52:05 - [Cluster 0 - CLIENT] - INFO - Sent reply
2025-03-31 11:52:05 - [Cluster 0 - CLIENT] - INFO - [Store 848] Evaluation - Loss: 0.2312, MAE: 0.3113
2025-03-31 11:52:05 - [Cluster 0 - CLIENT] - INFO - Sent reply
2025-03-31 11:52:05 - [Cluster 0 - CLIENT] - INFO - [Store 75] Evaluation - Loss: 0.2599, MAE: 0.3193
2025-03-31 11:52:05 - [Cluster 0 - CLIENT] - INFO - Sent reply
2025-03-31 11:52:05 - [Cluster 0 - CLIENT] - INFO - [Store 592] Evaluation - Loss: 0.2814, MAE: 0.3587
2025-03-31 11:52:05 - [Cluster 0 - CLIENT] - INFO - Sent reply
2025-03-31 11:52:05 - [Cluster 0 - CLIENT] - INFO - [Store 91] Evaluation - Loss: 0.2563, MAE: 0.3613
2025-03-31 11:52:05 - [Cluster 0 - CLIENT] - INFO - Sent reply
2025-03-31 11:52:05 - [Cluster 0 - CLIENT] - INFO - [Store 857] Evaluation - Loss: 0.4273, MAE: 0.4375
2025-03-31 11:52:05 - [Cluster 0 - CLIENT] - INFO - Sent reply
2025-03-31 11:52:05 - [Cluster 0 - CLIENT] - INFO - [Store 529] Evaluation - Loss: 0.2399, MAE: 0.2971
2025-03-31 11:52:05 - [Cluster 0 - CLIENT] - INFO - Sent reply
2025-03-31 11:52:05 - [Cluster 0 - CLIENT] - INFO - [Store 590] Evaluation - Loss: 0.3365, MAE: 0.3915
2025-03-31 11:52:05 - [Cluster 0 - CLIENT] - INFO - Sent reply
2025-03-31 11:52:05 - [Cluster 0 - CLIENT] - INFO - 
2025-03-31 11:52:05 - [Cluster 0 - CLIENT] - INFO - Received: train message 54111eb7-f33d-4a26-a55b-5665753dc9d4
2025-03-31 11:52:05 - [Cluster 0 - CLIENT] - INFO - 
2025-03-31 11:52:05 - [Cluster 0 - CLIENT] - INFO - Received: train message fb343d30-bd5a-48a8-80fc-b51383b63b4b
2025-03-31 11:52:05 - [Cluster 0 - CLIENT] - INFO - 
2025-03-31 11:52:05 - [Cluster 0 - CLIENT] - INFO - Received: train message 9955c3fe-9b66-4c23-8057-082956bdddde
2025-03-31 11:52:05 - [Cluster 0 - CLIENT] - INFO - 
2025-03-31 11:52:05 - [Cluster 0 - CLIENT] - INFO - Received: train message c4db59d9-c425-4ca0-a046-7b8d43e2e151
2025-03-31 11:52:05 - [Cluster 0 - CLIENT] - INFO - 
2025-03-31 11:52:05 - [Cluster 0 - CLIENT] - INFO - Received: train message 7c3b013c-fb53-4610-ad64-4f7d7009c0a0
2025-03-31 11:52:05 - [Cluster 0 - CLIENT] - INFO - 
2025-03-31 11:52:05 - [Cluster 0 - CLIENT] - INFO - Received: train message fa812cf6-cf74-4551-a881-5450e2794411
2025-03-31 11:52:05 - [Cluster 0 - CLIENT] - INFO - 
2025-03-31 11:52:05 - [Cluster 0 - CLIENT] - INFO - Received: train message 8d73bbe1-7180-48fc-be64-d2f5053a7ca8
2025-03-31 11:52:05 - [Cluster 0 - CLIENT] - INFO - [Store 328] Starting local training.
2025-03-31 11:52:05 - [Cluster 0 - CLIENT] - INFO - [Store 812] Starting local training.
2025-03-31 11:52:05 - [Cluster 0 - CLIENT] - INFO - [Store 418] Starting local training.
2025-03-31 11:52:05 - [Cluster 0 - CLIENT] - INFO - 
2025-03-31 11:52:05 - [Cluster 0 - CLIENT] - INFO - Received: train message 47110289-3d09-4d5f-86fd-a4a46f4c9503
2025-03-31 11:52:05 - [Cluster 0 - CLIENT] - INFO - [Store 1048] Starting local training.
2025-03-31 11:52:05 - [Cluster 0 - CLIENT] - INFO - 
2025-03-31 11:52:05 - [Cluster 0 - CLIENT] - INFO - [Store 91] Starting local training.
2025-03-31 11:52:05 - [Cluster 0 - CLIENT] - INFO - Received: train message 46607ee4-9e82-4797-9c0a-ed5c776329bc
2025-03-31 11:52:05 - [Cluster 0 - CLIENT] - INFO - [Store 327] Starting local training.
2025-03-31 11:52:05 - [Cluster 0 - CLIENT] - INFO - 
2025-03-31 11:52:05 - [Cluster 0 - CLIENT] - INFO - Received: train message 9f69db76-7c59-4d24-a350-feb087ba5056
2025-03-31 11:52:05 - [Cluster 0 - CLIENT] - INFO - [Store 588] Starting local training.
2025-03-31 11:52:05 - [Cluster 0 - CLIENT] - INFO - 
2025-03-31 11:52:05 - [Cluster 0 - CLIENT] - INFO - Received: train message 69ea3277-cdd6-4545-880f-48be012144a8
2025-03-31 11:52:05 - [Cluster 0 - CLIENT] - INFO - 
2025-03-31 11:52:05 - [Cluster 0 - CLIENT] - INFO - Received: train message 2a66d3b3-33d9-4e5e-a288-45b674071fb2
2025-03-31 11:52:05 - [Cluster 0 - CLIENT] - INFO - 
2025-03-31 11:52:05 - [Cluster 0 - CLIENT] - INFO - Received: train message 3e8e2358-5188-40f9-9088-9d869250faa8
2025-03-31 11:52:05 - [Cluster 0 - CLIENT] - INFO - [Store 857] Starting local training.
2025-03-31 11:52:05 - [Cluster 0 - CLIENT] - INFO - 
2025-03-31 11:52:05 - [Cluster 0 - CLIENT] - INFO - Received: train message e69c3772-a8fe-4782-be09-801fe00d35fd
2025-03-31 11:52:05 - [Cluster 0 - CLIENT] - INFO - 
2025-03-31 11:52:05 - [Cluster 0 - CLIENT] - INFO - Received: train message 28d9ab9b-2f4c-4759-bdb0-e8df2a77faff
2025-03-31 11:52:06 - [Cluster 0 - CLIENT] - INFO - [Store 329] Starting local training.
2025-03-31 11:52:06 - [Cluster 0 - CLIENT] - INFO - [Store 447] Starting local training.
2025-03-31 11:52:06 - [Cluster 0 - CLIENT] - INFO - [Store 294] Starting local training.
2025-03-31 11:52:06 - [Cluster 0 - CLIENT] - INFO - [Store 111] Starting local training.
2025-03-31 11:52:06 - [Cluster 0 - CLIENT] - INFO - [Store 257] Starting local training.
2025-03-31 11:52:06 - [Cluster 0 - CLIENT] - INFO - [Store 300] Starting local training.
2025-03-31 11:52:06 - [Cluster 0 - CLIENT] - INFO - [Store 489] Starting local training.
2025-03-31 11:55:13 - [Cluster 0 - CLIENT] - INFO - [Store 300] Local training complete.
2025-03-31 11:55:13 - [Cluster 0 - CLIENT] - INFO - Sent reply
2025-03-31 11:55:13 - [Cluster 0 - CLIENT] - INFO - 
2025-03-31 11:55:13 - [Cluster 0 - CLIENT] - INFO - Received: train message ed58541c-3782-450c-9458-d23ca847b39d
2025-03-31 11:55:13 - [Cluster 0 - CLIENT] - INFO - [Store 314] Starting local training.
2025-03-31 11:55:14 - [Cluster 0 - CLIENT] - INFO - [Store 588] Local training complete.
2025-03-31 11:55:14 - [Cluster 0 - CLIENT] - INFO - Sent reply
2025-03-31 11:55:14 - [Cluster 0 - CLIENT] - INFO - 
2025-03-31 11:55:14 - [Cluster 0 - CLIENT] - INFO - Received: train message b503e3e2-b4ce-447e-bd4a-bc3aa1a4f025
2025-03-31 11:55:14 - [Cluster 0 - CLIENT] - INFO - [Store 857] Local training complete.
2025-03-31 11:55:14 - [Cluster 0 - CLIENT] - INFO - [Store 142] Starting local training.
2025-03-31 11:55:14 - [Cluster 0 - CLIENT] - INFO - Sent reply
2025-03-31 11:55:14 - [Cluster 0 - CLIENT] - INFO - 
2025-03-31 11:55:14 - [Cluster 0 - CLIENT] - INFO - Received: train message f4185dff-bb1f-4fe1-9623-8b6de8e0006f
2025-03-31 11:55:14 - [Cluster 0 - CLIENT] - INFO - [Store 242] Starting local training.
2025-03-31 11:55:15 - [Cluster 0 - CLIENT] - INFO - [Store 257] Local training complete.
2025-03-31 11:55:15 - [Cluster 0 - CLIENT] - INFO - Sent reply
2025-03-31 11:55:15 - [Cluster 0 - CLIENT] - INFO - 
2025-03-31 11:55:15 - [Cluster 0 - CLIENT] - INFO - Received: train message c3ea298d-4d26-4ed1-818e-db5b26a1a2c7
2025-03-31 11:55:15 - [Cluster 0 - CLIENT] - INFO - [Store 848] Starting local training.
2025-03-31 11:55:15 - [Cluster 0 - CLIENT] - INFO - [Store 327] Local training complete.
2025-03-31 11:55:15 - [Cluster 0 - CLIENT] - INFO - Sent reply
2025-03-31 11:55:15 - [Cluster 0 - CLIENT] - INFO - 
2025-03-31 11:55:15 - [Cluster 0 - CLIENT] - INFO - Received: train message aeb39258-1e97-4cb5-a366-a104eb8192e2
2025-03-31 11:55:15 - [Cluster 0 - CLIENT] - INFO - [Store 529] Starting local training.
2025-03-31 11:55:16 - [Cluster 0 - CLIENT] - INFO - [Store 91] Local training complete.
2025-03-31 11:55:16 - [Cluster 0 - CLIENT] - INFO - Sent reply
2025-03-31 11:55:16 - [Cluster 0 - CLIENT] - INFO - 
2025-03-31 11:55:16 - [Cluster 0 - CLIENT] - INFO - Received: train message 7c5312f4-0bff-4684-bf1b-b584da2de420
2025-03-31 11:55:16 - [Cluster 0 - CLIENT] - INFO - [Store 201] Starting local training.
2025-03-31 11:55:17 - [Cluster 0 - CLIENT] - INFO - [Store 489] Local training complete.
2025-03-31 11:55:17 - [Cluster 0 - CLIENT] - INFO - Sent reply
2025-03-31 11:55:17 - [Cluster 0 - CLIENT] - INFO - 
2025-03-31 11:55:17 - [Cluster 0 - CLIENT] - INFO - Received: train message 23336b40-4a31-4ee3-a32c-a3ac419f6c14
2025-03-31 11:55:17 - [Cluster 0 - CLIENT] - INFO - [Store 639] Starting local training.
2025-03-31 11:55:18 - [Cluster 0 - CLIENT] - INFO - [Store 812] Local training complete.
2025-03-31 11:55:18 - [Cluster 0 - CLIENT] - INFO - Sent reply
2025-03-31 11:55:18 - [Cluster 0 - CLIENT] - INFO - 
2025-03-31 11:55:18 - [Cluster 0 - CLIENT] - INFO - Received: train message e9402a22-5b29-4277-81f1-24d78438b7de
2025-03-31 11:55:18 - [Cluster 0 - CLIENT] - INFO - [Store 592] Starting local training.
2025-03-31 11:55:19 - [Cluster 0 - CLIENT] - INFO - [Store 111] Local training complete.
2025-03-31 11:55:19 - [Cluster 0 - CLIENT] - INFO - Sent reply
2025-03-31 11:55:19 - [Cluster 0 - CLIENT] - INFO - 
2025-03-31 11:55:19 - [Cluster 0 - CLIENT] - INFO - Received: train message 091c00b7-5b48-4a0c-8029-8f5a6fdd4881
2025-03-31 11:55:19 - [Cluster 0 - CLIENT] - INFO - [Store 811] Starting local training.
2025-03-31 11:55:20 - [Cluster 0 - CLIENT] - INFO - [Store 294] Local training complete.
2025-03-31 11:55:20 - [Cluster 0 - CLIENT] - INFO - Sent reply
2025-03-31 11:55:20 - [Cluster 0 - CLIENT] - INFO - 
2025-03-31 11:55:20 - [Cluster 0 - CLIENT] - INFO - Received: train message 69e3a930-7207-4b3f-b7bf-5514171b9b0e
2025-03-31 11:55:20 - [Cluster 0 - CLIENT] - INFO - [Store 689] Starting local training.
2025-03-31 11:55:21 - [Cluster 0 - CLIENT] - INFO - [Store 447] Local training complete.
2025-03-31 11:55:21 - [Cluster 0 - CLIENT] - INFO - Sent reply
2025-03-31 11:55:21 - [Cluster 0 - CLIENT] - INFO - 
2025-03-31 11:55:21 - [Cluster 0 - CLIENT] - INFO - Received: train message 88bada28-2c61-4a68-b04e-8604e80a0509
2025-03-31 11:55:21 - [Cluster 0 - CLIENT] - INFO - [Store 451] Starting local training.
2025-03-31 11:55:22 - [Cluster 0 - CLIENT] - INFO - [Store 418] Local training complete.
2025-03-31 11:55:22 - [Cluster 0 - CLIENT] - INFO - Sent reply
2025-03-31 11:55:23 - [Cluster 0 - CLIENT] - INFO - 
2025-03-31 11:55:23 - [Cluster 0 - CLIENT] - INFO - Received: train message 953712a9-0b1c-4493-834e-ed935373b4de
2025-03-31 11:55:23 - [Cluster 0 - CLIENT] - INFO - [Store 313] Starting local training.
2025-03-31 11:55:23 - [Cluster 0 - CLIENT] - INFO - [Store 328] Local training complete.
2025-03-31 11:55:23 - [Cluster 0 - CLIENT] - INFO - Sent reply
2025-03-31 11:55:23 - [Cluster 0 - CLIENT] - INFO - 
2025-03-31 11:55:23 - [Cluster 0 - CLIENT] - INFO - Received: train message 09df8924-1998-4d9a-b4c2-4aa01270191e
2025-03-31 11:55:23 - [Cluster 0 - CLIENT] - INFO - [Store 47] Starting local training.
2025-03-31 11:55:24 - [Cluster 0 - CLIENT] - INFO - [Store 1048] Local training complete.
2025-03-31 11:55:24 - [Cluster 0 - CLIENT] - INFO - [Store 329] Local training complete.
2025-03-31 11:55:24 - [Cluster 0 - CLIENT] - INFO - Sent reply
2025-03-31 11:55:24 - [Cluster 0 - CLIENT] - INFO - 
2025-03-31 11:55:24 - [Cluster 0 - CLIENT] - INFO - Received: train message eed46bdf-4e9a-4eb6-bd78-302276ecb26f
2025-03-31 11:55:24 - [Cluster 0 - CLIENT] - INFO - [Store 590] Starting local training.
2025-03-31 11:55:24 - [Cluster 0 - CLIENT] - INFO - Sent reply
2025-03-31 11:55:24 - [Cluster 0 - CLIENT] - INFO - 
2025-03-31 11:55:24 - [Cluster 0 - CLIENT] - INFO - Received: train message e4d4729c-ee9b-41f9-b2e6-dc3893f4a324
2025-03-31 11:55:24 - [Cluster 0 - CLIENT] - INFO - [Store 75] Starting local training.
2025-03-31 11:59:12 - [Cluster 0 - CLIENT] - INFO - [Store 529] Local training complete.
2025-03-31 11:59:12 - [Cluster 0 - CLIENT] - INFO - Sent reply
2025-03-31 11:59:12 - [Cluster 0 - CLIENT] - INFO - [Store 848] Local training complete.
2025-03-31 11:59:13 - [Cluster 0 - CLIENT] - INFO - Sent reply
2025-03-31 11:59:13 - [Cluster 0 - CLIENT] - INFO - [Store 451] Local training complete.
2025-03-31 11:59:13 - [Cluster 0 - CLIENT] - INFO - Sent reply
2025-03-31 11:59:13 - [Cluster 0 - CLIENT] - INFO - [Store 142] Local training complete.
2025-03-31 11:59:13 - [Cluster 0 - CLIENT] - INFO - Sent reply
2025-03-31 11:59:13 - [Cluster 0 - CLIENT] - INFO - [Store 592] Local training complete.
2025-03-31 11:59:13 - [Cluster 0 - CLIENT] - INFO - Sent reply
2025-03-31 11:59:14 - [Cluster 0 - CLIENT] - INFO - [Store 639] Local training complete.
2025-03-31 11:59:14 - [Cluster 0 - CLIENT] - INFO - [Store 201] Local training complete.
2025-03-31 11:59:14 - [Cluster 0 - CLIENT] - INFO - Sent reply
2025-03-31 11:59:14 - [Cluster 0 - CLIENT] - INFO - Sent reply
2025-03-31 11:59:14 - [Cluster 0 - CLIENT] - INFO - [Store 242] Local training complete.
2025-03-31 11:59:14 - [Cluster 0 - CLIENT] - INFO - Sent reply
2025-03-31 11:59:14 - [Cluster 0 - CLIENT] - INFO - [Store 314] Local training complete.
2025-03-31 11:59:14 - [Cluster 0 - CLIENT] - INFO - Sent reply
2025-03-31 11:59:16 - [Cluster 0 - CLIENT] - INFO - [Store 811] Local training complete.
2025-03-31 11:59:16 - [Cluster 0 - CLIENT] - INFO - Sent reply
2025-03-31 11:59:16 - [Cluster 0 - CLIENT] - INFO - [Store 313] Local training complete.
2025-03-31 11:59:16 - [Cluster 0 - CLIENT] - INFO - Sent reply
2025-03-31 11:59:16 - [Cluster 0 - CLIENT] - INFO - [Store 689] Local training complete.
2025-03-31 11:59:16 - [Cluster 0 - CLIENT] - INFO - Sent reply
2025-03-31 11:59:16 - [Cluster 0 - CLIENT] - INFO - [Store 75] Local training complete.
2025-03-31 11:59:16 - [Cluster 0 - CLIENT] - INFO - Sent reply
2025-03-31 11:59:16 - [Cluster 0 - CLIENT] - INFO - [Store 590] Local training complete.
2025-03-31 11:59:16 - [Cluster 0 - CLIENT] - INFO - Sent reply
2025-03-31 11:59:19 - [Cluster 0 - CLIENT] - INFO - [Store 47] Local training complete.
2025-03-31 11:59:19 - [Cluster 0 - CLIENT] - INFO - Sent reply
2025-03-31 11:59:19 - [Cluster 0 - CLIENT] - INFO - 
2025-03-31 11:59:19 - [Cluster 0 - CLIENT] - INFO - Received: evaluate message 5a8374bc-f66a-41ac-9bd5-781666795243
2025-03-31 11:59:19 - [Cluster 0 - CLIENT] - INFO - 
2025-03-31 11:59:19 - [Cluster 0 - CLIENT] - INFO - Received: evaluate message 78af2ba1-e2bf-475a-93e3-9807a1405579
2025-03-31 11:59:19 - [Cluster 0 - CLIENT] - INFO - 
2025-03-31 11:59:19 - [Cluster 0 - CLIENT] - INFO - Received: evaluate message be867a82-8428-41fd-a584-5bdceab44b61
2025-03-31 11:59:19 - [Cluster 0 - CLIENT] - INFO - 
2025-03-31 11:59:19 - [Cluster 0 - CLIENT] - INFO - Received: evaluate message 501bad21-8a28-4c61-b0a4-44b51ba7707c
2025-03-31 11:59:19 - [Cluster 0 - CLIENT] - INFO - 
2025-03-31 11:59:19 - [Cluster 0 - CLIENT] - INFO - Received: evaluate message b51ed8df-b8f6-48a3-afd0-7cc1aab58a20
2025-03-31 11:59:19 - [Cluster 0 - CLIENT] - INFO - 
2025-03-31 11:59:19 - [Cluster 0 - CLIENT] - INFO - Received: evaluate message 0a3b32ab-ce9f-4053-8068-5d43fc4244de
2025-03-31 11:59:19 - [Cluster 0 - CLIENT] - INFO - 
2025-03-31 11:59:19 - [Cluster 0 - CLIENT] - INFO - 
2025-03-31 11:59:19 - [Cluster 0 - CLIENT] - INFO - Received: evaluate message 115409dc-11d6-492a-b7f3-3678e9ced3c6
2025-03-31 11:59:19 - [Cluster 0 - CLIENT] - INFO - Received: evaluate message a4938dae-4f23-47f3-88c5-bae22e4216f4
2025-03-31 11:59:19 - [Cluster 0 - CLIENT] - INFO - 
2025-03-31 11:59:19 - [Cluster 0 - CLIENT] - INFO - Received: evaluate message cd9b7583-4e62-4645-a7c8-6d258ef9a4c1
2025-03-31 11:59:19 - [Cluster 0 - CLIENT] - INFO - 
2025-03-31 11:59:19 - [Cluster 0 - CLIENT] - INFO - Received: evaluate message b4a2da15-73e1-41fc-910b-8158e51c8d44
2025-03-31 11:59:19 - [Cluster 0 - CLIENT] - INFO - 
2025-03-31 11:59:19 - [Cluster 0 - CLIENT] - INFO - Received: evaluate message 3ae70b15-3dee-4b90-89a7-e05de1b9016d
2025-03-31 11:59:19 - [Cluster 0 - CLIENT] - INFO - 
2025-03-31 11:59:19 - [Cluster 0 - CLIENT] - INFO - Received: evaluate message 8ea3f802-84d2-419f-afca-cc6bd0fc6cc5
2025-03-31 11:59:19 - [Cluster 0 - CLIENT] - INFO - 
2025-03-31 11:59:19 - [Cluster 0 - CLIENT] - INFO - Received: evaluate message d1d37848-1299-4970-b7d3-f2aea401de97
2025-03-31 11:59:19 - [Cluster 0 - CLIENT] - INFO - 
2025-03-31 11:59:19 - [Cluster 0 - CLIENT] - INFO - Received: evaluate message 9cc0747a-8d57-41e2-8f71-b5aa0b0e11dd
2025-03-31 11:59:19 - [Cluster 0 - CLIENT] - INFO - 
2025-03-31 11:59:19 - [Cluster 0 - CLIENT] - INFO - Received: evaluate message e43ce5e5-6dbb-4996-b8fe-5a762973f077
2025-03-31 11:59:20 - [Cluster 0 - CLIENT] - INFO - [Store 592] Evaluation - Loss: 0.2795, MAE: 0.3645
2025-03-31 11:59:20 - [Cluster 0 - CLIENT] - INFO - Sent reply
2025-03-31 11:59:21 - [Cluster 0 - CLIENT] - INFO - [Store 529] Evaluation - Loss: 0.2378, MAE: 0.3074
2025-03-31 11:59:21 - [Cluster 0 - CLIENT] - INFO - Sent reply
2025-03-31 11:59:21 - [Cluster 0 - CLIENT] - INFO - 
2025-03-31 11:59:21 - [Cluster 0 - CLIENT] - INFO - 
2025-03-31 11:59:21 - [Cluster 0 - CLIENT] - INFO - Received: evaluate message df32c639-b4fc-4248-972a-3243cad0d493
2025-03-31 11:59:21 - [Cluster 0 - CLIENT] - INFO - Received: evaluate message b4d60117-54f1-49b3-9665-6dee910fa9e6
2025-03-31 11:59:21 - [Cluster 0 - CLIENT] - INFO - [Store 329] Evaluation - Loss: 0.2846, MAE: 0.3595
2025-03-31 11:59:21 - [Cluster 0 - CLIENT] - INFO - Sent reply
2025-03-31 11:59:21 - [Cluster 0 - CLIENT] - INFO - 
2025-03-31 11:59:21 - [Cluster 0 - CLIENT] - INFO - Received: evaluate message 8dc66d9d-e214-43bf-b43f-eeaa1e7e0291
2025-03-31 11:59:21 - [Cluster 0 - CLIENT] - INFO - [Store 418] Evaluation - Loss: 0.3478, MAE: 0.4017
2025-03-31 11:59:21 - [Cluster 0 - CLIENT] - INFO - Sent reply
2025-03-31 11:59:21 - [Cluster 0 - CLIENT] - INFO - 
2025-03-31 11:59:21 - [Cluster 0 - CLIENT] - INFO - Received: evaluate message aca9faf2-6088-4676-a9f0-d1815fcc5915
2025-03-31 11:59:21 - [Cluster 0 - CLIENT] - INFO - [Store 242] Evaluation - Loss: 0.2856, MAE: 0.3947
2025-03-31 11:59:21 - [Cluster 0 - CLIENT] - INFO - Sent reply
2025-03-31 11:59:21 - [Cluster 0 - CLIENT] - INFO - 
2025-03-31 11:59:21 - [Cluster 0 - CLIENT] - INFO - Received: evaluate message ac69cc3c-4885-481c-a8c5-7b87554c33f7
2025-03-31 11:59:21 - [Cluster 0 - CLIENT] - INFO - [Store 75] Evaluation - Loss: 0.2577, MAE: 0.3231
2025-03-31 11:59:21 - [Cluster 0 - CLIENT] - INFO - Sent reply
2025-03-31 11:59:21 - [Cluster 0 - CLIENT] - INFO - [Store 451] Evaluation - Loss: 0.3359, MAE: 0.3723
2025-03-31 11:59:21 - [Cluster 0 - CLIENT] - INFO - Sent reply
2025-03-31 11:59:21 - [Cluster 0 - CLIENT] - INFO - [Store 47] Evaluation - Loss: 0.2836, MAE: 0.3430
2025-03-31 11:59:21 - [Cluster 0 - CLIENT] - INFO - Sent reply
2025-03-31 11:59:21 - [Cluster 0 - CLIENT] - INFO - 
2025-03-31 11:59:21 - [Cluster 0 - CLIENT] - INFO - Received: evaluate message 91826c9a-e013-45a9-948c-9751f114dae0
2025-03-31 11:59:21 - [Cluster 0 - CLIENT] - INFO - 
2025-03-31 11:59:21 - [Cluster 0 - CLIENT] - INFO - Received: evaluate message 836a9b11-9a0f-4c73-a23f-350173be2cdb
2025-03-31 11:59:21 - [Cluster 0 - CLIENT] - INFO - 
2025-03-31 11:59:21 - [Cluster 0 - CLIENT] - INFO - Received: evaluate message eaf87121-2977-41a1-890a-bf64218c6122
2025-03-31 11:59:21 - [Cluster 0 - CLIENT] - INFO - [Store 857] Evaluation - Loss: 0.4134, MAE: 0.4312
2025-03-31 11:59:21 - [Cluster 0 - CLIENT] - INFO - Sent reply
2025-03-31 11:59:21 - [Cluster 0 - CLIENT] - INFO - [Store 447] Evaluation - Loss: 0.2379, MAE: 0.3062
2025-03-31 11:59:21 - [Cluster 0 - CLIENT] - INFO - 
2025-03-31 11:59:21 - [Cluster 0 - CLIENT] - INFO - Sent reply
2025-03-31 11:59:21 - [Cluster 0 - CLIENT] - INFO - Received: evaluate message 4df2467d-97d8-4acb-8ba7-3f09654f059d
2025-03-31 11:59:21 - [Cluster 0 - CLIENT] - INFO - 
2025-03-31 11:59:21 - [Cluster 0 - CLIENT] - INFO - Received: evaluate message 0480262b-ff0e-476b-b5e0-7aae49debfc7
2025-03-31 11:59:21 - [Cluster 0 - CLIENT] - INFO - [Store 257] Evaluation - Loss: 0.2082, MAE: 0.2980
2025-03-31 11:59:21 - [Cluster 0 - CLIENT] - INFO - [Store 91] Evaluation - Loss: 0.2934, MAE: 0.4038
2025-03-31 11:59:21 - [Cluster 0 - CLIENT] - INFO - [Store 590] Evaluation - Loss: 0.3292, MAE: 0.3943
2025-03-31 11:59:21 - [Cluster 0 - CLIENT] - INFO - Sent reply
2025-03-31 11:59:21 - [Cluster 0 - CLIENT] - INFO - Sent reply
2025-03-31 11:59:21 - [Cluster 0 - CLIENT] - INFO - Sent reply
2025-03-31 11:59:21 - [Cluster 0 - CLIENT] - INFO - [Store 294] Evaluation - Loss: 0.3121, MAE: 0.3905
2025-03-31 11:59:21 - [Cluster 0 - CLIENT] - INFO - Sent reply
2025-03-31 11:59:21 - [Cluster 0 - CLIENT] - INFO - 
2025-03-31 11:59:21 - [Cluster 0 - CLIENT] - INFO - Received: evaluate message b5353b9f-1d9a-4489-8e00-b7e3feb9ffa2
2025-03-31 11:59:21 - [Cluster 0 - CLIENT] - INFO - 
2025-03-31 11:59:21 - [Cluster 0 - CLIENT] - INFO - Received: evaluate message e5219f26-50ff-48b3-ab67-106607626c06
2025-03-31 11:59:21 - [Cluster 0 - CLIENT] - INFO - 
2025-03-31 11:59:21 - [Cluster 0 - CLIENT] - INFO - Received: evaluate message 0df2dcc0-5274-4fd8-84a7-aebe7ea572f2
2025-03-31 11:59:21 - [Cluster 0 - CLIENT] - INFO - 
2025-03-31 11:59:21 - [Cluster 0 - CLIENT] - INFO - Received: evaluate message 43740626-3a80-4960-a2e0-a2489fb43fc7
2025-03-31 11:59:21 - [Cluster 0 - CLIENT] - INFO - [Store 142] Evaluation - Loss: 0.2853, MAE: 0.3397
2025-03-31 11:59:21 - [Cluster 0 - CLIENT] - INFO - Sent reply
2025-03-31 11:59:21 - [Cluster 0 - CLIENT] - INFO - 
2025-03-31 11:59:21 - [Cluster 0 - CLIENT] - INFO - Received: evaluate message 8c2181c7-559c-4d76-811d-ddb23328ab58
2025-03-31 11:59:22 - [Cluster 0 - CLIENT] - INFO - [Store 328] Evaluation - Loss: 0.2654, MAE: 0.3364
2025-03-31 11:59:22 - [Cluster 0 - CLIENT] - INFO - Sent reply
2025-03-31 11:59:22 - [Cluster 0 - CLIENT] - INFO - [Store 314] Evaluation - Loss: 0.2414, MAE: 0.3199
2025-03-31 11:59:22 - [Cluster 0 - CLIENT] - INFO - Sent reply
2025-03-31 11:59:22 - [Cluster 0 - CLIENT] - INFO - [Store 313] Evaluation - Loss: 0.2366, MAE: 0.3394
2025-03-31 11:59:22 - [Cluster 0 - CLIENT] - INFO - Sent reply
2025-03-31 11:59:22 - [Cluster 0 - CLIENT] - INFO - [Store 489] Evaluation - Loss: 0.2397, MAE: 0.3620
2025-03-31 11:59:22 - [Cluster 0 - CLIENT] - INFO - Sent reply
2025-03-31 11:59:22 - [Cluster 0 - CLIENT] - INFO - [Store 111] Evaluation - Loss: 0.2721, MAE: 0.3403
2025-03-31 11:59:22 - [Cluster 0 - CLIENT] - INFO - Sent reply
2025-03-31 11:59:22 - [Cluster 0 - CLIENT] - INFO - [Store 812] Evaluation - Loss: 0.2122, MAE: 0.3169
2025-03-31 11:59:22 - [Cluster 0 - CLIENT] - INFO - [Store 848] Evaluation - Loss: 0.2298, MAE: 0.3145
2025-03-31 11:59:22 - [Cluster 0 - CLIENT] - INFO - [Store 689] Evaluation - Loss: 0.2479, MAE: 0.3224
2025-03-31 11:59:22 - [Cluster 0 - CLIENT] - INFO - [Store 1048] Evaluation - Loss: 0.3248, MAE: 0.3744
2025-03-31 11:59:22 - [Cluster 0 - CLIENT] - INFO - Sent reply
2025-03-31 11:59:22 - [Cluster 0 - CLIENT] - INFO - Sent reply
2025-03-31 11:59:22 - [Cluster 0 - CLIENT] - INFO - Sent reply
2025-03-31 11:59:22 - [Cluster 0 - CLIENT] - INFO - Sent reply
2025-03-31 11:59:22 - [Cluster 0 - CLIENT] - INFO - [Store 201] Evaluation - Loss: 0.3062, MAE: 0.3733
2025-03-31 11:59:22 - [Cluster 0 - CLIENT] - INFO - Sent reply
2025-03-31 11:59:23 - [Cluster 0 - CLIENT] - INFO - [Store 811] Evaluation - Loss: 0.2253, MAE: 0.2963
2025-03-31 11:59:23 - [Cluster 0 - CLIENT] - INFO - Sent reply
2025-03-31 11:59:23 - [Cluster 0 - CLIENT] - INFO - [Store 639] Evaluation - Loss: 0.2461, MAE: 0.3341
2025-03-31 11:59:23 - [Cluster 0 - CLIENT] - INFO - Sent reply
2025-03-31 11:59:23 - [Cluster 0 - CLIENT] - INFO - [Store 588] Evaluation - Loss: 0.2376, MAE: 0.3144
2025-03-31 11:59:23 - [Cluster 0 - CLIENT] - INFO - Sent reply
2025-03-31 11:59:23 - [Cluster 0 - CLIENT] - INFO - [Store 300] Evaluation - Loss: 0.3845, MAE: 0.4128
2025-03-31 11:59:23 - [Cluster 0 - CLIENT] - INFO - Sent reply
2025-03-31 11:59:23 - [Cluster 0 - CLIENT] - INFO - [Store 327] Evaluation - Loss: 0.2671, MAE: 0.3355
2025-03-31 11:59:23 - [Cluster 0 - CLIENT] - INFO - Sent reply
2025-03-31 11:59:23 - [Cluster 0 - CLIENT] - INFO - 
2025-03-31 11:59:23 - [Cluster 0 - CLIENT] - INFO - 
2025-03-31 11:59:23 - [Cluster 0 - CLIENT] - INFO - Received: train message f04cee21-c33f-4f6f-9a3a-f3246368256a
2025-03-31 11:59:23 - [Cluster 0 - CLIENT] - INFO - Received: train message 970a4e7a-b60c-4f95-9b4e-268ac0205136
2025-03-31 11:59:23 - [Cluster 0 - CLIENT] - INFO - 
2025-03-31 11:59:23 - [Cluster 0 - CLIENT] - INFO - Received: train message 41147841-eb94-4f9a-8667-e3d8f10274b8
2025-03-31 11:59:23 - [Cluster 0 - CLIENT] - INFO - 
2025-03-31 11:59:23 - [Cluster 0 - CLIENT] - INFO - Received: train message f3ef6eeb-ce3e-47d9-bf04-1e3f7a9be28f
2025-03-31 11:59:23 - [Cluster 0 - CLIENT] - INFO - 
2025-03-31 11:59:23 - [Cluster 0 - CLIENT] - INFO - Received: train message 4473a3ed-0853-46f8-b610-ae7cb66a387f
2025-03-31 11:59:23 - [Cluster 0 - CLIENT] - INFO - 
2025-03-31 11:59:23 - [Cluster 0 - CLIENT] - INFO - Received: train message d7562ff9-458a-4b87-bfe5-b1217577138c
2025-03-31 11:59:23 - [Cluster 0 - CLIENT] - INFO - 
2025-03-31 11:59:23 - [Cluster 0 - CLIENT] - INFO - Received: train message 40629f6f-b582-4171-8ad1-93027f079afc
2025-03-31 11:59:23 - [Cluster 0 - CLIENT] - INFO - [Store 639] Starting local training.
2025-03-31 11:59:23 - [Cluster 0 - CLIENT] - INFO - 
2025-03-31 11:59:23 - [Cluster 0 - CLIENT] - INFO - Received: train message 517fcc3b-c7b9-407e-bf11-4884ed792313
2025-03-31 11:59:23 - [Cluster 0 - CLIENT] - INFO - 
2025-03-31 11:59:23 - [Cluster 0 - CLIENT] - INFO - Received: train message de319480-024c-4267-8f78-4b077e0a32d3
2025-03-31 11:59:23 - [Cluster 0 - CLIENT] - INFO - [Store 201] Starting local training.
2025-03-31 11:59:23 - [Cluster 0 - CLIENT] - INFO - 
2025-03-31 11:59:23 - [Cluster 0 - CLIENT] - INFO - Received: train message 9bc87040-dc02-49da-8bbe-52a6a89c316b
2025-03-31 11:59:23 - [Cluster 0 - CLIENT] - INFO - 
2025-03-31 11:59:23 - [Cluster 0 - CLIENT] - INFO - Received: train message 41b227cc-7c80-4022-923f-22bdde5f5be4
2025-03-31 11:59:23 - [Cluster 0 - CLIENT] - INFO - 
2025-03-31 11:59:23 - [Cluster 0 - CLIENT] - INFO - Received: train message 94c00299-1510-4cc0-af7c-10ca814ed314
2025-03-31 11:59:23 - [Cluster 0 - CLIENT] - INFO - [Store 489] Starting local training.
2025-03-31 11:59:23 - [Cluster 0 - CLIENT] - INFO - 
2025-03-31 11:59:23 - [Cluster 0 - CLIENT] - INFO - Received: train message 5bf72ddb-ff41-48bf-b57e-9320d893fcad
2025-03-31 11:59:23 - [Cluster 0 - CLIENT] - INFO - [Store 848] Starting local training.
2025-03-31 11:59:23 - [Cluster 0 - CLIENT] - INFO - [Store 328] Starting local training.
2025-03-31 11:59:23 - [Cluster 0 - CLIENT] - INFO - [Store 329] Starting local training.
2025-03-31 11:59:23 - [Cluster 0 - CLIENT] - INFO - [Store 257] Starting local training.
2025-03-31 11:59:23 - [Cluster 0 - CLIENT] - INFO - [Store 592] Starting local training.
2025-03-31 11:59:23 - [Cluster 0 - CLIENT] - INFO - [Store 857] Starting local training.
2025-03-31 11:59:23 - [Cluster 0 - CLIENT] - INFO - 
2025-03-31 11:59:23 - [Cluster 0 - CLIENT] - INFO - Received: train message 9a6b6081-284c-406f-8896-baf94982c91d
2025-03-31 11:59:23 - [Cluster 0 - CLIENT] - INFO - 
2025-03-31 11:59:23 - [Cluster 0 - CLIENT] - INFO - Received: train message 412ad4ab-5282-4fc4-9d3e-4285d8aed33f
2025-03-31 11:59:23 - [Cluster 0 - CLIENT] - INFO - [Store 313] Starting local training.
2025-03-31 11:59:23 - [Cluster 0 - CLIENT] - INFO - [Store 294] Starting local training.
2025-03-31 11:59:23 - [Cluster 0 - CLIENT] - INFO - [Store 451] Starting local training.
2025-03-31 11:59:23 - [Cluster 0 - CLIENT] - INFO - [Store 812] Starting local training.
2025-03-31 11:59:23 - [Cluster 0 - CLIENT] - INFO - [Store 418] Starting local training.
2025-03-31 11:59:23 - [Cluster 0 - CLIENT] - INFO - [Store 300] Starting local training.
2025-03-31 12:03:15 - [Cluster 0 - CLIENT] - INFO - [Store 257] Local training complete.
2025-03-31 12:03:15 - [Cluster 0 - CLIENT] - INFO - Sent reply
2025-03-31 12:03:15 - [Cluster 0 - CLIENT] - INFO - 
2025-03-31 12:03:15 - [Cluster 0 - CLIENT] - INFO - Received: train message 08dfad14-0b03-49e1-862b-c3cd5a599a4c
2025-03-31 12:03:15 - [Cluster 0 - CLIENT] - INFO - [Store 47] Starting local training.
2025-03-31 12:03:15 - [Cluster 0 - CLIENT] - INFO - [Store 329] Local training complete.
2025-03-31 12:03:15 - [Cluster 0 - CLIENT] - INFO - Sent reply
2025-03-31 12:03:15 - [Cluster 0 - CLIENT] - INFO - 
2025-03-31 12:03:15 - [Cluster 0 - CLIENT] - INFO - Received: train message 39a1cdc5-178f-4f6d-8d73-d09926d6071b
2025-03-31 12:03:15 - [Cluster 0 - CLIENT] - INFO - [Store 242] Starting local training.
2025-03-31 12:03:19 - [Cluster 0 - CLIENT] - INFO - [Store 848] Local training complete.
2025-03-31 12:03:19 - [Cluster 0 - CLIENT] - INFO - Sent reply
2025-03-31 12:03:19 - [Cluster 0 - CLIENT] - INFO - 
2025-03-31 12:03:19 - [Cluster 0 - CLIENT] - INFO - Received: train message 3464e586-4501-436f-92bb-199a392a8a99
2025-03-31 12:03:19 - [Cluster 0 - CLIENT] - INFO - [Store 75] Starting local training.
2025-03-31 12:03:20 - [Cluster 0 - CLIENT] - INFO - [Store 812] Local training complete.
2025-03-31 12:03:20 - [Cluster 0 - CLIENT] - INFO - Sent reply
2025-03-31 12:03:20 - [Cluster 0 - CLIENT] - INFO - 
2025-03-31 12:03:20 - [Cluster 0 - CLIENT] - INFO - Received: train message 28efd289-5982-43cf-84ae-af7d9d2f54ab
2025-03-31 12:03:20 - [Cluster 0 - CLIENT] - INFO - [Store 142] Starting local training.
2025-03-31 12:03:21 - [Cluster 0 - CLIENT] - INFO - [Store 857] Local training complete.
2025-03-31 12:03:21 - [Cluster 0 - CLIENT] - INFO - Sent reply
2025-03-31 12:03:21 - [Cluster 0 - CLIENT] - INFO - 
2025-03-31 12:03:21 - [Cluster 0 - CLIENT] - INFO - Received: train message b73b20a2-d6b5-4643-85c7-ca34789b386f
2025-03-31 12:03:21 - [Cluster 0 - CLIENT] - INFO - [Store 451] Local training complete.
2025-03-31 12:03:21 - [Cluster 0 - CLIENT] - INFO - [Store 111] Starting local training.
2025-03-31 12:03:21 - [Cluster 0 - CLIENT] - INFO - Sent reply
2025-03-31 12:03:21 - [Cluster 0 - CLIENT] - INFO - 
2025-03-31 12:03:21 - [Cluster 0 - CLIENT] - INFO - Received: train message 113d2e8a-a6fb-447b-8ada-a727aa260d3d
2025-03-31 12:03:21 - [Cluster 0 - CLIENT] - INFO - [Store 294] Local training complete.
2025-03-31 12:03:21 - [Cluster 0 - CLIENT] - INFO - Sent reply
2025-03-31 12:03:21 - [Cluster 0 - CLIENT] - INFO - 
2025-03-31 12:03:21 - [Cluster 0 - CLIENT] - INFO - Received: train message 68d8e2a3-a4af-4aeb-98b8-f63fd143c8a3
2025-03-31 12:03:21 - [Cluster 0 - CLIENT] - INFO - [Store 811] Starting local training.
2025-03-31 12:03:21 - [Cluster 0 - CLIENT] - INFO - [Store 91] Starting local training.
2025-03-31 12:03:21 - [Cluster 0 - CLIENT] - INFO - [Store 418] Local training complete.
2025-03-31 12:03:22 - [Cluster 0 - CLIENT] - INFO - [Store 313] Local training complete.
2025-03-31 12:03:22 - [Cluster 0 - CLIENT] - INFO - Sent reply
2025-03-31 12:03:22 - [Cluster 0 - CLIENT] - INFO - 
2025-03-31 12:03:22 - [Cluster 0 - CLIENT] - INFO - Received: train message 283f3821-27a8-4a96-93d4-c65fb675131d
2025-03-31 12:03:22 - [Cluster 0 - CLIENT] - INFO - Sent reply
2025-03-31 12:03:22 - [Cluster 0 - CLIENT] - INFO - 
2025-03-31 12:03:22 - [Cluster 0 - CLIENT] - INFO - Received: train message 547b607e-6c91-48c8-9a58-4492efbebc50
2025-03-31 12:03:22 - [Cluster 0 - CLIENT] - INFO - [Store 689] Starting local training.
2025-03-31 12:03:22 - [Cluster 0 - CLIENT] - INFO - [Store 201] Local training complete.
2025-03-31 12:03:22 - [Cluster 0 - CLIENT] - INFO - Sent reply
2025-03-31 12:03:22 - [Cluster 0 - CLIENT] - INFO - 
2025-03-31 12:03:22 - [Cluster 0 - CLIENT] - INFO - Received: train message a6507a09-3e9a-4ddd-a8fd-4459da179c0c
2025-03-31 12:03:22 - [Cluster 0 - CLIENT] - INFO - [Store 314] Starting local training.
2025-03-31 12:03:22 - [Cluster 0 - CLIENT] - INFO - [Store 529] Starting local training.
2025-03-31 12:03:24 - [Cluster 0 - CLIENT] - INFO - [Store 592] Local training complete.
2025-03-31 12:03:24 - [Cluster 0 - CLIENT] - INFO - Sent reply
2025-03-31 12:03:24 - [Cluster 0 - CLIENT] - INFO - 
2025-03-31 12:03:24 - [Cluster 0 - CLIENT] - INFO - Received: train message 4602cbe8-6a49-4bda-a1ec-5ea677c5359a
2025-03-31 12:03:25 - [Cluster 0 - CLIENT] - INFO - [Store 590] Starting local training.
2025-03-31 12:03:25 - [Cluster 0 - CLIENT] - INFO - [Store 328] Local training complete.
2025-03-31 12:03:25 - [Cluster 0 - CLIENT] - INFO - Sent reply
2025-03-31 12:03:25 - [Cluster 0 - CLIENT] - INFO - 
2025-03-31 12:03:25 - [Cluster 0 - CLIENT] - INFO - Received: train message ffc7484a-0909-4cc3-a372-745a1814d914
2025-03-31 12:03:25 - [Cluster 0 - CLIENT] - INFO - [Store 639] Local training complete.
2025-03-31 12:03:25 - [Cluster 0 - CLIENT] - INFO - Sent reply
2025-03-31 12:03:25 - [Cluster 0 - CLIENT] - INFO - [Store 588] Starting local training.
2025-03-31 12:03:25 - [Cluster 0 - CLIENT] - INFO - 
2025-03-31 12:03:25 - [Cluster 0 - CLIENT] - INFO - Received: train message a5f9682f-f109-4b73-95e1-6ffe2977771f
2025-03-31 12:03:25 - [Cluster 0 - CLIENT] - INFO - [Store 327] Starting local training.
2025-03-31 12:03:26 - [Cluster 0 - CLIENT] - INFO - [Store 489] Local training complete.
2025-03-31 12:03:26 - [Cluster 0 - CLIENT] - INFO - Sent reply
2025-03-31 12:03:26 - [Cluster 0 - CLIENT] - INFO - 
2025-03-31 12:03:26 - [Cluster 0 - CLIENT] - INFO - Received: train message 2ed71cc0-45d9-4904-aee5-62f3f30766a3
2025-03-31 12:03:27 - [Cluster 0 - CLIENT] - INFO - [Store 447] Starting local training.
2025-03-31 12:03:44 - [Cluster 0 - CLIENT] - INFO - [Store 300] Local training complete.
2025-03-31 12:03:44 - [Cluster 0 - CLIENT] - INFO - Sent reply
2025-03-31 12:03:44 - [Cluster 0 - CLIENT] - INFO - 
2025-03-31 12:03:44 - [Cluster 0 - CLIENT] - INFO - Received: train message a60b63dc-7d94-4ad8-92d2-9bf399c17534
2025-03-31 12:03:44 - [Cluster 0 - CLIENT] - INFO - [Store 1048] Starting local training.
2025-03-31 12:07:24 - [Cluster 0 - CLIENT] - INFO - [Store 47] Local training complete.
2025-03-31 12:07:24 - [Cluster 0 - CLIENT] - INFO - Sent reply
2025-03-31 12:07:28 - [Cluster 0 - CLIENT] - INFO - [Store 242] Local training complete.
2025-03-31 12:07:28 - [Cluster 0 - CLIENT] - INFO - Sent reply
2025-03-31 12:07:29 - [Cluster 0 - CLIENT] - INFO - [Store 75] Local training complete.
2025-03-31 12:07:29 - [Cluster 0 - CLIENT] - INFO - Sent reply
2025-03-31 12:07:32 - [Cluster 0 - CLIENT] - INFO - [Store 91] Local training complete.
2025-03-31 12:07:32 - [Cluster 0 - CLIENT] - INFO - [Store 314] Local training complete.
2025-03-31 12:07:32 - [Cluster 0 - CLIENT] - INFO - Sent reply
2025-03-31 12:07:32 - [Cluster 0 - CLIENT] - INFO - Sent reply
2025-03-31 12:07:33 - [Cluster 0 - CLIENT] - INFO - [Store 111] Local training complete.
2025-03-31 12:07:33 - [Cluster 0 - CLIENT] - INFO - Sent reply
2025-03-31 12:07:34 - [Cluster 0 - CLIENT] - INFO - [Store 689] Local training complete.
2025-03-31 12:07:34 - [Cluster 0 - CLIENT] - INFO - [Store 142] Local training complete.
2025-03-31 12:07:34 - [Cluster 0 - CLIENT] - INFO - Sent reply
2025-03-31 12:07:34 - [Cluster 0 - CLIENT] - INFO - Sent reply
2025-03-31 12:07:34 - [Cluster 0 - CLIENT] - INFO - [Store 590] Local training complete.
2025-03-31 12:07:34 - [Cluster 0 - CLIENT] - INFO - Sent reply
2025-03-31 12:07:36 - [Cluster 0 - CLIENT] - INFO - [Store 327] Local training complete.
2025-03-31 12:07:36 - [Cluster 0 - CLIENT] - INFO - Sent reply
2025-03-31 12:07:36 - [Cluster 0 - CLIENT] - INFO - [Store 447] Local training complete.
2025-03-31 12:07:36 - [Cluster 0 - CLIENT] - INFO - Sent reply
2025-03-31 12:07:36 - [Cluster 0 - CLIENT] - INFO - [Store 811] Local training complete.
2025-03-31 12:07:36 - [Cluster 0 - CLIENT] - INFO - Sent reply
2025-03-31 12:07:37 - [Cluster 0 - CLIENT] - INFO - [Store 529] Local training complete.
2025-03-31 12:07:37 - [Cluster 0 - CLIENT] - INFO - Sent reply
2025-03-31 12:07:39 - [Cluster 0 - CLIENT] - INFO - [Store 588] Local training complete.
2025-03-31 12:07:39 - [Cluster 0 - CLIENT] - INFO - Sent reply
2025-03-31 12:07:39 - [Cluster 0 - CLIENT] - INFO - [Store 1048] Local training complete.
2025-03-31 12:07:39 - [Cluster 0 - CLIENT] - INFO - Sent reply
2025-03-31 12:07:39 - [Cluster 0 - CLIENT] - INFO - 
2025-03-31 12:07:39 - [Cluster 0 - CLIENT] - INFO - Received: evaluate message d5e538d1-6573-4edd-b75e-877944cae0c3
2025-03-31 12:07:39 - [Cluster 0 - CLIENT] - INFO - 
2025-03-31 12:07:39 - [Cluster 0 - CLIENT] - INFO - Received: evaluate message 530fd596-4856-43b6-b182-8fad2bf88261
2025-03-31 12:07:39 - [Cluster 0 - CLIENT] - INFO - 
2025-03-31 12:07:39 - [Cluster 0 - CLIENT] - INFO - Received: evaluate message c5bb2bbb-9a71-446c-9d69-5f74f6b5f446
2025-03-31 12:07:39 - [Cluster 0 - CLIENT] - INFO - 
2025-03-31 12:07:39 - [Cluster 0 - CLIENT] - INFO - Received: evaluate message 5a189a65-0d3f-464a-8276-10626de0198c
2025-03-31 12:07:39 - [Cluster 0 - CLIENT] - INFO - 
2025-03-31 12:07:39 - [Cluster 0 - CLIENT] - INFO - Received: evaluate message 0247fc48-2c27-4182-8ff1-233be31c5dbe
2025-03-31 12:07:39 - [Cluster 0 - CLIENT] - INFO - 
2025-03-31 12:07:39 - [Cluster 0 - CLIENT] - INFO - Received: evaluate message ee63e47e-5417-446f-b42b-97fdb46debd4
2025-03-31 12:07:39 - [Cluster 0 - CLIENT] - INFO - 
2025-03-31 12:07:39 - [Cluster 0 - CLIENT] - INFO - Received: evaluate message 31ed4003-a4d5-4125-aec4-ba718a99f68e
2025-03-31 12:07:39 - [Cluster 0 - CLIENT] - INFO - 
2025-03-31 12:07:39 - [Cluster 0 - CLIENT] - INFO - Received: evaluate message 1d35b25f-455c-4e71-b9b3-9317ec471f84
2025-03-31 12:07:39 - [Cluster 0 - CLIENT] - INFO - 
2025-03-31 12:07:39 - [Cluster 0 - CLIENT] - INFO - Received: evaluate message 2f9a14f6-e95b-4f79-9fed-a05bb66d7f33
2025-03-31 12:07:39 - [Cluster 0 - CLIENT] - INFO - 
2025-03-31 12:07:39 - [Cluster 0 - CLIENT] - INFO - 
2025-03-31 12:07:39 - [Cluster 0 - CLIENT] - INFO - Received: evaluate message 9b34ca1b-d853-4ecf-a056-8502d18ed4cd
2025-03-31 12:07:39 - [Cluster 0 - CLIENT] - INFO - Received: evaluate message 0de7ea46-150f-496f-b5e5-bda8a949c11d
2025-03-31 12:07:39 - [Cluster 0 - CLIENT] - INFO - 
2025-03-31 12:07:39 - [Cluster 0 - CLIENT] - INFO - 
2025-03-31 12:07:39 - [Cluster 0 - CLIENT] - INFO - Received: evaluate message 4722d681-5484-4850-bae5-b34f9724c6e3
2025-03-31 12:07:39 - [Cluster 0 - CLIENT] - INFO - Received: evaluate message 2a6b7aba-d3a5-4c52-b1b8-f3efa08ae03e
2025-03-31 12:07:39 - [Cluster 0 - CLIENT] - INFO - 
2025-03-31 12:07:39 - [Cluster 0 - CLIENT] - INFO - Received: evaluate message feba90f8-d7d4-428f-991e-cf8aaaf9a993
2025-03-31 12:07:39 - [Cluster 0 - CLIENT] - INFO - 
2025-03-31 12:07:39 - [Cluster 0 - CLIENT] - INFO - Received: evaluate message 189cc982-6c9b-4373-9ba7-7aef346051a0
2025-03-31 12:07:40 - [Cluster 0 - CLIENT] - INFO - [Store 811] Evaluation - Loss: 0.2149, MAE: 0.2794
2025-03-31 12:07:40 - [Cluster 0 - CLIENT] - INFO - Sent reply
2025-03-31 12:07:40 - [Cluster 0 - CLIENT] - INFO - [Store 529] Evaluation - Loss: 0.2339, MAE: 0.2904
2025-03-31 12:07:40 - [Cluster 0 - CLIENT] - INFO - Sent reply
2025-03-31 12:07:40 - [Cluster 0 - CLIENT] - INFO - [Store 91] Evaluation - Loss: 0.2726, MAE: 0.3651
2025-03-31 12:07:40 - [Cluster 0 - CLIENT] - INFO - Sent reply
2025-03-31 12:07:40 - [Cluster 0 - CLIENT] - INFO - 
2025-03-31 12:07:40 - [Cluster 0 - CLIENT] - INFO - Received: evaluate message 3a217dcd-2e7c-4b1c-a5c4-e763ddd9c618
2025-03-31 12:07:40 - [Cluster 0 - CLIENT] - INFO - 
2025-03-31 12:07:40 - [Cluster 0 - CLIENT] - INFO - Received: evaluate message b2dddc69-b8f3-44e4-a078-4d93add79358
2025-03-31 12:07:40 - [Cluster 0 - CLIENT] - INFO - 
2025-03-31 12:07:40 - [Cluster 0 - CLIENT] - INFO - Received: evaluate message 7a0466e2-cc2c-4e84-ba2c-b4f1f1aa083d
2025-03-31 12:07:40 - [Cluster 0 - CLIENT] - INFO - [Store 1048] Evaluation - Loss: 0.3202, MAE: 0.3613
2025-03-31 12:07:40 - [Cluster 0 - CLIENT] - INFO - Sent reply
2025-03-31 12:07:40 - [Cluster 0 - CLIENT] - INFO - [Store 418] Evaluation - Loss: 0.3342, MAE: 0.3741
2025-03-31 12:07:40 - [Cluster 0 - CLIENT] - INFO - [Store 639] Evaluation - Loss: 0.2234, MAE: 0.2958
2025-03-31 12:07:40 - [Cluster 0 - CLIENT] - INFO - Sent reply
2025-03-31 12:07:40 - [Cluster 0 - CLIENT] - INFO - [Store 590] Evaluation - Loss: 0.3281, MAE: 0.3812
2025-03-31 12:07:40 - [Cluster 0 - CLIENT] - INFO - Sent reply
2025-03-31 12:07:40 - [Cluster 0 - CLIENT] - INFO - Sent reply
2025-03-31 12:07:41 - [Cluster 0 - CLIENT] - INFO - [Store 294] Evaluation - Loss: 0.3025, MAE: 0.3721
2025-03-31 12:07:41 - [Cluster 0 - CLIENT] - INFO - [Store 848] Evaluation - Loss: 0.2191, MAE: 0.2911
2025-03-31 12:07:41 - [Cluster 0 - CLIENT] - INFO - [Store 592] Evaluation - Loss: 0.2669, MAE: 0.3365
2025-03-31 12:07:41 - [Cluster 0 - CLIENT] - INFO - Sent reply
2025-03-31 12:07:41 - [Cluster 0 - CLIENT] - INFO - Sent reply
2025-03-31 12:07:41 - [Cluster 0 - CLIENT] - INFO - [Store 489] Evaluation - Loss: 0.2165, MAE: 0.3302
2025-03-31 12:07:41 - [Cluster 0 - CLIENT] - INFO - Sent reply
2025-03-31 12:07:41 - [Cluster 0 - CLIENT] - INFO - Sent reply
2025-03-31 12:07:41 - [Cluster 0 - CLIENT] - INFO - [Store 300] Evaluation - Loss: 0.3889, MAE: 0.4073
2025-03-31 12:07:41 - [Cluster 0 - CLIENT] - INFO - Sent reply
2025-03-31 12:07:41 - [Cluster 0 - CLIENT] - INFO - 
2025-03-31 12:07:41 - [Cluster 0 - CLIENT] - INFO - Received: evaluate message f747cbb3-1e03-458a-b999-b59b0555b495
2025-03-31 12:07:41 - [Cluster 0 - CLIENT] - INFO - 
2025-03-31 12:07:41 - [Cluster 0 - CLIENT] - INFO - Received: evaluate message 397f9b63-f9d9-4ac2-86a8-a2bfd32b136b
2025-03-31 12:07:41 - [Cluster 0 - CLIENT] - INFO - [Store 329] Evaluation - Loss: 0.2704, MAE: 0.3353
2025-03-31 12:07:41 - [Cluster 0 - CLIENT] - INFO - Sent reply
2025-03-31 12:07:41 - [Cluster 0 - CLIENT] - INFO - 
2025-03-31 12:07:41 - [Cluster 0 - CLIENT] - INFO - Received: evaluate message 4d755e75-6047-43ff-bf6e-7f1a7d2f0501
2025-03-31 12:07:41 - [Cluster 0 - CLIENT] - INFO - 
2025-03-31 12:07:41 - [Cluster 0 - CLIENT] - INFO - Received: evaluate message 8b8820a6-1211-46fa-ad30-a5b346598502
2025-03-31 12:07:41 - [Cluster 0 - CLIENT] - INFO - [Store 257] Evaluation - Loss: 0.1913, MAE: 0.2660
2025-03-31 12:07:41 - [Cluster 0 - CLIENT] - INFO - Sent reply
2025-03-31 12:07:41 - [Cluster 0 - CLIENT] - INFO - [Store 47] Evaluation - Loss: 0.2841, MAE: 0.3338
2025-03-31 12:07:41 - [Cluster 0 - CLIENT] - INFO - 
2025-03-31 12:07:41 - [Cluster 0 - CLIENT] - INFO - Received: evaluate message ce29b185-fa8c-4634-aa8e-b9c598ed06a6
2025-03-31 12:07:41 - [Cluster 0 - CLIENT] - INFO - 
2025-03-31 12:07:41 - [Cluster 0 - CLIENT] - INFO - Received: evaluate message 1ad9b9e5-f99f-4fb0-9123-13d7dbee4934
2025-03-31 12:07:41 - [Cluster 0 - CLIENT] - INFO - Sent reply
2025-03-31 12:07:41 - [Cluster 0 - CLIENT] - INFO - 
2025-03-31 12:07:41 - [Cluster 0 - CLIENT] - INFO - Received: evaluate message 2bc38c81-ae15-48fa-add3-074867d23f46
2025-03-31 12:07:41 - [Cluster 0 - CLIENT] - INFO - 
2025-03-31 12:07:41 - [Cluster 0 - CLIENT] - INFO - Received: evaluate message 215dc561-3a34-4bc4-aeab-0eb09bbd3202
2025-03-31 12:07:41 - [Cluster 0 - CLIENT] - INFO - 
2025-03-31 12:07:41 - [Cluster 0 - CLIENT] - INFO - 
2025-03-31 12:07:41 - [Cluster 0 - CLIENT] - INFO - Received: evaluate message 509b7255-e47d-4b00-b48e-ffe888e94182
2025-03-31 12:07:41 - [Cluster 0 - CLIENT] - INFO - Received: evaluate message 16fe08b2-53b7-48ac-a528-126c43bcff63
2025-03-31 12:07:41 - [Cluster 0 - CLIENT] - INFO - 
2025-03-31 12:07:41 - [Cluster 0 - CLIENT] - INFO - Received: evaluate message 25c03560-7668-497d-9afa-8fc379ee8d37
2025-03-31 12:07:41 - [Cluster 0 - CLIENT] - INFO - 
2025-03-31 12:07:41 - [Cluster 0 - CLIENT] - INFO - Received: evaluate message 024c24ab-d4e4-4605-82ea-d3c1a6cddacf
2025-03-31 12:07:42 - [Cluster 0 - CLIENT] - INFO - [Store 142] Evaluation - Loss: 0.2766, MAE: 0.3178
2025-03-31 12:07:42 - [Cluster 0 - CLIENT] - INFO - Sent reply
2025-03-31 12:07:42 - [Cluster 0 - CLIENT] - INFO - [Store 451] Evaluation - Loss: 0.3347, MAE: 0.3633
2025-03-31 12:07:42 - [Cluster 0 - CLIENT] - INFO - Sent reply
2025-03-31 12:07:42 - [Cluster 0 - CLIENT] - INFO - [Store 857] Evaluation - Loss: 0.4234, MAE: 0.4243
2025-03-31 12:07:42 - [Cluster 0 - CLIENT] - INFO - Sent reply
2025-03-31 12:07:42 - [Cluster 0 - CLIENT] - INFO - [Store 313] Evaluation - Loss: 0.2188, MAE: 0.3071
2025-03-31 12:07:42 - [Cluster 0 - CLIENT] - INFO - Sent reply
2025-03-31 12:07:42 - [Cluster 0 - CLIENT] - INFO - [Store 689] Evaluation - Loss: 0.2273, MAE: 0.2843
2025-03-31 12:07:42 - [Cluster 0 - CLIENT] - INFO - Sent reply
2025-03-31 12:07:42 - [Cluster 0 - CLIENT] - INFO - [Store 327] Evaluation - Loss: 0.2614, MAE: 0.3166
2025-03-31 12:07:42 - [Cluster 0 - CLIENT] - INFO - Sent reply
2025-03-31 12:07:42 - [Cluster 0 - CLIENT] - INFO - [Store 111] Evaluation - Loss: 0.2645, MAE: 0.3216
2025-03-31 12:07:42 - [Cluster 0 - CLIENT] - INFO - Sent reply
2025-03-31 12:07:42 - [Cluster 0 - CLIENT] - INFO - [Store 242] Evaluation - Loss: 0.2669, MAE: 0.3621
2025-03-31 12:07:42 - [Cluster 0 - CLIENT] - INFO - Sent reply
2025-03-31 12:07:42 - [Cluster 0 - CLIENT] - INFO - [Store 314] Evaluation - Loss: 0.2260, MAE: 0.2928
2025-03-31 12:07:42 - [Cluster 0 - CLIENT] - INFO - [Store 447] Evaluation - Loss: 0.2407, MAE: 0.2987
2025-03-31 12:07:42 - [Cluster 0 - CLIENT] - INFO - Sent reply
2025-03-31 12:07:42 - [Cluster 0 - CLIENT] - INFO - Sent reply
2025-03-31 12:07:42 - [Cluster 0 - CLIENT] - INFO - [Store 812] Evaluation - Loss: 0.1927, MAE: 0.2812
2025-03-31 12:07:42 - [Cluster 0 - CLIENT] - INFO - Sent reply
2025-03-31 12:07:42 - [Cluster 0 - CLIENT] - INFO - [Store 588] Evaluation - Loss: 0.2321, MAE: 0.2990
2025-03-31 12:07:42 - [Cluster 0 - CLIENT] - INFO - Sent reply
2025-03-31 12:07:42 - [Cluster 0 - CLIENT] - INFO - [Store 75] Evaluation - Loss: 0.2546, MAE: 0.3073
2025-03-31 12:07:42 - [Cluster 0 - CLIENT] - INFO - Sent reply
2025-03-31 12:07:42 - [Cluster 0 - CLIENT] - INFO - [Store 201] Evaluation - Loss: 0.3011, MAE: 0.3610
2025-03-31 12:07:42 - [Cluster 0 - CLIENT] - INFO - Sent reply
2025-03-31 12:07:42 - [Cluster 0 - CLIENT] - INFO - [Store 328] Evaluation - Loss: 0.2520, MAE: 0.3129
2025-03-31 12:07:42 - [Cluster 0 - CLIENT] - INFO - Sent reply
2025-03-31 12:07:42 - [Cluster 0 - CLIENT] - INFO - 
2025-03-31 12:07:42 - [Cluster 0 - CLIENT] - INFO - Received: train message 7bd5d17e-b49c-4295-b140-84b7b36dae2e
2025-03-31 12:07:42 - [Cluster 0 - CLIENT] - INFO - 
2025-03-31 12:07:42 - [Cluster 0 - CLIENT] - INFO - Received: train message 90bba4bb-699e-4c9a-aebd-8fa007456570
2025-03-31 12:07:42 - [Cluster 0 - CLIENT] - INFO - 
2025-03-31 12:07:42 - [Cluster 0 - CLIENT] - INFO - Received: train message b8036516-979f-4d0a-af94-fccd80497003
2025-03-31 12:07:42 - [Cluster 0 - CLIENT] - INFO - 
2025-03-31 12:07:42 - [Cluster 0 - CLIENT] - INFO - Received: train message 7cda2fa0-1b70-4a5f-9ada-4940a2a00494
2025-03-31 12:07:42 - [Cluster 0 - CLIENT] - INFO - 
2025-03-31 12:07:42 - [Cluster 0 - CLIENT] - INFO - Received: train message 3862a646-b09e-4401-8ac5-4b37ce2d6e77
2025-03-31 12:07:42 - [Cluster 0 - CLIENT] - INFO - 
2025-03-31 12:07:42 - [Cluster 0 - CLIENT] - INFO - Received: train message 698d9cbb-deef-43eb-8d45-b796145d39e1
2025-03-31 12:07:42 - [Cluster 0 - CLIENT] - INFO - [Store 451] Starting local training.
2025-03-31 12:07:42 - [Cluster 0 - CLIENT] - INFO - 
2025-03-31 12:07:42 - [Cluster 0 - CLIENT] - INFO - Received: train message f69fb854-aed9-4f02-97a6-e811a228a479
2025-03-31 12:07:42 - [Cluster 0 - CLIENT] - INFO - 
2025-03-31 12:07:42 - [Cluster 0 - CLIENT] - INFO - Received: train message 6927bbf4-53fd-49f5-9b62-13b932c6a285
2025-03-31 12:07:42 - [Cluster 0 - CLIENT] - INFO - 
2025-03-31 12:07:42 - [Cluster 0 - CLIENT] - INFO - Received: train message fd94ebd9-82a5-464f-817b-baf2160585c6
2025-03-31 12:07:42 - [Cluster 0 - CLIENT] - INFO - 
2025-03-31 12:07:42 - [Cluster 0 - CLIENT] - INFO - Received: train message 4677897e-2337-433a-bf07-cdf6baf19e2a
2025-03-31 12:07:43 - [Cluster 0 - CLIENT] - INFO - [Store 142] Starting local training.
2025-03-31 12:07:43 - [Cluster 0 - CLIENT] - INFO - [Store 75] Starting local training.
2025-03-31 12:07:43 - [Cluster 0 - CLIENT] - INFO - [Store 811] Starting local training.
2025-03-31 12:07:43 - [Cluster 0 - CLIENT] - INFO - 
2025-03-31 12:07:43 - [Cluster 0 - CLIENT] - INFO - Received: train message 6eb2f0c2-09fc-4b12-b27f-ddcda9ad2b2d
2025-03-31 12:07:43 - [Cluster 0 - CLIENT] - INFO - [Store 848] Starting local training.
2025-03-31 12:07:43 - [Cluster 0 - CLIENT] - INFO - 
2025-03-31 12:07:43 - [Cluster 0 - CLIENT] - INFO - Received: train message b7e02db4-3cb9-4e75-8e80-504b0c4141d3
2025-03-31 12:07:43 - [Cluster 0 - CLIENT] - INFO - 
2025-03-31 12:07:43 - [Cluster 0 - CLIENT] - INFO - Received: train message f063bd1a-d129-42f4-9c59-b2ed951e7556
2025-03-31 12:07:43 - [Cluster 0 - CLIENT] - INFO - [Store 294] Starting local training.
2025-03-31 12:07:43 - [Cluster 0 - CLIENT] - INFO - 
2025-03-31 12:07:43 - [Cluster 0 - CLIENT] - INFO - Received: train message 17d6413d-9a71-4d51-8b6e-a214d7ea8707
2025-03-31 12:07:43 - [Cluster 0 - CLIENT] - INFO - [Store 242] Starting local training.
2025-03-31 12:07:43 - [Cluster 0 - CLIENT] - INFO - 
2025-03-31 12:07:43 - [Cluster 0 - CLIENT] - INFO - Received: train message 65f541fb-2e0b-418e-86ae-e67feabe36e3
2025-03-31 12:07:43 - [Cluster 0 - CLIENT] - INFO - [Store 689] Starting local training.
2025-03-31 12:07:43 - [Cluster 0 - CLIENT] - INFO - [Store 329] Starting local training.
2025-03-31 12:07:43 - [Cluster 0 - CLIENT] - INFO - [Store 592] Starting local training.
2025-03-31 12:07:43 - [Cluster 0 - CLIENT] - INFO - [Store 257] Starting local training.
2025-03-31 12:07:43 - [Cluster 0 - CLIENT] - INFO - [Store 91] Starting local training.
2025-03-31 12:07:43 - [Cluster 0 - CLIENT] - INFO - [Store 1048] Starting local training.
2025-03-31 12:07:43 - [Cluster 0 - CLIENT] - INFO - [Store 47] Starting local training.
2025-03-31 12:07:43 - [Cluster 0 - CLIENT] - INFO - [Store 529] Starting local training.
2025-03-31 12:11:43 - [Cluster 0 - CLIENT] - INFO - [Store 848] Local training complete.
2025-03-31 12:11:43 - [Cluster 0 - CLIENT] - INFO - Sent reply
2025-03-31 12:11:43 - [Cluster 0 - CLIENT] - INFO - 
2025-03-31 12:11:43 - [Cluster 0 - CLIENT] - INFO - Received: train message 4301f016-b338-463a-b501-85f8a5df0500
2025-03-31 12:11:43 - [Cluster 0 - CLIENT] - INFO - [Store 639] Starting local training.
2025-03-31 12:11:47 - [Cluster 0 - CLIENT] - INFO - [Store 257] Local training complete.
2025-03-31 12:11:47 - [Cluster 0 - CLIENT] - INFO - [Store 689] Local training complete.
2025-03-31 12:11:47 - [Cluster 0 - CLIENT] - INFO - Sent reply
2025-03-31 12:11:47 - [Cluster 0 - CLIENT] - INFO - 
2025-03-31 12:11:47 - [Cluster 0 - CLIENT] - INFO - Received: train message f7fcce6b-6b4f-480e-9222-d7a4e52dc90b
2025-03-31 12:11:47 - [Cluster 0 - CLIENT] - INFO - [Store 201] Starting local training.
2025-03-31 12:11:47 - [Cluster 0 - CLIENT] - INFO - Sent reply
2025-03-31 12:11:47 - [Cluster 0 - CLIENT] - INFO - 
2025-03-31 12:11:47 - [Cluster 0 - CLIENT] - INFO - Received: train message c4179346-562c-4318-9ee1-aa80867dcf86
2025-03-31 12:11:47 - [Cluster 0 - CLIENT] - INFO - [Store 418] Starting local training.
2025-03-31 12:11:48 - [Cluster 0 - CLIENT] - INFO - [Store 242] Local training complete.
2025-03-31 12:11:49 - [Cluster 0 - CLIENT] - INFO - Sent reply
2025-03-31 12:11:49 - [Cluster 0 - CLIENT] - INFO - 
2025-03-31 12:11:49 - [Cluster 0 - CLIENT] - INFO - Received: train message 11fefac8-ce5d-4cc5-a37d-89ab818f8e75
2025-03-31 12:11:49 - [Cluster 0 - CLIENT] - INFO - [Store 314] Starting local training.
2025-03-31 12:11:49 - [Cluster 0 - CLIENT] - INFO - [Store 329] Local training complete.
2025-03-31 12:11:50 - [Cluster 0 - CLIENT] - INFO - Sent reply
2025-03-31 12:11:50 - [Cluster 0 - CLIENT] - INFO - 
2025-03-31 12:11:50 - [Cluster 0 - CLIENT] - INFO - Received: train message 2e16cc80-1b76-4727-8467-98c1690c6c8b
2025-03-31 12:11:50 - [Cluster 0 - CLIENT] - INFO - [Store 111] Starting local training.
2025-03-31 12:11:50 - [Cluster 0 - CLIENT] - INFO - [Store 75] Local training complete.
2025-03-31 12:11:51 - [Cluster 0 - CLIENT] - INFO - Sent reply
2025-03-31 12:11:51 - [Cluster 0 - CLIENT] - INFO - 
2025-03-31 12:11:51 - [Cluster 0 - CLIENT] - INFO - Received: train message 5ad735d0-053e-482c-a8fa-fc0556377045
2025-03-31 12:11:51 - [Cluster 0 - CLIENT] - INFO - [Store 328] Starting local training.
2025-03-31 12:11:52 - [Cluster 0 - CLIENT] - INFO - [Store 451] Local training complete.
2025-03-31 12:11:52 - [Cluster 0 - CLIENT] - INFO - [Store 142] Local training complete.
2025-03-31 12:11:52 - [Cluster 0 - CLIENT] - INFO - Sent reply
2025-03-31 12:11:52 - [Cluster 0 - CLIENT] - INFO - 
2025-03-31 12:11:52 - [Cluster 0 - CLIENT] - INFO - Received: train message 1d51f00b-3220-4e66-9482-fc1f37973a66
2025-03-31 12:11:52 - [Cluster 0 - CLIENT] - INFO - [Store 489] Starting local training.
2025-03-31 12:11:52 - [Cluster 0 - CLIENT] - INFO - Sent reply
2025-03-31 12:11:52 - [Cluster 0 - CLIENT] - INFO - 
2025-03-31 12:11:52 - [Cluster 0 - CLIENT] - INFO - Received: train message 8e381d2d-c490-425d-be46-66701455b348
2025-03-31 12:11:52 - [Cluster 0 - CLIENT] - INFO - [Store 812] Starting local training.
2025-03-31 12:11:53 - [Cluster 0 - CLIENT] - INFO - [Store 294] Local training complete.
2025-03-31 12:11:53 - [Cluster 0 - CLIENT] - INFO - Sent reply
2025-03-31 12:11:53 - [Cluster 0 - CLIENT] - INFO - 
2025-03-31 12:11:53 - [Cluster 0 - CLIENT] - INFO - Received: train message d84cc534-de6b-4333-ad80-3ce303f067f8
2025-03-31 12:11:53 - [Cluster 0 - CLIENT] - INFO - [Store 588] Starting local training.
2025-03-31 12:11:54 - [Cluster 0 - CLIENT] - INFO - [Store 592] Local training complete.
2025-03-31 12:11:54 - [Cluster 0 - CLIENT] - INFO - Sent reply
2025-03-31 12:11:54 - [Cluster 0 - CLIENT] - INFO - 
2025-03-31 12:11:54 - [Cluster 0 - CLIENT] - INFO - Received: train message 4cbf0d20-0f8c-4f85-b5d5-6e479a089d74
2025-03-31 12:11:54 - [Cluster 0 - CLIENT] - INFO - [Store 300] Starting local training.
2025-03-31 12:11:55 - [Cluster 0 - CLIENT] - INFO - [Store 47] Local training complete.
2025-03-31 12:11:55 - [Cluster 0 - CLIENT] - INFO - Sent reply
2025-03-31 12:11:55 - [Cluster 0 - CLIENT] - INFO - 
2025-03-31 12:11:55 - [Cluster 0 - CLIENT] - INFO - Received: train message 1b4767dc-25d5-4876-9265-3945981dabcd
2025-03-31 12:11:55 - [Cluster 0 - CLIENT] - INFO - [Store 327] Starting local training.
2025-03-31 12:11:55 - [Cluster 0 - CLIENT] - INFO - [Store 811] Local training complete.
2025-03-31 12:11:56 - [Cluster 0 - CLIENT] - INFO - Sent reply
2025-03-31 12:11:56 - [Cluster 0 - CLIENT] - INFO - 
2025-03-31 12:11:56 - [Cluster 0 - CLIENT] - INFO - Received: train message c16c4655-e6a9-4cdd-810a-26e8c25602e7
2025-03-31 12:11:56 - [Cluster 0 - CLIENT] - INFO - [Store 313] Starting local training.
2025-03-31 12:11:56 - [Cluster 0 - CLIENT] - INFO - [Store 91] Local training complete.
2025-03-31 12:11:56 - [Cluster 0 - CLIENT] - INFO - Sent reply
2025-03-31 12:11:56 - [Cluster 0 - CLIENT] - INFO - 
2025-03-31 12:11:56 - [Cluster 0 - CLIENT] - INFO - Received: train message ce39ada7-031c-4d5f-9893-2ead70dfe173
2025-03-31 12:11:56 - [Cluster 0 - CLIENT] - INFO - [Store 590] Starting local training.
2025-03-31 12:11:57 - [Cluster 0 - CLIENT] - INFO - [Store 1048] Local training complete.
2025-03-31 12:11:58 - [Cluster 0 - CLIENT] - INFO - Sent reply
2025-03-31 12:11:58 - [Cluster 0 - CLIENT] - INFO - 
2025-03-31 12:11:58 - [Cluster 0 - CLIENT] - INFO - Received: train message bb7df2c8-e027-4208-a7f4-7a96547f461c
2025-03-31 12:11:58 - [Cluster 0 - CLIENT] - INFO - [Store 857] Starting local training.
2025-03-31 12:12:11 - [Cluster 0 - CLIENT] - INFO - [Store 529] Local training complete.
2025-03-31 12:12:11 - [Cluster 0 - CLIENT] - INFO - Sent reply
2025-03-31 12:12:11 - [Cluster 0 - CLIENT] - INFO - 
2025-03-31 12:12:11 - [Cluster 0 - CLIENT] - INFO - Received: train message 5cbfbe7c-1559-4522-bb10-256b2a546d71
2025-03-31 12:12:11 - [Cluster 0 - CLIENT] - INFO - [Store 447] Starting local training.
2025-03-31 12:15:46 - [Cluster 0 - CLIENT] - INFO - [Store 201] Local training complete.
2025-03-31 12:15:46 - [Cluster 0 - CLIENT] - INFO - Sent reply
2025-03-31 12:15:48 - [Cluster 0 - CLIENT] - INFO - [Store 111] Local training complete.
2025-03-31 12:15:48 - [Cluster 0 - CLIENT] - INFO - Sent reply
2025-03-31 12:15:50 - [Cluster 0 - CLIENT] - INFO - [Store 314] Local training complete.
2025-03-31 12:15:50 - [Cluster 0 - CLIENT] - INFO - Sent reply
2025-03-31 12:15:50 - [Cluster 0 - CLIENT] - INFO - [Store 639] Local training complete.
2025-03-31 12:15:50 - [Cluster 0 - CLIENT] - INFO - Sent reply
2025-03-31 12:15:51 - [Cluster 0 - CLIENT] - INFO - [Store 588] Local training complete.
2025-03-31 12:15:51 - [Cluster 0 - CLIENT] - INFO - Sent reply
2025-03-31 12:15:52 - [Cluster 0 - CLIENT] - INFO - [Store 300] Local training complete.
2025-03-31 12:15:52 - [Cluster 0 - CLIENT] - INFO - Sent reply
2025-03-31 12:15:52 - [Cluster 0 - CLIENT] - INFO - [Store 328] Local training complete.
2025-03-31 12:15:52 - [Cluster 0 - CLIENT] - INFO - Sent reply
2025-03-31 12:15:53 - [Cluster 0 - CLIENT] - INFO - [Store 489] Local training complete.
2025-03-31 12:15:53 - [Cluster 0 - CLIENT] - INFO - [Store 812] Local training complete.
2025-03-31 12:15:53 - [Cluster 0 - CLIENT] - INFO - Sent reply
2025-03-31 12:15:54 - [Cluster 0 - CLIENT] - INFO - Sent reply
2025-03-31 12:15:55 - [Cluster 0 - CLIENT] - INFO - [Store 327] Local training complete.
2025-03-31 12:15:55 - [Cluster 0 - CLIENT] - INFO - Sent reply
2025-03-31 12:15:55 - [Cluster 0 - CLIENT] - INFO - [Store 857] Local training complete.
2025-03-31 12:15:55 - [Cluster 0 - CLIENT] - INFO - [Store 590] Local training complete.
2025-03-31 12:15:55 - [Cluster 0 - CLIENT] - INFO - Sent reply
2025-03-31 12:15:55 - [Cluster 0 - CLIENT] - INFO - Sent reply
2025-03-31 12:15:55 - [Cluster 0 - CLIENT] - INFO - [Store 313] Local training complete.
2025-03-31 12:15:55 - [Cluster 0 - CLIENT] - INFO - Sent reply
2025-03-31 12:15:56 - [Cluster 0 - CLIENT] - INFO - [Store 418] Local training complete.
2025-03-31 12:15:56 - [Cluster 0 - CLIENT] - INFO - Sent reply
2025-03-31 12:15:57 - [Cluster 0 - CLIENT] - INFO - [Store 447] Local training complete.
2025-03-31 12:15:57 - [Cluster 0 - CLIENT] - INFO - Sent reply
2025-03-31 12:15:57 - [Cluster 0 - CLIENT] - INFO - 
2025-03-31 12:15:57 - [Cluster 0 - CLIENT] - INFO - Received: evaluate message abe213d3-88ce-4cf9-b523-d00235275953
2025-03-31 12:15:57 - [Cluster 0 - CLIENT] - INFO - 
2025-03-31 12:15:57 - [Cluster 0 - CLIENT] - INFO - Received: evaluate message dec0923c-b6f4-46c8-b6c9-f0cd96b3cf81
2025-03-31 12:15:57 - [Cluster 0 - CLIENT] - INFO - 
2025-03-31 12:15:57 - [Cluster 0 - CLIENT] - INFO - Received: evaluate message 96940c8d-15e1-4482-b40c-d8fef53b89de
2025-03-31 12:15:57 - [Cluster 0 - CLIENT] - INFO - 
2025-03-31 12:15:57 - [Cluster 0 - CLIENT] - INFO - Received: evaluate message d3742ce1-94aa-40a7-beaf-5a355023c182
2025-03-31 12:15:57 - [Cluster 0 - CLIENT] - INFO - 
2025-03-31 12:15:57 - [Cluster 0 - CLIENT] - INFO - Received: evaluate message 12a7e16b-c11b-4520-8311-f0beef81153e
2025-03-31 12:15:57 - [Cluster 0 - CLIENT] - INFO - 
2025-03-31 12:15:57 - [Cluster 0 - CLIENT] - INFO - Received: evaluate message 71967506-c42f-4036-95d6-25c1624e4e4c
2025-03-31 12:15:57 - [Cluster 0 - CLIENT] - INFO - 
2025-03-31 12:15:57 - [Cluster 0 - CLIENT] - INFO - 
2025-03-31 12:15:57 - [Cluster 0 - CLIENT] - INFO - Received: evaluate message 380c84d9-36ae-4e04-b79a-8baa628cc903
2025-03-31 12:15:57 - [Cluster 0 - CLIENT] - INFO - Received: evaluate message d9c6fa6b-be9e-42a1-a4d6-8851b537068b
2025-03-31 12:15:57 - [Cluster 0 - CLIENT] - INFO - 
2025-03-31 12:15:57 - [Cluster 0 - CLIENT] - INFO - Received: evaluate message a45f7279-3898-40cd-b32a-6411025a80dd
2025-03-31 12:15:57 - [Cluster 0 - CLIENT] - INFO - 
2025-03-31 12:15:57 - [Cluster 0 - CLIENT] - INFO - Received: evaluate message d8ee50d5-ca2a-44e6-a8ca-a8469d318e24
2025-03-31 12:15:57 - [Cluster 0 - CLIENT] - INFO - 
2025-03-31 12:15:57 - [Cluster 0 - CLIENT] - INFO - Received: evaluate message 4ce9f775-63f7-432b-b5cd-9a74492f7e17
2025-03-31 12:15:57 - [Cluster 0 - CLIENT] - INFO - 
2025-03-31 12:15:57 - [Cluster 0 - CLIENT] - INFO - Received: evaluate message 562b9f13-191b-4eee-8453-2de642e17576
2025-03-31 12:15:57 - [Cluster 0 - CLIENT] - INFO - 
2025-03-31 12:15:57 - [Cluster 0 - CLIENT] - INFO - Received: evaluate message 4457a19d-a0e0-4811-ba3e-61546a07f061
2025-03-31 12:15:57 - [Cluster 0 - CLIENT] - INFO - 
2025-03-31 12:15:57 - [Cluster 0 - CLIENT] - INFO - Received: evaluate message 77c75c66-d3d1-44fd-83cd-1820a347b142
2025-03-31 12:15:57 - [Cluster 0 - CLIENT] - INFO - 
2025-03-31 12:15:57 - [Cluster 0 - CLIENT] - INFO - Received: evaluate message 463bf982-8392-4f79-9117-9c98716a0e9d
2025-03-31 12:15:58 - [Cluster 0 - CLIENT] - INFO - [Store 313] Evaluation - Loss: 0.2161, MAE: 0.3074
2025-03-31 12:15:58 - [Cluster 0 - CLIENT] - INFO - Sent reply
2025-03-31 12:15:58 - [Cluster 0 - CLIENT] - INFO - 
2025-03-31 12:15:58 - [Cluster 0 - CLIENT] - INFO - Received: evaluate message 9dbc9519-e5d1-4392-ad39-ce7ce1b990b9
2025-03-31 12:15:58 - [Cluster 0 - CLIENT] - INFO - [Store 242] Evaluation - Loss: 0.2664, MAE: 0.3667
2025-03-31 12:15:58 - [Cluster 0 - CLIENT] - INFO - Sent reply
2025-03-31 12:15:58 - [Cluster 0 - CLIENT] - INFO - [Store 447] Evaluation - Loss: 0.2361, MAE: 0.3025
2025-03-31 12:15:58 - [Cluster 0 - CLIENT] - INFO - [Store 142] Evaluation - Loss: 0.2710, MAE: 0.3163
2025-03-31 12:15:58 - [Cluster 0 - CLIENT] - INFO - Sent reply
2025-03-31 12:15:58 - [Cluster 0 - CLIENT] - INFO - [Store 418] Evaluation - Loss: 0.3280, MAE: 0.3723
2025-03-31 12:15:58 - [Cluster 0 - CLIENT] - INFO - Sent reply
2025-03-31 12:15:58 - [Cluster 0 - CLIENT] - INFO - [Store 328] Evaluation - Loss: 0.2482, MAE: 0.3152
2025-03-31 12:15:58 - [Cluster 0 - CLIENT] - INFO - [Store 111] Evaluation - Loss: 0.2597, MAE: 0.3214
2025-03-31 12:15:58 - [Cluster 0 - CLIENT] - INFO - Sent reply
2025-03-31 12:15:58 - [Cluster 0 - CLIENT] - INFO - Sent reply
2025-03-31 12:15:58 - [Cluster 0 - CLIENT] - INFO - Sent reply
2025-03-31 12:15:58 - [Cluster 0 - CLIENT] - INFO - [Store 812] Evaluation - Loss: 0.1909, MAE: 0.2819
2025-03-31 12:15:58 - [Cluster 0 - CLIENT] - INFO - [Store 201] Evaluation - Loss: 0.2956, MAE: 0.3586
2025-03-31 12:15:58 - [Cluster 0 - CLIENT] - INFO - Sent reply
2025-03-31 12:15:58 - [Cluster 0 - CLIENT] - INFO - [Store 329] Evaluation - Loss: 0.2656, MAE: 0.3376
2025-03-31 12:15:58 - [Cluster 0 - CLIENT] - INFO - Sent reply
2025-03-31 12:15:58 - [Cluster 0 - CLIENT] - INFO - Sent reply
2025-03-31 12:15:58 - [Cluster 0 - CLIENT] - INFO - [Store 811] Evaluation - Loss: 0.2110, MAE: 0.2799
2025-03-31 12:15:58 - [Cluster 0 - CLIENT] - INFO - Sent reply
2025-03-31 12:15:58 - [Cluster 0 - CLIENT] - INFO - [Store 47] Evaluation - Loss: 0.2760, MAE: 0.3319
2025-03-31 12:15:58 - [Cluster 0 - CLIENT] - INFO - 
2025-03-31 12:15:58 - [Cluster 0 - CLIENT] - INFO - Received: evaluate message 8185b3f8-8835-430d-9dda-db15b7131d4d
2025-03-31 12:15:58 - [Cluster 0 - CLIENT] - INFO - Sent reply
2025-03-31 12:15:58 - [Cluster 0 - CLIENT] - INFO - 
2025-03-31 12:15:58 - [Cluster 0 - CLIENT] - INFO - Received: evaluate message 60ba0d00-4b22-4efa-b3ef-549498d9f100
2025-03-31 12:15:58 - [Cluster 0 - CLIENT] - INFO - [Store 451] Evaluation - Loss: 0.3282, MAE: 0.3657
2025-03-31 12:15:58 - [Cluster 0 - CLIENT] - INFO - Sent reply
2025-03-31 12:15:58 - [Cluster 0 - CLIENT] - INFO - 
2025-03-31 12:15:58 - [Cluster 0 - CLIENT] - INFO - Received: evaluate message 88008581-7df5-4561-b766-2f85beb58c1c
2025-03-31 12:15:58 - [Cluster 0 - CLIENT] - INFO - [Store 314] Evaluation - Loss: 0.2226, MAE: 0.2942
2025-03-31 12:15:58 - [Cluster 0 - CLIENT] - INFO - 
2025-03-31 12:15:58 - [Cluster 0 - CLIENT] - INFO - Sent reply
2025-03-31 12:15:58 - [Cluster 0 - CLIENT] - INFO - Received: evaluate message 36aa2edb-6bc4-485c-bf81-eb172acc79da
2025-03-31 12:15:58 - [Cluster 0 - CLIENT] - INFO - 
2025-03-31 12:15:58 - [Cluster 0 - CLIENT] - INFO - Received: evaluate message 064bd4b9-f2b6-4158-a2f6-84d5d48a6977
2025-03-31 12:15:58 - [Cluster 0 - CLIENT] - INFO - 
2025-03-31 12:15:58 - [Cluster 0 - CLIENT] - INFO - Received: evaluate message addb903b-db46-4f2e-93a4-06b614831dab
2025-03-31 12:15:58 - [Cluster 0 - CLIENT] - INFO - 
2025-03-31 12:15:58 - [Cluster 0 - CLIENT] - INFO - Received: evaluate message e57d7dfc-f0af-4f4c-9f7b-6d8ae6f97531
2025-03-31 12:15:58 - [Cluster 0 - CLIENT] - INFO - 
2025-03-31 12:15:58 - [Cluster 0 - CLIENT] - INFO - Received: evaluate message 74957a45-295b-4d17-8a10-246faf70bcd7
2025-03-31 12:15:58 - [Cluster 0 - CLIENT] - INFO - 
2025-03-31 12:15:58 - [Cluster 0 - CLIENT] - INFO - Received: evaluate message daaeeb94-aeb7-4d97-91f0-4efc3aa1ace9
2025-03-31 12:15:58 - [Cluster 0 - CLIENT] - INFO - 
2025-03-31 12:15:58 - [Cluster 0 - CLIENT] - INFO - Received: evaluate message ec8d8537-5287-4ec1-a52c-ba2d497dd7b0
2025-03-31 12:15:58 - [Cluster 0 - CLIENT] - INFO - 
2025-03-31 12:15:58 - [Cluster 0 - CLIENT] - INFO - Received: evaluate message 3f81e0d8-5edb-4b8b-b8ef-0a5e9f43a7f5
2025-03-31 12:15:58 - [Cluster 0 - CLIENT] - INFO - 
2025-03-31 12:15:58 - [Cluster 0 - CLIENT] - INFO - Received: evaluate message a4964075-78e7-45d1-9206-00a9d2dc1420
2025-03-31 12:15:58 - [Cluster 0 - CLIENT] - INFO - 
2025-03-31 12:15:58 - [Cluster 0 - CLIENT] - INFO - Received: evaluate message 3e905b95-06ac-4986-a568-52db8576039d
2025-03-31 12:15:59 - [Cluster 0 - CLIENT] - INFO - [Store 689] Evaluation - Loss: 0.2261, MAE: 0.2826
2025-03-31 12:15:59 - [Cluster 0 - CLIENT] - INFO - Sent reply
2025-03-31 12:15:59 - [Cluster 0 - CLIENT] - INFO - 
2025-03-31 12:15:59 - [Cluster 0 - CLIENT] - INFO - Received: evaluate message 37091353-9393-49d1-9df9-94bd21fec2b1
2025-03-31 12:15:59 - [Cluster 0 - CLIENT] - INFO - [Store 489] Evaluation - Loss: 0.2164, MAE: 0.3304
2025-03-31 12:15:59 - [Cluster 0 - CLIENT] - INFO - Sent reply
2025-03-31 12:16:00 - [Cluster 0 - CLIENT] - INFO - [Store 529] Evaluation - Loss: 0.2288, MAE: 0.2917
2025-03-31 12:16:00 - [Cluster 0 - CLIENT] - INFO - Sent reply
2025-03-31 12:16:00 - [Cluster 0 - CLIENT] - INFO - [Store 590] Evaluation - Loss: 0.3200, MAE: 0.3791
2025-03-31 12:16:00 - [Cluster 0 - CLIENT] - INFO - Sent reply
2025-03-31 12:16:00 - [Cluster 0 - CLIENT] - INFO - [Store 857] Evaluation - Loss: 0.4162, MAE: 0.4256
2025-03-31 12:16:00 - [Cluster 0 - CLIENT] - INFO - Sent reply
2025-03-31 12:16:00 - [Cluster 0 - CLIENT] - INFO - [Store 639] Evaluation - Loss: 0.2221, MAE: 0.2969
2025-03-31 12:16:00 - [Cluster 0 - CLIENT] - INFO - Sent reply
2025-03-31 12:16:00 - [Cluster 0 - CLIENT] - INFO - [Store 300] Evaluation - Loss: 0.3782, MAE: 0.4068
2025-03-31 12:16:00 - [Cluster 0 - CLIENT] - INFO - Sent reply
2025-03-31 12:16:00 - [Cluster 0 - CLIENT] - INFO - [Store 1048] Evaluation - Loss: 0.3183, MAE: 0.3636
2025-03-31 12:16:00 - [Cluster 0 - CLIENT] - INFO - Sent reply
2025-03-31 12:16:00 - [Cluster 0 - CLIENT] - INFO - [Store 848] Evaluation - Loss: 0.2153, MAE: 0.2888
2025-03-31 12:16:00 - [Cluster 0 - CLIENT] - INFO - Sent reply
2025-03-31 12:16:00 - [Cluster 0 - CLIENT] - INFO - [Store 327] Evaluation - Loss: 0.2555, MAE: 0.3159
2025-03-31 12:16:00 - [Cluster 0 - CLIENT] - INFO - Sent reply
2025-03-31 12:16:00 - [Cluster 0 - CLIENT] - INFO - [Store 257] Evaluation - Loss: 0.1915, MAE: 0.2675
2025-03-31 12:16:00 - [Cluster 0 - CLIENT] - INFO - [Store 91] Evaluation - Loss: 0.2774, MAE: 0.3671
2025-03-31 12:16:00 - [Cluster 0 - CLIENT] - INFO - Sent reply
2025-03-31 12:16:00 - [Cluster 0 - CLIENT] - INFO - Sent reply
2025-03-31 12:16:00 - [Cluster 0 - CLIENT] - INFO - [Store 592] Evaluation - Loss: 0.2622, MAE: 0.3390
2025-03-31 12:16:00 - [Cluster 0 - CLIENT] - INFO - Sent reply
2025-03-31 12:16:00 - [Cluster 0 - CLIENT] - INFO - [Store 75] Evaluation - Loss: 0.2491, MAE: 0.3059
2025-03-31 12:16:00 - [Cluster 0 - CLIENT] - INFO - Sent reply
2025-03-31 12:16:00 - [Cluster 0 - CLIENT] - INFO - [Store 588] Evaluation - Loss: 0.2265, MAE: 0.2983
2025-03-31 12:16:00 - [Cluster 0 - CLIENT] - INFO - Sent reply
2025-03-31 12:16:00 - [Cluster 0 - CLIENT] - INFO - [Store 294] Evaluation - Loss: 0.2966, MAE: 0.3740
2025-03-31 12:16:00 - [Cluster 0 - CLIENT] - INFO - Sent reply
2025-03-31 12:16:00 - [Cluster 0 - CLIENT] - INFO - 
2025-03-31 12:16:00 - [Cluster 0 - CLIENT] - INFO - Received: train message ab5e0d01-ba49-4bdc-a567-c8028ba0435c
2025-03-31 12:16:00 - [Cluster 0 - CLIENT] - INFO - 
2025-03-31 12:16:00 - [Cluster 0 - CLIENT] - INFO - Received: train message 3c45aacd-e8cf-454e-a1ed-8a37b40a4fc2
2025-03-31 12:16:00 - [Cluster 0 - CLIENT] - INFO - 
2025-03-31 12:16:00 - [Cluster 0 - CLIENT] - INFO - Received: train message d6690e53-071a-43f6-b24f-1be0c0ea8ea9
2025-03-31 12:16:00 - [Cluster 0 - CLIENT] - INFO - 
2025-03-31 12:16:00 - [Cluster 0 - CLIENT] - INFO - Received: train message 782ce893-2fd0-45c1-b0cb-f7d01bbf9b25
2025-03-31 12:16:00 - [Cluster 0 - CLIENT] - INFO - 
2025-03-31 12:16:00 - [Cluster 0 - CLIENT] - INFO - Received: train message c6f31026-fd7c-4098-a082-fca9246492cf
2025-03-31 12:16:00 - [Cluster 0 - CLIENT] - INFO - 
2025-03-31 12:16:00 - [Cluster 0 - CLIENT] - INFO - Received: train message 1def1cbb-634b-4303-b790-c852fd931e49
2025-03-31 12:16:00 - [Cluster 0 - CLIENT] - INFO - 
2025-03-31 12:16:00 - [Cluster 0 - CLIENT] - INFO - Received: train message b45669ee-4876-4802-8e4e-392de0bf9853
2025-03-31 12:16:00 - [Cluster 0 - CLIENT] - INFO - [Store 327] Starting local training.
2025-03-31 12:16:00 - [Cluster 0 - CLIENT] - INFO - [Store 489] Starting local training.
2025-03-31 12:16:00 - [Cluster 0 - CLIENT] - INFO - 
2025-03-31 12:16:00 - [Cluster 0 - CLIENT] - INFO - 
2025-03-31 12:16:00 - [Cluster 0 - CLIENT] - INFO - Received: train message 1e2fcc69-79af-4527-a8bd-ff21c9711101
2025-03-31 12:16:00 - [Cluster 0 - CLIENT] - INFO - Received: train message 847643b2-5bc8-4abf-889d-0b149bc47983
2025-03-31 12:16:00 - [Cluster 0 - CLIENT] - INFO - [Store 313] Starting local training.
2025-03-31 12:16:00 - [Cluster 0 - CLIENT] - INFO - [Store 142] Starting local training.
2025-03-31 12:16:00 - [Cluster 0 - CLIENT] - INFO - 
2025-03-31 12:16:00 - [Cluster 0 - CLIENT] - INFO - Received: train message 59b07f3f-a3b6-4e7d-8f3a-4752ac2fe1d4
2025-03-31 12:16:00 - [Cluster 0 - CLIENT] - INFO - [Store 201] Starting local training.
2025-03-31 12:16:00 - [Cluster 0 - CLIENT] - INFO - 
2025-03-31 12:16:00 - [Cluster 0 - CLIENT] - INFO - Received: train message cf0c89ea-969b-4535-a28e-bd8fc3282ec6
2025-03-31 12:16:00 - [Cluster 0 - CLIENT] - INFO - [Store 639] Starting local training.
2025-03-31 12:16:00 - [Cluster 0 - CLIENT] - INFO - 
2025-03-31 12:16:00 - [Cluster 0 - CLIENT] - INFO - Received: train message 86f3f5e3-dfbe-452e-b290-c04991207771
2025-03-31 12:16:00 - [Cluster 0 - CLIENT] - INFO - 
2025-03-31 12:16:00 - [Cluster 0 - CLIENT] - INFO - Received: train message 17260e28-cbbd-4c86-98ce-1ea92faf135a
2025-03-31 12:16:00 - [Cluster 0 - CLIENT] - INFO - 
2025-03-31 12:16:00 - [Cluster 0 - CLIENT] - INFO - Received: train message 2f8918e5-90fd-4517-8e98-3cd13d246858
2025-03-31 12:16:00 - [Cluster 0 - CLIENT] - INFO - [Store 529] Starting local training.
2025-03-31 12:16:00 - [Cluster 0 - CLIENT] - INFO - 
2025-03-31 12:16:00 - [Cluster 0 - CLIENT] - INFO - Received: train message 8c2fe84a-41ee-485e-b8a2-bd01cc544b1f
2025-03-31 12:16:00 - [Cluster 0 - CLIENT] - INFO - [Store 242] Starting local training.
2025-03-31 12:16:00 - [Cluster 0 - CLIENT] - INFO - [Store 812] Starting local training.
2025-03-31 12:16:00 - [Cluster 0 - CLIENT] - INFO - [Store 294] Starting local training.
2025-03-31 12:16:00 - [Cluster 0 - CLIENT] - INFO - [Store 300] Starting local training.
2025-03-31 12:16:00 - [Cluster 0 - CLIENT] - INFO - [Store 689] Starting local training.
2025-03-31 12:16:00 - [Cluster 0 - CLIENT] - INFO - [Store 418] Starting local training.
2025-03-31 12:16:00 - [Cluster 0 - CLIENT] - INFO - [Store 111] Starting local training.
2025-03-31 12:16:00 - [Cluster 0 - CLIENT] - INFO - [Store 451] Starting local training.
2025-03-31 12:19:53 - [Cluster 0 - CLIENT] - INFO - [Store 111] Local training complete.
2025-03-31 12:19:53 - [Cluster 0 - CLIENT] - INFO - Sent reply
2025-03-31 12:19:53 - [Cluster 0 - CLIENT] - INFO - 
2025-03-31 12:19:53 - [Cluster 0 - CLIENT] - INFO - Received: train message f7e7e0b5-cb85-4903-883e-a85021737330
2025-03-31 12:19:53 - [Cluster 0 - CLIENT] - INFO - [Store 328] Starting local training.
2025-03-31 12:19:53 - [Cluster 0 - CLIENT] - INFO - [Store 313] Local training complete.
2025-03-31 12:19:53 - [Cluster 0 - CLIENT] - INFO - Sent reply
2025-03-31 12:19:53 - [Cluster 0 - CLIENT] - INFO - 
2025-03-31 12:19:53 - [Cluster 0 - CLIENT] - INFO - Received: train message 8937b7e2-1f9f-4a8c-8626-3f1b233a0b78
2025-03-31 12:19:53 - [Cluster 0 - CLIENT] - INFO - [Store 91] Starting local training.
2025-03-31 12:19:54 - [Cluster 0 - CLIENT] - INFO - [Store 242] Local training complete.
2025-03-31 12:19:54 - [Cluster 0 - CLIENT] - INFO - Sent reply
2025-03-31 12:19:54 - [Cluster 0 - CLIENT] - INFO - 
2025-03-31 12:19:54 - [Cluster 0 - CLIENT] - INFO - Received: train message 4a66186a-63a2-4bb8-9b43-6d535b5c5c02
2025-03-31 12:19:54 - [Cluster 0 - CLIENT] - INFO - [Store 447] Starting local training.
2025-03-31 12:19:54 - [Cluster 0 - CLIENT] - INFO - [Store 451] Local training complete.
2025-03-31 12:19:54 - [Cluster 0 - CLIENT] - INFO - Sent reply
2025-03-31 12:19:54 - [Cluster 0 - CLIENT] - INFO - 
2025-03-31 12:19:54 - [Cluster 0 - CLIENT] - INFO - Received: train message cbd535c2-048b-43f9-82db-0846ef3fe660
2025-03-31 12:19:54 - [Cluster 0 - CLIENT] - INFO - [Store 314] Starting local training.
2025-03-31 12:19:55 - [Cluster 0 - CLIENT] - INFO - [Store 529] Local training complete.
2025-03-31 12:19:55 - [Cluster 0 - CLIENT] - INFO - Sent reply
2025-03-31 12:19:55 - [Cluster 0 - CLIENT] - INFO - 
2025-03-31 12:19:55 - [Cluster 0 - CLIENT] - INFO - Received: train message 07cf3d6f-179e-443a-91ac-bc34dc47c8e7
2025-03-31 12:19:55 - [Cluster 0 - CLIENT] - INFO - [Store 588] Starting local training.
2025-03-31 12:19:55 - [Cluster 0 - CLIENT] - INFO - [Store 812] Local training complete.
2025-03-31 12:19:56 - [Cluster 0 - CLIENT] - INFO - Sent reply
2025-03-31 12:19:56 - [Cluster 0 - CLIENT] - INFO - 
2025-03-31 12:19:56 - [Cluster 0 - CLIENT] - INFO - Received: train message e813d59b-793d-4f7d-97cd-b2642d309822
2025-03-31 12:19:56 - [Cluster 0 - CLIENT] - INFO - [Store 592] Starting local training.
2025-03-31 12:19:56 - [Cluster 0 - CLIENT] - INFO - [Store 327] Local training complete.
2025-03-31 12:19:56 - [Cluster 0 - CLIENT] - INFO - [Store 489] Local training complete.
2025-03-31 12:19:56 - [Cluster 0 - CLIENT] - INFO - Sent reply
2025-03-31 12:19:56 - [Cluster 0 - CLIENT] - INFO - 
2025-03-31 12:19:56 - [Cluster 0 - CLIENT] - INFO - Received: train message fc41dae3-94d0-4ff4-af9b-11d10f9bb0e7
2025-03-31 12:19:56 - [Cluster 0 - CLIENT] - INFO - Sent reply
2025-03-31 12:19:56 - [Cluster 0 - CLIENT] - INFO - 
2025-03-31 12:19:56 - [Cluster 0 - CLIENT] - INFO - Received: train message 15260545-15dd-4240-be69-987bae3cec64
2025-03-31 12:19:56 - [Cluster 0 - CLIENT] - INFO - [Store 75] Starting local training.
2025-03-31 12:19:57 - [Cluster 0 - CLIENT] - INFO - [Store 811] Starting local training.
2025-03-31 12:20:00 - [Cluster 0 - CLIENT] - INFO - [Store 201] Local training complete.
2025-03-31 12:20:00 - [Cluster 0 - CLIENT] - INFO - Sent reply
2025-03-31 12:20:00 - [Cluster 0 - CLIENT] - INFO - 
2025-03-31 12:20:00 - [Cluster 0 - CLIENT] - INFO - Received: train message 43132b63-6228-4995-8253-b70e741eaf4d
2025-03-31 12:20:00 - [Cluster 0 - CLIENT] - INFO - [Store 294] Local training complete.
2025-03-31 12:20:00 - [Cluster 0 - CLIENT] - INFO - Sent reply
2025-03-31 12:20:00 - [Cluster 0 - CLIENT] - INFO - 
2025-03-31 12:20:00 - [Cluster 0 - CLIENT] - INFO - Received: train message 7be13516-77af-4939-8b03-addfc2df08b0
2025-03-31 12:20:00 - [Cluster 0 - CLIENT] - INFO - [Store 257] Starting local training.
2025-03-31 12:20:00 - [Cluster 0 - CLIENT] - INFO - [Store 1048] Starting local training.
2025-03-31 12:20:01 - [Cluster 0 - CLIENT] - INFO - [Store 142] Local training complete.
2025-03-31 12:20:01 - [Cluster 0 - CLIENT] - INFO - Sent reply
2025-03-31 12:20:01 - [Cluster 0 - CLIENT] - INFO - 
2025-03-31 12:20:01 - [Cluster 0 - CLIENT] - INFO - Received: train message a618e62d-d9a2-4dba-81d2-c541354608e1
2025-03-31 12:20:01 - [Cluster 0 - CLIENT] - INFO - [Store 857] Starting local training.
2025-03-31 12:20:01 - [Cluster 0 - CLIENT] - INFO - [Store 418] Local training complete.
2025-03-31 12:20:01 - [Cluster 0 - CLIENT] - INFO - Sent reply
2025-03-31 12:20:01 - [Cluster 0 - CLIENT] - INFO - 
2025-03-31 12:20:01 - [Cluster 0 - CLIENT] - INFO - Received: train message e4a8e065-7cab-4aef-84bd-02923b98f2d4
2025-03-31 12:20:01 - [Cluster 0 - CLIENT] - INFO - [Store 848] Starting local training.
2025-03-31 12:20:02 - [Cluster 0 - CLIENT] - INFO - [Store 639] Local training complete.
2025-03-31 12:20:02 - [Cluster 0 - CLIENT] - INFO - Sent reply
2025-03-31 12:20:02 - [Cluster 0 - CLIENT] - INFO - 
2025-03-31 12:20:02 - [Cluster 0 - CLIENT] - INFO - Received: train message 74e71dc8-8bc6-45e5-92bb-40b6e3b230a1
2025-03-31 12:20:02 - [Cluster 0 - CLIENT] - INFO - [Store 329] Starting local training.
2025-03-31 12:20:13 - [Cluster 0 - CLIENT] - INFO - [Store 689] Local training complete.
2025-03-31 12:20:13 - [Cluster 0 - CLIENT] - INFO - Sent reply
2025-03-31 12:20:13 - [Cluster 0 - CLIENT] - INFO - 
2025-03-31 12:20:13 - [Cluster 0 - CLIENT] - INFO - Received: train message c5f389af-8654-41f7-9d5d-def95b286c15
2025-03-31 12:20:13 - [Cluster 0 - CLIENT] - INFO - [Store 590] Starting local training.
2025-03-31 12:20:14 - [Cluster 0 - CLIENT] - INFO - [Store 300] Local training complete.
2025-03-31 12:20:14 - [Cluster 0 - CLIENT] - INFO - Sent reply
2025-03-31 12:20:14 - [Cluster 0 - CLIENT] - INFO - 
2025-03-31 12:20:14 - [Cluster 0 - CLIENT] - INFO - Received: train message 0954460d-7929-43fc-9470-753b2db58459
2025-03-31 12:20:14 - [Cluster 0 - CLIENT] - INFO - [Store 47] Starting local training.
2025-03-31 12:24:22 - [Cluster 0 - CLIENT] - INFO - [Store 329] Local training complete.
2025-03-31 12:24:22 - [Cluster 0 - CLIENT] - INFO - Sent reply
2025-03-31 12:24:22 - [Cluster 0 - CLIENT] - INFO - [Store 91] Local training complete.
2025-03-31 12:24:22 - [Cluster 0 - CLIENT] - INFO - Sent reply
2025-03-31 12:24:24 - [Cluster 0 - CLIENT] - INFO - [Store 588] Local training complete.
2025-03-31 12:24:24 - [Cluster 0 - CLIENT] - INFO - Sent reply
2025-03-31 12:24:24 - [Cluster 0 - CLIENT] - INFO - [Store 314] Local training complete.
2025-03-31 12:24:24 - [Cluster 0 - CLIENT] - INFO - Sent reply
2025-03-31 12:24:24 - [Cluster 0 - CLIENT] - INFO - [Store 447] Local training complete.
2025-03-31 12:24:24 - [Cluster 0 - CLIENT] - INFO - [Store 857] Local training complete.
2025-03-31 12:24:24 - [Cluster 0 - CLIENT] - INFO - Sent reply
2025-03-31 12:24:24 - [Cluster 0 - CLIENT] - INFO - Sent reply
2025-03-31 12:24:25 - [Cluster 0 - CLIENT] - INFO - [Store 328] Local training complete.
2025-03-31 12:24:26 - [Cluster 0 - CLIENT] - INFO - Sent reply
2025-03-31 12:24:26 - [Cluster 0 - CLIENT] - INFO - [Store 811] Local training complete.
2025-03-31 12:24:27 - [Cluster 0 - CLIENT] - INFO - Sent reply
2025-03-31 12:24:28 - [Cluster 0 - CLIENT] - INFO - [Store 848] Local training complete.
2025-03-31 12:24:28 - [Cluster 0 - CLIENT] - INFO - Sent reply
2025-03-31 12:24:28 - [Cluster 0 - CLIENT] - INFO - [Store 592] Local training complete.
2025-03-31 12:24:28 - [Cluster 0 - CLIENT] - INFO - Sent reply
2025-03-31 12:24:30 - [Cluster 0 - CLIENT] - INFO - [Store 1048] Local training complete.
2025-03-31 12:24:30 - [Cluster 0 - CLIENT] - INFO - [Store 590] Local training complete.
2025-03-31 12:24:30 - [Cluster 0 - CLIENT] - INFO - Sent reply
2025-03-31 12:24:30 - [Cluster 0 - CLIENT] - INFO - Sent reply
2025-03-31 12:24:30 - [Cluster 0 - CLIENT] - INFO - [Store 75] Local training complete.
2025-03-31 12:24:30 - [Cluster 0 - CLIENT] - INFO - Sent reply
2025-03-31 12:24:31 - [Cluster 0 - CLIENT] - INFO - [Store 47] Local training complete.
2025-03-31 12:24:31 - [Cluster 0 - CLIENT] - INFO - Sent reply
2025-03-31 12:24:38 - [Cluster 0 - CLIENT] - INFO - [Store 257] Local training complete.
2025-03-31 12:24:38 - [Cluster 0 - CLIENT] - INFO - Sent reply
2025-03-31 12:24:39 - [Cluster 0 - CLIENT] - INFO - 
2025-03-31 12:24:39 - [Cluster 0 - CLIENT] - INFO - Received: evaluate message 0ba99ee6-b455-4236-bab1-ceb8b1fae6e2
2025-03-31 12:24:39 - [Cluster 0 - CLIENT] - INFO - 
2025-03-31 12:24:39 - [Cluster 0 - CLIENT] - INFO - Received: evaluate message e5de58bd-2fbe-44cf-9679-8dcfbe25fe62
2025-03-31 12:24:39 - [Cluster 0 - CLIENT] - INFO - 
2025-03-31 12:24:39 - [Cluster 0 - CLIENT] - INFO - Received: evaluate message 196c5c76-f622-4052-b7f3-87f6c221d02e
2025-03-31 12:24:39 - [Cluster 0 - CLIENT] - INFO - 
2025-03-31 12:24:39 - [Cluster 0 - CLIENT] - INFO - Received: evaluate message a4863100-cf24-470b-9e1d-bec143133a43
2025-03-31 12:24:39 - [Cluster 0 - CLIENT] - INFO - 
2025-03-31 12:24:39 - [Cluster 0 - CLIENT] - INFO - Received: evaluate message 69d53c7d-7329-49f9-a556-357333b73b40
2025-03-31 12:24:39 - [Cluster 0 - CLIENT] - INFO - 
2025-03-31 12:24:39 - [Cluster 0 - CLIENT] - INFO - Received: evaluate message f65a7aa5-bbb1-4c6c-94f7-956667d97324
2025-03-31 12:24:39 - [Cluster 0 - CLIENT] - INFO - 
2025-03-31 12:24:39 - [Cluster 0 - CLIENT] - INFO - 
2025-03-31 12:24:39 - [Cluster 0 - CLIENT] - INFO - Received: evaluate message 4ca7288a-ec99-42b7-a186-9921f9ec0cdc
2025-03-31 12:24:39 - [Cluster 0 - CLIENT] - INFO - Received: evaluate message 1b68844c-4fa4-4f5b-8dab-892300707dea
2025-03-31 12:24:39 - [Cluster 0 - CLIENT] - INFO - 
2025-03-31 12:24:39 - [Cluster 0 - CLIENT] - INFO - Received: evaluate message 8791e2e3-6716-46f9-8998-937addf99024
2025-03-31 12:24:39 - [Cluster 0 - CLIENT] - INFO - 
2025-03-31 12:24:39 - [Cluster 0 - CLIENT] - INFO - Received: evaluate message 5b9cb2f5-79da-4d6b-98f3-487a42497cfa
2025-03-31 12:24:39 - [Cluster 0 - CLIENT] - INFO - 
2025-03-31 12:24:39 - [Cluster 0 - CLIENT] - INFO - Received: evaluate message 4a7c650a-a6a1-4f9e-9168-05e8811582f1
2025-03-31 12:24:39 - [Cluster 0 - CLIENT] - INFO - 
2025-03-31 12:24:39 - [Cluster 0 - CLIENT] - INFO - Received: evaluate message 7c5947f0-c76f-4133-a614-41f73cac54ea
2025-03-31 12:24:39 - [Cluster 0 - CLIENT] - INFO - 
2025-03-31 12:24:39 - [Cluster 0 - CLIENT] - INFO - Received: evaluate message 14e2f746-6947-4986-9035-5d4d0832c347
2025-03-31 12:24:39 - [Cluster 0 - CLIENT] - INFO - 
2025-03-31 12:24:39 - [Cluster 0 - CLIENT] - INFO - Received: evaluate message bb241a78-a5c6-421c-8b7e-8d265edf8617
2025-03-31 12:24:39 - [Cluster 0 - CLIENT] - INFO - 
2025-03-31 12:24:39 - [Cluster 0 - CLIENT] - INFO - Received: evaluate message 97fb9546-5063-4093-a730-ac54231160b7
2025-03-31 12:24:40 - [Cluster 0 - CLIENT] - INFO - [Store 592] Evaluation - Loss: 0.2580, MAE: 0.3362
2025-03-31 12:24:40 - [Cluster 0 - CLIENT] - INFO - Sent reply
2025-03-31 12:24:40 - [Cluster 0 - CLIENT] - INFO - 
2025-03-31 12:24:40 - [Cluster 0 - CLIENT] - INFO - Received: evaluate message 2387d838-9036-44af-a0ad-c04cfac8d9a1
2025-03-31 12:24:40 - [Cluster 0 - CLIENT] - INFO - [Store 313] Evaluation - Loss: 0.2113, MAE: 0.3006
2025-03-31 12:24:40 - [Cluster 0 - CLIENT] - INFO - [Store 201] Evaluation - Loss: 0.2888, MAE: 0.3539
2025-03-31 12:24:40 - [Cluster 0 - CLIENT] - INFO - Sent reply
2025-03-31 12:24:40 - [Cluster 0 - CLIENT] - INFO - Sent reply
2025-03-31 12:24:40 - [Cluster 0 - CLIENT] - INFO - [Store 47] Evaluation - Loss: 0.2675, MAE: 0.3265
2025-03-31 12:24:40 - [Cluster 0 - CLIENT] - INFO - Sent reply
2025-03-31 12:24:40 - [Cluster 0 - CLIENT] - INFO - [Store 590] Evaluation - Loss: 0.3109, MAE: 0.3734
2025-03-31 12:24:40 - [Cluster 0 - CLIENT] - INFO - Sent reply
2025-03-31 12:24:40 - [Cluster 0 - CLIENT] - INFO - 
2025-03-31 12:24:40 - [Cluster 0 - CLIENT] - INFO - Received: evaluate message 74f61bf4-2d57-43d2-a053-d0650cf078cd
2025-03-31 12:24:40 - [Cluster 0 - CLIENT] - INFO - 
2025-03-31 12:24:40 - [Cluster 0 - CLIENT] - INFO - Received: evaluate message 297ea4a1-2412-42b0-bdc9-880aafa71412
2025-03-31 12:24:40 - [Cluster 0 - CLIENT] - INFO - 
2025-03-31 12:24:40 - [Cluster 0 - CLIENT] - INFO - Received: evaluate message 5ba0334a-0a68-44fc-b0e3-e3f8a5b16019
2025-03-31 12:24:40 - [Cluster 0 - CLIENT] - INFO - [Store 111] Evaluation - Loss: 0.2518, MAE: 0.3138
2025-03-31 12:24:40 - [Cluster 0 - CLIENT] - INFO - Sent reply
2025-03-31 12:24:40 - [Cluster 0 - CLIENT] - INFO - 
2025-03-31 12:24:40 - [Cluster 0 - CLIENT] - INFO - Received: evaluate message d3cc7be3-0e28-4195-96d7-9069345d83d9
2025-03-31 12:24:40 - [Cluster 0 - CLIENT] - INFO - [Store 242] Evaluation - Loss: 0.2621, MAE: 0.3599
2025-03-31 12:24:40 - [Cluster 0 - CLIENT] - INFO - Sent reply
2025-03-31 12:24:40 - [Cluster 0 - CLIENT] - INFO - [Store 447] Evaluation - Loss: 0.2284, MAE: 0.2991
2025-03-31 12:24:40 - [Cluster 0 - CLIENT] - INFO - [Store 588] Evaluation - Loss: 0.2224, MAE: 0.2966
2025-03-31 12:24:40 - [Cluster 0 - CLIENT] - INFO - Sent reply
2025-03-31 12:24:40 - [Cluster 0 - CLIENT] - INFO - [Store 812] Evaluation - Loss: 0.1887, MAE: 0.2799
2025-03-31 12:24:40 - [Cluster 0 - CLIENT] - INFO - Sent reply
2025-03-31 12:24:40 - [Cluster 0 - CLIENT] - INFO - Sent reply
2025-03-31 12:24:40 - [Cluster 0 - CLIENT] - INFO - 
2025-03-31 12:24:40 - [Cluster 0 - CLIENT] - INFO - Received: evaluate message ab7b5f8b-0e74-4288-83dc-c290a39ded1d
2025-03-31 12:24:40 - [Cluster 0 - CLIENT] - INFO - 
2025-03-31 12:24:40 - [Cluster 0 - CLIENT] - INFO - Received: evaluate message 675b6162-a4eb-4171-81b6-5ba7fa9ad735
2025-03-31 12:24:40 - [Cluster 0 - CLIENT] - INFO - [Store 294] Evaluation - Loss: 0.2929, MAE: 0.3772
2025-03-31 12:24:40 - [Cluster 0 - CLIENT] - INFO - Sent reply
2025-03-31 12:24:40 - [Cluster 0 - CLIENT] - INFO - 
2025-03-31 12:24:40 - [Cluster 0 - CLIENT] - INFO - Received: evaluate message 325511ce-4868-4945-89d6-2e062905697a
2025-03-31 12:24:40 - [Cluster 0 - CLIENT] - INFO - [Store 314] Evaluation - Loss: 0.2176, MAE: 0.2888
2025-03-31 12:24:40 - [Cluster 0 - CLIENT] - INFO - Sent reply
2025-03-31 12:24:40 - [Cluster 0 - CLIENT] - INFO - [Store 300] Evaluation - Loss: 0.3639, MAE: 0.4000
2025-03-31 12:24:40 - [Cluster 0 - CLIENT] - INFO - Sent reply
2025-03-31 12:24:40 - [Cluster 0 - CLIENT] - INFO - 
2025-03-31 12:24:40 - [Cluster 0 - CLIENT] - INFO - Received: evaluate message 2e3d09c0-8103-415c-978f-ee468e03385e
2025-03-31 12:24:40 - [Cluster 0 - CLIENT] - INFO - 
2025-03-31 12:24:40 - [Cluster 0 - CLIENT] - INFO - Received: evaluate message 17177711-b477-4163-b9cc-95d0540d7965
2025-03-31 12:24:40 - [Cluster 0 - CLIENT] - INFO - [Store 689] Evaluation - Loss: 0.2192, MAE: 0.2736
2025-03-31 12:24:40 - [Cluster 0 - CLIENT] - INFO - Sent reply
2025-03-31 12:24:40 - [Cluster 0 - CLIENT] - INFO - 
2025-03-31 12:24:40 - [Cluster 0 - CLIENT] - INFO - Received: evaluate message aef99fc5-4e80-4b11-9170-b7736b008c48
2025-03-31 12:24:40 - [Cluster 0 - CLIENT] - INFO - 
2025-03-31 12:24:40 - [Cluster 0 - CLIENT] - INFO - Received: evaluate message 05564dff-0dd0-4776-92ea-98e72730c82d
2025-03-31 12:24:40 - [Cluster 0 - CLIENT] - INFO - 
2025-03-31 12:24:40 - [Cluster 0 - CLIENT] - INFO - Received: evaluate message 98a93900-1fb1-4194-99bf-a803d783e358
2025-03-31 12:24:40 - [Cluster 0 - CLIENT] - INFO - 
2025-03-31 12:24:40 - [Cluster 0 - CLIENT] - INFO - Received: evaluate message 29000af6-73de-41e2-960b-018a10e5d7ad
2025-03-31 12:24:40 - [Cluster 0 - CLIENT] - INFO - [Store 328] Evaluation - Loss: 0.2457, MAE: 0.3166
2025-03-31 12:24:40 - [Cluster 0 - CLIENT] - INFO - Sent reply
2025-03-31 12:24:40 - [Cluster 0 - CLIENT] - INFO - 
2025-03-31 12:24:40 - [Cluster 0 - CLIENT] - INFO - Received: evaluate message b8ba2f86-8969-40d7-97fa-55f2c2181b03
2025-03-31 12:24:42 - [Cluster 0 - CLIENT] - INFO - [Store 811] Evaluation - Loss: 0.2065, MAE: 0.2751
2025-03-31 12:24:42 - [Cluster 0 - CLIENT] - INFO - Sent reply
2025-03-31 12:24:42 - [Cluster 0 - CLIENT] - INFO - [Store 489] Evaluation - Loss: 0.2142, MAE: 0.3252
2025-03-31 12:24:42 - [Cluster 0 - CLIENT] - INFO - Sent reply
2025-03-31 12:24:42 - [Cluster 0 - CLIENT] - INFO - [Store 848] Evaluation - Loss: 0.2122, MAE: 0.2847
2025-03-31 12:24:42 - [Cluster 0 - CLIENT] - INFO - Sent reply
2025-03-31 12:24:42 - [Cluster 0 - CLIENT] - INFO - [Store 257] Evaluation - Loss: 0.1883, MAE: 0.2627
2025-03-31 12:24:42 - [Cluster 0 - CLIENT] - INFO - [Store 857] Evaluation - Loss: 0.3995, MAE: 0.4205
2025-03-31 12:24:42 - [Cluster 0 - CLIENT] - INFO - [Store 329] Evaluation - Loss: 0.2618, MAE: 0.3377
2025-03-31 12:24:42 - [Cluster 0 - CLIENT] - INFO - [Store 75] Evaluation - Loss: 0.2443, MAE: 0.3014
2025-03-31 12:24:42 - [Cluster 0 - CLIENT] - INFO - Sent reply
2025-03-31 12:24:42 - [Cluster 0 - CLIENT] - INFO - [Store 142] Evaluation - Loss: 0.2667, MAE: 0.3130
2025-03-31 12:24:42 - [Cluster 0 - CLIENT] - INFO - Sent reply
2025-03-31 12:24:42 - [Cluster 0 - CLIENT] - INFO - Sent reply
2025-03-31 12:24:42 - [Cluster 0 - CLIENT] - INFO - Sent reply
2025-03-31 12:24:42 - [Cluster 0 - CLIENT] - INFO - Sent reply
2025-03-31 12:24:42 - [Cluster 0 - CLIENT] - INFO - [Store 529] Evaluation - Loss: 0.2226, MAE: 0.2874
2025-03-31 12:24:42 - [Cluster 0 - CLIENT] - INFO - [Store 1048] Evaluation - Loss: 0.3136, MAE: 0.3598
2025-03-31 12:24:42 - [Cluster 0 - CLIENT] - INFO - [Store 639] Evaluation - Loss: 0.2150, MAE: 0.2896
2025-03-31 12:24:42 - [Cluster 0 - CLIENT] - INFO - Sent reply
2025-03-31 12:24:42 - [Cluster 0 - CLIENT] - INFO - Sent reply
2025-03-31 12:24:42 - [Cluster 0 - CLIENT] - INFO - Sent reply
2025-03-31 12:24:42 - [Cluster 0 - CLIENT] - INFO - [Store 418] Evaluation - Loss: 0.3224, MAE: 0.3713
2025-03-31 12:24:42 - [Cluster 0 - CLIENT] - INFO - Sent reply
2025-03-31 12:24:42 - [Cluster 0 - CLIENT] - INFO - [Store 327] Evaluation - Loss: 0.2496, MAE: 0.3111
2025-03-31 12:24:42 - [Cluster 0 - CLIENT] - INFO - Sent reply
2025-03-31 12:24:42 - [Cluster 0 - CLIENT] - INFO - [Store 451] Evaluation - Loss: 0.3187, MAE: 0.3571
2025-03-31 12:24:42 - [Cluster 0 - CLIENT] - INFO - Sent reply
2025-03-31 12:24:42 - [Cluster 0 - CLIENT] - INFO - [Store 91] Evaluation - Loss: 0.2686, MAE: 0.3543
2025-03-31 12:24:42 - [Cluster 0 - CLIENT] - INFO - Sent reply
2025-03-31 12:24:42 - [Cluster 0 - CLIENT] - INFO - 
2025-03-31 12:24:42 - [Cluster 0 - CLIENT] - INFO - Received: train message fe70b357-9d06-4155-ba4d-38e66d9c31e3
2025-03-31 12:24:42 - [Cluster 0 - CLIENT] - INFO - 
2025-03-31 12:24:42 - [Cluster 0 - CLIENT] - INFO - Received: train message 6db9e4ad-eab9-4d7d-875f-06ad3a134d5a
2025-03-31 12:24:42 - [Cluster 0 - CLIENT] - INFO - 
2025-03-31 12:24:42 - [Cluster 0 - CLIENT] - INFO - Received: train message e6e66f26-78f7-41ed-ac4f-6119a736c1a8
2025-03-31 12:24:42 - [Cluster 0 - CLIENT] - INFO - 
2025-03-31 12:24:42 - [Cluster 0 - CLIENT] - INFO - Received: train message 8ada1558-8b64-46af-a965-d77f0a0145a8
2025-03-31 12:24:42 - [Cluster 0 - CLIENT] - INFO - 
2025-03-31 12:24:42 - [Cluster 0 - CLIENT] - INFO - Received: train message 8803353e-a682-4622-bb20-e765bf742fdf
2025-03-31 12:24:42 - [Cluster 0 - CLIENT] - INFO - 
2025-03-31 12:24:42 - [Cluster 0 - CLIENT] - INFO - Received: train message 14482041-3ab4-4854-8cb1-e6cc090072bb
2025-03-31 12:24:42 - [Cluster 0 - CLIENT] - INFO - [Store 142] Starting local training.
2025-03-31 12:24:42 - [Cluster 0 - CLIENT] - INFO - [Store 857] Starting local training.
2025-03-31 12:24:42 - [Cluster 0 - CLIENT] - INFO - [Store 294] Starting local training.
2025-03-31 12:24:42 - [Cluster 0 - CLIENT] - INFO - 
2025-03-31 12:24:42 - [Cluster 0 - CLIENT] - INFO - Received: train message dc16dd91-a592-4daa-9199-ee3a96049a7a
2025-03-31 12:24:42 - [Cluster 0 - CLIENT] - INFO - [Store 328] Starting local training.
2025-03-31 12:24:42 - [Cluster 0 - CLIENT] - INFO - 
2025-03-31 12:24:42 - [Cluster 0 - CLIENT] - INFO - Received: train message cda843a0-1a9e-4414-90eb-3f7d3e03ebb2
2025-03-31 12:24:42 - [Cluster 0 - CLIENT] - INFO - 
2025-03-31 12:24:42 - [Cluster 0 - CLIENT] - INFO - Received: train message 3ff47fcd-a4bc-4b4f-ad91-079f51d6868d
2025-03-31 12:24:42 - [Cluster 0 - CLIENT] - INFO - 
2025-03-31 12:24:42 - [Cluster 0 - CLIENT] - INFO - Received: train message 5d2fa9ee-f0fd-4e39-b9f5-f96094adf56e
2025-03-31 12:24:42 - [Cluster 0 - CLIENT] - INFO - 
2025-03-31 12:24:42 - [Cluster 0 - CLIENT] - INFO - Received: train message 151ccce2-5053-444e-a551-c8063a5de194
2025-03-31 12:24:42 - [Cluster 0 - CLIENT] - INFO - 
2025-03-31 12:24:42 - [Cluster 0 - CLIENT] - INFO - Received: train message 8834e2c9-be9e-4856-b216-6d8ec4cf84b0
2025-03-31 12:24:42 - [Cluster 0 - CLIENT] - INFO - 
2025-03-31 12:24:42 - [Cluster 0 - CLIENT] - INFO - Received: train message 37e9a924-8cd6-402f-a598-f90526258830
2025-03-31 12:24:42 - [Cluster 0 - CLIENT] - INFO - 
2025-03-31 12:24:42 - [Cluster 0 - CLIENT] - INFO - Received: train message 1ac4c39a-47db-4fd5-bd4d-3c78a3b376f9
2025-03-31 12:24:42 - [Cluster 0 - CLIENT] - INFO - 
2025-03-31 12:24:42 - [Cluster 0 - CLIENT] - INFO - Received: train message ee1d6778-35d9-4b45-b78f-07e57586e936
2025-03-31 12:24:42 - [Cluster 0 - CLIENT] - INFO - [Store 592] Starting local training.
2025-03-31 12:24:42 - [Cluster 0 - CLIENT] - INFO - [Store 451] Starting local training.
2025-03-31 12:24:42 - [Cluster 0 - CLIENT] - INFO - [Store 242] Starting local training.
2025-03-31 12:24:42 - [Cluster 0 - CLIENT] - INFO - [Store 313] Starting local training.
2025-03-31 12:24:42 - [Cluster 0 - CLIENT] - INFO - [Store 812] Starting local training.
2025-03-31 12:24:42 - [Cluster 0 - CLIENT] - INFO - [Store 111] Starting local training.
2025-03-31 12:24:42 - [Cluster 0 - CLIENT] - INFO - [Store 327] Starting local training.
2025-03-31 12:24:42 - [Cluster 0 - CLIENT] - INFO - [Store 590] Starting local training.
2025-03-31 12:24:42 - [Cluster 0 - CLIENT] - INFO - [Store 848] Starting local training.
2025-03-31 12:24:42 - [Cluster 0 - CLIENT] - INFO - [Store 418] Starting local training.
2025-03-31 12:24:42 - [Cluster 0 - CLIENT] - INFO - [Store 529] Starting local training.
2025-03-31 12:28:44 - [Cluster 0 - CLIENT] - INFO - [Store 294] Local training complete.
2025-03-31 12:28:44 - [Cluster 0 - CLIENT] - INFO - Sent reply
2025-03-31 12:28:44 - [Cluster 0 - CLIENT] - INFO - 
2025-03-31 12:28:44 - [Cluster 0 - CLIENT] - INFO - Received: train message faa06215-53bf-4a0c-8d41-bbe66ffbb39f
2025-03-31 12:28:45 - [Cluster 0 - CLIENT] - INFO - [Store 592] Local training complete.
2025-03-31 12:28:45 - [Cluster 0 - CLIENT] - INFO - Sent reply
2025-03-31 12:28:45 - [Cluster 0 - CLIENT] - INFO - [Store 314] Starting local training.
2025-03-31 12:28:45 - [Cluster 0 - CLIENT] - INFO - 
2025-03-31 12:28:45 - [Cluster 0 - CLIENT] - INFO - Received: train message ca64acb4-c953-434b-8c0d-f4fc29cdb216
2025-03-31 12:28:45 - [Cluster 0 - CLIENT] - INFO - [Store 329] Starting local training.
2025-03-31 12:28:45 - [Cluster 0 - CLIENT] - INFO - [Store 142] Local training complete.
2025-03-31 12:28:45 - [Cluster 0 - CLIENT] - INFO - Sent reply
2025-03-31 12:28:45 - [Cluster 0 - CLIENT] - INFO - 
2025-03-31 12:28:45 - [Cluster 0 - CLIENT] - INFO - Received: train message e1761b9d-a889-4ee6-bc47-a5b89b2770bf
2025-03-31 12:28:46 - [Cluster 0 - CLIENT] - INFO - [Store 447] Starting local training.
2025-03-31 12:28:47 - [Cluster 0 - CLIENT] - INFO - [Store 111] Local training complete.
2025-03-31 12:28:48 - [Cluster 0 - CLIENT] - INFO - Sent reply
2025-03-31 12:28:48 - [Cluster 0 - CLIENT] - INFO - 
2025-03-31 12:28:48 - [Cluster 0 - CLIENT] - INFO - Received: train message 8359db84-4a63-489c-84c0-07359a4c9e41
2025-03-31 12:28:48 - [Cluster 0 - CLIENT] - INFO - [Store 328] Local training complete.
2025-03-31 12:28:48 - [Cluster 0 - CLIENT] - INFO - Sent reply
2025-03-31 12:28:48 - [Cluster 0 - CLIENT] - INFO - 
2025-03-31 12:28:48 - [Cluster 0 - CLIENT] - INFO - Received: train message 05636101-c4dc-4758-a4af-34374b0b85cd
2025-03-31 12:28:48 - [Cluster 0 - CLIENT] - INFO - [Store 300] Starting local training.
2025-03-31 12:28:48 - [Cluster 0 - CLIENT] - INFO - [Store 47] Starting local training.
2025-03-31 12:28:48 - [Cluster 0 - CLIENT] - INFO - [Store 848] Local training complete.
2025-03-31 12:28:48 - [Cluster 0 - CLIENT] - INFO - Sent reply
2025-03-31 12:28:48 - [Cluster 0 - CLIENT] - INFO - 
2025-03-31 12:28:48 - [Cluster 0 - CLIENT] - INFO - Received: train message eacead53-2734-4dab-a0ec-aef40cfad554
2025-03-31 12:28:48 - [Cluster 0 - CLIENT] - INFO - [Store 639] Starting local training.
2025-03-31 12:28:49 - [Cluster 0 - CLIENT] - INFO - [Store 418] Local training complete.
2025-03-31 12:28:49 - [Cluster 0 - CLIENT] - INFO - Sent reply
2025-03-31 12:28:49 - [Cluster 0 - CLIENT] - INFO - 
2025-03-31 12:28:49 - [Cluster 0 - CLIENT] - INFO - Received: train message b4a23e85-3d9f-4857-9dd3-00ee5432c580
2025-03-31 12:28:49 - [Cluster 0 - CLIENT] - INFO - [Store 489] Starting local training.
2025-03-31 12:28:49 - [Cluster 0 - CLIENT] - INFO - [Store 242] Local training complete.
2025-03-31 12:28:49 - [Cluster 0 - CLIENT] - INFO - Sent reply
2025-03-31 12:28:49 - [Cluster 0 - CLIENT] - INFO - 
2025-03-31 12:28:49 - [Cluster 0 - CLIENT] - INFO - Received: train message 569040e2-92ea-4ceb-ae70-ef91f8db7ffe
2025-03-31 12:28:49 - [Cluster 0 - CLIENT] - INFO - [Store 689] Starting local training.
2025-03-31 12:28:50 - [Cluster 0 - CLIENT] - INFO - [Store 857] Local training complete.
2025-03-31 12:28:50 - [Cluster 0 - CLIENT] - INFO - Sent reply
2025-03-31 12:28:50 - [Cluster 0 - CLIENT] - INFO - 
2025-03-31 12:28:50 - [Cluster 0 - CLIENT] - INFO - Received: train message 7722efaf-48f9-4078-b596-adc647d25248
2025-03-31 12:28:50 - [Cluster 0 - CLIENT] - INFO - [Store 1048] Starting local training.
2025-03-31 12:28:52 - [Cluster 0 - CLIENT] - INFO - [Store 327] Local training complete.
2025-03-31 12:28:52 - [Cluster 0 - CLIENT] - INFO - Sent reply
2025-03-31 12:28:52 - [Cluster 0 - CLIENT] - INFO - 
2025-03-31 12:28:52 - [Cluster 0 - CLIENT] - INFO - Received: train message 2dfba04c-4a5e-4fdd-8bbe-d64664120c3c
2025-03-31 12:28:52 - [Cluster 0 - CLIENT] - INFO - [Store 75] Starting local training.
2025-03-31 12:28:53 - [Cluster 0 - CLIENT] - INFO - [Store 313] Local training complete.
2025-03-31 12:28:53 - [Cluster 0 - CLIENT] - INFO - Sent reply
2025-03-31 12:28:53 - [Cluster 0 - CLIENT] - INFO - 
2025-03-31 12:28:53 - [Cluster 0 - CLIENT] - INFO - Received: train message c882a03f-53aa-4382-aef7-6797d4127b0b
2025-03-31 12:28:53 - [Cluster 0 - CLIENT] - INFO - [Store 257] Starting local training.
2025-03-31 12:28:56 - [Cluster 0 - CLIENT] - INFO - [Store 590] Local training complete.
2025-03-31 12:28:56 - [Cluster 0 - CLIENT] - INFO - Sent reply
2025-03-31 12:28:56 - [Cluster 0 - CLIENT] - INFO - 
2025-03-31 12:28:56 - [Cluster 0 - CLIENT] - INFO - Received: train message 5dd2d257-723c-477d-bec4-fefe79d0976f
2025-03-31 12:28:56 - [Cluster 0 - CLIENT] - INFO - [Store 201] Starting local training.
2025-03-31 12:29:07 - [Cluster 0 - CLIENT] - INFO - [Store 812] Local training complete.
2025-03-31 12:29:07 - [Cluster 0 - CLIENT] - INFO - Sent reply
2025-03-31 12:29:07 - [Cluster 0 - CLIENT] - INFO - 
2025-03-31 12:29:07 - [Cluster 0 - CLIENT] - INFO - Received: train message c4f78462-482f-4112-857f-98f1942547f5
2025-03-31 12:29:07 - [Cluster 0 - CLIENT] - INFO - [Store 91] Starting local training.
2025-03-31 12:29:09 - [Cluster 0 - CLIENT] - INFO - [Store 529] Local training complete.
2025-03-31 12:29:09 - [Cluster 0 - CLIENT] - INFO - Sent reply
2025-03-31 12:29:09 - [Cluster 0 - CLIENT] - INFO - 
2025-03-31 12:29:09 - [Cluster 0 - CLIENT] - INFO - Received: train message b5eb793b-176c-4e2f-8f67-7e2ba043324c
2025-03-31 12:29:09 - [Cluster 0 - CLIENT] - INFO - [Store 811] Starting local training.
2025-03-31 12:29:10 - [Cluster 0 - CLIENT] - INFO - [Store 451] Local training complete.
2025-03-31 12:29:10 - [Cluster 0 - CLIENT] - INFO - Sent reply
2025-03-31 12:29:10 - [Cluster 0 - CLIENT] - INFO - 
2025-03-31 12:29:10 - [Cluster 0 - CLIENT] - INFO - Received: train message 9de7055f-935c-41f4-907b-1768ea45b696
2025-03-31 12:29:11 - [Cluster 0 - CLIENT] - INFO - [Store 588] Starting local training.
2025-03-31 12:33:26 - [Cluster 0 - CLIENT] - INFO - [Store 447] Local training complete.
2025-03-31 12:33:27 - [Cluster 0 - CLIENT] - INFO - Sent reply
2025-03-31 12:33:28 - [Cluster 0 - CLIENT] - INFO - [Store 329] Local training complete.
2025-03-31 12:33:28 - [Cluster 0 - CLIENT] - INFO - Sent reply
2025-03-31 12:33:29 - [Cluster 0 - CLIENT] - INFO - [Store 300] Local training complete.
2025-03-31 12:33:29 - [Cluster 0 - CLIENT] - INFO - Sent reply
2025-03-31 12:33:31 - [Cluster 0 - CLIENT] - INFO - [Store 689] Local training complete.
2025-03-31 12:33:31 - [Cluster 0 - CLIENT] - INFO - Sent reply
2025-03-31 12:33:32 - [Cluster 0 - CLIENT] - INFO - [Store 75] Local training complete.
2025-03-31 12:33:32 - [Cluster 0 - CLIENT] - INFO - [Store 489] Local training complete.
2025-03-31 12:33:32 - [Cluster 0 - CLIENT] - INFO - Sent reply
2025-03-31 12:33:32 - [Cluster 0 - CLIENT] - INFO - Sent reply
2025-03-31 12:33:34 - [Cluster 0 - CLIENT] - INFO - [Store 314] Local training complete.
2025-03-31 12:33:34 - [Cluster 0 - CLIENT] - INFO - Sent reply
2025-03-31 12:33:34 - [Cluster 0 - CLIENT] - INFO - [Store 1048] Local training complete.
2025-03-31 12:33:34 - [Cluster 0 - CLIENT] - INFO - Sent reply
2025-03-31 12:33:35 - [Cluster 0 - CLIENT] - INFO - [Store 257] Local training complete.
2025-03-31 12:33:35 - [Cluster 0 - CLIENT] - INFO - Sent reply
2025-03-31 12:33:36 - [Cluster 0 - CLIENT] - INFO - [Store 47] Local training complete.
2025-03-31 12:33:36 - [Cluster 0 - CLIENT] - INFO - Sent reply
2025-03-31 12:33:37 - [Cluster 0 - CLIENT] - INFO - [Store 201] Local training complete.
2025-03-31 12:33:37 - [Cluster 0 - CLIENT] - INFO - Sent reply
2025-03-31 12:33:38 - [Cluster 0 - CLIENT] - INFO - [Store 91] Local training complete.
2025-03-31 12:33:38 - [Cluster 0 - CLIENT] - INFO - Sent reply
2025-03-31 12:33:39 - [Cluster 0 - CLIENT] - INFO - [Store 588] Local training complete.
2025-03-31 12:33:39 - [Cluster 0 - CLIENT] - INFO - Sent reply
2025-03-31 12:33:39 - [Cluster 0 - CLIENT] - INFO - [Store 811] Local training complete.
2025-03-31 12:33:39 - [Cluster 0 - CLIENT] - INFO - Sent reply
2025-03-31 12:33:39 - [Cluster 0 - CLIENT] - INFO - [Store 639] Local training complete.
2025-03-31 12:33:39 - [Cluster 0 - CLIENT] - INFO - Sent reply
2025-03-31 12:33:39 - [Cluster 0 - CLIENT] - INFO - 
2025-03-31 12:33:39 - [Cluster 0 - CLIENT] - INFO - Received: evaluate message 99ff9d27-5dd8-4281-9d7f-c20cc3b907cc
2025-03-31 12:33:39 - [Cluster 0 - CLIENT] - INFO - 
2025-03-31 12:33:39 - [Cluster 0 - CLIENT] - INFO - Received: evaluate message 028268db-e471-4fc7-a6e8-bdf2331608af
2025-03-31 12:33:39 - [Cluster 0 - CLIENT] - INFO - 
2025-03-31 12:33:39 - [Cluster 0 - CLIENT] - INFO - Received: evaluate message 88102960-b8a9-49e3-ba2c-2165dcd8aad0
2025-03-31 12:33:39 - [Cluster 0 - CLIENT] - INFO - 
2025-03-31 12:33:39 - [Cluster 0 - CLIENT] - INFO - 
2025-03-31 12:33:39 - [Cluster 0 - CLIENT] - INFO - Received: evaluate message 5b7aa080-90e1-482c-98ed-32ab35b2f760
2025-03-31 12:33:39 - [Cluster 0 - CLIENT] - INFO - Received: evaluate message 56ceb359-5a73-44a5-a60e-16aed1fc7dd0
2025-03-31 12:33:39 - [Cluster 0 - CLIENT] - INFO - 
2025-03-31 12:33:39 - [Cluster 0 - CLIENT] - INFO - Received: evaluate message ba5b554d-a7f0-497b-9d15-d522df5084d4
2025-03-31 12:33:39 - [Cluster 0 - CLIENT] - INFO - 
2025-03-31 12:33:39 - [Cluster 0 - CLIENT] - INFO - Received: evaluate message 44034374-4657-4f96-86a4-4e6310a74467
2025-03-31 12:33:39 - [Cluster 0 - CLIENT] - INFO - 
2025-03-31 12:33:39 - [Cluster 0 - CLIENT] - INFO - Received: evaluate message 7406b957-a02a-4a3f-aaa6-ac9fc4ce118b
2025-03-31 12:33:39 - [Cluster 0 - CLIENT] - INFO - 
2025-03-31 12:33:39 - [Cluster 0 - CLIENT] - INFO - Received: evaluate message 8c05f74f-7a4f-4e94-b640-d720ee211942
2025-03-31 12:33:39 - [Cluster 0 - CLIENT] - INFO - 
2025-03-31 12:33:39 - [Cluster 0 - CLIENT] - INFO - Received: evaluate message 3fd0fb2c-7e3b-429f-9914-e9d2e0130c2f
2025-03-31 12:33:39 - [Cluster 0 - CLIENT] - INFO - 
2025-03-31 12:33:39 - [Cluster 0 - CLIENT] - INFO - Received: evaluate message 4daabe57-40f1-40ce-9b74-62a4db9e4ac6
2025-03-31 12:33:39 - [Cluster 0 - CLIENT] - INFO - 
2025-03-31 12:33:39 - [Cluster 0 - CLIENT] - INFO - 
2025-03-31 12:33:39 - [Cluster 0 - CLIENT] - INFO - Received: evaluate message a4eb382a-f98c-480e-b296-55f764102659
2025-03-31 12:33:39 - [Cluster 0 - CLIENT] - INFO - Received: evaluate message c28541f6-c2d9-4135-9d47-b67b51af5c16
2025-03-31 12:33:39 - [Cluster 0 - CLIENT] - INFO - 
2025-03-31 12:33:39 - [Cluster 0 - CLIENT] - INFO - Received: evaluate message 97224511-1a91-4c4d-90db-3087928ed95d
2025-03-31 12:33:39 - [Cluster 0 - CLIENT] - INFO - 
2025-03-31 12:33:39 - [Cluster 0 - CLIENT] - INFO - Received: evaluate message 2b7d84e3-0305-4d88-a363-ca27c828bfb8
2025-03-31 12:33:40 - [Cluster 0 - CLIENT] - INFO - [Store 811] Evaluation - Loss: 0.2031, MAE: 0.2741
2025-03-31 12:33:40 - [Cluster 0 - CLIENT] - INFO - Sent reply
2025-03-31 12:33:40 - [Cluster 0 - CLIENT] - INFO - 
2025-03-31 12:33:40 - [Cluster 0 - CLIENT] - INFO - Received: evaluate message bd44b558-e493-46c8-ad14-74ad692189c8
2025-03-31 12:33:40 - [Cluster 0 - CLIENT] - INFO - [Store 300] Evaluation - Loss: 0.3599, MAE: 0.3923
2025-03-31 12:33:40 - [Cluster 0 - CLIENT] - INFO - Sent reply
2025-03-31 12:33:40 - [Cluster 0 - CLIENT] - INFO - [Store 1048] Evaluation - Loss: 0.3088, MAE: 0.3514
2025-03-31 12:33:40 - [Cluster 0 - CLIENT] - INFO - Sent reply
2025-03-31 12:33:40 - [Cluster 0 - CLIENT] - INFO - [Store 201] Evaluation - Loss: 0.2859, MAE: 0.3493
2025-03-31 12:33:40 - [Cluster 0 - CLIENT] - INFO - [Store 639] Evaluation - Loss: 0.2115, MAE: 0.2860
2025-03-31 12:33:40 - [Cluster 0 - CLIENT] - INFO - Sent reply
2025-03-31 12:33:40 - [Cluster 0 - CLIENT] - INFO - Sent reply
2025-03-31 12:33:40 - [Cluster 0 - CLIENT] - INFO - 
2025-03-31 12:33:40 - [Cluster 0 - CLIENT] - INFO - Received: evaluate message 1d64cb96-e529-47e9-a0e9-19c57c5f978c
2025-03-31 12:33:40 - [Cluster 0 - CLIENT] - INFO - 
2025-03-31 12:33:40 - [Cluster 0 - CLIENT] - INFO - Received: evaluate message 407fd9c6-6e6c-4961-b94c-812c350b12e3
2025-03-31 12:33:40 - [Cluster 0 - CLIENT] - INFO - 
2025-03-31 12:33:40 - [Cluster 0 - CLIENT] - INFO - Received: evaluate message f30a81a9-0112-4799-868c-0e51e16187a2
2025-03-31 12:33:40 - [Cluster 0 - CLIENT] - INFO - 
2025-03-31 12:33:40 - [Cluster 0 - CLIENT] - INFO - Received: evaluate message 56f01e0a-9798-4f89-8c5c-9c42de4c9fcd
2025-03-31 12:33:40 - [Cluster 0 - CLIENT] - INFO - [Store 47] Evaluation - Loss: 0.2618, MAE: 0.3148
2025-03-31 12:33:40 - [Cluster 0 - CLIENT] - INFO - Sent reply
2025-03-31 12:33:41 - [Cluster 0 - CLIENT] - INFO - 
2025-03-31 12:33:41 - [Cluster 0 - CLIENT] - INFO - Received: evaluate message 9949107e-f071-4daa-8a9f-13d15e70cfaf
2025-03-31 12:33:41 - [Cluster 0 - CLIENT] - INFO - [Store 451] Evaluation - Loss: 0.3108, MAE: 0.3481
2025-03-31 12:33:41 - [Cluster 0 - CLIENT] - INFO - Sent reply
2025-03-31 12:33:41 - [Cluster 0 - CLIENT] - INFO - [Store 857] Evaluation - Loss: 0.3989, MAE: 0.4139
2025-03-31 12:33:41 - [Cluster 0 - CLIENT] - INFO - Sent reply
2025-03-31 12:33:41 - [Cluster 0 - CLIENT] - INFO - [Store 111] Evaluation - Loss: 0.2456, MAE: 0.3065
2025-03-31 12:33:41 - [Cluster 0 - CLIENT] - INFO - Sent reply
2025-03-31 12:33:41 - [Cluster 0 - CLIENT] - INFO - 
2025-03-31 12:33:41 - [Cluster 0 - CLIENT] - INFO - Received: evaluate message 367afd1e-defd-4d13-8a7a-5470e50a1616
2025-03-31 12:33:41 - [Cluster 0 - CLIENT] - INFO - 
2025-03-31 12:33:41 - [Cluster 0 - CLIENT] - INFO - Received: evaluate message af9f11d8-01b6-4042-b824-c1426a43902c
2025-03-31 12:33:41 - [Cluster 0 - CLIENT] - INFO - 
2025-03-31 12:33:41 - [Cluster 0 - CLIENT] - INFO - Received: evaluate message ba588861-2ad6-412c-b1e8-624e2af064b2
2025-03-31 12:33:41 - [Cluster 0 - CLIENT] - INFO - [Store 142] Evaluation - Loss: 0.2617, MAE: 0.3029
2025-03-31 12:33:41 - [Cluster 0 - CLIENT] - INFO - Sent reply
2025-03-31 12:33:41 - [Cluster 0 - CLIENT] - INFO - 
2025-03-31 12:33:41 - [Cluster 0 - CLIENT] - INFO - Received: evaluate message 3f861600-2e1a-4f55-8d76-8586ec66ad5c
2025-03-31 12:33:41 - [Cluster 0 - CLIENT] - INFO - [Store 592] Evaluation - Loss: 0.2516, MAE: 0.3265
2025-03-31 12:33:41 - [Cluster 0 - CLIENT] - INFO - Sent reply
2025-03-31 12:33:41 - [Cluster 0 - CLIENT] - INFO - [Store 848] Evaluation - Loss: 0.2067, MAE: 0.2750
2025-03-31 12:33:41 - [Cluster 0 - CLIENT] - INFO - Sent reply
2025-03-31 12:33:41 - [Cluster 0 - CLIENT] - INFO - 
2025-03-31 12:33:41 - [Cluster 0 - CLIENT] - INFO - Received: evaluate message 1f470ad3-0e9e-4a73-a596-6b4db2a2fd68
2025-03-31 12:33:41 - [Cluster 0 - CLIENT] - INFO - [Store 328] Evaluation - Loss: 0.2372, MAE: 0.3030
2025-03-31 12:33:41 - [Cluster 0 - CLIENT] - INFO - Sent reply
2025-03-31 12:33:41 - [Cluster 0 - CLIENT] - INFO - 
2025-03-31 12:33:41 - [Cluster 0 - CLIENT] - INFO - Received: evaluate message 895ee13f-f110-44dc-8122-e102d04d09e7
2025-03-31 12:33:41 - [Cluster 0 - CLIENT] - INFO - 
2025-03-31 12:33:41 - [Cluster 0 - CLIENT] - INFO - Received: evaluate message b55ba70f-c2e5-4691-8cfc-d92d4709a057
2025-03-31 12:33:41 - [Cluster 0 - CLIENT] - INFO - [Store 327] Evaluation - Loss: 0.2434, MAE: 0.3006
2025-03-31 12:33:41 - [Cluster 0 - CLIENT] - INFO - Sent reply
2025-03-31 12:33:41 - [Cluster 0 - CLIENT] - INFO - [Store 590] Evaluation - Loss: 0.3083, MAE: 0.3658
2025-03-31 12:33:41 - [Cluster 0 - CLIENT] - INFO - Sent reply
2025-03-31 12:33:41 - [Cluster 0 - CLIENT] - INFO - 
2025-03-31 12:33:41 - [Cluster 0 - CLIENT] - INFO - 
2025-03-31 12:33:41 - [Cluster 0 - CLIENT] - INFO - Received: evaluate message 50148a92-8965-495b-bc41-2cb2fda5db92
2025-03-31 12:33:41 - [Cluster 0 - CLIENT] - INFO - Received: evaluate message 7f3e773c-af36-4c36-acc6-6edb64a7cdff
2025-03-31 12:33:42 - [Cluster 0 - CLIENT] - INFO - [Store 314] Evaluation - Loss: 0.2099, MAE: 0.2774
2025-03-31 12:33:42 - [Cluster 0 - CLIENT] - INFO - Sent reply
2025-03-31 12:33:42 - [Cluster 0 - CLIENT] - INFO - [Store 257] Evaluation - Loss: 0.1874, MAE: 0.2609
2025-03-31 12:33:42 - [Cluster 0 - CLIENT] - INFO - [Store 689] Evaluation - Loss: 0.2162, MAE: 0.2676
2025-03-31 12:33:42 - [Cluster 0 - CLIENT] - INFO - Sent reply
2025-03-31 12:33:42 - [Cluster 0 - CLIENT] - INFO - Sent reply
2025-03-31 12:33:42 - [Cluster 0 - CLIENT] - INFO - [Store 489] Evaluation - Loss: 0.2043, MAE: 0.3150
2025-03-31 12:33:42 - [Cluster 0 - CLIENT] - INFO - Sent reply
2025-03-31 12:33:42 - [Cluster 0 - CLIENT] - INFO - [Store 588] Evaluation - Loss: 0.2166, MAE: 0.2885
2025-03-31 12:33:42 - [Cluster 0 - CLIENT] - INFO - Sent reply
2025-03-31 12:33:42 - [Cluster 0 - CLIENT] - INFO - [Store 91] Evaluation - Loss: 0.2739, MAE: 0.3508
2025-03-31 12:33:42 - [Cluster 0 - CLIENT] - INFO - Sent reply
2025-03-31 12:33:42 - [Cluster 0 - CLIENT] - INFO - [Store 294] Evaluation - Loss: 0.2812, MAE: 0.3625
2025-03-31 12:33:42 - [Cluster 0 - CLIENT] - INFO - Sent reply
2025-03-31 12:33:42 - [Cluster 0 - CLIENT] - INFO - [Store 313] Evaluation - Loss: 0.2043, MAE: 0.2911
2025-03-31 12:33:42 - [Cluster 0 - CLIENT] - INFO - Sent reply
2025-03-31 12:33:42 - [Cluster 0 - CLIENT] - INFO - [Store 529] Evaluation - Loss: 0.2175, MAE: 0.2795
2025-03-31 12:33:42 - [Cluster 0 - CLIENT] - INFO - Sent reply
2025-03-31 12:33:42 - [Cluster 0 - CLIENT] - INFO - [Store 418] Evaluation - Loss: 0.3142, MAE: 0.3593
2025-03-31 12:33:42 - [Cluster 0 - CLIENT] - INFO - Sent reply
2025-03-31 12:33:42 - [Cluster 0 - CLIENT] - INFO - [Store 447] Evaluation - Loss: 0.2272, MAE: 0.2951
2025-03-31 12:33:42 - [Cluster 0 - CLIENT] - INFO - Sent reply
2025-03-31 12:33:42 - [Cluster 0 - CLIENT] - INFO - [Store 75] Evaluation - Loss: 0.2409, MAE: 0.2958
2025-03-31 12:33:42 - [Cluster 0 - CLIENT] - INFO - Sent reply
2025-03-31 12:33:42 - [Cluster 0 - CLIENT] - INFO - [Store 242] Evaluation - Loss: 0.2550, MAE: 0.3509
2025-03-31 12:33:42 - [Cluster 0 - CLIENT] - INFO - Sent reply
2025-03-31 12:33:42 - [Cluster 0 - CLIENT] - INFO - [Store 329] Evaluation - Loss: 0.2522, MAE: 0.3246
2025-03-31 12:33:42 - [Cluster 0 - CLIENT] - INFO - Sent reply
2025-03-31 12:33:42 - [Cluster 0 - CLIENT] - INFO - [Store 812] Evaluation - Loss: 0.1820, MAE: 0.2696
2025-03-31 12:33:42 - [Cluster 0 - CLIENT] - INFO - Sent reply
2025-03-31 12:33:42 - [Cluster 0 - CLIENT] - INFO - 
2025-03-31 12:33:42 - [Cluster 0 - CLIENT] - INFO - Received: train message 91abc4b0-af0d-45bd-ba00-05afea0fd387
2025-03-31 12:33:42 - [Cluster 0 - CLIENT] - INFO - 
2025-03-31 12:33:42 - [Cluster 0 - CLIENT] - INFO - Received: train message f2974305-44ca-432f-9b36-e59701ff877e
2025-03-31 12:33:42 - [Cluster 0 - CLIENT] - INFO - 
2025-03-31 12:33:42 - [Cluster 0 - CLIENT] - INFO - Received: train message ca190545-8103-40e8-9fdb-9ced5143d328
2025-03-31 12:33:42 - [Cluster 0 - CLIENT] - INFO - 
2025-03-31 12:33:42 - [Cluster 0 - CLIENT] - INFO - Received: train message 4ebf7a43-2119-4025-8fa0-818c2a57155f
2025-03-31 12:33:42 - [Cluster 0 - CLIENT] - INFO - [Store 529] Starting local training.
2025-03-31 12:33:42 - [Cluster 0 - CLIENT] - INFO - 
2025-03-31 12:33:42 - [Cluster 0 - CLIENT] - INFO - Received: train message 39063947-5227-4d9b-8106-c1ab610746ac
2025-03-31 12:33:42 - [Cluster 0 - CLIENT] - INFO - [Store 812] Starting local training.
2025-03-31 12:33:42 - [Cluster 0 - CLIENT] - INFO - 
2025-03-31 12:33:42 - [Cluster 0 - CLIENT] - INFO - Received: train message 1247e9ed-eb27-4db0-a632-b87214b96a22
2025-03-31 12:33:42 - [Cluster 0 - CLIENT] - INFO - 
2025-03-31 12:33:42 - [Cluster 0 - CLIENT] - INFO - Received: train message ecdf292b-0f04-41b3-87b3-c059c2b5fa82
2025-03-31 12:33:42 - [Cluster 0 - CLIENT] - INFO - 
2025-03-31 12:33:42 - [Cluster 0 - CLIENT] - INFO - Received: train message b9e179bc-bfab-4128-a042-130aa9c8a59b
2025-03-31 12:33:42 - [Cluster 0 - CLIENT] - INFO - [Store 313] Starting local training.
2025-03-31 12:33:42 - [Cluster 0 - CLIENT] - INFO - 
2025-03-31 12:33:42 - [Cluster 0 - CLIENT] - INFO - Received: train message e0ff7e94-6e67-416b-b7ba-4a6f595d20a3
2025-03-31 12:33:42 - [Cluster 0 - CLIENT] - INFO - 
2025-03-31 12:33:42 - [Cluster 0 - CLIENT] - INFO - Received: train message 3c23ab05-b07c-4588-933c-f6088ae4823e
2025-03-31 12:33:42 - [Cluster 0 - CLIENT] - INFO - 
2025-03-31 12:33:42 - [Cluster 0 - CLIENT] - INFO - Received: train message 7517bee5-36c3-431f-9db0-aadb79407c38
2025-03-31 12:33:42 - [Cluster 0 - CLIENT] - INFO - [Store 451] Starting local training.
2025-03-31 12:33:42 - [Cluster 0 - CLIENT] - INFO - 
2025-03-31 12:33:42 - [Cluster 0 - CLIENT] - INFO - Received: train message f45577ff-9641-47d6-adbc-122db09f9806
2025-03-31 12:33:42 - [Cluster 0 - CLIENT] - INFO - [Store 257] Starting local training.
2025-03-31 12:33:42 - [Cluster 0 - CLIENT] - INFO - [Store 294] Starting local training.
2025-03-31 12:33:42 - [Cluster 0 - CLIENT] - INFO - 
2025-03-31 12:33:42 - [Cluster 0 - CLIENT] - INFO - Received: train message 3d8f50c4-1b5c-4c6d-9204-fb5e75d29ed2
2025-03-31 12:33:42 - [Cluster 0 - CLIENT] - INFO - [Store 418] Starting local training.
2025-03-31 12:33:42 - [Cluster 0 - CLIENT] - INFO - [Store 590] Starting local training.
2025-03-31 12:33:42 - [Cluster 0 - CLIENT] - INFO - [Store 447] Starting local training.
2025-03-31 12:33:42 - [Cluster 0 - CLIENT] - INFO - [Store 489] Starting local training.
2025-03-31 12:33:42 - [Cluster 0 - CLIENT] - INFO - 
2025-03-31 12:33:42 - [Cluster 0 - CLIENT] - INFO - Received: train message a11fffcc-d6d0-42c3-a2a6-04fca671a1fe
2025-03-31 12:33:42 - [Cluster 0 - CLIENT] - INFO - 
2025-03-31 12:33:42 - [Cluster 0 - CLIENT] - INFO - [Store 142] Starting local training.
2025-03-31 12:33:42 - [Cluster 0 - CLIENT] - INFO - Received: train message 71f735d2-2504-46b0-ab68-1dc5029393fa
2025-03-31 12:33:42 - [Cluster 0 - CLIENT] - INFO - [Store 201] Starting local training.
2025-03-31 12:33:42 - [Cluster 0 - CLIENT] - INFO - [Store 592] Starting local training.
2025-03-31 12:33:43 - [Cluster 0 - CLIENT] - INFO - [Store 811] Starting local training.
2025-03-31 12:33:43 - [Cluster 0 - CLIENT] - INFO - [Store 857] Starting local training.
2025-03-31 12:37:55 - [Cluster 0 - CLIENT] - INFO - [Store 451] Local training complete.
2025-03-31 12:37:55 - [Cluster 0 - CLIENT] - INFO - Sent reply
2025-03-31 12:37:55 - [Cluster 0 - CLIENT] - INFO - 
2025-03-31 12:37:55 - [Cluster 0 - CLIENT] - INFO - Received: train message 548e5a38-26b0-4db8-ae55-075a995b5893
2025-03-31 12:37:55 - [Cluster 0 - CLIENT] - INFO - [Store 91] Starting local training.
2025-03-31 12:37:57 - [Cluster 0 - CLIENT] - INFO - [Store 592] Local training complete.
2025-03-31 12:37:57 - [Cluster 0 - CLIENT] - INFO - Sent reply
2025-03-31 12:37:57 - [Cluster 0 - CLIENT] - INFO - 
2025-03-31 12:37:57 - [Cluster 0 - CLIENT] - INFO - Received: train message 9eab1253-39ac-4341-afe6-05593e0dbf11
2025-03-31 12:37:57 - [Cluster 0 - CLIENT] - INFO - [Store 329] Starting local training.
2025-03-31 12:37:58 - [Cluster 0 - CLIENT] - INFO - [Store 812] Local training complete.
2025-03-31 12:37:58 - [Cluster 0 - CLIENT] - INFO - Sent reply
2025-03-31 12:37:58 - [Cluster 0 - CLIENT] - INFO - 
2025-03-31 12:37:58 - [Cluster 0 - CLIENT] - INFO - Received: train message 2776bb17-49b4-4a6d-9f7e-3940564430a3
2025-03-31 12:37:58 - [Cluster 0 - CLIENT] - INFO - [Store 300] Starting local training.
2025-03-31 12:38:00 - [Cluster 0 - CLIENT] - INFO - [Store 447] Local training complete.
2025-03-31 12:38:00 - [Cluster 0 - CLIENT] - INFO - [Store 418] Local training complete.
2025-03-31 12:38:00 - [Cluster 0 - CLIENT] - INFO - Sent reply
2025-03-31 12:38:00 - [Cluster 0 - CLIENT] - INFO - Sent reply
2025-03-31 12:38:00 - [Cluster 0 - CLIENT] - INFO - 
2025-03-31 12:38:00 - [Cluster 0 - CLIENT] - INFO - Received: train message 617ae6d6-8a02-4453-ae2b-9dc089831ac9
2025-03-31 12:38:00 - [Cluster 0 - CLIENT] - INFO - 
2025-03-31 12:38:00 - [Cluster 0 - CLIENT] - INFO - Received: train message 3c67e80f-d903-4b9f-89e6-68fab0a43634
2025-03-31 12:38:00 - [Cluster 0 - CLIENT] - INFO - [Store 75] Starting local training.
2025-03-31 12:38:00 - [Cluster 0 - CLIENT] - INFO - [Store 328] Starting local training.
2025-03-31 12:38:04 - [Cluster 0 - CLIENT] - INFO - [Store 590] Local training complete.
2025-03-31 12:38:04 - [Cluster 0 - CLIENT] - INFO - 
2025-03-31 12:38:04 - [Cluster 0 - CLIENT] - INFO - Received: train message 45ae32e8-2db1-4fa0-8ee7-2ff98cea6b10
2025-03-31 12:38:04 - [Cluster 0 - CLIENT] - INFO - [Store 848] Starting local training.
2025-03-31 12:38:04 - [Cluster 0 - CLIENT] - INFO - [Store 257] Local training complete.
2025-03-31 12:38:04 - [Cluster 0 - CLIENT] - INFO - Sent reply
2025-03-31 12:38:04 - [Cluster 0 - CLIENT] - INFO - 
2025-03-31 12:38:04 - [Cluster 0 - CLIENT] - INFO - Received: train message 6805030c-1036-4b09-963a-5ef0d95ae571
2025-03-31 12:38:04 - [Cluster 0 - CLIENT] - INFO - [Store 689] Starting local training.
2025-03-31 12:38:04 - [Cluster 0 - CLIENT] - INFO - Sent reply
2025-03-31 12:38:04 - [Cluster 0 - CLIENT] - INFO - [Store 857] Local training complete.
2025-03-31 12:38:04 - [Cluster 0 - CLIENT] - INFO - Sent reply
2025-03-31 12:38:04 - [Cluster 0 - CLIENT] - INFO - 
2025-03-31 12:38:04 - [Cluster 0 - CLIENT] - INFO - Received: train message 69a1def5-2c40-4b99-9b5a-e2f98e3711e1
2025-03-31 12:38:04 - [Cluster 0 - CLIENT] - INFO - [Store 242] Starting local training.
2025-03-31 12:38:05 - [Cluster 0 - CLIENT] - INFO - [Store 313] Local training complete.
2025-03-31 12:38:06 - [Cluster 0 - CLIENT] - INFO - [Store 489] Local training complete.
2025-03-31 12:38:06 - [Cluster 0 - CLIENT] - INFO - Sent reply
2025-03-31 12:38:06 - [Cluster 0 - CLIENT] - INFO - Sent reply
2025-03-31 12:38:06 - [Cluster 0 - CLIENT] - INFO - 
2025-03-31 12:38:06 - [Cluster 0 - CLIENT] - INFO - Received: train message 2f467662-da57-4ad1-8742-701102df4dde
2025-03-31 12:38:06 - [Cluster 0 - CLIENT] - INFO - 
2025-03-31 12:38:06 - [Cluster 0 - CLIENT] - INFO - Received: train message 57c4adda-eb0d-4259-b7e6-f5aa70320333
2025-03-31 12:38:06 - [Cluster 0 - CLIENT] - INFO - [Store 314] Starting local training.
2025-03-31 12:38:06 - [Cluster 0 - CLIENT] - INFO - [Store 1048] Starting local training.
2025-03-31 12:38:07 - [Cluster 0 - CLIENT] - INFO - [Store 201] Local training complete.
2025-03-31 12:38:07 - [Cluster 0 - CLIENT] - INFO - Sent reply
2025-03-31 12:38:07 - [Cluster 0 - CLIENT] - INFO - 
2025-03-31 12:38:07 - [Cluster 0 - CLIENT] - INFO - Received: train message 13da136f-5293-4f7c-94c6-45f906aca4cb
2025-03-31 12:38:07 - [Cluster 0 - CLIENT] - INFO - [Store 111] Starting local training.
2025-03-31 12:38:10 - [Cluster 0 - CLIENT] - INFO - [Store 529] Local training complete.
2025-03-31 12:38:10 - [Cluster 0 - CLIENT] - INFO - Sent reply
2025-03-31 12:38:10 - [Cluster 0 - CLIENT] - INFO - 
2025-03-31 12:38:10 - [Cluster 0 - CLIENT] - INFO - Received: train message fe423d39-1bff-4f44-ae9f-5ea2d68b0ab4
2025-03-31 12:38:10 - [Cluster 0 - CLIENT] - INFO - [Store 588] Starting local training.
2025-03-31 12:38:15 - [Cluster 0 - CLIENT] - INFO - [Store 811] Local training complete.
2025-03-31 12:38:15 - [Cluster 0 - CLIENT] - INFO - Sent reply
2025-03-31 12:38:15 - [Cluster 0 - CLIENT] - INFO - 
2025-03-31 12:38:15 - [Cluster 0 - CLIENT] - INFO - Received: train message 707cd3ba-0cf0-4f23-a4b3-b32233ba9b6b
2025-03-31 12:38:15 - [Cluster 0 - CLIENT] - INFO - [Store 47] Starting local training.
2025-03-31 12:38:16 - [Cluster 0 - CLIENT] - INFO - [Store 294] Local training complete.
2025-03-31 12:38:16 - [Cluster 0 - CLIENT] - INFO - Sent reply
2025-03-31 12:38:16 - [Cluster 0 - CLIENT] - INFO - 
2025-03-31 12:38:16 - [Cluster 0 - CLIENT] - INFO - Received: train message c82b1ec4-6e82-4fb4-9039-a77829b2d142
2025-03-31 12:38:16 - [Cluster 0 - CLIENT] - INFO - [Store 327] Starting local training.
2025-03-31 12:38:24 - [Cluster 0 - CLIENT] - INFO - [Store 142] Local training complete.
2025-03-31 12:38:24 - [Cluster 0 - CLIENT] - INFO - Sent reply
2025-03-31 12:38:24 - [Cluster 0 - CLIENT] - INFO - 
2025-03-31 12:38:24 - [Cluster 0 - CLIENT] - INFO - Received: train message 0b36e1af-5d9e-4fda-8629-0da76a5521ea
2025-03-31 12:38:24 - [Cluster 0 - CLIENT] - INFO - [Store 639] Starting local training.
2025-03-31 12:42:54 - [Cluster 0 - CLIENT] - INFO - [Store 300] Local training complete.
2025-03-31 12:42:54 - [Cluster 0 - CLIENT] - INFO - Sent reply
2025-03-31 12:42:57 - [Cluster 0 - CLIENT] - INFO - [Store 329] Local training complete.
2025-03-31 12:42:57 - [Cluster 0 - CLIENT] - INFO - Sent reply
2025-03-31 12:42:59 - [Cluster 0 - CLIENT] - INFO - [Store 689] Local training complete.
2025-03-31 12:42:59 - [Cluster 0 - CLIENT] - INFO - Sent reply
2025-03-31 12:43:00 - [Cluster 0 - CLIENT] - INFO - [Store 328] Local training complete.
2025-03-31 12:43:00 - [Cluster 0 - CLIENT] - INFO - Sent reply
2025-03-31 12:43:01 - [Cluster 0 - CLIENT] - INFO - [Store 314] Local training complete.
2025-03-31 12:43:01 - [Cluster 0 - CLIENT] - INFO - Sent reply
2025-03-31 12:43:01 - [Cluster 0 - CLIENT] - INFO - [Store 111] Local training complete.
2025-03-31 12:43:01 - [Cluster 0 - CLIENT] - INFO - Sent reply
2025-03-31 12:43:01 - [Cluster 0 - CLIENT] - INFO - [Store 242] Local training complete.
2025-03-31 12:43:01 - [Cluster 0 - CLIENT] - INFO - Sent reply
2025-03-31 12:43:03 - [Cluster 0 - CLIENT] - INFO - [Store 1048] Local training complete.
2025-03-31 12:43:03 - [Cluster 0 - CLIENT] - INFO - Sent reply
2025-03-31 12:43:05 - [Cluster 0 - CLIENT] - INFO - [Store 75] Local training complete.
2025-03-31 12:43:05 - [Cluster 0 - CLIENT] - INFO - [Store 848] Local training complete.
2025-03-31 12:43:05 - [Cluster 0 - CLIENT] - INFO - Sent reply
2025-03-31 12:43:05 - [Cluster 0 - CLIENT] - INFO - Sent reply
2025-03-31 12:43:05 - [Cluster 0 - CLIENT] - INFO - [Store 588] Local training complete.
2025-03-31 12:43:05 - [Cluster 0 - CLIENT] - INFO - Sent reply
2025-03-31 12:43:05 - [Cluster 0 - CLIENT] - INFO - [Store 91] Local training complete.
2025-03-31 12:43:05 - [Cluster 0 - CLIENT] - INFO - Sent reply
2025-03-31 12:43:06 - [Cluster 0 - CLIENT] - INFO - [Store 47] Local training complete.
2025-03-31 12:43:06 - [Cluster 0 - CLIENT] - INFO - [Store 327] Local training complete.
2025-03-31 12:43:06 - [Cluster 0 - CLIENT] - INFO - Sent reply
2025-03-31 12:43:06 - [Cluster 0 - CLIENT] - INFO - Sent reply
2025-03-31 12:43:06 - [Cluster 0 - CLIENT] - INFO - [Store 639] Local training complete.
2025-03-31 12:43:06 - [Cluster 0 - CLIENT] - INFO - Sent reply
2025-03-31 12:43:06 - [Cluster 0 - CLIENT] - INFO - 
2025-03-31 12:43:06 - [Cluster 0 - CLIENT] - INFO - Received: evaluate message d11b33f8-488d-4d81-9df9-d1b27b26d015
2025-03-31 12:43:06 - [Cluster 0 - CLIENT] - INFO - 
2025-03-31 12:43:06 - [Cluster 0 - CLIENT] - INFO - 
2025-03-31 12:43:06 - [Cluster 0 - CLIENT] - INFO - Received: evaluate message 63b759fd-5b2c-495f-b2a2-1a410177e076
2025-03-31 12:43:06 - [Cluster 0 - CLIENT] - INFO - Received: evaluate message ced3508e-1351-4898-b6c0-5b163508c677
2025-03-31 12:43:06 - [Cluster 0 - CLIENT] - INFO - 
2025-03-31 12:43:06 - [Cluster 0 - CLIENT] - INFO - Received: evaluate message b9f4a7b1-4958-4626-b6e8-0932e3e42aea
2025-03-31 12:43:06 - [Cluster 0 - CLIENT] - INFO - 
2025-03-31 12:43:06 - [Cluster 0 - CLIENT] - INFO - Received: evaluate message ccb33cdd-f506-494f-85f3-672f6775e56f
2025-03-31 12:43:06 - [Cluster 0 - CLIENT] - INFO - 
2025-03-31 12:43:06 - [Cluster 0 - CLIENT] - INFO - 
2025-03-31 12:43:06 - [Cluster 0 - CLIENT] - INFO - Received: evaluate message 2ec174be-32fd-4904-bf02-81067eaa1fb0
2025-03-31 12:43:06 - [Cluster 0 - CLIENT] - INFO - Received: evaluate message daae7fd1-0030-415d-bab7-61f14d1057b1
2025-03-31 12:43:06 - [Cluster 0 - CLIENT] - INFO - 
2025-03-31 12:43:06 - [Cluster 0 - CLIENT] - INFO - Received: evaluate message 82dafb64-beb8-420f-94ce-ddaa93c9e106
2025-03-31 12:43:06 - [Cluster 0 - CLIENT] - INFO - 
2025-03-31 12:43:06 - [Cluster 0 - CLIENT] - INFO - Received: evaluate message 026e4c30-a416-4d1b-b633-848e7895506b
2025-03-31 12:43:06 - [Cluster 0 - CLIENT] - INFO - 
2025-03-31 12:43:06 - [Cluster 0 - CLIENT] - INFO - Received: evaluate message ad508755-4365-47aa-8671-054199ac9b9e
2025-03-31 12:43:06 - [Cluster 0 - CLIENT] - INFO - 
2025-03-31 12:43:06 - [Cluster 0 - CLIENT] - INFO - Received: evaluate message 9f4c16d2-9690-45d5-ad81-125eac54dec5
2025-03-31 12:43:06 - [Cluster 0 - CLIENT] - INFO - 
2025-03-31 12:43:06 - [Cluster 0 - CLIENT] - INFO - 
2025-03-31 12:43:06 - [Cluster 0 - CLIENT] - INFO - Received: evaluate message 6cd2114f-51bf-4353-b2d8-34fddcb08bdb
2025-03-31 12:43:06 - [Cluster 0 - CLIENT] - INFO - Received: evaluate message 4b47d8ad-1cb6-40d7-a2ee-6f6514cfc932
2025-03-31 12:43:07 - [Cluster 0 - CLIENT] - INFO - 
2025-03-31 12:43:07 - [Cluster 0 - CLIENT] - INFO - Received: evaluate message ed26cf9b-7ab0-4240-9ccd-02e4261e308d
2025-03-31 12:43:07 - [Cluster 0 - CLIENT] - INFO - 
2025-03-31 12:43:07 - [Cluster 0 - CLIENT] - INFO - Received: evaluate message cf12e9d9-111b-449e-b0e7-070d21bf04dc
2025-03-31 12:43:08 - [Cluster 0 - CLIENT] - INFO - [Store 689] Evaluation - Loss: 0.2097, MAE: 0.2643
2025-03-31 12:43:08 - [Cluster 0 - CLIENT] - INFO - Sent reply
2025-03-31 12:43:08 - [Cluster 0 - CLIENT] - INFO - 
2025-03-31 12:43:08 - [Cluster 0 - CLIENT] - INFO - Received: evaluate message c49b7561-88cf-40d0-a73e-8a93fc227e37
2025-03-31 12:43:08 - [Cluster 0 - CLIENT] - INFO - [Store 329] Evaluation - Loss: 0.2464, MAE: 0.3185
2025-03-31 12:43:08 - [Cluster 0 - CLIENT] - INFO - Sent reply
2025-03-31 12:43:08 - [Cluster 0 - CLIENT] - INFO - 
2025-03-31 12:43:08 - [Cluster 0 - CLIENT] - INFO - Received: evaluate message 8b20b2f0-32ac-41d3-bb96-7a68d4f5a616
2025-03-31 12:43:08 - [Cluster 0 - CLIENT] - INFO - [Store 639] Evaluation - Loss: 0.2038, MAE: 0.2800
2025-03-31 12:43:08 - [Cluster 0 - CLIENT] - INFO - Sent reply
2025-03-31 12:43:08 - [Cluster 0 - CLIENT] - INFO - [Store 857] Evaluation - Loss: 0.4040, MAE: 0.4248
2025-03-31 12:43:08 - [Cluster 0 - CLIENT] - INFO - 
2025-03-31 12:43:08 - [Cluster 0 - CLIENT] - INFO - Received: evaluate message 93e58421-a904-4552-ad25-f06928044823
2025-03-31 12:43:08 - [Cluster 0 - CLIENT] - INFO - [Store 300] Evaluation - Loss: 0.3625, MAE: 0.4038
2025-03-31 12:43:08 - [Cluster 0 - CLIENT] - INFO - Sent reply
2025-03-31 12:43:08 - [Cluster 0 - CLIENT] - INFO - Sent reply
2025-03-31 12:43:08 - [Cluster 0 - CLIENT] - INFO - [Store 418] Evaluation - Loss: 0.3085, MAE: 0.3517
2025-03-31 12:43:08 - [Cluster 0 - CLIENT] - INFO - Sent reply
2025-03-31 12:43:08 - [Cluster 0 - CLIENT] - INFO - [Store 328] Evaluation - Loss: 0.2320, MAE: 0.2965
2025-03-31 12:43:08 - [Cluster 0 - CLIENT] - INFO - [Store 447] Evaluation - Loss: 0.2329, MAE: 0.3080
2025-03-31 12:43:08 - [Cluster 0 - CLIENT] - INFO - Sent reply
2025-03-31 12:43:08 - [Cluster 0 - CLIENT] - INFO - Sent reply
2025-03-31 12:43:08 - [Cluster 0 - CLIENT] - INFO - 
2025-03-31 12:43:08 - [Cluster 0 - CLIENT] - INFO - Received: evaluate message 37ffb751-1a8e-4ee5-9871-7f7a53313240
2025-03-31 12:43:08 - [Cluster 0 - CLIENT] - INFO - 
2025-03-31 12:43:08 - [Cluster 0 - CLIENT] - INFO - Received: evaluate message 1068e4fa-b8f0-4f90-8a48-d840023b7d5e
2025-03-31 12:43:08 - [Cluster 0 - CLIENT] - INFO - 
2025-03-31 12:43:08 - [Cluster 0 - CLIENT] - INFO - Received: evaluate message b829a143-e69b-440b-ac6c-0308bd1b1d08
2025-03-31 12:43:08 - [Cluster 0 - CLIENT] - INFO - 
2025-03-31 12:43:08 - [Cluster 0 - CLIENT] - INFO - Received: evaluate message 1cfc33c3-b713-4296-ab26-6f5ab3b8c35f
2025-03-31 12:43:08 - [Cluster 0 - CLIENT] - INFO - 
2025-03-31 12:43:08 - [Cluster 0 - CLIENT] - INFO - Received: evaluate message f0966a5f-84fa-498c-b01a-a416ed3eb3e4
2025-03-31 12:43:08 - [Cluster 0 - CLIENT] - INFO - [Store 451] Evaluation - Loss: 0.3093, MAE: 0.3553
2025-03-31 12:43:08 - [Cluster 0 - CLIENT] - INFO - Sent reply
2025-03-31 12:43:08 - [Cluster 0 - CLIENT] - INFO - [Store 294] Evaluation - Loss: 0.2757, MAE: 0.3565
2025-03-31 12:43:08 - [Cluster 0 - CLIENT] - INFO - Sent reply
2025-03-31 12:43:08 - [Cluster 0 - CLIENT] - INFO - 
2025-03-31 12:43:09 - [Cluster 0 - CLIENT] - INFO - Received: evaluate message 1265df33-ffca-4131-95a1-d2a61c46f20f
2025-03-31 12:43:09 - [Cluster 0 - CLIENT] - INFO - 
2025-03-31 12:43:09 - [Cluster 0 - CLIENT] - INFO - Received: evaluate message 0e064eb0-2e53-4165-9650-46745ac0e409
2025-03-31 12:43:09 - [Cluster 0 - CLIENT] - INFO - [Store 489] Evaluation - Loss: 0.1941, MAE: 0.3032
2025-03-31 12:43:09 - [Cluster 0 - CLIENT] - INFO - Sent reply
2025-03-31 12:43:09 - [Cluster 0 - CLIENT] - INFO - 
2025-03-31 12:43:09 - [Cluster 0 - CLIENT] - INFO - Received: evaluate message 1fd28513-c8de-4e77-aae9-613b70ebca9d
2025-03-31 12:43:09 - [Cluster 0 - CLIENT] - INFO - [Store 811] Evaluation - Loss: 0.2023, MAE: 0.2811
2025-03-31 12:43:09 - [Cluster 0 - CLIENT] - INFO - Sent reply
2025-03-31 12:43:09 - [Cluster 0 - CLIENT] - INFO - 
2025-03-31 12:43:09 - [Cluster 0 - CLIENT] - INFO - Received: evaluate message d1579a1f-2e0a-4550-82b1-49a3c00298ae
2025-03-31 12:43:09 - [Cluster 0 - CLIENT] - INFO - [Store 201] Evaluation - Loss: 0.2842, MAE: 0.3544
2025-03-31 12:43:09 - [Cluster 0 - CLIENT] - INFO - Sent reply
2025-03-31 12:43:09 - [Cluster 0 - CLIENT] - INFO - 
2025-03-31 12:43:09 - [Cluster 0 - CLIENT] - INFO - Received: evaluate message de804a1c-9900-4eed-a2f9-b5be593230b0
2025-03-31 12:43:09 - [Cluster 0 - CLIENT] - INFO - [Store 592] Evaluation - Loss: 0.2471, MAE: 0.3202
2025-03-31 12:43:09 - [Cluster 0 - CLIENT] - INFO - Sent reply
2025-03-31 12:43:09 - [Cluster 0 - CLIENT] - INFO - 
2025-03-31 12:43:09 - [Cluster 0 - CLIENT] - INFO - Received: evaluate message c2879749-4a00-4781-8e09-efa644ce2ac4
2025-03-31 12:43:09 - [Cluster 0 - CLIENT] - INFO - [Store 1048] Evaluation - Loss: 0.3105, MAE: 0.3534
2025-03-31 12:43:09 - [Cluster 0 - CLIENT] - INFO - Sent reply
2025-03-31 12:43:09 - [Cluster 0 - CLIENT] - INFO - 
2025-03-31 12:43:09 - [Cluster 0 - CLIENT] - INFO - Received: evaluate message 6ad1bc3a-b286-4179-ab72-c59ef290cb1c
2025-03-31 12:43:10 - [Cluster 0 - CLIENT] - INFO - [Store 327] Evaluation - Loss: 0.2413, MAE: 0.3004
2025-03-31 12:43:10 - [Cluster 0 - CLIENT] - INFO - Sent reply
2025-03-31 12:43:10 - [Cluster 0 - CLIENT] - INFO - [Store 257] Evaluation - Loss: 0.1844, MAE: 0.2579
2025-03-31 12:43:10 - [Cluster 0 - CLIENT] - INFO - Sent reply
2025-03-31 12:43:10 - [Cluster 0 - CLIENT] - INFO - [Store 75] Evaluation - Loss: 0.2412, MAE: 0.3060
2025-03-31 12:43:10 - [Cluster 0 - CLIENT] - INFO - Sent reply
2025-03-31 12:43:10 - [Cluster 0 - CLIENT] - INFO - [Store 142] Evaluation - Loss: 0.2598, MAE: 0.3021
2025-03-31 12:43:10 - [Cluster 0 - CLIENT] - INFO - Sent reply
2025-03-31 12:43:10 - [Cluster 0 - CLIENT] - INFO - [Store 242] Evaluation - Loss: 0.2475, MAE: 0.3415
2025-03-31 12:43:10 - [Cluster 0 - CLIENT] - INFO - [Store 47] Evaluation - Loss: 0.2608, MAE: 0.3188
2025-03-31 12:43:10 - [Cluster 0 - CLIENT] - INFO - Sent reply
2025-03-31 12:43:10 - [Cluster 0 - CLIENT] - INFO - Sent reply
2025-03-31 12:43:10 - [Cluster 0 - CLIENT] - INFO - [Store 91] Evaluation - Loss: 0.2716, MAE: 0.3469
2025-03-31 12:43:10 - [Cluster 0 - CLIENT] - INFO - Sent reply
2025-03-31 12:43:10 - [Cluster 0 - CLIENT] - INFO - [Store 590] Evaluation - Loss: 0.3096, MAE: 0.3733
2025-03-31 12:43:10 - [Cluster 0 - CLIENT] - INFO - Sent reply
2025-03-31 12:43:10 - [Cluster 0 - CLIENT] - INFO - [Store 314] Evaluation - Loss: 0.2047, MAE: 0.2701
2025-03-31 12:43:10 - [Cluster 0 - CLIENT] - INFO - Sent reply
2025-03-31 12:43:11 - [Cluster 0 - CLIENT] - INFO - [Store 812] Evaluation - Loss: 0.1761, MAE: 0.2606
2025-03-31 12:43:11 - [Cluster 0 - CLIENT] - INFO - Sent reply
2025-03-31 12:43:11 - [Cluster 0 - CLIENT] - INFO - [Store 529] Evaluation - Loss: 0.2167, MAE: 0.2844
2025-03-31 12:43:11 - [Cluster 0 - CLIENT] - INFO - Sent reply
2025-03-31 12:43:11 - [Cluster 0 - CLIENT] - INFO - [Store 111] Evaluation - Loss: 0.2437, MAE: 0.3090
2025-03-31 12:43:11 - [Cluster 0 - CLIENT] - INFO - Sent reply
2025-03-31 12:43:11 - [Cluster 0 - CLIENT] - INFO - [Store 588] Evaluation - Loss: 0.2140, MAE: 0.2914
2025-03-31 12:43:11 - [Cluster 0 - CLIENT] - INFO - Sent reply
2025-03-31 12:43:11 - [Cluster 0 - CLIENT] - INFO - [Store 848] Evaluation - Loss: 0.2031, MAE: 0.2703
2025-03-31 12:43:11 - [Cluster 0 - CLIENT] - INFO - [Store 313] Evaluation - Loss: 0.1984, MAE: 0.2851
2025-03-31 12:43:11 - [Cluster 0 - CLIENT] - INFO - Sent reply
2025-03-31 12:43:11 - [Cluster 0 - CLIENT] - INFO - Sent reply
2025-03-31 12:43:11 - [Cluster 0 - CLIENT] - INFO - 
2025-03-31 12:43:11 - [Cluster 0 - CLIENT] - INFO - Received: train message f185743d-0e23-4203-b355-b4fa16ed90c3
2025-03-31 12:43:11 - [Cluster 0 - CLIENT] - INFO - 
2025-03-31 12:43:11 - [Cluster 0 - CLIENT] - INFO - Received: train message 9897cae0-281f-4c71-bf44-f66fa294b65b
2025-03-31 12:43:11 - [Cluster 0 - CLIENT] - INFO - 
2025-03-31 12:43:11 - [Cluster 0 - CLIENT] - INFO - Received: train message b296c7ad-a805-45c5-9e6a-6998faaa9c76
2025-03-31 12:43:11 - [Cluster 0 - CLIENT] - INFO - 
2025-03-31 12:43:11 - [Cluster 0 - CLIENT] - INFO - Received: train message cba4d74c-ef2d-4b0d-920e-b9ba89e335e1
2025-03-31 12:43:11 - [Cluster 0 - CLIENT] - INFO - [Store 590] Starting local training.
2025-03-31 12:43:11 - [Cluster 0 - CLIENT] - INFO - 
2025-03-31 12:43:11 - [Cluster 0 - CLIENT] - INFO - [Store 242] Starting local training.
2025-03-31 12:43:11 - [Cluster 0 - CLIENT] - INFO - Received: train message 02828b6a-ef2f-4955-9bf8-11d821dbe70a
2025-03-31 12:43:11 - [Cluster 0 - CLIENT] - INFO - 
2025-03-31 12:43:11 - [Cluster 0 - CLIENT] - INFO - Received: train message 5f25671a-1170-4684-bf44-2653a9a1fbf4
2025-03-31 12:43:11 - [Cluster 0 - CLIENT] - INFO - 
2025-03-31 12:43:11 - [Cluster 0 - CLIENT] - INFO - Received: train message ee9edd69-46c7-46c2-84c4-dfa6696a45a1
2025-03-31 12:43:11 - [Cluster 0 - CLIENT] - INFO - [Store 588] Starting local training.
2025-03-31 12:43:11 - [Cluster 0 - CLIENT] - INFO - 
2025-03-31 12:43:11 - [Cluster 0 - CLIENT] - INFO - Received: train message 6067671d-c2fa-4ea9-9eed-6a3fc564f702
2025-03-31 12:43:11 - [Cluster 0 - CLIENT] - INFO - 
2025-03-31 12:43:11 - [Cluster 0 - CLIENT] - INFO - Received: train message 66200a92-417a-46d6-9489-dfdcc2d0df68
2025-03-31 12:43:11 - [Cluster 0 - CLIENT] - INFO - [Store 294] Starting local training.
2025-03-31 12:43:11 - [Cluster 0 - CLIENT] - INFO - [Store 327] Starting local training.
2025-03-31 12:43:11 - [Cluster 0 - CLIENT] - INFO - [Store 47] Starting local training.
2025-03-31 12:43:11 - [Cluster 0 - CLIENT] - INFO - 
2025-03-31 12:43:11 - [Cluster 0 - CLIENT] - INFO - Received: train message d4437fa3-d25b-48b9-8784-744967b20810
2025-03-31 12:43:11 - [Cluster 0 - CLIENT] - INFO - 
2025-03-31 12:43:11 - [Cluster 0 - CLIENT] - INFO - Received: train message a3687558-cd7e-462d-a58e-1460e41d4248
2025-03-31 12:43:11 - [Cluster 0 - CLIENT] - INFO - 
2025-03-31 12:43:11 - [Cluster 0 - CLIENT] - INFO - Received: train message dc651144-da5b-40da-828d-2d1b0733109b
2025-03-31 12:43:11 - [Cluster 0 - CLIENT] - INFO - 
2025-03-31 12:43:11 - [Cluster 0 - CLIENT] - INFO - Received: train message 1af3fd06-dc0c-40b7-b053-c6f4a70d168c
2025-03-31 12:43:11 - [Cluster 0 - CLIENT] - INFO - 
2025-03-31 12:43:11 - [Cluster 0 - CLIENT] - INFO - Received: train message 222a84d1-8528-4d3b-902d-618947e8c9ae
2025-03-31 12:43:11 - [Cluster 0 - CLIENT] - INFO - [Store 329] Starting local training.
2025-03-31 12:43:11 - [Cluster 0 - CLIENT] - INFO - 
2025-03-31 12:43:11 - [Cluster 0 - CLIENT] - INFO - Received: train message 077eaaf6-c7c0-427c-9208-2f9fed302af3
2025-03-31 12:43:11 - [Cluster 0 - CLIENT] - INFO - [Store 489] Starting local training.
2025-03-31 12:43:11 - [Cluster 0 - CLIENT] - INFO - [Store 91] Starting local training.
2025-03-31 12:43:11 - [Cluster 0 - CLIENT] - INFO - [Store 689] Starting local training.
2025-03-31 12:43:11 - [Cluster 0 - CLIENT] - INFO - [Store 300] Starting local training.
2025-03-31 12:43:11 - [Cluster 0 - CLIENT] - INFO - [Store 1048] Starting local training.
2025-03-31 12:43:11 - [Cluster 0 - CLIENT] - INFO - [Store 418] Starting local training.
2025-03-31 12:43:11 - [Cluster 0 - CLIENT] - INFO - [Store 857] Starting local training.
2025-03-31 12:43:11 - [Cluster 0 - CLIENT] - INFO - [Store 639] Starting local training.
2025-03-31 12:48:00 - [Cluster 0 - CLIENT] - INFO - [Store 590] Local training complete.
2025-03-31 12:48:00 - [Cluster 0 - CLIENT] - INFO - Sent reply
2025-03-31 12:48:00 - [Cluster 0 - CLIENT] - INFO - 
2025-03-31 12:48:00 - [Cluster 0 - CLIENT] - INFO - Received: train message a6aab6d0-cf96-41ac-adee-87a1d24379f2
2025-03-31 12:48:00 - [Cluster 0 - CLIENT] - INFO - [Store 812] Starting local training.
2025-03-31 12:48:05 - [Cluster 0 - CLIENT] - INFO - [Store 300] Local training complete.
2025-03-31 12:48:05 - [Cluster 0 - CLIENT] - INFO - Sent reply
2025-03-31 12:48:05 - [Cluster 0 - CLIENT] - INFO - 
2025-03-31 12:48:05 - [Cluster 0 - CLIENT] - INFO - Received: train message 8c5b9471-51ee-4184-bf31-9cfbd15b0cb0
2025-03-31 12:48:05 - [Cluster 0 - CLIENT] - INFO - [Store 328] Starting local training.
2025-03-31 12:48:06 - [Cluster 0 - CLIENT] - INFO - [Store 639] Local training complete.
2025-03-31 12:48:06 - [Cluster 0 - CLIENT] - INFO - Sent reply
2025-03-31 12:48:06 - [Cluster 0 - CLIENT] - INFO - 
2025-03-31 12:48:06 - [Cluster 0 - CLIENT] - INFO - Received: train message 069d92b2-d8a0-460a-b4ea-2ef5a7395691
2025-03-31 12:48:06 - [Cluster 0 - CLIENT] - INFO - [Store 811] Starting local training.
2025-03-31 12:48:06 - [Cluster 0 - CLIENT] - INFO - [Store 242] Local training complete.
2025-03-31 12:48:06 - [Cluster 0 - CLIENT] - INFO - Sent reply
2025-03-31 12:48:06 - [Cluster 0 - CLIENT] - INFO - 
2025-03-31 12:48:06 - [Cluster 0 - CLIENT] - INFO - Received: train message ee2a442d-572b-40a9-972c-ba6ab853a3bf
2025-03-31 12:48:06 - [Cluster 0 - CLIENT] - INFO - [Store 489] Local training complete.
2025-03-31 12:48:06 - [Cluster 0 - CLIENT] - INFO - Sent reply
2025-03-31 12:48:07 - [Cluster 0 - CLIENT] - INFO - [Store 257] Starting local training.
2025-03-31 12:48:07 - [Cluster 0 - CLIENT] - INFO - 
2025-03-31 12:48:07 - [Cluster 0 - CLIENT] - INFO - Received: train message 9bcc2b45-6fad-4c74-9711-a66b40388555
2025-03-31 12:48:07 - [Cluster 0 - CLIENT] - INFO - [Store 451] Starting local training.
2025-03-31 12:48:10 - [Cluster 0 - CLIENT] - INFO - [Store 329] Local training complete.
2025-03-31 12:48:10 - [Cluster 0 - CLIENT] - INFO - Sent reply
2025-03-31 12:48:10 - [Cluster 0 - CLIENT] - INFO - 
2025-03-31 12:48:10 - [Cluster 0 - CLIENT] - INFO - Received: train message 064ef1f8-a542-4a03-a0b6-71bf7f784890
2025-03-31 12:48:11 - [Cluster 0 - CLIENT] - INFO - [Store 75] Starting local training.
2025-03-31 12:48:11 - [Cluster 0 - CLIENT] - INFO - [Store 1048] Local training complete.
2025-03-31 12:48:11 - [Cluster 0 - CLIENT] - INFO - Sent reply
2025-03-31 12:48:11 - [Cluster 0 - CLIENT] - INFO - 
2025-03-31 12:48:11 - [Cluster 0 - CLIENT] - INFO - Received: train message ec3ad4f8-512f-4127-8aae-3e58b26b097c
2025-03-31 12:48:11 - [Cluster 0 - CLIENT] - INFO - [Store 142] Starting local training.
2025-03-31 12:48:12 - [Cluster 0 - CLIENT] - INFO - [Store 47] Local training complete.
2025-03-31 12:48:12 - [Cluster 0 - CLIENT] - INFO - Sent reply
2025-03-31 12:48:12 - [Cluster 0 - CLIENT] - INFO - 
2025-03-31 12:48:12 - [Cluster 0 - CLIENT] - INFO - Received: train message 89ec6ee6-0d92-4164-aa60-442170c1a072
2025-03-31 12:48:12 - [Cluster 0 - CLIENT] - INFO - [Store 529] Starting local training.
2025-03-31 12:48:13 - [Cluster 0 - CLIENT] - INFO - [Store 327] Local training complete.
2025-03-31 12:48:13 - [Cluster 0 - CLIENT] - INFO - Sent reply
2025-03-31 12:48:13 - [Cluster 0 - CLIENT] - INFO - 
2025-03-31 12:48:13 - [Cluster 0 - CLIENT] - INFO - Received: train message 262687c8-2556-47a2-9a18-38f8e5438f1e
2025-03-31 12:48:13 - [Cluster 0 - CLIENT] - INFO - [Store 592] Starting local training.
2025-03-31 12:48:13 - [Cluster 0 - CLIENT] - INFO - [Store 588] Local training complete.
2025-03-31 12:48:13 - [Cluster 0 - CLIENT] - INFO - Sent reply
2025-03-31 12:48:13 - [Cluster 0 - CLIENT] - INFO - 
2025-03-31 12:48:13 - [Cluster 0 - CLIENT] - INFO - Received: train message eb73f6d8-4b49-4105-8ae8-9e7ba8c30a53
2025-03-31 12:48:14 - [Cluster 0 - CLIENT] - INFO - [Store 314] Starting local training.
2025-03-31 12:48:14 - [Cluster 0 - CLIENT] - INFO - [Store 857] Local training complete.
2025-03-31 12:48:14 - [Cluster 0 - CLIENT] - INFO - Sent reply
2025-03-31 12:48:14 - [Cluster 0 - CLIENT] - INFO - 
2025-03-31 12:48:14 - [Cluster 0 - CLIENT] - INFO - Received: train message c68dbe4f-8678-4401-bf46-927e755df5bb
2025-03-31 12:48:14 - [Cluster 0 - CLIENT] - INFO - [Store 447] Starting local training.
2025-03-31 12:48:16 - [Cluster 0 - CLIENT] - INFO - [Store 294] Local training complete.
2025-03-31 12:48:16 - [Cluster 0 - CLIENT] - INFO - Sent reply
2025-03-31 12:48:16 - [Cluster 0 - CLIENT] - INFO - 
2025-03-31 12:48:16 - [Cluster 0 - CLIENT] - INFO - Received: train message d8d4b4c6-bb0c-40c8-8876-0b907c52669a
2025-03-31 12:48:17 - [Cluster 0 - CLIENT] - INFO - [Store 848] Starting local training.
2025-03-31 12:48:18 - [Cluster 0 - CLIENT] - INFO - [Store 91] Local training complete.
2025-03-31 12:48:18 - [Cluster 0 - CLIENT] - INFO - Sent reply
2025-03-31 12:48:18 - [Cluster 0 - CLIENT] - INFO - 
2025-03-31 12:48:18 - [Cluster 0 - CLIENT] - INFO - Received: train message 01be8656-c906-47c3-a6c4-190c65f45e4e
2025-03-31 12:48:18 - [Cluster 0 - CLIENT] - INFO - [Store 313] Starting local training.
2025-03-31 12:48:19 - [Cluster 0 - CLIENT] - INFO - [Store 689] Local training complete.
2025-03-31 12:48:19 - [Cluster 0 - CLIENT] - INFO - Sent reply
2025-03-31 12:48:19 - [Cluster 0 - CLIENT] - INFO - 
2025-03-31 12:48:19 - [Cluster 0 - CLIENT] - INFO - Received: train message 0bed3257-cfab-449b-9cc5-31e926da327a
2025-03-31 12:48:19 - [Cluster 0 - CLIENT] - INFO - [Store 201] Starting local training.
2025-03-31 12:48:24 - [Cluster 0 - CLIENT] - INFO - [Store 418] Local training complete.
2025-03-31 12:48:24 - [Cluster 0 - CLIENT] - INFO - Sent reply
2025-03-31 12:48:24 - [Cluster 0 - CLIENT] - INFO - 
2025-03-31 12:48:24 - [Cluster 0 - CLIENT] - INFO - Received: train message af7357c9-7d91-4e41-8a64-b3141f46aa1e
2025-03-31 12:48:24 - [Cluster 0 - CLIENT] - INFO - [Store 111] Starting local training.
2025-03-31 12:52:59 - [Cluster 0 - CLIENT] - INFO - [Store 812] Local training complete.
2025-03-31 12:52:59 - [Cluster 0 - CLIENT] - INFO - Sent reply
2025-03-31 12:53:00 - [Cluster 0 - CLIENT] - INFO - [Store 451] Local training complete.
2025-03-31 12:53:00 - [Cluster 0 - CLIENT] - INFO - Sent reply
2025-03-31 12:53:01 - [Cluster 0 - CLIENT] - INFO - [Store 142] Local training complete.
2025-03-31 12:53:01 - [Cluster 0 - CLIENT] - INFO - Sent reply
2025-03-31 12:53:02 - [Cluster 0 - CLIENT] - INFO - [Store 811] Local training complete.
2025-03-31 12:53:02 - [Cluster 0 - CLIENT] - INFO - Sent reply
2025-03-31 12:53:02 - [Cluster 0 - CLIENT] - INFO - [Store 314] Local training complete.
2025-03-31 12:53:02 - [Cluster 0 - CLIENT] - INFO - Sent reply
2025-03-31 12:53:03 - [Cluster 0 - CLIENT] - INFO - [Store 529] Local training complete.
2025-03-31 12:53:03 - [Cluster 0 - CLIENT] - INFO - Sent reply
2025-03-31 12:53:03 - [Cluster 0 - CLIENT] - INFO - [Store 328] Local training complete.
2025-03-31 12:53:03 - [Cluster 0 - CLIENT] - INFO - Sent reply
2025-03-31 12:53:04 - [Cluster 0 - CLIENT] - INFO - [Store 75] Local training complete.
2025-03-31 12:53:04 - [Cluster 0 - CLIENT] - INFO - Sent reply
2025-03-31 12:53:05 - [Cluster 0 - CLIENT] - INFO - [Store 447] Local training complete.
2025-03-31 12:53:05 - [Cluster 0 - CLIENT] - INFO - Sent reply
2025-03-31 12:53:05 - [Cluster 0 - CLIENT] - INFO - [Store 257] Local training complete.
2025-03-31 12:53:05 - [Cluster 0 - CLIENT] - INFO - Sent reply
2025-03-31 12:53:05 - [Cluster 0 - CLIENT] - INFO - [Store 848] Local training complete.
2025-03-31 12:53:05 - [Cluster 0 - CLIENT] - INFO - Sent reply
2025-03-31 12:53:06 - [Cluster 0 - CLIENT] - INFO - [Store 201] Local training complete.
2025-03-31 12:53:06 - [Cluster 0 - CLIENT] - INFO - Sent reply
2025-03-31 12:53:06 - [Cluster 0 - CLIENT] - INFO - [Store 111] Local training complete.
2025-03-31 12:53:06 - [Cluster 0 - CLIENT] - INFO - Sent reply
2025-03-31 12:53:06 - [Cluster 0 - CLIENT] - INFO - [Store 592] Local training complete.
2025-03-31 12:53:06 - [Cluster 0 - CLIENT] - INFO - Sent reply
2025-03-31 12:53:06 - [Cluster 0 - CLIENT] - INFO - [Store 313] Local training complete.
2025-03-31 12:53:06 - [Cluster 0 - CLIENT] - INFO - Sent reply
2025-03-31 12:53:06 - [Cluster 0 - CLIENT] - INFO - 
2025-03-31 12:53:06 - [Cluster 0 - CLIENT] - INFO - Received: evaluate message 5046596a-7dd1-4494-91a2-269d7f5f8a50
2025-03-31 12:53:06 - [Cluster 0 - CLIENT] - INFO - 
2025-03-31 12:53:06 - [Cluster 0 - CLIENT] - INFO - Received: evaluate message f9900d29-7504-4f78-90a5-4429447f29ae
2025-03-31 12:53:06 - [Cluster 0 - CLIENT] - INFO - 
2025-03-31 12:53:06 - [Cluster 0 - CLIENT] - INFO - Received: evaluate message b48c43c1-110a-4958-ab5b-b17b232f010c
2025-03-31 12:53:06 - [Cluster 0 - CLIENT] - INFO - 
2025-03-31 12:53:06 - [Cluster 0 - CLIENT] - INFO - Received: evaluate message 340c0d57-9c4c-4c56-9269-61780fa3ee69
2025-03-31 12:53:06 - [Cluster 0 - CLIENT] - INFO - 
2025-03-31 12:53:06 - [Cluster 0 - CLIENT] - INFO - Received: evaluate message e21cb64e-5445-42a5-9c28-4455b347c8db
2025-03-31 12:53:06 - [Cluster 0 - CLIENT] - INFO - 
2025-03-31 12:53:06 - [Cluster 0 - CLIENT] - INFO - Received: evaluate message f75324f4-350a-42d7-8675-044ca3d116fa
2025-03-31 12:53:06 - [Cluster 0 - CLIENT] - INFO - 
2025-03-31 12:53:06 - [Cluster 0 - CLIENT] - INFO - Received: evaluate message 27dfc033-86f9-4ca1-8800-80c682a4eac3
2025-03-31 12:53:06 - [Cluster 0 - CLIENT] - INFO - 
2025-03-31 12:53:06 - [Cluster 0 - CLIENT] - INFO - Received: evaluate message 2e8f90b4-dd34-4028-8ffb-818d3d19b41e
2025-03-31 12:53:06 - [Cluster 0 - CLIENT] - INFO - 
2025-03-31 12:53:06 - [Cluster 0 - CLIENT] - INFO - Received: evaluate message 53a295cb-9794-4dc3-9664-64f0ea615736
2025-03-31 12:53:06 - [Cluster 0 - CLIENT] - INFO - 
2025-03-31 12:53:06 - [Cluster 0 - CLIENT] - INFO - Received: evaluate message 742368c9-fb9c-4255-bd98-1ee4d48d491a
2025-03-31 12:53:06 - [Cluster 0 - CLIENT] - INFO - 
2025-03-31 12:53:06 - [Cluster 0 - CLIENT] - INFO - Received: evaluate message 2e48c3ea-6257-408f-b9a3-b59807945294
2025-03-31 12:53:06 - [Cluster 0 - CLIENT] - INFO - 
2025-03-31 12:53:06 - [Cluster 0 - CLIENT] - INFO - Received: evaluate message 03766ac9-ef52-4472-8d17-c04744eb31be
2025-03-31 12:53:06 - [Cluster 0 - CLIENT] - INFO - 
2025-03-31 12:53:06 - [Cluster 0 - CLIENT] - INFO - Received: evaluate message 29eb7b4c-f414-488f-bce9-2912c25edca1
2025-03-31 12:53:06 - [Cluster 0 - CLIENT] - INFO - 
2025-03-31 12:53:06 - [Cluster 0 - CLIENT] - INFO - Received: evaluate message a3d79a85-16c3-4da4-af2c-87c30e69609e
2025-03-31 12:53:06 - [Cluster 0 - CLIENT] - INFO - 
2025-03-31 12:53:06 - [Cluster 0 - CLIENT] - INFO - Received: evaluate message 1f258d89-6dac-43f8-8c3f-9b1f883a094c
2025-03-31 12:53:08 - [Cluster 0 - CLIENT] - INFO - [Store 811] Evaluation - Loss: 0.2025, MAE: 0.2897
2025-03-31 12:53:08 - [Cluster 0 - CLIENT] - INFO - Sent reply
2025-03-31 12:53:08 - [Cluster 0 - CLIENT] - INFO - 
2025-03-31 12:53:08 - [Cluster 0 - CLIENT] - INFO - Received: evaluate message 9e6ab8bf-d9e9-42c1-b59d-5201c9d8059c
2025-03-31 12:53:08 - [Cluster 0 - CLIENT] - INFO - [Store 529] Evaluation - Loss: 0.2176, MAE: 0.2972
2025-03-31 12:53:08 - [Cluster 0 - CLIENT] - INFO - [Store 592] Evaluation - Loss: 0.2438, MAE: 0.3259
2025-03-31 12:53:08 - [Cluster 0 - CLIENT] - INFO - Sent reply
2025-03-31 12:53:08 - [Cluster 0 - CLIENT] - INFO - Sent reply
2025-03-31 12:53:08 - [Cluster 0 - CLIENT] - INFO - 
2025-03-31 12:53:08 - [Cluster 0 - CLIENT] - INFO - Received: evaluate message b0513bd0-8f20-47ce-a481-9c0f4e7ac3fb
2025-03-31 12:53:08 - [Cluster 0 - CLIENT] - INFO - 
2025-03-31 12:53:08 - [Cluster 0 - CLIENT] - INFO - Received: evaluate message c224a232-102a-4784-a653-d7731e2d8e50
2025-03-31 12:53:08 - [Cluster 0 - CLIENT] - INFO - [Store 313] Evaluation - Loss: 0.1988, MAE: 0.2919
2025-03-31 12:53:08 - [Cluster 0 - CLIENT] - INFO - Sent reply
2025-03-31 12:53:08 - [Cluster 0 - CLIENT] - INFO - [Store 328] Evaluation - Loss: 0.2292, MAE: 0.3057
2025-03-31 12:53:08 - [Cluster 0 - CLIENT] - INFO - [Store 418] Evaluation - Loss: 0.3054, MAE: 0.3534
2025-03-31 12:53:08 - [Cluster 0 - CLIENT] - INFO - Sent reply
2025-03-31 12:53:08 - [Cluster 0 - CLIENT] - INFO - Sent reply
2025-03-31 12:53:08 - [Cluster 0 - CLIENT] - INFO - [Store 447] Evaluation - Loss: 0.2352, MAE: 0.3175
2025-03-31 12:53:08 - [Cluster 0 - CLIENT] - INFO - Sent reply
2025-03-31 12:53:08 - [Cluster 0 - CLIENT] - INFO - [Store 314] Evaluation - Loss: 0.2033, MAE: 0.2792
2025-03-31 12:53:08 - [Cluster 0 - CLIENT] - INFO - Sent reply
2025-03-31 12:53:08 - [Cluster 0 - CLIENT] - INFO - [Store 111] Evaluation - Loss: 0.2463, MAE: 0.3228
2025-03-31 12:53:08 - [Cluster 0 - CLIENT] - INFO - Sent reply
2025-03-31 12:53:08 - [Cluster 0 - CLIENT] - INFO - [Store 689] Evaluation - Loss: 0.2065, MAE: 0.2742
2025-03-31 12:53:08 - [Cluster 0 - CLIENT] - INFO - Sent reply
2025-03-31 12:53:08 - [Cluster 0 - CLIENT] - INFO - [Store 812] Evaluation - Loss: 0.1742, MAE: 0.2609
2025-03-31 12:53:08 - [Cluster 0 - CLIENT] - INFO - [Store 451] Evaluation - Loss: 0.3106, MAE: 0.3645
2025-03-31 12:53:08 - [Cluster 0 - CLIENT] - INFO - Sent reply
2025-03-31 12:53:08 - [Cluster 0 - CLIENT] - INFO - Sent reply
2025-03-31 12:53:08 - [Cluster 0 - CLIENT] - INFO - 
2025-03-31 12:53:08 - [Cluster 0 - CLIENT] - INFO - Received: evaluate message 57f9eeb3-a1c1-49ae-a6e1-ab466fbb2284
2025-03-31 12:53:08 - [Cluster 0 - CLIENT] - INFO - 
2025-03-31 12:53:08 - [Cluster 0 - CLIENT] - INFO - Received: evaluate message b49ab856-cc79-463d-b22d-c8eab94961d9
2025-03-31 12:53:08 - [Cluster 0 - CLIENT] - INFO - 
2025-03-31 12:53:08 - [Cluster 0 - CLIENT] - INFO - Received: evaluate message a7810293-e87b-4c4f-8249-0a7d39d245bb
2025-03-31 12:53:08 - [Cluster 0 - CLIENT] - INFO - 
2025-03-31 12:53:08 - [Cluster 0 - CLIENT] - INFO - Received: evaluate message 705d05c8-b864-4ce0-a9e4-bc40ffaea5f3
2025-03-31 12:53:08 - [Cluster 0 - CLIENT] - INFO - 
2025-03-31 12:53:08 - [Cluster 0 - CLIENT] - INFO - Received: evaluate message a93ceabd-5631-4785-8bbe-b8432ff76f5a
2025-03-31 12:53:08 - [Cluster 0 - CLIENT] - INFO - 
2025-03-31 12:53:08 - [Cluster 0 - CLIENT] - INFO - Received: evaluate message 8fd0a2c4-7870-42bd-a172-9ba303130315
2025-03-31 12:53:08 - [Cluster 0 - CLIENT] - INFO - 
2025-03-31 12:53:08 - [Cluster 0 - CLIENT] - INFO - Received: evaluate message 54eda072-c762-4546-9f34-0d4ea3e0bddb
2025-03-31 12:53:08 - [Cluster 0 - CLIENT] - INFO - [Store 242] Evaluation - Loss: 0.2478, MAE: 0.3444
2025-03-31 12:53:08 - [Cluster 0 - CLIENT] - INFO - [Store 329] Evaluation - Loss: 0.2459, MAE: 0.3290
2025-03-31 12:53:08 - [Cluster 0 - CLIENT] - INFO - Sent reply
2025-03-31 12:53:08 - [Cluster 0 - CLIENT] - INFO - Sent reply
2025-03-31 12:53:08 - [Cluster 0 - CLIENT] - INFO - 
2025-03-31 12:53:08 - [Cluster 0 - CLIENT] - INFO - Received: evaluate message 315c839f-1995-4302-aaed-af7664b3f6a8
2025-03-31 12:53:08 - [Cluster 0 - CLIENT] - INFO - [Store 590] Evaluation - Loss: 0.3141, MAE: 0.3862
2025-03-31 12:53:08 - [Cluster 0 - CLIENT] - INFO - Sent reply
2025-03-31 12:53:08 - [Cluster 0 - CLIENT] - INFO - 
2025-03-31 12:53:08 - [Cluster 0 - CLIENT] - INFO - Received: evaluate message d7161e19-3b35-4d44-b943-05118e681da4
2025-03-31 12:53:08 - [Cluster 0 - CLIENT] - INFO - 
2025-03-31 12:53:08 - [Cluster 0 - CLIENT] - INFO - 
2025-03-31 12:53:08 - [Cluster 0 - CLIENT] - INFO - Received: evaluate message 2dd68274-6d35-42fd-a07b-5f7f8e02b67d
2025-03-31 12:53:08 - [Cluster 0 - CLIENT] - INFO - Received: evaluate message 56bed669-4f9a-4df5-be09-3c12bbbc9682
2025-03-31 12:53:08 - [Cluster 0 - CLIENT] - INFO - 
2025-03-31 12:53:08 - [Cluster 0 - CLIENT] - INFO - Received: evaluate message 5603f6e6-6461-42e7-af6d-285b1113dba9
2025-03-31 12:53:09 - [Cluster 0 - CLIENT] - INFO - [Store 489] Evaluation - Loss: 0.1944, MAE: 0.3034
2025-03-31 12:53:09 - [Cluster 0 - CLIENT] - INFO - Sent reply
2025-03-31 12:53:09 - [Cluster 0 - CLIENT] - INFO - [Store 142] Evaluation - Loss: 0.2601, MAE: 0.3136
2025-03-31 12:53:09 - [Cluster 0 - CLIENT] - INFO - Sent reply
2025-03-31 12:53:10 - [Cluster 0 - CLIENT] - INFO - [Store 639] Evaluation - Loss: 0.1987, MAE: 0.2773
2025-03-31 12:53:10 - [Cluster 0 - CLIENT] - INFO - Sent reply
2025-03-31 12:53:10 - [Cluster 0 - CLIENT] - INFO - [Store 588] Evaluation - Loss: 0.2147, MAE: 0.3020
2025-03-31 12:53:10 - [Cluster 0 - CLIENT] - INFO - Sent reply
2025-03-31 12:53:10 - [Cluster 0 - CLIENT] - INFO - [Store 75] Evaluation - Loss: 0.2415, MAE: 0.3177
2025-03-31 12:53:10 - [Cluster 0 - CLIENT] - INFO - Sent reply
2025-03-31 12:53:10 - [Cluster 0 - CLIENT] - INFO - [Store 857] Evaluation - Loss: 0.4099, MAE: 0.4422
2025-03-31 12:53:10 - [Cluster 0 - CLIENT] - INFO - [Store 848] Evaluation - Loss: 0.2035, MAE: 0.2784
2025-03-31 12:53:10 - [Cluster 0 - CLIENT] - INFO - [Store 257] Evaluation - Loss: 0.1855, MAE: 0.2670
2025-03-31 12:53:10 - [Cluster 0 - CLIENT] - INFO - Sent reply
2025-03-31 12:53:10 - [Cluster 0 - CLIENT] - INFO - [Store 201] Evaluation - Loss: 0.2842, MAE: 0.3661
2025-03-31 12:53:10 - [Cluster 0 - CLIENT] - INFO - Sent reply
2025-03-31 12:53:10 - [Cluster 0 - CLIENT] - INFO - Sent reply
2025-03-31 12:53:10 - [Cluster 0 - CLIENT] - INFO - [Store 294] Evaluation - Loss: 0.2757, MAE: 0.3668
2025-03-31 12:53:10 - [Cluster 0 - CLIENT] - INFO - Sent reply
2025-03-31 12:53:10 - [Cluster 0 - CLIENT] - INFO - Sent reply
2025-03-31 12:53:10 - [Cluster 0 - CLIENT] - INFO - [Store 327] Evaluation - Loss: 0.2433, MAE: 0.3138
2025-03-31 12:53:10 - [Cluster 0 - CLIENT] - INFO - Sent reply
2025-03-31 12:53:10 - [Cluster 0 - CLIENT] - INFO - [Store 91] Evaluation - Loss: 0.2684, MAE: 0.3529
2025-03-31 12:53:10 - [Cluster 0 - CLIENT] - INFO - [Store 47] Evaluation - Loss: 0.2606, MAE: 0.3276
2025-03-31 12:53:10 - [Cluster 0 - CLIENT] - INFO - Sent reply
2025-03-31 12:53:10 - [Cluster 0 - CLIENT] - INFO - Sent reply
2025-03-31 12:53:10 - [Cluster 0 - CLIENT] - INFO - [Store 300] Evaluation - Loss: 0.3662, MAE: 0.4181
2025-03-31 12:53:10 - [Cluster 0 - CLIENT] - INFO - Sent reply
2025-03-31 12:53:10 - [Cluster 0 - CLIENT] - INFO - [Store 1048] Evaluation - Loss: 0.3167, MAE: 0.3661
2025-03-31 12:53:10 - [Cluster 0 - CLIENT] - INFO - Sent reply
2025-03-31 12:53:10 - [Cluster 0 - CLIENT] - INFO - 
2025-03-31 12:53:10 - [Cluster 0 - CLIENT] - INFO - Received: train message 1849c622-33b3-4781-b272-e150740595f6
2025-03-31 12:53:10 - [Cluster 0 - CLIENT] - INFO - 
2025-03-31 12:53:10 - [Cluster 0 - CLIENT] - INFO - Received: train message c6ade17e-c578-42cf-8d79-8d9ce4983e85
2025-03-31 12:53:10 - [Cluster 0 - CLIENT] - INFO - 
2025-03-31 12:53:10 - [Cluster 0 - CLIENT] - INFO - Received: train message fd40e87e-6304-4625-9e7b-17a9d211b9bc
2025-03-31 12:53:10 - [Cluster 0 - CLIENT] - INFO - 
2025-03-31 12:53:10 - [Cluster 0 - CLIENT] - INFO - Received: train message 69eeec4d-444c-4a51-9967-49f977b55c09
2025-03-31 12:53:10 - [Cluster 0 - CLIENT] - INFO - 
2025-03-31 12:53:10 - [Cluster 0 - CLIENT] - INFO - Received: train message eeec6281-12df-467c-9008-7f566f201c59
2025-03-31 12:53:10 - [Cluster 0 - CLIENT] - INFO - 
2025-03-31 12:53:10 - [Cluster 0 - CLIENT] - INFO - Received: train message d8147a2f-d5cf-4ad6-9b60-2ddcb81154b2
2025-03-31 12:53:10 - [Cluster 0 - CLIENT] - INFO - 
2025-03-31 12:53:10 - [Cluster 0 - CLIENT] - INFO - Received: train message 62d513ce-bea6-4acd-a121-b5e2d6c90c66
2025-03-31 12:53:10 - [Cluster 0 - CLIENT] - INFO - 
2025-03-31 12:53:10 - [Cluster 0 - CLIENT] - INFO - Received: train message a2606211-61c7-415f-b4a5-af1bb918226d
2025-03-31 12:53:10 - [Cluster 0 - CLIENT] - INFO - 
2025-03-31 12:53:10 - [Cluster 0 - CLIENT] - INFO - Received: train message 94707d79-f59a-428c-b87d-3b90449ba570
2025-03-31 12:53:10 - [Cluster 0 - CLIENT] - INFO - 
2025-03-31 12:53:10 - [Cluster 0 - CLIENT] - INFO - Received: train message 9b6cd558-841a-4841-9202-bb022ec6df5c
2025-03-31 12:53:10 - [Cluster 0 - CLIENT] - INFO - [Store 848] Starting local training.
2025-03-31 12:53:10 - [Cluster 0 - CLIENT] - INFO - [Store 91] Starting local training.
2025-03-31 12:53:10 - [Cluster 0 - CLIENT] - INFO - [Store 529] Starting local training.
2025-03-31 12:53:10 - [Cluster 0 - CLIENT] - INFO - [Store 588] Starting local training.
2025-03-31 12:53:10 - [Cluster 0 - CLIENT] - INFO - 
2025-03-31 12:53:10 - [Cluster 0 - CLIENT] - INFO - Received: train message daa26903-06f8-4a52-8d48-fa8daad66b21
2025-03-31 12:53:10 - [Cluster 0 - CLIENT] - INFO - [Store 329] Starting local training.
2025-03-31 12:53:10 - [Cluster 0 - CLIENT] - INFO - 
2025-03-31 12:53:10 - [Cluster 0 - CLIENT] - INFO - Received: train message 9b4c27ee-74d2-4129-832a-bf905e983aa2
2025-03-31 12:53:10 - [Cluster 0 - CLIENT] - INFO - [Store 857] Starting local training.
2025-03-31 12:53:10 - [Cluster 0 - CLIENT] - INFO - 
2025-03-31 12:53:10 - [Cluster 0 - CLIENT] - INFO - Received: train message 5d9cb114-c796-474a-ba28-2897d4c5c557
2025-03-31 12:53:10 - [Cluster 0 - CLIENT] - INFO - [Store 811] Starting local training.
2025-03-31 12:53:10 - [Cluster 0 - CLIENT] - INFO - 
2025-03-31 12:53:10 - [Cluster 0 - CLIENT] - INFO - Received: train message 1a84b69e-bfc7-4f5c-9a6b-9647d44a8820
2025-03-31 12:53:10 - [Cluster 0 - CLIENT] - INFO - 
2025-03-31 12:53:10 - [Cluster 0 - CLIENT] - INFO - Received: train message 5d8a3f4e-7342-4107-baf1-1ffc5f582172
2025-03-31 12:53:10 - [Cluster 0 - CLIENT] - INFO - [Store 294] Starting local training.
2025-03-31 12:53:10 - [Cluster 0 - CLIENT] - INFO - [Store 489] Starting local training.
2025-03-31 12:53:10 - [Cluster 0 - CLIENT] - INFO - [Store 689] Starting local training.
2025-03-31 12:53:10 - [Cluster 0 - CLIENT] - INFO - [Store 590] Starting local training.
2025-03-31 12:53:10 - [Cluster 0 - CLIENT] - INFO - [Store 812] Starting local training.
2025-03-31 12:53:10 - [Cluster 0 - CLIENT] - INFO - [Store 328] Starting local training.
2025-03-31 12:53:10 - [Cluster 0 - CLIENT] - INFO - [Store 111] Starting local training.
2025-03-31 12:53:10 - [Cluster 0 - CLIENT] - INFO - [Store 314] Starting local training.
2025-03-31 12:57:46 - [Cluster 0 - CLIENT] - INFO - [Store 294] Local training complete.
2025-03-31 12:57:46 - [Cluster 0 - CLIENT] - INFO - Sent reply
2025-03-31 12:57:46 - [Cluster 0 - CLIENT] - INFO - 
2025-03-31 12:57:46 - [Cluster 0 - CLIENT] - INFO - Received: train message 31b708cd-a69d-44c9-8359-21e7b7404f1e
2025-03-31 12:57:46 - [Cluster 0 - CLIENT] - INFO - [Store 242] Starting local training.
2025-03-31 12:57:47 - [Cluster 0 - CLIENT] - INFO - [Store 111] Local training complete.
2025-03-31 12:57:47 - [Cluster 0 - CLIENT] - INFO - Sent reply
2025-03-31 12:57:47 - [Cluster 0 - CLIENT] - INFO - 
2025-03-31 12:57:47 - [Cluster 0 - CLIENT] - INFO - Received: train message 92bd7020-fe13-4809-baf9-035772390fd2
2025-03-31 12:57:47 - [Cluster 0 - CLIENT] - INFO - [Store 529] Local training complete.
2025-03-31 12:57:47 - [Cluster 0 - CLIENT] - INFO - [Store 857] Local training complete.
2025-03-31 12:57:47 - [Cluster 0 - CLIENT] - INFO - Sent reply
2025-03-31 12:57:47 - [Cluster 0 - CLIENT] - INFO - Sent reply
2025-03-31 12:57:47 - [Cluster 0 - CLIENT] - INFO - 
2025-03-31 12:57:47 - [Cluster 0 - CLIENT] - INFO - Received: train message 928495ff-e991-4d0b-b12f-6020c885bc67
2025-03-31 12:57:47 - [Cluster 0 - CLIENT] - INFO - 
2025-03-31 12:57:47 - [Cluster 0 - CLIENT] - INFO - Received: train message b4d0b711-067d-4022-a8cd-b3d8b27c95bd
2025-03-31 12:57:47 - [Cluster 0 - CLIENT] - INFO - [Store 639] Starting local training.
2025-03-31 12:57:47 - [Cluster 0 - CLIENT] - INFO - [Store 75] Starting local training.
2025-03-31 12:57:47 - [Cluster 0 - CLIENT] - INFO - [Store 47] Starting local training.
2025-03-31 12:57:48 - [Cluster 0 - CLIENT] - INFO - [Store 328] Local training complete.
2025-03-31 12:57:48 - [Cluster 0 - CLIENT] - INFO - Sent reply
2025-03-31 12:57:48 - [Cluster 0 - CLIENT] - INFO - 
2025-03-31 12:57:48 - [Cluster 0 - CLIENT] - INFO - Received: train message 885d170d-2140-4983-bc41-8538b9efbb69
2025-03-31 12:57:48 - [Cluster 0 - CLIENT] - INFO - [Store 257] Starting local training.
2025-03-31 12:57:50 - [Cluster 0 - CLIENT] - INFO - [Store 590] Local training complete.
2025-03-31 12:57:50 - [Cluster 0 - CLIENT] - INFO - Sent reply
2025-03-31 12:57:50 - [Cluster 0 - CLIENT] - INFO - 
2025-03-31 12:57:50 - [Cluster 0 - CLIENT] - INFO - Received: train message c0219180-b3f1-4b7f-adfb-d058abf118c8
2025-03-31 12:57:51 - [Cluster 0 - CLIENT] - INFO - [Store 418] Starting local training.
2025-03-31 12:57:51 - [Cluster 0 - CLIENT] - INFO - [Store 689] Local training complete.
2025-03-31 12:57:51 - [Cluster 0 - CLIENT] - INFO - Sent reply
2025-03-31 12:57:51 - [Cluster 0 - CLIENT] - INFO - 
2025-03-31 12:57:51 - [Cluster 0 - CLIENT] - INFO - Received: train message 6e535bd0-2d9f-48e3-ad35-3fe463dbe7a1
2025-03-31 12:57:51 - [Cluster 0 - CLIENT] - INFO - [Store 447] Starting local training.
2025-03-31 12:57:51 - [Cluster 0 - CLIENT] - INFO - [Store 489] Local training complete.
2025-03-31 12:57:51 - [Cluster 0 - CLIENT] - INFO - Sent reply
2025-03-31 12:57:51 - [Cluster 0 - CLIENT] - INFO - 
2025-03-31 12:57:51 - [Cluster 0 - CLIENT] - INFO - Received: train message 4c1ff41c-0e08-4d57-b45c-d8e04274333f
2025-03-31 12:57:51 - [Cluster 0 - CLIENT] - INFO - [Store 300] Starting local training.
2025-03-31 12:57:52 - [Cluster 0 - CLIENT] - INFO - [Store 91] Local training complete.
2025-03-31 12:57:52 - [Cluster 0 - CLIENT] - INFO - [Store 314] Local training complete.
2025-03-31 12:57:52 - [Cluster 0 - CLIENT] - INFO - [Store 588] Local training complete.
2025-03-31 12:57:52 - [Cluster 0 - CLIENT] - INFO - Sent reply
2025-03-31 12:57:52 - [Cluster 0 - CLIENT] - INFO - 
2025-03-31 12:57:52 - [Cluster 0 - CLIENT] - INFO - Received: train message 3b8994d8-84b3-406a-ac48-01e843a233c7
2025-03-31 12:57:52 - [Cluster 0 - CLIENT] - INFO - [Store 313] Starting local training.
2025-03-31 12:57:53 - [Cluster 0 - CLIENT] - INFO - Sent reply
2025-03-31 12:57:53 - [Cluster 0 - CLIENT] - INFO - 
2025-03-31 12:57:53 - [Cluster 0 - CLIENT] - INFO - Received: train message 32d350f1-29cf-4529-9538-7fd9f7662647
2025-03-31 12:57:53 - [Cluster 0 - CLIENT] - INFO - [Store 1048] Starting local training.
2025-03-31 12:57:53 - [Cluster 0 - CLIENT] - INFO - Sent reply
2025-03-31 12:57:53 - [Cluster 0 - CLIENT] - INFO - 
2025-03-31 12:57:53 - [Cluster 0 - CLIENT] - INFO - Received: train message 7dcd98b7-0bd5-4119-a526-58f78b31d8b7
2025-03-31 12:57:53 - [Cluster 0 - CLIENT] - INFO - [Store 592] Starting local training.
2025-03-31 12:57:54 - [Cluster 0 - CLIENT] - INFO - [Store 812] Local training complete.
2025-03-31 12:57:54 - [Cluster 0 - CLIENT] - INFO - Sent reply
2025-03-31 12:57:54 - [Cluster 0 - CLIENT] - INFO - 
2025-03-31 12:57:54 - [Cluster 0 - CLIENT] - INFO - Received: train message 89409794-0b19-4e53-bf1a-bd52fe3852ff
2025-03-31 12:57:55 - [Cluster 0 - CLIENT] - INFO - [Store 327] Starting local training.
2025-03-31 12:57:57 - [Cluster 0 - CLIENT] - INFO - [Store 811] Local training complete.
2025-03-31 12:57:57 - [Cluster 0 - CLIENT] - INFO - Sent reply
2025-03-31 12:57:57 - [Cluster 0 - CLIENT] - INFO - 
2025-03-31 12:57:57 - [Cluster 0 - CLIENT] - INFO - Received: train message 868c578b-f1ae-4dc8-a431-d220fd43a5e3
2025-03-31 12:57:57 - [Cluster 0 - CLIENT] - INFO - [Store 142] Starting local training.
2025-03-31 12:58:00 - [Cluster 0 - CLIENT] - INFO - [Store 848] Local training complete.
2025-03-31 12:58:00 - [Cluster 0 - CLIENT] - INFO - Sent reply
2025-03-31 12:58:00 - [Cluster 0 - CLIENT] - INFO - 
2025-03-31 12:58:00 - [Cluster 0 - CLIENT] - INFO - Received: train message ca288fa3-b434-473f-b203-e5244689b2ca
2025-03-31 12:58:00 - [Cluster 0 - CLIENT] - INFO - [Store 201] Starting local training.
2025-03-31 12:58:05 - [Cluster 0 - CLIENT] - INFO - [Store 329] Local training complete.
2025-03-31 12:58:05 - [Cluster 0 - CLIENT] - INFO - Sent reply
2025-03-31 12:58:05 - [Cluster 0 - CLIENT] - INFO - 
2025-03-31 12:58:05 - [Cluster 0 - CLIENT] - INFO - Received: train message b891eaf8-9c1d-4e2a-b7d5-716ac216fce0
2025-03-31 12:58:05 - [Cluster 0 - CLIENT] - INFO - [Store 451] Starting local training.
2025-03-31 13:02:33 - [Cluster 0 - CLIENT] - INFO - [Store 47] Local training complete.
2025-03-31 13:02:34 - [Cluster 0 - CLIENT] - INFO - Sent reply
2025-03-31 13:02:36 - [Cluster 0 - CLIENT] - INFO - [Store 242] Local training complete.
2025-03-31 13:02:36 - [Cluster 0 - CLIENT] - INFO - Sent reply
2025-03-31 13:02:36 - [Cluster 0 - CLIENT] - INFO - [Store 313] Local training complete.
2025-03-31 13:02:36 - [Cluster 0 - CLIENT] - INFO - Sent reply
2025-03-31 13:02:37 - [Cluster 0 - CLIENT] - INFO - [Store 300] Local training complete.
2025-03-31 13:02:37 - [Cluster 0 - CLIENT] - INFO - Sent reply
2025-03-31 13:02:38 - [Cluster 0 - CLIENT] - INFO - [Store 75] Local training complete.
2025-03-31 13:02:38 - [Cluster 0 - CLIENT] - INFO - Sent reply
2025-03-31 13:02:38 - [Cluster 0 - CLIENT] - INFO - [Store 639] Local training complete.
2025-03-31 13:02:38 - [Cluster 0 - CLIENT] - INFO - Sent reply
2025-03-31 13:02:38 - [Cluster 0 - CLIENT] - INFO - [Store 447] Local training complete.
2025-03-31 13:02:38 - [Cluster 0 - CLIENT] - INFO - [Store 257] Local training complete.
2025-03-31 13:02:38 - [Cluster 0 - CLIENT] - INFO - Sent reply
2025-03-31 13:02:38 - [Cluster 0 - CLIENT] - INFO - Sent reply
2025-03-31 13:02:41 - [Cluster 0 - CLIENT] - INFO - [Store 1048] Local training complete.
2025-03-31 13:02:41 - [Cluster 0 - CLIENT] - INFO - Sent reply
2025-03-31 13:02:41 - [Cluster 0 - CLIENT] - INFO - [Store 327] Local training complete.
2025-03-31 13:02:41 - [Cluster 0 - CLIENT] - INFO - Sent reply
2025-03-31 13:02:41 - [Cluster 0 - CLIENT] - INFO - [Store 201] Local training complete.
2025-03-31 13:02:41 - [Cluster 0 - CLIENT] - INFO - [Store 418] Local training complete.
2025-03-31 13:02:41 - [Cluster 0 - CLIENT] - INFO - Sent reply
2025-03-31 13:02:41 - [Cluster 0 - CLIENT] - INFO - Sent reply
2025-03-31 13:02:42 - [Cluster 0 - CLIENT] - INFO - [Store 142] Local training complete.
2025-03-31 13:02:42 - [Cluster 0 - CLIENT] - INFO - Sent reply
2025-03-31 13:02:42 - [Cluster 0 - CLIENT] - INFO - [Store 451] Local training complete.
2025-03-31 13:02:42 - [Cluster 0 - CLIENT] - INFO - Sent reply
2025-03-31 13:02:43 - [Cluster 0 - CLIENT] - INFO - [Store 592] Local training complete.
2025-03-31 13:02:43 - [Cluster 0 - CLIENT] - INFO - Sent reply
2025-03-31 13:02:43 - [Cluster 0 - CLIENT] - INFO - 
2025-03-31 13:02:43 - [Cluster 0 - CLIENT] - INFO - Received: evaluate message 4704dc67-6466-4370-9b70-bc80bcff8cbf
2025-03-31 13:02:43 - [Cluster 0 - CLIENT] - INFO - 
2025-03-31 13:02:43 - [Cluster 0 - CLIENT] - INFO - Received: evaluate message d992a97a-7422-4a69-b801-82fd6cd9bc02
2025-03-31 13:02:43 - [Cluster 0 - CLIENT] - INFO - 
2025-03-31 13:02:43 - [Cluster 0 - CLIENT] - INFO - Received: evaluate message 19047c6d-7aef-4499-8f6d-d06759f75df0
2025-03-31 13:02:43 - [Cluster 0 - CLIENT] - INFO - 
2025-03-31 13:02:43 - [Cluster 0 - CLIENT] - INFO - Received: evaluate message 8a5dfa4c-0531-4516-ba8a-28db1313b2f0
2025-03-31 13:02:43 - [Cluster 0 - CLIENT] - INFO - 
2025-03-31 13:02:43 - [Cluster 0 - CLIENT] - INFO - Received: evaluate message 6b45b03e-6318-4600-bd7c-3c514818fb17
2025-03-31 13:02:43 - [Cluster 0 - CLIENT] - INFO - 
2025-03-31 13:02:43 - [Cluster 0 - CLIENT] - INFO - Received: evaluate message 7d6d5cf0-7302-43b9-bc55-a69f3697221f
2025-03-31 13:02:43 - [Cluster 0 - CLIENT] - INFO - 
2025-03-31 13:02:43 - [Cluster 0 - CLIENT] - INFO - Received: evaluate message e791fd03-688c-4525-a50d-f76365ab6685
2025-03-31 13:02:43 - [Cluster 0 - CLIENT] - INFO - 
2025-03-31 13:02:43 - [Cluster 0 - CLIENT] - INFO - Received: evaluate message d4b97d02-ba92-41f2-8547-3c5cc4f01305
2025-03-31 13:02:43 - [Cluster 0 - CLIENT] - INFO - 
2025-03-31 13:02:43 - [Cluster 0 - CLIENT] - INFO - Received: evaluate message 21762736-6034-4c54-9522-ad05c4227047
2025-03-31 13:02:43 - [Cluster 0 - CLIENT] - INFO - 
2025-03-31 13:02:43 - [Cluster 0 - CLIENT] - INFO - Received: evaluate message 16ea5008-087e-4d6f-8fec-e34ee117cc0c
2025-03-31 13:02:43 - [Cluster 0 - CLIENT] - INFO - 
2025-03-31 13:02:43 - [Cluster 0 - CLIENT] - INFO - 
2025-03-31 13:02:43 - [Cluster 0 - CLIENT] - INFO - Received: evaluate message da365635-b84f-42ad-bec6-8d90bf65acfa
2025-03-31 13:02:43 - [Cluster 0 - CLIENT] - INFO - Received: evaluate message 732b1869-4800-4a32-be34-c1864575f528
2025-03-31 13:02:43 - [Cluster 0 - CLIENT] - INFO - 
2025-03-31 13:02:43 - [Cluster 0 - CLIENT] - INFO - 
2025-03-31 13:02:43 - [Cluster 0 - CLIENT] - INFO - Received: evaluate message a1467c89-f68a-4bb6-bcbe-db074baea2be
2025-03-31 13:02:43 - [Cluster 0 - CLIENT] - INFO - Received: evaluate message e60714f6-7f96-41ab-acb7-b60cfa95561a
2025-03-31 13:02:43 - [Cluster 0 - CLIENT] - INFO - 
2025-03-31 13:02:43 - [Cluster 0 - CLIENT] - INFO - Received: evaluate message 8c7f66bc-c430-437b-9626-c5f6cc963123
2025-03-31 13:02:44 - [Cluster 0 - CLIENT] - INFO - [Store 592] Evaluation - Loss: 0.2433, MAE: 0.3416
2025-03-31 13:02:44 - [Cluster 0 - CLIENT] - INFO - Sent reply
2025-03-31 13:02:44 - [Cluster 0 - CLIENT] - INFO - 
2025-03-31 13:02:44 - [Cluster 0 - CLIENT] - INFO - Received: evaluate message bc992556-b681-41ca-b911-6b53224a106b
2025-03-31 13:02:45 - [Cluster 0 - CLIENT] - INFO - [Store 242] Evaluation - Loss: 0.2510, MAE: 0.3639
2025-03-31 13:02:45 - [Cluster 0 - CLIENT] - INFO - [Store 257] Evaluation - Loss: 0.1974, MAE: 0.2884
2025-03-31 13:02:45 - [Cluster 0 - CLIENT] - INFO - Sent reply
2025-03-31 13:02:45 - [Cluster 0 - CLIENT] - INFO - 
2025-03-31 13:02:45 - [Cluster 0 - CLIENT] - INFO - Received: evaluate message 9aca0f71-43dd-4e47-988e-57d44aa1cd2c
2025-03-31 13:02:45 - [Cluster 0 - CLIENT] - INFO - 
2025-03-31 13:02:45 - [Cluster 0 - CLIENT] - INFO - Received: evaluate message 3b3e8c19-f452-44ce-8424-efd8c84b52ad
2025-03-31 13:02:45 - [Cluster 0 - CLIENT] - INFO - [Store 848] Evaluation - Loss: 0.2050, MAE: 0.2938
2025-03-31 13:02:45 - [Cluster 0 - CLIENT] - INFO - Sent reply
2025-03-31 13:02:45 - [Cluster 0 - CLIENT] - INFO - [Store 300] Evaluation - Loss: 0.3706, MAE: 0.4316
2025-03-31 13:02:45 - [Cluster 0 - CLIENT] - INFO - Sent reply
2025-03-31 13:02:45 - [Cluster 0 - CLIENT] - INFO - [Store 590] Evaluation - Loss: 0.3228, MAE: 0.4037
2025-03-31 13:02:45 - [Cluster 0 - CLIENT] - INFO - Sent reply
2025-03-31 13:02:45 - [Cluster 0 - CLIENT] - INFO - Sent reply
2025-03-31 13:02:45 - [Cluster 0 - CLIENT] - INFO - 
2025-03-31 13:02:45 - [Cluster 0 - CLIENT] - INFO - Received: evaluate message b5bd54cd-1e13-4da5-82f6-c50150f425bb
2025-03-31 13:02:45 - [Cluster 0 - CLIENT] - INFO - 
2025-03-31 13:02:45 - [Cluster 0 - CLIENT] - INFO - Received: evaluate message e8ceacac-96e7-497a-8a72-2beb2eef7d2d
2025-03-31 13:02:45 - [Cluster 0 - CLIENT] - INFO - 
2025-03-31 13:02:45 - [Cluster 0 - CLIENT] - INFO - Received: evaluate message 3d6fc75e-81db-4fab-bf91-fb86bd92ffe7
2025-03-31 13:02:45 - [Cluster 0 - CLIENT] - INFO - [Store 812] Evaluation - Loss: 0.1736, MAE: 0.2715
2025-03-31 13:02:45 - [Cluster 0 - CLIENT] - INFO - [Store 588] Evaluation - Loss: 0.2235, MAE: 0.3182
2025-03-31 13:02:45 - [Cluster 0 - CLIENT] - INFO - [Store 294] Evaluation - Loss: 0.2715, MAE: 0.3748
2025-03-31 13:02:45 - [Cluster 0 - CLIENT] - INFO - Sent reply
2025-03-31 13:02:45 - [Cluster 0 - CLIENT] - INFO - Sent reply
2025-03-31 13:02:45 - [Cluster 0 - CLIENT] - INFO - [Store 329] Evaluation - Loss: 0.2462, MAE: 0.3429
2025-03-31 13:02:45 - [Cluster 0 - CLIENT] - INFO - Sent reply
2025-03-31 13:02:45 - [Cluster 0 - CLIENT] - INFO - Sent reply
2025-03-31 13:02:45 - [Cluster 0 - CLIENT] - INFO - [Store 451] Evaluation - Loss: 0.3167, MAE: 0.3784
2025-03-31 13:02:45 - [Cluster 0 - CLIENT] - INFO - [Store 529] Evaluation - Loss: 0.2256, MAE: 0.3158
2025-03-31 13:02:45 - [Cluster 0 - CLIENT] - INFO - Sent reply
2025-03-31 13:02:45 - [Cluster 0 - CLIENT] - INFO - Sent reply
2025-03-31 13:02:45 - [Cluster 0 - CLIENT] - INFO - [Store 857] Evaluation - Loss: 0.4167, MAE: 0.4586
2025-03-31 13:02:45 - [Cluster 0 - CLIENT] - INFO - [Store 91] Evaluation - Loss: 0.2841, MAE: 0.3795
2025-03-31 13:02:45 - [Cluster 0 - CLIENT] - INFO - Sent reply
2025-03-31 13:02:45 - [Cluster 0 - CLIENT] - INFO - 
2025-03-31 13:02:45 - [Cluster 0 - CLIENT] - INFO - Sent reply
2025-03-31 13:02:45 - [Cluster 0 - CLIENT] - INFO - Received: evaluate message 5336cc60-47e2-4a3e-84b3-ee5cb4cfc7ec
2025-03-31 13:02:45 - [Cluster 0 - CLIENT] - INFO - 
2025-03-31 13:02:45 - [Cluster 0 - CLIENT] - INFO - 
2025-03-31 13:02:45 - [Cluster 0 - CLIENT] - INFO - Received: evaluate message 21658ecc-d6fc-400d-88d5-05a1644d504c
2025-03-31 13:02:45 - [Cluster 0 - CLIENT] - INFO - Received: evaluate message 040aeac1-5302-41e1-92e1-91a33125b4dd
2025-03-31 13:02:45 - [Cluster 0 - CLIENT] - INFO - [Store 811] Evaluation - Loss: 0.2141, MAE: 0.3101
2025-03-31 13:02:45 - [Cluster 0 - CLIENT] - INFO - Sent reply
2025-03-31 13:02:45 - [Cluster 0 - CLIENT] - INFO - 
2025-03-31 13:02:45 - [Cluster 0 - CLIENT] - INFO - Received: evaluate message 8769accd-89ad-4dbc-8f72-61de61735433
2025-03-31 13:02:45 - [Cluster 0 - CLIENT] - INFO - 
2025-03-31 13:02:45 - [Cluster 0 - CLIENT] - INFO - Received: evaluate message ff337664-037e-4035-8f66-68f0a192154e
2025-03-31 13:02:45 - [Cluster 0 - CLIENT] - INFO - 
2025-03-31 13:02:45 - [Cluster 0 - CLIENT] - INFO - Received: evaluate message d4b32ad9-2d10-46ef-87af-b766570940c5
2025-03-31 13:02:45 - [Cluster 0 - CLIENT] - INFO - 
2025-03-31 13:02:45 - [Cluster 0 - CLIENT] - INFO - Received: evaluate message ddfc6469-45f9-4a29-849b-cc6c00216dc1
2025-03-31 13:02:45 - [Cluster 0 - CLIENT] - INFO - 
2025-03-31 13:02:45 - [Cluster 0 - CLIENT] - INFO - 
2025-03-31 13:02:45 - [Cluster 0 - CLIENT] - INFO - Received: evaluate message 526383be-074d-4e6b-b605-979788bb7e1d
2025-03-31 13:02:45 - [Cluster 0 - CLIENT] - INFO - Received: evaluate message 8251ae92-ffd8-46d9-816c-7a0480c2da23
2025-03-31 13:02:46 - [Cluster 0 - CLIENT] - INFO - [Store 201] Evaluation - Loss: 0.2950, MAE: 0.3861
2025-03-31 13:02:46 - [Cluster 0 - CLIENT] - INFO - Sent reply
2025-03-31 13:02:46 - [Cluster 0 - CLIENT] - INFO - [Store 689] Evaluation - Loss: 0.2178, MAE: 0.3002
2025-03-31 13:02:46 - [Cluster 0 - CLIENT] - INFO - Sent reply
2025-03-31 13:02:47 - [Cluster 0 - CLIENT] - INFO - [Store 75] Evaluation - Loss: 0.2510, MAE: 0.3353
2025-03-31 13:02:47 - [Cluster 0 - CLIENT] - INFO - Sent reply
2025-03-31 13:02:47 - [Cluster 0 - CLIENT] - INFO - [Store 327] Evaluation - Loss: 0.2449, MAE: 0.3288
2025-03-31 13:02:47 - [Cluster 0 - CLIENT] - INFO - [Store 447] Evaluation - Loss: 0.2441, MAE: 0.3298
2025-03-31 13:02:47 - [Cluster 0 - CLIENT] - INFO - Sent reply
2025-03-31 13:02:47 - [Cluster 0 - CLIENT] - INFO - Sent reply
2025-03-31 13:02:47 - [Cluster 0 - CLIENT] - INFO - [Store 313] Evaluation - Loss: 0.2051, MAE: 0.3151
2025-03-31 13:02:47 - [Cluster 0 - CLIENT] - INFO - Sent reply
2025-03-31 13:02:47 - [Cluster 0 - CLIENT] - INFO - [Store 111] Evaluation - Loss: 0.2553, MAE: 0.3422
2025-03-31 13:02:47 - [Cluster 0 - CLIENT] - INFO - Sent reply
2025-03-31 13:02:47 - [Cluster 0 - CLIENT] - INFO - [Store 1048] Evaluation - Loss: 0.3209, MAE: 0.3815
2025-03-31 13:02:47 - [Cluster 0 - CLIENT] - INFO - Sent reply
2025-03-31 13:02:47 - [Cluster 0 - CLIENT] - INFO - [Store 47] Evaluation - Loss: 0.2620, MAE: 0.3397
2025-03-31 13:02:47 - [Cluster 0 - CLIENT] - INFO - Sent reply
2025-03-31 13:02:47 - [Cluster 0 - CLIENT] - INFO - [Store 639] Evaluation - Loss: 0.2055, MAE: 0.3003
2025-03-31 13:02:47 - [Cluster 0 - CLIENT] - INFO - Sent reply
2025-03-31 13:02:47 - [Cluster 0 - CLIENT] - INFO - [Store 489] Evaluation - Loss: 0.1917, MAE: 0.3030
2025-03-31 13:02:47 - [Cluster 0 - CLIENT] - INFO - Sent reply
2025-03-31 13:02:47 - [Cluster 0 - CLIENT] - INFO - [Store 418] Evaluation - Loss: 0.3011, MAE: 0.3650
2025-03-31 13:02:47 - [Cluster 0 - CLIENT] - INFO - Sent reply
2025-03-31 13:02:47 - [Cluster 0 - CLIENT] - INFO - [Store 314] Evaluation - Loss: 0.2060, MAE: 0.2967
2025-03-31 13:02:47 - [Cluster 0 - CLIENT] - INFO - Sent reply
2025-03-31 13:02:47 - [Cluster 0 - CLIENT] - INFO - [Store 328] Evaluation - Loss: 0.2288, MAE: 0.3169
2025-03-31 13:02:47 - [Cluster 0 - CLIENT] - INFO - Sent reply
2025-03-31 13:02:47 - [Cluster 0 - CLIENT] - INFO - [Store 142] Evaluation - Loss: 0.2716, MAE: 0.3313
2025-03-31 13:02:47 - [Cluster 0 - CLIENT] - INFO - Sent reply
2025-03-31 13:02:47 - [Cluster 0 - CLIENT] - INFO - 
2025-03-31 13:02:47 - [Cluster 0 - CLIENT] - INFO - Received: train message 526c9956-b83d-41fc-9110-adb59d16a500
2025-03-31 13:02:47 - [Cluster 0 - CLIENT] - INFO - 
2025-03-31 13:02:47 - [Cluster 0 - CLIENT] - INFO - Received: train message b95bcdf6-af10-48be-ad78-2d5b1fd1ca50
2025-03-31 13:02:47 - [Cluster 0 - CLIENT] - INFO - 
2025-03-31 13:02:47 - [Cluster 0 - CLIENT] - INFO - Received: train message 7d36db4f-9533-4451-a2c7-62514fc7403f
2025-03-31 13:02:47 - [Cluster 0 - CLIENT] - INFO - 
2025-03-31 13:02:47 - [Cluster 0 - CLIENT] - INFO - Received: train message bc7c6857-9c4e-4310-aa03-f1e25c642060
2025-03-31 13:02:47 - [Cluster 0 - CLIENT] - INFO - 
2025-03-31 13:02:47 - [Cluster 0 - CLIENT] - INFO - Received: train message 35b7f424-425b-4e05-89bb-352c797d824e
2025-03-31 13:02:47 - [Cluster 0 - CLIENT] - INFO - 
2025-03-31 13:02:47 - [Cluster 0 - CLIENT] - INFO - Received: train message 46c6d1bb-c025-4958-bbae-83104cb86e12
2025-03-31 13:02:47 - [Cluster 0 - CLIENT] - INFO - [Store 1048] Starting local training.
2025-03-31 13:02:47 - [Cluster 0 - CLIENT] - INFO - [Store 447] Starting local training.
2025-03-31 13:02:47 - [Cluster 0 - CLIENT] - INFO - 
2025-03-31 13:02:47 - [Cluster 0 - CLIENT] - INFO - Received: train message b61952ac-20fd-467c-9ca8-52974c31d625
2025-03-31 13:02:47 - [Cluster 0 - CLIENT] - INFO - [Store 639] Starting local training.
2025-03-31 13:02:47 - [Cluster 0 - CLIENT] - INFO - 
2025-03-31 13:02:47 - [Cluster 0 - CLIENT] - INFO - Received: train message 901df8af-e02d-45b6-8cc1-ed96b4f1f277
2025-03-31 13:02:47 - [Cluster 0 - CLIENT] - INFO - 
2025-03-31 13:02:47 - [Cluster 0 - CLIENT] - INFO - [Store 75] Starting local training.
2025-03-31 13:02:47 - [Cluster 0 - CLIENT] - INFO - Received: train message 03db575c-4356-4adf-bd16-803fe9d1d74c
2025-03-31 13:02:47 - [Cluster 0 - CLIENT] - INFO - 
2025-03-31 13:02:47 - [Cluster 0 - CLIENT] - INFO - Received: train message 444b5e31-997b-431e-8489-92a3dbe2ad3c
2025-03-31 13:02:47 - [Cluster 0 - CLIENT] - INFO - 
2025-03-31 13:02:47 - [Cluster 0 - CLIENT] - INFO - Received: train message db68c789-f964-4df2-860b-6504a67c29ef
2025-03-31 13:02:47 - [Cluster 0 - CLIENT] - INFO - 
2025-03-31 13:02:47 - [Cluster 0 - CLIENT] - INFO - Received: train message 47b51c42-8cae-4f53-ab16-78ab0866155e
2025-03-31 13:02:47 - [Cluster 0 - CLIENT] - INFO - 
2025-03-31 13:02:47 - [Cluster 0 - CLIENT] - INFO - Received: train message 7047f9b4-2a29-4b10-af3b-c16798834cd6
2025-03-31 13:02:47 - [Cluster 0 - CLIENT] - INFO - 
2025-03-31 13:02:47 - [Cluster 0 - CLIENT] - INFO - Received: train message 8fe7d755-faf5-49ab-97a2-c79f041bbfad
2025-03-31 13:02:47 - [Cluster 0 - CLIENT] - INFO - 
2025-03-31 13:02:47 - [Cluster 0 - CLIENT] - INFO - Received: train message 9795234e-7aff-4ede-b557-885efc6264ba
2025-03-31 13:02:47 - [Cluster 0 - CLIENT] - INFO - [Store 91] Starting local training.
2025-03-31 13:02:47 - [Cluster 0 - CLIENT] - INFO - [Store 294] Starting local training.
2025-03-31 13:02:47 - [Cluster 0 - CLIENT] - INFO - [Store 689] Starting local training.
2025-03-31 13:02:47 - [Cluster 0 - CLIENT] - INFO - [Store 418] Starting local training.
2025-03-31 13:02:47 - [Cluster 0 - CLIENT] - INFO - [Store 529] Starting local training.
2025-03-31 13:02:47 - [Cluster 0 - CLIENT] - INFO - [Store 313] Starting local training.
2025-03-31 13:02:47 - [Cluster 0 - CLIENT] - INFO - [Store 328] Starting local training.
2025-03-31 13:02:47 - [Cluster 0 - CLIENT] - INFO - [Store 314] Starting local training.
2025-03-31 13:02:47 - [Cluster 0 - CLIENT] - INFO - [Store 590] Starting local training.
2025-03-31 13:02:47 - [Cluster 0 - CLIENT] - INFO - [Store 242] Starting local training.
2025-03-31 13:02:47 - [Cluster 0 - CLIENT] - INFO - [Store 451] Starting local training.
2025-03-31 13:07:14 - [Cluster 0 - CLIENT] - INFO - [Store 75] Local training complete.
2025-03-31 13:07:14 - [Cluster 0 - CLIENT] - INFO - Sent reply
2025-03-31 13:07:14 - [Cluster 0 - CLIENT] - INFO - 
2025-03-31 13:07:14 - [Cluster 0 - CLIENT] - INFO - Received: train message c2d8fcfa-ebdb-4490-8b71-5648e45efbe3
2025-03-31 13:07:14 - [Cluster 0 - CLIENT] - INFO - [Store 592] Starting local training.
2025-03-31 13:07:15 - [Cluster 0 - CLIENT] - INFO - [Store 314] Local training complete.
2025-03-31 13:07:15 - [Cluster 0 - CLIENT] - INFO - 
2025-03-31 13:07:15 - [Cluster 0 - CLIENT] - INFO - Received: train message 8f3efa5a-c0e1-4020-b84a-853e1332c6c6
2025-03-31 13:07:15 - [Cluster 0 - CLIENT] - INFO - [Store 257] Starting local training.
2025-03-31 13:07:15 - [Cluster 0 - CLIENT] - INFO - Sent reply
2025-03-31 13:07:18 - [Cluster 0 - CLIENT] - INFO - [Store 590] Local training complete.
2025-03-31 13:07:18 - [Cluster 0 - CLIENT] - INFO - Sent reply
2025-03-31 13:07:18 - [Cluster 0 - CLIENT] - INFO - 
2025-03-31 13:07:18 - [Cluster 0 - CLIENT] - INFO - Received: train message 201897d7-3073-4c28-b4bd-cebf55b5d706
2025-03-31 13:07:18 - [Cluster 0 - CLIENT] - INFO - [Store 300] Starting local training.
2025-03-31 13:07:20 - [Cluster 0 - CLIENT] - INFO - [Store 1048] Local training complete.
2025-03-31 13:07:20 - [Cluster 0 - CLIENT] - INFO - Sent reply
2025-03-31 13:07:20 - [Cluster 0 - CLIENT] - INFO - 
2025-03-31 13:07:20 - [Cluster 0 - CLIENT] - INFO - Received: train message 7a9f76a8-00e3-4227-b311-c351a615fbe1
2025-03-31 13:07:20 - [Cluster 0 - CLIENT] - INFO - [Store 588] Starting local training.
2025-03-31 13:07:20 - [Cluster 0 - CLIENT] - INFO - [Store 529] Local training complete.
2025-03-31 13:07:20 - [Cluster 0 - CLIENT] - INFO - Sent reply
2025-03-31 13:07:20 - [Cluster 0 - CLIENT] - INFO - 
2025-03-31 13:07:20 - [Cluster 0 - CLIENT] - INFO - Received: train message 531826df-4725-4bf2-b3d6-ddd9175cc1b5
2025-03-31 13:07:20 - [Cluster 0 - CLIENT] - INFO - [Store 47] Starting local training.
2025-03-31 13:07:21 - [Cluster 0 - CLIENT] - INFO - [Store 328] Local training complete.
2025-03-31 13:07:21 - [Cluster 0 - CLIENT] - INFO - Sent reply
2025-03-31 13:07:21 - [Cluster 0 - CLIENT] - INFO - 
2025-03-31 13:07:21 - [Cluster 0 - CLIENT] - INFO - Received: train message e99afa1c-8503-499c-9fd9-bcaa5785de9e
2025-03-31 13:07:21 - [Cluster 0 - CLIENT] - INFO - [Store 111] Starting local training.
2025-03-31 13:07:21 - [Cluster 0 - CLIENT] - INFO - [Store 294] Local training complete.
2025-03-31 13:07:21 - [Cluster 0 - CLIENT] - INFO - [Store 313] Local training complete.
2025-03-31 13:07:21 - [Cluster 0 - CLIENT] - INFO - Sent reply
2025-03-31 13:07:21 - [Cluster 0 - CLIENT] - INFO - 
2025-03-31 13:07:21 - [Cluster 0 - CLIENT] - INFO - Received: train message 5faf77d6-9a3c-473f-89c5-04511def4244
2025-03-31 13:07:21 - [Cluster 0 - CLIENT] - INFO - Sent reply
2025-03-31 13:07:21 - [Cluster 0 - CLIENT] - INFO - 
2025-03-31 13:07:22 - [Cluster 0 - CLIENT] - INFO - Received: train message f4a8ad29-84cc-42e8-ac56-3ec434858cca
2025-03-31 13:07:22 - [Cluster 0 - CLIENT] - INFO - [Store 857] Starting local training.
2025-03-31 13:07:22 - [Cluster 0 - CLIENT] - INFO - [Store 451] Local training complete.
2025-03-31 13:07:22 - [Cluster 0 - CLIENT] - INFO - [Store 489] Starting local training.
2025-03-31 13:07:22 - [Cluster 0 - CLIENT] - INFO - Sent reply
2025-03-31 13:07:22 - [Cluster 0 - CLIENT] - INFO - 
2025-03-31 13:07:22 - [Cluster 0 - CLIENT] - INFO - Received: train message 84e592bd-2b52-4748-b8d9-f35e5c27e656
2025-03-31 13:07:22 - [Cluster 0 - CLIENT] - INFO - [Store 447] Local training complete.
2025-03-31 13:07:22 - [Cluster 0 - CLIENT] - INFO - [Store 329] Starting local training.
2025-03-31 13:07:22 - [Cluster 0 - CLIENT] - INFO - Sent reply
2025-03-31 13:07:22 - [Cluster 0 - CLIENT] - INFO - 
2025-03-31 13:07:22 - [Cluster 0 - CLIENT] - INFO - Received: train message f14d32ae-9a45-4455-bc93-466311b73c56
2025-03-31 13:07:22 - [Cluster 0 - CLIENT] - INFO - [Store 201] Starting local training.
2025-03-31 13:07:23 - [Cluster 0 - CLIENT] - INFO - [Store 91] Local training complete.
2025-03-31 13:07:23 - [Cluster 0 - CLIENT] - INFO - Sent reply
2025-03-31 13:07:23 - [Cluster 0 - CLIENT] - INFO - 
2025-03-31 13:07:23 - [Cluster 0 - CLIENT] - INFO - Received: train message ccb65c9e-c871-4331-9081-e0e59469f3b1
2025-03-31 13:07:23 - [Cluster 0 - CLIENT] - INFO - [Store 811] Starting local training.
2025-03-31 13:07:27 - [Cluster 0 - CLIENT] - INFO - [Store 689] Local training complete.
2025-03-31 13:07:27 - [Cluster 0 - CLIENT] - INFO - Sent reply
2025-03-31 13:07:27 - [Cluster 0 - CLIENT] - INFO - 
2025-03-31 13:07:27 - [Cluster 0 - CLIENT] - INFO - Received: train message d0574c85-f766-4fd4-b7aa-d474e28708e5
2025-03-31 13:07:27 - [Cluster 0 - CLIENT] - INFO - [Store 142] Starting local training.
2025-03-31 13:07:30 - [Cluster 0 - CLIENT] - INFO - [Store 639] Local training complete.
2025-03-31 13:07:30 - [Cluster 0 - CLIENT] - INFO - Sent reply
2025-03-31 13:07:30 - [Cluster 0 - CLIENT] - INFO - 
2025-03-31 13:07:30 - [Cluster 0 - CLIENT] - INFO - Received: train message 6081ffbb-e315-4964-85ad-90c7a78bc9df
2025-03-31 13:07:30 - [Cluster 0 - CLIENT] - INFO - [Store 848] Starting local training.
2025-03-31 13:07:33 - [Cluster 0 - CLIENT] - INFO - [Store 418] Local training complete.
2025-03-31 13:07:33 - [Cluster 0 - CLIENT] - INFO - Sent reply
2025-03-31 13:07:33 - [Cluster 0 - CLIENT] - INFO - 
2025-03-31 13:07:33 - [Cluster 0 - CLIENT] - INFO - Received: train message 40c9b7b2-d164-452d-b6f3-2a306f2f8126
2025-03-31 13:07:33 - [Cluster 0 - CLIENT] - INFO - [Store 812] Starting local training.
2025-03-31 13:07:33 - [Cluster 0 - CLIENT] - INFO - [Store 242] Local training complete.
2025-03-31 13:07:33 - [Cluster 0 - CLIENT] - INFO - Sent reply
2025-03-31 13:07:33 - [Cluster 0 - CLIENT] - INFO - 
2025-03-31 13:07:33 - [Cluster 0 - CLIENT] - INFO - Received: train message 93f67abb-9f8a-47d4-8a57-e8555a476256
2025-03-31 13:07:34 - [Cluster 0 - CLIENT] - INFO - [Store 327] Starting local training.
2025-03-31 13:11:54 - [Cluster 0 - CLIENT] - INFO - [Store 257] Local training complete.
2025-03-31 13:11:54 - [Cluster 0 - CLIENT] - INFO - Sent reply
2025-03-31 13:11:57 - [Cluster 0 - CLIENT] - INFO - [Store 857] Local training complete.
2025-03-31 13:11:57 - [Cluster 0 - CLIENT] - INFO - Sent reply
2025-03-31 13:11:58 - [Cluster 0 - CLIENT] - INFO - [Store 201] Local training complete.
2025-03-31 13:11:58 - [Cluster 0 - CLIENT] - INFO - Sent reply
2025-03-31 13:11:59 - [Cluster 0 - CLIENT] - INFO - [Store 300] Local training complete.
2025-03-31 13:11:59 - [Cluster 0 - CLIENT] - INFO - Sent reply
2025-03-31 13:12:00 - [Cluster 0 - CLIENT] - INFO - [Store 489] Local training complete.
2025-03-31 13:12:00 - [Cluster 0 - CLIENT] - INFO - Sent reply
2025-03-31 13:12:01 - [Cluster 0 - CLIENT] - INFO - [Store 111] Local training complete.
2025-03-31 13:12:01 - [Cluster 0 - CLIENT] - INFO - Sent reply
2025-03-31 13:12:01 - [Cluster 0 - CLIENT] - INFO - [Store 329] Local training complete.
2025-03-31 13:12:02 - [Cluster 0 - CLIENT] - INFO - Sent reply
2025-03-31 13:12:02 - [Cluster 0 - CLIENT] - INFO - [Store 811] Local training complete.
2025-03-31 13:12:02 - [Cluster 0 - CLIENT] - INFO - Sent reply
2025-03-31 13:12:02 - [Cluster 0 - CLIENT] - INFO - [Store 142] Local training complete.
2025-03-31 13:12:02 - [Cluster 0 - CLIENT] - INFO - Sent reply
2025-03-31 13:12:03 - [Cluster 0 - CLIENT] - INFO - [Store 848] Local training complete.
2025-03-31 13:12:03 - [Cluster 0 - CLIENT] - INFO - Sent reply
2025-03-31 13:12:03 - [Cluster 0 - CLIENT] - INFO - [Store 588] Local training complete.
2025-03-31 13:12:03 - [Cluster 0 - CLIENT] - INFO - Sent reply
2025-03-31 13:12:05 - [Cluster 0 - CLIENT] - INFO - [Store 812] Local training complete.
2025-03-31 13:12:05 - [Cluster 0 - CLIENT] - INFO - [Store 47] Local training complete.
2025-03-31 13:12:05 - [Cluster 0 - CLIENT] - INFO - [Store 327] Local training complete.
2025-03-31 13:12:05 - [Cluster 0 - CLIENT] - INFO - Sent reply
2025-03-31 13:12:05 - [Cluster 0 - CLIENT] - INFO - Sent reply
2025-03-31 13:12:05 - [Cluster 0 - CLIENT] - INFO - Sent reply
2025-03-31 13:12:06 - [Cluster 0 - CLIENT] - INFO - [Store 592] Local training complete.
2025-03-31 13:12:06 - [Cluster 0 - CLIENT] - INFO - Sent reply
2025-03-31 13:12:06 - [Cluster 0 - CLIENT] - INFO - 
2025-03-31 13:12:06 - [Cluster 0 - CLIENT] - INFO - Received: evaluate message 1cf5000c-a45a-4031-bfd0-b70df7683069
2025-03-31 13:12:06 - [Cluster 0 - CLIENT] - INFO - 
2025-03-31 13:12:06 - [Cluster 0 - CLIENT] - INFO - Received: evaluate message 2fda4095-7227-4a01-b820-a03ac709a825
2025-03-31 13:12:06 - [Cluster 0 - CLIENT] - INFO - 
2025-03-31 13:12:06 - [Cluster 0 - CLIENT] - INFO - 
2025-03-31 13:12:06 - [Cluster 0 - CLIENT] - INFO - Received: evaluate message 17f0311e-f190-4e96-a075-aecdab2b4dc0
2025-03-31 13:12:06 - [Cluster 0 - CLIENT] - INFO - Received: evaluate message 35803576-2248-4158-b3cf-38e640dea00c
2025-03-31 13:12:06 - [Cluster 0 - CLIENT] - INFO - 
2025-03-31 13:12:06 - [Cluster 0 - CLIENT] - INFO - Received: evaluate message 0508cefb-99ef-493e-acd0-6b91a86bb83b
2025-03-31 13:12:06 - [Cluster 0 - CLIENT] - INFO - 
2025-03-31 13:12:06 - [Cluster 0 - CLIENT] - INFO - Received: evaluate message cf7c0bc7-7e43-44ef-93cf-be2f13d9f33a
2025-03-31 13:12:06 - [Cluster 0 - CLIENT] - INFO - 
2025-03-31 13:12:06 - [Cluster 0 - CLIENT] - INFO - Received: evaluate message 970ab5ac-2e4f-4603-a6a3-6798e8908354
2025-03-31 13:12:06 - [Cluster 0 - CLIENT] - INFO - 
2025-03-31 13:12:06 - [Cluster 0 - CLIENT] - INFO - Received: evaluate message 7cdf2788-708a-440a-90f5-9d138ad89135
2025-03-31 13:12:06 - [Cluster 0 - CLIENT] - INFO - 
2025-03-31 13:12:06 - [Cluster 0 - CLIENT] - INFO - Received: evaluate message 28db43f3-3d45-45e8-8343-17f76755f37a
2025-03-31 13:12:06 - [Cluster 0 - CLIENT] - INFO - 
2025-03-31 13:12:06 - [Cluster 0 - CLIENT] - INFO - Received: evaluate message 8485c580-5676-4d27-abfb-a0698b9d9203
2025-03-31 13:12:06 - [Cluster 0 - CLIENT] - INFO - 
2025-03-31 13:12:06 - [Cluster 0 - CLIENT] - INFO - Received: evaluate message 9dae974b-6109-4cc5-a78b-42c7430cbf8f
2025-03-31 13:12:06 - [Cluster 0 - CLIENT] - INFO - 
2025-03-31 13:12:06 - [Cluster 0 - CLIENT] - INFO - Received: evaluate message a889346d-0e7c-48d5-93ef-1f1b2f7e3a75
2025-03-31 13:12:06 - [Cluster 0 - CLIENT] - INFO - 
2025-03-31 13:12:06 - [Cluster 0 - CLIENT] - INFO - Received: evaluate message df65703c-6fd3-45ff-8bc9-b9b841ced222
2025-03-31 13:12:06 - [Cluster 0 - CLIENT] - INFO - 
2025-03-31 13:12:06 - [Cluster 0 - CLIENT] - INFO - Received: evaluate message 9e6bcc18-05c0-4e4e-8dff-da562ae31bb7
2025-03-31 13:12:06 - [Cluster 0 - CLIENT] - INFO - 
2025-03-31 13:12:06 - [Cluster 0 - CLIENT] - INFO - Received: evaluate message 712d988a-83b1-4b01-9e80-874fb8cdfdcb
2025-03-31 13:12:07 - [Cluster 0 - CLIENT] - INFO - [Store 201] Evaluation - Loss: 0.2844, MAE: 0.3695
2025-03-31 13:12:07 - [Cluster 0 - CLIENT] - INFO - [Store 857] Evaluation - Loss: 0.4061, MAE: 0.4361
2025-03-31 13:12:07 - [Cluster 0 - CLIENT] - INFO - Sent reply
2025-03-31 13:12:07 - [Cluster 0 - CLIENT] - INFO - Sent reply
2025-03-31 13:12:08 - [Cluster 0 - CLIENT] - INFO - [Store 257] Evaluation - Loss: 0.1947, MAE: 0.2812
2025-03-31 13:12:08 - [Cluster 0 - CLIENT] - INFO - Sent reply
2025-03-31 13:12:08 - [Cluster 0 - CLIENT] - INFO - 
2025-03-31 13:12:08 - [Cluster 0 - CLIENT] - INFO - Received: evaluate message bded1f33-f563-42de-98ee-fc7d0f11c963
2025-03-31 13:12:08 - [Cluster 0 - CLIENT] - INFO - 
2025-03-31 13:12:08 - [Cluster 0 - CLIENT] - INFO - Received: evaluate message 95835008-d077-43ff-a08d-2570c0c8e8b1
2025-03-31 13:12:08 - [Cluster 0 - CLIENT] - INFO - 
2025-03-31 13:12:08 - [Cluster 0 - CLIENT] - INFO - Received: evaluate message d2adcadb-cbc6-4010-9bcb-e6bfed7c555d
2025-03-31 13:12:08 - [Cluster 0 - CLIENT] - INFO - [Store 313] Evaluation - Loss: 0.2040, MAE: 0.3105
2025-03-31 13:12:08 - [Cluster 0 - CLIENT] - INFO - [Store 1048] Evaluation - Loss: 0.3185, MAE: 0.3710
2025-03-31 13:12:08 - [Cluster 0 - CLIENT] - INFO - [Store 111] Evaluation - Loss: 0.2425, MAE: 0.3276
2025-03-31 13:12:08 - [Cluster 0 - CLIENT] - INFO - Sent reply
2025-03-31 13:12:08 - [Cluster 0 - CLIENT] - INFO - Sent reply
2025-03-31 13:12:08 - [Cluster 0 - CLIENT] - INFO - Sent reply
2025-03-31 13:12:08 - [Cluster 0 - CLIENT] - INFO - 
2025-03-31 13:12:08 - [Cluster 0 - CLIENT] - INFO - Received: evaluate message a13c4897-bf08-4516-9b43-c7298c3f908a
2025-03-31 13:12:08 - [Cluster 0 - CLIENT] - INFO - 
2025-03-31 13:12:08 - [Cluster 0 - CLIENT] - INFO - Received: evaluate message b773612f-2f14-481a-b617-c505cc24e696
2025-03-31 13:12:08 - [Cluster 0 - CLIENT] - INFO - 
2025-03-31 13:12:08 - [Cluster 0 - CLIENT] - INFO - Received: evaluate message 87cd8cdf-0c68-4501-9191-4f42eeb9382e
2025-03-31 13:12:08 - [Cluster 0 - CLIENT] - INFO - [Store 294] Evaluation - Loss: 0.2597, MAE: 0.3578
2025-03-31 13:12:08 - [Cluster 0 - CLIENT] - INFO - Sent reply
2025-03-31 13:12:08 - [Cluster 0 - CLIENT] - INFO - [Store 588] Evaluation - Loss: 0.2153, MAE: 0.3039
2025-03-31 13:12:08 - [Cluster 0 - CLIENT] - INFO - Sent reply
2025-03-31 13:12:08 - [Cluster 0 - CLIENT] - INFO - [Store 811] Evaluation - Loss: 0.2054, MAE: 0.2962
2025-03-31 13:12:08 - [Cluster 0 - CLIENT] - INFO - Sent reply
2025-03-31 13:12:08 - [Cluster 0 - CLIENT] - INFO - 
2025-03-31 13:12:08 - [Cluster 0 - CLIENT] - INFO - 
2025-03-31 13:12:08 - [Cluster 0 - CLIENT] - INFO - Received: evaluate message c3cb509e-c048-4c2c-9ac9-e7ba1f17e0ee
2025-03-31 13:12:08 - [Cluster 0 - CLIENT] - INFO - Received: evaluate message 02506534-9ad3-4250-9f8c-659620aa18bd
2025-03-31 13:12:08 - [Cluster 0 - CLIENT] - INFO - 
2025-03-31 13:12:08 - [Cluster 0 - CLIENT] - INFO - Received: evaluate message f80c48fc-f638-458b-a928-5bf670e31f03
2025-03-31 13:12:08 - [Cluster 0 - CLIENT] - INFO - [Store 75] Evaluation - Loss: 0.2409, MAE: 0.3203
2025-03-31 13:12:08 - [Cluster 0 - CLIENT] - INFO - [Store 489] Evaluation - Loss: 0.1901, MAE: 0.3042
2025-03-31 13:12:08 - [Cluster 0 - CLIENT] - INFO - Sent reply
2025-03-31 13:12:08 - [Cluster 0 - CLIENT] - INFO - Sent reply
2025-03-31 13:12:08 - [Cluster 0 - CLIENT] - INFO - 
2025-03-31 13:12:08 - [Cluster 0 - CLIENT] - INFO - [Store 447] Evaluation - Loss: 0.2322, MAE: 0.3072
2025-03-31 13:12:08 - [Cluster 0 - CLIENT] - INFO - Received: evaluate message 96ff3d50-9b89-40db-bb30-ea7310cc2ba2
2025-03-31 13:12:08 - [Cluster 0 - CLIENT] - INFO - 
2025-03-31 13:12:08 - [Cluster 0 - CLIENT] - INFO - Sent reply
2025-03-31 13:12:08 - [Cluster 0 - CLIENT] - INFO - Received: evaluate message 4767cb76-11e8-40e6-a7ad-7f69a0efc3d8
2025-03-31 13:12:08 - [Cluster 0 - CLIENT] - INFO - 
2025-03-31 13:12:08 - [Cluster 0 - CLIENT] - INFO - Received: evaluate message ef84492d-79f7-4ad7-986c-3ce1152a8c13
2025-03-31 13:12:08 - [Cluster 0 - CLIENT] - INFO - [Store 418] Evaluation - Loss: 0.2978, MAE: 0.3601
2025-03-31 13:12:08 - [Cluster 0 - CLIENT] - INFO - Sent reply
2025-03-31 13:12:08 - [Cluster 0 - CLIENT] - INFO - 
2025-03-31 13:12:08 - [Cluster 0 - CLIENT] - INFO - Received: evaluate message bc57788a-65ac-4a1e-9226-33d692ec9964
2025-03-31 13:12:08 - [Cluster 0 - CLIENT] - INFO - [Store 529] Evaluation - Loss: 0.2173, MAE: 0.3004
2025-03-31 13:12:08 - [Cluster 0 - CLIENT] - INFO - Sent reply
2025-03-31 13:12:08 - [Cluster 0 - CLIENT] - INFO - 
2025-03-31 13:12:08 - [Cluster 0 - CLIENT] - INFO - Received: evaluate message aa057235-952e-43d6-bd95-f8357b4b86f4
2025-03-31 13:12:09 - [Cluster 0 - CLIENT] - INFO - [Store 91] Evaluation - Loss: 0.2859, MAE: 0.3751
2025-03-31 13:12:09 - [Cluster 0 - CLIENT] - INFO - Sent reply
2025-03-31 13:12:09 - [Cluster 0 - CLIENT] - INFO - 
2025-03-31 13:12:09 - [Cluster 0 - CLIENT] - INFO - Received: evaluate message 5d539acc-8ccf-45bd-862f-ce05b3ec5f79
2025-03-31 13:12:09 - [Cluster 0 - CLIENT] - INFO - [Store 328] Evaluation - Loss: 0.2199, MAE: 0.3046
2025-03-31 13:12:09 - [Cluster 0 - CLIENT] - INFO - Sent reply
2025-03-31 13:12:09 - [Cluster 0 - CLIENT] - INFO - [Store 314] Evaluation - Loss: 0.1995, MAE: 0.2874
2025-03-31 13:12:09 - [Cluster 0 - CLIENT] - INFO - Sent reply
2025-03-31 13:12:09 - [Cluster 0 - CLIENT] - INFO - [Store 329] Evaluation - Loss: 0.2379, MAE: 0.3326
2025-03-31 13:12:09 - [Cluster 0 - CLIENT] - INFO - [Store 639] Evaluation - Loss: 0.2040, MAE: 0.2990
2025-03-31 13:12:09 - [Cluster 0 - CLIENT] - INFO - Sent reply
2025-03-31 13:12:09 - [Cluster 0 - CLIENT] - INFO - Sent reply
2025-03-31 13:12:09 - [Cluster 0 - CLIENT] - INFO - [Store 300] Evaluation - Loss: 0.3521, MAE: 0.4061
2025-03-31 13:12:09 - [Cluster 0 - CLIENT] - INFO - [Store 242] Evaluation - Loss: 0.2473, MAE: 0.3585
2025-03-31 13:12:09 - [Cluster 0 - CLIENT] - INFO - Sent reply
2025-03-31 13:12:09 - [Cluster 0 - CLIENT] - INFO - Sent reply
2025-03-31 13:12:09 - [Cluster 0 - CLIENT] - INFO - [Store 848] Evaluation - Loss: 0.2002, MAE: 0.2896
2025-03-31 13:12:09 - [Cluster 0 - CLIENT] - INFO - Sent reply
2025-03-31 13:12:09 - [Cluster 0 - CLIENT] - INFO - [Store 689] Evaluation - Loss: 0.2128, MAE: 0.2915
2025-03-31 13:12:09 - [Cluster 0 - CLIENT] - INFO - [Store 590] Evaluation - Loss: 0.3108, MAE: 0.3841
2025-03-31 13:12:09 - [Cluster 0 - CLIENT] - INFO - Sent reply
2025-03-31 13:12:09 - [Cluster 0 - CLIENT] - INFO - Sent reply
2025-03-31 13:12:09 - [Cluster 0 - CLIENT] - INFO - [Store 592] Evaluation - Loss: 0.2356, MAE: 0.3306
2025-03-31 13:12:09 - [Cluster 0 - CLIENT] - INFO - Sent reply
2025-03-31 13:12:09 - [Cluster 0 - CLIENT] - INFO - [Store 812] Evaluation - Loss: 0.1725, MAE: 0.2694
2025-03-31 13:12:09 - [Cluster 0 - CLIENT] - INFO - Sent reply
2025-03-31 13:12:09 - [Cluster 0 - CLIENT] - INFO - [Store 327] Evaluation - Loss: 0.2418, MAE: 0.3183
2025-03-31 13:12:09 - [Cluster 0 - CLIENT] - INFO - Sent reply
2025-03-31 13:12:10 - [Cluster 0 - CLIENT] - INFO - [Store 451] Evaluation - Loss: 0.2983, MAE: 0.3561
2025-03-31 13:12:10 - [Cluster 0 - CLIENT] - INFO - Sent reply
2025-03-31 13:12:10 - [Cluster 0 - CLIENT] - INFO - [Store 142] Evaluation - Loss: 0.2617, MAE: 0.3151
2025-03-31 13:12:10 - [Cluster 0 - CLIENT] - INFO - Sent reply
2025-03-31 13:12:10 - [Cluster 0 - CLIENT] - INFO - [Store 47] Evaluation - Loss: 0.2569, MAE: 0.3266
2025-03-31 13:12:10 - [Cluster 0 - CLIENT] - INFO - Sent reply
2025-03-31 13:12:10 - [Cluster 0 - CLIENT] - INFO - 
2025-03-31 13:12:10 - [Cluster 0 - CLIENT] - INFO - Received: train message 9602b2ba-c941-4540-9ca9-f5454f98578c
2025-03-31 13:12:10 - [Cluster 0 - CLIENT] - INFO - 
2025-03-31 13:12:10 - [Cluster 0 - CLIENT] - INFO - Received: train message 7ffcf9e4-05ef-4b39-bddb-5d43d7606733
2025-03-31 13:12:10 - [Cluster 0 - CLIENT] - INFO - 
2025-03-31 13:12:10 - [Cluster 0 - CLIENT] - INFO - Received: train message 1e831e2b-3e1d-42c6-8173-4ee7f3f94e3d
2025-03-31 13:12:10 - [Cluster 0 - CLIENT] - INFO - 
2025-03-31 13:12:10 - [Cluster 0 - CLIENT] - INFO - 
2025-03-31 13:12:10 - [Cluster 0 - CLIENT] - INFO - Received: train message 90ce3aa6-5169-4ee7-89f5-71bd7390a540
2025-03-31 13:12:10 - [Cluster 0 - CLIENT] - INFO - Received: train message 19338884-695d-4e05-9ed6-e9921497f2cc
2025-03-31 13:12:10 - [Cluster 0 - CLIENT] - INFO - [Store 689] Starting local training.
2025-03-31 13:12:10 - [Cluster 0 - CLIENT] - INFO - [Store 812] Starting local training.
2025-03-31 13:12:10 - [Cluster 0 - CLIENT] - INFO - [Store 592] Starting local training.
2025-03-31 13:12:10 - [Cluster 0 - CLIENT] - INFO - 
2025-03-31 13:12:10 - [Cluster 0 - CLIENT] - INFO - Received: train message 840edadd-84b0-46db-8967-5226ef387f18
2025-03-31 13:12:10 - [Cluster 0 - CLIENT] - INFO - 
2025-03-31 13:12:10 - [Cluster 0 - CLIENT] - INFO - Received: train message 26bba08d-f4f6-437b-9e28-5603ac5fbf00
2025-03-31 13:12:10 - [Cluster 0 - CLIENT] - INFO - [Store 300] Starting local training.
2025-03-31 13:12:10 - [Cluster 0 - CLIENT] - INFO - 
2025-03-31 13:12:10 - [Cluster 0 - CLIENT] - INFO - Received: train message 42d2450b-28f7-4121-9f78-ea493f067123
2025-03-31 13:12:10 - [Cluster 0 - CLIENT] - INFO - 
2025-03-31 13:12:10 - [Cluster 0 - CLIENT] - INFO - Received: train message e150d7c3-fc99-4f23-a532-edf0e0f39e7d
2025-03-31 13:12:10 - [Cluster 0 - CLIENT] - INFO - 
2025-03-31 13:12:10 - [Cluster 0 - CLIENT] - INFO - Received: train message d6c33c51-b05a-4d18-b66a-f8ea4e6c1c53
2025-03-31 13:12:10 - [Cluster 0 - CLIENT] - INFO - 
2025-03-31 13:12:10 - [Cluster 0 - CLIENT] - INFO - 
2025-03-31 13:12:10 - [Cluster 0 - CLIENT] - INFO - Received: train message d9d3fbc2-e210-4853-970e-a509dec72f24
2025-03-31 13:12:10 - [Cluster 0 - CLIENT] - INFO - Received: train message b8390a05-9811-45af-9664-842fb678e6d4
2025-03-31 13:12:10 - [Cluster 0 - CLIENT] - INFO - [Store 590] Starting local training.
2025-03-31 13:12:10 - [Cluster 0 - CLIENT] - INFO - 
2025-03-31 13:12:10 - [Cluster 0 - CLIENT] - INFO - Received: train message 8fac8883-09e6-4d0c-9a78-cc83974d3026
2025-03-31 13:12:10 - [Cluster 0 - CLIENT] - INFO - 
2025-03-31 13:12:10 - [Cluster 0 - CLIENT] - INFO - Received: train message d0583b38-b324-42d5-9c11-0ffc5cd5b4f3
2025-03-31 13:12:10 - [Cluster 0 - CLIENT] - INFO - 
2025-03-31 13:12:10 - [Cluster 0 - CLIENT] - INFO - Received: train message d808c57c-bf55-4d8b-8b68-ac9b6b3d8aae
2025-03-31 13:12:10 - [Cluster 0 - CLIENT] - INFO - [Store 327] Starting local training.
2025-03-31 13:12:10 - [Cluster 0 - CLIENT] - INFO - [Store 328] Starting local training.
2025-03-31 13:12:10 - [Cluster 0 - CLIENT] - INFO - [Store 418] Starting local training.
2025-03-31 13:12:10 - [Cluster 0 - CLIENT] - INFO - [Store 294] Starting local training.
2025-03-31 13:12:10 - [Cluster 0 - CLIENT] - INFO - [Store 1048] Starting local training.
2025-03-31 13:12:10 - [Cluster 0 - CLIENT] - INFO - [Store 242] Starting local training.
2025-03-31 13:12:10 - [Cluster 0 - CLIENT] - INFO - [Store 447] Starting local training.
2025-03-31 13:12:10 - [Cluster 0 - CLIENT] - INFO - [Store 257] Starting local training.
2025-03-31 13:12:10 - [Cluster 0 - CLIENT] - INFO - [Store 588] Starting local training.
2025-03-31 13:12:10 - [Cluster 0 - CLIENT] - INFO - [Store 489] Starting local training.
2025-03-31 13:17:19 - [Cluster 0 - CLIENT] - INFO - [Store 242] Local training complete.
2025-03-31 13:17:20 - [Cluster 0 - CLIENT] - INFO - Sent reply
2025-03-31 13:17:20 - [Cluster 0 - CLIENT] - INFO - 
2025-03-31 13:17:20 - [Cluster 0 - CLIENT] - INFO - Received: train message b21d78e6-0713-4ca9-b449-4ccfe3d53242
2025-03-31 13:17:20 - [Cluster 0 - CLIENT] - INFO - [Store 142] Starting local training.
2025-03-31 13:17:21 - [Cluster 0 - CLIENT] - INFO - [Store 300] Local training complete.
2025-03-31 13:17:21 - [Cluster 0 - CLIENT] - INFO - Sent reply
2025-03-31 13:17:21 - [Cluster 0 - CLIENT] - INFO - 
2025-03-31 13:17:21 - [Cluster 0 - CLIENT] - INFO - Received: train message f241abf1-d7fd-4fd5-80fd-ccc98bb5bc8c
2025-03-31 13:17:21 - [Cluster 0 - CLIENT] - INFO - [Store 848] Starting local training.
2025-03-31 13:17:21 - [Cluster 0 - CLIENT] - INFO - [Store 592] Local training complete.
2025-03-31 13:17:22 - [Cluster 0 - CLIENT] - INFO - [Store 812] Local training complete.
2025-03-31 13:17:22 - [Cluster 0 - CLIENT] - INFO - Sent reply
2025-03-31 13:17:22 - [Cluster 0 - CLIENT] - INFO - 
2025-03-31 13:17:22 - [Cluster 0 - CLIENT] - INFO - Received: train message 9578aedd-391b-4554-bfc1-c5df59468187
2025-03-31 13:17:22 - [Cluster 0 - CLIENT] - INFO - Sent reply
2025-03-31 13:17:22 - [Cluster 0 - CLIENT] - INFO - [Store 451] Starting local training.
2025-03-31 13:17:22 - [Cluster 0 - CLIENT] - INFO - 
2025-03-31 13:17:22 - [Cluster 0 - CLIENT] - INFO - Received: train message b6e4b26b-36aa-43fc-a8fa-61f3def3b8da
2025-03-31 13:17:22 - [Cluster 0 - CLIENT] - INFO - [Store 529] Starting local training.
2025-03-31 13:17:23 - [Cluster 0 - CLIENT] - INFO - [Store 418] Local training complete.
2025-03-31 13:17:23 - [Cluster 0 - CLIENT] - INFO - Sent reply
2025-03-31 13:17:23 - [Cluster 0 - CLIENT] - INFO - 
2025-03-31 13:17:23 - [Cluster 0 - CLIENT] - INFO - Received: train message 17d4a185-9dba-41fa-a19d-90ef66ea9a2f
2025-03-31 13:17:24 - [Cluster 0 - CLIENT] - INFO - [Store 91] Starting local training.
2025-03-31 13:17:26 - [Cluster 0 - CLIENT] - INFO - [Store 447] Local training complete.
2025-03-31 13:17:26 - [Cluster 0 - CLIENT] - INFO - Sent reply
2025-03-31 13:17:26 - [Cluster 0 - CLIENT] - INFO - 
2025-03-31 13:17:26 - [Cluster 0 - CLIENT] - INFO - Received: train message a8c105c8-5867-4f03-b0ce-74b89070bd3d
2025-03-31 13:17:26 - [Cluster 0 - CLIENT] - INFO - [Store 75] Starting local training.
2025-03-31 13:17:26 - [Cluster 0 - CLIENT] - INFO - [Store 489] Local training complete.
2025-03-31 13:17:26 - [Cluster 0 - CLIENT] - INFO - [Store 257] Local training complete.
2025-03-31 13:17:27 - [Cluster 0 - CLIENT] - INFO - Sent reply
2025-03-31 13:17:27 - [Cluster 0 - CLIENT] - INFO - 
2025-03-31 13:17:27 - [Cluster 0 - CLIENT] - INFO - Received: train message 00732502-e85b-4cc7-a8c7-f171f19130e9
2025-03-31 13:17:27 - [Cluster 0 - CLIENT] - INFO - [Store 111] Starting local training.
2025-03-31 13:17:27 - [Cluster 0 - CLIENT] - INFO - Sent reply
2025-03-31 13:17:27 - [Cluster 0 - CLIENT] - INFO - 
2025-03-31 13:17:27 - [Cluster 0 - CLIENT] - INFO - Received: train message d64efb4d-7e24-457a-a5d2-b994531b8c88
2025-03-31 13:17:27 - [Cluster 0 - CLIENT] - INFO - [Store 314] Starting local training.
2025-03-31 13:17:30 - [Cluster 0 - CLIENT] - INFO - [Store 689] Local training complete.
2025-03-31 13:17:31 - [Cluster 0 - CLIENT] - INFO - [Store 1048] Local training complete.
2025-03-31 13:17:31 - [Cluster 0 - CLIENT] - INFO - Sent reply
2025-03-31 13:17:31 - [Cluster 0 - CLIENT] - INFO - 
2025-03-31 13:17:31 - [Cluster 0 - CLIENT] - INFO - Received: train message cbc1363a-6dd2-440c-b59c-6cf25a6f4d63
2025-03-31 13:17:31 - [Cluster 0 - CLIENT] - INFO - [Store 811] Starting local training.
2025-03-31 13:17:31 - [Cluster 0 - CLIENT] - INFO - Sent reply
2025-03-31 13:17:31 - [Cluster 0 - CLIENT] - INFO - 
2025-03-31 13:17:31 - [Cluster 0 - CLIENT] - INFO - Received: train message 57fe68c3-1f64-4997-a4f7-68c9b220fb2d
2025-03-31 13:17:31 - [Cluster 0 - CLIENT] - INFO - [Store 857] Starting local training.
2025-03-31 13:17:31 - [Cluster 0 - CLIENT] - INFO - [Store 588] Local training complete.
2025-03-31 13:17:32 - [Cluster 0 - CLIENT] - INFO - Sent reply
2025-03-31 13:17:32 - [Cluster 0 - CLIENT] - INFO - 
2025-03-31 13:17:32 - [Cluster 0 - CLIENT] - INFO - Received: train message cb01202f-b993-4d19-a59f-fb3ffbaced7c
2025-03-31 13:17:32 - [Cluster 0 - CLIENT] - INFO - [Store 201] Starting local training.
2025-03-31 13:17:32 - [Cluster 0 - CLIENT] - INFO - [Store 294] Local training complete.
2025-03-31 13:17:32 - [Cluster 0 - CLIENT] - INFO - Sent reply
2025-03-31 13:17:32 - [Cluster 0 - CLIENT] - INFO - 
2025-03-31 13:17:32 - [Cluster 0 - CLIENT] - INFO - Received: train message bd890b96-90ba-45ce-8c99-4db8521a2546
2025-03-31 13:17:32 - [Cluster 0 - CLIENT] - INFO - [Store 47] Starting local training.
2025-03-31 13:17:34 - [Cluster 0 - CLIENT] - INFO - [Store 327] Local training complete.
2025-03-31 13:17:34 - [Cluster 0 - CLIENT] - INFO - Sent reply
2025-03-31 13:17:34 - [Cluster 0 - CLIENT] - INFO - 
2025-03-31 13:17:34 - [Cluster 0 - CLIENT] - INFO - Received: train message 9deb1b71-433d-48f2-8b58-29e0e1701333
2025-03-31 13:17:34 - [Cluster 0 - CLIENT] - INFO - [Store 328] Local training complete.
2025-03-31 13:17:34 - [Cluster 0 - CLIENT] - INFO - Sent reply
2025-03-31 13:17:34 - [Cluster 0 - CLIENT] - INFO - [Store 329] Starting local training.
2025-03-31 13:17:34 - [Cluster 0 - CLIENT] - INFO - 
2025-03-31 13:17:34 - [Cluster 0 - CLIENT] - INFO - Received: train message 5341bdb2-2889-41c6-bda6-7599cd3fd1b0
2025-03-31 13:17:34 - [Cluster 0 - CLIENT] - INFO - [Store 313] Starting local training.
2025-03-31 13:17:35 - [Cluster 0 - CLIENT] - INFO - [Store 590] Local training complete.
2025-03-31 13:17:35 - [Cluster 0 - CLIENT] - INFO - Sent reply
2025-03-31 13:17:35 - [Cluster 0 - CLIENT] - INFO - 
2025-03-31 13:17:35 - [Cluster 0 - CLIENT] - INFO - Received: train message 13f74ede-fc3b-442e-b547-18aef58eb87d
2025-03-31 13:17:35 - [Cluster 0 - CLIENT] - INFO - [Store 639] Starting local training.
2025-03-31 13:21:53 - [Cluster 0 - CLIENT] - INFO - [Store 142] Local training complete.
2025-03-31 13:21:53 - [Cluster 0 - CLIENT] - INFO - Sent reply
2025-03-31 13:21:55 - [Cluster 0 - CLIENT] - INFO - [Store 451] Local training complete.
2025-03-31 13:21:55 - [Cluster 0 - CLIENT] - INFO - Sent reply
2025-03-31 13:21:56 - [Cluster 0 - CLIENT] - INFO - [Store 75] Local training complete.
2025-03-31 13:21:56 - [Cluster 0 - CLIENT] - INFO - Sent reply
2025-03-31 13:21:56 - [Cluster 0 - CLIENT] - INFO - [Store 848] Local training complete.
2025-03-31 13:21:57 - [Cluster 0 - CLIENT] - INFO - Sent reply
2025-03-31 13:21:59 - [Cluster 0 - CLIENT] - INFO - [Store 857] Local training complete.
2025-03-31 13:21:59 - [Cluster 0 - CLIENT] - INFO - Sent reply
2025-03-31 13:22:01 - [Cluster 0 - CLIENT] - INFO - [Store 201] Local training complete.
2025-03-31 13:22:01 - [Cluster 0 - CLIENT] - INFO - Sent reply
2025-03-31 13:22:01 - [Cluster 0 - CLIENT] - INFO - [Store 91] Local training complete.
2025-03-31 13:22:01 - [Cluster 0 - CLIENT] - INFO - Sent reply
2025-03-31 13:22:02 - [Cluster 0 - CLIENT] - INFO - [Store 314] Local training complete.
2025-03-31 13:22:02 - [Cluster 0 - CLIENT] - INFO - Sent reply
2025-03-31 13:22:02 - [Cluster 0 - CLIENT] - INFO - [Store 47] Local training complete.
2025-03-31 13:22:02 - [Cluster 0 - CLIENT] - INFO - Sent reply
2025-03-31 13:22:02 - [Cluster 0 - CLIENT] - INFO - [Store 811] Local training complete.
2025-03-31 13:22:02 - [Cluster 0 - CLIENT] - INFO - Sent reply
2025-03-31 13:22:03 - [Cluster 0 - CLIENT] - INFO - [Store 111] Local training complete.
2025-03-31 13:22:03 - [Cluster 0 - CLIENT] - INFO - Sent reply
2025-03-31 13:22:04 - [Cluster 0 - CLIENT] - INFO - [Store 329] Local training complete.
2025-03-31 13:22:04 - [Cluster 0 - CLIENT] - INFO - Sent reply
2025-03-31 13:22:04 - [Cluster 0 - CLIENT] - INFO - [Store 313] Local training complete.
2025-03-31 13:22:04 - [Cluster 0 - CLIENT] - INFO - Sent reply
2025-03-31 13:22:05 - [Cluster 0 - CLIENT] - INFO - [Store 529] Local training complete.
2025-03-31 13:22:05 - [Cluster 0 - CLIENT] - INFO - Sent reply
2025-03-31 13:22:07 - [Cluster 0 - CLIENT] - INFO - [Store 639] Local training complete.
2025-03-31 13:22:07 - [Cluster 0 - CLIENT] - INFO - Sent reply
2025-03-31 13:22:07 - [Cluster 0 - CLIENT] - INFO - 
2025-03-31 13:22:07 - [Cluster 0 - CLIENT] - INFO - Received: evaluate message c940f686-f3c8-44a0-8199-c6d7c319ced6
2025-03-31 13:22:07 - [Cluster 0 - CLIENT] - INFO - 
2025-03-31 13:22:07 - [Cluster 0 - CLIENT] - INFO - 
2025-03-31 13:22:07 - [Cluster 0 - CLIENT] - INFO - Received: evaluate message b2e5ee6e-59ea-415e-b293-a4cc893351fc
2025-03-31 13:22:07 - [Cluster 0 - CLIENT] - INFO - Received: evaluate message a188f397-287e-46d7-839d-8fcdc87d5923
2025-03-31 13:22:07 - [Cluster 0 - CLIENT] - INFO - 
2025-03-31 13:22:07 - [Cluster 0 - CLIENT] - INFO - Received: evaluate message 92954d73-031d-467a-905f-47a782e2976a
2025-03-31 13:22:07 - [Cluster 0 - CLIENT] - INFO - 
2025-03-31 13:22:07 - [Cluster 0 - CLIENT] - INFO - Received: evaluate message f3801cb9-dae7-4c6f-b0da-d2e81bd5ffc9
2025-03-31 13:22:07 - [Cluster 0 - CLIENT] - INFO - 
2025-03-31 13:22:07 - [Cluster 0 - CLIENT] - INFO - Received: evaluate message 38e82d5c-5b98-4f9c-966a-c7aa24177689
2025-03-31 13:22:07 - [Cluster 0 - CLIENT] - INFO - 
2025-03-31 13:22:07 - [Cluster 0 - CLIENT] - INFO - Received: evaluate message fb522542-c57c-4428-b02e-9afa0de261ca
2025-03-31 13:22:07 - [Cluster 0 - CLIENT] - INFO - 
2025-03-31 13:22:07 - [Cluster 0 - CLIENT] - INFO - Received: evaluate message 1efbf7c6-6dbd-4327-9081-5523f64e0c21
2025-03-31 13:22:07 - [Cluster 0 - CLIENT] - INFO - 
2025-03-31 13:22:07 - [Cluster 0 - CLIENT] - INFO - Received: evaluate message cbfb01a8-8b1b-443b-94e7-6bf48c62c17d
2025-03-31 13:22:07 - [Cluster 0 - CLIENT] - INFO - 
2025-03-31 13:22:07 - [Cluster 0 - CLIENT] - INFO - Received: evaluate message 2ef3da75-a475-4268-9c12-2ac1048fe301
2025-03-31 13:22:07 - [Cluster 0 - CLIENT] - INFO - 
2025-03-31 13:22:07 - [Cluster 0 - CLIENT] - INFO - Received: evaluate message b3363fed-1555-4ffe-b2ff-a2af7a1e450a
2025-03-31 13:22:07 - [Cluster 0 - CLIENT] - INFO - 
2025-03-31 13:22:07 - [Cluster 0 - CLIENT] - INFO - 
2025-03-31 13:22:07 - [Cluster 0 - CLIENT] - INFO - Received: evaluate message 7a3516f7-eb1c-41a5-b579-886f0aabd93f
2025-03-31 13:22:07 - [Cluster 0 - CLIENT] - INFO - Received: evaluate message aa6dd1f8-0680-4d15-884a-d2542c7593de
2025-03-31 13:22:07 - [Cluster 0 - CLIENT] - INFO - 
2025-03-31 13:22:07 - [Cluster 0 - CLIENT] - INFO - Received: evaluate message ada15728-1d33-4259-8daf-8f3266712894
2025-03-31 13:22:07 - [Cluster 0 - CLIENT] - INFO - 
2025-03-31 13:22:07 - [Cluster 0 - CLIENT] - INFO - Received: evaluate message a3570869-70f5-4662-9e12-a7bfdfc8030a
2025-03-31 13:22:09 - [Cluster 0 - CLIENT] - INFO - [Store 313] Evaluation - Loss: 0.2181, MAE: 0.3279
2025-03-31 13:22:09 - [Cluster 0 - CLIENT] - INFO - Sent reply
2025-03-31 13:22:09 - [Cluster 0 - CLIENT] - INFO - 
2025-03-31 13:22:09 - [Cluster 0 - CLIENT] - INFO - Received: evaluate message 17767772-f40a-4bee-9299-cb4dd666a18e
2025-03-31 13:22:09 - [Cluster 0 - CLIENT] - INFO - [Store 201] Evaluation - Loss: 0.2868, MAE: 0.3782
2025-03-31 13:22:09 - [Cluster 0 - CLIENT] - INFO - Sent reply
2025-03-31 13:22:09 - [Cluster 0 - CLIENT] - INFO - 
2025-03-31 13:22:09 - [Cluster 0 - CLIENT] - INFO - Received: evaluate message 4f0c67bf-f5db-4570-bae2-bd145a00bcb1
2025-03-31 13:22:09 - [Cluster 0 - CLIENT] - INFO - [Store 329] Evaluation - Loss: 0.2416, MAE: 0.3423
2025-03-31 13:22:09 - [Cluster 0 - CLIENT] - INFO - Sent reply
2025-03-31 13:22:09 - [Cluster 0 - CLIENT] - INFO - [Store 639] Evaluation - Loss: 0.2118, MAE: 0.3139
2025-03-31 13:22:09 - [Cluster 0 - CLIENT] - INFO - Sent reply
2025-03-31 13:22:09 - [Cluster 0 - CLIENT] - INFO - 
2025-03-31 13:22:09 - [Cluster 0 - CLIENT] - INFO - Received: evaluate message 8193c58f-c443-4f85-a5c4-fd7a4021b84b
2025-03-31 13:22:09 - [Cluster 0 - CLIENT] - INFO - [Store 418] Evaluation - Loss: 0.2997, MAE: 0.3745
2025-03-31 13:22:09 - [Cluster 0 - CLIENT] - INFO - 
2025-03-31 13:22:09 - [Cluster 0 - CLIENT] - INFO - Received: evaluate message 54ab8145-758b-4436-b76a-d3bb38b27a3f
2025-03-31 13:22:09 - [Cluster 0 - CLIENT] - INFO - Sent reply
2025-03-31 13:22:09 - [Cluster 0 - CLIENT] - INFO - [Store 91] Evaluation - Loss: 0.2957, MAE: 0.3882
2025-03-31 13:22:09 - [Cluster 0 - CLIENT] - INFO - Sent reply
2025-03-31 13:22:09 - [Cluster 0 - CLIENT] - INFO - [Store 1048] Evaluation - Loss: 0.3293, MAE: 0.3828
2025-03-31 13:22:09 - [Cluster 0 - CLIENT] - INFO - [Store 300] Evaluation - Loss: 0.3497, MAE: 0.4102
2025-03-31 13:22:09 - [Cluster 0 - CLIENT] - INFO - Sent reply
2025-03-31 13:22:09 - [Cluster 0 - CLIENT] - INFO - Sent reply
2025-03-31 13:22:09 - [Cluster 0 - CLIENT] - INFO - 
2025-03-31 13:22:09 - [Cluster 0 - CLIENT] - INFO - Received: evaluate message 350cd5cf-5f38-4f31-9996-3b98314bd02b
2025-03-31 13:22:09 - [Cluster 0 - CLIENT] - INFO - [Store 327] Evaluation - Loss: 0.2470, MAE: 0.3289
2025-03-31 13:22:09 - [Cluster 0 - CLIENT] - INFO - [Store 447] Evaluation - Loss: 0.2315, MAE: 0.3086
2025-03-31 13:22:09 - [Cluster 0 - CLIENT] - INFO - [Store 142] Evaluation - Loss: 0.2607, MAE: 0.3212
2025-03-31 13:22:09 - [Cluster 0 - CLIENT] - INFO - Sent reply
2025-03-31 13:22:09 - [Cluster 0 - CLIENT] - INFO - Sent reply
2025-03-31 13:22:09 - [Cluster 0 - CLIENT] - INFO - 
2025-03-31 13:22:09 - [Cluster 0 - CLIENT] - INFO - Received: evaluate message 97f80aff-100d-49c5-b4a6-db01ba396894
2025-03-31 13:22:09 - [Cluster 0 - CLIENT] - INFO - 
2025-03-31 13:22:09 - [Cluster 0 - CLIENT] - INFO - Sent reply
2025-03-31 13:22:09 - [Cluster 0 - CLIENT] - INFO - Received: evaluate message 053eaf22-daaf-4501-9852-b3bc590b8845
2025-03-31 13:22:09 - [Cluster 0 - CLIENT] - INFO - 
2025-03-31 13:22:09 - [Cluster 0 - CLIENT] - INFO - Received: evaluate message 5f52e68a-b249-4fea-9f87-e379aff9de5e
2025-03-31 13:22:09 - [Cluster 0 - CLIENT] - INFO - 
2025-03-31 13:22:09 - [Cluster 0 - CLIENT] - INFO - Received: evaluate message eff8cca5-c7b7-482c-8d83-aca1182f3ebd
2025-03-31 13:22:09 - [Cluster 0 - CLIENT] - INFO - [Store 592] Evaluation - Loss: 0.2369, MAE: 0.3412
2025-03-31 13:22:09 - [Cluster 0 - CLIENT] - INFO - Sent reply
2025-03-31 13:22:09 - [Cluster 0 - CLIENT] - INFO - [Store 489] Evaluation - Loss: 0.2055, MAE: 0.3280
2025-03-31 13:22:09 - [Cluster 0 - CLIENT] - INFO - Sent reply
2025-03-31 13:22:09 - [Cluster 0 - CLIENT] - INFO - 
2025-03-31 13:22:09 - [Cluster 0 - CLIENT] - INFO - Received: evaluate message fe90c7d2-25a6-4218-b57c-fb82a0691736
2025-03-31 13:22:09 - [Cluster 0 - CLIENT] - INFO - 
2025-03-31 13:22:09 - [Cluster 0 - CLIENT] - INFO - Received: evaluate message 4ac6f607-a955-4cef-bb1d-a3db913fe3ba
2025-03-31 13:22:09 - [Cluster 0 - CLIENT] - INFO - 
2025-03-31 13:22:09 - [Cluster 0 - CLIENT] - INFO - Received: evaluate message 846c98c4-d52f-4474-81a0-f4e63ec2eddd
2025-03-31 13:22:09 - [Cluster 0 - CLIENT] - INFO - 
2025-03-31 13:22:09 - [Cluster 0 - CLIENT] - INFO - Received: evaluate message 0d0e4773-e3f5-48ce-b3d1-8c52ecf7d787
2025-03-31 13:22:09 - [Cluster 0 - CLIENT] - INFO - [Store 812] Evaluation - Loss: 0.1832, MAE: 0.2880
2025-03-31 13:22:09 - [Cluster 0 - CLIENT] - INFO - Sent reply
2025-03-31 13:22:09 - [Cluster 0 - CLIENT] - INFO - 
2025-03-31 13:22:09 - [Cluster 0 - CLIENT] - INFO - Received: evaluate message 18295a2a-3d1e-45c2-aa3d-0a2f55cab207
2025-03-31 13:22:09 - [Cluster 0 - CLIENT] - INFO - [Store 257] Evaluation - Loss: 0.2033, MAE: 0.2906
2025-03-31 13:22:09 - [Cluster 0 - CLIENT] - INFO - Sent reply
2025-03-31 13:22:09 - [Cluster 0 - CLIENT] - INFO - 
2025-03-31 13:22:09 - [Cluster 0 - CLIENT] - INFO - Received: evaluate message 9a4f3c38-f16a-448d-9d56-1e6ac644d6bf
2025-03-31 13:22:10 - [Cluster 0 - CLIENT] - INFO - [Store 590] Evaluation - Loss: 0.3095, MAE: 0.3904
2025-03-31 13:22:10 - [Cluster 0 - CLIENT] - INFO - Sent reply
2025-03-31 13:22:10 - [Cluster 0 - CLIENT] - INFO - [Store 242] Evaluation - Loss: 0.2555, MAE: 0.3747
2025-03-31 13:22:10 - [Cluster 0 - CLIENT] - INFO - Sent reply
2025-03-31 13:22:10 - [Cluster 0 - CLIENT] - INFO - [Store 811] Evaluation - Loss: 0.2088, MAE: 0.2969
2025-03-31 13:22:10 - [Cluster 0 - CLIENT] - INFO - Sent reply
2025-03-31 13:22:10 - [Cluster 0 - CLIENT] - INFO - [Store 588] Evaluation - Loss: 0.2231, MAE: 0.3114
2025-03-31 13:22:10 - [Cluster 0 - CLIENT] - INFO - Sent reply
2025-03-31 13:22:10 - [Cluster 0 - CLIENT] - INFO - [Store 848] Evaluation - Loss: 0.2043, MAE: 0.3012
2025-03-31 13:22:10 - [Cluster 0 - CLIENT] - INFO - Sent reply
2025-03-31 13:22:10 - [Cluster 0 - CLIENT] - INFO - [Store 529] Evaluation - Loss: 0.2250, MAE: 0.3073
2025-03-31 13:22:10 - [Cluster 0 - CLIENT] - INFO - [Store 451] Evaluation - Loss: 0.2983, MAE: 0.3610
2025-03-31 13:22:10 - [Cluster 0 - CLIENT] - INFO - Sent reply
2025-03-31 13:22:10 - [Cluster 0 - CLIENT] - INFO - Sent reply
2025-03-31 13:22:10 - [Cluster 0 - CLIENT] - INFO - [Store 857] Evaluation - Loss: 0.4013, MAE: 0.4409
2025-03-31 13:22:10 - [Cluster 0 - CLIENT] - INFO - [Store 314] Evaluation - Loss: 0.2034, MAE: 0.3001
2025-03-31 13:22:10 - [Cluster 0 - CLIENT] - INFO - [Store 328] Evaluation - Loss: 0.2235, MAE: 0.3163
2025-03-31 13:22:10 - [Cluster 0 - CLIENT] - INFO - [Store 689] Evaluation - Loss: 0.2195, MAE: 0.3005
2025-03-31 13:22:10 - [Cluster 0 - CLIENT] - INFO - Sent reply
2025-03-31 13:22:10 - [Cluster 0 - CLIENT] - INFO - Sent reply
2025-03-31 13:22:10 - [Cluster 0 - CLIENT] - INFO - Sent reply
2025-03-31 13:22:10 - [Cluster 0 - CLIENT] - INFO - Sent reply
2025-03-31 13:22:10 - [Cluster 0 - CLIENT] - INFO - [Store 111] Evaluation - Loss: 0.2476, MAE: 0.3399
2025-03-31 13:22:10 - [Cluster 0 - CLIENT] - INFO - Sent reply
2025-03-31 13:22:10 - [Cluster 0 - CLIENT] - INFO - [Store 47] Evaluation - Loss: 0.2604, MAE: 0.3333
2025-03-31 13:22:10 - [Cluster 0 - CLIENT] - INFO - [Store 75] Evaluation - Loss: 0.2443, MAE: 0.3259
2025-03-31 13:22:10 - [Cluster 0 - CLIENT] - INFO - Sent reply
2025-03-31 13:22:10 - [Cluster 0 - CLIENT] - INFO - Sent reply
2025-03-31 13:22:10 - [Cluster 0 - CLIENT] - INFO - [Store 294] Evaluation - Loss: 0.2652, MAE: 0.3686
2025-03-31 13:22:10 - [Cluster 0 - CLIENT] - INFO - Sent reply
2025-03-31 13:22:10 - [Cluster 0 - CLIENT] - INFO - 
2025-03-31 13:22:10 - [Cluster 0 - CLIENT] - INFO - Received: train message ee761b8b-4cce-493b-960a-654ae8d769fe
2025-03-31 13:22:10 - [Cluster 0 - CLIENT] - INFO - 
2025-03-31 13:22:10 - [Cluster 0 - CLIENT] - INFO - Received: train message 91b8ece5-b407-4233-bcd2-36003e6a357c
2025-03-31 13:22:10 - [Cluster 0 - CLIENT] - INFO - 
2025-03-31 13:22:10 - [Cluster 0 - CLIENT] - INFO - Received: train message fc4d49c1-9507-448d-864e-92a1ec9ccf00
2025-03-31 13:22:10 - [Cluster 0 - CLIENT] - INFO - 
2025-03-31 13:22:10 - [Cluster 0 - CLIENT] - INFO - Received: train message c60d15a4-9919-4076-a2c8-f978f5c85500
2025-03-31 13:22:10 - [Cluster 0 - CLIENT] - INFO - [Store 689] Starting local training.
2025-03-31 13:22:10 - [Cluster 0 - CLIENT] - INFO - 
2025-03-31 13:22:10 - [Cluster 0 - CLIENT] - INFO - Received: train message 0457d8cf-5c90-4512-8218-f0275cfa5dad
2025-03-31 13:22:10 - [Cluster 0 - CLIENT] - INFO - [Store 328] Starting local training.
2025-03-31 13:22:10 - [Cluster 0 - CLIENT] - INFO - 
2025-03-31 13:22:10 - [Cluster 0 - CLIENT] - INFO - Received: train message e79dbed0-3171-4dfd-bc76-8162becbe104
2025-03-31 13:22:10 - [Cluster 0 - CLIENT] - INFO - [Store 529] Starting local training.
2025-03-31 13:22:10 - [Cluster 0 - CLIENT] - INFO - 
2025-03-31 13:22:10 - [Cluster 0 - CLIENT] - INFO - Received: train message e4980680-7ca3-4ac0-9cfe-83a0b25daaba
2025-03-31 13:22:10 - [Cluster 0 - CLIENT] - INFO - 
2025-03-31 13:22:10 - [Cluster 0 - CLIENT] - INFO - Received: train message 38d28b6a-afeb-4394-a5e2-cb644b000d96
2025-03-31 13:22:10 - [Cluster 0 - CLIENT] - INFO - 
2025-03-31 13:22:10 - [Cluster 0 - CLIENT] - INFO - Received: train message b78d148a-8da4-46b6-9d6a-d1ca740ce83b
2025-03-31 13:22:10 - [Cluster 0 - CLIENT] - INFO - 
2025-03-31 13:22:10 - [Cluster 0 - CLIENT] - INFO - Received: train message 350da29a-5d1d-4f62-98ae-537cea7c8077
2025-03-31 13:22:11 - [Cluster 0 - CLIENT] - INFO - 
2025-03-31 13:22:11 - [Cluster 0 - CLIENT] - INFO - Received: train message a84295b8-1a1d-4426-af93-51ce11cfab30
2025-03-31 13:22:11 - [Cluster 0 - CLIENT] - INFO - [Store 257] Starting local training.
2025-03-31 13:22:11 - [Cluster 0 - CLIENT] - INFO - 
2025-03-31 13:22:11 - [Cluster 0 - CLIENT] - INFO - Received: train message 40eda686-551f-4824-abf2-aba9a174d76c
2025-03-31 13:22:11 - [Cluster 0 - CLIENT] - INFO - 
2025-03-31 13:22:11 - [Cluster 0 - CLIENT] - INFO - Received: train message e6702375-e51e-4982-8a61-260eae36d079
2025-03-31 13:22:11 - [Cluster 0 - CLIENT] - INFO - 
2025-03-31 13:22:11 - [Cluster 0 - CLIENT] - INFO - Received: train message 7c5cc65c-317e-4298-8424-9f58359ce0e5
2025-03-31 13:22:11 - [Cluster 0 - CLIENT] - INFO - 
2025-03-31 13:22:11 - [Cluster 0 - CLIENT] - INFO - [Store 201] Starting local training.
2025-03-31 13:22:11 - [Cluster 0 - CLIENT] - INFO - Received: train message e8b46b6e-b2d7-440c-b730-db3937ac190d
2025-03-31 13:22:11 - [Cluster 0 - CLIENT] - INFO - [Store 848] Starting local training.
2025-03-31 13:22:11 - [Cluster 0 - CLIENT] - INFO - [Store 327] Starting local training.
2025-03-31 13:22:11 - [Cluster 0 - CLIENT] - INFO - [Store 812] Starting local training.
2025-03-31 13:22:11 - [Cluster 0 - CLIENT] - INFO - [Store 75] Starting local training.
2025-03-31 13:22:11 - [Cluster 0 - CLIENT] - INFO - [Store 142] Starting local training.
2025-03-31 13:22:11 - [Cluster 0 - CLIENT] - INFO - [Store 111] Starting local training.
2025-03-31 13:22:11 - [Cluster 0 - CLIENT] - INFO - [Store 447] Starting local training.
2025-03-31 13:22:11 - [Cluster 0 - CLIENT] - INFO - [Store 489] Starting local training.
2025-03-31 13:22:11 - [Cluster 0 - CLIENT] - INFO - [Store 1048] Starting local training.
2025-03-31 13:22:11 - [Cluster 0 - CLIENT] - INFO - [Store 329] Starting local training.
2025-03-31 13:26:11 - [Cluster 0 - CLIENT] - INFO - [Store 689] Local training complete.
2025-03-31 13:26:11 - [Cluster 0 - CLIENT] - INFO - Sent reply
2025-03-31 13:26:11 - [Cluster 0 - CLIENT] - INFO - 
2025-03-31 13:26:11 - [Cluster 0 - CLIENT] - INFO - Received: train message 5c7d1042-927d-46d2-9b79-2592454e9e71
2025-03-31 13:26:11 - [Cluster 0 - CLIENT] - INFO - [Store 418] Starting local training.
2025-03-31 13:26:13 - [Cluster 0 - CLIENT] - INFO - [Store 111] Local training complete.
2025-03-31 13:26:13 - [Cluster 0 - CLIENT] - INFO - [Store 75] Local training complete.
2025-03-31 13:26:14 - [Cluster 0 - CLIENT] - INFO - Sent reply
2025-03-31 13:26:14 - [Cluster 0 - CLIENT] - INFO - Sent reply
2025-03-31 13:26:14 - [Cluster 0 - CLIENT] - INFO - 
2025-03-31 13:26:14 - [Cluster 0 - CLIENT] - INFO - Received: train message 5b2957f5-e6ac-4bdb-bad4-cf07e35cceb2
2025-03-31 13:26:14 - [Cluster 0 - CLIENT] - INFO - 
2025-03-31 13:26:14 - [Cluster 0 - CLIENT] - INFO - Received: train message 57e0511e-c57f-4e27-9f16-8646d529a114
2025-03-31 13:26:14 - [Cluster 0 - CLIENT] - INFO - [Store 848] Local training complete.
2025-03-31 13:26:14 - [Cluster 0 - CLIENT] - INFO - [Store 489] Local training complete.
2025-03-31 13:26:14 - [Cluster 0 - CLIENT] - INFO - Sent reply
2025-03-31 13:26:14 - [Cluster 0 - CLIENT] - INFO - 
2025-03-31 13:26:14 - [Cluster 0 - CLIENT] - INFO - Received: train message 0876f061-abf0-46fa-acba-c3e56d49f4b0
2025-03-31 13:26:14 - [Cluster 0 - CLIENT] - INFO - [Store 242] Starting local training.
2025-03-31 13:26:14 - [Cluster 0 - CLIENT] - INFO - [Store 91] Starting local training.
2025-03-31 13:26:14 - [Cluster 0 - CLIENT] - INFO - [Store 314] Starting local training.
2025-03-31 13:26:14 - [Cluster 0 - CLIENT] - INFO - [Store 257] Local training complete.
2025-03-31 13:26:14 - [Cluster 0 - CLIENT] - INFO - Sent reply
2025-03-31 13:26:14 - [Cluster 0 - CLIENT] - INFO - 
2025-03-31 13:26:14 - [Cluster 0 - CLIENT] - INFO - Received: train message 5a936e13-cce3-4216-9d51-b42eeeb332de
2025-03-31 13:26:14 - [Cluster 0 - CLIENT] - INFO - Sent reply
2025-03-31 13:26:14 - [Cluster 0 - CLIENT] - INFO - [Store 300] Starting local training.
2025-03-31 13:26:14 - [Cluster 0 - CLIENT] - INFO - 
2025-03-31 13:26:14 - [Cluster 0 - CLIENT] - INFO - Received: train message 412c169a-11e4-4f70-8f39-e333e176dfb0
2025-03-31 13:26:14 - [Cluster 0 - CLIENT] - INFO - [Store 529] Local training complete.
2025-03-31 13:26:15 - [Cluster 0 - CLIENT] - INFO - [Store 588] Starting local training.
2025-03-31 13:26:15 - [Cluster 0 - CLIENT] - INFO - Sent reply
2025-03-31 13:26:15 - [Cluster 0 - CLIENT] - INFO - 
2025-03-31 13:26:15 - [Cluster 0 - CLIENT] - INFO - Received: train message 42a5e13f-25ff-443d-aa5d-005ae3041e4e
2025-03-31 13:26:15 - [Cluster 0 - CLIENT] - INFO - [Store 857] Starting local training.
2025-03-31 13:26:15 - [Cluster 0 - CLIENT] - INFO - [Store 329] Local training complete.
2025-03-31 13:26:15 - [Cluster 0 - CLIENT] - INFO - Sent reply
2025-03-31 13:26:15 - [Cluster 0 - CLIENT] - INFO - 
2025-03-31 13:26:15 - [Cluster 0 - CLIENT] - INFO - Received: train message efffb98b-6691-40f6-acd8-b6e54f0a9ab7
2025-03-31 13:26:15 - [Cluster 0 - CLIENT] - INFO - [Store 639] Starting local training.
2025-03-31 13:26:16 - [Cluster 0 - CLIENT] - INFO - [Store 812] Local training complete.
2025-03-31 13:26:16 - [Cluster 0 - CLIENT] - INFO - Sent reply
2025-03-31 13:26:16 - [Cluster 0 - CLIENT] - INFO - 
2025-03-31 13:26:16 - [Cluster 0 - CLIENT] - INFO - Received: train message 41c0aa01-95c6-4e2f-af50-e3f17f782c37
2025-03-31 13:26:16 - [Cluster 0 - CLIENT] - INFO - [Store 313] Starting local training.
2025-03-31 13:26:16 - [Cluster 0 - CLIENT] - INFO - [Store 201] Local training complete.
2025-03-31 13:26:17 - [Cluster 0 - CLIENT] - INFO - Sent reply
2025-03-31 13:26:17 - [Cluster 0 - CLIENT] - INFO - 
2025-03-31 13:26:17 - [Cluster 0 - CLIENT] - INFO - Received: train message faa3cd20-6e88-4e0e-be22-14a52690a599
2025-03-31 13:26:17 - [Cluster 0 - CLIENT] - INFO - [Store 294] Starting local training.
2025-03-31 13:26:17 - [Cluster 0 - CLIENT] - INFO - [Store 328] Local training complete.
2025-03-31 13:26:17 - [Cluster 0 - CLIENT] - INFO - Sent reply
2025-03-31 13:26:17 - [Cluster 0 - CLIENT] - INFO - 
2025-03-31 13:26:17 - [Cluster 0 - CLIENT] - INFO - Received: train message 1994f817-031d-4729-8f67-40fdb6e27edb
2025-03-31 13:26:17 - [Cluster 0 - CLIENT] - INFO - [Store 451] Starting local training.
2025-03-31 13:26:17 - [Cluster 0 - CLIENT] - INFO - [Store 327] Local training complete.
2025-03-31 13:26:17 - [Cluster 0 - CLIENT] - INFO - Sent reply
2025-03-31 13:26:17 - [Cluster 0 - CLIENT] - INFO - 
2025-03-31 13:26:17 - [Cluster 0 - CLIENT] - INFO - Received: train message 78201fd3-54fe-4f9b-bafe-dceb3e3859ce
2025-03-31 13:26:17 - [Cluster 0 - CLIENT] - INFO - [Store 811] Starting local training.
2025-03-31 13:26:18 - [Cluster 0 - CLIENT] - INFO - [Store 447] Local training complete.
2025-03-31 13:26:18 - [Cluster 0 - CLIENT] - INFO - Sent reply
2025-03-31 13:26:18 - [Cluster 0 - CLIENT] - INFO - 
2025-03-31 13:26:18 - [Cluster 0 - CLIENT] - INFO - Received: train message 6669e1ad-2298-4ab0-93c5-c247052259ac
2025-03-31 13:26:18 - [Cluster 0 - CLIENT] - INFO - [Store 47] Starting local training.
2025-03-31 13:26:19 - [Cluster 0 - CLIENT] - INFO - [Store 142] Local training complete.
2025-03-31 13:26:19 - [Cluster 0 - CLIENT] - INFO - Sent reply
2025-03-31 13:26:19 - [Cluster 0 - CLIENT] - INFO - 
2025-03-31 13:26:19 - [Cluster 0 - CLIENT] - INFO - Received: train message ab1708cc-3bb5-44e3-9fcd-c27d9fb4b176
2025-03-31 13:26:19 - [Cluster 0 - CLIENT] - INFO - [Store 592] Starting local training.
2025-03-31 13:26:38 - [Cluster 0 - CLIENT] - INFO - [Store 1048] Local training complete.
2025-03-31 13:26:38 - [Cluster 0 - CLIENT] - INFO - Sent reply
2025-03-31 13:26:38 - [Cluster 0 - CLIENT] - INFO - 
2025-03-31 13:26:38 - [Cluster 0 - CLIENT] - INFO - Received: train message f60071ff-13e3-473a-b7f3-2303a0be46e1
2025-03-31 13:26:38 - [Cluster 0 - CLIENT] - INFO - [Store 590] Starting local training.
2025-03-31 13:30:15 - [Cluster 0 - CLIENT] - INFO - [Store 314] Local training complete.
2025-03-31 13:30:15 - [Cluster 0 - CLIENT] - INFO - Sent reply
2025-03-31 13:30:16 - [Cluster 0 - CLIENT] - INFO - [Store 91] Local training complete.
2025-03-31 13:30:16 - [Cluster 0 - CLIENT] - INFO - Sent reply
2025-03-31 13:30:16 - [Cluster 0 - CLIENT] - INFO - [Store 639] Local training complete.
2025-03-31 13:30:16 - [Cluster 0 - CLIENT] - INFO - Sent reply
2025-03-31 13:30:17 - [Cluster 0 - CLIENT] - INFO - [Store 242] Local training complete.
2025-03-31 13:30:17 - [Cluster 0 - CLIENT] - INFO - Sent reply
2025-03-31 13:30:18 - [Cluster 0 - CLIENT] - INFO - [Store 588] Local training complete.
2025-03-31 13:30:18 - [Cluster 0 - CLIENT] - INFO - Sent reply
2025-03-31 13:30:18 - [Cluster 0 - CLIENT] - INFO - [Store 811] Local training complete.
2025-03-31 13:30:18 - [Cluster 0 - CLIENT] - INFO - Sent reply
2025-03-31 13:30:18 - [Cluster 0 - CLIENT] - INFO - [Store 418] Local training complete.
2025-03-31 13:30:18 - [Cluster 0 - CLIENT] - INFO - [Store 294] Local training complete.
2025-03-31 13:30:18 - [Cluster 0 - CLIENT] - INFO - Sent reply
2025-03-31 13:30:18 - [Cluster 0 - CLIENT] - INFO - Sent reply
2025-03-31 13:30:18 - [Cluster 0 - CLIENT] - INFO - [Store 451] Local training complete.
2025-03-31 13:30:19 - [Cluster 0 - CLIENT] - INFO - Sent reply
2025-03-31 13:30:19 - [Cluster 0 - CLIENT] - INFO - [Store 47] Local training complete.
2025-03-31 13:30:19 - [Cluster 0 - CLIENT] - INFO - Sent reply
2025-03-31 13:30:19 - [Cluster 0 - CLIENT] - INFO - [Store 592] Local training complete.
2025-03-31 13:30:19 - [Cluster 0 - CLIENT] - INFO - Sent reply
2025-03-31 13:30:21 - [Cluster 0 - CLIENT] - INFO - [Store 857] Local training complete.
2025-03-31 13:30:21 - [Cluster 0 - CLIENT] - INFO - Sent reply
2025-03-31 13:30:22 - [Cluster 0 - CLIENT] - INFO - [Store 313] Local training complete.
2025-03-31 13:30:22 - [Cluster 0 - CLIENT] - INFO - Sent reply
2025-03-31 13:30:22 - [Cluster 0 - CLIENT] - INFO - [Store 300] Local training complete.
2025-03-31 13:30:22 - [Cluster 0 - CLIENT] - INFO - Sent reply
2025-03-31 13:30:22 - [Cluster 0 - CLIENT] - INFO - [Store 590] Local training complete.
2025-03-31 13:30:22 - [Cluster 0 - CLIENT] - INFO - Sent reply
2025-03-31 13:30:22 - [Cluster 0 - CLIENT] - INFO - 
2025-03-31 13:30:22 - [Cluster 0 - CLIENT] - INFO - Received: evaluate message a7ab9950-fb8b-4544-b11b-342ea0f3b7e3
2025-03-31 13:30:22 - [Cluster 0 - CLIENT] - INFO - 
2025-03-31 13:30:22 - [Cluster 0 - CLIENT] - INFO - Received: evaluate message ef9cb8d7-22b0-4368-891f-db9f3aa0699d
2025-03-31 13:30:22 - [Cluster 0 - CLIENT] - INFO - 
2025-03-31 13:30:22 - [Cluster 0 - CLIENT] - INFO - 
2025-03-31 13:30:22 - [Cluster 0 - CLIENT] - INFO - Received: evaluate message 42ee1c8e-8d3c-40bf-b4dc-f54e274440e8
2025-03-31 13:30:22 - [Cluster 0 - CLIENT] - INFO - Received: evaluate message 395296e8-0560-4d0a-bfd8-4c952769b591
2025-03-31 13:30:22 - [Cluster 0 - CLIENT] - INFO - 
2025-03-31 13:30:22 - [Cluster 0 - CLIENT] - INFO - Received: evaluate message 224e400c-6411-491c-888f-d3c44269c8fc
2025-03-31 13:30:22 - [Cluster 0 - CLIENT] - INFO - 
2025-03-31 13:30:22 - [Cluster 0 - CLIENT] - INFO - 
2025-03-31 13:30:22 - [Cluster 0 - CLIENT] - INFO - Received: evaluate message 461da855-cb6d-42dc-8dad-2fbe19d5c06a
2025-03-31 13:30:22 - [Cluster 0 - CLIENT] - INFO - Received: evaluate message 97520666-3b3b-4a36-9848-026ee88f13a6
2025-03-31 13:30:22 - [Cluster 0 - CLIENT] - INFO - 
2025-03-31 13:30:22 - [Cluster 0 - CLIENT] - INFO - Received: evaluate message 741bda64-f2d1-4798-af5a-a8ce7701a3b9
2025-03-31 13:30:22 - [Cluster 0 - CLIENT] - INFO - 
2025-03-31 13:30:22 - [Cluster 0 - CLIENT] - INFO - Received: evaluate message 6d672e3e-78ec-42b8-9723-9d36c4b52bfd
2025-03-31 13:30:22 - [Cluster 0 - CLIENT] - INFO - 
2025-03-31 13:30:22 - [Cluster 0 - CLIENT] - INFO - Received: evaluate message c70cb73e-5335-4b15-9835-37d94378b2d4
2025-03-31 13:30:22 - [Cluster 0 - CLIENT] - INFO - 
2025-03-31 13:30:22 - [Cluster 0 - CLIENT] - INFO - Received: evaluate message 4626be5e-1ac6-466a-bce5-674ad3093101
2025-03-31 13:30:22 - [Cluster 0 - CLIENT] - INFO - 
2025-03-31 13:30:22 - [Cluster 0 - CLIENT] - INFO - Received: evaluate message 8d9c21eb-763d-464a-9243-15ae15f7e938
2025-03-31 13:30:22 - [Cluster 0 - CLIENT] - INFO - 
2025-03-31 13:30:22 - [Cluster 0 - CLIENT] - INFO - 
2025-03-31 13:30:22 - [Cluster 0 - CLIENT] - INFO - Received: evaluate message bb734dfd-1cf7-486b-b82b-fbbda465f738
2025-03-31 13:30:22 - [Cluster 0 - CLIENT] - INFO - Received: evaluate message 715ef0cc-1524-4ed7-bdcf-49d4968983a2
2025-03-31 13:30:22 - [Cluster 0 - CLIENT] - INFO - 
2025-03-31 13:30:22 - [Cluster 0 - CLIENT] - INFO - Received: evaluate message 2e46650d-8c22-45e6-9f00-bfa3a1be3805
2025-03-31 13:30:23 - [Cluster 0 - CLIENT] - INFO - [Store 313] Evaluation - Loss: 0.2119, MAE: 0.3206
2025-03-31 13:30:23 - [Cluster 0 - CLIENT] - INFO - Sent reply
2025-03-31 13:30:23 - [Cluster 0 - CLIENT] - INFO - [Store 242] Evaluation - Loss: 0.2474, MAE: 0.3672
2025-03-31 13:30:23 - [Cluster 0 - CLIENT] - INFO - Sent reply
2025-03-31 13:30:23 - [Cluster 0 - CLIENT] - INFO - 
2025-03-31 13:30:23 - [Cluster 0 - CLIENT] - INFO - Received: evaluate message 08ac5d48-476a-42f7-b16d-30580227ab5c
2025-03-31 13:30:23 - [Cluster 0 - CLIENT] - INFO - [Store 91] Evaluation - Loss: 0.3093, MAE: 0.3997
2025-03-31 13:30:23 - [Cluster 0 - CLIENT] - INFO - Sent reply
2025-03-31 13:30:23 - [Cluster 0 - CLIENT] - INFO - 
2025-03-31 13:30:23 - [Cluster 0 - CLIENT] - INFO - Received: evaluate message 58796afa-e389-4d08-8ece-a868807e2efd
2025-03-31 13:30:23 - [Cluster 0 - CLIENT] - INFO - [Store 848] Evaluation - Loss: 0.1988, MAE: 0.2890
2025-03-31 13:30:23 - [Cluster 0 - CLIENT] - INFO - Sent reply
2025-03-31 13:30:23 - [Cluster 0 - CLIENT] - INFO - 
2025-03-31 13:30:23 - [Cluster 0 - CLIENT] - INFO - Received: evaluate message c3f80bbc-a43c-4959-ac55-a36b1abfba02
2025-03-31 13:30:23 - [Cluster 0 - CLIENT] - INFO - [Store 257] Evaluation - Loss: 0.2032, MAE: 0.2842
2025-03-31 13:30:23 - [Cluster 0 - CLIENT] - INFO - [Store 451] Evaluation - Loss: 0.2879, MAE: 0.3512
2025-03-31 13:30:23 - [Cluster 0 - CLIENT] - INFO - 
2025-03-31 13:30:23 - [Cluster 0 - CLIENT] - INFO - Sent reply
2025-03-31 13:30:23 - [Cluster 0 - CLIENT] - INFO - Received: evaluate message fdad2a5c-990d-4db1-b124-49472a51c3be
2025-03-31 13:30:23 - [Cluster 0 - CLIENT] - INFO - Sent reply
2025-03-31 13:30:23 - [Cluster 0 - CLIENT] - INFO - [Store 811] Evaluation - Loss: 0.2099, MAE: 0.2989
2025-03-31 13:30:23 - [Cluster 0 - CLIENT] - INFO - Sent reply
2025-03-31 13:30:23 - [Cluster 0 - CLIENT] - INFO - 
2025-03-31 13:30:23 - [Cluster 0 - CLIENT] - INFO - Received: evaluate message 9de92cc4-44b0-4c4e-8f86-3e46bbedb4eb
2025-03-31 13:30:23 - [Cluster 0 - CLIENT] - INFO - [Store 529] Evaluation - Loss: 0.2202, MAE: 0.3013
2025-03-31 13:30:23 - [Cluster 0 - CLIENT] - INFO - Sent reply
2025-03-31 13:30:23 - [Cluster 0 - CLIENT] - INFO - 
2025-03-31 13:30:23 - [Cluster 0 - CLIENT] - INFO - Received: evaluate message 3e6353b3-662c-4528-8375-0492328647f7
2025-03-31 13:30:24 - [Cluster 0 - CLIENT] - INFO - [Store 639] Evaluation - Loss: 0.2077, MAE: 0.3098
2025-03-31 13:30:24 - [Cluster 0 - CLIENT] - INFO - [Store 314] Evaluation - Loss: 0.1958, MAE: 0.2889
2025-03-31 13:30:24 - [Cluster 0 - CLIENT] - INFO - Sent reply
2025-03-31 13:30:24 - [Cluster 0 - CLIENT] - INFO - [Store 328] Evaluation - Loss: 0.2132, MAE: 0.2985
2025-03-31 13:30:24 - [Cluster 0 - CLIENT] - INFO - 
2025-03-31 13:30:24 - [Cluster 0 - CLIENT] - INFO - Sent reply
2025-03-31 13:30:24 - [Cluster 0 - CLIENT] - INFO - Received: evaluate message a0d83b6e-b032-45b4-8ab6-09cb295c85af
2025-03-31 13:30:24 - [Cluster 0 - CLIENT] - INFO - Sent reply
2025-03-31 13:30:24 - [Cluster 0 - CLIENT] - INFO - [Store 447] Evaluation - Loss: 0.2344, MAE: 0.3050
2025-03-31 13:30:24 - [Cluster 0 - CLIENT] - INFO - Sent reply
2025-03-31 13:30:24 - [Cluster 0 - CLIENT] - INFO - [Store 201] Evaluation - Loss: 0.2838, MAE: 0.3723
2025-03-31 13:30:24 - [Cluster 0 - CLIENT] - INFO - 
2025-03-31 13:30:24 - [Cluster 0 - CLIENT] - INFO - Sent reply
2025-03-31 13:30:24 - [Cluster 0 - CLIENT] - INFO - Received: evaluate message 08cdf7f0-3f37-4ee1-a454-e7993a47d0f1
2025-03-31 13:30:24 - [Cluster 0 - CLIENT] - INFO - [Store 812] Evaluation - Loss: 0.1766, MAE: 0.2753
2025-03-31 13:30:24 - [Cluster 0 - CLIENT] - INFO - 
2025-03-31 13:30:24 - [Cluster 0 - CLIENT] - INFO - Received: evaluate message 0770c0c0-d41a-4e69-aab8-b7071e256787
2025-03-31 13:30:24 - [Cluster 0 - CLIENT] - INFO - 
2025-03-31 13:30:24 - [Cluster 0 - CLIENT] - INFO - Received: evaluate message 77848a6f-a9fb-4597-9be7-32ba8b929ca2
2025-03-31 13:30:24 - [Cluster 0 - CLIENT] - INFO - Sent reply
2025-03-31 13:30:24 - [Cluster 0 - CLIENT] - INFO - 
2025-03-31 13:30:24 - [Cluster 0 - CLIENT] - INFO - Received: evaluate message 352e4d43-bb2a-498e-87c0-8194ca7098c6
2025-03-31 13:30:24 - [Cluster 0 - CLIENT] - INFO - [Store 329] Evaluation - Loss: 0.2297, MAE: 0.3276
2025-03-31 13:30:24 - [Cluster 0 - CLIENT] - INFO - Sent reply
2025-03-31 13:30:24 - [Cluster 0 - CLIENT] - INFO - 
2025-03-31 13:30:24 - [Cluster 0 - CLIENT] - INFO - 
2025-03-31 13:30:24 - [Cluster 0 - CLIENT] - INFO - Received: evaluate message 5102a880-c50d-42ad-85de-70ab5d48ef84
2025-03-31 13:30:24 - [Cluster 0 - CLIENT] - INFO - Received: evaluate message e1c2c33f-c371-4a47-9e00-2cb13dec8250
2025-03-31 13:30:24 - [Cluster 0 - CLIENT] - INFO - 
2025-03-31 13:30:24 - [Cluster 0 - CLIENT] - INFO - Received: evaluate message 887f96f8-90cc-4fe9-b69f-a0f5457160e7
2025-03-31 13:30:24 - [Cluster 0 - CLIENT] - INFO - 
2025-03-31 13:30:24 - [Cluster 0 - CLIENT] - INFO - Received: evaluate message 010899df-3b50-460d-b4b2-4340b50f269f
2025-03-31 13:30:25 - [Cluster 0 - CLIENT] - INFO - [Store 588] Evaluation - Loss: 0.2181, MAE: 0.3024
2025-03-31 13:30:25 - [Cluster 0 - CLIENT] - INFO - Sent reply
2025-03-31 13:30:25 - [Cluster 0 - CLIENT] - INFO - [Store 857] Evaluation - Loss: 0.3976, MAE: 0.4294
2025-03-31 13:30:25 - [Cluster 0 - CLIENT] - INFO - Sent reply
2025-03-31 13:30:25 - [Cluster 0 - CLIENT] - INFO - [Store 294] Evaluation - Loss: 0.2504, MAE: 0.3459
2025-03-31 13:30:25 - [Cluster 0 - CLIENT] - INFO - Sent reply
2025-03-31 13:30:25 - [Cluster 0 - CLIENT] - INFO - [Store 592] Evaluation - Loss: 0.2268, MAE: 0.3272
2025-03-31 13:30:25 - [Cluster 0 - CLIENT] - INFO - Sent reply
2025-03-31 13:30:25 - [Cluster 0 - CLIENT] - INFO - [Store 47] Evaluation - Loss: 0.2568, MAE: 0.3231
2025-03-31 13:30:25 - [Cluster 0 - CLIENT] - INFO - Sent reply
2025-03-31 13:30:25 - [Cluster 0 - CLIENT] - INFO - [Store 1048] Evaluation - Loss: 0.3196, MAE: 0.3714
2025-03-31 13:30:25 - [Cluster 0 - CLIENT] - INFO - Sent reply
2025-03-31 13:30:25 - [Cluster 0 - CLIENT] - INFO - [Store 142] Evaluation - Loss: 0.2583, MAE: 0.3088
2025-03-31 13:30:25 - [Cluster 0 - CLIENT] - INFO - Sent reply
2025-03-31 13:30:25 - [Cluster 0 - CLIENT] - INFO - [Store 111] Evaluation - Loss: 0.2406, MAE: 0.3327
2025-03-31 13:30:25 - [Cluster 0 - CLIENT] - INFO - Sent reply
2025-03-31 13:30:25 - [Cluster 0 - CLIENT] - INFO - [Store 489] Evaluation - Loss: 0.1974, MAE: 0.3201
2025-03-31 13:30:25 - [Cluster 0 - CLIENT] - INFO - Sent reply
2025-03-31 13:30:25 - [Cluster 0 - CLIENT] - INFO - [Store 590] Evaluation - Loss: 0.3054, MAE: 0.3834
2025-03-31 13:30:25 - [Cluster 0 - CLIENT] - INFO - Sent reply
2025-03-31 13:30:25 - [Cluster 0 - CLIENT] - INFO - [Store 689] Evaluation - Loss: 0.2165, MAE: 0.3023
2025-03-31 13:30:25 - [Cluster 0 - CLIENT] - INFO - Sent reply
2025-03-31 13:30:25 - [Cluster 0 - CLIENT] - INFO - [Store 75] Evaluation - Loss: 0.2411, MAE: 0.3200
2025-03-31 13:30:25 - [Cluster 0 - CLIENT] - INFO - [Store 300] Evaluation - Loss: 0.3397, MAE: 0.3976
2025-03-31 13:30:25 - [Cluster 0 - CLIENT] - INFO - Sent reply
2025-03-31 13:30:25 - [Cluster 0 - CLIENT] - INFO - Sent reply
2025-03-31 13:30:25 - [Cluster 0 - CLIENT] - INFO - [Store 418] Evaluation - Loss: 0.2946, MAE: 0.3624
2025-03-31 13:30:25 - [Cluster 0 - CLIENT] - INFO - [Store 327] Evaluation - Loss: 0.2400, MAE: 0.3195
2025-03-31 13:30:25 - [Cluster 0 - CLIENT] - INFO - Sent reply
2025-03-31 13:30:25 - [Cluster 0 - CLIENT] - INFO - Sent reply
2025-03-31 13:30:25 - [Cluster 0 - CLIENT] - INFO - 
2025-03-31 13:30:25 - [Cluster 0 - CLIENT] - INFO - Received: train message a6ec6b6f-d07e-4312-892c-750a56b0ec21
2025-03-31 13:30:25 - [Cluster 0 - CLIENT] - INFO - 
2025-03-31 13:30:25 - [Cluster 0 - CLIENT] - INFO - Received: train message 24fadbb6-c360-4bb2-9c7e-53196ce88644
2025-03-31 13:30:25 - [Cluster 0 - CLIENT] - INFO - 
2025-03-31 13:30:25 - [Cluster 0 - CLIENT] - INFO - Received: train message 9e321a5b-760f-4e5a-97fc-d72c370dd1ab
2025-03-31 13:30:25 - [Cluster 0 - CLIENT] - INFO - 
2025-03-31 13:30:25 - [Cluster 0 - CLIENT] - INFO - Received: train message c607f039-41da-4eef-9c26-df8b18a71a63
2025-03-31 13:30:25 - [Cluster 0 - CLIENT] - INFO - [Store 111] Starting local training.
2025-03-31 13:30:25 - [Cluster 0 - CLIENT] - INFO - 
2025-03-31 13:30:25 - [Cluster 0 - CLIENT] - INFO - Received: train message 9bfa6a4e-4ba4-442c-884b-65652e4aa4b7
2025-03-31 13:30:25 - [Cluster 0 - CLIENT] - INFO - 
2025-03-31 13:30:25 - [Cluster 0 - CLIENT] - INFO - [Store 418] Starting local training.
2025-03-31 13:30:25 - [Cluster 0 - CLIENT] - INFO - Received: train message 25137df1-9a64-45be-9695-0ad88f8db3c8
2025-03-31 13:30:25 - [Cluster 0 - CLIENT] - INFO - 
2025-03-31 13:30:25 - [Cluster 0 - CLIENT] - INFO - Received: train message 5c9773cf-8958-4a0e-a053-7ce550e75696
2025-03-31 13:30:25 - [Cluster 0 - CLIENT] - INFO - 
2025-03-31 13:30:25 - [Cluster 0 - CLIENT] - INFO - Received: train message 9fd612c9-41ab-466e-9afb-ec63acbc7074
2025-03-31 13:30:25 - [Cluster 0 - CLIENT] - INFO - 
2025-03-31 13:30:25 - [Cluster 0 - CLIENT] - INFO - Received: train message 125d3831-9126-4748-8f15-63978a501142
2025-03-31 13:30:25 - [Cluster 0 - CLIENT] - INFO - [Store 590] Starting local training.
2025-03-31 13:30:25 - [Cluster 0 - CLIENT] - INFO - [Store 811] Starting local training.
2025-03-31 13:30:25 - [Cluster 0 - CLIENT] - INFO - 
2025-03-31 13:30:25 - [Cluster 0 - CLIENT] - INFO - Received: train message 0bfda640-6a9f-43f1-bebd-c4631079a451
2025-03-31 13:30:25 - [Cluster 0 - CLIENT] - INFO - [Store 329] Starting local training.
2025-03-31 13:30:25 - [Cluster 0 - CLIENT] - INFO - [Store 689] Starting local training.
2025-03-31 13:30:25 - [Cluster 0 - CLIENT] - INFO - 
2025-03-31 13:30:25 - [Cluster 0 - CLIENT] - INFO - 
2025-03-31 13:30:25 - [Cluster 0 - CLIENT] - INFO - Received: train message 88097c4b-0d22-41d5-b1b5-50e421ca4fbb
2025-03-31 13:30:25 - [Cluster 0 - CLIENT] - INFO - Received: train message a9068eaa-1fe3-42bb-8979-e34fd141c3e7
2025-03-31 13:30:25 - [Cluster 0 - CLIENT] - INFO - 
2025-03-31 13:30:25 - [Cluster 0 - CLIENT] - INFO - Received: train message a52fae2c-da9f-455c-93cb-f9d702fb2276
2025-03-31 13:30:25 - [Cluster 0 - CLIENT] - INFO - [Store 314] Starting local training.
2025-03-31 13:30:25 - [Cluster 0 - CLIENT] - INFO - 
2025-03-31 13:30:25 - [Cluster 0 - CLIENT] - INFO - Received: train message a5fdcdf6-c582-4bef-ba51-a35a2ee50913
2025-03-31 13:30:25 - [Cluster 0 - CLIENT] - INFO - [Store 91] Starting local training.
2025-03-31 13:30:25 - [Cluster 0 - CLIENT] - INFO - 
2025-03-31 13:30:25 - [Cluster 0 - CLIENT] - INFO - Received: train message e1cf63f9-b1cc-4073-98d0-8d5714ebdea6
2025-03-31 13:30:25 - [Cluster 0 - CLIENT] - INFO - [Store 294] Starting local training.
2025-03-31 13:30:25 - [Cluster 0 - CLIENT] - INFO - [Store 142] Starting local training.
2025-03-31 13:30:25 - [Cluster 0 - CLIENT] - INFO - [Store 639] Starting local training.
2025-03-31 13:30:25 - [Cluster 0 - CLIENT] - INFO - [Store 857] Starting local training.
2025-03-31 13:30:25 - [Cluster 0 - CLIENT] - INFO - [Store 242] Starting local training.
2025-03-31 13:30:25 - [Cluster 0 - CLIENT] - INFO - [Store 848] Starting local training.
2025-03-31 13:30:25 - [Cluster 0 - CLIENT] - INFO - [Store 447] Starting local training.
2025-03-31 13:34:17 - [Cluster 0 - CLIENT] - INFO - [Store 639] Local training complete.
2025-03-31 13:34:17 - [Cluster 0 - CLIENT] - INFO - Sent reply
2025-03-31 13:34:17 - [Cluster 0 - CLIENT] - INFO - 
2025-03-31 13:34:17 - [Cluster 0 - CLIENT] - INFO - Received: train message 708f6703-12fd-461b-8e4e-bb4b0ed2adb4
2025-03-31 13:34:17 - [Cluster 0 - CLIENT] - INFO - [Store 588] Starting local training.
2025-03-31 13:34:17 - [Cluster 0 - CLIENT] - INFO - [Store 848] Local training complete.
2025-03-31 13:34:17 - [Cluster 0 - CLIENT] - INFO - Sent reply
2025-03-31 13:34:17 - [Cluster 0 - CLIENT] - INFO - 
2025-03-31 13:34:17 - [Cluster 0 - CLIENT] - INFO - Received: train message 5b405252-05ea-4e64-89c9-20813d932c97
2025-03-31 13:34:17 - [Cluster 0 - CLIENT] - INFO - [Store 75] Starting local training.
2025-03-31 13:34:22 - [Cluster 0 - CLIENT] - INFO - [Store 329] Local training complete.
2025-03-31 13:34:22 - [Cluster 0 - CLIENT] - INFO - Sent reply
2025-03-31 13:34:22 - [Cluster 0 - CLIENT] - INFO - [Store 242] Local training complete.
2025-03-31 13:34:22 - [Cluster 0 - CLIENT] - INFO - 
2025-03-31 13:34:22 - [Cluster 0 - CLIENT] - INFO - Received: train message 6226a9c5-1fee-443d-b4e2-4b9df600aeb8
2025-03-31 13:34:22 - [Cluster 0 - CLIENT] - INFO - [Store 257] Starting local training.
2025-03-31 13:34:22 - [Cluster 0 - CLIENT] - INFO - Sent reply
2025-03-31 13:34:22 - [Cluster 0 - CLIENT] - INFO - [Store 314] Local training complete.
2025-03-31 13:34:22 - [Cluster 0 - CLIENT] - INFO - Sent reply
2025-03-31 13:34:22 - [Cluster 0 - CLIENT] - INFO - 
2025-03-31 13:34:22 - [Cluster 0 - CLIENT] - INFO - 
2025-03-31 13:34:22 - [Cluster 0 - CLIENT] - INFO - Received: train message 40f0b5a7-4449-4ff1-b367-7924fac3bf14
2025-03-31 13:34:22 - [Cluster 0 - CLIENT] - INFO - Received: train message bf861b45-1d43-467c-babf-b58430cddc88
2025-03-31 13:34:22 - [Cluster 0 - CLIENT] - INFO - [Store 47] Starting local training.
2025-03-31 13:34:22 - [Cluster 0 - CLIENT] - INFO - [Store 327] Starting local training.
2025-03-31 13:34:25 - [Cluster 0 - CLIENT] - INFO - [Store 590] Local training complete.
2025-03-31 13:34:25 - [Cluster 0 - CLIENT] - INFO - Sent reply
2025-03-31 13:34:25 - [Cluster 0 - CLIENT] - INFO - 
2025-03-31 13:34:25 - [Cluster 0 - CLIENT] - INFO - [Store 857] Local training complete.
2025-03-31 13:34:25 - [Cluster 0 - CLIENT] - INFO - Received: train message fff63c3e-d9bb-4ccb-8151-96c116defa35
2025-03-31 13:34:25 - [Cluster 0 - CLIENT] - INFO - Sent reply
2025-03-31 13:34:25 - [Cluster 0 - CLIENT] - INFO - [Store 812] Starting local training.
2025-03-31 13:34:25 - [Cluster 0 - CLIENT] - INFO - 
2025-03-31 13:34:25 - [Cluster 0 - CLIENT] - INFO - Received: train message 22f0c8d6-381f-41fe-823a-762a544b775b
2025-03-31 13:34:25 - [Cluster 0 - CLIENT] - INFO - [Store 451] Starting local training.
2025-03-31 13:34:26 - [Cluster 0 - CLIENT] - INFO - [Store 111] Local training complete.
2025-03-31 13:34:26 - [Cluster 0 - CLIENT] - INFO - Sent reply
2025-03-31 13:34:26 - [Cluster 0 - CLIENT] - INFO - 
2025-03-31 13:34:26 - [Cluster 0 - CLIENT] - INFO - Received: train message fbf104cb-1543-42e5-b2a2-a0714cefb13e
2025-03-31 13:34:27 - [Cluster 0 - CLIENT] - INFO - [Store 300] Starting local training.
2025-03-31 13:34:29 - [Cluster 0 - CLIENT] - INFO - [Store 91] Local training complete.
2025-03-31 13:34:29 - [Cluster 0 - CLIENT] - INFO - [Store 447] Local training complete.
2025-03-31 13:34:29 - [Cluster 0 - CLIENT] - INFO - Sent reply
2025-03-31 13:34:29 - [Cluster 0 - CLIENT] - INFO - 
2025-03-31 13:34:29 - [Cluster 0 - CLIENT] - INFO - Received: train message b3738425-efd6-42c9-85a0-f7a871c567a0
2025-03-31 13:34:29 - [Cluster 0 - CLIENT] - INFO - [Store 529] Starting local training.
2025-03-31 13:34:29 - [Cluster 0 - CLIENT] - INFO - Sent reply
2025-03-31 13:34:29 - [Cluster 0 - CLIENT] - INFO - 
2025-03-31 13:34:29 - [Cluster 0 - CLIENT] - INFO - Received: train message 5c97c116-6c84-4b64-b87d-f1c3ba49d1b8
2025-03-31 13:34:30 - [Cluster 0 - CLIENT] - INFO - [Store 328] Starting local training.
2025-03-31 13:34:31 - [Cluster 0 - CLIENT] - INFO - [Store 811] Local training complete.
2025-03-31 13:34:31 - [Cluster 0 - CLIENT] - INFO - Sent reply
2025-03-31 13:34:31 - [Cluster 0 - CLIENT] - INFO - 
2025-03-31 13:34:31 - [Cluster 0 - CLIENT] - INFO - Received: train message 022752d5-5e63-405c-8a92-02be4c721027
2025-03-31 13:34:31 - [Cluster 0 - CLIENT] - INFO - [Store 201] Starting local training.
2025-03-31 13:34:41 - [Cluster 0 - CLIENT] - INFO - [Store 689] Local training complete.
2025-03-31 13:34:41 - [Cluster 0 - CLIENT] - INFO - [Store 142] Local training complete.
2025-03-31 13:34:41 - [Cluster 0 - CLIENT] - INFO - Sent reply
2025-03-31 13:34:41 - [Cluster 0 - CLIENT] - INFO - 
2025-03-31 13:34:41 - [Cluster 0 - CLIENT] - INFO - Received: train message 0db0718a-b4cb-4178-b3e7-f5d7963d3eba
2025-03-31 13:34:41 - [Cluster 0 - CLIENT] - INFO - Sent reply
2025-03-31 13:34:42 - [Cluster 0 - CLIENT] - INFO - 
2025-03-31 13:34:42 - [Cluster 0 - CLIENT] - INFO - Received: train message 25b81d51-f3ca-4ac4-b433-ea755f868d35
2025-03-31 13:34:42 - [Cluster 0 - CLIENT] - INFO - [Store 489] Starting local training.
2025-03-31 13:34:42 - [Cluster 0 - CLIENT] - INFO - [Store 313] Starting local training.
2025-03-31 13:34:47 - [Cluster 0 - CLIENT] - INFO - [Store 418] Local training complete.
2025-03-31 13:34:47 - [Cluster 0 - CLIENT] - INFO - Sent reply
2025-03-31 13:34:47 - [Cluster 0 - CLIENT] - INFO - 
2025-03-31 13:34:47 - [Cluster 0 - CLIENT] - INFO - Received: train message 880016ce-6af6-41c7-a575-9a34ec61f69f
2025-03-31 13:34:47 - [Cluster 0 - CLIENT] - INFO - [Store 1048] Starting local training.
2025-03-31 13:34:48 - [Cluster 0 - CLIENT] - INFO - [Store 294] Local training complete.
2025-03-31 13:34:48 - [Cluster 0 - CLIENT] - INFO - Sent reply
2025-03-31 13:34:48 - [Cluster 0 - CLIENT] - INFO - 
2025-03-31 13:34:48 - [Cluster 0 - CLIENT] - INFO - Received: train message 158acce5-b45c-4815-8e84-e526b9815241
2025-03-31 13:34:48 - [Cluster 0 - CLIENT] - INFO - [Store 592] Starting local training.
2025-03-31 13:38:40 - [Cluster 0 - CLIENT] - INFO - [Store 75] Local training complete.
2025-03-31 13:38:40 - [Cluster 0 - CLIENT] - INFO - Sent reply
2025-03-31 13:38:45 - [Cluster 0 - CLIENT] - INFO - [Store 588] Local training complete.
2025-03-31 13:38:45 - [Cluster 0 - CLIENT] - INFO - Sent reply
2025-03-31 13:38:49 - [Cluster 0 - CLIENT] - INFO - [Store 327] Local training complete.
2025-03-31 13:38:50 - [Cluster 0 - CLIENT] - INFO - Sent reply
2025-03-31 13:38:51 - [Cluster 0 - CLIENT] - INFO - [Store 812] Local training complete.
2025-03-31 13:38:51 - [Cluster 0 - CLIENT] - INFO - Sent reply
2025-03-31 13:38:51 - [Cluster 0 - CLIENT] - INFO - [Store 257] Local training complete.
2025-03-31 13:38:52 - [Cluster 0 - CLIENT] - INFO - Sent reply
2025-03-31 13:38:52 - [Cluster 0 - CLIENT] - INFO - [Store 47] Local training complete.
2025-03-31 13:38:52 - [Cluster 0 - CLIENT] - INFO - [Store 451] Local training complete.
2025-03-31 13:38:52 - [Cluster 0 - CLIENT] - INFO - Sent reply
2025-03-31 13:38:53 - [Cluster 0 - CLIENT] - INFO - [Store 201] Local training complete.
2025-03-31 13:38:53 - [Cluster 0 - CLIENT] - INFO - Sent reply
2025-03-31 13:38:53 - [Cluster 0 - CLIENT] - INFO - Sent reply
2025-03-31 13:38:53 - [Cluster 0 - CLIENT] - INFO - [Store 328] Local training complete.
2025-03-31 13:38:53 - [Cluster 0 - CLIENT] - INFO - Sent reply
2025-03-31 13:38:54 - [Cluster 0 - CLIENT] - INFO - [Store 529] Local training complete.
2025-03-31 13:38:54 - [Cluster 0 - CLIENT] - INFO - Sent reply
2025-03-31 13:38:57 - [Cluster 0 - CLIENT] - INFO - [Store 592] Local training complete.
2025-03-31 13:38:57 - [Cluster 0 - CLIENT] - INFO - Sent reply
2025-03-31 13:38:57 - [Cluster 0 - CLIENT] - INFO - [Store 313] Local training complete.
2025-03-31 13:38:57 - [Cluster 0 - CLIENT] - INFO - Sent reply
2025-03-31 13:38:57 - [Cluster 0 - CLIENT] - INFO - [Store 1048] Local training complete.
2025-03-31 13:38:57 - [Cluster 0 - CLIENT] - INFO - Sent reply
2025-03-31 13:38:58 - [Cluster 0 - CLIENT] - INFO - [Store 300] Local training complete.
2025-03-31 13:38:58 - [Cluster 0 - CLIENT] - INFO - Sent reply
2025-03-31 13:38:58 - [Cluster 0 - CLIENT] - INFO - [Store 489] Local training complete.
2025-03-31 13:38:58 - [Cluster 0 - CLIENT] - INFO - Sent reply
2025-03-31 13:38:58 - [Cluster 0 - CLIENT] - INFO - 
2025-03-31 13:38:58 - [Cluster 0 - CLIENT] - INFO - Received: evaluate message 506fcd00-0c4a-4203-ab70-adb28fc5345a
2025-03-31 13:38:58 - [Cluster 0 - CLIENT] - INFO - 
2025-03-31 13:38:58 - [Cluster 0 - CLIENT] - INFO - Received: evaluate message 48d13fbb-71cd-4341-844b-695e8783b873
2025-03-31 13:38:58 - [Cluster 0 - CLIENT] - INFO - 
2025-03-31 13:38:58 - [Cluster 0 - CLIENT] - INFO - Received: evaluate message d95bf0ce-40ac-4569-96ea-a927361d99fc
2025-03-31 13:38:58 - [Cluster 0 - CLIENT] - INFO - 
2025-03-31 13:38:58 - [Cluster 0 - CLIENT] - INFO - Received: evaluate message ab9b4c33-213f-48d9-9def-249eddbea463
2025-03-31 13:38:58 - [Cluster 0 - CLIENT] - INFO - 
2025-03-31 13:38:58 - [Cluster 0 - CLIENT] - INFO - Received: evaluate message eb11036c-da9d-49a7-9f27-cdfa398322b0
2025-03-31 13:38:58 - [Cluster 0 - CLIENT] - INFO - 
2025-03-31 13:38:58 - [Cluster 0 - CLIENT] - INFO - Received: evaluate message 1fc5473a-c44b-499b-b841-5b49c960072b
2025-03-31 13:38:58 - [Cluster 0 - CLIENT] - INFO - 
2025-03-31 13:38:58 - [Cluster 0 - CLIENT] - INFO - Received: evaluate message 12e846d3-1b1f-4bd8-a55a-23e0b70b6e26
2025-03-31 13:38:58 - [Cluster 0 - CLIENT] - INFO - 
2025-03-31 13:38:58 - [Cluster 0 - CLIENT] - INFO - Received: evaluate message 050894fb-f13b-4961-9aa9-3d3809402bc6
2025-03-31 13:38:58 - [Cluster 0 - CLIENT] - INFO - 
2025-03-31 13:38:58 - [Cluster 0 - CLIENT] - INFO - Received: evaluate message a47aac3b-a3c3-49c9-8251-891964defa62
2025-03-31 13:38:58 - [Cluster 0 - CLIENT] - INFO - 
2025-03-31 13:38:58 - [Cluster 0 - CLIENT] - INFO - Received: evaluate message 4c8276d2-963a-470a-8503-36b6d85d22b9
2025-03-31 13:38:58 - [Cluster 0 - CLIENT] - INFO - 
2025-03-31 13:38:58 - [Cluster 0 - CLIENT] - INFO - Received: evaluate message ad044655-0a01-4b32-9dd7-bd45ae5b1351
2025-03-31 13:38:58 - [Cluster 0 - CLIENT] - INFO - 
2025-03-31 13:38:58 - [Cluster 0 - CLIENT] - INFO - Received: evaluate message 7587efee-425c-4fe2-a2fe-5898301f08a9
2025-03-31 13:38:58 - [Cluster 0 - CLIENT] - INFO - 
2025-03-31 13:38:58 - [Cluster 0 - CLIENT] - INFO - Received: evaluate message e8d4af0f-8ab6-4e33-86d1-1e5ffbb7a53d
2025-03-31 13:38:58 - [Cluster 0 - CLIENT] - INFO - 
2025-03-31 13:38:58 - [Cluster 0 - CLIENT] - INFO - Received: evaluate message e8b73ae3-7c28-4257-8cd2-6e77850f9b83
2025-03-31 13:38:58 - [Cluster 0 - CLIENT] - INFO - 
2025-03-31 13:38:58 - [Cluster 0 - CLIENT] - INFO - Received: evaluate message f0f62ade-e6f4-4f16-a4d6-0bd87b8a65a4
2025-03-31 13:38:59 - [Cluster 0 - CLIENT] - INFO - [Store 47] Evaluation - Loss: 0.2557, MAE: 0.3071
2025-03-31 13:38:59 - [Cluster 0 - CLIENT] - INFO - Sent reply
2025-03-31 13:38:59 - [Cluster 0 - CLIENT] - INFO - [Store 327] Evaluation - Loss: 0.2408, MAE: 0.3067
2025-03-31 13:38:59 - [Cluster 0 - CLIENT] - INFO - Sent reply
2025-03-31 13:38:59 - [Cluster 0 - CLIENT] - INFO - [Store 529] Evaluation - Loss: 0.2191, MAE: 0.2804
2025-03-31 13:38:59 - [Cluster 0 - CLIENT] - INFO - Sent reply
2025-03-31 13:38:59 - [Cluster 0 - CLIENT] - INFO - 
2025-03-31 13:38:59 - [Cluster 0 - CLIENT] - INFO - Received: evaluate message e3a60b95-51f0-43fb-8074-82e35742fbb3
2025-03-31 13:38:59 - [Cluster 0 - CLIENT] - INFO - 
2025-03-31 13:38:59 - [Cluster 0 - CLIENT] - INFO - Received: evaluate message f0932f73-e615-43fc-bfe4-d60759e25c7c
2025-03-31 13:38:59 - [Cluster 0 - CLIENT] - INFO - [Store 328] Evaluation - Loss: 0.2069, MAE: 0.2855
2025-03-31 13:38:59 - [Cluster 0 - CLIENT] - INFO - Sent reply
2025-03-31 13:38:59 - [Cluster 0 - CLIENT] - INFO - 
2025-03-31 13:38:59 - [Cluster 0 - CLIENT] - INFO - Received: evaluate message 39552d0f-e7ee-40fd-91a8-62e7d3438a18
2025-03-31 13:38:59 - [Cluster 0 - CLIENT] - INFO - 
2025-03-31 13:38:59 - [Cluster 0 - CLIENT] - INFO - Received: evaluate message ae91cea4-9d84-42f7-b512-004a9e450107
2025-03-31 13:39:00 - [Cluster 0 - CLIENT] - INFO - [Store 857] Evaluation - Loss: 0.3870, MAE: 0.4123
2025-03-31 13:39:00 - [Cluster 0 - CLIENT] - INFO - Sent reply
2025-03-31 13:39:00 - [Cluster 0 - CLIENT] - INFO - 
2025-03-31 13:39:00 - [Cluster 0 - CLIENT] - INFO - Received: evaluate message 28825454-6d9d-4af9-bd41-ad1a3ae6a306
2025-03-31 13:39:00 - [Cluster 0 - CLIENT] - INFO - [Store 592] Evaluation - Loss: 0.2162, MAE: 0.3102
2025-03-31 13:39:00 - [Cluster 0 - CLIENT] - INFO - Sent reply
2025-03-31 13:39:00 - [Cluster 0 - CLIENT] - INFO - [Store 294] Evaluation - Loss: 0.2508, MAE: 0.3387
2025-03-31 13:39:00 - [Cluster 0 - CLIENT] - INFO - [Store 329] Evaluation - Loss: 0.2218, MAE: 0.3127
2025-03-31 13:39:00 - [Cluster 0 - CLIENT] - INFO - Sent reply
2025-03-31 13:39:00 - [Cluster 0 - CLIENT] - INFO - Sent reply
2025-03-31 13:39:00 - [Cluster 0 - CLIENT] - INFO - [Store 201] Evaluation - Loss: 0.2716, MAE: 0.3488
2025-03-31 13:39:00 - [Cluster 0 - CLIENT] - INFO - Sent reply
2025-03-31 13:39:00 - [Cluster 0 - CLIENT] - INFO - 
2025-03-31 13:39:00 - [Cluster 0 - CLIENT] - INFO - Received: evaluate message 46942949-524d-4183-99b7-5ca3ea9ab01a
2025-03-31 13:39:00 - [Cluster 0 - CLIENT] - INFO - 
2025-03-31 13:39:00 - [Cluster 0 - CLIENT] - INFO - Received: evaluate message 12dfdd04-1158-4dfd-bc84-144b386ab77f
2025-03-31 13:39:00 - [Cluster 0 - CLIENT] - INFO - 
2025-03-31 13:39:00 - [Cluster 0 - CLIENT] - INFO - Received: evaluate message b60fb115-8773-40f7-a80d-a87f6f5b0f77
2025-03-31 13:39:00 - [Cluster 0 - CLIENT] - INFO - 
2025-03-31 13:39:00 - [Cluster 0 - CLIENT] - INFO - Received: evaluate message 373bbb6b-4eea-45b2-9145-05d6d9bb0f72
2025-03-31 13:39:00 - [Cluster 0 - CLIENT] - INFO - [Store 75] Evaluation - Loss: 0.2373, MAE: 0.3026
2025-03-31 13:39:00 - [Cluster 0 - CLIENT] - INFO - Sent reply
2025-03-31 13:39:00 - [Cluster 0 - CLIENT] - INFO - 
2025-03-31 13:39:00 - [Cluster 0 - CLIENT] - INFO - Received: evaluate message d4577dad-22bc-4c30-9cc0-5224d52c0b26
2025-03-31 13:39:00 - [Cluster 0 - CLIENT] - INFO - [Store 489] Evaluation - Loss: 0.2023, MAE: 0.3247
2025-03-31 13:39:00 - [Cluster 0 - CLIENT] - INFO - Sent reply
2025-03-31 13:39:00 - [Cluster 0 - CLIENT] - INFO - 
2025-03-31 13:39:00 - [Cluster 0 - CLIENT] - INFO - Received: evaluate message b2b3b900-c28a-44cf-8af5-7b3f423f0949
2025-03-31 13:39:00 - [Cluster 0 - CLIENT] - INFO - [Store 639] Evaluation - Loss: 0.1924, MAE: 0.2893
2025-03-31 13:39:00 - [Cluster 0 - CLIENT] - INFO - Sent reply
2025-03-31 13:39:00 - [Cluster 0 - CLIENT] - INFO - [Store 111] Evaluation - Loss: 0.2311, MAE: 0.3125
2025-03-31 13:39:00 - [Cluster 0 - CLIENT] - INFO - Sent reply
2025-03-31 13:39:00 - [Cluster 0 - CLIENT] - INFO - 
2025-03-31 13:39:00 - [Cluster 0 - CLIENT] - INFO - Received: evaluate message 8c206b6a-9a32-466d-9b21-3ed64276d6cc
2025-03-31 13:39:00 - [Cluster 0 - CLIENT] - INFO - 
2025-03-31 13:39:00 - [Cluster 0 - CLIENT] - INFO - Received: evaluate message a47085a6-9a7f-45b2-9c0b-4857a4c2be80
2025-03-31 13:39:00 - [Cluster 0 - CLIENT] - INFO - [Store 590] Evaluation - Loss: 0.2955, MAE: 0.3609
2025-03-31 13:39:00 - [Cluster 0 - CLIENT] - INFO - Sent reply
2025-03-31 13:39:00 - [Cluster 0 - CLIENT] - INFO - [Store 811] Evaluation - Loss: 0.2083, MAE: 0.2818
2025-03-31 13:39:00 - [Cluster 0 - CLIENT] - INFO - Sent reply
2025-03-31 13:39:00 - [Cluster 0 - CLIENT] - INFO - 
2025-03-31 13:39:00 - [Cluster 0 - CLIENT] - INFO - Received: evaluate message b4670126-4567-4047-8755-ffa6dff00b67
2025-03-31 13:39:00 - [Cluster 0 - CLIENT] - INFO - 
2025-03-31 13:39:00 - [Cluster 0 - CLIENT] - INFO - Received: evaluate message ca01a230-ebcb-4308-aa53-3d3f180e3bff
2025-03-31 13:39:00 - [Cluster 0 - CLIENT] - INFO - [Store 242] Evaluation - Loss: 0.2379, MAE: 0.3510
2025-03-31 13:39:00 - [Cluster 0 - CLIENT] - INFO - Sent reply
2025-03-31 13:39:01 - [Cluster 0 - CLIENT] - INFO - [Store 588] Evaluation - Loss: 0.2191, MAE: 0.2841
2025-03-31 13:39:01 - [Cluster 0 - CLIENT] - INFO - Sent reply
2025-03-31 13:39:01 - [Cluster 0 - CLIENT] - INFO - [Store 91] Evaluation - Loss: 0.2795, MAE: 0.3603
2025-03-31 13:39:01 - [Cluster 0 - CLIENT] - INFO - Sent reply
2025-03-31 13:39:01 - [Cluster 0 - CLIENT] - INFO - [Store 313] Evaluation - Loss: 0.2101, MAE: 0.3028
2025-03-31 13:39:01 - [Cluster 0 - CLIENT] - INFO - Sent reply
2025-03-31 13:39:01 - [Cluster 0 - CLIENT] - INFO - [Store 1048] Evaluation - Loss: 0.3288, MAE: 0.3643
2025-03-31 13:39:01 - [Cluster 0 - CLIENT] - INFO - Sent reply
2025-03-31 13:39:01 - [Cluster 0 - CLIENT] - INFO - [Store 447] Evaluation - Loss: 0.2332, MAE: 0.2889
2025-03-31 13:39:01 - [Cluster 0 - CLIENT] - INFO - Sent reply
2025-03-31 13:39:01 - [Cluster 0 - CLIENT] - INFO - [Store 451] Evaluation - Loss: 0.2846, MAE: 0.3362
2025-03-31 13:39:01 - [Cluster 0 - CLIENT] - INFO - Sent reply
2025-03-31 13:39:01 - [Cluster 0 - CLIENT] - INFO - [Store 812] Evaluation - Loss: 0.1795, MAE: 0.2694
2025-03-31 13:39:01 - [Cluster 0 - CLIENT] - INFO - Sent reply
2025-03-31 13:39:01 - [Cluster 0 - CLIENT] - INFO - [Store 314] Evaluation - Loss: 0.1872, MAE: 0.2716
2025-03-31 13:39:01 - [Cluster 0 - CLIENT] - INFO - Sent reply
2025-03-31 13:39:01 - [Cluster 0 - CLIENT] - INFO - [Store 418] Evaluation - Loss: 0.2852, MAE: 0.3545
2025-03-31 13:39:01 - [Cluster 0 - CLIENT] - INFO - Sent reply
2025-03-31 13:39:01 - [Cluster 0 - CLIENT] - INFO - [Store 257] Evaluation - Loss: 0.1991, MAE: 0.2643
2025-03-31 13:39:01 - [Cluster 0 - CLIENT] - INFO - Sent reply
2025-03-31 13:39:01 - [Cluster 0 - CLIENT] - INFO - [Store 848] Evaluation - Loss: 0.1933, MAE: 0.2837
2025-03-31 13:39:01 - [Cluster 0 - CLIENT] - INFO - Sent reply
2025-03-31 13:39:01 - [Cluster 0 - CLIENT] - INFO - [Store 142] Evaluation - Loss: 0.2459, MAE: 0.2875
2025-03-31 13:39:01 - [Cluster 0 - CLIENT] - INFO - Sent reply
2025-03-31 13:39:01 - [Cluster 0 - CLIENT] - INFO - [Store 689] Evaluation - Loss: 0.1969, MAE: 0.2695
2025-03-31 13:39:01 - [Cluster 0 - CLIENT] - INFO - Sent reply
2025-03-31 13:39:02 - [Cluster 0 - CLIENT] - INFO - [Store 300] Evaluation - Loss: 0.3332, MAE: 0.3784
2025-03-31 13:39:02 - [Cluster 0 - CLIENT] - INFO - Sent reply
2025-03-31 13:39:02 - [Cluster 0 - CLIENT] - INFO - 
2025-03-31 13:39:02 - [Cluster 0 - CLIENT] - INFO - Received: train message 415e1e3a-13f5-4397-859e-13c258d56f5c
2025-03-31 13:39:02 - [Cluster 0 - CLIENT] - INFO - 
2025-03-31 13:39:02 - [Cluster 0 - CLIENT] - INFO - Received: train message 4ca91fa2-5aa2-4d9f-acd3-68cf27049c11
2025-03-31 13:39:02 - [Cluster 0 - CLIENT] - INFO - 
2025-03-31 13:39:02 - [Cluster 0 - CLIENT] - INFO - Received: train message 4e2e72b1-424e-4ef3-8a6d-3e3213c0b6aa
2025-03-31 13:39:02 - [Cluster 0 - CLIENT] - INFO - 
2025-03-31 13:39:02 - [Cluster 0 - CLIENT] - INFO - Received: train message ec3e6d76-1906-429f-b0ce-817fc8e5bb86
2025-03-31 13:39:02 - [Cluster 0 - CLIENT] - INFO - 
2025-03-31 13:39:02 - [Cluster 0 - CLIENT] - INFO - Received: train message e65bb9d5-ed15-4052-afdc-1569cec6d162
2025-03-31 13:39:02 - [Cluster 0 - CLIENT] - INFO - [Store 588] Starting local training.
2025-03-31 13:39:02 - [Cluster 0 - CLIENT] - INFO - 
2025-03-31 13:39:02 - [Cluster 0 - CLIENT] - INFO - Received: train message 64dd146e-ddff-4d6a-a4a8-c92809ce3bef
2025-03-31 13:39:02 - [Cluster 0 - CLIENT] - INFO - [Store 242] Starting local training.
2025-03-31 13:39:02 - [Cluster 0 - CLIENT] - INFO - 
2025-03-31 13:39:02 - [Cluster 0 - CLIENT] - INFO - Received: train message 3046f3cb-a6d2-4f25-8e77-2fff6adbfeb9
2025-03-31 13:39:02 - [Cluster 0 - CLIENT] - INFO - 
2025-03-31 13:39:02 - [Cluster 0 - CLIENT] - INFO - Received: train message 08395751-8645-4775-87e3-01794fa79b9e
2025-03-31 13:39:02 - [Cluster 0 - CLIENT] - INFO - [Store 313] Starting local training.
2025-03-31 13:39:02 - [Cluster 0 - CLIENT] - INFO - 
2025-03-31 13:39:02 - [Cluster 0 - CLIENT] - INFO - Received: train message b0767137-5404-4f8a-b1a2-db89ad302eda
2025-03-31 13:39:02 - [Cluster 0 - CLIENT] - INFO - 
2025-03-31 13:39:02 - [Cluster 0 - CLIENT] - INFO - Received: train message fc0c051c-ecfc-4377-8357-92219ac3266e
2025-03-31 13:39:02 - [Cluster 0 - CLIENT] - INFO - [Store 257] Starting local training.
2025-03-31 13:39:02 - [Cluster 0 - CLIENT] - INFO - [Store 639] Starting local training.
2025-03-31 13:39:02 - [Cluster 0 - CLIENT] - INFO - [Store 812] Starting local training.
2025-03-31 13:39:02 - [Cluster 0 - CLIENT] - INFO - 
2025-03-31 13:39:02 - [Cluster 0 - CLIENT] - INFO - Received: train message dfb6c070-630b-41a5-bf0a-db910003e53c
2025-03-31 13:39:02 - [Cluster 0 - CLIENT] - INFO - 
2025-03-31 13:39:02 - [Cluster 0 - CLIENT] - INFO - Received: train message 5efbfc23-365e-4443-9d13-c790e30731b0
2025-03-31 13:39:02 - [Cluster 0 - CLIENT] - INFO - 
2025-03-31 13:39:02 - [Cluster 0 - CLIENT] - INFO - Received: train message a1dd5aa5-613d-4685-b2ed-021a66a49b87
2025-03-31 13:39:02 - [Cluster 0 - CLIENT] - INFO - [Store 314] Starting local training.
2025-03-31 13:39:02 - [Cluster 0 - CLIENT] - INFO - [Store 1048] Starting local training.
2025-03-31 13:39:02 - [Cluster 0 - CLIENT] - INFO - [Store 201] Starting local training.
2025-03-31 13:39:02 - [Cluster 0 - CLIENT] - INFO - 
2025-03-31 13:39:02 - [Cluster 0 - CLIENT] - INFO - Received: train message 4608ee0f-4b7f-4445-b294-f76e6a8f2a2b
2025-03-31 13:39:02 - [Cluster 0 - CLIENT] - INFO - 
2025-03-31 13:39:02 - [Cluster 0 - CLIENT] - INFO - [Store 418] Starting local training.
2025-03-31 13:39:02 - [Cluster 0 - CLIENT] - INFO - Received: train message 6593ae69-26b8-471b-834e-cc1ea5f5f967
2025-03-31 13:39:02 - [Cluster 0 - CLIENT] - INFO - [Store 811] Starting local training.
2025-03-31 13:39:02 - [Cluster 0 - CLIENT] - INFO - [Store 328] Starting local training.
2025-03-31 13:39:02 - [Cluster 0 - CLIENT] - INFO - [Store 590] Starting local training.
2025-03-31 13:39:02 - [Cluster 0 - CLIENT] - INFO - [Store 592] Starting local training.
2025-03-31 13:39:02 - [Cluster 0 - CLIENT] - INFO - [Store 529] Starting local training.
2025-03-31 13:43:41 - [Cluster 0 - CLIENT] - INFO - [Store 588] Local training complete.
2025-03-31 13:43:41 - [Cluster 0 - CLIENT] - INFO - Sent reply
2025-03-31 13:43:41 - [Cluster 0 - CLIENT] - INFO - [Store 811] Local training complete.
2025-03-31 13:43:41 - [Cluster 0 - CLIENT] - INFO - 
2025-03-31 13:43:41 - [Cluster 0 - CLIENT] - INFO - Received: train message 8e16efa7-c442-44e7-af3c-1eb172d825c9
2025-03-31 13:43:41 - [Cluster 0 - CLIENT] - INFO - [Store 111] Starting local training.
2025-03-31 13:43:42 - [Cluster 0 - CLIENT] - INFO - Sent reply
2025-03-31 13:43:42 - [Cluster 0 - CLIENT] - INFO - 
2025-03-31 13:43:42 - [Cluster 0 - CLIENT] - INFO - Received: train message 9621f9b5-a122-44a8-b29a-93daca699c92
2025-03-31 13:43:42 - [Cluster 0 - CLIENT] - INFO - [Store 242] Local training complete.
2025-03-31 13:43:42 - [Cluster 0 - CLIENT] - INFO - [Store 294] Starting local training.
2025-03-31 13:43:42 - [Cluster 0 - CLIENT] - INFO - Sent reply
2025-03-31 13:43:42 - [Cluster 0 - CLIENT] - INFO - 
2025-03-31 13:43:42 - [Cluster 0 - CLIENT] - INFO - Received: train message b104e0e2-fda0-489e-9c37-a1fbf64c5bb5
2025-03-31 13:43:42 - [Cluster 0 - CLIENT] - INFO - [Store 91] Starting local training.
2025-03-31 13:43:43 - [Cluster 0 - CLIENT] - INFO - [Store 257] Local training complete.
2025-03-31 13:43:43 - [Cluster 0 - CLIENT] - INFO - Sent reply
2025-03-31 13:43:43 - [Cluster 0 - CLIENT] - INFO - 
2025-03-31 13:43:43 - [Cluster 0 - CLIENT] - INFO - Received: train message f58433b2-f198-41f0-96d7-f17b7f261219
2025-03-31 13:43:43 - [Cluster 0 - CLIENT] - INFO - [Store 447] Starting local training.
2025-03-31 13:43:45 - [Cluster 0 - CLIENT] - INFO - [Store 201] Local training complete.
2025-03-31 13:43:45 - [Cluster 0 - CLIENT] - INFO - Sent reply
2025-03-31 13:43:45 - [Cluster 0 - CLIENT] - INFO - 
2025-03-31 13:43:45 - [Cluster 0 - CLIENT] - INFO - Received: train message 27da85f1-27ba-4312-8235-b56d3cce7e8a
2025-03-31 13:43:45 - [Cluster 0 - CLIENT] - INFO - [Store 75] Starting local training.
2025-03-31 13:43:45 - [Cluster 0 - CLIENT] - INFO - [Store 418] Local training complete.
2025-03-31 13:43:45 - [Cluster 0 - CLIENT] - INFO - Sent reply
2025-03-31 13:43:45 - [Cluster 0 - CLIENT] - INFO - [Store 1048] Local training complete.
2025-03-31 13:43:45 - [Cluster 0 - CLIENT] - INFO - Sent reply
2025-03-31 13:43:45 - [Cluster 0 - CLIENT] - INFO - 
2025-03-31 13:43:45 - [Cluster 0 - CLIENT] - INFO - Received: train message 3e91c31c-87f5-4bda-92cd-796acefed528
2025-03-31 13:43:45 - [Cluster 0 - CLIENT] - INFO - 
2025-03-31 13:43:45 - [Cluster 0 - CLIENT] - INFO - Received: train message c50e520e-9e8e-4839-a827-80f8c9fd41ea
2025-03-31 13:43:45 - [Cluster 0 - CLIENT] - INFO - [Store 327] Starting local training.
2025-03-31 13:43:45 - [Cluster 0 - CLIENT] - INFO - [Store 142] Starting local training.
2025-03-31 13:43:46 - [Cluster 0 - CLIENT] - INFO - [Store 529] Local training complete.
2025-03-31 13:43:46 - [Cluster 0 - CLIENT] - INFO - Sent reply
2025-03-31 13:43:46 - [Cluster 0 - CLIENT] - INFO - [Store 812] Local training complete.
2025-03-31 13:43:46 - [Cluster 0 - CLIENT] - INFO - 
2025-03-31 13:43:46 - [Cluster 0 - CLIENT] - INFO - Received: train message 5864f166-597e-4a2c-8c59-a0092a7a8103
2025-03-31 13:43:46 - [Cluster 0 - CLIENT] - INFO - [Store 592] Local training complete.
2025-03-31 13:43:46 - [Cluster 0 - CLIENT] - INFO - [Store 300] Starting local training.
2025-03-31 13:43:46 - [Cluster 0 - CLIENT] - INFO - Sent reply
2025-03-31 13:43:46 - [Cluster 0 - CLIENT] - INFO - Sent reply
2025-03-31 13:43:46 - [Cluster 0 - CLIENT] - INFO - 
2025-03-31 13:43:46 - [Cluster 0 - CLIENT] - INFO - Received: train message 500b8af2-58a2-419f-8d55-c1af08d43453
2025-03-31 13:43:46 - [Cluster 0 - CLIENT] - INFO - 
2025-03-31 13:43:46 - [Cluster 0 - CLIENT] - INFO - Received: train message ac3c6fd5-2796-4f02-8d6b-146441db9eca
2025-03-31 13:43:46 - [Cluster 0 - CLIENT] - INFO - [Store 329] Starting local training.
2025-03-31 13:43:47 - [Cluster 0 - CLIENT] - INFO - [Store 313] Local training complete.
2025-03-31 13:43:47 - [Cluster 0 - CLIENT] - INFO - [Store 689] Starting local training.
2025-03-31 13:43:47 - [Cluster 0 - CLIENT] - INFO - Sent reply
2025-03-31 13:43:47 - [Cluster 0 - CLIENT] - INFO - 
2025-03-31 13:43:47 - [Cluster 0 - CLIENT] - INFO - Received: train message efd23fbf-fe12-4458-8603-3218609bfc2b
2025-03-31 13:43:47 - [Cluster 0 - CLIENT] - INFO - [Store 857] Starting local training.
2025-03-31 13:43:47 - [Cluster 0 - CLIENT] - INFO - [Store 328] Local training complete.
2025-03-31 13:43:47 - [Cluster 0 - CLIENT] - INFO - Sent reply
2025-03-31 13:43:47 - [Cluster 0 - CLIENT] - INFO - 
2025-03-31 13:43:47 - [Cluster 0 - CLIENT] - INFO - Received: train message 74a23e6f-0983-4018-aacf-e6bba464e100
2025-03-31 13:43:47 - [Cluster 0 - CLIENT] - INFO - [Store 47] Starting local training.
2025-03-31 13:43:49 - [Cluster 0 - CLIENT] - INFO - [Store 314] Local training complete.
2025-03-31 13:43:50 - [Cluster 0 - CLIENT] - INFO - Sent reply
2025-03-31 13:43:50 - [Cluster 0 - CLIENT] - INFO - 
2025-03-31 13:43:50 - [Cluster 0 - CLIENT] - INFO - Received: train message bc52fa91-c0d4-4a45-956d-cbb47ee2399c
2025-03-31 13:43:50 - [Cluster 0 - CLIENT] - INFO - [Store 489] Starting local training.
2025-03-31 13:43:57 - [Cluster 0 - CLIENT] - INFO - [Store 590] Local training complete.
2025-03-31 13:43:57 - [Cluster 0 - CLIENT] - INFO - Sent reply
2025-03-31 13:43:57 - [Cluster 0 - CLIENT] - INFO - 
2025-03-31 13:43:57 - [Cluster 0 - CLIENT] - INFO - Received: train message fcfee8b7-05ba-482b-be7f-50499a7d89df
2025-03-31 13:43:57 - [Cluster 0 - CLIENT] - INFO - [Store 848] Starting local training.
2025-03-31 13:44:05 - [Cluster 0 - CLIENT] - INFO - [Store 639] Local training complete.
2025-03-31 13:44:05 - [Cluster 0 - CLIENT] - INFO - Sent reply
2025-03-31 13:44:05 - [Cluster 0 - CLIENT] - INFO - 
2025-03-31 13:44:05 - [Cluster 0 - CLIENT] - INFO - Received: train message b19f8c5e-5377-441c-b61a-8c3afc7f2d65
2025-03-31 13:44:06 - [Cluster 0 - CLIENT] - INFO - [Store 451] Starting local training.
2025-03-31 13:47:57 - [Cluster 0 - CLIENT] - INFO - [Store 294] Local training complete.
2025-03-31 13:47:57 - [Cluster 0 - CLIENT] - INFO - Sent reply
2025-03-31 13:48:02 - [Cluster 0 - CLIENT] - INFO - [Store 91] Local training complete.
2025-03-31 13:48:02 - [Cluster 0 - CLIENT] - INFO - [Store 75] Local training complete.
2025-03-31 13:48:02 - [Cluster 0 - CLIENT] - INFO - Sent reply
2025-03-31 13:48:02 - [Cluster 0 - CLIENT] - INFO - Sent reply
2025-03-31 13:48:03 - [Cluster 0 - CLIENT] - INFO - [Store 689] Local training complete.
2025-03-31 13:48:03 - [Cluster 0 - CLIENT] - INFO - [Store 111] Local training complete.
2025-03-31 13:48:03 - [Cluster 0 - CLIENT] - INFO - Sent reply
2025-03-31 13:48:03 - [Cluster 0 - CLIENT] - INFO - Sent reply
2025-03-31 13:48:03 - [Cluster 0 - CLIENT] - INFO - [Store 447] Local training complete.
2025-03-31 13:48:03 - [Cluster 0 - CLIENT] - INFO - Sent reply
2025-03-31 13:48:04 - [Cluster 0 - CLIENT] - INFO - [Store 329] Local training complete.
2025-03-31 13:48:04 - [Cluster 0 - CLIENT] - INFO - Sent reply
2025-03-31 13:48:04 - [Cluster 0 - CLIENT] - INFO - [Store 489] Local training complete.
2025-03-31 13:48:05 - [Cluster 0 - CLIENT] - INFO - Sent reply
2025-03-31 13:48:05 - [Cluster 0 - CLIENT] - INFO - [Store 327] Local training complete.
2025-03-31 13:48:05 - [Cluster 0 - CLIENT] - INFO - Sent reply
2025-03-31 13:48:05 - [Cluster 0 - CLIENT] - INFO - [Store 857] Local training complete.
2025-03-31 13:48:05 - [Cluster 0 - CLIENT] - INFO - Sent reply
2025-03-31 13:48:05 - [Cluster 0 - CLIENT] - INFO - [Store 300] Local training complete.
2025-03-31 13:48:05 - [Cluster 0 - CLIENT] - INFO - Sent reply
2025-03-31 13:48:05 - [Cluster 0 - CLIENT] - INFO - [Store 142] Local training complete.
2025-03-31 13:48:05 - [Cluster 0 - CLIENT] - INFO - Sent reply
2025-03-31 13:48:06 - [Cluster 0 - CLIENT] - INFO - [Store 47] Local training complete.
2025-03-31 13:48:06 - [Cluster 0 - CLIENT] - INFO - Sent reply
2025-03-31 13:48:06 - [Cluster 0 - CLIENT] - INFO - [Store 848] Local training complete.
2025-03-31 13:48:06 - [Cluster 0 - CLIENT] - INFO - Sent reply
2025-03-31 13:48:06 - [Cluster 0 - CLIENT] - INFO - [Store 451] Local training complete.
2025-03-31 13:48:06 - [Cluster 0 - CLIENT] - INFO - Sent reply
2025-03-31 13:48:06 - [Cluster 0 - CLIENT] - INFO - 
2025-03-31 13:48:06 - [Cluster 0 - CLIENT] - INFO - Received: evaluate message 2c868982-93b8-4f9f-b713-ce2088122329
2025-03-31 13:48:06 - [Cluster 0 - CLIENT] - INFO - 
2025-03-31 13:48:06 - [Cluster 0 - CLIENT] - INFO - Received: evaluate message f112098f-97ff-40e8-aafb-bc3a5dbf1a38
2025-03-31 13:48:06 - [Cluster 0 - CLIENT] - INFO - 
2025-03-31 13:48:06 - [Cluster 0 - CLIENT] - INFO - Received: evaluate message 48ba5873-ded0-4a43-af9e-a4f21c123824
2025-03-31 13:48:06 - [Cluster 0 - CLIENT] - INFO - 
2025-03-31 13:48:06 - [Cluster 0 - CLIENT] - INFO - Received: evaluate message 7b0c2ad4-1beb-4e85-bac5-58cbd0e60375
2025-03-31 13:48:06 - [Cluster 0 - CLIENT] - INFO - 
2025-03-31 13:48:06 - [Cluster 0 - CLIENT] - INFO - Received: evaluate message b2701a60-c4ba-41d6-b9d8-31805bf08ce8
2025-03-31 13:48:06 - [Cluster 0 - CLIENT] - INFO - 
2025-03-31 13:48:06 - [Cluster 0 - CLIENT] - INFO - Received: evaluate message 69192a92-f2e2-4c83-b277-defc0658f3bc
2025-03-31 13:48:06 - [Cluster 0 - CLIENT] - INFO - 
2025-03-31 13:48:06 - [Cluster 0 - CLIENT] - INFO - Received: evaluate message ebb1dbb0-e67c-4fa5-a5bc-c85e86206796
2025-03-31 13:48:06 - [Cluster 0 - CLIENT] - INFO - 
2025-03-31 13:48:06 - [Cluster 0 - CLIENT] - INFO - Received: evaluate message 14715ec0-ce57-4e8a-ab58-dbdae6846547
2025-03-31 13:48:06 - [Cluster 0 - CLIENT] - INFO - 
2025-03-31 13:48:06 - [Cluster 0 - CLIENT] - INFO - Received: evaluate message dcc7c5fd-7808-4c8e-ad3f-560accf5c40f
2025-03-31 13:48:07 - [Cluster 0 - CLIENT] - INFO - 
2025-03-31 13:48:07 - [Cluster 0 - CLIENT] - INFO - Received: evaluate message c01d49ab-5e40-48ac-b505-3bb27c934964
2025-03-31 13:48:07 - [Cluster 0 - CLIENT] - INFO - 
2025-03-31 13:48:07 - [Cluster 0 - CLIENT] - INFO - 
2025-03-31 13:48:07 - [Cluster 0 - CLIENT] - INFO - 
2025-03-31 13:48:07 - [Cluster 0 - CLIENT] - INFO - Received: evaluate message 86b751a9-434c-46bc-ac4b-8fe8a8181468
2025-03-31 13:48:07 - [Cluster 0 - CLIENT] - INFO - Received: evaluate message a8a4344c-75f6-4aa8-853c-373a5304c8da
2025-03-31 13:48:07 - [Cluster 0 - CLIENT] - INFO - Received: evaluate message a81d1ce5-1e77-4e21-b2d5-c33141100561
2025-03-31 13:48:07 - [Cluster 0 - CLIENT] - INFO - 
2025-03-31 13:48:07 - [Cluster 0 - CLIENT] - INFO - Received: evaluate message d77c9634-3351-49f1-b99d-261ad815b72d
2025-03-31 13:48:07 - [Cluster 0 - CLIENT] - INFO - 
2025-03-31 13:48:07 - [Cluster 0 - CLIENT] - INFO - Received: evaluate message 43347b03-e4ec-4d3f-8ee2-e807d9d6f48c
2025-03-31 13:48:08 - [Cluster 0 - CLIENT] - INFO - [Store 447] Evaluation - Loss: 0.2359, MAE: 0.3083
2025-03-31 13:48:08 - [Cluster 0 - CLIENT] - INFO - Sent reply
2025-03-31 13:48:08 - [Cluster 0 - CLIENT] - INFO - 
2025-03-31 13:48:08 - [Cluster 0 - CLIENT] - INFO - Received: evaluate message 94b4c2b5-d016-4cc8-bc1f-4259001534f2
2025-03-31 13:48:08 - [Cluster 0 - CLIENT] - INFO - [Store 451] Evaluation - Loss: 0.2952, MAE: 0.3656
2025-03-31 13:48:08 - [Cluster 0 - CLIENT] - INFO - Sent reply
2025-03-31 13:48:08 - [Cluster 0 - CLIENT] - INFO - 
2025-03-31 13:48:08 - [Cluster 0 - CLIENT] - INFO - Received: evaluate message 02a8a320-711c-47cc-84d2-699930518b7d
2025-03-31 13:48:08 - [Cluster 0 - CLIENT] - INFO - [Store 313] Evaluation - Loss: 0.2235, MAE: 0.3351
2025-03-31 13:48:08 - [Cluster 0 - CLIENT] - INFO - Sent reply
2025-03-31 13:48:08 - [Cluster 0 - CLIENT] - INFO - 
2025-03-31 13:48:08 - [Cluster 0 - CLIENT] - INFO - Received: evaluate message 9d2e34ee-5063-40e1-ac5c-cdfa8dc9844b
2025-03-31 13:48:08 - [Cluster 0 - CLIENT] - INFO - [Store 314] Evaluation - Loss: 0.2054, MAE: 0.3049
2025-03-31 13:48:08 - [Cluster 0 - CLIENT] - INFO - [Store 328] Evaluation - Loss: 0.2228, MAE: 0.3205
2025-03-31 13:48:08 - [Cluster 0 - CLIENT] - INFO - Sent reply
2025-03-31 13:48:08 - [Cluster 0 - CLIENT] - INFO - [Store 689] Evaluation - Loss: 0.2094, MAE: 0.3024
2025-03-31 13:48:08 - [Cluster 0 - CLIENT] - INFO - Sent reply
2025-03-31 13:48:08 - [Cluster 0 - CLIENT] - INFO - Sent reply
2025-03-31 13:48:08 - [Cluster 0 - CLIENT] - INFO - 
2025-03-31 13:48:08 - [Cluster 0 - CLIENT] - INFO - [Store 242] Evaluation - Loss: 0.2562, MAE: 0.3821
2025-03-31 13:48:08 - [Cluster 0 - CLIENT] - INFO - Received: evaluate message c0279dc1-8862-476e-a257-c2616e7daead
2025-03-31 13:48:08 - [Cluster 0 - CLIENT] - INFO - [Store 300] Evaluation - Loss: 0.3500, MAE: 0.4152
2025-03-31 13:48:08 - [Cluster 0 - CLIENT] - INFO - Sent reply
2025-03-31 13:48:08 - [Cluster 0 - CLIENT] - INFO - Sent reply
2025-03-31 13:48:08 - [Cluster 0 - CLIENT] - INFO - [Store 294] Evaluation - Loss: 0.2705, MAE: 0.3730
2025-03-31 13:48:08 - [Cluster 0 - CLIENT] - INFO - Sent reply
2025-03-31 13:48:08 - [Cluster 0 - CLIENT] - INFO - 
2025-03-31 13:48:08 - [Cluster 0 - CLIENT] - INFO - Received: evaluate message 7b73a010-6c0c-45c0-9da1-e78ed79713ab
2025-03-31 13:48:08 - [Cluster 0 - CLIENT] - INFO - [Store 812] Evaluation - Loss: 0.1959, MAE: 0.3035
2025-03-31 13:48:08 - [Cluster 0 - CLIENT] - INFO - Sent reply
2025-03-31 13:48:08 - [Cluster 0 - CLIENT] - INFO - 
2025-03-31 13:48:08 - [Cluster 0 - CLIENT] - INFO - Received: evaluate message a9a30ab9-6a78-4ead-8859-164828041c9d
2025-03-31 13:48:08 - [Cluster 0 - CLIENT] - INFO - 
2025-03-31 13:48:08 - [Cluster 0 - CLIENT] - INFO - Received: evaluate message e9ec9e01-1313-4933-8f63-64c751017f8a
2025-03-31 13:48:08 - [Cluster 0 - CLIENT] - INFO - 
2025-03-31 13:48:08 - [Cluster 0 - CLIENT] - INFO - Received: evaluate message 24a9cdf0-62ff-4fec-9858-02f90bd2ef80
2025-03-31 13:48:08 - [Cluster 0 - CLIENT] - INFO - [Store 639] Evaluation - Loss: 0.2091, MAE: 0.3221
2025-03-31 13:48:08 - [Cluster 0 - CLIENT] - INFO - [Store 1048] Evaluation - Loss: 0.3407, MAE: 0.3929
2025-03-31 13:48:08 - [Cluster 0 - CLIENT] - INFO - [Store 418] Evaluation - Loss: 0.3049, MAE: 0.3858
2025-03-31 13:48:08 - [Cluster 0 - CLIENT] - INFO - Sent reply
2025-03-31 13:48:08 - [Cluster 0 - CLIENT] - INFO - Sent reply
2025-03-31 13:48:08 - [Cluster 0 - CLIENT] - INFO - Sent reply
2025-03-31 13:48:08 - [Cluster 0 - CLIENT] - INFO - [Store 529] Evaluation - Loss: 0.2283, MAE: 0.3105
2025-03-31 13:48:08 - [Cluster 0 - CLIENT] - INFO - 
2025-03-31 13:48:08 - [Cluster 0 - CLIENT] - INFO - Sent reply
2025-03-31 13:48:08 - [Cluster 0 - CLIENT] - INFO - Received: evaluate message 84f50f48-0be6-48a9-b964-9638e091cad1
2025-03-31 13:48:08 - [Cluster 0 - CLIENT] - INFO - 
2025-03-31 13:48:08 - [Cluster 0 - CLIENT] - INFO - Received: evaluate message f27884aa-a81d-4099-b52f-9b044adb8204
2025-03-31 13:48:08 - [Cluster 0 - CLIENT] - INFO - 
2025-03-31 13:48:08 - [Cluster 0 - CLIENT] - INFO - Received: evaluate message 9a2ef0c0-c94f-4113-96ba-6e92deacd6e4
2025-03-31 13:48:08 - [Cluster 0 - CLIENT] - INFO - 
2025-03-31 13:48:08 - [Cluster 0 - CLIENT] - INFO - Received: evaluate message c1c6e97d-e2dd-4a6b-a098-d90c3a9c5c3a
2025-03-31 13:48:08 - [Cluster 0 - CLIENT] - INFO - 
2025-03-31 13:48:09 - [Cluster 0 - CLIENT] - INFO - Received: evaluate message 35d42c88-7a3d-4d2e-9dc4-55a12138bd06
2025-03-31 13:48:09 - [Cluster 0 - CLIENT] - INFO - 
2025-03-31 13:48:09 - [Cluster 0 - CLIENT] - INFO - Received: evaluate message caec0213-fe70-46ce-9eb0-8ea3d91d2471
2025-03-31 13:48:09 - [Cluster 0 - CLIENT] - INFO - [Store 201] Evaluation - Loss: 0.2853, MAE: 0.3801
2025-03-31 13:48:09 - [Cluster 0 - CLIENT] - INFO - Sent reply
2025-03-31 13:48:09 - [Cluster 0 - CLIENT] - INFO - 
2025-03-31 13:48:09 - [Cluster 0 - CLIENT] - INFO - Received: evaluate message 709f0cfa-8b9c-4109-80ed-4b4c541c924b
2025-03-31 13:48:09 - [Cluster 0 - CLIENT] - INFO - [Store 590] Evaluation - Loss: 0.3157, MAE: 0.3950
2025-03-31 13:48:09 - [Cluster 0 - CLIENT] - INFO - Sent reply
2025-03-31 13:48:10 - [Cluster 0 - CLIENT] - INFO - [Store 329] Evaluation - Loss: 0.2415, MAE: 0.3482
2025-03-31 13:48:10 - [Cluster 0 - CLIENT] - INFO - Sent reply
2025-03-31 13:48:10 - [Cluster 0 - CLIENT] - INFO - [Store 848] Evaluation - Loss: 0.2095, MAE: 0.3089
2025-03-31 13:48:10 - [Cluster 0 - CLIENT] - INFO - Sent reply
2025-03-31 13:48:10 - [Cluster 0 - CLIENT] - INFO - [Store 811] Evaluation - Loss: 0.2106, MAE: 0.2999
2025-03-31 13:48:10 - [Cluster 0 - CLIENT] - INFO - [Store 857] Evaluation - Loss: 0.4106, MAE: 0.4507
2025-03-31 13:48:10 - [Cluster 0 - CLIENT] - INFO - [Store 91] Evaluation - Loss: 0.2954, MAE: 0.3975
2025-03-31 13:48:10 - [Cluster 0 - CLIENT] - INFO - Sent reply
2025-03-31 13:48:10 - [Cluster 0 - CLIENT] - INFO - Sent reply
2025-03-31 13:48:10 - [Cluster 0 - CLIENT] - INFO - [Store 257] Evaluation - Loss: 0.2094, MAE: 0.2966
2025-03-31 13:48:10 - [Cluster 0 - CLIENT] - INFO - Sent reply
2025-03-31 13:48:10 - [Cluster 0 - CLIENT] - INFO - Sent reply
2025-03-31 13:48:10 - [Cluster 0 - CLIENT] - INFO - [Store 142] Evaluation - Loss: 0.2601, MAE: 0.3183
2025-03-31 13:48:10 - [Cluster 0 - CLIENT] - INFO - Sent reply
2025-03-31 13:48:10 - [Cluster 0 - CLIENT] - INFO - [Store 75] Evaluation - Loss: 0.2448, MAE: 0.3265
2025-03-31 13:48:10 - [Cluster 0 - CLIENT] - INFO - Sent reply
2025-03-31 13:48:10 - [Cluster 0 - CLIENT] - INFO - [Store 111] Evaluation - Loss: 0.2479, MAE: 0.3482
2025-03-31 13:48:10 - [Cluster 0 - CLIENT] - INFO - [Store 592] Evaluation - Loss: 0.2332, MAE: 0.3460
2025-03-31 13:48:10 - [Cluster 0 - CLIENT] - INFO - Sent reply
2025-03-31 13:48:10 - [Cluster 0 - CLIENT] - INFO - Sent reply
2025-03-31 13:48:10 - [Cluster 0 - CLIENT] - INFO - [Store 47] Evaluation - Loss: 0.2695, MAE: 0.3381
2025-03-31 13:48:10 - [Cluster 0 - CLIENT] - INFO - Sent reply
2025-03-31 13:48:10 - [Cluster 0 - CLIENT] - INFO - [Store 588] Evaluation - Loss: 0.2257, MAE: 0.3097
2025-03-31 13:48:10 - [Cluster 0 - CLIENT] - INFO - Sent reply
2025-03-31 13:48:10 - [Cluster 0 - CLIENT] - INFO - [Store 327] Evaluation - Loss: 0.2536, MAE: 0.3389
2025-03-31 13:48:10 - [Cluster 0 - CLIENT] - INFO - Sent reply
2025-03-31 13:48:10 - [Cluster 0 - CLIENT] - INFO - [Store 489] Evaluation - Loss: 0.2163, MAE: 0.3528
2025-03-31 13:48:10 - [Cluster 0 - CLIENT] - INFO - Sent reply
2025-03-31 13:48:10 - [Cluster 0 - CLIENT] - INFO - 
2025-03-31 13:48:10 - [Cluster 0 - CLIENT] - INFO - Received: train message 4fdd4773-6c5e-4dde-b9f2-1c528c704d93
2025-03-31 13:48:10 - [Cluster 0 - CLIENT] - INFO - 
2025-03-31 13:48:10 - [Cluster 0 - CLIENT] - INFO - Received: train message 10018cf1-9d87-4b37-8c9d-bff497d5cbfc
2025-03-31 13:48:10 - [Cluster 0 - CLIENT] - INFO - 
2025-03-31 13:48:10 - [Cluster 0 - CLIENT] - INFO - Received: train message 7107a3e0-7dfc-4d0e-a21d-653dc0c9e7ac
2025-03-31 13:48:10 - [Cluster 0 - CLIENT] - INFO - 
2025-03-31 13:48:10 - [Cluster 0 - CLIENT] - INFO - Received: train message 7bf61b4e-10dc-42e7-b483-e0280d13d469
2025-03-31 13:48:10 - [Cluster 0 - CLIENT] - INFO - [Store 590] Starting local training.
2025-03-31 13:48:10 - [Cluster 0 - CLIENT] - INFO - 
2025-03-31 13:48:10 - [Cluster 0 - CLIENT] - INFO - Received: train message c23b8c65-f988-42e6-9cc3-d9d6d61708cb
2025-03-31 13:48:10 - [Cluster 0 - CLIENT] - INFO - 
2025-03-31 13:48:10 - [Cluster 0 - CLIENT] - INFO - Received: train message 3da0814a-02c2-4fb3-aaf9-0a740b8e155d
2025-03-31 13:48:10 - [Cluster 0 - CLIENT] - INFO - [Store 329] Starting local training.
2025-03-31 13:48:10 - [Cluster 0 - CLIENT] - INFO - 
2025-03-31 13:48:10 - [Cluster 0 - CLIENT] - INFO - Received: train message 2f513e59-8094-420b-92f3-881ffcbe7d05
2025-03-31 13:48:10 - [Cluster 0 - CLIENT] - INFO - [Store 857] Starting local training.
2025-03-31 13:48:10 - [Cluster 0 - CLIENT] - INFO - 
2025-03-31 13:48:10 - [Cluster 0 - CLIENT] - INFO - Received: train message ad7a3b74-b616-427c-89e4-834e8c779054
2025-03-31 13:48:10 - [Cluster 0 - CLIENT] - INFO - [Store 142] Starting local training.
2025-03-31 13:48:10 - [Cluster 0 - CLIENT] - INFO - [Store 489] Starting local training.
2025-03-31 13:48:10 - [Cluster 0 - CLIENT] - INFO - 
2025-03-31 13:48:10 - [Cluster 0 - CLIENT] - INFO - Received: train message 614ca077-d183-4cfd-ba8c-6aef8eecde61
2025-03-31 13:48:10 - [Cluster 0 - CLIENT] - INFO - 
2025-03-31 13:48:10 - [Cluster 0 - CLIENT] - INFO - Received: train message fd8111ce-4bb2-4230-bde0-b31adf6061ed
2025-03-31 13:48:10 - [Cluster 0 - CLIENT] - INFO - 
2025-03-31 13:48:10 - [Cluster 0 - CLIENT] - INFO - Received: train message d06ed866-7873-40cd-9e29-5ccc0876396d
2025-03-31 13:48:10 - [Cluster 0 - CLIENT] - INFO - 
2025-03-31 13:48:10 - [Cluster 0 - CLIENT] - INFO - Received: train message ac2b2a1b-ebfe-47b0-9f0a-22093d347948
2025-03-31 13:48:10 - [Cluster 0 - CLIENT] - INFO - [Store 529] Starting local training.
2025-03-31 13:48:10 - [Cluster 0 - CLIENT] - INFO - 
2025-03-31 13:48:10 - [Cluster 0 - CLIENT] - INFO - [Store 811] Starting local training.
2025-03-31 13:48:10 - [Cluster 0 - CLIENT] - INFO - Received: train message 87c0ec50-bec7-472e-8830-8ba983456799
2025-03-31 13:48:10 - [Cluster 0 - CLIENT] - INFO - 
2025-03-31 13:48:10 - [Cluster 0 - CLIENT] - INFO - Received: train message d505b03f-aead-4de7-8eee-9f86b3ba2a20
2025-03-31 13:48:10 - [Cluster 0 - CLIENT] - INFO - 
2025-03-31 13:48:10 - [Cluster 0 - CLIENT] - INFO - Received: train message bf66fa07-a012-4cb6-8ade-9b24fd320de3
2025-03-31 13:48:10 - [Cluster 0 - CLIENT] - INFO - [Store 257] Starting local training.
2025-03-31 13:48:10 - [Cluster 0 - CLIENT] - INFO - [Store 91] Starting local training.
2025-03-31 13:48:10 - [Cluster 0 - CLIENT] - INFO - [Store 588] Starting local training.
2025-03-31 13:48:10 - [Cluster 0 - CLIENT] - INFO - [Store 300] Starting local training.
2025-03-31 13:48:10 - [Cluster 0 - CLIENT] - INFO - [Store 328] Starting local training.
2025-03-31 13:48:10 - [Cluster 0 - CLIENT] - INFO - [Store 451] Starting local training.
2025-03-31 13:48:10 - [Cluster 0 - CLIENT] - INFO - [Store 242] Starting local training.
2025-03-31 13:48:10 - [Cluster 0 - CLIENT] - INFO - [Store 639] Starting local training.
2025-03-31 13:51:52 - [Cluster 0 - CLIENT] - INFO - [Store 91] Local training complete.
2025-03-31 13:51:52 - [Cluster 0 - CLIENT] - INFO - Sent reply
2025-03-31 13:51:52 - [Cluster 0 - CLIENT] - INFO - 
2025-03-31 13:51:52 - [Cluster 0 - CLIENT] - INFO - Received: train message 8e3b7b8a-03a2-40b3-96b3-cbf617d20ae8
2025-03-31 13:51:52 - [Cluster 0 - CLIENT] - INFO - [Store 812] Starting local training.
2025-03-31 13:51:54 - [Cluster 0 - CLIENT] - INFO - [Store 328] Local training complete.
2025-03-31 13:51:54 - [Cluster 0 - CLIENT] - INFO - Sent reply
2025-03-31 13:51:54 - [Cluster 0 - CLIENT] - INFO - 
2025-03-31 13:51:54 - [Cluster 0 - CLIENT] - INFO - Received: train message 5d4a9054-3bde-44cd-97b0-21b8de498237
2025-03-31 13:51:54 - [Cluster 0 - CLIENT] - INFO - [Store 1048] Starting local training.
2025-03-31 13:51:56 - [Cluster 0 - CLIENT] - INFO - [Store 529] Local training complete.
2025-03-31 13:51:56 - [Cluster 0 - CLIENT] - INFO - [Store 257] Local training complete.
2025-03-31 13:51:56 - [Cluster 0 - CLIENT] - INFO - [Store 300] Local training complete.
2025-03-31 13:51:56 - [Cluster 0 - CLIENT] - INFO - Sent reply
2025-03-31 13:51:56 - [Cluster 0 - CLIENT] - INFO - 
2025-03-31 13:51:56 - [Cluster 0 - CLIENT] - INFO - Received: train message 29e2c159-313d-4a23-bddc-eb654f1851d6
2025-03-31 13:51:56 - [Cluster 0 - CLIENT] - INFO - [Store 294] Starting local training.
2025-03-31 13:51:56 - [Cluster 0 - CLIENT] - INFO - Sent reply
2025-03-31 13:51:56 - [Cluster 0 - CLIENT] - INFO - 
2025-03-31 13:51:56 - [Cluster 0 - CLIENT] - INFO - Received: train message 548b926b-fe59-4bdf-baa5-4158160e08ae
2025-03-31 13:51:56 - [Cluster 0 - CLIENT] - INFO - Sent reply
2025-03-31 13:51:56 - [Cluster 0 - CLIENT] - INFO - [Store 418] Starting local training.
2025-03-31 13:51:56 - [Cluster 0 - CLIENT] - INFO - 
2025-03-31 13:51:56 - [Cluster 0 - CLIENT] - INFO - Received: train message 592e9650-9d12-410e-88e6-62cdbb03ec93
2025-03-31 13:51:56 - [Cluster 0 - CLIENT] - INFO - [Store 111] Starting local training.
2025-03-31 13:51:56 - [Cluster 0 - CLIENT] - INFO - [Store 639] Local training complete.
2025-03-31 13:51:56 - [Cluster 0 - CLIENT] - INFO - Sent reply
2025-03-31 13:51:56 - [Cluster 0 - CLIENT] - INFO - 
2025-03-31 13:51:56 - [Cluster 0 - CLIENT] - INFO - Received: train message 372640b7-7862-4262-9efb-187a0d3b85db
2025-03-31 13:51:56 - [Cluster 0 - CLIENT] - INFO - [Store 689] Starting local training.
2025-03-31 13:51:58 - [Cluster 0 - CLIENT] - INFO - [Store 329] Local training complete.
2025-03-31 13:51:58 - [Cluster 0 - CLIENT] - INFO - Sent reply
2025-03-31 13:51:58 - [Cluster 0 - CLIENT] - INFO - 
2025-03-31 13:51:58 - [Cluster 0 - CLIENT] - INFO - Received: train message be88ffdc-dcd4-4fcb-b4cd-bb447cb26906
2025-03-31 13:51:58 - [Cluster 0 - CLIENT] - INFO - [Store 47] Starting local training.
2025-03-31 13:51:58 - [Cluster 0 - CLIENT] - INFO - [Store 857] Local training complete.
2025-03-31 13:51:58 - [Cluster 0 - CLIENT] - INFO - Sent reply
2025-03-31 13:51:58 - [Cluster 0 - CLIENT] - INFO - 
2025-03-31 13:51:58 - [Cluster 0 - CLIENT] - INFO - Received: train message d66d7c20-791e-4da7-afee-016e10764313
2025-03-31 13:51:58 - [Cluster 0 - CLIENT] - INFO - [Store 447] Starting local training.
2025-03-31 13:51:59 - [Cluster 0 - CLIENT] - INFO - [Store 142] Local training complete.
2025-03-31 13:51:59 - [Cluster 0 - CLIENT] - INFO - Sent reply
2025-03-31 13:51:59 - [Cluster 0 - CLIENT] - INFO - 
2025-03-31 13:51:59 - [Cluster 0 - CLIENT] - INFO - Received: train message 450b6ab6-074c-4356-8865-d12e5c4c6079
2025-03-31 13:51:59 - [Cluster 0 - CLIENT] - INFO - [Store 451] Local training complete.
2025-03-31 13:51:59 - [Cluster 0 - CLIENT] - INFO - Sent reply
2025-03-31 13:51:59 - [Cluster 0 - CLIENT] - INFO - [Store 314] Starting local training.
2025-03-31 13:51:59 - [Cluster 0 - CLIENT] - INFO - 
2025-03-31 13:51:59 - [Cluster 0 - CLIENT] - INFO - Received: train message 374f5d0d-2161-4cc4-a19e-d103b537e23d
2025-03-31 13:51:59 - [Cluster 0 - CLIENT] - INFO - [Store 327] Starting local training.
2025-03-31 13:52:00 - [Cluster 0 - CLIENT] - INFO - [Store 590] Local training complete.
2025-03-31 13:52:00 - [Cluster 0 - CLIENT] - INFO - Sent reply
2025-03-31 13:52:00 - [Cluster 0 - CLIENT] - INFO - 
2025-03-31 13:52:00 - [Cluster 0 - CLIENT] - INFO - Received: train message c222ae7f-cf0d-4be4-a0e8-0224bc0183ce
2025-03-31 13:52:00 - [Cluster 0 - CLIENT] - INFO - [Store 75] Starting local training.
2025-03-31 13:52:00 - [Cluster 0 - CLIENT] - INFO - [Store 489] Local training complete.
2025-03-31 13:52:00 - [Cluster 0 - CLIENT] - INFO - Sent reply
2025-03-31 13:52:00 - [Cluster 0 - CLIENT] - INFO - 
2025-03-31 13:52:00 - [Cluster 0 - CLIENT] - INFO - Received: train message 3be0fdef-bdbb-4e77-bf6b-4dd2b34f3a56
2025-03-31 13:52:00 - [Cluster 0 - CLIENT] - INFO - [Store 592] Starting local training.
2025-03-31 13:52:00 - [Cluster 0 - CLIENT] - INFO - [Store 811] Local training complete.
2025-03-31 13:52:01 - [Cluster 0 - CLIENT] - INFO - Sent reply
2025-03-31 13:52:01 - [Cluster 0 - CLIENT] - INFO - 
2025-03-31 13:52:01 - [Cluster 0 - CLIENT] - INFO - Received: train message b90e4488-f6c9-4336-a586-52f4f1c39dc2
2025-03-31 13:52:01 - [Cluster 0 - CLIENT] - INFO - [Store 201] Starting local training.
2025-03-31 13:52:11 - [Cluster 0 - CLIENT] - INFO - [Store 242] Local training complete.
2025-03-31 13:52:12 - [Cluster 0 - CLIENT] - INFO - Sent reply
2025-03-31 13:52:12 - [Cluster 0 - CLIENT] - INFO - 
2025-03-31 13:52:12 - [Cluster 0 - CLIENT] - INFO - Received: train message be437127-e3e4-4dd1-b4d4-37a4424e5182
2025-03-31 13:52:12 - [Cluster 0 - CLIENT] - INFO - [Store 588] Local training complete.
2025-03-31 13:52:12 - [Cluster 0 - CLIENT] - INFO - [Store 848] Starting local training.
2025-03-31 13:52:12 - [Cluster 0 - CLIENT] - INFO - Sent reply
2025-03-31 13:52:12 - [Cluster 0 - CLIENT] - INFO - 
2025-03-31 13:52:12 - [Cluster 0 - CLIENT] - INFO - Received: train message 1df23f0f-8d67-4993-a598-1604738edaed
2025-03-31 13:52:12 - [Cluster 0 - CLIENT] - INFO - [Store 313] Starting local training.
2025-03-31 13:55:19 - [Cluster 0 - CLIENT] - INFO - [Store 812] Local training complete.
2025-03-31 13:55:19 - [Cluster 0 - CLIENT] - INFO - Sent reply
2025-03-31 13:55:20 - [Cluster 0 - CLIENT] - INFO - [Store 418] Local training complete.
2025-03-31 13:55:20 - [Cluster 0 - CLIENT] - INFO - [Store 47] Local training complete.
2025-03-31 13:55:20 - [Cluster 0 - CLIENT] - INFO - Sent reply
2025-03-31 13:55:21 - [Cluster 0 - CLIENT] - INFO - Sent reply
2025-03-31 13:55:21 - [Cluster 0 - CLIENT] - INFO - [Store 1048] Local training complete.
2025-03-31 13:55:21 - [Cluster 0 - CLIENT] - INFO - Sent reply
2025-03-31 13:55:21 - [Cluster 0 - CLIENT] - INFO - [Store 592] Local training complete.
2025-03-31 13:55:21 - [Cluster 0 - CLIENT] - INFO - Sent reply
2025-03-31 13:55:23 - [Cluster 0 - CLIENT] - INFO - [Store 75] Local training complete.
2025-03-31 13:55:23 - [Cluster 0 - CLIENT] - INFO - Sent reply
2025-03-31 13:55:23 - [Cluster 0 - CLIENT] - INFO - [Store 314] Local training complete.
2025-03-31 13:55:23 - [Cluster 0 - CLIENT] - INFO - Sent reply
2025-03-31 13:55:23 - [Cluster 0 - CLIENT] - INFO - [Store 201] Local training complete.
2025-03-31 13:55:23 - [Cluster 0 - CLIENT] - INFO - Sent reply
2025-03-31 13:55:24 - [Cluster 0 - CLIENT] - INFO - [Store 294] Local training complete.
2025-03-31 13:55:24 - [Cluster 0 - CLIENT] - INFO - Sent reply
2025-03-31 13:55:24 - [Cluster 0 - CLIENT] - INFO - [Store 327] Local training complete.
2025-03-31 13:55:24 - [Cluster 0 - CLIENT] - INFO - Sent reply
2025-03-31 13:55:24 - [Cluster 0 - CLIENT] - INFO - [Store 689] Local training complete.
2025-03-31 13:55:24 - [Cluster 0 - CLIENT] - INFO - Sent reply
2025-03-31 13:55:24 - [Cluster 0 - CLIENT] - INFO - [Store 447] Local training complete.
2025-03-31 13:55:24 - [Cluster 0 - CLIENT] - INFO - Sent reply
2025-03-31 13:55:25 - [Cluster 0 - CLIENT] - INFO - [Store 848] Local training complete.
2025-03-31 13:55:25 - [Cluster 0 - CLIENT] - INFO - Sent reply
2025-03-31 13:55:26 - [Cluster 0 - CLIENT] - INFO - [Store 313] Local training complete.
2025-03-31 13:55:26 - [Cluster 0 - CLIENT] - INFO - Sent reply
2025-03-31 13:55:26 - [Cluster 0 - CLIENT] - INFO - [Store 111] Local training complete.
2025-03-31 13:55:26 - [Cluster 0 - CLIENT] - INFO - Sent reply
2025-03-31 13:55:26 - [Cluster 0 - CLIENT] - INFO - 
2025-03-31 13:55:26 - [Cluster 0 - CLIENT] - INFO - Received: evaluate message 634a830b-813d-4a58-890d-44b8902be41c
2025-03-31 13:55:26 - [Cluster 0 - CLIENT] - INFO - 
2025-03-31 13:55:26 - [Cluster 0 - CLIENT] - INFO - Received: evaluate message 46ade581-e7b2-490d-bcc6-553596da6067
2025-03-31 13:55:26 - [Cluster 0 - CLIENT] - INFO - 
2025-03-31 13:55:26 - [Cluster 0 - CLIENT] - INFO - Received: evaluate message aee0a4e1-d0b9-479a-85c5-dcc7f6347f79
2025-03-31 13:55:26 - [Cluster 0 - CLIENT] - INFO - 
2025-03-31 13:55:26 - [Cluster 0 - CLIENT] - INFO - Received: evaluate message bf8ef617-3196-46ab-9320-948fc79967c2
2025-03-31 13:55:26 - [Cluster 0 - CLIENT] - INFO - 
2025-03-31 13:55:26 - [Cluster 0 - CLIENT] - INFO - Received: evaluate message ee651338-5e2f-4a79-82d6-15b137b5da2d
2025-03-31 13:55:26 - [Cluster 0 - CLIENT] - INFO - 
2025-03-31 13:55:26 - [Cluster 0 - CLIENT] - INFO - Received: evaluate message b19f598b-5a5a-49eb-bd8f-d78cb6fe8cd1
2025-03-31 13:55:26 - [Cluster 0 - CLIENT] - INFO - 
2025-03-31 13:55:26 - [Cluster 0 - CLIENT] - INFO - 
2025-03-31 13:55:26 - [Cluster 0 - CLIENT] - INFO - Received: evaluate message 034e7c28-1ea8-41a6-a591-58fe39b8767a
2025-03-31 13:55:26 - [Cluster 0 - CLIENT] - INFO - Received: evaluate message 92bc5360-83a7-4b7d-bc94-053e9c6489c7
2025-03-31 13:55:26 - [Cluster 0 - CLIENT] - INFO - 
2025-03-31 13:55:26 - [Cluster 0 - CLIENT] - INFO - Received: evaluate message 876ee0bc-16c2-4601-97a9-3cfac24f3b03
2025-03-31 13:55:26 - [Cluster 0 - CLIENT] - INFO - 
2025-03-31 13:55:26 - [Cluster 0 - CLIENT] - INFO - Received: evaluate message a67f622e-3036-41ca-8fec-0a962a3971e8
2025-03-31 13:55:26 - [Cluster 0 - CLIENT] - INFO - 
2025-03-31 13:55:26 - [Cluster 0 - CLIENT] - INFO - Received: evaluate message bb70a050-57a7-44ba-90d9-95a1c2acc78e
2025-03-31 13:55:26 - [Cluster 0 - CLIENT] - INFO - 
2025-03-31 13:55:26 - [Cluster 0 - CLIENT] - INFO - Received: evaluate message fe389d43-2bf7-405e-a54d-5742d3a43921
2025-03-31 13:55:26 - [Cluster 0 - CLIENT] - INFO - 
2025-03-31 13:55:26 - [Cluster 0 - CLIENT] - INFO - Received: evaluate message 0b92bb7f-98c4-4d0d-88ea-bbf613ef350b
2025-03-31 13:55:27 - [Cluster 0 - CLIENT] - INFO - 
2025-03-31 13:55:27 - [Cluster 0 - CLIENT] - INFO - Received: evaluate message 7cc297ca-aab9-45f9-b1b9-7125a88678d5
2025-03-31 13:55:27 - [Cluster 0 - CLIENT] - INFO - 
2025-03-31 13:55:27 - [Cluster 0 - CLIENT] - INFO - Received: evaluate message 7432229f-adbf-48c8-9585-e2e40951904c
2025-03-31 13:55:27 - [Cluster 0 - CLIENT] - INFO - [Store 75] Evaluation - Loss: 0.2421, MAE: 0.3099
2025-03-31 13:55:27 - [Cluster 0 - CLIENT] - INFO - Sent reply
2025-03-31 13:55:27 - [Cluster 0 - CLIENT] - INFO - 
2025-03-31 13:55:27 - [Cluster 0 - CLIENT] - INFO - Received: evaluate message 42e92b22-9cb8-47c9-b0a5-506941b83a0d
2025-03-31 13:55:27 - [Cluster 0 - CLIENT] - INFO - [Store 294] Evaluation - Loss: 0.2677, MAE: 0.3614
2025-03-31 13:55:27 - [Cluster 0 - CLIENT] - INFO - Sent reply
2025-03-31 13:55:27 - [Cluster 0 - CLIENT] - INFO - [Store 418] Evaluation - Loss: 0.2927, MAE: 0.3709
2025-03-31 13:55:27 - [Cluster 0 - CLIENT] - INFO - [Store 313] Evaluation - Loss: 0.2230, MAE: 0.3196
2025-03-31 13:55:27 - [Cluster 0 - CLIENT] - INFO - Sent reply
2025-03-31 13:55:27 - [Cluster 0 - CLIENT] - INFO - [Store 588] Evaluation - Loss: 0.2288, MAE: 0.2939
2025-03-31 13:55:27 - [Cluster 0 - CLIENT] - INFO - [Store 47] Evaluation - Loss: 0.2716, MAE: 0.3222
2025-03-31 13:55:27 - [Cluster 0 - CLIENT] - INFO - Sent reply
2025-03-31 13:55:27 - [Cluster 0 - CLIENT] - INFO - Sent reply
2025-03-31 13:55:27 - [Cluster 0 - CLIENT] - INFO - 
2025-03-31 13:55:27 - [Cluster 0 - CLIENT] - INFO - Received: evaluate message 848a64d6-dc35-4463-b3ca-2db94cb31b1b
2025-03-31 13:55:27 - [Cluster 0 - CLIENT] - INFO - 
2025-03-31 13:55:27 - [Cluster 0 - CLIENT] - INFO - Received: evaluate message 441649da-e2a5-4ec2-88ea-f69ac660e581
2025-03-31 13:55:27 - [Cluster 0 - CLIENT] - INFO - Sent reply
2025-03-31 13:55:27 - [Cluster 0 - CLIENT] - INFO - 
2025-03-31 13:55:27 - [Cluster 0 - CLIENT] - INFO - Received: evaluate message 65521c87-a9d7-4050-8858-400e78dabc64
2025-03-31 13:55:27 - [Cluster 0 - CLIENT] - INFO - 
2025-03-31 13:55:27 - [Cluster 0 - CLIENT] - INFO - Received: evaluate message 078d0db5-487d-4589-a479-4eaf1db4bc58
2025-03-31 13:55:27 - [Cluster 0 - CLIENT] - INFO - 
2025-03-31 13:55:27 - [Cluster 0 - CLIENT] - INFO - Received: evaluate message 4f4f34d4-c559-47f4-85bb-e32848d33a2f
2025-03-31 13:55:27 - [Cluster 0 - CLIENT] - INFO - [Store 811] Evaluation - Loss: 0.2094, MAE: 0.2840
2025-03-31 13:55:27 - [Cluster 0 - CLIENT] - INFO - Sent reply
2025-03-31 13:55:27 - [Cluster 0 - CLIENT] - INFO - [Store 592] Evaluation - Loss: 0.2171, MAE: 0.3239
2025-03-31 13:55:27 - [Cluster 0 - CLIENT] - INFO - Sent reply
2025-03-31 13:55:27 - [Cluster 0 - CLIENT] - INFO - 
2025-03-31 13:55:28 - [Cluster 0 - CLIENT] - INFO - Received: evaluate message 83b00f32-289c-4bc6-8b06-6b2c93696bce
2025-03-31 13:55:28 - [Cluster 0 - CLIENT] - INFO - [Store 1048] Evaluation - Loss: 0.3502, MAE: 0.3833
2025-03-31 13:55:28 - [Cluster 0 - CLIENT] - INFO - 
2025-03-31 13:55:28 - [Cluster 0 - CLIENT] - INFO - Received: evaluate message 333cf534-e3a6-46f2-b19d-ff0c1d43c5cf
2025-03-31 13:55:28 - [Cluster 0 - CLIENT] - INFO - Sent reply
2025-03-31 13:55:28 - [Cluster 0 - CLIENT] - INFO - [Store 257] Evaluation - Loss: 0.2080, MAE: 0.2798
2025-03-31 13:55:28 - [Cluster 0 - CLIENT] - INFO - Sent reply
2025-03-31 13:55:28 - [Cluster 0 - CLIENT] - INFO - 
2025-03-31 13:55:28 - [Cluster 0 - CLIENT] - INFO - Received: evaluate message 45da49b3-1517-40e2-9dc4-e2e747376eb1
2025-03-31 13:55:28 - [Cluster 0 - CLIENT] - INFO - 
2025-03-31 13:55:28 - [Cluster 0 - CLIENT] - INFO - Received: evaluate message e630ac47-334f-4e25-83b2-b6b2511767b9
2025-03-31 13:55:28 - [Cluster 0 - CLIENT] - INFO - [Store 329] Evaluation - Loss: 0.2311, MAE: 0.3291
2025-03-31 13:55:28 - [Cluster 0 - CLIENT] - INFO - Sent reply
2025-03-31 13:55:28 - [Cluster 0 - CLIENT] - INFO - 
2025-03-31 13:55:28 - [Cluster 0 - CLIENT] - INFO - Received: evaluate message 43a3a59d-6b6f-4592-8fcb-2166c769ce28
2025-03-31 13:55:28 - [Cluster 0 - CLIENT] - INFO - [Store 857] Evaluation - Loss: 0.4037, MAE: 0.4310
2025-03-31 13:55:28 - [Cluster 0 - CLIENT] - INFO - Sent reply
2025-03-31 13:55:28 - [Cluster 0 - CLIENT] - INFO - [Store 242] Evaluation - Loss: 0.2442, MAE: 0.3642
2025-03-31 13:55:28 - [Cluster 0 - CLIENT] - INFO - Sent reply
2025-03-31 13:55:28 - [Cluster 0 - CLIENT] - INFO - 
2025-03-31 13:55:28 - [Cluster 0 - CLIENT] - INFO - Received: evaluate message 6f2a9698-4f95-476f-b015-907498a5006a
2025-03-31 13:55:28 - [Cluster 0 - CLIENT] - INFO - 
2025-03-31 13:55:28 - [Cluster 0 - CLIENT] - INFO - Received: evaluate message afec00f1-7eaa-44db-a200-fdce02411b7d
2025-03-31 13:55:28 - [Cluster 0 - CLIENT] - INFO - [Store 91] Evaluation - Loss: 0.2784, MAE: 0.3708
2025-03-31 13:55:28 - [Cluster 0 - CLIENT] - INFO - Sent reply
2025-03-31 13:55:28 - [Cluster 0 - CLIENT] - INFO - [Store 451] Evaluation - Loss: 0.2924, MAE: 0.3473
2025-03-31 13:55:28 - [Cluster 0 - CLIENT] - INFO - Sent reply
2025-03-31 13:55:28 - [Cluster 0 - CLIENT] - INFO - 
2025-03-31 13:55:28 - [Cluster 0 - CLIENT] - INFO - Received: evaluate message bc7a6058-c063-49f6-836d-42ed621e337b
2025-03-31 13:55:28 - [Cluster 0 - CLIENT] - INFO - 
2025-03-31 13:55:28 - [Cluster 0 - CLIENT] - INFO - Received: evaluate message 7655561e-b822-41bf-b0de-c1881a12efab
2025-03-31 13:55:28 - [Cluster 0 - CLIENT] - INFO - [Store 848] Evaluation - Loss: 0.1978, MAE: 0.2986
2025-03-31 13:55:28 - [Cluster 0 - CLIENT] - INFO - Sent reply
2025-03-31 13:55:29 - [Cluster 0 - CLIENT] - INFO - [Store 328] Evaluation - Loss: 0.2125, MAE: 0.3019
2025-03-31 13:55:29 - [Cluster 0 - CLIENT] - INFO - Sent reply
2025-03-31 13:55:29 - [Cluster 0 - CLIENT] - INFO - [Store 142] Evaluation - Loss: 0.2499, MAE: 0.2996
2025-03-31 13:55:29 - [Cluster 0 - CLIENT] - INFO - Sent reply
2025-03-31 13:55:29 - [Cluster 0 - CLIENT] - INFO - [Store 590] Evaluation - Loss: 0.3059, MAE: 0.3730
2025-03-31 13:55:29 - [Cluster 0 - CLIENT] - INFO - [Store 314] Evaluation - Loss: 0.1947, MAE: 0.2857
2025-03-31 13:55:29 - [Cluster 0 - CLIENT] - INFO - Sent reply
2025-03-31 13:55:29 - [Cluster 0 - CLIENT] - INFO - Sent reply
2025-03-31 13:55:29 - [Cluster 0 - CLIENT] - INFO - [Store 689] Evaluation - Loss: 0.1968, MAE: 0.2783
2025-03-31 13:55:29 - [Cluster 0 - CLIENT] - INFO - Sent reply
2025-03-31 13:55:29 - [Cluster 0 - CLIENT] - INFO - [Store 529] Evaluation - Loss: 0.2301, MAE: 0.2937
2025-03-31 13:55:29 - [Cluster 0 - CLIENT] - INFO - Sent reply
2025-03-31 13:55:29 - [Cluster 0 - CLIENT] - INFO - [Store 639] Evaluation - Loss: 0.1969, MAE: 0.3018
2025-03-31 13:55:29 - [Cluster 0 - CLIENT] - INFO - Sent reply
2025-03-31 13:55:29 - [Cluster 0 - CLIENT] - INFO - [Store 812] Evaluation - Loss: 0.1923, MAE: 0.2903
2025-03-31 13:55:29 - [Cluster 0 - CLIENT] - INFO - [Store 300] Evaluation - Loss: 0.3454, MAE: 0.3942
2025-03-31 13:55:29 - [Cluster 0 - CLIENT] - INFO - Sent reply
2025-03-31 13:55:29 - [Cluster 0 - CLIENT] - INFO - Sent reply
2025-03-31 13:55:29 - [Cluster 0 - CLIENT] - INFO - [Store 447] Evaluation - Loss: 0.2399, MAE: 0.2913
2025-03-31 13:55:29 - [Cluster 0 - CLIENT] - INFO - [Store 111] Evaluation - Loss: 0.2384, MAE: 0.3278
2025-03-31 13:55:29 - [Cluster 0 - CLIENT] - INFO - Sent reply
2025-03-31 13:55:29 - [Cluster 0 - CLIENT] - INFO - Sent reply
2025-03-31 13:55:29 - [Cluster 0 - CLIENT] - INFO - [Store 327] Evaluation - Loss: 0.2524, MAE: 0.3242
2025-03-31 13:55:29 - [Cluster 0 - CLIENT] - INFO - Sent reply
2025-03-31 13:55:29 - [Cluster 0 - CLIENT] - INFO - [Store 489] Evaluation - Loss: 0.2112, MAE: 0.3435
2025-03-31 13:55:29 - [Cluster 0 - CLIENT] - INFO - Sent reply
2025-03-31 13:55:29 - [Cluster 0 - CLIENT] - INFO - [Store 201] Evaluation - Loss: 0.2759, MAE: 0.3589
2025-03-31 13:55:29 - [Cluster 0 - CLIENT] - INFO - Sent reply
2025-03-31 13:55:29 - [Cluster 0 - CLIENT] - INFO - 
2025-03-31 13:55:29 - [Cluster 0 - CLIENT] - INFO - Received: train message 93fbcc99-d415-4a1e-a709-0e16dde896ad
2025-03-31 13:55:29 - [Cluster 0 - CLIENT] - INFO - 
2025-03-31 13:55:29 - [Cluster 0 - CLIENT] - INFO - Received: train message 64f6a05d-1776-44db-a49c-980da934abd7
2025-03-31 13:55:29 - [Cluster 0 - CLIENT] - INFO - 
2025-03-31 13:55:29 - [Cluster 0 - CLIENT] - INFO - Received: train message f0250f0b-6d61-4cde-b852-be4a75e57744
2025-03-31 13:55:29 - [Cluster 0 - CLIENT] - INFO - [Store 689] Starting local training.
2025-03-31 13:55:29 - [Cluster 0 - CLIENT] - INFO - 
2025-03-31 13:55:29 - [Cluster 0 - CLIENT] - INFO - Received: train message 7d060c29-22ba-49d0-9ef1-abc89fce5c9e
2025-03-31 13:55:29 - [Cluster 0 - CLIENT] - INFO - [Store 447] Starting local training.
2025-03-31 13:55:29 - [Cluster 0 - CLIENT] - INFO - 
2025-03-31 13:55:29 - [Cluster 0 - CLIENT] - INFO - Received: train message 8c6d7199-1448-4e8f-ab1a-93b231b262bb
2025-03-31 13:55:29 - [Cluster 0 - CLIENT] - INFO - 
2025-03-31 13:55:29 - [Cluster 0 - CLIENT] - INFO - Received: train message 790cbba9-d1b7-48ba-a29d-417db97caa52
2025-03-31 13:55:29 - [Cluster 0 - CLIENT] - INFO - 
2025-03-31 13:55:29 - [Cluster 0 - CLIENT] - INFO - Received: train message f5677452-c372-4129-aa00-b29836f84c59
2025-03-31 13:55:29 - [Cluster 0 - CLIENT] - INFO - 
2025-03-31 13:55:29 - [Cluster 0 - CLIENT] - INFO - Received: train message bd728f36-5871-496e-854f-de74ee0dc5b3
2025-03-31 13:55:29 - [Cluster 0 - CLIENT] - INFO - 
2025-03-31 13:55:29 - [Cluster 0 - CLIENT] - INFO - Received: train message a3f3c8b3-b480-4546-bc19-cd5cf8218a83
2025-03-31 13:55:29 - [Cluster 0 - CLIENT] - INFO - [Store 639] Starting local training.
2025-03-31 13:55:29 - [Cluster 0 - CLIENT] - INFO - 
2025-03-31 13:55:29 - [Cluster 0 - CLIENT] - INFO - Received: train message 382528e7-2ed1-4f8f-82df-46de7b66bb68
2025-03-31 13:55:29 - [Cluster 0 - CLIENT] - INFO - 
2025-03-31 13:55:29 - [Cluster 0 - CLIENT] - INFO - Received: train message 45dc050f-915b-459e-9727-ff18f9cfab65
2025-03-31 13:55:29 - [Cluster 0 - CLIENT] - INFO - 
2025-03-31 13:55:29 - [Cluster 0 - CLIENT] - INFO - Received: train message 628d18b6-cef0-4e9e-9234-095e496f414c
2025-03-31 13:55:29 - [Cluster 0 - CLIENT] - INFO - [Store 75] Starting local training.
2025-03-31 13:55:29 - [Cluster 0 - CLIENT] - INFO - [Store 451] Starting local training.
2025-03-31 13:55:29 - [Cluster 0 - CLIENT] - INFO - 
2025-03-31 13:55:29 - [Cluster 0 - CLIENT] - INFO - Received: train message 47f56502-2014-4fd7-ad16-2f19c683723c
2025-03-31 13:55:29 - [Cluster 0 - CLIENT] - INFO - [Store 592] Starting local training.
2025-03-31 13:55:29 - [Cluster 0 - CLIENT] - INFO - [Store 1048] Starting local training.
2025-03-31 13:55:29 - [Cluster 0 - CLIENT] - INFO - [Store 848] Starting local training.
2025-03-31 13:55:29 - [Cluster 0 - CLIENT] - INFO - 
2025-03-31 13:55:29 - [Cluster 0 - CLIENT] - INFO - Received: train message 580d9531-942f-4966-8392-4978ed7870cb
2025-03-31 13:55:29 - [Cluster 0 - CLIENT] - INFO - [Store 314] Starting local training.
2025-03-31 13:55:29 - [Cluster 0 - CLIENT] - INFO - [Store 329] Starting local training.
2025-03-31 13:55:29 - [Cluster 0 - CLIENT] - INFO - [Store 313] Starting local training.
2025-03-31 13:55:29 - [Cluster 0 - CLIENT] - INFO - [Store 294] Starting local training.
2025-03-31 13:55:29 - [Cluster 0 - CLIENT] - INFO - [Store 812] Starting local training.
2025-03-31 13:55:29 - [Cluster 0 - CLIENT] - INFO - 
2025-03-31 13:55:29 - [Cluster 0 - CLIENT] - INFO - Received: train message 2836644f-def0-4712-a8cb-c84f17217a50
2025-03-31 13:55:29 - [Cluster 0 - CLIENT] - INFO - [Store 111] Starting local training.
2025-03-31 13:55:29 - [Cluster 0 - CLIENT] - INFO - [Store 489] Starting local training.
2025-03-31 13:58:54 - [Cluster 0 - CLIENT] - INFO - [Store 451] Local training complete.
2025-03-31 13:58:54 - [Cluster 0 - CLIENT] - INFO - Sent reply
2025-03-31 13:58:54 - [Cluster 0 - CLIENT] - INFO - [Store 314] Local training complete.
2025-03-31 13:58:54 - [Cluster 0 - CLIENT] - INFO - 
2025-03-31 13:58:54 - [Cluster 0 - CLIENT] - INFO - Received: train message d7ae94c3-70e7-4cca-9139-1d8bf791b5ff
2025-03-31 13:58:55 - [Cluster 0 - CLIENT] - INFO - [Store 327] Starting local training.
2025-03-31 13:58:55 - [Cluster 0 - CLIENT] - INFO - Sent reply
2025-03-31 13:58:55 - [Cluster 0 - CLIENT] - INFO - 
2025-03-31 13:58:55 - [Cluster 0 - CLIENT] - INFO - Received: train message 39f4690a-a837-40a7-b661-6d41a52e3755
2025-03-31 13:58:55 - [Cluster 0 - CLIENT] - INFO - [Store 142] Starting local training.
2025-03-31 13:58:57 - [Cluster 0 - CLIENT] - INFO - [Store 848] Local training complete.
2025-03-31 13:58:57 - [Cluster 0 - CLIENT] - INFO - Sent reply
2025-03-31 13:58:57 - [Cluster 0 - CLIENT] - INFO - 
2025-03-31 13:58:57 - [Cluster 0 - CLIENT] - INFO - Received: train message 6a44998d-fd75-4287-8404-82b6d0b9c44e
2025-03-31 13:58:57 - [Cluster 0 - CLIENT] - INFO - [Store 811] Starting local training.
2025-03-31 13:58:57 - [Cluster 0 - CLIENT] - INFO - [Store 329] Local training complete.
2025-03-31 13:58:57 - [Cluster 0 - CLIENT] - INFO - Sent reply
2025-03-31 13:58:58 - [Cluster 0 - CLIENT] - INFO - 
2025-03-31 13:58:58 - [Cluster 0 - CLIENT] - INFO - Received: train message 3733f8f1-b9de-4add-be00-15f39373676e
2025-03-31 13:58:58 - [Cluster 0 - CLIENT] - INFO - [Store 590] Starting local training.
2025-03-31 13:58:58 - [Cluster 0 - CLIENT] - INFO - [Store 592] Local training complete.
2025-03-31 13:58:59 - [Cluster 0 - CLIENT] - INFO - Sent reply
2025-03-31 13:58:59 - [Cluster 0 - CLIENT] - INFO - 
2025-03-31 13:58:59 - [Cluster 0 - CLIENT] - INFO - Received: train message 9d5d5221-fd03-4c5a-a2a4-151cab2a0067
2025-03-31 13:58:59 - [Cluster 0 - CLIENT] - INFO - [Store 201] Starting local training.
2025-03-31 13:58:59 - [Cluster 0 - CLIENT] - INFO - [Store 812] Local training complete.
2025-03-31 13:58:59 - [Cluster 0 - CLIENT] - INFO - Sent reply
2025-03-31 13:58:59 - [Cluster 0 - CLIENT] - INFO - 
2025-03-31 13:58:59 - [Cluster 0 - CLIENT] - INFO - Received: train message 56c6ccf4-fd4a-49a6-a311-90b4c3f57e89
2025-03-31 13:58:59 - [Cluster 0 - CLIENT] - INFO - [Store 588] Starting local training.
2025-03-31 13:58:59 - [Cluster 0 - CLIENT] - INFO - [Store 75] Local training complete.
2025-03-31 13:58:59 - [Cluster 0 - CLIENT] - INFO - Sent reply
2025-03-31 13:58:59 - [Cluster 0 - CLIENT] - INFO - 
2025-03-31 13:58:59 - [Cluster 0 - CLIENT] - INFO - Received: train message fb5acf44-edcc-41a8-a3db-9747643ce7c8
2025-03-31 13:59:00 - [Cluster 0 - CLIENT] - INFO - [Store 529] Starting local training.
2025-03-31 13:59:01 - [Cluster 0 - CLIENT] - INFO - [Store 689] Local training complete.
2025-03-31 13:59:01 - [Cluster 0 - CLIENT] - INFO - Sent reply
2025-03-31 13:59:01 - [Cluster 0 - CLIENT] - INFO - [Store 447] Local training complete.
2025-03-31 13:59:01 - [Cluster 0 - CLIENT] - INFO - 
2025-03-31 13:59:01 - [Cluster 0 - CLIENT] - INFO - Received: train message 0581c8b1-fbc6-4ecf-87c7-80c4dc90f6ce
2025-03-31 13:59:01 - [Cluster 0 - CLIENT] - INFO - Sent reply
2025-03-31 13:59:01 - [Cluster 0 - CLIENT] - INFO - [Store 47] Starting local training.
2025-03-31 13:59:01 - [Cluster 0 - CLIENT] - INFO - 
2025-03-31 13:59:01 - [Cluster 0 - CLIENT] - INFO - Received: train message c65269e3-eba2-41dd-8ef9-861580293542
2025-03-31 13:59:01 - [Cluster 0 - CLIENT] - INFO - [Store 300] Starting local training.
2025-03-31 13:59:02 - [Cluster 0 - CLIENT] - INFO - [Store 489] Local training complete.
2025-03-31 13:59:02 - [Cluster 0 - CLIENT] - INFO - Sent reply
2025-03-31 13:59:02 - [Cluster 0 - CLIENT] - INFO - 
2025-03-31 13:59:02 - [Cluster 0 - CLIENT] - INFO - Received: train message e3c5104b-0299-4dd7-b764-6120fa6b776b
2025-03-31 13:59:02 - [Cluster 0 - CLIENT] - INFO - [Store 91] Starting local training.
2025-03-31 13:59:02 - [Cluster 0 - CLIENT] - INFO - [Store 294] Local training complete.
2025-03-31 13:59:02 - [Cluster 0 - CLIENT] - INFO - Sent reply
2025-03-31 13:59:02 - [Cluster 0 - CLIENT] - INFO - 
2025-03-31 13:59:02 - [Cluster 0 - CLIENT] - INFO - Received: train message 39de2a6e-084b-423e-ab9c-c6e7c5f6bd85
2025-03-31 13:59:02 - [Cluster 0 - CLIENT] - INFO - [Store 257] Starting local training.
2025-03-31 13:59:05 - [Cluster 0 - CLIENT] - INFO - [Store 639] Local training complete.
2025-03-31 13:59:05 - [Cluster 0 - CLIENT] - INFO - Sent reply
2025-03-31 13:59:05 - [Cluster 0 - CLIENT] - INFO - 
2025-03-31 13:59:05 - [Cluster 0 - CLIENT] - INFO - Received: train message bd556957-d82c-4233-b0fd-5953885ce364
2025-03-31 13:59:05 - [Cluster 0 - CLIENT] - INFO - [Store 418] Starting local training.
2025-03-31 13:59:07 - [Cluster 0 - CLIENT] - INFO - [Store 1048] Local training complete.
2025-03-31 13:59:08 - [Cluster 0 - CLIENT] - INFO - Sent reply
2025-03-31 13:59:08 - [Cluster 0 - CLIENT] - INFO - 
2025-03-31 13:59:08 - [Cluster 0 - CLIENT] - INFO - Received: train message b6f009c9-da3e-4e62-bef8-3f051fa61ef2
2025-03-31 13:59:08 - [Cluster 0 - CLIENT] - INFO - [Store 242] Starting local training.
2025-03-31 13:59:15 - [Cluster 0 - CLIENT] - INFO - [Store 111] Local training complete.
2025-03-31 13:59:15 - [Cluster 0 - CLIENT] - INFO - Sent reply
2025-03-31 13:59:15 - [Cluster 0 - CLIENT] - INFO - 
2025-03-31 13:59:15 - [Cluster 0 - CLIENT] - INFO - Received: train message 819b4c4c-52ee-413d-9bbf-0c0e63f9bec2
2025-03-31 13:59:15 - [Cluster 0 - CLIENT] - INFO - [Store 857] Starting local training.
2025-03-31 13:59:19 - [Cluster 0 - CLIENT] - INFO - [Store 313] Local training complete.
2025-03-31 13:59:19 - [Cluster 0 - CLIENT] - INFO - Sent reply
2025-03-31 13:59:19 - [Cluster 0 - CLIENT] - INFO - 
2025-03-31 13:59:19 - [Cluster 0 - CLIENT] - INFO - Received: train message a95d678a-a022-4381-ac4f-c734a9e33f67
2025-03-31 13:59:19 - [Cluster 0 - CLIENT] - INFO - [Store 328] Starting local training.
2025-03-31 14:02:19 - [Cluster 0 - CLIENT] - INFO - [Store 327] Local training complete.
2025-03-31 14:02:19 - [Cluster 0 - CLIENT] - INFO - Sent reply
2025-03-31 14:02:21 - [Cluster 0 - CLIENT] - INFO - [Store 201] Local training complete.
2025-03-31 14:02:21 - [Cluster 0 - CLIENT] - INFO - Sent reply
2025-03-31 14:02:23 - [Cluster 0 - CLIENT] - INFO - [Store 257] Local training complete.
2025-03-31 14:02:23 - [Cluster 0 - CLIENT] - INFO - Sent reply
2025-03-31 14:02:24 - [Cluster 0 - CLIENT] - INFO - [Store 529] Local training complete.
2025-03-31 14:02:24 - [Cluster 0 - CLIENT] - INFO - [Store 300] Local training complete.
2025-03-31 14:02:24 - [Cluster 0 - CLIENT] - INFO - Sent reply
2025-03-31 14:02:24 - [Cluster 0 - CLIENT] - INFO - Sent reply
2025-03-31 14:02:26 - [Cluster 0 - CLIENT] - INFO - [Store 91] Local training complete.
2025-03-31 14:02:26 - [Cluster 0 - CLIENT] - INFO - Sent reply
2025-03-31 14:02:26 - [Cluster 0 - CLIENT] - INFO - [Store 242] Local training complete.
2025-03-31 14:02:26 - [Cluster 0 - CLIENT] - INFO - Sent reply
2025-03-31 14:02:27 - [Cluster 0 - CLIENT] - INFO - [Store 47] Local training complete.
2025-03-31 14:02:27 - [Cluster 0 - CLIENT] - INFO - Sent reply
2025-03-31 14:02:29 - [Cluster 0 - CLIENT] - INFO - [Store 418] Local training complete.
2025-03-31 14:02:29 - [Cluster 0 - CLIENT] - INFO - Sent reply
2025-03-31 14:02:29 - [Cluster 0 - CLIENT] - INFO - [Store 142] Local training complete.
2025-03-31 14:02:30 - [Cluster 0 - CLIENT] - INFO - Sent reply
2025-03-31 14:02:30 - [Cluster 0 - CLIENT] - INFO - [Store 857] Local training complete.
2025-03-31 14:02:30 - [Cluster 0 - CLIENT] - INFO - Sent reply
2025-03-31 14:02:30 - [Cluster 0 - CLIENT] - INFO - [Store 590] Local training complete.
2025-03-31 14:02:30 - [Cluster 0 - CLIENT] - INFO - Sent reply
2025-03-31 14:02:30 - [Cluster 0 - CLIENT] - INFO - [Store 328] Local training complete.
2025-03-31 14:02:30 - [Cluster 0 - CLIENT] - INFO - Sent reply
2025-03-31 14:02:31 - [Cluster 0 - CLIENT] - INFO - [Store 811] Local training complete.
2025-03-31 14:02:31 - [Cluster 0 - CLIENT] - INFO - Sent reply
2025-03-31 14:02:31 - [Cluster 0 - CLIENT] - INFO - [Store 588] Local training complete.
2025-03-31 14:02:31 - [Cluster 0 - CLIENT] - INFO - Sent reply
2025-03-31 14:02:31 - [Cluster 0 - CLIENT] - INFO - 
2025-03-31 14:02:31 - [Cluster 0 - CLIENT] - INFO - Received: evaluate message bb60a70f-54d9-4c2c-916a-c8e0b74dc9e4
2025-03-31 14:02:31 - [Cluster 0 - CLIENT] - INFO - 
2025-03-31 14:02:31 - [Cluster 0 - CLIENT] - INFO - Received: evaluate message fa833e2c-a14c-4e27-a047-936ecb5155dd
2025-03-31 14:02:31 - [Cluster 0 - CLIENT] - INFO - 
2025-03-31 14:02:31 - [Cluster 0 - CLIENT] - INFO - Received: evaluate message c16be30f-067a-464f-8fa0-1ad72c54f019
2025-03-31 14:02:31 - [Cluster 0 - CLIENT] - INFO - 
2025-03-31 14:02:31 - [Cluster 0 - CLIENT] - INFO - 
2025-03-31 14:02:31 - [Cluster 0 - CLIENT] - INFO - Received: evaluate message 98ac9038-027d-49ad-a7b1-4ffadadc59e7
2025-03-31 14:02:31 - [Cluster 0 - CLIENT] - INFO - Received: evaluate message 6bca9c62-531b-4cb9-b61d-e7d24e3cf9c3
2025-03-31 14:02:31 - [Cluster 0 - CLIENT] - INFO - 
2025-03-31 14:02:31 - [Cluster 0 - CLIENT] - INFO - 
2025-03-31 14:02:31 - [Cluster 0 - CLIENT] - INFO - Received: evaluate message 4b8ec90d-f662-4fb8-a6b0-cd2839b88a5f
2025-03-31 14:02:31 - [Cluster 0 - CLIENT] - INFO - Received: evaluate message 9d41d354-d247-4ff5-8760-3c8dd0f6eb93
2025-03-31 14:02:31 - [Cluster 0 - CLIENT] - INFO - 
2025-03-31 14:02:31 - [Cluster 0 - CLIENT] - INFO - Received: evaluate message 72ff9e43-e017-4250-a6b8-a2aa843e2e93
2025-03-31 14:02:31 - [Cluster 0 - CLIENT] - INFO - 
2025-03-31 14:02:31 - [Cluster 0 - CLIENT] - INFO - Received: evaluate message 3c9ef6a0-ce09-478d-9be1-6e5bac4f49c8
2025-03-31 14:02:31 - [Cluster 0 - CLIENT] - INFO - 
2025-03-31 14:02:31 - [Cluster 0 - CLIENT] - INFO - Received: evaluate message 833823ca-5226-4e8b-9964-47118f29fbee
2025-03-31 14:02:31 - [Cluster 0 - CLIENT] - INFO - 
2025-03-31 14:02:31 - [Cluster 0 - CLIENT] - INFO - Received: evaluate message 9fd3505b-7c5b-440a-8a50-611a227e31b6
2025-03-31 14:02:31 - [Cluster 0 - CLIENT] - INFO - 
2025-03-31 14:02:31 - [Cluster 0 - CLIENT] - INFO - 
2025-03-31 14:02:31 - [Cluster 0 - CLIENT] - INFO - 
2025-03-31 14:02:31 - [Cluster 0 - CLIENT] - INFO - Received: evaluate message eb9464aa-01b8-45b0-ab9b-005661385ac7
2025-03-31 14:02:31 - [Cluster 0 - CLIENT] - INFO - Received: evaluate message 922bdc7b-6634-4e05-bb37-846a3add3d9b
2025-03-31 14:02:31 - [Cluster 0 - CLIENT] - INFO - Received: evaluate message 6bc23f61-9d57-4d01-a124-5cae1bb46782
2025-03-31 14:02:31 - [Cluster 0 - CLIENT] - INFO - 
2025-03-31 14:02:31 - [Cluster 0 - CLIENT] - INFO - Received: evaluate message 5461ed50-5a29-4e05-a030-666dd0a78e2a
2025-03-31 14:02:32 - [Cluster 0 - CLIENT] - INFO - [Store 418] Evaluation - Loss: 0.2803, MAE: 0.3441
2025-03-31 14:02:32 - [Cluster 0 - CLIENT] - INFO - Sent reply
2025-03-31 14:02:32 - [Cluster 0 - CLIENT] - INFO - 
2025-03-31 14:02:32 - [Cluster 0 - CLIENT] - INFO - Received: evaluate message d49373cc-e9a4-49c3-990f-c50a366e55c8
2025-03-31 14:02:32 - [Cluster 0 - CLIENT] - INFO - [Store 857] Evaluation - Loss: 0.4045, MAE: 0.4338
2025-03-31 14:02:32 - [Cluster 0 - CLIENT] - INFO - Sent reply
2025-03-31 14:02:32 - [Cluster 0 - CLIENT] - INFO - 
2025-03-31 14:02:32 - [Cluster 0 - CLIENT] - INFO - Received: evaluate message b8862df6-1f27-4537-b2c8-c2661f601793
2025-03-31 14:02:32 - [Cluster 0 - CLIENT] - INFO - [Store 328] Evaluation - Loss: 0.2027, MAE: 0.2740
2025-03-31 14:02:32 - [Cluster 0 - CLIENT] - INFO - Sent reply
2025-03-31 14:02:32 - [Cluster 0 - CLIENT] - INFO - 
2025-03-31 14:02:32 - [Cluster 0 - CLIENT] - INFO - Received: evaluate message 87c6801c-f41c-4a53-9fca-24e4548261ba
2025-03-31 14:02:32 - [Cluster 0 - CLIENT] - INFO - [Store 590] Evaluation - Loss: 0.3071, MAE: 0.3632
2025-03-31 14:02:32 - [Cluster 0 - CLIENT] - INFO - Sent reply
2025-03-31 14:02:32 - [Cluster 0 - CLIENT] - INFO - 
2025-03-31 14:02:32 - [Cluster 0 - CLIENT] - INFO - Received: evaluate message 6c2ee61e-f0ab-4435-9703-838256300b63
2025-03-31 14:02:32 - [Cluster 0 - CLIENT] - INFO - [Store 257] Evaluation - Loss: 0.1998, MAE: 0.2548
2025-03-31 14:02:32 - [Cluster 0 - CLIENT] - INFO - Sent reply
2025-03-31 14:02:32 - [Cluster 0 - CLIENT] - INFO - [Store 588] Evaluation - Loss: 0.2266, MAE: 0.2855
2025-03-31 14:02:32 - [Cluster 0 - CLIENT] - INFO - [Store 47] Evaluation - Loss: 0.2675, MAE: 0.3066
2025-03-31 14:02:32 - [Cluster 0 - CLIENT] - INFO - Sent reply
2025-03-31 14:02:32 - [Cluster 0 - CLIENT] - INFO - Sent reply
2025-03-31 14:02:32 - [Cluster 0 - CLIENT] - INFO - 
2025-03-31 14:02:32 - [Cluster 0 - CLIENT] - INFO - Received: evaluate message fe351cdb-1ccd-4a61-8cf0-104626ab5dd3
2025-03-31 14:02:32 - [Cluster 0 - CLIENT] - INFO - 
2025-03-31 14:02:32 - [Cluster 0 - CLIENT] - INFO - Received: evaluate message 63eee018-ce00-4c13-9d28-1107218d2634
2025-03-31 14:02:32 - [Cluster 0 - CLIENT] - INFO - 
2025-03-31 14:02:32 - [Cluster 0 - CLIENT] - INFO - Received: evaluate message 6b12b159-d8d2-497a-95e2-befe3f3a90f8
2025-03-31 14:02:32 - [Cluster 0 - CLIENT] - INFO - [Store 111] Evaluation - Loss: 0.2370, MAE: 0.3181
2025-03-31 14:02:32 - [Cluster 0 - CLIENT] - INFO - Sent reply
2025-03-31 14:02:32 - [Cluster 0 - CLIENT] - INFO - 
2025-03-31 14:02:32 - [Cluster 0 - CLIENT] - INFO - [Store 812] Evaluation - Loss: 0.1804, MAE: 0.2609
2025-03-31 14:02:32 - [Cluster 0 - CLIENT] - INFO - [Store 848] Evaluation - Loss: 0.1954, MAE: 0.2755
2025-03-31 14:02:32 - [Cluster 0 - CLIENT] - INFO - [Store 201] Evaluation - Loss: 0.2758, MAE: 0.3507
2025-03-31 14:02:32 - [Cluster 0 - CLIENT] - INFO - [Store 75] Evaluation - Loss: 0.2394, MAE: 0.3102
2025-03-31 14:02:32 - [Cluster 0 - CLIENT] - INFO - [Store 451] Evaluation - Loss: 0.2906, MAE: 0.3447
2025-03-31 14:02:32 - [Cluster 0 - CLIENT] - INFO - Received: evaluate message d2c8724e-7828-4cab-82b8-9d988685111f
2025-03-31 14:02:32 - [Cluster 0 - CLIENT] - INFO - Sent reply
2025-03-31 14:02:32 - [Cluster 0 - CLIENT] - INFO - Sent reply
2025-03-31 14:02:32 - [Cluster 0 - CLIENT] - INFO - Sent reply
2025-03-31 14:02:32 - [Cluster 0 - CLIENT] - INFO - Sent reply
2025-03-31 14:02:32 - [Cluster 0 - CLIENT] - INFO - Sent reply
2025-03-31 14:02:32 - [Cluster 0 - CLIENT] - INFO - 
2025-03-31 14:02:32 - [Cluster 0 - CLIENT] - INFO - Received: evaluate message da854cad-cd91-420f-ae2e-0ef3238c0cce
2025-03-31 14:02:32 - [Cluster 0 - CLIENT] - INFO - 
2025-03-31 14:02:32 - [Cluster 0 - CLIENT] - INFO - 
2025-03-31 14:02:32 - [Cluster 0 - CLIENT] - INFO - Received: evaluate message 689ab359-c386-46d5-8aca-385270961847
2025-03-31 14:02:32 - [Cluster 0 - CLIENT] - INFO - Received: evaluate message bcd930da-6fe5-4107-b3c7-1b92a54d6a3c
2025-03-31 14:02:32 - [Cluster 0 - CLIENT] - INFO - 
2025-03-31 14:02:32 - [Cluster 0 - CLIENT] - INFO - Received: evaluate message e52bc4bb-8b08-4cd1-8ef6-468862600744
2025-03-31 14:02:32 - [Cluster 0 - CLIENT] - INFO - 
2025-03-31 14:02:32 - [Cluster 0 - CLIENT] - INFO - Received: evaluate message 58d5d15c-f5c1-439a-8ac2-f45f55dbb965
2025-03-31 14:02:33 - [Cluster 0 - CLIENT] - INFO - [Store 1048] Evaluation - Loss: 0.3334, MAE: 0.3560
2025-03-31 14:02:33 - [Cluster 0 - CLIENT] - INFO - Sent reply
2025-03-31 14:02:33 - [Cluster 0 - CLIENT] - INFO - [Store 142] Evaluation - Loss: 0.2450, MAE: 0.2816
2025-03-31 14:02:33 - [Cluster 0 - CLIENT] - INFO - Sent reply
2025-03-31 14:02:33 - [Cluster 0 - CLIENT] - INFO - [Store 91] Evaluation - Loss: 0.2751, MAE: 0.3488
2025-03-31 14:02:33 - [Cluster 0 - CLIENT] - INFO - Sent reply
2025-03-31 14:02:33 - [Cluster 0 - CLIENT] - INFO - [Store 294] Evaluation - Loss: 0.2530, MAE: 0.3316
2025-03-31 14:02:33 - [Cluster 0 - CLIENT] - INFO - Sent reply
2025-03-31 14:02:33 - [Cluster 0 - CLIENT] - INFO - 
2025-03-31 14:02:33 - [Cluster 0 - CLIENT] - INFO - Received: evaluate message 4582c21f-a96f-4676-a9fd-b9fa435dcc71
2025-03-31 14:02:33 - [Cluster 0 - CLIENT] - INFO - 
2025-03-31 14:02:33 - [Cluster 0 - CLIENT] - INFO - Received: evaluate message 239f97d4-065d-4e7f-978c-0f1d952dd698
2025-03-31 14:02:33 - [Cluster 0 - CLIENT] - INFO - [Store 314] Evaluation - Loss: 0.1817, MAE: 0.2573
2025-03-31 14:02:33 - [Cluster 0 - CLIENT] - INFO - [Store 529] Evaluation - Loss: 0.2299, MAE: 0.2847
2025-03-31 14:02:33 - [Cluster 0 - CLIENT] - INFO - [Store 313] Evaluation - Loss: 0.2078, MAE: 0.2906
2025-03-31 14:02:33 - [Cluster 0 - CLIENT] - INFO - [Store 592] Evaluation - Loss: 0.2039, MAE: 0.2904
2025-03-31 14:02:33 - [Cluster 0 - CLIENT] - INFO - Sent reply
2025-03-31 14:02:33 - [Cluster 0 - CLIENT] - INFO - Sent reply
2025-03-31 14:02:33 - [Cluster 0 - CLIENT] - INFO - Sent reply
2025-03-31 14:02:33 - [Cluster 0 - CLIENT] - INFO - Sent reply
2025-03-31 14:02:33 - [Cluster 0 - CLIENT] - INFO - [Store 811] Evaluation - Loss: 0.2109, MAE: 0.2920
2025-03-31 14:02:33 - [Cluster 0 - CLIENT] - INFO - Sent reply
2025-03-31 14:02:33 - [Cluster 0 - CLIENT] - INFO - [Store 639] Evaluation - Loss: 0.1919, MAE: 0.2708
2025-03-31 14:02:33 - [Cluster 0 - CLIENT] - INFO - Sent reply
2025-03-31 14:02:33 - [Cluster 0 - CLIENT] - INFO - [Store 489] Evaluation - Loss: 0.1939, MAE: 0.3155
2025-03-31 14:02:33 - [Cluster 0 - CLIENT] - INFO - Sent reply
2025-03-31 14:02:33 - [Cluster 0 - CLIENT] - INFO - [Store 300] Evaluation - Loss: 0.3462, MAE: 0.3972
2025-03-31 14:02:33 - [Cluster 0 - CLIENT] - INFO - Sent reply
2025-03-31 14:02:33 - [Cluster 0 - CLIENT] - INFO - [Store 327] Evaluation - Loss: 0.2485, MAE: 0.3073
2025-03-31 14:02:33 - [Cluster 0 - CLIENT] - INFO - Sent reply
2025-03-31 14:02:33 - [Cluster 0 - CLIENT] - INFO - [Store 242] Evaluation - Loss: 0.2366, MAE: 0.3409
2025-03-31 14:02:33 - [Cluster 0 - CLIENT] - INFO - Sent reply
2025-03-31 14:02:33 - [Cluster 0 - CLIENT] - INFO - [Store 329] Evaluation - Loss: 0.2226, MAE: 0.3004
2025-03-31 14:02:33 - [Cluster 0 - CLIENT] - INFO - Sent reply
2025-03-31 14:02:33 - [Cluster 0 - CLIENT] - INFO - [Store 447] Evaluation - Loss: 0.2546, MAE: 0.3138
2025-03-31 14:02:33 - [Cluster 0 - CLIENT] - INFO - Sent reply
2025-03-31 14:02:33 - [Cluster 0 - CLIENT] - INFO - [Store 689] Evaluation - Loss: 0.1966, MAE: 0.2599
2025-03-31 14:02:33 - [Cluster 0 - CLIENT] - INFO - Sent reply
2025-03-31 14:02:33 - [Cluster 0 - CLIENT] - INFO - 
2025-03-31 14:02:33 - [Cluster 0 - CLIENT] - INFO - Received: train message e8870b01-a44b-4f21-b944-185b1f3433d6
2025-03-31 14:02:33 - [Cluster 0 - CLIENT] - INFO - 
2025-03-31 14:02:33 - [Cluster 0 - CLIENT] - INFO - Received: train message 2ae4ba39-db8e-4a82-b199-73b2e821e12a
2025-03-31 14:02:33 - [Cluster 0 - CLIENT] - INFO - [Store 592] Starting local training.
2025-03-31 14:02:33 - [Cluster 0 - CLIENT] - INFO - 
2025-03-31 14:02:33 - [Cluster 0 - CLIENT] - INFO - Received: train message fa6bc51e-9344-4e22-b54b-012085228104
2025-03-31 14:02:33 - [Cluster 0 - CLIENT] - INFO - 
2025-03-31 14:02:33 - [Cluster 0 - CLIENT] - INFO - Received: train message 175dc5c7-9545-43c0-9156-a7ddbf0e7fdd
2025-03-31 14:02:33 - [Cluster 0 - CLIENT] - INFO - [Store 811] Starting local training.
2025-03-31 14:02:33 - [Cluster 0 - CLIENT] - INFO - 
2025-03-31 14:02:33 - [Cluster 0 - CLIENT] - INFO - Received: train message 02804e04-1372-4784-8f88-558877ef2a28
2025-03-31 14:02:33 - [Cluster 0 - CLIENT] - INFO - 
2025-03-31 14:02:33 - [Cluster 0 - CLIENT] - INFO - Received: train message a9f79208-7418-4184-ae03-a685a770add3
2025-03-31 14:02:33 - [Cluster 0 - CLIENT] - INFO - [Store 314] Starting local training.
2025-03-31 14:02:33 - [Cluster 0 - CLIENT] - INFO - 
2025-03-31 14:02:33 - [Cluster 0 - CLIENT] - INFO - Received: train message 85221165-2021-4ac2-8a41-1d6b6368d729
2025-03-31 14:02:33 - [Cluster 0 - CLIENT] - INFO - 
2025-03-31 14:02:33 - [Cluster 0 - CLIENT] - INFO - Received: train message a32c19d0-0bc0-491c-be6f-e3aa9d3f58c2
2025-03-31 14:02:33 - [Cluster 0 - CLIENT] - INFO - 
2025-03-31 14:02:33 - [Cluster 0 - CLIENT] - INFO - Received: train message 3c9616a0-b719-4623-9bc4-508136f5db8b
2025-03-31 14:02:33 - [Cluster 0 - CLIENT] - INFO - [Store 242] Starting local training.
2025-03-31 14:02:33 - [Cluster 0 - CLIENT] - INFO - [Store 489] Starting local training.
2025-03-31 14:02:33 - [Cluster 0 - CLIENT] - INFO - 
2025-03-31 14:02:33 - [Cluster 0 - CLIENT] - INFO - Received: train message fc9f2594-8353-4222-9c81-7085fb5ea685
2025-03-31 14:02:33 - [Cluster 0 - CLIENT] - INFO - 
2025-03-31 14:02:33 - [Cluster 0 - CLIENT] - INFO - Received: train message fa5e7c9d-90ee-4892-9f47-50bb8702b454
2025-03-31 14:02:33 - [Cluster 0 - CLIENT] - INFO - 
2025-03-31 14:02:33 - [Cluster 0 - CLIENT] - INFO - Received: train message d9d01e67-a744-4b3b-8194-751ba628f0d4
2025-03-31 14:02:33 - [Cluster 0 - CLIENT] - INFO - 
2025-03-31 14:02:33 - [Cluster 0 - CLIENT] - INFO - Received: train message 67706620-3aff-46b5-bc11-8ad3cbacdee3
2025-03-31 14:02:33 - [Cluster 0 - CLIENT] - INFO - 
2025-03-31 14:02:33 - [Cluster 0 - CLIENT] - INFO - Received: train message 76c35c78-fc43-40b6-a013-a961c5cb31a9
2025-03-31 14:02:33 - [Cluster 0 - CLIENT] - INFO - 
2025-03-31 14:02:33 - [Cluster 0 - CLIENT] - INFO - Received: train message d3bf5cf4-4254-4ed2-8cf9-a4541a6b2685
2025-03-31 14:02:33 - [Cluster 0 - CLIENT] - INFO - [Store 848] Starting local training.
2025-03-31 14:02:33 - [Cluster 0 - CLIENT] - INFO - [Store 201] Starting local training.
2025-03-31 14:02:33 - [Cluster 0 - CLIENT] - INFO - [Store 451] Starting local training.
2025-03-31 14:02:33 - [Cluster 0 - CLIENT] - INFO - [Store 47] Starting local training.
2025-03-31 14:02:33 - [Cluster 0 - CLIENT] - INFO - [Store 294] Starting local training.
2025-03-31 14:02:33 - [Cluster 0 - CLIENT] - INFO - [Store 447] Starting local training.
2025-03-31 14:02:33 - [Cluster 0 - CLIENT] - INFO - [Store 812] Starting local training.
2025-03-31 14:02:33 - [Cluster 0 - CLIENT] - INFO - [Store 257] Starting local training.
2025-03-31 14:02:33 - [Cluster 0 - CLIENT] - INFO - [Store 328] Starting local training.
2025-03-31 14:02:33 - [Cluster 0 - CLIENT] - INFO - [Store 857] Starting local training.
2025-03-31 14:05:42 - [Cluster 0 - CLIENT] - INFO - [Store 257] Local training complete.
2025-03-31 14:05:42 - [Cluster 0 - CLIENT] - INFO - Sent reply
2025-03-31 14:05:42 - [Cluster 0 - CLIENT] - INFO - 
2025-03-31 14:05:42 - [Cluster 0 - CLIENT] - INFO - Received: train message 4ac45e58-f1a4-4691-a235-63f102727513
2025-03-31 14:05:42 - [Cluster 0 - CLIENT] - INFO - [Store 329] Starting local training.
2025-03-31 14:05:43 - [Cluster 0 - CLIENT] - INFO - [Store 857] Local training complete.
2025-03-31 14:05:44 - [Cluster 0 - CLIENT] - INFO - Sent reply
2025-03-31 14:05:44 - [Cluster 0 - CLIENT] - INFO - 
2025-03-31 14:05:44 - [Cluster 0 - CLIENT] - INFO - Received: train message bf00e9be-589a-4059-8f13-82227f09ed87
2025-03-31 14:05:44 - [Cluster 0 - CLIENT] - INFO - [Store 588] Starting local training.
2025-03-31 14:05:44 - [Cluster 0 - CLIENT] - INFO - [Store 451] Local training complete.
2025-03-31 14:05:44 - [Cluster 0 - CLIENT] - INFO - Sent reply
2025-03-31 14:05:44 - [Cluster 0 - CLIENT] - INFO - 
2025-03-31 14:05:44 - [Cluster 0 - CLIENT] - INFO - Received: train message 097884e0-0ebf-45f4-b143-7d9f1ef79251
2025-03-31 14:05:44 - [Cluster 0 - CLIENT] - INFO - [Store 529] Starting local training.
2025-03-31 14:05:45 - [Cluster 0 - CLIENT] - INFO - [Store 201] Local training complete.
2025-03-31 14:05:45 - [Cluster 0 - CLIENT] - INFO - Sent reply
2025-03-31 14:05:45 - [Cluster 0 - CLIENT] - INFO - [Store 314] Local training complete.
2025-03-31 14:05:45 - [Cluster 0 - CLIENT] - INFO - 
2025-03-31 14:05:45 - [Cluster 0 - CLIENT] - INFO - Received: train message ef4d0b02-bbe0-4521-a952-7ea3cf7db325
2025-03-31 14:05:45 - [Cluster 0 - CLIENT] - INFO - Sent reply
2025-03-31 14:05:45 - [Cluster 0 - CLIENT] - INFO - [Store 142] Starting local training.
2025-03-31 14:05:45 - [Cluster 0 - CLIENT] - INFO - 
2025-03-31 14:05:45 - [Cluster 0 - CLIENT] - INFO - Received: train message efdd756b-99e6-4aba-ad67-f607fd2f75b5
2025-03-31 14:05:45 - [Cluster 0 - CLIENT] - INFO - [Store 1048] Starting local training.
2025-03-31 14:05:45 - [Cluster 0 - CLIENT] - INFO - [Store 848] Local training complete.
2025-03-31 14:05:45 - [Cluster 0 - CLIENT] - INFO - Sent reply
2025-03-31 14:05:45 - [Cluster 0 - CLIENT] - INFO - 
2025-03-31 14:05:45 - [Cluster 0 - CLIENT] - INFO - Received: train message 45f946a2-5603-43bc-8ce8-7dc98d775ab8
2025-03-31 14:05:46 - [Cluster 0 - CLIENT] - INFO - [Store 111] Starting local training.
2025-03-31 14:05:46 - [Cluster 0 - CLIENT] - INFO - [Store 812] Local training complete.
2025-03-31 14:05:46 - [Cluster 0 - CLIENT] - INFO - Sent reply
2025-03-31 14:05:46 - [Cluster 0 - CLIENT] - INFO - 
2025-03-31 14:05:46 - [Cluster 0 - CLIENT] - INFO - Received: train message f4f92893-415c-4897-9203-1be7e14db7f8
2025-03-31 14:05:46 - [Cluster 0 - CLIENT] - INFO - [Store 313] Starting local training.
2025-03-31 14:05:46 - [Cluster 0 - CLIENT] - INFO - [Store 242] Local training complete.
2025-03-31 14:05:46 - [Cluster 0 - CLIENT] - INFO - Sent reply
2025-03-31 14:05:46 - [Cluster 0 - CLIENT] - INFO - 
2025-03-31 14:05:46 - [Cluster 0 - CLIENT] - INFO - Received: train message 916b05ed-0ec4-43a1-ac3a-c360ade24aa4
2025-03-31 14:05:47 - [Cluster 0 - CLIENT] - INFO - [Store 811] Local training complete.
2025-03-31 14:05:47 - [Cluster 0 - CLIENT] - INFO - [Store 639] Starting local training.
2025-03-31 14:05:47 - [Cluster 0 - CLIENT] - INFO - [Store 592] Local training complete.
2025-03-31 14:05:47 - [Cluster 0 - CLIENT] - INFO - Sent reply
2025-03-31 14:05:47 - [Cluster 0 - CLIENT] - INFO - 
2025-03-31 14:05:47 - [Cluster 0 - CLIENT] - INFO - Received: train message 45996cb1-fe43-4a32-9f57-5e6b397f8e97
2025-03-31 14:05:47 - [Cluster 0 - CLIENT] - INFO - [Store 418] Starting local training.
2025-03-31 14:05:47 - [Cluster 0 - CLIENT] - INFO - [Store 447] Local training complete.
2025-03-31 14:05:47 - [Cluster 0 - CLIENT] - INFO - Sent reply
2025-03-31 14:05:47 - [Cluster 0 - CLIENT] - INFO - 
2025-03-31 14:05:47 - [Cluster 0 - CLIENT] - INFO - Received: train message 561db417-f241-4d5e-861d-977b76aad5f6
2025-03-31 14:05:47 - [Cluster 0 - CLIENT] - INFO - [Store 689] Starting local training.
2025-03-31 14:05:47 - [Cluster 0 - CLIENT] - INFO - Sent reply
2025-03-31 14:05:47 - [Cluster 0 - CLIENT] - INFO - 
2025-03-31 14:05:47 - [Cluster 0 - CLIENT] - INFO - Received: train message 17a52cd4-5613-40cc-af9f-1d0e5da136b5
2025-03-31 14:05:47 - [Cluster 0 - CLIENT] - INFO - [Store 91] Starting local training.
2025-03-31 14:05:47 - [Cluster 0 - CLIENT] - INFO - [Store 294] Local training complete.
2025-03-31 14:05:47 - [Cluster 0 - CLIENT] - INFO - Sent reply
2025-03-31 14:05:47 - [Cluster 0 - CLIENT] - INFO - 
2025-03-31 14:05:47 - [Cluster 0 - CLIENT] - INFO - Received: train message 05e83d61-5b7d-41ef-94a2-63dfec6d9fce
2025-03-31 14:05:47 - [Cluster 0 - CLIENT] - INFO - [Store 75] Starting local training.
2025-03-31 14:05:47 - [Cluster 0 - CLIENT] - INFO - [Store 328] Local training complete.
2025-03-31 14:05:48 - [Cluster 0 - CLIENT] - INFO - 
2025-03-31 14:05:48 - [Cluster 0 - CLIENT] - INFO - Received: train message da5e0df3-edbb-40b7-a1b9-304a54b9214c
2025-03-31 14:05:48 - [Cluster 0 - CLIENT] - INFO - Sent reply
2025-03-31 14:05:48 - [Cluster 0 - CLIENT] - INFO - [Store 590] Starting local training.
2025-03-31 14:05:48 - [Cluster 0 - CLIENT] - INFO - [Store 47] Local training complete.
2025-03-31 14:05:48 - [Cluster 0 - CLIENT] - INFO - Sent reply
2025-03-31 14:05:48 - [Cluster 0 - CLIENT] - INFO - 
2025-03-31 14:05:48 - [Cluster 0 - CLIENT] - INFO - Received: train message eebb21f7-b5fc-4c11-abb7-205cb762ad7e
2025-03-31 14:05:48 - [Cluster 0 - CLIENT] - INFO - [Store 327] Starting local training.
2025-03-31 14:05:48 - [Cluster 0 - CLIENT] - INFO - [Store 489] Local training complete.
2025-03-31 14:05:48 - [Cluster 0 - CLIENT] - INFO - Sent reply
2025-03-31 14:05:48 - [Cluster 0 - CLIENT] - INFO - 
2025-03-31 14:05:49 - [Cluster 0 - CLIENT] - INFO - Received: train message 9657f4d6-942c-4045-a440-c120d628329b
2025-03-31 14:05:49 - [Cluster 0 - CLIENT] - INFO - [Store 300] Starting local training.
2025-03-31 14:09:02 - [Cluster 0 - CLIENT] - INFO - [Store 329] Local training complete.
2025-03-31 14:09:02 - [Cluster 0 - CLIENT] - INFO - Sent reply
2025-03-31 14:09:03 - [Cluster 0 - CLIENT] - INFO - [Store 529] Local training complete.
2025-03-31 14:09:03 - [Cluster 0 - CLIENT] - INFO - Sent reply
2025-03-31 14:09:04 - [Cluster 0 - CLIENT] - INFO - [Store 111] Local training complete.
2025-03-31 14:09:05 - [Cluster 0 - CLIENT] - INFO - Sent reply
2025-03-31 14:09:05 - [Cluster 0 - CLIENT] - INFO - [Store 588] Local training complete.
2025-03-31 14:09:05 - [Cluster 0 - CLIENT] - INFO - Sent reply
2025-03-31 14:09:05 - [Cluster 0 - CLIENT] - INFO - [Store 1048] Local training complete.
2025-03-31 14:09:05 - [Cluster 0 - CLIENT] - INFO - Sent reply
2025-03-31 14:09:06 - [Cluster 0 - CLIENT] - INFO - [Store 142] Local training complete.
2025-03-31 14:09:06 - [Cluster 0 - CLIENT] - INFO - Sent reply
2025-03-31 14:09:06 - [Cluster 0 - CLIENT] - INFO - [Store 639] Local training complete.
2025-03-31 14:09:06 - [Cluster 0 - CLIENT] - INFO - [Store 91] Local training complete.
2025-03-31 14:09:06 - [Cluster 0 - CLIENT] - INFO - Sent reply
2025-03-31 14:09:06 - [Cluster 0 - CLIENT] - INFO - Sent reply
2025-03-31 14:09:06 - [Cluster 0 - CLIENT] - INFO - [Store 313] Local training complete.
2025-03-31 14:09:06 - [Cluster 0 - CLIENT] - INFO - [Store 327] Local training complete.
2025-03-31 14:09:06 - [Cluster 0 - CLIENT] - INFO - Sent reply
2025-03-31 14:09:06 - [Cluster 0 - CLIENT] - INFO - Sent reply
2025-03-31 14:09:06 - [Cluster 0 - CLIENT] - INFO - [Store 300] Local training complete.
2025-03-31 14:09:06 - [Cluster 0 - CLIENT] - INFO - [Store 590] Local training complete.
2025-03-31 14:09:06 - [Cluster 0 - CLIENT] - INFO - [Store 689] Local training complete.
2025-03-31 14:09:06 - [Cluster 0 - CLIENT] - INFO - Sent reply
2025-03-31 14:09:06 - [Cluster 0 - CLIENT] - INFO - Sent reply
2025-03-31 14:09:06 - [Cluster 0 - CLIENT] - INFO - Sent reply
2025-03-31 14:09:07 - [Cluster 0 - CLIENT] - INFO - [Store 75] Local training complete.
2025-03-31 14:09:07 - [Cluster 0 - CLIENT] - INFO - Sent reply
2025-03-31 14:09:07 - [Cluster 0 - CLIENT] - INFO - [Store 418] Local training complete.
2025-03-31 14:09:07 - [Cluster 0 - CLIENT] - INFO - Sent reply
2025-03-31 14:09:07 - [Cluster 0 - CLIENT] - INFO - 
2025-03-31 14:09:07 - [Cluster 0 - CLIENT] - INFO - Received: evaluate message af061bf0-3550-4ebd-bde7-e81011e96488
2025-03-31 14:09:07 - [Cluster 0 - CLIENT] - INFO - 
2025-03-31 14:09:07 - [Cluster 0 - CLIENT] - INFO - Received: evaluate message c515e065-56d5-4218-997c-766ef01605aa
2025-03-31 14:09:07 - [Cluster 0 - CLIENT] - INFO - 
2025-03-31 14:09:07 - [Cluster 0 - CLIENT] - INFO - Received: evaluate message 0a196be7-7fd2-4327-af8b-08d6c8ba67fd
2025-03-31 14:09:07 - [Cluster 0 - CLIENT] - INFO - 
2025-03-31 14:09:07 - [Cluster 0 - CLIENT] - INFO - Received: evaluate message 3f9e91c6-d6c3-4102-8e23-0435f0c84dda
2025-03-31 14:09:07 - [Cluster 0 - CLIENT] - INFO - 
2025-03-31 14:09:07 - [Cluster 0 - CLIENT] - INFO - Received: evaluate message 5e291834-d559-48b7-bccc-1b53ce322df6
2025-03-31 14:09:07 - [Cluster 0 - CLIENT] - INFO - 
2025-03-31 14:09:07 - [Cluster 0 - CLIENT] - INFO - Received: evaluate message f4c1706a-048d-457f-a58a-c53a8d299d92
2025-03-31 14:09:07 - [Cluster 0 - CLIENT] - INFO - 
2025-03-31 14:09:07 - [Cluster 0 - CLIENT] - INFO - Received: evaluate message a6eabbe5-5b0e-4bd4-96fa-c0fb165139e9
2025-03-31 14:09:07 - [Cluster 0 - CLIENT] - INFO - 
2025-03-31 14:09:07 - [Cluster 0 - CLIENT] - INFO - Received: evaluate message d59ae139-d114-49fd-81d1-58d45cb75032
2025-03-31 14:09:07 - [Cluster 0 - CLIENT] - INFO - 
2025-03-31 14:09:07 - [Cluster 0 - CLIENT] - INFO - 
2025-03-31 14:09:07 - [Cluster 0 - CLIENT] - INFO - Received: evaluate message 5dd3fed7-368c-43e4-b405-b398a2623650
2025-03-31 14:09:07 - [Cluster 0 - CLIENT] - INFO - Received: evaluate message cac42e25-e1ff-4ea5-aba2-b0b3327c536a
2025-03-31 14:09:07 - [Cluster 0 - CLIENT] - INFO - 
2025-03-31 14:09:07 - [Cluster 0 - CLIENT] - INFO - Received: evaluate message 34cd0e03-3bfe-4b23-abcc-dce73f110c1a
2025-03-31 14:09:07 - [Cluster 0 - CLIENT] - INFO - 
2025-03-31 14:09:07 - [Cluster 0 - CLIENT] - INFO - Received: evaluate message 60514da4-1c6d-4eb6-b866-fc86a5c712c3
2025-03-31 14:09:07 - [Cluster 0 - CLIENT] - INFO - 
2025-03-31 14:09:07 - [Cluster 0 - CLIENT] - INFO - Received: evaluate message f8a56ac0-bc32-45e1-8316-e10694c4a1c7
2025-03-31 14:09:07 - [Cluster 0 - CLIENT] - INFO - 
2025-03-31 14:09:07 - [Cluster 0 - CLIENT] - INFO - Received: evaluate message c9b27a06-14a5-4339-8c00-b11bbb4fd07f
2025-03-31 14:09:07 - [Cluster 0 - CLIENT] - INFO - 
2025-03-31 14:09:07 - [Cluster 0 - CLIENT] - INFO - Received: evaluate message b3b9849d-50c2-499a-a4dc-6629b4c3bd56
2025-03-31 14:09:08 - [Cluster 0 - CLIENT] - INFO - [Store 313] Evaluation - Loss: 0.2195, MAE: 0.3035
2025-03-31 14:09:08 - [Cluster 0 - CLIENT] - INFO - Sent reply
2025-03-31 14:09:08 - [Cluster 0 - CLIENT] - INFO - 
2025-03-31 14:09:08 - [Cluster 0 - CLIENT] - INFO - Received: evaluate message 3af460e6-5ffb-48f7-b910-552bf0a7af3e
2025-03-31 14:09:08 - [Cluster 0 - CLIENT] - INFO - [Store 639] Evaluation - Loss: 0.2016, MAE: 0.2895
2025-03-31 14:09:08 - [Cluster 0 - CLIENT] - INFO - [Store 327] Evaluation - Loss: 0.2384, MAE: 0.2920
2025-03-31 14:09:08 - [Cluster 0 - CLIENT] - INFO - Sent reply
2025-03-31 14:09:08 - [Cluster 0 - CLIENT] - INFO - [Store 329] Evaluation - Loss: 0.2152, MAE: 0.2956
2025-03-31 14:09:08 - [Cluster 0 - CLIENT] - INFO - Sent reply
2025-03-31 14:09:08 - [Cluster 0 - CLIENT] - INFO - 
2025-03-31 14:09:08 - [Cluster 0 - CLIENT] - INFO - Received: evaluate message eb6eba70-9a47-4db2-868c-f14c721ad992
2025-03-31 14:09:08 - [Cluster 0 - CLIENT] - INFO - 
2025-03-31 14:09:08 - [Cluster 0 - CLIENT] - INFO - Received: evaluate message b9a94e4b-737f-444c-8e6e-0a65980b9eca
2025-03-31 14:09:08 - [Cluster 0 - CLIENT] - INFO - Sent reply
2025-03-31 14:09:08 - [Cluster 0 - CLIENT] - INFO - [Store 142] Evaluation - Loss: 0.2492, MAE: 0.2778
2025-03-31 14:09:08 - [Cluster 0 - CLIENT] - INFO - Sent reply
2025-03-31 14:09:08 - [Cluster 0 - CLIENT] - INFO - [Store 811] Evaluation - Loss: 0.2128, MAE: 0.2858
2025-03-31 14:09:08 - [Cluster 0 - CLIENT] - INFO - Sent reply
2025-03-31 14:09:08 - [Cluster 0 - CLIENT] - INFO - [Store 257] Evaluation - Loss: 0.2117, MAE: 0.2664
2025-03-31 14:09:08 - [Cluster 0 - CLIENT] - INFO - Sent reply
2025-03-31 14:09:08 - [Cluster 0 - CLIENT] - INFO - 
2025-03-31 14:09:08 - [Cluster 0 - CLIENT] - INFO - Received: evaluate message 9f769ec0-d935-4761-b2fc-d5fb1352b7d5
2025-03-31 14:09:08 - [Cluster 0 - CLIENT] - INFO - 
2025-03-31 14:09:08 - [Cluster 0 - CLIENT] - INFO - Received: evaluate message 5e251915-1ad4-489c-9e9c-ff7023c9b0ad
2025-03-31 14:09:08 - [Cluster 0 - CLIENT] - INFO - 
2025-03-31 14:09:08 - [Cluster 0 - CLIENT] - INFO - 
2025-03-31 14:09:08 - [Cluster 0 - CLIENT] - INFO - Received: evaluate message 26818339-7863-4c27-a09f-0b9fc8cdfd25
2025-03-31 14:09:08 - [Cluster 0 - CLIENT] - INFO - Received: evaluate message 6f55f916-8123-43d5-9cb1-920736a83fb6
2025-03-31 14:09:08 - [Cluster 0 - CLIENT] - INFO - [Store 294] Evaluation - Loss: 0.2415, MAE: 0.3122
2025-03-31 14:09:08 - [Cluster 0 - CLIENT] - INFO - Sent reply
2025-03-31 14:09:08 - [Cluster 0 - CLIENT] - INFO - [Store 47] Evaluation - Loss: 0.2582, MAE: 0.2951
2025-03-31 14:09:08 - [Cluster 0 - CLIENT] - INFO - [Store 300] Evaluation - Loss: 0.3250, MAE: 0.3745
2025-03-31 14:09:08 - [Cluster 0 - CLIENT] - INFO - Sent reply
2025-03-31 14:09:08 - [Cluster 0 - CLIENT] - INFO - Sent reply
2025-03-31 14:09:08 - [Cluster 0 - CLIENT] - INFO - [Store 857] Evaluation - Loss: 0.3739, MAE: 0.4019
2025-03-31 14:09:08 - [Cluster 0 - CLIENT] - INFO - Sent reply
2025-03-31 14:09:08 - [Cluster 0 - CLIENT] - INFO - 
2025-03-31 14:09:08 - [Cluster 0 - CLIENT] - INFO - Received: evaluate message d6b84af3-3dac-4369-aad6-825aa1d02196
2025-03-31 14:09:08 - [Cluster 0 - CLIENT] - INFO - [Store 314] Evaluation - Loss: 0.1813, MAE: 0.2579
2025-03-31 14:09:08 - [Cluster 0 - CLIENT] - INFO - 
2025-03-31 14:09:08 - [Cluster 0 - CLIENT] - INFO - Received: evaluate message 92cbdd81-8e97-4e60-800f-53efb29df511
2025-03-31 14:09:08 - [Cluster 0 - CLIENT] - INFO - Sent reply
2025-03-31 14:09:08 - [Cluster 0 - CLIENT] - INFO - [Store 588] Evaluation - Loss: 0.2272, MAE: 0.2773
2025-03-31 14:09:08 - [Cluster 0 - CLIENT] - INFO - 
2025-03-31 14:09:08 - [Cluster 0 - CLIENT] - INFO - Received: evaluate message 431205cd-5545-4371-a0c0-c2c78362cc53
2025-03-31 14:09:08 - [Cluster 0 - CLIENT] - INFO - Sent reply
2025-03-31 14:09:08 - [Cluster 0 - CLIENT] - INFO - 
2025-03-31 14:09:08 - [Cluster 0 - CLIENT] - INFO - Received: evaluate message 66dc3a8f-7f0e-4dbf-a200-f15eaa82cce6
2025-03-31 14:09:08 - [Cluster 0 - CLIENT] - INFO - [Store 489] Evaluation - Loss: 0.1967, MAE: 0.3202
2025-03-31 14:09:08 - [Cluster 0 - CLIENT] - INFO - Sent reply
2025-03-31 14:09:08 - [Cluster 0 - CLIENT] - INFO - 
2025-03-31 14:09:08 - [Cluster 0 - CLIENT] - INFO - Received: evaluate message 87b76c26-1394-4086-9a4c-d9680b8e5b15
2025-03-31 14:09:08 - [Cluster 0 - CLIENT] - INFO - 
2025-03-31 14:09:08 - [Cluster 0 - CLIENT] - INFO - Received: evaluate message ee8b1bcc-e567-4abe-8421-837254732520
2025-03-31 14:09:08 - [Cluster 0 - CLIENT] - INFO - 
2025-03-31 14:09:08 - [Cluster 0 - CLIENT] - INFO - Received: evaluate message 48569c44-9e62-4584-b63a-8df14d1f3014
2025-03-31 14:09:08 - [Cluster 0 - CLIENT] - INFO - [Store 447] Evaluation - Loss: 0.2463, MAE: 0.3003
2025-03-31 14:09:08 - [Cluster 0 - CLIENT] - INFO - Sent reply
2025-03-31 14:09:08 - [Cluster 0 - CLIENT] - INFO - 
2025-03-31 14:09:08 - [Cluster 0 - CLIENT] - INFO - Received: evaluate message c1bd750d-ddb3-465e-8c83-93a5c1950e6e
2025-03-31 14:09:09 - [Cluster 0 - CLIENT] - INFO - [Store 328] Evaluation - Loss: 0.1995, MAE: 0.2644
2025-03-31 14:09:09 - [Cluster 0 - CLIENT] - INFO - Sent reply
2025-03-31 14:09:09 - [Cluster 0 - CLIENT] - INFO - [Store 689] Evaluation - Loss: 0.2042, MAE: 0.2750
2025-03-31 14:09:09 - [Cluster 0 - CLIENT] - INFO - Sent reply
2025-03-31 14:09:09 - [Cluster 0 - CLIENT] - INFO - [Store 418] Evaluation - Loss: 0.2759, MAE: 0.3413
2025-03-31 14:09:09 - [Cluster 0 - CLIENT] - INFO - Sent reply
2025-03-31 14:09:09 - [Cluster 0 - CLIENT] - INFO - [Store 848] Evaluation - Loss: 0.1813, MAE: 0.2578
2025-03-31 14:09:09 - [Cluster 0 - CLIENT] - INFO - Sent reply
2025-03-31 14:09:09 - [Cluster 0 - CLIENT] - INFO - [Store 451] Evaluation - Loss: 0.2820, MAE: 0.3251
2025-03-31 14:09:09 - [Cluster 0 - CLIENT] - INFO - [Store 529] Evaluation - Loss: 0.2260, MAE: 0.2761
2025-03-31 14:09:09 - [Cluster 0 - CLIENT] - INFO - Sent reply
2025-03-31 14:09:09 - [Cluster 0 - CLIENT] - INFO - Sent reply
2025-03-31 14:09:09 - [Cluster 0 - CLIENT] - INFO - [Store 590] Evaluation - Loss: 0.2901, MAE: 0.3504
2025-03-31 14:09:09 - [Cluster 0 - CLIENT] - INFO - Sent reply
2025-03-31 14:09:09 - [Cluster 0 - CLIENT] - INFO - [Store 1048] Evaluation - Loss: 0.3261, MAE: 0.3444
2025-03-31 14:09:09 - [Cluster 0 - CLIENT] - INFO - Sent reply
2025-03-31 14:09:09 - [Cluster 0 - CLIENT] - INFO - [Store 75] Evaluation - Loss: 0.2329, MAE: 0.3012
2025-03-31 14:09:09 - [Cluster 0 - CLIENT] - INFO - Sent reply
2025-03-31 14:09:09 - [Cluster 0 - CLIENT] - INFO - [Store 91] Evaluation - Loss: 0.2934, MAE: 0.3732
2025-03-31 14:09:09 - [Cluster 0 - CLIENT] - INFO - Sent reply
2025-03-31 14:09:09 - [Cluster 0 - CLIENT] - INFO - [Store 242] Evaluation - Loss: 0.2351, MAE: 0.3489
2025-03-31 14:09:09 - [Cluster 0 - CLIENT] - INFO - Sent reply
2025-03-31 14:09:09 - [Cluster 0 - CLIENT] - INFO - [Store 111] Evaluation - Loss: 0.2344, MAE: 0.3090
2025-03-31 14:09:09 - [Cluster 0 - CLIENT] - INFO - Sent reply
2025-03-31 14:09:09 - [Cluster 0 - CLIENT] - INFO - [Store 201] Evaluation - Loss: 0.2699, MAE: 0.3452
2025-03-31 14:09:09 - [Cluster 0 - CLIENT] - INFO - [Store 592] Evaluation - Loss: 0.1991, MAE: 0.2859
2025-03-31 14:09:09 - [Cluster 0 - CLIENT] - INFO - Sent reply
2025-03-31 14:09:09 - [Cluster 0 - CLIENT] - INFO - Sent reply
2025-03-31 14:09:09 - [Cluster 0 - CLIENT] - INFO - [Store 812] Evaluation - Loss: 0.1803, MAE: 0.2628
2025-03-31 14:09:09 - [Cluster 0 - CLIENT] - INFO - Sent reply
2025-03-31 14:09:09 - [Cluster 0 - CLIENT] - INFO - 
2025-03-31 14:09:09 - [Cluster 0 - CLIENT] - INFO - Received: train message f4861918-dcd0-4351-9eac-1d1f709f64f3
2025-03-31 14:09:09 - [Cluster 0 - CLIENT] - INFO - 
2025-03-31 14:09:09 - [Cluster 0 - CLIENT] - INFO - Received: train message a7732560-b0a3-4345-bd45-2f195803a68f
2025-03-31 14:09:09 - [Cluster 0 - CLIENT] - INFO - 
2025-03-31 14:09:09 - [Cluster 0 - CLIENT] - INFO - Received: train message 00c1d200-efcf-46e2-8ea3-b9598f5e3909
2025-03-31 14:09:09 - [Cluster 0 - CLIENT] - INFO - 
2025-03-31 14:09:09 - [Cluster 0 - CLIENT] - INFO - Received: train message 062068a7-b726-4d46-b612-fd14d283d340
2025-03-31 14:09:09 - [Cluster 0 - CLIENT] - INFO - 
2025-03-31 14:09:09 - [Cluster 0 - CLIENT] - INFO - Received: train message 4ca56170-ce18-4812-80c5-c18a79c4b5e4
2025-03-31 14:09:09 - [Cluster 0 - CLIENT] - INFO - [Store 91] Starting local training.
2025-03-31 14:09:09 - [Cluster 0 - CLIENT] - INFO - 
2025-03-31 14:09:09 - [Cluster 0 - CLIENT] - INFO - 
2025-03-31 14:09:09 - [Cluster 0 - CLIENT] - INFO - Received: train message d9ad90d2-d9f1-4500-8453-5d84c63b1ebe
2025-03-31 14:09:09 - [Cluster 0 - CLIENT] - INFO - Received: train message 1aabce97-644a-4b19-9d46-d11f274332d8
2025-03-31 14:09:09 - [Cluster 0 - CLIENT] - INFO - 
2025-03-31 14:09:09 - [Cluster 0 - CLIENT] - INFO - Received: train message 313e03a5-9199-4be9-a510-9dc3df506cb0
2025-03-31 14:09:09 - [Cluster 0 - CLIENT] - INFO - [Store 111] Starting local training.
2025-03-31 14:09:09 - [Cluster 0 - CLIENT] - INFO - 
2025-03-31 14:09:09 - [Cluster 0 - CLIENT] - INFO - Received: train message 0016fc43-352f-4001-aed5-7f0f6460451d
2025-03-31 14:09:09 - [Cluster 0 - CLIENT] - INFO - [Store 811] Starting local training.
2025-03-31 14:09:09 - [Cluster 0 - CLIENT] - INFO - 
2025-03-31 14:09:09 - [Cluster 0 - CLIENT] - INFO - Received: train message 03d72ad8-b7f5-46c5-a1a7-5150b529f56d
2025-03-31 14:09:09 - [Cluster 0 - CLIENT] - INFO - [Store 529] Starting local training.
2025-03-31 14:09:09 - [Cluster 0 - CLIENT] - INFO - [Store 294] Starting local training.
2025-03-31 14:09:09 - [Cluster 0 - CLIENT] - INFO - 
2025-03-31 14:09:09 - [Cluster 0 - CLIENT] - INFO - Received: train message 69e51ac7-153f-4fc6-9749-bf52114a3560
2025-03-31 14:09:09 - [Cluster 0 - CLIENT] - INFO - 
2025-03-31 14:09:09 - [Cluster 0 - CLIENT] - INFO - Received: train message 8d974604-423e-41b0-b00c-21b83e5e7fcf
2025-03-31 14:09:09 - [Cluster 0 - CLIENT] - INFO - [Store 689] Starting local training.
2025-03-31 14:09:09 - [Cluster 0 - CLIENT] - INFO - 
2025-03-31 14:09:09 - [Cluster 0 - CLIENT] - INFO - Received: train message 23d50cc1-2698-4d3c-82c5-f6f17b95f499
2025-03-31 14:09:09 - [Cluster 0 - CLIENT] - INFO - 
2025-03-31 14:09:09 - [Cluster 0 - CLIENT] - INFO - Received: train message 42a502c0-0131-4792-b0e6-39a67c14d726
2025-03-31 14:09:09 - [Cluster 0 - CLIENT] - INFO - [Store 314] Starting local training.
2025-03-31 14:09:09 - [Cluster 0 - CLIENT] - INFO - [Store 201] Starting local training.
2025-03-31 14:09:09 - [Cluster 0 - CLIENT] - INFO - 
2025-03-31 14:09:09 - [Cluster 0 - CLIENT] - INFO - [Store 75] Starting local training.
2025-03-31 14:09:09 - [Cluster 0 - CLIENT] - INFO - Received: train message ef01f9dc-143f-4445-97ba-21115df27750
2025-03-31 14:09:09 - [Cluster 0 - CLIENT] - INFO - [Store 47] Starting local training.
2025-03-31 14:09:09 - [Cluster 0 - CLIENT] - INFO - [Store 451] Starting local training.
2025-03-31 14:09:09 - [Cluster 0 - CLIENT] - INFO - [Store 300] Starting local training.
2025-03-31 14:09:09 - [Cluster 0 - CLIENT] - INFO - [Store 588] Starting local training.
2025-03-31 14:09:09 - [Cluster 0 - CLIENT] - INFO - [Store 857] Starting local training.
2025-03-31 14:09:09 - [Cluster 0 - CLIENT] - INFO - [Store 313] Starting local training.
2025-03-31 14:12:19 - [Cluster 0 - CLIENT] - INFO - [Store 529] Local training complete.
2025-03-31 14:12:19 - [Cluster 0 - CLIENT] - INFO - Sent reply
2025-03-31 14:12:19 - [Cluster 0 - CLIENT] - INFO - 
2025-03-31 14:12:19 - [Cluster 0 - CLIENT] - INFO - Received: train message 3eaf80ec-c9ec-4171-bcb7-b95ac35306e4
2025-03-31 14:12:19 - [Cluster 0 - CLIENT] - INFO - [Store 111] Local training complete.
2025-03-31 14:12:19 - [Cluster 0 - CLIENT] - INFO - [Store 447] Starting local training.
2025-03-31 14:12:19 - [Cluster 0 - CLIENT] - INFO - Sent reply
2025-03-31 14:12:19 - [Cluster 0 - CLIENT] - INFO - 
2025-03-31 14:12:19 - [Cluster 0 - CLIENT] - INFO - Received: train message 5692feb4-36c8-4bce-af5c-5704617128bc
2025-03-31 14:12:19 - [Cluster 0 - CLIENT] - INFO - [Store 592] Starting local training.
2025-03-31 14:12:20 - [Cluster 0 - CLIENT] - INFO - [Store 75] Local training complete.
2025-03-31 14:12:20 - [Cluster 0 - CLIENT] - INFO - 
2025-03-31 14:12:20 - [Cluster 0 - CLIENT] - INFO - Received: train message 815d8a9e-c37c-4a08-9579-019dc1ad21b6
2025-03-31 14:12:20 - [Cluster 0 - CLIENT] - INFO - Sent reply
2025-03-31 14:12:20 - [Cluster 0 - CLIENT] - INFO - [Store 257] Starting local training.
2025-03-31 14:12:20 - [Cluster 0 - CLIENT] - INFO - [Store 201] Local training complete.
2025-03-31 14:12:20 - [Cluster 0 - CLIENT] - INFO - Sent reply
2025-03-31 14:12:20 - [Cluster 0 - CLIENT] - INFO - 
2025-03-31 14:12:20 - [Cluster 0 - CLIENT] - INFO - Received: train message 983d73c3-824d-4f84-b4dd-0086e5e19a91
2025-03-31 14:12:20 - [Cluster 0 - CLIENT] - INFO - [Store 489] Starting local training.
2025-03-31 14:12:21 - [Cluster 0 - CLIENT] - INFO - [Store 811] Local training complete.
2025-03-31 14:12:21 - [Cluster 0 - CLIENT] - INFO - Sent reply
2025-03-31 14:12:21 - [Cluster 0 - CLIENT] - INFO - 
2025-03-31 14:12:21 - [Cluster 0 - CLIENT] - INFO - Received: train message bdbdb71b-3ad7-4858-95a7-4187b4c6f752
2025-03-31 14:12:21 - [Cluster 0 - CLIENT] - INFO - [Store 327] Starting local training.
2025-03-31 14:12:21 - [Cluster 0 - CLIENT] - INFO - [Store 300] Local training complete.
2025-03-31 14:12:21 - [Cluster 0 - CLIENT] - INFO - Sent reply
2025-03-31 14:12:21 - [Cluster 0 - CLIENT] - INFO - 
2025-03-31 14:12:21 - [Cluster 0 - CLIENT] - INFO - Received: train message ed25259f-c8d0-495e-bd9f-9975d3dbb569
2025-03-31 14:12:21 - [Cluster 0 - CLIENT] - INFO - [Store 329] Starting local training.
2025-03-31 14:12:22 - [Cluster 0 - CLIENT] - INFO - [Store 91] Local training complete.
2025-03-31 14:12:22 - [Cluster 0 - CLIENT] - INFO - Sent reply
2025-03-31 14:12:22 - [Cluster 0 - CLIENT] - INFO - 
2025-03-31 14:12:22 - [Cluster 0 - CLIENT] - INFO - Received: train message 70beae1c-10d9-4105-833d-ba376bf0cf85
2025-03-31 14:12:22 - [Cluster 0 - CLIENT] - INFO - [Store 590] Starting local training.
2025-03-31 14:12:23 - [Cluster 0 - CLIENT] - INFO - [Store 588] Local training complete.
2025-03-31 14:12:23 - [Cluster 0 - CLIENT] - INFO - Sent reply
2025-03-31 14:12:23 - [Cluster 0 - CLIENT] - INFO - 
2025-03-31 14:12:23 - [Cluster 0 - CLIENT] - INFO - Received: train message 23e41832-d82d-4da6-a4d1-4b0f5ebec884
2025-03-31 14:12:23 - [Cluster 0 - CLIENT] - INFO - [Store 242] Starting local training.
2025-03-31 14:12:23 - [Cluster 0 - CLIENT] - INFO - [Store 47] Local training complete.
2025-03-31 14:12:23 - [Cluster 0 - CLIENT] - INFO - Sent reply
2025-03-31 14:12:23 - [Cluster 0 - CLIENT] - INFO - 
2025-03-31 14:12:23 - [Cluster 0 - CLIENT] - INFO - Received: train message 48445f75-02db-4fe0-b123-8060c3309197
2025-03-31 14:12:23 - [Cluster 0 - CLIENT] - INFO - [Store 812] Starting local training.
2025-03-31 14:12:24 - [Cluster 0 - CLIENT] - INFO - [Store 314] Local training complete.
2025-03-31 14:12:24 - [Cluster 0 - CLIENT] - INFO - Sent reply
2025-03-31 14:12:24 - [Cluster 0 - CLIENT] - INFO - 
2025-03-31 14:12:24 - [Cluster 0 - CLIENT] - INFO - Received: train message cf5ca8de-d207-4d75-b784-98acac8c2464
2025-03-31 14:12:24 - [Cluster 0 - CLIENT] - INFO - [Store 848] Starting local training.
2025-03-31 14:12:25 - [Cluster 0 - CLIENT] - INFO - [Store 689] Local training complete.
2025-03-31 14:12:25 - [Cluster 0 - CLIENT] - INFO - Sent reply
2025-03-31 14:12:25 - [Cluster 0 - CLIENT] - INFO - 
2025-03-31 14:12:25 - [Cluster 0 - CLIENT] - INFO - Received: train message ee78c468-b883-443a-92f4-5b3241923bda
2025-03-31 14:12:25 - [Cluster 0 - CLIENT] - INFO - [Store 142] Starting local training.
2025-03-31 14:12:26 - [Cluster 0 - CLIENT] - INFO - [Store 313] Local training complete.
2025-03-31 14:12:26 - [Cluster 0 - CLIENT] - INFO - Sent reply
2025-03-31 14:12:26 - [Cluster 0 - CLIENT] - INFO - 
2025-03-31 14:12:26 - [Cluster 0 - CLIENT] - INFO - Received: train message e622c56b-9b70-455e-8e74-f9c17df833ee
2025-03-31 14:12:26 - [Cluster 0 - CLIENT] - INFO - [Store 639] Starting local training.
2025-03-31 14:12:26 - [Cluster 0 - CLIENT] - INFO - [Store 294] Local training complete.
2025-03-31 14:12:26 - [Cluster 0 - CLIENT] - INFO - Sent reply
2025-03-31 14:12:26 - [Cluster 0 - CLIENT] - INFO - 
2025-03-31 14:12:26 - [Cluster 0 - CLIENT] - INFO - Received: train message b1e0c999-b907-4b8e-9270-fec022c70dc0
2025-03-31 14:12:26 - [Cluster 0 - CLIENT] - INFO - [Store 1048] Starting local training.
2025-03-31 14:12:28 - [Cluster 0 - CLIENT] - INFO - [Store 451] Local training complete.
2025-03-31 14:12:28 - [Cluster 0 - CLIENT] - INFO - Sent reply
2025-03-31 14:12:28 - [Cluster 0 - CLIENT] - INFO - 
2025-03-31 14:12:28 - [Cluster 0 - CLIENT] - INFO - Received: train message 15c08ac0-392f-4caa-978c-dd5452df4c04
2025-03-31 14:12:28 - [Cluster 0 - CLIENT] - INFO - [Store 328] Starting local training.
2025-03-31 14:12:48 - [Cluster 0 - CLIENT] - INFO - [Store 857] Local training complete.
2025-03-31 14:12:48 - [Cluster 0 - CLIENT] - INFO - Sent reply
2025-03-31 14:12:48 - [Cluster 0 - CLIENT] - INFO - 
2025-03-31 14:12:48 - [Cluster 0 - CLIENT] - INFO - Received: train message 793aa8a8-4929-4f65-8277-42491746b993
2025-03-31 14:12:48 - [Cluster 0 - CLIENT] - INFO - [Store 418] Starting local training.
2025-03-31 14:15:29 - [Cluster 0 - CLIENT] - INFO - [Store 329] Local training complete.
2025-03-31 14:15:29 - [Cluster 0 - CLIENT] - INFO - Sent reply
2025-03-31 14:15:32 - [Cluster 0 - CLIENT] - INFO - [Store 489] Local training complete.
2025-03-31 14:15:32 - [Cluster 0 - CLIENT] - INFO - Sent reply
2025-03-31 14:15:33 - [Cluster 0 - CLIENT] - INFO - [Store 447] Local training complete.
2025-03-31 14:15:33 - [Cluster 0 - CLIENT] - INFO - Sent reply
2025-03-31 14:15:34 - [Cluster 0 - CLIENT] - INFO - [Store 848] Local training complete.
2025-03-31 14:15:34 - [Cluster 0 - CLIENT] - INFO - Sent reply
2025-03-31 14:15:34 - [Cluster 0 - CLIENT] - INFO - [Store 812] Local training complete.
2025-03-31 14:15:34 - [Cluster 0 - CLIENT] - INFO - Sent reply
2025-03-31 14:15:34 - [Cluster 0 - CLIENT] - INFO - [Store 639] Local training complete.
2025-03-31 14:15:34 - [Cluster 0 - CLIENT] - INFO - Sent reply
2025-03-31 14:15:34 - [Cluster 0 - CLIENT] - INFO - [Store 257] Local training complete.
2025-03-31 14:15:35 - [Cluster 0 - CLIENT] - INFO - Sent reply
2025-03-31 14:15:35 - [Cluster 0 - CLIENT] - INFO - [Store 142] Local training complete.
2025-03-31 14:15:35 - [Cluster 0 - CLIENT] - INFO - Sent reply
2025-03-31 14:15:35 - [Cluster 0 - CLIENT] - INFO - [Store 1048] Local training complete.
2025-03-31 14:15:35 - [Cluster 0 - CLIENT] - INFO - Sent reply
2025-03-31 14:15:35 - [Cluster 0 - CLIENT] - INFO - [Store 327] Local training complete.
2025-03-31 14:15:35 - [Cluster 0 - CLIENT] - INFO - Sent reply
2025-03-31 14:15:35 - [Cluster 0 - CLIENT] - INFO - [Store 590] Local training complete.
2025-03-31 14:15:36 - [Cluster 0 - CLIENT] - INFO - Sent reply
2025-03-31 14:15:36 - [Cluster 0 - CLIENT] - INFO - [Store 328] Local training complete.
2025-03-31 14:15:36 - [Cluster 0 - CLIENT] - INFO - Sent reply
2025-03-31 14:15:38 - [Cluster 0 - CLIENT] - INFO - [Store 592] Local training complete.
2025-03-31 14:15:38 - [Cluster 0 - CLIENT] - INFO - Sent reply
2025-03-31 14:15:38 - [Cluster 0 - CLIENT] - INFO - [Store 418] Local training complete.
2025-03-31 14:15:38 - [Cluster 0 - CLIENT] - INFO - Sent reply
2025-03-31 14:15:43 - [Cluster 0 - CLIENT] - INFO - [Store 242] Local training complete.
2025-03-31 14:15:43 - [Cluster 0 - CLIENT] - INFO - Sent reply
2025-03-31 14:15:43 - [Cluster 0 - CLIENT] - INFO - 
2025-03-31 14:15:43 - [Cluster 0 - CLIENT] - INFO - Received: evaluate message eec4c504-0d00-4d71-8286-e77e8c804dea
2025-03-31 14:15:43 - [Cluster 0 - CLIENT] - INFO - 
2025-03-31 14:15:43 - [Cluster 0 - CLIENT] - INFO - 
2025-03-31 14:15:43 - [Cluster 0 - CLIENT] - INFO - Received: evaluate message e15b2b58-e86f-49c2-ba58-5dd6ba266fd4
2025-03-31 14:15:43 - [Cluster 0 - CLIENT] - INFO - Received: evaluate message 332c16cb-1d34-4820-a511-04ff0041baf6
2025-03-31 14:15:43 - [Cluster 0 - CLIENT] - INFO - 
2025-03-31 14:15:43 - [Cluster 0 - CLIENT] - INFO - Received: evaluate message a41dea64-7c1e-47e6-bf2c-06ae80857565
2025-03-31 14:15:43 - [Cluster 0 - CLIENT] - INFO - 
2025-03-31 14:15:43 - [Cluster 0 - CLIENT] - INFO - Received: evaluate message 063bc1df-56f7-48e4-9b15-5f1afe36d5d9
2025-03-31 14:15:43 - [Cluster 0 - CLIENT] - INFO - 
2025-03-31 14:15:43 - [Cluster 0 - CLIENT] - INFO - 
2025-03-31 14:15:43 - [Cluster 0 - CLIENT] - INFO - Received: evaluate message 1a5f1cdc-70a8-4b2a-be9e-b341cb3c455d
2025-03-31 14:15:43 - [Cluster 0 - CLIENT] - INFO - Received: evaluate message 0e40e1ea-32d5-4c89-ad39-e71ce004efbb
2025-03-31 14:15:43 - [Cluster 0 - CLIENT] - INFO - 
2025-03-31 14:15:43 - [Cluster 0 - CLIENT] - INFO - Received: evaluate message 54a2093b-76d2-4ef9-9f74-26a005cf9203
2025-03-31 14:15:43 - [Cluster 0 - CLIENT] - INFO - 
2025-03-31 14:15:43 - [Cluster 0 - CLIENT] - INFO - Received: evaluate message e5f24d13-dd27-4d29-9dd8-a522967dc6b0
2025-03-31 14:15:44 - [Cluster 0 - CLIENT] - INFO - 
2025-03-31 14:15:44 - [Cluster 0 - CLIENT] - INFO - Received: evaluate message 4c942126-22b5-4354-942e-86c63898c436
2025-03-31 14:15:44 - [Cluster 0 - CLIENT] - INFO - 
2025-03-31 14:15:44 - [Cluster 0 - CLIENT] - INFO - Received: evaluate message 9ec748cd-f726-48c3-9633-1538fb5397a1
2025-03-31 14:15:44 - [Cluster 0 - CLIENT] - INFO - 
2025-03-31 14:15:44 - [Cluster 0 - CLIENT] - INFO - Received: evaluate message bab5ec9d-b88a-4199-a886-816c06399e51
2025-03-31 14:15:44 - [Cluster 0 - CLIENT] - INFO - 
2025-03-31 14:15:44 - [Cluster 0 - CLIENT] - INFO - Received: evaluate message 3b10da67-b74d-4f28-b2c8-66ea048248e4
2025-03-31 14:15:44 - [Cluster 0 - CLIENT] - INFO - 
2025-03-31 14:15:44 - [Cluster 0 - CLIENT] - INFO - Received: evaluate message 097a745a-2a59-44ce-b93f-62e648595a5f
2025-03-31 14:15:44 - [Cluster 0 - CLIENT] - INFO - 
2025-03-31 14:15:44 - [Cluster 0 - CLIENT] - INFO - Received: evaluate message 7657c321-4f4e-4d71-8392-1098189544ea
2025-03-31 14:15:44 - [Cluster 0 - CLIENT] - INFO - [Store 418] Evaluation - Loss: 0.2915, MAE: 0.3707
2025-03-31 14:15:44 - [Cluster 0 - CLIENT] - INFO - Sent reply
2025-03-31 14:15:44 - [Cluster 0 - CLIENT] - INFO - 
2025-03-31 14:15:44 - [Cluster 0 - CLIENT] - INFO - Received: evaluate message 6f6bb0be-df5b-4ad0-98ed-d54ca3d391c4
2025-03-31 14:15:44 - [Cluster 0 - CLIENT] - INFO - [Store 848] Evaluation - Loss: 0.1911, MAE: 0.2902
2025-03-31 14:15:44 - [Cluster 0 - CLIENT] - INFO - Sent reply
2025-03-31 14:15:44 - [Cluster 0 - CLIENT] - INFO - 
2025-03-31 14:15:44 - [Cluster 0 - CLIENT] - INFO - Received: evaluate message ad604aa2-80b7-4dbc-adc3-4d398b76f2fb
2025-03-31 14:15:44 - [Cluster 0 - CLIENT] - INFO - [Store 592] Evaluation - Loss: 0.2100, MAE: 0.3147
2025-03-31 14:15:44 - [Cluster 0 - CLIENT] - INFO - Sent reply
2025-03-31 14:15:44 - [Cluster 0 - CLIENT] - INFO - [Store 300] Evaluation - Loss: 0.3360, MAE: 0.3776
2025-03-31 14:15:44 - [Cluster 0 - CLIENT] - INFO - Sent reply
2025-03-31 14:15:44 - [Cluster 0 - CLIENT] - INFO - [Store 590] Evaluation - Loss: 0.2958, MAE: 0.3585
2025-03-31 14:15:44 - [Cluster 0 - CLIENT] - INFO - Sent reply
2025-03-31 14:15:44 - [Cluster 0 - CLIENT] - INFO - [Store 329] Evaluation - Loss: 0.2314, MAE: 0.3269
2025-03-31 14:15:44 - [Cluster 0 - CLIENT] - INFO - 
2025-03-31 14:15:44 - [Cluster 0 - CLIENT] - INFO - Received: evaluate message 98c35501-0e9b-40ef-bb3d-30bcaf544f26
2025-03-31 14:15:44 - [Cluster 0 - CLIENT] - INFO - Sent reply
2025-03-31 14:15:44 - [Cluster 0 - CLIENT] - INFO - [Store 257] Evaluation - Loss: 0.2174, MAE: 0.2838
2025-03-31 14:15:44 - [Cluster 0 - CLIENT] - INFO - Sent reply
2025-03-31 14:15:44 - [Cluster 0 - CLIENT] - INFO - 
2025-03-31 14:15:44 - [Cluster 0 - CLIENT] - INFO - Received: evaluate message bfa30a6a-4b01-478b-bbd3-b9b7656a24f1
2025-03-31 14:15:44 - [Cluster 0 - CLIENT] - INFO - 
2025-03-31 14:15:44 - [Cluster 0 - CLIENT] - INFO - Received: evaluate message 4ca48c50-c8e7-4182-b6e7-d684ae134998
2025-03-31 14:15:44 - [Cluster 0 - CLIENT] - INFO - 
2025-03-31 14:15:44 - [Cluster 0 - CLIENT] - INFO - Received: evaluate message d1d05b8e-066e-4f9d-9d2b-008ccfdb597e
2025-03-31 14:15:44 - [Cluster 0 - CLIENT] - INFO - [Store 857] Evaluation - Loss: 0.3807, MAE: 0.4117
2025-03-31 14:15:44 - [Cluster 0 - CLIENT] - INFO - 
2025-03-31 14:15:44 - [Cluster 0 - CLIENT] - INFO - Received: evaluate message 9af8e94e-5335-4ed5-886f-6c285f9d7dac
2025-03-31 14:15:44 - [Cluster 0 - CLIENT] - INFO - Sent reply
2025-03-31 14:15:44 - [Cluster 0 - CLIENT] - INFO - 
2025-03-31 14:15:44 - [Cluster 0 - CLIENT] - INFO - Received: evaluate message 1cb658b8-7592-4ae4-a2e4-b4e13c59aa8b
2025-03-31 14:15:45 - [Cluster 0 - CLIENT] - INFO - [Store 75] Evaluation - Loss: 0.2417, MAE: 0.3023
2025-03-31 14:15:45 - [Cluster 0 - CLIENT] - INFO - [Store 489] Evaluation - Loss: 0.2149, MAE: 0.3466
2025-03-31 14:15:45 - [Cluster 0 - CLIENT] - INFO - Sent reply
2025-03-31 14:15:45 - [Cluster 0 - CLIENT] - INFO - Sent reply
2025-03-31 14:15:45 - [Cluster 0 - CLIENT] - INFO - [Store 294] Evaluation - Loss: 0.2755, MAE: 0.3547
2025-03-31 14:15:45 - [Cluster 0 - CLIENT] - INFO - Sent reply
2025-03-31 14:15:45 - [Cluster 0 - CLIENT] - INFO - 
2025-03-31 14:15:45 - [Cluster 0 - CLIENT] - INFO - Received: evaluate message 20d77938-b124-4aa6-be7a-3c4f4f42f1b2
2025-03-31 14:15:45 - [Cluster 0 - CLIENT] - INFO - [Store 111] Evaluation - Loss: 0.2397, MAE: 0.3230
2025-03-31 14:15:45 - [Cluster 0 - CLIENT] - INFO - [Store 689] Evaluation - Loss: 0.1990, MAE: 0.2814
2025-03-31 14:15:45 - [Cluster 0 - CLIENT] - INFO - Sent reply
2025-03-31 14:15:45 - [Cluster 0 - CLIENT] - INFO - Sent reply
2025-03-31 14:15:45 - [Cluster 0 - CLIENT] - INFO - 
2025-03-31 14:15:45 - [Cluster 0 - CLIENT] - INFO - Received: evaluate message a55a2aa7-294c-42f4-9602-b4551b3a5c63
2025-03-31 14:15:45 - [Cluster 0 - CLIENT] - INFO - 
2025-03-31 14:15:45 - [Cluster 0 - CLIENT] - INFO - Received: evaluate message f41c43c8-e3c5-4feb-924a-35d6593f70fe
2025-03-31 14:15:45 - [Cluster 0 - CLIENT] - INFO - 
2025-03-31 14:15:45 - [Cluster 0 - CLIENT] - INFO - Received: evaluate message 52843617-d95b-44e8-8917-996096a9e9aa
2025-03-31 14:15:45 - [Cluster 0 - CLIENT] - INFO - 
2025-03-31 14:15:45 - [Cluster 0 - CLIENT] - INFO - Received: evaluate message 2672e6a5-5eb9-47a7-ac6e-fbef2ed2cb8e
2025-03-31 14:15:45 - [Cluster 0 - CLIENT] - INFO - [Store 91] Evaluation - Loss: 0.2798, MAE: 0.3772
2025-03-31 14:15:45 - [Cluster 0 - CLIENT] - INFO - Sent reply
2025-03-31 14:15:45 - [Cluster 0 - CLIENT] - INFO - 
2025-03-31 14:15:45 - [Cluster 0 - CLIENT] - INFO - Received: evaluate message 48058e4d-6681-409a-ba74-27ffb8a9ae7b
2025-03-31 14:15:45 - [Cluster 0 - CLIENT] - INFO - [Store 201] Evaluation - Loss: 0.2670, MAE: 0.3464
2025-03-31 14:15:45 - [Cluster 0 - CLIENT] - INFO - Sent reply
2025-03-31 14:15:45 - [Cluster 0 - CLIENT] - INFO - [Store 639] Evaluation - Loss: 0.2011, MAE: 0.3057
2025-03-31 14:15:45 - [Cluster 0 - CLIENT] - INFO - Sent reply
2025-03-31 14:15:45 - [Cluster 0 - CLIENT] - INFO - [Store 1048] Evaluation - Loss: 0.3601, MAE: 0.3788
2025-03-31 14:15:45 - [Cluster 0 - CLIENT] - INFO - Sent reply
2025-03-31 14:15:45 - [Cluster 0 - CLIENT] - INFO - [Store 142] Evaluation - Loss: 0.2549, MAE: 0.2983
2025-03-31 14:15:45 - [Cluster 0 - CLIENT] - INFO - Sent reply
2025-03-31 14:15:45 - [Cluster 0 - CLIENT] - INFO - [Store 529] Evaluation - Loss: 0.2359, MAE: 0.2889
2025-03-31 14:15:45 - [Cluster 0 - CLIENT] - INFO - Sent reply
2025-03-31 14:15:45 - [Cluster 0 - CLIENT] - INFO - [Store 328] Evaluation - Loss: 0.2105, MAE: 0.2958
2025-03-31 14:15:45 - [Cluster 0 - CLIENT] - INFO - Sent reply
2025-03-31 14:15:45 - [Cluster 0 - CLIENT] - INFO - 
2025-03-31 14:15:45 - [Cluster 0 - CLIENT] - INFO - Received: evaluate message a4fc50c3-fb20-4c47-bc38-90f2089c7297
2025-03-31 14:15:45 - [Cluster 0 - CLIENT] - INFO - [Store 47] Evaluation - Loss: 0.2839, MAE: 0.3176
2025-03-31 14:15:45 - [Cluster 0 - CLIENT] - INFO - Sent reply
2025-03-31 14:15:45 - [Cluster 0 - CLIENT] - INFO - [Store 447] Evaluation - Loss: 0.2465, MAE: 0.2889
2025-03-31 14:15:45 - [Cluster 0 - CLIENT] - INFO - Sent reply
2025-03-31 14:15:45 - [Cluster 0 - CLIENT] - INFO - [Store 242] Evaluation - Loss: 0.2472, MAE: 0.3677
2025-03-31 14:15:45 - [Cluster 0 - CLIENT] - INFO - Sent reply
2025-03-31 14:15:46 - [Cluster 0 - CLIENT] - INFO - [Store 327] Evaluation - Loss: 0.2572, MAE: 0.3212
2025-03-31 14:15:46 - [Cluster 0 - CLIENT] - INFO - Sent reply
2025-03-31 14:15:46 - [Cluster 0 - CLIENT] - INFO - [Store 451] Evaluation - Loss: 0.3024, MAE: 0.3357
2025-03-31 14:15:46 - [Cluster 0 - CLIENT] - INFO - Sent reply
2025-03-31 14:15:46 - [Cluster 0 - CLIENT] - INFO - [Store 812] Evaluation - Loss: 0.2016, MAE: 0.2957
2025-03-31 14:15:46 - [Cluster 0 - CLIENT] - INFO - Sent reply
2025-03-31 14:15:46 - [Cluster 0 - CLIENT] - INFO - [Store 313] Evaluation - Loss: 0.2352, MAE: 0.3269
2025-03-31 14:15:46 - [Cluster 0 - CLIENT] - INFO - Sent reply
2025-03-31 14:15:46 - [Cluster 0 - CLIENT] - INFO - [Store 588] Evaluation - Loss: 0.2379, MAE: 0.2907
2025-03-31 14:15:46 - [Cluster 0 - CLIENT] - INFO - Sent reply
2025-03-31 14:15:46 - [Cluster 0 - CLIENT] - INFO - [Store 314] Evaluation - Loss: 0.1940, MAE: 0.2845
2025-03-31 14:15:46 - [Cluster 0 - CLIENT] - INFO - Sent reply
2025-03-31 14:15:46 - [Cluster 0 - CLIENT] - INFO - [Store 811] Evaluation - Loss: 0.2137, MAE: 0.2812
2025-03-31 14:15:46 - [Cluster 0 - CLIENT] - INFO - Sent reply
2025-03-31 14:15:46 - [Cluster 0 - CLIENT] - INFO - 
2025-03-31 14:15:46 - [Cluster 0 - CLIENT] - INFO - Received: train message 3a0982ab-23c0-4b4f-8f1e-e9aadf22e765
2025-03-31 14:15:46 - [Cluster 0 - CLIENT] - INFO - 
2025-03-31 14:15:46 - [Cluster 0 - CLIENT] - INFO - Received: train message 6632d412-5507-4d11-84dc-86ad9c361b2f
2025-03-31 14:15:46 - [Cluster 0 - CLIENT] - INFO - 
2025-03-31 14:15:46 - [Cluster 0 - CLIENT] - INFO - Received: train message 3202f03f-851d-431b-a380-3687ff4ecab7
2025-03-31 14:15:46 - [Cluster 0 - CLIENT] - INFO - [Store 242] Starting local training.
2025-03-31 14:15:46 - [Cluster 0 - CLIENT] - INFO - 
2025-03-31 14:15:46 - [Cluster 0 - CLIENT] - INFO - Received: train message ecb533db-91f9-4d21-a412-356093065d0b
2025-03-31 14:15:46 - [Cluster 0 - CLIENT] - INFO - 
2025-03-31 14:15:46 - [Cluster 0 - CLIENT] - INFO - Received: train message 21fedfa5-4dbc-4cb0-9bae-38ff832892c9
2025-03-31 14:15:46 - [Cluster 0 - CLIENT] - INFO - 
2025-03-31 14:15:46 - [Cluster 0 - CLIENT] - INFO - Received: train message 97b3891c-aae6-4262-9bfd-fb9fea23172b
2025-03-31 14:15:46 - [Cluster 0 - CLIENT] - INFO - 
2025-03-31 14:15:46 - [Cluster 0 - CLIENT] - INFO - Received: train message d884590a-7b1a-43da-8989-2bcd9abb83c3
2025-03-31 14:15:46 - [Cluster 0 - CLIENT] - INFO - 
2025-03-31 14:15:46 - [Cluster 0 - CLIENT] - INFO - Received: train message cfe8dd79-76de-44a2-ad3b-1795d8448f9b
2025-03-31 14:15:46 - [Cluster 0 - CLIENT] - INFO - [Store 91] Starting local training.
2025-03-31 14:15:46 - [Cluster 0 - CLIENT] - INFO - [Store 689] Starting local training.
2025-03-31 14:15:46 - [Cluster 0 - CLIENT] - INFO - 
2025-03-31 14:15:46 - [Cluster 0 - CLIENT] - INFO - Received: train message 6b3afeb5-8fd9-4fba-b09f-af1e5e88e73d
2025-03-31 14:15:46 - [Cluster 0 - CLIENT] - INFO - 
2025-03-31 14:15:46 - [Cluster 0 - CLIENT] - INFO - [Store 811] Starting local training.
2025-03-31 14:15:46 - [Cluster 0 - CLIENT] - INFO - Received: train message b850861a-c788-441d-a26e-a70dd3532125
2025-03-31 14:15:46 - [Cluster 0 - CLIENT] - INFO - [Store 857] Starting local training.
2025-03-31 14:15:46 - [Cluster 0 - CLIENT] - INFO - [Store 142] Starting local training.
2025-03-31 14:15:46 - [Cluster 0 - CLIENT] - INFO - 
2025-03-31 14:15:46 - [Cluster 0 - CLIENT] - INFO - Received: train message 87aa28d1-8df6-4b8c-ad4d-fcbde644573d
2025-03-31 14:15:46 - [Cluster 0 - CLIENT] - INFO - [Store 111] Starting local training.
2025-03-31 14:15:46 - [Cluster 0 - CLIENT] - INFO - 
2025-03-31 14:15:46 - [Cluster 0 - CLIENT] - INFO - Received: train message 72ee0529-2320-498d-9576-16f52230b14b
2025-03-31 14:15:46 - [Cluster 0 - CLIENT] - INFO - 
2025-03-31 14:15:46 - [Cluster 0 - CLIENT] - INFO - Received: train message a6dae639-5fd6-4bc6-99c0-3cc308aaa08a
2025-03-31 14:15:46 - [Cluster 0 - CLIENT] - INFO - 
2025-03-31 14:15:46 - [Cluster 0 - CLIENT] - INFO - Received: train message 7ac24724-53b1-4888-9b6d-f15dc7f3dcfc
2025-03-31 14:15:46 - [Cluster 0 - CLIENT] - INFO - 
2025-03-31 14:15:46 - [Cluster 0 - CLIENT] - INFO - Received: train message da862e69-3943-46c4-a206-671dc2c43a44
2025-03-31 14:15:46 - [Cluster 0 - CLIENT] - INFO - [Store 489] Starting local training.
2025-03-31 14:15:46 - [Cluster 0 - CLIENT] - INFO - [Store 529] Starting local training.
2025-03-31 14:15:46 - [Cluster 0 - CLIENT] - INFO - [Store 451] Starting local training.
2025-03-31 14:15:46 - [Cluster 0 - CLIENT] - INFO - [Store 47] Starting local training.
2025-03-31 14:15:46 - [Cluster 0 - CLIENT] - INFO - [Store 257] Starting local training.
2025-03-31 14:15:46 - [Cluster 0 - CLIENT] - INFO - [Store 313] Starting local training.
2025-03-31 14:15:46 - [Cluster 0 - CLIENT] - INFO - [Store 592] Starting local training.
2025-03-31 14:15:46 - [Cluster 0 - CLIENT] - INFO - [Store 848] Starting local training.
2025-03-31 14:19:00 - [Cluster 0 - CLIENT] - INFO - [Store 111] Local training complete.
2025-03-31 14:19:00 - [Cluster 0 - CLIENT] - INFO - Sent reply
2025-03-31 14:19:00 - [Cluster 0 - CLIENT] - INFO - 
2025-03-31 14:19:00 - [Cluster 0 - CLIENT] - INFO - Received: train message 54724c0f-6ab3-4792-95c6-183dacd28008
2025-03-31 14:19:00 - [Cluster 0 - CLIENT] - INFO - [Store 314] Starting local training.
2025-03-31 14:19:00 - [Cluster 0 - CLIENT] - INFO - [Store 529] Local training complete.
2025-03-31 14:19:01 - [Cluster 0 - CLIENT] - INFO - Sent reply
2025-03-31 14:19:01 - [Cluster 0 - CLIENT] - INFO - 
2025-03-31 14:19:01 - [Cluster 0 - CLIENT] - INFO - Received: train message 7b203c51-fafa-4a9d-b355-0031a8168e5e
2025-03-31 14:19:01 - [Cluster 0 - CLIENT] - INFO - [Store 294] Starting local training.
2025-03-31 14:19:01 - [Cluster 0 - CLIENT] - INFO - [Store 451] Local training complete.
2025-03-31 14:19:02 - [Cluster 0 - CLIENT] - INFO - Sent reply
2025-03-31 14:19:02 - [Cluster 0 - CLIENT] - INFO - 
2025-03-31 14:19:02 - [Cluster 0 - CLIENT] - INFO - Received: train message e2d191bd-b248-4b77-b736-326fc0ce7254
2025-03-31 14:19:02 - [Cluster 0 - CLIENT] - INFO - [Store 300] Starting local training.
2025-03-31 14:19:03 - [Cluster 0 - CLIENT] - INFO - [Store 811] Local training complete.
2025-03-31 14:19:04 - [Cluster 0 - CLIENT] - INFO - Sent reply
2025-03-31 14:19:04 - [Cluster 0 - CLIENT] - INFO - 
2025-03-31 14:19:04 - [Cluster 0 - CLIENT] - INFO - Received: train message 11566262-e239-4d16-b7da-a59e743c8b0b
2025-03-31 14:19:04 - [Cluster 0 - CLIENT] - INFO - [Store 418] Starting local training.
2025-03-31 14:19:04 - [Cluster 0 - CLIENT] - INFO - [Store 689] Local training complete.
2025-03-31 14:19:04 - [Cluster 0 - CLIENT] - INFO - Sent reply
2025-03-31 14:19:04 - [Cluster 0 - CLIENT] - INFO - 
2025-03-31 14:19:04 - [Cluster 0 - CLIENT] - INFO - Received: train message 04ea05c1-6a8e-4c19-87a1-ef46dacd89a1
2025-03-31 14:19:04 - [Cluster 0 - CLIENT] - INFO - [Store 1048] Starting local training.
2025-03-31 14:19:04 - [Cluster 0 - CLIENT] - INFO - [Store 47] Local training complete.
2025-03-31 14:19:04 - [Cluster 0 - CLIENT] - INFO - Sent reply
2025-03-31 14:19:04 - [Cluster 0 - CLIENT] - INFO - 
2025-03-31 14:19:04 - [Cluster 0 - CLIENT] - INFO - Received: train message 15f43547-fb25-4aeb-a6bd-2b881d2f8b9e
2025-03-31 14:19:04 - [Cluster 0 - CLIENT] - INFO - [Store 327] Starting local training.
2025-03-31 14:19:05 - [Cluster 0 - CLIENT] - INFO - [Store 257] Local training complete.
2025-03-31 14:19:05 - [Cluster 0 - CLIENT] - INFO - Sent reply
2025-03-31 14:19:05 - [Cluster 0 - CLIENT] - INFO - 
2025-03-31 14:19:05 - [Cluster 0 - CLIENT] - INFO - Received: train message 3289ac9d-1411-4c4b-a773-235f350461e0
2025-03-31 14:19:05 - [Cluster 0 - CLIENT] - INFO - [Store 812] Starting local training.
2025-03-31 14:19:05 - [Cluster 0 - CLIENT] - INFO - [Store 848] Local training complete.
2025-03-31 14:19:05 - [Cluster 0 - CLIENT] - INFO - Sent reply
2025-03-31 14:19:05 - [Cluster 0 - CLIENT] - INFO - 
2025-03-31 14:19:05 - [Cluster 0 - CLIENT] - INFO - Received: train message c52cb6ad-7e50-49ce-9cf3-7bd8b5ba35c7
2025-03-31 14:19:05 - [Cluster 0 - CLIENT] - INFO - [Store 75] Starting local training.
2025-03-31 14:19:05 - [Cluster 0 - CLIENT] - INFO - [Store 91] Local training complete.
2025-03-31 14:19:05 - [Cluster 0 - CLIENT] - INFO - Sent reply
2025-03-31 14:19:05 - [Cluster 0 - CLIENT] - INFO - 
2025-03-31 14:19:05 - [Cluster 0 - CLIENT] - INFO - Received: train message 57d0142e-4811-42d2-a1c1-b98219cc6add
2025-03-31 14:19:05 - [Cluster 0 - CLIENT] - INFO - [Store 329] Starting local training.
2025-03-31 14:19:06 - [Cluster 0 - CLIENT] - INFO - [Store 489] Local training complete.
2025-03-31 14:19:06 - [Cluster 0 - CLIENT] - INFO - Sent reply
2025-03-31 14:19:06 - [Cluster 0 - CLIENT] - INFO - 
2025-03-31 14:19:06 - [Cluster 0 - CLIENT] - INFO - Received: train message 21dc18a3-1c71-441e-bcb2-e1bb8b7fa453
2025-03-31 14:19:06 - [Cluster 0 - CLIENT] - INFO - [Store 313] Local training complete.
2025-03-31 14:19:06 - [Cluster 0 - CLIENT] - INFO - [Store 590] Starting local training.
2025-03-31 14:19:06 - [Cluster 0 - CLIENT] - INFO - Sent reply
2025-03-31 14:19:06 - [Cluster 0 - CLIENT] - INFO - 
2025-03-31 14:19:06 - [Cluster 0 - CLIENT] - INFO - Received: train message fc9c974f-9850-4e0e-8cf7-f8b20440c104
2025-03-31 14:19:06 - [Cluster 0 - CLIENT] - INFO - [Store 201] Starting local training.
2025-03-31 14:19:07 - [Cluster 0 - CLIENT] - INFO - [Store 142] Local training complete.
2025-03-31 14:19:07 - [Cluster 0 - CLIENT] - INFO - Sent reply
2025-03-31 14:19:07 - [Cluster 0 - CLIENT] - INFO - 
2025-03-31 14:19:07 - [Cluster 0 - CLIENT] - INFO - Received: train message 09810af9-53c3-44d2-aab0-306ada5fad5d
2025-03-31 14:19:07 - [Cluster 0 - CLIENT] - INFO - [Store 639] Starting local training.
2025-03-31 14:19:07 - [Cluster 0 - CLIENT] - INFO - [Store 857] Local training complete.
2025-03-31 14:19:07 - [Cluster 0 - CLIENT] - INFO - Sent reply
2025-03-31 14:19:07 - [Cluster 0 - CLIENT] - INFO - 
2025-03-31 14:19:07 - [Cluster 0 - CLIENT] - INFO - Received: train message ab8fcc9b-1f7a-49bd-9dc7-717bb3e35442
2025-03-31 14:19:08 - [Cluster 0 - CLIENT] - INFO - [Store 328] Starting local training.
2025-03-31 14:19:08 - [Cluster 0 - CLIENT] - INFO - [Store 242] Local training complete.
2025-03-31 14:19:08 - [Cluster 0 - CLIENT] - INFO - Sent reply
2025-03-31 14:19:08 - [Cluster 0 - CLIENT] - INFO - 
2025-03-31 14:19:08 - [Cluster 0 - CLIENT] - INFO - Received: train message 7d002a69-c26c-44cf-8014-92d62531a0a6
2025-03-31 14:19:08 - [Cluster 0 - CLIENT] - INFO - [Store 588] Starting local training.
2025-03-31 14:19:11 - [Cluster 0 - CLIENT] - INFO - [Store 592] Local training complete.
2025-03-31 14:19:11 - [Cluster 0 - CLIENT] - INFO - Sent reply
2025-03-31 14:19:11 - [Cluster 0 - CLIENT] - INFO - 
2025-03-31 14:19:11 - [Cluster 0 - CLIENT] - INFO - Received: train message 69cddbdf-2f42-4d0e-89c7-941b42b7eadc
2025-03-31 14:19:11 - [Cluster 0 - CLIENT] - INFO - [Store 447] Starting local training.
2025-03-31 14:22:14 - [Cluster 0 - CLIENT] - INFO - [Store 314] Local training complete.
2025-03-31 14:22:14 - [Cluster 0 - CLIENT] - INFO - Sent reply
2025-03-31 14:22:16 - [Cluster 0 - CLIENT] - INFO - [Store 300] Local training complete.
2025-03-31 14:22:16 - [Cluster 0 - CLIENT] - INFO - Sent reply
2025-03-31 14:22:16 - [Cluster 0 - CLIENT] - INFO - [Store 1048] Local training complete.
2025-03-31 14:22:16 - [Cluster 0 - CLIENT] - INFO - Sent reply
2025-03-31 14:22:16 - [Cluster 0 - CLIENT] - INFO - [Store 329] Local training complete.
2025-03-31 14:22:16 - [Cluster 0 - CLIENT] - INFO - Sent reply
2025-03-31 14:22:18 - [Cluster 0 - CLIENT] - INFO - [Store 294] Local training complete.
2025-03-31 14:22:18 - [Cluster 0 - CLIENT] - INFO - Sent reply
2025-03-31 14:22:18 - [Cluster 0 - CLIENT] - INFO - [Store 639] Local training complete.
2025-03-31 14:22:18 - [Cluster 0 - CLIENT] - INFO - Sent reply
2025-03-31 14:22:19 - [Cluster 0 - CLIENT] - INFO - [Store 590] Local training complete.
2025-03-31 14:22:19 - [Cluster 0 - CLIENT] - INFO - [Store 75] Local training complete.
2025-03-31 14:22:19 - [Cluster 0 - CLIENT] - INFO - [Store 418] Local training complete.
2025-03-31 14:22:19 - [Cluster 0 - CLIENT] - INFO - Sent reply
2025-03-31 14:22:19 - [Cluster 0 - CLIENT] - INFO - Sent reply
2025-03-31 14:22:19 - [Cluster 0 - CLIENT] - INFO - Sent reply
2025-03-31 14:22:19 - [Cluster 0 - CLIENT] - INFO - [Store 328] Local training complete.
2025-03-31 14:22:19 - [Cluster 0 - CLIENT] - INFO - Sent reply
2025-03-31 14:22:19 - [Cluster 0 - CLIENT] - INFO - [Store 327] Local training complete.
2025-03-31 14:22:19 - [Cluster 0 - CLIENT] - INFO - [Store 812] Local training complete.
2025-03-31 14:22:19 - [Cluster 0 - CLIENT] - INFO - Sent reply
2025-03-31 14:22:19 - [Cluster 0 - CLIENT] - INFO - Sent reply
2025-03-31 14:22:20 - [Cluster 0 - CLIENT] - INFO - [Store 588] Local training complete.
2025-03-31 14:22:20 - [Cluster 0 - CLIENT] - INFO - Sent reply
2025-03-31 14:22:20 - [Cluster 0 - CLIENT] - INFO - [Store 447] Local training complete.
2025-03-31 14:22:20 - [Cluster 0 - CLIENT] - INFO - Sent reply
2025-03-31 14:22:21 - [Cluster 0 - CLIENT] - INFO - [Store 201] Local training complete.
2025-03-31 14:22:21 - [Cluster 0 - CLIENT] - INFO - Sent reply
2025-03-31 14:22:21 - [Cluster 0 - CLIENT] - INFO - 
2025-03-31 14:22:21 - [Cluster 0 - CLIENT] - INFO - Received: evaluate message ffa50e57-47dd-4667-88df-6a3fad860349
2025-03-31 14:22:21 - [Cluster 0 - CLIENT] - INFO - 
2025-03-31 14:22:21 - [Cluster 0 - CLIENT] - INFO - Received: evaluate message 81b3bf25-7879-4ec0-acb8-5ae03631c206
2025-03-31 14:22:21 - [Cluster 0 - CLIENT] - INFO - 
2025-03-31 14:22:21 - [Cluster 0 - CLIENT] - INFO - Received: evaluate message 70166eb2-e217-4d19-8a78-13219ab341bc
2025-03-31 14:22:21 - [Cluster 0 - CLIENT] - INFO - 
2025-03-31 14:22:21 - [Cluster 0 - CLIENT] - INFO - 
2025-03-31 14:22:21 - [Cluster 0 - CLIENT] - INFO - Received: evaluate message 40b9c7e5-4c40-4fc3-909c-aea2a10b8818
2025-03-31 14:22:21 - [Cluster 0 - CLIENT] - INFO - Received: evaluate message 07746e92-81cd-4315-89c0-85168240755b
2025-03-31 14:22:21 - [Cluster 0 - CLIENT] - INFO - 
2025-03-31 14:22:21 - [Cluster 0 - CLIENT] - INFO - Received: evaluate message c9501443-cfe6-4185-872e-fe84acd0e59c
2025-03-31 14:22:21 - [Cluster 0 - CLIENT] - INFO - 
2025-03-31 14:22:21 - [Cluster 0 - CLIENT] - INFO - Received: evaluate message ad92b02f-f19a-4ec2-81d9-11b7e915ae35
2025-03-31 14:22:21 - [Cluster 0 - CLIENT] - INFO - 
2025-03-31 14:22:21 - [Cluster 0 - CLIENT] - INFO - Received: evaluate message aacea07b-7b7f-429f-b088-dd5b971ad988
2025-03-31 14:22:21 - [Cluster 0 - CLIENT] - INFO - 
2025-03-31 14:22:21 - [Cluster 0 - CLIENT] - INFO - Received: evaluate message fcd00ecc-7a7c-4b73-8637-eb339a14ea58
2025-03-31 14:22:21 - [Cluster 0 - CLIENT] - INFO - 
2025-03-31 14:22:21 - [Cluster 0 - CLIENT] - INFO - Received: evaluate message 6c44c1ca-6c09-4005-b172-3189cf5e7c4a
2025-03-31 14:22:21 - [Cluster 0 - CLIENT] - INFO - 
2025-03-31 14:22:21 - [Cluster 0 - CLIENT] - INFO - Received: evaluate message 2314ce83-c925-4e3a-8003-567e6b23e003
2025-03-31 14:22:21 - [Cluster 0 - CLIENT] - INFO - 
2025-03-31 14:22:21 - [Cluster 0 - CLIENT] - INFO - Received: evaluate message c27dc0eb-ac6b-46ca-9585-fa9db09b21ee
2025-03-31 14:22:21 - [Cluster 0 - CLIENT] - INFO - 
2025-03-31 14:22:21 - [Cluster 0 - CLIENT] - INFO - Received: evaluate message c0df9189-fa18-437b-b723-08138fb3cb98
2025-03-31 14:22:21 - [Cluster 0 - CLIENT] - INFO - 
2025-03-31 14:22:21 - [Cluster 0 - CLIENT] - INFO - Received: evaluate message 73f0ae2f-4a46-4477-b243-8d3a87f3ec18
2025-03-31 14:22:21 - [Cluster 0 - CLIENT] - INFO - 
2025-03-31 14:22:21 - [Cluster 0 - CLIENT] - INFO - Received: evaluate message 89cf8169-6504-401f-bb26-91ff0a1119f9
2025-03-31 14:22:22 - [Cluster 0 - CLIENT] - INFO - [Store 327] Evaluation - Loss: 0.2446, MAE: 0.2941
2025-03-31 14:22:22 - [Cluster 0 - CLIENT] - INFO - Sent reply
2025-03-31 14:22:22 - [Cluster 0 - CLIENT] - INFO - 
2025-03-31 14:22:22 - [Cluster 0 - CLIENT] - INFO - Received: evaluate message 87e36e13-6d26-4477-b934-67226a7b046c
2025-03-31 14:22:22 - [Cluster 0 - CLIENT] - INFO - [Store 294] Evaluation - Loss: 0.2442, MAE: 0.3069
2025-03-31 14:22:22 - [Cluster 0 - CLIENT] - INFO - Sent reply
2025-03-31 14:22:22 - [Cluster 0 - CLIENT] - INFO - 
2025-03-31 14:22:22 - [Cluster 0 - CLIENT] - INFO - Received: evaluate message 12ebedab-d5a4-4286-a78d-9671953bd429
2025-03-31 14:22:22 - [Cluster 0 - CLIENT] - INFO - [Store 590] Evaluation - Loss: 0.2913, MAE: 0.3528
2025-03-31 14:22:22 - [Cluster 0 - CLIENT] - INFO - Sent reply
2025-03-31 14:22:22 - [Cluster 0 - CLIENT] - INFO - 
2025-03-31 14:22:22 - [Cluster 0 - CLIENT] - INFO - Received: evaluate message 068834cb-fd07-4ca2-ba6f-d8b0887b7fae
2025-03-31 14:22:22 - [Cluster 0 - CLIENT] - INFO - [Store 639] Evaluation - Loss: 0.1998, MAE: 0.2730
2025-03-31 14:22:22 - [Cluster 0 - CLIENT] - INFO - Sent reply
2025-03-31 14:22:22 - [Cluster 0 - CLIENT] - INFO - [Store 201] Evaluation - Loss: 0.2702, MAE: 0.3492
2025-03-31 14:22:22 - [Cluster 0 - CLIENT] - INFO - Sent reply
2025-03-31 14:22:22 - [Cluster 0 - CLIENT] - INFO - 
2025-03-31 14:22:22 - [Cluster 0 - CLIENT] - INFO - Received: evaluate message 3da166ba-cdcc-4d63-a6af-8b4c21a41866
2025-03-31 14:22:22 - [Cluster 0 - CLIENT] - INFO - 
2025-03-31 14:22:22 - [Cluster 0 - CLIENT] - INFO - Received: evaluate message d3713022-6062-43ee-a829-73c1dd12123b
2025-03-31 14:22:22 - [Cluster 0 - CLIENT] - INFO - [Store 451] Evaluation - Loss: 0.2896, MAE: 0.3284
2025-03-31 14:22:22 - [Cluster 0 - CLIENT] - INFO - Sent reply
2025-03-31 14:22:22 - [Cluster 0 - CLIENT] - INFO - [Store 257] Evaluation - Loss: 0.2142, MAE: 0.2625
2025-03-31 14:22:22 - [Cluster 0 - CLIENT] - INFO - Sent reply
2025-03-31 14:22:22 - [Cluster 0 - CLIENT] - INFO - 
2025-03-31 14:22:22 - [Cluster 0 - CLIENT] - INFO - Received: evaluate message d4945ba3-0089-4c5f-876c-55a061e1e10c
2025-03-31 14:22:22 - [Cluster 0 - CLIENT] - INFO - 
2025-03-31 14:22:22 - [Cluster 0 - CLIENT] - INFO - Received: evaluate message 2f6c555b-da91-4311-a691-4aa79a5b008a
2025-03-31 14:22:22 - [Cluster 0 - CLIENT] - INFO - [Store 314] Evaluation - Loss: 0.1787, MAE: 0.2500
2025-03-31 14:22:22 - [Cluster 0 - CLIENT] - INFO - Sent reply
2025-03-31 14:22:22 - [Cluster 0 - CLIENT] - INFO - [Store 689] Evaluation - Loss: 0.2017, MAE: 0.2646
2025-03-31 14:22:22 - [Cluster 0 - CLIENT] - INFO - Sent reply
2025-03-31 14:22:22 - [Cluster 0 - CLIENT] - INFO - [Store 242] Evaluation - Loss: 0.2296, MAE: 0.3358
2025-03-31 14:22:22 - [Cluster 0 - CLIENT] - INFO - Sent reply
2025-03-31 14:22:22 - [Cluster 0 - CLIENT] - INFO - [Store 529] Evaluation - Loss: 0.2347, MAE: 0.2844
2025-03-31 14:22:22 - [Cluster 0 - CLIENT] - INFO - Sent reply
2025-03-31 14:22:22 - [Cluster 0 - CLIENT] - INFO - 
2025-03-31 14:22:22 - [Cluster 0 - CLIENT] - INFO - Received: evaluate message 7fc9ee7b-3a37-4939-872d-fc5a9af8c64d
2025-03-31 14:22:22 - [Cluster 0 - CLIENT] - INFO - 
2025-03-31 14:22:22 - [Cluster 0 - CLIENT] - INFO - Received: evaluate message b03ad0c2-5e40-4b00-9832-49a8476011bf
2025-03-31 14:22:22 - [Cluster 0 - CLIENT] - INFO - 
2025-03-31 14:22:22 - [Cluster 0 - CLIENT] - INFO - Received: evaluate message d422a38a-7dfc-44c9-99c0-3063f88ab2e4
2025-03-31 14:22:22 - [Cluster 0 - CLIENT] - INFO - 
2025-03-31 14:22:22 - [Cluster 0 - CLIENT] - INFO - Received: evaluate message 56aacc1d-fa14-42ee-8d72-bde6d9272c0b
2025-03-31 14:22:22 - [Cluster 0 - CLIENT] - INFO - [Store 811] Evaluation - Loss: 0.2217, MAE: 0.3038
2025-03-31 14:22:22 - [Cluster 0 - CLIENT] - INFO - Sent reply
2025-03-31 14:22:22 - [Cluster 0 - CLIENT] - INFO - [Store 300] Evaluation - Loss: 0.3304, MAE: 0.3784
2025-03-31 14:22:22 - [Cluster 0 - CLIENT] - INFO - Sent reply
2025-03-31 14:22:22 - [Cluster 0 - CLIENT] - INFO - [Store 857] Evaluation - Loss: 0.3692, MAE: 0.4034
2025-03-31 14:22:22 - [Cluster 0 - CLIENT] - INFO - [Store 592] Evaluation - Loss: 0.1941, MAE: 0.2775
2025-03-31 14:22:23 - [Cluster 0 - CLIENT] - INFO - Sent reply
2025-03-31 14:22:23 - [Cluster 0 - CLIENT] - INFO - Sent reply
2025-03-31 14:22:23 - [Cluster 0 - CLIENT] - INFO - 
2025-03-31 14:22:23 - [Cluster 0 - CLIENT] - INFO - Received: evaluate message 50e8baf7-2ec5-4d50-becc-99fb5aec1ead
2025-03-31 14:22:23 - [Cluster 0 - CLIENT] - INFO - 
2025-03-31 14:22:23 - [Cluster 0 - CLIENT] - INFO - Received: evaluate message 5b241de6-ccac-49f4-a961-054362769e7d
2025-03-31 14:22:23 - [Cluster 0 - CLIENT] - INFO - 
2025-03-31 14:22:23 - [Cluster 0 - CLIENT] - INFO - Received: evaluate message 685ee405-b173-4045-83b6-de3d97c0fdae
2025-03-31 14:22:23 - [Cluster 0 - CLIENT] - INFO - 
2025-03-31 14:22:23 - [Cluster 0 - CLIENT] - INFO - Received: evaluate message 5ee9316c-3ef8-4e44-8c0e-8f573aafa86e
2025-03-31 14:22:23 - [Cluster 0 - CLIENT] - INFO - [Store 313] Evaluation - Loss: 0.2213, MAE: 0.2913
2025-03-31 14:22:23 - [Cluster 0 - CLIENT] - INFO - Sent reply
2025-03-31 14:22:23 - [Cluster 0 - CLIENT] - INFO - [Store 329] Evaluation - Loss: 0.2120, MAE: 0.2852
2025-03-31 14:22:23 - [Cluster 0 - CLIENT] - INFO - [Store 328] Evaluation - Loss: 0.1999, MAE: 0.2628
2025-03-31 14:22:23 - [Cluster 0 - CLIENT] - INFO - Sent reply
2025-03-31 14:22:23 - [Cluster 0 - CLIENT] - INFO - [Store 848] Evaluation - Loss: 0.1788, MAE: 0.2514
2025-03-31 14:22:23 - [Cluster 0 - CLIENT] - INFO - Sent reply
2025-03-31 14:22:23 - [Cluster 0 - CLIENT] - INFO - Sent reply
2025-03-31 14:22:23 - [Cluster 0 - CLIENT] - INFO - [Store 447] Evaluation - Loss: 0.2594, MAE: 0.3135
2025-03-31 14:22:23 - [Cluster 0 - CLIENT] - INFO - Sent reply
2025-03-31 14:22:23 - [Cluster 0 - CLIENT] - INFO - [Store 418] Evaluation - Loss: 0.2665, MAE: 0.3269
2025-03-31 14:22:23 - [Cluster 0 - CLIENT] - INFO - Sent reply
2025-03-31 14:22:23 - [Cluster 0 - CLIENT] - INFO - [Store 142] Evaluation - Loss: 0.2508, MAE: 0.2828
2025-03-31 14:22:23 - [Cluster 0 - CLIENT] - INFO - Sent reply
2025-03-31 14:22:23 - [Cluster 0 - CLIENT] - INFO - [Store 1048] Evaluation - Loss: 0.3334, MAE: 0.3423
2025-03-31 14:22:23 - [Cluster 0 - CLIENT] - INFO - Sent reply
2025-03-31 14:22:23 - [Cluster 0 - CLIENT] - INFO - [Store 489] Evaluation - Loss: 0.1871, MAE: 0.3050
2025-03-31 14:22:23 - [Cluster 0 - CLIENT] - INFO - Sent reply
2025-03-31 14:22:23 - [Cluster 0 - CLIENT] - INFO - [Store 75] Evaluation - Loss: 0.2403, MAE: 0.3143
2025-03-31 14:22:23 - [Cluster 0 - CLIENT] - INFO - Sent reply
2025-03-31 14:22:23 - [Cluster 0 - CLIENT] - INFO - [Store 47] Evaluation - Loss: 0.2627, MAE: 0.2992
2025-03-31 14:22:23 - [Cluster 0 - CLIENT] - INFO - Sent reply
2025-03-31 14:22:23 - [Cluster 0 - CLIENT] - INFO - [Store 111] Evaluation - Loss: 0.2368, MAE: 0.3117
2025-03-31 14:22:23 - [Cluster 0 - CLIENT] - INFO - Sent reply
2025-03-31 14:22:23 - [Cluster 0 - CLIENT] - INFO - [Store 812] Evaluation - Loss: 0.1810, MAE: 0.2556
2025-03-31 14:22:23 - [Cluster 0 - CLIENT] - INFO - Sent reply
2025-03-31 14:22:23 - [Cluster 0 - CLIENT] - INFO - [Store 91] Evaluation - Loss: 0.2830, MAE: 0.3552
2025-03-31 14:22:23 - [Cluster 0 - CLIENT] - INFO - Sent reply
2025-03-31 14:22:23 - [Cluster 0 - CLIENT] - INFO - [Store 588] Evaluation - Loss: 0.2381, MAE: 0.2877
2025-03-31 14:22:23 - [Cluster 0 - CLIENT] - INFO - Sent reply
2025-03-31 14:22:23 - [Cluster 0 - CLIENT] - INFO - 
2025-03-31 14:22:23 - [Cluster 0 - CLIENT] - INFO - Received: train message 166bf58a-8e0d-450b-b389-a1b135f4699b
2025-03-31 14:22:23 - [Cluster 0 - CLIENT] - INFO - 
2025-03-31 14:22:23 - [Cluster 0 - CLIENT] - INFO - Received: train message b8c53742-1409-4e83-9b0d-2acbc7699696
2025-03-31 14:22:23 - [Cluster 0 - CLIENT] - INFO - 
2025-03-31 14:22:23 - [Cluster 0 - CLIENT] - INFO - Received: train message 35d36563-91a0-4067-b4dc-f870e156288e
2025-03-31 14:22:23 - [Cluster 0 - CLIENT] - INFO - [Store 489] Starting local training.
2025-03-31 14:22:23 - [Cluster 0 - CLIENT] - INFO - 
2025-03-31 14:22:23 - [Cluster 0 - CLIENT] - INFO - Received: train message e3532b91-15b4-4e8d-a0a4-3ad3542651c3
2025-03-31 14:22:23 - [Cluster 0 - CLIENT] - INFO - [Store 75] Starting local training.
2025-03-31 14:22:23 - [Cluster 0 - CLIENT] - INFO - 
2025-03-31 14:22:23 - [Cluster 0 - CLIENT] - INFO - Received: train message c8908255-1a1c-4e89-bff1-436b9d17d40e
2025-03-31 14:22:23 - [Cluster 0 - CLIENT] - INFO - 
2025-03-31 14:22:23 - [Cluster 0 - CLIENT] - INFO - Received: train message 8239b303-afc0-4c93-8570-e97f5da0829b
2025-03-31 14:22:23 - [Cluster 0 - CLIENT] - INFO - 
2025-03-31 14:22:23 - [Cluster 0 - CLIENT] - INFO - Received: train message 796f1757-cdd1-47b7-ad2c-bf73dee61813
2025-03-31 14:22:23 - [Cluster 0 - CLIENT] - INFO - 
2025-03-31 14:22:23 - [Cluster 0 - CLIENT] - INFO - Received: train message fc208756-6edc-4108-b97f-433d5d364439
2025-03-31 14:22:23 - [Cluster 0 - CLIENT] - INFO - 
2025-03-31 14:22:23 - [Cluster 0 - CLIENT] - INFO - Received: train message c825f501-d453-4cbd-acb4-94a22b3c0898
2025-03-31 14:22:23 - [Cluster 0 - CLIENT] - INFO - [Store 857] Starting local training.
2025-03-31 14:22:23 - [Cluster 0 - CLIENT] - INFO - [Store 418] Starting local training.
2025-03-31 14:22:23 - [Cluster 0 - CLIENT] - INFO - [Store 201] Starting local training.
2025-03-31 14:22:23 - [Cluster 0 - CLIENT] - INFO - 
2025-03-31 14:22:23 - [Cluster 0 - CLIENT] - INFO - Received: train message 238b563d-10d8-46a2-8379-ab3ddf3a2671
2025-03-31 14:22:23 - [Cluster 0 - CLIENT] - INFO - 
2025-03-31 14:22:23 - [Cluster 0 - CLIENT] - INFO - Received: train message f2b6dcc3-9832-4526-9940-3ade7aa067f3
2025-03-31 14:22:23 - [Cluster 0 - CLIENT] - INFO - 
2025-03-31 14:22:23 - [Cluster 0 - CLIENT] - INFO - Received: train message a3e03f00-2737-4661-9a8d-6b98e1439298
2025-03-31 14:22:23 - [Cluster 0 - CLIENT] - INFO - 
2025-03-31 14:22:23 - [Cluster 0 - CLIENT] - INFO - Received: train message aaeaf9c9-d8e6-4c18-9632-fb0e6cf28b22
2025-03-31 14:22:23 - [Cluster 0 - CLIENT] - INFO - [Store 91] Starting local training.
2025-03-31 14:22:24 - [Cluster 0 - CLIENT] - INFO - 
2025-03-31 14:22:24 - [Cluster 0 - CLIENT] - INFO - Received: train message 8f76d620-0fce-4a62-88fd-1373f53c3af2
2025-03-31 14:22:24 - [Cluster 0 - CLIENT] - INFO - [Store 294] Starting local training.
2025-03-31 14:22:24 - [Cluster 0 - CLIENT] - INFO - 
2025-03-31 14:22:24 - [Cluster 0 - CLIENT] - INFO - Received: train message a40bc739-6bb8-47d8-8cbd-b8a9df848607
2025-03-31 14:22:24 - [Cluster 0 - CLIENT] - INFO - [Store 257] Starting local training.
2025-03-31 14:22:24 - [Cluster 0 - CLIENT] - INFO - [Store 529] Starting local training.
2025-03-31 14:22:24 - [Cluster 0 - CLIENT] - INFO - [Store 592] Starting local training.
2025-03-31 14:22:24 - [Cluster 0 - CLIENT] - INFO - [Store 588] Starting local training.
2025-03-31 14:22:24 - [Cluster 0 - CLIENT] - INFO - [Store 242] Starting local training.
2025-03-31 14:22:24 - [Cluster 0 - CLIENT] - INFO - [Store 47] Starting local training.
2025-03-31 14:22:24 - [Cluster 0 - CLIENT] - INFO - [Store 590] Starting local training.
2025-03-31 14:22:24 - [Cluster 0 - CLIENT] - INFO - [Store 689] Starting local training.
2025-03-31 14:25:32 - [Cluster 0 - CLIENT] - INFO - [Store 242] Local training complete.
2025-03-31 14:25:32 - [Cluster 0 - CLIENT] - INFO - [Store 588] Local training complete.
2025-03-31 14:25:32 - [Cluster 0 - CLIENT] - INFO - Sent reply
2025-03-31 14:25:32 - [Cluster 0 - CLIENT] - INFO - 
2025-03-31 14:25:32 - [Cluster 0 - CLIENT] - INFO - Received: train message 7b666b6b-f70c-4792-b323-718e7f9fd42e
2025-03-31 14:25:32 - [Cluster 0 - CLIENT] - INFO - [Store 300] Starting local training.
2025-03-31 14:25:32 - [Cluster 0 - CLIENT] - INFO - 
2025-03-31 14:25:32 - [Cluster 0 - CLIENT] - INFO - Received: train message 1cae0f8e-4aaf-4a92-b824-e2b791e2d981
2025-03-31 14:25:32 - [Cluster 0 - CLIENT] - INFO - Sent reply
2025-03-31 14:25:32 - [Cluster 0 - CLIENT] - INFO - [Store 313] Starting local training.
2025-03-31 14:25:34 - [Cluster 0 - CLIENT] - INFO - [Store 91] Local training complete.
2025-03-31 14:25:34 - [Cluster 0 - CLIENT] - INFO - Sent reply
2025-03-31 14:25:34 - [Cluster 0 - CLIENT] - INFO - 
2025-03-31 14:25:34 - [Cluster 0 - CLIENT] - INFO - Received: train message 05a3dd77-b021-426b-96b2-88c507e7d7c3
2025-03-31 14:25:34 - [Cluster 0 - CLIENT] - INFO - [Store 1048] Starting local training.
2025-03-31 14:25:35 - [Cluster 0 - CLIENT] - INFO - [Store 201] Local training complete.
2025-03-31 14:25:35 - [Cluster 0 - CLIENT] - INFO - Sent reply
2025-03-31 14:25:35 - [Cluster 0 - CLIENT] - INFO - 
2025-03-31 14:25:35 - [Cluster 0 - CLIENT] - INFO - Received: train message f3eef0d3-565e-4c86-bfbe-24a30365d215
2025-03-31 14:25:35 - [Cluster 0 - CLIENT] - INFO - [Store 857] Local training complete.
2025-03-31 14:25:35 - [Cluster 0 - CLIENT] - INFO - [Store 329] Starting local training.
2025-03-31 14:25:35 - [Cluster 0 - CLIENT] - INFO - [Store 47] Local training complete.
2025-03-31 14:25:36 - [Cluster 0 - CLIENT] - INFO - [Store 689] Local training complete.
2025-03-31 14:25:36 - [Cluster 0 - CLIENT] - INFO - Sent reply
2025-03-31 14:25:36 - [Cluster 0 - CLIENT] - INFO - Sent reply
2025-03-31 14:25:36 - [Cluster 0 - CLIENT] - INFO - 
2025-03-31 14:25:36 - [Cluster 0 - CLIENT] - INFO - Received: train message 57e55f8b-a23d-4fab-9b20-816b23950b91
2025-03-31 14:25:36 - [Cluster 0 - CLIENT] - INFO - 
2025-03-31 14:25:36 - [Cluster 0 - CLIENT] - INFO - Received: train message 2fb31109-12e0-41f1-8d71-ba27a2268f66
2025-03-31 14:25:36 - [Cluster 0 - CLIENT] - INFO - [Store 314] Starting local training.
2025-03-31 14:25:36 - [Cluster 0 - CLIENT] - INFO - [Store 812] Starting local training.
2025-03-31 14:25:36 - [Cluster 0 - CLIENT] - INFO - Sent reply
2025-03-31 14:25:36 - [Cluster 0 - CLIENT] - INFO - 
2025-03-31 14:25:36 - [Cluster 0 - CLIENT] - INFO - Received: train message e62667ea-7786-4509-b7f7-d029be6dbeeb
2025-03-31 14:25:36 - [Cluster 0 - CLIENT] - INFO - [Store 111] Starting local training.
2025-03-31 14:25:36 - [Cluster 0 - CLIENT] - INFO - [Store 257] Local training complete.
2025-03-31 14:25:36 - [Cluster 0 - CLIENT] - INFO - Sent reply
2025-03-31 14:25:36 - [Cluster 0 - CLIENT] - INFO - 
2025-03-31 14:25:36 - [Cluster 0 - CLIENT] - INFO - Received: train message a66fea68-cef5-4c59-93c7-36350bbaaeaa
2025-03-31 14:25:36 - [Cluster 0 - CLIENT] - INFO - [Store 639] Starting local training.
2025-03-31 14:25:36 - [Cluster 0 - CLIENT] - INFO - [Store 489] Local training complete.
2025-03-31 14:25:36 - [Cluster 0 - CLIENT] - INFO - [Store 590] Local training complete.
2025-03-31 14:25:37 - [Cluster 0 - CLIENT] - INFO - Sent reply
2025-03-31 14:25:37 - [Cluster 0 - CLIENT] - INFO - Sent reply
2025-03-31 14:25:37 - [Cluster 0 - CLIENT] - INFO - 
2025-03-31 14:25:37 - [Cluster 0 - CLIENT] - INFO - Received: train message a4514eee-db30-4ec2-a444-cf360c5cc6c6
2025-03-31 14:25:37 - [Cluster 0 - CLIENT] - INFO - 
2025-03-31 14:25:37 - [Cluster 0 - CLIENT] - INFO - Received: train message 6e2c4379-f4ed-42cf-9f95-39431dd7a0d2
2025-03-31 14:25:37 - [Cluster 0 - CLIENT] - INFO - [Store 811] Starting local training.
2025-03-31 14:25:37 - [Cluster 0 - CLIENT] - INFO - [Store 328] Starting local training.
2025-03-31 14:25:37 - [Cluster 0 - CLIENT] - INFO - [Store 294] Local training complete.
2025-03-31 14:25:37 - [Cluster 0 - CLIENT] - INFO - Sent reply
2025-03-31 14:25:37 - [Cluster 0 - CLIENT] - INFO - 
2025-03-31 14:25:37 - [Cluster 0 - CLIENT] - INFO - Received: train message 352fb606-ca5e-4093-b90a-2b0647232996
2025-03-31 14:25:37 - [Cluster 0 - CLIENT] - INFO - [Store 142] Starting local training.
2025-03-31 14:25:38 - [Cluster 0 - CLIENT] - INFO - [Store 418] Local training complete.
2025-03-31 14:25:38 - [Cluster 0 - CLIENT] - INFO - Sent reply
2025-03-31 14:25:38 - [Cluster 0 - CLIENT] - INFO - 
2025-03-31 14:25:38 - [Cluster 0 - CLIENT] - INFO - Received: train message b58f6965-b665-4746-a265-59720df99948
2025-03-31 14:25:38 - [Cluster 0 - CLIENT] - INFO - [Store 451] Starting local training.
2025-03-31 14:25:38 - [Cluster 0 - CLIENT] - INFO - [Store 592] Local training complete.
2025-03-31 14:25:38 - [Cluster 0 - CLIENT] - INFO - Sent reply
2025-03-31 14:25:38 - [Cluster 0 - CLIENT] - INFO - 
2025-03-31 14:25:38 - [Cluster 0 - CLIENT] - INFO - Received: train message c1434e06-97ba-4eb5-a42a-e896e6ec0692
2025-03-31 14:25:38 - [Cluster 0 - CLIENT] - INFO - [Store 447] Starting local training.
2025-03-31 14:25:39 - [Cluster 0 - CLIENT] - INFO - [Store 529] Local training complete.
2025-03-31 14:25:39 - [Cluster 0 - CLIENT] - INFO - Sent reply
2025-03-31 14:25:39 - [Cluster 0 - CLIENT] - INFO - 
2025-03-31 14:25:39 - [Cluster 0 - CLIENT] - INFO - Received: train message 000ec1f4-7b17-446e-8962-b60f103aaf0f
2025-03-31 14:25:39 - [Cluster 0 - CLIENT] - INFO - [Store 327] Starting local training.
2025-03-31 14:25:43 - [Cluster 0 - CLIENT] - INFO - [Store 75] Local training complete.
2025-03-31 14:25:43 - [Cluster 0 - CLIENT] - INFO - Sent reply
2025-03-31 14:25:43 - [Cluster 0 - CLIENT] - INFO - 
2025-03-31 14:25:43 - [Cluster 0 - CLIENT] - INFO - Received: train message 9776684c-3d19-420d-a9f6-5907d0299aa7
2025-03-31 14:25:43 - [Cluster 0 - CLIENT] - INFO - [Store 848] Starting local training.
2025-03-31 14:28:41 - [Cluster 0 - CLIENT] - INFO - [Store 300] Local training complete.
2025-03-31 14:28:42 - [Cluster 0 - CLIENT] - INFO - Sent reply
2025-03-31 14:28:43 - [Cluster 0 - CLIENT] - INFO - [Store 1048] Local training complete.
2025-03-31 14:28:43 - [Cluster 0 - CLIENT] - INFO - Sent reply
2025-03-31 14:28:44 - [Cluster 0 - CLIENT] - INFO - [Store 314] Local training complete.
2025-03-31 14:28:44 - [Cluster 0 - CLIENT] - INFO - Sent reply
2025-03-31 14:28:45 - [Cluster 0 - CLIENT] - INFO - [Store 313] Local training complete.
2025-03-31 14:28:46 - [Cluster 0 - CLIENT] - INFO - Sent reply
2025-03-31 14:28:46 - [Cluster 0 - CLIENT] - INFO - [Store 111] Local training complete.
2025-03-31 14:28:46 - [Cluster 0 - CLIENT] - INFO - [Store 812] Local training complete.
2025-03-31 14:28:46 - [Cluster 0 - CLIENT] - INFO - Sent reply
2025-03-31 14:28:46 - [Cluster 0 - CLIENT] - INFO - [Store 142] Local training complete.
2025-03-31 14:28:46 - [Cluster 0 - CLIENT] - INFO - [Store 639] Local training complete.
2025-03-31 14:28:46 - [Cluster 0 - CLIENT] - INFO - Sent reply
2025-03-31 14:28:46 - [Cluster 0 - CLIENT] - INFO - Sent reply
2025-03-31 14:28:46 - [Cluster 0 - CLIENT] - INFO - Sent reply
2025-03-31 14:28:46 - [Cluster 0 - CLIENT] - INFO - [Store 451] Local training complete.
2025-03-31 14:28:46 - [Cluster 0 - CLIENT] - INFO - Sent reply
2025-03-31 14:28:46 - [Cluster 0 - CLIENT] - INFO - [Store 811] Local training complete.
2025-03-31 14:28:46 - [Cluster 0 - CLIENT] - INFO - Sent reply
2025-03-31 14:28:46 - [Cluster 0 - CLIENT] - INFO - [Store 328] Local training complete.
2025-03-31 14:28:46 - [Cluster 0 - CLIENT] - INFO - Sent reply
2025-03-31 14:28:47 - [Cluster 0 - CLIENT] - INFO - [Store 327] Local training complete.
2025-03-31 14:28:47 - [Cluster 0 - CLIENT] - INFO - Sent reply
2025-03-31 14:28:47 - [Cluster 0 - CLIENT] - INFO - [Store 447] Local training complete.
2025-03-31 14:28:47 - [Cluster 0 - CLIENT] - INFO - Sent reply
2025-03-31 14:28:48 - [Cluster 0 - CLIENT] - INFO - [Store 848] Local training complete.
2025-03-31 14:28:48 - [Cluster 0 - CLIENT] - INFO - Sent reply
2025-03-31 14:28:49 - [Cluster 0 - CLIENT] - INFO - [Store 329] Local training complete.
2025-03-31 14:28:49 - [Cluster 0 - CLIENT] - INFO - Sent reply
2025-03-31 14:28:49 - [Cluster 0 - CLIENT] - INFO - 
2025-03-31 14:28:49 - [Cluster 0 - CLIENT] - INFO - Received: evaluate message f7977bef-9034-4316-b48b-d70b0967a630
2025-03-31 14:28:49 - [Cluster 0 - CLIENT] - INFO - 
2025-03-31 14:28:49 - [Cluster 0 - CLIENT] - INFO - Received: evaluate message 813ea67d-510d-4732-97cf-b36b51543501
2025-03-31 14:28:49 - [Cluster 0 - CLIENT] - INFO - 
2025-03-31 14:28:49 - [Cluster 0 - CLIENT] - INFO - Received: evaluate message a2d0e724-ed7d-4a6b-be3e-7a336c4fdf80
2025-03-31 14:28:49 - [Cluster 0 - CLIENT] - INFO - 
2025-03-31 14:28:49 - [Cluster 0 - CLIENT] - INFO - Received: evaluate message 431fa9af-be61-42d4-ae7f-ab21fe4ba3de
2025-03-31 14:28:49 - [Cluster 0 - CLIENT] - INFO - 
2025-03-31 14:28:49 - [Cluster 0 - CLIENT] - INFO - Received: evaluate message 3c33e301-b727-4021-9684-8f0dc8e83ec2
2025-03-31 14:28:49 - [Cluster 0 - CLIENT] - INFO - 
2025-03-31 14:28:49 - [Cluster 0 - CLIENT] - INFO - Received: evaluate message 8210690b-8cdb-4b56-bc90-44a0bd7efbc0
2025-03-31 14:28:49 - [Cluster 0 - CLIENT] - INFO - 
2025-03-31 14:28:49 - [Cluster 0 - CLIENT] - INFO - Received: evaluate message 4024ff30-8dee-4ddf-9fa7-59a160663308
2025-03-31 14:28:49 - [Cluster 0 - CLIENT] - INFO - 
2025-03-31 14:28:49 - [Cluster 0 - CLIENT] - INFO - Received: evaluate message a9d84aa4-8f0d-4ef0-a1c6-011f789ffe3d
2025-03-31 14:28:49 - [Cluster 0 - CLIENT] - INFO - 
2025-03-31 14:28:49 - [Cluster 0 - CLIENT] - INFO - Received: evaluate message 2db3f0d8-04bd-43fe-8bca-62415d78b9c6
2025-03-31 14:28:49 - [Cluster 0 - CLIENT] - INFO - 
2025-03-31 14:28:49 - [Cluster 0 - CLIENT] - INFO - Received: evaluate message bf22032c-9c75-406d-b5a4-6c5803864951
2025-03-31 14:28:49 - [Cluster 0 - CLIENT] - INFO - 
2025-03-31 14:28:49 - [Cluster 0 - CLIENT] - INFO - Received: evaluate message 35c745b3-c542-45c4-b6f8-407c0459695f
2025-03-31 14:28:49 - [Cluster 0 - CLIENT] - INFO - 
2025-03-31 14:28:49 - [Cluster 0 - CLIENT] - INFO - Received: evaluate message 50b828ff-7bc2-4178-88de-90c8166f6570
2025-03-31 14:28:49 - [Cluster 0 - CLIENT] - INFO - 
2025-03-31 14:28:49 - [Cluster 0 - CLIENT] - INFO - Received: evaluate message b90ecc90-46cb-4296-8183-39bcf9f62222
2025-03-31 14:28:49 - [Cluster 0 - CLIENT] - INFO - 
2025-03-31 14:28:49 - [Cluster 0 - CLIENT] - INFO - Received: evaluate message 140f58ca-8b3f-4c09-9662-9569f3096e1d
2025-03-31 14:28:49 - [Cluster 0 - CLIENT] - INFO - 
2025-03-31 14:28:49 - [Cluster 0 - CLIENT] - INFO - Received: evaluate message 818ec288-3590-497d-8d0e-e8aa59842646
2025-03-31 14:28:50 - [Cluster 0 - CLIENT] - INFO - [Store 327] Evaluation - Loss: 0.2330, MAE: 0.3033
2025-03-31 14:28:50 - [Cluster 0 - CLIENT] - INFO - Sent reply
2025-03-31 14:28:50 - [Cluster 0 - CLIENT] - INFO - 
2025-03-31 14:28:50 - [Cluster 0 - CLIENT] - INFO - Received: evaluate message 7a41472f-2f30-4501-b727-95ab3d3a4f05
2025-03-31 14:28:50 - [Cluster 0 - CLIENT] - INFO - [Store 329] Evaluation - Loss: 0.2156, MAE: 0.3134
2025-03-31 14:28:50 - [Cluster 0 - CLIENT] - INFO - Sent reply
2025-03-31 14:28:50 - [Cluster 0 - CLIENT] - INFO - [Store 111] Evaluation - Loss: 0.2383, MAE: 0.3222
2025-03-31 14:28:50 - [Cluster 0 - CLIENT] - INFO - Sent reply
2025-03-31 14:28:50 - [Cluster 0 - CLIENT] - INFO - 
2025-03-31 14:28:50 - [Cluster 0 - CLIENT] - INFO - Received: evaluate message 031d862a-3d34-489e-bcee-1939f02901bb
2025-03-31 14:28:50 - [Cluster 0 - CLIENT] - INFO - 
2025-03-31 14:28:50 - [Cluster 0 - CLIENT] - INFO - Received: evaluate message 5c7637d1-e831-400d-913b-5649b989de59
2025-03-31 14:28:50 - [Cluster 0 - CLIENT] - INFO - [Store 811] Evaluation - Loss: 0.2057, MAE: 0.2795
2025-03-31 14:28:50 - [Cluster 0 - CLIENT] - INFO - Sent reply
2025-03-31 14:28:50 - [Cluster 0 - CLIENT] - INFO - [Store 313] Evaluation - Loss: 0.2105, MAE: 0.3201
2025-03-31 14:28:50 - [Cluster 0 - CLIENT] - INFO - Sent reply
2025-03-31 14:28:50 - [Cluster 0 - CLIENT] - INFO - 
2025-03-31 14:28:50 - [Cluster 0 - CLIENT] - INFO - Received: evaluate message 21bdab30-5c2e-4187-a287-36a362e32fab
2025-03-31 14:28:50 - [Cluster 0 - CLIENT] - INFO - 
2025-03-31 14:28:50 - [Cluster 0 - CLIENT] - INFO - Received: evaluate message 32c2d0a7-bc68-4774-9784-825b696a114f
2025-03-31 14:28:50 - [Cluster 0 - CLIENT] - INFO - [Store 91] Evaluation - Loss: 0.3380, MAE: 0.4198
2025-03-31 14:28:50 - [Cluster 0 - CLIENT] - INFO - [Store 689] Evaluation - Loss: 0.2296, MAE: 0.3041
2025-03-31 14:28:50 - [Cluster 0 - CLIENT] - INFO - Sent reply
2025-03-31 14:28:50 - [Cluster 0 - CLIENT] - INFO - Sent reply
2025-03-31 14:28:50 - [Cluster 0 - CLIENT] - INFO - [Store 314] Evaluation - Loss: 0.1800, MAE: 0.2748
2025-03-31 14:28:50 - [Cluster 0 - CLIENT] - INFO - Sent reply
2025-03-31 14:28:50 - [Cluster 0 - CLIENT] - INFO - 
2025-03-31 14:28:50 - [Cluster 0 - CLIENT] - INFO - Received: evaluate message efa578ff-c7c7-41ee-ba91-fd10b1073e42
2025-03-31 14:28:50 - [Cluster 0 - CLIENT] - INFO - 
2025-03-31 14:28:50 - [Cluster 0 - CLIENT] - INFO - Received: evaluate message 9097b595-93f4-4493-a13f-cce0a9e7a659
2025-03-31 14:28:50 - [Cluster 0 - CLIENT] - INFO - 
2025-03-31 14:28:50 - [Cluster 0 - CLIENT] - INFO - Received: evaluate message ca37d9dc-85e4-4d5c-b0dd-c497166013cd
2025-03-31 14:28:50 - [Cluster 0 - CLIENT] - INFO - [Store 489] Evaluation - Loss: 0.1949, MAE: 0.3296
2025-03-31 14:28:50 - [Cluster 0 - CLIENT] - INFO - [Store 201] Evaluation - Loss: 0.2706, MAE: 0.3519
2025-03-31 14:28:50 - [Cluster 0 - CLIENT] - INFO - Sent reply
2025-03-31 14:28:50 - [Cluster 0 - CLIENT] - INFO - Sent reply
2025-03-31 14:28:50 - [Cluster 0 - CLIENT] - INFO - [Store 47] Evaluation - Loss: 0.2497, MAE: 0.3002
2025-03-31 14:28:50 - [Cluster 0 - CLIENT] - INFO - Sent reply
2025-03-31 14:28:50 - [Cluster 0 - CLIENT] - INFO - [Store 639] Evaluation - Loss: 0.2201, MAE: 0.3115
2025-03-31 14:28:50 - [Cluster 0 - CLIENT] - INFO - 
2025-03-31 14:28:50 - [Cluster 0 - CLIENT] - INFO - Received: evaluate message 56ed1378-b379-4f34-a4b8-55cab5b3bdbb
2025-03-31 14:28:50 - [Cluster 0 - CLIENT] - INFO - 
2025-03-31 14:28:50 - [Cluster 0 - CLIENT] - INFO - Received: evaluate message 91ef08d8-75e5-43f3-a813-8a9066f7e78c
2025-03-31 14:28:50 - [Cluster 0 - CLIENT] - INFO - Sent reply
2025-03-31 14:28:50 - [Cluster 0 - CLIENT] - INFO - 
2025-03-31 14:28:50 - [Cluster 0 - CLIENT] - INFO - [Store 257] Evaluation - Loss: 0.2024, MAE: 0.2811
2025-03-31 14:28:50 - [Cluster 0 - CLIENT] - INFO - Received: evaluate message 214569db-df0d-489b-a312-7433dbdf8038
2025-03-31 14:28:50 - [Cluster 0 - CLIENT] - INFO - Sent reply
2025-03-31 14:28:50 - [Cluster 0 - CLIENT] - INFO - 
2025-03-31 14:28:50 - [Cluster 0 - CLIENT] - INFO - Received: evaluate message 1c7b96ed-3ec2-4580-99de-aea02d5920b4
2025-03-31 14:28:50 - [Cluster 0 - CLIENT] - INFO - 
2025-03-31 14:28:50 - [Cluster 0 - CLIENT] - INFO - Received: evaluate message f44358fa-4cec-4291-828b-53ca483130b2
2025-03-31 14:28:50 - [Cluster 0 - CLIENT] - INFO - [Store 590] Evaluation - Loss: 0.2939, MAE: 0.3620
2025-03-31 14:28:51 - [Cluster 0 - CLIENT] - INFO - Sent reply
2025-03-31 14:28:51 - [Cluster 0 - CLIENT] - INFO - [Store 294] Evaluation - Loss: 0.2265, MAE: 0.3179
2025-03-31 14:28:51 - [Cluster 0 - CLIENT] - INFO - Sent reply
2025-03-31 14:28:51 - [Cluster 0 - CLIENT] - INFO - 
2025-03-31 14:28:51 - [Cluster 0 - CLIENT] - INFO - Received: evaluate message 3a299e4a-0dd4-4b54-9930-7d84a7f36fe7
2025-03-31 14:28:51 - [Cluster 0 - CLIENT] - INFO - 
2025-03-31 14:28:51 - [Cluster 0 - CLIENT] - INFO - Received: evaluate message 78184ac0-1fb6-4779-b756-2c9279362417
2025-03-31 14:28:51 - [Cluster 0 - CLIENT] - INFO - [Store 75] Evaluation - Loss: 0.2239, MAE: 0.2924
2025-03-31 14:28:51 - [Cluster 0 - CLIENT] - INFO - Sent reply
2025-03-31 14:28:51 - [Cluster 0 - CLIENT] - INFO - [Store 592] Evaluation - Loss: 0.2044, MAE: 0.3054
2025-03-31 14:28:51 - [Cluster 0 - CLIENT] - INFO - Sent reply
2025-03-31 14:28:51 - [Cluster 0 - CLIENT] - INFO - [Store 300] Evaluation - Loss: 0.3181, MAE: 0.3630
2025-03-31 14:28:51 - [Cluster 0 - CLIENT] - INFO - Sent reply
2025-03-31 14:28:51 - [Cluster 0 - CLIENT] - INFO - [Store 447] Evaluation - Loss: 0.2402, MAE: 0.2839
2025-03-31 14:28:51 - [Cluster 0 - CLIENT] - INFO - Sent reply
2025-03-31 14:28:51 - [Cluster 0 - CLIENT] - INFO - [Store 529] Evaluation - Loss: 0.2204, MAE: 0.2819
2025-03-31 14:28:51 - [Cluster 0 - CLIENT] - INFO - Sent reply
2025-03-31 14:28:51 - [Cluster 0 - CLIENT] - INFO - [Store 451] Evaluation - Loss: 0.2713, MAE: 0.3180
2025-03-31 14:28:51 - [Cluster 0 - CLIENT] - INFO - Sent reply
2025-03-31 14:28:51 - [Cluster 0 - CLIENT] - INFO - [Store 588] Evaluation - Loss: 0.2159, MAE: 0.2771
2025-03-31 14:28:51 - [Cluster 0 - CLIENT] - INFO - Sent reply
2025-03-31 14:28:51 - [Cluster 0 - CLIENT] - INFO - [Store 418] Evaluation - Loss: 0.2838, MAE: 0.3562
2025-03-31 14:28:51 - [Cluster 0 - CLIENT] - INFO - Sent reply
2025-03-31 14:28:51 - [Cluster 0 - CLIENT] - INFO - [Store 328] Evaluation - Loss: 0.1949, MAE: 0.2770
2025-03-31 14:28:51 - [Cluster 0 - CLIENT] - INFO - Sent reply
2025-03-31 14:28:51 - [Cluster 0 - CLIENT] - INFO - [Store 242] Evaluation - Loss: 0.2392, MAE: 0.3649
2025-03-31 14:28:51 - [Cluster 0 - CLIENT] - INFO - Sent reply
2025-03-31 14:28:51 - [Cluster 0 - CLIENT] - INFO - [Store 812] Evaluation - Loss: 0.1823, MAE: 0.2797
2025-03-31 14:28:51 - [Cluster 0 - CLIENT] - INFO - Sent reply
2025-03-31 14:28:51 - [Cluster 0 - CLIENT] - INFO - [Store 857] Evaluation - Loss: 0.3644, MAE: 0.3952
2025-03-31 14:28:51 - [Cluster 0 - CLIENT] - INFO - Sent reply
2025-03-31 14:28:51 - [Cluster 0 - CLIENT] - INFO - [Store 1048] Evaluation - Loss: 0.3147, MAE: 0.3541
2025-03-31 14:28:51 - [Cluster 0 - CLIENT] - INFO - Sent reply
2025-03-31 14:28:51 - [Cluster 0 - CLIENT] - INFO - [Store 848] Evaluation - Loss: 0.1891, MAE: 0.2723
2025-03-31 14:28:51 - [Cluster 0 - CLIENT] - INFO - Sent reply
2025-03-31 14:28:51 - [Cluster 0 - CLIENT] - INFO - [Store 142] Evaluation - Loss: 0.2506, MAE: 0.2919
2025-03-31 14:28:51 - [Cluster 0 - CLIENT] - INFO - Sent reply
2025-03-31 14:28:51 - [Cluster 0 - CLIENT] - INFO - 
2025-03-31 14:28:51 - [Cluster 0 - CLIENT] - INFO - Received: train message 837a1093-6e68-48e6-8502-5a133d264c2f
2025-03-31 14:28:51 - [Cluster 0 - CLIENT] - INFO - 
2025-03-31 14:28:51 - [Cluster 0 - CLIENT] - INFO - Received: train message 50c8822a-386b-4ee1-a063-7d9bacb0e9bd
2025-03-31 14:28:51 - [Cluster 0 - CLIENT] - INFO - 
2025-03-31 14:28:51 - [Cluster 0 - CLIENT] - INFO - Received: train message db7a5e12-d8f4-4056-8881-e63bcda032ac
2025-03-31 14:28:51 - [Cluster 0 - CLIENT] - INFO - 
2025-03-31 14:28:51 - [Cluster 0 - CLIENT] - INFO - Received: train message 13919c93-9206-4d68-a6e1-d7af214a169b
2025-03-31 14:28:51 - [Cluster 0 - CLIENT] - INFO - [Store 451] Starting local training.
2025-03-31 14:28:51 - [Cluster 0 - CLIENT] - INFO - 
2025-03-31 14:28:51 - [Cluster 0 - CLIENT] - INFO - [Store 812] Starting local training.
2025-03-31 14:28:51 - [Cluster 0 - CLIENT] - INFO - Received: train message 692794f4-36ae-4f07-b726-4fab0b00df84
2025-03-31 14:28:51 - [Cluster 0 - CLIENT] - INFO - 
2025-03-31 14:28:51 - [Cluster 0 - CLIENT] - INFO - Received: train message c3c3d580-249f-4038-9cc8-e03908dfb76d
2025-03-31 14:28:51 - [Cluster 0 - CLIENT] - INFO - [Store 489] Starting local training.
2025-03-31 14:28:51 - [Cluster 0 - CLIENT] - INFO - 
2025-03-31 14:28:51 - [Cluster 0 - CLIENT] - INFO - Received: train message 068e744b-5ebd-420a-abbe-ab06d9d35804
2025-03-31 14:28:51 - [Cluster 0 - CLIENT] - INFO - 
2025-03-31 14:28:51 - [Cluster 0 - CLIENT] - INFO - Received: train message c0667201-0b68-47be-ace1-da1e93d02bf3
2025-03-31 14:28:51 - [Cluster 0 - CLIENT] - INFO - [Store 327] Starting local training.
2025-03-31 14:28:51 - [Cluster 0 - CLIENT] - INFO - 
2025-03-31 14:28:51 - [Cluster 0 - CLIENT] - INFO - Received: train message 59c61bec-5ec0-4bed-9299-c54817352d50
2025-03-31 14:28:51 - [Cluster 0 - CLIENT] - INFO - 
2025-03-31 14:28:51 - [Cluster 0 - CLIENT] - INFO - Received: train message c2f3cdc8-a083-4fa2-ac2b-87699233c99a
2025-03-31 14:28:51 - [Cluster 0 - CLIENT] - INFO - 
2025-03-31 14:28:51 - [Cluster 0 - CLIENT] - INFO - Received: train message 81a49ce3-2010-49e6-b328-296e20efd673
2025-03-31 14:28:51 - [Cluster 0 - CLIENT] - INFO - 
2025-03-31 14:28:51 - [Cluster 0 - CLIENT] - INFO - Received: train message d9bb8b20-3444-49b4-8cfc-4e86e1fcfaa2
2025-03-31 14:28:51 - [Cluster 0 - CLIENT] - INFO - [Store 590] Starting local training.
2025-03-31 14:28:51 - [Cluster 0 - CLIENT] - INFO - 
2025-03-31 14:28:51 - [Cluster 0 - CLIENT] - INFO - 
2025-03-31 14:28:51 - [Cluster 0 - CLIENT] - INFO - Received: train message 389af29d-7cba-43e0-84f8-c9a73c54e4d8
2025-03-31 14:28:51 - [Cluster 0 - CLIENT] - INFO - Received: train message 2491f251-6c5b-4f3a-a890-e533c7c946d4
2025-03-31 14:28:51 - [Cluster 0 - CLIENT] - INFO - [Store 639] Starting local training.
2025-03-31 14:28:51 - [Cluster 0 - CLIENT] - INFO - [Store 91] Starting local training.
2025-03-31 14:28:51 - [Cluster 0 - CLIENT] - INFO - [Store 529] Starting local training.
2025-03-31 14:28:51 - [Cluster 0 - CLIENT] - INFO - [Store 47] Starting local training.
2025-03-31 14:28:51 - [Cluster 0 - CLIENT] - INFO - [Store 588] Starting local training.
2025-03-31 14:28:51 - [Cluster 0 - CLIENT] - INFO - [Store 257] Starting local training.
2025-03-31 14:28:51 - [Cluster 0 - CLIENT] - INFO - [Store 314] Starting local training.
2025-03-31 14:28:51 - [Cluster 0 - CLIENT] - INFO - 
2025-03-31 14:28:51 - [Cluster 0 - CLIENT] - INFO - Received: train message 76cb108a-f8b2-4524-ac1f-f547bffafce1
2025-03-31 14:28:51 - [Cluster 0 - CLIENT] - INFO - [Store 328] Starting local training.
2025-03-31 14:28:51 - [Cluster 0 - CLIENT] - INFO - [Store 329] Starting local training.
2025-03-31 14:28:51 - [Cluster 0 - CLIENT] - INFO - [Store 811] Starting local training.
2025-03-31 14:32:12 - [Cluster 0 - CLIENT] - INFO - [Store 328] Local training complete.
2025-03-31 14:32:12 - [Cluster 0 - CLIENT] - INFO - Sent reply
2025-03-31 14:32:12 - [Cluster 0 - CLIENT] - INFO - 
2025-03-31 14:32:12 - [Cluster 0 - CLIENT] - INFO - Received: train message 96e34162-0c99-45b4-995f-775f541d3e96
2025-03-31 14:32:12 - [Cluster 0 - CLIENT] - INFO - [Store 418] Starting local training.
2025-03-31 14:32:13 - [Cluster 0 - CLIENT] - INFO - [Store 47] Local training complete.
2025-03-31 14:32:13 - [Cluster 0 - CLIENT] - INFO - [Store 314] Local training complete.
2025-03-31 14:32:13 - [Cluster 0 - CLIENT] - INFO - Sent reply
2025-03-31 14:32:13 - [Cluster 0 - CLIENT] - INFO - 
2025-03-31 14:32:13 - [Cluster 0 - CLIENT] - INFO - Received: train message 740d7b3c-d41a-4562-822d-5b06e004afc8
2025-03-31 14:32:13 - [Cluster 0 - CLIENT] - INFO - [Store 857] Starting local training.
2025-03-31 14:32:13 - [Cluster 0 - CLIENT] - INFO - Sent reply
2025-03-31 14:32:13 - [Cluster 0 - CLIENT] - INFO - 
2025-03-31 14:32:13 - [Cluster 0 - CLIENT] - INFO - Received: train message 2ca231b3-291f-4b5c-b3de-1d5a541341d6
2025-03-31 14:32:14 - [Cluster 0 - CLIENT] - INFO - [Store 242] Starting local training.
2025-03-31 14:32:15 - [Cluster 0 - CLIENT] - INFO - [Store 811] Local training complete.
2025-03-31 14:32:15 - [Cluster 0 - CLIENT] - INFO - Sent reply
2025-03-31 14:32:15 - [Cluster 0 - CLIENT] - INFO - 
2025-03-31 14:32:15 - [Cluster 0 - CLIENT] - INFO - Received: train message dacde174-a4cd-46b5-924f-be654bac19f6
2025-03-31 14:32:15 - [Cluster 0 - CLIENT] - INFO - [Store 313] Starting local training.
2025-03-31 14:32:20 - [Cluster 0 - CLIENT] - INFO - [Store 639] Local training complete.
2025-03-31 14:32:20 - [Cluster 0 - CLIENT] - INFO - Sent reply
2025-03-31 14:32:20 - [Cluster 0 - CLIENT] - INFO - 
2025-03-31 14:32:20 - [Cluster 0 - CLIENT] - INFO - Received: train message 5964b398-d3e9-4961-b337-0c253e2f3b95
2025-03-31 14:32:20 - [Cluster 0 - CLIENT] - INFO - [Store 592] Starting local training.
2025-03-31 14:32:20 - [Cluster 0 - CLIENT] - INFO - [Store 588] Local training complete.
2025-03-31 14:32:20 - [Cluster 0 - CLIENT] - INFO - Sent reply
2025-03-31 14:32:20 - [Cluster 0 - CLIENT] - INFO - 
2025-03-31 14:32:20 - [Cluster 0 - CLIENT] - INFO - Received: train message 3fc077c4-d951-4051-8ef7-3c61175f9891
2025-03-31 14:32:20 - [Cluster 0 - CLIENT] - INFO - [Store 1048] Starting local training.
2025-03-31 14:32:21 - [Cluster 0 - CLIENT] - INFO - [Store 91] Local training complete.
2025-03-31 14:32:21 - [Cluster 0 - CLIENT] - INFO - Sent reply
2025-03-31 14:32:21 - [Cluster 0 - CLIENT] - INFO - 
2025-03-31 14:32:21 - [Cluster 0 - CLIENT] - INFO - Received: train message 130aa631-78e3-40f4-adf1-7ba23430d687
2025-03-31 14:32:21 - [Cluster 0 - CLIENT] - INFO - [Store 294] Starting local training.
2025-03-31 14:32:22 - [Cluster 0 - CLIENT] - INFO - [Store 329] Local training complete.
2025-03-31 14:32:23 - [Cluster 0 - CLIENT] - INFO - Sent reply
2025-03-31 14:32:23 - [Cluster 0 - CLIENT] - INFO - 
2025-03-31 14:32:23 - [Cluster 0 - CLIENT] - INFO - Received: train message 2084cb02-6eea-4859-9b15-5189db4b86b6
2025-03-31 14:32:23 - [Cluster 0 - CLIENT] - INFO - [Store 201] Starting local training.
2025-03-31 14:32:24 - [Cluster 0 - CLIENT] - INFO - [Store 257] Local training complete.
2025-03-31 14:32:24 - [Cluster 0 - CLIENT] - INFO - Sent reply
2025-03-31 14:32:24 - [Cluster 0 - CLIENT] - INFO - 
2025-03-31 14:32:24 - [Cluster 0 - CLIENT] - INFO - Received: train message 9ded7308-8eba-41a5-86de-2ff4d90fa12d
2025-03-31 14:32:24 - [Cluster 0 - CLIENT] - INFO - [Store 142] Starting local training.
2025-03-31 14:32:24 - [Cluster 0 - CLIENT] - INFO - [Store 529] Local training complete.
2025-03-31 14:32:24 - [Cluster 0 - CLIENT] - INFO - 
2025-03-31 14:32:24 - [Cluster 0 - CLIENT] - INFO - Received: train message 6e11973d-ba6a-4761-bc58-47533e479dc1
2025-03-31 14:32:24 - [Cluster 0 - CLIENT] - INFO - [Store 848] Starting local training.
2025-03-31 14:32:24 - [Cluster 0 - CLIENT] - INFO - Sent reply
2025-03-31 14:32:25 - [Cluster 0 - CLIENT] - INFO - [Store 489] Local training complete.
2025-03-31 14:32:26 - [Cluster 0 - CLIENT] - INFO - Sent reply
2025-03-31 14:32:26 - [Cluster 0 - CLIENT] - INFO - 
2025-03-31 14:32:26 - [Cluster 0 - CLIENT] - INFO - Received: train message 9e6a10a6-54af-4df1-a947-32f5b554f8ee
2025-03-31 14:32:26 - [Cluster 0 - CLIENT] - INFO - [Store 590] Local training complete.
2025-03-31 14:32:26 - [Cluster 0 - CLIENT] - INFO - [Store 447] Starting local training.
2025-03-31 14:32:26 - [Cluster 0 - CLIENT] - INFO - Sent reply
2025-03-31 14:32:26 - [Cluster 0 - CLIENT] - INFO - 
2025-03-31 14:32:26 - [Cluster 0 - CLIENT] - INFO - Received: train message 0a5b660f-342a-4f19-9194-360eaeb2d547
2025-03-31 14:32:26 - [Cluster 0 - CLIENT] - INFO - [Store 689] Starting local training.
2025-03-31 14:32:28 - [Cluster 0 - CLIENT] - INFO - [Store 812] Local training complete.
2025-03-31 14:32:29 - [Cluster 0 - CLIENT] - INFO - Sent reply
2025-03-31 14:32:29 - [Cluster 0 - CLIENT] - INFO - 
2025-03-31 14:32:29 - [Cluster 0 - CLIENT] - INFO - Received: train message 8b0222b7-5269-4bb2-aed6-adce5b1a47b1
2025-03-31 14:32:29 - [Cluster 0 - CLIENT] - INFO - [Store 75] Starting local training.
2025-03-31 14:32:29 - [Cluster 0 - CLIENT] - INFO - [Store 327] Local training complete.
2025-03-31 14:32:29 - [Cluster 0 - CLIENT] - INFO - Sent reply
2025-03-31 14:32:29 - [Cluster 0 - CLIENT] - INFO - 
2025-03-31 14:32:29 - [Cluster 0 - CLIENT] - INFO - Received: train message f26571bd-127e-4aa0-bc6a-5a035c7c6766
2025-03-31 14:32:29 - [Cluster 0 - CLIENT] - INFO - [Store 300] Starting local training.
2025-03-31 14:32:30 - [Cluster 0 - CLIENT] - INFO - [Store 451] Local training complete.
2025-03-31 14:32:30 - [Cluster 0 - CLIENT] - INFO - Sent reply
2025-03-31 14:32:30 - [Cluster 0 - CLIENT] - INFO - 
2025-03-31 14:32:30 - [Cluster 0 - CLIENT] - INFO - Received: train message b34057cc-e69b-4b6b-ac82-2e62020a47ab
2025-03-31 14:32:31 - [Cluster 0 - CLIENT] - INFO - [Store 111] Starting local training.
2025-03-31 14:35:38 - [Cluster 0 - CLIENT] - INFO - [Store 418] Local training complete.
2025-03-31 14:35:38 - [Cluster 0 - CLIENT] - INFO - Sent reply
2025-03-31 14:35:38 - [Cluster 0 - CLIENT] - INFO - [Store 857] Local training complete.
2025-03-31 14:35:38 - [Cluster 0 - CLIENT] - INFO - Sent reply
2025-03-31 14:35:40 - [Cluster 0 - CLIENT] - INFO - [Store 313] Local training complete.
2025-03-31 14:35:40 - [Cluster 0 - CLIENT] - INFO - Sent reply
2025-03-31 14:35:42 - [Cluster 0 - CLIENT] - INFO - [Store 242] Local training complete.
2025-03-31 14:35:42 - [Cluster 0 - CLIENT] - INFO - Sent reply
2025-03-31 14:35:43 - [Cluster 0 - CLIENT] - INFO - [Store 142] Local training complete.
2025-03-31 14:35:43 - [Cluster 0 - CLIENT] - INFO - Sent reply
2025-03-31 14:35:44 - [Cluster 0 - CLIENT] - INFO - [Store 848] Local training complete.
2025-03-31 14:35:44 - [Cluster 0 - CLIENT] - INFO - Sent reply
2025-03-31 14:35:44 - [Cluster 0 - CLIENT] - INFO - [Store 1048] Local training complete.
2025-03-31 14:35:44 - [Cluster 0 - CLIENT] - INFO - Sent reply
2025-03-31 14:35:44 - [Cluster 0 - CLIENT] - INFO - [Store 294] Local training complete.
2025-03-31 14:35:44 - [Cluster 0 - CLIENT] - INFO - Sent reply
2025-03-31 14:35:45 - [Cluster 0 - CLIENT] - INFO - [Store 592] Local training complete.
2025-03-31 14:35:45 - [Cluster 0 - CLIENT] - INFO - Sent reply
2025-03-31 14:35:46 - [Cluster 0 - CLIENT] - INFO - [Store 689] Local training complete.
2025-03-31 14:35:46 - [Cluster 0 - CLIENT] - INFO - Sent reply
2025-03-31 14:35:46 - [Cluster 0 - CLIENT] - INFO - [Store 201] Local training complete.
2025-03-31 14:35:46 - [Cluster 0 - CLIENT] - INFO - Sent reply
2025-03-31 14:35:46 - [Cluster 0 - CLIENT] - INFO - [Store 300] Local training complete.
2025-03-31 14:35:46 - [Cluster 0 - CLIENT] - INFO - Sent reply
2025-03-31 14:35:46 - [Cluster 0 - CLIENT] - INFO - [Store 111] Local training complete.
2025-03-31 14:35:46 - [Cluster 0 - CLIENT] - INFO - Sent reply
2025-03-31 14:35:46 - [Cluster 0 - CLIENT] - INFO - [Store 447] Local training complete.
2025-03-31 14:35:46 - [Cluster 0 - CLIENT] - INFO - Sent reply
2025-03-31 14:35:46 - [Cluster 0 - CLIENT] - INFO - [Store 75] Local training complete.
2025-03-31 14:35:46 - [Cluster 0 - CLIENT] - INFO - Sent reply
2025-03-31 14:35:46 - [Cluster 0 - CLIENT] - INFO - 
2025-03-31 14:35:46 - [Cluster 0 - CLIENT] - INFO - Received: evaluate message 12fa7209-5512-4aa6-ac83-0833e863c16c
2025-03-31 14:35:46 - [Cluster 0 - CLIENT] - INFO - 
2025-03-31 14:35:46 - [Cluster 0 - CLIENT] - INFO - Received: evaluate message f6959127-dd18-4f29-89da-0dc77aa26334
2025-03-31 14:35:46 - [Cluster 0 - CLIENT] - INFO - 
2025-03-31 14:35:46 - [Cluster 0 - CLIENT] - INFO - Received: evaluate message b39cbb61-8fd7-4829-8d84-9766b2f059cd
2025-03-31 14:35:46 - [Cluster 0 - CLIENT] - INFO - 
2025-03-31 14:35:46 - [Cluster 0 - CLIENT] - INFO - Received: evaluate message 387a1b89-e398-42ca-8bad-022e330d0bd6
2025-03-31 14:35:46 - [Cluster 0 - CLIENT] - INFO - 
2025-03-31 14:35:46 - [Cluster 0 - CLIENT] - INFO - Received: evaluate message 412c3b05-7456-422f-afd8-37f353e40b35
2025-03-31 14:35:46 - [Cluster 0 - CLIENT] - INFO - 
2025-03-31 14:35:46 - [Cluster 0 - CLIENT] - INFO - Received: evaluate message 940c4f69-89b3-4b45-8256-99cacbe2727f
2025-03-31 14:35:46 - [Cluster 0 - CLIENT] - INFO - 
2025-03-31 14:35:46 - [Cluster 0 - CLIENT] - INFO - 
2025-03-31 14:35:46 - [Cluster 0 - CLIENT] - INFO - Received: evaluate message d7e112ca-50d4-498b-88e1-7e60036325c1
2025-03-31 14:35:46 - [Cluster 0 - CLIENT] - INFO - Received: evaluate message b7af702a-8412-42e3-a814-8ff7897956e4
2025-03-31 14:35:46 - [Cluster 0 - CLIENT] - INFO - 
2025-03-31 14:35:46 - [Cluster 0 - CLIENT] - INFO - Received: evaluate message ef3e4134-fb24-4bf5-9be2-24ba7a16bbcb
2025-03-31 14:35:46 - [Cluster 0 - CLIENT] - INFO - 
2025-03-31 14:35:46 - [Cluster 0 - CLIENT] - INFO - Received: evaluate message 9344275c-ce9b-4b32-ad37-96ead3934ad9
2025-03-31 14:35:47 - [Cluster 0 - CLIENT] - INFO - 
2025-03-31 14:35:47 - [Cluster 0 - CLIENT] - INFO - Received: evaluate message 64b063e6-0d12-4885-b2b2-2eaba2888e87
2025-03-31 14:35:47 - [Cluster 0 - CLIENT] - INFO - 
2025-03-31 14:35:47 - [Cluster 0 - CLIENT] - INFO - Received: evaluate message 4a433b1f-f5ad-46ee-b17c-832a560beb37
2025-03-31 14:35:47 - [Cluster 0 - CLIENT] - INFO - 
2025-03-31 14:35:47 - [Cluster 0 - CLIENT] - INFO - Received: evaluate message babc74d0-e3fa-499f-8327-6cc217fde48d
2025-03-31 14:35:47 - [Cluster 0 - CLIENT] - INFO - 
2025-03-31 14:35:47 - [Cluster 0 - CLIENT] - INFO - Received: evaluate message f3e4784c-caab-459c-9bea-044516b0a48c
2025-03-31 14:35:47 - [Cluster 0 - CLIENT] - INFO - 
2025-03-31 14:35:47 - [Cluster 0 - CLIENT] - INFO - Received: evaluate message a680a70f-f84d-4e5e-b667-dc9bf2c61fa2
2025-03-31 14:35:47 - [Cluster 0 - CLIENT] - INFO - [Store 294] Evaluation - Loss: 0.2455, MAE: 0.3117
2025-03-31 14:35:47 - [Cluster 0 - CLIENT] - INFO - Sent reply
2025-03-31 14:35:47 - [Cluster 0 - CLIENT] - INFO - [Store 242] Evaluation - Loss: 0.2301, MAE: 0.3341
2025-03-31 14:35:47 - [Cluster 0 - CLIENT] - INFO - 
2025-03-31 14:35:47 - [Cluster 0 - CLIENT] - INFO - Received: evaluate message 136f162c-e313-4487-9cae-c0a0a2bbf91f
2025-03-31 14:35:47 - [Cluster 0 - CLIENT] - INFO - Sent reply
2025-03-31 14:35:47 - [Cluster 0 - CLIENT] - INFO - 
2025-03-31 14:35:47 - [Cluster 0 - CLIENT] - INFO - Received: evaluate message 4f752d92-dd19-4f39-80b1-f7781dabb00b
2025-03-31 14:35:47 - [Cluster 0 - CLIENT] - INFO - [Store 142] Evaluation - Loss: 0.2478, MAE: 0.2879
2025-03-31 14:35:47 - [Cluster 0 - CLIENT] - INFO - [Store 689] Evaluation - Loss: 0.2040, MAE: 0.2668
2025-03-31 14:35:47 - [Cluster 0 - CLIENT] - INFO - Sent reply
2025-03-31 14:35:47 - [Cluster 0 - CLIENT] - INFO - Sent reply
2025-03-31 14:35:47 - [Cluster 0 - CLIENT] - INFO - 
2025-03-31 14:35:47 - [Cluster 0 - CLIENT] - INFO - Received: evaluate message f8db2c20-7861-4274-a8eb-9a0f8134cdaf
2025-03-31 14:35:47 - [Cluster 0 - CLIENT] - INFO - 
2025-03-31 14:35:47 - [Cluster 0 - CLIENT] - INFO - Received: evaluate message ff278b5b-cb9e-421c-92c4-a77f866af6f6
2025-03-31 14:35:47 - [Cluster 0 - CLIENT] - INFO - [Store 848] Evaluation - Loss: 0.1743, MAE: 0.2480
2025-03-31 14:35:47 - [Cluster 0 - CLIENT] - INFO - Sent reply
2025-03-31 14:35:48 - [Cluster 0 - CLIENT] - INFO - 
2025-03-31 14:35:48 - [Cluster 0 - CLIENT] - INFO - Received: evaluate message 1e434e3b-bbf5-4c57-aba0-8bb4bcdbd183
2025-03-31 14:35:48 - [Cluster 0 - CLIENT] - INFO - [Store 300] Evaluation - Loss: 0.3382, MAE: 0.3846
2025-03-31 14:35:48 - [Cluster 0 - CLIENT] - INFO - Sent reply
2025-03-31 14:35:48 - [Cluster 0 - CLIENT] - INFO - 
2025-03-31 14:35:48 - [Cluster 0 - CLIENT] - INFO - Received: evaluate message ca0d9676-ee22-42b3-a940-95a16594da49
2025-03-31 14:35:48 - [Cluster 0 - CLIENT] - INFO - [Store 313] Evaluation - Loss: 0.2252, MAE: 0.2940
2025-03-31 14:35:48 - [Cluster 0 - CLIENT] - INFO - Sent reply
2025-03-31 14:35:48 - [Cluster 0 - CLIENT] - INFO - 
2025-03-31 14:35:48 - [Cluster 0 - CLIENT] - INFO - Received: evaluate message 645568b9-11ee-485d-b51a-b095f0693c12
2025-03-31 14:35:48 - [Cluster 0 - CLIENT] - INFO - [Store 327] Evaluation - Loss: 0.2529, MAE: 0.3039
2025-03-31 14:35:48 - [Cluster 0 - CLIENT] - INFO - Sent reply
2025-03-31 14:35:48 - [Cluster 0 - CLIENT] - INFO - [Store 91] Evaluation - Loss: 0.2835, MAE: 0.3519
2025-03-31 14:35:48 - [Cluster 0 - CLIENT] - INFO - Sent reply
2025-03-31 14:35:48 - [Cluster 0 - CLIENT] - INFO - 
2025-03-31 14:35:48 - [Cluster 0 - CLIENT] - INFO - Received: evaluate message 9d0f1825-20f4-40ef-953f-3f169d05756d
2025-03-31 14:35:48 - [Cluster 0 - CLIENT] - INFO - 
2025-03-31 14:35:48 - [Cluster 0 - CLIENT] - INFO - Received: evaluate message b4878f14-7101-44af-8581-aea220451f1f
2025-03-31 14:35:48 - [Cluster 0 - CLIENT] - INFO - [Store 328] Evaluation - Loss: 0.2025, MAE: 0.2696
2025-03-31 14:35:48 - [Cluster 0 - CLIENT] - INFO - Sent reply
2025-03-31 14:35:48 - [Cluster 0 - CLIENT] - INFO - 
2025-03-31 14:35:48 - [Cluster 0 - CLIENT] - INFO - Received: evaluate message d1e907d5-343e-4649-ad1e-e2e5523bb592
2025-03-31 14:35:48 - [Cluster 0 - CLIENT] - INFO - [Store 811] Evaluation - Loss: 0.2163, MAE: 0.2998
2025-03-31 14:35:48 - [Cluster 0 - CLIENT] - INFO - Sent reply
2025-03-31 14:35:48 - [Cluster 0 - CLIENT] - INFO - [Store 329] Evaluation - Loss: 0.2121, MAE: 0.2895
2025-03-31 14:35:48 - [Cluster 0 - CLIENT] - INFO - 
2025-03-31 14:35:48 - [Cluster 0 - CLIENT] - INFO - Sent reply
2025-03-31 14:35:48 - [Cluster 0 - CLIENT] - INFO - Received: evaluate message 70a13986-8fe2-44a9-92b1-f9d8495f0d5b
2025-03-31 14:35:48 - [Cluster 0 - CLIENT] - INFO - [Store 812] Evaluation - Loss: 0.1813, MAE: 0.2577
2025-03-31 14:35:48 - [Cluster 0 - CLIENT] - INFO - Sent reply
2025-03-31 14:35:48 - [Cluster 0 - CLIENT] - INFO - 
2025-03-31 14:35:48 - [Cluster 0 - CLIENT] - INFO - Received: evaluate message 1a2932ae-8d21-4bfb-830b-e6ef4335c60f
2025-03-31 14:35:48 - [Cluster 0 - CLIENT] - INFO - 
2025-03-31 14:35:48 - [Cluster 0 - CLIENT] - INFO - Received: evaluate message 2e6c36bf-0647-407d-b4c0-5ca766491a33
2025-03-31 14:35:48 - [Cluster 0 - CLIENT] - INFO - [Store 590] Evaluation - Loss: 0.2956, MAE: 0.3584
2025-03-31 14:35:48 - [Cluster 0 - CLIENT] - INFO - Sent reply
2025-03-31 14:35:48 - [Cluster 0 - CLIENT] - INFO - 
2025-03-31 14:35:48 - [Cluster 0 - CLIENT] - INFO - Received: evaluate message 723004a8-b1ea-4aa2-8dfd-c1e32c87b68f
2025-03-31 14:35:48 - [Cluster 0 - CLIENT] - INFO - [Store 447] Evaluation - Loss: 0.2610, MAE: 0.3200
2025-03-31 14:35:48 - [Cluster 0 - CLIENT] - INFO - Sent reply
2025-03-31 14:35:48 - [Cluster 0 - CLIENT] - INFO - [Store 257] Evaluation - Loss: 0.2090, MAE: 0.2647
2025-03-31 14:35:48 - [Cluster 0 - CLIENT] - INFO - Sent reply
2025-03-31 14:35:48 - [Cluster 0 - CLIENT] - INFO - 
2025-03-31 14:35:48 - [Cluster 0 - CLIENT] - INFO - Received: evaluate message 9fb45026-eeaf-475a-91cc-bdef7d2f87bf
2025-03-31 14:35:48 - [Cluster 0 - CLIENT] - INFO - [Store 1048] Evaluation - Loss: 0.3425, MAE: 0.3504
2025-03-31 14:35:48 - [Cluster 0 - CLIENT] - INFO - Sent reply
2025-03-31 14:35:49 - [Cluster 0 - CLIENT] - INFO - [Store 529] Evaluation - Loss: 0.2396, MAE: 0.2908
2025-03-31 14:35:49 - [Cluster 0 - CLIENT] - INFO - Sent reply
2025-03-31 14:35:49 - [Cluster 0 - CLIENT] - INFO - [Store 314] Evaluation - Loss: 0.1768, MAE: 0.2519
2025-03-31 14:35:49 - [Cluster 0 - CLIENT] - INFO - Sent reply
2025-03-31 14:35:49 - [Cluster 0 - CLIENT] - INFO - [Store 588] Evaluation - Loss: 0.2405, MAE: 0.2912
2025-03-31 14:35:49 - [Cluster 0 - CLIENT] - INFO - [Store 201] Evaluation - Loss: 0.2653, MAE: 0.3493
2025-03-31 14:35:49 - [Cluster 0 - CLIENT] - INFO - Sent reply
2025-03-31 14:35:49 - [Cluster 0 - CLIENT] - INFO - Sent reply
2025-03-31 14:35:49 - [Cluster 0 - CLIENT] - INFO - [Store 592] Evaluation - Loss: 0.1935, MAE: 0.2798
2025-03-31 14:35:49 - [Cluster 0 - CLIENT] - INFO - Sent reply
2025-03-31 14:35:49 - [Cluster 0 - CLIENT] - INFO - [Store 451] Evaluation - Loss: 0.2944, MAE: 0.3341
2025-03-31 14:35:49 - [Cluster 0 - CLIENT] - INFO - Sent reply
2025-03-31 14:35:49 - [Cluster 0 - CLIENT] - INFO - [Store 111] Evaluation - Loss: 0.2404, MAE: 0.3196
2025-03-31 14:35:49 - [Cluster 0 - CLIENT] - INFO - Sent reply
2025-03-31 14:35:49 - [Cluster 0 - CLIENT] - INFO - [Store 857] Evaluation - Loss: 0.3751, MAE: 0.4095
2025-03-31 14:35:49 - [Cluster 0 - CLIENT] - INFO - Sent reply
2025-03-31 14:35:49 - [Cluster 0 - CLIENT] - INFO - [Store 75] Evaluation - Loss: 0.2401, MAE: 0.3149
2025-03-31 14:35:49 - [Cluster 0 - CLIENT] - INFO - Sent reply
2025-03-31 14:35:49 - [Cluster 0 - CLIENT] - INFO - [Store 639] Evaluation - Loss: 0.1990, MAE: 0.2713
2025-03-31 14:35:49 - [Cluster 0 - CLIENT] - INFO - Sent reply
2025-03-31 14:35:49 - [Cluster 0 - CLIENT] - INFO - [Store 418] Evaluation - Loss: 0.2691, MAE: 0.3299
2025-03-31 14:35:49 - [Cluster 0 - CLIENT] - INFO - Sent reply
2025-03-31 14:35:49 - [Cluster 0 - CLIENT] - INFO - [Store 489] Evaluation - Loss: 0.1894, MAE: 0.3056
2025-03-31 14:35:49 - [Cluster 0 - CLIENT] - INFO - Sent reply
2025-03-31 14:35:49 - [Cluster 0 - CLIENT] - INFO - [Store 47] Evaluation - Loss: 0.2683, MAE: 0.3071
2025-03-31 14:35:49 - [Cluster 0 - CLIENT] - INFO - Sent reply
2025-03-31 14:35:49 - [Cluster 0 - CLIENT] - INFO - 
2025-03-31 14:35:49 - [Cluster 0 - CLIENT] - INFO - Received: train message 59bcbda3-c186-4130-8204-6f0f71bda3f4
2025-03-31 14:35:49 - [Cluster 0 - CLIENT] - INFO - 
2025-03-31 14:35:49 - [Cluster 0 - CLIENT] - INFO - Received: train message cb420602-3c08-412d-be16-547bd02ebc2e
2025-03-31 14:35:49 - [Cluster 0 - CLIENT] - INFO - 
2025-03-31 14:35:49 - [Cluster 0 - CLIENT] - INFO - Received: train message 1b13fc68-c998-4912-a903-5a96a3d53482
2025-03-31 14:35:49 - [Cluster 0 - CLIENT] - INFO - 
2025-03-31 14:35:49 - [Cluster 0 - CLIENT] - INFO - Received: train message 8da59bd8-0081-40c1-b4d0-72f70a2d7a79
2025-03-31 14:35:49 - [Cluster 0 - CLIENT] - INFO - 
2025-03-31 14:35:49 - [Cluster 0 - CLIENT] - INFO - Received: train message 3a9101bb-0e60-4601-b879-a74d7d9dd3d4
2025-03-31 14:35:49 - [Cluster 0 - CLIENT] - INFO - [Store 201] Starting local training.
2025-03-31 14:35:49 - [Cluster 0 - CLIENT] - INFO - [Store 75] Starting local training.
2025-03-31 14:35:49 - [Cluster 0 - CLIENT] - INFO - 
2025-03-31 14:35:49 - [Cluster 0 - CLIENT] - INFO - Received: train message 493ae662-a790-4909-913b-0d7ab12ccef0
2025-03-31 14:35:49 - [Cluster 0 - CLIENT] - INFO - [Store 848] Starting local training.
2025-03-31 14:35:49 - [Cluster 0 - CLIENT] - INFO - 
2025-03-31 14:35:49 - [Cluster 0 - CLIENT] - INFO - Received: train message 8a6e9eab-568d-432d-8da2-fa37a6ce845e
2025-03-31 14:35:49 - [Cluster 0 - CLIENT] - INFO - [Store 1048] Starting local training.
2025-03-31 14:35:49 - [Cluster 0 - CLIENT] - INFO - [Store 418] Starting local training.
2025-03-31 14:35:49 - [Cluster 0 - CLIENT] - INFO - 
2025-03-31 14:35:49 - [Cluster 0 - CLIENT] - INFO - Received: train message 8b651ceb-6add-4446-9918-73febe87f6b5
2025-03-31 14:35:49 - [Cluster 0 - CLIENT] - INFO - 
2025-03-31 14:35:49 - [Cluster 0 - CLIENT] - INFO - Received: train message bb2936a5-9bd7-4ad7-bb59-3233d4447a7a
2025-03-31 14:35:49 - [Cluster 0 - CLIENT] - INFO - 
2025-03-31 14:35:49 - [Cluster 0 - CLIENT] - INFO - Received: train message 6b3104bf-0508-40bd-a5ee-0cfb6f1e4f6f
2025-03-31 14:35:49 - [Cluster 0 - CLIENT] - INFO - 
2025-03-31 14:35:49 - [Cluster 0 - CLIENT] - INFO - Received: train message 14308f83-ad57-4020-bf1d-1f58b85d081e
2025-03-31 14:35:49 - [Cluster 0 - CLIENT] - INFO - [Store 592] Starting local training.
2025-03-31 14:35:49 - [Cluster 0 - CLIENT] - INFO - [Store 328] Starting local training.
2025-03-31 14:35:49 - [Cluster 0 - CLIENT] - INFO - 
2025-03-31 14:35:49 - [Cluster 0 - CLIENT] - INFO - Received: train message 42cac428-76fb-4562-8164-9e35cd95a8ad
2025-03-31 14:35:49 - [Cluster 0 - CLIENT] - INFO - 
2025-03-31 14:35:49 - [Cluster 0 - CLIENT] - INFO - [Store 489] Starting local training.
2025-03-31 14:35:49 - [Cluster 0 - CLIENT] - INFO - Received: train message 6b50654b-2be7-4e21-a31d-0507abbc9ad6
2025-03-31 14:35:49 - [Cluster 0 - CLIENT] - INFO - 
2025-03-31 14:35:49 - [Cluster 0 - CLIENT] - INFO - Received: train message 2590ea44-aae5-4a43-b2f4-a35e0b75a416
2025-03-31 14:35:49 - [Cluster 0 - CLIENT] - INFO - [Store 294] Starting local training.
2025-03-31 14:35:49 - [Cluster 0 - CLIENT] - INFO - 
2025-03-31 14:35:49 - [Cluster 0 - CLIENT] - INFO - Received: train message 09855eae-51dc-4dd4-afa7-856f2e20f042
2025-03-31 14:35:49 - [Cluster 0 - CLIENT] - INFO - [Store 811] Starting local training.
2025-03-31 14:35:49 - [Cluster 0 - CLIENT] - INFO - [Store 314] Starting local training.
2025-03-31 14:35:49 - [Cluster 0 - CLIENT] - INFO - [Store 689] Starting local training.
2025-03-31 14:35:49 - [Cluster 0 - CLIENT] - INFO - [Store 327] Starting local training.
2025-03-31 14:35:49 - [Cluster 0 - CLIENT] - INFO - [Store 857] Starting local training.
2025-03-31 14:35:49 - [Cluster 0 - CLIENT] - INFO - [Store 47] Starting local training.
2025-03-31 14:39:03 - [Cluster 0 - CLIENT] - INFO - [Store 592] Local training complete.
2025-03-31 14:39:03 - [Cluster 0 - CLIENT] - INFO - Sent reply
2025-03-31 14:39:03 - [Cluster 0 - CLIENT] - INFO - 
2025-03-31 14:39:03 - [Cluster 0 - CLIENT] - INFO - Received: train message 936c596e-e664-481c-9f42-4a2f0c2b6c0a
2025-03-31 14:39:03 - [Cluster 0 - CLIENT] - INFO - [Store 590] Starting local training.
2025-03-31 14:39:04 - [Cluster 0 - CLIENT] - INFO - [Store 294] Local training complete.
2025-03-31 14:39:04 - [Cluster 0 - CLIENT] - INFO - Sent reply
2025-03-31 14:39:04 - [Cluster 0 - CLIENT] - INFO - 
2025-03-31 14:39:04 - [Cluster 0 - CLIENT] - INFO - Received: train message 4dc4ebe4-1830-4bc9-ac94-79abd23109f9
2025-03-31 14:39:04 - [Cluster 0 - CLIENT] - INFO - [Store 451] Starting local training.
2025-03-31 14:39:04 - [Cluster 0 - CLIENT] - INFO - [Store 47] Local training complete.
2025-03-31 14:39:04 - [Cluster 0 - CLIENT] - INFO - Sent reply
2025-03-31 14:39:04 - [Cluster 0 - CLIENT] - INFO - 
2025-03-31 14:39:04 - [Cluster 0 - CLIENT] - INFO - Received: train message 254a74ba-4426-48f1-9d96-abf967e288b2
2025-03-31 14:39:04 - [Cluster 0 - CLIENT] - INFO - [Store 242] Starting local training.
2025-03-31 14:39:04 - [Cluster 0 - CLIENT] - INFO - [Store 201] Local training complete.
2025-03-31 14:39:05 - [Cluster 0 - CLIENT] - INFO - Sent reply
2025-03-31 14:39:05 - [Cluster 0 - CLIENT] - INFO - 
2025-03-31 14:39:05 - [Cluster 0 - CLIENT] - INFO - Received: train message 0c247d93-01fd-4e25-bad1-1a2930d025b5
2025-03-31 14:39:05 - [Cluster 0 - CLIENT] - INFO - [Store 257] Starting local training.
2025-03-31 14:39:05 - [Cluster 0 - CLIENT] - INFO - [Store 811] Local training complete.
2025-03-31 14:39:05 - [Cluster 0 - CLIENT] - INFO - Sent reply
2025-03-31 14:39:05 - [Cluster 0 - CLIENT] - INFO - 
2025-03-31 14:39:05 - [Cluster 0 - CLIENT] - INFO - Received: train message 06052e69-4c53-486d-ad76-032bca204702
2025-03-31 14:39:05 - [Cluster 0 - CLIENT] - INFO - [Store 91] Starting local training.
2025-03-31 14:39:05 - [Cluster 0 - CLIENT] - INFO - [Store 418] Local training complete.
2025-03-31 14:39:05 - [Cluster 0 - CLIENT] - INFO - Sent reply
2025-03-31 14:39:05 - [Cluster 0 - CLIENT] - INFO - 
2025-03-31 14:39:05 - [Cluster 0 - CLIENT] - INFO - Received: train message 833dc17e-9362-4c66-b1cf-d910e97bf248
2025-03-31 14:39:05 - [Cluster 0 - CLIENT] - INFO - [Store 328] Local training complete.
2025-03-31 14:39:05 - [Cluster 0 - CLIENT] - INFO - [Store 75] Local training complete.
2025-03-31 14:39:05 - [Cluster 0 - CLIENT] - INFO - Sent reply
2025-03-31 14:39:05 - [Cluster 0 - CLIENT] - INFO - Sent reply
2025-03-31 14:39:05 - [Cluster 0 - CLIENT] - INFO - 
2025-03-31 14:39:05 - [Cluster 0 - CLIENT] - INFO - Received: train message e36965c1-7f2d-47ea-ab80-d5526f6e3de2
2025-03-31 14:39:05 - [Cluster 0 - CLIENT] - INFO - 
2025-03-31 14:39:05 - [Cluster 0 - CLIENT] - INFO - Received: train message 111cb21d-d264-473e-8159-0ad7395ce9bf
2025-03-31 14:39:05 - [Cluster 0 - CLIENT] - INFO - [Store 313] Starting local training.
2025-03-31 14:39:05 - [Cluster 0 - CLIENT] - INFO - [Store 111] Starting local training.
2025-03-31 14:39:06 - [Cluster 0 - CLIENT] - INFO - [Store 300] Starting local training.
2025-03-31 14:39:07 - [Cluster 0 - CLIENT] - INFO - [Store 848] Local training complete.
2025-03-31 14:39:07 - [Cluster 0 - CLIENT] - INFO - [Store 857] Local training complete.
2025-03-31 14:39:07 - [Cluster 0 - CLIENT] - INFO - Sent reply
2025-03-31 14:39:07 - [Cluster 0 - CLIENT] - INFO - Sent reply
2025-03-31 14:39:07 - [Cluster 0 - CLIENT] - INFO - 
2025-03-31 14:39:07 - [Cluster 0 - CLIENT] - INFO - Received: train message e4e7165f-ca13-42ff-8bb6-ff1a2d5673a1
2025-03-31 14:39:07 - [Cluster 0 - CLIENT] - INFO - 
2025-03-31 14:39:07 - [Cluster 0 - CLIENT] - INFO - Received: train message 75706934-571c-4f1a-8c23-8cc18b3fbcd0
2025-03-31 14:39:07 - [Cluster 0 - CLIENT] - INFO - [Store 812] Starting local training.
2025-03-31 14:39:07 - [Cluster 0 - CLIENT] - INFO - [Store 489] Local training complete.
2025-03-31 14:39:08 - [Cluster 0 - CLIENT] - INFO - [Store 447] Starting local training.
2025-03-31 14:39:08 - [Cluster 0 - CLIENT] - INFO - Sent reply
2025-03-31 14:39:08 - [Cluster 0 - CLIENT] - INFO - 
2025-03-31 14:39:08 - [Cluster 0 - CLIENT] - INFO - Received: train message 2410fb7b-c2af-43d8-9ca0-ff1666ac431b
2025-03-31 14:39:08 - [Cluster 0 - CLIENT] - INFO - [Store 639] Starting local training.
2025-03-31 14:39:09 - [Cluster 0 - CLIENT] - INFO - [Store 314] Local training complete.
2025-03-31 14:39:09 - [Cluster 0 - CLIENT] - INFO - Sent reply
2025-03-31 14:39:09 - [Cluster 0 - CLIENT] - INFO - [Store 327] Local training complete.
2025-03-31 14:39:09 - [Cluster 0 - CLIENT] - INFO - 
2025-03-31 14:39:09 - [Cluster 0 - CLIENT] - INFO - Received: train message 1e9e3d81-b132-4226-ba20-5e319ad12cd7
2025-03-31 14:39:09 - [Cluster 0 - CLIENT] - INFO - Sent reply
2025-03-31 14:39:09 - [Cluster 0 - CLIENT] - INFO - 
2025-03-31 14:39:09 - [Cluster 0 - CLIENT] - INFO - Received: train message c0f3f385-3ae4-4330-98be-a39239ad443d
2025-03-31 14:39:09 - [Cluster 0 - CLIENT] - INFO - [Store 529] Starting local training.
2025-03-31 14:39:09 - [Cluster 0 - CLIENT] - INFO - [Store 588] Starting local training.
2025-03-31 14:39:10 - [Cluster 0 - CLIENT] - INFO - [Store 689] Local training complete.
2025-03-31 14:39:10 - [Cluster 0 - CLIENT] - INFO - Sent reply
2025-03-31 14:39:10 - [Cluster 0 - CLIENT] - INFO - 
2025-03-31 14:39:10 - [Cluster 0 - CLIENT] - INFO - Received: train message 82b496fb-4932-4f17-b865-275556b2ffce
2025-03-31 14:39:10 - [Cluster 0 - CLIENT] - INFO - [Store 142] Starting local training.
2025-03-31 14:39:12 - [Cluster 0 - CLIENT] - INFO - [Store 1048] Local training complete.
2025-03-31 14:39:12 - [Cluster 0 - CLIENT] - INFO - Sent reply
2025-03-31 14:39:12 - [Cluster 0 - CLIENT] - INFO - 
2025-03-31 14:39:12 - [Cluster 0 - CLIENT] - INFO - Received: train message d53897a7-332e-4846-8fd8-8b3ea1b753c2
2025-03-31 14:39:12 - [Cluster 0 - CLIENT] - INFO - [Store 329] Starting local training.
2025-03-31 14:42:28 - [Cluster 0 - CLIENT] - INFO - [Store 111] Local training complete.
2025-03-31 14:42:28 - [Cluster 0 - CLIENT] - INFO - Sent reply
2025-03-31 14:42:29 - [Cluster 0 - CLIENT] - INFO - [Store 590] Local training complete.
2025-03-31 14:42:29 - [Cluster 0 - CLIENT] - INFO - Sent reply
2025-03-31 14:42:30 - [Cluster 0 - CLIENT] - INFO - [Store 451] Local training complete.
2025-03-31 14:42:30 - [Cluster 0 - CLIENT] - INFO - Sent reply
2025-03-31 14:42:31 - [Cluster 0 - CLIENT] - INFO - [Store 300] Local training complete.
2025-03-31 14:42:31 - [Cluster 0 - CLIENT] - INFO - Sent reply
2025-03-31 14:42:32 - [Cluster 0 - CLIENT] - INFO - [Store 242] Local training complete.
2025-03-31 14:42:32 - [Cluster 0 - CLIENT] - INFO - Sent reply
2025-03-31 14:42:32 - [Cluster 0 - CLIENT] - INFO - [Store 639] Local training complete.
2025-03-31 14:42:32 - [Cluster 0 - CLIENT] - INFO - Sent reply
2025-03-31 14:42:32 - [Cluster 0 - CLIENT] - INFO - [Store 257] Local training complete.
2025-03-31 14:42:32 - [Cluster 0 - CLIENT] - INFO - Sent reply
2025-03-31 14:42:33 - [Cluster 0 - CLIENT] - INFO - [Store 447] Local training complete.
2025-03-31 14:42:33 - [Cluster 0 - CLIENT] - INFO - Sent reply
2025-03-31 14:42:33 - [Cluster 0 - CLIENT] - INFO - [Store 91] Local training complete.
2025-03-31 14:42:33 - [Cluster 0 - CLIENT] - INFO - Sent reply
2025-03-31 14:42:33 - [Cluster 0 - CLIENT] - INFO - [Store 142] Local training complete.
2025-03-31 14:42:33 - [Cluster 0 - CLIENT] - INFO - Sent reply
2025-03-31 14:42:33 - [Cluster 0 - CLIENT] - INFO - [Store 313] Local training complete.
2025-03-31 14:42:33 - [Cluster 0 - CLIENT] - INFO - Sent reply
2025-03-31 14:42:33 - [Cluster 0 - CLIENT] - INFO - [Store 329] Local training complete.
2025-03-31 14:42:33 - [Cluster 0 - CLIENT] - INFO - Sent reply
2025-03-31 14:42:33 - [Cluster 0 - CLIENT] - INFO - [Store 588] Local training complete.
2025-03-31 14:42:33 - [Cluster 0 - CLIENT] - INFO - Sent reply
2025-03-31 14:42:34 - [Cluster 0 - CLIENT] - INFO - [Store 812] Local training complete.
2025-03-31 14:42:34 - [Cluster 0 - CLIENT] - INFO - Sent reply
2025-03-31 14:42:37 - [Cluster 0 - CLIENT] - INFO - [Store 529] Local training complete.
2025-03-31 14:42:37 - [Cluster 0 - CLIENT] - INFO - Sent reply
2025-03-31 14:42:37 - [Cluster 0 - CLIENT] - INFO - 
2025-03-31 14:42:37 - [Cluster 0 - CLIENT] - INFO - Received: evaluate message a3ee3ebc-f4ba-4bd9-a129-765517f98963
2025-03-31 14:42:37 - [Cluster 0 - CLIENT] - INFO - 
2025-03-31 14:42:37 - [Cluster 0 - CLIENT] - INFO - Received: evaluate message 874a5861-9eb2-47e2-ad40-b7715c422877
2025-03-31 14:42:37 - [Cluster 0 - CLIENT] - INFO - 
2025-03-31 14:42:37 - [Cluster 0 - CLIENT] - INFO - Received: evaluate message 81d82fc2-4b35-4c24-8b40-882e3ca65228
2025-03-31 14:42:37 - [Cluster 0 - CLIENT] - INFO - 
2025-03-31 14:42:37 - [Cluster 0 - CLIENT] - INFO - Received: evaluate message 540cdd6b-9879-4ab3-8720-0227970df639
2025-03-31 14:42:37 - [Cluster 0 - CLIENT] - INFO - 
2025-03-31 14:42:37 - [Cluster 0 - CLIENT] - INFO - Received: evaluate message 13e5d4d4-c3eb-43cb-828d-1999fdb0e1ad
2025-03-31 14:42:37 - [Cluster 0 - CLIENT] - INFO - 
2025-03-31 14:42:37 - [Cluster 0 - CLIENT] - INFO - Received: evaluate message 0631320a-5675-4c07-8597-fa3623143874
2025-03-31 14:42:37 - [Cluster 0 - CLIENT] - INFO - 
2025-03-31 14:42:37 - [Cluster 0 - CLIENT] - INFO - Received: evaluate message 5cc75648-d87b-4f95-9e72-7fd4152a2d76
2025-03-31 14:42:37 - [Cluster 0 - CLIENT] - INFO - 
2025-03-31 14:42:37 - [Cluster 0 - CLIENT] - INFO - Received: evaluate message e43fa427-58df-40c7-a05c-62ade2dd5ea0
2025-03-31 14:42:37 - [Cluster 0 - CLIENT] - INFO - 
2025-03-31 14:42:37 - [Cluster 0 - CLIENT] - INFO - Received: evaluate message a07db8be-2efb-41ac-8dce-fffe2453baf2
2025-03-31 14:42:37 - [Cluster 0 - CLIENT] - INFO - 
2025-03-31 14:42:37 - [Cluster 0 - CLIENT] - INFO - 
2025-03-31 14:42:37 - [Cluster 0 - CLIENT] - INFO - Received: evaluate message da8f0e16-c69c-4e26-818b-89bf47c77b11
2025-03-31 14:42:37 - [Cluster 0 - CLIENT] - INFO - Received: evaluate message fcc6cd4f-7243-46af-9312-1d08316d2c6a
2025-03-31 14:42:37 - [Cluster 0 - CLIENT] - INFO - 
2025-03-31 14:42:37 - [Cluster 0 - CLIENT] - INFO - Received: evaluate message 0a715ceb-435b-4c0b-964c-485839caa66f
2025-03-31 14:42:37 - [Cluster 0 - CLIENT] - INFO - 
2025-03-31 14:42:37 - [Cluster 0 - CLIENT] - INFO - Received: evaluate message 5f42765e-7fa8-45c2-88fd-7e43762b53b6
2025-03-31 14:42:37 - [Cluster 0 - CLIENT] - INFO - 
2025-03-31 14:42:37 - [Cluster 0 - CLIENT] - INFO - Received: evaluate message 7c2e0e1e-dd30-42e1-8ebe-3d8c360fb1e9
2025-03-31 14:42:37 - [Cluster 0 - CLIENT] - INFO - 
2025-03-31 14:42:37 - [Cluster 0 - CLIENT] - INFO - Received: evaluate message 04c8bd69-1457-405b-834b-84325bf30eed
2025-03-31 14:42:38 - [Cluster 0 - CLIENT] - INFO - [Store 529] Evaluation - Loss: 0.2374, MAE: 0.2757
2025-03-31 14:42:38 - [Cluster 0 - CLIENT] - INFO - Sent reply
2025-03-31 14:42:38 - [Cluster 0 - CLIENT] - INFO - 
2025-03-31 14:42:38 - [Cluster 0 - CLIENT] - INFO - Received: evaluate message f628c4cb-9449-4b1d-9a0e-d0c6e79e7caf
2025-03-31 14:42:38 - [Cluster 0 - CLIENT] - INFO - [Store 588] Evaluation - Loss: 0.2415, MAE: 0.2774
2025-03-31 14:42:38 - [Cluster 0 - CLIENT] - INFO - Sent reply
2025-03-31 14:42:38 - [Cluster 0 - CLIENT] - INFO - 
2025-03-31 14:42:38 - [Cluster 0 - CLIENT] - INFO - Received: evaluate message 02317656-6b35-40bf-a474-f2f1f22cdd31
2025-03-31 14:42:38 - [Cluster 0 - CLIENT] - INFO - [Store 857] Evaluation - Loss: 0.3582, MAE: 0.3805
2025-03-31 14:42:38 - [Cluster 0 - CLIENT] - INFO - Sent reply
2025-03-31 14:42:38 - [Cluster 0 - CLIENT] - INFO - [Store 314] Evaluation - Loss: 0.1807, MAE: 0.2597
2025-03-31 14:42:38 - [Cluster 0 - CLIENT] - INFO - Sent reply
2025-03-31 14:42:38 - [Cluster 0 - CLIENT] - INFO - 
2025-03-31 14:42:38 - [Cluster 0 - CLIENT] - INFO - Received: evaluate message 5c1e2783-cb02-4770-bb45-4ca27b7c746d
2025-03-31 14:42:38 - [Cluster 0 - CLIENT] - INFO - 
2025-03-31 14:42:38 - [Cluster 0 - CLIENT] - INFO - Received: evaluate message f84913e8-3788-48e6-ae9f-86099743efb8
2025-03-31 14:42:38 - [Cluster 0 - CLIENT] - INFO - [Store 489] Evaluation - Loss: 0.1991, MAE: 0.3192
2025-03-31 14:42:38 - [Cluster 0 - CLIENT] - INFO - Sent reply
2025-03-31 14:42:38 - [Cluster 0 - CLIENT] - INFO - [Store 242] Evaluation - Loss: 0.2332, MAE: 0.3469
2025-03-31 14:42:38 - [Cluster 0 - CLIENT] - INFO - Sent reply
2025-03-31 14:42:38 - [Cluster 0 - CLIENT] - INFO - [Store 447] Evaluation - Loss: 0.2538, MAE: 0.2945
2025-03-31 14:42:38 - [Cluster 0 - CLIENT] - INFO - Sent reply
2025-03-31 14:42:38 - [Cluster 0 - CLIENT] - INFO - 
2025-03-31 14:42:38 - [Cluster 0 - CLIENT] - INFO - Received: evaluate message e063b412-1191-4892-96a1-e654d9664d36
2025-03-31 14:42:38 - [Cluster 0 - CLIENT] - INFO - 
2025-03-31 14:42:38 - [Cluster 0 - CLIENT] - INFO - Received: evaluate message 4ab367de-d74a-4bb0-9190-e41805ecca9f
2025-03-31 14:42:38 - [Cluster 0 - CLIENT] - INFO - [Store 300] Evaluation - Loss: 0.3270, MAE: 0.3586
2025-03-31 14:42:38 - [Cluster 0 - CLIENT] - INFO - [Store 812] Evaluation - Loss: 0.1905, MAE: 0.2711
2025-03-31 14:42:38 - [Cluster 0 - CLIENT] - INFO - [Store 257] Evaluation - Loss: 0.2181, MAE: 0.2685
2025-03-31 14:42:38 - [Cluster 0 - CLIENT] - INFO - Sent reply
2025-03-31 14:42:38 - [Cluster 0 - CLIENT] - INFO - Sent reply
2025-03-31 14:42:38 - [Cluster 0 - CLIENT] - INFO - 
2025-03-31 14:42:38 - [Cluster 0 - CLIENT] - INFO - Received: evaluate message 7a494226-4ee7-4425-829a-f0a6996c67c9
2025-03-31 14:42:38 - [Cluster 0 - CLIENT] - INFO - [Store 313] Evaluation - Loss: 0.2318, MAE: 0.3073
2025-03-31 14:42:38 - [Cluster 0 - CLIENT] - INFO - Sent reply
2025-03-31 14:42:38 - [Cluster 0 - CLIENT] - INFO - Sent reply
2025-03-31 14:42:38 - [Cluster 0 - CLIENT] - INFO - 
2025-03-31 14:42:38 - [Cluster 0 - CLIENT] - INFO - Received: evaluate message 8d8e34ef-771a-4d2a-9ad1-206f8cabfba1
2025-03-31 14:42:38 - [Cluster 0 - CLIENT] - INFO - 
2025-03-31 14:42:38 - [Cluster 0 - CLIENT] - INFO - Received: evaluate message de3dc840-f756-4ee2-a293-b87817679dab
2025-03-31 14:42:38 - [Cluster 0 - CLIENT] - INFO - 
2025-03-31 14:42:38 - [Cluster 0 - CLIENT] - INFO - Received: evaluate message d8d5d700-8302-4aa1-9ef6-052b902e212c
2025-03-31 14:42:38 - [Cluster 0 - CLIENT] - INFO - 
2025-03-31 14:42:38 - [Cluster 0 - CLIENT] - INFO - Received: evaluate message a5ee48d1-3d3d-4b26-bf6f-8532595f197c
2025-03-31 14:42:38 - [Cluster 0 - CLIENT] - INFO - [Store 811] Evaluation - Loss: 0.2179, MAE: 0.2862
2025-03-31 14:42:38 - [Cluster 0 - CLIENT] - INFO - Sent reply
2025-03-31 14:42:38 - [Cluster 0 - CLIENT] - INFO - 
2025-03-31 14:42:38 - [Cluster 0 - CLIENT] - INFO - Received: evaluate message cf30870a-fa34-486c-a00a-cc816798325a
2025-03-31 14:42:39 - [Cluster 0 - CLIENT] - INFO - [Store 689] Evaluation - Loss: 0.2006, MAE: 0.2681
2025-03-31 14:42:39 - [Cluster 0 - CLIENT] - INFO - Sent reply
2025-03-31 14:42:39 - [Cluster 0 - CLIENT] - INFO - 
2025-03-31 14:42:39 - [Cluster 0 - CLIENT] - INFO - Received: evaluate message 0b00f8ec-c6b8-4bad-bd2d-2d3d99f112d6
2025-03-31 14:42:39 - [Cluster 0 - CLIENT] - INFO - [Store 201] Evaluation - Loss: 0.2636, MAE: 0.3347
2025-03-31 14:42:39 - [Cluster 0 - CLIENT] - INFO - Sent reply
2025-03-31 14:42:39 - [Cluster 0 - CLIENT] - INFO - 
2025-03-31 14:42:39 - [Cluster 0 - CLIENT] - INFO - Received: evaluate message 2705c485-d536-4592-8001-7e0408242dc0
2025-03-31 14:42:39 - [Cluster 0 - CLIENT] - INFO - [Store 294] Evaluation - Loss: 0.2594, MAE: 0.3165
2025-03-31 14:42:39 - [Cluster 0 - CLIENT] - INFO - Sent reply
2025-03-31 14:42:39 - [Cluster 0 - CLIENT] - INFO - 
2025-03-31 14:42:39 - [Cluster 0 - CLIENT] - INFO - Received: evaluate message 9c4630fd-19f9-478c-9312-e65f206b6612
2025-03-31 14:42:39 - [Cluster 0 - CLIENT] - INFO - [Store 1048] Evaluation - Loss: 0.3513, MAE: 0.3537
2025-03-31 14:42:39 - [Cluster 0 - CLIENT] - INFO - Sent reply
2025-03-31 14:42:39 - [Cluster 0 - CLIENT] - INFO - [Store 91] Evaluation - Loss: 0.2891, MAE: 0.3702
2025-03-31 14:42:39 - [Cluster 0 - CLIENT] - INFO - Sent reply
2025-03-31 14:42:39 - [Cluster 0 - CLIENT] - INFO - [Store 142] Evaluation - Loss: 0.2493, MAE: 0.2773
2025-03-31 14:42:39 - [Cluster 0 - CLIENT] - INFO - Sent reply
2025-03-31 14:42:39 - [Cluster 0 - CLIENT] - INFO - [Store 47] Evaluation - Loss: 0.2789, MAE: 0.2980
2025-03-31 14:42:39 - [Cluster 0 - CLIENT] - INFO - Sent reply
2025-03-31 14:42:39 - [Cluster 0 - CLIENT] - INFO - [Store 75] Evaluation - Loss: 0.2405, MAE: 0.2987
2025-03-31 14:42:39 - [Cluster 0 - CLIENT] - INFO - Sent reply
2025-03-31 14:42:39 - [Cluster 0 - CLIENT] - INFO - [Store 329] Evaluation - Loss: 0.2125, MAE: 0.2945
2025-03-31 14:42:39 - [Cluster 0 - CLIENT] - INFO - Sent reply
2025-03-31 14:42:39 - [Cluster 0 - CLIENT] - INFO - [Store 327] Evaluation - Loss: 0.2495, MAE: 0.2941
2025-03-31 14:42:39 - [Cluster 0 - CLIENT] - INFO - Sent reply
2025-03-31 14:42:39 - [Cluster 0 - CLIENT] - INFO - [Store 592] Evaluation - Loss: 0.1943, MAE: 0.2838
2025-03-31 14:42:39 - [Cluster 0 - CLIENT] - INFO - Sent reply
2025-03-31 14:42:39 - [Cluster 0 - CLIENT] - INFO - [Store 848] Evaluation - Loss: 0.1689, MAE: 0.2542
2025-03-31 14:42:39 - [Cluster 0 - CLIENT] - INFO - Sent reply
2025-03-31 14:42:39 - [Cluster 0 - CLIENT] - INFO - [Store 451] Evaluation - Loss: 0.3047, MAE: 0.3162
2025-03-31 14:42:39 - [Cluster 0 - CLIENT] - INFO - Sent reply
2025-03-31 14:42:39 - [Cluster 0 - CLIENT] - INFO - [Store 111] Evaluation - Loss: 0.2386, MAE: 0.3040
2025-03-31 14:42:39 - [Cluster 0 - CLIENT] - INFO - Sent reply
2025-03-31 14:42:39 - [Cluster 0 - CLIENT] - INFO - [Store 639] Evaluation - Loss: 0.2024, MAE: 0.2860
2025-03-31 14:42:39 - [Cluster 0 - CLIENT] - INFO - Sent reply
2025-03-31 14:42:39 - [Cluster 0 - CLIENT] - INFO - [Store 418] Evaluation - Loss: 0.2752, MAE: 0.3426
2025-03-31 14:42:39 - [Cluster 0 - CLIENT] - INFO - Sent reply
2025-03-31 14:42:39 - [Cluster 0 - CLIENT] - INFO - [Store 328] Evaluation - Loss: 0.2001, MAE: 0.2663
2025-03-31 14:42:39 - [Cluster 0 - CLIENT] - INFO - Sent reply
2025-03-31 14:42:40 - [Cluster 0 - CLIENT] - INFO - [Store 590] Evaluation - Loss: 0.2872, MAE: 0.3420
2025-03-31 14:42:40 - [Cluster 0 - CLIENT] - INFO - Sent reply
2025-03-31 14:42:40 - [Cluster 0 - CLIENT] - INFO - 
2025-03-31 14:42:40 - [Cluster 0 - CLIENT] - INFO - Received: train message 31dad71b-2356-45bd-8c27-70ed328cf011
2025-03-31 14:42:40 - [Cluster 0 - CLIENT] - INFO - 
2025-03-31 14:42:40 - [Cluster 0 - CLIENT] - INFO - Received: train message 99f403db-f1be-42e8-8c7f-45acc0979da2
2025-03-31 14:42:40 - [Cluster 0 - CLIENT] - INFO - 
2025-03-31 14:42:40 - [Cluster 0 - CLIENT] - INFO - Received: train message c926b267-ddf1-4f52-8e24-4c01d8c280af
2025-03-31 14:42:40 - [Cluster 0 - CLIENT] - INFO - 
2025-03-31 14:42:40 - [Cluster 0 - CLIENT] - INFO - Received: train message 337baa48-ceee-42bf-bfb8-fe8ecd6cf829
2025-03-31 14:42:40 - [Cluster 0 - CLIENT] - INFO - 
2025-03-31 14:42:40 - [Cluster 0 - CLIENT] - INFO - Received: train message c0761174-e3d2-4fb6-95e0-73b2a12a71e8
2025-03-31 14:42:40 - [Cluster 0 - CLIENT] - INFO - 
2025-03-31 14:42:40 - [Cluster 0 - CLIENT] - INFO - Received: train message ebbc5666-e9ed-45d2-adda-9ba50fa34f02
2025-03-31 14:42:40 - [Cluster 0 - CLIENT] - INFO - 
2025-03-31 14:42:40 - [Cluster 0 - CLIENT] - INFO - Received: train message a44ac3d9-d500-40ec-8461-038ee67685e9
2025-03-31 14:42:40 - [Cluster 0 - CLIENT] - INFO - [Store 451] Starting local training.
2025-03-31 14:42:40 - [Cluster 0 - CLIENT] - INFO - [Store 300] Starting local training.
2025-03-31 14:42:40 - [Cluster 0 - CLIENT] - INFO - [Store 327] Starting local training.
2025-03-31 14:42:40 - [Cluster 0 - CLIENT] - INFO - 
2025-03-31 14:42:40 - [Cluster 0 - CLIENT] - INFO - Received: train message e9b2f0be-d891-4565-945f-3d2634fc0686
2025-03-31 14:42:40 - [Cluster 0 - CLIENT] - INFO - 
2025-03-31 14:42:40 - [Cluster 0 - CLIENT] - INFO - Received: train message 8303f494-fb64-4a14-b53b-a7b49fece2fc
2025-03-31 14:42:40 - [Cluster 0 - CLIENT] - INFO - [Store 489] Starting local training.
2025-03-31 14:42:40 - [Cluster 0 - CLIENT] - INFO - [Store 588] Starting local training.
2025-03-31 14:42:40 - [Cluster 0 - CLIENT] - INFO - 
2025-03-31 14:42:40 - [Cluster 0 - CLIENT] - INFO - Received: train message 6d5275ff-ea66-42d1-8a8b-74292b70e636
2025-03-31 14:42:40 - [Cluster 0 - CLIENT] - INFO - [Store 142] Starting local training.
2025-03-31 14:42:40 - [Cluster 0 - CLIENT] - INFO - 
2025-03-31 14:42:40 - [Cluster 0 - CLIENT] - INFO - Received: train message a7203e97-0499-428d-ac78-87ad09edefbd
2025-03-31 14:42:40 - [Cluster 0 - CLIENT] - INFO - 
2025-03-31 14:42:40 - [Cluster 0 - CLIENT] - INFO - Received: train message ad38eb8e-c317-4dbf-bf1e-b5275ec05bdd
2025-03-31 14:42:40 - [Cluster 0 - CLIENT] - INFO - [Store 111] Starting local training.
2025-03-31 14:42:40 - [Cluster 0 - CLIENT] - INFO - 
2025-03-31 14:42:40 - [Cluster 0 - CLIENT] - INFO - Received: train message b98b09b7-1587-47ac-9e4c-bb487b5b2799
2025-03-31 14:42:40 - [Cluster 0 - CLIENT] - INFO - [Store 529] Starting local training.
2025-03-31 14:42:40 - [Cluster 0 - CLIENT] - INFO - [Store 639] Starting local training.
2025-03-31 14:42:40 - [Cluster 0 - CLIENT] - INFO - 
2025-03-31 14:42:40 - [Cluster 0 - CLIENT] - INFO - Received: train message e44c01d7-06cc-4d1d-9994-154a5a3dcd3f
2025-03-31 14:42:40 - [Cluster 0 - CLIENT] - INFO - 
2025-03-31 14:42:40 - [Cluster 0 - CLIENT] - INFO - Received: train message e948a7d1-5280-4227-b57c-ae0548554338
2025-03-31 14:42:40 - [Cluster 0 - CLIENT] - INFO - [Store 91] Starting local training.
2025-03-31 14:42:40 - [Cluster 0 - CLIENT] - INFO - [Store 418] Starting local training.
2025-03-31 14:42:40 - [Cluster 0 - CLIENT] - INFO - [Store 294] Starting local training.
2025-03-31 14:42:40 - [Cluster 0 - CLIENT] - INFO - [Store 447] Starting local training.
2025-03-31 14:42:40 - [Cluster 0 - CLIENT] - INFO - [Store 257] Starting local training.
2025-03-31 14:42:40 - [Cluster 0 - CLIENT] - INFO - [Store 689] Starting local training.
2025-03-31 14:46:04 - [Cluster 0 - CLIENT] - INFO - [Store 529] Local training complete.
2025-03-31 14:46:04 - [Cluster 0 - CLIENT] - INFO - Sent reply
2025-03-31 14:46:04 - [Cluster 0 - CLIENT] - INFO - 
2025-03-31 14:46:04 - [Cluster 0 - CLIENT] - INFO - Received: train message b7d757d3-be9f-4ae1-93b3-a02f13618668
2025-03-31 14:46:04 - [Cluster 0 - CLIENT] - INFO - [Store 689] Local training complete.
2025-03-31 14:46:04 - [Cluster 0 - CLIENT] - INFO - [Store 201] Starting local training.
2025-03-31 14:46:04 - [Cluster 0 - CLIENT] - INFO - Sent reply
2025-03-31 14:46:04 - [Cluster 0 - CLIENT] - INFO - 
2025-03-31 14:46:04 - [Cluster 0 - CLIENT] - INFO - Received: train message c1245e9c-bd70-4c11-a6f0-36cdbf8a29c8
2025-03-31 14:46:04 - [Cluster 0 - CLIENT] - INFO - [Store 75] Starting local training.
2025-03-31 14:46:05 - [Cluster 0 - CLIENT] - INFO - [Store 418] Local training complete.
2025-03-31 14:46:05 - [Cluster 0 - CLIENT] - INFO - Sent reply
2025-03-31 14:46:05 - [Cluster 0 - CLIENT] - INFO - 
2025-03-31 14:46:05 - [Cluster 0 - CLIENT] - INFO - Received: train message 27474276-2e99-4e68-8e5a-c78b34ff1fce
2025-03-31 14:46:05 - [Cluster 0 - CLIENT] - INFO - [Store 242] Starting local training.
2025-03-31 14:46:05 - [Cluster 0 - CLIENT] - INFO - [Store 639] Local training complete.
2025-03-31 14:46:06 - [Cluster 0 - CLIENT] - INFO - Sent reply
2025-03-31 14:46:06 - [Cluster 0 - CLIENT] - INFO - 
2025-03-31 14:46:06 - [Cluster 0 - CLIENT] - INFO - Received: train message 8387a344-1e2a-478d-bba1-29fbdad343ca
2025-03-31 14:46:06 - [Cluster 0 - CLIENT] - INFO - [Store 314] Starting local training.
2025-03-31 14:46:07 - [Cluster 0 - CLIENT] - INFO - [Store 91] Local training complete.
2025-03-31 14:46:07 - [Cluster 0 - CLIENT] - INFO - Sent reply
2025-03-31 14:46:07 - [Cluster 0 - CLIENT] - INFO - [Store 451] Local training complete.
2025-03-31 14:46:07 - [Cluster 0 - CLIENT] - INFO - 
2025-03-31 14:46:07 - [Cluster 0 - CLIENT] - INFO - Received: train message cb6a28a2-8fd8-482c-a017-f2a36b0bbac3
2025-03-31 14:46:07 - [Cluster 0 - CLIENT] - INFO - [Store 592] Starting local training.
2025-03-31 14:46:07 - [Cluster 0 - CLIENT] - INFO - Sent reply
2025-03-31 14:46:07 - [Cluster 0 - CLIENT] - INFO - 
2025-03-31 14:46:07 - [Cluster 0 - CLIENT] - INFO - Received: train message 6fca9ce7-341c-4fa6-be28-6e0442b5d609
2025-03-31 14:46:07 - [Cluster 0 - CLIENT] - INFO - [Store 590] Starting local training.
2025-03-31 14:46:08 - [Cluster 0 - CLIENT] - INFO - [Store 489] Local training complete.
2025-03-31 14:46:08 - [Cluster 0 - CLIENT] - INFO - Sent reply
2025-03-31 14:46:08 - [Cluster 0 - CLIENT] - INFO - 
2025-03-31 14:46:08 - [Cluster 0 - CLIENT] - INFO - Received: train message 0d4d45a2-7734-4ec1-8278-7a08209649d3
2025-03-31 14:46:09 - [Cluster 0 - CLIENT] - INFO - [Store 857] Starting local training.
2025-03-31 14:46:09 - [Cluster 0 - CLIENT] - INFO - [Store 447] Local training complete.
2025-03-31 14:46:09 - [Cluster 0 - CLIENT] - INFO - Sent reply
2025-03-31 14:46:09 - [Cluster 0 - CLIENT] - INFO - 
2025-03-31 14:46:09 - [Cluster 0 - CLIENT] - INFO - Received: train message 405b27fa-b6d1-4749-8de4-bd0a77d75458
2025-03-31 14:46:09 - [Cluster 0 - CLIENT] - INFO - [Store 848] Starting local training.
2025-03-31 14:46:09 - [Cluster 0 - CLIENT] - INFO - [Store 300] Local training complete.
2025-03-31 14:46:09 - [Cluster 0 - CLIENT] - INFO - [Store 294] Local training complete.
2025-03-31 14:46:09 - [Cluster 0 - CLIENT] - INFO - Sent reply
2025-03-31 14:46:09 - [Cluster 0 - CLIENT] - INFO - 
2025-03-31 14:46:09 - [Cluster 0 - CLIENT] - INFO - Received: train message 99996ffe-5336-4bf4-9cf1-5df14b29ceb5
2025-03-31 14:46:09 - [Cluster 0 - CLIENT] - INFO - Sent reply
2025-03-31 14:46:09 - [Cluster 0 - CLIENT] - INFO - [Store 328] Starting local training.
2025-03-31 14:46:09 - [Cluster 0 - CLIENT] - INFO - 
2025-03-31 14:46:09 - [Cluster 0 - CLIENT] - INFO - Received: train message 3632d695-8122-446b-8ddc-cb7d0a390c3c
2025-03-31 14:46:09 - [Cluster 0 - CLIENT] - INFO - [Store 313] Starting local training.
2025-03-31 14:46:10 - [Cluster 0 - CLIENT] - INFO - [Store 327] Local training complete.
2025-03-31 14:46:10 - [Cluster 0 - CLIENT] - INFO - Sent reply
2025-03-31 14:46:10 - [Cluster 0 - CLIENT] - INFO - 
2025-03-31 14:46:10 - [Cluster 0 - CLIENT] - INFO - Received: train message b1bddfda-3eb7-43e6-a9d7-8ebda9c94f5e
2025-03-31 14:46:10 - [Cluster 0 - CLIENT] - INFO - [Store 812] Starting local training.
2025-03-31 14:46:12 - [Cluster 0 - CLIENT] - INFO - [Store 588] Local training complete.
2025-03-31 14:46:12 - [Cluster 0 - CLIENT] - INFO - [Store 257] Local training complete.
2025-03-31 14:46:12 - [Cluster 0 - CLIENT] - INFO - Sent reply
2025-03-31 14:46:12 - [Cluster 0 - CLIENT] - INFO - 
2025-03-31 14:46:12 - [Cluster 0 - CLIENT] - INFO - Received: train message efb67a78-51c8-4b38-bad0-64e9eea2f663
2025-03-31 14:46:12 - [Cluster 0 - CLIENT] - INFO - [Store 47] Starting local training.
2025-03-31 14:46:13 - [Cluster 0 - CLIENT] - INFO - Sent reply
2025-03-31 14:46:13 - [Cluster 0 - CLIENT] - INFO - 
2025-03-31 14:46:13 - [Cluster 0 - CLIENT] - INFO - Received: train message 61ecf8bb-2408-4acd-85e7-9cde1c31e10e
2025-03-31 14:46:13 - [Cluster 0 - CLIENT] - INFO - [Store 811] Starting local training.
2025-03-31 14:46:23 - [Cluster 0 - CLIENT] - INFO - [Store 142] Local training complete.
2025-03-31 14:46:23 - [Cluster 0 - CLIENT] - INFO - Sent reply
2025-03-31 14:46:23 - [Cluster 0 - CLIENT] - INFO - 
2025-03-31 14:46:23 - [Cluster 0 - CLIENT] - INFO - Received: train message 701b6944-c213-4cd9-9de0-7657ba1fa087
2025-03-31 14:46:23 - [Cluster 0 - CLIENT] - INFO - [Store 329] Starting local training.
2025-03-31 14:46:26 - [Cluster 0 - CLIENT] - INFO - [Store 111] Local training complete.
2025-03-31 14:46:26 - [Cluster 0 - CLIENT] - INFO - Sent reply
2025-03-31 14:46:26 - [Cluster 0 - CLIENT] - INFO - 
2025-03-31 14:46:26 - [Cluster 0 - CLIENT] - INFO - Received: train message 75a156cd-0e78-437f-980f-bd0a54e2b443
2025-03-31 14:46:27 - [Cluster 0 - CLIENT] - INFO - [Store 1048] Starting local training.
2025-03-31 14:49:36 - [Cluster 0 - CLIENT] - INFO - [Store 328] Local training complete.
2025-03-31 14:49:36 - [Cluster 0 - CLIENT] - INFO - Sent reply
2025-03-31 14:49:37 - [Cluster 0 - CLIENT] - INFO - [Store 201] Local training complete.
2025-03-31 14:49:37 - [Cluster 0 - CLIENT] - INFO - Sent reply
2025-03-31 14:49:38 - [Cluster 0 - CLIENT] - INFO - [Store 590] Local training complete.
2025-03-31 14:49:38 - [Cluster 0 - CLIENT] - INFO - Sent reply
2025-03-31 14:49:38 - [Cluster 0 - CLIENT] - INFO - [Store 848] Local training complete.
2025-03-31 14:49:38 - [Cluster 0 - CLIENT] - INFO - Sent reply
2025-03-31 14:49:39 - [Cluster 0 - CLIENT] - INFO - [Store 314] Local training complete.
2025-03-31 14:49:39 - [Cluster 0 - CLIENT] - INFO - Sent reply
2025-03-31 14:49:39 - [Cluster 0 - CLIENT] - INFO - [Store 592] Local training complete.
2025-03-31 14:49:39 - [Cluster 0 - CLIENT] - INFO - Sent reply
2025-03-31 14:49:40 - [Cluster 0 - CLIENT] - INFO - [Store 75] Local training complete.
2025-03-31 14:49:40 - [Cluster 0 - CLIENT] - INFO - Sent reply
2025-03-31 14:49:40 - [Cluster 0 - CLIENT] - INFO - [Store 811] Local training complete.
2025-03-31 14:49:40 - [Cluster 0 - CLIENT] - INFO - Sent reply
2025-03-31 14:49:40 - [Cluster 0 - CLIENT] - INFO - [Store 857] Local training complete.
2025-03-31 14:49:40 - [Cluster 0 - CLIENT] - INFO - Sent reply
2025-03-31 14:49:40 - [Cluster 0 - CLIENT] - INFO - [Store 812] Local training complete.
2025-03-31 14:49:40 - [Cluster 0 - CLIENT] - INFO - Sent reply
2025-03-31 14:49:42 - [Cluster 0 - CLIENT] - INFO - [Store 313] Local training complete.
2025-03-31 14:49:42 - [Cluster 0 - CLIENT] - INFO - Sent reply
2025-03-31 14:49:44 - [Cluster 0 - CLIENT] - INFO - [Store 329] Local training complete.
2025-03-31 14:49:44 - [Cluster 0 - CLIENT] - INFO - Sent reply
2025-03-31 14:49:45 - [Cluster 0 - CLIENT] - INFO - [Store 1048] Local training complete.
2025-03-31 14:49:45 - [Cluster 0 - CLIENT] - INFO - Sent reply
2025-03-31 14:49:45 - [Cluster 0 - CLIENT] - INFO - [Store 242] Local training complete.
2025-03-31 14:49:45 - [Cluster 0 - CLIENT] - INFO - Sent reply
2025-03-31 14:49:45 - [Cluster 0 - CLIENT] - INFO - [Store 47] Local training complete.
2025-03-31 14:49:45 - [Cluster 0 - CLIENT] - INFO - Sent reply
2025-03-31 14:49:45 - [Cluster 0 - CLIENT] - INFO - 
2025-03-31 14:49:45 - [Cluster 0 - CLIENT] - INFO - Received: evaluate message ba2139e8-9a1e-4b07-92c3-f4357f42df42
2025-03-31 14:49:45 - [Cluster 0 - CLIENT] - INFO - 
2025-03-31 14:49:45 - [Cluster 0 - CLIENT] - INFO - Received: evaluate message 89e6ee67-3e6a-4d23-8e6e-67d0d8d8373f
2025-03-31 14:49:45 - [Cluster 0 - CLIENT] - INFO - 
2025-03-31 14:49:45 - [Cluster 0 - CLIENT] - INFO - Received: evaluate message 95a2abf5-b3d8-4c44-b3a9-9770af20b66b
2025-03-31 14:49:45 - [Cluster 0 - CLIENT] - INFO - 
2025-03-31 14:49:45 - [Cluster 0 - CLIENT] - INFO - Received: evaluate message c395475a-3df0-4cce-b48a-4decd6d98955
2025-03-31 14:49:45 - [Cluster 0 - CLIENT] - INFO - 
2025-03-31 14:49:45 - [Cluster 0 - CLIENT] - INFO - Received: evaluate message 11fe7030-5ae8-4092-a0e6-9385282df095
2025-03-31 14:49:45 - [Cluster 0 - CLIENT] - INFO - 
2025-03-31 14:49:45 - [Cluster 0 - CLIENT] - INFO - Received: evaluate message 60bc87ac-e4a0-4d6e-8963-d727d7210afc
2025-03-31 14:49:45 - [Cluster 0 - CLIENT] - INFO - 
2025-03-31 14:49:45 - [Cluster 0 - CLIENT] - INFO - Received: evaluate message 586526b0-1e10-48dc-8fb0-288ce01ee174
2025-03-31 14:49:45 - [Cluster 0 - CLIENT] - INFO - 
2025-03-31 14:49:45 - [Cluster 0 - CLIENT] - INFO - Received: evaluate message eb8312e2-c795-4b9f-9e39-4f4ef828e178
2025-03-31 14:49:45 - [Cluster 0 - CLIENT] - INFO - 
2025-03-31 14:49:45 - [Cluster 0 - CLIENT] - INFO - Received: evaluate message 1a77e785-3489-4863-9392-4455a54e3649
2025-03-31 14:49:45 - [Cluster 0 - CLIENT] - INFO - 
2025-03-31 14:49:45 - [Cluster 0 - CLIENT] - INFO - Received: evaluate message ec7a1495-7bd0-4365-b538-b6d5c5a9eeb4
2025-03-31 14:49:45 - [Cluster 0 - CLIENT] - INFO - 
2025-03-31 14:49:45 - [Cluster 0 - CLIENT] - INFO - Received: evaluate message 21d23585-7bec-4266-aee8-ccb6509c3080
2025-03-31 14:49:45 - [Cluster 0 - CLIENT] - INFO - 
2025-03-31 14:49:45 - [Cluster 0 - CLIENT] - INFO - Received: evaluate message d5a70989-9cd2-4d4d-a619-1982ac55b0f3
2025-03-31 14:49:45 - [Cluster 0 - CLIENT] - INFO - 
2025-03-31 14:49:45 - [Cluster 0 - CLIENT] - INFO - Received: evaluate message f27f9105-ac1e-4680-bffc-247181333e36
2025-03-31 14:49:45 - [Cluster 0 - CLIENT] - INFO - 
2025-03-31 14:49:45 - [Cluster 0 - CLIENT] - INFO - Received: evaluate message 76b83bcf-916c-4e3e-b090-e5e00b655427
2025-03-31 14:49:45 - [Cluster 0 - CLIENT] - INFO - 
2025-03-31 14:49:45 - [Cluster 0 - CLIENT] - INFO - Received: evaluate message e23ddf4e-2cee-4e67-828d-0f2ba7a13644
2025-03-31 14:49:46 - [Cluster 0 - CLIENT] - INFO - [Store 811] Evaluation - Loss: 0.2090, MAE: 0.2728
2025-03-31 14:49:46 - [Cluster 0 - CLIENT] - INFO - Sent reply
2025-03-31 14:49:46 - [Cluster 0 - CLIENT] - INFO - 
2025-03-31 14:49:46 - [Cluster 0 - CLIENT] - INFO - Received: evaluate message b9c8a446-975c-445d-9380-85cf66859544
2025-03-31 14:49:46 - [Cluster 0 - CLIENT] - INFO - [Store 857] Evaluation - Loss: 0.3488, MAE: 0.3725
2025-03-31 14:49:46 - [Cluster 0 - CLIENT] - INFO - [Store 300] Evaluation - Loss: 0.3203, MAE: 0.3491
2025-03-31 14:49:46 - [Cluster 0 - CLIENT] - INFO - [Store 242] Evaluation - Loss: 0.2350, MAE: 0.3518
2025-03-31 14:49:46 - [Cluster 0 - CLIENT] - INFO - [Store 313] Evaluation - Loss: 0.2207, MAE: 0.3097
2025-03-31 14:49:46 - [Cluster 0 - CLIENT] - INFO - Sent reply
2025-03-31 14:49:46 - [Cluster 0 - CLIENT] - INFO - Sent reply
2025-03-31 14:49:46 - [Cluster 0 - CLIENT] - INFO - Sent reply
2025-03-31 14:49:46 - [Cluster 0 - CLIENT] - INFO - Sent reply
2025-03-31 14:49:46 - [Cluster 0 - CLIENT] - INFO - 
2025-03-31 14:49:46 - [Cluster 0 - CLIENT] - INFO - Received: evaluate message 8bfcdb5f-00fb-411d-9084-31dc74492b07
2025-03-31 14:49:46 - [Cluster 0 - CLIENT] - INFO - 
2025-03-31 14:49:46 - [Cluster 0 - CLIENT] - INFO - Received: evaluate message 3a8bbdc4-9194-406f-bb1e-4f445f88470c
2025-03-31 14:49:46 - [Cluster 0 - CLIENT] - INFO - 
2025-03-31 14:49:46 - [Cluster 0 - CLIENT] - INFO - Received: evaluate message 925f1ee4-2ae1-4fbc-ad28-c1672df61221
2025-03-31 14:49:46 - [Cluster 0 - CLIENT] - INFO - 
2025-03-31 14:49:46 - [Cluster 0 - CLIENT] - INFO - Received: evaluate message 271031cb-197b-4a67-aaf1-b7bb31092d85
2025-03-31 14:49:46 - [Cluster 0 - CLIENT] - INFO - [Store 257] Evaluation - Loss: 0.2030, MAE: 0.2662
2025-03-31 14:49:46 - [Cluster 0 - CLIENT] - INFO - Sent reply
2025-03-31 14:49:46 - [Cluster 0 - CLIENT] - INFO - [Store 418] Evaluation - Loss: 0.2746, MAE: 0.3430
2025-03-31 14:49:46 - [Cluster 0 - CLIENT] - INFO - [Store 451] Evaluation - Loss: 0.2752, MAE: 0.3012
2025-03-31 14:49:46 - [Cluster 0 - CLIENT] - INFO - Sent reply
2025-03-31 14:49:46 - [Cluster 0 - CLIENT] - INFO - Sent reply
2025-03-31 14:49:46 - [Cluster 0 - CLIENT] - INFO - 
2025-03-31 14:49:46 - [Cluster 0 - CLIENT] - INFO - Received: evaluate message bd118c43-33be-4cb8-bd3b-fcf588bdded8
2025-03-31 14:49:46 - [Cluster 0 - CLIENT] - INFO - 
2025-03-31 14:49:46 - [Cluster 0 - CLIENT] - INFO - Received: evaluate message 5bd29211-d10c-4022-b572-1b24e9f8d29a
2025-03-31 14:49:46 - [Cluster 0 - CLIENT] - INFO - 
2025-03-31 14:49:46 - [Cluster 0 - CLIENT] - INFO - Received: evaluate message ae2d73bf-188a-4d98-89e2-549c1ffd4d1d
2025-03-31 14:49:46 - [Cluster 0 - CLIENT] - INFO - [Store 47] Evaluation - Loss: 0.2480, MAE: 0.2847
2025-03-31 14:49:46 - [Cluster 0 - CLIENT] - INFO - Sent reply
2025-03-31 14:49:46 - [Cluster 0 - CLIENT] - INFO - 
2025-03-31 14:49:46 - [Cluster 0 - CLIENT] - INFO - Received: evaluate message 387eaaea-0a6f-4143-a297-cbe65bfcd608
2025-03-31 14:49:46 - [Cluster 0 - CLIENT] - INFO - [Store 848] Evaluation - Loss: 0.1826, MAE: 0.2547
2025-03-31 14:49:46 - [Cluster 0 - CLIENT] - INFO - Sent reply
2025-03-31 14:49:46 - [Cluster 0 - CLIENT] - INFO - [Store 1048] Evaluation - Loss: 0.3206, MAE: 0.3405
2025-03-31 14:49:46 - [Cluster 0 - CLIENT] - INFO - Sent reply
2025-03-31 14:49:46 - [Cluster 0 - CLIENT] - INFO - [Store 328] Evaluation - Loss: 0.1961, MAE: 0.2630
2025-03-31 14:49:46 - [Cluster 0 - CLIENT] - INFO - Sent reply
2025-03-31 14:49:46 - [Cluster 0 - CLIENT] - INFO - 
2025-03-31 14:49:46 - [Cluster 0 - CLIENT] - INFO - Received: evaluate message c2fa8b85-274b-4d9a-ad87-0a63aaaafd0a
2025-03-31 14:49:46 - [Cluster 0 - CLIENT] - INFO - 
2025-03-31 14:49:46 - [Cluster 0 - CLIENT] - INFO - Received: evaluate message b7c74cd9-7933-4283-b622-a12d07d4e70f
2025-03-31 14:49:46 - [Cluster 0 - CLIENT] - INFO - [Store 111] Evaluation - Loss: 0.2366, MAE: 0.3019
2025-03-31 14:49:46 - [Cluster 0 - CLIENT] - INFO - Sent reply
2025-03-31 14:49:46 - [Cluster 0 - CLIENT] - INFO - 
2025-03-31 14:49:46 - [Cluster 0 - CLIENT] - INFO - Received: evaluate message 95479c4b-6c82-45cf-9897-9bf9a40e933d
2025-03-31 14:49:46 - [Cluster 0 - CLIENT] - INFO - 
2025-03-31 14:49:46 - [Cluster 0 - CLIENT] - INFO - Received: evaluate message bddcb82f-0f14-4a0c-85cb-2d1862e7d1bc
2025-03-31 14:49:46 - [Cluster 0 - CLIENT] - INFO - [Store 75] Evaluation - Loss: 0.2205, MAE: 0.2777
2025-03-31 14:49:46 - [Cluster 0 - CLIENT] - INFO - Sent reply
2025-03-31 14:49:47 - [Cluster 0 - CLIENT] - INFO - 
2025-03-31 14:49:47 - [Cluster 0 - CLIENT] - INFO - Received: evaluate message 26d93532-7b6b-433b-af05-b059c641a363
2025-03-31 14:49:47 - [Cluster 0 - CLIENT] - INFO - [Store 447] Evaluation - Loss: 0.2422, MAE: 0.2843
2025-03-31 14:49:47 - [Cluster 0 - CLIENT] - INFO - Sent reply
2025-03-31 14:49:47 - [Cluster 0 - CLIENT] - INFO - 
2025-03-31 14:49:47 - [Cluster 0 - CLIENT] - INFO - Received: evaluate message 95a73a69-289b-4ad9-9367-3eceb63cc517
2025-03-31 14:49:47 - [Cluster 0 - CLIENT] - INFO - [Store 294] Evaluation - Loss: 0.2299, MAE: 0.3032
2025-03-31 14:49:47 - [Cluster 0 - CLIENT] - INFO - Sent reply
2025-03-31 14:49:47 - [Cluster 0 - CLIENT] - INFO - [Store 588] Evaluation - Loss: 0.2181, MAE: 0.2659
2025-03-31 14:49:47 - [Cluster 0 - CLIENT] - INFO - Sent reply
2025-03-31 14:49:48 - [Cluster 0 - CLIENT] - INFO - [Store 489] Evaluation - Loss: 0.1949, MAE: 0.3195
2025-03-31 14:49:48 - [Cluster 0 - CLIENT] - INFO - Sent reply
2025-03-31 14:49:48 - [Cluster 0 - CLIENT] - INFO - [Store 689] Evaluation - Loss: 0.2218, MAE: 0.2804
2025-03-31 14:49:48 - [Cluster 0 - CLIENT] - INFO - Sent reply
2025-03-31 14:49:48 - [Cluster 0 - CLIENT] - INFO - [Store 812] Evaluation - Loss: 0.1784, MAE: 0.2674
2025-03-31 14:49:48 - [Cluster 0 - CLIENT] - INFO - [Store 590] Evaluation - Loss: 0.2864, MAE: 0.3409
2025-03-31 14:49:48 - [Cluster 0 - CLIENT] - INFO - Sent reply
2025-03-31 14:49:48 - [Cluster 0 - CLIENT] - INFO - Sent reply
2025-03-31 14:49:48 - [Cluster 0 - CLIENT] - INFO - [Store 201] Evaluation - Loss: 0.2669, MAE: 0.3347
2025-03-31 14:49:48 - [Cluster 0 - CLIENT] - INFO - [Store 592] Evaluation - Loss: 0.1953, MAE: 0.2845
2025-03-31 14:49:48 - [Cluster 0 - CLIENT] - INFO - [Store 91] Evaluation - Loss: 0.3134, MAE: 0.3868
2025-03-31 14:49:48 - [Cluster 0 - CLIENT] - INFO - Sent reply
2025-03-31 14:49:48 - [Cluster 0 - CLIENT] - INFO - Sent reply
2025-03-31 14:49:48 - [Cluster 0 - CLIENT] - INFO - Sent reply
2025-03-31 14:49:48 - [Cluster 0 - CLIENT] - INFO - [Store 314] Evaluation - Loss: 0.1774, MAE: 0.2600
2025-03-31 14:49:48 - [Cluster 0 - CLIENT] - INFO - Sent reply
2025-03-31 14:49:48 - [Cluster 0 - CLIENT] - INFO - [Store 639] Evaluation - Loss: 0.2182, MAE: 0.2963
2025-03-31 14:49:48 - [Cluster 0 - CLIENT] - INFO - Sent reply
2025-03-31 14:49:48 - [Cluster 0 - CLIENT] - INFO - [Store 142] Evaluation - Loss: 0.2478, MAE: 0.2770
2025-03-31 14:49:48 - [Cluster 0 - CLIENT] - INFO - Sent reply
2025-03-31 14:49:48 - [Cluster 0 - CLIENT] - INFO - [Store 529] Evaluation - Loss: 0.2237, MAE: 0.2659
2025-03-31 14:49:48 - [Cluster 0 - CLIENT] - INFO - Sent reply
2025-03-31 14:49:48 - [Cluster 0 - CLIENT] - INFO - [Store 327] Evaluation - Loss: 0.2360, MAE: 0.2882
2025-03-31 14:49:48 - [Cluster 0 - CLIENT] - INFO - Sent reply
2025-03-31 14:49:48 - [Cluster 0 - CLIENT] - INFO - [Store 329] Evaluation - Loss: 0.2157, MAE: 0.2990
2025-03-31 14:49:48 - [Cluster 0 - CLIENT] - INFO - Sent reply
2025-03-31 14:49:48 - [Cluster 0 - CLIENT] - INFO - 
2025-03-31 14:49:48 - [Cluster 0 - CLIENT] - INFO - Received: train message be6ed33b-06bd-4fe3-beae-0e70229ad5e1
2025-03-31 14:49:48 - [Cluster 0 - CLIENT] - INFO - 
2025-03-31 14:49:48 - [Cluster 0 - CLIENT] - INFO - Received: train message ed9ae528-0d19-404a-b537-aea081ed8196
2025-03-31 14:49:48 - [Cluster 0 - CLIENT] - INFO - 
2025-03-31 14:49:48 - [Cluster 0 - CLIENT] - INFO - Received: train message 9383d2c6-2cdb-47c0-bdc6-7a7e6c2afda4
2025-03-31 14:49:48 - [Cluster 0 - CLIENT] - INFO - 
2025-03-31 14:49:48 - [Cluster 0 - CLIENT] - INFO - Received: train message f1246d57-1315-4fa7-bb69-e1f269d903df
2025-03-31 14:49:48 - [Cluster 0 - CLIENT] - INFO - 
2025-03-31 14:49:48 - [Cluster 0 - CLIENT] - INFO - Received: train message 923bd71b-80f9-47a3-99e2-73d0000f8422
2025-03-31 14:49:48 - [Cluster 0 - CLIENT] - INFO - 
2025-03-31 14:49:48 - [Cluster 0 - CLIENT] - INFO - Received: train message 34eb5b4b-01f2-4ee6-abcc-a2f148a48f43
2025-03-31 14:49:48 - [Cluster 0 - CLIENT] - INFO - 
2025-03-31 14:49:48 - [Cluster 0 - CLIENT] - INFO - Received: train message 4280fde1-5970-48da-997d-4c984485340e
2025-03-31 14:49:48 - [Cluster 0 - CLIENT] - INFO - [Store 142] Starting local training.
2025-03-31 14:49:48 - [Cluster 0 - CLIENT] - INFO - [Store 812] Starting local training.
2025-03-31 14:49:48 - [Cluster 0 - CLIENT] - INFO - 
2025-03-31 14:49:48 - [Cluster 0 - CLIENT] - INFO - Received: train message 3af1e4c7-05f4-4de8-aba8-139aa08de1ef
2025-03-31 14:49:48 - [Cluster 0 - CLIENT] - INFO - [Store 639] Starting local training.
2025-03-31 14:49:48 - [Cluster 0 - CLIENT] - INFO - 
2025-03-31 14:49:48 - [Cluster 0 - CLIENT] - INFO - Received: train message a66e8fa9-0fb1-4f11-967c-d0555e9c608f
2025-03-31 14:49:48 - [Cluster 0 - CLIENT] - INFO - 
2025-03-31 14:49:48 - [Cluster 0 - CLIENT] - INFO - Received: train message 392bbe4c-943d-480d-b497-64cb62e4c26b
2025-03-31 14:49:48 - [Cluster 0 - CLIENT] - INFO - [Store 689] Starting local training.
2025-03-31 14:49:48 - [Cluster 0 - CLIENT] - INFO - [Store 111] Starting local training.
2025-03-31 14:49:48 - [Cluster 0 - CLIENT] - INFO - [Store 590] Starting local training.
2025-03-31 14:49:48 - [Cluster 0 - CLIENT] - INFO - 
2025-03-31 14:49:48 - [Cluster 0 - CLIENT] - INFO - Received: train message d33bf5c3-dd65-454d-80d8-544fc5af761f
2025-03-31 14:49:48 - [Cluster 0 - CLIENT] - INFO - [Store 242] Starting local training.
2025-03-31 14:49:48 - [Cluster 0 - CLIENT] - INFO - 
2025-03-31 14:49:48 - [Cluster 0 - CLIENT] - INFO - Received: train message 90b4d511-4e3c-4035-a85c-1d545879cb85
2025-03-31 14:49:48 - [Cluster 0 - CLIENT] - INFO - 
2025-03-31 14:49:48 - [Cluster 0 - CLIENT] - INFO - Received: train message d68de169-4833-408d-a7c6-5a4ead28cb37
2025-03-31 14:49:48 - [Cluster 0 - CLIENT] - INFO - 
2025-03-31 14:49:48 - [Cluster 0 - CLIENT] - INFO - Received: train message b49cf0c8-1c51-45d9-b9c1-fa62521dfd91
2025-03-31 14:49:48 - [Cluster 0 - CLIENT] - INFO - [Store 327] Starting local training.
2025-03-31 14:49:48 - [Cluster 0 - CLIENT] - INFO - 
2025-03-31 14:49:48 - [Cluster 0 - CLIENT] - INFO - Received: train message e5a67d18-8be0-40d6-92b6-a47108edef4e
2025-03-31 14:49:48 - [Cluster 0 - CLIENT] - INFO - [Store 294] Starting local training.
2025-03-31 14:49:48 - [Cluster 0 - CLIENT] - INFO - [Store 588] Starting local training.
2025-03-31 14:49:48 - [Cluster 0 - CLIENT] - INFO - [Store 592] Starting local training.
2025-03-31 14:49:48 - [Cluster 0 - CLIENT] - INFO - [Store 489] Starting local training.
2025-03-31 14:49:48 - [Cluster 0 - CLIENT] - INFO - [Store 47] Starting local training.
2025-03-31 14:49:48 - [Cluster 0 - CLIENT] - INFO - [Store 447] Starting local training.
2025-03-31 14:49:48 - [Cluster 0 - CLIENT] - INFO - [Store 257] Starting local training.
2025-03-31 14:53:09 - [Cluster 0 - CLIENT] - INFO - [Store 111] Local training complete.
2025-03-31 14:53:09 - [Cluster 0 - CLIENT] - INFO - Sent reply
2025-03-31 14:53:09 - [Cluster 0 - CLIENT] - INFO - 
2025-03-31 14:53:09 - [Cluster 0 - CLIENT] - INFO - Received: train message 3187928a-811c-403d-b969-1cb09945326f
2025-03-31 14:53:09 - [Cluster 0 - CLIENT] - INFO - [Store 300] Starting local training.
2025-03-31 14:53:10 - [Cluster 0 - CLIENT] - INFO - [Store 47] Local training complete.
2025-03-31 14:53:10 - [Cluster 0 - CLIENT] - INFO - Sent reply
2025-03-31 14:53:10 - [Cluster 0 - CLIENT] - INFO - 
2025-03-31 14:53:10 - [Cluster 0 - CLIENT] - INFO - Received: train message af8c4c2f-2195-4131-a70d-9d3025089853
2025-03-31 14:53:10 - [Cluster 0 - CLIENT] - INFO - [Store 313] Starting local training.
2025-03-31 14:53:12 - [Cluster 0 - CLIENT] - INFO - [Store 142] Local training complete.
2025-03-31 14:53:12 - [Cluster 0 - CLIENT] - INFO - Sent reply
2025-03-31 14:53:12 - [Cluster 0 - CLIENT] - INFO - 
2025-03-31 14:53:12 - [Cluster 0 - CLIENT] - INFO - Received: train message 3659b5a1-88a4-4dc8-9f30-4e36124dfc3b
2025-03-31 14:53:12 - [Cluster 0 - CLIENT] - INFO - [Store 314] Starting local training.
2025-03-31 14:53:13 - [Cluster 0 - CLIENT] - INFO - [Store 257] Local training complete.
2025-03-31 14:53:13 - [Cluster 0 - CLIENT] - INFO - Sent reply
2025-03-31 14:53:13 - [Cluster 0 - CLIENT] - INFO - 
2025-03-31 14:53:13 - [Cluster 0 - CLIENT] - INFO - Received: train message 40194124-e856-4bbb-bb53-b12e2d44a35f
2025-03-31 14:53:13 - [Cluster 0 - CLIENT] - INFO - [Store 588] Local training complete.
2025-03-31 14:53:13 - [Cluster 0 - CLIENT] - INFO - [Store 848] Starting local training.
2025-03-31 14:53:13 - [Cluster 0 - CLIENT] - INFO - Sent reply
2025-03-31 14:53:13 - [Cluster 0 - CLIENT] - INFO - 
2025-03-31 14:53:13 - [Cluster 0 - CLIENT] - INFO - Received: train message 4d6fed7d-cbfa-4356-90dd-179e35887b93
2025-03-31 14:53:13 - [Cluster 0 - CLIENT] - INFO - [Store 91] Starting local training.
2025-03-31 14:53:15 - [Cluster 0 - CLIENT] - INFO - [Store 812] Local training complete.
2025-03-31 14:53:15 - [Cluster 0 - CLIENT] - INFO - Sent reply
2025-03-31 14:53:15 - [Cluster 0 - CLIENT] - INFO - 
2025-03-31 14:53:15 - [Cluster 0 - CLIENT] - INFO - Received: train message 499dd5e4-be3a-4016-b619-ad6053f739bd
2025-03-31 14:53:15 - [Cluster 0 - CLIENT] - INFO - [Store 1048] Starting local training.
2025-03-31 14:53:16 - [Cluster 0 - CLIENT] - INFO - [Store 689] Local training complete.
2025-03-31 14:53:16 - [Cluster 0 - CLIENT] - INFO - Sent reply
2025-03-31 14:53:16 - [Cluster 0 - CLIENT] - INFO - 
2025-03-31 14:53:16 - [Cluster 0 - CLIENT] - INFO - Received: train message 4849dfb1-bcad-43e7-9b6a-dfa3109b2dba
2025-03-31 14:53:16 - [Cluster 0 - CLIENT] - INFO - [Store 590] Local training complete.
2025-03-31 14:53:17 - [Cluster 0 - CLIENT] - INFO - [Store 811] Starting local training.
2025-03-31 14:53:17 - [Cluster 0 - CLIENT] - INFO - Sent reply
2025-03-31 14:53:17 - [Cluster 0 - CLIENT] - INFO - 
2025-03-31 14:53:17 - [Cluster 0 - CLIENT] - INFO - Received: train message c041d149-4892-463b-8861-6f77a34f361e
2025-03-31 14:53:17 - [Cluster 0 - CLIENT] - INFO - [Store 329] Starting local training.
2025-03-31 14:53:17 - [Cluster 0 - CLIENT] - INFO - [Store 242] Local training complete.
2025-03-31 14:53:17 - [Cluster 0 - CLIENT] - INFO - Sent reply
2025-03-31 14:53:17 - [Cluster 0 - CLIENT] - INFO - 
2025-03-31 14:53:17 - [Cluster 0 - CLIENT] - INFO - Received: train message 733d5c4a-8fa7-40c7-9435-090c0479f4f6
2025-03-31 14:53:17 - [Cluster 0 - CLIENT] - INFO - [Store 328] Starting local training.
2025-03-31 14:53:18 - [Cluster 0 - CLIENT] - INFO - [Store 294] Local training complete.
2025-03-31 14:53:18 - [Cluster 0 - CLIENT] - INFO - Sent reply
2025-03-31 14:53:18 - [Cluster 0 - CLIENT] - INFO - 
2025-03-31 14:53:18 - [Cluster 0 - CLIENT] - INFO - Received: train message 4051e541-c26e-4e6f-978d-f19ab79b682f
2025-03-31 14:53:18 - [Cluster 0 - CLIENT] - INFO - [Store 451] Starting local training.
2025-03-31 14:53:19 - [Cluster 0 - CLIENT] - INFO - [Store 327] Local training complete.
2025-03-31 14:53:19 - [Cluster 0 - CLIENT] - INFO - Sent reply
2025-03-31 14:53:19 - [Cluster 0 - CLIENT] - INFO - 
2025-03-31 14:53:19 - [Cluster 0 - CLIENT] - INFO - Received: train message 440b6b39-55ad-4226-bee5-f89841beb2a0
2025-03-31 14:53:19 - [Cluster 0 - CLIENT] - INFO - [Store 529] Starting local training.
2025-03-31 14:53:19 - [Cluster 0 - CLIENT] - INFO - [Store 639] Local training complete.
2025-03-31 14:53:19 - [Cluster 0 - CLIENT] - INFO - Sent reply
2025-03-31 14:53:19 - [Cluster 0 - CLIENT] - INFO - 
2025-03-31 14:53:19 - [Cluster 0 - CLIENT] - INFO - Received: train message b39c57e4-9deb-4564-86d9-16f2edffd67a
2025-03-31 14:53:19 - [Cluster 0 - CLIENT] - INFO - [Store 857] Starting local training.
2025-03-31 14:53:20 - [Cluster 0 - CLIENT] - INFO - [Store 592] Local training complete.
2025-03-31 14:53:20 - [Cluster 0 - CLIENT] - INFO - Sent reply
2025-03-31 14:53:20 - [Cluster 0 - CLIENT] - INFO - 
2025-03-31 14:53:20 - [Cluster 0 - CLIENT] - INFO - Received: train message 56c4befd-e81b-444f-8f35-5d4c9612f1a7
2025-03-31 14:53:20 - [Cluster 0 - CLIENT] - INFO - [Store 201] Starting local training.
2025-03-31 14:53:21 - [Cluster 0 - CLIENT] - INFO - [Store 489] Local training complete.
2025-03-31 14:53:21 - [Cluster 0 - CLIENT] - INFO - Sent reply
2025-03-31 14:53:21 - [Cluster 0 - CLIENT] - INFO - 
2025-03-31 14:53:21 - [Cluster 0 - CLIENT] - INFO - Received: train message 3cb9f487-97d2-4919-bee3-e34ab3271647
2025-03-31 14:53:21 - [Cluster 0 - CLIENT] - INFO - [Store 418] Starting local training.
2025-03-31 14:53:57 - [Cluster 0 - CLIENT] - INFO - [Store 447] Local training complete.
2025-03-31 14:53:57 - [Cluster 0 - CLIENT] - INFO - Sent reply
2025-03-31 14:53:57 - [Cluster 0 - CLIENT] - INFO - 
2025-03-31 14:53:57 - [Cluster 0 - CLIENT] - INFO - Received: train message 2644bf1f-a5c3-44c4-b6dd-fb40ed4a3eac
2025-03-31 14:53:57 - [Cluster 0 - CLIENT] - INFO - [Store 75] Starting local training.
2025-03-31 14:56:35 - [Cluster 0 - CLIENT] - INFO - [Store 848] Local training complete.
2025-03-31 14:56:35 - [Cluster 0 - CLIENT] - INFO - Sent reply
2025-03-31 14:56:35 - [Cluster 0 - CLIENT] - INFO - [Store 300] Local training complete.
2025-03-31 14:56:35 - [Cluster 0 - CLIENT] - INFO - Sent reply
2025-03-31 14:56:37 - [Cluster 0 - CLIENT] - INFO - [Store 313] Local training complete.
2025-03-31 14:56:37 - [Cluster 0 - CLIENT] - INFO - Sent reply
2025-03-31 14:56:37 - [Cluster 0 - CLIENT] - INFO - [Store 314] Local training complete.
2025-03-31 14:56:37 - [Cluster 0 - CLIENT] - INFO - Sent reply
2025-03-31 14:56:38 - [Cluster 0 - CLIENT] - INFO - [Store 1048] Local training complete.
2025-03-31 14:56:38 - [Cluster 0 - CLIENT] - INFO - Sent reply
2025-03-31 14:56:39 - [Cluster 0 - CLIENT] - INFO - [Store 328] Local training complete.
2025-03-31 14:56:39 - [Cluster 0 - CLIENT] - INFO - Sent reply
2025-03-31 14:56:39 - [Cluster 0 - CLIENT] - INFO - [Store 451] Local training complete.
2025-03-31 14:56:39 - [Cluster 0 - CLIENT] - INFO - Sent reply
2025-03-31 14:56:39 - [Cluster 0 - CLIENT] - INFO - [Store 201] Local training complete.
2025-03-31 14:56:39 - [Cluster 0 - CLIENT] - INFO - Sent reply
2025-03-31 14:56:40 - [Cluster 0 - CLIENT] - INFO - [Store 91] Local training complete.
2025-03-31 14:56:40 - [Cluster 0 - CLIENT] - INFO - Sent reply
2025-03-31 14:56:40 - [Cluster 0 - CLIENT] - INFO - [Store 329] Local training complete.
2025-03-31 14:56:40 - [Cluster 0 - CLIENT] - INFO - Sent reply
2025-03-31 14:56:40 - [Cluster 0 - CLIENT] - INFO - [Store 811] Local training complete.
2025-03-31 14:56:40 - [Cluster 0 - CLIENT] - INFO - Sent reply
2025-03-31 14:56:40 - [Cluster 0 - CLIENT] - INFO - [Store 529] Local training complete.
2025-03-31 14:56:40 - [Cluster 0 - CLIENT] - INFO - [Store 857] Local training complete.
2025-03-31 14:56:40 - [Cluster 0 - CLIENT] - INFO - Sent reply
2025-03-31 14:56:40 - [Cluster 0 - CLIENT] - INFO - [Store 418] Local training complete.
2025-03-31 14:56:40 - [Cluster 0 - CLIENT] - INFO - Sent reply
2025-03-31 14:56:40 - [Cluster 0 - CLIENT] - INFO - Sent reply
2025-03-31 14:56:44 - [Cluster 0 - CLIENT] - INFO - [Store 75] Local training complete.
2025-03-31 14:56:44 - [Cluster 0 - CLIENT] - INFO - Sent reply
2025-03-31 14:56:44 - [Cluster 0 - CLIENT] - INFO - 
2025-03-31 14:56:44 - [Cluster 0 - CLIENT] - INFO - Received: evaluate message 88eba504-03a4-4492-9574-ee9f33698c11
2025-03-31 14:56:44 - [Cluster 0 - CLIENT] - INFO - 
2025-03-31 14:56:44 - [Cluster 0 - CLIENT] - INFO - Received: evaluate message 2ebacf74-04e8-4255-8a4e-ee7e0622916e
2025-03-31 14:56:44 - [Cluster 0 - CLIENT] - INFO - 
2025-03-31 14:56:44 - [Cluster 0 - CLIENT] - INFO - Received: evaluate message 3f4cf97e-8c26-4a59-a39c-87e77a7127c5
2025-03-31 14:56:44 - [Cluster 0 - CLIENT] - INFO - 
2025-03-31 14:56:44 - [Cluster 0 - CLIENT] - INFO - Received: evaluate message 99df2a0e-7f6a-47e7-b931-5bfcea31e42d
2025-03-31 14:56:44 - [Cluster 0 - CLIENT] - INFO - 
2025-03-31 14:56:44 - [Cluster 0 - CLIENT] - INFO - 
2025-03-31 14:56:44 - [Cluster 0 - CLIENT] - INFO - Received: evaluate message eee983cc-5c03-4d8f-ad49-de4a826b2417
2025-03-31 14:56:44 - [Cluster 0 - CLIENT] - INFO - Received: evaluate message ef1019ba-2bac-4300-99d7-a9ec634c0739
2025-03-31 14:56:44 - [Cluster 0 - CLIENT] - INFO - 
2025-03-31 14:56:44 - [Cluster 0 - CLIENT] - INFO - Received: evaluate message c85b0bbc-27fc-4f82-b0c0-4a018c40118d
2025-03-31 14:56:44 - [Cluster 0 - CLIENT] - INFO - 
2025-03-31 14:56:44 - [Cluster 0 - CLIENT] - INFO - Received: evaluate message 26e8a6a6-b181-4f5f-94eb-93924210a1c0
2025-03-31 14:56:44 - [Cluster 0 - CLIENT] - INFO - 
2025-03-31 14:56:44 - [Cluster 0 - CLIENT] - INFO - Received: evaluate message 7697f488-1728-4f87-9a87-662b6fea0b49
2025-03-31 14:56:44 - [Cluster 0 - CLIENT] - INFO - 
2025-03-31 14:56:44 - [Cluster 0 - CLIENT] - INFO - Received: evaluate message 6dc1dab4-3b5a-4167-93ca-9151131a0db4
2025-03-31 14:56:45 - [Cluster 0 - CLIENT] - INFO - 
2025-03-31 14:56:45 - [Cluster 0 - CLIENT] - INFO - Received: evaluate message e8c366a3-98d6-4d4c-ae6d-d94fb3685a5f
2025-03-31 14:56:45 - [Cluster 0 - CLIENT] - INFO - 
2025-03-31 14:56:45 - [Cluster 0 - CLIENT] - INFO - Received: evaluate message b0269c1d-eab0-4775-b5cb-19e9d3bf02dc
2025-03-31 14:56:45 - [Cluster 0 - CLIENT] - INFO - 
2025-03-31 14:56:45 - [Cluster 0 - CLIENT] - INFO - Received: evaluate message cc7486b5-cc6b-4934-8ffa-5f6b20579803
2025-03-31 14:56:45 - [Cluster 0 - CLIENT] - INFO - 
2025-03-31 14:56:45 - [Cluster 0 - CLIENT] - INFO - Received: evaluate message b20350b1-b872-4f85-8822-5fa14ac33707
2025-03-31 14:56:45 - [Cluster 0 - CLIENT] - INFO - 
2025-03-31 14:56:45 - [Cluster 0 - CLIENT] - INFO - Received: evaluate message 6006c4f5-2913-4c8a-98b0-e7d813c5b7b6
2025-03-31 14:56:45 - [Cluster 0 - CLIENT] - INFO - [Store 857] Evaluation - Loss: 0.3528, MAE: 0.3685
2025-03-31 14:56:45 - [Cluster 0 - CLIENT] - INFO - Sent reply
2025-03-31 14:56:45 - [Cluster 0 - CLIENT] - INFO - 
2025-03-31 14:56:45 - [Cluster 0 - CLIENT] - INFO - Received: evaluate message 880466da-02d3-4e0f-af2a-9011186cadb3
2025-03-31 14:56:45 - [Cluster 0 - CLIENT] - INFO - [Store 201] Evaluation - Loss: 0.2629, MAE: 0.3343
2025-03-31 14:56:45 - [Cluster 0 - CLIENT] - INFO - Sent reply
2025-03-31 14:56:45 - [Cluster 0 - CLIENT] - INFO - 
2025-03-31 14:56:45 - [Cluster 0 - CLIENT] - INFO - Received: evaluate message cc15d62b-64ab-41ff-b1f6-890ded40a4a9
2025-03-31 14:56:45 - [Cluster 0 - CLIENT] - INFO - [Store 848] Evaluation - Loss: 0.1663, MAE: 0.2519
2025-03-31 14:56:45 - [Cluster 0 - CLIENT] - INFO - Sent reply
2025-03-31 14:56:45 - [Cluster 0 - CLIENT] - INFO - 
2025-03-31 14:56:45 - [Cluster 0 - CLIENT] - INFO - Received: evaluate message a178e0b1-c6ae-455a-8cb8-7a3975fccaa0
2025-03-31 14:56:46 - [Cluster 0 - CLIENT] - INFO - [Store 529] Evaluation - Loss: 0.2272, MAE: 0.2721
2025-03-31 14:56:46 - [Cluster 0 - CLIENT] - INFO - Sent reply
2025-03-31 14:56:46 - [Cluster 0 - CLIENT] - INFO - 
2025-03-31 14:56:46 - [Cluster 0 - CLIENT] - INFO - Received: evaluate message 6113dbc2-d0e7-4d53-8278-10a1f6b5395d
2025-03-31 14:56:46 - [Cluster 0 - CLIENT] - INFO - [Store 639] Evaluation - Loss: 0.1950, MAE: 0.2774
2025-03-31 14:56:46 - [Cluster 0 - CLIENT] - INFO - Sent reply
2025-03-31 14:56:46 - [Cluster 0 - CLIENT] - INFO - [Store 91] Evaluation - Loss: 0.2943, MAE: 0.3731
2025-03-31 14:56:46 - [Cluster 0 - CLIENT] - INFO - Sent reply
2025-03-31 14:56:46 - [Cluster 0 - CLIENT] - INFO - 
2025-03-31 14:56:46 - [Cluster 0 - CLIENT] - INFO - Received: evaluate message 7477d1bb-b359-4ac5-a07e-8f2674e62398
2025-03-31 14:56:46 - [Cluster 0 - CLIENT] - INFO - 
2025-03-31 14:56:46 - [Cluster 0 - CLIENT] - INFO - Received: evaluate message f7877d6b-b429-4e2b-869c-34416b311757
2025-03-31 14:56:46 - [Cluster 0 - CLIENT] - INFO - [Store 300] Evaluation - Loss: 0.3159, MAE: 0.3460
2025-03-31 14:56:46 - [Cluster 0 - CLIENT] - INFO - Sent reply
2025-03-31 14:56:46 - [Cluster 0 - CLIENT] - INFO - 
2025-03-31 14:56:46 - [Cluster 0 - CLIENT] - INFO - Received: evaluate message e98006b4-e311-498b-9b92-0c00015e05e1
2025-03-31 14:56:46 - [Cluster 0 - CLIENT] - INFO - [Store 447] Evaluation - Loss: 0.2548, MAE: 0.2906
2025-03-31 14:56:46 - [Cluster 0 - CLIENT] - INFO - Sent reply
2025-03-31 14:56:46 - [Cluster 0 - CLIENT] - INFO - [Store 329] Evaluation - Loss: 0.2025, MAE: 0.2873
2025-03-31 14:56:46 - [Cluster 0 - CLIENT] - INFO - 
2025-03-31 14:56:46 - [Cluster 0 - CLIENT] - INFO - Received: evaluate message 3b68df59-5e00-487d-8aba-4d6e96055b4f
2025-03-31 14:56:46 - [Cluster 0 - CLIENT] - INFO - Sent reply
2025-03-31 14:56:46 - [Cluster 0 - CLIENT] - INFO - 
2025-03-31 14:56:46 - [Cluster 0 - CLIENT] - INFO - Received: evaluate message 545bacd0-4f63-45ae-9845-d37e5abe6634
2025-03-31 14:56:46 - [Cluster 0 - CLIENT] - INFO - [Store 451] Evaluation - Loss: 0.2810, MAE: 0.3078
2025-03-31 14:56:46 - [Cluster 0 - CLIENT] - INFO - Sent reply
2025-03-31 14:56:46 - [Cluster 0 - CLIENT] - INFO - [Store 592] Evaluation - Loss: 0.1951, MAE: 0.2851
2025-03-31 14:56:46 - [Cluster 0 - CLIENT] - INFO - Sent reply
2025-03-31 14:56:46 - [Cluster 0 - CLIENT] - INFO - 
2025-03-31 14:56:46 - [Cluster 0 - CLIENT] - INFO - Received: evaluate message 18829753-ba41-4567-a085-16eb06ef44fe
2025-03-31 14:56:46 - [Cluster 0 - CLIENT] - INFO - 
2025-03-31 14:56:46 - [Cluster 0 - CLIENT] - INFO - Received: evaluate message 2ef236ef-e5cf-4442-befc-84f32bbeb3ea
2025-03-31 14:56:46 - [Cluster 0 - CLIENT] - INFO - [Store 314] Evaluation - Loss: 0.1725, MAE: 0.2512
2025-03-31 14:56:46 - [Cluster 0 - CLIENT] - INFO - [Store 257] Evaluation - Loss: 0.2095, MAE: 0.2707
2025-03-31 14:56:46 - [Cluster 0 - CLIENT] - INFO - Sent reply
2025-03-31 14:56:46 - [Cluster 0 - CLIENT] - INFO - Sent reply
2025-03-31 14:56:46 - [Cluster 0 - CLIENT] - INFO - [Store 242] Evaluation - Loss: 0.2218, MAE: 0.3378
2025-03-31 14:56:46 - [Cluster 0 - CLIENT] - INFO - Sent reply
2025-03-31 14:56:46 - [Cluster 0 - CLIENT] - INFO - 
2025-03-31 14:56:46 - [Cluster 0 - CLIENT] - INFO - Received: evaluate message 31edc024-fa20-4929-9ad9-494168ec0ce2
2025-03-31 14:56:46 - [Cluster 0 - CLIENT] - INFO - 
2025-03-31 14:56:46 - [Cluster 0 - CLIENT] - INFO - Received: evaluate message 0bed8f0c-2036-4d2d-800a-146c68923f5e
2025-03-31 14:56:46 - [Cluster 0 - CLIENT] - INFO - 
2025-03-31 14:56:46 - [Cluster 0 - CLIENT] - INFO - Received: evaluate message d83bb339-80a6-4a0f-b28d-93e4d7693600
2025-03-31 14:56:46 - [Cluster 0 - CLIENT] - INFO - [Store 313] Evaluation - Loss: 0.2171, MAE: 0.2981
2025-03-31 14:56:46 - [Cluster 0 - CLIENT] - INFO - Sent reply
2025-03-31 14:56:46 - [Cluster 0 - CLIENT] - INFO - 
2025-03-31 14:56:46 - [Cluster 0 - CLIENT] - INFO - Received: evaluate message 715d6d95-42e9-49c1-b1ce-2e2a280002d3
2025-03-31 14:56:46 - [Cluster 0 - CLIENT] - INFO - [Store 111] Evaluation - Loss: 0.2315, MAE: 0.3003
2025-03-31 14:56:46 - [Cluster 0 - CLIENT] - INFO - Sent reply
2025-03-31 14:56:47 - [Cluster 0 - CLIENT] - INFO - [Store 75] Evaluation - Loss: 0.2391, MAE: 0.2976
2025-03-31 14:56:47 - [Cluster 0 - CLIENT] - INFO - Sent reply
2025-03-31 14:56:47 - [Cluster 0 - CLIENT] - INFO - [Store 590] Evaluation - Loss: 0.2849, MAE: 0.3419
2025-03-31 14:56:47 - [Cluster 0 - CLIENT] - INFO - Sent reply
2025-03-31 14:56:47 - [Cluster 0 - CLIENT] - INFO - [Store 811] Evaluation - Loss: 0.2166, MAE: 0.2868
2025-03-31 14:56:47 - [Cluster 0 - CLIENT] - INFO - Sent reply
2025-03-31 14:56:47 - [Cluster 0 - CLIENT] - INFO - [Store 294] Evaluation - Loss: 0.2289, MAE: 0.2975
2025-03-31 14:56:47 - [Cluster 0 - CLIENT] - INFO - Sent reply
2025-03-31 14:56:47 - [Cluster 0 - CLIENT] - INFO - [Store 689] Evaluation - Loss: 0.2022, MAE: 0.2692
2025-03-31 14:56:47 - [Cluster 0 - CLIENT] - INFO - Sent reply
2025-03-31 14:56:47 - [Cluster 0 - CLIENT] - INFO - [Store 328] Evaluation - Loss: 0.1964, MAE: 0.2616
2025-03-31 14:56:47 - [Cluster 0 - CLIENT] - INFO - Sent reply
2025-03-31 14:56:47 - [Cluster 0 - CLIENT] - INFO - [Store 489] Evaluation - Loss: 0.1785, MAE: 0.3047
2025-03-31 14:56:47 - [Cluster 0 - CLIENT] - INFO - Sent reply
2025-03-31 14:56:47 - [Cluster 0 - CLIENT] - INFO - [Store 588] Evaluation - Loss: 0.2326, MAE: 0.2748
2025-03-31 14:56:47 - [Cluster 0 - CLIENT] - INFO - Sent reply
2025-03-31 14:56:47 - [Cluster 0 - CLIENT] - INFO - [Store 418] Evaluation - Loss: 0.2697, MAE: 0.3327
2025-03-31 14:56:47 - [Cluster 0 - CLIENT] - INFO - Sent reply
2025-03-31 14:56:47 - [Cluster 0 - CLIENT] - INFO - [Store 47] Evaluation - Loss: 0.2570, MAE: 0.2939
2025-03-31 14:56:47 - [Cluster 0 - CLIENT] - INFO - Sent reply
2025-03-31 14:56:47 - [Cluster 0 - CLIENT] - INFO - [Store 327] Evaluation - Loss: 0.2411, MAE: 0.2920
2025-03-31 14:56:47 - [Cluster 0 - CLIENT] - INFO - Sent reply
2025-03-31 14:56:47 - [Cluster 0 - CLIENT] - INFO - [Store 812] Evaluation - Loss: 0.1785, MAE: 0.2647
2025-03-31 14:56:47 - [Cluster 0 - CLIENT] - INFO - Sent reply
2025-03-31 14:56:47 - [Cluster 0 - CLIENT] - INFO - [Store 142] Evaluation - Loss: 0.2507, MAE: 0.2796
2025-03-31 14:56:47 - [Cluster 0 - CLIENT] - INFO - Sent reply
2025-03-31 14:56:47 - [Cluster 0 - CLIENT] - INFO - [Store 1048] Evaluation - Loss: 0.3328, MAE: 0.3435
2025-03-31 14:56:47 - [Cluster 0 - CLIENT] - INFO - Sent reply
2025-03-31 14:56:47 - [Cluster 0 - CLIENT] - INFO - 
2025-03-31 14:56:47 - [Cluster 0 - CLIENT] - INFO - Received: train message 96788246-3bce-4644-a3d3-0a474cb79ec8
2025-03-31 14:56:47 - [Cluster 0 - CLIENT] - INFO - 
2025-03-31 14:56:47 - [Cluster 0 - CLIENT] - INFO - Received: train message 5addbaec-09db-49d8-9410-8a8389a1f0d2
2025-03-31 14:56:47 - [Cluster 0 - CLIENT] - INFO - 
2025-03-31 14:56:47 - [Cluster 0 - CLIENT] - INFO - Received: train message e1ea7c00-8a95-4503-be62-e40d3338dcf2
2025-03-31 14:56:47 - [Cluster 0 - CLIENT] - INFO - 
2025-03-31 14:56:47 - [Cluster 0 - CLIENT] - INFO - Received: train message 90e4537a-30f5-486c-9969-66226e25b1c9
2025-03-31 14:56:47 - [Cluster 0 - CLIENT] - INFO - 
2025-03-31 14:56:47 - [Cluster 0 - CLIENT] - INFO - Received: train message 4c309a93-4275-43d4-b1df-ea89bbf856be
2025-03-31 14:56:47 - [Cluster 0 - CLIENT] - INFO - [Store 327] Starting local training.
2025-03-31 14:56:47 - [Cluster 0 - CLIENT] - INFO - 
2025-03-31 14:56:47 - [Cluster 0 - CLIENT] - INFO - Received: train message a149d6a7-d7e0-4d54-a474-c047f33063ac
2025-03-31 14:56:47 - [Cluster 0 - CLIENT] - INFO - 
2025-03-31 14:56:47 - [Cluster 0 - CLIENT] - INFO - [Store 313] Starting local training.
2025-03-31 14:56:47 - [Cluster 0 - CLIENT] - INFO - Received: train message 28abc29b-8fb4-48d8-90fe-0fd8bee8ef9c
2025-03-31 14:56:47 - [Cluster 0 - CLIENT] - INFO - 
2025-03-31 14:56:47 - [Cluster 0 - CLIENT] - INFO - Received: train message 084c5793-2c62-4738-8d77-1921d2e3a43a
2025-03-31 14:56:47 - [Cluster 0 - CLIENT] - INFO - [Store 592] Starting local training.
2025-03-31 14:56:47 - [Cluster 0 - CLIENT] - INFO - 
2025-03-31 14:56:47 - [Cluster 0 - CLIENT] - INFO - Received: train message 0b3b3a5f-5b01-4b17-af81-65f5e2d34e79
2025-03-31 14:56:47 - [Cluster 0 - CLIENT] - INFO - 
2025-03-31 14:56:47 - [Cluster 0 - CLIENT] - INFO - Received: train message fdb060a3-7ea5-4d1f-9172-0155012788ef
2025-03-31 14:56:47 - [Cluster 0 - CLIENT] - INFO - [Store 314] Starting local training.
2025-03-31 14:56:47 - [Cluster 0 - CLIENT] - INFO - 
2025-03-31 14:56:47 - [Cluster 0 - CLIENT] - INFO - Received: train message 952ec352-5d18-4620-beea-d99f3d1996aa
2025-03-31 14:56:47 - [Cluster 0 - CLIENT] - INFO - [Store 489] Starting local training.
2025-03-31 14:56:47 - [Cluster 0 - CLIENT] - INFO - [Store 142] Starting local training.
2025-03-31 14:56:47 - [Cluster 0 - CLIENT] - INFO - 
2025-03-31 14:56:47 - [Cluster 0 - CLIENT] - INFO - Received: train message 74045ee7-9d8a-45ad-a6df-498595f9e077
2025-03-31 14:56:47 - [Cluster 0 - CLIENT] - INFO - [Store 242] Starting local training.
2025-03-31 14:56:47 - [Cluster 0 - CLIENT] - INFO - 
2025-03-31 14:56:47 - [Cluster 0 - CLIENT] - INFO - Received: train message e6f0a2e7-b762-4560-a52b-06fd45bddacb
2025-03-31 14:56:47 - [Cluster 0 - CLIENT] - INFO - [Store 1048] Starting local training.
2025-03-31 14:56:47 - [Cluster 0 - CLIENT] - INFO - 
2025-03-31 14:56:47 - [Cluster 0 - CLIENT] - INFO - Received: train message 28d7b7fd-d63e-4487-8af3-3e14fadbffcb
2025-03-31 14:56:47 - [Cluster 0 - CLIENT] - INFO - 
2025-03-31 14:56:47 - [Cluster 0 - CLIENT] - INFO - Received: train message 38928585-d97a-4a3d-8676-469e28566ed3
2025-03-31 14:56:47 - [Cluster 0 - CLIENT] - INFO - [Store 294] Starting local training.
2025-03-31 14:56:47 - [Cluster 0 - CLIENT] - INFO - [Store 590] Starting local training.
2025-03-31 14:56:47 - [Cluster 0 - CLIENT] - INFO - [Store 529] Starting local training.
2025-03-31 14:56:47 - [Cluster 0 - CLIENT] - INFO - [Store 329] Starting local training.
2025-03-31 14:56:47 - [Cluster 0 - CLIENT] - INFO - [Store 588] Starting local training.
2025-03-31 14:56:47 - [Cluster 0 - CLIENT] - INFO - [Store 201] Starting local training.
2025-03-31 14:56:47 - [Cluster 0 - CLIENT] - INFO - [Store 857] Starting local training.
2025-03-31 15:00:18 - [Cluster 0 - CLIENT] - INFO - [Store 314] Local training complete.
2025-03-31 15:00:18 - [Cluster 0 - CLIENT] - INFO - Sent reply
2025-03-31 15:00:18 - [Cluster 0 - CLIENT] - INFO - 
2025-03-31 15:00:18 - [Cluster 0 - CLIENT] - INFO - Received: train message f6fb9c57-0bf7-4c77-9434-9d24f6ac6e00
2025-03-31 15:00:18 - [Cluster 0 - CLIENT] - INFO - [Store 689] Starting local training.
2025-03-31 15:00:23 - [Cluster 0 - CLIENT] - INFO - [Store 529] Local training complete.
2025-03-31 15:00:23 - [Cluster 0 - CLIENT] - INFO - Sent reply
2025-03-31 15:00:23 - [Cluster 0 - CLIENT] - INFO - 
2025-03-31 15:00:23 - [Cluster 0 - CLIENT] - INFO - Received: train message 5def1f18-826d-44f2-8685-d019edacb6a1
2025-03-31 15:00:23 - [Cluster 0 - CLIENT] - INFO - [Store 811] Starting local training.
2025-03-31 15:00:24 - [Cluster 0 - CLIENT] - INFO - [Store 242] Local training complete.
2025-03-31 15:00:25 - [Cluster 0 - CLIENT] - INFO - Sent reply
2025-03-31 15:00:25 - [Cluster 0 - CLIENT] - INFO - 
2025-03-31 15:00:25 - [Cluster 0 - CLIENT] - INFO - Received: train message c8c35f18-296f-4b37-962d-053219598d7b
2025-03-31 15:00:25 - [Cluster 0 - CLIENT] - INFO - [Store 447] Starting local training.
2025-03-31 15:00:26 - [Cluster 0 - CLIENT] - INFO - [Store 590] Local training complete.
2025-03-31 15:00:26 - [Cluster 0 - CLIENT] - INFO - [Store 1048] Local training complete.
2025-03-31 15:00:26 - [Cluster 0 - CLIENT] - INFO - Sent reply
2025-03-31 15:00:26 - [Cluster 0 - CLIENT] - INFO - 
2025-03-31 15:00:26 - [Cluster 0 - CLIENT] - INFO - Received: train message 54821616-68cd-4366-9b1d-db844867272b
2025-03-31 15:00:26 - [Cluster 0 - CLIENT] - INFO - Sent reply
2025-03-31 15:00:26 - [Cluster 0 - CLIENT] - INFO - 
2025-03-31 15:00:26 - [Cluster 0 - CLIENT] - INFO - Received: train message bdf4b653-de92-4cc8-8612-b45baf736b61
2025-03-31 15:00:26 - [Cluster 0 - CLIENT] - INFO - [Store 257] Starting local training.
2025-03-31 15:00:26 - [Cluster 0 - CLIENT] - INFO - [Store 111] Starting local training.
2025-03-31 15:00:26 - [Cluster 0 - CLIENT] - INFO - [Store 592] Local training complete.
2025-03-31 15:00:26 - [Cluster 0 - CLIENT] - INFO - [Store 588] Local training complete.
2025-03-31 15:00:26 - [Cluster 0 - CLIENT] - INFO - Sent reply
2025-03-31 15:00:26 - [Cluster 0 - CLIENT] - INFO - 
2025-03-31 15:00:26 - [Cluster 0 - CLIENT] - INFO - Received: train message 8cf0aea5-4806-4c31-acf0-bf2268d3ea04
2025-03-31 15:00:26 - [Cluster 0 - CLIENT] - INFO - Sent reply
2025-03-31 15:00:26 - [Cluster 0 - CLIENT] - INFO - 
2025-03-31 15:00:26 - [Cluster 0 - CLIENT] - INFO - Received: train message 3b85f27e-7ae4-43cd-a816-fc8144c926e4
2025-03-31 15:00:26 - [Cluster 0 - CLIENT] - INFO - [Store 300] Starting local training.
2025-03-31 15:00:26 - [Cluster 0 - CLIENT] - INFO - [Store 812] Starting local training.
2025-03-31 15:00:26 - [Cluster 0 - CLIENT] - INFO - [Store 313] Local training complete.
2025-03-31 15:00:27 - [Cluster 0 - CLIENT] - INFO - Sent reply
2025-03-31 15:00:27 - [Cluster 0 - CLIENT] - INFO - 
2025-03-31 15:00:27 - [Cluster 0 - CLIENT] - INFO - Received: train message ba65fb5f-0947-430c-9610-837d775bb56f
2025-03-31 15:00:27 - [Cluster 0 - CLIENT] - INFO - [Store 75] Starting local training.
2025-03-31 15:00:28 - [Cluster 0 - CLIENT] - INFO - [Store 327] Local training complete.
2025-03-31 15:00:28 - [Cluster 0 - CLIENT] - INFO - Sent reply
2025-03-31 15:00:28 - [Cluster 0 - CLIENT] - INFO - 
2025-03-31 15:00:28 - [Cluster 0 - CLIENT] - INFO - Received: train message aa96f7be-73d2-4751-bad7-463ef14af627
2025-03-31 15:00:28 - [Cluster 0 - CLIENT] - INFO - [Store 91] Starting local training.
2025-03-31 15:00:28 - [Cluster 0 - CLIENT] - INFO - [Store 294] Local training complete.
2025-03-31 15:00:28 - [Cluster 0 - CLIENT] - INFO - [Store 142] Local training complete.
2025-03-31 15:00:28 - [Cluster 0 - CLIENT] - INFO - Sent reply
2025-03-31 15:00:28 - [Cluster 0 - CLIENT] - INFO - 
2025-03-31 15:00:28 - [Cluster 0 - CLIENT] - INFO - Received: train message 60570191-2277-49d1-b8f7-f95e6ca719e8
2025-03-31 15:00:28 - [Cluster 0 - CLIENT] - INFO - [Store 47] Starting local training.
2025-03-31 15:00:28 - [Cluster 0 - CLIENT] - INFO - 
2025-03-31 15:00:28 - [Cluster 0 - CLIENT] - INFO - Received: train message da06fe5c-b018-4185-afb2-03f01f996078
2025-03-31 15:00:28 - [Cluster 0 - CLIENT] - INFO - Sent reply
2025-03-31 15:00:29 - [Cluster 0 - CLIENT] - INFO - [Store 328] Starting local training.
2025-03-31 15:00:34 - [Cluster 0 - CLIENT] - INFO - [Store 489] Local training complete.
2025-03-31 15:00:34 - [Cluster 0 - CLIENT] - INFO - Sent reply
2025-03-31 15:00:34 - [Cluster 0 - CLIENT] - INFO - 
2025-03-31 15:00:34 - [Cluster 0 - CLIENT] - INFO - Received: train message 43bf032a-1811-40bf-a160-9749d66d54c3
2025-03-31 15:00:34 - [Cluster 0 - CLIENT] - INFO - [Store 848] Starting local training.
2025-03-31 15:00:45 - [Cluster 0 - CLIENT] - INFO - [Store 857] Local training complete.
2025-03-31 15:00:45 - [Cluster 0 - CLIENT] - INFO - Sent reply
2025-03-31 15:00:45 - [Cluster 0 - CLIENT] - INFO - 
2025-03-31 15:00:45 - [Cluster 0 - CLIENT] - INFO - Received: train message 1ae12d7e-ba40-4b9b-b8c3-9dbdf79632fe
2025-03-31 15:00:45 - [Cluster 0 - CLIENT] - INFO - [Store 451] Starting local training.
2025-03-31 15:00:51 - [Cluster 0 - CLIENT] - INFO - [Store 201] Local training complete.
2025-03-31 15:00:51 - [Cluster 0 - CLIENT] - INFO - 
2025-03-31 15:00:51 - [Cluster 0 - CLIENT] - INFO - Received: train message 75cce9e4-f1c2-4151-8d2e-b0bc88965cc7
2025-03-31 15:00:51 - [Cluster 0 - CLIENT] - INFO - [Store 639] Starting local training.
2025-03-31 15:00:51 - [Cluster 0 - CLIENT] - INFO - Sent reply
2025-03-31 15:00:51 - [Cluster 0 - CLIENT] - INFO - [Store 329] Local training complete.
2025-03-31 15:00:51 - [Cluster 0 - CLIENT] - INFO - Sent reply
2025-03-31 15:00:51 - [Cluster 0 - CLIENT] - INFO - 
2025-03-31 15:00:51 - [Cluster 0 - CLIENT] - INFO - Received: train message d3b33d62-0877-4a1a-8fe7-b58be19d4418
2025-03-31 15:00:52 - [Cluster 0 - CLIENT] - INFO - [Store 418] Starting local training.
2025-03-31 15:04:18 - [Cluster 0 - CLIENT] - INFO - [Store 689] Local training complete.
2025-03-31 15:04:18 - [Cluster 0 - CLIENT] - INFO - Sent reply
2025-03-31 15:04:20 - [Cluster 0 - CLIENT] - INFO - [Store 75] Local training complete.
2025-03-31 15:04:20 - [Cluster 0 - CLIENT] - INFO - Sent reply
2025-03-31 15:04:21 - [Cluster 0 - CLIENT] - INFO - [Store 300] Local training complete.
2025-03-31 15:04:21 - [Cluster 0 - CLIENT] - INFO - Sent reply
2025-03-31 15:04:21 - [Cluster 0 - CLIENT] - INFO - [Store 812] Local training complete.
2025-03-31 15:04:21 - [Cluster 0 - CLIENT] - INFO - [Store 47] Local training complete.
2025-03-31 15:04:21 - [Cluster 0 - CLIENT] - INFO - Sent reply
2025-03-31 15:04:21 - [Cluster 0 - CLIENT] - INFO - Sent reply
2025-03-31 15:04:21 - [Cluster 0 - CLIENT] - INFO - [Store 257] Local training complete.
2025-03-31 15:04:22 - [Cluster 0 - CLIENT] - INFO - Sent reply
2025-03-31 15:04:22 - [Cluster 0 - CLIENT] - INFO - [Store 328] Local training complete.
2025-03-31 15:04:22 - [Cluster 0 - CLIENT] - INFO - Sent reply
2025-03-31 15:04:22 - [Cluster 0 - CLIENT] - INFO - [Store 111] Local training complete.
2025-03-31 15:04:22 - [Cluster 0 - CLIENT] - INFO - Sent reply
2025-03-31 15:04:23 - [Cluster 0 - CLIENT] - INFO - [Store 91] Local training complete.
2025-03-31 15:04:23 - [Cluster 0 - CLIENT] - INFO - Sent reply
2025-03-31 15:04:25 - [Cluster 0 - CLIENT] - INFO - [Store 848] Local training complete.
2025-03-31 15:04:25 - [Cluster 0 - CLIENT] - INFO - Sent reply
2025-03-31 15:04:27 - [Cluster 0 - CLIENT] - INFO - [Store 811] Local training complete.
2025-03-31 15:04:27 - [Cluster 0 - CLIENT] - INFO - Sent reply
2025-03-31 15:04:28 - [Cluster 0 - CLIENT] - INFO - [Store 451] Local training complete.
2025-03-31 15:04:28 - [Cluster 0 - CLIENT] - INFO - Sent reply
2025-03-31 15:04:29 - [Cluster 0 - CLIENT] - INFO - [Store 639] Local training complete.
2025-03-31 15:04:29 - [Cluster 0 - CLIENT] - INFO - Sent reply
2025-03-31 15:04:29 - [Cluster 0 - CLIENT] - INFO - [Store 418] Local training complete.
2025-03-31 15:04:29 - [Cluster 0 - CLIENT] - INFO - Sent reply
2025-03-31 15:04:29 - [Cluster 0 - CLIENT] - INFO - [Store 447] Local training complete.
2025-03-31 15:04:29 - [Cluster 0 - CLIENT] - INFO - Sent reply
2025-03-31 15:04:29 - [Cluster 0 - CLIENT] - INFO - 
2025-03-31 15:04:29 - [Cluster 0 - CLIENT] - INFO - Received: evaluate message 7bc327b7-f3a4-40fb-bde3-bc075f0ed9bc
2025-03-31 15:04:29 - [Cluster 0 - CLIENT] - INFO - 
2025-03-31 15:04:29 - [Cluster 0 - CLIENT] - INFO - 
2025-03-31 15:04:29 - [Cluster 0 - CLIENT] - INFO - Received: evaluate message d5a2c078-85fb-4a34-b50d-b31e51abc603
2025-03-31 15:04:29 - [Cluster 0 - CLIENT] - INFO - Received: evaluate message 0efddfdd-e6b7-4caa-830e-f383ed901205
2025-03-31 15:04:29 - [Cluster 0 - CLIENT] - INFO - 
2025-03-31 15:04:29 - [Cluster 0 - CLIENT] - INFO - Received: evaluate message 991e3920-fbbd-4431-ba0a-1068efb80632
2025-03-31 15:04:29 - [Cluster 0 - CLIENT] - INFO - 
2025-03-31 15:04:29 - [Cluster 0 - CLIENT] - INFO - Received: evaluate message 49510419-f85e-4c04-9a69-da5961c28af3
2025-03-31 15:04:29 - [Cluster 0 - CLIENT] - INFO - 
2025-03-31 15:04:29 - [Cluster 0 - CLIENT] - INFO - Received: evaluate message 4453bd55-7369-4128-8124-48195079a51c
2025-03-31 15:04:29 - [Cluster 0 - CLIENT] - INFO - 
2025-03-31 15:04:29 - [Cluster 0 - CLIENT] - INFO - Received: evaluate message f3208d1d-3c14-49b7-813c-8e84f25640a4
2025-03-31 15:04:29 - [Cluster 0 - CLIENT] - INFO - 
2025-03-31 15:04:29 - [Cluster 0 - CLIENT] - INFO - Received: evaluate message 926de46b-bec5-4301-a825-18cb41bcb066
2025-03-31 15:04:29 - [Cluster 0 - CLIENT] - INFO - 
2025-03-31 15:04:29 - [Cluster 0 - CLIENT] - INFO - Received: evaluate message d263fc63-5de4-49f7-96f3-e14640258b2a
2025-03-31 15:04:29 - [Cluster 0 - CLIENT] - INFO - 
2025-03-31 15:04:29 - [Cluster 0 - CLIENT] - INFO - Received: evaluate message 1b67b1f6-ec2d-4f3b-95e3-e4fa55aa1a68
2025-03-31 15:04:29 - [Cluster 0 - CLIENT] - INFO - 
2025-03-31 15:04:29 - [Cluster 0 - CLIENT] - INFO - 
2025-03-31 15:04:29 - [Cluster 0 - CLIENT] - INFO - Received: evaluate message b19f0a74-4be9-4981-b239-21944337bef4
2025-03-31 15:04:29 - [Cluster 0 - CLIENT] - INFO - 
2025-03-31 15:04:29 - [Cluster 0 - CLIENT] - INFO - Received: evaluate message e39e4693-662e-4c3c-9227-a2c1dd124ef8
2025-03-31 15:04:29 - [Cluster 0 - CLIENT] - INFO - 
2025-03-31 15:04:29 - [Cluster 0 - CLIENT] - INFO - Received: evaluate message 5272fc67-3ed8-4efb-be0b-6385044d19a1
2025-03-31 15:04:29 - [Cluster 0 - CLIENT] - INFO - Received: evaluate message 863f8242-f285-460c-9db5-49574b0df35e
2025-03-31 15:04:29 - [Cluster 0 - CLIENT] - INFO - 
2025-03-31 15:04:29 - [Cluster 0 - CLIENT] - INFO - Received: evaluate message b5adf2c6-08ef-45e2-adf1-f9118db683c4
2025-03-31 15:04:31 - [Cluster 0 - CLIENT] - INFO - [Store 447] Evaluation - Loss: 0.2525, MAE: 0.2920
2025-03-31 15:04:31 - [Cluster 0 - CLIENT] - INFO - Sent reply
2025-03-31 15:04:31 - [Cluster 0 - CLIENT] - INFO - [Store 91] Evaluation - Loss: 0.3080, MAE: 0.3772
2025-03-31 15:04:31 - [Cluster 0 - CLIENT] - INFO - Sent reply
2025-03-31 15:04:31 - [Cluster 0 - CLIENT] - INFO - [Store 418] Evaluation - Loss: 0.2758, MAE: 0.3382
2025-03-31 15:04:31 - [Cluster 0 - CLIENT] - INFO - 
2025-03-31 15:04:31 - [Cluster 0 - CLIENT] - INFO - Sent reply
2025-03-31 15:04:31 - [Cluster 0 - CLIENT] - INFO - Received: evaluate message ba01940e-e877-472f-9f0e-bce4f2b4a087
2025-03-31 15:04:31 - [Cluster 0 - CLIENT] - INFO - 
2025-03-31 15:04:31 - [Cluster 0 - CLIENT] - INFO - Received: evaluate message 45b855ae-74ee-42e0-825b-37f785f125ee
2025-03-31 15:04:31 - [Cluster 0 - CLIENT] - INFO - 
2025-03-31 15:04:31 - [Cluster 0 - CLIENT] - INFO - Received: evaluate message 313b0b0a-b75d-49cf-86ad-bb96dfea9348
2025-03-31 15:04:31 - [Cluster 0 - CLIENT] - INFO - [Store 451] Evaluation - Loss: 0.2820, MAE: 0.3088
2025-03-31 15:04:31 - [Cluster 0 - CLIENT] - INFO - Sent reply
2025-03-31 15:04:31 - [Cluster 0 - CLIENT] - INFO - [Store 47] Evaluation - Loss: 0.2500, MAE: 0.2842
2025-03-31 15:04:31 - [Cluster 0 - CLIENT] - INFO - Sent reply
2025-03-31 15:04:31 - [Cluster 0 - CLIENT] - INFO - 
2025-03-31 15:04:31 - [Cluster 0 - CLIENT] - INFO - Received: evaluate message c1d3ee9e-67b2-4f5d-98ed-69421c3c35e7
2025-03-31 15:04:31 - [Cluster 0 - CLIENT] - INFO - [Store 75] Evaluation - Loss: 0.2255, MAE: 0.2831
2025-03-31 15:04:31 - [Cluster 0 - CLIENT] - INFO - [Store 529] Evaluation - Loss: 0.2273, MAE: 0.2694
2025-03-31 15:04:31 - [Cluster 0 - CLIENT] - INFO - Sent reply
2025-03-31 15:04:31 - [Cluster 0 - CLIENT] - INFO - Sent reply
2025-03-31 15:04:31 - [Cluster 0 - CLIENT] - INFO - [Store 811] Evaluation - Loss: 0.2079, MAE: 0.2750
2025-03-31 15:04:31 - [Cluster 0 - CLIENT] - INFO - 
2025-03-31 15:04:31 - [Cluster 0 - CLIENT] - INFO - Received: evaluate message 3c025798-1596-4f8e-bc18-29c518e32dce
2025-03-31 15:04:31 - [Cluster 0 - CLIENT] - INFO - Sent reply
2025-03-31 15:04:31 - [Cluster 0 - CLIENT] - INFO - [Store 142] Evaluation - Loss: 0.2505, MAE: 0.2761
2025-03-31 15:04:31 - [Cluster 0 - CLIENT] - INFO - [Store 294] Evaluation - Loss: 0.2183, MAE: 0.2879
2025-03-31 15:04:31 - [Cluster 0 - CLIENT] - INFO - [Store 857] Evaluation - Loss: 0.3497, MAE: 0.3699
2025-03-31 15:04:31 - [Cluster 0 - CLIENT] - INFO - Sent reply
2025-03-31 15:04:31 - [Cluster 0 - CLIENT] - INFO - 
2025-03-31 15:04:31 - [Cluster 0 - CLIENT] - INFO - [Store 257] Evaluation - Loss: 0.1960, MAE: 0.2581
2025-03-31 15:04:31 - [Cluster 0 - CLIENT] - INFO - Sent reply
2025-03-31 15:04:31 - [Cluster 0 - CLIENT] - INFO - Sent reply
2025-03-31 15:04:31 - [Cluster 0 - CLIENT] - INFO - Received: evaluate message 32153a23-598e-461f-bf5f-0cf144514527
2025-03-31 15:04:31 - [Cluster 0 - CLIENT] - INFO - Sent reply
2025-03-31 15:04:31 - [Cluster 0 - CLIENT] - INFO - 
2025-03-31 15:04:31 - [Cluster 0 - CLIENT] - INFO - Received: evaluate message f078d05b-9df9-4b67-9b75-1c536f43a438
2025-03-31 15:04:31 - [Cluster 0 - CLIENT] - INFO - 
2025-03-31 15:04:31 - [Cluster 0 - CLIENT] - INFO - Received: evaluate message 1ca370c5-de7c-47bc-90e6-dab042da5f6d
2025-03-31 15:04:31 - [Cluster 0 - CLIENT] - INFO - 
2025-03-31 15:04:31 - [Cluster 0 - CLIENT] - INFO - Received: evaluate message 3501ef92-bbec-49da-ade8-a6bd5af755e9
2025-03-31 15:04:31 - [Cluster 0 - CLIENT] - INFO - [Store 329] Evaluation - Loss: 0.2165, MAE: 0.2956
2025-03-31 15:04:31 - [Cluster 0 - CLIENT] - INFO - 
2025-03-31 15:04:31 - [Cluster 0 - CLIENT] - INFO - Received: evaluate message bed28b9f-9692-4b68-a060-1a38a5fb5ae9
2025-03-31 15:04:31 - [Cluster 0 - CLIENT] - INFO - Sent reply
2025-03-31 15:04:31 - [Cluster 0 - CLIENT] - INFO - [Store 689] Evaluation - Loss: 0.2181, MAE: 0.2738
2025-03-31 15:04:31 - [Cluster 0 - CLIENT] - INFO - Sent reply
2025-03-31 15:04:31 - [Cluster 0 - CLIENT] - INFO - 
2025-03-31 15:04:31 - [Cluster 0 - CLIENT] - INFO - Received: evaluate message 5b5c2095-972f-4829-9436-0cab0c2702b2
2025-03-31 15:04:31 - [Cluster 0 - CLIENT] - INFO - [Store 588] Evaluation - Loss: 0.2165, MAE: 0.2623
2025-03-31 15:04:31 - [Cluster 0 - CLIENT] - INFO - 
2025-03-31 15:04:31 - [Cluster 0 - CLIENT] - INFO - Received: evaluate message 59302623-3dc5-4ef0-8869-a749e1bec855
2025-03-31 15:04:31 - [Cluster 0 - CLIENT] - INFO - Sent reply
2025-03-31 15:04:31 - [Cluster 0 - CLIENT] - INFO - 
2025-03-31 15:04:31 - [Cluster 0 - CLIENT] - INFO - Received: evaluate message dc38cda0-7be7-4dc4-a921-5cbc68260122
2025-03-31 15:04:31 - [Cluster 0 - CLIENT] - INFO - 
2025-03-31 15:04:31 - [Cluster 0 - CLIENT] - INFO - Received: evaluate message 38e79ad0-e4a7-4321-940b-123dbbcd4191
2025-03-31 15:04:31 - [Cluster 0 - CLIENT] - INFO - 
2025-03-31 15:04:31 - [Cluster 0 - CLIENT] - INFO - Received: evaluate message 3eee5367-e000-430c-832b-0b4d85e3cfc6
2025-03-31 15:04:32 - [Cluster 0 - CLIENT] - INFO - [Store 328] Evaluation - Loss: 0.1943, MAE: 0.2563
2025-03-31 15:04:32 - [Cluster 0 - CLIENT] - INFO - Sent reply
2025-03-31 15:04:32 - [Cluster 0 - CLIENT] - INFO - [Store 639] Evaluation - Loss: 0.2072, MAE: 0.2826
2025-03-31 15:04:32 - [Cluster 0 - CLIENT] - INFO - [Store 848] Evaluation - Loss: 0.1818, MAE: 0.2517
2025-03-31 15:04:32 - [Cluster 0 - CLIENT] - INFO - Sent reply
2025-03-31 15:04:32 - [Cluster 0 - CLIENT] - INFO - Sent reply
2025-03-31 15:04:32 - [Cluster 0 - CLIENT] - INFO - [Store 314] Evaluation - Loss: 0.1726, MAE: 0.2528
2025-03-31 15:04:32 - [Cluster 0 - CLIENT] - INFO - Sent reply
2025-03-31 15:04:32 - [Cluster 0 - CLIENT] - INFO - [Store 111] Evaluation - Loss: 0.2444, MAE: 0.3106
2025-03-31 15:04:32 - [Cluster 0 - CLIENT] - INFO - Sent reply
2025-03-31 15:04:32 - [Cluster 0 - CLIENT] - INFO - [Store 300] Evaluation - Loss: 0.3222, MAE: 0.3470
2025-03-31 15:04:32 - [Cluster 0 - CLIENT] - INFO - Sent reply
2025-03-31 15:04:32 - [Cluster 0 - CLIENT] - INFO - [Store 812] Evaluation - Loss: 0.1792, MAE: 0.2609
2025-03-31 15:04:32 - [Cluster 0 - CLIENT] - INFO - Sent reply
2025-03-31 15:04:32 - [Cluster 0 - CLIENT] - INFO - [Store 489] Evaluation - Loss: 0.1863, MAE: 0.3102
2025-03-31 15:04:32 - [Cluster 0 - CLIENT] - INFO - Sent reply
2025-03-31 15:04:32 - [Cluster 0 - CLIENT] - INFO - [Store 327] Evaluation - Loss: 0.2378, MAE: 0.2862
2025-03-31 15:04:32 - [Cluster 0 - CLIENT] - INFO - Sent reply
2025-03-31 15:04:32 - [Cluster 0 - CLIENT] - INFO - [Store 1048] Evaluation - Loss: 0.3209, MAE: 0.3429
2025-03-31 15:04:32 - [Cluster 0 - CLIENT] - INFO - Sent reply
2025-03-31 15:04:32 - [Cluster 0 - CLIENT] - INFO - [Store 242] Evaluation - Loss: 0.2351, MAE: 0.3460
2025-03-31 15:04:32 - [Cluster 0 - CLIENT] - INFO - [Store 590] Evaluation - Loss: 0.2907, MAE: 0.3488
2025-03-31 15:04:32 - [Cluster 0 - CLIENT] - INFO - Sent reply
2025-03-31 15:04:32 - [Cluster 0 - CLIENT] - INFO - Sent reply
2025-03-31 15:04:32 - [Cluster 0 - CLIENT] - INFO - [Store 313] Evaluation - Loss: 0.2178, MAE: 0.3039
2025-03-31 15:04:32 - [Cluster 0 - CLIENT] - INFO - Sent reply
2025-03-31 15:04:32 - [Cluster 0 - CLIENT] - INFO - [Store 592] Evaluation - Loss: 0.1907, MAE: 0.2769
2025-03-31 15:04:32 - [Cluster 0 - CLIENT] - INFO - Sent reply
2025-03-31 15:04:32 - [Cluster 0 - CLIENT] - INFO - [Store 201] Evaluation - Loss: 0.2790, MAE: 0.3430
2025-03-31 15:04:32 - [Cluster 0 - CLIENT] - INFO - Sent reply
2025-03-31 15:04:32 - [Cluster 0 - CLIENT] - INFO - 
2025-03-31 15:04:32 - [Cluster 0 - CLIENT] - INFO - Received: train message cdb07048-98c2-4365-9159-4bc5b0c89746
2025-03-31 15:04:32 - [Cluster 0 - CLIENT] - INFO - [Store 489] Starting local training.
2025-03-31 15:04:32 - [Cluster 0 - CLIENT] - INFO - 
2025-03-31 15:04:32 - [Cluster 0 - CLIENT] - INFO - Received: train message c6df3942-5d89-48b8-8b2f-0ab9420f6ef1
2025-03-31 15:04:32 - [Cluster 0 - CLIENT] - INFO - 
2025-03-31 15:04:32 - [Cluster 0 - CLIENT] - INFO - Received: train message f01396c6-8647-434a-b7de-a1615801a00b
2025-03-31 15:04:32 - [Cluster 0 - CLIENT] - INFO - 
2025-03-31 15:04:32 - [Cluster 0 - CLIENT] - INFO - Received: train message c1eea66d-c86c-4bbe-8869-453bef93c97e
2025-03-31 15:04:32 - [Cluster 0 - CLIENT] - INFO - [Store 1048] Starting local training.
2025-03-31 15:04:32 - [Cluster 0 - CLIENT] - INFO - 
2025-03-31 15:04:32 - [Cluster 0 - CLIENT] - INFO - Received: train message a55082d7-60e0-4bfd-9b58-0655928b4fcd
2025-03-31 15:04:32 - [Cluster 0 - CLIENT] - INFO - 
2025-03-31 15:04:32 - [Cluster 0 - CLIENT] - INFO - Received: train message 821ab199-846c-4fe2-a954-a5e50a040289
2025-03-31 15:04:32 - [Cluster 0 - CLIENT] - INFO - [Store 848] Starting local training.
2025-03-31 15:04:32 - [Cluster 0 - CLIENT] - INFO - 
2025-03-31 15:04:32 - [Cluster 0 - CLIENT] - INFO - Received: train message c8e42f84-9e72-46c9-887c-29996b4f98e9
2025-03-31 15:04:32 - [Cluster 0 - CLIENT] - INFO - 
2025-03-31 15:04:32 - [Cluster 0 - CLIENT] - INFO - 
2025-03-31 15:04:32 - [Cluster 0 - CLIENT] - INFO - Received: train message 41f1bf43-f259-4626-85d3-abce2481eaaa
2025-03-31 15:04:32 - [Cluster 0 - CLIENT] - INFO - Received: train message 5712eff8-4cfa-4b19-bf3b-f945dae5a160
2025-03-31 15:04:32 - [Cluster 0 - CLIENT] - INFO - [Store 811] Starting local training.
2025-03-31 15:04:32 - [Cluster 0 - CLIENT] - INFO - 
2025-03-31 15:04:32 - [Cluster 0 - CLIENT] - INFO - Received: train message 9458d0f7-a498-4e53-8055-710bbf157120
2025-03-31 15:04:32 - [Cluster 0 - CLIENT] - INFO - [Store 639] Starting local training.
2025-03-31 15:04:32 - [Cluster 0 - CLIENT] - INFO - 
2025-03-31 15:04:32 - [Cluster 0 - CLIENT] - INFO - Received: train message 3096f537-28d1-4fda-a476-026097dbe195
2025-03-31 15:04:32 - [Cluster 0 - CLIENT] - INFO - 
2025-03-31 15:04:32 - [Cluster 0 - CLIENT] - INFO - Received: train message d75e98e3-21b0-41d1-953b-f67e5bed108a
2025-03-31 15:04:32 - [Cluster 0 - CLIENT] - INFO - 
2025-03-31 15:04:32 - [Cluster 0 - CLIENT] - INFO - Received: train message 8c294c05-4905-4b45-b0ee-ab41373c8212
2025-03-31 15:04:32 - [Cluster 0 - CLIENT] - INFO - [Store 451] Starting local training.
2025-03-31 15:04:32 - [Cluster 0 - CLIENT] - INFO - [Store 300] Starting local training.
2025-03-31 15:04:32 - [Cluster 0 - CLIENT] - INFO - 
2025-03-31 15:04:32 - [Cluster 0 - CLIENT] - INFO - Received: train message add9ae41-b09e-4cab-bd55-732dcacaa9d8
2025-03-31 15:04:32 - [Cluster 0 - CLIENT] - INFO - 
2025-03-31 15:04:32 - [Cluster 0 - CLIENT] - INFO - Received: train message 6badf6c5-3c67-4c4f-a3f2-ab71cc36ed98
2025-03-31 15:04:32 - [Cluster 0 - CLIENT] - INFO - [Store 327] Starting local training.
2025-03-31 15:04:32 - [Cluster 0 - CLIENT] - INFO - [Store 294] Starting local training.
2025-03-31 15:04:32 - [Cluster 0 - CLIENT] - INFO - [Store 689] Starting local training.
2025-03-31 15:04:32 - [Cluster 0 - CLIENT] - INFO - [Store 418] Starting local training.
2025-03-31 15:04:32 - [Cluster 0 - CLIENT] - INFO - [Store 314] Starting local training.
2025-03-31 15:04:33 - [Cluster 0 - CLIENT] - INFO - [Store 47] Starting local training.
2025-03-31 15:04:33 - [Cluster 0 - CLIENT] - INFO - [Store 75] Starting local training.
2025-03-31 15:04:33 - [Cluster 0 - CLIENT] - INFO - [Store 447] Starting local training.
2025-03-31 15:08:02 - [Cluster 0 - CLIENT] - INFO - [Store 300] Local training complete.
2025-03-31 15:08:02 - [Cluster 0 - CLIENT] - INFO - Sent reply
2025-03-31 15:08:02 - [Cluster 0 - CLIENT] - INFO - 
2025-03-31 15:08:02 - [Cluster 0 - CLIENT] - INFO - Received: train message 59e03622-af5f-4fb4-85cf-4e0a6bad5023
2025-03-31 15:08:02 - [Cluster 0 - CLIENT] - INFO - [Store 812] Starting local training.
2025-03-31 15:08:05 - [Cluster 0 - CLIENT] - INFO - [Store 848] Local training complete.
2025-03-31 15:08:05 - [Cluster 0 - CLIENT] - INFO - Sent reply
2025-03-31 15:08:05 - [Cluster 0 - CLIENT] - INFO - 
2025-03-31 15:08:05 - [Cluster 0 - CLIENT] - INFO - Received: train message 74d05bcd-2064-4c89-a8f5-3bf78fceb7c5
2025-03-31 15:08:05 - [Cluster 0 - CLIENT] - INFO - [Store 294] Local training complete.
2025-03-31 15:08:05 - [Cluster 0 - CLIENT] - INFO - [Store 857] Starting local training.
2025-03-31 15:08:05 - [Cluster 0 - CLIENT] - INFO - Sent reply
2025-03-31 15:08:05 - [Cluster 0 - CLIENT] - INFO - 
2025-03-31 15:08:05 - [Cluster 0 - CLIENT] - INFO - Received: train message ec5cf8d4-5a9a-4b17-bcb9-7e962bcbb8c5
2025-03-31 15:08:05 - [Cluster 0 - CLIENT] - INFO - [Store 257] Starting local training.
2025-03-31 15:08:05 - [Cluster 0 - CLIENT] - INFO - [Store 689] Local training complete.
2025-03-31 15:08:05 - [Cluster 0 - CLIENT] - INFO - Sent reply
2025-03-31 15:08:05 - [Cluster 0 - CLIENT] - INFO - 
2025-03-31 15:08:05 - [Cluster 0 - CLIENT] - INFO - Received: train message e0838160-be59-44a4-94b0-8d69b7c1200c
2025-03-31 15:08:05 - [Cluster 0 - CLIENT] - INFO - [Store 242] Starting local training.
2025-03-31 15:08:06 - [Cluster 0 - CLIENT] - INFO - [Store 447] Local training complete.
2025-03-31 15:08:06 - [Cluster 0 - CLIENT] - INFO - Sent reply
2025-03-31 15:08:06 - [Cluster 0 - CLIENT] - INFO - 
2025-03-31 15:08:06 - [Cluster 0 - CLIENT] - INFO - Received: train message 0570df52-b534-4668-aa29-e50da543f2de
2025-03-31 15:08:06 - [Cluster 0 - CLIENT] - INFO - [Store 111] Starting local training.
2025-03-31 15:08:06 - [Cluster 0 - CLIENT] - INFO - [Store 489] Local training complete.
2025-03-31 15:08:07 - [Cluster 0 - CLIENT] - INFO - Sent reply
2025-03-31 15:08:07 - [Cluster 0 - CLIENT] - INFO - 
2025-03-31 15:08:07 - [Cluster 0 - CLIENT] - INFO - Received: train message 4429b2b3-ee8f-497a-9ddc-373227e56c46
2025-03-31 15:08:07 - [Cluster 0 - CLIENT] - INFO - [Store 588] Starting local training.
2025-03-31 15:08:07 - [Cluster 0 - CLIENT] - INFO - [Store 811] Local training complete.
2025-03-31 15:08:07 - [Cluster 0 - CLIENT] - INFO - [Store 47] Local training complete.
2025-03-31 15:08:07 - [Cluster 0 - CLIENT] - INFO - Sent reply
2025-03-31 15:08:07 - [Cluster 0 - CLIENT] - INFO - 
2025-03-31 15:08:07 - [Cluster 0 - CLIENT] - INFO - Received: train message b458d6e8-f40b-4538-a5be-49de40c3864c
2025-03-31 15:08:07 - [Cluster 0 - CLIENT] - INFO - [Store 592] Starting local training.
2025-03-31 15:08:07 - [Cluster 0 - CLIENT] - INFO - Sent reply
2025-03-31 15:08:07 - [Cluster 0 - CLIENT] - INFO - 
2025-03-31 15:08:07 - [Cluster 0 - CLIENT] - INFO - Received: train message 73e22c85-5cbe-4bdc-aeb0-d619e2959e5b
2025-03-31 15:08:07 - [Cluster 0 - CLIENT] - INFO - [Store 590] Starting local training.
2025-03-31 15:08:07 - [Cluster 0 - CLIENT] - INFO - [Store 75] Local training complete.
2025-03-31 15:08:07 - [Cluster 0 - CLIENT] - INFO - Sent reply
2025-03-31 15:08:07 - [Cluster 0 - CLIENT] - INFO - 
2025-03-31 15:08:07 - [Cluster 0 - CLIENT] - INFO - Received: train message 072855eb-32d5-406a-88bc-2c64872d6349
2025-03-31 15:08:08 - [Cluster 0 - CLIENT] - INFO - [Store 529] Starting local training.
2025-03-31 15:08:08 - [Cluster 0 - CLIENT] - INFO - [Store 639] Local training complete.
2025-03-31 15:08:08 - [Cluster 0 - CLIENT] - INFO - Sent reply
2025-03-31 15:08:08 - [Cluster 0 - CLIENT] - INFO - 
2025-03-31 15:08:08 - [Cluster 0 - CLIENT] - INFO - Received: train message 61837c2c-4163-4f9d-808d-6403d472b654
2025-03-31 15:08:08 - [Cluster 0 - CLIENT] - INFO - [Store 328] Starting local training.
2025-03-31 15:08:09 - [Cluster 0 - CLIENT] - INFO - [Store 418] Local training complete.
2025-03-31 15:08:10 - [Cluster 0 - CLIENT] - INFO - Sent reply
2025-03-31 15:08:10 - [Cluster 0 - CLIENT] - INFO - 
2025-03-31 15:08:10 - [Cluster 0 - CLIENT] - INFO - Received: train message a749d51d-79bf-428a-98d9-f93b7b70c651
2025-03-31 15:08:10 - [Cluster 0 - CLIENT] - INFO - [Store 201] Starting local training.
2025-03-31 15:08:23 - [Cluster 0 - CLIENT] - INFO - [Store 327] Local training complete.
2025-03-31 15:08:23 - [Cluster 0 - CLIENT] - INFO - Sent reply
2025-03-31 15:08:23 - [Cluster 0 - CLIENT] - INFO - 
2025-03-31 15:08:23 - [Cluster 0 - CLIENT] - INFO - Received: train message 8c7b34a1-1f43-4877-a104-64f678313fbc
2025-03-31 15:08:23 - [Cluster 0 - CLIENT] - INFO - [Store 313] Starting local training.
2025-03-31 15:08:26 - [Cluster 0 - CLIENT] - INFO - [Store 314] Local training complete.
2025-03-31 15:08:26 - [Cluster 0 - CLIENT] - INFO - Sent reply
2025-03-31 15:08:26 - [Cluster 0 - CLIENT] - INFO - 
2025-03-31 15:08:26 - [Cluster 0 - CLIENT] - INFO - Received: train message 59d8ae51-b4c4-43d5-934d-486404a69fa6
2025-03-31 15:08:26 - [Cluster 0 - CLIENT] - INFO - [Store 142] Starting local training.
2025-03-31 15:08:31 - [Cluster 0 - CLIENT] - INFO - [Store 451] Local training complete.
2025-03-31 15:08:31 - [Cluster 0 - CLIENT] - INFO - Sent reply
2025-03-31 15:08:31 - [Cluster 0 - CLIENT] - INFO - 
2025-03-31 15:08:31 - [Cluster 0 - CLIENT] - INFO - Received: train message cf560c8f-d405-492d-a8d3-98a3bde8f85e
2025-03-31 15:08:31 - [Cluster 0 - CLIENT] - INFO - [Store 91] Starting local training.
2025-03-31 15:08:31 - [Cluster 0 - CLIENT] - INFO - [Store 1048] Local training complete.
2025-03-31 15:08:31 - [Cluster 0 - CLIENT] - INFO - Sent reply
2025-03-31 15:08:31 - [Cluster 0 - CLIENT] - INFO - 
2025-03-31 15:08:31 - [Cluster 0 - CLIENT] - INFO - Received: train message a9ca4c8a-ee97-44cb-8ec6-057810af65b4
2025-03-31 15:08:31 - [Cluster 0 - CLIENT] - INFO - [Store 329] Starting local training.
2025-03-31 15:11:34 - [Cluster 0 - CLIENT] - INFO - [Store 590] Local training complete.
2025-03-31 15:11:34 - [Cluster 0 - CLIENT] - INFO - [Store 257] Local training complete.
2025-03-31 15:11:34 - [Cluster 0 - CLIENT] - INFO - Sent reply
2025-03-31 15:11:34 - [Cluster 0 - CLIENT] - INFO - Sent reply
2025-03-31 15:11:37 - [Cluster 0 - CLIENT] - INFO - [Store 588] Local training complete.
2025-03-31 15:11:37 - [Cluster 0 - CLIENT] - INFO - Sent reply
2025-03-31 15:11:37 - [Cluster 0 - CLIENT] - INFO - [Store 812] Local training complete.
2025-03-31 15:11:37 - [Cluster 0 - CLIENT] - INFO - Sent reply
2025-03-31 15:11:39 - [Cluster 0 - CLIENT] - INFO - [Store 242] Local training complete.
2025-03-31 15:11:39 - [Cluster 0 - CLIENT] - INFO - Sent reply
2025-03-31 15:11:39 - [Cluster 0 - CLIENT] - INFO - [Store 592] Local training complete.
2025-03-31 15:11:39 - [Cluster 0 - CLIENT] - INFO - [Store 529] Local training complete.
2025-03-31 15:11:39 - [Cluster 0 - CLIENT] - INFO - Sent reply
2025-03-31 15:11:39 - [Cluster 0 - CLIENT] - INFO - Sent reply
2025-03-31 15:11:39 - [Cluster 0 - CLIENT] - INFO - [Store 328] Local training complete.
2025-03-31 15:11:39 - [Cluster 0 - CLIENT] - INFO - Sent reply
2025-03-31 15:11:40 - [Cluster 0 - CLIENT] - INFO - [Store 857] Local training complete.
2025-03-31 15:11:40 - [Cluster 0 - CLIENT] - INFO - Sent reply
2025-03-31 15:11:41 - [Cluster 0 - CLIENT] - INFO - [Store 201] Local training complete.
2025-03-31 15:11:41 - [Cluster 0 - CLIENT] - INFO - Sent reply
2025-03-31 15:11:44 - [Cluster 0 - CLIENT] - INFO - [Store 313] Local training complete.
2025-03-31 15:11:44 - [Cluster 0 - CLIENT] - INFO - Sent reply
2025-03-31 15:11:44 - [Cluster 0 - CLIENT] - INFO - [Store 142] Local training complete.
2025-03-31 15:11:44 - [Cluster 0 - CLIENT] - INFO - Sent reply
2025-03-31 15:11:45 - [Cluster 0 - CLIENT] - INFO - [Store 329] Local training complete.
2025-03-31 15:11:45 - [Cluster 0 - CLIENT] - INFO - Sent reply
2025-03-31 15:11:46 - [Cluster 0 - CLIENT] - INFO - [Store 91] Local training complete.
2025-03-31 15:11:46 - [Cluster 0 - CLIENT] - INFO - Sent reply
2025-03-31 15:11:46 - [Cluster 0 - CLIENT] - INFO - [Store 111] Local training complete.
2025-03-31 15:11:46 - [Cluster 0 - CLIENT] - INFO - Sent reply
2025-03-31 15:11:46 - [Cluster 0 - CLIENT] - INFO - 
2025-03-31 15:11:46 - [Cluster 0 - CLIENT] - INFO - Received: evaluate message 35680096-01ca-420e-9eca-be1778a2799d
2025-03-31 15:11:46 - [Cluster 0 - CLIENT] - INFO - 
2025-03-31 15:11:46 - [Cluster 0 - CLIENT] - INFO - Received: evaluate message 5d5d97ac-1e68-442f-a404-c21ad8351b79
2025-03-31 15:11:46 - [Cluster 0 - CLIENT] - INFO - 
2025-03-31 15:11:46 - [Cluster 0 - CLIENT] - INFO - Received: evaluate message 1fd33e01-55b3-4202-a49f-550798170dd3
2025-03-31 15:11:46 - [Cluster 0 - CLIENT] - INFO - 
2025-03-31 15:11:46 - [Cluster 0 - CLIENT] - INFO - Received: evaluate message 94ca4650-4644-421c-88ed-dd301f9be2ac
2025-03-31 15:11:46 - [Cluster 0 - CLIENT] - INFO - 
2025-03-31 15:11:46 - [Cluster 0 - CLIENT] - INFO - Received: evaluate message 086ba703-63c3-41be-b65b-c22a9827315d
2025-03-31 15:11:46 - [Cluster 0 - CLIENT] - INFO - 
2025-03-31 15:11:46 - [Cluster 0 - CLIENT] - INFO - Received: evaluate message e8c7685f-20b4-486f-b137-e6a5115b90ff
2025-03-31 15:11:46 - [Cluster 0 - CLIENT] - INFO - 
2025-03-31 15:11:46 - [Cluster 0 - CLIENT] - INFO - Received: evaluate message 8a01e111-6783-47bd-89a3-746df5642599
2025-03-31 15:11:46 - [Cluster 0 - CLIENT] - INFO - 
2025-03-31 15:11:46 - [Cluster 0 - CLIENT] - INFO - Received: evaluate message fd85fe45-0c59-4271-aa41-4c1b665a6645
2025-03-31 15:11:46 - [Cluster 0 - CLIENT] - INFO - 
2025-03-31 15:11:46 - [Cluster 0 - CLIENT] - INFO - Received: evaluate message 8a04ad3f-ff19-4e6f-95f1-949116bfd4b6
2025-03-31 15:11:46 - [Cluster 0 - CLIENT] - INFO - 
2025-03-31 15:11:46 - [Cluster 0 - CLIENT] - INFO - Received: evaluate message 20d750c8-446e-4128-900c-21794dd9f7ab
2025-03-31 15:11:46 - [Cluster 0 - CLIENT] - INFO - 
2025-03-31 15:11:46 - [Cluster 0 - CLIENT] - INFO - Received: evaluate message ce889b91-c210-40b0-81bf-04e85b4cdfd0
2025-03-31 15:11:46 - [Cluster 0 - CLIENT] - INFO - 
2025-03-31 15:11:46 - [Cluster 0 - CLIENT] - INFO - Received: evaluate message 69c04e52-4c5d-437b-9304-fe27cc75f9e0
2025-03-31 15:11:46 - [Cluster 0 - CLIENT] - INFO - 
2025-03-31 15:11:46 - [Cluster 0 - CLIENT] - INFO - 
2025-03-31 15:11:46 - [Cluster 0 - CLIENT] - INFO - Received: evaluate message 3ae823cf-dfe6-4268-8f8d-32924a50edbf
2025-03-31 15:11:46 - [Cluster 0 - CLIENT] - INFO - Received: evaluate message 564326db-54c3-43f2-bc7d-b4ee3ec733c2
2025-03-31 15:11:46 - [Cluster 0 - CLIENT] - INFO - 
2025-03-31 15:11:46 - [Cluster 0 - CLIENT] - INFO - Received: evaluate message eb3bc2c1-99ab-4a5a-b1a7-6a3161f70e10
2025-03-31 15:11:48 - [Cluster 0 - CLIENT] - INFO - [Store 313] Evaluation - Loss: 0.2205, MAE: 0.2976
2025-03-31 15:11:48 - [Cluster 0 - CLIENT] - INFO - Sent reply
2025-03-31 15:11:48 - [Cluster 0 - CLIENT] - INFO - 
2025-03-31 15:11:48 - [Cluster 0 - CLIENT] - INFO - Received: evaluate message 90ad35a3-e551-422a-a4ff-372f6fd3ca34
2025-03-31 15:11:48 - [Cluster 0 - CLIENT] - INFO - [Store 592] Evaluation - Loss: 0.1918, MAE: 0.2831
2025-03-31 15:11:48 - [Cluster 0 - CLIENT] - INFO - Sent reply
2025-03-31 15:11:48 - [Cluster 0 - CLIENT] - INFO - [Store 201] Evaluation - Loss: 0.2642, MAE: 0.3522
2025-03-31 15:11:48 - [Cluster 0 - CLIENT] - INFO - 
2025-03-31 15:11:48 - [Cluster 0 - CLIENT] - INFO - Received: evaluate message a0fc740b-00e8-4ba0-be53-cf2014a8c05f
2025-03-31 15:11:48 - [Cluster 0 - CLIENT] - INFO - Sent reply
2025-03-31 15:11:48 - [Cluster 0 - CLIENT] - INFO - [Store 689] Evaluation - Loss: 0.2162, MAE: 0.2821
2025-03-31 15:11:48 - [Cluster 0 - CLIENT] - INFO - Sent reply
2025-03-31 15:11:48 - [Cluster 0 - CLIENT] - INFO - 
2025-03-31 15:11:48 - [Cluster 0 - CLIENT] - INFO - Received: evaluate message cfd46904-99fa-4f50-8e66-102a49163761
2025-03-31 15:11:48 - [Cluster 0 - CLIENT] - INFO - [Store 314] Evaluation - Loss: 0.1675, MAE: 0.2546
2025-03-31 15:11:48 - [Cluster 0 - CLIENT] - INFO - Sent reply
2025-03-31 15:11:48 - [Cluster 0 - CLIENT] - INFO - 
2025-03-31 15:11:48 - [Cluster 0 - CLIENT] - INFO - Received: evaluate message 1246ace3-784c-43ca-a70d-ef47579fa58c
2025-03-31 15:11:48 - [Cluster 0 - CLIENT] - INFO - 
2025-03-31 15:11:48 - [Cluster 0 - CLIENT] - INFO - Received: evaluate message 1cfae870-6bf2-4b0e-8e04-b0abf89a99fb
2025-03-31 15:11:48 - [Cluster 0 - CLIENT] - INFO - [Store 327] Evaluation - Loss: 0.2438, MAE: 0.3004
2025-03-31 15:11:48 - [Cluster 0 - CLIENT] - INFO - Sent reply
2025-03-31 15:11:48 - [Cluster 0 - CLIENT] - INFO - [Store 257] Evaluation - Loss: 0.1991, MAE: 0.2715
2025-03-31 15:11:48 - [Cluster 0 - CLIENT] - INFO - Sent reply
2025-03-31 15:11:48 - [Cluster 0 - CLIENT] - INFO - 
2025-03-31 15:11:48 - [Cluster 0 - CLIENT] - INFO - Received: evaluate message 58fa390e-c85e-463c-aa86-afd4366d600d
2025-03-31 15:11:48 - [Cluster 0 - CLIENT] - INFO - [Store 811] Evaluation - Loss: 0.2147, MAE: 0.3013
2025-03-31 15:11:48 - [Cluster 0 - CLIENT] - INFO - [Store 451] Evaluation - Loss: 0.2864, MAE: 0.3241
2025-03-31 15:11:48 - [Cluster 0 - CLIENT] - INFO - 
2025-03-31 15:11:48 - [Cluster 0 - CLIENT] - INFO - Received: evaluate message 5e4b1fd3-f8f2-40bc-8c8a-43de575f41d7
2025-03-31 15:11:48 - [Cluster 0 - CLIENT] - INFO - Sent reply
2025-03-31 15:11:48 - [Cluster 0 - CLIENT] - INFO - [Store 300] Evaluation - Loss: 0.3282, MAE: 0.3715
2025-03-31 15:11:48 - [Cluster 0 - CLIENT] - INFO - Sent reply
2025-03-31 15:11:48 - [Cluster 0 - CLIENT] - INFO - Sent reply
2025-03-31 15:11:48 - [Cluster 0 - CLIENT] - INFO - [Store 242] Evaluation - Loss: 0.2257, MAE: 0.3333
2025-03-31 15:11:48 - [Cluster 0 - CLIENT] - INFO - 
2025-03-31 15:11:48 - [Cluster 0 - CLIENT] - INFO - Received: evaluate message ce74e779-b69e-4647-aeeb-27a3fc71b98d
2025-03-31 15:11:48 - [Cluster 0 - CLIENT] - INFO - [Store 294] Evaluation - Loss: 0.2288, MAE: 0.3001
2025-03-31 15:11:48 - [Cluster 0 - CLIENT] - INFO - Sent reply
2025-03-31 15:11:48 - [Cluster 0 - CLIENT] - INFO - Sent reply
2025-03-31 15:11:48 - [Cluster 0 - CLIENT] - INFO - 
2025-03-31 15:11:48 - [Cluster 0 - CLIENT] - INFO - Received: evaluate message da88ca57-aa94-4b4e-ac36-811445ac3366
2025-03-31 15:11:48 - [Cluster 0 - CLIENT] - INFO - [Store 1048] Evaluation - Loss: 0.3361, MAE: 0.3472
2025-03-31 15:11:48 - [Cluster 0 - CLIENT] - INFO - Sent reply
2025-03-31 15:11:48 - [Cluster 0 - CLIENT] - INFO - 
2025-03-31 15:11:48 - [Cluster 0 - CLIENT] - INFO - Received: evaluate message be656824-825c-49de-9661-dd9cfea886fd
2025-03-31 15:11:48 - [Cluster 0 - CLIENT] - INFO - 
2025-03-31 15:11:48 - [Cluster 0 - CLIENT] - INFO - Received: evaluate message 53096fc6-4c61-468d-b240-c2ccf17bec33
2025-03-31 15:11:48 - [Cluster 0 - CLIENT] - INFO - 
2025-03-31 15:11:48 - [Cluster 0 - CLIENT] - INFO - Received: evaluate message 97b38d8c-6747-490d-bea0-76b1ad1f5ecb
2025-03-31 15:11:48 - [Cluster 0 - CLIENT] - INFO - 
2025-03-31 15:11:48 - [Cluster 0 - CLIENT] - INFO - Received: evaluate message d9e11887-b0e9-4ce7-a4f2-6dc6003211bd
2025-03-31 15:11:48 - [Cluster 0 - CLIENT] - INFO - [Store 639] Evaluation - Loss: 0.2077, MAE: 0.2800
2025-03-31 15:11:48 - [Cluster 0 - CLIENT] - INFO - Sent reply
2025-03-31 15:11:48 - [Cluster 0 - CLIENT] - INFO - [Store 489] Evaluation - Loss: 0.1834, MAE: 0.2973
2025-03-31 15:11:48 - [Cluster 0 - CLIENT] - INFO - Sent reply
2025-03-31 15:11:48 - [Cluster 0 - CLIENT] - INFO - 
2025-03-31 15:11:48 - [Cluster 0 - CLIENT] - INFO - Received: evaluate message 34a3282a-94ff-44cf-9ced-08a9eb77dfc1
2025-03-31 15:11:48 - [Cluster 0 - CLIENT] - INFO - 
2025-03-31 15:11:48 - [Cluster 0 - CLIENT] - INFO - Received: evaluate message 7d8af54a-57fa-4a86-8aef-d9bd1b9178c0
2025-03-31 15:11:49 - [Cluster 0 - CLIENT] - INFO - [Store 329] Evaluation - Loss: 0.2110, MAE: 0.2929
2025-03-31 15:11:49 - [Cluster 0 - CLIENT] - INFO - Sent reply
2025-03-31 15:11:49 - [Cluster 0 - CLIENT] - INFO - [Store 142] Evaluation - Loss: 0.2526, MAE: 0.2966
2025-03-31 15:11:49 - [Cluster 0 - CLIENT] - INFO - Sent reply
2025-03-31 15:11:49 - [Cluster 0 - CLIENT] - INFO - [Store 529] Evaluation - Loss: 0.2300, MAE: 0.2852
2025-03-31 15:11:49 - [Cluster 0 - CLIENT] - INFO - Sent reply
2025-03-31 15:11:49 - [Cluster 0 - CLIENT] - INFO - [Store 418] Evaluation - Loss: 0.2654, MAE: 0.3271
2025-03-31 15:11:49 - [Cluster 0 - CLIENT] - INFO - [Store 328] Evaluation - Loss: 0.1993, MAE: 0.2711
2025-03-31 15:11:49 - [Cluster 0 - CLIENT] - INFO - Sent reply
2025-03-31 15:11:49 - [Cluster 0 - CLIENT] - INFO - [Store 111] Evaluation - Loss: 0.2400, MAE: 0.3185
2025-03-31 15:11:49 - [Cluster 0 - CLIENT] - INFO - Sent reply
2025-03-31 15:11:49 - [Cluster 0 - CLIENT] - INFO - Sent reply
2025-03-31 15:11:49 - [Cluster 0 - CLIENT] - INFO - [Store 857] Evaluation - Loss: 0.3507, MAE: 0.3914
2025-03-31 15:11:49 - [Cluster 0 - CLIENT] - INFO - Sent reply
2025-03-31 15:11:49 - [Cluster 0 - CLIENT] - INFO - [Store 590] Evaluation - Loss: 0.2866, MAE: 0.3572
2025-03-31 15:11:49 - [Cluster 0 - CLIENT] - INFO - Sent reply
2025-03-31 15:11:49 - [Cluster 0 - CLIENT] - INFO - [Store 812] Evaluation - Loss: 0.1788, MAE: 0.2597
2025-03-31 15:11:49 - [Cluster 0 - CLIENT] - INFO - [Store 588] Evaluation - Loss: 0.2248, MAE: 0.2858
2025-03-31 15:11:49 - [Cluster 0 - CLIENT] - INFO - Sent reply
2025-03-31 15:11:49 - [Cluster 0 - CLIENT] - INFO - Sent reply
2025-03-31 15:11:49 - [Cluster 0 - CLIENT] - INFO - [Store 47] Evaluation - Loss: 0.2577, MAE: 0.3037
2025-03-31 15:11:49 - [Cluster 0 - CLIENT] - INFO - Sent reply
2025-03-31 15:11:49 - [Cluster 0 - CLIENT] - INFO - [Store 91] Evaluation - Loss: 0.3028, MAE: 0.3729
2025-03-31 15:11:49 - [Cluster 0 - CLIENT] - INFO - Sent reply
2025-03-31 15:11:49 - [Cluster 0 - CLIENT] - INFO - [Store 75] Evaluation - Loss: 0.2277, MAE: 0.3053
2025-03-31 15:11:49 - [Cluster 0 - CLIENT] - INFO - Sent reply
2025-03-31 15:11:49 - [Cluster 0 - CLIENT] - INFO - [Store 447] Evaluation - Loss: 0.2599, MAE: 0.3185
2025-03-31 15:11:49 - [Cluster 0 - CLIENT] - INFO - Sent reply
2025-03-31 15:11:49 - [Cluster 0 - CLIENT] - INFO - [Store 848] Evaluation - Loss: 0.1738, MAE: 0.2409
2025-03-31 15:11:49 - [Cluster 0 - CLIENT] - INFO - Sent reply
2025-03-31 15:11:49 - [Cluster 0 - CLIENT] - INFO - 
2025-03-31 15:11:49 - [Cluster 0 - CLIENT] - INFO - Received: reconnect message de3351ef-290e-4c5a-9870-4fe2bbe4aeb4
2025-03-31 15:11:49 - [Cluster 0 - CLIENT] - INFO - 
2025-03-31 15:11:49 - [Cluster 0 - CLIENT] - INFO - Received: reconnect message 60cbae39-54e2-42d8-bc23-25b9a867ec6d
2025-03-31 15:11:49 - [Cluster 0 - CLIENT] - INFO - 
2025-03-31 15:11:49 - [Cluster 0 - CLIENT] - INFO - Received: reconnect message 9686e081-2e1c-4867-abb5-ed0d95db0643
2025-03-31 15:11:49 - [Cluster 0 - CLIENT] - INFO - 
2025-03-31 15:11:49 - [Cluster 0 - CLIENT] - INFO - Received: reconnect message 3211928e-528d-4410-88d4-47aca82371fa
2025-03-31 15:11:49 - [Cluster 0 - CLIENT] - INFO - 
2025-03-31 15:11:49 - [Cluster 0 - CLIENT] - INFO - Received: reconnect message 75701904-f119-4aea-ac9c-8308555f9df4
2025-03-31 15:11:49 - [Cluster 0 - CLIENT] - INFO - 
2025-03-31 15:11:49 - [Cluster 0 - CLIENT] - INFO - Received: reconnect message 147f2ba7-2cf4-40c2-ac35-bd9db256236e
2025-03-31 15:11:49 - [Cluster 0 - CLIENT] - INFO - 
2025-03-31 15:11:49 - [Cluster 0 - CLIENT] - INFO - Received: reconnect message 3eb813f7-02a8-49fa-8546-32434eaed59a
2025-03-31 15:11:49 - [Cluster 0 - CLIENT] - INFO - 
2025-03-31 15:11:49 - [Cluster 0 - CLIENT] - INFO - 
2025-03-31 15:11:49 - [Cluster 0 - CLIENT] - INFO - Received: reconnect message c458919f-ac4e-462e-b5a5-5f18876cd1ae
2025-03-31 15:11:49 - [Cluster 0 - CLIENT] - INFO - Received: reconnect message 6e69441c-9ac2-4432-9c9c-4f96c3a88938
2025-03-31 15:11:49 - [Cluster 0 - CLIENT] - INFO - 
2025-03-31 15:11:49 - [Cluster 0 - CLIENT] - INFO - 
2025-03-31 15:11:49 - [Cluster 0 - CLIENT] - INFO - Received: reconnect message 18c8eff8-c25a-4f9d-a748-0c7c66d3245a
2025-03-31 15:11:49 - [Cluster 0 - CLIENT] - INFO - Received: reconnect message 3460c23e-23c7-4897-9647-8735f567da38
2025-03-31 15:11:49 - [Cluster 0 - CLIENT] - INFO - 
2025-03-31 15:11:49 - [Cluster 0 - CLIENT] - INFO - 
2025-03-31 15:11:49 - [Cluster 0 - CLIENT] - INFO - Received: reconnect message 6b52ac37-8208-4134-b989-ef179ccd2379
2025-03-31 15:11:49 - [Cluster 0 - CLIENT] - INFO - Received: reconnect message b459464a-27f2-4e19-91a3-b25569280e3c
2025-03-31 15:11:49 - [Cluster 0 - CLIENT] - INFO - 
2025-03-31 15:11:49 - [Cluster 0 - CLIENT] - INFO - Received: reconnect message b4cbc7eb-d37b-44c3-977c-518c9c1ad73b
2025-03-31 15:11:49 - [Cluster 0 - CLIENT] - INFO - 
2025-03-31 15:11:49 - [Cluster 0 - CLIENT] - INFO - Received: reconnect message 3d66ca71-f86e-4799-bdc4-6fce64e257b0
2025-03-31 15:11:49 - [Cluster 0 - CLIENT] - INFO - 
2025-03-31 15:11:49 - [Cluster 0 - CLIENT] - INFO - Received: reconnect message 703932ba-8d30-44d3-9b32-084ad62985c9
2025-03-31 15:11:49 - [Cluster 0 - CLIENT] - INFO - 
2025-03-31 15:11:49 - [Cluster 0 - CLIENT] - INFO - Received: reconnect message 3bb2ce9b-020c-4aba-9cc0-1c565b4b74c9
2025-03-31 15:11:49 - [Cluster 0 - CLIENT] - INFO - 
2025-03-31 15:11:49 - [Cluster 0 - CLIENT] - INFO - Received: reconnect message 4090ffe4-2237-4973-8a8b-bcd9a8cc84f9
2025-03-31 15:11:49 - [Cluster 0 - CLIENT] - INFO - 
2025-03-31 15:11:49 - [Cluster 0 - CLIENT] - INFO - Received: reconnect message 270588d0-92d2-4b47-977d-d88a797cc4c3
2025-03-31 15:11:49 - [Cluster 0 - CLIENT] - INFO - 
2025-03-31 15:11:49 - [Cluster 0 - CLIENT] - INFO - Received: reconnect message 5a3933cd-e5f4-43ce-86b0-5585e40f3a95
2025-03-31 15:11:49 - [Cluster 0 - CLIENT] - INFO - 
2025-03-31 15:11:49 - [Cluster 0 - CLIENT] - INFO - 
2025-03-31 15:11:49 - [Cluster 0 - CLIENT] - INFO - Received: reconnect message 456e36e0-3df4-43f9-8e12-9ad9fa5633c0
2025-03-31 15:11:49 - [Cluster 0 - CLIENT] - INFO - Received: reconnect message 8b2177d1-b95f-492f-9d9d-cc560e448045
2025-03-31 15:11:49 - [Cluster 0 - CLIENT] - DEBUG - gRPC channel closed
2025-03-31 15:11:49 - [Cluster 0 - CLIENT] - INFO - 
2025-03-31 15:11:49 - [Cluster 0 - CLIENT] - INFO - Received: reconnect message 7118b800-6c15-4d00-bf05-78cd34e2562c
2025-03-31 15:11:49 - [Cluster 0 - CLIENT] - INFO - 
2025-03-31 15:11:49 - [Cluster 0 - CLIENT] - INFO - Received: reconnect message 23366239-9ef3-4726-8550-b056a469de01
2025-03-31 15:11:49 - [Cluster 0 - CLIENT] - INFO - 
2025-03-31 15:11:49 - [Cluster 0 - CLIENT] - INFO - Received: reconnect message 72f70a63-eca6-49a4-a2b6-071f0ab47f7b
2025-03-31 15:11:49 - [Cluster 0 - CLIENT] - INFO - 
2025-03-31 15:11:49 - [Cluster 0 - CLIENT] - INFO - Received: reconnect message 77b7a300-cf12-4770-9020-51e13b58ddec
2025-03-31 15:11:49 - [Cluster 0 - CLIENT] - INFO - Disconnect and shut down
2025-03-31 15:11:49 - [Cluster 0 - CLIENT] - INFO - 
2025-03-31 15:11:49 - [Cluster 0 - CLIENT] - INFO - Received: reconnect message ec41106f-57b1-45e9-b50c-e798e518d532
2025-03-31 15:11:49 - [Cluster 0 - CLIENT] - INFO - 
2025-03-31 15:11:49 - [Cluster 0 - CLIENT] - INFO - Received: reconnect message e48c4485-14db-46be-a48a-243aed28d17c
2025-03-31 15:11:49 - [Cluster 0 - CLIENT] - INFO - 
2025-03-31 15:11:49 - [Cluster 0 - CLIENT] - INFO - Received: reconnect message 0847667e-c7dc-4cbc-81cc-36c2f2fa8974
2025-03-31 15:11:49 - [Cluster 0 - CLIENT] - INFO - 
2025-03-31 15:11:49 - [Cluster 0 - CLIENT] - INFO - Received: reconnect message 006995ca-ec6e-435b-a7b8-3c9d380707b0
2025-03-31 15:11:49 - [Cluster 0 - CLIENT] - DEBUG - gRPC channel closed
2025-03-31 15:11:49 - [Cluster 0 - CLIENT] - DEBUG - gRPC channel closed
2025-03-31 15:11:49 - [Cluster 0 - CLIENT] - INFO - Disconnect and shut down
2025-03-31 15:11:49 - [Cluster 0 - CLIENT] - INFO - Disconnect and shut down
2025-03-31 15:11:49 - [Cluster 0 - CLIENT] - DEBUG - gRPC channel closed
2025-03-31 15:11:49 - [Cluster 0 - CLIENT] - DEBUG - gRPC channel closed
2025-03-31 15:11:49 - [Cluster 0 - CLIENT] - DEBUG - gRPC channel closed
2025-03-31 15:11:49 - [Cluster 0 - CLIENT] - INFO - Disconnect and shut down
2025-03-31 15:11:49 - [Cluster 0 - CLIENT] - INFO - Disconnect and shut down
2025-03-31 15:11:49 - [Cluster 0 - CLIENT] - DEBUG - gRPC channel closed
2025-03-31 15:11:49 - [Cluster 0 - CLIENT] - INFO - Disconnect and shut down
2025-03-31 15:11:49 - [Cluster 0 - CLIENT] - DEBUG - gRPC channel closed
2025-03-31 15:11:49 - [Cluster 0 - CLIENT] - DEBUG - gRPC channel closed
2025-03-31 15:11:49 - [Cluster 0 - CLIENT] - DEBUG - gRPC channel closed
2025-03-31 15:11:49 - [Cluster 0 - CLIENT] - INFO - Disconnect and shut down
2025-03-31 15:11:49 - [Cluster 0 - CLIENT] - DEBUG - gRPC channel closed
2025-03-31 15:11:49 - [Cluster 0 - CLIENT] - DEBUG - gRPC channel closed
2025-03-31 15:11:49 - [Cluster 0 - CLIENT] - DEBUG - gRPC channel closed
2025-03-31 15:11:49 - [Cluster 0 - CLIENT] - DEBUG - gRPC channel closed
2025-03-31 15:11:49 - [Cluster 0 - CLIENT] - DEBUG - gRPC channel closed
2025-03-31 15:11:49 - [Cluster 0 - CLIENT] - INFO - Disconnect and shut down
2025-03-31 15:11:49 - [Cluster 0 - CLIENT] - DEBUG - gRPC channel closed
2025-03-31 15:11:49 - [Cluster 0 - CLIENT] - DEBUG - gRPC channel closed
2025-03-31 15:11:49 - [Cluster 0 - CLIENT] - INFO - Disconnect and shut down
2025-03-31 15:11:49 - [Cluster 0 - CLIENT] - DEBUG - gRPC channel closed
2025-03-31 15:11:49 - [Cluster 0 - CLIENT] - DEBUG - gRPC channel closed
2025-03-31 15:11:49 - [Cluster 0 - CLIENT] - DEBUG - gRPC channel closed
2025-03-31 15:11:49 - [Cluster 0 - CLIENT] - INFO - Disconnect and shut down
2025-03-31 15:11:49 - [Cluster 0 - CLIENT] - DEBUG - gRPC channel closed
2025-03-31 15:11:49 - [Cluster 0 - CLIENT] - DEBUG - gRPC channel closed
2025-03-31 15:11:49 - [Cluster 0 - CLIENT] - DEBUG - gRPC channel closed
2025-03-31 15:11:49 - [Cluster 0 - CLIENT] - INFO - Disconnect and shut down
2025-03-31 15:11:49 - [Cluster 0 - CLIENT] - INFO - Disconnect and shut down
2025-03-31 15:11:49 - [Cluster 0 - CLIENT] - DEBUG - gRPC channel closed
2025-03-31 15:11:49 - [Cluster 0 - CLIENT] - INFO - Disconnect and shut down
2025-03-31 15:11:49 - [Cluster 0 - CLIENT] - INFO - Disconnect and shut down
2025-03-31 15:11:49 - [Cluster 0 - CLIENT] - INFO - Disconnect and shut down
2025-03-31 15:11:49 - [Cluster 0 - CLIENT] - INFO - Disconnect and shut down
2025-03-31 15:11:49 - [Cluster 0 - CLIENT] - DEBUG - gRPC channel closed
2025-03-31 15:11:49 - [Cluster 0 - CLIENT] - INFO - Disconnect and shut down
2025-03-31 15:11:49 - [Cluster 0 - CLIENT] - DEBUG - gRPC channel closed
2025-03-31 15:11:49 - [Cluster 0 - CLIENT] - INFO - Disconnect and shut down
2025-03-31 15:11:49 - [Cluster 0 - CLIENT] - DEBUG - gRPC channel closed
2025-03-31 15:11:49 - [Cluster 0 - CLIENT] - DEBUG - gRPC channel closed
2025-03-31 15:11:49 - [Cluster 0 - CLIENT] - DEBUG - gRPC channel closed
2025-03-31 15:11:49 - [Cluster 0 - CLIENT] - DEBUG - gRPC channel closed
2025-03-31 15:11:49 - [Cluster 0 - CLIENT] - INFO - Disconnect and shut down
2025-03-31 15:11:49 - [Cluster 0 - CLIENT] - INFO - Disconnect and shut down
2025-03-31 15:11:49 - [Cluster 0 - CLIENT] - INFO - Disconnect and shut down
2025-03-31 15:11:49 - [Cluster 0 - CLIENT] - INFO - Disconnect and shut down
2025-03-31 15:11:49 - [Cluster 0 - CLIENT] - INFO - Disconnect and shut down
2025-03-31 15:11:49 - [Cluster 0 - CLIENT] - INFO - Disconnect and shut down
2025-03-31 15:11:49 - [Cluster 0 - CLIENT] - INFO - Disconnect and shut down
2025-03-31 15:11:49 - [Cluster 0 - CLIENT] - INFO - Disconnect and shut down
2025-03-31 15:11:49 - [Cluster 0 - CLIENT] - INFO - Disconnect and shut down
2025-03-31 15:11:49 - [Cluster 0 - CLIENT] - INFO - Disconnect and shut down
2025-03-31 15:11:49 - [Cluster 0 - CLIENT] - INFO - Disconnect and shut down
2025-03-31 15:11:49 - [Cluster 0 - CLIENT] - INFO - Disconnect and shut down
2025-03-31 15:12:29 - [Cluster 0 - CLIENT] - INFO - Initialized client logging for cluster 0 -> ../logs/run_20250331_111834/clients_cluster_0.log
2025-03-31 15:12:29 - [Cluster 0 - CLIENT] - INFO - Loading pickle data for store 922, cluster 0...
2025-03-31 15:12:29 - [Cluster 0 - CLIENT] - INFO - x_train shape: (723, 7, 27), y_train shape: (723, 1)
2025-03-31 15:12:29 - [Cluster 0 - CLIENT] - INFO - x_val shape: (176, 7, 27), y_val shape: (176, 1)
2025-03-31 15:12:30 - [Cluster 0 - CLIENT] - INFO - [Store 922, Cluster 0] Connecting to 127.0.0.1:8080 ...
2025-03-31 15:12:30 - [Cluster 0 - CLIENT] - DEBUG - Opened insecure gRPC connection (no certificates were passed)
2025-03-31 15:12:30 - [Cluster 0 - CLIENT] - DEBUG - ChannelConnectivity.IDLE
2025-03-31 15:12:30 - [Cluster 0 - CLIENT] - DEBUG - ChannelConnectivity.CONNECTING
2025-03-31 15:12:30 - [Cluster 0 - CLIENT] - DEBUG - ChannelConnectivity.TRANSIENT_FAILURE
2025-03-31 15:12:30 - [Cluster 0 - CLIENT] - DEBUG - gRPC channel closed
2025-03-31 15:12:32 - [Cluster 0 - CLIENT] - INFO - Initialized client logging for cluster 0 -> ../logs/run_20250331_111834/clients_cluster_0.log
2025-03-31 15:12:32 - [Cluster 0 - CLIENT] - INFO - Loading pickle data for store 556, cluster 0...
2025-03-31 15:12:32 - [Cluster 0 - CLIENT] - INFO - Initialized client logging for cluster 0 -> ../logs/run_20250331_111834/clients_cluster_0.log
2025-03-31 15:12:32 - [Cluster 0 - CLIENT] - INFO - Loading pickle data for store 700, cluster 0...
2025-03-31 15:12:32 - [Cluster 0 - CLIENT] - INFO - x_train shape: (723, 7, 27), y_train shape: (723, 1)
2025-03-31 15:12:32 - [Cluster 0 - CLIENT] - INFO - x_val shape: (176, 7, 27), y_val shape: (176, 1)
2025-03-31 15:12:32 - [Cluster 0 - CLIENT] - INFO - x_train shape: (723, 7, 27), y_train shape: (723, 1)
2025-03-31 15:12:32 - [Cluster 0 - CLIENT] - INFO - x_val shape: (176, 7, 27), y_val shape: (176, 1)
2025-03-31 15:12:32 - [Cluster 0 - CLIENT] - INFO - Initialized client logging for cluster 0 -> ../logs/run_20250331_111834/clients_cluster_0.log
2025-03-31 15:12:32 - [Cluster 0 - CLIENT] - INFO - Loading pickle data for store 351, cluster 0...
2025-03-31 15:12:32 - [Cluster 0 - CLIENT] - INFO - x_train shape: (723, 7, 27), y_train shape: (723, 1)
2025-03-31 15:12:32 - [Cluster 0 - CLIENT] - INFO - x_val shape: (176, 7, 27), y_val shape: (176, 1)
2025-03-31 15:12:32 - [Cluster 0 - CLIENT] - INFO - Initialized client logging for cluster 0 -> ../logs/run_20250331_111834/clients_cluster_0.log
2025-03-31 15:12:32 - [Cluster 0 - CLIENT] - INFO - Loading pickle data for store 480, cluster 0...
2025-03-31 15:12:32 - [Cluster 0 - CLIENT] - INFO - x_train shape: (723, 7, 27), y_train shape: (723, 1)
2025-03-31 15:12:32 - [Cluster 0 - CLIENT] - INFO - x_val shape: (176, 7, 27), y_val shape: (176, 1)
2025-03-31 15:12:33 - [Cluster 0 - CLIENT] - INFO - Initialized client logging for cluster 0 -> ../logs/run_20250331_111834/clients_cluster_0.log
2025-03-31 15:12:33 - [Cluster 0 - CLIENT] - INFO - Loading pickle data for store 371, cluster 0...
2025-03-31 15:12:33 - [Cluster 0 - CLIENT] - INFO - Initialized client logging for cluster 0 -> ../logs/run_20250331_111834/clients_cluster_0.log
2025-03-31 15:12:33 - [Cluster 0 - CLIENT] - INFO - Loading pickle data for store 1110, cluster 0...
2025-03-31 15:12:33 - [Cluster 0 - CLIENT] - INFO - x_train shape: (723, 7, 27), y_train shape: (723, 1)
2025-03-31 15:12:33 - [Cluster 0 - CLIENT] - INFO - x_val shape: (176, 7, 27), y_val shape: (176, 1)
2025-03-31 15:12:33 - [Cluster 0 - CLIENT] - INFO - x_train shape: (723, 7, 27), y_train shape: (723, 1)
2025-03-31 15:12:33 - [Cluster 0 - CLIENT] - INFO - x_val shape: (176, 7, 27), y_val shape: (176, 1)
2025-03-31 15:12:33 - [Cluster 0 - CLIENT] - INFO - [Store 351, Cluster 0] Connecting to 127.0.0.1:8080 ...
2025-03-31 15:12:33 - [Cluster 0 - CLIENT] - INFO - [Store 700, Cluster 0] Connecting to 127.0.0.1:8080 ...
2025-03-31 15:12:33 - [Cluster 0 - CLIENT] - DEBUG - Opened insecure gRPC connection (no certificates were passed)
2025-03-31 15:12:33 - [Cluster 0 - CLIENT] - DEBUG - ChannelConnectivity.IDLE
2025-03-31 15:12:33 - [Cluster 0 - CLIENT] - DEBUG - ChannelConnectivity.TRANSIENT_FAILURE
2025-03-31 15:12:33 - [Cluster 0 - CLIENT] - DEBUG - Opened insecure gRPC connection (no certificates were passed)
2025-03-31 15:12:33 - [Cluster 0 - CLIENT] - DEBUG - ChannelConnectivity.IDLE
2025-03-31 15:12:33 - [Cluster 0 - CLIENT] - DEBUG - ChannelConnectivity.TRANSIENT_FAILURE
2025-03-31 15:12:33 - [Cluster 0 - CLIENT] - INFO - [Store 556, Cluster 0] Connecting to 127.0.0.1:8080 ...
2025-03-31 15:12:33 - [Cluster 0 - CLIENT] - DEBUG - Opened insecure gRPC connection (no certificates were passed)
2025-03-31 15:12:33 - [Cluster 0 - CLIENT] - DEBUG - ChannelConnectivity.IDLE
2025-03-31 15:12:33 - [Cluster 0 - CLIENT] - DEBUG - ChannelConnectivity.TRANSIENT_FAILURE
2025-03-31 15:12:33 - [Cluster 0 - CLIENT] - DEBUG - gRPC channel closed
2025-03-31 15:12:33 - [Cluster 0 - CLIENT] - DEBUG - gRPC channel closed
2025-03-31 15:12:34 - [Cluster 0 - CLIENT] - INFO - [Store 480, Cluster 0] Connecting to 127.0.0.1:8080 ...
2025-03-31 15:12:34 - [Cluster 0 - CLIENT] - DEBUG - Opened insecure gRPC connection (no certificates were passed)
2025-03-31 15:12:34 - [Cluster 0 - CLIENT] - INFO - [Store 1110, Cluster 0] Connecting to 127.0.0.1:8080 ...
2025-03-31 15:12:34 - [Cluster 0 - CLIENT] - DEBUG - Opened insecure gRPC connection (no certificates were passed)
2025-03-31 15:12:34 - [Cluster 0 - CLIENT] - DEBUG - ChannelConnectivity.IDLE
2025-03-31 15:12:34 - [Cluster 0 - CLIENT] - DEBUG - ChannelConnectivity.TRANSIENT_FAILURE
2025-03-31 15:12:34 - [Cluster 0 - CLIENT] - DEBUG - gRPC channel closed
2025-03-31 15:12:34 - [Cluster 0 - CLIENT] - DEBUG - ChannelConnectivity.IDLE
2025-03-31 15:12:34 - [Cluster 0 - CLIENT] - DEBUG - ChannelConnectivity.CONNECTING
2025-03-31 15:12:34 - [Cluster 0 - CLIENT] - DEBUG - gRPC channel closed
2025-03-31 15:12:34 - [Cluster 0 - CLIENT] - INFO - [Store 371, Cluster 0] Connecting to 127.0.0.1:8080 ...
2025-03-31 15:12:34 - [Cluster 0 - CLIENT] - DEBUG - Opened insecure gRPC connection (no certificates were passed)
2025-03-31 15:12:34 - [Cluster 0 - CLIENT] - DEBUG - ChannelConnectivity.IDLE
2025-03-31 15:12:34 - [Cluster 0 - CLIENT] - DEBUG - ChannelConnectivity.CONNECTING
2025-03-31 15:12:34 - [Cluster 0 - CLIENT] - DEBUG - ChannelConnectivity.TRANSIENT_FAILURE
2025-03-31 15:12:34 - [Cluster 0 - CLIENT] - DEBUG - gRPC channel closed
2025-03-31 15:12:34 - [Cluster 0 - CLIENT] - DEBUG - gRPC channel closed
2025-03-31 15:12:37 - [Cluster 0 - CLIENT] - INFO - Initialized client logging for cluster 0 -> ../logs/run_20250331_111834/clients_cluster_0.log
2025-03-31 15:12:37 - [Cluster 0 - CLIENT] - INFO - Loading pickle data for store 217, cluster 0...
2025-03-31 15:12:37 - [Cluster 0 - CLIENT] - INFO - x_train shape: (723, 7, 27), y_train shape: (723, 1)
2025-03-31 15:12:37 - [Cluster 0 - CLIENT] - INFO - x_val shape: (176, 7, 27), y_val shape: (176, 1)
2025-03-31 15:12:38 - [Cluster 0 - CLIENT] - INFO - Initialized client logging for cluster 0 -> ../logs/run_20250331_111834/clients_cluster_0.log
2025-03-31 15:12:38 - [Cluster 0 - CLIENT] - INFO - Loading pickle data for store 839, cluster 0...
2025-03-31 15:12:38 - [Cluster 0 - CLIENT] - INFO - x_train shape: (723, 7, 27), y_train shape: (723, 1)
2025-03-31 15:12:38 - [Cluster 0 - CLIENT] - INFO - x_val shape: (176, 7, 27), y_val shape: (176, 1)
2025-03-31 15:12:38 - [Cluster 0 - CLIENT] - INFO - Initialized client logging for cluster 0 -> ../logs/run_20250331_111834/clients_cluster_0.log
2025-03-31 15:12:38 - [Cluster 0 - CLIENT] - INFO - Loading pickle data for store 8, cluster 0...
2025-03-31 15:12:38 - [Cluster 0 - CLIENT] - INFO - x_train shape: (723, 7, 27), y_train shape: (723, 1)
2025-03-31 15:12:38 - [Cluster 0 - CLIENT] - INFO - x_val shape: (176, 7, 27), y_val shape: (176, 1)
2025-03-31 15:12:38 - [Cluster 0 - CLIENT] - INFO - Initialized client logging for cluster 0 -> ../logs/run_20250331_111834/clients_cluster_0.log
2025-03-31 15:12:38 - [Cluster 0 - CLIENT] - INFO - Loading pickle data for store 818, cluster 0...
2025-03-31 15:12:38 - [Cluster 0 - CLIENT] - INFO - x_train shape: (723, 7, 27), y_train shape: (723, 1)
2025-03-31 15:12:38 - [Cluster 0 - CLIENT] - INFO - x_val shape: (176, 7, 27), y_val shape: (176, 1)
2025-03-31 15:12:38 - [Cluster 0 - CLIENT] - INFO - Initialized client logging for cluster 0 -> ../logs/run_20250331_111834/clients_cluster_0.log
2025-03-31 15:12:38 - [Cluster 0 - CLIENT] - INFO - Loading pickle data for store 855, cluster 0...
2025-03-31 15:12:38 - [Cluster 0 - CLIENT] - INFO - x_train shape: (723, 7, 27), y_train shape: (723, 1)
2025-03-31 15:12:38 - [Cluster 0 - CLIENT] - INFO - x_val shape: (176, 7, 27), y_val shape: (176, 1)
2025-03-31 15:12:38 - [Cluster 0 - CLIENT] - INFO - Initialized client logging for cluster 0 -> ../logs/run_20250331_111834/clients_cluster_0.log
2025-03-31 15:12:38 - [Cluster 0 - CLIENT] - INFO - Loading pickle data for store 1068, cluster 0...
2025-03-31 15:12:38 - [Cluster 0 - CLIENT] - INFO - x_train shape: (723, 7, 27), y_train shape: (723, 1)
2025-03-31 15:12:38 - [Cluster 0 - CLIENT] - INFO - x_val shape: (176, 7, 27), y_val shape: (176, 1)
2025-03-31 15:12:38 - [Cluster 0 - CLIENT] - INFO - Initialized client logging for cluster 0 -> ../logs/run_20250331_111834/clients_cluster_0.log
2025-03-31 15:12:38 - [Cluster 0 - CLIENT] - INFO - Loading pickle data for store 249, cluster 0...
2025-03-31 15:12:38 - [Cluster 0 - CLIENT] - INFO - x_train shape: (723, 7, 27), y_train shape: (723, 1)
2025-03-31 15:12:38 - [Cluster 0 - CLIENT] - INFO - x_val shape: (176, 7, 27), y_val shape: (176, 1)
2025-03-31 15:12:38 - [Cluster 0 - CLIENT] - INFO - Initialized client logging for cluster 0 -> ../logs/run_20250331_111834/clients_cluster_0.log
2025-03-31 15:12:38 - [Cluster 0 - CLIENT] - INFO - Loading pickle data for store 162, cluster 0...
2025-03-31 15:12:38 - [Cluster 0 - CLIENT] - INFO - x_train shape: (723, 7, 27), y_train shape: (723, 1)
2025-03-31 15:12:38 - [Cluster 0 - CLIENT] - INFO - x_val shape: (176, 7, 27), y_val shape: (176, 1)
2025-03-31 15:12:39 - [Cluster 0 - CLIENT] - INFO - Initialized client logging for cluster 0 -> ../logs/run_20250331_111834/clients_cluster_0.log
2025-03-31 15:12:39 - [Cluster 0 - CLIENT] - INFO - Loading pickle data for store 326, cluster 0...
2025-03-31 15:12:39 - [Cluster 0 - CLIENT] - INFO - x_train shape: (723, 7, 27), y_train shape: (723, 1)
2025-03-31 15:12:39 - [Cluster 0 - CLIENT] - INFO - x_val shape: (176, 7, 27), y_val shape: (176, 1)
2025-03-31 15:12:39 - [Cluster 0 - CLIENT] - INFO - Initialized client logging for cluster 0 -> ../logs/run_20250331_111834/clients_cluster_0.log
2025-03-31 15:12:39 - [Cluster 0 - CLIENT] - INFO - Loading pickle data for store 398, cluster 0...
2025-03-31 15:12:39 - [Cluster 0 - CLIENT] - INFO - x_train shape: (723, 7, 27), y_train shape: (723, 1)
2025-03-31 15:12:39 - [Cluster 0 - CLIENT] - INFO - x_val shape: (176, 7, 27), y_val shape: (176, 1)
2025-03-31 15:12:39 - [Cluster 0 - CLIENT] - INFO - Initialized client logging for cluster 0 -> ../logs/run_20250331_111834/clients_cluster_0.log
2025-03-31 15:12:39 - [Cluster 0 - CLIENT] - INFO - Loading pickle data for store 659, cluster 0...
2025-03-31 15:12:39 - [Cluster 0 - CLIENT] - INFO - x_train shape: (723, 7, 27), y_train shape: (723, 1)
2025-03-31 15:12:39 - [Cluster 0 - CLIENT] - INFO - x_val shape: (176, 7, 27), y_val shape: (176, 1)
2025-03-31 15:12:39 - [Cluster 0 - CLIENT] - INFO - Initialized client logging for cluster 0 -> ../logs/run_20250331_111834/clients_cluster_0.log
2025-03-31 15:12:39 - [Cluster 0 - CLIENT] - INFO - Loading pickle data for store 44, cluster 0...
2025-03-31 15:12:39 - [Cluster 0 - CLIENT] - INFO - Initialized client logging for cluster 0 -> ../logs/run_20250331_111834/clients_cluster_0.log
2025-03-31 15:12:39 - [Cluster 0 - CLIENT] - INFO - Loading pickle data for store 143, cluster 0...
2025-03-31 15:12:39 - [Cluster 0 - CLIENT] - INFO - x_train shape: (723, 7, 27), y_train shape: (723, 1)
2025-03-31 15:12:39 - [Cluster 0 - CLIENT] - INFO - x_val shape: (176, 7, 27), y_val shape: (176, 1)
2025-03-31 15:12:39 - [Cluster 0 - CLIENT] - INFO - Initialized client logging for cluster 0 -> ../logs/run_20250331_111834/clients_cluster_0.log
2025-03-31 15:12:39 - [Cluster 0 - CLIENT] - INFO - Loading pickle data for store 641, cluster 0...
2025-03-31 15:12:39 - [Cluster 0 - CLIENT] - INFO - x_train shape: (723, 7, 27), y_train shape: (723, 1)
2025-03-31 15:12:39 - [Cluster 0 - CLIENT] - INFO - x_val shape: (176, 7, 27), y_val shape: (176, 1)
2025-03-31 15:12:39 - [Cluster 0 - CLIENT] - INFO - x_train shape: (723, 7, 27), y_train shape: (723, 1)
2025-03-31 15:12:39 - [Cluster 0 - CLIENT] - INFO - x_val shape: (176, 7, 27), y_val shape: (176, 1)
2025-03-31 15:12:39 - [Cluster 0 - CLIENT] - INFO - [Store 217, Cluster 0] Connecting to 127.0.0.1:8080 ...
2025-03-31 15:12:39 - [Cluster 0 - CLIENT] - INFO - Initialized client logging for cluster 0 -> ../logs/run_20250331_111834/clients_cluster_0.log
2025-03-31 15:12:39 - [Cluster 0 - CLIENT] - INFO - Loading pickle data for store 1105, cluster 0...
2025-03-31 15:12:39 - [Cluster 0 - CLIENT] - INFO - x_train shape: (723, 7, 27), y_train shape: (723, 1)
2025-03-31 15:12:39 - [Cluster 0 - CLIENT] - INFO - x_val shape: (176, 7, 27), y_val shape: (176, 1)
2025-03-31 15:12:39 - [Cluster 0 - CLIENT] - INFO - Initialized client logging for cluster 0 -> ../logs/run_20250331_111834/clients_cluster_0.log
2025-03-31 15:12:39 - [Cluster 0 - CLIENT] - INFO - Loading pickle data for store 614, cluster 0...
2025-03-31 15:12:39 - [Cluster 0 - CLIENT] - DEBUG - Opened insecure gRPC connection (no certificates were passed)
2025-03-31 15:12:39 - [Cluster 0 - CLIENT] - INFO - Initialized client logging for cluster 0 -> ../logs/run_20250331_111834/clients_cluster_0.log
2025-03-31 15:12:39 - [Cluster 0 - CLIENT] - INFO - Loading pickle data for store 1073, cluster 0...
2025-03-31 15:12:39 - [Cluster 0 - CLIENT] - DEBUG - ChannelConnectivity.IDLE
2025-03-31 15:12:39 - [Cluster 0 - CLIENT] - INFO - x_train shape: (723, 7, 27), y_train shape: (723, 1)
2025-03-31 15:12:39 - [Cluster 0 - CLIENT] - INFO - x_val shape: (176, 7, 27), y_val shape: (176, 1)
2025-03-31 15:12:39 - [Cluster 0 - CLIENT] - INFO - Initialized client logging for cluster 0 -> ../logs/run_20250331_111834/clients_cluster_0.log
2025-03-31 15:12:39 - [Cluster 0 - CLIENT] - INFO - Loading pickle data for store 1077, cluster 0...
2025-03-31 15:12:39 - [Cluster 0 - CLIENT] - DEBUG - ChannelConnectivity.TRANSIENT_FAILURE
2025-03-31 15:12:39 - [Cluster 0 - CLIENT] - INFO - [Store 839, Cluster 0] Connecting to 127.0.0.1:8080 ...
2025-03-31 15:12:39 - [Cluster 0 - CLIENT] - INFO - [Store 8, Cluster 0] Connecting to 127.0.0.1:8080 ...
2025-03-31 15:12:39 - [Cluster 0 - CLIENT] - INFO - x_train shape: (723, 7, 27), y_train shape: (723, 1)
2025-03-31 15:12:39 - [Cluster 0 - CLIENT] - INFO - x_val shape: (176, 7, 27), y_val shape: (176, 1)
2025-03-31 15:12:39 - [Cluster 0 - CLIENT] - INFO - Initialized client logging for cluster 0 -> ../logs/run_20250331_111834/clients_cluster_0.log
2025-03-31 15:12:39 - [Cluster 0 - CLIENT] - INFO - Loading pickle data for store 359, cluster 0...
2025-03-31 15:12:39 - [Cluster 0 - CLIENT] - INFO - x_train shape: (723, 7, 27), y_train shape: (723, 1)
2025-03-31 15:12:39 - [Cluster 0 - CLIENT] - INFO - x_val shape: (176, 7, 27), y_val shape: (176, 1)
2025-03-31 15:12:39 - [Cluster 0 - CLIENT] - DEBUG - Opened insecure gRPC connection (no certificates were passed)
2025-03-31 15:12:39 - [Cluster 0 - CLIENT] - INFO - x_train shape: (723, 7, 27), y_train shape: (723, 1)
2025-03-31 15:12:39 - [Cluster 0 - CLIENT] - INFO - x_val shape: (176, 7, 27), y_val shape: (176, 1)
2025-03-31 15:12:39 - [Cluster 0 - CLIENT] - DEBUG - ChannelConnectivity.IDLE
2025-03-31 15:12:39 - [Cluster 0 - CLIENT] - INFO - [Store 818, Cluster 0] Connecting to 127.0.0.1:8080 ...
2025-03-31 15:12:39 - [Cluster 0 - CLIENT] - DEBUG - ChannelConnectivity.CONNECTING
2025-03-31 15:12:39 - [Cluster 0 - CLIENT] - DEBUG - Opened insecure gRPC connection (no certificates were passed)
2025-03-31 15:12:39 - [Cluster 0 - CLIENT] - DEBUG - ChannelConnectivity.TRANSIENT_FAILURE
2025-03-31 15:12:39 - [Cluster 0 - CLIENT] - DEBUG - ChannelConnectivity.IDLE
2025-03-31 15:12:39 - [Cluster 0 - CLIENT] - DEBUG - ChannelConnectivity.TRANSIENT_FAILURE
2025-03-31 15:12:39 - [Cluster 0 - CLIENT] - DEBUG - Opened insecure gRPC connection (no certificates were passed)
2025-03-31 15:12:39 - [Cluster 0 - CLIENT] - DEBUG - ChannelConnectivity.IDLE
2025-03-31 15:12:39 - [Cluster 0 - CLIENT] - DEBUG - ChannelConnectivity.TRANSIENT_FAILURE
2025-03-31 15:12:39 - [Cluster 0 - CLIENT] - DEBUG - gRPC channel closed
2025-03-31 15:12:39 - [Cluster 0 - CLIENT] - INFO - Initialized client logging for cluster 0 -> ../logs/run_20250331_111834/clients_cluster_0.log
2025-03-31 15:12:39 - [Cluster 0 - CLIENT] - INFO - Loading pickle data for store 530, cluster 0...
2025-03-31 15:12:39 - [Cluster 0 - CLIENT] - INFO - Initialized client logging for cluster 0 -> ../logs/run_20250331_111834/clients_cluster_0.log
2025-03-31 15:12:39 - [Cluster 0 - CLIENT] - INFO - Loading pickle data for store 899, cluster 0...
2025-03-31 15:12:39 - [Cluster 0 - CLIENT] - INFO - Initialized client logging for cluster 0 -> ../logs/run_20250331_111834/clients_cluster_0.log
2025-03-31 15:12:39 - [Cluster 0 - CLIENT] - INFO - Loading pickle data for store 558, cluster 0...
2025-03-31 15:12:40 - [Cluster 0 - CLIENT] - DEBUG - gRPC channel closed
2025-03-31 15:12:40 - [Cluster 0 - CLIENT] - DEBUG - gRPC channel closed
2025-03-31 15:12:40 - [Cluster 0 - CLIENT] - INFO - Initialized client logging for cluster 0 -> ../logs/run_20250331_111834/clients_cluster_0.log
2025-03-31 15:12:40 - [Cluster 0 - CLIENT] - INFO - Loading pickle data for store 550, cluster 0...
2025-03-31 15:12:40 - [Cluster 0 - CLIENT] - INFO - x_train shape: (723, 7, 27), y_train shape: (723, 1)
2025-03-31 15:12:40 - [Cluster 0 - CLIENT] - INFO - x_val shape: (176, 7, 27), y_val shape: (176, 1)
2025-03-31 15:12:40 - [Cluster 0 - CLIENT] - INFO - x_train shape: (723, 7, 27), y_train shape: (723, 1)
2025-03-31 15:12:40 - [Cluster 0 - CLIENT] - INFO - x_val shape: (176, 7, 27), y_val shape: (176, 1)
2025-03-31 15:12:40 - [Cluster 0 - CLIENT] - INFO - x_train shape: (723, 7, 27), y_train shape: (723, 1)
2025-03-31 15:12:40 - [Cluster 0 - CLIENT] - INFO - x_val shape: (176, 7, 27), y_val shape: (176, 1)
2025-03-31 15:12:40 - [Cluster 0 - CLIENT] - INFO - x_train shape: (723, 7, 27), y_train shape: (723, 1)
2025-03-31 15:12:40 - [Cluster 0 - CLIENT] - INFO - x_val shape: (176, 7, 27), y_val shape: (176, 1)
2025-03-31 15:12:40 - [Cluster 0 - CLIENT] - DEBUG - gRPC channel closed
2025-03-31 15:12:40 - [Cluster 0 - CLIENT] - INFO - [Store 855, Cluster 0] Connecting to 127.0.0.1:8080 ...
2025-03-31 15:12:40 - [Cluster 0 - CLIENT] - DEBUG - Opened insecure gRPC connection (no certificates were passed)
2025-03-31 15:12:40 - [Cluster 0 - CLIENT] - DEBUG - ChannelConnectivity.IDLE
2025-03-31 15:12:40 - [Cluster 0 - CLIENT] - DEBUG - ChannelConnectivity.TRANSIENT_FAILURE
2025-03-31 15:12:40 - [Cluster 0 - CLIENT] - INFO - [Store 1068, Cluster 0] Connecting to 127.0.0.1:8080 ...
2025-03-31 15:12:40 - [Cluster 0 - CLIENT] - DEBUG - Opened insecure gRPC connection (no certificates were passed)
2025-03-31 15:12:40 - [Cluster 0 - CLIENT] - DEBUG - ChannelConnectivity.IDLE
2025-03-31 15:12:40 - [Cluster 0 - CLIENT] - DEBUG - ChannelConnectivity.TRANSIENT_FAILURE
2025-03-31 15:12:40 - [Cluster 0 - CLIENT] - DEBUG - gRPC channel closed
2025-03-31 15:12:40 - [Cluster 0 - CLIENT] - INFO - [Store 162, Cluster 0] Connecting to 127.0.0.1:8080 ...
2025-03-31 15:12:40 - [Cluster 0 - CLIENT] - DEBUG - Opened insecure gRPC connection (no certificates were passed)
2025-03-31 15:12:40 - [Cluster 0 - CLIENT] - DEBUG - ChannelConnectivity.IDLE
2025-03-31 15:12:40 - [Cluster 0 - CLIENT] - DEBUG - gRPC channel closed
2025-03-31 15:12:40 - [Cluster 0 - CLIENT] - INFO - [Store 326, Cluster 0] Connecting to 127.0.0.1:8080 ...
2025-03-31 15:12:40 - [Cluster 0 - CLIENT] - INFO - [Store 249, Cluster 0] Connecting to 127.0.0.1:8080 ...
2025-03-31 15:12:40 - [Cluster 0 - CLIENT] - DEBUG - ChannelConnectivity.CONNECTING
2025-03-31 15:12:40 - [Cluster 0 - CLIENT] - DEBUG - ChannelConnectivity.TRANSIENT_FAILURE
2025-03-31 15:12:40 - [Cluster 0 - CLIENT] - DEBUG - Opened insecure gRPC connection (no certificates were passed)
2025-03-31 15:12:40 - [Cluster 0 - CLIENT] - DEBUG - ChannelConnectivity.IDLE
2025-03-31 15:12:40 - [Cluster 0 - CLIENT] - DEBUG - ChannelConnectivity.TRANSIENT_FAILURE
2025-03-31 15:12:40 - [Cluster 0 - CLIENT] - DEBUG - Opened insecure gRPC connection (no certificates were passed)
2025-03-31 15:12:40 - [Cluster 0 - CLIENT] - DEBUG - ChannelConnectivity.IDLE
2025-03-31 15:12:40 - [Cluster 0 - CLIENT] - DEBUG - ChannelConnectivity.CONNECTING
2025-03-31 15:12:40 - [Cluster 0 - CLIENT] - DEBUG - ChannelConnectivity.TRANSIENT_FAILURE
2025-03-31 15:12:40 - [Cluster 0 - CLIENT] - INFO - [Store 659, Cluster 0] Connecting to 127.0.0.1:8080 ...
2025-03-31 15:12:40 - [Cluster 0 - CLIENT] - DEBUG - Opened insecure gRPC connection (no certificates were passed)
2025-03-31 15:12:40 - [Cluster 0 - CLIENT] - DEBUG - ChannelConnectivity.IDLE
2025-03-31 15:12:40 - [Cluster 0 - CLIENT] - DEBUG - ChannelConnectivity.TRANSIENT_FAILURE
2025-03-31 15:12:40 - [Cluster 0 - CLIENT] - INFO - [Store 398, Cluster 0] Connecting to 127.0.0.1:8080 ...
2025-03-31 15:12:40 - [Cluster 0 - CLIENT] - DEBUG - gRPC channel closed
2025-03-31 15:12:41 - [Cluster 0 - CLIENT] - DEBUG - Opened insecure gRPC connection (no certificates were passed)
2025-03-31 15:12:41 - [Cluster 0 - CLIENT] - DEBUG - ChannelConnectivity.IDLE
2025-03-31 15:12:41 - [Cluster 0 - CLIENT] - DEBUG - ChannelConnectivity.CONNECTING
2025-03-31 15:12:41 - [Cluster 0 - CLIENT] - DEBUG - ChannelConnectivity.TRANSIENT_FAILURE
2025-03-31 15:12:41 - [Cluster 0 - CLIENT] - DEBUG - gRPC channel closed
2025-03-31 15:12:41 - [Cluster 0 - CLIENT] - DEBUG - gRPC channel closed
2025-03-31 15:12:41 - [Cluster 0 - CLIENT] - INFO - [Store 44, Cluster 0] Connecting to 127.0.0.1:8080 ...
2025-03-31 15:12:41 - [Cluster 0 - CLIENT] - DEBUG - Opened insecure gRPC connection (no certificates were passed)
2025-03-31 15:12:41 - [Cluster 0 - CLIENT] - DEBUG - ChannelConnectivity.IDLE
2025-03-31 15:12:41 - [Cluster 0 - CLIENT] - INFO - [Store 1105, Cluster 0] Connecting to 127.0.0.1:8080 ...
2025-03-31 15:12:41 - [Cluster 0 - CLIENT] - DEBUG - ChannelConnectivity.TRANSIENT_FAILURE
2025-03-31 15:12:41 - [Cluster 0 - CLIENT] - DEBUG - Opened insecure gRPC connection (no certificates were passed)
2025-03-31 15:12:41 - [Cluster 0 - CLIENT] - DEBUG - ChannelConnectivity.IDLE
2025-03-31 15:12:41 - [Cluster 0 - CLIENT] - DEBUG - gRPC channel closed
2025-03-31 15:12:41 - [Cluster 0 - CLIENT] - DEBUG - gRPC channel closed
2025-03-31 15:12:41 - [Cluster 0 - CLIENT] - INFO - [Store 641, Cluster 0] Connecting to 127.0.0.1:8080 ...
2025-03-31 15:12:41 - [Cluster 0 - CLIENT] - DEBUG - Opened insecure gRPC connection (no certificates were passed)
2025-03-31 15:12:41 - [Cluster 0 - CLIENT] - DEBUG - ChannelConnectivity.IDLE
2025-03-31 15:12:41 - [Cluster 0 - CLIENT] - DEBUG - ChannelConnectivity.CONNECTING
2025-03-31 15:12:41 - [Cluster 0 - CLIENT] - INFO - [Store 143, Cluster 0] Connecting to 127.0.0.1:8080 ...
2025-03-31 15:12:41 - [Cluster 0 - CLIENT] - DEBUG - ChannelConnectivity.TRANSIENT_FAILURE
2025-03-31 15:12:41 - [Cluster 0 - CLIENT] - DEBUG - Opened insecure gRPC connection (no certificates were passed)
2025-03-31 15:12:41 - [Cluster 0 - CLIENT] - DEBUG - ChannelConnectivity.IDLE
2025-03-31 15:12:41 - [Cluster 0 - CLIENT] - DEBUG - gRPC channel closed
2025-03-31 15:12:41 - [Cluster 0 - CLIENT] - DEBUG - gRPC channel closed
2025-03-31 15:12:41 - [Cluster 0 - CLIENT] - INFO - [Store 614, Cluster 0] Connecting to 127.0.0.1:8080 ...
2025-03-31 15:12:41 - [Cluster 0 - CLIENT] - INFO - [Store 1077, Cluster 0] Connecting to 127.0.0.1:8080 ...
2025-03-31 15:12:41 - [Cluster 0 - CLIENT] - DEBUG - gRPC channel closed
2025-03-31 15:12:41 - [Cluster 0 - CLIENT] - INFO - [Store 359, Cluster 0] Connecting to 127.0.0.1:8080 ...
2025-03-31 15:12:41 - [Cluster 0 - CLIENT] - INFO - [Store 1073, Cluster 0] Connecting to 127.0.0.1:8080 ...
2025-03-31 15:12:41 - [Cluster 0 - CLIENT] - DEBUG - Opened insecure gRPC connection (no certificates were passed)
2025-03-31 15:12:41 - [Cluster 0 - CLIENT] - DEBUG - ChannelConnectivity.IDLE
2025-03-31 15:12:41 - [Cluster 0 - CLIENT] - DEBUG - gRPC channel closed
2025-03-31 15:12:41 - [Cluster 0 - CLIENT] - DEBUG - Opened insecure gRPC connection (no certificates were passed)
2025-03-31 15:12:41 - [Cluster 0 - CLIENT] - DEBUG - ChannelConnectivity.IDLE
2025-03-31 15:12:41 - [Cluster 0 - CLIENT] - DEBUG - ChannelConnectivity.TRANSIENT_FAILURE
2025-03-31 15:12:41 - [Cluster 0 - CLIENT] - DEBUG - Opened insecure gRPC connection (no certificates were passed)
2025-03-31 15:12:41 - [Cluster 0 - CLIENT] - DEBUG - Opened insecure gRPC connection (no certificates were passed)
2025-03-31 15:12:41 - [Cluster 0 - CLIENT] - DEBUG - ChannelConnectivity.IDLE
2025-03-31 15:12:41 - [Cluster 0 - CLIENT] - DEBUG - ChannelConnectivity.TRANSIENT_FAILURE
2025-03-31 15:12:41 - [Cluster 0 - CLIENT] - DEBUG - ChannelConnectivity.IDLE
2025-03-31 15:12:41 - [Cluster 0 - CLIENT] - DEBUG - ChannelConnectivity.TRANSIENT_FAILURE
2025-03-31 15:12:41 - [Cluster 0 - CLIENT] - DEBUG - gRPC channel closed
2025-03-31 15:12:41 - [Cluster 0 - CLIENT] - INFO - [Store 899, Cluster 0] Connecting to 127.0.0.1:8080 ...
2025-03-31 15:12:41 - [Cluster 0 - CLIENT] - INFO - [Store 558, Cluster 0] Connecting to 127.0.0.1:8080 ...
2025-03-31 15:12:41 - [Cluster 0 - CLIENT] - DEBUG - Opened insecure gRPC connection (no certificates were passed)
2025-03-31 15:12:41 - [Cluster 0 - CLIENT] - DEBUG - ChannelConnectivity.IDLE
2025-03-31 15:12:41 - [Cluster 0 - CLIENT] - DEBUG - ChannelConnectivity.TRANSIENT_FAILURE
2025-03-31 15:12:41 - [Cluster 0 - CLIENT] - DEBUG - Opened insecure gRPC connection (no certificates were passed)
2025-03-31 15:12:41 - [Cluster 0 - CLIENT] - DEBUG - ChannelConnectivity.IDLE
2025-03-31 15:12:41 - [Cluster 0 - CLIENT] - DEBUG - ChannelConnectivity.CONNECTING
2025-03-31 15:12:41 - [Cluster 0 - CLIENT] - DEBUG - ChannelConnectivity.TRANSIENT_FAILURE
2025-03-31 15:12:41 - [Cluster 0 - CLIENT] - INFO - [Store 550, Cluster 0] Connecting to 127.0.0.1:8080 ...
2025-03-31 15:12:41 - [Cluster 0 - CLIENT] - INFO - [Store 530, Cluster 0] Connecting to 127.0.0.1:8080 ...
2025-03-31 15:12:41 - [Cluster 0 - CLIENT] - DEBUG - Opened insecure gRPC connection (no certificates were passed)
2025-03-31 15:12:41 - [Cluster 0 - CLIENT] - DEBUG - ChannelConnectivity.IDLE
2025-03-31 15:12:41 - [Cluster 0 - CLIENT] - DEBUG - ChannelConnectivity.CONNECTING
2025-03-31 15:12:41 - [Cluster 0 - CLIENT] - DEBUG - ChannelConnectivity.TRANSIENT_FAILURE
2025-03-31 15:12:41 - [Cluster 0 - CLIENT] - DEBUG - Opened insecure gRPC connection (no certificates were passed)
2025-03-31 15:12:41 - [Cluster 0 - CLIENT] - DEBUG - ChannelConnectivity.IDLE
2025-03-31 15:12:41 - [Cluster 0 - CLIENT] - DEBUG - ChannelConnectivity.TRANSIENT_FAILURE
2025-03-31 15:12:41 - [Cluster 0 - CLIENT] - DEBUG - gRPC channel closed
2025-03-31 15:12:41 - [Cluster 0 - CLIENT] - DEBUG - gRPC channel closed
2025-03-31 15:12:41 - [Cluster 0 - CLIENT] - DEBUG - gRPC channel closed
2025-03-31 15:12:41 - [Cluster 0 - CLIENT] - DEBUG - gRPC channel closed
2025-03-31 15:12:41 - [Cluster 0 - CLIENT] - DEBUG - gRPC channel closed
2025-03-31 15:12:41 - [Cluster 0 - CLIENT] - DEBUG - gRPC channel closed
2025-03-31 15:12:41 - [Cluster 0 - CLIENT] - DEBUG - gRPC channel closed
2025-03-31 15:12:47 - [Cluster 0 - CLIENT] - INFO - Initialized client logging for cluster 0 -> ../logs/run_20250331_111834/clients_cluster_0.log
2025-03-31 15:12:47 - [Cluster 0 - CLIENT] - INFO - Loading pickle data for store 721, cluster 0...
2025-03-31 15:12:47 - [Cluster 0 - CLIENT] - INFO - x_train shape: (723, 7, 27), y_train shape: (723, 1)
2025-03-31 15:12:47 - [Cluster 0 - CLIENT] - INFO - x_val shape: (176, 7, 27), y_val shape: (176, 1)
2025-03-31 15:12:47 - [Cluster 0 - CLIENT] - INFO - [Store 721, Cluster 0] Connecting to 127.0.0.1:8080 ...
2025-03-31 15:12:47 - [Cluster 0 - CLIENT] - DEBUG - Opened insecure gRPC connection (no certificates were passed)
2025-03-31 15:12:47 - [Cluster 0 - CLIENT] - DEBUG - ChannelConnectivity.IDLE
2025-03-31 15:12:47 - [Cluster 0 - CLIENT] - DEBUG - ChannelConnectivity.CONNECTING
2025-03-31 15:12:47 - [Cluster 0 - CLIENT] - DEBUG - gRPC channel closed
2025-03-31 15:12:49 - [Cluster 0 - CLIENT] - INFO - Initialized client logging for cluster 0 -> ../logs/run_20250331_111834/clients_cluster_0.log
2025-03-31 15:12:49 - [Cluster 0 - CLIENT] - INFO - Loading pickle data for store 91, cluster 0...
2025-03-31 15:12:49 - [Cluster 0 - CLIENT] - INFO - x_train shape: (723, 7, 27), y_train shape: (723, 1)
2025-03-31 15:12:49 - [Cluster 0 - CLIENT] - INFO - x_val shape: (176, 7, 27), y_val shape: (176, 1)
2025-03-31 15:12:49 - [Cluster 0 - CLIENT] - INFO - Initialized client logging for cluster 0 -> ../logs/run_20250331_111834/clients_cluster_0.log
2025-03-31 15:12:49 - [Cluster 0 - CLIENT] - INFO - Loading pickle data for store 520, cluster 0...
2025-03-31 15:12:49 - [Cluster 0 - CLIENT] - INFO - x_train shape: (723, 7, 27), y_train shape: (723, 1)
2025-03-31 15:12:49 - [Cluster 0 - CLIENT] - INFO - x_val shape: (176, 7, 27), y_val shape: (176, 1)
2025-03-31 15:12:49 - [Cluster 0 - CLIENT] - INFO - Initialized client logging for cluster 0 -> ../logs/run_20250331_111834/clients_cluster_0.log
2025-03-31 15:12:49 - [Cluster 0 - CLIENT] - INFO - Loading pickle data for store 3, cluster 0...
2025-03-31 15:12:49 - [Cluster 0 - CLIENT] - INFO - x_train shape: (723, 7, 27), y_train shape: (723, 1)
2025-03-31 15:12:49 - [Cluster 0 - CLIENT] - INFO - x_val shape: (176, 7, 27), y_val shape: (176, 1)
2025-03-31 15:12:49 - [Cluster 0 - CLIENT] - INFO - Initialized client logging for cluster 0 -> ../logs/run_20250331_111834/clients_cluster_0.log
2025-03-31 15:12:49 - [Cluster 0 - CLIENT] - INFO - Loading pickle data for store 1076, cluster 0...
2025-03-31 15:12:49 - [Cluster 0 - CLIENT] - INFO - x_train shape: (723, 7, 27), y_train shape: (723, 1)
2025-03-31 15:12:49 - [Cluster 0 - CLIENT] - INFO - x_val shape: (176, 7, 27), y_val shape: (176, 1)
2025-03-31 15:12:49 - [Cluster 0 - CLIENT] - INFO - Initialized client logging for cluster 0 -> ../logs/run_20250331_111834/clients_cluster_0.log
2025-03-31 15:12:49 - [Cluster 0 - CLIENT] - INFO - Loading pickle data for store 341, cluster 0...
2025-03-31 15:12:49 - [Cluster 0 - CLIENT] - INFO - x_train shape: (723, 7, 27), y_train shape: (723, 1)
2025-03-31 15:12:49 - [Cluster 0 - CLIENT] - INFO - x_val shape: (176, 7, 27), y_val shape: (176, 1)
2025-03-31 15:12:49 - [Cluster 0 - CLIENT] - INFO - Initialized client logging for cluster 0 -> ../logs/run_20250331_111834/clients_cluster_0.log
2025-03-31 15:12:49 - [Cluster 0 - CLIENT] - INFO - Loading pickle data for store 657, cluster 0...
2025-03-31 15:12:49 - [Cluster 0 - CLIENT] - INFO - x_train shape: (723, 7, 27), y_train shape: (723, 1)
2025-03-31 15:12:49 - [Cluster 0 - CLIENT] - INFO - x_val shape: (176, 7, 27), y_val shape: (176, 1)
2025-03-31 15:12:49 - [Cluster 0 - CLIENT] - INFO - [Store 91, Cluster 0] Connecting to 127.0.0.1:8080 ...
2025-03-31 15:12:49 - [Cluster 0 - CLIENT] - DEBUG - Opened insecure gRPC connection (no certificates were passed)
2025-03-31 15:12:49 - [Cluster 0 - CLIENT] - DEBUG - ChannelConnectivity.IDLE
2025-03-31 15:12:49 - [Cluster 0 - CLIENT] - DEBUG - ChannelConnectivity.TRANSIENT_FAILURE
2025-03-31 15:12:50 - [Cluster 0 - CLIENT] - INFO - [Store 520, Cluster 0] Connecting to 127.0.0.1:8080 ...
2025-03-31 15:12:50 - [Cluster 0 - CLIENT] - DEBUG - Opened insecure gRPC connection (no certificates were passed)
2025-03-31 15:12:50 - [Cluster 0 - CLIENT] - DEBUG - ChannelConnectivity.IDLE
2025-03-31 15:12:50 - [Cluster 0 - CLIENT] - DEBUG - ChannelConnectivity.CONNECTING
2025-03-31 15:12:50 - [Cluster 0 - CLIENT] - DEBUG - ChannelConnectivity.TRANSIENT_FAILURE
2025-03-31 15:12:50 - [Cluster 0 - CLIENT] - INFO - [Store 3, Cluster 0] Connecting to 127.0.0.1:8080 ...
2025-03-31 15:12:50 - [Cluster 0 - CLIENT] - DEBUG - Opened insecure gRPC connection (no certificates were passed)
2025-03-31 15:12:50 - [Cluster 0 - CLIENT] - DEBUG - gRPC channel closed
2025-03-31 15:12:50 - [Cluster 0 - CLIENT] - DEBUG - ChannelConnectivity.IDLE
2025-03-31 15:12:50 - [Cluster 0 - CLIENT] - DEBUG - ChannelConnectivity.TRANSIENT_FAILURE
2025-03-31 15:12:50 - [Cluster 0 - CLIENT] - INFO - [Store 1076, Cluster 0] Connecting to 127.0.0.1:8080 ...
2025-03-31 15:12:50 - [Cluster 0 - CLIENT] - DEBUG - Opened insecure gRPC connection (no certificates were passed)
2025-03-31 15:12:50 - [Cluster 0 - CLIENT] - INFO - [Store 657, Cluster 0] Connecting to 127.0.0.1:8080 ...
2025-03-31 15:12:50 - [Cluster 0 - CLIENT] - DEBUG - ChannelConnectivity.IDLE
2025-03-31 15:12:50 - [Cluster 0 - CLIENT] - DEBUG - ChannelConnectivity.TRANSIENT_FAILURE
2025-03-31 15:12:50 - [Cluster 0 - CLIENT] - INFO - [Store 341, Cluster 0] Connecting to 127.0.0.1:8080 ...
2025-03-31 15:12:50 - [Cluster 0 - CLIENT] - DEBUG - Opened insecure gRPC connection (no certificates were passed)
2025-03-31 15:12:50 - [Cluster 0 - CLIENT] - DEBUG - ChannelConnectivity.IDLE
2025-03-31 15:12:50 - [Cluster 0 - CLIENT] - DEBUG - ChannelConnectivity.CONNECTING
2025-03-31 15:12:50 - [Cluster 0 - CLIENT] - DEBUG - ChannelConnectivity.TRANSIENT_FAILURE
2025-03-31 15:12:50 - [Cluster 0 - CLIENT] - DEBUG - Opened insecure gRPC connection (no certificates were passed)
2025-03-31 15:12:50 - [Cluster 0 - CLIENT] - DEBUG - ChannelConnectivity.IDLE
2025-03-31 15:12:50 - [Cluster 0 - CLIENT] - DEBUG - gRPC channel closed
2025-03-31 15:12:50 - [Cluster 0 - CLIENT] - DEBUG - gRPC channel closed
2025-03-31 15:12:50 - [Cluster 0 - CLIENT] - DEBUG - gRPC channel closed
2025-03-31 15:12:50 - [Cluster 0 - CLIENT] - DEBUG - gRPC channel closed
2025-03-31 15:12:50 - [Cluster 0 - CLIENT] - DEBUG - gRPC channel closed
2025-03-31 15:12:54 - [Cluster 0 - CLIENT] - INFO - Initialized client logging for cluster 0 -> ../logs/run_20250331_111834/clients_cluster_0.log
2025-03-31 15:12:54 - [Cluster 0 - CLIENT] - INFO - Loading pickle data for store 969, cluster 0...
2025-03-31 15:12:54 - [Cluster 0 - CLIENT] - INFO - x_train shape: (723, 7, 27), y_train shape: (723, 1)
2025-03-31 15:12:54 - [Cluster 0 - CLIENT] - INFO - x_val shape: (176, 7, 27), y_val shape: (176, 1)
2025-03-31 15:12:54 - [Cluster 0 - CLIENT] - INFO - Initialized client logging for cluster 0 -> ../logs/run_20250331_111834/clients_cluster_0.log
2025-03-31 15:12:54 - [Cluster 0 - CLIENT] - INFO - Loading pickle data for store 786, cluster 0...
2025-03-31 15:12:54 - [Cluster 0 - CLIENT] - INFO - x_train shape: (723, 7, 27), y_train shape: (723, 1)
2025-03-31 15:12:54 - [Cluster 0 - CLIENT] - INFO - x_val shape: (176, 7, 27), y_val shape: (176, 1)
2025-03-31 15:12:54 - [Cluster 0 - CLIENT] - INFO - Initialized client logging for cluster 0 -> ../logs/run_20250331_111834/clients_cluster_0.log
2025-03-31 15:12:54 - [Cluster 0 - CLIENT] - INFO - Loading pickle data for store 1106, cluster 0...
2025-03-31 15:12:54 - [Cluster 0 - CLIENT] - INFO - x_train shape: (723, 7, 27), y_train shape: (723, 1)
2025-03-31 15:12:54 - [Cluster 0 - CLIENT] - INFO - x_val shape: (176, 7, 27), y_val shape: (176, 1)
2025-03-31 15:12:54 - [Cluster 0 - CLIENT] - INFO - Initialized client logging for cluster 0 -> ../logs/run_20250331_111834/clients_cluster_0.log
2025-03-31 15:12:54 - [Cluster 0 - CLIENT] - INFO - Loading pickle data for store 63, cluster 0...
2025-03-31 15:12:54 - [Cluster 0 - CLIENT] - INFO - Initialized client logging for cluster 0 -> ../logs/run_20250331_111834/clients_cluster_0.log
2025-03-31 15:12:54 - [Cluster 0 - CLIENT] - INFO - Loading pickle data for store 561, cluster 0...
2025-03-31 15:12:54 - [Cluster 0 - CLIENT] - INFO - x_train shape: (723, 7, 27), y_train shape: (723, 1)
2025-03-31 15:12:54 - [Cluster 0 - CLIENT] - INFO - x_val shape: (176, 7, 27), y_val shape: (176, 1)
2025-03-31 15:12:54 - [Cluster 0 - CLIENT] - INFO - x_train shape: (723, 7, 27), y_train shape: (723, 1)
2025-03-31 15:12:54 - [Cluster 0 - CLIENT] - INFO - x_val shape: (176, 7, 27), y_val shape: (176, 1)
2025-03-31 15:12:54 - [Cluster 0 - CLIENT] - INFO - [Store 969, Cluster 0] Connecting to 127.0.0.1:8080 ...
2025-03-31 15:12:54 - [Cluster 0 - CLIENT] - DEBUG - Opened insecure gRPC connection (no certificates were passed)
2025-03-31 15:12:54 - [Cluster 0 - CLIENT] - DEBUG - ChannelConnectivity.IDLE
2025-03-31 15:12:54 - [Cluster 0 - CLIENT] - DEBUG - ChannelConnectivity.TRANSIENT_FAILURE
2025-03-31 15:12:54 - [Cluster 0 - CLIENT] - INFO - Initialized client logging for cluster 0 -> ../logs/run_20250331_111834/clients_cluster_0.log
2025-03-31 15:12:54 - [Cluster 0 - CLIENT] - INFO - Loading pickle data for store 689, cluster 0...
2025-03-31 15:12:54 - [Cluster 0 - CLIENT] - INFO - x_train shape: (723, 7, 27), y_train shape: (723, 1)
2025-03-31 15:12:54 - [Cluster 0 - CLIENT] - INFO - x_val shape: (176, 7, 27), y_val shape: (176, 1)
2025-03-31 15:12:54 - [Cluster 0 - CLIENT] - INFO - Initialized client logging for cluster 0 -> ../logs/run_20250331_111834/clients_cluster_0.log
2025-03-31 15:12:54 - [Cluster 0 - CLIENT] - INFO - Loading pickle data for store 583, cluster 0...
2025-03-31 15:12:54 - [Cluster 0 - CLIENT] - INFO - x_train shape: (723, 7, 27), y_train shape: (723, 1)
2025-03-31 15:12:54 - [Cluster 0 - CLIENT] - INFO - x_val shape: (176, 7, 27), y_val shape: (176, 1)
2025-03-31 15:12:54 - [Cluster 0 - CLIENT] - INFO - Initialized client logging for cluster 0 -> ../logs/run_20250331_111834/clients_cluster_0.log
2025-03-31 15:12:54 - [Cluster 0 - CLIENT] - INFO - Loading pickle data for store 373, cluster 0...
2025-03-31 15:12:54 - [Cluster 0 - CLIENT] - INFO - Initialized client logging for cluster 0 -> ../logs/run_20250331_111834/clients_cluster_0.log
2025-03-31 15:12:54 - [Cluster 0 - CLIENT] - INFO - Loading pickle data for store 170, cluster 0...
2025-03-31 15:12:54 - [Cluster 0 - CLIENT] - INFO - x_train shape: (723, 7, 27), y_train shape: (723, 1)
2025-03-31 15:12:54 - [Cluster 0 - CLIENT] - INFO - x_val shape: (176, 7, 27), y_val shape: (176, 1)
2025-03-31 15:12:54 - [Cluster 0 - CLIENT] - INFO - Initialized client logging for cluster 0 -> ../logs/run_20250331_111834/clients_cluster_0.log
2025-03-31 15:12:54 - [Cluster 0 - CLIENT] - INFO - Loading pickle data for store 440, cluster 0...
2025-03-31 15:12:54 - [Cluster 0 - CLIENT] - INFO - Initialized client logging for cluster 0 -> ../logs/run_20250331_111834/clients_cluster_0.log
2025-03-31 15:12:54 - [Cluster 0 - CLIENT] - INFO - Loading pickle data for store 352, cluster 0...
2025-03-31 15:12:54 - [Cluster 0 - CLIENT] - INFO - x_train shape: (723, 7, 27), y_train shape: (723, 1)
2025-03-31 15:12:54 - [Cluster 0 - CLIENT] - INFO - x_val shape: (176, 7, 27), y_val shape: (176, 1)
2025-03-31 15:12:54 - [Cluster 0 - CLIENT] - INFO - x_train shape: (723, 7, 27), y_train shape: (723, 1)
2025-03-31 15:12:54 - [Cluster 0 - CLIENT] - INFO - x_val shape: (176, 7, 27), y_val shape: (176, 1)
2025-03-31 15:12:54 - [Cluster 0 - CLIENT] - INFO - x_train shape: (723, 7, 27), y_train shape: (723, 1)
2025-03-31 15:12:54 - [Cluster 0 - CLIENT] - INFO - x_val shape: (176, 7, 27), y_val shape: (176, 1)
2025-03-31 15:12:54 - [Cluster 0 - CLIENT] - INFO - Initialized client logging for cluster 0 -> ../logs/run_20250331_111834/clients_cluster_0.log
2025-03-31 15:12:54 - [Cluster 0 - CLIENT] - INFO - Loading pickle data for store 830, cluster 0...
2025-03-31 15:12:54 - [Cluster 0 - CLIENT] - INFO - Initialized client logging for cluster 0 -> ../logs/run_20250331_111834/clients_cluster_0.log
2025-03-31 15:12:54 - [Cluster 0 - CLIENT] - INFO - Loading pickle data for store 1024, cluster 0...
2025-03-31 15:12:54 - [Cluster 0 - CLIENT] - INFO - x_train shape: (723, 7, 27), y_train shape: (723, 1)
2025-03-31 15:12:54 - [Cluster 0 - CLIENT] - INFO - x_val shape: (176, 7, 27), y_val shape: (176, 1)
2025-03-31 15:12:54 - [Cluster 0 - CLIENT] - INFO - x_train shape: (723, 7, 27), y_train shape: (723, 1)
2025-03-31 15:12:54 - [Cluster 0 - CLIENT] - INFO - x_val shape: (176, 7, 27), y_val shape: (176, 1)
2025-03-31 15:12:55 - [Cluster 0 - CLIENT] - INFO - Initialized client logging for cluster 0 -> ../logs/run_20250331_111834/clients_cluster_0.log
2025-03-31 15:12:55 - [Cluster 0 - CLIENT] - INFO - Loading pickle data for store 272, cluster 0...
2025-03-31 15:12:55 - [Cluster 0 - CLIENT] - DEBUG - gRPC channel closed
2025-03-31 15:12:55 - [Cluster 0 - CLIENT] - INFO - Initialized client logging for cluster 0 -> ../logs/run_20250331_111834/clients_cluster_0.log
2025-03-31 15:12:55 - [Cluster 0 - CLIENT] - INFO - Loading pickle data for store 11, cluster 0...
2025-03-31 15:12:55 - [Cluster 0 - CLIENT] - INFO - x_train shape: (723, 7, 27), y_train shape: (723, 1)
2025-03-31 15:12:55 - [Cluster 0 - CLIENT] - INFO - x_val shape: (176, 7, 27), y_val shape: (176, 1)
2025-03-31 15:12:55 - [Cluster 0 - CLIENT] - INFO - x_train shape: (723, 7, 27), y_train shape: (723, 1)
2025-03-31 15:12:55 - [Cluster 0 - CLIENT] - INFO - x_val shape: (176, 7, 27), y_val shape: (176, 1)
2025-03-31 15:12:55 - [Cluster 0 - CLIENT] - INFO - [Store 786, Cluster 0] Connecting to 127.0.0.1:8080 ...
2025-03-31 15:12:55 - [Cluster 0 - CLIENT] - DEBUG - Opened insecure gRPC connection (no certificates were passed)
2025-03-31 15:12:55 - [Cluster 0 - CLIENT] - DEBUG - ChannelConnectivity.IDLE
2025-03-31 15:12:55 - [Cluster 0 - CLIENT] - DEBUG - gRPC channel closed
2025-03-31 15:12:55 - [Cluster 0 - CLIENT] - INFO - [Store 1106, Cluster 0] Connecting to 127.0.0.1:8080 ...
2025-03-31 15:12:55 - [Cluster 0 - CLIENT] - INFO - [Store 561, Cluster 0] Connecting to 127.0.0.1:8080 ...
2025-03-31 15:12:55 - [Cluster 0 - CLIENT] - DEBUG - Opened insecure gRPC connection (no certificates were passed)
2025-03-31 15:12:55 - [Cluster 0 - CLIENT] - DEBUG - ChannelConnectivity.IDLE
2025-03-31 15:12:55 - [Cluster 0 - CLIENT] - DEBUG - ChannelConnectivity.CONNECTING
2025-03-31 15:12:55 - [Cluster 0 - CLIENT] - DEBUG - gRPC channel closed
2025-03-31 15:12:55 - [Cluster 0 - CLIENT] - DEBUG - Opened insecure gRPC connection (no certificates were passed)
2025-03-31 15:12:55 - [Cluster 0 - CLIENT] - DEBUG - ChannelConnectivity.IDLE
2025-03-31 15:12:55 - [Cluster 0 - CLIENT] - DEBUG - ChannelConnectivity.TRANSIENT_FAILURE
2025-03-31 15:12:55 - [Cluster 0 - CLIENT] - INFO - [Store 63, Cluster 0] Connecting to 127.0.0.1:8080 ...
2025-03-31 15:12:55 - [Cluster 0 - CLIENT] - DEBUG - Opened insecure gRPC connection (no certificates were passed)
2025-03-31 15:12:55 - [Cluster 0 - CLIENT] - DEBUG - ChannelConnectivity.IDLE
2025-03-31 15:12:55 - [Cluster 0 - CLIENT] - DEBUG - ChannelConnectivity.CONNECTING
2025-03-31 15:12:55 - [Cluster 0 - CLIENT] - DEBUG - ChannelConnectivity.TRANSIENT_FAILURE
2025-03-31 15:12:55 - [Cluster 0 - CLIENT] - INFO - [Store 689, Cluster 0] Connecting to 127.0.0.1:8080 ...
2025-03-31 15:12:55 - [Cluster 0 - CLIENT] - DEBUG - Opened insecure gRPC connection (no certificates were passed)
2025-03-31 15:12:55 - [Cluster 0 - CLIENT] - INFO - [Store 440, Cluster 0] Connecting to 127.0.0.1:8080 ...
2025-03-31 15:12:55 - [Cluster 0 - CLIENT] - DEBUG - ChannelConnectivity.IDLE
2025-03-31 15:12:55 - [Cluster 0 - CLIENT] - DEBUG - Opened insecure gRPC connection (no certificates were passed)
2025-03-31 15:12:55 - [Cluster 0 - CLIENT] - DEBUG - ChannelConnectivity.IDLE
2025-03-31 15:12:55 - [Cluster 0 - CLIENT] - DEBUG - ChannelConnectivity.CONNECTING
2025-03-31 15:12:55 - [Cluster 0 - CLIENT] - DEBUG - ChannelConnectivity.TRANSIENT_FAILURE
2025-03-31 15:12:55 - [Cluster 0 - CLIENT] - DEBUG - ChannelConnectivity.TRANSIENT_FAILURE
2025-03-31 15:12:55 - [Cluster 0 - CLIENT] - DEBUG - gRPC channel closed
2025-03-31 15:12:55 - [Cluster 0 - CLIENT] - INFO - [Store 583, Cluster 0] Connecting to 127.0.0.1:8080 ...
2025-03-31 15:12:55 - [Cluster 0 - CLIENT] - DEBUG - Opened insecure gRPC connection (no certificates were passed)
2025-03-31 15:12:55 - [Cluster 0 - CLIENT] - DEBUG - ChannelConnectivity.IDLE
2025-03-31 15:12:55 - [Cluster 0 - CLIENT] - DEBUG - ChannelConnectivity.TRANSIENT_FAILURE
2025-03-31 15:12:55 - [Cluster 0 - CLIENT] - INFO - [Store 170, Cluster 0] Connecting to 127.0.0.1:8080 ...
2025-03-31 15:12:55 - [Cluster 0 - CLIENT] - INFO - [Store 352, Cluster 0] Connecting to 127.0.0.1:8080 ...
2025-03-31 15:12:55 - [Cluster 0 - CLIENT] - INFO - [Store 11, Cluster 0] Connecting to 127.0.0.1:8080 ...
2025-03-31 15:12:55 - [Cluster 0 - CLIENT] - DEBUG - Opened insecure gRPC connection (no certificates were passed)
2025-03-31 15:12:55 - [Cluster 0 - CLIENT] - DEBUG - gRPC channel closed
2025-03-31 15:12:55 - [Cluster 0 - CLIENT] - DEBUG - Opened insecure gRPC connection (no certificates were passed)
2025-03-31 15:12:55 - [Cluster 0 - CLIENT] - DEBUG - ChannelConnectivity.IDLE
2025-03-31 15:12:55 - [Cluster 0 - CLIENT] - DEBUG - Opened insecure gRPC connection (no certificates were passed)
2025-03-31 15:12:55 - [Cluster 0 - CLIENT] - INFO - [Store 373, Cluster 0] Connecting to 127.0.0.1:8080 ...
2025-03-31 15:12:55 - [Cluster 0 - CLIENT] - DEBUG - ChannelConnectivity.IDLE
2025-03-31 15:12:55 - [Cluster 0 - CLIENT] - DEBUG - ChannelConnectivity.TRANSIENT_FAILURE
2025-03-31 15:12:55 - [Cluster 0 - CLIENT] - DEBUG - ChannelConnectivity.IDLE
2025-03-31 15:12:55 - [Cluster 0 - CLIENT] - DEBUG - ChannelConnectivity.CONNECTING
2025-03-31 15:12:55 - [Cluster 0 - CLIENT] - DEBUG - ChannelConnectivity.TRANSIENT_FAILURE
2025-03-31 15:12:55 - [Cluster 0 - CLIENT] - DEBUG - Opened insecure gRPC connection (no certificates were passed)
2025-03-31 15:12:55 - [Cluster 0 - CLIENT] - DEBUG - ChannelConnectivity.IDLE
2025-03-31 15:12:55 - [Cluster 0 - CLIENT] - DEBUG - ChannelConnectivity.TRANSIENT_FAILURE
2025-03-31 15:12:55 - [Cluster 0 - CLIENT] - DEBUG - ChannelConnectivity.TRANSIENT_FAILURE
2025-03-31 15:12:55 - [Cluster 0 - CLIENT] - INFO - [Store 272, Cluster 0] Connecting to 127.0.0.1:8080 ...
2025-03-31 15:12:55 - [Cluster 0 - CLIENT] - DEBUG - Opened insecure gRPC connection (no certificates were passed)
2025-03-31 15:12:55 - [Cluster 0 - CLIENT] - DEBUG - ChannelConnectivity.IDLE
2025-03-31 15:12:55 - [Cluster 0 - CLIENT] - DEBUG - ChannelConnectivity.TRANSIENT_FAILURE
2025-03-31 15:12:55 - [Cluster 0 - CLIENT] - INFO - [Store 1024, Cluster 0] Connecting to 127.0.0.1:8080 ...
2025-03-31 15:12:55 - [Cluster 0 - CLIENT] - INFO - [Store 830, Cluster 0] Connecting to 127.0.0.1:8080 ...
2025-03-31 15:12:55 - [Cluster 0 - CLIENT] - DEBUG - gRPC channel closed
2025-03-31 15:12:55 - [Cluster 0 - CLIENT] - DEBUG - Opened insecure gRPC connection (no certificates were passed)
2025-03-31 15:12:55 - [Cluster 0 - CLIENT] - DEBUG - ChannelConnectivity.IDLE
2025-03-31 15:12:55 - [Cluster 0 - CLIENT] - DEBUG - ChannelConnectivity.CONNECTING
2025-03-31 15:12:55 - [Cluster 0 - CLIENT] - DEBUG - ChannelConnectivity.TRANSIENT_FAILURE
2025-03-31 15:12:55 - [Cluster 0 - CLIENT] - DEBUG - Opened insecure gRPC connection (no certificates were passed)
2025-03-31 15:12:55 - [Cluster 0 - CLIENT] - DEBUG - ChannelConnectivity.IDLE
2025-03-31 15:12:55 - [Cluster 0 - CLIENT] - DEBUG - ChannelConnectivity.TRANSIENT_FAILURE
2025-03-31 15:12:55 - [Cluster 0 - CLIENT] - DEBUG - gRPC channel closed
2025-03-31 15:12:55 - [Cluster 0 - CLIENT] - DEBUG - gRPC channel closed
2025-03-31 15:12:55 - [Cluster 0 - CLIENT] - DEBUG - gRPC channel closed
2025-03-31 15:12:55 - [Cluster 0 - CLIENT] - DEBUG - gRPC channel closed
2025-03-31 15:12:55 - [Cluster 0 - CLIENT] - DEBUG - gRPC channel closed
2025-03-31 15:12:56 - [Cluster 0 - CLIENT] - DEBUG - gRPC channel closed
2025-03-31 15:12:56 - [Cluster 0 - CLIENT] - DEBUG - gRPC channel closed
2025-03-31 15:12:56 - [Cluster 0 - CLIENT] - DEBUG - gRPC channel closed
2025-03-31 15:12:56 - [Cluster 0 - CLIENT] - DEBUG - gRPC channel closed
2025-03-31 15:13:01 - [Cluster 0 - CLIENT] - INFO - Initialized client logging for cluster 0 -> ../logs/run_20250331_111834/clients_cluster_0.log
2025-03-31 15:13:01 - [Cluster 0 - CLIENT] - INFO - Loading pickle data for store 926, cluster 0...
2025-03-31 15:13:01 - [Cluster 0 - CLIENT] - INFO - x_train shape: (723, 7, 27), y_train shape: (723, 1)
2025-03-31 15:13:01 - [Cluster 0 - CLIENT] - INFO - x_val shape: (176, 7, 27), y_val shape: (176, 1)
2025-03-31 15:13:01 - [Cluster 0 - CLIENT] - INFO - [Store 926, Cluster 0] Connecting to 127.0.0.1:8080 ...
2025-03-31 15:13:01 - [Cluster 0 - CLIENT] - DEBUG - Opened insecure gRPC connection (no certificates were passed)
2025-03-31 15:13:01 - [Cluster 0 - CLIENT] - DEBUG - ChannelConnectivity.IDLE
2025-03-31 15:13:01 - [Cluster 0 - CLIENT] - DEBUG - ChannelConnectivity.TRANSIENT_FAILURE
2025-03-31 15:13:02 - [Cluster 0 - CLIENT] - DEBUG - gRPC channel closed
2025-03-31 15:13:03 - [Cluster 0 - CLIENT] - INFO - Initialized client logging for cluster 0 -> ../logs/run_20250331_111834/clients_cluster_0.log
2025-03-31 15:13:03 - [Cluster 0 - CLIENT] - INFO - Loading pickle data for store 870, cluster 0...
2025-03-31 15:13:03 - [Cluster 0 - CLIENT] - INFO - x_train shape: (723, 7, 27), y_train shape: (723, 1)
2025-03-31 15:13:03 - [Cluster 0 - CLIENT] - INFO - x_val shape: (176, 7, 27), y_val shape: (176, 1)
2025-03-31 15:13:04 - [Cluster 0 - CLIENT] - INFO - Initialized client logging for cluster 0 -> ../logs/run_20250331_111834/clients_cluster_0.log
2025-03-31 15:13:04 - [Cluster 0 - CLIENT] - INFO - Loading pickle data for store 760, cluster 0...
2025-03-31 15:13:04 - [Cluster 0 - CLIENT] - INFO - x_train shape: (723, 7, 27), y_train shape: (723, 1)
2025-03-31 15:13:04 - [Cluster 0 - CLIENT] - INFO - x_val shape: (176, 7, 27), y_val shape: (176, 1)
2025-03-31 15:13:04 - [Cluster 0 - CLIENT] - INFO - Initialized client logging for cluster 0 -> ../logs/run_20250331_111834/clients_cluster_0.log
2025-03-31 15:13:04 - [Cluster 0 - CLIENT] - INFO - Loading pickle data for store 237, cluster 0...
2025-03-31 15:13:04 - [Cluster 0 - CLIENT] - INFO - x_train shape: (723, 7, 27), y_train shape: (723, 1)
2025-03-31 15:13:04 - [Cluster 0 - CLIENT] - INFO - x_val shape: (176, 7, 27), y_val shape: (176, 1)
2025-03-31 15:13:04 - [Cluster 0 - CLIENT] - INFO - Initialized client logging for cluster 0 -> ../logs/run_20250331_111834/clients_cluster_0.log
2025-03-31 15:13:04 - [Cluster 0 - CLIENT] - INFO - Loading pickle data for store 1096, cluster 0...
2025-03-31 15:13:04 - [Cluster 0 - CLIENT] - INFO - x_train shape: (723, 7, 27), y_train shape: (723, 1)
2025-03-31 15:13:04 - [Cluster 0 - CLIENT] - INFO - x_val shape: (176, 7, 27), y_val shape: (176, 1)
2025-03-31 15:13:04 - [Cluster 0 - CLIENT] - INFO - Initialized client logging for cluster 0 -> ../logs/run_20250331_111834/clients_cluster_0.log
2025-03-31 15:13:04 - [Cluster 0 - CLIENT] - INFO - Loading pickle data for store 393, cluster 0...
2025-03-31 15:13:04 - [Cluster 0 - CLIENT] - INFO - x_train shape: (723, 7, 27), y_train shape: (723, 1)
2025-03-31 15:13:04 - [Cluster 0 - CLIENT] - INFO - x_val shape: (176, 7, 27), y_val shape: (176, 1)
2025-03-31 15:13:04 - [Cluster 0 - CLIENT] - INFO - [Store 870, Cluster 0] Connecting to 127.0.0.1:8080 ...
2025-03-31 15:13:04 - [Cluster 0 - CLIENT] - DEBUG - Opened insecure gRPC connection (no certificates were passed)
2025-03-31 15:13:05 - [Cluster 0 - CLIENT] - DEBUG - ChannelConnectivity.IDLE
2025-03-31 15:13:05 - [Cluster 0 - CLIENT] - DEBUG - ChannelConnectivity.CONNECTING
2025-03-31 15:13:05 - [Cluster 0 - CLIENT] - DEBUG - ChannelConnectivity.TRANSIENT_FAILURE
2025-03-31 15:13:05 - [Cluster 0 - CLIENT] - DEBUG - gRPC channel closed
2025-03-31 15:13:05 - [Cluster 0 - CLIENT] - INFO - Initialized client logging for cluster 0 -> ../logs/run_20250331_111834/clients_cluster_0.log
2025-03-31 15:13:05 - [Cluster 0 - CLIENT] - INFO - Loading pickle data for store 508, cluster 0...
2025-03-31 15:13:05 - [Cluster 0 - CLIENT] - INFO - x_train shape: (723, 7, 27), y_train shape: (723, 1)
2025-03-31 15:13:05 - [Cluster 0 - CLIENT] - INFO - x_val shape: (176, 7, 27), y_val shape: (176, 1)
2025-03-31 15:13:05 - [Cluster 0 - CLIENT] - INFO - [Store 760, Cluster 0] Connecting to 127.0.0.1:8080 ...
2025-03-31 15:13:05 - [Cluster 0 - CLIENT] - DEBUG - Opened insecure gRPC connection (no certificates were passed)
2025-03-31 15:13:05 - [Cluster 0 - CLIENT] - DEBUG - ChannelConnectivity.IDLE
2025-03-31 15:13:05 - [Cluster 0 - CLIENT] - DEBUG - ChannelConnectivity.CONNECTING
2025-03-31 15:13:05 - [Cluster 0 - CLIENT] - DEBUG - ChannelConnectivity.TRANSIENT_FAILURE
2025-03-31 15:13:05 - [Cluster 0 - CLIENT] - INFO - [Store 237, Cluster 0] Connecting to 127.0.0.1:8080 ...
2025-03-31 15:13:05 - [Cluster 0 - CLIENT] - DEBUG - Opened insecure gRPC connection (no certificates were passed)
2025-03-31 15:13:05 - [Cluster 0 - CLIENT] - DEBUG - ChannelConnectivity.IDLE
2025-03-31 15:13:05 - [Cluster 0 - CLIENT] - DEBUG - ChannelConnectivity.TRANSIENT_FAILURE
2025-03-31 15:13:05 - [Cluster 0 - CLIENT] - DEBUG - gRPC channel closed
2025-03-31 15:13:05 - [Cluster 0 - CLIENT] - INFO - [Store 1096, Cluster 0] Connecting to 127.0.0.1:8080 ...
2025-03-31 15:13:05 - [Cluster 0 - CLIENT] - INFO - [Store 393, Cluster 0] Connecting to 127.0.0.1:8080 ...
2025-03-31 15:13:05 - [Cluster 0 - CLIENT] - DEBUG - Opened insecure gRPC connection (no certificates were passed)
2025-03-31 15:13:05 - [Cluster 0 - CLIENT] - DEBUG - ChannelConnectivity.IDLE
2025-03-31 15:13:05 - [Cluster 0 - CLIENT] - DEBUG - ChannelConnectivity.TRANSIENT_FAILURE
2025-03-31 15:13:05 - [Cluster 0 - CLIENT] - DEBUG - Opened insecure gRPC connection (no certificates were passed)
2025-03-31 15:13:05 - [Cluster 0 - CLIENT] - DEBUG - ChannelConnectivity.IDLE
2025-03-31 15:13:05 - [Cluster 0 - CLIENT] - DEBUG - ChannelConnectivity.CONNECTING
2025-03-31 15:13:05 - [Cluster 0 - CLIENT] - DEBUG - ChannelConnectivity.TRANSIENT_FAILURE
2025-03-31 15:13:05 - [Cluster 0 - CLIENT] - DEBUG - gRPC channel closed
2025-03-31 15:13:05 - [Cluster 0 - CLIENT] - DEBUG - gRPC channel closed
2025-03-31 15:13:05 - [Cluster 0 - CLIENT] - DEBUG - gRPC channel closed
2025-03-31 15:13:06 - [Cluster 0 - CLIENT] - INFO - [Store 508, Cluster 0] Connecting to 127.0.0.1:8080 ...
2025-03-31 15:13:06 - [Cluster 0 - CLIENT] - DEBUG - Opened insecure gRPC connection (no certificates were passed)
2025-03-31 15:13:06 - [Cluster 0 - CLIENT] - DEBUG - ChannelConnectivity.IDLE
2025-03-31 15:13:06 - [Cluster 0 - CLIENT] - DEBUG - ChannelConnectivity.TRANSIENT_FAILURE
2025-03-31 15:13:06 - [Cluster 0 - CLIENT] - DEBUG - gRPC channel closed
2025-03-31 15:13:08 - [Cluster 0 - CLIENT] - INFO - Initialized client logging for cluster 0 -> ../logs/run_20250331_111834/clients_cluster_0.log
2025-03-31 15:13:08 - [Cluster 0 - CLIENT] - INFO - Loading pickle data for store 741, cluster 0...
2025-03-31 15:13:08 - [Cluster 0 - CLIENT] - INFO - x_train shape: (723, 7, 27), y_train shape: (723, 1)
2025-03-31 15:13:08 - [Cluster 0 - CLIENT] - INFO - x_val shape: (176, 7, 27), y_val shape: (176, 1)
2025-03-31 15:13:09 - [Cluster 0 - CLIENT] - INFO - [Store 741, Cluster 0] Connecting to 127.0.0.1:8080 ...
2025-03-31 15:13:09 - [Cluster 0 - CLIENT] - DEBUG - Opened insecure gRPC connection (no certificates were passed)
2025-03-31 15:13:09 - [Cluster 0 - CLIENT] - DEBUG - ChannelConnectivity.IDLE
2025-03-31 15:13:09 - [Cluster 0 - CLIENT] - DEBUG - ChannelConnectivity.TRANSIENT_FAILURE
2025-03-31 15:13:09 - [Cluster 0 - CLIENT] - DEBUG - gRPC channel closed
2025-03-31 15:13:11 - [Cluster 0 - CLIENT] - INFO - Initialized client logging for cluster 0 -> ../logs/run_20250331_111834/clients_cluster_0.log
2025-03-31 15:13:11 - [Cluster 0 - CLIENT] - INFO - Loading pickle data for store 9, cluster 0...
2025-03-31 15:13:11 - [Cluster 0 - CLIENT] - INFO - x_train shape: (723, 7, 27), y_train shape: (723, 1)
2025-03-31 15:13:11 - [Cluster 0 - CLIENT] - INFO - x_val shape: (176, 7, 27), y_val shape: (176, 1)
2025-03-31 15:13:12 - [Cluster 0 - CLIENT] - INFO - Initialized client logging for cluster 0 -> ../logs/run_20250331_111834/clients_cluster_0.log
2025-03-31 15:13:12 - [Cluster 0 - CLIENT] - INFO - Loading pickle data for store 516, cluster 0...
2025-03-31 15:13:12 - [Cluster 0 - CLIENT] - INFO - x_train shape: (723, 7, 27), y_train shape: (723, 1)
2025-03-31 15:13:12 - [Cluster 0 - CLIENT] - INFO - x_val shape: (176, 7, 27), y_val shape: (176, 1)
2025-03-31 15:13:12 - [Cluster 0 - CLIENT] - INFO - [Store 9, Cluster 0] Connecting to 127.0.0.1:8080 ...
2025-03-31 15:13:12 - [Cluster 0 - CLIENT] - DEBUG - Opened insecure gRPC connection (no certificates were passed)
2025-03-31 15:13:12 - [Cluster 0 - CLIENT] - DEBUG - ChannelConnectivity.IDLE
2025-03-31 15:13:12 - [Cluster 0 - CLIENT] - DEBUG - ChannelConnectivity.TRANSIENT_FAILURE
2025-03-31 15:13:12 - [Cluster 0 - CLIENT] - INFO - Initialized client logging for cluster 0 -> ../logs/run_20250331_111834/clients_cluster_0.log
2025-03-31 15:13:12 - [Cluster 0 - CLIENT] - INFO - Loading pickle data for store 609, cluster 0...
2025-03-31 15:13:12 - [Cluster 0 - CLIENT] - INFO - x_train shape: (723, 7, 27), y_train shape: (723, 1)
2025-03-31 15:13:12 - [Cluster 0 - CLIENT] - INFO - x_val shape: (176, 7, 27), y_val shape: (176, 1)
2025-03-31 15:13:12 - [Cluster 0 - CLIENT] - DEBUG - gRPC channel closed
2025-03-31 15:13:12 - [Cluster 0 - CLIENT] - INFO - Initialized client logging for cluster 0 -> ../logs/run_20250331_111834/clients_cluster_0.log
2025-03-31 15:13:12 - [Cluster 0 - CLIENT] - INFO - Loading pickle data for store 332, cluster 0...
2025-03-31 15:13:12 - [Cluster 0 - CLIENT] - INFO - x_train shape: (723, 7, 27), y_train shape: (723, 1)
2025-03-31 15:13:12 - [Cluster 0 - CLIENT] - INFO - x_val shape: (176, 7, 27), y_val shape: (176, 1)
2025-03-31 15:13:12 - [Cluster 0 - CLIENT] - INFO - Initialized client logging for cluster 0 -> ../logs/run_20250331_111834/clients_cluster_0.log
2025-03-31 15:13:12 - [Cluster 0 - CLIENT] - INFO - Loading pickle data for store 764, cluster 0...
2025-03-31 15:13:12 - [Cluster 0 - CLIENT] - INFO - x_train shape: (723, 7, 27), y_train shape: (723, 1)
2025-03-31 15:13:12 - [Cluster 0 - CLIENT] - INFO - x_val shape: (176, 7, 27), y_val shape: (176, 1)
2025-03-31 15:13:12 - [Cluster 0 - CLIENT] - INFO - Initialized client logging for cluster 0 -> ../logs/run_20250331_111834/clients_cluster_0.log
2025-03-31 15:13:12 - [Cluster 0 - CLIENT] - INFO - Loading pickle data for store 294, cluster 0...
2025-03-31 15:13:12 - [Cluster 0 - CLIENT] - INFO - x_train shape: (723, 7, 27), y_train shape: (723, 1)
2025-03-31 15:13:12 - [Cluster 0 - CLIENT] - INFO - x_val shape: (176, 7, 27), y_val shape: (176, 1)
2025-03-31 15:13:12 - [Cluster 0 - CLIENT] - INFO - Initialized client logging for cluster 0 -> ../logs/run_20250331_111834/clients_cluster_0.log
2025-03-31 15:13:12 - [Cluster 0 - CLIENT] - INFO - Loading pickle data for store 487, cluster 0...
2025-03-31 15:13:13 - [Cluster 0 - CLIENT] - INFO - x_train shape: (723, 7, 27), y_train shape: (723, 1)
2025-03-31 15:13:13 - [Cluster 0 - CLIENT] - INFO - x_val shape: (176, 7, 27), y_val shape: (176, 1)
2025-03-31 15:13:13 - [Cluster 0 - CLIENT] - INFO - Initialized client logging for cluster 0 -> ../logs/run_20250331_111834/clients_cluster_0.log
2025-03-31 15:13:13 - [Cluster 0 - CLIENT] - INFO - Loading pickle data for store 463, cluster 0...
2025-03-31 15:13:13 - [Cluster 0 - CLIENT] - INFO - x_train shape: (723, 7, 27), y_train shape: (723, 1)
2025-03-31 15:13:13 - [Cluster 0 - CLIENT] - INFO - x_val shape: (176, 7, 27), y_val shape: (176, 1)
2025-03-31 15:13:13 - [Cluster 0 - CLIENT] - INFO - [Store 516, Cluster 0] Connecting to 127.0.0.1:8080 ...
2025-03-31 15:13:13 - [Cluster 0 - CLIENT] - DEBUG - Opened insecure gRPC connection (no certificates were passed)
2025-03-31 15:13:13 - [Cluster 0 - CLIENT] - DEBUG - ChannelConnectivity.IDLE
2025-03-31 15:13:13 - [Cluster 0 - CLIENT] - DEBUG - ChannelConnectivity.TRANSIENT_FAILURE
2025-03-31 15:13:13 - [Cluster 0 - CLIENT] - INFO - [Store 609, Cluster 0] Connecting to 127.0.0.1:8080 ...
2025-03-31 15:13:13 - [Cluster 0 - CLIENT] - DEBUG - Opened insecure gRPC connection (no certificates were passed)
2025-03-31 15:13:13 - [Cluster 0 - CLIENT] - DEBUG - ChannelConnectivity.IDLE
2025-03-31 15:13:13 - [Cluster 0 - CLIENT] - DEBUG - ChannelConnectivity.CONNECTING
2025-03-31 15:13:13 - [Cluster 0 - CLIENT] - DEBUG - ChannelConnectivity.TRANSIENT_FAILURE
2025-03-31 15:13:13 - [Cluster 0 - CLIENT] - DEBUG - gRPC channel closed
2025-03-31 15:13:14 - [Cluster 0 - CLIENT] - DEBUG - gRPC channel closed
2025-03-31 15:13:14 - [Cluster 0 - CLIENT] - INFO - [Store 294, Cluster 0] Connecting to 127.0.0.1:8080 ...
2025-03-31 15:13:14 - [Cluster 0 - CLIENT] - DEBUG - Opened insecure gRPC connection (no certificates were passed)
2025-03-31 15:13:14 - [Cluster 0 - CLIENT] - DEBUG - ChannelConnectivity.IDLE
2025-03-31 15:13:14 - [Cluster 0 - CLIENT] - DEBUG - ChannelConnectivity.CONNECTING
2025-03-31 15:13:14 - [Cluster 0 - CLIENT] - INFO - [Store 332, Cluster 0] Connecting to 127.0.0.1:8080 ...
2025-03-31 15:13:14 - [Cluster 0 - CLIENT] - DEBUG - Opened insecure gRPC connection (no certificates were passed)
2025-03-31 15:13:14 - [Cluster 0 - CLIENT] - DEBUG - ChannelConnectivity.IDLE
2025-03-31 15:13:14 - [Cluster 0 - CLIENT] - DEBUG - ChannelConnectivity.TRANSIENT_FAILURE
2025-03-31 15:13:14 - [Cluster 0 - CLIENT] - INFO - [Store 764, Cluster 0] Connecting to 127.0.0.1:8080 ...
2025-03-31 15:13:14 - [Cluster 0 - CLIENT] - DEBUG - Opened insecure gRPC connection (no certificates were passed)
2025-03-31 15:13:14 - [Cluster 0 - CLIENT] - DEBUG - ChannelConnectivity.IDLE
2025-03-31 15:13:14 - [Cluster 0 - CLIENT] - DEBUG - ChannelConnectivity.TRANSIENT_FAILURE
2025-03-31 15:13:14 - [Cluster 0 - CLIENT] - INFO - [Store 487, Cluster 0] Connecting to 127.0.0.1:8080 ...
2025-03-31 15:13:14 - [Cluster 0 - CLIENT] - DEBUG - Opened insecure gRPC connection (no certificates were passed)
2025-03-31 15:13:14 - [Cluster 0 - CLIENT] - DEBUG - ChannelConnectivity.IDLE
2025-03-31 15:13:14 - [Cluster 0 - CLIENT] - DEBUG - ChannelConnectivity.TRANSIENT_FAILURE
2025-03-31 15:13:14 - [Cluster 0 - CLIENT] - DEBUG - gRPC channel closed
2025-03-31 15:13:14 - [Cluster 0 - CLIENT] - INFO - [Store 463, Cluster 0] Connecting to 127.0.0.1:8080 ...
2025-03-31 15:13:14 - [Cluster 0 - CLIENT] - DEBUG - gRPC channel closed
2025-03-31 15:13:14 - [Cluster 0 - CLIENT] - DEBUG - Opened insecure gRPC connection (no certificates were passed)
2025-03-31 15:13:14 - [Cluster 0 - CLIENT] - DEBUG - ChannelConnectivity.IDLE
2025-03-31 15:13:14 - [Cluster 0 - CLIENT] - DEBUG - gRPC channel closed
2025-03-31 15:13:14 - [Cluster 0 - CLIENT] - DEBUG - gRPC channel closed
2025-03-31 15:13:14 - [Cluster 0 - CLIENT] - DEBUG - gRPC channel closed
2025-03-31 15:13:16 - [Cluster 0 - CLIENT] - INFO - Initialized client logging for cluster 0 -> ../logs/run_20250331_111834/clients_cluster_0.log
2025-03-31 15:13:16 - [Cluster 0 - CLIENT] - INFO - Loading pickle data for store 295, cluster 0...
2025-03-31 15:13:16 - [Cluster 0 - CLIENT] - INFO - x_train shape: (723, 7, 27), y_train shape: (723, 1)
2025-03-31 15:13:16 - [Cluster 0 - CLIENT] - INFO - x_val shape: (176, 7, 27), y_val shape: (176, 1)
2025-03-31 15:13:16 - [Cluster 0 - CLIENT] - INFO - Initialized client logging for cluster 0 -> ../logs/run_20250331_111834/clients_cluster_0.log
2025-03-31 15:13:16 - [Cluster 0 - CLIENT] - INFO - Loading pickle data for store 954, cluster 0...
2025-03-31 15:13:16 - [Cluster 0 - CLIENT] - INFO - x_train shape: (723, 7, 27), y_train shape: (723, 1)
2025-03-31 15:13:16 - [Cluster 0 - CLIENT] - INFO - x_val shape: (176, 7, 27), y_val shape: (176, 1)
2025-03-31 15:13:16 - [Cluster 0 - CLIENT] - INFO - Initialized client logging for cluster 0 -> ../logs/run_20250331_111834/clients_cluster_0.log
2025-03-31 15:13:16 - [Cluster 0 - CLIENT] - INFO - Loading pickle data for store 651, cluster 0...
2025-03-31 15:13:16 - [Cluster 0 - CLIENT] - INFO - [Store 295, Cluster 0] Connecting to 127.0.0.1:8080 ...
2025-03-31 15:13:16 - [Cluster 0 - CLIENT] - INFO - x_train shape: (723, 7, 27), y_train shape: (723, 1)
2025-03-31 15:13:16 - [Cluster 0 - CLIENT] - INFO - x_val shape: (176, 7, 27), y_val shape: (176, 1)
2025-03-31 15:13:16 - [Cluster 0 - CLIENT] - DEBUG - Opened insecure gRPC connection (no certificates were passed)
2025-03-31 15:13:16 - [Cluster 0 - CLIENT] - DEBUG - ChannelConnectivity.IDLE
2025-03-31 15:13:16 - [Cluster 0 - CLIENT] - DEBUG - ChannelConnectivity.CONNECTING
2025-03-31 15:13:16 - [Cluster 0 - CLIENT] - DEBUG - ChannelConnectivity.TRANSIENT_FAILURE
2025-03-31 15:13:16 - [Cluster 0 - CLIENT] - INFO - Initialized client logging for cluster 0 -> ../logs/run_20250331_111834/clients_cluster_0.log
2025-03-31 15:13:16 - [Cluster 0 - CLIENT] - INFO - Loading pickle data for store 972, cluster 0...
2025-03-31 15:13:16 - [Cluster 0 - CLIENT] - INFO - x_train shape: (723, 7, 27), y_train shape: (723, 1)
2025-03-31 15:13:16 - [Cluster 0 - CLIENT] - INFO - x_val shape: (176, 7, 27), y_val shape: (176, 1)
2025-03-31 15:13:17 - [Cluster 0 - CLIENT] - INFO - [Store 954, Cluster 0] Connecting to 127.0.0.1:8080 ...
2025-03-31 15:13:17 - [Cluster 0 - CLIENT] - DEBUG - Opened insecure gRPC connection (no certificates were passed)
2025-03-31 15:13:17 - [Cluster 0 - CLIENT] - DEBUG - ChannelConnectivity.IDLE
2025-03-31 15:13:17 - [Cluster 0 - CLIENT] - DEBUG - ChannelConnectivity.TRANSIENT_FAILURE
2025-03-31 15:13:17 - [Cluster 0 - CLIENT] - DEBUG - gRPC channel closed
2025-03-31 15:13:17 - [Cluster 0 - CLIENT] - DEBUG - gRPC channel closed
2025-03-31 15:13:17 - [Cluster 0 - CLIENT] - INFO - [Store 651, Cluster 0] Connecting to 127.0.0.1:8080 ...
2025-03-31 15:13:17 - [Cluster 0 - CLIENT] - DEBUG - Opened insecure gRPC connection (no certificates were passed)
2025-03-31 15:13:17 - [Cluster 0 - CLIENT] - DEBUG - ChannelConnectivity.IDLE
2025-03-31 15:13:17 - [Cluster 0 - CLIENT] - INFO - [Store 972, Cluster 0] Connecting to 127.0.0.1:8080 ...
2025-03-31 15:13:17 - [Cluster 0 - CLIENT] - DEBUG - ChannelConnectivity.TRANSIENT_FAILURE
2025-03-31 15:13:17 - [Cluster 0 - CLIENT] - DEBUG - Opened insecure gRPC connection (no certificates were passed)
2025-03-31 15:13:17 - [Cluster 0 - CLIENT] - DEBUG - ChannelConnectivity.IDLE
2025-03-31 15:13:17 - [Cluster 0 - CLIENT] - DEBUG - ChannelConnectivity.CONNECTING
2025-03-31 15:13:17 - [Cluster 0 - CLIENT] - DEBUG - ChannelConnectivity.TRANSIENT_FAILURE
2025-03-31 15:13:17 - [Cluster 0 - CLIENT] - DEBUG - gRPC channel closed
2025-03-31 15:13:17 - [Cluster 0 - CLIENT] - DEBUG - gRPC channel closed
