2025-04-01 08:21:53 - [Cluster 0 - CLIENT] - INFO - Initialized client logging for cluster 0 -> ../logs/run_20250401_082127/clients_cluster_0.log
2025-04-01 08:21:53 - [Cluster 0 - CLIENT] - INFO - Loading pickle data for store 857, cluster 0...
2025-04-01 08:21:53 - [Cluster 0 - CLIENT] - INFO - Initialized client logging for cluster 0 -> ../logs/run_20250401_082127/clients_cluster_0.log
2025-04-01 08:21:53 - [Cluster 0 - CLIENT] - INFO - Loading pickle data for store 1042, cluster 0...
2025-04-01 08:21:53 - [Cluster 0 - CLIENT] - INFO - x_train shape: (723, 7, 27), y_train shape: (723, 1)
2025-04-01 08:21:53 - [Cluster 0 - CLIENT] - INFO - x_val shape: (176, 7, 27), y_val shape: (176, 1)
2025-04-01 08:21:53 - [Cluster 0 - CLIENT] - INFO - x_train shape: (723, 7, 27), y_train shape: (723, 1)
2025-04-01 08:21:53 - [Cluster 0 - CLIENT] - INFO - x_val shape: (176, 7, 27), y_val shape: (176, 1)
2025-04-01 08:21:54 - [Cluster 0 - CLIENT] - INFO - Initialized client logging for cluster 0 -> ../logs/run_20250401_082127/clients_cluster_0.log
2025-04-01 08:21:54 - [Cluster 0 - CLIENT] - INFO - Loading pickle data for store 628, cluster 0...
2025-04-01 08:21:54 - [Cluster 0 - CLIENT] - INFO - x_train shape: (723, 7, 27), y_train shape: (723, 1)
2025-04-01 08:21:54 - [Cluster 0 - CLIENT] - INFO - x_val shape: (176, 7, 27), y_val shape: (176, 1)
2025-04-01 08:21:54 - [Cluster 0 - CLIENT] - INFO - Initialized client logging for cluster 0 -> ../logs/run_20250401_082127/clients_cluster_0.log
2025-04-01 08:21:54 - [Cluster 0 - CLIENT] - INFO - Loading pickle data for store 77, cluster 0...
2025-04-01 08:21:54 - [Cluster 0 - CLIENT] - INFO - Initialized client logging for cluster 0 -> ../logs/run_20250401_082127/clients_cluster_0.log
2025-04-01 08:21:54 - [Cluster 0 - CLIENT] - INFO - Loading pickle data for store 554, cluster 0...
2025-04-01 08:21:54 - [Cluster 0 - CLIENT] - INFO - x_train shape: (723, 7, 27), y_train shape: (723, 1)
2025-04-01 08:21:54 - [Cluster 0 - CLIENT] - INFO - x_val shape: (176, 7, 27), y_val shape: (176, 1)
2025-04-01 08:21:54 - [Cluster 0 - CLIENT] - INFO - x_train shape: (723, 7, 27), y_train shape: (723, 1)
2025-04-01 08:21:54 - [Cluster 0 - CLIENT] - INFO - x_val shape: (176, 7, 27), y_val shape: (176, 1)
2025-04-01 08:21:54 - [Cluster 0 - CLIENT] - INFO - Initialized client logging for cluster 0 -> ../logs/run_20250401_082127/clients_cluster_0.log
2025-04-01 08:21:54 - [Cluster 0 - CLIENT] - INFO - Loading pickle data for store 1099, cluster 0...
2025-04-01 08:21:54 - [Cluster 0 - CLIENT] - INFO - x_train shape: (723, 7, 27), y_train shape: (723, 1)
2025-04-01 08:21:54 - [Cluster 0 - CLIENT] - INFO - x_val shape: (176, 7, 27), y_val shape: (176, 1)
2025-04-01 08:21:55 - [Cluster 0 - CLIENT] - INFO - Initialized client logging for cluster 0 -> ../logs/run_20250401_082127/clients_cluster_0.log
2025-04-01 08:21:55 - [Cluster 0 - CLIENT] - INFO - Loading pickle data for store 105, cluster 0...
2025-04-01 08:21:55 - [Cluster 0 - CLIENT] - INFO - x_train shape: (723, 7, 27), y_train shape: (723, 1)
2025-04-01 08:21:55 - [Cluster 0 - CLIENT] - INFO - x_val shape: (176, 7, 27), y_val shape: (176, 1)
2025-04-01 08:21:55 - [Cluster 0 - CLIENT] - INFO - Initialized client logging for cluster 0 -> ../logs/run_20250401_082127/clients_cluster_0.log
2025-04-01 08:21:55 - [Cluster 0 - CLIENT] - INFO - Loading pickle data for store 886, cluster 0...
2025-04-01 08:21:55 - [Cluster 0 - CLIENT] - INFO - Initialized client logging for cluster 0 -> ../logs/run_20250401_082127/clients_cluster_0.log
2025-04-01 08:21:55 - [Cluster 0 - CLIENT] - INFO - Loading pickle data for store 658, cluster 0...
2025-04-01 08:21:55 - [Cluster 0 - CLIENT] - INFO - x_train shape: (723, 7, 27), y_train shape: (723, 1)
2025-04-01 08:21:55 - [Cluster 0 - CLIENT] - INFO - x_val shape: (176, 7, 27), y_val shape: (176, 1)
2025-04-01 08:21:55 - [Cluster 0 - CLIENT] - INFO - x_train shape: (723, 7, 27), y_train shape: (723, 1)
2025-04-01 08:21:55 - [Cluster 0 - CLIENT] - INFO - x_val shape: (176, 7, 27), y_val shape: (176, 1)
2025-04-01 08:21:55 - [Cluster 0 - CLIENT] - INFO - Initialized client logging for cluster 0 -> ../logs/run_20250401_082127/clients_cluster_0.log
2025-04-01 08:21:55 - [Cluster 0 - CLIENT] - INFO - Loading pickle data for store 260, cluster 0...
2025-04-01 08:21:55 - [Cluster 0 - CLIENT] - INFO - x_train shape: (723, 7, 27), y_train shape: (723, 1)
2025-04-01 08:21:55 - [Cluster 0 - CLIENT] - INFO - x_val shape: (176, 7, 27), y_val shape: (176, 1)
2025-04-01 08:21:55 - [Cluster 0 - CLIENT] - INFO - [Store 857, Cluster 0] Connecting to 127.0.0.1:8080 ...
2025-04-01 08:21:55 - [Cluster 0 - CLIENT] - INFO - Initialized client logging for cluster 0 -> ../logs/run_20250401_082127/clients_cluster_0.log
2025-04-01 08:21:55 - [Cluster 0 - CLIENT] - INFO - Loading pickle data for store 1073, cluster 0...
2025-04-01 08:21:55 - [Cluster 0 - CLIENT] - INFO - x_train shape: (723, 7, 27), y_train shape: (723, 1)
2025-04-01 08:21:55 - [Cluster 0 - CLIENT] - INFO - x_val shape: (176, 7, 27), y_val shape: (176, 1)
2025-04-01 08:21:55 - [Cluster 0 - CLIENT] - DEBUG - Opened insecure gRPC connection (no certificates were passed)
2025-04-01 08:21:55 - [Cluster 0 - CLIENT] - DEBUG - ChannelConnectivity.IDLE
2025-04-01 08:21:55 - [Cluster 0 - CLIENT] - DEBUG - ChannelConnectivity.CONNECTING
2025-04-01 08:21:55 - [Cluster 0 - CLIENT] - INFO - Initialized client logging for cluster 0 -> ../logs/run_20250401_082127/clients_cluster_0.log
2025-04-01 08:21:55 - [Cluster 0 - CLIENT] - INFO - Loading pickle data for store 922, cluster 0...
2025-04-01 08:21:55 - [Cluster 0 - CLIENT] - DEBUG - ChannelConnectivity.READY
2025-04-01 08:21:55 - [Cluster 0 - CLIENT] - INFO - x_train shape: (723, 7, 27), y_train shape: (723, 1)
2025-04-01 08:21:55 - [Cluster 0 - CLIENT] - INFO - x_val shape: (176, 7, 27), y_val shape: (176, 1)
2025-04-01 08:21:55 - [Cluster 0 - CLIENT] - INFO - Initialized client logging for cluster 0 -> ../logs/run_20250401_082127/clients_cluster_0.log
2025-04-01 08:21:55 - [Cluster 0 - CLIENT] - INFO - Loading pickle data for store 718, cluster 0...
2025-04-01 08:21:55 - [Cluster 0 - CLIENT] - INFO - 
2025-04-01 08:21:55 - [Cluster 0 - CLIENT] - INFO - Received: get_parameters message adf770e6-0338-4020-9337-e1772423ea99
2025-04-01 08:21:55 - [Cluster 0 - CLIENT] - INFO - [Store 857] Sending model parameters to server.
2025-04-01 08:21:55 - [Cluster 0 - CLIENT] - INFO - Sent reply
2025-04-01 08:21:55 - [Cluster 0 - CLIENT] - INFO - [Store 1042, Cluster 0] Connecting to 127.0.0.1:8080 ...
2025-04-01 08:21:55 - [Cluster 0 - CLIENT] - DEBUG - Opened insecure gRPC connection (no certificates were passed)
2025-04-01 08:21:55 - [Cluster 0 - CLIENT] - DEBUG - ChannelConnectivity.IDLE
2025-04-01 08:21:55 - [Cluster 0 - CLIENT] - DEBUG - ChannelConnectivity.CONNECTING
2025-04-01 08:21:55 - [Cluster 0 - CLIENT] - DEBUG - ChannelConnectivity.READY
2025-04-01 08:21:55 - [Cluster 0 - CLIENT] - INFO - [Store 628, Cluster 0] Connecting to 127.0.0.1:8080 ...
2025-04-01 08:21:56 - [Cluster 0 - CLIENT] - INFO - x_train shape: (723, 7, 27), y_train shape: (723, 1)
2025-04-01 08:21:56 - [Cluster 0 - CLIENT] - INFO - x_val shape: (176, 7, 27), y_val shape: (176, 1)
2025-04-01 08:21:56 - [Cluster 0 - CLIENT] - DEBUG - Opened insecure gRPC connection (no certificates were passed)
2025-04-01 08:21:56 - [Cluster 0 - CLIENT] - DEBUG - ChannelConnectivity.IDLE
2025-04-01 08:21:56 - [Cluster 0 - CLIENT] - DEBUG - ChannelConnectivity.READY
2025-04-01 08:21:56 - [Cluster 0 - CLIENT] - INFO - [Store 554, Cluster 0] Connecting to 127.0.0.1:8080 ...
2025-04-01 08:21:56 - [Cluster 0 - CLIENT] - INFO - Initialized client logging for cluster 0 -> ../logs/run_20250401_082127/clients_cluster_0.log
2025-04-01 08:21:56 - [Cluster 0 - CLIENT] - INFO - Loading pickle data for store 360, cluster 0...
2025-04-01 08:21:56 - [Cluster 0 - CLIENT] - INFO - x_train shape: (723, 7, 27), y_train shape: (723, 1)
2025-04-01 08:21:56 - [Cluster 0 - CLIENT] - INFO - x_val shape: (176, 7, 27), y_val shape: (176, 1)
2025-04-01 08:21:56 - [Cluster 0 - CLIENT] - INFO - Initialized client logging for cluster 0 -> ../logs/run_20250401_082127/clients_cluster_0.log
2025-04-01 08:21:56 - [Cluster 0 - CLIENT] - INFO - Loading pickle data for store 65, cluster 0...
2025-04-01 08:21:56 - [Cluster 0 - CLIENT] - DEBUG - Opened insecure gRPC connection (no certificates were passed)
2025-04-01 08:21:56 - [Cluster 0 - CLIENT] - DEBUG - ChannelConnectivity.IDLE
2025-04-01 08:21:56 - [Cluster 0 - CLIENT] - DEBUG - ChannelConnectivity.CONNECTING
2025-04-01 08:21:56 - [Cluster 0 - CLIENT] - DEBUG - ChannelConnectivity.READY
2025-04-01 08:21:56 - [Cluster 0 - CLIENT] - INFO - x_train shape: (723, 7, 27), y_train shape: (723, 1)
2025-04-01 08:21:56 - [Cluster 0 - CLIENT] - INFO - x_val shape: (176, 7, 27), y_val shape: (176, 1)
2025-04-01 08:21:56 - [Cluster 0 - CLIENT] - INFO - [Store 77, Cluster 0] Connecting to 127.0.0.1:8080 ...
2025-04-01 08:21:56 - [Cluster 0 - CLIENT] - INFO - [Store 105, Cluster 0] Connecting to 127.0.0.1:8080 ...
2025-04-01 08:21:56 - [Cluster 0 - CLIENT] - DEBUG - Opened insecure gRPC connection (no certificates were passed)
2025-04-01 08:21:56 - [Cluster 0 - CLIENT] - DEBUG - ChannelConnectivity.IDLE
2025-04-01 08:21:56 - [Cluster 0 - CLIENT] - DEBUG - ChannelConnectivity.CONNECTING
2025-04-01 08:21:56 - [Cluster 0 - CLIENT] - DEBUG - ChannelConnectivity.READY
2025-04-01 08:21:56 - [Cluster 0 - CLIENT] - DEBUG - Opened insecure gRPC connection (no certificates were passed)
2025-04-01 08:21:56 - [Cluster 0 - CLIENT] - DEBUG - ChannelConnectivity.IDLE
2025-04-01 08:21:56 - [Cluster 0 - CLIENT] - DEBUG - ChannelConnectivity.READY
2025-04-01 08:21:56 - [Cluster 0 - CLIENT] - INFO - Initialized client logging for cluster 0 -> ../logs/run_20250401_082127/clients_cluster_0.log
2025-04-01 08:21:56 - [Cluster 0 - CLIENT] - INFO - Loading pickle data for store 1083, cluster 0...
2025-04-01 08:21:56 - [Cluster 0 - CLIENT] - INFO - Initialized client logging for cluster 0 -> ../logs/run_20250401_082127/clients_cluster_0.log
2025-04-01 08:21:56 - [Cluster 0 - CLIENT] - INFO - Loading pickle data for store 47, cluster 0...
2025-04-01 08:21:56 - [Cluster 0 - CLIENT] - INFO - Initialized client logging for cluster 0 -> ../logs/run_20250401_082127/clients_cluster_0.log
2025-04-01 08:21:56 - [Cluster 0 - CLIENT] - INFO - Loading pickle data for store 511, cluster 0...
2025-04-01 08:21:56 - [Cluster 0 - CLIENT] - INFO - x_train shape: (723, 7, 27), y_train shape: (723, 1)
2025-04-01 08:21:56 - [Cluster 0 - CLIENT] - INFO - x_val shape: (176, 7, 27), y_val shape: (176, 1)
2025-04-01 08:21:56 - [Cluster 0 - CLIENT] - INFO - x_train shape: (723, 7, 27), y_train shape: (723, 1)
2025-04-01 08:21:56 - [Cluster 0 - CLIENT] - INFO - x_val shape: (176, 7, 27), y_val shape: (176, 1)
2025-04-01 08:21:56 - [Cluster 0 - CLIENT] - INFO - [Store 658, Cluster 0] Connecting to 127.0.0.1:8080 ...
2025-04-01 08:21:56 - [Cluster 0 - CLIENT] - INFO - x_train shape: (723, 7, 27), y_train shape: (723, 1)
2025-04-01 08:21:56 - [Cluster 0 - CLIENT] - INFO - x_val shape: (176, 7, 27), y_val shape: (176, 1)
2025-04-01 08:21:56 - [Cluster 0 - CLIENT] - INFO - [Store 260, Cluster 0] Connecting to 127.0.0.1:8080 ...
2025-04-01 08:21:56 - [Cluster 0 - CLIENT] - DEBUG - Opened insecure gRPC connection (no certificates were passed)
2025-04-01 08:21:56 - [Cluster 0 - CLIENT] - INFO - Initialized client logging for cluster 0 -> ../logs/run_20250401_082127/clients_cluster_0.log
2025-04-01 08:21:56 - [Cluster 0 - CLIENT] - INFO - Loading pickle data for store 410, cluster 0...
2025-04-01 08:21:56 - [Cluster 0 - CLIENT] - INFO - Initialized client logging for cluster 0 -> ../logs/run_20250401_082127/clients_cluster_0.log
2025-04-01 08:21:56 - [Cluster 0 - CLIENT] - INFO - Loading pickle data for store 440, cluster 0...
2025-04-01 08:21:56 - [Cluster 0 - CLIENT] - DEBUG - ChannelConnectivity.IDLE
2025-04-01 08:21:56 - [Cluster 0 - CLIENT] - DEBUG - ChannelConnectivity.CONNECTING
2025-04-01 08:21:56 - [Cluster 0 - CLIENT] - DEBUG - ChannelConnectivity.READY
2025-04-01 08:21:56 - [Cluster 0 - CLIENT] - INFO - x_train shape: (723, 7, 27), y_train shape: (723, 1)
2025-04-01 08:21:56 - [Cluster 0 - CLIENT] - INFO - x_val shape: (176, 7, 27), y_val shape: (176, 1)
2025-04-01 08:21:56 - [Cluster 0 - CLIENT] - INFO - Initialized client logging for cluster 0 -> ../logs/run_20250401_082127/clients_cluster_0.log
2025-04-01 08:21:56 - [Cluster 0 - CLIENT] - INFO - Loading pickle data for store 730, cluster 0...
2025-04-01 08:21:56 - [Cluster 0 - CLIENT] - DEBUG - Opened insecure gRPC connection (no certificates were passed)
2025-04-01 08:21:56 - [Cluster 0 - CLIENT] - INFO - x_train shape: (723, 7, 27), y_train shape: (723, 1)
2025-04-01 08:21:56 - [Cluster 0 - CLIENT] - INFO - x_val shape: (176, 7, 27), y_val shape: (176, 1)
2025-04-01 08:21:56 - [Cluster 0 - CLIENT] - DEBUG - ChannelConnectivity.IDLE
2025-04-01 08:21:56 - [Cluster 0 - CLIENT] - INFO - Initialized client logging for cluster 0 -> ../logs/run_20250401_082127/clients_cluster_0.log
2025-04-01 08:21:56 - [Cluster 0 - CLIENT] - INFO - Loading pickle data for store 795, cluster 0...
2025-04-01 08:21:56 - [Cluster 0 - CLIENT] - INFO - x_train shape: (723, 7, 27), y_train shape: (723, 1)
2025-04-01 08:21:56 - [Cluster 0 - CLIENT] - INFO - x_val shape: (176, 7, 27), y_val shape: (176, 1)
2025-04-01 08:21:56 - [Cluster 0 - CLIENT] - DEBUG - ChannelConnectivity.READY
2025-04-01 08:21:56 - [Cluster 0 - CLIENT] - INFO - Initialized client logging for cluster 0 -> ../logs/run_20250401_082127/clients_cluster_0.log
2025-04-01 08:21:56 - [Cluster 0 - CLIENT] - INFO - Loading pickle data for store 949, cluster 0...
2025-04-01 08:21:56 - [Cluster 0 - CLIENT] - INFO - x_train shape: (723, 7, 27), y_train shape: (723, 1)
2025-04-01 08:21:56 - [Cluster 0 - CLIENT] - INFO - x_val shape: (176, 7, 27), y_val shape: (176, 1)
2025-04-01 08:21:56 - [Cluster 0 - CLIENT] - INFO - Initialized client logging for cluster 0 -> ../logs/run_20250401_082127/clients_cluster_0.log
2025-04-01 08:21:56 - [Cluster 0 - CLIENT] - INFO - Loading pickle data for store 200, cluster 0...
2025-04-01 08:21:56 - [Cluster 0 - CLIENT] - INFO - x_train shape: (723, 7, 27), y_train shape: (723, 1)
2025-04-01 08:21:56 - [Cluster 0 - CLIENT] - INFO - x_val shape: (176, 7, 27), y_val shape: (176, 1)
2025-04-01 08:21:56 - [Cluster 0 - CLIENT] - INFO - x_train shape: (723, 7, 27), y_train shape: (723, 1)
2025-04-01 08:21:56 - [Cluster 0 - CLIENT] - INFO - x_val shape: (176, 7, 27), y_val shape: (176, 1)
2025-04-01 08:21:56 - [Cluster 0 - CLIENT] - INFO - Initialized client logging for cluster 0 -> ../logs/run_20250401_082127/clients_cluster_0.log
2025-04-01 08:21:56 - [Cluster 0 - CLIENT] - INFO - Loading pickle data for store 201, cluster 0...
2025-04-01 08:21:56 - [Cluster 0 - CLIENT] - INFO - x_train shape: (723, 7, 27), y_train shape: (723, 1)
2025-04-01 08:21:57 - [Cluster 0 - CLIENT] - INFO - x_val shape: (176, 7, 27), y_val shape: (176, 1)
2025-04-01 08:21:57 - [Cluster 0 - CLIENT] - INFO - Initialized client logging for cluster 0 -> ../logs/run_20250401_082127/clients_cluster_0.log
2025-04-01 08:21:57 - [Cluster 0 - CLIENT] - INFO - Loading pickle data for store 74, cluster 0...
2025-04-01 08:21:57 - [Cluster 0 - CLIENT] - INFO - Initialized client logging for cluster 0 -> ../logs/run_20250401_082127/clients_cluster_0.log
2025-04-01 08:21:57 - [Cluster 0 - CLIENT] - INFO - Loading pickle data for store 305, cluster 0...
2025-04-01 08:21:57 - [Cluster 0 - CLIENT] - INFO - Initialized client logging for cluster 0 -> ../logs/run_20250401_082127/clients_cluster_0.log
2025-04-01 08:21:57 - [Cluster 0 - CLIENT] - INFO - Initialized client logging for cluster 0 -> ../logs/run_20250401_082127/clients_cluster_0.log
2025-04-01 08:21:57 - [Cluster 0 - CLIENT] - INFO - Loading pickle data for store 254, cluster 0...
2025-04-01 08:21:57 - [Cluster 0 - CLIENT] - INFO - Initialized client logging for cluster 0 -> ../logs/run_20250401_082127/clients_cluster_0.log
2025-04-01 08:21:57 - [Cluster 0 - CLIENT] - INFO - Loading pickle data for store 305, cluster 0...
2025-04-01 08:21:57 - [Cluster 0 - CLIENT] - INFO - Loading pickle data for store 55, cluster 0...
2025-04-01 08:21:57 - [Cluster 0 - CLIENT] - INFO - x_train shape: (723, 7, 27), y_train shape: (723, 1)
2025-04-01 08:21:57 - [Cluster 0 - CLIENT] - INFO - x_val shape: (176, 7, 27), y_val shape: (176, 1)
2025-04-01 08:21:57 - [Cluster 0 - CLIENT] - INFO - x_train shape: (723, 7, 27), y_train shape: (723, 1)
2025-04-01 08:21:57 - [Cluster 0 - CLIENT] - INFO - x_val shape: (176, 7, 27), y_val shape: (176, 1)
2025-04-01 08:21:57 - [Cluster 0 - CLIENT] - INFO - x_train shape: (723, 7, 27), y_train shape: (723, 1)
2025-04-01 08:21:57 - [Cluster 0 - CLIENT] - INFO - x_val shape: (176, 7, 27), y_val shape: (176, 1)
2025-04-01 08:21:57 - [Cluster 0 - CLIENT] - INFO - x_train shape: (723, 7, 27), y_train shape: (723, 1)
2025-04-01 08:21:57 - [Cluster 0 - CLIENT] - INFO - x_val shape: (176, 7, 27), y_val shape: (176, 1)
2025-04-01 08:21:57 - [Cluster 0 - CLIENT] - INFO - x_train shape: (723, 7, 27), y_train shape: (723, 1)
2025-04-01 08:21:57 - [Cluster 0 - CLIENT] - INFO - x_val shape: (176, 7, 27), y_val shape: (176, 1)
2025-04-01 08:21:57 - [Cluster 0 - CLIENT] - INFO - [Store 1099, Cluster 0] Connecting to 127.0.0.1:8080 ...
2025-04-01 08:21:57 - [Cluster 0 - CLIENT] - INFO - [Store 1073, Cluster 0] Connecting to 127.0.0.1:8080 ...
2025-04-01 08:21:57 - [Cluster 0 - CLIENT] - INFO - [Store 886, Cluster 0] Connecting to 127.0.0.1:8080 ...
2025-04-01 08:21:57 - [Cluster 0 - CLIENT] - DEBUG - Opened insecure gRPC connection (no certificates were passed)
2025-04-01 08:21:57 - [Cluster 0 - CLIENT] - DEBUG - Opened insecure gRPC connection (no certificates were passed)
2025-04-01 08:21:57 - [Cluster 0 - CLIENT] - DEBUG - ChannelConnectivity.IDLE
2025-04-01 08:21:57 - [Cluster 0 - CLIENT] - DEBUG - ChannelConnectivity.CONNECTING
2025-04-01 08:21:57 - [Cluster 0 - CLIENT] - DEBUG - ChannelConnectivity.READY
2025-04-01 08:21:57 - [Cluster 0 - CLIENT] - DEBUG - Opened insecure gRPC connection (no certificates were passed)
2025-04-01 08:21:57 - [Cluster 0 - CLIENT] - DEBUG - ChannelConnectivity.IDLE
2025-04-01 08:21:57 - [Cluster 0 - CLIENT] - DEBUG - ChannelConnectivity.READY
2025-04-01 08:21:57 - [Cluster 0 - CLIENT] - DEBUG - ChannelConnectivity.IDLE
2025-04-01 08:21:57 - [Cluster 0 - CLIENT] - DEBUG - ChannelConnectivity.READY
2025-04-01 08:21:57 - [Cluster 0 - CLIENT] - INFO - [Store 922, Cluster 0] Connecting to 127.0.0.1:8080 ...
2025-04-01 08:21:57 - [Cluster 0 - CLIENT] - DEBUG - Opened insecure gRPC connection (no certificates were passed)
2025-04-01 08:21:57 - [Cluster 0 - CLIENT] - DEBUG - ChannelConnectivity.IDLE
2025-04-01 08:21:57 - [Cluster 0 - CLIENT] - DEBUG - ChannelConnectivity.READY
2025-04-01 08:21:57 - [Cluster 0 - CLIENT] - INFO - [Store 718, Cluster 0] Connecting to 127.0.0.1:8080 ...
2025-04-01 08:21:58 - [Cluster 0 - CLIENT] - DEBUG - Opened insecure gRPC connection (no certificates were passed)
2025-04-01 08:21:58 - [Cluster 0 - CLIENT] - DEBUG - ChannelConnectivity.IDLE
2025-04-01 08:21:58 - [Cluster 0 - CLIENT] - DEBUG - ChannelConnectivity.CONNECTING
2025-04-01 08:21:58 - [Cluster 0 - CLIENT] - DEBUG - ChannelConnectivity.READY
2025-04-01 08:21:58 - [Cluster 0 - CLIENT] - INFO - [Store 360, Cluster 0] Connecting to 127.0.0.1:8080 ...
2025-04-01 08:21:58 - [Cluster 0 - CLIENT] - DEBUG - Opened insecure gRPC connection (no certificates were passed)
2025-04-01 08:21:58 - [Cluster 0 - CLIENT] - INFO - [Store 65, Cluster 0] Connecting to 127.0.0.1:8080 ...
2025-04-01 08:21:58 - [Cluster 0 - CLIENT] - DEBUG - ChannelConnectivity.IDLE
2025-04-01 08:21:58 - [Cluster 0 - CLIENT] - INFO - [Store 47, Cluster 0] Connecting to 127.0.0.1:8080 ...
2025-04-01 08:21:58 - [Cluster 0 - CLIENT] - DEBUG - ChannelConnectivity.READY
2025-04-01 08:21:58 - [Cluster 0 - CLIENT] - DEBUG - Opened insecure gRPC connection (no certificates were passed)
2025-04-01 08:21:58 - [Cluster 0 - CLIENT] - DEBUG - ChannelConnectivity.IDLE
2025-04-01 08:21:58 - [Cluster 0 - CLIENT] - DEBUG - ChannelConnectivity.CONNECTING
2025-04-01 08:21:58 - [Cluster 0 - CLIENT] - DEBUG - ChannelConnectivity.READY
2025-04-01 08:21:58 - [Cluster 0 - CLIENT] - INFO - [Store 511, Cluster 0] Connecting to 127.0.0.1:8080 ...
2025-04-01 08:21:58 - [Cluster 0 - CLIENT] - DEBUG - Opened insecure gRPC connection (no certificates were passed)
2025-04-01 08:21:58 - [Cluster 0 - CLIENT] - DEBUG - ChannelConnectivity.IDLE
2025-04-01 08:21:58 - [Cluster 0 - CLIENT] - DEBUG - ChannelConnectivity.CONNECTING
2025-04-01 08:21:58 - [Cluster 0 - CLIENT] - DEBUG - ChannelConnectivity.READY
2025-04-01 08:21:58 - [Cluster 0 - CLIENT] - DEBUG - Opened insecure gRPC connection (no certificates were passed)
2025-04-01 08:21:58 - [Cluster 0 - CLIENT] - DEBUG - ChannelConnectivity.IDLE
2025-04-01 08:21:58 - [Cluster 0 - CLIENT] - DEBUG - ChannelConnectivity.CONNECTING
2025-04-01 08:21:58 - [Cluster 0 - CLIENT] - DEBUG - ChannelConnectivity.READY
2025-04-01 08:21:58 - [Cluster 0 - CLIENT] - INFO - [Store 730, Cluster 0] Connecting to 127.0.0.1:8080 ...
2025-04-01 08:21:58 - [Cluster 0 - CLIENT] - INFO - [Store 440, Cluster 0] Connecting to 127.0.0.1:8080 ...
2025-04-01 08:21:58 - [Cluster 0 - CLIENT] - INFO - [Store 305, Cluster 0] Connecting to 127.0.0.1:8080 ...
2025-04-01 08:21:58 - [Cluster 0 - CLIENT] - INFO - [Store 1083, Cluster 0] Connecting to 127.0.0.1:8080 ...
2025-04-01 08:21:58 - [Cluster 0 - CLIENT] - DEBUG - Opened insecure gRPC connection (no certificates were passed)
2025-04-01 08:21:58 - [Cluster 0 - CLIENT] - DEBUG - Opened insecure gRPC connection (no certificates were passed)
2025-04-01 08:21:58 - [Cluster 0 - CLIENT] - DEBUG - ChannelConnectivity.IDLE
2025-04-01 08:21:58 - [Cluster 0 - CLIENT] - INFO - [Store 949, Cluster 0] Connecting to 127.0.0.1:8080 ...
2025-04-01 08:21:58 - [Cluster 0 - CLIENT] - DEBUG - ChannelConnectivity.IDLE
2025-04-01 08:21:58 - [Cluster 0 - CLIENT] - DEBUG - Opened insecure gRPC connection (no certificates were passed)
2025-04-01 08:21:58 - [Cluster 0 - CLIENT] - DEBUG - ChannelConnectivity.IDLE
2025-04-01 08:21:58 - [Cluster 0 - CLIENT] - DEBUG - ChannelConnectivity.CONNECTING
2025-04-01 08:21:58 - [Cluster 0 - CLIENT] - DEBUG - ChannelConnectivity.READY
2025-04-01 08:21:58 - [Cluster 0 - CLIENT] - INFO - [Store 55, Cluster 0] Connecting to 127.0.0.1:8080 ...
2025-04-01 08:21:58 - [Cluster 0 - CLIENT] - DEBUG - ChannelConnectivity.CONNECTING
2025-04-01 08:21:58 - [Cluster 0 - CLIENT] - DEBUG - Opened insecure gRPC connection (no certificates were passed)
2025-04-01 08:21:58 - [Cluster 0 - CLIENT] - DEBUG - ChannelConnectivity.READY
2025-04-01 08:21:58 - [Cluster 0 - CLIENT] - DEBUG - ChannelConnectivity.IDLE
2025-04-01 08:21:58 - [Cluster 0 - CLIENT] - DEBUG - ChannelConnectivity.CONNECTING
2025-04-01 08:21:58 - [Cluster 0 - CLIENT] - DEBUG - ChannelConnectivity.READY
2025-04-01 08:21:58 - [Cluster 0 - CLIENT] - DEBUG - ChannelConnectivity.READY
2025-04-01 08:21:58 - [Cluster 0 - CLIENT] - DEBUG - Opened insecure gRPC connection (no certificates were passed)
2025-04-01 08:21:58 - [Cluster 0 - CLIENT] - INFO - [Store 74, Cluster 0] Connecting to 127.0.0.1:8080 ...
2025-04-01 08:21:58 - [Cluster 0 - CLIENT] - INFO - [Store 254, Cluster 0] Connecting to 127.0.0.1:8080 ...
2025-04-01 08:21:58 - [Cluster 0 - CLIENT] - DEBUG - ChannelConnectivity.IDLE
2025-04-01 08:21:58 - [Cluster 0 - CLIENT] - DEBUG - ChannelConnectivity.CONNECTING
2025-04-01 08:21:58 - [Cluster 0 - CLIENT] - DEBUG - Opened insecure gRPC connection (no certificates were passed)
2025-04-01 08:21:58 - [Cluster 0 - CLIENT] - DEBUG - ChannelConnectivity.READY
2025-04-01 08:21:58 - [Cluster 0 - CLIENT] - DEBUG - ChannelConnectivity.IDLE
2025-04-01 08:21:58 - [Cluster 0 - CLIENT] - DEBUG - ChannelConnectivity.READY
2025-04-01 08:21:58 - [Cluster 0 - CLIENT] - DEBUG - Opened insecure gRPC connection (no certificates were passed)
2025-04-01 08:21:58 - [Cluster 0 - CLIENT] - DEBUG - Opened insecure gRPC connection (no certificates were passed)
2025-04-01 08:21:58 - [Cluster 0 - CLIENT] - INFO - [Store 201, Cluster 0] Connecting to 127.0.0.1:8080 ...
2025-04-01 08:21:58 - [Cluster 0 - CLIENT] - DEBUG - ChannelConnectivity.IDLE
2025-04-01 08:21:58 - [Cluster 0 - CLIENT] - DEBUG - ChannelConnectivity.IDLE
2025-04-01 08:21:58 - [Cluster 0 - CLIENT] - DEBUG - ChannelConnectivity.READY
2025-04-01 08:21:58 - [Cluster 0 - CLIENT] - DEBUG - ChannelConnectivity.READY
2025-04-01 08:21:58 - [Cluster 0 - CLIENT] - INFO - [Store 795, Cluster 0] Connecting to 127.0.0.1:8080 ...
2025-04-01 08:21:58 - [Cluster 0 - CLIENT] - INFO - [Store 305, Cluster 0] Connecting to 127.0.0.1:8080 ...
2025-04-01 08:21:58 - [Cluster 0 - CLIENT] - DEBUG - Opened insecure gRPC connection (no certificates were passed)
2025-04-01 08:21:58 - [Cluster 0 - CLIENT] - DEBUG - ChannelConnectivity.IDLE
2025-04-01 08:21:58 - [Cluster 0 - CLIENT] - DEBUG - ChannelConnectivity.READY
2025-04-01 08:21:58 - [Cluster 0 - CLIENT] - INFO - [Store 410, Cluster 0] Connecting to 127.0.0.1:8080 ...
2025-04-01 08:21:58 - [Cluster 0 - CLIENT] - DEBUG - Opened insecure gRPC connection (no certificates were passed)
2025-04-01 08:21:58 - [Cluster 0 - CLIENT] - DEBUG - Opened insecure gRPC connection (no certificates were passed)
2025-04-01 08:21:58 - [Cluster 0 - CLIENT] - DEBUG - ChannelConnectivity.IDLE
2025-04-01 08:21:58 - [Cluster 0 - CLIENT] - DEBUG - ChannelConnectivity.IDLE
2025-04-01 08:21:58 - [Cluster 0 - CLIENT] - DEBUG - ChannelConnectivity.READY
2025-04-01 08:21:58 - [Cluster 0 - CLIENT] - DEBUG - ChannelConnectivity.CONNECTING
2025-04-01 08:21:58 - [Cluster 0 - CLIENT] - DEBUG - ChannelConnectivity.READY
2025-04-01 08:21:58 - [Cluster 0 - CLIENT] - INFO - [Store 200, Cluster 0] Connecting to 127.0.0.1:8080 ...
2025-04-01 08:21:58 - [Cluster 0 - CLIENT] - DEBUG - Opened insecure gRPC connection (no certificates were passed)
2025-04-01 08:21:58 - [Cluster 0 - CLIENT] - DEBUG - ChannelConnectivity.IDLE
2025-04-01 08:21:58 - [Cluster 0 - CLIENT] - DEBUG - ChannelConnectivity.READY
2025-04-01 08:21:58 - [Cluster 0 - CLIENT] - DEBUG - Opened insecure gRPC connection (no certificates were passed)
2025-04-01 08:21:58 - [Cluster 0 - CLIENT] - DEBUG - ChannelConnectivity.IDLE
2025-04-01 08:21:58 - [Cluster 0 - CLIENT] - DEBUG - ChannelConnectivity.READY
2025-04-01 08:21:58 - [Cluster 0 - CLIENT] - INFO - 
2025-04-01 08:21:58 - [Cluster 0 - CLIENT] - INFO - Received: train message ce70c00b-53ff-423c-88b3-5d9f5226be78
2025-04-01 08:21:58 - [Cluster 0 - CLIENT] - INFO - 
2025-04-01 08:21:58 - [Cluster 0 - CLIENT] - INFO - Received: train message e1663c59-60b4-4de2-a235-0dc18f353747
2025-04-01 08:21:58 - [Cluster 0 - CLIENT] - INFO - 
2025-04-01 08:21:58 - [Cluster 0 - CLIENT] - INFO - Received: train message 41f11885-2c7c-4cb2-96b2-daffe2cae1ae
2025-04-01 08:21:58 - [Cluster 0 - CLIENT] - INFO - 
2025-04-01 08:21:58 - [Cluster 0 - CLIENT] - INFO - Received: train message d952bd87-a24b-407c-8473-7707f2f83486
2025-04-01 08:21:58 - [Cluster 0 - CLIENT] - INFO - 
2025-04-01 08:21:58 - [Cluster 0 - CLIENT] - INFO - Received: train message e6a46bdd-6bd3-4b85-8acb-c4283e4f4b0b
2025-04-01 08:21:58 - [Cluster 0 - CLIENT] - INFO - 
2025-04-01 08:21:58 - [Cluster 0 - CLIENT] - INFO - Received: train message 5bf77ab5-a450-45c7-85af-b1ae620be173
2025-04-01 08:21:58 - [Cluster 0 - CLIENT] - INFO - 
2025-04-01 08:21:58 - [Cluster 0 - CLIENT] - INFO - Received: train message 91360342-4095-452c-86cd-af7b39a0431a
2025-04-01 08:21:58 - [Cluster 0 - CLIENT] - INFO - 
2025-04-01 08:21:58 - [Cluster 0 - CLIENT] - INFO - Received: train message 6084a504-c0df-404a-bb57-b62326ff8088
2025-04-01 08:21:58 - [Cluster 0 - CLIENT] - INFO - 
2025-04-01 08:21:58 - [Cluster 0 - CLIENT] - INFO - Received: train message 8cba0336-5a96-4a29-a0cb-f99916d53ece
2025-04-01 08:21:58 - [Cluster 0 - CLIENT] - INFO - 
2025-04-01 08:21:58 - [Cluster 0 - CLIENT] - INFO - Received: train message e1229aed-c27f-4ad2-a14e-204c52a74e52
2025-04-01 08:21:58 - [Cluster 0 - CLIENT] - INFO - 
2025-04-01 08:21:58 - [Cluster 0 - CLIENT] - INFO - Received: train message f3c1a24d-5d19-47dc-a939-636b811d0d34
2025-04-01 08:21:58 - [Cluster 0 - CLIENT] - INFO - [Store 360] Starting local training.
2025-04-01 08:21:58 - [Cluster 0 - CLIENT] - INFO - [Store 440] Starting local training.
2025-04-01 08:21:58 - [Cluster 0 - CLIENT] - INFO - [Store 305] Starting local training.
2025-04-01 08:21:58 - [Cluster 0 - CLIENT] - INFO - 
2025-04-01 08:21:58 - [Cluster 0 - CLIENT] - INFO - Received: train message b442eb14-3072-409d-bc45-307985bc38de
2025-04-01 08:21:58 - [Cluster 0 - CLIENT] - INFO - [Store 65] Starting local training.
2025-04-01 08:21:58 - [Cluster 0 - CLIENT] - INFO - [Store 795] Starting local training.
2025-04-01 08:21:58 - [Cluster 0 - CLIENT] - INFO - [Store 55] Starting local training.
2025-04-01 08:21:58 - [Cluster 0 - CLIENT] - INFO - 
2025-04-01 08:21:58 - [Cluster 0 - CLIENT] - INFO - Received: train message 55080c65-4087-4739-9355-36f0a649f40a
2025-04-01 08:21:58 - [Cluster 0 - CLIENT] - INFO - [Store 201] Starting local training.
2025-04-01 08:21:58 - [Cluster 0 - CLIENT] - INFO - 
2025-04-01 08:21:58 - [Cluster 0 - CLIENT] - INFO - Received: train message b6ee6c86-4edd-4e8a-b89c-3b1d1237f5a1
2025-04-01 08:21:58 - [Cluster 0 - CLIENT] - INFO - 
2025-04-01 08:21:58 - [Cluster 0 - CLIENT] - INFO - Received: train message f6fbaa28-023d-4f64-8956-c7f5ddd86a2b
2025-04-01 08:21:58 - [Cluster 0 - CLIENT] - INFO - [Store 922] Starting local training.
2025-04-01 08:21:58 - [Cluster 0 - CLIENT] - INFO - [Store 105] Starting local training.
2025-04-01 08:21:58 - [Cluster 0 - CLIENT] - INFO - [Store 260] Starting local training.
2025-04-01 08:21:58 - [Cluster 0 - CLIENT] - INFO - [Store 77] Starting local training.
2025-04-01 08:21:58 - [Cluster 0 - CLIENT] - INFO - [Store 1073] Starting local training.
2025-04-01 08:21:58 - [Cluster 0 - CLIENT] - INFO - [Store 886] Starting local training.
2025-04-01 08:21:58 - [Cluster 0 - CLIENT] - INFO - [Store 658] Starting local training.
2025-04-01 08:21:58 - [Cluster 0 - CLIENT] - INFO - [Store 857] Starting local training.
2025-04-01 08:25:40 - [Cluster 0 - CLIENT] - INFO - [Store 65] Local training complete.
2025-04-01 08:25:40 - [Cluster 0 - CLIENT] - INFO - [Store 55] Local training complete.
2025-04-01 08:25:40 - [Cluster 0 - CLIENT] - INFO - Sent reply
2025-04-01 08:25:40 - [Cluster 0 - CLIENT] - INFO - Sent reply
2025-04-01 08:25:40 - [Cluster 0 - CLIENT] - INFO - 
2025-04-01 08:25:40 - [Cluster 0 - CLIENT] - INFO - Received: train message ab19c91a-ed3b-4878-b4fc-2f9746cdd04b
2025-04-01 08:25:40 - [Cluster 0 - CLIENT] - INFO - [Store 260] Local training complete.
2025-04-01 08:25:40 - [Cluster 0 - CLIENT] - INFO - 
2025-04-01 08:25:40 - [Cluster 0 - CLIENT] - INFO - Received: train message 52c549a3-431a-4f16-a699-ce2fe4f3f129
2025-04-01 08:25:40 - [Cluster 0 - CLIENT] - INFO - Sent reply
2025-04-01 08:25:40 - [Cluster 0 - CLIENT] - INFO - [Store 554] Starting local training.
2025-04-01 08:25:40 - [Cluster 0 - CLIENT] - INFO - 
2025-04-01 08:25:40 - [Cluster 0 - CLIENT] - INFO - Received: train message 6e022b4e-1174-4694-a2aa-46245c57c4f1
2025-04-01 08:25:40 - [Cluster 0 - CLIENT] - INFO - [Store 628] Starting local training.
2025-04-01 08:25:41 - [Cluster 0 - CLIENT] - INFO - [Store 949] Starting local training.
2025-04-01 08:25:41 - [Cluster 0 - CLIENT] - INFO - [Store 105] Local training complete.
2025-04-01 08:25:41 - [Cluster 0 - CLIENT] - INFO - Sent reply
2025-04-01 08:25:42 - [Cluster 0 - CLIENT] - INFO - 
2025-04-01 08:25:42 - [Cluster 0 - CLIENT] - INFO - Received: train message 074ea188-498b-4492-88d6-da60eb004b11
2025-04-01 08:25:42 - [Cluster 0 - CLIENT] - INFO - [Store 730] Starting local training.
2025-04-01 08:25:42 - [Cluster 0 - CLIENT] - INFO - [Store 440] Local training complete.
2025-04-01 08:25:42 - [Cluster 0 - CLIENT] - INFO - Sent reply
2025-04-01 08:25:42 - [Cluster 0 - CLIENT] - INFO - 
2025-04-01 08:25:42 - [Cluster 0 - CLIENT] - INFO - Received: train message 242118a9-aa42-4f75-92ca-bcff136a2ed3
2025-04-01 08:25:42 - [Cluster 0 - CLIENT] - INFO - [Store 74] Starting local training.
2025-04-01 08:25:42 - [Cluster 0 - CLIENT] - INFO - [Store 77] Local training complete.
2025-04-01 08:25:42 - [Cluster 0 - CLIENT] - INFO - Sent reply
2025-04-01 08:25:42 - [Cluster 0 - CLIENT] - INFO - [Store 1073] Local training complete.
2025-04-01 08:25:42 - [Cluster 0 - CLIENT] - INFO - 
2025-04-01 08:25:42 - [Cluster 0 - CLIENT] - INFO - Received: train message c310b78f-a739-49bd-8740-25da9c45dd57
2025-04-01 08:25:42 - [Cluster 0 - CLIENT] - INFO - Sent reply
2025-04-01 08:25:42 - [Cluster 0 - CLIENT] - INFO - 
2025-04-01 08:25:42 - [Cluster 0 - CLIENT] - INFO - Received: train message e3f28d4a-6651-43a8-9043-17b208060287
2025-04-01 08:25:42 - [Cluster 0 - CLIENT] - INFO - [Store 200] Starting local training.
2025-04-01 08:25:42 - [Cluster 0 - CLIENT] - INFO - [Store 886] Local training complete.
2025-04-01 08:25:42 - [Cluster 0 - CLIENT] - INFO - [Store 1099] Starting local training.
2025-04-01 08:25:43 - [Cluster 0 - CLIENT] - INFO - Sent reply
2025-04-01 08:25:43 - [Cluster 0 - CLIENT] - INFO - 
2025-04-01 08:25:43 - [Cluster 0 - CLIENT] - INFO - Received: train message 4ccd38db-cb90-48ab-86aa-0fd2bd543f23
2025-04-01 08:25:43 - [Cluster 0 - CLIENT] - INFO - [Store 511] Starting local training.
2025-04-01 08:25:43 - [Cluster 0 - CLIENT] - INFO - [Store 201] Local training complete.
2025-04-01 08:25:43 - [Cluster 0 - CLIENT] - INFO - Sent reply
2025-04-01 08:25:43 - [Cluster 0 - CLIENT] - INFO - 
2025-04-01 08:25:43 - [Cluster 0 - CLIENT] - INFO - Received: train message 7b5c7436-6f90-4e12-956b-a8f5fde8968b
2025-04-01 08:25:43 - [Cluster 0 - CLIENT] - INFO - [Store 305] Starting local training.
2025-04-01 08:25:44 - [Cluster 0 - CLIENT] - INFO - [Store 658] Local training complete.
2025-04-01 08:25:44 - [Cluster 0 - CLIENT] - INFO - [Store 922] Local training complete.
2025-04-01 08:25:44 - [Cluster 0 - CLIENT] - INFO - Sent reply
2025-04-01 08:25:44 - [Cluster 0 - CLIENT] - INFO - Sent reply
2025-04-01 08:25:44 - [Cluster 0 - CLIENT] - INFO - 
2025-04-01 08:25:44 - [Cluster 0 - CLIENT] - INFO - Received: train message 7cd973a8-cd24-49bd-9ace-ca1f9b4548a2
2025-04-01 08:25:44 - [Cluster 0 - CLIENT] - INFO - 
2025-04-01 08:25:44 - [Cluster 0 - CLIENT] - INFO - Received: train message bcf40d53-12e4-4be9-ba3e-f77da7142ec2
2025-04-01 08:25:44 - [Cluster 0 - CLIENT] - INFO - [Store 410] Starting local training.
2025-04-01 08:25:44 - [Cluster 0 - CLIENT] - INFO - [Store 1083] Starting local training.
2025-04-01 08:25:45 - [Cluster 0 - CLIENT] - INFO - [Store 360] Local training complete.
2025-04-01 08:25:45 - [Cluster 0 - CLIENT] - INFO - [Store 857] Local training complete.
2025-04-01 08:25:45 - [Cluster 0 - CLIENT] - INFO - Sent reply
2025-04-01 08:25:45 - [Cluster 0 - CLIENT] - INFO - Sent reply
2025-04-01 08:25:45 - [Cluster 0 - CLIENT] - INFO - 
2025-04-01 08:25:45 - [Cluster 0 - CLIENT] - INFO - Received: train message c1483c1d-a9d5-47c7-b557-8de7f568bf46
2025-04-01 08:25:45 - [Cluster 0 - CLIENT] - INFO - 
2025-04-01 08:25:45 - [Cluster 0 - CLIENT] - INFO - Received: train message 60671739-f162-4365-9108-00816258ea9f
2025-04-01 08:25:45 - [Cluster 0 - CLIENT] - INFO - [Store 47] Starting local training.
2025-04-01 08:25:45 - [Cluster 0 - CLIENT] - INFO - [Store 1042] Starting local training.
2025-04-01 08:25:47 - [Cluster 0 - CLIENT] - INFO - [Store 305] Local training complete.
2025-04-01 08:25:47 - [Cluster 0 - CLIENT] - INFO - Sent reply
2025-04-01 08:25:47 - [Cluster 0 - CLIENT] - INFO - 
2025-04-01 08:25:47 - [Cluster 0 - CLIENT] - INFO - Received: train message e604daed-e155-48d8-8bc2-28781e965815
2025-04-01 08:25:47 - [Cluster 0 - CLIENT] - INFO - [Store 254] Starting local training.
2025-04-01 08:25:48 - [Cluster 0 - CLIENT] - INFO - [Store 795] Local training complete.
2025-04-01 08:25:48 - [Cluster 0 - CLIENT] - INFO - Sent reply
2025-04-01 08:25:48 - [Cluster 0 - CLIENT] - INFO - 
2025-04-01 08:25:48 - [Cluster 0 - CLIENT] - INFO - Received: train message 33e7200f-7569-4a99-9376-aeb16e22bf6a
2025-04-01 08:25:48 - [Cluster 0 - CLIENT] - INFO - [Store 718] Starting local training.
2025-04-01 08:29:13 - [Cluster 0 - CLIENT] - INFO - [Store 628] Local training complete.
2025-04-01 08:29:13 - [Cluster 0 - CLIENT] - INFO - Sent reply
2025-04-01 08:29:16 - [Cluster 0 - CLIENT] - INFO - [Store 1083] Local training complete.
2025-04-01 08:29:16 - [Cluster 0 - CLIENT] - INFO - Sent reply
2025-04-01 08:29:17 - [Cluster 0 - CLIENT] - INFO - [Store 410] Local training complete.
2025-04-01 08:29:17 - [Cluster 0 - CLIENT] - INFO - Sent reply
2025-04-01 08:29:17 - [Cluster 0 - CLIENT] - INFO - [Store 47] Local training complete.
2025-04-01 08:29:18 - [Cluster 0 - CLIENT] - INFO - Sent reply
2025-04-01 08:29:18 - [Cluster 0 - CLIENT] - INFO - [Store 949] Local training complete.
2025-04-01 08:29:18 - [Cluster 0 - CLIENT] - INFO - Sent reply
2025-04-01 08:29:18 - [Cluster 0 - CLIENT] - INFO - [Store 1042] Local training complete.
2025-04-01 08:29:18 - [Cluster 0 - CLIENT] - INFO - Sent reply
2025-04-01 08:29:18 - [Cluster 0 - CLIENT] - INFO - [Store 554] Local training complete.
2025-04-01 08:29:18 - [Cluster 0 - CLIENT] - INFO - Sent reply
2025-04-01 08:29:19 - [Cluster 0 - CLIENT] - INFO - [Store 200] Local training complete.
2025-04-01 08:29:19 - [Cluster 0 - CLIENT] - INFO - Sent reply
2025-04-01 08:29:19 - [Cluster 0 - CLIENT] - INFO - [Store 1099] Local training complete.
2025-04-01 08:29:19 - [Cluster 0 - CLIENT] - INFO - Sent reply
2025-04-01 08:29:19 - [Cluster 0 - CLIENT] - INFO - [Store 74] Local training complete.
2025-04-01 08:29:19 - [Cluster 0 - CLIENT] - INFO - Sent reply
2025-04-01 08:29:19 - [Cluster 0 - CLIENT] - INFO - [Store 305] Local training complete.
2025-04-01 08:29:19 - [Cluster 0 - CLIENT] - INFO - Sent reply
2025-04-01 08:29:20 - [Cluster 0 - CLIENT] - INFO - [Store 254] Local training complete.
2025-04-01 08:29:20 - [Cluster 0 - CLIENT] - INFO - Sent reply
2025-04-01 08:29:22 - [Cluster 0 - CLIENT] - INFO - [Store 718] Local training complete.
2025-04-01 08:29:22 - [Cluster 0 - CLIENT] - INFO - Sent reply
2025-04-01 08:29:23 - [Cluster 0 - CLIENT] - INFO - [Store 730] Local training complete.
2025-04-01 08:29:23 - [Cluster 0 - CLIENT] - INFO - Sent reply
2025-04-01 08:29:23 - [Cluster 0 - CLIENT] - INFO - [Store 511] Local training complete.
2025-04-01 08:29:23 - [Cluster 0 - CLIENT] - INFO - Sent reply
2025-04-01 08:29:23 - [Cluster 0 - CLIENT] - INFO - 
2025-04-01 08:29:23 - [Cluster 0 - CLIENT] - INFO - Received: evaluate message 16850e97-271c-4b8a-a060-c5154c95417d
2025-04-01 08:29:23 - [Cluster 0 - CLIENT] - INFO - 
2025-04-01 08:29:23 - [Cluster 0 - CLIENT] - INFO - Received: evaluate message 66434ee1-b3c0-4175-9f55-e6862c7b5a79
2025-04-01 08:29:23 - [Cluster 0 - CLIENT] - INFO - 
2025-04-01 08:29:23 - [Cluster 0 - CLIENT] - INFO - Received: evaluate message eaba0b23-cf5e-4e9b-8ba5-db2f37ccc0ca
2025-04-01 08:29:23 - [Cluster 0 - CLIENT] - INFO - 
2025-04-01 08:29:23 - [Cluster 0 - CLIENT] - INFO - Received: evaluate message 9386816b-457e-4903-8231-3c4576597c73
2025-04-01 08:29:23 - [Cluster 0 - CLIENT] - INFO - 
2025-04-01 08:29:23 - [Cluster 0 - CLIENT] - INFO - 
2025-04-01 08:29:23 - [Cluster 0 - CLIENT] - INFO - Received: evaluate message 4e34881b-bde7-47fe-afa5-52df12866336
2025-04-01 08:29:23 - [Cluster 0 - CLIENT] - INFO - Received: evaluate message 40d5dfff-4b2e-4a8d-9d9c-d663685cb87e
2025-04-01 08:29:23 - [Cluster 0 - CLIENT] - INFO - 
2025-04-01 08:29:23 - [Cluster 0 - CLIENT] - INFO - 
2025-04-01 08:29:23 - [Cluster 0 - CLIENT] - INFO - Received: evaluate message 32793151-8470-4b80-b784-c4bcfc1321d5
2025-04-01 08:29:23 - [Cluster 0 - CLIENT] - INFO - Received: evaluate message 9bedf7ab-76c2-4339-b254-448b4055109a
2025-04-01 08:29:23 - [Cluster 0 - CLIENT] - INFO - 
2025-04-01 08:29:23 - [Cluster 0 - CLIENT] - INFO - Received: evaluate message 24b208f8-da66-463b-91b8-8369cdf5870e
2025-04-01 08:29:23 - [Cluster 0 - CLIENT] - INFO - 
2025-04-01 08:29:23 - [Cluster 0 - CLIENT] - INFO - 
2025-04-01 08:29:23 - [Cluster 0 - CLIENT] - INFO - Received: evaluate message 847579fa-8d8b-423c-b4ce-b67f61a6641d
2025-04-01 08:29:23 - [Cluster 0 - CLIENT] - INFO - Received: evaluate message f7a468cb-e647-47b0-b8da-ca30ee854e59
2025-04-01 08:29:23 - [Cluster 0 - CLIENT] - INFO - 
2025-04-01 08:29:23 - [Cluster 0 - CLIENT] - INFO - Received: evaluate message dbd38759-35b1-45e4-a9fb-285bc4c41aac
2025-04-01 08:29:23 - [Cluster 0 - CLIENT] - INFO - 
2025-04-01 08:29:23 - [Cluster 0 - CLIENT] - INFO - Received: evaluate message 222fdddb-58f6-49ab-b722-0ed520842c9a
2025-04-01 08:29:23 - [Cluster 0 - CLIENT] - INFO - 
2025-04-01 08:29:23 - [Cluster 0 - CLIENT] - INFO - Received: evaluate message 7d4299d0-1404-4877-ae82-8275a2bd9646
2025-04-01 08:29:23 - [Cluster 0 - CLIENT] - INFO - 
2025-04-01 08:29:23 - [Cluster 0 - CLIENT] - INFO - Received: evaluate message 7d547e1c-ea15-4d2a-8803-3fc4fb034109
2025-04-01 08:29:25 - [Cluster 0 - CLIENT] - INFO - [Store 1083] Evaluation - Loss: 0.8935, MAE: 0.7829
2025-04-01 08:29:25 - [Cluster 0 - CLIENT] - INFO - Sent reply
2025-04-01 08:29:25 - [Cluster 0 - CLIENT] - INFO - 
2025-04-01 08:29:25 - [Cluster 0 - CLIENT] - INFO - Received: evaluate message 07a1165a-7227-455b-a464-4401fa048d41
2025-04-01 08:29:25 - [Cluster 0 - CLIENT] - INFO - [Store 55] Evaluation - Loss: 0.6835, MAE: 0.6690
2025-04-01 08:29:25 - [Cluster 0 - CLIENT] - INFO - Sent reply
2025-04-01 08:29:25 - [Cluster 0 - CLIENT] - INFO - [Store 410] Evaluation - Loss: 0.6318, MAE: 0.6114
2025-04-01 08:29:25 - [Cluster 0 - CLIENT] - INFO - Sent reply
2025-04-01 08:29:25 - [Cluster 0 - CLIENT] - INFO - [Store 857] Evaluation - Loss: 0.8540, MAE: 0.7432
2025-04-01 08:29:25 - [Cluster 0 - CLIENT] - INFO - Sent reply
2025-04-01 08:29:25 - [Cluster 0 - CLIENT] - INFO - [Store 77] Evaluation - Loss: 0.6837, MAE: 0.6429
2025-04-01 08:29:25 - [Cluster 0 - CLIENT] - INFO - Sent reply
2025-04-01 08:29:25 - [Cluster 0 - CLIENT] - INFO - [Store 105] Evaluation - Loss: 0.6181, MAE: 0.6432
2025-04-01 08:29:25 - [Cluster 0 - CLIENT] - INFO - 
2025-04-01 08:29:25 - [Cluster 0 - CLIENT] - INFO - Received: evaluate message a77268e6-0b9f-4d11-8ab7-518404f8a04e
2025-04-01 08:29:25 - [Cluster 0 - CLIENT] - INFO - Sent reply
2025-04-01 08:29:25 - [Cluster 0 - CLIENT] - INFO - 
2025-04-01 08:29:25 - [Cluster 0 - CLIENT] - INFO - Received: evaluate message c7ea3ee8-0823-4fb1-b1f7-09af47d2359e
2025-04-01 08:29:25 - [Cluster 0 - CLIENT] - INFO - 
2025-04-01 08:29:25 - [Cluster 0 - CLIENT] - INFO - Received: evaluate message b74af02a-4344-4aec-a083-a69e05ca27aa
2025-04-01 08:29:25 - [Cluster 0 - CLIENT] - INFO - [Store 1042] Evaluation - Loss: 0.5786, MAE: 0.5372
2025-04-01 08:29:25 - [Cluster 0 - CLIENT] - INFO - Sent reply
2025-04-01 08:29:25 - [Cluster 0 - CLIENT] - INFO - [Store 949] Evaluation - Loss: 0.5269, MAE: 0.5377
2025-04-01 08:29:25 - [Cluster 0 - CLIENT] - INFO - Sent reply
2025-04-01 08:29:25 - [Cluster 0 - CLIENT] - INFO - [Store 47] Evaluation - Loss: 0.6199, MAE: 0.5975
2025-04-01 08:29:25 - [Cluster 0 - CLIENT] - INFO - Sent reply
2025-04-01 08:29:25 - [Cluster 0 - CLIENT] - INFO - 
2025-04-01 08:29:25 - [Cluster 0 - CLIENT] - INFO - Received: evaluate message 10d9a8e9-be52-424e-bb1c-c60ae8638c16
2025-04-01 08:29:25 - [Cluster 0 - CLIENT] - INFO - 
2025-04-01 08:29:25 - [Cluster 0 - CLIENT] - INFO - Received: evaluate message 6e2077dc-1afc-4a26-9cba-7c6350824da2
2025-04-01 08:29:25 - [Cluster 0 - CLIENT] - INFO - [Store 254] Evaluation - Loss: 0.7651, MAE: 0.6993
2025-04-01 08:29:25 - [Cluster 0 - CLIENT] - INFO - 
2025-04-01 08:29:25 - [Cluster 0 - CLIENT] - INFO - Received: evaluate message 32291305-b1bd-456d-836c-756fd6b2cb67
2025-04-01 08:29:25 - [Cluster 0 - CLIENT] - INFO - Sent reply
2025-04-01 08:29:25 - [Cluster 0 - CLIENT] - INFO - 
2025-04-01 08:29:25 - [Cluster 0 - CLIENT] - INFO - Received: evaluate message 18f3f0d2-793c-4a36-a282-26b0e21d875e
2025-04-01 08:29:25 - [Cluster 0 - CLIENT] - INFO - 
2025-04-01 08:29:25 - [Cluster 0 - CLIENT] - INFO - Received: evaluate message 1f1e36f2-7bc1-4142-9e26-c3c50178774a
2025-04-01 08:29:25 - [Cluster 0 - CLIENT] - INFO - 
2025-04-01 08:29:25 - [Cluster 0 - CLIENT] - INFO - Received: evaluate message b99376d6-1799-474d-b740-7633415a1209
2025-04-01 08:29:25 - [Cluster 0 - CLIENT] - INFO - [Store 886] Evaluation - Loss: 0.6681, MAE: 0.6367
2025-04-01 08:29:26 - [Cluster 0 - CLIENT] - INFO - Sent reply
2025-04-01 08:29:26 - [Cluster 0 - CLIENT] - INFO - [Store 305] Evaluation - Loss: 1.0681, MAE: 0.8524
2025-04-01 08:29:26 - [Cluster 0 - CLIENT] - INFO - Sent reply
2025-04-01 08:29:26 - [Cluster 0 - CLIENT] - INFO - [Store 305] Evaluation - Loss: 1.0681, MAE: 0.8524
2025-04-01 08:29:26 - [Cluster 0 - CLIENT] - INFO - Sent reply
2025-04-01 08:29:26 - [Cluster 0 - CLIENT] - INFO - 
2025-04-01 08:29:26 - [Cluster 0 - CLIENT] - INFO - Received: evaluate message baf02b8d-e215-4289-b8e5-1484905319b4
2025-04-01 08:29:26 - [Cluster 0 - CLIENT] - INFO - [Store 628] Evaluation - Loss: 0.5800, MAE: 0.5512
2025-04-01 08:29:26 - [Cluster 0 - CLIENT] - INFO - 
2025-04-01 08:29:26 - [Cluster 0 - CLIENT] - INFO - Sent reply
2025-04-01 08:29:26 - [Cluster 0 - CLIENT] - INFO - Received: evaluate message 9a2b5b35-6fee-4fa8-93e7-738141015675
2025-04-01 08:29:26 - [Cluster 0 - CLIENT] - INFO - 
2025-04-01 08:29:26 - [Cluster 0 - CLIENT] - INFO - 
2025-04-01 08:29:26 - [Cluster 0 - CLIENT] - INFO - Received: evaluate message 1a52f00e-2920-4e84-8778-250248f43e9e
2025-04-01 08:29:26 - [Cluster 0 - CLIENT] - INFO - Received: evaluate message 5a7f54f0-6841-4414-879e-1846437d5171
2025-04-01 08:29:26 - [Cluster 0 - CLIENT] - INFO - [Store 260] Evaluation - Loss: 0.5081, MAE: 0.4812
2025-04-01 08:29:26 - [Cluster 0 - CLIENT] - INFO - Sent reply
2025-04-01 08:29:26 - [Cluster 0 - CLIENT] - INFO - 
2025-04-01 08:29:26 - [Cluster 0 - CLIENT] - INFO - Received: evaluate message 6201b865-69c0-4d6e-be57-8e2e2e3142e8
2025-04-01 08:29:27 - [Cluster 0 - CLIENT] - INFO - [Store 200] Evaluation - Loss: 0.6153, MAE: 0.5804
2025-04-01 08:29:27 - [Cluster 0 - CLIENT] - INFO - Sent reply
2025-04-01 08:29:28 - [Cluster 0 - CLIENT] - INFO - [Store 922] Evaluation - Loss: 0.6451, MAE: 0.6217
2025-04-01 08:29:28 - [Cluster 0 - CLIENT] - INFO - Sent reply
2025-04-01 08:29:28 - [Cluster 0 - CLIENT] - INFO - [Store 201] Evaluation - Loss: 0.6018, MAE: 0.6181
2025-04-01 08:29:28 - [Cluster 0 - CLIENT] - INFO - Sent reply
2025-04-01 08:29:28 - [Cluster 0 - CLIENT] - INFO - [Store 440] Evaluation - Loss: 0.6929, MAE: 0.6589
2025-04-01 08:29:28 - [Cluster 0 - CLIENT] - INFO - Sent reply
2025-04-01 08:29:28 - [Cluster 0 - CLIENT] - INFO - [Store 1073] Evaluation - Loss: 2.5218, MAE: 1.2490
2025-04-01 08:29:28 - [Cluster 0 - CLIENT] - INFO - Sent reply
2025-04-01 08:29:28 - [Cluster 0 - CLIENT] - INFO - [Store 65] Evaluation - Loss: 0.5169, MAE: 0.5368
2025-04-01 08:29:28 - [Cluster 0 - CLIENT] - INFO - [Store 658] Evaluation - Loss: 0.4538, MAE: 0.4752
2025-04-01 08:29:28 - [Cluster 0 - CLIENT] - INFO - Sent reply
2025-04-01 08:29:28 - [Cluster 0 - CLIENT] - INFO - Sent reply
2025-04-01 08:29:28 - [Cluster 0 - CLIENT] - INFO - [Store 74] Evaluation - Loss: 0.5316, MAE: 0.4996
2025-04-01 08:29:28 - [Cluster 0 - CLIENT] - INFO - Sent reply
2025-04-01 08:29:28 - [Cluster 0 - CLIENT] - INFO - [Store 730] Evaluation - Loss: 0.4662, MAE: 0.4925
2025-04-01 08:29:28 - [Cluster 0 - CLIENT] - INFO - Sent reply
2025-04-01 08:29:28 - [Cluster 0 - CLIENT] - INFO - [Store 511] Evaluation - Loss: 0.5869, MAE: 0.5663
2025-04-01 08:29:28 - [Cluster 0 - CLIENT] - INFO - [Store 718] Evaluation - Loss: 0.5223, MAE: 0.5015
2025-04-01 08:29:28 - [Cluster 0 - CLIENT] - INFO - Sent reply
2025-04-01 08:29:28 - [Cluster 0 - CLIENT] - INFO - Sent reply
2025-04-01 08:29:28 - [Cluster 0 - CLIENT] - INFO - [Store 360] Evaluation - Loss: 0.5303, MAE: 0.5339
2025-04-01 08:29:28 - [Cluster 0 - CLIENT] - INFO - Sent reply
2025-04-01 08:29:28 - [Cluster 0 - CLIENT] - INFO - [Store 1099] Evaluation - Loss: 0.5028, MAE: 0.5111
2025-04-01 08:29:28 - [Cluster 0 - CLIENT] - INFO - Sent reply
2025-04-01 08:29:28 - [Cluster 0 - CLIENT] - INFO - [Store 795] Evaluation - Loss: 0.6018, MAE: 0.6089
2025-04-01 08:29:28 - [Cluster 0 - CLIENT] - INFO - Sent reply
2025-04-01 08:29:28 - [Cluster 0 - CLIENT] - INFO - [Store 554] Evaluation - Loss: 1.0906, MAE: 0.9236
2025-04-01 08:29:28 - [Cluster 0 - CLIENT] - INFO - Sent reply
2025-04-01 08:29:28 - [Cluster 0 - CLIENT] - INFO - 
2025-04-01 08:29:28 - [Cluster 0 - CLIENT] - INFO - Received: train message e8ef218a-6698-4a0b-b6fa-c940c2a0e9bc
2025-04-01 08:29:28 - [Cluster 0 - CLIENT] - INFO - 
2025-04-01 08:29:28 - [Cluster 0 - CLIENT] - INFO - Received: train message 6ed51cd7-1788-46ca-8b27-9eb5692de3ac
2025-04-01 08:29:28 - [Cluster 0 - CLIENT] - INFO - 
2025-04-01 08:29:28 - [Cluster 0 - CLIENT] - INFO - Received: train message 5fbbb85e-a265-4681-b958-9463e07b4ca9
2025-04-01 08:29:28 - [Cluster 0 - CLIENT] - INFO - 
2025-04-01 08:29:28 - [Cluster 0 - CLIENT] - INFO - Received: train message 9838d2fe-d036-4096-b762-396a273ccff9
2025-04-01 08:29:28 - [Cluster 0 - CLIENT] - INFO - 
2025-04-01 08:29:28 - [Cluster 0 - CLIENT] - INFO - Received: train message 3d7230f9-b6d9-42a7-a0bf-727e02e90c40
2025-04-01 08:29:28 - [Cluster 0 - CLIENT] - INFO - 
2025-04-01 08:29:28 - [Cluster 0 - CLIENT] - INFO - Received: train message 2f9d2c45-da43-419a-b693-d336f4f945da
2025-04-01 08:29:28 - [Cluster 0 - CLIENT] - INFO - [Store 360] Starting local training.
2025-04-01 08:29:28 - [Cluster 0 - CLIENT] - INFO - 
2025-04-01 08:29:28 - [Cluster 0 - CLIENT] - INFO - Received: train message aca9d221-e7c8-41ac-9f8b-40e7b1161729
2025-04-01 08:29:28 - [Cluster 0 - CLIENT] - INFO - 
2025-04-01 08:29:28 - [Cluster 0 - CLIENT] - INFO - Received: train message 78a7530d-7728-4964-bc78-eee76bd4a8e5
2025-04-01 08:29:28 - [Cluster 0 - CLIENT] - INFO - 
2025-04-01 08:29:28 - [Cluster 0 - CLIENT] - INFO - Received: train message 971aabd1-7bfd-4b24-a702-201f64147835
2025-04-01 08:29:28 - [Cluster 0 - CLIENT] - INFO - 
2025-04-01 08:29:28 - [Cluster 0 - CLIENT] - INFO - Received: train message 90ae79f9-7f5d-4757-8c57-5f9153a86876
2025-04-01 08:29:28 - [Cluster 0 - CLIENT] - INFO - 
2025-04-01 08:29:28 - [Cluster 0 - CLIENT] - INFO - Received: train message e03baaa9-1836-4c6a-bf40-880734aa134e
2025-04-01 08:29:28 - [Cluster 0 - CLIENT] - INFO - [Store 554] Starting local training.
2025-04-01 08:29:28 - [Cluster 0 - CLIENT] - INFO - 
2025-04-01 08:29:28 - [Cluster 0 - CLIENT] - INFO - Received: train message 09679395-13cf-46f4-824d-ecd40af2dc8b
2025-04-01 08:29:28 - [Cluster 0 - CLIENT] - INFO - 
2025-04-01 08:29:28 - [Cluster 0 - CLIENT] - INFO - Received: train message 266a78c0-5e8f-4630-957f-b6884caab1e9
2025-04-01 08:29:28 - [Cluster 0 - CLIENT] - INFO - [Store 47] Starting local training.
2025-04-01 08:29:28 - [Cluster 0 - CLIENT] - INFO - 
2025-04-01 08:29:28 - [Cluster 0 - CLIENT] - INFO - Received: train message 307ebac3-72ec-4cfa-9022-747c9ac9db0f
2025-04-01 08:29:28 - [Cluster 0 - CLIENT] - INFO - 
2025-04-01 08:29:28 - [Cluster 0 - CLIENT] - INFO - Received: train message d015c71e-4cae-430a-ac5b-1567df30cd7e
2025-04-01 08:29:28 - [Cluster 0 - CLIENT] - INFO - [Store 65] Starting local training.
2025-04-01 08:29:28 - [Cluster 0 - CLIENT] - INFO - [Store 254] Starting local training.
2025-04-01 08:29:28 - [Cluster 0 - CLIENT] - INFO - [Store 718] Starting local training.
2025-04-01 08:29:28 - [Cluster 0 - CLIENT] - INFO - [Store 260] Starting local training.
2025-04-01 08:29:28 - [Cluster 0 - CLIENT] - INFO - [Store 105] Starting local training.
2025-04-01 08:29:28 - [Cluster 0 - CLIENT] - INFO - [Store 949] Starting local training.
2025-04-01 08:29:28 - [Cluster 0 - CLIENT] - INFO - [Store 440] Starting local training.
2025-04-01 08:29:28 - [Cluster 0 - CLIENT] - INFO - [Store 1073] Starting local training.
2025-04-01 08:29:28 - [Cluster 0 - CLIENT] - INFO - [Store 1042] Starting local training.
2025-04-01 08:29:28 - [Cluster 0 - CLIENT] - INFO - [Store 1083] Starting local training.
2025-04-01 08:29:28 - [Cluster 0 - CLIENT] - INFO - [Store 77] Starting local training.
2025-04-01 08:29:28 - [Cluster 0 - CLIENT] - INFO - [Store 628] Starting local training.
2025-04-01 08:33:10 - [Cluster 0 - CLIENT] - INFO - [Store 260] Local training complete.
2025-04-01 08:33:10 - [Cluster 0 - CLIENT] - INFO - [Store 105] Local training complete.
2025-04-01 08:33:10 - [Cluster 0 - CLIENT] - INFO - Sent reply
2025-04-01 08:33:10 - [Cluster 0 - CLIENT] - INFO - 
2025-04-01 08:33:10 - [Cluster 0 - CLIENT] - INFO - Received: train message 03996f8a-a4e0-47d5-8d0e-66da5e6fc154
2025-04-01 08:33:11 - [Cluster 0 - CLIENT] - INFO - Sent reply
2025-04-01 08:33:11 - [Cluster 0 - CLIENT] - INFO - 
2025-04-01 08:33:11 - [Cluster 0 - CLIENT] - INFO - Received: train message 785b7360-b74c-491d-a93b-682c1cbec99e
2025-04-01 08:33:11 - [Cluster 0 - CLIENT] - INFO - [Store 55] Starting local training.
2025-04-01 08:33:11 - [Cluster 0 - CLIENT] - INFO - [Store 857] Starting local training.
2025-04-01 08:33:12 - [Cluster 0 - CLIENT] - INFO - [Store 440] Local training complete.
2025-04-01 08:33:12 - [Cluster 0 - CLIENT] - INFO - Sent reply
2025-04-01 08:33:12 - [Cluster 0 - CLIENT] - INFO - 
2025-04-01 08:33:12 - [Cluster 0 - CLIENT] - INFO - Received: train message 8937598c-8bf2-416d-9160-d74972f44a62
2025-04-01 08:33:12 - [Cluster 0 - CLIENT] - INFO - [Store 74] Starting local training.
2025-04-01 08:33:12 - [Cluster 0 - CLIENT] - INFO - [Store 47] Local training complete.
2025-04-01 08:33:13 - [Cluster 0 - CLIENT] - INFO - Sent reply
2025-04-01 08:33:13 - [Cluster 0 - CLIENT] - INFO - 
2025-04-01 08:33:13 - [Cluster 0 - CLIENT] - INFO - Received: train message 18032c49-04ba-49aa-a802-8655518b91f3
2025-04-01 08:33:13 - [Cluster 0 - CLIENT] - INFO - [Store 201] Starting local training.
2025-04-01 08:33:14 - [Cluster 0 - CLIENT] - INFO - [Store 1083] Local training complete.
2025-04-01 08:33:14 - [Cluster 0 - CLIENT] - INFO - Sent reply
2025-04-01 08:33:14 - [Cluster 0 - CLIENT] - INFO - 
2025-04-01 08:33:14 - [Cluster 0 - CLIENT] - INFO - Received: train message c9b1091e-c6e6-456a-80e4-73968260dbd7
2025-04-01 08:33:14 - [Cluster 0 - CLIENT] - INFO - [Store 718] Local training complete.
2025-04-01 08:33:14 - [Cluster 0 - CLIENT] - INFO - [Store 254] Local training complete.
2025-04-01 08:33:14 - [Cluster 0 - CLIENT] - INFO - Sent reply
2025-04-01 08:33:14 - [Cluster 0 - CLIENT] - INFO - [Store 410] Starting local training.
2025-04-01 08:33:14 - [Cluster 0 - CLIENT] - INFO - [Store 77] Local training complete.
2025-04-01 08:33:14 - [Cluster 0 - CLIENT] - INFO - [Store 65] Local training complete.
2025-04-01 08:33:14 - [Cluster 0 - CLIENT] - INFO - Sent reply
2025-04-01 08:33:14 - [Cluster 0 - CLIENT] - INFO - Sent reply
2025-04-01 08:33:14 - [Cluster 0 - CLIENT] - INFO - Sent reply
2025-04-01 08:33:14 - [Cluster 0 - CLIENT] - INFO - 
2025-04-01 08:33:14 - [Cluster 0 - CLIENT] - INFO - Received: train message a7216e6d-6663-407a-9b52-cd2dc063aa74
2025-04-01 08:33:14 - [Cluster 0 - CLIENT] - INFO - 
2025-04-01 08:33:14 - [Cluster 0 - CLIENT] - INFO - Received: train message 76b92fdd-ddb9-4a66-823a-f150bb0538fb
2025-04-01 08:33:14 - [Cluster 0 - CLIENT] - INFO - 
2025-04-01 08:33:14 - [Cluster 0 - CLIENT] - INFO - Received: train message aabe1499-d93a-4d57-af2b-42703a1fb1e8
2025-04-01 08:33:14 - [Cluster 0 - CLIENT] - INFO - 
2025-04-01 08:33:14 - [Cluster 0 - CLIENT] - INFO - Received: train message a9f31a84-fff7-492a-977b-387439f78a30
2025-04-01 08:33:14 - [Cluster 0 - CLIENT] - INFO - [Store 305] Starting local training.
2025-04-01 08:33:14 - [Cluster 0 - CLIENT] - INFO - [Store 1099] Starting local training.
2025-04-01 08:33:15 - [Cluster 0 - CLIENT] - INFO - [Store 886] Starting local training.
2025-04-01 08:33:15 - [Cluster 0 - CLIENT] - INFO - [Store 795] Starting local training.
2025-04-01 08:33:15 - [Cluster 0 - CLIENT] - INFO - [Store 1073] Local training complete.
2025-04-01 08:33:15 - [Cluster 0 - CLIENT] - INFO - [Store 554] Local training complete.
2025-04-01 08:33:15 - [Cluster 0 - CLIENT] - INFO - Sent reply
2025-04-01 08:33:15 - [Cluster 0 - CLIENT] - INFO - 
2025-04-01 08:33:15 - [Cluster 0 - CLIENT] - INFO - Received: train message 713218fd-4308-46b2-8eaf-d8b57a67c542
2025-04-01 08:33:15 - [Cluster 0 - CLIENT] - INFO - [Store 922] Starting local training.
2025-04-01 08:33:15 - [Cluster 0 - CLIENT] - INFO - Sent reply
2025-04-01 08:33:16 - [Cluster 0 - CLIENT] - INFO - 
2025-04-01 08:33:16 - [Cluster 0 - CLIENT] - INFO - Received: train message 36858f72-db65-4ebe-ad6e-57c8f1f8677d
2025-04-01 08:33:16 - [Cluster 0 - CLIENT] - INFO - [Store 305] Starting local training.
2025-04-01 08:33:18 - [Cluster 0 - CLIENT] - INFO - [Store 360] Local training complete.
2025-04-01 08:33:18 - [Cluster 0 - CLIENT] - INFO - Sent reply
2025-04-01 08:33:18 - [Cluster 0 - CLIENT] - INFO - 
2025-04-01 08:33:18 - [Cluster 0 - CLIENT] - INFO - Received: train message 76179429-c01e-46d5-87a8-492a33c28dd0
2025-04-01 08:33:18 - [Cluster 0 - CLIENT] - INFO - [Store 511] Starting local training.
2025-04-01 08:33:20 - [Cluster 0 - CLIENT] - INFO - [Store 949] Local training complete.
2025-04-01 08:33:20 - [Cluster 0 - CLIENT] - INFO - Sent reply
2025-04-01 08:33:20 - [Cluster 0 - CLIENT] - INFO - 
2025-04-01 08:33:20 - [Cluster 0 - CLIENT] - INFO - Received: train message 58e37cb1-744e-468e-8f57-158ac6704651
2025-04-01 08:33:20 - [Cluster 0 - CLIENT] - INFO - [Store 658] Starting local training.
2025-04-01 08:33:23 - [Cluster 0 - CLIENT] - INFO - [Store 1042] Local training complete.
2025-04-01 08:33:23 - [Cluster 0 - CLIENT] - INFO - Sent reply
2025-04-01 08:33:23 - [Cluster 0 - CLIENT] - INFO - 
2025-04-01 08:33:23 - [Cluster 0 - CLIENT] - INFO - Received: train message 64a909ea-aee9-4142-9f83-008d6081d12a
2025-04-01 08:33:23 - [Cluster 0 - CLIENT] - INFO - [Store 200] Starting local training.
2025-04-01 08:33:37 - [Cluster 0 - CLIENT] - INFO - [Store 628] Local training complete.
2025-04-01 08:33:37 - [Cluster 0 - CLIENT] - INFO - Sent reply
2025-04-01 08:33:37 - [Cluster 0 - CLIENT] - INFO - 
2025-04-01 08:33:37 - [Cluster 0 - CLIENT] - INFO - Received: train message d35d3aa9-3c8a-4d6b-8f4d-5d4dbe2e3c90
2025-04-01 08:33:38 - [Cluster 0 - CLIENT] - INFO - [Store 730] Starting local training.
2025-04-01 08:36:33 - [Cluster 0 - CLIENT] - INFO - [Store 857] Local training complete.
2025-04-01 08:36:33 - [Cluster 0 - CLIENT] - INFO - Sent reply
2025-04-01 08:36:33 - [Cluster 0 - CLIENT] - INFO - [Store 55] Local training complete.
2025-04-01 08:36:33 - [Cluster 0 - CLIENT] - INFO - Sent reply
2025-04-01 08:36:33 - [Cluster 0 - CLIENT] - INFO - [Store 305] Local training complete.
2025-04-01 08:36:33 - [Cluster 0 - CLIENT] - INFO - Sent reply
2025-04-01 08:36:34 - [Cluster 0 - CLIENT] - INFO - [Store 201] Local training complete.
2025-04-01 08:36:34 - [Cluster 0 - CLIENT] - INFO - [Store 1099] Local training complete.
2025-04-01 08:36:34 - [Cluster 0 - CLIENT] - INFO - Sent reply
2025-04-01 08:36:35 - [Cluster 0 - CLIENT] - INFO - Sent reply
2025-04-01 08:36:35 - [Cluster 0 - CLIENT] - INFO - [Store 795] Local training complete.
2025-04-01 08:36:35 - [Cluster 0 - CLIENT] - INFO - Sent reply
2025-04-01 08:36:35 - [Cluster 0 - CLIENT] - INFO - [Store 922] Local training complete.
2025-04-01 08:36:35 - [Cluster 0 - CLIENT] - INFO - [Store 74] Local training complete.
2025-04-01 08:36:35 - [Cluster 0 - CLIENT] - INFO - Sent reply
2025-04-01 08:36:35 - [Cluster 0 - CLIENT] - INFO - Sent reply
2025-04-01 08:36:36 - [Cluster 0 - CLIENT] - INFO - [Store 511] Local training complete.
2025-04-01 08:36:36 - [Cluster 0 - CLIENT] - INFO - Sent reply
2025-04-01 08:36:36 - [Cluster 0 - CLIENT] - INFO - [Store 305] Local training complete.
2025-04-01 08:36:36 - [Cluster 0 - CLIENT] - INFO - Sent reply
2025-04-01 08:36:36 - [Cluster 0 - CLIENT] - INFO - [Store 410] Local training complete.
2025-04-01 08:36:36 - [Cluster 0 - CLIENT] - INFO - Sent reply
2025-04-01 08:36:37 - [Cluster 0 - CLIENT] - INFO - [Store 658] Local training complete.
2025-04-01 08:36:37 - [Cluster 0 - CLIENT] - INFO - Sent reply
2025-04-01 08:36:37 - [Cluster 0 - CLIENT] - INFO - [Store 200] Local training complete.
2025-04-01 08:36:37 - [Cluster 0 - CLIENT] - INFO - Sent reply
2025-04-01 08:36:38 - [Cluster 0 - CLIENT] - INFO - [Store 730] Local training complete.
2025-04-01 08:36:38 - [Cluster 0 - CLIENT] - INFO - Sent reply
2025-04-01 08:36:39 - [Cluster 0 - CLIENT] - INFO - [Store 886] Local training complete.
2025-04-01 08:36:39 - [Cluster 0 - CLIENT] - INFO - Sent reply
2025-04-01 08:36:39 - [Cluster 0 - CLIENT] - INFO - 
2025-04-01 08:36:39 - [Cluster 0 - CLIENT] - INFO - Received: evaluate message 1cd8038f-12ab-4845-9046-06bac8230017
2025-04-01 08:36:39 - [Cluster 0 - CLIENT] - INFO - 
2025-04-01 08:36:39 - [Cluster 0 - CLIENT] - INFO - Received: evaluate message 88e02aa0-f6a0-4a85-aa8b-9976af024721
2025-04-01 08:36:39 - [Cluster 0 - CLIENT] - INFO - 
2025-04-01 08:36:39 - [Cluster 0 - CLIENT] - INFO - Received: evaluate message 52793bc8-1bf9-4ecb-9b13-f3f06cdca349
2025-04-01 08:36:39 - [Cluster 0 - CLIENT] - INFO - 
2025-04-01 08:36:39 - [Cluster 0 - CLIENT] - INFO - Received: evaluate message e5652bc2-0efe-40a9-9a84-56be3c078857
2025-04-01 08:36:39 - [Cluster 0 - CLIENT] - INFO - 
2025-04-01 08:36:39 - [Cluster 0 - CLIENT] - INFO - Received: evaluate message ffef5867-b32c-4211-bbec-12a451b16408
2025-04-01 08:36:39 - [Cluster 0 - CLIENT] - INFO - 
2025-04-01 08:36:39 - [Cluster 0 - CLIENT] - INFO - Received: evaluate message 59a92612-5ec0-4128-883a-f8784d8e15a7
2025-04-01 08:36:39 - [Cluster 0 - CLIENT] - INFO - 
2025-04-01 08:36:39 - [Cluster 0 - CLIENT] - INFO - Received: evaluate message 897e27a3-9fdb-4c0d-ade4-b9f61fc34fe1
2025-04-01 08:36:39 - [Cluster 0 - CLIENT] - INFO - 
2025-04-01 08:36:39 - [Cluster 0 - CLIENT] - INFO - 
2025-04-01 08:36:39 - [Cluster 0 - CLIENT] - INFO - Received: evaluate message 822c1467-0c83-4feb-9316-05b2b433ef3e
2025-04-01 08:36:39 - [Cluster 0 - CLIENT] - INFO - Received: evaluate message 6d39a211-f58d-4b65-887b-8dd66fe368b2
2025-04-01 08:36:39 - [Cluster 0 - CLIENT] - INFO - 
2025-04-01 08:36:39 - [Cluster 0 - CLIENT] - INFO - Received: evaluate message 027f5f62-11ff-414a-bed6-78c5f31f8fce
2025-04-01 08:36:39 - [Cluster 0 - CLIENT] - INFO - 
2025-04-01 08:36:39 - [Cluster 0 - CLIENT] - INFO - Received: evaluate message 83a0bac1-106c-4490-9980-db8fce8e5011
2025-04-01 08:36:39 - [Cluster 0 - CLIENT] - INFO - 
2025-04-01 08:36:39 - [Cluster 0 - CLIENT] - INFO - Received: evaluate message ee01ed06-160c-4e78-90d7-a1ca1c8deb41
2025-04-01 08:36:39 - [Cluster 0 - CLIENT] - INFO - 
2025-04-01 08:36:39 - [Cluster 0 - CLIENT] - INFO - Received: evaluate message 508b369f-483f-4c4a-8a9e-a57f74a78905
2025-04-01 08:36:39 - [Cluster 0 - CLIENT] - INFO - 
2025-04-01 08:36:39 - [Cluster 0 - CLIENT] - INFO - 
2025-04-01 08:36:39 - [Cluster 0 - CLIENT] - INFO - Received: evaluate message 36c4db8c-cfb6-43cd-9507-6a5b4d958aee
2025-04-01 08:36:39 - [Cluster 0 - CLIENT] - INFO - Received: evaluate message dfa9efdf-ec15-4fdd-91cd-09690f0cdf3b
2025-04-01 08:36:40 - [Cluster 0 - CLIENT] - INFO - [Store 410] Evaluation - Loss: 0.3612, MAE: 0.4176
2025-04-01 08:36:40 - [Cluster 0 - CLIENT] - INFO - Sent reply
2025-04-01 08:36:40 - [Cluster 0 - CLIENT] - INFO - 
2025-04-01 08:36:40 - [Cluster 0 - CLIENT] - INFO - Received: evaluate message 8fc0814c-ba5b-4c05-b2e0-2d3446f223cb
2025-04-01 08:36:40 - [Cluster 0 - CLIENT] - INFO - [Store 305] Evaluation - Loss: 0.6246, MAE: 0.6022
2025-04-01 08:36:40 - [Cluster 0 - CLIENT] - INFO - Sent reply
2025-04-01 08:36:40 - [Cluster 0 - CLIENT] - INFO - 
2025-04-01 08:36:40 - [Cluster 0 - CLIENT] - INFO - Received: evaluate message 4a0d7a15-93a7-4e29-9e1d-176ff757e313
2025-04-01 08:36:40 - [Cluster 0 - CLIENT] - INFO - [Store 658] Evaluation - Loss: 0.2207, MAE: 0.3143
2025-04-01 08:36:40 - [Cluster 0 - CLIENT] - INFO - [Store 360] Evaluation - Loss: 0.2500, MAE: 0.3303
2025-04-01 08:36:40 - [Cluster 0 - CLIENT] - INFO - Sent reply
2025-04-01 08:36:40 - [Cluster 0 - CLIENT] - INFO - Sent reply
2025-04-01 08:36:40 - [Cluster 0 - CLIENT] - INFO - [Store 1042] Evaluation - Loss: 0.3333, MAE: 0.3772
2025-04-01 08:36:40 - [Cluster 0 - CLIENT] - INFO - Sent reply
2025-04-01 08:36:40 - [Cluster 0 - CLIENT] - INFO - 
2025-04-01 08:36:40 - [Cluster 0 - CLIENT] - INFO - Received: evaluate message 98c3283e-e368-487c-a3c0-89aed4878ad2
2025-04-01 08:36:40 - [Cluster 0 - CLIENT] - INFO - [Store 1073] Evaluation - Loss: 2.7300, MAE: 1.2705
2025-04-01 08:36:40 - [Cluster 0 - CLIENT] - INFO - [Store 795] Evaluation - Loss: 0.3311, MAE: 0.4169
2025-04-01 08:36:40 - [Cluster 0 - CLIENT] - INFO - Sent reply
2025-04-01 08:36:40 - [Cluster 0 - CLIENT] - INFO - [Store 718] Evaluation - Loss: 0.2445, MAE: 0.3007
2025-04-01 08:36:40 - [Cluster 0 - CLIENT] - INFO - Sent reply
2025-04-01 08:36:40 - [Cluster 0 - CLIENT] - INFO - Sent reply
2025-04-01 08:36:40 - [Cluster 0 - CLIENT] - INFO - 
2025-04-01 08:36:40 - [Cluster 0 - CLIENT] - INFO - [Store 554] Evaluation - Loss: 0.7443, MAE: 0.6960
2025-04-01 08:36:40 - [Cluster 0 - CLIENT] - INFO - Received: evaluate message 04e60f5c-bbf9-4add-80b4-1f48b4427548
2025-04-01 08:36:40 - [Cluster 0 - CLIENT] - INFO - 
2025-04-01 08:36:40 - [Cluster 0 - CLIENT] - INFO - [Store 511] Evaluation - Loss: 0.2858, MAE: 0.3518
2025-04-01 08:36:40 - [Cluster 0 - CLIENT] - INFO - Sent reply
2025-04-01 08:36:40 - [Cluster 0 - CLIENT] - INFO - Received: evaluate message 4734ae31-3d26-4677-ab0a-40dfecc5bed4
2025-04-01 08:36:40 - [Cluster 0 - CLIENT] - INFO - 
2025-04-01 08:36:40 - [Cluster 0 - CLIENT] - INFO - Sent reply
2025-04-01 08:36:40 - [Cluster 0 - CLIENT] - INFO - Received: evaluate message 481096a1-cca9-4467-b76f-725e4939463a
2025-04-01 08:36:40 - [Cluster 0 - CLIENT] - INFO - 
2025-04-01 08:36:40 - [Cluster 0 - CLIENT] - INFO - Received: evaluate message 31d9cc9b-d8f3-454b-814a-7bbabe263563
2025-04-01 08:36:40 - [Cluster 0 - CLIENT] - INFO - [Store 47] Evaluation - Loss: 0.3207, MAE: 0.3797
2025-04-01 08:36:40 - [Cluster 0 - CLIENT] - INFO - [Store 105] Evaluation - Loss: 0.3661, MAE: 0.4702
2025-04-01 08:36:40 - [Cluster 0 - CLIENT] - INFO - Sent reply
2025-04-01 08:36:40 - [Cluster 0 - CLIENT] - INFO - Sent reply
2025-04-01 08:36:40 - [Cluster 0 - CLIENT] - INFO - 
2025-04-01 08:36:40 - [Cluster 0 - CLIENT] - INFO - Received: evaluate message 78dcad0a-6057-4f51-8bd8-54f72719a77f
2025-04-01 08:36:40 - [Cluster 0 - CLIENT] - INFO - [Store 260] Evaluation - Loss: 0.2347, MAE: 0.2998
2025-04-01 08:36:40 - [Cluster 0 - CLIENT] - INFO - Sent reply
2025-04-01 08:36:40 - [Cluster 0 - CLIENT] - INFO - 
2025-04-01 08:36:40 - [Cluster 0 - CLIENT] - INFO - Received: evaluate message 15b2e098-4d8d-41ab-ac15-c1b71461585a
2025-04-01 08:36:40 - [Cluster 0 - CLIENT] - INFO - 
2025-04-01 08:36:40 - [Cluster 0 - CLIENT] - INFO - Received: evaluate message de834496-238a-41cc-9595-3c6399e1fb83
2025-04-01 08:36:40 - [Cluster 0 - CLIENT] - INFO - 
2025-04-01 08:36:40 - [Cluster 0 - CLIENT] - INFO - Received: evaluate message 9812e132-9417-4f73-a7d8-f8e8ca8b339d
2025-04-01 08:36:40 - [Cluster 0 - CLIENT] - INFO - 
2025-04-01 08:36:40 - [Cluster 0 - CLIENT] - INFO - Received: evaluate message 179f8bd0-144a-4a86-8c87-182e15272e1b
2025-04-01 08:36:40 - [Cluster 0 - CLIENT] - INFO - [Store 65] Evaluation - Loss: 0.2673, MAE: 0.3701
2025-04-01 08:36:40 - [Cluster 0 - CLIENT] - INFO - Sent reply
2025-04-01 08:36:40 - [Cluster 0 - CLIENT] - INFO - 
2025-04-01 08:36:40 - [Cluster 0 - CLIENT] - INFO - Received: evaluate message f61ee5f5-5d43-4f25-bae9-dd676f6fd402
2025-04-01 08:36:40 - [Cluster 0 - CLIENT] - INFO - 
2025-04-01 08:36:40 - [Cluster 0 - CLIENT] - INFO - Received: evaluate message 160c2521-a43b-4fcc-950a-1b96ad75662e
2025-04-01 08:36:40 - [Cluster 0 - CLIENT] - INFO - [Store 1083] Evaluation - Loss: 0.5287, MAE: 0.5319
2025-04-01 08:36:40 - [Cluster 0 - CLIENT] - INFO - Sent reply
2025-04-01 08:36:40 - [Cluster 0 - CLIENT] - INFO - 
2025-04-01 08:36:40 - [Cluster 0 - CLIENT] - INFO - Received: evaluate message 5baefd64-549e-4e00-81a4-af996cd2731e
2025-04-01 08:36:41 - [Cluster 0 - CLIENT] - INFO - [Store 886] Evaluation - Loss: 0.4048, MAE: 0.4432
2025-04-01 08:36:41 - [Cluster 0 - CLIENT] - INFO - Sent reply
2025-04-01 08:36:41 - [Cluster 0 - CLIENT] - INFO - [Store 200] Evaluation - Loss: 0.3589, MAE: 0.3827
2025-04-01 08:36:41 - [Cluster 0 - CLIENT] - INFO - Sent reply
2025-04-01 08:36:41 - [Cluster 0 - CLIENT] - INFO - [Store 201] Evaluation - Loss: 0.3379, MAE: 0.3986
2025-04-01 08:36:41 - [Cluster 0 - CLIENT] - INFO - Sent reply
2025-04-01 08:36:41 - [Cluster 0 - CLIENT] - INFO - [Store 305] Evaluation - Loss: 0.6246, MAE: 0.6022
2025-04-01 08:36:41 - [Cluster 0 - CLIENT] - INFO - Sent reply
2025-04-01 08:36:41 - [Cluster 0 - CLIENT] - INFO - [Store 55] Evaluation - Loss: 0.3742, MAE: 0.4703
2025-04-01 08:36:41 - [Cluster 0 - CLIENT] - INFO - [Store 440] Evaluation - Loss: 0.4244, MAE: 0.4576
2025-04-01 08:36:41 - [Cluster 0 - CLIENT] - INFO - Sent reply
2025-04-01 08:36:41 - [Cluster 0 - CLIENT] - INFO - Sent reply
2025-04-01 08:36:41 - [Cluster 0 - CLIENT] - INFO - [Store 922] Evaluation - Loss: 0.3360, MAE: 0.3799
2025-04-01 08:36:41 - [Cluster 0 - CLIENT] - INFO - Sent reply
2025-04-01 08:36:41 - [Cluster 0 - CLIENT] - INFO - [Store 1099] Evaluation - Loss: 0.4046, MAE: 0.4474
2025-04-01 08:36:41 - [Cluster 0 - CLIENT] - INFO - Sent reply
2025-04-01 08:36:41 - [Cluster 0 - CLIENT] - INFO - [Store 730] Evaluation - Loss: 0.2057, MAE: 0.2944
2025-04-01 08:36:41 - [Cluster 0 - CLIENT] - INFO - Sent reply
2025-04-01 08:36:41 - [Cluster 0 - CLIENT] - INFO - [Store 857] Evaluation - Loss: 0.4912, MAE: 0.4925
2025-04-01 08:36:41 - [Cluster 0 - CLIENT] - INFO - Sent reply
2025-04-01 08:36:41 - [Cluster 0 - CLIENT] - INFO - [Store 628] Evaluation - Loss: 0.3379, MAE: 0.3795
2025-04-01 08:36:41 - [Cluster 0 - CLIENT] - INFO - Sent reply
2025-04-01 08:36:41 - [Cluster 0 - CLIENT] - INFO - [Store 254] Evaluation - Loss: 0.4413, MAE: 0.4800
2025-04-01 08:36:41 - [Cluster 0 - CLIENT] - INFO - Sent reply
2025-04-01 08:36:41 - [Cluster 0 - CLIENT] - INFO - [Store 77] Evaluation - Loss: 0.3400, MAE: 0.4037
2025-04-01 08:36:41 - [Cluster 0 - CLIENT] - INFO - Sent reply
2025-04-01 08:36:41 - [Cluster 0 - CLIENT] - INFO - [Store 949] Evaluation - Loss: 0.2472, MAE: 0.3473
2025-04-01 08:36:41 - [Cluster 0 - CLIENT] - INFO - Sent reply
2025-04-01 08:36:42 - [Cluster 0 - CLIENT] - INFO - [Store 74] Evaluation - Loss: 0.3138, MAE: 0.3418
2025-04-01 08:36:42 - [Cluster 0 - CLIENT] - INFO - Sent reply
2025-04-01 08:36:42 - [Cluster 0 - CLIENT] - INFO - 
2025-04-01 08:36:42 - [Cluster 0 - CLIENT] - INFO - Received: train message 25334c09-7be6-440b-97c8-ad00a4ba6f90
2025-04-01 08:36:42 - [Cluster 0 - CLIENT] - INFO - 
2025-04-01 08:36:42 - [Cluster 0 - CLIENT] - INFO - Received: train message 333ccd10-e2db-4159-b354-617cf7b40012
2025-04-01 08:36:42 - [Cluster 0 - CLIENT] - INFO - 
2025-04-01 08:36:42 - [Cluster 0 - CLIENT] - INFO - Received: train message 59362bc4-2dfd-4527-b74e-caf1b5cf0847
2025-04-01 08:36:42 - [Cluster 0 - CLIENT] - INFO - [Store 77] Starting local training.
2025-04-01 08:36:42 - [Cluster 0 - CLIENT] - INFO - 
2025-04-01 08:36:42 - [Cluster 0 - CLIENT] - INFO - Received: train message 409f5a7a-55a8-4dc0-bdfd-f563923b4714
2025-04-01 08:36:42 - [Cluster 0 - CLIENT] - INFO - 
2025-04-01 08:36:42 - [Cluster 0 - CLIENT] - INFO - Received: train message db75917b-55cc-4fc7-a267-bd383ba4908c
2025-04-01 08:36:42 - [Cluster 0 - CLIENT] - INFO - [Store 718] Starting local training.
2025-04-01 08:36:42 - [Cluster 0 - CLIENT] - INFO - 
2025-04-01 08:36:42 - [Cluster 0 - CLIENT] - INFO - Received: train message a2864c55-43c8-43ec-ad3d-093d575bab86
2025-04-01 08:36:42 - [Cluster 0 - CLIENT] - INFO - 
2025-04-01 08:36:42 - [Cluster 0 - CLIENT] - INFO - Received: train message 687ff4e0-15ea-45ae-952c-eaaaa7745fc7
2025-04-01 08:36:42 - [Cluster 0 - CLIENT] - INFO - 
2025-04-01 08:36:42 - [Cluster 0 - CLIENT] - INFO - Received: train message 5d4a5d90-f373-4cb1-8227-34c97fe7b7fe
2025-04-01 08:36:42 - [Cluster 0 - CLIENT] - INFO - 
2025-04-01 08:36:42 - [Cluster 0 - CLIENT] - INFO - Received: train message 84202f5d-5262-40f6-8412-83872a06c699
2025-04-01 08:36:42 - [Cluster 0 - CLIENT] - INFO - 
2025-04-01 08:36:42 - [Cluster 0 - CLIENT] - INFO - Received: train message 0a284fdf-c632-48b0-90f5-a306b7f86e45
2025-04-01 08:36:42 - [Cluster 0 - CLIENT] - INFO - [Store 1083] Starting local training.
2025-04-01 08:36:42 - [Cluster 0 - CLIENT] - INFO - 
2025-04-01 08:36:42 - [Cluster 0 - CLIENT] - INFO - Received: train message 91547cc2-5e4b-4d1b-a803-c17ab4aa5f4d
2025-04-01 08:36:42 - [Cluster 0 - CLIENT] - INFO - [Store 922] Starting local training.
2025-04-01 08:36:42 - [Cluster 0 - CLIENT] - INFO - [Store 65] Starting local training.
2025-04-01 08:36:42 - [Cluster 0 - CLIENT] - INFO - 
2025-04-01 08:36:42 - [Cluster 0 - CLIENT] - INFO - Received: train message f00751da-ded7-43a9-a6ef-8634f3b0fe74
2025-04-01 08:36:42 - [Cluster 0 - CLIENT] - INFO - 
2025-04-01 08:36:42 - [Cluster 0 - CLIENT] - INFO - Received: train message 6f97de1b-6715-470e-ad5b-e23d6c89c9df
2025-04-01 08:36:42 - [Cluster 0 - CLIENT] - INFO - [Store 1099] Starting local training.
2025-04-01 08:36:42 - [Cluster 0 - CLIENT] - INFO - 
2025-04-01 08:36:42 - [Cluster 0 - CLIENT] - INFO - Received: train message 5ae695e5-8299-499a-8351-d6573c3be488
2025-04-01 08:36:42 - [Cluster 0 - CLIENT] - INFO - [Store 410] Starting local training.
2025-04-01 08:36:42 - [Cluster 0 - CLIENT] - INFO - [Store 628] Starting local training.
2025-04-01 08:36:42 - [Cluster 0 - CLIENT] - INFO - [Store 949] Starting local training.
2025-04-01 08:36:42 - [Cluster 0 - CLIENT] - INFO - [Store 795] Starting local training.
2025-04-01 08:36:42 - [Cluster 0 - CLIENT] - INFO - [Store 440] Starting local training.
2025-04-01 08:36:42 - [Cluster 0 - CLIENT] - INFO - 
2025-04-01 08:36:42 - [Cluster 0 - CLIENT] - INFO - Received: train message b8096547-77ab-4f95-a243-2e9767a8222f
2025-04-01 08:36:42 - [Cluster 0 - CLIENT] - INFO - [Store 260] Starting local training.
2025-04-01 08:36:42 - [Cluster 0 - CLIENT] - INFO - [Store 554] Starting local training.
2025-04-01 08:36:42 - [Cluster 0 - CLIENT] - INFO - [Store 360] Starting local training.
2025-04-01 08:36:42 - [Cluster 0 - CLIENT] - INFO - [Store 305] Starting local training.
2025-04-01 08:39:54 - [Cluster 0 - CLIENT] - INFO - [Store 410] Local training complete.
2025-04-01 08:39:54 - [Cluster 0 - CLIENT] - INFO - Sent reply
2025-04-01 08:39:54 - [Cluster 0 - CLIENT] - INFO - 
2025-04-01 08:39:54 - [Cluster 0 - CLIENT] - INFO - Received: train message 7a9d00dc-ddb0-4448-9897-cbe32e1eb309
2025-04-01 08:39:54 - [Cluster 0 - CLIENT] - INFO - [Store 55] Starting local training.
2025-04-01 08:39:54 - [Cluster 0 - CLIENT] - INFO - [Store 440] Local training complete.
2025-04-01 08:39:54 - [Cluster 0 - CLIENT] - INFO - Sent reply
2025-04-01 08:39:54 - [Cluster 0 - CLIENT] - INFO - 
2025-04-01 08:39:54 - [Cluster 0 - CLIENT] - INFO - Received: train message ef15dfd0-a1ca-4593-84ef-79d0c531863f
2025-04-01 08:39:55 - [Cluster 0 - CLIENT] - INFO - [Store 201] Starting local training.
2025-04-01 08:39:55 - [Cluster 0 - CLIENT] - INFO - [Store 795] Local training complete.
2025-04-01 08:39:55 - [Cluster 0 - CLIENT] - INFO - Sent reply
2025-04-01 08:39:55 - [Cluster 0 - CLIENT] - INFO - 
2025-04-01 08:39:55 - [Cluster 0 - CLIENT] - INFO - Received: train message 997e0811-536e-4f85-a37b-59a90e12d7ac
2025-04-01 08:39:55 - [Cluster 0 - CLIENT] - INFO - [Store 74] Starting local training.
2025-04-01 08:39:56 - [Cluster 0 - CLIENT] - INFO - [Store 305] Local training complete.
2025-04-01 08:39:56 - [Cluster 0 - CLIENT] - INFO - Sent reply
2025-04-01 08:39:56 - [Cluster 0 - CLIENT] - INFO - 
2025-04-01 08:39:56 - [Cluster 0 - CLIENT] - INFO - Received: train message 91636a73-e941-4803-9640-c4541a0ae5a1
2025-04-01 08:39:56 - [Cluster 0 - CLIENT] - INFO - [Store 730] Starting local training.
2025-04-01 08:39:56 - [Cluster 0 - CLIENT] - INFO - [Store 77] Local training complete.
2025-04-01 08:39:56 - [Cluster 0 - CLIENT] - INFO - Sent reply
2025-04-01 08:39:56 - [Cluster 0 - CLIENT] - INFO - 
2025-04-01 08:39:56 - [Cluster 0 - CLIENT] - INFO - Received: train message ca295554-f313-44af-8041-56d3c8fce26e
2025-04-01 08:39:56 - [Cluster 0 - CLIENT] - INFO - [Store 254] Starting local training.
2025-04-01 08:39:56 - [Cluster 0 - CLIENT] - INFO - [Store 718] Local training complete.
2025-04-01 08:39:56 - [Cluster 0 - CLIENT] - INFO - Sent reply
2025-04-01 08:39:56 - [Cluster 0 - CLIENT] - INFO - 
2025-04-01 08:39:56 - [Cluster 0 - CLIENT] - INFO - Received: train message 22a169ff-d89e-41d1-b61b-5a90740c02b5
2025-04-01 08:39:56 - [Cluster 0 - CLIENT] - INFO - [Store 886] Starting local training.
2025-04-01 08:39:59 - [Cluster 0 - CLIENT] - INFO - [Store 360] Local training complete.
2025-04-01 08:39:59 - [Cluster 0 - CLIENT] - INFO - Sent reply
2025-04-01 08:39:59 - [Cluster 0 - CLIENT] - INFO - [Store 949] Local training complete.
2025-04-01 08:39:59 - [Cluster 0 - CLIENT] - INFO - 
2025-04-01 08:39:59 - [Cluster 0 - CLIENT] - INFO - Received: train message 4afc1323-ada0-42a5-8745-1dbc47ee92e0
2025-04-01 08:39:59 - [Cluster 0 - CLIENT] - INFO - Sent reply
2025-04-01 08:39:59 - [Cluster 0 - CLIENT] - INFO - [Store 200] Starting local training.
2025-04-01 08:39:59 - [Cluster 0 - CLIENT] - INFO - 
2025-04-01 08:39:59 - [Cluster 0 - CLIENT] - INFO - Received: train message 72051b31-8421-4a61-a53e-c26e690f2912
2025-04-01 08:39:59 - [Cluster 0 - CLIENT] - INFO - [Store 105] Starting local training.
2025-04-01 08:39:59 - [Cluster 0 - CLIENT] - INFO - [Store 628] Local training complete.
2025-04-01 08:39:59 - [Cluster 0 - CLIENT] - INFO - [Store 922] Local training complete.
2025-04-01 08:39:59 - [Cluster 0 - CLIENT] - INFO - Sent reply
2025-04-01 08:39:59 - [Cluster 0 - CLIENT] - INFO - 
2025-04-01 08:39:59 - [Cluster 0 - CLIENT] - INFO - Received: train message 0eb8fd77-85f0-4cd2-ab6f-ed6ddef94274
2025-04-01 08:39:59 - [Cluster 0 - CLIENT] - INFO - Sent reply
2025-04-01 08:39:59 - [Cluster 0 - CLIENT] - INFO - 
2025-04-01 08:39:59 - [Cluster 0 - CLIENT] - INFO - Received: train message 200cd3cf-79bd-4a7f-b62e-e4ca2b96514b
2025-04-01 08:39:59 - [Cluster 0 - CLIENT] - INFO - [Store 658] Starting local training.
2025-04-01 08:39:59 - [Cluster 0 - CLIENT] - INFO - [Store 1083] Local training complete.
2025-04-01 08:39:59 - [Cluster 0 - CLIENT] - INFO - Sent reply
2025-04-01 08:39:59 - [Cluster 0 - CLIENT] - INFO - 
2025-04-01 08:39:59 - [Cluster 0 - CLIENT] - INFO - Received: train message 6cb70992-85b7-4971-a7ff-f10e101389d3
2025-04-01 08:39:59 - [Cluster 0 - CLIENT] - INFO - [Store 1073] Starting local training.
2025-04-01 08:39:59 - [Cluster 0 - CLIENT] - INFO - [Store 47] Starting local training.
2025-04-01 08:40:00 - [Cluster 0 - CLIENT] - INFO - [Store 65] Local training complete.
2025-04-01 08:40:00 - [Cluster 0 - CLIENT] - INFO - Sent reply
2025-04-01 08:40:00 - [Cluster 0 - CLIENT] - INFO - 
2025-04-01 08:40:00 - [Cluster 0 - CLIENT] - INFO - Received: train message 3b649a23-84aa-4f4a-ad2e-2bff1ea56eb2
2025-04-01 08:40:00 - [Cluster 0 - CLIENT] - INFO - [Store 511] Starting local training.
2025-04-01 08:40:01 - [Cluster 0 - CLIENT] - INFO - [Store 260] Local training complete.
2025-04-01 08:40:01 - [Cluster 0 - CLIENT] - INFO - Sent reply
2025-04-01 08:40:01 - [Cluster 0 - CLIENT] - INFO - 
2025-04-01 08:40:01 - [Cluster 0 - CLIENT] - INFO - Received: train message 2a9188f9-44ba-4e93-8802-37d0a850978d
2025-04-01 08:40:01 - [Cluster 0 - CLIENT] - INFO - [Store 1042] Starting local training.
2025-04-01 08:40:02 - [Cluster 0 - CLIENT] - INFO - [Store 554] Local training complete.
2025-04-01 08:40:02 - [Cluster 0 - CLIENT] - INFO - Sent reply
2025-04-01 08:40:02 - [Cluster 0 - CLIENT] - INFO - 
2025-04-01 08:40:02 - [Cluster 0 - CLIENT] - INFO - Received: train message 747eb155-1071-44ca-b86e-29cf782f79cc
2025-04-01 08:40:02 - [Cluster 0 - CLIENT] - INFO - [Store 305] Starting local training.
2025-04-01 08:40:22 - [Cluster 0 - CLIENT] - INFO - [Store 1099] Local training complete.
2025-04-01 08:40:22 - [Cluster 0 - CLIENT] - INFO - Sent reply
2025-04-01 08:40:22 - [Cluster 0 - CLIENT] - INFO - 
2025-04-01 08:40:22 - [Cluster 0 - CLIENT] - INFO - Received: train message f205cdbc-6445-4435-b15f-2fb89c802796
2025-04-01 08:40:22 - [Cluster 0 - CLIENT] - INFO - [Store 857] Starting local training.
2025-04-01 08:43:27 - [Cluster 0 - CLIENT] - INFO - [Store 201] Local training complete.
2025-04-01 08:43:28 - [Cluster 0 - CLIENT] - INFO - Sent reply
2025-04-01 08:43:28 - [Cluster 0 - CLIENT] - INFO - [Store 886] Local training complete.
2025-04-01 08:43:28 - [Cluster 0 - CLIENT] - INFO - Sent reply
2025-04-01 08:43:29 - [Cluster 0 - CLIENT] - INFO - [Store 730] Local training complete.
2025-04-01 08:43:29 - [Cluster 0 - CLIENT] - INFO - [Store 105] Local training complete.
2025-04-01 08:43:29 - [Cluster 0 - CLIENT] - INFO - Sent reply
2025-04-01 08:43:29 - [Cluster 0 - CLIENT] - INFO - [Store 1073] Local training complete.
2025-04-01 08:43:29 - [Cluster 0 - CLIENT] - INFO - Sent reply
2025-04-01 08:43:29 - [Cluster 0 - CLIENT] - INFO - Sent reply
2025-04-01 08:43:29 - [Cluster 0 - CLIENT] - INFO - [Store 200] Local training complete.
2025-04-01 08:43:30 - [Cluster 0 - CLIENT] - INFO - Sent reply
2025-04-01 08:43:30 - [Cluster 0 - CLIENT] - INFO - [Store 55] Local training complete.
2025-04-01 08:43:30 - [Cluster 0 - CLIENT] - INFO - Sent reply
2025-04-01 08:43:30 - [Cluster 0 - CLIENT] - INFO - [Store 254] Local training complete.
2025-04-01 08:43:30 - [Cluster 0 - CLIENT] - INFO - Sent reply
2025-04-01 08:43:31 - [Cluster 0 - CLIENT] - INFO - [Store 511] Local training complete.
2025-04-01 08:43:31 - [Cluster 0 - CLIENT] - INFO - Sent reply
2025-04-01 08:43:31 - [Cluster 0 - CLIENT] - INFO - [Store 658] Local training complete.
2025-04-01 08:43:31 - [Cluster 0 - CLIENT] - INFO - Sent reply
2025-04-01 08:43:32 - [Cluster 0 - CLIENT] - INFO - [Store 305] Local training complete.
2025-04-01 08:43:32 - [Cluster 0 - CLIENT] - INFO - Sent reply
2025-04-01 08:43:32 - [Cluster 0 - CLIENT] - INFO - [Store 47] Local training complete.
2025-04-01 08:43:32 - [Cluster 0 - CLIENT] - INFO - Sent reply
2025-04-01 08:43:34 - [Cluster 0 - CLIENT] - INFO - [Store 74] Local training complete.
2025-04-01 08:43:34 - [Cluster 0 - CLIENT] - INFO - Sent reply
2025-04-01 08:43:34 - [Cluster 0 - CLIENT] - INFO - [Store 1042] Local training complete.
2025-04-01 08:43:34 - [Cluster 0 - CLIENT] - INFO - Sent reply
2025-04-01 08:43:35 - [Cluster 0 - CLIENT] - INFO - [Store 857] Local training complete.
2025-04-01 08:43:35 - [Cluster 0 - CLIENT] - INFO - Sent reply
2025-04-01 08:43:35 - [Cluster 0 - CLIENT] - INFO - 
2025-04-01 08:43:35 - [Cluster 0 - CLIENT] - INFO - Received: evaluate message 8ba6ab2a-7bc5-4fec-8a95-de9eafa7cb5b
2025-04-01 08:43:35 - [Cluster 0 - CLIENT] - INFO - 
2025-04-01 08:43:35 - [Cluster 0 - CLIENT] - INFO - Received: evaluate message 7da98fbe-83dd-4bf0-8e6e-9346b62b08a7
2025-04-01 08:43:35 - [Cluster 0 - CLIENT] - INFO - 
2025-04-01 08:43:35 - [Cluster 0 - CLIENT] - INFO - Received: evaluate message de7aca95-97f4-4e47-af96-ca97ab4e4be0
2025-04-01 08:43:35 - [Cluster 0 - CLIENT] - INFO - 
2025-04-01 08:43:35 - [Cluster 0 - CLIENT] - INFO - 
2025-04-01 08:43:35 - [Cluster 0 - CLIENT] - INFO - Received: evaluate message d8cd768c-ddb1-41c9-8193-4b882f6981a9
2025-04-01 08:43:35 - [Cluster 0 - CLIENT] - INFO - Received: evaluate message c31179f2-af96-422b-947d-e6b6175e171d
2025-04-01 08:43:35 - [Cluster 0 - CLIENT] - INFO - 
2025-04-01 08:43:35 - [Cluster 0 - CLIENT] - INFO - Received: evaluate message 4ae4f447-6e1a-4393-8f05-1ee991e85329
2025-04-01 08:43:35 - [Cluster 0 - CLIENT] - INFO - 
2025-04-01 08:43:35 - [Cluster 0 - CLIENT] - INFO - Received: evaluate message baa072f6-f0c5-4b19-8c31-12f8b70e8efb
2025-04-01 08:43:35 - [Cluster 0 - CLIENT] - INFO - 
2025-04-01 08:43:35 - [Cluster 0 - CLIENT] - INFO - Received: evaluate message 11266e52-6cdb-48a2-bf81-a2e5b7ebaa66
2025-04-01 08:43:35 - [Cluster 0 - CLIENT] - INFO - 
2025-04-01 08:43:35 - [Cluster 0 - CLIENT] - INFO - Received: evaluate message 3c060a7f-ba26-4c05-aa15-d84bfe4238eb
2025-04-01 08:43:35 - [Cluster 0 - CLIENT] - INFO - 
2025-04-01 08:43:35 - [Cluster 0 - CLIENT] - INFO - Received: evaluate message e9d4f16d-5353-49a5-a4d6-6ec6408a7898
2025-04-01 08:43:35 - [Cluster 0 - CLIENT] - INFO - 
2025-04-01 08:43:35 - [Cluster 0 - CLIENT] - INFO - Received: evaluate message 9a83fc06-f8e5-4809-9020-4eaa805331dd
2025-04-01 08:43:35 - [Cluster 0 - CLIENT] - INFO - 
2025-04-01 08:43:35 - [Cluster 0 - CLIENT] - INFO - Received: evaluate message 836f7631-df4c-427d-9109-7f43cf2e78a9
2025-04-01 08:43:35 - [Cluster 0 - CLIENT] - INFO - 
2025-04-01 08:43:35 - [Cluster 0 - CLIENT] - INFO - Received: evaluate message fb734e94-54d0-43db-8096-b73891a9a261
2025-04-01 08:43:35 - [Cluster 0 - CLIENT] - INFO - 
2025-04-01 08:43:35 - [Cluster 0 - CLIENT] - INFO - Received: evaluate message ced9a818-1eb8-468c-a7e9-02720de29067
2025-04-01 08:43:35 - [Cluster 0 - CLIENT] - INFO - 
2025-04-01 08:43:35 - [Cluster 0 - CLIENT] - INFO - Received: evaluate message f2669ea1-dc2a-4373-b681-a7aa429fae72
2025-04-01 08:43:36 - [Cluster 0 - CLIENT] - INFO - [Store 55] Evaluation - Loss: 0.3682, MAE: 0.4630
2025-04-01 08:43:36 - [Cluster 0 - CLIENT] - INFO - Sent reply
2025-04-01 08:43:36 - [Cluster 0 - CLIENT] - INFO - [Store 658] Evaluation - Loss: 0.2060, MAE: 0.2911
2025-04-01 08:43:36 - [Cluster 0 - CLIENT] - INFO - Sent reply
2025-04-01 08:43:36 - [Cluster 0 - CLIENT] - INFO - 
2025-04-01 08:43:36 - [Cluster 0 - CLIENT] - INFO - Received: evaluate message 31fbf57c-7f1d-4b10-82ad-54409512ac11
2025-04-01 08:43:36 - [Cluster 0 - CLIENT] - INFO - 
2025-04-01 08:43:36 - [Cluster 0 - CLIENT] - INFO - Received: evaluate message 04043487-b39f-4a1f-9abf-dfdb2726c0da
2025-04-01 08:43:36 - [Cluster 0 - CLIENT] - INFO - [Store 1042] Evaluation - Loss: 0.3251, MAE: 0.3640
2025-04-01 08:43:36 - [Cluster 0 - CLIENT] - INFO - [Store 65] Evaluation - Loss: 0.2558, MAE: 0.3540
2025-04-01 08:43:36 - [Cluster 0 - CLIENT] - INFO - Sent reply
2025-04-01 08:43:36 - [Cluster 0 - CLIENT] - INFO - Sent reply
2025-04-01 08:43:36 - [Cluster 0 - CLIENT] - INFO - [Store 305] Evaluation - Loss: 0.5944, MAE: 0.5855
2025-04-01 08:43:36 - [Cluster 0 - CLIENT] - INFO - Sent reply
2025-04-01 08:43:36 - [Cluster 0 - CLIENT] - INFO - 
2025-04-01 08:43:36 - [Cluster 0 - CLIENT] - INFO - Received: evaluate message 1d3bc125-4162-4437-94c6-55b1ede774c2
2025-04-01 08:43:36 - [Cluster 0 - CLIENT] - INFO - 
2025-04-01 08:43:36 - [Cluster 0 - CLIENT] - INFO - Received: evaluate message e1663bc8-f9b0-40b1-8904-bf5d72cb0f2b
2025-04-01 08:43:36 - [Cluster 0 - CLIENT] - INFO - 
2025-04-01 08:43:36 - [Cluster 0 - CLIENT] - INFO - Received: evaluate message aea8fd63-6bf1-46d2-be2b-e87790f43907
2025-04-01 08:43:36 - [Cluster 0 - CLIENT] - INFO - [Store 105] Evaluation - Loss: 0.3605, MAE: 0.4637
2025-04-01 08:43:36 - [Cluster 0 - CLIENT] - INFO - Sent reply
2025-04-01 08:43:36 - [Cluster 0 - CLIENT] - INFO - [Store 511] Evaluation - Loss: 0.2754, MAE: 0.3438
2025-04-01 08:43:36 - [Cluster 0 - CLIENT] - INFO - [Store 47] Evaluation - Loss: 0.3116, MAE: 0.3696
2025-04-01 08:43:36 - [Cluster 0 - CLIENT] - INFO - Sent reply
2025-04-01 08:43:36 - [Cluster 0 - CLIENT] - INFO - Sent reply
2025-04-01 08:43:36 - [Cluster 0 - CLIENT] - INFO - 
2025-04-01 08:43:36 - [Cluster 0 - CLIENT] - INFO - Received: evaluate message 4a7a2b94-83b4-48c3-900c-bd0787d17783
2025-04-01 08:43:36 - [Cluster 0 - CLIENT] - INFO - [Store 440] Evaluation - Loss: 0.4160, MAE: 0.4487
2025-04-01 08:43:36 - [Cluster 0 - CLIENT] - INFO - Sent reply
2025-04-01 08:43:36 - [Cluster 0 - CLIENT] - INFO - [Store 554] Evaluation - Loss: 0.7572, MAE: 0.7039
2025-04-01 08:43:36 - [Cluster 0 - CLIENT] - INFO - Sent reply
2025-04-01 08:43:36 - [Cluster 0 - CLIENT] - INFO - 
2025-04-01 08:43:36 - [Cluster 0 - CLIENT] - INFO - Received: evaluate message 4a4a34b0-4dc1-49f2-8602-f371922f8135
2025-04-01 08:43:36 - [Cluster 0 - CLIENT] - INFO - 
2025-04-01 08:43:36 - [Cluster 0 - CLIENT] - INFO - Received: evaluate message 416cf05e-40ee-4576-81d8-ed209acd09db
2025-04-01 08:43:36 - [Cluster 0 - CLIENT] - INFO - 
2025-04-01 08:43:36 - [Cluster 0 - CLIENT] - INFO - Received: evaluate message 38b61778-5d5b-407e-b48a-ee1ab2e11dae
2025-04-01 08:43:36 - [Cluster 0 - CLIENT] - INFO - 
2025-04-01 08:43:36 - [Cluster 0 - CLIENT] - INFO - Received: evaluate message 464c22f5-220c-4685-bcb9-ef214a64056d
2025-04-01 08:43:36 - [Cluster 0 - CLIENT] - INFO - [Store 730] Evaluation - Loss: 0.1928, MAE: 0.2717
2025-04-01 08:43:36 - [Cluster 0 - CLIENT] - INFO - Sent reply
2025-04-01 08:43:36 - [Cluster 0 - CLIENT] - INFO - 
2025-04-01 08:43:36 - [Cluster 0 - CLIENT] - INFO - Received: evaluate message 71f244fa-5712-46e7-95b5-e7bae9730873
2025-04-01 08:43:36 - [Cluster 0 - CLIENT] - INFO - [Store 410] Evaluation - Loss: 0.3428, MAE: 0.4035
2025-04-01 08:43:36 - [Cluster 0 - CLIENT] - INFO - Sent reply
2025-04-01 08:43:36 - [Cluster 0 - CLIENT] - INFO - 
2025-04-01 08:43:36 - [Cluster 0 - CLIENT] - INFO - Received: evaluate message 65748435-8286-42b8-8ec9-eb02cfca9a35
2025-04-01 08:43:36 - [Cluster 0 - CLIENT] - INFO - [Store 718] Evaluation - Loss: 0.2337, MAE: 0.2843
2025-04-01 08:43:36 - [Cluster 0 - CLIENT] - INFO - [Store 360] Evaluation - Loss: 0.2401, MAE: 0.3151
2025-04-01 08:43:36 - [Cluster 0 - CLIENT] - INFO - Sent reply
2025-04-01 08:43:36 - [Cluster 0 - CLIENT] - INFO - Sent reply
2025-04-01 08:43:36 - [Cluster 0 - CLIENT] - INFO - 
2025-04-01 08:43:36 - [Cluster 0 - CLIENT] - INFO - Received: evaluate message 23a18c3e-59d1-4f2b-a0a9-7857fcf86c55
2025-04-01 08:43:36 - [Cluster 0 - CLIENT] - INFO - 
2025-04-01 08:43:36 - [Cluster 0 - CLIENT] - INFO - Received: evaluate message 9a1b3bbd-adf6-4b23-870a-4c53310dbb68
2025-04-01 08:43:36 - [Cluster 0 - CLIENT] - INFO - [Store 1083] Evaluation - Loss: 0.5197, MAE: 0.5279
2025-04-01 08:43:36 - [Cluster 0 - CLIENT] - INFO - Sent reply
2025-04-01 08:43:36 - [Cluster 0 - CLIENT] - INFO - 
2025-04-01 08:43:36 - [Cluster 0 - CLIENT] - INFO - Received: evaluate message 5563c71b-74c6-4f30-9b87-ca698df4769c
2025-04-01 08:43:37 - [Cluster 0 - CLIENT] - INFO - [Store 1073] Evaluation - Loss: 2.9702, MAE: 1.3090
2025-04-01 08:43:37 - [Cluster 0 - CLIENT] - INFO - Sent reply
2025-04-01 08:43:37 - [Cluster 0 - CLIENT] - INFO - [Store 260] Evaluation - Loss: 0.2249, MAE: 0.2909
2025-04-01 08:43:37 - [Cluster 0 - CLIENT] - INFO - Sent reply
2025-04-01 08:43:37 - [Cluster 0 - CLIENT] - INFO - [Store 795] Evaluation - Loss: 0.3096, MAE: 0.3936
2025-04-01 08:43:37 - [Cluster 0 - CLIENT] - INFO - [Store 857] Evaluation - Loss: 0.4584, MAE: 0.4652
2025-04-01 08:43:37 - [Cluster 0 - CLIENT] - INFO - Sent reply
2025-04-01 08:43:37 - [Cluster 0 - CLIENT] - INFO - Sent reply
2025-04-01 08:43:37 - [Cluster 0 - CLIENT] - INFO - [Store 77] Evaluation - Loss: 0.3091, MAE: 0.3648
2025-04-01 08:43:37 - [Cluster 0 - CLIENT] - INFO - Sent reply
2025-04-01 08:43:37 - [Cluster 0 - CLIENT] - INFO - [Store 1099] Evaluation - Loss: 0.3829, MAE: 0.4349
2025-04-01 08:43:37 - [Cluster 0 - CLIENT] - INFO - [Store 949] Evaluation - Loss: 0.2354, MAE: 0.3359
2025-04-01 08:43:37 - [Cluster 0 - CLIENT] - INFO - [Store 200] Evaluation - Loss: 0.3495, MAE: 0.3720
2025-04-01 08:43:37 - [Cluster 0 - CLIENT] - INFO - Sent reply
2025-04-01 08:43:37 - [Cluster 0 - CLIENT] - INFO - Sent reply
2025-04-01 08:43:37 - [Cluster 0 - CLIENT] - INFO - Sent reply
2025-04-01 08:43:37 - [Cluster 0 - CLIENT] - INFO - [Store 254] Evaluation - Loss: 0.4068, MAE: 0.4448
2025-04-01 08:43:37 - [Cluster 0 - CLIENT] - INFO - Sent reply
2025-04-01 08:43:37 - [Cluster 0 - CLIENT] - INFO - [Store 201] Evaluation - Loss: 0.3190, MAE: 0.3718
2025-04-01 08:43:37 - [Cluster 0 - CLIENT] - INFO - Sent reply
2025-04-01 08:43:37 - [Cluster 0 - CLIENT] - INFO - [Store 74] Evaluation - Loss: 0.2955, MAE: 0.3231
2025-04-01 08:43:37 - [Cluster 0 - CLIENT] - INFO - Sent reply
2025-04-01 08:43:37 - [Cluster 0 - CLIENT] - INFO - [Store 922] Evaluation - Loss: 0.3112, MAE: 0.3540
2025-04-01 08:43:37 - [Cluster 0 - CLIENT] - INFO - Sent reply
2025-04-01 08:43:37 - [Cluster 0 - CLIENT] - INFO - [Store 886] Evaluation - Loss: 0.3897, MAE: 0.4293
2025-04-01 08:43:37 - [Cluster 0 - CLIENT] - INFO - Sent reply
2025-04-01 08:43:37 - [Cluster 0 - CLIENT] - INFO - [Store 305] Evaluation - Loss: 0.5944, MAE: 0.5855
2025-04-01 08:43:37 - [Cluster 0 - CLIENT] - INFO - Sent reply
2025-04-01 08:43:37 - [Cluster 0 - CLIENT] - INFO - [Store 628] Evaluation - Loss: 0.3303, MAE: 0.3688
2025-04-01 08:43:37 - [Cluster 0 - CLIENT] - INFO - Sent reply
2025-04-01 08:43:37 - [Cluster 0 - CLIENT] - INFO - 
2025-04-01 08:43:37 - [Cluster 0 - CLIENT] - INFO - Received: train message e783e8f7-4eaf-4665-bb0c-8a02b0f855d4
2025-04-01 08:43:37 - [Cluster 0 - CLIENT] - INFO - 
2025-04-01 08:43:37 - [Cluster 0 - CLIENT] - INFO - Received: train message dddbf45a-77fb-4bf5-a6cc-91f5251c00b0
2025-04-01 08:43:37 - [Cluster 0 - CLIENT] - INFO - 
2025-04-01 08:43:37 - [Cluster 0 - CLIENT] - INFO - Received: train message 83a344ed-1c7b-41b4-b4c1-f0bf92aed059
2025-04-01 08:43:37 - [Cluster 0 - CLIENT] - INFO - 
2025-04-01 08:43:37 - [Cluster 0 - CLIENT] - INFO - Received: train message 38e91a91-6bec-4de7-a8a0-ec4d8e5e3b73
2025-04-01 08:43:37 - [Cluster 0 - CLIENT] - INFO - 
2025-04-01 08:43:37 - [Cluster 0 - CLIENT] - INFO - Received: train message c06f8c87-869d-484e-874f-461c2d6ae63a
2025-04-01 08:43:37 - [Cluster 0 - CLIENT] - INFO - [Store 730] Starting local training.
2025-04-01 08:43:37 - [Cluster 0 - CLIENT] - INFO - [Store 1083] Starting local training.
2025-04-01 08:43:37 - [Cluster 0 - CLIENT] - INFO - 
2025-04-01 08:43:37 - [Cluster 0 - CLIENT] - INFO - Received: train message 45b2de05-e0d9-4771-bdec-a39f344189d0
2025-04-01 08:43:37 - [Cluster 0 - CLIENT] - INFO - 
2025-04-01 08:43:37 - [Cluster 0 - CLIENT] - INFO - Received: train message 60cf2021-c810-4763-99b8-562b6699a61c
2025-04-01 08:43:37 - [Cluster 0 - CLIENT] - INFO - 
2025-04-01 08:43:37 - [Cluster 0 - CLIENT] - INFO - Received: train message ce6b4236-bb24-4aaa-b5bf-fc357c56e094
2025-04-01 08:43:37 - [Cluster 0 - CLIENT] - INFO - [Store 305] Starting local training.
2025-04-01 08:43:37 - [Cluster 0 - CLIENT] - INFO - 
2025-04-01 08:43:37 - [Cluster 0 - CLIENT] - INFO - Received: train message cdb9d4cb-3ddd-49b4-9d7a-3356c1766815
2025-04-01 08:43:37 - [Cluster 0 - CLIENT] - INFO - 
2025-04-01 08:43:37 - [Cluster 0 - CLIENT] - INFO - Received: train message 6a4cde9b-ef93-43b8-a785-8dadebfdb1d5
2025-04-01 08:43:37 - [Cluster 0 - CLIENT] - INFO - [Store 440] Starting local training.
2025-04-01 08:43:37 - [Cluster 0 - CLIENT] - INFO - [Store 200] Starting local training.
2025-04-01 08:43:37 - [Cluster 0 - CLIENT] - INFO - 
2025-04-01 08:43:37 - [Cluster 0 - CLIENT] - INFO - Received: train message 567bb736-6765-42b4-b0b5-663d9e356ed9
2025-04-01 08:43:37 - [Cluster 0 - CLIENT] - INFO - [Store 511] Starting local training.
2025-04-01 08:43:37 - [Cluster 0 - CLIENT] - INFO - 
2025-04-01 08:43:37 - [Cluster 0 - CLIENT] - INFO - Received: train message 72da5739-f7d9-4c0b-a1a5-677a5b7b3680
2025-04-01 08:43:37 - [Cluster 0 - CLIENT] - INFO - 
2025-04-01 08:43:37 - [Cluster 0 - CLIENT] - INFO - Received: train message 70bfd435-78e7-47ad-b3d5-641b9ba7fefc
2025-04-01 08:43:37 - [Cluster 0 - CLIENT] - INFO - [Store 949] Starting local training.
2025-04-01 08:43:37 - [Cluster 0 - CLIENT] - INFO - 
2025-04-01 08:43:37 - [Cluster 0 - CLIENT] - INFO - Received: train message dba509ba-8a5a-485a-b2fa-b9b953bcccd9
2025-04-01 08:43:37 - [Cluster 0 - CLIENT] - INFO - 
2025-04-01 08:43:37 - [Cluster 0 - CLIENT] - INFO - Received: train message e2697e87-ff22-4829-9a8e-817010447efc
2025-04-01 08:43:37 - [Cluster 0 - CLIENT] - INFO - [Store 360] Starting local training.
2025-04-01 08:43:37 - [Cluster 0 - CLIENT] - INFO - [Store 554] Starting local training.
2025-04-01 08:43:37 - [Cluster 0 - CLIENT] - INFO - [Store 105] Starting local training.
2025-04-01 08:43:37 - [Cluster 0 - CLIENT] - INFO - [Store 201] Starting local training.
2025-04-01 08:43:37 - [Cluster 0 - CLIENT] - INFO - [Store 886] Starting local training.
2025-04-01 08:43:37 - [Cluster 0 - CLIENT] - INFO - [Store 410] Starting local training.
2025-04-01 08:43:37 - [Cluster 0 - CLIENT] - INFO - [Store 922] Starting local training.
2025-04-01 08:43:37 - [Cluster 0 - CLIENT] - INFO - [Store 628] Starting local training.
2025-04-01 08:47:06 - [Cluster 0 - CLIENT] - INFO - [Store 628] Local training complete.
2025-04-01 08:47:07 - [Cluster 0 - CLIENT] - INFO - 
2025-04-01 08:47:07 - [Cluster 0 - CLIENT] - INFO - Received: train message e704a1cc-45ee-4720-8c02-4206e0b93f19
2025-04-01 08:47:07 - [Cluster 0 - CLIENT] - INFO - Sent reply
2025-04-01 08:47:07 - [Cluster 0 - CLIENT] - INFO - [Store 1099] Starting local training.
2025-04-01 08:47:07 - [Cluster 0 - CLIENT] - INFO - [Store 360] Local training complete.
2025-04-01 08:47:07 - [Cluster 0 - CLIENT] - INFO - Sent reply
2025-04-01 08:47:07 - [Cluster 0 - CLIENT] - INFO - 
2025-04-01 08:47:07 - [Cluster 0 - CLIENT] - INFO - Received: train message 04962220-aa2b-45ca-96d0-704192a461c5
2025-04-01 08:47:07 - [Cluster 0 - CLIENT] - INFO - [Store 305] Starting local training.
2025-04-01 08:47:07 - [Cluster 0 - CLIENT] - INFO - [Store 201] Local training complete.
2025-04-01 08:47:08 - [Cluster 0 - CLIENT] - INFO - Sent reply
2025-04-01 08:47:08 - [Cluster 0 - CLIENT] - INFO - 
2025-04-01 08:47:08 - [Cluster 0 - CLIENT] - INFO - Received: train message a7e04626-c827-4846-999b-9a480bc04cbb
2025-04-01 08:47:08 - [Cluster 0 - CLIENT] - INFO - [Store 857] Starting local training.
2025-04-01 08:47:08 - [Cluster 0 - CLIENT] - INFO - [Store 511] Local training complete.
2025-04-01 08:47:08 - [Cluster 0 - CLIENT] - INFO - Sent reply
2025-04-01 08:47:08 - [Cluster 0 - CLIENT] - INFO - 
2025-04-01 08:47:08 - [Cluster 0 - CLIENT] - INFO - Received: train message b19772a1-835f-4a78-bae6-82667664789f
2025-04-01 08:47:08 - [Cluster 0 - CLIENT] - INFO - [Store 260] Starting local training.
2025-04-01 08:47:09 - [Cluster 0 - CLIENT] - INFO - [Store 949] Local training complete.
2025-04-01 08:47:09 - [Cluster 0 - CLIENT] - INFO - Sent reply
2025-04-01 08:47:09 - [Cluster 0 - CLIENT] - INFO - 
2025-04-01 08:47:09 - [Cluster 0 - CLIENT] - INFO - Received: train message c7f8a3d4-d2de-4477-9efa-4f47d666c4a2
2025-04-01 08:47:09 - [Cluster 0 - CLIENT] - INFO - [Store 658] Starting local training.
2025-04-01 08:47:09 - [Cluster 0 - CLIENT] - INFO - [Store 410] Local training complete.
2025-04-01 08:47:09 - [Cluster 0 - CLIENT] - INFO - Sent reply
2025-04-01 08:47:09 - [Cluster 0 - CLIENT] - INFO - 
2025-04-01 08:47:09 - [Cluster 0 - CLIENT] - INFO - Received: train message 1af4fa9f-8074-42f8-be3a-3fda8b597589
2025-04-01 08:47:09 - [Cluster 0 - CLIENT] - INFO - [Store 55] Starting local training.
2025-04-01 08:47:10 - [Cluster 0 - CLIENT] - INFO - [Store 886] Local training complete.
2025-04-01 08:47:10 - [Cluster 0 - CLIENT] - INFO - Sent reply
2025-04-01 08:47:10 - [Cluster 0 - CLIENT] - INFO - 
2025-04-01 08:47:10 - [Cluster 0 - CLIENT] - INFO - Received: train message efa5ea87-664e-47db-bea1-0fee1c9bd460
2025-04-01 08:47:10 - [Cluster 0 - CLIENT] - INFO - [Store 74] Starting local training.
2025-04-01 08:47:10 - [Cluster 0 - CLIENT] - INFO - [Store 105] Local training complete.
2025-04-01 08:47:10 - [Cluster 0 - CLIENT] - INFO - Sent reply
2025-04-01 08:47:10 - [Cluster 0 - CLIENT] - INFO - 
2025-04-01 08:47:10 - [Cluster 0 - CLIENT] - INFO - Received: train message d048c6b6-ab3e-4424-8e1a-418fe1058d10
2025-04-01 08:47:10 - [Cluster 0 - CLIENT] - INFO - [Store 77] Starting local training.
2025-04-01 08:47:11 - [Cluster 0 - CLIENT] - INFO - [Store 1083] Local training complete.
2025-04-01 08:47:11 - [Cluster 0 - CLIENT] - INFO - Sent reply
2025-04-01 08:47:11 - [Cluster 0 - CLIENT] - INFO - 
2025-04-01 08:47:11 - [Cluster 0 - CLIENT] - INFO - Received: train message 81aef637-7ef8-45d7-973d-e9b0bf58ef9e
2025-04-01 08:47:11 - [Cluster 0 - CLIENT] - INFO - [Store 254] Starting local training.
2025-04-01 08:47:11 - [Cluster 0 - CLIENT] - INFO - [Store 554] Local training complete.
2025-04-01 08:47:11 - [Cluster 0 - CLIENT] - INFO - [Store 305] Local training complete.
2025-04-01 08:47:11 - [Cluster 0 - CLIENT] - INFO - Sent reply
2025-04-01 08:47:11 - [Cluster 0 - CLIENT] - INFO - 
2025-04-01 08:47:11 - [Cluster 0 - CLIENT] - INFO - Received: train message 4236a114-8273-4ce8-b384-3d046a49c05f
2025-04-01 08:47:11 - [Cluster 0 - CLIENT] - INFO - [Store 795] Starting local training.
2025-04-01 08:47:11 - [Cluster 0 - CLIENT] - INFO - [Store 730] Local training complete.
2025-04-01 08:47:11 - [Cluster 0 - CLIENT] - INFO - Sent reply
2025-04-01 08:47:12 - [Cluster 0 - CLIENT] - INFO - 
2025-04-01 08:47:12 - [Cluster 0 - CLIENT] - INFO - Received: train message ad5f2abd-5d03-4e9f-a3f8-bebed252c61e
2025-04-01 08:47:12 - [Cluster 0 - CLIENT] - INFO - Sent reply
2025-04-01 08:47:12 - [Cluster 0 - CLIENT] - INFO - 
2025-04-01 08:47:12 - [Cluster 0 - CLIENT] - INFO - Received: train message 3adfd983-4a93-49c1-9264-2470a720d635
2025-04-01 08:47:12 - [Cluster 0 - CLIENT] - INFO - [Store 1042] Starting local training.
2025-04-01 08:47:12 - [Cluster 0 - CLIENT] - INFO - [Store 718] Starting local training.
2025-04-01 08:47:12 - [Cluster 0 - CLIENT] - INFO - [Store 922] Local training complete.
2025-04-01 08:47:12 - [Cluster 0 - CLIENT] - INFO - Sent reply
2025-04-01 08:47:12 - [Cluster 0 - CLIENT] - INFO - 
2025-04-01 08:47:12 - [Cluster 0 - CLIENT] - INFO - Received: train message ec2c57a7-4954-4c79-8adf-593958041858
2025-04-01 08:47:12 - [Cluster 0 - CLIENT] - INFO - [Store 47] Starting local training.
2025-04-01 08:47:12 - [Cluster 0 - CLIENT] - INFO - [Store 200] Local training complete.
2025-04-01 08:47:12 - [Cluster 0 - CLIENT] - INFO - Sent reply
2025-04-01 08:47:12 - [Cluster 0 - CLIENT] - INFO - 
2025-04-01 08:47:12 - [Cluster 0 - CLIENT] - INFO - Received: train message 0483f339-9530-470d-9947-f4c732b37564
2025-04-01 08:47:12 - [Cluster 0 - CLIENT] - INFO - [Store 440] Local training complete.
2025-04-01 08:47:12 - [Cluster 0 - CLIENT] - INFO - Sent reply
2025-04-01 08:47:12 - [Cluster 0 - CLIENT] - INFO - 
2025-04-01 08:47:12 - [Cluster 0 - CLIENT] - INFO - Received: train message be306c76-5816-4399-91ae-27430e82ace3
2025-04-01 08:47:12 - [Cluster 0 - CLIENT] - INFO - [Store 1073] Starting local training.
2025-04-01 08:47:12 - [Cluster 0 - CLIENT] - INFO - [Store 65] Starting local training.
2025-04-01 08:50:23 - [Cluster 0 - CLIENT] - INFO - [Store 260] Local training complete.
2025-04-01 08:50:23 - [Cluster 0 - CLIENT] - INFO - Sent reply
2025-04-01 08:50:24 - [Cluster 0 - CLIENT] - INFO - [Store 55] Local training complete.
2025-04-01 08:50:24 - [Cluster 0 - CLIENT] - INFO - Sent reply
2025-04-01 08:50:25 - [Cluster 0 - CLIENT] - INFO - [Store 254] Local training complete.
2025-04-01 08:50:25 - [Cluster 0 - CLIENT] - INFO - Sent reply
2025-04-01 08:50:26 - [Cluster 0 - CLIENT] - INFO - [Store 77] Local training complete.
2025-04-01 08:50:26 - [Cluster 0 - CLIENT] - INFO - Sent reply
2025-04-01 08:50:26 - [Cluster 0 - CLIENT] - INFO - [Store 1042] Local training complete.
2025-04-01 08:50:26 - [Cluster 0 - CLIENT] - INFO - Sent reply
2025-04-01 08:50:27 - [Cluster 0 - CLIENT] - INFO - [Store 857] Local training complete.
2025-04-01 08:50:27 - [Cluster 0 - CLIENT] - INFO - Sent reply
2025-04-01 08:50:27 - [Cluster 0 - CLIENT] - INFO - [Store 658] Local training complete.
2025-04-01 08:50:27 - [Cluster 0 - CLIENT] - INFO - Sent reply
2025-04-01 08:50:27 - [Cluster 0 - CLIENT] - INFO - [Store 47] Local training complete.
2025-04-01 08:50:27 - [Cluster 0 - CLIENT] - INFO - Sent reply
2025-04-01 08:50:27 - [Cluster 0 - CLIENT] - INFO - [Store 74] Local training complete.
2025-04-01 08:50:27 - [Cluster 0 - CLIENT] - INFO - Sent reply
2025-04-01 08:50:28 - [Cluster 0 - CLIENT] - INFO - [Store 795] Local training complete.
2025-04-01 08:50:28 - [Cluster 0 - CLIENT] - INFO - Sent reply
2025-04-01 08:50:28 - [Cluster 0 - CLIENT] - INFO - [Store 305] Local training complete.
2025-04-01 08:50:28 - [Cluster 0 - CLIENT] - INFO - [Store 1099] Local training complete.
2025-04-01 08:50:28 - [Cluster 0 - CLIENT] - INFO - Sent reply
2025-04-01 08:50:28 - [Cluster 0 - CLIENT] - INFO - Sent reply
2025-04-01 08:50:29 - [Cluster 0 - CLIENT] - INFO - [Store 1073] Local training complete.
2025-04-01 08:50:29 - [Cluster 0 - CLIENT] - INFO - Sent reply
2025-04-01 08:50:29 - [Cluster 0 - CLIENT] - INFO - [Store 718] Local training complete.
2025-04-01 08:50:29 - [Cluster 0 - CLIENT] - INFO - Sent reply
2025-04-01 08:50:29 - [Cluster 0 - CLIENT] - INFO - [Store 65] Local training complete.
2025-04-01 08:50:29 - [Cluster 0 - CLIENT] - INFO - Sent reply
2025-04-01 08:50:29 - [Cluster 0 - CLIENT] - INFO - 
2025-04-01 08:50:29 - [Cluster 0 - CLIENT] - INFO - Received: evaluate message e1f9de31-4b34-48da-b135-593b76d72560
2025-04-01 08:50:29 - [Cluster 0 - CLIENT] - INFO - 
2025-04-01 08:50:29 - [Cluster 0 - CLIENT] - INFO - Received: evaluate message 15ecd3ca-6014-4dc8-a259-46c60e86b849
2025-04-01 08:50:29 - [Cluster 0 - CLIENT] - INFO - 
2025-04-01 08:50:29 - [Cluster 0 - CLIENT] - INFO - Received: evaluate message dc259054-c531-49fb-b135-b5dc02c6877a
2025-04-01 08:50:29 - [Cluster 0 - CLIENT] - INFO - 
2025-04-01 08:50:29 - [Cluster 0 - CLIENT] - INFO - Received: evaluate message db6fd64b-148e-4e60-8c6c-653f6275b3c8
2025-04-01 08:50:29 - [Cluster 0 - CLIENT] - INFO - 
2025-04-01 08:50:29 - [Cluster 0 - CLIENT] - INFO - Received: evaluate message 0c0734ef-e8f4-4ba3-ac59-53be713e75f3
2025-04-01 08:50:29 - [Cluster 0 - CLIENT] - INFO - 
2025-04-01 08:50:29 - [Cluster 0 - CLIENT] - INFO - Received: evaluate message 23c51c49-f55a-44f6-a110-d80361eeccef
2025-04-01 08:50:29 - [Cluster 0 - CLIENT] - INFO - 
2025-04-01 08:50:29 - [Cluster 0 - CLIENT] - INFO - Received: evaluate message bb50c5b4-d17c-49d3-81a1-7d6a3fd6b68d
2025-04-01 08:50:29 - [Cluster 0 - CLIENT] - INFO - 
2025-04-01 08:50:29 - [Cluster 0 - CLIENT] - INFO - Received: evaluate message 71fb0e5a-047c-4bee-a834-4e5dc1befd4d
2025-04-01 08:50:29 - [Cluster 0 - CLIENT] - INFO - 
2025-04-01 08:50:29 - [Cluster 0 - CLIENT] - INFO - Received: evaluate message a336a8f2-be89-4d1f-b292-efa8007e69fc
2025-04-01 08:50:29 - [Cluster 0 - CLIENT] - INFO - 
2025-04-01 08:50:29 - [Cluster 0 - CLIENT] - INFO - Received: evaluate message 0c61a6c2-193e-47c3-b973-3d69647256d8
2025-04-01 08:50:29 - [Cluster 0 - CLIENT] - INFO - 
2025-04-01 08:50:29 - [Cluster 0 - CLIENT] - INFO - Received: evaluate message 0587e2e8-e503-43f8-bc65-35ae64b411e8
2025-04-01 08:50:29 - [Cluster 0 - CLIENT] - INFO - 
2025-04-01 08:50:29 - [Cluster 0 - CLIENT] - INFO - Received: evaluate message cdc4cf82-c957-4a44-a744-f50d9b52eb36
2025-04-01 08:50:29 - [Cluster 0 - CLIENT] - INFO - 
2025-04-01 08:50:29 - [Cluster 0 - CLIENT] - INFO - 
2025-04-01 08:50:29 - [Cluster 0 - CLIENT] - INFO - Received: evaluate message feb2384b-e26b-4bbe-8fd8-76e567d72a6e
2025-04-01 08:50:29 - [Cluster 0 - CLIENT] - INFO - Received: evaluate message 6b04e91a-ebec-439c-8256-82c99773ccca
2025-04-01 08:50:29 - [Cluster 0 - CLIENT] - INFO - 
2025-04-01 08:50:29 - [Cluster 0 - CLIENT] - INFO - Received: evaluate message 4b505d2f-c783-4c21-a79c-ed41ecf08982
2025-04-01 08:50:30 - [Cluster 0 - CLIENT] - INFO - [Store 1042] Evaluation - Loss: 0.3210, MAE: 0.3576
2025-04-01 08:50:30 - [Cluster 0 - CLIENT] - INFO - Sent reply
2025-04-01 08:50:30 - [Cluster 0 - CLIENT] - INFO - 
2025-04-01 08:50:30 - [Cluster 0 - CLIENT] - INFO - Received: evaluate message 27b0662e-c7a2-43c1-8e86-67035a762b17
2025-04-01 08:50:30 - [Cluster 0 - CLIENT] - INFO - [Store 105] Evaluation - Loss: 0.3503, MAE: 0.4504
2025-04-01 08:50:30 - [Cluster 0 - CLIENT] - INFO - Sent reply
2025-04-01 08:50:30 - [Cluster 0 - CLIENT] - INFO - [Store 554] Evaluation - Loss: 0.7615, MAE: 0.6995
2025-04-01 08:50:30 - [Cluster 0 - CLIENT] - INFO - Sent reply
2025-04-01 08:50:30 - [Cluster 0 - CLIENT] - INFO - 
2025-04-01 08:50:30 - [Cluster 0 - CLIENT] - INFO - Received: evaluate message 52fd7593-d942-41cf-8449-31fe30ef6f2b
2025-04-01 08:50:30 - [Cluster 0 - CLIENT] - INFO - [Store 410] Evaluation - Loss: 0.3313, MAE: 0.3927
2025-04-01 08:50:30 - [Cluster 0 - CLIENT] - INFO - Sent reply
2025-04-01 08:50:30 - [Cluster 0 - CLIENT] - INFO - [Store 795] Evaluation - Loss: 0.2990, MAE: 0.3819
2025-04-01 08:50:30 - [Cluster 0 - CLIENT] - INFO - Sent reply
2025-04-01 08:50:30 - [Cluster 0 - CLIENT] - INFO - [Store 857] Evaluation - Loss: 0.4429, MAE: 0.4531
2025-04-01 08:50:30 - [Cluster 0 - CLIENT] - INFO - [Store 260] Evaluation - Loss: 0.2209, MAE: 0.2855
2025-04-01 08:50:30 - [Cluster 0 - CLIENT] - INFO - Sent reply
2025-04-01 08:50:30 - [Cluster 0 - CLIENT] - INFO - Sent reply
2025-04-01 08:50:30 - [Cluster 0 - CLIENT] - INFO - 
2025-04-01 08:50:30 - [Cluster 0 - CLIENT] - INFO - Received: evaluate message 2e2c0bba-6cd3-45ff-b755-873664e1bde5
2025-04-01 08:50:30 - [Cluster 0 - CLIENT] - INFO - [Store 65] Evaluation - Loss: 0.2492, MAE: 0.3439
2025-04-01 08:50:30 - [Cluster 0 - CLIENT] - INFO - Sent reply
2025-04-01 08:50:30 - [Cluster 0 - CLIENT] - INFO - [Store 77] Evaluation - Loss: 0.2936, MAE: 0.3511
2025-04-01 08:50:30 - [Cluster 0 - CLIENT] - INFO - Sent reply
2025-04-01 08:50:30 - [Cluster 0 - CLIENT] - INFO - 
2025-04-01 08:50:30 - [Cluster 0 - CLIENT] - INFO - Received: evaluate message 00230d05-8930-404e-858c-b1c7a184f6d7
2025-04-01 08:50:30 - [Cluster 0 - CLIENT] - INFO - 
2025-04-01 08:50:30 - [Cluster 0 - CLIENT] - INFO - Received: evaluate message e503f7f8-39c3-418d-bcac-0e409f90bbae
2025-04-01 08:50:30 - [Cluster 0 - CLIENT] - INFO - 
2025-04-01 08:50:30 - [Cluster 0 - CLIENT] - INFO - Received: evaluate message d39db1af-2bd4-45c5-ba7e-5d849478cd44
2025-04-01 08:50:30 - [Cluster 0 - CLIENT] - INFO - [Store 305] Evaluation - Loss: 0.5758, MAE: 0.5720
2025-04-01 08:50:30 - [Cluster 0 - CLIENT] - INFO - Sent reply
2025-04-01 08:50:30 - [Cluster 0 - CLIENT] - INFO - [Store 511] Evaluation - Loss: 0.2700, MAE: 0.3390
2025-04-01 08:50:30 - [Cluster 0 - CLIENT] - INFO - Sent reply
2025-04-01 08:50:30 - [Cluster 0 - CLIENT] - INFO - [Store 440] Evaluation - Loss: 0.4089, MAE: 0.4425
2025-04-01 08:50:30 - [Cluster 0 - CLIENT] - INFO - Sent reply
2025-04-01 08:50:30 - [Cluster 0 - CLIENT] - INFO - 
2025-04-01 08:50:30 - [Cluster 0 - CLIENT] - INFO - Received: evaluate message 966ab9fc-c9e6-4172-ba54-edf3c8c5cf85
2025-04-01 08:50:30 - [Cluster 0 - CLIENT] - INFO - [Store 922] Evaluation - Loss: 0.3015, MAE: 0.3460
2025-04-01 08:50:30 - [Cluster 0 - CLIENT] - INFO - 
2025-04-01 08:50:30 - [Cluster 0 - CLIENT] - INFO - Received: evaluate message 74193f3b-4c2a-4ed5-878f-d1d51bf7ce79
2025-04-01 08:50:30 - [Cluster 0 - CLIENT] - INFO - Sent reply
2025-04-01 08:50:30 - [Cluster 0 - CLIENT] - INFO - [Store 730] Evaluation - Loss: 0.1933, MAE: 0.2712
2025-04-01 08:50:30 - [Cluster 0 - CLIENT] - INFO - 
2025-04-01 08:50:30 - [Cluster 0 - CLIENT] - INFO - Sent reply
2025-04-01 08:50:30 - [Cluster 0 - CLIENT] - INFO - Received: evaluate message e9d48010-22c7-4204-8ad9-8aeeb4cace08
2025-04-01 08:50:30 - [Cluster 0 - CLIENT] - INFO - 
2025-04-01 08:50:30 - [Cluster 0 - CLIENT] - INFO - Received: evaluate message 31179d84-7692-4f09-9ef0-45e1d4f91070
2025-04-01 08:50:30 - [Cluster 0 - CLIENT] - INFO - 
2025-04-01 08:50:30 - [Cluster 0 - CLIENT] - INFO - Received: evaluate message db7fb578-9f7d-4310-92b1-e43e9a2c5e8f
2025-04-01 08:50:30 - [Cluster 0 - CLIENT] - INFO - 
2025-04-01 08:50:30 - [Cluster 0 - CLIENT] - INFO - 
2025-04-01 08:50:30 - [Cluster 0 - CLIENT] - INFO - Received: evaluate message a2dc6789-2f72-4598-bf15-8af990a0168f
2025-04-01 08:50:30 - [Cluster 0 - CLIENT] - INFO - Received: evaluate message 0b9776f1-b489-44dd-b88c-98e3b6e55ea6
2025-04-01 08:50:30 - [Cluster 0 - CLIENT] - INFO - [Store 47] Evaluation - Loss: 0.3053, MAE: 0.3640
2025-04-01 08:50:30 - [Cluster 0 - CLIENT] - INFO - Sent reply
2025-04-01 08:50:30 - [Cluster 0 - CLIENT] - INFO - 
2025-04-01 08:50:30 - [Cluster 0 - CLIENT] - INFO - Received: evaluate message e7dc51d5-97bd-4d12-9cc5-7511e80519b4
2025-04-01 08:50:30 - [Cluster 0 - CLIENT] - INFO - 
2025-04-01 08:50:30 - [Cluster 0 - CLIENT] - INFO - Received: evaluate message 87eaa241-9f29-47a5-a37a-4273a774051e
2025-04-01 08:50:31 - [Cluster 0 - CLIENT] - INFO - [Store 628] Evaluation - Loss: 0.3255, MAE: 0.3655
2025-04-01 08:50:31 - [Cluster 0 - CLIENT] - INFO - Sent reply
2025-04-01 08:50:31 - [Cluster 0 - CLIENT] - INFO - [Store 718] Evaluation - Loss: 0.2303, MAE: 0.2787
2025-04-01 08:50:31 - [Cluster 0 - CLIENT] - INFO - Sent reply
2025-04-01 08:50:31 - [Cluster 0 - CLIENT] - INFO - [Store 1099] Evaluation - Loss: 0.3637, MAE: 0.4241
2025-04-01 08:50:31 - [Cluster 0 - CLIENT] - INFO - Sent reply
2025-04-01 08:50:31 - [Cluster 0 - CLIENT] - INFO - [Store 74] Evaluation - Loss: 0.2857, MAE: 0.3120
2025-04-01 08:50:31 - [Cluster 0 - CLIENT] - INFO - Sent reply
2025-04-01 08:50:31 - [Cluster 0 - CLIENT] - INFO - [Store 55] Evaluation - Loss: 0.3586, MAE: 0.4547
2025-04-01 08:50:31 - [Cluster 0 - CLIENT] - INFO - Sent reply
2025-04-01 08:50:31 - [Cluster 0 - CLIENT] - INFO - [Store 658] Evaluation - Loss: 0.2024, MAE: 0.2877
2025-04-01 08:50:31 - [Cluster 0 - CLIENT] - INFO - Sent reply
2025-04-01 08:50:31 - [Cluster 0 - CLIENT] - INFO - [Store 254] Evaluation - Loss: 0.3906, MAE: 0.4298
2025-04-01 08:50:31 - [Cluster 0 - CLIENT] - INFO - Sent reply
2025-04-01 08:50:31 - [Cluster 0 - CLIENT] - INFO - [Store 305] Evaluation - Loss: 0.5758, MAE: 0.5720
2025-04-01 08:50:31 - [Cluster 0 - CLIENT] - INFO - Sent reply
2025-04-01 08:50:31 - [Cluster 0 - CLIENT] - INFO - [Store 201] Evaluation - Loss: 0.3124, MAE: 0.3637
2025-04-01 08:50:31 - [Cluster 0 - CLIENT] - INFO - [Store 1073] Evaluation - Loss: 3.1295, MAE: 1.3241
2025-04-01 08:50:31 - [Cluster 0 - CLIENT] - INFO - Sent reply
2025-04-01 08:50:31 - [Cluster 0 - CLIENT] - INFO - [Store 886] Evaluation - Loss: 0.3800, MAE: 0.4172
2025-04-01 08:50:31 - [Cluster 0 - CLIENT] - INFO - Sent reply
2025-04-01 08:50:31 - [Cluster 0 - CLIENT] - INFO - Sent reply
2025-04-01 08:50:31 - [Cluster 0 - CLIENT] - INFO - [Store 360] Evaluation - Loss: 0.2347, MAE: 0.3114
2025-04-01 08:50:31 - [Cluster 0 - CLIENT] - INFO - Sent reply
2025-04-01 08:50:31 - [Cluster 0 - CLIENT] - INFO - [Store 1083] Evaluation - Loss: 0.5147, MAE: 0.5211
2025-04-01 08:50:31 - [Cluster 0 - CLIENT] - INFO - Sent reply
2025-04-01 08:50:31 - [Cluster 0 - CLIENT] - INFO - [Store 949] Evaluation - Loss: 0.2285, MAE: 0.3313
2025-04-01 08:50:31 - [Cluster 0 - CLIENT] - INFO - Sent reply
2025-04-01 08:50:31 - [Cluster 0 - CLIENT] - INFO - [Store 200] Evaluation - Loss: 0.3424, MAE: 0.3624
2025-04-01 08:50:31 - [Cluster 0 - CLIENT] - INFO - Sent reply
2025-04-01 08:50:31 - [Cluster 0 - CLIENT] - INFO - 
2025-04-01 08:50:31 - [Cluster 0 - CLIENT] - INFO - Received: train message 1888ff9a-fe7c-4d69-90b8-346c9a596e98
2025-04-01 08:50:31 - [Cluster 0 - CLIENT] - INFO - 
2025-04-01 08:50:31 - [Cluster 0 - CLIENT] - INFO - Received: train message 2b1079c4-8b97-4358-8625-37ef59f39faa
2025-04-01 08:50:31 - [Cluster 0 - CLIENT] - INFO - 
2025-04-01 08:50:31 - [Cluster 0 - CLIENT] - INFO - Received: train message 2de678e4-9de2-4e26-b0ae-069930dcdeab
2025-04-01 08:50:31 - [Cluster 0 - CLIENT] - INFO - 
2025-04-01 08:50:31 - [Cluster 0 - CLIENT] - INFO - Received: train message bbbc1953-d820-418b-9a7e-f9cbb17c3791
2025-04-01 08:50:31 - [Cluster 0 - CLIENT] - INFO - 
2025-04-01 08:50:31 - [Cluster 0 - CLIENT] - INFO - Received: train message 1893eefa-3fa7-49c6-b22b-adc4626e432a
2025-04-01 08:50:31 - [Cluster 0 - CLIENT] - INFO - 
2025-04-01 08:50:31 - [Cluster 0 - CLIENT] - INFO - Received: train message 4517ed47-ff9e-4caa-a287-a88b209757cd
2025-04-01 08:50:31 - [Cluster 0 - CLIENT] - INFO - [Store 305] Starting local training.
2025-04-01 08:50:31 - [Cluster 0 - CLIENT] - INFO - 
2025-04-01 08:50:31 - [Cluster 0 - CLIENT] - INFO - Received: train message 760e991e-d20e-4a5d-9b02-e3f0788003a1
2025-04-01 08:50:31 - [Cluster 0 - CLIENT] - INFO - 
2025-04-01 08:50:31 - [Cluster 0 - CLIENT] - INFO - Received: train message 9b468e98-309d-44da-8a21-adc7d86fc0d6
2025-04-01 08:50:31 - [Cluster 0 - CLIENT] - INFO - [Store 360] Starting local training.
2025-04-01 08:50:31 - [Cluster 0 - CLIENT] - INFO - 
2025-04-01 08:50:31 - [Cluster 0 - CLIENT] - INFO - Received: train message 75242054-e58d-415e-b03e-3d61f6aea8a0
2025-04-01 08:50:31 - [Cluster 0 - CLIENT] - INFO - [Store 105] Starting local training.
2025-04-01 08:50:31 - [Cluster 0 - CLIENT] - INFO - 
2025-04-01 08:50:31 - [Cluster 0 - CLIENT] - INFO - Received: train message 24438b11-36e0-4609-ad73-fe1bf3836b49
2025-04-01 08:50:31 - [Cluster 0 - CLIENT] - INFO - 
2025-04-01 08:50:31 - [Cluster 0 - CLIENT] - INFO - 
2025-04-01 08:50:31 - [Cluster 0 - CLIENT] - INFO - Received: train message 9e0a410c-3f02-4acb-bd1a-2c62b84c8908
2025-04-01 08:50:31 - [Cluster 0 - CLIENT] - INFO - Received: train message 4e7c8418-d7bc-4f44-b51d-c8e2b3d2ee40
2025-04-01 08:50:31 - [Cluster 0 - CLIENT] - INFO - 
2025-04-01 08:50:31 - [Cluster 0 - CLIENT] - INFO - Received: train message 71bcd547-0faf-4975-9b49-6f9c5478182e
2025-04-01 08:50:31 - [Cluster 0 - CLIENT] - INFO - 
2025-04-01 08:50:31 - [Cluster 0 - CLIENT] - INFO - Received: train message 8d21aaa7-3ee5-4265-908a-176bf4a5f85c
2025-04-01 08:50:31 - [Cluster 0 - CLIENT] - INFO - [Store 440] Starting local training.
2025-04-01 08:50:31 - [Cluster 0 - CLIENT] - INFO - [Store 730] Starting local training.
2025-04-01 08:50:31 - [Cluster 0 - CLIENT] - INFO - [Store 200] Starting local training.
2025-04-01 08:50:31 - [Cluster 0 - CLIENT] - INFO - [Store 628] Starting local training.
2025-04-01 08:50:31 - [Cluster 0 - CLIENT] - INFO - [Store 922] Starting local training.
2025-04-01 08:50:31 - [Cluster 0 - CLIENT] - INFO - [Store 1042] Starting local training.
2025-04-01 08:50:31 - [Cluster 0 - CLIENT] - INFO - 
2025-04-01 08:50:31 - [Cluster 0 - CLIENT] - INFO - Received: train message 25bd06cd-09c2-4136-854d-920ffb9c2df0
2025-04-01 08:50:31 - [Cluster 0 - CLIENT] - INFO - [Store 554] Starting local training.
2025-04-01 08:50:31 - [Cluster 0 - CLIENT] - INFO - [Store 55] Starting local training.
2025-04-01 08:50:31 - [Cluster 0 - CLIENT] - INFO - [Store 77] Starting local training.
2025-04-01 08:50:31 - [Cluster 0 - CLIENT] - INFO - [Store 254] Starting local training.
2025-04-01 08:50:31 - [Cluster 0 - CLIENT] - INFO - [Store 74] Starting local training.
2025-04-01 08:50:31 - [Cluster 0 - CLIENT] - INFO - [Store 1083] Starting local training.
2025-04-01 08:54:01 - [Cluster 0 - CLIENT] - INFO - [Store 360] Local training complete.
2025-04-01 08:54:01 - [Cluster 0 - CLIENT] - INFO - Sent reply
2025-04-01 08:54:01 - [Cluster 0 - CLIENT] - INFO - 
2025-04-01 08:54:01 - [Cluster 0 - CLIENT] - INFO - Received: train message 932d6dba-3895-47af-9990-d64a362cc659
2025-04-01 08:54:02 - [Cluster 0 - CLIENT] - INFO - [Store 658] Starting local training.
2025-04-01 08:54:04 - [Cluster 0 - CLIENT] - INFO - [Store 105] Local training complete.
2025-04-01 08:54:04 - [Cluster 0 - CLIENT] - INFO - Sent reply
2025-04-01 08:54:04 - [Cluster 0 - CLIENT] - INFO - 
2025-04-01 08:54:04 - [Cluster 0 - CLIENT] - INFO - Received: train message 5780d967-6040-4cf1-acac-00b44d96c56c
2025-04-01 08:54:04 - [Cluster 0 - CLIENT] - INFO - [Store 201] Starting local training.
2025-04-01 08:54:04 - [Cluster 0 - CLIENT] - INFO - [Store 254] Local training complete.
2025-04-01 08:54:05 - [Cluster 0 - CLIENT] - INFO - Sent reply
2025-04-01 08:54:05 - [Cluster 0 - CLIENT] - INFO - 
2025-04-01 08:54:05 - [Cluster 0 - CLIENT] - INFO - Received: train message 9caa27e2-f713-47d8-b590-f9fe67546acc
2025-04-01 08:54:05 - [Cluster 0 - CLIENT] - INFO - [Store 65] Starting local training.
2025-04-01 08:54:05 - [Cluster 0 - CLIENT] - INFO - [Store 730] Local training complete.
2025-04-01 08:54:05 - [Cluster 0 - CLIENT] - INFO - Sent reply
2025-04-01 08:54:05 - [Cluster 0 - CLIENT] - INFO - 
2025-04-01 08:54:05 - [Cluster 0 - CLIENT] - INFO - Received: train message 62a33981-4a57-4cc1-8334-2dce0d8e40e3
2025-04-01 08:54:06 - [Cluster 0 - CLIENT] - INFO - [Store 305] Starting local training.
2025-04-01 08:54:07 - [Cluster 0 - CLIENT] - INFO - [Store 74] Local training complete.
2025-04-01 08:54:07 - [Cluster 0 - CLIENT] - INFO - Sent reply
2025-04-01 08:54:07 - [Cluster 0 - CLIENT] - INFO - 
2025-04-01 08:54:07 - [Cluster 0 - CLIENT] - INFO - Received: train message 47838b51-2b2c-4b1b-83ef-7707dc98a649
2025-04-01 08:54:08 - [Cluster 0 - CLIENT] - INFO - [Store 260] Starting local training.
2025-04-01 08:54:08 - [Cluster 0 - CLIENT] - INFO - [Store 77] Local training complete.
2025-04-01 08:54:08 - [Cluster 0 - CLIENT] - INFO - Sent reply
2025-04-01 08:54:08 - [Cluster 0 - CLIENT] - INFO - 
2025-04-01 08:54:08 - [Cluster 0 - CLIENT] - INFO - Received: train message dd3dbe6d-d387-498c-9ca3-f58c548b0ba9
2025-04-01 08:54:09 - [Cluster 0 - CLIENT] - INFO - [Store 511] Starting local training.
2025-04-01 08:54:10 - [Cluster 0 - CLIENT] - INFO - [Store 922] Local training complete.
2025-04-01 08:54:11 - [Cluster 0 - CLIENT] - INFO - Sent reply
2025-04-01 08:54:11 - [Cluster 0 - CLIENT] - INFO - 
2025-04-01 08:54:11 - [Cluster 0 - CLIENT] - INFO - Received: train message f1a6d1a4-ae82-491c-a1f0-b1a1ee22b00d
2025-04-01 08:54:11 - [Cluster 0 - CLIENT] - INFO - [Store 795] Starting local training.
2025-04-01 08:54:11 - [Cluster 0 - CLIENT] - INFO - [Store 554] Local training complete.
2025-04-01 08:54:11 - [Cluster 0 - CLIENT] - INFO - Sent reply
2025-04-01 08:54:11 - [Cluster 0 - CLIENT] - INFO - [Store 1042] Local training complete.
2025-04-01 08:54:11 - [Cluster 0 - CLIENT] - INFO - Sent reply
2025-04-01 08:54:11 - [Cluster 0 - CLIENT] - INFO - 
2025-04-01 08:54:11 - [Cluster 0 - CLIENT] - INFO - [Store 1083] Local training complete.
2025-04-01 08:54:11 - [Cluster 0 - CLIENT] - INFO - Received: train message 5eeb0345-0a0c-4aa7-b026-a3e812a72bd4
2025-04-01 08:54:11 - [Cluster 0 - CLIENT] - INFO - [Store 200] Local training complete.
2025-04-01 08:54:11 - [Cluster 0 - CLIENT] - INFO - 
2025-04-01 08:54:11 - [Cluster 0 - CLIENT] - INFO - Received: train message acf4ee13-a468-412d-ad51-45e063755a44
2025-04-01 08:54:11 - [Cluster 0 - CLIENT] - INFO - Sent reply
2025-04-01 08:54:11 - [Cluster 0 - CLIENT] - INFO - [Store 410] Starting local training.
2025-04-01 08:54:11 - [Cluster 0 - CLIENT] - INFO - [Store 47] Starting local training.
2025-04-01 08:54:11 - [Cluster 0 - CLIENT] - INFO - Sent reply
2025-04-01 08:54:11 - [Cluster 0 - CLIENT] - INFO - 
2025-04-01 08:54:11 - [Cluster 0 - CLIENT] - INFO - Received: train message 216d9106-bfe2-4a19-ab22-99e5a00322fb
2025-04-01 08:54:11 - [Cluster 0 - CLIENT] - INFO - 
2025-04-01 08:54:11 - [Cluster 0 - CLIENT] - INFO - Received: train message f830c5c7-ec97-4606-9ca2-54ea214b213b
2025-04-01 08:54:11 - [Cluster 0 - CLIENT] - INFO - [Store 1099] Starting local training.
2025-04-01 08:54:12 - [Cluster 0 - CLIENT] - INFO - [Store 857] Starting local training.
2025-04-01 08:54:12 - [Cluster 0 - CLIENT] - INFO - [Store 55] Local training complete.
2025-04-01 08:54:12 - [Cluster 0 - CLIENT] - INFO - Sent reply
2025-04-01 08:54:12 - [Cluster 0 - CLIENT] - INFO - 
2025-04-01 08:54:12 - [Cluster 0 - CLIENT] - INFO - Received: train message aa579b81-1d9a-410d-bee3-d850a70e3f25
2025-04-01 08:54:12 - [Cluster 0 - CLIENT] - INFO - [Store 1073] Starting local training.
2025-04-01 08:54:13 - [Cluster 0 - CLIENT] - INFO - [Store 305] Local training complete.
2025-04-01 08:54:13 - [Cluster 0 - CLIENT] - INFO - Sent reply
2025-04-01 08:54:13 - [Cluster 0 - CLIENT] - INFO - 
2025-04-01 08:54:13 - [Cluster 0 - CLIENT] - INFO - Received: train message 242319e3-87ec-45fe-9de5-fcdbd2e7b49b
2025-04-01 08:54:13 - [Cluster 0 - CLIENT] - INFO - [Store 718] Starting local training.
2025-04-01 08:54:25 - [Cluster 0 - CLIENT] - INFO - [Store 440] Local training complete.
2025-04-01 08:54:25 - [Cluster 0 - CLIENT] - INFO - Sent reply
2025-04-01 08:54:25 - [Cluster 0 - CLIENT] - INFO - 
2025-04-01 08:54:25 - [Cluster 0 - CLIENT] - INFO - Received: train message 4246e878-437e-4cfe-809e-9f76baa31b9f
2025-04-01 08:54:25 - [Cluster 0 - CLIENT] - INFO - [Store 949] Starting local training.
2025-04-01 08:54:34 - [Cluster 0 - CLIENT] - INFO - [Store 628] Local training complete.
2025-04-01 08:54:34 - [Cluster 0 - CLIENT] - INFO - Sent reply
2025-04-01 08:54:34 - [Cluster 0 - CLIENT] - INFO - 
2025-04-01 08:54:34 - [Cluster 0 - CLIENT] - INFO - Received: train message a697d7e6-9980-4f23-9915-06de83fac954
2025-04-01 08:54:35 - [Cluster 0 - CLIENT] - INFO - [Store 886] Starting local training.
2025-04-01 08:57:36 - [Cluster 0 - CLIENT] - INFO - [Store 658] Local training complete.
2025-04-01 08:57:36 - [Cluster 0 - CLIENT] - INFO - Sent reply
2025-04-01 08:57:37 - [Cluster 0 - CLIENT] - INFO - [Store 65] Local training complete.
2025-04-01 08:57:37 - [Cluster 0 - CLIENT] - INFO - Sent reply
2025-04-01 08:57:37 - [Cluster 0 - CLIENT] - INFO - [Store 201] Local training complete.
2025-04-01 08:57:37 - [Cluster 0 - CLIENT] - INFO - Sent reply
2025-04-01 08:57:39 - [Cluster 0 - CLIENT] - INFO - [Store 260] Local training complete.
2025-04-01 08:57:39 - [Cluster 0 - CLIENT] - INFO - Sent reply
2025-04-01 08:57:40 - [Cluster 0 - CLIENT] - INFO - [Store 305] Local training complete.
2025-04-01 08:57:40 - [Cluster 0 - CLIENT] - INFO - Sent reply
2025-04-01 08:57:40 - [Cluster 0 - CLIENT] - INFO - [Store 857] Local training complete.
2025-04-01 08:57:41 - [Cluster 0 - CLIENT] - INFO - Sent reply
2025-04-01 08:57:41 - [Cluster 0 - CLIENT] - INFO - [Store 1073] Local training complete.
2025-04-01 08:57:41 - [Cluster 0 - CLIENT] - INFO - Sent reply
2025-04-01 08:57:41 - [Cluster 0 - CLIENT] - INFO - [Store 410] Local training complete.
2025-04-01 08:57:41 - [Cluster 0 - CLIENT] - INFO - Sent reply
2025-04-01 08:57:42 - [Cluster 0 - CLIENT] - INFO - [Store 795] Local training complete.
2025-04-01 08:57:42 - [Cluster 0 - CLIENT] - INFO - Sent reply
2025-04-01 08:57:42 - [Cluster 0 - CLIENT] - INFO - [Store 47] Local training complete.
2025-04-01 08:57:42 - [Cluster 0 - CLIENT] - INFO - Sent reply
2025-04-01 08:57:42 - [Cluster 0 - CLIENT] - INFO - [Store 1099] Local training complete.
2025-04-01 08:57:42 - [Cluster 0 - CLIENT] - INFO - Sent reply
2025-04-01 08:57:42 - [Cluster 0 - CLIENT] - INFO - [Store 718] Local training complete.
2025-04-01 08:57:43 - [Cluster 0 - CLIENT] - INFO - Sent reply
2025-04-01 08:57:44 - [Cluster 0 - CLIENT] - INFO - [Store 949] Local training complete.
2025-04-01 08:57:44 - [Cluster 0 - CLIENT] - INFO - Sent reply
2025-04-01 08:57:44 - [Cluster 0 - CLIENT] - INFO - [Store 886] Local training complete.
2025-04-01 08:57:44 - [Cluster 0 - CLIENT] - INFO - Sent reply
2025-04-01 08:57:48 - [Cluster 0 - CLIENT] - INFO - [Store 511] Local training complete.
2025-04-01 08:57:48 - [Cluster 0 - CLIENT] - INFO - Sent reply
2025-04-01 08:57:49 - [Cluster 0 - CLIENT] - INFO - 
2025-04-01 08:57:49 - [Cluster 0 - CLIENT] - INFO - Received: evaluate message 2f7e6b49-d8cd-41ba-9d40-51921eea0dee
2025-04-01 08:57:49 - [Cluster 0 - CLIENT] - INFO - 
2025-04-01 08:57:49 - [Cluster 0 - CLIENT] - INFO - Received: evaluate message 5092ab16-2512-460a-9c84-840329a613b4
2025-04-01 08:57:49 - [Cluster 0 - CLIENT] - INFO - 
2025-04-01 08:57:49 - [Cluster 0 - CLIENT] - INFO - Received: evaluate message c34c633f-b681-4742-ae2e-bcaad2c99ae0
2025-04-01 08:57:49 - [Cluster 0 - CLIENT] - INFO - 
2025-04-01 08:57:49 - [Cluster 0 - CLIENT] - INFO - Received: evaluate message a4412e45-5f16-4d35-a221-0f360b6cc7e7
2025-04-01 08:57:49 - [Cluster 0 - CLIENT] - INFO - 
2025-04-01 08:57:49 - [Cluster 0 - CLIENT] - INFO - Received: evaluate message 0b1498fa-082a-44ca-a8c5-bc2dfc4bbf8f
2025-04-01 08:57:49 - [Cluster 0 - CLIENT] - INFO - 
2025-04-01 08:57:49 - [Cluster 0 - CLIENT] - INFO - Received: evaluate message f0ebaff6-3669-4dc0-8a14-d652c571d768
2025-04-01 08:57:49 - [Cluster 0 - CLIENT] - INFO - 
2025-04-01 08:57:49 - [Cluster 0 - CLIENT] - INFO - 
2025-04-01 08:57:49 - [Cluster 0 - CLIENT] - INFO - Received: evaluate message 9eb6a65a-186b-4f9f-bfd8-8677dde2691b
2025-04-01 08:57:49 - [Cluster 0 - CLIENT] - INFO - Received: evaluate message bb1ba220-f289-4416-ae20-5f57ad492284
2025-04-01 08:57:49 - [Cluster 0 - CLIENT] - INFO - 
2025-04-01 08:57:49 - [Cluster 0 - CLIENT] - INFO - 
2025-04-01 08:57:49 - [Cluster 0 - CLIENT] - INFO - Received: evaluate message e3f14ef7-2478-4ef3-948d-12abbc791b4f
2025-04-01 08:57:49 - [Cluster 0 - CLIENT] - INFO - Received: evaluate message 058db707-ee47-4613-892c-f90d3d73f21f
2025-04-01 08:57:49 - [Cluster 0 - CLIENT] - INFO - 
2025-04-01 08:57:49 - [Cluster 0 - CLIENT] - INFO - Received: evaluate message 5d5c3caa-c8a6-42c2-a024-424f95724729
2025-04-01 08:57:49 - [Cluster 0 - CLIENT] - INFO - 
2025-04-01 08:57:49 - [Cluster 0 - CLIENT] - INFO - Received: evaluate message 2822e5f2-3cb5-4df8-9f69-c64f687ea686
2025-04-01 08:57:49 - [Cluster 0 - CLIENT] - INFO - 
2025-04-01 08:57:49 - [Cluster 0 - CLIENT] - INFO - Received: evaluate message a33dde88-78f8-42d9-a3d4-3ad35a6be825
2025-04-01 08:57:49 - [Cluster 0 - CLIENT] - INFO - 
2025-04-01 08:57:49 - [Cluster 0 - CLIENT] - INFO - Received: evaluate message ca4d8a2a-f74a-4ac5-8cf3-4992de4f9ce9
2025-04-01 08:57:49 - [Cluster 0 - CLIENT] - INFO - 
2025-04-01 08:57:49 - [Cluster 0 - CLIENT] - INFO - Received: evaluate message acbfa42b-ce9a-4cd5-83da-e0c4f527e2a4
2025-04-01 08:57:50 - [Cluster 0 - CLIENT] - INFO - [Store 1073] Evaluation - Loss: 3.1218, MAE: 1.3158
2025-04-01 08:57:50 - [Cluster 0 - CLIENT] - INFO - Sent reply
2025-04-01 08:57:50 - [Cluster 0 - CLIENT] - INFO - [Store 410] Evaluation - Loss: 0.3277, MAE: 0.3906
2025-04-01 08:57:50 - [Cluster 0 - CLIENT] - INFO - 
2025-04-01 08:57:50 - [Cluster 0 - CLIENT] - INFO - Received: evaluate message 96826b01-4c82-4c08-8883-ce87f8ece276
2025-04-01 08:57:50 - [Cluster 0 - CLIENT] - INFO - Sent reply
2025-04-01 08:57:50 - [Cluster 0 - CLIENT] - INFO - [Store 949] Evaluation - Loss: 0.2263, MAE: 0.3309
2025-04-01 08:57:50 - [Cluster 0 - CLIENT] - INFO - Sent reply
2025-04-01 08:57:50 - [Cluster 0 - CLIENT] - INFO - 
2025-04-01 08:57:50 - [Cluster 0 - CLIENT] - INFO - Received: evaluate message 3dcf13ac-fea5-4c7b-82e0-cb6be4afb7dd
2025-04-01 08:57:50 - [Cluster 0 - CLIENT] - INFO - 
2025-04-01 08:57:50 - [Cluster 0 - CLIENT] - INFO - Received: evaluate message 3864da2a-174d-40fb-ae77-5393d962984c
2025-04-01 08:57:50 - [Cluster 0 - CLIENT] - INFO - [Store 77] Evaluation - Loss: 0.2881, MAE: 0.3486
2025-04-01 08:57:50 - [Cluster 0 - CLIENT] - INFO - Sent reply
2025-04-01 08:57:50 - [Cluster 0 - CLIENT] - INFO - [Store 305] Evaluation - Loss: 0.5843, MAE: 0.5825
2025-04-01 08:57:50 - [Cluster 0 - CLIENT] - INFO - Sent reply
2025-04-01 08:57:50 - [Cluster 0 - CLIENT] - INFO - [Store 554] Evaluation - Loss: 0.7827, MAE: 0.7027
2025-04-01 08:57:50 - [Cluster 0 - CLIENT] - INFO - Sent reply
2025-04-01 08:57:50 - [Cluster 0 - CLIENT] - INFO - 
2025-04-01 08:57:50 - [Cluster 0 - CLIENT] - INFO - Received: evaluate message d9896876-078d-4c94-a886-c11eb1ff5388
2025-04-01 08:57:50 - [Cluster 0 - CLIENT] - INFO - 
2025-04-01 08:57:50 - [Cluster 0 - CLIENT] - INFO - Received: evaluate message fc7c2d63-b8fc-4a36-8a58-f1b1c70b6b8f
2025-04-01 08:57:50 - [Cluster 0 - CLIENT] - INFO - 
2025-04-01 08:57:50 - [Cluster 0 - CLIENT] - INFO - Received: evaluate message 0ae03c77-5bd1-4da0-8117-e86f2fabf830
2025-04-01 08:57:50 - [Cluster 0 - CLIENT] - INFO - [Store 65] Evaluation - Loss: 0.2447, MAE: 0.3366
2025-04-01 08:57:50 - [Cluster 0 - CLIENT] - INFO - Sent reply
2025-04-01 08:57:50 - [Cluster 0 - CLIENT] - INFO - [Store 201] Evaluation - Loss: 0.3066, MAE: 0.3603
2025-04-01 08:57:50 - [Cluster 0 - CLIENT] - INFO - Sent reply
2025-04-01 08:57:50 - [Cluster 0 - CLIENT] - INFO - 
2025-04-01 08:57:50 - [Cluster 0 - CLIENT] - INFO - Received: evaluate message f1cbe9a3-53a9-448b-8500-c648d02e8bf8
2025-04-01 08:57:50 - [Cluster 0 - CLIENT] - INFO - 
2025-04-01 08:57:50 - [Cluster 0 - CLIENT] - INFO - Received: evaluate message 46a1b0ae-3de1-4da7-a18c-1910e9db5270
2025-04-01 08:57:50 - [Cluster 0 - CLIENT] - INFO - [Store 922] Evaluation - Loss: 0.2989, MAE: 0.3466
2025-04-01 08:57:50 - [Cluster 0 - CLIENT] - INFO - Sent reply
2025-04-01 08:57:50 - [Cluster 0 - CLIENT] - INFO - [Store 1083] Evaluation - Loss: 0.5253, MAE: 0.5283
2025-04-01 08:57:50 - [Cluster 0 - CLIENT] - INFO - [Store 1042] Evaluation - Loss: 0.3150, MAE: 0.3465
2025-04-01 08:57:50 - [Cluster 0 - CLIENT] - INFO - Sent reply
2025-04-01 08:57:50 - [Cluster 0 - CLIENT] - INFO - Sent reply
2025-04-01 08:57:50 - [Cluster 0 - CLIENT] - INFO - [Store 55] Evaluation - Loss: 0.3641, MAE: 0.4619
2025-04-01 08:57:50 - [Cluster 0 - CLIENT] - INFO - [Store 74] Evaluation - Loss: 0.2765, MAE: 0.3042
2025-04-01 08:57:50 - [Cluster 0 - CLIENT] - INFO - Sent reply
2025-04-01 08:57:50 - [Cluster 0 - CLIENT] - INFO - Sent reply
2025-04-01 08:57:50 - [Cluster 0 - CLIENT] - INFO - [Store 440] Evaluation - Loss: 0.4142, MAE: 0.4498
2025-04-01 08:57:50 - [Cluster 0 - CLIENT] - INFO - Sent reply
2025-04-01 08:57:50 - [Cluster 0 - CLIENT] - INFO - 
2025-04-01 08:57:50 - [Cluster 0 - CLIENT] - INFO - 
2025-04-01 08:57:50 - [Cluster 0 - CLIENT] - INFO - Received: evaluate message 6bed1cba-d1ed-4927-a957-b62b1a2c46e4
2025-04-01 08:57:50 - [Cluster 0 - CLIENT] - INFO - Received: evaluate message c7e4c36e-40be-423a-9dc7-8ec69b3c5225
2025-04-01 08:57:50 - [Cluster 0 - CLIENT] - INFO - 
2025-04-01 08:57:50 - [Cluster 0 - CLIENT] - INFO - Received: evaluate message 4738f36a-f4c5-4395-8fb6-8c2daa5e7825
2025-04-01 08:57:50 - [Cluster 0 - CLIENT] - INFO - 
2025-04-01 08:57:50 - [Cluster 0 - CLIENT] - INFO - Received: evaluate message f276f655-52b1-450f-bc4a-16a4df28c7ab
2025-04-01 08:57:50 - [Cluster 0 - CLIENT] - INFO - 
2025-04-01 08:57:50 - [Cluster 0 - CLIENT] - INFO - Received: evaluate message 6a66449f-32dc-4993-9de0-74abcd0ff7eb
2025-04-01 08:57:50 - [Cluster 0 - CLIENT] - INFO - [Store 360] Evaluation - Loss: 0.2332, MAE: 0.3108
2025-04-01 08:57:50 - [Cluster 0 - CLIENT] - INFO - Sent reply
2025-04-01 08:57:50 - [Cluster 0 - CLIENT] - INFO - 
2025-04-01 08:57:50 - [Cluster 0 - CLIENT] - INFO - Received: evaluate message 7abf73e9-920c-4960-9293-3c2aafc76a7c
2025-04-01 08:57:50 - [Cluster 0 - CLIENT] - INFO - 
2025-04-01 08:57:50 - [Cluster 0 - CLIENT] - INFO - Received: evaluate message 3f992ff7-35bd-4db0-b95d-c44e916ec9d9
2025-04-01 08:57:51 - [Cluster 0 - CLIENT] - INFO - [Store 47] Evaluation - Loss: 0.3078, MAE: 0.3667
2025-04-01 08:57:51 - [Cluster 0 - CLIENT] - INFO - Sent reply
2025-04-01 08:57:51 - [Cluster 0 - CLIENT] - INFO - [Store 886] Evaluation - Loss: 0.3789, MAE: 0.4198
2025-04-01 08:57:51 - [Cluster 0 - CLIENT] - INFO - Sent reply
2025-04-01 08:57:51 - [Cluster 0 - CLIENT] - INFO - [Store 305] Evaluation - Loss: 0.5843, MAE: 0.5825
2025-04-01 08:57:51 - [Cluster 0 - CLIENT] - INFO - Sent reply
2025-04-01 08:57:51 - [Cluster 0 - CLIENT] - INFO - [Store 857] Evaluation - Loss: 0.4446, MAE: 0.4582
2025-04-01 08:57:51 - [Cluster 0 - CLIENT] - INFO - Sent reply
2025-04-01 08:57:51 - [Cluster 0 - CLIENT] - INFO - [Store 511] Evaluation - Loss: 0.2712, MAE: 0.3426
2025-04-01 08:57:51 - [Cluster 0 - CLIENT] - INFO - Sent reply
2025-04-01 08:57:51 - [Cluster 0 - CLIENT] - INFO - [Store 200] Evaluation - Loss: 0.3383, MAE: 0.3595
2025-04-01 08:57:51 - [Cluster 0 - CLIENT] - INFO - Sent reply
2025-04-01 08:57:51 - [Cluster 0 - CLIENT] - INFO - [Store 795] Evaluation - Loss: 0.2931, MAE: 0.3751
2025-04-01 08:57:51 - [Cluster 0 - CLIENT] - INFO - Sent reply
2025-04-01 08:57:51 - [Cluster 0 - CLIENT] - INFO - [Store 628] Evaluation - Loss: 0.3230, MAE: 0.3602
2025-04-01 08:57:51 - [Cluster 0 - CLIENT] - INFO - Sent reply
2025-04-01 08:57:51 - [Cluster 0 - CLIENT] - INFO - [Store 260] Evaluation - Loss: 0.2189, MAE: 0.2864
2025-04-01 08:57:51 - [Cluster 0 - CLIENT] - INFO - Sent reply
2025-04-01 08:57:51 - [Cluster 0 - CLIENT] - INFO - [Store 658] Evaluation - Loss: 0.1955, MAE: 0.2772
2025-04-01 08:57:51 - [Cluster 0 - CLIENT] - INFO - Sent reply
2025-04-01 08:57:51 - [Cluster 0 - CLIENT] - INFO - [Store 730] Evaluation - Loss: 0.1874, MAE: 0.2620
2025-04-01 08:57:51 - [Cluster 0 - CLIENT] - INFO - Sent reply
2025-04-01 08:57:51 - [Cluster 0 - CLIENT] - INFO - [Store 105] Evaluation - Loss: 0.3607, MAE: 0.4566
2025-04-01 08:57:51 - [Cluster 0 - CLIENT] - INFO - Sent reply
2025-04-01 08:57:51 - [Cluster 0 - CLIENT] - INFO - [Store 254] Evaluation - Loss: 0.3856, MAE: 0.4264
2025-04-01 08:57:51 - [Cluster 0 - CLIENT] - INFO - Sent reply
2025-04-01 08:57:52 - [Cluster 0 - CLIENT] - INFO - [Store 1099] Evaluation - Loss: 0.3468, MAE: 0.4093
2025-04-01 08:57:52 - [Cluster 0 - CLIENT] - INFO - Sent reply
2025-04-01 08:57:52 - [Cluster 0 - CLIENT] - INFO - [Store 718] Evaluation - Loss: 0.2272, MAE: 0.2819
2025-04-01 08:57:52 - [Cluster 0 - CLIENT] - INFO - Sent reply
2025-04-01 08:57:52 - [Cluster 0 - CLIENT] - INFO - 
2025-04-01 08:57:52 - [Cluster 0 - CLIENT] - INFO - Received: train message c8a1e563-ca19-47da-9a91-ec0c12116724
2025-04-01 08:57:52 - [Cluster 0 - CLIENT] - INFO - 
2025-04-01 08:57:52 - [Cluster 0 - CLIENT] - INFO - Received: train message 547c5348-9c47-4b38-b57f-dc781bb92e8e
2025-04-01 08:57:52 - [Cluster 0 - CLIENT] - INFO - 
2025-04-01 08:57:52 - [Cluster 0 - CLIENT] - INFO - Received: train message c90d8594-772b-4446-9be5-74328a92cb32
2025-04-01 08:57:52 - [Cluster 0 - CLIENT] - INFO - 
2025-04-01 08:57:52 - [Cluster 0 - CLIENT] - INFO - Received: train message dc2bfe90-06ba-4c40-86bc-3e6095ee80e6
2025-04-01 08:57:52 - [Cluster 0 - CLIENT] - INFO - 
2025-04-01 08:57:52 - [Cluster 0 - CLIENT] - INFO - [Store 47] Starting local training.
2025-04-01 08:57:52 - [Cluster 0 - CLIENT] - INFO - Received: train message 7b7068e7-820a-4f92-bb92-cb738d9f0a4c
2025-04-01 08:57:52 - [Cluster 0 - CLIENT] - INFO - [Store 658] Starting local training.
2025-04-01 08:57:52 - [Cluster 0 - CLIENT] - INFO - 
2025-04-01 08:57:52 - [Cluster 0 - CLIENT] - INFO - Received: train message 1a15be31-899a-48eb-9741-dc8e71792b64
2025-04-01 08:57:52 - [Cluster 0 - CLIENT] - INFO - 
2025-04-01 08:57:52 - [Cluster 0 - CLIENT] - INFO - Received: train message cc7fdbeb-3def-44a8-8756-ad4e82e1a323
2025-04-01 08:57:52 - [Cluster 0 - CLIENT] - INFO - 
2025-04-01 08:57:52 - [Cluster 0 - CLIENT] - INFO - Received: train message cf2e415a-2b84-4b96-8d80-c0ac95a3f344
2025-04-01 08:57:52 - [Cluster 0 - CLIENT] - INFO - [Store 305] Starting local training.
2025-04-01 08:57:52 - [Cluster 0 - CLIENT] - INFO - 
2025-04-01 08:57:52 - [Cluster 0 - CLIENT] - INFO - Received: train message 95f49739-c3d4-4609-b291-b53cdc1795b1
2025-04-01 08:57:52 - [Cluster 0 - CLIENT] - INFO - [Store 201] Starting local training.
2025-04-01 08:57:52 - [Cluster 0 - CLIENT] - INFO - 
2025-04-01 08:57:52 - [Cluster 0 - CLIENT] - INFO - Received: train message b8d7e5ed-7da6-4b06-bd8b-d87db144f1bf
2025-04-01 08:57:52 - [Cluster 0 - CLIENT] - INFO - [Store 254] Starting local training.
2025-04-01 08:57:52 - [Cluster 0 - CLIENT] - INFO - 
2025-04-01 08:57:52 - [Cluster 0 - CLIENT] - INFO - Received: train message 860ef1af-d54f-4756-b275-b9ecdd7325dd
2025-04-01 08:57:52 - [Cluster 0 - CLIENT] - INFO - [Store 922] Starting local training.
2025-04-01 08:57:52 - [Cluster 0 - CLIENT] - INFO - [Store 628] Starting local training.
2025-04-01 08:57:52 - [Cluster 0 - CLIENT] - INFO - 
2025-04-01 08:57:52 - [Cluster 0 - CLIENT] - INFO - Received: train message 187d09cd-94ea-40a4-8d92-9de268a43c21
2025-04-01 08:57:52 - [Cluster 0 - CLIENT] - INFO - 
2025-04-01 08:57:52 - [Cluster 0 - CLIENT] - INFO - 
2025-04-01 08:57:52 - [Cluster 0 - CLIENT] - INFO - Received: train message 5393ec89-f067-4b8c-979d-038463587fb9
2025-04-01 08:57:52 - [Cluster 0 - CLIENT] - INFO - Received: train message a9b2fbd4-0815-4659-b460-df30364d7ee2
2025-04-01 08:57:52 - [Cluster 0 - CLIENT] - INFO - [Store 260] Starting local training.
2025-04-01 08:57:52 - [Cluster 0 - CLIENT] - INFO - [Store 55] Starting local training.
2025-04-01 08:57:52 - [Cluster 0 - CLIENT] - INFO - 
2025-04-01 08:57:52 - [Cluster 0 - CLIENT] - INFO - Received: train message dd1f3d4c-7a9e-4155-9c2d-762120d6b8ab
2025-04-01 08:57:52 - [Cluster 0 - CLIENT] - INFO - [Store 886] Starting local training.
2025-04-01 08:57:52 - [Cluster 0 - CLIENT] - INFO - [Store 1099] Starting local training.
2025-04-01 08:57:52 - [Cluster 0 - CLIENT] - INFO - [Store 1083] Starting local training.
2025-04-01 08:57:52 - [Cluster 0 - CLIENT] - INFO - [Store 1042] Starting local training.
2025-04-01 08:57:52 - [Cluster 0 - CLIENT] - INFO - [Store 440] Starting local training.
2025-04-01 08:57:52 - [Cluster 0 - CLIENT] - INFO - [Store 77] Starting local training.
2025-04-01 09:01:12 - [Cluster 0 - CLIENT] - INFO - [Store 47] Local training complete.
2025-04-01 09:01:12 - [Cluster 0 - CLIENT] - INFO - Sent reply
2025-04-01 09:01:12 - [Cluster 0 - CLIENT] - INFO - 
2025-04-01 09:01:12 - [Cluster 0 - CLIENT] - INFO - Received: train message 4ad88b05-4497-43c4-be6e-ca585175b94a
2025-04-01 09:01:12 - [Cluster 0 - CLIENT] - INFO - [Store 105] Starting local training.
2025-04-01 09:01:13 - [Cluster 0 - CLIENT] - INFO - [Store 254] Local training complete.
2025-04-01 09:01:13 - [Cluster 0 - CLIENT] - INFO - [Store 440] Local training complete.
2025-04-01 09:01:13 - [Cluster 0 - CLIENT] - INFO - Sent reply
2025-04-01 09:01:13 - [Cluster 0 - CLIENT] - INFO - 
2025-04-01 09:01:13 - [Cluster 0 - CLIENT] - INFO - Received: train message 71e7489e-3808-4e12-9b5b-5fb5dab397e8
2025-04-01 09:01:13 - [Cluster 0 - CLIENT] - INFO - Sent reply
2025-04-01 09:01:13 - [Cluster 0 - CLIENT] - INFO - 
2025-04-01 09:01:13 - [Cluster 0 - CLIENT] - INFO - Received: train message f6d78b22-18a0-4d7c-9f12-1890a8f2f255
2025-04-01 09:01:13 - [Cluster 0 - CLIENT] - INFO - [Store 201] Local training complete.
2025-04-01 09:01:13 - [Cluster 0 - CLIENT] - INFO - [Store 1073] Starting local training.
2025-04-01 09:01:13 - [Cluster 0 - CLIENT] - INFO - [Store 65] Starting local training.
2025-04-01 09:01:14 - [Cluster 0 - CLIENT] - INFO - Sent reply
2025-04-01 09:01:14 - [Cluster 0 - CLIENT] - INFO - 
2025-04-01 09:01:14 - [Cluster 0 - CLIENT] - INFO - Received: train message c910fec6-b30a-4912-997d-a2bab3ba4936
2025-04-01 09:01:14 - [Cluster 0 - CLIENT] - INFO - [Store 410] Starting local training.
2025-04-01 09:01:14 - [Cluster 0 - CLIENT] - INFO - [Store 260] Local training complete.
2025-04-01 09:01:14 - [Cluster 0 - CLIENT] - INFO - Sent reply
2025-04-01 09:01:14 - [Cluster 0 - CLIENT] - INFO - 
2025-04-01 09:01:14 - [Cluster 0 - CLIENT] - INFO - Received: train message 36015648-a307-4266-8e32-24dedaf49c46
2025-04-01 09:01:14 - [Cluster 0 - CLIENT] - INFO - [Store 511] Starting local training.
2025-04-01 09:01:16 - [Cluster 0 - CLIENT] - INFO - [Store 628] Local training complete.
2025-04-01 09:01:16 - [Cluster 0 - CLIENT] - INFO - Sent reply
2025-04-01 09:01:16 - [Cluster 0 - CLIENT] - INFO - 
2025-04-01 09:01:16 - [Cluster 0 - CLIENT] - INFO - Received: train message 9ba25fa3-54dd-47b7-a3fc-1ea866d020b4
2025-04-01 09:01:16 - [Cluster 0 - CLIENT] - INFO - [Store 77] Local training complete.
2025-04-01 09:01:16 - [Cluster 0 - CLIENT] - INFO - [Store 554] Starting local training.
2025-04-01 09:01:16 - [Cluster 0 - CLIENT] - INFO - Sent reply
2025-04-01 09:01:16 - [Cluster 0 - CLIENT] - INFO - 
2025-04-01 09:01:16 - [Cluster 0 - CLIENT] - INFO - Received: train message 54c2f6cb-1edb-414a-a28d-75d82403c823
2025-04-01 09:01:17 - [Cluster 0 - CLIENT] - INFO - [Store 795] Starting local training.
2025-04-01 09:01:17 - [Cluster 0 - CLIENT] - INFO - [Store 1042] Local training complete.
2025-04-01 09:01:17 - [Cluster 0 - CLIENT] - INFO - [Store 55] Local training complete.
2025-04-01 09:01:17 - [Cluster 0 - CLIENT] - INFO - Sent reply
2025-04-01 09:01:17 - [Cluster 0 - CLIENT] - INFO - 
2025-04-01 09:01:17 - [Cluster 0 - CLIENT] - INFO - Received: train message 1174f51a-1b23-4969-b526-c1dee3ebd7d9
2025-04-01 09:01:17 - [Cluster 0 - CLIENT] - INFO - Sent reply
2025-04-01 09:01:17 - [Cluster 0 - CLIENT] - INFO - 
2025-04-01 09:01:17 - [Cluster 0 - CLIENT] - INFO - Received: train message b0806be6-f215-4b52-ae27-dbb69d1891c7
2025-04-01 09:01:17 - [Cluster 0 - CLIENT] - INFO - [Store 305] Starting local training.
2025-04-01 09:01:17 - [Cluster 0 - CLIENT] - INFO - [Store 360] Starting local training.
2025-04-01 09:01:17 - [Cluster 0 - CLIENT] - INFO - [Store 1083] Local training complete.
2025-04-01 09:01:17 - [Cluster 0 - CLIENT] - INFO - [Store 922] Local training complete.
2025-04-01 09:01:17 - [Cluster 0 - CLIENT] - INFO - Sent reply
2025-04-01 09:01:17 - [Cluster 0 - CLIENT] - INFO - 
2025-04-01 09:01:17 - [Cluster 0 - CLIENT] - INFO - Received: train message 725b340c-a1b5-4eb9-b18d-6a3a86cbd1c6
2025-04-01 09:01:17 - [Cluster 0 - CLIENT] - INFO - [Store 200] Starting local training.
2025-04-01 09:01:17 - [Cluster 0 - CLIENT] - INFO - Sent reply
2025-04-01 09:01:17 - [Cluster 0 - CLIENT] - INFO - 
2025-04-01 09:01:17 - [Cluster 0 - CLIENT] - INFO - Received: train message 5c78fd5e-57cd-4e4a-8b86-5a07bf198f90
2025-04-01 09:01:17 - [Cluster 0 - CLIENT] - INFO - [Store 74] Starting local training.
2025-04-01 09:01:18 - [Cluster 0 - CLIENT] - INFO - [Store 886] Local training complete.
2025-04-01 09:01:18 - [Cluster 0 - CLIENT] - INFO - Sent reply
2025-04-01 09:01:18 - [Cluster 0 - CLIENT] - INFO - 
2025-04-01 09:01:18 - [Cluster 0 - CLIENT] - INFO - Received: train message e6bd1bf5-84b2-422a-971a-0de5fd9215b6
2025-04-01 09:01:18 - [Cluster 0 - CLIENT] - INFO - [Store 730] Starting local training.
2025-04-01 09:01:18 - [Cluster 0 - CLIENT] - INFO - [Store 658] Local training complete.
2025-04-01 09:01:18 - [Cluster 0 - CLIENT] - INFO - Sent reply
2025-04-01 09:01:18 - [Cluster 0 - CLIENT] - INFO - 
2025-04-01 09:01:18 - [Cluster 0 - CLIENT] - INFO - Received: train message 7406fef6-0602-4904-b8b6-445b9e6415a6
2025-04-01 09:01:18 - [Cluster 0 - CLIENT] - INFO - [Store 718] Starting local training.
2025-04-01 09:01:18 - [Cluster 0 - CLIENT] - INFO - [Store 305] Local training complete.
2025-04-01 09:01:18 - [Cluster 0 - CLIENT] - INFO - [Store 1099] Local training complete.
2025-04-01 09:01:18 - [Cluster 0 - CLIENT] - INFO - Sent reply
2025-04-01 09:01:18 - [Cluster 0 - CLIENT] - INFO - Sent reply
2025-04-01 09:01:18 - [Cluster 0 - CLIENT] - INFO - 
2025-04-01 09:01:18 - [Cluster 0 - CLIENT] - INFO - Received: train message 4c9e911d-3271-4c8f-bfd0-5bba9b29a49f
2025-04-01 09:01:18 - [Cluster 0 - CLIENT] - INFO - 
2025-04-01 09:01:18 - [Cluster 0 - CLIENT] - INFO - Received: train message 77ccdb54-1d49-4fa1-ad42-639baca6cead
2025-04-01 09:01:18 - [Cluster 0 - CLIENT] - INFO - [Store 857] Starting local training.
2025-04-01 09:01:18 - [Cluster 0 - CLIENT] - INFO - [Store 949] Starting local training.
2025-04-01 09:04:44 - [Cluster 0 - CLIENT] - INFO - [Store 105] Local training complete.
2025-04-01 09:04:44 - [Cluster 0 - CLIENT] - INFO - Sent reply
2025-04-01 09:04:47 - [Cluster 0 - CLIENT] - INFO - [Store 410] Local training complete.
2025-04-01 09:04:47 - [Cluster 0 - CLIENT] - INFO - [Store 1073] Local training complete.
2025-04-01 09:04:47 - [Cluster 0 - CLIENT] - INFO - [Store 305] Local training complete.
2025-04-01 09:04:47 - [Cluster 0 - CLIENT] - INFO - Sent reply
2025-04-01 09:04:47 - [Cluster 0 - CLIENT] - INFO - Sent reply
2025-04-01 09:04:47 - [Cluster 0 - CLIENT] - INFO - Sent reply
2025-04-01 09:04:48 - [Cluster 0 - CLIENT] - INFO - [Store 857] Local training complete.
2025-04-01 09:04:48 - [Cluster 0 - CLIENT] - INFO - Sent reply
2025-04-01 09:04:48 - [Cluster 0 - CLIENT] - INFO - [Store 360] Local training complete.
2025-04-01 09:04:48 - [Cluster 0 - CLIENT] - INFO - Sent reply
2025-04-01 09:04:48 - [Cluster 0 - CLIENT] - INFO - [Store 65] Local training complete.
2025-04-01 09:04:49 - [Cluster 0 - CLIENT] - INFO - [Store 949] Local training complete.
2025-04-01 09:04:49 - [Cluster 0 - CLIENT] - INFO - Sent reply
2025-04-01 09:04:49 - [Cluster 0 - CLIENT] - INFO - Sent reply
2025-04-01 09:04:49 - [Cluster 0 - CLIENT] - INFO - [Store 730] Local training complete.
2025-04-01 09:04:49 - [Cluster 0 - CLIENT] - INFO - Sent reply
2025-04-01 09:04:49 - [Cluster 0 - CLIENT] - INFO - [Store 554] Local training complete.
2025-04-01 09:04:49 - [Cluster 0 - CLIENT] - INFO - Sent reply
2025-04-01 09:04:50 - [Cluster 0 - CLIENT] - INFO - [Store 511] Local training complete.
2025-04-01 09:04:50 - [Cluster 0 - CLIENT] - INFO - Sent reply
2025-04-01 09:04:50 - [Cluster 0 - CLIENT] - INFO - [Store 718] Local training complete.
2025-04-01 09:04:50 - [Cluster 0 - CLIENT] - INFO - Sent reply
2025-04-01 09:04:50 - [Cluster 0 - CLIENT] - INFO - [Store 200] Local training complete.
2025-04-01 09:04:50 - [Cluster 0 - CLIENT] - INFO - Sent reply
2025-04-01 09:04:50 - [Cluster 0 - CLIENT] - INFO - [Store 795] Local training complete.
2025-04-01 09:04:50 - [Cluster 0 - CLIENT] - INFO - Sent reply
2025-04-01 09:04:52 - [Cluster 0 - CLIENT] - INFO - [Store 74] Local training complete.
2025-04-01 09:04:52 - [Cluster 0 - CLIENT] - INFO - Sent reply
2025-04-01 09:04:52 - [Cluster 0 - CLIENT] - INFO - 
2025-04-01 09:04:52 - [Cluster 0 - CLIENT] - INFO - Received: evaluate message 34e62699-0256-4136-82b7-97eb88334848
2025-04-01 09:04:52 - [Cluster 0 - CLIENT] - INFO - 
2025-04-01 09:04:52 - [Cluster 0 - CLIENT] - INFO - Received: evaluate message 3c9bb0ce-9c74-46b4-832e-f80544e6e25f
2025-04-01 09:04:52 - [Cluster 0 - CLIENT] - INFO - 
2025-04-01 09:04:52 - [Cluster 0 - CLIENT] - INFO - Received: evaluate message bfc1ff3e-78aa-406e-b987-e38896e92ebf
2025-04-01 09:04:52 - [Cluster 0 - CLIENT] - INFO - 
2025-04-01 09:04:52 - [Cluster 0 - CLIENT] - INFO - 
2025-04-01 09:04:52 - [Cluster 0 - CLIENT] - INFO - Received: evaluate message 72e1fc14-c092-4833-bc9a-d47422b65dab
2025-04-01 09:04:52 - [Cluster 0 - CLIENT] - INFO - Received: evaluate message 45817037-c89a-48db-9d75-e75476d2f7bd
2025-04-01 09:04:52 - [Cluster 0 - CLIENT] - INFO - 
2025-04-01 09:04:52 - [Cluster 0 - CLIENT] - INFO - Received: evaluate message ee107f72-de8b-4352-8f4d-43a89d414d37
2025-04-01 09:04:52 - [Cluster 0 - CLIENT] - INFO - 
2025-04-01 09:04:52 - [Cluster 0 - CLIENT] - INFO - Received: evaluate message 76203659-50e2-4d70-a26a-c008ab4eff4a
2025-04-01 09:04:52 - [Cluster 0 - CLIENT] - INFO - 
2025-04-01 09:04:52 - [Cluster 0 - CLIENT] - INFO - Received: evaluate message ba2294a1-4780-4bc4-8449-657a2a8dfcf8
2025-04-01 09:04:52 - [Cluster 0 - CLIENT] - INFO - 
2025-04-01 09:04:52 - [Cluster 0 - CLIENT] - INFO - Received: evaluate message 97723a95-9443-4e63-a9b5-526a693d83b4
2025-04-01 09:04:52 - [Cluster 0 - CLIENT] - INFO - 
2025-04-01 09:04:52 - [Cluster 0 - CLIENT] - INFO - Received: evaluate message 57026fc9-f09a-48f8-8fe4-087b3e2dd353
2025-04-01 09:04:52 - [Cluster 0 - CLIENT] - INFO - 
2025-04-01 09:04:52 - [Cluster 0 - CLIENT] - INFO - Received: evaluate message de52964d-0b47-46f0-8bc6-7753477c7ddd
2025-04-01 09:04:52 - [Cluster 0 - CLIENT] - INFO - 
2025-04-01 09:04:52 - [Cluster 0 - CLIENT] - INFO - Received: evaluate message c900ce39-050c-4eba-82da-0c9e590dd77e
2025-04-01 09:04:52 - [Cluster 0 - CLIENT] - INFO - 
2025-04-01 09:04:52 - [Cluster 0 - CLIENT] - INFO - Received: evaluate message 40f2659a-3a0e-41db-aa5a-e4ae536eda61
2025-04-01 09:04:52 - [Cluster 0 - CLIENT] - INFO - 
2025-04-01 09:04:52 - [Cluster 0 - CLIENT] - INFO - Received: evaluate message 5831c7b6-104d-4151-b9e5-330533dfcebe
2025-04-01 09:04:52 - [Cluster 0 - CLIENT] - INFO - 
2025-04-01 09:04:52 - [Cluster 0 - CLIENT] - INFO - Received: evaluate message 96ff4c4e-d9c4-42d9-ae96-1d3d9bbae427
2025-04-01 09:04:53 - [Cluster 0 - CLIENT] - INFO - [Store 730] Evaluation - Loss: 0.1911, MAE: 0.2641
2025-04-01 09:04:53 - [Cluster 0 - CLIENT] - INFO - Sent reply
2025-04-01 09:04:53 - [Cluster 0 - CLIENT] - INFO - 
2025-04-01 09:04:53 - [Cluster 0 - CLIENT] - INFO - Received: evaluate message 2b7f22bb-8a7e-42ba-a90d-a539b26f7f7c
2025-04-01 09:04:53 - [Cluster 0 - CLIENT] - INFO - [Store 1083] Evaluation - Loss: 0.5132, MAE: 0.5163
2025-04-01 09:04:53 - [Cluster 0 - CLIENT] - INFO - Sent reply
2025-04-01 09:04:53 - [Cluster 0 - CLIENT] - INFO - 
2025-04-01 09:04:53 - [Cluster 0 - CLIENT] - INFO - Received: evaluate message 9a5be768-fba7-4df6-8b47-0079b342c2e6
2025-04-01 09:04:53 - [Cluster 0 - CLIENT] - INFO - [Store 857] Evaluation - Loss: 0.4359, MAE: 0.4512
2025-04-01 09:04:53 - [Cluster 0 - CLIENT] - INFO - Sent reply
2025-04-01 09:04:53 - [Cluster 0 - CLIENT] - INFO - 
2025-04-01 09:04:53 - [Cluster 0 - CLIENT] - INFO - Received: evaluate message 5a16a350-818c-43eb-8eff-b963e296039f
2025-04-01 09:04:53 - [Cluster 0 - CLIENT] - INFO - [Store 360] Evaluation - Loss: 0.2294, MAE: 0.3065
2025-04-01 09:04:53 - [Cluster 0 - CLIENT] - INFO - Sent reply
2025-04-01 09:04:53 - [Cluster 0 - CLIENT] - INFO - [Store 260] Evaluation - Loss: 0.2170, MAE: 0.2800
2025-04-01 09:04:53 - [Cluster 0 - CLIENT] - INFO - Sent reply
2025-04-01 09:04:53 - [Cluster 0 - CLIENT] - INFO - 
2025-04-01 09:04:53 - [Cluster 0 - CLIENT] - INFO - Received: evaluate message 7b1af243-f983-48a8-9d09-c8309813cc42
2025-04-01 09:04:53 - [Cluster 0 - CLIENT] - INFO - [Store 795] Evaluation - Loss: 0.2945, MAE: 0.3762
2025-04-01 09:04:53 - [Cluster 0 - CLIENT] - INFO - Sent reply
2025-04-01 09:04:53 - [Cluster 0 - CLIENT] - INFO - 
2025-04-01 09:04:53 - [Cluster 0 - CLIENT] - INFO - Received: evaluate message 1c537c0a-c441-4fd6-80f4-f0794191417e
2025-04-01 09:04:53 - [Cluster 0 - CLIENT] - INFO - [Store 922] Evaluation - Loss: 0.2940, MAE: 0.3438
2025-04-01 09:04:53 - [Cluster 0 - CLIENT] - INFO - [Store 1073] Evaluation - Loss: 2.8216, MAE: 1.2424
2025-04-01 09:04:53 - [Cluster 0 - CLIENT] - INFO - Sent reply
2025-04-01 09:04:53 - [Cluster 0 - CLIENT] - INFO - Sent reply
2025-04-01 09:04:53 - [Cluster 0 - CLIENT] - INFO - [Store 55] Evaluation - Loss: 0.3528, MAE: 0.4501
2025-04-01 09:04:53 - [Cluster 0 - CLIENT] - INFO - [Store 658] Evaluation - Loss: 0.1942, MAE: 0.2751
2025-04-01 09:04:53 - [Cluster 0 - CLIENT] - INFO - Sent reply
2025-04-01 09:04:53 - [Cluster 0 - CLIENT] - INFO - 
2025-04-01 09:04:53 - [Cluster 0 - CLIENT] - INFO - Sent reply
2025-04-01 09:04:53 - [Cluster 0 - CLIENT] - INFO - Received: evaluate message 19726bc2-599b-4284-8227-29ff6eef291b
2025-04-01 09:04:53 - [Cluster 0 - CLIENT] - INFO - [Store 254] Evaluation - Loss: 0.3779, MAE: 0.4221
2025-04-01 09:04:53 - [Cluster 0 - CLIENT] - INFO - Sent reply
2025-04-01 09:04:53 - [Cluster 0 - CLIENT] - INFO - 
2025-04-01 09:04:53 - [Cluster 0 - CLIENT] - INFO - 
2025-04-01 09:04:53 - [Cluster 0 - CLIENT] - INFO - Received: evaluate message 1908e67f-f4e9-40e5-9bd0-c902ec99fffa
2025-04-01 09:04:53 - [Cluster 0 - CLIENT] - INFO - Received: evaluate message 98638f78-39be-45ae-818d-a15a6a0add3c
2025-04-01 09:04:53 - [Cluster 0 - CLIENT] - INFO - 
2025-04-01 09:04:53 - [Cluster 0 - CLIENT] - INFO - [Store 201] Evaluation - Loss: 0.3032, MAE: 0.3575
2025-04-01 09:04:53 - [Cluster 0 - CLIENT] - INFO - Received: evaluate message 94b321ac-5df0-45c4-aa21-10f2939edfe9
2025-04-01 09:04:53 - [Cluster 0 - CLIENT] - INFO - Sent reply
2025-04-01 09:04:53 - [Cluster 0 - CLIENT] - INFO - [Store 1099] Evaluation - Loss: 0.3362, MAE: 0.4029
2025-04-01 09:04:53 - [Cluster 0 - CLIENT] - INFO - Sent reply
2025-04-01 09:04:53 - [Cluster 0 - CLIENT] - INFO - 
2025-04-01 09:04:53 - [Cluster 0 - CLIENT] - INFO - Received: evaluate message 0d0a0b5b-1ade-4266-be7c-ba2e0bfac61d
2025-04-01 09:04:53 - [Cluster 0 - CLIENT] - INFO - 
2025-04-01 09:04:53 - [Cluster 0 - CLIENT] - INFO - Received: evaluate message 7bb3fa55-a284-4212-b051-458513106373
2025-04-01 09:04:53 - [Cluster 0 - CLIENT] - INFO - 
2025-04-01 09:04:53 - [Cluster 0 - CLIENT] - INFO - Received: evaluate message 7ee57b97-66fa-47c7-8a10-d55264dfe92d
2025-04-01 09:04:53 - [Cluster 0 - CLIENT] - INFO - 
2025-04-01 09:04:53 - [Cluster 0 - CLIENT] - INFO - Received: evaluate message c8eef9fc-ab7e-4b9d-864c-edfaba0ac31b
2025-04-01 09:04:53 - [Cluster 0 - CLIENT] - INFO - [Store 305] Evaluation - Loss: 0.5711, MAE: 0.5704
2025-04-01 09:04:53 - [Cluster 0 - CLIENT] - INFO - Sent reply
2025-04-01 09:04:53 - [Cluster 0 - CLIENT] - INFO - 
2025-04-01 09:04:53 - [Cluster 0 - CLIENT] - INFO - Received: evaluate message 471568b6-f537-4f34-aa1d-20ba2a5d4f6f
2025-04-01 09:04:53 - [Cluster 0 - CLIENT] - INFO - [Store 886] Evaluation - Loss: 0.3673, MAE: 0.4104
2025-04-01 09:04:53 - [Cluster 0 - CLIENT] - INFO - Sent reply
2025-04-01 09:04:53 - [Cluster 0 - CLIENT] - INFO - 
2025-04-01 09:04:53 - [Cluster 0 - CLIENT] - INFO - Received: evaluate message 74e994b7-c821-44a2-b869-20437904ffb0
2025-04-01 09:04:54 - [Cluster 0 - CLIENT] - INFO - [Store 74] Evaluation - Loss: 0.2694, MAE: 0.2970
2025-04-01 09:04:54 - [Cluster 0 - CLIENT] - INFO - Sent reply
2025-04-01 09:04:54 - [Cluster 0 - CLIENT] - INFO - [Store 511] Evaluation - Loss: 0.2665, MAE: 0.3331
2025-04-01 09:04:54 - [Cluster 0 - CLIENT] - INFO - Sent reply
2025-04-01 09:04:54 - [Cluster 0 - CLIENT] - INFO - [Store 200] Evaluation - Loss: 0.3284, MAE: 0.3461
2025-04-01 09:04:54 - [Cluster 0 - CLIENT] - INFO - [Store 305] Evaluation - Loss: 0.5711, MAE: 0.5704
2025-04-01 09:04:54 - [Cluster 0 - CLIENT] - INFO - Sent reply
2025-04-01 09:04:54 - [Cluster 0 - CLIENT] - INFO - Sent reply
2025-04-01 09:04:54 - [Cluster 0 - CLIENT] - INFO - [Store 440] Evaluation - Loss: 0.4047, MAE: 0.4410
2025-04-01 09:04:54 - [Cluster 0 - CLIENT] - INFO - Sent reply
2025-04-01 09:04:54 - [Cluster 0 - CLIENT] - INFO - [Store 410] Evaluation - Loss: 0.3221, MAE: 0.3877
2025-04-01 09:04:54 - [Cluster 0 - CLIENT] - INFO - Sent reply
2025-04-01 09:04:54 - [Cluster 0 - CLIENT] - INFO - [Store 949] Evaluation - Loss: 0.2241, MAE: 0.3311
2025-04-01 09:04:54 - [Cluster 0 - CLIENT] - INFO - Sent reply
2025-04-01 09:04:54 - [Cluster 0 - CLIENT] - INFO - [Store 105] Evaluation - Loss: 0.3540, MAE: 0.4465
2025-04-01 09:04:54 - [Cluster 0 - CLIENT] - INFO - Sent reply
2025-04-01 09:04:54 - [Cluster 0 - CLIENT] - INFO - [Store 718] Evaluation - Loss: 0.2244, MAE: 0.2792
2025-04-01 09:04:54 - [Cluster 0 - CLIENT] - INFO - Sent reply
2025-04-01 09:04:54 - [Cluster 0 - CLIENT] - INFO - [Store 65] Evaluation - Loss: 0.2395, MAE: 0.3295
2025-04-01 09:04:54 - [Cluster 0 - CLIENT] - INFO - Sent reply
2025-04-01 09:04:54 - [Cluster 0 - CLIENT] - INFO - [Store 1042] Evaluation - Loss: 0.3091, MAE: 0.3383
2025-04-01 09:04:54 - [Cluster 0 - CLIENT] - INFO - Sent reply
2025-04-01 09:04:54 - [Cluster 0 - CLIENT] - INFO - [Store 77] Evaluation - Loss: 0.2832, MAE: 0.3480
2025-04-01 09:04:54 - [Cluster 0 - CLIENT] - INFO - Sent reply
2025-04-01 09:04:54 - [Cluster 0 - CLIENT] - INFO - [Store 554] Evaluation - Loss: 0.7509, MAE: 0.6776
2025-04-01 09:04:54 - [Cluster 0 - CLIENT] - INFO - Sent reply
2025-04-01 09:04:54 - [Cluster 0 - CLIENT] - INFO - [Store 47] Evaluation - Loss: 0.2998, MAE: 0.3569
2025-04-01 09:04:54 - [Cluster 0 - CLIENT] - INFO - [Store 628] Evaluation - Loss: 0.3185, MAE: 0.3507
2025-04-01 09:04:54 - [Cluster 0 - CLIENT] - INFO - Sent reply
2025-04-01 09:04:54 - [Cluster 0 - CLIENT] - INFO - Sent reply
2025-04-01 09:04:54 - [Cluster 0 - CLIENT] - INFO - 
2025-04-01 09:04:54 - [Cluster 0 - CLIENT] - INFO - Received: train message 4db7a2ff-0f4f-4d0a-930f-f06f4c91f2a3
2025-04-01 09:04:54 - [Cluster 0 - CLIENT] - INFO - 
2025-04-01 09:04:54 - [Cluster 0 - CLIENT] - INFO - Received: train message 704005cb-cba3-4d91-9786-62d231efe07b
2025-04-01 09:04:54 - [Cluster 0 - CLIENT] - INFO - 
2025-04-01 09:04:54 - [Cluster 0 - CLIENT] - INFO - Received: train message 416593cb-e2d0-47f4-8db7-f45f90b4d8c3
2025-04-01 09:04:54 - [Cluster 0 - CLIENT] - INFO - [Store 77] Starting local training.
2025-04-01 09:04:54 - [Cluster 0 - CLIENT] - INFO - 
2025-04-01 09:04:54 - [Cluster 0 - CLIENT] - INFO - Received: train message e44c94a6-fd80-42b8-bd7c-15aba0cb2711
2025-04-01 09:04:54 - [Cluster 0 - CLIENT] - INFO - 
2025-04-01 09:04:54 - [Cluster 0 - CLIENT] - INFO - Received: train message 579ce277-ae07-4050-b9d1-fe6d177ba16d
2025-04-01 09:04:54 - [Cluster 0 - CLIENT] - INFO - [Store 74] Starting local training.
2025-04-01 09:04:54 - [Cluster 0 - CLIENT] - INFO - 
2025-04-01 09:04:54 - [Cluster 0 - CLIENT] - INFO - Received: train message 5b901ea5-013f-427a-a91a-d6a4cb27b443
2025-04-01 09:04:54 - [Cluster 0 - CLIENT] - INFO - 
2025-04-01 09:04:54 - [Cluster 0 - CLIENT] - INFO - Received: train message dac37c97-10bf-4fad-b46a-02c582adbddb
2025-04-01 09:04:54 - [Cluster 0 - CLIENT] - INFO - [Store 886] Starting local training.
2025-04-01 09:04:54 - [Cluster 0 - CLIENT] - INFO - 
2025-04-01 09:04:54 - [Cluster 0 - CLIENT] - INFO - Received: train message fce4a2b4-1ce1-43c5-8b88-762e86fa14ba
2025-04-01 09:04:54 - [Cluster 0 - CLIENT] - INFO - 
2025-04-01 09:04:54 - [Cluster 0 - CLIENT] - INFO - Received: train message ff308235-a5fb-43a2-9aad-5aa0a3a01983
2025-04-01 09:04:54 - [Cluster 0 - CLIENT] - INFO - 
2025-04-01 09:04:54 - [Cluster 0 - CLIENT] - INFO - Received: train message b1e54816-9431-4439-a1d4-70324edb026c
2025-04-01 09:04:54 - [Cluster 0 - CLIENT] - INFO - [Store 305] Starting local training.
2025-04-01 09:04:54 - [Cluster 0 - CLIENT] - INFO - 
2025-04-01 09:04:54 - [Cluster 0 - CLIENT] - INFO - Received: train message f64f8d90-08c9-4619-8e64-b4db45022530
2025-04-01 09:04:54 - [Cluster 0 - CLIENT] - INFO - 
2025-04-01 09:04:54 - [Cluster 0 - CLIENT] - INFO - Received: train message 18bc6bd3-3c7f-4549-bb63-733d59bd22a0
2025-04-01 09:04:54 - [Cluster 0 - CLIENT] - INFO - [Store 554] Starting local training.
2025-04-01 09:04:54 - [Cluster 0 - CLIENT] - INFO - 
2025-04-01 09:04:54 - [Cluster 0 - CLIENT] - INFO - Received: train message e48f4ebf-709e-4235-bd49-7fd725ea2c88
2025-04-01 09:04:54 - [Cluster 0 - CLIENT] - INFO - [Store 440] Starting local training.
2025-04-01 09:04:54 - [Cluster 0 - CLIENT] - INFO - [Store 857] Starting local training.
2025-04-01 09:04:54 - [Cluster 0 - CLIENT] - INFO - 
2025-04-01 09:04:54 - [Cluster 0 - CLIENT] - INFO - Received: train message cb1f2f1d-4c65-4109-886d-a49b4e7ba211
2025-04-01 09:04:54 - [Cluster 0 - CLIENT] - INFO - [Store 410] Starting local training.
2025-04-01 09:04:54 - [Cluster 0 - CLIENT] - INFO - [Store 47] Starting local training.
2025-04-01 09:04:54 - [Cluster 0 - CLIENT] - INFO - [Store 105] Starting local training.
2025-04-01 09:04:54 - [Cluster 0 - CLIENT] - INFO - [Store 1042] Starting local training.
2025-04-01 09:04:54 - [Cluster 0 - CLIENT] - INFO - [Store 55] Starting local training.
2025-04-01 09:04:54 - [Cluster 0 - CLIENT] - INFO - 
2025-04-01 09:04:54 - [Cluster 0 - CLIENT] - INFO - Received: train message 607ced62-b236-447a-9c1e-0febfbbfa570
2025-04-01 09:04:54 - [Cluster 0 - CLIENT] - INFO - [Store 795] Starting local training.
2025-04-01 09:04:54 - [Cluster 0 - CLIENT] - INFO - [Store 511] Starting local training.
2025-04-01 09:04:54 - [Cluster 0 - CLIENT] - INFO - [Store 658] Starting local training.
2025-04-01 09:08:18 - [Cluster 0 - CLIENT] - INFO - [Store 554] Local training complete.
2025-04-01 09:08:18 - [Cluster 0 - CLIENT] - INFO - Sent reply
2025-04-01 09:08:18 - [Cluster 0 - CLIENT] - INFO - 
2025-04-01 09:08:18 - [Cluster 0 - CLIENT] - INFO - Received: train message 32cb3260-5ddd-4b8b-9a3b-6a4f8aa42376
2025-04-01 09:08:18 - [Cluster 0 - CLIENT] - INFO - [Store 360] Starting local training.
2025-04-01 09:08:18 - [Cluster 0 - CLIENT] - INFO - [Store 886] Local training complete.
2025-04-01 09:08:18 - [Cluster 0 - CLIENT] - INFO - Sent reply
2025-04-01 09:08:19 - [Cluster 0 - CLIENT] - INFO - 
2025-04-01 09:08:19 - [Cluster 0 - CLIENT] - INFO - Received: train message 50d0d8c3-deea-4410-b126-17d7805492c8
2025-04-01 09:08:19 - [Cluster 0 - CLIENT] - INFO - [Store 1083] Starting local training.
2025-04-01 09:08:19 - [Cluster 0 - CLIENT] - INFO - [Store 55] Local training complete.
2025-04-01 09:08:19 - [Cluster 0 - CLIENT] - INFO - Sent reply
2025-04-01 09:08:19 - [Cluster 0 - CLIENT] - INFO - 
2025-04-01 09:08:19 - [Cluster 0 - CLIENT] - INFO - Received: train message a3492f89-f5f1-41f8-95f4-be9ac371acb7
2025-04-01 09:08:19 - [Cluster 0 - CLIENT] - INFO - [Store 922] Starting local training.
2025-04-01 09:08:20 - [Cluster 0 - CLIENT] - INFO - [Store 47] Local training complete.
2025-04-01 09:08:20 - [Cluster 0 - CLIENT] - INFO - Sent reply
2025-04-01 09:08:20 - [Cluster 0 - CLIENT] - INFO - 
2025-04-01 09:08:20 - [Cluster 0 - CLIENT] - INFO - Received: train message 5de04ac5-9ee3-484f-ba9a-507fefa359dc
2025-04-01 09:08:20 - [Cluster 0 - CLIENT] - INFO - [Store 260] Starting local training.
2025-04-01 09:08:22 - [Cluster 0 - CLIENT] - INFO - [Store 74] Local training complete.
2025-04-01 09:08:22 - [Cluster 0 - CLIENT] - INFO - Sent reply
2025-04-01 09:08:22 - [Cluster 0 - CLIENT] - INFO - 
2025-04-01 09:08:22 - [Cluster 0 - CLIENT] - INFO - Received: train message 39006bca-0454-4619-8ec7-195482d906af
2025-04-01 09:08:22 - [Cluster 0 - CLIENT] - INFO - [Store 200] Starting local training.
2025-04-01 09:08:22 - [Cluster 0 - CLIENT] - INFO - [Store 105] Local training complete.
2025-04-01 09:08:23 - [Cluster 0 - CLIENT] - INFO - Sent reply
2025-04-01 09:08:23 - [Cluster 0 - CLIENT] - INFO - 
2025-04-01 09:08:23 - [Cluster 0 - CLIENT] - INFO - Received: train message 6400c774-551f-42b6-bf10-300ceebcc15a
2025-04-01 09:08:23 - [Cluster 0 - CLIENT] - INFO - [Store 201] Starting local training.
2025-04-01 09:08:23 - [Cluster 0 - CLIENT] - INFO - [Store 440] Local training complete.
2025-04-01 09:08:23 - [Cluster 0 - CLIENT] - INFO - Sent reply
2025-04-01 09:08:23 - [Cluster 0 - CLIENT] - INFO - 
2025-04-01 09:08:23 - [Cluster 0 - CLIENT] - INFO - Received: train message be2826b9-bd30-4127-ba6d-2623a45f5ae4
2025-04-01 09:08:23 - [Cluster 0 - CLIENT] - INFO - [Store 718] Starting local training.
2025-04-01 09:08:25 - [Cluster 0 - CLIENT] - INFO - [Store 410] Local training complete.
2025-04-01 09:08:25 - [Cluster 0 - CLIENT] - INFO - [Store 511] Local training complete.
2025-04-01 09:08:25 - [Cluster 0 - CLIENT] - INFO - Sent reply
2025-04-01 09:08:25 - [Cluster 0 - CLIENT] - INFO - 
2025-04-01 09:08:25 - [Cluster 0 - CLIENT] - INFO - Received: train message 85724e43-3b00-48e3-814c-dd6b3a436f56
2025-04-01 09:08:25 - [Cluster 0 - CLIENT] - INFO - [Store 65] Starting local training.
2025-04-01 09:08:25 - [Cluster 0 - CLIENT] - INFO - Sent reply
2025-04-01 09:08:25 - [Cluster 0 - CLIENT] - INFO - [Store 1042] Local training complete.
2025-04-01 09:08:25 - [Cluster 0 - CLIENT] - INFO - 
2025-04-01 09:08:25 - [Cluster 0 - CLIENT] - INFO - Received: train message bd500d7c-be0c-4bcb-b7d0-6ea3610b88ea
2025-04-01 09:08:25 - [Cluster 0 - CLIENT] - INFO - [Store 1073] Starting local training.
2025-04-01 09:08:25 - [Cluster 0 - CLIENT] - INFO - Sent reply
2025-04-01 09:08:25 - [Cluster 0 - CLIENT] - INFO - 
2025-04-01 09:08:25 - [Cluster 0 - CLIENT] - INFO - Received: train message 101acbce-99b2-4dd6-b0a8-e3975595cb52
2025-04-01 09:08:25 - [Cluster 0 - CLIENT] - INFO - [Store 949] Starting local training.
2025-04-01 09:08:26 - [Cluster 0 - CLIENT] - INFO - [Store 795] Local training complete.
2025-04-01 09:08:26 - [Cluster 0 - CLIENT] - INFO - Sent reply
2025-04-01 09:08:26 - [Cluster 0 - CLIENT] - INFO - 
2025-04-01 09:08:26 - [Cluster 0 - CLIENT] - INFO - Received: train message d859cf07-679f-4753-85dd-bf71918acbe5
2025-04-01 09:08:26 - [Cluster 0 - CLIENT] - INFO - [Store 628] Starting local training.
2025-04-01 09:08:26 - [Cluster 0 - CLIENT] - INFO - [Store 658] Local training complete.
2025-04-01 09:08:26 - [Cluster 0 - CLIENT] - INFO - Sent reply
2025-04-01 09:08:26 - [Cluster 0 - CLIENT] - INFO - 
2025-04-01 09:08:26 - [Cluster 0 - CLIENT] - INFO - Received: train message 1e14ee19-16cb-4469-b1cf-beee4d8472ca
2025-04-01 09:08:26 - [Cluster 0 - CLIENT] - INFO - [Store 1099] Starting local training.
2025-04-01 09:08:28 - [Cluster 0 - CLIENT] - INFO - [Store 857] Local training complete.
2025-04-01 09:08:29 - [Cluster 0 - CLIENT] - INFO - Sent reply
2025-04-01 09:08:29 - [Cluster 0 - CLIENT] - INFO - 
2025-04-01 09:08:29 - [Cluster 0 - CLIENT] - INFO - Received: train message e6b23194-b3c8-4356-8ccd-af0c0eab510f
2025-04-01 09:08:29 - [Cluster 0 - CLIENT] - INFO - [Store 730] Starting local training.
2025-04-01 09:08:31 - [Cluster 0 - CLIENT] - INFO - [Store 305] Local training complete.
2025-04-01 09:08:31 - [Cluster 0 - CLIENT] - INFO - Sent reply
2025-04-01 09:08:31 - [Cluster 0 - CLIENT] - INFO - 
2025-04-01 09:08:31 - [Cluster 0 - CLIENT] - INFO - Received: train message 4d1fbd27-ea76-4d7f-83c6-2d0d075858a4
2025-04-01 09:08:31 - [Cluster 0 - CLIENT] - INFO - [Store 305] Starting local training.
2025-04-01 09:08:47 - [Cluster 0 - CLIENT] - INFO - [Store 77] Local training complete.
2025-04-01 09:08:47 - [Cluster 0 - CLIENT] - INFO - Sent reply
2025-04-01 09:08:47 - [Cluster 0 - CLIENT] - INFO - 
2025-04-01 09:08:47 - [Cluster 0 - CLIENT] - INFO - Received: train message c7965ba4-a04a-4ad6-b5be-399e8cd4c4e9
2025-04-01 09:08:47 - [Cluster 0 - CLIENT] - INFO - [Store 254] Starting local training.
2025-04-01 09:11:57 - [Cluster 0 - CLIENT] - INFO - [Store 260] Local training complete.
2025-04-01 09:11:57 - [Cluster 0 - CLIENT] - INFO - Sent reply
2025-04-01 09:12:02 - [Cluster 0 - CLIENT] - INFO - [Store 360] Local training complete.
2025-04-01 09:12:02 - [Cluster 0 - CLIENT] - INFO - Sent reply
2025-04-01 09:12:03 - [Cluster 0 - CLIENT] - INFO - [Store 628] Local training complete.
2025-04-01 09:12:03 - [Cluster 0 - CLIENT] - INFO - Sent reply
2025-04-01 09:12:04 - [Cluster 0 - CLIENT] - INFO - [Store 1083] Local training complete.
2025-04-01 09:12:04 - [Cluster 0 - CLIENT] - INFO - Sent reply
2025-04-01 09:12:05 - [Cluster 0 - CLIENT] - INFO - [Store 201] Local training complete.
2025-04-01 09:12:05 - [Cluster 0 - CLIENT] - INFO - Sent reply
2025-04-01 09:12:06 - [Cluster 0 - CLIENT] - INFO - [Store 1073] Local training complete.
2025-04-01 09:12:06 - [Cluster 0 - CLIENT] - INFO - Sent reply
2025-04-01 09:12:06 - [Cluster 0 - CLIENT] - INFO - [Store 305] Local training complete.
2025-04-01 09:12:06 - [Cluster 0 - CLIENT] - INFO - Sent reply
2025-04-01 09:12:07 - [Cluster 0 - CLIENT] - INFO - [Store 200] Local training complete.
2025-04-01 09:12:07 - [Cluster 0 - CLIENT] - INFO - [Store 65] Local training complete.
2025-04-01 09:12:07 - [Cluster 0 - CLIENT] - INFO - Sent reply
2025-04-01 09:12:07 - [Cluster 0 - CLIENT] - INFO - [Store 718] Local training complete.
2025-04-01 09:12:07 - [Cluster 0 - CLIENT] - INFO - Sent reply
2025-04-01 09:12:07 - [Cluster 0 - CLIENT] - INFO - Sent reply
2025-04-01 09:12:07 - [Cluster 0 - CLIENT] - INFO - [Store 949] Local training complete.
2025-04-01 09:12:07 - [Cluster 0 - CLIENT] - INFO - Sent reply
2025-04-01 09:12:08 - [Cluster 0 - CLIENT] - INFO - [Store 1099] Local training complete.
2025-04-01 09:12:08 - [Cluster 0 - CLIENT] - INFO - Sent reply
2025-04-01 09:12:10 - [Cluster 0 - CLIENT] - INFO - [Store 922] Local training complete.
2025-04-01 09:12:10 - [Cluster 0 - CLIENT] - INFO - Sent reply
2025-04-01 09:12:11 - [Cluster 0 - CLIENT] - INFO - [Store 254] Local training complete.
2025-04-01 09:12:11 - [Cluster 0 - CLIENT] - INFO - Sent reply
2025-04-01 09:12:11 - [Cluster 0 - CLIENT] - INFO - [Store 730] Local training complete.
2025-04-01 09:12:11 - [Cluster 0 - CLIENT] - INFO - Sent reply
2025-04-01 09:12:11 - [Cluster 0 - CLIENT] - INFO - 
2025-04-01 09:12:11 - [Cluster 0 - CLIENT] - INFO - Received: evaluate message 254424d0-e235-4bc9-a414-b40ad5b80c12
2025-04-01 09:12:11 - [Cluster 0 - CLIENT] - INFO - 
2025-04-01 09:12:11 - [Cluster 0 - CLIENT] - INFO - Received: evaluate message 25d222b4-67f9-4db8-8152-86f873a98436
2025-04-01 09:12:11 - [Cluster 0 - CLIENT] - INFO - 
2025-04-01 09:12:11 - [Cluster 0 - CLIENT] - INFO - Received: evaluate message 897710b7-13d0-473e-9cbf-d488278a2330
2025-04-01 09:12:11 - [Cluster 0 - CLIENT] - INFO - 
2025-04-01 09:12:11 - [Cluster 0 - CLIENT] - INFO - Received: evaluate message 18b33e04-5259-48ef-9c59-331caedea52e
2025-04-01 09:12:11 - [Cluster 0 - CLIENT] - INFO - 
2025-04-01 09:12:11 - [Cluster 0 - CLIENT] - INFO - Received: evaluate message 06acc38a-008d-4681-8dbc-0f4bed6a9455
2025-04-01 09:12:11 - [Cluster 0 - CLIENT] - INFO - 
2025-04-01 09:12:11 - [Cluster 0 - CLIENT] - INFO - Received: evaluate message e8fba0a2-89be-4626-8a1c-35201bda3cc6
2025-04-01 09:12:11 - [Cluster 0 - CLIENT] - INFO - 
2025-04-01 09:12:11 - [Cluster 0 - CLIENT] - INFO - Received: evaluate message dd126a01-e028-466d-9873-6f2e887e947a
2025-04-01 09:12:11 - [Cluster 0 - CLIENT] - INFO - 
2025-04-01 09:12:11 - [Cluster 0 - CLIENT] - INFO - Received: evaluate message af79d15e-8a55-43f4-938c-04ab22454bc0
2025-04-01 09:12:11 - [Cluster 0 - CLIENT] - INFO - 
2025-04-01 09:12:11 - [Cluster 0 - CLIENT] - INFO - Received: evaluate message 471b3558-3ad1-48e0-a8fc-73afd4cc1b08
2025-04-01 09:12:11 - [Cluster 0 - CLIENT] - INFO - 
2025-04-01 09:12:11 - [Cluster 0 - CLIENT] - INFO - Received: evaluate message de210c10-6c66-41fd-8ed1-c07cc0fdd474
2025-04-01 09:12:11 - [Cluster 0 - CLIENT] - INFO - 
2025-04-01 09:12:11 - [Cluster 0 - CLIENT] - INFO - Received: evaluate message bbe89526-5ab1-4d0a-bbb2-96906252e9a6
2025-04-01 09:12:11 - [Cluster 0 - CLIENT] - INFO - 
2025-04-01 09:12:11 - [Cluster 0 - CLIENT] - INFO - Received: evaluate message 13dd817a-7092-4292-9f17-ddb651f27040
2025-04-01 09:12:11 - [Cluster 0 - CLIENT] - INFO - 
2025-04-01 09:12:11 - [Cluster 0 - CLIENT] - INFO - Received: evaluate message 0c5a163c-7744-4480-b3bb-90bb8e2c496e
2025-04-01 09:12:12 - [Cluster 0 - CLIENT] - INFO - 
2025-04-01 09:12:12 - [Cluster 0 - CLIENT] - INFO - Received: evaluate message 9d8ba142-e077-4db1-bd05-2a7b96fec90e
2025-04-01 09:12:12 - [Cluster 0 - CLIENT] - INFO - 
2025-04-01 09:12:12 - [Cluster 0 - CLIENT] - INFO - Received: evaluate message f492a43e-cc2a-49e1-b4de-fbeb43057d7a
2025-04-01 09:12:13 - [Cluster 0 - CLIENT] - INFO - [Store 1083] Evaluation - Loss: 0.4932, MAE: 0.5042
2025-04-01 09:12:13 - [Cluster 0 - CLIENT] - INFO - Sent reply
2025-04-01 09:12:13 - [Cluster 0 - CLIENT] - INFO - [Store 795] Evaluation - Loss: 0.2980, MAE: 0.3860
2025-04-01 09:12:13 - [Cluster 0 - CLIENT] - INFO - Sent reply
2025-04-01 09:12:13 - [Cluster 0 - CLIENT] - INFO - 
2025-04-01 09:12:13 - [Cluster 0 - CLIENT] - INFO - Received: evaluate message efbafa13-0b8b-41e3-9bdc-3d01281137eb
2025-04-01 09:12:13 - [Cluster 0 - CLIENT] - INFO - 
2025-04-01 09:12:13 - [Cluster 0 - CLIENT] - INFO - Received: evaluate message 1d94866f-ceed-4583-967f-3653b1c33de5
2025-04-01 09:12:13 - [Cluster 0 - CLIENT] - INFO - [Store 730] Evaluation - Loss: 0.1953, MAE: 0.2746
2025-04-01 09:12:13 - [Cluster 0 - CLIENT] - INFO - Sent reply
2025-04-01 09:12:13 - [Cluster 0 - CLIENT] - INFO - [Store 949] Evaluation - Loss: 0.2325, MAE: 0.3467
2025-04-01 09:12:13 - [Cluster 0 - CLIENT] - INFO - Sent reply
2025-04-01 09:12:13 - [Cluster 0 - CLIENT] - INFO - [Store 554] Evaluation - Loss: 0.6872, MAE: 0.6310
2025-04-01 09:12:13 - [Cluster 0 - CLIENT] - INFO - [Store 254] Evaluation - Loss: 0.3702, MAE: 0.4217
2025-04-01 09:12:13 - [Cluster 0 - CLIENT] - INFO - Sent reply
2025-04-01 09:12:13 - [Cluster 0 - CLIENT] - INFO - Sent reply
2025-04-01 09:12:13 - [Cluster 0 - CLIENT] - INFO - 
2025-04-01 09:12:13 - [Cluster 0 - CLIENT] - INFO - Received: evaluate message a45e1b81-0e05-4e94-812e-3611cb353f6b
2025-04-01 09:12:13 - [Cluster 0 - CLIENT] - INFO - 
2025-04-01 09:12:13 - [Cluster 0 - CLIENT] - INFO - Received: evaluate message c49d7a00-33a7-42a8-aa38-e50f1716df5e
2025-04-01 09:12:13 - [Cluster 0 - CLIENT] - INFO - 
2025-04-01 09:12:13 - [Cluster 0 - CLIENT] - INFO - Received: evaluate message 52946a17-62d5-4a01-a32e-682c136d8747
2025-04-01 09:12:13 - [Cluster 0 - CLIENT] - INFO - 
2025-04-01 09:12:13 - [Cluster 0 - CLIENT] - INFO - Received: evaluate message c40f2f4f-351f-4d21-9a25-a9434030c603
2025-04-01 09:12:13 - [Cluster 0 - CLIENT] - INFO - [Store 658] Evaluation - Loss: 0.1998, MAE: 0.2913
2025-04-01 09:12:13 - [Cluster 0 - CLIENT] - INFO - [Store 200] Evaluation - Loss: 0.3208, MAE: 0.3377
2025-04-01 09:12:13 - [Cluster 0 - CLIENT] - INFO - Sent reply
2025-04-01 09:12:13 - [Cluster 0 - CLIENT] - INFO - [Store 857] Evaluation - Loss: 0.4248, MAE: 0.4485
2025-04-01 09:12:13 - [Cluster 0 - CLIENT] - INFO - Sent reply
2025-04-01 09:12:13 - [Cluster 0 - CLIENT] - INFO - Sent reply
2025-04-01 09:12:13 - [Cluster 0 - CLIENT] - INFO - [Store 410] Evaluation - Loss: 0.3198, MAE: 0.3924
2025-04-01 09:12:13 - [Cluster 0 - CLIENT] - INFO - Sent reply
2025-04-01 09:12:13 - [Cluster 0 - CLIENT] - INFO - 
2025-04-01 09:12:13 - [Cluster 0 - CLIENT] - INFO - Received: evaluate message 3ead96ab-7088-4e26-bf92-2463eea764b3
2025-04-01 09:12:13 - [Cluster 0 - CLIENT] - INFO - 
2025-04-01 09:12:13 - [Cluster 0 - CLIENT] - INFO - Received: evaluate message b009c3ca-47c8-412f-ae9e-d8c1b919d702
2025-04-01 09:12:13 - [Cluster 0 - CLIENT] - INFO - 
2025-04-01 09:12:13 - [Cluster 0 - CLIENT] - INFO - Received: evaluate message 383c63c8-4222-4596-928d-729056f57e01
2025-04-01 09:12:13 - [Cluster 0 - CLIENT] - INFO - [Store 47] Evaluation - Loss: 0.2937, MAE: 0.3524
2025-04-01 09:12:13 - [Cluster 0 - CLIENT] - INFO - Sent reply
2025-04-01 09:12:13 - [Cluster 0 - CLIENT] - INFO - [Store 201] Evaluation - Loss: 0.3003, MAE: 0.3629
2025-04-01 09:12:13 - [Cluster 0 - CLIENT] - INFO - [Store 360] Evaluation - Loss: 0.2317, MAE: 0.3158
2025-04-01 09:12:13 - [Cluster 0 - CLIENT] - INFO - Sent reply
2025-04-01 09:12:13 - [Cluster 0 - CLIENT] - INFO - Sent reply
2025-04-01 09:12:13 - [Cluster 0 - CLIENT] - INFO - 
2025-04-01 09:12:13 - [Cluster 0 - CLIENT] - INFO - Received: evaluate message d2cbe669-7bce-4889-8b2b-f706718b0375
2025-04-01 09:12:13 - [Cluster 0 - CLIENT] - INFO - 
2025-04-01 09:12:13 - [Cluster 0 - CLIENT] - INFO - Received: evaluate message 78b71ea0-a8f5-4e6a-aa78-35ae4b9251f7
2025-04-01 09:12:13 - [Cluster 0 - CLIENT] - INFO - 
2025-04-01 09:12:13 - [Cluster 0 - CLIENT] - INFO - Received: evaluate message 351e53fb-ad63-4023-a9c2-2afd810d522a
2025-04-01 09:12:13 - [Cluster 0 - CLIENT] - INFO - [Store 305] Evaluation - Loss: 0.5524, MAE: 0.5533
2025-04-01 09:12:13 - [Cluster 0 - CLIENT] - INFO - 
2025-04-01 09:12:13 - [Cluster 0 - CLIENT] - INFO - Received: evaluate message c6e7aa85-2a37-4d43-a423-8267c1c91317
2025-04-01 09:12:13 - [Cluster 0 - CLIENT] - INFO - Sent reply
2025-04-01 09:12:13 - [Cluster 0 - CLIENT] - INFO - 
2025-04-01 09:12:13 - [Cluster 0 - CLIENT] - INFO - Received: evaluate message b9eaf359-84e9-46ed-81a7-1fb3c6970ac3
2025-04-01 09:12:13 - [Cluster 0 - CLIENT] - INFO - [Store 105] Evaluation - Loss: 0.3540, MAE: 0.4466
2025-04-01 09:12:13 - [Cluster 0 - CLIENT] - INFO - Sent reply
2025-04-01 09:12:13 - [Cluster 0 - CLIENT] - INFO - 
2025-04-01 09:12:13 - [Cluster 0 - CLIENT] - INFO - Received: evaluate message c3fddc00-4b70-4d8d-8596-e30aa505e94c
2025-04-01 09:12:14 - [Cluster 0 - CLIENT] - INFO - [Store 260] Evaluation - Loss: 0.2116, MAE: 0.2684
2025-04-01 09:12:14 - [Cluster 0 - CLIENT] - INFO - Sent reply
2025-04-01 09:12:14 - [Cluster 0 - CLIENT] - INFO - [Store 1099] Evaluation - Loss: 0.3275, MAE: 0.3998
2025-04-01 09:12:14 - [Cluster 0 - CLIENT] - INFO - Sent reply
2025-04-01 09:12:15 - [Cluster 0 - CLIENT] - INFO - [Store 65] Evaluation - Loss: 0.2416, MAE: 0.3347
2025-04-01 09:12:15 - [Cluster 0 - CLIENT] - INFO - Sent reply
2025-04-01 09:12:15 - [Cluster 0 - CLIENT] - INFO - [Store 628] Evaluation - Loss: 0.3207, MAE: 0.3554
2025-04-01 09:12:15 - [Cluster 0 - CLIENT] - INFO - [Store 1073] Evaluation - Loss: 2.2422, MAE: 1.0965
2025-04-01 09:12:15 - [Cluster 0 - CLIENT] - INFO - Sent reply
2025-04-01 09:12:15 - [Cluster 0 - CLIENT] - INFO - Sent reply
2025-04-01 09:12:15 - [Cluster 0 - CLIENT] - INFO - [Store 922] Evaluation - Loss: 0.2896, MAE: 0.3508
2025-04-01 09:12:15 - [Cluster 0 - CLIENT] - INFO - [Store 718] Evaluation - Loss: 0.2245, MAE: 0.2873
2025-04-01 09:12:15 - [Cluster 0 - CLIENT] - INFO - Sent reply
2025-04-01 09:12:15 - [Cluster 0 - CLIENT] - INFO - Sent reply
2025-04-01 09:12:15 - [Cluster 0 - CLIENT] - INFO - [Store 511] Evaluation - Loss: 0.2593, MAE: 0.3257
2025-04-01 09:12:15 - [Cluster 0 - CLIENT] - INFO - Sent reply
2025-04-01 09:12:15 - [Cluster 0 - CLIENT] - INFO - [Store 77] Evaluation - Loss: 0.2803, MAE: 0.3533
2025-04-01 09:12:15 - [Cluster 0 - CLIENT] - INFO - Sent reply
2025-04-01 09:12:15 - [Cluster 0 - CLIENT] - INFO - [Store 74] Evaluation - Loss: 0.2656, MAE: 0.3025
2025-04-01 09:12:15 - [Cluster 0 - CLIENT] - INFO - Sent reply
2025-04-01 09:12:15 - [Cluster 0 - CLIENT] - INFO - [Store 305] Evaluation - Loss: 0.5524, MAE: 0.5533
2025-04-01 09:12:15 - [Cluster 0 - CLIENT] - INFO - Sent reply
2025-04-01 09:12:15 - [Cluster 0 - CLIENT] - INFO - [Store 1042] Evaluation - Loss: 0.3111, MAE: 0.3459
2025-04-01 09:12:15 - [Cluster 0 - CLIENT] - INFO - Sent reply
2025-04-01 09:12:15 - [Cluster 0 - CLIENT] - INFO - [Store 55] Evaluation - Loss: 0.3477, MAE: 0.4464
2025-04-01 09:12:15 - [Cluster 0 - CLIENT] - INFO - Sent reply
2025-04-01 09:12:15 - [Cluster 0 - CLIENT] - INFO - [Store 440] Evaluation - Loss: 0.3951, MAE: 0.4397
2025-04-01 09:12:15 - [Cluster 0 - CLIENT] - INFO - Sent reply
2025-04-01 09:12:15 - [Cluster 0 - CLIENT] - INFO - [Store 886] Evaluation - Loss: 0.3611, MAE: 0.4097
2025-04-01 09:12:15 - [Cluster 0 - CLIENT] - INFO - Sent reply
2025-04-01 09:12:15 - [Cluster 0 - CLIENT] - INFO - 
2025-04-01 09:12:15 - [Cluster 0 - CLIENT] - INFO - Received: train message 7e940263-af95-48ae-88c1-eb3de8c2c7e5
2025-04-01 09:12:15 - [Cluster 0 - CLIENT] - INFO - 
2025-04-01 09:12:15 - [Cluster 0 - CLIENT] - INFO - Received: train message 1728ca8f-532e-47cb-9208-197707ed67c1
2025-04-01 09:12:15 - [Cluster 0 - CLIENT] - INFO - 
2025-04-01 09:12:15 - [Cluster 0 - CLIENT] - INFO - Received: train message 5939818e-382e-4f54-a69e-41cbffe75f32
2025-04-01 09:12:15 - [Cluster 0 - CLIENT] - INFO - 
2025-04-01 09:12:15 - [Cluster 0 - CLIENT] - INFO - Received: train message 89d6e82d-4fb1-4ba1-bbe8-4abe2d467f95
2025-04-01 09:12:15 - [Cluster 0 - CLIENT] - INFO - 
2025-04-01 09:12:15 - [Cluster 0 - CLIENT] - INFO - Received: train message d434e1cb-6490-4e18-b3c8-91fd81cb54c9
2025-04-01 09:12:15 - [Cluster 0 - CLIENT] - INFO - [Store 718] Starting local training.
2025-04-01 09:12:15 - [Cluster 0 - CLIENT] - INFO - [Store 65] Starting local training.
2025-04-01 09:12:15 - [Cluster 0 - CLIENT] - INFO - [Store 949] Starting local training.
2025-04-01 09:12:15 - [Cluster 0 - CLIENT] - INFO - 
2025-04-01 09:12:15 - [Cluster 0 - CLIENT] - INFO - Received: train message cca14750-d977-4c7c-9bb7-86d47c14bf0c
2025-04-01 09:12:15 - [Cluster 0 - CLIENT] - INFO - 
2025-04-01 09:12:15 - [Cluster 0 - CLIENT] - INFO - Received: train message 68ed4804-7749-4030-96d7-a7b2bafe5e9c
2025-04-01 09:12:15 - [Cluster 0 - CLIENT] - INFO - [Store 410] Starting local training.
2025-04-01 09:12:15 - [Cluster 0 - CLIENT] - INFO - 
2025-04-01 09:12:15 - [Cluster 0 - CLIENT] - INFO - Received: train message f5af345d-3b86-47b8-978e-dea687195089
2025-04-01 09:12:15 - [Cluster 0 - CLIENT] - INFO - 
2025-04-01 09:12:15 - [Cluster 0 - CLIENT] - INFO - Received: train message 247e0f21-b811-41e3-98c4-0c08a8e34157
2025-04-01 09:12:15 - [Cluster 0 - CLIENT] - INFO - 
2025-04-01 09:12:15 - [Cluster 0 - CLIENT] - INFO - Received: train message 0fdaf580-bfad-402b-a1da-cb04c7e2978a
2025-04-01 09:12:15 - [Cluster 0 - CLIENT] - INFO - [Store 886] Starting local training.
2025-04-01 09:12:15 - [Cluster 0 - CLIENT] - INFO - 
2025-04-01 09:12:15 - [Cluster 0 - CLIENT] - INFO - Received: train message d43d44be-6626-47c0-a858-9838d9260586
2025-04-01 09:12:15 - [Cluster 0 - CLIENT] - INFO - 
2025-04-01 09:12:15 - [Cluster 0 - CLIENT] - INFO - Received: train message 64974865-299e-41ff-a1e8-75dbcc875d9b
2025-04-01 09:12:15 - [Cluster 0 - CLIENT] - INFO - [Store 305] Starting local training.
2025-04-01 09:12:15 - [Cluster 0 - CLIENT] - INFO - [Store 200] Starting local training.
2025-04-01 09:12:15 - [Cluster 0 - CLIENT] - INFO - 
2025-04-01 09:12:15 - [Cluster 0 - CLIENT] - INFO - Received: train message 2214c635-f65d-4bcb-b0b4-8970f77e801b
2025-04-01 09:12:15 - [Cluster 0 - CLIENT] - INFO - 
2025-04-01 09:12:15 - [Cluster 0 - CLIENT] - INFO - [Store 55] Starting local training.
2025-04-01 09:12:15 - [Cluster 0 - CLIENT] - INFO - Received: train message 82caf76f-a843-49d9-a16e-0d01dd5873e8
2025-04-01 09:12:15 - [Cluster 0 - CLIENT] - INFO - 
2025-04-01 09:12:15 - [Cluster 0 - CLIENT] - INFO - Received: train message bb481998-7814-412e-ab4b-4f964c9fb487
2025-04-01 09:12:15 - [Cluster 0 - CLIENT] - INFO - [Store 628] Starting local training.
2025-04-01 09:12:15 - [Cluster 0 - CLIENT] - INFO - [Store 360] Starting local training.
2025-04-01 09:12:15 - [Cluster 0 - CLIENT] - INFO - [Store 658] Starting local training.
2025-04-01 09:12:15 - [Cluster 0 - CLIENT] - INFO - [Store 254] Starting local training.
2025-04-01 09:12:15 - [Cluster 0 - CLIENT] - INFO - [Store 105] Starting local training.
2025-04-01 09:12:15 - [Cluster 0 - CLIENT] - INFO - [Store 47] Starting local training.
2025-04-01 09:12:15 - [Cluster 0 - CLIENT] - INFO - [Store 511] Starting local training.
2025-04-01 09:16:24 - [Cluster 0 - CLIENT] - INFO - [Store 305] Local training complete.
2025-04-01 09:16:24 - [Cluster 0 - CLIENT] - INFO - Sent reply
2025-04-01 09:16:24 - [Cluster 0 - CLIENT] - INFO - 
2025-04-01 09:16:24 - [Cluster 0 - CLIENT] - INFO - Received: train message 56a7de87-d76e-430e-985b-94e92ba82318
2025-04-01 09:16:24 - [Cluster 0 - CLIENT] - INFO - [Store 260] Starting local training.
2025-04-01 09:16:25 - [Cluster 0 - CLIENT] - INFO - [Store 105] Local training complete.
2025-04-01 09:16:25 - [Cluster 0 - CLIENT] - INFO - Sent reply
2025-04-01 09:16:25 - [Cluster 0 - CLIENT] - INFO - 
2025-04-01 09:16:25 - [Cluster 0 - CLIENT] - INFO - Received: train message 83b983cb-5d22-4082-b480-b64f6f6a89de
2025-04-01 09:16:25 - [Cluster 0 - CLIENT] - INFO - [Store 949] Local training complete.
2025-04-01 09:16:25 - [Cluster 0 - CLIENT] - INFO - Sent reply
2025-04-01 09:16:25 - [Cluster 0 - CLIENT] - INFO - 
2025-04-01 09:16:25 - [Cluster 0 - CLIENT] - INFO - Received: train message 36fba68d-3c4d-4d7b-a327-72cb6e312a6c
2025-04-01 09:16:26 - [Cluster 0 - CLIENT] - INFO - [Store 1042] Starting local training.
2025-04-01 09:16:26 - [Cluster 0 - CLIENT] - INFO - [Store 795] Starting local training.
2025-04-01 09:16:27 - [Cluster 0 - CLIENT] - INFO - [Store 718] Local training complete.
2025-04-01 09:16:27 - [Cluster 0 - CLIENT] - INFO - Sent reply
2025-04-01 09:16:27 - [Cluster 0 - CLIENT] - INFO - 
2025-04-01 09:16:27 - [Cluster 0 - CLIENT] - INFO - Received: train message a6937f9a-486a-430b-a8e3-ebd6b6bdbf55
2025-04-01 09:16:27 - [Cluster 0 - CLIENT] - INFO - [Store 857] Starting local training.
2025-04-01 09:16:29 - [Cluster 0 - CLIENT] - INFO - [Store 254] Local training complete.
2025-04-01 09:16:29 - [Cluster 0 - CLIENT] - INFO - Sent reply
2025-04-01 09:16:29 - [Cluster 0 - CLIENT] - INFO - 
2025-04-01 09:16:29 - [Cluster 0 - CLIENT] - INFO - Received: train message 36e66810-ff29-42b8-8f3f-53601f6e7e90
2025-04-01 09:16:29 - [Cluster 0 - CLIENT] - INFO - [Store 440] Starting local training.
2025-04-01 09:16:29 - [Cluster 0 - CLIENT] - INFO - [Store 200] Local training complete.
2025-04-01 09:16:29 - [Cluster 0 - CLIENT] - INFO - Sent reply
2025-04-01 09:16:29 - [Cluster 0 - CLIENT] - INFO - 
2025-04-01 09:16:29 - [Cluster 0 - CLIENT] - INFO - Received: train message 3202f884-7095-4324-95f4-6aef8735cbf1
2025-04-01 09:16:29 - [Cluster 0 - CLIENT] - INFO - [Store 628] Local training complete.
2025-04-01 09:16:29 - [Cluster 0 - CLIENT] - INFO - Sent reply
2025-04-01 09:16:29 - [Cluster 0 - CLIENT] - INFO - [Store 201] Starting local training.
2025-04-01 09:16:30 - [Cluster 0 - CLIENT] - INFO - 
2025-04-01 09:16:30 - [Cluster 0 - CLIENT] - INFO - Received: train message de7ba711-cf4e-4ef0-b90a-81414cd0e0f8
2025-04-01 09:16:30 - [Cluster 0 - CLIENT] - INFO - [Store 1099] Starting local training.
2025-04-01 09:16:30 - [Cluster 0 - CLIENT] - INFO - [Store 410] Local training complete.
2025-04-01 09:16:30 - [Cluster 0 - CLIENT] - INFO - Sent reply
2025-04-01 09:16:30 - [Cluster 0 - CLIENT] - INFO - 
2025-04-01 09:16:30 - [Cluster 0 - CLIENT] - INFO - Received: train message f169f653-59f1-4c24-9d73-95eb2af07f2f
2025-04-01 09:16:30 - [Cluster 0 - CLIENT] - INFO - [Store 554] Starting local training.
2025-04-01 09:16:31 - [Cluster 0 - CLIENT] - INFO - [Store 360] Local training complete.
2025-04-01 09:16:31 - [Cluster 0 - CLIENT] - INFO - Sent reply
2025-04-01 09:16:31 - [Cluster 0 - CLIENT] - INFO - 
2025-04-01 09:16:31 - [Cluster 0 - CLIENT] - INFO - Received: train message 04598bac-6d90-49cc-8f1c-832a1a48e7ad
2025-04-01 09:16:31 - [Cluster 0 - CLIENT] - INFO - [Store 730] Starting local training.
2025-04-01 09:16:31 - [Cluster 0 - CLIENT] - INFO - [Store 65] Local training complete.
2025-04-01 09:16:31 - [Cluster 0 - CLIENT] - INFO - Sent reply
2025-04-01 09:16:31 - [Cluster 0 - CLIENT] - INFO - 
2025-04-01 09:16:31 - [Cluster 0 - CLIENT] - INFO - Received: train message 06884049-af09-4912-a025-4a55d3e995af
2025-04-01 09:16:32 - [Cluster 0 - CLIENT] - INFO - [Store 305] Starting local training.
2025-04-01 09:16:32 - [Cluster 0 - CLIENT] - INFO - [Store 511] Local training complete.
2025-04-01 09:16:32 - [Cluster 0 - CLIENT] - INFO - Sent reply
2025-04-01 09:16:32 - [Cluster 0 - CLIENT] - INFO - 
2025-04-01 09:16:32 - [Cluster 0 - CLIENT] - INFO - Received: train message 5e0e91f5-345a-4530-b8fc-c1e2babeae83
2025-04-01 09:16:32 - [Cluster 0 - CLIENT] - INFO - [Store 77] Starting local training.
2025-04-01 09:16:33 - [Cluster 0 - CLIENT] - INFO - [Store 886] Local training complete.
2025-04-01 09:16:33 - [Cluster 0 - CLIENT] - INFO - Sent reply
2025-04-01 09:16:33 - [Cluster 0 - CLIENT] - INFO - 
2025-04-01 09:16:33 - [Cluster 0 - CLIENT] - INFO - Received: train message 0d462d93-09f2-40e7-b22d-cbd727214e90
2025-04-01 09:16:33 - [Cluster 0 - CLIENT] - INFO - [Store 1083] Starting local training.
2025-04-01 09:16:34 - [Cluster 0 - CLIENT] - INFO - [Store 55] Local training complete.
2025-04-01 09:16:34 - [Cluster 0 - CLIENT] - INFO - Sent reply
2025-04-01 09:16:34 - [Cluster 0 - CLIENT] - INFO - 
2025-04-01 09:16:34 - [Cluster 0 - CLIENT] - INFO - Received: train message 9f2fdaf8-8ffd-496a-8de6-ac3101263b99
2025-04-01 09:16:34 - [Cluster 0 - CLIENT] - INFO - [Store 658] Local training complete.
2025-04-01 09:16:34 - [Cluster 0 - CLIENT] - INFO - Sent reply
2025-04-01 09:16:34 - [Cluster 0 - CLIENT] - INFO - 
2025-04-01 09:16:34 - [Cluster 0 - CLIENT] - INFO - Received: train message 7eff733d-86de-48bd-a5ad-5f1fac85a8cc
2025-04-01 09:16:34 - [Cluster 0 - CLIENT] - INFO - [Store 922] Starting local training.
2025-04-01 09:16:35 - [Cluster 0 - CLIENT] - INFO - [Store 74] Starting local training.
2025-04-01 09:16:39 - [Cluster 0 - CLIENT] - INFO - [Store 47] Local training complete.
2025-04-01 09:16:40 - [Cluster 0 - CLIENT] - INFO - Sent reply
2025-04-01 09:16:40 - [Cluster 0 - CLIENT] - INFO - 
2025-04-01 09:16:40 - [Cluster 0 - CLIENT] - INFO - Received: train message 1321b3de-bf3c-4aca-9de1-1336c1b6dfd1
2025-04-01 09:16:40 - [Cluster 0 - CLIENT] - INFO - [Store 1073] Starting local training.
2025-04-01 09:21:15 - [Cluster 0 - CLIENT] - INFO - [Store 857] Local training complete.
2025-04-01 09:21:15 - [Cluster 0 - CLIENT] - INFO - Sent reply
2025-04-01 09:21:16 - [Cluster 0 - CLIENT] - INFO - [Store 260] Local training complete.
2025-04-01 09:21:16 - [Cluster 0 - CLIENT] - INFO - Sent reply
2025-04-01 09:21:23 - [Cluster 0 - CLIENT] - INFO - [Store 305] Local training complete.
2025-04-01 09:21:23 - [Cluster 0 - CLIENT] - INFO - Sent reply
2025-04-01 09:21:23 - [Cluster 0 - CLIENT] - INFO - [Store 1099] Local training complete.
2025-04-01 09:21:23 - [Cluster 0 - CLIENT] - INFO - Sent reply
2025-04-01 09:21:25 - [Cluster 0 - CLIENT] - INFO - [Store 201] Local training complete.
2025-04-01 09:21:25 - [Cluster 0 - CLIENT] - INFO - [Store 554] Local training complete.
2025-04-01 09:21:25 - [Cluster 0 - CLIENT] - INFO - Sent reply
2025-04-01 09:21:25 - [Cluster 0 - CLIENT] - INFO - [Store 1042] Local training complete.
2025-04-01 09:21:25 - [Cluster 0 - CLIENT] - INFO - Sent reply
2025-04-01 09:21:25 - [Cluster 0 - CLIENT] - INFO - Sent reply
2025-04-01 09:21:26 - [Cluster 0 - CLIENT] - INFO - [Store 1083] Local training complete.
2025-04-01 09:21:26 - [Cluster 0 - CLIENT] - INFO - Sent reply
2025-04-01 09:21:26 - [Cluster 0 - CLIENT] - INFO - [Store 922] Local training complete.
2025-04-01 09:21:27 - [Cluster 0 - CLIENT] - INFO - Sent reply
2025-04-01 09:21:27 - [Cluster 0 - CLIENT] - INFO - [Store 1073] Local training complete.
2025-04-01 09:21:27 - [Cluster 0 - CLIENT] - INFO - Sent reply
2025-04-01 09:21:27 - [Cluster 0 - CLIENT] - INFO - [Store 440] Local training complete.
2025-04-01 09:21:27 - [Cluster 0 - CLIENT] - INFO - Sent reply
2025-04-01 09:21:27 - [Cluster 0 - CLIENT] - INFO - [Store 77] Local training complete.
2025-04-01 09:21:27 - [Cluster 0 - CLIENT] - INFO - [Store 795] Local training complete.
2025-04-01 09:21:27 - [Cluster 0 - CLIENT] - INFO - Sent reply
2025-04-01 09:21:27 - [Cluster 0 - CLIENT] - INFO - Sent reply
2025-04-01 09:21:28 - [Cluster 0 - CLIENT] - INFO - [Store 74] Local training complete.
2025-04-01 09:21:28 - [Cluster 0 - CLIENT] - INFO - Sent reply
2025-04-01 09:21:28 - [Cluster 0 - CLIENT] - INFO - [Store 730] Local training complete.
2025-04-01 09:21:28 - [Cluster 0 - CLIENT] - INFO - Sent reply
2025-04-01 09:21:28 - [Cluster 0 - CLIENT] - INFO - 
2025-04-01 09:21:28 - [Cluster 0 - CLIENT] - INFO - Received: evaluate message 1fabfd64-8ab4-42dd-be92-901073ac9d57
2025-04-01 09:21:28 - [Cluster 0 - CLIENT] - INFO - 
2025-04-01 09:21:28 - [Cluster 0 - CLIENT] - INFO - Received: evaluate message fae790cb-eb59-4742-9623-96ef1934c419
2025-04-01 09:21:28 - [Cluster 0 - CLIENT] - INFO - 
2025-04-01 09:21:28 - [Cluster 0 - CLIENT] - INFO - Received: evaluate message 5632fcba-3c39-465d-a216-e7c49ff696e3
2025-04-01 09:21:28 - [Cluster 0 - CLIENT] - INFO - 
2025-04-01 09:21:28 - [Cluster 0 - CLIENT] - INFO - Received: evaluate message 3547a9b1-abd7-4b44-afe1-169157a35ae5
2025-04-01 09:21:28 - [Cluster 0 - CLIENT] - INFO - 
2025-04-01 09:21:28 - [Cluster 0 - CLIENT] - INFO - Received: evaluate message e23030ce-887e-4ac9-b913-0f0d73d1aaab
2025-04-01 09:21:28 - [Cluster 0 - CLIENT] - INFO - 
2025-04-01 09:21:28 - [Cluster 0 - CLIENT] - INFO - Received: evaluate message 1b15cb70-c23e-4eae-b29d-c03dd27681c0
2025-04-01 09:21:28 - [Cluster 0 - CLIENT] - INFO - 
2025-04-01 09:21:28 - [Cluster 0 - CLIENT] - INFO - 
2025-04-01 09:21:28 - [Cluster 0 - CLIENT] - INFO - Received: evaluate message 8725c0bd-3935-422d-a58b-cb94b219c8a6
2025-04-01 09:21:28 - [Cluster 0 - CLIENT] - INFO - 
2025-04-01 09:21:28 - [Cluster 0 - CLIENT] - INFO - Received: evaluate message cccffc0d-9a4f-4d7a-822e-a825e4afc1cc
2025-04-01 09:21:28 - [Cluster 0 - CLIENT] - INFO - Received: evaluate message b7aa9aff-6eab-4643-8f58-c6ff570348c4
2025-04-01 09:21:28 - [Cluster 0 - CLIENT] - INFO - 
2025-04-01 09:21:28 - [Cluster 0 - CLIENT] - INFO - Received: evaluate message 5cc7ceeb-d8ee-45a1-82a2-628bc8220379
2025-04-01 09:21:28 - [Cluster 0 - CLIENT] - INFO - 
2025-04-01 09:21:28 - [Cluster 0 - CLIENT] - INFO - Received: evaluate message 827d3c2c-da03-4d42-9ea6-4f8cf94fd85e
2025-04-01 09:21:28 - [Cluster 0 - CLIENT] - INFO - 
2025-04-01 09:21:28 - [Cluster 0 - CLIENT] - INFO - Received: evaluate message 5c0c290e-49d8-44e6-a90a-91157a87517e
2025-04-01 09:21:28 - [Cluster 0 - CLIENT] - INFO - 
2025-04-01 09:21:28 - [Cluster 0 - CLIENT] - INFO - Received: evaluate message f86203c4-884c-4533-a617-6ff68fce0cc4
2025-04-01 09:21:28 - [Cluster 0 - CLIENT] - INFO - 
2025-04-01 09:21:28 - [Cluster 0 - CLIENT] - INFO - Received: evaluate message d1bdd1dc-5e58-432d-9640-6f580847068a
2025-04-01 09:21:28 - [Cluster 0 - CLIENT] - INFO - 
2025-04-01 09:21:28 - [Cluster 0 - CLIENT] - INFO - Received: evaluate message 3671b668-1557-44b1-b916-67605cba2adb
2025-04-01 09:21:29 - [Cluster 0 - CLIENT] - INFO - [Store 1073] Evaluation - Loss: 1.3824, MAE: 0.8572
2025-04-01 09:21:29 - [Cluster 0 - CLIENT] - INFO - Sent reply
2025-04-01 09:21:29 - [Cluster 0 - CLIENT] - INFO - 
2025-04-01 09:21:29 - [Cluster 0 - CLIENT] - INFO - Received: evaluate message ab4d0dc7-123f-4845-aba5-f7a5373c22e8
2025-04-01 09:21:30 - [Cluster 0 - CLIENT] - INFO - [Store 440] Evaluation - Loss: 0.3780, MAE: 0.4342
2025-04-01 09:21:30 - [Cluster 0 - CLIENT] - INFO - Sent reply
2025-04-01 09:21:30 - [Cluster 0 - CLIENT] - INFO - [Store 1042] Evaluation - Loss: 0.3170, MAE: 0.3584
2025-04-01 09:21:30 - [Cluster 0 - CLIENT] - INFO - Sent reply
2025-04-01 09:21:30 - [Cluster 0 - CLIENT] - INFO - 
2025-04-01 09:21:30 - [Cluster 0 - CLIENT] - INFO - [Store 74] Evaluation - Loss: 0.2652, MAE: 0.3113
2025-04-01 09:21:30 - [Cluster 0 - CLIENT] - INFO - Received: evaluate message e870fe24-1b96-462a-a2b8-c37e76ed0274
2025-04-01 09:21:30 - [Cluster 0 - CLIENT] - INFO - Sent reply
2025-04-01 09:21:30 - [Cluster 0 - CLIENT] - INFO - 
2025-04-01 09:21:30 - [Cluster 0 - CLIENT] - INFO - Received: evaluate message 4011e4e5-5eda-4abe-ae93-a03f25bc959a
2025-04-01 09:21:30 - [Cluster 0 - CLIENT] - INFO - [Store 1099] Evaluation - Loss: 0.3290, MAE: 0.4040
2025-04-01 09:21:30 - [Cluster 0 - CLIENT] - INFO - Sent reply
2025-04-01 09:21:30 - [Cluster 0 - CLIENT] - INFO - [Store 77] Evaluation - Loss: 0.2861, MAE: 0.3685
2025-04-01 09:21:30 - [Cluster 0 - CLIENT] - INFO - [Store 511] Evaluation - Loss: 0.2510, MAE: 0.3339
2025-04-01 09:21:30 - [Cluster 0 - CLIENT] - INFO - [Store 718] Evaluation - Loss: 0.2283, MAE: 0.2995
2025-04-01 09:21:30 - [Cluster 0 - CLIENT] - INFO - [Store 360] Evaluation - Loss: 0.2381, MAE: 0.3355
2025-04-01 09:21:30 - [Cluster 0 - CLIENT] - INFO - Sent reply
2025-04-01 09:21:30 - [Cluster 0 - CLIENT] - INFO - Sent reply
2025-04-01 09:21:30 - [Cluster 0 - CLIENT] - INFO - Sent reply
2025-04-01 09:21:30 - [Cluster 0 - CLIENT] - INFO - Sent reply
2025-04-01 09:21:30 - [Cluster 0 - CLIENT] - INFO - [Store 260] Evaluation - Loss: 0.2113, MAE: 0.2843
2025-04-01 09:21:30 - [Cluster 0 - CLIENT] - INFO - Sent reply
2025-04-01 09:21:30 - [Cluster 0 - CLIENT] - INFO - [Store 65] Evaluation - Loss: 0.2491, MAE: 0.3455
2025-04-01 09:21:30 - [Cluster 0 - CLIENT] - INFO - 
2025-04-01 09:21:30 - [Cluster 0 - CLIENT] - INFO - Received: evaluate message b24be7e6-f355-4a64-9d05-4ad2f6216c2d
2025-04-01 09:21:30 - [Cluster 0 - CLIENT] - INFO - 
2025-04-01 09:21:30 - [Cluster 0 - CLIENT] - INFO - Received: evaluate message fc52f1de-c3b2-4a0e-a56b-bd1503dfd701
2025-04-01 09:21:30 - [Cluster 0 - CLIENT] - INFO - Sent reply
2025-04-01 09:21:30 - [Cluster 0 - CLIENT] - INFO - [Store 795] Evaluation - Loss: 0.3143, MAE: 0.4127
2025-04-01 09:21:30 - [Cluster 0 - CLIENT] - INFO - 
2025-04-01 09:21:30 - [Cluster 0 - CLIENT] - INFO - Received: evaluate message 408fa657-b4c2-4627-b807-1469ed7aa9c6
2025-04-01 09:21:30 - [Cluster 0 - CLIENT] - INFO - Sent reply
2025-04-01 09:21:30 - [Cluster 0 - CLIENT] - INFO - 
2025-04-01 09:21:30 - [Cluster 0 - CLIENT] - INFO - Received: evaluate message d8c40b27-9e1d-4357-9031-f129a761c845
2025-04-01 09:21:30 - [Cluster 0 - CLIENT] - INFO - [Store 105] Evaluation - Loss: 0.3369, MAE: 0.4336
2025-04-01 09:21:30 - [Cluster 0 - CLIENT] - INFO - [Store 949] Evaluation - Loss: 0.2473, MAE: 0.3673
2025-04-01 09:21:30 - [Cluster 0 - CLIENT] - INFO - Sent reply
2025-04-01 09:21:30 - [Cluster 0 - CLIENT] - INFO - Sent reply
2025-04-01 09:21:30 - [Cluster 0 - CLIENT] - INFO - 
2025-04-01 09:21:30 - [Cluster 0 - CLIENT] - INFO - Received: evaluate message 021989f8-1484-4fd1-83a6-6bb66ca47db4
2025-04-01 09:21:30 - [Cluster 0 - CLIENT] - INFO - 
2025-04-01 09:21:30 - [Cluster 0 - CLIENT] - INFO - Received: evaluate message b1e7af8d-c286-4af0-bf2c-6b36353bfd7a
2025-04-01 09:21:30 - [Cluster 0 - CLIENT] - INFO - 
2025-04-01 09:21:30 - [Cluster 0 - CLIENT] - INFO - Received: evaluate message a1d46879-f281-4805-8dcc-32efb9baef64
2025-04-01 09:21:30 - [Cluster 0 - CLIENT] - INFO - 
2025-04-01 09:21:30 - [Cluster 0 - CLIENT] - INFO - Received: evaluate message 46fb6119-827f-4c76-b0e0-b6eab7171afc
2025-04-01 09:21:30 - [Cluster 0 - CLIENT] - INFO - [Store 628] Evaluation - Loss: 0.3240, MAE: 0.3651
2025-04-01 09:21:30 - [Cluster 0 - CLIENT] - INFO - Sent reply
2025-04-01 09:21:30 - [Cluster 0 - CLIENT] - INFO - 
2025-04-01 09:21:30 - [Cluster 0 - CLIENT] - INFO - Received: evaluate message 1f7aa167-362b-4f61-a290-a0207a5f1ff6
2025-04-01 09:21:30 - [Cluster 0 - CLIENT] - INFO - 
2025-04-01 09:21:30 - [Cluster 0 - CLIENT] - INFO - Received: evaluate message a1add789-43bc-4028-9048-becef2ab45ca
2025-04-01 09:21:30 - [Cluster 0 - CLIENT] - INFO - 
2025-04-01 09:21:30 - [Cluster 0 - CLIENT] - INFO - Received: evaluate message 648ecbc1-1e94-4981-a38a-b1a5a733d713
2025-04-01 09:21:30 - [Cluster 0 - CLIENT] - INFO - 
2025-04-01 09:21:30 - [Cluster 0 - CLIENT] - INFO - Received: evaluate message f65a1e92-cc5a-410d-aaf9-161fdc90bdaa
2025-04-01 09:21:31 - [Cluster 0 - CLIENT] - INFO - [Store 305] Evaluation - Loss: 0.5164, MAE: 0.5311
2025-04-01 09:21:31 - [Cluster 0 - CLIENT] - INFO - Sent reply
2025-04-01 09:21:31 - [Cluster 0 - CLIENT] - INFO - [Store 857] Evaluation - Loss: 0.4062, MAE: 0.4483
2025-04-01 09:21:31 - [Cluster 0 - CLIENT] - INFO - Sent reply
2025-04-01 09:21:31 - [Cluster 0 - CLIENT] - INFO - [Store 305] Evaluation - Loss: 0.5164, MAE: 0.5311
2025-04-01 09:21:31 - [Cluster 0 - CLIENT] - INFO - Sent reply
2025-04-01 09:21:31 - [Cluster 0 - CLIENT] - INFO - [Store 730] Evaluation - Loss: 0.2046, MAE: 0.2909
2025-04-01 09:21:31 - [Cluster 0 - CLIENT] - INFO - Sent reply
2025-04-01 09:21:31 - [Cluster 0 - CLIENT] - INFO - [Store 201] Evaluation - Loss: 0.3047, MAE: 0.3787
2025-04-01 09:21:31 - [Cluster 0 - CLIENT] - INFO - [Store 922] Evaluation - Loss: 0.2880, MAE: 0.3634
2025-04-01 09:21:31 - [Cluster 0 - CLIENT] - INFO - Sent reply
2025-04-01 09:21:31 - [Cluster 0 - CLIENT] - INFO - Sent reply
2025-04-01 09:21:31 - [Cluster 0 - CLIENT] - INFO - [Store 1083] Evaluation - Loss: 0.4501, MAE: 0.4879
2025-04-01 09:21:31 - [Cluster 0 - CLIENT] - INFO - Sent reply
2025-04-01 09:21:31 - [Cluster 0 - CLIENT] - INFO - [Store 658] Evaluation - Loss: 0.2061, MAE: 0.3050
2025-04-01 09:21:31 - [Cluster 0 - CLIENT] - INFO - Sent reply
2025-04-01 09:21:31 - [Cluster 0 - CLIENT] - INFO - [Store 554] Evaluation - Loss: 0.5601, MAE: 0.5786
2025-04-01 09:21:31 - [Cluster 0 - CLIENT] - INFO - Sent reply
2025-04-01 09:21:31 - [Cluster 0 - CLIENT] - INFO - [Store 254] Evaluation - Loss: 0.3705, MAE: 0.4319
2025-04-01 09:21:31 - [Cluster 0 - CLIENT] - INFO - Sent reply
2025-04-01 09:21:31 - [Cluster 0 - CLIENT] - INFO - [Store 47] Evaluation - Loss: 0.2858, MAE: 0.3534
2025-04-01 09:21:31 - [Cluster 0 - CLIENT] - INFO - Sent reply
2025-04-01 09:21:31 - [Cluster 0 - CLIENT] - INFO - [Store 886] Evaluation - Loss: 0.3544, MAE: 0.4122
2025-04-01 09:21:31 - [Cluster 0 - CLIENT] - INFO - Sent reply
2025-04-01 09:21:31 - [Cluster 0 - CLIENT] - INFO - [Store 410] Evaluation - Loss: 0.3277, MAE: 0.4033
2025-04-01 09:21:31 - [Cluster 0 - CLIENT] - INFO - Sent reply
2025-04-01 09:21:31 - [Cluster 0 - CLIENT] - INFO - [Store 55] Evaluation - Loss: 0.3353, MAE: 0.4303
2025-04-01 09:21:31 - [Cluster 0 - CLIENT] - INFO - [Store 200] Evaluation - Loss: 0.3132, MAE: 0.3426
2025-04-01 09:21:31 - [Cluster 0 - CLIENT] - INFO - Sent reply
2025-04-01 09:21:31 - [Cluster 0 - CLIENT] - INFO - Sent reply
2025-04-01 09:21:31 - [Cluster 0 - CLIENT] - INFO - 
2025-04-01 09:21:31 - [Cluster 0 - CLIENT] - INFO - Received: train message cea34220-d0cc-4fc4-b174-c15bcdeee601
2025-04-01 09:21:31 - [Cluster 0 - CLIENT] - INFO - 
2025-04-01 09:21:31 - [Cluster 0 - CLIENT] - INFO - Received: train message 3d02f1ef-7bd5-4134-a8b6-d1dd57da03f6
2025-04-01 09:21:31 - [Cluster 0 - CLIENT] - INFO - 
2025-04-01 09:21:31 - [Cluster 0 - CLIENT] - INFO - Received: train message 96e54907-30e3-46fb-9f8e-97f61535ed4b
2025-04-01 09:21:31 - [Cluster 0 - CLIENT] - INFO - 
2025-04-01 09:21:31 - [Cluster 0 - CLIENT] - INFO - Received: train message 3e53ca6c-bfa8-42dc-9c49-87dd6e5a9f77
2025-04-01 09:21:31 - [Cluster 0 - CLIENT] - INFO - 
2025-04-01 09:21:31 - [Cluster 0 - CLIENT] - INFO - Received: train message 3dccc2e9-79bd-4a50-957a-3c52a444b03a
2025-04-01 09:21:31 - [Cluster 0 - CLIENT] - INFO - 
2025-04-01 09:21:31 - [Cluster 0 - CLIENT] - INFO - Received: train message c26b5026-022c-47a6-a515-ca847e4785bb
2025-04-01 09:21:31 - [Cluster 0 - CLIENT] - INFO - 
2025-04-01 09:21:31 - [Cluster 0 - CLIENT] - INFO - Received: train message fb79d2bd-6286-4aa0-abfa-6a52e4227b89
2025-04-01 09:21:31 - [Cluster 0 - CLIENT] - INFO - [Store 1042] Starting local training.
2025-04-01 09:21:31 - [Cluster 0 - CLIENT] - INFO - 
2025-04-01 09:21:31 - [Cluster 0 - CLIENT] - INFO - Received: train message 66cc2eae-4b54-4945-860e-fee66d2c9e07
2025-04-01 09:21:31 - [Cluster 0 - CLIENT] - INFO - 
2025-04-01 09:21:31 - [Cluster 0 - CLIENT] - INFO - Received: train message 83d44984-368a-4258-bc76-d62c518f0cc1
2025-04-01 09:21:31 - [Cluster 0 - CLIENT] - INFO - 
2025-04-01 09:21:31 - [Cluster 0 - CLIENT] - INFO - Received: train message 09237fbb-1c2b-4906-acbb-077d3db112cd
2025-04-01 09:21:31 - [Cluster 0 - CLIENT] - INFO - 
2025-04-01 09:21:31 - [Cluster 0 - CLIENT] - INFO - Received: train message 28466b9a-443d-4bd3-8020-3e1e434e1324
2025-04-01 09:21:31 - [Cluster 0 - CLIENT] - INFO - 
2025-04-01 09:21:31 - [Cluster 0 - CLIENT] - INFO - Received: train message 7d64eab7-2d02-4676-9494-e5538929b2eb
2025-04-01 09:21:31 - [Cluster 0 - CLIENT] - INFO - [Store 922] Starting local training.
2025-04-01 09:21:31 - [Cluster 0 - CLIENT] - INFO - 
2025-04-01 09:21:31 - [Cluster 0 - CLIENT] - INFO - Received: train message 266b5e68-e704-475a-8b1d-25ab3814f040
2025-04-01 09:21:31 - [Cluster 0 - CLIENT] - INFO - [Store 260] Starting local training.
2025-04-01 09:21:31 - [Cluster 0 - CLIENT] - INFO - 
2025-04-01 09:21:31 - [Cluster 0 - CLIENT] - INFO - Received: train message 19173c35-41dd-4ea0-84bd-e3e8cf008fd3
2025-04-01 09:21:31 - [Cluster 0 - CLIENT] - INFO - 
2025-04-01 09:21:31 - [Cluster 0 - CLIENT] - INFO - Received: train message f860efaf-928e-488d-8a41-ae9bcafcdd64
2025-04-01 09:21:31 - [Cluster 0 - CLIENT] - INFO - [Store 77] Starting local training.
2025-04-01 09:21:31 - [Cluster 0 - CLIENT] - INFO - [Store 305] Starting local training.
2025-04-01 09:21:31 - [Cluster 0 - CLIENT] - INFO - [Store 628] Starting local training.
2025-04-01 09:21:31 - [Cluster 0 - CLIENT] - INFO - [Store 305] Starting local training.
2025-04-01 09:21:31 - [Cluster 0 - CLIENT] - INFO - [Store 511] Starting local training.
2025-04-01 09:21:31 - [Cluster 0 - CLIENT] - INFO - [Store 730] Starting local training.
2025-04-01 09:21:31 - [Cluster 0 - CLIENT] - INFO - [Store 201] Starting local training.
2025-04-01 09:21:31 - [Cluster 0 - CLIENT] - INFO - [Store 795] Starting local training.
2025-04-01 09:21:31 - [Cluster 0 - CLIENT] - INFO - [Store 949] Starting local training.
2025-04-01 09:21:31 - [Cluster 0 - CLIENT] - INFO - [Store 440] Starting local training.
2025-04-01 09:21:32 - [Cluster 0 - CLIENT] - INFO - [Store 1073] Starting local training.
2025-04-01 09:21:32 - [Cluster 0 - CLIENT] - INFO - [Store 65] Starting local training.
2025-04-01 09:26:02 - [Cluster 0 - CLIENT] - INFO - [Store 1042] Local training complete.
2025-04-01 09:26:02 - [Cluster 0 - CLIENT] - INFO - Sent reply
2025-04-01 09:26:02 - [Cluster 0 - CLIENT] - INFO - 
2025-04-01 09:26:02 - [Cluster 0 - CLIENT] - INFO - Received: train message 029f189f-dc24-4c91-ad60-1f315ddb3122
2025-04-01 09:26:02 - [Cluster 0 - CLIENT] - INFO - [Store 554] Starting local training.
2025-04-01 09:26:11 - [Cluster 0 - CLIENT] - INFO - [Store 730] Local training complete.
2025-04-01 09:26:11 - [Cluster 0 - CLIENT] - INFO - Sent reply
2025-04-01 09:26:11 - [Cluster 0 - CLIENT] - INFO - 
2025-04-01 09:26:11 - [Cluster 0 - CLIENT] - INFO - Received: train message 5b2553a2-c917-461b-a3fd-5eb40d4a88e2
2025-04-01 09:26:11 - [Cluster 0 - CLIENT] - INFO - [Store 200] Starting local training.
2025-04-01 09:26:12 - [Cluster 0 - CLIENT] - INFO - [Store 922] Local training complete.
2025-04-01 09:26:12 - [Cluster 0 - CLIENT] - INFO - Sent reply
2025-04-01 09:26:12 - [Cluster 0 - CLIENT] - INFO - 
2025-04-01 09:26:12 - [Cluster 0 - CLIENT] - INFO - Received: train message 96939d48-caba-41c0-9866-c9ce25060fbb
2025-04-01 09:26:12 - [Cluster 0 - CLIENT] - INFO - [Store 410] Starting local training.
2025-04-01 09:26:13 - [Cluster 0 - CLIENT] - INFO - [Store 440] Local training complete.
2025-04-01 09:26:13 - [Cluster 0 - CLIENT] - INFO - Sent reply
2025-04-01 09:26:13 - [Cluster 0 - CLIENT] - INFO - 
2025-04-01 09:26:13 - [Cluster 0 - CLIENT] - INFO - Received: train message 09acb6d8-007b-41ff-94c1-bbae1ba7c2e8
2025-04-01 09:26:13 - [Cluster 0 - CLIENT] - INFO - [Store 857] Starting local training.
2025-04-01 09:26:14 - [Cluster 0 - CLIENT] - INFO - [Store 201] Local training complete.
2025-04-01 09:26:15 - [Cluster 0 - CLIENT] - INFO - Sent reply
2025-04-01 09:26:15 - [Cluster 0 - CLIENT] - INFO - 
2025-04-01 09:26:15 - [Cluster 0 - CLIENT] - INFO - Received: train message e5480e8b-f082-40e6-a3d8-5203746287c7
2025-04-01 09:26:15 - [Cluster 0 - CLIENT] - INFO - [Store 74] Starting local training.
2025-04-01 09:26:16 - [Cluster 0 - CLIENT] - INFO - [Store 628] Local training complete.
2025-04-01 09:26:16 - [Cluster 0 - CLIENT] - INFO - [Store 305] Local training complete.
2025-04-01 09:26:16 - [Cluster 0 - CLIENT] - INFO - Sent reply
2025-04-01 09:26:16 - [Cluster 0 - CLIENT] - INFO - Sent reply
2025-04-01 09:26:16 - [Cluster 0 - CLIENT] - INFO - 
2025-04-01 09:26:16 - [Cluster 0 - CLIENT] - INFO - Received: train message 073f1fab-d9b2-4642-a1f0-bd73a8bf2b9f
2025-04-01 09:26:16 - [Cluster 0 - CLIENT] - INFO - 
2025-04-01 09:26:16 - [Cluster 0 - CLIENT] - INFO - Received: train message be9d34be-a59f-4385-b3ff-57ca8b44c509
2025-04-01 09:26:16 - [Cluster 0 - CLIENT] - INFO - [Store 718] Starting local training.
2025-04-01 09:26:16 - [Cluster 0 - CLIENT] - INFO - [Store 360] Starting local training.
2025-04-01 09:26:16 - [Cluster 0 - CLIENT] - INFO - [Store 260] Local training complete.
2025-04-01 09:26:16 - [Cluster 0 - CLIENT] - INFO - Sent reply
2025-04-01 09:26:16 - [Cluster 0 - CLIENT] - INFO - 
2025-04-01 09:26:16 - [Cluster 0 - CLIENT] - INFO - Received: train message bc30edc1-8eaf-46f0-89a6-7c02a616f689
2025-04-01 09:26:16 - [Cluster 0 - CLIENT] - INFO - [Store 55] Starting local training.
2025-04-01 09:26:17 - [Cluster 0 - CLIENT] - INFO - [Store 77] Local training complete.
2025-04-01 09:26:17 - [Cluster 0 - CLIENT] - INFO - [Store 511] Local training complete.
2025-04-01 09:26:17 - [Cluster 0 - CLIENT] - INFO - Sent reply
2025-04-01 09:26:17 - [Cluster 0 - CLIENT] - INFO - Sent reply
2025-04-01 09:26:17 - [Cluster 0 - CLIENT] - INFO - 
2025-04-01 09:26:17 - [Cluster 0 - CLIENT] - INFO - Received: train message 0f7e9344-d978-445e-a67e-9baf33fd0554
2025-04-01 09:26:17 - [Cluster 0 - CLIENT] - INFO - 
2025-04-01 09:26:17 - [Cluster 0 - CLIENT] - INFO - Received: train message 2807a5cf-b2b1-4c53-883e-79e598d72c73
2025-04-01 09:26:17 - [Cluster 0 - CLIENT] - INFO - [Store 1083] Starting local training.
2025-04-01 09:26:17 - [Cluster 0 - CLIENT] - INFO - [Store 105] Starting local training.
2025-04-01 09:26:18 - [Cluster 0 - CLIENT] - INFO - [Store 795] Local training complete.
2025-04-01 09:26:18 - [Cluster 0 - CLIENT] - INFO - Sent reply
2025-04-01 09:26:18 - [Cluster 0 - CLIENT] - INFO - 
2025-04-01 09:26:18 - [Cluster 0 - CLIENT] - INFO - Received: train message c0417e5c-7a78-4c08-979a-bf5fcc4f54a7
2025-04-01 09:26:18 - [Cluster 0 - CLIENT] - INFO - [Store 886] Starting local training.
2025-04-01 09:26:20 - [Cluster 0 - CLIENT] - INFO - [Store 949] Local training complete.
2025-04-01 09:26:20 - [Cluster 0 - CLIENT] - INFO - Sent reply
2025-04-01 09:26:20 - [Cluster 0 - CLIENT] - INFO - 
2025-04-01 09:26:20 - [Cluster 0 - CLIENT] - INFO - Received: train message 9ae17a9f-5055-4aa8-9ee0-49fb10073214
2025-04-01 09:26:21 - [Cluster 0 - CLIENT] - INFO - [Store 47] Starting local training.
2025-04-01 09:26:23 - [Cluster 0 - CLIENT] - INFO - [Store 65] Local training complete.
2025-04-01 09:26:24 - [Cluster 0 - CLIENT] - INFO - Sent reply
2025-04-01 09:26:24 - [Cluster 0 - CLIENT] - INFO - 
2025-04-01 09:26:24 - [Cluster 0 - CLIENT] - INFO - Received: train message d2a3d277-7780-4b37-933f-7eeb8afad3fa
2025-04-01 09:26:24 - [Cluster 0 - CLIENT] - INFO - [Store 658] Starting local training.
2025-04-01 09:26:26 - [Cluster 0 - CLIENT] - INFO - [Store 305] Local training complete.
2025-04-01 09:26:26 - [Cluster 0 - CLIENT] - INFO - Sent reply
2025-04-01 09:26:26 - [Cluster 0 - CLIENT] - INFO - 
2025-04-01 09:26:26 - [Cluster 0 - CLIENT] - INFO - Received: train message 5de7d811-f4bc-4a59-a451-dba3084fdb51
2025-04-01 09:26:26 - [Cluster 0 - CLIENT] - INFO - [Store 254] Starting local training.
2025-04-01 09:26:35 - [Cluster 0 - CLIENT] - INFO - [Store 1073] Local training complete.
2025-04-01 09:26:35 - [Cluster 0 - CLIENT] - INFO - Sent reply
2025-04-01 09:26:35 - [Cluster 0 - CLIENT] - INFO - 
2025-04-01 09:26:35 - [Cluster 0 - CLIENT] - INFO - Received: train message 561ebfce-bc35-43a1-b1dd-bdd4e4a33492
2025-04-01 09:26:35 - [Cluster 0 - CLIENT] - INFO - [Store 1099] Starting local training.
2025-04-01 09:30:51 - [Cluster 0 - CLIENT] - INFO - [Store 554] Local training complete.
2025-04-01 09:30:51 - [Cluster 0 - CLIENT] - INFO - Sent reply
2025-04-01 09:30:57 - [Cluster 0 - CLIENT] - INFO - [Store 200] Local training complete.
2025-04-01 09:30:57 - [Cluster 0 - CLIENT] - INFO - Sent reply
2025-04-01 09:30:59 - [Cluster 0 - CLIENT] - INFO - [Store 857] Local training complete.
2025-04-01 09:30:59 - [Cluster 0 - CLIENT] - INFO - Sent reply
2025-04-01 09:31:00 - [Cluster 0 - CLIENT] - INFO - [Store 360] Local training complete.
2025-04-01 09:31:00 - [Cluster 0 - CLIENT] - INFO - Sent reply
2025-04-01 09:31:01 - [Cluster 0 - CLIENT] - INFO - [Store 718] Local training complete.
2025-04-01 09:31:01 - [Cluster 0 - CLIENT] - INFO - Sent reply
2025-04-01 09:31:03 - [Cluster 0 - CLIENT] - INFO - [Store 886] Local training complete.
2025-04-01 09:31:03 - [Cluster 0 - CLIENT] - INFO - Sent reply
2025-04-01 09:31:04 - [Cluster 0 - CLIENT] - INFO - [Store 47] Local training complete.
2025-04-01 09:31:04 - [Cluster 0 - CLIENT] - INFO - Sent reply
2025-04-01 09:31:04 - [Cluster 0 - CLIENT] - INFO - [Store 1083] Local training complete.
2025-04-01 09:31:04 - [Cluster 0 - CLIENT] - INFO - Sent reply
2025-04-01 09:31:04 - [Cluster 0 - CLIENT] - INFO - [Store 254] Local training complete.
2025-04-01 09:31:04 - [Cluster 0 - CLIENT] - INFO - Sent reply
2025-04-01 09:31:05 - [Cluster 0 - CLIENT] - INFO - [Store 658] Local training complete.
2025-04-01 09:31:05 - [Cluster 0 - CLIENT] - INFO - Sent reply
2025-04-01 09:31:06 - [Cluster 0 - CLIENT] - INFO - [Store 410] Local training complete.
2025-04-01 09:31:06 - [Cluster 0 - CLIENT] - INFO - Sent reply
2025-04-01 09:31:07 - [Cluster 0 - CLIENT] - INFO - [Store 1099] Local training complete.
2025-04-01 09:31:07 - [Cluster 0 - CLIENT] - INFO - Sent reply
2025-04-01 09:31:07 - [Cluster 0 - CLIENT] - INFO - [Store 105] Local training complete.
2025-04-01 09:31:07 - [Cluster 0 - CLIENT] - INFO - Sent reply
2025-04-01 09:31:07 - [Cluster 0 - CLIENT] - INFO - [Store 55] Local training complete.
2025-04-01 09:31:07 - [Cluster 0 - CLIENT] - INFO - Sent reply
2025-04-01 09:31:08 - [Cluster 0 - CLIENT] - INFO - [Store 74] Local training complete.
2025-04-01 09:31:08 - [Cluster 0 - CLIENT] - INFO - Sent reply
2025-04-01 09:31:08 - [Cluster 0 - CLIENT] - INFO - 
2025-04-01 09:31:08 - [Cluster 0 - CLIENT] - INFO - Received: evaluate message 67ede871-e609-478d-8509-140e6f26b03d
2025-04-01 09:31:08 - [Cluster 0 - CLIENT] - INFO - 
2025-04-01 09:31:08 - [Cluster 0 - CLIENT] - INFO - Received: evaluate message 6817b37c-62f9-43de-aaee-f93fd7e3fda5
2025-04-01 09:31:08 - [Cluster 0 - CLIENT] - INFO - 
2025-04-01 09:31:08 - [Cluster 0 - CLIENT] - INFO - Received: evaluate message b840f23c-1035-4897-8153-b5fa2b09f4c6
2025-04-01 09:31:08 - [Cluster 0 - CLIENT] - INFO - 
2025-04-01 09:31:08 - [Cluster 0 - CLIENT] - INFO - Received: evaluate message 181b1fda-18a6-4153-b485-c3b141138a39
2025-04-01 09:31:08 - [Cluster 0 - CLIENT] - INFO - 
2025-04-01 09:31:08 - [Cluster 0 - CLIENT] - INFO - Received: evaluate message 57fe873f-f4f9-4d9f-9962-1d0d5a8c0482
2025-04-01 09:31:08 - [Cluster 0 - CLIENT] - INFO - 
2025-04-01 09:31:08 - [Cluster 0 - CLIENT] - INFO - Received: evaluate message d0cd8dd9-8a4b-4da0-8242-9c5e35d79a47
2025-04-01 09:31:08 - [Cluster 0 - CLIENT] - INFO - 
2025-04-01 09:31:08 - [Cluster 0 - CLIENT] - INFO - Received: evaluate message 5df689fa-5ef0-4b2f-92d4-ba97ec485867
2025-04-01 09:31:08 - [Cluster 0 - CLIENT] - INFO - 
2025-04-01 09:31:08 - [Cluster 0 - CLIENT] - INFO - Received: evaluate message 3875b085-9e3b-4c00-b309-38604a44f20c
2025-04-01 09:31:08 - [Cluster 0 - CLIENT] - INFO - 
2025-04-01 09:31:08 - [Cluster 0 - CLIENT] - INFO - Received: evaluate message 620f83f9-1026-43cf-a49b-ee5ad381e3d0
2025-04-01 09:31:08 - [Cluster 0 - CLIENT] - INFO - 
2025-04-01 09:31:08 - [Cluster 0 - CLIENT] - INFO - Received: evaluate message 5e083037-5ab2-4e91-83a5-344dbf89e3ce
2025-04-01 09:31:08 - [Cluster 0 - CLIENT] - INFO - 
2025-04-01 09:31:08 - [Cluster 0 - CLIENT] - INFO - Received: evaluate message 0a5b1f6c-082b-46aa-b8e1-bb80bb512141
2025-04-01 09:31:08 - [Cluster 0 - CLIENT] - INFO - 
2025-04-01 09:31:08 - [Cluster 0 - CLIENT] - INFO - Received: evaluate message 9b99a8f3-4bbf-46fb-a896-e7ef637200a1
2025-04-01 09:31:08 - [Cluster 0 - CLIENT] - INFO - 
2025-04-01 09:31:08 - [Cluster 0 - CLIENT] - INFO - Received: evaluate message 783ae24c-c8ca-4f35-a69b-c9e4d457a6ee
2025-04-01 09:31:08 - [Cluster 0 - CLIENT] - INFO - 
2025-04-01 09:31:08 - [Cluster 0 - CLIENT] - INFO - Received: evaluate message 3886ef4e-cc98-4476-babb-32a10873e708
2025-04-01 09:31:08 - [Cluster 0 - CLIENT] - INFO - 
2025-04-01 09:31:08 - [Cluster 0 - CLIENT] - INFO - Received: evaluate message a73abb52-35d8-40f5-bbe7-b668f714074b
2025-04-01 09:31:09 - [Cluster 0 - CLIENT] - INFO - [Store 47] Evaluation - Loss: 0.2860, MAE: 0.3572
2025-04-01 09:31:09 - [Cluster 0 - CLIENT] - INFO - Sent reply
2025-04-01 09:31:09 - [Cluster 0 - CLIENT] - INFO - 
2025-04-01 09:31:09 - [Cluster 0 - CLIENT] - INFO - Received: evaluate message ab1d8195-88eb-43e1-95f0-6898c5712af0
2025-04-01 09:31:09 - [Cluster 0 - CLIENT] - INFO - [Store 718] Evaluation - Loss: 0.2298, MAE: 0.3024
2025-04-01 09:31:09 - [Cluster 0 - CLIENT] - INFO - Sent reply
2025-04-01 09:31:10 - [Cluster 0 - CLIENT] - INFO - [Store 795] Evaluation - Loss: 0.3075, MAE: 0.4024
2025-04-01 09:31:10 - [Cluster 0 - CLIENT] - INFO - Sent reply
2025-04-01 09:31:10 - [Cluster 0 - CLIENT] - INFO - [Store 305] Evaluation - Loss: 0.5272, MAE: 0.5460
2025-04-01 09:31:10 - [Cluster 0 - CLIENT] - INFO - 
2025-04-01 09:31:10 - [Cluster 0 - CLIENT] - INFO - Received: evaluate message ecf722e7-d6ec-4766-a914-477652b3e1dc
2025-04-01 09:31:10 - [Cluster 0 - CLIENT] - INFO - Sent reply
2025-04-01 09:31:10 - [Cluster 0 - CLIENT] - INFO - 
2025-04-01 09:31:10 - [Cluster 0 - CLIENT] - INFO - Received: evaluate message 3873af78-2921-4306-bcf1-3f507862eb7c
2025-04-01 09:31:10 - [Cluster 0 - CLIENT] - INFO - [Store 105] Evaluation - Loss: 0.3397, MAE: 0.4338
2025-04-01 09:31:10 - [Cluster 0 - CLIENT] - INFO - 
2025-04-01 09:31:10 - [Cluster 0 - CLIENT] - INFO - Received: evaluate message 1ee3dcf7-e4d5-494c-8a10-6fa4c62c51b2
2025-04-01 09:31:10 - [Cluster 0 - CLIENT] - INFO - Sent reply
2025-04-01 09:31:10 - [Cluster 0 - CLIENT] - INFO - 
2025-04-01 09:31:10 - [Cluster 0 - CLIENT] - INFO - Received: evaluate message 0d9a2aee-62da-43aa-b596-101e1b3aa1d0
2025-04-01 09:31:10 - [Cluster 0 - CLIENT] - INFO - [Store 440] Evaluation - Loss: 0.3856, MAE: 0.4399
2025-04-01 09:31:10 - [Cluster 0 - CLIENT] - INFO - [Store 410] Evaluation - Loss: 0.3255, MAE: 0.4001
2025-04-01 09:31:10 - [Cluster 0 - CLIENT] - INFO - Sent reply
2025-04-01 09:31:10 - [Cluster 0 - CLIENT] - INFO - [Store 886] Evaluation - Loss: 0.3564, MAE: 0.4166
2025-04-01 09:31:10 - [Cluster 0 - CLIENT] - INFO - Sent reply
2025-04-01 09:31:10 - [Cluster 0 - CLIENT] - INFO - Sent reply
2025-04-01 09:31:10 - [Cluster 0 - CLIENT] - INFO - [Store 305] Evaluation - Loss: 0.5272, MAE: 0.5460
2025-04-01 09:31:10 - [Cluster 0 - CLIENT] - INFO - Sent reply
2025-04-01 09:31:10 - [Cluster 0 - CLIENT] - INFO - 
2025-04-01 09:31:10 - [Cluster 0 - CLIENT] - INFO - Received: evaluate message c149aa00-d521-4d49-8914-e2aade247c29
2025-04-01 09:31:10 - [Cluster 0 - CLIENT] - INFO - [Store 260] Evaluation - Loss: 0.2170, MAE: 0.2962
2025-04-01 09:31:10 - [Cluster 0 - CLIENT] - INFO - Sent reply
2025-04-01 09:31:10 - [Cluster 0 - CLIENT] - INFO - [Store 77] Evaluation - Loss: 0.2808, MAE: 0.3620
2025-04-01 09:31:10 - [Cluster 0 - CLIENT] - INFO - Sent reply
2025-04-01 09:31:10 - [Cluster 0 - CLIENT] - INFO - 
2025-04-01 09:31:10 - [Cluster 0 - CLIENT] - INFO - Received: evaluate message c82cd6a0-19aa-4464-9eb9-74f3d198e453
2025-04-01 09:31:10 - [Cluster 0 - CLIENT] - INFO - 
2025-04-01 09:31:10 - [Cluster 0 - CLIENT] - INFO - Received: evaluate message f55421b8-086b-4c4e-b421-9229961c5835
2025-04-01 09:31:10 - [Cluster 0 - CLIENT] - INFO - [Store 511] Evaluation - Loss: 0.2563, MAE: 0.3425
2025-04-01 09:31:10 - [Cluster 0 - CLIENT] - INFO - 
2025-04-01 09:31:10 - [Cluster 0 - CLIENT] - INFO - Received: evaluate message 86545bb4-63ad-49c2-a775-739c38fc0aec
2025-04-01 09:31:10 - [Cluster 0 - CLIENT] - INFO - Sent reply
2025-04-01 09:31:10 - [Cluster 0 - CLIENT] - INFO - [Store 730] Evaluation - Loss: 0.2042, MAE: 0.2934
2025-04-01 09:31:10 - [Cluster 0 - CLIENT] - INFO - Sent reply
2025-04-01 09:31:10 - [Cluster 0 - CLIENT] - INFO - 
2025-04-01 09:31:10 - [Cluster 0 - CLIENT] - INFO - Received: evaluate message d33b7a57-2991-417d-a13c-4b2a485e518c
2025-04-01 09:31:10 - [Cluster 0 - CLIENT] - INFO - 
2025-04-01 09:31:10 - [Cluster 0 - CLIENT] - INFO - Received: evaluate message 49fe669c-b388-4834-9d02-b0a2c15a3915
2025-04-01 09:31:10 - [Cluster 0 - CLIENT] - INFO - [Store 628] Evaluation - Loss: 0.3215, MAE: 0.3657
2025-04-01 09:31:10 - [Cluster 0 - CLIENT] - INFO - Sent reply
2025-04-01 09:31:10 - [Cluster 0 - CLIENT] - INFO - 
2025-04-01 09:31:10 - [Cluster 0 - CLIENT] - INFO - Received: evaluate message 5cdfde02-6b87-4020-85e9-5de9cdc8c23c
2025-04-01 09:31:10 - [Cluster 0 - CLIENT] - INFO - 
2025-04-01 09:31:10 - [Cluster 0 - CLIENT] - INFO - Received: evaluate message 0d42fc39-c99e-467d-90fd-c365236edc23
2025-04-01 09:31:10 - [Cluster 0 - CLIENT] - INFO - 
2025-04-01 09:31:10 - [Cluster 0 - CLIENT] - INFO - Received: evaluate message 814e18f9-6893-4e17-a4e5-c06ffe6531e3
2025-04-01 09:31:10 - [Cluster 0 - CLIENT] - INFO - [Store 65] Evaluation - Loss: 0.2453, MAE: 0.3452
2025-04-01 09:31:10 - [Cluster 0 - CLIENT] - INFO - Sent reply
2025-04-01 09:31:10 - [Cluster 0 - CLIENT] - INFO - 
2025-04-01 09:31:10 - [Cluster 0 - CLIENT] - INFO - Received: evaluate message fe7ac2ff-bf7b-4890-864d-835f483d66dc
2025-04-01 09:31:12 - [Cluster 0 - CLIENT] - INFO - [Store 360] Evaluation - Loss: 0.2342, MAE: 0.3325
2025-04-01 09:31:12 - [Cluster 0 - CLIENT] - INFO - Sent reply
2025-04-01 09:31:12 - [Cluster 0 - CLIENT] - INFO - [Store 1083] Evaluation - Loss: 0.4676, MAE: 0.5032
2025-04-01 09:31:12 - [Cluster 0 - CLIENT] - INFO - [Store 554] Evaluation - Loss: 0.6125, MAE: 0.6122
2025-04-01 09:31:12 - [Cluster 0 - CLIENT] - INFO - Sent reply
2025-04-01 09:31:12 - [Cluster 0 - CLIENT] - INFO - Sent reply
2025-04-01 09:31:12 - [Cluster 0 - CLIENT] - INFO - [Store 922] Evaluation - Loss: 0.2896, MAE: 0.3692
2025-04-01 09:31:12 - [Cluster 0 - CLIENT] - INFO - [Store 55] Evaluation - Loss: 0.3346, MAE: 0.4351
2025-04-01 09:31:12 - [Cluster 0 - CLIENT] - INFO - Sent reply
2025-04-01 09:31:12 - [Cluster 0 - CLIENT] - INFO - Sent reply
2025-04-01 09:31:12 - [Cluster 0 - CLIENT] - INFO - [Store 1042] Evaluation - Loss: 0.3174, MAE: 0.3631
2025-04-01 09:31:12 - [Cluster 0 - CLIENT] - INFO - Sent reply
2025-04-01 09:31:12 - [Cluster 0 - CLIENT] - INFO - [Store 658] Evaluation - Loss: 0.2043, MAE: 0.3043
2025-04-01 09:31:12 - [Cluster 0 - CLIENT] - INFO - Sent reply
2025-04-01 09:31:12 - [Cluster 0 - CLIENT] - INFO - [Store 857] Evaluation - Loss: 0.4083, MAE: 0.4493
2025-04-01 09:31:12 - [Cluster 0 - CLIENT] - INFO - Sent reply
2025-04-01 09:31:12 - [Cluster 0 - CLIENT] - INFO - [Store 949] Evaluation - Loss: 0.2395, MAE: 0.3586
2025-04-01 09:31:12 - [Cluster 0 - CLIENT] - INFO - Sent reply
2025-04-01 09:31:12 - [Cluster 0 - CLIENT] - INFO - [Store 1073] Evaluation - Loss: 1.6827, MAE: 0.9402
2025-04-01 09:31:12 - [Cluster 0 - CLIENT] - INFO - Sent reply
2025-04-01 09:31:12 - [Cluster 0 - CLIENT] - INFO - [Store 200] Evaluation - Loss: 0.3181, MAE: 0.3524
2025-04-01 09:31:12 - [Cluster 0 - CLIENT] - INFO - [Store 254] Evaluation - Loss: 0.3655, MAE: 0.4279
2025-04-01 09:31:12 - [Cluster 0 - CLIENT] - INFO - Sent reply
2025-04-01 09:31:12 - [Cluster 0 - CLIENT] - INFO - Sent reply
2025-04-01 09:31:12 - [Cluster 0 - CLIENT] - INFO - [Store 201] Evaluation - Loss: 0.3065, MAE: 0.3849
2025-04-01 09:31:12 - [Cluster 0 - CLIENT] - INFO - Sent reply
2025-04-01 09:31:12 - [Cluster 0 - CLIENT] - INFO - [Store 74] Evaluation - Loss: 0.2623, MAE: 0.3070
2025-04-01 09:31:12 - [Cluster 0 - CLIENT] - INFO - Sent reply
2025-04-01 09:31:12 - [Cluster 0 - CLIENT] - INFO - [Store 1099] Evaluation - Loss: 0.3259, MAE: 0.4022
2025-04-01 09:31:12 - [Cluster 0 - CLIENT] - INFO - Sent reply
2025-04-01 09:31:12 - [Cluster 0 - CLIENT] - INFO - 
2025-04-01 09:31:12 - [Cluster 0 - CLIENT] - INFO - Received: train message e278bba2-ddf8-4071-bcba-a32c19e84d30
2025-04-01 09:31:12 - [Cluster 0 - CLIENT] - INFO - 
2025-04-01 09:31:12 - [Cluster 0 - CLIENT] - INFO - Received: train message 4ea00e28-16d8-4a55-8fb3-1572af2ec18f
2025-04-01 09:31:12 - [Cluster 0 - CLIENT] - INFO - 
2025-04-01 09:31:12 - [Cluster 0 - CLIENT] - INFO - Received: train message 30fd1de9-b5c1-4582-9535-8fa0b50ce384
2025-04-01 09:31:12 - [Cluster 0 - CLIENT] - INFO - [Store 200] Starting local training.
2025-04-01 09:31:12 - [Cluster 0 - CLIENT] - INFO - [Store 1099] Starting local training.
2025-04-01 09:31:12 - [Cluster 0 - CLIENT] - INFO - [Store 254] Starting local training.
2025-04-01 09:31:12 - [Cluster 0 - CLIENT] - INFO - 
2025-04-01 09:31:12 - [Cluster 0 - CLIENT] - INFO - Received: train message 9c7b0885-c2b3-4446-b807-b06418d8c02a
2025-04-01 09:31:12 - [Cluster 0 - CLIENT] - INFO - 
2025-04-01 09:31:12 - [Cluster 0 - CLIENT] - INFO - Received: train message c86dd634-1442-4874-a126-9fb931c460bd
2025-04-01 09:31:12 - [Cluster 0 - CLIENT] - INFO - 
2025-04-01 09:31:12 - [Cluster 0 - CLIENT] - INFO - Received: train message 391108d0-b781-44fe-b6da-ca8f8cf3d1c8
2025-04-01 09:31:12 - [Cluster 0 - CLIENT] - INFO - 
2025-04-01 09:31:12 - [Cluster 0 - CLIENT] - INFO - Received: train message f268b75b-a4e1-4954-8957-c86162b9e791
2025-04-01 09:31:12 - [Cluster 0 - CLIENT] - INFO - [Store 360] Starting local training.
2025-04-01 09:31:12 - [Cluster 0 - CLIENT] - INFO - 
2025-04-01 09:31:12 - [Cluster 0 - CLIENT] - INFO - Received: train message 8f867b46-d290-4a0e-a1c4-00d8d34d2a41
2025-04-01 09:31:12 - [Cluster 0 - CLIENT] - INFO - 
2025-04-01 09:31:12 - [Cluster 0 - CLIENT] - INFO - Received: train message 7f36366b-c9ba-496b-8813-3dc7892e1fe8
2025-04-01 09:31:12 - [Cluster 0 - CLIENT] - INFO - 
2025-04-01 09:31:12 - [Cluster 0 - CLIENT] - INFO - Received: train message 22249d57-4c35-444a-89c0-f56df8a29035
2025-04-01 09:31:12 - [Cluster 0 - CLIENT] - INFO - 
2025-04-01 09:31:12 - [Cluster 0 - CLIENT] - INFO - Received: train message a8dfefb3-5ab7-41d3-b6cb-5f8bbaeb4b49
2025-04-01 09:31:12 - [Cluster 0 - CLIENT] - INFO - 
2025-04-01 09:31:12 - [Cluster 0 - CLIENT] - INFO - Received: train message d39f8319-da20-4289-8c26-19561c52b61a
2025-04-01 09:31:12 - [Cluster 0 - CLIENT] - INFO - [Store 949] Starting local training.
2025-04-01 09:31:12 - [Cluster 0 - CLIENT] - INFO - [Store 65] Starting local training.
2025-04-01 09:31:12 - [Cluster 0 - CLIENT] - INFO - 
2025-04-01 09:31:12 - [Cluster 0 - CLIENT] - INFO - Received: train message a0b5c77a-c846-4d0d-91b9-68e035d0792c
2025-04-01 09:31:12 - [Cluster 0 - CLIENT] - INFO - 
2025-04-01 09:31:12 - [Cluster 0 - CLIENT] - INFO - Received: train message 50b45f9c-bdd0-4bc1-b189-1be789725aab
2025-04-01 09:31:12 - [Cluster 0 - CLIENT] - INFO - [Store 77] Starting local training.
2025-04-01 09:31:12 - [Cluster 0 - CLIENT] - INFO - [Store 1083] Starting local training.
2025-04-01 09:31:12 - [Cluster 0 - CLIENT] - INFO - [Store 55] Starting local training.
2025-04-01 09:31:12 - [Cluster 0 - CLIENT] - INFO - 
2025-04-01 09:31:12 - [Cluster 0 - CLIENT] - INFO - Received: train message 304539f0-12c7-4ecf-b0ed-391c31039d3f
2025-04-01 09:31:12 - [Cluster 0 - CLIENT] - INFO - [Store 47] Starting local training.
2025-04-01 09:31:12 - [Cluster 0 - CLIENT] - INFO - [Store 628] Starting local training.
2025-04-01 09:31:12 - [Cluster 0 - CLIENT] - INFO - [Store 260] Starting local training.
2025-04-01 09:31:12 - [Cluster 0 - CLIENT] - INFO - [Store 305] Starting local training.
2025-04-01 09:31:12 - [Cluster 0 - CLIENT] - INFO - [Store 718] Starting local training.
2025-04-01 09:31:13 - [Cluster 0 - CLIENT] - INFO - [Store 305] Starting local training.
2025-04-01 09:35:53 - [Cluster 0 - CLIENT] - INFO - [Store 1099] Local training complete.
2025-04-01 09:35:53 - [Cluster 0 - CLIENT] - INFO - Sent reply
2025-04-01 09:35:53 - [Cluster 0 - CLIENT] - INFO - 
2025-04-01 09:35:53 - [Cluster 0 - CLIENT] - INFO - Received: train message 3e48f1d1-55d7-4631-8f4c-2c718b318f53
2025-04-01 09:35:53 - [Cluster 0 - CLIENT] - INFO - [Store 440] Starting local training.
2025-04-01 09:35:54 - [Cluster 0 - CLIENT] - INFO - [Store 65] Local training complete.
2025-04-01 09:35:54 - [Cluster 0 - CLIENT] - INFO - Sent reply
2025-04-01 09:35:54 - [Cluster 0 - CLIENT] - INFO - 
2025-04-01 09:35:54 - [Cluster 0 - CLIENT] - INFO - Received: train message 454304ce-dd49-44c8-9a4e-5960d4456f34
2025-04-01 09:35:54 - [Cluster 0 - CLIENT] - INFO - [Store 922] Starting local training.
2025-04-01 09:35:55 - [Cluster 0 - CLIENT] - INFO - [Store 628] Local training complete.
2025-04-01 09:35:55 - [Cluster 0 - CLIENT] - INFO - Sent reply
2025-04-01 09:35:55 - [Cluster 0 - CLIENT] - INFO - 
2025-04-01 09:35:55 - [Cluster 0 - CLIENT] - INFO - Received: train message e95c8ea2-4a3e-4193-9b6b-8c0e294d8217
2025-04-01 09:35:55 - [Cluster 0 - CLIENT] - INFO - [Store 201] Starting local training.
2025-04-01 09:35:55 - [Cluster 0 - CLIENT] - INFO - [Store 305] Local training complete.
2025-04-01 09:35:55 - [Cluster 0 - CLIENT] - INFO - Sent reply
2025-04-01 09:35:55 - [Cluster 0 - CLIENT] - INFO - 
2025-04-01 09:35:55 - [Cluster 0 - CLIENT] - INFO - Received: train message 6bc85c97-2798-4295-9dc2-0bff001cc658
2025-04-01 09:35:55 - [Cluster 0 - CLIENT] - INFO - [Store 1073] Starting local training.
2025-04-01 09:35:56 - [Cluster 0 - CLIENT] - INFO - [Store 260] Local training complete.
2025-04-01 09:35:56 - [Cluster 0 - CLIENT] - INFO - Sent reply
2025-04-01 09:35:56 - [Cluster 0 - CLIENT] - INFO - 
2025-04-01 09:35:56 - [Cluster 0 - CLIENT] - INFO - Received: train message b51b28bf-cb9d-4604-a932-5be08be281ef
2025-04-01 09:35:56 - [Cluster 0 - CLIENT] - INFO - [Store 554] Starting local training.
2025-04-01 09:35:56 - [Cluster 0 - CLIENT] - INFO - [Store 718] Local training complete.
2025-04-01 09:35:56 - [Cluster 0 - CLIENT] - INFO - Sent reply
2025-04-01 09:35:56 - [Cluster 0 - CLIENT] - INFO - 
2025-04-01 09:35:56 - [Cluster 0 - CLIENT] - INFO - Received: train message a73e41c5-807d-4c65-b107-0c08f29b851c
2025-04-01 09:35:56 - [Cluster 0 - CLIENT] - INFO - [Store 1042] Starting local training.
2025-04-01 09:35:57 - [Cluster 0 - CLIENT] - INFO - [Store 47] Local training complete.
2025-04-01 09:35:57 - [Cluster 0 - CLIENT] - INFO - Sent reply
2025-04-01 09:35:57 - [Cluster 0 - CLIENT] - INFO - 
2025-04-01 09:35:57 - [Cluster 0 - CLIENT] - INFO - Received: train message f60b6436-eef3-4994-afc8-b9a71f0e8fc6
2025-04-01 09:35:57 - [Cluster 0 - CLIENT] - INFO - [Store 511] Starting local training.
2025-04-01 09:35:58 - [Cluster 0 - CLIENT] - INFO - [Store 77] Local training complete.
2025-04-01 09:35:58 - [Cluster 0 - CLIENT] - INFO - Sent reply
2025-04-01 09:35:58 - [Cluster 0 - CLIENT] - INFO - 
2025-04-01 09:35:58 - [Cluster 0 - CLIENT] - INFO - Received: train message e24a5bb1-920c-4ece-9c93-b69557f9693b
2025-04-01 09:35:58 - [Cluster 0 - CLIENT] - INFO - [Store 730] Starting local training.
2025-04-01 09:35:58 - [Cluster 0 - CLIENT] - INFO - [Store 305] Local training complete.
2025-04-01 09:35:58 - [Cluster 0 - CLIENT] - INFO - Sent reply
2025-04-01 09:35:58 - [Cluster 0 - CLIENT] - INFO - 
2025-04-01 09:35:58 - [Cluster 0 - CLIENT] - INFO - Received: train message 8586ca58-d31e-41ff-843a-a29b1f8f20f9
2025-04-01 09:35:59 - [Cluster 0 - CLIENT] - INFO - [Store 658] Starting local training.
2025-04-01 09:36:00 - [Cluster 0 - CLIENT] - INFO - [Store 55] Local training complete.
2025-04-01 09:36:00 - [Cluster 0 - CLIENT] - INFO - Sent reply
2025-04-01 09:36:00 - [Cluster 0 - CLIENT] - INFO - 
2025-04-01 09:36:00 - [Cluster 0 - CLIENT] - INFO - Received: train message 4491923a-920c-4a67-a0f2-c7a83f9d78c1
2025-04-01 09:36:00 - [Cluster 0 - CLIENT] - INFO - [Store 410] Starting local training.
2025-04-01 09:36:02 - [Cluster 0 - CLIENT] - INFO - [Store 949] Local training complete.
2025-04-01 09:36:02 - [Cluster 0 - CLIENT] - INFO - Sent reply
2025-04-01 09:36:02 - [Cluster 0 - CLIENT] - INFO - 
2025-04-01 09:36:02 - [Cluster 0 - CLIENT] - INFO - Received: train message 71e94d2a-ebd6-4ce1-8240-e1ca16fe7a6a
2025-04-01 09:36:02 - [Cluster 0 - CLIENT] - INFO - [Store 74] Starting local training.
2025-04-01 09:36:04 - [Cluster 0 - CLIENT] - INFO - [Store 1083] Local training complete.
2025-04-01 09:36:05 - [Cluster 0 - CLIENT] - INFO - Sent reply
2025-04-01 09:36:05 - [Cluster 0 - CLIENT] - INFO - 
2025-04-01 09:36:05 - [Cluster 0 - CLIENT] - INFO - Received: train message d5db9b9f-49de-4d10-a420-f413e7c1352d
2025-04-01 09:36:05 - [Cluster 0 - CLIENT] - INFO - [Store 886] Starting local training.
2025-04-01 09:36:05 - [Cluster 0 - CLIENT] - INFO - [Store 360] Local training complete.
2025-04-01 09:36:05 - [Cluster 0 - CLIENT] - INFO - Sent reply
2025-04-01 09:36:05 - [Cluster 0 - CLIENT] - INFO - 
2025-04-01 09:36:05 - [Cluster 0 - CLIENT] - INFO - Received: train message e33a85a0-af98-43b4-b7f3-36522ede6f80
2025-04-01 09:36:05 - [Cluster 0 - CLIENT] - INFO - [Store 795] Starting local training.
2025-04-01 09:36:10 - [Cluster 0 - CLIENT] - INFO - [Store 254] Local training complete.
2025-04-01 09:36:11 - [Cluster 0 - CLIENT] - INFO - Sent reply
2025-04-01 09:36:11 - [Cluster 0 - CLIENT] - INFO - 
2025-04-01 09:36:11 - [Cluster 0 - CLIENT] - INFO - Received: train message 7bd3e5c5-2c53-41c7-a4be-2d9833bdcbde
2025-04-01 09:36:11 - [Cluster 0 - CLIENT] - INFO - [Store 105] Starting local training.
2025-04-01 09:36:11 - [Cluster 0 - CLIENT] - INFO - [Store 200] Local training complete.
2025-04-01 09:36:11 - [Cluster 0 - CLIENT] - INFO - Sent reply
2025-04-01 09:36:11 - [Cluster 0 - CLIENT] - INFO - 
2025-04-01 09:36:11 - [Cluster 0 - CLIENT] - INFO - Received: train message 78474292-09e8-4573-ab6b-069519aed56d
2025-04-01 09:36:11 - [Cluster 0 - CLIENT] - INFO - [Store 857] Starting local training.
2025-04-01 09:40:38 - [Cluster 0 - CLIENT] - INFO - [Store 554] Local training complete.
2025-04-01 09:40:38 - [Cluster 0 - CLIENT] - INFO - Sent reply
2025-04-01 09:40:41 - [Cluster 0 - CLIENT] - INFO - [Store 511] Local training complete.
2025-04-01 09:40:41 - [Cluster 0 - CLIENT] - INFO - Sent reply
2025-04-01 09:40:43 - [Cluster 0 - CLIENT] - INFO - [Store 730] Local training complete.
2025-04-01 09:40:43 - [Cluster 0 - CLIENT] - INFO - Sent reply
2025-04-01 09:40:43 - [Cluster 0 - CLIENT] - INFO - [Store 201] Local training complete.
2025-04-01 09:40:43 - [Cluster 0 - CLIENT] - INFO - Sent reply
2025-04-01 09:40:44 - [Cluster 0 - CLIENT] - INFO - [Store 1073] Local training complete.
2025-04-01 09:40:44 - [Cluster 0 - CLIENT] - INFO - Sent reply
2025-04-01 09:40:45 - [Cluster 0 - CLIENT] - INFO - [Store 795] Local training complete.
2025-04-01 09:40:45 - [Cluster 0 - CLIENT] - INFO - Sent reply
2025-04-01 09:40:45 - [Cluster 0 - CLIENT] - INFO - [Store 410] Local training complete.
2025-04-01 09:40:46 - [Cluster 0 - CLIENT] - INFO - Sent reply
2025-04-01 09:40:46 - [Cluster 0 - CLIENT] - INFO - [Store 1042] Local training complete.
2025-04-01 09:40:46 - [Cluster 0 - CLIENT] - INFO - Sent reply
2025-04-01 09:40:47 - [Cluster 0 - CLIENT] - INFO - [Store 440] Local training complete.
2025-04-01 09:40:47 - [Cluster 0 - CLIENT] - INFO - Sent reply
2025-04-01 09:40:47 - [Cluster 0 - CLIENT] - INFO - [Store 658] Local training complete.
2025-04-01 09:40:47 - [Cluster 0 - CLIENT] - INFO - Sent reply
2025-04-01 09:40:48 - [Cluster 0 - CLIENT] - INFO - [Store 922] Local training complete.
2025-04-01 09:40:48 - [Cluster 0 - CLIENT] - INFO - Sent reply
2025-04-01 09:40:48 - [Cluster 0 - CLIENT] - INFO - [Store 886] Local training complete.
2025-04-01 09:40:48 - [Cluster 0 - CLIENT] - INFO - Sent reply
2025-04-01 09:40:49 - [Cluster 0 - CLIENT] - INFO - [Store 105] Local training complete.
2025-04-01 09:40:49 - [Cluster 0 - CLIENT] - INFO - Sent reply
2025-04-01 09:40:49 - [Cluster 0 - CLIENT] - INFO - [Store 857] Local training complete.
2025-04-01 09:40:49 - [Cluster 0 - CLIENT] - INFO - Sent reply
2025-04-01 09:40:49 - [Cluster 0 - CLIENT] - INFO - [Store 74] Local training complete.
2025-04-01 09:40:49 - [Cluster 0 - CLIENT] - INFO - Sent reply
2025-04-01 09:40:49 - [Cluster 0 - CLIENT] - INFO - 
2025-04-01 09:40:49 - [Cluster 0 - CLIENT] - INFO - Received: evaluate message 0a0f2aef-6217-4f4b-b92b-933dee945762
2025-04-01 09:40:49 - [Cluster 0 - CLIENT] - INFO - 
2025-04-01 09:40:49 - [Cluster 0 - CLIENT] - INFO - Received: evaluate message dd9258de-8e8e-4fdf-abda-cccec04c2d95
2025-04-01 09:40:49 - [Cluster 0 - CLIENT] - INFO - 
2025-04-01 09:40:49 - [Cluster 0 - CLIENT] - INFO - Received: evaluate message f2e245b1-b872-46b9-969a-43cb5ddf4624
2025-04-01 09:40:49 - [Cluster 0 - CLIENT] - INFO - 
2025-04-01 09:40:49 - [Cluster 0 - CLIENT] - INFO - Received: evaluate message 4dcef4f9-be35-4bc0-9936-fd254ab9ed7c
2025-04-01 09:40:49 - [Cluster 0 - CLIENT] - INFO - 
2025-04-01 09:40:49 - [Cluster 0 - CLIENT] - INFO - Received: evaluate message b310a8c3-7c15-4ada-ab4a-461e25f6564d
2025-04-01 09:40:49 - [Cluster 0 - CLIENT] - INFO - 
2025-04-01 09:40:49 - [Cluster 0 - CLIENT] - INFO - Received: evaluate message e052182d-b917-494c-8ae3-70d3e0637082
2025-04-01 09:40:49 - [Cluster 0 - CLIENT] - INFO - 
2025-04-01 09:40:49 - [Cluster 0 - CLIENT] - INFO - Received: evaluate message e749e296-781d-4792-8e44-c327ed03ecd1
2025-04-01 09:40:49 - [Cluster 0 - CLIENT] - INFO - 
2025-04-01 09:40:49 - [Cluster 0 - CLIENT] - INFO - Received: evaluate message e14540ac-3229-4f15-bc92-07668ab0097c
2025-04-01 09:40:49 - [Cluster 0 - CLIENT] - INFO - 
2025-04-01 09:40:49 - [Cluster 0 - CLIENT] - INFO - Received: evaluate message a8840042-a9f6-46c0-9ae3-c3bd4ba455aa
2025-04-01 09:40:49 - [Cluster 0 - CLIENT] - INFO - 
2025-04-01 09:40:49 - [Cluster 0 - CLIENT] - INFO - Received: evaluate message e86aba82-a4d3-45a8-85b1-e07dc0601090
2025-04-01 09:40:50 - [Cluster 0 - CLIENT] - INFO - 
2025-04-01 09:40:50 - [Cluster 0 - CLIENT] - INFO - Received: evaluate message 4263e690-88d4-4611-a7aa-9b330247f84b
2025-04-01 09:40:50 - [Cluster 0 - CLIENT] - INFO - 
2025-04-01 09:40:50 - [Cluster 0 - CLIENT] - INFO - Received: evaluate message 9491fd25-fcf2-49f2-b41a-3e121b9e59f4
2025-04-01 09:40:50 - [Cluster 0 - CLIENT] - INFO - 
2025-04-01 09:40:50 - [Cluster 0 - CLIENT] - INFO - Received: evaluate message 160b48e1-89ed-4e90-a267-c3f6a3b93bc2
2025-04-01 09:40:50 - [Cluster 0 - CLIENT] - INFO - 
2025-04-01 09:40:50 - [Cluster 0 - CLIENT] - INFO - 
2025-04-01 09:40:50 - [Cluster 0 - CLIENT] - INFO - Received: evaluate message a49698f2-65d6-4b98-a2a1-85eb3a226264
2025-04-01 09:40:50 - [Cluster 0 - CLIENT] - INFO - Received: evaluate message d10de0a0-46b6-4593-91ef-f2ae713e1a58
2025-04-01 09:40:51 - [Cluster 0 - CLIENT] - INFO - [Store 305] Evaluation - Loss: 0.5090, MAE: 0.5191
2025-04-01 09:40:51 - [Cluster 0 - CLIENT] - INFO - [Store 105] Evaluation - Loss: 0.3418, MAE: 0.4312
2025-04-01 09:40:51 - [Cluster 0 - CLIENT] - INFO - Sent reply
2025-04-01 09:40:51 - [Cluster 0 - CLIENT] - INFO - Sent reply
2025-04-01 09:40:51 - [Cluster 0 - CLIENT] - INFO - 
2025-04-01 09:40:51 - [Cluster 0 - CLIENT] - INFO - Received: evaluate message b6726a57-b6e1-4870-b63e-3efb71391811
2025-04-01 09:40:51 - [Cluster 0 - CLIENT] - INFO - 
2025-04-01 09:40:51 - [Cluster 0 - CLIENT] - INFO - Received: evaluate message 54fe9d67-4c3a-4e9e-9699-6a82e35df0b9
2025-04-01 09:40:51 - [Cluster 0 - CLIENT] - INFO - [Store 440] Evaluation - Loss: 0.3759, MAE: 0.4175
2025-04-01 09:40:51 - [Cluster 0 - CLIENT] - INFO - [Store 658] Evaluation - Loss: 0.1885, MAE: 0.2733
2025-04-01 09:40:51 - [Cluster 0 - CLIENT] - INFO - Sent reply
2025-04-01 09:40:51 - [Cluster 0 - CLIENT] - INFO - Sent reply
2025-04-01 09:40:51 - [Cluster 0 - CLIENT] - INFO - [Store 922] Evaluation - Loss: 0.2753, MAE: 0.3436
2025-04-01 09:40:51 - [Cluster 0 - CLIENT] - INFO - Sent reply
2025-04-01 09:40:51 - [Cluster 0 - CLIENT] - INFO - [Store 1073] Evaluation - Loss: 1.6232, MAE: 0.9210
2025-04-01 09:40:51 - [Cluster 0 - CLIENT] - INFO - [Store 74] Evaluation - Loss: 0.2501, MAE: 0.2820
2025-04-01 09:40:51 - [Cluster 0 - CLIENT] - INFO - Sent reply
2025-04-01 09:40:51 - [Cluster 0 - CLIENT] - INFO - Sent reply
2025-04-01 09:40:51 - [Cluster 0 - CLIENT] - INFO - [Store 254] Evaluation - Loss: 0.3423, MAE: 0.3966
2025-04-01 09:40:51 - [Cluster 0 - CLIENT] - INFO - [Store 55] Evaluation - Loss: 0.3194, MAE: 0.4223
2025-04-01 09:40:51 - [Cluster 0 - CLIENT] - INFO - Sent reply
2025-04-01 09:40:51 - [Cluster 0 - CLIENT] - INFO - Sent reply
2025-04-01 09:40:51 - [Cluster 0 - CLIENT] - INFO - 
2025-04-01 09:40:51 - [Cluster 0 - CLIENT] - INFO - Received: evaluate message b4c0add3-beb7-4e1c-a16b-f1a595804885
2025-04-01 09:40:51 - [Cluster 0 - CLIENT] - INFO - [Store 260] Evaluation - Loss: 0.2148, MAE: 0.2860
2025-04-01 09:40:51 - [Cluster 0 - CLIENT] - INFO - Sent reply
2025-04-01 09:40:51 - [Cluster 0 - CLIENT] - INFO - 
2025-04-01 09:40:51 - [Cluster 0 - CLIENT] - INFO - Received: evaluate message 199c5971-fd32-4003-85d2-198dd28a4d00
2025-04-01 09:40:51 - [Cluster 0 - CLIENT] - INFO - 
2025-04-01 09:40:51 - [Cluster 0 - CLIENT] - INFO - Received: evaluate message 53688572-304c-4e67-b920-6e2d47fcce19
2025-04-01 09:40:51 - [Cluster 0 - CLIENT] - INFO - 
2025-04-01 09:40:51 - [Cluster 0 - CLIENT] - INFO - Received: evaluate message 6380a6e8-889c-400c-9c28-041c3af88593
2025-04-01 09:40:51 - [Cluster 0 - CLIENT] - INFO - 
2025-04-01 09:40:51 - [Cluster 0 - CLIENT] - INFO - Received: evaluate message 9cabb8a8-9ba6-4d5b-82d9-cb2ba30f87f4
2025-04-01 09:40:51 - [Cluster 0 - CLIENT] - INFO - 
2025-04-01 09:40:51 - [Cluster 0 - CLIENT] - INFO - Received: evaluate message 1b2ee630-cb3c-4b50-b443-502b8c627df8
2025-04-01 09:40:51 - [Cluster 0 - CLIENT] - INFO - 
2025-04-01 09:40:51 - [Cluster 0 - CLIENT] - INFO - 
2025-04-01 09:40:51 - [Cluster 0 - CLIENT] - INFO - Received: evaluate message 9877b330-8af6-43eb-abcc-195b8860f28e
2025-04-01 09:40:51 - [Cluster 0 - CLIENT] - INFO - Received: evaluate message 4d10e22b-6df9-4627-a30c-deb818e44ef6
2025-04-01 09:40:51 - [Cluster 0 - CLIENT] - INFO - [Store 77] Evaluation - Loss: 0.2595, MAE: 0.3291
2025-04-01 09:40:51 - [Cluster 0 - CLIENT] - INFO - Sent reply
2025-04-01 09:40:51 - [Cluster 0 - CLIENT] - INFO - [Store 1099] Evaluation - Loss: 0.3272, MAE: 0.3997
2025-04-01 09:40:51 - [Cluster 0 - CLIENT] - INFO - Sent reply
2025-04-01 09:40:51 - [Cluster 0 - CLIENT] - INFO - [Store 200] Evaluation - Loss: 0.3092, MAE: 0.3286
2025-04-01 09:40:51 - [Cluster 0 - CLIENT] - INFO - [Store 1083] Evaluation - Loss: 0.4573, MAE: 0.4760
2025-04-01 09:40:51 - [Cluster 0 - CLIENT] - INFO - Sent reply
2025-04-01 09:40:51 - [Cluster 0 - CLIENT] - INFO - Sent reply
2025-04-01 09:40:51 - [Cluster 0 - CLIENT] - INFO - [Store 628] Evaluation - Loss: 0.3092, MAE: 0.3417
2025-04-01 09:40:51 - [Cluster 0 - CLIENT] - INFO - Sent reply
2025-04-01 09:40:51 - [Cluster 0 - CLIENT] - INFO - 
2025-04-01 09:40:51 - [Cluster 0 - CLIENT] - INFO - Received: evaluate message e85e19d9-6c95-4d30-9cb0-8acc1e30ac2c
2025-04-01 09:40:51 - [Cluster 0 - CLIENT] - INFO - 
2025-04-01 09:40:51 - [Cluster 0 - CLIENT] - INFO - Received: evaluate message 451429aa-64ee-450a-ba85-9e344c4259c0
2025-04-01 09:40:51 - [Cluster 0 - CLIENT] - INFO - 
2025-04-01 09:40:51 - [Cluster 0 - CLIENT] - INFO - Received: evaluate message 2d8e00df-522b-4b84-8255-a0378ed97a8c
2025-04-01 09:40:51 - [Cluster 0 - CLIENT] - INFO - 
2025-04-01 09:40:51 - [Cluster 0 - CLIENT] - INFO - Received: evaluate message ea74f2c6-fd9a-4af5-b58c-f6def6207c03
2025-04-01 09:40:51 - [Cluster 0 - CLIENT] - INFO - 
2025-04-01 09:40:51 - [Cluster 0 - CLIENT] - INFO - Received: evaluate message f5117a0e-1ea7-404e-a0c4-81ad91c6e55c
2025-04-01 09:40:53 - [Cluster 0 - CLIENT] - INFO - [Store 730] Evaluation - Loss: 0.1969, MAE: 0.2780
2025-04-01 09:40:53 - [Cluster 0 - CLIENT] - INFO - [Store 511] Evaluation - Loss: 0.2532, MAE: 0.3308
2025-04-01 09:40:53 - [Cluster 0 - CLIENT] - INFO - Sent reply
2025-04-01 09:40:53 - [Cluster 0 - CLIENT] - INFO - Sent reply
2025-04-01 09:40:53 - [Cluster 0 - CLIENT] - INFO - [Store 47] Evaluation - Loss: 0.2716, MAE: 0.3303
2025-04-01 09:40:53 - [Cluster 0 - CLIENT] - INFO - [Store 554] Evaluation - Loss: 0.6159, MAE: 0.5875
2025-04-01 09:40:53 - [Cluster 0 - CLIENT] - INFO - Sent reply
2025-04-01 09:40:53 - [Cluster 0 - CLIENT] - INFO - Sent reply
2025-04-01 09:40:53 - [Cluster 0 - CLIENT] - INFO - [Store 857] Evaluation - Loss: 0.3929, MAE: 0.4165
2025-04-01 09:40:53 - [Cluster 0 - CLIENT] - INFO - Sent reply
2025-04-01 09:40:53 - [Cluster 0 - CLIENT] - INFO - [Store 886] Evaluation - Loss: 0.3427, MAE: 0.3909
2025-04-01 09:40:53 - [Cluster 0 - CLIENT] - INFO - Sent reply
2025-04-01 09:40:53 - [Cluster 0 - CLIENT] - INFO - [Store 795] Evaluation - Loss: 0.2866, MAE: 0.3696
2025-04-01 09:40:53 - [Cluster 0 - CLIENT] - INFO - [Store 360] Evaluation - Loss: 0.2188, MAE: 0.3015
2025-04-01 09:40:53 - [Cluster 0 - CLIENT] - INFO - Sent reply
2025-04-01 09:40:53 - [Cluster 0 - CLIENT] - INFO - Sent reply
2025-04-01 09:40:53 - [Cluster 0 - CLIENT] - INFO - [Store 410] Evaluation - Loss: 0.3044, MAE: 0.3701
2025-04-01 09:40:53 - [Cluster 0 - CLIENT] - INFO - [Store 201] Evaluation - Loss: 0.2940, MAE: 0.3604
2025-04-01 09:40:53 - [Cluster 0 - CLIENT] - INFO - Sent reply
2025-04-01 09:40:53 - [Cluster 0 - CLIENT] - INFO - Sent reply
2025-04-01 09:40:53 - [Cluster 0 - CLIENT] - INFO - [Store 305] Evaluation - Loss: 0.5090, MAE: 0.5191
2025-04-01 09:40:53 - [Cluster 0 - CLIENT] - INFO - Sent reply
2025-04-01 09:40:53 - [Cluster 0 - CLIENT] - INFO - [Store 718] Evaluation - Loss: 0.2147, MAE: 0.2708
2025-04-01 09:40:53 - [Cluster 0 - CLIENT] - INFO - [Store 65] Evaluation - Loss: 0.2268, MAE: 0.3156
2025-04-01 09:40:53 - [Cluster 0 - CLIENT] - INFO - Sent reply
2025-04-01 09:40:53 - [Cluster 0 - CLIENT] - INFO - Sent reply
2025-04-01 09:40:53 - [Cluster 0 - CLIENT] - INFO - [Store 949] Evaluation - Loss: 0.2141, MAE: 0.3257
2025-04-01 09:40:53 - [Cluster 0 - CLIENT] - INFO - Sent reply
2025-04-01 09:40:53 - [Cluster 0 - CLIENT] - INFO - [Store 1042] Evaluation - Loss: 0.2989, MAE: 0.3352
2025-04-01 09:40:53 - [Cluster 0 - CLIENT] - INFO - Sent reply
2025-04-01 09:40:53 - [Cluster 0 - CLIENT] - INFO - 
2025-04-01 09:40:53 - [Cluster 0 - CLIENT] - INFO - Received: train message 04170634-8fbf-4e09-a596-cc0d1f62ca06
2025-04-01 09:40:53 - [Cluster 0 - CLIENT] - INFO - 
2025-04-01 09:40:53 - [Cluster 0 - CLIENT] - INFO - Received: train message d9d3f7fd-fa99-4fb8-ae3c-b8c4bc6cc163
2025-04-01 09:40:53 - [Cluster 0 - CLIENT] - INFO - [Store 718] Starting local training.
2025-04-01 09:40:53 - [Cluster 0 - CLIENT] - INFO - 
2025-04-01 09:40:53 - [Cluster 0 - CLIENT] - INFO - Received: train message 683735c2-f6f4-4944-a128-68aa7c1e6269
2025-04-01 09:40:53 - [Cluster 0 - CLIENT] - INFO - 
2025-04-01 09:40:53 - [Cluster 0 - CLIENT] - INFO - Received: train message 1ecbf088-42bc-4955-a666-d623f3a3f7e2
2025-04-01 09:40:53 - [Cluster 0 - CLIENT] - INFO - 
2025-04-01 09:40:53 - [Cluster 0 - CLIENT] - INFO - Received: train message d0b09d53-b38f-4076-8310-b455d58f4079
2025-04-01 09:40:53 - [Cluster 0 - CLIENT] - INFO - 
2025-04-01 09:40:53 - [Cluster 0 - CLIENT] - INFO - Received: train message f8851095-77c2-4228-ab58-58feb8375efb
2025-04-01 09:40:53 - [Cluster 0 - CLIENT] - INFO - [Store 1083] Starting local training.
2025-04-01 09:40:53 - [Cluster 0 - CLIENT] - INFO - [Store 1099] Starting local training.
2025-04-01 09:40:53 - [Cluster 0 - CLIENT] - INFO - 
2025-04-01 09:40:53 - [Cluster 0 - CLIENT] - INFO - Received: train message 96b19fe7-76e2-42c4-b629-fad56d91c898
2025-04-01 09:40:53 - [Cluster 0 - CLIENT] - INFO - 
2025-04-01 09:40:53 - [Cluster 0 - CLIENT] - INFO - Received: train message 1c49db3b-04bb-4aac-be34-3cfb06737a3a
2025-04-01 09:40:53 - [Cluster 0 - CLIENT] - INFO - 
2025-04-01 09:40:53 - [Cluster 0 - CLIENT] - INFO - Received: train message f49dbb4e-fc75-419c-8b26-55e91fea5052
2025-04-01 09:40:53 - [Cluster 0 - CLIENT] - INFO - 
2025-04-01 09:40:53 - [Cluster 0 - CLIENT] - INFO - Received: train message bd7d0e5e-1960-4258-9577-37f0e36efaa8
2025-04-01 09:40:53 - [Cluster 0 - CLIENT] - INFO - 
2025-04-01 09:40:53 - [Cluster 0 - CLIENT] - INFO - Received: train message 3124e304-9e9c-4c28-b32d-d5f4229b783f
2025-04-01 09:40:53 - [Cluster 0 - CLIENT] - INFO - 
2025-04-01 09:40:53 - [Cluster 0 - CLIENT] - INFO - Received: train message 90e3f416-45e6-4c70-a027-3f06f83e8f1a
2025-04-01 09:40:53 - [Cluster 0 - CLIENT] - INFO - [Store 628] Starting local training.
2025-04-01 09:40:53 - [Cluster 0 - CLIENT] - INFO - [Store 949] Starting local training.
2025-04-01 09:40:53 - [Cluster 0 - CLIENT] - INFO - 
2025-04-01 09:40:53 - [Cluster 0 - CLIENT] - INFO - Received: train message de17b400-530b-4835-8cde-8085de3997cb
2025-04-01 09:40:53 - [Cluster 0 - CLIENT] - INFO - [Store 410] Starting local training.
2025-04-01 09:40:53 - [Cluster 0 - CLIENT] - INFO - [Store 105] Starting local training.
2025-04-01 09:40:53 - [Cluster 0 - CLIENT] - INFO - 
2025-04-01 09:40:53 - [Cluster 0 - CLIENT] - INFO - [Store 254] Starting local training.
2025-04-01 09:40:53 - [Cluster 0 - CLIENT] - INFO - Received: train message 596329f3-40bd-442a-9086-cfa6ccccfbae
2025-04-01 09:40:53 - [Cluster 0 - CLIENT] - INFO - 
2025-04-01 09:40:53 - [Cluster 0 - CLIENT] - INFO - Received: train message 3c944de7-fb11-4af0-b428-bf676e713f17
2025-04-01 09:40:53 - [Cluster 0 - CLIENT] - INFO - [Store 65] Starting local training.
2025-04-01 09:40:53 - [Cluster 0 - CLIENT] - INFO - [Store 77] Starting local training.
2025-04-01 09:40:53 - [Cluster 0 - CLIENT] - INFO - [Store 440] Starting local training.
2025-04-01 09:40:53 - [Cluster 0 - CLIENT] - INFO - [Store 1073] Starting local training.
2025-04-01 09:40:53 - [Cluster 0 - CLIENT] - INFO - [Store 260] Starting local training.
2025-04-01 09:40:53 - [Cluster 0 - CLIENT] - INFO - [Store 200] Starting local training.
2025-04-01 09:40:53 - [Cluster 0 - CLIENT] - INFO - [Store 922] Starting local training.
2025-04-01 09:45:28 - [Cluster 0 - CLIENT] - INFO - [Store 718] Local training complete.
2025-04-01 09:45:28 - [Cluster 0 - CLIENT] - INFO - [Store 65] Local training complete.
2025-04-01 09:45:28 - [Cluster 0 - CLIENT] - INFO - Sent reply
2025-04-01 09:45:28 - [Cluster 0 - CLIENT] - INFO - Sent reply
2025-04-01 09:45:28 - [Cluster 0 - CLIENT] - INFO - 
2025-04-01 09:45:28 - [Cluster 0 - CLIENT] - INFO - Received: train message 915d17a7-478b-4ade-81c7-c1dd9f074378
2025-04-01 09:45:28 - [Cluster 0 - CLIENT] - INFO - 
2025-04-01 09:45:28 - [Cluster 0 - CLIENT] - INFO - Received: train message 53c8b90b-8860-443a-8329-20dbebe4bf4e
2025-04-01 09:45:28 - [Cluster 0 - CLIENT] - INFO - [Store 305] Starting local training.
2025-04-01 09:45:28 - [Cluster 0 - CLIENT] - INFO - [Store 55] Starting local training.
2025-04-01 09:45:30 - [Cluster 0 - CLIENT] - INFO - [Store 105] Local training complete.
2025-04-01 09:45:30 - [Cluster 0 - CLIENT] - INFO - Sent reply
2025-04-01 09:45:30 - [Cluster 0 - CLIENT] - INFO - 
2025-04-01 09:45:30 - [Cluster 0 - CLIENT] - INFO - Received: train message 362c620f-86c0-47b5-8c2d-6bd8bcbc0fe8
2025-04-01 09:45:31 - [Cluster 0 - CLIENT] - INFO - [Store 360] Starting local training.
2025-04-01 09:45:31 - [Cluster 0 - CLIENT] - INFO - [Store 628] Local training complete.
2025-04-01 09:45:31 - [Cluster 0 - CLIENT] - INFO - Sent reply
2025-04-01 09:45:31 - [Cluster 0 - CLIENT] - INFO - 
2025-04-01 09:45:31 - [Cluster 0 - CLIENT] - INFO - Received: train message 82eab0f1-f448-4488-812d-648d7b4efd51
2025-04-01 09:45:31 - [Cluster 0 - CLIENT] - INFO - [Store 47] Starting local training.
2025-04-01 09:45:33 - [Cluster 0 - CLIENT] - INFO - [Store 1083] Local training complete.
2025-04-01 09:45:33 - [Cluster 0 - CLIENT] - INFO - Sent reply
2025-04-01 09:45:33 - [Cluster 0 - CLIENT] - INFO - 
2025-04-01 09:45:33 - [Cluster 0 - CLIENT] - INFO - Received: train message 008bee80-f756-48b6-a3ca-313ebb1a7e99
2025-04-01 09:45:33 - [Cluster 0 - CLIENT] - INFO - [Store 511] Starting local training.
2025-04-01 09:45:33 - [Cluster 0 - CLIENT] - INFO - [Store 200] Local training complete.
2025-04-01 09:45:33 - [Cluster 0 - CLIENT] - INFO - Sent reply
2025-04-01 09:45:34 - [Cluster 0 - CLIENT] - INFO - 
2025-04-01 09:45:34 - [Cluster 0 - CLIENT] - INFO - Received: train message b4e9584e-bd87-40bf-9a5f-ac0f324f1a1c
2025-04-01 09:45:34 - [Cluster 0 - CLIENT] - INFO - [Store 658] Starting local training.
2025-04-01 09:45:34 - [Cluster 0 - CLIENT] - INFO - [Store 77] Local training complete.
2025-04-01 09:45:34 - [Cluster 0 - CLIENT] - INFO - Sent reply
2025-04-01 09:45:34 - [Cluster 0 - CLIENT] - INFO - 
2025-04-01 09:45:34 - [Cluster 0 - CLIENT] - INFO - Received: train message 7929c9c4-cd89-4d55-b12c-7cfee056f1df
2025-04-01 09:45:34 - [Cluster 0 - CLIENT] - INFO - [Store 554] Starting local training.
2025-04-01 09:45:34 - [Cluster 0 - CLIENT] - INFO - [Store 260] Local training complete.
2025-04-01 09:45:34 - [Cluster 0 - CLIENT] - INFO - Sent reply
2025-04-01 09:45:34 - [Cluster 0 - CLIENT] - INFO - 
2025-04-01 09:45:34 - [Cluster 0 - CLIENT] - INFO - Received: train message 4fd26a9e-aa6f-4a66-b2ef-1f44b1109196
2025-04-01 09:45:34 - [Cluster 0 - CLIENT] - INFO - [Store 857] Starting local training.
2025-04-01 09:45:36 - [Cluster 0 - CLIENT] - INFO - [Store 1073] Local training complete.
2025-04-01 09:45:36 - [Cluster 0 - CLIENT] - INFO - [Store 254] Local training complete.
2025-04-01 09:45:36 - [Cluster 0 - CLIENT] - INFO - Sent reply
2025-04-01 09:45:36 - [Cluster 0 - CLIENT] - INFO - 
2025-04-01 09:45:36 - [Cluster 0 - CLIENT] - INFO - Received: train message 933f15e3-80d2-4eb0-8fa4-512dfc05b22c
2025-04-01 09:45:36 - [Cluster 0 - CLIENT] - INFO - [Store 305] Starting local training.
2025-04-01 09:45:37 - [Cluster 0 - CLIENT] - INFO - Sent reply
2025-04-01 09:45:37 - [Cluster 0 - CLIENT] - INFO - 
2025-04-01 09:45:37 - [Cluster 0 - CLIENT] - INFO - Received: train message 821deea7-b75e-4bed-bbe3-2eb01519c28c
2025-04-01 09:45:37 - [Cluster 0 - CLIENT] - INFO - [Store 74] Starting local training.
2025-04-01 09:45:38 - [Cluster 0 - CLIENT] - INFO - [Store 949] Local training complete.
2025-04-01 09:45:39 - [Cluster 0 - CLIENT] - INFO - Sent reply
2025-04-01 09:45:39 - [Cluster 0 - CLIENT] - INFO - 
2025-04-01 09:45:39 - [Cluster 0 - CLIENT] - INFO - Received: train message 19c155bd-d499-40d5-9038-365179da7cb8
2025-04-01 09:45:39 - [Cluster 0 - CLIENT] - INFO - [Store 730] Starting local training.
2025-04-01 09:45:42 - [Cluster 0 - CLIENT] - INFO - [Store 1099] Local training complete.
2025-04-01 09:45:43 - [Cluster 0 - CLIENT] - INFO - Sent reply
2025-04-01 09:45:43 - [Cluster 0 - CLIENT] - INFO - 
2025-04-01 09:45:43 - [Cluster 0 - CLIENT] - INFO - Received: train message 6dc14011-2735-45e4-b4d5-e57b3a9984ad
2025-04-01 09:45:43 - [Cluster 0 - CLIENT] - INFO - [Store 795] Starting local training.
2025-04-01 09:45:48 - [Cluster 0 - CLIENT] - INFO - [Store 922] Local training complete.
2025-04-01 09:45:48 - [Cluster 0 - CLIENT] - INFO - Sent reply
2025-04-01 09:45:48 - [Cluster 0 - CLIENT] - INFO - 
2025-04-01 09:45:48 - [Cluster 0 - CLIENT] - INFO - Received: train message de164c85-c283-461b-a75a-188a2ef5d33a
2025-04-01 09:45:48 - [Cluster 0 - CLIENT] - INFO - [Store 886] Starting local training.
2025-04-01 09:45:50 - [Cluster 0 - CLIENT] - INFO - [Store 410] Local training complete.
2025-04-01 09:45:50 - [Cluster 0 - CLIENT] - INFO - Sent reply
2025-04-01 09:45:50 - [Cluster 0 - CLIENT] - INFO - 
2025-04-01 09:45:50 - [Cluster 0 - CLIENT] - INFO - Received: train message 6ce5bc1c-4322-426d-869e-58f9b71f6649
2025-04-01 09:45:50 - [Cluster 0 - CLIENT] - INFO - [Store 1042] Starting local training.
2025-04-01 09:45:57 - [Cluster 0 - CLIENT] - INFO - [Store 440] Local training complete.
2025-04-01 09:45:57 - [Cluster 0 - CLIENT] - INFO - Sent reply
2025-04-01 09:45:57 - [Cluster 0 - CLIENT] - INFO - 
2025-04-01 09:45:57 - [Cluster 0 - CLIENT] - INFO - Received: train message 580c0d9c-9c94-4fad-865b-cf3f14fec447
2025-04-01 09:45:57 - [Cluster 0 - CLIENT] - INFO - [Store 201] Starting local training.
2025-04-01 09:50:19 - [Cluster 0 - CLIENT] - INFO - [Store 305] Local training complete.
2025-04-01 09:50:19 - [Cluster 0 - CLIENT] - INFO - Sent reply
2025-04-01 09:50:20 - [Cluster 0 - CLIENT] - INFO - [Store 55] Local training complete.
2025-04-01 09:50:20 - [Cluster 0 - CLIENT] - INFO - Sent reply
2025-04-01 09:50:22 - [Cluster 0 - CLIENT] - INFO - [Store 47] Local training complete.
2025-04-01 09:50:23 - [Cluster 0 - CLIENT] - INFO - Sent reply
2025-04-01 09:50:23 - [Cluster 0 - CLIENT] - INFO - [Store 360] Local training complete.
2025-04-01 09:50:23 - [Cluster 0 - CLIENT] - INFO - Sent reply
2025-04-01 09:50:24 - [Cluster 0 - CLIENT] - INFO - [Store 554] Local training complete.
2025-04-01 09:50:24 - [Cluster 0 - CLIENT] - INFO - Sent reply
2025-04-01 09:50:26 - [Cluster 0 - CLIENT] - INFO - [Store 857] Local training complete.
2025-04-01 09:50:26 - [Cluster 0 - CLIENT] - INFO - Sent reply
2025-04-01 09:50:26 - [Cluster 0 - CLIENT] - INFO - [Store 74] Local training complete.
2025-04-01 09:50:26 - [Cluster 0 - CLIENT] - INFO - Sent reply
2025-04-01 09:50:27 - [Cluster 0 - CLIENT] - INFO - [Store 795] Local training complete.
2025-04-01 09:50:27 - [Cluster 0 - CLIENT] - INFO - Sent reply
2025-04-01 09:50:28 - [Cluster 0 - CLIENT] - INFO - [Store 730] Local training complete.
2025-04-01 09:50:28 - [Cluster 0 - CLIENT] - INFO - Sent reply
2025-04-01 09:50:29 - [Cluster 0 - CLIENT] - INFO - [Store 511] Local training complete.
2025-04-01 09:50:29 - [Cluster 0 - CLIENT] - INFO - Sent reply
2025-04-01 09:50:29 - [Cluster 0 - CLIENT] - INFO - [Store 658] Local training complete.
2025-04-01 09:50:29 - [Cluster 0 - CLIENT] - INFO - Sent reply
2025-04-01 09:50:29 - [Cluster 0 - CLIENT] - INFO - [Store 305] Local training complete.
2025-04-01 09:50:29 - [Cluster 0 - CLIENT] - INFO - Sent reply
2025-04-01 09:50:29 - [Cluster 0 - CLIENT] - INFO - [Store 886] Local training complete.
2025-04-01 09:50:29 - [Cluster 0 - CLIENT] - INFO - Sent reply
2025-04-01 09:50:30 - [Cluster 0 - CLIENT] - INFO - [Store 1042] Local training complete.
2025-04-01 09:50:30 - [Cluster 0 - CLIENT] - INFO - Sent reply
2025-04-01 09:50:30 - [Cluster 0 - CLIENT] - INFO - [Store 201] Local training complete.
2025-04-01 09:50:30 - [Cluster 0 - CLIENT] - INFO - Sent reply
2025-04-01 09:50:30 - [Cluster 0 - CLIENT] - INFO - 
2025-04-01 09:50:30 - [Cluster 0 - CLIENT] - INFO - Received: evaluate message 37e712f9-f362-4678-af0b-f175c5fae43e
2025-04-01 09:50:30 - [Cluster 0 - CLIENT] - INFO - 
2025-04-01 09:50:30 - [Cluster 0 - CLIENT] - INFO - Received: evaluate message 57414cfe-5e6c-47ca-963d-31c2a0fd9473
2025-04-01 09:50:30 - [Cluster 0 - CLIENT] - INFO - 
2025-04-01 09:50:30 - [Cluster 0 - CLIENT] - INFO - Received: evaluate message 63b1e29b-4d94-42d8-95ba-05eb06a08c12
2025-04-01 09:50:30 - [Cluster 0 - CLIENT] - INFO - 
2025-04-01 09:50:30 - [Cluster 0 - CLIENT] - INFO - Received: evaluate message 32ea1eb8-0033-4248-8d5c-8a8304286c3d
2025-04-01 09:50:30 - [Cluster 0 - CLIENT] - INFO - 
2025-04-01 09:50:30 - [Cluster 0 - CLIENT] - INFO - Received: evaluate message 5a22ca15-05df-4976-b079-e6a7360b3bf7
2025-04-01 09:50:30 - [Cluster 0 - CLIENT] - INFO - 
2025-04-01 09:50:30 - [Cluster 0 - CLIENT] - INFO - Received: evaluate message 0da4e9ce-503d-492c-8170-dbe08a67e44c
2025-04-01 09:50:30 - [Cluster 0 - CLIENT] - INFO - 
2025-04-01 09:50:30 - [Cluster 0 - CLIENT] - INFO - Received: evaluate message 6f02e25b-1b04-40a7-b07d-65b0070af33f
2025-04-01 09:50:30 - [Cluster 0 - CLIENT] - INFO - 
2025-04-01 09:50:30 - [Cluster 0 - CLIENT] - INFO - Received: evaluate message 6a5f84c7-f722-4e31-a1a6-efcd242186b0
2025-04-01 09:50:30 - [Cluster 0 - CLIENT] - INFO - 
2025-04-01 09:50:30 - [Cluster 0 - CLIENT] - INFO - Received: evaluate message 1990a2d3-cfab-4b37-8508-67a232dfc32d
2025-04-01 09:50:30 - [Cluster 0 - CLIENT] - INFO - 
2025-04-01 09:50:30 - [Cluster 0 - CLIENT] - INFO - Received: evaluate message 8afd2059-420b-4dff-b55b-d8964f6269ab
2025-04-01 09:50:30 - [Cluster 0 - CLIENT] - INFO - 
2025-04-01 09:50:30 - [Cluster 0 - CLIENT] - INFO - Received: evaluate message 24f96c83-65a4-420c-8796-9ff55bd04fb0
2025-04-01 09:50:30 - [Cluster 0 - CLIENT] - INFO - 
2025-04-01 09:50:30 - [Cluster 0 - CLIENT] - INFO - Received: evaluate message 3b4c7517-2503-456d-af8b-852ada9ba546
2025-04-01 09:50:30 - [Cluster 0 - CLIENT] - INFO - 
2025-04-01 09:50:30 - [Cluster 0 - CLIENT] - INFO - Received: evaluate message 17dcee44-d1ae-459c-8d85-6de7631e86b2
2025-04-01 09:50:30 - [Cluster 0 - CLIENT] - INFO - 
2025-04-01 09:50:30 - [Cluster 0 - CLIENT] - INFO - 
2025-04-01 09:50:30 - [Cluster 0 - CLIENT] - INFO - Received: evaluate message 55982157-1f3f-4eb1-9121-e70400eab36e
2025-04-01 09:50:30 - [Cluster 0 - CLIENT] - INFO - Received: evaluate message 83633101-f623-460c-8dd5-e7ed3a3a4a20
2025-04-01 09:50:32 - [Cluster 0 - CLIENT] - INFO - [Store 254] Evaluation - Loss: 0.3411, MAE: 0.3965
2025-04-01 09:50:32 - [Cluster 0 - CLIENT] - INFO - Sent reply
2025-04-01 09:50:32 - [Cluster 0 - CLIENT] - INFO - [Store 628] Evaluation - Loss: 0.3099, MAE: 0.3413
2025-04-01 09:50:32 - [Cluster 0 - CLIENT] - INFO - Sent reply
2025-04-01 09:50:32 - [Cluster 0 - CLIENT] - INFO - 
2025-04-01 09:50:32 - [Cluster 0 - CLIENT] - INFO - Received: evaluate message 19b5309c-b662-4ae4-b528-aef0a7e5f32a
2025-04-01 09:50:32 - [Cluster 0 - CLIENT] - INFO - 
2025-04-01 09:50:32 - [Cluster 0 - CLIENT] - INFO - Received: evaluate message d2045f26-018d-400b-a735-29edbe5be61e
2025-04-01 09:50:32 - [Cluster 0 - CLIENT] - INFO - [Store 305] Evaluation - Loss: 0.5271, MAE: 0.5253
2025-04-01 09:50:32 - [Cluster 0 - CLIENT] - INFO - Sent reply
2025-04-01 09:50:32 - [Cluster 0 - CLIENT] - INFO - [Store 201] Evaluation - Loss: 0.2938, MAE: 0.3596
2025-04-01 09:50:32 - [Cluster 0 - CLIENT] - INFO - Sent reply
2025-04-01 09:50:32 - [Cluster 0 - CLIENT] - INFO - [Store 718] Evaluation - Loss: 0.2134, MAE: 0.2702
2025-04-01 09:50:32 - [Cluster 0 - CLIENT] - INFO - [Store 795] Evaluation - Loss: 0.2775, MAE: 0.3608
2025-04-01 09:50:32 - [Cluster 0 - CLIENT] - INFO - Sent reply
2025-04-01 09:50:32 - [Cluster 0 - CLIENT] - INFO - Sent reply
2025-04-01 09:50:32 - [Cluster 0 - CLIENT] - INFO - [Store 55] Evaluation - Loss: 0.3284, MAE: 0.4250
2025-04-01 09:50:32 - [Cluster 0 - CLIENT] - INFO - Sent reply
2025-04-01 09:50:32 - [Cluster 0 - CLIENT] - INFO - [Store 857] Evaluation - Loss: 0.4035, MAE: 0.4241
2025-04-01 09:50:32 - [Cluster 0 - CLIENT] - INFO - [Store 74] Evaluation - Loss: 0.2472, MAE: 0.2803
2025-04-01 09:50:32 - [Cluster 0 - CLIENT] - INFO - Sent reply
2025-04-01 09:50:32 - [Cluster 0 - CLIENT] - INFO - [Store 260] Evaluation - Loss: 0.2196, MAE: 0.2960
2025-04-01 09:50:32 - [Cluster 0 - CLIENT] - INFO - [Store 77] Evaluation - Loss: 0.2609, MAE: 0.3313
2025-04-01 09:50:32 - [Cluster 0 - CLIENT] - INFO - [Store 47] Evaluation - Loss: 0.2803, MAE: 0.3394
2025-04-01 09:50:32 - [Cluster 0 - CLIENT] - INFO - Sent reply
2025-04-01 09:50:32 - [Cluster 0 - CLIENT] - INFO - Sent reply
2025-04-01 09:50:32 - [Cluster 0 - CLIENT] - INFO - Sent reply
2025-04-01 09:50:32 - [Cluster 0 - CLIENT] - INFO - Sent reply
2025-04-01 09:50:32 - [Cluster 0 - CLIENT] - INFO - 
2025-04-01 09:50:32 - [Cluster 0 - CLIENT] - INFO - Received: evaluate message 5575d5ba-5651-42b6-adca-b39687e648ab
2025-04-01 09:50:32 - [Cluster 0 - CLIENT] - INFO - 
2025-04-01 09:50:32 - [Cluster 0 - CLIENT] - INFO - Received: evaluate message 37d18ac1-f296-4d43-84b6-8b402e84a7af
2025-04-01 09:50:32 - [Cluster 0 - CLIENT] - INFO - 
2025-04-01 09:50:32 - [Cluster 0 - CLIENT] - INFO - Received: evaluate message b686f1f3-6611-4023-95ee-92b005af9b01
2025-04-01 09:50:32 - [Cluster 0 - CLIENT] - INFO - 
2025-04-01 09:50:32 - [Cluster 0 - CLIENT] - INFO - Received: evaluate message 426e2750-b85c-42a4-8339-c16ce8069f95
2025-04-01 09:50:32 - [Cluster 0 - CLIENT] - INFO - 
2025-04-01 09:50:32 - [Cluster 0 - CLIENT] - INFO - Received: evaluate message 943e05a9-636d-4608-a3b2-11e05659fc5d
2025-04-01 09:50:32 - [Cluster 0 - CLIENT] - INFO - [Store 1083] Evaluation - Loss: 0.4810, MAE: 0.4955
2025-04-01 09:50:32 - [Cluster 0 - CLIENT] - INFO - Sent reply
2025-04-01 09:50:32 - [Cluster 0 - CLIENT] - INFO - [Store 1099] Evaluation - Loss: 0.3335, MAE: 0.4015
2025-04-01 09:50:32 - [Cluster 0 - CLIENT] - INFO - Sent reply
2025-04-01 09:50:32 - [Cluster 0 - CLIENT] - INFO - 
2025-04-01 09:50:32 - [Cluster 0 - CLIENT] - INFO - Received: evaluate message dc4b4356-63fe-4f89-9cb2-7adfce7a457a
2025-04-01 09:50:32 - [Cluster 0 - CLIENT] - INFO - 
2025-04-01 09:50:32 - [Cluster 0 - CLIENT] - INFO - Received: evaluate message 62b87852-2def-4482-b150-5b3c51d7be8f
2025-04-01 09:50:32 - [Cluster 0 - CLIENT] - INFO - 
2025-04-01 09:50:32 - [Cluster 0 - CLIENT] - INFO - Received: evaluate message d1330a05-72f8-462a-869c-3601f162a8b2
2025-04-01 09:50:32 - [Cluster 0 - CLIENT] - INFO - 
2025-04-01 09:50:32 - [Cluster 0 - CLIENT] - INFO - 
2025-04-01 09:50:32 - [Cluster 0 - CLIENT] - INFO - Received: evaluate message 4a70f5a6-562e-4ad7-ae69-018d7d9d12fe
2025-04-01 09:50:32 - [Cluster 0 - CLIENT] - INFO - Received: evaluate message c906684d-eeee-44c4-9101-ea8f5ffb1842
2025-04-01 09:50:32 - [Cluster 0 - CLIENT] - INFO - 
2025-04-01 09:50:32 - [Cluster 0 - CLIENT] - INFO - Received: evaluate message 4688a55f-0092-4e4a-82e7-b9ed5e86f836
2025-04-01 09:50:32 - [Cluster 0 - CLIENT] - INFO - 
2025-04-01 09:50:32 - [Cluster 0 - CLIENT] - INFO - Received: evaluate message d92c7433-e312-482e-bebf-4360770b5832
2025-04-01 09:50:32 - [Cluster 0 - CLIENT] - INFO - [Store 65] Evaluation - Loss: 0.2188, MAE: 0.3067
2025-04-01 09:50:32 - [Cluster 0 - CLIENT] - INFO - Sent reply
2025-04-01 09:50:32 - [Cluster 0 - CLIENT] - INFO - 
2025-04-01 09:50:32 - [Cluster 0 - CLIENT] - INFO - Received: evaluate message 4bb33b53-6e59-4300-8330-5292e29865c7
2025-04-01 09:50:34 - [Cluster 0 - CLIENT] - INFO - [Store 410] Evaluation - Loss: 0.2958, MAE: 0.3641
2025-04-01 09:50:34 - [Cluster 0 - CLIENT] - INFO - Sent reply
2025-04-01 09:50:34 - [Cluster 0 - CLIENT] - INFO - [Store 360] Evaluation - Loss: 0.2181, MAE: 0.2949
2025-04-01 09:50:34 - [Cluster 0 - CLIENT] - INFO - Sent reply
2025-04-01 09:50:34 - [Cluster 0 - CLIENT] - INFO - [Store 305] Evaluation - Loss: 0.5271, MAE: 0.5253
2025-04-01 09:50:34 - [Cluster 0 - CLIENT] - INFO - Sent reply
2025-04-01 09:50:34 - [Cluster 0 - CLIENT] - INFO - [Store 440] Evaluation - Loss: 0.3838, MAE: 0.4148
2025-04-01 09:50:34 - [Cluster 0 - CLIENT] - INFO - Sent reply
2025-04-01 09:50:34 - [Cluster 0 - CLIENT] - INFO - [Store 658] Evaluation - Loss: 0.1846, MAE: 0.2691
2025-04-01 09:50:34 - [Cluster 0 - CLIENT] - INFO - Sent reply
2025-04-01 09:50:34 - [Cluster 0 - CLIENT] - INFO - [Store 105] Evaluation - Loss: 0.3525, MAE: 0.4335
2025-04-01 09:50:34 - [Cluster 0 - CLIENT] - INFO - [Store 886] Evaluation - Loss: 0.3469, MAE: 0.3937
2025-04-01 09:50:34 - [Cluster 0 - CLIENT] - INFO - Sent reply
2025-04-01 09:50:34 - [Cluster 0 - CLIENT] - INFO - Sent reply
2025-04-01 09:50:34 - [Cluster 0 - CLIENT] - INFO - [Store 730] Evaluation - Loss: 0.1950, MAE: 0.2762
2025-04-01 09:50:34 - [Cluster 0 - CLIENT] - INFO - Sent reply
2025-04-01 09:50:34 - [Cluster 0 - CLIENT] - INFO - [Store 1042] Evaluation - Loss: 0.2910, MAE: 0.3275
2025-04-01 09:50:34 - [Cluster 0 - CLIENT] - INFO - Sent reply
2025-04-01 09:50:34 - [Cluster 0 - CLIENT] - INFO - [Store 554] Evaluation - Loss: 0.6726, MAE: 0.6180
2025-04-01 09:50:34 - [Cluster 0 - CLIENT] - INFO - Sent reply
2025-04-01 09:50:34 - [Cluster 0 - CLIENT] - INFO - [Store 922] Evaluation - Loss: 0.2794, MAE: 0.3486
2025-04-01 09:50:34 - [Cluster 0 - CLIENT] - INFO - Sent reply
2025-04-01 09:50:34 - [Cluster 0 - CLIENT] - INFO - [Store 949] Evaluation - Loss: 0.2040, MAE: 0.3126
2025-04-01 09:50:34 - [Cluster 0 - CLIENT] - INFO - [Store 511] Evaluation - Loss: 0.2713, MAE: 0.3515
2025-04-01 09:50:34 - [Cluster 0 - CLIENT] - INFO - Sent reply
2025-04-01 09:50:34 - [Cluster 0 - CLIENT] - INFO - Sent reply
2025-04-01 09:50:34 - [Cluster 0 - CLIENT] - INFO - [Store 1073] Evaluation - Loss: 1.5146, MAE: 0.8873
2025-04-01 09:50:34 - [Cluster 0 - CLIENT] - INFO - Sent reply
2025-04-01 09:50:34 - [Cluster 0 - CLIENT] - INFO - [Store 200] Evaluation - Loss: 0.3168, MAE: 0.3391
2025-04-01 09:50:34 - [Cluster 0 - CLIENT] - INFO - Sent reply
2025-04-01 09:50:34 - [Cluster 0 - CLIENT] - INFO - 
2025-04-01 09:50:34 - [Cluster 0 - CLIENT] - INFO - Received: train message 9c10ce70-3fda-4699-b7b6-23de38f8ba8e
2025-04-01 09:50:34 - [Cluster 0 - CLIENT] - INFO - 
2025-04-01 09:50:34 - [Cluster 0 - CLIENT] - INFO - Received: train message a7bc3855-26e1-480b-bc44-4c8d5683e927
2025-04-01 09:50:34 - [Cluster 0 - CLIENT] - INFO - [Store 658] Starting local training.
2025-04-01 09:50:34 - [Cluster 0 - CLIENT] - INFO - 
2025-04-01 09:50:34 - [Cluster 0 - CLIENT] - INFO - Received: train message 5b9a4687-3b63-49a9-acca-4fbb178a0762
2025-04-01 09:50:34 - [Cluster 0 - CLIENT] - INFO - 
2025-04-01 09:50:34 - [Cluster 0 - CLIENT] - INFO - Received: train message c5e09a3a-e689-4d9a-ba5d-502d52e69520
2025-04-01 09:50:34 - [Cluster 0 - CLIENT] - INFO - 
2025-04-01 09:50:34 - [Cluster 0 - CLIENT] - INFO - Received: train message c970be5e-4d18-48cb-a220-2c7bb220e3cc
2025-04-01 09:50:34 - [Cluster 0 - CLIENT] - INFO - 
2025-04-01 09:50:34 - [Cluster 0 - CLIENT] - INFO - Received: train message 944253e3-18f9-43cd-b54d-d97a5e0dea69
2025-04-01 09:50:34 - [Cluster 0 - CLIENT] - INFO - 
2025-04-01 09:50:34 - [Cluster 0 - CLIENT] - INFO - Received: train message caf57697-3e84-4521-b0db-2756da475dac
2025-04-01 09:50:34 - [Cluster 0 - CLIENT] - INFO - 
2025-04-01 09:50:34 - [Cluster 0 - CLIENT] - INFO - Received: train message 7a9f9538-bfb2-4c96-ad52-180c2b4ae856
2025-04-01 09:50:34 - [Cluster 0 - CLIENT] - INFO - 
2025-04-01 09:50:34 - [Cluster 0 - CLIENT] - INFO - Received: train message 206cb14b-3bf9-47ca-8d93-40e299b4181a
2025-04-01 09:50:34 - [Cluster 0 - CLIENT] - INFO - 
2025-04-01 09:50:34 - [Cluster 0 - CLIENT] - INFO - Received: train message 0f84769a-9170-444b-ade2-107ddaea4744
2025-04-01 09:50:34 - [Cluster 0 - CLIENT] - INFO - [Store 1099] Starting local training.
2025-04-01 09:50:34 - [Cluster 0 - CLIENT] - INFO - [Store 410] Starting local training.
2025-04-01 09:50:34 - [Cluster 0 - CLIENT] - INFO - 
2025-04-01 09:50:34 - [Cluster 0 - CLIENT] - INFO - Received: train message 9ff2e656-db8e-4c0d-ade8-fee720bed5de
2025-04-01 09:50:34 - [Cluster 0 - CLIENT] - INFO - [Store 1073] Starting local training.
2025-04-01 09:50:34 - [Cluster 0 - CLIENT] - INFO - 
2025-04-01 09:50:34 - [Cluster 0 - CLIENT] - INFO - Received: train message 8be2de7a-9a1f-4d99-8123-0cae020e6d0b
2025-04-01 09:50:34 - [Cluster 0 - CLIENT] - INFO - [Store 201] Starting local training.
2025-04-01 09:50:34 - [Cluster 0 - CLIENT] - INFO - [Store 360] Starting local training.
2025-04-01 09:50:34 - [Cluster 0 - CLIENT] - INFO - 
2025-04-01 09:50:34 - [Cluster 0 - CLIENT] - INFO - Received: train message db9d81bc-73b7-4e34-a25f-ab4314d288fb
2025-04-01 09:50:34 - [Cluster 0 - CLIENT] - INFO - 
2025-04-01 09:50:34 - [Cluster 0 - CLIENT] - INFO - Received: train message 33268bba-0d9d-4ef0-b583-08e7d6c23365
2025-04-01 09:50:34 - [Cluster 0 - CLIENT] - INFO - 
2025-04-01 09:50:34 - [Cluster 0 - CLIENT] - INFO - Received: train message 38a73ac8-0569-4c55-a359-8d72eba75a48
2025-04-01 09:50:34 - [Cluster 0 - CLIENT] - INFO - [Store 554] Starting local training.
2025-04-01 09:50:34 - [Cluster 0 - CLIENT] - INFO - [Store 77] Starting local training.
2025-04-01 09:50:34 - [Cluster 0 - CLIENT] - INFO - [Store 718] Starting local training.
2025-04-01 09:50:34 - [Cluster 0 - CLIENT] - INFO - [Store 440] Starting local training.
2025-04-01 09:50:34 - [Cluster 0 - CLIENT] - INFO - [Store 730] Starting local training.
2025-04-01 09:50:34 - [Cluster 0 - CLIENT] - INFO - [Store 305] Starting local training.
2025-04-01 09:50:34 - [Cluster 0 - CLIENT] - INFO - [Store 795] Starting local training.
2025-04-01 09:50:34 - [Cluster 0 - CLIENT] - INFO - [Store 65] Starting local training.
2025-04-01 09:50:34 - [Cluster 0 - CLIENT] - INFO - [Store 628] Starting local training.
2025-04-01 09:55:40 - [Cluster 0 - CLIENT] - INFO - [Store 795] Local training complete.
2025-04-01 09:55:40 - [Cluster 0 - CLIENT] - INFO - Sent reply
2025-04-01 09:55:40 - [Cluster 0 - CLIENT] - INFO - 
2025-04-01 09:55:40 - [Cluster 0 - CLIENT] - INFO - Received: train message edb1626b-3f0b-4185-b36e-7199f9abf2de
2025-04-01 09:55:40 - [Cluster 0 - CLIENT] - INFO - [Store 922] Starting local training.
2025-04-01 09:55:44 - [Cluster 0 - CLIENT] - INFO - [Store 440] Local training complete.
2025-04-01 09:55:44 - [Cluster 0 - CLIENT] - INFO - Sent reply
2025-04-01 09:55:44 - [Cluster 0 - CLIENT] - INFO - 
2025-04-01 09:55:44 - [Cluster 0 - CLIENT] - INFO - Received: train message e63f3033-63e3-4dde-9580-db6c5d2a8733
2025-04-01 09:55:45 - [Cluster 0 - CLIENT] - INFO - [Store 305] Starting local training.
2025-04-01 09:55:47 - [Cluster 0 - CLIENT] - INFO - [Store 730] Local training complete.
2025-04-01 09:55:47 - [Cluster 0 - CLIENT] - INFO - Sent reply
2025-04-01 09:55:47 - [Cluster 0 - CLIENT] - INFO - 
2025-04-01 09:55:47 - [Cluster 0 - CLIENT] - INFO - Received: train message c678ccbd-60ae-48e5-85ad-dc6cb9106fad
2025-04-01 09:55:47 - [Cluster 0 - CLIENT] - INFO - [Store 857] Starting local training.
2025-04-01 09:55:48 - [Cluster 0 - CLIENT] - INFO - [Store 410] Local training complete.
2025-04-01 09:55:48 - [Cluster 0 - CLIENT] - INFO - Sent reply
2025-04-01 09:55:48 - [Cluster 0 - CLIENT] - INFO - 
2025-04-01 09:55:48 - [Cluster 0 - CLIENT] - INFO - Received: train message 9c194b16-6f2c-48cc-a19a-ed62c5fdd4b0
2025-04-01 09:55:48 - [Cluster 0 - CLIENT] - INFO - [Store 1042] Starting local training.
2025-04-01 09:55:50 - [Cluster 0 - CLIENT] - INFO - [Store 1073] Local training complete.
2025-04-01 09:55:50 - [Cluster 0 - CLIENT] - INFO - Sent reply
2025-04-01 09:55:50 - [Cluster 0 - CLIENT] - INFO - 
2025-04-01 09:55:50 - [Cluster 0 - CLIENT] - INFO - Received: train message a34545fc-d70e-4125-af57-804a60e51b53
2025-04-01 09:55:51 - [Cluster 0 - CLIENT] - INFO - [Store 105] Starting local training.
2025-04-01 09:55:52 - [Cluster 0 - CLIENT] - INFO - [Store 718] Local training complete.
2025-04-01 09:55:52 - [Cluster 0 - CLIENT] - INFO - [Store 77] Local training complete.
2025-04-01 09:55:52 - [Cluster 0 - CLIENT] - INFO - Sent reply
2025-04-01 09:55:52 - [Cluster 0 - CLIENT] - INFO - 
2025-04-01 09:55:52 - [Cluster 0 - CLIENT] - INFO - Received: train message 7f896aa7-4eae-45e7-96a9-b6ab9b2c7eb0
2025-04-01 09:55:52 - [Cluster 0 - CLIENT] - INFO - [Store 260] Starting local training.
2025-04-01 09:55:52 - [Cluster 0 - CLIENT] - INFO - [Store 305] Local training complete.
2025-04-01 09:55:52 - [Cluster 0 - CLIENT] - INFO - Sent reply
2025-04-01 09:55:52 - [Cluster 0 - CLIENT] - INFO - 
2025-04-01 09:55:52 - [Cluster 0 - CLIENT] - INFO - Received: train message 59ca9e14-ece4-4f28-b03c-751b2e0089f3
2025-04-01 09:55:52 - [Cluster 0 - CLIENT] - INFO - [Store 949] Starting local training.
2025-04-01 09:55:53 - [Cluster 0 - CLIENT] - INFO - Sent reply
2025-04-01 09:55:53 - [Cluster 0 - CLIENT] - INFO - 
2025-04-01 09:55:53 - [Cluster 0 - CLIENT] - INFO - Received: train message ec25a4a6-7683-44d7-b82e-2381860c99f0
2025-04-01 09:55:53 - [Cluster 0 - CLIENT] - INFO - [Store 886] Starting local training.
2025-04-01 09:55:54 - [Cluster 0 - CLIENT] - INFO - [Store 201] Local training complete.
2025-04-01 09:55:54 - [Cluster 0 - CLIENT] - INFO - Sent reply
2025-04-01 09:55:54 - [Cluster 0 - CLIENT] - INFO - 
2025-04-01 09:55:54 - [Cluster 0 - CLIENT] - INFO - Received: train message b05737a2-08ce-4044-b4b1-f3542ed2c2c0
2025-04-01 09:55:54 - [Cluster 0 - CLIENT] - INFO - [Store 511] Starting local training.
2025-04-01 09:55:54 - [Cluster 0 - CLIENT] - INFO - [Store 658] Local training complete.
2025-04-01 09:55:54 - [Cluster 0 - CLIENT] - INFO - Sent reply
2025-04-01 09:55:54 - [Cluster 0 - CLIENT] - INFO - 
2025-04-01 09:55:54 - [Cluster 0 - CLIENT] - INFO - Received: train message ea6fb6d9-35dc-4c86-9a19-f1495bfc6f25
2025-04-01 09:55:55 - [Cluster 0 - CLIENT] - INFO - [Store 1083] Starting local training.
2025-04-01 09:55:56 - [Cluster 0 - CLIENT] - INFO - [Store 360] Local training complete.
2025-04-01 09:55:56 - [Cluster 0 - CLIENT] - INFO - [Store 1099] Local training complete.
2025-04-01 09:55:56 - [Cluster 0 - CLIENT] - INFO - Sent reply
2025-04-01 09:55:56 - [Cluster 0 - CLIENT] - INFO - Sent reply
2025-04-01 09:55:56 - [Cluster 0 - CLIENT] - INFO - 
2025-04-01 09:55:56 - [Cluster 0 - CLIENT] - INFO - Received: train message 4ac7d774-009b-404f-90c9-d2bb2f0f4765
2025-04-01 09:55:56 - [Cluster 0 - CLIENT] - INFO - [Store 554] Local training complete.
2025-04-01 09:55:56 - [Cluster 0 - CLIENT] - INFO - 
2025-04-01 09:55:56 - [Cluster 0 - CLIENT] - INFO - Received: train message a6246989-576f-4a74-bd7b-92c7ee67aecd
2025-04-01 09:55:56 - [Cluster 0 - CLIENT] - INFO - Sent reply
2025-04-01 09:55:57 - [Cluster 0 - CLIENT] - INFO - 
2025-04-01 09:55:57 - [Cluster 0 - CLIENT] - INFO - [Store 200] Starting local training.
2025-04-01 09:55:57 - [Cluster 0 - CLIENT] - INFO - Received: train message 8cf685cf-7e84-434b-9301-6ea58656e7a2
2025-04-01 09:55:57 - [Cluster 0 - CLIENT] - INFO - [Store 74] Starting local training.
2025-04-01 09:55:57 - [Cluster 0 - CLIENT] - INFO - [Store 55] Starting local training.
2025-04-01 09:55:57 - [Cluster 0 - CLIENT] - INFO - [Store 65] Local training complete.
2025-04-01 09:55:57 - [Cluster 0 - CLIENT] - INFO - Sent reply
2025-04-01 09:55:57 - [Cluster 0 - CLIENT] - INFO - 
2025-04-01 09:55:57 - [Cluster 0 - CLIENT] - INFO - Received: train message a6550ff6-1a4a-4be2-a37c-0858e75aa168
2025-04-01 09:55:58 - [Cluster 0 - CLIENT] - INFO - [Store 47] Starting local training.
2025-04-01 09:56:07 - [Cluster 0 - CLIENT] - INFO - [Store 628] Local training complete.
2025-04-01 09:56:07 - [Cluster 0 - CLIENT] - INFO - Sent reply
2025-04-01 09:56:07 - [Cluster 0 - CLIENT] - INFO - 
2025-04-01 09:56:07 - [Cluster 0 - CLIENT] - INFO - Received: train message 560f09e2-14ad-43ca-8f0e-bc30d6cc98ff
2025-04-01 09:56:07 - [Cluster 0 - CLIENT] - INFO - [Store 254] Starting local training.
2025-04-01 10:00:51 - [Cluster 0 - CLIENT] - INFO - [Store 305] Local training complete.
2025-04-01 10:00:51 - [Cluster 0 - CLIENT] - INFO - Sent reply
2025-04-01 10:00:52 - [Cluster 0 - CLIENT] - INFO - [Store 922] Local training complete.
2025-04-01 10:00:52 - [Cluster 0 - CLIENT] - INFO - Sent reply
2025-04-01 10:00:53 - [Cluster 0 - CLIENT] - INFO - [Store 105] Local training complete.
2025-04-01 10:00:53 - [Cluster 0 - CLIENT] - INFO - Sent reply
2025-04-01 10:00:53 - [Cluster 0 - CLIENT] - INFO - [Store 886] Local training complete.
2025-04-01 10:00:53 - [Cluster 0 - CLIENT] - INFO - Sent reply
2025-04-01 10:00:54 - [Cluster 0 - CLIENT] - INFO - [Store 1042] Local training complete.
2025-04-01 10:00:54 - [Cluster 0 - CLIENT] - INFO - Sent reply
2025-04-01 10:00:55 - [Cluster 0 - CLIENT] - INFO - [Store 949] Local training complete.
2025-04-01 10:00:55 - [Cluster 0 - CLIENT] - INFO - Sent reply
2025-04-01 10:00:55 - [Cluster 0 - CLIENT] - INFO - [Store 200] Local training complete.
2025-04-01 10:00:55 - [Cluster 0 - CLIENT] - INFO - [Store 511] Local training complete.
2025-04-01 10:00:55 - [Cluster 0 - CLIENT] - INFO - Sent reply
2025-04-01 10:00:55 - [Cluster 0 - CLIENT] - INFO - Sent reply
2025-04-01 10:00:55 - [Cluster 0 - CLIENT] - INFO - [Store 47] Local training complete.
2025-04-01 10:00:55 - [Cluster 0 - CLIENT] - INFO - [Store 857] Local training complete.
2025-04-01 10:00:55 - [Cluster 0 - CLIENT] - INFO - Sent reply
2025-04-01 10:00:55 - [Cluster 0 - CLIENT] - INFO - Sent reply
2025-04-01 10:00:56 - [Cluster 0 - CLIENT] - INFO - [Store 260] Local training complete.
2025-04-01 10:00:56 - [Cluster 0 - CLIENT] - INFO - Sent reply
2025-04-01 10:00:56 - [Cluster 0 - CLIENT] - INFO - [Store 1083] Local training complete.
2025-04-01 10:00:56 - [Cluster 0 - CLIENT] - INFO - Sent reply
2025-04-01 10:00:57 - [Cluster 0 - CLIENT] - INFO - [Store 55] Local training complete.
2025-04-01 10:00:57 - [Cluster 0 - CLIENT] - INFO - Sent reply
2025-04-01 10:00:57 - [Cluster 0 - CLIENT] - INFO - [Store 74] Local training complete.
2025-04-01 10:00:57 - [Cluster 0 - CLIENT] - INFO - Sent reply
2025-04-01 10:00:57 - [Cluster 0 - CLIENT] - INFO - [Store 254] Local training complete.
2025-04-01 10:00:57 - [Cluster 0 - CLIENT] - INFO - Sent reply
2025-04-01 10:00:57 - [Cluster 0 - CLIENT] - INFO - 
2025-04-01 10:00:57 - [Cluster 0 - CLIENT] - INFO - Received: evaluate message 727c07a2-9366-4e5e-bf56-c20c20106995
2025-04-01 10:00:57 - [Cluster 0 - CLIENT] - INFO - 
2025-04-01 10:00:57 - [Cluster 0 - CLIENT] - INFO - Received: evaluate message a79ee63a-afd0-46de-aa97-763193f4e60f
2025-04-01 10:00:57 - [Cluster 0 - CLIENT] - INFO - 
2025-04-01 10:00:57 - [Cluster 0 - CLIENT] - INFO - Received: evaluate message 770f9dc4-214c-45fa-9bb8-7316aca18883
2025-04-01 10:00:57 - [Cluster 0 - CLIENT] - INFO - 
2025-04-01 10:00:57 - [Cluster 0 - CLIENT] - INFO - Received: evaluate message 76f7b030-bc6b-45cf-a143-a387fdefc1c1
2025-04-01 10:00:57 - [Cluster 0 - CLIENT] - INFO - 
2025-04-01 10:00:57 - [Cluster 0 - CLIENT] - INFO - 
2025-04-01 10:00:57 - [Cluster 0 - CLIENT] - INFO - Received: evaluate message a60e7eee-b184-44a6-87dd-91802789ccf2
2025-04-01 10:00:57 - [Cluster 0 - CLIENT] - INFO - Received: evaluate message fbb9b472-4ddf-4a26-96c0-b8df8bacbef9
2025-04-01 10:00:57 - [Cluster 0 - CLIENT] - INFO - 
2025-04-01 10:00:57 - [Cluster 0 - CLIENT] - INFO - Received: evaluate message fe2cda59-ec4c-4887-b852-0817f917cc95
2025-04-01 10:00:57 - [Cluster 0 - CLIENT] - INFO - 
2025-04-01 10:00:57 - [Cluster 0 - CLIENT] - INFO - Received: evaluate message c74a7d83-3682-4e7b-b5fa-459ae37e7ef0
2025-04-01 10:00:57 - [Cluster 0 - CLIENT] - INFO - 
2025-04-01 10:00:57 - [Cluster 0 - CLIENT] - INFO - Received: evaluate message b1f23886-de35-4a25-8c69-fa0fda343374
2025-04-01 10:00:57 - [Cluster 0 - CLIENT] - INFO - 
2025-04-01 10:00:57 - [Cluster 0 - CLIENT] - INFO - 
2025-04-01 10:00:57 - [Cluster 0 - CLIENT] - INFO - Received: evaluate message 27119629-dabb-420b-a05a-525c72d6307b
2025-04-01 10:00:57 - [Cluster 0 - CLIENT] - INFO - Received: evaluate message 2a90335b-2e9b-48f5-8c66-0023af9e639b
2025-04-01 10:00:57 - [Cluster 0 - CLIENT] - INFO - 
2025-04-01 10:00:57 - [Cluster 0 - CLIENT] - INFO - Received: evaluate message 1a379545-0fd2-4c9f-83b3-d9350273163d
2025-04-01 10:00:57 - [Cluster 0 - CLIENT] - INFO - 
2025-04-01 10:00:57 - [Cluster 0 - CLIENT] - INFO - Received: evaluate message 6e0dfd09-dcf4-4c7e-a8a4-1b4a54e2a3ec
2025-04-01 10:00:57 - [Cluster 0 - CLIENT] - INFO - 
2025-04-01 10:00:57 - [Cluster 0 - CLIENT] - INFO - Received: evaluate message a411354b-65a8-4273-bdaf-fdf822a590a1
2025-04-01 10:00:57 - [Cluster 0 - CLIENT] - INFO - 
2025-04-01 10:00:57 - [Cluster 0 - CLIENT] - INFO - Received: evaluate message e9d0f3fe-d544-4b1c-b370-775b4ef055c4
2025-04-01 10:00:59 - [Cluster 0 - CLIENT] - INFO - [Store 47] Evaluation - Loss: 0.2623, MAE: 0.3308
2025-04-01 10:00:59 - [Cluster 0 - CLIENT] - INFO - Sent reply
2025-04-01 10:00:59 - [Cluster 0 - CLIENT] - INFO - [Store 254] Evaluation - Loss: 0.3352, MAE: 0.3986
2025-04-01 10:00:59 - [Cluster 0 - CLIENT] - INFO - Sent reply
2025-04-01 10:00:59 - [Cluster 0 - CLIENT] - INFO - 
2025-04-01 10:00:59 - [Cluster 0 - CLIENT] - INFO - Received: evaluate message 94466ce4-039d-4b98-ae42-be871c66ac1d
2025-04-01 10:00:59 - [Cluster 0 - CLIENT] - INFO - 
2025-04-01 10:00:59 - [Cluster 0 - CLIENT] - INFO - Received: evaluate message dde11529-e8b1-40be-b609-68a270ecfcb5
2025-04-01 10:00:59 - [Cluster 0 - CLIENT] - INFO - [Store 55] Evaluation - Loss: 0.2966, MAE: 0.3957
2025-04-01 10:00:59 - [Cluster 0 - CLIENT] - INFO - Sent reply
2025-04-01 10:00:59 - [Cluster 0 - CLIENT] - INFO - [Store 554] Evaluation - Loss: 0.5579, MAE: 0.5710
2025-04-01 10:00:59 - [Cluster 0 - CLIENT] - INFO - Sent reply
2025-04-01 10:00:59 - [Cluster 0 - CLIENT] - INFO - 
2025-04-01 10:00:59 - [Cluster 0 - CLIENT] - INFO - Received: evaluate message 9b9d4418-d7ac-45ed-8665-9ace4a7c18ce
2025-04-01 10:00:59 - [Cluster 0 - CLIENT] - INFO - [Store 730] Evaluation - Loss: 0.2059, MAE: 0.2995
2025-04-01 10:00:59 - [Cluster 0 - CLIENT] - INFO - [Store 77] Evaluation - Loss: 0.2583, MAE: 0.3373
2025-04-01 10:00:59 - [Cluster 0 - CLIENT] - INFO - 
2025-04-01 10:00:59 - [Cluster 0 - CLIENT] - INFO - Received: evaluate message 5d9c4db0-a629-4eb1-a89d-8c20285ea265
2025-04-01 10:00:59 - [Cluster 0 - CLIENT] - INFO - Sent reply
2025-04-01 10:00:59 - [Cluster 0 - CLIENT] - INFO - [Store 260] Evaluation - Loss: 0.2247, MAE: 0.3083
2025-04-01 10:00:59 - [Cluster 0 - CLIENT] - INFO - Sent reply
2025-04-01 10:00:59 - [Cluster 0 - CLIENT] - INFO - Sent reply
2025-04-01 10:00:59 - [Cluster 0 - CLIENT] - INFO - 
2025-04-01 10:00:59 - [Cluster 0 - CLIENT] - INFO - Received: evaluate message f5dfe8b4-5f0c-4466-9d72-847ba047ea05
2025-04-01 10:00:59 - [Cluster 0 - CLIENT] - INFO - 
2025-04-01 10:00:59 - [Cluster 0 - CLIENT] - INFO - Received: evaluate message 11c864ed-f2e0-486c-8848-aca2c897942a
2025-04-01 10:00:59 - [Cluster 0 - CLIENT] - INFO - [Store 658] Evaluation - Loss: 0.1909, MAE: 0.2787
2025-04-01 10:00:59 - [Cluster 0 - CLIENT] - INFO - Sent reply
2025-04-01 10:00:59 - [Cluster 0 - CLIENT] - INFO - 
2025-04-01 10:00:59 - [Cluster 0 - CLIENT] - INFO - Received: evaluate message c043683f-3146-455e-875b-6c3a84e95033
2025-04-01 10:00:59 - [Cluster 0 - CLIENT] - INFO - [Store 440] Evaluation - Loss: 0.3608, MAE: 0.4067
2025-04-01 10:00:59 - [Cluster 0 - CLIENT] - INFO - [Store 201] Evaluation - Loss: 0.3000, MAE: 0.3737
2025-04-01 10:00:59 - [Cluster 0 - CLIENT] - INFO - Sent reply
2025-04-01 10:00:59 - [Cluster 0 - CLIENT] - INFO - Sent reply
2025-04-01 10:00:59 - [Cluster 0 - CLIENT] - INFO - 
2025-04-01 10:00:59 - [Cluster 0 - CLIENT] - INFO - Received: evaluate message 1ca65495-5ca0-4739-a9a5-efefa5c07503
2025-04-01 10:00:59 - [Cluster 0 - CLIENT] - INFO - 
2025-04-01 10:00:59 - [Cluster 0 - CLIENT] - INFO - Received: evaluate message 5eabe328-037f-417e-9b45-7fa9a446261e
2025-04-01 10:00:59 - [Cluster 0 - CLIENT] - INFO - 
2025-04-01 10:00:59 - [Cluster 0 - CLIENT] - INFO - Received: evaluate message 973c0d9f-91a0-44ef-8181-cb81d293b3ee
2025-04-01 10:00:59 - [Cluster 0 - CLIENT] - INFO - [Store 200] Evaluation - Loss: 0.3127, MAE: 0.3475
2025-04-01 10:00:59 - [Cluster 0 - CLIENT] - INFO - [Store 628] Evaluation - Loss: 0.3058, MAE: 0.3412
2025-04-01 10:00:59 - [Cluster 0 - CLIENT] - INFO - Sent reply
2025-04-01 10:00:59 - [Cluster 0 - CLIENT] - INFO - Sent reply
2025-04-01 10:00:59 - [Cluster 0 - CLIENT] - INFO - [Store 511] Evaluation - Loss: 0.2613, MAE: 0.3430
2025-04-01 10:00:59 - [Cluster 0 - CLIENT] - INFO - Sent reply
2025-04-01 10:00:59 - [Cluster 0 - CLIENT] - INFO - [Store 795] Evaluation - Loss: 0.2863, MAE: 0.3729
2025-04-01 10:00:59 - [Cluster 0 - CLIENT] - INFO - Sent reply
2025-04-01 10:00:59 - [Cluster 0 - CLIENT] - INFO - [Store 360] Evaluation - Loss: 0.2190, MAE: 0.3043
2025-04-01 10:00:59 - [Cluster 0 - CLIENT] - INFO - 
2025-04-01 10:00:59 - [Cluster 0 - CLIENT] - INFO - Received: evaluate message db9c9fb1-1074-4693-b94e-2df2bad8783e
2025-04-01 10:00:59 - [Cluster 0 - CLIENT] - INFO - Sent reply
2025-04-01 10:00:59 - [Cluster 0 - CLIENT] - INFO - 
2025-04-01 10:00:59 - [Cluster 0 - CLIENT] - INFO - Received: evaluate message 7f1bc62d-5f56-4503-8806-57a3152ed0a6
2025-04-01 10:00:59 - [Cluster 0 - CLIENT] - INFO - 
2025-04-01 10:00:59 - [Cluster 0 - CLIENT] - INFO - Received: evaluate message f9b5cbb9-d4e4-432b-b8c6-b145bc1714a2
2025-04-01 10:00:59 - [Cluster 0 - CLIENT] - INFO - 
2025-04-01 10:00:59 - [Cluster 0 - CLIENT] - INFO - Received: evaluate message 016ef6ba-dfe3-42d2-9203-d35100c7ef5b
2025-04-01 10:01:00 - [Cluster 0 - CLIENT] - INFO - 
2025-04-01 10:01:00 - [Cluster 0 - CLIENT] - INFO - Received: evaluate message 9d7ba37a-0988-4bdf-b5a0-13bfdab71794
2025-04-01 10:01:00 - [Cluster 0 - CLIENT] - INFO - [Store 74] Evaluation - Loss: 0.2480, MAE: 0.2813
2025-04-01 10:01:00 - [Cluster 0 - CLIENT] - INFO - Sent reply
2025-04-01 10:01:00 - [Cluster 0 - CLIENT] - INFO - [Store 305] Evaluation - Loss: 0.4664, MAE: 0.4895
2025-04-01 10:01:00 - [Cluster 0 - CLIENT] - INFO - Sent reply
2025-04-01 10:01:01 - [Cluster 0 - CLIENT] - INFO - [Store 922] Evaluation - Loss: 0.2728, MAE: 0.3544
2025-04-01 10:01:01 - [Cluster 0 - CLIENT] - INFO - Sent reply
2025-04-01 10:01:01 - [Cluster 0 - CLIENT] - INFO - [Store 1083] Evaluation - Loss: 0.4265, MAE: 0.4648
2025-04-01 10:01:01 - [Cluster 0 - CLIENT] - INFO - [Store 1042] Evaluation - Loss: 0.2962, MAE: 0.3333
2025-04-01 10:01:01 - [Cluster 0 - CLIENT] - INFO - Sent reply
2025-04-01 10:01:01 - [Cluster 0 - CLIENT] - INFO - Sent reply
2025-04-01 10:01:01 - [Cluster 0 - CLIENT] - INFO - [Store 886] Evaluation - Loss: 0.3317, MAE: 0.3844
2025-04-01 10:01:01 - [Cluster 0 - CLIENT] - INFO - Sent reply
2025-04-01 10:01:01 - [Cluster 0 - CLIENT] - INFO - [Store 718] Evaluation - Loss: 0.2179, MAE: 0.2801
2025-04-01 10:01:01 - [Cluster 0 - CLIENT] - INFO - Sent reply
2025-04-01 10:01:01 - [Cluster 0 - CLIENT] - INFO - [Store 305] Evaluation - Loss: 0.4664, MAE: 0.4895
2025-04-01 10:01:01 - [Cluster 0 - CLIENT] - INFO - Sent reply
2025-04-01 10:01:01 - [Cluster 0 - CLIENT] - INFO - [Store 857] Evaluation - Loss: 0.3778, MAE: 0.4138
2025-04-01 10:01:01 - [Cluster 0 - CLIENT] - INFO - Sent reply
2025-04-01 10:01:01 - [Cluster 0 - CLIENT] - INFO - [Store 65] Evaluation - Loss: 0.2246, MAE: 0.3140
2025-04-01 10:01:01 - [Cluster 0 - CLIENT] - INFO - Sent reply
2025-04-01 10:01:01 - [Cluster 0 - CLIENT] - INFO - [Store 1099] Evaluation - Loss: 0.3360, MAE: 0.4035
2025-04-01 10:01:01 - [Cluster 0 - CLIENT] - INFO - Sent reply
2025-04-01 10:01:01 - [Cluster 0 - CLIENT] - INFO - [Store 949] Evaluation - Loss: 0.2061, MAE: 0.3133
2025-04-01 10:01:01 - [Cluster 0 - CLIENT] - INFO - Sent reply
2025-04-01 10:01:01 - [Cluster 0 - CLIENT] - INFO - [Store 410] Evaluation - Loss: 0.2985, MAE: 0.3680
2025-04-01 10:01:01 - [Cluster 0 - CLIENT] - INFO - Sent reply
2025-04-01 10:01:01 - [Cluster 0 - CLIENT] - INFO - [Store 1073] Evaluation - Loss: 1.1569, MAE: 0.7728
2025-04-01 10:01:01 - [Cluster 0 - CLIENT] - INFO - Sent reply
2025-04-01 10:01:01 - [Cluster 0 - CLIENT] - INFO - [Store 105] Evaluation - Loss: 0.3184, MAE: 0.4063
2025-04-01 10:01:01 - [Cluster 0 - CLIENT] - INFO - Sent reply
2025-04-01 10:01:01 - [Cluster 0 - CLIENT] - INFO - 
2025-04-01 10:01:01 - [Cluster 0 - CLIENT] - INFO - Received: train message 689eed20-10a8-4a48-93aa-01cd76b338a5
2025-04-01 10:01:01 - [Cluster 0 - CLIENT] - INFO - 
2025-04-01 10:01:01 - [Cluster 0 - CLIENT] - INFO - Received: train message 70461e73-e1b7-4f96-a9d6-e60ce4c2d6e5
2025-04-01 10:01:01 - [Cluster 0 - CLIENT] - INFO - 
2025-04-01 10:01:01 - [Cluster 0 - CLIENT] - INFO - Received: train message cee9a155-f6b0-4c30-b1d5-24e88f767c35
2025-04-01 10:01:01 - [Cluster 0 - CLIENT] - INFO - 
2025-04-01 10:01:01 - [Cluster 0 - CLIENT] - INFO - Received: train message b6517fd9-444c-4aa0-b073-3e47195916ee
2025-04-01 10:01:01 - [Cluster 0 - CLIENT] - INFO - 
2025-04-01 10:01:01 - [Cluster 0 - CLIENT] - INFO - Received: train message e8597483-fe74-4757-a7af-8af13c604a27
2025-04-01 10:01:01 - [Cluster 0 - CLIENT] - INFO - [Store 1099] Starting local training.
2025-04-01 10:01:01 - [Cluster 0 - CLIENT] - INFO - 
2025-04-01 10:01:01 - [Cluster 0 - CLIENT] - INFO - Received: train message 64c626a4-7bc7-42d7-8170-8dacf1584ae4
2025-04-01 10:01:01 - [Cluster 0 - CLIENT] - INFO - [Store 105] Starting local training.
2025-04-01 10:01:01 - [Cluster 0 - CLIENT] - INFO - 
2025-04-01 10:01:01 - [Cluster 0 - CLIENT] - INFO - Received: train message 37cac862-7550-4f3a-8114-adfe1ab9939d
2025-04-01 10:01:01 - [Cluster 0 - CLIENT] - INFO - 
2025-04-01 10:01:01 - [Cluster 0 - CLIENT] - INFO - [Store 1073] Starting local training.
2025-04-01 10:01:01 - [Cluster 0 - CLIENT] - INFO - Received: train message 6ab177b5-7891-4f3e-8f2c-0b4952e27cd0
2025-04-01 10:01:01 - [Cluster 0 - CLIENT] - INFO - [Store 410] Starting local training.
2025-04-01 10:01:01 - [Cluster 0 - CLIENT] - INFO - 
2025-04-01 10:01:01 - [Cluster 0 - CLIENT] - INFO - Received: train message 09b3faa4-0278-4b8b-abfd-60d4f835fc49
2025-04-01 10:01:01 - [Cluster 0 - CLIENT] - INFO - 
2025-04-01 10:01:01 - [Cluster 0 - CLIENT] - INFO - Received: train message 4e18a1c3-239c-43df-9132-5d01c18331c2
2025-04-01 10:01:01 - [Cluster 0 - CLIENT] - INFO - [Store 77] Starting local training.
2025-04-01 10:01:01 - [Cluster 0 - CLIENT] - INFO - [Store 949] Starting local training.
2025-04-01 10:01:01 - [Cluster 0 - CLIENT] - INFO - 
2025-04-01 10:01:01 - [Cluster 0 - CLIENT] - INFO - Received: train message adc0db75-8049-4522-a177-c1ad68faee87
2025-04-01 10:01:01 - [Cluster 0 - CLIENT] - INFO - 
2025-04-01 10:01:01 - [Cluster 0 - CLIENT] - INFO - Received: train message 8c20203f-6651-42a5-8afe-70049daa9149
2025-04-01 10:01:01 - [Cluster 0 - CLIENT] - INFO - 
2025-04-01 10:01:01 - [Cluster 0 - CLIENT] - INFO - Received: train message f7f4f0d0-0255-4b91-a076-576130e237af
2025-04-01 10:01:01 - [Cluster 0 - CLIENT] - INFO - 
2025-04-01 10:01:01 - [Cluster 0 - CLIENT] - INFO - Received: train message 82ad2c22-7aef-48b4-af9e-dbe7394a7a7b
2025-04-01 10:01:01 - [Cluster 0 - CLIENT] - INFO - [Store 440] Starting local training.
2025-04-01 10:01:01 - [Cluster 0 - CLIENT] - INFO - [Store 795] Starting local training.
2025-04-01 10:01:01 - [Cluster 0 - CLIENT] - INFO - [Store 305] Starting local training.
2025-04-01 10:01:01 - [Cluster 0 - CLIENT] - INFO - [Store 1042] Starting local training.
2025-04-01 10:01:01 - [Cluster 0 - CLIENT] - INFO - 
2025-04-01 10:01:01 - [Cluster 0 - CLIENT] - INFO - Received: train message ee252198-a0fc-42c1-9ea9-f90cd4a6e142
2025-04-01 10:01:01 - [Cluster 0 - CLIENT] - INFO - [Store 730] Starting local training.
2025-04-01 10:01:01 - [Cluster 0 - CLIENT] - INFO - [Store 74] Starting local training.
2025-04-01 10:01:01 - [Cluster 0 - CLIENT] - INFO - [Store 360] Starting local training.
2025-04-01 10:01:01 - [Cluster 0 - CLIENT] - INFO - [Store 1083] Starting local training.
2025-04-01 10:01:01 - [Cluster 0 - CLIENT] - INFO - [Store 65] Starting local training.
2025-04-01 10:05:18 - [Cluster 0 - CLIENT] - INFO - [Store 105] Local training complete.
2025-04-01 10:05:18 - [Cluster 0 - CLIENT] - INFO - Sent reply
2025-04-01 10:05:18 - [Cluster 0 - CLIENT] - INFO - 
2025-04-01 10:05:18 - [Cluster 0 - CLIENT] - INFO - Received: train message 4152e403-8849-4c45-9e19-0f8616a3fe6f
2025-04-01 10:05:18 - [Cluster 0 - CLIENT] - INFO - [Store 511] Starting local training.
2025-04-01 10:05:20 - [Cluster 0 - CLIENT] - INFO - [Store 440] Local training complete.
2025-04-01 10:05:20 - [Cluster 0 - CLIENT] - INFO - Sent reply
2025-04-01 10:05:20 - [Cluster 0 - CLIENT] - INFO - 
2025-04-01 10:05:20 - [Cluster 0 - CLIENT] - INFO - Received: train message 2950436b-84cf-4630-9354-fcd00ca2ce2c
2025-04-01 10:05:20 - [Cluster 0 - CLIENT] - INFO - [Store 55] Starting local training.
2025-04-01 10:05:21 - [Cluster 0 - CLIENT] - INFO - [Store 305] Local training complete.
2025-04-01 10:05:21 - [Cluster 0 - CLIENT] - INFO - Sent reply
2025-04-01 10:05:21 - [Cluster 0 - CLIENT] - INFO - 
2025-04-01 10:05:21 - [Cluster 0 - CLIENT] - INFO - Received: train message 28307f56-02f0-43b3-a9e9-af7fefb283f9
2025-04-01 10:05:21 - [Cluster 0 - CLIENT] - INFO - [Store 857] Starting local training.
2025-04-01 10:05:22 - [Cluster 0 - CLIENT] - INFO - [Store 1099] Local training complete.
2025-04-01 10:05:22 - [Cluster 0 - CLIENT] - INFO - Sent reply
2025-04-01 10:05:22 - [Cluster 0 - CLIENT] - INFO - 
2025-04-01 10:05:22 - [Cluster 0 - CLIENT] - INFO - Received: train message 61c83500-0d08-4317-ada6-5f4e90ba45a9
2025-04-01 10:05:22 - [Cluster 0 - CLIENT] - INFO - [Store 628] Starting local training.
2025-04-01 10:05:24 - [Cluster 0 - CLIENT] - INFO - [Store 1073] Local training complete.
2025-04-01 10:05:24 - [Cluster 0 - CLIENT] - INFO - [Store 360] Local training complete.
2025-04-01 10:05:24 - [Cluster 0 - CLIENT] - INFO - Sent reply
2025-04-01 10:05:24 - [Cluster 0 - CLIENT] - INFO - Sent reply
2025-04-01 10:05:24 - [Cluster 0 - CLIENT] - INFO - 
2025-04-01 10:05:24 - [Cluster 0 - CLIENT] - INFO - Received: train message 315b0d92-548a-4852-b2c6-866360746977
2025-04-01 10:05:24 - [Cluster 0 - CLIENT] - INFO - 
2025-04-01 10:05:24 - [Cluster 0 - CLIENT] - INFO - Received: train message 99a9fb5a-87a2-4589-b05e-3053f68741e0
2025-04-01 10:05:24 - [Cluster 0 - CLIENT] - INFO - [Store 886] Starting local training.
2025-04-01 10:05:24 - [Cluster 0 - CLIENT] - INFO - [Store 254] Starting local training.
2025-04-01 10:05:25 - [Cluster 0 - CLIENT] - INFO - [Store 949] Local training complete.
2025-04-01 10:05:25 - [Cluster 0 - CLIENT] - INFO - Sent reply
2025-04-01 10:05:25 - [Cluster 0 - CLIENT] - INFO - 
2025-04-01 10:05:25 - [Cluster 0 - CLIENT] - INFO - Received: train message 3744e229-353f-4d0e-8efc-d1f00872c483
2025-04-01 10:05:25 - [Cluster 0 - CLIENT] - INFO - [Store 922] Starting local training.
2025-04-01 10:05:26 - [Cluster 0 - CLIENT] - INFO - [Store 65] Local training complete.
2025-04-01 10:05:26 - [Cluster 0 - CLIENT] - INFO - Sent reply
2025-04-01 10:05:26 - [Cluster 0 - CLIENT] - INFO - 
2025-04-01 10:05:26 - [Cluster 0 - CLIENT] - INFO - Received: train message 773569a7-f902-4135-8fd5-4d1f1b70a23c
2025-04-01 10:05:26 - [Cluster 0 - CLIENT] - INFO - [Store 201] Starting local training.
2025-04-01 10:05:26 - [Cluster 0 - CLIENT] - INFO - [Store 795] Local training complete.
2025-04-01 10:05:26 - [Cluster 0 - CLIENT] - INFO - Sent reply
2025-04-01 10:05:26 - [Cluster 0 - CLIENT] - INFO - 
2025-04-01 10:05:26 - [Cluster 0 - CLIENT] - INFO - Received: train message bcb8fe80-1637-4771-8e32-e8d7b68d3f54
2025-04-01 10:05:26 - [Cluster 0 - CLIENT] - INFO - [Store 730] Local training complete.
2025-04-01 10:05:26 - [Cluster 0 - CLIENT] - INFO - [Store 305] Starting local training.
2025-04-01 10:05:27 - [Cluster 0 - CLIENT] - INFO - Sent reply
2025-04-01 10:05:27 - [Cluster 0 - CLIENT] - INFO - 
2025-04-01 10:05:27 - [Cluster 0 - CLIENT] - INFO - Received: train message 3680ee47-aec7-486a-9743-1d9fee1a0af2
2025-04-01 10:05:27 - [Cluster 0 - CLIENT] - INFO - [Store 200] Starting local training.
2025-04-01 10:05:28 - [Cluster 0 - CLIENT] - INFO - [Store 77] Local training complete.
2025-04-01 10:05:28 - [Cluster 0 - CLIENT] - INFO - Sent reply
2025-04-01 10:05:28 - [Cluster 0 - CLIENT] - INFO - 
2025-04-01 10:05:28 - [Cluster 0 - CLIENT] - INFO - Received: train message 510262a3-ce44-4f2a-9cae-ca16151dbafd
2025-04-01 10:05:28 - [Cluster 0 - CLIENT] - INFO - [Store 554] Starting local training.
2025-04-01 10:05:28 - [Cluster 0 - CLIENT] - INFO - [Store 74] Local training complete.
2025-04-01 10:05:28 - [Cluster 0 - CLIENT] - INFO - [Store 1083] Local training complete.
2025-04-01 10:05:28 - [Cluster 0 - CLIENT] - INFO - Sent reply
2025-04-01 10:05:28 - [Cluster 0 - CLIENT] - INFO - 
2025-04-01 10:05:28 - [Cluster 0 - CLIENT] - INFO - Received: train message 9fa5e7ac-ba99-4318-af82-dfcc8f0e87aa
2025-04-01 10:05:28 - [Cluster 0 - CLIENT] - INFO - [Store 658] Starting local training.
2025-04-01 10:05:28 - [Cluster 0 - CLIENT] - INFO - Sent reply
2025-04-01 10:05:28 - [Cluster 0 - CLIENT] - INFO - 
2025-04-01 10:05:28 - [Cluster 0 - CLIENT] - INFO - Received: train message 808030ac-f5d2-46e8-8565-7279a5f8deda
2025-04-01 10:05:28 - [Cluster 0 - CLIENT] - INFO - [Store 718] Starting local training.
2025-04-01 10:05:33 - [Cluster 0 - CLIENT] - INFO - [Store 1042] Local training complete.
2025-04-01 10:05:34 - [Cluster 0 - CLIENT] - INFO - Sent reply
2025-04-01 10:05:34 - [Cluster 0 - CLIENT] - INFO - 
2025-04-01 10:05:34 - [Cluster 0 - CLIENT] - INFO - Received: train message 4748ba22-0df6-4bd6-a341-4133c8db3ea7
2025-04-01 10:05:34 - [Cluster 0 - CLIENT] - INFO - [Store 260] Starting local training.
2025-04-01 10:05:43 - [Cluster 0 - CLIENT] - INFO - [Store 410] Local training complete.
2025-04-01 10:05:43 - [Cluster 0 - CLIENT] - INFO - Sent reply
2025-04-01 10:05:43 - [Cluster 0 - CLIENT] - INFO - 
2025-04-01 10:05:43 - [Cluster 0 - CLIENT] - INFO - Received: train message 2bdedf2d-7bc1-4b1d-bd09-34512600b3e2
2025-04-01 10:05:43 - [Cluster 0 - CLIENT] - INFO - [Store 47] Starting local training.
2025-04-01 10:09:29 - [Cluster 0 - CLIENT] - INFO - [Store 628] Local training complete.
2025-04-01 10:09:30 - [Cluster 0 - CLIENT] - INFO - Sent reply
2025-04-01 10:09:30 - [Cluster 0 - CLIENT] - INFO - [Store 511] Local training complete.
2025-04-01 10:09:30 - [Cluster 0 - CLIENT] - INFO - Sent reply
2025-04-01 10:09:35 - [Cluster 0 - CLIENT] - INFO - [Store 857] Local training complete.
2025-04-01 10:09:35 - [Cluster 0 - CLIENT] - INFO - Sent reply
2025-04-01 10:09:36 - [Cluster 0 - CLIENT] - INFO - [Store 886] Local training complete.
2025-04-01 10:09:36 - [Cluster 0 - CLIENT] - INFO - [Store 554] Local training complete.
2025-04-01 10:09:36 - [Cluster 0 - CLIENT] - INFO - Sent reply
2025-04-01 10:09:36 - [Cluster 0 - CLIENT] - INFO - Sent reply
2025-04-01 10:09:36 - [Cluster 0 - CLIENT] - INFO - [Store 305] Local training complete.
2025-04-01 10:09:37 - [Cluster 0 - CLIENT] - INFO - Sent reply
2025-04-01 10:09:37 - [Cluster 0 - CLIENT] - INFO - [Store 254] Local training complete.
2025-04-01 10:09:37 - [Cluster 0 - CLIENT] - INFO - Sent reply
2025-04-01 10:09:37 - [Cluster 0 - CLIENT] - INFO - [Store 922] Local training complete.
2025-04-01 10:09:37 - [Cluster 0 - CLIENT] - INFO - [Store 200] Local training complete.
2025-04-01 10:09:37 - [Cluster 0 - CLIENT] - INFO - Sent reply
2025-04-01 10:09:38 - [Cluster 0 - CLIENT] - INFO - Sent reply
2025-04-01 10:09:38 - [Cluster 0 - CLIENT] - INFO - [Store 201] Local training complete.
2025-04-01 10:09:38 - [Cluster 0 - CLIENT] - INFO - Sent reply
2025-04-01 10:09:38 - [Cluster 0 - CLIENT] - INFO - [Store 718] Local training complete.
2025-04-01 10:09:38 - [Cluster 0 - CLIENT] - INFO - [Store 658] Local training complete.
2025-04-01 10:09:38 - [Cluster 0 - CLIENT] - INFO - Sent reply
2025-04-01 10:09:38 - [Cluster 0 - CLIENT] - INFO - Sent reply
2025-04-01 10:09:40 - [Cluster 0 - CLIENT] - INFO - [Store 55] Local training complete.
2025-04-01 10:09:40 - [Cluster 0 - CLIENT] - INFO - [Store 260] Local training complete.
2025-04-01 10:09:40 - [Cluster 0 - CLIENT] - INFO - Sent reply
2025-04-01 10:09:40 - [Cluster 0 - CLIENT] - INFO - Sent reply
2025-04-01 10:09:40 - [Cluster 0 - CLIENT] - INFO - [Store 47] Local training complete.
2025-04-01 10:09:40 - [Cluster 0 - CLIENT] - INFO - Sent reply
2025-04-01 10:09:40 - [Cluster 0 - CLIENT] - INFO - 
2025-04-01 10:09:40 - [Cluster 0 - CLIENT] - INFO - Received: evaluate message c85f7ca3-47b8-4d42-96c0-9e07a3ce5def
2025-04-01 10:09:40 - [Cluster 0 - CLIENT] - INFO - 
2025-04-01 10:09:40 - [Cluster 0 - CLIENT] - INFO - Received: evaluate message 2c49814f-eeb4-4c33-bb4c-5908c9610248
2025-04-01 10:09:40 - [Cluster 0 - CLIENT] - INFO - 
2025-04-01 10:09:40 - [Cluster 0 - CLIENT] - INFO - Received: evaluate message ae18d379-d079-4bfe-bfde-edb6b49b38af
2025-04-01 10:09:40 - [Cluster 0 - CLIENT] - INFO - 
2025-04-01 10:09:40 - [Cluster 0 - CLIENT] - INFO - Received: evaluate message b45acb83-94ad-482d-a229-21b624e3baae
2025-04-01 10:09:40 - [Cluster 0 - CLIENT] - INFO - 
2025-04-01 10:09:40 - [Cluster 0 - CLIENT] - INFO - Received: evaluate message 70d7738c-0e15-4c4f-97b7-0f1fd9681e43
2025-04-01 10:09:40 - [Cluster 0 - CLIENT] - INFO - 
2025-04-01 10:09:40 - [Cluster 0 - CLIENT] - INFO - Received: evaluate message 8279e262-a0f9-4cfb-b27f-19cc739ad453
2025-04-01 10:09:40 - [Cluster 0 - CLIENT] - INFO - 
2025-04-01 10:09:40 - [Cluster 0 - CLIENT] - INFO - Received: evaluate message 1dacde0e-facc-42dc-8f72-520000f0e374
2025-04-01 10:09:40 - [Cluster 0 - CLIENT] - INFO - 
2025-04-01 10:09:40 - [Cluster 0 - CLIENT] - INFO - Received: evaluate message b1c80b08-074e-40cc-8c84-d31d98a2ef89
2025-04-01 10:09:40 - [Cluster 0 - CLIENT] - INFO - 
2025-04-01 10:09:40 - [Cluster 0 - CLIENT] - INFO - Received: evaluate message ca228997-7dbb-4f78-aa41-2f7e2ca78530
2025-04-01 10:09:40 - [Cluster 0 - CLIENT] - INFO - 
2025-04-01 10:09:40 - [Cluster 0 - CLIENT] - INFO - 
2025-04-01 10:09:40 - [Cluster 0 - CLIENT] - INFO - Received: evaluate message a5f3260e-b357-4266-9227-7a6bd57aa789
2025-04-01 10:09:40 - [Cluster 0 - CLIENT] - INFO - Received: evaluate message 2b726aa7-ebd8-4bfe-9955-bce0971f04e8
2025-04-01 10:09:40 - [Cluster 0 - CLIENT] - INFO - 
2025-04-01 10:09:40 - [Cluster 0 - CLIENT] - INFO - Received: evaluate message 64474652-30bd-4e90-bc74-b68d51925b92
2025-04-01 10:09:40 - [Cluster 0 - CLIENT] - INFO - 
2025-04-01 10:09:40 - [Cluster 0 - CLIENT] - INFO - Received: evaluate message a2a795af-e298-49a4-be78-222a2aa8fdc8
2025-04-01 10:09:40 - [Cluster 0 - CLIENT] - INFO - 
2025-04-01 10:09:40 - [Cluster 0 - CLIENT] - INFO - Received: evaluate message 1afd05f1-8cd6-455c-8fef-36a730de4eec
2025-04-01 10:09:40 - [Cluster 0 - CLIENT] - INFO - 
2025-04-01 10:09:40 - [Cluster 0 - CLIENT] - INFO - Received: evaluate message 9b947f99-a791-4138-8dd7-a92428c7ffa4
2025-04-01 10:09:42 - [Cluster 0 - CLIENT] - INFO - [Store 201] Evaluation - Loss: 0.2899, MAE: 0.3571
2025-04-01 10:09:42 - [Cluster 0 - CLIENT] - INFO - Sent reply
2025-04-01 10:09:42 - [Cluster 0 - CLIENT] - INFO - 
2025-04-01 10:09:42 - [Cluster 0 - CLIENT] - INFO - Received: evaluate message a326ae5e-be54-45e9-a854-d0d9f33b2e2b
2025-04-01 10:09:42 - [Cluster 0 - CLIENT] - INFO - [Store 305] Evaluation - Loss: 0.4893, MAE: 0.5012
2025-04-01 10:09:42 - [Cluster 0 - CLIENT] - INFO - Sent reply
2025-04-01 10:09:42 - [Cluster 0 - CLIENT] - INFO - [Store 795] Evaluation - Loss: 0.2789, MAE: 0.3619
2025-04-01 10:09:42 - [Cluster 0 - CLIENT] - INFO - 
2025-04-01 10:09:42 - [Cluster 0 - CLIENT] - INFO - Sent reply
2025-04-01 10:09:42 - [Cluster 0 - CLIENT] - INFO - Received: evaluate message dac8e670-2e97-4b58-a191-01a440d559e9
2025-04-01 10:09:42 - [Cluster 0 - CLIENT] - INFO - [Store 55] Evaluation - Loss: 0.3133, MAE: 0.4168
2025-04-01 10:09:42 - [Cluster 0 - CLIENT] - INFO - Sent reply
2025-04-01 10:09:42 - [Cluster 0 - CLIENT] - INFO - [Store 77] Evaluation - Loss: 0.2528, MAE: 0.3227
2025-04-01 10:09:42 - [Cluster 0 - CLIENT] - INFO - Sent reply
2025-04-01 10:09:42 - [Cluster 0 - CLIENT] - INFO - [Store 305] Evaluation - Loss: 0.4893, MAE: 0.5012
2025-04-01 10:09:42 - [Cluster 0 - CLIENT] - INFO - [Store 718] Evaluation - Loss: 0.2151, MAE: 0.2698
2025-04-01 10:09:42 - [Cluster 0 - CLIENT] - INFO - Sent reply
2025-04-01 10:09:42 - [Cluster 0 - CLIENT] - INFO - Sent reply
2025-04-01 10:09:42 - [Cluster 0 - CLIENT] - INFO - 
2025-04-01 10:09:42 - [Cluster 0 - CLIENT] - INFO - Received: evaluate message 28f264fb-73ab-4498-bfd5-c7cb20ec75d1
2025-04-01 10:09:42 - [Cluster 0 - CLIENT] - INFO - [Store 260] Evaluation - Loss: 0.2169, MAE: 0.2966
2025-04-01 10:09:42 - [Cluster 0 - CLIENT] - INFO - Sent reply
2025-04-01 10:09:42 - [Cluster 0 - CLIENT] - INFO - [Store 886] Evaluation - Loss: 0.3360, MAE: 0.3871
2025-04-01 10:09:42 - [Cluster 0 - CLIENT] - INFO - 
2025-04-01 10:09:42 - [Cluster 0 - CLIENT] - INFO - Received: evaluate message 846c6e34-0448-4b48-8894-3f7834fb731e
2025-04-01 10:09:42 - [Cluster 0 - CLIENT] - INFO - [Store 1073] Evaluation - Loss: 1.4554, MAE: 0.8641
2025-04-01 10:09:42 - [Cluster 0 - CLIENT] - INFO - Sent reply
2025-04-01 10:09:42 - [Cluster 0 - CLIENT] - INFO - 
2025-04-01 10:09:42 - [Cluster 0 - CLIENT] - INFO - Received: evaluate message 1dadc996-e3a0-48bd-a92f-0ce85653cc59
2025-04-01 10:09:42 - [Cluster 0 - CLIENT] - INFO - Sent reply
2025-04-01 10:09:42 - [Cluster 0 - CLIENT] - INFO - [Store 47] Evaluation - Loss: 0.2685, MAE: 0.3269
2025-04-01 10:09:42 - [Cluster 0 - CLIENT] - INFO - 
2025-04-01 10:09:42 - [Cluster 0 - CLIENT] - INFO - Received: evaluate message 7eebd6d6-fa65-4422-9694-bd02d38aaec4
2025-04-01 10:09:42 - [Cluster 0 - CLIENT] - INFO - Sent reply
2025-04-01 10:09:42 - [Cluster 0 - CLIENT] - INFO - 
2025-04-01 10:09:42 - [Cluster 0 - CLIENT] - INFO - Received: evaluate message 8f9d887b-0158-4bdb-a11d-f27b0d320376
2025-04-01 10:09:42 - [Cluster 0 - CLIENT] - INFO - [Store 658] Evaluation - Loss: 0.1893, MAE: 0.2711
2025-04-01 10:09:42 - [Cluster 0 - CLIENT] - INFO - Sent reply
2025-04-01 10:09:42 - [Cluster 0 - CLIENT] - INFO - 
2025-04-01 10:09:42 - [Cluster 0 - CLIENT] - INFO - Received: evaluate message aaff3021-87cd-4bcc-a704-8795ca9e4d46
2025-04-01 10:09:42 - [Cluster 0 - CLIENT] - INFO - [Store 730] Evaluation - Loss: 0.1956, MAE: 0.2776
2025-04-01 10:09:42 - [Cluster 0 - CLIENT] - INFO - Sent reply
2025-04-01 10:09:42 - [Cluster 0 - CLIENT] - INFO - 
2025-04-01 10:09:42 - [Cluster 0 - CLIENT] - INFO - Received: evaluate message 86f568a0-0778-4e0b-9868-e42b7c1ab203
2025-04-01 10:09:42 - [Cluster 0 - CLIENT] - INFO - [Store 74] Evaluation - Loss: 0.2460, MAE: 0.2779
2025-04-01 10:09:42 - [Cluster 0 - CLIENT] - INFO - 
2025-04-01 10:09:42 - [Cluster 0 - CLIENT] - INFO - Received: evaluate message d7c3193e-6338-41e8-aa38-e8e238b93715
2025-04-01 10:09:42 - [Cluster 0 - CLIENT] - INFO - Sent reply
2025-04-01 10:09:42 - [Cluster 0 - CLIENT] - INFO - [Store 360] Evaluation - Loss: 0.2171, MAE: 0.2953
2025-04-01 10:09:42 - [Cluster 0 - CLIENT] - INFO - 
2025-04-01 10:09:42 - [Cluster 0 - CLIENT] - INFO - Received: evaluate message e3b8ba03-6cce-4873-aa0e-32c93e13a2d2
2025-04-01 10:09:42 - [Cluster 0 - CLIENT] - INFO - Sent reply
2025-04-01 10:09:42 - [Cluster 0 - CLIENT] - INFO - 
2025-04-01 10:09:42 - [Cluster 0 - CLIENT] - INFO - Received: evaluate message 41958dcf-1031-4130-acd4-80d5183e5f16
2025-04-01 10:09:42 - [Cluster 0 - CLIENT] - INFO - 
2025-04-01 10:09:42 - [Cluster 0 - CLIENT] - INFO - 
2025-04-01 10:09:42 - [Cluster 0 - CLIENT] - INFO - Received: evaluate message cdf1cb63-ca44-480e-8cd1-cf53f8331d5b
2025-04-01 10:09:42 - [Cluster 0 - CLIENT] - INFO - Received: evaluate message 53772dc0-cabb-4454-82a6-1868edfd55ca
2025-04-01 10:09:42 - [Cluster 0 - CLIENT] - INFO - 
2025-04-01 10:09:42 - [Cluster 0 - CLIENT] - INFO - Received: evaluate message 05ad188c-d7cb-4b5f-9113-20bd38cd9781
2025-04-01 10:09:43 - [Cluster 0 - CLIENT] - INFO - [Store 922] Evaluation - Loss: 0.2610, MAE: 0.3356
2025-04-01 10:09:43 - [Cluster 0 - CLIENT] - INFO - Sent reply
2025-04-01 10:09:43 - [Cluster 0 - CLIENT] - INFO - [Store 949] Evaluation - Loss: 0.2058, MAE: 0.3124
2025-04-01 10:09:43 - [Cluster 0 - CLIENT] - INFO - Sent reply
2025-04-01 10:09:43 - [Cluster 0 - CLIENT] - INFO - [Store 65] Evaluation - Loss: 0.2237, MAE: 0.3148
2025-04-01 10:09:43 - [Cluster 0 - CLIENT] - INFO - Sent reply
2025-04-01 10:09:43 - [Cluster 0 - CLIENT] - INFO - [Store 857] Evaluation - Loss: 0.3772, MAE: 0.4012
2025-04-01 10:09:43 - [Cluster 0 - CLIENT] - INFO - Sent reply
2025-04-01 10:09:43 - [Cluster 0 - CLIENT] - INFO - [Store 1099] Evaluation - Loss: 0.3266, MAE: 0.3957
2025-04-01 10:09:43 - [Cluster 0 - CLIENT] - INFO - [Store 254] Evaluation - Loss: 0.3268, MAE: 0.3843
2025-04-01 10:09:43 - [Cluster 0 - CLIENT] - INFO - Sent reply
2025-04-01 10:09:43 - [Cluster 0 - CLIENT] - INFO - Sent reply
2025-04-01 10:09:43 - [Cluster 0 - CLIENT] - INFO - [Store 554] Evaluation - Loss: 0.6110, MAE: 0.5818
2025-04-01 10:09:43 - [Cluster 0 - CLIENT] - INFO - Sent reply
2025-04-01 10:09:43 - [Cluster 0 - CLIENT] - INFO - [Store 410] Evaluation - Loss: 0.2945, MAE: 0.3635
2025-04-01 10:09:43 - [Cluster 0 - CLIENT] - INFO - Sent reply
2025-04-01 10:09:43 - [Cluster 0 - CLIENT] - INFO - [Store 511] Evaluation - Loss: 0.2549, MAE: 0.3291
2025-04-01 10:09:43 - [Cluster 0 - CLIENT] - INFO - Sent reply
2025-04-01 10:09:43 - [Cluster 0 - CLIENT] - INFO - [Store 200] Evaluation - Loss: 0.3060, MAE: 0.3319
2025-04-01 10:09:43 - [Cluster 0 - CLIENT] - INFO - [Store 1083] Evaluation - Loss: 0.4519, MAE: 0.4680
2025-04-01 10:09:43 - [Cluster 0 - CLIENT] - INFO - [Store 1042] Evaluation - Loss: 0.2944, MAE: 0.3305
2025-04-01 10:09:43 - [Cluster 0 - CLIENT] - INFO - Sent reply
2025-04-01 10:09:43 - [Cluster 0 - CLIENT] - INFO - Sent reply
2025-04-01 10:09:43 - [Cluster 0 - CLIENT] - INFO - Sent reply
2025-04-01 10:09:43 - [Cluster 0 - CLIENT] - INFO - [Store 628] Evaluation - Loss: 0.3076, MAE: 0.3439
2025-04-01 10:09:43 - [Cluster 0 - CLIENT] - INFO - Sent reply
2025-04-01 10:09:43 - [Cluster 0 - CLIENT] - INFO - [Store 440] Evaluation - Loss: 0.3702, MAE: 0.4078
2025-04-01 10:09:43 - [Cluster 0 - CLIENT] - INFO - Sent reply
2025-04-01 10:09:43 - [Cluster 0 - CLIENT] - INFO - [Store 105] Evaluation - Loss: 0.3383, MAE: 0.4270
2025-04-01 10:09:43 - [Cluster 0 - CLIENT] - INFO - Sent reply
2025-04-01 10:09:43 - [Cluster 0 - CLIENT] - INFO - 
2025-04-01 10:09:43 - [Cluster 0 - CLIENT] - INFO - Received: train message 0108912e-38a3-4f7d-826a-c09c7eeee170
2025-04-01 10:09:43 - [Cluster 0 - CLIENT] - INFO - [Store 105] Starting local training.
2025-04-01 10:09:43 - [Cluster 0 - CLIENT] - INFO - 
2025-04-01 10:09:43 - [Cluster 0 - CLIENT] - INFO - Received: train message 3a48c7cc-b4db-4b67-ade9-a2e27d3c99f7
2025-04-01 10:09:43 - [Cluster 0 - CLIENT] - INFO - 
2025-04-01 10:09:43 - [Cluster 0 - CLIENT] - INFO - Received: train message d90eed4a-44e3-47b3-a02e-757813ea225b
2025-04-01 10:09:43 - [Cluster 0 - CLIENT] - INFO - 
2025-04-01 10:09:43 - [Cluster 0 - CLIENT] - INFO - Received: train message 9d72ee04-8583-4c76-9a64-9db61c9858b4
2025-04-01 10:09:43 - [Cluster 0 - CLIENT] - INFO - 
2025-04-01 10:09:43 - [Cluster 0 - CLIENT] - INFO - Received: train message 3d969f53-d9d4-4ae0-897c-5f1cf310de65
2025-04-01 10:09:43 - [Cluster 0 - CLIENT] - INFO - 
2025-04-01 10:09:43 - [Cluster 0 - CLIENT] - INFO - Received: train message 839886f2-f1e7-4507-82ee-52065302b0f4
2025-04-01 10:09:43 - [Cluster 0 - CLIENT] - INFO - [Store 1083] Starting local training.
2025-04-01 10:09:43 - [Cluster 0 - CLIENT] - INFO - [Store 554] Starting local training.
2025-04-01 10:09:43 - [Cluster 0 - CLIENT] - INFO - 
2025-04-01 10:09:43 - [Cluster 0 - CLIENT] - INFO - Received: train message 7abae935-cbf1-462d-8e92-45d750b2d260
2025-04-01 10:09:43 - [Cluster 0 - CLIENT] - INFO - 
2025-04-01 10:09:43 - [Cluster 0 - CLIENT] - INFO - Received: train message 476bdbd0-1fe6-4313-816c-413338d0fe63
2025-04-01 10:09:43 - [Cluster 0 - CLIENT] - INFO - 
2025-04-01 10:09:43 - [Cluster 0 - CLIENT] - INFO - Received: train message f2f16708-2fce-47a1-9c8c-e475fee21fc6
2025-04-01 10:09:43 - [Cluster 0 - CLIENT] - INFO - 
2025-04-01 10:09:43 - [Cluster 0 - CLIENT] - INFO - Received: train message 362cbbb4-d11b-4cf4-8dd9-780264cd86aa
2025-04-01 10:09:43 - [Cluster 0 - CLIENT] - INFO - 
2025-04-01 10:09:43 - [Cluster 0 - CLIENT] - INFO - Received: train message 39ae10e1-3438-4ed7-8439-87bb1d10ff16
2025-04-01 10:09:43 - [Cluster 0 - CLIENT] - INFO - [Store 254] Starting local training.
2025-04-01 10:09:43 - [Cluster 0 - CLIENT] - INFO - 
2025-04-01 10:09:43 - [Cluster 0 - CLIENT] - INFO - Received: train message 4da6bd5a-1560-4ca1-be8b-9feb446c64e0
2025-04-01 10:09:43 - [Cluster 0 - CLIENT] - INFO - [Store 1099] Starting local training.
2025-04-01 10:09:43 - [Cluster 0 - CLIENT] - INFO - 
2025-04-01 10:09:43 - [Cluster 0 - CLIENT] - INFO - Received: train message 301765b4-3023-46e4-b042-3034931658b3
2025-04-01 10:09:43 - [Cluster 0 - CLIENT] - INFO - 
2025-04-01 10:09:43 - [Cluster 0 - CLIENT] - INFO - Received: train message ae67de10-1212-40b7-ad83-1c85dc40f3f4
2025-04-01 10:09:43 - [Cluster 0 - CLIENT] - INFO - [Store 886] Starting local training.
2025-04-01 10:09:43 - [Cluster 0 - CLIENT] - INFO - [Store 200] Starting local training.
2025-04-01 10:09:43 - [Cluster 0 - CLIENT] - INFO - [Store 305] Starting local training.
2025-04-01 10:09:43 - [Cluster 0 - CLIENT] - INFO - 
2025-04-01 10:09:43 - [Cluster 0 - CLIENT] - INFO - Received: train message 2927e963-5ecf-4434-97d8-98381fe9cde1
2025-04-01 10:09:43 - [Cluster 0 - CLIENT] - INFO - [Store 730] Starting local training.
2025-04-01 10:09:43 - [Cluster 0 - CLIENT] - INFO - [Store 1073] Starting local training.
2025-04-01 10:09:43 - [Cluster 0 - CLIENT] - INFO - [Store 1042] Starting local training.
2025-04-01 10:09:43 - [Cluster 0 - CLIENT] - INFO - [Store 360] Starting local training.
2025-04-01 10:09:43 - [Cluster 0 - CLIENT] - INFO - [Store 55] Starting local training.
2025-04-01 10:09:43 - [Cluster 0 - CLIENT] - INFO - [Store 795] Starting local training.
2025-04-01 10:09:43 - [Cluster 0 - CLIENT] - INFO - [Store 305] Starting local training.
2025-04-01 10:13:36 - [Cluster 0 - CLIENT] - INFO - [Store 1073] Local training complete.
2025-04-01 10:13:36 - [Cluster 0 - CLIENT] - INFO - Sent reply
2025-04-01 10:13:36 - [Cluster 0 - CLIENT] - INFO - 
2025-04-01 10:13:36 - [Cluster 0 - CLIENT] - INFO - Received: train message 5ebfb9a6-d20d-4525-b0dd-08995cfd04b0
2025-04-01 10:13:36 - [Cluster 0 - CLIENT] - INFO - [Store 628] Starting local training.
2025-04-01 10:13:36 - [Cluster 0 - CLIENT] - INFO - [Store 1083] Local training complete.
2025-04-01 10:13:36 - [Cluster 0 - CLIENT] - INFO - Sent reply
2025-04-01 10:13:36 - [Cluster 0 - CLIENT] - INFO - 
2025-04-01 10:13:36 - [Cluster 0 - CLIENT] - INFO - Received: train message 9866343e-c8c9-4ac1-8b50-63a1e7cd5779
2025-04-01 10:13:36 - [Cluster 0 - CLIENT] - INFO - [Store 440] Starting local training.
2025-04-01 10:13:38 - [Cluster 0 - CLIENT] - INFO - [Store 1099] Local training complete.
2025-04-01 10:13:38 - [Cluster 0 - CLIENT] - INFO - Sent reply
2025-04-01 10:13:39 - [Cluster 0 - CLIENT] - INFO - 
2025-04-01 10:13:39 - [Cluster 0 - CLIENT] - INFO - Received: train message db8710c2-4084-4f84-94c8-ee97b369c9e6
2025-04-01 10:13:39 - [Cluster 0 - CLIENT] - INFO - [Store 922] Starting local training.
2025-04-01 10:13:39 - [Cluster 0 - CLIENT] - INFO - [Store 55] Local training complete.
2025-04-01 10:13:39 - [Cluster 0 - CLIENT] - INFO - 
2025-04-01 10:13:39 - [Cluster 0 - CLIENT] - INFO - Received: train message 2c8f1761-9af1-4d98-9b3e-debc3119dd23
2025-04-01 10:13:39 - [Cluster 0 - CLIENT] - INFO - Sent reply
2025-04-01 10:13:39 - [Cluster 0 - CLIENT] - INFO - [Store 260] Starting local training.
2025-04-01 10:13:40 - [Cluster 0 - CLIENT] - INFO - [Store 795] Local training complete.
2025-04-01 10:13:40 - [Cluster 0 - CLIENT] - INFO - Sent reply
2025-04-01 10:13:40 - [Cluster 0 - CLIENT] - INFO - 
2025-04-01 10:13:40 - [Cluster 0 - CLIENT] - INFO - Received: train message 50eddcf9-19e3-4986-966d-4180573c7ffd
2025-04-01 10:13:40 - [Cluster 0 - CLIENT] - INFO - [Store 201] Starting local training.
2025-04-01 10:13:40 - [Cluster 0 - CLIENT] - INFO - [Store 730] Local training complete.
2025-04-01 10:13:40 - [Cluster 0 - CLIENT] - INFO - [Store 200] Local training complete.
2025-04-01 10:13:40 - [Cluster 0 - CLIENT] - INFO - Sent reply
2025-04-01 10:13:40 - [Cluster 0 - CLIENT] - INFO - 
2025-04-01 10:13:40 - [Cluster 0 - CLIENT] - INFO - Received: train message 0702439f-881f-4313-83f6-31c43a3ecbe3
2025-04-01 10:13:40 - [Cluster 0 - CLIENT] - INFO - [Store 857] Starting local training.
2025-04-01 10:13:40 - [Cluster 0 - CLIENT] - INFO - Sent reply
2025-04-01 10:13:40 - [Cluster 0 - CLIENT] - INFO - 
2025-04-01 10:13:40 - [Cluster 0 - CLIENT] - INFO - Received: train message fce59eec-361e-4871-9c08-ba10488f8527
2025-04-01 10:13:40 - [Cluster 0 - CLIENT] - INFO - [Store 718] Starting local training.
2025-04-01 10:13:41 - [Cluster 0 - CLIENT] - INFO - [Store 360] Local training complete.
2025-04-01 10:13:41 - [Cluster 0 - CLIENT] - INFO - Sent reply
2025-04-01 10:13:41 - [Cluster 0 - CLIENT] - INFO - 
2025-04-01 10:13:41 - [Cluster 0 - CLIENT] - INFO - Received: train message a6918f93-8c61-4af8-afb0-abcc135af26a
2025-04-01 10:13:41 - [Cluster 0 - CLIENT] - INFO - [Store 74] Starting local training.
2025-04-01 10:13:41 - [Cluster 0 - CLIENT] - INFO - [Store 305] Local training complete.
2025-04-01 10:13:41 - [Cluster 0 - CLIENT] - INFO - Sent reply
2025-04-01 10:13:41 - [Cluster 0 - CLIENT] - INFO - 
2025-04-01 10:13:41 - [Cluster 0 - CLIENT] - INFO - Received: train message 70ffb762-981c-48f6-8159-c9cf73529711
2025-04-01 10:13:41 - [Cluster 0 - CLIENT] - INFO - [Store 410] Starting local training.
2025-04-01 10:13:41 - [Cluster 0 - CLIENT] - INFO - [Store 105] Local training complete.
2025-04-01 10:13:41 - [Cluster 0 - CLIENT] - INFO - Sent reply
2025-04-01 10:13:41 - [Cluster 0 - CLIENT] - INFO - 
2025-04-01 10:13:41 - [Cluster 0 - CLIENT] - INFO - Received: train message 4b6b99b1-4fda-4e93-b087-67812a0057bc
2025-04-01 10:13:42 - [Cluster 0 - CLIENT] - INFO - [Store 47] Starting local training.
2025-04-01 10:13:44 - [Cluster 0 - CLIENT] - INFO - [Store 305] Local training complete.
2025-04-01 10:13:44 - [Cluster 0 - CLIENT] - INFO - Sent reply
2025-04-01 10:13:44 - [Cluster 0 - CLIENT] - INFO - 
2025-04-01 10:13:44 - [Cluster 0 - CLIENT] - INFO - Received: train message aee7a52a-b77a-4cd6-9f32-150e7a45dc37
2025-04-01 10:13:44 - [Cluster 0 - CLIENT] - INFO - [Store 77] Starting local training.
2025-04-01 10:13:45 - [Cluster 0 - CLIENT] - INFO - [Store 1042] Local training complete.
2025-04-01 10:13:45 - [Cluster 0 - CLIENT] - INFO - Sent reply
2025-04-01 10:13:45 - [Cluster 0 - CLIENT] - INFO - 
2025-04-01 10:13:45 - [Cluster 0 - CLIENT] - INFO - Received: train message fa2799b7-e61c-4fb1-b5c5-b96401593ab1
2025-04-01 10:13:45 - [Cluster 0 - CLIENT] - INFO - [Store 511] Starting local training.
2025-04-01 10:13:47 - [Cluster 0 - CLIENT] - INFO - [Store 254] Local training complete.
2025-04-01 10:13:48 - [Cluster 0 - CLIENT] - INFO - Sent reply
2025-04-01 10:13:48 - [Cluster 0 - CLIENT] - INFO - 
2025-04-01 10:13:48 - [Cluster 0 - CLIENT] - INFO - Received: train message 0243dfd6-06b7-4d4b-82a8-9451f876da05
2025-04-01 10:13:48 - [Cluster 0 - CLIENT] - INFO - [Store 65] Starting local training.
2025-04-01 10:13:48 - [Cluster 0 - CLIENT] - INFO - [Store 886] Local training complete.
2025-04-01 10:13:48 - [Cluster 0 - CLIENT] - INFO - Sent reply
2025-04-01 10:13:48 - [Cluster 0 - CLIENT] - INFO - 
2025-04-01 10:13:48 - [Cluster 0 - CLIENT] - INFO - Received: train message f6a44399-e1bc-4b1e-96ee-8502e9770069
2025-04-01 10:13:48 - [Cluster 0 - CLIENT] - INFO - [Store 658] Starting local training.
2025-04-01 10:14:02 - [Cluster 0 - CLIENT] - INFO - [Store 554] Local training complete.
2025-04-01 10:14:02 - [Cluster 0 - CLIENT] - INFO - Sent reply
2025-04-01 10:14:02 - [Cluster 0 - CLIENT] - INFO - 
2025-04-01 10:14:02 - [Cluster 0 - CLIENT] - INFO - Received: train message 3cb9ab4b-83d3-4556-bb9c-c74053c8111b
2025-04-01 10:14:02 - [Cluster 0 - CLIENT] - INFO - [Store 949] Starting local training.
2025-04-01 10:17:38 - [Cluster 0 - CLIENT] - INFO - [Store 922] Local training complete.
2025-04-01 10:17:38 - [Cluster 0 - CLIENT] - INFO - Sent reply
2025-04-01 10:17:42 - [Cluster 0 - CLIENT] - INFO - [Store 440] Local training complete.
2025-04-01 10:17:42 - [Cluster 0 - CLIENT] - INFO - Sent reply
2025-04-01 10:17:44 - [Cluster 0 - CLIENT] - INFO - [Store 628] Local training complete.
2025-04-01 10:17:44 - [Cluster 0 - CLIENT] - INFO - Sent reply
2025-04-01 10:17:45 - [Cluster 0 - CLIENT] - INFO - [Store 718] Local training complete.
2025-04-01 10:17:45 - [Cluster 0 - CLIENT] - INFO - Sent reply
2025-04-01 10:17:45 - [Cluster 0 - CLIENT] - INFO - [Store 511] Local training complete.
2025-04-01 10:17:45 - [Cluster 0 - CLIENT] - INFO - Sent reply
2025-04-01 10:17:46 - [Cluster 0 - CLIENT] - INFO - [Store 201] Local training complete.
2025-04-01 10:17:46 - [Cluster 0 - CLIENT] - INFO - Sent reply
2025-04-01 10:17:46 - [Cluster 0 - CLIENT] - INFO - [Store 77] Local training complete.
2025-04-01 10:17:46 - [Cluster 0 - CLIENT] - INFO - Sent reply
2025-04-01 10:17:46 - [Cluster 0 - CLIENT] - INFO - [Store 260] Local training complete.
2025-04-01 10:17:46 - [Cluster 0 - CLIENT] - INFO - Sent reply
2025-04-01 10:17:46 - [Cluster 0 - CLIENT] - INFO - [Store 857] Local training complete.
2025-04-01 10:17:46 - [Cluster 0 - CLIENT] - INFO - Sent reply
2025-04-01 10:17:47 - [Cluster 0 - CLIENT] - INFO - [Store 65] Local training complete.
2025-04-01 10:17:47 - [Cluster 0 - CLIENT] - INFO - Sent reply
2025-04-01 10:17:47 - [Cluster 0 - CLIENT] - INFO - [Store 410] Local training complete.
2025-04-01 10:17:47 - [Cluster 0 - CLIENT] - INFO - Sent reply
2025-04-01 10:17:48 - [Cluster 0 - CLIENT] - INFO - [Store 658] Local training complete.
2025-04-01 10:17:48 - [Cluster 0 - CLIENT] - INFO - Sent reply
2025-04-01 10:17:49 - [Cluster 0 - CLIENT] - INFO - [Store 47] Local training complete.
2025-04-01 10:17:49 - [Cluster 0 - CLIENT] - INFO - Sent reply
2025-04-01 10:17:49 - [Cluster 0 - CLIENT] - INFO - [Store 74] Local training complete.
2025-04-01 10:17:49 - [Cluster 0 - CLIENT] - INFO - Sent reply
2025-04-01 10:17:50 - [Cluster 0 - CLIENT] - INFO - [Store 949] Local training complete.
2025-04-01 10:17:50 - [Cluster 0 - CLIENT] - INFO - Sent reply
2025-04-01 10:17:50 - [Cluster 0 - CLIENT] - INFO - 
2025-04-01 10:17:50 - [Cluster 0 - CLIENT] - INFO - Received: evaluate message dfb7e8ae-90f4-47b6-afe9-613ccfdc06e5
2025-04-01 10:17:50 - [Cluster 0 - CLIENT] - INFO - 
2025-04-01 10:17:50 - [Cluster 0 - CLIENT] - INFO - Received: evaluate message bc34b660-52fc-471b-a4de-89bcaa393a4e
2025-04-01 10:17:50 - [Cluster 0 - CLIENT] - INFO - 
2025-04-01 10:17:50 - [Cluster 0 - CLIENT] - INFO - Received: evaluate message 98e79635-d035-4356-af14-899bc89f7dfb
2025-04-01 10:17:50 - [Cluster 0 - CLIENT] - INFO - 
2025-04-01 10:17:50 - [Cluster 0 - CLIENT] - INFO - Received: evaluate message c13793cc-a06e-437e-af4c-7b30b97e3767
2025-04-01 10:17:50 - [Cluster 0 - CLIENT] - INFO - 
2025-04-01 10:17:50 - [Cluster 0 - CLIENT] - INFO - Received: evaluate message 22ccbac3-6b15-4455-96e1-4ef5d5969090
2025-04-01 10:17:50 - [Cluster 0 - CLIENT] - INFO - 
2025-04-01 10:17:50 - [Cluster 0 - CLIENT] - INFO - Received: evaluate message e311702f-1053-4fa9-8d1b-ae844e9a31ce
2025-04-01 10:17:50 - [Cluster 0 - CLIENT] - INFO - 
2025-04-01 10:17:50 - [Cluster 0 - CLIENT] - INFO - Received: evaluate message c99fb5e2-0515-4c60-a7c6-08c1050c73ac
2025-04-01 10:17:50 - [Cluster 0 - CLIENT] - INFO - 
2025-04-01 10:17:50 - [Cluster 0 - CLIENT] - INFO - Received: evaluate message e083c930-789a-4931-917e-836c98e8b6b2
2025-04-01 10:17:50 - [Cluster 0 - CLIENT] - INFO - 
2025-04-01 10:17:50 - [Cluster 0 - CLIENT] - INFO - Received: evaluate message 63b81ce2-1d90-4db5-b2a8-91dddf0039c3
2025-04-01 10:17:50 - [Cluster 0 - CLIENT] - INFO - 
2025-04-01 10:17:50 - [Cluster 0 - CLIENT] - INFO - Received: evaluate message 3c0a38cc-394a-4c4d-b776-30836ca41ced
2025-04-01 10:17:50 - [Cluster 0 - CLIENT] - INFO - 
2025-04-01 10:17:50 - [Cluster 0 - CLIENT] - INFO - Received: evaluate message 7fc3efc7-bd96-4507-95b7-9d40986c11c7
2025-04-01 10:17:50 - [Cluster 0 - CLIENT] - INFO - 
2025-04-01 10:17:50 - [Cluster 0 - CLIENT] - INFO - Received: evaluate message 2da1acb4-f2bc-4a60-843a-ccb7c1a8a84d
2025-04-01 10:17:50 - [Cluster 0 - CLIENT] - INFO - 
2025-04-01 10:17:50 - [Cluster 0 - CLIENT] - INFO - Received: evaluate message e32449a7-fb7b-46d3-be58-595b8bad7657
2025-04-01 10:17:50 - [Cluster 0 - CLIENT] - INFO - 
2025-04-01 10:17:50 - [Cluster 0 - CLIENT] - INFO - Received: evaluate message 43a717eb-82e5-48f6-8c23-b3432802b04c
2025-04-01 10:17:50 - [Cluster 0 - CLIENT] - INFO - 
2025-04-01 10:17:50 - [Cluster 0 - CLIENT] - INFO - Received: evaluate message 3a8863fc-aa24-4bc1-a24a-5f7cb10f0607
2025-04-01 10:17:51 - [Cluster 0 - CLIENT] - INFO - [Store 628] Evaluation - Loss: 0.3108, MAE: 0.3452
2025-04-01 10:17:51 - [Cluster 0 - CLIENT] - INFO - Sent reply
2025-04-01 10:17:51 - [Cluster 0 - CLIENT] - INFO - 
2025-04-01 10:17:51 - [Cluster 0 - CLIENT] - INFO - Received: evaluate message 4d7aee0f-931f-40cd-bdbd-5782f15b32d8
2025-04-01 10:17:51 - [Cluster 0 - CLIENT] - INFO - [Store 1083] Evaluation - Loss: 0.4988, MAE: 0.5025
2025-04-01 10:17:51 - [Cluster 0 - CLIENT] - INFO - [Store 260] Evaluation - Loss: 0.2205, MAE: 0.3071
2025-04-01 10:17:51 - [Cluster 0 - CLIENT] - INFO - Sent reply
2025-04-01 10:17:51 - [Cluster 0 - CLIENT] - INFO - Sent reply
2025-04-01 10:17:51 - [Cluster 0 - CLIENT] - INFO - 
2025-04-01 10:17:51 - [Cluster 0 - CLIENT] - INFO - Received: evaluate message c377adf2-e6bb-41a9-8670-a3ccf3a204e2
2025-04-01 10:17:51 - [Cluster 0 - CLIENT] - INFO - 
2025-04-01 10:17:51 - [Cluster 0 - CLIENT] - INFO - Received: evaluate message fbd3bb50-209b-4835-b520-08509eb6d3c6
2025-04-01 10:17:51 - [Cluster 0 - CLIENT] - INFO - [Store 511] Evaluation - Loss: 0.2693, MAE: 0.3430
2025-04-01 10:17:51 - [Cluster 0 - CLIENT] - INFO - Sent reply
2025-04-01 10:17:51 - [Cluster 0 - CLIENT] - INFO - [Store 949] Evaluation - Loss: 0.2054, MAE: 0.3107
2025-04-01 10:17:51 - [Cluster 0 - CLIENT] - INFO - Sent reply
2025-04-01 10:17:51 - [Cluster 0 - CLIENT] - INFO - [Store 1099] Evaluation - Loss: 0.3260, MAE: 0.3923
2025-04-01 10:17:51 - [Cluster 0 - CLIENT] - INFO - [Store 65] Evaluation - Loss: 0.2208, MAE: 0.3107
2025-04-01 10:17:51 - [Cluster 0 - CLIENT] - INFO - Sent reply
2025-04-01 10:17:51 - [Cluster 0 - CLIENT] - INFO - Sent reply
2025-04-01 10:17:51 - [Cluster 0 - CLIENT] - INFO - [Store 201] Evaluation - Loss: 0.2883, MAE: 0.3614
2025-04-01 10:17:51 - [Cluster 0 - CLIENT] - INFO - Sent reply
2025-04-01 10:17:51 - [Cluster 0 - CLIENT] - INFO - 
2025-04-01 10:17:51 - [Cluster 0 - CLIENT] - INFO - Received: evaluate message 384b2875-c6b3-46ae-b2d6-41a0985b12c3
2025-04-01 10:17:51 - [Cluster 0 - CLIENT] - INFO - 
2025-04-01 10:17:51 - [Cluster 0 - CLIENT] - INFO - Received: evaluate message 89f6ff91-9460-427f-a40f-624b7d223d90
2025-04-01 10:17:51 - [Cluster 0 - CLIENT] - INFO - [Store 55] Evaluation - Loss: 0.3388, MAE: 0.4304
2025-04-01 10:17:51 - [Cluster 0 - CLIENT] - INFO - Sent reply
2025-04-01 10:17:51 - [Cluster 0 - CLIENT] - INFO - 
2025-04-01 10:17:51 - [Cluster 0 - CLIENT] - INFO - Received: evaluate message 1464fac5-5aa6-412f-9c9c-3349a1d17262
2025-04-01 10:17:51 - [Cluster 0 - CLIENT] - INFO - 
2025-04-01 10:17:51 - [Cluster 0 - CLIENT] - INFO - Received: evaluate message 868fc622-db41-4267-ba5a-3df7204abaab
2025-04-01 10:17:51 - [Cluster 0 - CLIENT] - INFO - 
2025-04-01 10:17:51 - [Cluster 0 - CLIENT] - INFO - Received: evaluate message 78c0ca57-acbf-46d8-9819-021829ea4964
2025-04-01 10:17:51 - [Cluster 0 - CLIENT] - INFO - 
2025-04-01 10:17:51 - [Cluster 0 - CLIENT] - INFO - Received: evaluate message 4fa0f5fc-3c19-4e39-90f2-48277b560f61
2025-04-01 10:17:51 - [Cluster 0 - CLIENT] - INFO - [Store 305] Evaluation - Loss: 0.5360, MAE: 0.5291
2025-04-01 10:17:51 - [Cluster 0 - CLIENT] - INFO - Sent reply
2025-04-01 10:17:51 - [Cluster 0 - CLIENT] - INFO - [Store 200] Evaluation - Loss: 0.3161, MAE: 0.3432
2025-04-01 10:17:51 - [Cluster 0 - CLIENT] - INFO - Sent reply
2025-04-01 10:17:51 - [Cluster 0 - CLIENT] - INFO - 
2025-04-01 10:17:51 - [Cluster 0 - CLIENT] - INFO - Received: evaluate message 58079662-3fd9-4034-8970-e0cf8fc75510
2025-04-01 10:17:51 - [Cluster 0 - CLIENT] - INFO - 
2025-04-01 10:17:51 - [Cluster 0 - CLIENT] - INFO - Received: evaluate message b09c8fbd-bd28-47f2-b9d8-0cf449132c43
2025-04-01 10:17:51 - [Cluster 0 - CLIENT] - INFO - [Store 440] Evaluation - Loss: 0.3920, MAE: 0.4206
2025-04-01 10:17:51 - [Cluster 0 - CLIENT] - INFO - Sent reply
2025-04-01 10:17:51 - [Cluster 0 - CLIENT] - INFO - [Store 554] Evaluation - Loss: 0.6979, MAE: 0.6255
2025-04-01 10:17:51 - [Cluster 0 - CLIENT] - INFO - Sent reply
2025-04-01 10:17:51 - [Cluster 0 - CLIENT] - INFO - 
2025-04-01 10:17:51 - [Cluster 0 - CLIENT] - INFO - Received: evaluate message 06396721-9bb1-4c25-9fc5-5a0065addbe3
2025-04-01 10:17:52 - [Cluster 0 - CLIENT] - INFO - 
2025-04-01 10:17:52 - [Cluster 0 - CLIENT] - INFO - Received: evaluate message 2297ac3f-2c5d-467e-8cbb-153e05293832
2025-04-01 10:17:52 - [Cluster 0 - CLIENT] - INFO - [Store 254] Evaluation - Loss: 0.3366, MAE: 0.3976
2025-04-01 10:17:52 - [Cluster 0 - CLIENT] - INFO - Sent reply
2025-04-01 10:17:52 - [Cluster 0 - CLIENT] - INFO - 
2025-04-01 10:17:52 - [Cluster 0 - CLIENT] - INFO - Received: evaluate message 0a8371d9-7459-4edb-b5c3-2068e364fd36
2025-04-01 10:17:52 - [Cluster 0 - CLIENT] - INFO - [Store 886] Evaluation - Loss: 0.3476, MAE: 0.3962
2025-04-01 10:17:52 - [Cluster 0 - CLIENT] - INFO - Sent reply
2025-04-01 10:17:52 - [Cluster 0 - CLIENT] - INFO - 
2025-04-01 10:17:52 - [Cluster 0 - CLIENT] - INFO - Received: evaluate message 1e28b321-b536-414d-a639-4621c82bedfa
2025-04-01 10:17:52 - [Cluster 0 - CLIENT] - INFO - [Store 857] Evaluation - Loss: 0.4009, MAE: 0.4250
2025-04-01 10:17:52 - [Cluster 0 - CLIENT] - INFO - Sent reply
2025-04-01 10:17:52 - [Cluster 0 - CLIENT] - INFO - [Store 658] Evaluation - Loss: 0.1824, MAE: 0.2645
2025-04-01 10:17:52 - [Cluster 0 - CLIENT] - INFO - Sent reply
2025-04-01 10:17:53 - [Cluster 0 - CLIENT] - INFO - [Store 77] Evaluation - Loss: 0.2673, MAE: 0.3398
2025-04-01 10:17:53 - [Cluster 0 - CLIENT] - INFO - Sent reply
2025-04-01 10:17:53 - [Cluster 0 - CLIENT] - INFO - [Store 410] Evaluation - Loss: 0.2982, MAE: 0.3702
2025-04-01 10:17:53 - [Cluster 0 - CLIENT] - INFO - Sent reply
2025-04-01 10:17:53 - [Cluster 0 - CLIENT] - INFO - [Store 922] Evaluation - Loss: 0.2681, MAE: 0.3438
2025-04-01 10:17:53 - [Cluster 0 - CLIENT] - INFO - Sent reply
2025-04-01 10:17:53 - [Cluster 0 - CLIENT] - INFO - [Store 730] Evaluation - Loss: 0.1855, MAE: 0.2703
2025-04-01 10:17:53 - [Cluster 0 - CLIENT] - INFO - Sent reply
2025-04-01 10:17:53 - [Cluster 0 - CLIENT] - INFO - [Store 74] Evaluation - Loss: 0.2450, MAE: 0.2807
2025-04-01 10:17:53 - [Cluster 0 - CLIENT] - INFO - [Store 47] Evaluation - Loss: 0.2926, MAE: 0.3481
2025-04-01 10:17:53 - [Cluster 0 - CLIENT] - INFO - Sent reply
2025-04-01 10:17:53 - [Cluster 0 - CLIENT] - INFO - Sent reply
2025-04-01 10:17:53 - [Cluster 0 - CLIENT] - INFO - [Store 718] Evaluation - Loss: 0.2172, MAE: 0.2805
2025-04-01 10:17:53 - [Cluster 0 - CLIENT] - INFO - Sent reply
2025-04-01 10:17:53 - [Cluster 0 - CLIENT] - INFO - [Store 105] Evaluation - Loss: 0.3550, MAE: 0.4355
2025-04-01 10:17:53 - [Cluster 0 - CLIENT] - INFO - [Store 1073] Evaluation - Loss: 1.7769, MAE: 0.9457
2025-04-01 10:17:53 - [Cluster 0 - CLIENT] - INFO - Sent reply
2025-04-01 10:17:53 - [Cluster 0 - CLIENT] - INFO - Sent reply
2025-04-01 10:17:53 - [Cluster 0 - CLIENT] - INFO - [Store 360] Evaluation - Loss: 0.2226, MAE: 0.3025
2025-04-01 10:17:53 - [Cluster 0 - CLIENT] - INFO - Sent reply
2025-04-01 10:17:53 - [Cluster 0 - CLIENT] - INFO - [Store 795] Evaluation - Loss: 0.2745, MAE: 0.3600
2025-04-01 10:17:53 - [Cluster 0 - CLIENT] - INFO - Sent reply
2025-04-01 10:17:53 - [Cluster 0 - CLIENT] - INFO - [Store 1042] Evaluation - Loss: 0.2898, MAE: 0.3288
2025-04-01 10:17:53 - [Cluster 0 - CLIENT] - INFO - Sent reply
2025-04-01 10:17:53 - [Cluster 0 - CLIENT] - INFO - [Store 305] Evaluation - Loss: 0.5360, MAE: 0.5291
2025-04-01 10:17:53 - [Cluster 0 - CLIENT] - INFO - Sent reply
2025-04-01 10:17:53 - [Cluster 0 - CLIENT] - INFO - 
2025-04-01 10:17:53 - [Cluster 0 - CLIENT] - INFO - Received: train message aa6af40c-2caf-4ea7-be2c-0451969d7355
2025-04-01 10:17:53 - [Cluster 0 - CLIENT] - INFO - 
2025-04-01 10:17:53 - [Cluster 0 - CLIENT] - INFO - Received: train message e9fa3caa-8e84-4c5c-b8c6-e3060f3093b5
2025-04-01 10:17:53 - [Cluster 0 - CLIENT] - INFO - [Store 1042] Starting local training.
2025-04-01 10:17:53 - [Cluster 0 - CLIENT] - INFO - 
2025-04-01 10:17:53 - [Cluster 0 - CLIENT] - INFO - Received: train message ee142c0c-ae4d-4a68-884a-9d9e3682e7fa
2025-04-01 10:17:53 - [Cluster 0 - CLIENT] - INFO - 
2025-04-01 10:17:53 - [Cluster 0 - CLIENT] - INFO - Received: train message 0c8a80a6-3767-4aba-afc7-84f515c5bd4c
2025-04-01 10:17:53 - [Cluster 0 - CLIENT] - INFO - 
2025-04-01 10:17:53 - [Cluster 0 - CLIENT] - INFO - Received: train message b80b7ced-3df2-478a-b5df-821b2e76e2d0
2025-04-01 10:17:53 - [Cluster 0 - CLIENT] - INFO - 
2025-04-01 10:17:53 - [Cluster 0 - CLIENT] - INFO - Received: train message 554c7e8f-573f-4548-9967-69c24b1a5043
2025-04-01 10:17:53 - [Cluster 0 - CLIENT] - INFO - [Store 410] Starting local training.
2025-04-01 10:17:53 - [Cluster 0 - CLIENT] - INFO - 
2025-04-01 10:17:53 - [Cluster 0 - CLIENT] - INFO - Received: train message d79426a0-4843-4487-a209-e850534feac9
2025-04-01 10:17:53 - [Cluster 0 - CLIENT] - INFO - 
2025-04-01 10:17:53 - [Cluster 0 - CLIENT] - INFO - Received: train message 1d4b6846-d77f-46fd-9161-6f4b27a37f91
2025-04-01 10:17:53 - [Cluster 0 - CLIENT] - INFO - [Store 1073] Starting local training.
2025-04-01 10:17:53 - [Cluster 0 - CLIENT] - INFO - 
2025-04-01 10:17:53 - [Cluster 0 - CLIENT] - INFO - Received: train message 37746ad8-7359-4ff4-ac15-76c0eca637ba
2025-04-01 10:17:53 - [Cluster 0 - CLIENT] - INFO - [Store 254] Starting local training.
2025-04-01 10:17:53 - [Cluster 0 - CLIENT] - INFO - [Store 47] Starting local training.
2025-04-01 10:17:53 - [Cluster 0 - CLIENT] - INFO - 
2025-04-01 10:17:53 - [Cluster 0 - CLIENT] - INFO - Received: train message 7a43d8ae-552e-41da-8cf3-3e968069cd80
2025-04-01 10:17:53 - [Cluster 0 - CLIENT] - INFO - 
2025-04-01 10:17:53 - [Cluster 0 - CLIENT] - INFO - Received: train message 5af0340f-366f-4663-abbe-cbc0d14ffc92
2025-04-01 10:17:53 - [Cluster 0 - CLIENT] - INFO - 
2025-04-01 10:17:53 - [Cluster 0 - CLIENT] - INFO - Received: train message fbfce78f-5c2e-4af9-b589-b6b043551c44
2025-04-01 10:17:53 - [Cluster 0 - CLIENT] - INFO - [Store 718] Starting local training.
2025-04-01 10:17:53 - [Cluster 0 - CLIENT] - INFO - [Store 795] Starting local training.
2025-04-01 10:17:53 - [Cluster 0 - CLIENT] - INFO - [Store 922] Starting local training.
2025-04-01 10:17:53 - [Cluster 0 - CLIENT] - INFO - 
2025-04-01 10:17:53 - [Cluster 0 - CLIENT] - INFO - Received: train message d4ef1d55-59ba-44e6-9962-c515612e5092
2025-04-01 10:17:53 - [Cluster 0 - CLIENT] - INFO - 
2025-04-01 10:17:53 - [Cluster 0 - CLIENT] - INFO - Received: train message 848d4317-8564-4d5c-9272-0f00f3b7efcd
2025-04-01 10:17:53 - [Cluster 0 - CLIENT] - INFO - 
2025-04-01 10:17:53 - [Cluster 0 - CLIENT] - INFO - Received: train message 1fad6061-06d2-4e79-a2e4-0055ec0c9455
2025-04-01 10:17:53 - [Cluster 0 - CLIENT] - INFO - [Store 77] Starting local training.
2025-04-01 10:17:53 - [Cluster 0 - CLIENT] - INFO - [Store 201] Starting local training.
2025-04-01 10:17:53 - [Cluster 0 - CLIENT] - INFO - [Store 886] Starting local training.
2025-04-01 10:17:53 - [Cluster 0 - CLIENT] - INFO - [Store 305] Starting local training.
2025-04-01 10:17:53 - [Cluster 0 - CLIENT] - INFO - [Store 65] Starting local training.
2025-04-01 10:17:53 - [Cluster 0 - CLIENT] - INFO - [Store 260] Starting local training.
2025-04-01 10:17:53 - [Cluster 0 - CLIENT] - INFO - [Store 55] Starting local training.
2025-04-01 10:22:17 - [Cluster 0 - CLIENT] - INFO - [Store 47] Local training complete.
2025-04-01 10:22:17 - [Cluster 0 - CLIENT] - INFO - Sent reply
2025-04-01 10:22:17 - [Cluster 0 - CLIENT] - INFO - 
2025-04-01 10:22:17 - [Cluster 0 - CLIENT] - INFO - Received: train message dded5dd8-9a4e-4cf0-ad57-fe1f155d36f6
2025-04-01 10:22:17 - [Cluster 0 - CLIENT] - INFO - [Store 1099] Starting local training.
2025-04-01 10:22:20 - [Cluster 0 - CLIENT] - INFO - [Store 1073] Local training complete.
2025-04-01 10:22:20 - [Cluster 0 - CLIENT] - INFO - [Store 886] Local training complete.
2025-04-01 10:22:20 - [Cluster 0 - CLIENT] - INFO - Sent reply
2025-04-01 10:22:20 - [Cluster 0 - CLIENT] - INFO - 
2025-04-01 10:22:20 - [Cluster 0 - CLIENT] - INFO - Received: train message 2ced78b0-5fb5-436f-b16a-9babef318f2e
2025-04-01 10:22:20 - [Cluster 0 - CLIENT] - INFO - Sent reply
2025-04-01 10:22:20 - [Cluster 0 - CLIENT] - INFO - [Store 1083] Starting local training.
2025-04-01 10:22:20 - [Cluster 0 - CLIENT] - INFO - 
2025-04-01 10:22:20 - [Cluster 0 - CLIENT] - INFO - Received: train message 0ab731c6-0432-428f-b21b-1dd39dd01e38
2025-04-01 10:22:20 - [Cluster 0 - CLIENT] - INFO - [Store 658] Starting local training.
2025-04-01 10:22:21 - [Cluster 0 - CLIENT] - INFO - [Store 260] Local training complete.
2025-04-01 10:22:21 - [Cluster 0 - CLIENT] - INFO - Sent reply
2025-04-01 10:22:21 - [Cluster 0 - CLIENT] - INFO - 
2025-04-01 10:22:21 - [Cluster 0 - CLIENT] - INFO - Received: train message c4dfe179-4f88-4749-ab7e-f95658ec6f20
2025-04-01 10:22:21 - [Cluster 0 - CLIENT] - INFO - [Store 305] Starting local training.
2025-04-01 10:22:22 - [Cluster 0 - CLIENT] - INFO - [Store 55] Local training complete.
2025-04-01 10:22:22 - [Cluster 0 - CLIENT] - INFO - Sent reply
2025-04-01 10:22:22 - [Cluster 0 - CLIENT] - INFO - [Store 795] Local training complete.
2025-04-01 10:22:22 - [Cluster 0 - CLIENT] - INFO - 
2025-04-01 10:22:22 - [Cluster 0 - CLIENT] - INFO - Received: train message 752cb93b-5d23-4d74-8382-b7002b7fc881
2025-04-01 10:22:22 - [Cluster 0 - CLIENT] - INFO - Sent reply
2025-04-01 10:22:22 - [Cluster 0 - CLIENT] - INFO - 
2025-04-01 10:22:22 - [Cluster 0 - CLIENT] - INFO - Received: train message 3c8103af-6d61-4026-9e2f-ba6d4cb3742b
2025-04-01 10:22:22 - [Cluster 0 - CLIENT] - INFO - [Store 730] Starting local training.
2025-04-01 10:22:23 - [Cluster 0 - CLIENT] - INFO - [Store 511] Starting local training.
2025-04-01 10:22:23 - [Cluster 0 - CLIENT] - INFO - [Store 254] Local training complete.
2025-04-01 10:22:24 - [Cluster 0 - CLIENT] - INFO - 
2025-04-01 10:22:24 - [Cluster 0 - CLIENT] - INFO - Received: train message bdda0673-059b-4368-876c-0578c2e268b3
2025-04-01 10:22:24 - [Cluster 0 - CLIENT] - INFO - [Store 105] Starting local training.
2025-04-01 10:22:24 - [Cluster 0 - CLIENT] - INFO - Sent reply
2025-04-01 10:22:25 - [Cluster 0 - CLIENT] - INFO - [Store 410] Local training complete.
2025-04-01 10:22:25 - [Cluster 0 - CLIENT] - INFO - Sent reply
2025-04-01 10:22:25 - [Cluster 0 - CLIENT] - INFO - 
2025-04-01 10:22:25 - [Cluster 0 - CLIENT] - INFO - Received: train message 519ac2bf-a461-458d-951c-f5099190ec79
2025-04-01 10:22:25 - [Cluster 0 - CLIENT] - INFO - [Store 857] Starting local training.
2025-04-01 10:22:26 - [Cluster 0 - CLIENT] - INFO - [Store 77] Local training complete.
2025-04-01 10:22:26 - [Cluster 0 - CLIENT] - INFO - Sent reply
2025-04-01 10:22:26 - [Cluster 0 - CLIENT] - INFO - 
2025-04-01 10:22:26 - [Cluster 0 - CLIENT] - INFO - Received: train message 3c886122-3351-425c-b253-e36e0214c608
2025-04-01 10:22:26 - [Cluster 0 - CLIENT] - INFO - [Store 554] Starting local training.
2025-04-01 10:22:27 - [Cluster 0 - CLIENT] - INFO - [Store 718] Local training complete.
2025-04-01 10:22:27 - [Cluster 0 - CLIENT] - INFO - Sent reply
2025-04-01 10:22:27 - [Cluster 0 - CLIENT] - INFO - 
2025-04-01 10:22:27 - [Cluster 0 - CLIENT] - INFO - Received: train message d695bf49-df83-4134-9d72-6a27dcc3efcd
2025-04-01 10:22:28 - [Cluster 0 - CLIENT] - INFO - [Store 360] Starting local training.
2025-04-01 10:22:29 - [Cluster 0 - CLIENT] - INFO - [Store 305] Local training complete.
2025-04-01 10:22:29 - [Cluster 0 - CLIENT] - INFO - Sent reply
2025-04-01 10:22:29 - [Cluster 0 - CLIENT] - INFO - 
2025-04-01 10:22:29 - [Cluster 0 - CLIENT] - INFO - Received: train message 1f4e6cc7-3ef1-44b8-88d5-2fe852818c7d
2025-04-01 10:22:29 - [Cluster 0 - CLIENT] - INFO - [Store 922] Local training complete.
2025-04-01 10:22:29 - [Cluster 0 - CLIENT] - INFO - [Store 200] Starting local training.
2025-04-01 10:22:29 - [Cluster 0 - CLIENT] - INFO - Sent reply
2025-04-01 10:22:29 - [Cluster 0 - CLIENT] - INFO - 
2025-04-01 10:22:29 - [Cluster 0 - CLIENT] - INFO - Received: train message f78e1e5b-827e-4e5c-b3da-4c19a37ba062
2025-04-01 10:22:29 - [Cluster 0 - CLIENT] - INFO - [Store 949] Starting local training.
2025-04-01 10:22:29 - [Cluster 0 - CLIENT] - INFO - [Store 201] Local training complete.
2025-04-01 10:22:29 - [Cluster 0 - CLIENT] - INFO - Sent reply
2025-04-01 10:22:29 - [Cluster 0 - CLIENT] - INFO - 
2025-04-01 10:22:29 - [Cluster 0 - CLIENT] - INFO - Received: train message 0dd116a4-dfc7-4fe2-9f2c-84fe6a5efd05
2025-04-01 10:22:30 - [Cluster 0 - CLIENT] - INFO - [Store 74] Starting local training.
2025-04-01 10:22:33 - [Cluster 0 - CLIENT] - INFO - [Store 1042] Local training complete.
2025-04-01 10:22:33 - [Cluster 0 - CLIENT] - INFO - Sent reply
2025-04-01 10:22:34 - [Cluster 0 - CLIENT] - INFO - 
2025-04-01 10:22:34 - [Cluster 0 - CLIENT] - INFO - Received: train message 01248035-cd3b-47cf-abe7-a7b91806d914
2025-04-01 10:22:34 - [Cluster 0 - CLIENT] - INFO - [Store 440] Starting local training.
2025-04-01 10:22:42 - [Cluster 0 - CLIENT] - INFO - [Store 65] Local training complete.
2025-04-01 10:22:42 - [Cluster 0 - CLIENT] - INFO - Sent reply
2025-04-01 10:22:42 - [Cluster 0 - CLIENT] - INFO - 
2025-04-01 10:22:42 - [Cluster 0 - CLIENT] - INFO - Received: train message ff161d51-39f3-4886-87a5-9f767cf4a30e
2025-04-01 10:22:43 - [Cluster 0 - CLIENT] - INFO - [Store 628] Starting local training.
2025-04-01 10:26:47 - [Cluster 0 - CLIENT] - INFO - [Store 1099] Local training complete.
2025-04-01 10:26:47 - [Cluster 0 - CLIENT] - INFO - Sent reply
2025-04-01 10:26:52 - [Cluster 0 - CLIENT] - INFO - [Store 1083] Local training complete.
2025-04-01 10:26:52 - [Cluster 0 - CLIENT] - INFO - Sent reply
2025-04-01 10:26:53 - [Cluster 0 - CLIENT] - INFO - [Store 658] Local training complete.
2025-04-01 10:26:54 - [Cluster 0 - CLIENT] - INFO - Sent reply
2025-04-01 10:26:55 - [Cluster 0 - CLIENT] - INFO - [Store 511] Local training complete.
2025-04-01 10:26:55 - [Cluster 0 - CLIENT] - INFO - Sent reply
2025-04-01 10:26:56 - [Cluster 0 - CLIENT] - INFO - [Store 360] Local training complete.
2025-04-01 10:26:57 - [Cluster 0 - CLIENT] - INFO - Sent reply
2025-04-01 10:26:57 - [Cluster 0 - CLIENT] - INFO - [Store 105] Local training complete.
2025-04-01 10:26:57 - [Cluster 0 - CLIENT] - INFO - Sent reply
2025-04-01 10:26:58 - [Cluster 0 - CLIENT] - INFO - [Store 730] Local training complete.
2025-04-01 10:26:58 - [Cluster 0 - CLIENT] - INFO - [Store 305] Local training complete.
2025-04-01 10:26:58 - [Cluster 0 - CLIENT] - INFO - Sent reply
2025-04-01 10:26:58 - [Cluster 0 - CLIENT] - INFO - Sent reply
2025-04-01 10:26:58 - [Cluster 0 - CLIENT] - INFO - [Store 857] Local training complete.
2025-04-01 10:26:58 - [Cluster 0 - CLIENT] - INFO - Sent reply
2025-04-01 10:26:58 - [Cluster 0 - CLIENT] - INFO - [Store 440] Local training complete.
2025-04-01 10:26:58 - [Cluster 0 - CLIENT] - INFO - [Store 554] Local training complete.
2025-04-01 10:26:58 - [Cluster 0 - CLIENT] - INFO - Sent reply
2025-04-01 10:26:58 - [Cluster 0 - CLIENT] - INFO - Sent reply
2025-04-01 10:26:58 - [Cluster 0 - CLIENT] - INFO - [Store 74] Local training complete.
2025-04-01 10:26:58 - [Cluster 0 - CLIENT] - INFO - Sent reply
2025-04-01 10:26:59 - [Cluster 0 - CLIENT] - INFO - [Store 949] Local training complete.
2025-04-01 10:26:59 - [Cluster 0 - CLIENT] - INFO - Sent reply
2025-04-01 10:27:00 - [Cluster 0 - CLIENT] - INFO - [Store 628] Local training complete.
2025-04-01 10:27:00 - [Cluster 0 - CLIENT] - INFO - Sent reply
2025-04-01 10:27:00 - [Cluster 0 - CLIENT] - INFO - [Store 200] Local training complete.
2025-04-01 10:27:00 - [Cluster 0 - CLIENT] - INFO - Sent reply
2025-04-01 10:27:01 - [Cluster 0 - CLIENT] - INFO - 
2025-04-01 10:27:01 - [Cluster 0 - CLIENT] - INFO - Received: evaluate message ade2dfae-7ef0-4791-8d4f-ea1588c5a469
2025-04-01 10:27:01 - [Cluster 0 - CLIENT] - INFO - 
2025-04-01 10:27:01 - [Cluster 0 - CLIENT] - INFO - Received: evaluate message fecb79be-b0f4-4f71-88d7-db5b6dcc0f8e
2025-04-01 10:27:01 - [Cluster 0 - CLIENT] - INFO - 
2025-04-01 10:27:01 - [Cluster 0 - CLIENT] - INFO - Received: evaluate message 762af297-beb8-482f-9ee6-8d9d3db5e2f3
2025-04-01 10:27:01 - [Cluster 0 - CLIENT] - INFO - 
2025-04-01 10:27:01 - [Cluster 0 - CLIENT] - INFO - Received: evaluate message 1a4e7fb5-5df1-4233-ba4b-c8eeed8923d0
2025-04-01 10:27:01 - [Cluster 0 - CLIENT] - INFO - 
2025-04-01 10:27:01 - [Cluster 0 - CLIENT] - INFO - Received: evaluate message 0f7ae2db-8576-4b6d-9e30-2be3346850a9
2025-04-01 10:27:01 - [Cluster 0 - CLIENT] - INFO - 
2025-04-01 10:27:01 - [Cluster 0 - CLIENT] - INFO - Received: evaluate message 7489cbfd-3bfe-4824-8de2-79e70f2c2861
2025-04-01 10:27:01 - [Cluster 0 - CLIENT] - INFO - 
2025-04-01 10:27:01 - [Cluster 0 - CLIENT] - INFO - Received: evaluate message f876ea91-9b13-4ac0-a0b6-1c0aa5874247
2025-04-01 10:27:01 - [Cluster 0 - CLIENT] - INFO - 
2025-04-01 10:27:01 - [Cluster 0 - CLIENT] - INFO - Received: evaluate message 9142b62d-013e-46e0-b6ab-7b3213aadb14
2025-04-01 10:27:01 - [Cluster 0 - CLIENT] - INFO - 
2025-04-01 10:27:01 - [Cluster 0 - CLIENT] - INFO - Received: evaluate message 38d2eab0-64c4-4b2b-804b-93367ded550b
2025-04-01 10:27:01 - [Cluster 0 - CLIENT] - INFO - 
2025-04-01 10:27:01 - [Cluster 0 - CLIENT] - INFO - 
2025-04-01 10:27:01 - [Cluster 0 - CLIENT] - INFO - 
2025-04-01 10:27:01 - [Cluster 0 - CLIENT] - INFO - Received: evaluate message 8a3ab40d-35fe-4e9d-b262-3a09b46ffab5
2025-04-01 10:27:01 - [Cluster 0 - CLIENT] - INFO - Received: evaluate message 0285b0fd-2adf-4534-8cc8-7b906a640d1a
2025-04-01 10:27:01 - [Cluster 0 - CLIENT] - INFO - Received: evaluate message dbdfecb3-dc2a-4a30-ad90-9405c27c7207
2025-04-01 10:27:01 - [Cluster 0 - CLIENT] - INFO - 
2025-04-01 10:27:01 - [Cluster 0 - CLIENT] - INFO - 
2025-04-01 10:27:01 - [Cluster 0 - CLIENT] - INFO - 
2025-04-01 10:27:01 - [Cluster 0 - CLIENT] - INFO - Received: evaluate message 472cd2a0-db6b-47a0-88aa-dadc8244a8b7
2025-04-01 10:27:01 - [Cluster 0 - CLIENT] - INFO - Received: evaluate message 527d9fb5-0150-4a09-8fb4-ef2992c4a1ea
2025-04-01 10:27:01 - [Cluster 0 - CLIENT] - INFO - Received: evaluate message 9adbf7d2-71f4-4576-9dfb-c08b2c412ed2
2025-04-01 10:27:02 - [Cluster 0 - CLIENT] - INFO - [Store 511] Evaluation - Loss: 0.2595, MAE: 0.3401
2025-04-01 10:27:02 - [Cluster 0 - CLIENT] - INFO - Sent reply
2025-04-01 10:27:02 - [Cluster 0 - CLIENT] - INFO - 
2025-04-01 10:27:02 - [Cluster 0 - CLIENT] - INFO - Received: evaluate message 29d8c3db-8864-4dfd-9bc8-b5d6066d1f77
2025-04-01 10:27:02 - [Cluster 0 - CLIENT] - INFO - [Store 440] Evaluation - Loss: 0.3879, MAE: 0.4370
2025-04-01 10:27:02 - [Cluster 0 - CLIENT] - INFO - Sent reply
2025-04-01 10:27:02 - [Cluster 0 - CLIENT] - INFO - 
2025-04-01 10:27:02 - [Cluster 0 - CLIENT] - INFO - Received: evaluate message 2d9f83a8-f77a-4319-86c4-410d8d1e374a
2025-04-01 10:27:02 - [Cluster 0 - CLIENT] - INFO - [Store 628] Evaluation - Loss: 0.3130, MAE: 0.3529
2025-04-01 10:27:02 - [Cluster 0 - CLIENT] - INFO - Sent reply
2025-04-01 10:27:02 - [Cluster 0 - CLIENT] - INFO - [Store 949] Evaluation - Loss: 0.2197, MAE: 0.3253
2025-04-01 10:27:02 - [Cluster 0 - CLIENT] - INFO - Sent reply
2025-04-01 10:27:02 - [Cluster 0 - CLIENT] - INFO - 
2025-04-01 10:27:02 - [Cluster 0 - CLIENT] - INFO - Received: evaluate message abc5739a-e2af-4576-a4ec-c5e3120f21d8
2025-04-01 10:27:02 - [Cluster 0 - CLIENT] - INFO - 
2025-04-01 10:27:02 - [Cluster 0 - CLIENT] - INFO - Received: evaluate message 731addfb-1884-4627-8ecd-b2ee69c9a639
2025-04-01 10:27:03 - [Cluster 0 - CLIENT] - INFO - [Store 1042] Evaluation - Loss: 0.2998, MAE: 0.3422
2025-04-01 10:27:03 - [Cluster 0 - CLIENT] - INFO - Sent reply
2025-04-01 10:27:03 - [Cluster 0 - CLIENT] - INFO - [Store 730] Evaluation - Loss: 0.1945, MAE: 0.2855
2025-04-01 10:27:03 - [Cluster 0 - CLIENT] - INFO - Sent reply
2025-04-01 10:27:03 - [Cluster 0 - CLIENT] - INFO - [Store 260] Evaluation - Loss: 0.2190, MAE: 0.3112
2025-04-01 10:27:03 - [Cluster 0 - CLIENT] - INFO - [Store 105] Evaluation - Loss: 0.3435, MAE: 0.4319
2025-04-01 10:27:03 - [Cluster 0 - CLIENT] - INFO - Sent reply
2025-04-01 10:27:03 - [Cluster 0 - CLIENT] - INFO - [Store 360] Evaluation - Loss: 0.2291, MAE: 0.3264
2025-04-01 10:27:03 - [Cluster 0 - CLIENT] - INFO - Sent reply
2025-04-01 10:27:03 - [Cluster 0 - CLIENT] - INFO - Sent reply
2025-04-01 10:27:03 - [Cluster 0 - CLIENT] - INFO - [Store 77] Evaluation - Loss: 0.2708, MAE: 0.3580
2025-04-01 10:27:03 - [Cluster 0 - CLIENT] - INFO - Sent reply
2025-04-01 10:27:03 - [Cluster 0 - CLIENT] - INFO - 
2025-04-01 10:27:03 - [Cluster 0 - CLIENT] - INFO - 
2025-04-01 10:27:03 - [Cluster 0 - CLIENT] - INFO - Received: evaluate message eec7f7dc-6bc6-4ad9-9334-a7cf5facffe7
2025-04-01 10:27:03 - [Cluster 0 - CLIENT] - INFO - Received: evaluate message 4953d651-ad3e-456d-837f-4f613b5e9ce2
2025-04-01 10:27:03 - [Cluster 0 - CLIENT] - INFO - 
2025-04-01 10:27:03 - [Cluster 0 - CLIENT] - INFO - Received: evaluate message 576afa3b-d373-4c72-a790-5a0dbeb905ef
2025-04-01 10:27:03 - [Cluster 0 - CLIENT] - INFO - 
2025-04-01 10:27:03 - [Cluster 0 - CLIENT] - INFO - Received: evaluate message fb19ec7b-094f-404b-8e73-cf00bb4afb0a
2025-04-01 10:27:03 - [Cluster 0 - CLIENT] - INFO - 
2025-04-01 10:27:03 - [Cluster 0 - CLIENT] - INFO - Received: evaluate message e5a7a223-7c41-419d-882d-434bb078354f
2025-04-01 10:27:03 - [Cluster 0 - CLIENT] - INFO - 
2025-04-01 10:27:03 - [Cluster 0 - CLIENT] - INFO - Received: evaluate message dbcbaf59-dcbb-45b7-8823-b12560f9023d
2025-04-01 10:27:03 - [Cluster 0 - CLIENT] - INFO - [Store 305] Evaluation - Loss: 0.5354, MAE: 0.5525
2025-04-01 10:27:03 - [Cluster 0 - CLIENT] - INFO - [Store 1099] Evaluation - Loss: 0.3253, MAE: 0.3866
2025-04-01 10:27:03 - [Cluster 0 - CLIENT] - INFO - Sent reply
2025-04-01 10:27:03 - [Cluster 0 - CLIENT] - INFO - Sent reply
2025-04-01 10:27:03 - [Cluster 0 - CLIENT] - INFO - [Store 55] Evaluation - Loss: 0.3326, MAE: 0.4350
2025-04-01 10:27:03 - [Cluster 0 - CLIENT] - INFO - [Store 886] Evaluation - Loss: 0.3448, MAE: 0.4129
2025-04-01 10:27:03 - [Cluster 0 - CLIENT] - INFO - 
2025-04-01 10:27:03 - [Cluster 0 - CLIENT] - INFO - Received: evaluate message a86962c8-012e-4ee1-b965-0bb708a6d395
2025-04-01 10:27:03 - [Cluster 0 - CLIENT] - INFO - 
2025-04-01 10:27:03 - [Cluster 0 - CLIENT] - INFO - Received: evaluate message 84629933-e734-4129-a934-2bbe9ab70055
2025-04-01 10:27:03 - [Cluster 0 - CLIENT] - INFO - Sent reply
2025-04-01 10:27:03 - [Cluster 0 - CLIENT] - INFO - Sent reply
2025-04-01 10:27:03 - [Cluster 0 - CLIENT] - INFO - [Store 718] Evaluation - Loss: 0.2217, MAE: 0.2970
2025-04-01 10:27:03 - [Cluster 0 - CLIENT] - INFO - Sent reply
2025-04-01 10:27:03 - [Cluster 0 - CLIENT] - INFO - 
2025-04-01 10:27:03 - [Cluster 0 - CLIENT] - INFO - Received: evaluate message 0f55804c-4a7e-427f-9380-5e4350d9a32a
2025-04-01 10:27:03 - [Cluster 0 - CLIENT] - INFO - 
2025-04-01 10:27:03 - [Cluster 0 - CLIENT] - INFO - Received: evaluate message f211f41f-740b-4f3e-a42f-0c85f8584ec5
2025-04-01 10:27:03 - [Cluster 0 - CLIENT] - INFO - 
2025-04-01 10:27:03 - [Cluster 0 - CLIENT] - INFO - Received: evaluate message ff7ec1dc-b99a-4380-8fb0-7e7308507e57
2025-04-01 10:27:04 - [Cluster 0 - CLIENT] - INFO - [Store 1073] Evaluation - Loss: 1.7076, MAE: 0.9363
2025-04-01 10:27:04 - [Cluster 0 - CLIENT] - INFO - Sent reply
2025-04-01 10:27:04 - [Cluster 0 - CLIENT] - INFO - [Store 305] Evaluation - Loss: 0.5354, MAE: 0.5525
2025-04-01 10:27:04 - [Cluster 0 - CLIENT] - INFO - Sent reply
2025-04-01 10:27:04 - [Cluster 0 - CLIENT] - INFO - [Store 200] Evaluation - Loss: 0.3097, MAE: 0.3508
2025-04-01 10:27:04 - [Cluster 0 - CLIENT] - INFO - Sent reply
2025-04-01 10:27:04 - [Cluster 0 - CLIENT] - INFO - [Store 1083] Evaluation - Loss: 0.4853, MAE: 0.5149
2025-04-01 10:27:04 - [Cluster 0 - CLIENT] - INFO - Sent reply
2025-04-01 10:27:04 - [Cluster 0 - CLIENT] - INFO - [Store 795] Evaluation - Loss: 0.2836, MAE: 0.3782
2025-04-01 10:27:04 - [Cluster 0 - CLIENT] - INFO - [Store 658] Evaluation - Loss: 0.1969, MAE: 0.2868
2025-04-01 10:27:04 - [Cluster 0 - CLIENT] - INFO - Sent reply
2025-04-01 10:27:04 - [Cluster 0 - CLIENT] - INFO - Sent reply
2025-04-01 10:27:04 - [Cluster 0 - CLIENT] - INFO - [Store 857] Evaluation - Loss: 0.3952, MAE: 0.4427
2025-04-01 10:27:04 - [Cluster 0 - CLIENT] - INFO - Sent reply
2025-04-01 10:27:04 - [Cluster 0 - CLIENT] - INFO - [Store 410] Evaluation - Loss: 0.3060, MAE: 0.3846
2025-04-01 10:27:04 - [Cluster 0 - CLIENT] - INFO - Sent reply
2025-04-01 10:27:04 - [Cluster 0 - CLIENT] - INFO - [Store 554] Evaluation - Loss: 0.6518, MAE: 0.6324
2025-04-01 10:27:04 - [Cluster 0 - CLIENT] - INFO - Sent reply
2025-04-01 10:27:04 - [Cluster 0 - CLIENT] - INFO - [Store 65] Evaluation - Loss: 0.2316, MAE: 0.3277
2025-04-01 10:27:04 - [Cluster 0 - CLIENT] - INFO - Sent reply
2025-04-01 10:27:04 - [Cluster 0 - CLIENT] - INFO - [Store 47] Evaluation - Loss: 0.2876, MAE: 0.3610
2025-04-01 10:27:04 - [Cluster 0 - CLIENT] - INFO - Sent reply
2025-04-01 10:27:04 - [Cluster 0 - CLIENT] - INFO - [Store 922] Evaluation - Loss: 0.2626, MAE: 0.3522
2025-04-01 10:27:04 - [Cluster 0 - CLIENT] - INFO - Sent reply
2025-04-01 10:27:04 - [Cluster 0 - CLIENT] - INFO - [Store 201] Evaluation - Loss: 0.2924, MAE: 0.3761
2025-04-01 10:27:04 - [Cluster 0 - CLIENT] - INFO - Sent reply
2025-04-01 10:27:04 - [Cluster 0 - CLIENT] - INFO - [Store 254] Evaluation - Loss: 0.3446, MAE: 0.4170
2025-04-01 10:27:04 - [Cluster 0 - CLIENT] - INFO - Sent reply
2025-04-01 10:27:05 - [Cluster 0 - CLIENT] - INFO - [Store 74] Evaluation - Loss: 0.2477, MAE: 0.2951
2025-04-01 10:27:05 - [Cluster 0 - CLIENT] - INFO - Sent reply
2025-04-01 10:27:05 - [Cluster 0 - CLIENT] - INFO - 
2025-04-01 10:27:05 - [Cluster 0 - CLIENT] - INFO - Received: train message 28f5b6cb-7299-4cf5-a424-d17bb75f9021
2025-04-01 10:27:05 - [Cluster 0 - CLIENT] - INFO - 
2025-04-01 10:27:05 - [Cluster 0 - CLIENT] - INFO - Received: train message 5e9924b9-8b4c-41ae-8a0f-d72dde555435
2025-04-01 10:27:05 - [Cluster 0 - CLIENT] - INFO - 
2025-04-01 10:27:05 - [Cluster 0 - CLIENT] - INFO - Received: train message 2b36d649-2fd6-4f0a-bb1e-874003af5064
2025-04-01 10:27:05 - [Cluster 0 - CLIENT] - INFO - 
2025-04-01 10:27:05 - [Cluster 0 - CLIENT] - INFO - Received: train message fbe8b8d2-87be-4bd8-97a2-d0998145ff07
2025-04-01 10:27:05 - [Cluster 0 - CLIENT] - INFO - [Store 65] Starting local training.
2025-04-01 10:27:05 - [Cluster 0 - CLIENT] - INFO - [Store 1083] Starting local training.
2025-04-01 10:27:05 - [Cluster 0 - CLIENT] - INFO - 
2025-04-01 10:27:05 - [Cluster 0 - CLIENT] - INFO - Received: train message 3afcc08e-dc24-4e40-83c5-36810530199e
2025-04-01 10:27:05 - [Cluster 0 - CLIENT] - INFO - 
2025-04-01 10:27:05 - [Cluster 0 - CLIENT] - INFO - Received: train message 63543cfe-475e-47ab-9102-6baeaa54d8df
2025-04-01 10:27:05 - [Cluster 0 - CLIENT] - INFO - 
2025-04-01 10:27:05 - [Cluster 0 - CLIENT] - INFO - Received: train message 07e36193-4639-404a-9e8b-cfa21cb20517
2025-04-01 10:27:05 - [Cluster 0 - CLIENT] - INFO - 
2025-04-01 10:27:05 - [Cluster 0 - CLIENT] - INFO - Received: train message 38be559a-e56d-4755-8b65-34b1d3ca7753
2025-04-01 10:27:05 - [Cluster 0 - CLIENT] - INFO - [Store 305] Starting local training.
2025-04-01 10:27:05 - [Cluster 0 - CLIENT] - INFO - [Store 886] Starting local training.
2025-04-01 10:27:05 - [Cluster 0 - CLIENT] - INFO - 
2025-04-01 10:27:05 - [Cluster 0 - CLIENT] - INFO - Received: train message bb3565a4-1eb0-4a00-8333-e5438b15bdd2
2025-04-01 10:27:05 - [Cluster 0 - CLIENT] - INFO - [Store 795] Starting local training.
2025-04-01 10:27:05 - [Cluster 0 - CLIENT] - INFO - 
2025-04-01 10:27:05 - [Cluster 0 - CLIENT] - INFO - Received: train message 1d753345-14fa-486e-9bca-151f53e082e9
2025-04-01 10:27:05 - [Cluster 0 - CLIENT] - INFO - [Store 922] Starting local training.
2025-04-01 10:27:05 - [Cluster 0 - CLIENT] - INFO - 
2025-04-01 10:27:05 - [Cluster 0 - CLIENT] - INFO - Received: train message d3f60d0f-4228-40cd-b999-3e1cdf52bca3
2025-04-01 10:27:05 - [Cluster 0 - CLIENT] - INFO - 
2025-04-01 10:27:05 - [Cluster 0 - CLIENT] - INFO - Received: train message e05c1b18-adb3-4ae8-ae6c-a7ce626934d6
2025-04-01 10:27:05 - [Cluster 0 - CLIENT] - INFO - 
2025-04-01 10:27:05 - [Cluster 0 - CLIENT] - INFO - Received: train message 019c1f1d-4ebb-4e1f-832b-7038401a2455
2025-04-01 10:27:05 - [Cluster 0 - CLIENT] - INFO - 
2025-04-01 10:27:05 - [Cluster 0 - CLIENT] - INFO - Received: train message 5f102645-aca0-413f-ac6e-cf15e17b0046
2025-04-01 10:27:05 - [Cluster 0 - CLIENT] - INFO - 
2025-04-01 10:27:05 - [Cluster 0 - CLIENT] - INFO - Received: train message 045d7e78-4467-4c3d-8fd7-52b3d44dd5fb
2025-04-01 10:27:05 - [Cluster 0 - CLIENT] - INFO - [Store 55] Starting local training.
2025-04-01 10:27:05 - [Cluster 0 - CLIENT] - INFO - [Store 511] Starting local training.
2025-04-01 10:27:05 - [Cluster 0 - CLIENT] - INFO - [Store 718] Starting local training.
2025-04-01 10:27:05 - [Cluster 0 - CLIENT] - INFO - [Store 105] Starting local training.
2025-04-01 10:27:05 - [Cluster 0 - CLIENT] - INFO - [Store 410] Starting local training.
2025-04-01 10:27:05 - [Cluster 0 - CLIENT] - INFO - [Store 658] Starting local training.
2025-04-01 10:27:05 - [Cluster 0 - CLIENT] - INFO - [Store 360] Starting local training.
2025-04-01 10:27:05 - [Cluster 0 - CLIENT] - INFO - [Store 77] Starting local training.
2025-04-01 10:27:05 - [Cluster 0 - CLIENT] - INFO - [Store 949] Starting local training.
2025-04-01 10:32:00 - [Cluster 0 - CLIENT] - INFO - [Store 410] Local training complete.
2025-04-01 10:32:00 - [Cluster 0 - CLIENT] - INFO - Sent reply
2025-04-01 10:32:00 - [Cluster 0 - CLIENT] - INFO - 
2025-04-01 10:32:00 - [Cluster 0 - CLIENT] - INFO - Received: train message bfa9cd22-6ebb-4419-ae5d-aead9c28d0f5
2025-04-01 10:32:00 - [Cluster 0 - CLIENT] - INFO - [Store 47] Starting local training.
2025-04-01 10:32:00 - [Cluster 0 - CLIENT] - INFO - [Store 886] Local training complete.
2025-04-01 10:32:00 - [Cluster 0 - CLIENT] - INFO - Sent reply
2025-04-01 10:32:00 - [Cluster 0 - CLIENT] - INFO - 
2025-04-01 10:32:00 - [Cluster 0 - CLIENT] - INFO - Received: train message a4ffab67-756a-4928-9db5-897f2ddcab40
2025-04-01 10:32:00 - [Cluster 0 - CLIENT] - INFO - [Store 857] Starting local training.
2025-04-01 10:32:03 - [Cluster 0 - CLIENT] - INFO - [Store 511] Local training complete.
2025-04-01 10:32:03 - [Cluster 0 - CLIENT] - INFO - Sent reply
2025-04-01 10:32:03 - [Cluster 0 - CLIENT] - INFO - 
2025-04-01 10:32:03 - [Cluster 0 - CLIENT] - INFO - Received: train message ee1969fd-6e80-4bd5-b18a-4d938f36c109
2025-04-01 10:32:03 - [Cluster 0 - CLIENT] - INFO - [Store 260] Starting local training.
2025-04-01 10:32:03 - [Cluster 0 - CLIENT] - INFO - [Store 105] Local training complete.
2025-04-01 10:32:03 - [Cluster 0 - CLIENT] - INFO - Sent reply
2025-04-01 10:32:03 - [Cluster 0 - CLIENT] - INFO - 
2025-04-01 10:32:03 - [Cluster 0 - CLIENT] - INFO - Received: train message 36049d29-461f-4cea-88ad-8fbce6ca7930
2025-04-01 10:32:03 - [Cluster 0 - CLIENT] - INFO - [Store 628] Starting local training.
2025-04-01 10:32:04 - [Cluster 0 - CLIENT] - INFO - [Store 1083] Local training complete.
2025-04-01 10:32:04 - [Cluster 0 - CLIENT] - INFO - Sent reply
2025-04-01 10:32:04 - [Cluster 0 - CLIENT] - INFO - [Store 55] Local training complete.
2025-04-01 10:32:04 - [Cluster 0 - CLIENT] - INFO - 
2025-04-01 10:32:04 - [Cluster 0 - CLIENT] - INFO - Received: train message aa20dc67-5ce2-4b5c-b1a0-c133d94f7c60
2025-04-01 10:32:04 - [Cluster 0 - CLIENT] - INFO - Sent reply
2025-04-01 10:32:04 - [Cluster 0 - CLIENT] - INFO - [Store 254] Starting local training.
2025-04-01 10:32:04 - [Cluster 0 - CLIENT] - INFO - 
2025-04-01 10:32:04 - [Cluster 0 - CLIENT] - INFO - Received: train message 8521e0f5-b830-45d2-8a05-711f997ab3b8
2025-04-01 10:32:05 - [Cluster 0 - CLIENT] - INFO - [Store 1073] Starting local training.
2025-04-01 10:32:06 - [Cluster 0 - CLIENT] - INFO - [Store 922] Local training complete.
2025-04-01 10:32:07 - [Cluster 0 - CLIENT] - INFO - Sent reply
2025-04-01 10:32:07 - [Cluster 0 - CLIENT] - INFO - 
2025-04-01 10:32:07 - [Cluster 0 - CLIENT] - INFO - Received: train message 57924e04-8cb4-4178-8bc7-286fed22a0cf
2025-04-01 10:32:07 - [Cluster 0 - CLIENT] - INFO - [Store 554] Starting local training.
2025-04-01 10:32:09 - [Cluster 0 - CLIENT] - INFO - [Store 658] Local training complete.
2025-04-01 10:32:09 - [Cluster 0 - CLIENT] - INFO - Sent reply
2025-04-01 10:32:09 - [Cluster 0 - CLIENT] - INFO - 
2025-04-01 10:32:09 - [Cluster 0 - CLIENT] - INFO - Received: train message 9b0c2e43-b0e7-4110-8e5c-01a864139694
2025-04-01 10:32:09 - [Cluster 0 - CLIENT] - INFO - [Store 1099] Starting local training.
2025-04-01 10:32:10 - [Cluster 0 - CLIENT] - INFO - [Store 360] Local training complete.
2025-04-01 10:32:10 - [Cluster 0 - CLIENT] - INFO - Sent reply
2025-04-01 10:32:10 - [Cluster 0 - CLIENT] - INFO - [Store 305] Local training complete.
2025-04-01 10:32:10 - [Cluster 0 - CLIENT] - INFO - Sent reply
2025-04-01 10:32:10 - [Cluster 0 - CLIENT] - INFO - 
2025-04-01 10:32:10 - [Cluster 0 - CLIENT] - INFO - Received: train message 656eac27-1b2d-48b5-80f7-39ede7f704e2
2025-04-01 10:32:10 - [Cluster 0 - CLIENT] - INFO - [Store 949] Local training complete.
2025-04-01 10:32:10 - [Cluster 0 - CLIENT] - INFO - 
2025-04-01 10:32:10 - [Cluster 0 - CLIENT] - INFO - Received: train message 665c8ef9-1382-49ea-ba73-dd6eec73928f
2025-04-01 10:32:10 - [Cluster 0 - CLIENT] - INFO - [Store 730] Starting local training.
2025-04-01 10:32:10 - [Cluster 0 - CLIENT] - INFO - Sent reply
2025-04-01 10:32:10 - [Cluster 0 - CLIENT] - INFO - [Store 305] Starting local training.
2025-04-01 10:32:10 - [Cluster 0 - CLIENT] - INFO - 
2025-04-01 10:32:10 - [Cluster 0 - CLIENT] - INFO - Received: train message 7b3384d5-13a0-49d5-aa34-9b49c5063edb
2025-04-01 10:32:10 - [Cluster 0 - CLIENT] - INFO - [Store 1042] Starting local training.
2025-04-01 10:32:12 - [Cluster 0 - CLIENT] - INFO - [Store 718] Local training complete.
2025-04-01 10:32:12 - [Cluster 0 - CLIENT] - INFO - Sent reply
2025-04-01 10:32:12 - [Cluster 0 - CLIENT] - INFO - 
2025-04-01 10:32:12 - [Cluster 0 - CLIENT] - INFO - Received: train message 7b32646e-95ac-4e69-b7a6-2cc5510b509b
2025-04-01 10:32:12 - [Cluster 0 - CLIENT] - INFO - [Store 74] Starting local training.
2025-04-01 10:32:14 - [Cluster 0 - CLIENT] - INFO - [Store 795] Local training complete.
2025-04-01 10:32:14 - [Cluster 0 - CLIENT] - INFO - Sent reply
2025-04-01 10:32:14 - [Cluster 0 - CLIENT] - INFO - 
2025-04-01 10:32:14 - [Cluster 0 - CLIENT] - INFO - Received: train message a59f817b-d53a-4247-bca8-3da0c30a26cc
2025-04-01 10:32:14 - [Cluster 0 - CLIENT] - INFO - [Store 440] Starting local training.
2025-04-01 10:32:18 - [Cluster 0 - CLIENT] - INFO - [Store 77] Local training complete.
2025-04-01 10:32:18 - [Cluster 0 - CLIENT] - INFO - Sent reply
2025-04-01 10:32:18 - [Cluster 0 - CLIENT] - INFO - 
2025-04-01 10:32:18 - [Cluster 0 - CLIENT] - INFO - Received: train message f6e9d893-0534-4b87-afe5-057f50dfa2b9
2025-04-01 10:32:18 - [Cluster 0 - CLIENT] - INFO - [Store 65] Local training complete.
2025-04-01 10:32:18 - [Cluster 0 - CLIENT] - INFO - Sent reply
2025-04-01 10:32:18 - [Cluster 0 - CLIENT] - INFO - 
2025-04-01 10:32:18 - [Cluster 0 - CLIENT] - INFO - Received: train message 94d3cf11-557e-46bb-90a0-6193bcff8c89
2025-04-01 10:32:19 - [Cluster 0 - CLIENT] - INFO - [Store 200] Starting local training.
2025-04-01 10:32:19 - [Cluster 0 - CLIENT] - INFO - [Store 201] Starting local training.
2025-04-01 10:36:50 - [Cluster 0 - CLIENT] - INFO - [Store 260] Local training complete.
2025-04-01 10:36:50 - [Cluster 0 - CLIENT] - INFO - Sent reply
2025-04-01 10:36:51 - [Cluster 0 - CLIENT] - INFO - [Store 628] Local training complete.
2025-04-01 10:36:51 - [Cluster 0 - CLIENT] - INFO - Sent reply
2025-04-01 10:36:51 - [Cluster 0 - CLIENT] - INFO - [Store 554] Local training complete.
2025-04-01 10:36:52 - [Cluster 0 - CLIENT] - INFO - Sent reply
2025-04-01 10:36:52 - [Cluster 0 - CLIENT] - INFO - [Store 47] Local training complete.
2025-04-01 10:36:52 - [Cluster 0 - CLIENT] - INFO - Sent reply
2025-04-01 10:36:52 - [Cluster 0 - CLIENT] - INFO - [Store 1099] Local training complete.
2025-04-01 10:36:52 - [Cluster 0 - CLIENT] - INFO - Sent reply
2025-04-01 10:36:53 - [Cluster 0 - CLIENT] - INFO - [Store 1042] Local training complete.
2025-04-01 10:36:53 - [Cluster 0 - CLIENT] - INFO - Sent reply
2025-04-01 10:36:55 - [Cluster 0 - CLIENT] - INFO - [Store 1073] Local training complete.
2025-04-01 10:36:55 - [Cluster 0 - CLIENT] - INFO - [Store 857] Local training complete.
2025-04-01 10:36:55 - [Cluster 0 - CLIENT] - INFO - Sent reply
2025-04-01 10:36:55 - [Cluster 0 - CLIENT] - INFO - [Store 305] Local training complete.
2025-04-01 10:36:55 - [Cluster 0 - CLIENT] - INFO - Sent reply
2025-04-01 10:36:55 - [Cluster 0 - CLIENT] - INFO - Sent reply
2025-04-01 10:36:55 - [Cluster 0 - CLIENT] - INFO - [Store 730] Local training complete.
2025-04-01 10:36:55 - [Cluster 0 - CLIENT] - INFO - Sent reply
2025-04-01 10:36:55 - [Cluster 0 - CLIENT] - INFO - [Store 254] Local training complete.
2025-04-01 10:36:55 - [Cluster 0 - CLIENT] - INFO - Sent reply
2025-04-01 10:36:55 - [Cluster 0 - CLIENT] - INFO - [Store 200] Local training complete.
2025-04-01 10:36:55 - [Cluster 0 - CLIENT] - INFO - Sent reply
2025-04-01 10:36:57 - [Cluster 0 - CLIENT] - INFO - [Store 201] Local training complete.
2025-04-01 10:36:57 - [Cluster 0 - CLIENT] - INFO - Sent reply
2025-04-01 10:36:58 - [Cluster 0 - CLIENT] - INFO - [Store 440] Local training complete.
2025-04-01 10:36:58 - [Cluster 0 - CLIENT] - INFO - Sent reply
2025-04-01 10:36:58 - [Cluster 0 - CLIENT] - INFO - [Store 74] Local training complete.
2025-04-01 10:36:58 - [Cluster 0 - CLIENT] - INFO - Sent reply
2025-04-01 10:36:58 - [Cluster 0 - CLIENT] - INFO - 
2025-04-01 10:36:58 - [Cluster 0 - CLIENT] - INFO - Received: evaluate message b3e0c281-97c8-4e9a-8157-db089b833818
2025-04-01 10:36:58 - [Cluster 0 - CLIENT] - INFO - 
2025-04-01 10:36:58 - [Cluster 0 - CLIENT] - INFO - Received: evaluate message 75cf693a-1ed9-47e5-b792-81159f1c8c53
2025-04-01 10:36:58 - [Cluster 0 - CLIENT] - INFO - 
2025-04-01 10:36:58 - [Cluster 0 - CLIENT] - INFO - Received: evaluate message 4d831464-2f30-4990-9b7a-b7d49b459654
2025-04-01 10:36:58 - [Cluster 0 - CLIENT] - INFO - 
2025-04-01 10:36:58 - [Cluster 0 - CLIENT] - INFO - Received: evaluate message dd097b98-5a55-46f7-be67-7644cef12613
2025-04-01 10:36:58 - [Cluster 0 - CLIENT] - INFO - 
2025-04-01 10:36:58 - [Cluster 0 - CLIENT] - INFO - Received: evaluate message c0f7a6de-1e7c-42a6-8e8d-bdc1eb9545aa
2025-04-01 10:36:58 - [Cluster 0 - CLIENT] - INFO - 
2025-04-01 10:36:58 - [Cluster 0 - CLIENT] - INFO - Received: evaluate message bae5c2db-260e-4041-ac26-01b745ec0572
2025-04-01 10:36:58 - [Cluster 0 - CLIENT] - INFO - 
2025-04-01 10:36:58 - [Cluster 0 - CLIENT] - INFO - Received: evaluate message cf7eb109-b018-4a98-9f0f-61d1da8c7691
2025-04-01 10:36:58 - [Cluster 0 - CLIENT] - INFO - 
2025-04-01 10:36:58 - [Cluster 0 - CLIENT] - INFO - Received: evaluate message e177d76c-5798-418a-aa21-cc934ac5d2df
2025-04-01 10:36:58 - [Cluster 0 - CLIENT] - INFO - 
2025-04-01 10:36:58 - [Cluster 0 - CLIENT] - INFO - 
2025-04-01 10:36:58 - [Cluster 0 - CLIENT] - INFO - Received: evaluate message f5706a5b-1ff2-4979-907d-437e4da1333d
2025-04-01 10:36:58 - [Cluster 0 - CLIENT] - INFO - Received: evaluate message 1688aa04-32b9-46c6-9f98-9ec75becb5f5
2025-04-01 10:36:58 - [Cluster 0 - CLIENT] - INFO - 
2025-04-01 10:36:58 - [Cluster 0 - CLIENT] - INFO - Received: evaluate message 3b8fdadb-a5ad-4b0d-a83d-275986fdd267
2025-04-01 10:36:58 - [Cluster 0 - CLIENT] - INFO - 
2025-04-01 10:36:58 - [Cluster 0 - CLIENT] - INFO - Received: evaluate message cdc75231-3d97-4da0-91b1-1548ca7b621f
2025-04-01 10:36:58 - [Cluster 0 - CLIENT] - INFO - 
2025-04-01 10:36:58 - [Cluster 0 - CLIENT] - INFO - Received: evaluate message 9063bdc4-4266-4fde-ad3d-b6cc8a1bb18d
2025-04-01 10:36:58 - [Cluster 0 - CLIENT] - INFO - 
2025-04-01 10:36:58 - [Cluster 0 - CLIENT] - INFO - Received: evaluate message 458c405e-e905-40e4-97b8-5af350ea3e23
2025-04-01 10:36:58 - [Cluster 0 - CLIENT] - INFO - 
2025-04-01 10:36:58 - [Cluster 0 - CLIENT] - INFO - Received: evaluate message 6f37953f-6309-467e-bbb6-b740c1ef681c
2025-04-01 10:37:00 - [Cluster 0 - CLIENT] - INFO - [Store 305] Evaluation - Loss: 0.5303, MAE: 0.5215
2025-04-01 10:37:00 - [Cluster 0 - CLIENT] - INFO - Sent reply
2025-04-01 10:37:00 - [Cluster 0 - CLIENT] - INFO - 
2025-04-01 10:37:00 - [Cluster 0 - CLIENT] - INFO - Received: evaluate message ec63f2cf-3b84-49dd-bf29-7c8c2eeb4925
2025-04-01 10:37:00 - [Cluster 0 - CLIENT] - INFO - [Store 628] Evaluation - Loss: 0.3070, MAE: 0.3514
2025-04-01 10:37:00 - [Cluster 0 - CLIENT] - INFO - Sent reply
2025-04-01 10:37:00 - [Cluster 0 - CLIENT] - INFO - 
2025-04-01 10:37:00 - [Cluster 0 - CLIENT] - INFO - Received: evaluate message 7685f0e1-1b07-41a3-aaef-7ac82e09ef46
2025-04-01 10:37:00 - [Cluster 0 - CLIENT] - INFO - [Store 1042] Evaluation - Loss: 0.2864, MAE: 0.3303
2025-04-01 10:37:00 - [Cluster 0 - CLIENT] - INFO - Sent reply
2025-04-01 10:37:00 - [Cluster 0 - CLIENT] - INFO - [Store 305] Evaluation - Loss: 0.5303, MAE: 0.5215
2025-04-01 10:37:00 - [Cluster 0 - CLIENT] - INFO - Sent reply
2025-04-01 10:37:00 - [Cluster 0 - CLIENT] - INFO - [Store 554] Evaluation - Loss: 0.6608, MAE: 0.5957
2025-04-01 10:37:00 - [Cluster 0 - CLIENT] - INFO - [Store 440] Evaluation - Loss: 0.3910, MAE: 0.4219
2025-04-01 10:37:00 - [Cluster 0 - CLIENT] - INFO - Sent reply
2025-04-01 10:37:00 - [Cluster 0 - CLIENT] - INFO - [Store 65] Evaluation - Loss: 0.2201, MAE: 0.3142
2025-04-01 10:37:00 - [Cluster 0 - CLIENT] - INFO - [Store 200] Evaluation - Loss: 0.3053, MAE: 0.3325
2025-04-01 10:37:00 - [Cluster 0 - CLIENT] - INFO - Sent reply
2025-04-01 10:37:00 - [Cluster 0 - CLIENT] - INFO - Sent reply
2025-04-01 10:37:00 - [Cluster 0 - CLIENT] - INFO - 
2025-04-01 10:37:00 - [Cluster 0 - CLIENT] - INFO - [Store 360] Evaluation - Loss: 0.2178, MAE: 0.3019
2025-04-01 10:37:00 - [Cluster 0 - CLIENT] - INFO - Received: evaluate message 309ad6fd-6b35-4634-b386-870f5fb17ff6
2025-04-01 10:37:00 - [Cluster 0 - CLIENT] - INFO - Sent reply
2025-04-01 10:37:00 - [Cluster 0 - CLIENT] - INFO - Sent reply
2025-04-01 10:37:00 - [Cluster 0 - CLIENT] - INFO - [Store 795] Evaluation - Loss: 0.2693, MAE: 0.3592
2025-04-01 10:37:00 - [Cluster 0 - CLIENT] - INFO - 
2025-04-01 10:37:00 - [Cluster 0 - CLIENT] - INFO - Received: evaluate message cad510bd-d38d-4fc0-b26d-b05a4e057835
2025-04-01 10:37:00 - [Cluster 0 - CLIENT] - INFO - Sent reply
2025-04-01 10:37:00 - [Cluster 0 - CLIENT] - INFO - 
2025-04-01 10:37:00 - [Cluster 0 - CLIENT] - INFO - Received: evaluate message bfbd1fb3-b36c-4398-8f47-615f3b40f11a
2025-04-01 10:37:00 - [Cluster 0 - CLIENT] - INFO - [Store 105] Evaluation - Loss: 0.3556, MAE: 0.4386
2025-04-01 10:37:00 - [Cluster 0 - CLIENT] - INFO - Sent reply
2025-04-01 10:37:00 - [Cluster 0 - CLIENT] - INFO - [Store 857] Evaluation - Loss: 0.3901, MAE: 0.4118
2025-04-01 10:37:00 - [Cluster 0 - CLIENT] - INFO - 
2025-04-01 10:37:00 - [Cluster 0 - CLIENT] - INFO - 
2025-04-01 10:37:00 - [Cluster 0 - CLIENT] - INFO - Received: evaluate message 28944ff5-351c-4aad-b650-d2cd9f4a4ab7
2025-04-01 10:37:00 - [Cluster 0 - CLIENT] - INFO - Received: evaluate message 1bd2ce4c-7c9e-4337-bb62-af4c78843231
2025-04-01 10:37:00 - [Cluster 0 - CLIENT] - INFO - Sent reply
2025-04-01 10:37:00 - [Cluster 0 - CLIENT] - INFO - 
2025-04-01 10:37:00 - [Cluster 0 - CLIENT] - INFO - Received: evaluate message 78694e1f-61f1-4714-aa07-6bf9a55073f2
2025-04-01 10:37:00 - [Cluster 0 - CLIENT] - INFO - 
2025-04-01 10:37:00 - [Cluster 0 - CLIENT] - INFO - 
2025-04-01 10:37:00 - [Cluster 0 - CLIENT] - INFO - Received: evaluate message 79b9109b-c847-4705-b7ac-cd89eef8e65d
2025-04-01 10:37:00 - [Cluster 0 - CLIENT] - INFO - Received: evaluate message 00fedac8-65fb-441e-b23a-b4f938391cbc
2025-04-01 10:37:00 - [Cluster 0 - CLIENT] - INFO - 
2025-04-01 10:37:00 - [Cluster 0 - CLIENT] - INFO - Received: evaluate message b1358d24-1050-452d-b097-11ade408a86f
2025-04-01 10:37:00 - [Cluster 0 - CLIENT] - INFO - [Store 260] Evaluation - Loss: 0.2156, MAE: 0.2960
2025-04-01 10:37:00 - [Cluster 0 - CLIENT] - INFO - [Store 922] Evaluation - Loss: 0.2574, MAE: 0.3314
2025-04-01 10:37:00 - [Cluster 0 - CLIENT] - INFO - 
2025-04-01 10:37:00 - [Cluster 0 - CLIENT] - INFO - Received: evaluate message bda87e36-e77d-4e36-887c-dccae426eaf7
2025-04-01 10:37:00 - [Cluster 0 - CLIENT] - INFO - Sent reply
2025-04-01 10:37:00 - [Cluster 0 - CLIENT] - INFO - Sent reply
2025-04-01 10:37:00 - [Cluster 0 - CLIENT] - INFO - [Store 410] Evaluation - Loss: 0.2941, MAE: 0.3683
2025-04-01 10:37:00 - [Cluster 0 - CLIENT] - INFO - Sent reply
2025-04-01 10:37:00 - [Cluster 0 - CLIENT] - INFO - 
2025-04-01 10:37:00 - [Cluster 0 - CLIENT] - INFO - Received: evaluate message 40b59a8f-aefb-4c2e-9328-02cd08b41256
2025-04-01 10:37:00 - [Cluster 0 - CLIENT] - INFO - 
2025-04-01 10:37:00 - [Cluster 0 - CLIENT] - INFO - Received: evaluate message 7db351a2-e747-4c7e-8ce4-c6d2b8bf7310
2025-04-01 10:37:00 - [Cluster 0 - CLIENT] - INFO - 
2025-04-01 10:37:00 - [Cluster 0 - CLIENT] - INFO - Received: evaluate message c0204317-049c-4985-85fa-f6f79c78b08c
2025-04-01 10:37:01 - [Cluster 0 - CLIENT] - INFO - [Store 74] Evaluation - Loss: 0.2428, MAE: 0.2826
2025-04-01 10:37:01 - [Cluster 0 - CLIENT] - INFO - Sent reply
2025-04-01 10:37:01 - [Cluster 0 - CLIENT] - INFO - [Store 658] Evaluation - Loss: 0.1822, MAE: 0.2681
2025-04-01 10:37:01 - [Cluster 0 - CLIENT] - INFO - Sent reply
2025-04-01 10:37:01 - [Cluster 0 - CLIENT] - INFO - [Store 47] Evaluation - Loss: 0.2886, MAE: 0.3419
2025-04-01 10:37:01 - [Cluster 0 - CLIENT] - INFO - [Store 1099] Evaluation - Loss: 0.3200, MAE: 0.3875
2025-04-01 10:37:01 - [Cluster 0 - CLIENT] - INFO - Sent reply
2025-04-01 10:37:01 - [Cluster 0 - CLIENT] - INFO - Sent reply
2025-04-01 10:37:01 - [Cluster 0 - CLIENT] - INFO - [Store 1073] Evaluation - Loss: 1.7781, MAE: 0.9340
2025-04-01 10:37:01 - [Cluster 0 - CLIENT] - INFO - [Store 77] Evaluation - Loss: 0.2640, MAE: 0.3350
2025-04-01 10:37:01 - [Cluster 0 - CLIENT] - INFO - Sent reply
2025-04-01 10:37:01 - [Cluster 0 - CLIENT] - INFO - Sent reply
2025-04-01 10:37:01 - [Cluster 0 - CLIENT] - INFO - [Store 1083] Evaluation - Loss: 0.4857, MAE: 0.4861
2025-04-01 10:37:01 - [Cluster 0 - CLIENT] - INFO - Sent reply
2025-04-01 10:37:01 - [Cluster 0 - CLIENT] - INFO - [Store 254] Evaluation - Loss: 0.3299, MAE: 0.3922
2025-04-01 10:37:01 - [Cluster 0 - CLIENT] - INFO - Sent reply
2025-04-01 10:37:01 - [Cluster 0 - CLIENT] - INFO - [Store 886] Evaluation - Loss: 0.3387, MAE: 0.3911
2025-04-01 10:37:01 - [Cluster 0 - CLIENT] - INFO - Sent reply
2025-04-01 10:37:01 - [Cluster 0 - CLIENT] - INFO - [Store 201] Evaluation - Loss: 0.2782, MAE: 0.3525
2025-04-01 10:37:01 - [Cluster 0 - CLIENT] - INFO - Sent reply
2025-04-01 10:37:01 - [Cluster 0 - CLIENT] - INFO - [Store 730] Evaluation - Loss: 0.1784, MAE: 0.2636
2025-04-01 10:37:01 - [Cluster 0 - CLIENT] - INFO - [Store 511] Evaluation - Loss: 0.2576, MAE: 0.3277
2025-04-01 10:37:01 - [Cluster 0 - CLIENT] - INFO - Sent reply
2025-04-01 10:37:01 - [Cluster 0 - CLIENT] - INFO - Sent reply
2025-04-01 10:37:01 - [Cluster 0 - CLIENT] - INFO - [Store 949] Evaluation - Loss: 0.2057, MAE: 0.3120
2025-04-01 10:37:01 - [Cluster 0 - CLIENT] - INFO - Sent reply
2025-04-01 10:37:02 - [Cluster 0 - CLIENT] - INFO - [Store 55] Evaluation - Loss: 0.3384, MAE: 0.4327
2025-04-01 10:37:02 - [Cluster 0 - CLIENT] - INFO - Sent reply
2025-04-01 10:37:02 - [Cluster 0 - CLIENT] - INFO - [Store 718] Evaluation - Loss: 0.2095, MAE: 0.2733
2025-04-01 10:37:02 - [Cluster 0 - CLIENT] - INFO - Sent reply
2025-04-01 10:37:02 - [Cluster 0 - CLIENT] - INFO - 
2025-04-01 10:37:02 - [Cluster 0 - CLIENT] - INFO - Received: train message 104e677e-0172-4c4f-8e95-ca0e67881563
2025-04-01 10:37:02 - [Cluster 0 - CLIENT] - INFO - 
2025-04-01 10:37:02 - [Cluster 0 - CLIENT] - INFO - Received: train message 46f84305-18ea-476d-8316-11ba48bbffaa
2025-04-01 10:37:02 - [Cluster 0 - CLIENT] - INFO - [Store 254] Starting local training.
2025-04-01 10:37:02 - [Cluster 0 - CLIENT] - INFO - 
2025-04-01 10:37:02 - [Cluster 0 - CLIENT] - INFO - Received: train message b80a52a4-8870-41de-b6b0-0dbd46e48df4
2025-04-01 10:37:02 - [Cluster 0 - CLIENT] - INFO - 
2025-04-01 10:37:02 - [Cluster 0 - CLIENT] - INFO - Received: train message 05abf221-7836-4dd9-9338-ac032cd62e27
2025-04-01 10:37:02 - [Cluster 0 - CLIENT] - INFO - 
2025-04-01 10:37:02 - [Cluster 0 - CLIENT] - INFO - Received: train message 26a98c40-bfb0-4f54-ba60-7ce8fd810df8
2025-04-01 10:37:02 - [Cluster 0 - CLIENT] - INFO - 
2025-04-01 10:37:02 - [Cluster 0 - CLIENT] - INFO - Received: train message 9a62644d-34b1-4118-ba32-f7001bd546fc
2025-04-01 10:37:02 - [Cluster 0 - CLIENT] - INFO - [Store 74] Starting local training.
2025-04-01 10:37:02 - [Cluster 0 - CLIENT] - INFO - [Store 77] Starting local training.
2025-04-01 10:37:02 - [Cluster 0 - CLIENT] - INFO - 
2025-04-01 10:37:02 - [Cluster 0 - CLIENT] - INFO - 
2025-04-01 10:37:02 - [Cluster 0 - CLIENT] - INFO - Received: train message 5383394a-ad4e-4564-ab78-ebb92bb8a6ee
2025-04-01 10:37:02 - [Cluster 0 - CLIENT] - INFO - Received: train message b46bbd07-45bc-4a79-b03a-a92e2061898d
2025-04-01 10:37:02 - [Cluster 0 - CLIENT] - INFO - 
2025-04-01 10:37:02 - [Cluster 0 - CLIENT] - INFO - Received: train message 46169e11-a70f-4cfe-ab77-4e17e3a70daa
2025-04-01 10:37:02 - [Cluster 0 - CLIENT] - INFO - [Store 886] Starting local training.
2025-04-01 10:37:02 - [Cluster 0 - CLIENT] - INFO - 
2025-04-01 10:37:02 - [Cluster 0 - CLIENT] - INFO - Received: train message 16de720d-b6e0-464e-9260-574389ac93bb
2025-04-01 10:37:02 - [Cluster 0 - CLIENT] - INFO - 
2025-04-01 10:37:02 - [Cluster 0 - CLIENT] - INFO - Received: train message a48f5121-6347-4bb2-90ca-2c0e98bfd007
2025-04-01 10:37:02 - [Cluster 0 - CLIENT] - INFO - 
2025-04-01 10:37:02 - [Cluster 0 - CLIENT] - INFO - Received: train message 040ba22f-1623-48d7-851f-1c070b37bb48
2025-04-01 10:37:02 - [Cluster 0 - CLIENT] - INFO - [Store 658] Starting local training.
2025-04-01 10:37:02 - [Cluster 0 - CLIENT] - INFO - [Store 718] Starting local training.
2025-04-01 10:37:02 - [Cluster 0 - CLIENT] - INFO - 
2025-04-01 10:37:02 - [Cluster 0 - CLIENT] - INFO - Received: train message 593c60bb-9085-43cf-b182-6cf03ac07bcb
2025-04-01 10:37:02 - [Cluster 0 - CLIENT] - INFO - 
2025-04-01 10:37:02 - [Cluster 0 - CLIENT] - INFO - Received: train message 64cdcba7-6fbf-4cd5-b894-1787edc1f06d
2025-04-01 10:37:02 - [Cluster 0 - CLIENT] - INFO - [Store 360] Starting local training.
2025-04-01 10:37:02 - [Cluster 0 - CLIENT] - INFO - 
2025-04-01 10:37:02 - [Cluster 0 - CLIENT] - INFO - Received: train message 3ba20f0b-82e4-4a0b-ae7d-50f2fdf4d048
2025-04-01 10:37:02 - [Cluster 0 - CLIENT] - INFO - [Store 305] Starting local training.
2025-04-01 10:37:02 - [Cluster 0 - CLIENT] - INFO - [Store 47] Starting local training.
2025-04-01 10:37:02 - [Cluster 0 - CLIENT] - INFO - [Store 305] Starting local training.
2025-04-01 10:37:02 - [Cluster 0 - CLIENT] - INFO - [Store 922] Starting local training.
2025-04-01 10:37:02 - [Cluster 0 - CLIENT] - INFO - [Store 795] Starting local training.
2025-04-01 10:37:02 - [Cluster 0 - CLIENT] - INFO - [Store 200] Starting local training.
2025-04-01 10:37:02 - [Cluster 0 - CLIENT] - INFO - [Store 857] Starting local training.
2025-04-01 10:37:02 - [Cluster 0 - CLIENT] - INFO - [Store 65] Starting local training.
2025-04-01 10:41:52 - [Cluster 0 - CLIENT] - INFO - [Store 658] Local training complete.
2025-04-01 10:41:53 - [Cluster 0 - CLIENT] - INFO - Sent reply
2025-04-01 10:41:53 - [Cluster 0 - CLIENT] - INFO - 
2025-04-01 10:41:53 - [Cluster 0 - CLIENT] - INFO - Received: train message 4380330c-8fbd-4d3d-ae2b-f10b29784a05
2025-04-01 10:41:53 - [Cluster 0 - CLIENT] - INFO - [Store 886] Local training complete.
2025-04-01 10:41:53 - [Cluster 0 - CLIENT] - INFO - [Store 1073] Starting local training.
2025-04-01 10:41:53 - [Cluster 0 - CLIENT] - INFO - [Store 922] Local training complete.
2025-04-01 10:41:53 - [Cluster 0 - CLIENT] - INFO - Sent reply
2025-04-01 10:41:53 - [Cluster 0 - CLIENT] - INFO - [Store 47] Local training complete.
2025-04-01 10:41:53 - [Cluster 0 - CLIENT] - INFO - [Store 857] Local training complete.
2025-04-01 10:41:53 - [Cluster 0 - CLIENT] - INFO - Sent reply
2025-04-01 10:41:54 - [Cluster 0 - CLIENT] - INFO - Sent reply
2025-04-01 10:41:53 - [Cluster 0 - CLIENT] - INFO - 
2025-04-01 10:41:54 - [Cluster 0 - CLIENT] - INFO - Received: train message 5df6e259-e0a1-44cc-a677-b9a6583929db
2025-04-01 10:41:54 - [Cluster 0 - CLIENT] - INFO - 
2025-04-01 10:41:54 - [Cluster 0 - CLIENT] - INFO - Received: train message 623c536b-a35e-4523-8606-d7bcf368d47d
2025-04-01 10:41:54 - [Cluster 0 - CLIENT] - INFO - 
2025-04-01 10:41:54 - [Cluster 0 - CLIENT] - INFO - Received: train message f3d1f361-eb70-4681-8d50-2c362c5e2cdf
2025-04-01 10:41:54 - [Cluster 0 - CLIENT] - INFO - Sent reply
2025-04-01 10:41:54 - [Cluster 0 - CLIENT] - INFO - [Store 440] Starting local training.
2025-04-01 10:41:54 - [Cluster 0 - CLIENT] - INFO - [Store 718] Local training complete.
2025-04-01 10:41:54 - [Cluster 0 - CLIENT] - INFO - [Store 628] Starting local training.
2025-04-01 10:41:54 - [Cluster 0 - CLIENT] - INFO - [Store 55] Starting local training.
2025-04-01 10:41:54 - [Cluster 0 - CLIENT] - INFO - 
2025-04-01 10:41:54 - [Cluster 0 - CLIENT] - INFO - Received: train message b5fe5aa7-6957-4586-a799-9d4332138dfd
2025-04-01 10:41:54 - [Cluster 0 - CLIENT] - INFO - Sent reply
2025-04-01 10:41:54 - [Cluster 0 - CLIENT] - INFO - [Store 1042] Starting local training.
2025-04-01 10:41:54 - [Cluster 0 - CLIENT] - INFO - 
2025-04-01 10:41:54 - [Cluster 0 - CLIENT] - INFO - Received: train message 31482a27-0bb2-4655-873d-b3388793727d
2025-04-01 10:41:54 - [Cluster 0 - CLIENT] - INFO - [Store 554] Starting local training.
2025-04-01 10:41:54 - [Cluster 0 - CLIENT] - INFO - [Store 77] Local training complete.
2025-04-01 10:41:54 - [Cluster 0 - CLIENT] - INFO - Sent reply
2025-04-01 10:41:54 - [Cluster 0 - CLIENT] - INFO - 
2025-04-01 10:41:54 - [Cluster 0 - CLIENT] - INFO - Received: train message 20b27a72-ab6c-4e63-a1a5-142ccd86df9e
2025-04-01 10:41:54 - [Cluster 0 - CLIENT] - INFO - [Store 201] Starting local training.
2025-04-01 10:41:55 - [Cluster 0 - CLIENT] - INFO - [Store 305] Local training complete.
2025-04-01 10:41:55 - [Cluster 0 - CLIENT] - INFO - Sent reply
2025-04-01 10:41:55 - [Cluster 0 - CLIENT] - INFO - 
2025-04-01 10:41:55 - [Cluster 0 - CLIENT] - INFO - Received: train message ffd89e02-95f3-4ee0-87fa-44dd07544987
2025-04-01 10:41:55 - [Cluster 0 - CLIENT] - INFO - [Store 260] Starting local training.
2025-04-01 10:41:56 - [Cluster 0 - CLIENT] - INFO - [Store 200] Local training complete.
2025-04-01 10:41:56 - [Cluster 0 - CLIENT] - INFO - Sent reply
2025-04-01 10:41:56 - [Cluster 0 - CLIENT] - INFO - 
2025-04-01 10:41:56 - [Cluster 0 - CLIENT] - INFO - Received: train message cb35eaf1-067f-49fe-a4c8-370216622cf9
2025-04-01 10:41:56 - [Cluster 0 - CLIENT] - INFO - [Store 730] Starting local training.
2025-04-01 10:41:57 - [Cluster 0 - CLIENT] - INFO - [Store 305] Local training complete.
2025-04-01 10:41:57 - [Cluster 0 - CLIENT] - INFO - Sent reply
2025-04-01 10:41:57 - [Cluster 0 - CLIENT] - INFO - 
2025-04-01 10:41:57 - [Cluster 0 - CLIENT] - INFO - Received: train message dbcd8257-8141-49ea-90c8-50865dc3c171
2025-04-01 10:41:58 - [Cluster 0 - CLIENT] - INFO - [Store 511] Starting local training.
2025-04-01 10:41:58 - [Cluster 0 - CLIENT] - INFO - [Store 74] Local training complete.
2025-04-01 10:41:58 - [Cluster 0 - CLIENT] - INFO - Sent reply
2025-04-01 10:41:58 - [Cluster 0 - CLIENT] - INFO - 
2025-04-01 10:41:58 - [Cluster 0 - CLIENT] - INFO - Received: train message 22d91942-42e5-45fc-91f4-50ca62b661f6
2025-04-01 10:41:59 - [Cluster 0 - CLIENT] - INFO - [Store 1083] Starting local training.
2025-04-01 10:42:02 - [Cluster 0 - CLIENT] - INFO - [Store 254] Local training complete.
2025-04-01 10:42:02 - [Cluster 0 - CLIENT] - INFO - Sent reply
2025-04-01 10:42:03 - [Cluster 0 - CLIENT] - INFO - 
2025-04-01 10:42:03 - [Cluster 0 - CLIENT] - INFO - Received: train message b11a19fe-036a-4783-bce7-92ab7ad13f12
2025-04-01 10:42:03 - [Cluster 0 - CLIENT] - INFO - [Store 410] Starting local training.
2025-04-01 10:42:03 - [Cluster 0 - CLIENT] - INFO - [Store 65] Local training complete.
2025-04-01 10:42:03 - [Cluster 0 - CLIENT] - INFO - Sent reply
2025-04-01 10:42:03 - [Cluster 0 - CLIENT] - INFO - 
2025-04-01 10:42:03 - [Cluster 0 - CLIENT] - INFO - Received: train message 41cb061e-d5dd-4fe7-be7e-54ee1e34a048
2025-04-01 10:42:04 - [Cluster 0 - CLIENT] - INFO - [Store 1099] Starting local training.
2025-04-01 10:42:04 - [Cluster 0 - CLIENT] - INFO - [Store 360] Local training complete.
2025-04-01 10:42:04 - [Cluster 0 - CLIENT] - INFO - Sent reply
2025-04-01 10:42:04 - [Cluster 0 - CLIENT] - INFO - 
2025-04-01 10:42:04 - [Cluster 0 - CLIENT] - INFO - Received: train message c49b91ac-abe3-4304-8ca5-c9fddcce5f01
2025-04-01 10:42:04 - [Cluster 0 - CLIENT] - INFO - [Store 105] Starting local training.
2025-04-01 10:42:08 - [Cluster 0 - CLIENT] - INFO - [Store 795] Local training complete.
2025-04-01 10:42:08 - [Cluster 0 - CLIENT] - INFO - Sent reply
2025-04-01 10:42:08 - [Cluster 0 - CLIENT] - INFO - 
2025-04-01 10:42:08 - [Cluster 0 - CLIENT] - INFO - Received: train message 140de79c-37d0-49e9-9479-ca99417f831b
2025-04-01 10:42:08 - [Cluster 0 - CLIENT] - INFO - [Store 949] Starting local training.
2025-04-01 10:46:18 - [Cluster 0 - CLIENT] - INFO - [Store 628] Local training complete.
2025-04-01 10:46:18 - [Cluster 0 - CLIENT] - INFO - Sent reply
2025-04-01 10:46:20 - [Cluster 0 - CLIENT] - INFO - [Store 55] Local training complete.
2025-04-01 10:46:20 - [Cluster 0 - CLIENT] - INFO - Sent reply
2025-04-01 10:46:23 - [Cluster 0 - CLIENT] - INFO - [Store 1073] Local training complete.
2025-04-01 10:46:23 - [Cluster 0 - CLIENT] - INFO - Sent reply
2025-04-01 10:46:25 - [Cluster 0 - CLIENT] - INFO - [Store 260] Local training complete.
2025-04-01 10:46:25 - [Cluster 0 - CLIENT] - INFO - Sent reply
2025-04-01 10:46:25 - [Cluster 0 - CLIENT] - INFO - [Store 440] Local training complete.
2025-04-01 10:46:25 - [Cluster 0 - CLIENT] - INFO - Sent reply
2025-04-01 10:46:26 - [Cluster 0 - CLIENT] - INFO - [Store 511] Local training complete.
2025-04-01 10:46:26 - [Cluster 0 - CLIENT] - INFO - Sent reply
2025-04-01 10:46:27 - [Cluster 0 - CLIENT] - INFO - [Store 1042] Local training complete.
2025-04-01 10:46:27 - [Cluster 0 - CLIENT] - INFO - Sent reply
2025-04-01 10:46:27 - [Cluster 0 - CLIENT] - INFO - [Store 201] Local training complete.
2025-04-01 10:46:27 - [Cluster 0 - CLIENT] - INFO - Sent reply
2025-04-01 10:46:28 - [Cluster 0 - CLIENT] - INFO - [Store 410] Local training complete.
2025-04-01 10:46:28 - [Cluster 0 - CLIENT] - INFO - Sent reply
2025-04-01 10:46:28 - [Cluster 0 - CLIENT] - INFO - [Store 1083] Local training complete.
2025-04-01 10:46:28 - [Cluster 0 - CLIENT] - INFO - Sent reply
2025-04-01 10:46:28 - [Cluster 0 - CLIENT] - INFO - [Store 730] Local training complete.
2025-04-01 10:46:28 - [Cluster 0 - CLIENT] - INFO - Sent reply
2025-04-01 10:46:29 - [Cluster 0 - CLIENT] - INFO - [Store 1099] Local training complete.
2025-04-01 10:46:29 - [Cluster 0 - CLIENT] - INFO - Sent reply
2025-04-01 10:46:29 - [Cluster 0 - CLIENT] - INFO - [Store 554] Local training complete.
2025-04-01 10:46:29 - [Cluster 0 - CLIENT] - INFO - Sent reply
2025-04-01 10:46:29 - [Cluster 0 - CLIENT] - INFO - [Store 105] Local training complete.
2025-04-01 10:46:29 - [Cluster 0 - CLIENT] - INFO - Sent reply
2025-04-01 10:46:31 - [Cluster 0 - CLIENT] - INFO - [Store 949] Local training complete.
2025-04-01 10:46:31 - [Cluster 0 - CLIENT] - INFO - Sent reply
2025-04-01 10:46:31 - [Cluster 0 - CLIENT] - INFO - 
2025-04-01 10:46:31 - [Cluster 0 - CLIENT] - INFO - Received: evaluate message 2a922f0c-9548-4c5c-b198-bdcc4658ea24
2025-04-01 10:46:31 - [Cluster 0 - CLIENT] - INFO - 
2025-04-01 10:46:31 - [Cluster 0 - CLIENT] - INFO - Received: evaluate message 4f3853dd-90ea-46af-a0e1-179f4213d9ca
2025-04-01 10:46:31 - [Cluster 0 - CLIENT] - INFO - 
2025-04-01 10:46:31 - [Cluster 0 - CLIENT] - INFO - Received: evaluate message f78c8c41-2cf2-4b3b-93a6-c133d45f2bb0
2025-04-01 10:46:31 - [Cluster 0 - CLIENT] - INFO - 
2025-04-01 10:46:31 - [Cluster 0 - CLIENT] - INFO - Received: evaluate message 96058da0-e42f-4b11-8c4f-c82044b77452
2025-04-01 10:46:31 - [Cluster 0 - CLIENT] - INFO - 
2025-04-01 10:46:31 - [Cluster 0 - CLIENT] - INFO - Received: evaluate message 482bb1f0-3644-44c5-ae59-c0846c744f53
2025-04-01 10:46:31 - [Cluster 0 - CLIENT] - INFO - 
2025-04-01 10:46:31 - [Cluster 0 - CLIENT] - INFO - Received: evaluate message b0872510-2f2b-49d1-a141-fc50e4fc32aa
2025-04-01 10:46:31 - [Cluster 0 - CLIENT] - INFO - 
2025-04-01 10:46:31 - [Cluster 0 - CLIENT] - INFO - Received: evaluate message 7e4f2569-44e9-499e-a244-581042d8c04c
2025-04-01 10:46:31 - [Cluster 0 - CLIENT] - INFO - 
2025-04-01 10:46:31 - [Cluster 0 - CLIENT] - INFO - Received: evaluate message c1763690-8f33-4b83-8777-bee7b6ab9a16
2025-04-01 10:46:31 - [Cluster 0 - CLIENT] - INFO - 
2025-04-01 10:46:31 - [Cluster 0 - CLIENT] - INFO - 
2025-04-01 10:46:31 - [Cluster 0 - CLIENT] - INFO - Received: evaluate message 9e56f62f-a362-4830-8d12-47830d03d676
2025-04-01 10:46:31 - [Cluster 0 - CLIENT] - INFO - Received: evaluate message 68a1bb5c-ae37-4111-8bcf-691c3e10593d
2025-04-01 10:46:31 - [Cluster 0 - CLIENT] - INFO - 
2025-04-01 10:46:31 - [Cluster 0 - CLIENT] - INFO - Received: evaluate message fe3cbad1-01e3-48e0-bdd1-dc267e0ddd46
2025-04-01 10:46:31 - [Cluster 0 - CLIENT] - INFO - 
2025-04-01 10:46:31 - [Cluster 0 - CLIENT] - INFO - Received: evaluate message 67bd5199-7441-423f-824a-7f68a8bfe9d7
2025-04-01 10:46:31 - [Cluster 0 - CLIENT] - INFO - 
2025-04-01 10:46:31 - [Cluster 0 - CLIENT] - INFO - Received: evaluate message 770938da-a0bf-40ab-8cd4-63b82cd48616
2025-04-01 10:46:31 - [Cluster 0 - CLIENT] - INFO - 
2025-04-01 10:46:31 - [Cluster 0 - CLIENT] - INFO - Received: evaluate message e1cab195-5dcf-49a0-ba91-66dd711077a9
2025-04-01 10:46:31 - [Cluster 0 - CLIENT] - INFO - 
2025-04-01 10:46:31 - [Cluster 0 - CLIENT] - INFO - Received: evaluate message 64943c0e-e2c4-4c2c-879d-60fd04d2fbc2
2025-04-01 10:46:32 - [Cluster 0 - CLIENT] - INFO - [Store 1073] Evaluation - Loss: 1.6312, MAE: 0.8885
2025-04-01 10:46:32 - [Cluster 0 - CLIENT] - INFO - [Store 105] Evaluation - Loss: 0.3304, MAE: 0.4174
2025-04-01 10:46:32 - [Cluster 0 - CLIENT] - INFO - Sent reply
2025-04-01 10:46:32 - [Cluster 0 - CLIENT] - INFO - Sent reply
2025-04-01 10:46:32 - [Cluster 0 - CLIENT] - INFO - 
2025-04-01 10:46:32 - [Cluster 0 - CLIENT] - INFO - Received: evaluate message 46d26e6c-684e-4cc7-8603-496778d7c6e5
2025-04-01 10:46:32 - [Cluster 0 - CLIENT] - INFO - [Store 554] Evaluation - Loss: 0.6077, MAE: 0.5771
2025-04-01 10:46:32 - [Cluster 0 - CLIENT] - INFO - Sent reply
2025-04-01 10:46:32 - [Cluster 0 - CLIENT] - INFO - 
2025-04-01 10:46:32 - [Cluster 0 - CLIENT] - INFO - Received: evaluate message 924e8865-69da-41b0-bdb9-e4d22330dbea
2025-04-01 10:46:32 - [Cluster 0 - CLIENT] - INFO - 
2025-04-01 10:46:32 - [Cluster 0 - CLIENT] - INFO - Received: evaluate message 895f59c5-7d63-49e4-88ef-010a063bad7e
2025-04-01 10:46:32 - [Cluster 0 - CLIENT] - INFO - [Store 1099] Evaluation - Loss: 0.3216, MAE: 0.3875
2025-04-01 10:46:32 - [Cluster 0 - CLIENT] - INFO - Sent reply
2025-04-01 10:46:32 - [Cluster 0 - CLIENT] - INFO - [Store 410] Evaluation - Loss: 0.2947, MAE: 0.3679
2025-04-01 10:46:32 - [Cluster 0 - CLIENT] - INFO - [Store 440] Evaluation - Loss: 0.3811, MAE: 0.4150
2025-04-01 10:46:32 - [Cluster 0 - CLIENT] - INFO - Sent reply
2025-04-01 10:46:32 - [Cluster 0 - CLIENT] - INFO - Sent reply
2025-04-01 10:46:32 - [Cluster 0 - CLIENT] - INFO - 
2025-04-01 10:46:32 - [Cluster 0 - CLIENT] - INFO - Received: evaluate message be11c1d7-3aa8-4ba8-bdff-d7b9468197e3
2025-04-01 10:46:32 - [Cluster 0 - CLIENT] - INFO - 
2025-04-01 10:46:32 - [Cluster 0 - CLIENT] - INFO - Received: evaluate message c4726210-bd36-4eef-97b9-39f6b6038dc7
2025-04-01 10:46:32 - [Cluster 0 - CLIENT] - INFO - 
2025-04-01 10:46:32 - [Cluster 0 - CLIENT] - INFO - Received: evaluate message 4e554276-03f8-4f37-915e-96af8ab85394
2025-04-01 10:46:32 - [Cluster 0 - CLIENT] - INFO - [Store 628] Evaluation - Loss: 0.3069, MAE: 0.3446
2025-04-01 10:46:32 - [Cluster 0 - CLIENT] - INFO - Sent reply
2025-04-01 10:46:32 - [Cluster 0 - CLIENT] - INFO - [Store 260] Evaluation - Loss: 0.2233, MAE: 0.3053
2025-04-01 10:46:32 - [Cluster 0 - CLIENT] - INFO - Sent reply
2025-04-01 10:46:32 - [Cluster 0 - CLIENT] - INFO - 
2025-04-01 10:46:32 - [Cluster 0 - CLIENT] - INFO - Received: evaluate message 90548c59-6176-4ea8-8d77-1370cd070d41
2025-04-01 10:46:32 - [Cluster 0 - CLIENT] - INFO - 
2025-04-01 10:46:32 - [Cluster 0 - CLIENT] - INFO - Received: evaluate message 5c578412-ea54-4049-950a-834b299b9507
2025-04-01 10:46:32 - [Cluster 0 - CLIENT] - INFO - [Store 922] Evaluation - Loss: 0.2525, MAE: 0.3350
2025-04-01 10:46:32 - [Cluster 0 - CLIENT] - INFO - Sent reply
2025-04-01 10:46:32 - [Cluster 0 - CLIENT] - INFO - [Store 74] Evaluation - Loss: 0.2414, MAE: 0.2819
2025-04-01 10:46:32 - [Cluster 0 - CLIENT] - INFO - Sent reply
2025-04-01 10:46:32 - [Cluster 0 - CLIENT] - INFO - 
2025-04-01 10:46:32 - [Cluster 0 - CLIENT] - INFO - Received: evaluate message 059b1b34-ab85-48d2-ba1f-8bbba60d9619
2025-04-01 10:46:32 - [Cluster 0 - CLIENT] - INFO - 
2025-04-01 10:46:32 - [Cluster 0 - CLIENT] - INFO - Received: evaluate message 11bb5423-6ff2-4db7-bc46-a938e96a02b2
2025-04-01 10:46:32 - [Cluster 0 - CLIENT] - INFO - [Store 305] Evaluation - Loss: 0.4933, MAE: 0.4987
2025-04-01 10:46:32 - [Cluster 0 - CLIENT] - INFO - Sent reply
2025-04-01 10:46:32 - [Cluster 0 - CLIENT] - INFO - 
2025-04-01 10:46:32 - [Cluster 0 - CLIENT] - INFO - Received: evaluate message 2d7cf07e-1ddf-4f04-86e3-1094030d0775
2025-04-01 10:46:33 - [Cluster 0 - CLIENT] - INFO - [Store 857] Evaluation - Loss: 0.3790, MAE: 0.4116
2025-04-01 10:46:33 - [Cluster 0 - CLIENT] - INFO - Sent reply
2025-04-01 10:46:33 - [Cluster 0 - CLIENT] - INFO - 
2025-04-01 10:46:33 - [Cluster 0 - CLIENT] - INFO - Received: evaluate message e1dec11f-be0d-4725-ac7e-b7c0860e3b80
2025-04-01 10:46:33 - [Cluster 0 - CLIENT] - INFO - [Store 65] Evaluation - Loss: 0.2192, MAE: 0.3069
2025-04-01 10:46:33 - [Cluster 0 - CLIENT] - INFO - [Store 200] Evaluation - Loss: 0.3050, MAE: 0.3398
2025-04-01 10:46:33 - [Cluster 0 - CLIENT] - INFO - [Store 47] Evaluation - Loss: 0.2840, MAE: 0.3422
2025-04-01 10:46:33 - [Cluster 0 - CLIENT] - INFO - Sent reply
2025-04-01 10:46:33 - [Cluster 0 - CLIENT] - INFO - Sent reply
2025-04-01 10:46:33 - [Cluster 0 - CLIENT] - INFO - Sent reply
2025-04-01 10:46:33 - [Cluster 0 - CLIENT] - INFO - 
2025-04-01 10:46:33 - [Cluster 0 - CLIENT] - INFO - Received: evaluate message 54df3012-71b0-4d34-8d30-2465edd51444
2025-04-01 10:46:33 - [Cluster 0 - CLIENT] - INFO - 
2025-04-01 10:46:33 - [Cluster 0 - CLIENT] - INFO - Received: evaluate message 763b97a5-cf4a-4c78-9f7c-9aaf94f47f57
2025-04-01 10:46:33 - [Cluster 0 - CLIENT] - INFO - 
2025-04-01 10:46:33 - [Cluster 0 - CLIENT] - INFO - Received: evaluate message 074b128a-c9bc-4727-a459-9ad56bfc9e48
2025-04-01 10:46:33 - [Cluster 0 - CLIENT] - INFO - [Store 511] Evaluation - Loss: 0.2600, MAE: 0.3312
2025-04-01 10:46:33 - [Cluster 0 - CLIENT] - INFO - Sent reply
2025-04-01 10:46:33 - [Cluster 0 - CLIENT] - INFO - [Store 305] Evaluation - Loss: 0.4933, MAE: 0.4987
2025-04-01 10:46:33 - [Cluster 0 - CLIENT] - INFO - Sent reply
2025-04-01 10:46:33 - [Cluster 0 - CLIENT] - INFO - [Store 949] Evaluation - Loss: 0.2038, MAE: 0.3055
2025-04-01 10:46:33 - [Cluster 0 - CLIENT] - INFO - [Store 254] Evaluation - Loss: 0.3281, MAE: 0.3983
2025-04-01 10:46:33 - [Cluster 0 - CLIENT] - INFO - Sent reply
2025-04-01 10:46:33 - [Cluster 0 - CLIENT] - INFO - [Store 730] Evaluation - Loss: 0.1845, MAE: 0.2728
2025-04-01 10:46:33 - [Cluster 0 - CLIENT] - INFO - Sent reply
2025-04-01 10:46:33 - [Cluster 0 - CLIENT] - INFO - Sent reply
2025-04-01 10:46:34 - [Cluster 0 - CLIENT] - INFO - [Store 55] Evaluation - Loss: 0.3149, MAE: 0.4109
2025-04-01 10:46:34 - [Cluster 0 - CLIENT] - INFO - Sent reply
2025-04-01 10:46:34 - [Cluster 0 - CLIENT] - INFO - [Store 718] Evaluation - Loss: 0.2104, MAE: 0.2775
2025-04-01 10:46:34 - [Cluster 0 - CLIENT] - INFO - Sent reply
2025-04-01 10:46:34 - [Cluster 0 - CLIENT] - INFO - [Store 1042] Evaluation - Loss: 0.2847, MAE: 0.3248
2025-04-01 10:46:34 - [Cluster 0 - CLIENT] - INFO - Sent reply
2025-04-01 10:46:34 - [Cluster 0 - CLIENT] - INFO - [Store 1083] Evaluation - Loss: 0.4611, MAE: 0.4778
2025-04-01 10:46:34 - [Cluster 0 - CLIENT] - INFO - Sent reply
2025-04-01 10:46:34 - [Cluster 0 - CLIENT] - INFO - [Store 360] Evaluation - Loss: 0.2210, MAE: 0.3046
2025-04-01 10:46:34 - [Cluster 0 - CLIENT] - INFO - Sent reply
2025-04-01 10:46:34 - [Cluster 0 - CLIENT] - INFO - [Store 658] Evaluation - Loss: 0.1800, MAE: 0.2632
2025-04-01 10:46:34 - [Cluster 0 - CLIENT] - INFO - Sent reply
2025-04-01 10:46:34 - [Cluster 0 - CLIENT] - INFO - [Store 77] Evaluation - Loss: 0.2638, MAE: 0.3410
2025-04-01 10:46:34 - [Cluster 0 - CLIENT] - INFO - [Store 886] Evaluation - Loss: 0.3280, MAE: 0.3828
2025-04-01 10:46:34 - [Cluster 0 - CLIENT] - INFO - Sent reply
2025-04-01 10:46:34 - [Cluster 0 - CLIENT] - INFO - Sent reply
2025-04-01 10:46:34 - [Cluster 0 - CLIENT] - INFO - [Store 795] Evaluation - Loss: 0.2731, MAE: 0.3620
2025-04-01 10:46:34 - [Cluster 0 - CLIENT] - INFO - [Store 201] Evaluation - Loss: 0.2798, MAE: 0.3592
2025-04-01 10:46:34 - [Cluster 0 - CLIENT] - INFO - Sent reply
2025-04-01 10:46:34 - [Cluster 0 - CLIENT] - INFO - Sent reply
2025-04-01 10:46:34 - [Cluster 0 - CLIENT] - INFO - 
2025-04-01 10:46:34 - [Cluster 0 - CLIENT] - INFO - Received: train message 1a0313e1-2216-4882-85b9-097ce2d69ab3
2025-04-01 10:46:34 - [Cluster 0 - CLIENT] - INFO - 
2025-04-01 10:46:34 - [Cluster 0 - CLIENT] - INFO - Received: train message 91af6deb-066d-4ca8-8eef-7c5aae102eb0
2025-04-01 10:46:34 - [Cluster 0 - CLIENT] - INFO - 
2025-04-01 10:46:34 - [Cluster 0 - CLIENT] - INFO - Received: train message 6b5836f1-a8be-4b32-8051-792591a66c5d
2025-04-01 10:46:34 - [Cluster 0 - CLIENT] - INFO - 
2025-04-01 10:46:34 - [Cluster 0 - CLIENT] - INFO - Received: train message b3126b1c-df0a-4084-9e36-aa9b323e57f7
2025-04-01 10:46:34 - [Cluster 0 - CLIENT] - INFO - 
2025-04-01 10:46:34 - [Cluster 0 - CLIENT] - INFO - Received: train message 9d862d84-4fc8-4c36-9eb7-631bdb89d709
2025-04-01 10:46:34 - [Cluster 0 - CLIENT] - INFO - 
2025-04-01 10:46:34 - [Cluster 0 - CLIENT] - INFO - [Store 200] Starting local training.
2025-04-01 10:46:34 - [Cluster 0 - CLIENT] - INFO - Received: train message ff2435de-38ca-472f-847f-d25bf58c8719
2025-04-01 10:46:34 - [Cluster 0 - CLIENT] - INFO - [Store 1099] Starting local training.
2025-04-01 10:46:34 - [Cluster 0 - CLIENT] - INFO - 
2025-04-01 10:46:34 - [Cluster 0 - CLIENT] - INFO - Received: train message 881e5443-e359-4c48-9790-d61945d36256
2025-04-01 10:46:34 - [Cluster 0 - CLIENT] - INFO - [Store 922] Starting local training.
2025-04-01 10:46:34 - [Cluster 0 - CLIENT] - INFO - 
2025-04-01 10:46:34 - [Cluster 0 - CLIENT] - INFO - Received: train message 66d0eb53-4e20-4aec-a6c5-bef2a5c957f3
2025-04-01 10:46:34 - [Cluster 0 - CLIENT] - INFO - [Store 201] Starting local training.
2025-04-01 10:46:34 - [Cluster 0 - CLIENT] - INFO - 
2025-04-01 10:46:34 - [Cluster 0 - CLIENT] - INFO - Received: train message 817e3109-8748-4490-ae3d-390f327316ea
2025-04-01 10:46:34 - [Cluster 0 - CLIENT] - INFO - 
2025-04-01 10:46:34 - [Cluster 0 - CLIENT] - INFO - Received: train message dff5aa81-3f35-4002-84f0-2dbd108d9df8
2025-04-01 10:46:34 - [Cluster 0 - CLIENT] - INFO - [Store 857] Starting local training.
2025-04-01 10:46:34 - [Cluster 0 - CLIENT] - INFO - 
2025-04-01 10:46:34 - [Cluster 0 - CLIENT] - INFO - Received: train message c6c6df31-0f25-4096-bf4b-bedc710eb4cb
2025-04-01 10:46:34 - [Cluster 0 - CLIENT] - INFO - 
2025-04-01 10:46:34 - [Cluster 0 - CLIENT] - INFO - Received: train message c49f43fd-d4e7-45f9-88c7-d001cb29a0a8
2025-04-01 10:46:34 - [Cluster 0 - CLIENT] - INFO - 
2025-04-01 10:46:34 - [Cluster 0 - CLIENT] - INFO - Received: train message 0b43c948-acd8-4331-8b55-46a101f1a33d
2025-04-01 10:46:34 - [Cluster 0 - CLIENT] - INFO - [Store 254] Starting local training.
2025-04-01 10:46:34 - [Cluster 0 - CLIENT] - INFO - 
2025-04-01 10:46:34 - [Cluster 0 - CLIENT] - INFO - Received: train message ea08ea82-b8c4-4053-8891-b4d81b7e746a
2025-04-01 10:46:34 - [Cluster 0 - CLIENT] - INFO - [Store 511] Starting local training.
2025-04-01 10:46:34 - [Cluster 0 - CLIENT] - INFO - [Store 1042] Starting local training.
2025-04-01 10:46:34 - [Cluster 0 - CLIENT] - INFO - [Store 1073] Starting local training.
2025-04-01 10:46:34 - [Cluster 0 - CLIENT] - INFO - 
2025-04-01 10:46:34 - [Cluster 0 - CLIENT] - INFO - [Store 886] Starting local training.
2025-04-01 10:46:34 - [Cluster 0 - CLIENT] - INFO - Received: train message 40b5e021-a331-4bcd-a45c-6b1e382f47af
2025-04-01 10:46:34 - [Cluster 0 - CLIENT] - INFO - [Store 305] Starting local training.
2025-04-01 10:46:34 - [Cluster 0 - CLIENT] - INFO - [Store 77] Starting local training.
2025-04-01 10:46:34 - [Cluster 0 - CLIENT] - INFO - [Store 410] Starting local training.
2025-04-01 10:46:34 - [Cluster 0 - CLIENT] - INFO - [Store 74] Starting local training.
2025-04-01 10:46:34 - [Cluster 0 - CLIENT] - INFO - [Store 440] Starting local training.
2025-04-01 10:51:09 - [Cluster 0 - CLIENT] - INFO - [Store 511] Local training complete.
2025-04-01 10:51:10 - [Cluster 0 - CLIENT] - INFO - Sent reply
2025-04-01 10:51:10 - [Cluster 0 - CLIENT] - INFO - 
2025-04-01 10:51:10 - [Cluster 0 - CLIENT] - INFO - Received: train message e5773ae3-bbcc-41a3-bb5c-d3bf917022ac
2025-04-01 10:51:10 - [Cluster 0 - CLIENT] - INFO - [Store 554] Starting local training.
2025-04-01 10:51:13 - [Cluster 0 - CLIENT] - INFO - [Store 1042] Local training complete.
2025-04-01 10:51:13 - [Cluster 0 - CLIENT] - INFO - Sent reply
2025-04-01 10:51:13 - [Cluster 0 - CLIENT] - INFO - [Store 922] Local training complete.
2025-04-01 10:51:13 - [Cluster 0 - CLIENT] - INFO - 
2025-04-01 10:51:13 - [Cluster 0 - CLIENT] - INFO - Received: train message fd220d70-244e-49ca-ae43-75a808955832
2025-04-01 10:51:13 - [Cluster 0 - CLIENT] - INFO - Sent reply
2025-04-01 10:51:13 - [Cluster 0 - CLIENT] - INFO - [Store 65] Starting local training.
2025-04-01 10:51:13 - [Cluster 0 - CLIENT] - INFO - 
2025-04-01 10:51:13 - [Cluster 0 - CLIENT] - INFO - Received: train message 948491ab-8ed5-4754-8ffd-01d17e2d3cd9
2025-04-01 10:51:13 - [Cluster 0 - CLIENT] - INFO - [Store 260] Starting local training.
2025-04-01 10:51:13 - [Cluster 0 - CLIENT] - INFO - [Store 1099] Local training complete.
2025-04-01 10:51:13 - [Cluster 0 - CLIENT] - INFO - Sent reply
2025-04-01 10:51:13 - [Cluster 0 - CLIENT] - INFO - 
2025-04-01 10:51:13 - [Cluster 0 - CLIENT] - INFO - Received: train message 51f70df4-a87f-4142-8f47-3e6de500df05
2025-04-01 10:51:14 - [Cluster 0 - CLIENT] - INFO - [Store 718] Starting local training.
2025-04-01 10:51:14 - [Cluster 0 - CLIENT] - INFO - [Store 305] Local training complete.
2025-04-01 10:51:14 - [Cluster 0 - CLIENT] - INFO - Sent reply
2025-04-01 10:51:14 - [Cluster 0 - CLIENT] - INFO - 
2025-04-01 10:51:14 - [Cluster 0 - CLIENT] - INFO - Received: train message 4e81cf68-d410-4baf-8318-bbe0edbe4524
2025-04-01 10:51:14 - [Cluster 0 - CLIENT] - INFO - [Store 55] Starting local training.
2025-04-01 10:51:15 - [Cluster 0 - CLIENT] - INFO - [Store 886] Local training complete.
2025-04-01 10:51:15 - [Cluster 0 - CLIENT] - INFO - Sent reply
2025-04-01 10:51:15 - [Cluster 0 - CLIENT] - INFO - [Store 410] Local training complete.
2025-04-01 10:51:15 - [Cluster 0 - CLIENT] - INFO - 
2025-04-01 10:51:15 - [Cluster 0 - CLIENT] - INFO - Received: train message b6393248-a3de-47c1-88ea-a8f8a934d4ac
2025-04-01 10:51:15 - [Cluster 0 - CLIENT] - INFO - Sent reply
2025-04-01 10:51:15 - [Cluster 0 - CLIENT] - INFO - 
2025-04-01 10:51:15 - [Cluster 0 - CLIENT] - INFO - Received: train message 1a743468-6cc9-483a-9ce8-a99c3872d9e6
2025-04-01 10:51:15 - [Cluster 0 - CLIENT] - INFO - [Store 795] Starting local training.
2025-04-01 10:51:15 - [Cluster 0 - CLIENT] - INFO - [Store 628] Starting local training.
2025-04-01 10:51:16 - [Cluster 0 - CLIENT] - INFO - [Store 1073] Local training complete.
2025-04-01 10:51:17 - [Cluster 0 - CLIENT] - INFO - Sent reply
2025-04-01 10:51:17 - [Cluster 0 - CLIENT] - INFO - 
2025-04-01 10:51:17 - [Cluster 0 - CLIENT] - INFO - Received: train message 7a1d0299-a31e-4b05-906d-760156a5d48c
2025-04-01 10:51:17 - [Cluster 0 - CLIENT] - INFO - [Store 658] Starting local training.
2025-04-01 10:51:18 - [Cluster 0 - CLIENT] - INFO - [Store 201] Local training complete.
2025-04-01 10:51:19 - [Cluster 0 - CLIENT] - INFO - Sent reply
2025-04-01 10:51:19 - [Cluster 0 - CLIENT] - INFO - 
2025-04-01 10:51:19 - [Cluster 0 - CLIENT] - INFO - Received: train message e3a2c56d-f03e-410d-8eba-81740ea5f1fc
2025-04-01 10:51:19 - [Cluster 0 - CLIENT] - INFO - [Store 1083] Starting local training.
2025-04-01 10:51:19 - [Cluster 0 - CLIENT] - INFO - [Store 440] Local training complete.
2025-04-01 10:51:20 - [Cluster 0 - CLIENT] - INFO - Sent reply
2025-04-01 10:51:20 - [Cluster 0 - CLIENT] - INFO - 
2025-04-01 10:51:20 - [Cluster 0 - CLIENT] - INFO - Received: train message 011e92f0-ba87-4948-8fe6-7b251b3cedfa
2025-04-01 10:51:20 - [Cluster 0 - CLIENT] - INFO - [Store 305] Starting local training.
2025-04-01 10:51:21 - [Cluster 0 - CLIENT] - INFO - [Store 857] Local training complete.
2025-04-01 10:51:21 - [Cluster 0 - CLIENT] - INFO - Sent reply
2025-04-01 10:51:21 - [Cluster 0 - CLIENT] - INFO - 
2025-04-01 10:51:21 - [Cluster 0 - CLIENT] - INFO - Received: train message 2f013c37-93e9-44ff-aadb-bb92253494b9
2025-04-01 10:51:21 - [Cluster 0 - CLIENT] - INFO - [Store 105] Starting local training.
2025-04-01 10:51:21 - [Cluster 0 - CLIENT] - INFO - [Store 254] Local training complete.
2025-04-01 10:51:21 - [Cluster 0 - CLIENT] - INFO - Sent reply
2025-04-01 10:51:21 - [Cluster 0 - CLIENT] - INFO - 
2025-04-01 10:51:21 - [Cluster 0 - CLIENT] - INFO - Received: train message a06d81c1-b5d8-49e1-bc50-23523dec5b68
2025-04-01 10:51:21 - [Cluster 0 - CLIENT] - INFO - [Store 949] Starting local training.
2025-04-01 10:51:22 - [Cluster 0 - CLIENT] - INFO - [Store 77] Local training complete.
2025-04-01 10:51:22 - [Cluster 0 - CLIENT] - INFO - Sent reply
2025-04-01 10:51:22 - [Cluster 0 - CLIENT] - INFO - 
2025-04-01 10:51:22 - [Cluster 0 - CLIENT] - INFO - Received: train message 3520a433-ad06-4b95-8f8f-d850ee78e039
2025-04-01 10:51:23 - [Cluster 0 - CLIENT] - INFO - [Store 47] Starting local training.
2025-04-01 10:51:25 - [Cluster 0 - CLIENT] - INFO - [Store 74] Local training complete.
2025-04-01 10:51:25 - [Cluster 0 - CLIENT] - INFO - Sent reply
2025-04-01 10:51:25 - [Cluster 0 - CLIENT] - INFO - 
2025-04-01 10:51:25 - [Cluster 0 - CLIENT] - INFO - Received: train message 6ab13e6c-2081-4c7e-a8b8-36334e3a4350
2025-04-01 10:51:26 - [Cluster 0 - CLIENT] - INFO - [Store 730] Starting local training.
2025-04-01 10:51:36 - [Cluster 0 - CLIENT] - INFO - [Store 200] Local training complete.
2025-04-01 10:51:36 - [Cluster 0 - CLIENT] - INFO - Sent reply
2025-04-01 10:51:36 - [Cluster 0 - CLIENT] - INFO - 
2025-04-01 10:51:36 - [Cluster 0 - CLIENT] - INFO - Received: train message 9a68e39e-eee5-471d-961e-eafedd677c6b
2025-04-01 10:51:36 - [Cluster 0 - CLIENT] - INFO - [Store 360] Starting local training.
2025-04-01 10:55:46 - [Cluster 0 - CLIENT] - INFO - [Store 628] Local training complete.
2025-04-01 10:55:46 - [Cluster 0 - CLIENT] - INFO - Sent reply
2025-04-01 10:55:47 - [Cluster 0 - CLIENT] - INFO - [Store 795] Local training complete.
2025-04-01 10:55:48 - [Cluster 0 - CLIENT] - INFO - Sent reply
2025-04-01 10:55:48 - [Cluster 0 - CLIENT] - INFO - [Store 260] Local training complete.
2025-04-01 10:55:48 - [Cluster 0 - CLIENT] - INFO - Sent reply
2025-04-01 10:55:49 - [Cluster 0 - CLIENT] - INFO - [Store 658] Local training complete.
2025-04-01 10:55:49 - [Cluster 0 - CLIENT] - INFO - Sent reply
2025-04-01 10:55:49 - [Cluster 0 - CLIENT] - INFO - [Store 65] Local training complete.
2025-04-01 10:55:49 - [Cluster 0 - CLIENT] - INFO - Sent reply
2025-04-01 10:55:49 - [Cluster 0 - CLIENT] - INFO - [Store 718] Local training complete.
2025-04-01 10:55:49 - [Cluster 0 - CLIENT] - INFO - Sent reply
2025-04-01 10:55:51 - [Cluster 0 - CLIENT] - INFO - [Store 554] Local training complete.
2025-04-01 10:55:51 - [Cluster 0 - CLIENT] - INFO - Sent reply
2025-04-01 10:55:51 - [Cluster 0 - CLIENT] - INFO - [Store 949] Local training complete.
2025-04-01 10:55:51 - [Cluster 0 - CLIENT] - INFO - Sent reply
2025-04-01 10:55:51 - [Cluster 0 - CLIENT] - INFO - [Store 47] Local training complete.
2025-04-01 10:55:52 - [Cluster 0 - CLIENT] - INFO - [Store 1083] Local training complete.
2025-04-01 10:55:52 - [Cluster 0 - CLIENT] - INFO - Sent reply
2025-04-01 10:55:52 - [Cluster 0 - CLIENT] - INFO - Sent reply
2025-04-01 10:55:52 - [Cluster 0 - CLIENT] - INFO - [Store 105] Local training complete.
2025-04-01 10:55:52 - [Cluster 0 - CLIENT] - INFO - Sent reply
2025-04-01 10:55:52 - [Cluster 0 - CLIENT] - INFO - [Store 730] Local training complete.
2025-04-01 10:55:52 - [Cluster 0 - CLIENT] - INFO - Sent reply
2025-04-01 10:55:53 - [Cluster 0 - CLIENT] - INFO - [Store 55] Local training complete.
2025-04-01 10:55:53 - [Cluster 0 - CLIENT] - INFO - Sent reply
2025-04-01 10:55:54 - [Cluster 0 - CLIENT] - INFO - [Store 360] Local training complete.
2025-04-01 10:55:54 - [Cluster 0 - CLIENT] - INFO - Sent reply
2025-04-01 10:55:54 - [Cluster 0 - CLIENT] - INFO - [Store 305] Local training complete.
2025-04-01 10:55:54 - [Cluster 0 - CLIENT] - INFO - Sent reply
2025-04-01 10:55:54 - [Cluster 0 - CLIENT] - INFO - 
2025-04-01 10:55:54 - [Cluster 0 - CLIENT] - INFO - Received: evaluate message 4c133b65-3f26-45ed-a2e7-494ec336887d
2025-04-01 10:55:54 - [Cluster 0 - CLIENT] - INFO - 
2025-04-01 10:55:54 - [Cluster 0 - CLIENT] - INFO - Received: evaluate message 158ba5ea-6a65-4db9-99b4-3d6038f61518
2025-04-01 10:55:54 - [Cluster 0 - CLIENT] - INFO - 
2025-04-01 10:55:54 - [Cluster 0 - CLIENT] - INFO - Received: evaluate message ffbeb810-8b31-4a0f-a5a9-94f72f4e7f29
2025-04-01 10:55:54 - [Cluster 0 - CLIENT] - INFO - 
2025-04-01 10:55:54 - [Cluster 0 - CLIENT] - INFO - Received: evaluate message f95934e8-7b8c-477a-8b9c-961db7ef266a
2025-04-01 10:55:54 - [Cluster 0 - CLIENT] - INFO - 
2025-04-01 10:55:54 - [Cluster 0 - CLIENT] - INFO - Received: evaluate message a165732d-8585-4029-90ed-ed7b851c95f7
2025-04-01 10:55:54 - [Cluster 0 - CLIENT] - INFO - 
2025-04-01 10:55:54 - [Cluster 0 - CLIENT] - INFO - Received: evaluate message 96aee67b-059c-4d70-8bfd-289b95991fd2
2025-04-01 10:55:54 - [Cluster 0 - CLIENT] - INFO - 
2025-04-01 10:55:54 - [Cluster 0 - CLIENT] - INFO - Received: evaluate message 72a9980e-5999-4744-8105-bf352bacd417
2025-04-01 10:55:54 - [Cluster 0 - CLIENT] - INFO - 
2025-04-01 10:55:54 - [Cluster 0 - CLIENT] - INFO - Received: evaluate message dcbdc24d-10cc-4a11-8904-8bb6c44e598d
2025-04-01 10:55:54 - [Cluster 0 - CLIENT] - INFO - 
2025-04-01 10:55:54 - [Cluster 0 - CLIENT] - INFO - Received: evaluate message 70423205-8d0e-4c94-bf7b-4f7164f395f0
2025-04-01 10:55:54 - [Cluster 0 - CLIENT] - INFO - 
2025-04-01 10:55:55 - [Cluster 0 - CLIENT] - INFO - 
2025-04-01 10:55:55 - [Cluster 0 - CLIENT] - INFO - Received: evaluate message e982fc0e-0e9c-433f-8716-3802ba71953f
2025-04-01 10:55:55 - [Cluster 0 - CLIENT] - INFO - Received: evaluate message 25a198ed-9908-403e-9e5b-a9ef28918eda
2025-04-01 10:55:55 - [Cluster 0 - CLIENT] - INFO - 
2025-04-01 10:55:55 - [Cluster 0 - CLIENT] - INFO - Received: evaluate message e4122cb9-6718-4399-b2d9-d7ef070be6ce
2025-04-01 10:55:55 - [Cluster 0 - CLIENT] - INFO - 
2025-04-01 10:55:55 - [Cluster 0 - CLIENT] - INFO - Received: evaluate message cdd9c20c-f007-400f-bf9f-8f9cf9f475ad
2025-04-01 10:55:55 - [Cluster 0 - CLIENT] - INFO - 
2025-04-01 10:55:55 - [Cluster 0 - CLIENT] - INFO - 
2025-04-01 10:55:55 - [Cluster 0 - CLIENT] - INFO - Received: evaluate message f3dbb5b6-85a8-490e-9604-a78fc47de77d
2025-04-01 10:55:55 - [Cluster 0 - CLIENT] - INFO - Received: evaluate message 13be41b6-5c6a-4e1f-bfc1-727711644a57
2025-04-01 10:55:56 - [Cluster 0 - CLIENT] - INFO - [Store 47] Evaluation - Loss: 0.2926, MAE: 0.3452
2025-04-01 10:55:56 - [Cluster 0 - CLIENT] - INFO - Sent reply
2025-04-01 10:55:56 - [Cluster 0 - CLIENT] - INFO - [Store 730] Evaluation - Loss: 0.1853, MAE: 0.2707
2025-04-01 10:55:56 - [Cluster 0 - CLIENT] - INFO - Sent reply
2025-04-01 10:55:56 - [Cluster 0 - CLIENT] - INFO - 
2025-04-01 10:55:56 - [Cluster 0 - CLIENT] - INFO - Received: evaluate message 27e647f1-204e-4a7d-86a3-6d46f58153cd
2025-04-01 10:55:56 - [Cluster 0 - CLIENT] - INFO - 
2025-04-01 10:55:56 - [Cluster 0 - CLIENT] - INFO - Received: evaluate message 16281bf3-7665-41b7-8f96-53451519cbca
2025-04-01 10:55:56 - [Cluster 0 - CLIENT] - INFO - [Store 105] Evaluation - Loss: 0.3374, MAE: 0.4232
2025-04-01 10:55:56 - [Cluster 0 - CLIENT] - INFO - Sent reply
2025-04-01 10:55:56 - [Cluster 0 - CLIENT] - INFO - 
2025-04-01 10:55:56 - [Cluster 0 - CLIENT] - INFO - Received: evaluate message dd24871b-3380-4c87-a99e-eaac67e49568
2025-04-01 10:55:56 - [Cluster 0 - CLIENT] - INFO - [Store 77] Evaluation - Loss: 0.2688, MAE: 0.3453
2025-04-01 10:55:56 - [Cluster 0 - CLIENT] - INFO - Sent reply
2025-04-01 10:55:56 - [Cluster 0 - CLIENT] - INFO - [Store 795] Evaluation - Loss: 0.2711, MAE: 0.3628
2025-04-01 10:55:56 - [Cluster 0 - CLIENT] - INFO - [Store 628] Evaluation - Loss: 0.3049, MAE: 0.3465
2025-04-01 10:55:56 - [Cluster 0 - CLIENT] - INFO - Sent reply
2025-04-01 10:55:56 - [Cluster 0 - CLIENT] - INFO - [Store 440] Evaluation - Loss: 0.3843, MAE: 0.4162
2025-04-01 10:55:56 - [Cluster 0 - CLIENT] - INFO - [Store 718] Evaluation - Loss: 0.2092, MAE: 0.2757
2025-04-01 10:55:56 - [Cluster 0 - CLIENT] - INFO - Sent reply
2025-04-01 10:55:56 - [Cluster 0 - CLIENT] - INFO - Sent reply
2025-04-01 10:55:56 - [Cluster 0 - CLIENT] - INFO - Sent reply
2025-04-01 10:55:56 - [Cluster 0 - CLIENT] - INFO - 
2025-04-01 10:55:56 - [Cluster 0 - CLIENT] - INFO - Received: evaluate message 27b00a0a-bbe5-4b7f-8f07-f6f114002149
2025-04-01 10:55:56 - [Cluster 0 - CLIENT] - INFO - 
2025-04-01 10:55:56 - [Cluster 0 - CLIENT] - INFO - 
2025-04-01 10:55:56 - [Cluster 0 - CLIENT] - INFO - Received: evaluate message 5559e2fc-afcb-40f4-bd9b-7a0a0a138485
2025-04-01 10:55:56 - [Cluster 0 - CLIENT] - INFO - Received: evaluate message 27aa3140-254c-4404-aa25-c2b0bb0574c6
2025-04-01 10:55:56 - [Cluster 0 - CLIENT] - INFO - [Store 1042] Evaluation - Loss: 0.2818, MAE: 0.3252
2025-04-01 10:55:56 - [Cluster 0 - CLIENT] - INFO - 
2025-04-01 10:55:56 - [Cluster 0 - CLIENT] - INFO - Received: evaluate message 51a40efa-bd5c-4c07-befd-19801953f8ac
2025-04-01 10:55:56 - [Cluster 0 - CLIENT] - INFO - Sent reply
2025-04-01 10:55:56 - [Cluster 0 - CLIENT] - INFO - 
2025-04-01 10:55:56 - [Cluster 0 - CLIENT] - INFO - Received: evaluate message eb9023d8-9b65-45ef-8004-02a295172f7b
2025-04-01 10:55:56 - [Cluster 0 - CLIENT] - INFO - 
2025-04-01 10:55:56 - [Cluster 0 - CLIENT] - INFO - Received: evaluate message 1e3ba74f-f341-46f1-b1c5-b398bb482de3
2025-04-01 10:55:56 - [Cluster 0 - CLIENT] - INFO - [Store 200] Evaluation - Loss: 0.2997, MAE: 0.3295
2025-04-01 10:55:56 - [Cluster 0 - CLIENT] - INFO - Sent reply
2025-04-01 10:55:56 - [Cluster 0 - CLIENT] - INFO - 
2025-04-01 10:55:56 - [Cluster 0 - CLIENT] - INFO - Received: evaluate message 056a8436-be3f-4efa-8617-dc08ab7522ce
2025-04-01 10:55:56 - [Cluster 0 - CLIENT] - INFO - [Store 1073] Evaluation - Loss: 1.8129, MAE: 0.9315
2025-04-01 10:55:56 - [Cluster 0 - CLIENT] - INFO - Sent reply
2025-04-01 10:55:56 - [Cluster 0 - CLIENT] - INFO - 
2025-04-01 10:55:56 - [Cluster 0 - CLIENT] - INFO - Received: evaluate message bd213600-7ee3-49c1-b09b-ec7498890705
2025-04-01 10:55:56 - [Cluster 0 - CLIENT] - INFO - [Store 201] Evaluation - Loss: 0.2757, MAE: 0.3550
2025-04-01 10:55:56 - [Cluster 0 - CLIENT] - INFO - Sent reply
2025-04-01 10:55:56 - [Cluster 0 - CLIENT] - INFO - 
2025-04-01 10:55:56 - [Cluster 0 - CLIENT] - INFO - Received: evaluate message c5dec1dc-9e96-459f-9eea-78e0e2be71ed
2025-04-01 10:55:56 - [Cluster 0 - CLIENT] - INFO - [Store 886] Evaluation - Loss: 0.3289, MAE: 0.3852
2025-04-01 10:55:56 - [Cluster 0 - CLIENT] - INFO - Sent reply
2025-04-01 10:55:56 - [Cluster 0 - CLIENT] - INFO - [Store 410] Evaluation - Loss: 0.2931, MAE: 0.3688
2025-04-01 10:55:57 - [Cluster 0 - CLIENT] - INFO - Sent reply
2025-04-01 10:55:57 - [Cluster 0 - CLIENT] - INFO - 
2025-04-01 10:55:57 - [Cluster 0 - CLIENT] - INFO - Received: evaluate message cd3060d3-a457-42f1-92d7-6ee32a59999b
2025-04-01 10:55:57 - [Cluster 0 - CLIENT] - INFO - 
2025-04-01 10:55:57 - [Cluster 0 - CLIENT] - INFO - Received: evaluate message 4e44d330-4e8c-46a9-9b90-8d80a07a0d60
2025-04-01 10:55:57 - [Cluster 0 - CLIENT] - INFO - [Store 305] Evaluation - Loss: 0.5203, MAE: 0.5164
2025-04-01 10:55:57 - [Cluster 0 - CLIENT] - INFO - Sent reply
2025-04-01 10:55:57 - [Cluster 0 - CLIENT] - INFO - 
2025-04-01 10:55:57 - [Cluster 0 - CLIENT] - INFO - Received: evaluate message 877aa4a7-d3eb-4ea1-a583-ca698268fa77
2025-04-01 10:55:57 - [Cluster 0 - CLIENT] - INFO - [Store 658] Evaluation - Loss: 0.1831, MAE: 0.2668
2025-04-01 10:55:57 - [Cluster 0 - CLIENT] - INFO - Sent reply
2025-04-01 10:55:57 - [Cluster 0 - CLIENT] - INFO - [Store 554] Evaluation - Loss: 0.6405, MAE: 0.5869
2025-04-01 10:55:57 - [Cluster 0 - CLIENT] - INFO - Sent reply
2025-04-01 10:55:57 - [Cluster 0 - CLIENT] - INFO - [Store 922] Evaluation - Loss: 0.2481, MAE: 0.3302
2025-04-01 10:55:57 - [Cluster 0 - CLIENT] - INFO - Sent reply
2025-04-01 10:55:57 - [Cluster 0 - CLIENT] - INFO - [Store 260] Evaluation - Loss: 0.2180, MAE: 0.2907
2025-04-01 10:55:57 - [Cluster 0 - CLIENT] - INFO - [Store 305] Evaluation - Loss: 0.5203, MAE: 0.5164
2025-04-01 10:55:57 - [Cluster 0 - CLIENT] - INFO - Sent reply
2025-04-01 10:55:57 - [Cluster 0 - CLIENT] - INFO - Sent reply
2025-04-01 10:55:57 - [Cluster 0 - CLIENT] - INFO - [Store 65] Evaluation - Loss: 0.2201, MAE: 0.3089
2025-04-01 10:55:57 - [Cluster 0 - CLIENT] - INFO - Sent reply
2025-04-01 10:55:57 - [Cluster 0 - CLIENT] - INFO - [Store 360] Evaluation - Loss: 0.2228, MAE: 0.3090
2025-04-01 10:55:57 - [Cluster 0 - CLIENT] - INFO - [Store 511] Evaluation - Loss: 0.2580, MAE: 0.3220
2025-04-01 10:55:57 - [Cluster 0 - CLIENT] - INFO - Sent reply
2025-04-01 10:55:57 - [Cluster 0 - CLIENT] - INFO - Sent reply
2025-04-01 10:55:57 - [Cluster 0 - CLIENT] - INFO - [Store 254] Evaluation - Loss: 0.3294, MAE: 0.4017
2025-04-01 10:55:57 - [Cluster 0 - CLIENT] - INFO - Sent reply
2025-04-01 10:55:57 - [Cluster 0 - CLIENT] - INFO - [Store 857] Evaluation - Loss: 0.3869, MAE: 0.4165
2025-04-01 10:55:57 - [Cluster 0 - CLIENT] - INFO - Sent reply
2025-04-01 10:55:58 - [Cluster 0 - CLIENT] - INFO - [Store 949] Evaluation - Loss: 0.2098, MAE: 0.3099
2025-04-01 10:55:58 - [Cluster 0 - CLIENT] - INFO - Sent reply
2025-04-01 10:55:58 - [Cluster 0 - CLIENT] - INFO - [Store 55] Evaluation - Loss: 0.3286, MAE: 0.4220
2025-04-01 10:55:58 - [Cluster 0 - CLIENT] - INFO - Sent reply
2025-04-01 10:55:58 - [Cluster 0 - CLIENT] - INFO - [Store 74] Evaluation - Loss: 0.2396, MAE: 0.2831
2025-04-01 10:55:58 - [Cluster 0 - CLIENT] - INFO - Sent reply
2025-04-01 10:55:58 - [Cluster 0 - CLIENT] - INFO - [Store 1099] Evaluation - Loss: 0.3166, MAE: 0.3833
2025-04-01 10:55:58 - [Cluster 0 - CLIENT] - INFO - [Store 1083] Evaluation - Loss: 0.4797, MAE: 0.4854
2025-04-01 10:55:58 - [Cluster 0 - CLIENT] - INFO - Sent reply
2025-04-01 10:55:58 - [Cluster 0 - CLIENT] - INFO - Sent reply
2025-04-01 10:55:58 - [Cluster 0 - CLIENT] - INFO - 
2025-04-01 10:55:58 - [Cluster 0 - CLIENT] - INFO - Received: train message 5969aa74-8158-403d-ad5d-c1074430b0f9
2025-04-01 10:55:58 - [Cluster 0 - CLIENT] - INFO - 
2025-04-01 10:55:58 - [Cluster 0 - CLIENT] - INFO - Received: train message 61519edf-3597-4423-80ee-6e11678b4d06
2025-04-01 10:55:58 - [Cluster 0 - CLIENT] - INFO - 
2025-04-01 10:55:58 - [Cluster 0 - CLIENT] - INFO - Received: train message 2df64108-49da-4374-becd-52b70238e175
2025-04-01 10:55:58 - [Cluster 0 - CLIENT] - INFO - [Store 55] Starting local training.
2025-04-01 10:55:58 - [Cluster 0 - CLIENT] - INFO - 
2025-04-01 10:55:58 - [Cluster 0 - CLIENT] - INFO - Received: train message d840a8b9-b88c-4684-943a-0bae9a7d192d
2025-04-01 10:55:58 - [Cluster 0 - CLIENT] - INFO - 
2025-04-01 10:55:58 - [Cluster 0 - CLIENT] - INFO - Received: train message f79d0282-27aa-47d7-ba5c-bf8a263c6e54
2025-04-01 10:55:58 - [Cluster 0 - CLIENT] - INFO - [Store 718] Starting local training.
2025-04-01 10:55:58 - [Cluster 0 - CLIENT] - INFO - 
2025-04-01 10:55:58 - [Cluster 0 - CLIENT] - INFO - Received: train message c34038ae-75b9-476a-9513-c71855fb971e
2025-04-01 10:55:58 - [Cluster 0 - CLIENT] - INFO - [Store 922] Starting local training.
2025-04-01 10:55:58 - [Cluster 0 - CLIENT] - INFO - 
2025-04-01 10:55:58 - [Cluster 0 - CLIENT] - INFO - Received: train message cac7463b-3b31-4c2e-a93e-1fc7aac3cb6b
2025-04-01 10:55:58 - [Cluster 0 - CLIENT] - INFO - 
2025-04-01 10:55:58 - [Cluster 0 - CLIENT] - INFO - Received: train message c7d487ea-96a4-4b7b-8bd5-cea868f91048
2025-04-01 10:55:58 - [Cluster 0 - CLIENT] - INFO - 
2025-04-01 10:55:58 - [Cluster 0 - CLIENT] - INFO - Received: train message 5a069729-ff86-44c6-bc5a-d6b8b98db58d
2025-04-01 10:55:58 - [Cluster 0 - CLIENT] - INFO - [Store 857] Starting local training.
2025-04-01 10:55:58 - [Cluster 0 - CLIENT] - INFO - 
2025-04-01 10:55:58 - [Cluster 0 - CLIENT] - INFO - Received: train message 8144e104-e123-40b0-b923-d8489a84bde4
2025-04-01 10:55:58 - [Cluster 0 - CLIENT] - INFO - 
2025-04-01 10:55:58 - [Cluster 0 - CLIENT] - INFO - 
2025-04-01 10:55:58 - [Cluster 0 - CLIENT] - INFO - Received: train message 102cee48-bb51-436a-aa34-cd48f59ba889
2025-04-01 10:55:58 - [Cluster 0 - CLIENT] - INFO - Received: train message c24b3744-d46f-4abc-8d0a-ce6eb85a1b0e
2025-04-01 10:55:58 - [Cluster 0 - CLIENT] - INFO - 
2025-04-01 10:55:58 - [Cluster 0 - CLIENT] - INFO - Received: train message 6ce167cf-4ff4-4ae5-9b50-c4f73ddbc6c0
2025-04-01 10:55:58 - [Cluster 0 - CLIENT] - INFO - [Store 260] Starting local training.
2025-04-01 10:55:58 - [Cluster 0 - CLIENT] - INFO - 
2025-04-01 10:55:58 - [Cluster 0 - CLIENT] - INFO - Received: train message 92208043-19c1-425a-a9d3-68be1aa23ebe
2025-04-01 10:55:58 - [Cluster 0 - CLIENT] - INFO - [Store 1073] Starting local training.
2025-04-01 10:55:58 - [Cluster 0 - CLIENT] - INFO - 
2025-04-01 10:55:58 - [Cluster 0 - CLIENT] - INFO - Received: train message 0643750c-556e-41a5-91e1-d03117f0c376
2025-04-01 10:55:58 - [Cluster 0 - CLIENT] - INFO - [Store 65] Starting local training.
2025-04-01 10:55:58 - [Cluster 0 - CLIENT] - INFO - [Store 254] Starting local training.
2025-04-01 10:55:58 - [Cluster 0 - CLIENT] - INFO - [Store 200] Starting local training.
2025-04-01 10:55:58 - [Cluster 0 - CLIENT] - INFO - [Store 730] Starting local training.
2025-04-01 10:55:58 - [Cluster 0 - CLIENT] - INFO - [Store 440] Starting local training.
2025-04-01 10:55:58 - [Cluster 0 - CLIENT] - INFO - [Store 410] Starting local training.
2025-04-01 10:55:58 - [Cluster 0 - CLIENT] - INFO - [Store 1083] Starting local training.
2025-04-01 10:55:58 - [Cluster 0 - CLIENT] - INFO - [Store 201] Starting local training.
2025-04-01 10:55:58 - [Cluster 0 - CLIENT] - INFO - [Store 47] Starting local training.
2025-04-01 11:00:11 - [Cluster 0 - CLIENT] - INFO - [Store 440] Local training complete.
2025-04-01 11:00:12 - [Cluster 0 - CLIENT] - INFO - Sent reply
2025-04-01 11:00:12 - [Cluster 0 - CLIENT] - INFO - 
2025-04-01 11:00:12 - [Cluster 0 - CLIENT] - INFO - Received: train message 4c1f5704-9427-4962-b4e3-69f0bce2b341
2025-04-01 11:00:12 - [Cluster 0 - CLIENT] - INFO - [Store 1099] Starting local training.
2025-04-01 11:00:12 - [Cluster 0 - CLIENT] - INFO - [Store 1073] Local training complete.
2025-04-01 11:00:12 - [Cluster 0 - CLIENT] - INFO - Sent reply
2025-04-01 11:00:12 - [Cluster 0 - CLIENT] - INFO - 
2025-04-01 11:00:12 - [Cluster 0 - CLIENT] - INFO - Received: train message 615fed70-a319-495d-ab15-acc4e9e1e7b6
2025-04-01 11:00:12 - [Cluster 0 - CLIENT] - INFO - [Store 795] Starting local training.
2025-04-01 11:00:12 - [Cluster 0 - CLIENT] - INFO - [Store 55] Local training complete.
2025-04-01 11:00:12 - [Cluster 0 - CLIENT] - INFO - Sent reply
2025-04-01 11:00:12 - [Cluster 0 - CLIENT] - INFO - 
2025-04-01 11:00:12 - [Cluster 0 - CLIENT] - INFO - Received: train message da984d20-0e50-4792-82f1-72de5def438d
2025-04-01 11:00:12 - [Cluster 0 - CLIENT] - INFO - [Store 360] Starting local training.
2025-04-01 11:00:15 - [Cluster 0 - CLIENT] - INFO - [Store 65] Local training complete.
2025-04-01 11:00:15 - [Cluster 0 - CLIENT] - INFO - Sent reply
2025-04-01 11:00:15 - [Cluster 0 - CLIENT] - INFO - 
2025-04-01 11:00:15 - [Cluster 0 - CLIENT] - INFO - Received: train message 288d2084-7d8e-408d-8303-dcba86510ba8
2025-04-01 11:00:15 - [Cluster 0 - CLIENT] - INFO - [Store 658] Starting local training.
2025-04-01 11:00:16 - [Cluster 0 - CLIENT] - INFO - [Store 200] Local training complete.
2025-04-01 11:00:16 - [Cluster 0 - CLIENT] - INFO - Sent reply
2025-04-01 11:00:16 - [Cluster 0 - CLIENT] - INFO - 
2025-04-01 11:00:16 - [Cluster 0 - CLIENT] - INFO - Received: train message 75bbc61a-4b1c-4401-94b2-9591f9e53d48
2025-04-01 11:00:16 - [Cluster 0 - CLIENT] - INFO - [Store 1042] Starting local training.
2025-04-01 11:00:17 - [Cluster 0 - CLIENT] - INFO - [Store 47] Local training complete.
2025-04-01 11:00:18 - [Cluster 0 - CLIENT] - INFO - Sent reply
2025-04-01 11:00:18 - [Cluster 0 - CLIENT] - INFO - 
2025-04-01 11:00:18 - [Cluster 0 - CLIENT] - INFO - Received: train message af506d2d-c608-4308-ac57-edae04b88ad7
2025-04-01 11:00:18 - [Cluster 0 - CLIENT] - INFO - [Store 511] Starting local training.
2025-04-01 11:00:18 - [Cluster 0 - CLIENT] - INFO - [Store 730] Local training complete.
2025-04-01 11:00:18 - [Cluster 0 - CLIENT] - INFO - Sent reply
2025-04-01 11:00:18 - [Cluster 0 - CLIENT] - INFO - 
2025-04-01 11:00:18 - [Cluster 0 - CLIENT] - INFO - Received: train message e409607f-9a0d-4d42-ae3c-c2842963306f
2025-04-01 11:00:18 - [Cluster 0 - CLIENT] - INFO - [Store 886] Starting local training.
2025-04-01 11:00:18 - [Cluster 0 - CLIENT] - INFO - [Store 254] Local training complete.
2025-04-01 11:00:18 - [Cluster 0 - CLIENT] - INFO - Sent reply
2025-04-01 11:00:18 - [Cluster 0 - CLIENT] - INFO - 
2025-04-01 11:00:18 - [Cluster 0 - CLIENT] - INFO - Received: train message d784435c-aa71-4939-917e-8ce8ead7268e
2025-04-01 11:00:19 - [Cluster 0 - CLIENT] - INFO - [Store 1083] Local training complete.
2025-04-01 11:00:19 - [Cluster 0 - CLIENT] - INFO - [Store 77] Starting local training.
2025-04-01 11:00:19 - [Cluster 0 - CLIENT] - INFO - Sent reply
2025-04-01 11:00:19 - [Cluster 0 - CLIENT] - INFO - 
2025-04-01 11:00:19 - [Cluster 0 - CLIENT] - INFO - Received: train message 9c4a6a23-8bef-47b0-9234-469ecc510c64
2025-04-01 11:00:19 - [Cluster 0 - CLIENT] - INFO - [Store 305] Starting local training.
2025-04-01 11:00:20 - [Cluster 0 - CLIENT] - INFO - [Store 922] Local training complete.
2025-04-01 11:00:20 - [Cluster 0 - CLIENT] - INFO - [Store 410] Local training complete.
2025-04-01 11:00:20 - [Cluster 0 - CLIENT] - INFO - [Store 857] Local training complete.
2025-04-01 11:00:20 - [Cluster 0 - CLIENT] - INFO - Sent reply
2025-04-01 11:00:20 - [Cluster 0 - CLIENT] - INFO - Sent reply
2025-04-01 11:00:20 - [Cluster 0 - CLIENT] - INFO - Sent reply
2025-04-01 11:00:20 - [Cluster 0 - CLIENT] - INFO - 
2025-04-01 11:00:20 - [Cluster 0 - CLIENT] - INFO - Received: train message 98609242-e8a0-4635-806f-16b42d494b9e
2025-04-01 11:00:20 - [Cluster 0 - CLIENT] - INFO - 
2025-04-01 11:00:20 - [Cluster 0 - CLIENT] - INFO - Received: train message dd91341a-cc97-4c66-9416-bb581ffa3146
2025-04-01 11:00:20 - [Cluster 0 - CLIENT] - INFO - 
2025-04-01 11:00:20 - [Cluster 0 - CLIENT] - INFO - Received: train message 62e71c42-74fd-4e8c-931c-8481ec33313d
2025-04-01 11:00:20 - [Cluster 0 - CLIENT] - INFO - [Store 105] Starting local training.
2025-04-01 11:00:20 - [Cluster 0 - CLIENT] - INFO - [Store 554] Starting local training.
2025-04-01 11:00:20 - [Cluster 0 - CLIENT] - INFO - [Store 74] Starting local training.
2025-04-01 11:00:20 - [Cluster 0 - CLIENT] - INFO - [Store 260] Local training complete.
2025-04-01 11:00:20 - [Cluster 0 - CLIENT] - INFO - Sent reply
2025-04-01 11:00:20 - [Cluster 0 - CLIENT] - INFO - 
2025-04-01 11:00:20 - [Cluster 0 - CLIENT] - INFO - Received: train message 52d0ba8c-c16d-4bfa-8b10-4042d2461dea
2025-04-01 11:00:20 - [Cluster 0 - CLIENT] - INFO - [Store 201] Local training complete.
2025-04-01 11:00:20 - [Cluster 0 - CLIENT] - INFO - Sent reply
2025-04-01 11:00:20 - [Cluster 0 - CLIENT] - INFO - 
2025-04-01 11:00:20 - [Cluster 0 - CLIENT] - INFO - Received: train message 63e7b96b-dc46-45bd-b61a-7f2f4401e7f6
2025-04-01 11:00:20 - [Cluster 0 - CLIENT] - INFO - [Store 718] Local training complete.
2025-04-01 11:00:20 - [Cluster 0 - CLIENT] - INFO - [Store 949] Starting local training.
2025-04-01 11:00:21 - [Cluster 0 - CLIENT] - INFO - [Store 628] Starting local training.
2025-04-01 11:00:21 - [Cluster 0 - CLIENT] - INFO - Sent reply
2025-04-01 11:00:21 - [Cluster 0 - CLIENT] - INFO - 
2025-04-01 11:00:21 - [Cluster 0 - CLIENT] - INFO - Received: train message f1491569-16f6-48c6-b868-8e23026b2ddf
2025-04-01 11:00:21 - [Cluster 0 - CLIENT] - INFO - [Store 305] Starting local training.
2025-04-01 11:03:50 - [Cluster 0 - CLIENT] - INFO - [Store 795] Local training complete.
2025-04-01 11:03:50 - [Cluster 0 - CLIENT] - INFO - Sent reply
2025-04-01 11:03:52 - [Cluster 0 - CLIENT] - INFO - [Store 1099] Local training complete.
2025-04-01 11:03:52 - [Cluster 0 - CLIENT] - INFO - Sent reply
2025-04-01 11:03:53 - [Cluster 0 - CLIENT] - INFO - [Store 511] Local training complete.
2025-04-01 11:03:53 - [Cluster 0 - CLIENT] - INFO - [Store 658] Local training complete.
2025-04-01 11:03:53 - [Cluster 0 - CLIENT] - INFO - Sent reply
2025-04-01 11:03:53 - [Cluster 0 - CLIENT] - INFO - Sent reply
2025-04-01 11:03:54 - [Cluster 0 - CLIENT] - INFO - [Store 305] Local training complete.
2025-04-01 11:03:55 - [Cluster 0 - CLIENT] - INFO - Sent reply
2025-04-01 11:03:56 - [Cluster 0 - CLIENT] - INFO - [Store 305] Local training complete.
2025-04-01 11:03:56 - [Cluster 0 - CLIENT] - INFO - Sent reply
2025-04-01 11:03:56 - [Cluster 0 - CLIENT] - INFO - [Store 1042] Local training complete.
2025-04-01 11:03:56 - [Cluster 0 - CLIENT] - INFO - Sent reply
2025-04-01 11:03:57 - [Cluster 0 - CLIENT] - INFO - [Store 105] Local training complete.
2025-04-01 11:03:57 - [Cluster 0 - CLIENT] - INFO - Sent reply
2025-04-01 11:03:57 - [Cluster 0 - CLIENT] - INFO - [Store 628] Local training complete.
2025-04-01 11:03:57 - [Cluster 0 - CLIENT] - INFO - Sent reply
2025-04-01 11:03:57 - [Cluster 0 - CLIENT] - INFO - [Store 77] Local training complete.
2025-04-01 11:03:57 - [Cluster 0 - CLIENT] - INFO - [Store 554] Local training complete.
2025-04-01 11:03:57 - [Cluster 0 - CLIENT] - INFO - Sent reply
2025-04-01 11:03:57 - [Cluster 0 - CLIENT] - INFO - Sent reply
2025-04-01 11:03:58 - [Cluster 0 - CLIENT] - INFO - [Store 949] Local training complete.
2025-04-01 11:03:58 - [Cluster 0 - CLIENT] - INFO - Sent reply
2025-04-01 11:03:59 - [Cluster 0 - CLIENT] - INFO - [Store 360] Local training complete.
2025-04-01 11:03:59 - [Cluster 0 - CLIENT] - INFO - Sent reply
2025-04-01 11:04:00 - [Cluster 0 - CLIENT] - INFO - [Store 74] Local training complete.
2025-04-01 11:04:00 - [Cluster 0 - CLIENT] - INFO - Sent reply
2025-04-01 11:04:13 - [Cluster 0 - CLIENT] - INFO - [Store 886] Local training complete.
2025-04-01 11:04:13 - [Cluster 0 - CLIENT] - INFO - Sent reply
2025-04-01 11:04:13 - [Cluster 0 - CLIENT] - INFO - 
2025-04-01 11:04:13 - [Cluster 0 - CLIENT] - INFO - Received: evaluate message db152d24-481e-4bd7-a2c8-f9512852eab7
2025-04-01 11:04:13 - [Cluster 0 - CLIENT] - INFO - 
2025-04-01 11:04:13 - [Cluster 0 - CLIENT] - INFO - Received: evaluate message bf452863-5494-4891-b1f9-c3b60f924a14
2025-04-01 11:04:13 - [Cluster 0 - CLIENT] - INFO - 
2025-04-01 11:04:13 - [Cluster 0 - CLIENT] - INFO - Received: evaluate message 9026647f-088d-4f68-a34b-66bd72b16784
2025-04-01 11:04:13 - [Cluster 0 - CLIENT] - INFO - 
2025-04-01 11:04:13 - [Cluster 0 - CLIENT] - INFO - Received: evaluate message 2b5543ec-92d9-4386-989c-fadfb635b050
2025-04-01 11:04:13 - [Cluster 0 - CLIENT] - INFO - 
2025-04-01 11:04:13 - [Cluster 0 - CLIENT] - INFO - Received: evaluate message 3eaaafa6-e23b-4ff2-910d-c42fcad00e6f
2025-04-01 11:04:13 - [Cluster 0 - CLIENT] - INFO - 
2025-04-01 11:04:13 - [Cluster 0 - CLIENT] - INFO - Received: evaluate message 0928873b-443e-4797-99c6-bdd084d8f864
2025-04-01 11:04:13 - [Cluster 0 - CLIENT] - INFO - 
2025-04-01 11:04:13 - [Cluster 0 - CLIENT] - INFO - 
2025-04-01 11:04:13 - [Cluster 0 - CLIENT] - INFO - Received: evaluate message cd500cff-9778-4b33-8844-91852d15c63c
2025-04-01 11:04:13 - [Cluster 0 - CLIENT] - INFO - Received: evaluate message d1721ad9-149b-4816-ac79-a6a53b620b4f
2025-04-01 11:04:13 - [Cluster 0 - CLIENT] - INFO - 
2025-04-01 11:04:13 - [Cluster 0 - CLIENT] - INFO - Received: evaluate message 8393770a-6b20-43c5-83c1-ad75d27c8fb3
2025-04-01 11:04:13 - [Cluster 0 - CLIENT] - INFO - 
2025-04-01 11:04:13 - [Cluster 0 - CLIENT] - INFO - Received: evaluate message de2e9315-326d-4411-9b31-ab3c9feb6d58
2025-04-01 11:04:13 - [Cluster 0 - CLIENT] - INFO - 
2025-04-01 11:04:13 - [Cluster 0 - CLIENT] - INFO - 
2025-04-01 11:04:13 - [Cluster 0 - CLIENT] - INFO - Received: evaluate message b35e2c8c-ed10-46be-ab12-b97601d1b9f5
2025-04-01 11:04:13 - [Cluster 0 - CLIENT] - INFO - Received: evaluate message 6e58cf73-4b54-4f66-a009-10614919b540
2025-04-01 11:04:13 - [Cluster 0 - CLIENT] - INFO - 
2025-04-01 11:04:13 - [Cluster 0 - CLIENT] - INFO - Received: evaluate message c94a02a0-077f-4dec-8431-c5f490b83737
2025-04-01 11:04:13 - [Cluster 0 - CLIENT] - INFO - 
2025-04-01 11:04:13 - [Cluster 0 - CLIENT] - INFO - Received: evaluate message dd34db74-ec01-40ce-8f43-30ff0b1541a1
2025-04-01 11:04:13 - [Cluster 0 - CLIENT] - INFO - 
2025-04-01 11:04:13 - [Cluster 0 - CLIENT] - INFO - Received: evaluate message 8001f9cd-473e-4441-9852-77ac5e02228e
2025-04-01 11:04:14 - [Cluster 0 - CLIENT] - INFO - [Store 77] Evaluation - Loss: 0.2601, MAE: 0.3443
2025-04-01 11:04:14 - [Cluster 0 - CLIENT] - INFO - Sent reply
2025-04-01 11:04:14 - [Cluster 0 - CLIENT] - INFO - 
2025-04-01 11:04:14 - [Cluster 0 - CLIENT] - INFO - Received: evaluate message 7e9ce269-bd46-406a-8372-9fea8d5a3619
2025-04-01 11:04:14 - [Cluster 0 - CLIENT] - INFO - [Store 1099] Evaluation - Loss: 0.3135, MAE: 0.3790
2025-04-01 11:04:14 - [Cluster 0 - CLIENT] - INFO - Sent reply
2025-04-01 11:04:14 - [Cluster 0 - CLIENT] - INFO - 
2025-04-01 11:04:14 - [Cluster 0 - CLIENT] - INFO - Received: evaluate message fda6d2dc-740c-4564-9df4-9965eb582d90
2025-04-01 11:04:14 - [Cluster 0 - CLIENT] - INFO - [Store 1042] Evaluation - Loss: 0.2804, MAE: 0.3260
2025-04-01 11:04:14 - [Cluster 0 - CLIENT] - INFO - Sent reply
2025-04-01 11:04:14 - [Cluster 0 - CLIENT] - INFO - [Store 105] Evaluation - Loss: 0.3130, MAE: 0.3980
2025-04-01 11:04:14 - [Cluster 0 - CLIENT] - INFO - Sent reply
2025-04-01 11:04:14 - [Cluster 0 - CLIENT] - INFO - [Store 886] Evaluation - Loss: 0.3150, MAE: 0.3706
2025-04-01 11:04:14 - [Cluster 0 - CLIENT] - INFO - [Store 658] Evaluation - Loss: 0.1855, MAE: 0.2723
2025-04-01 11:04:14 - [Cluster 0 - CLIENT] - INFO - Sent reply
2025-04-01 11:04:14 - [Cluster 0 - CLIENT] - INFO - Sent reply
2025-04-01 11:04:14 - [Cluster 0 - CLIENT] - INFO - 
2025-04-01 11:04:14 - [Cluster 0 - CLIENT] - INFO - Received: evaluate message e82faf07-f6ff-4ff0-b93e-5158a41eb54e
2025-04-01 11:04:14 - [Cluster 0 - CLIENT] - INFO - [Store 730] Evaluation - Loss: 0.1979, MAE: 0.2884
2025-04-01 11:04:14 - [Cluster 0 - CLIENT] - INFO - Sent reply
2025-04-01 11:04:14 - [Cluster 0 - CLIENT] - INFO - 
2025-04-01 11:04:14 - [Cluster 0 - CLIENT] - INFO - Received: evaluate message fd4fb995-5103-4279-a180-192426c1b0a6
2025-04-01 11:04:14 - [Cluster 0 - CLIENT] - INFO - 
2025-04-01 11:04:14 - [Cluster 0 - CLIENT] - INFO - Received: evaluate message 4900c9f7-e988-471b-b81e-2396dedce251
2025-04-01 11:04:14 - [Cluster 0 - CLIENT] - INFO - [Store 305] Evaluation - Loss: 0.4791, MAE: 0.4894
2025-04-01 11:04:14 - [Cluster 0 - CLIENT] - INFO - Sent reply
2025-04-01 11:04:14 - [Cluster 0 - CLIENT] - INFO - 
2025-04-01 11:04:14 - [Cluster 0 - CLIENT] - INFO - Received: evaluate message c207b4ab-82a0-4b20-9af3-3238dd70f4b5
2025-04-01 11:04:14 - [Cluster 0 - CLIENT] - INFO - 
2025-04-01 11:04:14 - [Cluster 0 - CLIENT] - INFO - Received: evaluate message 380e3291-e849-4082-a18d-d49c13699c0b
2025-04-01 11:04:14 - [Cluster 0 - CLIENT] - INFO - [Store 949] Evaluation - Loss: 0.2050, MAE: 0.3032
2025-04-01 11:04:14 - [Cluster 0 - CLIENT] - INFO - Sent reply
2025-04-01 11:04:14 - [Cluster 0 - CLIENT] - INFO - 
2025-04-01 11:04:14 - [Cluster 0 - CLIENT] - INFO - Received: evaluate message 46b6ec74-c601-485c-a8fa-e43d19a28f31
2025-04-01 11:04:14 - [Cluster 0 - CLIENT] - INFO - [Store 360] Evaluation - Loss: 0.2241, MAE: 0.3082
2025-04-01 11:04:14 - [Cluster 0 - CLIENT] - INFO - Sent reply
2025-04-01 11:04:14 - [Cluster 0 - CLIENT] - INFO - [Store 410] Evaluation - Loss: 0.2857, MAE: 0.3669
2025-04-01 11:04:14 - [Cluster 0 - CLIENT] - INFO - Sent reply
2025-04-01 11:04:14 - [Cluster 0 - CLIENT] - INFO - [Store 628] Evaluation - Loss: 0.3048, MAE: 0.3430
2025-04-01 11:04:14 - [Cluster 0 - CLIENT] - INFO - Sent reply
2025-04-01 11:04:14 - [Cluster 0 - CLIENT] - INFO - 
2025-04-01 11:04:14 - [Cluster 0 - CLIENT] - INFO - Received: evaluate message 1154d79a-a257-49b5-80c0-c1a964d23a4e
2025-04-01 11:04:14 - [Cluster 0 - CLIENT] - INFO - [Store 47] Evaluation - Loss: 0.2787, MAE: 0.3400
2025-04-01 11:04:14 - [Cluster 0 - CLIENT] - INFO - Sent reply
2025-04-01 11:04:14 - [Cluster 0 - CLIENT] - INFO - 
2025-04-01 11:04:14 - [Cluster 0 - CLIENT] - INFO - Received: evaluate message 6484aed1-142c-463b-9e6b-53f4c550bad9
2025-04-01 11:04:14 - [Cluster 0 - CLIENT] - INFO - 
2025-04-01 11:04:14 - [Cluster 0 - CLIENT] - INFO - Received: evaluate message 3c0ba934-9bf3-40a4-bee0-d04fe3581c9b
2025-04-01 11:04:14 - [Cluster 0 - CLIENT] - INFO - 
2025-04-01 11:04:14 - [Cluster 0 - CLIENT] - INFO - Received: evaluate message d83d9151-5e27-4b10-9b3b-cd51902bce0b
2025-04-01 11:04:14 - [Cluster 0 - CLIENT] - INFO - 
2025-04-01 11:04:14 - [Cluster 0 - CLIENT] - INFO - Received: evaluate message 842b1451-8f93-49a0-b607-d37e133f2a6d
2025-04-01 11:04:14 - [Cluster 0 - CLIENT] - INFO - [Store 55] Evaluation - Loss: 0.3008, MAE: 0.3958
2025-04-01 11:04:14 - [Cluster 0 - CLIENT] - INFO - Sent reply
2025-04-01 11:04:14 - [Cluster 0 - CLIENT] - INFO - [Store 857] Evaluation - Loss: 0.3739, MAE: 0.4105
2025-04-01 11:04:14 - [Cluster 0 - CLIENT] - INFO - Sent reply
2025-04-01 11:04:14 - [Cluster 0 - CLIENT] - INFO - 
2025-04-01 11:04:14 - [Cluster 0 - CLIENT] - INFO - Received: evaluate message 9dee82f5-2f3e-4d0a-9cd7-2d3c7257dbde
2025-04-01 11:04:14 - [Cluster 0 - CLIENT] - INFO - 
2025-04-01 11:04:14 - [Cluster 0 - CLIENT] - INFO - Received: evaluate message 1a5b8268-ebc1-4fde-b91e-4463d641a517
2025-04-01 11:04:15 - [Cluster 0 - CLIENT] - INFO - [Store 795] Evaluation - Loss: 0.2726, MAE: 0.3673
2025-04-01 11:04:15 - [Cluster 0 - CLIENT] - INFO - Sent reply
2025-04-01 11:04:15 - [Cluster 0 - CLIENT] - INFO - [Store 554] Evaluation - Loss: 0.5740, MAE: 0.5525
2025-04-01 11:04:15 - [Cluster 0 - CLIENT] - INFO - Sent reply
2025-04-01 11:04:15 - [Cluster 0 - CLIENT] - INFO - [Store 1083] Evaluation - Loss: 0.4467, MAE: 0.4704
2025-04-01 11:04:15 - [Cluster 0 - CLIENT] - INFO - [Store 254] Evaluation - Loss: 0.3239, MAE: 0.4059
2025-04-01 11:04:15 - [Cluster 0 - CLIENT] - INFO - Sent reply
2025-04-01 11:04:15 - [Cluster 0 - CLIENT] - INFO - Sent reply
2025-04-01 11:04:15 - [Cluster 0 - CLIENT] - INFO - [Store 65] Evaluation - Loss: 0.2174, MAE: 0.3029
2025-04-01 11:04:15 - [Cluster 0 - CLIENT] - INFO - Sent reply
2025-04-01 11:04:15 - [Cluster 0 - CLIENT] - INFO - [Store 74] Evaluation - Loss: 0.2407, MAE: 0.2847
2025-04-01 11:04:15 - [Cluster 0 - CLIENT] - INFO - Sent reply
2025-04-01 11:04:15 - [Cluster 0 - CLIENT] - INFO - [Store 922] Evaluation - Loss: 0.2461, MAE: 0.3361
2025-04-01 11:04:15 - [Cluster 0 - CLIENT] - INFO - Sent reply
2025-04-01 11:04:15 - [Cluster 0 - CLIENT] - INFO - [Store 718] Evaluation - Loss: 0.2072, MAE: 0.2733
2025-04-01 11:04:15 - [Cluster 0 - CLIENT] - INFO - Sent reply
2025-04-01 11:04:15 - [Cluster 0 - CLIENT] - INFO - [Store 260] Evaluation - Loss: 0.2273, MAE: 0.3002
2025-04-01 11:04:15 - [Cluster 0 - CLIENT] - INFO - Sent reply
2025-04-01 11:04:15 - [Cluster 0 - CLIENT] - INFO - [Store 305] Evaluation - Loss: 0.4791, MAE: 0.4894
2025-04-01 11:04:15 - [Cluster 0 - CLIENT] - INFO - [Store 511] Evaluation - Loss: 0.2604, MAE: 0.3205
2025-04-01 11:04:15 - [Cluster 0 - CLIENT] - INFO - Sent reply
2025-04-01 11:04:15 - [Cluster 0 - CLIENT] - INFO - Sent reply
2025-04-01 11:04:15 - [Cluster 0 - CLIENT] - INFO - [Store 1073] Evaluation - Loss: 1.4835, MAE: 0.8327
2025-04-01 11:04:15 - [Cluster 0 - CLIENT] - INFO - Sent reply
2025-04-01 11:04:15 - [Cluster 0 - CLIENT] - INFO - [Store 440] Evaluation - Loss: 0.3655, MAE: 0.4059
2025-04-01 11:04:15 - [Cluster 0 - CLIENT] - INFO - Sent reply
2025-04-01 11:04:15 - [Cluster 0 - CLIENT] - INFO - [Store 200] Evaluation - Loss: 0.2992, MAE: 0.3355
2025-04-01 11:04:15 - [Cluster 0 - CLIENT] - INFO - Sent reply
2025-04-01 11:04:15 - [Cluster 0 - CLIENT] - INFO - [Store 201] Evaluation - Loss: 0.2798, MAE: 0.3626
2025-04-01 11:04:15 - [Cluster 0 - CLIENT] - INFO - Sent reply
2025-04-01 11:04:15 - [Cluster 0 - CLIENT] - INFO - 
2025-04-01 11:04:15 - [Cluster 0 - CLIENT] - INFO - Received: train message 20b3be21-0ae0-4132-b4c6-d72b0971da17
2025-04-01 11:04:15 - [Cluster 0 - CLIENT] - INFO - 
2025-04-01 11:04:15 - [Cluster 0 - CLIENT] - INFO - Received: train message 734715bd-c9cb-42a7-a93b-d3e3e5407365
2025-04-01 11:04:15 - [Cluster 0 - CLIENT] - INFO - [Store 795] Starting local training.
2025-04-01 11:04:15 - [Cluster 0 - CLIENT] - INFO - [Store 857] Starting local training.
2025-04-01 11:04:15 - [Cluster 0 - CLIENT] - INFO - 
2025-04-01 11:04:15 - [Cluster 0 - CLIENT] - INFO - 
2025-04-01 11:04:15 - [Cluster 0 - CLIENT] - INFO - Received: train message 1602e94f-be19-4e3f-95ad-9ea5811dd608
2025-04-01 11:04:15 - [Cluster 0 - CLIENT] - INFO - Received: train message cf02d7d1-16c8-48d9-82ab-9c0c4e99977d
2025-04-01 11:04:15 - [Cluster 0 - CLIENT] - INFO - 
2025-04-01 11:04:15 - [Cluster 0 - CLIENT] - INFO - Received: train message 6a9e2e4e-cf6b-408a-a336-dbb93e7e27b5
2025-04-01 11:04:15 - [Cluster 0 - CLIENT] - INFO - [Store 440] Starting local training.
2025-04-01 11:04:15 - [Cluster 0 - CLIENT] - INFO - 
2025-04-01 11:04:15 - [Cluster 0 - CLIENT] - INFO - Received: train message b3d576ee-e47c-434c-a3f7-a08166f07d40
2025-04-01 11:04:15 - [Cluster 0 - CLIENT] - INFO - [Store 1073] Starting local training.
2025-04-01 11:04:15 - [Cluster 0 - CLIENT] - INFO - 
2025-04-01 11:04:15 - [Cluster 0 - CLIENT] - INFO - Received: train message 223f3f42-2799-4662-bab9-dc19e83d9490
2025-04-01 11:04:15 - [Cluster 0 - CLIENT] - INFO - 
2025-04-01 11:04:15 - [Cluster 0 - CLIENT] - INFO - Received: train message dc62ed72-2f7e-41bc-97eb-6088986b450d
2025-04-01 11:04:15 - [Cluster 0 - CLIENT] - INFO - 
2025-04-01 11:04:15 - [Cluster 0 - CLIENT] - INFO - Received: train message 47e0a161-a918-416c-a33f-79fcb114e004
2025-04-01 11:04:15 - [Cluster 0 - CLIENT] - INFO - [Store 1083] Starting local training.
2025-04-01 11:04:15 - [Cluster 0 - CLIENT] - INFO - 
2025-04-01 11:04:15 - [Cluster 0 - CLIENT] - INFO - Received: train message 415b4750-57a6-4543-a56d-91bbb767990f
2025-04-01 11:04:15 - [Cluster 0 - CLIENT] - INFO - 
2025-04-01 11:04:15 - [Cluster 0 - CLIENT] - INFO - Received: train message 113149f3-ca6e-4d3a-9e0f-11c1db50d4ff
2025-04-01 11:04:15 - [Cluster 0 - CLIENT] - INFO - [Store 554] Starting local training.
2025-04-01 11:04:15 - [Cluster 0 - CLIENT] - INFO - [Store 74] Starting local training.
2025-04-01 11:04:15 - [Cluster 0 - CLIENT] - INFO - 
2025-04-01 11:04:15 - [Cluster 0 - CLIENT] - INFO - Received: train message ba9a75ae-15d3-4785-9403-965cc7694834
2025-04-01 11:04:15 - [Cluster 0 - CLIENT] - INFO - 
2025-04-01 11:04:15 - [Cluster 0 - CLIENT] - INFO - Received: train message 913c5c91-2943-4437-84d5-a40880fba5bb
2025-04-01 11:04:15 - [Cluster 0 - CLIENT] - INFO - [Store 886] Starting local training.
2025-04-01 11:04:15 - [Cluster 0 - CLIENT] - INFO - [Store 511] Starting local training.
2025-04-01 11:04:15 - [Cluster 0 - CLIENT] - INFO - 
2025-04-01 11:04:15 - [Cluster 0 - CLIENT] - INFO - Received: train message b4b3908a-4b0a-49ac-bdf4-5b4783873e2b
2025-04-01 11:04:15 - [Cluster 0 - CLIENT] - INFO - 
2025-04-01 11:04:15 - [Cluster 0 - CLIENT] - INFO - Received: train message bb9321fe-90b6-4114-883f-27cd8cde203c
2025-04-01 11:04:15 - [Cluster 0 - CLIENT] - INFO - [Store 254] Starting local training.
2025-04-01 11:04:15 - [Cluster 0 - CLIENT] - INFO - [Store 65] Starting local training.
2025-04-01 11:04:15 - [Cluster 0 - CLIENT] - INFO - [Store 360] Starting local training.
2025-04-01 11:04:15 - [Cluster 0 - CLIENT] - INFO - [Store 730] Starting local training.
2025-04-01 11:04:15 - [Cluster 0 - CLIENT] - INFO - [Store 105] Starting local training.
2025-04-01 11:04:15 - [Cluster 0 - CLIENT] - INFO - [Store 77] Starting local training.
2025-04-01 11:07:39 - [Cluster 0 - CLIENT] - INFO - [Store 857] Local training complete.
2025-04-01 11:07:39 - [Cluster 0 - CLIENT] - INFO - Sent reply
2025-04-01 11:07:39 - [Cluster 0 - CLIENT] - INFO - 
2025-04-01 11:07:39 - [Cluster 0 - CLIENT] - INFO - Received: train message f5a59bbb-5d29-4769-b9b1-2a76a6d3a8d4
2025-04-01 11:07:39 - [Cluster 0 - CLIENT] - INFO - [Store 410] Starting local training.
2025-04-01 11:07:41 - [Cluster 0 - CLIENT] - INFO - [Store 440] Local training complete.
2025-04-01 11:07:41 - [Cluster 0 - CLIENT] - INFO - Sent reply
2025-04-01 11:07:41 - [Cluster 0 - CLIENT] - INFO - 
2025-04-01 11:07:41 - [Cluster 0 - CLIENT] - INFO - Received: train message b43e3573-0897-4ed0-bcbb-b2f34add8123
2025-04-01 11:07:41 - [Cluster 0 - CLIENT] - INFO - [Store 201] Starting local training.
2025-04-01 11:07:42 - [Cluster 0 - CLIENT] - INFO - [Store 1073] Local training complete.
2025-04-01 11:07:42 - [Cluster 0 - CLIENT] - INFO - Sent reply
2025-04-01 11:07:42 - [Cluster 0 - CLIENT] - INFO - 
2025-04-01 11:07:42 - [Cluster 0 - CLIENT] - INFO - Received: train message 165cd852-065f-4e30-b13d-344ad6217fa7
2025-04-01 11:07:42 - [Cluster 0 - CLIENT] - INFO - [Store 1042] Starting local training.
2025-04-01 11:07:44 - [Cluster 0 - CLIENT] - INFO - [Store 730] Local training complete.
2025-04-01 11:07:44 - [Cluster 0 - CLIENT] - INFO - Sent reply
2025-04-01 11:07:44 - [Cluster 0 - CLIENT] - INFO - 
2025-04-01 11:07:44 - [Cluster 0 - CLIENT] - INFO - Received: train message 99dc391f-7913-46f5-b049-8247e7238272
2025-04-01 11:07:44 - [Cluster 0 - CLIENT] - INFO - [Store 305] Starting local training.
2025-04-01 11:07:46 - [Cluster 0 - CLIENT] - INFO - [Store 105] Local training complete.
2025-04-01 11:07:46 - [Cluster 0 - CLIENT] - INFO - Sent reply
2025-04-01 11:07:46 - [Cluster 0 - CLIENT] - INFO - 
2025-04-01 11:07:46 - [Cluster 0 - CLIENT] - INFO - Received: train message 02e984cb-7e28-41e5-89ac-e90c5fe95b86
2025-04-01 11:07:46 - [Cluster 0 - CLIENT] - INFO - [Store 922] Starting local training.
2025-04-01 11:07:47 - [Cluster 0 - CLIENT] - INFO - [Store 360] Local training complete.
2025-04-01 11:07:47 - [Cluster 0 - CLIENT] - INFO - Sent reply
2025-04-01 11:07:47 - [Cluster 0 - CLIENT] - INFO - 
2025-04-01 11:07:47 - [Cluster 0 - CLIENT] - INFO - Received: train message 22fb9c5e-4974-4460-a7dc-acedb3426d4d
2025-04-01 11:07:47 - [Cluster 0 - CLIENT] - INFO - [Store 658] Starting local training.
2025-04-01 11:07:48 - [Cluster 0 - CLIENT] - INFO - [Store 795] Local training complete.
2025-04-01 11:07:48 - [Cluster 0 - CLIENT] - INFO - [Store 254] Local training complete.
2025-04-01 11:07:48 - [Cluster 0 - CLIENT] - INFO - Sent reply
2025-04-01 11:07:48 - [Cluster 0 - CLIENT] - INFO - 
2025-04-01 11:07:48 - [Cluster 0 - CLIENT] - INFO - Received: train message 761984ca-75bd-4fc1-b25b-b64f08c5b917
2025-04-01 11:07:48 - [Cluster 0 - CLIENT] - INFO - [Store 628] Starting local training.
2025-04-01 11:07:48 - [Cluster 0 - CLIENT] - INFO - Sent reply
2025-04-01 11:07:48 - [Cluster 0 - CLIENT] - INFO - 
2025-04-01 11:07:48 - [Cluster 0 - CLIENT] - INFO - Received: train message 32661db5-7f00-4375-8d91-204b45466a0a
2025-04-01 11:07:48 - [Cluster 0 - CLIENT] - INFO - [Store 65] Local training complete.
2025-04-01 11:07:48 - [Cluster 0 - CLIENT] - INFO - Sent reply
2025-04-01 11:07:48 - [Cluster 0 - CLIENT] - INFO - [Store 949] Starting local training.
2025-04-01 11:07:48 - [Cluster 0 - CLIENT] - INFO - 
2025-04-01 11:07:48 - [Cluster 0 - CLIENT] - INFO - Received: train message f994d617-4a7a-49b7-ac06-9f27bbd523c7
2025-04-01 11:07:48 - [Cluster 0 - CLIENT] - INFO - [Store 47] Starting local training.
2025-04-01 11:07:49 - [Cluster 0 - CLIENT] - INFO - [Store 74] Local training complete.
2025-04-01 11:07:49 - [Cluster 0 - CLIENT] - INFO - Sent reply
2025-04-01 11:07:49 - [Cluster 0 - CLIENT] - INFO - 
2025-04-01 11:07:49 - [Cluster 0 - CLIENT] - INFO - Received: train message 811dbc49-40db-486e-ac38-66fe1d40034a
2025-04-01 11:07:49 - [Cluster 0 - CLIENT] - INFO - [Store 305] Starting local training.
2025-04-01 11:07:49 - [Cluster 0 - CLIENT] - INFO - [Store 554] Local training complete.
2025-04-01 11:07:49 - [Cluster 0 - CLIENT] - INFO - Sent reply
2025-04-01 11:07:49 - [Cluster 0 - CLIENT] - INFO - 
2025-04-01 11:07:49 - [Cluster 0 - CLIENT] - INFO - Received: train message 1e6c10f5-8353-49e9-a68e-1409d1bbeb5b
2025-04-01 11:07:49 - [Cluster 0 - CLIENT] - INFO - [Store 260] Starting local training.
2025-04-01 11:07:51 - [Cluster 0 - CLIENT] - INFO - [Store 1083] Local training complete.
2025-04-01 11:07:51 - [Cluster 0 - CLIENT] - INFO - Sent reply
2025-04-01 11:07:51 - [Cluster 0 - CLIENT] - INFO - 
2025-04-01 11:07:51 - [Cluster 0 - CLIENT] - INFO - Received: train message cc17fe6d-8047-48f7-a232-08238baca5cc
2025-04-01 11:07:51 - [Cluster 0 - CLIENT] - INFO - [Store 55] Starting local training.
2025-04-01 11:07:51 - [Cluster 0 - CLIENT] - INFO - [Store 511] Local training complete.
2025-04-01 11:07:51 - [Cluster 0 - CLIENT] - INFO - Sent reply
2025-04-01 11:07:51 - [Cluster 0 - CLIENT] - INFO - 
2025-04-01 11:07:51 - [Cluster 0 - CLIENT] - INFO - Received: train message fe466abf-09e2-4070-962b-5a18f3d8512d
2025-04-01 11:07:51 - [Cluster 0 - CLIENT] - INFO - [Store 718] Starting local training.
2025-04-01 11:07:54 - [Cluster 0 - CLIENT] - INFO - [Store 77] Local training complete.
2025-04-01 11:07:54 - [Cluster 0 - CLIENT] - INFO - Sent reply
2025-04-01 11:07:54 - [Cluster 0 - CLIENT] - INFO - 
2025-04-01 11:07:54 - [Cluster 0 - CLIENT] - INFO - Received: train message 561a94cc-a1c4-4275-b0a5-525bd9a709be
2025-04-01 11:07:54 - [Cluster 0 - CLIENT] - INFO - [Store 200] Starting local training.
2025-04-01 11:08:05 - [Cluster 0 - CLIENT] - INFO - [Store 886] Local training complete.
2025-04-01 11:08:05 - [Cluster 0 - CLIENT] - INFO - Sent reply
2025-04-01 11:08:05 - [Cluster 0 - CLIENT] - INFO - 
2025-04-01 11:08:05 - [Cluster 0 - CLIENT] - INFO - Received: train message 9d82d858-2b3b-46a6-b592-18900602ec2b
2025-04-01 11:08:05 - [Cluster 0 - CLIENT] - INFO - [Store 1099] Starting local training.
2025-04-01 11:11:08 - [Cluster 0 - CLIENT] - INFO - [Store 410] Local training complete.
2025-04-01 11:11:08 - [Cluster 0 - CLIENT] - INFO - Sent reply
2025-04-01 11:11:10 - [Cluster 0 - CLIENT] - INFO - [Store 201] Local training complete.
2025-04-01 11:11:10 - [Cluster 0 - CLIENT] - INFO - Sent reply
2025-04-01 11:11:10 - [Cluster 0 - CLIENT] - INFO - [Store 922] Local training complete.
2025-04-01 11:11:11 - [Cluster 0 - CLIENT] - INFO - Sent reply
2025-04-01 11:11:11 - [Cluster 0 - CLIENT] - INFO - [Store 1042] Local training complete.
2025-04-01 11:11:11 - [Cluster 0 - CLIENT] - INFO - Sent reply
2025-04-01 11:11:12 - [Cluster 0 - CLIENT] - INFO - [Store 47] Local training complete.
2025-04-01 11:11:12 - [Cluster 0 - CLIENT] - INFO - [Store 658] Local training complete.
2025-04-01 11:11:12 - [Cluster 0 - CLIENT] - INFO - Sent reply
2025-04-01 11:11:12 - [Cluster 0 - CLIENT] - INFO - [Store 55] Local training complete.
2025-04-01 11:11:12 - [Cluster 0 - CLIENT] - INFO - [Store 305] Local training complete.
2025-04-01 11:11:12 - [Cluster 0 - CLIENT] - INFO - Sent reply
2025-04-01 11:11:12 - [Cluster 0 - CLIENT] - INFO - Sent reply
2025-04-01 11:11:12 - [Cluster 0 - CLIENT] - INFO - [Store 949] Local training complete.
2025-04-01 11:11:12 - [Cluster 0 - CLIENT] - INFO - Sent reply
2025-04-01 11:11:12 - [Cluster 0 - CLIENT] - INFO - Sent reply
2025-04-01 11:11:14 - [Cluster 0 - CLIENT] - INFO - [Store 305] Local training complete.
2025-04-01 11:11:14 - [Cluster 0 - CLIENT] - INFO - Sent reply
2025-04-01 11:11:15 - [Cluster 0 - CLIENT] - INFO - [Store 260] Local training complete.
2025-04-01 11:11:15 - [Cluster 0 - CLIENT] - INFO - Sent reply
2025-04-01 11:11:15 - [Cluster 0 - CLIENT] - INFO - [Store 718] Local training complete.
2025-04-01 11:11:15 - [Cluster 0 - CLIENT] - INFO - Sent reply
2025-04-01 11:11:15 - [Cluster 0 - CLIENT] - INFO - [Store 200] Local training complete.
2025-04-01 11:11:15 - [Cluster 0 - CLIENT] - INFO - Sent reply
2025-04-01 11:11:16 - [Cluster 0 - CLIENT] - INFO - [Store 628] Local training complete.
2025-04-01 11:11:16 - [Cluster 0 - CLIENT] - INFO - Sent reply
2025-04-01 11:11:16 - [Cluster 0 - CLIENT] - INFO - [Store 1099] Local training complete.
2025-04-01 11:11:16 - [Cluster 0 - CLIENT] - INFO - Sent reply
2025-04-01 11:11:16 - [Cluster 0 - CLIENT] - INFO - 
2025-04-01 11:11:16 - [Cluster 0 - CLIENT] - INFO - Received: evaluate message 3b798fb0-433e-4199-b947-75781632191f
2025-04-01 11:11:16 - [Cluster 0 - CLIENT] - INFO - 
2025-04-01 11:11:16 - [Cluster 0 - CLIENT] - INFO - Received: evaluate message c4c3eb53-edbe-40df-8cd7-1f866e008ec9
2025-04-01 11:11:16 - [Cluster 0 - CLIENT] - INFO - 
2025-04-01 11:11:16 - [Cluster 0 - CLIENT] - INFO - Received: evaluate message 1cfc6d14-b547-4296-8235-02de6f433846
2025-04-01 11:11:16 - [Cluster 0 - CLIENT] - INFO - 
2025-04-01 11:11:16 - [Cluster 0 - CLIENT] - INFO - Received: evaluate message 5e345250-52c5-4ae1-900b-7f4245624474
2025-04-01 11:11:16 - [Cluster 0 - CLIENT] - INFO - 
2025-04-01 11:11:16 - [Cluster 0 - CLIENT] - INFO - Received: evaluate message c5717f47-7c1a-4781-a47a-2f62d789e140
2025-04-01 11:11:16 - [Cluster 0 - CLIENT] - INFO - 
2025-04-01 11:11:16 - [Cluster 0 - CLIENT] - INFO - Received: evaluate message 82deddb1-90f5-4dc6-a5ae-ab2890faca23
2025-04-01 11:11:16 - [Cluster 0 - CLIENT] - INFO - 
2025-04-01 11:11:16 - [Cluster 0 - CLIENT] - INFO - Received: evaluate message 07dd236e-d961-4dfd-9177-5a518e650791
2025-04-01 11:11:16 - [Cluster 0 - CLIENT] - INFO - 
2025-04-01 11:11:16 - [Cluster 0 - CLIENT] - INFO - Received: evaluate message 2019d51d-791c-4f01-84b6-400f55700a4a
2025-04-01 11:11:16 - [Cluster 0 - CLIENT] - INFO - 
2025-04-01 11:11:16 - [Cluster 0 - CLIENT] - INFO - Received: evaluate message b5e44e1c-000a-4a6e-b859-a1bd291af329
2025-04-01 11:11:16 - [Cluster 0 - CLIENT] - INFO - 
2025-04-01 11:11:16 - [Cluster 0 - CLIENT] - INFO - Received: evaluate message 201aa7e3-1abe-4e25-a938-322550d6c1ad
2025-04-01 11:11:16 - [Cluster 0 - CLIENT] - INFO - 
2025-04-01 11:11:16 - [Cluster 0 - CLIENT] - INFO - Received: evaluate message a4f0a550-a422-403d-8901-a67eb2eef32c
2025-04-01 11:11:16 - [Cluster 0 - CLIENT] - INFO - 
2025-04-01 11:11:16 - [Cluster 0 - CLIENT] - INFO - Received: evaluate message 0c29cb24-dc0c-4de0-9d2c-14a74f1c8f02
2025-04-01 11:11:16 - [Cluster 0 - CLIENT] - INFO - 
2025-04-01 11:11:16 - [Cluster 0 - CLIENT] - INFO - 
2025-04-01 11:11:16 - [Cluster 0 - CLIENT] - INFO - Received: evaluate message 8a2de3ae-1895-4d19-b599-64b70755ac51
2025-04-01 11:11:16 - [Cluster 0 - CLIENT] - INFO - Received: evaluate message 332d2ca3-f975-467e-b6e5-9597269d34ad
2025-04-01 11:11:16 - [Cluster 0 - CLIENT] - INFO - 
2025-04-01 11:11:16 - [Cluster 0 - CLIENT] - INFO - Received: evaluate message c93f5270-a52f-4806-85c3-e587e5b5f90c
2025-04-01 11:11:17 - [Cluster 0 - CLIENT] - INFO - [Store 949] Evaluation - Loss: 0.2093, MAE: 0.3119
2025-04-01 11:11:17 - [Cluster 0 - CLIENT] - INFO - Sent reply
2025-04-01 11:11:17 - [Cluster 0 - CLIENT] - INFO - [Store 1042] Evaluation - Loss: 0.2756, MAE: 0.3240
2025-04-01 11:11:17 - [Cluster 0 - CLIENT] - INFO - Sent reply
2025-04-01 11:11:17 - [Cluster 0 - CLIENT] - INFO - 
2025-04-01 11:11:17 - [Cluster 0 - CLIENT] - INFO - Received: evaluate message d4721543-bf04-4005-9014-b485ad124029
2025-04-01 11:11:17 - [Cluster 0 - CLIENT] - INFO - 
2025-04-01 11:11:17 - [Cluster 0 - CLIENT] - INFO - Received: evaluate message 59ee6472-a3d4-42d6-b194-02df2494858d
2025-04-01 11:11:17 - [Cluster 0 - CLIENT] - INFO - [Store 440] Evaluation - Loss: 0.3772, MAE: 0.4036
2025-04-01 11:11:17 - [Cluster 0 - CLIENT] - INFO - Sent reply
2025-04-01 11:11:17 - [Cluster 0 - CLIENT] - INFO - 
2025-04-01 11:11:17 - [Cluster 0 - CLIENT] - INFO - Received: evaluate message 1a929fa3-1af9-4cbe-88f7-756135ba6200
2025-04-01 11:11:17 - [Cluster 0 - CLIENT] - INFO - [Store 47] Evaluation - Loss: 0.2907, MAE: 0.3332
2025-04-01 11:11:17 - [Cluster 0 - CLIENT] - INFO - Sent reply
2025-04-01 11:11:17 - [Cluster 0 - CLIENT] - INFO - 
2025-04-01 11:11:17 - [Cluster 0 - CLIENT] - INFO - Received: evaluate message 962217c7-73a7-4c02-9060-457731b99b1e
2025-04-01 11:11:17 - [Cluster 0 - CLIENT] - INFO - [Store 410] Evaluation - Loss: 0.2817, MAE: 0.3619
2025-04-01 11:11:17 - [Cluster 0 - CLIENT] - INFO - Sent reply
2025-04-01 11:11:17 - [Cluster 0 - CLIENT] - INFO - 
2025-04-01 11:11:17 - [Cluster 0 - CLIENT] - INFO - Received: evaluate message 960b9b45-2649-4438-afef-36c6912516e3
2025-04-01 11:11:18 - [Cluster 0 - CLIENT] - INFO - [Store 922] Evaluation - Loss: 0.2399, MAE: 0.3174
2025-04-01 11:11:18 - [Cluster 0 - CLIENT] - INFO - Sent reply
2025-04-01 11:11:18 - [Cluster 0 - CLIENT] - INFO - [Store 795] Evaluation - Loss: 0.2684, MAE: 0.3585
2025-04-01 11:11:18 - [Cluster 0 - CLIENT] - INFO - Sent reply
2025-04-01 11:11:18 - [Cluster 0 - CLIENT] - INFO - 
2025-04-01 11:11:18 - [Cluster 0 - CLIENT] - INFO - Received: evaluate message 4641be40-1b07-4c1b-921d-22c86632cfb1
2025-04-01 11:11:18 - [Cluster 0 - CLIENT] - INFO - [Store 1099] Evaluation - Loss: 0.3211, MAE: 0.3849
2025-04-01 11:11:18 - [Cluster 0 - CLIENT] - INFO - 
2025-04-01 11:11:18 - [Cluster 0 - CLIENT] - INFO - Received: evaluate message 5a99f5f1-58d6-439a-8a39-4a495af39e34
2025-04-01 11:11:18 - [Cluster 0 - CLIENT] - INFO - Sent reply
2025-04-01 11:11:18 - [Cluster 0 - CLIENT] - INFO - [Store 65] Evaluation - Loss: 0.2160, MAE: 0.3012
2025-04-01 11:11:18 - [Cluster 0 - CLIENT] - INFO - [Store 74] Evaluation - Loss: 0.2401, MAE: 0.2807
2025-04-01 11:11:18 - [Cluster 0 - CLIENT] - INFO - Sent reply
2025-04-01 11:11:18 - [Cluster 0 - CLIENT] - INFO - Sent reply
2025-04-01 11:11:18 - [Cluster 0 - CLIENT] - INFO - 
2025-04-01 11:11:18 - [Cluster 0 - CLIENT] - INFO - Received: evaluate message 83212282-c550-4996-8998-9b11e5f7be4c
2025-04-01 11:11:18 - [Cluster 0 - CLIENT] - INFO - [Store 254] Evaluation - Loss: 0.3239, MAE: 0.3966
2025-04-01 11:11:18 - [Cluster 0 - CLIENT] - INFO - [Store 1073] Evaluation - Loss: 1.5484, MAE: 0.8376
2025-04-01 11:11:18 - [Cluster 0 - CLIENT] - INFO - Sent reply
2025-04-01 11:11:18 - [Cluster 0 - CLIENT] - INFO - Sent reply
2025-04-01 11:11:18 - [Cluster 0 - CLIENT] - INFO - 
2025-04-01 11:11:18 - [Cluster 0 - CLIENT] - INFO - Received: evaluate message 36663607-6125-4254-86a4-ca09084ee520
2025-04-01 11:11:18 - [Cluster 0 - CLIENT] - INFO - 
2025-04-01 11:11:18 - [Cluster 0 - CLIENT] - INFO - Received: evaluate message 07c73a3c-2ff0-49c4-9671-0a8fc0bc38a2
2025-04-01 11:11:18 - [Cluster 0 - CLIENT] - INFO - [Store 730] Evaluation - Loss: 0.1915, MAE: 0.2685
2025-04-01 11:11:18 - [Cluster 0 - CLIENT] - INFO - Sent reply
2025-04-01 11:11:18 - [Cluster 0 - CLIENT] - INFO - 
2025-04-01 11:11:18 - [Cluster 0 - CLIENT] - INFO - Received: evaluate message 54351d7a-8b37-4b71-bd12-b91eb4b2b77f
2025-04-01 11:11:18 - [Cluster 0 - CLIENT] - INFO - 
2025-04-01 11:11:18 - [Cluster 0 - CLIENT] - INFO - Received: evaluate message 0be576ac-e556-4c9c-b006-8469ed83f2f3
2025-04-01 11:11:18 - [Cluster 0 - CLIENT] - INFO - [Store 857] Evaluation - Loss: 0.3832, MAE: 0.4053
2025-04-01 11:11:18 - [Cluster 0 - CLIENT] - INFO - Sent reply
2025-04-01 11:11:18 - [Cluster 0 - CLIENT] - INFO - 
2025-04-01 11:11:18 - [Cluster 0 - CLIENT] - INFO - Received: evaluate message e1c55efe-ab62-4a65-b66f-b94965c12e62
2025-04-01 11:11:18 - [Cluster 0 - CLIENT] - INFO - [Store 1083] Evaluation - Loss: 0.4685, MAE: 0.4739
2025-04-01 11:11:18 - [Cluster 0 - CLIENT] - INFO - Sent reply
2025-04-01 11:11:18 - [Cluster 0 - CLIENT] - INFO - 
2025-04-01 11:11:18 - [Cluster 0 - CLIENT] - INFO - Received: evaluate message e77f3448-962b-40e3-9a48-98bbaec339f8
2025-04-01 11:11:18 - [Cluster 0 - CLIENT] - INFO - 
2025-04-01 11:11:18 - [Cluster 0 - CLIENT] - INFO - Received: evaluate message bb376ce7-6c24-4149-9808-b79dfd4230b3
2025-04-01 11:11:18 - [Cluster 0 - CLIENT] - INFO - [Store 200] Evaluation - Loss: 0.3008, MAE: 0.3222
2025-04-01 11:11:18 - [Cluster 0 - CLIENT] - INFO - Sent reply
2025-04-01 11:11:18 - [Cluster 0 - CLIENT] - INFO - [Store 511] Evaluation - Loss: 0.2688, MAE: 0.3131
2025-04-01 11:11:18 - [Cluster 0 - CLIENT] - INFO - Sent reply
2025-04-01 11:11:18 - [Cluster 0 - CLIENT] - INFO - [Store 105] Evaluation - Loss: 0.3336, MAE: 0.4176
2025-04-01 11:11:18 - [Cluster 0 - CLIENT] - INFO - Sent reply
2025-04-01 11:11:18 - [Cluster 0 - CLIENT] - INFO - [Store 55] Evaluation - Loss: 0.3139, MAE: 0.4050
2025-04-01 11:11:18 - [Cluster 0 - CLIENT] - INFO - Sent reply
2025-04-01 11:11:19 - [Cluster 0 - CLIENT] - INFO - [Store 554] Evaluation - Loss: 0.6133, MAE: 0.5611
2025-04-01 11:11:19 - [Cluster 0 - CLIENT] - INFO - Sent reply
2025-04-01 11:11:19 - [Cluster 0 - CLIENT] - INFO - [Store 201] Evaluation - Loss: 0.2749, MAE: 0.3455
2025-04-01 11:11:19 - [Cluster 0 - CLIENT] - INFO - Sent reply
2025-04-01 11:11:19 - [Cluster 0 - CLIENT] - INFO - [Store 305] Evaluation - Loss: 0.5046, MAE: 0.5045
2025-04-01 11:11:19 - [Cluster 0 - CLIENT] - INFO - Sent reply
2025-04-01 11:11:19 - [Cluster 0 - CLIENT] - INFO - [Store 658] Evaluation - Loss: 0.1818, MAE: 0.2692
2025-04-01 11:11:19 - [Cluster 0 - CLIENT] - INFO - [Store 628] Evaluation - Loss: 0.3117, MAE: 0.3447
2025-04-01 11:11:19 - [Cluster 0 - CLIENT] - INFO - Sent reply
2025-04-01 11:11:19 - [Cluster 0 - CLIENT] - INFO - Sent reply
2025-04-01 11:11:19 - [Cluster 0 - CLIENT] - INFO - [Store 886] Evaluation - Loss: 0.3167, MAE: 0.3668
2025-04-01 11:11:19 - [Cluster 0 - CLIENT] - INFO - Sent reply
2025-04-01 11:11:19 - [Cluster 0 - CLIENT] - INFO - [Store 718] Evaluation - Loss: 0.2062, MAE: 0.2660
2025-04-01 11:11:19 - [Cluster 0 - CLIENT] - INFO - Sent reply
2025-04-01 11:11:19 - [Cluster 0 - CLIENT] - INFO - [Store 260] Evaluation - Loss: 0.2381, MAE: 0.2931
2025-04-01 11:11:19 - [Cluster 0 - CLIENT] - INFO - [Store 305] Evaluation - Loss: 0.5046, MAE: 0.5045
2025-04-01 11:11:19 - [Cluster 0 - CLIENT] - INFO - Sent reply
2025-04-01 11:11:19 - [Cluster 0 - CLIENT] - INFO - Sent reply
2025-04-01 11:11:19 - [Cluster 0 - CLIENT] - INFO - [Store 360] Evaluation - Loss: 0.2282, MAE: 0.3039
2025-04-01 11:11:19 - [Cluster 0 - CLIENT] - INFO - Sent reply
2025-04-01 11:11:19 - [Cluster 0 - CLIENT] - INFO - [Store 77] Evaluation - Loss: 0.2619, MAE: 0.3367
2025-04-01 11:11:19 - [Cluster 0 - CLIENT] - INFO - Sent reply
2025-04-01 11:11:19 - [Cluster 0 - CLIENT] - INFO - 
2025-04-01 11:11:19 - [Cluster 0 - CLIENT] - INFO - Received: train message 2b040090-93dc-4314-b1d8-d5ae923a6849
2025-04-01 11:11:19 - [Cluster 0 - CLIENT] - INFO - 
2025-04-01 11:11:19 - [Cluster 0 - CLIENT] - INFO - Received: train message 9e68190e-48cd-4ba3-97ad-0a1f174e0132
2025-04-01 11:11:19 - [Cluster 0 - CLIENT] - INFO - 
2025-04-01 11:11:19 - [Cluster 0 - CLIENT] - INFO - Received: train message e904f8c4-01a8-44fb-94f5-b43d709fa1fd
2025-04-01 11:11:19 - [Cluster 0 - CLIENT] - INFO - 
2025-04-01 11:11:19 - [Cluster 0 - CLIENT] - INFO - Received: train message 476f714d-89b1-4a7a-966c-ceb98c6ca363
2025-04-01 11:11:19 - [Cluster 0 - CLIENT] - INFO - 
2025-04-01 11:11:19 - [Cluster 0 - CLIENT] - INFO - Received: train message 233737f3-7652-45df-ace1-ce351bb3071a
2025-04-01 11:11:19 - [Cluster 0 - CLIENT] - INFO - 
2025-04-01 11:11:19 - [Cluster 0 - CLIENT] - INFO - Received: train message 07fd03a1-bbcd-46e7-bc13-b8d30011aa68
2025-04-01 11:11:19 - [Cluster 0 - CLIENT] - INFO - [Store 628] Starting local training.
2025-04-01 11:11:19 - [Cluster 0 - CLIENT] - INFO - 
2025-04-01 11:11:19 - [Cluster 0 - CLIENT] - INFO - Received: train message 90fc49b3-2508-40ba-8606-eb8e73ea4e93
2025-04-01 11:11:19 - [Cluster 0 - CLIENT] - INFO - [Store 254] Starting local training.
2025-04-01 11:11:19 - [Cluster 0 - CLIENT] - INFO - [Store 77] Starting local training.
2025-04-01 11:11:19 - [Cluster 0 - CLIENT] - INFO - [Store 658] Starting local training.
2025-04-01 11:11:19 - [Cluster 0 - CLIENT] - INFO - 
2025-04-01 11:11:19 - [Cluster 0 - CLIENT] - INFO - 
2025-04-01 11:11:19 - [Cluster 0 - CLIENT] - INFO - Received: train message 3fac121a-d7ab-4a82-8dad-ac5c392d2903
2025-04-01 11:11:19 - [Cluster 0 - CLIENT] - INFO - Received: train message 3444269a-1aa3-4d4c-a1df-e1c575d6cc37
2025-04-01 11:11:19 - [Cluster 0 - CLIENT] - INFO - 
2025-04-01 11:11:19 - [Cluster 0 - CLIENT] - INFO - Received: train message 4153a36c-e9b2-4f8c-bf36-7f516fccb701
2025-04-01 11:11:19 - [Cluster 0 - CLIENT] - INFO - 
2025-04-01 11:11:19 - [Cluster 0 - CLIENT] - INFO - Received: train message b5c354fe-c4f0-4096-a669-667e0ca2c8ec
2025-04-01 11:11:19 - [Cluster 0 - CLIENT] - INFO - [Store 200] Starting local training.
2025-04-01 11:11:19 - [Cluster 0 - CLIENT] - INFO - [Store 554] Starting local training.
2025-04-01 11:11:19 - [Cluster 0 - CLIENT] - INFO - 
2025-04-01 11:11:19 - [Cluster 0 - CLIENT] - INFO - Received: train message edf28e44-b5c7-43a1-9064-0cd83c24f24f
2025-04-01 11:11:19 - [Cluster 0 - CLIENT] - INFO - [Store 55] Starting local training.
2025-04-01 11:11:19 - [Cluster 0 - CLIENT] - INFO - 
2025-04-01 11:11:19 - [Cluster 0 - CLIENT] - INFO - Received: train message 57b27aa2-bb9d-4a90-8376-e7759dc2a31b
2025-04-01 11:11:19 - [Cluster 0 - CLIENT] - INFO - 
2025-04-01 11:11:19 - [Cluster 0 - CLIENT] - INFO - Received: train message f09171e8-1043-4f94-a652-6bca3c45d6d3
2025-04-01 11:11:19 - [Cluster 0 - CLIENT] - INFO - 
2025-04-01 11:11:19 - [Cluster 0 - CLIENT] - INFO - Received: train message 92049a59-da40-442b-82b7-dfb55cbb1083
2025-04-01 11:11:19 - [Cluster 0 - CLIENT] - INFO - [Store 1099] Starting local training.
2025-04-01 11:11:19 - [Cluster 0 - CLIENT] - INFO - [Store 1073] Starting local training.
2025-04-01 11:11:19 - [Cluster 0 - CLIENT] - INFO - [Store 922] Starting local training.
2025-04-01 11:11:19 - [Cluster 0 - CLIENT] - INFO - [Store 718] Starting local training.
2025-04-01 11:11:19 - [Cluster 0 - CLIENT] - INFO - [Store 1042] Starting local training.
2025-04-01 11:11:19 - [Cluster 0 - CLIENT] - INFO - [Store 260] Starting local training.
2025-04-01 11:11:19 - [Cluster 0 - CLIENT] - INFO - [Store 795] Starting local training.
2025-04-01 11:11:19 - [Cluster 0 - CLIENT] - INFO - [Store 410] Starting local training.
2025-04-01 11:14:32 - [Cluster 0 - CLIENT] - INFO - [Store 1042] Local training complete.
2025-04-01 11:14:32 - [Cluster 0 - CLIENT] - INFO - Sent reply
2025-04-01 11:14:32 - [Cluster 0 - CLIENT] - INFO - 
2025-04-01 11:14:32 - [Cluster 0 - CLIENT] - INFO - Received: train message 947bf90a-3b3a-4324-9eb5-96e1741fc8b8
2025-04-01 11:14:32 - [Cluster 0 - CLIENT] - INFO - [Store 305] Starting local training.
2025-04-01 11:14:34 - [Cluster 0 - CLIENT] - INFO - [Store 718] Local training complete.
2025-04-01 11:14:34 - [Cluster 0 - CLIENT] - INFO - Sent reply
2025-04-01 11:14:34 - [Cluster 0 - CLIENT] - INFO - 
2025-04-01 11:14:34 - [Cluster 0 - CLIENT] - INFO - Received: train message 518e84b9-76d1-4984-8f5d-414a470a4114
2025-04-01 11:14:34 - [Cluster 0 - CLIENT] - INFO - [Store 511] Starting local training.
2025-04-01 11:14:35 - [Cluster 0 - CLIENT] - INFO - [Store 55] Local training complete.
2025-04-01 11:14:35 - [Cluster 0 - CLIENT] - INFO - [Store 1073] Local training complete.
2025-04-01 11:14:35 - [Cluster 0 - CLIENT] - INFO - Sent reply
2025-04-01 11:14:35 - [Cluster 0 - CLIENT] - INFO - 
2025-04-01 11:14:35 - [Cluster 0 - CLIENT] - INFO - Received: train message 1e214d54-1860-48e0-a266-fc94b14e1da9
2025-04-01 11:14:35 - [Cluster 0 - CLIENT] - INFO - [Store 1083] Starting local training.
2025-04-01 11:14:35 - [Cluster 0 - CLIENT] - INFO - Sent reply
2025-04-01 11:14:35 - [Cluster 0 - CLIENT] - INFO - 
2025-04-01 11:14:35 - [Cluster 0 - CLIENT] - INFO - Received: train message 17134f83-bd7f-424e-b608-e561c9315507
2025-04-01 11:14:35 - [Cluster 0 - CLIENT] - INFO - [Store 628] Local training complete.
2025-04-01 11:14:35 - [Cluster 0 - CLIENT] - INFO - [Store 949] Starting local training.
2025-04-01 11:14:35 - [Cluster 0 - CLIENT] - INFO - Sent reply
2025-04-01 11:14:35 - [Cluster 0 - CLIENT] - INFO - 
2025-04-01 11:14:35 - [Cluster 0 - CLIENT] - INFO - Received: train message 7b559fe6-f7f9-4616-8412-c2ed14498aca
2025-04-01 11:14:35 - [Cluster 0 - CLIENT] - INFO - [Store 857] Starting local training.
2025-04-01 11:14:36 - [Cluster 0 - CLIENT] - INFO - [Store 200] Local training complete.
2025-04-01 11:14:36 - [Cluster 0 - CLIENT] - INFO - Sent reply
2025-04-01 11:14:36 - [Cluster 0 - CLIENT] - INFO - 
2025-04-01 11:14:36 - [Cluster 0 - CLIENT] - INFO - Received: train message 9541d703-7234-45e3-9b3a-902fe2212aa3
2025-04-01 11:14:36 - [Cluster 0 - CLIENT] - INFO - [Store 201] Starting local training.
2025-04-01 11:14:38 - [Cluster 0 - CLIENT] - INFO - [Store 260] Local training complete.
2025-04-01 11:14:38 - [Cluster 0 - CLIENT] - INFO - Sent reply
2025-04-01 11:14:38 - [Cluster 0 - CLIENT] - INFO - 
2025-04-01 11:14:38 - [Cluster 0 - CLIENT] - INFO - Received: train message f6ba2661-a266-4290-9ffc-4d3f1309bc3d
2025-04-01 11:14:38 - [Cluster 0 - CLIENT] - INFO - [Store 795] Local training complete.
2025-04-01 11:14:38 - [Cluster 0 - CLIENT] - INFO - [Store 360] Starting local training.
2025-04-01 11:14:38 - [Cluster 0 - CLIENT] - INFO - Sent reply
2025-04-01 11:14:38 - [Cluster 0 - CLIENT] - INFO - 
2025-04-01 11:14:38 - [Cluster 0 - CLIENT] - INFO - Received: train message 2e569622-f57f-42b4-a198-f808bf366492
2025-04-01 11:14:38 - [Cluster 0 - CLIENT] - INFO - [Store 254] Local training complete.
2025-04-01 11:14:38 - [Cluster 0 - CLIENT] - INFO - [Store 74] Starting local training.
2025-04-01 11:14:38 - [Cluster 0 - CLIENT] - INFO - Sent reply
2025-04-01 11:14:38 - [Cluster 0 - CLIENT] - INFO - 
2025-04-01 11:14:38 - [Cluster 0 - CLIENT] - INFO - Received: train message 8d2ab790-82df-4537-8ae8-22d2e51ccb10
2025-04-01 11:14:38 - [Cluster 0 - CLIENT] - INFO - [Store 658] Local training complete.
2025-04-01 11:14:38 - [Cluster 0 - CLIENT] - INFO - [Store 440] Starting local training.
2025-04-01 11:14:38 - [Cluster 0 - CLIENT] - INFO - Sent reply
2025-04-01 11:14:39 - [Cluster 0 - CLIENT] - INFO - 
2025-04-01 11:14:39 - [Cluster 0 - CLIENT] - INFO - Received: train message bf6651f2-fffc-407f-90e8-67805cb890cf
2025-04-01 11:14:39 - [Cluster 0 - CLIENT] - INFO - [Store 65] Starting local training.
2025-04-01 11:14:39 - [Cluster 0 - CLIENT] - INFO - [Store 1099] Local training complete.
2025-04-01 11:14:39 - [Cluster 0 - CLIENT] - INFO - Sent reply
2025-04-01 11:14:39 - [Cluster 0 - CLIENT] - INFO - 
2025-04-01 11:14:39 - [Cluster 0 - CLIENT] - INFO - Received: train message b0ffdc4d-a5ea-4228-902d-4a9297d3e6b5
2025-04-01 11:14:39 - [Cluster 0 - CLIENT] - INFO - [Store 730] Starting local training.
2025-04-01 11:14:40 - [Cluster 0 - CLIENT] - INFO - [Store 922] Local training complete.
2025-04-01 11:14:40 - [Cluster 0 - CLIENT] - INFO - Sent reply
2025-04-01 11:14:40 - [Cluster 0 - CLIENT] - INFO - 
2025-04-01 11:14:40 - [Cluster 0 - CLIENT] - INFO - Received: train message 32fa8ab6-cd23-4116-bb65-1163356dc04f
2025-04-01 11:14:40 - [Cluster 0 - CLIENT] - INFO - [Store 305] Starting local training.
2025-04-01 11:14:40 - [Cluster 0 - CLIENT] - INFO - [Store 77] Local training complete.
2025-04-01 11:14:40 - [Cluster 0 - CLIENT] - INFO - Sent reply
2025-04-01 11:14:40 - [Cluster 0 - CLIENT] - INFO - 
2025-04-01 11:14:40 - [Cluster 0 - CLIENT] - INFO - Received: train message 372e2dd2-b325-4d23-bf56-23f8c50b7dcb
2025-04-01 11:14:40 - [Cluster 0 - CLIENT] - INFO - [Store 105] Starting local training.
2025-04-01 11:14:45 - [Cluster 0 - CLIENT] - INFO - [Store 554] Local training complete.
2025-04-01 11:14:45 - [Cluster 0 - CLIENT] - INFO - Sent reply
2025-04-01 11:14:45 - [Cluster 0 - CLIENT] - INFO - 
2025-04-01 11:14:45 - [Cluster 0 - CLIENT] - INFO - Received: train message 5a35f790-78db-4876-a540-cb613f3e559f
2025-04-01 11:14:45 - [Cluster 0 - CLIENT] - INFO - [Store 47] Starting local training.
2025-04-01 11:15:07 - [Cluster 0 - CLIENT] - INFO - [Store 410] Local training complete.
2025-04-01 11:15:07 - [Cluster 0 - CLIENT] - INFO - Sent reply
2025-04-01 11:15:07 - [Cluster 0 - CLIENT] - INFO - 
2025-04-01 11:15:07 - [Cluster 0 - CLIENT] - INFO - Received: train message f1c926b4-8bcc-4290-bcce-2c256b565e82
2025-04-01 11:15:07 - [Cluster 0 - CLIENT] - INFO - [Store 886] Starting local training.
2025-04-01 11:18:01 - [Cluster 0 - CLIENT] - INFO - [Store 857] Local training complete.
2025-04-01 11:18:01 - [Cluster 0 - CLIENT] - INFO - Sent reply
2025-04-01 11:18:01 - [Cluster 0 - CLIENT] - INFO - [Store 511] Local training complete.
2025-04-01 11:18:01 - [Cluster 0 - CLIENT] - INFO - Sent reply
2025-04-01 11:18:01 - [Cluster 0 - CLIENT] - INFO - [Store 305] Local training complete.
2025-04-01 11:18:01 - [Cluster 0 - CLIENT] - INFO - Sent reply
2025-04-01 11:18:03 - [Cluster 0 - CLIENT] - INFO - [Store 201] Local training complete.
2025-04-01 11:18:03 - [Cluster 0 - CLIENT] - INFO - [Store 105] Local training complete.
2025-04-01 11:18:03 - [Cluster 0 - CLIENT] - INFO - [Store 440] Local training complete.
2025-04-01 11:18:03 - [Cluster 0 - CLIENT] - INFO - Sent reply
2025-04-01 11:18:03 - [Cluster 0 - CLIENT] - INFO - [Store 1083] Local training complete.
2025-04-01 11:18:03 - [Cluster 0 - CLIENT] - INFO - Sent reply
2025-04-01 11:18:03 - [Cluster 0 - CLIENT] - INFO - Sent reply
2025-04-01 11:18:03 - [Cluster 0 - CLIENT] - INFO - Sent reply
2025-04-01 11:18:04 - [Cluster 0 - CLIENT] - INFO - [Store 74] Local training complete.
2025-04-01 11:18:04 - [Cluster 0 - CLIENT] - INFO - Sent reply
2025-04-01 11:18:04 - [Cluster 0 - CLIENT] - INFO - [Store 65] Local training complete.
2025-04-01 11:18:04 - [Cluster 0 - CLIENT] - INFO - Sent reply
2025-04-01 11:18:04 - [Cluster 0 - CLIENT] - INFO - [Store 949] Local training complete.
2025-04-01 11:18:04 - [Cluster 0 - CLIENT] - INFO - Sent reply
2025-04-01 11:18:04 - [Cluster 0 - CLIENT] - INFO - [Store 305] Local training complete.
2025-04-01 11:18:04 - [Cluster 0 - CLIENT] - INFO - Sent reply
2025-04-01 11:18:04 - [Cluster 0 - CLIENT] - INFO - [Store 360] Local training complete.
2025-04-01 11:18:04 - [Cluster 0 - CLIENT] - INFO - Sent reply
2025-04-01 11:18:05 - [Cluster 0 - CLIENT] - INFO - [Store 730] Local training complete.
2025-04-01 11:18:05 - [Cluster 0 - CLIENT] - INFO - Sent reply
2025-04-01 11:18:05 - [Cluster 0 - CLIENT] - INFO - [Store 47] Local training complete.
2025-04-01 11:18:05 - [Cluster 0 - CLIENT] - INFO - Sent reply
2025-04-01 11:18:07 - [Cluster 0 - CLIENT] - INFO - [Store 886] Local training complete.
2025-04-01 11:18:07 - [Cluster 0 - CLIENT] - INFO - Sent reply
2025-04-01 11:18:07 - [Cluster 0 - CLIENT] - INFO - 
2025-04-01 11:18:07 - [Cluster 0 - CLIENT] - INFO - Received: evaluate message d05fb19b-0983-4a8d-b9b5-9f6562b0f14a
2025-04-01 11:18:07 - [Cluster 0 - CLIENT] - INFO - 
2025-04-01 11:18:07 - [Cluster 0 - CLIENT] - INFO - Received: evaluate message 9b294d2d-7164-4027-afa9-d36cdac08812
2025-04-01 11:18:07 - [Cluster 0 - CLIENT] - INFO - 
2025-04-01 11:18:07 - [Cluster 0 - CLIENT] - INFO - Received: evaluate message b7fe1e1a-3913-430e-87c1-97e9ca65a01c
2025-04-01 11:18:07 - [Cluster 0 - CLIENT] - INFO - 
2025-04-01 11:18:07 - [Cluster 0 - CLIENT] - INFO - Received: evaluate message 6b4e8c97-9bed-425b-a173-fca8b0778685
2025-04-01 11:18:07 - [Cluster 0 - CLIENT] - INFO - 
2025-04-01 11:18:07 - [Cluster 0 - CLIENT] - INFO - Received: evaluate message baa9d8e9-5cb8-444c-b5be-53033a316569
2025-04-01 11:18:07 - [Cluster 0 - CLIENT] - INFO - 
2025-04-01 11:18:07 - [Cluster 0 - CLIENT] - INFO - Received: evaluate message 853280d7-6d83-415f-8fb3-febd30d7905b
2025-04-01 11:18:07 - [Cluster 0 - CLIENT] - INFO - 
2025-04-01 11:18:07 - [Cluster 0 - CLIENT] - INFO - Received: evaluate message d3927baa-b9be-4be0-8b57-744c22845759
2025-04-01 11:18:07 - [Cluster 0 - CLIENT] - INFO - 
2025-04-01 11:18:07 - [Cluster 0 - CLIENT] - INFO - Received: evaluate message 42ce3110-8a56-4444-9edc-03717c38cad6
2025-04-01 11:18:07 - [Cluster 0 - CLIENT] - INFO - 
2025-04-01 11:18:07 - [Cluster 0 - CLIENT] - INFO - Received: evaluate message e2a86877-4e9b-49dc-9a2b-1ce1f035d916
2025-04-01 11:18:07 - [Cluster 0 - CLIENT] - INFO - 
2025-04-01 11:18:07 - [Cluster 0 - CLIENT] - INFO - Received: evaluate message cf839ad2-6dff-42a8-acf8-eee0c21acf99
2025-04-01 11:18:07 - [Cluster 0 - CLIENT] - INFO - 
2025-04-01 11:18:07 - [Cluster 0 - CLIENT] - INFO - Received: evaluate message d2f47a2c-5231-4fe4-adad-44c637fe6861
2025-04-01 11:18:07 - [Cluster 0 - CLIENT] - INFO - 
2025-04-01 11:18:07 - [Cluster 0 - CLIENT] - INFO - Received: evaluate message c9cb711e-5bc3-428b-be4f-b7b8e24bf27d
2025-04-01 11:18:07 - [Cluster 0 - CLIENT] - INFO - 
2025-04-01 11:18:07 - [Cluster 0 - CLIENT] - INFO - Received: evaluate message e40897c5-255a-439f-9068-a14b69fa6770
2025-04-01 11:18:07 - [Cluster 0 - CLIENT] - INFO - 
2025-04-01 11:18:07 - [Cluster 0 - CLIENT] - INFO - Received: evaluate message 3ee6b22f-4a9c-4c13-90a5-2b865a55b621
2025-04-01 11:18:07 - [Cluster 0 - CLIENT] - INFO - 
2025-04-01 11:18:07 - [Cluster 0 - CLIENT] - INFO - Received: evaluate message eacf2e9a-fb47-4a19-a8cd-5a0d309abd42
2025-04-01 11:18:08 - [Cluster 0 - CLIENT] - INFO - [Store 886] Evaluation - Loss: 0.3100, MAE: 0.3701
2025-04-01 11:18:08 - [Cluster 0 - CLIENT] - INFO - Sent reply
2025-04-01 11:18:08 - [Cluster 0 - CLIENT] - INFO - 
2025-04-01 11:18:08 - [Cluster 0 - CLIENT] - INFO - Received: evaluate message 40290338-3175-4f9b-8a6c-3d64afccad72
2025-04-01 11:18:08 - [Cluster 0 - CLIENT] - INFO - [Store 949] Evaluation - Loss: 0.2169, MAE: 0.3136
2025-04-01 11:18:08 - [Cluster 0 - CLIENT] - INFO - Sent reply
2025-04-01 11:18:08 - [Cluster 0 - CLIENT] - INFO - 
2025-04-01 11:18:08 - [Cluster 0 - CLIENT] - INFO - Received: evaluate message cdcf8024-c639-4869-ac12-dbede17825f5
2025-04-01 11:18:08 - [Cluster 0 - CLIENT] - INFO - [Store 105] Evaluation - Loss: 0.3291, MAE: 0.4067
2025-04-01 11:18:08 - [Cluster 0 - CLIENT] - INFO - Sent reply
2025-04-01 11:18:08 - [Cluster 0 - CLIENT] - INFO - 
2025-04-01 11:18:08 - [Cluster 0 - CLIENT] - INFO - Received: evaluate message ff103270-b531-4d91-97b6-a1cd770af2dc
2025-04-01 11:18:08 - [Cluster 0 - CLIENT] - INFO - [Store 65] Evaluation - Loss: 0.2180, MAE: 0.3040
2025-04-01 11:18:08 - [Cluster 0 - CLIENT] - INFO - Sent reply
2025-04-01 11:18:08 - [Cluster 0 - CLIENT] - INFO - [Store 410] Evaluation - Loss: 0.2858, MAE: 0.3709
2025-04-01 11:18:08 - [Cluster 0 - CLIENT] - INFO - Sent reply
2025-04-01 11:18:08 - [Cluster 0 - CLIENT] - INFO - 
2025-04-01 11:18:08 - [Cluster 0 - CLIENT] - INFO - Received: evaluate message ef275e97-0746-44b6-ac4d-fd7400548f0e
2025-04-01 11:18:08 - [Cluster 0 - CLIENT] - INFO - [Store 922] Evaluation - Loss: 0.2388, MAE: 0.3276
2025-04-01 11:18:08 - [Cluster 0 - CLIENT] - INFO - Sent reply
2025-04-01 11:18:08 - [Cluster 0 - CLIENT] - INFO - 
2025-04-01 11:18:08 - [Cluster 0 - CLIENT] - INFO - Received: evaluate message 0f9e98a3-be00-4735-aecb-7dddd5d0631b
2025-04-01 11:18:08 - [Cluster 0 - CLIENT] - INFO - [Store 305] Evaluation - Loss: 0.5141, MAE: 0.5179
2025-04-01 11:18:08 - [Cluster 0 - CLIENT] - INFO - Sent reply
2025-04-01 11:18:08 - [Cluster 0 - CLIENT] - INFO - 
2025-04-01 11:18:08 - [Cluster 0 - CLIENT] - INFO - Received: evaluate message 9f1fa734-055b-41ac-9178-9efd37323841
2025-04-01 11:18:08 - [Cluster 0 - CLIENT] - INFO - [Store 1099] Evaluation - Loss: 0.3130, MAE: 0.3712
2025-04-01 11:18:08 - [Cluster 0 - CLIENT] - INFO - [Store 718] Evaluation - Loss: 0.2035, MAE: 0.2742
2025-04-01 11:18:08 - [Cluster 0 - CLIENT] - INFO - Sent reply
2025-04-01 11:18:08 - [Cluster 0 - CLIENT] - INFO - Sent reply
2025-04-01 11:18:08 - [Cluster 0 - CLIENT] - INFO - [Store 1083] Evaluation - Loss: 0.4654, MAE: 0.4854
2025-04-01 11:18:08 - [Cluster 0 - CLIENT] - INFO - 
2025-04-01 11:18:08 - [Cluster 0 - CLIENT] - INFO - Received: evaluate message 43a078d8-df66-409a-9b11-670a8849981e
2025-04-01 11:18:08 - [Cluster 0 - CLIENT] - INFO - Sent reply
2025-04-01 11:18:08 - [Cluster 0 - CLIENT] - INFO - [Store 305] Evaluation - Loss: 0.5141, MAE: 0.5179
2025-04-01 11:18:08 - [Cluster 0 - CLIENT] - INFO - [Store 658] Evaluation - Loss: 0.1830, MAE: 0.2719
2025-04-01 11:18:08 - [Cluster 0 - CLIENT] - INFO - [Store 1073] Evaluation - Loss: 1.4665, MAE: 0.8097
2025-04-01 11:18:08 - [Cluster 0 - CLIENT] - INFO - Sent reply
2025-04-01 11:18:08 - [Cluster 0 - CLIENT] - INFO - Sent reply
2025-04-01 11:18:08 - [Cluster 0 - CLIENT] - INFO - Sent reply
2025-04-01 11:18:08 - [Cluster 0 - CLIENT] - INFO - 
2025-04-01 11:18:08 - [Cluster 0 - CLIENT] - INFO - Received: evaluate message 28acb05f-2a03-4fde-9ea9-671f799d49e8
2025-04-01 11:18:08 - [Cluster 0 - CLIENT] - INFO - 
2025-04-01 11:18:08 - [Cluster 0 - CLIENT] - INFO - Received: evaluate message 711594b1-a563-4fa0-b270-a17d700f7f21
2025-04-01 11:18:08 - [Cluster 0 - CLIENT] - INFO - 
2025-04-01 11:18:08 - [Cluster 0 - CLIENT] - INFO - Received: evaluate message 872406b0-b9e9-46f3-9901-7c3dd2d0f207
2025-04-01 11:18:08 - [Cluster 0 - CLIENT] - INFO - 
2025-04-01 11:18:08 - [Cluster 0 - CLIENT] - INFO - Received: evaluate message c195fb7c-48d4-48b0-aa14-d9509a97dade
2025-04-01 11:18:08 - [Cluster 0 - CLIENT] - INFO - 
2025-04-01 11:18:08 - [Cluster 0 - CLIENT] - INFO - Received: evaluate message 1890b31c-16f2-45a6-abeb-cb81d1fa38e8
2025-04-01 11:18:08 - [Cluster 0 - CLIENT] - INFO - 
2025-04-01 11:18:08 - [Cluster 0 - CLIENT] - INFO - Received: evaluate message 496cad15-b7fc-4271-a97b-35b0045294d2
2025-04-01 11:18:08 - [Cluster 0 - CLIENT] - INFO - [Store 628] Evaluation - Loss: 0.3135, MAE: 0.3424
2025-04-01 11:18:08 - [Cluster 0 - CLIENT] - INFO - Sent reply
2025-04-01 11:18:08 - [Cluster 0 - CLIENT] - INFO - [Store 200] Evaluation - Loss: 0.2931, MAE: 0.3290
2025-04-01 11:18:08 - [Cluster 0 - CLIENT] - INFO - 
2025-04-01 11:18:08 - [Cluster 0 - CLIENT] - INFO - Received: evaluate message 86d369ad-d899-4647-bc88-4e684181815a
2025-04-01 11:18:08 - [Cluster 0 - CLIENT] - INFO - Sent reply
2025-04-01 11:18:09 - [Cluster 0 - CLIENT] - INFO - 
2025-04-01 11:18:09 - [Cluster 0 - CLIENT] - INFO - Received: evaluate message abedd329-222c-4aaf-bcc5-1e49e793ffe1
2025-04-01 11:18:09 - [Cluster 0 - CLIENT] - INFO - [Store 47] Evaluation - Loss: 0.2874, MAE: 0.3439
2025-04-01 11:18:09 - [Cluster 0 - CLIENT] - INFO - [Store 730] Evaluation - Loss: 0.1973, MAE: 0.2768
2025-04-01 11:18:09 - [Cluster 0 - CLIENT] - INFO - Sent reply
2025-04-01 11:18:09 - [Cluster 0 - CLIENT] - INFO - [Store 77] Evaluation - Loss: 0.2647, MAE: 0.3499
2025-04-01 11:18:09 - [Cluster 0 - CLIENT] - INFO - Sent reply
2025-04-01 11:18:09 - [Cluster 0 - CLIENT] - INFO - [Store 360] Evaluation - Loss: 0.2332, MAE: 0.3138
2025-04-01 11:18:09 - [Cluster 0 - CLIENT] - INFO - Sent reply
2025-04-01 11:18:09 - [Cluster 0 - CLIENT] - INFO - Sent reply
2025-04-01 11:18:09 - [Cluster 0 - CLIENT] - INFO - [Store 795] Evaluation - Loss: 0.2748, MAE: 0.3707
2025-04-01 11:18:09 - [Cluster 0 - CLIENT] - INFO - Sent reply
2025-04-01 11:18:09 - [Cluster 0 - CLIENT] - INFO - [Store 74] Evaluation - Loss: 0.2404, MAE: 0.2879
2025-04-01 11:18:09 - [Cluster 0 - CLIENT] - INFO - Sent reply
2025-04-01 11:18:09 - [Cluster 0 - CLIENT] - INFO - [Store 857] Evaluation - Loss: 0.3863, MAE: 0.4194
2025-04-01 11:18:09 - [Cluster 0 - CLIENT] - INFO - [Store 554] Evaluation - Loss: 0.5885, MAE: 0.5643
2025-04-01 11:18:09 - [Cluster 0 - CLIENT] - INFO - Sent reply
2025-04-01 11:18:09 - [Cluster 0 - CLIENT] - INFO - Sent reply
2025-04-01 11:18:09 - [Cluster 0 - CLIENT] - INFO - [Store 201] Evaluation - Loss: 0.2769, MAE: 0.3562
2025-04-01 11:18:09 - [Cluster 0 - CLIENT] - INFO - Sent reply
2025-04-01 11:18:09 - [Cluster 0 - CLIENT] - INFO - [Store 440] Evaluation - Loss: 0.3729, MAE: 0.4088
2025-04-01 11:18:09 - [Cluster 0 - CLIENT] - INFO - Sent reply
2025-04-01 11:18:09 - [Cluster 0 - CLIENT] - INFO - [Store 511] Evaluation - Loss: 0.2695, MAE: 0.3213
2025-04-01 11:18:09 - [Cluster 0 - CLIENT] - INFO - Sent reply
2025-04-01 11:18:09 - [Cluster 0 - CLIENT] - INFO - [Store 260] Evaluation - Loss: 0.2378, MAE: 0.2977
2025-04-01 11:18:09 - [Cluster 0 - CLIENT] - INFO - Sent reply
2025-04-01 11:18:09 - [Cluster 0 - CLIENT] - INFO - [Store 254] Evaluation - Loss: 0.3291, MAE: 0.4118
2025-04-01 11:18:09 - [Cluster 0 - CLIENT] - INFO - Sent reply
2025-04-01 11:18:09 - [Cluster 0 - CLIENT] - INFO - [Store 1042] Evaluation - Loss: 0.2743, MAE: 0.3266
2025-04-01 11:18:09 - [Cluster 0 - CLIENT] - INFO - Sent reply
2025-04-01 11:18:09 - [Cluster 0 - CLIENT] - INFO - [Store 55] Evaluation - Loss: 0.3107, MAE: 0.4068
2025-04-01 11:18:09 - [Cluster 0 - CLIENT] - INFO - Sent reply
2025-04-01 11:18:09 - [Cluster 0 - CLIENT] - INFO - 
2025-04-01 11:18:09 - [Cluster 0 - CLIENT] - INFO - Received: train message af80c5cf-ae48-4767-860c-e6c2966986db
2025-04-01 11:18:09 - [Cluster 0 - CLIENT] - INFO - 
2025-04-01 11:18:09 - [Cluster 0 - CLIENT] - INFO - Received: train message 2c123f96-8fa3-4351-adeb-cb8586cf345b
2025-04-01 11:18:09 - [Cluster 0 - CLIENT] - INFO - [Store 201] Starting local training.
2025-04-01 11:18:09 - [Cluster 0 - CLIENT] - INFO - 
2025-04-01 11:18:09 - [Cluster 0 - CLIENT] - INFO - Received: train message fd888074-1d89-4984-8efc-fd4918d908eb
2025-04-01 11:18:09 - [Cluster 0 - CLIENT] - INFO - 
2025-04-01 11:18:09 - [Cluster 0 - CLIENT] - INFO - Received: train message 88ac0c31-fe1e-4bbe-a8f6-ae33892cd295
2025-04-01 11:18:09 - [Cluster 0 - CLIENT] - INFO - 
2025-04-01 11:18:09 - [Cluster 0 - CLIENT] - INFO - Received: train message d313f72e-bbdf-47e9-bbc0-b497629dcd17
2025-04-01 11:18:09 - [Cluster 0 - CLIENT] - INFO - 
2025-04-01 11:18:09 - [Cluster 0 - CLIENT] - INFO - Received: train message 8ba595b5-31b6-4d2d-b361-50a99327328c
2025-04-01 11:18:09 - [Cluster 0 - CLIENT] - INFO - 
2025-04-01 11:18:09 - [Cluster 0 - CLIENT] - INFO - Received: train message f92795d4-6db2-425c-a785-94700c58c206
2025-04-01 11:18:09 - [Cluster 0 - CLIENT] - INFO - [Store 440] Starting local training.
2025-04-01 11:18:09 - [Cluster 0 - CLIENT] - INFO - [Store 254] Starting local training.
2025-04-01 11:18:09 - [Cluster 0 - CLIENT] - INFO - 
2025-04-01 11:18:09 - [Cluster 0 - CLIENT] - INFO - Received: train message 6b7650e2-c364-46bc-bf5c-8333e3db8ff2
2025-04-01 11:18:09 - [Cluster 0 - CLIENT] - INFO - 
2025-04-01 11:18:09 - [Cluster 0 - CLIENT] - INFO - Received: train message 4800a068-080b-45e9-80e4-5ff38dd6bf85
2025-04-01 11:18:09 - [Cluster 0 - CLIENT] - INFO - [Store 628] Starting local training.
2025-04-01 11:18:09 - [Cluster 0 - CLIENT] - INFO - 
2025-04-01 11:18:09 - [Cluster 0 - CLIENT] - INFO - Received: train message 49d34c54-12b9-4cae-bdd6-b722e60f4fd2
2025-04-01 11:18:09 - [Cluster 0 - CLIENT] - INFO - 
2025-04-01 11:18:09 - [Cluster 0 - CLIENT] - INFO - Received: train message 9d5a2597-8e8d-412f-a7db-67386e3ae123
2025-04-01 11:18:09 - [Cluster 0 - CLIENT] - INFO - [Store 305] Starting local training.
2025-04-01 11:18:09 - [Cluster 0 - CLIENT] - INFO - [Store 360] Starting local training.
2025-04-01 11:18:09 - [Cluster 0 - CLIENT] - INFO - 
2025-04-01 11:18:09 - [Cluster 0 - CLIENT] - INFO - Received: train message c32d3b24-89ec-466f-8ea3-128a272045d8
2025-04-01 11:18:09 - [Cluster 0 - CLIENT] - INFO - [Store 511] Starting local training.
2025-04-01 11:18:09 - [Cluster 0 - CLIENT] - INFO - [Store 922] Starting local training.
2025-04-01 11:18:09 - [Cluster 0 - CLIENT] - INFO - [Store 1099] Starting local training.
2025-04-01 11:18:09 - [Cluster 0 - CLIENT] - INFO - 
2025-04-01 11:18:09 - [Cluster 0 - CLIENT] - INFO - Received: train message db365293-886b-49bc-a389-c8c99be554a8
2025-04-01 11:18:09 - [Cluster 0 - CLIENT] - INFO - 
2025-04-01 11:18:09 - [Cluster 0 - CLIENT] - INFO - Received: train message 0350fd1e-1d07-4776-adb7-0c0fdc4e3445
2025-04-01 11:18:09 - [Cluster 0 - CLIENT] - INFO - 
2025-04-01 11:18:09 - [Cluster 0 - CLIENT] - INFO - Received: train message 5566943c-27c6-4b8c-b213-aa8f99b842d3
2025-04-01 11:18:09 - [Cluster 0 - CLIENT] - INFO - [Store 65] Starting local training.
2025-04-01 11:18:09 - [Cluster 0 - CLIENT] - INFO - [Store 410] Starting local training.
2025-04-01 11:18:09 - [Cluster 0 - CLIENT] - INFO - [Store 105] Starting local training.
2025-04-01 11:18:09 - [Cluster 0 - CLIENT] - INFO - [Store 1042] Starting local training.
2025-04-01 11:18:09 - [Cluster 0 - CLIENT] - INFO - [Store 1083] Starting local training.
2025-04-01 11:18:10 - [Cluster 0 - CLIENT] - INFO - [Store 886] Starting local training.
2025-04-01 11:21:29 - [Cluster 0 - CLIENT] - INFO - [Store 628] Local training complete.
2025-04-01 11:21:29 - [Cluster 0 - CLIENT] - INFO - Sent reply
2025-04-01 11:21:29 - [Cluster 0 - CLIENT] - INFO - 
2025-04-01 11:21:29 - [Cluster 0 - CLIENT] - INFO - Received: train message 90bf8fc1-4382-425e-a52e-7278c3093618
2025-04-01 11:21:30 - [Cluster 0 - CLIENT] - INFO - [Store 55] Starting local training.
2025-04-01 11:21:35 - [Cluster 0 - CLIENT] - INFO - [Store 511] Local training complete.
2025-04-01 11:21:35 - [Cluster 0 - CLIENT] - INFO - [Store 254] Local training complete.
2025-04-01 11:21:35 - [Cluster 0 - CLIENT] - INFO - Sent reply
2025-04-01 11:21:35 - [Cluster 0 - CLIENT] - INFO - 
2025-04-01 11:21:35 - [Cluster 0 - CLIENT] - INFO - Received: train message e1e7921e-c066-48e4-a120-15219275ff4d
2025-04-01 11:21:35 - [Cluster 0 - CLIENT] - INFO - [Store 260] Starting local training.
2025-04-01 11:21:35 - [Cluster 0 - CLIENT] - INFO - Sent reply
2025-04-01 11:21:35 - [Cluster 0 - CLIENT] - INFO - 
2025-04-01 11:21:35 - [Cluster 0 - CLIENT] - INFO - Received: train message 5f2124e9-9b87-4cc2-9b91-1bb5232e8d88
2025-04-01 11:21:35 - [Cluster 0 - CLIENT] - INFO - [Store 74] Starting local training.
2025-04-01 11:21:35 - [Cluster 0 - CLIENT] - INFO - [Store 65] Local training complete.
2025-04-01 11:21:35 - [Cluster 0 - CLIENT] - INFO - Sent reply
2025-04-01 11:21:35 - [Cluster 0 - CLIENT] - INFO - 
2025-04-01 11:21:35 - [Cluster 0 - CLIENT] - INFO - Received: train message 87378e32-fdf2-4346-9a52-ef222cc09709
2025-04-01 11:21:35 - [Cluster 0 - CLIENT] - INFO - [Store 305] Starting local training.
2025-04-01 11:21:36 - [Cluster 0 - CLIENT] - INFO - [Store 1042] Local training complete.
2025-04-01 11:21:36 - [Cluster 0 - CLIENT] - INFO - [Store 410] Local training complete.
2025-04-01 11:21:36 - [Cluster 0 - CLIENT] - INFO - Sent reply
2025-04-01 11:21:36 - [Cluster 0 - CLIENT] - INFO - Sent reply
2025-04-01 11:21:36 - [Cluster 0 - CLIENT] - INFO - [Store 440] Local training complete.
2025-04-01 11:21:36 - [Cluster 0 - CLIENT] - INFO - 
2025-04-01 11:21:36 - [Cluster 0 - CLIENT] - INFO - Received: train message c590a066-cfe1-4c21-b3f9-f003ecb53810
2025-04-01 11:21:36 - [Cluster 0 - CLIENT] - INFO - 
2025-04-01 11:21:36 - [Cluster 0 - CLIENT] - INFO - Received: train message 3463579a-a607-40a2-bfe8-d82d91817b37
2025-04-01 11:21:36 - [Cluster 0 - CLIENT] - INFO - [Store 795] Starting local training.
2025-04-01 11:21:36 - [Cluster 0 - CLIENT] - INFO - [Store 77] Starting local training.
2025-04-01 11:21:36 - [Cluster 0 - CLIENT] - INFO - Sent reply
2025-04-01 11:21:36 - [Cluster 0 - CLIENT] - INFO - 
2025-04-01 11:21:36 - [Cluster 0 - CLIENT] - INFO - Received: train message 741e7bcf-d919-4a9f-bd84-cf946b286009
2025-04-01 11:21:36 - [Cluster 0 - CLIENT] - INFO - [Store 857] Starting local training.
2025-04-01 11:21:37 - [Cluster 0 - CLIENT] - INFO - [Store 886] Local training complete.
2025-04-01 11:21:37 - [Cluster 0 - CLIENT] - INFO - Sent reply
2025-04-01 11:21:37 - [Cluster 0 - CLIENT] - INFO - 
2025-04-01 11:21:37 - [Cluster 0 - CLIENT] - INFO - Received: train message 503a9a44-b4cc-4227-b690-a793815a1dd2
2025-04-01 11:21:37 - [Cluster 0 - CLIENT] - INFO - [Store 718] Starting local training.
2025-04-01 11:21:38 - [Cluster 0 - CLIENT] - INFO - [Store 360] Local training complete.
2025-04-01 11:21:38 - [Cluster 0 - CLIENT] - INFO - Sent reply
2025-04-01 11:21:38 - [Cluster 0 - CLIENT] - INFO - 
2025-04-01 11:21:38 - [Cluster 0 - CLIENT] - INFO - Received: train message e25a58aa-4972-4e9d-a2ac-2f76a27b14ce
2025-04-01 11:21:38 - [Cluster 0 - CLIENT] - INFO - [Store 1073] Starting local training.
2025-04-01 11:21:38 - [Cluster 0 - CLIENT] - INFO - [Store 922] Local training complete.
2025-04-01 11:21:38 - [Cluster 0 - CLIENT] - INFO - [Store 305] Local training complete.
2025-04-01 11:21:38 - [Cluster 0 - CLIENT] - INFO - Sent reply
2025-04-01 11:21:38 - [Cluster 0 - CLIENT] - INFO - Sent reply
2025-04-01 11:21:38 - [Cluster 0 - CLIENT] - INFO - 
2025-04-01 11:21:38 - [Cluster 0 - CLIENT] - INFO - Received: train message 95449007-d3a1-4fce-8e56-0360b54f2ff2
2025-04-01 11:21:38 - [Cluster 0 - CLIENT] - INFO - 
2025-04-01 11:21:38 - [Cluster 0 - CLIENT] - INFO - Received: train message 1942b69e-1014-4ba0-bdda-806cc381a12e
2025-04-01 11:21:38 - [Cluster 0 - CLIENT] - INFO - [Store 554] Starting local training.
2025-04-01 11:21:38 - [Cluster 0 - CLIENT] - INFO - [Store 949] Starting local training.
2025-04-01 11:21:39 - [Cluster 0 - CLIENT] - INFO - [Store 105] Local training complete.
2025-04-01 11:21:39 - [Cluster 0 - CLIENT] - INFO - Sent reply
2025-04-01 11:21:39 - [Cluster 0 - CLIENT] - INFO - 
2025-04-01 11:21:39 - [Cluster 0 - CLIENT] - INFO - Received: train message 13074561-8db5-432e-b9b9-e1671e4c8227
2025-04-01 11:21:39 - [Cluster 0 - CLIENT] - INFO - [Store 658] Starting local training.
2025-04-01 11:21:39 - [Cluster 0 - CLIENT] - INFO - [Store 201] Local training complete.
2025-04-01 11:21:39 - [Cluster 0 - CLIENT] - INFO - Sent reply
2025-04-01 11:21:39 - [Cluster 0 - CLIENT] - INFO - 
2025-04-01 11:21:39 - [Cluster 0 - CLIENT] - INFO - Received: train message 608d1285-6e69-468c-92b8-afe142900b66
2025-04-01 11:21:39 - [Cluster 0 - CLIENT] - INFO - [Store 47] Starting local training.
2025-04-01 11:21:40 - [Cluster 0 - CLIENT] - INFO - [Store 1083] Local training complete.
2025-04-01 11:21:40 - [Cluster 0 - CLIENT] - INFO - Sent reply
2025-04-01 11:21:40 - [Cluster 0 - CLIENT] - INFO - 
2025-04-01 11:21:40 - [Cluster 0 - CLIENT] - INFO - Received: train message 652a3e9c-4658-469a-a552-fe7f32b36a0e
2025-04-01 11:21:40 - [Cluster 0 - CLIENT] - INFO - [Store 730] Starting local training.
2025-04-01 11:21:40 - [Cluster 0 - CLIENT] - INFO - [Store 1099] Local training complete.
2025-04-01 11:21:40 - [Cluster 0 - CLIENT] - INFO - Sent reply
2025-04-01 11:21:40 - [Cluster 0 - CLIENT] - INFO - 
2025-04-01 11:21:40 - [Cluster 0 - CLIENT] - INFO - Received: train message b82a4e8a-d245-4a85-8f44-efe486dae4dc
2025-04-01 11:21:40 - [Cluster 0 - CLIENT] - INFO - [Store 200] Starting local training.
2025-04-01 11:24:58 - [Cluster 0 - CLIENT] - INFO - [Store 55] Local training complete.
2025-04-01 11:24:58 - [Cluster 0 - CLIENT] - INFO - Sent reply
2025-04-01 11:25:02 - [Cluster 0 - CLIENT] - INFO - [Store 857] Local training complete.
2025-04-01 11:25:02 - [Cluster 0 - CLIENT] - INFO - Sent reply
2025-04-01 11:25:03 - [Cluster 0 - CLIENT] - INFO - [Store 554] Local training complete.
2025-04-01 11:25:04 - [Cluster 0 - CLIENT] - INFO - Sent reply
2025-04-01 11:25:04 - [Cluster 0 - CLIENT] - INFO - [Store 1073] Local training complete.
2025-04-01 11:25:04 - [Cluster 0 - CLIENT] - INFO - Sent reply
2025-04-01 11:25:04 - [Cluster 0 - CLIENT] - INFO - [Store 74] Local training complete.
2025-04-01 11:25:04 - [Cluster 0 - CLIENT] - INFO - Sent reply
2025-04-01 11:25:04 - [Cluster 0 - CLIENT] - INFO - [Store 260] Local training complete.
2025-04-01 11:25:04 - [Cluster 0 - CLIENT] - INFO - Sent reply
2025-04-01 11:25:04 - [Cluster 0 - CLIENT] - INFO - [Store 795] Local training complete.
2025-04-01 11:25:04 - [Cluster 0 - CLIENT] - INFO - [Store 949] Local training complete.
2025-04-01 11:25:04 - [Cluster 0 - CLIENT] - INFO - Sent reply
2025-04-01 11:25:04 - [Cluster 0 - CLIENT] - INFO - Sent reply
2025-04-01 11:25:05 - [Cluster 0 - CLIENT] - INFO - [Store 658] Local training complete.
2025-04-01 11:25:05 - [Cluster 0 - CLIENT] - INFO - Sent reply
2025-04-01 11:25:05 - [Cluster 0 - CLIENT] - INFO - [Store 305] Local training complete.
2025-04-01 11:25:05 - [Cluster 0 - CLIENT] - INFO - Sent reply
2025-04-01 11:25:05 - [Cluster 0 - CLIENT] - INFO - [Store 47] Local training complete.
2025-04-01 11:25:05 - [Cluster 0 - CLIENT] - INFO - Sent reply
2025-04-01 11:25:06 - [Cluster 0 - CLIENT] - INFO - [Store 730] Local training complete.
2025-04-01 11:25:06 - [Cluster 0 - CLIENT] - INFO - Sent reply
2025-04-01 11:25:06 - [Cluster 0 - CLIENT] - INFO - [Store 200] Local training complete.
2025-04-01 11:25:06 - [Cluster 0 - CLIENT] - INFO - Sent reply
2025-04-01 11:25:08 - [Cluster 0 - CLIENT] - INFO - [Store 77] Local training complete.
2025-04-01 11:25:08 - [Cluster 0 - CLIENT] - INFO - Sent reply
2025-04-01 11:25:08 - [Cluster 0 - CLIENT] - INFO - [Store 718] Local training complete.
2025-04-01 11:25:08 - [Cluster 0 - CLIENT] - INFO - Sent reply
2025-04-01 11:25:08 - [Cluster 0 - CLIENT] - INFO - 
2025-04-01 11:25:08 - [Cluster 0 - CLIENT] - INFO - Received: evaluate message 2eb22b6c-65e3-41fa-8e6e-1fb4d6178ff0
2025-04-01 11:25:08 - [Cluster 0 - CLIENT] - INFO - 
2025-04-01 11:25:08 - [Cluster 0 - CLIENT] - INFO - Received: evaluate message 41445152-244d-4eb0-9d92-71c99d383346
2025-04-01 11:25:08 - [Cluster 0 - CLIENT] - INFO - 
2025-04-01 11:25:08 - [Cluster 0 - CLIENT] - INFO - Received: evaluate message 98bae004-9583-4c0f-af19-c0e3624fd5dd
2025-04-01 11:25:08 - [Cluster 0 - CLIENT] - INFO - 
2025-04-01 11:25:08 - [Cluster 0 - CLIENT] - INFO - Received: evaluate message d33080e8-1750-42ed-976f-d3a3b3050502
2025-04-01 11:25:08 - [Cluster 0 - CLIENT] - INFO - 
2025-04-01 11:25:08 - [Cluster 0 - CLIENT] - INFO - Received: evaluate message 81ff18f6-62e4-40ee-a5cb-e1a7bcaf3510
2025-04-01 11:25:08 - [Cluster 0 - CLIENT] - INFO - 
2025-04-01 11:25:08 - [Cluster 0 - CLIENT] - INFO - Received: evaluate message f31927ca-b49a-4821-8e6a-9e66e506ecef
2025-04-01 11:25:08 - [Cluster 0 - CLIENT] - INFO - 
2025-04-01 11:25:08 - [Cluster 0 - CLIENT] - INFO - 
2025-04-01 11:25:08 - [Cluster 0 - CLIENT] - INFO - Received: evaluate message 0ed7caa0-49f1-4f4d-bdcc-bca17b1db445
2025-04-01 11:25:08 - [Cluster 0 - CLIENT] - INFO - Received: evaluate message 737bde55-b8cb-4a67-920f-83cd0f552725
2025-04-01 11:25:08 - [Cluster 0 - CLIENT] - INFO - 
2025-04-01 11:25:08 - [Cluster 0 - CLIENT] - INFO - Received: evaluate message 31f36d55-c8d8-4d8f-bffe-b80cd230f54a
2025-04-01 11:25:08 - [Cluster 0 - CLIENT] - INFO - 
2025-04-01 11:25:08 - [Cluster 0 - CLIENT] - INFO - Received: evaluate message 3b46bac2-8ca6-4f08-8222-16344c6e8d1c
2025-04-01 11:25:08 - [Cluster 0 - CLIENT] - INFO - 
2025-04-01 11:25:08 - [Cluster 0 - CLIENT] - INFO - Received: evaluate message e7ce3501-0409-4b81-baae-8395ec43b1e6
2025-04-01 11:25:08 - [Cluster 0 - CLIENT] - INFO - 
2025-04-01 11:25:08 - [Cluster 0 - CLIENT] - INFO - Received: evaluate message 1be45f6e-3394-49a2-995b-68cf5be3a86a
2025-04-01 11:25:08 - [Cluster 0 - CLIENT] - INFO - 
2025-04-01 11:25:08 - [Cluster 0 - CLIENT] - INFO - Received: evaluate message da0543a5-72ee-41d0-9d3a-404dafb40150
2025-04-01 11:25:08 - [Cluster 0 - CLIENT] - INFO - 
2025-04-01 11:25:08 - [Cluster 0 - CLIENT] - INFO - Received: evaluate message da558de3-dce7-48df-bac8-390334a1a969
2025-04-01 11:25:08 - [Cluster 0 - CLIENT] - INFO - 
2025-04-01 11:25:08 - [Cluster 0 - CLIENT] - INFO - Received: evaluate message 670eb887-d961-4525-8d2c-4d4affdb544c
2025-04-01 11:25:09 - [Cluster 0 - CLIENT] - INFO - [Store 305] Evaluation - Loss: 0.5031, MAE: 0.5166
2025-04-01 11:25:09 - [Cluster 0 - CLIENT] - INFO - Sent reply
2025-04-01 11:25:09 - [Cluster 0 - CLIENT] - INFO - 
2025-04-01 11:25:09 - [Cluster 0 - CLIENT] - INFO - Received: evaluate message 959ff39a-aad0-494d-8bfe-b53b91cb943b
2025-04-01 11:25:09 - [Cluster 0 - CLIENT] - INFO - [Store 200] Evaluation - Loss: 0.2899, MAE: 0.3315
2025-04-01 11:25:09 - [Cluster 0 - CLIENT] - INFO - Sent reply
2025-04-01 11:25:09 - [Cluster 0 - CLIENT] - INFO - [Store 554] Evaluation - Loss: 0.5726, MAE: 0.5634
2025-04-01 11:25:09 - [Cluster 0 - CLIENT] - INFO - 
2025-04-01 11:25:09 - [Cluster 0 - CLIENT] - INFO - Received: evaluate message 0cc696c2-7d41-4c12-9893-6b38fc6fddd4
2025-04-01 11:25:09 - [Cluster 0 - CLIENT] - INFO - Sent reply
2025-04-01 11:25:09 - [Cluster 0 - CLIENT] - INFO - 
2025-04-01 11:25:09 - [Cluster 0 - CLIENT] - INFO - Received: evaluate message e7f5c2eb-d0a2-4188-bddf-0fd378d1d314
2025-04-01 11:25:09 - [Cluster 0 - CLIENT] - INFO - [Store 949] Evaluation - Loss: 0.2203, MAE: 0.3191
2025-04-01 11:25:09 - [Cluster 0 - CLIENT] - INFO - Sent reply
2025-04-01 11:25:09 - [Cluster 0 - CLIENT] - INFO - [Store 77] Evaluation - Loss: 0.2601, MAE: 0.3512
2025-04-01 11:25:09 - [Cluster 0 - CLIENT] - INFO - Sent reply
2025-04-01 11:25:09 - [Cluster 0 - CLIENT] - INFO - 
2025-04-01 11:25:09 - [Cluster 0 - CLIENT] - INFO - Received: evaluate message 213f142b-ccba-4e4c-93d1-4e7f608554d2
2025-04-01 11:25:09 - [Cluster 0 - CLIENT] - INFO - 
2025-04-01 11:25:09 - [Cluster 0 - CLIENT] - INFO - Received: evaluate message bd0d8f91-05f0-493b-9900-0486ea56d604
2025-04-01 11:25:09 - [Cluster 0 - CLIENT] - INFO - [Store 658] Evaluation - Loss: 0.1842, MAE: 0.2772
2025-04-01 11:25:09 - [Cluster 0 - CLIENT] - INFO - Sent reply
2025-04-01 11:25:09 - [Cluster 0 - CLIENT] - INFO - 
2025-04-01 11:25:09 - [Cluster 0 - CLIENT] - INFO - Received: evaluate message 278dee99-15ad-46bb-9c96-715820142d65
2025-04-01 11:25:09 - [Cluster 0 - CLIENT] - INFO - [Store 886] Evaluation - Loss: 0.3048, MAE: 0.3682
2025-04-01 11:25:09 - [Cluster 0 - CLIENT] - INFO - Sent reply
2025-04-01 11:25:09 - [Cluster 0 - CLIENT] - INFO - [Store 440] Evaluation - Loss: 0.3623, MAE: 0.4055
2025-04-01 11:25:09 - [Cluster 0 - CLIENT] - INFO - Sent reply
2025-04-01 11:25:09 - [Cluster 0 - CLIENT] - INFO - 
2025-04-01 11:25:09 - [Cluster 0 - CLIENT] - INFO - Received: evaluate message 2fe78dd4-3bf5-45e7-b566-f616b5636886
2025-04-01 11:25:09 - [Cluster 0 - CLIENT] - INFO - 
2025-04-01 11:25:09 - [Cluster 0 - CLIENT] - INFO - Received: evaluate message 114194fe-2a7a-4a2a-9249-b9cb010503b0
2025-04-01 11:25:10 - [Cluster 0 - CLIENT] - INFO - [Store 922] Evaluation - Loss: 0.2380, MAE: 0.3325
2025-04-01 11:25:10 - [Cluster 0 - CLIENT] - INFO - [Store 628] Evaluation - Loss: 0.3200, MAE: 0.3479
2025-04-01 11:25:10 - [Cluster 0 - CLIENT] - INFO - Sent reply
2025-04-01 11:25:10 - [Cluster 0 - CLIENT] - INFO - [Store 511] Evaluation - Loss: 0.2806, MAE: 0.3288
2025-04-01 11:25:10 - [Cluster 0 - CLIENT] - INFO - Sent reply
2025-04-01 11:25:10 - [Cluster 0 - CLIENT] - INFO - Sent reply
2025-04-01 11:25:10 - [Cluster 0 - CLIENT] - INFO - [Store 105] Evaluation - Loss: 0.3256, MAE: 0.4050
2025-04-01 11:25:10 - [Cluster 0 - CLIENT] - INFO - Sent reply
2025-04-01 11:25:10 - [Cluster 0 - CLIENT] - INFO - 
2025-04-01 11:25:10 - [Cluster 0 - CLIENT] - INFO - [Store 254] Evaluation - Loss: 0.3263, MAE: 0.4144
2025-04-01 11:25:10 - [Cluster 0 - CLIENT] - INFO - Received: evaluate message 6ee1be86-0985-4e0a-ad94-80f8218a2e26
2025-04-01 11:25:10 - [Cluster 0 - CLIENT] - INFO - Sent reply
2025-04-01 11:25:10 - [Cluster 0 - CLIENT] - INFO - 
2025-04-01 11:25:10 - [Cluster 0 - CLIENT] - INFO - Received: evaluate message 5c120531-6c1d-4f21-92e2-20c3aa8d555b
2025-04-01 11:25:10 - [Cluster 0 - CLIENT] - INFO - 
2025-04-01 11:25:10 - [Cluster 0 - CLIENT] - INFO - Received: evaluate message 67a3cf0f-e8c4-457e-b7c4-018dcd4bb6dd
2025-04-01 11:25:10 - [Cluster 0 - CLIENT] - INFO - 
2025-04-01 11:25:10 - [Cluster 0 - CLIENT] - INFO - Received: evaluate message 6089e3e6-3479-418c-923e-5f13a00b729f
2025-04-01 11:25:10 - [Cluster 0 - CLIENT] - INFO - [Store 65] Evaluation - Loss: 0.2177, MAE: 0.3060
2025-04-01 11:25:10 - [Cluster 0 - CLIENT] - INFO - Sent reply
2025-04-01 11:25:10 - [Cluster 0 - CLIENT] - INFO - 
2025-04-01 11:25:10 - [Cluster 0 - CLIENT] - INFO - Received: evaluate message a28d3782-9527-4612-a971-0d95cedee010
2025-04-01 11:25:10 - [Cluster 0 - CLIENT] - INFO - 
2025-04-01 11:25:10 - [Cluster 0 - CLIENT] - INFO - Received: evaluate message 0cc4fbdd-5989-401b-808e-5a86844a16fd
2025-04-01 11:25:10 - [Cluster 0 - CLIENT] - INFO - [Store 410] Evaluation - Loss: 0.2819, MAE: 0.3735
2025-04-01 11:25:10 - [Cluster 0 - CLIENT] - INFO - Sent reply
2025-04-01 11:25:10 - [Cluster 0 - CLIENT] - INFO - 
2025-04-01 11:25:10 - [Cluster 0 - CLIENT] - INFO - Received: evaluate message 16de2eaa-9f14-4453-b461-4727b437101f
2025-04-01 11:25:10 - [Cluster 0 - CLIENT] - INFO - [Store 1083] Evaluation - Loss: 0.4497, MAE: 0.4817
2025-04-01 11:25:10 - [Cluster 0 - CLIENT] - INFO - [Store 730] Evaluation - Loss: 0.2062, MAE: 0.2888
2025-04-01 11:25:10 - [Cluster 0 - CLIENT] - INFO - Sent reply
2025-04-01 11:25:10 - [Cluster 0 - CLIENT] - INFO - Sent reply
2025-04-01 11:25:10 - [Cluster 0 - CLIENT] - INFO - [Store 74] Evaluation - Loss: 0.2410, MAE: 0.2937
2025-04-01 11:25:10 - [Cluster 0 - CLIENT] - INFO - Sent reply
2025-04-01 11:25:10 - [Cluster 0 - CLIENT] - INFO - [Store 260] Evaluation - Loss: 0.2513, MAE: 0.3085
2025-04-01 11:25:10 - [Cluster 0 - CLIENT] - INFO - Sent reply
2025-04-01 11:25:10 - [Cluster 0 - CLIENT] - INFO - [Store 47] Evaluation - Loss: 0.2797, MAE: 0.3398
2025-04-01 11:25:10 - [Cluster 0 - CLIENT] - INFO - Sent reply
2025-04-01 11:25:10 - [Cluster 0 - CLIENT] - INFO - [Store 718] Evaluation - Loss: 0.2033, MAE: 0.2760
2025-04-01 11:25:10 - [Cluster 0 - CLIENT] - INFO - Sent reply
2025-04-01 11:25:10 - [Cluster 0 - CLIENT] - INFO - [Store 795] Evaluation - Loss: 0.2787, MAE: 0.3795
2025-04-01 11:25:10 - [Cluster 0 - CLIENT] - INFO - Sent reply
2025-04-01 11:25:10 - [Cluster 0 - CLIENT] - INFO - [Store 1099] Evaluation - Loss: 0.3105, MAE: 0.3668
2025-04-01 11:25:10 - [Cluster 0 - CLIENT] - INFO - Sent reply
2025-04-01 11:25:10 - [Cluster 0 - CLIENT] - INFO - [Store 201] Evaluation - Loss: 0.2796, MAE: 0.3611
2025-04-01 11:25:10 - [Cluster 0 - CLIENT] - INFO - Sent reply
2025-04-01 11:25:10 - [Cluster 0 - CLIENT] - INFO - [Store 360] Evaluation - Loss: 0.2402, MAE: 0.3178
2025-04-01 11:25:10 - [Cluster 0 - CLIENT] - INFO - Sent reply
2025-04-01 11:25:10 - [Cluster 0 - CLIENT] - INFO - [Store 55] Evaluation - Loss: 0.2990, MAE: 0.4008
2025-04-01 11:25:10 - [Cluster 0 - CLIENT] - INFO - Sent reply
2025-04-01 11:25:10 - [Cluster 0 - CLIENT] - INFO - [Store 1042] Evaluation - Loss: 0.2734, MAE: 0.3320
2025-04-01 11:25:10 - [Cluster 0 - CLIENT] - INFO - Sent reply
2025-04-01 11:25:10 - [Cluster 0 - CLIENT] - INFO - [Store 1073] Evaluation - Loss: 1.3177, MAE: 0.7727
2025-04-01 11:25:10 - [Cluster 0 - CLIENT] - INFO - Sent reply
2025-04-01 11:25:10 - [Cluster 0 - CLIENT] - INFO - [Store 857] Evaluation - Loss: 0.3818, MAE: 0.4209
2025-04-01 11:25:10 - [Cluster 0 - CLIENT] - INFO - Sent reply
2025-04-01 11:25:10 - [Cluster 0 - CLIENT] - INFO - [Store 305] Evaluation - Loss: 0.5031, MAE: 0.5166
2025-04-01 11:25:10 - [Cluster 0 - CLIENT] - INFO - Sent reply
2025-04-01 11:25:10 - [Cluster 0 - CLIENT] - INFO - 
2025-04-01 11:25:10 - [Cluster 0 - CLIENT] - INFO - Received: train message b4dea007-38e6-4214-812c-c375b4dc2386
2025-04-01 11:25:10 - [Cluster 0 - CLIENT] - INFO - 
2025-04-01 11:25:10 - [Cluster 0 - CLIENT] - INFO - Received: train message fb0f764b-bec8-4993-96ae-109c53221072
2025-04-01 11:25:10 - [Cluster 0 - CLIENT] - INFO - 
2025-04-01 11:25:10 - [Cluster 0 - CLIENT] - INFO - Received: train message d14be262-e955-4434-a904-2ce849cdb3a4
2025-04-01 11:25:10 - [Cluster 0 - CLIENT] - INFO - [Store 55] Starting local training.
2025-04-01 11:25:10 - [Cluster 0 - CLIENT] - INFO - 
2025-04-01 11:25:10 - [Cluster 0 - CLIENT] - INFO - Received: train message fe115aae-90be-4e82-a40f-0685cf232309
2025-04-01 11:25:10 - [Cluster 0 - CLIENT] - INFO - 
2025-04-01 11:25:10 - [Cluster 0 - CLIENT] - INFO - Received: train message a0925e00-4353-448a-a6ef-8da279df8fcf
2025-04-01 11:25:10 - [Cluster 0 - CLIENT] - INFO - 
2025-04-01 11:25:10 - [Cluster 0 - CLIENT] - INFO - Received: train message b61cd158-4788-42d2-af10-7bde5bae2325
2025-04-01 11:25:11 - [Cluster 0 - CLIENT] - INFO - [Store 201] Starting local training.
2025-04-01 11:25:10 - [Cluster 0 - CLIENT] - INFO - 
2025-04-01 11:25:11 - [Cluster 0 - CLIENT] - INFO - Received: train message ddd1e9e9-756c-4133-857f-74b776a97f58
2025-04-01 11:25:11 - [Cluster 0 - CLIENT] - INFO - 
2025-04-01 11:25:11 - [Cluster 0 - CLIENT] - INFO - 
2025-04-01 11:25:11 - [Cluster 0 - CLIENT] - INFO - Received: train message bc08000b-58c2-4816-9717-4d28048d6170
2025-04-01 11:25:11 - [Cluster 0 - CLIENT] - INFO - Received: train message 60565960-49f5-4de5-bc6c-4030e2857594
2025-04-01 11:25:11 - [Cluster 0 - CLIENT] - INFO - 
2025-04-01 11:25:11 - [Cluster 0 - CLIENT] - INFO - Received: train message 23b8d48f-af79-40ea-a6ce-aa11154f906d
2025-04-01 11:25:11 - [Cluster 0 - CLIENT] - INFO - [Store 1073] Starting local training.
2025-04-01 11:25:11 - [Cluster 0 - CLIENT] - INFO - 
2025-04-01 11:25:11 - [Cluster 0 - CLIENT] - INFO - Received: train message 58c8fca5-6dea-4a81-acb9-2ccd461845e8
2025-04-01 11:25:11 - [Cluster 0 - CLIENT] - INFO - [Store 410] Starting local training.
2025-04-01 11:25:11 - [Cluster 0 - CLIENT] - INFO - 
2025-04-01 11:25:11 - [Cluster 0 - CLIENT] - INFO - Received: train message ddb7b316-5299-40f8-8e50-8d0d5c542328
2025-04-01 11:25:11 - [Cluster 0 - CLIENT] - INFO - [Store 105] Starting local training.
2025-04-01 11:25:11 - [Cluster 0 - CLIENT] - INFO - 
2025-04-01 11:25:11 - [Cluster 0 - CLIENT] - INFO - Received: train message a2bf702b-d642-4f88-81d5-3c0aaf0aee84
2025-04-01 11:25:11 - [Cluster 0 - CLIENT] - INFO - [Store 1099] Starting local training.
2025-04-01 11:25:11 - [Cluster 0 - CLIENT] - INFO - 
2025-04-01 11:25:11 - [Cluster 0 - CLIENT] - INFO - Received: train message a937f229-cc4d-46d8-b9ba-d41ee35e4403
2025-04-01 11:25:11 - [Cluster 0 - CLIENT] - INFO - [Store 360] Starting local training.
2025-04-01 11:25:11 - [Cluster 0 - CLIENT] - INFO - 
2025-04-01 11:25:11 - [Cluster 0 - CLIENT] - INFO - Received: train message 51fa22d4-c647-4865-8621-f80a22b501d6
2025-04-01 11:25:11 - [Cluster 0 - CLIENT] - INFO - [Store 730] Starting local training.
2025-04-01 11:25:11 - [Cluster 0 - CLIENT] - INFO - [Store 718] Starting local training.
2025-04-01 11:25:11 - [Cluster 0 - CLIENT] - INFO - [Store 949] Starting local training.
2025-04-01 11:25:11 - [Cluster 0 - CLIENT] - INFO - [Store 200] Starting local training.
2025-04-01 11:25:11 - [Cluster 0 - CLIENT] - INFO - [Store 1083] Starting local training.
2025-04-01 11:25:11 - [Cluster 0 - CLIENT] - INFO - [Store 65] Starting local training.
2025-04-01 11:25:11 - [Cluster 0 - CLIENT] - INFO - [Store 77] Starting local training.
2025-04-01 11:25:11 - [Cluster 0 - CLIENT] - INFO - [Store 554] Starting local training.
2025-04-01 11:28:35 - [Cluster 0 - CLIENT] - INFO - [Store 1099] Local training complete.
2025-04-01 11:28:35 - [Cluster 0 - CLIENT] - INFO - Sent reply
2025-04-01 11:28:35 - [Cluster 0 - CLIENT] - INFO - 
2025-04-01 11:28:35 - [Cluster 0 - CLIENT] - INFO - Received: train message f6d58715-aecf-4fbc-b8cb-ec3d61761425
2025-04-01 11:28:35 - [Cluster 0 - CLIENT] - INFO - [Store 74] Starting local training.
2025-04-01 11:28:35 - [Cluster 0 - CLIENT] - INFO - [Store 949] Local training complete.
2025-04-01 11:28:35 - [Cluster 0 - CLIENT] - INFO - Sent reply
2025-04-01 11:28:35 - [Cluster 0 - CLIENT] - INFO - 
2025-04-01 11:28:35 - [Cluster 0 - CLIENT] - INFO - Received: train message 7a12e755-62f0-475f-bfc6-ec878395abc0
2025-04-01 11:28:35 - [Cluster 0 - CLIENT] - INFO - [Store 886] Starting local training.
2025-04-01 11:28:37 - [Cluster 0 - CLIENT] - INFO - [Store 105] Local training complete.
2025-04-01 11:28:37 - [Cluster 0 - CLIENT] - INFO - Sent reply
2025-04-01 11:28:37 - [Cluster 0 - CLIENT] - INFO - 
2025-04-01 11:28:37 - [Cluster 0 - CLIENT] - INFO - Received: train message 818ad796-fb5b-413d-84f4-6d423ba138a1
2025-04-01 11:28:37 - [Cluster 0 - CLIENT] - INFO - [Store 857] Starting local training.
2025-04-01 11:28:37 - [Cluster 0 - CLIENT] - INFO - [Store 1073] Local training complete.
2025-04-01 11:28:37 - [Cluster 0 - CLIENT] - INFO - Sent reply
2025-04-01 11:28:37 - [Cluster 0 - CLIENT] - INFO - 
2025-04-01 11:28:37 - [Cluster 0 - CLIENT] - INFO - Received: train message 1f2af30a-23d0-4427-9909-566083b80ab4
2025-04-01 11:28:37 - [Cluster 0 - CLIENT] - INFO - [Store 922] Starting local training.
2025-04-01 11:28:39 - [Cluster 0 - CLIENT] - INFO - [Store 410] Local training complete.
2025-04-01 11:28:39 - [Cluster 0 - CLIENT] - INFO - Sent reply
2025-04-01 11:28:39 - [Cluster 0 - CLIENT] - INFO - 
2025-04-01 11:28:39 - [Cluster 0 - CLIENT] - INFO - Received: train message 7d06a47f-fa66-455a-9295-082b7d3901b5
2025-04-01 11:28:39 - [Cluster 0 - CLIENT] - INFO - [Store 628] Starting local training.
2025-04-01 11:28:39 - [Cluster 0 - CLIENT] - INFO - [Store 55] Local training complete.
2025-04-01 11:28:39 - [Cluster 0 - CLIENT] - INFO - Sent reply
2025-04-01 11:28:39 - [Cluster 0 - CLIENT] - INFO - 
2025-04-01 11:28:39 - [Cluster 0 - CLIENT] - INFO - Received: train message 1fdc2822-1e41-4a4b-add1-c59a4e07c29d
2025-04-01 11:28:39 - [Cluster 0 - CLIENT] - INFO - [Store 200] Local training complete.
2025-04-01 11:28:39 - [Cluster 0 - CLIENT] - INFO - [Store 254] Starting local training.
2025-04-01 11:28:39 - [Cluster 0 - CLIENT] - INFO - Sent reply
2025-04-01 11:28:39 - [Cluster 0 - CLIENT] - INFO - 
2025-04-01 11:28:39 - [Cluster 0 - CLIENT] - INFO - Received: train message 9552b1ca-2b7f-48cb-a32d-96ac4e42ecb3
2025-04-01 11:28:40 - [Cluster 0 - CLIENT] - INFO - [Store 260] Starting local training.
2025-04-01 11:28:41 - [Cluster 0 - CLIENT] - INFO - [Store 77] Local training complete.
2025-04-01 11:28:41 - [Cluster 0 - CLIENT] - INFO - Sent reply
2025-04-01 11:28:41 - [Cluster 0 - CLIENT] - INFO - 
2025-04-01 11:28:41 - [Cluster 0 - CLIENT] - INFO - Received: train message 9cd61df7-440f-4f7c-8f26-e1b22d54999d
2025-04-01 11:28:41 - [Cluster 0 - CLIENT] - INFO - [Store 47] Starting local training.
2025-04-01 11:28:41 - [Cluster 0 - CLIENT] - INFO - [Store 65] Local training complete.
2025-04-01 11:28:42 - [Cluster 0 - CLIENT] - INFO - [Store 360] Local training complete.
2025-04-01 11:28:42 - [Cluster 0 - CLIENT] - INFO - Sent reply
2025-04-01 11:28:42 - [Cluster 0 - CLIENT] - INFO - 
2025-04-01 11:28:42 - [Cluster 0 - CLIENT] - INFO - Received: train message bb2c5f53-3e33-4e8f-93cf-a3f71486b313
2025-04-01 11:28:42 - [Cluster 0 - CLIENT] - INFO - [Store 1042] Starting local training.
2025-04-01 11:28:42 - [Cluster 0 - CLIENT] - INFO - Sent reply
2025-04-01 11:28:42 - [Cluster 0 - CLIENT] - INFO - 
2025-04-01 11:28:42 - [Cluster 0 - CLIENT] - INFO - Received: train message 98b186e1-5ce1-4432-883c-ba78d7981e0c
2025-04-01 11:28:42 - [Cluster 0 - CLIENT] - INFO - [Store 305] Starting local training.
2025-04-01 11:28:43 - [Cluster 0 - CLIENT] - INFO - [Store 201] Local training complete.
2025-04-01 11:28:43 - [Cluster 0 - CLIENT] - INFO - Sent reply
2025-04-01 11:28:43 - [Cluster 0 - CLIENT] - INFO - 
2025-04-01 11:28:43 - [Cluster 0 - CLIENT] - INFO - Received: train message 1167eb82-92a0-49d2-a9fb-718f1d94f945
2025-04-01 11:28:43 - [Cluster 0 - CLIENT] - INFO - [Store 658] Starting local training.
2025-04-01 11:28:44 - [Cluster 0 - CLIENT] - INFO - [Store 718] Local training complete.
2025-04-01 11:28:44 - [Cluster 0 - CLIENT] - INFO - Sent reply
2025-04-01 11:28:44 - [Cluster 0 - CLIENT] - INFO - 
2025-04-01 11:28:44 - [Cluster 0 - CLIENT] - INFO - Received: train message a6bfd45c-59ac-477d-a881-a20230416d42
2025-04-01 11:28:44 - [Cluster 0 - CLIENT] - INFO - [Store 795] Starting local training.
2025-04-01 11:28:45 - [Cluster 0 - CLIENT] - INFO - [Store 1083] Local training complete.
2025-04-01 11:28:45 - [Cluster 0 - CLIENT] - INFO - Sent reply
2025-04-01 11:28:45 - [Cluster 0 - CLIENT] - INFO - 
2025-04-01 11:28:45 - [Cluster 0 - CLIENT] - INFO - Received: train message 22dba343-5918-4470-8405-43c125b7b17a
2025-04-01 11:28:45 - [Cluster 0 - CLIENT] - INFO - [Store 305] Starting local training.
2025-04-01 11:29:03 - [Cluster 0 - CLIENT] - INFO - [Store 554] Local training complete.
2025-04-01 11:29:03 - [Cluster 0 - CLIENT] - INFO - Sent reply
2025-04-01 11:29:03 - [Cluster 0 - CLIENT] - INFO - 
2025-04-01 11:29:03 - [Cluster 0 - CLIENT] - INFO - Received: train message 4c5c5939-63d3-4c75-9e51-0e561f9b45aa
2025-04-01 11:29:03 - [Cluster 0 - CLIENT] - INFO - [Store 440] Starting local training.
2025-04-01 11:29:04 - [Cluster 0 - CLIENT] - INFO - [Store 730] Local training complete.
2025-04-01 11:29:04 - [Cluster 0 - CLIENT] - INFO - Sent reply
2025-04-01 11:29:04 - [Cluster 0 - CLIENT] - INFO - 
2025-04-01 11:29:04 - [Cluster 0 - CLIENT] - INFO - Received: train message 5d91bdb7-f45a-4b84-9d8e-816ebf296693
2025-04-01 11:29:04 - [Cluster 0 - CLIENT] - INFO - [Store 511] Starting local training.
2025-04-01 11:32:19 - [Cluster 0 - CLIENT] - INFO - [Store 74] Local training complete.
2025-04-01 11:32:19 - [Cluster 0 - CLIENT] - INFO - Sent reply
2025-04-01 11:32:21 - [Cluster 0 - CLIENT] - INFO - [Store 922] Local training complete.
2025-04-01 11:32:21 - [Cluster 0 - CLIENT] - INFO - [Store 47] Local training complete.
2025-04-01 11:32:21 - [Cluster 0 - CLIENT] - INFO - Sent reply
2025-04-01 11:32:21 - [Cluster 0 - CLIENT] - INFO - Sent reply
2025-04-01 11:32:21 - [Cluster 0 - CLIENT] - INFO - [Store 886] Local training complete.
2025-04-01 11:32:21 - [Cluster 0 - CLIENT] - INFO - Sent reply
2025-04-01 11:32:23 - [Cluster 0 - CLIENT] - INFO - [Store 857] Local training complete.
2025-04-01 11:32:23 - [Cluster 0 - CLIENT] - INFO - Sent reply
2025-04-01 11:32:23 - [Cluster 0 - CLIENT] - INFO - [Store 260] Local training complete.
2025-04-01 11:32:23 - [Cluster 0 - CLIENT] - INFO - Sent reply
2025-04-01 11:32:24 - [Cluster 0 - CLIENT] - INFO - [Store 628] Local training complete.
2025-04-01 11:32:24 - [Cluster 0 - CLIENT] - INFO - [Store 254] Local training complete.
2025-04-01 11:32:24 - [Cluster 0 - CLIENT] - INFO - Sent reply
2025-04-01 11:32:24 - [Cluster 0 - CLIENT] - INFO - Sent reply
2025-04-01 11:32:25 - [Cluster 0 - CLIENT] - INFO - [Store 1042] Local training complete.
2025-04-01 11:32:25 - [Cluster 0 - CLIENT] - INFO - Sent reply
2025-04-01 11:32:25 - [Cluster 0 - CLIENT] - INFO - [Store 305] Local training complete.
2025-04-01 11:32:26 - [Cluster 0 - CLIENT] - INFO - Sent reply
2025-04-01 11:32:26 - [Cluster 0 - CLIENT] - INFO - [Store 305] Local training complete.
2025-04-01 11:32:26 - [Cluster 0 - CLIENT] - INFO - Sent reply
2025-04-01 11:32:27 - [Cluster 0 - CLIENT] - INFO - [Store 795] Local training complete.
2025-04-01 11:32:27 - [Cluster 0 - CLIENT] - INFO - Sent reply
2025-04-01 11:32:29 - [Cluster 0 - CLIENT] - INFO - [Store 440] Local training complete.
2025-04-01 11:32:29 - [Cluster 0 - CLIENT] - INFO - Sent reply
2025-04-01 11:32:30 - [Cluster 0 - CLIENT] - INFO - [Store 511] Local training complete.
2025-04-01 11:32:30 - [Cluster 0 - CLIENT] - INFO - Sent reply
2025-04-01 11:32:30 - [Cluster 0 - CLIENT] - INFO - [Store 658] Local training complete.
2025-04-01 11:32:30 - [Cluster 0 - CLIENT] - INFO - Sent reply
2025-04-01 11:32:30 - [Cluster 0 - CLIENT] - INFO - 
2025-04-01 11:32:30 - [Cluster 0 - CLIENT] - INFO - Received: evaluate message 9cedbf1c-dbff-4bcc-9a4c-8c856ef38ddb
2025-04-01 11:32:30 - [Cluster 0 - CLIENT] - INFO - 
2025-04-01 11:32:30 - [Cluster 0 - CLIENT] - INFO - Received: evaluate message 60531ffc-7dab-4c73-a3ca-b54c862d9d28
2025-04-01 11:32:30 - [Cluster 0 - CLIENT] - INFO - 
2025-04-01 11:32:30 - [Cluster 0 - CLIENT] - INFO - Received: evaluate message 834393b5-5a73-46c5-9a49-f2795e175b6f
2025-04-01 11:32:30 - [Cluster 0 - CLIENT] - INFO - 
2025-04-01 11:32:30 - [Cluster 0 - CLIENT] - INFO - Received: evaluate message 2cb0b58f-0df0-473f-905b-3d0bb9118b24
2025-04-01 11:32:30 - [Cluster 0 - CLIENT] - INFO - 
2025-04-01 11:32:30 - [Cluster 0 - CLIENT] - INFO - Received: evaluate message 0dd739b9-bba3-4143-a8cc-901aefc28423
2025-04-01 11:32:30 - [Cluster 0 - CLIENT] - INFO - 
2025-04-01 11:32:30 - [Cluster 0 - CLIENT] - INFO - Received: evaluate message 1813109f-5aa8-4f34-89df-d8e2c2d2236c
2025-04-01 11:32:30 - [Cluster 0 - CLIENT] - INFO - 
2025-04-01 11:32:30 - [Cluster 0 - CLIENT] - INFO - Received: evaluate message e8e77076-b835-48ca-a927-5650b582dc68
2025-04-01 11:32:30 - [Cluster 0 - CLIENT] - INFO - 
2025-04-01 11:32:30 - [Cluster 0 - CLIENT] - INFO - 
2025-04-01 11:32:30 - [Cluster 0 - CLIENT] - INFO - Received: evaluate message 3a349c9a-c295-46c0-81f4-501ffe9ba19d
2025-04-01 11:32:30 - [Cluster 0 - CLIENT] - INFO - 
2025-04-01 11:32:30 - [Cluster 0 - CLIENT] - INFO - Received: evaluate message cebfb8b6-6370-4e64-9f2f-1c586ad2d66f
2025-04-01 11:32:30 - [Cluster 0 - CLIENT] - INFO - Received: evaluate message 44a4e84f-6d8b-445a-9073-ddc111f263e3
2025-04-01 11:32:30 - [Cluster 0 - CLIENT] - INFO - 
2025-04-01 11:32:30 - [Cluster 0 - CLIENT] - INFO - Received: evaluate message 8ea3b036-0b4a-45d3-936f-271769f1ecae
2025-04-01 11:32:30 - [Cluster 0 - CLIENT] - INFO - 
2025-04-01 11:32:30 - [Cluster 0 - CLIENT] - INFO - Received: evaluate message 3256dc3f-8c96-4797-822e-2f5d8e6705cb
2025-04-01 11:32:30 - [Cluster 0 - CLIENT] - INFO - 
2025-04-01 11:32:30 - [Cluster 0 - CLIENT] - INFO - 
2025-04-01 11:32:30 - [Cluster 0 - CLIENT] - INFO - 
2025-04-01 11:32:30 - [Cluster 0 - CLIENT] - INFO - Received: evaluate message 58e42473-079a-42e3-82be-b7768a4b0e83
2025-04-01 11:32:30 - [Cluster 0 - CLIENT] - INFO - Received: evaluate message 2b202121-2635-44c5-bffc-7ca648c67428
2025-04-01 11:32:30 - [Cluster 0 - CLIENT] - INFO - Received: evaluate message 15bb4c5a-8cb2-42f8-8224-c8c56d02fb6a
2025-04-01 11:32:31 - [Cluster 0 - CLIENT] - INFO - [Store 922] Evaluation - Loss: 0.2366, MAE: 0.3340
2025-04-01 11:32:31 - [Cluster 0 - CLIENT] - INFO - Sent reply
2025-04-01 11:32:31 - [Cluster 0 - CLIENT] - INFO - 
2025-04-01 11:32:31 - [Cluster 0 - CLIENT] - INFO - Received: evaluate message f7526aa6-b9a4-4f11-b0a1-5249f1305656
2025-04-01 11:32:31 - [Cluster 0 - CLIENT] - INFO - [Store 305] Evaluation - Loss: 0.5100, MAE: 0.5265
2025-04-01 11:32:31 - [Cluster 0 - CLIENT] - INFO - Sent reply
2025-04-01 11:32:31 - [Cluster 0 - CLIENT] - INFO - 
2025-04-01 11:32:31 - [Cluster 0 - CLIENT] - INFO - Received: evaluate message 348f78f7-03fc-4c61-bf49-22edb4e0186c
2025-04-01 11:32:31 - [Cluster 0 - CLIENT] - INFO - [Store 730] Evaluation - Loss: 0.2073, MAE: 0.2916
2025-04-01 11:32:31 - [Cluster 0 - CLIENT] - INFO - Sent reply
2025-04-01 11:32:31 - [Cluster 0 - CLIENT] - INFO - [Store 1099] Evaluation - Loss: 0.3060, MAE: 0.3632
2025-04-01 11:32:31 - [Cluster 0 - CLIENT] - INFO - Sent reply
2025-04-01 11:32:31 - [Cluster 0 - CLIENT] - INFO - 
2025-04-01 11:32:31 - [Cluster 0 - CLIENT] - INFO - Received: evaluate message 338f5f3a-c31f-4a25-a582-bdd795caa860
2025-04-01 11:32:31 - [Cluster 0 - CLIENT] - INFO - [Store 718] Evaluation - Loss: 0.2028, MAE: 0.2733
2025-04-01 11:32:31 - [Cluster 0 - CLIENT] - INFO - [Store 949] Evaluation - Loss: 0.2192, MAE: 0.3209
2025-04-01 11:32:31 - [Cluster 0 - CLIENT] - INFO - Sent reply
2025-04-01 11:32:31 - [Cluster 0 - CLIENT] - INFO - [Store 886] Evaluation - Loss: 0.3037, MAE: 0.3672
2025-04-01 11:32:31 - [Cluster 0 - CLIENT] - INFO - Sent reply
2025-04-01 11:32:31 - [Cluster 0 - CLIENT] - INFO - [Store 305] Evaluation - Loss: 0.5100, MAE: 0.5265
2025-04-01 11:32:31 - [Cluster 0 - CLIENT] - INFO - 
2025-04-01 11:32:31 - [Cluster 0 - CLIENT] - INFO - Received: evaluate message 51a6decf-03b8-4cbf-a0b0-405aa23e7a0f
2025-04-01 11:32:31 - [Cluster 0 - CLIENT] - INFO - Sent reply
2025-04-01 11:32:31 - [Cluster 0 - CLIENT] - INFO - 
2025-04-01 11:32:31 - [Cluster 0 - CLIENT] - INFO - Received: evaluate message 5dc43850-0341-4df7-ba2a-8ed12b028beb
2025-04-01 11:32:31 - [Cluster 0 - CLIENT] - INFO - 
2025-04-01 11:32:31 - [Cluster 0 - CLIENT] - INFO - Received: evaluate message 4f07a690-025b-4a05-b17f-86c6c6e1c740
2025-04-01 11:32:31 - [Cluster 0 - CLIENT] - INFO - 
2025-04-01 11:32:31 - [Cluster 0 - CLIENT] - INFO - Received: evaluate message cd0b1b7c-1c04-4230-9c05-03a155493292
2025-04-01 11:32:31 - [Cluster 0 - CLIENT] - INFO - Sent reply
2025-04-01 11:32:31 - [Cluster 0 - CLIENT] - INFO - [Store 857] Evaluation - Loss: 0.3857, MAE: 0.4258
2025-04-01 11:32:31 - [Cluster 0 - CLIENT] - INFO - Sent reply
2025-04-01 11:32:31 - [Cluster 0 - CLIENT] - INFO - 
2025-04-01 11:32:31 - [Cluster 0 - CLIENT] - INFO - Received: evaluate message f36b8777-ac16-4a7c-8d8c-b32e7dba8643
2025-04-01 11:32:31 - [Cluster 0 - CLIENT] - INFO - 
2025-04-01 11:32:31 - [Cluster 0 - CLIENT] - INFO - Received: evaluate message 415c9b8b-acd0-4782-8e96-8c68651576d3
2025-04-01 11:32:31 - [Cluster 0 - CLIENT] - INFO - [Store 628] Evaluation - Loss: 0.3182, MAE: 0.3446
2025-04-01 11:32:31 - [Cluster 0 - CLIENT] - INFO - Sent reply
2025-04-01 11:32:31 - [Cluster 0 - CLIENT] - INFO - 
2025-04-01 11:32:31 - [Cluster 0 - CLIENT] - INFO - Received: evaluate message 1ab6cd1e-197c-4ad7-b9c0-679c0bf24355
2025-04-01 11:32:32 - [Cluster 0 - CLIENT] - INFO - [Store 65] Evaluation - Loss: 0.2144, MAE: 0.3030
2025-04-01 11:32:32 - [Cluster 0 - CLIENT] - INFO - Sent reply
2025-04-01 11:32:32 - [Cluster 0 - CLIENT] - INFO - [Store 360] Evaluation - Loss: 0.2412, MAE: 0.3190
2025-04-01 11:32:32 - [Cluster 0 - CLIENT] - INFO - [Store 77] Evaluation - Loss: 0.2599, MAE: 0.3522
2025-04-01 11:32:32 - [Cluster 0 - CLIENT] - INFO - Sent reply
2025-04-01 11:32:32 - [Cluster 0 - CLIENT] - INFO - Sent reply
2025-04-01 11:32:32 - [Cluster 0 - CLIENT] - INFO - [Store 200] Evaluation - Loss: 0.2871, MAE: 0.3281
2025-04-01 11:32:32 - [Cluster 0 - CLIENT] - INFO - 
2025-04-01 11:32:32 - [Cluster 0 - CLIENT] - INFO - Received: evaluate message 2b9fd910-cac1-4e9e-a4c3-bf7cc30ff996
2025-04-01 11:32:32 - [Cluster 0 - CLIENT] - INFO - [Store 1073] Evaluation - Loss: 1.3357, MAE: 0.7739
2025-04-01 11:32:32 - [Cluster 0 - CLIENT] - INFO - Sent reply
2025-04-01 11:32:32 - [Cluster 0 - CLIENT] - INFO - Sent reply
2025-04-01 11:32:32 - [Cluster 0 - CLIENT] - INFO - 
2025-04-01 11:32:32 - [Cluster 0 - CLIENT] - INFO - Received: evaluate message 8d0ce0ac-a75c-45b2-9dc9-8dcabc696c1a
2025-04-01 11:32:32 - [Cluster 0 - CLIENT] - INFO - 
2025-04-01 11:32:32 - [Cluster 0 - CLIENT] - INFO - Received: evaluate message b526abcf-38d2-430a-ae95-23208c02037c
2025-04-01 11:32:32 - [Cluster 0 - CLIENT] - INFO - 
2025-04-01 11:32:32 - [Cluster 0 - CLIENT] - INFO - Received: evaluate message 1903d160-cddb-46c2-a261-8eee2ea5e2a6
2025-04-01 11:32:32 - [Cluster 0 - CLIENT] - INFO - 
2025-04-01 11:32:32 - [Cluster 0 - CLIENT] - INFO - Received: evaluate message 7d3e3591-0f4b-415b-b825-1d29342532ec
2025-04-01 11:32:32 - [Cluster 0 - CLIENT] - INFO - [Store 254] Evaluation - Loss: 0.3299, MAE: 0.4182
2025-04-01 11:32:32 - [Cluster 0 - CLIENT] - INFO - Sent reply
2025-04-01 11:32:32 - [Cluster 0 - CLIENT] - INFO - [Store 74] Evaluation - Loss: 0.2405, MAE: 0.2927
2025-04-01 11:32:32 - [Cluster 0 - CLIENT] - INFO - Sent reply
2025-04-01 11:32:32 - [Cluster 0 - CLIENT] - INFO - [Store 658] Evaluation - Loss: 0.1837, MAE: 0.2782
2025-04-01 11:32:32 - [Cluster 0 - CLIENT] - INFO - Sent reply
2025-04-01 11:32:33 - [Cluster 0 - CLIENT] - INFO - [Store 1042] Evaluation - Loss: 0.2737, MAE: 0.3315
2025-04-01 11:32:33 - [Cluster 0 - CLIENT] - INFO - Sent reply
2025-04-01 11:32:33 - [Cluster 0 - CLIENT] - INFO - [Store 795] Evaluation - Loss: 0.2857, MAE: 0.3835
2025-04-01 11:32:33 - [Cluster 0 - CLIENT] - INFO - Sent reply
2025-04-01 11:32:33 - [Cluster 0 - CLIENT] - INFO - [Store 55] Evaluation - Loss: 0.2944, MAE: 0.3997
2025-04-01 11:32:33 - [Cluster 0 - CLIENT] - INFO - Sent reply
2025-04-01 11:32:33 - [Cluster 0 - CLIENT] - INFO - [Store 440] Evaluation - Loss: 0.3644, MAE: 0.4050
2025-04-01 11:32:33 - [Cluster 0 - CLIENT] - INFO - Sent reply
2025-04-01 11:32:33 - [Cluster 0 - CLIENT] - INFO - [Store 47] Evaluation - Loss: 0.2758, MAE: 0.3363
2025-04-01 11:32:33 - [Cluster 0 - CLIENT] - INFO - Sent reply
2025-04-01 11:32:33 - [Cluster 0 - CLIENT] - INFO - [Store 201] Evaluation - Loss: 0.2843, MAE: 0.3642
2025-04-01 11:32:33 - [Cluster 0 - CLIENT] - INFO - Sent reply
2025-04-01 11:32:33 - [Cluster 0 - CLIENT] - INFO - [Store 260] Evaluation - Loss: 0.2522, MAE: 0.3065
2025-04-01 11:32:33 - [Cluster 0 - CLIENT] - INFO - Sent reply
2025-04-01 11:32:33 - [Cluster 0 - CLIENT] - INFO - [Store 554] Evaluation - Loss: 0.5639, MAE: 0.5639
2025-04-01 11:32:33 - [Cluster 0 - CLIENT] - INFO - Sent reply
2025-04-01 11:32:33 - [Cluster 0 - CLIENT] - INFO - [Store 511] Evaluation - Loss: 0.2811, MAE: 0.3263
2025-04-01 11:32:33 - [Cluster 0 - CLIENT] - INFO - Sent reply
2025-04-01 11:32:33 - [Cluster 0 - CLIENT] - INFO - [Store 105] Evaluation - Loss: 0.3244, MAE: 0.4048
2025-04-01 11:32:33 - [Cluster 0 - CLIENT] - INFO - [Store 410] Evaluation - Loss: 0.2857, MAE: 0.3765
2025-04-01 11:32:33 - [Cluster 0 - CLIENT] - INFO - Sent reply
2025-04-01 11:32:33 - [Cluster 0 - CLIENT] - INFO - [Store 1083] Evaluation - Loss: 0.4511, MAE: 0.4856
2025-04-01 11:32:33 - [Cluster 0 - CLIENT] - INFO - Sent reply
2025-04-01 11:32:33 - [Cluster 0 - CLIENT] - INFO - Sent reply
2025-04-01 11:32:33 - [Cluster 0 - CLIENT] - INFO - 
2025-04-01 11:32:33 - [Cluster 0 - CLIENT] - INFO - Received: train message d66a44fe-59ef-4023-a134-76b36a6778d7
2025-04-01 11:32:33 - [Cluster 0 - CLIENT] - INFO - 
2025-04-01 11:32:33 - [Cluster 0 - CLIENT] - INFO - Received: train message a41e51e5-aae7-498b-a31f-9524c0e9a557
2025-04-01 11:32:33 - [Cluster 0 - CLIENT] - INFO - 
2025-04-01 11:32:33 - [Cluster 0 - CLIENT] - INFO - Received: train message 991941bc-e080-445e-bfe8-76118db4e935
2025-04-01 11:32:33 - [Cluster 0 - CLIENT] - INFO - 
2025-04-01 11:32:33 - [Cluster 0 - CLIENT] - INFO - Received: train message 440cc7dd-673b-4a40-bc39-946805c47aa5
2025-04-01 11:32:33 - [Cluster 0 - CLIENT] - INFO - 
2025-04-01 11:32:33 - [Cluster 0 - CLIENT] - INFO - Received: train message 4bdfdf4e-eb6a-4aa6-a6b0-fa3e933edad0
2025-04-01 11:32:33 - [Cluster 0 - CLIENT] - INFO - 
2025-04-01 11:32:33 - [Cluster 0 - CLIENT] - INFO - Received: train message 240fa8bf-c4b6-412a-b360-b9b7a955c88e
2025-04-01 11:32:33 - [Cluster 0 - CLIENT] - INFO - [Store 1042] Starting local training.
2025-04-01 11:32:33 - [Cluster 0 - CLIENT] - INFO - [Store 201] Starting local training.
2025-04-01 11:32:33 - [Cluster 0 - CLIENT] - INFO - 
2025-04-01 11:32:33 - [Cluster 0 - CLIENT] - INFO - Received: train message ba557d2d-f43b-4654-ac18-6014486d6921
2025-04-01 11:32:33 - [Cluster 0 - CLIENT] - INFO - [Store 410] Starting local training.
2025-04-01 11:32:33 - [Cluster 0 - CLIENT] - INFO - [Store 305] Starting local training.
2025-04-01 11:32:33 - [Cluster 0 - CLIENT] - INFO - 
2025-04-01 11:32:33 - [Cluster 0 - CLIENT] - INFO - Received: train message d55a8ffe-253a-4bef-91c8-617e4b431989
2025-04-01 11:32:33 - [Cluster 0 - CLIENT] - INFO - [Store 55] Starting local training.
2025-04-01 11:32:33 - [Cluster 0 - CLIENT] - INFO - 
2025-04-01 11:32:33 - [Cluster 0 - CLIENT] - INFO - Received: train message dd675a6d-12fb-48fc-a7f4-433ed15528b3
2025-04-01 11:32:33 - [Cluster 0 - CLIENT] - INFO - 
2025-04-01 11:32:33 - [Cluster 0 - CLIENT] - INFO - Received: train message 4554ee50-2577-448d-9bb1-6643856800ea
2025-04-01 11:32:33 - [Cluster 0 - CLIENT] - INFO - 
2025-04-01 11:32:33 - [Cluster 0 - CLIENT] - INFO - Received: train message 13241109-69d0-4173-932b-aca03727449e
2025-04-01 11:32:33 - [Cluster 0 - CLIENT] - INFO - 
2025-04-01 11:32:33 - [Cluster 0 - CLIENT] - INFO - Received: train message 0f4fe109-62b7-483a-baf5-9bf4b6cfa65b
2025-04-01 11:32:33 - [Cluster 0 - CLIENT] - INFO - 
2025-04-01 11:32:33 - [Cluster 0 - CLIENT] - INFO - Received: train message 575ab69b-b55b-4f7a-9aac-3b6e09665024
2025-04-01 11:32:33 - [Cluster 0 - CLIENT] - INFO - 
2025-04-01 11:32:33 - [Cluster 0 - CLIENT] - INFO - Received: train message 552aacf7-3bb2-4803-ac99-98306ff97f25
2025-04-01 11:32:33 - [Cluster 0 - CLIENT] - INFO - [Store 857] Starting local training.
2025-04-01 11:32:33 - [Cluster 0 - CLIENT] - INFO - [Store 949] Starting local training.
2025-04-01 11:32:33 - [Cluster 0 - CLIENT] - INFO - [Store 74] Starting local training.
2025-04-01 11:32:33 - [Cluster 0 - CLIENT] - INFO - 
2025-04-01 11:32:33 - [Cluster 0 - CLIENT] - INFO - Received: train message 464c19fd-8015-406f-b5d2-08fe50f18a61
2025-04-01 11:32:33 - [Cluster 0 - CLIENT] - INFO - [Store 440] Starting local training.
2025-04-01 11:32:33 - [Cluster 0 - CLIENT] - INFO - [Store 1083] Starting local training.
2025-04-01 11:32:33 - [Cluster 0 - CLIENT] - INFO - [Store 260] Starting local training.
2025-04-01 11:32:33 - [Cluster 0 - CLIENT] - INFO - [Store 77] Starting local training.
2025-04-01 11:32:33 - [Cluster 0 - CLIENT] - INFO - [Store 200] Starting local training.
2025-04-01 11:32:33 - [Cluster 0 - CLIENT] - INFO - [Store 1099] Starting local training.
2025-04-01 11:32:33 - [Cluster 0 - CLIENT] - INFO - [Store 360] Starting local training.
2025-04-01 11:35:53 - [Cluster 0 - CLIENT] - INFO - [Store 201] Local training complete.
2025-04-01 11:35:53 - [Cluster 0 - CLIENT] - INFO - Sent reply
2025-04-01 11:35:53 - [Cluster 0 - CLIENT] - INFO - 
2025-04-01 11:35:53 - [Cluster 0 - CLIENT] - INFO - Received: train message baad49bc-47d0-40a4-8d38-bb90b1ad5f59
2025-04-01 11:35:53 - [Cluster 0 - CLIENT] - INFO - [Store 554] Starting local training.
2025-04-01 11:35:54 - [Cluster 0 - CLIENT] - INFO - [Store 200] Local training complete.
2025-04-01 11:35:54 - [Cluster 0 - CLIENT] - INFO - Sent reply
2025-04-01 11:35:54 - [Cluster 0 - CLIENT] - INFO - 
2025-04-01 11:35:54 - [Cluster 0 - CLIENT] - INFO - Received: train message 3eae20d7-6d89-4633-bca0-f8f0a986c63a
2025-04-01 11:35:54 - [Cluster 0 - CLIENT] - INFO - [Store 658] Starting local training.
2025-04-01 11:35:56 - [Cluster 0 - CLIENT] - INFO - [Store 857] Local training complete.
2025-04-01 11:35:56 - [Cluster 0 - CLIENT] - INFO - [Store 360] Local training complete.
2025-04-01 11:35:56 - [Cluster 0 - CLIENT] - INFO - Sent reply
2025-04-01 11:35:56 - [Cluster 0 - CLIENT] - INFO - Sent reply
2025-04-01 11:35:56 - [Cluster 0 - CLIENT] - INFO - 
2025-04-01 11:35:56 - [Cluster 0 - CLIENT] - INFO - Received: train message d44e86dc-963c-4d86-ab49-8e02b1355e8c
2025-04-01 11:35:56 - [Cluster 0 - CLIENT] - INFO - 
2025-04-01 11:35:56 - [Cluster 0 - CLIENT] - INFO - Received: train message 0a9615d2-93fb-4c79-83e5-56b063072e43
2025-04-01 11:35:56 - [Cluster 0 - CLIENT] - INFO - [Store 47] Starting local training.
2025-04-01 11:35:56 - [Cluster 0 - CLIENT] - INFO - [Store 305] Starting local training.
2025-04-01 11:35:57 - [Cluster 0 - CLIENT] - INFO - [Store 949] Local training complete.
2025-04-01 11:35:57 - [Cluster 0 - CLIENT] - INFO - Sent reply
2025-04-01 11:35:57 - [Cluster 0 - CLIENT] - INFO - 
2025-04-01 11:35:57 - [Cluster 0 - CLIENT] - INFO - Received: train message c5db2125-4f62-43a2-bfe6-3e7f727ebc98
2025-04-01 11:35:57 - [Cluster 0 - CLIENT] - INFO - [Store 260] Local training complete.
2025-04-01 11:35:57 - [Cluster 0 - CLIENT] - INFO - Sent reply
2025-04-01 11:35:57 - [Cluster 0 - CLIENT] - INFO - 
2025-04-01 11:35:57 - [Cluster 0 - CLIENT] - INFO - Received: train message f97e59a1-4e15-4a4e-a7bb-07f9dcc058fc
2025-04-01 11:35:57 - [Cluster 0 - CLIENT] - INFO - [Store 730] Starting local training.
2025-04-01 11:35:57 - [Cluster 0 - CLIENT] - INFO - [Store 718] Starting local training.
2025-04-01 11:35:58 - [Cluster 0 - CLIENT] - INFO - [Store 77] Local training complete.
2025-04-01 11:35:58 - [Cluster 0 - CLIENT] - INFO - Sent reply
2025-04-01 11:35:58 - [Cluster 0 - CLIENT] - INFO - 
2025-04-01 11:35:58 - [Cluster 0 - CLIENT] - INFO - Received: train message 4745aacc-1940-42fe-ab65-0de4ddb79672
2025-04-01 11:35:58 - [Cluster 0 - CLIENT] - INFO - [Store 254] Starting local training.
2025-04-01 11:35:58 - [Cluster 0 - CLIENT] - INFO - [Store 1042] Local training complete.
2025-04-01 11:35:58 - [Cluster 0 - CLIENT] - INFO - Sent reply
2025-04-01 11:35:58 - [Cluster 0 - CLIENT] - INFO - 
2025-04-01 11:35:58 - [Cluster 0 - CLIENT] - INFO - Received: train message b604e42f-dd83-4fbc-819f-fb3d425b4d9e
2025-04-01 11:35:58 - [Cluster 0 - CLIENT] - INFO - [Store 795] Starting local training.
2025-04-01 11:35:59 - [Cluster 0 - CLIENT] - INFO - [Store 1083] Local training complete.
2025-04-01 11:35:59 - [Cluster 0 - CLIENT] - INFO - Sent reply
2025-04-01 11:35:59 - [Cluster 0 - CLIENT] - INFO - 
2025-04-01 11:35:59 - [Cluster 0 - CLIENT] - INFO - Received: train message c30f5f73-a3ae-421d-a4e2-086717a43314
2025-04-01 11:35:59 - [Cluster 0 - CLIENT] - INFO - [Store 1073] Starting local training.
2025-04-01 11:35:59 - [Cluster 0 - CLIENT] - INFO - [Store 440] Local training complete.
2025-04-01 11:35:59 - [Cluster 0 - CLIENT] - INFO - Sent reply
2025-04-01 11:35:59 - [Cluster 0 - CLIENT] - INFO - 
2025-04-01 11:35:59 - [Cluster 0 - CLIENT] - INFO - Received: train message 7c9036d1-b3b0-4c5c-b395-8ae2bbad36a7
2025-04-01 11:35:59 - [Cluster 0 - CLIENT] - INFO - [Store 922] Starting local training.
2025-04-01 11:36:00 - [Cluster 0 - CLIENT] - INFO - [Store 74] Local training complete.
2025-04-01 11:36:00 - [Cluster 0 - CLIENT] - INFO - Sent reply
2025-04-01 11:36:00 - [Cluster 0 - CLIENT] - INFO - 
2025-04-01 11:36:00 - [Cluster 0 - CLIENT] - INFO - Received: train message e7def51d-f14e-49cc-a53e-729cc589a359
2025-04-01 11:36:00 - [Cluster 0 - CLIENT] - INFO - [Store 628] Starting local training.
2025-04-01 11:36:00 - [Cluster 0 - CLIENT] - INFO - [Store 305] Local training complete.
2025-04-01 11:36:00 - [Cluster 0 - CLIENT] - INFO - Sent reply
2025-04-01 11:36:00 - [Cluster 0 - CLIENT] - INFO - 
2025-04-01 11:36:00 - [Cluster 0 - CLIENT] - INFO - Received: train message 1859b7b3-f16d-4696-b7aa-26fec3094e1e
2025-04-01 11:36:01 - [Cluster 0 - CLIENT] - INFO - [Store 65] Starting local training.
2025-04-01 11:36:01 - [Cluster 0 - CLIENT] - INFO - [Store 1099] Local training complete.
2025-04-01 11:36:01 - [Cluster 0 - CLIENT] - INFO - Sent reply
2025-04-01 11:36:01 - [Cluster 0 - CLIENT] - INFO - 
2025-04-01 11:36:01 - [Cluster 0 - CLIENT] - INFO - Received: train message ca4921db-c34f-458a-99da-07fc5dd262da
2025-04-01 11:36:01 - [Cluster 0 - CLIENT] - INFO - [Store 105] Starting local training.
2025-04-01 11:36:19 - [Cluster 0 - CLIENT] - INFO - [Store 55] Local training complete.
2025-04-01 11:36:19 - [Cluster 0 - CLIENT] - INFO - Sent reply
2025-04-01 11:36:19 - [Cluster 0 - CLIENT] - INFO - 
2025-04-01 11:36:19 - [Cluster 0 - CLIENT] - INFO - Received: train message d98e52a4-fdb2-4be7-ad77-23588e0536bf
2025-04-01 11:36:19 - [Cluster 0 - CLIENT] - INFO - [Store 886] Starting local training.
2025-04-01 11:36:21 - [Cluster 0 - CLIENT] - INFO - [Store 410] Local training complete.
2025-04-01 11:36:21 - [Cluster 0 - CLIENT] - INFO - Sent reply
2025-04-01 11:36:21 - [Cluster 0 - CLIENT] - INFO - 
2025-04-01 11:36:21 - [Cluster 0 - CLIENT] - INFO - Received: train message 6b395736-22c6-480b-9507-af289752fc54
2025-04-01 11:36:21 - [Cluster 0 - CLIENT] - INFO - [Store 511] Starting local training.
2025-04-01 11:39:22 - [Cluster 0 - CLIENT] - INFO - [Store 554] Local training complete.
2025-04-01 11:39:22 - [Cluster 0 - CLIENT] - INFO - Sent reply
2025-04-01 11:39:24 - [Cluster 0 - CLIENT] - INFO - [Store 47] Local training complete.
2025-04-01 11:39:24 - [Cluster 0 - CLIENT] - INFO - Sent reply
2025-04-01 11:39:25 - [Cluster 0 - CLIENT] - INFO - [Store 628] Local training complete.
2025-04-01 11:39:25 - [Cluster 0 - CLIENT] - INFO - Sent reply
2025-04-01 11:39:25 - [Cluster 0 - CLIENT] - INFO - [Store 658] Local training complete.
2025-04-01 11:39:26 - [Cluster 0 - CLIENT] - INFO - Sent reply
2025-04-01 11:39:26 - [Cluster 0 - CLIENT] - INFO - [Store 795] Local training complete.
2025-04-01 11:39:27 - [Cluster 0 - CLIENT] - INFO - [Store 65] Local training complete.
2025-04-01 11:39:27 - [Cluster 0 - CLIENT] - INFO - Sent reply
2025-04-01 11:39:27 - [Cluster 0 - CLIENT] - INFO - [Store 922] Local training complete.
2025-04-01 11:39:27 - [Cluster 0 - CLIENT] - INFO - Sent reply
2025-04-01 11:39:27 - [Cluster 0 - CLIENT] - INFO - Sent reply
2025-04-01 11:39:27 - [Cluster 0 - CLIENT] - INFO - [Store 730] Local training complete.
2025-04-01 11:39:27 - [Cluster 0 - CLIENT] - INFO - Sent reply
2025-04-01 11:39:27 - [Cluster 0 - CLIENT] - INFO - [Store 305] Local training complete.
2025-04-01 11:39:27 - [Cluster 0 - CLIENT] - INFO - [Store 718] Local training complete.
2025-04-01 11:39:27 - [Cluster 0 - CLIENT] - INFO - Sent reply
2025-04-01 11:39:27 - [Cluster 0 - CLIENT] - INFO - [Store 254] Local training complete.
2025-04-01 11:39:27 - [Cluster 0 - CLIENT] - INFO - Sent reply
2025-04-01 11:39:27 - [Cluster 0 - CLIENT] - INFO - Sent reply
2025-04-01 11:39:28 - [Cluster 0 - CLIENT] - INFO - [Store 105] Local training complete.
2025-04-01 11:39:28 - [Cluster 0 - CLIENT] - INFO - Sent reply
2025-04-01 11:39:29 - [Cluster 0 - CLIENT] - INFO - [Store 1073] Local training complete.
2025-04-01 11:39:29 - [Cluster 0 - CLIENT] - INFO - Sent reply
2025-04-01 11:39:30 - [Cluster 0 - CLIENT] - INFO - [Store 886] Local training complete.
2025-04-01 11:39:30 - [Cluster 0 - CLIENT] - INFO - Sent reply
2025-04-01 11:39:30 - [Cluster 0 - CLIENT] - INFO - [Store 511] Local training complete.
2025-04-01 11:39:30 - [Cluster 0 - CLIENT] - INFO - Sent reply
2025-04-01 11:39:30 - [Cluster 0 - CLIENT] - INFO - 
2025-04-01 11:39:30 - [Cluster 0 - CLIENT] - INFO - Received: evaluate message da1a88ff-3e76-4706-bd29-60c6d3826b69
2025-04-01 11:39:30 - [Cluster 0 - CLIENT] - INFO - 
2025-04-01 11:39:30 - [Cluster 0 - CLIENT] - INFO - Received: evaluate message 592e69b8-6f69-43a6-8d60-86c01a4ec257
2025-04-01 11:39:30 - [Cluster 0 - CLIENT] - INFO - 
2025-04-01 11:39:30 - [Cluster 0 - CLIENT] - INFO - Received: evaluate message 65837aba-2854-42ff-b0f8-c339707e3f74
2025-04-01 11:39:30 - [Cluster 0 - CLIENT] - INFO - 
2025-04-01 11:39:30 - [Cluster 0 - CLIENT] - INFO - Received: evaluate message 9d0da948-1784-4032-b0cf-423bc4c89696
2025-04-01 11:39:30 - [Cluster 0 - CLIENT] - INFO - 
2025-04-01 11:39:30 - [Cluster 0 - CLIENT] - INFO - 
2025-04-01 11:39:30 - [Cluster 0 - CLIENT] - INFO - Received: evaluate message c9929a4f-b4d4-41b5-a534-837ad23d5f06
2025-04-01 11:39:30 - [Cluster 0 - CLIENT] - INFO - Received: evaluate message 40977506-8b5c-46db-8747-7543c116cc4c
2025-04-01 11:39:30 - [Cluster 0 - CLIENT] - INFO - 
2025-04-01 11:39:30 - [Cluster 0 - CLIENT] - INFO - Received: evaluate message d5f03b17-6504-48de-bf61-d49594ff65dc
2025-04-01 11:39:30 - [Cluster 0 - CLIENT] - INFO - 
2025-04-01 11:39:30 - [Cluster 0 - CLIENT] - INFO - Received: evaluate message 80a0d49f-d48f-4283-976f-55c66fa77124
2025-04-01 11:39:30 - [Cluster 0 - CLIENT] - INFO - 
2025-04-01 11:39:30 - [Cluster 0 - CLIENT] - INFO - Received: evaluate message 03872374-47ce-44d2-b10c-22e877a51ded
2025-04-01 11:39:30 - [Cluster 0 - CLIENT] - INFO - 
2025-04-01 11:39:30 - [Cluster 0 - CLIENT] - INFO - Received: evaluate message 42fd4397-e5a4-46a3-8651-88803613d5b0
2025-04-01 11:39:30 - [Cluster 0 - CLIENT] - INFO - 
2025-04-01 11:39:30 - [Cluster 0 - CLIENT] - INFO - Received: evaluate message ecdccc95-36e7-4c07-a8a2-4833267e506c
2025-04-01 11:39:30 - [Cluster 0 - CLIENT] - INFO - 
2025-04-01 11:39:30 - [Cluster 0 - CLIENT] - INFO - Received: evaluate message 31c3a514-86fd-4577-afc9-91939fc4cf41
2025-04-01 11:39:30 - [Cluster 0 - CLIENT] - INFO - 
2025-04-01 11:39:30 - [Cluster 0 - CLIENT] - INFO - Received: evaluate message 76a7e626-193f-424d-8b5c-76b42405388b
2025-04-01 11:39:30 - [Cluster 0 - CLIENT] - INFO - 
2025-04-01 11:39:30 - [Cluster 0 - CLIENT] - INFO - Received: evaluate message 408cf1c5-30b7-4ffc-8f92-772331701eb2
2025-04-01 11:39:30 - [Cluster 0 - CLIENT] - INFO - 
2025-04-01 11:39:30 - [Cluster 0 - CLIENT] - INFO - Received: evaluate message c67551c8-391e-4a0b-8fcc-ffccceb03263
2025-04-01 11:39:31 - [Cluster 0 - CLIENT] - INFO - [Store 886] Evaluation - Loss: 0.3002, MAE: 0.3553
2025-04-01 11:39:31 - [Cluster 0 - CLIENT] - INFO - Sent reply
2025-04-01 11:39:31 - [Cluster 0 - CLIENT] - INFO - 
2025-04-01 11:39:31 - [Cluster 0 - CLIENT] - INFO - Received: evaluate message a6b6003b-1b69-4c33-8f2d-ec3136901492
2025-04-01 11:39:31 - [Cluster 0 - CLIENT] - INFO - [Store 1042] Evaluation - Loss: 0.2744, MAE: 0.3227
2025-04-01 11:39:31 - [Cluster 0 - CLIENT] - INFO - [Store 254] Evaluation - Loss: 0.3164, MAE: 0.3922
2025-04-01 11:39:31 - [Cluster 0 - CLIENT] - INFO - Sent reply
2025-04-01 11:39:31 - [Cluster 0 - CLIENT] - INFO - Sent reply
2025-04-01 11:39:31 - [Cluster 0 - CLIENT] - INFO - [Store 730] Evaluation - Loss: 0.2058, MAE: 0.2735
2025-04-01 11:39:31 - [Cluster 0 - CLIENT] - INFO - Sent reply
2025-04-01 11:39:31 - [Cluster 0 - CLIENT] - INFO - [Store 857] Evaluation - Loss: 0.3698, MAE: 0.4018
2025-04-01 11:39:31 - [Cluster 0 - CLIENT] - INFO - Sent reply
2025-04-01 11:39:31 - [Cluster 0 - CLIENT] - INFO - 
2025-04-01 11:39:31 - [Cluster 0 - CLIENT] - INFO - 
2025-04-01 11:39:31 - [Cluster 0 - CLIENT] - INFO - Received: evaluate message cc88b6e8-1a97-4054-b814-5f94eed51fab
2025-04-01 11:39:31 - [Cluster 0 - CLIENT] - INFO - Received: evaluate message d6fa5691-57be-4edf-8763-ac929afa395d
2025-04-01 11:39:31 - [Cluster 0 - CLIENT] - INFO - 
2025-04-01 11:39:31 - [Cluster 0 - CLIENT] - INFO - Received: evaluate message 10922e41-df41-47a5-9334-45092d769be3
2025-04-01 11:39:31 - [Cluster 0 - CLIENT] - INFO - [Store 511] Evaluation - Loss: 0.2797, MAE: 0.3098
2025-04-01 11:39:31 - [Cluster 0 - CLIENT] - INFO - Sent reply
2025-04-01 11:39:31 - [Cluster 0 - CLIENT] - INFO - 
2025-04-01 11:39:31 - [Cluster 0 - CLIENT] - INFO - Received: evaluate message af0416b7-42b6-477c-a9a0-5f8f50edf0a8
2025-04-01 11:39:31 - [Cluster 0 - CLIENT] - INFO - [Store 795] Evaluation - Loss: 0.2859, MAE: 0.3706
2025-04-01 11:39:31 - [Cluster 0 - CLIENT] - INFO - [Store 1073] Evaluation - Loss: 1.2667, MAE: 0.7538
2025-04-01 11:39:31 - [Cluster 0 - CLIENT] - INFO - [Store 77] Evaluation - Loss: 0.2459, MAE: 0.3263
2025-04-01 11:39:31 - [Cluster 0 - CLIENT] - INFO - Sent reply
2025-04-01 11:39:31 - [Cluster 0 - CLIENT] - INFO - [Store 658] Evaluation - Loss: 0.1893, MAE: 0.2709
2025-04-01 11:39:31 - [Cluster 0 - CLIENT] - INFO - [Store 305] Evaluation - Loss: 0.4938, MAE: 0.5081
2025-04-01 11:39:31 - [Cluster 0 - CLIENT] - INFO - Sent reply
2025-04-01 11:39:31 - [Cluster 0 - CLIENT] - INFO - Sent reply
2025-04-01 11:39:31 - [Cluster 0 - CLIENT] - INFO - Sent reply
2025-04-01 11:39:31 - [Cluster 0 - CLIENT] - INFO - Sent reply
2025-04-01 11:39:31 - [Cluster 0 - CLIENT] - INFO - [Store 554] Evaluation - Loss: 0.5395, MAE: 0.5468
2025-04-01 11:39:31 - [Cluster 0 - CLIENT] - INFO - Sent reply
2025-04-01 11:39:31 - [Cluster 0 - CLIENT] - INFO - [Store 200] Evaluation - Loss: 0.2781, MAE: 0.3057
2025-04-01 11:39:31 - [Cluster 0 - CLIENT] - INFO - [Store 628] Evaluation - Loss: 0.3216, MAE: 0.3379
2025-04-01 11:39:31 - [Cluster 0 - CLIENT] - INFO - Sent reply
2025-04-01 11:39:31 - [Cluster 0 - CLIENT] - INFO - Sent reply
2025-04-01 11:39:31 - [Cluster 0 - CLIENT] - INFO - 
2025-04-01 11:39:31 - [Cluster 0 - CLIENT] - INFO - Received: evaluate message bd756b49-c916-4178-b3fc-f7b8ca23d7cd
2025-04-01 11:39:31 - [Cluster 0 - CLIENT] - INFO - 
2025-04-01 11:39:31 - [Cluster 0 - CLIENT] - INFO - Received: evaluate message 8e0b9f88-fa55-47f8-9c31-a6bd8cbc4dd8
2025-04-01 11:39:32 - [Cluster 0 - CLIENT] - INFO - 
2025-04-01 11:39:32 - [Cluster 0 - CLIENT] - INFO - Received: evaluate message 13d2dd67-7d9b-4cc5-82e2-bbd9a0bada28
2025-04-01 11:39:32 - [Cluster 0 - CLIENT] - INFO - 
2025-04-01 11:39:32 - [Cluster 0 - CLIENT] - INFO - Received: evaluate message b74d71ec-4abf-4281-9bba-3b6f00f89702
2025-04-01 11:39:32 - [Cluster 0 - CLIENT] - INFO - 
2025-04-01 11:39:32 - [Cluster 0 - CLIENT] - INFO - Received: evaluate message 295373f0-a9a3-44af-99fe-67330613a1f7
2025-04-01 11:39:32 - [Cluster 0 - CLIENT] - INFO - [Store 360] Evaluation - Loss: 0.2464, MAE: 0.3134
2025-04-01 11:39:32 - [Cluster 0 - CLIENT] - INFO - Sent reply
2025-04-01 11:39:32 - [Cluster 0 - CLIENT] - INFO - 
2025-04-01 11:39:32 - [Cluster 0 - CLIENT] - INFO - Received: evaluate message 3b18da3e-8abc-4962-8472-3d614c1304a9
2025-04-01 11:39:32 - [Cluster 0 - CLIENT] - INFO - 
2025-04-01 11:39:32 - [Cluster 0 - CLIENT] - INFO - Received: evaluate message edb776e6-63d2-4dd6-b9ee-2d2a359b882d
2025-04-01 11:39:32 - [Cluster 0 - CLIENT] - INFO - 
2025-04-01 11:39:32 - [Cluster 0 - CLIENT] - INFO - Received: evaluate message 37c83b23-050e-4f77-9f28-e47fa874ceda
2025-04-01 11:39:32 - [Cluster 0 - CLIENT] - INFO - 
2025-04-01 11:39:32 - [Cluster 0 - CLIENT] - INFO - Received: evaluate message c060800f-7b61-4413-8228-269f534d5c03
2025-04-01 11:39:32 - [Cluster 0 - CLIENT] - INFO - 
2025-04-01 11:39:32 - [Cluster 0 - CLIENT] - INFO - Received: evaluate message a8ecaa00-d980-4413-9994-525f60fe3d4a
2025-04-01 11:39:33 - [Cluster 0 - CLIENT] - INFO - [Store 105] Evaluation - Loss: 0.3250, MAE: 0.4034
2025-04-01 11:39:33 - [Cluster 0 - CLIENT] - INFO - Sent reply
2025-04-01 11:39:33 - [Cluster 0 - CLIENT] - INFO - [Store 440] Evaluation - Loss: 0.3450, MAE: 0.3836
2025-04-01 11:39:33 - [Cluster 0 - CLIENT] - INFO - Sent reply
2025-04-01 11:39:33 - [Cluster 0 - CLIENT] - INFO - [Store 410] Evaluation - Loss: 0.2777, MAE: 0.3588
2025-04-01 11:39:33 - [Cluster 0 - CLIENT] - INFO - Sent reply
2025-04-01 11:39:33 - [Cluster 0 - CLIENT] - INFO - [Store 47] Evaluation - Loss: 0.2642, MAE: 0.3129
2025-04-01 11:39:33 - [Cluster 0 - CLIENT] - INFO - Sent reply
2025-04-01 11:39:33 - [Cluster 0 - CLIENT] - INFO - [Store 201] Evaluation - Loss: 0.2771, MAE: 0.3423
2025-04-01 11:39:33 - [Cluster 0 - CLIENT] - INFO - Sent reply
2025-04-01 11:39:33 - [Cluster 0 - CLIENT] - INFO - [Store 55] Evaluation - Loss: 0.2885, MAE: 0.3898
2025-04-01 11:39:33 - [Cluster 0 - CLIENT] - INFO - Sent reply
2025-04-01 11:39:33 - [Cluster 0 - CLIENT] - INFO - [Store 1099] Evaluation - Loss: 0.3179, MAE: 0.3740
2025-04-01 11:39:33 - [Cluster 0 - CLIENT] - INFO - Sent reply
2025-04-01 11:39:33 - [Cluster 0 - CLIENT] - INFO - [Store 718] Evaluation - Loss: 0.2017, MAE: 0.2594
2025-04-01 11:39:33 - [Cluster 0 - CLIENT] - INFO - Sent reply
2025-04-01 11:39:33 - [Cluster 0 - CLIENT] - INFO - [Store 922] Evaluation - Loss: 0.2253, MAE: 0.3115
2025-04-01 11:39:33 - [Cluster 0 - CLIENT] - INFO - [Store 1083] Evaluation - Loss: 0.4202, MAE: 0.4546
2025-04-01 11:39:33 - [Cluster 0 - CLIENT] - INFO - Sent reply
2025-04-01 11:39:33 - [Cluster 0 - CLIENT] - INFO - Sent reply
2025-04-01 11:39:33 - [Cluster 0 - CLIENT] - INFO - [Store 305] Evaluation - Loss: 0.4938, MAE: 0.5081
2025-04-01 11:39:33 - [Cluster 0 - CLIENT] - INFO - [Store 74] Evaluation - Loss: 0.2399, MAE: 0.2828
2025-04-01 11:39:33 - [Cluster 0 - CLIENT] - INFO - Sent reply
2025-04-01 11:39:33 - [Cluster 0 - CLIENT] - INFO - Sent reply
2025-04-01 11:39:33 - [Cluster 0 - CLIENT] - INFO - [Store 65] Evaluation - Loss: 0.2160, MAE: 0.2955
2025-04-01 11:39:33 - [Cluster 0 - CLIENT] - INFO - Sent reply
2025-04-01 11:39:33 - [Cluster 0 - CLIENT] - INFO - [Store 260] Evaluation - Loss: 0.2524, MAE: 0.2980
2025-04-01 11:39:33 - [Cluster 0 - CLIENT] - INFO - Sent reply
2025-04-01 11:39:33 - [Cluster 0 - CLIENT] - INFO - [Store 949] Evaluation - Loss: 0.2306, MAE: 0.3249
2025-04-01 11:39:33 - [Cluster 0 - CLIENT] - INFO - Sent reply
2025-04-01 11:39:33 - [Cluster 0 - CLIENT] - INFO - 
2025-04-01 11:39:33 - [Cluster 0 - CLIENT] - INFO - Received: train message 8664cc19-1c63-423c-871d-3757413ef6d8
2025-04-01 11:39:33 - [Cluster 0 - CLIENT] - INFO - 
2025-04-01 11:39:33 - [Cluster 0 - CLIENT] - INFO - Received: train message ca35dad9-3ecc-4e0b-8c49-7d4b3133329b
2025-04-01 11:39:33 - [Cluster 0 - CLIENT] - INFO - 
2025-04-01 11:39:33 - [Cluster 0 - CLIENT] - INFO - Received: train message 5121da80-dd7b-4e59-8ed2-a806463f3d70
2025-04-01 11:39:33 - [Cluster 0 - CLIENT] - INFO - [Store 410] Starting local training.
2025-04-01 11:39:33 - [Cluster 0 - CLIENT] - INFO - 
2025-04-01 11:39:33 - [Cluster 0 - CLIENT] - INFO - Received: train message 25896ca3-67fa-43dd-a6cd-0d8ba8110a0b
2025-04-01 11:39:33 - [Cluster 0 - CLIENT] - INFO - 
2025-04-01 11:39:33 - [Cluster 0 - CLIENT] - INFO - Received: train message 5f060e3e-d23c-4300-8ff4-4699e50a577b
2025-04-01 11:39:33 - [Cluster 0 - CLIENT] - INFO - 
2025-04-01 11:39:33 - [Cluster 0 - CLIENT] - INFO - Received: train message 95030d2b-4dfd-407b-aca0-93cd5884ef9e
2025-04-01 11:39:33 - [Cluster 0 - CLIENT] - INFO - 
2025-04-01 11:39:33 - [Cluster 0 - CLIENT] - INFO - Received: train message 1ef47a7c-72fa-42df-bbe6-04080db4c7b5
2025-04-01 11:39:33 - [Cluster 0 - CLIENT] - INFO - [Store 305] Starting local training.
2025-04-01 11:39:33 - [Cluster 0 - CLIENT] - INFO - 
2025-04-01 11:39:33 - [Cluster 0 - CLIENT] - INFO - Received: train message e9be5bbf-24da-4ef2-8b0e-98bcdf7c5ff6
2025-04-01 11:39:33 - [Cluster 0 - CLIENT] - INFO - 
2025-04-01 11:39:33 - [Cluster 0 - CLIENT] - INFO - Received: train message cc7ce628-4971-4935-af2a-72ba26b083f3
2025-04-01 11:39:33 - [Cluster 0 - CLIENT] - INFO - [Store 47] Starting local training.
2025-04-01 11:39:33 - [Cluster 0 - CLIENT] - INFO - [Store 628] Starting local training.
2025-04-01 11:39:33 - [Cluster 0 - CLIENT] - INFO - 
2025-04-01 11:39:33 - [Cluster 0 - CLIENT] - INFO - Received: train message e21bb6c1-57df-4b09-b93b-fb1ea63b1ef5
2025-04-01 11:39:33 - [Cluster 0 - CLIENT] - INFO - 
2025-04-01 11:39:33 - [Cluster 0 - CLIENT] - INFO - Received: train message ec4d7a4b-248b-402b-a773-82201677362d
2025-04-01 11:39:33 - [Cluster 0 - CLIENT] - INFO - [Store 360] Starting local training.
2025-04-01 11:39:33 - [Cluster 0 - CLIENT] - INFO - 
2025-04-01 11:39:33 - [Cluster 0 - CLIENT] - INFO - Received: train message abc31ac9-2859-4bcd-aec3-6537a25e867a
2025-04-01 11:39:33 - [Cluster 0 - CLIENT] - INFO - 
2025-04-01 11:39:33 - [Cluster 0 - CLIENT] - INFO - Received: train message 40d2c030-dc14-45d6-98a8-7d2fea67001c
2025-04-01 11:39:33 - [Cluster 0 - CLIENT] - INFO - 
2025-04-01 11:39:33 - [Cluster 0 - CLIENT] - INFO - Received: train message a975466c-f8e6-43fd-9c12-2d20e14bbdfd
2025-04-01 11:39:33 - [Cluster 0 - CLIENT] - INFO - [Store 1099] Starting local training.
2025-04-01 11:39:33 - [Cluster 0 - CLIENT] - INFO - [Store 857] Starting local training.
2025-04-01 11:39:33 - [Cluster 0 - CLIENT] - INFO - 
2025-04-01 11:39:33 - [Cluster 0 - CLIENT] - INFO - Received: train message 5fae35e1-00ce-49d1-9a67-65425056d9c3
2025-04-01 11:39:33 - [Cluster 0 - CLIENT] - INFO - [Store 886] Starting local training.
2025-04-01 11:39:33 - [Cluster 0 - CLIENT] - INFO - [Store 201] Starting local training.
2025-04-01 11:39:33 - [Cluster 0 - CLIENT] - INFO - [Store 1083] Starting local training.
2025-04-01 11:39:33 - [Cluster 0 - CLIENT] - INFO - [Store 795] Starting local training.
2025-04-01 11:39:33 - [Cluster 0 - CLIENT] - INFO - [Store 1073] Starting local training.
2025-04-01 11:39:33 - [Cluster 0 - CLIENT] - INFO - [Store 554] Starting local training.
2025-04-01 11:39:33 - [Cluster 0 - CLIENT] - INFO - [Store 730] Starting local training.
2025-04-01 11:39:33 - [Cluster 0 - CLIENT] - INFO - [Store 511] Starting local training.
2025-04-01 11:43:15 - [Cluster 0 - CLIENT] - INFO - [Store 47] Local training complete.
2025-04-01 11:43:15 - [Cluster 0 - CLIENT] - INFO - Sent reply
2025-04-01 11:43:15 - [Cluster 0 - CLIENT] - INFO - 
2025-04-01 11:43:15 - [Cluster 0 - CLIENT] - INFO - Received: train message 0ca7857f-db2f-4c3a-b66f-791ae4f85780
2025-04-01 11:43:15 - [Cluster 0 - CLIENT] - INFO - [Store 1042] Starting local training.
2025-04-01 11:43:16 - [Cluster 0 - CLIENT] - INFO - [Store 511] Local training complete.
2025-04-01 11:43:16 - [Cluster 0 - CLIENT] - INFO - Sent reply
2025-04-01 11:43:16 - [Cluster 0 - CLIENT] - INFO - 
2025-04-01 11:43:16 - [Cluster 0 - CLIENT] - INFO - Received: train message 60714a21-56fc-41f5-9f87-b6a322185a1d
2025-04-01 11:43:16 - [Cluster 0 - CLIENT] - INFO - [Store 254] Starting local training.
2025-04-01 11:43:21 - [Cluster 0 - CLIENT] - INFO - [Store 795] Local training complete.
2025-04-01 11:43:21 - [Cluster 0 - CLIENT] - INFO - Sent reply
2025-04-01 11:43:21 - [Cluster 0 - CLIENT] - INFO - 
2025-04-01 11:43:21 - [Cluster 0 - CLIENT] - INFO - Received: train message 5d87078c-219b-409e-861f-a267e4be55ea
2025-04-01 11:43:21 - [Cluster 0 - CLIENT] - INFO - [Store 74] Starting local training.
2025-04-01 11:43:23 - [Cluster 0 - CLIENT] - INFO - [Store 1083] Local training complete.
2025-04-01 11:43:23 - [Cluster 0 - CLIENT] - INFO - [Store 628] Local training complete.
2025-04-01 11:43:23 - [Cluster 0 - CLIENT] - INFO - Sent reply
2025-04-01 11:43:23 - [Cluster 0 - CLIENT] - INFO - Sent reply
2025-04-01 11:43:23 - [Cluster 0 - CLIENT] - INFO - 
2025-04-01 11:43:23 - [Cluster 0 - CLIENT] - INFO - Received: train message 797ab4c2-73b9-411f-9b0c-eb0fdd08dec3
2025-04-01 11:43:23 - [Cluster 0 - CLIENT] - INFO - 
2025-04-01 11:43:23 - [Cluster 0 - CLIENT] - INFO - Received: train message 0a366b09-d048-4751-ab44-559ebe247554
2025-04-01 11:43:24 - [Cluster 0 - CLIENT] - INFO - [Store 200] Starting local training.
2025-04-01 11:43:24 - [Cluster 0 - CLIENT] - INFO - [Store 55] Starting local training.
2025-04-01 11:43:25 - [Cluster 0 - CLIENT] - INFO - [Store 1099] Local training complete.
2025-04-01 11:43:25 - [Cluster 0 - CLIENT] - INFO - Sent reply
2025-04-01 11:43:25 - [Cluster 0 - CLIENT] - INFO - 
2025-04-01 11:43:25 - [Cluster 0 - CLIENT] - INFO - [Store 201] Local training complete.
2025-04-01 11:43:25 - [Cluster 0 - CLIENT] - INFO - Received: train message b05e0cd5-124a-4263-9f9b-1bd936b9f8c3
2025-04-01 11:43:25 - [Cluster 0 - CLIENT] - INFO - Sent reply
2025-04-01 11:43:25 - [Cluster 0 - CLIENT] - INFO - [Store 857] Local training complete.
2025-04-01 11:43:25 - [Cluster 0 - CLIENT] - INFO - 
2025-04-01 11:43:25 - [Cluster 0 - CLIENT] - INFO - Received: train message aab43755-9858-4aa6-bb48-b7b0152ef1e2
2025-04-01 11:43:25 - [Cluster 0 - CLIENT] - INFO - [Store 922] Starting local training.
2025-04-01 11:43:25 - [Cluster 0 - CLIENT] - INFO - [Store 730] Local training complete.
2025-04-01 11:43:25 - [Cluster 0 - CLIENT] - INFO - [Store 77] Starting local training.
2025-04-01 11:43:25 - [Cluster 0 - CLIENT] - INFO - Sent reply
2025-04-01 11:43:25 - [Cluster 0 - CLIENT] - INFO - 
2025-04-01 11:43:25 - [Cluster 0 - CLIENT] - INFO - Sent reply
2025-04-01 11:43:25 - [Cluster 0 - CLIENT] - INFO - Received: train message 79f236f6-32bb-4465-9c41-384995c97cc3
2025-04-01 11:43:25 - [Cluster 0 - CLIENT] - INFO - 
2025-04-01 11:43:25 - [Cluster 0 - CLIENT] - INFO - Received: train message a2af78a2-d9b3-4ea9-8b66-af64168bf241
2025-04-01 11:43:26 - [Cluster 0 - CLIENT] - INFO - [Store 360] Local training complete.
2025-04-01 11:43:26 - [Cluster 0 - CLIENT] - INFO - Sent reply
2025-04-01 11:43:26 - [Cluster 0 - CLIENT] - INFO - [Store 260] Starting local training.
2025-04-01 11:43:26 - [Cluster 0 - CLIENT] - INFO - 
2025-04-01 11:43:26 - [Cluster 0 - CLIENT] - INFO - Received: train message a7dba933-2241-413a-a934-bc8fc13970e3
2025-04-01 11:43:26 - [Cluster 0 - CLIENT] - INFO - [Store 949] Starting local training.
2025-04-01 11:43:26 - [Cluster 0 - CLIENT] - INFO - [Store 658] Starting local training.
2025-04-01 11:43:26 - [Cluster 0 - CLIENT] - INFO - [Store 886] Local training complete.
2025-04-01 11:43:26 - [Cluster 0 - CLIENT] - INFO - Sent reply
2025-04-01 11:43:26 - [Cluster 0 - CLIENT] - INFO - 
2025-04-01 11:43:26 - [Cluster 0 - CLIENT] - INFO - Received: train message 9f45a9bd-9d59-45bf-9f93-5524622b238b
2025-04-01 11:43:26 - [Cluster 0 - CLIENT] - INFO - [Store 718] Starting local training.
2025-04-01 11:43:27 - [Cluster 0 - CLIENT] - INFO - [Store 554] Local training complete.
2025-04-01 11:43:27 - [Cluster 0 - CLIENT] - INFO - [Store 1073] Local training complete.
2025-04-01 11:43:27 - [Cluster 0 - CLIENT] - INFO - Sent reply
2025-04-01 11:43:27 - [Cluster 0 - CLIENT] - INFO - Sent reply
2025-04-01 11:43:27 - [Cluster 0 - CLIENT] - INFO - 
2025-04-01 11:43:27 - [Cluster 0 - CLIENT] - INFO - Received: train message 5f30be5e-4254-4583-a4f4-e0b6f33daa92
2025-04-01 11:43:27 - [Cluster 0 - CLIENT] - INFO - 
2025-04-01 11:43:27 - [Cluster 0 - CLIENT] - INFO - Received: train message bd59ccce-9804-4f0c-8252-026ed6ad646e
2025-04-01 11:43:27 - [Cluster 0 - CLIENT] - INFO - [Store 105] Starting local training.
2025-04-01 11:43:27 - [Cluster 0 - CLIENT] - INFO - [Store 440] Starting local training.
2025-04-01 11:43:41 - [Cluster 0 - CLIENT] - INFO - [Store 410] Local training complete.
2025-04-01 11:43:42 - [Cluster 0 - CLIENT] - INFO - Sent reply
2025-04-01 11:43:42 - [Cluster 0 - CLIENT] - INFO - 
2025-04-01 11:43:42 - [Cluster 0 - CLIENT] - INFO - Received: train message c2df1def-7722-4da1-be3b-58b2c0df0f42
2025-04-01 11:43:42 - [Cluster 0 - CLIENT] - INFO - [Store 305] Starting local training.
2025-04-01 11:43:44 - [Cluster 0 - CLIENT] - INFO - [Store 305] Local training complete.
2025-04-01 11:43:44 - [Cluster 0 - CLIENT] - INFO - Sent reply
2025-04-01 11:43:45 - [Cluster 0 - CLIENT] - INFO - 
2025-04-01 11:43:45 - [Cluster 0 - CLIENT] - INFO - Received: train message 6d413e30-8e4c-4c9b-8e01-241aed1bf277
2025-04-01 11:43:45 - [Cluster 0 - CLIENT] - INFO - [Store 65] Starting local training.
2025-04-01 11:47:09 - [Cluster 0 - CLIENT] - INFO - [Store 1042] Local training complete.
2025-04-01 11:47:09 - [Cluster 0 - CLIENT] - INFO - Sent reply
2025-04-01 11:47:13 - [Cluster 0 - CLIENT] - INFO - [Store 254] Local training complete.
2025-04-01 11:47:13 - [Cluster 0 - CLIENT] - INFO - Sent reply
2025-04-01 11:47:15 - [Cluster 0 - CLIENT] - INFO - [Store 74] Local training complete.
2025-04-01 11:47:15 - [Cluster 0 - CLIENT] - INFO - Sent reply
2025-04-01 11:47:16 - [Cluster 0 - CLIENT] - INFO - [Store 440] Local training complete.
2025-04-01 11:47:16 - [Cluster 0 - CLIENT] - INFO - Sent reply
2025-04-01 11:47:16 - [Cluster 0 - CLIENT] - INFO - [Store 949] Local training complete.
2025-04-01 11:47:16 - [Cluster 0 - CLIENT] - INFO - Sent reply
2025-04-01 11:47:16 - [Cluster 0 - CLIENT] - INFO - [Store 658] Local training complete.
2025-04-01 11:47:17 - [Cluster 0 - CLIENT] - INFO - Sent reply
2025-04-01 11:47:17 - [Cluster 0 - CLIENT] - INFO - [Store 200] Local training complete.
2025-04-01 11:47:17 - [Cluster 0 - CLIENT] - INFO - Sent reply
2025-04-01 11:47:17 - [Cluster 0 - CLIENT] - INFO - [Store 922] Local training complete.
2025-04-01 11:47:17 - [Cluster 0 - CLIENT] - INFO - Sent reply
2025-04-01 11:47:18 - [Cluster 0 - CLIENT] - INFO - [Store 105] Local training complete.
2025-04-01 11:47:18 - [Cluster 0 - CLIENT] - INFO - Sent reply
2025-04-01 11:47:18 - [Cluster 0 - CLIENT] - INFO - [Store 260] Local training complete.
2025-04-01 11:47:18 - [Cluster 0 - CLIENT] - INFO - [Store 55] Local training complete.
2025-04-01 11:47:18 - [Cluster 0 - CLIENT] - INFO - Sent reply
2025-04-01 11:47:18 - [Cluster 0 - CLIENT] - INFO - Sent reply
2025-04-01 11:47:18 - [Cluster 0 - CLIENT] - INFO - [Store 718] Local training complete.
2025-04-01 11:47:18 - [Cluster 0 - CLIENT] - INFO - Sent reply
2025-04-01 11:47:19 - [Cluster 0 - CLIENT] - INFO - [Store 77] Local training complete.
2025-04-01 11:47:19 - [Cluster 0 - CLIENT] - INFO - Sent reply
2025-04-01 11:47:20 - [Cluster 0 - CLIENT] - INFO - [Store 65] Local training complete.
2025-04-01 11:47:20 - [Cluster 0 - CLIENT] - INFO - Sent reply
2025-04-01 11:47:21 - [Cluster 0 - CLIENT] - INFO - [Store 305] Local training complete.
2025-04-01 11:47:21 - [Cluster 0 - CLIENT] - INFO - Sent reply
2025-04-01 11:47:21 - [Cluster 0 - CLIENT] - INFO - 
2025-04-01 11:47:21 - [Cluster 0 - CLIENT] - INFO - Received: evaluate message 75eaf10a-67da-4233-abff-9205b1326eeb
2025-04-01 11:47:21 - [Cluster 0 - CLIENT] - INFO - 
2025-04-01 11:47:21 - [Cluster 0 - CLIENT] - INFO - Received: evaluate message 1e51d8af-33d2-4042-9b0f-7e29af8826be
2025-04-01 11:47:21 - [Cluster 0 - CLIENT] - INFO - 
2025-04-01 11:47:21 - [Cluster 0 - CLIENT] - INFO - Received: evaluate message 34750aae-6087-4530-af7e-722c3d6257d5
2025-04-01 11:47:21 - [Cluster 0 - CLIENT] - INFO - 
2025-04-01 11:47:21 - [Cluster 0 - CLIENT] - INFO - Received: evaluate message e4ef85db-6ea2-4b89-97ac-e7593d194e51
2025-04-01 11:47:21 - [Cluster 0 - CLIENT] - INFO - 
2025-04-01 11:47:21 - [Cluster 0 - CLIENT] - INFO - Received: evaluate message 9471e12e-d063-4816-b0a3-ce056d15f086
2025-04-01 11:47:21 - [Cluster 0 - CLIENT] - INFO - 
2025-04-01 11:47:21 - [Cluster 0 - CLIENT] - INFO - Received: evaluate message 467cb4c8-c442-4c45-93e1-76e53779896c
2025-04-01 11:47:21 - [Cluster 0 - CLIENT] - INFO - 
2025-04-01 11:47:21 - [Cluster 0 - CLIENT] - INFO - Received: evaluate message 16078f10-58ca-4c54-ba81-03f9c0699001
2025-04-01 11:47:21 - [Cluster 0 - CLIENT] - INFO - 
2025-04-01 11:47:21 - [Cluster 0 - CLIENT] - INFO - Received: evaluate message d427e85a-fcb4-4693-a8d2-17be1902bd71
2025-04-01 11:47:21 - [Cluster 0 - CLIENT] - INFO - 
2025-04-01 11:47:21 - [Cluster 0 - CLIENT] - INFO - Received: evaluate message cb08643c-7db7-4dc9-92c7-60eead2da135
2025-04-01 11:47:21 - [Cluster 0 - CLIENT] - INFO - 
2025-04-01 11:47:21 - [Cluster 0 - CLIENT] - INFO - Received: evaluate message c754e855-980e-41a8-b900-7c4f96a268b5
2025-04-01 11:47:21 - [Cluster 0 - CLIENT] - INFO - 
2025-04-01 11:47:21 - [Cluster 0 - CLIENT] - INFO - Received: evaluate message 4619b00a-dd54-4d11-b0a0-a6c745888846
2025-04-01 11:47:21 - [Cluster 0 - CLIENT] - INFO - 
2025-04-01 11:47:21 - [Cluster 0 - CLIENT] - INFO - Received: evaluate message f498fb4a-68cd-4ab6-9234-d35bf8fc5e24
2025-04-01 11:47:21 - [Cluster 0 - CLIENT] - INFO - 
2025-04-01 11:47:21 - [Cluster 0 - CLIENT] - INFO - Received: evaluate message 6ead4108-59e1-44bf-819b-27fbef17d556
2025-04-01 11:47:21 - [Cluster 0 - CLIENT] - INFO - 
2025-04-01 11:47:21 - [Cluster 0 - CLIENT] - INFO - Received: evaluate message fa3bf11b-8150-4559-90f4-eab314a74f93
2025-04-01 11:47:21 - [Cluster 0 - CLIENT] - INFO - 
2025-04-01 11:47:21 - [Cluster 0 - CLIENT] - INFO - Received: evaluate message 3a082c36-fabb-4341-a39b-3a709b678dcd
2025-04-01 11:47:22 - [Cluster 0 - CLIENT] - INFO - [Store 65] Evaluation - Loss: 0.2202, MAE: 0.3141
2025-04-01 11:47:22 - [Cluster 0 - CLIENT] - INFO - Sent reply
2025-04-01 11:47:22 - [Cluster 0 - CLIENT] - INFO - [Store 105] Evaluation - Loss: 0.3190, MAE: 0.4129
2025-04-01 11:47:22 - [Cluster 0 - CLIENT] - INFO - Sent reply
2025-04-01 11:47:22 - [Cluster 0 - CLIENT] - INFO - [Store 949] Evaluation - Loss: 0.2335, MAE: 0.3389
2025-04-01 11:47:22 - [Cluster 0 - CLIENT] - INFO - Sent reply
2025-04-01 11:47:22 - [Cluster 0 - CLIENT] - INFO - [Store 200] Evaluation - Loss: 0.2806, MAE: 0.3209
2025-04-01 11:47:22 - [Cluster 0 - CLIENT] - INFO - Sent reply
2025-04-01 11:47:22 - [Cluster 0 - CLIENT] - INFO - [Store 55] Evaluation - Loss: 0.2838, MAE: 0.4008
2025-04-01 11:47:22 - [Cluster 0 - CLIENT] - INFO - Sent reply
2025-04-01 11:47:22 - [Cluster 0 - CLIENT] - INFO - 
2025-04-01 11:47:22 - [Cluster 0 - CLIENT] - INFO - Received: evaluate message e01d68a0-0781-429e-a3b3-139a037643ea
2025-04-01 11:47:22 - [Cluster 0 - CLIENT] - INFO - [Store 922] Evaluation - Loss: 0.2309, MAE: 0.3339
2025-04-01 11:47:22 - [Cluster 0 - CLIENT] - INFO - Sent reply
2025-04-01 11:47:22 - [Cluster 0 - CLIENT] - INFO - [Store 440] Evaluation - Loss: 0.3389, MAE: 0.3971
2025-04-01 11:47:22 - [Cluster 0 - CLIENT] - INFO - [Store 254] Evaluation - Loss: 0.3246, MAE: 0.4128
2025-04-01 11:47:22 - [Cluster 0 - CLIENT] - INFO - Sent reply
2025-04-01 11:47:22 - [Cluster 0 - CLIENT] - INFO - Sent reply
2025-04-01 11:47:22 - [Cluster 0 - CLIENT] - INFO - [Store 305] Evaluation - Loss: 0.4894, MAE: 0.5209
2025-04-01 11:47:22 - [Cluster 0 - CLIENT] - INFO - 
2025-04-01 11:47:22 - [Cluster 0 - CLIENT] - INFO - Received: evaluate message 52c779aa-ba69-4719-bc30-5df3f17e75c3
2025-04-01 11:47:22 - [Cluster 0 - CLIENT] - INFO - Sent reply
2025-04-01 11:47:22 - [Cluster 0 - CLIENT] - INFO - 
2025-04-01 11:47:22 - [Cluster 0 - CLIENT] - INFO - Received: evaluate message 2d402f90-7499-4143-b190-21d1f431d365
2025-04-01 11:47:22 - [Cluster 0 - CLIENT] - INFO - 
2025-04-01 11:47:22 - [Cluster 0 - CLIENT] - INFO - Received: evaluate message 9e9dc0d9-a283-4da6-9afc-93c94665400f
2025-04-01 11:47:22 - [Cluster 0 - CLIENT] - INFO - 
2025-04-01 11:47:22 - [Cluster 0 - CLIENT] - INFO - Received: evaluate message 3651db05-5cc8-4d9b-a230-fa1599323732
2025-04-01 11:47:22 - [Cluster 0 - CLIENT] - INFO - 
2025-04-01 11:47:22 - [Cluster 0 - CLIENT] - INFO - Received: evaluate message 5d2b7d5d-0b3a-4a1d-8c75-0c854b57b99c
2025-04-01 11:47:22 - [Cluster 0 - CLIENT] - INFO - 
2025-04-01 11:47:22 - [Cluster 0 - CLIENT] - INFO - Received: evaluate message 09b932e0-d849-4280-ad67-08226f82e677
2025-04-01 11:47:22 - [Cluster 0 - CLIENT] - INFO - 
2025-04-01 11:47:22 - [Cluster 0 - CLIENT] - INFO - 
2025-04-01 11:47:22 - [Cluster 0 - CLIENT] - INFO - Received: evaluate message 245a5b22-907e-4cd0-a272-62a08516f3fb
2025-04-01 11:47:22 - [Cluster 0 - CLIENT] - INFO - Received: evaluate message 869377f9-3fec-4da3-9412-478631c6c8b8
2025-04-01 11:47:23 - [Cluster 0 - CLIENT] - INFO - [Store 658] Evaluation - Loss: 0.1915, MAE: 0.2883
2025-04-01 11:47:23 - [Cluster 0 - CLIENT] - INFO - Sent reply
2025-04-01 11:47:23 - [Cluster 0 - CLIENT] - INFO - 
2025-04-01 11:47:23 - [Cluster 0 - CLIENT] - INFO - Received: evaluate message 5400b7e3-4678-4679-81a5-c16ae16440eb
2025-04-01 11:47:23 - [Cluster 0 - CLIENT] - INFO - [Store 554] Evaluation - Loss: 0.5057, MAE: 0.5447
2025-04-01 11:47:23 - [Cluster 0 - CLIENT] - INFO - Sent reply
2025-04-01 11:47:23 - [Cluster 0 - CLIENT] - INFO - [Store 1073] Evaluation - Loss: 1.0611, MAE: 0.7011
2025-04-01 11:47:23 - [Cluster 0 - CLIENT] - INFO - Sent reply
2025-04-01 11:47:23 - [Cluster 0 - CLIENT] - INFO - 
2025-04-01 11:47:23 - [Cluster 0 - CLIENT] - INFO - Received: evaluate message 85b3b209-23c0-41c0-916c-21a83aa0f81e
2025-04-01 11:47:23 - [Cluster 0 - CLIENT] - INFO - [Store 886] Evaluation - Loss: 0.3036, MAE: 0.3716
2025-04-01 11:47:23 - [Cluster 0 - CLIENT] - INFO - Sent reply
2025-04-01 11:47:23 - [Cluster 0 - CLIENT] - INFO - [Store 305] Evaluation - Loss: 0.4894, MAE: 0.5209
2025-04-01 11:47:23 - [Cluster 0 - CLIENT] - INFO - 
2025-04-01 11:47:23 - [Cluster 0 - CLIENT] - INFO - Received: evaluate message 80bdc3c9-f9f2-46a5-8620-b6c3a718ccd4
2025-04-01 11:47:23 - [Cluster 0 - CLIENT] - INFO - Sent reply
2025-04-01 11:47:23 - [Cluster 0 - CLIENT] - INFO - 
2025-04-01 11:47:23 - [Cluster 0 - CLIENT] - INFO - Received: evaluate message 3dc4a4c8-4926-4762-80ed-b2988bc47a5f
2025-04-01 11:47:23 - [Cluster 0 - CLIENT] - INFO - 
2025-04-01 11:47:23 - [Cluster 0 - CLIENT] - INFO - Received: evaluate message 42e4f0e5-5fe3-4a56-9a66-d6806317b7a3
2025-04-01 11:47:23 - [Cluster 0 - CLIENT] - INFO - [Store 1083] Evaluation - Loss: 0.3992, MAE: 0.4585
2025-04-01 11:47:23 - [Cluster 0 - CLIENT] - INFO - Sent reply
2025-04-01 11:47:23 - [Cluster 0 - CLIENT] - INFO - [Store 260] Evaluation - Loss: 0.2540, MAE: 0.3015
2025-04-01 11:47:23 - [Cluster 0 - CLIENT] - INFO - Sent reply
2025-04-01 11:47:23 - [Cluster 0 - CLIENT] - INFO - [Store 74] Evaluation - Loss: 0.2420, MAE: 0.2973
2025-04-01 11:47:23 - [Cluster 0 - CLIENT] - INFO - Sent reply
2025-04-01 11:47:23 - [Cluster 0 - CLIENT] - INFO - 
2025-04-01 11:47:23 - [Cluster 0 - CLIENT] - INFO - Received: evaluate message 94fe0df4-076e-4c26-be5c-95bd9bfaa20f
2025-04-01 11:47:24 - [Cluster 0 - CLIENT] - INFO - [Store 410] Evaluation - Loss: 0.2851, MAE: 0.3798
2025-04-01 11:47:24 - [Cluster 0 - CLIENT] - INFO - Sent reply
2025-04-01 11:47:24 - [Cluster 0 - CLIENT] - INFO - [Store 718] Evaluation - Loss: 0.2028, MAE: 0.2701
2025-04-01 11:47:24 - [Cluster 0 - CLIENT] - INFO - Sent reply
2025-04-01 11:47:24 - [Cluster 0 - CLIENT] - INFO - [Store 77] Evaluation - Loss: 0.2499, MAE: 0.3439
2025-04-01 11:47:24 - [Cluster 0 - CLIENT] - INFO - [Store 1099] Evaluation - Loss: 0.3055, MAE: 0.3640
2025-04-01 11:47:24 - [Cluster 0 - CLIENT] - INFO - Sent reply
2025-04-01 11:47:24 - [Cluster 0 - CLIENT] - INFO - Sent reply
2025-04-01 11:47:24 - [Cluster 0 - CLIENT] - INFO - [Store 360] Evaluation - Loss: 0.2504, MAE: 0.3284
2025-04-01 11:47:24 - [Cluster 0 - CLIENT] - INFO - [Store 857] Evaluation - Loss: 0.3691, MAE: 0.4212
2025-04-01 11:47:24 - [Cluster 0 - CLIENT] - INFO - Sent reply
2025-04-01 11:47:24 - [Cluster 0 - CLIENT] - INFO - Sent reply
2025-04-01 11:47:24 - [Cluster 0 - CLIENT] - INFO - [Store 201] Evaluation - Loss: 0.2846, MAE: 0.3625
2025-04-01 11:47:24 - [Cluster 0 - CLIENT] - INFO - Sent reply
2025-04-01 11:47:24 - [Cluster 0 - CLIENT] - INFO - [Store 511] Evaluation - Loss: 0.2803, MAE: 0.3196
2025-04-01 11:47:24 - [Cluster 0 - CLIENT] - INFO - [Store 47] Evaluation - Loss: 0.2612, MAE: 0.3232
2025-04-01 11:47:24 - [Cluster 0 - CLIENT] - INFO - Sent reply
2025-04-01 11:47:24 - [Cluster 0 - CLIENT] - INFO - Sent reply
2025-04-01 11:47:24 - [Cluster 0 - CLIENT] - INFO - [Store 1042] Evaluation - Loss: 0.2801, MAE: 0.3416
2025-04-01 11:47:24 - [Cluster 0 - CLIENT] - INFO - Sent reply
2025-04-01 11:47:24 - [Cluster 0 - CLIENT] - INFO - [Store 730] Evaluation - Loss: 0.2159, MAE: 0.2967
2025-04-01 11:47:24 - [Cluster 0 - CLIENT] - INFO - Sent reply
2025-04-01 11:47:24 - [Cluster 0 - CLIENT] - INFO - [Store 795] Evaluation - Loss: 0.2958, MAE: 0.3946
2025-04-01 11:47:24 - [Cluster 0 - CLIENT] - INFO - Sent reply
2025-04-01 11:47:24 - [Cluster 0 - CLIENT] - INFO - [Store 628] Evaluation - Loss: 0.3252, MAE: 0.3528
2025-04-01 11:47:24 - [Cluster 0 - CLIENT] - INFO - Sent reply
2025-04-01 11:47:24 - [Cluster 0 - CLIENT] - INFO - 
2025-04-01 11:47:24 - [Cluster 0 - CLIENT] - INFO - Received: train message d5b37cf5-bc1d-46e0-8045-26309d329784
2025-04-01 11:47:24 - [Cluster 0 - CLIENT] - INFO - 
2025-04-01 11:47:24 - [Cluster 0 - CLIENT] - INFO - Received: train message 4c1d69ed-5a9a-4580-a58b-50de5d65014b
2025-04-01 11:47:24 - [Cluster 0 - CLIENT] - INFO - 
2025-04-01 11:47:24 - [Cluster 0 - CLIENT] - INFO - Received: train message 38475060-c2ad-4f0b-a73b-dc51c405f209
2025-04-01 11:47:24 - [Cluster 0 - CLIENT] - INFO - 
2025-04-01 11:47:24 - [Cluster 0 - CLIENT] - INFO - Received: train message e2802fd1-ac68-4faf-b7f3-c70e17d431c3
2025-04-01 11:47:24 - [Cluster 0 - CLIENT] - INFO - [Store 254] Starting local training.
2025-04-01 11:47:24 - [Cluster 0 - CLIENT] - INFO - 
2025-04-01 11:47:24 - [Cluster 0 - CLIENT] - INFO - Received: train message 24d6b2de-92d8-4ae7-8eb1-27af8168969c
2025-04-01 11:47:24 - [Cluster 0 - CLIENT] - INFO - 
2025-04-01 11:47:24 - [Cluster 0 - CLIENT] - INFO - Received: train message 6241b139-76d2-4bbf-9622-b5b0ccfad7e3
2025-04-01 11:47:24 - [Cluster 0 - CLIENT] - INFO - [Store 65] Starting local training.
2025-04-01 11:47:24 - [Cluster 0 - CLIENT] - INFO - 
2025-04-01 11:47:24 - [Cluster 0 - CLIENT] - INFO - Received: train message 039852cf-5a75-47dd-a846-121097a69836
2025-04-01 11:47:24 - [Cluster 0 - CLIENT] - INFO - [Store 260] Starting local training.
2025-04-01 11:47:24 - [Cluster 0 - CLIENT] - INFO - [Store 410] Starting local training.
2025-04-01 11:47:24 - [Cluster 0 - CLIENT] - INFO - 
2025-04-01 11:47:24 - [Cluster 0 - CLIENT] - INFO - Received: train message 4d16fe4f-5497-451b-87dd-b4c5789e81b4
2025-04-01 11:47:24 - [Cluster 0 - CLIENT] - INFO - [Store 360] Starting local training.
2025-04-01 11:47:24 - [Cluster 0 - CLIENT] - INFO - 
2025-04-01 11:47:24 - [Cluster 0 - CLIENT] - INFO - Received: train message 41126bf6-cfdd-4eee-a44a-4a5054d91aa7
2025-04-01 11:47:24 - [Cluster 0 - CLIENT] - INFO - 
2025-04-01 11:47:24 - [Cluster 0 - CLIENT] - INFO - Received: train message 6c89735d-bde8-47f1-8d38-49d444e56cd9
2025-04-01 11:47:24 - [Cluster 0 - CLIENT] - INFO - [Store 857] Starting local training.
2025-04-01 11:47:24 - [Cluster 0 - CLIENT] - INFO - 
2025-04-01 11:47:24 - [Cluster 0 - CLIENT] - INFO - Received: train message 0377fa48-ead5-4ba5-b3c5-418dab5290be
2025-04-01 11:47:24 - [Cluster 0 - CLIENT] - INFO - [Store 1042] Starting local training.
2025-04-01 11:47:24 - [Cluster 0 - CLIENT] - INFO - 
2025-04-01 11:47:24 - [Cluster 0 - CLIENT] - INFO - Received: train message 8aa760ad-de83-4b7a-ae10-3e73419bd9cb
2025-04-01 11:47:24 - [Cluster 0 - CLIENT] - INFO - 
2025-04-01 11:47:24 - [Cluster 0 - CLIENT] - INFO - Received: train message b735181e-1eb1-4d12-8821-6449180bdd7b
2025-04-01 11:47:24 - [Cluster 0 - CLIENT] - INFO - [Store 1073] Starting local training.
2025-04-01 11:47:24 - [Cluster 0 - CLIENT] - INFO - 
2025-04-01 11:47:24 - [Cluster 0 - CLIENT] - INFO - Received: train message 18c095d2-bfd6-4d3b-8a13-940b209fee16
2025-04-01 11:47:24 - [Cluster 0 - CLIENT] - INFO - 
2025-04-01 11:47:24 - [Cluster 0 - CLIENT] - INFO - Received: train message 7947db5b-7319-4c6e-9eef-073c2d573d58
2025-04-01 11:47:24 - [Cluster 0 - CLIENT] - INFO - [Store 730] Starting local training.
2025-04-01 11:47:24 - [Cluster 0 - CLIENT] - INFO - [Store 628] Starting local training.
2025-04-01 11:47:24 - [Cluster 0 - CLIENT] - INFO - [Store 55] Starting local training.
2025-04-01 11:47:24 - [Cluster 0 - CLIENT] - INFO - [Store 47] Starting local training.
2025-04-01 11:47:24 - [Cluster 0 - CLIENT] - INFO - [Store 305] Starting local training.
2025-04-01 11:47:24 - [Cluster 0 - CLIENT] - INFO - [Store 305] Starting local training.
2025-04-01 11:47:24 - [Cluster 0 - CLIENT] - INFO - [Store 658] Starting local training.
2025-04-01 11:50:58 - [Cluster 0 - CLIENT] - INFO - [Store 857] Local training complete.
2025-04-01 11:50:58 - [Cluster 0 - CLIENT] - INFO - Sent reply
2025-04-01 11:50:58 - [Cluster 0 - CLIENT] - INFO - 
2025-04-01 11:50:58 - [Cluster 0 - CLIENT] - INFO - Received: train message 594dd7e1-f1bb-49dc-a011-ff1c0f053620
2025-04-01 11:50:58 - [Cluster 0 - CLIENT] - INFO - [Store 511] Starting local training.
2025-04-01 11:51:00 - [Cluster 0 - CLIENT] - INFO - [Store 628] Local training complete.
2025-04-01 11:51:00 - [Cluster 0 - CLIENT] - INFO - Sent reply
2025-04-01 11:51:00 - [Cluster 0 - CLIENT] - INFO - 
2025-04-01 11:51:00 - [Cluster 0 - CLIENT] - INFO - Received: train message 0915287c-6279-4e12-81df-f8b795e9129a
2025-04-01 11:51:00 - [Cluster 0 - CLIENT] - INFO - [Store 201] Starting local training.
2025-04-01 11:51:00 - [Cluster 0 - CLIENT] - INFO - [Store 260] Local training complete.
2025-04-01 11:51:00 - [Cluster 0 - CLIENT] - INFO - Sent reply
2025-04-01 11:51:01 - [Cluster 0 - CLIENT] - INFO - 
2025-04-01 11:51:01 - [Cluster 0 - CLIENT] - INFO - Received: train message 11868e82-21d8-4b3e-b384-5a295232132c
2025-04-01 11:51:01 - [Cluster 0 - CLIENT] - INFO - [Store 55] Local training complete.
2025-04-01 11:51:01 - [Cluster 0 - CLIENT] - INFO - Sent reply
2025-04-01 11:51:01 - [Cluster 0 - CLIENT] - INFO - 
2025-04-01 11:51:01 - [Cluster 0 - CLIENT] - INFO - Received: train message e7e26fb9-b00d-4800-9655-85ff041d27b3
2025-04-01 11:51:01 - [Cluster 0 - CLIENT] - INFO - [Store 922] Starting local training.
2025-04-01 11:51:01 - [Cluster 0 - CLIENT] - INFO - [Store 554] Starting local training.
2025-04-01 11:51:02 - [Cluster 0 - CLIENT] - INFO - [Store 65] Local training complete.
2025-04-01 11:51:02 - [Cluster 0 - CLIENT] - INFO - Sent reply
2025-04-01 11:51:02 - [Cluster 0 - CLIENT] - INFO - 
2025-04-01 11:51:02 - [Cluster 0 - CLIENT] - INFO - Received: train message 05fcd277-0dee-4c67-b4a0-0b2acc70f471
2025-04-01 11:51:02 - [Cluster 0 - CLIENT] - INFO - [Store 360] Local training complete.
2025-04-01 11:51:02 - [Cluster 0 - CLIENT] - INFO - Sent reply
2025-04-01 11:51:02 - [Cluster 0 - CLIENT] - INFO - 
2025-04-01 11:51:02 - [Cluster 0 - CLIENT] - INFO - Received: train message 944c73e5-034d-48b5-b5b7-ca82a82a1f6e
2025-04-01 11:51:02 - [Cluster 0 - CLIENT] - INFO - [Store 200] Starting local training.
2025-04-01 11:51:02 - [Cluster 0 - CLIENT] - INFO - [Store 74] Starting local training.
2025-04-01 11:51:02 - [Cluster 0 - CLIENT] - INFO - [Store 47] Local training complete.
2025-04-01 11:51:02 - [Cluster 0 - CLIENT] - INFO - [Store 305] Local training complete.
2025-04-01 11:51:02 - [Cluster 0 - CLIENT] - INFO - Sent reply
2025-04-01 11:51:02 - [Cluster 0 - CLIENT] - INFO - Sent reply
2025-04-01 11:51:02 - [Cluster 0 - CLIENT] - INFO - 
2025-04-01 11:51:02 - [Cluster 0 - CLIENT] - INFO - Received: train message 5c7561ac-ca48-4626-a613-923149cbe8fd
2025-04-01 11:51:02 - [Cluster 0 - CLIENT] - INFO - 
2025-04-01 11:51:02 - [Cluster 0 - CLIENT] - INFO - Received: train message 0cc4d5ef-23d6-41b7-aaad-909f65031a93
2025-04-01 11:51:03 - [Cluster 0 - CLIENT] - INFO - [Store 440] Starting local training.
2025-04-01 11:51:03 - [Cluster 0 - CLIENT] - INFO - [Store 949] Starting local training.
2025-04-01 11:51:03 - [Cluster 0 - CLIENT] - INFO - [Store 1042] Local training complete.
2025-04-01 11:51:03 - [Cluster 0 - CLIENT] - INFO - Sent reply
2025-04-01 11:51:03 - [Cluster 0 - CLIENT] - INFO - 
2025-04-01 11:51:03 - [Cluster 0 - CLIENT] - INFO - Received: train message 66a61d2d-64ab-4be8-90d8-23e4421ed100
2025-04-01 11:51:04 - [Cluster 0 - CLIENT] - INFO - [Store 77] Starting local training.
2025-04-01 11:51:04 - [Cluster 0 - CLIENT] - INFO - [Store 730] Local training complete.
2025-04-01 11:51:04 - [Cluster 0 - CLIENT] - INFO - Sent reply
2025-04-01 11:51:04 - [Cluster 0 - CLIENT] - INFO - 
2025-04-01 11:51:04 - [Cluster 0 - CLIENT] - INFO - Received: train message 95a5d604-5661-4d40-ba11-f6eab2c00dc6
2025-04-01 11:51:04 - [Cluster 0 - CLIENT] - INFO - [Store 254] Local training complete.
2025-04-01 11:51:04 - [Cluster 0 - CLIENT] - INFO - Sent reply
2025-04-01 11:51:04 - [Cluster 0 - CLIENT] - INFO - 
2025-04-01 11:51:04 - [Cluster 0 - CLIENT] - INFO - Received: train message f8a0bcf6-f62f-4442-b7f3-c7f34cd1a8ba
2025-04-01 11:51:04 - [Cluster 0 - CLIENT] - INFO - [Store 1083] Starting local training.
2025-04-01 11:51:04 - [Cluster 0 - CLIENT] - INFO - [Store 886] Starting local training.
2025-04-01 11:51:06 - [Cluster 0 - CLIENT] - INFO - [Store 305] Local training complete.
2025-04-01 11:51:06 - [Cluster 0 - CLIENT] - INFO - Sent reply
2025-04-01 11:51:06 - [Cluster 0 - CLIENT] - INFO - 
2025-04-01 11:51:06 - [Cluster 0 - CLIENT] - INFO - Received: train message 1c5039aa-b9d0-40ee-b011-db56df8abccd
2025-04-01 11:51:06 - [Cluster 0 - CLIENT] - INFO - [Store 795] Starting local training.
2025-04-01 11:51:08 - [Cluster 0 - CLIENT] - INFO - [Store 410] Local training complete.
2025-04-01 11:51:08 - [Cluster 0 - CLIENT] - INFO - Sent reply
2025-04-01 11:51:08 - [Cluster 0 - CLIENT] - INFO - 
2025-04-01 11:51:08 - [Cluster 0 - CLIENT] - INFO - Received: train message e9919ffe-38af-4380-8897-68d8442d18ad
2025-04-01 11:51:08 - [Cluster 0 - CLIENT] - INFO - [Store 1099] Starting local training.
2025-04-01 11:51:19 - [Cluster 0 - CLIENT] - INFO - [Store 658] Local training complete.
2025-04-01 11:51:19 - [Cluster 0 - CLIENT] - INFO - Sent reply
2025-04-01 11:51:19 - [Cluster 0 - CLIENT] - INFO - 
2025-04-01 11:51:19 - [Cluster 0 - CLIENT] - INFO - Received: train message ef1dd5c2-7a60-4d40-821e-c0e2de38ed91
2025-04-01 11:51:19 - [Cluster 0 - CLIENT] - INFO - [Store 718] Starting local training.
2025-04-01 11:51:22 - [Cluster 0 - CLIENT] - INFO - [Store 1073] Local training complete.
2025-04-01 11:51:22 - [Cluster 0 - CLIENT] - INFO - Sent reply
2025-04-01 11:51:22 - [Cluster 0 - CLIENT] - INFO - 
2025-04-01 11:51:22 - [Cluster 0 - CLIENT] - INFO - Received: train message 491938ff-ebe7-4569-94f1-6b6637128791
2025-04-01 11:51:22 - [Cluster 0 - CLIENT] - INFO - [Store 105] Starting local training.
2025-04-01 11:54:38 - [Cluster 0 - CLIENT] - INFO - [Store 201] Local training complete.
2025-04-01 11:54:38 - [Cluster 0 - CLIENT] - INFO - Sent reply
2025-04-01 11:54:38 - [Cluster 0 - CLIENT] - INFO - [Store 949] Local training complete.
2025-04-01 11:54:39 - [Cluster 0 - CLIENT] - INFO - Sent reply
2025-04-01 11:54:39 - [Cluster 0 - CLIENT] - INFO - [Store 922] Local training complete.
2025-04-01 11:54:39 - [Cluster 0 - CLIENT] - INFO - Sent reply
2025-04-01 11:54:40 - [Cluster 0 - CLIENT] - INFO - [Store 554] Local training complete.
2025-04-01 11:54:40 - [Cluster 0 - CLIENT] - INFO - Sent reply
2025-04-01 11:54:40 - [Cluster 0 - CLIENT] - INFO - [Store 1083] Local training complete.
2025-04-01 11:54:40 - [Cluster 0 - CLIENT] - INFO - Sent reply
2025-04-01 11:54:40 - [Cluster 0 - CLIENT] - INFO - [Store 200] Local training complete.
2025-04-01 11:54:40 - [Cluster 0 - CLIENT] - INFO - Sent reply
2025-04-01 11:54:40 - [Cluster 0 - CLIENT] - INFO - [Store 77] Local training complete.
2025-04-01 11:54:40 - [Cluster 0 - CLIENT] - INFO - [Store 440] Local training complete.
2025-04-01 11:54:40 - [Cluster 0 - CLIENT] - INFO - Sent reply
2025-04-01 11:54:40 - [Cluster 0 - CLIENT] - INFO - Sent reply
2025-04-01 11:54:41 - [Cluster 0 - CLIENT] - INFO - [Store 511] Local training complete.
2025-04-01 11:54:41 - [Cluster 0 - CLIENT] - INFO - [Store 74] Local training complete.
2025-04-01 11:54:41 - [Cluster 0 - CLIENT] - INFO - Sent reply
2025-04-01 11:54:41 - [Cluster 0 - CLIENT] - INFO - Sent reply
2025-04-01 11:54:41 - [Cluster 0 - CLIENT] - INFO - [Store 1099] Local training complete.
2025-04-01 11:54:41 - [Cluster 0 - CLIENT] - INFO - Sent reply
2025-04-01 11:54:42 - [Cluster 0 - CLIENT] - INFO - [Store 795] Local training complete.
2025-04-01 11:54:42 - [Cluster 0 - CLIENT] - INFO - Sent reply
2025-04-01 11:54:42 - [Cluster 0 - CLIENT] - INFO - [Store 886] Local training complete.
2025-04-01 11:54:42 - [Cluster 0 - CLIENT] - INFO - Sent reply
2025-04-01 11:54:43 - [Cluster 0 - CLIENT] - INFO - [Store 105] Local training complete.
2025-04-01 11:54:43 - [Cluster 0 - CLIENT] - INFO - Sent reply
2025-04-01 11:54:43 - [Cluster 0 - CLIENT] - INFO - [Store 718] Local training complete.
2025-04-01 11:54:43 - [Cluster 0 - CLIENT] - INFO - Sent reply
2025-04-01 11:54:43 - [Cluster 0 - CLIENT] - INFO - 
2025-04-01 11:54:43 - [Cluster 0 - CLIENT] - INFO - Received: evaluate message 7ebfed12-5836-427e-8251-ebbb6fd8cfb4
2025-04-01 11:54:43 - [Cluster 0 - CLIENT] - INFO - 
2025-04-01 11:54:43 - [Cluster 0 - CLIENT] - INFO - Received: evaluate message 8122f928-ecbe-4084-be1e-bff4acab6351
2025-04-01 11:54:43 - [Cluster 0 - CLIENT] - INFO - 
2025-04-01 11:54:43 - [Cluster 0 - CLIENT] - INFO - Received: evaluate message d19e4e8f-93c3-48f9-819b-4afc70288874
2025-04-01 11:54:43 - [Cluster 0 - CLIENT] - INFO - 
2025-04-01 11:54:43 - [Cluster 0 - CLIENT] - INFO - Received: evaluate message 21b1a2eb-c693-4b10-8ff7-aab734789875
2025-04-01 11:54:43 - [Cluster 0 - CLIENT] - INFO - 
2025-04-01 11:54:43 - [Cluster 0 - CLIENT] - INFO - Received: evaluate message ec3f9cad-3f77-44c1-8432-ac6eac1a3b1c
2025-04-01 11:54:43 - [Cluster 0 - CLIENT] - INFO - 
2025-04-01 11:54:43 - [Cluster 0 - CLIENT] - INFO - Received: evaluate message 54511afe-bc2e-4697-a744-da0668bf6d9e
2025-04-01 11:54:43 - [Cluster 0 - CLIENT] - INFO - 
2025-04-01 11:54:43 - [Cluster 0 - CLIENT] - INFO - Received: evaluate message 1a97514f-43e0-49fc-9bbb-e4c73651e9c6
2025-04-01 11:54:43 - [Cluster 0 - CLIENT] - INFO - 
2025-04-01 11:54:43 - [Cluster 0 - CLIENT] - INFO - Received: evaluate message b55085e5-c965-4717-9a38-0e3f33846879
2025-04-01 11:54:43 - [Cluster 0 - CLIENT] - INFO - 
2025-04-01 11:54:43 - [Cluster 0 - CLIENT] - INFO - Received: evaluate message d9683668-fbf2-445c-a91d-f947e5388842
2025-04-01 11:54:43 - [Cluster 0 - CLIENT] - INFO - 
2025-04-01 11:54:43 - [Cluster 0 - CLIENT] - INFO - Received: evaluate message 89db45a9-6a9e-470c-b8f1-95bef0293116
2025-04-01 11:54:43 - [Cluster 0 - CLIENT] - INFO - 
2025-04-01 11:54:43 - [Cluster 0 - CLIENT] - INFO - Received: evaluate message d424a040-6261-430d-ab4b-685e8cb83cf4
2025-04-01 11:54:43 - [Cluster 0 - CLIENT] - INFO - 
2025-04-01 11:54:43 - [Cluster 0 - CLIENT] - INFO - Received: evaluate message a612ad87-cdb0-4dbe-891c-acdaf7686cb4
2025-04-01 11:54:43 - [Cluster 0 - CLIENT] - INFO - 
2025-04-01 11:54:43 - [Cluster 0 - CLIENT] - INFO - Received: evaluate message 886d23e5-648c-40e9-9d32-a162d17b3726
2025-04-01 11:54:43 - [Cluster 0 - CLIENT] - INFO - 
2025-04-01 11:54:43 - [Cluster 0 - CLIENT] - INFO - Received: evaluate message bfc41010-a9c1-452f-8f13-a425844fe5e8
2025-04-01 11:54:43 - [Cluster 0 - CLIENT] - INFO - 
2025-04-01 11:54:43 - [Cluster 0 - CLIENT] - INFO - Received: evaluate message 54aa0738-6dec-4b18-9001-49bf6b268244
2025-04-01 11:54:45 - [Cluster 0 - CLIENT] - INFO - [Store 77] Evaluation - Loss: 0.2513, MAE: 0.3404
2025-04-01 11:54:45 - [Cluster 0 - CLIENT] - INFO - Sent reply
2025-04-01 11:54:45 - [Cluster 0 - CLIENT] - INFO - 
2025-04-01 11:54:45 - [Cluster 0 - CLIENT] - INFO - Received: evaluate message b1efe732-3bc8-4451-aace-b5ed3c289c35
2025-04-01 11:54:45 - [Cluster 0 - CLIENT] - INFO - [Store 105] Evaluation - Loss: 0.3373, MAE: 0.4267
2025-04-01 11:54:45 - [Cluster 0 - CLIENT] - INFO - [Store 795] Evaluation - Loss: 0.2935, MAE: 0.3891
2025-04-01 11:54:45 - [Cluster 0 - CLIENT] - INFO - Sent reply
2025-04-01 11:54:45 - [Cluster 0 - CLIENT] - INFO - Sent reply
2025-04-01 11:54:45 - [Cluster 0 - CLIENT] - INFO - 
2025-04-01 11:54:45 - [Cluster 0 - CLIENT] - INFO - Received: evaluate message eed78b8f-ebb8-455e-bcbb-51f0f173663a
2025-04-01 11:54:45 - [Cluster 0 - CLIENT] - INFO - 
2025-04-01 11:54:45 - [Cluster 0 - CLIENT] - INFO - Received: evaluate message 9866db93-5755-4276-a50a-fa4eac93b188
2025-04-01 11:54:45 - [Cluster 0 - CLIENT] - INFO - [Store 1083] Evaluation - Loss: 0.4076, MAE: 0.4613
2025-04-01 11:54:45 - [Cluster 0 - CLIENT] - INFO - Sent reply
2025-04-01 11:54:45 - [Cluster 0 - CLIENT] - INFO - 
2025-04-01 11:54:45 - [Cluster 0 - CLIENT] - INFO - Received: evaluate message 305717e8-0e06-4cf6-ae39-75e352db903a
2025-04-01 11:54:45 - [Cluster 0 - CLIENT] - INFO - [Store 857] Evaluation - Loss: 0.3766, MAE: 0.4225
2025-04-01 11:54:45 - [Cluster 0 - CLIENT] - INFO - [Store 305] Evaluation - Loss: 0.5041, MAE: 0.5338
2025-04-01 11:54:45 - [Cluster 0 - CLIENT] - INFO - Sent reply
2025-04-01 11:54:45 - [Cluster 0 - CLIENT] - INFO - Sent reply
2025-04-01 11:54:45 - [Cluster 0 - CLIENT] - INFO - 
2025-04-01 11:54:45 - [Cluster 0 - CLIENT] - INFO - Received: evaluate message cad3daa4-b710-4d09-a5b0-36466b5753be
2025-04-01 11:54:45 - [Cluster 0 - CLIENT] - INFO - [Store 511] Evaluation - Loss: 0.2897, MAE: 0.3200
2025-04-01 11:54:45 - [Cluster 0 - CLIENT] - INFO - Sent reply
2025-04-01 11:54:45 - [Cluster 0 - CLIENT] - INFO - 
2025-04-01 11:54:45 - [Cluster 0 - CLIENT] - INFO - Received: evaluate message 5961a6ac-7d95-4054-9efb-4b71998402bc
2025-04-01 11:54:45 - [Cluster 0 - CLIENT] - INFO - [Store 360] Evaluation - Loss: 0.2562, MAE: 0.3295
2025-04-01 11:54:45 - [Cluster 0 - CLIENT] - INFO - Sent reply
2025-04-01 11:54:45 - [Cluster 0 - CLIENT] - INFO - [Store 922] Evaluation - Loss: 0.2300, MAE: 0.3297
2025-04-01 11:54:45 - [Cluster 0 - CLIENT] - INFO - Sent reply
2025-04-01 11:54:45 - [Cluster 0 - CLIENT] - INFO - 
2025-04-01 11:54:45 - [Cluster 0 - CLIENT] - INFO - Received: evaluate message 3b092262-a5ca-4101-9028-9b46952e7e13
2025-04-01 11:54:45 - [Cluster 0 - CLIENT] - INFO - [Store 65] Evaluation - Loss: 0.2209, MAE: 0.3145
2025-04-01 11:54:45 - [Cluster 0 - CLIENT] - INFO - [Store 410] Evaluation - Loss: 0.2834, MAE: 0.3749
2025-04-01 11:54:45 - [Cluster 0 - CLIENT] - INFO - 
2025-04-01 11:54:45 - [Cluster 0 - CLIENT] - INFO - Received: evaluate message 8e6d49d1-21bd-401f-a7fc-5732e68067f8
2025-04-01 11:54:45 - [Cluster 0 - CLIENT] - INFO - Sent reply
2025-04-01 11:54:45 - [Cluster 0 - CLIENT] - INFO - Sent reply
2025-04-01 11:54:45 - [Cluster 0 - CLIENT] - INFO - [Store 260] Evaluation - Loss: 0.2590, MAE: 0.3023
2025-04-01 11:54:45 - [Cluster 0 - CLIENT] - INFO - [Store 1073] Evaluation - Loss: 1.0352, MAE: 0.7002
2025-04-01 11:54:45 - [Cluster 0 - CLIENT] - INFO - [Store 658] Evaluation - Loss: 0.1912, MAE: 0.2851
2025-04-01 11:54:45 - [Cluster 0 - CLIENT] - INFO - Sent reply
2025-04-01 11:54:45 - [Cluster 0 - CLIENT] - INFO - Sent reply
2025-04-01 11:54:45 - [Cluster 0 - CLIENT] - INFO - Sent reply
2025-04-01 11:54:45 - [Cluster 0 - CLIENT] - INFO - 
2025-04-01 11:54:45 - [Cluster 0 - CLIENT] - INFO - Received: evaluate message 4ed276d1-f5f3-403f-a5fd-f7f42eefc0b7
2025-04-01 11:54:45 - [Cluster 0 - CLIENT] - INFO - 
2025-04-01 11:54:45 - [Cluster 0 - CLIENT] - INFO - Received: evaluate message af7d606f-e655-437b-b941-a6f5c83cb2fb
2025-04-01 11:54:45 - [Cluster 0 - CLIENT] - INFO - 
2025-04-01 11:54:45 - [Cluster 0 - CLIENT] - INFO - Received: evaluate message a270fd44-bf75-499d-88f8-023cc69a711d
2025-04-01 11:54:45 - [Cluster 0 - CLIENT] - INFO - 
2025-04-01 11:54:45 - [Cluster 0 - CLIENT] - INFO - Received: evaluate message bcc79f49-a1c1-4b1c-87e6-0fa3f914baad
2025-04-01 11:54:45 - [Cluster 0 - CLIENT] - INFO - 
2025-04-01 11:54:45 - [Cluster 0 - CLIENT] - INFO - Received: evaluate message f5e65764-627d-435a-9936-112ff5e2a7d1
2025-04-01 11:54:45 - [Cluster 0 - CLIENT] - INFO - 
2025-04-01 11:54:45 - [Cluster 0 - CLIENT] - INFO - Received: evaluate message ff200d8d-c65a-406f-a2a6-678ecc657c46
2025-04-01 11:54:45 - [Cluster 0 - CLIENT] - INFO - [Store 254] Evaluation - Loss: 0.3241, MAE: 0.4121
2025-04-01 11:54:45 - [Cluster 0 - CLIENT] - INFO - Sent reply
2025-04-01 11:54:45 - [Cluster 0 - CLIENT] - INFO - 
2025-04-01 11:54:45 - [Cluster 0 - CLIENT] - INFO - Received: evaluate message a14ca07e-d8b7-4a55-9e16-28f248681e2a
2025-04-01 11:54:45 - [Cluster 0 - CLIENT] - INFO - [Store 718] Evaluation - Loss: 0.2028, MAE: 0.2701
2025-04-01 11:54:45 - [Cluster 0 - CLIENT] - INFO - Sent reply
2025-04-01 11:54:46 - [Cluster 0 - CLIENT] - INFO - [Store 628] Evaluation - Loss: 0.3269, MAE: 0.3559
2025-04-01 11:54:46 - [Cluster 0 - CLIENT] - INFO - Sent reply
2025-04-01 11:54:46 - [Cluster 0 - CLIENT] - INFO - [Store 886] Evaluation - Loss: 0.3075, MAE: 0.3766
2025-04-01 11:54:46 - [Cluster 0 - CLIENT] - INFO - Sent reply
2025-04-01 11:54:46 - [Cluster 0 - CLIENT] - INFO - [Store 55] Evaluation - Loss: 0.2979, MAE: 0.4141
2025-04-01 11:54:46 - [Cluster 0 - CLIENT] - INFO - [Store 201] Evaluation - Loss: 0.2837, MAE: 0.3589
2025-04-01 11:54:46 - [Cluster 0 - CLIENT] - INFO - Sent reply
2025-04-01 11:54:46 - [Cluster 0 - CLIENT] - INFO - Sent reply
2025-04-01 11:54:46 - [Cluster 0 - CLIENT] - INFO - [Store 1099] Evaluation - Loss: 0.3025, MAE: 0.3585
2025-04-01 11:54:46 - [Cluster 0 - CLIENT] - INFO - Sent reply
2025-04-01 11:54:46 - [Cluster 0 - CLIENT] - INFO - [Store 440] Evaluation - Loss: 0.3407, MAE: 0.3972
2025-04-01 11:54:46 - [Cluster 0 - CLIENT] - INFO - Sent reply
2025-04-01 11:54:46 - [Cluster 0 - CLIENT] - INFO - [Store 74] Evaluation - Loss: 0.2414, MAE: 0.2980
2025-04-01 11:54:46 - [Cluster 0 - CLIENT] - INFO - Sent reply
2025-04-01 11:54:46 - [Cluster 0 - CLIENT] - INFO - [Store 200] Evaluation - Loss: 0.2777, MAE: 0.3115
2025-04-01 11:54:46 - [Cluster 0 - CLIENT] - INFO - Sent reply
2025-04-01 11:54:46 - [Cluster 0 - CLIENT] - INFO - [Store 554] Evaluation - Loss: 0.5264, MAE: 0.5561
2025-04-01 11:54:46 - [Cluster 0 - CLIENT] - INFO - Sent reply
2025-04-01 11:54:46 - [Cluster 0 - CLIENT] - INFO - [Store 305] Evaluation - Loss: 0.5041, MAE: 0.5338
2025-04-01 11:54:46 - [Cluster 0 - CLIENT] - INFO - [Store 949] Evaluation - Loss: 0.2394, MAE: 0.3421
2025-04-01 11:54:46 - [Cluster 0 - CLIENT] - INFO - Sent reply
2025-04-01 11:54:46 - [Cluster 0 - CLIENT] - INFO - Sent reply
2025-04-01 11:54:46 - [Cluster 0 - CLIENT] - INFO - [Store 1042] Evaluation - Loss: 0.2791, MAE: 0.3401
2025-04-01 11:54:46 - [Cluster 0 - CLIENT] - INFO - Sent reply
2025-04-01 11:54:46 - [Cluster 0 - CLIENT] - INFO - [Store 47] Evaluation - Loss: 0.2684, MAE: 0.3261
2025-04-01 11:54:46 - [Cluster 0 - CLIENT] - INFO - Sent reply
2025-04-01 11:54:46 - [Cluster 0 - CLIENT] - INFO - [Store 730] Evaluation - Loss: 0.2099, MAE: 0.2857
2025-04-01 11:54:46 - [Cluster 0 - CLIENT] - INFO - Sent reply
2025-04-01 11:54:46 - [Cluster 0 - CLIENT] - INFO - 
2025-04-01 11:54:46 - [Cluster 0 - CLIENT] - INFO - Received: train message b6d2c827-838a-4787-ab21-cd92515f6eae
2025-04-01 11:54:46 - [Cluster 0 - CLIENT] - INFO - 
2025-04-01 11:54:46 - [Cluster 0 - CLIENT] - INFO - Received: train message 0ce9768d-f8ad-4cd9-8223-569940bc4559
2025-04-01 11:54:46 - [Cluster 0 - CLIENT] - INFO - 
2025-04-01 11:54:46 - [Cluster 0 - CLIENT] - INFO - Received: train message 778feb7c-2d20-4884-b4c3-9969474e6dbb
2025-04-01 11:54:46 - [Cluster 0 - CLIENT] - INFO - 
2025-04-01 11:54:46 - [Cluster 0 - CLIENT] - INFO - Received: train message 0a4e986f-8b11-4b9c-80cb-15b43c56d435
2025-04-01 11:54:46 - [Cluster 0 - CLIENT] - INFO - 
2025-04-01 11:54:46 - [Cluster 0 - CLIENT] - INFO - Received: train message 1da96425-9b56-4d9d-b6d8-ff835207ada9
2025-04-01 11:54:46 - [Cluster 0 - CLIENT] - INFO - [Store 718] Starting local training.
2025-04-01 11:54:46 - [Cluster 0 - CLIENT] - INFO - [Store 886] Starting local training.
2025-04-01 11:54:46 - [Cluster 0 - CLIENT] - INFO - 
2025-04-01 11:54:46 - [Cluster 0 - CLIENT] - INFO - Received: train message cc420a67-0aa7-4665-badb-a34f5c335375
2025-04-01 11:54:46 - [Cluster 0 - CLIENT] - INFO - [Store 47] Starting local training.
2025-04-01 11:54:46 - [Cluster 0 - CLIENT] - INFO - 
2025-04-01 11:54:46 - [Cluster 0 - CLIENT] - INFO - Received: train message d458c870-2ca1-416b-ac85-31e5e001ff30
2025-04-01 11:54:46 - [Cluster 0 - CLIENT] - INFO - [Store 628] Starting local training.
2025-04-01 11:54:46 - [Cluster 0 - CLIENT] - INFO - 
2025-04-01 11:54:46 - [Cluster 0 - CLIENT] - INFO - Received: train message 6ea93b3b-df13-4f96-b392-5c816b6f0956
2025-04-01 11:54:46 - [Cluster 0 - CLIENT] - INFO - [Store 55] Starting local training.
2025-04-01 11:54:46 - [Cluster 0 - CLIENT] - INFO - 
2025-04-01 11:54:46 - [Cluster 0 - CLIENT] - INFO - Received: train message 84bad00a-436e-4e06-951f-37bd0aa4cbc8
2025-04-01 11:54:46 - [Cluster 0 - CLIENT] - INFO - 
2025-04-01 11:54:46 - [Cluster 0 - CLIENT] - INFO - Received: train message 22773119-bdcd-4754-b22d-48048266334c
2025-04-01 11:54:46 - [Cluster 0 - CLIENT] - INFO - 
2025-04-01 11:54:46 - [Cluster 0 - CLIENT] - INFO - Received: train message 723b4802-ed01-4454-9aa7-d8cddca0e0e9
2025-04-01 11:54:46 - [Cluster 0 - CLIENT] - INFO - 
2025-04-01 11:54:46 - [Cluster 0 - CLIENT] - INFO - 
2025-04-01 11:54:46 - [Cluster 0 - CLIENT] - INFO - Received: train message 16ba2979-2296-4966-80a7-f17845215de5
2025-04-01 11:54:46 - [Cluster 0 - CLIENT] - INFO - Received: train message b4f32316-e4d3-4b67-8f4d-0a751a61478d
2025-04-01 11:54:46 - [Cluster 0 - CLIENT] - INFO - 
2025-04-01 11:54:46 - [Cluster 0 - CLIENT] - INFO - Received: train message 7132b88c-261c-4e20-af98-2ac7229acd99
2025-04-01 11:54:46 - [Cluster 0 - CLIENT] - INFO - [Store 360] Starting local training.
2025-04-01 11:54:46 - [Cluster 0 - CLIENT] - INFO - [Store 1042] Starting local training.
2025-04-01 11:54:46 - [Cluster 0 - CLIENT] - INFO - [Store 658] Starting local training.
2025-04-01 11:54:46 - [Cluster 0 - CLIENT] - INFO - [Store 305] Starting local training.
2025-04-01 11:54:46 - [Cluster 0 - CLIENT] - INFO - 
2025-04-01 11:54:46 - [Cluster 0 - CLIENT] - INFO - Received: train message 69e45d89-4e8e-4c8f-b5af-bd60676c75bc
2025-04-01 11:54:46 - [Cluster 0 - CLIENT] - INFO - [Store 857] Starting local training.
2025-04-01 11:54:46 - [Cluster 0 - CLIENT] - INFO - [Store 105] Starting local training.
2025-04-01 11:54:46 - [Cluster 0 - CLIENT] - INFO - [Store 201] Starting local training.
2025-04-01 11:54:46 - [Cluster 0 - CLIENT] - INFO - [Store 77] Starting local training.
2025-04-01 11:54:46 - [Cluster 0 - CLIENT] - INFO - [Store 730] Starting local training.
2025-04-01 11:54:46 - [Cluster 0 - CLIENT] - INFO - [Store 949] Starting local training.
2025-04-01 11:58:12 - [Cluster 0 - CLIENT] - INFO - [Store 628] Local training complete.
2025-04-01 11:58:12 - [Cluster 0 - CLIENT] - INFO - Sent reply
2025-04-01 11:58:12 - [Cluster 0 - CLIENT] - INFO - 
2025-04-01 11:58:12 - [Cluster 0 - CLIENT] - INFO - Received: train message 9a2e6077-b0e0-4e75-8460-fc5ca15c9173
2025-04-01 11:58:12 - [Cluster 0 - CLIENT] - INFO - [Store 410] Starting local training.
2025-04-01 11:58:14 - [Cluster 0 - CLIENT] - INFO - [Store 857] Local training complete.
2025-04-01 11:58:14 - [Cluster 0 - CLIENT] - INFO - [Store 718] Local training complete.
2025-04-01 11:58:14 - [Cluster 0 - CLIENT] - INFO - Sent reply
2025-04-01 11:58:14 - [Cluster 0 - CLIENT] - INFO - Sent reply
2025-04-01 11:58:14 - [Cluster 0 - CLIENT] - INFO - 
2025-04-01 11:58:14 - [Cluster 0 - CLIENT] - INFO - Received: train message 276be8c6-5bd3-45f3-8487-d040f5f3be67
2025-04-01 11:58:14 - [Cluster 0 - CLIENT] - INFO - 
2025-04-01 11:58:14 - [Cluster 0 - CLIENT] - INFO - Received: train message c25f0659-6442-459b-b894-ca00b4619ebb
2025-04-01 11:58:14 - [Cluster 0 - CLIENT] - INFO - [Store 260] Starting local training.
2025-04-01 11:58:14 - [Cluster 0 - CLIENT] - INFO - [Store 305] Starting local training.
2025-04-01 11:58:15 - [Cluster 0 - CLIENT] - INFO - [Store 47] Local training complete.
2025-04-01 11:58:15 - [Cluster 0 - CLIENT] - INFO - Sent reply
2025-04-01 11:58:15 - [Cluster 0 - CLIENT] - INFO - [Store 305] Local training complete.
2025-04-01 11:58:16 - [Cluster 0 - CLIENT] - INFO - 
2025-04-01 11:58:16 - [Cluster 0 - CLIENT] - INFO - Received: train message 2ed07135-3b6b-4e36-b0c9-347a637c8860
2025-04-01 11:58:16 - [Cluster 0 - CLIENT] - INFO - [Store 949] Local training complete.
2025-04-01 11:58:16 - [Cluster 0 - CLIENT] - INFO - Sent reply
2025-04-01 11:58:16 - [Cluster 0 - CLIENT] - INFO - Sent reply
2025-04-01 11:58:16 - [Cluster 0 - CLIENT] - INFO - 
2025-04-01 11:58:16 - [Cluster 0 - CLIENT] - INFO - Received: train message 8880de0c-1fde-4823-90a7-872d6f22a548
2025-04-01 11:58:16 - [Cluster 0 - CLIENT] - INFO - [Store 254] Starting local training.
2025-04-01 11:58:16 - [Cluster 0 - CLIENT] - INFO - 
2025-04-01 11:58:16 - [Cluster 0 - CLIENT] - INFO - Received: train message 58f456c5-4acc-43ed-9163-fc72f5f18e31
2025-04-01 11:58:16 - [Cluster 0 - CLIENT] - INFO - [Store 55] Local training complete.
2025-04-01 11:58:16 - [Cluster 0 - CLIENT] - INFO - [Store 1083] Starting local training.
2025-04-01 11:58:16 - [Cluster 0 - CLIENT] - INFO - Sent reply
2025-04-01 11:58:16 - [Cluster 0 - CLIENT] - INFO - [Store 201] Local training complete.
2025-04-01 11:58:16 - [Cluster 0 - CLIENT] - INFO - 
2025-04-01 11:58:16 - [Cluster 0 - CLIENT] - INFO - Received: train message 40cb0485-7c5f-4d68-8e44-ed288b2cf211
2025-04-01 11:58:16 - [Cluster 0 - CLIENT] - INFO - Sent reply
2025-04-01 11:58:16 - [Cluster 0 - CLIENT] - INFO - [Store 77] Local training complete.
2025-04-01 11:58:16 - [Cluster 0 - CLIENT] - INFO - [Store 200] Starting local training.
2025-04-01 11:58:16 - [Cluster 0 - CLIENT] - INFO - 
2025-04-01 11:58:16 - [Cluster 0 - CLIENT] - INFO - [Store 74] Starting local training.
2025-04-01 11:58:16 - [Cluster 0 - CLIENT] - INFO - Received: train message 9cd7c3c5-1986-42ea-97fc-792bd8fa3a7f
2025-04-01 11:58:16 - [Cluster 0 - CLIENT] - INFO - Sent reply
2025-04-01 11:58:16 - [Cluster 0 - CLIENT] - INFO - 
2025-04-01 11:58:16 - [Cluster 0 - CLIENT] - INFO - Received: train message a09a3eec-4640-4c66-9551-a41fd27db189
2025-04-01 11:58:16 - [Cluster 0 - CLIENT] - INFO - [Store 511] Starting local training.
2025-04-01 11:58:16 - [Cluster 0 - CLIENT] - INFO - [Store 1099] Starting local training.
2025-04-01 11:58:19 - [Cluster 0 - CLIENT] - INFO - [Store 360] Local training complete.
2025-04-01 11:58:20 - [Cluster 0 - CLIENT] - INFO - Sent reply
2025-04-01 11:58:20 - [Cluster 0 - CLIENT] - INFO - 
2025-04-01 11:58:20 - [Cluster 0 - CLIENT] - INFO - Received: train message eb914696-0808-41d9-8b7d-d31ea77ea48a
2025-04-01 11:58:20 - [Cluster 0 - CLIENT] - INFO - [Store 554] Starting local training.
2025-04-01 11:58:23 - [Cluster 0 - CLIENT] - INFO - [Store 730] Local training complete.
2025-04-01 11:58:23 - [Cluster 0 - CLIENT] - INFO - Sent reply
2025-04-01 11:58:23 - [Cluster 0 - CLIENT] - INFO - 
2025-04-01 11:58:23 - [Cluster 0 - CLIENT] - INFO - Received: train message eacc3986-d270-4d04-91d2-7279950da97d
2025-04-01 11:58:23 - [Cluster 0 - CLIENT] - INFO - [Store 922] Starting local training.
2025-04-01 11:58:24 - [Cluster 0 - CLIENT] - INFO - [Store 1042] Local training complete.
2025-04-01 11:58:25 - [Cluster 0 - CLIENT] - INFO - Sent reply
2025-04-01 11:58:25 - [Cluster 0 - CLIENT] - INFO - 
2025-04-01 11:58:25 - [Cluster 0 - CLIENT] - INFO - Received: train message 233f7584-8023-4b46-a485-c325f3b7cc5c
2025-04-01 11:58:25 - [Cluster 0 - CLIENT] - INFO - [Store 1073] Starting local training.
2025-04-01 11:58:41 - [Cluster 0 - CLIENT] - INFO - [Store 886] Local training complete.
2025-04-01 11:58:41 - [Cluster 0 - CLIENT] - INFO - Sent reply
2025-04-01 11:58:41 - [Cluster 0 - CLIENT] - INFO - 
2025-04-01 11:58:41 - [Cluster 0 - CLIENT] - INFO - Received: train message dc676636-a76d-4f62-acf6-88fb2c923139
2025-04-01 11:58:41 - [Cluster 0 - CLIENT] - INFO - [Store 440] Starting local training.
2025-04-01 11:58:43 - [Cluster 0 - CLIENT] - INFO - [Store 105] Local training complete.
2025-04-01 11:58:43 - [Cluster 0 - CLIENT] - INFO - Sent reply
2025-04-01 11:58:43 - [Cluster 0 - CLIENT] - INFO - 
2025-04-01 11:58:43 - [Cluster 0 - CLIENT] - INFO - Received: train message 54e4c1e3-417c-4dfb-9211-da761ead56f5
2025-04-01 11:58:43 - [Cluster 0 - CLIENT] - INFO - [Store 65] Starting local training.
2025-04-01 11:58:49 - [Cluster 0 - CLIENT] - INFO - [Store 658] Local training complete.
2025-04-01 11:58:49 - [Cluster 0 - CLIENT] - INFO - Sent reply
2025-04-01 11:58:49 - [Cluster 0 - CLIENT] - INFO - 
2025-04-01 11:58:49 - [Cluster 0 - CLIENT] - INFO - Received: train message 93cf6325-6b25-4205-9a1b-ea4d38b874a3
2025-04-01 11:58:49 - [Cluster 0 - CLIENT] - INFO - [Store 795] Starting local training.
2025-04-01 12:01:42 - [Cluster 0 - CLIENT] - INFO - [Store 410] Local training complete.
2025-04-01 12:01:42 - [Cluster 0 - CLIENT] - INFO - Sent reply
2025-04-01 12:01:42 - [Cluster 0 - CLIENT] - INFO - [Store 74] Local training complete.
2025-04-01 12:01:42 - [Cluster 0 - CLIENT] - INFO - Sent reply
2025-04-01 12:01:42 - [Cluster 0 - CLIENT] - INFO - [Store 305] Local training complete.
2025-04-01 12:01:43 - [Cluster 0 - CLIENT] - INFO - Sent reply
2025-04-01 12:01:44 - [Cluster 0 - CLIENT] - INFO - [Store 200] Local training complete.
2025-04-01 12:01:44 - [Cluster 0 - CLIENT] - INFO - Sent reply
2025-04-01 12:01:44 - [Cluster 0 - CLIENT] - INFO - [Store 260] Local training complete.
2025-04-01 12:01:44 - [Cluster 0 - CLIENT] - INFO - Sent reply
2025-04-01 12:01:45 - [Cluster 0 - CLIENT] - INFO - [Store 254] Local training complete.
2025-04-01 12:01:45 - [Cluster 0 - CLIENT] - INFO - Sent reply
2025-04-01 12:01:46 - [Cluster 0 - CLIENT] - INFO - [Store 1099] Local training complete.
2025-04-01 12:01:46 - [Cluster 0 - CLIENT] - INFO - Sent reply
2025-04-01 12:01:46 - [Cluster 0 - CLIENT] - INFO - [Store 511] Local training complete.
2025-04-01 12:01:46 - [Cluster 0 - CLIENT] - INFO - Sent reply
2025-04-01 12:01:46 - [Cluster 0 - CLIENT] - INFO - [Store 554] Local training complete.
2025-04-01 12:01:46 - [Cluster 0 - CLIENT] - INFO - Sent reply
2025-04-01 12:01:46 - [Cluster 0 - CLIENT] - INFO - [Store 1083] Local training complete.
2025-04-01 12:01:46 - [Cluster 0 - CLIENT] - INFO - Sent reply
2025-04-01 12:01:47 - [Cluster 0 - CLIENT] - INFO - [Store 922] Local training complete.
2025-04-01 12:01:47 - [Cluster 0 - CLIENT] - INFO - Sent reply
2025-04-01 12:01:47 - [Cluster 0 - CLIENT] - INFO - [Store 1073] Local training complete.
2025-04-01 12:01:47 - [Cluster 0 - CLIENT] - INFO - Sent reply
2025-04-01 12:01:49 - [Cluster 0 - CLIENT] - INFO - [Store 440] Local training complete.
2025-04-01 12:01:49 - [Cluster 0 - CLIENT] - INFO - Sent reply
2025-04-01 12:01:50 - [Cluster 0 - CLIENT] - INFO - [Store 65] Local training complete.
2025-04-01 12:01:50 - [Cluster 0 - CLIENT] - INFO - Sent reply
2025-04-01 12:01:50 - [Cluster 0 - CLIENT] - INFO - [Store 795] Local training complete.
2025-04-01 12:01:50 - [Cluster 0 - CLIENT] - INFO - Sent reply
2025-04-01 12:01:50 - [Cluster 0 - CLIENT] - INFO - 
2025-04-01 12:01:50 - [Cluster 0 - CLIENT] - INFO - Received: evaluate message acc73861-e4e8-432b-8a39-85dd9e56d59a
2025-04-01 12:01:50 - [Cluster 0 - CLIENT] - INFO - 
2025-04-01 12:01:50 - [Cluster 0 - CLIENT] - INFO - Received: evaluate message ae1c089a-4dc2-44c7-8f01-514c985004f4
2025-04-01 12:01:50 - [Cluster 0 - CLIENT] - INFO - 
2025-04-01 12:01:50 - [Cluster 0 - CLIENT] - INFO - Received: evaluate message 53ccb62b-083d-4419-a205-4aaf3fe7240e
2025-04-01 12:01:50 - [Cluster 0 - CLIENT] - INFO - 
2025-04-01 12:01:50 - [Cluster 0 - CLIENT] - INFO - Received: evaluate message e67a8303-865f-4012-9bde-58ce6ba2ed6b
2025-04-01 12:01:50 - [Cluster 0 - CLIENT] - INFO - 
2025-04-01 12:01:50 - [Cluster 0 - CLIENT] - INFO - Received: evaluate message b744b5d5-6cb1-4ce8-9c0a-65554466e5b6
2025-04-01 12:01:50 - [Cluster 0 - CLIENT] - INFO - 
2025-04-01 12:01:50 - [Cluster 0 - CLIENT] - INFO - Received: evaluate message d95b6868-b210-4568-91b4-cf0d7a89fdfd
2025-04-01 12:01:50 - [Cluster 0 - CLIENT] - INFO - 
2025-04-01 12:01:50 - [Cluster 0 - CLIENT] - INFO - Received: evaluate message 7112abe8-34f6-403d-8228-822d53d58a46
2025-04-01 12:01:50 - [Cluster 0 - CLIENT] - INFO - 
2025-04-01 12:01:50 - [Cluster 0 - CLIENT] - INFO - Received: evaluate message 59d82845-3c52-4458-af1e-dc3128a7d57d
2025-04-01 12:01:50 - [Cluster 0 - CLIENT] - INFO - 
2025-04-01 12:01:50 - [Cluster 0 - CLIENT] - INFO - Received: evaluate message fb809ef4-e456-4360-b504-27e0ffbb9e07
2025-04-01 12:01:50 - [Cluster 0 - CLIENT] - INFO - 
2025-04-01 12:01:50 - [Cluster 0 - CLIENT] - INFO - Received: evaluate message 8581a750-813c-40a8-8f14-7ca6d76101d0
2025-04-01 12:01:50 - [Cluster 0 - CLIENT] - INFO - 
2025-04-01 12:01:50 - [Cluster 0 - CLIENT] - INFO - Received: evaluate message 5cb6783a-3fe4-4a63-a25c-1984aa07d064
2025-04-01 12:01:50 - [Cluster 0 - CLIENT] - INFO - 
2025-04-01 12:01:50 - [Cluster 0 - CLIENT] - INFO - Received: evaluate message 2f3e290b-cd18-4af2-afc5-78ad07b0b944
2025-04-01 12:01:50 - [Cluster 0 - CLIENT] - INFO - 
2025-04-01 12:01:50 - [Cluster 0 - CLIENT] - INFO - Received: evaluate message 5f86c4e4-c53a-487e-82a1-1b9a3ae032c6
2025-04-01 12:01:50 - [Cluster 0 - CLIENT] - INFO - 
2025-04-01 12:01:50 - [Cluster 0 - CLIENT] - INFO - Received: evaluate message 4c56c8b6-b483-4dfb-aa14-71dd138f7fdb
2025-04-01 12:01:50 - [Cluster 0 - CLIENT] - INFO - 
2025-04-01 12:01:50 - [Cluster 0 - CLIENT] - INFO - Received: evaluate message 9ba5254f-bec6-4853-beea-48f26163574f
2025-04-01 12:01:51 - [Cluster 0 - CLIENT] - INFO - [Store 1099] Evaluation - Loss: 0.2974, MAE: 0.3584
2025-04-01 12:01:51 - [Cluster 0 - CLIENT] - INFO - Sent reply
2025-04-01 12:01:51 - [Cluster 0 - CLIENT] - INFO - 
2025-04-01 12:01:51 - [Cluster 0 - CLIENT] - INFO - Received: evaluate message e3ed29ac-8a52-4418-b273-f7d2d2778c40
2025-04-01 12:01:51 - [Cluster 0 - CLIENT] - INFO - [Store 410] Evaluation - Loss: 0.2877, MAE: 0.3820
2025-04-01 12:01:51 - [Cluster 0 - CLIENT] - INFO - [Store 922] Evaluation - Loss: 0.2334, MAE: 0.3412
2025-04-01 12:01:51 - [Cluster 0 - CLIENT] - INFO - Sent reply
2025-04-01 12:01:51 - [Cluster 0 - CLIENT] - INFO - Sent reply
2025-04-01 12:01:51 - [Cluster 0 - CLIENT] - INFO - [Store 1073] Evaluation - Loss: 1.0788, MAE: 0.7171
2025-04-01 12:01:51 - [Cluster 0 - CLIENT] - INFO - 
2025-04-01 12:01:51 - [Cluster 0 - CLIENT] - INFO - Received: evaluate message f25a47be-18bd-4cfe-afee-d542b4327f3c
2025-04-01 12:01:51 - [Cluster 0 - CLIENT] - INFO - Sent reply
2025-04-01 12:01:51 - [Cluster 0 - CLIENT] - INFO - 
2025-04-01 12:01:51 - [Cluster 0 - CLIENT] - INFO - Received: evaluate message e2015296-d779-48b8-8510-7a1c308bc583
2025-04-01 12:01:51 - [Cluster 0 - CLIENT] - INFO - [Store 795] Evaluation - Loss: 0.2937, MAE: 0.3945
2025-04-01 12:01:51 - [Cluster 0 - CLIENT] - INFO - Sent reply
2025-04-01 12:01:51 - [Cluster 0 - CLIENT] - INFO - 
2025-04-01 12:01:51 - [Cluster 0 - CLIENT] - INFO - Received: evaluate message 9b8ae546-9ed0-45f5-b283-bf7a7d3b469b
2025-04-01 12:01:51 - [Cluster 0 - CLIENT] - INFO - 
2025-04-01 12:01:51 - [Cluster 0 - CLIENT] - INFO - Received: evaluate message 67f96d93-61c4-4a33-b93d-35171e4f81ea
2025-04-01 12:01:51 - [Cluster 0 - CLIENT] - INFO - [Store 658] Evaluation - Loss: 0.1972, MAE: 0.2978
2025-04-01 12:01:51 - [Cluster 0 - CLIENT] - INFO - Sent reply
2025-04-01 12:01:51 - [Cluster 0 - CLIENT] - INFO - [Store 74] Evaluation - Loss: 0.2477, MAE: 0.3075
2025-04-01 12:01:51 - [Cluster 0 - CLIENT] - INFO - Sent reply
2025-04-01 12:01:51 - [Cluster 0 - CLIENT] - INFO - [Store 440] Evaluation - Loss: 0.3451, MAE: 0.4097
2025-04-01 12:01:51 - [Cluster 0 - CLIENT] - INFO - Sent reply
2025-04-01 12:01:51 - [Cluster 0 - CLIENT] - INFO - 
2025-04-01 12:01:51 - [Cluster 0 - CLIENT] - INFO - Received: evaluate message 7101d6cb-950e-45b6-aa7b-b09b41b0324b
2025-04-01 12:01:51 - [Cluster 0 - CLIENT] - INFO - 
2025-04-01 12:01:51 - [Cluster 0 - CLIENT] - INFO - Received: evaluate message cadcdee5-1430-4817-8682-cdc11c692152
2025-04-01 12:01:51 - [Cluster 0 - CLIENT] - INFO - [Store 254] Evaluation - Loss: 0.3233, MAE: 0.4193
2025-04-01 12:01:51 - [Cluster 0 - CLIENT] - INFO - Sent reply
2025-04-01 12:01:51 - [Cluster 0 - CLIENT] - INFO - [Store 360] Evaluation - Loss: 0.2563, MAE: 0.3351
2025-04-01 12:01:51 - [Cluster 0 - CLIENT] - INFO - Sent reply
2025-04-01 12:01:51 - [Cluster 0 - CLIENT] - INFO - 
2025-04-01 12:01:51 - [Cluster 0 - CLIENT] - INFO - Received: evaluate message bfd8400c-7bd6-4bda-a35b-fced671e0350
2025-04-01 12:01:51 - [Cluster 0 - CLIENT] - INFO - [Store 718] Evaluation - Loss: 0.2040, MAE: 0.2762
2025-04-01 12:01:51 - [Cluster 0 - CLIENT] - INFO - Sent reply
2025-04-01 12:01:52 - [Cluster 0 - CLIENT] - INFO - [Store 305] Evaluation - Loss: 0.4963, MAE: 0.5342
2025-04-01 12:01:52 - [Cluster 0 - CLIENT] - INFO - [Store 47] Evaluation - Loss: 0.2740, MAE: 0.3381
2025-04-01 12:01:52 - [Cluster 0 - CLIENT] - INFO - Sent reply
2025-04-01 12:01:52 - [Cluster 0 - CLIENT] - INFO - 
2025-04-01 12:01:52 - [Cluster 0 - CLIENT] - INFO - Received: evaluate message f2e955f5-9c94-415d-a8be-cb7d4007a17c
2025-04-01 12:01:52 - [Cluster 0 - CLIENT] - INFO - Sent reply
2025-04-01 12:01:52 - [Cluster 0 - CLIENT] - INFO - 
2025-04-01 12:01:52 - [Cluster 0 - CLIENT] - INFO - Received: evaluate message e23ca7d7-50cc-4edf-aed9-17515cb9b293
2025-04-01 12:01:52 - [Cluster 0 - CLIENT] - INFO - [Store 886] Evaluation - Loss: 0.3082, MAE: 0.3801
2025-04-01 12:01:52 - [Cluster 0 - CLIENT] - INFO - Sent reply
2025-04-01 12:01:52 - [Cluster 0 - CLIENT] - INFO - 
2025-04-01 12:01:52 - [Cluster 0 - CLIENT] - INFO - Received: evaluate message 3ae8d901-22b5-4947-8a9e-811f2e9582b9
2025-04-01 12:01:52 - [Cluster 0 - CLIENT] - INFO - [Store 857] Evaluation - Loss: 0.3751, MAE: 0.4228
2025-04-01 12:01:52 - [Cluster 0 - CLIENT] - INFO - Sent reply
2025-04-01 12:01:52 - [Cluster 0 - CLIENT] - INFO - 
2025-04-01 12:01:52 - [Cluster 0 - CLIENT] - INFO - Received: evaluate message bdb38b83-1aee-43a9-861f-736481567868
2025-04-01 12:01:52 - [Cluster 0 - CLIENT] - INFO - 
2025-04-01 12:01:52 - [Cluster 0 - CLIENT] - INFO - Received: evaluate message f7987c91-21f3-438c-9f6f-3c5689e89d36
2025-04-01 12:01:52 - [Cluster 0 - CLIENT] - INFO - 
2025-04-01 12:01:52 - [Cluster 0 - CLIENT] - INFO - Received: evaluate message 5ad01b2e-60f6-45b1-afe5-18a8fcd923c3
2025-04-01 12:01:52 - [Cluster 0 - CLIENT] - INFO - 
2025-04-01 12:01:52 - [Cluster 0 - CLIENT] - INFO - Received: evaluate message 8b919af6-1a82-488d-a61e-bb2b1d769751
2025-04-01 12:01:52 - [Cluster 0 - CLIENT] - INFO - [Store 554] Evaluation - Loss: 0.5256, MAE: 0.5566
2025-04-01 12:01:52 - [Cluster 0 - CLIENT] - INFO - Sent reply
2025-04-01 12:01:52 - [Cluster 0 - CLIENT] - INFO - [Store 305] Evaluation - Loss: 0.4963, MAE: 0.5342
2025-04-01 12:01:52 - [Cluster 0 - CLIENT] - INFO - Sent reply
2025-04-01 12:01:52 - [Cluster 0 - CLIENT] - INFO - [Store 77] Evaluation - Loss: 0.2512, MAE: 0.3472
2025-04-01 12:01:52 - [Cluster 0 - CLIENT] - INFO - Sent reply
2025-04-01 12:01:52 - [Cluster 0 - CLIENT] - INFO - [Store 628] Evaluation - Loss: 0.3276, MAE: 0.3643
2025-04-01 12:01:52 - [Cluster 0 - CLIENT] - INFO - Sent reply
2025-04-01 12:01:52 - [Cluster 0 - CLIENT] - INFO - [Store 200] Evaluation - Loss: 0.2851, MAE: 0.3309
2025-04-01 12:01:52 - [Cluster 0 - CLIENT] - INFO - Sent reply
2025-04-01 12:01:52 - [Cluster 0 - CLIENT] - INFO - [Store 511] Evaluation - Loss: 0.2975, MAE: 0.3393
2025-04-01 12:01:52 - [Cluster 0 - CLIENT] - INFO - Sent reply
2025-04-01 12:01:52 - [Cluster 0 - CLIENT] - INFO - [Store 55] Evaluation - Loss: 0.2950, MAE: 0.4162
2025-04-01 12:01:52 - [Cluster 0 - CLIENT] - INFO - [Store 65] Evaluation - Loss: 0.2187, MAE: 0.3163
2025-04-01 12:01:52 - [Cluster 0 - CLIENT] - INFO - Sent reply
2025-04-01 12:01:52 - [Cluster 0 - CLIENT] - INFO - Sent reply
2025-04-01 12:01:53 - [Cluster 0 - CLIENT] - INFO - [Store 260] Evaluation - Loss: 0.2609, MAE: 0.3149
2025-04-01 12:01:53 - [Cluster 0 - CLIENT] - INFO - Sent reply
2025-04-01 12:01:53 - [Cluster 0 - CLIENT] - INFO - [Store 105] Evaluation - Loss: 0.3335, MAE: 0.4282
2025-04-01 12:01:53 - [Cluster 0 - CLIENT] - INFO - Sent reply
2025-04-01 12:01:53 - [Cluster 0 - CLIENT] - INFO - [Store 1042] Evaluation - Loss: 0.2881, MAE: 0.3534
2025-04-01 12:01:53 - [Cluster 0 - CLIENT] - INFO - Sent reply
2025-04-01 12:01:53 - [Cluster 0 - CLIENT] - INFO - [Store 730] Evaluation - Loss: 0.2194, MAE: 0.3092
2025-04-01 12:01:53 - [Cluster 0 - CLIENT] - INFO - Sent reply
2025-04-01 12:01:53 - [Cluster 0 - CLIENT] - INFO - [Store 1083] Evaluation - Loss: 0.4155, MAE: 0.4752
2025-04-01 12:01:53 - [Cluster 0 - CLIENT] - INFO - Sent reply
2025-04-01 12:01:53 - [Cluster 0 - CLIENT] - INFO - [Store 949] Evaluation - Loss: 0.2328, MAE: 0.3450
2025-04-01 12:01:53 - [Cluster 0 - CLIENT] - INFO - [Store 201] Evaluation - Loss: 0.2925, MAE: 0.3706
2025-04-01 12:01:53 - [Cluster 0 - CLIENT] - INFO - Sent reply
2025-04-01 12:01:53 - [Cluster 0 - CLIENT] - INFO - Sent reply
2025-04-01 12:01:53 - [Cluster 0 - CLIENT] - INFO - 
2025-04-01 12:01:53 - [Cluster 0 - CLIENT] - INFO - Received: train message 30511970-4449-4f88-876a-fcde9da1ac35
2025-04-01 12:01:53 - [Cluster 0 - CLIENT] - INFO - 
2025-04-01 12:01:53 - [Cluster 0 - CLIENT] - INFO - Received: train message c072d4cb-2289-4674-a134-8cd812253c0c
2025-04-01 12:01:53 - [Cluster 0 - CLIENT] - INFO - 
2025-04-01 12:01:53 - [Cluster 0 - CLIENT] - INFO - Received: train message bf02cf75-3e10-4c64-a9a1-b46ed7fc6f65
2025-04-01 12:01:53 - [Cluster 0 - CLIENT] - INFO - 
2025-04-01 12:01:53 - [Cluster 0 - CLIENT] - INFO - Received: train message b24d1094-405b-465c-a3e9-0917c1c92301
2025-04-01 12:01:53 - [Cluster 0 - CLIENT] - INFO - [Store 47] Starting local training.
2025-04-01 12:01:53 - [Cluster 0 - CLIENT] - INFO - 
2025-04-01 12:01:53 - [Cluster 0 - CLIENT] - INFO - Received: train message 1461182b-623d-407d-b4b8-65b015f22a8e
2025-04-01 12:01:53 - [Cluster 0 - CLIENT] - INFO - 
2025-04-01 12:01:53 - [Cluster 0 - CLIENT] - INFO - Received: train message 5da464b3-c068-430a-9682-f0f999f34bd1
2025-04-01 12:01:53 - [Cluster 0 - CLIENT] - INFO - 
2025-04-01 12:01:53 - [Cluster 0 - CLIENT] - INFO - Received: train message a3e8e711-3b8b-4687-b52d-85640d68444f
2025-04-01 12:01:53 - [Cluster 0 - CLIENT] - INFO - 
2025-04-01 12:01:53 - [Cluster 0 - CLIENT] - INFO - Received: train message 04d44c5d-1a74-4882-a976-16344662d83a
2025-04-01 12:01:53 - [Cluster 0 - CLIENT] - INFO - 
2025-04-01 12:01:53 - [Cluster 0 - CLIENT] - INFO - [Store 74] Starting local training.
2025-04-01 12:01:53 - [Cluster 0 - CLIENT] - INFO - Received: train message 2a77a051-6631-4f15-9ddf-7e672ae7fde1
2025-04-01 12:01:53 - [Cluster 0 - CLIENT] - INFO - [Store 922] Starting local training.
2025-04-01 12:01:53 - [Cluster 0 - CLIENT] - INFO - 
2025-04-01 12:01:53 - [Cluster 0 - CLIENT] - INFO - Received: train message eef46c57-9a93-4c31-aa02-db45c1fc456e
2025-04-01 12:01:53 - [Cluster 0 - CLIENT] - INFO - 
2025-04-01 12:01:53 - [Cluster 0 - CLIENT] - INFO - Received: train message df2f41f7-693f-4716-9a7b-c8248593acb5
2025-04-01 12:01:53 - [Cluster 0 - CLIENT] - INFO - 
2025-04-01 12:01:53 - [Cluster 0 - CLIENT] - INFO - Received: train message fbbd5fc9-6331-4646-8034-1fb1a7f34256
2025-04-01 12:01:53 - [Cluster 0 - CLIENT] - INFO - [Store 305] Starting local training.
2025-04-01 12:01:53 - [Cluster 0 - CLIENT] - INFO - [Store 1073] Starting local training.
2025-04-01 12:01:53 - [Cluster 0 - CLIENT] - INFO - [Store 77] Starting local training.
2025-04-01 12:01:53 - [Cluster 0 - CLIENT] - INFO - [Store 857] Starting local training.
2025-04-01 12:01:53 - [Cluster 0 - CLIENT] - INFO - 
2025-04-01 12:01:53 - [Cluster 0 - CLIENT] - INFO - Received: train message 7011b260-465d-4a67-8a79-996c883780a5
2025-04-01 12:01:53 - [Cluster 0 - CLIENT] - INFO - 
2025-04-01 12:01:53 - [Cluster 0 - CLIENT] - INFO - Received: train message 264b94d1-89fc-4419-8b2e-37666aa2fdd3
2025-04-01 12:01:53 - [Cluster 0 - CLIENT] - INFO - 
2025-04-01 12:01:53 - [Cluster 0 - CLIENT] - INFO - Received: train message 0cc6d0d3-fe9e-4418-b549-8c61666cf263
2025-04-01 12:01:53 - [Cluster 0 - CLIENT] - INFO - [Store 360] Starting local training.
2025-04-01 12:01:53 - [Cluster 0 - CLIENT] - INFO - [Store 305] Starting local training.
2025-04-01 12:01:53 - [Cluster 0 - CLIENT] - INFO - [Store 1042] Starting local training.
2025-04-01 12:01:53 - [Cluster 0 - CLIENT] - INFO - [Store 200] Starting local training.
2025-04-01 12:01:53 - [Cluster 0 - CLIENT] - INFO - [Store 201] Starting local training.
2025-04-01 12:01:53 - [Cluster 0 - CLIENT] - INFO - [Store 105] Starting local training.
2025-04-01 12:01:53 - [Cluster 0 - CLIENT] - INFO - [Store 260] Starting local training.
2025-04-01 12:01:53 - [Cluster 0 - CLIENT] - INFO - [Store 410] Starting local training.
2025-04-01 12:05:19 - [Cluster 0 - CLIENT] - INFO - [Store 47] Local training complete.
2025-04-01 12:05:19 - [Cluster 0 - CLIENT] - INFO - Sent reply
2025-04-01 12:05:19 - [Cluster 0 - CLIENT] - INFO - 
2025-04-01 12:05:19 - [Cluster 0 - CLIENT] - INFO - Received: train message 2e39399e-2cc0-440d-888b-1f2ee95b860a
2025-04-01 12:05:19 - [Cluster 0 - CLIENT] - INFO - [Store 511] Starting local training.
2025-04-01 12:05:22 - [Cluster 0 - CLIENT] - INFO - [Store 260] Local training complete.
2025-04-01 12:05:22 - [Cluster 0 - CLIENT] - INFO - [Store 857] Local training complete.
2025-04-01 12:05:22 - [Cluster 0 - CLIENT] - INFO - Sent reply
2025-04-01 12:05:22 - [Cluster 0 - CLIENT] - INFO - Sent reply
2025-04-01 12:05:22 - [Cluster 0 - CLIENT] - INFO - 
2025-04-01 12:05:22 - [Cluster 0 - CLIENT] - INFO - Received: train message 74c48a8d-aade-421d-a720-b5066fc0ad61
2025-04-01 12:05:22 - [Cluster 0 - CLIENT] - INFO - 
2025-04-01 12:05:22 - [Cluster 0 - CLIENT] - INFO - Received: train message cd763d5e-bd3d-4d62-a727-87a2f91945bc
2025-04-01 12:05:22 - [Cluster 0 - CLIENT] - INFO - [Store 554] Starting local training.
2025-04-01 12:05:22 - [Cluster 0 - CLIENT] - INFO - [Store 628] Starting local training.
2025-04-01 12:05:23 - [Cluster 0 - CLIENT] - INFO - [Store 305] Local training complete.
2025-04-01 12:05:23 - [Cluster 0 - CLIENT] - INFO - [Store 410] Local training complete.
2025-04-01 12:05:23 - [Cluster 0 - CLIENT] - INFO - Sent reply
2025-04-01 12:05:23 - [Cluster 0 - CLIENT] - INFO - Sent reply
2025-04-01 12:05:23 - [Cluster 0 - CLIENT] - INFO - 
2025-04-01 12:05:23 - [Cluster 0 - CLIENT] - INFO - Received: train message 6d6b126c-3341-4628-a18d-bedd941069cf
2025-04-01 12:05:23 - [Cluster 0 - CLIENT] - INFO - 
2025-04-01 12:05:23 - [Cluster 0 - CLIENT] - INFO - Received: train message f7482bba-3679-4e93-b880-5e9225a00ceb
2025-04-01 12:05:23 - [Cluster 0 - CLIENT] - INFO - [Store 795] Starting local training.
2025-04-01 12:05:23 - [Cluster 0 - CLIENT] - INFO - [Store 922] Local training complete.
2025-04-01 12:05:23 - [Cluster 0 - CLIENT] - INFO - Sent reply
2025-04-01 12:05:23 - [Cluster 0 - CLIENT] - INFO - 
2025-04-01 12:05:23 - [Cluster 0 - CLIENT] - INFO - Received: train message 188fb60a-3661-4ae6-ab2a-940f135b7a7c
2025-04-01 12:05:23 - [Cluster 0 - CLIENT] - INFO - [Store 718] Starting local training.
2025-04-01 12:05:23 - [Cluster 0 - CLIENT] - INFO - [Store 305] Local training complete.
2025-04-01 12:05:23 - [Cluster 0 - CLIENT] - INFO - [Store 74] Local training complete.
2025-04-01 12:05:23 - [Cluster 0 - CLIENT] - INFO - Sent reply
2025-04-01 12:05:23 - [Cluster 0 - CLIENT] - INFO - Sent reply
2025-04-01 12:05:23 - [Cluster 0 - CLIENT] - INFO - 
2025-04-01 12:05:23 - [Cluster 0 - CLIENT] - INFO - Received: train message 03384705-d43b-4d4f-aa02-3eef54b8d244
2025-04-01 12:05:23 - [Cluster 0 - CLIENT] - INFO - 
2025-04-01 12:05:23 - [Cluster 0 - CLIENT] - INFO - Received: train message a6bcad99-17eb-4dc4-b03a-7608e8e5e68a
2025-04-01 12:05:23 - [Cluster 0 - CLIENT] - INFO - [Store 55] Starting local training.
2025-04-01 12:05:23 - [Cluster 0 - CLIENT] - INFO - [Store 1099] Starting local training.
2025-04-01 12:05:23 - [Cluster 0 - CLIENT] - INFO - [Store 730] Starting local training.
2025-04-01 12:05:25 - [Cluster 0 - CLIENT] - INFO - [Store 200] Local training complete.
2025-04-01 12:05:25 - [Cluster 0 - CLIENT] - INFO - Sent reply
2025-04-01 12:05:25 - [Cluster 0 - CLIENT] - INFO - 
2025-04-01 12:05:25 - [Cluster 0 - CLIENT] - INFO - Received: train message d1581b7b-c530-4bb4-8152-a25cf9e8ab7f
2025-04-01 12:05:25 - [Cluster 0 - CLIENT] - INFO - [Store 254] Starting local training.
2025-04-01 12:05:25 - [Cluster 0 - CLIENT] - INFO - [Store 201] Local training complete.
2025-04-01 12:05:25 - [Cluster 0 - CLIENT] - INFO - [Store 105] Local training complete.
2025-04-01 12:05:25 - [Cluster 0 - CLIENT] - INFO - Sent reply
2025-04-01 12:05:25 - [Cluster 0 - CLIENT] - INFO - 
2025-04-01 12:05:25 - [Cluster 0 - CLIENT] - INFO - Received: train message d3d0f8ec-268d-4a00-a01a-82455cab9907
2025-04-01 12:05:25 - [Cluster 0 - CLIENT] - INFO - Sent reply
2025-04-01 12:05:25 - [Cluster 0 - CLIENT] - INFO - 
2025-04-01 12:05:25 - [Cluster 0 - CLIENT] - INFO - Received: train message ed7f6b50-f96d-4af6-a8a9-12b3334a60f8
2025-04-01 12:05:25 - [Cluster 0 - CLIENT] - INFO - [Store 65] Starting local training.
2025-04-01 12:05:25 - [Cluster 0 - CLIENT] - INFO - [Store 1083] Starting local training.
2025-04-01 12:05:26 - [Cluster 0 - CLIENT] - INFO - [Store 77] Local training complete.
2025-04-01 12:05:26 - [Cluster 0 - CLIENT] - INFO - Sent reply
2025-04-01 12:05:26 - [Cluster 0 - CLIENT] - INFO - 
2025-04-01 12:05:26 - [Cluster 0 - CLIENT] - INFO - Received: train message 89eb41fd-a816-4eb9-b102-0068348842cf
2025-04-01 12:05:26 - [Cluster 0 - CLIENT] - INFO - [Store 440] Starting local training.
2025-04-01 12:05:27 - [Cluster 0 - CLIENT] - INFO - [Store 360] Local training complete.
2025-04-01 12:05:27 - [Cluster 0 - CLIENT] - INFO - [Store 1073] Local training complete.
2025-04-01 12:05:27 - [Cluster 0 - CLIENT] - INFO - Sent reply
2025-04-01 12:05:27 - [Cluster 0 - CLIENT] - INFO - 
2025-04-01 12:05:27 - [Cluster 0 - CLIENT] - INFO - Received: train message 095ac811-caf5-4c3d-ab11-26dabe3d2b24
2025-04-01 12:05:27 - [Cluster 0 - CLIENT] - INFO - Sent reply
2025-04-01 12:05:27 - [Cluster 0 - CLIENT] - INFO - [Store 658] Starting local training.
2025-04-01 12:05:27 - [Cluster 0 - CLIENT] - INFO - 
2025-04-01 12:05:27 - [Cluster 0 - CLIENT] - INFO - Received: train message 8d21505a-f8d3-4d7f-b231-d6b013eab033
2025-04-01 12:05:27 - [Cluster 0 - CLIENT] - INFO - [Store 886] Starting local training.
2025-04-01 12:05:29 - [Cluster 0 - CLIENT] - INFO - [Store 1042] Local training complete.
2025-04-01 12:05:29 - [Cluster 0 - CLIENT] - INFO - Sent reply
2025-04-01 12:05:29 - [Cluster 0 - CLIENT] - INFO - 
2025-04-01 12:05:29 - [Cluster 0 - CLIENT] - INFO - Received: train message 9b17d124-aaaf-4ea4-a685-411b45a0a753
2025-04-01 12:05:29 - [Cluster 0 - CLIENT] - INFO - [Store 949] Starting local training.
2025-04-01 12:08:34 - [Cluster 0 - CLIENT] - INFO - [Store 511] Local training complete.
2025-04-01 12:08:34 - [Cluster 0 - CLIENT] - INFO - Sent reply
2025-04-01 12:08:35 - [Cluster 0 - CLIENT] - INFO - [Store 1099] Local training complete.
2025-04-01 12:08:35 - [Cluster 0 - CLIENT] - INFO - Sent reply
2025-04-01 12:08:35 - [Cluster 0 - CLIENT] - INFO - [Store 718] Local training complete.
2025-04-01 12:08:35 - [Cluster 0 - CLIENT] - INFO - Sent reply
2025-04-01 12:08:36 - [Cluster 0 - CLIENT] - INFO - [Store 628] Local training complete.
2025-04-01 12:08:36 - [Cluster 0 - CLIENT] - INFO - Sent reply
2025-04-01 12:08:37 - [Cluster 0 - CLIENT] - INFO - [Store 65] Local training complete.
2025-04-01 12:08:37 - [Cluster 0 - CLIENT] - INFO - Sent reply
2025-04-01 12:08:37 - [Cluster 0 - CLIENT] - INFO - [Store 254] Local training complete.
2025-04-01 12:08:37 - [Cluster 0 - CLIENT] - INFO - [Store 554] Local training complete.
2025-04-01 12:08:37 - [Cluster 0 - CLIENT] - INFO - Sent reply
2025-04-01 12:08:37 - [Cluster 0 - CLIENT] - INFO - Sent reply
2025-04-01 12:08:38 - [Cluster 0 - CLIENT] - INFO - [Store 730] Local training complete.
2025-04-01 12:08:38 - [Cluster 0 - CLIENT] - INFO - Sent reply
2025-04-01 12:08:38 - [Cluster 0 - CLIENT] - INFO - [Store 55] Local training complete.
2025-04-01 12:08:38 - [Cluster 0 - CLIENT] - INFO - Sent reply
2025-04-01 12:08:38 - [Cluster 0 - CLIENT] - INFO - [Store 1083] Local training complete.
2025-04-01 12:08:38 - [Cluster 0 - CLIENT] - INFO - Sent reply
2025-04-01 12:08:38 - [Cluster 0 - CLIENT] - INFO - [Store 795] Local training complete.
2025-04-01 12:08:38 - [Cluster 0 - CLIENT] - INFO - Sent reply
2025-04-01 12:08:39 - [Cluster 0 - CLIENT] - INFO - [Store 440] Local training complete.
2025-04-01 12:08:39 - [Cluster 0 - CLIENT] - INFO - Sent reply
2025-04-01 12:08:39 - [Cluster 0 - CLIENT] - INFO - [Store 886] Local training complete.
2025-04-01 12:08:39 - [Cluster 0 - CLIENT] - INFO - Sent reply
2025-04-01 12:08:39 - [Cluster 0 - CLIENT] - INFO - [Store 658] Local training complete.
2025-04-01 12:08:39 - [Cluster 0 - CLIENT] - INFO - Sent reply
2025-04-01 12:08:39 - [Cluster 0 - CLIENT] - INFO - [Store 949] Local training complete.
2025-04-01 12:08:39 - [Cluster 0 - CLIENT] - INFO - Sent reply
2025-04-01 12:08:39 - [Cluster 0 - CLIENT] - INFO - 
2025-04-01 12:08:39 - [Cluster 0 - CLIENT] - INFO - Received: evaluate message abcddfcf-230e-47cc-ae2a-0f2933b6e30c
2025-04-01 12:08:39 - [Cluster 0 - CLIENT] - INFO - 
2025-04-01 12:08:39 - [Cluster 0 - CLIENT] - INFO - Received: evaluate message 05523524-2db6-4be8-a912-5c9f459a227a
2025-04-01 12:08:39 - [Cluster 0 - CLIENT] - INFO - 
2025-04-01 12:08:39 - [Cluster 0 - CLIENT] - INFO - Received: evaluate message 63e3dc00-e724-41aa-b428-7bcebb8d6674
2025-04-01 12:08:39 - [Cluster 0 - CLIENT] - INFO - 
2025-04-01 12:08:39 - [Cluster 0 - CLIENT] - INFO - Received: evaluate message ff95a1cf-d3b7-4216-8a0c-0d50b3485d86
2025-04-01 12:08:39 - [Cluster 0 - CLIENT] - INFO - 
2025-04-01 12:08:39 - [Cluster 0 - CLIENT] - INFO - Received: evaluate message 554ac254-17b3-4384-addb-a35d83443043
2025-04-01 12:08:39 - [Cluster 0 - CLIENT] - INFO - 
2025-04-01 12:08:39 - [Cluster 0 - CLIENT] - INFO - Received: evaluate message ca489fd2-1237-4f4a-aa6b-ff35ba231bcb
2025-04-01 12:08:39 - [Cluster 0 - CLIENT] - INFO - 
2025-04-01 12:08:39 - [Cluster 0 - CLIENT] - INFO - Received: evaluate message fad33ac5-7f32-49b2-91b4-e98357091c99
2025-04-01 12:08:39 - [Cluster 0 - CLIENT] - INFO - 
2025-04-01 12:08:39 - [Cluster 0 - CLIENT] - INFO - Received: evaluate message 2f1eaa1b-c957-40b6-9ef2-80b0e0ef8c70
2025-04-01 12:08:39 - [Cluster 0 - CLIENT] - INFO - 
2025-04-01 12:08:39 - [Cluster 0 - CLIENT] - INFO - Received: evaluate message c27d44b4-acff-43b0-816f-35bbc458a241
2025-04-01 12:08:39 - [Cluster 0 - CLIENT] - INFO - 
2025-04-01 12:08:39 - [Cluster 0 - CLIENT] - INFO - Received: evaluate message 90764e9c-103c-4561-9fd9-be317d9f7df8
2025-04-01 12:08:39 - [Cluster 0 - CLIENT] - INFO - 
2025-04-01 12:08:39 - [Cluster 0 - CLIENT] - INFO - Received: evaluate message 4c122291-baf2-443d-9e3f-c2b9c97c9700
2025-04-01 12:08:39 - [Cluster 0 - CLIENT] - INFO - 
2025-04-01 12:08:39 - [Cluster 0 - CLIENT] - INFO - Received: evaluate message 66a9a879-014f-4486-8761-f20ce4a7ec8c
2025-04-01 12:08:39 - [Cluster 0 - CLIENT] - INFO - 
2025-04-01 12:08:39 - [Cluster 0 - CLIENT] - INFO - Received: evaluate message 4febcad1-c7a6-42a8-9b3a-41d0a783862e
2025-04-01 12:08:39 - [Cluster 0 - CLIENT] - INFO - 
2025-04-01 12:08:39 - [Cluster 0 - CLIENT] - INFO - Received: evaluate message 6fc8f80e-0aec-4e35-989c-511cb8c74a93
2025-04-01 12:08:39 - [Cluster 0 - CLIENT] - INFO - 
2025-04-01 12:08:39 - [Cluster 0 - CLIENT] - INFO - Received: evaluate message f348ddca-c77b-4d8a-9e2b-f9a2d60f6c9a
2025-04-01 12:08:40 - [Cluster 0 - CLIENT] - INFO - [Store 658] Evaluation - Loss: 0.1901, MAE: 0.2737
2025-04-01 12:08:40 - [Cluster 0 - CLIENT] - INFO - Sent reply
2025-04-01 12:08:40 - [Cluster 0 - CLIENT] - INFO - 
2025-04-01 12:08:40 - [Cluster 0 - CLIENT] - INFO - Received: evaluate message cdd2c05d-df99-45f3-9921-9809cb02c5ca
2025-04-01 12:08:40 - [Cluster 0 - CLIENT] - INFO - [Store 554] Evaluation - Loss: 0.5040, MAE: 0.5132
2025-04-01 12:08:40 - [Cluster 0 - CLIENT] - INFO - Sent reply
2025-04-01 12:08:40 - [Cluster 0 - CLIENT] - INFO - 
2025-04-01 12:08:40 - [Cluster 0 - CLIENT] - INFO - Received: evaluate message 3fa7dce4-fd5b-4e96-8cf9-384c61e854b4
2025-04-01 12:08:40 - [Cluster 0 - CLIENT] - INFO - [Store 440] Evaluation - Loss: 0.3388, MAE: 0.3758
2025-04-01 12:08:40 - [Cluster 0 - CLIENT] - INFO - Sent reply
2025-04-01 12:08:40 - [Cluster 0 - CLIENT] - INFO - [Store 922] Evaluation - Loss: 0.2231, MAE: 0.3162
2025-04-01 12:08:40 - [Cluster 0 - CLIENT] - INFO - Sent reply
2025-04-01 12:08:40 - [Cluster 0 - CLIENT] - INFO - 
2025-04-01 12:08:40 - [Cluster 0 - CLIENT] - INFO - Received: evaluate message fe88e66e-8873-49ab-9670-e2c472547970
2025-04-01 12:08:40 - [Cluster 0 - CLIENT] - INFO - [Store 410] Evaluation - Loss: 0.2710, MAE: 0.3494
2025-04-01 12:08:40 - [Cluster 0 - CLIENT] - INFO - Sent reply
2025-04-01 12:08:40 - [Cluster 0 - CLIENT] - INFO - [Store 1083] Evaluation - Loss: 0.3857, MAE: 0.4258
2025-04-01 12:08:40 - [Cluster 0 - CLIENT] - INFO - 
2025-04-01 12:08:40 - [Cluster 0 - CLIENT] - INFO - Received: evaluate message c9a56d85-68f2-4939-8095-4af33e37403b
2025-04-01 12:08:40 - [Cluster 0 - CLIENT] - INFO - [Store 55] Evaluation - Loss: 0.2683, MAE: 0.3680
2025-04-01 12:08:40 - [Cluster 0 - CLIENT] - INFO - Sent reply
2025-04-01 12:08:40 - [Cluster 0 - CLIENT] - INFO - Sent reply
2025-04-01 12:08:40 - [Cluster 0 - CLIENT] - INFO - [Store 511] Evaluation - Loss: 0.3139, MAE: 0.3387
2025-04-01 12:08:40 - [Cluster 0 - CLIENT] - INFO - Sent reply
2025-04-01 12:08:40 - [Cluster 0 - CLIENT] - INFO - [Store 305] Evaluation - Loss: 0.4555, MAE: 0.4774
2025-04-01 12:08:40 - [Cluster 0 - CLIENT] - INFO - [Store 886] Evaluation - Loss: 0.2988, MAE: 0.3434
2025-04-01 12:08:40 - [Cluster 0 - CLIENT] - INFO - 
2025-04-01 12:08:40 - [Cluster 0 - CLIENT] - INFO - Received: evaluate message fd0a7547-3574-44df-a0f7-fa06b7bd8355
2025-04-01 12:08:40 - [Cluster 0 - CLIENT] - INFO - Sent reply
2025-04-01 12:08:40 - [Cluster 0 - CLIENT] - INFO - Sent reply
2025-04-01 12:08:40 - [Cluster 0 - CLIENT] - INFO - 
2025-04-01 12:08:40 - [Cluster 0 - CLIENT] - INFO - Received: evaluate message c92d6cfe-cbb9-423c-b67a-b87c071d77f2
2025-04-01 12:08:40 - [Cluster 0 - CLIENT] - INFO - [Store 201] Evaluation - Loss: 0.2887, MAE: 0.3498
2025-04-01 12:08:40 - [Cluster 0 - CLIENT] - INFO - Sent reply
2025-04-01 12:08:40 - [Cluster 0 - CLIENT] - INFO - [Store 730] Evaluation - Loss: 0.2209, MAE: 0.2984
2025-04-01 12:08:40 - [Cluster 0 - CLIENT] - INFO - Sent reply
2025-04-01 12:08:40 - [Cluster 0 - CLIENT] - INFO - 
2025-04-01 12:08:40 - [Cluster 0 - CLIENT] - INFO - Received: evaluate message f4f80aeb-df25-42c7-85a3-f6971d8ea848
2025-04-01 12:08:40 - [Cluster 0 - CLIENT] - INFO - 
2025-04-01 12:08:40 - [Cluster 0 - CLIENT] - INFO - Received: evaluate message 33e580dd-a918-424c-bce2-fce3da4027ce
2025-04-01 12:08:40 - [Cluster 0 - CLIENT] - INFO - 
2025-04-01 12:08:40 - [Cluster 0 - CLIENT] - INFO - Received: evaluate message 157259d0-3d33-4c6b-89d0-101e2e8056f8
2025-04-01 12:08:40 - [Cluster 0 - CLIENT] - INFO - 
2025-04-01 12:08:40 - [Cluster 0 - CLIENT] - INFO - 
2025-04-01 12:08:40 - [Cluster 0 - CLIENT] - INFO - Received: evaluate message d6f015ca-85ce-4177-a063-1b49d04d9efa
2025-04-01 12:08:40 - [Cluster 0 - CLIENT] - INFO - Received: evaluate message 6b9d6a70-15da-4e56-988f-cc2ac1654ee1
2025-04-01 12:08:40 - [Cluster 0 - CLIENT] - INFO - [Store 77] Evaluation - Loss: 0.2338, MAE: 0.3092
2025-04-01 12:08:40 - [Cluster 0 - CLIENT] - INFO - 
2025-04-01 12:08:40 - [Cluster 0 - CLIENT] - INFO - Sent reply
2025-04-01 12:08:40 - [Cluster 0 - CLIENT] - INFO - Received: evaluate message 5bbb3c49-d22c-4415-b58d-3e70698b79dc
2025-04-01 12:08:40 - [Cluster 0 - CLIENT] - INFO - 
2025-04-01 12:08:40 - [Cluster 0 - CLIENT] - INFO - Received: evaluate message b0169f33-657d-4bcf-89b5-d765a1dce40f
2025-04-01 12:08:40 - [Cluster 0 - CLIENT] - INFO - [Store 47] Evaluation - Loss: 0.2623, MAE: 0.3063
2025-04-01 12:08:40 - [Cluster 0 - CLIENT] - INFO - [Store 200] Evaluation - Loss: 0.2910, MAE: 0.3214
2025-04-01 12:08:40 - [Cluster 0 - CLIENT] - INFO - Sent reply
2025-04-01 12:08:40 - [Cluster 0 - CLIENT] - INFO - Sent reply
2025-04-01 12:08:41 - [Cluster 0 - CLIENT] - INFO - 
2025-04-01 12:08:41 - [Cluster 0 - CLIENT] - INFO - Received: evaluate message 022aa8ce-0ccd-4099-a662-da15be9bd2dc
2025-04-01 12:08:41 - [Cluster 0 - CLIENT] - INFO - 
2025-04-01 12:08:41 - [Cluster 0 - CLIENT] - INFO - Received: evaluate message 8220f476-818c-47e8-9fd9-b9ed339d844b
2025-04-01 12:08:41 - [Cluster 0 - CLIENT] - INFO - [Store 628] Evaluation - Loss: 0.3200, MAE: 0.3449
2025-04-01 12:08:41 - [Cluster 0 - CLIENT] - INFO - Sent reply
2025-04-01 12:08:41 - [Cluster 0 - CLIENT] - INFO - [Store 65] Evaluation - Loss: 0.2062, MAE: 0.2859
2025-04-01 12:08:41 - [Cluster 0 - CLIENT] - INFO - Sent reply
2025-04-01 12:08:41 - [Cluster 0 - CLIENT] - INFO - [Store 1099] Evaluation - Loss: 0.3267, MAE: 0.3836
2025-04-01 12:08:41 - [Cluster 0 - CLIENT] - INFO - Sent reply
2025-04-01 12:08:41 - [Cluster 0 - CLIENT] - INFO - [Store 795] Evaluation - Loss: 0.2814, MAE: 0.3628
2025-04-01 12:08:41 - [Cluster 0 - CLIENT] - INFO - Sent reply
2025-04-01 12:08:41 - [Cluster 0 - CLIENT] - INFO - [Store 254] Evaluation - Loss: 0.3053, MAE: 0.3818
2025-04-01 12:08:41 - [Cluster 0 - CLIENT] - INFO - [Store 718] Evaluation - Loss: 0.2059, MAE: 0.2586
2025-04-01 12:08:41 - [Cluster 0 - CLIENT] - INFO - Sent reply
2025-04-01 12:08:41 - [Cluster 0 - CLIENT] - INFO - Sent reply
2025-04-01 12:08:41 - [Cluster 0 - CLIENT] - INFO - [Store 949] Evaluation - Loss: 0.2187, MAE: 0.3174
2025-04-01 12:08:41 - [Cluster 0 - CLIENT] - INFO - Sent reply
2025-04-01 12:08:41 - [Cluster 0 - CLIENT] - INFO - [Store 1073] Evaluation - Loss: 1.1424, MAE: 0.7145
2025-04-01 12:08:41 - [Cluster 0 - CLIENT] - INFO - Sent reply
2025-04-01 12:08:42 - [Cluster 0 - CLIENT] - INFO - [Store 305] Evaluation - Loss: 0.4555, MAE: 0.4774
2025-04-01 12:08:42 - [Cluster 0 - CLIENT] - INFO - Sent reply
2025-04-01 12:08:42 - [Cluster 0 - CLIENT] - INFO - [Store 360] Evaluation - Loss: 0.2495, MAE: 0.3083
2025-04-01 12:08:42 - [Cluster 0 - CLIENT] - INFO - Sent reply
2025-04-01 12:08:42 - [Cluster 0 - CLIENT] - INFO - [Store 1042] Evaluation - Loss: 0.2820, MAE: 0.3368
2025-04-01 12:08:42 - [Cluster 0 - CLIENT] - INFO - [Store 857] Evaluation - Loss: 0.3544, MAE: 0.3760
2025-04-01 12:08:42 - [Cluster 0 - CLIENT] - INFO - Sent reply
2025-04-01 12:08:42 - [Cluster 0 - CLIENT] - INFO - Sent reply
2025-04-01 12:08:42 - [Cluster 0 - CLIENT] - INFO - [Store 105] Evaluation - Loss: 0.3225, MAE: 0.3962
2025-04-01 12:08:42 - [Cluster 0 - CLIENT] - INFO - [Store 260] Evaluation - Loss: 0.2851, MAE: 0.3383
2025-04-01 12:08:42 - [Cluster 0 - CLIENT] - INFO - Sent reply
2025-04-01 12:08:42 - [Cluster 0 - CLIENT] - INFO - Sent reply
2025-04-01 12:08:42 - [Cluster 0 - CLIENT] - INFO - [Store 74] Evaluation - Loss: 0.2438, MAE: 0.2864
2025-04-01 12:08:42 - [Cluster 0 - CLIENT] - INFO - Sent reply
2025-04-01 12:08:42 - [Cluster 0 - CLIENT] - INFO - 
2025-04-01 12:08:42 - [Cluster 0 - CLIENT] - INFO - Received: train message 27cd4a4b-6e6a-462c-81e7-9fa2136c2483
2025-04-01 12:08:42 - [Cluster 0 - CLIENT] - INFO - 
2025-04-01 12:08:42 - [Cluster 0 - CLIENT] - INFO - Received: train message 62567092-7241-4f4c-bcaa-902ff7b86a61
2025-04-01 12:08:42 - [Cluster 0 - CLIENT] - INFO - [Store 554] Starting local training.
2025-04-01 12:08:42 - [Cluster 0 - CLIENT] - INFO - [Store 305] Starting local training.
2025-04-01 12:08:42 - [Cluster 0 - CLIENT] - INFO - 
2025-04-01 12:08:42 - [Cluster 0 - CLIENT] - INFO - Received: train message 25af98c4-4347-4aea-9bd9-9373e650705b
2025-04-01 12:08:42 - [Cluster 0 - CLIENT] - INFO - 
2025-04-01 12:08:42 - [Cluster 0 - CLIENT] - INFO - Received: train message 1e455e2c-13ff-4f3c-960b-72e7f6bf15b3
2025-04-01 12:08:42 - [Cluster 0 - CLIENT] - INFO - [Store 440] Starting local training.
2025-04-01 12:08:42 - [Cluster 0 - CLIENT] - INFO - [Store 949] Starting local training.
2025-04-01 12:08:42 - [Cluster 0 - CLIENT] - INFO - 
2025-04-01 12:08:42 - [Cluster 0 - CLIENT] - INFO - Received: train message 2d008e0d-c7f7-4b80-85a8-7522cac7c154
2025-04-01 12:08:42 - [Cluster 0 - CLIENT] - INFO - [Store 658] Starting local training.
2025-04-01 12:08:42 - [Cluster 0 - CLIENT] - INFO - 
2025-04-01 12:08:42 - [Cluster 0 - CLIENT] - INFO - Received: train message 779aaabb-51a2-4a6b-be5d-9889fc85e01b
2025-04-01 12:08:42 - [Cluster 0 - CLIENT] - INFO - 
2025-04-01 12:08:42 - [Cluster 0 - CLIENT] - INFO - Received: train message c064e24e-d796-419d-919d-48982024e884
2025-04-01 12:08:42 - [Cluster 0 - CLIENT] - INFO - 
2025-04-01 12:08:42 - [Cluster 0 - CLIENT] - INFO - Received: train message e6b5e85d-f865-4494-b9e6-113371a79ca7
2025-04-01 12:08:42 - [Cluster 0 - CLIENT] - INFO - 
2025-04-01 12:08:42 - [Cluster 0 - CLIENT] - INFO - Received: train message 938ee6ac-3a83-4f1d-97f0-e8b3d5d6dde5
2025-04-01 12:08:42 - [Cluster 0 - CLIENT] - INFO - 
2025-04-01 12:08:42 - [Cluster 0 - CLIENT] - INFO - Received: train message 14396d61-448e-4518-97ea-e8fab2fe4f9a
2025-04-01 12:08:42 - [Cluster 0 - CLIENT] - INFO - [Store 1042] Starting local training.
2025-04-01 12:08:42 - [Cluster 0 - CLIENT] - INFO - 
2025-04-01 12:08:42 - [Cluster 0 - CLIENT] - INFO - Received: train message 908b7a35-136c-45cf-91b1-0ccfa5e56810
2025-04-01 12:08:42 - [Cluster 0 - CLIENT] - INFO - 
2025-04-01 12:08:42 - [Cluster 0 - CLIENT] - INFO - Received: train message d892b9a4-d2c1-4ffc-85b7-d097a2f9db5d
2025-04-01 12:08:42 - [Cluster 0 - CLIENT] - INFO - 
2025-04-01 12:08:42 - [Cluster 0 - CLIENT] - INFO - Received: train message 32718eec-f11a-4899-a190-448ff6ea7954
2025-04-01 12:08:42 - [Cluster 0 - CLIENT] - INFO - 
2025-04-01 12:08:42 - [Cluster 0 - CLIENT] - INFO - Received: train message d3f8d4d6-9eb8-46c2-8286-6cc04e308e7f
2025-04-01 12:08:42 - [Cluster 0 - CLIENT] - INFO - [Store 718] Starting local training.
2025-04-01 12:08:42 - [Cluster 0 - CLIENT] - INFO - [Store 360] Starting local training.
2025-04-01 12:08:42 - [Cluster 0 - CLIENT] - INFO - 
2025-04-01 12:08:42 - [Cluster 0 - CLIENT] - INFO - Received: train message fc2eec6f-23b3-4614-95e8-bb203c20d1bb
2025-04-01 12:08:42 - [Cluster 0 - CLIENT] - INFO - [Store 47] Starting local training.
2025-04-01 12:08:42 - [Cluster 0 - CLIENT] - INFO - [Store 65] Starting local training.
2025-04-01 12:08:42 - [Cluster 0 - CLIENT] - INFO - [Store 105] Starting local training.
2025-04-01 12:08:42 - [Cluster 0 - CLIENT] - INFO - [Store 857] Starting local training.
2025-04-01 12:08:42 - [Cluster 0 - CLIENT] - INFO - [Store 77] Starting local training.
2025-04-01 12:08:42 - [Cluster 0 - CLIENT] - INFO - [Store 200] Starting local training.
2025-04-01 12:08:42 - [Cluster 0 - CLIENT] - INFO - [Store 410] Starting local training.
2025-04-01 12:13:29 - [Cluster 0 - CLIENT] - INFO - [Store 718] Local training complete.
2025-04-01 12:13:30 - [Cluster 0 - CLIENT] - INFO - [Store 658] Local training complete.
2025-04-01 12:13:30 - [Cluster 0 - CLIENT] - INFO - Sent reply
2025-04-01 12:13:30 - [Cluster 0 - CLIENT] - INFO - Sent reply
2025-04-01 12:13:30 - [Cluster 0 - CLIENT] - INFO - 
2025-04-01 12:13:30 - [Cluster 0 - CLIENT] - INFO - Received: train message 043da51b-d5f5-4792-8277-ea6185e27a95
2025-04-01 12:13:30 - [Cluster 0 - CLIENT] - INFO - 
2025-04-01 12:13:30 - [Cluster 0 - CLIENT] - INFO - Received: train message 659104fd-d71f-4da1-b9c1-2d2b70228f49
2025-04-01 12:13:30 - [Cluster 0 - CLIENT] - INFO - [Store 628] Starting local training.
2025-04-01 12:13:31 - [Cluster 0 - CLIENT] - INFO - [Store 1083] Starting local training.
2025-04-01 12:13:33 - [Cluster 0 - CLIENT] - INFO - [Store 554] Local training complete.
2025-04-01 12:13:33 - [Cluster 0 - CLIENT] - INFO - Sent reply
2025-04-01 12:13:33 - [Cluster 0 - CLIENT] - INFO - 
2025-04-01 12:13:33 - [Cluster 0 - CLIENT] - INFO - Received: train message d99c9ac5-515d-4ba4-8504-af96c9084dce
2025-04-01 12:13:33 - [Cluster 0 - CLIENT] - INFO - [Store 922] Starting local training.
2025-04-01 12:13:35 - [Cluster 0 - CLIENT] - INFO - [Store 410] Local training complete.
2025-04-01 12:13:35 - [Cluster 0 - CLIENT] - INFO - Sent reply
2025-04-01 12:13:35 - [Cluster 0 - CLIENT] - INFO - [Store 47] Local training complete.
2025-04-01 12:13:35 - [Cluster 0 - CLIENT] - INFO - 
2025-04-01 12:13:35 - [Cluster 0 - CLIENT] - INFO - Received: train message bca84de4-5937-48e6-a960-1c1d43efea01
2025-04-01 12:13:35 - [Cluster 0 - CLIENT] - INFO - Sent reply
2025-04-01 12:13:35 - [Cluster 0 - CLIENT] - INFO - 
2025-04-01 12:13:35 - [Cluster 0 - CLIENT] - INFO - Received: train message d93f5137-5bd3-454b-bbba-be4467aea6d8
2025-04-01 12:13:36 - [Cluster 0 - CLIENT] - INFO - [Store 1099] Starting local training.
2025-04-01 12:13:36 - [Cluster 0 - CLIENT] - INFO - [Store 55] Starting local training.
2025-04-01 12:13:36 - [Cluster 0 - CLIENT] - INFO - [Store 360] Local training complete.
2025-04-01 12:13:36 - [Cluster 0 - CLIENT] - INFO - [Store 305] Local training complete.
2025-04-01 12:13:36 - [Cluster 0 - CLIENT] - INFO - Sent reply
2025-04-01 12:13:36 - [Cluster 0 - CLIENT] - INFO - Sent reply
2025-04-01 12:13:37 - [Cluster 0 - CLIENT] - INFO - 
2025-04-01 12:13:37 - [Cluster 0 - CLIENT] - INFO - Received: train message 68768993-de19-416f-a621-34aecb684db1
2025-04-01 12:13:37 - [Cluster 0 - CLIENT] - INFO - 
2025-04-01 12:13:37 - [Cluster 0 - CLIENT] - INFO - Received: train message 09a51511-67a4-4baf-b2e4-05de29729692
2025-04-01 12:13:37 - [Cluster 0 - CLIENT] - INFO - [Store 730] Starting local training.
2025-04-01 12:13:37 - [Cluster 0 - CLIENT] - INFO - [Store 201] Starting local training.
2025-04-01 12:13:37 - [Cluster 0 - CLIENT] - INFO - [Store 1042] Local training complete.
2025-04-01 12:13:37 - [Cluster 0 - CLIENT] - INFO - [Store 105] Local training complete.
2025-04-01 12:13:37 - [Cluster 0 - CLIENT] - INFO - Sent reply
2025-04-01 12:13:37 - [Cluster 0 - CLIENT] - INFO - Sent reply
2025-04-01 12:13:37 - [Cluster 0 - CLIENT] - INFO - 
2025-04-01 12:13:37 - [Cluster 0 - CLIENT] - INFO - Received: train message ac6fd408-fd5b-406e-a772-45a9f5b13043
2025-04-01 12:13:37 - [Cluster 0 - CLIENT] - INFO - 
2025-04-01 12:13:37 - [Cluster 0 - CLIENT] - INFO - Received: train message f0f1313e-40af-4a0e-b7a5-98a51b9bff2b
2025-04-01 12:13:38 - [Cluster 0 - CLIENT] - INFO - [Store 795] Starting local training.
2025-04-01 12:13:38 - [Cluster 0 - CLIENT] - INFO - [Store 74] Starting local training.
2025-04-01 12:13:39 - [Cluster 0 - CLIENT] - INFO - [Store 857] Local training complete.
2025-04-01 12:13:39 - [Cluster 0 - CLIENT] - INFO - Sent reply
2025-04-01 12:13:39 - [Cluster 0 - CLIENT] - INFO - 
2025-04-01 12:13:39 - [Cluster 0 - CLIENT] - INFO - Received: train message 1698464b-643b-4c18-9268-42dea7ab94c5
2025-04-01 12:13:39 - [Cluster 0 - CLIENT] - INFO - [Store 305] Starting local training.
2025-04-01 12:13:40 - [Cluster 0 - CLIENT] - INFO - [Store 65] Local training complete.
2025-04-01 12:13:40 - [Cluster 0 - CLIENT] - INFO - [Store 77] Local training complete.
2025-04-01 12:13:40 - [Cluster 0 - CLIENT] - INFO - Sent reply
2025-04-01 12:13:40 - [Cluster 0 - CLIENT] - INFO - Sent reply
2025-04-01 12:13:40 - [Cluster 0 - CLIENT] - INFO - 
2025-04-01 12:13:40 - [Cluster 0 - CLIENT] - INFO - Received: train message 7b493eb5-7fed-41a6-ae3e-8396b6ca185a
2025-04-01 12:13:40 - [Cluster 0 - CLIENT] - INFO - 
2025-04-01 12:13:40 - [Cluster 0 - CLIENT] - INFO - Received: train message 40095527-010b-4066-bfd3-6f4b2c0e5f79
2025-04-01 12:13:40 - [Cluster 0 - CLIENT] - INFO - [Store 254] Starting local training.
2025-04-01 12:13:40 - [Cluster 0 - CLIENT] - INFO - [Store 511] Starting local training.
2025-04-01 12:13:44 - [Cluster 0 - CLIENT] - INFO - [Store 200] Local training complete.
2025-04-01 12:13:44 - [Cluster 0 - CLIENT] - INFO - Sent reply
2025-04-01 12:13:45 - [Cluster 0 - CLIENT] - INFO - 
2025-04-01 12:13:45 - [Cluster 0 - CLIENT] - INFO - Received: train message 75b1b6db-3a7a-40d7-8172-c0f252103fd4
2025-04-01 12:13:45 - [Cluster 0 - CLIENT] - INFO - [Store 260] Starting local training.
2025-04-01 12:13:52 - [Cluster 0 - CLIENT] - INFO - [Store 440] Local training complete.
2025-04-01 12:13:53 - [Cluster 0 - CLIENT] - INFO - Sent reply
2025-04-01 12:13:53 - [Cluster 0 - CLIENT] - INFO - 
2025-04-01 12:13:53 - [Cluster 0 - CLIENT] - INFO - Received: train message 29d26582-539e-425c-a384-ae874d638f59
2025-04-01 12:13:53 - [Cluster 0 - CLIENT] - INFO - [Store 886] Starting local training.
2025-04-01 12:14:07 - [Cluster 0 - CLIENT] - INFO - [Store 949] Local training complete.
2025-04-01 12:14:07 - [Cluster 0 - CLIENT] - INFO - Sent reply
2025-04-01 12:14:08 - [Cluster 0 - CLIENT] - INFO - 
2025-04-01 12:14:08 - [Cluster 0 - CLIENT] - INFO - Received: train message 1ca42710-4583-49b3-a710-46db02c9631b
2025-04-01 12:14:08 - [Cluster 0 - CLIENT] - INFO - [Store 1073] Starting local training.
2025-04-01 12:17:47 - [Cluster 0 - CLIENT] - INFO - [Store 1083] Local training complete.
2025-04-01 12:17:47 - [Cluster 0 - CLIENT] - INFO - Sent reply
2025-04-01 12:17:48 - [Cluster 0 - CLIENT] - INFO - [Store 55] Local training complete.
2025-04-01 12:17:48 - [Cluster 0 - CLIENT] - INFO - Sent reply
2025-04-01 12:17:51 - [Cluster 0 - CLIENT] - INFO - [Store 795] Local training complete.
2025-04-01 12:17:51 - [Cluster 0 - CLIENT] - INFO - Sent reply
2025-04-01 12:17:51 - [Cluster 0 - CLIENT] - INFO - [Store 1099] Local training complete.
2025-04-01 12:17:51 - [Cluster 0 - CLIENT] - INFO - Sent reply
2025-04-01 12:17:51 - [Cluster 0 - CLIENT] - INFO - [Store 730] Local training complete.
2025-04-01 12:17:51 - [Cluster 0 - CLIENT] - INFO - Sent reply
2025-04-01 12:17:51 - [Cluster 0 - CLIENT] - INFO - [Store 201] Local training complete.
2025-04-01 12:17:52 - [Cluster 0 - CLIENT] - INFO - [Store 254] Local training complete.
2025-04-01 12:17:52 - [Cluster 0 - CLIENT] - INFO - Sent reply
2025-04-01 12:17:52 - [Cluster 0 - CLIENT] - INFO - Sent reply
2025-04-01 12:17:52 - [Cluster 0 - CLIENT] - INFO - [Store 305] Local training complete.
2025-04-01 12:17:52 - [Cluster 0 - CLIENT] - INFO - [Store 511] Local training complete.
2025-04-01 12:17:52 - [Cluster 0 - CLIENT] - INFO - Sent reply
2025-04-01 12:17:52 - [Cluster 0 - CLIENT] - INFO - Sent reply
2025-04-01 12:17:52 - [Cluster 0 - CLIENT] - INFO - [Store 260] Local training complete.
2025-04-01 12:17:52 - [Cluster 0 - CLIENT] - INFO - Sent reply
2025-04-01 12:17:52 - [Cluster 0 - CLIENT] - INFO - [Store 74] Local training complete.
2025-04-01 12:17:52 - [Cluster 0 - CLIENT] - INFO - Sent reply
2025-04-01 12:17:52 - [Cluster 0 - CLIENT] - INFO - [Store 628] Local training complete.
2025-04-01 12:17:52 - [Cluster 0 - CLIENT] - INFO - Sent reply
2025-04-01 12:17:53 - [Cluster 0 - CLIENT] - INFO - [Store 922] Local training complete.
2025-04-01 12:17:53 - [Cluster 0 - CLIENT] - INFO - Sent reply
2025-04-01 12:17:53 - [Cluster 0 - CLIENT] - INFO - [Store 886] Local training complete.
2025-04-01 12:17:53 - [Cluster 0 - CLIENT] - INFO - Sent reply
2025-04-01 12:17:54 - [Cluster 0 - CLIENT] - INFO - [Store 1073] Local training complete.
2025-04-01 12:17:54 - [Cluster 0 - CLIENT] - INFO - Sent reply
2025-04-01 12:17:54 - [Cluster 0 - CLIENT] - INFO - 
2025-04-01 12:17:54 - [Cluster 0 - CLIENT] - INFO - Received: evaluate message 49537203-3216-4258-a23e-5b66f6c45e91
2025-04-01 12:17:54 - [Cluster 0 - CLIENT] - INFO - 
2025-04-01 12:17:54 - [Cluster 0 - CLIENT] - INFO - Received: evaluate message 4e4997a3-d9c9-4ec2-9484-289afb000fc5
2025-04-01 12:17:54 - [Cluster 0 - CLIENT] - INFO - 
2025-04-01 12:17:54 - [Cluster 0 - CLIENT] - INFO - Received: evaluate message 6a3b3cc2-f502-4a58-a6e4-26ae63143bcf
2025-04-01 12:17:54 - [Cluster 0 - CLIENT] - INFO - 
2025-04-01 12:17:54 - [Cluster 0 - CLIENT] - INFO - Received: evaluate message b36e4cf3-8680-40f5-98f8-e8bd8d8840bf
2025-04-01 12:17:54 - [Cluster 0 - CLIENT] - INFO - 
2025-04-01 12:17:54 - [Cluster 0 - CLIENT] - INFO - Received: evaluate message 73b930cf-aa2d-494b-a7ea-f5218db4493e
2025-04-01 12:17:54 - [Cluster 0 - CLIENT] - INFO - 
2025-04-01 12:17:54 - [Cluster 0 - CLIENT] - INFO - Received: evaluate message 5ac367c3-fa9e-4129-b6ae-5d3db74ca511
2025-04-01 12:17:54 - [Cluster 0 - CLIENT] - INFO - 
2025-04-01 12:17:54 - [Cluster 0 - CLIENT] - INFO - Received: evaluate message 6d5ac10d-7076-43be-a6b2-8ba95508a2bc
2025-04-01 12:17:54 - [Cluster 0 - CLIENT] - INFO - 
2025-04-01 12:17:54 - [Cluster 0 - CLIENT] - INFO - Received: evaluate message 71fbd36d-3342-482c-8248-46bc4cc9e498
2025-04-01 12:17:54 - [Cluster 0 - CLIENT] - INFO - 
2025-04-01 12:17:54 - [Cluster 0 - CLIENT] - INFO - 
2025-04-01 12:17:54 - [Cluster 0 - CLIENT] - INFO - Received: evaluate message 70d82c35-cdde-46da-833f-714ff7173994
2025-04-01 12:17:54 - [Cluster 0 - CLIENT] - INFO - Received: evaluate message e5b0bf25-cbea-4508-b5c9-b8b347cf6d8b
2025-04-01 12:17:54 - [Cluster 0 - CLIENT] - INFO - 
2025-04-01 12:17:54 - [Cluster 0 - CLIENT] - INFO - Received: evaluate message 3240768b-c2e5-4c3a-a9b0-649d80cf4d2d
2025-04-01 12:17:54 - [Cluster 0 - CLIENT] - INFO - 
2025-04-01 12:17:54 - [Cluster 0 - CLIENT] - INFO - Received: evaluate message 24075e37-6342-4c76-bdbd-7d5deb3f85ed
2025-04-01 12:17:54 - [Cluster 0 - CLIENT] - INFO - 
2025-04-01 12:17:54 - [Cluster 0 - CLIENT] - INFO - Received: evaluate message b15c7635-4eed-42fd-8475-3ecf48e4cea4
2025-04-01 12:17:54 - [Cluster 0 - CLIENT] - INFO - 
2025-04-01 12:17:54 - [Cluster 0 - CLIENT] - INFO - Received: evaluate message 102b379c-5994-40f4-90fd-5054551253d8
2025-04-01 12:17:54 - [Cluster 0 - CLIENT] - INFO - 
2025-04-01 12:17:54 - [Cluster 0 - CLIENT] - INFO - Received: evaluate message 8424ca64-bc0d-49e5-96c4-e31cccaa86a2
2025-04-01 12:17:55 - [Cluster 0 - CLIENT] - INFO - [Store 795] Evaluation - Loss: 0.2907, MAE: 0.3872
2025-04-01 12:17:55 - [Cluster 0 - CLIENT] - INFO - Sent reply
2025-04-01 12:17:55 - [Cluster 0 - CLIENT] - INFO - [Store 922] Evaluation - Loss: 0.2261, MAE: 0.3271
2025-04-01 12:17:55 - [Cluster 0 - CLIENT] - INFO - Sent reply
2025-04-01 12:17:55 - [Cluster 0 - CLIENT] - INFO - [Store 201] Evaluation - Loss: 0.2869, MAE: 0.3593
2025-04-01 12:17:55 - [Cluster 0 - CLIENT] - INFO - Sent reply
2025-04-01 12:17:55 - [Cluster 0 - CLIENT] - INFO - [Store 260] Evaluation - Loss: 0.2603, MAE: 0.3044
2025-04-01 12:17:55 - [Cluster 0 - CLIENT] - INFO - Sent reply
2025-04-01 12:17:55 - [Cluster 0 - CLIENT] - INFO - [Store 886] Evaluation - Loss: 0.3079, MAE: 0.3758
2025-04-01 12:17:55 - [Cluster 0 - CLIENT] - INFO - Sent reply
2025-04-01 12:17:55 - [Cluster 0 - CLIENT] - INFO - [Store 1073] Evaluation - Loss: 1.1025, MAE: 0.7154
2025-04-01 12:17:55 - [Cluster 0 - CLIENT] - INFO - Sent reply
2025-04-01 12:17:55 - [Cluster 0 - CLIENT] - INFO - 
2025-04-01 12:17:55 - [Cluster 0 - CLIENT] - INFO - Received: evaluate message 90eacf94-724d-4210-a72d-9dd7847c4974
2025-04-01 12:17:55 - [Cluster 0 - CLIENT] - INFO - 
2025-04-01 12:17:55 - [Cluster 0 - CLIENT] - INFO - Received: evaluate message 3591e31b-8533-49fd-8e99-36bda2723b3b
2025-04-01 12:17:55 - [Cluster 0 - CLIENT] - INFO - 
2025-04-01 12:17:55 - [Cluster 0 - CLIENT] - INFO - Received: evaluate message 72242380-76a2-4694-bada-184dfa00fa98
2025-04-01 12:17:55 - [Cluster 0 - CLIENT] - INFO - 
2025-04-01 12:17:55 - [Cluster 0 - CLIENT] - INFO - Received: evaluate message 132368f6-b337-4277-8567-997496e6085c
2025-04-01 12:17:55 - [Cluster 0 - CLIENT] - INFO - 
2025-04-01 12:17:55 - [Cluster 0 - CLIENT] - INFO - Received: evaluate message 3cb245d4-92d8-4eef-b5ef-0ef6685f7f22
2025-04-01 12:17:55 - [Cluster 0 - CLIENT] - INFO - [Store 55] Evaluation - Loss: 0.3001, MAE: 0.4191
2025-04-01 12:17:55 - [Cluster 0 - CLIENT] - INFO - Sent reply
2025-04-01 12:17:55 - [Cluster 0 - CLIENT] - INFO - 
2025-04-01 12:17:55 - [Cluster 0 - CLIENT] - INFO - Received: evaluate message ed898024-f4fa-480e-84d3-2db5a266cb0d
2025-04-01 12:17:55 - [Cluster 0 - CLIENT] - INFO - 
2025-04-01 12:17:55 - [Cluster 0 - CLIENT] - INFO - Received: evaluate message ee3fb9fb-76ff-432d-97fd-5e9273f1854c
2025-04-01 12:17:55 - [Cluster 0 - CLIENT] - INFO - [Store 1099] Evaluation - Loss: 0.2978, MAE: 0.3562
2025-04-01 12:17:55 - [Cluster 0 - CLIENT] - INFO - Sent reply
2025-04-01 12:17:55 - [Cluster 0 - CLIENT] - INFO - [Store 65] Evaluation - Loss: 0.2159, MAE: 0.3112
2025-04-01 12:17:55 - [Cluster 0 - CLIENT] - INFO - Sent reply
2025-04-01 12:17:55 - [Cluster 0 - CLIENT] - INFO - 
2025-04-01 12:17:55 - [Cluster 0 - CLIENT] - INFO - Received: evaluate message 09288a8d-d63a-41f1-8b63-ff5dcc3108da
2025-04-01 12:17:55 - [Cluster 0 - CLIENT] - INFO - 
2025-04-01 12:17:55 - [Cluster 0 - CLIENT] - INFO - Received: evaluate message 0ab5ab54-59b1-4909-b00d-f23e24518558
2025-04-01 12:17:55 - [Cluster 0 - CLIENT] - INFO - [Store 360] Evaluation - Loss: 0.2547, MAE: 0.3264
2025-04-01 12:17:55 - [Cluster 0 - CLIENT] - INFO - Sent reply
2025-04-01 12:17:55 - [Cluster 0 - CLIENT] - INFO - 
2025-04-01 12:17:55 - [Cluster 0 - CLIENT] - INFO - Received: evaluate message 14d47ed3-fa91-40c1-abd4-234136aa4458
2025-04-01 12:17:55 - [Cluster 0 - CLIENT] - INFO - [Store 105] Evaluation - Loss: 0.3388, MAE: 0.4273
2025-04-01 12:17:55 - [Cluster 0 - CLIENT] - INFO - Sent reply
2025-04-01 12:17:55 - [Cluster 0 - CLIENT] - INFO - [Store 554] Evaluation - Loss: 0.5271, MAE: 0.5555
2025-04-01 12:17:55 - [Cluster 0 - CLIENT] - INFO - Sent reply
2025-04-01 12:17:55 - [Cluster 0 - CLIENT] - INFO - [Store 1042] Evaluation - Loss: 0.2836, MAE: 0.3457
2025-04-01 12:17:55 - [Cluster 0 - CLIENT] - INFO - Sent reply
2025-04-01 12:17:55 - [Cluster 0 - CLIENT] - INFO - 
2025-04-01 12:17:55 - [Cluster 0 - CLIENT] - INFO - Received: evaluate message 762d97cf-927a-4441-8d9e-45c2bff800e8
2025-04-01 12:17:55 - [Cluster 0 - CLIENT] - INFO - 
2025-04-01 12:17:55 - [Cluster 0 - CLIENT] - INFO - Received: evaluate message 2081f59b-dd0e-4b92-8489-59963d690f8c
2025-04-01 12:17:55 - [Cluster 0 - CLIENT] - INFO - 
2025-04-01 12:17:55 - [Cluster 0 - CLIENT] - INFO - Received: evaluate message 7d8d53ed-9657-4abd-b1d4-a102c57ec6c1
2025-04-01 12:17:56 - [Cluster 0 - CLIENT] - INFO - [Store 77] Evaluation - Loss: 0.2496, MAE: 0.3407
2025-04-01 12:17:56 - [Cluster 0 - CLIENT] - INFO - Sent reply
2025-04-01 12:17:56 - [Cluster 0 - CLIENT] - INFO - [Store 305] Evaluation - Loss: 0.5039, MAE: 0.5405
2025-04-01 12:17:56 - [Cluster 0 - CLIENT] - INFO - Sent reply
2025-04-01 12:17:56 - [Cluster 0 - CLIENT] - INFO - 
2025-04-01 12:17:56 - [Cluster 0 - CLIENT] - INFO - Received: evaluate message e989b8a1-3be4-4dbd-a5fa-c97aff9b6d95
2025-04-01 12:17:56 - [Cluster 0 - CLIENT] - INFO - 
2025-04-01 12:17:56 - [Cluster 0 - CLIENT] - INFO - Received: evaluate message 494337ee-9a0f-4c3c-abaa-d97342e6997e
2025-04-01 12:17:56 - [Cluster 0 - CLIENT] - INFO - [Store 305] Evaluation - Loss: 0.5039, MAE: 0.5405
2025-04-01 12:17:56 - [Cluster 0 - CLIENT] - INFO - Sent reply
2025-04-01 12:17:56 - [Cluster 0 - CLIENT] - INFO - [Store 440] Evaluation - Loss: 0.3454, MAE: 0.4018
2025-04-01 12:17:56 - [Cluster 0 - CLIENT] - INFO - Sent reply
2025-04-01 12:17:56 - [Cluster 0 - CLIENT] - INFO - [Store 730] Evaluation - Loss: 0.2134, MAE: 0.2920
2025-04-01 12:17:56 - [Cluster 0 - CLIENT] - INFO - Sent reply
2025-04-01 12:17:56 - [Cluster 0 - CLIENT] - INFO - [Store 718] Evaluation - Loss: 0.2023, MAE: 0.2664
2025-04-01 12:17:56 - [Cluster 0 - CLIENT] - INFO - [Store 254] Evaluation - Loss: 0.3179, MAE: 0.4095
2025-04-01 12:17:56 - [Cluster 0 - CLIENT] - INFO - Sent reply
2025-04-01 12:17:56 - [Cluster 0 - CLIENT] - INFO - Sent reply
2025-04-01 12:17:56 - [Cluster 0 - CLIENT] - INFO - [Store 628] Evaluation - Loss: 0.3252, MAE: 0.3563
2025-04-01 12:17:56 - [Cluster 0 - CLIENT] - INFO - Sent reply
2025-04-01 12:17:56 - [Cluster 0 - CLIENT] - INFO - [Store 47] Evaluation - Loss: 0.2754, MAE: 0.3317
2025-04-01 12:17:56 - [Cluster 0 - CLIENT] - INFO - Sent reply
2025-04-01 12:17:56 - [Cluster 0 - CLIENT] - INFO - [Store 658] Evaluation - Loss: 0.1921, MAE: 0.2858
2025-04-01 12:17:56 - [Cluster 0 - CLIENT] - INFO - Sent reply
2025-04-01 12:17:56 - [Cluster 0 - CLIENT] - INFO - [Store 200] Evaluation - Loss: 0.2805, MAE: 0.3163
2025-04-01 12:17:56 - [Cluster 0 - CLIENT] - INFO - Sent reply
2025-04-01 12:17:56 - [Cluster 0 - CLIENT] - INFO - [Store 857] Evaluation - Loss: 0.3672, MAE: 0.4166
2025-04-01 12:17:56 - [Cluster 0 - CLIENT] - INFO - Sent reply
2025-04-01 12:17:56 - [Cluster 0 - CLIENT] - INFO - [Store 74] Evaluation - Loss: 0.2403, MAE: 0.2967
2025-04-01 12:17:56 - [Cluster 0 - CLIENT] - INFO - Sent reply
2025-04-01 12:17:56 - [Cluster 0 - CLIENT] - INFO - [Store 1083] Evaluation - Loss: 0.4066, MAE: 0.4658
2025-04-01 12:17:56 - [Cluster 0 - CLIENT] - INFO - Sent reply
2025-04-01 12:17:56 - [Cluster 0 - CLIENT] - INFO - [Store 511] Evaluation - Loss: 0.2972, MAE: 0.3283
2025-04-01 12:17:56 - [Cluster 0 - CLIENT] - INFO - Sent reply
2025-04-01 12:17:56 - [Cluster 0 - CLIENT] - INFO - [Store 949] Evaluation - Loss: 0.2362, MAE: 0.3409
2025-04-01 12:17:56 - [Cluster 0 - CLIENT] - INFO - Sent reply
2025-04-01 12:17:56 - [Cluster 0 - CLIENT] - INFO - [Store 410] Evaluation - Loss: 0.2810, MAE: 0.3745
2025-04-01 12:17:56 - [Cluster 0 - CLIENT] - INFO - Sent reply
2025-04-01 12:17:57 - [Cluster 0 - CLIENT] - INFO - 
2025-04-01 12:17:57 - [Cluster 0 - CLIENT] - INFO - Received: train message bdfca9a2-5537-4cfc-9e25-b934700a7282
2025-04-01 12:17:57 - [Cluster 0 - CLIENT] - INFO - 
2025-04-01 12:17:57 - [Cluster 0 - CLIENT] - INFO - Received: train message 75e53171-a526-4cb3-b0c1-0ce6d893cc8a
2025-04-01 12:17:57 - [Cluster 0 - CLIENT] - INFO - 
2025-04-01 12:17:57 - [Cluster 0 - CLIENT] - INFO - Received: train message 9ec51274-b9c1-4001-acbf-fbb416ea6548
2025-04-01 12:17:57 - [Cluster 0 - CLIENT] - INFO - [Store 511] Starting local training.
2025-04-01 12:17:57 - [Cluster 0 - CLIENT] - INFO - [Store 658] Starting local training.
2025-04-01 12:17:57 - [Cluster 0 - CLIENT] - INFO - 
2025-04-01 12:17:57 - [Cluster 0 - CLIENT] - INFO - Received: train message 6963776b-f296-4b4d-b0f2-ae0d282fa4a5
2025-04-01 12:17:57 - [Cluster 0 - CLIENT] - INFO - [Store 440] Starting local training.
2025-04-01 12:17:57 - [Cluster 0 - CLIENT] - INFO - 
2025-04-01 12:17:57 - [Cluster 0 - CLIENT] - INFO - Received: train message 8d3e977c-ba4e-41e1-976f-bb91414c4305
2025-04-01 12:17:57 - [Cluster 0 - CLIENT] - INFO - [Store 47] Starting local training.
2025-04-01 12:17:57 - [Cluster 0 - CLIENT] - INFO - [Store 949] Starting local training.
2025-04-01 12:17:57 - [Cluster 0 - CLIENT] - INFO - 
2025-04-01 12:17:57 - [Cluster 0 - CLIENT] - INFO - Received: train message 2bf7a7cd-2278-4ee5-aa80-c3c083684719
2025-04-01 12:17:57 - [Cluster 0 - CLIENT] - INFO - 
2025-04-01 12:17:57 - [Cluster 0 - CLIENT] - INFO - Received: train message d91bcc6c-70e2-4af7-ab5c-71ea31b19fd9
2025-04-01 12:17:57 - [Cluster 0 - CLIENT] - INFO - 
2025-04-01 12:17:57 - [Cluster 0 - CLIENT] - INFO - Received: train message c82bf76e-a48c-4aa1-8d1a-6627d25ef5d5
2025-04-01 12:17:57 - [Cluster 0 - CLIENT] - INFO - [Store 554] Starting local training.
2025-04-01 12:17:57 - [Cluster 0 - CLIENT] - INFO - 
2025-04-01 12:17:57 - [Cluster 0 - CLIENT] - INFO - Received: train message beed31c5-7d30-417e-bf4f-2e0353f2eb46
2025-04-01 12:17:57 - [Cluster 0 - CLIENT] - INFO - 
2025-04-01 12:17:57 - [Cluster 0 - CLIENT] - INFO - Received: train message daa939aa-110c-475e-a906-71da429657f1
2025-04-01 12:17:57 - [Cluster 0 - CLIENT] - INFO - [Store 74] Starting local training.
2025-04-01 12:17:57 - [Cluster 0 - CLIENT] - INFO - 
2025-04-01 12:17:57 - [Cluster 0 - CLIENT] - INFO - Received: train message 092b2a86-d814-4d8a-9d09-89698afd5e1f
2025-04-01 12:17:57 - [Cluster 0 - CLIENT] - INFO - 
2025-04-01 12:17:57 - [Cluster 0 - CLIENT] - INFO - Received: train message 15c6e77d-e8b3-485e-ae68-5d211b069744
2025-04-01 12:17:57 - [Cluster 0 - CLIENT] - INFO - 
2025-04-01 12:17:57 - [Cluster 0 - CLIENT] - INFO - Received: train message 6e4da484-8a6e-47db-8a33-cffcf03a7bdf
2025-04-01 12:17:57 - [Cluster 0 - CLIENT] - INFO - 
2025-04-01 12:17:57 - [Cluster 0 - CLIENT] - INFO - Received: train message 1431bda8-2b95-45b3-ba83-1527a4796171
2025-04-01 12:17:57 - [Cluster 0 - CLIENT] - INFO - 
2025-04-01 12:17:57 - [Cluster 0 - CLIENT] - INFO - Received: train message 43ffdbef-8535-48a8-aec0-bc480ecde649
2025-04-01 12:17:57 - [Cluster 0 - CLIENT] - INFO - [Store 410] Starting local training.
2025-04-01 12:17:57 - [Cluster 0 - CLIENT] - INFO - [Store 305] Starting local training.
2025-04-01 12:17:57 - [Cluster 0 - CLIENT] - INFO - [Store 922] Starting local training.
2025-04-01 12:17:57 - [Cluster 0 - CLIENT] - INFO - [Store 200] Starting local training.
2025-04-01 12:17:57 - [Cluster 0 - CLIENT] - INFO - [Store 105] Starting local training.
2025-04-01 12:17:57 - [Cluster 0 - CLIENT] - INFO - [Store 260] Starting local training.
2025-04-01 12:17:57 - [Cluster 0 - CLIENT] - INFO - [Store 886] Starting local training.
2025-04-01 12:17:57 - [Cluster 0 - CLIENT] - INFO - [Store 795] Starting local training.
2025-04-01 12:21:41 - [Cluster 0 - CLIENT] - INFO - [Store 105] Local training complete.
2025-04-01 12:21:41 - [Cluster 0 - CLIENT] - INFO - Sent reply
2025-04-01 12:21:41 - [Cluster 0 - CLIENT] - INFO - 
2025-04-01 12:21:41 - [Cluster 0 - CLIENT] - INFO - Received: train message 2f246c19-02cb-4bb2-8d10-911292825253
2025-04-01 12:21:41 - [Cluster 0 - CLIENT] - INFO - [Store 254] Starting local training.
2025-04-01 12:21:42 - [Cluster 0 - CLIENT] - INFO - [Store 260] Local training complete.
2025-04-01 12:21:42 - [Cluster 0 - CLIENT] - INFO - Sent reply
2025-04-01 12:21:43 - [Cluster 0 - CLIENT] - INFO - 
2025-04-01 12:21:43 - [Cluster 0 - CLIENT] - INFO - Received: train message ee217a37-21a2-47fd-8951-64e79e475ff9
2025-04-01 12:21:43 - [Cluster 0 - CLIENT] - INFO - [Store 1099] Starting local training.
2025-04-01 12:21:44 - [Cluster 0 - CLIENT] - INFO - [Store 511] Local training complete.
2025-04-01 12:21:44 - [Cluster 0 - CLIENT] - INFO - Sent reply
2025-04-01 12:21:44 - [Cluster 0 - CLIENT] - INFO - 
2025-04-01 12:21:44 - [Cluster 0 - CLIENT] - INFO - Received: train message 6aed2b89-058e-42a1-9ff6-b034349a8eee
2025-04-01 12:21:44 - [Cluster 0 - CLIENT] - INFO - [Store 201] Starting local training.
2025-04-01 12:21:45 - [Cluster 0 - CLIENT] - INFO - [Store 200] Local training complete.
2025-04-01 12:21:45 - [Cluster 0 - CLIENT] - INFO - [Store 440] Local training complete.
2025-04-01 12:21:45 - [Cluster 0 - CLIENT] - INFO - Sent reply
2025-04-01 12:21:45 - [Cluster 0 - CLIENT] - INFO - 
2025-04-01 12:21:45 - [Cluster 0 - CLIENT] - INFO - Received: train message 44a365a9-6a49-46e3-94f1-df9592655928
2025-04-01 12:21:45 - [Cluster 0 - CLIENT] - INFO - Sent reply
2025-04-01 12:21:45 - [Cluster 0 - CLIENT] - INFO - [Store 949] Local training complete.
2025-04-01 12:21:45 - [Cluster 0 - CLIENT] - INFO - [Store 1083] Starting local training.
2025-04-01 12:21:45 - [Cluster 0 - CLIENT] - INFO - Sent reply
2025-04-01 12:21:45 - [Cluster 0 - CLIENT] - INFO - 
2025-04-01 12:21:45 - [Cluster 0 - CLIENT] - INFO - Received: train message 5e0a7aec-fce5-4d9d-b3d6-76d22894190a
2025-04-01 12:21:45 - [Cluster 0 - CLIENT] - INFO - 
2025-04-01 12:21:45 - [Cluster 0 - CLIENT] - INFO - Received: train message 62ec0fdd-df9f-467f-ba17-4a410fa0d74c
2025-04-01 12:21:45 - [Cluster 0 - CLIENT] - INFO - [Store 886] Local training complete.
2025-04-01 12:21:46 - [Cluster 0 - CLIENT] - INFO - [Store 1073] Starting local training.
2025-04-01 12:21:46 - [Cluster 0 - CLIENT] - INFO - Sent reply
2025-04-01 12:21:46 - [Cluster 0 - CLIENT] - INFO - [Store 305] Local training complete.
2025-04-01 12:21:46 - [Cluster 0 - CLIENT] - INFO - [Store 47] Local training complete.
2025-04-01 12:21:46 - [Cluster 0 - CLIENT] - INFO - [Store 658] Local training complete.
2025-04-01 12:21:46 - [Cluster 0 - CLIENT] - INFO - [Store 730] Starting local training.
2025-04-01 12:21:46 - [Cluster 0 - CLIENT] - INFO - 
2025-04-01 12:21:46 - [Cluster 0 - CLIENT] - INFO - Received: train message 38f33e1b-80e7-44e0-9475-5741fc1ccb13
2025-04-01 12:21:46 - [Cluster 0 - CLIENT] - INFO - Sent reply
2025-04-01 12:21:46 - [Cluster 0 - CLIENT] - INFO - Sent reply
2025-04-01 12:21:46 - [Cluster 0 - CLIENT] - INFO - Sent reply
2025-04-01 12:21:46 - [Cluster 0 - CLIENT] - INFO - 
2025-04-01 12:21:46 - [Cluster 0 - CLIENT] - INFO - Received: train message e9b6a567-3b9f-4425-8f1e-2438916869a2
2025-04-01 12:21:46 - [Cluster 0 - CLIENT] - INFO - [Store 65] Starting local training.
2025-04-01 12:21:46 - [Cluster 0 - CLIENT] - INFO - 
2025-04-01 12:21:46 - [Cluster 0 - CLIENT] - INFO - 
2025-04-01 12:21:46 - [Cluster 0 - CLIENT] - INFO - Received: train message a29117b3-5070-4712-8a44-115b1dd0f465
2025-04-01 12:21:46 - [Cluster 0 - CLIENT] - INFO - Received: train message 45b9cd87-7d27-465e-a9f1-ba6aa2ac4956
2025-04-01 12:21:46 - [Cluster 0 - CLIENT] - INFO - [Store 305] Starting local training.
2025-04-01 12:21:46 - [Cluster 0 - CLIENT] - INFO - [Store 1042] Starting local training.
2025-04-01 12:21:46 - [Cluster 0 - CLIENT] - INFO - [Store 77] Starting local training.
2025-04-01 12:21:47 - [Cluster 0 - CLIENT] - INFO - [Store 74] Local training complete.
2025-04-01 12:21:47 - [Cluster 0 - CLIENT] - INFO - Sent reply
2025-04-01 12:21:47 - [Cluster 0 - CLIENT] - INFO - 
2025-04-01 12:21:47 - [Cluster 0 - CLIENT] - INFO - Received: train message 00cd74be-e1e6-4923-9248-35f1432e8b76
2025-04-01 12:21:47 - [Cluster 0 - CLIENT] - INFO - [Store 55] Starting local training.
2025-04-01 12:21:50 - [Cluster 0 - CLIENT] - INFO - [Store 922] Local training complete.
2025-04-01 12:21:50 - [Cluster 0 - CLIENT] - INFO - Sent reply
2025-04-01 12:21:51 - [Cluster 0 - CLIENT] - INFO - 
2025-04-01 12:21:51 - [Cluster 0 - CLIENT] - INFO - Received: train message 1d73969a-f461-4962-954d-fe237b864ea7
2025-04-01 12:21:51 - [Cluster 0 - CLIENT] - INFO - [Store 718] Starting local training.
2025-04-01 12:22:07 - [Cluster 0 - CLIENT] - INFO - [Store 795] Local training complete.
2025-04-01 12:22:07 - [Cluster 0 - CLIENT] - INFO - Sent reply
2025-04-01 12:22:07 - [Cluster 0 - CLIENT] - INFO - 
2025-04-01 12:22:07 - [Cluster 0 - CLIENT] - INFO - Received: train message 90705ec5-c6de-4a8d-a3c1-5ed39354bd3a
2025-04-01 12:22:07 - [Cluster 0 - CLIENT] - INFO - [Store 628] Starting local training.
2025-04-01 12:22:11 - [Cluster 0 - CLIENT] - INFO - [Store 554] Local training complete.
2025-04-01 12:22:11 - [Cluster 0 - CLIENT] - INFO - Sent reply
2025-04-01 12:22:11 - [Cluster 0 - CLIENT] - INFO - 
2025-04-01 12:22:11 - [Cluster 0 - CLIENT] - INFO - Received: train message d761e915-8a85-4618-ba72-8065184c00a3
2025-04-01 12:22:11 - [Cluster 0 - CLIENT] - INFO - [Store 360] Starting local training.
2025-04-01 12:22:12 - [Cluster 0 - CLIENT] - INFO - [Store 410] Local training complete.
2025-04-01 12:22:12 - [Cluster 0 - CLIENT] - INFO - Sent reply
2025-04-01 12:22:12 - [Cluster 0 - CLIENT] - INFO - 
2025-04-01 12:22:12 - [Cluster 0 - CLIENT] - INFO - Received: train message dacce619-02da-4f14-b56a-9a697a9c2e6e
2025-04-01 12:22:13 - [Cluster 0 - CLIENT] - INFO - [Store 857] Starting local training.
2025-04-01 12:25:10 - [Cluster 0 - CLIENT] - INFO - [Store 254] Local training complete.
2025-04-01 12:25:10 - [Cluster 0 - CLIENT] - INFO - Sent reply
2025-04-01 12:25:16 - [Cluster 0 - CLIENT] - INFO - [Store 1099] Local training complete.
2025-04-01 12:25:16 - [Cluster 0 - CLIENT] - INFO - [Store 1042] Local training complete.
2025-04-01 12:25:16 - [Cluster 0 - CLIENT] - INFO - Sent reply
2025-04-01 12:25:16 - [Cluster 0 - CLIENT] - INFO - Sent reply
2025-04-01 12:25:16 - [Cluster 0 - CLIENT] - INFO - [Store 201] Local training complete.
2025-04-01 12:25:16 - [Cluster 0 - CLIENT] - INFO - Sent reply
2025-04-01 12:25:16 - [Cluster 0 - CLIENT] - INFO - [Store 730] Local training complete.
2025-04-01 12:25:16 - [Cluster 0 - CLIENT] - INFO - Sent reply
2025-04-01 12:25:17 - [Cluster 0 - CLIENT] - INFO - [Store 77] Local training complete.
2025-04-01 12:25:17 - [Cluster 0 - CLIENT] - INFO - Sent reply
2025-04-01 12:25:18 - [Cluster 0 - CLIENT] - INFO - [Store 718] Local training complete.
2025-04-01 12:25:18 - [Cluster 0 - CLIENT] - INFO - [Store 55] Local training complete.
2025-04-01 12:25:18 - [Cluster 0 - CLIENT] - INFO - Sent reply
2025-04-01 12:25:18 - [Cluster 0 - CLIENT] - INFO - Sent reply
2025-04-01 12:25:18 - [Cluster 0 - CLIENT] - INFO - [Store 305] Local training complete.
2025-04-01 12:25:18 - [Cluster 0 - CLIENT] - INFO - Sent reply
2025-04-01 12:25:18 - [Cluster 0 - CLIENT] - INFO - [Store 1083] Local training complete.
2025-04-01 12:25:18 - [Cluster 0 - CLIENT] - INFO - Sent reply
2025-04-01 12:25:19 - [Cluster 0 - CLIENT] - INFO - [Store 65] Local training complete.
2025-04-01 12:25:19 - [Cluster 0 - CLIENT] - INFO - Sent reply
2025-04-01 12:25:22 - [Cluster 0 - CLIENT] - INFO - [Store 1073] Local training complete.
2025-04-01 12:25:22 - [Cluster 0 - CLIENT] - INFO - Sent reply
2025-04-01 12:25:23 - [Cluster 0 - CLIENT] - INFO - [Store 628] Local training complete.
2025-04-01 12:25:23 - [Cluster 0 - CLIENT] - INFO - Sent reply
2025-04-01 12:25:23 - [Cluster 0 - CLIENT] - INFO - [Store 360] Local training complete.
2025-04-01 12:25:23 - [Cluster 0 - CLIENT] - INFO - Sent reply
2025-04-01 12:25:23 - [Cluster 0 - CLIENT] - INFO - [Store 857] Local training complete.
2025-04-01 12:25:23 - [Cluster 0 - CLIENT] - INFO - Sent reply
2025-04-01 12:25:24 - [Cluster 0 - CLIENT] - INFO - 
2025-04-01 12:25:24 - [Cluster 0 - CLIENT] - INFO - Received: evaluate message 7c3f6001-5aff-4b69-b30e-55f5747c83a6
2025-04-01 12:25:24 - [Cluster 0 - CLIENT] - INFO - 
2025-04-01 12:25:24 - [Cluster 0 - CLIENT] - INFO - Received: evaluate message 6d7343bb-22d3-4c32-9432-f5e515a30e52
2025-04-01 12:25:24 - [Cluster 0 - CLIENT] - INFO - 
2025-04-01 12:25:24 - [Cluster 0 - CLIENT] - INFO - Received: evaluate message 46caf0dc-c67b-451f-97c8-5dea52eec341
2025-04-01 12:25:24 - [Cluster 0 - CLIENT] - INFO - 
2025-04-01 12:25:24 - [Cluster 0 - CLIENT] - INFO - Received: evaluate message bc912fad-f4f1-4478-a7f5-5514303873d4
2025-04-01 12:25:24 - [Cluster 0 - CLIENT] - INFO - 
2025-04-01 12:25:24 - [Cluster 0 - CLIENT] - INFO - Received: evaluate message d43fa9a0-cc5a-469c-b9ba-5f4eced0423f
2025-04-01 12:25:24 - [Cluster 0 - CLIENT] - INFO - 
2025-04-01 12:25:24 - [Cluster 0 - CLIENT] - INFO - Received: evaluate message c4bfbac0-212d-47d1-a475-9b91fdd12679
2025-04-01 12:25:24 - [Cluster 0 - CLIENT] - INFO - 
2025-04-01 12:25:24 - [Cluster 0 - CLIENT] - INFO - Received: evaluate message e976cd8e-e250-4ba9-bb61-24f3dc9063a0
2025-04-01 12:25:24 - [Cluster 0 - CLIENT] - INFO - 
2025-04-01 12:25:24 - [Cluster 0 - CLIENT] - INFO - Received: evaluate message 3aa9aa45-5423-43c2-8f72-072e64b06e5e
2025-04-01 12:25:24 - [Cluster 0 - CLIENT] - INFO - 
2025-04-01 12:25:24 - [Cluster 0 - CLIENT] - INFO - Received: evaluate message 7f925760-c338-4e09-b11e-7af269534564
2025-04-01 12:25:24 - [Cluster 0 - CLIENT] - INFO - 
2025-04-01 12:25:24 - [Cluster 0 - CLIENT] - INFO - Received: evaluate message 08cbc8c3-6e88-4e6a-b26f-df83f65a849f
2025-04-01 12:25:24 - [Cluster 0 - CLIENT] - INFO - 
2025-04-01 12:25:24 - [Cluster 0 - CLIENT] - INFO - Received: evaluate message 551ca43d-48d8-476b-a596-8b8c2ef097b4
2025-04-01 12:25:24 - [Cluster 0 - CLIENT] - INFO - 
2025-04-01 12:25:24 - [Cluster 0 - CLIENT] - INFO - Received: evaluate message 3ff8a210-8bb3-465f-94e7-e8c88a879762
2025-04-01 12:25:24 - [Cluster 0 - CLIENT] - INFO - 
2025-04-01 12:25:24 - [Cluster 0 - CLIENT] - INFO - Received: evaluate message 5ef5fe61-f75a-4084-be13-eb56a9a28548
2025-04-01 12:25:24 - [Cluster 0 - CLIENT] - INFO - 
2025-04-01 12:25:24 - [Cluster 0 - CLIENT] - INFO - Received: evaluate message abfb38c9-2d56-4bff-9097-8b9ef4faf205
2025-04-01 12:25:24 - [Cluster 0 - CLIENT] - INFO - 
2025-04-01 12:25:24 - [Cluster 0 - CLIENT] - INFO - Received: evaluate message 7aef00d5-2ecf-42b9-bac3-c72de5a489f9
2025-04-01 12:25:24 - [Cluster 0 - CLIENT] - INFO - [Store 628] Evaluation - Loss: 0.3106, MAE: 0.3328
2025-04-01 12:25:24 - [Cluster 0 - CLIENT] - INFO - Sent reply
2025-04-01 12:25:24 - [Cluster 0 - CLIENT] - INFO - 
2025-04-01 12:25:24 - [Cluster 0 - CLIENT] - INFO - Received: evaluate message e96d43dc-53aa-40b1-bc65-9c5a886cd222
2025-04-01 12:25:24 - [Cluster 0 - CLIENT] - INFO - [Store 360] Evaluation - Loss: 0.2393, MAE: 0.3028
2025-04-01 12:25:24 - [Cluster 0 - CLIENT] - INFO - Sent reply
2025-04-01 12:25:24 - [Cluster 0 - CLIENT] - INFO - [Store 857] Evaluation - Loss: 0.3455, MAE: 0.3864
2025-04-01 12:25:24 - [Cluster 0 - CLIENT] - INFO - Sent reply
2025-04-01 12:25:24 - [Cluster 0 - CLIENT] - INFO - 
2025-04-01 12:25:24 - [Cluster 0 - CLIENT] - INFO - Received: evaluate message c2fab946-2091-4201-87a9-85d4b325de72
2025-04-01 12:25:24 - [Cluster 0 - CLIENT] - INFO - 
2025-04-01 12:25:24 - [Cluster 0 - CLIENT] - INFO - Received: evaluate message afc935d1-4377-4b36-9cda-47747836ddf9
2025-04-01 12:25:25 - [Cluster 0 - CLIENT] - INFO - [Store 201] Evaluation - Loss: 0.2813, MAE: 0.3381
2025-04-01 12:25:25 - [Cluster 0 - CLIENT] - INFO - Sent reply
2025-04-01 12:25:25 - [Cluster 0 - CLIENT] - INFO - 
2025-04-01 12:25:25 - [Cluster 0 - CLIENT] - INFO - Received: evaluate message 772c9915-398b-497b-b55a-e188451c9b40
2025-04-01 12:25:25 - [Cluster 0 - CLIENT] - INFO - [Store 1099] Evaluation - Loss: 0.3128, MAE: 0.3721
2025-04-01 12:25:25 - [Cluster 0 - CLIENT] - INFO - Sent reply
2025-04-01 12:25:25 - [Cluster 0 - CLIENT] - INFO - 
2025-04-01 12:25:25 - [Cluster 0 - CLIENT] - INFO - Received: evaluate message 74912167-c374-4d95-b2b0-64c07e202d83
2025-04-01 12:25:25 - [Cluster 0 - CLIENT] - INFO - [Store 511] Evaluation - Loss: 0.2728, MAE: 0.3072
2025-04-01 12:25:25 - [Cluster 0 - CLIENT] - INFO - Sent reply
2025-04-01 12:25:25 - [Cluster 0 - CLIENT] - INFO - 
2025-04-01 12:25:25 - [Cluster 0 - CLIENT] - INFO - Received: evaluate message 7a836320-4bfe-46b7-9b17-628a3695b3ad
2025-04-01 12:25:25 - [Cluster 0 - CLIENT] - INFO - [Store 200] Evaluation - Loss: 0.2709, MAE: 0.3038
2025-04-01 12:25:25 - [Cluster 0 - CLIENT] - INFO - [Store 886] Evaluation - Loss: 0.2970, MAE: 0.3581
2025-04-01 12:25:25 - [Cluster 0 - CLIENT] - INFO - Sent reply
2025-04-01 12:25:25 - [Cluster 0 - CLIENT] - INFO - Sent reply
2025-04-01 12:25:25 - [Cluster 0 - CLIENT] - INFO - [Store 305] Evaluation - Loss: 0.4715, MAE: 0.5032
2025-04-01 12:25:25 - [Cluster 0 - CLIENT] - INFO - Sent reply
2025-04-01 12:25:25 - [Cluster 0 - CLIENT] - INFO - 
2025-04-01 12:25:25 - [Cluster 0 - CLIENT] - INFO - Received: evaluate message aaf9e155-056f-440a-a886-3845118ed481
2025-04-01 12:25:25 - [Cluster 0 - CLIENT] - INFO - [Store 658] Evaluation - Loss: 0.1958, MAE: 0.2709
2025-04-01 12:25:25 - [Cluster 0 - CLIENT] - INFO - 
2025-04-01 12:25:25 - [Cluster 0 - CLIENT] - INFO - Received: evaluate message 03d3ec97-590b-4f83-a669-1185855a0c82
2025-04-01 12:25:25 - [Cluster 0 - CLIENT] - INFO - Sent reply
2025-04-01 12:25:25 - [Cluster 0 - CLIENT] - INFO - 
2025-04-01 12:25:25 - [Cluster 0 - CLIENT] - INFO - Received: evaluate message f26c3fec-f2d5-4a28-a2d7-468f1f7cc1c4
2025-04-01 12:25:25 - [Cluster 0 - CLIENT] - INFO - [Store 949] Evaluation - Loss: 0.2271, MAE: 0.3194
2025-04-01 12:25:25 - [Cluster 0 - CLIENT] - INFO - Sent reply
2025-04-01 12:25:25 - [Cluster 0 - CLIENT] - INFO - 
2025-04-01 12:25:25 - [Cluster 0 - CLIENT] - INFO - Received: evaluate message 784cd78a-450e-4c24-af43-a6dcd9a4e538
2025-04-01 12:25:25 - [Cluster 0 - CLIENT] - INFO - 
2025-04-01 12:25:25 - [Cluster 0 - CLIENT] - INFO - Received: evaluate message 6d140de8-822a-4d03-a235-4952253e9d48
2025-04-01 12:25:25 - [Cluster 0 - CLIENT] - INFO - [Store 254] Evaluation - Loss: 0.3127, MAE: 0.3849
2025-04-01 12:25:25 - [Cluster 0 - CLIENT] - INFO - [Store 260] Evaluation - Loss: 0.2397, MAE: 0.2997
2025-04-01 12:25:25 - [Cluster 0 - CLIENT] - INFO - Sent reply
2025-04-01 12:25:25 - [Cluster 0 - CLIENT] - INFO - Sent reply
2025-04-01 12:25:25 - [Cluster 0 - CLIENT] - INFO - 
2025-04-01 12:25:25 - [Cluster 0 - CLIENT] - INFO - Received: evaluate message 1fda359b-ff69-46b5-a0ef-1356d9130e60
2025-04-01 12:25:25 - [Cluster 0 - CLIENT] - INFO - 
2025-04-01 12:25:25 - [Cluster 0 - CLIENT] - INFO - Received: evaluate message 620c5c91-4a9a-4466-bb6c-33db63317559
2025-04-01 12:25:25 - [Cluster 0 - CLIENT] - INFO - [Store 554] Evaluation - Loss: 0.4672, MAE: 0.5193
2025-04-01 12:25:25 - [Cluster 0 - CLIENT] - INFO - Sent reply
2025-04-01 12:25:25 - [Cluster 0 - CLIENT] - INFO - 
2025-04-01 12:25:25 - [Cluster 0 - CLIENT] - INFO - Received: evaluate message 0db5217d-5001-4af2-9df4-a0f8530d89f4
2025-04-01 12:25:25 - [Cluster 0 - CLIENT] - INFO - [Store 795] Evaluation - Loss: 0.2913, MAE: 0.3711
2025-04-01 12:25:25 - [Cluster 0 - CLIENT] - INFO - Sent reply
2025-04-01 12:25:25 - [Cluster 0 - CLIENT] - INFO - 
2025-04-01 12:25:25 - [Cluster 0 - CLIENT] - INFO - Received: evaluate message f47654fa-fd8a-4ae1-ba2b-00587accad91
2025-04-01 12:25:25 - [Cluster 0 - CLIENT] - INFO - [Store 47] Evaluation - Loss: 0.2499, MAE: 0.3005
2025-04-01 12:25:25 - [Cluster 0 - CLIENT] - INFO - Sent reply
2025-04-01 12:25:26 - [Cluster 0 - CLIENT] - INFO - [Store 65] Evaluation - Loss: 0.2135, MAE: 0.2938
2025-04-01 12:25:26 - [Cluster 0 - CLIENT] - INFO - Sent reply
2025-04-01 12:25:26 - [Cluster 0 - CLIENT] - INFO - [Store 74] Evaluation - Loss: 0.2416, MAE: 0.2816
2025-04-01 12:25:26 - [Cluster 0 - CLIENT] - INFO - Sent reply
2025-04-01 12:25:26 - [Cluster 0 - CLIENT] - INFO - [Store 55] Evaluation - Loss: 0.2793, MAE: 0.3917
2025-04-01 12:25:26 - [Cluster 0 - CLIENT] - INFO - Sent reply
2025-04-01 12:25:26 - [Cluster 0 - CLIENT] - INFO - [Store 1073] Evaluation - Loss: 0.9614, MAE: 0.6641
2025-04-01 12:25:26 - [Cluster 0 - CLIENT] - INFO - Sent reply
2025-04-01 12:25:26 - [Cluster 0 - CLIENT] - INFO - [Store 305] Evaluation - Loss: 0.4715, MAE: 0.5032
2025-04-01 12:25:26 - [Cluster 0 - CLIENT] - INFO - Sent reply
2025-04-01 12:25:26 - [Cluster 0 - CLIENT] - INFO - [Store 922] Evaluation - Loss: 0.2159, MAE: 0.3074
2025-04-01 12:25:26 - [Cluster 0 - CLIENT] - INFO - Sent reply
2025-04-01 12:25:26 - [Cluster 0 - CLIENT] - INFO - [Store 410] Evaluation - Loss: 0.2879, MAE: 0.3589
2025-04-01 12:25:26 - [Cluster 0 - CLIENT] - INFO - [Store 718] Evaluation - Loss: 0.1961, MAE: 0.2509
2025-04-01 12:25:26 - [Cluster 0 - CLIENT] - INFO - Sent reply
2025-04-01 12:25:26 - [Cluster 0 - CLIENT] - INFO - Sent reply
2025-04-01 12:25:26 - [Cluster 0 - CLIENT] - INFO - [Store 1042] Evaluation - Loss: 0.2933, MAE: 0.3325
2025-04-01 12:25:26 - [Cluster 0 - CLIENT] - INFO - Sent reply
2025-04-01 12:25:26 - [Cluster 0 - CLIENT] - INFO - [Store 77] Evaluation - Loss: 0.2348, MAE: 0.3108
2025-04-01 12:25:26 - [Cluster 0 - CLIENT] - INFO - Sent reply
2025-04-01 12:25:26 - [Cluster 0 - CLIENT] - INFO - [Store 105] Evaluation - Loss: 0.3057, MAE: 0.4028
2025-04-01 12:25:26 - [Cluster 0 - CLIENT] - INFO - Sent reply
2025-04-01 12:25:26 - [Cluster 0 - CLIENT] - INFO - [Store 1083] Evaluation - Loss: 0.3696, MAE: 0.4220
2025-04-01 12:25:26 - [Cluster 0 - CLIENT] - INFO - Sent reply
2025-04-01 12:25:26 - [Cluster 0 - CLIENT] - INFO - [Store 440] Evaluation - Loss: 0.3261, MAE: 0.3713
2025-04-01 12:25:26 - [Cluster 0 - CLIENT] - INFO - Sent reply
2025-04-01 12:25:26 - [Cluster 0 - CLIENT] - INFO - [Store 730] Evaluation - Loss: 0.2137, MAE: 0.2795
2025-04-01 12:25:26 - [Cluster 0 - CLIENT] - INFO - Sent reply
2025-04-01 12:25:26 - [Cluster 0 - CLIENT] - INFO - 
2025-04-01 12:25:26 - [Cluster 0 - CLIENT] - INFO - Received: reconnect message cde043aa-21b5-4e85-9d05-a5c810a5b4f4
2025-04-01 12:25:26 - [Cluster 0 - CLIENT] - INFO - 
2025-04-01 12:25:26 - [Cluster 0 - CLIENT] - INFO - Received: reconnect message 03718d27-a9f5-48a7-b928-da23ae973b00
2025-04-01 12:25:26 - [Cluster 0 - CLIENT] - INFO - 
2025-04-01 12:25:26 - [Cluster 0 - CLIENT] - INFO - Received: reconnect message 16cd8595-2ac5-403a-950c-1ec1cba7360b
2025-04-01 12:25:26 - [Cluster 0 - CLIENT] - INFO - 
2025-04-01 12:25:26 - [Cluster 0 - CLIENT] - INFO - Received: reconnect message fdf898b0-3453-409c-926a-7b7913790de4
2025-04-01 12:25:26 - [Cluster 0 - CLIENT] - INFO - 
2025-04-01 12:25:26 - [Cluster 0 - CLIENT] - INFO - Received: reconnect message 8d3b850b-8ff7-4e9a-80f1-6fa768deb3fb
2025-04-01 12:25:26 - [Cluster 0 - CLIENT] - INFO - 
2025-04-01 12:25:26 - [Cluster 0 - CLIENT] - INFO - Received: reconnect message ccc95e75-8bd8-4c93-8d36-02bfafcde262
2025-04-01 12:25:26 - [Cluster 0 - CLIENT] - INFO - 
2025-04-01 12:25:26 - [Cluster 0 - CLIENT] - INFO - Received: reconnect message d4afd536-537f-4d43-ab68-308d1b00a6c3
2025-04-01 12:25:26 - [Cluster 0 - CLIENT] - INFO - 
2025-04-01 12:25:26 - [Cluster 0 - CLIENT] - INFO - Received: reconnect message 96d5e27c-8b1a-4382-9a86-527314a37f38
2025-04-01 12:25:26 - [Cluster 0 - CLIENT] - INFO - 
2025-04-01 12:25:26 - [Cluster 0 - CLIENT] - INFO - Received: reconnect message 6a57d67a-e641-44f8-927d-ea0251d67c1f
2025-04-01 12:25:26 - [Cluster 0 - CLIENT] - INFO - 
2025-04-01 12:25:26 - [Cluster 0 - CLIENT] - INFO - Received: reconnect message 7db498e6-c5f6-450c-8bef-3796a046b4e3
2025-04-01 12:25:26 - [Cluster 0 - CLIENT] - INFO - 
2025-04-01 12:25:26 - [Cluster 0 - CLIENT] - INFO - Received: reconnect message 6c0020eb-975e-4417-9505-2328bfbe6b92
2025-04-01 12:25:26 - [Cluster 0 - CLIENT] - INFO - 
2025-04-01 12:25:26 - [Cluster 0 - CLIENT] - INFO - Received: reconnect message b2c0acf4-cdb8-4112-9316-b075ed0b5709
2025-04-01 12:25:26 - [Cluster 0 - CLIENT] - INFO - 
2025-04-01 12:25:26 - [Cluster 0 - CLIENT] - INFO - Received: reconnect message e0a0e1ea-35c3-4569-af58-6d2781199724
2025-04-01 12:25:26 - [Cluster 0 - CLIENT] - INFO - 
2025-04-01 12:25:26 - [Cluster 0 - CLIENT] - INFO - Received: reconnect message 3303593a-5f71-4a02-89c8-c9edb18ae0b1
2025-04-01 12:25:26 - [Cluster 0 - CLIENT] - INFO - 
2025-04-01 12:25:26 - [Cluster 0 - CLIENT] - INFO - Received: reconnect message f649bb81-4d0f-45f5-ab46-ab4f0f59635e
2025-04-01 12:25:26 - [Cluster 0 - CLIENT] - INFO - 
2025-04-01 12:25:26 - [Cluster 0 - CLIENT] - INFO - Received: reconnect message 588d7264-3495-4913-9830-3fbca0ff6369
2025-04-01 12:25:26 - [Cluster 0 - CLIENT] - INFO - 
2025-04-01 12:25:26 - [Cluster 0 - CLIENT] - INFO - Received: reconnect message 71015b41-22c5-4ba7-9b71-b067fc5f5790
2025-04-01 12:25:26 - [Cluster 0 - CLIENT] - INFO - 
2025-04-01 12:25:26 - [Cluster 0 - CLIENT] - INFO - Received: reconnect message a46f8d7b-d6bc-4366-9b39-ecd3e74facb5
2025-04-01 12:25:26 - [Cluster 0 - CLIENT] - INFO - 
2025-04-01 12:25:26 - [Cluster 0 - CLIENT] - INFO - Received: reconnect message db5fbb95-d34a-4a86-b5a3-c9a4028db59b
2025-04-01 12:25:26 - [Cluster 0 - CLIENT] - INFO - 
2025-04-01 12:25:26 - [Cluster 0 - CLIENT] - INFO - Received: reconnect message 0c627c50-bfa8-490c-bb85-4ab15341efba
2025-04-01 12:25:26 - [Cluster 0 - CLIENT] - INFO - 
2025-04-01 12:25:26 - [Cluster 0 - CLIENT] - INFO - Received: reconnect message 49537c09-31df-4b5e-a04a-780e8a46e4a7
2025-04-01 12:25:26 - [Cluster 0 - CLIENT] - INFO - 
2025-04-01 12:25:26 - [Cluster 0 - CLIENT] - INFO - Received: reconnect message efb58dc5-180c-4ca1-98ec-13e40fa00a80
2025-04-01 12:25:26 - [Cluster 0 - CLIENT] - INFO - 
2025-04-01 12:25:26 - [Cluster 0 - CLIENT] - INFO - Received: reconnect message 54cd7003-deb3-49d6-898d-c8f02f834810
2025-04-01 12:25:26 - [Cluster 0 - CLIENT] - INFO - 
2025-04-01 12:25:26 - [Cluster 0 - CLIENT] - INFO - Received: reconnect message 8bd8534c-a987-4540-a519-524822092e78
2025-04-01 12:25:26 - [Cluster 0 - CLIENT] - INFO - 
2025-04-01 12:25:26 - [Cluster 0 - CLIENT] - INFO - Received: reconnect message b4ac0215-f712-4839-b32f-3eb80bf8566f
2025-04-01 12:25:26 - [Cluster 0 - CLIENT] - INFO - 
2025-04-01 12:25:26 - [Cluster 0 - CLIENT] - INFO - Received: reconnect message 6c2c9f8a-5533-42c7-bb9f-3781d4d0bf31
2025-04-01 12:25:26 - [Cluster 0 - CLIENT] - INFO - 
2025-04-01 12:25:26 - [Cluster 0 - CLIENT] - INFO - Received: reconnect message 4ed3065f-6d2f-458c-8725-9f313660a16d
2025-04-01 12:25:26 - [Cluster 0 - CLIENT] - INFO - 
2025-04-01 12:25:26 - [Cluster 0 - CLIENT] - INFO - Received: reconnect message 2d2278a1-cdca-4677-91fc-069c4bf35a3b
2025-04-01 12:25:26 - [Cluster 0 - CLIENT] - INFO - 
2025-04-01 12:25:26 - [Cluster 0 - CLIENT] - INFO - Received: reconnect message 32b91c28-9303-4fb5-baf9-da93bdb93239
2025-04-01 12:25:26 - [Cluster 0 - CLIENT] - INFO - 
2025-04-01 12:25:26 - [Cluster 0 - CLIENT] - INFO - Received: reconnect message 62f8e88e-3edb-41ae-8be7-de228c5b661e
2025-04-01 12:25:26 - [Cluster 0 - CLIENT] - DEBUG - gRPC channel closed
2025-04-01 12:25:26 - [Cluster 0 - CLIENT] - DEBUG - gRPC channel closed
2025-04-01 12:25:26 - [Cluster 0 - CLIENT] - DEBUG - gRPC channel closed
2025-04-01 12:25:26 - [Cluster 0 - CLIENT] - DEBUG - gRPC channel closed
2025-04-01 12:25:26 - [Cluster 0 - CLIENT] - DEBUG - gRPC channel closed
2025-04-01 12:25:26 - [Cluster 0 - CLIENT] - DEBUG - gRPC channel closed
2025-04-01 12:25:26 - [Cluster 0 - CLIENT] - DEBUG - gRPC channel closed
2025-04-01 12:25:26 - [Cluster 0 - CLIENT] - DEBUG - gRPC channel closed
2025-04-01 12:25:26 - [Cluster 0 - CLIENT] - DEBUG - gRPC channel closed
2025-04-01 12:25:26 - [Cluster 0 - CLIENT] - DEBUG - gRPC channel closed
2025-04-01 12:25:26 - [Cluster 0 - CLIENT] - INFO - Disconnect and shut down
2025-04-01 12:25:26 - [Cluster 0 - CLIENT] - DEBUG - gRPC channel closed
2025-04-01 12:25:26 - [Cluster 0 - CLIENT] - DEBUG - gRPC channel closed
2025-04-01 12:25:26 - [Cluster 0 - CLIENT] - INFO - Disconnect and shut down
2025-04-01 12:25:26 - [Cluster 0 - CLIENT] - INFO - Disconnect and shut down
2025-04-01 12:25:26 - [Cluster 0 - CLIENT] - DEBUG - gRPC channel closed
2025-04-01 12:25:26 - [Cluster 0 - CLIENT] - INFO - Disconnect and shut down
2025-04-01 12:25:26 - [Cluster 0 - CLIENT] - DEBUG - gRPC channel closed
2025-04-01 12:25:26 - [Cluster 0 - CLIENT] - INFO - Disconnect and shut down
2025-04-01 12:25:26 - [Cluster 0 - CLIENT] - INFO - Disconnect and shut down
2025-04-01 12:25:26 - [Cluster 0 - CLIENT] - INFO - Disconnect and shut down
2025-04-01 12:25:26 - [Cluster 0 - CLIENT] - INFO - Disconnect and shut down
2025-04-01 12:25:26 - [Cluster 0 - CLIENT] - INFO - Disconnect and shut down
2025-04-01 12:25:26 - [Cluster 0 - CLIENT] - DEBUG - gRPC channel closed
2025-04-01 12:25:26 - [Cluster 0 - CLIENT] - INFO - Disconnect and shut down
2025-04-01 12:25:26 - [Cluster 0 - CLIENT] - DEBUG - gRPC channel closed
2025-04-01 12:25:26 - [Cluster 0 - CLIENT] - INFO - Disconnect and shut down
2025-04-01 12:25:26 - [Cluster 0 - CLIENT] - INFO - Disconnect and shut down
2025-04-01 12:25:26 - [Cluster 0 - CLIENT] - INFO - Disconnect and shut down
2025-04-01 12:25:26 - [Cluster 0 - CLIENT] - DEBUG - gRPC channel closed
2025-04-01 12:25:26 - [Cluster 0 - CLIENT] - DEBUG - gRPC channel closed
2025-04-01 12:25:26 - [Cluster 0 - CLIENT] - INFO - Disconnect and shut down
2025-04-01 12:25:26 - [Cluster 0 - CLIENT] - INFO - Disconnect and shut down
2025-04-01 12:25:26 - [Cluster 0 - CLIENT] - DEBUG - gRPC channel closed
2025-04-01 12:25:26 - [Cluster 0 - CLIENT] - DEBUG - gRPC channel closed
2025-04-01 12:25:26 - [Cluster 0 - CLIENT] - INFO - Disconnect and shut down
2025-04-01 12:25:26 - [Cluster 0 - CLIENT] - DEBUG - gRPC channel closed
2025-04-01 12:25:26 - [Cluster 0 - CLIENT] - INFO - Disconnect and shut down
2025-04-01 12:25:26 - [Cluster 0 - CLIENT] - INFO - Disconnect and shut down
2025-04-01 12:25:26 - [Cluster 0 - CLIENT] - INFO - Disconnect and shut down
2025-04-01 12:25:26 - [Cluster 0 - CLIENT] - INFO - Disconnect and shut down
2025-04-01 12:25:26 - [Cluster 0 - CLIENT] - DEBUG - gRPC channel closed
2025-04-01 12:25:26 - [Cluster 0 - CLIENT] - DEBUG - gRPC channel closed
2025-04-01 12:25:26 - [Cluster 0 - CLIENT] - INFO - Disconnect and shut down
2025-04-01 12:25:26 - [Cluster 0 - CLIENT] - INFO - Disconnect and shut down
2025-04-01 12:25:26 - [Cluster 0 - CLIENT] - DEBUG - gRPC channel closed
2025-04-01 12:25:26 - [Cluster 0 - CLIENT] - INFO - Disconnect and shut down
2025-04-01 12:25:26 - [Cluster 0 - CLIENT] - INFO - Disconnect and shut down
2025-04-01 12:25:26 - [Cluster 0 - CLIENT] - DEBUG - gRPC channel closed
2025-04-01 12:25:26 - [Cluster 0 - CLIENT] - DEBUG - gRPC channel closed
2025-04-01 12:25:26 - [Cluster 0 - CLIENT] - INFO - Disconnect and shut down
2025-04-01 12:25:26 - [Cluster 0 - CLIENT] - INFO - Disconnect and shut down
2025-04-01 12:25:26 - [Cluster 0 - CLIENT] - DEBUG - gRPC channel closed
2025-04-01 12:25:26 - [Cluster 0 - CLIENT] - INFO - Disconnect and shut down
2025-04-01 12:25:26 - [Cluster 0 - CLIENT] - DEBUG - gRPC channel closed
2025-04-01 12:25:26 - [Cluster 0 - CLIENT] - INFO - Disconnect and shut down
2025-04-01 12:25:26 - [Cluster 0 - CLIENT] - DEBUG - gRPC channel closed
2025-04-01 12:25:26 - [Cluster 0 - CLIENT] - INFO - Disconnect and shut down
2025-04-01 12:25:26 - [Cluster 0 - CLIENT] - DEBUG - gRPC channel closed
2025-04-01 12:25:26 - [Cluster 0 - CLIENT] - INFO - Disconnect and shut down
2025-04-01 12:26:10 - [Cluster 0 - CLIENT] - INFO - Initialized client logging for cluster 0 -> ../logs/run_20250401_082127/clients_cluster_0.log
2025-04-01 12:26:10 - [Cluster 0 - CLIENT] - INFO - Loading pickle data for store 466, cluster 0...
2025-04-01 12:26:10 - [Cluster 0 - CLIENT] - INFO - x_train shape: (723, 7, 27), y_train shape: (723, 1)
2025-04-01 12:26:10 - [Cluster 0 - CLIENT] - INFO - x_val shape: (176, 7, 27), y_val shape: (176, 1)
2025-04-01 12:26:11 - [Cluster 0 - CLIENT] - INFO - [Store 466, Cluster 0] Connecting to 127.0.0.1:8080 ...
2025-04-01 12:26:11 - [Cluster 0 - CLIENT] - DEBUG - Opened insecure gRPC connection (no certificates were passed)
2025-04-01 12:26:11 - [Cluster 0 - CLIENT] - DEBUG - ChannelConnectivity.IDLE
2025-04-01 12:26:11 - [Cluster 0 - CLIENT] - DEBUG - ChannelConnectivity.TRANSIENT_FAILURE
2025-04-01 12:26:11 - [Cluster 0 - CLIENT] - DEBUG - gRPC channel closed
2025-04-01 12:26:17 - [Cluster 0 - CLIENT] - INFO - Initialized client logging for cluster 0 -> ../logs/run_20250401_082127/clients_cluster_0.log
2025-04-01 12:26:17 - [Cluster 0 - CLIENT] - INFO - Loading pickle data for store 880, cluster 0...
2025-04-01 12:26:17 - [Cluster 0 - CLIENT] - INFO - x_train shape: (723, 7, 27), y_train shape: (723, 1)
2025-04-01 12:26:17 - [Cluster 0 - CLIENT] - INFO - x_val shape: (176, 7, 27), y_val shape: (176, 1)
2025-04-01 12:26:17 - [Cluster 0 - CLIENT] - INFO - Initialized client logging for cluster 0 -> ../logs/run_20250401_082127/clients_cluster_0.log
2025-04-01 12:26:17 - [Cluster 0 - CLIENT] - INFO - Loading pickle data for store 613, cluster 0...
2025-04-01 12:26:17 - [Cluster 0 - CLIENT] - INFO - x_train shape: (723, 7, 27), y_train shape: (723, 1)
2025-04-01 12:26:17 - [Cluster 0 - CLIENT] - INFO - x_val shape: (176, 7, 27), y_val shape: (176, 1)
2025-04-01 12:26:17 - [Cluster 0 - CLIENT] - INFO - Initialized client logging for cluster 0 -> ../logs/run_20250401_082127/clients_cluster_0.log
2025-04-01 12:26:17 - [Cluster 0 - CLIENT] - INFO - Loading pickle data for store 480, cluster 0...
2025-04-01 12:26:17 - [Cluster 0 - CLIENT] - INFO - x_train shape: (723, 7, 27), y_train shape: (723, 1)
2025-04-01 12:26:17 - [Cluster 0 - CLIENT] - INFO - x_val shape: (176, 7, 27), y_val shape: (176, 1)
2025-04-01 12:26:18 - [Cluster 0 - CLIENT] - INFO - Initialized client logging for cluster 0 -> ../logs/run_20250401_082127/clients_cluster_0.log
2025-04-01 12:26:18 - [Cluster 0 - CLIENT] - INFO - Loading pickle data for store 520, cluster 0...
2025-04-01 12:26:18 - [Cluster 0 - CLIENT] - INFO - x_train shape: (723, 7, 27), y_train shape: (723, 1)
2025-04-01 12:26:18 - [Cluster 0 - CLIENT] - INFO - x_val shape: (176, 7, 27), y_val shape: (176, 1)
2025-04-01 12:26:18 - [Cluster 0 - CLIENT] - INFO - Initialized client logging for cluster 0 -> ../logs/run_20250401_082127/clients_cluster_0.log
2025-04-01 12:26:18 - [Cluster 0 - CLIENT] - INFO - Loading pickle data for store 844, cluster 0...
2025-04-01 12:26:18 - [Cluster 0 - CLIENT] - INFO - x_train shape: (723, 7, 27), y_train shape: (723, 1)
2025-04-01 12:26:18 - [Cluster 0 - CLIENT] - INFO - x_val shape: (176, 7, 27), y_val shape: (176, 1)
2025-04-01 12:26:18 - [Cluster 0 - CLIENT] - INFO - Initialized client logging for cluster 0 -> ../logs/run_20250401_082127/clients_cluster_0.log
2025-04-01 12:26:18 - [Cluster 0 - CLIENT] - INFO - Loading pickle data for store 198, cluster 0...
2025-04-01 12:26:18 - [Cluster 0 - CLIENT] - INFO - x_train shape: (723, 7, 27), y_train shape: (723, 1)
2025-04-01 12:26:18 - [Cluster 0 - CLIENT] - INFO - x_val shape: (176, 7, 27), y_val shape: (176, 1)
2025-04-01 12:26:18 - [Cluster 0 - CLIENT] - INFO - Initialized client logging for cluster 0 -> ../logs/run_20250401_082127/clients_cluster_0.log
2025-04-01 12:26:18 - [Cluster 0 - CLIENT] - INFO - Loading pickle data for store 49, cluster 0...
2025-04-01 12:26:18 - [Cluster 0 - CLIENT] - INFO - [Store 880, Cluster 0] Connecting to 127.0.0.1:8080 ...
2025-04-01 12:26:18 - [Cluster 0 - CLIENT] - INFO - Initialized client logging for cluster 0 -> ../logs/run_20250401_082127/clients_cluster_0.log
2025-04-01 12:26:18 - [Cluster 0 - CLIENT] - INFO - Loading pickle data for store 21, cluster 0...
2025-04-01 12:26:18 - [Cluster 0 - CLIENT] - DEBUG - Opened insecure gRPC connection (no certificates were passed)
2025-04-01 12:26:18 - [Cluster 0 - CLIENT] - INFO - x_train shape: (723, 7, 27), y_train shape: (723, 1)
2025-04-01 12:26:18 - [Cluster 0 - CLIENT] - INFO - x_val shape: (176, 7, 27), y_val shape: (176, 1)
2025-04-01 12:26:18 - [Cluster 0 - CLIENT] - DEBUG - ChannelConnectivity.IDLE
2025-04-01 12:26:18 - [Cluster 0 - CLIENT] - DEBUG - ChannelConnectivity.CONNECTING
2025-04-01 12:26:18 - [Cluster 0 - CLIENT] - DEBUG - ChannelConnectivity.TRANSIENT_FAILURE
2025-04-01 12:26:18 - [Cluster 0 - CLIENT] - INFO - Initialized client logging for cluster 0 -> ../logs/run_20250401_082127/clients_cluster_0.log
2025-04-01 12:26:18 - [Cluster 0 - CLIENT] - INFO - Loading pickle data for store 834, cluster 0...
2025-04-01 12:26:18 - [Cluster 0 - CLIENT] - INFO - x_train shape: (723, 7, 27), y_train shape: (723, 1)
2025-04-01 12:26:18 - [Cluster 0 - CLIENT] - INFO - x_val shape: (176, 7, 27), y_val shape: (176, 1)
2025-04-01 12:26:18 - [Cluster 0 - CLIENT] - INFO - x_train shape: (723, 7, 27), y_train shape: (723, 1)
2025-04-01 12:26:18 - [Cluster 0 - CLIENT] - INFO - x_val shape: (176, 7, 27), y_val shape: (176, 1)
2025-04-01 12:26:18 - [Cluster 0 - CLIENT] - INFO - Initialized client logging for cluster 0 -> ../logs/run_20250401_082127/clients_cluster_0.log
2025-04-01 12:26:18 - [Cluster 0 - CLIENT] - INFO - Loading pickle data for store 1052, cluster 0...
2025-04-01 12:26:18 - [Cluster 0 - CLIENT] - INFO - [Store 613, Cluster 0] Connecting to 127.0.0.1:8080 ...
2025-04-01 12:26:18 - [Cluster 0 - CLIENT] - INFO - x_train shape: (723, 7, 27), y_train shape: (723, 1)
2025-04-01 12:26:18 - [Cluster 0 - CLIENT] - INFO - x_val shape: (176, 7, 27), y_val shape: (176, 1)
2025-04-01 12:26:18 - [Cluster 0 - CLIENT] - DEBUG - Opened insecure gRPC connection (no certificates were passed)
2025-04-01 12:26:18 - [Cluster 0 - CLIENT] - DEBUG - gRPC channel closed
2025-04-01 12:26:18 - [Cluster 0 - CLIENT] - INFO - Initialized client logging for cluster 0 -> ../logs/run_20250401_082127/clients_cluster_0.log
2025-04-01 12:26:18 - [Cluster 0 - CLIENT] - INFO - Loading pickle data for store 850, cluster 0...
2025-04-01 12:26:18 - [Cluster 0 - CLIENT] - DEBUG - ChannelConnectivity.IDLE
2025-04-01 12:26:18 - [Cluster 0 - CLIENT] - DEBUG - ChannelConnectivity.TRANSIENT_FAILURE
2025-04-01 12:26:19 - [Cluster 0 - CLIENT] - INFO - x_train shape: (723, 7, 27), y_train shape: (723, 1)
2025-04-01 12:26:19 - [Cluster 0 - CLIENT] - INFO - x_val shape: (176, 7, 27), y_val shape: (176, 1)
2025-04-01 12:26:19 - [Cluster 0 - CLIENT] - INFO - Initialized client logging for cluster 0 -> ../logs/run_20250401_082127/clients_cluster_0.log
2025-04-01 12:26:19 - [Cluster 0 - CLIENT] - INFO - Loading pickle data for store 854, cluster 0...
2025-04-01 12:26:19 - [Cluster 0 - CLIENT] - INFO - x_train shape: (723, 7, 27), y_train shape: (723, 1)
2025-04-01 12:26:19 - [Cluster 0 - CLIENT] - INFO - x_val shape: (176, 7, 27), y_val shape: (176, 1)
2025-04-01 12:26:19 - [Cluster 0 - CLIENT] - INFO - Initialized client logging for cluster 0 -> ../logs/run_20250401_082127/clients_cluster_0.log
2025-04-01 12:26:19 - [Cluster 0 - CLIENT] - INFO - Loading pickle data for store 257, cluster 0...
2025-04-01 12:26:19 - [Cluster 0 - CLIENT] - INFO - x_train shape: (723, 7, 27), y_train shape: (723, 1)
2025-04-01 12:26:19 - [Cluster 0 - CLIENT] - INFO - x_val shape: (176, 7, 27), y_val shape: (176, 1)
2025-04-01 12:26:19 - [Cluster 0 - CLIENT] - INFO - Initialized client logging for cluster 0 -> ../logs/run_20250401_082127/clients_cluster_0.log
2025-04-01 12:26:19 - [Cluster 0 - CLIENT] - INFO - Loading pickle data for store 289, cluster 0...
2025-04-01 12:26:19 - [Cluster 0 - CLIENT] - INFO - x_train shape: (723, 7, 27), y_train shape: (723, 1)
2025-04-01 12:26:19 - [Cluster 0 - CLIENT] - INFO - x_val shape: (176, 7, 27), y_val shape: (176, 1)
2025-04-01 12:26:19 - [Cluster 0 - CLIENT] - INFO - [Store 520, Cluster 0] Connecting to 127.0.0.1:8080 ...
2025-04-01 12:26:19 - [Cluster 0 - CLIENT] - INFO - Initialized client logging for cluster 0 -> ../logs/run_20250401_082127/clients_cluster_0.log
2025-04-01 12:26:19 - [Cluster 0 - CLIENT] - INFO - Loading pickle data for store 180, cluster 0...
2025-04-01 12:26:19 - [Cluster 0 - CLIENT] - INFO - [Store 480, Cluster 0] Connecting to 127.0.0.1:8080 ...
2025-04-01 12:26:19 - [Cluster 0 - CLIENT] - DEBUG - gRPC channel closed
2025-04-01 12:26:19 - [Cluster 0 - CLIENT] - INFO - x_train shape: (723, 7, 27), y_train shape: (723, 1)
2025-04-01 12:26:19 - [Cluster 0 - CLIENT] - INFO - x_val shape: (176, 7, 27), y_val shape: (176, 1)
2025-04-01 12:26:19 - [Cluster 0 - CLIENT] - DEBUG - Opened insecure gRPC connection (no certificates were passed)
2025-04-01 12:26:19 - [Cluster 0 - CLIENT] - DEBUG - Opened insecure gRPC connection (no certificates were passed)
2025-04-01 12:26:19 - [Cluster 0 - CLIENT] - DEBUG - ChannelConnectivity.IDLE
2025-04-01 12:26:19 - [Cluster 0 - CLIENT] - DEBUG - ChannelConnectivity.CONNECTING
2025-04-01 12:26:19 - [Cluster 0 - CLIENT] - DEBUG - ChannelConnectivity.IDLE
2025-04-01 12:26:19 - [Cluster 0 - CLIENT] - DEBUG - gRPC channel closed
2025-04-01 12:26:19 - [Cluster 0 - CLIENT] - DEBUG - ChannelConnectivity.TRANSIENT_FAILURE
2025-04-01 12:26:19 - [Cluster 0 - CLIENT] - INFO - Initialized client logging for cluster 0 -> ../logs/run_20250401_082127/clients_cluster_0.log
2025-04-01 12:26:19 - [Cluster 0 - CLIENT] - INFO - Loading pickle data for store 208, cluster 0...
2025-04-01 12:26:19 - [Cluster 0 - CLIENT] - INFO - x_train shape: (723, 7, 27), y_train shape: (723, 1)
2025-04-01 12:26:19 - [Cluster 0 - CLIENT] - INFO - x_val shape: (176, 7, 27), y_val shape: (176, 1)
2025-04-01 12:26:19 - [Cluster 0 - CLIENT] - INFO - Initialized client logging for cluster 0 -> ../logs/run_20250401_082127/clients_cluster_0.log
2025-04-01 12:26:19 - [Cluster 0 - CLIENT] - INFO - Loading pickle data for store 1016, cluster 0...
2025-04-01 12:26:19 - [Cluster 0 - CLIENT] - INFO - Initialized client logging for cluster 0 -> ../logs/run_20250401_082127/clients_cluster_0.log
2025-04-01 12:26:19 - [Cluster 0 - CLIENT] - INFO - Loading pickle data for store 303, cluster 0...
2025-04-01 12:26:19 - [Cluster 0 - CLIENT] - INFO - x_train shape: (723, 7, 27), y_train shape: (723, 1)
2025-04-01 12:26:19 - [Cluster 0 - CLIENT] - INFO - x_val shape: (176, 7, 27), y_val shape: (176, 1)
2025-04-01 12:26:19 - [Cluster 0 - CLIENT] - INFO - Initialized client logging for cluster 0 -> ../logs/run_20250401_082127/clients_cluster_0.log
2025-04-01 12:26:19 - [Cluster 0 - CLIENT] - INFO - Loading pickle data for store 377, cluster 0...
2025-04-01 12:26:19 - [Cluster 0 - CLIENT] - INFO - x_train shape: (723, 7, 27), y_train shape: (723, 1)
2025-04-01 12:26:19 - [Cluster 0 - CLIENT] - INFO - x_val shape: (176, 7, 27), y_val shape: (176, 1)
2025-04-01 12:26:19 - [Cluster 0 - CLIENT] - INFO - Initialized client logging for cluster 0 -> ../logs/run_20250401_082127/clients_cluster_0.log
2025-04-01 12:26:19 - [Cluster 0 - CLIENT] - INFO - Loading pickle data for store 379, cluster 0...
2025-04-01 12:26:19 - [Cluster 0 - CLIENT] - INFO - x_train shape: (723, 7, 27), y_train shape: (723, 1)
2025-04-01 12:26:19 - [Cluster 0 - CLIENT] - INFO - x_val shape: (176, 7, 27), y_val shape: (176, 1)
2025-04-01 12:26:19 - [Cluster 0 - CLIENT] - INFO - x_train shape: (723, 7, 27), y_train shape: (723, 1)
2025-04-01 12:26:19 - [Cluster 0 - CLIENT] - INFO - x_val shape: (176, 7, 27), y_val shape: (176, 1)
2025-04-01 12:26:19 - [Cluster 0 - CLIENT] - INFO - Initialized client logging for cluster 0 -> ../logs/run_20250401_082127/clients_cluster_0.log
2025-04-01 12:26:19 - [Cluster 0 - CLIENT] - INFO - Loading pickle data for store 406, cluster 0...
2025-04-01 12:26:19 - [Cluster 0 - CLIENT] - INFO - Initialized client logging for cluster 0 -> ../logs/run_20250401_082127/clients_cluster_0.log
2025-04-01 12:26:19 - [Cluster 0 - CLIENT] - INFO - Loading pickle data for store 62, cluster 0...
2025-04-01 12:26:19 - [Cluster 0 - CLIENT] - DEBUG - gRPC channel closed
2025-04-01 12:26:19 - [Cluster 0 - CLIENT] - INFO - x_train shape: (723, 7, 27), y_train shape: (723, 1)
2025-04-01 12:26:19 - [Cluster 0 - CLIENT] - INFO - x_val shape: (176, 7, 27), y_val shape: (176, 1)
2025-04-01 12:26:19 - [Cluster 0 - CLIENT] - INFO - x_train shape: (723, 7, 27), y_train shape: (723, 1)
2025-04-01 12:26:19 - [Cluster 0 - CLIENT] - INFO - x_val shape: (176, 7, 27), y_val shape: (176, 1)
2025-04-01 12:26:19 - [Cluster 0 - CLIENT] - INFO - Initialized client logging for cluster 0 -> ../logs/run_20250401_082127/clients_cluster_0.log
2025-04-01 12:26:19 - [Cluster 0 - CLIENT] - INFO - Loading pickle data for store 848, cluster 0...
2025-04-01 12:26:19 - [Cluster 0 - CLIENT] - INFO - x_train shape: (723, 7, 27), y_train shape: (723, 1)
2025-04-01 12:26:19 - [Cluster 0 - CLIENT] - INFO - x_val shape: (176, 7, 27), y_val shape: (176, 1)
2025-04-01 12:26:19 - [Cluster 0 - CLIENT] - INFO - Initialized client logging for cluster 0 -> ../logs/run_20250401_082127/clients_cluster_0.log
2025-04-01 12:26:19 - [Cluster 0 - CLIENT] - INFO - Loading pickle data for store 659, cluster 0...
2025-04-01 12:26:19 - [Cluster 0 - CLIENT] - INFO - Initialized client logging for cluster 0 -> ../logs/run_20250401_082127/clients_cluster_0.log
2025-04-01 12:26:19 - [Cluster 0 - CLIENT] - INFO - Loading pickle data for store 745, cluster 0...
2025-04-01 12:26:19 - [Cluster 0 - CLIENT] - INFO - Initialized client logging for cluster 0 -> ../logs/run_20250401_082127/clients_cluster_0.log
2025-04-01 12:26:19 - [Cluster 0 - CLIENT] - INFO - Loading pickle data for store 728, cluster 0...
2025-04-01 12:26:19 - [Cluster 0 - CLIENT] - INFO - x_train shape: (723, 7, 27), y_train shape: (723, 1)
2025-04-01 12:26:19 - [Cluster 0 - CLIENT] - INFO - x_val shape: (176, 7, 27), y_val shape: (176, 1)
2025-04-01 12:26:19 - [Cluster 0 - CLIENT] - INFO - x_train shape: (723, 7, 27), y_train shape: (723, 1)
2025-04-01 12:26:19 - [Cluster 0 - CLIENT] - INFO - x_val shape: (176, 7, 27), y_val shape: (176, 1)
2025-04-01 12:26:19 - [Cluster 0 - CLIENT] - INFO - Initialized client logging for cluster 0 -> ../logs/run_20250401_082127/clients_cluster_0.log
2025-04-01 12:26:19 - [Cluster 0 - CLIENT] - INFO - Loading pickle data for store 654, cluster 0...
2025-04-01 12:26:19 - [Cluster 0 - CLIENT] - INFO - Initialized client logging for cluster 0 -> ../logs/run_20250401_082127/clients_cluster_0.log
2025-04-01 12:26:19 - [Cluster 0 - CLIENT] - INFO - Loading pickle data for store 576, cluster 0...
2025-04-01 12:26:19 - [Cluster 0 - CLIENT] - INFO - x_train shape: (723, 7, 27), y_train shape: (723, 1)
2025-04-01 12:26:19 - [Cluster 0 - CLIENT] - INFO - x_val shape: (176, 7, 27), y_val shape: (176, 1)
2025-04-01 12:26:19 - [Cluster 0 - CLIENT] - INFO - x_train shape: (723, 7, 27), y_train shape: (723, 1)
2025-04-01 12:26:19 - [Cluster 0 - CLIENT] - INFO - x_val shape: (176, 7, 27), y_val shape: (176, 1)
2025-04-01 12:26:19 - [Cluster 0 - CLIENT] - INFO - x_train shape: (723, 7, 27), y_train shape: (723, 1)
2025-04-01 12:26:19 - [Cluster 0 - CLIENT] - INFO - x_val shape: (176, 7, 27), y_val shape: (176, 1)
2025-04-01 12:26:19 - [Cluster 0 - CLIENT] - INFO - [Store 844, Cluster 0] Connecting to 127.0.0.1:8080 ...
2025-04-01 12:26:19 - [Cluster 0 - CLIENT] - INFO - [Store 198, Cluster 0] Connecting to 127.0.0.1:8080 ...
2025-04-01 12:26:19 - [Cluster 0 - CLIENT] - DEBUG - Opened insecure gRPC connection (no certificates were passed)
2025-04-01 12:26:19 - [Cluster 0 - CLIENT] - DEBUG - ChannelConnectivity.IDLE
2025-04-01 12:26:19 - [Cluster 0 - CLIENT] - DEBUG - ChannelConnectivity.TRANSIENT_FAILURE
2025-04-01 12:26:19 - [Cluster 0 - CLIENT] - DEBUG - Opened insecure gRPC connection (no certificates were passed)
2025-04-01 12:26:19 - [Cluster 0 - CLIENT] - DEBUG - ChannelConnectivity.IDLE
2025-04-01 12:26:19 - [Cluster 0 - CLIENT] - DEBUG - ChannelConnectivity.TRANSIENT_FAILURE
2025-04-01 12:26:20 - [Cluster 0 - CLIENT] - INFO - [Store 49, Cluster 0] Connecting to 127.0.0.1:8080 ...
2025-04-01 12:26:20 - [Cluster 0 - CLIENT] - DEBUG - gRPC channel closed
2025-04-01 12:26:20 - [Cluster 0 - CLIENT] - DEBUG - gRPC channel closed
2025-04-01 12:26:20 - [Cluster 0 - CLIENT] - DEBUG - Opened insecure gRPC connection (no certificates were passed)
2025-04-01 12:26:20 - [Cluster 0 - CLIENT] - DEBUG - ChannelConnectivity.IDLE
2025-04-01 12:26:20 - [Cluster 0 - CLIENT] - DEBUG - ChannelConnectivity.TRANSIENT_FAILURE
2025-04-01 12:26:20 - [Cluster 0 - CLIENT] - INFO - [Store 21, Cluster 0] Connecting to 127.0.0.1:8080 ...
2025-04-01 12:26:20 - [Cluster 0 - CLIENT] - INFO - [Store 834, Cluster 0] Connecting to 127.0.0.1:8080 ...
2025-04-01 12:26:20 - [Cluster 0 - CLIENT] - DEBUG - Opened insecure gRPC connection (no certificates were passed)
2025-04-01 12:26:20 - [Cluster 0 - CLIENT] - DEBUG - ChannelConnectivity.IDLE
2025-04-01 12:26:20 - [Cluster 0 - CLIENT] - DEBUG - ChannelConnectivity.TRANSIENT_FAILURE
2025-04-01 12:26:20 - [Cluster 0 - CLIENT] - DEBUG - Opened insecure gRPC connection (no certificates were passed)
2025-04-01 12:26:20 - [Cluster 0 - CLIENT] - DEBUG - ChannelConnectivity.IDLE
2025-04-01 12:26:20 - [Cluster 0 - CLIENT] - DEBUG - ChannelConnectivity.TRANSIENT_FAILURE
2025-04-01 12:26:20 - [Cluster 0 - CLIENT] - INFO - Initialized client logging for cluster 0 -> ../logs/run_20250401_082127/clients_cluster_0.log
2025-04-01 12:26:20 - [Cluster 0 - CLIENT] - INFO - Loading pickle data for store 228, cluster 0...
2025-04-01 12:26:20 - [Cluster 0 - CLIENT] - INFO - [Store 1052, Cluster 0] Connecting to 127.0.0.1:8080 ...
2025-04-01 12:26:20 - [Cluster 0 - CLIENT] - INFO - [Store 850, Cluster 0] Connecting to 127.0.0.1:8080 ...
2025-04-01 12:26:20 - [Cluster 0 - CLIENT] - INFO - x_train shape: (723, 7, 27), y_train shape: (723, 1)
2025-04-01 12:26:20 - [Cluster 0 - CLIENT] - INFO - x_val shape: (176, 7, 27), y_val shape: (176, 1)
2025-04-01 12:26:20 - [Cluster 0 - CLIENT] - DEBUG - Opened insecure gRPC connection (no certificates were passed)
2025-04-01 12:26:20 - [Cluster 0 - CLIENT] - DEBUG - ChannelConnectivity.IDLE
2025-04-01 12:26:20 - [Cluster 0 - CLIENT] - DEBUG - ChannelConnectivity.TRANSIENT_FAILURE
2025-04-01 12:26:20 - [Cluster 0 - CLIENT] - DEBUG - Opened insecure gRPC connection (no certificates were passed)
2025-04-01 12:26:20 - [Cluster 0 - CLIENT] - DEBUG - ChannelConnectivity.IDLE
2025-04-01 12:26:20 - [Cluster 0 - CLIENT] - DEBUG - ChannelConnectivity.TRANSIENT_FAILURE
2025-04-01 12:26:20 - [Cluster 0 - CLIENT] - DEBUG - gRPC channel closed
2025-04-01 12:26:20 - [Cluster 0 - CLIENT] - DEBUG - gRPC channel closed
2025-04-01 12:26:20 - [Cluster 0 - CLIENT] - DEBUG - gRPC channel closed
2025-04-01 12:26:20 - [Cluster 0 - CLIENT] - DEBUG - gRPC channel closed
2025-04-01 12:26:20 - [Cluster 0 - CLIENT] - DEBUG - gRPC channel closed
2025-04-01 12:26:20 - [Cluster 0 - CLIENT] - INFO - [Store 180, Cluster 0] Connecting to 127.0.0.1:8080 ...
2025-04-01 12:26:20 - [Cluster 0 - CLIENT] - DEBUG - Opened insecure gRPC connection (no certificates were passed)
2025-04-01 12:26:20 - [Cluster 0 - CLIENT] - DEBUG - ChannelConnectivity.IDLE
2025-04-01 12:26:20 - [Cluster 0 - CLIENT] - DEBUG - gRPC channel closed
2025-04-01 12:26:20 - [Cluster 0 - CLIENT] - INFO - [Store 208, Cluster 0] Connecting to 127.0.0.1:8080 ...
2025-04-01 12:26:20 - [Cluster 0 - CLIENT] - INFO - [Store 1016, Cluster 0] Connecting to 127.0.0.1:8080 ...
2025-04-01 12:26:21 - [Cluster 0 - CLIENT] - DEBUG - Opened insecure gRPC connection (no certificates were passed)
2025-04-01 12:26:21 - [Cluster 0 - CLIENT] - DEBUG - Opened insecure gRPC connection (no certificates were passed)
2025-04-01 12:26:21 - [Cluster 0 - CLIENT] - DEBUG - ChannelConnectivity.IDLE
2025-04-01 12:26:21 - [Cluster 0 - CLIENT] - DEBUG - ChannelConnectivity.TRANSIENT_FAILURE
2025-04-01 12:26:21 - [Cluster 0 - CLIENT] - INFO - [Store 289, Cluster 0] Connecting to 127.0.0.1:8080 ...
2025-04-01 12:26:21 - [Cluster 0 - CLIENT] - DEBUG - ChannelConnectivity.IDLE
2025-04-01 12:26:21 - [Cluster 0 - CLIENT] - DEBUG - Opened insecure gRPC connection (no certificates were passed)
2025-04-01 12:26:21 - [Cluster 0 - CLIENT] - DEBUG - ChannelConnectivity.CONNECTING
2025-04-01 12:26:21 - [Cluster 0 - CLIENT] - DEBUG - ChannelConnectivity.TRANSIENT_FAILURE
2025-04-01 12:26:21 - [Cluster 0 - CLIENT] - DEBUG - ChannelConnectivity.IDLE
2025-04-01 12:26:21 - [Cluster 0 - CLIENT] - DEBUG - gRPC channel closed
2025-04-01 12:26:21 - [Cluster 0 - CLIENT] - INFO - [Store 406, Cluster 0] Connecting to 127.0.0.1:8080 ...
2025-04-01 12:26:21 - [Cluster 0 - CLIENT] - DEBUG - gRPC channel closed
2025-04-01 12:26:21 - [Cluster 0 - CLIENT] - INFO - [Store 303, Cluster 0] Connecting to 127.0.0.1:8080 ...
2025-04-01 12:26:21 - [Cluster 0 - CLIENT] - DEBUG - gRPC channel closed
2025-04-01 12:26:21 - [Cluster 0 - CLIENT] - DEBUG - Opened insecure gRPC connection (no certificates were passed)
2025-04-01 12:26:21 - [Cluster 0 - CLIENT] - DEBUG - ChannelConnectivity.IDLE
2025-04-01 12:26:21 - [Cluster 0 - CLIENT] - DEBUG - ChannelConnectivity.TRANSIENT_FAILURE
2025-04-01 12:26:21 - [Cluster 0 - CLIENT] - INFO - [Store 257, Cluster 0] Connecting to 127.0.0.1:8080 ...
2025-04-01 12:26:21 - [Cluster 0 - CLIENT] - INFO - [Store 62, Cluster 0] Connecting to 127.0.0.1:8080 ...
2025-04-01 12:26:21 - [Cluster 0 - CLIENT] - INFO - [Store 379, Cluster 0] Connecting to 127.0.0.1:8080 ...
2025-04-01 12:26:21 - [Cluster 0 - CLIENT] - DEBUG - Opened insecure gRPC connection (no certificates were passed)
2025-04-01 12:26:21 - [Cluster 0 - CLIENT] - DEBUG - ChannelConnectivity.IDLE
2025-04-01 12:26:21 - [Cluster 0 - CLIENT] - DEBUG - Opened insecure gRPC connection (no certificates were passed)
2025-04-01 12:26:21 - [Cluster 0 - CLIENT] - DEBUG - ChannelConnectivity.CONNECTING
2025-04-01 12:26:21 - [Cluster 0 - CLIENT] - DEBUG - ChannelConnectivity.IDLE
2025-04-01 12:26:21 - [Cluster 0 - CLIENT] - DEBUG - Opened insecure gRPC connection (no certificates were passed)
2025-04-01 12:26:21 - [Cluster 0 - CLIENT] - DEBUG - ChannelConnectivity.TRANSIENT_FAILURE
2025-04-01 12:26:21 - [Cluster 0 - CLIENT] - DEBUG - ChannelConnectivity.TRANSIENT_FAILURE
2025-04-01 12:26:21 - [Cluster 0 - CLIENT] - DEBUG - ChannelConnectivity.IDLE
2025-04-01 12:26:21 - [Cluster 0 - CLIENT] - DEBUG - ChannelConnectivity.TRANSIENT_FAILURE
2025-04-01 12:26:21 - [Cluster 0 - CLIENT] - INFO - [Store 728, Cluster 0] Connecting to 127.0.0.1:8080 ...
2025-04-01 12:26:21 - [Cluster 0 - CLIENT] - DEBUG - Opened insecure gRPC connection (no certificates were passed)
2025-04-01 12:26:21 - [Cluster 0 - CLIENT] - DEBUG - ChannelConnectivity.IDLE
2025-04-01 12:26:21 - [Cluster 0 - CLIENT] - DEBUG - ChannelConnectivity.CONNECTING
2025-04-01 12:26:21 - [Cluster 0 - CLIENT] - DEBUG - gRPC channel closed
2025-04-01 12:26:21 - [Cluster 0 - CLIENT] - INFO - [Store 854, Cluster 0] Connecting to 127.0.0.1:8080 ...
2025-04-01 12:26:21 - [Cluster 0 - CLIENT] - INFO - [Store 377, Cluster 0] Connecting to 127.0.0.1:8080 ...
2025-04-01 12:26:21 - [Cluster 0 - CLIENT] - DEBUG - Opened insecure gRPC connection (no certificates were passed)
2025-04-01 12:26:21 - [Cluster 0 - CLIENT] - DEBUG - ChannelConnectivity.IDLE
2025-04-01 12:26:21 - [Cluster 0 - CLIENT] - DEBUG - ChannelConnectivity.TRANSIENT_FAILURE
2025-04-01 12:26:21 - [Cluster 0 - CLIENT] - INFO - [Store 659, Cluster 0] Connecting to 127.0.0.1:8080 ...
2025-04-01 12:26:21 - [Cluster 0 - CLIENT] - DEBUG - Opened insecure gRPC connection (no certificates were passed)
2025-04-01 12:26:21 - [Cluster 0 - CLIENT] - DEBUG - ChannelConnectivity.IDLE
2025-04-01 12:26:21 - [Cluster 0 - CLIENT] - INFO - [Store 745, Cluster 0] Connecting to 127.0.0.1:8080 ...
2025-04-01 12:26:21 - [Cluster 0 - CLIENT] - INFO - [Store 576, Cluster 0] Connecting to 127.0.0.1:8080 ...
2025-04-01 12:26:21 - [Cluster 0 - CLIENT] - DEBUG - Opened insecure gRPC connection (no certificates were passed)
2025-04-01 12:26:21 - [Cluster 0 - CLIENT] - DEBUG - ChannelConnectivity.IDLE
2025-04-01 12:26:21 - [Cluster 0 - CLIENT] - DEBUG - ChannelConnectivity.TRANSIENT_FAILURE
2025-04-01 12:26:21 - [Cluster 0 - CLIENT] - DEBUG - gRPC channel closed
2025-04-01 12:26:21 - [Cluster 0 - CLIENT] - INFO - [Store 654, Cluster 0] Connecting to 127.0.0.1:8080 ...
2025-04-01 12:26:21 - [Cluster 0 - CLIENT] - INFO - [Store 848, Cluster 0] Connecting to 127.0.0.1:8080 ...
2025-04-01 12:26:21 - [Cluster 0 - CLIENT] - DEBUG - Opened insecure gRPC connection (no certificates were passed)
2025-04-01 12:26:21 - [Cluster 0 - CLIENT] - DEBUG - ChannelConnectivity.IDLE
2025-04-01 12:26:21 - [Cluster 0 - CLIENT] - DEBUG - Opened insecure gRPC connection (no certificates were passed)
2025-04-01 12:26:21 - [Cluster 0 - CLIENT] - DEBUG - Opened insecure gRPC connection (no certificates were passed)
2025-04-01 12:26:21 - [Cluster 0 - CLIENT] - DEBUG - ChannelConnectivity.TRANSIENT_FAILURE
2025-04-01 12:26:21 - [Cluster 0 - CLIENT] - DEBUG - ChannelConnectivity.IDLE
2025-04-01 12:26:21 - [Cluster 0 - CLIENT] - DEBUG - ChannelConnectivity.TRANSIENT_FAILURE
2025-04-01 12:26:21 - [Cluster 0 - CLIENT] - DEBUG - ChannelConnectivity.TRANSIENT_FAILURE
2025-04-01 12:26:21 - [Cluster 0 - CLIENT] - DEBUG - Opened insecure gRPC connection (no certificates were passed)
2025-04-01 12:26:21 - [Cluster 0 - CLIENT] - DEBUG - ChannelConnectivity.IDLE
2025-04-01 12:26:21 - [Cluster 0 - CLIENT] - DEBUG - ChannelConnectivity.CONNECTING
2025-04-01 12:26:21 - [Cluster 0 - CLIENT] - DEBUG - ChannelConnectivity.TRANSIENT_FAILURE
2025-04-01 12:26:21 - [Cluster 0 - CLIENT] - DEBUG - ChannelConnectivity.IDLE
2025-04-01 12:26:21 - [Cluster 0 - CLIENT] - DEBUG - ChannelConnectivity.TRANSIENT_FAILURE
2025-04-01 12:26:21 - [Cluster 0 - CLIENT] - DEBUG - gRPC channel closed
2025-04-01 12:26:21 - [Cluster 0 - CLIENT] - DEBUG - Opened insecure gRPC connection (no certificates were passed)
2025-04-01 12:26:21 - [Cluster 0 - CLIENT] - DEBUG - gRPC channel closed
2025-04-01 12:26:21 - [Cluster 0 - CLIENT] - DEBUG - ChannelConnectivity.IDLE
2025-04-01 12:26:21 - [Cluster 0 - CLIENT] - DEBUG - gRPC channel closed
2025-04-01 12:26:21 - [Cluster 0 - CLIENT] - DEBUG - ChannelConnectivity.CONNECTING
2025-04-01 12:26:21 - [Cluster 0 - CLIENT] - DEBUG - ChannelConnectivity.TRANSIENT_FAILURE
2025-04-01 12:26:21 - [Cluster 0 - CLIENT] - DEBUG - gRPC channel closed
2025-04-01 12:26:21 - [Cluster 0 - CLIENT] - DEBUG - gRPC channel closed
2025-04-01 12:26:21 - [Cluster 0 - CLIENT] - DEBUG - gRPC channel closed
2025-04-01 12:26:21 - [Cluster 0 - CLIENT] - DEBUG - gRPC channel closed
2025-04-01 12:26:21 - [Cluster 0 - CLIENT] - DEBUG - gRPC channel closed
2025-04-01 12:26:21 - [Cluster 0 - CLIENT] - DEBUG - gRPC channel closed
2025-04-01 12:26:21 - [Cluster 0 - CLIENT] - DEBUG - gRPC channel closed
2025-04-01 12:26:21 - [Cluster 0 - CLIENT] - DEBUG - gRPC channel closed
2025-04-01 12:26:21 - [Cluster 0 - CLIENT] - INFO - [Store 228, Cluster 0] Connecting to 127.0.0.1:8080 ...
2025-04-01 12:26:21 - [Cluster 0 - CLIENT] - DEBUG - Opened insecure gRPC connection (no certificates were passed)
2025-04-01 12:26:21 - [Cluster 0 - CLIENT] - DEBUG - ChannelConnectivity.IDLE
2025-04-01 12:26:21 - [Cluster 0 - CLIENT] - DEBUG - ChannelConnectivity.TRANSIENT_FAILURE
2025-04-01 12:26:22 - [Cluster 0 - CLIENT] - DEBUG - gRPC channel closed
2025-04-01 12:26:28 - [Cluster 0 - CLIENT] - INFO - Initialized client logging for cluster 0 -> ../logs/run_20250401_082127/clients_cluster_0.log
2025-04-01 12:26:28 - [Cluster 0 - CLIENT] - INFO - Loading pickle data for store 837, cluster 0...
2025-04-01 12:26:28 - [Cluster 0 - CLIENT] - INFO - x_train shape: (723, 7, 27), y_train shape: (723, 1)
2025-04-01 12:26:28 - [Cluster 0 - CLIENT] - INFO - x_val shape: (176, 7, 27), y_val shape: (176, 1)
2025-04-01 12:26:29 - [Cluster 0 - CLIENT] - INFO - [Store 837, Cluster 0] Connecting to 127.0.0.1:8080 ...
2025-04-01 12:26:29 - [Cluster 0 - CLIENT] - DEBUG - Opened insecure gRPC connection (no certificates were passed)
2025-04-01 12:26:29 - [Cluster 0 - CLIENT] - DEBUG - ChannelConnectivity.IDLE
2025-04-01 12:26:29 - [Cluster 0 - CLIENT] - DEBUG - ChannelConnectivity.TRANSIENT_FAILURE
2025-04-01 12:26:29 - [Cluster 0 - CLIENT] - DEBUG - gRPC channel closed
2025-04-01 12:26:34 - [Cluster 0 - CLIENT] - INFO - Initialized client logging for cluster 0 -> ../logs/run_20250401_082127/clients_cluster_0.log
2025-04-01 12:26:34 - [Cluster 0 - CLIENT] - INFO - Loading pickle data for store 97, cluster 0...
2025-04-01 12:26:34 - [Cluster 0 - CLIENT] - INFO - x_train shape: (723, 7, 27), y_train shape: (723, 1)
2025-04-01 12:26:34 - [Cluster 0 - CLIENT] - INFO - x_val shape: (176, 7, 27), y_val shape: (176, 1)
2025-04-01 12:26:35 - [Cluster 0 - CLIENT] - INFO - [Store 97, Cluster 0] Connecting to 127.0.0.1:8080 ...
2025-04-01 12:26:35 - [Cluster 0 - CLIENT] - DEBUG - Opened insecure gRPC connection (no certificates were passed)
2025-04-01 12:26:35 - [Cluster 0 - CLIENT] - DEBUG - ChannelConnectivity.IDLE
2025-04-01 12:26:35 - [Cluster 0 - CLIENT] - DEBUG - ChannelConnectivity.TRANSIENT_FAILURE
2025-04-01 12:26:35 - [Cluster 0 - CLIENT] - INFO - Initialized client logging for cluster 0 -> ../logs/run_20250401_082127/clients_cluster_0.log
2025-04-01 12:26:35 - [Cluster 0 - CLIENT] - INFO - Loading pickle data for store 819, cluster 0...
2025-04-01 12:26:35 - [Cluster 0 - CLIENT] - INFO - x_train shape: (723, 7, 27), y_train shape: (723, 1)
2025-04-01 12:26:35 - [Cluster 0 - CLIENT] - INFO - x_val shape: (176, 7, 27), y_val shape: (176, 1)
2025-04-01 12:26:35 - [Cluster 0 - CLIENT] - INFO - Initialized client logging for cluster 0 -> ../logs/run_20250401_082127/clients_cluster_0.log
2025-04-01 12:26:35 - [Cluster 0 - CLIENT] - INFO - Loading pickle data for store 121, cluster 0...
2025-04-01 12:26:35 - [Cluster 0 - CLIENT] - INFO - x_train shape: (723, 7, 27), y_train shape: (723, 1)
2025-04-01 12:26:35 - [Cluster 0 - CLIENT] - INFO - x_val shape: (176, 7, 27), y_val shape: (176, 1)
2025-04-01 12:26:35 - [Cluster 0 - CLIENT] - DEBUG - gRPC channel closed
2025-04-01 12:26:35 - [Cluster 0 - CLIENT] - INFO - Initialized client logging for cluster 0 -> ../logs/run_20250401_082127/clients_cluster_0.log
2025-04-01 12:26:35 - [Cluster 0 - CLIENT] - INFO - Loading pickle data for store 783, cluster 0...
2025-04-01 12:26:35 - [Cluster 0 - CLIENT] - INFO - x_train shape: (723, 7, 27), y_train shape: (723, 1)
2025-04-01 12:26:35 - [Cluster 0 - CLIENT] - INFO - x_val shape: (176, 7, 27), y_val shape: (176, 1)
2025-04-01 12:26:35 - [Cluster 0 - CLIENT] - INFO - Initialized client logging for cluster 0 -> ../logs/run_20250401_082127/clients_cluster_0.log
2025-04-01 12:26:35 - [Cluster 0 - CLIENT] - INFO - Loading pickle data for store 959, cluster 0...
2025-04-01 12:26:35 - [Cluster 0 - CLIENT] - INFO - Initialized client logging for cluster 0 -> ../logs/run_20250401_082127/clients_cluster_0.log
2025-04-01 12:26:35 - [Cluster 0 - CLIENT] - INFO - x_train shape: (723, 7, 27), y_train shape: (723, 1)
2025-04-01 12:26:35 - [Cluster 0 - CLIENT] - INFO - x_val shape: (176, 7, 27), y_val shape: (176, 1)
2025-04-01 12:26:35 - [Cluster 0 - CLIENT] - INFO - Loading pickle data for store 146, cluster 0...
2025-04-01 12:26:35 - [Cluster 0 - CLIENT] - INFO - Initialized client logging for cluster 0 -> ../logs/run_20250401_082127/clients_cluster_0.log
2025-04-01 12:26:35 - [Cluster 0 - CLIENT] - INFO - Loading pickle data for store 663, cluster 0...
2025-04-01 12:26:35 - [Cluster 0 - CLIENT] - INFO - x_train shape: (723, 7, 27), y_train shape: (723, 1)
2025-04-01 12:26:35 - [Cluster 0 - CLIENT] - INFO - x_val shape: (176, 7, 27), y_val shape: (176, 1)
2025-04-01 12:26:35 - [Cluster 0 - CLIENT] - INFO - x_train shape: (723, 7, 27), y_train shape: (723, 1)
2025-04-01 12:26:35 - [Cluster 0 - CLIENT] - INFO - x_val shape: (176, 7, 27), y_val shape: (176, 1)
2025-04-01 12:26:36 - [Cluster 0 - CLIENT] - INFO - [Store 819, Cluster 0] Connecting to 127.0.0.1:8080 ...
2025-04-01 12:26:36 - [Cluster 0 - CLIENT] - DEBUG - Opened insecure gRPC connection (no certificates were passed)
2025-04-01 12:26:36 - [Cluster 0 - CLIENT] - DEBUG - ChannelConnectivity.IDLE
2025-04-01 12:26:36 - [Cluster 0 - CLIENT] - DEBUG - ChannelConnectivity.CONNECTING
2025-04-01 12:26:36 - [Cluster 0 - CLIENT] - DEBUG - gRPC channel closed
2025-04-01 12:26:36 - [Cluster 0 - CLIENT] - INFO - [Store 121, Cluster 0] Connecting to 127.0.0.1:8080 ...
2025-04-01 12:26:36 - [Cluster 0 - CLIENT] - DEBUG - Opened insecure gRPC connection (no certificates were passed)
2025-04-01 12:26:36 - [Cluster 0 - CLIENT] - DEBUG - ChannelConnectivity.IDLE
2025-04-01 12:26:36 - [Cluster 0 - CLIENT] - DEBUG - ChannelConnectivity.TRANSIENT_FAILURE
2025-04-01 12:26:36 - [Cluster 0 - CLIENT] - INFO - [Store 783, Cluster 0] Connecting to 127.0.0.1:8080 ...
2025-04-01 12:26:36 - [Cluster 0 - CLIENT] - DEBUG - Opened insecure gRPC connection (no certificates were passed)
2025-04-01 12:26:36 - [Cluster 0 - CLIENT] - DEBUG - ChannelConnectivity.IDLE
2025-04-01 12:26:36 - [Cluster 0 - CLIENT] - DEBUG - ChannelConnectivity.TRANSIENT_FAILURE
2025-04-01 12:26:36 - [Cluster 0 - CLIENT] - DEBUG - gRPC channel closed
2025-04-01 12:26:36 - [Cluster 0 - CLIENT] - DEBUG - gRPC channel closed
2025-04-01 12:26:36 - [Cluster 0 - CLIENT] - INFO - [Store 959, Cluster 0] Connecting to 127.0.0.1:8080 ...
2025-04-01 12:26:36 - [Cluster 0 - CLIENT] - INFO - Initialized client logging for cluster 0 -> ../logs/run_20250401_082127/clients_cluster_0.log
2025-04-01 12:26:36 - [Cluster 0 - CLIENT] - INFO - Loading pickle data for store 228, cluster 0...
2025-04-01 12:26:36 - [Cluster 0 - CLIENT] - DEBUG - Opened insecure gRPC connection (no certificates were passed)
2025-04-01 12:26:36 - [Cluster 0 - CLIENT] - DEBUG - ChannelConnectivity.IDLE
2025-04-01 12:26:36 - [Cluster 0 - CLIENT] - INFO - x_train shape: (723, 7, 27), y_train shape: (723, 1)
2025-04-01 12:26:36 - [Cluster 0 - CLIENT] - INFO - x_val shape: (176, 7, 27), y_val shape: (176, 1)
2025-04-01 12:26:36 - [Cluster 0 - CLIENT] - DEBUG - ChannelConnectivity.CONNECTING
2025-04-01 12:26:36 - [Cluster 0 - CLIENT] - DEBUG - gRPC channel closed
2025-04-01 12:26:36 - [Cluster 0 - CLIENT] - INFO - Initialized client logging for cluster 0 -> ../logs/run_20250401_082127/clients_cluster_0.log
2025-04-01 12:26:36 - [Cluster 0 - CLIENT] - INFO - Loading pickle data for store 818, cluster 0...
2025-04-01 12:26:36 - [Cluster 0 - CLIENT] - INFO - [Store 146, Cluster 0] Connecting to 127.0.0.1:8080 ...
2025-04-01 12:26:36 - [Cluster 0 - CLIENT] - INFO - x_train shape: (723, 7, 27), y_train shape: (723, 1)
2025-04-01 12:26:36 - [Cluster 0 - CLIENT] - INFO - x_val shape: (176, 7, 27), y_val shape: (176, 1)
2025-04-01 12:26:36 - [Cluster 0 - CLIENT] - INFO - [Store 663, Cluster 0] Connecting to 127.0.0.1:8080 ...
2025-04-01 12:26:36 - [Cluster 0 - CLIENT] - DEBUG - Opened insecure gRPC connection (no certificates were passed)
2025-04-01 12:26:36 - [Cluster 0 - CLIENT] - DEBUG - ChannelConnectivity.IDLE
2025-04-01 12:26:36 - [Cluster 0 - CLIENT] - DEBUG - Opened insecure gRPC connection (no certificates were passed)
2025-04-01 12:26:36 - [Cluster 0 - CLIENT] - DEBUG - ChannelConnectivity.TRANSIENT_FAILURE
2025-04-01 12:26:36 - [Cluster 0 - CLIENT] - DEBUG - ChannelConnectivity.IDLE
2025-04-01 12:26:36 - [Cluster 0 - CLIENT] - DEBUG - ChannelConnectivity.TRANSIENT_FAILURE
2025-04-01 12:26:36 - [Cluster 0 - CLIENT] - INFO - Initialized client logging for cluster 0 -> ../logs/run_20250401_082127/clients_cluster_0.log
2025-04-01 12:26:36 - [Cluster 0 - CLIENT] - INFO - Loading pickle data for store 721, cluster 0...
2025-04-01 12:26:36 - [Cluster 0 - CLIENT] - INFO - x_train shape: (723, 7, 27), y_train shape: (723, 1)
2025-04-01 12:26:36 - [Cluster 0 - CLIENT] - INFO - x_val shape: (176, 7, 27), y_val shape: (176, 1)
2025-04-01 12:26:37 - [Cluster 0 - CLIENT] - DEBUG - gRPC channel closed
2025-04-01 12:26:37 - [Cluster 0 - CLIENT] - DEBUG - gRPC channel closed
2025-04-01 12:26:37 - [Cluster 0 - CLIENT] - INFO - Initialized client logging for cluster 0 -> ../logs/run_20250401_082127/clients_cluster_0.log
2025-04-01 12:26:37 - [Cluster 0 - CLIENT] - INFO - Loading pickle data for store 6, cluster 0...
2025-04-01 12:26:37 - [Cluster 0 - CLIENT] - INFO - Initialized client logging for cluster 0 -> ../logs/run_20250401_082127/clients_cluster_0.log
2025-04-01 12:26:37 - [Cluster 0 - CLIENT] - INFO - Loading pickle data for store 991, cluster 0...
2025-04-01 12:26:37 - [Cluster 0 - CLIENT] - INFO - x_train shape: (723, 7, 27), y_train shape: (723, 1)
2025-04-01 12:26:37 - [Cluster 0 - CLIENT] - INFO - x_val shape: (176, 7, 27), y_val shape: (176, 1)
2025-04-01 12:26:37 - [Cluster 0 - CLIENT] - INFO - x_train shape: (723, 7, 27), y_train shape: (723, 1)
2025-04-01 12:26:37 - [Cluster 0 - CLIENT] - INFO - x_val shape: (176, 7, 27), y_val shape: (176, 1)
2025-04-01 12:26:37 - [Cluster 0 - CLIENT] - INFO - Initialized client logging for cluster 0 -> ../logs/run_20250401_082127/clients_cluster_0.log
2025-04-01 12:26:37 - [Cluster 0 - CLIENT] - INFO - Loading pickle data for store 146, cluster 0...
2025-04-01 12:26:37 - [Cluster 0 - CLIENT] - INFO - x_train shape: (723, 7, 27), y_train shape: (723, 1)
2025-04-01 12:26:37 - [Cluster 0 - CLIENT] - INFO - x_val shape: (176, 7, 27), y_val shape: (176, 1)
2025-04-01 12:26:37 - [Cluster 0 - CLIENT] - INFO - Initialized client logging for cluster 0 -> ../logs/run_20250401_082127/clients_cluster_0.log
2025-04-01 12:26:37 - [Cluster 0 - CLIENT] - INFO - Loading pickle data for store 639, cluster 0...
2025-04-01 12:26:37 - [Cluster 0 - CLIENT] - INFO - x_train shape: (723, 7, 27), y_train shape: (723, 1)
2025-04-01 12:26:37 - [Cluster 0 - CLIENT] - INFO - x_val shape: (176, 7, 27), y_val shape: (176, 1)
2025-04-01 12:26:37 - [Cluster 0 - CLIENT] - INFO - Initialized client logging for cluster 0 -> ../logs/run_20250401_082127/clients_cluster_0.log
2025-04-01 12:26:37 - [Cluster 0 - CLIENT] - INFO - Loading pickle data for store 350, cluster 0...
2025-04-01 12:26:37 - [Cluster 0 - CLIENT] - INFO - Initialized client logging for cluster 0 -> ../logs/run_20250401_082127/clients_cluster_0.log
2025-04-01 12:26:37 - [Cluster 0 - CLIENT] - INFO - Loading pickle data for store 819, cluster 0...
2025-04-01 12:26:37 - [Cluster 0 - CLIENT] - INFO - x_train shape: (723, 7, 27), y_train shape: (723, 1)
2025-04-01 12:26:37 - [Cluster 0 - CLIENT] - INFO - x_val shape: (176, 7, 27), y_val shape: (176, 1)
2025-04-01 12:26:37 - [Cluster 0 - CLIENT] - INFO - x_train shape: (723, 7, 27), y_train shape: (723, 1)
2025-04-01 12:26:37 - [Cluster 0 - CLIENT] - INFO - x_val shape: (176, 7, 27), y_val shape: (176, 1)
2025-04-01 12:26:37 - [Cluster 0 - CLIENT] - INFO - Initialized client logging for cluster 0 -> ../logs/run_20250401_082127/clients_cluster_0.log
2025-04-01 12:26:37 - [Cluster 0 - CLIENT] - INFO - Loading pickle data for store 658, cluster 0...
2025-04-01 12:26:37 - [Cluster 0 - CLIENT] - INFO - x_train shape: (723, 7, 27), y_train shape: (723, 1)
2025-04-01 12:26:37 - [Cluster 0 - CLIENT] - INFO - x_val shape: (176, 7, 27), y_val shape: (176, 1)
2025-04-01 12:26:37 - [Cluster 0 - CLIENT] - INFO - Initialized client logging for cluster 0 -> ../logs/run_20250401_082127/clients_cluster_0.log
2025-04-01 12:26:37 - [Cluster 0 - CLIENT] - INFO - Loading pickle data for store 1007, cluster 0...
2025-04-01 12:26:37 - [Cluster 0 - CLIENT] - INFO - x_train shape: (723, 7, 27), y_train shape: (723, 1)
2025-04-01 12:26:37 - [Cluster 0 - CLIENT] - INFO - x_val shape: (176, 7, 27), y_val shape: (176, 1)
2025-04-01 12:26:38 - [Cluster 0 - CLIENT] - INFO - [Store 228, Cluster 0] Connecting to 127.0.0.1:8080 ...
2025-04-01 12:26:38 - [Cluster 0 - CLIENT] - INFO - Initialized client logging for cluster 0 -> ../logs/run_20250401_082127/clients_cluster_0.log
2025-04-01 12:26:38 - [Cluster 0 - CLIENT] - INFO - Loading pickle data for store 366, cluster 0...
2025-04-01 12:26:38 - [Cluster 0 - CLIENT] - INFO - x_train shape: (723, 7, 27), y_train shape: (723, 1)
2025-04-01 12:26:38 - [Cluster 0 - CLIENT] - DEBUG - Opened insecure gRPC connection (no certificates were passed)
2025-04-01 12:26:38 - [Cluster 0 - CLIENT] - DEBUG - ChannelConnectivity.IDLE
2025-04-01 12:26:38 - [Cluster 0 - CLIENT] - DEBUG - ChannelConnectivity.TRANSIENT_FAILURE
2025-04-01 12:26:38 - [Cluster 0 - CLIENT] - INFO - [Store 818, Cluster 0] Connecting to 127.0.0.1:8080 ...
2025-04-01 12:26:38 - [Cluster 0 - CLIENT] - DEBUG - Opened insecure gRPC connection (no certificates were passed)
2025-04-01 12:26:38 - [Cluster 0 - CLIENT] - DEBUG - ChannelConnectivity.IDLE
2025-04-01 12:26:38 - [Cluster 0 - CLIENT] - DEBUG - ChannelConnectivity.TRANSIENT_FAILURE
2025-04-01 12:26:38 - [Cluster 0 - CLIENT] - INFO - x_val shape: (176, 7, 27), y_val shape: (176, 1)
2025-04-01 12:26:38 - [Cluster 0 - CLIENT] - INFO - Initialized client logging for cluster 0 -> ../logs/run_20250401_082127/clients_cluster_0.log
2025-04-01 12:26:38 - [Cluster 0 - CLIENT] - INFO - Loading pickle data for store 496, cluster 0...
2025-04-01 12:26:38 - [Cluster 0 - CLIENT] - DEBUG - gRPC channel closed
2025-04-01 12:26:38 - [Cluster 0 - CLIENT] - INFO - x_train shape: (723, 7, 27), y_train shape: (723, 1)
2025-04-01 12:26:38 - [Cluster 0 - CLIENT] - INFO - x_val shape: (176, 7, 27), y_val shape: (176, 1)
2025-04-01 12:26:38 - [Cluster 0 - CLIENT] - INFO - [Store 721, Cluster 0] Connecting to 127.0.0.1:8080 ...
2025-04-01 12:26:38 - [Cluster 0 - CLIENT] - INFO - Initialized client logging for cluster 0 -> ../logs/run_20250401_082127/clients_cluster_0.log
2025-04-01 12:26:38 - [Cluster 0 - CLIENT] - INFO - Loading pickle data for store 3, cluster 0...
2025-04-01 12:26:38 - [Cluster 0 - CLIENT] - DEBUG - Opened insecure gRPC connection (no certificates were passed)
2025-04-01 12:26:38 - [Cluster 0 - CLIENT] - DEBUG - ChannelConnectivity.IDLE
2025-04-01 12:26:38 - [Cluster 0 - CLIENT] - DEBUG - ChannelConnectivity.TRANSIENT_FAILURE
2025-04-01 12:26:38 - [Cluster 0 - CLIENT] - DEBUG - gRPC channel closed
2025-04-01 12:26:38 - [Cluster 0 - CLIENT] - INFO - x_train shape: (723, 7, 27), y_train shape: (723, 1)
2025-04-01 12:26:38 - [Cluster 0 - CLIENT] - INFO - x_val shape: (176, 7, 27), y_val shape: (176, 1)
2025-04-01 12:26:38 - [Cluster 0 - CLIENT] - INFO - Initialized client logging for cluster 0 -> ../logs/run_20250401_082127/clients_cluster_0.log
2025-04-01 12:26:38 - [Cluster 0 - CLIENT] - INFO - Loading pickle data for store 993, cluster 0...
2025-04-01 12:26:38 - [Cluster 0 - CLIENT] - INFO - x_train shape: (723, 7, 27), y_train shape: (723, 1)
2025-04-01 12:26:38 - [Cluster 0 - CLIENT] - INFO - x_val shape: (176, 7, 27), y_val shape: (176, 1)
2025-04-01 12:26:38 - [Cluster 0 - CLIENT] - DEBUG - gRPC channel closed
2025-04-01 12:26:38 - [Cluster 0 - CLIENT] - INFO - Initialized client logging for cluster 0 -> ../logs/run_20250401_082127/clients_cluster_0.log
2025-04-01 12:26:38 - [Cluster 0 - CLIENT] - INFO - Loading pickle data for store 1028, cluster 0...
2025-04-01 12:26:38 - [Cluster 0 - CLIENT] - INFO - x_train shape: (723, 7, 27), y_train shape: (723, 1)
2025-04-01 12:26:38 - [Cluster 0 - CLIENT] - INFO - x_val shape: (176, 7, 27), y_val shape: (176, 1)
2025-04-01 12:26:38 - [Cluster 0 - CLIENT] - INFO - Initialized client logging for cluster 0 -> ../logs/run_20250401_082127/clients_cluster_0.log
2025-04-01 12:26:38 - [Cluster 0 - CLIENT] - INFO - Loading pickle data for store 56, cluster 0...
2025-04-01 12:26:38 - [Cluster 0 - CLIENT] - INFO - x_train shape: (723, 7, 27), y_train shape: (723, 1)
2025-04-01 12:26:38 - [Cluster 0 - CLIENT] - INFO - x_val shape: (176, 7, 27), y_val shape: (176, 1)
2025-04-01 12:26:38 - [Cluster 0 - CLIENT] - INFO - [Store 639, Cluster 0] Connecting to 127.0.0.1:8080 ...
2025-04-01 12:26:38 - [Cluster 0 - CLIENT] - INFO - [Store 6, Cluster 0] Connecting to 127.0.0.1:8080 ...
2025-04-01 12:26:38 - [Cluster 0 - CLIENT] - DEBUG - Opened insecure gRPC connection (no certificates were passed)
2025-04-01 12:26:38 - [Cluster 0 - CLIENT] - DEBUG - ChannelConnectivity.IDLE
2025-04-01 12:26:38 - [Cluster 0 - CLIENT] - DEBUG - ChannelConnectivity.CONNECTING
2025-04-01 12:26:38 - [Cluster 0 - CLIENT] - DEBUG - ChannelConnectivity.TRANSIENT_FAILURE
2025-04-01 12:26:38 - [Cluster 0 - CLIENT] - DEBUG - Opened insecure gRPC connection (no certificates were passed)
2025-04-01 12:26:38 - [Cluster 0 - CLIENT] - DEBUG - ChannelConnectivity.IDLE
2025-04-01 12:26:38 - [Cluster 0 - CLIENT] - INFO - [Store 146, Cluster 0] Connecting to 127.0.0.1:8080 ...
2025-04-01 12:26:38 - [Cluster 0 - CLIENT] - DEBUG - ChannelConnectivity.CONNECTING
2025-04-01 12:26:38 - [Cluster 0 - CLIENT] - DEBUG - ChannelConnectivity.TRANSIENT_FAILURE
2025-04-01 12:26:38 - [Cluster 0 - CLIENT] - DEBUG - Opened insecure gRPC connection (no certificates were passed)
2025-04-01 12:26:38 - [Cluster 0 - CLIENT] - DEBUG - ChannelConnectivity.IDLE
2025-04-01 12:26:38 - [Cluster 0 - CLIENT] - DEBUG - ChannelConnectivity.TRANSIENT_FAILURE
2025-04-01 12:26:38 - [Cluster 0 - CLIENT] - INFO - [Store 991, Cluster 0] Connecting to 127.0.0.1:8080 ...
2025-04-01 12:26:38 - [Cluster 0 - CLIENT] - DEBUG - Opened insecure gRPC connection (no certificates were passed)
2025-04-01 12:26:38 - [Cluster 0 - CLIENT] - DEBUG - gRPC channel closed
2025-04-01 12:26:39 - [Cluster 0 - CLIENT] - DEBUG - ChannelConnectivity.IDLE
2025-04-01 12:26:39 - [Cluster 0 - CLIENT] - DEBUG - ChannelConnectivity.TRANSIENT_FAILURE
2025-04-01 12:26:39 - [Cluster 0 - CLIENT] - INFO - [Store 1007, Cluster 0] Connecting to 127.0.0.1:8080 ...
2025-04-01 12:26:39 - [Cluster 0 - CLIENT] - DEBUG - Opened insecure gRPC connection (no certificates were passed)
2025-04-01 12:26:39 - [Cluster 0 - CLIENT] - DEBUG - gRPC channel closed
2025-04-01 12:26:39 - [Cluster 0 - CLIENT] - DEBUG - ChannelConnectivity.IDLE
2025-04-01 12:26:39 - [Cluster 0 - CLIENT] - DEBUG - gRPC channel closed
2025-04-01 12:26:39 - [Cluster 0 - CLIENT] - INFO - [Store 350, Cluster 0] Connecting to 127.0.0.1:8080 ...
2025-04-01 12:26:39 - [Cluster 0 - CLIENT] - DEBUG - Opened insecure gRPC connection (no certificates were passed)
2025-04-01 12:26:39 - [Cluster 0 - CLIENT] - DEBUG - ChannelConnectivity.IDLE
2025-04-01 12:26:39 - [Cluster 0 - CLIENT] - DEBUG - ChannelConnectivity.TRANSIENT_FAILURE
2025-04-01 12:26:39 - [Cluster 0 - CLIENT] - DEBUG - gRPC channel closed
2025-04-01 12:26:39 - [Cluster 0 - CLIENT] - INFO - [Store 658, Cluster 0] Connecting to 127.0.0.1:8080 ...
2025-04-01 12:26:39 - [Cluster 0 - CLIENT] - INFO - [Store 819, Cluster 0] Connecting to 127.0.0.1:8080 ...
2025-04-01 12:26:39 - [Cluster 0 - CLIENT] - DEBUG - Opened insecure gRPC connection (no certificates were passed)
2025-04-01 12:26:39 - [Cluster 0 - CLIENT] - DEBUG - ChannelConnectivity.IDLE
2025-04-01 12:26:39 - [Cluster 0 - CLIENT] - DEBUG - ChannelConnectivity.CONNECTING
2025-04-01 12:26:39 - [Cluster 0 - CLIENT] - DEBUG - ChannelConnectivity.TRANSIENT_FAILURE
2025-04-01 12:26:39 - [Cluster 0 - CLIENT] - DEBUG - Opened insecure gRPC connection (no certificates were passed)
2025-04-01 12:26:39 - [Cluster 0 - CLIENT] - DEBUG - ChannelConnectivity.IDLE
2025-04-01 12:26:39 - [Cluster 0 - CLIENT] - DEBUG - ChannelConnectivity.TRANSIENT_FAILURE
2025-04-01 12:26:39 - [Cluster 0 - CLIENT] - DEBUG - gRPC channel closed
2025-04-01 12:26:39 - [Cluster 0 - CLIENT] - INFO - [Store 366, Cluster 0] Connecting to 127.0.0.1:8080 ...
2025-04-01 12:26:39 - [Cluster 0 - CLIENT] - INFO - [Store 3, Cluster 0] Connecting to 127.0.0.1:8080 ...
2025-04-01 12:26:39 - [Cluster 0 - CLIENT] - DEBUG - Opened insecure gRPC connection (no certificates were passed)
2025-04-01 12:26:39 - [Cluster 0 - CLIENT] - DEBUG - ChannelConnectivity.IDLE
2025-04-01 12:26:39 - [Cluster 0 - CLIENT] - DEBUG - ChannelConnectivity.CONNECTING
2025-04-01 12:26:39 - [Cluster 0 - CLIENT] - DEBUG - ChannelConnectivity.TRANSIENT_FAILURE
2025-04-01 12:26:39 - [Cluster 0 - CLIENT] - DEBUG - Opened insecure gRPC connection (no certificates were passed)
2025-04-01 12:26:39 - [Cluster 0 - CLIENT] - DEBUG - ChannelConnectivity.IDLE
2025-04-01 12:26:39 - [Cluster 0 - CLIENT] - DEBUG - ChannelConnectivity.TRANSIENT_FAILURE
2025-04-01 12:26:39 - [Cluster 0 - CLIENT] - DEBUG - gRPC channel closed
2025-04-01 12:26:39 - [Cluster 0 - CLIENT] - INFO - [Store 496, Cluster 0] Connecting to 127.0.0.1:8080 ...
2025-04-01 12:26:39 - [Cluster 0 - CLIENT] - DEBUG - Opened insecure gRPC connection (no certificates were passed)
2025-04-01 12:26:39 - [Cluster 0 - CLIENT] - DEBUG - ChannelConnectivity.IDLE
2025-04-01 12:26:39 - [Cluster 0 - CLIENT] - DEBUG - ChannelConnectivity.TRANSIENT_FAILURE
2025-04-01 12:26:39 - [Cluster 0 - CLIENT] - DEBUG - gRPC channel closed
2025-04-01 12:26:39 - [Cluster 0 - CLIENT] - DEBUG - gRPC channel closed
2025-04-01 12:26:39 - [Cluster 0 - CLIENT] - INFO - [Store 993, Cluster 0] Connecting to 127.0.0.1:8080 ...
2025-04-01 12:26:39 - [Cluster 0 - CLIENT] - DEBUG - gRPC channel closed
2025-04-01 12:26:39 - [Cluster 0 - CLIENT] - DEBUG - Opened insecure gRPC connection (no certificates were passed)
2025-04-01 12:26:39 - [Cluster 0 - CLIENT] - DEBUG - ChannelConnectivity.IDLE
2025-04-01 12:26:39 - [Cluster 0 - CLIENT] - DEBUG - ChannelConnectivity.TRANSIENT_FAILURE
2025-04-01 12:26:39 - [Cluster 0 - CLIENT] - DEBUG - gRPC channel closed
2025-04-01 12:26:39 - [Cluster 0 - CLIENT] - INFO - [Store 1028, Cluster 0] Connecting to 127.0.0.1:8080 ...
2025-04-01 12:26:39 - [Cluster 0 - CLIENT] - DEBUG - gRPC channel closed
2025-04-01 12:26:39 - [Cluster 0 - CLIENT] - INFO - [Store 56, Cluster 0] Connecting to 127.0.0.1:8080 ...
2025-04-01 12:26:39 - [Cluster 0 - CLIENT] - DEBUG - Opened insecure gRPC connection (no certificates were passed)
2025-04-01 12:26:39 - [Cluster 0 - CLIENT] - DEBUG - ChannelConnectivity.IDLE
2025-04-01 12:26:39 - [Cluster 0 - CLIENT] - DEBUG - Opened insecure gRPC connection (no certificates were passed)
2025-04-01 12:26:39 - [Cluster 0 - CLIENT] - DEBUG - ChannelConnectivity.TRANSIENT_FAILURE
2025-04-01 12:26:39 - [Cluster 0 - CLIENT] - DEBUG - ChannelConnectivity.IDLE
2025-04-01 12:26:39 - [Cluster 0 - CLIENT] - DEBUG - gRPC channel closed
2025-04-01 12:26:39 - [Cluster 0 - CLIENT] - DEBUG - gRPC channel closed
2025-04-01 12:26:39 - [Cluster 0 - CLIENT] - DEBUG - gRPC channel closed
2025-04-01 12:26:42 - [Cluster 0 - CLIENT] - INFO - Initialized client logging for cluster 0 -> ../logs/run_20250401_082127/clients_cluster_0.log
2025-04-01 12:26:42 - [Cluster 0 - CLIENT] - INFO - Loading pickle data for store 26, cluster 0...
2025-04-01 12:26:42 - [Cluster 0 - CLIENT] - INFO - x_train shape: (723, 7, 27), y_train shape: (723, 1)
2025-04-01 12:26:42 - [Cluster 0 - CLIENT] - INFO - x_val shape: (176, 7, 27), y_val shape: (176, 1)
2025-04-01 12:26:43 - [Cluster 0 - CLIENT] - INFO - [Store 26, Cluster 0] Connecting to 127.0.0.1:8080 ...
2025-04-01 12:26:43 - [Cluster 0 - CLIENT] - DEBUG - Opened insecure gRPC connection (no certificates were passed)
2025-04-01 12:26:43 - [Cluster 0 - CLIENT] - DEBUG - ChannelConnectivity.IDLE
2025-04-01 12:26:43 - [Cluster 0 - CLIENT] - DEBUG - ChannelConnectivity.TRANSIENT_FAILURE
2025-04-01 12:26:43 - [Cluster 0 - CLIENT] - DEBUG - gRPC channel closed
2025-04-01 12:26:54 - [Cluster 0 - CLIENT] - INFO - Initialized client logging for cluster 0 -> ../logs/run_20250401_082127/clients_cluster_0.log
2025-04-01 12:26:54 - [Cluster 0 - CLIENT] - INFO - Loading pickle data for store 232, cluster 0...
2025-04-01 12:26:54 - [Cluster 0 - CLIENT] - INFO - x_train shape: (723, 7, 27), y_train shape: (723, 1)
2025-04-01 12:26:54 - [Cluster 0 - CLIENT] - INFO - x_val shape: (176, 7, 27), y_val shape: (176, 1)
2025-04-01 12:26:55 - [Cluster 0 - CLIENT] - INFO - Initialized client logging for cluster 0 -> ../logs/run_20250401_082127/clients_cluster_0.log
2025-04-01 12:26:55 - [Cluster 0 - CLIENT] - INFO - Loading pickle data for store 226, cluster 0...
2025-04-01 12:26:55 - [Cluster 0 - CLIENT] - INFO - x_train shape: (723, 7, 27), y_train shape: (723, 1)
2025-04-01 12:26:55 - [Cluster 0 - CLIENT] - INFO - x_val shape: (176, 7, 27), y_val shape: (176, 1)
2025-04-01 12:26:56 - [Cluster 0 - CLIENT] - INFO - Initialized client logging for cluster 0 -> ../logs/run_20250401_082127/clients_cluster_0.log
2025-04-01 12:26:56 - [Cluster 0 - CLIENT] - INFO - Loading pickle data for store 462, cluster 0...
2025-04-01 12:26:56 - [Cluster 0 - CLIENT] - INFO - x_train shape: (723, 7, 27), y_train shape: (723, 1)
2025-04-01 12:26:56 - [Cluster 0 - CLIENT] - INFO - x_val shape: (176, 7, 27), y_val shape: (176, 1)
2025-04-01 12:26:57 - [Cluster 0 - CLIENT] - INFO - Initialized client logging for cluster 0 -> ../logs/run_20250401_082127/clients_cluster_0.log
2025-04-01 12:26:57 - [Cluster 0 - CLIENT] - INFO - Loading pickle data for store 1015, cluster 0...
2025-04-01 12:26:57 - [Cluster 0 - CLIENT] - INFO - [Store 232, Cluster 0] Connecting to 127.0.0.1:8080 ...
2025-04-01 12:26:57 - [Cluster 0 - CLIENT] - INFO - x_train shape: (723, 7, 27), y_train shape: (723, 1)
2025-04-01 12:26:57 - [Cluster 0 - CLIENT] - INFO - x_val shape: (176, 7, 27), y_val shape: (176, 1)
2025-04-01 12:26:57 - [Cluster 0 - CLIENT] - DEBUG - Opened insecure gRPC connection (no certificates were passed)
2025-04-01 12:26:57 - [Cluster 0 - CLIENT] - DEBUG - ChannelConnectivity.IDLE
2025-04-01 12:26:57 - [Cluster 0 - CLIENT] - DEBUG - ChannelConnectivity.CONNECTING
2025-04-01 12:26:57 - [Cluster 0 - CLIENT] - DEBUG - ChannelConnectivity.TRANSIENT_FAILURE
2025-04-01 12:26:57 - [Cluster 0 - CLIENT] - INFO - [Store 226, Cluster 0] Connecting to 127.0.0.1:8080 ...
2025-04-01 12:26:57 - [Cluster 0 - CLIENT] - DEBUG - Opened insecure gRPC connection (no certificates were passed)
2025-04-01 12:26:57 - [Cluster 0 - CLIENT] - DEBUG - ChannelConnectivity.IDLE
2025-04-01 12:26:57 - [Cluster 0 - CLIENT] - DEBUG - gRPC channel closed
2025-04-01 12:26:57 - [Cluster 0 - CLIENT] - DEBUG - gRPC channel closed
2025-04-01 12:26:58 - [Cluster 0 - CLIENT] - INFO - [Store 462, Cluster 0] Connecting to 127.0.0.1:8080 ...
2025-04-01 12:26:59 - [Cluster 0 - CLIENT] - DEBUG - Opened insecure gRPC connection (no certificates were passed)
2025-04-01 12:26:59 - [Cluster 0 - CLIENT] - DEBUG - ChannelConnectivity.IDLE
2025-04-01 12:26:59 - [Cluster 0 - CLIENT] - DEBUG - ChannelConnectivity.TRANSIENT_FAILURE
2025-04-01 12:26:59 - [Cluster 0 - CLIENT] - DEBUG - gRPC channel closed
2025-04-01 12:27:00 - [Cluster 0 - CLIENT] - INFO - [Store 1015, Cluster 0] Connecting to 127.0.0.1:8080 ...
2025-04-01 12:27:00 - [Cluster 0 - CLIENT] - DEBUG - Opened insecure gRPC connection (no certificates were passed)
2025-04-01 12:27:00 - [Cluster 0 - CLIENT] - DEBUG - ChannelConnectivity.IDLE
2025-04-01 12:27:00 - [Cluster 0 - CLIENT] - DEBUG - ChannelConnectivity.TRANSIENT_FAILURE
2025-04-01 12:27:00 - [Cluster 0 - CLIENT] - DEBUG - gRPC channel closed
