2025-04-01 12:26:51 - [Cluster 1 - CLIENT] - INFO - Initialized client logging for cluster 1 -> ../logs/run_20250401_082127/clients_cluster_1.log
2025-04-01 12:26:51 - [Cluster 1 - CLIENT] - INFO - Loading pickle data for store 699, cluster 1...
2025-04-01 12:26:51 - [Cluster 1 - CLIENT] - INFO - x_train shape: (723, 7, 27), y_train shape: (723, 1)
2025-04-01 12:26:51 - [Cluster 1 - CLIENT] - INFO - x_val shape: (176, 7, 27), y_val shape: (176, 1)
2025-04-01 12:26:52 - [Cluster 1 - CLIENT] - INFO - Initialized client logging for cluster 1 -> ../logs/run_20250401_082127/clients_cluster_1.log
2025-04-01 12:26:52 - [Cluster 1 - CLIENT] - INFO - Loading pickle data for store 914, cluster 1...
2025-04-01 12:26:52 - [Cluster 1 - CLIENT] - INFO - x_train shape: (723, 7, 27), y_train shape: (723, 1)
2025-04-01 12:26:52 - [Cluster 1 - CLIENT] - INFO - x_val shape: (176, 7, 27), y_val shape: (176, 1)
2025-04-01 12:26:52 - [Cluster 1 - CLIENT] - INFO - [Store 699, Cluster 1] Connecting to 127.0.0.1:8081 ...
2025-04-01 12:26:52 - [Cluster 1 - CLIENT] - DEBUG - Opened insecure gRPC connection (no certificates were passed)
2025-04-01 12:26:52 - [Cluster 1 - CLIENT] - DEBUG - ChannelConnectivity.IDLE
2025-04-01 12:26:52 - [Cluster 1 - CLIENT] - DEBUG - ChannelConnectivity.CONNECTING
2025-04-01 12:26:52 - [Cluster 1 - CLIENT] - DEBUG - ChannelConnectivity.READY
2025-04-01 12:26:53 - [Cluster 1 - CLIENT] - INFO - 
2025-04-01 12:26:53 - [Cluster 1 - CLIENT] - INFO - Received: get_parameters message d834ddb1-5bbb-4e14-bfce-2f5d40084a01
2025-04-01 12:26:53 - [Cluster 1 - CLIENT] - INFO - [Store 699] Sending model parameters to server.
2025-04-01 12:26:53 - [Cluster 1 - CLIENT] - INFO - Sent reply
2025-04-01 12:26:54 - [Cluster 1 - CLIENT] - INFO - [Store 914, Cluster 1] Connecting to 127.0.0.1:8081 ...
2025-04-01 12:26:54 - [Cluster 1 - CLIENT] - DEBUG - Opened insecure gRPC connection (no certificates were passed)
2025-04-01 12:26:54 - [Cluster 1 - CLIENT] - DEBUG - ChannelConnectivity.IDLE
2025-04-01 12:26:55 - [Cluster 1 - CLIENT] - DEBUG - ChannelConnectivity.READY
2025-04-01 12:26:55 - [Cluster 1 - CLIENT] - INFO - Initialized client logging for cluster 1 -> ../logs/run_20250401_082127/clients_cluster_1.log
2025-04-01 12:26:55 - [Cluster 1 - CLIENT] - INFO - Loading pickle data for store 682, cluster 1...
2025-04-01 12:26:55 - [Cluster 1 - CLIENT] - INFO - Initialized client logging for cluster 1 -> ../logs/run_20250401_082127/clients_cluster_1.log
2025-04-01 12:26:55 - [Cluster 1 - CLIENT] - INFO - Loading pickle data for store 809, cluster 1...
2025-04-01 12:26:55 - [Cluster 1 - CLIENT] - INFO - x_train shape: (723, 7, 27), y_train shape: (723, 1)
2025-04-01 12:26:55 - [Cluster 1 - CLIENT] - INFO - x_val shape: (176, 7, 27), y_val shape: (176, 1)
2025-04-01 12:26:55 - [Cluster 1 - CLIENT] - INFO - x_train shape: (723, 7, 27), y_train shape: (723, 1)
2025-04-01 12:26:55 - [Cluster 1 - CLIENT] - INFO - x_val shape: (176, 7, 27), y_val shape: (176, 1)
2025-04-01 12:26:55 - [Cluster 1 - CLIENT] - INFO - Initialized client logging for cluster 1 -> ../logs/run_20250401_082127/clients_cluster_1.log
2025-04-01 12:26:55 - [Cluster 1 - CLIENT] - INFO - Loading pickle data for store 906, cluster 1...
2025-04-01 12:26:55 - [Cluster 1 - CLIENT] - INFO - x_train shape: (723, 7, 27), y_train shape: (723, 1)
2025-04-01 12:26:55 - [Cluster 1 - CLIENT] - INFO - x_val shape: (176, 7, 27), y_val shape: (176, 1)
2025-04-01 12:26:56 - [Cluster 1 - CLIENT] - INFO - Initialized client logging for cluster 1 -> ../logs/run_20250401_082127/clients_cluster_1.log
2025-04-01 12:26:56 - [Cluster 1 - CLIENT] - INFO - Loading pickle data for store 527, cluster 1...
2025-04-01 12:26:56 - [Cluster 1 - CLIENT] - INFO - Initialized client logging for cluster 1 -> ../logs/run_20250401_082127/clients_cluster_1.log
2025-04-01 12:26:56 - [Cluster 1 - CLIENT] - INFO - Loading pickle data for store 384, cluster 1...
2025-04-01 12:26:56 - [Cluster 1 - CLIENT] - INFO - Initialized client logging for cluster 1 -> ../logs/run_20250401_082127/clients_cluster_1.log
2025-04-01 12:26:56 - [Cluster 1 - CLIENT] - INFO - Loading pickle data for store 211, cluster 1...
2025-04-01 12:26:56 - [Cluster 1 - CLIENT] - INFO - x_train shape: (723, 7, 27), y_train shape: (723, 1)
2025-04-01 12:26:56 - [Cluster 1 - CLIENT] - INFO - x_val shape: (176, 7, 27), y_val shape: (176, 1)
2025-04-01 12:26:56 - [Cluster 1 - CLIENT] - INFO - Initialized client logging for cluster 1 -> ../logs/run_20250401_082127/clients_cluster_1.log
2025-04-01 12:26:56 - [Cluster 1 - CLIENT] - INFO - Loading pickle data for store 524, cluster 1...
2025-04-01 12:26:56 - [Cluster 1 - CLIENT] - INFO - Initialized client logging for cluster 1 -> ../logs/run_20250401_082127/clients_cluster_1.log
2025-04-01 12:26:56 - [Cluster 1 - CLIENT] - INFO - Loading pickle data for store 269, cluster 1...
2025-04-01 12:26:56 - [Cluster 1 - CLIENT] - INFO - x_train shape: (723, 7, 27), y_train shape: (723, 1)
2025-04-01 12:26:56 - [Cluster 1 - CLIENT] - INFO - x_val shape: (176, 7, 27), y_val shape: (176, 1)
2025-04-01 12:26:56 - [Cluster 1 - CLIENT] - INFO - x_train shape: (723, 7, 27), y_train shape: (723, 1)
2025-04-01 12:26:56 - [Cluster 1 - CLIENT] - INFO - x_val shape: (176, 7, 27), y_val shape: (176, 1)
2025-04-01 12:26:57 - [Cluster 1 - CLIENT] - INFO - x_train shape: (723, 7, 27), y_train shape: (723, 1)
2025-04-01 12:26:57 - [Cluster 1 - CLIENT] - INFO - x_val shape: (176, 7, 27), y_val shape: (176, 1)
2025-04-01 12:26:57 - [Cluster 1 - CLIENT] - INFO - x_train shape: (723, 7, 27), y_train shape: (723, 1)
2025-04-01 12:26:57 - [Cluster 1 - CLIENT] - INFO - x_val shape: (176, 7, 27), y_val shape: (176, 1)
2025-04-01 12:26:57 - [Cluster 1 - CLIENT] - INFO - Initialized client logging for cluster 1 -> ../logs/run_20250401_082127/clients_cluster_1.log
2025-04-01 12:26:57 - [Cluster 1 - CLIENT] - INFO - Loading pickle data for store 665, cluster 1...
2025-04-01 12:26:57 - [Cluster 1 - CLIENT] - INFO - x_train shape: (723, 7, 27), y_train shape: (723, 1)
2025-04-01 12:26:57 - [Cluster 1 - CLIENT] - INFO - x_val shape: (176, 7, 27), y_val shape: (176, 1)
2025-04-01 12:26:57 - [Cluster 1 - CLIENT] - INFO - [Store 809, Cluster 1] Connecting to 127.0.0.1:8081 ...
2025-04-01 12:26:57 - [Cluster 1 - CLIENT] - INFO - Initialized client logging for cluster 1 -> ../logs/run_20250401_082127/clients_cluster_1.log
2025-04-01 12:26:57 - [Cluster 1 - CLIENT] - INFO - Loading pickle data for store 655, cluster 1...
2025-04-01 12:26:57 - [Cluster 1 - CLIENT] - INFO - x_train shape: (723, 7, 27), y_train shape: (723, 1)
2025-04-01 12:26:57 - [Cluster 1 - CLIENT] - INFO - x_val shape: (176, 7, 27), y_val shape: (176, 1)
2025-04-01 12:26:57 - [Cluster 1 - CLIENT] - DEBUG - Opened insecure gRPC connection (no certificates were passed)
2025-04-01 12:26:57 - [Cluster 1 - CLIENT] - DEBUG - ChannelConnectivity.IDLE
2025-04-01 12:26:57 - [Cluster 1 - CLIENT] - DEBUG - ChannelConnectivity.CONNECTING
2025-04-01 12:26:57 - [Cluster 1 - CLIENT] - DEBUG - ChannelConnectivity.READY
2025-04-01 12:26:57 - [Cluster 1 - CLIENT] - INFO - [Store 682, Cluster 1] Connecting to 127.0.0.1:8081 ...
2025-04-01 12:26:57 - [Cluster 1 - CLIENT] - INFO - [Store 906, Cluster 1] Connecting to 127.0.0.1:8081 ...
2025-04-01 12:26:57 - [Cluster 1 - CLIENT] - DEBUG - Opened insecure gRPC connection (no certificates were passed)
2025-04-01 12:26:57 - [Cluster 1 - CLIENT] - INFO - Initialized client logging for cluster 1 -> ../logs/run_20250401_082127/clients_cluster_1.log
2025-04-01 12:26:57 - [Cluster 1 - CLIENT] - INFO - Loading pickle data for store 938, cluster 1...
2025-04-01 12:26:57 - [Cluster 1 - CLIENT] - DEBUG - ChannelConnectivity.IDLE
2025-04-01 12:26:57 - [Cluster 1 - CLIENT] - DEBUG - ChannelConnectivity.READY
2025-04-01 12:26:57 - [Cluster 1 - CLIENT] - INFO - x_train shape: (723, 7, 27), y_train shape: (723, 1)
2025-04-01 12:26:57 - [Cluster 1 - CLIENT] - INFO - x_val shape: (176, 7, 27), y_val shape: (176, 1)
2025-04-01 12:26:57 - [Cluster 1 - CLIENT] - DEBUG - Opened insecure gRPC connection (no certificates were passed)
2025-04-01 12:26:57 - [Cluster 1 - CLIENT] - DEBUG - ChannelConnectivity.IDLE
2025-04-01 12:26:57 - [Cluster 1 - CLIENT] - DEBUG - ChannelConnectivity.CONNECTING
2025-04-01 12:26:57 - [Cluster 1 - CLIENT] - DEBUG - ChannelConnectivity.READY
2025-04-01 12:26:57 - [Cluster 1 - CLIENT] - INFO - Initialized client logging for cluster 1 -> ../logs/run_20250401_082127/clients_cluster_1.log
2025-04-01 12:26:57 - [Cluster 1 - CLIENT] - INFO - Loading pickle data for store 753, cluster 1...
2025-04-01 12:26:57 - [Cluster 1 - CLIENT] - INFO - x_train shape: (723, 7, 27), y_train shape: (723, 1)
2025-04-01 12:26:57 - [Cluster 1 - CLIENT] - INFO - x_val shape: (176, 7, 27), y_val shape: (176, 1)
2025-04-01 12:26:58 - [Cluster 1 - CLIENT] - INFO - Initialized client logging for cluster 1 -> ../logs/run_20250401_082127/clients_cluster_1.log
2025-04-01 12:26:58 - [Cluster 1 - CLIENT] - INFO - Loading pickle data for store 431, cluster 1...
2025-04-01 12:26:58 - [Cluster 1 - CLIENT] - INFO - x_train shape: (723, 7, 27), y_train shape: (723, 1)
2025-04-01 12:26:58 - [Cluster 1 - CLIENT] - INFO - x_val shape: (176, 7, 27), y_val shape: (176, 1)
2025-04-01 12:26:58 - [Cluster 1 - CLIENT] - INFO - Initialized client logging for cluster 1 -> ../logs/run_20250401_082127/clients_cluster_1.log
2025-04-01 12:26:58 - [Cluster 1 - CLIENT] - INFO - Loading pickle data for store 562, cluster 1...
2025-04-01 12:26:58 - [Cluster 1 - CLIENT] - INFO - x_train shape: (723, 7, 27), y_train shape: (723, 1)
2025-04-01 12:26:58 - [Cluster 1 - CLIENT] - INFO - x_val shape: (176, 7, 27), y_val shape: (176, 1)
2025-04-01 12:26:59 - [Cluster 1 - CLIENT] - INFO - [Store 384, Cluster 1] Connecting to 127.0.0.1:8081 ...
2025-04-01 12:26:59 - [Cluster 1 - CLIENT] - INFO - [Store 269, Cluster 1] Connecting to 127.0.0.1:8081 ...
2025-04-01 12:26:59 - [Cluster 1 - CLIENT] - DEBUG - Opened insecure gRPC connection (no certificates were passed)
2025-04-01 12:26:59 - [Cluster 1 - CLIENT] - DEBUG - ChannelConnectivity.IDLE
2025-04-01 12:26:59 - [Cluster 1 - CLIENT] - DEBUG - ChannelConnectivity.CONNECTING
2025-04-01 12:26:59 - [Cluster 1 - CLIENT] - DEBUG - Opened insecure gRPC connection (no certificates were passed)
2025-04-01 12:26:59 - [Cluster 1 - CLIENT] - DEBUG - ChannelConnectivity.READY
2025-04-01 12:26:59 - [Cluster 1 - CLIENT] - DEBUG - ChannelConnectivity.IDLE
2025-04-01 12:26:59 - [Cluster 1 - CLIENT] - DEBUG - ChannelConnectivity.CONNECTING
2025-04-01 12:26:59 - [Cluster 1 - CLIENT] - DEBUG - ChannelConnectivity.READY
2025-04-01 12:26:59 - [Cluster 1 - CLIENT] - INFO - [Store 753, Cluster 1] Connecting to 127.0.0.1:8081 ...
2025-04-01 12:26:59 - [Cluster 1 - CLIENT] - INFO - [Store 524, Cluster 1] Connecting to 127.0.0.1:8081 ...
2025-04-01 12:27:00 - [Cluster 1 - CLIENT] - INFO - [Store 211, Cluster 1] Connecting to 127.0.0.1:8081 ...
2025-04-01 12:27:00 - [Cluster 1 - CLIENT] - DEBUG - Opened insecure gRPC connection (no certificates were passed)
2025-04-01 12:27:00 - [Cluster 1 - CLIENT] - INFO - [Store 938, Cluster 1] Connecting to 127.0.0.1:8081 ...
2025-04-01 12:27:00 - [Cluster 1 - CLIENT] - DEBUG - ChannelConnectivity.IDLE
2025-04-01 12:27:00 - [Cluster 1 - CLIENT] - DEBUG - ChannelConnectivity.CONNECTING
2025-04-01 12:27:00 - [Cluster 1 - CLIENT] - DEBUG - ChannelConnectivity.READY
2025-04-01 12:27:00 - [Cluster 1 - CLIENT] - INFO - [Store 527, Cluster 1] Connecting to 127.0.0.1:8081 ...
2025-04-01 12:27:00 - [Cluster 1 - CLIENT] - INFO - [Store 665, Cluster 1] Connecting to 127.0.0.1:8081 ...
2025-04-01 12:27:00 - [Cluster 1 - CLIENT] - DEBUG - Opened insecure gRPC connection (no certificates were passed)
2025-04-01 12:27:00 - [Cluster 1 - CLIENT] - DEBUG - ChannelConnectivity.IDLE
2025-04-01 12:27:00 - [Cluster 1 - CLIENT] - DEBUG - Opened insecure gRPC connection (no certificates were passed)
2025-04-01 12:27:00 - [Cluster 1 - CLIENT] - DEBUG - ChannelConnectivity.IDLE
2025-04-01 12:27:00 - [Cluster 1 - CLIENT] - DEBUG - ChannelConnectivity.READY
2025-04-01 12:27:00 - [Cluster 1 - CLIENT] - DEBUG - Opened insecure gRPC connection (no certificates were passed)
2025-04-01 12:27:00 - [Cluster 1 - CLIENT] - DEBUG - ChannelConnectivity.IDLE
2025-04-01 12:27:00 - [Cluster 1 - CLIENT] - DEBUG - ChannelConnectivity.READY
2025-04-01 12:27:00 - [Cluster 1 - CLIENT] - DEBUG - Opened insecure gRPC connection (no certificates were passed)
2025-04-01 12:27:00 - [Cluster 1 - CLIENT] - DEBUG - Opened insecure gRPC connection (no certificates were passed)
2025-04-01 12:27:00 - [Cluster 1 - CLIENT] - DEBUG - ChannelConnectivity.IDLE
2025-04-01 12:27:00 - [Cluster 1 - CLIENT] - DEBUG - ChannelConnectivity.IDLE
2025-04-01 12:27:00 - [Cluster 1 - CLIENT] - DEBUG - ChannelConnectivity.READY
2025-04-01 12:27:00 - [Cluster 1 - CLIENT] - DEBUG - ChannelConnectivity.CONNECTING
2025-04-01 12:27:00 - [Cluster 1 - CLIENT] - DEBUG - ChannelConnectivity.READY
2025-04-01 12:27:00 - [Cluster 1 - CLIENT] - DEBUG - ChannelConnectivity.CONNECTING
2025-04-01 12:27:00 - [Cluster 1 - CLIENT] - DEBUG - ChannelConnectivity.READY
2025-04-01 12:27:00 - [Cluster 1 - CLIENT] - INFO - [Store 655, Cluster 1] Connecting to 127.0.0.1:8081 ...
2025-04-01 12:27:00 - [Cluster 1 - CLIENT] - DEBUG - Opened insecure gRPC connection (no certificates were passed)
2025-04-01 12:27:00 - [Cluster 1 - CLIENT] - DEBUG - ChannelConnectivity.IDLE
2025-04-01 12:27:00 - [Cluster 1 - CLIENT] - DEBUG - ChannelConnectivity.READY
2025-04-01 12:27:00 - [Cluster 1 - CLIENT] - INFO - [Store 431, Cluster 1] Connecting to 127.0.0.1:8081 ...
2025-04-01 12:27:00 - [Cluster 1 - CLIENT] - INFO - [Store 562, Cluster 1] Connecting to 127.0.0.1:8081 ...
2025-04-01 12:27:00 - [Cluster 1 - CLIENT] - DEBUG - Opened insecure gRPC connection (no certificates were passed)
2025-04-01 12:27:00 - [Cluster 1 - CLIENT] - DEBUG - ChannelConnectivity.IDLE
2025-04-01 12:27:00 - [Cluster 1 - CLIENT] - DEBUG - ChannelConnectivity.CONNECTING
2025-04-01 12:27:00 - [Cluster 1 - CLIENT] - DEBUG - ChannelConnectivity.READY
2025-04-01 12:27:00 - [Cluster 1 - CLIENT] - DEBUG - Opened insecure gRPC connection (no certificates were passed)
2025-04-01 12:27:00 - [Cluster 1 - CLIENT] - DEBUG - ChannelConnectivity.IDLE
2025-04-01 12:27:00 - [Cluster 1 - CLIENT] - DEBUG - ChannelConnectivity.CONNECTING
2025-04-01 12:27:00 - [Cluster 1 - CLIENT] - DEBUG - ChannelConnectivity.READY
2025-04-01 12:27:06 - [Cluster 1 - CLIENT] - INFO - Initialized client logging for cluster 1 -> ../logs/run_20250401_082127/clients_cluster_1.log
2025-04-01 12:27:06 - [Cluster 1 - CLIENT] - INFO - Loading pickle data for store 999, cluster 1...
2025-04-01 12:27:06 - [Cluster 1 - CLIENT] - INFO - x_train shape: (723, 7, 27), y_train shape: (723, 1)
2025-04-01 12:27:06 - [Cluster 1 - CLIENT] - INFO - x_val shape: (176, 7, 27), y_val shape: (176, 1)
2025-04-01 12:27:06 - [Cluster 1 - CLIENT] - INFO - [Store 999, Cluster 1] Connecting to 127.0.0.1:8081 ...
2025-04-01 12:27:06 - [Cluster 1 - CLIENT] - DEBUG - Opened insecure gRPC connection (no certificates were passed)
2025-04-01 12:27:06 - [Cluster 1 - CLIENT] - DEBUG - ChannelConnectivity.IDLE
2025-04-01 12:27:06 - [Cluster 1 - CLIENT] - DEBUG - ChannelConnectivity.CONNECTING
2025-04-01 12:27:06 - [Cluster 1 - CLIENT] - DEBUG - ChannelConnectivity.READY
2025-04-01 12:27:08 - [Cluster 1 - CLIENT] - INFO - Initialized client logging for cluster 1 -> ../logs/run_20250401_082127/clients_cluster_1.log
2025-04-01 12:27:08 - [Cluster 1 - CLIENT] - INFO - Loading pickle data for store 849, cluster 1...
2025-04-01 12:27:08 - [Cluster 1 - CLIENT] - INFO - x_train shape: (723, 7, 27), y_train shape: (723, 1)
2025-04-01 12:27:08 - [Cluster 1 - CLIENT] - INFO - x_val shape: (176, 7, 27), y_val shape: (176, 1)
2025-04-01 12:27:08 - [Cluster 1 - CLIENT] - INFO - Initialized client logging for cluster 1 -> ../logs/run_20250401_082127/clients_cluster_1.log
2025-04-01 12:27:08 - [Cluster 1 - CLIENT] - INFO - Loading pickle data for store 526, cluster 1...
2025-04-01 12:27:08 - [Cluster 1 - CLIENT] - INFO - x_train shape: (723, 7, 27), y_train shape: (723, 1)
2025-04-01 12:27:08 - [Cluster 1 - CLIENT] - INFO - x_val shape: (176, 7, 27), y_val shape: (176, 1)
2025-04-01 12:27:08 - [Cluster 1 - CLIENT] - INFO - [Store 849, Cluster 1] Connecting to 127.0.0.1:8081 ...
2025-04-01 12:27:08 - [Cluster 1 - CLIENT] - DEBUG - Opened insecure gRPC connection (no certificates were passed)
2025-04-01 12:27:08 - [Cluster 1 - CLIENT] - DEBUG - ChannelConnectivity.IDLE
2025-04-01 12:27:08 - [Cluster 1 - CLIENT] - DEBUG - ChannelConnectivity.CONNECTING
2025-04-01 12:27:08 - [Cluster 1 - CLIENT] - DEBUG - ChannelConnectivity.READY
2025-04-01 12:27:08 - [Cluster 1 - CLIENT] - INFO - Initialized client logging for cluster 1 -> ../logs/run_20250401_082127/clients_cluster_1.log
2025-04-01 12:27:08 - [Cluster 1 - CLIENT] - INFO - Loading pickle data for store 579, cluster 1...
2025-04-01 12:27:08 - [Cluster 1 - CLIENT] - INFO - x_train shape: (723, 7, 27), y_train shape: (723, 1)
2025-04-01 12:27:08 - [Cluster 1 - CLIENT] - INFO - x_val shape: (176, 7, 27), y_val shape: (176, 1)
2025-04-01 12:27:08 - [Cluster 1 - CLIENT] - INFO - [Store 526, Cluster 1] Connecting to 127.0.0.1:8081 ...
2025-04-01 12:27:08 - [Cluster 1 - CLIENT] - DEBUG - Opened insecure gRPC connection (no certificates were passed)
2025-04-01 12:27:08 - [Cluster 1 - CLIENT] - DEBUG - ChannelConnectivity.IDLE
2025-04-01 12:27:08 - [Cluster 1 - CLIENT] - DEBUG - ChannelConnectivity.READY
2025-04-01 12:27:09 - [Cluster 1 - CLIENT] - INFO - Initialized client logging for cluster 1 -> ../logs/run_20250401_082127/clients_cluster_1.log
2025-04-01 12:27:09 - [Cluster 1 - CLIENT] - INFO - Loading pickle data for store 755, cluster 1...
2025-04-01 12:27:09 - [Cluster 1 - CLIENT] - INFO - Initialized client logging for cluster 1 -> ../logs/run_20250401_082127/clients_cluster_1.log
2025-04-01 12:27:09 - [Cluster 1 - CLIENT] - INFO - Loading pickle data for store 608, cluster 1...
2025-04-01 12:27:09 - [Cluster 1 - CLIENT] - INFO - Initialized client logging for cluster 1 -> ../logs/run_20250401_082127/clients_cluster_1.log
2025-04-01 12:27:09 - [Cluster 1 - CLIENT] - INFO - Loading pickle data for store 1033, cluster 1...
2025-04-01 12:27:09 - [Cluster 1 - CLIENT] - INFO - x_train shape: (723, 7, 27), y_train shape: (723, 1)
2025-04-01 12:27:09 - [Cluster 1 - CLIENT] - INFO - x_val shape: (176, 7, 27), y_val shape: (176, 1)
2025-04-01 12:27:09 - [Cluster 1 - CLIENT] - INFO - x_train shape: (723, 7, 27), y_train shape: (723, 1)
2025-04-01 12:27:09 - [Cluster 1 - CLIENT] - INFO - x_val shape: (176, 7, 27), y_val shape: (176, 1)
2025-04-01 12:27:09 - [Cluster 1 - CLIENT] - INFO - x_train shape: (723, 7, 27), y_train shape: (723, 1)
2025-04-01 12:27:09 - [Cluster 1 - CLIENT] - INFO - x_val shape: (176, 7, 27), y_val shape: (176, 1)
2025-04-01 12:27:09 - [Cluster 1 - CLIENT] - INFO - Initialized client logging for cluster 1 -> ../logs/run_20250401_082127/clients_cluster_1.log
2025-04-01 12:27:09 - [Cluster 1 - CLIENT] - INFO - Loading pickle data for store 207, cluster 1...
2025-04-01 12:27:09 - [Cluster 1 - CLIENT] - INFO - Initialized client logging for cluster 1 -> ../logs/run_20250401_082127/clients_cluster_1.log
2025-04-01 12:27:09 - [Cluster 1 - CLIENT] - INFO - Loading pickle data for store 615, cluster 1...
2025-04-01 12:27:09 - [Cluster 1 - CLIENT] - INFO - x_train shape: (723, 7, 27), y_train shape: (723, 1)
2025-04-01 12:27:09 - [Cluster 1 - CLIENT] - INFO - x_val shape: (176, 7, 27), y_val shape: (176, 1)
2025-04-01 12:27:09 - [Cluster 1 - CLIENT] - INFO - Initialized client logging for cluster 1 -> ../logs/run_20250401_082127/clients_cluster_1.log
2025-04-01 12:27:09 - [Cluster 1 - CLIENT] - INFO - Loading pickle data for store 106, cluster 1...
2025-04-01 12:27:09 - [Cluster 1 - CLIENT] - INFO - x_train shape: (723, 7, 27), y_train shape: (723, 1)
2025-04-01 12:27:09 - [Cluster 1 - CLIENT] - INFO - x_val shape: (176, 7, 27), y_val shape: (176, 1)
2025-04-01 12:27:09 - [Cluster 1 - CLIENT] - INFO - x_train shape: (723, 7, 27), y_train shape: (723, 1)
2025-04-01 12:27:09 - [Cluster 1 - CLIENT] - INFO - x_val shape: (176, 7, 27), y_val shape: (176, 1)
2025-04-01 12:27:09 - [Cluster 1 - CLIENT] - INFO - Initialized client logging for cluster 1 -> ../logs/run_20250401_082127/clients_cluster_1.log
2025-04-01 12:27:09 - [Cluster 1 - CLIENT] - INFO - Loading pickle data for store 807, cluster 1...
2025-04-01 12:27:09 - [Cluster 1 - CLIENT] - INFO - x_train shape: (723, 7, 27), y_train shape: (723, 1)
2025-04-01 12:27:09 - [Cluster 1 - CLIENT] - INFO - x_val shape: (176, 7, 27), y_val shape: (176, 1)
2025-04-01 12:27:09 - [Cluster 1 - CLIENT] - INFO - Initialized client logging for cluster 1 -> ../logs/run_20250401_082127/clients_cluster_1.log
2025-04-01 12:27:09 - [Cluster 1 - CLIENT] - INFO - Loading pickle data for store 382, cluster 1...
2025-04-01 12:27:09 - [Cluster 1 - CLIENT] - INFO - x_train shape: (723, 7, 27), y_train shape: (723, 1)
2025-04-01 12:27:09 - [Cluster 1 - CLIENT] - INFO - x_val shape: (176, 7, 27), y_val shape: (176, 1)
2025-04-01 12:27:09 - [Cluster 1 - CLIENT] - INFO - [Store 579, Cluster 1] Connecting to 127.0.0.1:8081 ...
2025-04-01 12:27:09 - [Cluster 1 - CLIENT] - DEBUG - Opened insecure gRPC connection (no certificates were passed)
2025-04-01 12:27:09 - [Cluster 1 - CLIENT] - DEBUG - ChannelConnectivity.IDLE
2025-04-01 12:27:09 - [Cluster 1 - CLIENT] - DEBUG - ChannelConnectivity.CONNECTING
2025-04-01 12:27:09 - [Cluster 1 - CLIENT] - DEBUG - ChannelConnectivity.READY
2025-04-01 12:27:09 - [Cluster 1 - CLIENT] - INFO - [Store 755, Cluster 1] Connecting to 127.0.0.1:8081 ...
2025-04-01 12:27:09 - [Cluster 1 - CLIENT] - DEBUG - Opened insecure gRPC connection (no certificates were passed)
2025-04-01 12:27:09 - [Cluster 1 - CLIENT] - DEBUG - ChannelConnectivity.IDLE
2025-04-01 12:27:09 - [Cluster 1 - CLIENT] - DEBUG - ChannelConnectivity.READY
2025-04-01 12:27:09 - [Cluster 1 - CLIENT] - INFO - [Store 608, Cluster 1] Connecting to 127.0.0.1:8081 ...
2025-04-01 12:27:09 - [Cluster 1 - CLIENT] - DEBUG - Opened insecure gRPC connection (no certificates were passed)
2025-04-01 12:27:09 - [Cluster 1 - CLIENT] - DEBUG - ChannelConnectivity.IDLE
2025-04-01 12:27:09 - [Cluster 1 - CLIENT] - DEBUG - ChannelConnectivity.CONNECTING
2025-04-01 12:27:09 - [Cluster 1 - CLIENT] - DEBUG - ChannelConnectivity.READY
2025-04-01 12:27:09 - [Cluster 1 - CLIENT] - INFO - [Store 1033, Cluster 1] Connecting to 127.0.0.1:8081 ...
2025-04-01 12:27:09 - [Cluster 1 - CLIENT] - INFO - [Store 207, Cluster 1] Connecting to 127.0.0.1:8081 ...
2025-04-01 12:27:09 - [Cluster 1 - CLIENT] - DEBUG - Opened insecure gRPC connection (no certificates were passed)
2025-04-01 12:27:09 - [Cluster 1 - CLIENT] - DEBUG - Opened insecure gRPC connection (no certificates were passed)
2025-04-01 12:27:09 - [Cluster 1 - CLIENT] - DEBUG - ChannelConnectivity.IDLE
2025-04-01 12:27:09 - [Cluster 1 - CLIENT] - DEBUG - ChannelConnectivity.IDLE
2025-04-01 12:27:09 - [Cluster 1 - CLIENT] - DEBUG - ChannelConnectivity.READY
2025-04-01 12:27:09 - [Cluster 1 - CLIENT] - INFO - [Store 807, Cluster 1] Connecting to 127.0.0.1:8081 ...
2025-04-01 12:27:09 - [Cluster 1 - CLIENT] - INFO - [Store 106, Cluster 1] Connecting to 127.0.0.1:8081 ...
2025-04-01 12:27:09 - [Cluster 1 - CLIENT] - INFO - [Store 615, Cluster 1] Connecting to 127.0.0.1:8081 ...
2025-04-01 12:27:09 - [Cluster 1 - CLIENT] - DEBUG - ChannelConnectivity.READY
2025-04-01 12:27:09 - [Cluster 1 - CLIENT] - DEBUG - Opened insecure gRPC connection (no certificates were passed)
2025-04-01 12:27:09 - [Cluster 1 - CLIENT] - DEBUG - ChannelConnectivity.IDLE
2025-04-01 12:27:09 - [Cluster 1 - CLIENT] - DEBUG - Opened insecure gRPC connection (no certificates were passed)
2025-04-01 12:27:09 - [Cluster 1 - CLIENT] - INFO - [Store 382, Cluster 1] Connecting to 127.0.0.1:8081 ...
2025-04-01 12:27:09 - [Cluster 1 - CLIENT] - DEBUG - ChannelConnectivity.READY
2025-04-01 12:27:09 - [Cluster 1 - CLIENT] - DEBUG - Opened insecure gRPC connection (no certificates were passed)
2025-04-01 12:27:09 - [Cluster 1 - CLIENT] - DEBUG - ChannelConnectivity.IDLE
2025-04-01 12:27:09 - [Cluster 1 - CLIENT] - DEBUG - ChannelConnectivity.IDLE
2025-04-01 12:27:09 - [Cluster 1 - CLIENT] - DEBUG - ChannelConnectivity.CONNECTING
2025-04-01 12:27:09 - [Cluster 1 - CLIENT] - DEBUG - ChannelConnectivity.READY
2025-04-01 12:27:09 - [Cluster 1 - CLIENT] - DEBUG - ChannelConnectivity.READY
2025-04-01 12:27:09 - [Cluster 1 - CLIENT] - DEBUG - Opened insecure gRPC connection (no certificates were passed)
2025-04-01 12:27:09 - [Cluster 1 - CLIENT] - DEBUG - ChannelConnectivity.IDLE
2025-04-01 12:27:09 - [Cluster 1 - CLIENT] - DEBUG - ChannelConnectivity.CONNECTING
2025-04-01 12:27:09 - [Cluster 1 - CLIENT] - DEBUG - ChannelConnectivity.READY
2025-04-01 12:27:25 - [Cluster 1 - CLIENT] - INFO - Initialized client logging for cluster 1 -> ../logs/run_20250401_082127/clients_cluster_1.log
2025-04-01 12:27:25 - [Cluster 1 - CLIENT] - INFO - Loading pickle data for store 532, cluster 1...
2025-04-01 12:27:25 - [Cluster 1 - CLIENT] - INFO - x_train shape: (723, 7, 27), y_train shape: (723, 1)
2025-04-01 12:27:25 - [Cluster 1 - CLIENT] - INFO - x_val shape: (176, 7, 27), y_val shape: (176, 1)
2025-04-01 12:27:25 - [Cluster 1 - CLIENT] - INFO - [Store 532, Cluster 1] Connecting to 127.0.0.1:8081 ...
2025-04-01 12:27:25 - [Cluster 1 - CLIENT] - DEBUG - Opened insecure gRPC connection (no certificates were passed)
2025-04-01 12:27:25 - [Cluster 1 - CLIENT] - DEBUG - ChannelConnectivity.IDLE
2025-04-01 12:27:25 - [Cluster 1 - CLIENT] - DEBUG - ChannelConnectivity.CONNECTING
2025-04-01 12:27:25 - [Cluster 1 - CLIENT] - DEBUG - ChannelConnectivity.READY
2025-04-01 12:27:47 - [Cluster 1 - CLIENT] - INFO - Initialized client logging for cluster 1 -> ../logs/run_20250401_082127/clients_cluster_1.log
2025-04-01 12:27:47 - [Cluster 1 - CLIENT] - INFO - Loading pickle data for store 195, cluster 1...
2025-04-01 12:27:47 - [Cluster 1 - CLIENT] - INFO - x_train shape: (723, 7, 27), y_train shape: (723, 1)
2025-04-01 12:27:47 - [Cluster 1 - CLIENT] - INFO - x_val shape: (176, 7, 27), y_val shape: (176, 1)
2025-04-01 12:27:48 - [Cluster 1 - CLIENT] - INFO - [Store 195, Cluster 1] Connecting to 127.0.0.1:8081 ...
2025-04-01 12:27:48 - [Cluster 1 - CLIENT] - DEBUG - Opened insecure gRPC connection (no certificates were passed)
2025-04-01 12:27:48 - [Cluster 1 - CLIENT] - DEBUG - ChannelConnectivity.IDLE
2025-04-01 12:27:48 - [Cluster 1 - CLIENT] - DEBUG - ChannelConnectivity.CONNECTING
2025-04-01 12:27:48 - [Cluster 1 - CLIENT] - DEBUG - ChannelConnectivity.READY
2025-04-01 12:27:48 - [Cluster 1 - CLIENT] - INFO - 
2025-04-01 12:27:48 - [Cluster 1 - CLIENT] - INFO - Received: train message 74e53b60-2b61-487e-b950-2730601a7f54
2025-04-01 12:27:48 - [Cluster 1 - CLIENT] - INFO - 
2025-04-01 12:27:48 - [Cluster 1 - CLIENT] - INFO - Received: train message e5b4d897-94ca-4874-8fd7-0e22267908de
2025-04-01 12:27:48 - [Cluster 1 - CLIENT] - INFO - 
2025-04-01 12:27:48 - [Cluster 1 - CLIENT] - INFO - Received: train message 1977aa5a-163e-4282-a732-965452d29ca3
2025-04-01 12:27:48 - [Cluster 1 - CLIENT] - INFO - 
2025-04-01 12:27:48 - [Cluster 1 - CLIENT] - INFO - Received: train message 910b9fbe-69ed-4bf1-ba50-537d8bffaacf
2025-04-01 12:27:48 - [Cluster 1 - CLIENT] - INFO - 
2025-04-01 12:27:48 - [Cluster 1 - CLIENT] - INFO - Received: train message d8d05dc5-7d85-4261-be71-d75477425e5a
2025-04-01 12:27:48 - [Cluster 1 - CLIENT] - INFO - [Store 532] Starting local training.
2025-04-01 12:27:48 - [Cluster 1 - CLIENT] - INFO - 
2025-04-01 12:27:48 - [Cluster 1 - CLIENT] - INFO - Received: train message a4eaae8a-4f5b-4106-a202-7a321d8a9a42
2025-04-01 12:27:48 - [Cluster 1 - CLIENT] - INFO - 
2025-04-01 12:27:48 - [Cluster 1 - CLIENT] - INFO - Received: train message 7c3c5fe6-fc7e-4a66-9478-e47eaa3ca199
2025-04-01 12:27:48 - [Cluster 1 - CLIENT] - INFO - 
2025-04-01 12:27:48 - [Cluster 1 - CLIENT] - INFO - Received: train message 98503363-7af6-4f16-9ef4-c333978af9bf
2025-04-01 12:27:48 - [Cluster 1 - CLIENT] - INFO - 
2025-04-01 12:27:48 - [Cluster 1 - CLIENT] - INFO - [Store 195] Starting local training.
2025-04-01 12:27:48 - [Cluster 1 - CLIENT] - INFO - Received: train message b6fe86f5-05e1-4446-a6d9-6bb8d7f613a4
2025-04-01 12:27:48 - [Cluster 1 - CLIENT] - INFO - 
2025-04-01 12:27:48 - [Cluster 1 - CLIENT] - INFO - Received: train message 400d4168-7fc4-4231-9b8c-6078e65db2bd
2025-04-01 12:27:48 - [Cluster 1 - CLIENT] - INFO - 
2025-04-01 12:27:48 - [Cluster 1 - CLIENT] - INFO - Received: train message 26305ebc-e701-4d43-9506-416c92456092
2025-04-01 12:27:48 - [Cluster 1 - CLIENT] - INFO - 
2025-04-01 12:27:48 - [Cluster 1 - CLIENT] - INFO - Received: train message 578e3adb-a6d6-491a-a55d-6ea326d1684b
2025-04-01 12:27:48 - [Cluster 1 - CLIENT] - INFO - 
2025-04-01 12:27:48 - [Cluster 1 - CLIENT] - INFO - Received: train message 17441818-f588-4b7f-afa3-21d19a821034
2025-04-01 12:27:48 - [Cluster 1 - CLIENT] - INFO - 
2025-04-01 12:27:48 - [Cluster 1 - CLIENT] - INFO - Received: train message 01906d69-79f7-4662-b129-de4dddd7b387
2025-04-01 12:27:48 - [Cluster 1 - CLIENT] - INFO - [Store 524] Starting local training.
2025-04-01 12:27:48 - [Cluster 1 - CLIENT] - INFO - [Store 1033] Starting local training.
2025-04-01 12:27:48 - [Cluster 1 - CLIENT] - INFO - [Store 106] Starting local training.
2025-04-01 12:27:48 - [Cluster 1 - CLIENT] - INFO - [Store 382] Starting local training.
2025-04-01 12:27:48 - [Cluster 1 - CLIENT] - INFO - 
2025-04-01 12:27:48 - [Cluster 1 - CLIENT] - INFO - Received: train message b5529169-c0e2-4484-afe0-1f3bd68b332b
2025-04-01 12:27:48 - [Cluster 1 - CLIENT] - INFO - [Store 562] Starting local training.
2025-04-01 12:27:48 - [Cluster 1 - CLIENT] - INFO - [Store 682] Starting local training.
2025-04-01 12:27:48 - [Cluster 1 - CLIENT] - INFO - [Store 527] Starting local training.
2025-04-01 12:27:48 - [Cluster 1 - CLIENT] - INFO - [Store 938] Starting local training.
2025-04-01 12:27:48 - [Cluster 1 - CLIENT] - INFO - [Store 755] Starting local training.
2025-04-01 12:27:48 - [Cluster 1 - CLIENT] - INFO - [Store 615] Starting local training.
2025-04-01 12:27:48 - [Cluster 1 - CLIENT] - INFO - [Store 269] Starting local training.
2025-04-01 12:27:48 - [Cluster 1 - CLIENT] - INFO - [Store 665] Starting local training.
2025-04-01 12:27:48 - [Cluster 1 - CLIENT] - INFO - [Store 699] Starting local training.
2025-04-01 12:32:29 - [Cluster 1 - CLIENT] - INFO - [Store 195] Local training complete.
2025-04-01 12:32:29 - [Cluster 1 - CLIENT] - INFO - Sent reply
2025-04-01 12:32:29 - [Cluster 1 - CLIENT] - INFO - 
2025-04-01 12:32:29 - [Cluster 1 - CLIENT] - INFO - Received: train message 3fc38584-00eb-48fe-b7f7-d31e04ba9387
2025-04-01 12:32:29 - [Cluster 1 - CLIENT] - INFO - [Store 207] Starting local training.
2025-04-01 12:32:31 - [Cluster 1 - CLIENT] - INFO - [Store 532] Local training complete.
2025-04-01 12:32:31 - [Cluster 1 - CLIENT] - INFO - Sent reply
2025-04-01 12:32:31 - [Cluster 1 - CLIENT] - INFO - 
2025-04-01 12:32:31 - [Cluster 1 - CLIENT] - INFO - Received: train message a1ddd575-1010-49e8-9b4a-54fc67028f01
2025-04-01 12:32:32 - [Cluster 1 - CLIENT] - INFO - [Store 384] Starting local training.
2025-04-01 12:32:32 - [Cluster 1 - CLIENT] - INFO - [Store 938] Local training complete.
2025-04-01 12:32:32 - [Cluster 1 - CLIENT] - INFO - Sent reply
2025-04-01 12:32:32 - [Cluster 1 - CLIENT] - INFO - 
2025-04-01 12:32:32 - [Cluster 1 - CLIENT] - INFO - Received: train message 55f1dabf-1013-46fb-9dba-d1b50c2a4e9f
2025-04-01 12:32:32 - [Cluster 1 - CLIENT] - INFO - [Store 655] Starting local training.
2025-04-01 12:32:33 - [Cluster 1 - CLIENT] - INFO - [Store 106] Local training complete.
2025-04-01 12:32:33 - [Cluster 1 - CLIENT] - INFO - Sent reply
2025-04-01 12:32:33 - [Cluster 1 - CLIENT] - INFO - 
2025-04-01 12:32:33 - [Cluster 1 - CLIENT] - INFO - Received: train message 1f10c24e-bdbc-4fa5-a787-80c7f4f9e62e
2025-04-01 12:32:33 - [Cluster 1 - CLIENT] - INFO - [Store 665] Local training complete.
2025-04-01 12:32:33 - [Cluster 1 - CLIENT] - INFO - [Store 579] Starting local training.
2025-04-01 12:32:33 - [Cluster 1 - CLIENT] - INFO - [Store 382] Local training complete.
2025-04-01 12:32:34 - [Cluster 1 - CLIENT] - INFO - [Store 269] Local training complete.
2025-04-01 12:32:34 - [Cluster 1 - CLIENT] - INFO - Sent reply
2025-04-01 12:32:34 - [Cluster 1 - CLIENT] - INFO - Sent reply
2025-04-01 12:32:34 - [Cluster 1 - CLIENT] - INFO - [Store 1033] Local training complete.
2025-04-01 12:32:34 - [Cluster 1 - CLIENT] - INFO - 
2025-04-01 12:32:34 - [Cluster 1 - CLIENT] - INFO - Received: train message 437e7166-ca1b-4b8a-86fa-c7ad955ab9b4
2025-04-01 12:32:34 - [Cluster 1 - CLIENT] - INFO - 
2025-04-01 12:32:34 - [Cluster 1 - CLIENT] - INFO - Received: train message eb3bebc0-c46d-4e69-8203-5f44838df4ae
2025-04-01 12:32:34 - [Cluster 1 - CLIENT] - INFO - Sent reply
2025-04-01 12:32:34 - [Cluster 1 - CLIENT] - INFO - [Store 527] Local training complete.
2025-04-01 12:32:34 - [Cluster 1 - CLIENT] - INFO - [Store 849] Starting local training.
2025-04-01 12:32:34 - [Cluster 1 - CLIENT] - INFO - 
2025-04-01 12:32:34 - [Cluster 1 - CLIENT] - INFO - Received: train message 86e5ddf2-b129-4815-a59a-b941263175bd
2025-04-01 12:32:34 - [Cluster 1 - CLIENT] - INFO - Sent reply
2025-04-01 12:32:34 - [Cluster 1 - CLIENT] - INFO - [Store 211] Starting local training.
2025-04-01 12:32:34 - [Cluster 1 - CLIENT] - INFO - 
2025-04-01 12:32:34 - [Cluster 1 - CLIENT] - INFO - Received: train message 49b5bb15-8b63-43be-bb9d-fb77a514656f
2025-04-01 12:32:34 - [Cluster 1 - CLIENT] - INFO - Sent reply
2025-04-01 12:32:34 - [Cluster 1 - CLIENT] - INFO - [Store 682] Local training complete.
2025-04-01 12:32:34 - [Cluster 1 - CLIENT] - INFO - [Store 809] Starting local training.
2025-04-01 12:32:34 - [Cluster 1 - CLIENT] - INFO - 
2025-04-01 12:32:34 - [Cluster 1 - CLIENT] - INFO - Received: train message 17a45ae2-4205-4344-a6ff-83f3a2e464d1
2025-04-01 12:32:34 - [Cluster 1 - CLIENT] - INFO - Sent reply
2025-04-01 12:32:34 - [Cluster 1 - CLIENT] - INFO - 
2025-04-01 12:32:34 - [Cluster 1 - CLIENT] - INFO - Received: train message 6f7793f5-e3f1-4ebb-a801-0139f5572adf
2025-04-01 12:32:34 - [Cluster 1 - CLIENT] - INFO - [Store 914] Starting local training.
2025-04-01 12:32:35 - [Cluster 1 - CLIENT] - INFO - [Store 753] Starting local training.
2025-04-01 12:32:35 - [Cluster 1 - CLIENT] - INFO - [Store 526] Starting local training.
2025-04-01 12:32:35 - [Cluster 1 - CLIENT] - INFO - [Store 755] Local training complete.
2025-04-01 12:32:35 - [Cluster 1 - CLIENT] - INFO - [Store 699] Local training complete.
2025-04-01 12:32:35 - [Cluster 1 - CLIENT] - INFO - Sent reply
2025-04-01 12:32:35 - [Cluster 1 - CLIENT] - INFO - [Store 562] Local training complete.
2025-04-01 12:32:35 - [Cluster 1 - CLIENT] - INFO - Sent reply
2025-04-01 12:32:35 - [Cluster 1 - CLIENT] - INFO - 
2025-04-01 12:32:35 - [Cluster 1 - CLIENT] - INFO - Received: train message 3eae0f3f-26df-472c-8f8e-2e6cde33b343
2025-04-01 12:32:35 - [Cluster 1 - CLIENT] - INFO - 
2025-04-01 12:32:36 - [Cluster 1 - CLIENT] - INFO - Received: train message 86af7fc4-a646-4d8d-8a69-98c335a908ec
2025-04-01 12:32:36 - [Cluster 1 - CLIENT] - INFO - [Store 807] Starting local training.
2025-04-01 12:32:36 - [Cluster 1 - CLIENT] - INFO - Sent reply
2025-04-01 12:32:36 - [Cluster 1 - CLIENT] - INFO - [Store 999] Starting local training.
2025-04-01 12:32:36 - [Cluster 1 - CLIENT] - INFO - 
2025-04-01 12:32:36 - [Cluster 1 - CLIENT] - INFO - Received: train message 25e2e73d-accc-434f-bff5-a672ab713fbe
2025-04-01 12:32:36 - [Cluster 1 - CLIENT] - INFO - [Store 906] Starting local training.
2025-04-01 12:32:37 - [Cluster 1 - CLIENT] - INFO - [Store 524] Local training complete.
2025-04-01 12:32:37 - [Cluster 1 - CLIENT] - INFO - Sent reply
2025-04-01 12:32:37 - [Cluster 1 - CLIENT] - INFO - 
2025-04-01 12:32:37 - [Cluster 1 - CLIENT] - INFO - Received: train message 5edc8cb5-2c2c-40c8-80cc-27ee320c196e
2025-04-01 12:32:37 - [Cluster 1 - CLIENT] - INFO - [Store 431] Starting local training.
2025-04-01 12:32:38 - [Cluster 1 - CLIENT] - INFO - [Store 615] Local training complete.
2025-04-01 12:32:38 - [Cluster 1 - CLIENT] - INFO - Sent reply
2025-04-01 12:32:38 - [Cluster 1 - CLIENT] - INFO - 
2025-04-01 12:32:38 - [Cluster 1 - CLIENT] - INFO - Received: train message 4b9801af-39f3-4ec9-9771-48fe224cacff
2025-04-01 12:32:38 - [Cluster 1 - CLIENT] - INFO - [Store 608] Starting local training.
2025-04-01 12:37:05 - [Cluster 1 - CLIENT] - INFO - [Store 655] Local training complete.
2025-04-01 12:37:06 - [Cluster 1 - CLIENT] - INFO - Sent reply
2025-04-01 12:37:08 - [Cluster 1 - CLIENT] - INFO - [Store 849] Local training complete.
2025-04-01 12:37:08 - [Cluster 1 - CLIENT] - INFO - Sent reply
2025-04-01 12:37:09 - [Cluster 1 - CLIENT] - INFO - [Store 207] Local training complete.
2025-04-01 12:37:09 - [Cluster 1 - CLIENT] - INFO - [Store 211] Local training complete.
2025-04-01 12:37:09 - [Cluster 1 - CLIENT] - INFO - Sent reply
2025-04-01 12:37:09 - [Cluster 1 - CLIENT] - INFO - [Store 526] Local training complete.
2025-04-01 12:37:09 - [Cluster 1 - CLIENT] - INFO - Sent reply
2025-04-01 12:37:09 - [Cluster 1 - CLIENT] - INFO - [Store 579] Local training complete.
2025-04-01 12:37:09 - [Cluster 1 - CLIENT] - INFO - Sent reply
2025-04-01 12:37:10 - [Cluster 1 - CLIENT] - INFO - Sent reply
2025-04-01 12:37:11 - [Cluster 1 - CLIENT] - INFO - [Store 809] Local training complete.
2025-04-01 12:37:11 - [Cluster 1 - CLIENT] - INFO - Sent reply
2025-04-01 12:37:12 - [Cluster 1 - CLIENT] - INFO - [Store 906] Local training complete.
2025-04-01 12:37:12 - [Cluster 1 - CLIENT] - INFO - Sent reply
2025-04-01 12:37:12 - [Cluster 1 - CLIENT] - INFO - [Store 914] Local training complete.
2025-04-01 12:37:13 - [Cluster 1 - CLIENT] - INFO - [Store 384] Local training complete.
2025-04-01 12:37:13 - [Cluster 1 - CLIENT] - INFO - Sent reply
2025-04-01 12:37:13 - [Cluster 1 - CLIENT] - INFO - Sent reply
2025-04-01 12:37:14 - [Cluster 1 - CLIENT] - INFO - [Store 753] Local training complete.
2025-04-01 12:37:14 - [Cluster 1 - CLIENT] - INFO - Sent reply
2025-04-01 12:37:17 - [Cluster 1 - CLIENT] - INFO - [Store 807] Local training complete.
2025-04-01 12:37:17 - [Cluster 1 - CLIENT] - INFO - Sent reply
2025-04-01 12:37:17 - [Cluster 1 - CLIENT] - INFO - [Store 431] Local training complete.
2025-04-01 12:37:17 - [Cluster 1 - CLIENT] - INFO - Sent reply
2025-04-01 12:37:17 - [Cluster 1 - CLIENT] - INFO - [Store 999] Local training complete.
2025-04-01 12:37:17 - [Cluster 1 - CLIENT] - INFO - Sent reply
2025-04-01 12:37:18 - [Cluster 1 - CLIENT] - INFO - [Store 608] Local training complete.
2025-04-01 12:37:18 - [Cluster 1 - CLIENT] - INFO - Sent reply
2025-04-01 12:37:18 - [Cluster 1 - CLIENT] - INFO - 
2025-04-01 12:37:18 - [Cluster 1 - CLIENT] - INFO - Received: evaluate message 523479ad-5533-4848-88c4-7b8b3b373636
2025-04-01 12:37:18 - [Cluster 1 - CLIENT] - INFO - 
2025-04-01 12:37:18 - [Cluster 1 - CLIENT] - INFO - Received: evaluate message 60f7cd5c-e39b-4f39-a53f-6d009fbd8146
2025-04-01 12:37:18 - [Cluster 1 - CLIENT] - INFO - 
2025-04-01 12:37:18 - [Cluster 1 - CLIENT] - INFO - Received: evaluate message 96be2ecc-8811-4969-b316-287d9b6a35e9
2025-04-01 12:37:18 - [Cluster 1 - CLIENT] - INFO - 
2025-04-01 12:37:18 - [Cluster 1 - CLIENT] - INFO - Received: evaluate message 3e63eacf-e177-4aa8-b684-b30a27cb3338
2025-04-01 12:37:18 - [Cluster 1 - CLIENT] - INFO - 
2025-04-01 12:37:18 - [Cluster 1 - CLIENT] - INFO - Received: evaluate message 042ee225-87e0-48f5-8c47-342dc54ae3b9
2025-04-01 12:37:18 - [Cluster 1 - CLIENT] - INFO - 
2025-04-01 12:37:18 - [Cluster 1 - CLIENT] - INFO - Received: evaluate message a3c8ddaf-480a-46f2-af55-c271eaed1c3c
2025-04-01 12:37:18 - [Cluster 1 - CLIENT] - INFO - 
2025-04-01 12:37:18 - [Cluster 1 - CLIENT] - INFO - Received: evaluate message ec81a778-c62e-48ed-88f8-4d3a87913949
2025-04-01 12:37:18 - [Cluster 1 - CLIENT] - INFO - 
2025-04-01 12:37:18 - [Cluster 1 - CLIENT] - INFO - Received: evaluate message 681f096a-4c71-4d3e-9aa0-4c63b96119b9
2025-04-01 12:37:18 - [Cluster 1 - CLIENT] - INFO - 
2025-04-01 12:37:18 - [Cluster 1 - CLIENT] - INFO - Received: evaluate message c743fe07-af7d-41de-8e36-f9881eeed8ad
2025-04-01 12:37:18 - [Cluster 1 - CLIENT] - INFO - 
2025-04-01 12:37:18 - [Cluster 1 - CLIENT] - INFO - Received: evaluate message 9cb0efc9-af78-44f9-96e6-7ac4880d3e42
2025-04-01 12:37:18 - [Cluster 1 - CLIENT] - INFO - 
2025-04-01 12:37:18 - [Cluster 1 - CLIENT] - INFO - Received: evaluate message 8bad94b8-5942-4d84-aea7-8eed87407800
2025-04-01 12:37:18 - [Cluster 1 - CLIENT] - INFO - 
2025-04-01 12:37:18 - [Cluster 1 - CLIENT] - INFO - Received: evaluate message ef5f8641-d28a-4ab3-a2af-b39d2b9bf12c
2025-04-01 12:37:18 - [Cluster 1 - CLIENT] - INFO - 
2025-04-01 12:37:18 - [Cluster 1 - CLIENT] - INFO - Received: evaluate message d1668158-2192-4964-84ce-a81cbac4446b
2025-04-01 12:37:18 - [Cluster 1 - CLIENT] - INFO - 
2025-04-01 12:37:18 - [Cluster 1 - CLIENT] - INFO - Received: evaluate message 99a99457-651d-4578-bc10-60405414b966
2025-04-01 12:37:18 - [Cluster 1 - CLIENT] - INFO - 
2025-04-01 12:37:18 - [Cluster 1 - CLIENT] - INFO - Received: evaluate message f099f8ff-44f4-4df1-a7c2-f63e60c2bed4
2025-04-01 12:37:20 - [Cluster 1 - CLIENT] - INFO - [Store 906] Evaluation - Loss: 0.5324, MAE: 0.5005
2025-04-01 12:37:20 - [Cluster 1 - CLIENT] - INFO - Sent reply
2025-04-01 12:37:20 - [Cluster 1 - CLIENT] - INFO - 
2025-04-01 12:37:20 - [Cluster 1 - CLIENT] - INFO - Received: evaluate message da92c7d1-5edf-4755-a8f8-b91b2be75c55
2025-04-01 12:37:20 - [Cluster 1 - CLIENT] - INFO - [Store 526] Evaluation - Loss: 0.5136, MAE: 0.5080
2025-04-01 12:37:20 - [Cluster 1 - CLIENT] - INFO - Sent reply
2025-04-01 12:37:20 - [Cluster 1 - CLIENT] - INFO - [Store 809] Evaluation - Loss: 0.5920, MAE: 0.5557
2025-04-01 12:37:20 - [Cluster 1 - CLIENT] - INFO - Sent reply
2025-04-01 12:37:20 - [Cluster 1 - CLIENT] - INFO - [Store 207] Evaluation - Loss: 0.5311, MAE: 0.4992
2025-04-01 12:37:20 - [Cluster 1 - CLIENT] - INFO - Sent reply
2025-04-01 12:37:20 - [Cluster 1 - CLIENT] - INFO - 
2025-04-01 12:37:20 - [Cluster 1 - CLIENT] - INFO - Received: evaluate message 00fef218-5627-44ee-b063-8bbb8e801479
2025-04-01 12:37:20 - [Cluster 1 - CLIENT] - INFO - 
2025-04-01 12:37:20 - [Cluster 1 - CLIENT] - INFO - Received: evaluate message f30ba750-170d-4835-bfb5-cddb4fed59ed
2025-04-01 12:37:20 - [Cluster 1 - CLIENT] - INFO - 
2025-04-01 12:37:20 - [Cluster 1 - CLIENT] - INFO - Received: evaluate message 3d37f53c-3d5a-4fae-8347-f026aea435b3
2025-04-01 12:37:20 - [Cluster 1 - CLIENT] - INFO - [Store 807] Evaluation - Loss: 0.6700, MAE: 0.6184
2025-04-01 12:37:20 - [Cluster 1 - CLIENT] - INFO - Sent reply
2025-04-01 12:37:20 - [Cluster 1 - CLIENT] - INFO - [Store 849] Evaluation - Loss: 0.6089, MAE: 0.5845
2025-04-01 12:37:20 - [Cluster 1 - CLIENT] - INFO - Sent reply
2025-04-01 12:37:20 - [Cluster 1 - CLIENT] - INFO - 
2025-04-01 12:37:20 - [Cluster 1 - CLIENT] - INFO - Received: evaluate message 11d039e8-6a07-4596-9c36-4a42cc3250ca
2025-04-01 12:37:20 - [Cluster 1 - CLIENT] - INFO - 
2025-04-01 12:37:20 - [Cluster 1 - CLIENT] - INFO - Received: evaluate message 0e14e6e8-2a0f-46c1-bc79-da94adce10a6
2025-04-01 12:37:20 - [Cluster 1 - CLIENT] - INFO - [Store 431] Evaluation - Loss: 0.6701, MAE: 0.6229
2025-04-01 12:37:20 - [Cluster 1 - CLIENT] - INFO - Sent reply
2025-04-01 12:37:20 - [Cluster 1 - CLIENT] - INFO - 
2025-04-01 12:37:20 - [Cluster 1 - CLIENT] - INFO - Received: evaluate message 633a0bde-d664-4cf0-835b-37fde7082d65
2025-04-01 12:37:21 - [Cluster 1 - CLIENT] - INFO - [Store 999] Evaluation - Loss: 0.5262, MAE: 0.5359
2025-04-01 12:37:21 - [Cluster 1 - CLIENT] - INFO - Sent reply
2025-04-01 12:37:21 - [Cluster 1 - CLIENT] - INFO - 
2025-04-01 12:37:21 - [Cluster 1 - CLIENT] - INFO - Received: evaluate message cc0a1751-9f6a-42ba-b2da-75da6ebc423a
2025-04-01 12:37:21 - [Cluster 1 - CLIENT] - INFO - [Store 195] Evaluation - Loss: 0.6459, MAE: 0.6032
2025-04-01 12:37:21 - [Cluster 1 - CLIENT] - INFO - Sent reply
2025-04-01 12:37:21 - [Cluster 1 - CLIENT] - INFO - 
2025-04-01 12:37:21 - [Cluster 1 - CLIENT] - INFO - Received: evaluate message 8769e7f1-09be-43a4-9ae4-89562c4f7a69
2025-04-01 12:37:22 - [Cluster 1 - CLIENT] - INFO - [Store 755] Evaluation - Loss: 0.6116, MAE: 0.5703
2025-04-01 12:37:22 - [Cluster 1 - CLIENT] - INFO - Sent reply
2025-04-01 12:37:22 - [Cluster 1 - CLIENT] - INFO - [Store 269] Evaluation - Loss: 0.5726, MAE: 0.5505
2025-04-01 12:37:22 - [Cluster 1 - CLIENT] - INFO - Sent reply
2025-04-01 12:37:22 - [Cluster 1 - CLIENT] - INFO - 
2025-04-01 12:37:22 - [Cluster 1 - CLIENT] - INFO - Received: evaluate message d338887d-2c9b-4d6f-a471-a864c4fffb33
2025-04-01 12:37:22 - [Cluster 1 - CLIENT] - INFO - [Store 532] Evaluation - Loss: 0.7329, MAE: 0.6643
2025-04-01 12:37:22 - [Cluster 1 - CLIENT] - INFO - Sent reply
2025-04-01 12:37:22 - [Cluster 1 - CLIENT] - INFO - 
2025-04-01 12:37:22 - [Cluster 1 - CLIENT] - INFO - Received: evaluate message bee35517-c31b-4ab3-9f59-d6a9b802caaf
2025-04-01 12:37:22 - [Cluster 1 - CLIENT] - INFO - 
2025-04-01 12:37:22 - [Cluster 1 - CLIENT] - INFO - Received: evaluate message b3b64c8e-a474-4dc5-8eb4-191b3e171732
2025-04-01 12:37:22 - [Cluster 1 - CLIENT] - INFO - [Store 1033] Evaluation - Loss: 0.5784, MAE: 0.5494
2025-04-01 12:37:22 - [Cluster 1 - CLIENT] - INFO - Sent reply
2025-04-01 12:37:22 - [Cluster 1 - CLIENT] - INFO - 
2025-04-01 12:37:22 - [Cluster 1 - CLIENT] - INFO - Received: evaluate message 01fbee8c-2542-458d-8a90-29ba640182cd
2025-04-01 12:37:22 - [Cluster 1 - CLIENT] - INFO - [Store 382] Evaluation - Loss: 0.5163, MAE: 0.5169
2025-04-01 12:37:22 - [Cluster 1 - CLIENT] - INFO - Sent reply
2025-04-01 12:37:23 - [Cluster 1 - CLIENT] - INFO - [Store 753] Evaluation - Loss: 0.5718, MAE: 0.5483
2025-04-01 12:37:23 - [Cluster 1 - CLIENT] - INFO - Sent reply
2025-04-01 12:37:23 - [Cluster 1 - CLIENT] - INFO - 
2025-04-01 12:37:23 - [Cluster 1 - CLIENT] - INFO - Received: evaluate message 28b402cf-aa11-4a98-85c2-9407a99a7f92
2025-04-01 12:37:23 - [Cluster 1 - CLIENT] - INFO - 
2025-04-01 12:37:23 - [Cluster 1 - CLIENT] - INFO - Received: evaluate message 6e2f48a6-2100-46d6-8c58-df1f900281a7
2025-04-01 12:37:23 - [Cluster 1 - CLIENT] - INFO - [Store 211] Evaluation - Loss: 0.6330, MAE: 0.6014
2025-04-01 12:37:23 - [Cluster 1 - CLIENT] - INFO - Sent reply
2025-04-01 12:37:23 - [Cluster 1 - CLIENT] - INFO - [Store 562] Evaluation - Loss: 0.6834, MAE: 0.6643
2025-04-01 12:37:23 - [Cluster 1 - CLIENT] - INFO - Sent reply
2025-04-01 12:37:23 - [Cluster 1 - CLIENT] - INFO - [Store 384] Evaluation - Loss: 0.5891, MAE: 0.5730
2025-04-01 12:37:23 - [Cluster 1 - CLIENT] - INFO - Sent reply
2025-04-01 12:37:23 - [Cluster 1 - CLIENT] - INFO - [Store 608] Evaluation - Loss: 0.5567, MAE: 0.5575
2025-04-01 12:37:23 - [Cluster 1 - CLIENT] - INFO - [Store 665] Evaluation - Loss: 0.5030, MAE: 0.4944
2025-04-01 12:37:23 - [Cluster 1 - CLIENT] - INFO - Sent reply
2025-04-01 12:37:23 - [Cluster 1 - CLIENT] - INFO - Sent reply
2025-04-01 12:37:23 - [Cluster 1 - CLIENT] - INFO - [Store 914] Evaluation - Loss: 0.5211, MAE: 0.5034
2025-04-01 12:37:23 - [Cluster 1 - CLIENT] - INFO - Sent reply
2025-04-01 12:37:23 - [Cluster 1 - CLIENT] - INFO - [Store 527] Evaluation - Loss: 0.6393, MAE: 0.6096
2025-04-01 12:37:23 - [Cluster 1 - CLIENT] - INFO - Sent reply
2025-04-01 12:37:23 - [Cluster 1 - CLIENT] - INFO - [Store 938] Evaluation - Loss: 0.5643, MAE: 0.5227
2025-04-01 12:37:23 - [Cluster 1 - CLIENT] - INFO - Sent reply
2025-04-01 12:37:23 - [Cluster 1 - CLIENT] - INFO - [Store 106] Evaluation - Loss: 0.4897, MAE: 0.5010
2025-04-01 12:37:23 - [Cluster 1 - CLIENT] - INFO - Sent reply
2025-04-01 12:37:24 - [Cluster 1 - CLIENT] - INFO - [Store 579] Evaluation - Loss: 0.5707, MAE: 0.5523
2025-04-01 12:37:24 - [Cluster 1 - CLIENT] - INFO - Sent reply
2025-04-01 12:37:24 - [Cluster 1 - CLIENT] - INFO - [Store 655] Evaluation - Loss: 0.7890, MAE: 0.6857
2025-04-01 12:37:24 - [Cluster 1 - CLIENT] - INFO - Sent reply
2025-04-01 12:37:24 - [Cluster 1 - CLIENT] - INFO - [Store 615] Evaluation - Loss: 0.5523, MAE: 0.5034
2025-04-01 12:37:24 - [Cluster 1 - CLIENT] - INFO - Sent reply
2025-04-01 12:37:24 - [Cluster 1 - CLIENT] - INFO - [Store 682] Evaluation - Loss: 0.5190, MAE: 0.5842
2025-04-01 12:37:24 - [Cluster 1 - CLIENT] - INFO - Sent reply
2025-04-01 12:37:24 - [Cluster 1 - CLIENT] - INFO - [Store 699] Evaluation - Loss: 0.5777, MAE: 0.5153
2025-04-01 12:37:24 - [Cluster 1 - CLIENT] - INFO - Sent reply
2025-04-01 12:37:24 - [Cluster 1 - CLIENT] - INFO - [Store 524] Evaluation - Loss: 0.5277, MAE: 0.5120
2025-04-01 12:37:24 - [Cluster 1 - CLIENT] - INFO - Sent reply
2025-04-01 12:37:24 - [Cluster 1 - CLIENT] - INFO - 
2025-04-01 12:37:24 - [Cluster 1 - CLIENT] - INFO - Received: train message db79da29-5452-4638-97cc-845f18d8884b
2025-04-01 12:37:24 - [Cluster 1 - CLIENT] - INFO - 
2025-04-01 12:37:24 - [Cluster 1 - CLIENT] - INFO - Received: train message 9930c91c-bb6b-4631-bf0d-37d038ea6ff6
2025-04-01 12:37:24 - [Cluster 1 - CLIENT] - INFO - 
2025-04-01 12:37:24 - [Cluster 1 - CLIENT] - INFO - Received: train message 8a274ae0-d0b7-432d-8998-5ea38a719a48
2025-04-01 12:37:24 - [Cluster 1 - CLIENT] - INFO - [Store 655] Starting local training.
2025-04-01 12:37:24 - [Cluster 1 - CLIENT] - INFO - 
2025-04-01 12:37:24 - [Cluster 1 - CLIENT] - INFO - Received: train message e882d31e-adff-4c96-ab1b-7f27be16be1e
2025-04-01 12:37:24 - [Cluster 1 - CLIENT] - INFO - [Store 699] Starting local training.
2025-04-01 12:37:24 - [Cluster 1 - CLIENT] - INFO - 
2025-04-01 12:37:24 - [Cluster 1 - CLIENT] - INFO - Received: train message 7f5367e1-6be2-4e09-a0c6-09624cb622f7
2025-04-01 12:37:24 - [Cluster 1 - CLIENT] - INFO - 
2025-04-01 12:37:24 - [Cluster 1 - CLIENT] - INFO - Received: train message db1e70f6-bb12-4025-863f-2e13d2a8110e
2025-04-01 12:37:24 - [Cluster 1 - CLIENT] - INFO - 
2025-04-01 12:37:24 - [Cluster 1 - CLIENT] - INFO - [Store 579] Starting local training.
2025-04-01 12:37:24 - [Cluster 1 - CLIENT] - INFO - Received: train message cf694a5e-c088-4042-91d0-6c3be2724cb6
2025-04-01 12:37:24 - [Cluster 1 - CLIENT] - INFO - 
2025-04-01 12:37:24 - [Cluster 1 - CLIENT] - INFO - Received: train message 9fd99fd1-1ced-4efd-9b37-db87108aabc5
2025-04-01 12:37:24 - [Cluster 1 - CLIENT] - INFO - 
2025-04-01 12:37:24 - [Cluster 1 - CLIENT] - INFO - Received: train message 1eda0849-2b3d-4ab5-8c2d-367e6f9dc0f7
2025-04-01 12:37:24 - [Cluster 1 - CLIENT] - INFO - 
2025-04-01 12:37:24 - [Cluster 1 - CLIENT] - INFO - Received: train message ac47b5c1-3be9-4e0a-8831-abeffe29ba29
2025-04-01 12:37:24 - [Cluster 1 - CLIENT] - INFO - 
2025-04-01 12:37:24 - [Cluster 1 - CLIENT] - INFO - Received: train message 8e7be85f-aa5d-4af7-9583-d19a124528ff
2025-04-01 12:37:24 - [Cluster 1 - CLIENT] - INFO - 
2025-04-01 12:37:24 - [Cluster 1 - CLIENT] - INFO - Received: train message 2f0f70e4-fd1a-46b3-8f4f-99c123cc7d80
2025-04-01 12:37:24 - [Cluster 1 - CLIENT] - INFO - 
2025-04-01 12:37:24 - [Cluster 1 - CLIENT] - INFO - Received: train message 1e1166d5-bd8a-41ab-bee5-bf6304bf939d
2025-04-01 12:37:24 - [Cluster 1 - CLIENT] - INFO - [Store 608] Starting local training.
2025-04-01 12:37:24 - [Cluster 1 - CLIENT] - INFO - [Store 211] Starting local training.
2025-04-01 12:37:24 - [Cluster 1 - CLIENT] - INFO - [Store 999] Starting local training.
2025-04-01 12:37:24 - [Cluster 1 - CLIENT] - INFO - 
2025-04-01 12:37:24 - [Cluster 1 - CLIENT] - INFO - Received: train message 5d124dbe-ef60-406e-9fc6-0dd49c1a86c1
2025-04-01 12:37:24 - [Cluster 1 - CLIENT] - INFO - [Store 269] Starting local training.
2025-04-01 12:37:24 - [Cluster 1 - CLIENT] - INFO - [Store 682] Starting local training.
2025-04-01 12:37:24 - [Cluster 1 - CLIENT] - INFO - [Store 431] Starting local training.
2025-04-01 12:37:24 - [Cluster 1 - CLIENT] - INFO - 
2025-04-01 12:37:24 - [Cluster 1 - CLIENT] - INFO - Received: train message e31d3dbe-40d9-4020-ae59-fec488ae6040
2025-04-01 12:37:24 - [Cluster 1 - CLIENT] - INFO - [Store 914] Starting local training.
2025-04-01 12:37:24 - [Cluster 1 - CLIENT] - INFO - [Store 382] Starting local training.
2025-04-01 12:37:24 - [Cluster 1 - CLIENT] - INFO - [Store 1033] Starting local training.
2025-04-01 12:37:24 - [Cluster 1 - CLIENT] - INFO - [Store 807] Starting local training.
2025-04-01 12:37:24 - [Cluster 1 - CLIENT] - INFO - [Store 526] Starting local training.
2025-04-01 12:37:24 - [Cluster 1 - CLIENT] - INFO - [Store 849] Starting local training.
2025-04-01 12:41:48 - [Cluster 1 - CLIENT] - INFO - [Store 999] Local training complete.
2025-04-01 12:41:49 - [Cluster 1 - CLIENT] - INFO - Sent reply
2025-04-01 12:41:49 - [Cluster 1 - CLIENT] - INFO - 
2025-04-01 12:41:49 - [Cluster 1 - CLIENT] - INFO - Received: train message f142f05e-a7dc-408a-ab1e-425d8a0933e4
2025-04-01 12:41:49 - [Cluster 1 - CLIENT] - INFO - [Store 753] Starting local training.
2025-04-01 12:41:49 - [Cluster 1 - CLIENT] - INFO - [Store 431] Local training complete.
2025-04-01 12:41:49 - [Cluster 1 - CLIENT] - INFO - Sent reply
2025-04-01 12:41:49 - [Cluster 1 - CLIENT] - INFO - 
2025-04-01 12:41:49 - [Cluster 1 - CLIENT] - INFO - Received: train message 83e1aaa7-a001-47e9-9bc9-d29a82125187
2025-04-01 12:41:49 - [Cluster 1 - CLIENT] - INFO - [Store 562] Starting local training.
2025-04-01 12:41:50 - [Cluster 1 - CLIENT] - INFO - [Store 526] Local training complete.
2025-04-01 12:41:50 - [Cluster 1 - CLIENT] - INFO - Sent reply
2025-04-01 12:41:50 - [Cluster 1 - CLIENT] - INFO - 
2025-04-01 12:41:50 - [Cluster 1 - CLIENT] - INFO - Received: train message fd779389-1b2d-47a9-ab0a-712b5bdbbdb7
2025-04-01 12:41:51 - [Cluster 1 - CLIENT] - INFO - [Store 938] Starting local training.
2025-04-01 12:41:51 - [Cluster 1 - CLIENT] - INFO - [Store 655] Local training complete.
2025-04-01 12:41:51 - [Cluster 1 - CLIENT] - INFO - [Store 914] Local training complete.
2025-04-01 12:41:51 - [Cluster 1 - CLIENT] - INFO - Sent reply
2025-04-01 12:41:51 - [Cluster 1 - CLIENT] - INFO - 
2025-04-01 12:41:51 - [Cluster 1 - CLIENT] - INFO - Received: train message 1bcce10f-eafa-4fb7-b890-41dc7baa242e
2025-04-01 12:41:51 - [Cluster 1 - CLIENT] - INFO - Sent reply
2025-04-01 12:41:51 - [Cluster 1 - CLIENT] - INFO - 
2025-04-01 12:41:51 - [Cluster 1 - CLIENT] - INFO - Received: train message 9fd0f599-796f-4e3c-885e-7b704953cb8e
2025-04-01 12:41:51 - [Cluster 1 - CLIENT] - INFO - [Store 809] Starting local training.
2025-04-01 12:41:51 - [Cluster 1 - CLIENT] - INFO - [Store 682] Local training complete.
2025-04-01 12:41:51 - [Cluster 1 - CLIENT] - INFO - Sent reply
2025-04-01 12:41:51 - [Cluster 1 - CLIENT] - INFO - 
2025-04-01 12:41:51 - [Cluster 1 - CLIENT] - INFO - Received: train message 92a83ced-a6cd-42b8-a409-8dd89f086aed
2025-04-01 12:41:52 - [Cluster 1 - CLIENT] - INFO - [Store 207] Starting local training.
2025-04-01 12:41:52 - [Cluster 1 - CLIENT] - INFO - [Store 615] Starting local training.
2025-04-01 12:41:52 - [Cluster 1 - CLIENT] - INFO - [Store 608] Local training complete.
2025-04-01 12:41:52 - [Cluster 1 - CLIENT] - INFO - [Store 382] Local training complete.
2025-04-01 12:41:52 - [Cluster 1 - CLIENT] - INFO - Sent reply
2025-04-01 12:41:52 - [Cluster 1 - CLIENT] - INFO - Sent reply
2025-04-01 12:41:52 - [Cluster 1 - CLIENT] - INFO - 
2025-04-01 12:41:52 - [Cluster 1 - CLIENT] - INFO - Received: train message 2acd37e0-0bbe-42c0-97ec-15917cca6e08
2025-04-01 12:41:52 - [Cluster 1 - CLIENT] - INFO - 
2025-04-01 12:41:52 - [Cluster 1 - CLIENT] - INFO - Received: train message 26a5d1c2-28c6-4d29-b1c3-d7f5967c85ec
2025-04-01 12:41:53 - [Cluster 1 - CLIENT] - INFO - [Store 527] Starting local training.
2025-04-01 12:41:53 - [Cluster 1 - CLIENT] - INFO - [Store 524] Starting local training.
2025-04-01 12:41:54 - [Cluster 1 - CLIENT] - INFO - [Store 699] Local training complete.
2025-04-01 12:41:54 - [Cluster 1 - CLIENT] - INFO - Sent reply
2025-04-01 12:41:54 - [Cluster 1 - CLIENT] - INFO - 
2025-04-01 12:41:54 - [Cluster 1 - CLIENT] - INFO - Received: train message 1152ee73-c595-4a1e-b175-d63294732a80
2025-04-01 12:41:55 - [Cluster 1 - CLIENT] - INFO - [Store 755] Starting local training.
2025-04-01 12:41:55 - [Cluster 1 - CLIENT] - INFO - [Store 269] Local training complete.
2025-04-01 12:41:55 - [Cluster 1 - CLIENT] - INFO - Sent reply
2025-04-01 12:41:55 - [Cluster 1 - CLIENT] - INFO - 
2025-04-01 12:41:55 - [Cluster 1 - CLIENT] - INFO - Received: train message 803e464f-ff30-4f2c-a6f7-df09e4066e7d
2025-04-01 12:41:56 - [Cluster 1 - CLIENT] - INFO - [Store 532] Starting local training.
2025-04-01 12:41:57 - [Cluster 1 - CLIENT] - INFO - [Store 579] Local training complete.
2025-04-01 12:41:57 - [Cluster 1 - CLIENT] - INFO - Sent reply
2025-04-01 12:41:57 - [Cluster 1 - CLIENT] - INFO - 
2025-04-01 12:41:57 - [Cluster 1 - CLIENT] - INFO - Received: train message a0251bd8-7fb6-4b44-ae33-e4dc0aad0689
2025-04-01 12:41:57 - [Cluster 1 - CLIENT] - INFO - [Store 384] Starting local training.
2025-04-01 12:41:58 - [Cluster 1 - CLIENT] - INFO - [Store 211] Local training complete.
2025-04-01 12:41:58 - [Cluster 1 - CLIENT] - INFO - [Store 807] Local training complete.
2025-04-01 12:41:58 - [Cluster 1 - CLIENT] - INFO - Sent reply
2025-04-01 12:41:58 - [Cluster 1 - CLIENT] - INFO - Sent reply
2025-04-01 12:41:58 - [Cluster 1 - CLIENT] - INFO - 
2025-04-01 12:41:58 - [Cluster 1 - CLIENT] - INFO - Received: train message 0e0a4e70-e59e-4d03-97b2-446ae9ac9720
2025-04-01 12:41:58 - [Cluster 1 - CLIENT] - INFO - 
2025-04-01 12:41:58 - [Cluster 1 - CLIENT] - INFO - Received: train message ecbe86b6-821b-4783-97b1-7bedb5273565
2025-04-01 12:41:59 - [Cluster 1 - CLIENT] - INFO - [Store 195] Starting local training.
2025-04-01 12:41:59 - [Cluster 1 - CLIENT] - INFO - [Store 106] Starting local training.
2025-04-01 12:41:59 - [Cluster 1 - CLIENT] - INFO - [Store 1033] Local training complete.
2025-04-01 12:41:59 - [Cluster 1 - CLIENT] - INFO - Sent reply
2025-04-01 12:41:59 - [Cluster 1 - CLIENT] - INFO - 
2025-04-01 12:41:59 - [Cluster 1 - CLIENT] - INFO - Received: train message dd438c63-5b20-4664-8243-f61e278188eb
2025-04-01 12:41:59 - [Cluster 1 - CLIENT] - INFO - [Store 665] Starting local training.
2025-04-01 12:42:00 - [Cluster 1 - CLIENT] - INFO - [Store 849] Local training complete.
2025-04-01 12:42:00 - [Cluster 1 - CLIENT] - INFO - Sent reply
2025-04-01 12:42:01 - [Cluster 1 - CLIENT] - INFO - 
2025-04-01 12:42:01 - [Cluster 1 - CLIENT] - INFO - Received: train message a122cab9-fe33-478d-870b-2bdc2106c352
2025-04-01 12:42:01 - [Cluster 1 - CLIENT] - INFO - [Store 906] Starting local training.
2025-04-01 12:46:19 - [Cluster 1 - CLIENT] - INFO - [Store 615] Local training complete.
2025-04-01 12:46:20 - [Cluster 1 - CLIENT] - INFO - Sent reply
2025-04-01 12:46:21 - [Cluster 1 - CLIENT] - INFO - [Store 938] Local training complete.
2025-04-01 12:46:21 - [Cluster 1 - CLIENT] - INFO - Sent reply
2025-04-01 12:46:22 - [Cluster 1 - CLIENT] - INFO - [Store 384] Local training complete.
2025-04-01 12:46:22 - [Cluster 1 - CLIENT] - INFO - Sent reply
2025-04-01 12:46:22 - [Cluster 1 - CLIENT] - INFO - [Store 527] Local training complete.
2025-04-01 12:46:22 - [Cluster 1 - CLIENT] - INFO - [Store 207] Local training complete.
2025-04-01 12:46:22 - [Cluster 1 - CLIENT] - INFO - Sent reply
2025-04-01 12:46:22 - [Cluster 1 - CLIENT] - INFO - Sent reply
2025-04-01 12:46:22 - [Cluster 1 - CLIENT] - INFO - [Store 809] Local training complete.
2025-04-01 12:46:22 - [Cluster 1 - CLIENT] - INFO - Sent reply
2025-04-01 12:46:23 - [Cluster 1 - CLIENT] - INFO - [Store 532] Local training complete.
2025-04-01 12:46:23 - [Cluster 1 - CLIENT] - INFO - [Store 665] Local training complete.
2025-04-01 12:46:23 - [Cluster 1 - CLIENT] - INFO - Sent reply
2025-04-01 12:46:24 - [Cluster 1 - CLIENT] - INFO - Sent reply
2025-04-01 12:46:24 - [Cluster 1 - CLIENT] - INFO - [Store 906] Local training complete.
2025-04-01 12:46:24 - [Cluster 1 - CLIENT] - INFO - Sent reply
2025-04-01 12:46:24 - [Cluster 1 - CLIENT] - INFO - [Store 106] Local training complete.
2025-04-01 12:46:24 - [Cluster 1 - CLIENT] - INFO - Sent reply
2025-04-01 12:46:25 - [Cluster 1 - CLIENT] - INFO - [Store 753] Local training complete.
2025-04-01 12:46:25 - [Cluster 1 - CLIENT] - INFO - Sent reply
2025-04-01 12:46:25 - [Cluster 1 - CLIENT] - INFO - [Store 195] Local training complete.
2025-04-01 12:46:25 - [Cluster 1 - CLIENT] - INFO - Sent reply
2025-04-01 12:46:26 - [Cluster 1 - CLIENT] - INFO - [Store 755] Local training complete.
2025-04-01 12:46:26 - [Cluster 1 - CLIENT] - INFO - Sent reply
2025-04-01 12:46:27 - [Cluster 1 - CLIENT] - INFO - [Store 524] Local training complete.
2025-04-01 12:46:27 - [Cluster 1 - CLIENT] - INFO - [Store 562] Local training complete.
2025-04-01 12:46:27 - [Cluster 1 - CLIENT] - INFO - Sent reply
2025-04-01 12:46:27 - [Cluster 1 - CLIENT] - INFO - Sent reply
2025-04-01 12:46:27 - [Cluster 1 - CLIENT] - INFO - 
2025-04-01 12:46:27 - [Cluster 1 - CLIENT] - INFO - Received: evaluate message 4ff623db-7bea-47c5-bf14-24248fe742a0
2025-04-01 12:46:27 - [Cluster 1 - CLIENT] - INFO - 
2025-04-01 12:46:27 - [Cluster 1 - CLIENT] - INFO - Received: evaluate message 00cca18c-9ebd-44d7-8069-58e5935c00bb
2025-04-01 12:46:27 - [Cluster 1 - CLIENT] - INFO - 
2025-04-01 12:46:27 - [Cluster 1 - CLIENT] - INFO - Received: evaluate message 3df10991-3272-4031-b2f1-e15f268cbae3
2025-04-01 12:46:27 - [Cluster 1 - CLIENT] - INFO - 
2025-04-01 12:46:27 - [Cluster 1 - CLIENT] - INFO - Received: evaluate message 195b2119-cd5f-4d70-acfa-bc418c6a64cd
2025-04-01 12:46:27 - [Cluster 1 - CLIENT] - INFO - 
2025-04-01 12:46:27 - [Cluster 1 - CLIENT] - INFO - Received: evaluate message 1adb25a0-b5d1-497a-8e8f-fb2bf4ef2a9a
2025-04-01 12:46:27 - [Cluster 1 - CLIENT] - INFO - 
2025-04-01 12:46:27 - [Cluster 1 - CLIENT] - INFO - 
2025-04-01 12:46:27 - [Cluster 1 - CLIENT] - INFO - Received: evaluate message a1b3ea80-3a09-4e20-ba3d-7d643a11acc9
2025-04-01 12:46:27 - [Cluster 1 - CLIENT] - INFO - Received: evaluate message 4f32d43c-41e4-4316-9a42-eb8e542c492f
2025-04-01 12:46:27 - [Cluster 1 - CLIENT] - INFO - 
2025-04-01 12:46:27 - [Cluster 1 - CLIENT] - INFO - Received: evaluate message 241352d2-2508-497f-b182-1aa458b09de9
2025-04-01 12:46:27 - [Cluster 1 - CLIENT] - INFO - 
2025-04-01 12:46:27 - [Cluster 1 - CLIENT] - INFO - Received: evaluate message d4e002d4-7766-4bd9-befd-e62153e8e485
2025-04-01 12:46:27 - [Cluster 1 - CLIENT] - INFO - 
2025-04-01 12:46:27 - [Cluster 1 - CLIENT] - INFO - Received: evaluate message 5725cf18-f21f-4e31-9300-05ba9c27e74d
2025-04-01 12:46:27 - [Cluster 1 - CLIENT] - INFO - 
2025-04-01 12:46:27 - [Cluster 1 - CLIENT] - INFO - Received: evaluate message 6e3810fe-27dc-4f68-9153-f9bc1a3e3032
2025-04-01 12:46:27 - [Cluster 1 - CLIENT] - INFO - 
2025-04-01 12:46:27 - [Cluster 1 - CLIENT] - INFO - 
2025-04-01 12:46:27 - [Cluster 1 - CLIENT] - INFO - Received: evaluate message e8f59f0f-4bce-4739-9354-2e51cad6e57a
2025-04-01 12:46:27 - [Cluster 1 - CLIENT] - INFO - Received: evaluate message caa11a40-d1c6-4192-9cff-0aa5296bb6ae
2025-04-01 12:46:27 - [Cluster 1 - CLIENT] - INFO - 
2025-04-01 12:46:27 - [Cluster 1 - CLIENT] - INFO - Received: evaluate message b0ab15aa-d383-4935-b51c-197f32fa995e
2025-04-01 12:46:27 - [Cluster 1 - CLIENT] - INFO - 
2025-04-01 12:46:27 - [Cluster 1 - CLIENT] - INFO - Received: evaluate message 3ffdc72e-4fe1-4c48-9ebc-2fc4481cf527
2025-04-01 12:46:29 - [Cluster 1 - CLIENT] - INFO - [Store 207] Evaluation - Loss: 0.2192, MAE: 0.3104
2025-04-01 12:46:29 - [Cluster 1 - CLIENT] - INFO - Sent reply
2025-04-01 12:46:29 - [Cluster 1 - CLIENT] - INFO - 
2025-04-01 12:46:29 - [Cluster 1 - CLIENT] - INFO - Received: evaluate message 13bed054-b1f7-43b1-b473-3d897be8f34a
2025-04-01 12:46:29 - [Cluster 1 - CLIENT] - INFO - [Store 1033] Evaluation - Loss: 0.2527, MAE: 0.3275
2025-04-01 12:46:29 - [Cluster 1 - CLIENT] - INFO - Sent reply
2025-04-01 12:46:29 - [Cluster 1 - CLIENT] - INFO - 
2025-04-01 12:46:29 - [Cluster 1 - CLIENT] - INFO - Received: evaluate message 345ec050-4aee-4157-a6e3-46004e7c1a2c
2025-04-01 12:46:29 - [Cluster 1 - CLIENT] - INFO - [Store 527] Evaluation - Loss: 0.3331, MAE: 0.3993
2025-04-01 12:46:29 - [Cluster 1 - CLIENT] - INFO - Sent reply
2025-04-01 12:46:29 - [Cluster 1 - CLIENT] - INFO - [Store 665] Evaluation - Loss: 0.2515, MAE: 0.3136
2025-04-01 12:46:29 - [Cluster 1 - CLIENT] - INFO - Sent reply
2025-04-01 12:46:29 - [Cluster 1 - CLIENT] - INFO - [Store 562] Evaluation - Loss: 0.5897, MAE: 0.6058
2025-04-01 12:46:29 - [Cluster 1 - CLIENT] - INFO - 
2025-04-01 12:46:29 - [Cluster 1 - CLIENT] - INFO - Received: evaluate message 76a99dc5-d0d1-472a-acf5-b25381292d7e
2025-04-01 12:46:29 - [Cluster 1 - CLIENT] - INFO - Sent reply
2025-04-01 12:46:29 - [Cluster 1 - CLIENT] - INFO - [Store 938] Evaluation - Loss: 0.2388, MAE: 0.3085
2025-04-01 12:46:29 - [Cluster 1 - CLIENT] - INFO - 
2025-04-01 12:46:29 - [Cluster 1 - CLIENT] - INFO - Received: evaluate message 35f81810-90d7-4bc6-9bba-9949864ee228
2025-04-01 12:46:29 - [Cluster 1 - CLIENT] - INFO - Sent reply
2025-04-01 12:46:29 - [Cluster 1 - CLIENT] - INFO - [Store 615] Evaluation - Loss: 0.2691, MAE: 0.3257
2025-04-01 12:46:29 - [Cluster 1 - CLIENT] - INFO - [Store 755] Evaluation - Loss: 0.2969, MAE: 0.3516
2025-04-01 12:46:29 - [Cluster 1 - CLIENT] - INFO - Sent reply
2025-04-01 12:46:29 - [Cluster 1 - CLIENT] - INFO - Sent reply
2025-04-01 12:46:29 - [Cluster 1 - CLIENT] - INFO - [Store 682] Evaluation - Loss: 0.3239, MAE: 0.4528
2025-04-01 12:46:29 - [Cluster 1 - CLIENT] - INFO - Sent reply
2025-04-01 12:46:29 - [Cluster 1 - CLIENT] - INFO - [Store 914] Evaluation - Loss: 0.2306, MAE: 0.3037
2025-04-01 12:46:29 - [Cluster 1 - CLIENT] - INFO - Sent reply
2025-04-01 12:46:29 - [Cluster 1 - CLIENT] - INFO - [Store 807] Evaluation - Loss: 0.3460, MAE: 0.3996
2025-04-01 12:46:29 - [Cluster 1 - CLIENT] - INFO - Sent reply
2025-04-01 12:46:29 - [Cluster 1 - CLIENT] - INFO - 
2025-04-01 12:46:29 - [Cluster 1 - CLIENT] - INFO - Received: evaluate message c965056e-ec05-44cf-8179-b11d1ea1d749
2025-04-01 12:46:29 - [Cluster 1 - CLIENT] - INFO - 
2025-04-01 12:46:29 - [Cluster 1 - CLIENT] - INFO - Received: evaluate message edfcd6c8-24a7-4b03-81a0-ea5b1fccc531
2025-04-01 12:46:29 - [Cluster 1 - CLIENT] - INFO - 
2025-04-01 12:46:29 - [Cluster 1 - CLIENT] - INFO - Received: evaluate message cbab90b2-fa97-4892-8ebc-d9207a1419c1
2025-04-01 12:46:29 - [Cluster 1 - CLIENT] - INFO - 
2025-04-01 12:46:29 - [Cluster 1 - CLIENT] - INFO - Received: evaluate message a95f401c-35f9-4486-bf98-eb7637836e39
2025-04-01 12:46:29 - [Cluster 1 - CLIENT] - INFO - 
2025-04-01 12:46:29 - [Cluster 1 - CLIENT] - INFO - Received: evaluate message fbf36015-5cc2-404f-b534-40b430cc01d3
2025-04-01 12:46:29 - [Cluster 1 - CLIENT] - INFO - 
2025-04-01 12:46:29 - [Cluster 1 - CLIENT] - INFO - [Store 999] Evaluation - Loss: 0.2353, MAE: 0.3439
2025-04-01 12:46:29 - [Cluster 1 - CLIENT] - INFO - Received: evaluate message d1054678-19a9-4fde-8374-bd47faf4562b
2025-04-01 12:46:29 - [Cluster 1 - CLIENT] - INFO - 
2025-04-01 12:46:29 - [Cluster 1 - CLIENT] - INFO - Sent reply
2025-04-01 12:46:29 - [Cluster 1 - CLIENT] - INFO - Received: evaluate message 53a70565-8413-47f7-bc0a-f6cdb0ad66cd
2025-04-01 12:46:29 - [Cluster 1 - CLIENT] - INFO - [Store 608] Evaluation - Loss: 0.2665, MAE: 0.3637
2025-04-01 12:46:29 - [Cluster 1 - CLIENT] - INFO - [Store 431] Evaluation - Loss: 0.3685, MAE: 0.4206
2025-04-01 12:46:29 - [Cluster 1 - CLIENT] - INFO - Sent reply
2025-04-01 12:46:29 - [Cluster 1 - CLIENT] - INFO - Sent reply
2025-04-01 12:46:29 - [Cluster 1 - CLIENT] - INFO - 
2025-04-01 12:46:29 - [Cluster 1 - CLIENT] - INFO - Received: evaluate message e4348b2d-0d41-4810-a606-9341da523cd9
2025-04-01 12:46:29 - [Cluster 1 - CLIENT] - INFO - 
2025-04-01 12:46:29 - [Cluster 1 - CLIENT] - INFO - Received: evaluate message bf4623da-9b28-4d36-88ea-c09e5cb0713e
2025-04-01 12:46:29 - [Cluster 1 - CLIENT] - INFO - 
2025-04-01 12:46:29 - [Cluster 1 - CLIENT] - INFO - Received: evaluate message 72b9c273-3e08-495b-a263-d7f2292a5cde
2025-04-01 12:46:29 - [Cluster 1 - CLIENT] - INFO - [Store 526] Evaluation - Loss: 0.2097, MAE: 0.3063
2025-04-01 12:46:30 - [Cluster 1 - CLIENT] - INFO - Sent reply
2025-04-01 12:46:30 - [Cluster 1 - CLIENT] - INFO - 
2025-04-01 12:46:30 - [Cluster 1 - CLIENT] - INFO - Received: evaluate message 91a2a997-4963-4179-b939-3a604b2aa486
2025-04-01 12:46:31 - [Cluster 1 - CLIENT] - INFO - [Store 753] Evaluation - Loss: 0.2818, MAE: 0.3566
2025-04-01 12:46:31 - [Cluster 1 - CLIENT] - INFO - Sent reply
2025-04-01 12:46:31 - [Cluster 1 - CLIENT] - INFO - [Store 384] Evaluation - Loss: 0.2713, MAE: 0.3674
2025-04-01 12:46:31 - [Cluster 1 - CLIENT] - INFO - Sent reply
2025-04-01 12:46:31 - [Cluster 1 - CLIENT] - INFO - [Store 106] Evaluation - Loss: 0.2169, MAE: 0.3034
2025-04-01 12:46:31 - [Cluster 1 - CLIENT] - INFO - Sent reply
2025-04-01 12:46:31 - [Cluster 1 - CLIENT] - INFO - [Store 269] Evaluation - Loss: 0.3100, MAE: 0.4061
2025-04-01 12:46:31 - [Cluster 1 - CLIENT] - INFO - Sent reply
2025-04-01 12:46:31 - [Cluster 1 - CLIENT] - INFO - [Store 195] Evaluation - Loss: 0.3555, MAE: 0.4038
2025-04-01 12:46:31 - [Cluster 1 - CLIENT] - INFO - [Store 849] Evaluation - Loss: 0.2789, MAE: 0.3559
2025-04-01 12:46:31 - [Cluster 1 - CLIENT] - INFO - [Store 655] Evaluation - Loss: 0.4340, MAE: 0.4808
2025-04-01 12:46:31 - [Cluster 1 - CLIENT] - INFO - Sent reply
2025-04-01 12:46:31 - [Cluster 1 - CLIENT] - INFO - Sent reply
2025-04-01 12:46:31 - [Cluster 1 - CLIENT] - INFO - Sent reply
2025-04-01 12:46:31 - [Cluster 1 - CLIENT] - INFO - [Store 382] Evaluation - Loss: 0.2449, MAE: 0.3476
2025-04-01 12:46:31 - [Cluster 1 - CLIENT] - INFO - Sent reply
2025-04-01 12:46:31 - [Cluster 1 - CLIENT] - INFO - [Store 906] Evaluation - Loss: 0.2516, MAE: 0.3179
2025-04-01 12:46:31 - [Cluster 1 - CLIENT] - INFO - [Store 532] Evaluation - Loss: 0.4461, MAE: 0.4680
2025-04-01 12:46:31 - [Cluster 1 - CLIENT] - INFO - [Store 524] Evaluation - Loss: 0.3118, MAE: 0.3666
2025-04-01 12:46:31 - [Cluster 1 - CLIENT] - INFO - Sent reply
2025-04-01 12:46:31 - [Cluster 1 - CLIENT] - INFO - [Store 809] Evaluation - Loss: 0.3184, MAE: 0.3794
2025-04-01 12:46:31 - [Cluster 1 - CLIENT] - INFO - Sent reply
2025-04-01 12:46:31 - [Cluster 1 - CLIENT] - INFO - Sent reply
2025-04-01 12:46:31 - [Cluster 1 - CLIENT] - INFO - Sent reply
2025-04-01 12:46:31 - [Cluster 1 - CLIENT] - INFO - [Store 699] Evaluation - Loss: 0.7387, MAE: 0.4306
2025-04-01 12:46:31 - [Cluster 1 - CLIENT] - INFO - Sent reply
2025-04-01 12:46:31 - [Cluster 1 - CLIENT] - INFO - [Store 211] Evaluation - Loss: 0.2858, MAE: 0.3687
2025-04-01 12:46:31 - [Cluster 1 - CLIENT] - INFO - Sent reply
2025-04-01 12:46:31 - [Cluster 1 - CLIENT] - INFO - [Store 579] Evaluation - Loss: 0.2918, MAE: 0.3929
2025-04-01 12:46:31 - [Cluster 1 - CLIENT] - INFO - Sent reply
2025-04-01 12:46:31 - [Cluster 1 - CLIENT] - INFO - 
2025-04-01 12:46:31 - [Cluster 1 - CLIENT] - INFO - Received: train message f1335699-5567-4cf9-af04-35dc588ff16a
2025-04-01 12:46:31 - [Cluster 1 - CLIENT] - INFO - 
2025-04-01 12:46:31 - [Cluster 1 - CLIENT] - INFO - Received: train message d1efb110-1e82-48e0-bbb2-0aa4de2d4b56
2025-04-01 12:46:31 - [Cluster 1 - CLIENT] - INFO - 
2025-04-01 12:46:31 - [Cluster 1 - CLIENT] - INFO - Received: train message 211c00dd-e754-4cd2-89c8-fcad83f9113a
2025-04-01 12:46:31 - [Cluster 1 - CLIENT] - INFO - 
2025-04-01 12:46:31 - [Cluster 1 - CLIENT] - INFO - Received: train message 7bb3b686-6b18-4210-b631-8ed3f3d1aa8e
2025-04-01 12:46:31 - [Cluster 1 - CLIENT] - INFO - 
2025-04-01 12:46:31 - [Cluster 1 - CLIENT] - INFO - Received: train message 7cfc638a-67c8-4a18-af24-a8de9d1e2344
2025-04-01 12:46:31 - [Cluster 1 - CLIENT] - INFO - [Store 699] Starting local training.
2025-04-01 12:46:31 - [Cluster 1 - CLIENT] - INFO - 
2025-04-01 12:46:31 - [Cluster 1 - CLIENT] - INFO - Received: train message 41fd1f43-c255-440e-88e2-fcd59f28ec7d
2025-04-01 12:46:31 - [Cluster 1 - CLIENT] - INFO - [Store 211] Starting local training.
2025-04-01 12:46:31 - [Cluster 1 - CLIENT] - INFO - [Store 807] Starting local training.
2025-04-01 12:46:31 - [Cluster 1 - CLIENT] - INFO - [Store 384] Starting local training.
2025-04-01 12:46:31 - [Cluster 1 - CLIENT] - INFO - 
2025-04-01 12:46:31 - [Cluster 1 - CLIENT] - INFO - Received: train message e71e5b77-e50c-45af-be37-fb36455736f1
2025-04-01 12:46:31 - [Cluster 1 - CLIENT] - INFO - 
2025-04-01 12:46:31 - [Cluster 1 - CLIENT] - INFO - Received: train message 3950480d-621c-4050-96d8-e75ab8d702cc
2025-04-01 12:46:31 - [Cluster 1 - CLIENT] - INFO - 
2025-04-01 12:46:31 - [Cluster 1 - CLIENT] - INFO - Received: train message b11024a8-5f64-45d5-8d9a-074425e5a377
2025-04-01 12:46:31 - [Cluster 1 - CLIENT] - INFO - 
2025-04-01 12:46:31 - [Cluster 1 - CLIENT] - INFO - Received: train message 511f6e24-5eec-464a-b477-362f9c51cfb5
2025-04-01 12:46:31 - [Cluster 1 - CLIENT] - INFO - [Store 526] Starting local training.
2025-04-01 12:46:31 - [Cluster 1 - CLIENT] - INFO - 
2025-04-01 12:46:31 - [Cluster 1 - CLIENT] - INFO - Received: train message 088ef9ac-4f80-404e-85f9-d867ce166d1d
2025-04-01 12:46:31 - [Cluster 1 - CLIENT] - INFO - 
2025-04-01 12:46:31 - [Cluster 1 - CLIENT] - INFO - Received: train message d1f8dfaf-e14b-4a77-a845-a638c2772860
2025-04-01 12:46:31 - [Cluster 1 - CLIENT] - INFO - [Store 382] Starting local training.
2025-04-01 12:46:31 - [Cluster 1 - CLIENT] - INFO - 
2025-04-01 12:46:31 - [Cluster 1 - CLIENT] - INFO - Received: train message c3db68fb-a93c-4b83-a953-41a56df856b5
2025-04-01 12:46:31 - [Cluster 1 - CLIENT] - INFO - 
2025-04-01 12:46:31 - [Cluster 1 - CLIENT] - INFO - Received: train message ea1b87c3-ccf6-4db1-9909-b7381ab215cb
2025-04-01 12:46:31 - [Cluster 1 - CLIENT] - INFO - [Store 524] Starting local training.
2025-04-01 12:46:31 - [Cluster 1 - CLIENT] - INFO - [Store 269] Starting local training.
2025-04-01 12:46:31 - [Cluster 1 - CLIENT] - INFO - 
2025-04-01 12:46:31 - [Cluster 1 - CLIENT] - INFO - Received: train message 41ef3f4b-bec8-4881-91f0-8945f07286a6
2025-04-01 12:46:31 - [Cluster 1 - CLIENT] - INFO - [Store 682] Starting local training.
2025-04-01 12:46:31 - [Cluster 1 - CLIENT] - INFO - [Store 914] Starting local training.
2025-04-01 12:46:31 - [Cluster 1 - CLIENT] - INFO - [Store 999] Starting local training.
2025-04-01 12:46:31 - [Cluster 1 - CLIENT] - INFO - [Store 655] Starting local training.
2025-04-01 12:46:31 - [Cluster 1 - CLIENT] - INFO - [Store 527] Starting local training.
2025-04-01 12:46:31 - [Cluster 1 - CLIENT] - INFO - [Store 431] Starting local training.
2025-04-01 12:46:31 - [Cluster 1 - CLIENT] - INFO - [Store 562] Starting local training.
2025-04-01 12:51:05 - [Cluster 1 - CLIENT] - INFO - [Store 211] Local training complete.
2025-04-01 12:51:05 - [Cluster 1 - CLIENT] - INFO - Sent reply
2025-04-01 12:51:05 - [Cluster 1 - CLIENT] - INFO - 
2025-04-01 12:51:05 - [Cluster 1 - CLIENT] - INFO - Received: train message 78247808-f423-43bf-9e8c-867f6987f89b
2025-04-01 12:51:05 - [Cluster 1 - CLIENT] - INFO - [Store 532] Starting local training.
2025-04-01 12:51:06 - [Cluster 1 - CLIENT] - INFO - [Store 527] Local training complete.
2025-04-01 12:51:06 - [Cluster 1 - CLIENT] - INFO - Sent reply
2025-04-01 12:51:06 - [Cluster 1 - CLIENT] - INFO - 
2025-04-01 12:51:06 - [Cluster 1 - CLIENT] - INFO - Received: train message e1bc26ec-dd95-43ce-9b89-76cae95968ad
2025-04-01 12:51:06 - [Cluster 1 - CLIENT] - INFO - [Store 195] Starting local training.
2025-04-01 12:51:08 - [Cluster 1 - CLIENT] - INFO - [Store 524] Local training complete.
2025-04-01 12:51:08 - [Cluster 1 - CLIENT] - INFO - Sent reply
2025-04-01 12:51:08 - [Cluster 1 - CLIENT] - INFO - 
2025-04-01 12:51:08 - [Cluster 1 - CLIENT] - INFO - Received: train message b47e6b94-6f9e-45e5-8ec7-c448bbc809a8
2025-04-01 12:51:08 - [Cluster 1 - CLIENT] - INFO - [Store 906] Starting local training.
2025-04-01 12:51:10 - [Cluster 1 - CLIENT] - INFO - [Store 807] Local training complete.
2025-04-01 12:51:10 - [Cluster 1 - CLIENT] - INFO - Sent reply
2025-04-01 12:51:10 - [Cluster 1 - CLIENT] - INFO - 
2025-04-01 12:51:10 - [Cluster 1 - CLIENT] - INFO - Received: train message 6715bddc-fd3b-44e3-b96a-0e6caf519b1f
2025-04-01 12:51:10 - [Cluster 1 - CLIENT] - INFO - [Store 753] Starting local training.
2025-04-01 12:51:11 - [Cluster 1 - CLIENT] - INFO - [Store 382] Local training complete.
2025-04-01 12:51:11 - [Cluster 1 - CLIENT] - INFO - Sent reply
2025-04-01 12:51:11 - [Cluster 1 - CLIENT] - INFO - 
2025-04-01 12:51:11 - [Cluster 1 - CLIENT] - INFO - Received: train message a619551b-1738-4aa0-940e-9fffb26c3234
2025-04-01 12:51:11 - [Cluster 1 - CLIENT] - INFO - [Store 1033] Starting local training.
2025-04-01 12:51:12 - [Cluster 1 - CLIENT] - INFO - [Store 699] Local training complete.
2025-04-01 12:51:12 - [Cluster 1 - CLIENT] - INFO - Sent reply
2025-04-01 12:51:12 - [Cluster 1 - CLIENT] - INFO - 
2025-04-01 12:51:12 - [Cluster 1 - CLIENT] - INFO - Received: train message d7c3629f-b56a-4fe8-9f7f-ea5d4819d289
2025-04-01 12:51:12 - [Cluster 1 - CLIENT] - INFO - [Store 106] Starting local training.
2025-04-01 12:51:13 - [Cluster 1 - CLIENT] - INFO - [Store 431] Local training complete.
2025-04-01 12:51:13 - [Cluster 1 - CLIENT] - INFO - Sent reply
2025-04-01 12:51:13 - [Cluster 1 - CLIENT] - INFO - 
2025-04-01 12:51:13 - [Cluster 1 - CLIENT] - INFO - Received: train message a6f77f80-1b4b-451f-8fb5-b81a94a8c9f9
2025-04-01 12:51:13 - [Cluster 1 - CLIENT] - INFO - [Store 608] Starting local training.
2025-04-01 12:51:14 - [Cluster 1 - CLIENT] - INFO - [Store 269] Local training complete.
2025-04-01 12:51:14 - [Cluster 1 - CLIENT] - INFO - Sent reply
2025-04-01 12:51:14 - [Cluster 1 - CLIENT] - INFO - 
2025-04-01 12:51:14 - [Cluster 1 - CLIENT] - INFO - Received: train message f0d3b6c9-0a73-4c50-9044-a8d65b003697
2025-04-01 12:51:14 - [Cluster 1 - CLIENT] - INFO - [Store 207] Starting local training.
2025-04-01 12:51:14 - [Cluster 1 - CLIENT] - INFO - [Store 682] Local training complete.
2025-04-01 12:51:15 - [Cluster 1 - CLIENT] - INFO - Sent reply
2025-04-01 12:51:15 - [Cluster 1 - CLIENT] - INFO - 
2025-04-01 12:51:15 - [Cluster 1 - CLIENT] - INFO - Received: train message fc336508-4af6-42af-874b-71fbe72be591
2025-04-01 12:51:15 - [Cluster 1 - CLIENT] - INFO - [Store 665] Starting local training.
2025-04-01 12:51:16 - [Cluster 1 - CLIENT] - INFO - [Store 999] Local training complete.
2025-04-01 12:51:16 - [Cluster 1 - CLIENT] - INFO - Sent reply
2025-04-01 12:51:16 - [Cluster 1 - CLIENT] - INFO - 
2025-04-01 12:51:16 - [Cluster 1 - CLIENT] - INFO - Received: train message 738374a6-0f7b-4294-8476-5a585780e939
2025-04-01 12:51:16 - [Cluster 1 - CLIENT] - INFO - [Store 849] Starting local training.
2025-04-01 12:51:17 - [Cluster 1 - CLIENT] - INFO - [Store 655] Local training complete.
2025-04-01 12:51:17 - [Cluster 1 - CLIENT] - INFO - Sent reply
2025-04-01 12:51:17 - [Cluster 1 - CLIENT] - INFO - 
2025-04-01 12:51:17 - [Cluster 1 - CLIENT] - INFO - Received: train message bcb6a618-94d3-4ef6-bd70-f62eb04aaf84
2025-04-01 12:51:17 - [Cluster 1 - CLIENT] - INFO - [Store 579] Starting local training.
2025-04-01 12:51:17 - [Cluster 1 - CLIENT] - INFO - [Store 914] Local training complete.
2025-04-01 12:51:17 - [Cluster 1 - CLIENT] - INFO - Sent reply
2025-04-01 12:51:17 - [Cluster 1 - CLIENT] - INFO - 
2025-04-01 12:51:17 - [Cluster 1 - CLIENT] - INFO - Received: train message e45dcd6c-aff4-4edc-a19c-6ff35c10b1c9
2025-04-01 12:51:17 - [Cluster 1 - CLIENT] - INFO - [Store 755] Starting local training.
2025-04-01 12:51:19 - [Cluster 1 - CLIENT] - INFO - [Store 526] Local training complete.
2025-04-01 12:51:19 - [Cluster 1 - CLIENT] - INFO - Sent reply
2025-04-01 12:51:19 - [Cluster 1 - CLIENT] - INFO - 
2025-04-01 12:51:19 - [Cluster 1 - CLIENT] - INFO - Received: train message c441987a-636e-4baa-b4aa-81f062ef79f3
2025-04-01 12:51:19 - [Cluster 1 - CLIENT] - INFO - [Store 615] Starting local training.
2025-04-01 12:51:19 - [Cluster 1 - CLIENT] - INFO - [Store 562] Local training complete.
2025-04-01 12:51:19 - [Cluster 1 - CLIENT] - INFO - Sent reply
2025-04-01 12:51:19 - [Cluster 1 - CLIENT] - INFO - 
2025-04-01 12:51:19 - [Cluster 1 - CLIENT] - INFO - Received: train message 35d8faed-dd82-4509-a8df-caa79d2c7ae1
2025-04-01 12:51:20 - [Cluster 1 - CLIENT] - INFO - [Store 809] Starting local training.
2025-04-01 12:51:27 - [Cluster 1 - CLIENT] - INFO - [Store 384] Local training complete.
2025-04-01 12:51:27 - [Cluster 1 - CLIENT] - INFO - Sent reply
2025-04-01 12:51:27 - [Cluster 1 - CLIENT] - INFO - 
2025-04-01 12:51:27 - [Cluster 1 - CLIENT] - INFO - Received: train message 98b34895-e9fe-4073-9ad2-7858ecfcc875
2025-04-01 12:51:27 - [Cluster 1 - CLIENT] - INFO - [Store 938] Starting local training.
2025-04-01 12:55:36 - [Cluster 1 - CLIENT] - INFO - [Store 195] Local training complete.
2025-04-01 12:55:36 - [Cluster 1 - CLIENT] - INFO - Sent reply
2025-04-01 12:55:37 - [Cluster 1 - CLIENT] - INFO - [Store 532] Local training complete.
2025-04-01 12:55:37 - [Cluster 1 - CLIENT] - INFO - Sent reply
2025-04-01 12:55:38 - [Cluster 1 - CLIENT] - INFO - [Store 106] Local training complete.
2025-04-01 12:55:38 - [Cluster 1 - CLIENT] - INFO - Sent reply
2025-04-01 12:55:40 - [Cluster 1 - CLIENT] - INFO - [Store 1033] Local training complete.
2025-04-01 12:55:40 - [Cluster 1 - CLIENT] - INFO - [Store 906] Local training complete.
2025-04-01 12:55:40 - [Cluster 1 - CLIENT] - INFO - Sent reply
2025-04-01 12:55:40 - [Cluster 1 - CLIENT] - INFO - Sent reply
2025-04-01 12:55:40 - [Cluster 1 - CLIENT] - INFO - [Store 753] Local training complete.
2025-04-01 12:55:41 - [Cluster 1 - CLIENT] - INFO - Sent reply
2025-04-01 12:55:41 - [Cluster 1 - CLIENT] - INFO - [Store 207] Local training complete.
2025-04-01 12:55:41 - [Cluster 1 - CLIENT] - INFO - Sent reply
2025-04-01 12:55:41 - [Cluster 1 - CLIENT] - INFO - [Store 608] Local training complete.
2025-04-01 12:55:41 - [Cluster 1 - CLIENT] - INFO - Sent reply
2025-04-01 12:55:41 - [Cluster 1 - CLIENT] - INFO - [Store 849] Local training complete.
2025-04-01 12:55:41 - [Cluster 1 - CLIENT] - INFO - Sent reply
2025-04-01 12:55:42 - [Cluster 1 - CLIENT] - INFO - [Store 809] Local training complete.
2025-04-01 12:55:42 - [Cluster 1 - CLIENT] - INFO - Sent reply
2025-04-01 12:55:43 - [Cluster 1 - CLIENT] - INFO - [Store 579] Local training complete.
2025-04-01 12:55:43 - [Cluster 1 - CLIENT] - INFO - Sent reply
2025-04-01 12:55:43 - [Cluster 1 - CLIENT] - INFO - [Store 615] Local training complete.
2025-04-01 12:55:44 - [Cluster 1 - CLIENT] - INFO - Sent reply
2025-04-01 12:55:44 - [Cluster 1 - CLIENT] - INFO - [Store 938] Local training complete.
2025-04-01 12:55:44 - [Cluster 1 - CLIENT] - INFO - Sent reply
2025-04-01 12:55:45 - [Cluster 1 - CLIENT] - INFO - [Store 665] Local training complete.
2025-04-01 12:55:45 - [Cluster 1 - CLIENT] - INFO - Sent reply
2025-04-01 12:55:45 - [Cluster 1 - CLIENT] - INFO - [Store 755] Local training complete.
2025-04-01 12:55:45 - [Cluster 1 - CLIENT] - INFO - Sent reply
2025-04-01 12:55:46 - [Cluster 1 - CLIENT] - INFO - 
2025-04-01 12:55:46 - [Cluster 1 - CLIENT] - INFO - Received: evaluate message de155065-5e76-4ee8-96ce-4cd1f3b5d78f
2025-04-01 12:55:46 - [Cluster 1 - CLIENT] - INFO - 
2025-04-01 12:55:46 - [Cluster 1 - CLIENT] - INFO - Received: evaluate message 55529ca8-0f82-43be-95e0-096bd787f751
2025-04-01 12:55:46 - [Cluster 1 - CLIENT] - INFO - 
2025-04-01 12:55:46 - [Cluster 1 - CLIENT] - INFO - Received: evaluate message 054c4e9c-99ff-4414-90d0-2d2536fd1efe
2025-04-01 12:55:46 - [Cluster 1 - CLIENT] - INFO - 
2025-04-01 12:55:46 - [Cluster 1 - CLIENT] - INFO - Received: evaluate message 806c69b9-a20b-4b03-9c3a-a14ed4d0f414
2025-04-01 12:55:46 - [Cluster 1 - CLIENT] - INFO - 
2025-04-01 12:55:46 - [Cluster 1 - CLIENT] - INFO - 
2025-04-01 12:55:46 - [Cluster 1 - CLIENT] - INFO - Received: evaluate message 7a63b0cc-6eb0-4502-a449-aa1e49ebaf09
2025-04-01 12:55:46 - [Cluster 1 - CLIENT] - INFO - Received: evaluate message 7ce9dc61-fee1-4211-986c-904e916e3d9c
2025-04-01 12:55:46 - [Cluster 1 - CLIENT] - INFO - 
2025-04-01 12:55:46 - [Cluster 1 - CLIENT] - INFO - Received: evaluate message 0c440ab2-76a0-43a5-802b-f2da9a049bde
2025-04-01 12:55:46 - [Cluster 1 - CLIENT] - INFO - 
2025-04-01 12:55:46 - [Cluster 1 - CLIENT] - INFO - Received: evaluate message 4a1f517b-25e5-4c3e-8ade-e107ba023bc0
2025-04-01 12:55:46 - [Cluster 1 - CLIENT] - INFO - 
2025-04-01 12:55:46 - [Cluster 1 - CLIENT] - INFO - Received: evaluate message fd8be7bb-01e2-4f94-ac19-0dbb4f5c5417
2025-04-01 12:55:46 - [Cluster 1 - CLIENT] - INFO - 
2025-04-01 12:55:46 - [Cluster 1 - CLIENT] - INFO - Received: evaluate message 87bdd964-4ec2-4fb6-98bb-93fca1d46114
2025-04-01 12:55:46 - [Cluster 1 - CLIENT] - INFO - 
2025-04-01 12:55:46 - [Cluster 1 - CLIENT] - INFO - Received: evaluate message dc29e35e-572d-4bf6-8c3b-17c4e2a91d58
2025-04-01 12:55:46 - [Cluster 1 - CLIENT] - INFO - 
2025-04-01 12:55:46 - [Cluster 1 - CLIENT] - INFO - Received: evaluate message ababeb09-c671-422f-b090-de7708c91467
2025-04-01 12:55:46 - [Cluster 1 - CLIENT] - INFO - 
2025-04-01 12:55:46 - [Cluster 1 - CLIENT] - INFO - Received: evaluate message d5d52a51-5979-4b46-ae82-755a8f98c274
2025-04-01 12:55:46 - [Cluster 1 - CLIENT] - INFO - 
2025-04-01 12:55:46 - [Cluster 1 - CLIENT] - INFO - Received: evaluate message a174fb39-d92c-4dfe-ac1e-9b510a576c80
2025-04-01 12:55:46 - [Cluster 1 - CLIENT] - INFO - 
2025-04-01 12:55:46 - [Cluster 1 - CLIENT] - INFO - Received: evaluate message 8b08a0af-2546-4977-9b06-d2c6cc87ce48
2025-04-01 12:55:47 - [Cluster 1 - CLIENT] - INFO - [Store 849] Evaluation - Loss: 0.2513, MAE: 0.3225
2025-04-01 12:55:47 - [Cluster 1 - CLIENT] - INFO - [Store 532] Evaluation - Loss: 0.4324, MAE: 0.4531
2025-04-01 12:55:47 - [Cluster 1 - CLIENT] - INFO - Sent reply
2025-04-01 12:55:47 - [Cluster 1 - CLIENT] - INFO - Sent reply
2025-04-01 12:55:47 - [Cluster 1 - CLIENT] - INFO - [Store 615] Evaluation - Loss: 0.2423, MAE: 0.2866
2025-04-01 12:55:47 - [Cluster 1 - CLIENT] - INFO - Sent reply
2025-04-01 12:55:47 - [Cluster 1 - CLIENT] - INFO - [Store 608] Evaluation - Loss: 0.2558, MAE: 0.3499
2025-04-01 12:55:47 - [Cluster 1 - CLIENT] - INFO - Sent reply
2025-04-01 12:55:47 - [Cluster 1 - CLIENT] - INFO - [Store 906] Evaluation - Loss: 0.2325, MAE: 0.2907
2025-04-01 12:55:47 - [Cluster 1 - CLIENT] - INFO - Sent reply
2025-04-01 12:55:47 - [Cluster 1 - CLIENT] - INFO - 
2025-04-01 12:55:47 - [Cluster 1 - CLIENT] - INFO - Received: evaluate message 7232023b-74ad-464d-a2b1-86b72bf689c5
2025-04-01 12:55:47 - [Cluster 1 - CLIENT] - INFO - [Store 807] Evaluation - Loss: 0.3173, MAE: 0.3735
2025-04-01 12:55:47 - [Cluster 1 - CLIENT] - INFO - Sent reply
2025-04-01 12:55:47 - [Cluster 1 - CLIENT] - INFO - [Store 1033] Evaluation - Loss: 0.2354, MAE: 0.3045
2025-04-01 12:55:47 - [Cluster 1 - CLIENT] - INFO - Sent reply
2025-04-01 12:55:47 - [Cluster 1 - CLIENT] - INFO - 
2025-04-01 12:55:47 - [Cluster 1 - CLIENT] - INFO - Received: evaluate message 2d94e884-0c47-4265-ba47-5c68b8e91663
2025-04-01 12:55:47 - [Cluster 1 - CLIENT] - INFO - 
2025-04-01 12:55:47 - [Cluster 1 - CLIENT] - INFO - Received: evaluate message 49109610-5bb1-4a0c-90d8-c9784fe528e7
2025-04-01 12:55:47 - [Cluster 1 - CLIENT] - INFO - 
2025-04-01 12:55:47 - [Cluster 1 - CLIENT] - INFO - 
2025-04-01 12:55:47 - [Cluster 1 - CLIENT] - INFO - Received: evaluate message 292079c5-710f-49ca-9246-3b4b4a5fe758
2025-04-01 12:55:47 - [Cluster 1 - CLIENT] - INFO - Received: evaluate message 490efab4-33af-46a2-a64e-de36306947b6
2025-04-01 12:55:47 - [Cluster 1 - CLIENT] - INFO - 
2025-04-01 12:55:47 - [Cluster 1 - CLIENT] - INFO - Received: evaluate message e399a572-bcae-413b-9c1e-22d283e4ca45
2025-04-01 12:55:47 - [Cluster 1 - CLIENT] - INFO - 
2025-04-01 12:55:47 - [Cluster 1 - CLIENT] - INFO - Received: evaluate message 6dce3d79-bdff-48aa-9815-b7a688143997
2025-04-01 12:55:47 - [Cluster 1 - CLIENT] - INFO - [Store 106] Evaluation - Loss: 0.2078, MAE: 0.2877
2025-04-01 12:55:48 - [Cluster 1 - CLIENT] - INFO - Sent reply
2025-04-01 12:55:48 - [Cluster 1 - CLIENT] - INFO - [Store 655] Evaluation - Loss: 0.3872, MAE: 0.4334
2025-04-01 12:55:48 - [Cluster 1 - CLIENT] - INFO - Sent reply
2025-04-01 12:55:48 - [Cluster 1 - CLIENT] - INFO - [Store 665] Evaluation - Loss: 0.2383, MAE: 0.2981
2025-04-01 12:55:48 - [Cluster 1 - CLIENT] - INFO - [Store 195] Evaluation - Loss: 0.3291, MAE: 0.3758
2025-04-01 12:55:48 - [Cluster 1 - CLIENT] - INFO - Sent reply
2025-04-01 12:55:48 - [Cluster 1 - CLIENT] - INFO - Sent reply
2025-04-01 12:55:48 - [Cluster 1 - CLIENT] - INFO - [Store 384] Evaluation - Loss: 0.2556, MAE: 0.3410
2025-04-01 12:55:48 - [Cluster 1 - CLIENT] - INFO - 
2025-04-01 12:55:48 - [Cluster 1 - CLIENT] - INFO - Received: evaluate message 97d6477f-a379-4d03-9285-2002cd0c56ca
2025-04-01 12:55:48 - [Cluster 1 - CLIENT] - INFO - Sent reply
2025-04-01 12:55:48 - [Cluster 1 - CLIENT] - INFO - 
2025-04-01 12:55:48 - [Cluster 1 - CLIENT] - INFO - Received: evaluate message 5ee9a996-8a3a-4494-b249-933f08fdebdd
2025-04-01 12:55:48 - [Cluster 1 - CLIENT] - INFO - [Store 431] Evaluation - Loss: 0.3432, MAE: 0.3975
2025-04-01 12:55:48 - [Cluster 1 - CLIENT] - INFO - Sent reply
2025-04-01 12:55:48 - [Cluster 1 - CLIENT] - INFO - 
2025-04-01 12:55:48 - [Cluster 1 - CLIENT] - INFO - [Store 524] Evaluation - Loss: 0.2930, MAE: 0.3459
2025-04-01 12:55:48 - [Cluster 1 - CLIENT] - INFO - Received: evaluate message 245214a8-58ce-4b1a-915e-09fc2fc17eb6
2025-04-01 12:55:48 - [Cluster 1 - CLIENT] - INFO - Sent reply
2025-04-01 12:55:48 - [Cluster 1 - CLIENT] - INFO - 
2025-04-01 12:55:48 - [Cluster 1 - CLIENT] - INFO - Received: evaluate message 99dc9002-23c5-43c3-8d04-4043cca28c93
2025-04-01 12:55:48 - [Cluster 1 - CLIENT] - INFO - 
2025-04-01 12:55:48 - [Cluster 1 - CLIENT] - INFO - Received: evaluate message de76ef4d-0ba3-424b-91ea-bd2d9115a65d
2025-04-01 12:55:48 - [Cluster 1 - CLIENT] - INFO - 
2025-04-01 12:55:48 - [Cluster 1 - CLIENT] - INFO - Received: evaluate message 74c20440-6cfe-4d4b-9f0a-5d3a9f524652
2025-04-01 12:55:48 - [Cluster 1 - CLIENT] - INFO - [Store 211] Evaluation - Loss: 0.2680, MAE: 0.3485
2025-04-01 12:55:48 - [Cluster 1 - CLIENT] - INFO - Sent reply
2025-04-01 12:55:48 - [Cluster 1 - CLIENT] - INFO - 
2025-04-01 12:55:48 - [Cluster 1 - CLIENT] - INFO - Received: evaluate message e4afaa59-85ad-4193-bbc5-b6148f2ecfba
2025-04-01 12:55:48 - [Cluster 1 - CLIENT] - INFO - 
2025-04-01 12:55:48 - [Cluster 1 - CLIENT] - INFO - Received: evaluate message a96f6308-fe1b-4e2e-a6cb-8cbe3a0ad12b
2025-04-01 12:55:49 - [Cluster 1 - CLIENT] - INFO - [Store 755] Evaluation - Loss: 0.2735, MAE: 0.3208
2025-04-01 12:55:49 - [Cluster 1 - CLIENT] - INFO - Sent reply
2025-04-01 12:55:49 - [Cluster 1 - CLIENT] - INFO - [Store 579] Evaluation - Loss: 0.2566, MAE: 0.3481
2025-04-01 12:55:49 - [Cluster 1 - CLIENT] - INFO - Sent reply
2025-04-01 12:55:49 - [Cluster 1 - CLIENT] - INFO - [Store 809] Evaluation - Loss: 0.2934, MAE: 0.3548
2025-04-01 12:55:49 - [Cluster 1 - CLIENT] - INFO - Sent reply
2025-04-01 12:55:49 - [Cluster 1 - CLIENT] - INFO - [Store 527] Evaluation - Loss: 0.3086, MAE: 0.3645
2025-04-01 12:55:49 - [Cluster 1 - CLIENT] - INFO - Sent reply
2025-04-01 12:55:49 - [Cluster 1 - CLIENT] - INFO - [Store 207] Evaluation - Loss: 0.1921, MAE: 0.2790
2025-04-01 12:55:49 - [Cluster 1 - CLIENT] - INFO - Sent reply
2025-04-01 12:55:49 - [Cluster 1 - CLIENT] - INFO - [Store 382] Evaluation - Loss: 0.2234, MAE: 0.3203
2025-04-01 12:55:49 - [Cluster 1 - CLIENT] - INFO - [Store 938] Evaluation - Loss: 0.2127, MAE: 0.2684
2025-04-01 12:55:49 - [Cluster 1 - CLIENT] - INFO - Sent reply
2025-04-01 12:55:49 - [Cluster 1 - CLIENT] - INFO - Sent reply
2025-04-01 12:55:49 - [Cluster 1 - CLIENT] - INFO - [Store 269] Evaluation - Loss: 0.2815, MAE: 0.3786
2025-04-01 12:55:49 - [Cluster 1 - CLIENT] - INFO - [Store 914] Evaluation - Loss: 0.2230, MAE: 0.2907
2025-04-01 12:55:49 - [Cluster 1 - CLIENT] - INFO - Sent reply
2025-04-01 12:55:49 - [Cluster 1 - CLIENT] - INFO - Sent reply
2025-04-01 12:55:49 - [Cluster 1 - CLIENT] - INFO - [Store 562] Evaluation - Loss: 0.5615, MAE: 0.5810
2025-04-01 12:55:49 - [Cluster 1 - CLIENT] - INFO - Sent reply
2025-04-01 12:55:49 - [Cluster 1 - CLIENT] - INFO - [Store 753] Evaluation - Loss: 0.2541, MAE: 0.3231
2025-04-01 12:55:49 - [Cluster 1 - CLIENT] - INFO - Sent reply
2025-04-01 12:55:49 - [Cluster 1 - CLIENT] - INFO - [Store 682] Evaluation - Loss: 0.3279, MAE: 0.4553
2025-04-01 12:55:49 - [Cluster 1 - CLIENT] - INFO - Sent reply
2025-04-01 12:55:49 - [Cluster 1 - CLIENT] - INFO - [Store 699] Evaluation - Loss: 0.7720, MAE: 0.4156
2025-04-01 12:55:49 - [Cluster 1 - CLIENT] - INFO - Sent reply
2025-04-01 12:55:49 - [Cluster 1 - CLIENT] - INFO - [Store 526] Evaluation - Loss: 0.1927, MAE: 0.2883
2025-04-01 12:55:49 - [Cluster 1 - CLIENT] - INFO - Sent reply
2025-04-01 12:55:49 - [Cluster 1 - CLIENT] - INFO - [Store 999] Evaluation - Loss: 0.2126, MAE: 0.3180
2025-04-01 12:55:49 - [Cluster 1 - CLIENT] - INFO - Sent reply
2025-04-01 12:55:49 - [Cluster 1 - CLIENT] - INFO - 
2025-04-01 12:55:49 - [Cluster 1 - CLIENT] - INFO - Received: train message 8a45b808-463d-4336-aec0-6bfd98f59470
2025-04-01 12:55:49 - [Cluster 1 - CLIENT] - INFO - 
2025-04-01 12:55:49 - [Cluster 1 - CLIENT] - INFO - Received: train message ca41ae20-ff8c-4e37-880a-f97c45fbec81
2025-04-01 12:55:49 - [Cluster 1 - CLIENT] - INFO - 
2025-04-01 12:55:49 - [Cluster 1 - CLIENT] - INFO - Received: train message 04542d4a-fed4-4372-8415-33e0ecf1183d
2025-04-01 12:55:49 - [Cluster 1 - CLIENT] - INFO - 
2025-04-01 12:55:49 - [Cluster 1 - CLIENT] - INFO - Received: train message b25ffdb9-4182-453a-9f51-2cd4498d7545
2025-04-01 12:55:49 - [Cluster 1 - CLIENT] - INFO - [Store 527] Starting local training.
2025-04-01 12:55:49 - [Cluster 1 - CLIENT] - INFO - 
2025-04-01 12:55:49 - [Cluster 1 - CLIENT] - INFO - Received: train message e5d2a955-8cc1-4ee9-8393-70b7fa37335e
2025-04-01 12:55:49 - [Cluster 1 - CLIENT] - INFO - 
2025-04-01 12:55:49 - [Cluster 1 - CLIENT] - INFO - Received: train message 228ddde7-4822-463f-bcef-d4a2e720ab99
2025-04-01 12:55:49 - [Cluster 1 - CLIENT] - INFO - [Store 914] Starting local training.
2025-04-01 12:55:49 - [Cluster 1 - CLIENT] - INFO - 
2025-04-01 12:55:49 - [Cluster 1 - CLIENT] - INFO - Received: train message 8a5c0900-efaa-4298-927a-b14b37bbbd46
2025-04-01 12:55:49 - [Cluster 1 - CLIENT] - INFO - [Store 562] Starting local training.
2025-04-01 12:55:49 - [Cluster 1 - CLIENT] - INFO - 
2025-04-01 12:55:49 - [Cluster 1 - CLIENT] - INFO - Received: train message 1c3a16da-d702-474c-a2e4-80fa373193d2
2025-04-01 12:55:49 - [Cluster 1 - CLIENT] - INFO - [Store 207] Starting local training.
2025-04-01 12:55:49 - [Cluster 1 - CLIENT] - INFO - 
2025-04-01 12:55:49 - [Cluster 1 - CLIENT] - INFO - Received: train message 8aff380c-493e-41d4-b57a-2b42bb77111c
2025-04-01 12:55:49 - [Cluster 1 - CLIENT] - INFO - 
2025-04-01 12:55:49 - [Cluster 1 - CLIENT] - INFO - Received: train message 3290df24-3f1c-4aea-85b4-08fb4a0a94ac
2025-04-01 12:55:49 - [Cluster 1 - CLIENT] - INFO - [Store 755] Starting local training.
2025-04-01 12:55:49 - [Cluster 1 - CLIENT] - INFO - 
2025-04-01 12:55:49 - [Cluster 1 - CLIENT] - INFO - Received: train message 3923f0ae-371c-46a6-8445-64d3abcb8a27
2025-04-01 12:55:49 - [Cluster 1 - CLIENT] - INFO - 
2025-04-01 12:55:49 - [Cluster 1 - CLIENT] - INFO - Received: train message ca74e676-fa68-4ade-b7f5-1a4ebe2038cc
2025-04-01 12:55:49 - [Cluster 1 - CLIENT] - INFO - 
2025-04-01 12:55:49 - [Cluster 1 - CLIENT] - INFO - Received: train message 9d274602-8a33-4532-a1e8-a32550d52b8d
2025-04-01 12:55:49 - [Cluster 1 - CLIENT] - INFO - 
2025-04-01 12:55:49 - [Cluster 1 - CLIENT] - INFO - Received: train message 4b876c56-b179-4c09-905e-881e2e41308f
2025-04-01 12:55:49 - [Cluster 1 - CLIENT] - INFO - 
2025-04-01 12:55:49 - [Cluster 1 - CLIENT] - INFO - Received: train message 1592402e-49e9-4055-afe0-9b878a155955
2025-04-01 12:55:49 - [Cluster 1 - CLIENT] - INFO - [Store 1033] Starting local training.
2025-04-01 12:55:49 - [Cluster 1 - CLIENT] - INFO - [Store 849] Starting local training.
2025-04-01 12:55:49 - [Cluster 1 - CLIENT] - INFO - [Store 809] Starting local training.
2025-04-01 12:55:49 - [Cluster 1 - CLIENT] - INFO - [Store 431] Starting local training.
2025-04-01 12:55:49 - [Cluster 1 - CLIENT] - INFO - [Store 655] Starting local training.
2025-04-01 12:55:49 - [Cluster 1 - CLIENT] - INFO - [Store 384] Starting local training.
2025-04-01 12:55:49 - [Cluster 1 - CLIENT] - INFO - [Store 807] Starting local training.
2025-04-01 12:55:49 - [Cluster 1 - CLIENT] - INFO - [Store 906] Starting local training.
2025-04-01 12:55:49 - [Cluster 1 - CLIENT] - INFO - [Store 665] Starting local training.
2025-04-01 12:55:50 - [Cluster 1 - CLIENT] - INFO - [Store 526] Starting local training.
2025-04-01 13:00:15 - [Cluster 1 - CLIENT] - INFO - [Store 665] Local training complete.
2025-04-01 13:00:15 - [Cluster 1 - CLIENT] - INFO - Sent reply
2025-04-01 13:00:16 - [Cluster 1 - CLIENT] - INFO - 
2025-04-01 13:00:16 - [Cluster 1 - CLIENT] - INFO - Received: train message 016324fe-9599-49b2-97bb-17265bcf75c6
2025-04-01 13:00:16 - [Cluster 1 - CLIENT] - INFO - [Store 682] Starting local training.
2025-04-01 13:00:17 - [Cluster 1 - CLIENT] - INFO - [Store 906] Local training complete.
2025-04-01 13:00:17 - [Cluster 1 - CLIENT] - INFO - Sent reply
2025-04-01 13:00:17 - [Cluster 1 - CLIENT] - INFO - [Store 655] Local training complete.
2025-04-01 13:00:17 - [Cluster 1 - CLIENT] - INFO - 
2025-04-01 13:00:17 - [Cluster 1 - CLIENT] - INFO - Received: train message 50a97fbf-2b89-4d54-8be9-eea74c96b67d
2025-04-01 13:00:17 - [Cluster 1 - CLIENT] - INFO - [Store 849] Local training complete.
2025-04-01 13:00:17 - [Cluster 1 - CLIENT] - INFO - Sent reply
2025-04-01 13:00:18 - [Cluster 1 - CLIENT] - INFO - 
2025-04-01 13:00:18 - [Cluster 1 - CLIENT] - INFO - Received: train message 517c3842-f49f-4573-b823-8ef0825c6181
2025-04-01 13:00:18 - [Cluster 1 - CLIENT] - INFO - [Store 608] Starting local training.
2025-04-01 13:00:18 - [Cluster 1 - CLIENT] - INFO - Sent reply
2025-04-01 13:00:18 - [Cluster 1 - CLIENT] - INFO - [Store 1033] Local training complete.
2025-04-01 13:00:18 - [Cluster 1 - CLIENT] - INFO - 
2025-04-01 13:00:18 - [Cluster 1 - CLIENT] - INFO - Received: train message 2dd8360b-5fa9-4ae0-9fcd-3fc2f8066fd7
2025-04-01 13:00:18 - [Cluster 1 - CLIENT] - INFO - Sent reply
2025-04-01 13:00:18 - [Cluster 1 - CLIENT] - INFO - [Store 999] Starting local training.
2025-04-01 13:00:18 - [Cluster 1 - CLIENT] - INFO - [Store 755] Local training complete.
2025-04-01 13:00:18 - [Cluster 1 - CLIENT] - INFO - 
2025-04-01 13:00:18 - [Cluster 1 - CLIENT] - INFO - Received: train message 54bf3f32-4d19-4c69-a654-42701a48c99e
2025-04-01 13:00:18 - [Cluster 1 - CLIENT] - INFO - [Store 524] Starting local training.
2025-04-01 13:00:18 - [Cluster 1 - CLIENT] - INFO - Sent reply
2025-04-01 13:00:18 - [Cluster 1 - CLIENT] - INFO - 
2025-04-01 13:00:18 - [Cluster 1 - CLIENT] - INFO - Received: train message 16287917-8b2f-4292-a0d4-88ea429752d8
2025-04-01 13:00:19 - [Cluster 1 - CLIENT] - INFO - [Store 579] Starting local training.
2025-04-01 13:00:19 - [Cluster 1 - CLIENT] - INFO - [Store 938] Starting local training.
2025-04-01 13:00:19 - [Cluster 1 - CLIENT] - INFO - [Store 431] Local training complete.
2025-04-01 13:00:19 - [Cluster 1 - CLIENT] - INFO - Sent reply
2025-04-01 13:00:20 - [Cluster 1 - CLIENT] - INFO - 
2025-04-01 13:00:20 - [Cluster 1 - CLIENT] - INFO - Received: train message a45f35c0-0bf5-42f3-8a23-eb0385542989
2025-04-01 13:00:20 - [Cluster 1 - CLIENT] - INFO - [Store 269] Starting local training.
2025-04-01 13:00:20 - [Cluster 1 - CLIENT] - INFO - [Store 807] Local training complete.
2025-04-01 13:00:20 - [Cluster 1 - CLIENT] - INFO - Sent reply
2025-04-01 13:00:20 - [Cluster 1 - CLIENT] - INFO - 
2025-04-01 13:00:20 - [Cluster 1 - CLIENT] - INFO - Received: train message bf0215e8-9e1c-45fd-abb6-a60a99dbdb63
2025-04-01 13:00:20 - [Cluster 1 - CLIENT] - INFO - [Store 914] Local training complete.
2025-04-01 13:00:21 - [Cluster 1 - CLIENT] - INFO - [Store 526] Local training complete.
2025-04-01 13:00:21 - [Cluster 1 - CLIENT] - INFO - Sent reply
2025-04-01 13:00:21 - [Cluster 1 - CLIENT] - INFO - 
2025-04-01 13:00:21 - [Cluster 1 - CLIENT] - INFO - Received: train message 3407b205-0c10-41e9-afb4-843558fead55
2025-04-01 13:00:21 - [Cluster 1 - CLIENT] - INFO - Sent reply
2025-04-01 13:00:21 - [Cluster 1 - CLIENT] - INFO - [Store 699] Starting local training.
2025-04-01 13:00:21 - [Cluster 1 - CLIENT] - INFO - 
2025-04-01 13:00:21 - [Cluster 1 - CLIENT] - INFO - Received: train message b655c107-a257-43f7-afaf-fddbd57e9404
2025-04-01 13:00:21 - [Cluster 1 - CLIENT] - INFO - [Store 532] Starting local training.
2025-04-01 13:00:22 - [Cluster 1 - CLIENT] - INFO - [Store 211] Starting local training.
2025-04-01 13:00:24 - [Cluster 1 - CLIENT] - INFO - [Store 384] Local training complete.
2025-04-01 13:00:24 - [Cluster 1 - CLIENT] - INFO - [Store 809] Local training complete.
2025-04-01 13:00:24 - [Cluster 1 - CLIENT] - INFO - Sent reply
2025-04-01 13:00:24 - [Cluster 1 - CLIENT] - INFO - 
2025-04-01 13:00:24 - [Cluster 1 - CLIENT] - INFO - Received: train message 3b4d391d-4358-43e2-afad-e8e344aec332
2025-04-01 13:00:24 - [Cluster 1 - CLIENT] - INFO - [Store 753] Starting local training.
2025-04-01 13:00:24 - [Cluster 1 - CLIENT] - INFO - Sent reply
2025-04-01 13:00:24 - [Cluster 1 - CLIENT] - INFO - [Store 562] Local training complete.
2025-04-01 13:00:25 - [Cluster 1 - CLIENT] - INFO - Sent reply
2025-04-01 13:00:25 - [Cluster 1 - CLIENT] - INFO - 
2025-04-01 13:00:25 - [Cluster 1 - CLIENT] - INFO - Received: train message 8fa32543-6948-4c0c-86f5-a849f2d4ab4a
2025-04-01 13:00:25 - [Cluster 1 - CLIENT] - INFO - 
2025-04-01 13:00:25 - [Cluster 1 - CLIENT] - INFO - Received: train message b2eb147a-a879-48d6-b6d2-27cb58973f9c
2025-04-01 13:00:25 - [Cluster 1 - CLIENT] - INFO - [Store 106] Starting local training.
2025-04-01 13:00:25 - [Cluster 1 - CLIENT] - INFO - [Store 195] Starting local training.
2025-04-01 13:00:27 - [Cluster 1 - CLIENT] - INFO - [Store 527] Local training complete.
2025-04-01 13:00:28 - [Cluster 1 - CLIENT] - INFO - Sent reply
2025-04-01 13:00:28 - [Cluster 1 - CLIENT] - INFO - 
2025-04-01 13:00:28 - [Cluster 1 - CLIENT] - INFO - Received: train message dfcc0f92-50cb-46cc-8585-f28ed1f2cd9f
2025-04-01 13:00:28 - [Cluster 1 - CLIENT] - INFO - [Store 382] Starting local training.
2025-04-01 13:00:34 - [Cluster 1 - CLIENT] - INFO - [Store 207] Local training complete.
2025-04-01 13:00:34 - [Cluster 1 - CLIENT] - INFO - Sent reply
2025-04-01 13:00:34 - [Cluster 1 - CLIENT] - INFO - 
2025-04-01 13:00:34 - [Cluster 1 - CLIENT] - INFO - Received: train message d9d06d91-6731-4ac5-bc2f-8654dbe2469e
2025-04-01 13:00:34 - [Cluster 1 - CLIENT] - INFO - [Store 615] Starting local training.
2025-04-01 13:04:31 - [Cluster 1 - CLIENT] - INFO - [Store 524] Local training complete.
2025-04-01 13:04:31 - [Cluster 1 - CLIENT] - INFO - Sent reply
2025-04-01 13:04:34 - [Cluster 1 - CLIENT] - INFO - [Store 682] Local training complete.
2025-04-01 13:04:34 - [Cluster 1 - CLIENT] - INFO - Sent reply
2025-04-01 13:04:34 - [Cluster 1 - CLIENT] - INFO - [Store 211] Local training complete.
2025-04-01 13:04:34 - [Cluster 1 - CLIENT] - INFO - Sent reply
2025-04-01 13:04:35 - [Cluster 1 - CLIENT] - INFO - [Store 938] Local training complete.
2025-04-01 13:04:35 - [Cluster 1 - CLIENT] - INFO - [Store 608] Local training complete.
2025-04-01 13:04:35 - [Cluster 1 - CLIENT] - INFO - Sent reply
2025-04-01 13:04:35 - [Cluster 1 - CLIENT] - INFO - Sent reply
2025-04-01 13:04:36 - [Cluster 1 - CLIENT] - INFO - [Store 999] Local training complete.
2025-04-01 13:04:36 - [Cluster 1 - CLIENT] - INFO - Sent reply
2025-04-01 13:04:38 - [Cluster 1 - CLIENT] - INFO - [Store 579] Local training complete.
2025-04-01 13:04:39 - [Cluster 1 - CLIENT] - INFO - Sent reply
2025-04-01 13:04:39 - [Cluster 1 - CLIENT] - INFO - [Store 753] Local training complete.
2025-04-01 13:04:39 - [Cluster 1 - CLIENT] - INFO - Sent reply
2025-04-01 13:04:39 - [Cluster 1 - CLIENT] - INFO - [Store 699] Local training complete.
2025-04-01 13:04:39 - [Cluster 1 - CLIENT] - INFO - Sent reply
2025-04-01 13:04:39 - [Cluster 1 - CLIENT] - INFO - [Store 195] Local training complete.
2025-04-01 13:04:39 - [Cluster 1 - CLIENT] - INFO - Sent reply
2025-04-01 13:04:40 - [Cluster 1 - CLIENT] - INFO - [Store 106] Local training complete.
2025-04-01 13:04:40 - [Cluster 1 - CLIENT] - INFO - [Store 382] Local training complete.
2025-04-01 13:04:40 - [Cluster 1 - CLIENT] - INFO - Sent reply
2025-04-01 13:04:40 - [Cluster 1 - CLIENT] - INFO - Sent reply
2025-04-01 13:04:41 - [Cluster 1 - CLIENT] - INFO - [Store 269] Local training complete.
2025-04-01 13:04:41 - [Cluster 1 - CLIENT] - INFO - Sent reply
2025-04-01 13:04:41 - [Cluster 1 - CLIENT] - INFO - [Store 615] Local training complete.
2025-04-01 13:04:41 - [Cluster 1 - CLIENT] - INFO - Sent reply
2025-04-01 13:04:42 - [Cluster 1 - CLIENT] - INFO - [Store 532] Local training complete.
2025-04-01 13:04:42 - [Cluster 1 - CLIENT] - INFO - Sent reply
2025-04-01 13:04:42 - [Cluster 1 - CLIENT] - INFO - 
2025-04-01 13:04:42 - [Cluster 1 - CLIENT] - INFO - Received: evaluate message 1affa834-b516-4322-8e52-71811e43186a
2025-04-01 13:04:42 - [Cluster 1 - CLIENT] - INFO - 
2025-04-01 13:04:42 - [Cluster 1 - CLIENT] - INFO - Received: evaluate message 950166fc-c4f1-4fe9-be59-0055dbb3b8d5
2025-04-01 13:04:42 - [Cluster 1 - CLIENT] - INFO - 
2025-04-01 13:04:42 - [Cluster 1 - CLIENT] - INFO - Received: evaluate message 94250187-c843-47e8-bbd8-147b4001e33b
2025-04-01 13:04:42 - [Cluster 1 - CLIENT] - INFO - 
2025-04-01 13:04:42 - [Cluster 1 - CLIENT] - INFO - Received: evaluate message f9df970b-4f81-4b64-aecb-2ac3bedd7ce9
2025-04-01 13:04:42 - [Cluster 1 - CLIENT] - INFO - 
2025-04-01 13:04:42 - [Cluster 1 - CLIENT] - INFO - Received: evaluate message a1967d89-a5f3-49c6-b370-6c7b369e8841
2025-04-01 13:04:42 - [Cluster 1 - CLIENT] - INFO - 
2025-04-01 13:04:42 - [Cluster 1 - CLIENT] - INFO - Received: evaluate message b5d3134c-bbcd-4f76-93ee-ca4984afbc94
2025-04-01 13:04:42 - [Cluster 1 - CLIENT] - INFO - 
2025-04-01 13:04:42 - [Cluster 1 - CLIENT] - INFO - Received: evaluate message f319ef9f-d1dd-4bbe-89b2-7ca9f372136a
2025-04-01 13:04:42 - [Cluster 1 - CLIENT] - INFO - 
2025-04-01 13:04:42 - [Cluster 1 - CLIENT] - INFO - Received: evaluate message 7361aed8-d7bb-4e00-95cb-2938e099bc24
2025-04-01 13:04:42 - [Cluster 1 - CLIENT] - INFO - 
2025-04-01 13:04:42 - [Cluster 1 - CLIENT] - INFO - Received: evaluate message e1687e63-f302-4f8f-8be3-1a006be0e47e
2025-04-01 13:04:42 - [Cluster 1 - CLIENT] - INFO - 
2025-04-01 13:04:42 - [Cluster 1 - CLIENT] - INFO - Received: evaluate message 7c6a2fb9-c1a7-41d5-bd3f-c452a40bc2e4
2025-04-01 13:04:42 - [Cluster 1 - CLIENT] - INFO - 
2025-04-01 13:04:42 - [Cluster 1 - CLIENT] - INFO - Received: evaluate message 9530c19a-0ef9-47f8-a48c-601d2f3df444
2025-04-01 13:04:42 - [Cluster 1 - CLIENT] - INFO - 
2025-04-01 13:04:42 - [Cluster 1 - CLIENT] - INFO - Received: evaluate message d4d6ec43-c72c-4c32-a80b-32f2ff45f8aa
2025-04-01 13:04:42 - [Cluster 1 - CLIENT] - INFO - 
2025-04-01 13:04:42 - [Cluster 1 - CLIENT] - INFO - Received: evaluate message 2a834bd7-a459-4dae-bd83-8f50c527e106
2025-04-01 13:04:42 - [Cluster 1 - CLIENT] - INFO - 
2025-04-01 13:04:42 - [Cluster 1 - CLIENT] - INFO - Received: evaluate message 0f9c99d8-56ec-443e-85ae-652e0baf20b9
2025-04-01 13:04:42 - [Cluster 1 - CLIENT] - INFO - 
2025-04-01 13:04:42 - [Cluster 1 - CLIENT] - INFO - Received: evaluate message f4ad339a-a95d-4cd0-b22e-bb3884bd270f
2025-04-01 13:04:43 - [Cluster 1 - CLIENT] - INFO - [Store 615] Evaluation - Loss: 0.2366, MAE: 0.2714
2025-04-01 13:04:43 - [Cluster 1 - CLIENT] - INFO - Sent reply
2025-04-01 13:04:43 - [Cluster 1 - CLIENT] - INFO - 
2025-04-01 13:04:43 - [Cluster 1 - CLIENT] - INFO - Received: evaluate message e9231190-986f-42ae-8a40-4c6e3b8fa002
2025-04-01 13:04:43 - [Cluster 1 - CLIENT] - INFO - [Store 999] Evaluation - Loss: 0.2044, MAE: 0.3062
2025-04-01 13:04:43 - [Cluster 1 - CLIENT] - INFO - [Store 699] Evaluation - Loss: 0.6391, MAE: 0.4124
2025-04-01 13:04:43 - [Cluster 1 - CLIENT] - INFO - Sent reply
2025-04-01 13:04:43 - [Cluster 1 - CLIENT] - INFO - Sent reply
2025-04-01 13:04:43 - [Cluster 1 - CLIENT] - INFO - 
2025-04-01 13:04:43 - [Cluster 1 - CLIENT] - INFO - Received: evaluate message bf291cdd-c7a6-44c7-a66f-b13f63f7ea74
2025-04-01 13:04:43 - [Cluster 1 - CLIENT] - INFO - 
2025-04-01 13:04:43 - [Cluster 1 - CLIENT] - INFO - Received: evaluate message b3136a11-acae-469e-839b-d12108728e31
2025-04-01 13:04:43 - [Cluster 1 - CLIENT] - INFO - [Store 579] Evaluation - Loss: 0.2474, MAE: 0.3299
2025-04-01 13:04:43 - [Cluster 1 - CLIENT] - INFO - Sent reply
2025-04-01 13:04:43 - [Cluster 1 - CLIENT] - INFO - 
2025-04-01 13:04:43 - [Cluster 1 - CLIENT] - INFO - Received: evaluate message 633fc1b8-3ee6-4e3a-beb6-abfb5c4a39a1
2025-04-01 13:04:44 - [Cluster 1 - CLIENT] - INFO - [Store 269] Evaluation - Loss: 0.2710, MAE: 0.3643
2025-04-01 13:04:44 - [Cluster 1 - CLIENT] - INFO - Sent reply
2025-04-01 13:04:44 - [Cluster 1 - CLIENT] - INFO - 
2025-04-01 13:04:44 - [Cluster 1 - CLIENT] - INFO - Received: evaluate message bddef8b7-cc43-441f-85f8-be6f82f8e1af
2025-04-01 13:04:44 - [Cluster 1 - CLIENT] - INFO - [Store 753] Evaluation - Loss: 0.2463, MAE: 0.3072
2025-04-01 13:04:44 - [Cluster 1 - CLIENT] - INFO - Sent reply
2025-04-01 13:04:44 - [Cluster 1 - CLIENT] - INFO - 
2025-04-01 13:04:44 - [Cluster 1 - CLIENT] - INFO - Received: evaluate message a7901135-b4f1-453f-927c-30a447eee436
2025-04-01 13:04:44 - [Cluster 1 - CLIENT] - INFO - [Store 562] Evaluation - Loss: 0.5384, MAE: 0.5666
2025-04-01 13:04:44 - [Cluster 1 - CLIENT] - INFO - [Store 195] Evaluation - Loss: 0.3184, MAE: 0.3645
2025-04-01 13:04:44 - [Cluster 1 - CLIENT] - INFO - Sent reply
2025-04-01 13:04:44 - [Cluster 1 - CLIENT] - INFO - Sent reply
2025-04-01 13:04:44 - [Cluster 1 - CLIENT] - INFO - [Store 608] Evaluation - Loss: 0.2509, MAE: 0.3416
2025-04-01 13:04:44 - [Cluster 1 - CLIENT] - INFO - Sent reply
2025-04-01 13:04:44 - [Cluster 1 - CLIENT] - INFO - [Store 207] Evaluation - Loss: 0.1841, MAE: 0.2670
2025-04-01 13:04:44 - [Cluster 1 - CLIENT] - INFO - Sent reply
2025-04-01 13:04:44 - [Cluster 1 - CLIENT] - INFO - 
2025-04-01 13:04:44 - [Cluster 1 - CLIENT] - INFO - Received: evaluate message 1beade19-1869-4e4f-ad74-648294713024
2025-04-01 13:04:44 - [Cluster 1 - CLIENT] - INFO - 
2025-04-01 13:04:44 - [Cluster 1 - CLIENT] - INFO - Received: evaluate message e9d9abf6-fcfd-4301-bbc6-6f9dba3e6dda
2025-04-01 13:04:44 - [Cluster 1 - CLIENT] - INFO - 
2025-04-01 13:04:44 - [Cluster 1 - CLIENT] - INFO - Received: evaluate message c1666f92-edb4-43a0-9b10-678883225fdd
2025-04-01 13:04:44 - [Cluster 1 - CLIENT] - INFO - 
2025-04-01 13:04:44 - [Cluster 1 - CLIENT] - INFO - Received: evaluate message a5d7d6b6-081e-4dd5-8582-93ae0ce8a8ca
2025-04-01 13:04:44 - [Cluster 1 - CLIENT] - INFO - [Store 526] Evaluation - Loss: 0.1871, MAE: 0.2776
2025-04-01 13:04:44 - [Cluster 1 - CLIENT] - INFO - [Store 809] Evaluation - Loss: 0.2842, MAE: 0.3441
2025-04-01 13:04:44 - [Cluster 1 - CLIENT] - INFO - Sent reply
2025-04-01 13:04:44 - [Cluster 1 - CLIENT] - INFO - Sent reply
2025-04-01 13:04:44 - [Cluster 1 - CLIENT] - INFO - [Store 906] Evaluation - Loss: 0.2284, MAE: 0.2814
2025-04-01 13:04:44 - [Cluster 1 - CLIENT] - INFO - Sent reply
2025-04-01 13:04:44 - [Cluster 1 - CLIENT] - INFO - 
2025-04-01 13:04:44 - [Cluster 1 - CLIENT] - INFO - Received: evaluate message 1e5e3e5a-82a6-4098-a7be-4afcb5578328
2025-04-01 13:04:44 - [Cluster 1 - CLIENT] - INFO - 
2025-04-01 13:04:44 - [Cluster 1 - CLIENT] - INFO - Received: evaluate message 6cfed8d1-e00a-4f5a-9e01-095538d10072
2025-04-01 13:04:44 - [Cluster 1 - CLIENT] - INFO - 
2025-04-01 13:04:44 - [Cluster 1 - CLIENT] - INFO - Received: evaluate message 1f908b93-7c89-4943-943c-d800544b3e9f
2025-04-01 13:04:44 - [Cluster 1 - CLIENT] - INFO - [Store 655] Evaluation - Loss: 0.3695, MAE: 0.4115
2025-04-01 13:04:44 - [Cluster 1 - CLIENT] - INFO - Sent reply
2025-04-01 13:04:44 - [Cluster 1 - CLIENT] - INFO - 
2025-04-01 13:04:44 - [Cluster 1 - CLIENT] - INFO - Received: evaluate message f9f09f94-f40b-43d2-85bf-a0d1621018ad
2025-04-01 13:04:44 - [Cluster 1 - CLIENT] - INFO - [Store 807] Evaluation - Loss: 0.3061, MAE: 0.3631
2025-04-01 13:04:44 - [Cluster 1 - CLIENT] - INFO - Sent reply
2025-04-01 13:04:44 - [Cluster 1 - CLIENT] - INFO - 
2025-04-01 13:04:44 - [Cluster 1 - CLIENT] - INFO - Received: evaluate message 2daea63b-6a88-442f-a04f-4ff08ff75682
2025-04-01 13:04:45 - [Cluster 1 - CLIENT] - INFO - [Store 431] Evaluation - Loss: 0.3310, MAE: 0.3836
2025-04-01 13:04:45 - [Cluster 1 - CLIENT] - INFO - Sent reply
2025-04-01 13:04:45 - [Cluster 1 - CLIENT] - INFO - [Store 384] Evaluation - Loss: 0.2503, MAE: 0.3309
2025-04-01 13:04:45 - [Cluster 1 - CLIENT] - INFO - Sent reply
2025-04-01 13:04:45 - [Cluster 1 - CLIENT] - INFO - [Store 849] Evaluation - Loss: 0.2417, MAE: 0.3117
2025-04-01 13:04:45 - [Cluster 1 - CLIENT] - INFO - Sent reply
2025-04-01 13:04:45 - [Cluster 1 - CLIENT] - INFO - [Store 211] Evaluation - Loss: 0.2587, MAE: 0.3409
2025-04-01 13:04:45 - [Cluster 1 - CLIENT] - INFO - Sent reply
2025-04-01 13:04:45 - [Cluster 1 - CLIENT] - INFO - [Store 682] Evaluation - Loss: 0.3205, MAE: 0.4495
2025-04-01 13:04:45 - [Cluster 1 - CLIENT] - INFO - Sent reply
2025-04-01 13:04:45 - [Cluster 1 - CLIENT] - INFO - [Store 532] Evaluation - Loss: 0.4255, MAE: 0.4465
2025-04-01 13:04:45 - [Cluster 1 - CLIENT] - INFO - Sent reply
2025-04-01 13:04:45 - [Cluster 1 - CLIENT] - INFO - [Store 914] Evaluation - Loss: 0.2195, MAE: 0.2865
2025-04-01 13:04:45 - [Cluster 1 - CLIENT] - INFO - [Store 524] Evaluation - Loss: 0.2846, MAE: 0.3342
2025-04-01 13:04:45 - [Cluster 1 - CLIENT] - INFO - Sent reply
2025-04-01 13:04:45 - [Cluster 1 - CLIENT] - INFO - Sent reply
2025-04-01 13:04:45 - [Cluster 1 - CLIENT] - INFO - [Store 1033] Evaluation - Loss: 0.2270, MAE: 0.2919
2025-04-01 13:04:45 - [Cluster 1 - CLIENT] - INFO - Sent reply
2025-04-01 13:04:45 - [Cluster 1 - CLIENT] - INFO - [Store 755] Evaluation - Loss: 0.2625, MAE: 0.3044
2025-04-01 13:04:45 - [Cluster 1 - CLIENT] - INFO - Sent reply
2025-04-01 13:04:45 - [Cluster 1 - CLIENT] - INFO - [Store 665] Evaluation - Loss: 0.2325, MAE: 0.2865
2025-04-01 13:04:45 - [Cluster 1 - CLIENT] - INFO - Sent reply
2025-04-01 13:04:45 - [Cluster 1 - CLIENT] - INFO - [Store 527] Evaluation - Loss: 0.2977, MAE: 0.3498
2025-04-01 13:04:45 - [Cluster 1 - CLIENT] - INFO - Sent reply
2025-04-01 13:04:45 - [Cluster 1 - CLIENT] - INFO - [Store 938] Evaluation - Loss: 0.2039, MAE: 0.2558
2025-04-01 13:04:45 - [Cluster 1 - CLIENT] - INFO - Sent reply
2025-04-01 13:04:45 - [Cluster 1 - CLIENT] - INFO - [Store 106] Evaluation - Loss: 0.2018, MAE: 0.2778
2025-04-01 13:04:45 - [Cluster 1 - CLIENT] - INFO - Sent reply
2025-04-01 13:04:45 - [Cluster 1 - CLIENT] - INFO - [Store 382] Evaluation - Loss: 0.2143, MAE: 0.3060
2025-04-01 13:04:45 - [Cluster 1 - CLIENT] - INFO - Sent reply
2025-04-01 13:04:45 - [Cluster 1 - CLIENT] - INFO - 
2025-04-01 13:04:45 - [Cluster 1 - CLIENT] - INFO - Received: train message 6e8ba22c-1c50-4713-b721-8f8137cd6e70
2025-04-01 13:04:45 - [Cluster 1 - CLIENT] - INFO - 
2025-04-01 13:04:45 - [Cluster 1 - CLIENT] - INFO - Received: train message 742c2aff-4dd8-4407-8c61-096ac61b8385
2025-04-01 13:04:45 - [Cluster 1 - CLIENT] - INFO - 
2025-04-01 13:04:45 - [Cluster 1 - CLIENT] - INFO - Received: train message 1f280cde-1e79-46a0-a28b-3ef408d5e6f8
2025-04-01 13:04:45 - [Cluster 1 - CLIENT] - INFO - [Store 382] Starting local training.
2025-04-01 13:04:45 - [Cluster 1 - CLIENT] - INFO - 
2025-04-01 13:04:45 - [Cluster 1 - CLIENT] - INFO - Received: train message 1f22a925-f563-4c1b-b2b0-8b46d2cf8194
2025-04-01 13:04:45 - [Cluster 1 - CLIENT] - INFO - 
2025-04-01 13:04:45 - [Cluster 1 - CLIENT] - INFO - Received: train message 385b8f75-ef2c-4083-9a1c-7dea3f33e38b
2025-04-01 13:04:45 - [Cluster 1 - CLIENT] - INFO - 
2025-04-01 13:04:45 - [Cluster 1 - CLIENT] - INFO - Received: train message 351e4370-73f4-42db-8d91-2579575d09ae
2025-04-01 13:04:45 - [Cluster 1 - CLIENT] - INFO - [Store 665] Starting local training.
2025-04-01 13:04:45 - [Cluster 1 - CLIENT] - INFO - 
2025-04-01 13:04:45 - [Cluster 1 - CLIENT] - INFO - Received: train message bd07a1de-9ea9-428e-9f2b-bea8b8b50886
2025-04-01 13:04:45 - [Cluster 1 - CLIENT] - INFO - 
2025-04-01 13:04:45 - [Cluster 1 - CLIENT] - INFO - Received: train message 687fdc93-24f5-488e-ac5f-0f0abcb86a08
2025-04-01 13:04:45 - [Cluster 1 - CLIENT] - INFO - 
2025-04-01 13:04:45 - [Cluster 1 - CLIENT] - INFO - Received: train message 1e40999c-64d9-41ad-a535-741d4227341f
2025-04-01 13:04:45 - [Cluster 1 - CLIENT] - INFO - [Store 755] Starting local training.
2025-04-01 13:04:45 - [Cluster 1 - CLIENT] - INFO - 
2025-04-01 13:04:45 - [Cluster 1 - CLIENT] - INFO - Received: train message 79d70c08-9a75-444e-b93d-8b0a875d78a8
2025-04-01 13:04:45 - [Cluster 1 - CLIENT] - INFO - 
2025-04-01 13:04:45 - [Cluster 1 - CLIENT] - INFO - Received: train message 4b008ffe-255f-43b9-b271-2ef2a3188bc1
2025-04-01 13:04:45 - [Cluster 1 - CLIENT] - INFO - [Store 527] Starting local training.
2025-04-01 13:04:45 - [Cluster 1 - CLIENT] - INFO - 
2025-04-01 13:04:45 - [Cluster 1 - CLIENT] - INFO - Received: train message eb79bd1c-33b2-46d6-a0e9-1267f27568d5
2025-04-01 13:04:45 - [Cluster 1 - CLIENT] - INFO - [Store 999] Starting local training.
2025-04-01 13:04:45 - [Cluster 1 - CLIENT] - INFO - [Store 753] Starting local training.
2025-04-01 13:04:45 - [Cluster 1 - CLIENT] - INFO - 
2025-04-01 13:04:45 - [Cluster 1 - CLIENT] - INFO - Received: train message b5f84c02-2172-4e4d-a7ae-4b4e69ebc50d
2025-04-01 13:04:45 - [Cluster 1 - CLIENT] - INFO - [Store 532] Starting local training.
2025-04-01 13:04:45 - [Cluster 1 - CLIENT] - INFO - 
2025-04-01 13:04:45 - [Cluster 1 - CLIENT] - INFO - Received: train message 27c77b6f-5d86-4058-be7f-db3fc6428fe1
2025-04-01 13:04:45 - [Cluster 1 - CLIENT] - INFO - [Store 579] Starting local training.
2025-04-01 13:04:45 - [Cluster 1 - CLIENT] - INFO - 
2025-04-01 13:04:45 - [Cluster 1 - CLIENT] - INFO - Received: train message 98f4cb45-dbbf-4e31-a6fb-9eff1ba18289
2025-04-01 13:04:45 - [Cluster 1 - CLIENT] - INFO - [Store 562] Starting local training.
2025-04-01 13:04:45 - [Cluster 1 - CLIENT] - INFO - [Store 526] Starting local training.
2025-04-01 13:04:45 - [Cluster 1 - CLIENT] - INFO - [Store 699] Starting local training.
2025-04-01 13:04:45 - [Cluster 1 - CLIENT] - INFO - [Store 655] Starting local training.
2025-04-01 13:04:46 - [Cluster 1 - CLIENT] - INFO - [Store 195] Starting local training.
2025-04-01 13:04:46 - [Cluster 1 - CLIENT] - INFO - [Store 207] Starting local training.
2025-04-01 13:04:46 - [Cluster 1 - CLIENT] - INFO - [Store 269] Starting local training.
2025-04-01 13:08:58 - [Cluster 1 - CLIENT] - INFO - [Store 382] Local training complete.
2025-04-01 13:08:58 - [Cluster 1 - CLIENT] - INFO - Sent reply
2025-04-01 13:08:58 - [Cluster 1 - CLIENT] - INFO - 
2025-04-01 13:08:58 - [Cluster 1 - CLIENT] - INFO - Received: train message 87094c80-1161-4e44-928c-3449d00755c7
2025-04-01 13:08:58 - [Cluster 1 - CLIENT] - INFO - [Store 524] Starting local training.
2025-04-01 13:08:59 - [Cluster 1 - CLIENT] - INFO - [Store 999] Local training complete.
2025-04-01 13:09:00 - [Cluster 1 - CLIENT] - INFO - Sent reply
2025-04-01 13:09:00 - [Cluster 1 - CLIENT] - INFO - 
2025-04-01 13:09:00 - [Cluster 1 - CLIENT] - INFO - Received: train message 206ffd2b-8063-4477-bd29-feec15e3d39f
2025-04-01 13:09:00 - [Cluster 1 - CLIENT] - INFO - [Store 682] Starting local training.
2025-04-01 13:09:01 - [Cluster 1 - CLIENT] - INFO - [Store 526] Local training complete.
2025-04-01 13:09:01 - [Cluster 1 - CLIENT] - INFO - Sent reply
2025-04-01 13:09:01 - [Cluster 1 - CLIENT] - INFO - 
2025-04-01 13:09:01 - [Cluster 1 - CLIENT] - INFO - Received: train message 9617d6b7-cf4d-4443-8b59-1e1bdd6c336d
2025-04-01 13:09:01 - [Cluster 1 - CLIENT] - INFO - [Store 755] Local training complete.
2025-04-01 13:09:01 - [Cluster 1 - CLIENT] - INFO - Sent reply
2025-04-01 13:09:01 - [Cluster 1 - CLIENT] - INFO - 
2025-04-01 13:09:01 - [Cluster 1 - CLIENT] - INFO - Received: train message 8908caa7-2311-4197-9ead-9aae51f6d0ec
2025-04-01 13:09:01 - [Cluster 1 - CLIENT] - INFO - [Store 809] Starting local training.
2025-04-01 13:09:01 - [Cluster 1 - CLIENT] - INFO - [Store 938] Starting local training.
2025-04-01 13:09:01 - [Cluster 1 - CLIENT] - INFO - [Store 665] Local training complete.
2025-04-01 13:09:01 - [Cluster 1 - CLIENT] - INFO - Sent reply
2025-04-01 13:09:01 - [Cluster 1 - CLIENT] - INFO - 
2025-04-01 13:09:01 - [Cluster 1 - CLIENT] - INFO - Received: train message 0ca62e16-c412-48fc-896f-0fa7f8f8765d
2025-04-01 13:09:01 - [Cluster 1 - CLIENT] - INFO - [Store 914] Starting local training.
2025-04-01 13:09:03 - [Cluster 1 - CLIENT] - INFO - [Store 195] Local training complete.
2025-04-01 13:09:03 - [Cluster 1 - CLIENT] - INFO - Sent reply
2025-04-01 13:09:03 - [Cluster 1 - CLIENT] - INFO - 
2025-04-01 13:09:03 - [Cluster 1 - CLIENT] - INFO - Received: train message b06ce08a-a2f3-40f0-92f2-4dacaff84315
2025-04-01 13:09:03 - [Cluster 1 - CLIENT] - INFO - [Store 527] Local training complete.
2025-04-01 13:09:03 - [Cluster 1 - CLIENT] - INFO - Sent reply
2025-04-01 13:09:03 - [Cluster 1 - CLIENT] - INFO - [Store 807] Starting local training.
2025-04-01 13:09:03 - [Cluster 1 - CLIENT] - INFO - 
2025-04-01 13:09:03 - [Cluster 1 - CLIENT] - INFO - Received: train message b66a7653-9b4f-4ffe-814a-f42524223671
2025-04-01 13:09:03 - [Cluster 1 - CLIENT] - INFO - [Store 1033] Starting local training.
2025-04-01 13:09:03 - [Cluster 1 - CLIENT] - INFO - [Store 699] Local training complete.
2025-04-01 13:09:03 - [Cluster 1 - CLIENT] - INFO - Sent reply
2025-04-01 13:09:03 - [Cluster 1 - CLIENT] - INFO - 
2025-04-01 13:09:03 - [Cluster 1 - CLIENT] - INFO - Received: train message 338ee15f-93e2-4e9c-bd3e-9ab2a39015ab
2025-04-01 13:09:03 - [Cluster 1 - CLIENT] - INFO - [Store 579] Local training complete.
2025-04-01 13:09:03 - [Cluster 1 - CLIENT] - INFO - [Store 906] Starting local training.
2025-04-01 13:09:03 - [Cluster 1 - CLIENT] - INFO - Sent reply
2025-04-01 13:09:03 - [Cluster 1 - CLIENT] - INFO - 
2025-04-01 13:09:03 - [Cluster 1 - CLIENT] - INFO - Received: train message ab6d0b3e-68e6-425b-8263-58cbad748aa1
2025-04-01 13:09:03 - [Cluster 1 - CLIENT] - INFO - [Store 615] Starting local training.
2025-04-01 13:09:05 - [Cluster 1 - CLIENT] - INFO - [Store 269] Local training complete.
2025-04-01 13:09:06 - [Cluster 1 - CLIENT] - INFO - Sent reply
2025-04-01 13:09:06 - [Cluster 1 - CLIENT] - INFO - 
2025-04-01 13:09:06 - [Cluster 1 - CLIENT] - INFO - Received: train message 5dbdd588-1cc7-447e-9ec8-5574fdb55409
2025-04-01 13:09:06 - [Cluster 1 - CLIENT] - INFO - [Store 106] Starting local training.
2025-04-01 13:09:06 - [Cluster 1 - CLIENT] - INFO - [Store 207] Local training complete.
2025-04-01 13:09:06 - [Cluster 1 - CLIENT] - INFO - Sent reply
2025-04-01 13:09:06 - [Cluster 1 - CLIENT] - INFO - 
2025-04-01 13:09:06 - [Cluster 1 - CLIENT] - INFO - Received: train message 31b2a987-9cc4-4885-aa05-83a25cc4370b
2025-04-01 13:09:07 - [Cluster 1 - CLIENT] - INFO - [Store 431] Starting local training.
2025-04-01 13:09:08 - [Cluster 1 - CLIENT] - INFO - [Store 753] Local training complete.
2025-04-01 13:09:08 - [Cluster 1 - CLIENT] - INFO - Sent reply
2025-04-01 13:09:08 - [Cluster 1 - CLIENT] - INFO - 
2025-04-01 13:09:08 - [Cluster 1 - CLIENT] - INFO - Received: train message d2c5c662-0095-4a66-bfbe-67f4c6b83e4a
2025-04-01 13:09:08 - [Cluster 1 - CLIENT] - INFO - [Store 849] Starting local training.
2025-04-01 13:09:09 - [Cluster 1 - CLIENT] - INFO - [Store 562] Local training complete.
2025-04-01 13:09:09 - [Cluster 1 - CLIENT] - INFO - Sent reply
2025-04-01 13:09:09 - [Cluster 1 - CLIENT] - INFO - 
2025-04-01 13:09:09 - [Cluster 1 - CLIENT] - INFO - Received: train message a522465a-7a6f-4471-8633-ae070aedcc15
2025-04-01 13:09:09 - [Cluster 1 - CLIENT] - INFO - [Store 384] Starting local training.
2025-04-01 13:09:09 - [Cluster 1 - CLIENT] - INFO - [Store 532] Local training complete.
2025-04-01 13:09:09 - [Cluster 1 - CLIENT] - INFO - Sent reply
2025-04-01 13:09:09 - [Cluster 1 - CLIENT] - INFO - 
2025-04-01 13:09:09 - [Cluster 1 - CLIENT] - INFO - Received: train message de71cd3d-126e-4e91-81bc-154af705c2e1
2025-04-01 13:09:10 - [Cluster 1 - CLIENT] - INFO - [Store 211] Starting local training.
2025-04-01 13:09:11 - [Cluster 1 - CLIENT] - INFO - [Store 655] Local training complete.
2025-04-01 13:09:12 - [Cluster 1 - CLIENT] - INFO - Sent reply
2025-04-01 13:09:12 - [Cluster 1 - CLIENT] - INFO - 
2025-04-01 13:09:12 - [Cluster 1 - CLIENT] - INFO - Received: train message a66a89b9-c27e-484e-84c5-f89574b31bad
2025-04-01 13:09:12 - [Cluster 1 - CLIENT] - INFO - [Store 608] Starting local training.
2025-04-01 13:13:20 - [Cluster 1 - CLIENT] - INFO - [Store 938] Local training complete.
2025-04-01 13:13:20 - [Cluster 1 - CLIENT] - INFO - Sent reply
2025-04-01 13:13:21 - [Cluster 1 - CLIENT] - INFO - [Store 524] Local training complete.
2025-04-01 13:13:21 - [Cluster 1 - CLIENT] - INFO - Sent reply
2025-04-01 13:13:22 - [Cluster 1 - CLIENT] - INFO - [Store 809] Local training complete.
2025-04-01 13:13:22 - [Cluster 1 - CLIENT] - INFO - Sent reply
2025-04-01 13:13:22 - [Cluster 1 - CLIENT] - INFO - [Store 106] Local training complete.
2025-04-01 13:13:22 - [Cluster 1 - CLIENT] - INFO - Sent reply
2025-04-01 13:13:22 - [Cluster 1 - CLIENT] - INFO - [Store 1033] Local training complete.
2025-04-01 13:13:22 - [Cluster 1 - CLIENT] - INFO - Sent reply
2025-04-01 13:13:23 - [Cluster 1 - CLIENT] - INFO - [Store 807] Local training complete.
2025-04-01 13:13:23 - [Cluster 1 - CLIENT] - INFO - Sent reply
2025-04-01 13:13:23 - [Cluster 1 - CLIENT] - INFO - [Store 906] Local training complete.
2025-04-01 13:13:23 - [Cluster 1 - CLIENT] - INFO - Sent reply
2025-04-01 13:13:24 - [Cluster 1 - CLIENT] - INFO - [Store 615] Local training complete.
2025-04-01 13:13:24 - [Cluster 1 - CLIENT] - INFO - Sent reply
2025-04-01 13:13:25 - [Cluster 1 - CLIENT] - INFO - [Store 211] Local training complete.
2025-04-01 13:13:25 - [Cluster 1 - CLIENT] - INFO - [Store 431] Local training complete.
2025-04-01 13:13:25 - [Cluster 1 - CLIENT] - INFO - Sent reply
2025-04-01 13:13:25 - [Cluster 1 - CLIENT] - INFO - Sent reply
2025-04-01 13:13:25 - [Cluster 1 - CLIENT] - INFO - [Store 849] Local training complete.
2025-04-01 13:13:25 - [Cluster 1 - CLIENT] - INFO - Sent reply
2025-04-01 13:13:25 - [Cluster 1 - CLIENT] - INFO - [Store 914] Local training complete.
2025-04-01 13:13:25 - [Cluster 1 - CLIENT] - INFO - Sent reply
2025-04-01 13:13:26 - [Cluster 1 - CLIENT] - INFO - [Store 682] Local training complete.
2025-04-01 13:13:26 - [Cluster 1 - CLIENT] - INFO - Sent reply
2025-04-01 13:13:26 - [Cluster 1 - CLIENT] - INFO - [Store 608] Local training complete.
2025-04-01 13:13:26 - [Cluster 1 - CLIENT] - INFO - Sent reply
2025-04-01 13:13:27 - [Cluster 1 - CLIENT] - INFO - [Store 384] Local training complete.
2025-04-01 13:13:27 - [Cluster 1 - CLIENT] - INFO - Sent reply
2025-04-01 13:13:27 - [Cluster 1 - CLIENT] - INFO - 
2025-04-01 13:13:27 - [Cluster 1 - CLIENT] - INFO - Received: evaluate message 5b547665-a966-4053-a2db-a1dfeadebbab
2025-04-01 13:13:27 - [Cluster 1 - CLIENT] - INFO - 
2025-04-01 13:13:27 - [Cluster 1 - CLIENT] - INFO - Received: evaluate message 8cb72475-81f5-41b6-8404-82e4357d7213
2025-04-01 13:13:27 - [Cluster 1 - CLIENT] - INFO - 
2025-04-01 13:13:27 - [Cluster 1 - CLIENT] - INFO - Received: evaluate message 012f48b8-0b7d-4e9c-9589-79556f1a8a6f
2025-04-01 13:13:27 - [Cluster 1 - CLIENT] - INFO - 
2025-04-01 13:13:27 - [Cluster 1 - CLIENT] - INFO - Received: evaluate message 3ac01c9b-0ec6-49f1-9b75-e773b66ea82b
2025-04-01 13:13:27 - [Cluster 1 - CLIENT] - INFO - 
2025-04-01 13:13:27 - [Cluster 1 - CLIENT] - INFO - Received: evaluate message 68e1d0af-c76a-4fa0-836b-4026a6405e09
2025-04-01 13:13:27 - [Cluster 1 - CLIENT] - INFO - 
2025-04-01 13:13:27 - [Cluster 1 - CLIENT] - INFO - 
2025-04-01 13:13:27 - [Cluster 1 - CLIENT] - INFO - Received: evaluate message 80c239fb-d81f-46b6-a870-996de65370d0
2025-04-01 13:13:27 - [Cluster 1 - CLIENT] - INFO - Received: evaluate message 26ee55fd-68a3-4323-a47c-9ff6f3dae98a
2025-04-01 13:13:27 - [Cluster 1 - CLIENT] - INFO - 
2025-04-01 13:13:27 - [Cluster 1 - CLIENT] - INFO - Received: evaluate message 0988fbf0-bcdd-452d-b457-e0d01457a64f
2025-04-01 13:13:27 - [Cluster 1 - CLIENT] - INFO - 
2025-04-01 13:13:27 - [Cluster 1 - CLIENT] - INFO - Received: evaluate message bfc99478-72c6-4cc0-b786-dd7362e24dac
2025-04-01 13:13:27 - [Cluster 1 - CLIENT] - INFO - 
2025-04-01 13:13:27 - [Cluster 1 - CLIENT] - INFO - Received: evaluate message 0bae6e4c-8ae2-4fbe-ba00-db02a85f3686
2025-04-01 13:13:27 - [Cluster 1 - CLIENT] - INFO - 
2025-04-01 13:13:27 - [Cluster 1 - CLIENT] - INFO - Received: evaluate message 0fe25ba5-96b9-46ff-a074-06eb2a67e704
2025-04-01 13:13:27 - [Cluster 1 - CLIENT] - INFO - 
2025-04-01 13:13:27 - [Cluster 1 - CLIENT] - INFO - Received: evaluate message f75dceaa-2dcc-48d4-8075-0a4506dfb1bb
2025-04-01 13:13:27 - [Cluster 1 - CLIENT] - INFO - 
2025-04-01 13:13:27 - [Cluster 1 - CLIENT] - INFO - Received: evaluate message 3e88a7b6-44d2-4e5a-87d0-7a7d270a4f83
2025-04-01 13:13:27 - [Cluster 1 - CLIENT] - INFO - 
2025-04-01 13:13:27 - [Cluster 1 - CLIENT] - INFO - Received: evaluate message 3c480356-497f-4c29-8470-ae829ab3ffa5
2025-04-01 13:13:27 - [Cluster 1 - CLIENT] - INFO - 
2025-04-01 13:13:27 - [Cluster 1 - CLIENT] - INFO - Received: evaluate message 84d78f42-a1ff-4061-bdbf-d3d454e4d8f1
2025-04-01 13:13:29 - [Cluster 1 - CLIENT] - INFO - [Store 682] Evaluation - Loss: 0.3274, MAE: 0.4547
2025-04-01 13:13:29 - [Cluster 1 - CLIENT] - INFO - Sent reply
2025-04-01 13:13:29 - [Cluster 1 - CLIENT] - INFO - 
2025-04-01 13:13:29 - [Cluster 1 - CLIENT] - INFO - Received: evaluate message a0a53c59-9c97-4533-bd9c-fe2b25522a83
2025-04-01 13:13:29 - [Cluster 1 - CLIENT] - INFO - [Store 755] Evaluation - Loss: 0.2551, MAE: 0.2947
2025-04-01 13:13:29 - [Cluster 1 - CLIENT] - INFO - Sent reply
2025-04-01 13:13:29 - [Cluster 1 - CLIENT] - INFO - [Store 906] Evaluation - Loss: 0.2250, MAE: 0.2777
2025-04-01 13:13:29 - [Cluster 1 - CLIENT] - INFO - Sent reply
2025-04-01 13:13:29 - [Cluster 1 - CLIENT] - INFO - [Store 579] Evaluation - Loss: 0.2346, MAE: 0.3124
2025-04-01 13:13:29 - [Cluster 1 - CLIENT] - INFO - Sent reply
2025-04-01 13:13:29 - [Cluster 1 - CLIENT] - INFO - [Store 1033] Evaluation - Loss: 0.2234, MAE: 0.2859
2025-04-01 13:13:29 - [Cluster 1 - CLIENT] - INFO - Sent reply
2025-04-01 13:13:29 - [Cluster 1 - CLIENT] - INFO - 
2025-04-01 13:13:29 - [Cluster 1 - CLIENT] - INFO - Received: evaluate message c395d984-1360-4fb5-a6ad-cbbdb254c476
2025-04-01 13:13:29 - [Cluster 1 - CLIENT] - INFO - [Store 207] Evaluation - Loss: 0.1830, MAE: 0.2668
2025-04-01 13:13:29 - [Cluster 1 - CLIENT] - INFO - Sent reply
2025-04-01 13:13:29 - [Cluster 1 - CLIENT] - INFO - 
2025-04-01 13:13:29 - [Cluster 1 - CLIENT] - INFO - 
2025-04-01 13:13:29 - [Cluster 1 - CLIENT] - INFO - Received: evaluate message 0a2ff76e-70ce-400a-8974-b6cde98275c8
2025-04-01 13:13:29 - [Cluster 1 - CLIENT] - INFO - Received: evaluate message 0ea04a94-2f2d-482d-b0ab-e58bf540a8a6
2025-04-01 13:13:29 - [Cluster 1 - CLIENT] - INFO - 
2025-04-01 13:13:29 - [Cluster 1 - CLIENT] - INFO - Received: evaluate message 4ee5cfad-d450-4fc9-b0bd-1ca5f5089dc7
2025-04-01 13:13:29 - [Cluster 1 - CLIENT] - INFO - [Store 809] Evaluation - Loss: 0.2802, MAE: 0.3434
2025-04-01 13:13:29 - [Cluster 1 - CLIENT] - INFO - [Store 382] Evaluation - Loss: 0.2100, MAE: 0.2993
2025-04-01 13:13:29 - [Cluster 1 - CLIENT] - INFO - Sent reply
2025-04-01 13:13:29 - [Cluster 1 - CLIENT] - INFO - 
2025-04-01 13:13:29 - [Cluster 1 - CLIENT] - INFO - Received: evaluate message f6101eb3-067e-4a99-817b-c4825a054735
2025-04-01 13:13:29 - [Cluster 1 - CLIENT] - INFO - Sent reply
2025-04-01 13:13:29 - [Cluster 1 - CLIENT] - INFO - [Store 608] Evaluation - Loss: 0.2544, MAE: 0.3446
2025-04-01 13:13:29 - [Cluster 1 - CLIENT] - INFO - [Store 914] Evaluation - Loss: 0.2185, MAE: 0.2832
2025-04-01 13:13:29 - [Cluster 1 - CLIENT] - INFO - [Store 615] Evaluation - Loss: 0.2301, MAE: 0.2641
2025-04-01 13:13:29 - [Cluster 1 - CLIENT] - INFO - Sent reply
2025-04-01 13:13:29 - [Cluster 1 - CLIENT] - INFO - Sent reply
2025-04-01 13:13:29 - [Cluster 1 - CLIENT] - INFO - Sent reply
2025-04-01 13:13:29 - [Cluster 1 - CLIENT] - INFO - 
2025-04-01 13:13:29 - [Cluster 1 - CLIENT] - INFO - 
2025-04-01 13:13:29 - [Cluster 1 - CLIENT] - INFO - 
2025-04-01 13:13:29 - [Cluster 1 - CLIENT] - INFO - Received: evaluate message 02d530c5-55c0-4bc8-b237-7809a8d8a8e2
2025-04-01 13:13:29 - [Cluster 1 - CLIENT] - INFO - Received: evaluate message 095a9ae2-6acb-4290-9090-722ad9fe769d
2025-04-01 13:13:29 - [Cluster 1 - CLIENT] - INFO - Received: evaluate message 42831e92-4de5-4331-8569-fd04a4fa7f3b
2025-04-01 13:13:29 - [Cluster 1 - CLIENT] - INFO - 
2025-04-01 13:13:29 - [Cluster 1 - CLIENT] - INFO - Received: evaluate message 3ab450f5-c562-408a-aad2-dc94470d691c
2025-04-01 13:13:29 - [Cluster 1 - CLIENT] - INFO - 
2025-04-01 13:13:29 - [Cluster 1 - CLIENT] - INFO - Received: evaluate message a470fae1-f6fe-4d12-8546-0941bbe73969
2025-04-01 13:13:29 - [Cluster 1 - CLIENT] - INFO - [Store 532] Evaluation - Loss: 0.4138, MAE: 0.4291
2025-04-01 13:13:29 - [Cluster 1 - CLIENT] - INFO - Sent reply
2025-04-01 13:13:29 - [Cluster 1 - CLIENT] - INFO - [Store 665] Evaluation - Loss: 0.2311, MAE: 0.2867
2025-04-01 13:13:29 - [Cluster 1 - CLIENT] - INFO - Sent reply
2025-04-01 13:13:29 - [Cluster 1 - CLIENT] - INFO - 
2025-04-01 13:13:29 - [Cluster 1 - CLIENT] - INFO - Received: evaluate message d92b49bb-6569-42e5-8759-e62eba7d41f0
2025-04-01 13:13:29 - [Cluster 1 - CLIENT] - INFO - 
2025-04-01 13:13:29 - [Cluster 1 - CLIENT] - INFO - Received: evaluate message 755b0dc1-c9f1-440a-b703-6cd3a4eea1e4
2025-04-01 13:13:29 - [Cluster 1 - CLIENT] - INFO - [Store 527] Evaluation - Loss: 0.2885, MAE: 0.3354
2025-04-01 13:13:29 - [Cluster 1 - CLIENT] - INFO - [Store 699] Evaluation - Loss: 0.5606, MAE: 0.3938
2025-04-01 13:13:29 - [Cluster 1 - CLIENT] - INFO - Sent reply
2025-04-01 13:13:29 - [Cluster 1 - CLIENT] - INFO - Sent reply
2025-04-01 13:13:29 - [Cluster 1 - CLIENT] - INFO - 
2025-04-01 13:13:29 - [Cluster 1 - CLIENT] - INFO - Received: evaluate message 220b6b4e-ee04-4d2a-a1ce-7e34d5886b85
2025-04-01 13:13:29 - [Cluster 1 - CLIENT] - INFO - 
2025-04-01 13:13:29 - [Cluster 1 - CLIENT] - INFO - Received: evaluate message 7b55431b-db54-4fb2-9cbc-9d4a8979d33c
2025-04-01 13:13:30 - [Cluster 1 - CLIENT] - INFO - [Store 384] Evaluation - Loss: 0.2502, MAE: 0.3287
2025-04-01 13:13:30 - [Cluster 1 - CLIENT] - INFO - Sent reply
2025-04-01 13:13:30 - [Cluster 1 - CLIENT] - INFO - [Store 106] Evaluation - Loss: 0.1985, MAE: 0.2753
2025-04-01 13:13:30 - [Cluster 1 - CLIENT] - INFO - Sent reply
2025-04-01 13:13:30 - [Cluster 1 - CLIENT] - INFO - [Store 807] Evaluation - Loss: 0.2966, MAE: 0.3518
2025-04-01 13:13:30 - [Cluster 1 - CLIENT] - INFO - Sent reply
2025-04-01 13:13:30 - [Cluster 1 - CLIENT] - INFO - [Store 849] Evaluation - Loss: 0.2351, MAE: 0.3019
2025-04-01 13:13:30 - [Cluster 1 - CLIENT] - INFO - [Store 938] Evaluation - Loss: 0.1991, MAE: 0.2474
2025-04-01 13:13:30 - [Cluster 1 - CLIENT] - INFO - Sent reply
2025-04-01 13:13:30 - [Cluster 1 - CLIENT] - INFO - Sent reply
2025-04-01 13:13:30 - [Cluster 1 - CLIENT] - INFO - [Store 269] Evaluation - Loss: 0.2663, MAE: 0.3577
2025-04-01 13:13:30 - [Cluster 1 - CLIENT] - INFO - Sent reply
2025-04-01 13:13:30 - [Cluster 1 - CLIENT] - INFO - [Store 562] Evaluation - Loss: 0.5299, MAE: 0.5598
2025-04-01 13:13:30 - [Cluster 1 - CLIENT] - INFO - [Store 999] Evaluation - Loss: 0.2024, MAE: 0.3058
2025-04-01 13:13:30 - [Cluster 1 - CLIENT] - INFO - [Store 211] Evaluation - Loss: 0.2515, MAE: 0.3348
2025-04-01 13:13:30 - [Cluster 1 - CLIENT] - INFO - Sent reply
2025-04-01 13:13:30 - [Cluster 1 - CLIENT] - INFO - Sent reply
2025-04-01 13:13:30 - [Cluster 1 - CLIENT] - INFO - Sent reply
2025-04-01 13:13:30 - [Cluster 1 - CLIENT] - INFO - [Store 524] Evaluation - Loss: 0.2778, MAE: 0.3268
2025-04-01 13:13:30 - [Cluster 1 - CLIENT] - INFO - Sent reply
2025-04-01 13:13:30 - [Cluster 1 - CLIENT] - INFO - [Store 753] Evaluation - Loss: 0.2425, MAE: 0.3024
2025-04-01 13:13:30 - [Cluster 1 - CLIENT] - INFO - Sent reply
2025-04-01 13:13:30 - [Cluster 1 - CLIENT] - INFO - [Store 431] Evaluation - Loss: 0.3201, MAE: 0.3704
2025-04-01 13:13:30 - [Cluster 1 - CLIENT] - INFO - Sent reply
2025-04-01 13:13:30 - [Cluster 1 - CLIENT] - INFO - [Store 526] Evaluation - Loss: 0.1888, MAE: 0.2811
2025-04-01 13:13:30 - [Cluster 1 - CLIENT] - INFO - Sent reply
2025-04-01 13:13:30 - [Cluster 1 - CLIENT] - INFO - [Store 655] Evaluation - Loss: 0.3596, MAE: 0.4008
2025-04-01 13:13:30 - [Cluster 1 - CLIENT] - INFO - Sent reply
2025-04-01 13:13:30 - [Cluster 1 - CLIENT] - INFO - [Store 195] Evaluation - Loss: 0.3120, MAE: 0.3605
2025-04-01 13:13:30 - [Cluster 1 - CLIENT] - INFO - Sent reply
2025-04-01 13:13:30 - [Cluster 1 - CLIENT] - INFO - 
2025-04-01 13:13:30 - [Cluster 1 - CLIENT] - INFO - Received: train message e430bf2e-7732-4083-a5b9-6b5d917b58f8
2025-04-01 13:13:30 - [Cluster 1 - CLIENT] - INFO - 
2025-04-01 13:13:30 - [Cluster 1 - CLIENT] - INFO - Received: train message 44dd60b7-2958-4a3a-8fef-581d64050554
2025-04-01 13:13:30 - [Cluster 1 - CLIENT] - INFO - 
2025-04-01 13:13:30 - [Cluster 1 - CLIENT] - INFO - Received: train message 2716726b-8848-485d-a12f-5c87f4e5c41d
2025-04-01 13:13:30 - [Cluster 1 - CLIENT] - INFO - 
2025-04-01 13:13:30 - [Cluster 1 - CLIENT] - INFO - Received: train message feb6468a-ea0f-4b5f-8bd7-63aa2122b84e
2025-04-01 13:13:30 - [Cluster 1 - CLIENT] - INFO - [Store 384] Starting local training.
2025-04-01 13:13:30 - [Cluster 1 - CLIENT] - INFO - 
2025-04-01 13:13:30 - [Cluster 1 - CLIENT] - INFO - Received: train message 99551e2c-8b1f-4ae6-acbe-bb366a25e034
2025-04-01 13:13:30 - [Cluster 1 - CLIENT] - INFO - 
2025-04-01 13:13:30 - [Cluster 1 - CLIENT] - INFO - Received: train message cf8af442-b5a6-4e51-9122-4a13ad5dc2b8
2025-04-01 13:13:30 - [Cluster 1 - CLIENT] - INFO - [Store 524] Starting local training.
2025-04-01 13:13:30 - [Cluster 1 - CLIENT] - INFO - 
2025-04-01 13:13:30 - [Cluster 1 - CLIENT] - INFO - Received: train message d4eec284-55b7-48c8-8ee3-a14f60e04233
2025-04-01 13:13:30 - [Cluster 1 - CLIENT] - INFO - [Store 532] Starting local training.
2025-04-01 13:13:30 - [Cluster 1 - CLIENT] - INFO - 
2025-04-01 13:13:30 - [Cluster 1 - CLIENT] - INFO - Received: train message 6716269a-d108-4441-a1c1-d3ff7ff83d30
2025-04-01 13:13:30 - [Cluster 1 - CLIENT] - INFO - 
2025-04-01 13:13:30 - [Cluster 1 - CLIENT] - INFO - Received: train message 1a10e6bb-4a20-45ab-a81c-4e1b9be2a26c
2025-04-01 13:13:30 - [Cluster 1 - CLIENT] - INFO - [Store 431] Starting local training.
2025-04-01 13:13:30 - [Cluster 1 - CLIENT] - INFO - 
2025-04-01 13:13:30 - [Cluster 1 - CLIENT] - INFO - Received: train message 35b13835-e339-4030-a5a5-b107479a0937
2025-04-01 13:13:30 - [Cluster 1 - CLIENT] - INFO - 
2025-04-01 13:13:30 - [Cluster 1 - CLIENT] - INFO - Received: train message 1e6f4ed7-3e9c-4e38-8df4-9628a877d9da
2025-04-01 13:13:31 - [Cluster 1 - CLIENT] - INFO - [Store 562] Starting local training.
2025-04-01 13:13:31 - [Cluster 1 - CLIENT] - INFO - 
2025-04-01 13:13:31 - [Cluster 1 - CLIENT] - INFO - Received: train message 2d757743-2b0b-4c60-aca5-fc1cff03acc3
2025-04-01 13:13:31 - [Cluster 1 - CLIENT] - INFO - [Store 809] Starting local training.
2025-04-01 13:13:31 - [Cluster 1 - CLIENT] - INFO - 
2025-04-01 13:13:31 - [Cluster 1 - CLIENT] - INFO - Received: train message c09c6974-2263-4337-9e07-069ba9ed7316
2025-04-01 13:13:31 - [Cluster 1 - CLIENT] - INFO - 
2025-04-01 13:13:31 - [Cluster 1 - CLIENT] - INFO - Received: train message 27bbe458-c3bf-4788-8500-d9a9d0b7a9de
2025-04-01 13:13:31 - [Cluster 1 - CLIENT] - INFO - [Store 106] Starting local training.
2025-04-01 13:13:31 - [Cluster 1 - CLIENT] - INFO - 
2025-04-01 13:13:31 - [Cluster 1 - CLIENT] - INFO - Received: train message 1c9c83fe-3946-4877-8cdb-49a7b75183d5
2025-04-01 13:13:31 - [Cluster 1 - CLIENT] - INFO - [Store 753] Starting local training.
2025-04-01 13:13:31 - [Cluster 1 - CLIENT] - INFO - [Store 526] Starting local training.
2025-04-01 13:13:31 - [Cluster 1 - CLIENT] - INFO - [Store 527] Starting local training.
2025-04-01 13:13:31 - [Cluster 1 - CLIENT] - INFO - [Store 699] Starting local training.
2025-04-01 13:13:31 - [Cluster 1 - CLIENT] - INFO - [Store 269] Starting local training.
2025-04-01 13:13:31 - [Cluster 1 - CLIENT] - INFO - [Store 999] Starting local training.
2025-04-01 13:13:31 - [Cluster 1 - CLIENT] - INFO - [Store 615] Starting local training.
2025-04-01 13:13:31 - [Cluster 1 - CLIENT] - INFO - [Store 579] Starting local training.
2025-04-01 13:17:42 - [Cluster 1 - CLIENT] - INFO - [Store 615] Local training complete.
2025-04-01 13:17:42 - [Cluster 1 - CLIENT] - INFO - Sent reply
2025-04-01 13:17:42 - [Cluster 1 - CLIENT] - INFO - 
2025-04-01 13:17:42 - [Cluster 1 - CLIENT] - INFO - Received: train message 1ee45874-5673-4892-b674-c75088923748
2025-04-01 13:17:42 - [Cluster 1 - CLIENT] - INFO - [Store 938] Starting local training.
2025-04-01 13:17:44 - [Cluster 1 - CLIENT] - INFO - [Store 269] Local training complete.
2025-04-01 13:17:44 - [Cluster 1 - CLIENT] - INFO - Sent reply
2025-04-01 13:17:44 - [Cluster 1 - CLIENT] - INFO - 
2025-04-01 13:17:44 - [Cluster 1 - CLIENT] - INFO - Received: train message c03fa20e-e304-4417-8032-77c80028bd4f
2025-04-01 13:17:44 - [Cluster 1 - CLIENT] - INFO - [Store 207] Starting local training.
2025-04-01 13:17:44 - [Cluster 1 - CLIENT] - INFO - [Store 106] Local training complete.
2025-04-01 13:17:44 - [Cluster 1 - CLIENT] - INFO - [Store 431] Local training complete.
2025-04-01 13:17:44 - [Cluster 1 - CLIENT] - INFO - Sent reply
2025-04-01 13:17:44 - [Cluster 1 - CLIENT] - INFO - 
2025-04-01 13:17:44 - [Cluster 1 - CLIENT] - INFO - Received: train message 0a9c20b0-aab2-4219-a126-7eff6ab806bd
2025-04-01 13:17:44 - [Cluster 1 - CLIENT] - INFO - Sent reply
2025-04-01 13:17:44 - [Cluster 1 - CLIENT] - INFO - [Store 906] Starting local training.
2025-04-01 13:17:44 - [Cluster 1 - CLIENT] - INFO - 
2025-04-01 13:17:44 - [Cluster 1 - CLIENT] - INFO - Received: train message a17c71c3-47ca-4c91-82e5-9918f6319ea0
2025-04-01 13:17:44 - [Cluster 1 - CLIENT] - INFO - [Store 655] Starting local training.
2025-04-01 13:17:46 - [Cluster 1 - CLIENT] - INFO - [Store 999] Local training complete.
2025-04-01 13:17:46 - [Cluster 1 - CLIENT] - INFO - Sent reply
2025-04-01 13:17:46 - [Cluster 1 - CLIENT] - INFO - 
2025-04-01 13:17:46 - [Cluster 1 - CLIENT] - INFO - Received: train message 3d1d8316-fa6d-4e46-9832-712b580ce21b
2025-04-01 13:17:46 - [Cluster 1 - CLIENT] - INFO - [Store 211] Starting local training.
2025-04-01 13:17:47 - [Cluster 1 - CLIENT] - INFO - [Store 699] Local training complete.
2025-04-01 13:17:47 - [Cluster 1 - CLIENT] - INFO - Sent reply
2025-04-01 13:17:47 - [Cluster 1 - CLIENT] - INFO - 
2025-04-01 13:17:47 - [Cluster 1 - CLIENT] - INFO - Received: train message db2718f9-777e-470e-b2d6-67916730f9da
2025-04-01 13:17:47 - [Cluster 1 - CLIENT] - INFO - [Store 665] Starting local training.
2025-04-01 13:17:47 - [Cluster 1 - CLIENT] - INFO - [Store 384] Local training complete.
2025-04-01 13:17:47 - [Cluster 1 - CLIENT] - INFO - Sent reply
2025-04-01 13:17:47 - [Cluster 1 - CLIENT] - INFO - [Store 526] Local training complete.
2025-04-01 13:17:47 - [Cluster 1 - CLIENT] - INFO - 
2025-04-01 13:17:47 - [Cluster 1 - CLIENT] - INFO - Received: train message fce6ac88-1af0-433d-a53b-12a79e3e1ecf
2025-04-01 13:17:48 - [Cluster 1 - CLIENT] - INFO - [Store 849] Starting local training.
2025-04-01 13:17:48 - [Cluster 1 - CLIENT] - INFO - [Store 527] Local training complete.
2025-04-01 13:17:48 - [Cluster 1 - CLIENT] - INFO - Sent reply
2025-04-01 13:17:48 - [Cluster 1 - CLIENT] - INFO - 
2025-04-01 13:17:48 - [Cluster 1 - CLIENT] - INFO - Received: train message b5d7cc60-5455-49b7-8355-6b7d20440ef7
2025-04-01 13:17:48 - [Cluster 1 - CLIENT] - INFO - Sent reply
2025-04-01 13:17:48 - [Cluster 1 - CLIENT] - INFO - 
2025-04-01 13:17:48 - [Cluster 1 - CLIENT] - INFO - Received: train message ef4cd457-f330-41b5-bd2e-3b6390853cf7
2025-04-01 13:17:48 - [Cluster 1 - CLIENT] - INFO - [Store 755] Starting local training.
2025-04-01 13:17:48 - [Cluster 1 - CLIENT] - INFO - [Store 807] Starting local training.
2025-04-01 13:17:48 - [Cluster 1 - CLIENT] - INFO - [Store 532] Local training complete.
2025-04-01 13:17:48 - [Cluster 1 - CLIENT] - INFO - [Store 753] Local training complete.
2025-04-01 13:17:48 - [Cluster 1 - CLIENT] - INFO - Sent reply
2025-04-01 13:17:48 - [Cluster 1 - CLIENT] - INFO - 
2025-04-01 13:17:48 - [Cluster 1 - CLIENT] - INFO - Received: train message 0609fd29-2b14-4b95-97b5-4d568e3927fb
2025-04-01 13:17:48 - [Cluster 1 - CLIENT] - INFO - [Store 195] Starting local training.
2025-04-01 13:17:49 - [Cluster 1 - CLIENT] - INFO - Sent reply
2025-04-01 13:17:49 - [Cluster 1 - CLIENT] - INFO - 
2025-04-01 13:17:49 - [Cluster 1 - CLIENT] - INFO - Received: train message 9adfbe3d-27a6-4598-9da4-f1412f4f9bf4
2025-04-01 13:17:49 - [Cluster 1 - CLIENT] - INFO - [Store 914] Starting local training.
2025-04-01 13:17:52 - [Cluster 1 - CLIENT] - INFO - [Store 809] Local training complete.
2025-04-01 13:17:52 - [Cluster 1 - CLIENT] - INFO - Sent reply
2025-04-01 13:17:52 - [Cluster 1 - CLIENT] - INFO - 
2025-04-01 13:17:52 - [Cluster 1 - CLIENT] - INFO - Received: train message 2d4aac86-ccee-4108-b008-150300dc1215
2025-04-01 13:17:52 - [Cluster 1 - CLIENT] - INFO - [Store 1033] Starting local training.
2025-04-01 13:17:53 - [Cluster 1 - CLIENT] - INFO - [Store 579] Local training complete.
2025-04-01 13:17:53 - [Cluster 1 - CLIENT] - INFO - Sent reply
2025-04-01 13:17:53 - [Cluster 1 - CLIENT] - INFO - 
2025-04-01 13:17:53 - [Cluster 1 - CLIENT] - INFO - Received: train message b5805ac8-b682-4453-8e34-5421db15c7fc
2025-04-01 13:17:53 - [Cluster 1 - CLIENT] - INFO - [Store 608] Starting local training.
2025-04-01 13:18:02 - [Cluster 1 - CLIENT] - INFO - [Store 524] Local training complete.
2025-04-01 13:18:02 - [Cluster 1 - CLIENT] - INFO - Sent reply
2025-04-01 13:18:02 - [Cluster 1 - CLIENT] - INFO - 
2025-04-01 13:18:02 - [Cluster 1 - CLIENT] - INFO - Received: train message 51d1197d-b296-478f-912c-4ad6424cc99e
2025-04-01 13:18:02 - [Cluster 1 - CLIENT] - INFO - [Store 382] Starting local training.
2025-04-01 13:18:09 - [Cluster 1 - CLIENT] - INFO - [Store 562] Local training complete.
2025-04-01 13:18:10 - [Cluster 1 - CLIENT] - INFO - Sent reply
2025-04-01 13:18:10 - [Cluster 1 - CLIENT] - INFO - 
2025-04-01 13:18:10 - [Cluster 1 - CLIENT] - INFO - Received: train message 8ca149a9-ef79-47d8-baf7-85e80e7e5628
2025-04-01 13:18:10 - [Cluster 1 - CLIENT] - INFO - [Store 682] Starting local training.
2025-04-01 13:36:17 - [Cluster 1 - CLIENT] - INFO - [Store 755] Local training complete.
2025-04-01 13:36:17 - [Cluster 1 - CLIENT] - INFO - Sent reply
2025-04-01 13:36:17 - [Cluster 1 - CLIENT] - INFO - [Store 207] Local training complete.
2025-04-01 13:36:17 - [Cluster 1 - CLIENT] - INFO - Sent reply
2025-04-01 13:36:17 - [Cluster 1 - CLIENT] - INFO - [Store 665] Local training complete.
2025-04-01 13:36:18 - [Cluster 1 - CLIENT] - INFO - Sent reply
2025-04-01 13:36:18 - [Cluster 1 - CLIENT] - INFO - [Store 211] Local training complete.
2025-04-01 13:36:18 - [Cluster 1 - CLIENT] - INFO - Sent reply
2025-04-01 13:36:20 - [Cluster 1 - CLIENT] - INFO - [Store 655] Local training complete.
2025-04-01 13:36:20 - [Cluster 1 - CLIENT] - INFO - [Store 906] Local training complete.
2025-04-01 13:36:20 - [Cluster 1 - CLIENT] - INFO - Sent reply
2025-04-01 13:36:20 - [Cluster 1 - CLIENT] - INFO - Sent reply
2025-04-01 13:36:20 - [Cluster 1 - CLIENT] - INFO - [Store 938] Local training complete.
2025-04-01 13:36:20 - [Cluster 1 - CLIENT] - INFO - Sent reply
2025-04-01 13:36:21 - [Cluster 1 - CLIENT] - INFO - [Store 914] Local training complete.
2025-04-01 13:36:21 - [Cluster 1 - CLIENT] - INFO - Sent reply
2025-04-01 13:36:21 - [Cluster 1 - CLIENT] - INFO - [Store 807] Local training complete.
2025-04-01 13:36:21 - [Cluster 1 - CLIENT] - INFO - [Store 195] Local training complete.
2025-04-01 13:36:21 - [Cluster 1 - CLIENT] - INFO - Sent reply
2025-04-01 13:36:21 - [Cluster 1 - CLIENT] - INFO - Sent reply
2025-04-01 13:36:21 - [Cluster 1 - CLIENT] - INFO - [Store 1033] Local training complete.
2025-04-01 13:36:21 - [Cluster 1 - CLIENT] - INFO - [Store 608] Local training complete.
2025-04-01 13:36:21 - [Cluster 1 - CLIENT] - INFO - Sent reply
2025-04-01 13:36:21 - [Cluster 1 - CLIENT] - INFO - Sent reply
2025-04-01 13:36:21 - [Cluster 1 - CLIENT] - INFO - [Store 849] Local training complete.
2025-04-01 13:36:21 - [Cluster 1 - CLIENT] - INFO - Sent reply
2025-04-01 13:36:24 - [Cluster 1 - CLIENT] - INFO - [Store 382] Local training complete.
2025-04-01 13:36:24 - [Cluster 1 - CLIENT] - INFO - Sent reply
2025-04-01 13:36:24 - [Cluster 1 - CLIENT] - INFO - [Store 682] Local training complete.
2025-04-01 13:36:24 - [Cluster 1 - CLIENT] - INFO - Sent reply
2025-04-01 13:36:24 - [Cluster 1 - CLIENT] - INFO - 
2025-04-01 13:36:24 - [Cluster 1 - CLIENT] - INFO - Received: evaluate message 21942d8a-4ff7-4235-a05e-b2490cb4b206
2025-04-01 13:36:24 - [Cluster 1 - CLIENT] - INFO - 
2025-04-01 13:36:24 - [Cluster 1 - CLIENT] - INFO - Received: evaluate message 181056ec-b690-4bc0-9b27-c224e689f701
2025-04-01 13:36:24 - [Cluster 1 - CLIENT] - INFO - 
2025-04-01 13:36:24 - [Cluster 1 - CLIENT] - INFO - Received: evaluate message cfce46d1-41d7-4a44-afe7-28a76f185df1
2025-04-01 13:36:24 - [Cluster 1 - CLIENT] - INFO - 
2025-04-01 13:36:24 - [Cluster 1 - CLIENT] - INFO - Received: evaluate message 12e4acf8-e3b0-413f-bb59-aa1f05064250
2025-04-01 13:36:24 - [Cluster 1 - CLIENT] - INFO - 
2025-04-01 13:36:24 - [Cluster 1 - CLIENT] - INFO - Received: evaluate message 205e9e75-d71c-4624-87f8-31701e5f8148
2025-04-01 13:36:24 - [Cluster 1 - CLIENT] - INFO - 
2025-04-01 13:36:24 - [Cluster 1 - CLIENT] - INFO - Received: evaluate message 85c34f34-7ae5-4b55-bfca-0106b5e43617
2025-04-01 13:36:24 - [Cluster 1 - CLIENT] - INFO - 
2025-04-01 13:36:24 - [Cluster 1 - CLIENT] - INFO - Received: evaluate message 54ec64d3-181b-40b6-aee3-0dc5acafc171
2025-04-01 13:36:24 - [Cluster 1 - CLIENT] - INFO - 
2025-04-01 13:36:24 - [Cluster 1 - CLIENT] - INFO - Received: evaluate message 92ad475b-9281-47da-8935-b50e300e1231
2025-04-01 13:36:24 - [Cluster 1 - CLIENT] - INFO - 
2025-04-01 13:36:24 - [Cluster 1 - CLIENT] - INFO - Received: evaluate message 9328623c-868f-45ae-b6d1-6ae322d85acb
2025-04-01 13:36:24 - [Cluster 1 - CLIENT] - INFO - 
2025-04-01 13:36:24 - [Cluster 1 - CLIENT] - INFO - Received: evaluate message d03a77bb-3b21-4d98-a8d3-30ec612f88a0
2025-04-01 13:36:24 - [Cluster 1 - CLIENT] - INFO - 
2025-04-01 13:36:24 - [Cluster 1 - CLIENT] - INFO - Received: evaluate message 79bc5bc2-db67-4651-a187-e026d0d69f4b
2025-04-01 13:36:24 - [Cluster 1 - CLIENT] - INFO - 
2025-04-01 13:36:24 - [Cluster 1 - CLIENT] - INFO - Received: evaluate message 46fedd55-a65a-41ac-8f72-08d53b349149
2025-04-01 13:36:24 - [Cluster 1 - CLIENT] - INFO - 
2025-04-01 13:36:24 - [Cluster 1 - CLIENT] - INFO - Received: evaluate message 783c4f79-f52d-4bb3-892e-9ef1a12bb20f
2025-04-01 13:36:24 - [Cluster 1 - CLIENT] - INFO - 
2025-04-01 13:36:24 - [Cluster 1 - CLIENT] - INFO - Received: evaluate message 530e7e15-858b-4e2f-b7cc-d9f610c59dfd
2025-04-01 13:36:24 - [Cluster 1 - CLIENT] - INFO - 
2025-04-01 13:36:24 - [Cluster 1 - CLIENT] - INFO - Received: evaluate message 995abdde-a4f1-4c9f-a39d-ec165b43ecaf
2025-04-01 13:36:25 - [Cluster 1 - CLIENT] - INFO - [Store 655] Evaluation - Loss: 0.3620, MAE: 0.4013
2025-04-01 13:36:25 - [Cluster 1 - CLIENT] - INFO - Sent reply
2025-04-01 13:36:25 - [Cluster 1 - CLIENT] - INFO - 
2025-04-01 13:36:25 - [Cluster 1 - CLIENT] - INFO - [Store 906] Evaluation - Loss: 0.2222, MAE: 0.2730
2025-04-01 13:36:25 - [Cluster 1 - CLIENT] - INFO - Received: evaluate message c7fe47a6-2dc8-4106-909d-d83699bea596
2025-04-01 13:36:25 - [Cluster 1 - CLIENT] - INFO - Sent reply
2025-04-01 13:36:25 - [Cluster 1 - CLIENT] - INFO - [Store 938] Evaluation - Loss: 0.1993, MAE: 0.2482
2025-04-01 13:36:26 - [Cluster 1 - CLIENT] - INFO - Sent reply
2025-04-01 13:36:26 - [Cluster 1 - CLIENT] - INFO - [Store 807] Evaluation - Loss: 0.2962, MAE: 0.3526
2025-04-01 13:36:26 - [Cluster 1 - CLIENT] - INFO - [Store 849] Evaluation - Loss: 0.2355, MAE: 0.3045
2025-04-01 13:36:26 - [Cluster 1 - CLIENT] - INFO - Sent reply
2025-04-01 13:36:26 - [Cluster 1 - CLIENT] - INFO - Sent reply
2025-04-01 13:36:26 - [Cluster 1 - CLIENT] - INFO - [Store 665] Evaluation - Loss: 0.2279, MAE: 0.2836
2025-04-01 13:36:26 - [Cluster 1 - CLIENT] - INFO - Sent reply
2025-04-01 13:36:26 - [Cluster 1 - CLIENT] - INFO - [Store 914] Evaluation - Loss: 0.2174, MAE: 0.2805
2025-04-01 13:36:26 - [Cluster 1 - CLIENT] - INFO - Sent reply
2025-04-01 13:36:26 - [Cluster 1 - CLIENT] - INFO - 
2025-04-01 13:36:26 - [Cluster 1 - CLIENT] - INFO - Received: evaluate message c528c2d3-49e6-46d3-a621-8cac574c1a5f
2025-04-01 13:36:26 - [Cluster 1 - CLIENT] - INFO - 
2025-04-01 13:36:26 - [Cluster 1 - CLIENT] - INFO - Received: evaluate message b7ac8011-1efb-4dd0-a455-cf8e6acd7969
2025-04-01 13:36:26 - [Cluster 1 - CLIENT] - INFO - 
2025-04-01 13:36:26 - [Cluster 1 - CLIENT] - INFO - Received: evaluate message e64558ec-5cd9-49cb-8bd0-c20a0b8349d2
2025-04-01 13:36:26 - [Cluster 1 - CLIENT] - INFO - 
2025-04-01 13:36:26 - [Cluster 1 - CLIENT] - INFO - Received: evaluate message 021422ad-8449-4718-baed-af30849917ad
2025-04-01 13:36:26 - [Cluster 1 - CLIENT] - INFO - 
2025-04-01 13:36:26 - [Cluster 1 - CLIENT] - INFO - Received: evaluate message dbc7c687-7e5b-4418-b01a-6bc62492f8ea
2025-04-01 13:36:26 - [Cluster 1 - CLIENT] - INFO - [Store 207] Evaluation - Loss: 0.1840, MAE: 0.2656
2025-04-01 13:36:26 - [Cluster 1 - CLIENT] - INFO - Sent reply
2025-04-01 13:36:26 - [Cluster 1 - CLIENT] - INFO - 
2025-04-01 13:36:26 - [Cluster 1 - CLIENT] - INFO - Received: evaluate message 7016325e-e3b6-4b50-a404-a04fa17b0b07
2025-04-01 13:36:26 - [Cluster 1 - CLIENT] - INFO - 
2025-04-01 13:36:26 - [Cluster 1 - CLIENT] - INFO - Received: evaluate message 29c6cf28-aefc-495c-bc98-054d0bfaaf81
2025-04-01 13:36:26 - [Cluster 1 - CLIENT] - INFO - [Store 431] Evaluation - Loss: 0.3182, MAE: 0.3701
2025-04-01 13:36:26 - [Cluster 1 - CLIENT] - INFO - Sent reply
2025-04-01 13:36:26 - [Cluster 1 - CLIENT] - INFO - 
2025-04-01 13:36:26 - [Cluster 1 - CLIENT] - INFO - Received: evaluate message 28c451dc-8352-43ea-ab9e-57276d9a8c36
2025-04-01 13:36:26 - [Cluster 1 - CLIENT] - INFO - [Store 106] Evaluation - Loss: 0.1963, MAE: 0.2726
2025-04-01 13:36:26 - [Cluster 1 - CLIENT] - INFO - Sent reply
2025-04-01 13:36:26 - [Cluster 1 - CLIENT] - INFO - [Store 524] Evaluation - Loss: 0.2764, MAE: 0.3242
2025-04-01 13:36:26 - [Cluster 1 - CLIENT] - INFO - Sent reply
2025-04-01 13:36:26 - [Cluster 1 - CLIENT] - INFO - 
2025-04-01 13:36:26 - [Cluster 1 - CLIENT] - INFO - Received: evaluate message 58357056-9414-4fd0-9784-851d8181c141
2025-04-01 13:36:26 - [Cluster 1 - CLIENT] - INFO - [Store 562] Evaluation - Loss: 0.5172, MAE: 0.5526
2025-04-01 13:36:26 - [Cluster 1 - CLIENT] - INFO - Sent reply
2025-04-01 13:36:26 - [Cluster 1 - CLIENT] - INFO - [Store 532] Evaluation - Loss: 0.4109, MAE: 0.4286
2025-04-01 13:36:26 - [Cluster 1 - CLIENT] - INFO - 
2025-04-01 13:36:26 - [Cluster 1 - CLIENT] - INFO - Received: evaluate message 7a412ea1-0915-4b52-aff4-972bebe8f4a6
2025-04-01 13:36:26 - [Cluster 1 - CLIENT] - INFO - Sent reply
2025-04-01 13:36:26 - [Cluster 1 - CLIENT] - INFO - 
2025-04-01 13:36:26 - [Cluster 1 - CLIENT] - INFO - Received: evaluate message 1dc44643-8527-48e5-8142-22eb90ebe9ff
2025-04-01 13:36:26 - [Cluster 1 - CLIENT] - INFO - 
2025-04-01 13:36:26 - [Cluster 1 - CLIENT] - INFO - Received: evaluate message 8e901e65-0221-47d6-8297-b2920cbfba6e
2025-04-01 13:36:26 - [Cluster 1 - CLIENT] - INFO - [Store 753] Evaluation - Loss: 0.2407, MAE: 0.3004
2025-04-01 13:36:26 - [Cluster 1 - CLIENT] - INFO - Sent reply
2025-04-01 13:36:26 - [Cluster 1 - CLIENT] - INFO - [Store 384] Evaluation - Loss: 0.2507, MAE: 0.3296
2025-04-01 13:36:26 - [Cluster 1 - CLIENT] - INFO - Sent reply
2025-04-01 13:36:26 - [Cluster 1 - CLIENT] - INFO - 
2025-04-01 13:36:26 - [Cluster 1 - CLIENT] - INFO - Received: evaluate message 28962d15-c86a-40f2-901b-e8ce614db251
2025-04-01 13:36:26 - [Cluster 1 - CLIENT] - INFO - 
2025-04-01 13:36:26 - [Cluster 1 - CLIENT] - INFO - Received: evaluate message fcd04bb4-d3fc-40f3-917b-e27f2e9a3db7
2025-04-01 13:36:27 - [Cluster 1 - CLIENT] - INFO - [Store 382] Evaluation - Loss: 0.2073, MAE: 0.2942
2025-04-01 13:36:27 - [Cluster 1 - CLIENT] - INFO - Sent reply
2025-04-01 13:36:27 - [Cluster 1 - CLIENT] - INFO - [Store 211] Evaluation - Loss: 0.2515, MAE: 0.3363
2025-04-01 13:36:27 - [Cluster 1 - CLIENT] - INFO - Sent reply
2025-04-01 13:36:27 - [Cluster 1 - CLIENT] - INFO - [Store 579] Evaluation - Loss: 0.2276, MAE: 0.3037
2025-04-01 13:36:27 - [Cluster 1 - CLIENT] - INFO - Sent reply
2025-04-01 13:36:27 - [Cluster 1 - CLIENT] - INFO - [Store 809] Evaluation - Loss: 0.2788, MAE: 0.3433
2025-04-01 13:36:27 - [Cluster 1 - CLIENT] - INFO - Sent reply
2025-04-01 13:36:27 - [Cluster 1 - CLIENT] - INFO - [Store 1033] Evaluation - Loss: 0.2241, MAE: 0.2872
2025-04-01 13:36:27 - [Cluster 1 - CLIENT] - INFO - Sent reply
2025-04-01 13:36:27 - [Cluster 1 - CLIENT] - INFO - [Store 755] Evaluation - Loss: 0.2537, MAE: 0.2939
2025-04-01 13:36:27 - [Cluster 1 - CLIENT] - INFO - [Store 608] Evaluation - Loss: 0.2567, MAE: 0.3446
2025-04-01 13:36:27 - [Cluster 1 - CLIENT] - INFO - Sent reply
2025-04-01 13:36:27 - [Cluster 1 - CLIENT] - INFO - Sent reply
2025-04-01 13:36:27 - [Cluster 1 - CLIENT] - INFO - [Store 615] Evaluation - Loss: 0.2265, MAE: 0.2623
2025-04-01 13:36:27 - [Cluster 1 - CLIENT] - INFO - Sent reply
2025-04-01 13:36:27 - [Cluster 1 - CLIENT] - INFO - [Store 999] Evaluation - Loss: 0.2010, MAE: 0.3030
2025-04-01 13:36:27 - [Cluster 1 - CLIENT] - INFO - Sent reply
2025-04-01 13:36:27 - [Cluster 1 - CLIENT] - INFO - [Store 527] Evaluation - Loss: 0.2857, MAE: 0.3344
2025-04-01 13:36:27 - [Cluster 1 - CLIENT] - INFO - Sent reply
2025-04-01 13:36:27 - [Cluster 1 - CLIENT] - INFO - [Store 195] Evaluation - Loss: 0.3107, MAE: 0.3627
2025-04-01 13:36:27 - [Cluster 1 - CLIENT] - INFO - Sent reply
2025-04-01 13:36:27 - [Cluster 1 - CLIENT] - INFO - [Store 682] Evaluation - Loss: 0.3282, MAE: 0.4547
2025-04-01 13:36:27 - [Cluster 1 - CLIENT] - INFO - Sent reply
2025-04-01 13:36:27 - [Cluster 1 - CLIENT] - INFO - [Store 269] Evaluation - Loss: 0.2620, MAE: 0.3496
2025-04-01 13:36:27 - [Cluster 1 - CLIENT] - INFO - Sent reply
2025-04-01 13:36:27 - [Cluster 1 - CLIENT] - INFO - [Store 699] Evaluation - Loss: 0.5462, MAE: 0.3822
2025-04-01 13:36:27 - [Cluster 1 - CLIENT] - INFO - Sent reply
2025-04-01 13:36:27 - [Cluster 1 - CLIENT] - INFO - [Store 526] Evaluation - Loss: 0.1903, MAE: 0.2809
2025-04-01 13:36:27 - [Cluster 1 - CLIENT] - INFO - Sent reply
2025-04-01 13:36:27 - [Cluster 1 - CLIENT] - INFO - 
2025-04-01 13:36:27 - [Cluster 1 - CLIENT] - INFO - Received: train message c0a0cfd5-0140-4069-baa0-4a65348e403e
2025-04-01 13:36:27 - [Cluster 1 - CLIENT] - INFO - [Store 526] Starting local training.
2025-04-01 13:36:27 - [Cluster 1 - CLIENT] - INFO - 
2025-04-01 13:36:27 - [Cluster 1 - CLIENT] - INFO - Received: train message 3a55befd-6ce2-4310-afa0-e07f416d2ce4
2025-04-01 13:36:27 - [Cluster 1 - CLIENT] - INFO - 
2025-04-01 13:36:27 - [Cluster 1 - CLIENT] - INFO - Received: train message 3d79acbe-3072-473c-9630-e41de1770ba6
2025-04-01 13:36:28 - [Cluster 1 - CLIENT] - INFO - 
2025-04-01 13:36:28 - [Cluster 1 - CLIENT] - INFO - Received: train message 8fb3a731-fb85-470b-bc09-b863dc005e00
2025-04-01 13:36:28 - [Cluster 1 - CLIENT] - INFO - [Store 527] Starting local training.
2025-04-01 13:36:28 - [Cluster 1 - CLIENT] - INFO - [Store 755] Starting local training.
2025-04-01 13:36:28 - [Cluster 1 - CLIENT] - INFO - 
2025-04-01 13:36:28 - [Cluster 1 - CLIENT] - INFO - Received: train message 1e58fe57-1ea7-4e11-9bc8-66fd818ad765
2025-04-01 13:36:28 - [Cluster 1 - CLIENT] - INFO - 
2025-04-01 13:36:28 - [Cluster 1 - CLIENT] - INFO - Received: train message b59e74f7-ec1e-491e-b4d7-485e9cc88946
2025-04-01 13:36:28 - [Cluster 1 - CLIENT] - INFO - 
2025-04-01 13:36:28 - [Cluster 1 - CLIENT] - INFO - Received: train message 36005a64-6789-4616-8b9c-92fc266c2a2f
2025-04-01 13:36:28 - [Cluster 1 - CLIENT] - INFO - 
2025-04-01 13:36:28 - [Cluster 1 - CLIENT] - INFO - Received: train message 1dd0c3e7-8f3a-4237-b9f8-4f172cb439d9
2025-04-01 13:36:28 - [Cluster 1 - CLIENT] - INFO - 
2025-04-01 13:36:28 - [Cluster 1 - CLIENT] - INFO - Received: train message e928e5f7-3ff1-43fe-a76c-9cbf878ef8c6
2025-04-01 13:36:28 - [Cluster 1 - CLIENT] - INFO - 
2025-04-01 13:36:28 - [Cluster 1 - CLIENT] - INFO - Received: train message 27baad82-ca6c-4243-b068-c690dcfa276d
2025-04-01 13:36:28 - [Cluster 1 - CLIENT] - INFO - 
2025-04-01 13:36:28 - [Cluster 1 - CLIENT] - INFO - Received: train message 1f9b1f6a-2ee6-4397-87cd-86f2c0223aa2
2025-04-01 13:36:28 - [Cluster 1 - CLIENT] - INFO - [Store 431] Starting local training.
2025-04-01 13:36:28 - [Cluster 1 - CLIENT] - INFO - [Store 269] Starting local training.
2025-04-01 13:36:28 - [Cluster 1 - CLIENT] - INFO - 
2025-04-01 13:36:28 - [Cluster 1 - CLIENT] - INFO - Received: train message 0c87965c-4ecc-4aeb-8568-a741459085ba
2025-04-01 13:36:28 - [Cluster 1 - CLIENT] - INFO - [Store 211] Starting local training.
2025-04-01 13:36:28 - [Cluster 1 - CLIENT] - INFO - [Store 1033] Starting local training.
2025-04-01 13:36:28 - [Cluster 1 - CLIENT] - INFO - 
2025-04-01 13:36:28 - [Cluster 1 - CLIENT] - INFO - Received: train message 8d466d8e-adc5-4bd1-b797-8d5bb4973eef
2025-04-01 13:36:28 - [Cluster 1 - CLIENT] - INFO - [Store 655] Starting local training.
2025-04-01 13:36:28 - [Cluster 1 - CLIENT] - INFO - [Store 809] Starting local training.
2025-04-01 13:36:28 - [Cluster 1 - CLIENT] - INFO - 
2025-04-01 13:36:28 - [Cluster 1 - CLIENT] - INFO - Received: train message e98cb143-4ae2-4bc7-96ab-e1a33c346777
2025-04-01 13:36:28 - [Cluster 1 - CLIENT] - INFO - [Store 665] Starting local training.
2025-04-01 13:36:28 - [Cluster 1 - CLIENT] - INFO - [Store 682] Starting local training.
2025-04-01 13:36:28 - [Cluster 1 - CLIENT] - INFO - [Store 608] Starting local training.
2025-04-01 13:36:28 - [Cluster 1 - CLIENT] - INFO - 
2025-04-01 13:36:28 - [Cluster 1 - CLIENT] - INFO - Received: train message 76f1c306-d3d6-4ea4-b0c0-98ed9480c5d0
2025-04-01 13:36:28 - [Cluster 1 - CLIENT] - INFO - [Store 524] Starting local training.
2025-04-01 13:36:28 - [Cluster 1 - CLIENT] - INFO - [Store 562] Starting local training.
2025-04-01 13:36:28 - [Cluster 1 - CLIENT] - INFO - [Store 938] Starting local training.
2025-04-01 13:40:44 - [Cluster 1 - CLIENT] - INFO - [Store 431] Local training complete.
2025-04-01 13:40:44 - [Cluster 1 - CLIENT] - INFO - Sent reply
2025-04-01 13:40:44 - [Cluster 1 - CLIENT] - INFO - 
2025-04-01 13:40:44 - [Cluster 1 - CLIENT] - INFO - Received: train message da4fb5b5-384b-4668-9885-afa80286cbc7
2025-04-01 13:40:45 - [Cluster 1 - CLIENT] - INFO - [Store 914] Starting local training.
2025-04-01 13:40:46 - [Cluster 1 - CLIENT] - INFO - [Store 527] Local training complete.
2025-04-01 13:40:46 - [Cluster 1 - CLIENT] - INFO - Sent reply
2025-04-01 13:40:46 - [Cluster 1 - CLIENT] - INFO - 
2025-04-01 13:40:46 - [Cluster 1 - CLIENT] - INFO - Received: train message 87daf547-3430-4d0d-88af-7355f9c02b89
2025-04-01 13:40:47 - [Cluster 1 - CLIENT] - INFO - [Store 207] Starting local training.
2025-04-01 13:40:47 - [Cluster 1 - CLIENT] - INFO - [Store 1033] Local training complete.
2025-04-01 13:40:47 - [Cluster 1 - CLIENT] - INFO - Sent reply
2025-04-01 13:40:47 - [Cluster 1 - CLIENT] - INFO - 
2025-04-01 13:40:47 - [Cluster 1 - CLIENT] - INFO - Received: train message 18fc49ab-3141-4f0f-af26-4f08b8ebcbb5
2025-04-01 13:40:47 - [Cluster 1 - CLIENT] - INFO - [Store 849] Starting local training.
2025-04-01 13:40:49 - [Cluster 1 - CLIENT] - INFO - [Store 755] Local training complete.
2025-04-01 13:40:49 - [Cluster 1 - CLIENT] - INFO - [Store 938] Local training complete.
2025-04-01 13:40:49 - [Cluster 1 - CLIENT] - INFO - Sent reply
2025-04-01 13:40:49 - [Cluster 1 - CLIENT] - INFO - 
2025-04-01 13:40:49 - [Cluster 1 - CLIENT] - INFO - Sent reply
2025-04-01 13:40:49 - [Cluster 1 - CLIENT] - INFO - Received: train message deb52faa-6caf-4541-b925-74893b82f687
2025-04-01 13:40:49 - [Cluster 1 - CLIENT] - INFO - 
2025-04-01 13:40:49 - [Cluster 1 - CLIENT] - INFO - Received: train message 62fa1d37-1ed3-4dd2-99b5-03637282fb21
2025-04-01 13:40:49 - [Cluster 1 - CLIENT] - INFO - [Store 579] Starting local training.
2025-04-01 13:40:49 - [Cluster 1 - CLIENT] - INFO - [Store 753] Starting local training.
2025-04-01 13:40:50 - [Cluster 1 - CLIENT] - INFO - [Store 211] Local training complete.
2025-04-01 13:40:50 - [Cluster 1 - CLIENT] - INFO - Sent reply
2025-04-01 13:40:50 - [Cluster 1 - CLIENT] - INFO - 
2025-04-01 13:40:50 - [Cluster 1 - CLIENT] - INFO - Received: train message 532f4438-c666-4aed-8d64-e1805a41baa8
2025-04-01 13:40:50 - [Cluster 1 - CLIENT] - INFO - [Store 809] Local training complete.
2025-04-01 13:40:50 - [Cluster 1 - CLIENT] - INFO - Sent reply
2025-04-01 13:40:50 - [Cluster 1 - CLIENT] - INFO - [Store 384] Starting local training.
2025-04-01 13:40:50 - [Cluster 1 - CLIENT] - INFO - 
2025-04-01 13:40:50 - [Cluster 1 - CLIENT] - INFO - Received: train message f0fadebb-57fd-44b4-a573-79e2e4dbf8cf
2025-04-01 13:40:50 - [Cluster 1 - CLIENT] - INFO - [Store 807] Starting local training.
2025-04-01 13:40:52 - [Cluster 1 - CLIENT] - INFO - [Store 655] Local training complete.
2025-04-01 13:40:52 - [Cluster 1 - CLIENT] - INFO - [Store 682] Local training complete.
2025-04-01 13:40:52 - [Cluster 1 - CLIENT] - INFO - Sent reply
2025-04-01 13:40:52 - [Cluster 1 - CLIENT] - INFO - Sent reply
2025-04-01 13:40:52 - [Cluster 1 - CLIENT] - INFO - 
2025-04-01 13:40:52 - [Cluster 1 - CLIENT] - INFO - Received: train message 421f7c8e-ee72-4ed3-80bd-1f596ac390c8
2025-04-01 13:40:52 - [Cluster 1 - CLIENT] - INFO - 
2025-04-01 13:40:52 - [Cluster 1 - CLIENT] - INFO - Received: train message 44d3bdff-1983-469a-9e08-838b24355822
2025-04-01 13:40:53 - [Cluster 1 - CLIENT] - INFO - [Store 999] Starting local training.
2025-04-01 13:40:53 - [Cluster 1 - CLIENT] - INFO - [Store 532] Starting local training.
2025-04-01 13:40:53 - [Cluster 1 - CLIENT] - INFO - [Store 608] Local training complete.
2025-04-01 13:40:53 - [Cluster 1 - CLIENT] - INFO - Sent reply
2025-04-01 13:40:53 - [Cluster 1 - CLIENT] - INFO - [Store 524] Local training complete.
2025-04-01 13:40:53 - [Cluster 1 - CLIENT] - INFO - 
2025-04-01 13:40:53 - [Cluster 1 - CLIENT] - INFO - Received: train message 49841805-4684-456e-b43b-8c1322612d28
2025-04-01 13:40:53 - [Cluster 1 - CLIENT] - INFO - [Store 106] Starting local training.
2025-04-01 13:40:53 - [Cluster 1 - CLIENT] - INFO - Sent reply
2025-04-01 13:40:53 - [Cluster 1 - CLIENT] - INFO - 
2025-04-01 13:40:53 - [Cluster 1 - CLIENT] - INFO - Received: train message b0696bca-e415-455f-b6ba-7598869b7b53
2025-04-01 13:40:53 - [Cluster 1 - CLIENT] - INFO - [Store 382] Starting local training.
2025-04-01 13:40:56 - [Cluster 1 - CLIENT] - INFO - [Store 665] Local training complete.
2025-04-01 13:40:56 - [Cluster 1 - CLIENT] - INFO - Sent reply
2025-04-01 13:40:56 - [Cluster 1 - CLIENT] - INFO - 
2025-04-01 13:40:56 - [Cluster 1 - CLIENT] - INFO - Received: train message ef040e44-5664-4547-ab2b-8c33e2784f3d
2025-04-01 13:40:56 - [Cluster 1 - CLIENT] - INFO - [Store 562] Local training complete.
2025-04-01 13:40:56 - [Cluster 1 - CLIENT] - INFO - [Store 195] Starting local training.
2025-04-01 13:40:56 - [Cluster 1 - CLIENT] - INFO - Sent reply
2025-04-01 13:40:56 - [Cluster 1 - CLIENT] - INFO - 
2025-04-01 13:40:56 - [Cluster 1 - CLIENT] - INFO - Received: train message 30b46f27-0522-402c-ae18-128319c48bbb
2025-04-01 13:40:56 - [Cluster 1 - CLIENT] - INFO - [Store 615] Starting local training.
2025-04-01 13:40:59 - [Cluster 1 - CLIENT] - INFO - [Store 526] Local training complete.
2025-04-01 13:40:59 - [Cluster 1 - CLIENT] - INFO - Sent reply
2025-04-01 13:40:59 - [Cluster 1 - CLIENT] - INFO - 
2025-04-01 13:40:59 - [Cluster 1 - CLIENT] - INFO - Received: train message f9cdcf21-e7a2-403d-bd77-429494add9a7
2025-04-01 13:41:00 - [Cluster 1 - CLIENT] - INFO - [Store 906] Starting local training.
2025-04-01 13:41:03 - [Cluster 1 - CLIENT] - INFO - [Store 269] Local training complete.
2025-04-01 13:41:03 - [Cluster 1 - CLIENT] - INFO - Sent reply
2025-04-01 13:41:03 - [Cluster 1 - CLIENT] - INFO - 
2025-04-01 13:41:03 - [Cluster 1 - CLIENT] - INFO - Received: train message 2206e488-e3a6-4028-a81c-45bc0b238e2d
2025-04-01 13:41:03 - [Cluster 1 - CLIENT] - INFO - [Store 699] Starting local training.
2025-04-01 13:45:08 - [Cluster 1 - CLIENT] - INFO - [Store 914] Local training complete.
2025-04-01 13:45:09 - [Cluster 1 - CLIENT] - INFO - Sent reply
2025-04-01 13:45:13 - [Cluster 1 - CLIENT] - INFO - [Store 753] Local training complete.
2025-04-01 13:45:13 - [Cluster 1 - CLIENT] - INFO - Sent reply
2025-04-01 13:45:16 - [Cluster 1 - CLIENT] - INFO - [Store 382] Local training complete.
2025-04-01 13:45:16 - [Cluster 1 - CLIENT] - INFO - Sent reply
2025-04-01 13:45:18 - [Cluster 1 - CLIENT] - INFO - [Store 807] Local training complete.
2025-04-01 13:45:18 - [Cluster 1 - CLIENT] - INFO - Sent reply
2025-04-01 13:45:19 - [Cluster 1 - CLIENT] - INFO - [Store 849] Local training complete.
2025-04-01 13:45:19 - [Cluster 1 - CLIENT] - INFO - [Store 999] Local training complete.
2025-04-01 13:45:19 - [Cluster 1 - CLIENT] - INFO - Sent reply
2025-04-01 13:45:19 - [Cluster 1 - CLIENT] - INFO - Sent reply
2025-04-01 13:45:19 - [Cluster 1 - CLIENT] - INFO - [Store 195] Local training complete.
2025-04-01 13:45:19 - [Cluster 1 - CLIENT] - INFO - Sent reply
2025-04-01 13:45:19 - [Cluster 1 - CLIENT] - INFO - [Store 106] Local training complete.
2025-04-01 13:45:19 - [Cluster 1 - CLIENT] - INFO - Sent reply
2025-04-01 13:45:20 - [Cluster 1 - CLIENT] - INFO - [Store 532] Local training complete.
2025-04-01 13:45:20 - [Cluster 1 - CLIENT] - INFO - Sent reply
2025-04-01 13:45:20 - [Cluster 1 - CLIENT] - INFO - [Store 384] Local training complete.
2025-04-01 13:45:20 - [Cluster 1 - CLIENT] - INFO - Sent reply
2025-04-01 13:45:20 - [Cluster 1 - CLIENT] - INFO - [Store 579] Local training complete.
2025-04-01 13:45:20 - [Cluster 1 - CLIENT] - INFO - Sent reply
2025-04-01 13:45:20 - [Cluster 1 - CLIENT] - INFO - [Store 615] Local training complete.
2025-04-01 13:45:20 - [Cluster 1 - CLIENT] - INFO - Sent reply
2025-04-01 13:45:21 - [Cluster 1 - CLIENT] - INFO - [Store 906] Local training complete.
2025-04-01 13:45:21 - [Cluster 1 - CLIENT] - INFO - Sent reply
2025-04-01 13:45:21 - [Cluster 1 - CLIENT] - INFO - [Store 207] Local training complete.
2025-04-01 13:45:21 - [Cluster 1 - CLIENT] - INFO - Sent reply
2025-04-01 13:45:21 - [Cluster 1 - CLIENT] - INFO - [Store 699] Local training complete.
2025-04-01 13:45:21 - [Cluster 1 - CLIENT] - INFO - Sent reply
2025-04-01 13:45:21 - [Cluster 1 - CLIENT] - INFO - 
2025-04-01 13:45:21 - [Cluster 1 - CLIENT] - INFO - Received: evaluate message 29cf5668-5916-4816-b792-880c39f781dd
2025-04-01 13:45:21 - [Cluster 1 - CLIENT] - INFO - 
2025-04-01 13:45:21 - [Cluster 1 - CLIENT] - INFO - Received: evaluate message dcc793ca-0323-43ff-98a5-c6896d1e312a
2025-04-01 13:45:21 - [Cluster 1 - CLIENT] - INFO - 
2025-04-01 13:45:21 - [Cluster 1 - CLIENT] - INFO - Received: evaluate message fad79e06-961a-4e48-a74d-21aba6ef9b47
2025-04-01 13:45:21 - [Cluster 1 - CLIENT] - INFO - 
2025-04-01 13:45:21 - [Cluster 1 - CLIENT] - INFO - Received: evaluate message a5d24fb1-5d49-4ddc-8210-0f804740ad93
2025-04-01 13:45:21 - [Cluster 1 - CLIENT] - INFO - 
2025-04-01 13:45:21 - [Cluster 1 - CLIENT] - INFO - 
2025-04-01 13:45:21 - [Cluster 1 - CLIENT] - INFO - Received: evaluate message 21a6d29c-8e3b-484b-b440-2df60257a893
2025-04-01 13:45:21 - [Cluster 1 - CLIENT] - INFO - Received: evaluate message f1deb82b-df8a-4fdc-be55-399bc3a56586
2025-04-01 13:45:21 - [Cluster 1 - CLIENT] - INFO - 
2025-04-01 13:45:21 - [Cluster 1 - CLIENT] - INFO - 
2025-04-01 13:45:21 - [Cluster 1 - CLIENT] - INFO - Received: evaluate message bc78a52c-2e21-4def-9f5b-a9dd994e68c3
2025-04-01 13:45:21 - [Cluster 1 - CLIENT] - INFO - 
2025-04-01 13:45:21 - [Cluster 1 - CLIENT] - INFO - Received: evaluate message f3ea4729-f4a7-4ac8-932d-054466952db8
2025-04-01 13:45:21 - [Cluster 1 - CLIENT] - INFO - Received: evaluate message 5e3ead87-434a-4650-9ffc-1b8cb48eed63
2025-04-01 13:45:21 - [Cluster 1 - CLIENT] - INFO - 
2025-04-01 13:45:21 - [Cluster 1 - CLIENT] - INFO - Received: evaluate message 21875bd1-30c8-4932-a2d6-1026e7057c41
2025-04-01 13:45:21 - [Cluster 1 - CLIENT] - INFO - 
2025-04-01 13:45:21 - [Cluster 1 - CLIENT] - INFO - Received: evaluate message 1c1ae797-922e-4a9f-bf54-ef46b269ed1f
2025-04-01 13:45:21 - [Cluster 1 - CLIENT] - INFO - 
2025-04-01 13:45:21 - [Cluster 1 - CLIENT] - INFO - Received: evaluate message d0cd0ed0-1ca2-40d2-8529-689f0166f74b
2025-04-01 13:45:22 - [Cluster 1 - CLIENT] - INFO - 
2025-04-01 13:45:22 - [Cluster 1 - CLIENT] - INFO - 
2025-04-01 13:45:22 - [Cluster 1 - CLIENT] - INFO - Received: evaluate message 8ee94cdc-0438-47a4-af2b-572d8cf3ddc1
2025-04-01 13:45:22 - [Cluster 1 - CLIENT] - INFO - Received: evaluate message ff756e04-9b1b-484c-9616-5547b9a39274
2025-04-01 13:45:22 - [Cluster 1 - CLIENT] - INFO - 
2025-04-01 13:45:22 - [Cluster 1 - CLIENT] - INFO - Received: evaluate message e967cdc9-2bc7-48c2-a557-2b118793670f
2025-04-01 13:45:23 - [Cluster 1 - CLIENT] - INFO - [Store 809] Evaluation - Loss: 0.2881, MAE: 0.3653
2025-04-01 13:45:23 - [Cluster 1 - CLIENT] - INFO - Sent reply
2025-04-01 13:45:23 - [Cluster 1 - CLIENT] - INFO - [Store 526] Evaluation - Loss: 0.1996, MAE: 0.3054
2025-04-01 13:45:23 - [Cluster 1 - CLIENT] - INFO - [Store 384] Evaluation - Loss: 0.2559, MAE: 0.3470
2025-04-01 13:45:23 - [Cluster 1 - CLIENT] - INFO - Sent reply
2025-04-01 13:45:23 - [Cluster 1 - CLIENT] - INFO - [Store 699] Evaluation - Loss: 0.4884, MAE: 0.3945
2025-04-01 13:45:23 - [Cluster 1 - CLIENT] - INFO - Sent reply
2025-04-01 13:45:23 - [Cluster 1 - CLIENT] - INFO - 
2025-04-01 13:45:23 - [Cluster 1 - CLIENT] - INFO - Received: evaluate message 7388faaf-41b2-4b0b-8c83-22b58a8b72dd
2025-04-01 13:45:23 - [Cluster 1 - CLIENT] - INFO - Sent reply
2025-04-01 13:45:23 - [Cluster 1 - CLIENT] - INFO - 
2025-04-01 13:45:23 - [Cluster 1 - CLIENT] - INFO - Received: evaluate message 707306a1-047a-442f-b1e0-57e1ba2e1aab
2025-04-01 13:45:23 - [Cluster 1 - CLIENT] - INFO - [Store 682] Evaluation - Loss: 0.3323, MAE: 0.4587
2025-04-01 13:45:23 - [Cluster 1 - CLIENT] - INFO - 
2025-04-01 13:45:23 - [Cluster 1 - CLIENT] - INFO - Received: evaluate message fa0405a2-f9fc-466b-b274-9ae5f6d7f591
2025-04-01 13:45:23 - [Cluster 1 - CLIENT] - INFO - 
2025-04-01 13:45:23 - [Cluster 1 - CLIENT] - INFO - Sent reply
2025-04-01 13:45:23 - [Cluster 1 - CLIENT] - INFO - Received: evaluate message d9733f33-d95d-4587-b8ef-e1884abb9de5
2025-04-01 13:45:23 - [Cluster 1 - CLIENT] - INFO - [Store 106] Evaluation - Loss: 0.1976, MAE: 0.2867
2025-04-01 13:45:23 - [Cluster 1 - CLIENT] - INFO - [Store 938] Evaluation - Loss: 0.2022, MAE: 0.2629
2025-04-01 13:45:23 - [Cluster 1 - CLIENT] - INFO - [Store 269] Evaluation - Loss: 0.2679, MAE: 0.3653
2025-04-01 13:45:23 - [Cluster 1 - CLIENT] - INFO - Sent reply
2025-04-01 13:45:23 - [Cluster 1 - CLIENT] - INFO - Sent reply
2025-04-01 13:45:23 - [Cluster 1 - CLIENT] - INFO - Sent reply
2025-04-01 13:45:23 - [Cluster 1 - CLIENT] - INFO - [Store 382] Evaluation - Loss: 0.2127, MAE: 0.3148
2025-04-01 13:45:23 - [Cluster 1 - CLIENT] - INFO - [Store 615] Evaluation - Loss: 0.2281, MAE: 0.2784
2025-04-01 13:45:23 - [Cluster 1 - CLIENT] - INFO - Sent reply
2025-04-01 13:45:23 - [Cluster 1 - CLIENT] - INFO - Sent reply
2025-04-01 13:45:23 - [Cluster 1 - CLIENT] - INFO - [Store 195] Evaluation - Loss: 0.3069, MAE: 0.3652
2025-04-01 13:45:23 - [Cluster 1 - CLIENT] - INFO - Sent reply
2025-04-01 13:45:23 - [Cluster 1 - CLIENT] - INFO - 
2025-04-01 13:45:23 - [Cluster 1 - CLIENT] - INFO - Received: evaluate message 21c3c6ed-75d4-4868-901d-67882d7767a8
2025-04-01 13:45:23 - [Cluster 1 - CLIENT] - INFO - 
2025-04-01 13:45:23 - [Cluster 1 - CLIENT] - INFO - Received: evaluate message 4f42bf54-8090-4ffc-8127-ea9bb587f662
2025-04-01 13:45:23 - [Cluster 1 - CLIENT] - INFO - 
2025-04-01 13:45:23 - [Cluster 1 - CLIENT] - INFO - Received: evaluate message 400c1366-dad4-425f-bea8-728f6e09c907
2025-04-01 13:45:23 - [Cluster 1 - CLIENT] - INFO - 
2025-04-01 13:45:24 - [Cluster 1 - CLIENT] - INFO - Received: evaluate message 54d78622-87c5-43ad-9b67-7eb8b9cd954f
2025-04-01 13:45:24 - [Cluster 1 - CLIENT] - INFO - 
2025-04-01 13:45:23 - [Cluster 1 - CLIENT] - INFO - 
2025-04-01 13:45:24 - [Cluster 1 - CLIENT] - INFO - 
2025-04-01 13:45:24 - [Cluster 1 - CLIENT] - INFO - Received: evaluate message b2aedec1-4c96-4a25-a78f-b48fc57ddd90
2025-04-01 13:45:24 - [Cluster 1 - CLIENT] - INFO - Received: evaluate message 613c13c6-95e6-4e7d-885b-3856b9865bb4
2025-04-01 13:45:24 - [Cluster 1 - CLIENT] - INFO - [Store 608] Evaluation - Loss: 0.2653, MAE: 0.3645
2025-04-01 13:45:24 - [Cluster 1 - CLIENT] - INFO - Received: evaluate message 38e875fc-b5cc-431b-a74c-9ba3d864811a
2025-04-01 13:45:24 - [Cluster 1 - CLIENT] - INFO - Sent reply
2025-04-01 13:45:24 - [Cluster 1 - CLIENT] - INFO - 
2025-04-01 13:45:24 - [Cluster 1 - CLIENT] - INFO - Received: evaluate message a9061f83-d54d-4d8c-8e5a-aa25c1fa7f79
2025-04-01 13:45:24 - [Cluster 1 - CLIENT] - INFO - [Store 431] Evaluation - Loss: 0.3128, MAE: 0.3654
2025-04-01 13:45:24 - [Cluster 1 - CLIENT] - INFO - Sent reply
2025-04-01 13:45:24 - [Cluster 1 - CLIENT] - INFO - [Store 665] Evaluation - Loss: 0.2320, MAE: 0.2992
2025-04-01 13:45:24 - [Cluster 1 - CLIENT] - INFO - Sent reply
2025-04-01 13:45:24 - [Cluster 1 - CLIENT] - INFO - [Store 655] Evaluation - Loss: 0.3676, MAE: 0.4212
2025-04-01 13:45:24 - [Cluster 1 - CLIENT] - INFO - Sent reply
2025-04-01 13:45:24 - [Cluster 1 - CLIENT] - INFO - 
2025-04-01 13:45:24 - [Cluster 1 - CLIENT] - INFO - 
2025-04-01 13:45:24 - [Cluster 1 - CLIENT] - INFO - Received: evaluate message e6c615ec-adef-482b-b444-06e7adda31e0
2025-04-01 13:45:24 - [Cluster 1 - CLIENT] - INFO - Received: evaluate message 8d3f8751-1a88-4dc9-8aab-4187411e26bf
2025-04-01 13:45:24 - [Cluster 1 - CLIENT] - INFO - 
2025-04-01 13:45:24 - [Cluster 1 - CLIENT] - INFO - Received: evaluate message 6c89f9d9-eddc-469c-9a5c-0d13f685b92f
2025-04-01 13:45:25 - [Cluster 1 - CLIENT] - INFO - [Store 207] Evaluation - Loss: 0.1943, MAE: 0.2904
2025-04-01 13:45:25 - [Cluster 1 - CLIENT] - INFO - Sent reply
2025-04-01 13:45:25 - [Cluster 1 - CLIENT] - INFO - [Store 807] Evaluation - Loss: 0.2888, MAE: 0.3453
2025-04-01 13:45:25 - [Cluster 1 - CLIENT] - INFO - Sent reply
2025-04-01 13:45:25 - [Cluster 1 - CLIENT] - INFO - [Store 562] Evaluation - Loss: 0.5066, MAE: 0.5471
2025-04-01 13:45:25 - [Cluster 1 - CLIENT] - INFO - Sent reply
2025-04-01 13:45:25 - [Cluster 1 - CLIENT] - INFO - [Store 999] Evaluation - Loss: 0.2114, MAE: 0.3258
2025-04-01 13:45:25 - [Cluster 1 - CLIENT] - INFO - [Store 211] Evaluation - Loss: 0.2540, MAE: 0.3503
2025-04-01 13:45:25 - [Cluster 1 - CLIENT] - INFO - [Store 532] Evaluation - Loss: 0.3959, MAE: 0.4082
2025-04-01 13:45:25 - [Cluster 1 - CLIENT] - INFO - Sent reply
2025-04-01 13:45:25 - [Cluster 1 - CLIENT] - INFO - Sent reply
2025-04-01 13:45:25 - [Cluster 1 - CLIENT] - INFO - Sent reply
2025-04-01 13:45:25 - [Cluster 1 - CLIENT] - INFO - [Store 579] Evaluation - Loss: 0.2314, MAE: 0.3180
2025-04-01 13:45:25 - [Cluster 1 - CLIENT] - INFO - [Store 753] Evaluation - Loss: 0.2427, MAE: 0.3174
2025-04-01 13:45:25 - [Cluster 1 - CLIENT] - INFO - Sent reply
2025-04-01 13:45:25 - [Cluster 1 - CLIENT] - INFO - [Store 906] Evaluation - Loss: 0.2254, MAE: 0.2911
2025-04-01 13:45:25 - [Cluster 1 - CLIENT] - INFO - Sent reply
2025-04-01 13:45:25 - [Cluster 1 - CLIENT] - INFO - [Store 914] Evaluation - Loss: 0.2190, MAE: 0.2916
2025-04-01 13:45:25 - [Cluster 1 - CLIENT] - INFO - [Store 524] Evaluation - Loss: 0.2684, MAE: 0.3226
2025-04-01 13:45:25 - [Cluster 1 - CLIENT] - INFO - Sent reply
2025-04-01 13:45:25 - [Cluster 1 - CLIENT] - INFO - Sent reply
2025-04-01 13:45:25 - [Cluster 1 - CLIENT] - INFO - Sent reply
2025-04-01 13:45:25 - [Cluster 1 - CLIENT] - INFO - [Store 527] Evaluation - Loss: 0.2796, MAE: 0.3315
2025-04-01 13:45:25 - [Cluster 1 - CLIENT] - INFO - Sent reply
2025-04-01 13:45:25 - [Cluster 1 - CLIENT] - INFO - [Store 1033] Evaluation - Loss: 0.2290, MAE: 0.3062
2025-04-01 13:45:25 - [Cluster 1 - CLIENT] - INFO - Sent reply
2025-04-01 13:45:25 - [Cluster 1 - CLIENT] - INFO - [Store 849] Evaluation - Loss: 0.2326, MAE: 0.3027
2025-04-01 13:45:25 - [Cluster 1 - CLIENT] - INFO - [Store 755] Evaluation - Loss: 0.2544, MAE: 0.3059
2025-04-01 13:45:25 - [Cluster 1 - CLIENT] - INFO - Sent reply
2025-04-01 13:45:25 - [Cluster 1 - CLIENT] - INFO - Sent reply
2025-04-01 13:45:25 - [Cluster 1 - CLIENT] - INFO - 
2025-04-01 13:45:25 - [Cluster 1 - CLIENT] - INFO - Received: train message ed125515-ef9b-4bed-a6c4-9f62f2dd4475
2025-04-01 13:45:25 - [Cluster 1 - CLIENT] - INFO - [Store 579] Starting local training.
2025-04-01 13:45:25 - [Cluster 1 - CLIENT] - INFO - 
2025-04-01 13:45:25 - [Cluster 1 - CLIENT] - INFO - Received: train message 3c35bd71-4b5c-476f-9059-f7eca93c40b6
2025-04-01 13:45:25 - [Cluster 1 - CLIENT] - INFO - 
2025-04-01 13:45:25 - [Cluster 1 - CLIENT] - INFO - Received: train message 73a10c59-aba5-4b2f-a5ed-b53384664a4f
2025-04-01 13:45:25 - [Cluster 1 - CLIENT] - INFO - 
2025-04-01 13:45:25 - [Cluster 1 - CLIENT] - INFO - Received: train message 49e4a1af-5e26-4ffe-a49b-44c691b5127a
2025-04-01 13:45:25 - [Cluster 1 - CLIENT] - INFO - 
2025-04-01 13:45:25 - [Cluster 1 - CLIENT] - INFO - Received: train message 6d814142-7af3-422e-abce-d99bf52a707c
2025-04-01 13:45:25 - [Cluster 1 - CLIENT] - INFO - 
2025-04-01 13:45:25 - [Cluster 1 - CLIENT] - INFO - Received: train message a85f3d28-4b02-42bc-9d90-a5fd6f23f890
2025-04-01 13:45:25 - [Cluster 1 - CLIENT] - INFO - 
2025-04-01 13:45:25 - [Cluster 1 - CLIENT] - INFO - Received: train message 04852c4e-78f8-467b-a534-44626d997e8b
2025-04-01 13:45:25 - [Cluster 1 - CLIENT] - INFO - 
2025-04-01 13:45:25 - [Cluster 1 - CLIENT] - INFO - Received: train message 9dee787c-2f9c-4cf2-ab1d-f661e6b5fabb
2025-04-01 13:45:25 - [Cluster 1 - CLIENT] - INFO - [Store 524] Starting local training.
2025-04-01 13:45:25 - [Cluster 1 - CLIENT] - INFO - [Store 914] Starting local training.
2025-04-01 13:45:25 - [Cluster 1 - CLIENT] - INFO - 
2025-04-01 13:45:25 - [Cluster 1 - CLIENT] - INFO - Received: train message 213c81b2-5c93-4aae-b6af-6bb3028a2e72
2025-04-01 13:45:25 - [Cluster 1 - CLIENT] - INFO - 
2025-04-01 13:45:25 - [Cluster 1 - CLIENT] - INFO - Received: train message aa4ba708-c4e9-4836-9f49-78221867f43d
2025-04-01 13:45:25 - [Cluster 1 - CLIENT] - INFO - 
2025-04-01 13:45:25 - [Cluster 1 - CLIENT] - INFO - Received: train message c4ba6395-82b9-4952-abbc-7b319b0b92ad
2025-04-01 13:45:25 - [Cluster 1 - CLIENT] - INFO - 
2025-04-01 13:45:25 - [Cluster 1 - CLIENT] - INFO - [Store 809] Starting local training.
2025-04-01 13:45:25 - [Cluster 1 - CLIENT] - INFO - Received: train message dc6a2e1c-bffc-4f58-86bc-6b889cfc1081
2025-04-01 13:45:25 - [Cluster 1 - CLIENT] - INFO - [Store 1033] Starting local training.
2025-04-01 13:45:25 - [Cluster 1 - CLIENT] - INFO - [Store 526] Starting local training.
2025-04-01 13:45:25 - [Cluster 1 - CLIENT] - INFO - [Store 562] Starting local training.
2025-04-01 13:45:25 - [Cluster 1 - CLIENT] - INFO - [Store 211] Starting local training.
2025-04-01 13:45:25 - [Cluster 1 - CLIENT] - INFO - 
2025-04-01 13:45:25 - [Cluster 1 - CLIENT] - INFO - Received: train message 53dc15fe-0e4f-4954-9915-d93562351b1b
2025-04-01 13:45:25 - [Cluster 1 - CLIENT] - INFO - 
2025-04-01 13:45:25 - [Cluster 1 - CLIENT] - INFO - Received: train message ff2bcb50-d5a4-4212-8398-41d588bcbeb2
2025-04-01 13:45:25 - [Cluster 1 - CLIENT] - INFO - 
2025-04-01 13:45:25 - [Cluster 1 - CLIENT] - INFO - Received: train message 601d9c00-4855-4677-b139-84c11650753b
2025-04-01 13:45:25 - [Cluster 1 - CLIENT] - INFO - [Store 195] Starting local training.
2025-04-01 13:45:25 - [Cluster 1 - CLIENT] - INFO - [Store 665] Starting local training.
2025-04-01 13:45:25 - [Cluster 1 - CLIENT] - INFO - [Store 384] Starting local training.
2025-04-01 13:45:25 - [Cluster 1 - CLIENT] - INFO - [Store 755] Starting local training.
2025-04-01 13:45:25 - [Cluster 1 - CLIENT] - INFO - [Store 906] Starting local training.
2025-04-01 13:45:25 - [Cluster 1 - CLIENT] - INFO - [Store 431] Starting local training.
2025-04-01 13:45:25 - [Cluster 1 - CLIENT] - INFO - [Store 608] Starting local training.
2025-04-01 13:49:41 - [Cluster 1 - CLIENT] - INFO - [Store 524] Local training complete.
2025-04-01 13:49:42 - [Cluster 1 - CLIENT] - INFO - Sent reply
2025-04-01 13:49:42 - [Cluster 1 - CLIENT] - INFO - 
2025-04-01 13:49:42 - [Cluster 1 - CLIENT] - INFO - Received: train message 6dbc052c-8547-4064-a2a4-82147fe01396
2025-04-01 13:49:42 - [Cluster 1 - CLIENT] - INFO - [Store 807] Starting local training.
2025-04-01 13:49:42 - [Cluster 1 - CLIENT] - INFO - [Store 755] Local training complete.
2025-04-01 13:49:42 - [Cluster 1 - CLIENT] - INFO - Sent reply
2025-04-01 13:49:42 - [Cluster 1 - CLIENT] - INFO - 
2025-04-01 13:49:42 - [Cluster 1 - CLIENT] - INFO - Received: train message 8a971ea3-c221-40f7-b5f0-43de0d06340d
2025-04-01 13:49:43 - [Cluster 1 - CLIENT] - INFO - [Store 106] Starting local training.
2025-04-01 13:49:45 - [Cluster 1 - CLIENT] - INFO - [Store 809] Local training complete.
2025-04-01 13:49:45 - [Cluster 1 - CLIENT] - INFO - [Store 431] Local training complete.
2025-04-01 13:49:45 - [Cluster 1 - CLIENT] - INFO - Sent reply
2025-04-01 13:49:45 - [Cluster 1 - CLIENT] - INFO - 
2025-04-01 13:49:45 - [Cluster 1 - CLIENT] - INFO - Received: train message eb646e1d-64fc-423b-8051-8fac1c3b2ac6
2025-04-01 13:49:45 - [Cluster 1 - CLIENT] - INFO - Sent reply
2025-04-01 13:49:45 - [Cluster 1 - CLIENT] - INFO - 
2025-04-01 13:49:45 - [Cluster 1 - CLIENT] - INFO - Received: train message 5b7c4050-2672-4004-bbe9-b7970fac7993
2025-04-01 13:49:45 - [Cluster 1 - CLIENT] - INFO - [Store 382] Starting local training.
2025-04-01 13:49:45 - [Cluster 1 - CLIENT] - INFO - [Store 938] Starting local training.
2025-04-01 13:49:46 - [Cluster 1 - CLIENT] - INFO - [Store 211] Local training complete.
2025-04-01 13:49:46 - [Cluster 1 - CLIENT] - INFO - Sent reply
2025-04-01 13:49:46 - [Cluster 1 - CLIENT] - INFO - 
2025-04-01 13:49:46 - [Cluster 1 - CLIENT] - INFO - Received: train message 84fc98a0-3b6c-4eb9-855a-ed41f2830089
2025-04-01 13:49:46 - [Cluster 1 - CLIENT] - INFO - [Store 699] Starting local training.
2025-04-01 13:49:48 - [Cluster 1 - CLIENT] - INFO - [Store 562] Local training complete.
2025-04-01 13:49:48 - [Cluster 1 - CLIENT] - INFO - [Store 1033] Local training complete.
2025-04-01 13:49:48 - [Cluster 1 - CLIENT] - INFO - [Store 384] Local training complete.
2025-04-01 13:49:48 - [Cluster 1 - CLIENT] - INFO - Sent reply
2025-04-01 13:49:48 - [Cluster 1 - CLIENT] - INFO - Sent reply
2025-04-01 13:49:48 - [Cluster 1 - CLIENT] - INFO - 
2025-04-01 13:49:48 - [Cluster 1 - CLIENT] - INFO - Received: train message d367c376-4986-4fda-aab8-dd40b434e087
2025-04-01 13:49:48 - [Cluster 1 - CLIENT] - INFO - 
2025-04-01 13:49:48 - [Cluster 1 - CLIENT] - INFO - Received: train message f6cb58cf-55f0-414a-887a-d84f770f5ea7
2025-04-01 13:49:48 - [Cluster 1 - CLIENT] - INFO - Sent reply
2025-04-01 13:49:48 - [Cluster 1 - CLIENT] - INFO - [Store 655] Starting local training.
2025-04-01 13:49:48 - [Cluster 1 - CLIENT] - INFO - [Store 615] Starting local training.
2025-04-01 13:49:48 - [Cluster 1 - CLIENT] - INFO - 
2025-04-01 13:49:48 - [Cluster 1 - CLIENT] - INFO - Received: train message a750454f-e484-45ad-aafc-d6d226fc99a3
2025-04-01 13:49:48 - [Cluster 1 - CLIENT] - INFO - [Store 207] Starting local training.
2025-04-01 13:49:49 - [Cluster 1 - CLIENT] - INFO - [Store 579] Local training complete.
2025-04-01 13:49:49 - [Cluster 1 - CLIENT] - INFO - [Store 906] Local training complete.
2025-04-01 13:49:49 - [Cluster 1 - CLIENT] - INFO - Sent reply
2025-04-01 13:49:49 - [Cluster 1 - CLIENT] - INFO - 
2025-04-01 13:49:49 - [Cluster 1 - CLIENT] - INFO - Received: train message 55f83e10-f825-4023-afd8-8832513aa3dc
2025-04-01 13:49:49 - [Cluster 1 - CLIENT] - INFO - [Store 195] Local training complete.
2025-04-01 13:49:49 - [Cluster 1 - CLIENT] - INFO - [Store 753] Starting local training.
2025-04-01 13:49:49 - [Cluster 1 - CLIENT] - INFO - Sent reply
2025-04-01 13:49:49 - [Cluster 1 - CLIENT] - INFO - 
2025-04-01 13:49:49 - [Cluster 1 - CLIENT] - INFO - Received: train message c6a70cc7-f0ff-4cbd-af1a-b9eb7227761c
2025-04-01 13:49:49 - [Cluster 1 - CLIENT] - INFO - [Store 608] Local training complete.
2025-04-01 13:49:49 - [Cluster 1 - CLIENT] - INFO - [Store 526] Local training complete.
2025-04-01 13:49:49 - [Cluster 1 - CLIENT] - INFO - [Store 532] Starting local training.
2025-04-01 13:49:49 - [Cluster 1 - CLIENT] - INFO - Sent reply
2025-04-01 13:49:49 - [Cluster 1 - CLIENT] - INFO - Sent reply
2025-04-01 13:49:49 - [Cluster 1 - CLIENT] - INFO - 
2025-04-01 13:49:49 - [Cluster 1 - CLIENT] - INFO - Received: train message 732b0a61-3a28-4c9c-bded-95550e602afb
2025-04-01 13:49:49 - [Cluster 1 - CLIENT] - INFO - 
2025-04-01 13:49:49 - [Cluster 1 - CLIENT] - INFO - Received: train message 41deaeb1-7c50-4786-8079-2e9531a831db
2025-04-01 13:49:49 - [Cluster 1 - CLIENT] - INFO - [Store 682] Starting local training.
2025-04-01 13:49:50 - [Cluster 1 - CLIENT] - INFO - Sent reply
2025-04-01 13:49:50 - [Cluster 1 - CLIENT] - INFO - 
2025-04-01 13:49:50 - [Cluster 1 - CLIENT] - INFO - Received: train message 99d4e1f1-8126-445e-ad71-51e2aeb9ab09
2025-04-01 13:49:50 - [Cluster 1 - CLIENT] - INFO - [Store 849] Starting local training.
2025-04-01 13:49:50 - [Cluster 1 - CLIENT] - INFO - [Store 269] Starting local training.
2025-04-01 13:49:54 - [Cluster 1 - CLIENT] - INFO - [Store 914] Local training complete.
2025-04-01 13:49:54 - [Cluster 1 - CLIENT] - INFO - Sent reply
2025-04-01 13:49:54 - [Cluster 1 - CLIENT] - INFO - 
2025-04-01 13:49:54 - [Cluster 1 - CLIENT] - INFO - Received: train message 16ecb982-84c7-456f-a2ce-e07a683d5651
2025-04-01 13:49:54 - [Cluster 1 - CLIENT] - INFO - [Store 527] Starting local training.
2025-04-01 13:49:55 - [Cluster 1 - CLIENT] - INFO - [Store 665] Local training complete.
2025-04-01 13:49:55 - [Cluster 1 - CLIENT] - INFO - Sent reply
2025-04-01 13:49:55 - [Cluster 1 - CLIENT] - INFO - 
2025-04-01 13:49:55 - [Cluster 1 - CLIENT] - INFO - Received: train message 5f6d3e64-a496-4230-ac03-4d21a1ad8b31
2025-04-01 13:49:55 - [Cluster 1 - CLIENT] - INFO - [Store 999] Starting local training.
2025-04-01 13:54:19 - [Cluster 1 - CLIENT] - INFO - [Store 382] Local training complete.
2025-04-01 13:54:19 - [Cluster 1 - CLIENT] - INFO - Sent reply
2025-04-01 13:54:22 - [Cluster 1 - CLIENT] - INFO - [Store 807] Local training complete.
2025-04-01 13:54:22 - [Cluster 1 - CLIENT] - INFO - [Store 106] Local training complete.
2025-04-01 13:54:22 - [Cluster 1 - CLIENT] - INFO - Sent reply
2025-04-01 13:54:23 - [Cluster 1 - CLIENT] - INFO - Sent reply
2025-04-01 13:54:23 - [Cluster 1 - CLIENT] - INFO - [Store 532] Local training complete.
2025-04-01 13:54:23 - [Cluster 1 - CLIENT] - INFO - Sent reply
2025-04-01 13:54:24 - [Cluster 1 - CLIENT] - INFO - [Store 269] Local training complete.
2025-04-01 13:54:24 - [Cluster 1 - CLIENT] - INFO - Sent reply
2025-04-01 13:54:25 - [Cluster 1 - CLIENT] - INFO - [Store 655] Local training complete.
2025-04-01 13:54:25 - [Cluster 1 - CLIENT] - INFO - Sent reply
2025-04-01 13:54:25 - [Cluster 1 - CLIENT] - INFO - [Store 849] Local training complete.
2025-04-01 13:54:25 - [Cluster 1 - CLIENT] - INFO - [Store 938] Local training complete.
2025-04-01 13:54:25 - [Cluster 1 - CLIENT] - INFO - Sent reply
2025-04-01 13:54:25 - [Cluster 1 - CLIENT] - INFO - Sent reply
2025-04-01 13:54:25 - [Cluster 1 - CLIENT] - INFO - [Store 682] Local training complete.
2025-04-01 13:54:25 - [Cluster 1 - CLIENT] - INFO - Sent reply
2025-04-01 13:54:25 - [Cluster 1 - CLIENT] - INFO - [Store 753] Local training complete.
2025-04-01 13:54:26 - [Cluster 1 - CLIENT] - INFO - Sent reply
2025-04-01 13:54:26 - [Cluster 1 - CLIENT] - INFO - [Store 207] Local training complete.
2025-04-01 13:54:26 - [Cluster 1 - CLIENT] - INFO - Sent reply
2025-04-01 13:54:27 - [Cluster 1 - CLIENT] - INFO - [Store 527] Local training complete.
2025-04-01 13:54:27 - [Cluster 1 - CLIENT] - INFO - Sent reply
2025-04-01 13:54:27 - [Cluster 1 - CLIENT] - INFO - [Store 999] Local training complete.
2025-04-01 13:54:27 - [Cluster 1 - CLIENT] - INFO - Sent reply
2025-04-01 13:54:27 - [Cluster 1 - CLIENT] - INFO - [Store 699] Local training complete.
2025-04-01 13:54:27 - [Cluster 1 - CLIENT] - INFO - Sent reply
2025-04-01 13:54:43 - [Cluster 1 - CLIENT] - INFO - [Store 615] Local training complete.
2025-04-01 13:54:43 - [Cluster 1 - CLIENT] - INFO - Sent reply
2025-04-01 13:54:43 - [Cluster 1 - CLIENT] - INFO - 
2025-04-01 13:54:43 - [Cluster 1 - CLIENT] - INFO - Received: evaluate message 9d8de409-0068-41ec-b08a-51a3e618a9df
2025-04-01 13:54:43 - [Cluster 1 - CLIENT] - INFO - 
2025-04-01 13:54:43 - [Cluster 1 - CLIENT] - INFO - Received: evaluate message 694938a9-5f54-429a-bb75-750671970835
2025-04-01 13:54:43 - [Cluster 1 - CLIENT] - INFO - 
2025-04-01 13:54:43 - [Cluster 1 - CLIENT] - INFO - Received: evaluate message 4f934fe6-3a12-41c5-998b-e93e33721533
2025-04-01 13:54:43 - [Cluster 1 - CLIENT] - INFO - 
2025-04-01 13:54:43 - [Cluster 1 - CLIENT] - INFO - Received: evaluate message ee771530-2b95-4bec-84b5-f5657c3d34ad
2025-04-01 13:54:43 - [Cluster 1 - CLIENT] - INFO - 
2025-04-01 13:54:43 - [Cluster 1 - CLIENT] - INFO - Received: evaluate message 6548fba7-1803-4579-b5a1-fad94435f948
2025-04-01 13:54:43 - [Cluster 1 - CLIENT] - INFO - 
2025-04-01 13:54:43 - [Cluster 1 - CLIENT] - INFO - 
2025-04-01 13:54:43 - [Cluster 1 - CLIENT] - INFO - Received: evaluate message 0558acad-0a4e-40f6-bf0e-8039ab4c82ae
2025-04-01 13:54:43 - [Cluster 1 - CLIENT] - INFO - Received: evaluate message f664b4b6-66ba-4c5b-9abe-22278b718afa
2025-04-01 13:54:43 - [Cluster 1 - CLIENT] - INFO - 
2025-04-01 13:54:43 - [Cluster 1 - CLIENT] - INFO - Received: evaluate message fc10b92e-cd68-4f36-a4d6-365440a1d32f
2025-04-01 13:54:43 - [Cluster 1 - CLIENT] - INFO - 
2025-04-01 13:54:43 - [Cluster 1 - CLIENT] - INFO - Received: evaluate message 6eff8450-21a0-482e-84bd-99fce0275f8c
2025-04-01 13:54:43 - [Cluster 1 - CLIENT] - INFO - 
2025-04-01 13:54:43 - [Cluster 1 - CLIENT] - INFO - Received: evaluate message bd8f85c0-1c4d-4cbb-97df-4e6d7886292c
2025-04-01 13:54:43 - [Cluster 1 - CLIENT] - INFO - 
2025-04-01 13:54:43 - [Cluster 1 - CLIENT] - INFO - Received: evaluate message e4449ea2-c6f9-48c1-9b5a-46fc8a883575
2025-04-01 13:54:43 - [Cluster 1 - CLIENT] - INFO - 
2025-04-01 13:54:43 - [Cluster 1 - CLIENT] - INFO - Received: evaluate message 84a57f90-3aaa-48ed-a3d4-1c20c0cd621b
2025-04-01 13:54:43 - [Cluster 1 - CLIENT] - INFO - 
2025-04-01 13:54:43 - [Cluster 1 - CLIENT] - INFO - Received: evaluate message 94f3a877-4e22-46ba-860b-fc8bf3e5d4df
2025-04-01 13:54:43 - [Cluster 1 - CLIENT] - INFO - 
2025-04-01 13:54:43 - [Cluster 1 - CLIENT] - INFO - Received: evaluate message 4985c66d-6d36-48be-af6a-23160eee5080
2025-04-01 13:54:43 - [Cluster 1 - CLIENT] - INFO - 
2025-04-01 13:54:43 - [Cluster 1 - CLIENT] - INFO - Received: evaluate message bfab38f6-9505-432f-9abc-15ff114f97cc
2025-04-01 13:54:45 - [Cluster 1 - CLIENT] - INFO - [Store 655] Evaluation - Loss: 0.4122, MAE: 0.4766
2025-04-01 13:54:45 - [Cluster 1 - CLIENT] - INFO - Sent reply
2025-04-01 13:54:45 - [Cluster 1 - CLIENT] - INFO - [Store 527] Evaluation - Loss: 0.3222, MAE: 0.3872
2025-04-01 13:54:45 - [Cluster 1 - CLIENT] - INFO - Sent reply
2025-04-01 13:54:45 - [Cluster 1 - CLIENT] - INFO - [Store 682] Evaluation - Loss: 0.4588, MAE: 0.5482
2025-04-01 13:54:45 - [Cluster 1 - CLIENT] - INFO - 
2025-04-01 13:54:45 - [Cluster 1 - CLIENT] - INFO - Received: evaluate message b1614ce1-eda9-469f-b5c1-c591b0e3d3dc
2025-04-01 13:54:45 - [Cluster 1 - CLIENT] - INFO - Sent reply
2025-04-01 13:54:45 - [Cluster 1 - CLIENT] - INFO - 
2025-04-01 13:54:45 - [Cluster 1 - CLIENT] - INFO - Received: evaluate message 3c79f983-eea6-438d-b7b5-b144566f1fa6
2025-04-01 13:54:45 - [Cluster 1 - CLIENT] - INFO - 
2025-04-01 13:54:45 - [Cluster 1 - CLIENT] - INFO - Received: evaluate message 34c4ac10-d2cf-47bd-8b51-648cf3805e10
2025-04-01 13:54:45 - [Cluster 1 - CLIENT] - INFO - [Store 807] Evaluation - Loss: 0.3267, MAE: 0.3959
2025-04-01 13:54:45 - [Cluster 1 - CLIENT] - INFO - [Store 269] Evaluation - Loss: 0.3392, MAE: 0.4391
2025-04-01 13:54:45 - [Cluster 1 - CLIENT] - INFO - Sent reply
2025-04-01 13:54:45 - [Cluster 1 - CLIENT] - INFO - Sent reply
2025-04-01 13:54:45 - [Cluster 1 - CLIENT] - INFO - 
2025-04-01 13:54:45 - [Cluster 1 - CLIENT] - INFO - Received: evaluate message 6e1efcab-4619-4728-8ead-ba1925ecd4f6
2025-04-01 13:54:45 - [Cluster 1 - CLIENT] - INFO - 
2025-04-01 13:54:45 - [Cluster 1 - CLIENT] - INFO - Received: evaluate message 89643ea2-2435-4a0c-9f34-f6ef4c963595
2025-04-01 13:54:45 - [Cluster 1 - CLIENT] - INFO - [Store 532] Evaluation - Loss: 0.4194, MAE: 0.4551
2025-04-01 13:54:45 - [Cluster 1 - CLIENT] - INFO - Sent reply
2025-04-01 13:54:45 - [Cluster 1 - CLIENT] - INFO - 
2025-04-01 13:54:45 - [Cluster 1 - CLIENT] - INFO - Received: evaluate message edb528bc-08f5-438e-b6c6-77d28f6cfcf6
2025-04-01 13:54:45 - [Cluster 1 - CLIENT] - INFO - [Store 384] Evaluation - Loss: 0.3254, MAE: 0.4255
2025-04-01 13:54:45 - [Cluster 1 - CLIENT] - INFO - Sent reply
2025-04-01 13:54:45 - [Cluster 1 - CLIENT] - INFO - [Store 755] Evaluation - Loss: 0.3064, MAE: 0.3769
2025-04-01 13:54:45 - [Cluster 1 - CLIENT] - INFO - Sent reply
2025-04-01 13:54:45 - [Cluster 1 - CLIENT] - INFO - 
2025-04-01 13:54:45 - [Cluster 1 - CLIENT] - INFO - Received: evaluate message 071f82d7-8a5f-4e58-aff9-de9cd46691ca
2025-04-01 13:54:45 - [Cluster 1 - CLIENT] - INFO - [Store 526] Evaluation - Loss: 0.2779, MAE: 0.3904
2025-04-01 13:54:45 - [Cluster 1 - CLIENT] - INFO - 
2025-04-01 13:54:45 - [Cluster 1 - CLIENT] - INFO - Received: evaluate message b5e19367-3454-46d5-9bcf-c99fc2a1934c
2025-04-01 13:54:45 - [Cluster 1 - CLIENT] - INFO - [Store 849] Evaluation - Loss: 0.2760, MAE: 0.3547
2025-04-01 13:54:45 - [Cluster 1 - CLIENT] - INFO - Sent reply
2025-04-01 13:54:45 - [Cluster 1 - CLIENT] - INFO - Sent reply
2025-04-01 13:54:45 - [Cluster 1 - CLIENT] - INFO - [Store 699] Evaluation - Loss: 0.4568, MAE: 0.4275
2025-04-01 13:54:45 - [Cluster 1 - CLIENT] - INFO - Sent reply
2025-04-01 13:54:45 - [Cluster 1 - CLIENT] - INFO - [Store 106] Evaluation - Loss: 0.2553, MAE: 0.3656
2025-04-01 13:54:45 - [Cluster 1 - CLIENT] - INFO - Sent reply
2025-04-01 13:54:45 - [Cluster 1 - CLIENT] - INFO - 
2025-04-01 13:54:45 - [Cluster 1 - CLIENT] - INFO - Received: evaluate message 9a154f8a-1140-4082-aabf-609c1f9259d0
2025-04-01 13:54:45 - [Cluster 1 - CLIENT] - INFO - 
2025-04-01 13:54:45 - [Cluster 1 - CLIENT] - INFO - Received: evaluate message c7e1e0bb-679c-465a-95c0-4db58e711766
2025-04-01 13:54:45 - [Cluster 1 - CLIENT] - INFO - 
2025-04-01 13:54:45 - [Cluster 1 - CLIENT] - INFO - Received: evaluate message 5daa0da4-b4ac-4bb2-80b8-3f875acbe105
2025-04-01 13:54:45 - [Cluster 1 - CLIENT] - INFO - 
2025-04-01 13:54:45 - [Cluster 1 - CLIENT] - INFO - Received: evaluate message 97891dda-e57f-4767-848d-640ddcd32d80
2025-04-01 13:54:45 - [Cluster 1 - CLIENT] - INFO - [Store 211] Evaluation - Loss: 0.3161, MAE: 0.4270
2025-04-01 13:54:45 - [Cluster 1 - CLIENT] - INFO - Sent reply
2025-04-01 13:54:45 - [Cluster 1 - CLIENT] - INFO - [Store 665] Evaluation - Loss: 0.2996, MAE: 0.3816
2025-04-01 13:54:45 - [Cluster 1 - CLIENT] - INFO - Sent reply
2025-04-01 13:54:45 - [Cluster 1 - CLIENT] - INFO - [Store 562] Evaluation - Loss: 0.5760, MAE: 0.5780
2025-04-01 13:54:45 - [Cluster 1 - CLIENT] - INFO - Sent reply
2025-04-01 13:54:45 - [Cluster 1 - CLIENT] - INFO - 
2025-04-01 13:54:45 - [Cluster 1 - CLIENT] - INFO - Received: evaluate message a149adf2-023a-40fb-9a3f-aeecb80b06c4
2025-04-01 13:54:45 - [Cluster 1 - CLIENT] - INFO - 
2025-04-01 13:54:45 - [Cluster 1 - CLIENT] - INFO - Received: evaluate message a85cc69c-6bdd-4e01-91f2-7e6d3ce41d1b
2025-04-01 13:54:46 - [Cluster 1 - CLIENT] - INFO - 
2025-04-01 13:54:46 - [Cluster 1 - CLIENT] - INFO - Received: evaluate message cb80f800-67b3-423d-92d5-d57bf155e423
2025-04-01 13:54:47 - [Cluster 1 - CLIENT] - INFO - [Store 608] Evaluation - Loss: 0.3534, MAE: 0.4585
2025-04-01 13:54:47 - [Cluster 1 - CLIENT] - INFO - Sent reply
2025-04-01 13:54:47 - [Cluster 1 - CLIENT] - INFO - [Store 1033] Evaluation - Loss: 0.2957, MAE: 0.3902
2025-04-01 13:54:47 - [Cluster 1 - CLIENT] - INFO - Sent reply
2025-04-01 13:54:47 - [Cluster 1 - CLIENT] - INFO - [Store 914] Evaluation - Loss: 0.2888, MAE: 0.3711
2025-04-01 13:54:47 - [Cluster 1 - CLIENT] - INFO - Sent reply
2025-04-01 13:54:47 - [Cluster 1 - CLIENT] - INFO - [Store 524] Evaluation - Loss: 0.3057, MAE: 0.3739
2025-04-01 13:54:47 - [Cluster 1 - CLIENT] - INFO - Sent reply
2025-04-01 13:54:47 - [Cluster 1 - CLIENT] - INFO - [Store 195] Evaluation - Loss: 0.3454, MAE: 0.4236
2025-04-01 13:54:47 - [Cluster 1 - CLIENT] - INFO - Sent reply
2025-04-01 13:54:47 - [Cluster 1 - CLIENT] - INFO - [Store 809] Evaluation - Loss: 0.3530, MAE: 0.4470
2025-04-01 13:54:47 - [Cluster 1 - CLIENT] - INFO - Sent reply
2025-04-01 13:54:47 - [Cluster 1 - CLIENT] - INFO - [Store 906] Evaluation - Loss: 0.2843, MAE: 0.3560
2025-04-01 13:54:47 - [Cluster 1 - CLIENT] - INFO - [Store 207] Evaluation - Loss: 0.2648, MAE: 0.3719
2025-04-01 13:54:47 - [Cluster 1 - CLIENT] - INFO - Sent reply
2025-04-01 13:54:47 - [Cluster 1 - CLIENT] - INFO - Sent reply
2025-04-01 13:54:47 - [Cluster 1 - CLIENT] - INFO - [Store 615] Evaluation - Loss: 0.2780, MAE: 0.3394
2025-04-01 13:54:47 - [Cluster 1 - CLIENT] - INFO - Sent reply
2025-04-01 13:54:47 - [Cluster 1 - CLIENT] - INFO - [Store 753] Evaluation - Loss: 0.3009, MAE: 0.3917
2025-04-01 13:54:47 - [Cluster 1 - CLIENT] - INFO - Sent reply
2025-04-01 13:54:47 - [Cluster 1 - CLIENT] - INFO - [Store 999] Evaluation - Loss: 0.2914, MAE: 0.4159
2025-04-01 13:54:47 - [Cluster 1 - CLIENT] - INFO - Sent reply
2025-04-01 13:54:47 - [Cluster 1 - CLIENT] - INFO - [Store 938] Evaluation - Loss: 0.2573, MAE: 0.3237
2025-04-01 13:54:47 - [Cluster 1 - CLIENT] - INFO - Sent reply
2025-04-01 13:54:47 - [Cluster 1 - CLIENT] - INFO - [Store 431] Evaluation - Loss: 0.3511, MAE: 0.4173
2025-04-01 13:54:47 - [Cluster 1 - CLIENT] - INFO - Sent reply
2025-04-01 13:54:47 - [Cluster 1 - CLIENT] - INFO - [Store 579] Evaluation - Loss: 0.2838, MAE: 0.3700
2025-04-01 13:54:47 - [Cluster 1 - CLIENT] - INFO - Sent reply
2025-04-01 13:54:47 - [Cluster 1 - CLIENT] - INFO - [Store 382] Evaluation - Loss: 0.2782, MAE: 0.3944
2025-04-01 13:54:47 - [Cluster 1 - CLIENT] - INFO - Sent reply
2025-04-01 13:54:47 - [Cluster 1 - CLIENT] - INFO - 
2025-04-01 13:54:47 - [Cluster 1 - CLIENT] - INFO - Received: train message 3d832e58-6f2c-453f-afae-71d69a1c3cc6
2025-04-01 13:54:47 - [Cluster 1 - CLIENT] - INFO - 
2025-04-01 13:54:47 - [Cluster 1 - CLIENT] - INFO - Received: train message e6a34751-0922-4868-998d-c45f687b302e
2025-04-01 13:54:47 - [Cluster 1 - CLIENT] - INFO - 
2025-04-01 13:54:47 - [Cluster 1 - CLIENT] - INFO - Received: train message fa54d39f-f307-4eec-b920-fb5c1d36ca69
2025-04-01 13:54:47 - [Cluster 1 - CLIENT] - INFO - 
2025-04-01 13:54:47 - [Cluster 1 - CLIENT] - INFO - Received: train message d30d786a-d705-4cc6-902f-1ee3afa1c627
2025-04-01 13:54:47 - [Cluster 1 - CLIENT] - INFO - [Store 753] Starting local training.
2025-04-01 13:54:47 - [Cluster 1 - CLIENT] - INFO - 
2025-04-01 13:54:47 - [Cluster 1 - CLIENT] - INFO - Received: train message e875afe7-3616-47de-a40d-19ae762b8171
2025-04-01 13:54:47 - [Cluster 1 - CLIENT] - INFO - 
2025-04-01 13:54:47 - [Cluster 1 - CLIENT] - INFO - Received: train message 478e5a3e-da00-4550-ba0c-028c1e83196f
2025-04-01 13:54:47 - [Cluster 1 - CLIENT] - INFO - [Store 382] Starting local training.
2025-04-01 13:54:47 - [Cluster 1 - CLIENT] - INFO - 
2025-04-01 13:54:47 - [Cluster 1 - CLIENT] - INFO - Received: train message 6ed58a56-7280-4cb2-8156-08453be01550
2025-04-01 13:54:47 - [Cluster 1 - CLIENT] - INFO - [Store 914] Starting local training.
2025-04-01 13:54:47 - [Cluster 1 - CLIENT] - INFO - 
2025-04-01 13:54:47 - [Cluster 1 - CLIENT] - INFO - Received: train message d8082dde-e8b4-4464-ad44-d21413fd5fbb
2025-04-01 13:54:47 - [Cluster 1 - CLIENT] - INFO - [Store 608] Starting local training.
2025-04-01 13:54:47 - [Cluster 1 - CLIENT] - INFO - 
2025-04-01 13:54:47 - [Cluster 1 - CLIENT] - INFO - Received: train message fafbafee-7432-40cc-b12d-eb45661e704f
2025-04-01 13:54:47 - [Cluster 1 - CLIENT] - INFO - 
2025-04-01 13:54:47 - [Cluster 1 - CLIENT] - INFO - Received: train message a3b7a9b9-0d0a-4262-9f93-bf905fe53513
2025-04-01 13:54:47 - [Cluster 1 - CLIENT] - INFO - 
2025-04-01 13:54:47 - [Cluster 1 - CLIENT] - INFO - Received: train message b81cf362-badf-4405-8f7a-6d857be37d32
2025-04-01 13:54:47 - [Cluster 1 - CLIENT] - INFO - [Store 269] Starting local training.
2025-04-01 13:54:47 - [Cluster 1 - CLIENT] - INFO - [Store 906] Starting local training.
2025-04-01 13:54:47 - [Cluster 1 - CLIENT] - INFO - 
2025-04-01 13:54:47 - [Cluster 1 - CLIENT] - INFO - Received: train message 850e26db-e619-4ec6-83a8-5da323ee42cf
2025-04-01 13:54:47 - [Cluster 1 - CLIENT] - INFO - [Store 527] Starting local training.
2025-04-01 13:54:47 - [Cluster 1 - CLIENT] - INFO - [Store 524] Starting local training.
2025-04-01 13:54:47 - [Cluster 1 - CLIENT] - INFO - 
2025-04-01 13:54:47 - [Cluster 1 - CLIENT] - INFO - Received: train message 206d71ab-0676-469d-aae4-ac59278c603d
2025-04-01 13:54:47 - [Cluster 1 - CLIENT] - INFO - 
2025-04-01 13:54:47 - [Cluster 1 - CLIENT] - INFO - Received: train message 196e74ab-b025-4a99-89fc-d1cb4d7ba2f0
2025-04-01 13:54:47 - [Cluster 1 - CLIENT] - INFO - [Store 195] Starting local training.
2025-04-01 13:54:47 - [Cluster 1 - CLIENT] - INFO - 
2025-04-01 13:54:47 - [Cluster 1 - CLIENT] - INFO - Received: train message 7fa284df-d561-4378-90a6-0468d518fab1
2025-04-01 13:54:47 - [Cluster 1 - CLIENT] - INFO - [Store 849] Starting local training.
2025-04-01 13:54:47 - [Cluster 1 - CLIENT] - INFO - [Store 562] Starting local training.
2025-04-01 13:54:47 - [Cluster 1 - CLIENT] - INFO - [Store 384] Starting local training.
2025-04-01 13:54:47 - [Cluster 1 - CLIENT] - INFO - [Store 211] Starting local training.
2025-04-01 13:54:47 - [Cluster 1 - CLIENT] - INFO - [Store 755] Starting local training.
2025-04-01 13:54:47 - [Cluster 1 - CLIENT] - INFO - [Store 655] Starting local training.
2025-04-01 13:59:28 - [Cluster 1 - CLIENT] - INFO - [Store 914] Local training complete.
2025-04-01 13:59:28 - [Cluster 1 - CLIENT] - INFO - [Store 269] Local training complete.
2025-04-01 13:59:28 - [Cluster 1 - CLIENT] - INFO - Sent reply
2025-04-01 13:59:28 - [Cluster 1 - CLIENT] - INFO - 
2025-04-01 13:59:28 - [Cluster 1 - CLIENT] - INFO - Received: train message d6490d6d-f2c6-4c63-a72b-e60399bda5fa
2025-04-01 13:59:28 - [Cluster 1 - CLIENT] - INFO - Sent reply
2025-04-01 13:59:28 - [Cluster 1 - CLIENT] - INFO - 
2025-04-01 13:59:28 - [Cluster 1 - CLIENT] - INFO - Received: train message 56b48e66-4b39-4138-a60a-8a5f38771c60
2025-04-01 13:59:28 - [Cluster 1 - CLIENT] - INFO - [Store 615] Starting local training.
2025-04-01 13:59:28 - [Cluster 1 - CLIENT] - INFO - [Store 938] Starting local training.
2025-04-01 13:59:31 - [Cluster 1 - CLIENT] - INFO - [Store 608] Local training complete.
2025-04-01 13:59:31 - [Cluster 1 - CLIENT] - INFO - Sent reply
2025-04-01 13:59:31 - [Cluster 1 - CLIENT] - INFO - 
2025-04-01 13:59:31 - [Cluster 1 - CLIENT] - INFO - Received: train message 0f623a55-7794-402a-b369-b09b4416cf94
2025-04-01 13:59:32 - [Cluster 1 - CLIENT] - INFO - [Store 1033] Starting local training.
2025-04-01 13:59:32 - [Cluster 1 - CLIENT] - INFO - [Store 195] Local training complete.
2025-04-01 13:59:33 - [Cluster 1 - CLIENT] - INFO - Sent reply
2025-04-01 13:59:33 - [Cluster 1 - CLIENT] - INFO - 
2025-04-01 13:59:33 - [Cluster 1 - CLIENT] - INFO - Received: train message ec2ad7a0-069f-4c41-a05b-fddafa39f6c9
2025-04-01 13:59:33 - [Cluster 1 - CLIENT] - INFO - [Store 682] Starting local training.
2025-04-01 13:59:33 - [Cluster 1 - CLIENT] - INFO - [Store 906] Local training complete.
2025-04-01 13:59:33 - [Cluster 1 - CLIENT] - INFO - Sent reply
2025-04-01 13:59:33 - [Cluster 1 - CLIENT] - INFO - 
2025-04-01 13:59:33 - [Cluster 1 - CLIENT] - INFO - Received: train message f0a5fca1-3aba-41be-943c-b4ee29581af3
2025-04-01 13:59:33 - [Cluster 1 - CLIENT] - INFO - [Store 562] Local training complete.
2025-04-01 13:59:33 - [Cluster 1 - CLIENT] - INFO - Sent reply
2025-04-01 13:59:33 - [Cluster 1 - CLIENT] - INFO - 
2025-04-01 13:59:33 - [Cluster 1 - CLIENT] - INFO - Received: train message eaf7a894-bcc7-4851-b0ca-0c9ada1a5b77
2025-04-01 13:59:33 - [Cluster 1 - CLIENT] - INFO - [Store 431] Starting local training.
2025-04-01 13:59:34 - [Cluster 1 - CLIENT] - INFO - [Store 809] Starting local training.
2025-04-01 13:59:36 - [Cluster 1 - CLIENT] - INFO - [Store 753] Local training complete.
2025-04-01 13:59:36 - [Cluster 1 - CLIENT] - INFO - 
2025-04-01 13:59:36 - [Cluster 1 - CLIENT] - INFO - Received: train message ec4b3ac8-b25f-4d77-b8d8-a533b4886c35
2025-04-01 13:59:36 - [Cluster 1 - CLIENT] - INFO - [Store 106] Starting local training.
2025-04-01 13:59:36 - [Cluster 1 - CLIENT] - INFO - Sent reply
2025-04-01 13:59:37 - [Cluster 1 - CLIENT] - INFO - [Store 527] Local training complete.
2025-04-01 13:59:37 - [Cluster 1 - CLIENT] - INFO - Sent reply
2025-04-01 13:59:37 - [Cluster 1 - CLIENT] - INFO - 
2025-04-01 13:59:37 - [Cluster 1 - CLIENT] - INFO - Received: train message d63c7812-927c-429b-98aa-87e7fce3db31
2025-04-01 13:59:37 - [Cluster 1 - CLIENT] - INFO - [Store 526] Starting local training.
2025-04-01 13:59:37 - [Cluster 1 - CLIENT] - INFO - [Store 849] Local training complete.
2025-04-01 13:59:37 - [Cluster 1 - CLIENT] - INFO - Sent reply
2025-04-01 13:59:37 - [Cluster 1 - CLIENT] - INFO - 
2025-04-01 13:59:37 - [Cluster 1 - CLIENT] - INFO - Received: train message c56c93fc-abaa-4f20-8157-ed1e531fbb94
2025-04-01 13:59:37 - [Cluster 1 - CLIENT] - INFO - [Store 532] Starting local training.
2025-04-01 13:59:37 - [Cluster 1 - CLIENT] - INFO - [Store 655] Local training complete.
2025-04-01 13:59:37 - [Cluster 1 - CLIENT] - INFO - Sent reply
2025-04-01 13:59:37 - [Cluster 1 - CLIENT] - INFO - 
2025-04-01 13:59:37 - [Cluster 1 - CLIENT] - INFO - Received: train message 5a383b88-f99f-4e43-9550-bcf346868fb1
2025-04-01 13:59:37 - [Cluster 1 - CLIENT] - INFO - [Store 579] Starting local training.
2025-04-01 13:59:38 - [Cluster 1 - CLIENT] - INFO - [Store 211] Local training complete.
2025-04-01 13:59:38 - [Cluster 1 - CLIENT] - INFO - Sent reply
2025-04-01 13:59:38 - [Cluster 1 - CLIENT] - INFO - 
2025-04-01 13:59:38 - [Cluster 1 - CLIENT] - INFO - Received: train message 6bbb4dfb-6218-4b70-bb92-ec03e4eba043
2025-04-01 13:59:38 - [Cluster 1 - CLIENT] - INFO - [Store 665] Starting local training.
2025-04-01 13:59:38 - [Cluster 1 - CLIENT] - INFO - [Store 524] Local training complete.
2025-04-01 13:59:38 - [Cluster 1 - CLIENT] - INFO - Sent reply
2025-04-01 13:59:38 - [Cluster 1 - CLIENT] - INFO - 
2025-04-01 13:59:38 - [Cluster 1 - CLIENT] - INFO - Received: train message 483e2a54-18b8-412a-bd07-882caeca1d7b
2025-04-01 13:59:39 - [Cluster 1 - CLIENT] - INFO - [Store 699] Starting local training.
2025-04-01 13:59:40 - [Cluster 1 - CLIENT] - INFO - [Store 384] Local training complete.
2025-04-01 13:59:40 - [Cluster 1 - CLIENT] - INFO - Sent reply
2025-04-01 13:59:40 - [Cluster 1 - CLIENT] - INFO - 
2025-04-01 13:59:40 - [Cluster 1 - CLIENT] - INFO - Received: train message 28c7a881-bc82-4e12-8db4-339d37aca6aa
2025-04-01 13:59:40 - [Cluster 1 - CLIENT] - INFO - [Store 755] Local training complete.
2025-04-01 13:59:40 - [Cluster 1 - CLIENT] - INFO - [Store 999] Starting local training.
2025-04-01 13:59:40 - [Cluster 1 - CLIENT] - INFO - Sent reply
2025-04-01 13:59:41 - [Cluster 1 - CLIENT] - INFO - 
2025-04-01 13:59:41 - [Cluster 1 - CLIENT] - INFO - Received: train message 6240434b-cb19-4501-9a11-3651312010ce
2025-04-01 13:59:41 - [Cluster 1 - CLIENT] - INFO - [Store 807] Starting local training.
2025-04-01 13:59:41 - [Cluster 1 - CLIENT] - INFO - [Store 382] Local training complete.
2025-04-01 13:59:41 - [Cluster 1 - CLIENT] - INFO - Sent reply
2025-04-01 13:59:41 - [Cluster 1 - CLIENT] - INFO - 
2025-04-01 13:59:41 - [Cluster 1 - CLIENT] - INFO - Received: train message 61ea1115-f36a-4459-a7fb-90d752727409
2025-04-01 13:59:41 - [Cluster 1 - CLIENT] - INFO - [Store 207] Starting local training.
2025-04-01 14:04:17 - [Cluster 1 - CLIENT] - INFO - [Store 938] Local training complete.
2025-04-01 14:04:17 - [Cluster 1 - CLIENT] - INFO - Sent reply
2025-04-01 14:04:26 - [Cluster 1 - CLIENT] - INFO - [Store 431] Local training complete.
2025-04-01 14:04:26 - [Cluster 1 - CLIENT] - INFO - Sent reply
2025-04-01 14:04:27 - [Cluster 1 - CLIENT] - INFO - [Store 615] Local training complete.
2025-04-01 14:04:27 - [Cluster 1 - CLIENT] - INFO - Sent reply
2025-04-01 14:04:27 - [Cluster 1 - CLIENT] - INFO - [Store 665] Local training complete.
2025-04-01 14:04:27 - [Cluster 1 - CLIENT] - INFO - Sent reply
2025-04-01 14:04:30 - [Cluster 1 - CLIENT] - INFO - [Store 526] Local training complete.
2025-04-01 14:04:30 - [Cluster 1 - CLIENT] - INFO - [Store 1033] Local training complete.
2025-04-01 14:04:30 - [Cluster 1 - CLIENT] - INFO - Sent reply
2025-04-01 14:04:30 - [Cluster 1 - CLIENT] - INFO - [Store 682] Local training complete.
2025-04-01 14:04:30 - [Cluster 1 - CLIENT] - INFO - Sent reply
2025-04-01 14:04:30 - [Cluster 1 - CLIENT] - INFO - Sent reply
2025-04-01 14:04:30 - [Cluster 1 - CLIENT] - INFO - [Store 809] Local training complete.
2025-04-01 14:04:30 - [Cluster 1 - CLIENT] - INFO - Sent reply
2025-04-01 14:04:31 - [Cluster 1 - CLIENT] - INFO - [Store 807] Local training complete.
2025-04-01 14:04:31 - [Cluster 1 - CLIENT] - INFO - Sent reply
2025-04-01 14:04:31 - [Cluster 1 - CLIENT] - INFO - [Store 532] Local training complete.
2025-04-01 14:04:31 - [Cluster 1 - CLIENT] - INFO - Sent reply
2025-04-01 14:04:31 - [Cluster 1 - CLIENT] - INFO - [Store 579] Local training complete.
2025-04-01 14:04:31 - [Cluster 1 - CLIENT] - INFO - Sent reply
2025-04-01 14:04:31 - [Cluster 1 - CLIENT] - INFO - [Store 106] Local training complete.
2025-04-01 14:04:31 - [Cluster 1 - CLIENT] - INFO - Sent reply
2025-04-01 14:04:31 - [Cluster 1 - CLIENT] - INFO - [Store 207] Local training complete.
2025-04-01 14:04:31 - [Cluster 1 - CLIENT] - INFO - Sent reply
2025-04-01 14:04:32 - [Cluster 1 - CLIENT] - INFO - [Store 999] Local training complete.
2025-04-01 14:04:32 - [Cluster 1 - CLIENT] - INFO - Sent reply
2025-04-01 14:04:32 - [Cluster 1 - CLIENT] - INFO - [Store 699] Local training complete.
2025-04-01 14:04:32 - [Cluster 1 - CLIENT] - INFO - Sent reply
2025-04-01 14:04:32 - [Cluster 1 - CLIENT] - INFO - 
2025-04-01 14:04:32 - [Cluster 1 - CLIENT] - INFO - Received: evaluate message bd80a6d7-8f0b-495d-9d0b-26a8cc809ae5
2025-04-01 14:04:32 - [Cluster 1 - CLIENT] - INFO - 
2025-04-01 14:04:32 - [Cluster 1 - CLIENT] - INFO - Received: evaluate message b05bd70d-16da-45fc-af6a-e8a47e89d487
2025-04-01 14:04:32 - [Cluster 1 - CLIENT] - INFO - 
2025-04-01 14:04:32 - [Cluster 1 - CLIENT] - INFO - Received: evaluate message 35aec29f-4e75-42a3-bbaa-88ca3df4ba17
2025-04-01 14:04:32 - [Cluster 1 - CLIENT] - INFO - 
2025-04-01 14:04:32 - [Cluster 1 - CLIENT] - INFO - Received: evaluate message 2b8466d3-4c6c-479b-9a32-8f48aedf1b35
2025-04-01 14:04:32 - [Cluster 1 - CLIENT] - INFO - 
2025-04-01 14:04:32 - [Cluster 1 - CLIENT] - INFO - Received: evaluate message 2851de98-b0db-4678-a475-dbe6a03290c3
2025-04-01 14:04:32 - [Cluster 1 - CLIENT] - INFO - 
2025-04-01 14:04:32 - [Cluster 1 - CLIENT] - INFO - Received: evaluate message d2049eb1-fe65-47f3-b8b8-6d01c9cd4bad
2025-04-01 14:04:32 - [Cluster 1 - CLIENT] - INFO - 
2025-04-01 14:04:32 - [Cluster 1 - CLIENT] - INFO - Received: evaluate message 1d8e4091-2297-4d49-b18c-2b24dfccb990
2025-04-01 14:04:32 - [Cluster 1 - CLIENT] - INFO - 
2025-04-01 14:04:32 - [Cluster 1 - CLIENT] - INFO - Received: evaluate message bef77cfa-f9e8-4874-8f0b-e37d6740fbef
2025-04-01 14:04:32 - [Cluster 1 - CLIENT] - INFO - 
2025-04-01 14:04:32 - [Cluster 1 - CLIENT] - INFO - Received: evaluate message 9b798e4c-0ff6-4c0c-83b7-5adc93cd4ebd
2025-04-01 14:04:32 - [Cluster 1 - CLIENT] - INFO - 
2025-04-01 14:04:32 - [Cluster 1 - CLIENT] - INFO - Received: evaluate message 9a026b52-2dde-47c9-b224-53ca46a43c3f
2025-04-01 14:04:32 - [Cluster 1 - CLIENT] - INFO - 
2025-04-01 14:04:32 - [Cluster 1 - CLIENT] - INFO - Received: evaluate message a34389c9-ed52-4456-9588-2fdfaba1f8d3
2025-04-01 14:04:32 - [Cluster 1 - CLIENT] - INFO - 
2025-04-01 14:04:32 - [Cluster 1 - CLIENT] - INFO - Received: evaluate message 9359ceaf-46e5-41e4-a7ca-d3ce02d2363e
2025-04-01 14:04:32 - [Cluster 1 - CLIENT] - INFO - 
2025-04-01 14:04:32 - [Cluster 1 - CLIENT] - INFO - Received: evaluate message d273a97c-cb8e-439f-a384-f7f11592194b
2025-04-01 14:04:32 - [Cluster 1 - CLIENT] - INFO - 
2025-04-01 14:04:32 - [Cluster 1 - CLIENT] - INFO - Received: evaluate message 7c91e84b-fe20-47bb-b6df-89ad20ea350c
2025-04-01 14:04:32 - [Cluster 1 - CLIENT] - INFO - 
2025-04-01 14:04:32 - [Cluster 1 - CLIENT] - INFO - Received: evaluate message 6cc26f9c-78cc-4319-9a6b-fc1474b73b76
2025-04-01 14:04:34 - [Cluster 1 - CLIENT] - INFO - [Store 524] Evaluation - Loss: 0.2925, MAE: 0.3617
2025-04-01 14:04:34 - [Cluster 1 - CLIENT] - INFO - Sent reply
2025-04-01 14:04:34 - [Cluster 1 - CLIENT] - INFO - [Store 699] Evaluation - Loss: 0.4763, MAE: 0.4408
2025-04-01 14:04:34 - [Cluster 1 - CLIENT] - INFO - Sent reply
2025-04-01 14:04:34 - [Cluster 1 - CLIENT] - INFO - 
2025-04-01 14:04:34 - [Cluster 1 - CLIENT] - INFO - Received: evaluate message 43d97290-6bea-4ee3-83f4-2d1d5f5ee802
2025-04-01 14:04:34 - [Cluster 1 - CLIENT] - INFO - 
2025-04-01 14:04:34 - [Cluster 1 - CLIENT] - INFO - Received: evaluate message 794b35ab-9f83-441e-9159-2d9ff1dbfc3e
2025-04-01 14:04:34 - [Cluster 1 - CLIENT] - INFO - [Store 807] Evaluation - Loss: 0.3175, MAE: 0.3875
2025-04-01 14:04:34 - [Cluster 1 - CLIENT] - INFO - Sent reply
2025-04-01 14:04:34 - [Cluster 1 - CLIENT] - INFO - [Store 809] Evaluation - Loss: 0.3255, MAE: 0.4198
2025-04-01 14:04:34 - [Cluster 1 - CLIENT] - INFO - Sent reply
2025-04-01 14:04:34 - [Cluster 1 - CLIENT] - INFO - [Store 431] Evaluation - Loss: 0.3309, MAE: 0.4023
2025-04-01 14:04:34 - [Cluster 1 - CLIENT] - INFO - [Store 207] Evaluation - Loss: 0.2463, MAE: 0.3531
2025-04-01 14:04:34 - [Cluster 1 - CLIENT] - INFO - Sent reply
2025-04-01 14:04:34 - [Cluster 1 - CLIENT] - INFO - Sent reply
2025-04-01 14:04:34 - [Cluster 1 - CLIENT] - INFO - 
2025-04-01 14:04:34 - [Cluster 1 - CLIENT] - INFO - Received: evaluate message 2694655d-96c5-4bb1-a861-6b9b93acda27
2025-04-01 14:04:34 - [Cluster 1 - CLIENT] - INFO - [Store 526] Evaluation - Loss: 0.2511, MAE: 0.3645
2025-04-01 14:04:34 - [Cluster 1 - CLIENT] - INFO - [Store 562] Evaluation - Loss: 0.5437, MAE: 0.5637
2025-04-01 14:04:34 - [Cluster 1 - CLIENT] - INFO - 
2025-04-01 14:04:34 - [Cluster 1 - CLIENT] - INFO - Received: evaluate message 3bb6660c-5273-4b58-ace4-43bcde5b6bb0
2025-04-01 14:04:34 - [Cluster 1 - CLIENT] - INFO - Sent reply
2025-04-01 14:04:34 - [Cluster 1 - CLIENT] - INFO - Sent reply
2025-04-01 14:04:34 - [Cluster 1 - CLIENT] - INFO - 
2025-04-01 14:04:34 - [Cluster 1 - CLIENT] - INFO - Received: evaluate message f88e41e9-191b-473a-bb74-3408e6d9f955
2025-04-01 14:04:34 - [Cluster 1 - CLIENT] - INFO - 
2025-04-01 14:04:34 - [Cluster 1 - CLIENT] - INFO - Received: evaluate message 99b05442-6db9-4e63-9a63-921048b02da9
2025-04-01 14:04:34 - [Cluster 1 - CLIENT] - INFO - [Store 665] Evaluation - Loss: 0.2827, MAE: 0.3594
2025-04-01 14:04:34 - [Cluster 1 - CLIENT] - INFO - Sent reply
2025-04-01 14:04:34 - [Cluster 1 - CLIENT] - INFO - 
2025-04-01 14:04:34 - [Cluster 1 - CLIENT] - INFO - Received: evaluate message ce118644-8633-4092-98e5-41abaef88264
2025-04-01 14:04:34 - [Cluster 1 - CLIENT] - INFO - [Store 1033] Evaluation - Loss: 0.2673, MAE: 0.3615
2025-04-01 14:04:34 - [Cluster 1 - CLIENT] - INFO - 
2025-04-01 14:04:34 - [Cluster 1 - CLIENT] - INFO - Sent reply
2025-04-01 14:04:34 - [Cluster 1 - CLIENT] - INFO - Received: evaluate message b16d918c-25e0-4f15-980b-af8c65ecdd45
2025-04-01 14:04:34 - [Cluster 1 - CLIENT] - INFO - [Store 195] Evaluation - Loss: 0.3229, MAE: 0.4015
2025-04-01 14:04:34 - [Cluster 1 - CLIENT] - INFO - [Store 755] Evaluation - Loss: 0.2838, MAE: 0.3535
2025-04-01 14:04:34 - [Cluster 1 - CLIENT] - INFO - [Store 615] Evaluation - Loss: 0.2758, MAE: 0.3323
2025-04-01 14:04:34 - [Cluster 1 - CLIENT] - INFO - Sent reply
2025-04-01 14:04:34 - [Cluster 1 - CLIENT] - INFO - Sent reply
2025-04-01 14:04:34 - [Cluster 1 - CLIENT] - INFO - Sent reply
2025-04-01 14:04:34 - [Cluster 1 - CLIENT] - INFO - 
2025-04-01 14:04:34 - [Cluster 1 - CLIENT] - INFO - 
2025-04-01 14:04:34 - [Cluster 1 - CLIENT] - INFO - Received: evaluate message 94d5c07b-105f-48c9-af51-ee93493d6db8
2025-04-01 14:04:34 - [Cluster 1 - CLIENT] - INFO - Received: evaluate message ed000725-54e1-4876-b1dc-65bac054b67b
2025-04-01 14:04:34 - [Cluster 1 - CLIENT] - INFO - 
2025-04-01 14:04:34 - [Cluster 1 - CLIENT] - INFO - Received: evaluate message b742b405-a34b-4fba-bf03-7decd7a50734
2025-04-01 14:04:34 - [Cluster 1 - CLIENT] - INFO - 
2025-04-01 14:04:34 - [Cluster 1 - CLIENT] - INFO - Received: evaluate message 43be2fec-432d-47f3-8fff-8c7bfcacdaf8
2025-04-01 14:04:34 - [Cluster 1 - CLIENT] - INFO - 
2025-04-01 14:04:34 - [Cluster 1 - CLIENT] - INFO - Received: evaluate message d5b0bfcd-7335-4562-ae99-86c89f4ae20c
2025-04-01 14:04:34 - [Cluster 1 - CLIENT] - INFO - [Store 655] Evaluation - Loss: 0.3803, MAE: 0.4502
2025-04-01 14:04:34 - [Cluster 1 - CLIENT] - INFO - Sent reply
2025-04-01 14:04:35 - [Cluster 1 - CLIENT] - INFO - 
2025-04-01 14:04:35 - [Cluster 1 - CLIENT] - INFO - Received: evaluate message 83e7b871-51b6-409b-b66f-1b3387089876
2025-04-01 14:04:35 - [Cluster 1 - CLIENT] - INFO - [Store 914] Evaluation - Loss: 0.2723, MAE: 0.3552
2025-04-01 14:04:35 - [Cluster 1 - CLIENT] - INFO - Sent reply
2025-04-01 14:04:35 - [Cluster 1 - CLIENT] - INFO - 
2025-04-01 14:04:35 - [Cluster 1 - CLIENT] - INFO - Received: evaluate message c425b496-7854-40ce-bc4e-80172432261b
2025-04-01 14:04:37 - [Cluster 1 - CLIENT] - INFO - [Store 527] Evaluation - Loss: 0.3074, MAE: 0.3737
2025-04-01 14:04:37 - [Cluster 1 - CLIENT] - INFO - Sent reply
2025-04-01 14:04:37 - [Cluster 1 - CLIENT] - INFO - [Store 682] Evaluation - Loss: 0.3985, MAE: 0.5069
2025-04-01 14:04:37 - [Cluster 1 - CLIENT] - INFO - Sent reply
2025-04-01 14:04:37 - [Cluster 1 - CLIENT] - INFO - [Store 579] Evaluation - Loss: 0.2911, MAE: 0.3717
2025-04-01 14:04:37 - [Cluster 1 - CLIENT] - INFO - Sent reply
2025-04-01 14:04:37 - [Cluster 1 - CLIENT] - INFO - [Store 608] Evaluation - Loss: 0.3172, MAE: 0.4252
2025-04-01 14:04:37 - [Cluster 1 - CLIENT] - INFO - Sent reply
2025-04-01 14:04:37 - [Cluster 1 - CLIENT] - INFO - [Store 938] Evaluation - Loss: 0.2448, MAE: 0.3079
2025-04-01 14:04:37 - [Cluster 1 - CLIENT] - INFO - Sent reply
2025-04-01 14:04:37 - [Cluster 1 - CLIENT] - INFO - [Store 532] Evaluation - Loss: 0.4046, MAE: 0.4415
2025-04-01 14:04:37 - [Cluster 1 - CLIENT] - INFO - Sent reply
2025-04-01 14:04:37 - [Cluster 1 - CLIENT] - INFO - [Store 849] Evaluation - Loss: 0.2593, MAE: 0.3414
2025-04-01 14:04:37 - [Cluster 1 - CLIENT] - INFO - Sent reply
2025-04-01 14:04:37 - [Cluster 1 - CLIENT] - INFO - [Store 384] Evaluation - Loss: 0.2886, MAE: 0.3937
2025-04-01 14:04:37 - [Cluster 1 - CLIENT] - INFO - Sent reply
2025-04-01 14:04:37 - [Cluster 1 - CLIENT] - INFO - [Store 211] Evaluation - Loss: 0.2871, MAE: 0.4013
2025-04-01 14:04:37 - [Cluster 1 - CLIENT] - INFO - Sent reply
2025-04-01 14:04:37 - [Cluster 1 - CLIENT] - INFO - [Store 106] Evaluation - Loss: 0.2367, MAE: 0.3446
2025-04-01 14:04:37 - [Cluster 1 - CLIENT] - INFO - Sent reply
2025-04-01 14:04:37 - [Cluster 1 - CLIENT] - INFO - [Store 269] Evaluation - Loss: 0.3288, MAE: 0.4282
2025-04-01 14:04:37 - [Cluster 1 - CLIENT] - INFO - Sent reply
2025-04-01 14:04:37 - [Cluster 1 - CLIENT] - INFO - [Store 382] Evaluation - Loss: 0.2590, MAE: 0.3771
2025-04-01 14:04:37 - [Cluster 1 - CLIENT] - INFO - [Store 906] Evaluation - Loss: 0.2840, MAE: 0.3505
2025-04-01 14:04:37 - [Cluster 1 - CLIENT] - INFO - Sent reply
2025-04-01 14:04:37 - [Cluster 1 - CLIENT] - INFO - Sent reply
2025-04-01 14:04:37 - [Cluster 1 - CLIENT] - INFO - [Store 999] Evaluation - Loss: 0.2687, MAE: 0.3904
2025-04-01 14:04:37 - [Cluster 1 - CLIENT] - INFO - Sent reply
2025-04-01 14:04:37 - [Cluster 1 - CLIENT] - INFO - [Store 753] Evaluation - Loss: 0.2857, MAE: 0.3756
2025-04-01 14:04:37 - [Cluster 1 - CLIENT] - INFO - Sent reply
2025-04-01 14:04:37 - [Cluster 1 - CLIENT] - INFO - 
2025-04-01 14:04:37 - [Cluster 1 - CLIENT] - INFO - Received: train message 8e966869-1a63-4e45-a172-e66a93ed7cad
2025-04-01 14:04:37 - [Cluster 1 - CLIENT] - INFO - 
2025-04-01 14:04:37 - [Cluster 1 - CLIENT] - INFO - Received: train message 3eee5573-9253-43fe-876b-1154f1d48de6
2025-04-01 14:04:37 - [Cluster 1 - CLIENT] - INFO - 
2025-04-01 14:04:37 - [Cluster 1 - CLIENT] - INFO - Received: train message 81aafb1c-173f-4510-a6b2-596d8befa809
2025-04-01 14:04:37 - [Cluster 1 - CLIENT] - INFO - [Store 579] Starting local training.
2025-04-01 14:04:37 - [Cluster 1 - CLIENT] - INFO - 
2025-04-01 14:04:37 - [Cluster 1 - CLIENT] - INFO - [Store 682] Starting local training.
2025-04-01 14:04:37 - [Cluster 1 - CLIENT] - INFO - Received: train message 9151ec46-a4f8-41fb-9420-91141ed0430b
2025-04-01 14:04:37 - [Cluster 1 - CLIENT] - INFO - 
2025-04-01 14:04:37 - [Cluster 1 - CLIENT] - INFO - Received: train message e3b419db-7098-4e24-bcf6-86caaccdee17
2025-04-01 14:04:37 - [Cluster 1 - CLIENT] - INFO - 
2025-04-01 14:04:37 - [Cluster 1 - CLIENT] - INFO - Received: train message 8d2af834-d8bf-4a43-b971-653756b78333
2025-04-01 14:04:37 - [Cluster 1 - CLIENT] - INFO - 
2025-04-01 14:04:37 - [Cluster 1 - CLIENT] - INFO - Received: train message 12177ceb-88a6-4c1d-8f62-9562efbffc57
2025-04-01 14:04:37 - [Cluster 1 - CLIENT] - INFO - 
2025-04-01 14:04:37 - [Cluster 1 - CLIENT] - INFO - Received: train message bd861eb9-9fe3-4dba-9bea-58938682edc1
2025-04-01 14:04:37 - [Cluster 1 - CLIENT] - INFO - 
2025-04-01 14:04:37 - [Cluster 1 - CLIENT] - INFO - Received: train message 4c7b16ca-8f82-482e-bfb4-38deb99ad9b4
2025-04-01 14:04:37 - [Cluster 1 - CLIENT] - INFO - [Store 431] Starting local training.
2025-04-01 14:04:37 - [Cluster 1 - CLIENT] - INFO - [Store 906] Starting local training.
2025-04-01 14:04:37 - [Cluster 1 - CLIENT] - INFO - [Store 269] Starting local training.
2025-04-01 14:04:37 - [Cluster 1 - CLIENT] - INFO - 
2025-04-01 14:04:37 - [Cluster 1 - CLIENT] - INFO - Received: train message 72ec5d97-3da7-4a34-a523-749a5079c5c1
2025-04-01 14:04:37 - [Cluster 1 - CLIENT] - INFO - [Store 382] Starting local training.
2025-04-01 14:04:37 - [Cluster 1 - CLIENT] - INFO - 
2025-04-01 14:04:37 - [Cluster 1 - CLIENT] - INFO - Received: train message 2b35cb46-5736-4218-839f-e8fb90eca3cd
2025-04-01 14:04:37 - [Cluster 1 - CLIENT] - INFO - [Store 608] Starting local training.
2025-04-01 14:04:37 - [Cluster 1 - CLIENT] - INFO - 
2025-04-01 14:04:37 - [Cluster 1 - CLIENT] - INFO - Received: train message e1560774-2b39-42e5-9e1d-4ced1ab660f4
2025-04-01 14:04:37 - [Cluster 1 - CLIENT] - INFO - 
2025-04-01 14:04:37 - [Cluster 1 - CLIENT] - INFO - Received: train message 81db8c64-4a4c-415b-8d8e-6fb80948f32c
2025-04-01 14:04:37 - [Cluster 1 - CLIENT] - INFO - 
2025-04-01 14:04:37 - [Cluster 1 - CLIENT] - INFO - Received: train message dfafd2cf-8057-409a-b595-ebf49fc4c8b8
2025-04-01 14:04:37 - [Cluster 1 - CLIENT] - INFO - 
2025-04-01 14:04:37 - [Cluster 1 - CLIENT] - INFO - Received: train message 41bb1e73-fe39-466f-b9d1-aa549b516959
2025-04-01 14:04:37 - [Cluster 1 - CLIENT] - INFO - [Store 211] Starting local training.
2025-04-01 14:04:37 - [Cluster 1 - CLIENT] - INFO - [Store 1033] Starting local training.
2025-04-01 14:04:37 - [Cluster 1 - CLIENT] - INFO - [Store 755] Starting local training.
2025-04-01 14:04:37 - [Cluster 1 - CLIENT] - INFO - [Store 665] Starting local training.
2025-04-01 14:04:37 - [Cluster 1 - CLIENT] - INFO - [Store 699] Starting local training.
2025-04-01 14:04:37 - [Cluster 1 - CLIENT] - INFO - [Store 914] Starting local training.
2025-04-01 14:04:37 - [Cluster 1 - CLIENT] - INFO - [Store 562] Starting local training.
2025-04-01 14:04:37 - [Cluster 1 - CLIENT] - INFO - [Store 195] Starting local training.
2025-04-01 14:09:21 - [Cluster 1 - CLIENT] - INFO - [Store 562] Local training complete.
2025-04-01 14:09:21 - [Cluster 1 - CLIENT] - INFO - Sent reply
2025-04-01 14:09:21 - [Cluster 1 - CLIENT] - INFO - 
2025-04-01 14:09:21 - [Cluster 1 - CLIENT] - INFO - Received: train message a49d41dd-998d-43bf-9de8-44a547261145
2025-04-01 14:09:21 - [Cluster 1 - CLIENT] - INFO - [Store 526] Starting local training.
2025-04-01 14:09:21 - [Cluster 1 - CLIENT] - INFO - [Store 269] Local training complete.
2025-04-01 14:09:22 - [Cluster 1 - CLIENT] - INFO - Sent reply
2025-04-01 14:09:22 - [Cluster 1 - CLIENT] - INFO - 
2025-04-01 14:09:22 - [Cluster 1 - CLIENT] - INFO - Received: train message f3763767-1246-43f1-add4-69b188dc9dd8
2025-04-01 14:09:22 - [Cluster 1 - CLIENT] - INFO - [Store 655] Starting local training.
2025-04-01 14:09:23 - [Cluster 1 - CLIENT] - INFO - [Store 665] Local training complete.
2025-04-01 14:09:24 - [Cluster 1 - CLIENT] - INFO - Sent reply
2025-04-01 14:09:24 - [Cluster 1 - CLIENT] - INFO - 
2025-04-01 14:09:24 - [Cluster 1 - CLIENT] - INFO - Received: train message 38db8fc6-1753-4d7c-be7c-4509914961fe
2025-04-01 14:09:24 - [Cluster 1 - CLIENT] - INFO - [Store 615] Starting local training.
2025-04-01 14:09:24 - [Cluster 1 - CLIENT] - INFO - [Store 382] Local training complete.
2025-04-01 14:09:24 - [Cluster 1 - CLIENT] - INFO - Sent reply
2025-04-01 14:09:25 - [Cluster 1 - CLIENT] - INFO - 
2025-04-01 14:09:25 - [Cluster 1 - CLIENT] - INFO - Received: train message 58c0abf2-dd50-4834-b502-b9e7ade7a889
2025-04-01 14:09:25 - [Cluster 1 - CLIENT] - INFO - [Store 938] Starting local training.
2025-04-01 14:09:25 - [Cluster 1 - CLIENT] - INFO - [Store 431] Local training complete.
2025-04-01 14:09:25 - [Cluster 1 - CLIENT] - INFO - Sent reply
2025-04-01 14:09:25 - [Cluster 1 - CLIENT] - INFO - 
2025-04-01 14:09:25 - [Cluster 1 - CLIENT] - INFO - Received: train message e4cddb41-7382-43e3-877b-1e1861f46cc1
2025-04-01 14:09:26 - [Cluster 1 - CLIENT] - INFO - [Store 524] Starting local training.
2025-04-01 14:09:27 - [Cluster 1 - CLIENT] - INFO - [Store 211] Local training complete.
2025-04-01 14:09:27 - [Cluster 1 - CLIENT] - INFO - Sent reply
2025-04-01 14:09:28 - [Cluster 1 - CLIENT] - INFO - [Store 1033] Local training complete.
2025-04-01 14:09:28 - [Cluster 1 - CLIENT] - INFO - 
2025-04-01 14:09:28 - [Cluster 1 - CLIENT] - INFO - Received: train message 25c23c79-4043-4cff-893a-b379a17fe7e5
2025-04-01 14:09:28 - [Cluster 1 - CLIENT] - INFO - Sent reply
2025-04-01 14:09:28 - [Cluster 1 - CLIENT] - INFO - 
2025-04-01 14:09:28 - [Cluster 1 - CLIENT] - INFO - Received: train message 8817043c-ef52-4501-8957-e0974592b419
2025-04-01 14:09:28 - [Cluster 1 - CLIENT] - INFO - [Store 809] Starting local training.
2025-04-01 14:09:28 - [Cluster 1 - CLIENT] - INFO - [Store 532] Starting local training.
2025-04-01 14:09:28 - [Cluster 1 - CLIENT] - INFO - [Store 906] Local training complete.
2025-04-01 14:09:28 - [Cluster 1 - CLIENT] - INFO - Sent reply
2025-04-01 14:09:28 - [Cluster 1 - CLIENT] - INFO - 
2025-04-01 14:09:28 - [Cluster 1 - CLIENT] - INFO - Received: train message 95f84edd-752f-4579-a957-b0af9ba57ee0
2025-04-01 14:09:28 - [Cluster 1 - CLIENT] - INFO - [Store 384] Starting local training.
2025-04-01 14:09:29 - [Cluster 1 - CLIENT] - INFO - [Store 608] Local training complete.
2025-04-01 14:09:29 - [Cluster 1 - CLIENT] - INFO - Sent reply
2025-04-01 14:09:29 - [Cluster 1 - CLIENT] - INFO - 
2025-04-01 14:09:29 - [Cluster 1 - CLIENT] - INFO - Received: train message 2e32e902-3c6c-43ed-8cf0-2935e23c4859
2025-04-01 14:09:29 - [Cluster 1 - CLIENT] - INFO - [Store 999] Starting local training.
2025-04-01 14:09:30 - [Cluster 1 - CLIENT] - INFO - [Store 755] Local training complete.
2025-04-01 14:09:30 - [Cluster 1 - CLIENT] - INFO - Sent reply
2025-04-01 14:09:31 - [Cluster 1 - CLIENT] - INFO - 
2025-04-01 14:09:31 - [Cluster 1 - CLIENT] - INFO - Received: train message 974105ac-3339-45fb-a1e6-82a0e34d2e85
2025-04-01 14:09:31 - [Cluster 1 - CLIENT] - INFO - [Store 527] Starting local training.
2025-04-01 14:09:31 - [Cluster 1 - CLIENT] - INFO - [Store 699] Local training complete.
2025-04-01 14:09:32 - [Cluster 1 - CLIENT] - INFO - Sent reply
2025-04-01 14:09:32 - [Cluster 1 - CLIENT] - INFO - 
2025-04-01 14:09:32 - [Cluster 1 - CLIENT] - INFO - Received: train message b0e5e0dd-c839-4d0b-8a71-8f73a335e286
2025-04-01 14:09:32 - [Cluster 1 - CLIENT] - INFO - [Store 207] Starting local training.
2025-04-01 14:09:32 - [Cluster 1 - CLIENT] - INFO - [Store 195] Local training complete.
2025-04-01 14:09:32 - [Cluster 1 - CLIENT] - INFO - Sent reply
2025-04-01 14:09:32 - [Cluster 1 - CLIENT] - INFO - 
2025-04-01 14:09:32 - [Cluster 1 - CLIENT] - INFO - Received: train message 530d566c-7f59-4036-9c95-c1f7e4188148
2025-04-01 14:09:32 - [Cluster 1 - CLIENT] - INFO - [Store 753] Starting local training.
2025-04-01 14:09:33 - [Cluster 1 - CLIENT] - INFO - [Store 579] Local training complete.
2025-04-01 14:09:33 - [Cluster 1 - CLIENT] - INFO - Sent reply
2025-04-01 14:09:33 - [Cluster 1 - CLIENT] - INFO - 
2025-04-01 14:09:33 - [Cluster 1 - CLIENT] - INFO - Received: train message 15ca61d6-0557-4017-9e8e-2fca12a6f2ff
2025-04-01 14:09:33 - [Cluster 1 - CLIENT] - INFO - [Store 849] Starting local training.
2025-04-01 14:09:36 - [Cluster 1 - CLIENT] - INFO - [Store 914] Local training complete.
2025-04-01 14:09:37 - [Cluster 1 - CLIENT] - INFO - Sent reply
2025-04-01 14:09:37 - [Cluster 1 - CLIENT] - INFO - 
2025-04-01 14:09:37 - [Cluster 1 - CLIENT] - INFO - Received: train message ea284340-1ee5-4a58-bef0-33775587d188
2025-04-01 14:09:37 - [Cluster 1 - CLIENT] - INFO - [Store 106] Starting local training.
2025-04-01 14:09:43 - [Cluster 1 - CLIENT] - INFO - [Store 682] Local training complete.
2025-04-01 14:09:44 - [Cluster 1 - CLIENT] - INFO - Sent reply
2025-04-01 14:09:44 - [Cluster 1 - CLIENT] - INFO - 
2025-04-01 14:09:44 - [Cluster 1 - CLIENT] - INFO - Received: train message 68b6ca95-894b-4cca-b644-c57dc6bdbc5d
2025-04-01 14:09:44 - [Cluster 1 - CLIENT] - INFO - [Store 807] Starting local training.
2025-04-01 14:14:42 - [Cluster 1 - CLIENT] - INFO - [Store 615] Local training complete.
2025-04-01 14:14:42 - [Cluster 1 - CLIENT] - INFO - Sent reply
2025-04-01 14:14:43 - [Cluster 1 - CLIENT] - INFO - [Store 526] Local training complete.
2025-04-01 14:14:43 - [Cluster 1 - CLIENT] - INFO - [Store 655] Local training complete.
2025-04-01 14:14:43 - [Cluster 1 - CLIENT] - INFO - Sent reply
2025-04-01 14:14:43 - [Cluster 1 - CLIENT] - INFO - Sent reply
2025-04-01 14:14:45 - [Cluster 1 - CLIENT] - INFO - [Store 532] Local training complete.
2025-04-01 14:14:45 - [Cluster 1 - CLIENT] - INFO - Sent reply
2025-04-01 14:14:46 - [Cluster 1 - CLIENT] - INFO - [Store 938] Local training complete.
2025-04-01 14:14:46 - [Cluster 1 - CLIENT] - INFO - [Store 384] Local training complete.
2025-04-01 14:14:46 - [Cluster 1 - CLIENT] - INFO - Sent reply
2025-04-01 14:14:46 - [Cluster 1 - CLIENT] - INFO - Sent reply
2025-04-01 14:14:47 - [Cluster 1 - CLIENT] - INFO - [Store 753] Local training complete.
2025-04-01 14:14:47 - [Cluster 1 - CLIENT] - INFO - Sent reply
2025-04-01 14:14:50 - [Cluster 1 - CLIENT] - INFO - [Store 524] Local training complete.
2025-04-01 14:14:50 - [Cluster 1 - CLIENT] - INFO - [Store 106] Local training complete.
2025-04-01 14:14:50 - [Cluster 1 - CLIENT] - INFO - Sent reply
2025-04-01 14:14:50 - [Cluster 1 - CLIENT] - INFO - Sent reply
2025-04-01 14:14:51 - [Cluster 1 - CLIENT] - INFO - [Store 849] Local training complete.
2025-04-01 14:14:51 - [Cluster 1 - CLIENT] - INFO - Sent reply
2025-04-01 14:14:52 - [Cluster 1 - CLIENT] - INFO - [Store 999] Local training complete.
2025-04-01 14:14:52 - [Cluster 1 - CLIENT] - INFO - [Store 527] Local training complete.
2025-04-01 14:14:52 - [Cluster 1 - CLIENT] - INFO - Sent reply
2025-04-01 14:14:52 - [Cluster 1 - CLIENT] - INFO - Sent reply
2025-04-01 14:14:52 - [Cluster 1 - CLIENT] - INFO - [Store 807] Local training complete.
2025-04-01 14:14:52 - [Cluster 1 - CLIENT] - INFO - Sent reply
2025-04-01 14:14:52 - [Cluster 1 - CLIENT] - INFO - [Store 809] Local training complete.
2025-04-01 14:14:52 - [Cluster 1 - CLIENT] - INFO - Sent reply
2025-04-01 14:14:52 - [Cluster 1 - CLIENT] - INFO - [Store 207] Local training complete.
2025-04-01 14:14:52 - [Cluster 1 - CLIENT] - INFO - Sent reply
2025-04-01 14:14:52 - [Cluster 1 - CLIENT] - INFO - 
2025-04-01 14:14:52 - [Cluster 1 - CLIENT] - INFO - Received: evaluate message 83cf3af5-abcd-4045-bd1e-93f42a2e6b19
2025-04-01 14:14:52 - [Cluster 1 - CLIENT] - INFO - 
2025-04-01 14:14:52 - [Cluster 1 - CLIENT] - INFO - Received: evaluate message 2c2fd250-ce78-453f-a967-e2d45e9f47a8
2025-04-01 14:14:52 - [Cluster 1 - CLIENT] - INFO - 
2025-04-01 14:14:52 - [Cluster 1 - CLIENT] - INFO - Received: evaluate message 6ec37e9f-f425-4470-9ebf-18e3e6faa37a
2025-04-01 14:14:52 - [Cluster 1 - CLIENT] - INFO - 
2025-04-01 14:14:52 - [Cluster 1 - CLIENT] - INFO - Received: evaluate message 36e14dfb-1f37-4e96-86ef-6af7c877487a
2025-04-01 14:14:52 - [Cluster 1 - CLIENT] - INFO - 
2025-04-01 14:14:52 - [Cluster 1 - CLIENT] - INFO - Received: evaluate message a586de6c-0dcd-435d-9d4e-aa0442e7d76e
2025-04-01 14:14:52 - [Cluster 1 - CLIENT] - INFO - 
2025-04-01 14:14:52 - [Cluster 1 - CLIENT] - INFO - 
2025-04-01 14:14:52 - [Cluster 1 - CLIENT] - INFO - Received: evaluate message e4f08d3f-9b30-4b5f-9a45-0e5440903b48
2025-04-01 14:14:52 - [Cluster 1 - CLIENT] - INFO - 
2025-04-01 14:14:52 - [Cluster 1 - CLIENT] - INFO - 
2025-04-01 14:14:52 - [Cluster 1 - CLIENT] - INFO - Received: evaluate message 8f8cd8a7-5e51-47e3-9612-b7b0f856478d
2025-04-01 14:14:52 - [Cluster 1 - CLIENT] - INFO - Received: evaluate message 1fdf3777-42ed-4642-bfe0-545e14500bb5
2025-04-01 14:14:52 - [Cluster 1 - CLIENT] - INFO - Received: evaluate message 655bd652-7380-4acd-bd07-2f91550e2b5d
2025-04-01 14:14:52 - [Cluster 1 - CLIENT] - INFO - 
2025-04-01 14:14:52 - [Cluster 1 - CLIENT] - INFO - 
2025-04-01 14:14:52 - [Cluster 1 - CLIENT] - INFO - 
2025-04-01 14:14:52 - [Cluster 1 - CLIENT] - INFO - Received: evaluate message 2404506e-d059-4bfe-8e9e-5bd6544dd943
2025-04-01 14:14:52 - [Cluster 1 - CLIENT] - INFO - Received: evaluate message 654af82b-5769-4a61-803b-7dd0d0b687cd
2025-04-01 14:14:52 - [Cluster 1 - CLIENT] - INFO - 
2025-04-01 14:14:52 - [Cluster 1 - CLIENT] - INFO - Received: evaluate message 2895317e-7f7e-4370-84f2-cfb389379ad7
2025-04-01 14:14:52 - [Cluster 1 - CLIENT] - INFO - Received: evaluate message f0e8e34a-97af-4f1a-ac36-8270d3ff070a
2025-04-01 14:14:52 - [Cluster 1 - CLIENT] - INFO - 
2025-04-01 14:14:52 - [Cluster 1 - CLIENT] - INFO - Received: evaluate message ebe69033-c10a-4d59-98a6-21f492b48d01
2025-04-01 14:14:53 - [Cluster 1 - CLIENT] - INFO - 
2025-04-01 14:14:53 - [Cluster 1 - CLIENT] - INFO - Received: evaluate message 9a9dce77-93ec-449d-b1fc-703d9d74db23
2025-04-01 14:14:54 - [Cluster 1 - CLIENT] - INFO - [Store 753] Evaluation - Loss: 0.2454, MAE: 0.3371
2025-04-01 14:14:54 - [Cluster 1 - CLIENT] - INFO - Sent reply
2025-04-01 14:14:54 - [Cluster 1 - CLIENT] - INFO - 
2025-04-01 14:14:54 - [Cluster 1 - CLIENT] - INFO - Received: evaluate message e1f1febc-8bf5-4481-b158-66787be99923
2025-04-01 14:14:54 - [Cluster 1 - CLIENT] - INFO - [Store 999] Evaluation - Loss: 0.2309, MAE: 0.3506
2025-04-01 14:14:54 - [Cluster 1 - CLIENT] - INFO - Sent reply
2025-04-01 14:14:54 - [Cluster 1 - CLIENT] - INFO - [Store 655] Evaluation - Loss: 0.3577, MAE: 0.4208
2025-04-01 14:14:54 - [Cluster 1 - CLIENT] - INFO - Sent reply
2025-04-01 14:14:54 - [Cluster 1 - CLIENT] - INFO - [Store 938] Evaluation - Loss: 0.2154, MAE: 0.2817
2025-04-01 14:14:54 - [Cluster 1 - CLIENT] - INFO - 
2025-04-01 14:14:54 - [Cluster 1 - CLIENT] - INFO - Received: evaluate message 7db66813-20f4-42d5-afcf-dbe538af4bde
2025-04-01 14:14:54 - [Cluster 1 - CLIENT] - INFO - Sent reply
2025-04-01 14:14:54 - [Cluster 1 - CLIENT] - INFO - 
2025-04-01 14:14:54 - [Cluster 1 - CLIENT] - INFO - [Store 431] Evaluation - Loss: 0.3078, MAE: 0.3725
2025-04-01 14:14:54 - [Cluster 1 - CLIENT] - INFO - Received: evaluate message 24df6027-5fbe-420a-8d88-26981c218f51
2025-04-01 14:14:54 - [Cluster 1 - CLIENT] - INFO - 
2025-04-01 14:14:54 - [Cluster 1 - CLIENT] - INFO - Received: evaluate message d71c9758-6eb6-41a6-bade-e35dfdf72697
2025-04-01 14:14:54 - [Cluster 1 - CLIENT] - INFO - Sent reply
2025-04-01 14:14:54 - [Cluster 1 - CLIENT] - INFO - [Store 527] Evaluation - Loss: 0.2777, MAE: 0.3446
2025-04-01 14:14:54 - [Cluster 1 - CLIENT] - INFO - Sent reply
2025-04-01 14:14:54 - [Cluster 1 - CLIENT] - INFO - [Store 524] Evaluation - Loss: 0.2620, MAE: 0.3267
2025-04-01 14:14:54 - [Cluster 1 - CLIENT] - INFO - Sent reply
2025-04-01 14:14:54 - [Cluster 1 - CLIENT] - INFO - [Store 608] Evaluation - Loss: 0.2885, MAE: 0.3898
2025-04-01 14:14:54 - [Cluster 1 - CLIENT] - INFO - Sent reply
2025-04-01 14:14:54 - [Cluster 1 - CLIENT] - INFO - [Store 384] Evaluation - Loss: 0.2613, MAE: 0.3600
2025-04-01 14:14:54 - [Cluster 1 - CLIENT] - INFO - Sent reply
2025-04-01 14:14:54 - [Cluster 1 - CLIENT] - INFO - [Store 382] Evaluation - Loss: 0.2208, MAE: 0.3356
2025-04-01 14:14:54 - [Cluster 1 - CLIENT] - INFO - Sent reply
2025-04-01 14:14:54 - [Cluster 1 - CLIENT] - INFO - 
2025-04-01 14:14:54 - [Cluster 1 - CLIENT] - INFO - Received: evaluate message 70d0df0b-023c-4eb4-b510-540954ec0445
2025-04-01 14:14:54 - [Cluster 1 - CLIENT] - INFO - 
2025-04-01 14:14:54 - [Cluster 1 - CLIENT] - INFO - Received: evaluate message f4681c0b-442e-43f8-847d-b465cb9f3037
2025-04-01 14:14:54 - [Cluster 1 - CLIENT] - INFO - 
2025-04-01 14:14:54 - [Cluster 1 - CLIENT] - INFO - 
2025-04-01 14:14:54 - [Cluster 1 - CLIENT] - INFO - Received: evaluate message 0091ddb2-657d-4234-b2e2-643fa23e8d01
2025-04-01 14:14:54 - [Cluster 1 - CLIENT] - INFO - Received: evaluate message d7b4edbb-6d68-4e8f-8772-c8bcd54f30a9
2025-04-01 14:14:54 - [Cluster 1 - CLIENT] - INFO - 
2025-04-01 14:14:54 - [Cluster 1 - CLIENT] - INFO - Received: evaluate message 6c41fc96-a6cf-4c8c-99d2-ce79a6ef18fe
2025-04-01 14:14:54 - [Cluster 1 - CLIENT] - INFO - 
2025-04-01 14:14:54 - [Cluster 1 - CLIENT] - INFO - Received: evaluate message b1ce3701-bc9f-4153-bd59-5a7d5eba6a06
2025-04-01 14:14:54 - [Cluster 1 - CLIENT] - INFO - [Store 269] Evaluation - Loss: 0.2809, MAE: 0.3788
2025-04-01 14:14:54 - [Cluster 1 - CLIENT] - INFO - [Store 755] Evaluation - Loss: 0.2557, MAE: 0.3239
2025-04-01 14:14:54 - [Cluster 1 - CLIENT] - INFO - [Store 195] Evaluation - Loss: 0.2999, MAE: 0.3743
2025-04-01 14:14:54 - [Cluster 1 - CLIENT] - INFO - [Store 914] Evaluation - Loss: 0.2326, MAE: 0.3141
2025-04-01 14:14:54 - [Cluster 1 - CLIENT] - INFO - Sent reply
2025-04-01 14:14:54 - [Cluster 1 - CLIENT] - INFO - Sent reply
2025-04-01 14:14:54 - [Cluster 1 - CLIENT] - INFO - Sent reply
2025-04-01 14:14:54 - [Cluster 1 - CLIENT] - INFO - Sent reply
2025-04-01 14:14:54 - [Cluster 1 - CLIENT] - INFO - [Store 562] Evaluation - Loss: 0.4966, MAE: 0.5392
2025-04-01 14:14:54 - [Cluster 1 - CLIENT] - INFO - Sent reply
2025-04-01 14:14:54 - [Cluster 1 - CLIENT] - INFO - 
2025-04-01 14:14:54 - [Cluster 1 - CLIENT] - INFO - Received: evaluate message 6f05acca-266b-491a-afcf-643980573b1b
2025-04-01 14:14:54 - [Cluster 1 - CLIENT] - INFO - 
2025-04-01 14:14:54 - [Cluster 1 - CLIENT] - INFO - 
2025-04-01 14:14:55 - [Cluster 1 - CLIENT] - INFO - Received: evaluate message 3c08b401-286d-47d1-b45a-21141bccf73c
2025-04-01 14:14:55 - [Cluster 1 - CLIENT] - INFO - Received: evaluate message 4cf44b32-df63-4329-bd9d-46138688df5a
2025-04-01 14:14:55 - [Cluster 1 - CLIENT] - INFO - 
2025-04-01 14:14:55 - [Cluster 1 - CLIENT] - INFO - 
2025-04-01 14:14:55 - [Cluster 1 - CLIENT] - INFO - Received: evaluate message defc1314-b8a9-4358-b640-334315555d86
2025-04-01 14:14:55 - [Cluster 1 - CLIENT] - INFO - Received: evaluate message bd3645ef-ebdb-4318-b63b-b31fc39b6b44
2025-04-01 14:14:56 - [Cluster 1 - CLIENT] - INFO - [Store 526] Evaluation - Loss: 0.2210, MAE: 0.3342
2025-04-01 14:14:56 - [Cluster 1 - CLIENT] - INFO - Sent reply
2025-04-01 14:14:56 - [Cluster 1 - CLIENT] - INFO - [Store 807] Evaluation - Loss: 0.2875, MAE: 0.3583
2025-04-01 14:14:56 - [Cluster 1 - CLIENT] - INFO - Sent reply
2025-04-01 14:14:56 - [Cluster 1 - CLIENT] - INFO - [Store 106] Evaluation - Loss: 0.2091, MAE: 0.3145
2025-04-01 14:14:56 - [Cluster 1 - CLIENT] - INFO - Sent reply
2025-04-01 14:14:56 - [Cluster 1 - CLIENT] - INFO - [Store 579] Evaluation - Loss: 0.2267, MAE: 0.3155
2025-04-01 14:14:56 - [Cluster 1 - CLIENT] - INFO - [Store 1033] Evaluation - Loss: 0.2432, MAE: 0.3369
2025-04-01 14:14:56 - [Cluster 1 - CLIENT] - INFO - Sent reply
2025-04-01 14:14:56 - [Cluster 1 - CLIENT] - INFO - [Store 207] Evaluation - Loss: 0.2098, MAE: 0.3158
2025-04-01 14:14:56 - [Cluster 1 - CLIENT] - INFO - Sent reply
2025-04-01 14:14:56 - [Cluster 1 - CLIENT] - INFO - Sent reply
2025-04-01 14:14:56 - [Cluster 1 - CLIENT] - INFO - [Store 615] Evaluation - Loss: 0.2316, MAE: 0.2899
2025-04-01 14:14:56 - [Cluster 1 - CLIENT] - INFO - Sent reply
2025-04-01 14:14:56 - [Cluster 1 - CLIENT] - INFO - [Store 849] Evaluation - Loss: 0.2303, MAE: 0.3126
2025-04-01 14:14:56 - [Cluster 1 - CLIENT] - INFO - Sent reply
2025-04-01 14:14:56 - [Cluster 1 - CLIENT] - INFO - [Store 682] Evaluation - Loss: 0.3663, MAE: 0.4818
2025-04-01 14:14:56 - [Cluster 1 - CLIENT] - INFO - [Store 699] Evaluation - Loss: 0.3929, MAE: 0.3835
2025-04-01 14:14:56 - [Cluster 1 - CLIENT] - INFO - Sent reply
2025-04-01 14:14:56 - [Cluster 1 - CLIENT] - INFO - Sent reply
2025-04-01 14:14:56 - [Cluster 1 - CLIENT] - INFO - [Store 532] Evaluation - Loss: 0.3800, MAE: 0.4109
2025-04-01 14:14:56 - [Cluster 1 - CLIENT] - INFO - Sent reply
2025-04-01 14:14:56 - [Cluster 1 - CLIENT] - INFO - [Store 809] Evaluation - Loss: 0.3021, MAE: 0.3944
2025-04-01 14:14:56 - [Cluster 1 - CLIENT] - INFO - Sent reply
2025-04-01 14:14:56 - [Cluster 1 - CLIENT] - INFO - [Store 906] Evaluation - Loss: 0.2365, MAE: 0.3058
2025-04-01 14:14:56 - [Cluster 1 - CLIENT] - INFO - Sent reply
2025-04-01 14:14:56 - [Cluster 1 - CLIENT] - INFO - [Store 211] Evaluation - Loss: 0.2612, MAE: 0.3686
2025-04-01 14:14:56 - [Cluster 1 - CLIENT] - INFO - Sent reply
2025-04-01 14:14:56 - [Cluster 1 - CLIENT] - INFO - [Store 665] Evaluation - Loss: 0.2436, MAE: 0.3187
2025-04-01 14:14:56 - [Cluster 1 - CLIENT] - INFO - Sent reply
2025-04-01 14:14:56 - [Cluster 1 - CLIENT] - INFO - 
2025-04-01 14:14:56 - [Cluster 1 - CLIENT] - INFO - Received: train message d8ad98e3-ee8d-45a7-a8ac-ca3450b078dc
2025-04-01 14:14:56 - [Cluster 1 - CLIENT] - INFO - 
2025-04-01 14:14:56 - [Cluster 1 - CLIENT] - INFO - Received: train message 6ced86ff-d563-42ad-8b99-bb100bb63059
2025-04-01 14:14:56 - [Cluster 1 - CLIENT] - INFO - 
2025-04-01 14:14:56 - [Cluster 1 - CLIENT] - INFO - Received: train message ef8dce4e-aaff-42c0-8edc-30492c7dc7ca
2025-04-01 14:14:56 - [Cluster 1 - CLIENT] - INFO - 
2025-04-01 14:14:56 - [Cluster 1 - CLIENT] - INFO - Received: train message a0b0520f-982d-4281-9117-ba4e2db9380e
2025-04-01 14:14:56 - [Cluster 1 - CLIENT] - INFO - 
2025-04-01 14:14:56 - [Cluster 1 - CLIENT] - INFO - Received: train message 95d4f808-7306-4954-ab6d-b38f75b3bbd2
2025-04-01 14:14:56 - [Cluster 1 - CLIENT] - INFO - [Store 526] Starting local training.
2025-04-01 14:14:56 - [Cluster 1 - CLIENT] - INFO - [Store 532] Starting local training.
2025-04-01 14:14:56 - [Cluster 1 - CLIENT] - INFO - [Store 807] Starting local training.
2025-04-01 14:14:56 - [Cluster 1 - CLIENT] - INFO - 
2025-04-01 14:14:56 - [Cluster 1 - CLIENT] - INFO - Received: train message 8bf165b2-c0e8-473c-a7f7-7bd84c82b3f9
2025-04-01 14:14:56 - [Cluster 1 - CLIENT] - INFO - 
2025-04-01 14:14:56 - [Cluster 1 - CLIENT] - INFO - Received: train message eaee67ad-0b05-4ec4-85b9-381bf8257c0a
2025-04-01 14:14:56 - [Cluster 1 - CLIENT] - INFO - [Store 1033] Starting local training.
2025-04-01 14:14:56 - [Cluster 1 - CLIENT] - INFO - 
2025-04-01 14:14:56 - [Cluster 1 - CLIENT] - INFO - Received: train message 82f09e5c-7929-44cc-a555-21b4a0b8c946
2025-04-01 14:14:56 - [Cluster 1 - CLIENT] - INFO - 
2025-04-01 14:14:56 - [Cluster 1 - CLIENT] - INFO - Received: train message 5e0c7b14-573c-4d63-9886-9b40bb58669d
2025-04-01 14:14:56 - [Cluster 1 - CLIENT] - INFO - 
2025-04-01 14:14:56 - [Cluster 1 - CLIENT] - INFO - Received: train message b17c31b1-cb7f-4e78-9f26-46f895a182a9
2025-04-01 14:14:56 - [Cluster 1 - CLIENT] - INFO - 
2025-04-01 14:14:56 - [Cluster 1 - CLIENT] - INFO - Received: train message 36908088-e65b-4c1c-9d60-64dd587015a2
2025-04-01 14:14:56 - [Cluster 1 - CLIENT] - INFO - [Store 106] Starting local training.
2025-04-01 14:14:56 - [Cluster 1 - CLIENT] - INFO - [Store 562] Starting local training.
2025-04-01 14:14:56 - [Cluster 1 - CLIENT] - INFO - [Store 906] Starting local training.
2025-04-01 14:14:56 - [Cluster 1 - CLIENT] - INFO - 
2025-04-01 14:14:56 - [Cluster 1 - CLIENT] - INFO - Received: train message f956c949-b54e-4c66-a05d-7687b9f11fe6
2025-04-01 14:14:56 - [Cluster 1 - CLIENT] - INFO - 
2025-04-01 14:14:56 - [Cluster 1 - CLIENT] - INFO - Received: train message 8674d168-7c20-4da3-a7ee-26dee4af69cf
2025-04-01 14:14:56 - [Cluster 1 - CLIENT] - INFO - 
2025-04-01 14:14:56 - [Cluster 1 - CLIENT] - INFO - Received: train message 4a6db1e1-365b-4f4a-b179-e6f5f5463228
2025-04-01 14:14:56 - [Cluster 1 - CLIENT] - INFO - [Store 431] Starting local training.
2025-04-01 14:14:56 - [Cluster 1 - CLIENT] - INFO - 
2025-04-01 14:14:56 - [Cluster 1 - CLIENT] - INFO - Received: train message 4606a14f-cf16-483d-808f-cc73a8e31356
2025-04-01 14:14:56 - [Cluster 1 - CLIENT] - INFO - [Store 999] Starting local training.
2025-04-01 14:14:56 - [Cluster 1 - CLIENT] - INFO - [Store 699] Starting local training.
2025-04-01 14:14:56 - [Cluster 1 - CLIENT] - INFO - [Store 809] Starting local training.
2025-04-01 14:14:56 - [Cluster 1 - CLIENT] - INFO - [Store 655] Starting local training.
2025-04-01 14:14:56 - [Cluster 1 - CLIENT] - INFO - [Store 753] Starting local training.
2025-04-01 14:14:56 - [Cluster 1 - CLIENT] - INFO - [Store 195] Starting local training.
2025-04-01 14:14:56 - [Cluster 1 - CLIENT] - INFO - [Store 382] Starting local training.
2025-04-01 14:19:23 - [Cluster 1 - CLIENT] - INFO - [Store 807] Local training complete.
2025-04-01 14:19:23 - [Cluster 1 - CLIENT] - INFO - Sent reply
2025-04-01 14:19:23 - [Cluster 1 - CLIENT] - INFO - 
2025-04-01 14:19:23 - [Cluster 1 - CLIENT] - INFO - Received: train message 06e4d2e3-c6aa-4ed0-9ce0-821cc940c50c
2025-04-01 14:19:23 - [Cluster 1 - CLIENT] - INFO - [Store 914] Starting local training.
2025-04-01 14:19:24 - [Cluster 1 - CLIENT] - INFO - [Store 809] Local training complete.
2025-04-01 14:19:24 - [Cluster 1 - CLIENT] - INFO - Sent reply
2025-04-01 14:19:24 - [Cluster 1 - CLIENT] - INFO - 
2025-04-01 14:19:24 - [Cluster 1 - CLIENT] - INFO - Received: train message 9fc8cbc0-f741-45e9-bcee-56a6f8fa6189
2025-04-01 14:19:24 - [Cluster 1 - CLIENT] - INFO - [Store 269] Starting local training.
2025-04-01 14:19:24 - [Cluster 1 - CLIENT] - INFO - [Store 753] Local training complete.
2025-04-01 14:19:25 - [Cluster 1 - CLIENT] - INFO - Sent reply
2025-04-01 14:19:25 - [Cluster 1 - CLIENT] - INFO - 
2025-04-01 14:19:25 - [Cluster 1 - CLIENT] - INFO - Received: train message b706ab17-cf8f-4cc6-abd9-7b56b0fd0e0f
2025-04-01 14:19:25 - [Cluster 1 - CLIENT] - INFO - [Store 207] Starting local training.
2025-04-01 14:19:27 - [Cluster 1 - CLIENT] - INFO - [Store 532] Local training complete.
2025-04-01 14:19:27 - [Cluster 1 - CLIENT] - INFO - Sent reply
2025-04-01 14:19:27 - [Cluster 1 - CLIENT] - INFO - 
2025-04-01 14:19:27 - [Cluster 1 - CLIENT] - INFO - Received: train message 9c7cfc7c-e188-428d-b90f-0eec3a4c4c0a
2025-04-01 14:19:27 - [Cluster 1 - CLIENT] - INFO - [Store 615] Starting local training.
2025-04-01 14:19:28 - [Cluster 1 - CLIENT] - INFO - [Store 699] Local training complete.
2025-04-01 14:19:28 - [Cluster 1 - CLIENT] - INFO - Sent reply
2025-04-01 14:19:28 - [Cluster 1 - CLIENT] - INFO - 
2025-04-01 14:19:28 - [Cluster 1 - CLIENT] - INFO - Received: train message 0c364a9c-40e4-4a18-8cdd-13d81033dc27
2025-04-01 14:19:28 - [Cluster 1 - CLIENT] - INFO - [Store 755] Starting local training.
2025-04-01 14:19:28 - [Cluster 1 - CLIENT] - INFO - [Store 906] Local training complete.
2025-04-01 14:19:28 - [Cluster 1 - CLIENT] - INFO - Sent reply
2025-04-01 14:19:28 - [Cluster 1 - CLIENT] - INFO - 
2025-04-01 14:19:28 - [Cluster 1 - CLIENT] - INFO - Received: train message d4ec2adf-a27f-4d82-8661-df68c9b8d13a
2025-04-01 14:19:28 - [Cluster 1 - CLIENT] - INFO - [Store 524] Starting local training.
2025-04-01 14:19:29 - [Cluster 1 - CLIENT] - INFO - [Store 999] Local training complete.
2025-04-01 14:19:29 - [Cluster 1 - CLIENT] - INFO - Sent reply
2025-04-01 14:19:29 - [Cluster 1 - CLIENT] - INFO - 
2025-04-01 14:19:29 - [Cluster 1 - CLIENT] - INFO - Received: train message 8ff29ff7-47cb-4e5d-b9de-2e4118712561
2025-04-01 14:19:29 - [Cluster 1 - CLIENT] - INFO - [Store 527] Starting local training.
2025-04-01 14:19:30 - [Cluster 1 - CLIENT] - INFO - [Store 382] Local training complete.
2025-04-01 14:19:30 - [Cluster 1 - CLIENT] - INFO - [Store 195] Local training complete.
2025-04-01 14:19:30 - [Cluster 1 - CLIENT] - INFO - Sent reply
2025-04-01 14:19:30 - [Cluster 1 - CLIENT] - INFO - 
2025-04-01 14:19:30 - [Cluster 1 - CLIENT] - INFO - Received: train message b010dbb8-b4bf-4df0-855e-15037692bdad
2025-04-01 14:19:31 - [Cluster 1 - CLIENT] - INFO - Sent reply
2025-04-01 14:19:31 - [Cluster 1 - CLIENT] - INFO - 
2025-04-01 14:19:31 - [Cluster 1 - CLIENT] - INFO - Received: train message 9c605316-fa42-4fcc-a2e3-692c098fc0e2
2025-04-01 14:19:31 - [Cluster 1 - CLIENT] - INFO - [Store 608] Starting local training.
2025-04-01 14:19:31 - [Cluster 1 - CLIENT] - INFO - [Store 526] Local training complete.
2025-04-01 14:19:31 - [Cluster 1 - CLIENT] - INFO - Sent reply
2025-04-01 14:19:31 - [Cluster 1 - CLIENT] - INFO - 
2025-04-01 14:19:31 - [Cluster 1 - CLIENT] - INFO - Received: train message 835781e2-1ed3-41af-af72-1812a02e8071
2025-04-01 14:19:31 - [Cluster 1 - CLIENT] - INFO - [Store 211] Starting local training.
2025-04-01 14:19:31 - [Cluster 1 - CLIENT] - INFO - [Store 384] Starting local training.
2025-04-01 14:19:32 - [Cluster 1 - CLIENT] - INFO - [Store 1033] Local training complete.
2025-04-01 14:19:32 - [Cluster 1 - CLIENT] - INFO - Sent reply
2025-04-01 14:19:32 - [Cluster 1 - CLIENT] - INFO - 
2025-04-01 14:19:32 - [Cluster 1 - CLIENT] - INFO - Received: train message 4942b8ed-7b80-40ec-8081-52221069b557
2025-04-01 14:19:32 - [Cluster 1 - CLIENT] - INFO - [Store 682] Starting local training.
2025-04-01 14:19:33 - [Cluster 1 - CLIENT] - INFO - [Store 106] Local training complete.
2025-04-01 14:19:33 - [Cluster 1 - CLIENT] - INFO - Sent reply
2025-04-01 14:19:33 - [Cluster 1 - CLIENT] - INFO - 
2025-04-01 14:19:33 - [Cluster 1 - CLIENT] - INFO - Received: train message 4cad17d3-d49f-4a68-9cb6-79add90ad27a
2025-04-01 14:19:34 - [Cluster 1 - CLIENT] - INFO - [Store 849] Starting local training.
2025-04-01 14:19:37 - [Cluster 1 - CLIENT] - INFO - [Store 655] Local training complete.
2025-04-01 14:19:37 - [Cluster 1 - CLIENT] - INFO - Sent reply
2025-04-01 14:19:37 - [Cluster 1 - CLIENT] - INFO - 
2025-04-01 14:19:37 - [Cluster 1 - CLIENT] - INFO - Received: train message deabb824-147a-421d-a38b-d723e537107a
2025-04-01 14:19:37 - [Cluster 1 - CLIENT] - INFO - [Store 665] Starting local training.
2025-04-01 14:19:46 - [Cluster 1 - CLIENT] - INFO - [Store 431] Local training complete.
2025-04-01 14:19:46 - [Cluster 1 - CLIENT] - INFO - Sent reply
2025-04-01 14:19:46 - [Cluster 1 - CLIENT] - INFO - 
2025-04-01 14:19:46 - [Cluster 1 - CLIENT] - INFO - Received: train message d5b031f4-cca4-463c-a35e-2f41b5918f95
2025-04-01 14:19:46 - [Cluster 1 - CLIENT] - INFO - [Store 579] Starting local training.
2025-04-01 14:19:48 - [Cluster 1 - CLIENT] - INFO - [Store 562] Local training complete.
2025-04-01 14:19:48 - [Cluster 1 - CLIENT] - INFO - Sent reply
2025-04-01 14:19:48 - [Cluster 1 - CLIENT] - INFO - 
2025-04-01 14:19:48 - [Cluster 1 - CLIENT] - INFO - Received: train message dda5608d-b6e6-43f2-81f3-d83ab2040e6d
2025-04-01 14:19:48 - [Cluster 1 - CLIENT] - INFO - [Store 938] Starting local training.
2025-04-01 14:24:04 - [Cluster 1 - CLIENT] - INFO - [Store 207] Local training complete.
2025-04-01 14:24:04 - [Cluster 1 - CLIENT] - INFO - Sent reply
2025-04-01 14:24:07 - [Cluster 1 - CLIENT] - INFO - [Store 269] Local training complete.
2025-04-01 14:24:08 - [Cluster 1 - CLIENT] - INFO - Sent reply
2025-04-01 14:24:09 - [Cluster 1 - CLIENT] - INFO - [Store 527] Local training complete.
2025-04-01 14:24:09 - [Cluster 1 - CLIENT] - INFO - Sent reply
2025-04-01 14:24:09 - [Cluster 1 - CLIENT] - INFO - [Store 615] Local training complete.
2025-04-01 14:24:10 - [Cluster 1 - CLIENT] - INFO - Sent reply
2025-04-01 14:24:10 - [Cluster 1 - CLIENT] - INFO - [Store 211] Local training complete.
2025-04-01 14:24:10 - [Cluster 1 - CLIENT] - INFO - Sent reply
2025-04-01 14:24:10 - [Cluster 1 - CLIENT] - INFO - [Store 608] Local training complete.
2025-04-01 14:24:10 - [Cluster 1 - CLIENT] - INFO - Sent reply
2025-04-01 14:24:11 - [Cluster 1 - CLIENT] - INFO - [Store 914] Local training complete.
2025-04-01 14:24:11 - [Cluster 1 - CLIENT] - INFO - Sent reply
2025-04-01 14:24:11 - [Cluster 1 - CLIENT] - INFO - [Store 849] Local training complete.
2025-04-01 14:24:11 - [Cluster 1 - CLIENT] - INFO - Sent reply
2025-04-01 14:24:12 - [Cluster 1 - CLIENT] - INFO - [Store 524] Local training complete.
2025-04-01 14:24:12 - [Cluster 1 - CLIENT] - INFO - Sent reply
2025-04-01 14:24:12 - [Cluster 1 - CLIENT] - INFO - [Store 755] Local training complete.
2025-04-01 14:24:12 - [Cluster 1 - CLIENT] - INFO - Sent reply
2025-04-01 14:24:12 - [Cluster 1 - CLIENT] - INFO - [Store 665] Local training complete.
2025-04-01 14:24:12 - [Cluster 1 - CLIENT] - INFO - Sent reply
2025-04-01 14:24:13 - [Cluster 1 - CLIENT] - INFO - [Store 682] Local training complete.
2025-04-01 14:24:13 - [Cluster 1 - CLIENT] - INFO - Sent reply
2025-04-01 14:24:14 - [Cluster 1 - CLIENT] - INFO - [Store 579] Local training complete.
2025-04-01 14:24:14 - [Cluster 1 - CLIENT] - INFO - Sent reply
2025-04-01 14:24:14 - [Cluster 1 - CLIENT] - INFO - [Store 384] Local training complete.
2025-04-01 14:24:14 - [Cluster 1 - CLIENT] - INFO - Sent reply
2025-04-01 14:24:15 - [Cluster 1 - CLIENT] - INFO - [Store 938] Local training complete.
2025-04-01 14:24:15 - [Cluster 1 - CLIENT] - INFO - Sent reply
2025-04-01 14:24:15 - [Cluster 1 - CLIENT] - INFO - 
2025-04-01 14:24:15 - [Cluster 1 - CLIENT] - INFO - Received: evaluate message 06deda02-2204-47b8-afac-2c360323969b
2025-04-01 14:24:15 - [Cluster 1 - CLIENT] - INFO - 
2025-04-01 14:24:15 - [Cluster 1 - CLIENT] - INFO - Received: evaluate message 705c685c-4fe4-4398-aa02-36138c011cdf
2025-04-01 14:24:15 - [Cluster 1 - CLIENT] - INFO - 
2025-04-01 14:24:15 - [Cluster 1 - CLIENT] - INFO - Received: evaluate message e00a03ae-e65e-4fcc-88b1-b3816e7e1a9b
2025-04-01 14:24:15 - [Cluster 1 - CLIENT] - INFO - 
2025-04-01 14:24:15 - [Cluster 1 - CLIENT] - INFO - Received: evaluate message 48574b7f-8cdf-4820-8092-59ff6b61891b
2025-04-01 14:24:16 - [Cluster 1 - CLIENT] - INFO - 
2025-04-01 14:24:16 - [Cluster 1 - CLIENT] - INFO - Received: evaluate message afc16df4-5080-44b3-80c1-fdf4a75bf6d5
2025-04-01 14:24:16 - [Cluster 1 - CLIENT] - INFO - 
2025-04-01 14:24:16 - [Cluster 1 - CLIENT] - INFO - Received: evaluate message bbf6cfd8-e00c-4363-ad92-76aea6bca077
2025-04-01 14:24:16 - [Cluster 1 - CLIENT] - INFO - 
2025-04-01 14:24:16 - [Cluster 1 - CLIENT] - INFO - Received: evaluate message 56fd9693-8a1f-4a7c-af90-9f2215d732b0
2025-04-01 14:24:16 - [Cluster 1 - CLIENT] - INFO - 
2025-04-01 14:24:16 - [Cluster 1 - CLIENT] - INFO - Received: evaluate message 2ca8b11c-6381-4e15-8627-077d8eb3702e
2025-04-01 14:24:16 - [Cluster 1 - CLIENT] - INFO - 
2025-04-01 14:24:16 - [Cluster 1 - CLIENT] - INFO - Received: evaluate message 3416d319-ae81-4f51-9c1a-cf08743bb175
2025-04-01 14:24:16 - [Cluster 1 - CLIENT] - INFO - 
2025-04-01 14:24:16 - [Cluster 1 - CLIENT] - INFO - Received: evaluate message dc43e73f-633e-4e92-9b10-26fd0b2cf090
2025-04-01 14:24:16 - [Cluster 1 - CLIENT] - INFO - 
2025-04-01 14:24:16 - [Cluster 1 - CLIENT] - INFO - Received: evaluate message 1ec88cec-ae19-4705-8c3a-a82203ad3ebd
2025-04-01 14:24:16 - [Cluster 1 - CLIENT] - INFO - 
2025-04-01 14:24:16 - [Cluster 1 - CLIENT] - INFO - Received: evaluate message e10e4217-f261-4dde-9ff5-b0188975c11d
2025-04-01 14:24:16 - [Cluster 1 - CLIENT] - INFO - 
2025-04-01 14:24:16 - [Cluster 1 - CLIENT] - INFO - Received: evaluate message d90d0c9f-b6f0-4f3e-ba64-29c56f2b46ce
2025-04-01 14:24:16 - [Cluster 1 - CLIENT] - INFO - 
2025-04-01 14:24:16 - [Cluster 1 - CLIENT] - INFO - Received: evaluate message bf0808dd-8859-4511-ac52-9ea1ea08e5ec
2025-04-01 14:24:16 - [Cluster 1 - CLIENT] - INFO - 
2025-04-01 14:24:16 - [Cluster 1 - CLIENT] - INFO - Received: evaluate message ff5ecaa8-b016-4d18-b3a3-eb60c3b62706
2025-04-01 14:24:17 - [Cluster 1 - CLIENT] - INFO - [Store 849] Evaluation - Loss: 0.2189, MAE: 0.2959
2025-04-01 14:24:17 - [Cluster 1 - CLIENT] - INFO - Sent reply
2025-04-01 14:24:17 - [Cluster 1 - CLIENT] - INFO - 
2025-04-01 14:24:17 - [Cluster 1 - CLIENT] - INFO - Received: evaluate message a44b4568-011b-4a83-8e4f-11e2eae2ad4b
2025-04-01 14:24:17 - [Cluster 1 - CLIENT] - INFO - [Store 938] Evaluation - Loss: 0.2052, MAE: 0.2655
2025-04-01 14:24:17 - [Cluster 1 - CLIENT] - INFO - Sent reply
2025-04-01 14:24:17 - [Cluster 1 - CLIENT] - INFO - 
2025-04-01 14:24:17 - [Cluster 1 - CLIENT] - INFO - Received: evaluate message c495c6d2-4e3e-4709-b778-55d59bd23eb9
2025-04-01 14:24:17 - [Cluster 1 - CLIENT] - INFO - [Store 431] Evaluation - Loss: 0.2954, MAE: 0.3528
2025-04-01 14:24:17 - [Cluster 1 - CLIENT] - INFO - Sent reply
2025-04-01 14:24:17 - [Cluster 1 - CLIENT] - INFO - [Store 615] Evaluation - Loss: 0.2205, MAE: 0.2721
2025-04-01 14:24:17 - [Cluster 1 - CLIENT] - INFO - [Store 524] Evaluation - Loss: 0.2509, MAE: 0.3095
2025-04-01 14:24:17 - [Cluster 1 - CLIENT] - INFO - Sent reply
2025-04-01 14:24:17 - [Cluster 1 - CLIENT] - INFO - Sent reply
2025-04-01 14:24:17 - [Cluster 1 - CLIENT] - INFO - 
2025-04-01 14:24:17 - [Cluster 1 - CLIENT] - INFO - Received: evaluate message eaffc6f5-8e60-47fe-a91f-ce0164509cbb
2025-04-01 14:24:17 - [Cluster 1 - CLIENT] - INFO - [Store 527] Evaluation - Loss: 0.2675, MAE: 0.3285
2025-04-01 14:24:17 - [Cluster 1 - CLIENT] - INFO - [Store 579] Evaluation - Loss: 0.2097, MAE: 0.2934
2025-04-01 14:24:17 - [Cluster 1 - CLIENT] - INFO - [Store 906] Evaluation - Loss: 0.2247, MAE: 0.2893
2025-04-01 14:24:17 - [Cluster 1 - CLIENT] - INFO - Sent reply
2025-04-01 14:24:17 - [Cluster 1 - CLIENT] - INFO - Sent reply
2025-04-01 14:24:17 - [Cluster 1 - CLIENT] - INFO - Sent reply
2025-04-01 14:24:17 - [Cluster 1 - CLIENT] - INFO - 
2025-04-01 14:24:17 - [Cluster 1 - CLIENT] - INFO - Received: evaluate message 658740a9-02f6-46cd-8902-69b7c6e6c5d3
2025-04-01 14:24:17 - [Cluster 1 - CLIENT] - INFO - [Store 999] Evaluation - Loss: 0.2073, MAE: 0.3155
2025-04-01 14:24:17 - [Cluster 1 - CLIENT] - INFO - Sent reply
2025-04-01 14:24:17 - [Cluster 1 - CLIENT] - INFO - 
2025-04-01 14:24:17 - [Cluster 1 - CLIENT] - INFO - Received: evaluate message 073e1ce4-d2b4-423d-85c2-cb03269c7b88
2025-04-01 14:24:17 - [Cluster 1 - CLIENT] - INFO - 
2025-04-01 14:24:17 - [Cluster 1 - CLIENT] - INFO - Received: evaluate message 83b2a0b1-8bcd-4b99-b1ad-5c7293eae37d
2025-04-01 14:24:17 - [Cluster 1 - CLIENT] - INFO - 
2025-04-01 14:24:17 - [Cluster 1 - CLIENT] - INFO - Received: evaluate message 31c6e0dd-0479-4832-b1d9-50d641c793d5
2025-04-01 14:24:17 - [Cluster 1 - CLIENT] - INFO - 
2025-04-01 14:24:17 - [Cluster 1 - CLIENT] - INFO - Received: evaluate message 276ec881-4563-443c-9d65-62d46a513cb1
2025-04-01 14:24:17 - [Cluster 1 - CLIENT] - INFO - [Store 195] Evaluation - Loss: 0.2892, MAE: 0.3533
2025-04-01 14:24:17 - [Cluster 1 - CLIENT] - INFO - 
2025-04-01 14:24:17 - [Cluster 1 - CLIENT] - INFO - Sent reply
2025-04-01 14:24:17 - [Cluster 1 - CLIENT] - INFO - Received: evaluate message 5c8b2bb6-d8a2-4469-8642-6e198d6f09a9
2025-04-01 14:24:17 - [Cluster 1 - CLIENT] - INFO - 
2025-04-01 14:24:17 - [Cluster 1 - CLIENT] - INFO - Received: evaluate message be9112fe-5bd4-4bd5-9801-57ae9c240e93
2025-04-01 14:24:17 - [Cluster 1 - CLIENT] - INFO - [Store 207] Evaluation - Loss: 0.1896, MAE: 0.2891
2025-04-01 14:24:17 - [Cluster 1 - CLIENT] - INFO - [Store 755] Evaluation - Loss: 0.2424, MAE: 0.3031
2025-04-01 14:24:17 - [Cluster 1 - CLIENT] - INFO - Sent reply
2025-04-01 14:24:17 - [Cluster 1 - CLIENT] - INFO - Sent reply
2025-04-01 14:24:17 - [Cluster 1 - CLIENT] - INFO - [Store 608] Evaluation - Loss: 0.2645, MAE: 0.3582
2025-04-01 14:24:17 - [Cluster 1 - CLIENT] - INFO - Sent reply
2025-04-01 14:24:18 - [Cluster 1 - CLIENT] - INFO - 
2025-04-01 14:24:18 - [Cluster 1 - CLIENT] - INFO - Received: evaluate message ae6d75f1-afc2-4192-baea-4af00f61448a
2025-04-01 14:24:18 - [Cluster 1 - CLIENT] - INFO - 
2025-04-01 14:24:18 - [Cluster 1 - CLIENT] - INFO - Received: evaluate message 9550dbb7-98ea-487a-b023-b5b4b68dc3b0
2025-04-01 14:24:18 - [Cluster 1 - CLIENT] - INFO - 
2025-04-01 14:24:18 - [Cluster 1 - CLIENT] - INFO - Received: evaluate message 8e97294d-ecb8-4e39-984a-1550e4736074
2025-04-01 14:24:18 - [Cluster 1 - CLIENT] - INFO - [Store 106] Evaluation - Loss: 0.1993, MAE: 0.2969
2025-04-01 14:24:18 - [Cluster 1 - CLIENT] - INFO - Sent reply
2025-04-01 14:24:18 - [Cluster 1 - CLIENT] - INFO - [Store 655] Evaluation - Loss: 0.3332, MAE: 0.3937
2025-04-01 14:24:18 - [Cluster 1 - CLIENT] - INFO - 
2025-04-01 14:24:18 - [Cluster 1 - CLIENT] - INFO - Sent reply
2025-04-01 14:24:18 - [Cluster 1 - CLIENT] - INFO - Received: evaluate message 74de7bd3-33d7-4e45-bdfb-a1e8bee4e112
2025-04-01 14:24:18 - [Cluster 1 - CLIENT] - INFO - 
2025-04-01 14:24:18 - [Cluster 1 - CLIENT] - INFO - Received: evaluate message c63222fc-4251-4ea1-90d6-e4afe6ed8756
2025-04-01 14:24:18 - [Cluster 1 - CLIENT] - INFO - [Store 384] Evaluation - Loss: 0.2398, MAE: 0.3312
2025-04-01 14:24:18 - [Cluster 1 - CLIENT] - INFO - Sent reply
2025-04-01 14:24:19 - [Cluster 1 - CLIENT] - INFO - [Store 665] Evaluation - Loss: 0.2271, MAE: 0.2921
2025-04-01 14:24:19 - [Cluster 1 - CLIENT] - INFO - Sent reply
2025-04-01 14:24:19 - [Cluster 1 - CLIENT] - INFO - [Store 699] Evaluation - Loss: 0.3833, MAE: 0.3701
2025-04-01 14:24:19 - [Cluster 1 - CLIENT] - INFO - Sent reply
2025-04-01 14:24:19 - [Cluster 1 - CLIENT] - INFO - [Store 562] Evaluation - Loss: 0.4684, MAE: 0.5300
2025-04-01 14:24:19 - [Cluster 1 - CLIENT] - INFO - [Store 914] Evaluation - Loss: 0.2176, MAE: 0.2977
2025-04-01 14:24:19 - [Cluster 1 - CLIENT] - INFO - Sent reply
2025-04-01 14:24:19 - [Cluster 1 - CLIENT] - INFO - Sent reply
2025-04-01 14:24:19 - [Cluster 1 - CLIENT] - INFO - [Store 1033] Evaluation - Loss: 0.2247, MAE: 0.3116
2025-04-01 14:24:19 - [Cluster 1 - CLIENT] - INFO - Sent reply
2025-04-01 14:24:19 - [Cluster 1 - CLIENT] - INFO - [Store 532] Evaluation - Loss: 0.3723, MAE: 0.3900
2025-04-01 14:24:19 - [Cluster 1 - CLIENT] - INFO - Sent reply
2025-04-01 14:24:19 - [Cluster 1 - CLIENT] - INFO - [Store 753] Evaluation - Loss: 0.2313, MAE: 0.3151
2025-04-01 14:24:19 - [Cluster 1 - CLIENT] - INFO - [Store 211] Evaluation - Loss: 0.2387, MAE: 0.3359
2025-04-01 14:24:19 - [Cluster 1 - CLIENT] - INFO - Sent reply
2025-04-01 14:24:19 - [Cluster 1 - CLIENT] - INFO - Sent reply
2025-04-01 14:24:19 - [Cluster 1 - CLIENT] - INFO - [Store 269] Evaluation - Loss: 0.2630, MAE: 0.3548
2025-04-01 14:24:19 - [Cluster 1 - CLIENT] - INFO - Sent reply
2025-04-01 14:24:19 - [Cluster 1 - CLIENT] - INFO - [Store 807] Evaluation - Loss: 0.2800, MAE: 0.3473
2025-04-01 14:24:19 - [Cluster 1 - CLIENT] - INFO - Sent reply
2025-04-01 14:24:19 - [Cluster 1 - CLIENT] - INFO - [Store 682] Evaluation - Loss: 0.3294, MAE: 0.4508
2025-04-01 14:24:19 - [Cluster 1 - CLIENT] - INFO - Sent reply
2025-04-01 14:24:19 - [Cluster 1 - CLIENT] - INFO - [Store 382] Evaluation - Loss: 0.2032, MAE: 0.3087
2025-04-01 14:24:19 - [Cluster 1 - CLIENT] - INFO - Sent reply
2025-04-01 14:24:19 - [Cluster 1 - CLIENT] - INFO - [Store 526] Evaluation - Loss: 0.2018, MAE: 0.3085
2025-04-01 14:24:19 - [Cluster 1 - CLIENT] - INFO - Sent reply
2025-04-01 14:24:19 - [Cluster 1 - CLIENT] - INFO - [Store 809] Evaluation - Loss: 0.2831, MAE: 0.3675
2025-04-01 14:24:19 - [Cluster 1 - CLIENT] - INFO - Sent reply
2025-04-01 14:24:19 - [Cluster 1 - CLIENT] - INFO - 
2025-04-01 14:24:19 - [Cluster 1 - CLIENT] - INFO - Received: train message cdb68f60-8974-4fb1-8669-7649c327c355
2025-04-01 14:24:19 - [Cluster 1 - CLIENT] - INFO - 
2025-04-01 14:24:19 - [Cluster 1 - CLIENT] - INFO - Received: train message d5bab369-4e61-4159-8f98-c4b3ef7b7799
2025-04-01 14:24:19 - [Cluster 1 - CLIENT] - INFO - 
2025-04-01 14:24:19 - [Cluster 1 - CLIENT] - INFO - Received: train message 58b156c5-8fe9-4499-8311-afaaa52c0dcd
2025-04-01 14:24:19 - [Cluster 1 - CLIENT] - INFO - 
2025-04-01 14:24:19 - [Cluster 1 - CLIENT] - INFO - Received: train message 91fff7f9-988f-48aa-80ba-046c966c0378
2025-04-01 14:24:19 - [Cluster 1 - CLIENT] - INFO - [Store 532] Starting local training.
2025-04-01 14:24:19 - [Cluster 1 - CLIENT] - INFO - [Store 1033] Starting local training.
2025-04-01 14:24:19 - [Cluster 1 - CLIENT] - INFO - 
2025-04-01 14:24:19 - [Cluster 1 - CLIENT] - INFO - Received: train message b4de14ad-16d1-4faf-8a5e-0b77f6bae145
2025-04-01 14:24:19 - [Cluster 1 - CLIENT] - INFO - 
2025-04-01 14:24:19 - [Cluster 1 - CLIENT] - INFO - Received: train message 2e60bf90-0641-49c3-a23e-d791854fc2a6
2025-04-01 14:24:19 - [Cluster 1 - CLIENT] - INFO - 
2025-04-01 14:24:19 - [Cluster 1 - CLIENT] - INFO - Received: train message e1c904de-b9f7-4191-8c49-5022e017d4a7
2025-04-01 14:24:19 - [Cluster 1 - CLIENT] - INFO - [Store 699] Starting local training.
2025-04-01 14:24:19 - [Cluster 1 - CLIENT] - INFO - 
2025-04-01 14:24:19 - [Cluster 1 - CLIENT] - INFO - Received: train message 39507bb8-d3ce-465f-8fa3-b411811490a5
2025-04-01 14:24:19 - [Cluster 1 - CLIENT] - INFO - 
2025-04-01 14:24:19 - [Cluster 1 - CLIENT] - INFO - Received: train message efd98a06-721e-4e89-8227-e881cc98aac0
2025-04-01 14:24:19 - [Cluster 1 - CLIENT] - INFO - 
2025-04-01 14:24:19 - [Cluster 1 - CLIENT] - INFO - Received: train message 78d4b483-91cd-4426-92c8-a9ec07330e40
2025-04-01 14:24:19 - [Cluster 1 - CLIENT] - INFO - 
2025-04-01 14:24:19 - [Cluster 1 - CLIENT] - INFO - [Store 914] Starting local training.
2025-04-01 14:24:19 - [Cluster 1 - CLIENT] - INFO - Received: train message 9985a1f4-5ae1-4fec-9b22-07f251a1fe85
2025-04-01 14:24:19 - [Cluster 1 - CLIENT] - INFO - [Store 269] Starting local training.
2025-04-01 14:24:19 - [Cluster 1 - CLIENT] - INFO - [Store 524] Starting local training.
2025-04-01 14:24:19 - [Cluster 1 - CLIENT] - INFO - 
2025-04-01 14:24:19 - [Cluster 1 - CLIENT] - INFO - Received: train message 03f591de-bd78-4320-b009-d340718bd43d
2025-04-01 14:24:19 - [Cluster 1 - CLIENT] - INFO - [Store 384] Starting local training.
2025-04-01 14:24:19 - [Cluster 1 - CLIENT] - INFO - 
2025-04-01 14:24:19 - [Cluster 1 - CLIENT] - INFO - Received: train message 3810d63e-8461-4e70-8797-5e9234ee64e4
2025-04-01 14:24:19 - [Cluster 1 - CLIENT] - INFO - 
2025-04-01 14:24:19 - [Cluster 1 - CLIENT] - INFO - Received: train message 0fad222c-ff09-4258-9667-a8cf4fefc853
2025-04-01 14:24:19 - [Cluster 1 - CLIENT] - INFO - [Store 665] Starting local training.
2025-04-01 14:24:19 - [Cluster 1 - CLIENT] - INFO - 
2025-04-01 14:24:19 - [Cluster 1 - CLIENT] - INFO - Received: train message 9772770c-4b5c-4d22-9cf6-bfe7b5943f86
2025-04-01 14:24:19 - [Cluster 1 - CLIENT] - INFO - [Store 655] Starting local training.
2025-04-01 14:24:19 - [Cluster 1 - CLIENT] - INFO - [Store 906] Starting local training.
2025-04-01 14:24:19 - [Cluster 1 - CLIENT] - INFO - [Store 753] Starting local training.
2025-04-01 14:24:19 - [Cluster 1 - CLIENT] - INFO - [Store 579] Starting local training.
2025-04-01 14:24:19 - [Cluster 1 - CLIENT] - INFO - [Store 755] Starting local training.
2025-04-01 14:24:19 - [Cluster 1 - CLIENT] - INFO - [Store 431] Starting local training.
2025-04-01 14:24:19 - [Cluster 1 - CLIENT] - INFO - [Store 207] Starting local training.
2025-04-01 14:28:54 - [Cluster 1 - CLIENT] - INFO - [Store 431] Local training complete.
2025-04-01 14:28:54 - [Cluster 1 - CLIENT] - INFO - Sent reply
2025-04-01 14:28:54 - [Cluster 1 - CLIENT] - INFO - 
2025-04-01 14:28:54 - [Cluster 1 - CLIENT] - INFO - Received: train message b07990e6-eeeb-4aa9-b043-88dcb515f717
2025-04-01 14:28:54 - [Cluster 1 - CLIENT] - INFO - [Store 608] Starting local training.
2025-04-01 14:28:54 - [Cluster 1 - CLIENT] - INFO - [Store 755] Local training complete.
2025-04-01 14:28:55 - [Cluster 1 - CLIENT] - INFO - Sent reply
2025-04-01 14:28:55 - [Cluster 1 - CLIENT] - INFO - 
2025-04-01 14:28:55 - [Cluster 1 - CLIENT] - INFO - Received: train message 26b9dec4-af4c-4451-abdd-a6ea10eefbee
2025-04-01 14:28:55 - [Cluster 1 - CLIENT] - INFO - [Store 809] Starting local training.
2025-04-01 14:28:59 - [Cluster 1 - CLIENT] - INFO - [Store 906] Local training complete.
2025-04-01 14:28:59 - [Cluster 1 - CLIENT] - INFO - Sent reply
2025-04-01 14:28:59 - [Cluster 1 - CLIENT] - INFO - 
2025-04-01 14:28:59 - [Cluster 1 - CLIENT] - INFO - Received: train message 13c95bfc-4ef2-4d87-a488-a37b054288a6
2025-04-01 14:28:59 - [Cluster 1 - CLIENT] - INFO - [Store 938] Starting local training.
2025-04-01 14:28:59 - [Cluster 1 - CLIENT] - INFO - [Store 579] Local training complete.
2025-04-01 14:28:59 - [Cluster 1 - CLIENT] - INFO - Sent reply
2025-04-01 14:28:59 - [Cluster 1 - CLIENT] - INFO - 
2025-04-01 14:28:59 - [Cluster 1 - CLIENT] - INFO - Received: train message f008b1fc-2fc6-44e5-9662-74b6e4fcb7d4
2025-04-01 14:29:00 - [Cluster 1 - CLIENT] - INFO - [Store 207] Local training complete.
2025-04-01 14:29:00 - [Cluster 1 - CLIENT] - INFO - Sent reply
2025-04-01 14:29:00 - [Cluster 1 - CLIENT] - INFO - 
2025-04-01 14:29:00 - [Cluster 1 - CLIENT] - INFO - Received: train message 60d47e1a-a872-4d3d-a9ba-63fe98c99d09
2025-04-01 14:29:00 - [Cluster 1 - CLIENT] - INFO - [Store 527] Starting local training.
2025-04-01 14:29:00 - [Cluster 1 - CLIENT] - INFO - [Store 562] Starting local training.
2025-04-01 14:29:00 - [Cluster 1 - CLIENT] - INFO - [Store 269] Local training complete.
2025-04-01 14:29:00 - [Cluster 1 - CLIENT] - INFO - Sent reply
2025-04-01 14:29:00 - [Cluster 1 - CLIENT] - INFO - 
2025-04-01 14:29:00 - [Cluster 1 - CLIENT] - INFO - Received: train message 586f92e2-a7e3-47a7-989d-3ae82e75816b
2025-04-01 14:29:00 - [Cluster 1 - CLIENT] - INFO - [Store 211] Starting local training.
2025-04-01 14:29:01 - [Cluster 1 - CLIENT] - INFO - [Store 655] Local training complete.
2025-04-01 14:29:02 - [Cluster 1 - CLIENT] - INFO - Sent reply
2025-04-01 14:29:02 - [Cluster 1 - CLIENT] - INFO - 
2025-04-01 14:29:02 - [Cluster 1 - CLIENT] - INFO - Received: train message 143019ad-0771-4b77-9da1-b445284372f9
2025-04-01 14:29:02 - [Cluster 1 - CLIENT] - INFO - [Store 382] Starting local training.
2025-04-01 14:29:04 - [Cluster 1 - CLIENT] - INFO - [Store 753] Local training complete.
2025-04-01 14:29:04 - [Cluster 1 - CLIENT] - INFO - Sent reply
2025-04-01 14:29:04 - [Cluster 1 - CLIENT] - INFO - 
2025-04-01 14:29:04 - [Cluster 1 - CLIENT] - INFO - Received: train message 92f99a14-d81d-4553-8f8b-68503222e547
2025-04-01 14:29:04 - [Cluster 1 - CLIENT] - INFO - [Store 807] Starting local training.
2025-04-01 14:29:04 - [Cluster 1 - CLIENT] - INFO - [Store 914] Local training complete.
2025-04-01 14:29:04 - [Cluster 1 - CLIENT] - INFO - [Store 384] Local training complete.
2025-04-01 14:29:04 - [Cluster 1 - CLIENT] - INFO - Sent reply
2025-04-01 14:29:04 - [Cluster 1 - CLIENT] - INFO - Sent reply
2025-04-01 14:29:04 - [Cluster 1 - CLIENT] - INFO - 
2025-04-01 14:29:04 - [Cluster 1 - CLIENT] - INFO - Received: train message 7bf4d7e4-1567-4729-9719-f611ceda7da3
2025-04-01 14:29:04 - [Cluster 1 - CLIENT] - INFO - 
2025-04-01 14:29:04 - [Cluster 1 - CLIENT] - INFO - Received: train message b40438e5-d70c-45a7-ba65-c06c6fb77628
2025-04-01 14:29:05 - [Cluster 1 - CLIENT] - INFO - [Store 849] Starting local training.
2025-04-01 14:29:05 - [Cluster 1 - CLIENT] - INFO - [Store 106] Starting local training.
2025-04-01 14:29:05 - [Cluster 1 - CLIENT] - INFO - [Store 699] Local training complete.
2025-04-01 14:29:05 - [Cluster 1 - CLIENT] - INFO - Sent reply
2025-04-01 14:29:05 - [Cluster 1 - CLIENT] - INFO - 
2025-04-01 14:29:05 - [Cluster 1 - CLIENT] - INFO - Received: train message d382d886-5442-4cd0-bcb1-ad3f10ccd33e
2025-04-01 14:29:05 - [Cluster 1 - CLIENT] - INFO - [Store 999] Starting local training.
2025-04-01 14:29:06 - [Cluster 1 - CLIENT] - INFO - [Store 1033] Local training complete.
2025-04-01 14:29:07 - [Cluster 1 - CLIENT] - INFO - Sent reply
2025-04-01 14:29:07 - [Cluster 1 - CLIENT] - INFO - 
2025-04-01 14:29:07 - [Cluster 1 - CLIENT] - INFO - Received: train message 5e375ecd-21f7-40b4-aa39-d9b075887f34
2025-04-01 14:29:07 - [Cluster 1 - CLIENT] - INFO - [Store 526] Starting local training.
2025-04-01 14:29:10 - [Cluster 1 - CLIENT] - INFO - [Store 524] Local training complete.
2025-04-01 14:29:10 - [Cluster 1 - CLIENT] - INFO - Sent reply
2025-04-01 14:29:10 - [Cluster 1 - CLIENT] - INFO - 
2025-04-01 14:29:10 - [Cluster 1 - CLIENT] - INFO - Received: train message 97ccf18a-2451-4637-a520-00e09ab1feb3
2025-04-01 14:29:10 - [Cluster 1 - CLIENT] - INFO - [Store 195] Starting local training.
2025-04-01 14:29:11 - [Cluster 1 - CLIENT] - INFO - [Store 532] Local training complete.
2025-04-01 14:29:11 - [Cluster 1 - CLIENT] - INFO - Sent reply
2025-04-01 14:29:11 - [Cluster 1 - CLIENT] - INFO - 
2025-04-01 14:29:11 - [Cluster 1 - CLIENT] - INFO - Received: train message 50dd3c21-cb4b-484f-bdfc-f5550d4c3727
2025-04-01 14:29:11 - [Cluster 1 - CLIENT] - INFO - [Store 615] Starting local training.
2025-04-01 14:29:20 - [Cluster 1 - CLIENT] - INFO - [Store 665] Local training complete.
2025-04-01 14:29:20 - [Cluster 1 - CLIENT] - INFO - Sent reply
2025-04-01 14:29:20 - [Cluster 1 - CLIENT] - INFO - 
2025-04-01 14:29:20 - [Cluster 1 - CLIENT] - INFO - Received: train message a028ebda-ac11-43b2-a905-97a9fbba2870
2025-04-01 14:29:20 - [Cluster 1 - CLIENT] - INFO - [Store 682] Starting local training.
2025-04-01 14:33:43 - [Cluster 1 - CLIENT] - INFO - [Store 608] Local training complete.
2025-04-01 14:33:43 - [Cluster 1 - CLIENT] - INFO - Sent reply
2025-04-01 14:33:46 - [Cluster 1 - CLIENT] - INFO - [Store 527] Local training complete.
2025-04-01 14:33:46 - [Cluster 1 - CLIENT] - INFO - Sent reply
2025-04-01 14:33:46 - [Cluster 1 - CLIENT] - INFO - [Store 526] Local training complete.
2025-04-01 14:33:47 - [Cluster 1 - CLIENT] - INFO - Sent reply
2025-04-01 14:33:49 - [Cluster 1 - CLIENT] - INFO - [Store 809] Local training complete.
2025-04-01 14:33:49 - [Cluster 1 - CLIENT] - INFO - Sent reply
2025-04-01 14:33:49 - [Cluster 1 - CLIENT] - INFO - [Store 562] Local training complete.
2025-04-01 14:33:49 - [Cluster 1 - CLIENT] - INFO - Sent reply
2025-04-01 14:33:49 - [Cluster 1 - CLIENT] - INFO - [Store 382] Local training complete.
2025-04-01 14:33:49 - [Cluster 1 - CLIENT] - INFO - Sent reply
2025-04-01 14:33:49 - [Cluster 1 - CLIENT] - INFO - [Store 211] Local training complete.
2025-04-01 14:33:50 - [Cluster 1 - CLIENT] - INFO - [Store 999] Local training complete.
2025-04-01 14:33:50 - [Cluster 1 - CLIENT] - INFO - Sent reply
2025-04-01 14:33:50 - [Cluster 1 - CLIENT] - INFO - Sent reply
2025-04-01 14:33:50 - [Cluster 1 - CLIENT] - INFO - [Store 938] Local training complete.
2025-04-01 14:33:50 - [Cluster 1 - CLIENT] - INFO - Sent reply
2025-04-01 14:33:51 - [Cluster 1 - CLIENT] - INFO - [Store 807] Local training complete.
2025-04-01 14:33:51 - [Cluster 1 - CLIENT] - INFO - [Store 106] Local training complete.
2025-04-01 14:33:51 - [Cluster 1 - CLIENT] - INFO - Sent reply
2025-04-01 14:33:51 - [Cluster 1 - CLIENT] - INFO - Sent reply
2025-04-01 14:33:51 - [Cluster 1 - CLIENT] - INFO - [Store 615] Local training complete.
2025-04-01 14:33:51 - [Cluster 1 - CLIENT] - INFO - Sent reply
2025-04-01 14:33:52 - [Cluster 1 - CLIENT] - INFO - [Store 195] Local training complete.
2025-04-01 14:33:52 - [Cluster 1 - CLIENT] - INFO - Sent reply
2025-04-01 14:33:53 - [Cluster 1 - CLIENT] - INFO - [Store 849] Local training complete.
2025-04-01 14:33:53 - [Cluster 1 - CLIENT] - INFO - Sent reply
2025-04-01 14:33:53 - [Cluster 1 - CLIENT] - INFO - [Store 682] Local training complete.
2025-04-01 14:33:53 - [Cluster 1 - CLIENT] - INFO - Sent reply
2025-04-01 14:33:53 - [Cluster 1 - CLIENT] - INFO - 
2025-04-01 14:33:53 - [Cluster 1 - CLIENT] - INFO - Received: evaluate message de461bb9-0886-40c9-87df-4ef1ec1132a0
2025-04-01 14:33:53 - [Cluster 1 - CLIENT] - INFO - 
2025-04-01 14:33:53 - [Cluster 1 - CLIENT] - INFO - Received: evaluate message 8282aa32-f7cd-4414-ad49-b987d02a150d
2025-04-01 14:33:53 - [Cluster 1 - CLIENT] - INFO - 
2025-04-01 14:33:53 - [Cluster 1 - CLIENT] - INFO - Received: evaluate message ce43dcf3-a6db-496e-8f56-7a5d11892e63
2025-04-01 14:33:53 - [Cluster 1 - CLIENT] - INFO - 
2025-04-01 14:33:53 - [Cluster 1 - CLIENT] - INFO - Received: evaluate message 84c08f1c-ec99-416f-b16f-eb3e5227d3bd
2025-04-01 14:33:53 - [Cluster 1 - CLIENT] - INFO - 
2025-04-01 14:33:53 - [Cluster 1 - CLIENT] - INFO - Received: evaluate message 2d559ce8-0f65-487a-a537-1eb7c8d0abc3
2025-04-01 14:33:53 - [Cluster 1 - CLIENT] - INFO - 
2025-04-01 14:33:53 - [Cluster 1 - CLIENT] - INFO - Received: evaluate message 7621c81f-6743-434c-9187-dbdf76904833
2025-04-01 14:33:53 - [Cluster 1 - CLIENT] - INFO - 
2025-04-01 14:33:53 - [Cluster 1 - CLIENT] - INFO - Received: evaluate message 2ca16894-fffc-470a-98da-8ced4691af4c
2025-04-01 14:33:53 - [Cluster 1 - CLIENT] - INFO - 
2025-04-01 14:33:53 - [Cluster 1 - CLIENT] - INFO - Received: evaluate message da14ad01-d470-4412-a1d5-0147efbdc638
2025-04-01 14:33:53 - [Cluster 1 - CLIENT] - INFO - 
2025-04-01 14:33:53 - [Cluster 1 - CLIENT] - INFO - Received: evaluate message 0cba24a7-9790-4355-8037-9245826f6a7c
2025-04-01 14:33:53 - [Cluster 1 - CLIENT] - INFO - 
2025-04-01 14:33:53 - [Cluster 1 - CLIENT] - INFO - Received: evaluate message f302cb4d-1fbd-4174-888f-62f565fc5bbc
2025-04-01 14:33:53 - [Cluster 1 - CLIENT] - INFO - 
2025-04-01 14:33:53 - [Cluster 1 - CLIENT] - INFO - Received: evaluate message 3e43ab63-fa6d-4f52-83e3-87034c0b9889
2025-04-01 14:33:53 - [Cluster 1 - CLIENT] - INFO - 
2025-04-01 14:33:53 - [Cluster 1 - CLIENT] - INFO - 
2025-04-01 14:33:53 - [Cluster 1 - CLIENT] - INFO - Received: evaluate message d9e7153f-449e-40b0-a088-59cc9b81dc8f
2025-04-01 14:33:53 - [Cluster 1 - CLIENT] - INFO - Received: evaluate message 38578179-7e0b-47c4-85b1-294f47a8e3d3
2025-04-01 14:33:53 - [Cluster 1 - CLIENT] - INFO - 
2025-04-01 14:33:53 - [Cluster 1 - CLIENT] - INFO - Received: evaluate message 68abd503-362c-4c1a-9e6a-8e6bf3997c87
2025-04-01 14:33:53 - [Cluster 1 - CLIENT] - INFO - 
2025-04-01 14:33:53 - [Cluster 1 - CLIENT] - INFO - Received: evaluate message 99f23661-73a2-4ff2-aea1-1463dc20f8db
2025-04-01 14:33:54 - [Cluster 1 - CLIENT] - INFO - [Store 382] Evaluation - Loss: 0.2096, MAE: 0.3182
2025-04-01 14:33:54 - [Cluster 1 - CLIENT] - INFO - Sent reply
2025-04-01 14:33:54 - [Cluster 1 - CLIENT] - INFO - [Store 753] Evaluation - Loss: 0.2334, MAE: 0.3201
2025-04-01 14:33:54 - [Cluster 1 - CLIENT] - INFO - Sent reply
2025-04-01 14:33:54 - [Cluster 1 - CLIENT] - INFO - 
2025-04-01 14:33:54 - [Cluster 1 - CLIENT] - INFO - Received: evaluate message 194c8ce5-9f48-494d-a9f1-ee165a5746c3
2025-04-01 14:33:54 - [Cluster 1 - CLIENT] - INFO - [Store 211] Evaluation - Loss: 0.2412, MAE: 0.3384
2025-04-01 14:33:54 - [Cluster 1 - CLIENT] - INFO - [Store 682] Evaluation - Loss: 0.3492, MAE: 0.4666
2025-04-01 14:33:54 - [Cluster 1 - CLIENT] - INFO - Sent reply
2025-04-01 14:33:54 - [Cluster 1 - CLIENT] - INFO - [Store 195] Evaluation - Loss: 0.2878, MAE: 0.3482
2025-04-01 14:33:54 - [Cluster 1 - CLIENT] - INFO - Sent reply
2025-04-01 14:33:54 - [Cluster 1 - CLIENT] - INFO - [Store 608] Evaluation - Loss: 0.2744, MAE: 0.3682
2025-04-01 14:33:54 - [Cluster 1 - CLIENT] - INFO - Sent reply
2025-04-01 14:33:54 - [Cluster 1 - CLIENT] - INFO - 
2025-04-01 14:33:54 - [Cluster 1 - CLIENT] - INFO - Sent reply
2025-04-01 14:33:54 - [Cluster 1 - CLIENT] - INFO - Received: evaluate message 1a8ca2d1-8426-4919-9a0b-f6fef55a361a
2025-04-01 14:33:54 - [Cluster 1 - CLIENT] - INFO - [Store 849] Evaluation - Loss: 0.2164, MAE: 0.2939
2025-04-01 14:33:54 - [Cluster 1 - CLIENT] - INFO - [Store 807] Evaluation - Loss: 0.2761, MAE: 0.3429
2025-04-01 14:33:54 - [Cluster 1 - CLIENT] - INFO - Sent reply
2025-04-01 14:33:54 - [Cluster 1 - CLIENT] - INFO - Sent reply
2025-04-01 14:33:54 - [Cluster 1 - CLIENT] - INFO - [Store 665] Evaluation - Loss: 0.2356, MAE: 0.3020
2025-04-01 14:33:54 - [Cluster 1 - CLIENT] - INFO - [Store 106] Evaluation - Loss: 0.2055, MAE: 0.3063
2025-04-01 14:33:54 - [Cluster 1 - CLIENT] - INFO - Sent reply
2025-04-01 14:33:54 - [Cluster 1 - CLIENT] - INFO - Sent reply
2025-04-01 14:33:54 - [Cluster 1 - CLIENT] - INFO - [Store 524] Evaluation - Loss: 0.2522, MAE: 0.3125
2025-04-01 14:33:54 - [Cluster 1 - CLIENT] - INFO - Sent reply
2025-04-01 14:33:54 - [Cluster 1 - CLIENT] - INFO - [Store 532] Evaluation - Loss: 0.3661, MAE: 0.3805
2025-04-01 14:33:55 - [Cluster 1 - CLIENT] - INFO - Sent reply
2025-04-01 14:33:54 - [Cluster 1 - CLIENT] - INFO - 
2025-04-01 14:33:55 - [Cluster 1 - CLIENT] - INFO - Received: evaluate message 302fe897-9836-4a5b-acaf-ae3a6d044371
2025-04-01 14:33:55 - [Cluster 1 - CLIENT] - INFO - 
2025-04-01 14:33:55 - [Cluster 1 - CLIENT] - INFO - Received: evaluate message fb75aaa5-5c56-4c8a-9219-ea5b851f7475
2025-04-01 14:33:55 - [Cluster 1 - CLIENT] - INFO - 
2025-04-01 14:33:55 - [Cluster 1 - CLIENT] - INFO - Received: evaluate message 32b51339-289c-49fa-a87a-5ee2c3d7f598
2025-04-01 14:33:55 - [Cluster 1 - CLIENT] - INFO - 
2025-04-01 14:33:55 - [Cluster 1 - CLIENT] - INFO - Received: evaluate message dc21b0cd-751f-434a-ae98-4375e09bf94e
2025-04-01 14:33:55 - [Cluster 1 - CLIENT] - INFO - 
2025-04-01 14:33:55 - [Cluster 1 - CLIENT] - INFO - Received: evaluate message 0279aad2-8526-4650-bb6b-9ecda5fb8af1
2025-04-01 14:33:55 - [Cluster 1 - CLIENT] - INFO - 
2025-04-01 14:33:55 - [Cluster 1 - CLIENT] - INFO - Received: evaluate message 8eab1e9b-560d-43be-81fc-64872d826f21
2025-04-01 14:33:55 - [Cluster 1 - CLIENT] - INFO - 
2025-04-01 14:33:55 - [Cluster 1 - CLIENT] - INFO - Received: evaluate message 9cb375b1-0ccd-4197-a540-62b497e27200
2025-04-01 14:33:55 - [Cluster 1 - CLIENT] - INFO - [Store 914] Evaluation - Loss: 0.2234, MAE: 0.3073
2025-04-01 14:33:55 - [Cluster 1 - CLIENT] - INFO - Sent reply
2025-04-01 14:33:55 - [Cluster 1 - CLIENT] - INFO - 
2025-04-01 14:33:55 - [Cluster 1 - CLIENT] - INFO - Received: evaluate message 0568a38b-176b-48ee-b5db-e915bed5e76c
2025-04-01 14:33:55 - [Cluster 1 - CLIENT] - INFO - [Store 431] Evaluation - Loss: 0.2911, MAE: 0.3480
2025-04-01 14:33:55 - [Cluster 1 - CLIENT] - INFO - Sent reply
2025-04-01 14:33:55 - [Cluster 1 - CLIENT] - INFO - 
2025-04-01 14:33:55 - [Cluster 1 - CLIENT] - INFO - Received: evaluate message 5d5caa98-7bca-43b2-bd3b-fa4453218da0
2025-04-01 14:33:55 - [Cluster 1 - CLIENT] - INFO - 
2025-04-01 14:33:55 - [Cluster 1 - CLIENT] - INFO - Received: evaluate message ab04f552-4bcf-402a-a427-b120c9b29a8f
2025-04-01 14:33:55 - [Cluster 1 - CLIENT] - INFO - 
2025-04-01 14:33:55 - [Cluster 1 - CLIENT] - INFO - Received: evaluate message 4fbdf7bf-076c-4d29-a3af-069f28fbe35d
2025-04-01 14:33:55 - [Cluster 1 - CLIENT] - INFO - [Store 269] Evaluation - Loss: 0.2720, MAE: 0.3663
2025-04-01 14:33:55 - [Cluster 1 - CLIENT] - INFO - 
2025-04-01 14:33:55 - [Cluster 1 - CLIENT] - INFO - Sent reply
2025-04-01 14:33:55 - [Cluster 1 - CLIENT] - INFO - Received: evaluate message 413274c4-e516-4152-82f9-7633113f85c0
2025-04-01 14:33:55 - [Cluster 1 - CLIENT] - INFO - 
2025-04-01 14:33:55 - [Cluster 1 - CLIENT] - INFO - Received: evaluate message 2317a1d4-ab2a-4c05-867a-6602f665d5c8
2025-04-01 14:33:57 - [Cluster 1 - CLIENT] - INFO - [Store 999] Evaluation - Loss: 0.2161, MAE: 0.3289
2025-04-01 14:33:57 - [Cluster 1 - CLIENT] - INFO - Sent reply
2025-04-01 14:33:57 - [Cluster 1 - CLIENT] - INFO - [Store 384] Evaluation - Loss: 0.2455, MAE: 0.3407
2025-04-01 14:33:57 - [Cluster 1 - CLIENT] - INFO - Sent reply
2025-04-01 14:33:57 - [Cluster 1 - CLIENT] - INFO - [Store 562] Evaluation - Loss: 0.4862, MAE: 0.5415
2025-04-01 14:33:57 - [Cluster 1 - CLIENT] - INFO - Sent reply
2025-04-01 14:33:57 - [Cluster 1 - CLIENT] - INFO - [Store 615] Evaluation - Loss: 0.2263, MAE: 0.2785
2025-04-01 14:33:57 - [Cluster 1 - CLIENT] - INFO - Sent reply
2025-04-01 14:33:57 - [Cluster 1 - CLIENT] - INFO - [Store 526] Evaluation - Loss: 0.2090, MAE: 0.3172
2025-04-01 14:33:57 - [Cluster 1 - CLIENT] - INFO - [Store 699] Evaluation - Loss: 0.3914, MAE: 0.3787
2025-04-01 14:33:57 - [Cluster 1 - CLIENT] - INFO - Sent reply
2025-04-01 14:33:57 - [Cluster 1 - CLIENT] - INFO - Sent reply
2025-04-01 14:33:57 - [Cluster 1 - CLIENT] - INFO - [Store 527] Evaluation - Loss: 0.2680, MAE: 0.3278
2025-04-01 14:33:57 - [Cluster 1 - CLIENT] - INFO - Sent reply
2025-04-01 14:33:57 - [Cluster 1 - CLIENT] - INFO - [Store 906] Evaluation - Loss: 0.2309, MAE: 0.2952
2025-04-01 14:33:57 - [Cluster 1 - CLIENT] - INFO - Sent reply
2025-04-01 14:33:57 - [Cluster 1 - CLIENT] - INFO - [Store 809] Evaluation - Loss: 0.2898, MAE: 0.3779
2025-04-01 14:33:57 - [Cluster 1 - CLIENT] - INFO - Sent reply
2025-04-01 14:33:57 - [Cluster 1 - CLIENT] - INFO - [Store 1033] Evaluation - Loss: 0.2289, MAE: 0.3177
2025-04-01 14:33:57 - [Cluster 1 - CLIENT] - INFO - Sent reply
2025-04-01 14:33:57 - [Cluster 1 - CLIENT] - INFO - [Store 755] Evaluation - Loss: 0.2442, MAE: 0.3082
2025-04-01 14:33:57 - [Cluster 1 - CLIENT] - INFO - Sent reply
2025-04-01 14:33:57 - [Cluster 1 - CLIENT] - INFO - [Store 655] Evaluation - Loss: 0.3286, MAE: 0.3913
2025-04-01 14:33:57 - [Cluster 1 - CLIENT] - INFO - Sent reply
2025-04-01 14:33:57 - [Cluster 1 - CLIENT] - INFO - [Store 579] Evaluation - Loss: 0.2167, MAE: 0.3009
2025-04-01 14:33:57 - [Cluster 1 - CLIENT] - INFO - Sent reply
2025-04-01 14:33:57 - [Cluster 1 - CLIENT] - INFO - [Store 938] Evaluation - Loss: 0.2094, MAE: 0.2705
2025-04-01 14:33:57 - [Cluster 1 - CLIENT] - INFO - Sent reply
2025-04-01 14:33:57 - [Cluster 1 - CLIENT] - INFO - [Store 207] Evaluation - Loss: 0.1968, MAE: 0.3003
2025-04-01 14:33:57 - [Cluster 1 - CLIENT] - INFO - Sent reply
2025-04-01 14:33:57 - [Cluster 1 - CLIENT] - INFO - 
2025-04-01 14:33:57 - [Cluster 1 - CLIENT] - INFO - Received: train message 3fb79a6a-bbbf-4492-8ddd-a2ad3a126b8b
2025-04-01 14:33:57 - [Cluster 1 - CLIENT] - INFO - 
2025-04-01 14:33:57 - [Cluster 1 - CLIENT] - INFO - Received: train message ff5da040-de6b-46f8-b163-666b14c51425
2025-04-01 14:33:57 - [Cluster 1 - CLIENT] - INFO - 
2025-04-01 14:33:57 - [Cluster 1 - CLIENT] - INFO - Received: train message aeeb6f86-4866-4058-ae4a-a45805bde3c5
2025-04-01 14:33:57 - [Cluster 1 - CLIENT] - INFO - 
2025-04-01 14:33:57 - [Cluster 1 - CLIENT] - INFO - Received: train message c612cb3a-6bbb-48cd-b7da-0a2b47250848
2025-04-01 14:33:57 - [Cluster 1 - CLIENT] - INFO - 
2025-04-01 14:33:57 - [Cluster 1 - CLIENT] - INFO - Received: train message be943b2d-d427-4b9b-b452-e01fcea9f25d
2025-04-01 14:33:57 - [Cluster 1 - CLIENT] - INFO - [Store 938] Starting local training.
2025-04-01 14:33:57 - [Cluster 1 - CLIENT] - INFO - 
2025-04-01 14:33:57 - [Cluster 1 - CLIENT] - INFO - Received: train message 8d4199e9-6c54-4b5c-a9f7-1c9256565a26
2025-04-01 14:33:57 - [Cluster 1 - CLIENT] - INFO - 
2025-04-01 14:33:57 - [Cluster 1 - CLIENT] - INFO - Received: train message 86a9f0d8-3de7-4a0f-a84c-059d59ff52c1
2025-04-01 14:33:57 - [Cluster 1 - CLIENT] - INFO - [Store 207] Starting local training.
2025-04-01 14:33:57 - [Cluster 1 - CLIENT] - INFO - [Store 999] Starting local training.
2025-04-01 14:33:57 - [Cluster 1 - CLIENT] - INFO - 
2025-04-01 14:33:57 - [Cluster 1 - CLIENT] - INFO - Received: train message 1c39fa21-5ea6-4181-8d59-db62591b80da
2025-04-01 14:33:57 - [Cluster 1 - CLIENT] - INFO - [Store 699] Starting local training.
2025-04-01 14:33:57 - [Cluster 1 - CLIENT] - INFO - 
2025-04-01 14:33:57 - [Cluster 1 - CLIENT] - INFO - Received: train message 8b7f0a9c-5fd0-44d0-9593-20633b3ee63d
2025-04-01 14:33:57 - [Cluster 1 - CLIENT] - INFO - [Store 615] Starting local training.
2025-04-01 14:33:57 - [Cluster 1 - CLIENT] - INFO - [Store 608] Starting local training.
2025-04-01 14:33:57 - [Cluster 1 - CLIENT] - INFO - 
2025-04-01 14:33:57 - [Cluster 1 - CLIENT] - INFO - Received: train message 4081fdbd-0a62-40de-b600-d6a41f71775c
2025-04-01 14:33:57 - [Cluster 1 - CLIENT] - INFO - 
2025-04-01 14:33:57 - [Cluster 1 - CLIENT] - INFO - Received: train message 2f56e699-f2af-442e-8f1d-1f99f0813721
2025-04-01 14:33:57 - [Cluster 1 - CLIENT] - INFO - 
2025-04-01 14:33:57 - [Cluster 1 - CLIENT] - INFO - Received: train message f979362e-4be4-48ea-98a3-21887739407a
2025-04-01 14:33:57 - [Cluster 1 - CLIENT] - INFO - 
2025-04-01 14:33:57 - [Cluster 1 - CLIENT] - INFO - Received: train message 9d3695e6-a074-42b7-aac3-9e07cecf3d5e
2025-04-01 14:33:57 - [Cluster 1 - CLIENT] - INFO - 
2025-04-01 14:33:57 - [Cluster 1 - CLIENT] - INFO - Received: train message 002ee69d-1a01-49ac-84ed-1162e78e77e4
2025-04-01 14:33:57 - [Cluster 1 - CLIENT] - INFO - [Store 211] Starting local training.
2025-04-01 14:33:57 - [Cluster 1 - CLIENT] - INFO - [Store 665] Starting local training.
2025-04-01 14:33:57 - [Cluster 1 - CLIENT] - INFO - 
2025-04-01 14:33:57 - [Cluster 1 - CLIENT] - INFO - Received: train message bf1cbcf1-3282-4120-98ac-3a2642885f76
2025-04-01 14:33:57 - [Cluster 1 - CLIENT] - INFO - [Store 562] Starting local training.
2025-04-01 14:33:57 - [Cluster 1 - CLIENT] - INFO - [Store 655] Starting local training.
2025-04-01 14:33:57 - [Cluster 1 - CLIENT] - INFO - [Store 682] Starting local training.
2025-04-01 14:33:57 - [Cluster 1 - CLIENT] - INFO - [Store 526] Starting local training.
2025-04-01 14:33:58 - [Cluster 1 - CLIENT] - INFO - [Store 914] Starting local training.
2025-04-01 14:33:58 - [Cluster 1 - CLIENT] - INFO - [Store 524] Starting local training.
2025-04-01 14:33:58 - [Cluster 1 - CLIENT] - INFO - [Store 382] Starting local training.
2025-04-01 14:38:15 - [Cluster 1 - CLIENT] - INFO - [Store 524] Local training complete.
2025-04-01 14:38:16 - [Cluster 1 - CLIENT] - INFO - Sent reply
2025-04-01 14:38:16 - [Cluster 1 - CLIENT] - INFO - 
2025-04-01 14:38:16 - [Cluster 1 - CLIENT] - INFO - Received: train message 46f614e3-ed04-4c1c-89a4-2600682365e7
2025-04-01 14:38:16 - [Cluster 1 - CLIENT] - INFO - [Store 562] Local training complete.
2025-04-01 14:38:16 - [Cluster 1 - CLIENT] - INFO - Sent reply
2025-04-01 14:38:16 - [Cluster 1 - CLIENT] - INFO - [Store 384] Starting local training.
2025-04-01 14:38:16 - [Cluster 1 - CLIENT] - INFO - 
2025-04-01 14:38:16 - [Cluster 1 - CLIENT] - INFO - Received: train message d49cd5ce-042a-46d1-9aeb-92c2d8795594
2025-04-01 14:38:16 - [Cluster 1 - CLIENT] - INFO - [Store 1033] Starting local training.
2025-04-01 14:38:16 - [Cluster 1 - CLIENT] - INFO - [Store 207] Local training complete.
2025-04-01 14:38:16 - [Cluster 1 - CLIENT] - INFO - [Store 665] Local training complete.
2025-04-01 14:38:16 - [Cluster 1 - CLIENT] - INFO - Sent reply
2025-04-01 14:38:16 - [Cluster 1 - CLIENT] - INFO - 
2025-04-01 14:38:16 - [Cluster 1 - CLIENT] - INFO - Received: train message f4042207-7e6f-435d-af78-af2852e79592
2025-04-01 14:38:16 - [Cluster 1 - CLIENT] - INFO - [Store 527] Starting local training.
2025-04-01 14:38:16 - [Cluster 1 - CLIENT] - INFO - [Store 655] Local training complete.
2025-04-01 14:38:16 - [Cluster 1 - CLIENT] - INFO - Sent reply
2025-04-01 14:38:16 - [Cluster 1 - CLIENT] - INFO - 
2025-04-01 14:38:16 - [Cluster 1 - CLIENT] - INFO - Received: train message 4f5b1216-9429-473b-8400-e1101be05a01
2025-04-01 14:38:17 - [Cluster 1 - CLIENT] - INFO - Sent reply
2025-04-01 14:38:17 - [Cluster 1 - CLIENT] - INFO - 
2025-04-01 14:38:17 - [Cluster 1 - CLIENT] - INFO - Received: train message e25a8e78-bf5c-4d5a-9ea5-670f3d55df60
2025-04-01 14:38:17 - [Cluster 1 - CLIENT] - INFO - [Store 906] Starting local training.
2025-04-01 14:38:17 - [Cluster 1 - CLIENT] - INFO - [Store 849] Starting local training.
2025-04-01 14:38:20 - [Cluster 1 - CLIENT] - INFO - [Store 382] Local training complete.
2025-04-01 14:38:20 - [Cluster 1 - CLIENT] - INFO - Sent reply
2025-04-01 14:38:20 - [Cluster 1 - CLIENT] - INFO - 
2025-04-01 14:38:20 - [Cluster 1 - CLIENT] - INFO - Received: train message 714665da-dc62-4eca-8cf8-a8923b5ade2f
2025-04-01 14:38:20 - [Cluster 1 - CLIENT] - INFO - [Store 195] Starting local training.
2025-04-01 14:38:20 - [Cluster 1 - CLIENT] - INFO - [Store 526] Local training complete.
2025-04-01 14:38:20 - [Cluster 1 - CLIENT] - INFO - Sent reply
2025-04-01 14:38:20 - [Cluster 1 - CLIENT] - INFO - 
2025-04-01 14:38:20 - [Cluster 1 - CLIENT] - INFO - Received: train message a13d34a5-3ac2-4855-ab08-d25e087e333a
2025-04-01 14:38:21 - [Cluster 1 - CLIENT] - INFO - [Store 269] Starting local training.
2025-04-01 14:38:22 - [Cluster 1 - CLIENT] - INFO - [Store 608] Local training complete.
2025-04-01 14:38:22 - [Cluster 1 - CLIENT] - INFO - Sent reply
2025-04-01 14:38:22 - [Cluster 1 - CLIENT] - INFO - 
2025-04-01 14:38:22 - [Cluster 1 - CLIENT] - INFO - Received: train message f05198ff-c655-40c3-9a45-685944cf4126
2025-04-01 14:38:22 - [Cluster 1 - CLIENT] - INFO - [Store 755] Starting local training.
2025-04-01 14:38:23 - [Cluster 1 - CLIENT] - INFO - [Store 999] Local training complete.
2025-04-01 14:38:23 - [Cluster 1 - CLIENT] - INFO - Sent reply
2025-04-01 14:38:23 - [Cluster 1 - CLIENT] - INFO - 
2025-04-01 14:38:23 - [Cluster 1 - CLIENT] - INFO - Received: train message c5b3a1b9-a0c3-4f23-b809-21d5ea74946b
2025-04-01 14:38:23 - [Cluster 1 - CLIENT] - INFO - [Store 914] Local training complete.
2025-04-01 14:38:23 - [Cluster 1 - CLIENT] - INFO - [Store 106] Starting local training.
2025-04-01 14:38:23 - [Cluster 1 - CLIENT] - INFO - Sent reply
2025-04-01 14:38:23 - [Cluster 1 - CLIENT] - INFO - 
2025-04-01 14:38:23 - [Cluster 1 - CLIENT] - INFO - Received: train message 61cf9210-503d-4862-b0d8-25ccc0f9c3b0
2025-04-01 14:38:23 - [Cluster 1 - CLIENT] - INFO - [Store 753] Starting local training.
2025-04-01 14:38:24 - [Cluster 1 - CLIENT] - INFO - [Store 615] Local training complete.
2025-04-01 14:38:24 - [Cluster 1 - CLIENT] - INFO - Sent reply
2025-04-01 14:38:24 - [Cluster 1 - CLIENT] - INFO - [Store 211] Local training complete.
2025-04-01 14:38:24 - [Cluster 1 - CLIENT] - INFO - 
2025-04-01 14:38:24 - [Cluster 1 - CLIENT] - INFO - Received: train message f8c7ce54-55b6-4fd8-b221-3ab9d23c0193
2025-04-01 14:38:24 - [Cluster 1 - CLIENT] - INFO - Sent reply
2025-04-01 14:38:24 - [Cluster 1 - CLIENT] - INFO - 
2025-04-01 14:38:24 - [Cluster 1 - CLIENT] - INFO - Received: train message b958010d-a166-41e5-9538-8950f7b01e33
2025-04-01 14:38:24 - [Cluster 1 - CLIENT] - INFO - [Store 579] Starting local training.
2025-04-01 14:38:24 - [Cluster 1 - CLIENT] - INFO - [Store 807] Starting local training.
2025-04-01 14:38:26 - [Cluster 1 - CLIENT] - INFO - [Store 938] Local training complete.
2025-04-01 14:38:26 - [Cluster 1 - CLIENT] - INFO - Sent reply
2025-04-01 14:38:26 - [Cluster 1 - CLIENT] - INFO - 
2025-04-01 14:38:26 - [Cluster 1 - CLIENT] - INFO - Received: train message e11d05d2-9f50-4b1b-a9ce-c2d11409c145
2025-04-01 14:38:26 - [Cluster 1 - CLIENT] - INFO - [Store 809] Starting local training.
2025-04-01 14:38:33 - [Cluster 1 - CLIENT] - INFO - [Store 699] Local training complete.
2025-04-01 14:38:33 - [Cluster 1 - CLIENT] - INFO - Sent reply
2025-04-01 14:38:33 - [Cluster 1 - CLIENT] - INFO - 
2025-04-01 14:38:33 - [Cluster 1 - CLIENT] - INFO - Received: train message fbc40e2b-df5d-4e30-8619-17732165c7dc
2025-04-01 14:38:33 - [Cluster 1 - CLIENT] - INFO - [Store 532] Starting local training.
2025-04-01 14:38:40 - [Cluster 1 - CLIENT] - INFO - [Store 682] Local training complete.
2025-04-01 14:38:40 - [Cluster 1 - CLIENT] - INFO - Sent reply
2025-04-01 14:38:40 - [Cluster 1 - CLIENT] - INFO - 
2025-04-01 14:38:40 - [Cluster 1 - CLIENT] - INFO - Received: train message 31952526-cc80-4ad7-863e-15fb420b4e3e
2025-04-01 14:38:40 - [Cluster 1 - CLIENT] - INFO - [Store 431] Starting local training.
2025-04-01 14:42:59 - [Cluster 1 - CLIENT] - INFO - [Store 1033] Local training complete.
2025-04-01 14:42:59 - [Cluster 1 - CLIENT] - INFO - Sent reply
2025-04-01 14:42:59 - [Cluster 1 - CLIENT] - INFO - [Store 527] Local training complete.
2025-04-01 14:42:59 - [Cluster 1 - CLIENT] - INFO - Sent reply
2025-04-01 14:43:05 - [Cluster 1 - CLIENT] - INFO - [Store 755] Local training complete.
2025-04-01 14:43:05 - [Cluster 1 - CLIENT] - INFO - Sent reply
2025-04-01 14:43:06 - [Cluster 1 - CLIENT] - INFO - [Store 269] Local training complete.
2025-04-01 14:43:06 - [Cluster 1 - CLIENT] - INFO - Sent reply
2025-04-01 14:43:06 - [Cluster 1 - CLIENT] - INFO - [Store 753] Local training complete.
2025-04-01 14:43:07 - [Cluster 1 - CLIENT] - INFO - Sent reply
2025-04-01 14:43:07 - [Cluster 1 - CLIENT] - INFO - [Store 906] Local training complete.
2025-04-01 14:43:07 - [Cluster 1 - CLIENT] - INFO - Sent reply
2025-04-01 14:43:07 - [Cluster 1 - CLIENT] - INFO - [Store 849] Local training complete.
2025-04-01 14:43:07 - [Cluster 1 - CLIENT] - INFO - Sent reply
2025-04-01 14:43:08 - [Cluster 1 - CLIENT] - INFO - [Store 195] Local training complete.
2025-04-01 14:43:08 - [Cluster 1 - CLIENT] - INFO - Sent reply
2025-04-01 14:43:08 - [Cluster 1 - CLIENT] - INFO - [Store 106] Local training complete.
2025-04-01 14:43:08 - [Cluster 1 - CLIENT] - INFO - [Store 807] Local training complete.
2025-04-01 14:43:08 - [Cluster 1 - CLIENT] - INFO - Sent reply
2025-04-01 14:43:08 - [Cluster 1 - CLIENT] - INFO - Sent reply
2025-04-01 14:43:09 - [Cluster 1 - CLIENT] - INFO - [Store 384] Local training complete.
2025-04-01 14:43:09 - [Cluster 1 - CLIENT] - INFO - Sent reply
2025-04-01 14:43:09 - [Cluster 1 - CLIENT] - INFO - [Store 809] Local training complete.
2025-04-01 14:43:09 - [Cluster 1 - CLIENT] - INFO - Sent reply
2025-04-01 14:43:09 - [Cluster 1 - CLIENT] - INFO - [Store 579] Local training complete.
2025-04-01 14:43:09 - [Cluster 1 - CLIENT] - INFO - Sent reply
2025-04-01 14:43:10 - [Cluster 1 - CLIENT] - INFO - [Store 532] Local training complete.
2025-04-01 14:43:10 - [Cluster 1 - CLIENT] - INFO - Sent reply
2025-04-01 14:43:11 - [Cluster 1 - CLIENT] - INFO - [Store 431] Local training complete.
2025-04-01 14:43:11 - [Cluster 1 - CLIENT] - INFO - Sent reply
2025-04-01 14:43:11 - [Cluster 1 - CLIENT] - INFO - 
2025-04-01 14:43:11 - [Cluster 1 - CLIENT] - INFO - Received: evaluate message 4bb3aa3a-cc82-4ef7-b25d-0a01702cfbb5
2025-04-01 14:43:11 - [Cluster 1 - CLIENT] - INFO - 
2025-04-01 14:43:11 - [Cluster 1 - CLIENT] - INFO - Received: evaluate message 4e0e4439-9026-49bd-88bb-8581e1121c5f
2025-04-01 14:43:11 - [Cluster 1 - CLIENT] - INFO - 
2025-04-01 14:43:11 - [Cluster 1 - CLIENT] - INFO - Received: evaluate message f71e712f-f391-425d-9e61-b658f144194e
2025-04-01 14:43:11 - [Cluster 1 - CLIENT] - INFO - 
2025-04-01 14:43:11 - [Cluster 1 - CLIENT] - INFO - 
2025-04-01 14:43:11 - [Cluster 1 - CLIENT] - INFO - Received: evaluate message fcc1d209-838d-46f4-b7da-dcd0685888ae
2025-04-01 14:43:11 - [Cluster 1 - CLIENT] - INFO - 
2025-04-01 14:43:11 - [Cluster 1 - CLIENT] - INFO - Received: evaluate message 5c038909-7803-4c29-adad-ca6873e35e10
2025-04-01 14:43:11 - [Cluster 1 - CLIENT] - INFO - Received: evaluate message fd6c42d9-8f0a-4e7b-82ea-f9d195b464e2
2025-04-01 14:43:11 - [Cluster 1 - CLIENT] - INFO - 
2025-04-01 14:43:11 - [Cluster 1 - CLIENT] - INFO - 
2025-04-01 14:43:11 - [Cluster 1 - CLIENT] - INFO - Received: evaluate message aa315a8e-0d96-4e7a-bf26-649f217dfba2
2025-04-01 14:43:11 - [Cluster 1 - CLIENT] - INFO - Received: evaluate message 5dff70e6-a751-4e75-b1fa-cb6e7fd5412f
2025-04-01 14:43:11 - [Cluster 1 - CLIENT] - INFO - 
2025-04-01 14:43:11 - [Cluster 1 - CLIENT] - INFO - Received: evaluate message 01e2e144-99e5-41a0-abb4-78c34311ece2
2025-04-01 14:43:11 - [Cluster 1 - CLIENT] - INFO - 
2025-04-01 14:43:11 - [Cluster 1 - CLIENT] - INFO - Received: evaluate message 61ecc38a-2edc-4cf2-bfc6-5ec2abeabb41
2025-04-01 14:43:11 - [Cluster 1 - CLIENT] - INFO - 
2025-04-01 14:43:11 - [Cluster 1 - CLIENT] - INFO - Received: evaluate message 818b0c5b-d45e-45ba-839a-81180a1e043b
2025-04-01 14:43:11 - [Cluster 1 - CLIENT] - INFO - 
2025-04-01 14:43:11 - [Cluster 1 - CLIENT] - INFO - Received: evaluate message b953e02e-9214-4e16-b944-b5bab7d81cb0
2025-04-01 14:43:11 - [Cluster 1 - CLIENT] - INFO - 
2025-04-01 14:43:11 - [Cluster 1 - CLIENT] - INFO - Received: evaluate message a121ef6d-f7b5-40e8-899e-1886bb17a73d
2025-04-01 14:43:11 - [Cluster 1 - CLIENT] - INFO - 
2025-04-01 14:43:11 - [Cluster 1 - CLIENT] - INFO - 
2025-04-01 14:43:11 - [Cluster 1 - CLIENT] - INFO - Received: evaluate message 3910cf97-d5cd-47e3-96d4-a437eaafe137
2025-04-01 14:43:11 - [Cluster 1 - CLIENT] - INFO - Received: evaluate message 17f19437-a5e6-4ba6-917a-ac90fa64d2c3
2025-04-01 14:43:13 - [Cluster 1 - CLIENT] - INFO - [Store 755] Evaluation - Loss: 0.2317, MAE: 0.2843
2025-04-01 14:43:13 - [Cluster 1 - CLIENT] - INFO - Sent reply
2025-04-01 14:43:13 - [Cluster 1 - CLIENT] - INFO - 
2025-04-01 14:43:13 - [Cluster 1 - CLIENT] - INFO - Received: evaluate message c2ecb473-494b-4cff-a760-1d8f7eeba381
2025-04-01 14:43:13 - [Cluster 1 - CLIENT] - INFO - [Store 431] Evaluation - Loss: 0.2904, MAE: 0.3392
2025-04-01 14:43:13 - [Cluster 1 - CLIENT] - INFO - Sent reply
2025-04-01 14:43:13 - [Cluster 1 - CLIENT] - INFO - [Store 849] Evaluation - Loss: 0.2081, MAE: 0.2814
2025-04-01 14:43:13 - [Cluster 1 - CLIENT] - INFO - 
2025-04-01 14:43:13 - [Cluster 1 - CLIENT] - INFO - Sent reply
2025-04-01 14:43:13 - [Cluster 1 - CLIENT] - INFO - Received: evaluate message 05788849-ecbc-437f-8952-6ac6a24efc5e
2025-04-01 14:43:13 - [Cluster 1 - CLIENT] - INFO - [Store 527] Evaluation - Loss: 0.2570, MAE: 0.3115
2025-04-01 14:43:13 - [Cluster 1 - CLIENT] - INFO - Sent reply
2025-04-01 14:43:13 - [Cluster 1 - CLIENT] - INFO - 
2025-04-01 14:43:13 - [Cluster 1 - CLIENT] - INFO - Received: evaluate message 43cfde20-27e9-4cc6-88d5-0bb602409d18
2025-04-01 14:43:13 - [Cluster 1 - CLIENT] - INFO - [Store 999] Evaluation - Loss: 0.1801, MAE: 0.2722
2025-04-01 14:43:13 - [Cluster 1 - CLIENT] - INFO - Sent reply
2025-04-01 14:43:13 - [Cluster 1 - CLIENT] - INFO - [Store 195] Evaluation - Loss: 0.2800, MAE: 0.3301
2025-04-01 14:43:13 - [Cluster 1 - CLIENT] - INFO - Sent reply
2025-04-01 14:43:13 - [Cluster 1 - CLIENT] - INFO - 
2025-04-01 14:43:13 - [Cluster 1 - CLIENT] - INFO - Received: evaluate message 204c335e-dbc8-46f4-8d10-3f690df9559d
2025-04-01 14:43:13 - [Cluster 1 - CLIENT] - INFO - 
2025-04-01 14:43:13 - [Cluster 1 - CLIENT] - INFO - Received: evaluate message c6b6147b-9ec0-4d77-981d-c7e15d6a2d22
2025-04-01 14:43:13 - [Cluster 1 - CLIENT] - INFO - [Store 106] Evaluation - Loss: 0.1880, MAE: 0.2756
2025-04-01 14:43:13 - [Cluster 1 - CLIENT] - INFO - Sent reply
2025-04-01 14:43:13 - [Cluster 1 - CLIENT] - INFO - [Store 269] Evaluation - Loss: 0.2402, MAE: 0.3229
2025-04-01 14:43:13 - [Cluster 1 - CLIENT] - INFO - Sent reply
2025-04-01 14:43:13 - [Cluster 1 - CLIENT] - INFO - 
2025-04-01 14:43:13 - [Cluster 1 - CLIENT] - INFO - Received: evaluate message aead8c05-eea0-402a-965b-3831773eb43b
2025-04-01 14:43:13 - [Cluster 1 - CLIENT] - INFO - 
2025-04-01 14:43:13 - [Cluster 1 - CLIENT] - INFO - Received: evaluate message 17e12679-af2d-4bbb-8e84-73fdee5fadcd
2025-04-01 14:43:13 - [Cluster 1 - CLIENT] - INFO - [Store 1033] Evaluation - Loss: 0.2018, MAE: 0.2813
2025-04-01 14:43:13 - [Cluster 1 - CLIENT] - INFO - Sent reply
2025-04-01 14:43:13 - [Cluster 1 - CLIENT] - INFO - [Store 526] Evaluation - Loss: 0.1750, MAE: 0.2708
2025-04-01 14:43:13 - [Cluster 1 - CLIENT] - INFO - [Store 524] Evaluation - Loss: 0.2416, MAE: 0.3003
2025-04-01 14:43:13 - [Cluster 1 - CLIENT] - INFO - Sent reply
2025-04-01 14:43:13 - [Cluster 1 - CLIENT] - INFO - 
2025-04-01 14:43:13 - [Cluster 1 - CLIENT] - INFO - Received: evaluate message 2ace7d16-8106-4e42-9d31-6b4887c8fe62
2025-04-01 14:43:13 - [Cluster 1 - CLIENT] - INFO - Sent reply
2025-04-01 14:43:13 - [Cluster 1 - CLIENT] - INFO - 
2025-04-01 14:43:13 - [Cluster 1 - CLIENT] - INFO - Received: evaluate message cfecc085-ae6a-4aa5-b521-f9d2884d2942
2025-04-01 14:43:13 - [Cluster 1 - CLIENT] - INFO - 
2025-04-01 14:43:13 - [Cluster 1 - CLIENT] - INFO - Received: evaluate message ff34cbbc-b657-4e15-8cac-88977bccdd58
2025-04-01 14:43:13 - [Cluster 1 - CLIENT] - INFO - [Store 699] Evaluation - Loss: 0.3811, MAE: 0.3623
2025-04-01 14:43:13 - [Cluster 1 - CLIENT] - INFO - [Store 906] Evaluation - Loss: 0.2094, MAE: 0.2677
2025-04-01 14:43:13 - [Cluster 1 - CLIENT] - INFO - Sent reply
2025-04-01 14:43:13 - [Cluster 1 - CLIENT] - INFO - 
2025-04-01 14:43:13 - [Cluster 1 - CLIENT] - INFO - Received: evaluate message 9dff89a0-1ba2-46ae-945b-f230aae50860
2025-04-01 14:43:13 - [Cluster 1 - CLIENT] - INFO - Sent reply
2025-04-01 14:43:14 - [Cluster 1 - CLIENT] - INFO - [Store 809] Evaluation - Loss: 0.2577, MAE: 0.3278
2025-04-01 14:43:14 - [Cluster 1 - CLIENT] - INFO - [Store 615] Evaluation - Loss: 0.2055, MAE: 0.2489
2025-04-01 14:43:14 - [Cluster 1 - CLIENT] - INFO - Sent reply
2025-04-01 14:43:14 - [Cluster 1 - CLIENT] - INFO - Sent reply
2025-04-01 14:43:14 - [Cluster 1 - CLIENT] - INFO - 
2025-04-01 14:43:14 - [Cluster 1 - CLIENT] - INFO - Received: evaluate message 584ef3c3-4556-4f52-ae11-cd9ec731d161
2025-04-01 14:43:14 - [Cluster 1 - CLIENT] - INFO - 
2025-04-01 14:43:14 - [Cluster 1 - CLIENT] - INFO - Received: evaluate message c6378585-6da4-4218-852d-17abbfaf4270
2025-04-01 14:43:14 - [Cluster 1 - CLIENT] - INFO - 
2025-04-01 14:43:14 - [Cluster 1 - CLIENT] - INFO - Received: evaluate message a482c659-ce0a-4262-a23a-260a57a4aa8f
2025-04-01 14:43:14 - [Cluster 1 - CLIENT] - INFO - 
2025-04-01 14:43:14 - [Cluster 1 - CLIENT] - INFO - Received: evaluate message 62860611-300f-4b13-ab01-745de75ae66c
2025-04-01 14:43:15 - [Cluster 1 - CLIENT] - INFO - [Store 807] Evaluation - Loss: 0.2765, MAE: 0.3373
2025-04-01 14:43:15 - [Cluster 1 - CLIENT] - INFO - Sent reply
2025-04-01 14:43:15 - [Cluster 1 - CLIENT] - INFO - [Store 532] Evaluation - Loss: 0.3848, MAE: 0.3853
2025-04-01 14:43:15 - [Cluster 1 - CLIENT] - INFO - Sent reply
2025-04-01 14:43:15 - [Cluster 1 - CLIENT] - INFO - [Store 655] Evaluation - Loss: 0.3204, MAE: 0.3704
2025-04-01 14:43:15 - [Cluster 1 - CLIENT] - INFO - Sent reply
2025-04-01 14:43:15 - [Cluster 1 - CLIENT] - INFO - [Store 384] Evaluation - Loss: 0.2178, MAE: 0.3030
2025-04-01 14:43:15 - [Cluster 1 - CLIENT] - INFO - Sent reply
2025-04-01 14:43:15 - [Cluster 1 - CLIENT] - INFO - [Store 753] Evaluation - Loss: 0.2158, MAE: 0.2867
2025-04-01 14:43:15 - [Cluster 1 - CLIENT] - INFO - Sent reply
2025-04-01 14:43:15 - [Cluster 1 - CLIENT] - INFO - [Store 579] Evaluation - Loss: 0.1959, MAE: 0.2707
2025-04-01 14:43:15 - [Cluster 1 - CLIENT] - INFO - Sent reply
2025-04-01 14:43:15 - [Cluster 1 - CLIENT] - INFO - [Store 665] Evaluation - Loss: 0.2082, MAE: 0.2581
2025-04-01 14:43:15 - [Cluster 1 - CLIENT] - INFO - Sent reply
2025-04-01 14:43:15 - [Cluster 1 - CLIENT] - INFO - [Store 608] Evaluation - Loss: 0.2337, MAE: 0.3168
2025-04-01 14:43:15 - [Cluster 1 - CLIENT] - INFO - Sent reply
2025-04-01 14:43:15 - [Cluster 1 - CLIENT] - INFO - [Store 211] Evaluation - Loss: 0.2170, MAE: 0.3029
2025-04-01 14:43:15 - [Cluster 1 - CLIENT] - INFO - [Store 682] Evaluation - Loss: 0.2784, MAE: 0.4059
2025-04-01 14:43:15 - [Cluster 1 - CLIENT] - INFO - Sent reply
2025-04-01 14:43:15 - [Cluster 1 - CLIENT] - INFO - Sent reply
2025-04-01 14:43:15 - [Cluster 1 - CLIENT] - INFO - [Store 207] Evaluation - Loss: 0.1643, MAE: 0.2517
2025-04-01 14:43:15 - [Cluster 1 - CLIENT] - INFO - Sent reply
2025-04-01 14:43:15 - [Cluster 1 - CLIENT] - INFO - [Store 562] Evaluation - Loss: 0.4353, MAE: 0.5153
2025-04-01 14:43:15 - [Cluster 1 - CLIENT] - INFO - Sent reply
2025-04-01 14:43:15 - [Cluster 1 - CLIENT] - INFO - [Store 938] Evaluation - Loss: 0.1927, MAE: 0.2465
2025-04-01 14:43:15 - [Cluster 1 - CLIENT] - INFO - Sent reply
2025-04-01 14:43:15 - [Cluster 1 - CLIENT] - INFO - [Store 914] Evaluation - Loss: 0.1983, MAE: 0.2754
2025-04-01 14:43:15 - [Cluster 1 - CLIENT] - INFO - Sent reply
2025-04-01 14:43:15 - [Cluster 1 - CLIENT] - INFO - [Store 382] Evaluation - Loss: 0.1840, MAE: 0.2740
2025-04-01 14:43:15 - [Cluster 1 - CLIENT] - INFO - Sent reply
2025-04-01 14:43:15 - [Cluster 1 - CLIENT] - INFO - 
2025-04-01 14:43:15 - [Cluster 1 - CLIENT] - INFO - Received: train message 4a1194b4-ebc4-4a6a-a270-0dce264920e8
2025-04-01 14:43:15 - [Cluster 1 - CLIENT] - INFO - 
2025-04-01 14:43:15 - [Cluster 1 - CLIENT] - INFO - Received: train message 55901f09-133d-43d0-8f86-1c9b04aeb6b3
2025-04-01 14:43:15 - [Cluster 1 - CLIENT] - INFO - 
2025-04-01 14:43:15 - [Cluster 1 - CLIENT] - INFO - Received: train message 2179710d-a806-49d9-9846-75d6b01dce49
2025-04-01 14:43:15 - [Cluster 1 - CLIENT] - INFO - [Store 655] Starting local training.
2025-04-01 14:43:15 - [Cluster 1 - CLIENT] - INFO - 
2025-04-01 14:43:15 - [Cluster 1 - CLIENT] - INFO - Received: train message 4d897403-2cca-4876-a751-7604b89d2385
2025-04-01 14:43:15 - [Cluster 1 - CLIENT] - INFO - [Store 807] Starting local training.
2025-04-01 14:43:15 - [Cluster 1 - CLIENT] - INFO - 
2025-04-01 14:43:15 - [Cluster 1 - CLIENT] - INFO - Received: train message 800384b9-727c-4951-b596-0cdd751ff635
2025-04-01 14:43:15 - [Cluster 1 - CLIENT] - INFO - 
2025-04-01 14:43:15 - [Cluster 1 - CLIENT] - INFO - Received: train message c0fbfcf3-7390-46e9-a4ba-35fd2be1ad21
2025-04-01 14:43:15 - [Cluster 1 - CLIENT] - INFO - 
2025-04-01 14:43:15 - [Cluster 1 - CLIENT] - INFO - Received: train message ca448b93-a136-4c4d-a194-102e71a90959
2025-04-01 14:43:15 - [Cluster 1 - CLIENT] - INFO - 
2025-04-01 14:43:15 - [Cluster 1 - CLIENT] - INFO - Received: train message 8c8a8441-3674-4c8a-b5eb-fe60767308b6
2025-04-01 14:43:15 - [Cluster 1 - CLIENT] - INFO - 
2025-04-01 14:43:15 - [Cluster 1 - CLIENT] - INFO - Received: train message 7413eaa8-a3c4-4dc2-895f-194d94fafd1b
2025-04-01 14:43:15 - [Cluster 1 - CLIENT] - INFO - [Store 532] Starting local training.
2025-04-01 14:43:15 - [Cluster 1 - CLIENT] - INFO - [Store 207] Starting local training.
2025-04-01 14:43:15 - [Cluster 1 - CLIENT] - INFO - [Store 384] Starting local training.
2025-04-01 14:43:15 - [Cluster 1 - CLIENT] - INFO - 
2025-04-01 14:43:15 - [Cluster 1 - CLIENT] - INFO - Received: train message 564c5b1d-9389-45f6-891c-0e6b33760298
2025-04-01 14:43:15 - [Cluster 1 - CLIENT] - INFO - 
2025-04-01 14:43:15 - [Cluster 1 - CLIENT] - INFO - Received: train message 47a56754-49b8-44ba-bd7f-6aa977fefbf8
2025-04-01 14:43:15 - [Cluster 1 - CLIENT] - INFO - [Store 211] Starting local training.
2025-04-01 14:43:15 - [Cluster 1 - CLIENT] - INFO - 
2025-04-01 14:43:15 - [Cluster 1 - CLIENT] - INFO - Received: train message d992a42c-44aa-413f-9b32-be54e75e6767
2025-04-01 14:43:15 - [Cluster 1 - CLIENT] - INFO - 
2025-04-01 14:43:15 - [Cluster 1 - CLIENT] - INFO - Received: train message fc1413c9-754d-4ccc-a663-28c024b62d72
2025-04-01 14:43:15 - [Cluster 1 - CLIENT] - INFO - [Store 906] Starting local training.
2025-04-01 14:43:15 - [Cluster 1 - CLIENT] - INFO - [Store 914] Starting local training.
2025-04-01 14:43:15 - [Cluster 1 - CLIENT] - INFO - [Store 699] Starting local training.
2025-04-01 14:43:15 - [Cluster 1 - CLIENT] - INFO - 
2025-04-01 14:43:15 - [Cluster 1 - CLIENT] - INFO - 
2025-04-01 14:43:15 - [Cluster 1 - CLIENT] - INFO - Received: train message 7ab33b03-bd37-4b8c-87d9-d2385bdaa7da
2025-04-01 14:43:15 - [Cluster 1 - CLIENT] - INFO - Received: train message c08f5db9-a5aa-4aa7-ac7c-4ec584961923
2025-04-01 14:43:15 - [Cluster 1 - CLIENT] - INFO - [Store 849] Starting local training.
2025-04-01 14:43:15 - [Cluster 1 - CLIENT] - INFO - [Store 615] Starting local training.
2025-04-01 14:43:16 - [Cluster 1 - CLIENT] - INFO - [Store 106] Starting local training.
2025-04-01 14:43:16 - [Cluster 1 - CLIENT] - INFO - [Store 526] Starting local training.
2025-04-01 14:43:16 - [Cluster 1 - CLIENT] - INFO - [Store 431] Starting local training.
2025-04-01 14:43:16 - [Cluster 1 - CLIENT] - INFO - [Store 195] Starting local training.
2025-04-01 14:47:47 - [Cluster 1 - CLIENT] - INFO - [Store 699] Local training complete.
2025-04-01 14:47:47 - [Cluster 1 - CLIENT] - INFO - [Store 207] Local training complete.
2025-04-01 14:47:47 - [Cluster 1 - CLIENT] - INFO - Sent reply
2025-04-01 14:47:47 - [Cluster 1 - CLIENT] - INFO - Sent reply
2025-04-01 14:47:47 - [Cluster 1 - CLIENT] - INFO - 
2025-04-01 14:47:47 - [Cluster 1 - CLIENT] - INFO - Received: train message 988aa162-0fa2-4d94-9405-d8bda850fe32
2025-04-01 14:47:47 - [Cluster 1 - CLIENT] - INFO - 
2025-04-01 14:47:48 - [Cluster 1 - CLIENT] - INFO - Received: train message 1a64e438-e423-4fe1-809e-3881a65058b1
2025-04-01 14:47:48 - [Cluster 1 - CLIENT] - INFO - [Store 562] Starting local training.
2025-04-01 14:47:48 - [Cluster 1 - CLIENT] - INFO - [Store 999] Starting local training.
2025-04-01 14:47:48 - [Cluster 1 - CLIENT] - INFO - [Store 526] Local training complete.
2025-04-01 14:47:48 - [Cluster 1 - CLIENT] - INFO - Sent reply
2025-04-01 14:47:48 - [Cluster 1 - CLIENT] - INFO - 
2025-04-01 14:47:48 - [Cluster 1 - CLIENT] - INFO - Received: train message a4e66e78-298f-434d-8612-c2d5dd81be6a
2025-04-01 14:47:49 - [Cluster 1 - CLIENT] - INFO - [Store 527] Starting local training.
2025-04-01 14:47:49 - [Cluster 1 - CLIENT] - INFO - [Store 384] Local training complete.
2025-04-01 14:47:49 - [Cluster 1 - CLIENT] - INFO - Sent reply
2025-04-01 14:47:49 - [Cluster 1 - CLIENT] - INFO - 
2025-04-01 14:47:49 - [Cluster 1 - CLIENT] - INFO - Received: train message 717e91f1-bcb7-48b7-9d10-b7f7ec1a1ca4
2025-04-01 14:47:49 - [Cluster 1 - CLIENT] - INFO - [Store 809] Starting local training.
2025-04-01 14:47:50 - [Cluster 1 - CLIENT] - INFO - [Store 807] Local training complete.
2025-04-01 14:47:51 - [Cluster 1 - CLIENT] - INFO - [Store 906] Local training complete.
2025-04-01 14:47:51 - [Cluster 1 - CLIENT] - INFO - Sent reply
2025-04-01 14:47:51 - [Cluster 1 - CLIENT] - INFO - 
2025-04-01 14:47:51 - [Cluster 1 - CLIENT] - INFO - Received: train message 78e8efa9-86b9-49b6-ae89-d508fdd44c18
2025-04-01 14:47:51 - [Cluster 1 - CLIENT] - INFO - [Store 665] Starting local training.
2025-04-01 14:47:51 - [Cluster 1 - CLIENT] - INFO - Sent reply
2025-04-01 14:47:51 - [Cluster 1 - CLIENT] - INFO - 
2025-04-01 14:47:51 - [Cluster 1 - CLIENT] - INFO - Received: train message 855daa1f-94de-4e7a-92da-c81322f6783e
2025-04-01 14:47:51 - [Cluster 1 - CLIENT] - INFO - [Store 579] Starting local training.
2025-04-01 14:47:51 - [Cluster 1 - CLIENT] - INFO - [Store 106] Local training complete.
2025-04-01 14:47:51 - [Cluster 1 - CLIENT] - INFO - Sent reply
2025-04-01 14:47:51 - [Cluster 1 - CLIENT] - INFO - 
2025-04-01 14:47:51 - [Cluster 1 - CLIENT] - INFO - Received: train message 714d5fbc-f868-40dc-be94-3676a7a687ee
2025-04-01 14:47:51 - [Cluster 1 - CLIENT] - INFO - [Store 524] Starting local training.
2025-04-01 14:47:52 - [Cluster 1 - CLIENT] - INFO - [Store 849] Local training complete.
2025-04-01 14:47:52 - [Cluster 1 - CLIENT] - INFO - Sent reply
2025-04-01 14:47:52 - [Cluster 1 - CLIENT] - INFO - 
2025-04-01 14:47:52 - [Cluster 1 - CLIENT] - INFO - Received: train message 9454a5d1-15a7-41a1-9c89-6849cf0fb66e
2025-04-01 14:47:52 - [Cluster 1 - CLIENT] - INFO - [Store 382] Starting local training.
2025-04-01 14:47:53 - [Cluster 1 - CLIENT] - INFO - [Store 655] Local training complete.
2025-04-01 14:47:53 - [Cluster 1 - CLIENT] - INFO - Sent reply
2025-04-01 14:47:53 - [Cluster 1 - CLIENT] - INFO - 
2025-04-01 14:47:53 - [Cluster 1 - CLIENT] - INFO - Received: train message da65c325-2f69-4115-b8e6-060fd6c6e2e6
2025-04-01 14:47:53 - [Cluster 1 - CLIENT] - INFO - [Store 1033] Starting local training.
2025-04-01 14:47:53 - [Cluster 1 - CLIENT] - INFO - [Store 532] Local training complete.
2025-04-01 14:47:53 - [Cluster 1 - CLIENT] - INFO - Sent reply
2025-04-01 14:47:53 - [Cluster 1 - CLIENT] - INFO - 
2025-04-01 14:47:53 - [Cluster 1 - CLIENT] - INFO - Received: train message 2d05e4a1-ff41-4146-b48f-8cfd4e1232a3
2025-04-01 14:47:53 - [Cluster 1 - CLIENT] - INFO - [Store 682] Starting local training.
2025-04-01 14:47:54 - [Cluster 1 - CLIENT] - INFO - [Store 211] Local training complete.
2025-04-01 14:47:54 - [Cluster 1 - CLIENT] - INFO - Sent reply
2025-04-01 14:47:54 - [Cluster 1 - CLIENT] - INFO - [Store 914] Local training complete.
2025-04-01 14:47:54 - [Cluster 1 - CLIENT] - INFO - 
2025-04-01 14:47:54 - [Cluster 1 - CLIENT] - INFO - Received: train message 9b65c80c-fe53-4aff-b566-2924c90c166a
2025-04-01 14:47:54 - [Cluster 1 - CLIENT] - INFO - [Store 431] Local training complete.
2025-04-01 14:47:54 - [Cluster 1 - CLIENT] - INFO - Sent reply
2025-04-01 14:47:54 - [Cluster 1 - CLIENT] - INFO - 
2025-04-01 14:47:54 - [Cluster 1 - CLIENT] - INFO - Received: train message ab8c81c5-59b9-49a1-abc0-7ac4344639fe
2025-04-01 14:47:54 - [Cluster 1 - CLIENT] - INFO - [Store 938] Starting local training.
2025-04-01 14:47:54 - [Cluster 1 - CLIENT] - INFO - [Store 608] Starting local training.
2025-04-01 14:47:54 - [Cluster 1 - CLIENT] - INFO - Sent reply
2025-04-01 14:47:54 - [Cluster 1 - CLIENT] - INFO - 
2025-04-01 14:47:54 - [Cluster 1 - CLIENT] - INFO - Received: train message 0bc214b3-091a-43d2-b89f-de86d13548a0
2025-04-01 14:47:54 - [Cluster 1 - CLIENT] - INFO - [Store 753] Starting local training.
2025-04-01 14:47:56 - [Cluster 1 - CLIENT] - INFO - [Store 615] Local training complete.
2025-04-01 14:47:57 - [Cluster 1 - CLIENT] - INFO - Sent reply
2025-04-01 14:47:57 - [Cluster 1 - CLIENT] - INFO - 
2025-04-01 14:47:57 - [Cluster 1 - CLIENT] - INFO - Received: train message 28afdb1a-dbdf-4f31-875d-c56f48193856
2025-04-01 14:47:57 - [Cluster 1 - CLIENT] - INFO - [Store 755] Starting local training.
2025-04-01 14:47:58 - [Cluster 1 - CLIENT] - INFO - [Store 195] Local training complete.
2025-04-01 14:47:58 - [Cluster 1 - CLIENT] - INFO - Sent reply
2025-04-01 14:47:58 - [Cluster 1 - CLIENT] - INFO - 
2025-04-01 14:47:58 - [Cluster 1 - CLIENT] - INFO - Received: train message 419c627d-586d-4535-9ca6-1566aaf4cb95
2025-04-01 14:47:58 - [Cluster 1 - CLIENT] - INFO - [Store 269] Starting local training.
2025-04-01 14:52:39 - [Cluster 1 - CLIENT] - INFO - [Store 999] Local training complete.
2025-04-01 14:52:39 - [Cluster 1 - CLIENT] - INFO - Sent reply
2025-04-01 14:52:42 - [Cluster 1 - CLIENT] - INFO - [Store 562] Local training complete.
2025-04-01 14:52:42 - [Cluster 1 - CLIENT] - INFO - Sent reply
2025-04-01 14:52:44 - [Cluster 1 - CLIENT] - INFO - [Store 579] Local training complete.
2025-04-01 14:52:44 - [Cluster 1 - CLIENT] - INFO - Sent reply
2025-04-01 14:52:45 - [Cluster 1 - CLIENT] - INFO - [Store 269] Local training complete.
2025-04-01 14:52:45 - [Cluster 1 - CLIENT] - INFO - Sent reply
2025-04-01 14:52:46 - [Cluster 1 - CLIENT] - INFO - [Store 665] Local training complete.
2025-04-01 14:52:46 - [Cluster 1 - CLIENT] - INFO - Sent reply
2025-04-01 14:52:46 - [Cluster 1 - CLIENT] - INFO - [Store 809] Local training complete.
2025-04-01 14:52:46 - [Cluster 1 - CLIENT] - INFO - [Store 382] Local training complete.
2025-04-01 14:52:46 - [Cluster 1 - CLIENT] - INFO - Sent reply
2025-04-01 14:52:46 - [Cluster 1 - CLIENT] - INFO - Sent reply
2025-04-01 14:52:47 - [Cluster 1 - CLIENT] - INFO - [Store 527] Local training complete.
2025-04-01 14:52:47 - [Cluster 1 - CLIENT] - INFO - [Store 938] Local training complete.
2025-04-01 14:52:47 - [Cluster 1 - CLIENT] - INFO - Sent reply
2025-04-01 14:52:47 - [Cluster 1 - CLIENT] - INFO - Sent reply
2025-04-01 14:52:47 - [Cluster 1 - CLIENT] - INFO - [Store 682] Local training complete.
2025-04-01 14:52:47 - [Cluster 1 - CLIENT] - INFO - Sent reply
2025-04-01 14:52:48 - [Cluster 1 - CLIENT] - INFO - [Store 755] Local training complete.
2025-04-01 14:52:48 - [Cluster 1 - CLIENT] - INFO - Sent reply
2025-04-01 14:52:48 - [Cluster 1 - CLIENT] - INFO - [Store 524] Local training complete.
2025-04-01 14:52:48 - [Cluster 1 - CLIENT] - INFO - [Store 608] Local training complete.
2025-04-01 14:52:48 - [Cluster 1 - CLIENT] - INFO - Sent reply
2025-04-01 14:52:48 - [Cluster 1 - CLIENT] - INFO - Sent reply
2025-04-01 14:52:49 - [Cluster 1 - CLIENT] - INFO - [Store 1033] Local training complete.
2025-04-01 14:52:49 - [Cluster 1 - CLIENT] - INFO - Sent reply
2025-04-01 14:52:49 - [Cluster 1 - CLIENT] - INFO - [Store 753] Local training complete.
2025-04-01 14:52:49 - [Cluster 1 - CLIENT] - INFO - Sent reply
2025-04-01 14:52:49 - [Cluster 1 - CLIENT] - INFO - 
2025-04-01 14:52:49 - [Cluster 1 - CLIENT] - INFO - Received: evaluate message 769f4337-e48f-4035-a83e-78fde93e53ad
2025-04-01 14:52:49 - [Cluster 1 - CLIENT] - INFO - 
2025-04-01 14:52:49 - [Cluster 1 - CLIENT] - INFO - Received: evaluate message 8e7c35b1-7230-4e9e-9343-8c9959e02906
2025-04-01 14:52:49 - [Cluster 1 - CLIENT] - INFO - 
2025-04-01 14:52:49 - [Cluster 1 - CLIENT] - INFO - Received: evaluate message 2840b508-8dc9-4014-97c1-a8340594073b
2025-04-01 14:52:49 - [Cluster 1 - CLIENT] - INFO - 
2025-04-01 14:52:49 - [Cluster 1 - CLIENT] - INFO - Received: evaluate message 7ff4c136-e0fa-4997-9245-741c6ab11bd3
2025-04-01 14:52:49 - [Cluster 1 - CLIENT] - INFO - 
2025-04-01 14:52:49 - [Cluster 1 - CLIENT] - INFO - Received: evaluate message ab2bffb6-f4bf-4431-bee9-120c0e07d69c
2025-04-01 14:52:49 - [Cluster 1 - CLIENT] - INFO - 
2025-04-01 14:52:49 - [Cluster 1 - CLIENT] - INFO - Received: evaluate message 7802a993-f47e-463c-87eb-788f51d3219e
2025-04-01 14:52:49 - [Cluster 1 - CLIENT] - INFO - 
2025-04-01 14:52:49 - [Cluster 1 - CLIENT] - INFO - Received: evaluate message a6adf54f-a31f-468a-9ef3-8bda3767fafa
2025-04-01 14:52:49 - [Cluster 1 - CLIENT] - INFO - 
2025-04-01 14:52:49 - [Cluster 1 - CLIENT] - INFO - 
2025-04-01 14:52:49 - [Cluster 1 - CLIENT] - INFO - Received: evaluate message ff1ea3c9-9b76-4f2e-98a1-8ce95920173b
2025-04-01 14:52:49 - [Cluster 1 - CLIENT] - INFO - Received: evaluate message cefeae72-7c7f-405b-b87e-5b45c93bfb63
2025-04-01 14:52:49 - [Cluster 1 - CLIENT] - INFO - 
2025-04-01 14:52:49 - [Cluster 1 - CLIENT] - INFO - Received: evaluate message 33255c73-aae6-480c-a573-4b3e593f735d
2025-04-01 14:52:49 - [Cluster 1 - CLIENT] - INFO - 
2025-04-01 14:52:49 - [Cluster 1 - CLIENT] - INFO - 
2025-04-01 14:52:49 - [Cluster 1 - CLIENT] - INFO - Received: evaluate message 2ecf1e61-88c3-489a-94b8-dc69ce85005e
2025-04-01 14:52:49 - [Cluster 1 - CLIENT] - INFO - Received: evaluate message bc406395-8f50-44d6-814b-6879011b73e5
2025-04-01 14:52:49 - [Cluster 1 - CLIENT] - INFO - 
2025-04-01 14:52:49 - [Cluster 1 - CLIENT] - INFO - Received: evaluate message 460e8948-c258-4e49-98a3-de14e7a52649
2025-04-01 14:52:49 - [Cluster 1 - CLIENT] - INFO - 
2025-04-01 14:52:49 - [Cluster 1 - CLIENT] - INFO - Received: evaluate message 24ffd092-41bf-4a39-bf8f-51eaa53abb82
2025-04-01 14:52:49 - [Cluster 1 - CLIENT] - INFO - 
2025-04-01 14:52:49 - [Cluster 1 - CLIENT] - INFO - Received: evaluate message 8f13fd1b-8aee-4df0-a642-052d9604b926
2025-04-01 14:52:50 - [Cluster 1 - CLIENT] - INFO - [Store 524] Evaluation - Loss: 0.2481, MAE: 0.3162
2025-04-01 14:52:50 - [Cluster 1 - CLIENT] - INFO - Sent reply
2025-04-01 14:52:50 - [Cluster 1 - CLIENT] - INFO - 
2025-04-01 14:52:50 - [Cluster 1 - CLIENT] - INFO - Received: evaluate message 7024fc69-89f1-4cad-bbe0-58d6617a0269
2025-04-01 14:52:50 - [Cluster 1 - CLIENT] - INFO - [Store 753] Evaluation - Loss: 0.2329, MAE: 0.3287
2025-04-01 14:52:50 - [Cluster 1 - CLIENT] - INFO - Sent reply
2025-04-01 14:52:50 - [Cluster 1 - CLIENT] - INFO - [Store 938] Evaluation - Loss: 0.2195, MAE: 0.2894
2025-04-01 14:52:50 - [Cluster 1 - CLIENT] - INFO - [Store 682] Evaluation - Loss: 0.3034, MAE: 0.4278
2025-04-01 14:52:50 - [Cluster 1 - CLIENT] - INFO - Sent reply
2025-04-01 14:52:50 - [Cluster 1 - CLIENT] - INFO - Sent reply
2025-04-01 14:52:51 - [Cluster 1 - CLIENT] - INFO - [Store 807] Evaluation - Loss: 0.3003, MAE: 0.3731
2025-04-01 14:52:51 - [Cluster 1 - CLIENT] - INFO - Sent reply
2025-04-01 14:52:51 - [Cluster 1 - CLIENT] - INFO - 
2025-04-01 14:52:51 - [Cluster 1 - CLIENT] - INFO - Received: evaluate message 355aa878-0346-4376-81f3-f191a479663d
2025-04-01 14:52:51 - [Cluster 1 - CLIENT] - INFO - 
2025-04-01 14:52:51 - [Cluster 1 - CLIENT] - INFO - Received: evaluate message fb5548e1-01e0-45a0-90ee-301b22cebc06
2025-04-01 14:52:51 - [Cluster 1 - CLIENT] - INFO - 
2025-04-01 14:52:51 - [Cluster 1 - CLIENT] - INFO - Received: evaluate message 997958dd-4393-4a6d-af6c-0b769b5308ef
2025-04-01 14:52:51 - [Cluster 1 - CLIENT] - INFO - 
2025-04-01 14:52:51 - [Cluster 1 - CLIENT] - INFO - Received: evaluate message 4849bfe0-ba3f-46be-8e13-d6080c58f666
2025-04-01 14:52:51 - [Cluster 1 - CLIENT] - INFO - [Store 527] Evaluation - Loss: 0.2841, MAE: 0.3552
2025-04-01 14:52:51 - [Cluster 1 - CLIENT] - INFO - Sent reply
2025-04-01 14:52:51 - [Cluster 1 - CLIENT] - INFO - [Store 431] Evaluation - Loss: 0.3130, MAE: 0.3828
2025-04-01 14:52:51 - [Cluster 1 - CLIENT] - INFO - Sent reply
2025-04-01 14:52:51 - [Cluster 1 - CLIENT] - INFO - 
2025-04-01 14:52:51 - [Cluster 1 - CLIENT] - INFO - Received: evaluate message 54052967-65ce-4e5a-bd72-0087585b5475
2025-04-01 14:52:51 - [Cluster 1 - CLIENT] - INFO - 
2025-04-01 14:52:51 - [Cluster 1 - CLIENT] - INFO - Received: evaluate message e4c8ffe0-1213-4620-9247-c17ade0e1f95
2025-04-01 14:52:51 - [Cluster 1 - CLIENT] - INFO - [Store 106] Evaluation - Loss: 0.2057, MAE: 0.3148
2025-04-01 14:52:51 - [Cluster 1 - CLIENT] - INFO - [Store 665] Evaluation - Loss: 0.2209, MAE: 0.2971
2025-04-01 14:52:51 - [Cluster 1 - CLIENT] - INFO - Sent reply
2025-04-01 14:52:51 - [Cluster 1 - CLIENT] - INFO - Sent reply
2025-04-01 14:52:51 - [Cluster 1 - CLIENT] - INFO - [Store 211] Evaluation - Loss: 0.2542, MAE: 0.3663
2025-04-01 14:52:51 - [Cluster 1 - CLIENT] - INFO - Sent reply
2025-04-01 14:52:51 - [Cluster 1 - CLIENT] - INFO - [Store 195] Evaluation - Loss: 0.2997, MAE: 0.3714
2025-04-01 14:52:51 - [Cluster 1 - CLIENT] - INFO - Sent reply
2025-04-01 14:52:51 - [Cluster 1 - CLIENT] - INFO - 
2025-04-01 14:52:51 - [Cluster 1 - CLIENT] - INFO - Received: evaluate message 0e184a88-2ead-4ae5-b850-2092901cb6af
2025-04-01 14:52:51 - [Cluster 1 - CLIENT] - INFO - 
2025-04-01 14:52:51 - [Cluster 1 - CLIENT] - INFO - Received: evaluate message d361a936-de03-46aa-8353-8534ecb00a04
2025-04-01 14:52:51 - [Cluster 1 - CLIENT] - INFO - [Store 532] Evaluation - Loss: 0.4012, MAE: 0.4262
2025-04-01 14:52:51 - [Cluster 1 - CLIENT] - INFO - 
2025-04-01 14:52:51 - [Cluster 1 - CLIENT] - INFO - Received: evaluate message 44c14bd6-bfd5-4060-8990-c6c2eded6041
2025-04-01 14:52:51 - [Cluster 1 - CLIENT] - INFO - Sent reply
2025-04-01 14:52:51 - [Cluster 1 - CLIENT] - INFO - 
2025-04-01 14:52:51 - [Cluster 1 - CLIENT] - INFO - Received: evaluate message 147a8bfd-bec0-4b62-9308-081e7a13bc4c
2025-04-01 14:52:51 - [Cluster 1 - CLIENT] - INFO - 
2025-04-01 14:52:51 - [Cluster 1 - CLIENT] - INFO - Received: evaluate message d41cad96-5abb-44de-9bfd-7de140281fd3
2025-04-01 14:52:51 - [Cluster 1 - CLIENT] - INFO - [Store 615] Evaluation - Loss: 0.2196, MAE: 0.2804
2025-04-01 14:52:51 - [Cluster 1 - CLIENT] - INFO - Sent reply
2025-04-01 14:52:51 - [Cluster 1 - CLIENT] - INFO - [Store 906] Evaluation - Loss: 0.2223, MAE: 0.2966
2025-04-01 14:52:51 - [Cluster 1 - CLIENT] - INFO - Sent reply
2025-04-01 14:52:51 - [Cluster 1 - CLIENT] - INFO - 
2025-04-01 14:52:51 - [Cluster 1 - CLIENT] - INFO - Received: evaluate message 21c226a3-4cb8-4221-8337-3d926410bee2
2025-04-01 14:52:51 - [Cluster 1 - CLIENT] - INFO - 
2025-04-01 14:52:51 - [Cluster 1 - CLIENT] - INFO - Received: evaluate message f0bf1757-6e9f-4011-abb2-e87cf2174486
2025-04-01 14:52:51 - [Cluster 1 - CLIENT] - INFO - [Store 655] Evaluation - Loss: 0.3513, MAE: 0.4192
2025-04-01 14:52:51 - [Cluster 1 - CLIENT] - INFO - Sent reply
2025-04-01 14:52:52 - [Cluster 1 - CLIENT] - INFO - 
2025-04-01 14:52:52 - [Cluster 1 - CLIENT] - INFO - Received: evaluate message 3ee97860-0d12-429e-9085-1da733e5a5db
2025-04-01 14:52:52 - [Cluster 1 - CLIENT] - INFO - [Store 755] Evaluation - Loss: 0.2578, MAE: 0.3306
2025-04-01 14:52:52 - [Cluster 1 - CLIENT] - INFO - Sent reply
2025-04-01 14:52:52 - [Cluster 1 - CLIENT] - INFO - [Store 999] Evaluation - Loss: 0.2059, MAE: 0.3230
2025-04-01 14:52:52 - [Cluster 1 - CLIENT] - INFO - Sent reply
2025-04-01 14:52:52 - [Cluster 1 - CLIENT] - INFO - [Store 382] Evaluation - Loss: 0.2011, MAE: 0.3156
2025-04-01 14:52:52 - [Cluster 1 - CLIENT] - INFO - Sent reply
2025-04-01 14:52:52 - [Cluster 1 - CLIENT] - INFO - [Store 608] Evaluation - Loss: 0.2588, MAE: 0.3603
2025-04-01 14:52:52 - [Cluster 1 - CLIENT] - INFO - Sent reply
2025-04-01 14:52:52 - [Cluster 1 - CLIENT] - INFO - [Store 562] Evaluation - Loss: 0.4512, MAE: 0.5217
2025-04-01 14:52:52 - [Cluster 1 - CLIENT] - INFO - Sent reply
2025-04-01 14:52:52 - [Cluster 1 - CLIENT] - INFO - [Store 269] Evaluation - Loss: 0.2501, MAE: 0.3514
2025-04-01 14:52:52 - [Cluster 1 - CLIENT] - INFO - [Store 1033] Evaluation - Loss: 0.2338, MAE: 0.3359
2025-04-01 14:52:52 - [Cluster 1 - CLIENT] - INFO - Sent reply
2025-04-01 14:52:52 - [Cluster 1 - CLIENT] - INFO - Sent reply
2025-04-01 14:52:52 - [Cluster 1 - CLIENT] - INFO - [Store 579] Evaluation - Loss: 0.2040, MAE: 0.2977
2025-04-01 14:52:52 - [Cluster 1 - CLIENT] - INFO - Sent reply
2025-04-01 14:52:52 - [Cluster 1 - CLIENT] - INFO - [Store 914] Evaluation - Loss: 0.2158, MAE: 0.3098
2025-04-01 14:52:52 - [Cluster 1 - CLIENT] - INFO - Sent reply
2025-04-01 14:52:52 - [Cluster 1 - CLIENT] - INFO - [Store 207] Evaluation - Loss: 0.1891, MAE: 0.2997
2025-04-01 14:52:52 - [Cluster 1 - CLIENT] - INFO - Sent reply
2025-04-01 14:52:52 - [Cluster 1 - CLIENT] - INFO - [Store 384] Evaluation - Loss: 0.2442, MAE: 0.3526
2025-04-01 14:52:52 - [Cluster 1 - CLIENT] - INFO - Sent reply
2025-04-01 14:52:52 - [Cluster 1 - CLIENT] - INFO - [Store 849] Evaluation - Loss: 0.2337, MAE: 0.3249
2025-04-01 14:52:52 - [Cluster 1 - CLIENT] - INFO - Sent reply
2025-04-01 14:52:52 - [Cluster 1 - CLIENT] - INFO - [Store 526] Evaluation - Loss: 0.2011, MAE: 0.3222
2025-04-01 14:52:52 - [Cluster 1 - CLIENT] - INFO - Sent reply
2025-04-01 14:52:53 - [Cluster 1 - CLIENT] - INFO - [Store 699] Evaluation - Loss: 0.3672, MAE: 0.3711
2025-04-01 14:52:53 - [Cluster 1 - CLIENT] - INFO - Sent reply
2025-04-01 14:52:53 - [Cluster 1 - CLIENT] - INFO - [Store 809] Evaluation - Loss: 0.2802, MAE: 0.3737
2025-04-01 14:52:53 - [Cluster 1 - CLIENT] - INFO - Sent reply
2025-04-01 14:52:53 - [Cluster 1 - CLIENT] - INFO - 
2025-04-01 14:52:53 - [Cluster 1 - CLIENT] - INFO - Received: train message 3e1a0b73-3f02-4c63-85ee-0d51d215c872
2025-04-01 14:52:53 - [Cluster 1 - CLIENT] - INFO - 
2025-04-01 14:52:53 - [Cluster 1 - CLIENT] - INFO - Received: train message d82ba26e-dc93-4119-9f3d-af30799e8c35
2025-04-01 14:52:53 - [Cluster 1 - CLIENT] - INFO - 
2025-04-01 14:52:53 - [Cluster 1 - CLIENT] - INFO - Received: train message aba8b8fe-b7b9-475b-a0c1-5ab56d492540
2025-04-01 14:52:53 - [Cluster 1 - CLIENT] - INFO - 
2025-04-01 14:52:53 - [Cluster 1 - CLIENT] - INFO - Received: train message 65facd1c-233d-44d3-9c05-260642125883
2025-04-01 14:52:53 - [Cluster 1 - CLIENT] - INFO - 
2025-04-01 14:52:53 - [Cluster 1 - CLIENT] - INFO - Received: train message 1fc1fc3d-ecec-4f1e-a80d-8b217da6611d
2025-04-01 14:52:53 - [Cluster 1 - CLIENT] - INFO - [Store 526] Starting local training.
2025-04-01 14:52:53 - [Cluster 1 - CLIENT] - INFO - [Store 562] Starting local training.
2025-04-01 14:52:53 - [Cluster 1 - CLIENT] - INFO - 
2025-04-01 14:52:53 - [Cluster 1 - CLIENT] - INFO - Received: train message 50a5519a-95d4-4c9a-95a4-aecf732e6ee8
2025-04-01 14:52:53 - [Cluster 1 - CLIENT] - INFO - 
2025-04-01 14:52:53 - [Cluster 1 - CLIENT] - INFO - Received: train message 6dc40f39-fc3d-4afd-9166-f463de169cfd
2025-04-01 14:52:53 - [Cluster 1 - CLIENT] - INFO - [Store 655] Starting local training.
2025-04-01 14:52:53 - [Cluster 1 - CLIENT] - INFO - [Store 384] Starting local training.
2025-04-01 14:52:53 - [Cluster 1 - CLIENT] - INFO - 
2025-04-01 14:52:53 - [Cluster 1 - CLIENT] - INFO - Received: train message 7647a5a5-8a80-401e-9ae0-987d9210a571
2025-04-01 14:52:53 - [Cluster 1 - CLIENT] - INFO - 
2025-04-01 14:52:53 - [Cluster 1 - CLIENT] - INFO - Received: train message 28fb8be9-9e15-4db4-8727-ffa34d6ad9b0
2025-04-01 14:52:53 - [Cluster 1 - CLIENT] - INFO - 
2025-04-01 14:52:53 - [Cluster 1 - CLIENT] - INFO - Received: train message 6d7520c2-78cd-4655-a08a-b9ad3e591f2d
2025-04-01 14:52:53 - [Cluster 1 - CLIENT] - INFO - [Store 106] Starting local training.
2025-04-01 14:52:53 - [Cluster 1 - CLIENT] - INFO - [Store 382] Starting local training.
2025-04-01 14:52:53 - [Cluster 1 - CLIENT] - INFO - 
2025-04-01 14:52:53 - [Cluster 1 - CLIENT] - INFO - Received: train message c8d9d0ad-9ff0-42f4-93c7-2e2ab2e29e77
2025-04-01 14:52:53 - [Cluster 1 - CLIENT] - INFO - [Store 999] Starting local training.
2025-04-01 14:52:53 - [Cluster 1 - CLIENT] - INFO - 
2025-04-01 14:52:53 - [Cluster 1 - CLIENT] - INFO - Received: train message 7a605ebd-5d12-4048-9b35-a96147dcade5
2025-04-01 14:52:53 - [Cluster 1 - CLIENT] - INFO - 
2025-04-01 14:52:53 - [Cluster 1 - CLIENT] - INFO - Received: train message 37413b1b-a9e3-4621-9366-06bf32bd8766
2025-04-01 14:52:53 - [Cluster 1 - CLIENT] - INFO - 
2025-04-01 14:52:53 - [Cluster 1 - CLIENT] - INFO - Received: train message e54e5c4e-2d4b-4a2b-9533-a235c4a84e6e
2025-04-01 14:52:53 - [Cluster 1 - CLIENT] - INFO - [Store 906] Starting local training.
2025-04-01 14:52:53 - [Cluster 1 - CLIENT] - INFO - [Store 211] Starting local training.
2025-04-01 14:52:53 - [Cluster 1 - CLIENT] - INFO - [Store 1033] Starting local training.
2025-04-01 14:52:53 - [Cluster 1 - CLIENT] - INFO - [Store 809] Starting local training.
2025-04-01 14:52:53 - [Cluster 1 - CLIENT] - INFO - [Store 579] Starting local training.
2025-04-01 14:52:53 - [Cluster 1 - CLIENT] - INFO - 
2025-04-01 14:52:53 - [Cluster 1 - CLIENT] - INFO - Received: train message 226c1d7a-71a3-46ea-bc3e-3fc1663ef2f6
2025-04-01 14:52:53 - [Cluster 1 - CLIENT] - INFO - [Store 431] Starting local training.
2025-04-01 14:52:53 - [Cluster 1 - CLIENT] - INFO - [Store 532] Starting local training.
2025-04-01 14:52:53 - [Cluster 1 - CLIENT] - INFO - [Store 938] Starting local training.
2025-04-01 14:57:43 - [Cluster 1 - CLIENT] - INFO - [Store 384] Local training complete.
2025-04-01 14:57:43 - [Cluster 1 - CLIENT] - INFO - [Store 532] Local training complete.
2025-04-01 14:57:44 - [Cluster 1 - CLIENT] - INFO - Sent reply
2025-04-01 14:57:44 - [Cluster 1 - CLIENT] - INFO - 
2025-04-01 14:57:44 - [Cluster 1 - CLIENT] - INFO - Received: train message 36ebbdb9-c759-45ed-8fb9-36437bf50bc1
2025-04-01 14:57:44 - [Cluster 1 - CLIENT] - INFO - [Store 106] Local training complete.
2025-04-01 14:57:44 - [Cluster 1 - CLIENT] - INFO - [Store 809] Local training complete.
2025-04-01 14:57:44 - [Cluster 1 - CLIENT] - INFO - Sent reply
2025-04-01 14:57:44 - [Cluster 1 - CLIENT] - INFO - [Store 682] Starting local training.
2025-04-01 14:57:44 - [Cluster 1 - CLIENT] - INFO - 
2025-04-01 14:57:44 - [Cluster 1 - CLIENT] - INFO - Received: train message 3db84112-bf81-4026-979a-a1d876d67322
2025-04-01 14:57:44 - [Cluster 1 - CLIENT] - INFO - Sent reply
2025-04-01 14:57:44 - [Cluster 1 - CLIENT] - INFO - 
2025-04-01 14:57:44 - [Cluster 1 - CLIENT] - INFO - Received: train message b954746e-7037-4e03-bdbe-246446df334f
2025-04-01 14:57:44 - [Cluster 1 - CLIENT] - INFO - [Store 755] Starting local training.
2025-04-01 14:57:44 - [Cluster 1 - CLIENT] - INFO - [Store 195] Starting local training.
2025-04-01 14:57:44 - [Cluster 1 - CLIENT] - INFO - Sent reply
2025-04-01 14:57:44 - [Cluster 1 - CLIENT] - INFO - [Store 562] Local training complete.
2025-04-01 14:57:44 - [Cluster 1 - CLIENT] - INFO - 
2025-04-01 14:57:44 - [Cluster 1 - CLIENT] - INFO - Received: train message 6548e04c-ca94-4479-9330-e42cae4d79c3
2025-04-01 14:57:44 - [Cluster 1 - CLIENT] - INFO - Sent reply
2025-04-01 14:57:44 - [Cluster 1 - CLIENT] - INFO - 
2025-04-01 14:57:44 - [Cluster 1 - CLIENT] - INFO - Received: train message d23878b2-e3bd-4696-87ee-dae7ed2c383e
2025-04-01 14:57:44 - [Cluster 1 - CLIENT] - INFO - [Store 807] Starting local training.
2025-04-01 14:57:44 - [Cluster 1 - CLIENT] - INFO - [Store 526] Local training complete.
2025-04-01 14:57:45 - [Cluster 1 - CLIENT] - INFO - Sent reply
2025-04-01 14:57:45 - [Cluster 1 - CLIENT] - INFO - 
2025-04-01 14:57:45 - [Cluster 1 - CLIENT] - INFO - Received: train message efdb308c-e48c-4212-b7ce-3397797fe88c
2025-04-01 14:57:45 - [Cluster 1 - CLIENT] - INFO - [Store 527] Starting local training.
2025-04-01 14:57:45 - [Cluster 1 - CLIENT] - INFO - [Store 207] Starting local training.
2025-04-01 14:57:46 - [Cluster 1 - CLIENT] - INFO - [Store 906] Local training complete.
2025-04-01 14:57:47 - [Cluster 1 - CLIENT] - INFO - Sent reply
2025-04-01 14:57:47 - [Cluster 1 - CLIENT] - INFO - 
2025-04-01 14:57:47 - [Cluster 1 - CLIENT] - INFO - Received: train message 8f3e30bd-a804-4979-aa11-739bb4e2bb13
2025-04-01 14:57:47 - [Cluster 1 - CLIENT] - INFO - [Store 608] Starting local training.
2025-04-01 14:57:47 - [Cluster 1 - CLIENT] - INFO - [Store 431] Local training complete.
2025-04-01 14:57:47 - [Cluster 1 - CLIENT] - INFO - Sent reply
2025-04-01 14:57:47 - [Cluster 1 - CLIENT] - INFO - 
2025-04-01 14:57:47 - [Cluster 1 - CLIENT] - INFO - Received: train message def6ab6a-4509-4c07-8a3f-d74c886eee37
2025-04-01 14:57:47 - [Cluster 1 - CLIENT] - INFO - [Store 914] Starting local training.
2025-04-01 14:57:48 - [Cluster 1 - CLIENT] - INFO - [Store 655] Local training complete.
2025-04-01 14:57:48 - [Cluster 1 - CLIENT] - INFO - Sent reply
2025-04-01 14:57:48 - [Cluster 1 - CLIENT] - INFO - 
2025-04-01 14:57:48 - [Cluster 1 - CLIENT] - INFO - Received: train message a5100c91-e23c-4e1d-98a5-d7766ac45e15
2025-04-01 14:57:48 - [Cluster 1 - CLIENT] - INFO - [Store 524] Starting local training.
2025-04-01 14:57:49 - [Cluster 1 - CLIENT] - INFO - [Store 1033] Local training complete.
2025-04-01 14:57:49 - [Cluster 1 - CLIENT] - INFO - [Store 999] Local training complete.
2025-04-01 14:57:49 - [Cluster 1 - CLIENT] - INFO - Sent reply
2025-04-01 14:57:49 - [Cluster 1 - CLIENT] - INFO - 
2025-04-01 14:57:49 - [Cluster 1 - CLIENT] - INFO - Received: train message 2f210f1d-9752-4626-96c2-fad492e2d225
2025-04-01 14:57:49 - [Cluster 1 - CLIENT] - INFO - Sent reply
2025-04-01 14:57:49 - [Cluster 1 - CLIENT] - INFO - 
2025-04-01 14:57:49 - [Cluster 1 - CLIENT] - INFO - Received: train message 49a8c950-e43a-4303-a2f1-575e7ac2e239
2025-04-01 14:57:49 - [Cluster 1 - CLIENT] - INFO - [Store 615] Starting local training.
2025-04-01 14:57:49 - [Cluster 1 - CLIENT] - INFO - [Store 665] Starting local training.
2025-04-01 14:57:51 - [Cluster 1 - CLIENT] - INFO - [Store 211] Local training complete.
2025-04-01 14:57:51 - [Cluster 1 - CLIENT] - INFO - Sent reply
2025-04-01 14:57:51 - [Cluster 1 - CLIENT] - INFO - 
2025-04-01 14:57:51 - [Cluster 1 - CLIENT] - INFO - Received: train message 17212d51-0800-4e22-b620-fdd8adae1541
2025-04-01 14:57:51 - [Cluster 1 - CLIENT] - INFO - [Store 849] Starting local training.
2025-04-01 14:57:52 - [Cluster 1 - CLIENT] - INFO - [Store 938] Local training complete.
2025-04-01 14:57:52 - [Cluster 1 - CLIENT] - INFO - Sent reply
2025-04-01 14:57:52 - [Cluster 1 - CLIENT] - INFO - 
2025-04-01 14:57:52 - [Cluster 1 - CLIENT] - INFO - Received: train message 9d289c4c-4223-4371-9c1f-0da233b13680
2025-04-01 14:57:52 - [Cluster 1 - CLIENT] - INFO - [Store 699] Starting local training.
2025-04-01 14:57:53 - [Cluster 1 - CLIENT] - INFO - [Store 382] Local training complete.
2025-04-01 14:57:53 - [Cluster 1 - CLIENT] - INFO - Sent reply
2025-04-01 14:57:53 - [Cluster 1 - CLIENT] - INFO - 
2025-04-01 14:57:53 - [Cluster 1 - CLIENT] - INFO - Received: train message 9682da2c-1606-4205-9243-1d84e4c4b301
2025-04-01 14:57:53 - [Cluster 1 - CLIENT] - INFO - [Store 269] Starting local training.
2025-04-01 14:57:53 - [Cluster 1 - CLIENT] - INFO - [Store 579] Local training complete.
2025-04-01 14:57:53 - [Cluster 1 - CLIENT] - INFO - Sent reply
2025-04-01 14:57:54 - [Cluster 1 - CLIENT] - INFO - 
2025-04-01 14:57:54 - [Cluster 1 - CLIENT] - INFO - Received: train message 62a7ab7d-cff4-4b86-9d16-6119be385707
2025-04-01 14:57:54 - [Cluster 1 - CLIENT] - INFO - [Store 753] Starting local training.
2025-04-01 15:02:31 - [Cluster 1 - CLIENT] - INFO - [Store 755] Local training complete.
2025-04-01 15:02:31 - [Cluster 1 - CLIENT] - INFO - Sent reply
2025-04-01 15:02:31 - [Cluster 1 - CLIENT] - INFO - [Store 195] Local training complete.
2025-04-01 15:02:31 - [Cluster 1 - CLIENT] - INFO - Sent reply
2025-04-01 15:02:31 - [Cluster 1 - CLIENT] - INFO - [Store 207] Local training complete.
2025-04-01 15:02:31 - [Cluster 1 - CLIENT] - INFO - Sent reply
2025-04-01 15:02:32 - [Cluster 1 - CLIENT] - INFO - [Store 527] Local training complete.
2025-04-01 15:02:32 - [Cluster 1 - CLIENT] - INFO - Sent reply
2025-04-01 15:02:32 - [Cluster 1 - CLIENT] - INFO - [Store 807] Local training complete.
2025-04-01 15:02:32 - [Cluster 1 - CLIENT] - INFO - Sent reply
2025-04-01 15:02:32 - [Cluster 1 - CLIENT] - INFO - [Store 524] Local training complete.
2025-04-01 15:02:32 - [Cluster 1 - CLIENT] - INFO - Sent reply
2025-04-01 15:02:33 - [Cluster 1 - CLIENT] - INFO - [Store 699] Local training complete.
2025-04-01 15:02:33 - [Cluster 1 - CLIENT] - INFO - [Store 269] Local training complete.
2025-04-01 15:02:33 - [Cluster 1 - CLIENT] - INFO - Sent reply
2025-04-01 15:02:33 - [Cluster 1 - CLIENT] - INFO - Sent reply
2025-04-01 15:02:34 - [Cluster 1 - CLIENT] - INFO - [Store 849] Local training complete.
2025-04-01 15:02:34 - [Cluster 1 - CLIENT] - INFO - Sent reply
2025-04-01 15:02:34 - [Cluster 1 - CLIENT] - INFO - [Store 753] Local training complete.
2025-04-01 15:02:34 - [Cluster 1 - CLIENT] - INFO - Sent reply
2025-04-01 15:02:34 - [Cluster 1 - CLIENT] - INFO - [Store 914] Local training complete.
2025-04-01 15:02:34 - [Cluster 1 - CLIENT] - INFO - Sent reply
2025-04-01 15:02:35 - [Cluster 1 - CLIENT] - INFO - [Store 682] Local training complete.
2025-04-01 15:02:35 - [Cluster 1 - CLIENT] - INFO - Sent reply
2025-04-01 15:02:35 - [Cluster 1 - CLIENT] - INFO - [Store 615] Local training complete.
2025-04-01 15:02:35 - [Cluster 1 - CLIENT] - INFO - Sent reply
2025-04-01 15:02:35 - [Cluster 1 - CLIENT] - INFO - [Store 665] Local training complete.
2025-04-01 15:02:35 - [Cluster 1 - CLIENT] - INFO - Sent reply
2025-04-01 15:02:35 - [Cluster 1 - CLIENT] - INFO - [Store 608] Local training complete.
2025-04-01 15:02:35 - [Cluster 1 - CLIENT] - INFO - Sent reply
2025-04-01 15:02:35 - [Cluster 1 - CLIENT] - INFO - 
2025-04-01 15:02:35 - [Cluster 1 - CLIENT] - INFO - Received: evaluate message 00a776f3-6868-4329-abbc-001ae02f5bd8
2025-04-01 15:02:35 - [Cluster 1 - CLIENT] - INFO - 
2025-04-01 15:02:35 - [Cluster 1 - CLIENT] - INFO - Received: evaluate message fcea77c9-9870-4b5f-8d78-991c21a3a02f
2025-04-01 15:02:35 - [Cluster 1 - CLIENT] - INFO - 
2025-04-01 15:02:35 - [Cluster 1 - CLIENT] - INFO - Received: evaluate message d22a989c-f4a0-4b31-b062-8a8c3dd03a70
2025-04-01 15:02:35 - [Cluster 1 - CLIENT] - INFO - 
2025-04-01 15:02:35 - [Cluster 1 - CLIENT] - INFO - Received: evaluate message d53d1c35-6b13-4d3d-88fd-29d39919e5bb
2025-04-01 15:02:35 - [Cluster 1 - CLIENT] - INFO - 
2025-04-01 15:02:35 - [Cluster 1 - CLIENT] - INFO - Received: evaluate message 566102f4-76f4-4357-8de2-a3439efbc9c1
2025-04-01 15:02:35 - [Cluster 1 - CLIENT] - INFO - 
2025-04-01 15:02:35 - [Cluster 1 - CLIENT] - INFO - Received: evaluate message 9343c6c4-301c-4690-bb7c-d72d716f8927
2025-04-01 15:02:35 - [Cluster 1 - CLIENT] - INFO - 
2025-04-01 15:02:35 - [Cluster 1 - CLIENT] - INFO - Received: evaluate message e3e86f03-5626-435f-afa1-b2a48b96000c
2025-04-01 15:02:35 - [Cluster 1 - CLIENT] - INFO - 
2025-04-01 15:02:35 - [Cluster 1 - CLIENT] - INFO - Received: evaluate message 29168bd5-f176-41d4-90cb-5bc55533949d
2025-04-01 15:02:35 - [Cluster 1 - CLIENT] - INFO - 
2025-04-01 15:02:35 - [Cluster 1 - CLIENT] - INFO - Received: evaluate message fdb9a06b-08b4-4a97-86bc-c4a39a6b9147
2025-04-01 15:02:35 - [Cluster 1 - CLIENT] - INFO - 
2025-04-01 15:02:35 - [Cluster 1 - CLIENT] - INFO - Received: evaluate message f01ddf14-74f7-414a-96c8-928938d10e6e
2025-04-01 15:02:35 - [Cluster 1 - CLIENT] - INFO - 
2025-04-01 15:02:35 - [Cluster 1 - CLIENT] - INFO - Received: evaluate message 1eceeca4-df60-4823-a1e1-d48b30eebe9d
2025-04-01 15:02:35 - [Cluster 1 - CLIENT] - INFO - 
2025-04-01 15:02:35 - [Cluster 1 - CLIENT] - INFO - Received: evaluate message 425d9f03-d69c-47ba-b1f4-b7191a5a2313
2025-04-01 15:02:35 - [Cluster 1 - CLIENT] - INFO - 
2025-04-01 15:02:35 - [Cluster 1 - CLIENT] - INFO - Received: evaluate message bc20c370-6582-41c8-829e-b84f0b8a18f0
2025-04-01 15:02:35 - [Cluster 1 - CLIENT] - INFO - 
2025-04-01 15:02:35 - [Cluster 1 - CLIENT] - INFO - Received: evaluate message 4bc7383d-6840-487f-a7a1-a7c87c07b552
2025-04-01 15:02:35 - [Cluster 1 - CLIENT] - INFO - 
2025-04-01 15:02:35 - [Cluster 1 - CLIENT] - INFO - Received: evaluate message 8897e186-50fd-4d2a-9c78-ed15c272780e
2025-04-01 15:02:37 - [Cluster 1 - CLIENT] - INFO - [Store 849] Evaluation - Loss: 0.2090, MAE: 0.2934
2025-04-01 15:02:37 - [Cluster 1 - CLIENT] - INFO - Sent reply
2025-04-01 15:02:37 - [Cluster 1 - CLIENT] - INFO - 
2025-04-01 15:02:37 - [Cluster 1 - CLIENT] - INFO - Received: evaluate message bc91ab7e-fbbf-4bc1-b39b-a3488e275b6b
2025-04-01 15:02:37 - [Cluster 1 - CLIENT] - INFO - [Store 562] Evaluation - Loss: 0.4388, MAE: 0.5187
2025-04-01 15:02:37 - [Cluster 1 - CLIENT] - INFO - Sent reply
2025-04-01 15:02:37 - [Cluster 1 - CLIENT] - INFO - [Store 579] Evaluation - Loss: 0.1933, MAE: 0.2731
2025-04-01 15:02:37 - [Cluster 1 - CLIENT] - INFO - [Store 382] Evaluation - Loss: 0.1878, MAE: 0.2867
2025-04-01 15:02:37 - [Cluster 1 - CLIENT] - INFO - Sent reply
2025-04-01 15:02:37 - [Cluster 1 - CLIENT] - INFO - [Store 809] Evaluation - Loss: 0.2661, MAE: 0.3457
2025-04-01 15:02:37 - [Cluster 1 - CLIENT] - INFO - Sent reply
2025-04-01 15:02:37 - [Cluster 1 - CLIENT] - INFO - Sent reply
2025-04-01 15:02:37 - [Cluster 1 - CLIENT] - INFO - 
2025-04-01 15:02:37 - [Cluster 1 - CLIENT] - INFO - Received: evaluate message a377953f-f315-495a-857d-97a47e6a9c3d
2025-04-01 15:02:37 - [Cluster 1 - CLIENT] - INFO - [Store 755] Evaluation - Loss: 0.2324, MAE: 0.2967
2025-04-01 15:02:37 - [Cluster 1 - CLIENT] - INFO - [Store 914] Evaluation - Loss: 0.1989, MAE: 0.2845
2025-04-01 15:02:37 - [Cluster 1 - CLIENT] - INFO - Sent reply
2025-04-01 15:02:37 - [Cluster 1 - CLIENT] - INFO - [Store 526] Evaluation - Loss: 0.1827, MAE: 0.2891
2025-04-01 15:02:37 - [Cluster 1 - CLIENT] - INFO - [Store 384] Evaluation - Loss: 0.2222, MAE: 0.3154
2025-04-01 15:02:37 - [Cluster 1 - CLIENT] - INFO - Sent reply
2025-04-01 15:02:37 - [Cluster 1 - CLIENT] - INFO - [Store 431] Evaluation - Loss: 0.2855, MAE: 0.3480
2025-04-01 15:02:37 - [Cluster 1 - CLIENT] - INFO - [Store 1033] Evaluation - Loss: 0.2080, MAE: 0.3004
2025-04-01 15:02:37 - [Cluster 1 - CLIENT] - INFO - Sent reply
2025-04-01 15:02:37 - [Cluster 1 - CLIENT] - INFO - Sent reply
2025-04-01 15:02:37 - [Cluster 1 - CLIENT] - INFO - Sent reply
2025-04-01 15:02:37 - [Cluster 1 - CLIENT] - INFO - 
2025-04-01 15:02:37 - [Cluster 1 - CLIENT] - INFO - Sent reply
2025-04-01 15:02:37 - [Cluster 1 - CLIENT] - INFO - Received: evaluate message f8b2c689-6226-43ca-a875-0cf858141e6e
2025-04-01 15:02:37 - [Cluster 1 - CLIENT] - INFO - [Store 655] Evaluation - Loss: 0.3219, MAE: 0.3847
2025-04-01 15:02:37 - [Cluster 1 - CLIENT] - INFO - Sent reply
2025-04-01 15:02:37 - [Cluster 1 - CLIENT] - INFO - 
2025-04-01 15:02:37 - [Cluster 1 - CLIENT] - INFO - Received: evaluate message 8ef1c7ef-4366-4ba2-9b79-28ae34cf553e
2025-04-01 15:02:37 - [Cluster 1 - CLIENT] - INFO - 
2025-04-01 15:02:37 - [Cluster 1 - CLIENT] - INFO - Received: evaluate message 5d836ede-3c92-4e01-82bc-470c8d7dfcb5
2025-04-01 15:02:37 - [Cluster 1 - CLIENT] - INFO - [Store 211] Evaluation - Loss: 0.2240, MAE: 0.3239
2025-04-01 15:02:37 - [Cluster 1 - CLIENT] - INFO - Sent reply
2025-04-01 15:02:37 - [Cluster 1 - CLIENT] - INFO - [Store 999] Evaluation - Loss: 0.1901, MAE: 0.2913
2025-04-01 15:02:37 - [Cluster 1 - CLIENT] - INFO - Sent reply
2025-04-01 15:02:37 - [Cluster 1 - CLIENT] - INFO - 
2025-04-01 15:02:37 - [Cluster 1 - CLIENT] - INFO - Received: evaluate message 05545b99-a6ee-4f45-8bca-3da53ce95aa4
2025-04-01 15:02:37 - [Cluster 1 - CLIENT] - INFO - 
2025-04-01 15:02:37 - [Cluster 1 - CLIENT] - INFO - Received: evaluate message 468c3c23-c2b5-45c7-a6e2-e8edac5ddd39
2025-04-01 15:02:37 - [Cluster 1 - CLIENT] - INFO - 
2025-04-01 15:02:37 - [Cluster 1 - CLIENT] - INFO - Received: evaluate message 1f065cde-d23c-4396-b2c5-a68b61e56390
2025-04-01 15:02:37 - [Cluster 1 - CLIENT] - INFO - [Store 938] Evaluation - Loss: 0.1962, MAE: 0.2573
2025-04-01 15:02:37 - [Cluster 1 - CLIENT] - INFO - Sent reply
2025-04-01 15:02:37 - [Cluster 1 - CLIENT] - INFO - 
2025-04-01 15:02:37 - [Cluster 1 - CLIENT] - INFO - Received: evaluate message cad7db24-5473-4558-addd-791972a1fced
2025-04-01 15:02:37 - [Cluster 1 - CLIENT] - INFO - 
2025-04-01 15:02:37 - [Cluster 1 - CLIENT] - INFO - 
2025-04-01 15:02:37 - [Cluster 1 - CLIENT] - INFO - Received: evaluate message e09a7deb-2180-474f-9c1c-2726c1083357
2025-04-01 15:02:37 - [Cluster 1 - CLIENT] - INFO - Received: evaluate message 769a6cc7-d56a-4452-aac4-1e3abdb6d6ef
2025-04-01 15:02:37 - [Cluster 1 - CLIENT] - INFO - 
2025-04-01 15:02:37 - [Cluster 1 - CLIENT] - INFO - Received: evaluate message 09156045-f346-4377-b7a6-ed43b8cf849c
2025-04-01 15:02:37 - [Cluster 1 - CLIENT] - INFO - 
2025-04-01 15:02:37 - [Cluster 1 - CLIENT] - INFO - Received: evaluate message a6763b5f-bbf8-47ae-87cf-98f1594e9a2f
2025-04-01 15:02:37 - [Cluster 1 - CLIENT] - INFO - 
2025-04-01 15:02:37 - [Cluster 1 - CLIENT] - INFO - Received: evaluate message d61edf5a-04d9-41f0-9ad2-73fcb9d0bc4c
2025-04-01 15:02:37 - [Cluster 1 - CLIENT] - INFO - 
2025-04-01 15:02:37 - [Cluster 1 - CLIENT] - INFO - Received: evaluate message ce72cf59-cee7-47e6-9124-8d0ee42c376d
2025-04-01 15:02:38 - [Cluster 1 - CLIENT] - INFO - [Store 106] Evaluation - Loss: 0.1875, MAE: 0.2834
2025-04-01 15:02:38 - [Cluster 1 - CLIENT] - INFO - Sent reply
2025-04-01 15:02:38 - [Cluster 1 - CLIENT] - INFO - [Store 753] Evaluation - Loss: 0.2166, MAE: 0.3003
2025-04-01 15:02:38 - [Cluster 1 - CLIENT] - INFO - Sent reply
2025-04-01 15:02:39 - [Cluster 1 - CLIENT] - INFO - [Store 527] Evaluation - Loss: 0.2578, MAE: 0.3209
2025-04-01 15:02:39 - [Cluster 1 - CLIENT] - INFO - Sent reply
2025-04-01 15:02:39 - [Cluster 1 - CLIENT] - INFO - [Store 682] Evaluation - Loss: 0.2922, MAE: 0.4198
2025-04-01 15:02:39 - [Cluster 1 - CLIENT] - INFO - Sent reply
2025-04-01 15:02:39 - [Cluster 1 - CLIENT] - INFO - [Store 524] Evaluation - Loss: 0.2371, MAE: 0.2957
2025-04-01 15:02:39 - [Cluster 1 - CLIENT] - INFO - Sent reply
2025-04-01 15:02:39 - [Cluster 1 - CLIENT] - INFO - [Store 269] Evaluation - Loss: 0.2429, MAE: 0.3302
2025-04-01 15:02:39 - [Cluster 1 - CLIENT] - INFO - [Store 207] Evaluation - Loss: 0.1713, MAE: 0.2695
2025-04-01 15:02:39 - [Cluster 1 - CLIENT] - INFO - [Store 699] Evaluation - Loss: 0.3693, MAE: 0.3658
2025-04-01 15:02:39 - [Cluster 1 - CLIENT] - INFO - Sent reply
2025-04-01 15:02:39 - [Cluster 1 - CLIENT] - INFO - Sent reply
2025-04-01 15:02:39 - [Cluster 1 - CLIENT] - INFO - Sent reply
2025-04-01 15:02:39 - [Cluster 1 - CLIENT] - INFO - [Store 615] Evaluation - Loss: 0.2055, MAE: 0.2564
2025-04-01 15:02:39 - [Cluster 1 - CLIENT] - INFO - Sent reply
2025-04-01 15:02:39 - [Cluster 1 - CLIENT] - INFO - [Store 608] Evaluation - Loss: 0.2402, MAE: 0.3262
2025-04-01 15:02:39 - [Cluster 1 - CLIENT] - INFO - [Store 665] Evaluation - Loss: 0.2098, MAE: 0.2661
2025-04-01 15:02:39 - [Cluster 1 - CLIENT] - INFO - Sent reply
2025-04-01 15:02:39 - [Cluster 1 - CLIENT] - INFO - Sent reply
2025-04-01 15:02:39 - [Cluster 1 - CLIENT] - INFO - [Store 195] Evaluation - Loss: 0.2785, MAE: 0.3402
2025-04-01 15:02:39 - [Cluster 1 - CLIENT] - INFO - Sent reply
2025-04-01 15:02:39 - [Cluster 1 - CLIENT] - INFO - [Store 532] Evaluation - Loss: 0.3725, MAE: 0.3889
2025-04-01 15:02:39 - [Cluster 1 - CLIENT] - INFO - Sent reply
2025-04-01 15:02:39 - [Cluster 1 - CLIENT] - INFO - [Store 906] Evaluation - Loss: 0.2088, MAE: 0.2719
2025-04-01 15:02:39 - [Cluster 1 - CLIENT] - INFO - [Store 807] Evaluation - Loss: 0.2747, MAE: 0.3439
2025-04-01 15:02:39 - [Cluster 1 - CLIENT] - INFO - Sent reply
2025-04-01 15:02:39 - [Cluster 1 - CLIENT] - INFO - Sent reply
2025-04-01 15:02:39 - [Cluster 1 - CLIENT] - INFO - 
2025-04-01 15:02:39 - [Cluster 1 - CLIENT] - INFO - Received: train message f875913a-372e-4177-846a-d9777cc68816
2025-04-01 15:02:39 - [Cluster 1 - CLIENT] - INFO - [Store 615] Starting local training.
2025-04-01 15:02:39 - [Cluster 1 - CLIENT] - INFO - 
2025-04-01 15:02:39 - [Cluster 1 - CLIENT] - INFO - Received: train message e70a5a07-bb9f-4b2c-b345-63a565e84423
2025-04-01 15:02:39 - [Cluster 1 - CLIENT] - INFO - 
2025-04-01 15:02:39 - [Cluster 1 - CLIENT] - INFO - Received: train message f223507b-8a12-4c72-9a4f-d7624b43f3e4
2025-04-01 15:02:39 - [Cluster 1 - CLIENT] - INFO - 
2025-04-01 15:02:39 - [Cluster 1 - CLIENT] - INFO - Received: train message 69c8efd6-4a11-4ae9-a0c3-41d78dee50b2
2025-04-01 15:02:39 - [Cluster 1 - CLIENT] - INFO - 
2025-04-01 15:02:39 - [Cluster 1 - CLIENT] - INFO - Received: train message a97aa551-9b4a-4dc2-ae83-acadd3315aed
2025-04-01 15:02:39 - [Cluster 1 - CLIENT] - INFO - [Store 906] Starting local training.
2025-04-01 15:02:39 - [Cluster 1 - CLIENT] - INFO - 
2025-04-01 15:02:39 - [Cluster 1 - CLIENT] - INFO - Received: train message 98c739c9-3e03-49d0-86c1-24192bcc84d9
2025-04-01 15:02:39 - [Cluster 1 - CLIENT] - INFO - 
2025-04-01 15:02:39 - [Cluster 1 - CLIENT] - INFO - Received: train message 94ade528-7c7f-4b56-b4f0-c2662ea9f685
2025-04-01 15:02:39 - [Cluster 1 - CLIENT] - INFO - [Store 682] Starting local training.
2025-04-01 15:02:39 - [Cluster 1 - CLIENT] - INFO - [Store 195] Starting local training.
2025-04-01 15:02:39 - [Cluster 1 - CLIENT] - INFO - 
2025-04-01 15:02:39 - [Cluster 1 - CLIENT] - INFO - Received: train message e0cb7994-f1f5-4567-941a-691ecf8837bf
2025-04-01 15:02:39 - [Cluster 1 - CLIENT] - INFO - 
2025-04-01 15:02:39 - [Cluster 1 - CLIENT] - INFO - Received: train message 6ac7b097-97d0-4bab-b14f-38dee00a6bee
2025-04-01 15:02:39 - [Cluster 1 - CLIENT] - INFO - 
2025-04-01 15:02:39 - [Cluster 1 - CLIENT] - INFO - Received: train message f74db23b-02d6-4522-8255-951b7d1b0e0f
2025-04-01 15:02:39 - [Cluster 1 - CLIENT] - INFO - [Store 527] Starting local training.
2025-04-01 15:02:39 - [Cluster 1 - CLIENT] - INFO - [Store 524] Starting local training.
2025-04-01 15:02:39 - [Cluster 1 - CLIENT] - INFO - [Store 526] Starting local training.
2025-04-01 15:02:39 - [Cluster 1 - CLIENT] - INFO - 
2025-04-01 15:02:39 - [Cluster 1 - CLIENT] - INFO - Received: train message ff7a82f0-07bb-4465-b303-0517cd1bbcc9
2025-04-01 15:02:39 - [Cluster 1 - CLIENT] - INFO - [Store 807] Starting local training.
2025-04-01 15:02:39 - [Cluster 1 - CLIENT] - INFO - 
2025-04-01 15:02:39 - [Cluster 1 - CLIENT] - INFO - Received: train message 07fb68d2-1547-49f1-a675-fd87af79a118
2025-04-01 15:02:39 - [Cluster 1 - CLIENT] - INFO - 
2025-04-01 15:02:39 - [Cluster 1 - CLIENT] - INFO - Received: train message 2bc77f56-0556-4b8f-bcbc-54db9a3eada7
2025-04-01 15:02:39 - [Cluster 1 - CLIENT] - INFO - 
2025-04-01 15:02:39 - [Cluster 1 - CLIENT] - INFO - Received: train message ad524695-22c9-4ee7-a3f3-330de7ffe9f4
2025-04-01 15:02:39 - [Cluster 1 - CLIENT] - INFO - 
2025-04-01 15:02:39 - [Cluster 1 - CLIENT] - INFO - Received: train message cc3dd251-a375-40e5-81c4-fed3b48f275a
2025-04-01 15:02:39 - [Cluster 1 - CLIENT] - INFO - [Store 938] Starting local training.
2025-04-01 15:02:39 - [Cluster 1 - CLIENT] - INFO - [Store 431] Starting local training.
2025-04-01 15:02:39 - [Cluster 1 - CLIENT] - INFO - [Store 106] Starting local training.
2025-04-01 15:02:39 - [Cluster 1 - CLIENT] - INFO - [Store 384] Starting local training.
2025-04-01 15:02:39 - [Cluster 1 - CLIENT] - INFO - [Store 755] Starting local training.
2025-04-01 15:02:39 - [Cluster 1 - CLIENT] - INFO - [Store 655] Starting local training.
2025-04-01 15:02:39 - [Cluster 1 - CLIENT] - INFO - [Store 562] Starting local training.
2025-04-01 15:07:40 - [Cluster 1 - CLIENT] - INFO - [Store 524] Local training complete.
2025-04-01 15:07:40 - [Cluster 1 - CLIENT] - INFO - Sent reply
2025-04-01 15:07:40 - [Cluster 1 - CLIENT] - INFO - 
2025-04-01 15:07:40 - [Cluster 1 - CLIENT] - INFO - Received: train message 461a540c-9deb-4271-8155-3bd151ce31d5
2025-04-01 15:07:40 - [Cluster 1 - CLIENT] - INFO - [Store 579] Starting local training.
2025-04-01 15:07:41 - [Cluster 1 - CLIENT] - INFO - [Store 562] Local training complete.
2025-04-01 15:07:41 - [Cluster 1 - CLIENT] - INFO - Sent reply
2025-04-01 15:07:41 - [Cluster 1 - CLIENT] - INFO - [Store 527] Local training complete.
2025-04-01 15:07:41 - [Cluster 1 - CLIENT] - INFO - Sent reply
2025-04-01 15:07:41 - [Cluster 1 - CLIENT] - INFO - 
2025-04-01 15:07:41 - [Cluster 1 - CLIENT] - INFO - Received: train message 5487488e-ef58-4dac-9d45-dcb38a251c38
2025-04-01 15:07:41 - [Cluster 1 - CLIENT] - INFO - [Store 655] Local training complete.
2025-04-01 15:07:41 - [Cluster 1 - CLIENT] - INFO - 
2025-04-01 15:07:41 - [Cluster 1 - CLIENT] - INFO - Received: train message 8f05a482-cb40-499d-9d1a-5062bcf167a7
2025-04-01 15:07:41 - [Cluster 1 - CLIENT] - INFO - [Store 999] Starting local training.
2025-04-01 15:07:41 - [Cluster 1 - CLIENT] - INFO - [Store 615] Local training complete.
2025-04-01 15:07:41 - [Cluster 1 - CLIENT] - INFO - [Store 665] Starting local training.
2025-04-01 15:07:41 - [Cluster 1 - CLIENT] - INFO - Sent reply
2025-04-01 15:07:41 - [Cluster 1 - CLIENT] - INFO - 
2025-04-01 15:07:41 - [Cluster 1 - CLIENT] - INFO - Received: train message b6720e02-bb74-4fc4-bccc-112413aca044
2025-04-01 15:07:41 - [Cluster 1 - CLIENT] - INFO - [Store 532] Starting local training.
2025-04-01 15:07:41 - [Cluster 1 - CLIENT] - INFO - Sent reply
2025-04-01 15:07:41 - [Cluster 1 - CLIENT] - INFO - 
2025-04-01 15:07:41 - [Cluster 1 - CLIENT] - INFO - Received: train message 6000d9cd-4caa-4f5b-b6ae-e34c4fd312b8
2025-04-01 15:07:42 - [Cluster 1 - CLIENT] - INFO - [Store 807] Local training complete.
2025-04-01 15:07:42 - [Cluster 1 - CLIENT] - INFO - [Store 211] Starting local training.
2025-04-01 15:07:42 - [Cluster 1 - CLIENT] - INFO - Sent reply
2025-04-01 15:07:42 - [Cluster 1 - CLIENT] - INFO - 
2025-04-01 15:07:42 - [Cluster 1 - CLIENT] - INFO - Received: train message 46fb4577-2607-4256-9c12-d3f23a0e2e47
2025-04-01 15:07:43 - [Cluster 1 - CLIENT] - INFO - [Store 1033] Starting local training.
2025-04-01 15:07:44 - [Cluster 1 - CLIENT] - INFO - [Store 526] Local training complete.
2025-04-01 15:07:44 - [Cluster 1 - CLIENT] - INFO - Sent reply
2025-04-01 15:07:44 - [Cluster 1 - CLIENT] - INFO - 
2025-04-01 15:07:44 - [Cluster 1 - CLIENT] - INFO - Received: train message 73de7264-b5ca-452b-8188-c10698ceb3dd
2025-04-01 15:07:44 - [Cluster 1 - CLIENT] - INFO - [Store 753] Starting local training.
2025-04-01 15:07:44 - [Cluster 1 - CLIENT] - INFO - [Store 384] Local training complete.
2025-04-01 15:07:45 - [Cluster 1 - CLIENT] - INFO - Sent reply
2025-04-01 15:07:45 - [Cluster 1 - CLIENT] - INFO - 
2025-04-01 15:07:45 - [Cluster 1 - CLIENT] - INFO - Received: train message a2d3f21a-b6e1-4b42-84ad-1b1dbb97dace
2025-04-01 15:07:45 - [Cluster 1 - CLIENT] - INFO - [Store 269] Starting local training.
2025-04-01 15:07:45 - [Cluster 1 - CLIENT] - INFO - [Store 195] Local training complete.
2025-04-01 15:07:45 - [Cluster 1 - CLIENT] - INFO - [Store 906] Local training complete.
2025-04-01 15:07:45 - [Cluster 1 - CLIENT] - INFO - Sent reply
2025-04-01 15:07:45 - [Cluster 1 - CLIENT] - INFO - 
2025-04-01 15:07:45 - [Cluster 1 - CLIENT] - INFO - Received: train message 97884db2-b6d5-48e7-aee6-011b9ca2fef5
2025-04-01 15:07:46 - [Cluster 1 - CLIENT] - INFO - [Store 608] Starting local training.
2025-04-01 15:07:46 - [Cluster 1 - CLIENT] - INFO - [Store 755] Local training complete.
2025-04-01 15:07:46 - [Cluster 1 - CLIENT] - INFO - Sent reply
2025-04-01 15:07:46 - [Cluster 1 - CLIENT] - INFO - 
2025-04-01 15:07:46 - [Cluster 1 - CLIENT] - INFO - Received: train message b725a33f-82a5-47c4-a425-8b5049f7df22
2025-04-01 15:07:46 - [Cluster 1 - CLIENT] - INFO - [Store 431] Local training complete.
2025-04-01 15:07:46 - [Cluster 1 - CLIENT] - INFO - Sent reply
2025-04-01 15:07:46 - [Cluster 1 - CLIENT] - INFO - 
2025-04-01 15:07:46 - [Cluster 1 - CLIENT] - INFO - Received: train message 8663dad3-2ebb-446a-b0d5-a019e42e8d68
2025-04-01 15:07:46 - [Cluster 1 - CLIENT] - INFO - Sent reply
2025-04-01 15:07:46 - [Cluster 1 - CLIENT] - INFO - [Store 809] Starting local training.
2025-04-01 15:07:46 - [Cluster 1 - CLIENT] - INFO - 
2025-04-01 15:07:46 - [Cluster 1 - CLIENT] - INFO - Received: train message bbd1fddc-87eb-4ad1-a4ba-9c64e132c820
2025-04-01 15:07:46 - [Cluster 1 - CLIENT] - INFO - [Store 699] Starting local training.
2025-04-01 15:07:46 - [Cluster 1 - CLIENT] - INFO - [Store 382] Starting local training.
2025-04-01 15:07:48 - [Cluster 1 - CLIENT] - INFO - [Store 682] Local training complete.
2025-04-01 15:07:48 - [Cluster 1 - CLIENT] - INFO - Sent reply
2025-04-01 15:07:48 - [Cluster 1 - CLIENT] - INFO - 
2025-04-01 15:07:48 - [Cluster 1 - CLIENT] - INFO - Received: train message 7ce681be-4f24-48bb-a95f-54105c556e1c
2025-04-01 15:07:48 - [Cluster 1 - CLIENT] - INFO - [Store 914] Starting local training.
2025-04-01 15:07:50 - [Cluster 1 - CLIENT] - INFO - [Store 106] Local training complete.
2025-04-01 15:07:50 - [Cluster 1 - CLIENT] - INFO - Sent reply
2025-04-01 15:07:50 - [Cluster 1 - CLIENT] - INFO - 
2025-04-01 15:07:50 - [Cluster 1 - CLIENT] - INFO - Received: train message 7555e67d-e9b9-4fff-a510-a567b9892293
2025-04-01 15:07:50 - [Cluster 1 - CLIENT] - INFO - [Store 207] Starting local training.
2025-04-01 15:07:53 - [Cluster 1 - CLIENT] - INFO - [Store 938] Local training complete.
2025-04-01 15:07:53 - [Cluster 1 - CLIENT] - INFO - Sent reply
2025-04-01 15:07:53 - [Cluster 1 - CLIENT] - INFO - 
2025-04-01 15:07:53 - [Cluster 1 - CLIENT] - INFO - Received: train message 2d39032f-b9ad-4f7b-b3bb-f156556ec03d
2025-04-01 15:07:54 - [Cluster 1 - CLIENT] - INFO - [Store 849] Starting local training.
2025-04-01 15:12:51 - [Cluster 1 - CLIENT] - INFO - [Store 532] Local training complete.
2025-04-01 15:12:52 - [Cluster 1 - CLIENT] - INFO - Sent reply
2025-04-01 15:12:57 - [Cluster 1 - CLIENT] - INFO - [Store 211] Local training complete.
2025-04-01 15:12:57 - [Cluster 1 - CLIENT] - INFO - Sent reply
2025-04-01 15:12:57 - [Cluster 1 - CLIENT] - INFO - [Store 1033] Local training complete.
2025-04-01 15:12:57 - [Cluster 1 - CLIENT] - INFO - Sent reply
2025-04-01 15:12:58 - [Cluster 1 - CLIENT] - INFO - [Store 579] Local training complete.
2025-04-01 15:12:58 - [Cluster 1 - CLIENT] - INFO - Sent reply
2025-04-01 15:12:59 - [Cluster 1 - CLIENT] - INFO - [Store 809] Local training complete.
2025-04-01 15:12:59 - [Cluster 1 - CLIENT] - INFO - Sent reply
2025-04-01 15:12:59 - [Cluster 1 - CLIENT] - INFO - [Store 665] Local training complete.
2025-04-01 15:12:59 - [Cluster 1 - CLIENT] - INFO - [Store 608] Local training complete.
2025-04-01 15:12:59 - [Cluster 1 - CLIENT] - INFO - Sent reply
2025-04-01 15:13:00 - [Cluster 1 - CLIENT] - INFO - Sent reply
2025-04-01 15:13:01 - [Cluster 1 - CLIENT] - INFO - [Store 207] Local training complete.
2025-04-01 15:13:01 - [Cluster 1 - CLIENT] - INFO - Sent reply
2025-04-01 15:13:01 - [Cluster 1 - CLIENT] - INFO - [Store 269] Local training complete.
2025-04-01 15:13:01 - [Cluster 1 - CLIENT] - INFO - Sent reply
2025-04-01 15:13:01 - [Cluster 1 - CLIENT] - INFO - [Store 914] Local training complete.
2025-04-01 15:13:01 - [Cluster 1 - CLIENT] - INFO - Sent reply
2025-04-01 15:13:01 - [Cluster 1 - CLIENT] - INFO - [Store 999] Local training complete.
2025-04-01 15:13:01 - [Cluster 1 - CLIENT] - INFO - Sent reply
2025-04-01 15:13:01 - [Cluster 1 - CLIENT] - INFO - [Store 382] Local training complete.
2025-04-01 15:13:01 - [Cluster 1 - CLIENT] - INFO - Sent reply
2025-04-01 15:13:01 - [Cluster 1 - CLIENT] - INFO - [Store 699] Local training complete.
2025-04-01 15:13:01 - [Cluster 1 - CLIENT] - INFO - Sent reply
2025-04-01 15:13:01 - [Cluster 1 - CLIENT] - INFO - [Store 753] Local training complete.
2025-04-01 15:13:01 - [Cluster 1 - CLIENT] - INFO - Sent reply
2025-04-01 15:13:02 - [Cluster 1 - CLIENT] - INFO - [Store 849] Local training complete.
2025-04-01 15:13:02 - [Cluster 1 - CLIENT] - INFO - Sent reply
2025-04-01 15:13:02 - [Cluster 1 - CLIENT] - INFO - 
2025-04-01 15:13:02 - [Cluster 1 - CLIENT] - INFO - Received: evaluate message 59dc7cdd-3845-45a2-b18b-dd10e7ca6a50
2025-04-01 15:13:02 - [Cluster 1 - CLIENT] - INFO - 
2025-04-01 15:13:02 - [Cluster 1 - CLIENT] - INFO - Received: evaluate message 9eb12886-a952-4eca-a2f8-16dbbf8d0901
2025-04-01 15:13:02 - [Cluster 1 - CLIENT] - INFO - 
2025-04-01 15:13:02 - [Cluster 1 - CLIENT] - INFO - Received: evaluate message 89ab1b69-24f9-4397-9da0-a950c69f671d
2025-04-01 15:13:02 - [Cluster 1 - CLIENT] - INFO - 
2025-04-01 15:13:02 - [Cluster 1 - CLIENT] - INFO - Received: evaluate message 635afcc8-48a9-4011-b454-476df696dcdc
2025-04-01 15:13:02 - [Cluster 1 - CLIENT] - INFO - 
2025-04-01 15:13:02 - [Cluster 1 - CLIENT] - INFO - Received: evaluate message 8af783ca-e2fd-4237-83b7-dbd0443744ee
2025-04-01 15:13:02 - [Cluster 1 - CLIENT] - INFO - 
2025-04-01 15:13:02 - [Cluster 1 - CLIENT] - INFO - Received: evaluate message 81641c7f-41ca-4bdd-999d-992da8bc20be
2025-04-01 15:13:02 - [Cluster 1 - CLIENT] - INFO - 
2025-04-01 15:13:02 - [Cluster 1 - CLIENT] - INFO - Received: evaluate message 09959a55-84be-4424-8fbf-248e56c82771
2025-04-01 15:13:02 - [Cluster 1 - CLIENT] - INFO - 
2025-04-01 15:13:02 - [Cluster 1 - CLIENT] - INFO - 
2025-04-01 15:13:02 - [Cluster 1 - CLIENT] - INFO - Received: evaluate message fcc28674-04fb-4006-bc4b-949843ce6671
2025-04-01 15:13:02 - [Cluster 1 - CLIENT] - INFO - Received: evaluate message 35b9a096-f85b-4e66-b663-5fc064a3dc6d
2025-04-01 15:13:02 - [Cluster 1 - CLIENT] - INFO - 
2025-04-01 15:13:02 - [Cluster 1 - CLIENT] - INFO - 
2025-04-01 15:13:02 - [Cluster 1 - CLIENT] - INFO - Received: evaluate message b2ac7aab-da19-4277-af61-6c3745a4fe39
2025-04-01 15:13:02 - [Cluster 1 - CLIENT] - INFO - Received: evaluate message 73962d30-0456-4900-8988-cc98eb47b393
2025-04-01 15:13:02 - [Cluster 1 - CLIENT] - INFO - 
2025-04-01 15:13:02 - [Cluster 1 - CLIENT] - INFO - Received: evaluate message b197be3a-2043-4332-96af-aecdb5ee7fdc
2025-04-01 15:13:02 - [Cluster 1 - CLIENT] - INFO - 
2025-04-01 15:13:02 - [Cluster 1 - CLIENT] - INFO - Received: evaluate message 0eb3e16d-03d8-4c9e-9eec-9d0116421e8b
2025-04-01 15:13:02 - [Cluster 1 - CLIENT] - INFO - 
2025-04-01 15:13:02 - [Cluster 1 - CLIENT] - INFO - Received: evaluate message 82bd3785-2851-4a3d-9eb9-ffccfc4662a0
2025-04-01 15:13:02 - [Cluster 1 - CLIENT] - INFO - 
2025-04-01 15:13:02 - [Cluster 1 - CLIENT] - INFO - Received: evaluate message 0cd4248c-9474-4d9d-976b-1448a31f6926
2025-04-01 15:13:03 - [Cluster 1 - CLIENT] - INFO - [Store 579] Evaluation - Loss: 0.1865, MAE: 0.2595
2025-04-01 15:13:03 - [Cluster 1 - CLIENT] - INFO - Sent reply
2025-04-01 15:13:03 - [Cluster 1 - CLIENT] - INFO - 
2025-04-01 15:13:03 - [Cluster 1 - CLIENT] - INFO - Received: evaluate message 60506c53-7d4a-403f-8e3f-c75ca79dcd92
2025-04-01 15:13:03 - [Cluster 1 - CLIENT] - INFO - [Store 382] Evaluation - Loss: 0.1852, MAE: 0.2815
2025-04-01 15:13:03 - [Cluster 1 - CLIENT] - INFO - Sent reply
2025-04-01 15:13:03 - [Cluster 1 - CLIENT] - INFO - [Store 753] Evaluation - Loss: 0.2094, MAE: 0.2883
2025-04-01 15:13:03 - [Cluster 1 - CLIENT] - INFO - Sent reply
2025-04-01 15:13:03 - [Cluster 1 - CLIENT] - INFO - [Store 269] Evaluation - Loss: 0.2402, MAE: 0.3218
2025-04-01 15:13:03 - [Cluster 1 - CLIENT] - INFO - 
2025-04-01 15:13:03 - [Cluster 1 - CLIENT] - INFO - Received: evaluate message ab5cb6b5-cb5d-4a1f-a0d3-c4108071f716
2025-04-01 15:13:03 - [Cluster 1 - CLIENT] - INFO - [Store 699] Evaluation - Loss: 0.4079, MAE: 0.3757
2025-04-01 15:13:03 - [Cluster 1 - CLIENT] - INFO - Sent reply
2025-04-01 15:13:03 - [Cluster 1 - CLIENT] - INFO - 
2025-04-01 15:13:03 - [Cluster 1 - CLIENT] - INFO - Received: evaluate message c6e77f3f-712a-4412-bc53-fa49055aab7e
2025-04-01 15:13:03 - [Cluster 1 - CLIENT] - INFO - Sent reply
2025-04-01 15:13:03 - [Cluster 1 - CLIENT] - INFO - 
2025-04-01 15:13:03 - [Cluster 1 - CLIENT] - INFO - Received: evaluate message bb4ba871-a36d-414c-8849-f7a98fb1d081
2025-04-01 15:13:03 - [Cluster 1 - CLIENT] - INFO - [Store 809] Evaluation - Loss: 0.2649, MAE: 0.3440
2025-04-01 15:13:03 - [Cluster 1 - CLIENT] - INFO - Sent reply
2025-04-01 15:13:03 - [Cluster 1 - CLIENT] - INFO - 
2025-04-01 15:13:03 - [Cluster 1 - CLIENT] - INFO - Received: evaluate message 403baf33-436f-4f7b-b4e0-5303afcf06eb
2025-04-01 15:13:03 - [Cluster 1 - CLIENT] - INFO - 
2025-04-01 15:13:03 - [Cluster 1 - CLIENT] - INFO - [Store 665] Evaluation - Loss: 0.2107, MAE: 0.2663
2025-04-01 15:13:03 - [Cluster 1 - CLIENT] - INFO - Received: evaluate message 10804bb6-67f3-4a61-9881-e4eb87e89162
2025-04-01 15:13:03 - [Cluster 1 - CLIENT] - INFO - Sent reply
2025-04-01 15:13:03 - [Cluster 1 - CLIENT] - INFO - 
2025-04-01 15:13:03 - [Cluster 1 - CLIENT] - INFO - Received: evaluate message fbabe5c3-f58c-4917-803d-f014b3417e98
2025-04-01 15:13:04 - [Cluster 1 - CLIENT] - INFO - [Store 938] Evaluation - Loss: 0.1970, MAE: 0.2574
2025-04-01 15:13:04 - [Cluster 1 - CLIENT] - INFO - Sent reply
2025-04-01 15:13:04 - [Cluster 1 - CLIENT] - INFO - 
2025-04-01 15:13:04 - [Cluster 1 - CLIENT] - INFO - Received: evaluate message 707ffa0d-4734-4f1a-b414-edbead96a220
2025-04-01 15:13:04 - [Cluster 1 - CLIENT] - INFO - [Store 807] Evaluation - Loss: 0.2681, MAE: 0.3343
2025-04-01 15:13:04 - [Cluster 1 - CLIENT] - INFO - Sent reply
2025-04-01 15:13:04 - [Cluster 1 - CLIENT] - INFO - 
2025-04-01 15:13:04 - [Cluster 1 - CLIENT] - INFO - Received: evaluate message ab1765ee-f3e6-454b-bbfc-be85137211d8
2025-04-01 15:13:04 - [Cluster 1 - CLIENT] - INFO - [Store 1033] Evaluation - Loss: 0.2069, MAE: 0.2966
2025-04-01 15:13:04 - [Cluster 1 - CLIENT] - INFO - Sent reply
2025-04-01 15:13:04 - [Cluster 1 - CLIENT] - INFO - [Store 431] Evaluation - Loss: 0.2774, MAE: 0.3373
2025-04-01 15:13:04 - [Cluster 1 - CLIENT] - INFO - Sent reply
2025-04-01 15:13:04 - [Cluster 1 - CLIENT] - INFO - 
2025-04-01 15:13:04 - [Cluster 1 - CLIENT] - INFO - Received: evaluate message 252caacf-9fde-4110-8b42-aa749320a1ff
2025-04-01 15:13:04 - [Cluster 1 - CLIENT] - INFO - 
2025-04-01 15:13:04 - [Cluster 1 - CLIENT] - INFO - Received: evaluate message c649bc93-c019-467c-8dfb-dd99ea3079c8
2025-04-01 15:13:04 - [Cluster 1 - CLIENT] - INFO - [Store 682] Evaluation - Loss: 0.2987, MAE: 0.4251
2025-04-01 15:13:04 - [Cluster 1 - CLIENT] - INFO - Sent reply
2025-04-01 15:13:04 - [Cluster 1 - CLIENT] - INFO - 
2025-04-01 15:13:04 - [Cluster 1 - CLIENT] - INFO - Received: evaluate message 6efeba3b-a36d-44fd-9b59-913f79bbb53e
2025-04-01 15:13:04 - [Cluster 1 - CLIENT] - INFO - [Store 906] Evaluation - Loss: 0.2066, MAE: 0.2659
2025-04-01 15:13:04 - [Cluster 1 - CLIENT] - INFO - Sent reply
2025-04-01 15:13:04 - [Cluster 1 - CLIENT] - INFO - 
2025-04-01 15:13:04 - [Cluster 1 - CLIENT] - INFO - Received: evaluate message 459280e5-a035-44ad-8e6f-42fa00f77a7f
2025-04-01 15:13:04 - [Cluster 1 - CLIENT] - INFO - [Store 655] Evaluation - Loss: 0.3113, MAE: 0.3732
2025-04-01 15:13:04 - [Cluster 1 - CLIENT] - INFO - Sent reply
2025-04-01 15:13:04 - [Cluster 1 - CLIENT] - INFO - 
2025-04-01 15:13:04 - [Cluster 1 - CLIENT] - INFO - Received: evaluate message fe26a774-eade-47d6-9ed2-9c5ca07c6871
2025-04-01 15:13:04 - [Cluster 1 - CLIENT] - INFO - [Store 914] Evaluation - Loss: 0.1995, MAE: 0.2854
2025-04-01 15:13:04 - [Cluster 1 - CLIENT] - INFO - Sent reply
2025-04-01 15:13:05 - [Cluster 1 - CLIENT] - INFO - 
2025-04-01 15:13:05 - [Cluster 1 - CLIENT] - INFO - Received: evaluate message 92a2a9b2-9d03-4590-833c-9c046a7a1f5b
2025-04-01 15:13:05 - [Cluster 1 - CLIENT] - INFO - [Store 524] Evaluation - Loss: 0.2357, MAE: 0.2916
2025-04-01 15:13:05 - [Cluster 1 - CLIENT] - INFO - Sent reply
2025-04-01 15:13:05 - [Cluster 1 - CLIENT] - INFO - [Store 849] Evaluation - Loss: 0.2023, MAE: 0.2859
2025-04-01 15:13:05 - [Cluster 1 - CLIENT] - INFO - Sent reply
2025-04-01 15:13:05 - [Cluster 1 - CLIENT] - INFO - [Store 106] Evaluation - Loss: 0.1923, MAE: 0.2898
2025-04-01 15:13:05 - [Cluster 1 - CLIENT] - INFO - Sent reply
2025-04-01 15:13:05 - [Cluster 1 - CLIENT] - INFO - [Store 195] Evaluation - Loss: 0.2727, MAE: 0.3306
2025-04-01 15:13:05 - [Cluster 1 - CLIENT] - INFO - Sent reply
2025-04-01 15:13:05 - [Cluster 1 - CLIENT] - INFO - [Store 526] Evaluation - Loss: 0.1831, MAE: 0.2856
2025-04-01 15:13:05 - [Cluster 1 - CLIENT] - INFO - Sent reply
2025-04-01 15:13:05 - [Cluster 1 - CLIENT] - INFO - [Store 527] Evaluation - Loss: 0.2534, MAE: 0.3141
2025-04-01 15:13:05 - [Cluster 1 - CLIENT] - INFO - Sent reply
2025-04-01 15:13:05 - [Cluster 1 - CLIENT] - INFO - [Store 211] Evaluation - Loss: 0.2222, MAE: 0.3174
2025-04-01 15:13:05 - [Cluster 1 - CLIENT] - INFO - Sent reply
2025-04-01 15:13:05 - [Cluster 1 - CLIENT] - INFO - [Store 608] Evaluation - Loss: 0.2443, MAE: 0.3292
2025-04-01 15:13:05 - [Cluster 1 - CLIENT] - INFO - Sent reply
2025-04-01 15:13:05 - [Cluster 1 - CLIENT] - INFO - [Store 755] Evaluation - Loss: 0.2304, MAE: 0.2946
2025-04-01 15:13:05 - [Cluster 1 - CLIENT] - INFO - Sent reply
2025-04-01 15:13:05 - [Cluster 1 - CLIENT] - INFO - [Store 999] Evaluation - Loss: 0.1891, MAE: 0.2858
2025-04-01 15:13:05 - [Cluster 1 - CLIENT] - INFO - Sent reply
2025-04-01 15:13:05 - [Cluster 1 - CLIENT] - INFO - [Store 532] Evaluation - Loss: 0.3639, MAE: 0.3779
2025-04-01 15:13:05 - [Cluster 1 - CLIENT] - INFO - Sent reply
2025-04-01 15:13:05 - [Cluster 1 - CLIENT] - INFO - [Store 207] Evaluation - Loss: 0.1705, MAE: 0.2648
2025-04-01 15:13:05 - [Cluster 1 - CLIENT] - INFO - Sent reply
2025-04-01 15:13:05 - [Cluster 1 - CLIENT] - INFO - [Store 615] Evaluation - Loss: 0.2018, MAE: 0.2463
2025-04-01 15:13:05 - [Cluster 1 - CLIENT] - INFO - Sent reply
2025-04-01 15:13:05 - [Cluster 1 - CLIENT] - INFO - [Store 562] Evaluation - Loss: 0.4393, MAE: 0.5182
2025-04-01 15:13:05 - [Cluster 1 - CLIENT] - INFO - Sent reply
2025-04-01 15:13:05 - [Cluster 1 - CLIENT] - INFO - [Store 384] Evaluation - Loss: 0.2243, MAE: 0.3170
2025-04-01 15:13:05 - [Cluster 1 - CLIENT] - INFO - Sent reply
2025-04-01 15:13:05 - [Cluster 1 - CLIENT] - INFO - 
2025-04-01 15:13:05 - [Cluster 1 - CLIENT] - INFO - Received: train message bc681104-a1d1-45aa-becd-86be8b2c63c5
2025-04-01 15:13:05 - [Cluster 1 - CLIENT] - INFO - 
2025-04-01 15:13:05 - [Cluster 1 - CLIENT] - INFO - Received: train message 97b6b833-2b42-4903-a41e-0a60359061b1
2025-04-01 15:13:05 - [Cluster 1 - CLIENT] - INFO - 
2025-04-01 15:13:05 - [Cluster 1 - CLIENT] - INFO - Received: train message 1074757a-6dbb-41c6-9838-83aafced7d87
2025-04-01 15:13:05 - [Cluster 1 - CLIENT] - INFO - [Store 106] Starting local training.
2025-04-01 15:13:05 - [Cluster 1 - CLIENT] - INFO - 
2025-04-01 15:13:05 - [Cluster 1 - CLIENT] - INFO - [Store 938] Starting local training.
2025-04-01 15:13:05 - [Cluster 1 - CLIENT] - INFO - Received: train message b42eb1ac-f0af-4922-ae66-e5e256c8128d
2025-04-01 15:13:05 - [Cluster 1 - CLIENT] - INFO - 
2025-04-01 15:13:05 - [Cluster 1 - CLIENT] - INFO - Received: train message ffb0d3b0-7e13-41f0-a75a-524fbe9affc0
2025-04-01 15:13:05 - [Cluster 1 - CLIENT] - INFO - 
2025-04-01 15:13:05 - [Cluster 1 - CLIENT] - INFO - Received: train message 2dc9a629-312f-4d66-ad23-cb82c1e17c2c
2025-04-01 15:13:05 - [Cluster 1 - CLIENT] - INFO - [Store 849] Starting local training.
2025-04-01 15:13:05 - [Cluster 1 - CLIENT] - INFO - 
2025-04-01 15:13:05 - [Cluster 1 - CLIENT] - INFO - Received: train message cbac5ead-e5d1-4ab7-8de8-5ce6470cafa9
2025-04-01 15:13:05 - [Cluster 1 - CLIENT] - INFO - 
2025-04-01 15:13:05 - [Cluster 1 - CLIENT] - INFO - 
2025-04-01 15:13:05 - [Cluster 1 - CLIENT] - INFO - Received: train message f1585519-1581-4d9b-a6a1-db66520938d2
2025-04-01 15:13:05 - [Cluster 1 - CLIENT] - INFO - Received: train message 11839525-46c8-4a15-b1a1-744402146fe3
2025-04-01 15:13:05 - [Cluster 1 - CLIENT] - INFO - 
2025-04-01 15:13:05 - [Cluster 1 - CLIENT] - INFO - Received: train message 6dd10f09-d016-4c56-a7e4-c501c3706ecd
2025-04-01 15:13:05 - [Cluster 1 - CLIENT] - INFO - [Store 207] Starting local training.
2025-04-01 15:13:05 - [Cluster 1 - CLIENT] - INFO - [Store 526] Starting local training.
2025-04-01 15:13:05 - [Cluster 1 - CLIENT] - INFO - 
2025-04-01 15:13:05 - [Cluster 1 - CLIENT] - INFO - Received: train message 320172a3-5722-48a8-85e0-a3fe2c768c58
2025-04-01 15:13:05 - [Cluster 1 - CLIENT] - INFO - 
2025-04-01 15:13:05 - [Cluster 1 - CLIENT] - INFO - [Store 682] Starting local training.
2025-04-01 15:13:05 - [Cluster 1 - CLIENT] - INFO - 
2025-04-01 15:13:05 - [Cluster 1 - CLIENT] - INFO - Received: train message f826e0e2-0c45-48c3-a5b8-641bcc970281
2025-04-01 15:13:05 - [Cluster 1 - CLIENT] - INFO - Received: train message 6aef3596-27b1-47fb-94b6-1ef021b75774
2025-04-01 15:13:05 - [Cluster 1 - CLIENT] - INFO - [Store 562] Starting local training.
2025-04-01 15:13:05 - [Cluster 1 - CLIENT] - INFO - [Store 999] Starting local training.
2025-04-01 15:13:05 - [Cluster 1 - CLIENT] - INFO - [Store 195] Starting local training.
2025-04-01 15:13:05 - [Cluster 1 - CLIENT] - INFO - [Store 524] Starting local training.
2025-04-01 15:13:05 - [Cluster 1 - CLIENT] - INFO - 
2025-04-01 15:13:05 - [Cluster 1 - CLIENT] - INFO - Received: train message 86d281bf-1252-448f-b312-b10cea0ec269
2025-04-01 15:13:05 - [Cluster 1 - CLIENT] - INFO - [Store 753] Starting local training.
2025-04-01 15:13:05 - [Cluster 1 - CLIENT] - INFO - 
2025-04-01 15:13:05 - [Cluster 1 - CLIENT] - INFO - Received: train message a85b7b81-fe31-4a4a-a1bf-0210bfd27103
2025-04-01 15:13:05 - [Cluster 1 - CLIENT] - INFO - [Store 699] Starting local training.
2025-04-01 15:13:05 - [Cluster 1 - CLIENT] - INFO - [Store 914] Starting local training.
2025-04-01 15:13:05 - [Cluster 1 - CLIENT] - INFO - [Store 579] Starting local training.
2025-04-01 15:13:06 - [Cluster 1 - CLIENT] - INFO - [Store 384] Starting local training.
2025-04-01 15:17:09 - [Cluster 1 - CLIENT] - INFO - [Store 579] Local training complete.
2025-04-01 15:17:09 - [Cluster 1 - CLIENT] - INFO - Sent reply
2025-04-01 15:17:09 - [Cluster 1 - CLIENT] - INFO - 
2025-04-01 15:17:09 - [Cluster 1 - CLIENT] - INFO - Received: train message 9be98557-964b-40bc-8bb0-372caef1ddfd
2025-04-01 15:17:09 - [Cluster 1 - CLIENT] - INFO - [Store 906] Starting local training.
2025-04-01 15:17:09 - [Cluster 1 - CLIENT] - INFO - [Store 753] Local training complete.
2025-04-01 15:17:09 - [Cluster 1 - CLIENT] - INFO - Sent reply
2025-04-01 15:17:09 - [Cluster 1 - CLIENT] - INFO - 
2025-04-01 15:17:09 - [Cluster 1 - CLIENT] - INFO - Received: train message bb926dcf-04fa-48ac-a66b-5a9a52d3d385
2025-04-01 15:17:10 - [Cluster 1 - CLIENT] - INFO - [Store 431] Starting local training.
2025-04-01 15:17:10 - [Cluster 1 - CLIENT] - INFO - [Store 938] Local training complete.
2025-04-01 15:17:10 - [Cluster 1 - CLIENT] - INFO - [Store 384] Local training complete.
2025-04-01 15:17:10 - [Cluster 1 - CLIENT] - INFO - Sent reply
2025-04-01 15:17:10 - [Cluster 1 - CLIENT] - INFO - 
2025-04-01 15:17:10 - [Cluster 1 - CLIENT] - INFO - Received: train message 47e5b1fa-9c94-4dcf-bf78-a91e6f328f1f
2025-04-01 15:17:10 - [Cluster 1 - CLIENT] - INFO - [Store 999] Local training complete.
2025-04-01 15:17:10 - [Cluster 1 - CLIENT] - INFO - Sent reply
2025-04-01 15:17:11 - [Cluster 1 - CLIENT] - INFO - [Store 532] Starting local training.
2025-04-01 15:17:11 - [Cluster 1 - CLIENT] - INFO - 
2025-04-01 15:17:11 - [Cluster 1 - CLIENT] - INFO - Received: train message 3e425130-125e-4afe-afe5-8df107afb1f5
2025-04-01 15:17:11 - [Cluster 1 - CLIENT] - INFO - Sent reply
2025-04-01 15:17:11 - [Cluster 1 - CLIENT] - INFO - 
2025-04-01 15:17:11 - [Cluster 1 - CLIENT] - INFO - Received: train message ceef70cc-5f15-45b9-894f-9231950e4984
2025-04-01 15:17:11 - [Cluster 1 - CLIENT] - INFO - [Store 849] Local training complete.
2025-04-01 15:17:11 - [Cluster 1 - CLIENT] - INFO - [Store 1033] Starting local training.
2025-04-01 15:17:11 - [Cluster 1 - CLIENT] - INFO - [Store 755] Starting local training.
2025-04-01 15:17:11 - [Cluster 1 - CLIENT] - INFO - Sent reply
2025-04-01 15:17:11 - [Cluster 1 - CLIENT] - INFO - 
2025-04-01 15:17:11 - [Cluster 1 - CLIENT] - INFO - Received: train message 6d5f10ca-2cef-4605-87c4-3eda7dc72116
2025-04-01 15:17:11 - [Cluster 1 - CLIENT] - INFO - [Store 382] Starting local training.
2025-04-01 15:17:12 - [Cluster 1 - CLIENT] - INFO - [Store 195] Local training complete.
2025-04-01 15:17:12 - [Cluster 1 - CLIENT] - INFO - [Store 562] Local training complete.
2025-04-01 15:17:12 - [Cluster 1 - CLIENT] - INFO - Sent reply
2025-04-01 15:17:12 - [Cluster 1 - CLIENT] - INFO - 
2025-04-01 15:17:12 - [Cluster 1 - CLIENT] - INFO - Received: train message fd6b0202-4c75-4bec-af3a-8b03cf91cbb3
2025-04-01 15:17:12 - [Cluster 1 - CLIENT] - INFO - [Store 809] Starting local training.
2025-04-01 15:17:12 - [Cluster 1 - CLIENT] - INFO - Sent reply
2025-04-01 15:17:12 - [Cluster 1 - CLIENT] - INFO - [Store 699] Local training complete.
2025-04-01 15:17:12 - [Cluster 1 - CLIENT] - INFO - 
2025-04-01 15:17:12 - [Cluster 1 - CLIENT] - INFO - Received: train message 6860b2b5-eeaf-41e9-b217-f6fc9c05e1eb
2025-04-01 15:17:12 - [Cluster 1 - CLIENT] - INFO - Sent reply
2025-04-01 15:17:12 - [Cluster 1 - CLIENT] - INFO - 
2025-04-01 15:17:12 - [Cluster 1 - CLIENT] - INFO - Received: train message 57b44ef2-8520-4720-ac33-cb5d752efd24
2025-04-01 15:17:13 - [Cluster 1 - CLIENT] - INFO - [Store 608] Starting local training.
2025-04-01 15:17:13 - [Cluster 1 - CLIENT] - INFO - [Store 807] Starting local training.
2025-04-01 15:17:13 - [Cluster 1 - CLIENT] - INFO - [Store 526] Local training complete.
2025-04-01 15:17:13 - [Cluster 1 - CLIENT] - INFO - [Store 106] Local training complete.
2025-04-01 15:17:13 - [Cluster 1 - CLIENT] - INFO - [Store 914] Local training complete.
2025-04-01 15:17:13 - [Cluster 1 - CLIENT] - INFO - Sent reply
2025-04-01 15:17:13 - [Cluster 1 - CLIENT] - INFO - 
2025-04-01 15:17:13 - [Cluster 1 - CLIENT] - INFO - Received: train message 79901e66-d498-4292-9efd-ab552ab9032a
2025-04-01 15:17:13 - [Cluster 1 - CLIENT] - INFO - [Store 665] Starting local training.
2025-04-01 15:17:13 - [Cluster 1 - CLIENT] - INFO - Sent reply
2025-04-01 15:17:13 - [Cluster 1 - CLIENT] - INFO - 
2025-04-01 15:17:13 - [Cluster 1 - CLIENT] - INFO - Received: train message ce61a93c-865c-45e0-9e19-d5eb7d6b61f9
2025-04-01 15:17:13 - [Cluster 1 - CLIENT] - INFO - [Store 211] Starting local training.
2025-04-01 15:17:13 - [Cluster 1 - CLIENT] - INFO - Sent reply
2025-04-01 15:17:13 - [Cluster 1 - CLIENT] - INFO - 
2025-04-01 15:17:13 - [Cluster 1 - CLIENT] - INFO - Received: train message 42de746b-78df-40ee-96d3-228034b67067
2025-04-01 15:17:14 - [Cluster 1 - CLIENT] - INFO - [Store 655] Starting local training.
2025-04-01 15:17:16 - [Cluster 1 - CLIENT] - INFO - [Store 682] Local training complete.
2025-04-01 15:17:16 - [Cluster 1 - CLIENT] - INFO - Sent reply
2025-04-01 15:17:16 - [Cluster 1 - CLIENT] - INFO - 
2025-04-01 15:17:16 - [Cluster 1 - CLIENT] - INFO - Received: train message 06856dc9-6777-4596-9f45-f347a90477e6
2025-04-01 15:17:16 - [Cluster 1 - CLIENT] - INFO - [Store 527] Starting local training.
2025-04-01 15:17:19 - [Cluster 1 - CLIENT] - INFO - [Store 524] Local training complete.
2025-04-01 15:17:19 - [Cluster 1 - CLIENT] - INFO - Sent reply
2025-04-01 15:17:19 - [Cluster 1 - CLIENT] - INFO - 
2025-04-01 15:17:19 - [Cluster 1 - CLIENT] - INFO - Received: train message 56d6248d-3046-4aa8-b7c2-1ed0c93cc0ea
2025-04-01 15:17:19 - [Cluster 1 - CLIENT] - INFO - [Store 615] Starting local training.
2025-04-01 15:17:31 - [Cluster 1 - CLIENT] - INFO - [Store 207] Local training complete.
2025-04-01 15:17:31 - [Cluster 1 - CLIENT] - INFO - Sent reply
2025-04-01 15:17:31 - [Cluster 1 - CLIENT] - INFO - 
2025-04-01 15:17:31 - [Cluster 1 - CLIENT] - INFO - Received: train message 993e528e-f82f-4bbd-8080-9e85b1444c22
2025-04-01 15:17:31 - [Cluster 1 - CLIENT] - INFO - [Store 269] Starting local training.
2025-04-01 15:20:39 - [Cluster 1 - CLIENT] - INFO - [Store 906] Local training complete.
2025-04-01 15:20:40 - [Cluster 1 - CLIENT] - INFO - Sent reply
2025-04-01 15:20:40 - [Cluster 1 - CLIENT] - INFO - [Store 807] Local training complete.
2025-04-01 15:20:40 - [Cluster 1 - CLIENT] - INFO - Sent reply
2025-04-01 15:20:41 - [Cluster 1 - CLIENT] - INFO - [Store 431] Local training complete.
2025-04-01 15:20:42 - [Cluster 1 - CLIENT] - INFO - Sent reply
2025-04-01 15:20:42 - [Cluster 1 - CLIENT] - INFO - [Store 655] Local training complete.
2025-04-01 15:20:42 - [Cluster 1 - CLIENT] - INFO - Sent reply
2025-04-01 15:20:43 - [Cluster 1 - CLIENT] - INFO - [Store 527] Local training complete.
2025-04-01 15:20:43 - [Cluster 1 - CLIENT] - INFO - [Store 382] Local training complete.
2025-04-01 15:20:43 - [Cluster 1 - CLIENT] - INFO - Sent reply
2025-04-01 15:20:43 - [Cluster 1 - CLIENT] - INFO - [Store 211] Local training complete.
2025-04-01 15:20:43 - [Cluster 1 - CLIENT] - INFO - Sent reply
2025-04-01 15:20:43 - [Cluster 1 - CLIENT] - INFO - Sent reply
2025-04-01 15:20:43 - [Cluster 1 - CLIENT] - INFO - [Store 809] Local training complete.
2025-04-01 15:20:43 - [Cluster 1 - CLIENT] - INFO - Sent reply
2025-04-01 15:20:43 - [Cluster 1 - CLIENT] - INFO - [Store 615] Local training complete.
2025-04-01 15:20:43 - [Cluster 1 - CLIENT] - INFO - Sent reply
2025-04-01 15:20:44 - [Cluster 1 - CLIENT] - INFO - [Store 532] Local training complete.
2025-04-01 15:20:44 - [Cluster 1 - CLIENT] - INFO - Sent reply
2025-04-01 15:20:44 - [Cluster 1 - CLIENT] - INFO - [Store 608] Local training complete.
2025-04-01 15:20:44 - [Cluster 1 - CLIENT] - INFO - Sent reply
2025-04-01 15:20:44 - [Cluster 1 - CLIENT] - INFO - [Store 1033] Local training complete.
2025-04-01 15:20:44 - [Cluster 1 - CLIENT] - INFO - Sent reply
2025-04-01 15:20:44 - [Cluster 1 - CLIENT] - INFO - [Store 665] Local training complete.
2025-04-01 15:20:44 - [Cluster 1 - CLIENT] - INFO - Sent reply
2025-04-01 15:20:45 - [Cluster 1 - CLIENT] - INFO - [Store 755] Local training complete.
2025-04-01 15:20:45 - [Cluster 1 - CLIENT] - INFO - Sent reply
2025-04-01 15:20:46 - [Cluster 1 - CLIENT] - INFO - [Store 269] Local training complete.
2025-04-01 15:20:46 - [Cluster 1 - CLIENT] - INFO - Sent reply
2025-04-01 15:20:46 - [Cluster 1 - CLIENT] - INFO - 
2025-04-01 15:20:46 - [Cluster 1 - CLIENT] - INFO - Received: evaluate message a4a92cfc-e269-4fa4-8170-f9bba113db96
2025-04-01 15:20:46 - [Cluster 1 - CLIENT] - INFO - 
2025-04-01 15:20:46 - [Cluster 1 - CLIENT] - INFO - 
2025-04-01 15:20:46 - [Cluster 1 - CLIENT] - INFO - Received: evaluate message 12b460de-3976-44a1-8ed9-c0ff40c55ca3
2025-04-01 15:20:46 - [Cluster 1 - CLIENT] - INFO - 
2025-04-01 15:20:46 - [Cluster 1 - CLIENT] - INFO - Received: evaluate message 27d14415-dc46-4223-af27-27fa1937b8da
2025-04-01 15:20:46 - [Cluster 1 - CLIENT] - INFO - Received: evaluate message 537aacaa-d90a-42a6-b32a-2cdbd4b37f52
2025-04-01 15:20:46 - [Cluster 1 - CLIENT] - INFO - 
2025-04-01 15:20:46 - [Cluster 1 - CLIENT] - INFO - Received: evaluate message 8a321ce3-4b92-4a07-a42c-4e38a1da7f05
2025-04-01 15:20:46 - [Cluster 1 - CLIENT] - INFO - 
2025-04-01 15:20:46 - [Cluster 1 - CLIENT] - INFO - Received: evaluate message 8e40f07e-7f52-416b-81d8-51022e40fa00
2025-04-01 15:20:46 - [Cluster 1 - CLIENT] - INFO - 
2025-04-01 15:20:46 - [Cluster 1 - CLIENT] - INFO - Received: evaluate message d566d988-ec10-4117-8de2-307d229be47f
2025-04-01 15:20:46 - [Cluster 1 - CLIENT] - INFO - 
2025-04-01 15:20:46 - [Cluster 1 - CLIENT] - INFO - Received: evaluate message f3eb9520-31dd-44b7-a278-ebb37f3ec3db
2025-04-01 15:20:46 - [Cluster 1 - CLIENT] - INFO - 
2025-04-01 15:20:46 - [Cluster 1 - CLIENT] - INFO - Received: evaluate message 8f305fd1-f613-4649-b270-b2bde0ffeb4c
2025-04-01 15:20:46 - [Cluster 1 - CLIENT] - INFO - 
2025-04-01 15:20:46 - [Cluster 1 - CLIENT] - INFO - Received: evaluate message 44728e92-d4e0-47ab-a47c-b5ce7d209c4c
2025-04-01 15:20:46 - [Cluster 1 - CLIENT] - INFO - 
2025-04-01 15:20:46 - [Cluster 1 - CLIENT] - INFO - Received: evaluate message 87083ff1-bd00-4048-853f-b48ec211a9f3
2025-04-01 15:20:46 - [Cluster 1 - CLIENT] - INFO - 
2025-04-01 15:20:46 - [Cluster 1 - CLIENT] - INFO - Received: evaluate message 80614d9e-a959-4a24-b8ab-3325c48c0ca0
2025-04-01 15:20:46 - [Cluster 1 - CLIENT] - INFO - 
2025-04-01 15:20:46 - [Cluster 1 - CLIENT] - INFO - Received: evaluate message f53c4555-a74a-4ee0-9b68-f280f844d852
2025-04-01 15:20:46 - [Cluster 1 - CLIENT] - INFO - 
2025-04-01 15:20:46 - [Cluster 1 - CLIENT] - INFO - Received: evaluate message 9778fc65-75d5-4a56-a44c-032341638a2b
2025-04-01 15:20:46 - [Cluster 1 - CLIENT] - INFO - 
2025-04-01 15:20:46 - [Cluster 1 - CLIENT] - INFO - Received: evaluate message fbcba9e5-11af-49b0-a15f-704474389c3f
2025-04-01 15:20:47 - [Cluster 1 - CLIENT] - INFO - [Store 655] Evaluation - Loss: 0.3254, MAE: 0.3773
2025-04-01 15:20:47 - [Cluster 1 - CLIENT] - INFO - Sent reply
2025-04-01 15:20:47 - [Cluster 1 - CLIENT] - INFO - 
2025-04-01 15:20:47 - [Cluster 1 - CLIENT] - INFO - Received: evaluate message 17896e6f-82f9-4b2f-971a-49c3fb413ea3
2025-04-01 15:20:47 - [Cluster 1 - CLIENT] - INFO - [Store 382] Evaluation - Loss: 0.1811, MAE: 0.2701
2025-04-01 15:20:47 - [Cluster 1 - CLIENT] - INFO - Sent reply
2025-04-01 15:20:47 - [Cluster 1 - CLIENT] - INFO - [Store 431] Evaluation - Loss: 0.2748, MAE: 0.3310
2025-04-01 15:20:47 - [Cluster 1 - CLIENT] - INFO - Sent reply
2025-04-01 15:20:47 - [Cluster 1 - CLIENT] - INFO - [Store 807] Evaluation - Loss: 0.2639, MAE: 0.3245
2025-04-01 15:20:47 - [Cluster 1 - CLIENT] - INFO - Sent reply
2025-04-01 15:20:47 - [Cluster 1 - CLIENT] - INFO - [Store 699] Evaluation - Loss: 0.4672, MAE: 0.3763
2025-04-01 15:20:47 - [Cluster 1 - CLIENT] - INFO - Sent reply
2025-04-01 15:20:47 - [Cluster 1 - CLIENT] - INFO - 
2025-04-01 15:20:47 - [Cluster 1 - CLIENT] - INFO - Received: evaluate message 8a51e344-dc99-4bce-9edd-c8e822630bd9
2025-04-01 15:20:47 - [Cluster 1 - CLIENT] - INFO - 
2025-04-01 15:20:47 - [Cluster 1 - CLIENT] - INFO - Received: evaluate message 39521858-2956-4584-8d76-5c4abe6b3d4d
2025-04-01 15:20:47 - [Cluster 1 - CLIENT] - INFO - [Store 562] Evaluation - Loss: 0.4188, MAE: 0.5048
2025-04-01 15:20:47 - [Cluster 1 - CLIENT] - INFO - Sent reply
2025-04-01 15:20:47 - [Cluster 1 - CLIENT] - INFO - [Store 615] Evaluation - Loss: 0.1925, MAE: 0.2323
2025-04-01 15:20:47 - [Cluster 1 - CLIENT] - INFO - Sent reply
2025-04-01 15:20:47 - [Cluster 1 - CLIENT] - INFO - [Store 665] Evaluation - Loss: 0.2037, MAE: 0.2595
2025-04-01 15:20:47 - [Cluster 1 - CLIENT] - INFO - Sent reply
2025-04-01 15:20:47 - [Cluster 1 - CLIENT] - INFO - 
2025-04-01 15:20:47 - [Cluster 1 - CLIENT] - INFO - 
2025-04-01 15:20:47 - [Cluster 1 - CLIENT] - INFO - Received: evaluate message 20e009a3-c925-4a0a-8e04-b07e7d666b83
2025-04-01 15:20:47 - [Cluster 1 - CLIENT] - INFO - 
2025-04-01 15:20:47 - [Cluster 1 - CLIENT] - INFO - Received: evaluate message cc9f90d4-317b-49d3-b355-016e79f33c2c
2025-04-01 15:20:47 - [Cluster 1 - CLIENT] - INFO - Received: evaluate message 6f16d80d-d581-42ea-b66f-1d8c6d06e9f4
2025-04-01 15:20:47 - [Cluster 1 - CLIENT] - INFO - [Store 211] Evaluation - Loss: 0.2246, MAE: 0.3174
2025-04-01 15:20:47 - [Cluster 1 - CLIENT] - INFO - 
2025-04-01 15:20:47 - [Cluster 1 - CLIENT] - INFO - Received: evaluate message 48d4b744-15a1-4f3e-9c9f-c9281610dce0
2025-04-01 15:20:47 - [Cluster 1 - CLIENT] - INFO - [Store 849] Evaluation - Loss: 0.2001, MAE: 0.2788
2025-04-01 15:20:47 - [Cluster 1 - CLIENT] - INFO - Sent reply
2025-04-01 15:20:47 - [Cluster 1 - CLIENT] - INFO - Sent reply
2025-04-01 15:20:47 - [Cluster 1 - CLIENT] - INFO - 
2025-04-01 15:20:47 - [Cluster 1 - CLIENT] - INFO - Received: evaluate message b8503453-1249-4362-890a-d37184a908ab
2025-04-01 15:20:47 - [Cluster 1 - CLIENT] - INFO - [Store 527] Evaluation - Loss: 0.2475, MAE: 0.3051
2025-04-01 15:20:47 - [Cluster 1 - CLIENT] - INFO - Sent reply
2025-04-01 15:20:47 - [Cluster 1 - CLIENT] - INFO - 
2025-04-01 15:20:47 - [Cluster 1 - CLIENT] - INFO - Received: evaluate message fb8226dd-e511-4c8a-ab34-a291d7951a38
2025-04-01 15:20:47 - [Cluster 1 - CLIENT] - INFO - 
2025-04-01 15:20:47 - [Cluster 1 - CLIENT] - INFO - Received: evaluate message e7a2ad46-0c7b-4e3e-92a9-209653ebe6c2
2025-04-01 15:20:47 - [Cluster 1 - CLIENT] - INFO - [Store 526] Evaluation - Loss: 0.1793, MAE: 0.2762
2025-04-01 15:20:47 - [Cluster 1 - CLIENT] - INFO - Sent reply
2025-04-01 15:20:47 - [Cluster 1 - CLIENT] - INFO - 
2025-04-01 15:20:47 - [Cluster 1 - CLIENT] - INFO - Received: evaluate message 5abea182-da2c-4d3f-8166-1442fa387295
2025-04-01 15:20:47 - [Cluster 1 - CLIENT] - INFO - [Store 753] Evaluation - Loss: 0.2067, MAE: 0.2747
2025-04-01 15:20:47 - [Cluster 1 - CLIENT] - INFO - Sent reply
2025-04-01 15:20:47 - [Cluster 1 - CLIENT] - INFO - [Store 384] Evaluation - Loss: 0.2281, MAE: 0.3154
2025-04-01 15:20:47 - [Cluster 1 - CLIENT] - INFO - Sent reply
2025-04-01 15:20:47 - [Cluster 1 - CLIENT] - INFO - 
2025-04-01 15:20:47 - [Cluster 1 - CLIENT] - INFO - Received: evaluate message a4c33c8a-3136-4439-a10e-f45c3c44f571
2025-04-01 15:20:47 - [Cluster 1 - CLIENT] - INFO - 
2025-04-01 15:20:47 - [Cluster 1 - CLIENT] - INFO - Received: evaluate message 8b0e6ed4-9f99-4b1c-a09c-a55c98292f1a
2025-04-01 15:20:47 - [Cluster 1 - CLIENT] - INFO - 
2025-04-01 15:20:47 - [Cluster 1 - CLIENT] - INFO - Received: evaluate message 86909d3c-6862-4e3b-b0f1-4093b352d859
2025-04-01 15:20:47 - [Cluster 1 - CLIENT] - INFO - [Store 106] Evaluation - Loss: 0.1844, MAE: 0.2699
2025-04-01 15:20:48 - [Cluster 1 - CLIENT] - INFO - Sent reply
2025-04-01 15:20:48 - [Cluster 1 - CLIENT] - INFO - 
2025-04-01 15:20:48 - [Cluster 1 - CLIENT] - INFO - Received: evaluate message 30095620-424f-4975-8144-1a448a1dd853
2025-04-01 15:20:48 - [Cluster 1 - CLIENT] - INFO - [Store 755] Evaluation - Loss: 0.2277, MAE: 0.2851
2025-04-01 15:20:48 - [Cluster 1 - CLIENT] - INFO - Sent reply
2025-04-01 15:20:48 - [Cluster 1 - CLIENT] - INFO - [Store 906] Evaluation - Loss: 0.1968, MAE: 0.2481
2025-04-01 15:20:48 - [Cluster 1 - CLIENT] - INFO - [Store 579] Evaluation - Loss: 0.1817, MAE: 0.2596
2025-04-01 15:20:48 - [Cluster 1 - CLIENT] - INFO - Sent reply
2025-04-01 15:20:48 - [Cluster 1 - CLIENT] - INFO - Sent reply
2025-04-01 15:20:48 - [Cluster 1 - CLIENT] - INFO - [Store 914] Evaluation - Loss: 0.1887, MAE: 0.2608
2025-04-01 15:20:48 - [Cluster 1 - CLIENT] - INFO - [Store 682] Evaluation - Loss: 0.2912, MAE: 0.4249
2025-04-01 15:20:48 - [Cluster 1 - CLIENT] - INFO - Sent reply
2025-04-01 15:20:48 - [Cluster 1 - CLIENT] - INFO - [Store 999] Evaluation - Loss: 0.1852, MAE: 0.2799
2025-04-01 15:20:48 - [Cluster 1 - CLIENT] - INFO - Sent reply
2025-04-01 15:20:48 - [Cluster 1 - CLIENT] - INFO - Sent reply
2025-04-01 15:20:48 - [Cluster 1 - CLIENT] - INFO - [Store 1033] Evaluation - Loss: 0.2043, MAE: 0.2902
2025-04-01 15:20:48 - [Cluster 1 - CLIENT] - INFO - Sent reply
2025-04-01 15:20:48 - [Cluster 1 - CLIENT] - INFO - [Store 532] Evaluation - Loss: 0.3602, MAE: 0.3808
2025-04-01 15:20:48 - [Cluster 1 - CLIENT] - INFO - Sent reply
2025-04-01 15:20:48 - [Cluster 1 - CLIENT] - INFO - [Store 608] Evaluation - Loss: 0.2387, MAE: 0.3231
2025-04-01 15:20:48 - [Cluster 1 - CLIENT] - INFO - Sent reply
2025-04-01 15:20:48 - [Cluster 1 - CLIENT] - INFO - [Store 269] Evaluation - Loss: 0.2298, MAE: 0.3149
2025-04-01 15:20:48 - [Cluster 1 - CLIENT] - INFO - Sent reply
2025-04-01 15:20:48 - [Cluster 1 - CLIENT] - INFO - [Store 938] Evaluation - Loss: 0.1900, MAE: 0.2460
2025-04-01 15:20:48 - [Cluster 1 - CLIENT] - INFO - Sent reply
2025-04-01 15:20:48 - [Cluster 1 - CLIENT] - INFO - [Store 809] Evaluation - Loss: 0.2667, MAE: 0.3416
2025-04-01 15:20:48 - [Cluster 1 - CLIENT] - INFO - Sent reply
2025-04-01 15:20:48 - [Cluster 1 - CLIENT] - INFO - [Store 207] Evaluation - Loss: 0.1664, MAE: 0.2493
2025-04-01 15:20:48 - [Cluster 1 - CLIENT] - INFO - Sent reply
2025-04-01 15:20:48 - [Cluster 1 - CLIENT] - INFO - [Store 195] Evaluation - Loss: 0.2703, MAE: 0.3260
2025-04-01 15:20:48 - [Cluster 1 - CLIENT] - INFO - Sent reply
2025-04-01 15:20:48 - [Cluster 1 - CLIENT] - INFO - [Store 524] Evaluation - Loss: 0.2373, MAE: 0.2964
2025-04-01 15:20:48 - [Cluster 1 - CLIENT] - INFO - Sent reply
2025-04-01 15:20:48 - [Cluster 1 - CLIENT] - INFO - 
2025-04-01 15:20:48 - [Cluster 1 - CLIENT] - INFO - Received: train message a6802e28-e75b-4636-b891-557109983897
2025-04-01 15:20:48 - [Cluster 1 - CLIENT] - INFO - 
2025-04-01 15:20:48 - [Cluster 1 - CLIENT] - INFO - Received: train message 59675a5a-85d8-4974-afd3-138122edb391
2025-04-01 15:20:48 - [Cluster 1 - CLIENT] - INFO - 
2025-04-01 15:20:48 - [Cluster 1 - CLIENT] - INFO - Received: train message d850cbc5-5a1e-4f47-b095-815a5989130a
2025-04-01 15:20:48 - [Cluster 1 - CLIENT] - INFO - 
2025-04-01 15:20:48 - [Cluster 1 - CLIENT] - INFO - Received: train message 207e51fc-aa51-4d46-9046-686d903efe5e
2025-04-01 15:20:48 - [Cluster 1 - CLIENT] - INFO - 
2025-04-01 15:20:48 - [Cluster 1 - CLIENT] - INFO - Received: train message b139c95f-9019-4e45-834d-be8ea5103907
2025-04-01 15:20:48 - [Cluster 1 - CLIENT] - INFO - [Store 1033] Starting local training.
2025-04-01 15:20:48 - [Cluster 1 - CLIENT] - INFO - 
2025-04-01 15:20:48 - [Cluster 1 - CLIENT] - INFO - Received: train message 2b3a8440-cc88-4bd6-b94d-8111fe07aae7
2025-04-01 15:20:48 - [Cluster 1 - CLIENT] - INFO - 
2025-04-01 15:20:48 - [Cluster 1 - CLIENT] - INFO - Received: train message 6071bbd1-3393-4a35-a11e-58eec06897e2
2025-04-01 15:20:48 - [Cluster 1 - CLIENT] - INFO - [Store 755] Starting local training.
2025-04-01 15:20:48 - [Cluster 1 - CLIENT] - INFO - [Store 849] Starting local training.
2025-04-01 15:20:48 - [Cluster 1 - CLIENT] - INFO - 
2025-04-01 15:20:48 - [Cluster 1 - CLIENT] - INFO - Received: train message e58ee184-8067-4364-b821-bbcfcf7cd151
2025-04-01 15:20:48 - [Cluster 1 - CLIENT] - INFO - [Store 914] Starting local training.
2025-04-01 15:20:48 - [Cluster 1 - CLIENT] - INFO - 
2025-04-01 15:20:48 - [Cluster 1 - CLIENT] - INFO - Received: train message cd4f6a95-0252-43af-b3cb-e954356b9795
2025-04-01 15:20:48 - [Cluster 1 - CLIENT] - INFO - 
2025-04-01 15:20:48 - [Cluster 1 - CLIENT] - INFO - Received: train message 831ba43a-349e-42fe-80f3-e40c6d490cd5
2025-04-01 15:20:48 - [Cluster 1 - CLIENT] - INFO - [Store 195] Starting local training.
2025-04-01 15:20:48 - [Cluster 1 - CLIENT] - INFO - [Store 682] Starting local training.
2025-04-01 15:20:48 - [Cluster 1 - CLIENT] - INFO - 
2025-04-01 15:20:48 - [Cluster 1 - CLIENT] - INFO - Received: train message 07f79bbd-2c0a-4df8-89eb-477042b15710
2025-04-01 15:20:48 - [Cluster 1 - CLIENT] - INFO - 
2025-04-01 15:20:48 - [Cluster 1 - CLIENT] - INFO - Received: train message ff9027e8-8b10-4ab1-8f03-e2183e2acad5
2025-04-01 15:20:48 - [Cluster 1 - CLIENT] - INFO - 
2025-04-01 15:20:48 - [Cluster 1 - CLIENT] - INFO - Received: train message 799f8ff6-0593-4417-9bfd-2dc78408395f
2025-04-01 15:20:48 - [Cluster 1 - CLIENT] - INFO - [Store 207] Starting local training.
2025-04-01 15:20:48 - [Cluster 1 - CLIENT] - INFO - [Store 211] Starting local training.
2025-04-01 15:20:48 - [Cluster 1 - CLIENT] - INFO - 
2025-04-01 15:20:48 - [Cluster 1 - CLIENT] - INFO - Received: train message 8d0a4b84-4737-43f9-b869-70927b4a7853
2025-04-01 15:20:48 - [Cluster 1 - CLIENT] - INFO - 
2025-04-01 15:20:48 - [Cluster 1 - CLIENT] - INFO - Received: train message 1fe7a395-2738-44d5-8efc-58b1df5fb9b8
2025-04-01 15:20:48 - [Cluster 1 - CLIENT] - INFO - [Store 532] Starting local training.
2025-04-01 15:20:48 - [Cluster 1 - CLIENT] - INFO - [Store 431] Starting local training.
2025-04-01 15:20:48 - [Cluster 1 - CLIENT] - INFO - [Store 384] Starting local training.
2025-04-01 15:20:48 - [Cluster 1 - CLIENT] - INFO - [Store 106] Starting local training.
2025-04-01 15:20:48 - [Cluster 1 - CLIENT] - INFO - [Store 753] Starting local training.
2025-04-01 15:20:48 - [Cluster 1 - CLIENT] - INFO - [Store 382] Starting local training.
2025-04-01 15:20:48 - [Cluster 1 - CLIENT] - INFO - [Store 655] Starting local training.
2025-04-01 15:24:03 - [Cluster 1 - CLIENT] - INFO - [Store 914] Local training complete.
2025-04-01 15:24:03 - [Cluster 1 - CLIENT] - INFO - Sent reply
2025-04-01 15:24:03 - [Cluster 1 - CLIENT] - INFO - 
2025-04-01 15:24:03 - [Cluster 1 - CLIENT] - INFO - Received: train message 72383637-d496-495d-a9e0-c6531351aa8e
2025-04-01 15:24:03 - [Cluster 1 - CLIENT] - INFO - [Store 608] Starting local training.
2025-04-01 15:24:03 - [Cluster 1 - CLIENT] - INFO - [Store 755] Local training complete.
2025-04-01 15:24:04 - [Cluster 1 - CLIENT] - INFO - Sent reply
2025-04-01 15:24:04 - [Cluster 1 - CLIENT] - INFO - 
2025-04-01 15:24:04 - [Cluster 1 - CLIENT] - INFO - Received: train message ea3a839c-2414-44e9-8d57-a7e9d9adad69
2025-04-01 15:24:04 - [Cluster 1 - CLIENT] - INFO - [Store 524] Starting local training.
2025-04-01 15:24:07 - [Cluster 1 - CLIENT] - INFO - [Store 431] Local training complete.
2025-04-01 15:24:07 - [Cluster 1 - CLIENT] - INFO - [Store 106] Local training complete.
2025-04-01 15:24:07 - [Cluster 1 - CLIENT] - INFO - [Store 195] Local training complete.
2025-04-01 15:24:07 - [Cluster 1 - CLIENT] - INFO - Sent reply
2025-04-01 15:24:07 - [Cluster 1 - CLIENT] - INFO - 
2025-04-01 15:24:07 - [Cluster 1 - CLIENT] - INFO - Received: train message 91ee9362-90bf-41e3-a468-5d38f93843e7
2025-04-01 15:24:07 - [Cluster 1 - CLIENT] - INFO - Sent reply
2025-04-01 15:24:07 - [Cluster 1 - CLIENT] - INFO - Sent reply
2025-04-01 15:24:07 - [Cluster 1 - CLIENT] - INFO - 
2025-04-01 15:24:07 - [Cluster 1 - CLIENT] - INFO - Received: train message d2483881-de69-4fa6-82f5-7b7b4de6513d
2025-04-01 15:24:07 - [Cluster 1 - CLIENT] - INFO - 
2025-04-01 15:24:07 - [Cluster 1 - CLIENT] - INFO - Received: train message 9053eaac-8994-45fa-841c-8742be3d4715
2025-04-01 15:24:07 - [Cluster 1 - CLIENT] - INFO - [Store 807] Starting local training.
2025-04-01 15:24:07 - [Cluster 1 - CLIENT] - INFO - [Store 562] Starting local training.
2025-04-01 15:24:07 - [Cluster 1 - CLIENT] - INFO - [Store 269] Starting local training.
2025-04-01 15:24:07 - [Cluster 1 - CLIENT] - INFO - [Store 211] Local training complete.
2025-04-01 15:24:07 - [Cluster 1 - CLIENT] - INFO - [Store 382] Local training complete.
2025-04-01 15:24:07 - [Cluster 1 - CLIENT] - INFO - Sent reply
2025-04-01 15:24:07 - [Cluster 1 - CLIENT] - INFO - 
2025-04-01 15:24:07 - [Cluster 1 - CLIENT] - INFO - Received: train message 69d70007-624a-4711-a0bd-1e32ac8311cb
2025-04-01 15:24:07 - [Cluster 1 - CLIENT] - INFO - Sent reply
2025-04-01 15:24:07 - [Cluster 1 - CLIENT] - INFO - 
2025-04-01 15:24:07 - [Cluster 1 - CLIENT] - INFO - Received: train message 5d21426d-7cc2-4771-95c3-e83baf537cc5
2025-04-01 15:24:07 - [Cluster 1 - CLIENT] - INFO - [Store 526] Starting local training.
2025-04-01 15:24:08 - [Cluster 1 - CLIENT] - INFO - [Store 753] Local training complete.
2025-04-01 15:24:08 - [Cluster 1 - CLIENT] - INFO - [Store 999] Starting local training.
2025-04-01 15:24:08 - [Cluster 1 - CLIENT] - INFO - Sent reply
2025-04-01 15:24:08 - [Cluster 1 - CLIENT] - INFO - 
2025-04-01 15:24:08 - [Cluster 1 - CLIENT] - INFO - Received: train message f7f8101b-2bc5-4e37-9e4f-9204aeed0a48
2025-04-01 15:24:08 - [Cluster 1 - CLIENT] - INFO - [Store 527] Starting local training.
2025-04-01 15:24:09 - [Cluster 1 - CLIENT] - INFO - [Store 207] Local training complete.
2025-04-01 15:24:09 - [Cluster 1 - CLIENT] - INFO - Sent reply
2025-04-01 15:24:09 - [Cluster 1 - CLIENT] - INFO - 
2025-04-01 15:24:09 - [Cluster 1 - CLIENT] - INFO - Received: train message 3b1b2ba3-b8cc-4445-8535-db3fccdfaa8a
2025-04-01 15:24:09 - [Cluster 1 - CLIENT] - INFO - [Store 579] Starting local training.
2025-04-01 15:24:09 - [Cluster 1 - CLIENT] - INFO - [Store 655] Local training complete.
2025-04-01 15:24:09 - [Cluster 1 - CLIENT] - INFO - Sent reply
2025-04-01 15:24:09 - [Cluster 1 - CLIENT] - INFO - 
2025-04-01 15:24:09 - [Cluster 1 - CLIENT] - INFO - Received: train message 252f6a71-4774-4bce-9ec5-07fd3bca1f2f
2025-04-01 15:24:09 - [Cluster 1 - CLIENT] - INFO - [Store 1033] Local training complete.
2025-04-01 15:24:09 - [Cluster 1 - CLIENT] - INFO - Sent reply
2025-04-01 15:24:09 - [Cluster 1 - CLIENT] - INFO - 
2025-04-01 15:24:09 - [Cluster 1 - CLIENT] - INFO - Received: train message 50b3d3b6-7dfa-4d4a-a9b0-d2600f2ad9aa
2025-04-01 15:24:09 - [Cluster 1 - CLIENT] - INFO - [Store 809] Starting local training.
2025-04-01 15:24:09 - [Cluster 1 - CLIENT] - INFO - [Store 665] Starting local training.
2025-04-01 15:24:10 - [Cluster 1 - CLIENT] - INFO - [Store 682] Local training complete.
2025-04-01 15:24:10 - [Cluster 1 - CLIENT] - INFO - Sent reply
2025-04-01 15:24:10 - [Cluster 1 - CLIENT] - INFO - 
2025-04-01 15:24:10 - [Cluster 1 - CLIENT] - INFO - Received: train message c3e87861-6ee1-4e61-8527-72e6a8440b3d
2025-04-01 15:24:10 - [Cluster 1 - CLIENT] - INFO - [Store 615] Starting local training.
2025-04-01 15:24:11 - [Cluster 1 - CLIENT] - INFO - [Store 849] Local training complete.
2025-04-01 15:24:11 - [Cluster 1 - CLIENT] - INFO - Sent reply
2025-04-01 15:24:11 - [Cluster 1 - CLIENT] - INFO - 
2025-04-01 15:24:11 - [Cluster 1 - CLIENT] - INFO - Received: train message 4fd21b3f-f75f-48b5-9a08-67f1763b0df8
2025-04-01 15:24:11 - [Cluster 1 - CLIENT] - INFO - [Store 699] Starting local training.
2025-04-01 15:24:11 - [Cluster 1 - CLIENT] - INFO - [Store 532] Local training complete.
2025-04-01 15:24:11 - [Cluster 1 - CLIENT] - INFO - Sent reply
2025-04-01 15:24:11 - [Cluster 1 - CLIENT] - INFO - 
2025-04-01 15:24:11 - [Cluster 1 - CLIENT] - INFO - Received: train message b8a40e3f-5e77-4a34-ab91-b9b8270a8baf
2025-04-01 15:24:11 - [Cluster 1 - CLIENT] - INFO - [Store 906] Starting local training.
2025-04-01 15:24:14 - [Cluster 1 - CLIENT] - INFO - [Store 384] Local training complete.
2025-04-01 15:24:14 - [Cluster 1 - CLIENT] - INFO - Sent reply
2025-04-01 15:24:14 - [Cluster 1 - CLIENT] - INFO - 
2025-04-01 15:24:14 - [Cluster 1 - CLIENT] - INFO - Received: train message f6798b73-adbd-4ffa-a771-03feff6c122a
2025-04-01 15:24:14 - [Cluster 1 - CLIENT] - INFO - [Store 938] Starting local training.
2025-04-01 15:27:26 - [Cluster 1 - CLIENT] - INFO - [Store 524] Local training complete.
2025-04-01 15:27:26 - [Cluster 1 - CLIENT] - INFO - Sent reply
2025-04-01 15:27:26 - [Cluster 1 - CLIENT] - INFO - [Store 608] Local training complete.
2025-04-01 15:27:26 - [Cluster 1 - CLIENT] - INFO - Sent reply
2025-04-01 15:27:28 - [Cluster 1 - CLIENT] - INFO - [Store 269] Local training complete.
2025-04-01 15:27:28 - [Cluster 1 - CLIENT] - INFO - Sent reply
2025-04-01 15:27:29 - [Cluster 1 - CLIENT] - INFO - [Store 527] Local training complete.
2025-04-01 15:27:29 - [Cluster 1 - CLIENT] - INFO - Sent reply
2025-04-01 15:27:30 - [Cluster 1 - CLIENT] - INFO - [Store 807] Local training complete.
2025-04-01 15:27:30 - [Cluster 1 - CLIENT] - INFO - Sent reply
2025-04-01 15:27:30 - [Cluster 1 - CLIENT] - INFO - [Store 938] Local training complete.
2025-04-01 15:27:30 - [Cluster 1 - CLIENT] - INFO - Sent reply
2025-04-01 15:27:30 - [Cluster 1 - CLIENT] - INFO - [Store 526] Local training complete.
2025-04-01 15:27:30 - [Cluster 1 - CLIENT] - INFO - [Store 562] Local training complete.
2025-04-01 15:27:30 - [Cluster 1 - CLIENT] - INFO - Sent reply
2025-04-01 15:27:30 - [Cluster 1 - CLIENT] - INFO - [Store 999] Local training complete.
2025-04-01 15:27:30 - [Cluster 1 - CLIENT] - INFO - Sent reply
2025-04-01 15:27:30 - [Cluster 1 - CLIENT] - INFO - Sent reply
2025-04-01 15:27:30 - [Cluster 1 - CLIENT] - INFO - [Store 699] Local training complete.
2025-04-01 15:27:30 - [Cluster 1 - CLIENT] - INFO - Sent reply
2025-04-01 15:27:30 - [Cluster 1 - CLIENT] - INFO - [Store 615] Local training complete.
2025-04-01 15:27:30 - [Cluster 1 - CLIENT] - INFO - Sent reply
2025-04-01 15:27:31 - [Cluster 1 - CLIENT] - INFO - [Store 906] Local training complete.
2025-04-01 15:27:31 - [Cluster 1 - CLIENT] - INFO - Sent reply
2025-04-01 15:27:31 - [Cluster 1 - CLIENT] - INFO - [Store 665] Local training complete.
2025-04-01 15:27:31 - [Cluster 1 - CLIENT] - INFO - [Store 579] Local training complete.
2025-04-01 15:27:31 - [Cluster 1 - CLIENT] - INFO - Sent reply
2025-04-01 15:27:31 - [Cluster 1 - CLIENT] - INFO - Sent reply
2025-04-01 15:27:33 - [Cluster 1 - CLIENT] - INFO - [Store 809] Local training complete.
2025-04-01 15:27:33 - [Cluster 1 - CLIENT] - INFO - Sent reply
2025-04-01 15:27:33 - [Cluster 1 - CLIENT] - INFO - 
2025-04-01 15:27:33 - [Cluster 1 - CLIENT] - INFO - Received: evaluate message 3ace31f9-2517-4471-be63-10efc3435310
2025-04-01 15:27:33 - [Cluster 1 - CLIENT] - INFO - 
2025-04-01 15:27:33 - [Cluster 1 - CLIENT] - INFO - Received: evaluate message d7db4d75-2c1c-4ce8-862a-b9fb39ce09f7
2025-04-01 15:27:33 - [Cluster 1 - CLIENT] - INFO - 
2025-04-01 15:27:33 - [Cluster 1 - CLIENT] - INFO - Received: evaluate message 5a58faac-7ecd-49de-9116-67b563c637da
2025-04-01 15:27:33 - [Cluster 1 - CLIENT] - INFO - 
2025-04-01 15:27:33 - [Cluster 1 - CLIENT] - INFO - Received: evaluate message e6f7a962-f3da-4cca-a295-8093e304fb61
2025-04-01 15:27:33 - [Cluster 1 - CLIENT] - INFO - 
2025-04-01 15:27:33 - [Cluster 1 - CLIENT] - INFO - Received: evaluate message 49b97213-96ad-4319-ab2c-1c802672e890
2025-04-01 15:27:33 - [Cluster 1 - CLIENT] - INFO - 
2025-04-01 15:27:33 - [Cluster 1 - CLIENT] - INFO - Received: evaluate message 7e593648-86a4-41b4-8657-1f9d4649fc0b
2025-04-01 15:27:33 - [Cluster 1 - CLIENT] - INFO - 
2025-04-01 15:27:33 - [Cluster 1 - CLIENT] - INFO - Received: evaluate message 1991c246-54ba-4f96-a2b1-838a98b739be
2025-04-01 15:27:33 - [Cluster 1 - CLIENT] - INFO - 
2025-04-01 15:27:33 - [Cluster 1 - CLIENT] - INFO - Received: evaluate message eac352a1-46b5-4be9-98f6-d7ea9c0578c9
2025-04-01 15:27:33 - [Cluster 1 - CLIENT] - INFO - 
2025-04-01 15:27:33 - [Cluster 1 - CLIENT] - INFO - Received: evaluate message a16dbd58-21d3-4b71-8f44-d905c847c5f7
2025-04-01 15:27:33 - [Cluster 1 - CLIENT] - INFO - 
2025-04-01 15:27:33 - [Cluster 1 - CLIENT] - INFO - Received: evaluate message 364736e8-6f1c-4748-abb5-cfceecc84178
2025-04-01 15:27:33 - [Cluster 1 - CLIENT] - INFO - 
2025-04-01 15:27:33 - [Cluster 1 - CLIENT] - INFO - 
2025-04-01 15:27:33 - [Cluster 1 - CLIENT] - INFO - Received: evaluate message 00dbebee-89d1-4639-a565-1d518cb3a88f
2025-04-01 15:27:33 - [Cluster 1 - CLIENT] - INFO - Received: evaluate message 83aec2ab-be10-49f0-9d55-6e1c10fa5ff6
2025-04-01 15:27:33 - [Cluster 1 - CLIENT] - INFO - 
2025-04-01 15:27:33 - [Cluster 1 - CLIENT] - INFO - Received: evaluate message 26c7594d-7276-4f8e-abe7-d6a00a4fa726
2025-04-01 15:27:33 - [Cluster 1 - CLIENT] - INFO - 
2025-04-01 15:27:33 - [Cluster 1 - CLIENT] - INFO - Received: evaluate message b65aca01-e214-4ae3-a15e-0c44f9a32e0a
2025-04-01 15:27:33 - [Cluster 1 - CLIENT] - INFO - 
2025-04-01 15:27:33 - [Cluster 1 - CLIENT] - INFO - Received: evaluate message f4f26583-e0ff-4243-9278-1ddd1077a195
2025-04-01 15:27:34 - [Cluster 1 - CLIENT] - INFO - [Store 526] Evaluation - Loss: 0.2058, MAE: 0.3208
2025-04-01 15:27:34 - [Cluster 1 - CLIENT] - INFO - Sent reply
2025-04-01 15:27:34 - [Cluster 1 - CLIENT] - INFO - 
2025-04-01 15:27:34 - [Cluster 1 - CLIENT] - INFO - Received: evaluate message 51869ee1-acb6-4fa8-b633-bdfe2bc66bec
2025-04-01 15:27:34 - [Cluster 1 - CLIENT] - INFO - [Store 524] Evaluation - Loss: 0.2412, MAE: 0.3081
2025-04-01 15:27:34 - [Cluster 1 - CLIENT] - INFO - Sent reply
2025-04-01 15:27:34 - [Cluster 1 - CLIENT] - INFO - [Store 753] Evaluation - Loss: 0.2214, MAE: 0.3154
2025-04-01 15:27:34 - [Cluster 1 - CLIENT] - INFO - Sent reply
2025-04-01 15:27:34 - [Cluster 1 - CLIENT] - INFO - 
2025-04-01 15:27:34 - [Cluster 1 - CLIENT] - INFO - Received: evaluate message 389b583a-94f4-45ea-9ca6-19c19515cee8
2025-04-01 15:27:34 - [Cluster 1 - CLIENT] - INFO - 
2025-04-01 15:27:34 - [Cluster 1 - CLIENT] - INFO - Received: evaluate message b86411d1-9e82-4a41-95c0-b8eab58c000a
2025-04-01 15:27:34 - [Cluster 1 - CLIENT] - INFO - [Store 608] Evaluation - Loss: 0.2695, MAE: 0.3721
2025-04-01 15:27:34 - [Cluster 1 - CLIENT] - INFO - [Store 755] Evaluation - Loss: 0.2477, MAE: 0.3250
2025-04-01 15:27:34 - [Cluster 1 - CLIENT] - INFO - Sent reply
2025-04-01 15:27:34 - [Cluster 1 - CLIENT] - INFO - Sent reply
2025-04-01 15:27:34 - [Cluster 1 - CLIENT] - INFO - [Store 431] Evaluation - Loss: 0.2923, MAE: 0.3620
2025-04-01 15:27:34 - [Cluster 1 - CLIENT] - INFO - Sent reply
2025-04-01 15:27:34 - [Cluster 1 - CLIENT] - INFO - [Store 906] Evaluation - Loss: 0.2111, MAE: 0.2833
2025-04-01 15:27:34 - [Cluster 1 - CLIENT] - INFO - [Store 699] Evaluation - Loss: 0.3941, MAE: 0.3851
2025-04-01 15:27:34 - [Cluster 1 - CLIENT] - INFO - Sent reply
2025-04-01 15:27:34 - [Cluster 1 - CLIENT] - INFO - Sent reply
2025-04-01 15:27:34 - [Cluster 1 - CLIENT] - INFO - [Store 938] Evaluation - Loss: 0.2141, MAE: 0.2849
2025-04-01 15:27:34 - [Cluster 1 - CLIENT] - INFO - 
2025-04-01 15:27:34 - [Cluster 1 - CLIENT] - INFO - Received: evaluate message 693e26ed-47c4-4c74-af1e-7b2a6e082a38
2025-04-01 15:27:34 - [Cluster 1 - CLIENT] - INFO - Sent reply
2025-04-01 15:27:34 - [Cluster 1 - CLIENT] - INFO - 
2025-04-01 15:27:34 - [Cluster 1 - CLIENT] - INFO - Received: evaluate message 864950b4-b4cb-4813-91df-b6491da08784
2025-04-01 15:27:34 - [Cluster 1 - CLIENT] - INFO - 
2025-04-01 15:27:34 - [Cluster 1 - CLIENT] - INFO - Received: evaluate message 68d7ceb1-b4ca-4b84-a972-919d4c233e35
2025-04-01 15:27:34 - [Cluster 1 - CLIENT] - INFO - [Store 382] Evaluation - Loss: 0.2020, MAE: 0.3177
2025-04-01 15:27:34 - [Cluster 1 - CLIENT] - INFO - 
2025-04-01 15:27:34 - [Cluster 1 - CLIENT] - INFO - Received: evaluate message 3da086ca-c8d0-4feb-96f8-3dc96118b778
2025-04-01 15:27:34 - [Cluster 1 - CLIENT] - INFO - Sent reply
2025-04-01 15:27:34 - [Cluster 1 - CLIENT] - INFO - [Store 1033] Evaluation - Loss: 0.2323, MAE: 0.3350
2025-04-01 15:27:34 - [Cluster 1 - CLIENT] - INFO - Sent reply
2025-04-01 15:27:34 - [Cluster 1 - CLIENT] - INFO - [Store 211] Evaluation - Loss: 0.2564, MAE: 0.3674
2025-04-01 15:27:34 - [Cluster 1 - CLIENT] - INFO - Sent reply
2025-04-01 15:27:34 - [Cluster 1 - CLIENT] - INFO - [Store 682] Evaluation - Loss: 0.3253, MAE: 0.4448
2025-04-01 15:27:34 - [Cluster 1 - CLIENT] - INFO - 
2025-04-01 15:27:34 - [Cluster 1 - CLIENT] - INFO - Received: evaluate message 736fd5c6-fbb1-4601-80fc-2b451d0468e4
2025-04-01 15:27:34 - [Cluster 1 - CLIENT] - INFO - Sent reply
2025-04-01 15:27:34 - [Cluster 1 - CLIENT] - INFO - 
2025-04-01 15:27:34 - [Cluster 1 - CLIENT] - INFO - Received: evaluate message 66f35cd6-1aee-4ecb-b685-b9fa0d2429a4
2025-04-01 15:27:34 - [Cluster 1 - CLIENT] - INFO - 
2025-04-01 15:27:34 - [Cluster 1 - CLIENT] - INFO - [Store 207] Evaluation - Loss: 0.1922, MAE: 0.2977
2025-04-01 15:27:34 - [Cluster 1 - CLIENT] - INFO - Received: evaluate message 0fe269ae-b63e-41f2-a8d5-57f5c41a44a4
2025-04-01 15:27:34 - [Cluster 1 - CLIENT] - INFO - [Store 914] Evaluation - Loss: 0.2155, MAE: 0.3089
2025-04-01 15:27:34 - [Cluster 1 - CLIENT] - INFO - Sent reply
2025-04-01 15:27:34 - [Cluster 1 - CLIENT] - INFO - 
2025-04-01 15:27:34 - [Cluster 1 - CLIENT] - INFO - Received: evaluate message ae66f07f-5424-4864-89af-f2704bb88ccf
2025-04-01 15:27:34 - [Cluster 1 - CLIENT] - INFO - Sent reply
2025-04-01 15:27:34 - [Cluster 1 - CLIENT] - INFO - 
2025-04-01 15:27:34 - [Cluster 1 - CLIENT] - INFO - Received: evaluate message d5741588-6727-44ed-be99-b3cd2e118b7d
2025-04-01 15:27:34 - [Cluster 1 - CLIENT] - INFO - 
2025-04-01 15:27:34 - [Cluster 1 - CLIENT] - INFO - Received: evaluate message efcc02e1-f7fe-41ef-81ac-c5db9b7876c1
2025-04-01 15:27:34 - [Cluster 1 - CLIENT] - INFO - 
2025-04-01 15:27:34 - [Cluster 1 - CLIENT] - INFO - 
2025-04-01 15:27:34 - [Cluster 1 - CLIENT] - INFO - Received: evaluate message 475e5afd-31c4-48a6-b8b4-3e57ef33f927
2025-04-01 15:27:34 - [Cluster 1 - CLIENT] - INFO - Received: evaluate message ea0fac3f-c8b2-41ba-a94e-1362f7421903
2025-04-01 15:27:35 - [Cluster 1 - CLIENT] - INFO - [Store 579] Evaluation - Loss: 0.1944, MAE: 0.2752
2025-04-01 15:27:35 - [Cluster 1 - CLIENT] - INFO - Sent reply
2025-04-01 15:27:35 - [Cluster 1 - CLIENT] - INFO - [Store 532] Evaluation - Loss: 0.3738, MAE: 0.4102
2025-04-01 15:27:35 - [Cluster 1 - CLIENT] - INFO - [Store 809] Evaluation - Loss: 0.2851, MAE: 0.3780
2025-04-01 15:27:35 - [Cluster 1 - CLIENT] - INFO - Sent reply
2025-04-01 15:27:35 - [Cluster 1 - CLIENT] - INFO - Sent reply
2025-04-01 15:27:35 - [Cluster 1 - CLIENT] - INFO - [Store 665] Evaluation - Loss: 0.2247, MAE: 0.3009
2025-04-01 15:27:35 - [Cluster 1 - CLIENT] - INFO - [Store 562] Evaluation - Loss: 0.4596, MAE: 0.5267
2025-04-01 15:27:35 - [Cluster 1 - CLIENT] - INFO - Sent reply
2025-04-01 15:27:35 - [Cluster 1 - CLIENT] - INFO - [Store 807] Evaluation - Loss: 0.2775, MAE: 0.3483
2025-04-01 15:27:35 - [Cluster 1 - CLIENT] - INFO - Sent reply
2025-04-01 15:27:35 - [Cluster 1 - CLIENT] - INFO - Sent reply
2025-04-01 15:27:35 - [Cluster 1 - CLIENT] - INFO - [Store 269] Evaluation - Loss: 0.2506, MAE: 0.3421
2025-04-01 15:27:35 - [Cluster 1 - CLIENT] - INFO - [Store 195] Evaluation - Loss: 0.2864, MAE: 0.3567
2025-04-01 15:27:35 - [Cluster 1 - CLIENT] - INFO - Sent reply
2025-04-01 15:27:35 - [Cluster 1 - CLIENT] - INFO - [Store 384] Evaluation - Loss: 0.2538, MAE: 0.3652
2025-04-01 15:27:35 - [Cluster 1 - CLIENT] - INFO - Sent reply
2025-04-01 15:27:35 - [Cluster 1 - CLIENT] - INFO - Sent reply
2025-04-01 15:27:35 - [Cluster 1 - CLIENT] - INFO - [Store 106] Evaluation - Loss: 0.2031, MAE: 0.3159
2025-04-01 15:27:35 - [Cluster 1 - CLIENT] - INFO - Sent reply
2025-04-01 15:27:35 - [Cluster 1 - CLIENT] - INFO - [Store 849] Evaluation - Loss: 0.2180, MAE: 0.3080
2025-04-01 15:27:35 - [Cluster 1 - CLIENT] - INFO - [Store 615] Evaluation - Loss: 0.2079, MAE: 0.2656
2025-04-01 15:27:35 - [Cluster 1 - CLIENT] - INFO - Sent reply
2025-04-01 15:27:35 - [Cluster 1 - CLIENT] - INFO - Sent reply
2025-04-01 15:27:35 - [Cluster 1 - CLIENT] - INFO - [Store 999] Evaluation - Loss: 0.2151, MAE: 0.3320
2025-04-01 15:27:35 - [Cluster 1 - CLIENT] - INFO - Sent reply
2025-04-01 15:27:35 - [Cluster 1 - CLIENT] - INFO - [Store 655] Evaluation - Loss: 0.3468, MAE: 0.4145
2025-04-01 15:27:35 - [Cluster 1 - CLIENT] - INFO - Sent reply
2025-04-01 15:27:35 - [Cluster 1 - CLIENT] - INFO - [Store 527] Evaluation - Loss: 0.2671, MAE: 0.3368
2025-04-01 15:27:35 - [Cluster 1 - CLIENT] - INFO - Sent reply
2025-04-01 15:27:35 - [Cluster 1 - CLIENT] - INFO - 
2025-04-01 15:27:35 - [Cluster 1 - CLIENT] - INFO - Received: train message a8723ad2-2810-4cea-9cfb-4559a501b309
2025-04-01 15:27:35 - [Cluster 1 - CLIENT] - INFO - 
2025-04-01 15:27:35 - [Cluster 1 - CLIENT] - INFO - Received: train message d4d6e2b5-6735-47b3-99b1-a32dab99321d
2025-04-01 15:27:35 - [Cluster 1 - CLIENT] - INFO - 
2025-04-01 15:27:35 - [Cluster 1 - CLIENT] - INFO - Received: train message efd13242-ed0f-43d6-b9a7-60ee62a7054f
2025-04-01 15:27:35 - [Cluster 1 - CLIENT] - INFO - 
2025-04-01 15:27:35 - [Cluster 1 - CLIENT] - INFO - Received: train message b7da6203-5f2d-4fdc-bd45-9d9f9cf3b845
2025-04-01 15:27:35 - [Cluster 1 - CLIENT] - INFO - 
2025-04-01 15:27:35 - [Cluster 1 - CLIENT] - INFO - Received: train message 2ab54d7d-574c-44e0-ad1b-e154dfc04d9a
2025-04-01 15:27:35 - [Cluster 1 - CLIENT] - INFO - 
2025-04-01 15:27:35 - [Cluster 1 - CLIENT] - INFO - Received: train message 0f6485d7-55b1-43f2-9a98-f3445b928092
2025-04-01 15:27:35 - [Cluster 1 - CLIENT] - INFO - 
2025-04-01 15:27:35 - [Cluster 1 - CLIENT] - INFO - Received: train message 0dfd4be5-0243-4844-8412-710e1f7f919e
2025-04-01 15:27:35 - [Cluster 1 - CLIENT] - INFO - [Store 665] Starting local training.
2025-04-01 15:27:35 - [Cluster 1 - CLIENT] - INFO - 
2025-04-01 15:27:35 - [Cluster 1 - CLIENT] - INFO - Received: train message 52c4bc1a-fad5-4aa3-864c-323312c75b1b
2025-04-01 15:27:35 - [Cluster 1 - CLIENT] - INFO - 
2025-04-01 15:27:35 - [Cluster 1 - CLIENT] - INFO - Received: train message 85edf60f-f778-44bd-ae7d-15c800172dd8
2025-04-01 15:27:35 - [Cluster 1 - CLIENT] - INFO - 
2025-04-01 15:27:35 - [Cluster 1 - CLIENT] - INFO - Received: train message a5bfd880-6c2a-46e6-9e7b-e32a2e5caa58
2025-04-01 15:27:35 - [Cluster 1 - CLIENT] - INFO - 
2025-04-01 15:27:35 - [Cluster 1 - CLIENT] - INFO - Received: train message 5356d624-a84e-4722-8f24-52ee8fed356a
2025-04-01 15:27:35 - [Cluster 1 - CLIENT] - INFO - [Store 532] Starting local training.
2025-04-01 15:27:35 - [Cluster 1 - CLIENT] - INFO - [Store 384] Starting local training.
2025-04-01 15:27:35 - [Cluster 1 - CLIENT] - INFO - [Store 524] Starting local training.
2025-04-01 15:27:35 - [Cluster 1 - CLIENT] - INFO - 
2025-04-01 15:27:35 - [Cluster 1 - CLIENT] - INFO - Received: train message a98a9518-91d7-4a1c-b8f9-539d7efaed92
2025-04-01 15:27:35 - [Cluster 1 - CLIENT] - INFO - [Store 526] Starting local training.
2025-04-01 15:27:35 - [Cluster 1 - CLIENT] - INFO - 
2025-04-01 15:27:35 - [Cluster 1 - CLIENT] - INFO - Received: train message a3fc57dc-012a-4412-bd1f-0cff2bbc4405
2025-04-01 15:27:35 - [Cluster 1 - CLIENT] - INFO - 
2025-04-01 15:27:35 - [Cluster 1 - CLIENT] - INFO - Received: train message 7ef4fd2d-e5e6-40c7-88d3-0b579eac4669
2025-04-01 15:27:35 - [Cluster 1 - CLIENT] - INFO - [Store 211] Starting local training.
2025-04-01 15:27:35 - [Cluster 1 - CLIENT] - INFO - 
2025-04-01 15:27:35 - [Cluster 1 - CLIENT] - INFO - Received: train message 0183800b-0c9e-441b-a96e-263c91089885
2025-04-01 15:27:35 - [Cluster 1 - CLIENT] - INFO - [Store 269] Starting local training.
2025-04-01 15:27:35 - [Cluster 1 - CLIENT] - INFO - [Store 699] Starting local training.
2025-04-01 15:27:35 - [Cluster 1 - CLIENT] - INFO - [Store 615] Starting local training.
2025-04-01 15:27:35 - [Cluster 1 - CLIENT] - INFO - [Store 562] Starting local training.
2025-04-01 15:27:35 - [Cluster 1 - CLIENT] - INFO - [Store 682] Starting local training.
2025-04-01 15:27:35 - [Cluster 1 - CLIENT] - INFO - [Store 807] Starting local training.
2025-04-01 15:27:35 - [Cluster 1 - CLIENT] - INFO - [Store 195] Starting local training.
2025-04-01 15:27:35 - [Cluster 1 - CLIENT] - INFO - [Store 106] Starting local training.
2025-04-01 15:27:35 - [Cluster 1 - CLIENT] - INFO - [Store 655] Starting local training.
2025-04-01 15:31:06 - [Cluster 1 - CLIENT] - INFO - [Store 269] Local training complete.
2025-04-01 15:31:06 - [Cluster 1 - CLIENT] - INFO - Sent reply
2025-04-01 15:31:06 - [Cluster 1 - CLIENT] - INFO - 
2025-04-01 15:31:06 - [Cluster 1 - CLIENT] - INFO - Received: train message a6eb4311-cff7-4f45-80ca-8f807ecc6380
2025-04-01 15:31:06 - [Cluster 1 - CLIENT] - INFO - [Store 809] Starting local training.
2025-04-01 15:31:06 - [Cluster 1 - CLIENT] - INFO - [Store 807] Local training complete.
2025-04-01 15:31:06 - [Cluster 1 - CLIENT] - INFO - Sent reply
2025-04-01 15:31:06 - [Cluster 1 - CLIENT] - INFO - 
2025-04-01 15:31:06 - [Cluster 1 - CLIENT] - INFO - Received: train message 4b7a39dd-adef-4c78-be0d-191a1fcd84fe
2025-04-01 15:31:06 - [Cluster 1 - CLIENT] - INFO - [Store 527] Starting local training.
2025-04-01 15:31:06 - [Cluster 1 - CLIENT] - INFO - [Store 665] Local training complete.
2025-04-01 15:31:06 - [Cluster 1 - CLIENT] - INFO - Sent reply
2025-04-01 15:31:06 - [Cluster 1 - CLIENT] - INFO - 
2025-04-01 15:31:06 - [Cluster 1 - CLIENT] - INFO - Received: train message b9867a77-a3b3-494f-bba3-6f07bd117cc0
2025-04-01 15:31:06 - [Cluster 1 - CLIENT] - INFO - [Store 938] Starting local training.
2025-04-01 15:31:06 - [Cluster 1 - CLIENT] - INFO - [Store 562] Local training complete.
2025-04-01 15:31:06 - [Cluster 1 - CLIENT] - INFO - Sent reply
2025-04-01 15:31:06 - [Cluster 1 - CLIENT] - INFO - 
2025-04-01 15:31:06 - [Cluster 1 - CLIENT] - INFO - Received: train message b0e41dbf-3d4c-4777-bb0e-483be17883bb
2025-04-01 15:31:06 - [Cluster 1 - CLIENT] - INFO - [Store 1033] Starting local training.
2025-04-01 15:31:06 - [Cluster 1 - CLIENT] - INFO - [Store 615] Local training complete.
2025-04-01 15:31:06 - [Cluster 1 - CLIENT] - INFO - Sent reply
2025-04-01 15:31:06 - [Cluster 1 - CLIENT] - INFO - 
2025-04-01 15:31:06 - [Cluster 1 - CLIENT] - INFO - Received: train message 956e456b-f755-46c9-aef8-28db2252e70f
2025-04-01 15:31:06 - [Cluster 1 - CLIENT] - INFO - [Store 608] Starting local training.
2025-04-01 15:31:07 - [Cluster 1 - CLIENT] - INFO - [Store 195] Local training complete.
2025-04-01 15:31:07 - [Cluster 1 - CLIENT] - INFO - Sent reply
2025-04-01 15:31:07 - [Cluster 1 - CLIENT] - INFO - 
2025-04-01 15:31:07 - [Cluster 1 - CLIENT] - INFO - Received: train message d1aa89ac-7005-4049-abdd-2c325a3cb93e
2025-04-01 15:31:07 - [Cluster 1 - CLIENT] - INFO - [Store 431] Starting local training.
2025-04-01 15:31:07 - [Cluster 1 - CLIENT] - INFO - [Store 384] Local training complete.
2025-04-01 15:31:07 - [Cluster 1 - CLIENT] - INFO - Sent reply
2025-04-01 15:31:08 - [Cluster 1 - CLIENT] - INFO - 
2025-04-01 15:31:08 - [Cluster 1 - CLIENT] - INFO - Received: train message ee07782e-2d3f-4f05-8fe8-c5a1bea385dd
2025-04-01 15:31:08 - [Cluster 1 - CLIENT] - INFO - [Store 207] Starting local training.
2025-04-01 15:31:09 - [Cluster 1 - CLIENT] - INFO - [Store 699] Local training complete.
2025-04-01 15:31:09 - [Cluster 1 - CLIENT] - INFO - Sent reply
2025-04-01 15:31:09 - [Cluster 1 - CLIENT] - INFO - 
2025-04-01 15:31:09 - [Cluster 1 - CLIENT] - INFO - Received: train message aa560bd6-e35d-436c-857f-23bc97d15cff
2025-04-01 15:31:10 - [Cluster 1 - CLIENT] - INFO - [Store 532] Local training complete.
2025-04-01 15:31:10 - [Cluster 1 - CLIENT] - INFO - [Store 382] Starting local training.
2025-04-01 15:31:10 - [Cluster 1 - CLIENT] - INFO - [Store 655] Local training complete.
2025-04-01 15:31:10 - [Cluster 1 - CLIENT] - INFO - Sent reply
2025-04-01 15:31:10 - [Cluster 1 - CLIENT] - INFO - 
2025-04-01 15:31:10 - [Cluster 1 - CLIENT] - INFO - Received: train message f104ca8a-7844-4019-8104-5d333582df58
2025-04-01 15:31:10 - [Cluster 1 - CLIENT] - INFO - [Store 849] Starting local training.
2025-04-01 15:31:10 - [Cluster 1 - CLIENT] - INFO - Sent reply
2025-04-01 15:31:10 - [Cluster 1 - CLIENT] - INFO - 
2025-04-01 15:31:10 - [Cluster 1 - CLIENT] - INFO - Received: train message 500fc54c-ef09-4327-a2eb-ffe9c938d949
2025-04-01 15:31:10 - [Cluster 1 - CLIENT] - INFO - [Store 579] Starting local training.
2025-04-01 15:31:11 - [Cluster 1 - CLIENT] - INFO - [Store 211] Local training complete.
2025-04-01 15:31:11 - [Cluster 1 - CLIENT] - INFO - Sent reply
2025-04-01 15:31:11 - [Cluster 1 - CLIENT] - INFO - 
2025-04-01 15:31:11 - [Cluster 1 - CLIENT] - INFO - Received: train message 84b84e79-57c9-4656-8e1a-47f26fe69930
2025-04-01 15:31:11 - [Cluster 1 - CLIENT] - INFO - [Store 753] Starting local training.
2025-04-01 15:31:12 - [Cluster 1 - CLIENT] - INFO - [Store 524] Local training complete.
2025-04-01 15:31:12 - [Cluster 1 - CLIENT] - INFO - [Store 526] Local training complete.
2025-04-01 15:31:12 - [Cluster 1 - CLIENT] - INFO - Sent reply
2025-04-01 15:31:12 - [Cluster 1 - CLIENT] - INFO - 
2025-04-01 15:31:12 - [Cluster 1 - CLIENT] - INFO - Received: train message 88a92b24-127c-47ad-8328-56282832ea3e
2025-04-01 15:31:12 - [Cluster 1 - CLIENT] - INFO - [Store 906] Starting local training.
2025-04-01 15:31:13 - [Cluster 1 - CLIENT] - INFO - Sent reply
2025-04-01 15:31:13 - [Cluster 1 - CLIENT] - INFO - 
2025-04-01 15:31:13 - [Cluster 1 - CLIENT] - INFO - Received: train message 12cceeb1-1c38-4e4f-8be3-df82bf27ffb4
2025-04-01 15:31:13 - [Cluster 1 - CLIENT] - INFO - [Store 999] Starting local training.
2025-04-01 15:31:13 - [Cluster 1 - CLIENT] - INFO - [Store 106] Local training complete.
2025-04-01 15:31:13 - [Cluster 1 - CLIENT] - INFO - Sent reply
2025-04-01 15:31:13 - [Cluster 1 - CLIENT] - INFO - 
2025-04-01 15:31:13 - [Cluster 1 - CLIENT] - INFO - Received: train message f85fb70c-f7d4-4243-a38e-6c5cc5ef60a2
2025-04-01 15:31:14 - [Cluster 1 - CLIENT] - INFO - [Store 755] Starting local training.
2025-04-01 15:31:41 - [Cluster 1 - CLIENT] - INFO - [Store 682] Local training complete.
2025-04-01 15:31:41 - [Cluster 1 - CLIENT] - INFO - Sent reply
2025-04-01 15:31:41 - [Cluster 1 - CLIENT] - INFO - 
2025-04-01 15:31:41 - [Cluster 1 - CLIENT] - INFO - Received: train message 7ff7fc58-d1be-49af-baa6-2b97af556127
2025-04-01 15:31:41 - [Cluster 1 - CLIENT] - INFO - [Store 914] Starting local training.
2025-04-01 15:34:43 - [Cluster 1 - CLIENT] - INFO - [Store 527] Local training complete.
2025-04-01 15:34:44 - [Cluster 1 - CLIENT] - INFO - Sent reply
2025-04-01 15:34:44 - [Cluster 1 - CLIENT] - INFO - [Store 431] Local training complete.
2025-04-01 15:34:44 - [Cluster 1 - CLIENT] - INFO - Sent reply
2025-04-01 15:34:45 - [Cluster 1 - CLIENT] - INFO - [Store 809] Local training complete.
2025-04-01 15:34:45 - [Cluster 1 - CLIENT] - INFO - Sent reply
2025-04-01 15:34:46 - [Cluster 1 - CLIENT] - INFO - [Store 1033] Local training complete.
2025-04-01 15:34:46 - [Cluster 1 - CLIENT] - INFO - Sent reply
2025-04-01 15:34:46 - [Cluster 1 - CLIENT] - INFO - [Store 382] Local training complete.
2025-04-01 15:34:46 - [Cluster 1 - CLIENT] - INFO - Sent reply
2025-04-01 15:34:47 - [Cluster 1 - CLIENT] - INFO - [Store 207] Local training complete.
2025-04-01 15:34:47 - [Cluster 1 - CLIENT] - INFO - [Store 755] Local training complete.
2025-04-01 15:34:47 - [Cluster 1 - CLIENT] - INFO - Sent reply
2025-04-01 15:34:47 - [Cluster 1 - CLIENT] - INFO - Sent reply
2025-04-01 15:34:48 - [Cluster 1 - CLIENT] - INFO - [Store 849] Local training complete.
2025-04-01 15:34:48 - [Cluster 1 - CLIENT] - INFO - Sent reply
2025-04-01 15:34:48 - [Cluster 1 - CLIENT] - INFO - [Store 579] Local training complete.
2025-04-01 15:34:48 - [Cluster 1 - CLIENT] - INFO - Sent reply
2025-04-01 15:34:48 - [Cluster 1 - CLIENT] - INFO - [Store 753] Local training complete.
2025-04-01 15:34:48 - [Cluster 1 - CLIENT] - INFO - Sent reply
2025-04-01 15:34:48 - [Cluster 1 - CLIENT] - INFO - [Store 608] Local training complete.
2025-04-01 15:34:48 - [Cluster 1 - CLIENT] - INFO - Sent reply
2025-04-01 15:34:49 - [Cluster 1 - CLIENT] - INFO - [Store 999] Local training complete.
2025-04-01 15:34:49 - [Cluster 1 - CLIENT] - INFO - Sent reply
2025-04-01 15:34:49 - [Cluster 1 - CLIENT] - INFO - [Store 906] Local training complete.
2025-04-01 15:34:49 - [Cluster 1 - CLIENT] - INFO - Sent reply
2025-04-01 15:34:50 - [Cluster 1 - CLIENT] - INFO - [Store 938] Local training complete.
2025-04-01 15:34:51 - [Cluster 1 - CLIENT] - INFO - Sent reply
2025-04-01 15:34:51 - [Cluster 1 - CLIENT] - INFO - [Store 914] Local training complete.
2025-04-01 15:34:51 - [Cluster 1 - CLIENT] - INFO - Sent reply
2025-04-01 15:34:51 - [Cluster 1 - CLIENT] - INFO - 
2025-04-01 15:34:51 - [Cluster 1 - CLIENT] - INFO - Received: evaluate message b140db56-e3e2-4a7b-a819-67275a925c18
2025-04-01 15:34:51 - [Cluster 1 - CLIENT] - INFO - 
2025-04-01 15:34:51 - [Cluster 1 - CLIENT] - INFO - Received: evaluate message f01f38ff-84c5-4853-ac15-b623d38e3017
2025-04-01 15:34:51 - [Cluster 1 - CLIENT] - INFO - 
2025-04-01 15:34:51 - [Cluster 1 - CLIENT] - INFO - Received: evaluate message 4621b102-17a4-4869-a355-ac27e008dc08
2025-04-01 15:34:51 - [Cluster 1 - CLIENT] - INFO - 
2025-04-01 15:34:51 - [Cluster 1 - CLIENT] - INFO - Received: evaluate message 43f46744-beab-4d1b-9a7c-bc9501579a25
2025-04-01 15:34:51 - [Cluster 1 - CLIENT] - INFO - 
2025-04-01 15:34:51 - [Cluster 1 - CLIENT] - INFO - Received: evaluate message 0a3bb43d-a9cd-43af-9f96-2d309d8a6e2c
2025-04-01 15:34:51 - [Cluster 1 - CLIENT] - INFO - 
2025-04-01 15:34:51 - [Cluster 1 - CLIENT] - INFO - Received: evaluate message e428bb66-9e6d-4858-b082-74d6ec9a12dc
2025-04-01 15:34:51 - [Cluster 1 - CLIENT] - INFO - 
2025-04-01 15:34:51 - [Cluster 1 - CLIENT] - INFO - Received: evaluate message b79f4ffc-2f05-497a-8075-1e2463d299fe
2025-04-01 15:34:51 - [Cluster 1 - CLIENT] - INFO - 
2025-04-01 15:34:51 - [Cluster 1 - CLIENT] - INFO - Received: evaluate message 45fcaa1c-bca7-4e3f-a524-11f16a735e5d
2025-04-01 15:34:51 - [Cluster 1 - CLIENT] - INFO - 
2025-04-01 15:34:51 - [Cluster 1 - CLIENT] - INFO - Received: evaluate message f95dc749-5605-405b-aadb-e62632d3494c
2025-04-01 15:34:51 - [Cluster 1 - CLIENT] - INFO - 
2025-04-01 15:34:51 - [Cluster 1 - CLIENT] - INFO - Received: evaluate message 1746906b-125b-4550-9a91-8587b7898e72
2025-04-01 15:34:51 - [Cluster 1 - CLIENT] - INFO - 
2025-04-01 15:34:51 - [Cluster 1 - CLIENT] - INFO - Received: evaluate message 622ec103-647c-44de-a4b5-9b77d67c8571
2025-04-01 15:34:51 - [Cluster 1 - CLIENT] - INFO - 
2025-04-01 15:34:51 - [Cluster 1 - CLIENT] - INFO - Received: evaluate message d4920be0-4912-404e-9dc4-585a01d2c442
2025-04-01 15:34:51 - [Cluster 1 - CLIENT] - INFO - 
2025-04-01 15:34:51 - [Cluster 1 - CLIENT] - INFO - Received: evaluate message 74893f81-3ada-404f-a3f8-9d6f735c6861
2025-04-01 15:34:51 - [Cluster 1 - CLIENT] - INFO - 
2025-04-01 15:34:51 - [Cluster 1 - CLIENT] - INFO - Received: evaluate message 6ce9190e-58ec-4a4e-9d94-07d4ad219ec1
2025-04-01 15:34:51 - [Cluster 1 - CLIENT] - INFO - 
2025-04-01 15:34:51 - [Cluster 1 - CLIENT] - INFO - Received: evaluate message a6623539-960f-44cd-88c6-bf0c47582780
2025-04-01 15:34:52 - [Cluster 1 - CLIENT] - INFO - [Store 382] Evaluation - Loss: 0.1782, MAE: 0.2692
2025-04-01 15:34:52 - [Cluster 1 - CLIENT] - INFO - Sent reply
2025-04-01 15:34:52 - [Cluster 1 - CLIENT] - INFO - 
2025-04-01 15:34:52 - [Cluster 1 - CLIENT] - INFO - Received: evaluate message 7045728f-a4c8-4be4-8090-a27485646320
2025-04-01 15:34:52 - [Cluster 1 - CLIENT] - INFO - [Store 1033] Evaluation - Loss: 0.2002, MAE: 0.2889
2025-04-01 15:34:52 - [Cluster 1 - CLIENT] - INFO - Sent reply
2025-04-01 15:34:52 - [Cluster 1 - CLIENT] - INFO - 
2025-04-01 15:34:52 - [Cluster 1 - CLIENT] - INFO - Received: evaluate message 5fc9da74-f686-4719-828c-b790a10d3c21
2025-04-01 15:34:52 - [Cluster 1 - CLIENT] - INFO - [Store 914] Evaluation - Loss: 0.1883, MAE: 0.2698
2025-04-01 15:34:52 - [Cluster 1 - CLIENT] - INFO - Sent reply
2025-04-01 15:34:52 - [Cluster 1 - CLIENT] - INFO - 
2025-04-01 15:34:52 - [Cluster 1 - CLIENT] - INFO - Received: evaluate message ae6fac67-3027-432f-9f46-f23d2b8bedc5
2025-04-01 15:34:52 - [Cluster 1 - CLIENT] - INFO - [Store 753] Evaluation - Loss: 0.2046, MAE: 0.2761
2025-04-01 15:34:52 - [Cluster 1 - CLIENT] - INFO - Sent reply
2025-04-01 15:34:52 - [Cluster 1 - CLIENT] - INFO - 
2025-04-01 15:34:52 - [Cluster 1 - CLIENT] - INFO - Received: evaluate message 3ef3053e-1ddb-4e0e-b564-698101595144
2025-04-01 15:34:52 - [Cluster 1 - CLIENT] - INFO - [Store 938] Evaluation - Loss: 0.1904, MAE: 0.2516
2025-04-01 15:34:52 - [Cluster 1 - CLIENT] - INFO - Sent reply
2025-04-01 15:34:52 - [Cluster 1 - CLIENT] - INFO - 
2025-04-01 15:34:52 - [Cluster 1 - CLIENT] - INFO - Received: evaluate message 55ae9f30-622a-42fd-837e-2c7a88eb37b6
2025-04-01 15:34:52 - [Cluster 1 - CLIENT] - INFO - [Store 579] Evaluation - Loss: 0.1775, MAE: 0.2587
2025-04-01 15:34:52 - [Cluster 1 - CLIENT] - INFO - Sent reply
2025-04-01 15:34:52 - [Cluster 1 - CLIENT] - INFO - 
2025-04-01 15:34:52 - [Cluster 1 - CLIENT] - INFO - Received: evaluate message 435c4e23-3b18-45c7-bd57-0344e121583d
2025-04-01 15:34:53 - [Cluster 1 - CLIENT] - INFO - [Store 849] Evaluation - Loss: 0.2039, MAE: 0.2881
2025-04-01 15:34:53 - [Cluster 1 - CLIENT] - INFO - Sent reply
2025-04-01 15:34:53 - [Cluster 1 - CLIENT] - INFO - 
2025-04-01 15:34:53 - [Cluster 1 - CLIENT] - INFO - Received: evaluate message 3716e702-28e5-42ee-bcd4-edae542d390b
2025-04-01 15:34:53 - [Cluster 1 - CLIENT] - INFO - [Store 809] Evaluation - Loss: 0.2579, MAE: 0.3361
2025-04-01 15:34:53 - [Cluster 1 - CLIENT] - INFO - [Store 906] Evaluation - Loss: 0.1926, MAE: 0.2494
2025-04-01 15:34:53 - [Cluster 1 - CLIENT] - INFO - Sent reply
2025-04-01 15:34:53 - [Cluster 1 - CLIENT] - INFO - [Store 106] Evaluation - Loss: 0.1876, MAE: 0.2801
2025-04-01 15:34:53 - [Cluster 1 - CLIENT] - INFO - Sent reply
2025-04-01 15:34:53 - [Cluster 1 - CLIENT] - INFO - Sent reply
2025-04-01 15:34:53 - [Cluster 1 - CLIENT] - INFO - [Store 195] Evaluation - Loss: 0.2750, MAE: 0.3340
2025-04-01 15:34:53 - [Cluster 1 - CLIENT] - INFO - Sent reply
2025-04-01 15:34:53 - [Cluster 1 - CLIENT] - INFO - 
2025-04-01 15:34:53 - [Cluster 1 - CLIENT] - INFO - Received: evaluate message cad7d964-7896-48e2-840c-94b3dc222e56
2025-04-01 15:34:53 - [Cluster 1 - CLIENT] - INFO - 
2025-04-01 15:34:53 - [Cluster 1 - CLIENT] - INFO - Received: evaluate message d1a9c727-20be-4b58-a435-3598580f738f
2025-04-01 15:34:53 - [Cluster 1 - CLIENT] - INFO - 
2025-04-01 15:34:53 - [Cluster 1 - CLIENT] - INFO - Received: evaluate message a3ca45a6-8f1e-474a-a3dd-7b81461b8cdc
2025-04-01 15:34:53 - [Cluster 1 - CLIENT] - INFO - 
2025-04-01 15:34:53 - [Cluster 1 - CLIENT] - INFO - Received: evaluate message 701c2dec-2765-4e85-b37a-6df552697b3b
2025-04-01 15:34:53 - [Cluster 1 - CLIENT] - INFO - [Store 524] Evaluation - Loss: 0.2352, MAE: 0.2916
2025-04-01 15:34:53 - [Cluster 1 - CLIENT] - INFO - Sent reply
2025-04-01 15:34:53 - [Cluster 1 - CLIENT] - INFO - 
2025-04-01 15:34:53 - [Cluster 1 - CLIENT] - INFO - Received: evaluate message 6f329022-3763-49f0-a668-6e9d8199e7db
2025-04-01 15:34:53 - [Cluster 1 - CLIENT] - INFO - [Store 807] Evaluation - Loss: 0.2721, MAE: 0.3388
2025-04-01 15:34:53 - [Cluster 1 - CLIENT] - INFO - Sent reply
2025-04-01 15:34:53 - [Cluster 1 - CLIENT] - INFO - [Store 562] Evaluation - Loss: 0.4221, MAE: 0.5030
2025-04-01 15:34:53 - [Cluster 1 - CLIENT] - INFO - Sent reply
2025-04-01 15:34:53 - [Cluster 1 - CLIENT] - INFO - 
2025-04-01 15:34:53 - [Cluster 1 - CLIENT] - INFO - Received: evaluate message dab47dca-d62f-45a1-b5bb-01cc58ccacb8
2025-04-01 15:34:53 - [Cluster 1 - CLIENT] - INFO - 
2025-04-01 15:34:53 - [Cluster 1 - CLIENT] - INFO - Received: evaluate message 4948a7c5-5cdd-463c-a73e-cedf4716ed0e
2025-04-01 15:34:53 - [Cluster 1 - CLIENT] - INFO - [Store 615] Evaluation - Loss: 0.1905, MAE: 0.2343
2025-04-01 15:34:53 - [Cluster 1 - CLIENT] - INFO - Sent reply
2025-04-01 15:34:53 - [Cluster 1 - CLIENT] - INFO - 
2025-04-01 15:34:53 - [Cluster 1 - CLIENT] - INFO - Received: evaluate message 870b3ed6-0673-4652-adba-f9434b1a9ee8
2025-04-01 15:34:53 - [Cluster 1 - CLIENT] - INFO - [Store 682] Evaluation - Loss: 0.2803, MAE: 0.4180
2025-04-01 15:34:53 - [Cluster 1 - CLIENT] - INFO - Sent reply
2025-04-01 15:34:53 - [Cluster 1 - CLIENT] - INFO - [Store 269] Evaluation - Loss: 0.2232, MAE: 0.3105
2025-04-01 15:34:53 - [Cluster 1 - CLIENT] - INFO - Sent reply
2025-04-01 15:34:54 - [Cluster 1 - CLIENT] - INFO - [Store 755] Evaluation - Loss: 0.2290, MAE: 0.2928
2025-04-01 15:34:54 - [Cluster 1 - CLIENT] - INFO - Sent reply
2025-04-01 15:34:54 - [Cluster 1 - CLIENT] - INFO - [Store 655] Evaluation - Loss: 0.3191, MAE: 0.3794
2025-04-01 15:34:54 - [Cluster 1 - CLIENT] - INFO - Sent reply
2025-04-01 15:34:54 - [Cluster 1 - CLIENT] - INFO - [Store 527] Evaluation - Loss: 0.2514, MAE: 0.3154
2025-04-01 15:34:54 - [Cluster 1 - CLIENT] - INFO - Sent reply
2025-04-01 15:34:54 - [Cluster 1 - CLIENT] - INFO - [Store 384] Evaluation - Loss: 0.2175, MAE: 0.3091
2025-04-01 15:34:54 - [Cluster 1 - CLIENT] - INFO - Sent reply
2025-04-01 15:34:54 - [Cluster 1 - CLIENT] - INFO - [Store 207] Evaluation - Loss: 0.1571, MAE: 0.2434
2025-04-01 15:34:54 - [Cluster 1 - CLIENT] - INFO - Sent reply
2025-04-01 15:34:54 - [Cluster 1 - CLIENT] - INFO - [Store 526] Evaluation - Loss: 0.1696, MAE: 0.2681
2025-04-01 15:34:54 - [Cluster 1 - CLIENT] - INFO - Sent reply
2025-04-01 15:34:54 - [Cluster 1 - CLIENT] - INFO - [Store 999] Evaluation - Loss: 0.1750, MAE: 0.2730
2025-04-01 15:34:54 - [Cluster 1 - CLIENT] - INFO - Sent reply
2025-04-01 15:34:54 - [Cluster 1 - CLIENT] - INFO - [Store 608] Evaluation - Loss: 0.2280, MAE: 0.3175
2025-04-01 15:34:54 - [Cluster 1 - CLIENT] - INFO - Sent reply
2025-04-01 15:34:54 - [Cluster 1 - CLIENT] - INFO - [Store 532] Evaluation - Loss: 0.3750, MAE: 0.3952
2025-04-01 15:34:54 - [Cluster 1 - CLIENT] - INFO - Sent reply
2025-04-01 15:34:54 - [Cluster 1 - CLIENT] - INFO - [Store 699] Evaluation - Loss: 0.4282, MAE: 0.3758
2025-04-01 15:34:54 - [Cluster 1 - CLIENT] - INFO - Sent reply
2025-04-01 15:34:54 - [Cluster 1 - CLIENT] - INFO - [Store 431] Evaluation - Loss: 0.2817, MAE: 0.3435
2025-04-01 15:34:54 - [Cluster 1 - CLIENT] - INFO - [Store 211] Evaluation - Loss: 0.2160, MAE: 0.3117
2025-04-01 15:34:54 - [Cluster 1 - CLIENT] - INFO - Sent reply
2025-04-01 15:34:54 - [Cluster 1 - CLIENT] - INFO - Sent reply
2025-04-01 15:34:54 - [Cluster 1 - CLIENT] - INFO - [Store 665] Evaluation - Loss: 0.2003, MAE: 0.2562
2025-04-01 15:34:54 - [Cluster 1 - CLIENT] - INFO - Sent reply
2025-04-01 15:34:54 - [Cluster 1 - CLIENT] - INFO - 
2025-04-01 15:34:54 - [Cluster 1 - CLIENT] - INFO - Received: train message 6eead4d4-52b2-47e5-a13a-76ebe58ce5fd
2025-04-01 15:34:54 - [Cluster 1 - CLIENT] - INFO - 
2025-04-01 15:34:54 - [Cluster 1 - CLIENT] - INFO - 
2025-04-01 15:34:54 - [Cluster 1 - CLIENT] - INFO - Received: train message 18e86a78-33ce-4d69-b6d2-c5c4d6c60558
2025-04-01 15:34:54 - [Cluster 1 - CLIENT] - INFO - Received: train message c62f06e3-88ba-4679-b92f-d91c8ce8580a
2025-04-01 15:34:54 - [Cluster 1 - CLIENT] - INFO - 
2025-04-01 15:34:54 - [Cluster 1 - CLIENT] - INFO - Received: train message 9644d293-4bcd-44b9-8867-e48af5680f11
2025-04-01 15:34:54 - [Cluster 1 - CLIENT] - INFO - 
2025-04-01 15:34:54 - [Cluster 1 - CLIENT] - INFO - Received: train message 7061c95e-549c-4ff6-96e4-aa66c864cb9a
2025-04-01 15:34:54 - [Cluster 1 - CLIENT] - INFO - 
2025-04-01 15:34:54 - [Cluster 1 - CLIENT] - INFO - Received: train message 94306757-c67b-4c56-b6b2-68946e7bed1a
2025-04-01 15:34:54 - [Cluster 1 - CLIENT] - INFO - [Store 665] Starting local training.
2025-04-01 15:34:54 - [Cluster 1 - CLIENT] - INFO - 
2025-04-01 15:34:54 - [Cluster 1 - CLIENT] - INFO - Received: train message 07f445d6-ee9a-4483-a05b-74cf4fbfcda9
2025-04-01 15:34:54 - [Cluster 1 - CLIENT] - INFO - [Store 532] Starting local training.
2025-04-01 15:34:54 - [Cluster 1 - CLIENT] - INFO - [Store 608] Starting local training.
2025-04-01 15:34:54 - [Cluster 1 - CLIENT] - INFO - 
2025-04-01 15:34:54 - [Cluster 1 - CLIENT] - INFO - Received: train message a552e001-2d92-4ca8-a4b4-763a7c154488
2025-04-01 15:34:54 - [Cluster 1 - CLIENT] - INFO - 
2025-04-01 15:34:54 - [Cluster 1 - CLIENT] - INFO - Received: train message 2ab6cb0b-4090-44c1-8694-f21f7120e212
2025-04-01 15:34:54 - [Cluster 1 - CLIENT] - INFO - [Store 682] Starting local training.
2025-04-01 15:34:54 - [Cluster 1 - CLIENT] - INFO - 
2025-04-01 15:34:54 - [Cluster 1 - CLIENT] - INFO - Received: train message bae01fe4-1aa2-459c-a218-9beef7c9056c
2025-04-01 15:34:54 - [Cluster 1 - CLIENT] - INFO - [Store 655] Starting local training.
2025-04-01 15:34:54 - [Cluster 1 - CLIENT] - INFO - 
2025-04-01 15:34:54 - [Cluster 1 - CLIENT] - INFO - Received: train message 40719dc6-03db-42fc-909e-fa58e29e6fe6
2025-04-01 15:34:54 - [Cluster 1 - CLIENT] - INFO - [Store 106] Starting local training.
2025-04-01 15:34:54 - [Cluster 1 - CLIENT] - INFO - 
2025-04-01 15:34:54 - [Cluster 1 - CLIENT] - INFO - Received: train message b9f18d50-37a0-4ef2-ac2d-483ebf450aeb
2025-04-01 15:34:54 - [Cluster 1 - CLIENT] - INFO - [Store 579] Starting local training.
2025-04-01 15:34:54 - [Cluster 1 - CLIENT] - INFO - 
2025-04-01 15:34:54 - [Cluster 1 - CLIENT] - INFO - Received: train message da0224c0-2de7-46c0-bfba-9778c22bfb69
2025-04-01 15:34:54 - [Cluster 1 - CLIENT] - INFO - 
2025-04-01 15:34:54 - [Cluster 1 - CLIENT] - INFO - Received: train message c2d263e0-d5f5-4150-9e62-ccfe3b7b8eb1
2025-04-01 15:34:54 - [Cluster 1 - CLIENT] - INFO - [Store 849] Starting local training.
2025-04-01 15:34:54 - [Cluster 1 - CLIENT] - INFO - [Store 524] Starting local training.
2025-04-01 15:34:54 - [Cluster 1 - CLIENT] - INFO - 
2025-04-01 15:34:54 - [Cluster 1 - CLIENT] - INFO - Received: train message 9f457c17-3dd5-4ba4-b7e0-2bc0344db1d6
2025-04-01 15:34:54 - [Cluster 1 - CLIENT] - INFO - [Store 526] Starting local training.
2025-04-01 15:34:54 - [Cluster 1 - CLIENT] - INFO - [Store 699] Starting local training.
2025-04-01 15:34:54 - [Cluster 1 - CLIENT] - INFO - [Store 999] Starting local training.
2025-04-01 15:34:54 - [Cluster 1 - CLIENT] - INFO - [Store 753] Starting local training.
2025-04-01 15:34:54 - [Cluster 1 - CLIENT] - INFO - [Store 906] Starting local training.
2025-04-01 15:34:54 - [Cluster 1 - CLIENT] - INFO - [Store 938] Starting local training.
2025-04-01 15:38:20 - [Cluster 1 - CLIENT] - INFO - [Store 665] Local training complete.
2025-04-01 15:38:20 - [Cluster 1 - CLIENT] - INFO - Sent reply
2025-04-01 15:38:20 - [Cluster 1 - CLIENT] - INFO - 
2025-04-01 15:38:20 - [Cluster 1 - CLIENT] - INFO - Received: train message 6bd5359a-ac62-49e8-84c8-a7bffc3984b0
2025-04-01 15:38:20 - [Cluster 1 - CLIENT] - INFO - [Store 807] Starting local training.
2025-04-01 15:38:21 - [Cluster 1 - CLIENT] - INFO - [Store 753] Local training complete.
2025-04-01 15:38:21 - [Cluster 1 - CLIENT] - INFO - Sent reply
2025-04-01 15:38:22 - [Cluster 1 - CLIENT] - INFO - 
2025-04-01 15:38:22 - [Cluster 1 - CLIENT] - INFO - Received: train message 27f4203b-fe5e-4e1a-8db9-d259e4cb7e0a
2025-04-01 15:38:22 - [Cluster 1 - CLIENT] - INFO - [Store 809] Starting local training.
2025-04-01 15:38:22 - [Cluster 1 - CLIENT] - INFO - [Store 682] Local training complete.
2025-04-01 15:38:22 - [Cluster 1 - CLIENT] - INFO - Sent reply
2025-04-01 15:38:22 - [Cluster 1 - CLIENT] - INFO - 
2025-04-01 15:38:22 - [Cluster 1 - CLIENT] - INFO - Received: train message 95905898-8cbf-4b7d-811e-a0447ee9611c
2025-04-01 15:38:22 - [Cluster 1 - CLIENT] - INFO - [Store 1033] Starting local training.
2025-04-01 15:38:22 - [Cluster 1 - CLIENT] - INFO - [Store 849] Local training complete.
2025-04-01 15:38:23 - [Cluster 1 - CLIENT] - INFO - Sent reply
2025-04-01 15:38:23 - [Cluster 1 - CLIENT] - INFO - 
2025-04-01 15:38:23 - [Cluster 1 - CLIENT] - INFO - Received: train message 0af7ec33-da1e-495d-8a1c-9935e7b28632
2025-04-01 15:38:23 - [Cluster 1 - CLIENT] - INFO - [Store 755] Starting local training.
2025-04-01 15:38:23 - [Cluster 1 - CLIENT] - INFO - [Store 938] Local training complete.
2025-04-01 15:38:23 - [Cluster 1 - CLIENT] - INFO - Sent reply
2025-04-01 15:38:23 - [Cluster 1 - CLIENT] - INFO - 
2025-04-01 15:38:23 - [Cluster 1 - CLIENT] - INFO - Received: train message fe812c6b-8d86-473f-9d20-ac1b42969951
2025-04-01 15:38:23 - [Cluster 1 - CLIENT] - INFO - [Store 431] Starting local training.
2025-04-01 15:38:24 - [Cluster 1 - CLIENT] - INFO - [Store 655] Local training complete.
2025-04-01 15:38:25 - [Cluster 1 - CLIENT] - INFO - Sent reply
2025-04-01 15:38:25 - [Cluster 1 - CLIENT] - INFO - 
2025-04-01 15:38:25 - [Cluster 1 - CLIENT] - INFO - Received: train message e815adaf-4cc1-403d-8764-8443dfb7cd0d
2025-04-01 15:38:25 - [Cluster 1 - CLIENT] - INFO - [Store 384] Starting local training.
2025-04-01 15:38:26 - [Cluster 1 - CLIENT] - INFO - [Store 699] Local training complete.
2025-04-01 15:38:26 - [Cluster 1 - CLIENT] - INFO - Sent reply
2025-04-01 15:38:26 - [Cluster 1 - CLIENT] - INFO - 
2025-04-01 15:38:26 - [Cluster 1 - CLIENT] - INFO - Received: train message 14bd144c-35e1-4afe-8a20-f90ba96d2b5f
2025-04-01 15:38:26 - [Cluster 1 - CLIENT] - INFO - [Store 269] Starting local training.
2025-04-01 15:38:26 - [Cluster 1 - CLIENT] - INFO - [Store 999] Local training complete.
2025-04-01 15:38:26 - [Cluster 1 - CLIENT] - INFO - [Store 106] Local training complete.
2025-04-01 15:38:26 - [Cluster 1 - CLIENT] - INFO - Sent reply
2025-04-01 15:38:26 - [Cluster 1 - CLIENT] - INFO - Sent reply
2025-04-01 15:38:26 - [Cluster 1 - CLIENT] - INFO - 
2025-04-01 15:38:26 - [Cluster 1 - CLIENT] - INFO - Received: train message 72d68c30-f918-41a0-beb5-cab563eb8618
2025-04-01 15:38:26 - [Cluster 1 - CLIENT] - INFO - 
2025-04-01 15:38:26 - [Cluster 1 - CLIENT] - INFO - Received: train message 36444fa2-4ca1-458a-a9ce-da0bfb8294e4
2025-04-01 15:38:26 - [Cluster 1 - CLIENT] - INFO - [Store 615] Starting local training.
2025-04-01 15:38:26 - [Cluster 1 - CLIENT] - INFO - [Store 914] Starting local training.
2025-04-01 15:38:26 - [Cluster 1 - CLIENT] - INFO - [Store 608] Local training complete.
2025-04-01 15:38:27 - [Cluster 1 - CLIENT] - INFO - Sent reply
2025-04-01 15:38:27 - [Cluster 1 - CLIENT] - INFO - 
2025-04-01 15:38:27 - [Cluster 1 - CLIENT] - INFO - Received: train message d6d8539f-f762-485b-8ec4-feacb5a238b2
2025-04-01 15:38:27 - [Cluster 1 - CLIENT] - INFO - [Store 195] Starting local training.
2025-04-01 15:38:27 - [Cluster 1 - CLIENT] - INFO - [Store 524] Local training complete.
2025-04-01 15:38:27 - [Cluster 1 - CLIENT] - INFO - Sent reply
2025-04-01 15:38:27 - [Cluster 1 - CLIENT] - INFO - 
2025-04-01 15:38:27 - [Cluster 1 - CLIENT] - INFO - Received: train message 01082567-45ce-402d-9bcd-32587e275c23
2025-04-01 15:38:27 - [Cluster 1 - CLIENT] - INFO - [Store 207] Starting local training.
2025-04-01 15:38:28 - [Cluster 1 - CLIENT] - INFO - [Store 579] Local training complete.
2025-04-01 15:38:28 - [Cluster 1 - CLIENT] - INFO - Sent reply
2025-04-01 15:38:28 - [Cluster 1 - CLIENT] - INFO - 
2025-04-01 15:38:28 - [Cluster 1 - CLIENT] - INFO - Received: train message e4385ecf-c790-470f-8a2e-e1d1567c0cc8
2025-04-01 15:38:28 - [Cluster 1 - CLIENT] - INFO - [Store 906] Local training complete.
2025-04-01 15:38:28 - [Cluster 1 - CLIENT] - INFO - [Store 211] Starting local training.
2025-04-01 15:38:28 - [Cluster 1 - CLIENT] - INFO - Sent reply
2025-04-01 15:38:28 - [Cluster 1 - CLIENT] - INFO - 
2025-04-01 15:38:28 - [Cluster 1 - CLIENT] - INFO - Received: train message cd23f09d-6a01-45a5-a647-bb6f7e01bc8d
2025-04-01 15:38:28 - [Cluster 1 - CLIENT] - INFO - [Store 382] Starting local training.
2025-04-01 15:38:30 - [Cluster 1 - CLIENT] - INFO - [Store 526] Local training complete.
2025-04-01 15:38:30 - [Cluster 1 - CLIENT] - INFO - Sent reply
2025-04-01 15:38:30 - [Cluster 1 - CLIENT] - INFO - 
2025-04-01 15:38:30 - [Cluster 1 - CLIENT] - INFO - Received: train message ec4f08d4-dc34-4740-8602-6a51d879d3e1
2025-04-01 15:38:30 - [Cluster 1 - CLIENT] - INFO - [Store 562] Starting local training.
2025-04-01 15:38:49 - [Cluster 1 - CLIENT] - INFO - [Store 532] Local training complete.
2025-04-01 15:38:49 - [Cluster 1 - CLIENT] - INFO - Sent reply
2025-04-01 15:38:49 - [Cluster 1 - CLIENT] - INFO - 
2025-04-01 15:38:49 - [Cluster 1 - CLIENT] - INFO - Received: train message 385244ca-3a3e-4232-aa74-63b10700ddc1
2025-04-01 15:38:49 - [Cluster 1 - CLIENT] - INFO - [Store 527] Starting local training.
2025-04-01 15:41:54 - [Cluster 1 - CLIENT] - INFO - [Store 807] Local training complete.
2025-04-01 15:41:54 - [Cluster 1 - CLIENT] - INFO - Sent reply
2025-04-01 15:41:55 - [Cluster 1 - CLIENT] - INFO - [Store 809] Local training complete.
2025-04-01 15:41:55 - [Cluster 1 - CLIENT] - INFO - Sent reply
2025-04-01 15:41:56 - [Cluster 1 - CLIENT] - INFO - [Store 269] Local training complete.
2025-04-01 15:41:56 - [Cluster 1 - CLIENT] - INFO - Sent reply
2025-04-01 15:41:56 - [Cluster 1 - CLIENT] - INFO - [Store 431] Local training complete.
2025-04-01 15:41:56 - [Cluster 1 - CLIENT] - INFO - Sent reply
2025-04-01 15:41:57 - [Cluster 1 - CLIENT] - INFO - [Store 1033] Local training complete.
2025-04-01 15:41:57 - [Cluster 1 - CLIENT] - INFO - Sent reply
2025-04-01 15:41:57 - [Cluster 1 - CLIENT] - INFO - [Store 914] Local training complete.
2025-04-01 15:41:57 - [Cluster 1 - CLIENT] - INFO - Sent reply
2025-04-01 15:41:58 - [Cluster 1 - CLIENT] - INFO - [Store 755] Local training complete.
2025-04-01 15:41:58 - [Cluster 1 - CLIENT] - INFO - Sent reply
2025-04-01 15:41:58 - [Cluster 1 - CLIENT] - INFO - [Store 207] Local training complete.
2025-04-01 15:41:58 - [Cluster 1 - CLIENT] - INFO - Sent reply
2025-04-01 15:41:58 - [Cluster 1 - CLIENT] - INFO - [Store 211] Local training complete.
2025-04-01 15:41:58 - [Cluster 1 - CLIENT] - INFO - Sent reply
2025-04-01 15:41:59 - [Cluster 1 - CLIENT] - INFO - [Store 384] Local training complete.
2025-04-01 15:41:59 - [Cluster 1 - CLIENT] - INFO - Sent reply
2025-04-01 15:41:59 - [Cluster 1 - CLIENT] - INFO - [Store 195] Local training complete.
2025-04-01 15:41:59 - [Cluster 1 - CLIENT] - INFO - Sent reply
2025-04-01 15:42:00 - [Cluster 1 - CLIENT] - INFO - [Store 615] Local training complete.
2025-04-01 15:42:00 - [Cluster 1 - CLIENT] - INFO - Sent reply
2025-04-01 15:42:00 - [Cluster 1 - CLIENT] - INFO - [Store 562] Local training complete.
2025-04-01 15:42:00 - [Cluster 1 - CLIENT] - INFO - Sent reply
2025-04-01 15:42:02 - [Cluster 1 - CLIENT] - INFO - [Store 382] Local training complete.
2025-04-01 15:42:02 - [Cluster 1 - CLIENT] - INFO - Sent reply
2025-04-01 15:42:02 - [Cluster 1 - CLIENT] - INFO - [Store 527] Local training complete.
2025-04-01 15:42:02 - [Cluster 1 - CLIENT] - INFO - Sent reply
2025-04-01 15:42:02 - [Cluster 1 - CLIENT] - INFO - 
2025-04-01 15:42:02 - [Cluster 1 - CLIENT] - INFO - Received: evaluate message 0c000836-e509-4b4b-9744-b6d10c80fd2f
2025-04-01 15:42:02 - [Cluster 1 - CLIENT] - INFO - 
2025-04-01 15:42:02 - [Cluster 1 - CLIENT] - INFO - Received: evaluate message cba5b7af-3b04-498b-9262-96df072858b4
2025-04-01 15:42:02 - [Cluster 1 - CLIENT] - INFO - 
2025-04-01 15:42:02 - [Cluster 1 - CLIENT] - INFO - Received: evaluate message e2f383a1-16f4-4ffb-9818-15d6ce8edd7d
2025-04-01 15:42:02 - [Cluster 1 - CLIENT] - INFO - 
2025-04-01 15:42:02 - [Cluster 1 - CLIENT] - INFO - Received: evaluate message ea5dc98e-7f69-49c4-b25e-c49dd1bf31f8
2025-04-01 15:42:02 - [Cluster 1 - CLIENT] - INFO - 
2025-04-01 15:42:02 - [Cluster 1 - CLIENT] - INFO - Received: evaluate message 9ca8920b-fd99-4ba4-a7f3-e6a01e82b3c0
2025-04-01 15:42:02 - [Cluster 1 - CLIENT] - INFO - 
2025-04-01 15:42:02 - [Cluster 1 - CLIENT] - INFO - Received: evaluate message 09de46a7-f3de-45b3-8907-a243ef612771
2025-04-01 15:42:02 - [Cluster 1 - CLIENT] - INFO - 
2025-04-01 15:42:02 - [Cluster 1 - CLIENT] - INFO - Received: evaluate message b36fce81-af20-4022-8d62-1f1966649d91
2025-04-01 15:42:02 - [Cluster 1 - CLIENT] - INFO - 
2025-04-01 15:42:02 - [Cluster 1 - CLIENT] - INFO - Received: evaluate message d448538f-2586-414a-a6fd-fbbd1538e808
2025-04-01 15:42:02 - [Cluster 1 - CLIENT] - INFO - 
2025-04-01 15:42:02 - [Cluster 1 - CLIENT] - INFO - Received: evaluate message 7d21c6de-8fbc-4f99-a70f-5680554c5c77
2025-04-01 15:42:02 - [Cluster 1 - CLIENT] - INFO - 
2025-04-01 15:42:02 - [Cluster 1 - CLIENT] - INFO - Received: evaluate message d29b1c0a-f102-4136-8bdb-c088ed423e7c
2025-04-01 15:42:02 - [Cluster 1 - CLIENT] - INFO - 
2025-04-01 15:42:02 - [Cluster 1 - CLIENT] - INFO - Received: evaluate message bce43ecf-64da-4864-8cf7-6423f65dd875
2025-04-01 15:42:02 - [Cluster 1 - CLIENT] - INFO - 
2025-04-01 15:42:02 - [Cluster 1 - CLIENT] - INFO - Received: evaluate message 44f34269-eb4a-4644-9919-380758ab0b74
2025-04-01 15:42:02 - [Cluster 1 - CLIENT] - INFO - 
2025-04-01 15:42:02 - [Cluster 1 - CLIENT] - INFO - Received: evaluate message 3f32a133-ad6e-49d0-aa92-2342d30a8c24
2025-04-01 15:42:02 - [Cluster 1 - CLIENT] - INFO - 
2025-04-01 15:42:02 - [Cluster 1 - CLIENT] - INFO - Received: evaluate message 1e51c010-5194-4d98-be56-0417320773ec
2025-04-01 15:42:02 - [Cluster 1 - CLIENT] - INFO - 
2025-04-01 15:42:02 - [Cluster 1 - CLIENT] - INFO - Received: evaluate message 3cd4759e-9662-4b24-800d-25df06b98655
2025-04-01 15:42:03 - [Cluster 1 - CLIENT] - INFO - [Store 527] Evaluation - Loss: 0.2458, MAE: 0.3028
2025-04-01 15:42:03 - [Cluster 1 - CLIENT] - INFO - Sent reply
2025-04-01 15:42:03 - [Cluster 1 - CLIENT] - INFO - 
2025-04-01 15:42:03 - [Cluster 1 - CLIENT] - INFO - Received: evaluate message c8e57113-3833-47c4-8658-1780993a24d3
2025-04-01 15:42:03 - [Cluster 1 - CLIENT] - INFO - [Store 382] Evaluation - Loss: 0.1753, MAE: 0.2677
2025-04-01 15:42:03 - [Cluster 1 - CLIENT] - INFO - [Store 384] Evaluation - Loss: 0.2122, MAE: 0.3008
2025-04-01 15:42:03 - [Cluster 1 - CLIENT] - INFO - Sent reply
2025-04-01 15:42:03 - [Cluster 1 - CLIENT] - INFO - Sent reply
2025-04-01 15:42:03 - [Cluster 1 - CLIENT] - INFO - 
2025-04-01 15:42:03 - [Cluster 1 - CLIENT] - INFO - Received: evaluate message 74ec3c8e-f8d1-40c8-b8fc-a106fc00b0fe
2025-04-01 15:42:03 - [Cluster 1 - CLIENT] - INFO - 
2025-04-01 15:42:03 - [Cluster 1 - CLIENT] - INFO - Received: evaluate message 4ac5231f-b4f8-419b-a454-07dbdb63fd3b
2025-04-01 15:42:03 - [Cluster 1 - CLIENT] - INFO - [Store 809] Evaluation - Loss: 0.2557, MAE: 0.3361
2025-04-01 15:42:03 - [Cluster 1 - CLIENT] - INFO - Sent reply
2025-04-01 15:42:03 - [Cluster 1 - CLIENT] - INFO - [Store 615] Evaluation - Loss: 0.1933, MAE: 0.2274
2025-04-01 15:42:03 - [Cluster 1 - CLIENT] - INFO - Sent reply
2025-04-01 15:42:03 - [Cluster 1 - CLIENT] - INFO - 
2025-04-01 15:42:03 - [Cluster 1 - CLIENT] - INFO - Received: evaluate message 7af88f4b-f99a-4fd0-ac7d-449dbf000ac5
2025-04-01 15:42:03 - [Cluster 1 - CLIENT] - INFO - 
2025-04-01 15:42:03 - [Cluster 1 - CLIENT] - INFO - Received: evaluate message 1934c4d0-2e6f-4db8-8317-0dcd236d4e24
2025-04-01 15:42:03 - [Cluster 1 - CLIENT] - INFO - [Store 608] Evaluation - Loss: 0.2255, MAE: 0.3182
2025-04-01 15:42:03 - [Cluster 1 - CLIENT] - INFO - Sent reply
2025-04-01 15:42:03 - [Cluster 1 - CLIENT] - INFO - 
2025-04-01 15:42:03 - [Cluster 1 - CLIENT] - INFO - Received: evaluate message ffd977a5-0c38-4cf9-8002-370646b32431
2025-04-01 15:42:03 - [Cluster 1 - CLIENT] - INFO - [Store 914] Evaluation - Loss: 0.1847, MAE: 0.2617
2025-04-01 15:42:03 - [Cluster 1 - CLIENT] - INFO - Sent reply
2025-04-01 15:42:03 - [Cluster 1 - CLIENT] - INFO - [Store 211] Evaluation - Loss: 0.2085, MAE: 0.2894
2025-04-01 15:42:03 - [Cluster 1 - CLIENT] - INFO - Sent reply
2025-04-01 15:42:03 - [Cluster 1 - CLIENT] - INFO - [Store 579] Evaluation - Loss: 0.1827, MAE: 0.2629
2025-04-01 15:42:03 - [Cluster 1 - CLIENT] - INFO - 
2025-04-01 15:42:03 - [Cluster 1 - CLIENT] - INFO - Received: evaluate message 556aefbc-3570-4c8e-8fe5-8691c92c3f5a
2025-04-01 15:42:03 - [Cluster 1 - CLIENT] - INFO - [Store 906] Evaluation - Loss: 0.1974, MAE: 0.2496
2025-04-01 15:42:03 - [Cluster 1 - CLIENT] - INFO - Sent reply
2025-04-01 15:42:03 - [Cluster 1 - CLIENT] - INFO - Sent reply
2025-04-01 15:42:03 - [Cluster 1 - CLIENT] - INFO - 
2025-04-01 15:42:03 - [Cluster 1 - CLIENT] - INFO - Received: evaluate message 4855dbce-7ede-4594-bfbf-969f20294eb0
2025-04-01 15:42:03 - [Cluster 1 - CLIENT] - INFO - [Store 999] Evaluation - Loss: 0.1719, MAE: 0.2714
2025-04-01 15:42:03 - [Cluster 1 - CLIENT] - INFO - 
2025-04-01 15:42:03 - [Cluster 1 - CLIENT] - INFO - Received: evaluate message 7bc07b40-befd-4fb6-96d0-df1ab8ea3d44
2025-04-01 15:42:04 - [Cluster 1 - CLIENT] - INFO - 
2025-04-01 15:42:04 - [Cluster 1 - CLIENT] - INFO - Received: evaluate message 3e80e493-ad85-42ff-86db-a17ea53d462f
2025-04-01 15:42:04 - [Cluster 1 - CLIENT] - INFO - [Store 938] Evaluation - Loss: 0.1916, MAE: 0.2417
2025-04-01 15:42:04 - [Cluster 1 - CLIENT] - INFO - Sent reply
2025-04-01 15:42:04 - [Cluster 1 - CLIENT] - INFO - 
2025-04-01 15:42:04 - [Cluster 1 - CLIENT] - INFO - Received: evaluate message 3a07e4df-5485-4c8e-86d4-e6524c081584
2025-04-01 15:42:04 - [Cluster 1 - CLIENT] - INFO - Sent reply
2025-04-01 15:42:04 - [Cluster 1 - CLIENT] - INFO - 
2025-04-01 15:42:04 - [Cluster 1 - CLIENT] - INFO - Received: evaluate message da08c1ae-297c-47f5-ae69-de484d4228b6
2025-04-01 15:42:04 - [Cluster 1 - CLIENT] - INFO - [Store 532] Evaluation - Loss: 0.3622, MAE: 0.3759
2025-04-01 15:42:04 - [Cluster 1 - CLIENT] - INFO - Sent reply
2025-04-01 15:42:04 - [Cluster 1 - CLIENT] - INFO - [Store 106] Evaluation - Loss: 0.1886, MAE: 0.2727
2025-04-01 15:42:04 - [Cluster 1 - CLIENT] - INFO - Sent reply
2025-04-01 15:42:04 - [Cluster 1 - CLIENT] - INFO - 
2025-04-01 15:42:04 - [Cluster 1 - CLIENT] - INFO - Received: evaluate message e42d152e-b6a7-4962-a4eb-b30dcc8c7de5
2025-04-01 15:42:04 - [Cluster 1 - CLIENT] - INFO - 
2025-04-01 15:42:04 - [Cluster 1 - CLIENT] - INFO - Received: evaluate message 379267e9-6169-4846-811d-940d9430828d
2025-04-01 15:42:04 - [Cluster 1 - CLIENT] - INFO - [Store 655] Evaluation - Loss: 0.3025, MAE: 0.3575
2025-04-01 15:42:04 - [Cluster 1 - CLIENT] - INFO - Sent reply
2025-04-01 15:42:04 - [Cluster 1 - CLIENT] - INFO - 
2025-04-01 15:42:04 - [Cluster 1 - CLIENT] - INFO - Received: evaluate message 56f44369-2c59-402f-9d7c-f7a844a0b79b
2025-04-01 15:42:04 - [Cluster 1 - CLIENT] - INFO - [Store 682] Evaluation - Loss: 0.2851, MAE: 0.4263
2025-04-01 15:42:04 - [Cluster 1 - CLIENT] - INFO - Sent reply
2025-04-01 15:42:04 - [Cluster 1 - CLIENT] - INFO - [Store 524] Evaluation - Loss: 0.2334, MAE: 0.2940
2025-04-01 15:42:04 - [Cluster 1 - CLIENT] - INFO - Sent reply
2025-04-01 15:42:04 - [Cluster 1 - CLIENT] - INFO - [Store 1033] Evaluation - Loss: 0.1927, MAE: 0.2695
2025-04-01 15:42:04 - [Cluster 1 - CLIENT] - INFO - Sent reply
2025-04-01 15:42:05 - [Cluster 1 - CLIENT] - INFO - [Store 431] Evaluation - Loss: 0.2698, MAE: 0.3253
2025-04-01 15:42:05 - [Cluster 1 - CLIENT] - INFO - [Store 807] Evaluation - Loss: 0.2656, MAE: 0.3268
2025-04-01 15:42:05 - [Cluster 1 - CLIENT] - INFO - Sent reply
2025-04-01 15:42:05 - [Cluster 1 - CLIENT] - INFO - Sent reply
2025-04-01 15:42:05 - [Cluster 1 - CLIENT] - INFO - [Store 755] Evaluation - Loss: 0.2211, MAE: 0.2779
2025-04-01 15:42:05 - [Cluster 1 - CLIENT] - INFO - Sent reply
2025-04-01 15:42:05 - [Cluster 1 - CLIENT] - INFO - [Store 207] Evaluation - Loss: 0.1561, MAE: 0.2398
2025-04-01 15:42:05 - [Cluster 1 - CLIENT] - INFO - [Store 526] Evaluation - Loss: 0.1672, MAE: 0.2625
2025-04-01 15:42:05 - [Cluster 1 - CLIENT] - INFO - Sent reply
2025-04-01 15:42:05 - [Cluster 1 - CLIENT] - INFO - Sent reply
2025-04-01 15:42:05 - [Cluster 1 - CLIENT] - INFO - [Store 849] Evaluation - Loss: 0.1945, MAE: 0.2771
2025-04-01 15:42:05 - [Cluster 1 - CLIENT] - INFO - Sent reply
2025-04-01 15:42:05 - [Cluster 1 - CLIENT] - INFO - [Store 195] Evaluation - Loss: 0.2685, MAE: 0.3185
2025-04-01 15:42:05 - [Cluster 1 - CLIENT] - INFO - Sent reply
2025-04-01 15:42:05 - [Cluster 1 - CLIENT] - INFO - [Store 665] Evaluation - Loss: 0.1993, MAE: 0.2585
2025-04-01 15:42:05 - [Cluster 1 - CLIENT] - INFO - [Store 753] Evaluation - Loss: 0.1992, MAE: 0.2658
2025-04-01 15:42:05 - [Cluster 1 - CLIENT] - INFO - Sent reply
2025-04-01 15:42:05 - [Cluster 1 - CLIENT] - INFO - Sent reply
2025-04-01 15:42:05 - [Cluster 1 - CLIENT] - INFO - [Store 269] Evaluation - Loss: 0.2290, MAE: 0.3202
2025-04-01 15:42:05 - [Cluster 1 - CLIENT] - INFO - Sent reply
2025-04-01 15:42:05 - [Cluster 1 - CLIENT] - INFO - [Store 699] Evaluation - Loss: 0.4818, MAE: 0.3829
2025-04-01 15:42:05 - [Cluster 1 - CLIENT] - INFO - Sent reply
2025-04-01 15:42:05 - [Cluster 1 - CLIENT] - INFO - [Store 562] Evaluation - Loss: 0.4120, MAE: 0.4985
2025-04-01 15:42:05 - [Cluster 1 - CLIENT] - INFO - Sent reply
2025-04-01 15:42:05 - [Cluster 1 - CLIENT] - INFO - 
2025-04-01 15:42:05 - [Cluster 1 - CLIENT] - INFO - Received: train message 17d8e7e8-e0e2-4038-ae43-bfa6b83cd48d
2025-04-01 15:42:05 - [Cluster 1 - CLIENT] - INFO - 
2025-04-01 15:42:05 - [Cluster 1 - CLIENT] - INFO - Received: train message 3a680567-c6a3-496f-877b-2b6f2613885e
2025-04-01 15:42:05 - [Cluster 1 - CLIENT] - INFO - 
2025-04-01 15:42:05 - [Cluster 1 - CLIENT] - INFO - Received: train message 4d44371e-13df-4051-bd5d-2e2918be3a0b
2025-04-01 15:42:05 - [Cluster 1 - CLIENT] - INFO - 
2025-04-01 15:42:05 - [Cluster 1 - CLIENT] - INFO - Received: train message a15072fe-38a1-4083-b8d1-f8a8605d2460
2025-04-01 15:42:05 - [Cluster 1 - CLIENT] - INFO - 
2025-04-01 15:42:05 - [Cluster 1 - CLIENT] - INFO - Received: train message 9cf7fa69-67b0-4017-9b48-585d9ebf4a15
2025-04-01 15:42:05 - [Cluster 1 - CLIENT] - INFO - [Store 526] Starting local training.
2025-04-01 15:42:05 - [Cluster 1 - CLIENT] - INFO - [Store 938] Starting local training.
2025-04-01 15:42:05 - [Cluster 1 - CLIENT] - INFO - 
2025-04-01 15:42:05 - [Cluster 1 - CLIENT] - INFO - Received: train message e9654d5c-f1dd-47d7-883e-6fd537cd27a0
2025-04-01 15:42:05 - [Cluster 1 - CLIENT] - INFO - 
2025-04-01 15:42:05 - [Cluster 1 - CLIENT] - INFO - Received: train message cfad042f-d6e7-43c1-be2c-51c02a08f966
2025-04-01 15:42:05 - [Cluster 1 - CLIENT] - INFO - 
2025-04-01 15:42:05 - [Cluster 1 - CLIENT] - INFO - Received: train message d7ff6d84-5169-40db-8a97-d6f33a316a9c
2025-04-01 15:42:05 - [Cluster 1 - CLIENT] - INFO - 
2025-04-01 15:42:05 - [Cluster 1 - CLIENT] - INFO - Received: train message afce00d2-6e9d-4078-a5d4-c0c2f8a9ccd3
2025-04-01 15:42:05 - [Cluster 1 - CLIENT] - INFO - 
2025-04-01 15:42:05 - [Cluster 1 - CLIENT] - INFO - Received: train message 99bcd884-5f11-4bfb-8192-eceeaacef842
2025-04-01 15:42:05 - [Cluster 1 - CLIENT] - INFO - [Store 608] Starting local training.
2025-04-01 15:42:05 - [Cluster 1 - CLIENT] - INFO - [Store 211] Starting local training.
2025-04-01 15:42:05 - [Cluster 1 - CLIENT] - INFO - [Store 1033] Starting local training.
2025-04-01 15:42:05 - [Cluster 1 - CLIENT] - INFO - [Store 431] Starting local training.
2025-04-01 15:42:05 - [Cluster 1 - CLIENT] - INFO - 
2025-04-01 15:42:05 - [Cluster 1 - CLIENT] - INFO - Received: train message 62bcee8a-d6ed-42ce-84e4-1d11c04a37e4
2025-04-01 15:42:05 - [Cluster 1 - CLIENT] - INFO - 
2025-04-01 15:42:05 - [Cluster 1 - CLIENT] - INFO - Received: train message d2c8d031-3fc2-43b6-ada6-ad8eff838c86
2025-04-01 15:42:05 - [Cluster 1 - CLIENT] - INFO - [Store 524] Starting local training.
2025-04-01 15:42:05 - [Cluster 1 - CLIENT] - INFO - [Store 849] Starting local training.
2025-04-01 15:42:05 - [Cluster 1 - CLIENT] - INFO - 
2025-04-01 15:42:05 - [Cluster 1 - CLIENT] - INFO - Received: train message fc9d98d2-d845-469b-86e9-f7244e4e4443
2025-04-01 15:42:05 - [Cluster 1 - CLIENT] - INFO - 
2025-04-01 15:42:05 - [Cluster 1 - CLIENT] - INFO - Received: train message 414442a4-07a3-424e-94a7-edc02f629dc8
2025-04-01 15:42:05 - [Cluster 1 - CLIENT] - INFO - 
2025-04-01 15:42:05 - [Cluster 1 - CLIENT] - INFO - Received: train message cba225cb-a9d6-4734-8784-e2a27f71364c
2025-04-01 15:42:05 - [Cluster 1 - CLIENT] - INFO - [Store 755] Starting local training.
2025-04-01 15:42:05 - [Cluster 1 - CLIENT] - INFO - [Store 106] Starting local training.
2025-04-01 15:42:05 - [Cluster 1 - CLIENT] - INFO - [Store 655] Starting local training.
2025-04-01 15:42:05 - [Cluster 1 - CLIENT] - INFO - [Store 615] Starting local training.
2025-04-01 15:42:05 - [Cluster 1 - CLIENT] - INFO - [Store 809] Starting local training.
2025-04-01 15:42:05 - [Cluster 1 - CLIENT] - INFO - [Store 207] Starting local training.
2025-04-01 15:42:05 - [Cluster 1 - CLIENT] - INFO - [Store 269] Starting local training.
2025-04-01 15:45:47 - [Cluster 1 - CLIENT] - INFO - [Store 938] Local training complete.
2025-04-01 15:45:48 - [Cluster 1 - CLIENT] - INFO - Sent reply
2025-04-01 15:45:48 - [Cluster 1 - CLIENT] - INFO - 
2025-04-01 15:45:48 - [Cluster 1 - CLIENT] - INFO - Received: train message e1828785-e752-4447-bdf6-21e08257d069
2025-04-01 15:45:48 - [Cluster 1 - CLIENT] - INFO - [Store 999] Starting local training.
2025-04-01 15:45:48 - [Cluster 1 - CLIENT] - INFO - [Store 211] Local training complete.
2025-04-01 15:45:48 - [Cluster 1 - CLIENT] - INFO - Sent reply
2025-04-01 15:45:48 - [Cluster 1 - CLIENT] - INFO - 
2025-04-01 15:45:48 - [Cluster 1 - CLIENT] - INFO - Received: train message e58c6967-51ae-42fd-94d3-08de0e0bce48
2025-04-01 15:45:48 - [Cluster 1 - CLIENT] - INFO - [Store 562] Starting local training.
2025-04-01 15:45:49 - [Cluster 1 - CLIENT] - INFO - [Store 431] Local training complete.
2025-04-01 15:45:49 - [Cluster 1 - CLIENT] - INFO - Sent reply
2025-04-01 15:45:49 - [Cluster 1 - CLIENT] - INFO - 
2025-04-01 15:45:49 - [Cluster 1 - CLIENT] - INFO - Received: train message 21c3e3c8-0352-4793-89ce-b9931d775219
2025-04-01 15:45:49 - [Cluster 1 - CLIENT] - INFO - [Store 914] Starting local training.
2025-04-01 15:45:50 - [Cluster 1 - CLIENT] - INFO - [Store 269] Local training complete.
2025-04-01 15:45:50 - [Cluster 1 - CLIENT] - INFO - Sent reply
2025-04-01 15:45:50 - [Cluster 1 - CLIENT] - INFO - 
2025-04-01 15:45:50 - [Cluster 1 - CLIENT] - INFO - Received: train message f5871260-5b06-4048-aee6-6f9d808571cd
2025-04-01 15:45:50 - [Cluster 1 - CLIENT] - INFO - [Store 532] Starting local training.
2025-04-01 15:45:51 - [Cluster 1 - CLIENT] - INFO - [Store 608] Local training complete.
2025-04-01 15:45:51 - [Cluster 1 - CLIENT] - INFO - Sent reply
2025-04-01 15:45:51 - [Cluster 1 - CLIENT] - INFO - 
2025-04-01 15:45:51 - [Cluster 1 - CLIENT] - INFO - Received: train message c103872f-103b-40ce-95e6-ad80ab45bbc0
2025-04-01 15:45:52 - [Cluster 1 - CLIENT] - INFO - [Store 682] Starting local training.
2025-04-01 15:45:52 - [Cluster 1 - CLIENT] - INFO - [Store 755] Local training complete.
2025-04-01 15:45:52 - [Cluster 1 - CLIENT] - INFO - Sent reply
2025-04-01 15:45:52 - [Cluster 1 - CLIENT] - INFO - 
2025-04-01 15:45:52 - [Cluster 1 - CLIENT] - INFO - Received: train message 1160780d-af82-436c-9d7e-61a3d74f0059
2025-04-01 15:45:52 - [Cluster 1 - CLIENT] - INFO - [Store 906] Starting local training.
2025-04-01 15:45:52 - [Cluster 1 - CLIENT] - INFO - [Store 615] Local training complete.
2025-04-01 15:45:52 - [Cluster 1 - CLIENT] - INFO - Sent reply
2025-04-01 15:45:52 - [Cluster 1 - CLIENT] - INFO - 
2025-04-01 15:45:52 - [Cluster 1 - CLIENT] - INFO - Received: train message 305d032e-5503-433a-a1b7-87ba9a1ff640
2025-04-01 15:45:52 - [Cluster 1 - CLIENT] - INFO - [Store 699] Starting local training.
2025-04-01 15:45:53 - [Cluster 1 - CLIENT] - INFO - [Store 106] Local training complete.
2025-04-01 15:45:53 - [Cluster 1 - CLIENT] - INFO - Sent reply
2025-04-01 15:45:53 - [Cluster 1 - CLIENT] - INFO - 
2025-04-01 15:45:53 - [Cluster 1 - CLIENT] - INFO - Received: train message 195af119-c666-4e39-9d72-46fa9ffc7709
2025-04-01 15:45:53 - [Cluster 1 - CLIENT] - INFO - [Store 807] Starting local training.
2025-04-01 15:45:54 - [Cluster 1 - CLIENT] - INFO - [Store 207] Local training complete.
2025-04-01 15:45:54 - [Cluster 1 - CLIENT] - INFO - Sent reply
2025-04-01 15:45:54 - [Cluster 1 - CLIENT] - INFO - 
2025-04-01 15:45:54 - [Cluster 1 - CLIENT] - INFO - Received: train message 74fbe452-286d-4f51-8fc0-16c8cbb2a1e8
2025-04-01 15:45:54 - [Cluster 1 - CLIENT] - INFO - [Store 195] Starting local training.
2025-04-01 15:45:56 - [Cluster 1 - CLIENT] - INFO - [Store 524] Local training complete.
2025-04-01 15:45:56 - [Cluster 1 - CLIENT] - INFO - Sent reply
2025-04-01 15:45:56 - [Cluster 1 - CLIENT] - INFO - 
2025-04-01 15:45:56 - [Cluster 1 - CLIENT] - INFO - Received: train message 6f432122-dcae-4654-85d0-7c38b13f7daf
2025-04-01 15:45:56 - [Cluster 1 - CLIENT] - INFO - [Store 849] Local training complete.
2025-04-01 15:45:56 - [Cluster 1 - CLIENT] - INFO - Sent reply
2025-04-01 15:45:56 - [Cluster 1 - CLIENT] - INFO - 
2025-04-01 15:45:56 - [Cluster 1 - CLIENT] - INFO - Received: train message 88d24a86-c5be-4906-9a55-ad0e3db6e9cb
2025-04-01 15:45:56 - [Cluster 1 - CLIENT] - INFO - [Store 579] Starting local training.
2025-04-01 15:45:56 - [Cluster 1 - CLIENT] - INFO - [Store 527] Starting local training.
2025-04-01 15:45:58 - [Cluster 1 - CLIENT] - INFO - [Store 526] Local training complete.
2025-04-01 15:45:58 - [Cluster 1 - CLIENT] - INFO - Sent reply
2025-04-01 15:45:58 - [Cluster 1 - CLIENT] - INFO - 
2025-04-01 15:45:58 - [Cluster 1 - CLIENT] - INFO - Received: train message 5b76106b-f2d4-48f4-be76-3c73f76c35e7
2025-04-01 15:45:58 - [Cluster 1 - CLIENT] - INFO - [Store 665] Starting local training.
2025-04-01 15:46:00 - [Cluster 1 - CLIENT] - INFO - [Store 1033] Local training complete.
2025-04-01 15:46:01 - [Cluster 1 - CLIENT] - INFO - Sent reply
2025-04-01 15:46:01 - [Cluster 1 - CLIENT] - INFO - 
2025-04-01 15:46:01 - [Cluster 1 - CLIENT] - INFO - Received: train message 9b4e8ce5-71f1-4f94-ae4b-b1044f9122ea
2025-04-01 15:46:01 - [Cluster 1 - CLIENT] - INFO - [Store 753] Starting local training.
2025-04-01 15:46:01 - [Cluster 1 - CLIENT] - INFO - [Store 809] Local training complete.
2025-04-01 15:46:01 - [Cluster 1 - CLIENT] - INFO - Sent reply
2025-04-01 15:46:01 - [Cluster 1 - CLIENT] - INFO - 
2025-04-01 15:46:01 - [Cluster 1 - CLIENT] - INFO - Received: train message 69a52ee8-2ba1-4497-9302-e3f8756a1f73
2025-04-01 15:46:01 - [Cluster 1 - CLIENT] - INFO - [Store 384] Starting local training.
2025-04-01 15:46:17 - [Cluster 1 - CLIENT] - INFO - [Store 655] Local training complete.
2025-04-01 15:46:17 - [Cluster 1 - CLIENT] - INFO - Sent reply
2025-04-01 15:46:17 - [Cluster 1 - CLIENT] - INFO - 
2025-04-01 15:46:17 - [Cluster 1 - CLIENT] - INFO - Received: train message 94c700df-5988-469f-9879-497367e309a7
2025-04-01 15:46:17 - [Cluster 1 - CLIENT] - INFO - [Store 382] Starting local training.
2025-04-01 15:49:32 - [Cluster 1 - CLIENT] - INFO - [Store 999] Local training complete.
2025-04-01 15:49:32 - [Cluster 1 - CLIENT] - INFO - Sent reply
2025-04-01 15:49:33 - [Cluster 1 - CLIENT] - INFO - [Store 682] Local training complete.
2025-04-01 15:49:33 - [Cluster 1 - CLIENT] - INFO - [Store 562] Local training complete.
2025-04-01 15:49:33 - [Cluster 1 - CLIENT] - INFO - Sent reply
2025-04-01 15:49:34 - [Cluster 1 - CLIENT] - INFO - Sent reply
2025-04-01 15:49:34 - [Cluster 1 - CLIENT] - INFO - [Store 914] Local training complete.
2025-04-01 15:49:34 - [Cluster 1 - CLIENT] - INFO - Sent reply
2025-04-01 15:49:37 - [Cluster 1 - CLIENT] - INFO - [Store 665] Local training complete.
2025-04-01 15:49:37 - [Cluster 1 - CLIENT] - INFO - Sent reply
2025-04-01 15:49:38 - [Cluster 1 - CLIENT] - INFO - [Store 195] Local training complete.
2025-04-01 15:49:38 - [Cluster 1 - CLIENT] - INFO - Sent reply
2025-04-01 15:49:38 - [Cluster 1 - CLIENT] - INFO - [Store 906] Local training complete.
2025-04-01 15:49:38 - [Cluster 1 - CLIENT] - INFO - [Store 753] Local training complete.
2025-04-01 15:49:38 - [Cluster 1 - CLIENT] - INFO - [Store 532] Local training complete.
2025-04-01 15:49:38 - [Cluster 1 - CLIENT] - INFO - Sent reply
2025-04-01 15:49:38 - [Cluster 1 - CLIENT] - INFO - Sent reply
2025-04-01 15:49:39 - [Cluster 1 - CLIENT] - INFO - Sent reply
2025-04-01 15:49:39 - [Cluster 1 - CLIENT] - INFO - [Store 807] Local training complete.
2025-04-01 15:49:39 - [Cluster 1 - CLIENT] - INFO - Sent reply
2025-04-01 15:49:39 - [Cluster 1 - CLIENT] - INFO - [Store 699] Local training complete.
2025-04-01 15:49:39 - [Cluster 1 - CLIENT] - INFO - Sent reply
2025-04-01 15:49:40 - [Cluster 1 - CLIENT] - INFO - [Store 527] Local training complete.
2025-04-01 15:49:40 - [Cluster 1 - CLIENT] - INFO - Sent reply
2025-04-01 15:49:40 - [Cluster 1 - CLIENT] - INFO - [Store 384] Local training complete.
2025-04-01 15:49:40 - [Cluster 1 - CLIENT] - INFO - Sent reply
2025-04-01 15:49:41 - [Cluster 1 - CLIENT] - INFO - [Store 579] Local training complete.
2025-04-01 15:49:41 - [Cluster 1 - CLIENT] - INFO - Sent reply
2025-04-01 15:49:41 - [Cluster 1 - CLIENT] - INFO - [Store 382] Local training complete.
2025-04-01 15:49:41 - [Cluster 1 - CLIENT] - INFO - Sent reply
2025-04-01 15:49:42 - [Cluster 1 - CLIENT] - INFO - 
2025-04-01 15:49:42 - [Cluster 1 - CLIENT] - INFO - Received: evaluate message 9795dc81-dac6-45ad-99ba-f60bad00a014
2025-04-01 15:49:42 - [Cluster 1 - CLIENT] - INFO - 
2025-04-01 15:49:42 - [Cluster 1 - CLIENT] - INFO - Received: evaluate message a882f23b-f13b-4ce8-9d06-03768bb39a16
2025-04-01 15:49:42 - [Cluster 1 - CLIENT] - INFO - 
2025-04-01 15:49:42 - [Cluster 1 - CLIENT] - INFO - Received: evaluate message 9f97c656-421e-4977-b30d-ef485f011473
2025-04-01 15:49:42 - [Cluster 1 - CLIENT] - INFO - 
2025-04-01 15:49:42 - [Cluster 1 - CLIENT] - INFO - Received: evaluate message 2b98e174-34a8-4112-94e6-2b6a25934316
2025-04-01 15:49:42 - [Cluster 1 - CLIENT] - INFO - 
2025-04-01 15:49:42 - [Cluster 1 - CLIENT] - INFO - Received: evaluate message fa4d9e16-33e7-43ca-b662-696be1e03eaa
2025-04-01 15:49:42 - [Cluster 1 - CLIENT] - INFO - 
2025-04-01 15:49:42 - [Cluster 1 - CLIENT] - INFO - Received: evaluate message e256df85-51b0-4e09-b5dc-138bdb17ffb4
2025-04-01 15:49:42 - [Cluster 1 - CLIENT] - INFO - 
2025-04-01 15:49:42 - [Cluster 1 - CLIENT] - INFO - Received: evaluate message 60d48acd-97ff-4d0b-887d-d11dadfcca3e
2025-04-01 15:49:42 - [Cluster 1 - CLIENT] - INFO - 
2025-04-01 15:49:42 - [Cluster 1 - CLIENT] - INFO - Received: evaluate message cb5a437f-c8d7-4163-ae4e-fef94d1e782e
2025-04-01 15:49:42 - [Cluster 1 - CLIENT] - INFO - 
2025-04-01 15:49:42 - [Cluster 1 - CLIENT] - INFO - Received: evaluate message 0f2f343f-0a12-460f-9146-99c5bfaf6db5
2025-04-01 15:49:42 - [Cluster 1 - CLIENT] - INFO - 
2025-04-01 15:49:42 - [Cluster 1 - CLIENT] - INFO - Received: evaluate message 4c2ee5be-5b3d-499c-8b9b-d054d6e9d2da
2025-04-01 15:49:42 - [Cluster 1 - CLIENT] - INFO - 
2025-04-01 15:49:42 - [Cluster 1 - CLIENT] - INFO - Received: evaluate message d6b4ba6c-6ece-4f69-b6a2-56a768b8e261
2025-04-01 15:49:42 - [Cluster 1 - CLIENT] - INFO - 
2025-04-01 15:49:42 - [Cluster 1 - CLIENT] - INFO - Received: evaluate message 1d81054e-4234-40fc-85ab-68200e4fe8ea
2025-04-01 15:49:42 - [Cluster 1 - CLIENT] - INFO - 
2025-04-01 15:49:42 - [Cluster 1 - CLIENT] - INFO - Received: evaluate message 82d50888-6b12-4bef-a23d-1068efada4d0
2025-04-01 15:49:42 - [Cluster 1 - CLIENT] - INFO - 
2025-04-01 15:49:42 - [Cluster 1 - CLIENT] - INFO - Received: evaluate message 130ddee1-9ef9-43fa-a12b-8b73ae8cb4f2
2025-04-01 15:49:42 - [Cluster 1 - CLIENT] - INFO - 
2025-04-01 15:49:42 - [Cluster 1 - CLIENT] - INFO - Received: evaluate message a8204d80-29e0-4fc8-81dd-59986507a45d
2025-04-01 15:49:43 - [Cluster 1 - CLIENT] - INFO - [Store 999] Evaluation - Loss: 0.1741, MAE: 0.2750
2025-04-01 15:49:43 - [Cluster 1 - CLIENT] - INFO - Sent reply
2025-04-01 15:49:43 - [Cluster 1 - CLIENT] - INFO - 
2025-04-01 15:49:43 - [Cluster 1 - CLIENT] - INFO - Received: evaluate message 56a7f6a1-6ebf-464b-bc32-c185eb5c8dd5
2025-04-01 15:49:43 - [Cluster 1 - CLIENT] - INFO - [Store 579] Evaluation - Loss: 0.1907, MAE: 0.2716
2025-04-01 15:49:43 - [Cluster 1 - CLIENT] - INFO - Sent reply
2025-04-01 15:49:43 - [Cluster 1 - CLIENT] - INFO - 
2025-04-01 15:49:43 - [Cluster 1 - CLIENT] - INFO - Received: evaluate message e3cd5d8c-6b64-4b97-995e-0b537f95c7fc
2025-04-01 15:49:43 - [Cluster 1 - CLIENT] - INFO - [Store 665] Evaluation - Loss: 0.2011, MAE: 0.2613
2025-04-01 15:49:43 - [Cluster 1 - CLIENT] - INFO - Sent reply
2025-04-01 15:49:43 - [Cluster 1 - CLIENT] - INFO - [Store 906] Evaluation - Loss: 0.2043, MAE: 0.2552
2025-04-01 15:49:43 - [Cluster 1 - CLIENT] - INFO - Sent reply
2025-04-01 15:49:43 - [Cluster 1 - CLIENT] - INFO - 
2025-04-01 15:49:43 - [Cluster 1 - CLIENT] - INFO - Received: evaluate message 665f1680-7c56-4da1-9eaa-aa7f3ed4e4e3
2025-04-01 15:49:43 - [Cluster 1 - CLIENT] - INFO - [Store 849] Evaluation - Loss: 0.1915, MAE: 0.2728
2025-04-01 15:49:43 - [Cluster 1 - CLIENT] - INFO - 
2025-04-01 15:49:43 - [Cluster 1 - CLIENT] - INFO - Sent reply
2025-04-01 15:49:43 - [Cluster 1 - CLIENT] - INFO - Received: evaluate message ebb8b488-283e-4e48-9aa8-76e7dadba99e
2025-04-01 15:49:43 - [Cluster 1 - CLIENT] - INFO - 
2025-04-01 15:49:43 - [Cluster 1 - CLIENT] - INFO - Received: evaluate message 9a6f2618-a3a5-473b-9883-ed487529ae93
2025-04-01 15:49:43 - [Cluster 1 - CLIENT] - INFO - [Store 655] Evaluation - Loss: 0.2971, MAE: 0.3509
2025-04-01 15:49:43 - [Cluster 1 - CLIENT] - INFO - Sent reply
2025-04-01 15:49:43 - [Cluster 1 - CLIENT] - INFO - 
2025-04-01 15:49:43 - [Cluster 1 - CLIENT] - INFO - Received: evaluate message 2430cbf1-25b5-4f0d-82ca-bf4d7dc5fb9d
2025-04-01 15:49:43 - [Cluster 1 - CLIENT] - INFO - [Store 809] Evaluation - Loss: 0.2591, MAE: 0.3402
2025-04-01 15:49:43 - [Cluster 1 - CLIENT] - INFO - [Store 382] Evaluation - Loss: 0.1769, MAE: 0.2730
2025-04-01 15:49:43 - [Cluster 1 - CLIENT] - INFO - Sent reply
2025-04-01 15:49:43 - [Cluster 1 - CLIENT] - INFO - [Store 562] Evaluation - Loss: 0.4155, MAE: 0.5039
2025-04-01 15:49:43 - [Cluster 1 - CLIENT] - INFO - Sent reply
2025-04-01 15:49:43 - [Cluster 1 - CLIENT] - INFO - Sent reply
2025-04-01 15:49:43 - [Cluster 1 - CLIENT] - INFO - [Store 938] Evaluation - Loss: 0.1940, MAE: 0.2354
2025-04-01 15:49:43 - [Cluster 1 - CLIENT] - INFO - [Store 1033] Evaluation - Loss: 0.1909, MAE: 0.2609
2025-04-01 15:49:43 - [Cluster 1 - CLIENT] - INFO - Sent reply
2025-04-01 15:49:43 - [Cluster 1 - CLIENT] - INFO - Sent reply
2025-04-01 15:49:43 - [Cluster 1 - CLIENT] - INFO - [Store 682] Evaluation - Loss: 0.2955, MAE: 0.4377
2025-04-01 15:49:43 - [Cluster 1 - CLIENT] - INFO - Sent reply
2025-04-01 15:49:43 - [Cluster 1 - CLIENT] - INFO - 
2025-04-01 15:49:43 - [Cluster 1 - CLIENT] - INFO - Received: evaluate message bc65f7b8-db36-49ed-bef7-332a806e7573
2025-04-01 15:49:43 - [Cluster 1 - CLIENT] - INFO - 
2025-04-01 15:49:43 - [Cluster 1 - CLIENT] - INFO - Received: evaluate message 5ee5d4cf-bb99-4b72-81ee-422d93dd8650
2025-04-01 15:49:43 - [Cluster 1 - CLIENT] - INFO - [Store 526] Evaluation - Loss: 0.1684, MAE: 0.2660
2025-04-01 15:49:43 - [Cluster 1 - CLIENT] - INFO - 
2025-04-01 15:49:43 - [Cluster 1 - CLIENT] - INFO - Received: evaluate message 07866232-3870-4a1b-b609-e72ddcf0b461
2025-04-01 15:49:43 - [Cluster 1 - CLIENT] - INFO - Sent reply
2025-04-01 15:49:43 - [Cluster 1 - CLIENT] - INFO - 
2025-04-01 15:49:43 - [Cluster 1 - CLIENT] - INFO - 
2025-04-01 15:49:43 - [Cluster 1 - CLIENT] - INFO - Received: evaluate message 53ed13ad-1f0f-4a42-98cd-66d32270c408
2025-04-01 15:49:43 - [Cluster 1 - CLIENT] - INFO - Received: evaluate message 59f0cfdf-92ae-483d-a0b6-b8a4a258d851
2025-04-01 15:49:43 - [Cluster 1 - CLIENT] - INFO - 
2025-04-01 15:49:43 - [Cluster 1 - CLIENT] - INFO - Received: evaluate message 835df0e5-6180-4ab1-be03-6c14aea777ee
2025-04-01 15:49:43 - [Cluster 1 - CLIENT] - INFO - [Store 524] Evaluation - Loss: 0.2339, MAE: 0.2945
2025-04-01 15:49:43 - [Cluster 1 - CLIENT] - INFO - 
2025-04-01 15:49:43 - [Cluster 1 - CLIENT] - INFO - Sent reply
2025-04-01 15:49:43 - [Cluster 1 - CLIENT] - INFO - Received: evaluate message 77f3d99d-aabd-4ec5-b793-91b13322d677
2025-04-01 15:49:43 - [Cluster 1 - CLIENT] - INFO - 
2025-04-01 15:49:43 - [Cluster 1 - CLIENT] - INFO - Received: evaluate message e606d121-b247-4526-87bb-0f54c9cdf7f0
2025-04-01 15:49:43 - [Cluster 1 - CLIENT] - INFO - [Store 755] Evaluation - Loss: 0.2178, MAE: 0.2689
2025-04-01 15:49:43 - [Cluster 1 - CLIENT] - INFO - Sent reply
2025-04-01 15:49:43 - [Cluster 1 - CLIENT] - INFO - 
2025-04-01 15:49:43 - [Cluster 1 - CLIENT] - INFO - Received: evaluate message 679d8428-ee83-4bba-8c54-4886c3873fe5
2025-04-01 15:49:44 - [Cluster 1 - CLIENT] - INFO - [Store 269] Evaluation - Loss: 0.2384, MAE: 0.3319
2025-04-01 15:49:44 - [Cluster 1 - CLIENT] - INFO - Sent reply
2025-04-01 15:49:44 - [Cluster 1 - CLIENT] - INFO - [Store 914] Evaluation - Loss: 0.1841, MAE: 0.2601
2025-04-01 15:49:44 - [Cluster 1 - CLIENT] - INFO - Sent reply
2025-04-01 15:49:44 - [Cluster 1 - CLIENT] - INFO - [Store 195] Evaluation - Loss: 0.2672, MAE: 0.3117
2025-04-01 15:49:44 - [Cluster 1 - CLIENT] - INFO - Sent reply
2025-04-01 15:49:44 - [Cluster 1 - CLIENT] - INFO - [Store 753] Evaluation - Loss: 0.1989, MAE: 0.2662
2025-04-01 15:49:44 - [Cluster 1 - CLIENT] - INFO - Sent reply
2025-04-01 15:49:44 - [Cluster 1 - CLIENT] - INFO - [Store 207] Evaluation - Loss: 0.1585, MAE: 0.2425
2025-04-01 15:49:44 - [Cluster 1 - CLIENT] - INFO - Sent reply
2025-04-01 15:49:44 - [Cluster 1 - CLIENT] - INFO - [Store 807] Evaluation - Loss: 0.2642, MAE: 0.3212
2025-04-01 15:49:44 - [Cluster 1 - CLIENT] - INFO - Sent reply
2025-04-01 15:49:44 - [Cluster 1 - CLIENT] - INFO - [Store 699] Evaluation - Loss: 0.5183, MAE: 0.3895
2025-04-01 15:49:44 - [Cluster 1 - CLIENT] - INFO - Sent reply
2025-04-01 15:49:44 - [Cluster 1 - CLIENT] - INFO - [Store 527] Evaluation - Loss: 0.2444, MAE: 0.2975
2025-04-01 15:49:44 - [Cluster 1 - CLIENT] - INFO - Sent reply
2025-04-01 15:49:44 - [Cluster 1 - CLIENT] - INFO - [Store 211] Evaluation - Loss: 0.2063, MAE: 0.2790
2025-04-01 15:49:44 - [Cluster 1 - CLIENT] - INFO - Sent reply
2025-04-01 15:49:44 - [Cluster 1 - CLIENT] - INFO - [Store 532] Evaluation - Loss: 0.3606, MAE: 0.3676
2025-04-01 15:49:44 - [Cluster 1 - CLIENT] - INFO - Sent reply
2025-04-01 15:49:44 - [Cluster 1 - CLIENT] - INFO - [Store 384] Evaluation - Loss: 0.2100, MAE: 0.3005
2025-04-01 15:49:44 - [Cluster 1 - CLIENT] - INFO - Sent reply
2025-04-01 15:49:44 - [Cluster 1 - CLIENT] - INFO - [Store 106] Evaluation - Loss: 0.1890, MAE: 0.2687
2025-04-01 15:49:44 - [Cluster 1 - CLIENT] - INFO - Sent reply
2025-04-01 15:49:44 - [Cluster 1 - CLIENT] - INFO - [Store 608] Evaluation - Loss: 0.2274, MAE: 0.3225
2025-04-01 15:49:44 - [Cluster 1 - CLIENT] - INFO - Sent reply
2025-04-01 15:49:44 - [Cluster 1 - CLIENT] - INFO - [Store 431] Evaluation - Loss: 0.2658, MAE: 0.3170
2025-04-01 15:49:44 - [Cluster 1 - CLIENT] - INFO - Sent reply
2025-04-01 15:49:44 - [Cluster 1 - CLIENT] - INFO - [Store 615] Evaluation - Loss: 0.1990, MAE: 0.2278
2025-04-01 15:49:44 - [Cluster 1 - CLIENT] - INFO - Sent reply
2025-04-01 15:49:44 - [Cluster 1 - CLIENT] - INFO - 
2025-04-01 15:49:44 - [Cluster 1 - CLIENT] - INFO - Received: train message c1b0872f-709c-41cb-80b5-d17f2f559357
2025-04-01 15:49:44 - [Cluster 1 - CLIENT] - INFO - 
2025-04-01 15:49:44 - [Cluster 1 - CLIENT] - INFO - Received: train message b554da61-0398-4647-8edc-0879f5eb2b5d
2025-04-01 15:49:44 - [Cluster 1 - CLIENT] - INFO - 
2025-04-01 15:49:44 - [Cluster 1 - CLIENT] - INFO - Received: train message ac462f66-349e-4f3e-b5cd-b8d3d9e2be1b
2025-04-01 15:49:44 - [Cluster 1 - CLIENT] - INFO - 
2025-04-01 15:49:44 - [Cluster 1 - CLIENT] - INFO - Received: train message 6eeaef7b-21a0-47dc-bfcd-4c067d1024d3
2025-04-01 15:49:44 - [Cluster 1 - CLIENT] - INFO - 
2025-04-01 15:49:44 - [Cluster 1 - CLIENT] - INFO - Received: train message cf5d4c8d-ef26-4222-8095-6fcc15c4b3fd
2025-04-01 15:49:44 - [Cluster 1 - CLIENT] - INFO - 
2025-04-01 15:49:44 - [Cluster 1 - CLIENT] - INFO - Received: train message 107199a5-2f2c-47f4-ba3c-8a6304cdc3b0
2025-04-01 15:49:44 - [Cluster 1 - CLIENT] - INFO - [Store 809] Starting local training.
2025-04-01 15:49:44 - [Cluster 1 - CLIENT] - INFO - [Store 269] Starting local training.
2025-04-01 15:49:44 - [Cluster 1 - CLIENT] - INFO - [Store 938] Starting local training.
2025-04-01 15:49:44 - [Cluster 1 - CLIENT] - INFO - 
2025-04-01 15:49:44 - [Cluster 1 - CLIENT] - INFO - Received: train message 9095493c-efe4-4414-8e72-4b1da5627195
2025-04-01 15:49:44 - [Cluster 1 - CLIENT] - INFO - 
2025-04-01 15:49:44 - [Cluster 1 - CLIENT] - INFO - Received: train message 75dd0ad8-5c1c-468c-bf14-bdab50ad3747
2025-04-01 15:49:44 - [Cluster 1 - CLIENT] - INFO - 
2025-04-01 15:49:44 - [Cluster 1 - CLIENT] - INFO - Received: train message 00c84f70-80ed-43e9-b127-4a91ef601727
2025-04-01 15:49:44 - [Cluster 1 - CLIENT] - INFO - 
2025-04-01 15:49:44 - [Cluster 1 - CLIENT] - INFO - Received: train message 55a423a5-51aa-497a-a16f-025f8392c6d0
2025-04-01 15:49:44 - [Cluster 1 - CLIENT] - INFO - [Store 211] Starting local training.
2025-04-01 15:49:44 - [Cluster 1 - CLIENT] - INFO - [Store 562] Starting local training.
2025-04-01 15:49:44 - [Cluster 1 - CLIENT] - INFO - 
2025-04-01 15:49:44 - [Cluster 1 - CLIENT] - INFO - [Store 999] Starting local training.
2025-04-01 15:49:44 - [Cluster 1 - CLIENT] - INFO - Received: train message b58cda11-7ea0-4f2e-b713-969d2d01b782
2025-04-01 15:49:44 - [Cluster 1 - CLIENT] - INFO - [Store 431] Starting local training.
2025-04-01 15:49:44 - [Cluster 1 - CLIENT] - INFO - 
2025-04-01 15:49:44 - [Cluster 1 - CLIENT] - INFO - Received: train message c5247c5e-57f4-4a10-858d-c49d4a253e56
2025-04-01 15:49:44 - [Cluster 1 - CLIENT] - INFO - 
2025-04-01 15:49:44 - [Cluster 1 - CLIENT] - INFO - Received: train message abf23161-2a57-4f14-9bd4-71d2aa981919
2025-04-01 15:49:44 - [Cluster 1 - CLIENT] - INFO - [Store 699] Starting local training.
2025-04-01 15:49:44 - [Cluster 1 - CLIENT] - INFO - [Store 753] Starting local training.
2025-04-01 15:49:44 - [Cluster 1 - CLIENT] - INFO - 
2025-04-01 15:49:44 - [Cluster 1 - CLIENT] - INFO - Received: train message 0a2d963b-6f1b-469a-8396-4d2b02615b04
2025-04-01 15:49:44 - [Cluster 1 - CLIENT] - INFO - 
2025-04-01 15:49:44 - [Cluster 1 - CLIENT] - INFO - Received: train message 405ac1c9-bab2-434e-b4b7-01ec7bffa0f0
2025-04-01 15:49:44 - [Cluster 1 - CLIENT] - INFO - [Store 382] Starting local training.
2025-04-01 15:49:44 - [Cluster 1 - CLIENT] - INFO - [Store 615] Starting local training.
2025-04-01 15:49:44 - [Cluster 1 - CLIENT] - INFO - [Store 1033] Starting local training.
2025-04-01 15:49:44 - [Cluster 1 - CLIENT] - INFO - [Store 755] Starting local training.
2025-04-01 15:49:44 - [Cluster 1 - CLIENT] - INFO - [Store 655] Starting local training.
2025-04-01 15:49:44 - [Cluster 1 - CLIENT] - INFO - [Store 579] Starting local training.
2025-04-01 15:52:59 - [Cluster 1 - CLIENT] - INFO - [Store 431] Local training complete.
2025-04-01 15:52:59 - [Cluster 1 - CLIENT] - INFO - Sent reply
2025-04-01 15:52:59 - [Cluster 1 - CLIENT] - INFO - 
2025-04-01 15:52:59 - [Cluster 1 - CLIENT] - INFO - Received: train message 59692e99-e186-49eb-bc55-7eeb51161ef7
2025-04-01 15:52:59 - [Cluster 1 - CLIENT] - INFO - [Store 532] Starting local training.
2025-04-01 15:53:01 - [Cluster 1 - CLIENT] - INFO - [Store 562] Local training complete.
2025-04-01 15:53:02 - [Cluster 1 - CLIENT] - INFO - Sent reply
2025-04-01 15:53:02 - [Cluster 1 - CLIENT] - INFO - 
2025-04-01 15:53:02 - [Cluster 1 - CLIENT] - INFO - Received: train message 6eca7923-3089-4417-9a1d-9eccd86ad924
2025-04-01 15:53:02 - [Cluster 1 - CLIENT] - INFO - [Store 207] Starting local training.
2025-04-01 15:53:02 - [Cluster 1 - CLIENT] - INFO - [Store 755] Local training complete.
2025-04-01 15:53:02 - [Cluster 1 - CLIENT] - INFO - Sent reply
2025-04-01 15:53:02 - [Cluster 1 - CLIENT] - INFO - 
2025-04-01 15:53:02 - [Cluster 1 - CLIENT] - INFO - Received: train message 1060fb1d-2fe8-4484-9713-cd60e93b06fa
2025-04-01 15:53:02 - [Cluster 1 - CLIENT] - INFO - [Store 269] Local training complete.
2025-04-01 15:53:02 - [Cluster 1 - CLIENT] - INFO - [Store 608] Starting local training.
2025-04-01 15:53:02 - [Cluster 1 - CLIENT] - INFO - Sent reply
2025-04-01 15:53:02 - [Cluster 1 - CLIENT] - INFO - 
2025-04-01 15:53:02 - [Cluster 1 - CLIENT] - INFO - Received: train message 568b2032-277e-42f2-9751-e1c2da072c49
2025-04-01 15:53:02 - [Cluster 1 - CLIENT] - INFO - [Store 753] Local training complete.
2025-04-01 15:53:02 - [Cluster 1 - CLIENT] - INFO - [Store 524] Starting local training.
2025-04-01 15:53:02 - [Cluster 1 - CLIENT] - INFO - Sent reply
2025-04-01 15:53:02 - [Cluster 1 - CLIENT] - INFO - 
2025-04-01 15:53:02 - [Cluster 1 - CLIENT] - INFO - Received: train message 4cdb4e5c-bb92-413b-a36a-fafb4f9d8247
2025-04-01 15:53:03 - [Cluster 1 - CLIENT] - INFO - [Store 914] Starting local training.
2025-04-01 15:53:03 - [Cluster 1 - CLIENT] - INFO - [Store 655] Local training complete.
2025-04-01 15:53:03 - [Cluster 1 - CLIENT] - INFO - Sent reply
2025-04-01 15:53:03 - [Cluster 1 - CLIENT] - INFO - 
2025-04-01 15:53:03 - [Cluster 1 - CLIENT] - INFO - Received: train message 1a6b6611-632e-4a70-8778-b04b47c48ee9
2025-04-01 15:53:03 - [Cluster 1 - CLIENT] - INFO - [Store 906] Starting local training.
2025-04-01 15:53:04 - [Cluster 1 - CLIENT] - INFO - [Store 615] Local training complete.
2025-04-01 15:53:04 - [Cluster 1 - CLIENT] - INFO - Sent reply
2025-04-01 15:53:04 - [Cluster 1 - CLIENT] - INFO - 
2025-04-01 15:53:04 - [Cluster 1 - CLIENT] - INFO - Received: train message 197ab4bf-f63d-4b71-98c8-9bc397971bc0
2025-04-01 15:53:04 - [Cluster 1 - CLIENT] - INFO - [Store 106] Starting local training.
2025-04-01 15:53:05 - [Cluster 1 - CLIENT] - INFO - [Store 699] Local training complete.
2025-04-01 15:53:05 - [Cluster 1 - CLIENT] - INFO - Sent reply
2025-04-01 15:53:05 - [Cluster 1 - CLIENT] - INFO - 
2025-04-01 15:53:05 - [Cluster 1 - CLIENT] - INFO - Received: train message c8da6694-1554-4f44-9a56-72525a2656c7
2025-04-01 15:53:05 - [Cluster 1 - CLIENT] - INFO - [Store 195] Starting local training.
2025-04-01 15:53:05 - [Cluster 1 - CLIENT] - INFO - [Store 1033] Local training complete.
2025-04-01 15:53:05 - [Cluster 1 - CLIENT] - INFO - Sent reply
2025-04-01 15:53:05 - [Cluster 1 - CLIENT] - INFO - [Store 211] Local training complete.
2025-04-01 15:53:05 - [Cluster 1 - CLIENT] - INFO - 
2025-04-01 15:53:05 - [Cluster 1 - CLIENT] - INFO - Received: train message a593c484-cc34-4f66-961d-dbdc560f6d0a
2025-04-01 15:53:05 - [Cluster 1 - CLIENT] - INFO - [Store 526] Starting local training.
2025-04-01 15:53:06 - [Cluster 1 - CLIENT] - INFO - Sent reply
2025-04-01 15:53:06 - [Cluster 1 - CLIENT] - INFO - 
2025-04-01 15:53:06 - [Cluster 1 - CLIENT] - INFO - Received: train message ad63b25e-4d63-452e-a5a8-3f257e720b07
2025-04-01 15:53:06 - [Cluster 1 - CLIENT] - INFO - [Store 527] Starting local training.
2025-04-01 15:53:06 - [Cluster 1 - CLIENT] - INFO - [Store 809] Local training complete.
2025-04-01 15:53:07 - [Cluster 1 - CLIENT] - INFO - Sent reply
2025-04-01 15:53:07 - [Cluster 1 - CLIENT] - INFO - 
2025-04-01 15:53:07 - [Cluster 1 - CLIENT] - INFO - Received: train message 8894f2da-c850-494d-8bb3-b16930cc93cc
2025-04-01 15:53:07 - [Cluster 1 - CLIENT] - INFO - [Store 807] Starting local training.
2025-04-01 15:53:08 - [Cluster 1 - CLIENT] - INFO - [Store 579] Local training complete.
2025-04-01 15:53:08 - [Cluster 1 - CLIENT] - INFO - Sent reply
2025-04-01 15:53:08 - [Cluster 1 - CLIENT] - INFO - 
2025-04-01 15:53:08 - [Cluster 1 - CLIENT] - INFO - Received: train message 6e97c174-7a9b-4765-ab32-a3a23655bce2
2025-04-01 15:53:08 - [Cluster 1 - CLIENT] - INFO - [Store 384] Starting local training.
2025-04-01 15:53:08 - [Cluster 1 - CLIENT] - INFO - [Store 999] Local training complete.
2025-04-01 15:53:08 - [Cluster 1 - CLIENT] - INFO - Sent reply
2025-04-01 15:53:08 - [Cluster 1 - CLIENT] - INFO - 
2025-04-01 15:53:08 - [Cluster 1 - CLIENT] - INFO - Received: train message 4392b27c-7271-455f-ba18-8e4e85daedac
2025-04-01 15:53:08 - [Cluster 1 - CLIENT] - INFO - [Store 849] Starting local training.
2025-04-01 15:53:09 - [Cluster 1 - CLIENT] - INFO - [Store 938] Local training complete.
2025-04-01 15:53:09 - [Cluster 1 - CLIENT] - INFO - Sent reply
2025-04-01 15:53:09 - [Cluster 1 - CLIENT] - INFO - 
2025-04-01 15:53:09 - [Cluster 1 - CLIENT] - INFO - Received: train message 3506b98e-7d3d-4f62-b1e4-d6bd1f4bc1fb
2025-04-01 15:53:09 - [Cluster 1 - CLIENT] - INFO - [Store 665] Starting local training.
2025-04-01 15:53:12 - [Cluster 1 - CLIENT] - INFO - [Store 382] Local training complete.
2025-04-01 15:53:12 - [Cluster 1 - CLIENT] - INFO - Sent reply
2025-04-01 15:53:12 - [Cluster 1 - CLIENT] - INFO - 
2025-04-01 15:53:12 - [Cluster 1 - CLIENT] - INFO - Received: train message fdc16333-66b6-4c31-902d-2b8076eeeae7
2025-04-01 15:53:12 - [Cluster 1 - CLIENT] - INFO - [Store 682] Starting local training.
2025-04-01 15:56:24 - [Cluster 1 - CLIENT] - INFO - [Store 914] Local training complete.
2025-04-01 15:56:24 - [Cluster 1 - CLIENT] - INFO - Sent reply
2025-04-01 15:56:28 - [Cluster 1 - CLIENT] - INFO - [Store 524] Local training complete.
2025-04-01 15:56:28 - [Cluster 1 - CLIENT] - INFO - Sent reply
2025-04-01 15:56:30 - [Cluster 1 - CLIENT] - INFO - [Store 195] Local training complete.
2025-04-01 15:56:30 - [Cluster 1 - CLIENT] - INFO - Sent reply
2025-04-01 15:56:30 - [Cluster 1 - CLIENT] - INFO - [Store 906] Local training complete.
2025-04-01 15:56:30 - [Cluster 1 - CLIENT] - INFO - Sent reply
2025-04-01 15:56:32 - [Cluster 1 - CLIENT] - INFO - [Store 526] Local training complete.
2025-04-01 15:56:32 - [Cluster 1 - CLIENT] - INFO - Sent reply
2025-04-01 15:56:32 - [Cluster 1 - CLIENT] - INFO - [Store 608] Local training complete.
2025-04-01 15:56:32 - [Cluster 1 - CLIENT] - INFO - Sent reply
2025-04-01 15:56:32 - [Cluster 1 - CLIENT] - INFO - [Store 807] Local training complete.
2025-04-01 15:56:32 - [Cluster 1 - CLIENT] - INFO - Sent reply
2025-04-01 15:56:32 - [Cluster 1 - CLIENT] - INFO - [Store 682] Local training complete.
2025-04-01 15:56:33 - [Cluster 1 - CLIENT] - INFO - Sent reply
2025-04-01 15:56:33 - [Cluster 1 - CLIENT] - INFO - [Store 106] Local training complete.
2025-04-01 15:56:33 - [Cluster 1 - CLIENT] - INFO - Sent reply
2025-04-01 15:56:33 - [Cluster 1 - CLIENT] - INFO - [Store 527] Local training complete.
2025-04-01 15:56:33 - [Cluster 1 - CLIENT] - INFO - Sent reply
2025-04-01 15:56:33 - [Cluster 1 - CLIENT] - INFO - [Store 849] Local training complete.
2025-04-01 15:56:33 - [Cluster 1 - CLIENT] - INFO - Sent reply
2025-04-01 15:56:34 - [Cluster 1 - CLIENT] - INFO - [Store 665] Local training complete.
2025-04-01 15:56:34 - [Cluster 1 - CLIENT] - INFO - Sent reply
2025-04-01 15:56:34 - [Cluster 1 - CLIENT] - INFO - [Store 384] Local training complete.
2025-04-01 15:56:34 - [Cluster 1 - CLIENT] - INFO - Sent reply
2025-04-01 15:56:35 - [Cluster 1 - CLIENT] - INFO - [Store 532] Local training complete.
2025-04-01 15:56:35 - [Cluster 1 - CLIENT] - INFO - Sent reply
2025-04-01 15:56:35 - [Cluster 1 - CLIENT] - INFO - [Store 207] Local training complete.
2025-04-01 15:56:35 - [Cluster 1 - CLIENT] - INFO - Sent reply
2025-04-01 15:56:35 - [Cluster 1 - CLIENT] - INFO - 
2025-04-01 15:56:35 - [Cluster 1 - CLIENT] - INFO - Received: evaluate message 4cc0be4f-5320-4fd9-92f7-d5acd0b605f5
2025-04-01 15:56:35 - [Cluster 1 - CLIENT] - INFO - 
2025-04-01 15:56:35 - [Cluster 1 - CLIENT] - INFO - Received: evaluate message 3cb80c81-b3d7-44e2-947f-adb9877edd8e
2025-04-01 15:56:35 - [Cluster 1 - CLIENT] - INFO - 
2025-04-01 15:56:35 - [Cluster 1 - CLIENT] - INFO - Received: evaluate message 49c53fcf-b557-4e89-aa9d-7c8fbd2c5ee3
2025-04-01 15:56:35 - [Cluster 1 - CLIENT] - INFO - 
2025-04-01 15:56:35 - [Cluster 1 - CLIENT] - INFO - Received: evaluate message 234949af-74df-4dc5-b466-970b2ce3f58a
2025-04-01 15:56:35 - [Cluster 1 - CLIENT] - INFO - 
2025-04-01 15:56:35 - [Cluster 1 - CLIENT] - INFO - Received: evaluate message c9e37bc4-f934-425f-bfb0-9c1105aa9801
2025-04-01 15:56:35 - [Cluster 1 - CLIENT] - INFO - 
2025-04-01 15:56:35 - [Cluster 1 - CLIENT] - INFO - Received: evaluate message 4f2df296-cebc-414a-b0f2-79c4cb498c44
2025-04-01 15:56:35 - [Cluster 1 - CLIENT] - INFO - 
2025-04-01 15:56:35 - [Cluster 1 - CLIENT] - INFO - Received: evaluate message be458d8d-29b7-416a-b2d8-bc506654ae2d
2025-04-01 15:56:35 - [Cluster 1 - CLIENT] - INFO - 
2025-04-01 15:56:35 - [Cluster 1 - CLIENT] - INFO - Received: evaluate message 69f0308f-1dff-4f68-8302-dcdbfcc4f1fa
2025-04-01 15:56:35 - [Cluster 1 - CLIENT] - INFO - 
2025-04-01 15:56:35 - [Cluster 1 - CLIENT] - INFO - Received: evaluate message 874f11b8-ee20-41cb-867d-d08879ce5a4a
2025-04-01 15:56:35 - [Cluster 1 - CLIENT] - INFO - 
2025-04-01 15:56:35 - [Cluster 1 - CLIENT] - INFO - Received: evaluate message 78d2d66e-9080-4093-b485-ff3038f9d259
2025-04-01 15:56:35 - [Cluster 1 - CLIENT] - INFO - 
2025-04-01 15:56:35 - [Cluster 1 - CLIENT] - INFO - Received: evaluate message 710f9661-9f1f-4a72-8186-842aec8d19a7
2025-04-01 15:56:35 - [Cluster 1 - CLIENT] - INFO - 
2025-04-01 15:56:35 - [Cluster 1 - CLIENT] - INFO - Received: evaluate message 518bd024-58f9-42e7-a31e-bc46cb920728
2025-04-01 15:56:35 - [Cluster 1 - CLIENT] - INFO - 
2025-04-01 15:56:35 - [Cluster 1 - CLIENT] - INFO - Received: evaluate message fa00dc79-56e3-4e81-b7b0-9cf34a6e4223
2025-04-01 15:56:35 - [Cluster 1 - CLIENT] - INFO - 
2025-04-01 15:56:35 - [Cluster 1 - CLIENT] - INFO - Received: evaluate message 8920b962-d99a-49e8-96b5-6acfe10d7046
2025-04-01 15:56:35 - [Cluster 1 - CLIENT] - INFO - 
2025-04-01 15:56:35 - [Cluster 1 - CLIENT] - INFO - Received: evaluate message 38941b87-a533-49b0-8d6f-a286ef757dbf
2025-04-01 15:56:36 - [Cluster 1 - CLIENT] - INFO - [Store 384] Evaluation - Loss: 0.2110, MAE: 0.3025
2025-04-01 15:56:36 - [Cluster 1 - CLIENT] - INFO - Sent reply
2025-04-01 15:56:36 - [Cluster 1 - CLIENT] - INFO - 
2025-04-01 15:56:36 - [Cluster 1 - CLIENT] - INFO - Received: evaluate message 45d3a082-3084-43ad-b1d5-c3a345d9ab14
2025-04-01 15:56:36 - [Cluster 1 - CLIENT] - INFO - [Store 682] Evaluation - Loss: 0.3004, MAE: 0.4420
2025-04-01 15:56:36 - [Cluster 1 - CLIENT] - INFO - Sent reply
2025-04-01 15:56:36 - [Cluster 1 - CLIENT] - INFO - 
2025-04-01 15:56:36 - [Cluster 1 - CLIENT] - INFO - Received: evaluate message 3f695611-7cb0-480a-836a-a3499d822240
2025-04-01 15:56:36 - [Cluster 1 - CLIENT] - INFO - [Store 579] Evaluation - Loss: 0.1864, MAE: 0.2645
2025-04-01 15:56:36 - [Cluster 1 - CLIENT] - INFO - Sent reply
2025-04-01 15:56:36 - [Cluster 1 - CLIENT] - INFO - 
2025-04-01 15:56:36 - [Cluster 1 - CLIENT] - INFO - Received: evaluate message 11a02521-e6ef-42ba-b10d-e1dae10eb49c
2025-04-01 15:56:36 - [Cluster 1 - CLIENT] - INFO - [Store 665] Evaluation - Loss: 0.1999, MAE: 0.2602
2025-04-01 15:56:36 - [Cluster 1 - CLIENT] - INFO - Sent reply
2025-04-01 15:56:36 - [Cluster 1 - CLIENT] - INFO - [Store 608] Evaluation - Loss: 0.2278, MAE: 0.3231
2025-04-01 15:56:36 - [Cluster 1 - CLIENT] - INFO - Sent reply
2025-04-01 15:56:36 - [Cluster 1 - CLIENT] - INFO - 
2025-04-01 15:56:36 - [Cluster 1 - CLIENT] - INFO - Received: evaluate message 94f76531-c157-4d59-b095-bac7bf73b93d
2025-04-01 15:56:36 - [Cluster 1 - CLIENT] - INFO - 
2025-04-01 15:56:36 - [Cluster 1 - CLIENT] - INFO - Received: evaluate message 49bb3cb5-5c0c-413e-a2e0-d88080c0766d
2025-04-01 15:56:36 - [Cluster 1 - CLIENT] - INFO - [Store 207] Evaluation - Loss: 0.1574, MAE: 0.2385
2025-04-01 15:56:36 - [Cluster 1 - CLIENT] - INFO - Sent reply
2025-04-01 15:56:36 - [Cluster 1 - CLIENT] - INFO - [Store 849] Evaluation - Loss: 0.1945, MAE: 0.2779
2025-04-01 15:56:36 - [Cluster 1 - CLIENT] - INFO - Sent reply
2025-04-01 15:56:36 - [Cluster 1 - CLIENT] - INFO - 
2025-04-01 15:56:36 - [Cluster 1 - CLIENT] - INFO - Received: evaluate message f31ad1e5-6ac2-40d4-9e80-540ad1c7d791
2025-04-01 15:56:36 - [Cluster 1 - CLIENT] - INFO - 
2025-04-01 15:56:36 - [Cluster 1 - CLIENT] - INFO - Received: evaluate message c2ee3e80-b1f5-4b93-a0bf-106693e2a9ff
2025-04-01 15:56:36 - [Cluster 1 - CLIENT] - INFO - [Store 755] Evaluation - Loss: 0.2194, MAE: 0.2723
2025-04-01 15:56:36 - [Cluster 1 - CLIENT] - INFO - Sent reply
2025-04-01 15:56:36 - [Cluster 1 - CLIENT] - INFO - [Store 269] Evaluation - Loss: 0.2340, MAE: 0.3251
2025-04-01 15:56:36 - [Cluster 1 - CLIENT] - INFO - Sent reply
2025-04-01 15:56:36 - [Cluster 1 - CLIENT] - INFO - 
2025-04-01 15:56:36 - [Cluster 1 - CLIENT] - INFO - Received: evaluate message d44e58f7-da7e-4b74-b5be-93364f882a48
2025-04-01 15:56:36 - [Cluster 1 - CLIENT] - INFO - 
2025-04-01 15:56:36 - [Cluster 1 - CLIENT] - INFO - Received: evaluate message 1586ee84-2470-42cc-b267-3a5b2c5b5baf
2025-04-01 15:56:36 - [Cluster 1 - CLIENT] - INFO - [Store 699] Evaluation - Loss: 0.5328, MAE: 0.3899
2025-04-01 15:56:36 - [Cluster 1 - CLIENT] - INFO - [Store 938] Evaluation - Loss: 0.1950, MAE: 0.2393
2025-04-01 15:56:36 - [Cluster 1 - CLIENT] - INFO - Sent reply
2025-04-01 15:56:36 - [Cluster 1 - CLIENT] - INFO - [Store 753] Evaluation - Loss: 0.1980, MAE: 0.2651
2025-04-01 15:56:36 - [Cluster 1 - CLIENT] - INFO - Sent reply
2025-04-01 15:56:36 - [Cluster 1 - CLIENT] - INFO - Sent reply
2025-04-01 15:56:36 - [Cluster 1 - CLIENT] - INFO - [Store 211] Evaluation - Loss: 0.2072, MAE: 0.2832
2025-04-01 15:56:36 - [Cluster 1 - CLIENT] - INFO - Sent reply
2025-04-01 15:56:36 - [Cluster 1 - CLIENT] - INFO - 
2025-04-01 15:56:36 - [Cluster 1 - CLIENT] - INFO - Received: evaluate message 49c06da5-7c41-4e6a-81e7-edfed8859e11
2025-04-01 15:56:36 - [Cluster 1 - CLIENT] - INFO - 
2025-04-01 15:56:36 - [Cluster 1 - CLIENT] - INFO - Received: evaluate message 37d3dcd1-eff6-4d92-b1ba-a6e8aaea64bd
2025-04-01 15:56:36 - [Cluster 1 - CLIENT] - INFO - 
2025-04-01 15:56:36 - [Cluster 1 - CLIENT] - INFO - Received: evaluate message 1fc3e702-8b44-43a2-9070-9c14efba662a
2025-04-01 15:56:36 - [Cluster 1 - CLIENT] - INFO - 
2025-04-01 15:56:36 - [Cluster 1 - CLIENT] - INFO - Received: evaluate message 6a9b17f1-2789-411e-86fd-3ae10cd361b9
2025-04-01 15:56:36 - [Cluster 1 - CLIENT] - INFO - [Store 615] Evaluation - Loss: 0.1976, MAE: 0.2275
2025-04-01 15:56:36 - [Cluster 1 - CLIENT] - INFO - Sent reply
2025-04-01 15:56:36 - [Cluster 1 - CLIENT] - INFO - 
2025-04-01 15:56:36 - [Cluster 1 - CLIENT] - INFO - Received: evaluate message 762efc8e-5092-415d-b4f6-c6b99e8cc7d0
2025-04-01 15:56:37 - [Cluster 1 - CLIENT] - INFO - [Store 562] Evaluation - Loss: 0.4175, MAE: 0.5025
2025-04-01 15:56:37 - [Cluster 1 - CLIENT] - INFO - Sent reply
2025-04-01 15:56:37 - [Cluster 1 - CLIENT] - INFO - 
2025-04-01 15:56:37 - [Cluster 1 - CLIENT] - INFO - Received: evaluate message 975d0fcd-b684-4280-b339-94bc85bca450
2025-04-01 15:56:37 - [Cluster 1 - CLIENT] - INFO - [Store 524] Evaluation - Loss: 0.2335, MAE: 0.2936
2025-04-01 15:56:37 - [Cluster 1 - CLIENT] - INFO - Sent reply
2025-04-01 15:56:37 - [Cluster 1 - CLIENT] - INFO - [Store 431] Evaluation - Loss: 0.2692, MAE: 0.3204
2025-04-01 15:56:37 - [Cluster 1 - CLIENT] - INFO - Sent reply
2025-04-01 15:56:37 - [Cluster 1 - CLIENT] - INFO - [Store 807] Evaluation - Loss: 0.2685, MAE: 0.3282
2025-04-01 15:56:37 - [Cluster 1 - CLIENT] - INFO - Sent reply
2025-04-01 15:56:37 - [Cluster 1 - CLIENT] - INFO - [Store 906] Evaluation - Loss: 0.2028, MAE: 0.2536
2025-04-01 15:56:37 - [Cluster 1 - CLIENT] - INFO - Sent reply
2025-04-01 15:56:37 - [Cluster 1 - CLIENT] - INFO - [Store 809] Evaluation - Loss: 0.2564, MAE: 0.3365
2025-04-01 15:56:37 - [Cluster 1 - CLIENT] - INFO - Sent reply
2025-04-01 15:56:37 - [Cluster 1 - CLIENT] - INFO - [Store 195] Evaluation - Loss: 0.2671, MAE: 0.3125
2025-04-01 15:56:37 - [Cluster 1 - CLIENT] - INFO - Sent reply
2025-04-01 15:56:37 - [Cluster 1 - CLIENT] - INFO - [Store 106] Evaluation - Loss: 0.1904, MAE: 0.2720
2025-04-01 15:56:37 - [Cluster 1 - CLIENT] - INFO - Sent reply
2025-04-01 15:56:37 - [Cluster 1 - CLIENT] - INFO - [Store 532] Evaluation - Loss: 0.3687, MAE: 0.3750
2025-04-01 15:56:37 - [Cluster 1 - CLIENT] - INFO - Sent reply
2025-04-01 15:56:37 - [Cluster 1 - CLIENT] - INFO - [Store 999] Evaluation - Loss: 0.1731, MAE: 0.2730
2025-04-01 15:56:37 - [Cluster 1 - CLIENT] - INFO - Sent reply
2025-04-01 15:56:37 - [Cluster 1 - CLIENT] - INFO - [Store 914] Evaluation - Loss: 0.1842, MAE: 0.2618
2025-04-01 15:56:37 - [Cluster 1 - CLIENT] - INFO - Sent reply
2025-04-01 15:56:37 - [Cluster 1 - CLIENT] - INFO - [Store 1033] Evaluation - Loss: 0.1921, MAE: 0.2636
2025-04-01 15:56:37 - [Cluster 1 - CLIENT] - INFO - Sent reply
2025-04-01 15:56:37 - [Cluster 1 - CLIENT] - INFO - [Store 655] Evaluation - Loss: 0.2994, MAE: 0.3542
2025-04-01 15:56:37 - [Cluster 1 - CLIENT] - INFO - Sent reply
2025-04-01 15:56:37 - [Cluster 1 - CLIENT] - INFO - [Store 382] Evaluation - Loss: 0.1744, MAE: 0.2682
2025-04-01 15:56:37 - [Cluster 1 - CLIENT] - INFO - Sent reply
2025-04-01 15:56:37 - [Cluster 1 - CLIENT] - INFO - [Store 527] Evaluation - Loss: 0.2457, MAE: 0.3037
2025-04-01 15:56:37 - [Cluster 1 - CLIENT] - INFO - Sent reply
2025-04-01 15:56:37 - [Cluster 1 - CLIENT] - INFO - [Store 526] Evaluation - Loss: 0.1683, MAE: 0.2661
2025-04-01 15:56:37 - [Cluster 1 - CLIENT] - INFO - Sent reply
2025-04-01 15:56:37 - [Cluster 1 - CLIENT] - INFO - 
2025-04-01 15:56:37 - [Cluster 1 - CLIENT] - INFO - Received: train message 0d267ffc-8f79-4d46-b20b-e496307c1481
2025-04-01 15:56:37 - [Cluster 1 - CLIENT] - INFO - 
2025-04-01 15:56:37 - [Cluster 1 - CLIENT] - INFO - Received: train message 63c622d3-618f-4289-954d-3d3cb9e4a508
2025-04-01 15:56:37 - [Cluster 1 - CLIENT] - INFO - 
2025-04-01 15:56:37 - [Cluster 1 - CLIENT] - INFO - Received: train message a12107a1-ce8b-46a4-8d78-4aa6511e2844
2025-04-01 15:56:37 - [Cluster 1 - CLIENT] - INFO - [Store 999] Starting local training.
2025-04-01 15:56:37 - [Cluster 1 - CLIENT] - INFO - [Store 906] Starting local training.
2025-04-01 15:56:37 - [Cluster 1 - CLIENT] - INFO - [Store 809] Starting local training.
2025-04-01 15:56:37 - [Cluster 1 - CLIENT] - INFO - 
2025-04-01 15:56:37 - [Cluster 1 - CLIENT] - INFO - Received: train message cc6f1e7a-a442-42d4-8032-d9fe64f91573
2025-04-01 15:56:37 - [Cluster 1 - CLIENT] - INFO - 
2025-04-01 15:56:37 - [Cluster 1 - CLIENT] - INFO - Received: train message 53ff03bf-f62f-4c84-9ce1-363401811acf
2025-04-01 15:56:37 - [Cluster 1 - CLIENT] - INFO - 
2025-04-01 15:56:37 - [Cluster 1 - CLIENT] - INFO - Received: train message 1acb4462-54de-4811-a300-1be1dbe77227
2025-04-01 15:56:37 - [Cluster 1 - CLIENT] - INFO - 
2025-04-01 15:56:37 - [Cluster 1 - CLIENT] - INFO - Received: train message 902e8068-c870-401b-88a2-069800dd47ef
2025-04-01 15:56:37 - [Cluster 1 - CLIENT] - INFO - 
2025-04-01 15:56:37 - [Cluster 1 - CLIENT] - INFO - Received: train message 68868d30-1737-4606-898e-704f3c214674
2025-04-01 15:56:37 - [Cluster 1 - CLIENT] - INFO - 
2025-04-01 15:56:37 - [Cluster 1 - CLIENT] - INFO - Received: train message c9e98391-1412-46d8-91a5-8a7dccd76f54
2025-04-01 15:56:37 - [Cluster 1 - CLIENT] - INFO - 
2025-04-01 15:56:37 - [Cluster 1 - CLIENT] - INFO - Received: train message f0d7bac4-816f-412b-ad61-cee7ce340edc
2025-04-01 15:56:37 - [Cluster 1 - CLIENT] - INFO - [Store 1033] Starting local training.
2025-04-01 15:56:37 - [Cluster 1 - CLIENT] - INFO - 
2025-04-01 15:56:37 - [Cluster 1 - CLIENT] - INFO - Received: train message 3d1bbbb1-77b5-4688-800f-50668fd5374a
2025-04-01 15:56:37 - [Cluster 1 - CLIENT] - INFO - 
2025-04-01 15:56:37 - [Cluster 1 - CLIENT] - INFO - Received: train message f75a8185-709c-4729-9168-b6cf50c00663
2025-04-01 15:56:37 - [Cluster 1 - CLIENT] - INFO - [Store 914] Starting local training.
2025-04-01 15:56:37 - [Cluster 1 - CLIENT] - INFO - [Store 382] Starting local training.
2025-04-01 15:56:37 - [Cluster 1 - CLIENT] - INFO - 
2025-04-01 15:56:37 - [Cluster 1 - CLIENT] - INFO - Received: train message c1b68c87-bfa8-4ded-a577-cb254c484677
2025-04-01 15:56:37 - [Cluster 1 - CLIENT] - INFO - 
2025-04-01 15:56:37 - [Cluster 1 - CLIENT] - INFO - Received: train message 50101db2-d496-4bd6-8841-825cb82ab569
2025-04-01 15:56:37 - [Cluster 1 - CLIENT] - INFO - [Store 753] Starting local training.
2025-04-01 15:56:37 - [Cluster 1 - CLIENT] - INFO - [Store 608] Starting local training.
2025-04-01 15:56:37 - [Cluster 1 - CLIENT] - INFO - 
2025-04-01 15:56:37 - [Cluster 1 - CLIENT] - INFO - Received: train message 944d04be-bd6e-4b1f-81c6-612b25c0cd75
2025-04-01 15:56:37 - [Cluster 1 - CLIENT] - INFO - [Store 532] Starting local training.
2025-04-01 15:56:37 - [Cluster 1 - CLIENT] - INFO - [Store 384] Starting local training.
2025-04-01 15:56:38 - [Cluster 1 - CLIENT] - INFO - [Store 524] Starting local training.
2025-04-01 15:56:38 - [Cluster 1 - CLIENT] - INFO - [Store 755] Starting local training.
2025-04-01 15:56:38 - [Cluster 1 - CLIENT] - INFO - [Store 269] Starting local training.
2025-04-01 15:56:38 - [Cluster 1 - CLIENT] - INFO - [Store 106] Starting local training.
2025-04-01 15:56:38 - [Cluster 1 - CLIENT] - INFO - [Store 195] Starting local training.
2025-04-01 16:00:00 - [Cluster 1 - CLIENT] - INFO - [Store 269] Local training complete.
2025-04-01 16:00:00 - [Cluster 1 - CLIENT] - INFO - Sent reply
2025-04-01 16:00:00 - [Cluster 1 - CLIENT] - INFO - 
2025-04-01 16:00:00 - [Cluster 1 - CLIENT] - INFO - Received: train message 0a671040-67d5-4c21-ab35-4a1d1b7fe2ce
2025-04-01 16:00:00 - [Cluster 1 - CLIENT] - INFO - [Store 807] Starting local training.
2025-04-01 16:00:02 - [Cluster 1 - CLIENT] - INFO - [Store 753] Local training complete.
2025-04-01 16:00:02 - [Cluster 1 - CLIENT] - INFO - Sent reply
2025-04-01 16:00:02 - [Cluster 1 - CLIENT] - INFO - 
2025-04-01 16:00:02 - [Cluster 1 - CLIENT] - INFO - Received: train message 84c4b9b5-403c-40a4-8016-1ffe5e6062bc
2025-04-01 16:00:02 - [Cluster 1 - CLIENT] - INFO - [Store 615] Starting local training.
2025-04-01 16:00:04 - [Cluster 1 - CLIENT] - INFO - [Store 608] Local training complete.
2025-04-01 16:00:04 - [Cluster 1 - CLIENT] - INFO - Sent reply
2025-04-01 16:00:04 - [Cluster 1 - CLIENT] - INFO - 
2025-04-01 16:00:04 - [Cluster 1 - CLIENT] - INFO - [Store 914] Local training complete.
2025-04-01 16:00:04 - [Cluster 1 - CLIENT] - INFO - Received: train message 3c4048dc-bbbd-4260-bc5e-5d91b5d14b51
2025-04-01 16:00:04 - [Cluster 1 - CLIENT] - INFO - Sent reply
2025-04-01 16:00:04 - [Cluster 1 - CLIENT] - INFO - [Store 106] Local training complete.
2025-04-01 16:00:04 - [Cluster 1 - CLIENT] - INFO - 
2025-04-01 16:00:04 - [Cluster 1 - CLIENT] - INFO - Received: train message 488f13a7-db73-4a39-a63b-0708d7787eeb
2025-04-01 16:00:04 - [Cluster 1 - CLIENT] - INFO - [Store 431] Starting local training.
2025-04-01 16:00:04 - [Cluster 1 - CLIENT] - INFO - [Store 562] Starting local training.
2025-04-01 16:00:04 - [Cluster 1 - CLIENT] - INFO - Sent reply
2025-04-01 16:00:04 - [Cluster 1 - CLIENT] - INFO - 
2025-04-01 16:00:04 - [Cluster 1 - CLIENT] - INFO - Received: train message af67d680-1069-439f-b740-4be6fce8b8a2
2025-04-01 16:00:04 - [Cluster 1 - CLIENT] - INFO - [Store 809] Local training complete.
2025-04-01 16:00:04 - [Cluster 1 - CLIENT] - INFO - [Store 579] Starting local training.
2025-04-01 16:00:05 - [Cluster 1 - CLIENT] - INFO - Sent reply
2025-04-01 16:00:05 - [Cluster 1 - CLIENT] - INFO - 
2025-04-01 16:00:05 - [Cluster 1 - CLIENT] - INFO - Received: train message 0d5acd98-3e9f-4a80-b7f2-070bf07338db
2025-04-01 16:00:05 - [Cluster 1 - CLIENT] - INFO - [Store 211] Starting local training.
2025-04-01 16:00:06 - [Cluster 1 - CLIENT] - INFO - [Store 906] Local training complete.
2025-04-01 16:00:06 - [Cluster 1 - CLIENT] - INFO - Sent reply
2025-04-01 16:00:06 - [Cluster 1 - CLIENT] - INFO - 
2025-04-01 16:00:06 - [Cluster 1 - CLIENT] - INFO - Received: train message 81b4717c-cece-42d4-ad09-8c83a9b55bf4
2025-04-01 16:00:06 - [Cluster 1 - CLIENT] - INFO - [Store 527] Starting local training.
2025-04-01 16:00:06 - [Cluster 1 - CLIENT] - INFO - [Store 384] Local training complete.
2025-04-01 16:00:06 - [Cluster 1 - CLIENT] - INFO - Sent reply
2025-04-01 16:00:06 - [Cluster 1 - CLIENT] - INFO - 
2025-04-01 16:00:06 - [Cluster 1 - CLIENT] - INFO - Received: train message 4b7fd20a-ddfe-4245-bbb9-627db85dafea
2025-04-01 16:00:06 - [Cluster 1 - CLIENT] - INFO - [Store 207] Starting local training.
2025-04-01 16:00:06 - [Cluster 1 - CLIENT] - INFO - [Store 999] Local training complete.
2025-04-01 16:00:06 - [Cluster 1 - CLIENT] - INFO - [Store 1033] Local training complete.
2025-04-01 16:00:06 - [Cluster 1 - CLIENT] - INFO - Sent reply
2025-04-01 16:00:06 - [Cluster 1 - CLIENT] - INFO - 
2025-04-01 16:00:06 - [Cluster 1 - CLIENT] - INFO - Received: train message 4dec2e2d-1a5d-44ea-94ea-8bb46bd579e6
2025-04-01 16:00:06 - [Cluster 1 - CLIENT] - INFO - [Store 938] Starting local training.
2025-04-01 16:00:06 - [Cluster 1 - CLIENT] - INFO - Sent reply
2025-04-01 16:00:06 - [Cluster 1 - CLIENT] - INFO - 
2025-04-01 16:00:06 - [Cluster 1 - CLIENT] - INFO - Received: train message ffb78aeb-c4bd-4390-abb1-6485f7251d0c
2025-04-01 16:00:06 - [Cluster 1 - CLIENT] - INFO - [Store 195] Local training complete.
2025-04-01 16:00:06 - [Cluster 1 - CLIENT] - INFO - [Store 655] Starting local training.
2025-04-01 16:00:07 - [Cluster 1 - CLIENT] - INFO - Sent reply
2025-04-01 16:00:07 - [Cluster 1 - CLIENT] - INFO - 
2025-04-01 16:00:07 - [Cluster 1 - CLIENT] - INFO - Received: train message 1e8087d6-4219-4ee6-b915-510ec359b3ef
2025-04-01 16:00:07 - [Cluster 1 - CLIENT] - INFO - [Store 682] Starting local training.
2025-04-01 16:00:07 - [Cluster 1 - CLIENT] - INFO - [Store 532] Local training complete.
2025-04-01 16:00:07 - [Cluster 1 - CLIENT] - INFO - Sent reply
2025-04-01 16:00:07 - [Cluster 1 - CLIENT] - INFO - 
2025-04-01 16:00:07 - [Cluster 1 - CLIENT] - INFO - Received: train message c119ac45-a00d-495f-851d-922f6bb21fd5
2025-04-01 16:00:07 - [Cluster 1 - CLIENT] - INFO - [Store 665] Starting local training.
2025-04-01 16:00:08 - [Cluster 1 - CLIENT] - INFO - [Store 755] Local training complete.
2025-04-01 16:00:08 - [Cluster 1 - CLIENT] - INFO - [Store 524] Local training complete.
2025-04-01 16:00:08 - [Cluster 1 - CLIENT] - INFO - Sent reply
2025-04-01 16:00:08 - [Cluster 1 - CLIENT] - INFO - 
2025-04-01 16:00:08 - [Cluster 1 - CLIENT] - INFO - Received: train message 5bf169e3-b1b7-4891-9bf1-7abcbccbdf59
2025-04-01 16:00:08 - [Cluster 1 - CLIENT] - INFO - Sent reply
2025-04-01 16:00:08 - [Cluster 1 - CLIENT] - INFO - [Store 382] Local training complete.
2025-04-01 16:00:08 - [Cluster 1 - CLIENT] - INFO - 
2025-04-01 16:00:08 - [Cluster 1 - CLIENT] - INFO - Received: train message b33be1e7-9e48-402a-bc28-567982317bc4
2025-04-01 16:00:08 - [Cluster 1 - CLIENT] - INFO - Sent reply
2025-04-01 16:00:08 - [Cluster 1 - CLIENT] - INFO - 
2025-04-01 16:00:08 - [Cluster 1 - CLIENT] - INFO - Received: train message b1110d6c-8110-4b14-992f-da5c0e515f7f
2025-04-01 16:00:08 - [Cluster 1 - CLIENT] - INFO - [Store 699] Starting local training.
2025-04-01 16:00:09 - [Cluster 1 - CLIENT] - INFO - [Store 849] Starting local training.
2025-04-01 16:00:09 - [Cluster 1 - CLIENT] - INFO - [Store 526] Starting local training.
2025-04-01 16:03:34 - [Cluster 1 - CLIENT] - INFO - [Store 431] Local training complete.
2025-04-01 16:03:35 - [Cluster 1 - CLIENT] - INFO - Sent reply
2025-04-01 16:03:36 - [Cluster 1 - CLIENT] - INFO - [Store 562] Local training complete.
2025-04-01 16:03:36 - [Cluster 1 - CLIENT] - INFO - Sent reply
2025-04-01 16:03:36 - [Cluster 1 - CLIENT] - INFO - [Store 211] Local training complete.
2025-04-01 16:03:36 - [Cluster 1 - CLIENT] - INFO - [Store 699] Local training complete.
2025-04-01 16:03:36 - [Cluster 1 - CLIENT] - INFO - Sent reply
2025-04-01 16:03:36 - [Cluster 1 - CLIENT] - INFO - Sent reply
2025-04-01 16:03:37 - [Cluster 1 - CLIENT] - INFO - [Store 615] Local training complete.
2025-04-01 16:03:37 - [Cluster 1 - CLIENT] - INFO - Sent reply
2025-04-01 16:03:38 - [Cluster 1 - CLIENT] - INFO - [Store 665] Local training complete.
2025-04-01 16:03:38 - [Cluster 1 - CLIENT] - INFO - Sent reply
2025-04-01 16:03:38 - [Cluster 1 - CLIENT] - INFO - [Store 849] Local training complete.
2025-04-01 16:03:38 - [Cluster 1 - CLIENT] - INFO - Sent reply
2025-04-01 16:03:38 - [Cluster 1 - CLIENT] - INFO - [Store 682] Local training complete.
2025-04-01 16:03:38 - [Cluster 1 - CLIENT] - INFO - Sent reply
2025-04-01 16:03:38 - [Cluster 1 - CLIENT] - INFO - [Store 527] Local training complete.
2025-04-01 16:03:38 - [Cluster 1 - CLIENT] - INFO - Sent reply
2025-04-01 16:03:39 - [Cluster 1 - CLIENT] - INFO - [Store 579] Local training complete.
2025-04-01 16:03:39 - [Cluster 1 - CLIENT] - INFO - Sent reply
2025-04-01 16:03:39 - [Cluster 1 - CLIENT] - INFO - [Store 207] Local training complete.
2025-04-01 16:03:39 - [Cluster 1 - CLIENT] - INFO - Sent reply
2025-04-01 16:03:39 - [Cluster 1 - CLIENT] - INFO - [Store 526] Local training complete.
2025-04-01 16:03:40 - [Cluster 1 - CLIENT] - INFO - Sent reply
2025-04-01 16:03:40 - [Cluster 1 - CLIENT] - INFO - [Store 938] Local training complete.
2025-04-01 16:03:40 - [Cluster 1 - CLIENT] - INFO - Sent reply
2025-04-01 16:03:42 - [Cluster 1 - CLIENT] - INFO - [Store 807] Local training complete.
2025-04-01 16:03:42 - [Cluster 1 - CLIENT] - INFO - Sent reply
2025-04-01 16:03:42 - [Cluster 1 - CLIENT] - INFO - [Store 655] Local training complete.
2025-04-01 16:03:42 - [Cluster 1 - CLIENT] - INFO - Sent reply
2025-04-01 16:03:42 - [Cluster 1 - CLIENT] - INFO - 
2025-04-01 16:03:42 - [Cluster 1 - CLIENT] - INFO - Received: evaluate message 7ed1f688-3f54-4a13-9c4c-e903c4e94cfe
2025-04-01 16:03:42 - [Cluster 1 - CLIENT] - INFO - 
2025-04-01 16:03:42 - [Cluster 1 - CLIENT] - INFO - Received: evaluate message 3c35be42-6007-4716-92eb-e0b37df6efcd
2025-04-01 16:03:42 - [Cluster 1 - CLIENT] - INFO - 
2025-04-01 16:03:42 - [Cluster 1 - CLIENT] - INFO - Received: evaluate message d5d2aa34-78a6-416c-ab1f-c12111a3b8e7
2025-04-01 16:03:42 - [Cluster 1 - CLIENT] - INFO - 
2025-04-01 16:03:42 - [Cluster 1 - CLIENT] - INFO - Received: evaluate message 3cee153e-c4be-4c0b-bf8f-543f19640438
2025-04-01 16:03:42 - [Cluster 1 - CLIENT] - INFO - 
2025-04-01 16:03:42 - [Cluster 1 - CLIENT] - INFO - Received: evaluate message 5fa089a2-4951-429a-8d14-a666eb64266b
2025-04-01 16:03:42 - [Cluster 1 - CLIENT] - INFO - 
2025-04-01 16:03:42 - [Cluster 1 - CLIENT] - INFO - Received: evaluate message a2a62bae-67c4-4d1e-a47e-c50e1c0c572d
2025-04-01 16:03:42 - [Cluster 1 - CLIENT] - INFO - 
2025-04-01 16:03:42 - [Cluster 1 - CLIENT] - INFO - Received: evaluate message cec50726-d1b6-409c-8c41-1311b3723cd6
2025-04-01 16:03:42 - [Cluster 1 - CLIENT] - INFO - 
2025-04-01 16:03:42 - [Cluster 1 - CLIENT] - INFO - 
2025-04-01 16:03:42 - [Cluster 1 - CLIENT] - INFO - Received: evaluate message ac762e67-0680-4b8e-9304-8045c2a5744a
2025-04-01 16:03:42 - [Cluster 1 - CLIENT] - INFO - Received: evaluate message 2e8ca344-a50a-4873-adb4-6a6033a99ba6
2025-04-01 16:03:42 - [Cluster 1 - CLIENT] - INFO - 
2025-04-01 16:03:42 - [Cluster 1 - CLIENT] - INFO - Received: evaluate message c033be85-153f-4790-9746-64eb464c8967
2025-04-01 16:03:42 - [Cluster 1 - CLIENT] - INFO - 
2025-04-01 16:03:42 - [Cluster 1 - CLIENT] - INFO - Received: evaluate message c3e42e1d-5525-44f2-9cf8-837d3405cfe2
2025-04-01 16:03:42 - [Cluster 1 - CLIENT] - INFO - 
2025-04-01 16:03:42 - [Cluster 1 - CLIENT] - INFO - Received: evaluate message 383dbf0f-91f6-4f0f-91d9-901c8c485369
2025-04-01 16:03:42 - [Cluster 1 - CLIENT] - INFO - 
2025-04-01 16:03:42 - [Cluster 1 - CLIENT] - INFO - Received: evaluate message 8a73d49b-ddb1-4c0d-9938-e248bdb2f08f
2025-04-01 16:03:42 - [Cluster 1 - CLIENT] - INFO - 
2025-04-01 16:03:42 - [Cluster 1 - CLIENT] - INFO - Received: evaluate message bb413a88-71d8-4929-b0be-92e334a80c73
2025-04-01 16:03:42 - [Cluster 1 - CLIENT] - INFO - 
2025-04-01 16:03:43 - [Cluster 1 - CLIENT] - INFO - Received: evaluate message d9920ede-f686-4a79-beed-8f7dc37810f8
2025-04-01 16:03:44 - [Cluster 1 - CLIENT] - INFO - [Store 807] Evaluation - Loss: 0.2775, MAE: 0.3365
2025-04-01 16:03:44 - [Cluster 1 - CLIENT] - INFO - Sent reply
2025-04-01 16:03:44 - [Cluster 1 - CLIENT] - INFO - 
2025-04-01 16:03:44 - [Cluster 1 - CLIENT] - INFO - Received: evaluate message 60e3f4db-758c-4ffc-8e1c-35f33274df80
2025-04-01 16:03:44 - [Cluster 1 - CLIENT] - INFO - [Store 849] Evaluation - Loss: 0.1981, MAE: 0.2823
2025-04-01 16:03:44 - [Cluster 1 - CLIENT] - INFO - Sent reply
2025-04-01 16:03:44 - [Cluster 1 - CLIENT] - INFO - 
2025-04-01 16:03:44 - [Cluster 1 - CLIENT] - INFO - Received: evaluate message 52521239-3a83-430b-b1ae-25a35edd7890
2025-04-01 16:03:44 - [Cluster 1 - CLIENT] - INFO - [Store 579] Evaluation - Loss: 0.1865, MAE: 0.2638
2025-04-01 16:03:44 - [Cluster 1 - CLIENT] - INFO - Sent reply
2025-04-01 16:03:44 - [Cluster 1 - CLIENT] - INFO - [Store 938] Evaluation - Loss: 0.1984, MAE: 0.2447
2025-04-01 16:03:44 - [Cluster 1 - CLIENT] - INFO - 
2025-04-01 16:03:44 - [Cluster 1 - CLIENT] - INFO - Received: evaluate message 551e1014-7486-4447-bac8-e6fdb94dde8c
2025-04-01 16:03:44 - [Cluster 1 - CLIENT] - INFO - [Store 524] Evaluation - Loss: 0.2342, MAE: 0.2936
2025-04-01 16:03:44 - [Cluster 1 - CLIENT] - INFO - Sent reply
2025-04-01 16:03:44 - [Cluster 1 - CLIENT] - INFO - Sent reply
2025-04-01 16:03:44 - [Cluster 1 - CLIENT] - INFO - [Store 526] Evaluation - Loss: 0.1649, MAE: 0.2638
2025-04-01 16:03:44 - [Cluster 1 - CLIENT] - INFO - [Store 207] Evaluation - Loss: 0.1547, MAE: 0.2338
2025-04-01 16:03:44 - [Cluster 1 - CLIENT] - INFO - Sent reply
2025-04-01 16:03:44 - [Cluster 1 - CLIENT] - INFO - [Store 699] Evaluation - Loss: 0.5590, MAE: 0.3934
2025-04-01 16:03:44 - [Cluster 1 - CLIENT] - INFO - 
2025-04-01 16:03:44 - [Cluster 1 - CLIENT] - INFO - Received: evaluate message 4b49eb9a-6b22-451c-8fe8-900f86ddf160
2025-04-01 16:03:44 - [Cluster 1 - CLIENT] - INFO - Sent reply
2025-04-01 16:03:44 - [Cluster 1 - CLIENT] - INFO - 
2025-04-01 16:03:44 - [Cluster 1 - CLIENT] - INFO - Received: evaluate message 32b93bab-0e4c-4bf4-88af-065dafa256ce
2025-04-01 16:03:44 - [Cluster 1 - CLIENT] - INFO - 
2025-04-01 16:03:44 - [Cluster 1 - CLIENT] - INFO - Received: evaluate message 530faf8c-742d-417b-94f7-e0ca935bfa8d
2025-04-01 16:03:44 - [Cluster 1 - CLIENT] - INFO - 
2025-04-01 16:03:44 - [Cluster 1 - CLIENT] - INFO - Received: evaluate message f39c6d04-a7eb-4926-aae3-29f25f11d935
2025-04-01 16:03:44 - [Cluster 1 - CLIENT] - INFO - Sent reply
2025-04-01 16:03:44 - [Cluster 1 - CLIENT] - INFO - 
2025-04-01 16:03:44 - [Cluster 1 - CLIENT] - INFO - Received: evaluate message 377647f5-e0ff-4122-94f5-dd6315d6e4ba
2025-04-01 16:03:44 - [Cluster 1 - CLIENT] - INFO - [Store 999] Evaluation - Loss: 0.1695, MAE: 0.2669
2025-04-01 16:03:44 - [Cluster 1 - CLIENT] - INFO - [Store 906] Evaluation - Loss: 0.2026, MAE: 0.2554
2025-04-01 16:03:44 - [Cluster 1 - CLIENT] - INFO - Sent reply
2025-04-01 16:03:44 - [Cluster 1 - CLIENT] - INFO - Sent reply
2025-04-01 16:03:44 - [Cluster 1 - CLIENT] - INFO - [Store 755] Evaluation - Loss: 0.2224, MAE: 0.2746
2025-04-01 16:03:44 - [Cluster 1 - CLIENT] - INFO - Sent reply
2025-04-01 16:03:44 - [Cluster 1 - CLIENT] - INFO - 
2025-04-01 16:03:44 - [Cluster 1 - CLIENT] - INFO - Received: evaluate message fc0c9ee5-6873-4139-8dfc-d38d200d4d3f
2025-04-01 16:03:44 - [Cluster 1 - CLIENT] - INFO - 
2025-04-01 16:03:44 - [Cluster 1 - CLIENT] - INFO - Received: evaluate message ef2a5705-3e9e-4228-8979-ea14b06389c5
2025-04-01 16:03:44 - [Cluster 1 - CLIENT] - INFO - 
2025-04-01 16:03:44 - [Cluster 1 - CLIENT] - INFO - Received: evaluate message d630c2bb-ccfe-4f16-b673-b6aa982a9a4b
2025-04-01 16:03:44 - [Cluster 1 - CLIENT] - INFO - [Store 914] Evaluation - Loss: 0.1839, MAE: 0.2637
2025-04-01 16:03:44 - [Cluster 1 - CLIENT] - INFO - Sent reply
2025-04-01 16:03:44 - [Cluster 1 - CLIENT] - INFO - [Store 384] Evaluation - Loss: 0.2093, MAE: 0.3025
2025-04-01 16:03:44 - [Cluster 1 - CLIENT] - INFO - 
2025-04-01 16:03:44 - [Cluster 1 - CLIENT] - INFO - Received: evaluate message cc12f7ea-29e3-4bd9-a2e1-06bcb8b962f1
2025-04-01 16:03:44 - [Cluster 1 - CLIENT] - INFO - Sent reply
2025-04-01 16:03:44 - [Cluster 1 - CLIENT] - INFO - [Store 753] Evaluation - Loss: 0.1982, MAE: 0.2658
2025-04-01 16:03:44 - [Cluster 1 - CLIENT] - INFO - Sent reply
2025-04-01 16:03:44 - [Cluster 1 - CLIENT] - INFO - [Store 532] Evaluation - Loss: 0.3812, MAE: 0.3812
2025-04-01 16:03:44 - [Cluster 1 - CLIENT] - INFO - Sent reply
2025-04-01 16:03:44 - [Cluster 1 - CLIENT] - INFO - 
2025-04-01 16:03:44 - [Cluster 1 - CLIENT] - INFO - Received: evaluate message d9c35c5d-f900-47bd-a2c6-6f1252df69bb
2025-04-01 16:03:44 - [Cluster 1 - CLIENT] - INFO - 
2025-04-01 16:03:44 - [Cluster 1 - CLIENT] - INFO - Received: evaluate message f1131847-aec1-4c84-ba54-5be28061a62a
2025-04-01 16:03:44 - [Cluster 1 - CLIENT] - INFO - 
2025-04-01 16:03:44 - [Cluster 1 - CLIENT] - INFO - Received: evaluate message 2f5bec0a-9062-4156-8061-dd7ef6c3bd4f
2025-04-01 16:03:45 - [Cluster 1 - CLIENT] - INFO - [Store 562] Evaluation - Loss: 0.4200, MAE: 0.5040
2025-04-01 16:03:45 - [Cluster 1 - CLIENT] - INFO - Sent reply
2025-04-01 16:03:46 - [Cluster 1 - CLIENT] - INFO - [Store 655] Evaluation - Loss: 0.3033, MAE: 0.3557
2025-04-01 16:03:46 - [Cluster 1 - CLIENT] - INFO - [Store 382] Evaluation - Loss: 0.1723, MAE: 0.2641
2025-04-01 16:03:46 - [Cluster 1 - CLIENT] - INFO - [Store 682] Evaluation - Loss: 0.3027, MAE: 0.4436
2025-04-01 16:03:46 - [Cluster 1 - CLIENT] - INFO - Sent reply
2025-04-01 16:03:46 - [Cluster 1 - CLIENT] - INFO - Sent reply
2025-04-01 16:03:46 - [Cluster 1 - CLIENT] - INFO - Sent reply
2025-04-01 16:03:46 - [Cluster 1 - CLIENT] - INFO - [Store 665] Evaluation - Loss: 0.1981, MAE: 0.2556
2025-04-01 16:03:46 - [Cluster 1 - CLIENT] - INFO - Sent reply
2025-04-01 16:03:46 - [Cluster 1 - CLIENT] - INFO - [Store 211] Evaluation - Loss: 0.2069, MAE: 0.2817
2025-04-01 16:03:46 - [Cluster 1 - CLIENT] - INFO - [Store 615] Evaluation - Loss: 0.1989, MAE: 0.2318
2025-04-01 16:03:46 - [Cluster 1 - CLIENT] - INFO - Sent reply
2025-04-01 16:03:46 - [Cluster 1 - CLIENT] - INFO - Sent reply
2025-04-01 16:03:46 - [Cluster 1 - CLIENT] - INFO - [Store 195] Evaluation - Loss: 0.2711, MAE: 0.3147
2025-04-01 16:03:46 - [Cluster 1 - CLIENT] - INFO - Sent reply
2025-04-01 16:03:46 - [Cluster 1 - CLIENT] - INFO - [Store 809] Evaluation - Loss: 0.2524, MAE: 0.3299
2025-04-01 16:03:46 - [Cluster 1 - CLIENT] - INFO - Sent reply
2025-04-01 16:03:46 - [Cluster 1 - CLIENT] - INFO - [Store 431] Evaluation - Loss: 0.2762, MAE: 0.3230
2025-04-01 16:03:46 - [Cluster 1 - CLIENT] - INFO - Sent reply
2025-04-01 16:03:46 - [Cluster 1 - CLIENT] - INFO - [Store 1033] Evaluation - Loss: 0.1927, MAE: 0.2635
2025-04-01 16:03:46 - [Cluster 1 - CLIENT] - INFO - Sent reply
2025-04-01 16:03:46 - [Cluster 1 - CLIENT] - INFO - [Store 527] Evaluation - Loss: 0.2489, MAE: 0.3111
2025-04-01 16:03:46 - [Cluster 1 - CLIENT] - INFO - Sent reply
2025-04-01 16:03:46 - [Cluster 1 - CLIENT] - INFO - [Store 106] Evaluation - Loss: 0.1918, MAE: 0.2742
2025-04-01 16:03:46 - [Cluster 1 - CLIENT] - INFO - Sent reply
2025-04-01 16:03:46 - [Cluster 1 - CLIENT] - INFO - [Store 269] Evaluation - Loss: 0.2315, MAE: 0.3219
2025-04-01 16:03:46 - [Cluster 1 - CLIENT] - INFO - Sent reply
2025-04-01 16:03:46 - [Cluster 1 - CLIENT] - INFO - [Store 608] Evaluation - Loss: 0.2251, MAE: 0.3203
2025-04-01 16:03:46 - [Cluster 1 - CLIENT] - INFO - Sent reply
2025-04-01 16:03:46 - [Cluster 1 - CLIENT] - INFO - 
2025-04-01 16:03:46 - [Cluster 1 - CLIENT] - INFO - Received: train message f45c30e6-634e-4ff0-83c8-a2942a06224b
2025-04-01 16:03:46 - [Cluster 1 - CLIENT] - INFO - 
2025-04-01 16:03:46 - [Cluster 1 - CLIENT] - INFO - Received: train message 198926a2-0eb4-4613-9bec-30ca01de8857
2025-04-01 16:03:46 - [Cluster 1 - CLIENT] - INFO - 
2025-04-01 16:03:46 - [Cluster 1 - CLIENT] - INFO - Received: train message d733513c-8df1-47c4-b2f8-9ee42f315823
2025-04-01 16:03:46 - [Cluster 1 - CLIENT] - INFO - 
2025-04-01 16:03:46 - [Cluster 1 - CLIENT] - INFO - Received: train message f76bf6d6-c083-417e-809c-6abcfbf270ac
2025-04-01 16:03:46 - [Cluster 1 - CLIENT] - INFO - 
2025-04-01 16:03:46 - [Cluster 1 - CLIENT] - INFO - Received: train message c4c9de4f-11aa-45f5-9a53-0769a03dc43e
2025-04-01 16:03:46 - [Cluster 1 - CLIENT] - INFO - 
2025-04-01 16:03:46 - [Cluster 1 - CLIENT] - INFO - Received: train message c7ff4b39-035d-4e3f-800e-8804050d5eee
2025-04-01 16:03:46 - [Cluster 1 - CLIENT] - INFO - 
2025-04-01 16:03:46 - [Cluster 1 - CLIENT] - INFO - Received: train message 316f5c7b-0c43-42b2-90f2-d1c0cfb55e50
2025-04-01 16:03:46 - [Cluster 1 - CLIENT] - INFO - 
2025-04-01 16:03:46 - [Cluster 1 - CLIENT] - INFO - Received: train message 588b5a20-948b-4940-85c5-f5c15f7cfcf1
2025-04-01 16:03:46 - [Cluster 1 - CLIENT] - INFO - [Store 106] Starting local training.
2025-04-01 16:03:46 - [Cluster 1 - CLIENT] - INFO - [Store 1033] Starting local training.
2025-04-01 16:03:46 - [Cluster 1 - CLIENT] - INFO - 
2025-04-01 16:03:46 - [Cluster 1 - CLIENT] - INFO - Received: train message 5e153ac3-9c74-4a3f-803b-4a3fe2a951c6
2025-04-01 16:03:46 - [Cluster 1 - CLIENT] - INFO - [Store 914] Starting local training.
2025-04-01 16:03:46 - [Cluster 1 - CLIENT] - INFO - 
2025-04-01 16:03:46 - [Cluster 1 - CLIENT] - INFO - Received: train message 23f861f7-c626-4d60-ab3c-5caef6a5de8a
2025-04-01 16:03:46 - [Cluster 1 - CLIENT] - INFO - [Store 999] Starting local training.
2025-04-01 16:03:46 - [Cluster 1 - CLIENT] - INFO - [Store 615] Starting local training.
2025-04-01 16:03:46 - [Cluster 1 - CLIENT] - INFO - 
2025-04-01 16:03:46 - [Cluster 1 - CLIENT] - INFO - Received: train message eefc8a01-85e5-4955-99ca-6c2cea43e436
2025-04-01 16:03:46 - [Cluster 1 - CLIENT] - INFO - 
2025-04-01 16:03:46 - [Cluster 1 - CLIENT] - INFO - Received: train message 7f2c3aaf-0b13-4b55-9bd0-2e81a23750cf
2025-04-01 16:03:46 - [Cluster 1 - CLIENT] - INFO - 
2025-04-01 16:03:46 - [Cluster 1 - CLIENT] - INFO - Received: train message ed41c134-8213-4dcc-bfb5-289eceab4c91
2025-04-01 16:03:46 - [Cluster 1 - CLIENT] - INFO - 
2025-04-01 16:03:46 - [Cluster 1 - CLIENT] - INFO - Received: train message ec3cb47b-92f9-4581-a11a-ef99165de3f4
2025-04-01 16:03:46 - [Cluster 1 - CLIENT] - INFO - [Store 807] Starting local training.
2025-04-01 16:03:46 - [Cluster 1 - CLIENT] - INFO - [Store 755] Starting local training.
2025-04-01 16:03:46 - [Cluster 1 - CLIENT] - INFO - [Store 753] Starting local training.
2025-04-01 16:03:46 - [Cluster 1 - CLIENT] - INFO - [Store 195] Starting local training.
2025-04-01 16:03:46 - [Cluster 1 - CLIENT] - INFO - [Store 682] Starting local training.
2025-04-01 16:03:46 - [Cluster 1 - CLIENT] - INFO - [Store 665] Starting local training.
2025-04-01 16:03:46 - [Cluster 1 - CLIENT] - INFO - [Store 431] Starting local training.
2025-04-01 16:03:46 - [Cluster 1 - CLIENT] - INFO - [Store 269] Starting local training.
2025-04-01 16:03:46 - [Cluster 1 - CLIENT] - INFO - 
2025-04-01 16:03:46 - [Cluster 1 - CLIENT] - INFO - Received: train message 406977c7-2a10-44a5-8c2c-3d732de606cd
2025-04-01 16:03:46 - [Cluster 1 - CLIENT] - INFO - [Store 526] Starting local training.
2025-04-01 16:03:46 - [Cluster 1 - CLIENT] - INFO - [Store 524] Starting local training.
2025-04-01 16:08:16 - [Cluster 1 - CLIENT] - INFO - [Store 682] Local training complete.
2025-04-01 16:08:16 - [Cluster 1 - CLIENT] - INFO - Sent reply
2025-04-01 16:08:16 - [Cluster 1 - CLIENT] - INFO - 
2025-04-01 16:08:16 - [Cluster 1 - CLIENT] - INFO - Received: train message a06d9061-0fb4-4336-8bb5-52a3830cffb4
2025-04-01 16:08:17 - [Cluster 1 - CLIENT] - INFO - [Store 807] Local training complete.
2025-04-01 16:08:17 - [Cluster 1 - CLIENT] - INFO - Sent reply
2025-04-01 16:08:17 - [Cluster 1 - CLIENT] - INFO - 
2025-04-01 16:08:17 - [Cluster 1 - CLIENT] - INFO - Received: train message 7e6e91ee-507e-4af2-80bc-f4caa1a5d74c
2025-04-01 16:08:17 - [Cluster 1 - CLIENT] - INFO - [Store 849] Starting local training.
2025-04-01 16:08:17 - [Cluster 1 - CLIENT] - INFO - [Store 211] Starting local training.
2025-04-01 16:08:19 - [Cluster 1 - CLIENT] - INFO - [Store 999] Local training complete.
2025-04-01 16:08:19 - [Cluster 1 - CLIENT] - INFO - Sent reply
2025-04-01 16:08:19 - [Cluster 1 - CLIENT] - INFO - 
2025-04-01 16:08:19 - [Cluster 1 - CLIENT] - INFO - Received: train message fa6b8992-d64e-412a-830e-d700220ca5b4
2025-04-01 16:08:19 - [Cluster 1 - CLIENT] - INFO - [Store 382] Starting local training.
2025-04-01 16:08:19 - [Cluster 1 - CLIENT] - INFO - [Store 753] Local training complete.
2025-04-01 16:08:19 - [Cluster 1 - CLIENT] - INFO - Sent reply
2025-04-01 16:08:19 - [Cluster 1 - CLIENT] - INFO - 
2025-04-01 16:08:19 - [Cluster 1 - CLIENT] - INFO - Received: train message 7b826fee-27d3-419d-add8-033ec83afd0b
2025-04-01 16:08:20 - [Cluster 1 - CLIENT] - INFO - [Store 914] Local training complete.
2025-04-01 16:08:20 - [Cluster 1 - CLIENT] - INFO - [Store 655] Starting local training.
2025-04-01 16:08:20 - [Cluster 1 - CLIENT] - INFO - Sent reply
2025-04-01 16:08:20 - [Cluster 1 - CLIENT] - INFO - 
2025-04-01 16:08:20 - [Cluster 1 - CLIENT] - INFO - Received: train message 0111fadf-0848-4595-a000-6c764cbcbf17
2025-04-01 16:08:20 - [Cluster 1 - CLIENT] - INFO - [Store 608] Starting local training.
2025-04-01 16:08:20 - [Cluster 1 - CLIENT] - INFO - [Store 526] Local training complete.
2025-04-01 16:08:20 - [Cluster 1 - CLIENT] - INFO - Sent reply
2025-04-01 16:08:20 - [Cluster 1 - CLIENT] - INFO - 
2025-04-01 16:08:20 - [Cluster 1 - CLIENT] - INFO - Received: train message bed971ba-5915-4fae-8e9b-7f1326a5abbc
2025-04-01 16:08:20 - [Cluster 1 - CLIENT] - INFO - [Store 207] Starting local training.
2025-04-01 16:08:21 - [Cluster 1 - CLIENT] - INFO - [Store 665] Local training complete.
2025-04-01 16:08:21 - [Cluster 1 - CLIENT] - INFO - Sent reply
2025-04-01 16:08:21 - [Cluster 1 - CLIENT] - INFO - 
2025-04-01 16:08:21 - [Cluster 1 - CLIENT] - INFO - Received: train message 65d424b3-6b29-47de-8afb-a4f40dfccc55
2025-04-01 16:08:21 - [Cluster 1 - CLIENT] - INFO - [Store 562] Starting local training.
2025-04-01 16:08:21 - [Cluster 1 - CLIENT] - INFO - [Store 195] Local training complete.
2025-04-01 16:08:21 - [Cluster 1 - CLIENT] - INFO - Sent reply
2025-04-01 16:08:21 - [Cluster 1 - CLIENT] - INFO - 
2025-04-01 16:08:21 - [Cluster 1 - CLIENT] - INFO - Received: train message acfee7d7-f7ca-42d6-8384-f06341be5556
2025-04-01 16:08:21 - [Cluster 1 - CLIENT] - INFO - [Store 809] Starting local training.
2025-04-01 16:08:22 - [Cluster 1 - CLIENT] - INFO - [Store 755] Local training complete.
2025-04-01 16:08:22 - [Cluster 1 - CLIENT] - INFO - Sent reply
2025-04-01 16:08:22 - [Cluster 1 - CLIENT] - INFO - 
2025-04-01 16:08:22 - [Cluster 1 - CLIENT] - INFO - Received: train message a2765d33-a212-4dfe-9e38-02e8783946a6
2025-04-01 16:08:22 - [Cluster 1 - CLIENT] - INFO - [Store 906] Starting local training.
2025-04-01 16:08:22 - [Cluster 1 - CLIENT] - INFO - [Store 524] Local training complete.
2025-04-01 16:08:22 - [Cluster 1 - CLIENT] - INFO - [Store 1033] Local training complete.
2025-04-01 16:08:23 - [Cluster 1 - CLIENT] - INFO - Sent reply
2025-04-01 16:08:23 - [Cluster 1 - CLIENT] - INFO - 
2025-04-01 16:08:23 - [Cluster 1 - CLIENT] - INFO - Received: train message 62a8aafa-9a44-45ae-994d-d88e0396b698
2025-04-01 16:08:23 - [Cluster 1 - CLIENT] - INFO - [Store 532] Starting local training.
2025-04-01 16:08:23 - [Cluster 1 - CLIENT] - INFO - Sent reply
2025-04-01 16:08:23 - [Cluster 1 - CLIENT] - INFO - 
2025-04-01 16:08:23 - [Cluster 1 - CLIENT] - INFO - Received: train message 075248bc-f3a1-4a71-b31d-40391062c48a
2025-04-01 16:08:23 - [Cluster 1 - CLIENT] - INFO - [Store 579] Starting local training.
2025-04-01 16:08:24 - [Cluster 1 - CLIENT] - INFO - [Store 106] Local training complete.
2025-04-01 16:08:24 - [Cluster 1 - CLIENT] - INFO - Sent reply
2025-04-01 16:08:24 - [Cluster 1 - CLIENT] - INFO - [Store 431] Local training complete.
2025-04-01 16:08:24 - [Cluster 1 - CLIENT] - INFO - 
2025-04-01 16:08:24 - [Cluster 1 - CLIENT] - INFO - Received: train message e9a00c0b-51cd-4f5f-a070-1f685528bcfe
2025-04-01 16:08:24 - [Cluster 1 - CLIENT] - INFO - [Store 699] Starting local training.
2025-04-01 16:08:25 - [Cluster 1 - CLIENT] - INFO - Sent reply
2025-04-01 16:08:25 - [Cluster 1 - CLIENT] - INFO - 
2025-04-01 16:08:25 - [Cluster 1 - CLIENT] - INFO - Received: train message 96620c7b-c400-491a-8cc3-b6850d6fdc57
2025-04-01 16:08:25 - [Cluster 1 - CLIENT] - INFO - [Store 527] Starting local training.
2025-04-01 16:08:25 - [Cluster 1 - CLIENT] - INFO - [Store 269] Local training complete.
2025-04-01 16:08:25 - [Cluster 1 - CLIENT] - INFO - Sent reply
2025-04-01 16:08:25 - [Cluster 1 - CLIENT] - INFO - 
2025-04-01 16:08:25 - [Cluster 1 - CLIENT] - INFO - Received: train message cb060d78-909b-4af6-bbbb-1a7cfd1e921d
2025-04-01 16:08:25 - [Cluster 1 - CLIENT] - INFO - [Store 938] Starting local training.
2025-04-01 16:08:33 - [Cluster 1 - CLIENT] - INFO - [Store 615] Local training complete.
2025-04-01 16:08:33 - [Cluster 1 - CLIENT] - INFO - Sent reply
2025-04-01 16:08:33 - [Cluster 1 - CLIENT] - INFO - 
2025-04-01 16:08:33 - [Cluster 1 - CLIENT] - INFO - Received: train message 62df1692-e4b4-4bfc-9600-2a22e980fd39
2025-04-01 16:08:33 - [Cluster 1 - CLIENT] - INFO - [Store 384] Starting local training.
2025-04-01 16:13:06 - [Cluster 1 - CLIENT] - INFO - [Store 849] Local training complete.
2025-04-01 16:13:07 - [Cluster 1 - CLIENT] - INFO - [Store 382] Local training complete.
2025-04-01 16:13:07 - [Cluster 1 - CLIENT] - INFO - Sent reply
2025-04-01 16:13:07 - [Cluster 1 - CLIENT] - INFO - Sent reply
2025-04-01 16:13:09 - [Cluster 1 - CLIENT] - INFO - [Store 608] Local training complete.
2025-04-01 16:13:09 - [Cluster 1 - CLIENT] - INFO - Sent reply
2025-04-01 16:13:09 - [Cluster 1 - CLIENT] - INFO - [Store 906] Local training complete.
2025-04-01 16:13:09 - [Cluster 1 - CLIENT] - INFO - Sent reply
2025-04-01 16:13:09 - [Cluster 1 - CLIENT] - INFO - [Store 562] Local training complete.
2025-04-01 16:13:09 - [Cluster 1 - CLIENT] - INFO - Sent reply
2025-04-01 16:13:12 - [Cluster 1 - CLIENT] - INFO - [Store 655] Local training complete.
2025-04-01 16:13:12 - [Cluster 1 - CLIENT] - INFO - Sent reply
2025-04-01 16:13:13 - [Cluster 1 - CLIENT] - INFO - [Store 211] Local training complete.
2025-04-01 16:13:13 - [Cluster 1 - CLIENT] - INFO - [Store 809] Local training complete.
2025-04-01 16:13:13 - [Cluster 1 - CLIENT] - INFO - Sent reply
2025-04-01 16:13:13 - [Cluster 1 - CLIENT] - INFO - [Store 207] Local training complete.
2025-04-01 16:13:13 - [Cluster 1 - CLIENT] - INFO - Sent reply
2025-04-01 16:13:13 - [Cluster 1 - CLIENT] - INFO - [Store 579] Local training complete.
2025-04-01 16:13:13 - [Cluster 1 - CLIENT] - INFO - Sent reply
2025-04-01 16:13:13 - [Cluster 1 - CLIENT] - INFO - Sent reply
2025-04-01 16:13:13 - [Cluster 1 - CLIENT] - INFO - [Store 532] Local training complete.
2025-04-01 16:13:13 - [Cluster 1 - CLIENT] - INFO - Sent reply
2025-04-01 16:13:13 - [Cluster 1 - CLIENT] - INFO - [Store 938] Local training complete.
2025-04-01 16:13:14 - [Cluster 1 - CLIENT] - INFO - Sent reply
2025-04-01 16:13:15 - [Cluster 1 - CLIENT] - INFO - [Store 384] Local training complete.
2025-04-01 16:13:15 - [Cluster 1 - CLIENT] - INFO - Sent reply
2025-04-01 16:13:15 - [Cluster 1 - CLIENT] - INFO - [Store 699] Local training complete.
2025-04-01 16:13:15 - [Cluster 1 - CLIENT] - INFO - Sent reply
2025-04-01 16:13:15 - [Cluster 1 - CLIENT] - INFO - [Store 527] Local training complete.
2025-04-01 16:13:15 - [Cluster 1 - CLIENT] - INFO - Sent reply
2025-04-01 16:13:16 - [Cluster 1 - CLIENT] - INFO - 
2025-04-01 16:13:16 - [Cluster 1 - CLIENT] - INFO - Received: evaluate message 5f2139d5-afb8-4412-b339-c89896c3f960
2025-04-01 16:13:16 - [Cluster 1 - CLIENT] - INFO - 
2025-04-01 16:13:16 - [Cluster 1 - CLIENT] - INFO - Received: evaluate message ad60cc5f-edd8-48d8-af22-719731b86032
2025-04-01 16:13:16 - [Cluster 1 - CLIENT] - INFO - 
2025-04-01 16:13:16 - [Cluster 1 - CLIENT] - INFO - 
2025-04-01 16:13:16 - [Cluster 1 - CLIENT] - INFO - Received: evaluate message ff53ee4d-d7e2-4399-be0e-86314519cc9a
2025-04-01 16:13:16 - [Cluster 1 - CLIENT] - INFO - Received: evaluate message b5e79720-58df-41b3-badc-3ee26ff0dc71
2025-04-01 16:13:16 - [Cluster 1 - CLIENT] - INFO - 
2025-04-01 16:13:16 - [Cluster 1 - CLIENT] - INFO - Received: evaluate message 3c0049a1-be55-4274-bddb-0b8bd628395e
2025-04-01 16:13:16 - [Cluster 1 - CLIENT] - INFO - 
2025-04-01 16:13:16 - [Cluster 1 - CLIENT] - INFO - Received: evaluate message 1da1f1a3-3100-4d36-a2d2-daf09c959037
2025-04-01 16:13:16 - [Cluster 1 - CLIENT] - INFO - 
2025-04-01 16:13:16 - [Cluster 1 - CLIENT] - INFO - Received: evaluate message efd9eafa-e5fa-48ee-ae9f-68bb0cce39be
2025-04-01 16:13:16 - [Cluster 1 - CLIENT] - INFO - 
2025-04-01 16:13:16 - [Cluster 1 - CLIENT] - INFO - Received: evaluate message 03e4d3f4-9d17-4068-b8e5-e029e1686747
2025-04-01 16:13:16 - [Cluster 1 - CLIENT] - INFO - 
2025-04-01 16:13:16 - [Cluster 1 - CLIENT] - INFO - Received: evaluate message b44799b8-ef58-47d5-873d-c551723f9ab7
2025-04-01 16:13:16 - [Cluster 1 - CLIENT] - INFO - 
2025-04-01 16:13:16 - [Cluster 1 - CLIENT] - INFO - Received: evaluate message 7ea9c0d4-5379-46e5-a802-91400227b580
2025-04-01 16:13:16 - [Cluster 1 - CLIENT] - INFO - 
2025-04-01 16:13:16 - [Cluster 1 - CLIENT] - INFO - Received: evaluate message 3a812017-91cf-4f21-b62e-216b15d90c6e
2025-04-01 16:13:16 - [Cluster 1 - CLIENT] - INFO - 
2025-04-01 16:13:16 - [Cluster 1 - CLIENT] - INFO - Received: evaluate message 2ffb5450-0b19-42e5-ba56-862a9a53bff8
2025-04-01 16:13:16 - [Cluster 1 - CLIENT] - INFO - 
2025-04-01 16:13:16 - [Cluster 1 - CLIENT] - INFO - Received: evaluate message ebc3876e-a41a-4010-abb8-396aa941a30a
2025-04-01 16:13:16 - [Cluster 1 - CLIENT] - INFO - 
2025-04-01 16:13:16 - [Cluster 1 - CLIENT] - INFO - Received: evaluate message e5816bd8-86ef-4a48-9c91-63ca1fbada8c
2025-04-01 16:13:16 - [Cluster 1 - CLIENT] - INFO - 
2025-04-01 16:13:16 - [Cluster 1 - CLIENT] - INFO - Received: evaluate message 321901d4-a3d7-46d7-9fdf-ee395d617c38
2025-04-01 16:13:17 - [Cluster 1 - CLIENT] - INFO - [Store 207] Evaluation - Loss: 0.1556, MAE: 0.2332
2025-04-01 16:13:17 - [Cluster 1 - CLIENT] - INFO - Sent reply
2025-04-01 16:13:17 - [Cluster 1 - CLIENT] - INFO - 
2025-04-01 16:13:17 - [Cluster 1 - CLIENT] - INFO - Received: evaluate message ac7824cc-cd23-4d54-bcac-8d0c902787d2
2025-04-01 16:13:17 - [Cluster 1 - CLIENT] - INFO - [Store 384] Evaluation - Loss: 0.2093, MAE: 0.3025
2025-04-01 16:13:17 - [Cluster 1 - CLIENT] - INFO - Sent reply
2025-04-01 16:13:17 - [Cluster 1 - CLIENT] - INFO - 
2025-04-01 16:13:17 - [Cluster 1 - CLIENT] - INFO - Received: evaluate message 327287eb-114e-4565-9ec1-d7cca795e647
2025-04-01 16:13:17 - [Cluster 1 - CLIENT] - INFO - [Store 807] Evaluation - Loss: 0.2788, MAE: 0.3362
2025-04-01 16:13:17 - [Cluster 1 - CLIENT] - INFO - Sent reply
2025-04-01 16:13:17 - [Cluster 1 - CLIENT] - INFO - [Store 753] Evaluation - Loss: 0.1970, MAE: 0.2653
2025-04-01 16:13:17 - [Cluster 1 - CLIENT] - INFO - Sent reply
2025-04-01 16:13:17 - [Cluster 1 - CLIENT] - INFO - [Store 195] Evaluation - Loss: 0.2724, MAE: 0.3152
2025-04-01 16:13:17 - [Cluster 1 - CLIENT] - INFO - 
2025-04-01 16:13:17 - [Cluster 1 - CLIENT] - INFO - Received: evaluate message de8f2de2-060e-4c22-9434-1f9555004497
2025-04-01 16:13:17 - [Cluster 1 - CLIENT] - INFO - Sent reply
2025-04-01 16:13:17 - [Cluster 1 - CLIENT] - INFO - [Store 615] Evaluation - Loss: 0.1995, MAE: 0.2334
2025-04-01 16:13:17 - [Cluster 1 - CLIENT] - INFO - [Store 938] Evaluation - Loss: 0.2028, MAE: 0.2477
2025-04-01 16:13:17 - [Cluster 1 - CLIENT] - INFO - Sent reply
2025-04-01 16:13:17 - [Cluster 1 - CLIENT] - INFO - Sent reply
2025-04-01 16:13:17 - [Cluster 1 - CLIENT] - INFO - [Store 431] Evaluation - Loss: 0.2778, MAE: 0.3213
2025-04-01 16:13:17 - [Cluster 1 - CLIENT] - INFO - 
2025-04-01 16:13:17 - [Cluster 1 - CLIENT] - INFO - Received: evaluate message 273fd7f3-b865-4858-a651-d4256e07d139
2025-04-01 16:13:17 - [Cluster 1 - CLIENT] - INFO - Sent reply
2025-04-01 16:13:17 - [Cluster 1 - CLIENT] - INFO - [Store 562] Evaluation - Loss: 0.4235, MAE: 0.5049
2025-04-01 16:13:17 - [Cluster 1 - CLIENT] - INFO - [Store 665] Evaluation - Loss: 0.1979, MAE: 0.2556
2025-04-01 16:13:17 - [Cluster 1 - CLIENT] - INFO - Sent reply
2025-04-01 16:13:17 - [Cluster 1 - CLIENT] - INFO - Sent reply
2025-04-01 16:13:17 - [Cluster 1 - CLIENT] - INFO - 
2025-04-01 16:13:17 - [Cluster 1 - CLIENT] - INFO - Received: evaluate message c82a469e-db8c-4ca7-93ac-dd1bc7f866e9
2025-04-01 16:13:17 - [Cluster 1 - CLIENT] - INFO - 
2025-04-01 16:13:17 - [Cluster 1 - CLIENT] - INFO - Received: evaluate message a2116078-e448-45c6-8815-3ff037da4c3a
2025-04-01 16:13:17 - [Cluster 1 - CLIENT] - INFO - [Store 655] Evaluation - Loss: 0.3071, MAE: 0.3566
2025-04-01 16:13:18 - [Cluster 1 - CLIENT] - INFO - Sent reply
2025-04-01 16:13:18 - [Cluster 1 - CLIENT] - INFO - 
2025-04-01 16:13:18 - [Cluster 1 - CLIENT] - INFO - Received: evaluate message 124d048f-b816-4688-b1e7-eef34fba599a
2025-04-01 16:13:18 - [Cluster 1 - CLIENT] - INFO - [Store 106] Evaluation - Loss: 0.1928, MAE: 0.2740
2025-04-01 16:13:18 - [Cluster 1 - CLIENT] - INFO - 
2025-04-01 16:13:18 - [Cluster 1 - CLIENT] - INFO - 
2025-04-01 16:13:18 - [Cluster 1 - CLIENT] - INFO - Received: evaluate message cc0bd77d-db19-4380-9620-2459bb909c54
2025-04-01 16:13:18 - [Cluster 1 - CLIENT] - INFO - Received: evaluate message 6d5abd61-53ea-4459-940d-ad9141bf2799
2025-04-01 16:13:18 - [Cluster 1 - CLIENT] - INFO - Sent reply
2025-04-01 16:13:18 - [Cluster 1 - CLIENT] - INFO - 
2025-04-01 16:13:18 - [Cluster 1 - CLIENT] - INFO - Received: evaluate message 3a5b1a30-0300-4c83-b027-a7d974f10b6c
2025-04-01 16:13:18 - [Cluster 1 - CLIENT] - INFO - 
2025-04-01 16:13:18 - [Cluster 1 - CLIENT] - INFO - Received: evaluate message 3a61b33f-2bb4-4f42-877d-d4452c0eb3e8
2025-04-01 16:13:18 - [Cluster 1 - CLIENT] - INFO - 
2025-04-01 16:13:18 - [Cluster 1 - CLIENT] - INFO - Received: evaluate message 42455630-7dec-4579-afce-59d4d57ccb16
2025-04-01 16:13:18 - [Cluster 1 - CLIENT] - INFO - [Store 682] Evaluation - Loss: 0.3045, MAE: 0.4453
2025-04-01 16:13:18 - [Cluster 1 - CLIENT] - INFO - Sent reply
2025-04-01 16:13:18 - [Cluster 1 - CLIENT] - INFO - [Store 269] Evaluation - Loss: 0.2320, MAE: 0.3214
2025-04-01 16:13:18 - [Cluster 1 - CLIENT] - INFO - [Store 526] Evaluation - Loss: 0.1656, MAE: 0.2652
2025-04-01 16:13:18 - [Cluster 1 - CLIENT] - INFO - Sent reply
2025-04-01 16:13:18 - [Cluster 1 - CLIENT] - INFO - Sent reply
2025-04-01 16:13:18 - [Cluster 1 - CLIENT] - INFO - 
2025-04-01 16:13:18 - [Cluster 1 - CLIENT] - INFO - Received: evaluate message da15472d-17a4-4732-9475-94d4673f8676
2025-04-01 16:13:18 - [Cluster 1 - CLIENT] - INFO - 
2025-04-01 16:13:18 - [Cluster 1 - CLIENT] - INFO - Received: evaluate message 1556d87b-9df0-4671-bec1-55538f580642
2025-04-01 16:13:18 - [Cluster 1 - CLIENT] - INFO - 
2025-04-01 16:13:18 - [Cluster 1 - CLIENT] - INFO - Received: evaluate message 00190931-ee97-46d2-bc87-b89fec9fae7a
2025-04-01 16:13:19 - [Cluster 1 - CLIENT] - INFO - [Store 527] Evaluation - Loss: 0.2500, MAE: 0.3115
2025-04-01 16:13:19 - [Cluster 1 - CLIENT] - INFO - Sent reply
2025-04-01 16:13:19 - [Cluster 1 - CLIENT] - INFO - [Store 211] Evaluation - Loss: 0.2079, MAE: 0.2777
2025-04-01 16:13:19 - [Cluster 1 - CLIENT] - INFO - Sent reply
2025-04-01 16:13:19 - [Cluster 1 - CLIENT] - INFO - [Store 999] Evaluation - Loss: 0.1691, MAE: 0.2655
2025-04-01 16:13:19 - [Cluster 1 - CLIENT] - INFO - [Store 699] Evaluation - Loss: 0.6061, MAE: 0.4070
2025-04-01 16:13:19 - [Cluster 1 - CLIENT] - INFO - Sent reply
2025-04-01 16:13:19 - [Cluster 1 - CLIENT] - INFO - Sent reply
2025-04-01 16:13:19 - [Cluster 1 - CLIENT] - INFO - [Store 382] Evaluation - Loss: 0.1714, MAE: 0.2620
2025-04-01 16:13:19 - [Cluster 1 - CLIENT] - INFO - Sent reply
2025-04-01 16:13:19 - [Cluster 1 - CLIENT] - INFO - [Store 608] Evaluation - Loss: 0.2255, MAE: 0.3206
2025-04-01 16:13:19 - [Cluster 1 - CLIENT] - INFO - Sent reply
2025-04-01 16:13:19 - [Cluster 1 - CLIENT] - INFO - [Store 532] Evaluation - Loss: 0.3881, MAE: 0.3816
2025-04-01 16:13:19 - [Cluster 1 - CLIENT] - INFO - Sent reply
2025-04-01 16:13:19 - [Cluster 1 - CLIENT] - INFO - [Store 524] Evaluation - Loss: 0.2340, MAE: 0.2930
2025-04-01 16:13:19 - [Cluster 1 - CLIENT] - INFO - [Store 906] Evaluation - Loss: 0.2034, MAE: 0.2578
2025-04-01 16:13:19 - [Cluster 1 - CLIENT] - INFO - Sent reply
2025-04-01 16:13:19 - [Cluster 1 - CLIENT] - INFO - Sent reply
2025-04-01 16:13:19 - [Cluster 1 - CLIENT] - INFO - [Store 849] Evaluation - Loss: 0.1990, MAE: 0.2817
2025-04-01 16:13:19 - [Cluster 1 - CLIENT] - INFO - Sent reply
2025-04-01 16:13:19 - [Cluster 1 - CLIENT] - INFO - [Store 914] Evaluation - Loss: 0.1847, MAE: 0.2650
2025-04-01 16:13:19 - [Cluster 1 - CLIENT] - INFO - Sent reply
2025-04-01 16:13:19 - [Cluster 1 - CLIENT] - INFO - [Store 579] Evaluation - Loss: 0.1865, MAE: 0.2623
2025-04-01 16:13:19 - [Cluster 1 - CLIENT] - INFO - Sent reply
2025-04-01 16:13:19 - [Cluster 1 - CLIENT] - INFO - [Store 1033] Evaluation - Loss: 0.1949, MAE: 0.2639
2025-04-01 16:13:19 - [Cluster 1 - CLIENT] - INFO - Sent reply
2025-04-01 16:13:19 - [Cluster 1 - CLIENT] - INFO - [Store 755] Evaluation - Loss: 0.2240, MAE: 0.2748
2025-04-01 16:13:19 - [Cluster 1 - CLIENT] - INFO - Sent reply
2025-04-01 16:13:19 - [Cluster 1 - CLIENT] - INFO - [Store 809] Evaluation - Loss: 0.2520, MAE: 0.3285
2025-04-01 16:13:19 - [Cluster 1 - CLIENT] - INFO - Sent reply
2025-04-01 16:13:19 - [Cluster 1 - CLIENT] - INFO - 
2025-04-01 16:13:19 - [Cluster 1 - CLIENT] - INFO - Received: train message bc2e4331-1bc9-4e04-bd00-50b58f466f6f
2025-04-01 16:13:19 - [Cluster 1 - CLIENT] - INFO - 
2025-04-01 16:13:19 - [Cluster 1 - CLIENT] - INFO - Received: train message 07a67926-5573-40a2-817d-ce0e1a63fa8e
2025-04-01 16:13:19 - [Cluster 1 - CLIENT] - INFO - 
2025-04-01 16:13:19 - [Cluster 1 - CLIENT] - INFO - Received: train message b3c502f2-933e-4feb-9aaf-609400336520
2025-04-01 16:13:19 - [Cluster 1 - CLIENT] - INFO - 
2025-04-01 16:13:19 - [Cluster 1 - CLIENT] - INFO - Received: train message a4cd2666-939f-4446-9469-dc2c5eb2b186
2025-04-01 16:13:19 - [Cluster 1 - CLIENT] - INFO - [Store 1033] Starting local training.
2025-04-01 16:13:19 - [Cluster 1 - CLIENT] - INFO - 
2025-04-01 16:13:19 - [Cluster 1 - CLIENT] - INFO - Received: train message cc390b20-bcad-4101-b19a-98fb593a0ac7
2025-04-01 16:13:19 - [Cluster 1 - CLIENT] - INFO - [Store 608] Starting local training.
2025-04-01 16:13:19 - [Cluster 1 - CLIENT] - INFO - [Store 579] Starting local training.
2025-04-01 16:13:19 - [Cluster 1 - CLIENT] - INFO - 
2025-04-01 16:13:19 - [Cluster 1 - CLIENT] - INFO - Received: train message a59d784f-5ca2-48f4-8cde-e55a7da0e442
2025-04-01 16:13:19 - [Cluster 1 - CLIENT] - INFO - [Store 914] Starting local training.
2025-04-01 16:13:19 - [Cluster 1 - CLIENT] - INFO - 
2025-04-01 16:13:19 - [Cluster 1 - CLIENT] - INFO - Received: train message d5f39581-fa27-4faf-9f4a-682c539d2c23
2025-04-01 16:13:19 - [Cluster 1 - CLIENT] - INFO - 
2025-04-01 16:13:19 - [Cluster 1 - CLIENT] - INFO - Received: train message cf9d9b8f-38a7-4171-bc59-b3af8aaeb792
2025-04-01 16:13:19 - [Cluster 1 - CLIENT] - INFO - 
2025-04-01 16:13:19 - [Cluster 1 - CLIENT] - INFO - Received: train message 5d3e4da8-17c6-490e-86d2-f8753d38b46d
2025-04-01 16:13:19 - [Cluster 1 - CLIENT] - INFO - 
2025-04-01 16:13:19 - [Cluster 1 - CLIENT] - INFO - Received: train message 79181014-b557-48fa-8c23-a000124f701c
2025-04-01 16:13:19 - [Cluster 1 - CLIENT] - INFO - 
2025-04-01 16:13:19 - [Cluster 1 - CLIENT] - INFO - Received: train message 0f5d8cb4-0d89-408b-9efc-c179437673a7
2025-04-01 16:13:19 - [Cluster 1 - CLIENT] - INFO - [Store 562] Starting local training.
2025-04-01 16:13:19 - [Cluster 1 - CLIENT] - INFO - [Store 527] Starting local training.
2025-04-01 16:13:19 - [Cluster 1 - CLIENT] - INFO - 
2025-04-01 16:13:19 - [Cluster 1 - CLIENT] - INFO - Received: train message eaf25b8c-12e9-43d7-b556-db549c62de66
2025-04-01 16:13:19 - [Cluster 1 - CLIENT] - INFO - 
2025-04-01 16:13:19 - [Cluster 1 - CLIENT] - INFO - Received: train message a343ec3e-aca8-40f1-a78d-66bf1e11f220
2025-04-01 16:13:19 - [Cluster 1 - CLIENT] - INFO - [Store 999] Starting local training.
2025-04-01 16:13:19 - [Cluster 1 - CLIENT] - INFO - [Store 849] Starting local training.
2025-04-01 16:13:19 - [Cluster 1 - CLIENT] - INFO - [Store 106] Starting local training.
2025-04-01 16:13:19 - [Cluster 1 - CLIENT] - INFO - 
2025-04-01 16:13:19 - [Cluster 1 - CLIENT] - INFO - Received: train message 00c15755-b341-4b39-8b6e-a0f3d7b6bea0
2025-04-01 16:13:19 - [Cluster 1 - CLIENT] - INFO - 
2025-04-01 16:13:19 - [Cluster 1 - CLIENT] - INFO - Received: train message 8ba227f2-d588-4ed4-abc4-e0839684d745
2025-04-01 16:13:19 - [Cluster 1 - CLIENT] - INFO - [Store 809] Starting local training.
2025-04-01 16:13:20 - [Cluster 1 - CLIENT] - INFO - [Store 207] Starting local training.
2025-04-01 16:13:20 - [Cluster 1 - CLIENT] - INFO - [Store 655] Starting local training.
2025-04-01 16:13:20 - [Cluster 1 - CLIENT] - INFO - [Store 615] Starting local training.
2025-04-01 16:13:20 - [Cluster 1 - CLIENT] - INFO - [Store 431] Starting local training.
2025-04-01 16:13:20 - [Cluster 1 - CLIENT] - INFO - [Store 384] Starting local training.
2025-04-01 16:18:25 - [Cluster 1 - CLIENT] - INFO - [Store 527] Local training complete.
2025-04-01 16:18:25 - [Cluster 1 - CLIENT] - INFO - Sent reply
2025-04-01 16:18:25 - [Cluster 1 - CLIENT] - INFO - 
2025-04-01 16:18:25 - [Cluster 1 - CLIENT] - INFO - Received: train message f114e244-3c8b-422a-8801-5da00a7bf930
2025-04-01 16:18:26 - [Cluster 1 - CLIENT] - INFO - [Store 807] Starting local training.
2025-04-01 16:18:26 - [Cluster 1 - CLIENT] - INFO - [Store 849] Local training complete.
2025-04-01 16:18:26 - [Cluster 1 - CLIENT] - INFO - Sent reply
2025-04-01 16:18:26 - [Cluster 1 - CLIENT] - INFO - [Store 579] Local training complete.
2025-04-01 16:18:26 - [Cluster 1 - CLIENT] - INFO - Sent reply
2025-04-01 16:18:26 - [Cluster 1 - CLIENT] - INFO - 
2025-04-01 16:18:26 - [Cluster 1 - CLIENT] - INFO - Received: train message 48ac5a68-174c-45f8-ba0c-ad309468a85f
2025-04-01 16:18:26 - [Cluster 1 - CLIENT] - INFO - 
2025-04-01 16:18:26 - [Cluster 1 - CLIENT] - INFO - Received: train message 4b8c0f4a-2119-47fb-864b-a637ac6c5eac
2025-04-01 16:18:26 - [Cluster 1 - CLIENT] - INFO - [Store 384] Local training complete.
2025-04-01 16:18:26 - [Cluster 1 - CLIENT] - INFO - [Store 906] Starting local training.
2025-04-01 16:18:26 - [Cluster 1 - CLIENT] - INFO - Sent reply
2025-04-01 16:18:26 - [Cluster 1 - CLIENT] - INFO - 
2025-04-01 16:18:26 - [Cluster 1 - CLIENT] - INFO - Received: train message 7f6a9ad9-1033-402a-818f-dca57360ed05
2025-04-01 16:18:26 - [Cluster 1 - CLIENT] - INFO - [Store 1033] Local training complete.
2025-04-01 16:18:27 - [Cluster 1 - CLIENT] - INFO - [Store 699] Starting local training.
2025-04-01 16:18:27 - [Cluster 1 - CLIENT] - INFO - [Store 999] Local training complete.
2025-04-01 16:18:27 - [Cluster 1 - CLIENT] - INFO - Sent reply
2025-04-01 16:18:27 - [Cluster 1 - CLIENT] - INFO - [Store 682] Starting local training.
2025-04-01 16:18:27 - [Cluster 1 - CLIENT] - INFO - Sent reply
2025-04-01 16:18:27 - [Cluster 1 - CLIENT] - INFO - 
2025-04-01 16:18:27 - [Cluster 1 - CLIENT] - INFO - Received: train message 2bf94a20-61e9-4718-9d62-4c193e0198da
2025-04-01 16:18:27 - [Cluster 1 - CLIENT] - INFO - 
2025-04-01 16:18:27 - [Cluster 1 - CLIENT] - INFO - Received: train message a7a01365-22b2-401d-94f9-99ebfad56792
2025-04-01 16:18:27 - [Cluster 1 - CLIENT] - INFO - [Store 195] Starting local training.
2025-04-01 16:18:27 - [Cluster 1 - CLIENT] - INFO - [Store 524] Starting local training.
2025-04-01 16:18:28 - [Cluster 1 - CLIENT] - INFO - [Store 207] Local training complete.
2025-04-01 16:18:28 - [Cluster 1 - CLIENT] - INFO - [Store 608] Local training complete.
2025-04-01 16:18:28 - [Cluster 1 - CLIENT] - INFO - Sent reply
2025-04-01 16:18:28 - [Cluster 1 - CLIENT] - INFO - 
2025-04-01 16:18:28 - [Cluster 1 - CLIENT] - INFO - Received: train message 6602488c-5dbe-4c87-97c4-62a00fcd45f5
2025-04-01 16:18:28 - [Cluster 1 - CLIENT] - INFO - [Store 753] Starting local training.
2025-04-01 16:18:28 - [Cluster 1 - CLIENT] - INFO - Sent reply
2025-04-01 16:18:28 - [Cluster 1 - CLIENT] - INFO - 
2025-04-01 16:18:28 - [Cluster 1 - CLIENT] - INFO - Received: train message 7c84d957-f6d9-483e-a84d-f679b29948a5
2025-04-01 16:18:28 - [Cluster 1 - CLIENT] - INFO - [Store 914] Local training complete.
2025-04-01 16:18:28 - [Cluster 1 - CLIENT] - INFO - Sent reply
2025-04-01 16:18:28 - [Cluster 1 - CLIENT] - INFO - [Store 655] Local training complete.
2025-04-01 16:18:28 - [Cluster 1 - CLIENT] - INFO - Sent reply
2025-04-01 16:18:28 - [Cluster 1 - CLIENT] - INFO - 
2025-04-01 16:18:28 - [Cluster 1 - CLIENT] - INFO - Received: train message f961173b-9b72-42f4-90d6-f29dbae1639e
2025-04-01 16:18:29 - [Cluster 1 - CLIENT] - INFO - [Store 755] Starting local training.
2025-04-01 16:18:29 - [Cluster 1 - CLIENT] - INFO - 
2025-04-01 16:18:29 - [Cluster 1 - CLIENT] - INFO - Received: train message 33ef68d4-32b5-463a-a5e3-df20aec59c7e
2025-04-01 16:18:29 - [Cluster 1 - CLIENT] - INFO - [Store 211] Starting local training.
2025-04-01 16:18:29 - [Cluster 1 - CLIENT] - INFO - [Store 615] Local training complete.
2025-04-01 16:18:29 - [Cluster 1 - CLIENT] - INFO - [Store 665] Starting local training.
2025-04-01 16:18:29 - [Cluster 1 - CLIENT] - INFO - Sent reply
2025-04-01 16:18:29 - [Cluster 1 - CLIENT] - INFO - 
2025-04-01 16:18:29 - [Cluster 1 - CLIENT] - INFO - Received: train message 0bed7ac9-7be3-41fc-840f-a9529bc0789d
2025-04-01 16:18:29 - [Cluster 1 - CLIENT] - INFO - [Store 382] Starting local training.
2025-04-01 16:18:29 - [Cluster 1 - CLIENT] - INFO - [Store 809] Local training complete.
2025-04-01 16:18:29 - [Cluster 1 - CLIENT] - INFO - Sent reply
2025-04-01 16:18:29 - [Cluster 1 - CLIENT] - INFO - 
2025-04-01 16:18:29 - [Cluster 1 - CLIENT] - INFO - Received: train message d768f503-e4eb-4042-9103-35226d3c05dc
2025-04-01 16:18:30 - [Cluster 1 - CLIENT] - INFO - [Store 526] Starting local training.
2025-04-01 16:18:30 - [Cluster 1 - CLIENT] - INFO - [Store 431] Local training complete.
2025-04-01 16:18:30 - [Cluster 1 - CLIENT] - INFO - Sent reply
2025-04-01 16:18:30 - [Cluster 1 - CLIENT] - INFO - 
2025-04-01 16:18:30 - [Cluster 1 - CLIENT] - INFO - Received: train message 6717aa48-e9ad-4c64-9c01-27ab789ef2c7
2025-04-01 16:18:31 - [Cluster 1 - CLIENT] - INFO - [Store 532] Starting local training.
2025-04-01 16:18:31 - [Cluster 1 - CLIENT] - INFO - [Store 106] Local training complete.
2025-04-01 16:18:31 - [Cluster 1 - CLIENT] - INFO - [Store 562] Local training complete.
2025-04-01 16:18:32 - [Cluster 1 - CLIENT] - INFO - Sent reply
2025-04-01 16:18:32 - [Cluster 1 - CLIENT] - INFO - Sent reply
2025-04-01 16:18:32 - [Cluster 1 - CLIENT] - INFO - 
2025-04-01 16:18:32 - [Cluster 1 - CLIENT] - INFO - Received: train message 9af7feca-46a9-4eb6-be53-9d2b77b21404
2025-04-01 16:18:32 - [Cluster 1 - CLIENT] - INFO - 
2025-04-01 16:18:32 - [Cluster 1 - CLIENT] - INFO - Received: train message 423c83c4-ae6e-465a-830e-7984e8f78847
2025-04-01 16:18:32 - [Cluster 1 - CLIENT] - INFO - [Store 269] Starting local training.
2025-04-01 16:18:32 - [Cluster 1 - CLIENT] - INFO - [Store 938] Starting local training.
2025-04-01 16:23:14 - [Cluster 1 - CLIENT] - INFO - [Store 906] Local training complete.
2025-04-01 16:23:14 - [Cluster 1 - CLIENT] - INFO - Sent reply
2025-04-01 16:23:18 - [Cluster 1 - CLIENT] - INFO - [Store 807] Local training complete.
2025-04-01 16:23:18 - [Cluster 1 - CLIENT] - INFO - Sent reply
2025-04-01 16:23:18 - [Cluster 1 - CLIENT] - INFO - [Store 699] Local training complete.
2025-04-01 16:23:19 - [Cluster 1 - CLIENT] - INFO - Sent reply
2025-04-01 16:23:20 - [Cluster 1 - CLIENT] - INFO - [Store 755] Local training complete.
2025-04-01 16:23:20 - [Cluster 1 - CLIENT] - INFO - Sent reply
2025-04-01 16:23:20 - [Cluster 1 - CLIENT] - INFO - [Store 195] Local training complete.
2025-04-01 16:23:20 - [Cluster 1 - CLIENT] - INFO - Sent reply
2025-04-01 16:23:21 - [Cluster 1 - CLIENT] - INFO - [Store 682] Local training complete.
2025-04-01 16:23:21 - [Cluster 1 - CLIENT] - INFO - Sent reply
2025-04-01 16:23:21 - [Cluster 1 - CLIENT] - INFO - [Store 524] Local training complete.
2025-04-01 16:23:21 - [Cluster 1 - CLIENT] - INFO - Sent reply
2025-04-01 16:23:22 - [Cluster 1 - CLIENT] - INFO - [Store 938] Local training complete.
2025-04-01 16:23:22 - [Cluster 1 - CLIENT] - INFO - [Store 665] Local training complete.
2025-04-01 16:23:22 - [Cluster 1 - CLIENT] - INFO - Sent reply
2025-04-01 16:23:22 - [Cluster 1 - CLIENT] - INFO - Sent reply
2025-04-01 16:23:22 - [Cluster 1 - CLIENT] - INFO - [Store 382] Local training complete.
2025-04-01 16:23:22 - [Cluster 1 - CLIENT] - INFO - Sent reply
2025-04-01 16:23:22 - [Cluster 1 - CLIENT] - INFO - [Store 269] Local training complete.
2025-04-01 16:23:22 - [Cluster 1 - CLIENT] - INFO - [Store 211] Local training complete.
2025-04-01 16:23:22 - [Cluster 1 - CLIENT] - INFO - Sent reply
2025-04-01 16:23:22 - [Cluster 1 - CLIENT] - INFO - Sent reply
2025-04-01 16:23:23 - [Cluster 1 - CLIENT] - INFO - [Store 532] Local training complete.
2025-04-01 16:23:23 - [Cluster 1 - CLIENT] - INFO - [Store 753] Local training complete.
2025-04-01 16:23:23 - [Cluster 1 - CLIENT] - INFO - Sent reply
2025-04-01 16:23:23 - [Cluster 1 - CLIENT] - INFO - Sent reply
2025-04-01 16:23:24 - [Cluster 1 - CLIENT] - INFO - [Store 526] Local training complete.
2025-04-01 16:23:24 - [Cluster 1 - CLIENT] - INFO - Sent reply
2025-04-01 16:23:24 - [Cluster 1 - CLIENT] - INFO - 
2025-04-01 16:23:24 - [Cluster 1 - CLIENT] - INFO - Received: evaluate message 9af4de6a-660e-436d-b788-fde9f817dac4
2025-04-01 16:23:24 - [Cluster 1 - CLIENT] - INFO - 
2025-04-01 16:23:24 - [Cluster 1 - CLIENT] - INFO - Received: evaluate message 7d2d3213-7c3c-45d9-91c7-ed6f1a7d8218
2025-04-01 16:23:24 - [Cluster 1 - CLIENT] - INFO - 
2025-04-01 16:23:24 - [Cluster 1 - CLIENT] - INFO - Received: evaluate message 9207b18e-1e52-42bd-87a8-f5c620f4e6dc
2025-04-01 16:23:24 - [Cluster 1 - CLIENT] - INFO - 
2025-04-01 16:23:24 - [Cluster 1 - CLIENT] - INFO - Received: evaluate message 4193b745-ab40-4865-8460-64f90b729fd1
2025-04-01 16:23:24 - [Cluster 1 - CLIENT] - INFO - 
2025-04-01 16:23:24 - [Cluster 1 - CLIENT] - INFO - Received: evaluate message 92fb2c5d-9f8f-4cd3-a7d8-42337ec24260
2025-04-01 16:23:24 - [Cluster 1 - CLIENT] - INFO - 
2025-04-01 16:23:24 - [Cluster 1 - CLIENT] - INFO - Received: evaluate message 9e596ad1-8eb0-4f9e-acdb-18ff2685bdcb
2025-04-01 16:23:24 - [Cluster 1 - CLIENT] - INFO - 
2025-04-01 16:23:24 - [Cluster 1 - CLIENT] - INFO - Received: evaluate message b55a492e-30a3-454c-ab94-67958e126401
2025-04-01 16:23:24 - [Cluster 1 - CLIENT] - INFO - 
2025-04-01 16:23:24 - [Cluster 1 - CLIENT] - INFO - 
2025-04-01 16:23:24 - [Cluster 1 - CLIENT] - INFO - Received: evaluate message dbc60fe6-3588-4572-b677-a3d2cb5f4f11
2025-04-01 16:23:24 - [Cluster 1 - CLIENT] - INFO - Received: evaluate message 698de7a0-98aa-4672-be49-63fd22d541f7
2025-04-01 16:23:24 - [Cluster 1 - CLIENT] - INFO - 
2025-04-01 16:23:24 - [Cluster 1 - CLIENT] - INFO - Received: evaluate message 54ccffa7-08a7-4e27-aee4-fb83e4135a4b
2025-04-01 16:23:24 - [Cluster 1 - CLIENT] - INFO - 
2025-04-01 16:23:24 - [Cluster 1 - CLIENT] - INFO - Received: evaluate message 8be49406-da09-436f-bfbb-f52757fbbdb3
2025-04-01 16:23:24 - [Cluster 1 - CLIENT] - INFO - 
2025-04-01 16:23:24 - [Cluster 1 - CLIENT] - INFO - Received: evaluate message 93c5e4ad-b6db-4045-9658-cb4b9ea6fb64
2025-04-01 16:23:24 - [Cluster 1 - CLIENT] - INFO - 
2025-04-01 16:23:24 - [Cluster 1 - CLIENT] - INFO - Received: evaluate message 69e3bd36-f58d-436e-af60-9fc53e1803a2
2025-04-01 16:23:24 - [Cluster 1 - CLIENT] - INFO - 
2025-04-01 16:23:24 - [Cluster 1 - CLIENT] - INFO - Received: evaluate message 9c1d7153-dba3-49d4-8315-9fa95599b080
2025-04-01 16:23:24 - [Cluster 1 - CLIENT] - INFO - 
2025-04-01 16:23:24 - [Cluster 1 - CLIENT] - INFO - Received: evaluate message 35ce22bd-dd8a-4020-9623-047ccc82137f
2025-04-01 16:23:25 - [Cluster 1 - CLIENT] - INFO - [Store 524] Evaluation - Loss: 0.2321, MAE: 0.2886
2025-04-01 16:23:25 - [Cluster 1 - CLIENT] - INFO - Sent reply
2025-04-01 16:23:25 - [Cluster 1 - CLIENT] - INFO - [Store 195] Evaluation - Loss: 0.2725, MAE: 0.3214
2025-04-01 16:23:25 - [Cluster 1 - CLIENT] - INFO - Sent reply
2025-04-01 16:23:25 - [Cluster 1 - CLIENT] - INFO - 
2025-04-01 16:23:25 - [Cluster 1 - CLIENT] - INFO - [Store 211] Evaluation - Loss: 0.2105, MAE: 0.2856
2025-04-01 16:23:25 - [Cluster 1 - CLIENT] - INFO - Received: evaluate message 05251317-b19e-451a-855b-d18e9e0fa274
2025-04-01 16:23:25 - [Cluster 1 - CLIENT] - INFO - [Store 938] Evaluation - Loss: 0.2050, MAE: 0.2557
2025-04-01 16:23:25 - [Cluster 1 - CLIENT] - INFO - Sent reply
2025-04-01 16:23:25 - [Cluster 1 - CLIENT] - INFO - Sent reply
2025-04-01 16:23:25 - [Cluster 1 - CLIENT] - INFO - [Store 382] Evaluation - Loss: 0.1702, MAE: 0.2570
2025-04-01 16:23:25 - [Cluster 1 - CLIENT] - INFO - Sent reply
2025-04-01 16:23:25 - [Cluster 1 - CLIENT] - INFO - 
2025-04-01 16:23:25 - [Cluster 1 - CLIENT] - INFO - Received: evaluate message 9a1a8138-fc90-48ae-9200-2be60f8ddddb
2025-04-01 16:23:25 - [Cluster 1 - CLIENT] - INFO - [Store 682] Evaluation - Loss: 0.2992, MAE: 0.4414
2025-04-01 16:23:25 - [Cluster 1 - CLIENT] - INFO - [Store 699] Evaluation - Loss: 0.6536, MAE: 0.4238
2025-04-01 16:23:25 - [Cluster 1 - CLIENT] - INFO - Sent reply
2025-04-01 16:23:25 - [Cluster 1 - CLIENT] - INFO - Sent reply
2025-04-01 16:23:25 - [Cluster 1 - CLIENT] - INFO - [Store 665] Evaluation - Loss: 0.1963, MAE: 0.2506
2025-04-01 16:23:25 - [Cluster 1 - CLIENT] - INFO - Sent reply
2025-04-01 16:23:25 - [Cluster 1 - CLIENT] - INFO - 
2025-04-01 16:23:25 - [Cluster 1 - CLIENT] - INFO - Received: evaluate message 5835991f-7175-441f-81b5-4cc5700a2467
2025-04-01 16:23:25 - [Cluster 1 - CLIENT] - INFO - 
2025-04-01 16:23:25 - [Cluster 1 - CLIENT] - INFO - [Store 807] Evaluation - Loss: 0.2792, MAE: 0.3433
2025-04-01 16:23:25 - [Cluster 1 - CLIENT] - INFO - Received: evaluate message a5d6f0aa-8e94-4192-bd9f-fa8731cece74
2025-04-01 16:23:25 - [Cluster 1 - CLIENT] - INFO - 
2025-04-01 16:23:25 - [Cluster 1 - CLIENT] - INFO - Received: evaluate message d816ccf5-8101-4976-ae3f-2772480f22c4
2025-04-01 16:23:25 - [Cluster 1 - CLIENT] - INFO - Sent reply
2025-04-01 16:23:25 - [Cluster 1 - CLIENT] - INFO - 
2025-04-01 16:23:25 - [Cluster 1 - CLIENT] - INFO - 
2025-04-01 16:23:25 - [Cluster 1 - CLIENT] - INFO - Received: evaluate message 188b8fcf-0a08-4cca-ac86-ad12c0884a76
2025-04-01 16:23:25 - [Cluster 1 - CLIENT] - INFO - Received: evaluate message 1c4803cc-30b0-4462-be70-dfa9d71f192e
2025-04-01 16:23:25 - [Cluster 1 - CLIENT] - INFO - 
2025-04-01 16:23:25 - [Cluster 1 - CLIENT] - INFO - Received: evaluate message 8a1354a4-ffef-4e83-a59a-ac501b3066f0
2025-04-01 16:23:26 - [Cluster 1 - CLIENT] - INFO - 
2025-04-01 16:23:26 - [Cluster 1 - CLIENT] - INFO - Received: evaluate message 2e15c23b-e516-4317-af71-47530486fb52
2025-04-01 16:23:26 - [Cluster 1 - CLIENT] - INFO - [Store 384] Evaluation - Loss: 0.2095, MAE: 0.3002
2025-04-01 16:23:26 - [Cluster 1 - CLIENT] - INFO - Sent reply
2025-04-01 16:23:26 - [Cluster 1 - CLIENT] - INFO - 
2025-04-01 16:23:26 - [Cluster 1 - CLIENT] - INFO - Received: evaluate message 37b4e34e-ece1-46fc-95bb-80e9b6a2ae41
2025-04-01 16:23:26 - [Cluster 1 - CLIENT] - INFO - [Store 608] Evaluation - Loss: 0.2230, MAE: 0.3135
2025-04-01 16:23:26 - [Cluster 1 - CLIENT] - INFO - Sent reply
2025-04-01 16:23:26 - [Cluster 1 - CLIENT] - INFO - [Store 207] Evaluation - Loss: 0.1545, MAE: 0.2328
2025-04-01 16:23:26 - [Cluster 1 - CLIENT] - INFO - Sent reply
2025-04-01 16:23:26 - [Cluster 1 - CLIENT] - INFO - [Store 615] Evaluation - Loss: 0.1996, MAE: 0.2402
2025-04-01 16:23:26 - [Cluster 1 - CLIENT] - INFO - Sent reply
2025-04-01 16:23:26 - [Cluster 1 - CLIENT] - INFO - 
2025-04-01 16:23:26 - [Cluster 1 - CLIENT] - INFO - Received: evaluate message dfc55210-d2d1-4c1c-aaf6-17342fbad295
2025-04-01 16:23:26 - [Cluster 1 - CLIENT] - INFO - 
2025-04-01 16:23:26 - [Cluster 1 - CLIENT] - INFO - Received: evaluate message 90ea2ecd-12e0-4531-a0eb-9d3c9daed089
2025-04-01 16:23:26 - [Cluster 1 - CLIENT] - INFO - 
2025-04-01 16:23:26 - [Cluster 1 - CLIENT] - INFO - Received: evaluate message 02de9eeb-7f66-42b4-96ce-da4f41b83e7f
2025-04-01 16:23:26 - [Cluster 1 - CLIENT] - INFO - [Store 809] Evaluation - Loss: 0.2478, MAE: 0.3204
2025-04-01 16:23:26 - [Cluster 1 - CLIENT] - INFO - Sent reply
2025-04-01 16:23:26 - [Cluster 1 - CLIENT] - INFO - [Store 999] Evaluation - Loss: 0.1678, MAE: 0.2581
2025-04-01 16:23:26 - [Cluster 1 - CLIENT] - INFO - Sent reply
2025-04-01 16:23:26 - [Cluster 1 - CLIENT] - INFO - 
2025-04-01 16:23:26 - [Cluster 1 - CLIENT] - INFO - Received: evaluate message 2e89fad7-a183-4491-b607-5169d7829074
2025-04-01 16:23:26 - [Cluster 1 - CLIENT] - INFO - 
2025-04-01 16:23:26 - [Cluster 1 - CLIENT] - INFO - Received: evaluate message c9dfd21f-dfc0-4816-87b7-17626481d95b
2025-04-01 16:23:27 - [Cluster 1 - CLIENT] - INFO - [Store 269] Evaluation - Loss: 0.2300, MAE: 0.3156
2025-04-01 16:23:27 - [Cluster 1 - CLIENT] - INFO - Sent reply
2025-04-01 16:23:27 - [Cluster 1 - CLIENT] - INFO - [Store 526] Evaluation - Loss: 0.1645, MAE: 0.2619
2025-04-01 16:23:27 - [Cluster 1 - CLIENT] - INFO - Sent reply
2025-04-01 16:23:27 - [Cluster 1 - CLIENT] - INFO - [Store 755] Evaluation - Loss: 0.2256, MAE: 0.2814
2025-04-01 16:23:27 - [Cluster 1 - CLIENT] - INFO - [Store 906] Evaluation - Loss: 0.2036, MAE: 0.2645
2025-04-01 16:23:27 - [Cluster 1 - CLIENT] - INFO - Sent reply
2025-04-01 16:23:27 - [Cluster 1 - CLIENT] - INFO - Sent reply
2025-04-01 16:23:27 - [Cluster 1 - CLIENT] - INFO - [Store 562] Evaluation - Loss: 0.4337, MAE: 0.5120
2025-04-01 16:23:27 - [Cluster 1 - CLIENT] - INFO - Sent reply
2025-04-01 16:23:27 - [Cluster 1 - CLIENT] - INFO - [Store 1033] Evaluation - Loss: 0.1968, MAE: 0.2710
2025-04-01 16:23:27 - [Cluster 1 - CLIENT] - INFO - Sent reply
2025-04-01 16:23:27 - [Cluster 1 - CLIENT] - INFO - [Store 849] Evaluation - Loss: 0.2020, MAE: 0.2894
2025-04-01 16:23:27 - [Cluster 1 - CLIENT] - INFO - Sent reply
2025-04-01 16:23:27 - [Cluster 1 - CLIENT] - INFO - [Store 914] Evaluation - Loss: 0.1862, MAE: 0.2722
2025-04-01 16:23:27 - [Cluster 1 - CLIENT] - INFO - Sent reply
2025-04-01 16:23:27 - [Cluster 1 - CLIENT] - INFO - [Store 106] Evaluation - Loss: 0.1929, MAE: 0.2795
2025-04-01 16:23:27 - [Cluster 1 - CLIENT] - INFO - Sent reply
2025-04-01 16:23:27 - [Cluster 1 - CLIENT] - INFO - [Store 655] Evaluation - Loss: 0.3087, MAE: 0.3615
2025-04-01 16:23:27 - [Cluster 1 - CLIENT] - INFO - Sent reply
2025-04-01 16:23:27 - [Cluster 1 - CLIENT] - INFO - [Store 532] Evaluation - Loss: 0.3880, MAE: 0.3881
2025-04-01 16:23:27 - [Cluster 1 - CLIENT] - INFO - Sent reply
2025-04-01 16:23:27 - [Cluster 1 - CLIENT] - INFO - [Store 753] Evaluation - Loss: 0.1969, MAE: 0.2701
2025-04-01 16:23:27 - [Cluster 1 - CLIENT] - INFO - Sent reply
2025-04-01 16:23:27 - [Cluster 1 - CLIENT] - INFO - [Store 527] Evaluation - Loss: 0.2525, MAE: 0.3192
2025-04-01 16:23:27 - [Cluster 1 - CLIENT] - INFO - Sent reply
2025-04-01 16:23:27 - [Cluster 1 - CLIENT] - INFO - [Store 431] Evaluation - Loss: 0.2785, MAE: 0.3287
2025-04-01 16:23:27 - [Cluster 1 - CLIENT] - INFO - Sent reply
2025-04-01 16:23:27 - [Cluster 1 - CLIENT] - INFO - [Store 579] Evaluation - Loss: 0.1867, MAE: 0.2633
2025-04-01 16:23:27 - [Cluster 1 - CLIENT] - INFO - Sent reply
2025-04-01 16:23:27 - [Cluster 1 - CLIENT] - INFO - 
2025-04-01 16:23:27 - [Cluster 1 - CLIENT] - INFO - Received: train message 9c66dc41-f01f-4ae9-b31d-3cf824c1c495
2025-04-01 16:23:28 - [Cluster 1 - CLIENT] - INFO - 
2025-04-01 16:23:28 - [Cluster 1 - CLIENT] - INFO - Received: train message 1906ed04-d323-467f-9bd3-bfb45b8b3e17
2025-04-01 16:23:28 - [Cluster 1 - CLIENT] - INFO - 
2025-04-01 16:23:28 - [Cluster 1 - CLIENT] - INFO - Received: train message 548b49e2-d41d-4b85-bff2-051a43ce8134
2025-04-01 16:23:28 - [Cluster 1 - CLIENT] - INFO - [Store 999] Starting local training.
2025-04-01 16:23:28 - [Cluster 1 - CLIENT] - INFO - 
2025-04-01 16:23:28 - [Cluster 1 - CLIENT] - INFO - Received: train message b8f3c18b-c5b1-4d54-bcab-d049f219e757
2025-04-01 16:23:28 - [Cluster 1 - CLIENT] - INFO - 
2025-04-01 16:23:28 - [Cluster 1 - CLIENT] - INFO - Received: train message feb5d9f3-1ed4-4ca4-85fb-297694612d9a
2025-04-01 16:23:28 - [Cluster 1 - CLIENT] - INFO - 
2025-04-01 16:23:28 - [Cluster 1 - CLIENT] - INFO - Received: train message 4ccac67c-d372-4829-8d73-464a3bb5a663
2025-04-01 16:23:28 - [Cluster 1 - CLIENT] - INFO - 
2025-04-01 16:23:28 - [Cluster 1 - CLIENT] - INFO - Received: train message a486c43c-9095-47a6-b554-84c25420c52f
2025-04-01 16:23:28 - [Cluster 1 - CLIENT] - INFO - [Store 562] Starting local training.
2025-04-01 16:23:28 - [Cluster 1 - CLIENT] - INFO - 
2025-04-01 16:23:28 - [Cluster 1 - CLIENT] - INFO - Received: train message 79e63768-de96-482e-b7a0-e445ffdb2fad
2025-04-01 16:23:28 - [Cluster 1 - CLIENT] - INFO - [Store 655] Starting local training.
2025-04-01 16:23:28 - [Cluster 1 - CLIENT] - INFO - 
2025-04-01 16:23:28 - [Cluster 1 - CLIENT] - INFO - Received: train message 3dcddeb0-625c-4309-b946-e423c50af65a
2025-04-01 16:23:28 - [Cluster 1 - CLIENT] - INFO - [Store 755] Starting local training.
2025-04-01 16:23:28 - [Cluster 1 - CLIENT] - INFO - [Store 807] Starting local training.
2025-04-01 16:23:28 - [Cluster 1 - CLIENT] - INFO - 
2025-04-01 16:23:28 - [Cluster 1 - CLIENT] - INFO - Received: train message c9e0460a-9fea-47fe-99b4-8bcb08b6436b
2025-04-01 16:23:28 - [Cluster 1 - CLIENT] - INFO - 
2025-04-01 16:23:28 - [Cluster 1 - CLIENT] - INFO - [Store 1033] Starting local training.
2025-04-01 16:23:28 - [Cluster 1 - CLIENT] - INFO - Received: train message 211fe91f-bd41-42a5-aa80-c15566eb2c58
2025-04-01 16:23:28 - [Cluster 1 - CLIENT] - INFO - [Store 431] Starting local training.
2025-04-01 16:23:28 - [Cluster 1 - CLIENT] - INFO - 
2025-04-01 16:23:28 - [Cluster 1 - CLIENT] - INFO - Received: train message 4e499fb7-9a19-4471-8216-f6fdc532525f
2025-04-01 16:23:28 - [Cluster 1 - CLIENT] - INFO - 
2025-04-01 16:23:28 - [Cluster 1 - CLIENT] - INFO - Received: train message 0592a89f-c198-4512-b11b-244e5a5ebdc9
2025-04-01 16:23:28 - [Cluster 1 - CLIENT] - INFO - 
2025-04-01 16:23:28 - [Cluster 1 - CLIENT] - INFO - Received: train message 17e828da-9ad0-40b0-9c28-7ba7346c4eec
2025-04-01 16:23:28 - [Cluster 1 - CLIENT] - INFO - 
2025-04-01 16:23:28 - [Cluster 1 - CLIENT] - INFO - Received: train message af56a80c-4e9c-4c31-ad77-5cf2686b0aa9
2025-04-01 16:23:28 - [Cluster 1 - CLIENT] - INFO - [Store 384] Starting local training.
2025-04-01 16:23:28 - [Cluster 1 - CLIENT] - INFO - [Store 382] Starting local training.
2025-04-01 16:23:28 - [Cluster 1 - CLIENT] - INFO - [Store 938] Starting local training.
2025-04-01 16:23:28 - [Cluster 1 - CLIENT] - INFO - [Store 682] Starting local training.
2025-04-01 16:23:28 - [Cluster 1 - CLIENT] - INFO - [Store 615] Starting local training.
2025-04-01 16:23:28 - [Cluster 1 - CLIENT] - INFO - [Store 195] Starting local training.
2025-04-01 16:23:28 - [Cluster 1 - CLIENT] - INFO - [Store 211] Starting local training.
2025-04-01 16:23:28 - [Cluster 1 - CLIENT] - INFO - [Store 665] Starting local training.
2025-04-01 16:27:47 - [Cluster 1 - CLIENT] - INFO - [Store 999] Local training complete.
2025-04-01 16:27:47 - [Cluster 1 - CLIENT] - INFO - Sent reply
2025-04-01 16:27:47 - [Cluster 1 - CLIENT] - INFO - 
2025-04-01 16:27:47 - [Cluster 1 - CLIENT] - INFO - Received: train message 4ab97c32-3a3a-41d2-830e-a74c09273a9c
2025-04-01 16:27:47 - [Cluster 1 - CLIENT] - INFO - [Store 906] Starting local training.
2025-04-01 16:27:47 - [Cluster 1 - CLIENT] - INFO - [Store 755] Local training complete.
2025-04-01 16:27:47 - [Cluster 1 - CLIENT] - INFO - Sent reply
2025-04-01 16:27:47 - [Cluster 1 - CLIENT] - INFO - 
2025-04-01 16:27:47 - [Cluster 1 - CLIENT] - INFO - Received: train message beba162a-6a45-4f75-a55b-d13301de79a8
2025-04-01 16:27:47 - [Cluster 1 - CLIENT] - INFO - [Store 532] Starting local training.
2025-04-01 16:27:47 - [Cluster 1 - CLIENT] - INFO - [Store 807] Local training complete.
2025-04-01 16:27:47 - [Cluster 1 - CLIENT] - INFO - 
2025-04-01 16:27:47 - [Cluster 1 - CLIENT] - INFO - Received: train message c2a9c54a-bc1a-4ebd-b1c7-f50698c16c33
2025-04-01 16:27:47 - [Cluster 1 - CLIENT] - INFO - [Store 524] Starting local training.
2025-04-01 16:27:47 - [Cluster 1 - CLIENT] - INFO - Sent reply
2025-04-01 16:27:49 - [Cluster 1 - CLIENT] - INFO - [Store 655] Local training complete.
2025-04-01 16:27:49 - [Cluster 1 - CLIENT] - INFO - Sent reply
2025-04-01 16:27:49 - [Cluster 1 - CLIENT] - INFO - 
2025-04-01 16:27:49 - [Cluster 1 - CLIENT] - INFO - Received: train message 20551d7c-af69-4153-a01c-15468802d2d6
2025-04-01 16:27:49 - [Cluster 1 - CLIENT] - INFO - [Store 526] Starting local training.
2025-04-01 16:27:49 - [Cluster 1 - CLIENT] - INFO - [Store 211] Local training complete.
2025-04-01 16:27:49 - [Cluster 1 - CLIENT] - INFO - Sent reply
2025-04-01 16:27:49 - [Cluster 1 - CLIENT] - INFO - 
2025-04-01 16:27:49 - [Cluster 1 - CLIENT] - INFO - Received: train message 538fc4b3-554b-4abd-9df7-f9f84b98545f
2025-04-01 16:27:50 - [Cluster 1 - CLIENT] - INFO - [Store 269] Starting local training.
2025-04-01 16:27:50 - [Cluster 1 - CLIENT] - INFO - [Store 682] Local training complete.
2025-04-01 16:27:50 - [Cluster 1 - CLIENT] - INFO - Sent reply
2025-04-01 16:27:50 - [Cluster 1 - CLIENT] - INFO - 
2025-04-01 16:27:50 - [Cluster 1 - CLIENT] - INFO - Received: train message ed4275d8-c1d8-46ff-a80e-6b2bbd135524
2025-04-01 16:27:50 - [Cluster 1 - CLIENT] - INFO - [Store 914] Starting local training.
2025-04-01 16:27:52 - [Cluster 1 - CLIENT] - INFO - [Store 195] Local training complete.
2025-04-01 16:27:52 - [Cluster 1 - CLIENT] - INFO - [Store 431] Local training complete.
2025-04-01 16:27:52 - [Cluster 1 - CLIENT] - INFO - Sent reply
2025-04-01 16:27:52 - [Cluster 1 - CLIENT] - INFO - 
2025-04-01 16:27:52 - [Cluster 1 - CLIENT] - INFO - Received: train message d34b62f2-328b-4240-aa55-fbc570d23ee2
2025-04-01 16:27:52 - [Cluster 1 - CLIENT] - INFO - Sent reply
2025-04-01 16:27:52 - [Cluster 1 - CLIENT] - INFO - 
2025-04-01 16:27:52 - [Cluster 1 - CLIENT] - INFO - Received: train message 86b50520-5315-4569-b4bd-a4af8b175aa2
2025-04-01 16:27:52 - [Cluster 1 - CLIENT] - INFO - [Store 809] Starting local training.
2025-04-01 16:27:52 - [Cluster 1 - CLIENT] - INFO - [Store 527] Starting local training.
2025-04-01 16:27:53 - [Cluster 1 - CLIENT] - INFO - [Store 384] Local training complete.
2025-04-01 16:27:53 - [Cluster 1 - CLIENT] - INFO - Sent reply
2025-04-01 16:27:53 - [Cluster 1 - CLIENT] - INFO - 
2025-04-01 16:27:53 - [Cluster 1 - CLIENT] - INFO - Received: train message 54ae919e-1f6f-43fc-9dc6-4d0a0eeea209
2025-04-01 16:27:53 - [Cluster 1 - CLIENT] - INFO - [Store 106] Starting local training.
2025-04-01 16:27:53 - [Cluster 1 - CLIENT] - INFO - [Store 938] Local training complete.
2025-04-01 16:27:54 - [Cluster 1 - CLIENT] - INFO - Sent reply
2025-04-01 16:27:54 - [Cluster 1 - CLIENT] - INFO - 
2025-04-01 16:27:54 - [Cluster 1 - CLIENT] - INFO - Received: train message 803435cc-1076-4f28-ba56-3431dbbed6f9
2025-04-01 16:27:54 - [Cluster 1 - CLIENT] - INFO - [Store 579] Starting local training.
2025-04-01 16:27:54 - [Cluster 1 - CLIENT] - INFO - [Store 1033] Local training complete.
2025-04-01 16:27:54 - [Cluster 1 - CLIENT] - INFO - Sent reply
2025-04-01 16:27:54 - [Cluster 1 - CLIENT] - INFO - 
2025-04-01 16:27:54 - [Cluster 1 - CLIENT] - INFO - Received: train message c35225b0-ece5-43fc-8928-e852f3f17c4d
2025-04-01 16:27:54 - [Cluster 1 - CLIENT] - INFO - [Store 699] Starting local training.
2025-04-01 16:27:55 - [Cluster 1 - CLIENT] - INFO - [Store 615] Local training complete.
2025-04-01 16:27:55 - [Cluster 1 - CLIENT] - INFO - Sent reply
2025-04-01 16:27:55 - [Cluster 1 - CLIENT] - INFO - 
2025-04-01 16:27:55 - [Cluster 1 - CLIENT] - INFO - Received: train message e23d77da-327a-45ba-a60a-d4a4406e0615
2025-04-01 16:27:55 - [Cluster 1 - CLIENT] - INFO - [Store 665] Local training complete.
2025-04-01 16:27:55 - [Cluster 1 - CLIENT] - INFO - [Store 207] Starting local training.
2025-04-01 16:27:56 - [Cluster 1 - CLIENT] - INFO - [Store 562] Local training complete.
2025-04-01 16:27:56 - [Cluster 1 - CLIENT] - INFO - Sent reply
2025-04-01 16:27:56 - [Cluster 1 - CLIENT] - INFO - 
2025-04-01 16:27:56 - [Cluster 1 - CLIENT] - INFO - Received: train message 61b607ec-1fe5-4395-82e4-2d04a7e5e3c7
2025-04-01 16:27:56 - [Cluster 1 - CLIENT] - INFO - [Store 608] Starting local training.
2025-04-01 16:27:56 - [Cluster 1 - CLIENT] - INFO - Sent reply
2025-04-01 16:27:56 - [Cluster 1 - CLIENT] - INFO - 
2025-04-01 16:27:56 - [Cluster 1 - CLIENT] - INFO - Received: train message d1647bbb-fc41-4181-857f-badbd3a75d6a
2025-04-01 16:27:56 - [Cluster 1 - CLIENT] - INFO - [Store 849] Starting local training.
2025-04-01 16:27:57 - [Cluster 1 - CLIENT] - INFO - [Store 382] Local training complete.
2025-04-01 16:27:57 - [Cluster 1 - CLIENT] - INFO - Sent reply
2025-04-01 16:27:57 - [Cluster 1 - CLIENT] - INFO - 
2025-04-01 16:27:57 - [Cluster 1 - CLIENT] - INFO - Received: train message 6075f7e1-4d82-4d39-a27d-ce13fca8d439
2025-04-01 16:27:58 - [Cluster 1 - CLIENT] - INFO - [Store 753] Starting local training.
2025-04-01 16:32:14 - [Cluster 1 - CLIENT] - INFO - [Store 526] Local training complete.
2025-04-01 16:32:14 - [Cluster 1 - CLIENT] - INFO - Sent reply
2025-04-01 16:32:15 - [Cluster 1 - CLIENT] - INFO - [Store 906] Local training complete.
2025-04-01 16:32:15 - [Cluster 1 - CLIENT] - INFO - Sent reply
2025-04-01 16:32:20 - [Cluster 1 - CLIENT] - INFO - [Store 269] Local training complete.
2025-04-01 16:32:20 - [Cluster 1 - CLIENT] - INFO - Sent reply
2025-04-01 16:32:21 - [Cluster 1 - CLIENT] - INFO - [Store 524] Local training complete.
2025-04-01 16:32:21 - [Cluster 1 - CLIENT] - INFO - Sent reply
2025-04-01 16:32:23 - [Cluster 1 - CLIENT] - INFO - [Store 809] Local training complete.
2025-04-01 16:32:23 - [Cluster 1 - CLIENT] - INFO - Sent reply
2025-04-01 16:32:24 - [Cluster 1 - CLIENT] - INFO - [Store 532] Local training complete.
2025-04-01 16:32:24 - [Cluster 1 - CLIENT] - INFO - Sent reply
2025-04-01 16:32:24 - [Cluster 1 - CLIENT] - INFO - [Store 207] Local training complete.
2025-04-01 16:32:24 - [Cluster 1 - CLIENT] - INFO - Sent reply
2025-04-01 16:32:24 - [Cluster 1 - CLIENT] - INFO - [Store 106] Local training complete.
2025-04-01 16:32:24 - [Cluster 1 - CLIENT] - INFO - Sent reply
2025-04-01 16:32:25 - [Cluster 1 - CLIENT] - INFO - [Store 849] Local training complete.
2025-04-01 16:32:25 - [Cluster 1 - CLIENT] - INFO - Sent reply
2025-04-01 16:32:25 - [Cluster 1 - CLIENT] - INFO - [Store 527] Local training complete.
2025-04-01 16:32:25 - [Cluster 1 - CLIENT] - INFO - Sent reply
2025-04-01 16:32:25 - [Cluster 1 - CLIENT] - INFO - [Store 914] Local training complete.
2025-04-01 16:32:25 - [Cluster 1 - CLIENT] - INFO - Sent reply
2025-04-01 16:32:25 - [Cluster 1 - CLIENT] - INFO - [Store 753] Local training complete.
2025-04-01 16:32:25 - [Cluster 1 - CLIENT] - INFO - Sent reply
2025-04-01 16:32:25 - [Cluster 1 - CLIENT] - INFO - [Store 699] Local training complete.
2025-04-01 16:32:25 - [Cluster 1 - CLIENT] - INFO - Sent reply
2025-04-01 16:32:25 - [Cluster 1 - CLIENT] - INFO - [Store 608] Local training complete.
2025-04-01 16:32:25 - [Cluster 1 - CLIENT] - INFO - Sent reply
2025-04-01 16:32:26 - [Cluster 1 - CLIENT] - INFO - [Store 579] Local training complete.
2025-04-01 16:32:26 - [Cluster 1 - CLIENT] - INFO - Sent reply
2025-04-01 16:32:26 - [Cluster 1 - CLIENT] - INFO - 
2025-04-01 16:32:26 - [Cluster 1 - CLIENT] - INFO - Received: evaluate message b6848fc8-3b9b-42ea-819d-beff526c2639
2025-04-01 16:32:26 - [Cluster 1 - CLIENT] - INFO - 
2025-04-01 16:32:26 - [Cluster 1 - CLIENT] - INFO - Received: evaluate message 8981bd76-30b3-4ffb-bd37-c9786081267d
2025-04-01 16:32:26 - [Cluster 1 - CLIENT] - INFO - 
2025-04-01 16:32:26 - [Cluster 1 - CLIENT] - INFO - Received: evaluate message 0536f79c-15af-4543-a583-ec51372aee99
2025-04-01 16:32:27 - [Cluster 1 - CLIENT] - INFO - 
2025-04-01 16:32:27 - [Cluster 1 - CLIENT] - INFO - Received: evaluate message 63dcfc9c-2252-409f-a509-ef7abd61e285
2025-04-01 16:32:27 - [Cluster 1 - CLIENT] - INFO - 
2025-04-01 16:32:27 - [Cluster 1 - CLIENT] - INFO - Received: evaluate message c12e631b-629f-4dda-9bf9-ada7f1d859e6
2025-04-01 16:32:27 - [Cluster 1 - CLIENT] - INFO - 
2025-04-01 16:32:27 - [Cluster 1 - CLIENT] - INFO - Received: evaluate message 39b7fa4e-e1bc-4d91-b9ec-ec461a3e64f6
2025-04-01 16:32:27 - [Cluster 1 - CLIENT] - INFO - 
2025-04-01 16:32:27 - [Cluster 1 - CLIENT] - INFO - Received: evaluate message 3f39e71b-deea-43c0-b7c2-e53b97f3f59a
2025-04-01 16:32:27 - [Cluster 1 - CLIENT] - INFO - 
2025-04-01 16:32:27 - [Cluster 1 - CLIENT] - INFO - Received: evaluate message e2b35d62-9388-40da-8e3e-3c76e6d42a55
2025-04-01 16:32:27 - [Cluster 1 - CLIENT] - INFO - 
2025-04-01 16:32:27 - [Cluster 1 - CLIENT] - INFO - Received: evaluate message 1d5258bb-decf-497e-964d-6efd0ef70fef
2025-04-01 16:32:27 - [Cluster 1 - CLIENT] - INFO - 
2025-04-01 16:32:27 - [Cluster 1 - CLIENT] - INFO - Received: evaluate message 381f12ad-dfff-4581-a299-b35c281434f8
2025-04-01 16:32:27 - [Cluster 1 - CLIENT] - INFO - 
2025-04-01 16:32:27 - [Cluster 1 - CLIENT] - INFO - Received: evaluate message 9e206642-a3d6-4957-8710-016a1d3abe02
2025-04-01 16:32:27 - [Cluster 1 - CLIENT] - INFO - 
2025-04-01 16:32:27 - [Cluster 1 - CLIENT] - INFO - Received: evaluate message 6b89f5a9-8632-42a0-b989-e25a9d84957b
2025-04-01 16:32:27 - [Cluster 1 - CLIENT] - INFO - 
2025-04-01 16:32:27 - [Cluster 1 - CLIENT] - INFO - Received: evaluate message a788f10c-8312-4ced-9a58-5de608f7d17d
2025-04-01 16:32:27 - [Cluster 1 - CLIENT] - INFO - 
2025-04-01 16:32:27 - [Cluster 1 - CLIENT] - INFO - 
2025-04-01 16:32:27 - [Cluster 1 - CLIENT] - INFO - Received: evaluate message efcf825c-f0f9-45b1-9959-f7aa1b86ea12
2025-04-01 16:32:27 - [Cluster 1 - CLIENT] - INFO - Received: evaluate message 80244c74-caf8-4c29-9d4e-1cb4f0524d12
2025-04-01 16:32:28 - [Cluster 1 - CLIENT] - INFO - [Store 524] Evaluation - Loss: 0.2314, MAE: 0.2856
2025-04-01 16:32:28 - [Cluster 1 - CLIENT] - INFO - Sent reply
2025-04-01 16:32:28 - [Cluster 1 - CLIENT] - INFO - [Store 579] Evaluation - Loss: 0.1915, MAE: 0.2682
2025-04-01 16:32:28 - [Cluster 1 - CLIENT] - INFO - Sent reply
2025-04-01 16:32:28 - [Cluster 1 - CLIENT] - INFO - 
2025-04-01 16:32:28 - [Cluster 1 - CLIENT] - INFO - Received: evaluate message 40c9853b-caa3-463b-9734-5442eeb7734e
2025-04-01 16:32:28 - [Cluster 1 - CLIENT] - INFO - 
2025-04-01 16:32:28 - [Cluster 1 - CLIENT] - INFO - Received: evaluate message de4872ad-e638-4c98-9919-f8bf21a4b26a
2025-04-01 16:32:28 - [Cluster 1 - CLIENT] - INFO - [Store 809] Evaluation - Loss: 0.2472, MAE: 0.3186
2025-04-01 16:32:28 - [Cluster 1 - CLIENT] - INFO - Sent reply
2025-04-01 16:32:28 - [Cluster 1 - CLIENT] - INFO - 
2025-04-01 16:32:28 - [Cluster 1 - CLIENT] - INFO - Received: evaluate message c2c2ac96-3d62-413f-9b62-d0889fcb47b0
2025-04-01 16:32:28 - [Cluster 1 - CLIENT] - INFO - [Store 527] Evaluation - Loss: 0.2507, MAE: 0.3131
2025-04-01 16:32:28 - [Cluster 1 - CLIENT] - INFO - Sent reply
2025-04-01 16:32:28 - [Cluster 1 - CLIENT] - INFO - 
2025-04-01 16:32:28 - [Cluster 1 - CLIENT] - INFO - Received: evaluate message 4b9368b5-319f-4b82-a330-1e5ad80e2d8f
2025-04-01 16:32:28 - [Cluster 1 - CLIENT] - INFO - [Store 755] Evaluation - Loss: 0.2239, MAE: 0.2777
2025-04-01 16:32:28 - [Cluster 1 - CLIENT] - INFO - [Store 1033] Evaluation - Loss: 0.1965, MAE: 0.2692
2025-04-01 16:32:28 - [Cluster 1 - CLIENT] - INFO - Sent reply
2025-04-01 16:32:28 - [Cluster 1 - CLIENT] - INFO - [Store 532] Evaluation - Loss: 0.3862, MAE: 0.3845
2025-04-01 16:32:28 - [Cluster 1 - CLIENT] - INFO - Sent reply
2025-04-01 16:32:28 - [Cluster 1 - CLIENT] - INFO - Sent reply
2025-04-01 16:32:28 - [Cluster 1 - CLIENT] - INFO - [Store 906] Evaluation - Loss: 0.2049, MAE: 0.2637
2025-04-01 16:32:28 - [Cluster 1 - CLIENT] - INFO - Sent reply
2025-04-01 16:32:28 - [Cluster 1 - CLIENT] - INFO - 
2025-04-01 16:32:28 - [Cluster 1 - CLIENT] - INFO - Received: evaluate message 8a4a6168-dbdc-4207-b4a0-69684931ec5b
2025-04-01 16:32:28 - [Cluster 1 - CLIENT] - INFO - [Store 382] Evaluation - Loss: 0.1706, MAE: 0.2574
2025-04-01 16:32:28 - [Cluster 1 - CLIENT] - INFO - 
2025-04-01 16:32:28 - [Cluster 1 - CLIENT] - INFO - [Store 608] Evaluation - Loss: 0.2200, MAE: 0.3071
2025-04-01 16:32:28 - [Cluster 1 - CLIENT] - INFO - Received: evaluate message 62bc1ebf-7b38-4fa1-8f57-4ceff5569485
2025-04-01 16:32:28 - [Cluster 1 - CLIENT] - INFO - Sent reply
2025-04-01 16:32:28 - [Cluster 1 - CLIENT] - INFO - Sent reply
2025-04-01 16:32:28 - [Cluster 1 - CLIENT] - INFO - 
2025-04-01 16:32:28 - [Cluster 1 - CLIENT] - INFO - Received: evaluate message b68d8684-e4b7-43ca-981f-7789f2230d11
2025-04-01 16:32:28 - [Cluster 1 - CLIENT] - INFO - [Store 106] Evaluation - Loss: 0.1887, MAE: 0.2718
2025-04-01 16:32:28 - [Cluster 1 - CLIENT] - INFO - Sent reply
2025-04-01 16:32:28 - [Cluster 1 - CLIENT] - INFO - [Store 269] Evaluation - Loss: 0.2330, MAE: 0.3185
2025-04-01 16:32:28 - [Cluster 1 - CLIENT] - INFO - 
2025-04-01 16:32:28 - [Cluster 1 - CLIENT] - INFO - Received: evaluate message ef9e7e5f-6064-4a4c-83ea-99de63d8078f
2025-04-01 16:32:28 - [Cluster 1 - CLIENT] - INFO - Sent reply
2025-04-01 16:32:28 - [Cluster 1 - CLIENT] - INFO - 
2025-04-01 16:32:28 - [Cluster 1 - CLIENT] - INFO - Received: evaluate message c47a2a7e-ec73-4574-a534-e9525d2400ce
2025-04-01 16:32:28 - [Cluster 1 - CLIENT] - INFO - 
2025-04-01 16:32:28 - [Cluster 1 - CLIENT] - INFO - Received: evaluate message 82329461-5599-4222-94a0-3d3fded327c9
2025-04-01 16:32:28 - [Cluster 1 - CLIENT] - INFO - 
2025-04-01 16:32:28 - [Cluster 1 - CLIENT] - INFO - Received: evaluate message 70b6cb70-74b8-407f-9e5c-126f676ab8d2
2025-04-01 16:32:28 - [Cluster 1 - CLIENT] - INFO - [Store 682] Evaluation - Loss: 0.2951, MAE: 0.4386
2025-04-01 16:32:28 - [Cluster 1 - CLIENT] - INFO - Sent reply
2025-04-01 16:32:28 - [Cluster 1 - CLIENT] - INFO - 
2025-04-01 16:32:29 - [Cluster 1 - CLIENT] - INFO - Received: evaluate message 01559bc1-93d6-4a14-b61c-04288e15e31d
2025-04-01 16:32:29 - [Cluster 1 - CLIENT] - INFO - [Store 195] Evaluation - Loss: 0.2715, MAE: 0.3209
2025-04-01 16:32:29 - [Cluster 1 - CLIENT] - INFO - [Store 807] Evaluation - Loss: 0.2754, MAE: 0.3365
2025-04-01 16:32:29 - [Cluster 1 - CLIENT] - INFO - Sent reply
2025-04-01 16:32:29 - [Cluster 1 - CLIENT] - INFO - Sent reply
2025-04-01 16:32:29 - [Cluster 1 - CLIENT] - INFO - 
2025-04-01 16:32:29 - [Cluster 1 - CLIENT] - INFO - Received: evaluate message cd9327eb-72c0-44c2-ae50-84bb8659000b
2025-04-01 16:32:29 - [Cluster 1 - CLIENT] - INFO - 
2025-04-01 16:32:29 - [Cluster 1 - CLIENT] - INFO - Received: evaluate message 06b5d5b0-5522-4958-910e-2101c3b4b32b
2025-04-01 16:32:29 - [Cluster 1 - CLIENT] - INFO - 
2025-04-01 16:32:29 - [Cluster 1 - CLIENT] - INFO - Received: evaluate message 43589c41-65d2-4be8-89bd-3820ee093cac
2025-04-01 16:32:30 - [Cluster 1 - CLIENT] - INFO - [Store 938] Evaluation - Loss: 0.2054, MAE: 0.2523
2025-04-01 16:32:30 - [Cluster 1 - CLIENT] - INFO - Sent reply
2025-04-01 16:32:30 - [Cluster 1 - CLIENT] - INFO - [Store 699] Evaluation - Loss: 0.6349, MAE: 0.4183
2025-04-01 16:32:30 - [Cluster 1 - CLIENT] - INFO - Sent reply
2025-04-01 16:32:30 - [Cluster 1 - CLIENT] - INFO - [Store 655] Evaluation - Loss: 0.3116, MAE: 0.3660
2025-04-01 16:32:30 - [Cluster 1 - CLIENT] - INFO - Sent reply
2025-04-01 16:32:30 - [Cluster 1 - CLIENT] - INFO - [Store 207] Evaluation - Loss: 0.1558, MAE: 0.2344
2025-04-01 16:32:30 - [Cluster 1 - CLIENT] - INFO - Sent reply
2025-04-01 16:32:30 - [Cluster 1 - CLIENT] - INFO - [Store 526] Evaluation - Loss: 0.1646, MAE: 0.2624
2025-04-01 16:32:30 - [Cluster 1 - CLIENT] - INFO - Sent reply
2025-04-01 16:32:30 - [Cluster 1 - CLIENT] - INFO - [Store 914] Evaluation - Loss: 0.1837, MAE: 0.2673
2025-04-01 16:32:30 - [Cluster 1 - CLIENT] - INFO - Sent reply
2025-04-01 16:32:30 - [Cluster 1 - CLIENT] - INFO - [Store 999] Evaluation - Loss: 0.1685, MAE: 0.2584
2025-04-01 16:32:30 - [Cluster 1 - CLIENT] - INFO - Sent reply
2025-04-01 16:32:30 - [Cluster 1 - CLIENT] - INFO - [Store 849] Evaluation - Loss: 0.2019, MAE: 0.2881
2025-04-01 16:32:30 - [Cluster 1 - CLIENT] - INFO - Sent reply
2025-04-01 16:32:30 - [Cluster 1 - CLIENT] - INFO - [Store 753] Evaluation - Loss: 0.1982, MAE: 0.2716
2025-04-01 16:32:30 - [Cluster 1 - CLIENT] - INFO - Sent reply
2025-04-01 16:32:30 - [Cluster 1 - CLIENT] - INFO - [Store 211] Evaluation - Loss: 0.2095, MAE: 0.2810
2025-04-01 16:32:30 - [Cluster 1 - CLIENT] - INFO - [Store 431] Evaluation - Loss: 0.2769, MAE: 0.3272
2025-04-01 16:32:30 - [Cluster 1 - CLIENT] - INFO - Sent reply
2025-04-01 16:32:30 - [Cluster 1 - CLIENT] - INFO - Sent reply
2025-04-01 16:32:30 - [Cluster 1 - CLIENT] - INFO - [Store 562] Evaluation - Loss: 0.4357, MAE: 0.5148
2025-04-01 16:32:30 - [Cluster 1 - CLIENT] - INFO - Sent reply
2025-04-01 16:32:30 - [Cluster 1 - CLIENT] - INFO - [Store 384] Evaluation - Loss: 0.2072, MAE: 0.2960
2025-04-01 16:32:30 - [Cluster 1 - CLIENT] - INFO - Sent reply
2025-04-01 16:32:30 - [Cluster 1 - CLIENT] - INFO - [Store 665] Evaluation - Loss: 0.1926, MAE: 0.2438
2025-04-01 16:32:30 - [Cluster 1 - CLIENT] - INFO - Sent reply
2025-04-01 16:32:30 - [Cluster 1 - CLIENT] - INFO - [Store 615] Evaluation - Loss: 0.2005, MAE: 0.2400
2025-04-01 16:32:30 - [Cluster 1 - CLIENT] - INFO - Sent reply
2025-04-01 16:32:30 - [Cluster 1 - CLIENT] - INFO - 
2025-04-01 16:32:30 - [Cluster 1 - CLIENT] - INFO - Received: train message 38f26ad3-88c1-4cb2-84ef-869484a6ac25
2025-04-01 16:32:30 - [Cluster 1 - CLIENT] - INFO - [Store 526] Starting local training.
2025-04-01 16:32:30 - [Cluster 1 - CLIENT] - INFO - 
2025-04-01 16:32:30 - [Cluster 1 - CLIENT] - INFO - Received: train message 645cd0de-f246-477e-9c77-47dda98c270a
2025-04-01 16:32:30 - [Cluster 1 - CLIENT] - INFO - 
2025-04-01 16:32:30 - [Cluster 1 - CLIENT] - INFO - Received: train message 6bd116a9-cb56-489f-9183-aeedd26a270b
2025-04-01 16:32:30 - [Cluster 1 - CLIENT] - INFO - 
2025-04-01 16:32:30 - [Cluster 1 - CLIENT] - INFO - Received: train message 6d5370a4-2465-4df0-966e-7a9aec3a1a98
2025-04-01 16:32:30 - [Cluster 1 - CLIENT] - INFO - 
2025-04-01 16:32:30 - [Cluster 1 - CLIENT] - INFO - Received: train message d108763e-23d3-4d86-948f-0a3e61944c0f
2025-04-01 16:32:30 - [Cluster 1 - CLIENT] - INFO - 
2025-04-01 16:32:30 - [Cluster 1 - CLIENT] - INFO - Received: train message 55a214d1-56f0-4f5b-a3ce-a4638b9e1620
2025-04-01 16:32:30 - [Cluster 1 - CLIENT] - INFO - 
2025-04-01 16:32:30 - [Cluster 1 - CLIENT] - INFO - Received: train message dcd13086-2354-494e-9a52-e7d97684fdac
2025-04-01 16:32:30 - [Cluster 1 - CLIENT] - INFO - 
2025-04-01 16:32:30 - [Cluster 1 - CLIENT] - INFO - Received: train message afda2af5-0cc8-420e-8037-f71904a833b3
2025-04-01 16:32:30 - [Cluster 1 - CLIENT] - INFO - [Store 211] Starting local training.
2025-04-01 16:32:30 - [Cluster 1 - CLIENT] - INFO - [Store 195] Starting local training.
2025-04-01 16:32:30 - [Cluster 1 - CLIENT] - INFO - [Store 699] Starting local training.
2025-04-01 16:32:30 - [Cluster 1 - CLIENT] - INFO - 
2025-04-01 16:32:30 - [Cluster 1 - CLIENT] - INFO - Received: train message 60212513-2b73-496e-a27e-461d339532a7
2025-04-01 16:32:30 - [Cluster 1 - CLIENT] - INFO - [Store 809] Starting local training.
2025-04-01 16:32:30 - [Cluster 1 - CLIENT] - INFO - 
2025-04-01 16:32:30 - [Cluster 1 - CLIENT] - INFO - Received: train message 58ddc1c0-413f-4105-b412-44136dc95d76
2025-04-01 16:32:30 - [Cluster 1 - CLIENT] - INFO - 
2025-04-01 16:32:30 - [Cluster 1 - CLIENT] - INFO - Received: train message 76b1ce34-d86d-427a-8c6f-1469852e9da3
2025-04-01 16:32:30 - [Cluster 1 - CLIENT] - INFO - 
2025-04-01 16:32:30 - [Cluster 1 - CLIENT] - INFO - Received: train message 0555a71c-29aa-4823-93b3-cfecb437b379
2025-04-01 16:32:30 - [Cluster 1 - CLIENT] - INFO - 
2025-04-01 16:32:30 - [Cluster 1 - CLIENT] - INFO - Received: train message c879b655-de3f-4808-aa0a-ff8c2027fd87
2025-04-01 16:32:30 - [Cluster 1 - CLIENT] - INFO - [Store 938] Starting local training.
2025-04-01 16:32:30 - [Cluster 1 - CLIENT] - INFO - [Store 579] Starting local training.
2025-04-01 16:32:30 - [Cluster 1 - CLIENT] - INFO - [Store 682] Starting local training.
2025-04-01 16:32:30 - [Cluster 1 - CLIENT] - INFO - [Store 431] Starting local training.
2025-04-01 16:32:30 - [Cluster 1 - CLIENT] - INFO - [Store 849] Starting local training.
2025-04-01 16:32:30 - [Cluster 1 - CLIENT] - INFO - 
2025-04-01 16:32:30 - [Cluster 1 - CLIENT] - INFO - Received: train message 39ca941d-2b30-4f6e-b716-00bad19c06a1
2025-04-01 16:32:30 - [Cluster 1 - CLIENT] - INFO - [Store 753] Starting local training.
2025-04-01 16:32:30 - [Cluster 1 - CLIENT] - INFO - 
2025-04-01 16:32:30 - [Cluster 1 - CLIENT] - INFO - Received: train message b98fe644-cdc6-46fc-a6b6-bbfe37e4ecc1
2025-04-01 16:32:30 - [Cluster 1 - CLIENT] - INFO - [Store 999] Starting local training.
2025-04-01 16:32:30 - [Cluster 1 - CLIENT] - INFO - [Store 906] Starting local training.
2025-04-01 16:32:30 - [Cluster 1 - CLIENT] - INFO - [Store 755] Starting local training.
2025-04-01 16:32:30 - [Cluster 1 - CLIENT] - INFO - [Store 382] Starting local training.
2025-04-01 16:36:42 - [Cluster 1 - CLIENT] - INFO - [Store 211] Local training complete.
2025-04-01 16:36:42 - [Cluster 1 - CLIENT] - INFO - Sent reply
2025-04-01 16:36:42 - [Cluster 1 - CLIENT] - INFO - 
2025-04-01 16:36:42 - [Cluster 1 - CLIENT] - INFO - Received: train message 4c926104-d146-4f84-a10d-19f0c7f59f0c
2025-04-01 16:36:42 - [Cluster 1 - CLIENT] - INFO - [Store 384] Starting local training.
2025-04-01 16:36:45 - [Cluster 1 - CLIENT] - INFO - [Store 906] Local training complete.
2025-04-01 16:36:45 - [Cluster 1 - CLIENT] - INFO - Sent reply
2025-04-01 16:36:45 - [Cluster 1 - CLIENT] - INFO - 
2025-04-01 16:36:45 - [Cluster 1 - CLIENT] - INFO - Received: train message 440cb319-36c3-40c6-b79a-a23e1ae04cca
2025-04-01 16:36:45 - [Cluster 1 - CLIENT] - INFO - [Store 562] Starting local training.
2025-04-01 16:36:46 - [Cluster 1 - CLIENT] - INFO - [Store 699] Local training complete.
2025-04-01 16:36:46 - [Cluster 1 - CLIENT] - INFO - Sent reply
2025-04-01 16:36:46 - [Cluster 1 - CLIENT] - INFO - 
2025-04-01 16:36:46 - [Cluster 1 - CLIENT] - INFO - Received: train message 2d06e554-e3ac-4a56-859f-afea577ff200
2025-04-01 16:36:46 - [Cluster 1 - CLIENT] - INFO - [Store 527] Starting local training.
2025-04-01 16:36:47 - [Cluster 1 - CLIENT] - INFO - [Store 755] Local training complete.
2025-04-01 16:36:47 - [Cluster 1 - CLIENT] - INFO - Sent reply
2025-04-01 16:36:47 - [Cluster 1 - CLIENT] - INFO - 
2025-04-01 16:36:47 - [Cluster 1 - CLIENT] - INFO - Received: train message 268a4be9-c616-4502-ba39-4edcb352698d
2025-04-01 16:36:47 - [Cluster 1 - CLIENT] - INFO - [Store 914] Starting local training.
2025-04-01 16:36:49 - [Cluster 1 - CLIENT] - INFO - [Store 938] Local training complete.
2025-04-01 16:36:49 - [Cluster 1 - CLIENT] - INFO - [Store 431] Local training complete.
2025-04-01 16:36:49 - [Cluster 1 - CLIENT] - INFO - Sent reply
2025-04-01 16:36:49 - [Cluster 1 - CLIENT] - INFO - 
2025-04-01 16:36:49 - [Cluster 1 - CLIENT] - INFO - Received: train message f8c38c7d-dfb9-4399-90c7-893cc33ea0d1
2025-04-01 16:36:49 - [Cluster 1 - CLIENT] - INFO - [Store 615] Starting local training.
2025-04-01 16:36:49 - [Cluster 1 - CLIENT] - INFO - [Store 809] Local training complete.
2025-04-01 16:36:49 - [Cluster 1 - CLIENT] - INFO - Sent reply
2025-04-01 16:36:49 - [Cluster 1 - CLIENT] - INFO - 
2025-04-01 16:36:49 - [Cluster 1 - CLIENT] - INFO - Received: train message eb962389-b94e-439f-87ae-4f0516f61de1
2025-04-01 16:36:50 - [Cluster 1 - CLIENT] - INFO - [Store 608] Starting local training.
2025-04-01 16:36:50 - [Cluster 1 - CLIENT] - INFO - Sent reply
2025-04-01 16:36:50 - [Cluster 1 - CLIENT] - INFO - 
2025-04-01 16:36:50 - [Cluster 1 - CLIENT] - INFO - Received: train message 348a6dc5-b5b3-4df0-a6f5-68a70f2451be
2025-04-01 16:36:50 - [Cluster 1 - CLIENT] - INFO - [Store 207] Starting local training.
2025-04-01 16:36:51 - [Cluster 1 - CLIENT] - INFO - [Store 382] Local training complete.
2025-04-01 16:36:52 - [Cluster 1 - CLIENT] - INFO - [Store 999] Local training complete.
2025-04-01 16:36:52 - [Cluster 1 - CLIENT] - INFO - Sent reply
2025-04-01 16:36:52 - [Cluster 1 - CLIENT] - INFO - 
2025-04-01 16:36:52 - [Cluster 1 - CLIENT] - INFO - Received: train message f2ee8b79-7d2f-4ff8-ad38-8a3fa8d969f5
2025-04-01 16:36:52 - [Cluster 1 - CLIENT] - INFO - Sent reply
2025-04-01 16:36:52 - [Cluster 1 - CLIENT] - INFO - [Store 807] Starting local training.
2025-04-01 16:36:52 - [Cluster 1 - CLIENT] - INFO - [Store 579] Local training complete.
2025-04-01 16:36:52 - [Cluster 1 - CLIENT] - INFO - 
2025-04-01 16:36:52 - [Cluster 1 - CLIENT] - INFO - Received: train message 8d163124-9f58-4241-87bd-509464c378d4
2025-04-01 16:36:52 - [Cluster 1 - CLIENT] - INFO - [Store 532] Starting local training.
2025-04-01 16:36:52 - [Cluster 1 - CLIENT] - INFO - Sent reply
2025-04-01 16:36:52 - [Cluster 1 - CLIENT] - INFO - 
2025-04-01 16:36:52 - [Cluster 1 - CLIENT] - INFO - Received: train message 50dec760-7342-472d-88dc-c79101ce2ca3
2025-04-01 16:36:52 - [Cluster 1 - CLIENT] - INFO - [Store 665] Starting local training.
2025-04-01 16:36:53 - [Cluster 1 - CLIENT] - INFO - [Store 682] Local training complete.
2025-04-01 16:36:53 - [Cluster 1 - CLIENT] - INFO - Sent reply
2025-04-01 16:36:53 - [Cluster 1 - CLIENT] - INFO - 
2025-04-01 16:36:53 - [Cluster 1 - CLIENT] - INFO - Received: train message 203255fc-6b68-4e62-82ca-74deb8c1e044
2025-04-01 16:36:53 - [Cluster 1 - CLIENT] - INFO - [Store 524] Starting local training.
2025-04-01 16:36:54 - [Cluster 1 - CLIENT] - INFO - [Store 753] Local training complete.
2025-04-01 16:36:54 - [Cluster 1 - CLIENT] - INFO - Sent reply
2025-04-01 16:36:54 - [Cluster 1 - CLIENT] - INFO - 
2025-04-01 16:36:54 - [Cluster 1 - CLIENT] - INFO - Received: train message df922ed2-5ef9-45ee-b086-abad69c6c275
2025-04-01 16:36:54 - [Cluster 1 - CLIENT] - INFO - [Store 269] Starting local training.
2025-04-01 16:36:57 - [Cluster 1 - CLIENT] - INFO - [Store 195] Local training complete.
2025-04-01 16:36:57 - [Cluster 1 - CLIENT] - INFO - Sent reply
2025-04-01 16:36:57 - [Cluster 1 - CLIENT] - INFO - 
2025-04-01 16:36:57 - [Cluster 1 - CLIENT] - INFO - Received: train message 138075a0-0450-4551-a052-27a078cfb7f2
2025-04-01 16:36:58 - [Cluster 1 - CLIENT] - INFO - [Store 655] Starting local training.
2025-04-01 16:36:58 - [Cluster 1 - CLIENT] - INFO - [Store 526] Local training complete.
2025-04-01 16:36:58 - [Cluster 1 - CLIENT] - INFO - Sent reply
2025-04-01 16:36:59 - [Cluster 1 - CLIENT] - INFO - 
2025-04-01 16:36:59 - [Cluster 1 - CLIENT] - INFO - Received: train message 332ea8c8-d964-49b3-9d6c-801f30ba5c4f
2025-04-01 16:36:59 - [Cluster 1 - CLIENT] - INFO - [Store 1033] Starting local training.
2025-04-01 16:37:14 - [Cluster 1 - CLIENT] - INFO - [Store 849] Local training complete.
2025-04-01 16:37:14 - [Cluster 1 - CLIENT] - INFO - Sent reply
2025-04-01 16:37:14 - [Cluster 1 - CLIENT] - INFO - 
2025-04-01 16:37:14 - [Cluster 1 - CLIENT] - INFO - Received: train message 184c2ac5-d6f3-43d1-8343-c17635389b21
2025-04-01 16:37:14 - [Cluster 1 - CLIENT] - INFO - [Store 106] Starting local training.
2025-04-01 16:41:03 - [Cluster 1 - CLIENT] - INFO - [Store 384] Local training complete.
2025-04-01 16:41:03 - [Cluster 1 - CLIENT] - INFO - Sent reply
2025-04-01 16:41:03 - [Cluster 1 - CLIENT] - INFO - [Store 562] Local training complete.
2025-04-01 16:41:03 - [Cluster 1 - CLIENT] - INFO - Sent reply
2025-04-01 16:41:05 - [Cluster 1 - CLIENT] - INFO - [Store 527] Local training complete.
2025-04-01 16:41:05 - [Cluster 1 - CLIENT] - INFO - Sent reply
2025-04-01 16:41:10 - [Cluster 1 - CLIENT] - INFO - [Store 524] Local training complete.
2025-04-01 16:41:10 - [Cluster 1 - CLIENT] - INFO - Sent reply
2025-04-01 16:41:10 - [Cluster 1 - CLIENT] - INFO - [Store 269] Local training complete.
2025-04-01 16:41:10 - [Cluster 1 - CLIENT] - INFO - Sent reply
2025-04-01 16:41:11 - [Cluster 1 - CLIENT] - INFO - [Store 807] Local training complete.
2025-04-01 16:41:11 - [Cluster 1 - CLIENT] - INFO - Sent reply
2025-04-01 16:41:12 - [Cluster 1 - CLIENT] - INFO - [Store 615] Local training complete.
2025-04-01 16:41:12 - [Cluster 1 - CLIENT] - INFO - Sent reply
2025-04-01 16:41:12 - [Cluster 1 - CLIENT] - INFO - [Store 608] Local training complete.
2025-04-01 16:41:12 - [Cluster 1 - CLIENT] - INFO - Sent reply
2025-04-01 16:41:14 - [Cluster 1 - CLIENT] - INFO - [Store 655] Local training complete.
2025-04-01 16:41:14 - [Cluster 1 - CLIENT] - INFO - Sent reply
2025-04-01 16:41:14 - [Cluster 1 - CLIENT] - INFO - [Store 532] Local training complete.
2025-04-01 16:41:14 - [Cluster 1 - CLIENT] - INFO - Sent reply
2025-04-01 16:41:14 - [Cluster 1 - CLIENT] - INFO - [Store 1033] Local training complete.
2025-04-01 16:41:14 - [Cluster 1 - CLIENT] - INFO - Sent reply
2025-04-01 16:41:14 - [Cluster 1 - CLIENT] - INFO - [Store 665] Local training complete.
2025-04-01 16:41:14 - [Cluster 1 - CLIENT] - INFO - Sent reply
2025-04-01 16:41:15 - [Cluster 1 - CLIENT] - INFO - [Store 914] Local training complete.
2025-04-01 16:41:15 - [Cluster 1 - CLIENT] - INFO - Sent reply
2025-04-01 16:41:15 - [Cluster 1 - CLIENT] - INFO - [Store 207] Local training complete.
2025-04-01 16:41:15 - [Cluster 1 - CLIENT] - INFO - Sent reply
2025-04-01 16:41:16 - [Cluster 1 - CLIENT] - INFO - [Store 106] Local training complete.
2025-04-01 16:41:16 - [Cluster 1 - CLIENT] - INFO - Sent reply
2025-04-01 16:41:16 - [Cluster 1 - CLIENT] - INFO - 
2025-04-01 16:41:16 - [Cluster 1 - CLIENT] - INFO - Received: evaluate message 68dccd42-7b9c-4006-8e53-390a26b21d3e
2025-04-01 16:41:16 - [Cluster 1 - CLIENT] - INFO - 
2025-04-01 16:41:16 - [Cluster 1 - CLIENT] - INFO - Received: evaluate message 4da32150-ce28-435c-a7ee-fe414a41792d
2025-04-01 16:41:16 - [Cluster 1 - CLIENT] - INFO - 
2025-04-01 16:41:16 - [Cluster 1 - CLIENT] - INFO - Received: evaluate message 1ee2cc07-0088-4a04-b04a-e244cdfb70a8
2025-04-01 16:41:16 - [Cluster 1 - CLIENT] - INFO - 
2025-04-01 16:41:16 - [Cluster 1 - CLIENT] - INFO - Received: evaluate message 3233bb97-445f-4ff2-a8d0-fceead6ee7c0
2025-04-01 16:41:16 - [Cluster 1 - CLIENT] - INFO - 
2025-04-01 16:41:16 - [Cluster 1 - CLIENT] - INFO - 
2025-04-01 16:41:16 - [Cluster 1 - CLIENT] - INFO - Received: evaluate message 9d4d3c0a-9552-452b-912c-cfc227f7f1cd
2025-04-01 16:41:16 - [Cluster 1 - CLIENT] - INFO - Received: evaluate message dcb5345c-7220-4120-8982-cc88b35a1fe5
2025-04-01 16:41:16 - [Cluster 1 - CLIENT] - INFO - 
2025-04-01 16:41:16 - [Cluster 1 - CLIENT] - INFO - Received: evaluate message 5fc8791e-35d6-4bd3-9e97-41ab21cd4170
2025-04-01 16:41:16 - [Cluster 1 - CLIENT] - INFO - 
2025-04-01 16:41:16 - [Cluster 1 - CLIENT] - INFO - Received: evaluate message 88bda511-96f3-460a-9650-1e7b9607074e
2025-04-01 16:41:16 - [Cluster 1 - CLIENT] - INFO - 
2025-04-01 16:41:16 - [Cluster 1 - CLIENT] - INFO - 
2025-04-01 16:41:16 - [Cluster 1 - CLIENT] - INFO - Received: evaluate message 05283edf-2a37-424a-a83c-bd163c6fd076
2025-04-01 16:41:16 - [Cluster 1 - CLIENT] - INFO - Received: evaluate message 796964af-77bc-427a-a228-38b940519479
2025-04-01 16:41:16 - [Cluster 1 - CLIENT] - INFO - 
2025-04-01 16:41:16 - [Cluster 1 - CLIENT] - INFO - Received: evaluate message 48713bfb-7442-4257-994d-4abc66809aed
2025-04-01 16:41:16 - [Cluster 1 - CLIENT] - INFO - 
2025-04-01 16:41:16 - [Cluster 1 - CLIENT] - INFO - Received: evaluate message 13532adc-1bf9-4c0c-94bf-77f40ffc0e1d
2025-04-01 16:41:16 - [Cluster 1 - CLIENT] - INFO - 
2025-04-01 16:41:16 - [Cluster 1 - CLIENT] - INFO - Received: evaluate message 2532f1bd-6665-459c-b01a-ee104b74699a
2025-04-01 16:41:16 - [Cluster 1 - CLIENT] - INFO - 
2025-04-01 16:41:16 - [Cluster 1 - CLIENT] - INFO - Received: evaluate message 545f5a59-86d3-4562-b11a-dc6e86e33dc7
2025-04-01 16:41:16 - [Cluster 1 - CLIENT] - INFO - 
2025-04-01 16:41:16 - [Cluster 1 - CLIENT] - INFO - Received: evaluate message 4a5c338e-7e79-41d9-86a4-b874cb00ea4b
2025-04-01 16:41:18 - [Cluster 1 - CLIENT] - INFO - [Store 1033] Evaluation - Loss: 0.1991, MAE: 0.2720
2025-04-01 16:41:18 - [Cluster 1 - CLIENT] - INFO - Sent reply
2025-04-01 16:41:18 - [Cluster 1 - CLIENT] - INFO - 
2025-04-01 16:41:18 - [Cluster 1 - CLIENT] - INFO - Received: evaluate message ef65edff-099a-48b4-9bd1-d2955066de89
2025-04-01 16:41:18 - [Cluster 1 - CLIENT] - INFO - [Store 615] Evaluation - Loss: 0.1994, MAE: 0.2423
2025-04-01 16:41:18 - [Cluster 1 - CLIENT] - INFO - Sent reply
2025-04-01 16:41:18 - [Cluster 1 - CLIENT] - INFO - 
2025-04-01 16:41:18 - [Cluster 1 - CLIENT] - INFO - Received: evaluate message 0cc3f26a-4723-4730-8f46-9fbae55242d6
2025-04-01 16:41:18 - [Cluster 1 - CLIENT] - INFO - [Store 524] Evaluation - Loss: 0.2316, MAE: 0.2852
2025-04-01 16:41:18 - [Cluster 1 - CLIENT] - INFO - Sent reply
2025-04-01 16:41:18 - [Cluster 1 - CLIENT] - INFO - 
2025-04-01 16:41:18 - [Cluster 1 - CLIENT] - INFO - Received: evaluate message 9bfd4401-1c7c-40eb-aac8-12f765cdd208
2025-04-01 16:41:18 - [Cluster 1 - CLIENT] - INFO - [Store 849] Evaluation - Loss: 0.2026, MAE: 0.2892
2025-04-01 16:41:18 - [Cluster 1 - CLIENT] - INFO - Sent reply
2025-04-01 16:41:18 - [Cluster 1 - CLIENT] - INFO - [Store 579] Evaluation - Loss: 0.1919, MAE: 0.2687
2025-04-01 16:41:18 - [Cluster 1 - CLIENT] - INFO - Sent reply
2025-04-01 16:41:18 - [Cluster 1 - CLIENT] - INFO - [Store 753] Evaluation - Loss: 0.1977, MAE: 0.2741
2025-04-01 16:41:18 - [Cluster 1 - CLIENT] - INFO - Sent reply
2025-04-01 16:41:18 - [Cluster 1 - CLIENT] - INFO - 
2025-04-01 16:41:18 - [Cluster 1 - CLIENT] - INFO - Received: evaluate message 65494723-8579-425f-94ba-2afacebd6d0e
2025-04-01 16:41:18 - [Cluster 1 - CLIENT] - INFO - [Store 527] Evaluation - Loss: 0.2500, MAE: 0.3131
2025-04-01 16:41:18 - [Cluster 1 - CLIENT] - INFO - Sent reply
2025-04-01 16:41:18 - [Cluster 1 - CLIENT] - INFO - [Store 755] Evaluation - Loss: 0.2245, MAE: 0.2774
2025-04-01 16:41:18 - [Cluster 1 - CLIENT] - INFO - Sent reply
2025-04-01 16:41:18 - [Cluster 1 - CLIENT] - INFO - [Store 211] Evaluation - Loss: 0.2121, MAE: 0.2829
2025-04-01 16:41:18 - [Cluster 1 - CLIENT] - INFO - 
2025-04-01 16:41:18 - [Cluster 1 - CLIENT] - INFO - Received: evaluate message 2cde75a6-1d14-4c0f-af62-e54b90fa732e
2025-04-01 16:41:18 - [Cluster 1 - CLIENT] - INFO - 
2025-04-01 16:41:18 - [Cluster 1 - CLIENT] - INFO - Received: evaluate message 2e9383f6-c311-4000-975b-6b3bf5926fdb
2025-04-01 16:41:18 - [Cluster 1 - CLIENT] - INFO - Sent reply
2025-04-01 16:41:18 - [Cluster 1 - CLIENT] - INFO - [Store 384] Evaluation - Loss: 0.2079, MAE: 0.2971
2025-04-01 16:41:18 - [Cluster 1 - CLIENT] - INFO - [Store 999] Evaluation - Loss: 0.1689, MAE: 0.2566
2025-04-01 16:41:18 - [Cluster 1 - CLIENT] - INFO - Sent reply
2025-04-01 16:41:18 - [Cluster 1 - CLIENT] - INFO - Sent reply
2025-04-01 16:41:18 - [Cluster 1 - CLIENT] - INFO - 
2025-04-01 16:41:18 - [Cluster 1 - CLIENT] - INFO - Received: evaluate message 9a806f40-de36-472e-af35-0bec3cba29f6
2025-04-01 16:41:18 - [Cluster 1 - CLIENT] - INFO - 
2025-04-01 16:41:18 - [Cluster 1 - CLIENT] - INFO - [Store 532] Evaluation - Loss: 0.3887, MAE: 0.3835
2025-04-01 16:41:18 - [Cluster 1 - CLIENT] - INFO - [Store 809] Evaluation - Loss: 0.2435, MAE: 0.3138
2025-04-01 16:41:18 - [Cluster 1 - CLIENT] - INFO - Received: evaluate message d4a19e8c-f71e-4243-a78e-a1d9edca796f
2025-04-01 16:41:18 - [Cluster 1 - CLIENT] - INFO - 
2025-04-01 16:41:18 - [Cluster 1 - CLIENT] - INFO - Received: evaluate message 347892fe-23f0-42a1-9330-af0ebff1fae2
2025-04-01 16:41:18 - [Cluster 1 - CLIENT] - INFO - Sent reply
2025-04-01 16:41:18 - [Cluster 1 - CLIENT] - INFO - [Store 906] Evaluation - Loss: 0.2055, MAE: 0.2679
2025-04-01 16:41:18 - [Cluster 1 - CLIENT] - INFO - Sent reply
2025-04-01 16:41:18 - [Cluster 1 - CLIENT] - INFO - Sent reply
2025-04-01 16:41:18 - [Cluster 1 - CLIENT] - INFO - 
2025-04-01 16:41:18 - [Cluster 1 - CLIENT] - INFO - Received: evaluate message 811ed2f6-d17e-48a1-a2aa-d81c35c5e39d
2025-04-01 16:41:18 - [Cluster 1 - CLIENT] - INFO - 
2025-04-01 16:41:18 - [Cluster 1 - CLIENT] - INFO - Received: evaluate message 1958d6a4-0a93-4486-aed4-90d00cc7ccc7
2025-04-01 16:41:18 - [Cluster 1 - CLIENT] - INFO - [Store 655] Evaluation - Loss: 0.3127, MAE: 0.3672
2025-04-01 16:41:18 - [Cluster 1 - CLIENT] - INFO - 
2025-04-01 16:41:18 - [Cluster 1 - CLIENT] - INFO - Received: evaluate message 32dd130e-15f6-47b5-887a-f10501d8792d
2025-04-01 16:41:18 - [Cluster 1 - CLIENT] - INFO - Sent reply
2025-04-01 16:41:18 - [Cluster 1 - CLIENT] - INFO - 
2025-04-01 16:41:18 - [Cluster 1 - CLIENT] - INFO - Received: evaluate message 4b286eca-694c-4f0e-af80-d23fe5e91094
2025-04-01 16:41:18 - [Cluster 1 - CLIENT] - INFO - 
2025-04-01 16:41:18 - [Cluster 1 - CLIENT] - INFO - Received: evaluate message d914fc30-03a9-4a0c-880c-708b2c50fad4
2025-04-01 16:41:18 - [Cluster 1 - CLIENT] - INFO - 
2025-04-01 16:41:18 - [Cluster 1 - CLIENT] - INFO - Received: evaluate message de012b48-1cea-4c16-a0f3-ceeb60774828
2025-04-01 16:41:19 - [Cluster 1 - CLIENT] - INFO - [Store 431] Evaluation - Loss: 0.2782, MAE: 0.3285
2025-04-01 16:41:19 - [Cluster 1 - CLIENT] - INFO - Sent reply
2025-04-01 16:41:20 - [Cluster 1 - CLIENT] - INFO - [Store 207] Evaluation - Loss: 0.1551, MAE: 0.2348
2025-04-01 16:41:20 - [Cluster 1 - CLIENT] - INFO - Sent reply
2025-04-01 16:41:20 - [Cluster 1 - CLIENT] - INFO - [Store 938] Evaluation - Loss: 0.2081, MAE: 0.2544
2025-04-01 16:41:20 - [Cluster 1 - CLIENT] - INFO - Sent reply
2025-04-01 16:41:20 - [Cluster 1 - CLIENT] - INFO - [Store 608] Evaluation - Loss: 0.2206, MAE: 0.3056
2025-04-01 16:41:20 - [Cluster 1 - CLIENT] - INFO - Sent reply
2025-04-01 16:41:20 - [Cluster 1 - CLIENT] - INFO - [Store 699] Evaluation - Loss: 0.6332, MAE: 0.4258
2025-04-01 16:41:20 - [Cluster 1 - CLIENT] - INFO - Sent reply
2025-04-01 16:41:20 - [Cluster 1 - CLIENT] - INFO - [Store 562] Evaluation - Loss: 0.4372, MAE: 0.5143
2025-04-01 16:41:20 - [Cluster 1 - CLIENT] - INFO - [Store 195] Evaluation - Loss: 0.2709, MAE: 0.3214
2025-04-01 16:41:20 - [Cluster 1 - CLIENT] - INFO - [Store 914] Evaluation - Loss: 0.1850, MAE: 0.2707
2025-04-01 16:41:20 - [Cluster 1 - CLIENT] - INFO - Sent reply
2025-04-01 16:41:20 - [Cluster 1 - CLIENT] - INFO - Sent reply
2025-04-01 16:41:20 - [Cluster 1 - CLIENT] - INFO - Sent reply
2025-04-01 16:41:20 - [Cluster 1 - CLIENT] - INFO - [Store 665] Evaluation - Loss: 0.1906, MAE: 0.2445
2025-04-01 16:41:20 - [Cluster 1 - CLIENT] - INFO - [Store 269] Evaluation - Loss: 0.2303, MAE: 0.3162
2025-04-01 16:41:20 - [Cluster 1 - CLIENT] - INFO - Sent reply
2025-04-01 16:41:20 - [Cluster 1 - CLIENT] - INFO - Sent reply
2025-04-01 16:41:20 - [Cluster 1 - CLIENT] - INFO - [Store 526] Evaluation - Loss: 0.1652, MAE: 0.2639
2025-04-01 16:41:20 - [Cluster 1 - CLIENT] - INFO - [Store 807] Evaluation - Loss: 0.2750, MAE: 0.3361
2025-04-01 16:41:20 - [Cluster 1 - CLIENT] - INFO - Sent reply
2025-04-01 16:41:20 - [Cluster 1 - CLIENT] - INFO - Sent reply
2025-04-01 16:41:20 - [Cluster 1 - CLIENT] - INFO - [Store 382] Evaluation - Loss: 0.1694, MAE: 0.2566
2025-04-01 16:41:20 - [Cluster 1 - CLIENT] - INFO - Sent reply
2025-04-01 16:41:20 - [Cluster 1 - CLIENT] - INFO - [Store 106] Evaluation - Loss: 0.1910, MAE: 0.2759
2025-04-01 16:41:20 - [Cluster 1 - CLIENT] - INFO - Sent reply
2025-04-01 16:41:20 - [Cluster 1 - CLIENT] - INFO - [Store 682] Evaluation - Loss: 0.2940, MAE: 0.4382
2025-04-01 16:41:20 - [Cluster 1 - CLIENT] - INFO - Sent reply
2025-04-01 16:41:20 - [Cluster 1 - CLIENT] - INFO - 
2025-04-01 16:41:20 - [Cluster 1 - CLIENT] - INFO - Received: train message 84294748-2922-4b44-8936-88191076e192
2025-04-01 16:41:20 - [Cluster 1 - CLIENT] - INFO - 
2025-04-01 16:41:20 - [Cluster 1 - CLIENT] - INFO - Received: train message 2b06c4ac-3869-4bef-9290-4479401fc49e
2025-04-01 16:41:20 - [Cluster 1 - CLIENT] - INFO - 
2025-04-01 16:41:20 - [Cluster 1 - CLIENT] - INFO - Received: train message d3481f9e-a686-4e32-a7af-03a2205fdea5
2025-04-01 16:41:20 - [Cluster 1 - CLIENT] - INFO - 
2025-04-01 16:41:20 - [Cluster 1 - CLIENT] - INFO - Received: train message 0bd5186c-c245-44e5-8f25-a1e31e84bd25
2025-04-01 16:41:20 - [Cluster 1 - CLIENT] - INFO - 
2025-04-01 16:41:20 - [Cluster 1 - CLIENT] - INFO - Received: train message 7041a32d-33bb-4e6d-9e3c-5a5a9507be47
2025-04-01 16:41:20 - [Cluster 1 - CLIENT] - INFO - 
2025-04-01 16:41:20 - [Cluster 1 - CLIENT] - INFO - [Store 682] Starting local training.
2025-04-01 16:41:20 - [Cluster 1 - CLIENT] - INFO - Received: train message 2b8c803a-6f03-4d6e-86e2-6b910cfc874a
2025-04-01 16:41:20 - [Cluster 1 - CLIENT] - INFO - [Store 914] Starting local training.
2025-04-01 16:41:20 - [Cluster 1 - CLIENT] - INFO - 
2025-04-01 16:41:20 - [Cluster 1 - CLIENT] - INFO - Received: train message f72c0161-7923-4e9e-bb38-21f653453e4c
2025-04-01 16:41:20 - [Cluster 1 - CLIENT] - INFO - [Store 807] Starting local training.
2025-04-01 16:41:20 - [Cluster 1 - CLIENT] - INFO - 
2025-04-01 16:41:20 - [Cluster 1 - CLIENT] - INFO - Received: train message afaa2dce-67b6-4521-af7e-7a1a2fd1c9b1
2025-04-01 16:41:20 - [Cluster 1 - CLIENT] - INFO - 
2025-04-01 16:41:20 - [Cluster 1 - CLIENT] - INFO - Received: train message 641d9c21-3bb6-440e-852f-52e5b7e73a2d
2025-04-01 16:41:20 - [Cluster 1 - CLIENT] - INFO - [Store 579] Starting local training.
2025-04-01 16:41:20 - [Cluster 1 - CLIENT] - INFO - 
2025-04-01 16:41:20 - [Cluster 1 - CLIENT] - INFO - Received: train message e1465e16-adef-4900-ae9d-d44eeadf989d
2025-04-01 16:41:20 - [Cluster 1 - CLIENT] - INFO - [Store 809] Starting local training.
2025-04-01 16:41:20 - [Cluster 1 - CLIENT] - INFO - 
2025-04-01 16:41:20 - [Cluster 1 - CLIENT] - INFO - Received: train message 1015c5b6-fa89-4f69-90ca-f1aa26409ad0
2025-04-01 16:41:20 - [Cluster 1 - CLIENT] - INFO - 
2025-04-01 16:41:20 - [Cluster 1 - CLIENT] - INFO - 
2025-04-01 16:41:20 - [Cluster 1 - CLIENT] - INFO - Received: train message 875d68f7-0bc5-4244-9e81-d2ab5c6284c1
2025-04-01 16:41:20 - [Cluster 1 - CLIENT] - INFO - 
2025-04-01 16:41:20 - [Cluster 1 - CLIENT] - INFO - Received: train message e9f01b36-356d-405c-9568-bf5b90135e6d
2025-04-01 16:41:20 - [Cluster 1 - CLIENT] - INFO - 
2025-04-01 16:41:20 - [Cluster 1 - CLIENT] - INFO - Received: train message 69ea1ca1-d512-451a-9741-63939ffed3ea
2025-04-01 16:41:20 - [Cluster 1 - CLIENT] - INFO - Received: train message 5bfe56b3-6ba6-4ab6-8167-b19641cb5810
2025-04-01 16:41:20 - [Cluster 1 - CLIENT] - INFO - [Store 1033] Starting local training.
2025-04-01 16:41:20 - [Cluster 1 - CLIENT] - INFO - [Store 608] Starting local training.
2025-04-01 16:41:20 - [Cluster 1 - CLIENT] - INFO - [Store 665] Starting local training.
2025-04-01 16:41:20 - [Cluster 1 - CLIENT] - INFO - [Store 615] Starting local training.
2025-04-01 16:41:20 - [Cluster 1 - CLIENT] - INFO - [Store 207] Starting local training.
2025-04-01 16:41:20 - [Cluster 1 - CLIENT] - INFO - [Store 431] Starting local training.
2025-04-01 16:41:20 - [Cluster 1 - CLIENT] - INFO - [Store 655] Starting local training.
2025-04-01 16:41:20 - [Cluster 1 - CLIENT] - INFO - [Store 524] Starting local training.
2025-04-01 16:41:20 - [Cluster 1 - CLIENT] - INFO - [Store 999] Starting local training.
2025-04-01 16:41:20 - [Cluster 1 - CLIENT] - INFO - [Store 562] Starting local training.
2025-04-01 16:45:37 - [Cluster 1 - CLIENT] - INFO - [Store 999] Local training complete.
2025-04-01 16:45:37 - [Cluster 1 - CLIENT] - INFO - Sent reply
2025-04-01 16:45:37 - [Cluster 1 - CLIENT] - INFO - 
2025-04-01 16:45:37 - [Cluster 1 - CLIENT] - INFO - Received: train message 9aa4519b-e83b-4f48-b47d-ac2362544541
2025-04-01 16:45:37 - [Cluster 1 - CLIENT] - INFO - [Store 195] Starting local training.
2025-04-01 16:45:38 - [Cluster 1 - CLIENT] - INFO - [Store 914] Local training complete.
2025-04-01 16:45:38 - [Cluster 1 - CLIENT] - INFO - Sent reply
2025-04-01 16:45:38 - [Cluster 1 - CLIENT] - INFO - 
2025-04-01 16:45:38 - [Cluster 1 - CLIENT] - INFO - Received: train message 32996f8e-b899-43c3-866e-f51d5943c564
2025-04-01 16:45:38 - [Cluster 1 - CLIENT] - INFO - [Store 938] Starting local training.
2025-04-01 16:45:38 - [Cluster 1 - CLIENT] - INFO - [Store 682] Local training complete.
2025-04-01 16:45:38 - [Cluster 1 - CLIENT] - INFO - Sent reply
2025-04-01 16:45:38 - [Cluster 1 - CLIENT] - INFO - 
2025-04-01 16:45:38 - [Cluster 1 - CLIENT] - INFO - Received: train message 4d7b9cfc-426a-4597-87c1-1cb65625c6bd
2025-04-01 16:45:38 - [Cluster 1 - CLIENT] - INFO - [Store 755] Starting local training.
2025-04-01 16:45:39 - [Cluster 1 - CLIENT] - INFO - [Store 579] Local training complete.
2025-04-01 16:45:39 - [Cluster 1 - CLIENT] - INFO - [Store 807] Local training complete.
2025-04-01 16:45:39 - [Cluster 1 - CLIENT] - INFO - Sent reply
2025-04-01 16:45:39 - [Cluster 1 - CLIENT] - INFO - 
2025-04-01 16:45:39 - [Cluster 1 - CLIENT] - INFO - Received: train message 0cd7a330-0ca7-4cec-9f44-d5a616ae8490
2025-04-01 16:45:39 - [Cluster 1 - CLIENT] - INFO - [Store 526] Starting local training.
2025-04-01 16:45:39 - [Cluster 1 - CLIENT] - INFO - Sent reply
2025-04-01 16:45:39 - [Cluster 1 - CLIENT] - INFO - 
2025-04-01 16:45:39 - [Cluster 1 - CLIENT] - INFO - Received: train message a622c5bb-2cfb-4262-8078-259ed887a476
2025-04-01 16:45:39 - [Cluster 1 - CLIENT] - INFO - [Store 527] Starting local training.
2025-04-01 16:45:40 - [Cluster 1 - CLIENT] - INFO - [Store 809] Local training complete.
2025-04-01 16:45:40 - [Cluster 1 - CLIENT] - INFO - Sent reply
2025-04-01 16:45:40 - [Cluster 1 - CLIENT] - INFO - 
2025-04-01 16:45:40 - [Cluster 1 - CLIENT] - INFO - Received: train message c2e80fb2-157e-4a81-8256-b4ec4a0f8f3d
2025-04-01 16:45:40 - [Cluster 1 - CLIENT] - INFO - [Store 753] Starting local training.
2025-04-01 16:45:41 - [Cluster 1 - CLIENT] - INFO - [Store 615] Local training complete.
2025-04-01 16:45:41 - [Cluster 1 - CLIENT] - INFO - [Store 562] Local training complete.
2025-04-01 16:45:41 - [Cluster 1 - CLIENT] - INFO - Sent reply
2025-04-01 16:45:41 - [Cluster 1 - CLIENT] - INFO - [Store 608] Local training complete.
2025-04-01 16:45:41 - [Cluster 1 - CLIENT] - INFO - 
2025-04-01 16:45:41 - [Cluster 1 - CLIENT] - INFO - Received: train message 9247828b-764a-415f-ab61-dbaecffdfe73
2025-04-01 16:45:41 - [Cluster 1 - CLIENT] - INFO - [Store 1033] Local training complete.
2025-04-01 16:45:41 - [Cluster 1 - CLIENT] - INFO - [Store 665] Local training complete.
2025-04-01 16:45:41 - [Cluster 1 - CLIENT] - INFO - [Store 382] Starting local training.
2025-04-01 16:45:41 - [Cluster 1 - CLIENT] - INFO - Sent reply
2025-04-01 16:45:41 - [Cluster 1 - CLIENT] - INFO - 
2025-04-01 16:45:41 - [Cluster 1 - CLIENT] - INFO - Received: train message dce00eb3-4381-498c-bc04-a247da9a0e90
2025-04-01 16:45:41 - [Cluster 1 - CLIENT] - INFO - Sent reply
2025-04-01 16:45:41 - [Cluster 1 - CLIENT] - INFO - 
2025-04-01 16:45:41 - [Cluster 1 - CLIENT] - INFO - Received: train message e619fb3e-9a2e-4830-a22b-218dd4126d57
2025-04-01 16:45:41 - [Cluster 1 - CLIENT] - INFO - [Store 384] Starting local training.
2025-04-01 16:45:41 - [Cluster 1 - CLIENT] - INFO - [Store 431] Local training complete.
2025-04-01 16:45:41 - [Cluster 1 - CLIENT] - INFO - [Store 532] Starting local training.
2025-04-01 16:45:41 - [Cluster 1 - CLIENT] - INFO - Sent reply
2025-04-01 16:45:41 - [Cluster 1 - CLIENT] - INFO - 
2025-04-01 16:45:41 - [Cluster 1 - CLIENT] - INFO - Received: train message eda0a698-a62d-4411-bbbc-23a646f607f0
2025-04-01 16:45:41 - [Cluster 1 - CLIENT] - INFO - Sent reply
2025-04-01 16:45:41 - [Cluster 1 - CLIENT] - INFO - [Store 906] Starting local training.
2025-04-01 16:45:41 - [Cluster 1 - CLIENT] - INFO - 
2025-04-01 16:45:41 - [Cluster 1 - CLIENT] - INFO - Received: train message e45f7097-8a4e-42d7-83c9-67b05db9df8d
2025-04-01 16:45:41 - [Cluster 1 - CLIENT] - INFO - Sent reply
2025-04-01 16:45:41 - [Cluster 1 - CLIENT] - INFO - 
2025-04-01 16:45:41 - [Cluster 1 - CLIENT] - INFO - Received: train message 7d86bc99-ec35-487a-b884-cbfb9a543bf6
2025-04-01 16:45:41 - [Cluster 1 - CLIENT] - INFO - [Store 699] Starting local training.
2025-04-01 16:45:42 - [Cluster 1 - CLIENT] - INFO - [Store 269] Starting local training.
2025-04-01 16:45:42 - [Cluster 1 - CLIENT] - INFO - [Store 207] Local training complete.
2025-04-01 16:45:43 - [Cluster 1 - CLIENT] - INFO - Sent reply
2025-04-01 16:45:43 - [Cluster 1 - CLIENT] - INFO - 
2025-04-01 16:45:43 - [Cluster 1 - CLIENT] - INFO - Received: train message 69e1cf24-8620-4a32-87d3-f0a1c7659577
2025-04-01 16:45:43 - [Cluster 1 - CLIENT] - INFO - [Store 211] Starting local training.
2025-04-01 16:45:44 - [Cluster 1 - CLIENT] - INFO - [Store 524] Local training complete.
2025-04-01 16:45:45 - [Cluster 1 - CLIENT] - INFO - Sent reply
2025-04-01 16:45:45 - [Cluster 1 - CLIENT] - INFO - 
2025-04-01 16:45:45 - [Cluster 1 - CLIENT] - INFO - Received: train message 3e1306cc-8efe-4638-8a8e-11cba59b90fb
2025-04-01 16:45:45 - [Cluster 1 - CLIENT] - INFO - [Store 849] Starting local training.
2025-04-01 16:45:46 - [Cluster 1 - CLIENT] - INFO - [Store 655] Local training complete.
2025-04-01 16:45:46 - [Cluster 1 - CLIENT] - INFO - Sent reply
2025-04-01 16:45:46 - [Cluster 1 - CLIENT] - INFO - 
2025-04-01 16:45:46 - [Cluster 1 - CLIENT] - INFO - Received: train message c20e527e-95e9-40bf-9b5e-cffde3746eaf
2025-04-01 16:45:46 - [Cluster 1 - CLIENT] - INFO - [Store 106] Starting local training.
2025-04-01 16:50:01 - [Cluster 1 - CLIENT] - INFO - [Store 755] Local training complete.
2025-04-01 16:50:01 - [Cluster 1 - CLIENT] - INFO - Sent reply
2025-04-01 16:50:01 - [Cluster 1 - CLIENT] - INFO - [Store 938] Local training complete.
2025-04-01 16:50:02 - [Cluster 1 - CLIENT] - INFO - Sent reply
2025-04-01 16:50:04 - [Cluster 1 - CLIENT] - INFO - [Store 532] Local training complete.
2025-04-01 16:50:04 - [Cluster 1 - CLIENT] - INFO - [Store 195] Local training complete.
2025-04-01 16:50:04 - [Cluster 1 - CLIENT] - INFO - Sent reply
2025-04-01 16:50:04 - [Cluster 1 - CLIENT] - INFO - Sent reply
2025-04-01 16:50:05 - [Cluster 1 - CLIENT] - INFO - [Store 753] Local training complete.
2025-04-01 16:50:05 - [Cluster 1 - CLIENT] - INFO - Sent reply
2025-04-01 16:50:05 - [Cluster 1 - CLIENT] - INFO - [Store 906] Local training complete.
2025-04-01 16:50:05 - [Cluster 1 - CLIENT] - INFO - Sent reply
2025-04-01 16:50:05 - [Cluster 1 - CLIENT] - INFO - [Store 526] Local training complete.
2025-04-01 16:50:05 - [Cluster 1 - CLIENT] - INFO - Sent reply
2025-04-01 16:50:06 - [Cluster 1 - CLIENT] - INFO - [Store 211] Local training complete.
2025-04-01 16:50:06 - [Cluster 1 - CLIENT] - INFO - Sent reply
2025-04-01 16:50:07 - [Cluster 1 - CLIENT] - INFO - [Store 699] Local training complete.
2025-04-01 16:50:07 - [Cluster 1 - CLIENT] - INFO - Sent reply
2025-04-01 16:50:07 - [Cluster 1 - CLIENT] - INFO - [Store 384] Local training complete.
2025-04-01 16:50:07 - [Cluster 1 - CLIENT] - INFO - Sent reply
2025-04-01 16:50:07 - [Cluster 1 - CLIENT] - INFO - [Store 269] Local training complete.
2025-04-01 16:50:07 - [Cluster 1 - CLIENT] - INFO - Sent reply
2025-04-01 16:50:07 - [Cluster 1 - CLIENT] - INFO - [Store 106] Local training complete.
2025-04-01 16:50:07 - [Cluster 1 - CLIENT] - INFO - Sent reply
2025-04-01 16:50:07 - [Cluster 1 - CLIENT] - INFO - [Store 382] Local training complete.
2025-04-01 16:50:07 - [Cluster 1 - CLIENT] - INFO - Sent reply
2025-04-01 16:50:09 - [Cluster 1 - CLIENT] - INFO - [Store 527] Local training complete.
2025-04-01 16:50:09 - [Cluster 1 - CLIENT] - INFO - Sent reply
2025-04-01 16:50:09 - [Cluster 1 - CLIENT] - INFO - [Store 849] Local training complete.
2025-04-01 16:50:09 - [Cluster 1 - CLIENT] - INFO - Sent reply
2025-04-01 16:50:09 - [Cluster 1 - CLIENT] - INFO - 
2025-04-01 16:50:09 - [Cluster 1 - CLIENT] - INFO - Received: evaluate message 49550dee-a894-4070-aa6b-dfa780fbe1b2
2025-04-01 16:50:09 - [Cluster 1 - CLIENT] - INFO - 
2025-04-01 16:50:09 - [Cluster 1 - CLIENT] - INFO - Received: evaluate message a39687cd-9eeb-420d-a657-6981f570a8ac
2025-04-01 16:50:09 - [Cluster 1 - CLIENT] - INFO - 
2025-04-01 16:50:09 - [Cluster 1 - CLIENT] - INFO - Received: evaluate message bf26eb42-28c2-4773-8780-f15f1b149f6b
2025-04-01 16:50:09 - [Cluster 1 - CLIENT] - INFO - 
2025-04-01 16:50:09 - [Cluster 1 - CLIENT] - INFO - Received: evaluate message 4dc78c22-9dac-4798-a005-584a6aa45372
2025-04-01 16:50:09 - [Cluster 1 - CLIENT] - INFO - 
2025-04-01 16:50:09 - [Cluster 1 - CLIENT] - INFO - Received: evaluate message e3bec591-c193-452a-8111-450c6acdd1ca
2025-04-01 16:50:09 - [Cluster 1 - CLIENT] - INFO - 
2025-04-01 16:50:09 - [Cluster 1 - CLIENT] - INFO - Received: evaluate message d625f717-22a0-4d4d-a1b9-1285d6ce439c
2025-04-01 16:50:09 - [Cluster 1 - CLIENT] - INFO - 
2025-04-01 16:50:09 - [Cluster 1 - CLIENT] - INFO - Received: evaluate message 4c2fece4-7d61-432e-b7d0-fd1d2d515821
2025-04-01 16:50:09 - [Cluster 1 - CLIENT] - INFO - 
2025-04-01 16:50:09 - [Cluster 1 - CLIENT] - INFO - Received: evaluate message dab586a5-8b90-4b35-a73d-de4b019cb198
2025-04-01 16:50:09 - [Cluster 1 - CLIENT] - INFO - 
2025-04-01 16:50:09 - [Cluster 1 - CLIENT] - INFO - Received: evaluate message 832c1629-be2c-4807-a834-55f99cabec24
2025-04-01 16:50:09 - [Cluster 1 - CLIENT] - INFO - 
2025-04-01 16:50:09 - [Cluster 1 - CLIENT] - INFO - Received: evaluate message a7c96f54-a24f-4eef-9571-28199c9b0bf3
2025-04-01 16:50:09 - [Cluster 1 - CLIENT] - INFO - 
2025-04-01 16:50:09 - [Cluster 1 - CLIENT] - INFO - Received: evaluate message 1e314416-f1a7-4f7b-816f-00bb19a54718
2025-04-01 16:50:09 - [Cluster 1 - CLIENT] - INFO - 
2025-04-01 16:50:09 - [Cluster 1 - CLIENT] - INFO - Received: evaluate message 7da64c92-6446-47db-8a64-6bef36f02e22
2025-04-01 16:50:09 - [Cluster 1 - CLIENT] - INFO - 
2025-04-01 16:50:09 - [Cluster 1 - CLIENT] - INFO - Received: evaluate message 23697847-7ef6-4cbf-9232-c221bb647e7e
2025-04-01 16:50:09 - [Cluster 1 - CLIENT] - INFO - 
2025-04-01 16:50:09 - [Cluster 1 - CLIENT] - INFO - Received: evaluate message d6068b79-6896-462d-922d-caebe1973ff5
2025-04-01 16:50:09 - [Cluster 1 - CLIENT] - INFO - 
2025-04-01 16:50:09 - [Cluster 1 - CLIENT] - INFO - Received: evaluate message 0b2f80e0-35ea-4441-9506-507962eeba74
2025-04-01 16:50:10 - [Cluster 1 - CLIENT] - INFO - [Store 106] Evaluation - Loss: 0.1886, MAE: 0.2725
2025-04-01 16:50:10 - [Cluster 1 - CLIENT] - INFO - Sent reply
2025-04-01 16:50:10 - [Cluster 1 - CLIENT] - INFO - 
2025-04-01 16:50:10 - [Cluster 1 - CLIENT] - INFO - Received: evaluate message 49bb89ce-b754-4028-8e50-8c8ba0739cf9
2025-04-01 16:50:10 - [Cluster 1 - CLIENT] - INFO - [Store 906] Evaluation - Loss: 0.2012, MAE: 0.2614
2025-04-01 16:50:10 - [Cluster 1 - CLIENT] - INFO - [Store 999] Evaluation - Loss: 0.1726, MAE: 0.2628
2025-04-01 16:50:10 - [Cluster 1 - CLIENT] - INFO - Sent reply
2025-04-01 16:50:10 - [Cluster 1 - CLIENT] - INFO - Sent reply
2025-04-01 16:50:10 - [Cluster 1 - CLIENT] - INFO - [Store 665] Evaluation - Loss: 0.1885, MAE: 0.2442
2025-04-01 16:50:10 - [Cluster 1 - CLIENT] - INFO - Sent reply
2025-04-01 16:50:10 - [Cluster 1 - CLIENT] - INFO - 
2025-04-01 16:50:10 - [Cluster 1 - CLIENT] - INFO - Received: evaluate message d6eba0df-2967-4f9d-a3a0-60de81ada1a6
2025-04-01 16:50:10 - [Cluster 1 - CLIENT] - INFO - 
2025-04-01 16:50:11 - [Cluster 1 - CLIENT] - INFO - Received: evaluate message 22b230d4-8935-4df2-8b59-37d90abc2ea2
2025-04-01 16:50:11 - [Cluster 1 - CLIENT] - INFO - [Store 682] Evaluation - Loss: 0.3004, MAE: 0.4436
2025-04-01 16:50:11 - [Cluster 1 - CLIENT] - INFO - Sent reply
2025-04-01 16:50:11 - [Cluster 1 - CLIENT] - INFO - [Store 382] Evaluation - Loss: 0.1699, MAE: 0.2590
2025-04-01 16:50:11 - [Cluster 1 - CLIENT] - INFO - [Store 1033] Evaluation - Loss: 0.2032, MAE: 0.2761
2025-04-01 16:50:11 - [Cluster 1 - CLIENT] - INFO - Sent reply
2025-04-01 16:50:11 - [Cluster 1 - CLIENT] - INFO - Sent reply
2025-04-01 16:50:11 - [Cluster 1 - CLIENT] - INFO - [Store 532] Evaluation - Loss: 0.3806, MAE: 0.3812
2025-04-01 16:50:11 - [Cluster 1 - CLIENT] - INFO - 
2025-04-01 16:50:11 - [Cluster 1 - CLIENT] - INFO - Received: evaluate message f165778d-3bd7-4546-966a-2177d2d45454
2025-04-01 16:50:11 - [Cluster 1 - CLIENT] - INFO - [Store 615] Evaluation - Loss: 0.1960, MAE: 0.2403
2025-04-01 16:50:11 - [Cluster 1 - CLIENT] - INFO - Sent reply
2025-04-01 16:50:11 - [Cluster 1 - CLIENT] - INFO - [Store 809] Evaluation - Loss: 0.2449, MAE: 0.3162
2025-04-01 16:50:11 - [Cluster 1 - CLIENT] - INFO - Sent reply
2025-04-01 16:50:11 - [Cluster 1 - CLIENT] - INFO - Sent reply
2025-04-01 16:50:11 - [Cluster 1 - CLIENT] - INFO - 
2025-04-01 16:50:11 - [Cluster 1 - CLIENT] - INFO - Received: evaluate message 1a907b93-f43d-49a4-9b00-b78dd046eeb8
2025-04-01 16:50:11 - [Cluster 1 - CLIENT] - INFO - 
2025-04-01 16:50:11 - [Cluster 1 - CLIENT] - INFO - Received: evaluate message 47dff28c-d30a-4884-a5fc-1c0c0b72454d
2025-04-01 16:50:11 - [Cluster 1 - CLIENT] - INFO - 
2025-04-01 16:50:11 - [Cluster 1 - CLIENT] - INFO - Received: evaluate message 918b10e5-8597-4128-af41-986d2c4fa7ed
2025-04-01 16:50:11 - [Cluster 1 - CLIENT] - INFO - [Store 914] Evaluation - Loss: 0.1834, MAE: 0.2668
2025-04-01 16:50:11 - [Cluster 1 - CLIENT] - INFO - Sent reply
2025-04-01 16:50:11 - [Cluster 1 - CLIENT] - INFO - 
2025-04-01 16:50:11 - [Cluster 1 - CLIENT] - INFO - Received: evaluate message 79634fef-1527-4bb9-ba2b-f3d0047f2fe7
2025-04-01 16:50:11 - [Cluster 1 - CLIENT] - INFO - [Store 608] Evaluation - Loss: 0.2249, MAE: 0.3085
2025-04-01 16:50:11 - [Cluster 1 - CLIENT] - INFO - 
2025-04-01 16:50:11 - [Cluster 1 - CLIENT] - INFO - Received: evaluate message 22f07de3-460a-46c7-8e85-a261012f0bc0
2025-04-01 16:50:11 - [Cluster 1 - CLIENT] - INFO - Sent reply
2025-04-01 16:50:11 - [Cluster 1 - CLIENT] - INFO - 
2025-04-01 16:50:11 - [Cluster 1 - CLIENT] - INFO - Received: evaluate message 1a0f30c1-cf45-4c74-a425-1b3e4d2f0fab
2025-04-01 16:50:11 - [Cluster 1 - CLIENT] - INFO - 
2025-04-01 16:50:11 - [Cluster 1 - CLIENT] - INFO - Received: evaluate message 5920d9af-ac6e-478b-8a28-6a8ab7928a6c
2025-04-01 16:50:11 - [Cluster 1 - CLIENT] - INFO - [Store 207] Evaluation - Loss: 0.1584, MAE: 0.2392
2025-04-01 16:50:11 - [Cluster 1 - CLIENT] - INFO - Sent reply
2025-04-01 16:50:11 - [Cluster 1 - CLIENT] - INFO - 
2025-04-01 16:50:11 - [Cluster 1 - CLIENT] - INFO - Received: evaluate message 30520a72-479a-4657-a282-1485691148ff
2025-04-01 16:50:11 - [Cluster 1 - CLIENT] - INFO - [Store 938] Evaluation - Loss: 0.2080, MAE: 0.2518
2025-04-01 16:50:11 - [Cluster 1 - CLIENT] - INFO - [Store 195] Evaluation - Loss: 0.2686, MAE: 0.3214
2025-04-01 16:50:11 - [Cluster 1 - CLIENT] - INFO - Sent reply
2025-04-01 16:50:11 - [Cluster 1 - CLIENT] - INFO - Sent reply
2025-04-01 16:50:11 - [Cluster 1 - CLIENT] - INFO - 
2025-04-01 16:50:11 - [Cluster 1 - CLIENT] - INFO - Received: evaluate message 9d82acf3-50b5-4994-9e96-6df1bc544aa2
2025-04-01 16:50:11 - [Cluster 1 - CLIENT] - INFO - 
2025-04-01 16:50:11 - [Cluster 1 - CLIENT] - INFO - 
2025-04-01 16:50:11 - [Cluster 1 - CLIENT] - INFO - Received: evaluate message 936c3b07-0ff2-4d49-880d-ab1252f1ad88
2025-04-01 16:50:11 - [Cluster 1 - CLIENT] - INFO - Received: evaluate message a0161d22-ee5a-4b81-b98b-7cc5e4ee4c83
2025-04-01 16:50:12 - [Cluster 1 - CLIENT] - INFO - [Store 655] Evaluation - Loss: 0.3226, MAE: 0.3770
2025-04-01 16:50:12 - [Cluster 1 - CLIENT] - INFO - Sent reply
2025-04-01 16:50:12 - [Cluster 1 - CLIENT] - INFO - [Store 431] Evaluation - Loss: 0.2747, MAE: 0.3239
2025-04-01 16:50:12 - [Cluster 1 - CLIENT] - INFO - [Store 562] Evaluation - Loss: 0.4363, MAE: 0.5141
2025-04-01 16:50:12 - [Cluster 1 - CLIENT] - INFO - [Store 524] Evaluation - Loss: 0.2324, MAE: 0.2863
2025-04-01 16:50:12 - [Cluster 1 - CLIENT] - INFO - Sent reply
2025-04-01 16:50:12 - [Cluster 1 - CLIENT] - INFO - [Store 527] Evaluation - Loss: 0.2460, MAE: 0.3075
2025-04-01 16:50:12 - [Cluster 1 - CLIENT] - INFO - Sent reply
2025-04-01 16:50:12 - [Cluster 1 - CLIENT] - INFO - Sent reply
2025-04-01 16:50:12 - [Cluster 1 - CLIENT] - INFO - [Store 755] Evaluation - Loss: 0.2242, MAE: 0.2754
2025-04-01 16:50:12 - [Cluster 1 - CLIENT] - INFO - [Store 753] Evaluation - Loss: 0.1962, MAE: 0.2724
2025-04-01 16:50:12 - [Cluster 1 - CLIENT] - INFO - Sent reply
2025-04-01 16:50:12 - [Cluster 1 - CLIENT] - INFO - [Store 526] Evaluation - Loss: 0.1686, MAE: 0.2687
2025-04-01 16:50:12 - [Cluster 1 - CLIENT] - INFO - Sent reply
2025-04-01 16:50:12 - [Cluster 1 - CLIENT] - INFO - Sent reply
2025-04-01 16:50:12 - [Cluster 1 - CLIENT] - INFO - [Store 269] Evaluation - Loss: 0.2294, MAE: 0.3143
2025-04-01 16:50:12 - [Cluster 1 - CLIENT] - INFO - Sent reply
2025-04-01 16:50:12 - [Cluster 1 - CLIENT] - INFO - [Store 849] Evaluation - Loss: 0.2025, MAE: 0.2875
2025-04-01 16:50:12 - [Cluster 1 - CLIENT] - INFO - Sent reply
2025-04-01 16:50:12 - [Cluster 1 - CLIENT] - INFO - Sent reply
2025-04-01 16:50:12 - [Cluster 1 - CLIENT] - INFO - [Store 807] Evaluation - Loss: 0.2696, MAE: 0.3284
2025-04-01 16:50:12 - [Cluster 1 - CLIENT] - INFO - Sent reply
2025-04-01 16:50:12 - [Cluster 1 - CLIENT] - INFO - [Store 699] Evaluation - Loss: 0.6140, MAE: 0.4193
2025-04-01 16:50:12 - [Cluster 1 - CLIENT] - INFO - Sent reply
2025-04-01 16:50:12 - [Cluster 1 - CLIENT] - INFO - [Store 211] Evaluation - Loss: 0.2210, MAE: 0.2946
2025-04-01 16:50:12 - [Cluster 1 - CLIENT] - INFO - Sent reply
2025-04-01 16:50:12 - [Cluster 1 - CLIENT] - INFO - [Store 579] Evaluation - Loss: 0.1891, MAE: 0.2669
2025-04-01 16:50:12 - [Cluster 1 - CLIENT] - INFO - Sent reply
2025-04-01 16:50:12 - [Cluster 1 - CLIENT] - INFO - [Store 384] Evaluation - Loss: 0.2139, MAE: 0.3037
2025-04-01 16:50:12 - [Cluster 1 - CLIENT] - INFO - Sent reply
2025-04-01 16:50:12 - [Cluster 1 - CLIENT] - INFO - 
2025-04-01 16:50:12 - [Cluster 1 - CLIENT] - INFO - Received: train message 56c13206-90a3-4c5c-8b7e-5fcaf4522479
2025-04-01 16:50:12 - [Cluster 1 - CLIENT] - INFO - 
2025-04-01 16:50:12 - [Cluster 1 - CLIENT] - INFO - Received: train message bace3dc0-4b97-4fd7-b417-1635754f2d17
2025-04-01 16:50:12 - [Cluster 1 - CLIENT] - INFO - 
2025-04-01 16:50:12 - [Cluster 1 - CLIENT] - INFO - Received: train message 6212f0d6-875c-4305-a715-7f65832d3b49
2025-04-01 16:50:12 - [Cluster 1 - CLIENT] - INFO - 
2025-04-01 16:50:12 - [Cluster 1 - CLIENT] - INFO - Received: train message b00d1c81-c5fb-416e-a9d3-12216e6d97af
2025-04-01 16:50:12 - [Cluster 1 - CLIENT] - INFO - 
2025-04-01 16:50:12 - [Cluster 1 - CLIENT] - INFO - Received: train message 4fc2aa63-549d-4ab8-be71-a4efff17c321
2025-04-01 16:50:12 - [Cluster 1 - CLIENT] - INFO - 
2025-04-01 16:50:12 - [Cluster 1 - CLIENT] - INFO - Received: train message 4eb9cdfa-16bd-4fa1-bfcb-6e8e1b61e539
2025-04-01 16:50:13 - [Cluster 1 - CLIENT] - INFO - 
2025-04-01 16:50:13 - [Cluster 1 - CLIENT] - INFO - Received: train message 57a3ef7b-19cc-4c46-b192-359968866489
2025-04-01 16:50:13 - [Cluster 1 - CLIENT] - INFO - [Store 431] Starting local training.
2025-04-01 16:50:13 - [Cluster 1 - CLIENT] - INFO - 
2025-04-01 16:50:13 - [Cluster 1 - CLIENT] - INFO - Received: train message 38e27b8c-117c-458b-b8ef-efe0cd17d70b
2025-04-01 16:50:13 - [Cluster 1 - CLIENT] - INFO - [Store 384] Starting local training.
2025-04-01 16:50:13 - [Cluster 1 - CLIENT] - INFO - 
2025-04-01 16:50:13 - [Cluster 1 - CLIENT] - INFO - Received: train message 8a94f7b1-c710-4e5f-9521-1004ed5c9f6e
2025-04-01 16:50:13 - [Cluster 1 - CLIENT] - INFO - 
2025-04-01 16:50:13 - [Cluster 1 - CLIENT] - INFO - Received: train message 0f77efcf-c462-4d61-b723-d3966a0095a8
2025-04-01 16:50:13 - [Cluster 1 - CLIENT] - INFO - [Store 579] Starting local training.
2025-04-01 16:50:13 - [Cluster 1 - CLIENT] - INFO - 
2025-04-01 16:50:13 - [Cluster 1 - CLIENT] - INFO - Received: train message d1f629ef-18f9-4024-8cbd-0cff57148350
2025-04-01 16:50:13 - [Cluster 1 - CLIENT] - INFO - [Store 615] Starting local training.
2025-04-01 16:50:13 - [Cluster 1 - CLIENT] - INFO - 
2025-04-01 16:50:13 - [Cluster 1 - CLIENT] - INFO - Received: train message f5864feb-0543-4c65-b93f-0c9df1dadd8c
2025-04-01 16:50:13 - [Cluster 1 - CLIENT] - INFO - [Store 608] Starting local training.
2025-04-01 16:50:13 - [Cluster 1 - CLIENT] - INFO - 
2025-04-01 16:50:13 - [Cluster 1 - CLIENT] - INFO - Received: train message d8b4bd08-a8f3-4c51-817f-37950ae56317
2025-04-01 16:50:13 - [Cluster 1 - CLIENT] - INFO - 
2025-04-01 16:50:13 - [Cluster 1 - CLIENT] - INFO - Received: train message ddf61b33-1fb5-4e55-a6ea-c7093b6af929
2025-04-01 16:50:13 - [Cluster 1 - CLIENT] - INFO - 
2025-04-01 16:50:13 - [Cluster 1 - CLIENT] - INFO - Received: train message c3996cf4-cee8-4637-9331-7e4ba5288de3
2025-04-01 16:50:13 - [Cluster 1 - CLIENT] - INFO - [Store 755] Starting local training.
2025-04-01 16:50:13 - [Cluster 1 - CLIENT] - INFO - [Store 906] Starting local training.
2025-04-01 16:50:13 - [Cluster 1 - CLIENT] - INFO - [Store 382] Starting local training.
2025-04-01 16:50:13 - [Cluster 1 - CLIENT] - INFO - [Store 938] Starting local training.
2025-04-01 16:50:13 - [Cluster 1 - CLIENT] - INFO - [Store 527] Starting local training.
2025-04-01 16:50:13 - [Cluster 1 - CLIENT] - INFO - [Store 195] Starting local training.
2025-04-01 16:50:13 - [Cluster 1 - CLIENT] - INFO - [Store 999] Starting local training.
2025-04-01 16:50:13 - [Cluster 1 - CLIENT] - INFO - [Store 106] Starting local training.
2025-04-01 16:50:13 - [Cluster 1 - CLIENT] - INFO - [Store 914] Starting local training.
2025-04-01 16:50:13 - [Cluster 1 - CLIENT] - INFO - [Store 207] Starting local training.
2025-04-01 16:54:36 - [Cluster 1 - CLIENT] - INFO - [Store 608] Local training complete.
2025-04-01 16:54:36 - [Cluster 1 - CLIENT] - INFO - Sent reply
2025-04-01 16:54:36 - [Cluster 1 - CLIENT] - INFO - 
2025-04-01 16:54:36 - [Cluster 1 - CLIENT] - INFO - Received: train message 6a74cb9b-f91e-41a3-bef2-5134da0dcd7e
2025-04-01 16:54:36 - [Cluster 1 - CLIENT] - INFO - [Store 665] Starting local training.
2025-04-01 16:54:39 - [Cluster 1 - CLIENT] - INFO - [Store 615] Local training complete.
2025-04-01 16:54:39 - [Cluster 1 - CLIENT] - INFO - Sent reply
2025-04-01 16:54:39 - [Cluster 1 - CLIENT] - INFO - 
2025-04-01 16:54:39 - [Cluster 1 - CLIENT] - INFO - Received: train message a669116e-c310-483b-aed2-9d27e00fca5d
2025-04-01 16:54:39 - [Cluster 1 - CLIENT] - INFO - [Store 195] Local training complete.
2025-04-01 16:54:39 - [Cluster 1 - CLIENT] - INFO - [Store 655] Starting local training.
2025-04-01 16:54:39 - [Cluster 1 - CLIENT] - INFO - [Store 755] Local training complete.
2025-04-01 16:54:39 - [Cluster 1 - CLIENT] - INFO - Sent reply
2025-04-01 16:54:39 - [Cluster 1 - CLIENT] - INFO - 
2025-04-01 16:54:39 - [Cluster 1 - CLIENT] - INFO - Received: train message 42ab55ea-89ae-49f7-90b3-779974a1c2d7
2025-04-01 16:54:39 - [Cluster 1 - CLIENT] - INFO - [Store 207] Local training complete.
2025-04-01 16:54:39 - [Cluster 1 - CLIENT] - INFO - [Store 682] Starting local training.
2025-04-01 16:54:39 - [Cluster 1 - CLIENT] - INFO - Sent reply
2025-04-01 16:54:39 - [Cluster 1 - CLIENT] - INFO - 
2025-04-01 16:54:39 - [Cluster 1 - CLIENT] - INFO - Received: train message c1b0135e-4dae-47de-9160-4b530949487c
2025-04-01 16:54:39 - [Cluster 1 - CLIENT] - INFO - Sent reply
2025-04-01 16:54:39 - [Cluster 1 - CLIENT] - INFO - 
2025-04-01 16:54:39 - [Cluster 1 - CLIENT] - INFO - Received: train message ae9d0518-d9c7-4e5e-b96c-294048128a31
2025-04-01 16:54:39 - [Cluster 1 - CLIENT] - INFO - [Store 849] Starting local training.
2025-04-01 16:54:39 - [Cluster 1 - CLIENT] - INFO - [Store 211] Starting local training.
2025-04-01 16:54:41 - [Cluster 1 - CLIENT] - INFO - [Store 106] Local training complete.
2025-04-01 16:54:41 - [Cluster 1 - CLIENT] - INFO - Sent reply
2025-04-01 16:54:41 - [Cluster 1 - CLIENT] - INFO - 
2025-04-01 16:54:41 - [Cluster 1 - CLIENT] - INFO - Received: train message 9c305c4b-9375-4c84-9856-78c6e724f596
2025-04-01 16:54:41 - [Cluster 1 - CLIENT] - INFO - [Store 699] Starting local training.
2025-04-01 16:54:42 - [Cluster 1 - CLIENT] - INFO - [Store 906] Local training complete.
2025-04-01 16:54:42 - [Cluster 1 - CLIENT] - INFO - Sent reply
2025-04-01 16:54:42 - [Cluster 1 - CLIENT] - INFO - 
2025-04-01 16:54:42 - [Cluster 1 - CLIENT] - INFO - Received: train message d133662f-b3db-4264-a43c-cd11a79caa56
2025-04-01 16:54:42 - [Cluster 1 - CLIENT] - INFO - [Store 753] Starting local training.
2025-04-01 16:54:43 - [Cluster 1 - CLIENT] - INFO - [Store 914] Local training complete.
2025-04-01 16:54:43 - [Cluster 1 - CLIENT] - INFO - [Store 431] Local training complete.
2025-04-01 16:54:43 - [Cluster 1 - CLIENT] - INFO - [Store 938] Local training complete.
2025-04-01 16:54:43 - [Cluster 1 - CLIENT] - INFO - Sent reply
2025-04-01 16:54:43 - [Cluster 1 - CLIENT] - INFO - [Store 527] Local training complete.
2025-04-01 16:54:43 - [Cluster 1 - CLIENT] - INFO - Sent reply
2025-04-01 16:54:43 - [Cluster 1 - CLIENT] - INFO - Sent reply
2025-04-01 16:54:43 - [Cluster 1 - CLIENT] - INFO - 
2025-04-01 16:54:43 - [Cluster 1 - CLIENT] - INFO - Received: train message 14a4247c-ea77-4455-80a9-15db28e541bf
2025-04-01 16:54:43 - [Cluster 1 - CLIENT] - INFO - 
2025-04-01 16:54:43 - [Cluster 1 - CLIENT] - INFO - Received: train message b15e0554-96c2-4d76-9bf6-247cc3d957f0
2025-04-01 16:54:43 - [Cluster 1 - CLIENT] - INFO - 
2025-04-01 16:54:44 - [Cluster 1 - CLIENT] - INFO - Received: train message 090638cd-9d77-474e-a069-7d77952cc8f0
2025-04-01 16:54:44 - [Cluster 1 - CLIENT] - INFO - [Store 999] Local training complete.
2025-04-01 16:54:44 - [Cluster 1 - CLIENT] - INFO - [Store 807] Starting local training.
2025-04-01 16:54:44 - [Cluster 1 - CLIENT] - INFO - Sent reply
2025-04-01 16:54:44 - [Cluster 1 - CLIENT] - INFO - Sent reply
2025-04-01 16:54:44 - [Cluster 1 - CLIENT] - INFO - 
2025-04-01 16:54:44 - [Cluster 1 - CLIENT] - INFO - Received: train message 01e7beac-12cf-401c-8513-262d3687639e
2025-04-01 16:54:44 - [Cluster 1 - CLIENT] - INFO - 
2025-04-01 16:54:44 - [Cluster 1 - CLIENT] - INFO - Received: train message a94bbe8a-ad0f-4de0-a556-5772f18edb4b
2025-04-01 16:54:44 - [Cluster 1 - CLIENT] - INFO - [Store 524] Starting local training.
2025-04-01 16:54:44 - [Cluster 1 - CLIENT] - INFO - [Store 809] Starting local training.
2025-04-01 16:54:44 - [Cluster 1 - CLIENT] - INFO - [Store 562] Starting local training.
2025-04-01 16:54:44 - [Cluster 1 - CLIENT] - INFO - [Store 532] Starting local training.
2025-04-01 16:54:44 - [Cluster 1 - CLIENT] - INFO - [Store 384] Local training complete.
2025-04-01 16:54:45 - [Cluster 1 - CLIENT] - INFO - Sent reply
2025-04-01 16:54:45 - [Cluster 1 - CLIENT] - INFO - 
2025-04-01 16:54:45 - [Cluster 1 - CLIENT] - INFO - Received: train message e7219d57-087d-4058-9317-4d7245e94431
2025-04-01 16:54:45 - [Cluster 1 - CLIENT] - INFO - [Store 526] Starting local training.
2025-04-01 16:54:47 - [Cluster 1 - CLIENT] - INFO - [Store 579] Local training complete.
2025-04-01 16:54:47 - [Cluster 1 - CLIENT] - INFO - Sent reply
2025-04-01 16:54:47 - [Cluster 1 - CLIENT] - INFO - 
2025-04-01 16:54:47 - [Cluster 1 - CLIENT] - INFO - Received: train message 4e7c50a7-2717-48c3-9e6b-d393231b231a
2025-04-01 16:54:47 - [Cluster 1 - CLIENT] - INFO - [Store 1033] Starting local training.
2025-04-01 16:54:57 - [Cluster 1 - CLIENT] - INFO - [Store 382] Local training complete.
2025-04-01 16:54:57 - [Cluster 1 - CLIENT] - INFO - Sent reply
2025-04-01 16:54:57 - [Cluster 1 - CLIENT] - INFO - 
2025-04-01 16:54:57 - [Cluster 1 - CLIENT] - INFO - Received: train message cb5d1abb-d441-41a0-8e60-e8c817ec2f30
2025-04-01 16:54:57 - [Cluster 1 - CLIENT] - INFO - [Store 269] Starting local training.
2025-04-01 16:59:08 - [Cluster 1 - CLIENT] - INFO - [Store 665] Local training complete.
2025-04-01 16:59:08 - [Cluster 1 - CLIENT] - INFO - Sent reply
2025-04-01 16:59:10 - [Cluster 1 - CLIENT] - INFO - [Store 682] Local training complete.
2025-04-01 16:59:11 - [Cluster 1 - CLIENT] - INFO - Sent reply
2025-04-01 16:59:12 - [Cluster 1 - CLIENT] - INFO - [Store 526] Local training complete.
2025-04-01 16:59:12 - [Cluster 1 - CLIENT] - INFO - Sent reply
2025-04-01 16:59:12 - [Cluster 1 - CLIENT] - INFO - [Store 809] Local training complete.
2025-04-01 16:59:12 - [Cluster 1 - CLIENT] - INFO - [Store 211] Local training complete.
2025-04-01 16:59:12 - [Cluster 1 - CLIENT] - INFO - Sent reply
2025-04-01 16:59:12 - [Cluster 1 - CLIENT] - INFO - Sent reply
2025-04-01 16:59:12 - [Cluster 1 - CLIENT] - INFO - [Store 849] Local training complete.
2025-04-01 16:59:12 - [Cluster 1 - CLIENT] - INFO - Sent reply
2025-04-01 16:59:13 - [Cluster 1 - CLIENT] - INFO - [Store 532] Local training complete.
2025-04-01 16:59:13 - [Cluster 1 - CLIENT] - INFO - Sent reply
2025-04-01 16:59:14 - [Cluster 1 - CLIENT] - INFO - [Store 655] Local training complete.
2025-04-01 16:59:14 - [Cluster 1 - CLIENT] - INFO - Sent reply
2025-04-01 16:59:14 - [Cluster 1 - CLIENT] - INFO - [Store 699] Local training complete.
2025-04-01 16:59:14 - [Cluster 1 - CLIENT] - INFO - [Store 753] Local training complete.
2025-04-01 16:59:14 - [Cluster 1 - CLIENT] - INFO - Sent reply
2025-04-01 16:59:14 - [Cluster 1 - CLIENT] - INFO - Sent reply
2025-04-01 16:59:14 - [Cluster 1 - CLIENT] - INFO - [Store 562] Local training complete.
2025-04-01 16:59:14 - [Cluster 1 - CLIENT] - INFO - [Store 807] Local training complete.
2025-04-01 16:59:14 - [Cluster 1 - CLIENT] - INFO - Sent reply
2025-04-01 16:59:14 - [Cluster 1 - CLIENT] - INFO - Sent reply
2025-04-01 16:59:14 - [Cluster 1 - CLIENT] - INFO - [Store 524] Local training complete.
2025-04-01 16:59:14 - [Cluster 1 - CLIENT] - INFO - Sent reply
2025-04-01 16:59:14 - [Cluster 1 - CLIENT] - INFO - [Store 1033] Local training complete.
2025-04-01 16:59:14 - [Cluster 1 - CLIENT] - INFO - Sent reply
2025-04-01 16:59:14 - [Cluster 1 - CLIENT] - INFO - [Store 269] Local training complete.
2025-04-01 16:59:14 - [Cluster 1 - CLIENT] - INFO - Sent reply
2025-04-01 16:59:14 - [Cluster 1 - CLIENT] - INFO - 
2025-04-01 16:59:14 - [Cluster 1 - CLIENT] - INFO - Received: evaluate message 904570ee-a788-4a94-91a8-c3f6b7d89516
2025-04-01 16:59:14 - [Cluster 1 - CLIENT] - INFO - 
2025-04-01 16:59:14 - [Cluster 1 - CLIENT] - INFO - Received: evaluate message 0c9bb9a0-f05b-484e-9565-2253cce6db30
2025-04-01 16:59:15 - [Cluster 1 - CLIENT] - INFO - 
2025-04-01 16:59:15 - [Cluster 1 - CLIENT] - INFO - Received: evaluate message 0f376fd7-eac4-45f0-b52b-f145dc421023
2025-04-01 16:59:14 - [Cluster 1 - CLIENT] - INFO - 
2025-04-01 16:59:15 - [Cluster 1 - CLIENT] - INFO - Received: evaluate message 32a52118-b150-4d0f-ae85-7ea0a3893c2b
2025-04-01 16:59:15 - [Cluster 1 - CLIENT] - INFO - 
2025-04-01 16:59:15 - [Cluster 1 - CLIENT] - INFO - Received: evaluate message c7293c92-77e4-4c6e-972e-56855ae18f6e
2025-04-01 16:59:15 - [Cluster 1 - CLIENT] - INFO - 
2025-04-01 16:59:15 - [Cluster 1 - CLIENT] - INFO - Received: evaluate message 7d772647-008e-4210-91d2-f4f4049118ff
2025-04-01 16:59:15 - [Cluster 1 - CLIENT] - INFO - 
2025-04-01 16:59:15 - [Cluster 1 - CLIENT] - INFO - Received: evaluate message e0ca647b-d31d-4c8c-bc07-af2a44258ae9
2025-04-01 16:59:15 - [Cluster 1 - CLIENT] - INFO - 
2025-04-01 16:59:15 - [Cluster 1 - CLIENT] - INFO - Received: evaluate message dfb56d5f-6348-4bce-89ee-8a77c56d8817
2025-04-01 16:59:15 - [Cluster 1 - CLIENT] - INFO - 
2025-04-01 16:59:15 - [Cluster 1 - CLIENT] - INFO - Received: evaluate message 52ab46ac-4156-49a1-9869-7ef8f224b171
2025-04-01 16:59:15 - [Cluster 1 - CLIENT] - INFO - 
2025-04-01 16:59:15 - [Cluster 1 - CLIENT] - INFO - Received: evaluate message c8768422-ec5c-4cc2-b737-f91811cde08a
2025-04-01 16:59:15 - [Cluster 1 - CLIENT] - INFO - 
2025-04-01 16:59:15 - [Cluster 1 - CLIENT] - INFO - Received: evaluate message 7ce4b56a-a83d-4286-bfda-207cbfa96868
2025-04-01 16:59:15 - [Cluster 1 - CLIENT] - INFO - 
2025-04-01 16:59:15 - [Cluster 1 - CLIENT] - INFO - Received: evaluate message a67f03a3-ae9f-4655-9f06-d3e2fce869fe
2025-04-01 16:59:15 - [Cluster 1 - CLIENT] - INFO - 
2025-04-01 16:59:15 - [Cluster 1 - CLIENT] - INFO - Received: evaluate message e9765366-fba9-41e9-8cc0-d5525fc878fc
2025-04-01 16:59:15 - [Cluster 1 - CLIENT] - INFO - 
2025-04-01 16:59:15 - [Cluster 1 - CLIENT] - INFO - Received: evaluate message b4540c7e-9f97-4dbc-bca4-231630a64713
2025-04-01 16:59:15 - [Cluster 1 - CLIENT] - INFO - 
2025-04-01 16:59:15 - [Cluster 1 - CLIENT] - INFO - Received: evaluate message 9ab4d0c3-5171-457f-8e97-2b9246d10df8
2025-04-01 16:59:16 - [Cluster 1 - CLIENT] - INFO - [Store 269] Evaluation - Loss: 0.2299, MAE: 0.3138
2025-04-01 16:59:16 - [Cluster 1 - CLIENT] - INFO - [Store 527] Evaluation - Loss: 0.2462, MAE: 0.3111
2025-04-01 16:59:16 - [Cluster 1 - CLIENT] - INFO - Sent reply
2025-04-01 16:59:16 - [Cluster 1 - CLIENT] - INFO - Sent reply
2025-04-01 16:59:16 - [Cluster 1 - CLIENT] - INFO - [Store 655] Evaluation - Loss: 0.3191, MAE: 0.3773
2025-04-01 16:59:16 - [Cluster 1 - CLIENT] - INFO - Sent reply
2025-04-01 16:59:16 - [Cluster 1 - CLIENT] - INFO - 
2025-04-01 16:59:16 - [Cluster 1 - CLIENT] - INFO - Received: evaluate message 54cdfdef-bae5-4d4a-978b-1e6c61877b33
2025-04-01 16:59:16 - [Cluster 1 - CLIENT] - INFO - [Store 384] Evaluation - Loss: 0.2113, MAE: 0.3038
2025-04-01 16:59:16 - [Cluster 1 - CLIENT] - INFO - Sent reply
2025-04-01 16:59:16 - [Cluster 1 - CLIENT] - INFO - [Store 807] Evaluation - Loss: 0.2707, MAE: 0.3328
2025-04-01 16:59:16 - [Cluster 1 - CLIENT] - INFO - 
2025-04-01 16:59:16 - [Cluster 1 - CLIENT] - INFO - Received: evaluate message 1c68d324-3892-4724-b3aa-df6d27df2f11
2025-04-01 16:59:16 - [Cluster 1 - CLIENT] - INFO - Sent reply
2025-04-01 16:59:16 - [Cluster 1 - CLIENT] - INFO - 
2025-04-01 16:59:16 - [Cluster 1 - CLIENT] - INFO - Received: evaluate message 66b9e0f8-97b2-4696-ba29-beabdaa9f0a7
2025-04-01 16:59:16 - [Cluster 1 - CLIENT] - INFO - 
2025-04-01 16:59:16 - [Cluster 1 - CLIENT] - INFO - Received: evaluate message d2b22863-e689-45ef-9d96-387826d10849
2025-04-01 16:59:16 - [Cluster 1 - CLIENT] - INFO - [Store 195] Evaluation - Loss: 0.2689, MAE: 0.3230
2025-04-01 16:59:16 - [Cluster 1 - CLIENT] - INFO - [Store 809] Evaluation - Loss: 0.2435, MAE: 0.3140
2025-04-01 16:59:16 - [Cluster 1 - CLIENT] - INFO - [Store 849] Evaluation - Loss: 0.2030, MAE: 0.2904
2025-04-01 16:59:16 - [Cluster 1 - CLIENT] - INFO - Sent reply
2025-04-01 16:59:16 - [Cluster 1 - CLIENT] - INFO - 
2025-04-01 16:59:16 - [Cluster 1 - CLIENT] - INFO - Received: evaluate message 1412a120-67b9-4c86-abe5-5bd7aa7aa298
2025-04-01 16:59:16 - [Cluster 1 - CLIENT] - INFO - [Store 532] Evaluation - Loss: 0.3842, MAE: 0.3821
2025-04-01 16:59:16 - [Cluster 1 - CLIENT] - INFO - Sent reply
2025-04-01 16:59:16 - [Cluster 1 - CLIENT] - INFO - Sent reply
2025-04-01 16:59:16 - [Cluster 1 - CLIENT] - INFO - Sent reply
2025-04-01 16:59:16 - [Cluster 1 - CLIENT] - INFO - [Store 906] Evaluation - Loss: 0.2032, MAE: 0.2672
2025-04-01 16:59:16 - [Cluster 1 - CLIENT] - INFO - Sent reply
2025-04-01 16:59:16 - [Cluster 1 - CLIENT] - INFO - 
2025-04-01 16:59:16 - [Cluster 1 - CLIENT] - INFO - Received: evaluate message f710e8b1-ba83-46f4-8998-b343bbc9b36a
2025-04-01 16:59:16 - [Cluster 1 - CLIENT] - INFO - [Store 682] Evaluation - Loss: 0.2970, MAE: 0.4413
2025-04-01 16:59:16 - [Cluster 1 - CLIENT] - INFO - [Store 665] Evaluation - Loss: 0.1886, MAE: 0.2466
2025-04-01 16:59:16 - [Cluster 1 - CLIENT] - INFO - [Store 211] Evaluation - Loss: 0.2212, MAE: 0.2939
2025-04-01 16:59:16 - [Cluster 1 - CLIENT] - INFO - Sent reply
2025-04-01 16:59:16 - [Cluster 1 - CLIENT] - INFO - Sent reply
2025-04-01 16:59:16 - [Cluster 1 - CLIENT] - INFO - Sent reply
2025-04-01 16:59:16 - [Cluster 1 - CLIENT] - INFO - 
2025-04-01 16:59:16 - [Cluster 1 - CLIENT] - INFO - Received: evaluate message 77f65805-da3f-46e8-860e-9f76d56fe2c9
2025-04-01 16:59:16 - [Cluster 1 - CLIENT] - INFO - 
2025-04-01 16:59:16 - [Cluster 1 - CLIENT] - INFO - Received: evaluate message 4f0632e2-c2e4-4f98-ab4d-8666e4bbc0ac
2025-04-01 16:59:16 - [Cluster 1 - CLIENT] - INFO - 
2025-04-01 16:59:16 - [Cluster 1 - CLIENT] - INFO - Received: evaluate message 1094ace6-b11a-4262-88c3-984e0bddc651
2025-04-01 16:59:16 - [Cluster 1 - CLIENT] - INFO - 
2025-04-01 16:59:16 - [Cluster 1 - CLIENT] - INFO - Received: evaluate message ad44d689-267d-4888-b109-f9a3ca418eb5
2025-04-01 16:59:16 - [Cluster 1 - CLIENT] - INFO - 
2025-04-01 16:59:16 - [Cluster 1 - CLIENT] - INFO - Received: evaluate message 6d2f8143-6398-40f9-888e-c02988cf442a
2025-04-01 16:59:16 - [Cluster 1 - CLIENT] - INFO - 
2025-04-01 16:59:16 - [Cluster 1 - CLIENT] - INFO - Received: evaluate message f103ade7-47c9-4c7f-836b-f114d70f44ae
2025-04-01 16:59:16 - [Cluster 1 - CLIENT] - INFO - [Store 431] Evaluation - Loss: 0.2769, MAE: 0.3278
2025-04-01 16:59:16 - [Cluster 1 - CLIENT] - INFO - Sent reply
2025-04-01 16:59:16 - [Cluster 1 - CLIENT] - INFO - 
2025-04-01 16:59:16 - [Cluster 1 - CLIENT] - INFO - Received: evaluate message 360ff36f-92b4-4da0-9af5-115f391aad91
2025-04-01 16:59:17 - [Cluster 1 - CLIENT] - INFO - 
2025-04-01 16:59:17 - [Cluster 1 - CLIENT] - INFO - Received: evaluate message 349ae8c0-a760-496b-a5a0-b71c6f9c16e3
2025-04-01 16:59:17 - [Cluster 1 - CLIENT] - INFO - [Store 562] Evaluation - Loss: 0.4388, MAE: 0.5143
2025-04-01 16:59:17 - [Cluster 1 - CLIENT] - INFO - Sent reply
2025-04-01 16:59:17 - [Cluster 1 - CLIENT] - INFO - 
2025-04-01 16:59:17 - [Cluster 1 - CLIENT] - INFO - Received: evaluate message 918c44a4-5cc8-49cc-8ee8-46e7baf2ad89
2025-04-01 16:59:18 - [Cluster 1 - CLIENT] - INFO - [Store 1033] Evaluation - Loss: 0.2049, MAE: 0.2801
2025-04-01 16:59:18 - [Cluster 1 - CLIENT] - INFO - Sent reply
2025-04-01 16:59:18 - [Cluster 1 - CLIENT] - INFO - [Store 914] Evaluation - Loss: 0.1859, MAE: 0.2743
2025-04-01 16:59:18 - [Cluster 1 - CLIENT] - INFO - Sent reply
2025-04-01 16:59:18 - [Cluster 1 - CLIENT] - INFO - [Store 207] Evaluation - Loss: 0.1582, MAE: 0.2420
2025-04-01 16:59:18 - [Cluster 1 - CLIENT] - INFO - Sent reply
2025-04-01 16:59:18 - [Cluster 1 - CLIENT] - INFO - [Store 999] Evaluation - Loss: 0.1725, MAE: 0.2624
2025-04-01 16:59:18 - [Cluster 1 - CLIENT] - INFO - Sent reply
2025-04-01 16:59:18 - [Cluster 1 - CLIENT] - INFO - [Store 938] Evaluation - Loss: 0.2104, MAE: 0.2565
2025-04-01 16:59:18 - [Cluster 1 - CLIENT] - INFO - [Store 382] Evaluation - Loss: 0.1697, MAE: 0.2611
2025-04-01 16:59:18 - [Cluster 1 - CLIENT] - INFO - Sent reply
2025-04-01 16:59:18 - [Cluster 1 - CLIENT] - INFO - [Store 526] Evaluation - Loss: 0.1690, MAE: 0.2714
2025-04-01 16:59:18 - [Cluster 1 - CLIENT] - INFO - Sent reply
2025-04-01 16:59:18 - [Cluster 1 - CLIENT] - INFO - Sent reply
2025-04-01 16:59:18 - [Cluster 1 - CLIENT] - INFO - [Store 615] Evaluation - Loss: 0.1974, MAE: 0.2456
2025-04-01 16:59:18 - [Cluster 1 - CLIENT] - INFO - Sent reply
2025-04-01 16:59:18 - [Cluster 1 - CLIENT] - INFO - [Store 579] Evaluation - Loss: 0.1909, MAE: 0.2686
2025-04-01 16:59:18 - [Cluster 1 - CLIENT] - INFO - Sent reply
2025-04-01 16:59:18 - [Cluster 1 - CLIENT] - INFO - [Store 524] Evaluation - Loss: 0.2329, MAE: 0.2868
2025-04-01 16:59:18 - [Cluster 1 - CLIENT] - INFO - [Store 753] Evaluation - Loss: 0.1973, MAE: 0.2774
2025-04-01 16:59:18 - [Cluster 1 - CLIENT] - INFO - Sent reply
2025-04-01 16:59:18 - [Cluster 1 - CLIENT] - INFO - Sent reply
2025-04-01 16:59:18 - [Cluster 1 - CLIENT] - INFO - [Store 699] Evaluation - Loss: 0.6181, MAE: 0.4326
2025-04-01 16:59:18 - [Cluster 1 - CLIENT] - INFO - Sent reply
2025-04-01 16:59:18 - [Cluster 1 - CLIENT] - INFO - [Store 755] Evaluation - Loss: 0.2246, MAE: 0.2795
2025-04-01 16:59:18 - [Cluster 1 - CLIENT] - INFO - Sent reply
2025-04-01 16:59:18 - [Cluster 1 - CLIENT] - INFO - [Store 608] Evaluation - Loss: 0.2246, MAE: 0.3062
2025-04-01 16:59:18 - [Cluster 1 - CLIENT] - INFO - Sent reply
2025-04-01 16:59:18 - [Cluster 1 - CLIENT] - INFO - [Store 106] Evaluation - Loss: 0.1915, MAE: 0.2783
2025-04-01 16:59:18 - [Cluster 1 - CLIENT] - INFO - Sent reply
2025-04-01 16:59:18 - [Cluster 1 - CLIENT] - INFO - 
2025-04-01 16:59:18 - [Cluster 1 - CLIENT] - INFO - Received: train message df430bbf-92db-4107-9500-b0d761c74dd3
2025-04-01 16:59:18 - [Cluster 1 - CLIENT] - INFO - 
2025-04-01 16:59:18 - [Cluster 1 - CLIENT] - INFO - Received: train message 99a3b80c-d771-4eb5-91e5-0789a922c8b0
2025-04-01 16:59:18 - [Cluster 1 - CLIENT] - INFO - 
2025-04-01 16:59:18 - [Cluster 1 - CLIENT] - INFO - Received: train message 40f9d7bb-7ffe-4f03-b4e3-0ae79f17c9d7
2025-04-01 16:59:18 - [Cluster 1 - CLIENT] - INFO - 
2025-04-01 16:59:18 - [Cluster 1 - CLIENT] - INFO - Received: train message a6668068-b7e7-4231-be7b-ea61f08684ca
2025-04-01 16:59:18 - [Cluster 1 - CLIENT] - INFO - 
2025-04-01 16:59:18 - [Cluster 1 - CLIENT] - INFO - Received: train message 214008b2-8bbe-42c0-badc-4a632946d900
2025-04-01 16:59:18 - [Cluster 1 - CLIENT] - INFO - [Store 615] Starting local training.
2025-04-01 16:59:18 - [Cluster 1 - CLIENT] - INFO - 
2025-04-01 16:59:18 - [Cluster 1 - CLIENT] - INFO - Received: train message cd54b258-97ad-4db3-9c91-cc71820df6f4
2025-04-01 16:59:18 - [Cluster 1 - CLIENT] - INFO - 
2025-04-01 16:59:18 - [Cluster 1 - CLIENT] - INFO - Received: train message efeea97c-b3c7-416d-9f8e-87de004a91ac
2025-04-01 16:59:18 - [Cluster 1 - CLIENT] - INFO - 
2025-04-01 16:59:18 - [Cluster 1 - CLIENT] - INFO - Received: train message 3ed24f74-79ee-4058-b5b4-31ff1c0a1cc7
2025-04-01 16:59:18 - [Cluster 1 - CLIENT] - INFO - [Store 608] Starting local training.
2025-04-01 16:59:18 - [Cluster 1 - CLIENT] - INFO - [Store 526] Starting local training.
2025-04-01 16:59:18 - [Cluster 1 - CLIENT] - INFO - 
2025-04-01 16:59:18 - [Cluster 1 - CLIENT] - INFO - Received: train message 08a115c7-ed8f-49b3-b926-1eba5c078a53
2025-04-01 16:59:18 - [Cluster 1 - CLIENT] - INFO - 
2025-04-01 16:59:18 - [Cluster 1 - CLIENT] - INFO - Received: train message 1643df72-0f35-4b8a-843f-2f2e64aff3e5
2025-04-01 16:59:18 - [Cluster 1 - CLIENT] - INFO - [Store 809] Starting local training.
2025-04-01 16:59:18 - [Cluster 1 - CLIENT] - INFO - [Store 269] Starting local training.
2025-04-01 16:59:18 - [Cluster 1 - CLIENT] - INFO - 
2025-04-01 16:59:18 - [Cluster 1 - CLIENT] - INFO - Received: train message b7d4bc0f-cd7f-4c6f-a2f0-84943b93a776
2025-04-01 16:59:18 - [Cluster 1 - CLIENT] - INFO - [Store 999] Starting local training.
2025-04-01 16:59:18 - [Cluster 1 - CLIENT] - INFO - 
2025-04-01 16:59:18 - [Cluster 1 - CLIENT] - INFO - Received: train message 7e0fb862-23c0-4278-af67-f0776e481e3c
2025-04-01 16:59:18 - [Cluster 1 - CLIENT] - INFO - 
2025-04-01 16:59:18 - [Cluster 1 - CLIENT] - INFO - Received: train message 9f29fbe4-84d7-44f2-b6a0-29b2609a40d0
2025-04-01 16:59:18 - [Cluster 1 - CLIENT] - INFO - [Store 431] Starting local training.
2025-04-01 16:59:18 - [Cluster 1 - CLIENT] - INFO - [Store 682] Starting local training.
2025-04-01 16:59:18 - [Cluster 1 - CLIENT] - INFO - 
2025-04-01 16:59:18 - [Cluster 1 - CLIENT] - INFO - Received: train message c1e150bf-8422-45aa-959c-0f50ea0a4646
2025-04-01 16:59:18 - [Cluster 1 - CLIENT] - INFO - [Store 382] Starting local training.
2025-04-01 16:59:18 - [Cluster 1 - CLIENT] - INFO - 
2025-04-01 16:59:18 - [Cluster 1 - CLIENT] - INFO - Received: train message f9e9d4fa-64db-482e-835c-015000193cdb
2025-04-01 16:59:18 - [Cluster 1 - CLIENT] - INFO - [Store 207] Starting local training.
2025-04-01 16:59:18 - [Cluster 1 - CLIENT] - INFO - [Store 562] Starting local training.
2025-04-01 16:59:18 - [Cluster 1 - CLIENT] - INFO - [Store 211] Starting local training.
2025-04-01 16:59:18 - [Cluster 1 - CLIENT] - INFO - [Store 906] Starting local training.
2025-04-01 16:59:18 - [Cluster 1 - CLIENT] - INFO - [Store 849] Starting local training.
2025-04-01 16:59:18 - [Cluster 1 - CLIENT] - INFO - [Store 655] Starting local training.
2025-04-01 17:03:43 - [Cluster 1 - CLIENT] - INFO - [Store 526] Local training complete.
2025-04-01 17:03:43 - [Cluster 1 - CLIENT] - INFO - Sent reply
2025-04-01 17:03:43 - [Cluster 1 - CLIENT] - INFO - 
2025-04-01 17:03:43 - [Cluster 1 - CLIENT] - INFO - Received: train message 27c7608f-1bf4-4acd-a950-468bf2d00088
2025-04-01 17:03:43 - [Cluster 1 - CLIENT] - INFO - [Store 527] Starting local training.
2025-04-01 17:03:43 - [Cluster 1 - CLIENT] - INFO - [Store 269] Local training complete.
2025-04-01 17:03:43 - [Cluster 1 - CLIENT] - INFO - Sent reply
2025-04-01 17:03:43 - [Cluster 1 - CLIENT] - INFO - 
2025-04-01 17:03:43 - [Cluster 1 - CLIENT] - INFO - Received: train message d9332d76-2e56-431b-ace5-cf09329e3f6d
2025-04-01 17:03:43 - [Cluster 1 - CLIENT] - INFO - [Store 524] Starting local training.
2025-04-01 17:03:45 - [Cluster 1 - CLIENT] - INFO - [Store 431] Local training complete.
2025-04-01 17:03:45 - [Cluster 1 - CLIENT] - INFO - Sent reply
2025-04-01 17:03:45 - [Cluster 1 - CLIENT] - INFO - [Store 211] Local training complete.
2025-04-01 17:03:45 - [Cluster 1 - CLIENT] - INFO - 
2025-04-01 17:03:45 - [Cluster 1 - CLIENT] - INFO - Received: train message 058f7c0f-cbc6-4b24-b2a2-0d4d0595fd48
2025-04-01 17:03:45 - [Cluster 1 - CLIENT] - INFO - [Store 532] Starting local training.
2025-04-01 17:03:45 - [Cluster 1 - CLIENT] - INFO - [Store 608] Local training complete.
2025-04-01 17:03:45 - [Cluster 1 - CLIENT] - INFO - Sent reply
2025-04-01 17:03:45 - [Cluster 1 - CLIENT] - INFO - [Store 849] Local training complete.
2025-04-01 17:03:45 - [Cluster 1 - CLIENT] - INFO - 
2025-04-01 17:03:45 - [Cluster 1 - CLIENT] - INFO - Received: train message 25e5c630-ba3e-4e7d-a4ad-0b9391a50f0e
2025-04-01 17:03:45 - [Cluster 1 - CLIENT] - INFO - [Store 207] Local training complete.
2025-04-01 17:03:45 - [Cluster 1 - CLIENT] - INFO - [Store 579] Starting local training.
2025-04-01 17:03:45 - [Cluster 1 - CLIENT] - INFO - [Store 382] Local training complete.
2025-04-01 17:03:45 - [Cluster 1 - CLIENT] - INFO - Sent reply
2025-04-01 17:03:45 - [Cluster 1 - CLIENT] - INFO - Sent reply
2025-04-01 17:03:45 - [Cluster 1 - CLIENT] - INFO - Sent reply
2025-04-01 17:03:45 - [Cluster 1 - CLIENT] - INFO - 
2025-04-01 17:03:45 - [Cluster 1 - CLIENT] - INFO - Received: train message 215e54a6-bcc5-488b-ba47-6fd659121916
2025-04-01 17:03:45 - [Cluster 1 - CLIENT] - INFO - 
2025-04-01 17:03:45 - [Cluster 1 - CLIENT] - INFO - Received: train message 03c4e18c-6c85-4334-9ded-1ae756339d39
2025-04-01 17:03:45 - [Cluster 1 - CLIENT] - INFO - 
2025-04-01 17:03:45 - [Cluster 1 - CLIENT] - INFO - Received: train message f895c9b8-3d14-4774-91af-8d7aeac41a55
2025-04-01 17:03:45 - [Cluster 1 - CLIENT] - INFO - [Store 699] Starting local training.
2025-04-01 17:03:45 - [Cluster 1 - CLIENT] - INFO - [Store 384] Starting local training.
2025-04-01 17:03:45 - [Cluster 1 - CLIENT] - INFO - [Store 1033] Starting local training.
2025-04-01 17:03:45 - [Cluster 1 - CLIENT] - INFO - [Store 615] Local training complete.
2025-04-01 17:03:45 - [Cluster 1 - CLIENT] - INFO - Sent reply
2025-04-01 17:03:45 - [Cluster 1 - CLIENT] - INFO - 
2025-04-01 17:03:45 - [Cluster 1 - CLIENT] - INFO - Received: train message d7e640d0-38ee-431b-a660-450ba9e5b138
2025-04-01 17:03:45 - [Cluster 1 - CLIENT] - INFO - Sent reply
2025-04-01 17:03:45 - [Cluster 1 - CLIENT] - INFO - 
2025-04-01 17:03:45 - [Cluster 1 - CLIENT] - INFO - Received: train message 7cadf01f-6636-49c3-8001-16a7dfc917fd
2025-04-01 17:03:46 - [Cluster 1 - CLIENT] - INFO - [Store 195] Starting local training.
2025-04-01 17:03:46 - [Cluster 1 - CLIENT] - INFO - [Store 755] Starting local training.
2025-04-01 17:03:46 - [Cluster 1 - CLIENT] - INFO - [Store 809] Local training complete.
2025-04-01 17:03:47 - [Cluster 1 - CLIENT] - INFO - Sent reply
2025-04-01 17:03:47 - [Cluster 1 - CLIENT] - INFO - 
2025-04-01 17:03:47 - [Cluster 1 - CLIENT] - INFO - Received: train message e88d67c6-5f26-45ee-aeec-72d882163ef6
2025-04-01 17:03:47 - [Cluster 1 - CLIENT] - INFO - [Store 914] Starting local training.
2025-04-01 17:03:47 - [Cluster 1 - CLIENT] - INFO - [Store 682] Local training complete.
2025-04-01 17:03:48 - [Cluster 1 - CLIENT] - INFO - Sent reply
2025-04-01 17:03:48 - [Cluster 1 - CLIENT] - INFO - 
2025-04-01 17:03:48 - [Cluster 1 - CLIENT] - INFO - Received: train message 0f8b203a-59ff-43cd-9364-d382015006bc
2025-04-01 17:03:48 - [Cluster 1 - CLIENT] - INFO - [Store 665] Starting local training.
2025-04-01 17:03:51 - [Cluster 1 - CLIENT] - INFO - [Store 999] Local training complete.
2025-04-01 17:03:51 - [Cluster 1 - CLIENT] - INFO - Sent reply
2025-04-01 17:03:51 - [Cluster 1 - CLIENT] - INFO - 
2025-04-01 17:03:51 - [Cluster 1 - CLIENT] - INFO - Received: train message 28417825-71c7-48bf-9010-1cee1673941a
2025-04-01 17:03:51 - [Cluster 1 - CLIENT] - INFO - [Store 807] Starting local training.
2025-04-01 17:03:55 - [Cluster 1 - CLIENT] - INFO - [Store 906] Local training complete.
2025-04-01 17:03:55 - [Cluster 1 - CLIENT] - INFO - Sent reply
2025-04-01 17:03:55 - [Cluster 1 - CLIENT] - INFO - 
2025-04-01 17:03:55 - [Cluster 1 - CLIENT] - INFO - Received: train message 3c7a93f9-51b3-4120-88d7-75f4415a4001
2025-04-01 17:03:56 - [Cluster 1 - CLIENT] - INFO - [Store 753] Starting local training.
2025-04-01 17:03:56 - [Cluster 1 - CLIENT] - INFO - [Store 562] Local training complete.
2025-04-01 17:03:56 - [Cluster 1 - CLIENT] - INFO - Sent reply
2025-04-01 17:03:56 - [Cluster 1 - CLIENT] - INFO - 
2025-04-01 17:03:56 - [Cluster 1 - CLIENT] - INFO - Received: train message fee34887-94e5-4cff-89b8-aaa368498325
2025-04-01 17:03:56 - [Cluster 1 - CLIENT] - INFO - [Store 938] Starting local training.
2025-04-01 17:03:59 - [Cluster 1 - CLIENT] - INFO - [Store 655] Local training complete.
2025-04-01 17:03:59 - [Cluster 1 - CLIENT] - INFO - Sent reply
2025-04-01 17:03:59 - [Cluster 1 - CLIENT] - INFO - 
2025-04-01 17:03:59 - [Cluster 1 - CLIENT] - INFO - Received: train message 6fa37513-6841-436a-aa38-712d4c9fb165
2025-04-01 17:03:59 - [Cluster 1 - CLIENT] - INFO - [Store 106] Starting local training.
2025-04-01 17:07:26 - [Cluster 1 - CLIENT] - INFO - [Store 699] Local training complete.
2025-04-01 17:07:26 - [Cluster 1 - CLIENT] - INFO - Sent reply
2025-04-01 17:07:26 - [Cluster 1 - CLIENT] - INFO - [Store 1033] Local training complete.
2025-04-01 17:07:26 - [Cluster 1 - CLIENT] - INFO - Sent reply
2025-04-01 17:07:27 - [Cluster 1 - CLIENT] - INFO - [Store 527] Local training complete.
2025-04-01 17:07:27 - [Cluster 1 - CLIENT] - INFO - Sent reply
2025-04-01 17:07:27 - [Cluster 1 - CLIENT] - INFO - [Store 384] Local training complete.
2025-04-01 17:07:27 - [Cluster 1 - CLIENT] - INFO - Sent reply
2025-04-01 17:07:27 - [Cluster 1 - CLIENT] - INFO - [Store 524] Local training complete.
2025-04-01 17:07:27 - [Cluster 1 - CLIENT] - INFO - Sent reply
2025-04-01 17:07:28 - [Cluster 1 - CLIENT] - INFO - [Store 195] Local training complete.
2025-04-01 17:07:28 - [Cluster 1 - CLIENT] - INFO - Sent reply
2025-04-01 17:07:28 - [Cluster 1 - CLIENT] - INFO - [Store 753] Local training complete.
2025-04-01 17:07:29 - [Cluster 1 - CLIENT] - INFO - Sent reply
2025-04-01 17:07:29 - [Cluster 1 - CLIENT] - INFO - [Store 665] Local training complete.
2025-04-01 17:07:29 - [Cluster 1 - CLIENT] - INFO - Sent reply
2025-04-01 17:07:29 - [Cluster 1 - CLIENT] - INFO - [Store 914] Local training complete.
2025-04-01 17:07:29 - [Cluster 1 - CLIENT] - INFO - Sent reply
2025-04-01 17:07:30 - [Cluster 1 - CLIENT] - INFO - [Store 807] Local training complete.
2025-04-01 17:07:30 - [Cluster 1 - CLIENT] - INFO - Sent reply
2025-04-01 17:07:30 - [Cluster 1 - CLIENT] - INFO - [Store 755] Local training complete.
2025-04-01 17:07:30 - [Cluster 1 - CLIENT] - INFO - Sent reply
2025-04-01 17:07:30 - [Cluster 1 - CLIENT] - INFO - [Store 579] Local training complete.
2025-04-01 17:07:30 - [Cluster 1 - CLIENT] - INFO - Sent reply
2025-04-01 17:07:30 - [Cluster 1 - CLIENT] - INFO - [Store 106] Local training complete.
2025-04-01 17:07:30 - [Cluster 1 - CLIENT] - INFO - Sent reply
2025-04-01 17:07:30 - [Cluster 1 - CLIENT] - INFO - [Store 938] Local training complete.
2025-04-01 17:07:30 - [Cluster 1 - CLIENT] - INFO - Sent reply
2025-04-01 17:07:32 - [Cluster 1 - CLIENT] - INFO - [Store 532] Local training complete.
2025-04-01 17:07:32 - [Cluster 1 - CLIENT] - INFO - Sent reply
2025-04-01 17:07:32 - [Cluster 1 - CLIENT] - INFO - 
2025-04-01 17:07:32 - [Cluster 1 - CLIENT] - INFO - Received: evaluate message 01dc4d0c-1a6d-4ab8-8c0b-ddf755b8eed2
2025-04-01 17:07:32 - [Cluster 1 - CLIENT] - INFO - 
2025-04-01 17:07:32 - [Cluster 1 - CLIENT] - INFO - Received: evaluate message 61837947-b91a-4453-86a8-4d035b53c344
2025-04-01 17:07:32 - [Cluster 1 - CLIENT] - INFO - 
2025-04-01 17:07:32 - [Cluster 1 - CLIENT] - INFO - Received: evaluate message e3a0099c-8414-4b44-9308-e20c5da09be9
2025-04-01 17:07:32 - [Cluster 1 - CLIENT] - INFO - 
2025-04-01 17:07:32 - [Cluster 1 - CLIENT] - INFO - Received: evaluate message a55dc727-e792-4bee-b337-18ac963741e0
2025-04-01 17:07:32 - [Cluster 1 - CLIENT] - INFO - 
2025-04-01 17:07:32 - [Cluster 1 - CLIENT] - INFO - Received: evaluate message 25f77b1e-47b0-42e2-ad47-26674ff85e94
2025-04-01 17:07:32 - [Cluster 1 - CLIENT] - INFO - 
2025-04-01 17:07:32 - [Cluster 1 - CLIENT] - INFO - Received: evaluate message 9df34b20-12cc-482a-82df-1484ec1f910a
2025-04-01 17:07:32 - [Cluster 1 - CLIENT] - INFO - 
2025-04-01 17:07:32 - [Cluster 1 - CLIENT] - INFO - Received: evaluate message b1b44910-4016-4af0-8ebc-1a0d4cd4c2c4
2025-04-01 17:07:32 - [Cluster 1 - CLIENT] - INFO - 
2025-04-01 17:07:32 - [Cluster 1 - CLIENT] - INFO - 
2025-04-01 17:07:32 - [Cluster 1 - CLIENT] - INFO - Received: evaluate message 5ac54b05-13c2-4756-b87f-22975d10861e
2025-04-01 17:07:32 - [Cluster 1 - CLIENT] - INFO - Received: evaluate message 97d45190-ec92-4fca-892c-b79e9bbc4051
2025-04-01 17:07:32 - [Cluster 1 - CLIENT] - INFO - 
2025-04-01 17:07:32 - [Cluster 1 - CLIENT] - INFO - Received: evaluate message 3b665ac3-9ca5-4bf3-a176-615f70eac034
2025-04-01 17:07:32 - [Cluster 1 - CLIENT] - INFO - 
2025-04-01 17:07:32 - [Cluster 1 - CLIENT] - INFO - Received: evaluate message 1ccb423a-8c8f-4181-bea7-60887fbcb073
2025-04-01 17:07:32 - [Cluster 1 - CLIENT] - INFO - 
2025-04-01 17:07:32 - [Cluster 1 - CLIENT] - INFO - Received: evaluate message 648ac9af-cebf-47fb-a86c-1c05a2c94305
2025-04-01 17:07:32 - [Cluster 1 - CLIENT] - INFO - 
2025-04-01 17:07:32 - [Cluster 1 - CLIENT] - INFO - Received: evaluate message 947cf3fe-4a48-4cd0-bb91-d6d88cfc94e5
2025-04-01 17:07:32 - [Cluster 1 - CLIENT] - INFO - 
2025-04-01 17:07:32 - [Cluster 1 - CLIENT] - INFO - Received: evaluate message 347f23ff-261a-4cdc-8b84-8d1a15482a9f
2025-04-01 17:07:32 - [Cluster 1 - CLIENT] - INFO - 
2025-04-01 17:07:32 - [Cluster 1 - CLIENT] - INFO - Received: evaluate message efaa5c94-513b-4867-abdb-76bcb9df5105
2025-04-01 17:07:33 - [Cluster 1 - CLIENT] - INFO - [Store 753] Evaluation - Loss: 0.1987, MAE: 0.2721
2025-04-01 17:07:33 - [Cluster 1 - CLIENT] - INFO - Sent reply
2025-04-01 17:07:33 - [Cluster 1 - CLIENT] - INFO - 
2025-04-01 17:07:33 - [Cluster 1 - CLIENT] - INFO - Received: evaluate message a65fbe38-250b-48ef-88cd-d28d5695fecc
2025-04-01 17:07:33 - [Cluster 1 - CLIENT] - INFO - [Store 938] Evaluation - Loss: 0.2113, MAE: 0.2456
2025-04-01 17:07:33 - [Cluster 1 - CLIENT] - INFO - Sent reply
2025-04-01 17:07:33 - [Cluster 1 - CLIENT] - INFO - [Store 914] Evaluation - Loss: 0.1847, MAE: 0.2674
2025-04-01 17:07:33 - [Cluster 1 - CLIENT] - INFO - Sent reply
2025-04-01 17:07:33 - [Cluster 1 - CLIENT] - INFO - 
2025-04-01 17:07:33 - [Cluster 1 - CLIENT] - INFO - Received: evaluate message af74dfd6-4206-472e-bb7b-3f70852b72a7
2025-04-01 17:07:33 - [Cluster 1 - CLIENT] - INFO - 
2025-04-01 17:07:33 - [Cluster 1 - CLIENT] - INFO - Received: evaluate message 147e80b4-fd44-4565-89f3-710e2844d147
2025-04-01 17:07:33 - [Cluster 1 - CLIENT] - INFO - [Store 655] Evaluation - Loss: 0.3027, MAE: 0.3594
2025-04-01 17:07:33 - [Cluster 1 - CLIENT] - INFO - Sent reply
2025-04-01 17:07:33 - [Cluster 1 - CLIENT] - INFO - 
2025-04-01 17:07:33 - [Cluster 1 - CLIENT] - INFO - Received: evaluate message a16e76a5-da61-4be4-bcde-3eb97493e53f
2025-04-01 17:07:33 - [Cluster 1 - CLIENT] - INFO - [Store 608] Evaluation - Loss: 0.2190, MAE: 0.3069
2025-04-01 17:07:33 - [Cluster 1 - CLIENT] - INFO - Sent reply
2025-04-01 17:07:33 - [Cluster 1 - CLIENT] - INFO - [Store 906] Evaluation - Loss: 0.2123, MAE: 0.2687
2025-04-01 17:07:33 - [Cluster 1 - CLIENT] - INFO - Sent reply
2025-04-01 17:07:33 - [Cluster 1 - CLIENT] - INFO - [Store 527] Evaluation - Loss: 0.2443, MAE: 0.2972
2025-04-01 17:07:33 - [Cluster 1 - CLIENT] - INFO - Sent reply
2025-04-01 17:07:33 - [Cluster 1 - CLIENT] - INFO - 
2025-04-01 17:07:33 - [Cluster 1 - CLIENT] - INFO - Received: evaluate message 5cdc9f5c-2935-4b31-997e-69acb8839d08
2025-04-01 17:07:33 - [Cluster 1 - CLIENT] - INFO - 
2025-04-01 17:07:33 - [Cluster 1 - CLIENT] - INFO - Received: evaluate message 00d0d033-f8f7-491e-a615-42bb49d769ea
2025-04-01 17:07:33 - [Cluster 1 - CLIENT] - INFO - 
2025-04-01 17:07:33 - [Cluster 1 - CLIENT] - INFO - Received: evaluate message 28392635-f65d-4c9b-bed2-aef7176d04a9
2025-04-01 17:07:33 - [Cluster 1 - CLIENT] - INFO - [Store 699] Evaluation - Loss: 0.6507, MAE: 0.4410
2025-04-01 17:07:33 - [Cluster 1 - CLIENT] - INFO - [Store 431] Evaluation - Loss: 0.2718, MAE: 0.3149
2025-04-01 17:07:33 - [Cluster 1 - CLIENT] - INFO - Sent reply
2025-04-01 17:07:33 - [Cluster 1 - CLIENT] - INFO - Sent reply
2025-04-01 17:07:33 - [Cluster 1 - CLIENT] - INFO - [Store 207] Evaluation - Loss: 0.1561, MAE: 0.2330
2025-04-01 17:07:33 - [Cluster 1 - CLIENT] - INFO - Sent reply
2025-04-01 17:07:33 - [Cluster 1 - CLIENT] - INFO - 
2025-04-01 17:07:33 - [Cluster 1 - CLIENT] - INFO - Received: evaluate message 82565cd9-12f3-4ca6-b3cd-a8ace479c2d6
2025-04-01 17:07:33 - [Cluster 1 - CLIENT] - INFO - 
2025-04-01 17:07:33 - [Cluster 1 - CLIENT] - INFO - Received: evaluate message 9d3b1461-b25b-4b3f-bdeb-47ed32e05429
2025-04-01 17:07:33 - [Cluster 1 - CLIENT] - INFO - [Store 999] Evaluation - Loss: 0.1690, MAE: 0.2555
2025-04-01 17:07:33 - [Cluster 1 - CLIENT] - INFO - Sent reply
2025-04-01 17:07:33 - [Cluster 1 - CLIENT] - INFO - 
2025-04-01 17:07:33 - [Cluster 1 - CLIENT] - INFO - Received: evaluate message 8b7630bb-efbb-45a0-bd2e-ec3420854bdf
2025-04-01 17:07:33 - [Cluster 1 - CLIENT] - INFO - 
2025-04-01 17:07:33 - [Cluster 1 - CLIENT] - INFO - Received: evaluate message 07b747b8-fedd-47ea-850b-da7ef4b5cfde
2025-04-01 17:07:33 - [Cluster 1 - CLIENT] - INFO - [Store 269] Evaluation - Loss: 0.2403, MAE: 0.3245
2025-04-01 17:07:33 - [Cluster 1 - CLIENT] - INFO - Sent reply
2025-04-01 17:07:33 - [Cluster 1 - CLIENT] - INFO - [Store 562] Evaluation - Loss: 0.4331, MAE: 0.5155
2025-04-01 17:07:33 - [Cluster 1 - CLIENT] - INFO - Sent reply
2025-04-01 17:07:33 - [Cluster 1 - CLIENT] - INFO - 
2025-04-01 17:07:33 - [Cluster 1 - CLIENT] - INFO - Received: evaluate message 5c788d22-40d2-4bb0-a4b7-7a66341743a7
2025-04-01 17:07:33 - [Cluster 1 - CLIENT] - INFO - 
2025-04-01 17:07:33 - [Cluster 1 - CLIENT] - INFO - Received: evaluate message 0793c2ea-35bd-42ad-9893-6539c855a33b
2025-04-01 17:07:33 - [Cluster 1 - CLIENT] - INFO - [Store 615] Evaluation - Loss: 0.2043, MAE: 0.2442
2025-04-01 17:07:33 - [Cluster 1 - CLIENT] - INFO - Sent reply
2025-04-01 17:07:33 - [Cluster 1 - CLIENT] - INFO - 
2025-04-01 17:07:33 - [Cluster 1 - CLIENT] - INFO - Received: evaluate message 4b50bfe4-94f4-4350-8bbc-b91b61bcb0f0
2025-04-01 17:07:33 - [Cluster 1 - CLIENT] - INFO - [Store 526] Evaluation - Loss: 0.1658, MAE: 0.2628
2025-04-01 17:07:33 - [Cluster 1 - CLIENT] - INFO - Sent reply
2025-04-01 17:07:33 - [Cluster 1 - CLIENT] - INFO - 
2025-04-01 17:07:33 - [Cluster 1 - CLIENT] - INFO - Received: evaluate message 48ddcb8e-e272-488d-a130-c16e780dbdf6
2025-04-01 17:07:34 - [Cluster 1 - CLIENT] - INFO - [Store 809] Evaluation - Loss: 0.2417, MAE: 0.3122
2025-04-01 17:07:34 - [Cluster 1 - CLIENT] - INFO - Sent reply
2025-04-01 17:07:34 - [Cluster 1 - CLIENT] - INFO - [Store 849] Evaluation - Loss: 0.1966, MAE: 0.2772
2025-04-01 17:07:34 - [Cluster 1 - CLIENT] - INFO - Sent reply
2025-04-01 17:07:34 - [Cluster 1 - CLIENT] - INFO - [Store 532] Evaluation - Loss: 0.3781, MAE: 0.3637
2025-04-01 17:07:34 - [Cluster 1 - CLIENT] - INFO - Sent reply
2025-04-01 17:07:34 - [Cluster 1 - CLIENT] - INFO - [Store 106] Evaluation - Loss: 0.1907, MAE: 0.2664
2025-04-01 17:07:34 - [Cluster 1 - CLIENT] - INFO - Sent reply
2025-04-01 17:07:34 - [Cluster 1 - CLIENT] - INFO - [Store 524] Evaluation - Loss: 0.2335, MAE: 0.2854
2025-04-01 17:07:34 - [Cluster 1 - CLIENT] - INFO - Sent reply
2025-04-01 17:07:34 - [Cluster 1 - CLIENT] - INFO - [Store 195] Evaluation - Loss: 0.2674, MAE: 0.3110
2025-04-01 17:07:34 - [Cluster 1 - CLIENT] - INFO - Sent reply
2025-04-01 17:07:34 - [Cluster 1 - CLIENT] - INFO - [Store 384] Evaluation - Loss: 0.2017, MAE: 0.2923
2025-04-01 17:07:34 - [Cluster 1 - CLIENT] - INFO - Sent reply
2025-04-01 17:07:34 - [Cluster 1 - CLIENT] - INFO - [Store 579] Evaluation - Loss: 0.2048, MAE: 0.2778
2025-04-01 17:07:34 - [Cluster 1 - CLIENT] - INFO - Sent reply
2025-04-01 17:07:34 - [Cluster 1 - CLIENT] - INFO - [Store 682] Evaluation - Loss: 0.2919, MAE: 0.4366
2025-04-01 17:07:34 - [Cluster 1 - CLIENT] - INFO - Sent reply
2025-04-01 17:07:34 - [Cluster 1 - CLIENT] - INFO - [Store 807] Evaluation - Loss: 0.2675, MAE: 0.3218
2025-04-01 17:07:34 - [Cluster 1 - CLIENT] - INFO - Sent reply
2025-04-01 17:07:34 - [Cluster 1 - CLIENT] - INFO - [Store 1033] Evaluation - Loss: 0.2000, MAE: 0.2652
2025-04-01 17:07:34 - [Cluster 1 - CLIENT] - INFO - Sent reply
2025-04-01 17:07:34 - [Cluster 1 - CLIENT] - INFO - [Store 211] Evaluation - Loss: 0.2132, MAE: 0.2696
2025-04-01 17:07:34 - [Cluster 1 - CLIENT] - INFO - Sent reply
2025-04-01 17:07:34 - [Cluster 1 - CLIENT] - INFO - [Store 382] Evaluation - Loss: 0.1690, MAE: 0.2545
2025-04-01 17:07:34 - [Cluster 1 - CLIENT] - INFO - Sent reply
2025-04-01 17:07:34 - [Cluster 1 - CLIENT] - INFO - [Store 665] Evaluation - Loss: 0.1876, MAE: 0.2389
2025-04-01 17:07:34 - [Cluster 1 - CLIENT] - INFO - Sent reply
2025-04-01 17:07:34 - [Cluster 1 - CLIENT] - INFO - [Store 755] Evaluation - Loss: 0.2187, MAE: 0.2653
2025-04-01 17:07:34 - [Cluster 1 - CLIENT] - INFO - Sent reply
2025-04-01 17:07:34 - [Cluster 1 - CLIENT] - INFO - 
2025-04-01 17:07:34 - [Cluster 1 - CLIENT] - INFO - Received: reconnect message a205250c-7874-4d28-901b-f891e83bdb85
2025-04-01 17:07:34 - [Cluster 1 - CLIENT] - INFO - 
2025-04-01 17:07:34 - [Cluster 1 - CLIENT] - INFO - Received: reconnect message 972e0662-320c-498a-9150-09ce684ec452
2025-04-01 17:07:34 - [Cluster 1 - CLIENT] - INFO - 
2025-04-01 17:07:34 - [Cluster 1 - CLIENT] - INFO - Received: reconnect message f37eef3a-0ccf-4c08-8a8d-028400f96f36
2025-04-01 17:07:34 - [Cluster 1 - CLIENT] - INFO - 
2025-04-01 17:07:34 - [Cluster 1 - CLIENT] - INFO - Received: reconnect message 0a7695f1-ff11-46a8-a463-da72d5b5bcbb
2025-04-01 17:07:34 - [Cluster 1 - CLIENT] - INFO - 
2025-04-01 17:07:34 - [Cluster 1 - CLIENT] - INFO - Received: reconnect message ea2cc24d-6426-4ac1-84af-8a3f1a5247b4
2025-04-01 17:07:34 - [Cluster 1 - CLIENT] - INFO - 
2025-04-01 17:07:34 - [Cluster 1 - CLIENT] - INFO - Received: reconnect message a815ff69-44aa-4262-83e8-fc9dbdcefebb
2025-04-01 17:07:34 - [Cluster 1 - CLIENT] - INFO - 
2025-04-01 17:07:34 - [Cluster 1 - CLIENT] - INFO - Received: reconnect message aa7d17b0-6fbe-4846-81f7-1ec41ba2123a
2025-04-01 17:07:34 - [Cluster 1 - CLIENT] - INFO - 
2025-04-01 17:07:34 - [Cluster 1 - CLIENT] - INFO - Received: reconnect message 3e36d7de-d4e4-4583-8005-dd0b03e456d9
2025-04-01 17:07:34 - [Cluster 1 - CLIENT] - INFO - 
2025-04-01 17:07:34 - [Cluster 1 - CLIENT] - INFO - Received: reconnect message 20c91d78-203c-4a64-bbd8-34d6ad12f96a
2025-04-01 17:07:34 - [Cluster 1 - CLIENT] - INFO - 
2025-04-01 17:07:34 - [Cluster 1 - CLIENT] - INFO - Received: reconnect message 982c6327-d181-4cb0-97ac-3f778f71a92b
2025-04-01 17:07:34 - [Cluster 1 - CLIENT] - INFO - 
2025-04-01 17:07:34 - [Cluster 1 - CLIENT] - INFO - Received: reconnect message 95e60aab-cbc0-42fc-b445-5e6bb698da2a
2025-04-01 17:07:34 - [Cluster 1 - CLIENT] - INFO - 
2025-04-01 17:07:34 - [Cluster 1 - CLIENT] - INFO - Received: reconnect message 34c17ddf-eea0-40a8-b837-c1141a83f71d
2025-04-01 17:07:34 - [Cluster 1 - CLIENT] - INFO - 
2025-04-01 17:07:34 - [Cluster 1 - CLIENT] - INFO - Received: reconnect message bf36c681-c052-4847-bcc5-361f24ad5cd4
2025-04-01 17:07:34 - [Cluster 1 - CLIENT] - INFO - 
2025-04-01 17:07:34 - [Cluster 1 - CLIENT] - INFO - Received: reconnect message be6764ee-bc93-4d85-ad8c-16768bb86a8e
2025-04-01 17:07:34 - [Cluster 1 - CLIENT] - INFO - 
2025-04-01 17:07:34 - [Cluster 1 - CLIENT] - INFO - Received: reconnect message 9bac892e-5ca2-4349-b93b-abf8126abd86
2025-04-01 17:07:34 - [Cluster 1 - CLIENT] - INFO - 
2025-04-01 17:07:34 - [Cluster 1 - CLIENT] - INFO - Received: reconnect message 1d76c0d5-4729-4387-bc2a-4c2e077ffe3e
2025-04-01 17:07:34 - [Cluster 1 - CLIENT] - INFO - 
2025-04-01 17:07:34 - [Cluster 1 - CLIENT] - INFO - Received: reconnect message e3ef69d7-3909-43d2-9f59-a97411dd4e60
2025-04-01 17:07:34 - [Cluster 1 - CLIENT] - INFO - 
2025-04-01 17:07:34 - [Cluster 1 - CLIENT] - INFO - Received: reconnect message 33a2ca86-7039-477c-94de-758964bc03ac
2025-04-01 17:07:34 - [Cluster 1 - CLIENT] - DEBUG - gRPC channel closed
2025-04-01 17:07:34 - [Cluster 1 - CLIENT] - INFO - 
2025-04-01 17:07:34 - [Cluster 1 - CLIENT] - INFO - 
2025-04-01 17:07:34 - [Cluster 1 - CLIENT] - INFO - Received: reconnect message 539ea75e-1904-4b7f-8e2b-6426876f5eb5
2025-04-01 17:07:34 - [Cluster 1 - CLIENT] - INFO - Received: reconnect message 40189c31-8d08-4054-a4e5-bcee543298a9
2025-04-01 17:07:34 - [Cluster 1 - CLIENT] - INFO - 
2025-04-01 17:07:34 - [Cluster 1 - CLIENT] - INFO - Received: reconnect message fc51823a-e8cd-44dd-a728-97e3258321de
2025-04-01 17:07:34 - [Cluster 1 - CLIENT] - INFO - 
2025-04-01 17:07:34 - [Cluster 1 - CLIENT] - INFO - 
2025-04-01 17:07:34 - [Cluster 1 - CLIENT] - INFO - Received: reconnect message 7107ad90-295f-43cd-8d9f-c25798543db2
2025-04-01 17:07:34 - [Cluster 1 - CLIENT] - INFO - Received: reconnect message cb6a1786-9c32-47e0-8273-0cc956de1c7b
2025-04-01 17:07:34 - [Cluster 1 - CLIENT] - INFO - 
2025-04-01 17:07:34 - [Cluster 1 - CLIENT] - INFO - Received: reconnect message 3cbeb9de-be0d-401c-8eab-b3b3c04129c5
2025-04-01 17:07:34 - [Cluster 1 - CLIENT] - INFO - 
2025-04-01 17:07:34 - [Cluster 1 - CLIENT] - INFO - Received: reconnect message 3eb6fdbf-9823-425e-9ef0-8ff2e6d3e8f3
2025-04-01 17:07:34 - [Cluster 1 - CLIENT] - INFO - 
2025-04-01 17:07:34 - [Cluster 1 - CLIENT] - INFO - Received: reconnect message 360a5d2c-62bb-44a4-be9e-07c3ef27bf45
2025-04-01 17:07:34 - [Cluster 1 - CLIENT] - INFO - Disconnect and shut down
2025-04-01 17:07:34 - [Cluster 1 - CLIENT] - INFO - 
2025-04-01 17:07:34 - [Cluster 1 - CLIENT] - INFO - 
2025-04-01 17:07:34 - [Cluster 1 - CLIENT] - INFO - Received: reconnect message 2af76859-3d04-4a4a-a542-69641f15e9a2
2025-04-01 17:07:34 - [Cluster 1 - CLIENT] - INFO - Received: reconnect message 12bfb442-5bca-4e21-a560-c0dc28ca9dba
2025-04-01 17:07:34 - [Cluster 1 - CLIENT] - INFO - 
2025-04-01 17:07:34 - [Cluster 1 - CLIENT] - INFO - Received: reconnect message 7fbc68e6-9d97-4efe-907a-cb121772c6b7
2025-04-01 17:07:34 - [Cluster 1 - CLIENT] - INFO - 
2025-04-01 17:07:34 - [Cluster 1 - CLIENT] - INFO - Received: reconnect message 89cfb7e4-bff5-4e6e-961a-85b5e6127f98
2025-04-01 17:07:34 - [Cluster 1 - CLIENT] - DEBUG - gRPC channel closed
2025-04-01 17:07:34 - [Cluster 1 - CLIENT] - DEBUG - gRPC channel closed
2025-04-01 17:07:34 - [Cluster 1 - CLIENT] - INFO - Disconnect and shut down
2025-04-01 17:07:34 - [Cluster 1 - CLIENT] - INFO - Disconnect and shut down
2025-04-01 17:07:34 - [Cluster 1 - CLIENT] - DEBUG - gRPC channel closed
2025-04-01 17:07:34 - [Cluster 1 - CLIENT] - DEBUG - gRPC channel closed
2025-04-01 17:07:34 - [Cluster 1 - CLIENT] - DEBUG - gRPC channel closed
2025-04-01 17:07:34 - [Cluster 1 - CLIENT] - DEBUG - gRPC channel closed
2025-04-01 17:07:34 - [Cluster 1 - CLIENT] - DEBUG - gRPC channel closed
2025-04-01 17:07:34 - [Cluster 1 - CLIENT] - DEBUG - gRPC channel closed
2025-04-01 17:07:34 - [Cluster 1 - CLIENT] - DEBUG - gRPC channel closed
2025-04-01 17:07:34 - [Cluster 1 - CLIENT] - DEBUG - gRPC channel closed
2025-04-01 17:07:34 - [Cluster 1 - CLIENT] - DEBUG - gRPC channel closed
2025-04-01 17:07:34 - [Cluster 1 - CLIENT] - DEBUG - gRPC channel closed
2025-04-01 17:07:34 - [Cluster 1 - CLIENT] - DEBUG - gRPC channel closed
2025-04-01 17:07:34 - [Cluster 1 - CLIENT] - DEBUG - gRPC channel closed
2025-04-01 17:07:34 - [Cluster 1 - CLIENT] - DEBUG - gRPC channel closed
2025-04-01 17:07:34 - [Cluster 1 - CLIENT] - DEBUG - gRPC channel closed
2025-04-01 17:07:34 - [Cluster 1 - CLIENT] - DEBUG - gRPC channel closed
2025-04-01 17:07:34 - [Cluster 1 - CLIENT] - DEBUG - gRPC channel closed
2025-04-01 17:07:34 - [Cluster 1 - CLIENT] - DEBUG - gRPC channel closed
2025-04-01 17:07:34 - [Cluster 1 - CLIENT] - DEBUG - gRPC channel closed
2025-04-01 17:07:34 - [Cluster 1 - CLIENT] - DEBUG - gRPC channel closed
2025-04-01 17:07:34 - [Cluster 1 - CLIENT] - DEBUG - gRPC channel closed
2025-04-01 17:07:34 - [Cluster 1 - CLIENT] - INFO - Disconnect and shut down
2025-04-01 17:07:34 - [Cluster 1 - CLIENT] - INFO - Disconnect and shut down
2025-04-01 17:07:34 - [Cluster 1 - CLIENT] - DEBUG - gRPC channel closed
2025-04-01 17:07:34 - [Cluster 1 - CLIENT] - DEBUG - gRPC channel closed
2025-04-01 17:07:34 - [Cluster 1 - CLIENT] - INFO - Disconnect and shut down
2025-04-01 17:07:34 - [Cluster 1 - CLIENT] - INFO - Disconnect and shut down
2025-04-01 17:07:34 - [Cluster 1 - CLIENT] - INFO - Disconnect and shut down
2025-04-01 17:07:34 - [Cluster 1 - CLIENT] - INFO - Disconnect and shut down
2025-04-01 17:07:34 - [Cluster 1 - CLIENT] - DEBUG - gRPC channel closed
2025-04-01 17:07:34 - [Cluster 1 - CLIENT] - DEBUG - gRPC channel closed
2025-04-01 17:07:34 - [Cluster 1 - CLIENT] - INFO - Disconnect and shut down
2025-04-01 17:07:34 - [Cluster 1 - CLIENT] - DEBUG - gRPC channel closed
2025-04-01 17:07:34 - [Cluster 1 - CLIENT] - INFO - Disconnect and shut down
2025-04-01 17:07:34 - [Cluster 1 - CLIENT] - INFO - Disconnect and shut down
2025-04-01 17:07:34 - [Cluster 1 - CLIENT] - INFO - Disconnect and shut down
2025-04-01 17:07:34 - [Cluster 1 - CLIENT] - INFO - Disconnect and shut down
2025-04-01 17:07:34 - [Cluster 1 - CLIENT] - INFO - Disconnect and shut down
2025-04-01 17:07:34 - [Cluster 1 - CLIENT] - INFO - Disconnect and shut down
2025-04-01 17:07:34 - [Cluster 1 - CLIENT] - INFO - Disconnect and shut down
2025-04-01 17:07:34 - [Cluster 1 - CLIENT] - INFO - Disconnect and shut down
2025-04-01 17:07:34 - [Cluster 1 - CLIENT] - INFO - Disconnect and shut down
2025-04-01 17:07:34 - [Cluster 1 - CLIENT] - DEBUG - gRPC channel closed
2025-04-01 17:07:34 - [Cluster 1 - CLIENT] - INFO - Disconnect and shut down
2025-04-01 17:07:34 - [Cluster 1 - CLIENT] - INFO - Disconnect and shut down
2025-04-01 17:07:34 - [Cluster 1 - CLIENT] - INFO - Disconnect and shut down
2025-04-01 17:07:34 - [Cluster 1 - CLIENT] - INFO - Disconnect and shut down
2025-04-01 17:07:34 - [Cluster 1 - CLIENT] - INFO - Disconnect and shut down
2025-04-01 17:07:34 - [Cluster 1 - CLIENT] - DEBUG - gRPC channel closed
2025-04-01 17:07:34 - [Cluster 1 - CLIENT] - INFO - Disconnect and shut down
2025-04-01 17:07:34 - [Cluster 1 - CLIENT] - INFO - Disconnect and shut down
2025-04-01 17:07:34 - [Cluster 1 - CLIENT] - INFO - Disconnect and shut down
2025-04-01 17:07:34 - [Cluster 1 - CLIENT] - INFO - Disconnect and shut down
2025-04-01 17:07:34 - [Cluster 1 - CLIENT] - INFO - Disconnect and shut down
2025-04-01 17:07:34 - [Cluster 1 - CLIENT] - INFO - Disconnect and shut down
2025-04-01 17:08:12 - [Cluster 1 - CLIENT] - INFO - Initialized client logging for cluster 1 -> ../logs/run_20250401_082127/clients_cluster_1.log
2025-04-01 17:08:12 - [Cluster 1 - CLIENT] - INFO - Loading pickle data for store 157, cluster 1...
2025-04-01 17:08:13 - [Cluster 1 - CLIENT] - INFO - x_train shape: (723, 7, 27), y_train shape: (723, 1)
2025-04-01 17:08:13 - [Cluster 1 - CLIENT] - INFO - x_val shape: (176, 7, 27), y_val shape: (176, 1)
2025-04-01 17:08:13 - [Cluster 1 - CLIENT] - INFO - [Store 157, Cluster 1] Connecting to 127.0.0.1:8081 ...
2025-04-01 17:08:13 - [Cluster 1 - CLIENT] - DEBUG - Opened insecure gRPC connection (no certificates were passed)
2025-04-01 17:08:13 - [Cluster 1 - CLIENT] - DEBUG - ChannelConnectivity.IDLE
2025-04-01 17:08:13 - [Cluster 1 - CLIENT] - DEBUG - ChannelConnectivity.CONNECTING
2025-04-01 17:08:13 - [Cluster 1 - CLIENT] - DEBUG - ChannelConnectivity.TRANSIENT_FAILURE
2025-04-01 17:08:13 - [Cluster 1 - CLIENT] - DEBUG - gRPC channel closed
2025-04-01 17:08:18 - [Cluster 1 - CLIENT] - INFO - Initialized client logging for cluster 1 -> ../logs/run_20250401_082127/clients_cluster_1.log
2025-04-01 17:08:18 - [Cluster 1 - CLIENT] - INFO - Loading pickle data for store 544, cluster 1...
2025-04-01 17:08:18 - [Cluster 1 - CLIENT] - INFO - x_train shape: (723, 7, 27), y_train shape: (723, 1)
2025-04-01 17:08:18 - [Cluster 1 - CLIENT] - INFO - x_val shape: (176, 7, 27), y_val shape: (176, 1)
2025-04-01 17:08:18 - [Cluster 1 - CLIENT] - INFO - Initialized client logging for cluster 1 -> ../logs/run_20250401_082127/clients_cluster_1.log
2025-04-01 17:08:18 - [Cluster 1 - CLIENT] - INFO - Loading pickle data for store 1040, cluster 1...
2025-04-01 17:08:18 - [Cluster 1 - CLIENT] - INFO - [Store 544, Cluster 1] Connecting to 127.0.0.1:8081 ...
2025-04-01 17:08:18 - [Cluster 1 - CLIENT] - INFO - x_train shape: (723, 7, 27), y_train shape: (723, 1)
2025-04-01 17:08:18 - [Cluster 1 - CLIENT] - INFO - x_val shape: (176, 7, 27), y_val shape: (176, 1)
2025-04-01 17:08:18 - [Cluster 1 - CLIENT] - DEBUG - Opened insecure gRPC connection (no certificates were passed)
2025-04-01 17:08:18 - [Cluster 1 - CLIENT] - DEBUG - ChannelConnectivity.IDLE
2025-04-01 17:08:18 - [Cluster 1 - CLIENT] - DEBUG - ChannelConnectivity.CONNECTING
2025-04-01 17:08:18 - [Cluster 1 - CLIENT] - DEBUG - ChannelConnectivity.TRANSIENT_FAILURE
2025-04-01 17:08:18 - [Cluster 1 - CLIENT] - INFO - Initialized client logging for cluster 1 -> ../logs/run_20250401_082127/clients_cluster_1.log
2025-04-01 17:08:18 - [Cluster 1 - CLIENT] - INFO - Loading pickle data for store 1091, cluster 1...
2025-04-01 17:08:19 - [Cluster 1 - CLIENT] - INFO - x_train shape: (723, 7, 27), y_train shape: (723, 1)
2025-04-01 17:08:19 - [Cluster 1 - CLIENT] - INFO - x_val shape: (176, 7, 27), y_val shape: (176, 1)
2025-04-01 17:08:19 - [Cluster 1 - CLIENT] - DEBUG - gRPC channel closed
2025-04-01 17:08:19 - [Cluster 1 - CLIENT] - INFO - Initialized client logging for cluster 1 -> ../logs/run_20250401_082127/clients_cluster_1.log
2025-04-01 17:08:19 - [Cluster 1 - CLIENT] - INFO - Loading pickle data for store 662, cluster 1...
2025-04-01 17:08:19 - [Cluster 1 - CLIENT] - INFO - x_train shape: (723, 7, 27), y_train shape: (723, 1)
2025-04-01 17:08:19 - [Cluster 1 - CLIENT] - INFO - x_val shape: (176, 7, 27), y_val shape: (176, 1)
2025-04-01 17:08:19 - [Cluster 1 - CLIENT] - INFO - [Store 1040, Cluster 1] Connecting to 127.0.0.1:8081 ...
2025-04-01 17:08:19 - [Cluster 1 - CLIENT] - DEBUG - Opened insecure gRPC connection (no certificates were passed)
2025-04-01 17:08:19 - [Cluster 1 - CLIENT] - DEBUG - ChannelConnectivity.IDLE
2025-04-01 17:08:19 - [Cluster 1 - CLIENT] - DEBUG - ChannelConnectivity.CONNECTING
2025-04-01 17:08:19 - [Cluster 1 - CLIENT] - DEBUG - gRPC channel closed
2025-04-01 17:08:19 - [Cluster 1 - CLIENT] - INFO - [Store 1091, Cluster 1] Connecting to 127.0.0.1:8081 ...
2025-04-01 17:08:20 - [Cluster 1 - CLIENT] - DEBUG - Opened insecure gRPC connection (no certificates were passed)
2025-04-01 17:08:20 - [Cluster 1 - CLIENT] - DEBUG - ChannelConnectivity.IDLE
2025-04-01 17:08:20 - [Cluster 1 - CLIENT] - DEBUG - ChannelConnectivity.CONNECTING
2025-04-01 17:08:20 - [Cluster 1 - CLIENT] - DEBUG - ChannelConnectivity.TRANSIENT_FAILURE
2025-04-01 17:08:20 - [Cluster 1 - CLIENT] - DEBUG - gRPC channel closed
2025-04-01 17:08:20 - [Cluster 1 - CLIENT] - INFO - [Store 662, Cluster 1] Connecting to 127.0.0.1:8081 ...
2025-04-01 17:08:20 - [Cluster 1 - CLIENT] - DEBUG - Opened insecure gRPC connection (no certificates were passed)
2025-04-01 17:08:20 - [Cluster 1 - CLIENT] - DEBUG - ChannelConnectivity.IDLE
2025-04-01 17:08:20 - [Cluster 1 - CLIENT] - DEBUG - ChannelConnectivity.CONNECTING
2025-04-01 17:08:20 - [Cluster 1 - CLIENT] - DEBUG - ChannelConnectivity.TRANSIENT_FAILURE
2025-04-01 17:08:20 - [Cluster 1 - CLIENT] - DEBUG - gRPC channel closed
2025-04-01 17:08:21 - [Cluster 1 - CLIENT] - INFO - Initialized client logging for cluster 1 -> ../logs/run_20250401_082127/clients_cluster_1.log
2025-04-01 17:08:21 - [Cluster 1 - CLIENT] - INFO - Loading pickle data for store 853, cluster 1...
2025-04-01 17:08:21 - [Cluster 1 - CLIENT] - INFO - x_train shape: (723, 7, 27), y_train shape: (723, 1)
2025-04-01 17:08:21 - [Cluster 1 - CLIENT] - INFO - x_val shape: (176, 7, 27), y_val shape: (176, 1)
2025-04-01 17:08:21 - [Cluster 1 - CLIENT] - INFO - Initialized client logging for cluster 1 -> ../logs/run_20250401_082127/clients_cluster_1.log
2025-04-01 17:08:21 - [Cluster 1 - CLIENT] - INFO - Loading pickle data for store 729, cluster 1...
2025-04-01 17:08:21 - [Cluster 1 - CLIENT] - INFO - x_train shape: (723, 7, 27), y_train shape: (723, 1)
2025-04-01 17:08:21 - [Cluster 1 - CLIENT] - INFO - x_val shape: (176, 7, 27), y_val shape: (176, 1)
2025-04-01 17:08:21 - [Cluster 1 - CLIENT] - INFO - Initialized client logging for cluster 1 -> ../logs/run_20250401_082127/clients_cluster_1.log
2025-04-01 17:08:21 - [Cluster 1 - CLIENT] - INFO - Loading pickle data for store 252, cluster 1...
2025-04-01 17:08:21 - [Cluster 1 - CLIENT] - INFO - x_train shape: (723, 7, 27), y_train shape: (723, 1)
2025-04-01 17:08:21 - [Cluster 1 - CLIENT] - INFO - x_val shape: (176, 7, 27), y_val shape: (176, 1)
2025-04-01 17:08:21 - [Cluster 1 - CLIENT] - INFO - Initialized client logging for cluster 1 -> ../logs/run_20250401_082127/clients_cluster_1.log
2025-04-01 17:08:21 - [Cluster 1 - CLIENT] - INFO - Loading pickle data for store 938, cluster 1...
2025-04-01 17:08:21 - [Cluster 1 - CLIENT] - INFO - x_train shape: (723, 7, 27), y_train shape: (723, 1)
2025-04-01 17:08:21 - [Cluster 1 - CLIENT] - INFO - x_val shape: (176, 7, 27), y_val shape: (176, 1)
2025-04-01 17:08:22 - [Cluster 1 - CLIENT] - INFO - Initialized client logging for cluster 1 -> ../logs/run_20250401_082127/clients_cluster_1.log
2025-04-01 17:08:22 - [Cluster 1 - CLIENT] - INFO - Loading pickle data for store 189, cluster 1...
2025-04-01 17:08:22 - [Cluster 1 - CLIENT] - INFO - x_train shape: (723, 7, 27), y_train shape: (723, 1)
2025-04-01 17:08:22 - [Cluster 1 - CLIENT] - INFO - x_val shape: (176, 7, 27), y_val shape: (176, 1)
2025-04-01 17:08:22 - [Cluster 1 - CLIENT] - INFO - Initialized client logging for cluster 1 -> ../logs/run_20250401_082127/clients_cluster_1.log
2025-04-01 17:08:22 - [Cluster 1 - CLIENT] - INFO - Loading pickle data for store 482, cluster 1...
2025-04-01 17:08:22 - [Cluster 1 - CLIENT] - INFO - Initialized client logging for cluster 1 -> ../logs/run_20250401_082127/clients_cluster_1.log
2025-04-01 17:08:22 - [Cluster 1 - CLIENT] - INFO - Loading pickle data for store 493, cluster 1...
2025-04-01 17:08:22 - [Cluster 1 - CLIENT] - INFO - Initialized client logging for cluster 1 -> ../logs/run_20250401_082127/clients_cluster_1.log
2025-04-01 17:08:22 - [Cluster 1 - CLIENT] - INFO - Loading pickle data for store 733, cluster 1...
2025-04-01 17:08:22 - [Cluster 1 - CLIENT] - INFO - x_train shape: (723, 7, 27), y_train shape: (723, 1)
2025-04-01 17:08:22 - [Cluster 1 - CLIENT] - INFO - x_val shape: (176, 7, 27), y_val shape: (176, 1)
2025-04-01 17:08:22 - [Cluster 1 - CLIENT] - INFO - x_train shape: (723, 7, 27), y_train shape: (723, 1)
2025-04-01 17:08:22 - [Cluster 1 - CLIENT] - INFO - x_val shape: (176, 7, 27), y_val shape: (176, 1)
2025-04-01 17:08:22 - [Cluster 1 - CLIENT] - INFO - x_train shape: (723, 7, 27), y_train shape: (723, 1)
2025-04-01 17:08:22 - [Cluster 1 - CLIENT] - INFO - x_val shape: (176, 7, 27), y_val shape: (176, 1)
2025-04-01 17:08:22 - [Cluster 1 - CLIENT] - INFO - Initialized client logging for cluster 1 -> ../logs/run_20250401_082127/clients_cluster_1.log
2025-04-01 17:08:22 - [Cluster 1 - CLIENT] - INFO - Loading pickle data for store 234, cluster 1...
2025-04-01 17:08:22 - [Cluster 1 - CLIENT] - INFO - x_train shape: (723, 7, 27), y_train shape: (723, 1)
2025-04-01 17:08:22 - [Cluster 1 - CLIENT] - INFO - x_val shape: (176, 7, 27), y_val shape: (176, 1)
2025-04-01 17:08:22 - [Cluster 1 - CLIENT] - INFO - Initialized client logging for cluster 1 -> ../logs/run_20250401_082127/clients_cluster_1.log
2025-04-01 17:08:22 - [Cluster 1 - CLIENT] - INFO - Loading pickle data for store 761, cluster 1...
2025-04-01 17:08:22 - [Cluster 1 - CLIENT] - INFO - x_train shape: (723, 7, 27), y_train shape: (723, 1)
2025-04-01 17:08:22 - [Cluster 1 - CLIENT] - INFO - x_val shape: (176, 7, 27), y_val shape: (176, 1)
2025-04-01 17:08:22 - [Cluster 1 - CLIENT] - INFO - Initialized client logging for cluster 1 -> ../logs/run_20250401_082127/clients_cluster_1.log
2025-04-01 17:08:22 - [Cluster 1 - CLIENT] - INFO - Loading pickle data for store 579, cluster 1...
2025-04-01 17:08:22 - [Cluster 1 - CLIENT] - INFO - Initialized client logging for cluster 1 -> ../logs/run_20250401_082127/clients_cluster_1.log
2025-04-01 17:08:22 - [Cluster 1 - CLIENT] - INFO - Loading pickle data for store 608, cluster 1...
2025-04-01 17:08:22 - [Cluster 1 - CLIENT] - INFO - Initialized client logging for cluster 1 -> ../logs/run_20250401_082127/clients_cluster_1.log
2025-04-01 17:08:22 - [Cluster 1 - CLIENT] - INFO - Loading pickle data for store 560, cluster 1...
2025-04-01 17:08:22 - [Cluster 1 - CLIENT] - INFO - x_train shape: (723, 7, 27), y_train shape: (723, 1)
2025-04-01 17:08:22 - [Cluster 1 - CLIENT] - INFO - x_val shape: (176, 7, 27), y_val shape: (176, 1)
2025-04-01 17:08:22 - [Cluster 1 - CLIENT] - INFO - x_train shape: (723, 7, 27), y_train shape: (723, 1)
2025-04-01 17:08:22 - [Cluster 1 - CLIENT] - INFO - x_val shape: (176, 7, 27), y_val shape: (176, 1)
2025-04-01 17:08:22 - [Cluster 1 - CLIENT] - INFO - Initialized client logging for cluster 1 -> ../logs/run_20250401_082127/clients_cluster_1.log
2025-04-01 17:08:22 - [Cluster 1 - CLIENT] - INFO - Loading pickle data for store 269, cluster 1...
2025-04-01 17:08:22 - [Cluster 1 - CLIENT] - INFO - x_train shape: (723, 7, 27), y_train shape: (723, 1)
2025-04-01 17:08:22 - [Cluster 1 - CLIENT] - INFO - x_val shape: (176, 7, 27), y_val shape: (176, 1)
2025-04-01 17:08:22 - [Cluster 1 - CLIENT] - INFO - Initialized client logging for cluster 1 -> ../logs/run_20250401_082127/clients_cluster_1.log
2025-04-01 17:08:22 - [Cluster 1 - CLIENT] - INFO - Loading pickle data for store 682, cluster 1...
2025-04-01 17:08:22 - [Cluster 1 - CLIENT] - INFO - Initialized client logging for cluster 1 -> ../logs/run_20250401_082127/clients_cluster_1.log
2025-04-01 17:08:22 - [Cluster 1 - CLIENT] - INFO - Loading pickle data for store 687, cluster 1...
2025-04-01 17:08:22 - [Cluster 1 - CLIENT] - INFO - Initialized client logging for cluster 1 -> ../logs/run_20250401_082127/clients_cluster_1.log
2025-04-01 17:08:22 - [Cluster 1 - CLIENT] - INFO - Loading pickle data for store 104, cluster 1...
2025-04-01 17:08:22 - [Cluster 1 - CLIENT] - INFO - x_train shape: (723, 7, 27), y_train shape: (723, 1)
2025-04-01 17:08:22 - [Cluster 1 - CLIENT] - INFO - x_val shape: (176, 7, 27), y_val shape: (176, 1)
2025-04-01 17:08:22 - [Cluster 1 - CLIENT] - INFO - x_train shape: (723, 7, 27), y_train shape: (723, 1)
2025-04-01 17:08:22 - [Cluster 1 - CLIENT] - INFO - x_val shape: (176, 7, 27), y_val shape: (176, 1)
2025-04-01 17:08:22 - [Cluster 1 - CLIENT] - INFO - x_train shape: (723, 7, 27), y_train shape: (723, 1)
2025-04-01 17:08:22 - [Cluster 1 - CLIENT] - INFO - x_val shape: (176, 7, 27), y_val shape: (176, 1)
2025-04-01 17:08:22 - [Cluster 1 - CLIENT] - INFO - x_train shape: (723, 7, 27), y_train shape: (723, 1)
2025-04-01 17:08:22 - [Cluster 1 - CLIENT] - INFO - x_val shape: (176, 7, 27), y_val shape: (176, 1)
2025-04-01 17:08:22 - [Cluster 1 - CLIENT] - INFO - [Store 853, Cluster 1] Connecting to 127.0.0.1:8081 ...
2025-04-01 17:08:22 - [Cluster 1 - CLIENT] - INFO - Initialized client logging for cluster 1 -> ../logs/run_20250401_082127/clients_cluster_1.log
2025-04-01 17:08:22 - [Cluster 1 - CLIENT] - INFO - Loading pickle data for store 148, cluster 1...
2025-04-01 17:08:22 - [Cluster 1 - CLIENT] - DEBUG - Opened insecure gRPC connection (no certificates were passed)
2025-04-01 17:08:22 - [Cluster 1 - CLIENT] - INFO - x_train shape: (723, 7, 27), y_train shape: (723, 1)
2025-04-01 17:08:22 - [Cluster 1 - CLIENT] - INFO - x_val shape: (176, 7, 27), y_val shape: (176, 1)
2025-04-01 17:08:22 - [Cluster 1 - CLIENT] - DEBUG - ChannelConnectivity.IDLE
2025-04-01 17:08:22 - [Cluster 1 - CLIENT] - DEBUG - ChannelConnectivity.TRANSIENT_FAILURE
2025-04-01 17:08:22 - [Cluster 1 - CLIENT] - INFO - Initialized client logging for cluster 1 -> ../logs/run_20250401_082127/clients_cluster_1.log
2025-04-01 17:08:22 - [Cluster 1 - CLIENT] - INFO - Loading pickle data for store 106, cluster 1...
2025-04-01 17:08:22 - [Cluster 1 - CLIENT] - DEBUG - gRPC channel closed
2025-04-01 17:08:22 - [Cluster 1 - CLIENT] - INFO - Initialized client logging for cluster 1 -> ../logs/run_20250401_082127/clients_cluster_1.log
2025-04-01 17:08:22 - [Cluster 1 - CLIENT] - INFO - Loading pickle data for store 753, cluster 1...
2025-04-01 17:08:22 - [Cluster 1 - CLIENT] - INFO - Initialized client logging for cluster 1 -> ../logs/run_20250401_082127/clients_cluster_1.log
2025-04-01 17:08:22 - [Cluster 1 - CLIENT] - INFO - Loading pickle data for store 754, cluster 1...
2025-04-01 17:08:22 - [Cluster 1 - CLIENT] - INFO - x_train shape: (723, 7, 27), y_train shape: (723, 1)
2025-04-01 17:08:22 - [Cluster 1 - CLIENT] - INFO - x_val shape: (176, 7, 27), y_val shape: (176, 1)
2025-04-01 17:08:23 - [Cluster 1 - CLIENT] - INFO - x_train shape: (723, 7, 27), y_train shape: (723, 1)
2025-04-01 17:08:23 - [Cluster 1 - CLIENT] - INFO - x_val shape: (176, 7, 27), y_val shape: (176, 1)
2025-04-01 17:08:23 - [Cluster 1 - CLIENT] - INFO - Initialized client logging for cluster 1 -> ../logs/run_20250401_082127/clients_cluster_1.log
2025-04-01 17:08:23 - [Cluster 1 - CLIENT] - INFO - Loading pickle data for store 158, cluster 1...
2025-04-01 17:08:23 - [Cluster 1 - CLIENT] - INFO - x_train shape: (723, 7, 27), y_train shape: (723, 1)
2025-04-01 17:08:23 - [Cluster 1 - CLIENT] - INFO - x_val shape: (176, 7, 27), y_val shape: (176, 1)
2025-04-01 17:08:23 - [Cluster 1 - CLIENT] - INFO - x_train shape: (723, 7, 27), y_train shape: (723, 1)
2025-04-01 17:08:23 - [Cluster 1 - CLIENT] - INFO - x_val shape: (176, 7, 27), y_val shape: (176, 1)
2025-04-01 17:08:23 - [Cluster 1 - CLIENT] - INFO - Initialized client logging for cluster 1 -> ../logs/run_20250401_082127/clients_cluster_1.log
2025-04-01 17:08:23 - [Cluster 1 - CLIENT] - INFO - Loading pickle data for store 846, cluster 1...
2025-04-01 17:08:23 - [Cluster 1 - CLIENT] - INFO - x_train shape: (723, 7, 27), y_train shape: (723, 1)
2025-04-01 17:08:23 - [Cluster 1 - CLIENT] - INFO - x_val shape: (176, 7, 27), y_val shape: (176, 1)
2025-04-01 17:08:23 - [Cluster 1 - CLIENT] - INFO - Initialized client logging for cluster 1 -> ../logs/run_20250401_082127/clients_cluster_1.log
2025-04-01 17:08:23 - [Cluster 1 - CLIENT] - INFO - Loading pickle data for store 251, cluster 1...
2025-04-01 17:08:23 - [Cluster 1 - CLIENT] - INFO - [Store 729, Cluster 1] Connecting to 127.0.0.1:8081 ...
2025-04-01 17:08:23 - [Cluster 1 - CLIENT] - INFO - x_train shape: (723, 7, 27), y_train shape: (723, 1)
2025-04-01 17:08:23 - [Cluster 1 - CLIENT] - INFO - x_val shape: (176, 7, 27), y_val shape: (176, 1)
2025-04-01 17:08:23 - [Cluster 1 - CLIENT] - DEBUG - Opened insecure gRPC connection (no certificates were passed)
2025-04-01 17:08:23 - [Cluster 1 - CLIENT] - DEBUG - ChannelConnectivity.IDLE
2025-04-01 17:08:23 - [Cluster 1 - CLIENT] - DEBUG - ChannelConnectivity.TRANSIENT_FAILURE
2025-04-01 17:08:23 - [Cluster 1 - CLIENT] - INFO - [Store 189, Cluster 1] Connecting to 127.0.0.1:8081 ...
2025-04-01 17:08:23 - [Cluster 1 - CLIENT] - INFO - Initialized client logging for cluster 1 -> ../logs/run_20250401_082127/clients_cluster_1.log
2025-04-01 17:08:23 - [Cluster 1 - CLIENT] - INFO - Loading pickle data for store 544, cluster 1...
2025-04-01 17:08:23 - [Cluster 1 - CLIENT] - INFO - [Store 252, Cluster 1] Connecting to 127.0.0.1:8081 ...
2025-04-01 17:08:23 - [Cluster 1 - CLIENT] - INFO - [Store 938, Cluster 1] Connecting to 127.0.0.1:8081 ...
2025-04-01 17:08:23 - [Cluster 1 - CLIENT] - DEBUG - Opened insecure gRPC connection (no certificates were passed)
2025-04-01 17:08:23 - [Cluster 1 - CLIENT] - DEBUG - Opened insecure gRPC connection (no certificates were passed)
2025-04-01 17:08:23 - [Cluster 1 - CLIENT] - DEBUG - ChannelConnectivity.IDLE
2025-04-01 17:08:23 - [Cluster 1 - CLIENT] - DEBUG - ChannelConnectivity.IDLE
2025-04-01 17:08:23 - [Cluster 1 - CLIENT] - DEBUG - ChannelConnectivity.TRANSIENT_FAILURE
2025-04-01 17:08:23 - [Cluster 1 - CLIENT] - DEBUG - gRPC channel closed
2025-04-01 17:08:23 - [Cluster 1 - CLIENT] - INFO - [Store 493, Cluster 1] Connecting to 127.0.0.1:8081 ...
2025-04-01 17:08:23 - [Cluster 1 - CLIENT] - DEBUG - gRPC channel closed
2025-04-01 17:08:23 - [Cluster 1 - CLIENT] - DEBUG - Opened insecure gRPC connection (no certificates were passed)
2025-04-01 17:08:23 - [Cluster 1 - CLIENT] - DEBUG - ChannelConnectivity.IDLE
2025-04-01 17:08:23 - [Cluster 1 - CLIENT] - DEBUG - Opened insecure gRPC connection (no certificates were passed)
2025-04-01 17:08:23 - [Cluster 1 - CLIENT] - DEBUG - ChannelConnectivity.TRANSIENT_FAILURE
2025-04-01 17:08:23 - [Cluster 1 - CLIENT] - DEBUG - ChannelConnectivity.IDLE
2025-04-01 17:08:23 - [Cluster 1 - CLIENT] - DEBUG - ChannelConnectivity.TRANSIENT_FAILURE
2025-04-01 17:08:23 - [Cluster 1 - CLIENT] - INFO - [Store 234, Cluster 1] Connecting to 127.0.0.1:8081 ...
2025-04-01 17:08:23 - [Cluster 1 - CLIENT] - INFO - [Store 482, Cluster 1] Connecting to 127.0.0.1:8081 ...
2025-04-01 17:08:23 - [Cluster 1 - CLIENT] - INFO - x_train shape: (723, 7, 27), y_train shape: (723, 1)
2025-04-01 17:08:23 - [Cluster 1 - CLIENT] - INFO - x_val shape: (176, 7, 27), y_val shape: (176, 1)
2025-04-01 17:08:23 - [Cluster 1 - CLIENT] - DEBUG - gRPC channel closed
2025-04-01 17:08:23 - [Cluster 1 - CLIENT] - DEBUG - Opened insecure gRPC connection (no certificates were passed)
2025-04-01 17:08:23 - [Cluster 1 - CLIENT] - DEBUG - ChannelConnectivity.IDLE
2025-04-01 17:08:23 - [Cluster 1 - CLIENT] - DEBUG - ChannelConnectivity.TRANSIENT_FAILURE
2025-04-01 17:08:23 - [Cluster 1 - CLIENT] - DEBUG - gRPC channel closed
2025-04-01 17:08:23 - [Cluster 1 - CLIENT] - DEBUG - gRPC channel closed
2025-04-01 17:08:23 - [Cluster 1 - CLIENT] - DEBUG - Opened insecure gRPC connection (no certificates were passed)
2025-04-01 17:08:23 - [Cluster 1 - CLIENT] - DEBUG - ChannelConnectivity.IDLE
2025-04-01 17:08:23 - [Cluster 1 - CLIENT] - DEBUG - gRPC channel closed
2025-04-01 17:08:23 - [Cluster 1 - CLIENT] - INFO - [Store 608, Cluster 1] Connecting to 127.0.0.1:8081 ...
2025-04-01 17:08:24 - [Cluster 1 - CLIENT] - DEBUG - Opened insecure gRPC connection (no certificates were passed)
2025-04-01 17:08:24 - [Cluster 1 - CLIENT] - DEBUG - ChannelConnectivity.IDLE
2025-04-01 17:08:24 - [Cluster 1 - CLIENT] - DEBUG - gRPC channel closed
2025-04-01 17:08:24 - [Cluster 1 - CLIENT] - INFO - [Store 761, Cluster 1] Connecting to 127.0.0.1:8081 ...
2025-04-01 17:08:24 - [Cluster 1 - CLIENT] - DEBUG - Opened insecure gRPC connection (no certificates were passed)
2025-04-01 17:08:24 - [Cluster 1 - CLIENT] - DEBUG - ChannelConnectivity.IDLE
2025-04-01 17:08:24 - [Cluster 1 - CLIENT] - DEBUG - ChannelConnectivity.TRANSIENT_FAILURE
2025-04-01 17:08:24 - [Cluster 1 - CLIENT] - DEBUG - gRPC channel closed
2025-04-01 17:08:24 - [Cluster 1 - CLIENT] - INFO - [Store 269, Cluster 1] Connecting to 127.0.0.1:8081 ...
2025-04-01 17:08:24 - [Cluster 1 - CLIENT] - DEBUG - Opened insecure gRPC connection (no certificates were passed)
2025-04-01 17:08:24 - [Cluster 1 - CLIENT] - DEBUG - ChannelConnectivity.IDLE
2025-04-01 17:08:24 - [Cluster 1 - CLIENT] - DEBUG - ChannelConnectivity.TRANSIENT_FAILURE
2025-04-01 17:08:24 - [Cluster 1 - CLIENT] - INFO - [Store 104, Cluster 1] Connecting to 127.0.0.1:8081 ...
2025-04-01 17:08:24 - [Cluster 1 - CLIENT] - INFO - [Store 560, Cluster 1] Connecting to 127.0.0.1:8081 ...
2025-04-01 17:08:24 - [Cluster 1 - CLIENT] - DEBUG - Opened insecure gRPC connection (no certificates were passed)
2025-04-01 17:08:24 - [Cluster 1 - CLIENT] - INFO - [Store 733, Cluster 1] Connecting to 127.0.0.1:8081 ...
2025-04-01 17:08:24 - [Cluster 1 - CLIENT] - DEBUG - Opened insecure gRPC connection (no certificates were passed)
2025-04-01 17:08:24 - [Cluster 1 - CLIENT] - DEBUG - ChannelConnectivity.IDLE
2025-04-01 17:08:24 - [Cluster 1 - CLIENT] - DEBUG - ChannelConnectivity.TRANSIENT_FAILURE
2025-04-01 17:08:24 - [Cluster 1 - CLIENT] - DEBUG - Opened insecure gRPC connection (no certificates were passed)
2025-04-01 17:08:24 - [Cluster 1 - CLIENT] - DEBUG - ChannelConnectivity.IDLE
2025-04-01 17:08:24 - [Cluster 1 - CLIENT] - DEBUG - ChannelConnectivity.IDLE
2025-04-01 17:08:24 - [Cluster 1 - CLIENT] - DEBUG - ChannelConnectivity.TRANSIENT_FAILURE
2025-04-01 17:08:24 - [Cluster 1 - CLIENT] - DEBUG - ChannelConnectivity.TRANSIENT_FAILURE
2025-04-01 17:08:24 - [Cluster 1 - CLIENT] - INFO - [Store 579, Cluster 1] Connecting to 127.0.0.1:8081 ...
2025-04-01 17:08:24 - [Cluster 1 - CLIENT] - DEBUG - Opened insecure gRPC connection (no certificates were passed)
2025-04-01 17:08:24 - [Cluster 1 - CLIENT] - DEBUG - ChannelConnectivity.IDLE
2025-04-01 17:08:24 - [Cluster 1 - CLIENT] - DEBUG - ChannelConnectivity.CONNECTING
2025-04-01 17:08:24 - [Cluster 1 - CLIENT] - DEBUG - ChannelConnectivity.TRANSIENT_FAILURE
2025-04-01 17:08:24 - [Cluster 1 - CLIENT] - INFO - [Store 687, Cluster 1] Connecting to 127.0.0.1:8081 ...
2025-04-01 17:08:24 - [Cluster 1 - CLIENT] - DEBUG - gRPC channel closed
2025-04-01 17:08:24 - [Cluster 1 - CLIENT] - INFO - [Store 682, Cluster 1] Connecting to 127.0.0.1:8081 ...
2025-04-01 17:08:24 - [Cluster 1 - CLIENT] - DEBUG - Opened insecure gRPC connection (no certificates were passed)
2025-04-01 17:08:24 - [Cluster 1 - CLIENT] - DEBUG - ChannelConnectivity.IDLE
2025-04-01 17:08:24 - [Cluster 1 - CLIENT] - DEBUG - ChannelConnectivity.CONNECTING
2025-04-01 17:08:24 - [Cluster 1 - CLIENT] - DEBUG - gRPC channel closed
2025-04-01 17:08:24 - [Cluster 1 - CLIENT] - DEBUG - gRPC channel closed
2025-04-01 17:08:24 - [Cluster 1 - CLIENT] - DEBUG - Opened insecure gRPC connection (no certificates were passed)
2025-04-01 17:08:24 - [Cluster 1 - CLIENT] - DEBUG - ChannelConnectivity.IDLE
2025-04-01 17:08:24 - [Cluster 1 - CLIENT] - DEBUG - ChannelConnectivity.CONNECTING
2025-04-01 17:08:24 - [Cluster 1 - CLIENT] - DEBUG - ChannelConnectivity.TRANSIENT_FAILURE
2025-04-01 17:08:24 - [Cluster 1 - CLIENT] - DEBUG - gRPC channel closed
2025-04-01 17:08:24 - [Cluster 1 - CLIENT] - DEBUG - gRPC channel closed
2025-04-01 17:08:24 - [Cluster 1 - CLIENT] - DEBUG - gRPC channel closed
2025-04-01 17:08:24 - [Cluster 1 - CLIENT] - INFO - [Store 148, Cluster 1] Connecting to 127.0.0.1:8081 ...
2025-04-01 17:08:24 - [Cluster 1 - CLIENT] - DEBUG - gRPC channel closed
2025-04-01 17:08:24 - [Cluster 1 - CLIENT] - INFO - [Store 753, Cluster 1] Connecting to 127.0.0.1:8081 ...
2025-04-01 17:08:24 - [Cluster 1 - CLIENT] - DEBUG - Opened insecure gRPC connection (no certificates were passed)
2025-04-01 17:08:24 - [Cluster 1 - CLIENT] - DEBUG - ChannelConnectivity.IDLE
2025-04-01 17:08:24 - [Cluster 1 - CLIENT] - DEBUG - ChannelConnectivity.TRANSIENT_FAILURE
2025-04-01 17:08:24 - [Cluster 1 - CLIENT] - INFO - [Store 106, Cluster 1] Connecting to 127.0.0.1:8081 ...
2025-04-01 17:08:24 - [Cluster 1 - CLIENT] - INFO - [Store 754, Cluster 1] Connecting to 127.0.0.1:8081 ...
2025-04-01 17:08:24 - [Cluster 1 - CLIENT] - DEBUG - Opened insecure gRPC connection (no certificates were passed)
2025-04-01 17:08:24 - [Cluster 1 - CLIENT] - DEBUG - ChannelConnectivity.IDLE
2025-04-01 17:08:24 - [Cluster 1 - CLIENT] - DEBUG - ChannelConnectivity.TRANSIENT_FAILURE
2025-04-01 17:08:24 - [Cluster 1 - CLIENT] - DEBUG - gRPC channel closed
2025-04-01 17:08:24 - [Cluster 1 - CLIENT] - DEBUG - gRPC channel closed
2025-04-01 17:08:24 - [Cluster 1 - CLIENT] - DEBUG - Opened insecure gRPC connection (no certificates were passed)
2025-04-01 17:08:24 - [Cluster 1 - CLIENT] - DEBUG - ChannelConnectivity.IDLE
2025-04-01 17:08:24 - [Cluster 1 - CLIENT] - DEBUG - ChannelConnectivity.TRANSIENT_FAILURE
2025-04-01 17:08:24 - [Cluster 1 - CLIENT] - DEBUG - Opened insecure gRPC connection (no certificates were passed)
2025-04-01 17:08:24 - [Cluster 1 - CLIENT] - DEBUG - ChannelConnectivity.IDLE
2025-04-01 17:08:24 - [Cluster 1 - CLIENT] - DEBUG - ChannelConnectivity.TRANSIENT_FAILURE
2025-04-01 17:08:24 - [Cluster 1 - CLIENT] - INFO - [Store 158, Cluster 1] Connecting to 127.0.0.1:8081 ...
2025-04-01 17:08:24 - [Cluster 1 - CLIENT] - INFO - [Store 251, Cluster 1] Connecting to 127.0.0.1:8081 ...
2025-04-01 17:08:24 - [Cluster 1 - CLIENT] - DEBUG - gRPC channel closed
2025-04-01 17:08:24 - [Cluster 1 - CLIENT] - INFO - [Store 846, Cluster 1] Connecting to 127.0.0.1:8081 ...
2025-04-01 17:08:24 - [Cluster 1 - CLIENT] - DEBUG - Opened insecure gRPC connection (no certificates were passed)
2025-04-01 17:08:24 - [Cluster 1 - CLIENT] - DEBUG - ChannelConnectivity.IDLE
2025-04-01 17:08:24 - [Cluster 1 - CLIENT] - DEBUG - ChannelConnectivity.TRANSIENT_FAILURE
2025-04-01 17:08:24 - [Cluster 1 - CLIENT] - DEBUG - Opened insecure gRPC connection (no certificates were passed)
2025-04-01 17:08:24 - [Cluster 1 - CLIENT] - DEBUG - ChannelConnectivity.IDLE
2025-04-01 17:08:24 - [Cluster 1 - CLIENT] - DEBUG - ChannelConnectivity.TRANSIENT_FAILURE
2025-04-01 17:08:24 - [Cluster 1 - CLIENT] - DEBUG - gRPC channel closed
2025-04-01 17:08:24 - [Cluster 1 - CLIENT] - DEBUG - gRPC channel closed
2025-04-01 17:08:24 - [Cluster 1 - CLIENT] - DEBUG - Opened insecure gRPC connection (no certificates were passed)
2025-04-01 17:08:24 - [Cluster 1 - CLIENT] - DEBUG - ChannelConnectivity.IDLE
2025-04-01 17:08:24 - [Cluster 1 - CLIENT] - DEBUG - ChannelConnectivity.TRANSIENT_FAILURE
2025-04-01 17:08:24 - [Cluster 1 - CLIENT] - DEBUG - gRPC channel closed
2025-04-01 17:08:25 - [Cluster 1 - CLIENT] - DEBUG - gRPC channel closed
2025-04-01 17:08:25 - [Cluster 1 - CLIENT] - DEBUG - gRPC channel closed
2025-04-01 17:08:25 - [Cluster 1 - CLIENT] - INFO - [Store 544, Cluster 1] Connecting to 127.0.0.1:8081 ...
2025-04-01 17:08:25 - [Cluster 1 - CLIENT] - DEBUG - Opened insecure gRPC connection (no certificates were passed)
2025-04-01 17:08:25 - [Cluster 1 - CLIENT] - DEBUG - ChannelConnectivity.IDLE
2025-04-01 17:08:25 - [Cluster 1 - CLIENT] - DEBUG - ChannelConnectivity.TRANSIENT_FAILURE
2025-04-01 17:08:25 - [Cluster 1 - CLIENT] - DEBUG - gRPC channel closed
2025-04-01 17:08:32 - [Cluster 1 - CLIENT] - INFO - Initialized client logging for cluster 1 -> ../logs/run_20250401_082127/clients_cluster_1.log
2025-04-01 17:08:32 - [Cluster 1 - CLIENT] - INFO - Loading pickle data for store 261, cluster 1...
2025-04-01 17:08:32 - [Cluster 1 - CLIENT] - INFO - x_train shape: (723, 7, 27), y_train shape: (723, 1)
2025-04-01 17:08:32 - [Cluster 1 - CLIENT] - INFO - x_val shape: (176, 7, 27), y_val shape: (176, 1)
2025-04-01 17:08:33 - [Cluster 1 - CLIENT] - INFO - [Store 261, Cluster 1] Connecting to 127.0.0.1:8081 ...
2025-04-01 17:08:33 - [Cluster 1 - CLIENT] - DEBUG - Opened insecure gRPC connection (no certificates were passed)
2025-04-01 17:08:33 - [Cluster 1 - CLIENT] - DEBUG - ChannelConnectivity.IDLE
2025-04-01 17:08:33 - [Cluster 1 - CLIENT] - DEBUG - ChannelConnectivity.CONNECTING
2025-04-01 17:08:33 - [Cluster 1 - CLIENT] - DEBUG - ChannelConnectivity.TRANSIENT_FAILURE
2025-04-01 17:08:33 - [Cluster 1 - CLIENT] - DEBUG - gRPC channel closed
2025-04-01 17:08:34 - [Cluster 1 - CLIENT] - INFO - Initialized client logging for cluster 1 -> ../logs/run_20250401_082127/clients_cluster_1.log
2025-04-01 17:08:34 - [Cluster 1 - CLIENT] - INFO - Loading pickle data for store 995, cluster 1...
2025-04-01 17:08:34 - [Cluster 1 - CLIENT] - INFO - x_train shape: (723, 7, 27), y_train shape: (723, 1)
2025-04-01 17:08:34 - [Cluster 1 - CLIENT] - INFO - x_val shape: (176, 7, 27), y_val shape: (176, 1)
2025-04-01 17:08:34 - [Cluster 1 - CLIENT] - INFO - Initialized client logging for cluster 1 -> ../logs/run_20250401_082127/clients_cluster_1.log
2025-04-01 17:08:34 - [Cluster 1 - CLIENT] - INFO - Loading pickle data for store 983, cluster 1...
2025-04-01 17:08:34 - [Cluster 1 - CLIENT] - INFO - x_train shape: (723, 7, 27), y_train shape: (723, 1)
2025-04-01 17:08:34 - [Cluster 1 - CLIENT] - INFO - x_val shape: (176, 7, 27), y_val shape: (176, 1)
2025-04-01 17:08:34 - [Cluster 1 - CLIENT] - INFO - [Store 995, Cluster 1] Connecting to 127.0.0.1:8081 ...
2025-04-01 17:08:35 - [Cluster 1 - CLIENT] - DEBUG - Opened insecure gRPC connection (no certificates were passed)
2025-04-01 17:08:35 - [Cluster 1 - CLIENT] - DEBUG - ChannelConnectivity.IDLE
2025-04-01 17:08:35 - [Cluster 1 - CLIENT] - DEBUG - ChannelConnectivity.TRANSIENT_FAILURE
2025-04-01 17:08:35 - [Cluster 1 - CLIENT] - INFO - [Store 983, Cluster 1] Connecting to 127.0.0.1:8081 ...
2025-04-01 17:08:35 - [Cluster 1 - CLIENT] - DEBUG - Opened insecure gRPC connection (no certificates were passed)
2025-04-01 17:08:35 - [Cluster 1 - CLIENT] - DEBUG - ChannelConnectivity.IDLE
2025-04-01 17:08:35 - [Cluster 1 - CLIENT] - DEBUG - ChannelConnectivity.TRANSIENT_FAILURE
2025-04-01 17:08:35 - [Cluster 1 - CLIENT] - DEBUG - gRPC channel closed
2025-04-01 17:08:35 - [Cluster 1 - CLIENT] - DEBUG - gRPC channel closed
2025-04-01 17:08:36 - [Cluster 1 - CLIENT] - INFO - Initialized client logging for cluster 1 -> ../logs/run_20250401_082127/clients_cluster_1.log
2025-04-01 17:08:36 - [Cluster 1 - CLIENT] - INFO - Loading pickle data for store 938, cluster 1...
2025-04-01 17:08:36 - [Cluster 1 - CLIENT] - INFO - x_train shape: (723, 7, 27), y_train shape: (723, 1)
2025-04-01 17:08:36 - [Cluster 1 - CLIENT] - INFO - x_val shape: (176, 7, 27), y_val shape: (176, 1)
2025-04-01 17:08:36 - [Cluster 1 - CLIENT] - INFO - Initialized client logging for cluster 1 -> ../logs/run_20250401_082127/clients_cluster_1.log
2025-04-01 17:08:36 - [Cluster 1 - CLIENT] - INFO - Loading pickle data for store 259, cluster 1...
2025-04-01 17:08:36 - [Cluster 1 - CLIENT] - INFO - x_train shape: (723, 7, 27), y_train shape: (723, 1)
2025-04-01 17:08:36 - [Cluster 1 - CLIENT] - INFO - x_val shape: (176, 7, 27), y_val shape: (176, 1)
2025-04-01 17:08:36 - [Cluster 1 - CLIENT] - INFO - [Store 259, Cluster 1] Connecting to 127.0.0.1:8081 ...
2025-04-01 17:08:36 - [Cluster 1 - CLIENT] - DEBUG - Opened insecure gRPC connection (no certificates were passed)
2025-04-01 17:08:36 - [Cluster 1 - CLIENT] - DEBUG - ChannelConnectivity.IDLE
2025-04-01 17:08:36 - [Cluster 1 - CLIENT] - DEBUG - ChannelConnectivity.TRANSIENT_FAILURE
2025-04-01 17:08:37 - [Cluster 1 - CLIENT] - INFO - [Store 938, Cluster 1] Connecting to 127.0.0.1:8081 ...
2025-04-01 17:08:37 - [Cluster 1 - CLIENT] - DEBUG - Opened insecure gRPC connection (no certificates were passed)
2025-04-01 17:08:37 - [Cluster 1 - CLIENT] - DEBUG - ChannelConnectivity.IDLE
2025-04-01 17:08:37 - [Cluster 1 - CLIENT] - DEBUG - ChannelConnectivity.TRANSIENT_FAILURE
2025-04-01 17:08:37 - [Cluster 1 - CLIENT] - DEBUG - gRPC channel closed
2025-04-01 17:08:37 - [Cluster 1 - CLIENT] - DEBUG - gRPC channel closed
2025-04-01 17:08:38 - [Cluster 1 - CLIENT] - INFO - Initialized client logging for cluster 1 -> ../logs/run_20250401_082127/clients_cluster_1.log
2025-04-01 17:08:38 - [Cluster 1 - CLIENT] - INFO - Loading pickle data for store 71, cluster 1...
2025-04-01 17:08:38 - [Cluster 1 - CLIENT] - INFO - x_train shape: (723, 7, 27), y_train shape: (723, 1)
2025-04-01 17:08:38 - [Cluster 1 - CLIENT] - INFO - x_val shape: (176, 7, 27), y_val shape: (176, 1)
2025-04-01 17:08:38 - [Cluster 1 - CLIENT] - INFO - Initialized client logging for cluster 1 -> ../logs/run_20250401_082127/clients_cluster_1.log
2025-04-01 17:08:38 - [Cluster 1 - CLIENT] - INFO - Loading pickle data for store 510, cluster 1...
2025-04-01 17:08:38 - [Cluster 1 - CLIENT] - INFO - x_train shape: (723, 7, 27), y_train shape: (723, 1)
2025-04-01 17:08:38 - [Cluster 1 - CLIENT] - INFO - x_val shape: (176, 7, 27), y_val shape: (176, 1)
2025-04-01 17:08:38 - [Cluster 1 - CLIENT] - INFO - Initialized client logging for cluster 1 -> ../logs/run_20250401_082127/clients_cluster_1.log
2025-04-01 17:08:38 - [Cluster 1 - CLIENT] - INFO - Loading pickle data for store 57, cluster 1...
2025-04-01 17:08:38 - [Cluster 1 - CLIENT] - INFO - Initialized client logging for cluster 1 -> ../logs/run_20250401_082127/clients_cluster_1.log
2025-04-01 17:08:38 - [Cluster 1 - CLIENT] - INFO - Loading pickle data for store 755, cluster 1...
2025-04-01 17:08:38 - [Cluster 1 - CLIENT] - INFO - x_train shape: (723, 7, 27), y_train shape: (723, 1)
2025-04-01 17:08:38 - [Cluster 1 - CLIENT] - INFO - x_val shape: (176, 7, 27), y_val shape: (176, 1)
2025-04-01 17:08:38 - [Cluster 1 - CLIENT] - INFO - Initialized client logging for cluster 1 -> ../logs/run_20250401_082127/clients_cluster_1.log
2025-04-01 17:08:38 - [Cluster 1 - CLIENT] - INFO - Loading pickle data for store 213, cluster 1...
2025-04-01 17:08:38 - [Cluster 1 - CLIENT] - INFO - x_train shape: (723, 7, 27), y_train shape: (723, 1)
2025-04-01 17:08:38 - [Cluster 1 - CLIENT] - INFO - x_val shape: (176, 7, 27), y_val shape: (176, 1)
2025-04-01 17:08:38 - [Cluster 1 - CLIENT] - INFO - Initialized client logging for cluster 1 -> ../logs/run_20250401_082127/clients_cluster_1.log
2025-04-01 17:08:38 - [Cluster 1 - CLIENT] - INFO - Loading pickle data for store 863, cluster 1...
2025-04-01 17:08:38 - [Cluster 1 - CLIENT] - INFO - x_train shape: (723, 7, 27), y_train shape: (723, 1)
2025-04-01 17:08:38 - [Cluster 1 - CLIENT] - INFO - x_val shape: (176, 7, 27), y_val shape: (176, 1)
2025-04-01 17:08:38 - [Cluster 1 - CLIENT] - INFO - x_train shape: (723, 7, 27), y_train shape: (723, 1)
2025-04-01 17:08:38 - [Cluster 1 - CLIENT] - INFO - x_val shape: (176, 7, 27), y_val shape: (176, 1)
2025-04-01 17:08:38 - [Cluster 1 - CLIENT] - INFO - Initialized client logging for cluster 1 -> ../logs/run_20250401_082127/clients_cluster_1.log
2025-04-01 17:08:38 - [Cluster 1 - CLIENT] - INFO - Loading pickle data for store 444, cluster 1...
2025-04-01 17:08:38 - [Cluster 1 - CLIENT] - INFO - Initialized client logging for cluster 1 -> ../logs/run_20250401_082127/clients_cluster_1.log
2025-04-01 17:08:38 - [Cluster 1 - CLIENT] - INFO - Loading pickle data for store 362, cluster 1...
2025-04-01 17:08:38 - [Cluster 1 - CLIENT] - INFO - x_train shape: (723, 7, 27), y_train shape: (723, 1)
2025-04-01 17:08:38 - [Cluster 1 - CLIENT] - INFO - x_val shape: (176, 7, 27), y_val shape: (176, 1)
2025-04-01 17:08:38 - [Cluster 1 - CLIENT] - INFO - x_train shape: (723, 7, 27), y_train shape: (723, 1)
2025-04-01 17:08:38 - [Cluster 1 - CLIENT] - INFO - x_val shape: (176, 7, 27), y_val shape: (176, 1)
2025-04-01 17:08:38 - [Cluster 1 - CLIENT] - INFO - Initialized client logging for cluster 1 -> ../logs/run_20250401_082127/clients_cluster_1.log
2025-04-01 17:08:38 - [Cluster 1 - CLIENT] - INFO - Loading pickle data for store 807, cluster 1...
2025-04-01 17:08:38 - [Cluster 1 - CLIENT] - INFO - x_train shape: (723, 7, 27), y_train shape: (723, 1)
2025-04-01 17:08:38 - [Cluster 1 - CLIENT] - INFO - x_val shape: (176, 7, 27), y_val shape: (176, 1)
2025-04-01 17:08:38 - [Cluster 1 - CLIENT] - INFO - Initialized client logging for cluster 1 -> ../logs/run_20250401_082127/clients_cluster_1.log
2025-04-01 17:08:38 - [Cluster 1 - CLIENT] - INFO - Loading pickle data for store 71, cluster 1...
2025-04-01 17:08:38 - [Cluster 1 - CLIENT] - INFO - x_train shape: (723, 7, 27), y_train shape: (723, 1)
2025-04-01 17:08:38 - [Cluster 1 - CLIENT] - INFO - x_val shape: (176, 7, 27), y_val shape: (176, 1)
2025-04-01 17:08:38 - [Cluster 1 - CLIENT] - INFO - Initialized client logging for cluster 1 -> ../logs/run_20250401_082127/clients_cluster_1.log
2025-04-01 17:08:38 - [Cluster 1 - CLIENT] - INFO - Loading pickle data for store 467, cluster 1...
2025-04-01 17:08:38 - [Cluster 1 - CLIENT] - INFO - x_train shape: (723, 7, 27), y_train shape: (723, 1)
2025-04-01 17:08:38 - [Cluster 1 - CLIENT] - INFO - x_val shape: (176, 7, 27), y_val shape: (176, 1)
2025-04-01 17:08:38 - [Cluster 1 - CLIENT] - INFO - Initialized client logging for cluster 1 -> ../logs/run_20250401_082127/clients_cluster_1.log
2025-04-01 17:08:38 - [Cluster 1 - CLIENT] - INFO - Initialized client logging for cluster 1 -> ../logs/run_20250401_082127/clients_cluster_1.log
2025-04-01 17:08:38 - [Cluster 1 - CLIENT] - INFO - Loading pickle data for store 178, cluster 1...
2025-04-01 17:08:38 - [Cluster 1 - CLIENT] - INFO - Loading pickle data for store 755, cluster 1...
2025-04-01 17:08:38 - [Cluster 1 - CLIENT] - INFO - x_train shape: (723, 7, 27), y_train shape: (723, 1)
2025-04-01 17:08:38 - [Cluster 1 - CLIENT] - INFO - x_val shape: (176, 7, 27), y_val shape: (176, 1)
2025-04-01 17:08:38 - [Cluster 1 - CLIENT] - INFO - Initialized client logging for cluster 1 -> ../logs/run_20250401_082127/clients_cluster_1.log
2025-04-01 17:08:38 - [Cluster 1 - CLIENT] - INFO - Loading pickle data for store 985, cluster 1...
2025-04-01 17:08:38 - [Cluster 1 - CLIENT] - INFO - x_train shape: (723, 7, 27), y_train shape: (723, 1)
2025-04-01 17:08:38 - [Cluster 1 - CLIENT] - INFO - x_val shape: (176, 7, 27), y_val shape: (176, 1)
2025-04-01 17:08:38 - [Cluster 1 - CLIENT] - INFO - Initialized client logging for cluster 1 -> ../logs/run_20250401_082127/clients_cluster_1.log
2025-04-01 17:08:38 - [Cluster 1 - CLIENT] - INFO - Loading pickle data for store 754, cluster 1...
2025-04-01 17:08:38 - [Cluster 1 - CLIENT] - INFO - Initialized client logging for cluster 1 -> ../logs/run_20250401_082127/clients_cluster_1.log
2025-04-01 17:08:38 - [Cluster 1 - CLIENT] - INFO - Loading pickle data for store 229, cluster 1...
2025-04-01 17:08:38 - [Cluster 1 - CLIENT] - INFO - x_train shape: (723, 7, 27), y_train shape: (723, 1)
2025-04-01 17:08:38 - [Cluster 1 - CLIENT] - INFO - x_val shape: (176, 7, 27), y_val shape: (176, 1)
2025-04-01 17:08:38 - [Cluster 1 - CLIENT] - INFO - x_train shape: (723, 7, 27), y_train shape: (723, 1)
2025-04-01 17:08:38 - [Cluster 1 - CLIENT] - INFO - x_val shape: (176, 7, 27), y_val shape: (176, 1)
2025-04-01 17:08:38 - [Cluster 1 - CLIENT] - INFO - x_train shape: (723, 7, 27), y_train shape: (723, 1)
2025-04-01 17:08:38 - [Cluster 1 - CLIENT] - INFO - x_val shape: (176, 7, 27), y_val shape: (176, 1)
2025-04-01 17:08:38 - [Cluster 1 - CLIENT] - INFO - Initialized client logging for cluster 1 -> ../logs/run_20250401_082127/clients_cluster_1.log
2025-04-01 17:08:38 - [Cluster 1 - CLIENT] - INFO - Loading pickle data for store 252, cluster 1...
2025-04-01 17:08:38 - [Cluster 1 - CLIENT] - INFO - x_train shape: (723, 7, 27), y_train shape: (723, 1)
2025-04-01 17:08:38 - [Cluster 1 - CLIENT] - INFO - x_val shape: (176, 7, 27), y_val shape: (176, 1)
2025-04-01 17:08:39 - [Cluster 1 - CLIENT] - INFO - Initialized client logging for cluster 1 -> ../logs/run_20250401_082127/clients_cluster_1.log
2025-04-01 17:08:39 - [Cluster 1 - CLIENT] - INFO - Loading pickle data for store 207, cluster 1...
2025-04-01 17:08:39 - [Cluster 1 - CLIENT] - INFO - x_train shape: (723, 7, 27), y_train shape: (723, 1)
2025-04-01 17:08:39 - [Cluster 1 - CLIENT] - INFO - x_val shape: (176, 7, 27), y_val shape: (176, 1)
2025-04-01 17:08:39 - [Cluster 1 - CLIENT] - INFO - [Store 71, Cluster 1] Connecting to 127.0.0.1:8081 ...
2025-04-01 17:08:39 - [Cluster 1 - CLIENT] - INFO - [Store 510, Cluster 1] Connecting to 127.0.0.1:8081 ...
2025-04-01 17:08:39 - [Cluster 1 - CLIENT] - DEBUG - Opened insecure gRPC connection (no certificates were passed)
2025-04-01 17:08:39 - [Cluster 1 - CLIENT] - DEBUG - ChannelConnectivity.IDLE
2025-04-01 17:08:39 - [Cluster 1 - CLIENT] - DEBUG - ChannelConnectivity.TRANSIENT_FAILURE
2025-04-01 17:08:39 - [Cluster 1 - CLIENT] - DEBUG - Opened insecure gRPC connection (no certificates were passed)
2025-04-01 17:08:39 - [Cluster 1 - CLIENT] - DEBUG - ChannelConnectivity.IDLE
2025-04-01 17:08:39 - [Cluster 1 - CLIENT] - DEBUG - ChannelConnectivity.CONNECTING
2025-04-01 17:08:39 - [Cluster 1 - CLIENT] - DEBUG - gRPC channel closed
2025-04-01 17:08:39 - [Cluster 1 - CLIENT] - INFO - Initialized client logging for cluster 1 -> ../logs/run_20250401_082127/clients_cluster_1.log
2025-04-01 17:08:39 - [Cluster 1 - CLIENT] - INFO - Loading pickle data for store 493, cluster 1...
2025-04-01 17:08:39 - [Cluster 1 - CLIENT] - INFO - x_train shape: (723, 7, 27), y_train shape: (723, 1)
2025-04-01 17:08:39 - [Cluster 1 - CLIENT] - INFO - x_val shape: (176, 7, 27), y_val shape: (176, 1)
2025-04-01 17:08:39 - [Cluster 1 - CLIENT] - INFO - [Store 755, Cluster 1] Connecting to 127.0.0.1:8081 ...
2025-04-01 17:08:39 - [Cluster 1 - CLIENT] - DEBUG - Opened insecure gRPC connection (no certificates were passed)
2025-04-01 17:08:39 - [Cluster 1 - CLIENT] - DEBUG - ChannelConnectivity.IDLE
2025-04-01 17:08:39 - [Cluster 1 - CLIENT] - DEBUG - ChannelConnectivity.TRANSIENT_FAILURE
2025-04-01 17:08:39 - [Cluster 1 - CLIENT] - DEBUG - gRPC channel closed
2025-04-01 17:08:39 - [Cluster 1 - CLIENT] - INFO - [Store 57, Cluster 1] Connecting to 127.0.0.1:8081 ...
2025-04-01 17:08:39 - [Cluster 1 - CLIENT] - INFO - [Store 213, Cluster 1] Connecting to 127.0.0.1:8081 ...
2025-04-01 17:08:39 - [Cluster 1 - CLIENT] - INFO - [Store 863, Cluster 1] Connecting to 127.0.0.1:8081 ...
2025-04-01 17:08:39 - [Cluster 1 - CLIENT] - DEBUG - Opened insecure gRPC connection (no certificates were passed)
2025-04-01 17:08:39 - [Cluster 1 - CLIENT] - INFO - [Store 362, Cluster 1] Connecting to 127.0.0.1:8081 ...
2025-04-01 17:08:39 - [Cluster 1 - CLIENT] - DEBUG - Opened insecure gRPC connection (no certificates were passed)
2025-04-01 17:08:39 - [Cluster 1 - CLIENT] - DEBUG - ChannelConnectivity.IDLE
2025-04-01 17:08:39 - [Cluster 1 - CLIENT] - DEBUG - ChannelConnectivity.TRANSIENT_FAILURE
2025-04-01 17:08:39 - [Cluster 1 - CLIENT] - INFO - [Store 807, Cluster 1] Connecting to 127.0.0.1:8081 ...
2025-04-01 17:08:39 - [Cluster 1 - CLIENT] - DEBUG - gRPC channel closed
2025-04-01 17:08:39 - [Cluster 1 - CLIENT] - DEBUG - Opened insecure gRPC connection (no certificates were passed)
2025-04-01 17:08:39 - [Cluster 1 - CLIENT] - DEBUG - ChannelConnectivity.IDLE
2025-04-01 17:08:39 - [Cluster 1 - CLIENT] - DEBUG - ChannelConnectivity.CONNECTING
2025-04-01 17:08:39 - [Cluster 1 - CLIENT] - DEBUG - ChannelConnectivity.TRANSIENT_FAILURE
2025-04-01 17:08:39 - [Cluster 1 - CLIENT] - INFO - [Store 71, Cluster 1] Connecting to 127.0.0.1:8081 ...
2025-04-01 17:08:39 - [Cluster 1 - CLIENT] - DEBUG - Opened insecure gRPC connection (no certificates were passed)
2025-04-01 17:08:39 - [Cluster 1 - CLIENT] - DEBUG - ChannelConnectivity.IDLE
2025-04-01 17:08:39 - [Cluster 1 - CLIENT] - DEBUG - ChannelConnectivity.TRANSIENT_FAILURE
2025-04-01 17:08:39 - [Cluster 1 - CLIENT] - DEBUG - Opened insecure gRPC connection (no certificates were passed)
2025-04-01 17:08:39 - [Cluster 1 - CLIENT] - DEBUG - Opened insecure gRPC connection (no certificates were passed)
2025-04-01 17:08:39 - [Cluster 1 - CLIENT] - DEBUG - ChannelConnectivity.IDLE
2025-04-01 17:08:39 - [Cluster 1 - CLIENT] - DEBUG - ChannelConnectivity.CONNECTING
2025-04-01 17:08:39 - [Cluster 1 - CLIENT] - DEBUG - ChannelConnectivity.TRANSIENT_FAILURE
2025-04-01 17:08:39 - [Cluster 1 - CLIENT] - INFO - [Store 467, Cluster 1] Connecting to 127.0.0.1:8081 ...
2025-04-01 17:08:39 - [Cluster 1 - CLIENT] - DEBUG - Opened insecure gRPC connection (no certificates were passed)
2025-04-01 17:08:39 - [Cluster 1 - CLIENT] - INFO - [Store 985, Cluster 1] Connecting to 127.0.0.1:8081 ...
2025-04-01 17:08:39 - [Cluster 1 - CLIENT] - DEBUG - ChannelConnectivity.IDLE
2025-04-01 17:08:39 - [Cluster 1 - CLIENT] - DEBUG - ChannelConnectivity.IDLE
2025-04-01 17:08:39 - [Cluster 1 - CLIENT] - DEBUG - ChannelConnectivity.IDLE
2025-04-01 17:08:39 - [Cluster 1 - CLIENT] - DEBUG - ChannelConnectivity.CONNECTING
2025-04-01 17:08:39 - [Cluster 1 - CLIENT] - DEBUG - ChannelConnectivity.TRANSIENT_FAILURE
2025-04-01 17:08:39 - [Cluster 1 - CLIENT] - DEBUG - gRPC channel closed
2025-04-01 17:08:39 - [Cluster 1 - CLIENT] - DEBUG - ChannelConnectivity.TRANSIENT_FAILURE
2025-04-01 17:08:39 - [Cluster 1 - CLIENT] - DEBUG - ChannelConnectivity.CONNECTING
2025-04-01 17:08:39 - [Cluster 1 - CLIENT] - DEBUG - ChannelConnectivity.TRANSIENT_FAILURE
2025-04-01 17:08:39 - [Cluster 1 - CLIENT] - INFO - [Store 444, Cluster 1] Connecting to 127.0.0.1:8081 ...
2025-04-01 17:08:39 - [Cluster 1 - CLIENT] - DEBUG - gRPC channel closed
2025-04-01 17:08:39 - [Cluster 1 - CLIENT] - DEBUG - Opened insecure gRPC connection (no certificates were passed)
2025-04-01 17:08:39 - [Cluster 1 - CLIENT] - DEBUG - ChannelConnectivity.IDLE
2025-04-01 17:08:39 - [Cluster 1 - CLIENT] - DEBUG - ChannelConnectivity.CONNECTING
2025-04-01 17:08:39 - [Cluster 1 - CLIENT] - DEBUG - ChannelConnectivity.TRANSIENT_FAILURE
2025-04-01 17:08:40 - [Cluster 1 - CLIENT] - DEBUG - gRPC channel closed
2025-04-01 17:08:40 - [Cluster 1 - CLIENT] - DEBUG - gRPC channel closed
2025-04-01 17:08:40 - [Cluster 1 - CLIENT] - DEBUG - Opened insecure gRPC connection (no certificates were passed)
2025-04-01 17:08:40 - [Cluster 1 - CLIENT] - DEBUG - ChannelConnectivity.IDLE
2025-04-01 17:08:40 - [Cluster 1 - CLIENT] - DEBUG - ChannelConnectivity.CONNECTING
2025-04-01 17:08:40 - [Cluster 1 - CLIENT] - DEBUG - ChannelConnectivity.TRANSIENT_FAILURE
2025-04-01 17:08:40 - [Cluster 1 - CLIENT] - INFO - [Store 178, Cluster 1] Connecting to 127.0.0.1:8081 ...
2025-04-01 17:08:40 - [Cluster 1 - CLIENT] - DEBUG - gRPC channel closed
2025-04-01 17:08:40 - [Cluster 1 - CLIENT] - DEBUG - Opened insecure gRPC connection (no certificates were passed)
2025-04-01 17:08:40 - [Cluster 1 - CLIENT] - DEBUG - ChannelConnectivity.IDLE
2025-04-01 17:08:40 - [Cluster 1 - CLIENT] - DEBUG - ChannelConnectivity.CONNECTING
2025-04-01 17:08:40 - [Cluster 1 - CLIENT] - DEBUG - ChannelConnectivity.TRANSIENT_FAILURE
2025-04-01 17:08:40 - [Cluster 1 - CLIENT] - INFO - [Store 229, Cluster 1] Connecting to 127.0.0.1:8081 ...
2025-04-01 17:08:40 - [Cluster 1 - CLIENT] - DEBUG - gRPC channel closed
2025-04-01 17:08:40 - [Cluster 1 - CLIENT] - DEBUG - gRPC channel closed
2025-04-01 17:08:40 - [Cluster 1 - CLIENT] - DEBUG - gRPC channel closed
2025-04-01 17:08:40 - [Cluster 1 - CLIENT] - DEBUG - Opened insecure gRPC connection (no certificates were passed)
2025-04-01 17:08:40 - [Cluster 1 - CLIENT] - DEBUG - ChannelConnectivity.IDLE
2025-04-01 17:08:40 - [Cluster 1 - CLIENT] - DEBUG - ChannelConnectivity.CONNECTING
2025-04-01 17:08:40 - [Cluster 1 - CLIENT] - DEBUG - gRPC channel closed
2025-04-01 17:08:40 - [Cluster 1 - CLIENT] - DEBUG - gRPC channel closed
2025-04-01 17:08:40 - [Cluster 1 - CLIENT] - DEBUG - gRPC channel closed
2025-04-01 17:08:40 - [Cluster 1 - CLIENT] - INFO - [Store 754, Cluster 1] Connecting to 127.0.0.1:8081 ...
2025-04-01 17:08:40 - [Cluster 1 - CLIENT] - INFO - [Store 207, Cluster 1] Connecting to 127.0.0.1:8081 ...
2025-04-01 17:08:40 - [Cluster 1 - CLIENT] - DEBUG - Opened insecure gRPC connection (no certificates were passed)
2025-04-01 17:08:40 - [Cluster 1 - CLIENT] - DEBUG - ChannelConnectivity.IDLE
2025-04-01 17:08:40 - [Cluster 1 - CLIENT] - DEBUG - gRPC channel closed
2025-04-01 17:08:40 - [Cluster 1 - CLIENT] - DEBUG - Opened insecure gRPC connection (no certificates were passed)
2025-04-01 17:08:40 - [Cluster 1 - CLIENT] - DEBUG - ChannelConnectivity.IDLE
2025-04-01 17:08:40 - [Cluster 1 - CLIENT] - DEBUG - ChannelConnectivity.CONNECTING
2025-04-01 17:08:40 - [Cluster 1 - CLIENT] - INFO - [Store 252, Cluster 1] Connecting to 127.0.0.1:8081 ...
2025-04-01 17:08:40 - [Cluster 1 - CLIENT] - DEBUG - Opened insecure gRPC connection (no certificates were passed)
2025-04-01 17:08:40 - [Cluster 1 - CLIENT] - DEBUG - ChannelConnectivity.IDLE
2025-04-01 17:08:40 - [Cluster 1 - CLIENT] - DEBUG - ChannelConnectivity.TRANSIENT_FAILURE
2025-04-01 17:08:40 - [Cluster 1 - CLIENT] - DEBUG - gRPC channel closed
2025-04-01 17:08:40 - [Cluster 1 - CLIENT] - INFO - [Store 755, Cluster 1] Connecting to 127.0.0.1:8081 ...
2025-04-01 17:08:40 - [Cluster 1 - CLIENT] - DEBUG - Opened insecure gRPC connection (no certificates were passed)
2025-04-01 17:08:40 - [Cluster 1 - CLIENT] - DEBUG - ChannelConnectivity.IDLE
2025-04-01 17:08:40 - [Cluster 1 - CLIENT] - DEBUG - ChannelConnectivity.CONNECTING
2025-04-01 17:08:40 - [Cluster 1 - CLIENT] - DEBUG - ChannelConnectivity.TRANSIENT_FAILURE
2025-04-01 17:08:40 - [Cluster 1 - CLIENT] - INFO - [Store 493, Cluster 1] Connecting to 127.0.0.1:8081 ...
2025-04-01 17:08:40 - [Cluster 1 - CLIENT] - DEBUG - gRPC channel closed
2025-04-01 17:08:40 - [Cluster 1 - CLIENT] - DEBUG - Opened insecure gRPC connection (no certificates were passed)
2025-04-01 17:08:40 - [Cluster 1 - CLIENT] - DEBUG - ChannelConnectivity.IDLE
2025-04-01 17:08:40 - [Cluster 1 - CLIENT] - DEBUG - ChannelConnectivity.CONNECTING
2025-04-01 17:08:40 - [Cluster 1 - CLIENT] - DEBUG - ChannelConnectivity.TRANSIENT_FAILURE
2025-04-01 17:08:40 - [Cluster 1 - CLIENT] - DEBUG - gRPC channel closed
2025-04-01 17:08:41 - [Cluster 1 - CLIENT] - DEBUG - gRPC channel closed
2025-04-01 17:08:44 - [Cluster 1 - CLIENT] - INFO - Initialized client logging for cluster 1 -> ../logs/run_20250401_082127/clients_cluster_1.log
2025-04-01 17:08:44 - [Cluster 1 - CLIENT] - INFO - Loading pickle data for store 245, cluster 1...
2025-04-01 17:08:44 - [Cluster 1 - CLIENT] - INFO - x_train shape: (723, 7, 27), y_train shape: (723, 1)
2025-04-01 17:08:44 - [Cluster 1 - CLIENT] - INFO - x_val shape: (176, 7, 27), y_val shape: (176, 1)
2025-04-01 17:08:44 - [Cluster 1 - CLIENT] - INFO - Initialized client logging for cluster 1 -> ../logs/run_20250401_082127/clients_cluster_1.log
2025-04-01 17:08:44 - [Cluster 1 - CLIENT] - INFO - Loading pickle data for store 167, cluster 1...
2025-04-01 17:08:44 - [Cluster 1 - CLIENT] - INFO - x_train shape: (723, 7, 27), y_train shape: (723, 1)
2025-04-01 17:08:44 - [Cluster 1 - CLIENT] - INFO - x_val shape: (176, 7, 27), y_val shape: (176, 1)
2025-04-01 17:08:45 - [Cluster 1 - CLIENT] - INFO - [Store 245, Cluster 1] Connecting to 127.0.0.1:8081 ...
2025-04-01 17:08:45 - [Cluster 1 - CLIENT] - DEBUG - Opened insecure gRPC connection (no certificates were passed)
2025-04-01 17:08:45 - [Cluster 1 - CLIENT] - DEBUG - ChannelConnectivity.IDLE
2025-04-01 17:08:45 - [Cluster 1 - CLIENT] - DEBUG - ChannelConnectivity.CONNECTING
2025-04-01 17:08:45 - [Cluster 1 - CLIENT] - DEBUG - ChannelConnectivity.TRANSIENT_FAILURE
2025-04-01 17:08:45 - [Cluster 1 - CLIENT] - DEBUG - gRPC channel closed
2025-04-01 17:08:45 - [Cluster 1 - CLIENT] - INFO - [Store 167, Cluster 1] Connecting to 127.0.0.1:8081 ...
2025-04-01 17:08:45 - [Cluster 1 - CLIENT] - DEBUG - Opened insecure gRPC connection (no certificates were passed)
2025-04-01 17:08:45 - [Cluster 1 - CLIENT] - DEBUG - ChannelConnectivity.IDLE
2025-04-01 17:08:45 - [Cluster 1 - CLIENT] - DEBUG - ChannelConnectivity.TRANSIENT_FAILURE
2025-04-01 17:08:45 - [Cluster 1 - CLIENT] - DEBUG - gRPC channel closed
2025-04-01 17:08:47 - [Cluster 1 - CLIENT] - INFO - Initialized client logging for cluster 1 -> ../logs/run_20250401_082127/clients_cluster_1.log
2025-04-01 17:08:47 - [Cluster 1 - CLIENT] - INFO - Loading pickle data for store 421, cluster 1...
2025-04-01 17:08:47 - [Cluster 1 - CLIENT] - INFO - x_train shape: (723, 7, 27), y_train shape: (723, 1)
2025-04-01 17:08:47 - [Cluster 1 - CLIENT] - INFO - x_val shape: (176, 7, 27), y_val shape: (176, 1)
2025-04-01 17:08:47 - [Cluster 1 - CLIENT] - INFO - Initialized client logging for cluster 1 -> ../logs/run_20250401_082127/clients_cluster_1.log
2025-04-01 17:08:47 - [Cluster 1 - CLIENT] - INFO - Loading pickle data for store 964, cluster 1...
2025-04-01 17:08:47 - [Cluster 1 - CLIENT] - INFO - x_train shape: (723, 7, 27), y_train shape: (723, 1)
2025-04-01 17:08:47 - [Cluster 1 - CLIENT] - INFO - x_val shape: (176, 7, 27), y_val shape: (176, 1)
2025-04-01 17:08:47 - [Cluster 1 - CLIENT] - INFO - [Store 421, Cluster 1] Connecting to 127.0.0.1:8081 ...
2025-04-01 17:08:47 - [Cluster 1 - CLIENT] - DEBUG - Opened insecure gRPC connection (no certificates were passed)
2025-04-01 17:08:47 - [Cluster 1 - CLIENT] - DEBUG - ChannelConnectivity.IDLE
2025-04-01 17:08:47 - [Cluster 1 - CLIENT] - DEBUG - ChannelConnectivity.CONNECTING
2025-04-01 17:08:47 - [Cluster 1 - CLIENT] - DEBUG - ChannelConnectivity.TRANSIENT_FAILURE
2025-04-01 17:08:47 - [Cluster 1 - CLIENT] - INFO - [Store 964, Cluster 1] Connecting to 127.0.0.1:8081 ...
2025-04-01 17:08:47 - [Cluster 1 - CLIENT] - DEBUG - Opened insecure gRPC connection (no certificates were passed)
2025-04-01 17:08:47 - [Cluster 1 - CLIENT] - DEBUG - ChannelConnectivity.IDLE
2025-04-01 17:08:47 - [Cluster 1 - CLIENT] - DEBUG - ChannelConnectivity.TRANSIENT_FAILURE
2025-04-01 17:08:48 - [Cluster 1 - CLIENT] - DEBUG - gRPC channel closed
2025-04-01 17:08:48 - [Cluster 1 - CLIENT] - DEBUG - gRPC channel closed
2025-04-01 17:08:49 - [Cluster 1 - CLIENT] - INFO - Initialized client logging for cluster 1 -> ../logs/run_20250401_082127/clients_cluster_1.log
2025-04-01 17:08:49 - [Cluster 1 - CLIENT] - INFO - Loading pickle data for store 1018, cluster 1...
2025-04-01 17:08:49 - [Cluster 1 - CLIENT] - INFO - x_train shape: (723, 7, 27), y_train shape: (723, 1)
2025-04-01 17:08:49 - [Cluster 1 - CLIENT] - INFO - x_val shape: (176, 7, 27), y_val shape: (176, 1)
2025-04-01 17:08:49 - [Cluster 1 - CLIENT] - INFO - Initialized client logging for cluster 1 -> ../logs/run_20250401_082127/clients_cluster_1.log
2025-04-01 17:08:49 - [Cluster 1 - CLIENT] - INFO - Loading pickle data for store 308, cluster 1...
2025-04-01 17:08:49 - [Cluster 1 - CLIENT] - INFO - x_train shape: (723, 7, 27), y_train shape: (723, 1)
2025-04-01 17:08:49 - [Cluster 1 - CLIENT] - INFO - x_val shape: (176, 7, 27), y_val shape: (176, 1)
2025-04-01 17:08:50 - [Cluster 1 - CLIENT] - INFO - [Store 1018, Cluster 1] Connecting to 127.0.0.1:8081 ...
2025-04-01 17:08:50 - [Cluster 1 - CLIENT] - DEBUG - Opened insecure gRPC connection (no certificates were passed)
2025-04-01 17:08:50 - [Cluster 1 - CLIENT] - DEBUG - ChannelConnectivity.IDLE
2025-04-01 17:08:50 - [Cluster 1 - CLIENT] - DEBUG - ChannelConnectivity.CONNECTING
2025-04-01 17:08:50 - [Cluster 1 - CLIENT] - DEBUG - ChannelConnectivity.TRANSIENT_FAILURE
2025-04-01 17:08:50 - [Cluster 1 - CLIENT] - INFO - [Store 308, Cluster 1] Connecting to 127.0.0.1:8081 ...
2025-04-01 17:08:50 - [Cluster 1 - CLIENT] - DEBUG - gRPC channel closed
2025-04-01 17:08:50 - [Cluster 1 - CLIENT] - DEBUG - Opened insecure gRPC connection (no certificates were passed)
2025-04-01 17:08:50 - [Cluster 1 - CLIENT] - DEBUG - ChannelConnectivity.IDLE
2025-04-01 17:08:50 - [Cluster 1 - CLIENT] - DEBUG - ChannelConnectivity.TRANSIENT_FAILURE
2025-04-01 17:08:50 - [Cluster 1 - CLIENT] - DEBUG - gRPC channel closed
