Store,Cluster,Date,DayOfWeek_sin,DayOfWeek_cos,Month_sin,Month_cos,DayOfYear_sin,DayOfYear_cos,Sales_Lag_1,Sales_Lag_7,Sales_Lag_14,RollingMean_7,RollingMedian_7,RollingStd_7,RollingMean_30,RollingMedian_30,RollingStd_30,CompetitionDistance,Promo,Promo2,StoreType_a,StoreType_b,StoreType_c,StoreType_d,Assortment_a,Assortment_b,Assortment_c,Sales
683,1,2013-01-30,0.43388373911755823,-0.900968867902419,0.49999999999999994,0.8660254037844387,0.4937755501599772,0.869589389346611,9325.0,10802.0,7416.0,8057.142857142857,9308.0,3812.3418624502297,8327.5,9316.5,4221.55533317218,2850.0,0,0,1,0,0,0,1,0,0,8957
683,1,2013-01-31,-0.433883739117558,-0.9009688679024191,0.49999999999999994,0.8660254037844387,0.5086709438521044,0.8609610158889943,8957.0,11390.0,8572.0,8036.428571428572,9308.0,3791.5519187241734,8702.333333333334,9389.0,3946.949510290397,2850.0,0,0,1,0,0,0,1,0,0,11245
683,1,2013-02-01,-0.9749279121818236,-0.2225209339563146,0.8660254037844386,0.5000000000000001,0.5234156073655503,0.8520775211013093,11245.0,10491.0,9453.0,8075.857142857143,9308.0,3822.638984984564,8735.1,9389.0,3960.296656861052,2850.0,0,0,1,0,0,0,1,0,0,10767
683,1,2013-02-02,-0.7818314824680299,0.6234898018587334,0.8660254037844386,0.5000000000000001,0.5380051715382996,0.8429415373547828,10767.0,6929.0,7755.0,8193.57142857143,9308.0,3794.0165988541694,8661.466666666667,9316.5,3957.2330958275174,2850.0,0,0,1,0,0,0,1,0,0,7753
683,1,2013-02-03,-2.4492935982947064e-16,1.0,0.8660254037844386,0.5000000000000001,0.5524353131676196,0.8335557718385699,7753.0,0.0,0.0,8193.57142857143,9308.0,3794.0165988541694,8354.566666666668,9316.5,4258.981946374066,2850.0,0,0,1,0,0,0,1,0,0,0
683,1,2013-02-04,0.7818314824680298,0.6234898018587336,0.8660254037844386,0.5000000000000001,0.5667017562911176,0.8239230057575542,0.0,9308.0,13268.0,9028.714285714286,9325.0,4631.247877706603,8627.466666666667,9389.0,4426.026510456571,2850.0,1,0,1,0,0,0,1,0,0,15154
683,1,2013-02-05,0.9749279121818236,-0.22252093395631434,0.8660254037844386,0.5000000000000001,0.5808002734538009,0.8140460935082178,15154.0,9325.0,11514.0,9600.285714285714,10767.0,4912.276516181532,9071.666666666666,9530.0,4192.872584010528,2850.0,1,0,1,0,0,0,1,0,0,13326
683,1,2013-02-06,0.43388373911755823,-0.900968867902419,0.8660254037844386,0.5000000000000001,0.5947266869607634,0.8039279618328213,13326.0,8957.0,10802.0,10097.285714285714,11245.0,5011.339798040896,9008.3,9530.0,4124.359002652244,2850.0,1,0,1,0,0,0,1,0,0,12436
683,1,2013-02-07,-0.433883739117558,-0.9009688679024191,0.8660254037844386,0.5000000000000001,0.6084768701151261,0.7935716089521474,12436.0,11245.0,11390.0,10065.857142857143,11025.0,5003.626199353539,8964.466666666667,9530.0,4094.6095408419615,2850.0,1,0,1,0,0,0,1,0,0,11025
683,1,2013-02-08,-0.9749279121818236,-0.2225209339563146,0.8660254037844386,0.5000000000000001,0.6220467484408675,0.7829801036770629,11025.0,10767.0,10491.0,10064.285714285714,11025.0,5003.371020764757,8937.466666666667,9530.0,4079.506129113089,2850.0,1,0,1,0,0,0,1,0,0,10756
683,1,2013-02-09,-0.7818314824680299,0.6234898018587334,0.8660254037844386,0.5000000000000001,0.6354323008901774,0.7721565844991642,10756.0,7753.0,6929.0,10045.714285714286,11025.0,5013.610632211936,8764.4,9389.0,4019.0182932377043,2850.0,0,0,1,0,0,0,1,0,0,7623
683,1,2013-02-10,-2.4492935982947064e-16,1.0,0.8660254037844386,0.5000000000000001,0.6486295610349814,0.7611042586607747,7623.0,0.0,0.0,10045.714285714286,11025.0,5013.610632211936,8363.766666666666,9316.5,4274.341277608898,2850.0,0,0,1,0,0,0,1,0,0,0
683,1,2013-02-11,0.7818314824680298,0.6234898018587336,0.8660254037844386,0.5000000000000001,0.6616346182422783,0.7498264012045686,0.0,15154.0,9308.0,9208.0,10756.0,4479.246848894727,8445.8,9316.5,4267.480573052361,2850.0,0,0,1,0,0,0,1,0,0,9290
683,1,2013-02-12,0.9749279121818236,-0.22252093395631434,0.8660254037844386,0.5000000000000001,0.6744436188329455,0.7383263540031065,9290.0,13326.0,9325.0,8608.285714285714,9290.0,4101.072815507577,8750.066666666668,9316.5,3958.782623164761,2850.0,0,0,1,0,0,0,1,0,0,9128
683,1,2013-02-13,0.43388373911755823,-0.900968867902419,0.8660254037844386,0.5000000000000001,0.6870527672236669,0.7266075247685656,9128.0,12436.0,8957.0,8229.57142857143,9290.0,3800.0455636366114,8756.0,9316.5,3960.244384656949,2850.0,0,0,1,0,0,0,1,0,0,9785
683,1,2013-02-14,-0.433883739117558,-0.9009688679024191,0.8660254037844386,0.5000000000000001,0.6994583270516471,0.7146733860429609,9785.0,11025.0,11245.0,7927.0,9128.0,3620.444724063607,8745.833333333334,9316.5,3959.4247935024982,2850.0,0,0,1,0,0,0,1,0,0,8907
683,1,2013-02-15,-0.9749279121818236,-0.2225209339563146,0.8660254037844386,0.5000000000000001,0.7116566222817746,0.702527474169157,8907.0,10756.0,10767.0,7765.142857142857,9128.0,3496.081398202443,8819.4,9389.0,3954.3642376667744,2850.0,0,0,1,0,0,0,1,0,0,9623
683,1,2013-02-16,-0.7818314824680299,0.6234898018587334,0.8660254037844386,0.5000000000000001,0.7236440382959124,0.6901733882429719,9623.0,7623.0,7753.0,7922.428571428572,9128.0,3513.3446010481653,8824.466666666667,9389.0,3954.1336880521003,2850.0,0,0,1,0,0,0,1,0,0,8724
683,1,2013-02-17,-2.4492935982947064e-16,1.0,0.8660254037844386,0.5000000000000001,0.7354170229639855,0.6776147890466889,8724.0,0.0,0.0,7922.428571428572,9128.0,3513.3446010481653,8509.366666666667,9316.5,4266.620810053503,2850.0,0,0,1,0,0,0,1,0,0,0
683,1,2013-02-18,0.7818314824680298,0.6234898018587336,0.8660254037844386,0.5000000000000001,0.7469720876965552,0.6648553979642865,0.0,9290.0,15154.0,8776.142857142857,9128.0,4491.056573108064,8759.733333333334,9474.0,4437.769173445326,2850.0,1,0,1,0,0,0,1,0,0,15266
683,1,2013-02-19,0.9749279121818236,-0.22252093395631434,0.8660254037844386,0.5000000000000001,0.7583058084785625,0.6518989958787126,15266.0,9128.0,13326.0,9136.714285714286,9623.0,4623.386266734435,9148.133333333333,9704.0,4144.90423942737,2850.0,1,0,1,0,0,0,1,0,0,11652
683,1,2013-02-20,0.43388373911755823,-0.900968867902419,0.8660254037844386,0.5000000000000001,0.7694148268839378,0.6387494220515272,11652.0,9785.0,12436.0,9185.57142857143,9623.0,4633.175399843426,9043.433333333332,9704.0,4076.351983747514,2850.0,1,0,1,0,0,0,1,0,0,10127
683,1,2013-02-21,-0.433883739117558,-0.9009688679024191,0.8660254037844386,0.5000000000000001,0.7802958510707755,0.6254105729852463,10127.0,8907.0,11025.0,9506.0,10127.0,4687.9373929266585,9031.3,9704.0,4069.2803155111956,2850.0,1,0,1,0,0,0,1,0,0,11150
683,1,2013-02-22,-0.9749279121818236,-0.2225209339563146,0.8660254037844386,0.5000000000000001,0.7909456567567772,0.6118864012687243,11150.0,9623.0,10756.0,9815.0,11150.0,4767.544546199857,9064.1,9704.0,4087.9678144188138,2850.0,1,0,1,0,0,0,1,0,0,11786
683,1,2013-02-23,-0.7818314824680299,0.6234898018587334,0.8660254037844386,0.5000000000000001,0.8013610881746766,0.5981809144059164,11786.0,8724.0,7623.0,9634.285714285714,11150.0,4839.22751115939,8933.066666666668,9474.0,4073.8204887688216,2850.0,0,0,1,0,0,0,1,0,0,7459
683,1,2013-02-24,-2.4492935982947064e-16,1.0,0.8660254037844386,0.5000000000000001,0.8115390590073611,0.5842981736283683,7459.0,0.0,0.0,9634.285714285714,11150.0,4839.22751115939,8583.366666666667,9316.5,4374.645636748928,2850.0,0,0,1,0,0,0,1,0,0,0
683,1,2013-02-25,0.7818314824680298,0.6234898018587336,0.8660254037844386,0.5000000000000001,0.8214765533024142,0.5702422926917871,0.0,15266.0,9290.0,8746.57142857143,10127.0,4155.625338307214,8654.133333333333,9316.5,4364.119611285784,2850.0,0,0,1,0,0,0,1,0,0,9052
683,1,2013-02-26,0.9749279121818236,-0.22252093395631434,0.8660254037844386,0.5000000000000001,0.8311706263658079,0.5560174366570446,9052.0,11652.0,9128.0,8340.857142857143,9052.0,3958.6586292401053,8947.866666666667,9316.5,4046.5531499539566,2850.0,0,0,1,0,0,0,1,0,0,8812
683,1,2013-02-27,0.43388373911755823,-0.900968867902419,0.8660254037844386,0.5000000000000001,0.8406184056344782,0.5416278206559814,8812.0,10127.0,9785.0,8229.57142857143,9052.0,3910.7375202614858,8949.2,9336.5,4046.68249310469,2850.0,0,0,1,0,0,0,1,0,0,9348
683,1,2013-02-28,-0.433883739117558,-0.9009688679024191,0.8660254037844386,0.5000000000000001,0.8498170915275278,0.5270777086423722,9348.0,11150.0,8907.0,8179.0,9052.0,3868.741354325289,8998.233333333334,9485.5,4060.2821940601966,2850.0,0,0,1,0,0,0,1,0,0,10796
683,1,2013-03-01,-0.9749279121818236,-0.2225209339563146,1.0,6.123233995736766e-17,0.8587639582758029,0.5123714121284237,10796.0,11786.0,9623.0,8082.285714285715,9052.0,3770.7632611221534,9069.966666666667,9704.0,4078.4975215553727,2850.0,0,0,1,0,0,0,1,0,0,11109
683,1,2013-03-02,-0.7818314824680299,0.6234898018587334,1.0,6.123233995736766e-17,0.8674563547295968,0.49751328890718066,11109.0,7459.0,8724.0,8290.0,9052.0,3770.75408019846,8992.233333333334,9485.5,4057.7839772155335,2850.0,0,0,1,0,0,0,1,0,0,8913
683,1,2013-03-03,-2.4492935982947064e-16,1.0,1.0,6.123233995736766e-17,0.8758917051442429,0.48250774176121847,8913.0,0.0,0.0,8290.0,9052.0,3770.75408019846,8633.333333333334,9319.0,4360.278782081629,2850.0,0,0,1,0,0,0,1,0,0,0
683,1,2013-03-04,0.7818314824680298,0.6234898018587336,1.0,6.123233995736766e-17,0.8840675099433636,0.46735921715800227,0.0,9052.0,15266.0,9390.142857142857,9348.0,4964.558437181545,8933.333333333334,9485.5,4600.610531697702,2850.0,1,0,1,0,0,0,1,0,0,16753
683,1,2013-03-05,0.9749279121818236,-0.22252093395631434,1.0,6.123233995736766e-17,0.8919813464595485,0.45207220393230435,16753.0,8812.0,11652.0,9885.0,10796.0,5068.871998120816,9342.533333333333,9704.0,4315.763158096329,2850.0,1,0,1,0,0,0,1,0,0,12276
683,1,2013-03-06,0.43388373911755823,-0.900968867902419,1.0,6.123233995736766e-17,0.8996308696522433,0.43665123195606403,12276.0,9348.0,10127.0,10197.142857142857,11109.0,5097.487663171973,9221.833333333334,9704.0,4196.618023281761,2850.0,1,0,1,0,0,0,1,0,0,11533
683,1,2013-03-07,-0.433883739117558,-0.9009688679024191,1.0,6.123233995736766e-17,0.9070138128026359,0.4211008707960896,11533.0,10796.0,11150.0,10378.42857142857,11533.0,5144.681585778424,9179.8,9704.0,4160.250700337079,2850.0,1,0,1,0,0,0,1,0,0,12065
683,1,2013-03-08,-0.9749279121818236,-0.2225209339563146,1.0,6.123233995736766e-17,0.9141279881853337,0.40542572835999735,12065.0,11109.0,11786.0,10551.42857142857,12065.0,5193.4727256798915,9175.933333333332,9704.0,4157.172695834092,2850.0,1,0,1,0,0,0,1,0,0,12320
683,1,2013-03-09,-0.7818314824680299,0.6234898018587334,1.0,6.123233995736766e-17,0.9209712877166346,0.38963044953078796,12320.0,8913.0,7459.0,10357.285714285714,12065.0,5289.442998851128,9060.233333333334,9485.5,4152.234485134506,2850.0,0,0,1,0,0,0,1,0,0,7554
683,1,2013-03-10,-2.4492935982947064e-16,1.0,1.0,6.123233995736766e-17,0.9275416835791966,0.37371971479046906,7554.0,0.0,0.0,10357.285714285714,12065.0,5289.442998851128,8701.7,9319.0,4454.158476579246,2850.0,0,0,1,0,0,0,1,0,0,0
683,1,2013-03-11,0.7818314824680298,0.6234898018587336,1.0,6.123233995736766e-17,0.9338372288229252,0.35769823883312546,0.0,16753.0,9052.0,9093.714285714286,11533.0,4505.307859043807,8711.2,9319.0,4452.081895023944,2850.0,0,0,1,0,0,0,1,0,0,7908
683,1,2013-03-12,0.9749279121818236,-0.22252093395631434,1.0,6.123233995736766e-17,0.9398560579418954,0.3415707691678556,7908.0,12276.0,8812.0,8519.857142857143,8259.0,4282.744736286587,8986.5,9319.0,4139.197571327412,2850.0,0,0,1,0,0,0,1,0,0,8259
683,1,2013-03-13,0.43388373911755823,-0.900968867902419,1.0,6.123233995736766e-17,0.9455963874271426,0.3253420847119801,8259.0,11533.0,9348.0,8193.285714285714,8259.0,4097.856745270861,8985.066666666668,9297.5,4139.096294281316,2850.0,0,0,1,0,0,0,1,0,0,9247
683,1,2013-03-14,-0.433883739117558,-0.9009688679024191,1.0,6.123233995736766e-17,0.9510565162951535,0.30901699437494745,9247.0,12065.0,10796.0,7730.857142857143,8259.0,3756.558461702743,8975.066666666668,9297.5,4139.1014594902135,2850.0,0,0,1,0,0,0,1,0,0,8828
683,1,2013-03-15,-0.9749279121818236,-0.2225209339563146,1.0,6.123233995736766e-17,0.9562348265919056,0.29260033563334836,8828.0,12320.0,11109.0,7339.714285714285,8259.0,3315.7688255911194,8968.3,9297.5,4137.897468355237,2850.0,0,0,1,0,0,0,1,0,0,9582
683,1,2013-03-16,-0.7818314824680299,0.6234898018587334,1.0,6.123233995736766e-17,0.9611297838723007,0.27609697309746883,9582.0,7554.0,8913.0,7493.428571428572,8630.0,3352.100329502031,8959.066666666668,9297.5,4138.347995678145,2850.0,0,0,1,0,0,0,1,0,0,8630
683,1,2013-03-17,-2.4492935982947064e-16,1.0,1.0,6.123233995736766e-17,0.9657399376548549,0.2595117970697999,8630.0,0.0,0.0,7493.428571428572,8630.0,3352.100329502031,8638.3,9149.5,4446.576095813728,2850.0,0,0,1,0,0,0,1,0,0,0
683,1,2013-03-18,0.7818314824680298,0.6234898018587336,1.0,6.123233995736766e-17,0.970063921851507,0.2428497220959356,0.0,7908.0,16753.0,8388.42857142857,8828.0,4208.267452572489,8819.933333333332,9297.5,4560.039964535498,2850.0,1,0,1,0,0,0,1,0,0,14173
683,1,2013-03-19,0.9749279121818236,-0.22252093395631434,1.0,6.123233995736766e-17,0.9741004551724205,0.22611568550828828,14173.0,8259.0,12276.0,8662.0,9247.0,4260.373888130789,9159.066666666668,9465.0,4249.206416240105,2850.0,1,0,1,0,0,0,1,0,0,10174
683,1,2013-03-20,0.43388373911755823,-0.900968867902419,1.0,6.123233995736766e-17,0.9778483415056568,0.20931464596304847,10174.0,9247.0,11533.0,9007.285714285714,9582.0,4410.969988346694,9039.0,9465.0,4119.610276177371,2850.0,1,0,1,0,0,0,1,0,0,11664
683,1,2013-03-21,-0.433883739117558,-0.9009688679024191,1.0,6.123233995736766e-17,0.9813064702716093,0.19245158197082998,11664.0,8828.0,12065.0,9262.0,10174.0,4450.197336448499,9004.3,9465.0,4101.184724963733,2850.0,1,0,1,0,0,0,1,0,0,10611
683,1,2013-03-22,-0.9749279121818236,-0.2225209339563146,1.0,6.123233995736766e-17,0.9844738167520922,0.1755314904214282,10611.0,9582.0,12320.0,9495.0,10611.0,4512.012041946104,9040.5,9465.0,4116.201611546322,2850.0,1,0,1,0,0,0,1,0,0,11213
683,1,2013-03-23,-0.7818314824680299,0.6234898018587334,1.0,6.123233995736766e-17,0.9873494423939864,0.15855938510313478,11213.0,8630.0,7554.0,9512.0,10611.0,4508.432543578752,8960.466666666667,9297.5,4097.068663908575,2850.0,0,0,1,0,0,0,1,0,0,8749
683,1,2013-03-24,-2.4492935982947064e-16,1.0,1.0,6.123233995736766e-17,0.989932495087353,0.141540295217043,8749.0,0.0,0.0,9512.0,10611.0,4508.432543578752,8567.6,9149.5,4372.599539294042,2850.0,0,0,1,0,0,0,1,0,0,0
683,1,2013-03-25,0.7818314824680298,0.6234898018587336,1.0,6.123233995736766e-17,0.9922222094179323,0.12447926388678915,0.0,14173.0,7908.0,9737.142857142857,10611.0,4809.300137184598,8843.933333333332,9297.5,4558.137414016547,2850.0,1,0,1,0,0,0,1,0,0,15749
683,1,2013-03-26,0.9749279121818236,-0.22252093395631434,1.0,6.123233995736766e-17,0.994217906893952,0.10738134666416309,15749.0,10174.0,8259.0,10199.57142857143,11213.0,5009.752284532731,9290.966666666667,9465.0,4311.850794579124,2850.0,1,0,1,0,0,0,1,0,0,13411
683,1,2013-03-27,0.43388373911755823,-0.900968867902419,1.0,6.123233995736766e-17,0.995918996147179,0.09025161003104117,13411.0,11664.0,9247.0,10366.285714285714,11213.0,5085.453395528781,9416.933333333332,9878.0,4359.564846469736,2850.0,1,0,1,0,0,0,1,0,0,12831
683,1,2013-03-28,-0.433883739117558,-0.9009688679024191,1.0,6.123233995736766e-17,0.9973249731081555,0.07309512989807777,12831.0,10611.0,8828.0,11398.42857142857,12831.0,5823.093847121211,9717.733333333334,10392.5,4619.92940633731,2850.0,1,0,1,0,0,0,1,0,0,17836
683,1,2013-03-29,-0.9749279121818236,-0.2225209339563146,1.0,6.123233995736766e-17,0.9984354211555643,0.055916990100603484,17836.0,11213.0,9582.0,9796.57142857143,12831.0,7250.04250233847,9406.133333333333,10392.5,4949.23709016982,2850.0,1,0,1,0,0,0,1,0,0,0
683,1,2013-03-30,-0.7818314824680299,0.6234898018587334,1.0,6.123233995736766e-17,0.9992500112396835,0.03872228089217446,0.0,8749.0,8630.0,9937.857142857143,12831.0,7235.848151819553,9370.866666666667,9956.0,4942.757081611038,2850.0,0,0,1,0,0,0,1,0,0,9738
683,1,2013-03-31,-2.4492935982947064e-16,1.0,1.0,6.123233995736766e-17,0.9997685019798909,0.021516097436222254,9738.0,0.0,0.0,9937.857142857143,12831.0,7235.848151819553,9000.566666666668,9660.0,5216.594712257605,2850.0,0,0,1,0,0,0,1,0,0,0
683,1,2013-04-01,0.7818314824680298,0.6234898018587336,0.8660254037844387,-0.49999999999999983,0.9999907397361901,0.004303538296244289,0.0,15749.0,14173.0,7688.0,9738.0,7568.615174962106,8703.466666666667,9660.0,5469.436809772276,2850.0,0,0,1,0,0,0,1,0,0,0
683,1,2013-04-02,0.9749279121818236,-0.22252093395631434,0.8660254037844387,-0.49999999999999983,0.9999166586547379,-0.01291029607500882,0.0,13411.0,10174.0,7461.142857142857,9738.0,7390.183363277068,9097.566666666668,9956.0,5241.903916309042,2850.0,0,0,1,0,0,0,1,0,0,11823
683,1,2013-04-03,0.43388373911755823,-0.900968867902419,0.8660254037844387,-0.49999999999999983,0.9995462806873573,-0.030120304846908114,11823.0,12831.0,11664.0,6922.285714285715,9059.0,7063.687344776942,8841.1,9660.0,5038.718079651498,2850.0,0,0,1,0,0,0,1,0,0,9059
683,1,2013-04-04,-0.433883739117558,-0.9009688679024191,0.8660254037844387,-0.49999999999999983,0.9988797155850336,-0.04732138832243185,9059.0,17836.0,10611.0,5707.142857142857,9059.0,5411.808029010008,8742.9,9456.0,4998.009620045658,2850.0,0,0,1,0,0,0,1,0,0,9330
683,1,2013-04-05,-0.9749279121818236,-0.2225209339563146,0.8660254037844387,-0.49999999999999983,0.9979171608653922,-0.06450844944931623,9330.0,0.0,11213.0,7089.714285714285,9330.0,4925.134472420889,8681.066666666668,9456.0,4973.716981905176,2850.0,0,0,1,0,0,0,1,0,0,9678
683,1,2013-04-06,-0.7818314824680299,0.6234898018587334,0.8660254037844387,-0.49999999999999983,0.9966589017541702,-0.08167639533042241,9678.0,9738.0,8749.0,6805.0,9059.0,4802.607694437126,8537.066666666668,9288.5,4934.7504351761545,2850.0,0,0,1,0,0,0,1,0,0,7745
683,1,2013-04-07,-2.4492935982947064e-16,1.0,0.8660254037844387,-0.49999999999999983,0.9951053111006976,-0.09882013873287143,7745.0,0.0,0.0,6805.0,9059.0,4802.607694437126,8126.4,9153.0,5118.2991625384075,2850.0,0,0,1,0,0,0,1,0,0,0
683,1,2013-04-08,0.7818314824680298,0.6234898018587336,0.8660254037844387,-0.49999999999999983,0.9932568492674143,-0.11593459959550041,0.0,0.0,15749.0,8962.714285714286,9330.0,4625.391937060963,8378.066666666668,9288.5,5272.478249547741,2850.0,1,0,1,0,0,0,1,0,0,15104
683,1,2013-04-09,0.9749279121818236,-0.22252093395631434,0.8660254037844387,-0.49999999999999983,0.9911140639934547,-0.1330147065341959,15104.0,11823.0,13411.0,9004.714285714286,9330.0,4656.920288283724,8781.966666666667,9456.0,5068.718619841352,2850.0,1,0,1,0,0,0,1,0,0,12117
683,1,2013-04-10,0.43388373911755823,-0.900968867902419,0.8660254037844387,-0.49999999999999983,0.9886775902323405,-0.1500553983446526,12117.0,9059.0,12831.0,9199.714285714286,9678.0,4688.046669075358,8865.833333333334,9630.0,5074.5707892788605,2850.0,1,0,1,0,0,0,1,0,0,10424
683,1,2013-04-11,-0.433883739117558,-0.9009688679024191,0.8660254037844387,-0.49999999999999983,0.9859481499638304,-0.16705162550211924,10424.0,9330.0,17836.0,9272.42857142857,9839.0,4694.347482421202,8918.5,9708.0,5076.254339637607,2850.0,1,0,1,0,0,0,1,0,0,9839
683,1,2013-04-12,-0.9749279121818236,-0.2225209339563146,0.8660254037844387,-0.49999999999999983,0.9829265519799822,-0.18399835165768005,9839.0,9678.0,0.0,9402.42857142857,10424.0,4719.981103674844,8963.2,9788.5,5085.143204168054,2850.0,1,0,1,0,0,0,1,0,0,10588
683,1,2013-04-13,-0.7818314824680299,0.6234898018587334,0.8660254037844387,-0.49999999999999983,0.9796136916454901,-0.20089055513063506,10588.0,7745.0,9738.0,9414.142857142857,10424.0,4715.281448954784,8929.833333333334,9788.5,5089.343268271343,2850.0,0,0,1,0,0,0,1,0,0,7827
683,1,2013-04-14,-2.4492935982947064e-16,1.0,0.8660254037844387,-0.49999999999999983,0.9760105506323683,-0.21772323039653177,7827.0,0.0,0.0,9414.142857142857,10424.0,4715.281448954784,8610.433333333332,9788.5,5341.435759995706,2850.0,0,0,1,0,0,0,1,0,0,0
683,1,2013-04-15,0.7818314824680298,0.6234898018587336,0.8660254037844387,-0.49999999999999983,0.9721181966290613,-0.23449138957040985,0.0,15104.0,0.0,8512.857142857143,9839.0,3994.2860617208103,8615.933333333332,9788.5,5341.541550276785,2850.0,0,0,1,0,0,0,1,0,0,8795
683,1,2013-04-16,0.9749279121818236,-0.22252093395631434,0.8660254037844387,-0.49999999999999983,0.9679377830240642,-0.25119006388481935,8795.0,12117.0,11823.0,8007.571428571428,8795.0,3673.177410051724,8901.933333333332,9788.5,5087.994733605312,2850.0,0,0,1,0,0,0,1,0,0,8580
683,1,2013-04-17,0.43388373911755823,-0.900968867902419,0.8660254037844387,-0.49999999999999983,0.9634705485641488,-0.2678143051621742,8580.0,10424.0,9059.0,7720.857142857143,8580.0,3528.60838615695,8710.066666666668,9708.0,4989.954231932553,2850.0,0,0,1,0,0,0,1,0,0,8417
683,1,2013-04-18,-0.433883739117558,-0.9009688679024191,0.8660254037844387,-0.49999999999999983,0.9587178169872964,-0.2843591872810034,8417.0,9839.0,9330.0,7486.428571428572,8417.0,3417.1845554073166,8644.2,9504.0,4983.000802037205,2850.0,0,0,1,0,0,0,1,0,0,8198
683,1,2013-04-19,-0.9749279121818236,-0.2225209339563146,0.8660254037844387,-0.49999999999999983,0.9536809966304457,-0.30081980763566735,8198.0,10588.0,9678.0,7271.285714285715,8417.0,3231.743580705095,8558.133333333333,9206.0,4951.24110343738,2850.0,0,0,1,0,0,0,1,0,0,9082
683,1,2013-04-20,-0.7818314824680299,0.6234898018587334,0.8660254037844387,-0.49999999999999983,0.9483615800121715,-0.3171912885891061,9082.0,7827.0,7745.0,7284.285714285715,8417.0,3234.5333880013136,8468.366666666667,9070.5,4937.131070343091,2850.0,0,0,1,0,0,0,1,0,0,7918
683,1,2013-04-21,-2.4492935982947064e-16,1.0,0.8660254037844387,-0.49999999999999983,0.9427611433904207,-0.3334687789181868,7918.0,0.0,0.0,7284.285714285715,8417.0,3234.5333880013136,8094.6,8927.0,5142.3589421252145,2850.0,0,0,1,0,0,0,1,0,0,0
683,1,2013-04-22,0.7818314824680298,0.6234898018587336,0.8660254037844387,-0.49999999999999983,0.9368813462954315,-0.3496474552512284,0.0,8795.0,15104.0,8026.428571428572,8417.0,4115.0567374437205,8269.3,9070.5,5253.188549955094,2850.0,1,0,1,0,0,0,1,0,0,13990
683,1,2013-04-23,0.9749279121818236,-0.22252093395631434,0.8660254037844387,-0.49999999999999983,0.9307239310379795,-0.36572252349726897,13990.0,8580.0,12117.0,8558.57142857143,8417.0,4427.558614599505,8679.466666666667,9206.0,5062.172627019659,2850.0,1,0,1,0,0,0,1,0,0,12305
683,1,2013-04-24,0.43388373911755823,-0.900968867902419,0.8660254037844387,-0.49999999999999983,0.9242907221930934,-0.3816892202666588,12305.0,8417.0,10424.0,8846.285714285714,9082.0,4481.929298649772,8502.2,9206.0,4896.476646000425,2850.0,1,0,1,0,0,0,1,0,0,10431
683,1,2013-04-25,-0.433883739117558,-0.9009688679024191,0.8660254037844387,-0.49999999999999983,0.9175836260593937,-0.39754281428255595,10431.0,8198.0,9839.0,9236.142857142857,10431.0,4534.521636974563,8419.4,9206.0,4831.172789720724,2850.0,1,0,1,0,0,0,1,0,0,10927
683,1,2013-04-26,-0.9749279121818236,-0.2225209339563146,0.8660254037844387,-0.49999999999999983,0.9106046300942163,-0.4132786077829042,10927.0,9082.0,10588.0,9491.142857142857,10867.0,4574.423075775837,8353.933333333332,9206.0,4782.390975618591,2850.0,1,0,1,0,0,0,1,0,0,10867
683,1,2013-04-27,-0.7818314824680299,0.6234898018587334,0.8660254037844387,-0.49999999999999983,0.9033558023246845,-0.4288919379124835,10867.0,7918.0,7827.0,9445.285714285714,10867.0,4594.387108718844,8012.633333333333,9070.5,4435.108477337067,2850.0,0,0,1,0,0,0,1,0,0,7597
683,1,2013-04-28,-2.4492935982947064e-16,1.0,0.8660254037844387,-0.49999999999999983,0.895839290734909,-0.4443781781046132,7597.0,0.0,0.0,9445.285714285714,10867.0,4594.387108718844,8012.633333333333,9070.5,4435.108477337067,2850.0,0,0,1,0,0,0,1,0,0,0
683,1,2013-04-29,0.7818314824680298,0.6234898018587336,0.8660254037844387,-0.49999999999999983,0.8880573226294932,-0.45973273945210397,0.0,13990.0,8795.0,9469.42857142857,10867.0,4622.60661882243,8160.0,9070.5,4565.934032178617,2850.0,1,0,1,0,0,0,1,0,0,14159
683,1,2013-04-30,0.9749279121818236,-0.22252093395631434,0.8660254037844387,-0.49999999999999983,0.8800122039735357,-0.47495107206704995,14159.0,12305.0,8580.0,9776.42857142857,10867.0,4905.043250136972,8641.8,9206.0,4435.941577924421,2850.0,1,0,1,0,0,0,1,0,0,14454
683,1,2013-05-01,0.43388373911755823,-0.900968867902419,0.49999999999999994,-0.8660254037844387,0.8717063187093218,-0.49002866642905923,14454.0,10431.0,8417.0,8286.285714285714,10867.0,6109.597742194536,8641.8,9206.0,4435.941577924421,2850.0,1,0,1,0,0,0,1,0,0,0
683,1,2013-05-02,-0.433883739117558,-0.9009688679024191,0.49999999999999994,-0.8660254037844387,0.8631421280499114,-0.5049610547215204,0.0,10927.0,8198.0,8819.57142857143,10867.0,6527.163928719804,8736.366666666667,9206.0,4535.226736401907,2850.0,1,0,1,0,0,0,1,0,0,14660
683,1,2013-05-03,-0.9749279121818236,-0.2225209339563146,0.49999999999999994,-0.8660254037844387,0.854322169749827,-0.5197438121555155,14660.0,10867.0,9082.0,9111.57142857143,12911.0,6678.001069610148,8864.766666666666,9504.0,4598.759350560518,2850.0,1,0,1,0,0,0,1,0,0,12911
683,1,2013-05-04,-0.7818314824680299,0.6234898018587334,0.49999999999999994,-0.8660254037844387,0.8452490573530633,-0.5343725582809787,12911.0,7597.0,7918.0,9024.285714285714,12911.0,6705.035240133237,8786.633333333333,9380.0,4610.479879902795,2850.0,0,0,1,0,0,0,1,0,0,6986
683,1,2013-05-05,-2.4492935982947064e-16,1.0,0.49999999999999994,-0.8660254037844387,0.835925479418637,-0.548842958284719,6986.0,0.0,0.0,9024.285714285714,12911.0,6705.035240133237,8464.033333333333,8938.5,4876.854147722783,2850.0,0,0,1,0,0,0,1,0,0,0
683,1,2013-05-06,0.7818314824680298,0.6234898018587336,0.49999999999999994,-0.8660254037844387,0.8263541987239096,-0.5631507242749186,0.0,14159.0,13990.0,8476.142857142857,10322.0,6363.444204427123,8549.933333333332,9460.5,4886.438488188566,2850.0,0,0,1,0,0,0,1,0,0,10322
683,1,2013-05-07,0.9749279121818236,-0.22252093395631434,0.49999999999999994,-0.8660254037844387,0.8165380514459161,-0.5772916165517272,10322.0,14454.0,12305.0,7804.857142857143,9755.0,5855.294767091048,8875.1,9797.0,4614.893343931369,2850.0,0,0,1,0,0,0,1,0,0,9755
683,1,2013-05-08,0.43388373911755823,-0.900968867902419,0.49999999999999994,-0.8660254037844387,0.8064799463209448,-0.5912614448635781,9755.0,0.0,10431.0,9138.142857142857,9755.0,4737.83936088211,8682.733333333334,9544.0,4464.110931551252,2850.0,0,0,1,0,0,0,1,0,0,9333
683,1,2013-05-09,-0.433883739117558,-0.9009688679024191,0.49999999999999994,-0.8660254037844387,0.7961828637826158,-0.6050560696488488,9333.0,14660.0,10927.0,7043.857142857143,9333.0,5115.259049437981,8278.833333333334,9207.5,4685.347373007376,2850.0,0,0,1,0,0,0,1,0,0,0
683,1,2013-05-10,-0.9749279121818236,-0.2225209339563146,0.49999999999999994,-0.8660254037844387,0.7856498550787145,-0.6186714032625031,0.0,12911.0,10867.0,6644.0,9333.0,4670.22815288504,8268.433333333332,9207.5,4680.765614382074,2850.0,0,0,1,0,0,0,1,0,0,10112
683,1,2013-05-11,-0.7818314824680299,0.6234898018587334,0.49999999999999994,-0.8660254037844387,0.7748840413670407,-0.6321034111873487,10112.0,6986.0,7597.0,6571.285714285715,9333.0,4667.977781805371,8156.366666666667,8938.5,4682.1127745210615,2850.0,0,0,1,0,0,0,1,0,0,6477
683,1,2013-05-12,-2.4492935982947064e-16,1.0,0.49999999999999994,-0.8660254037844387,0.7638886127905428,-0.6453481132295501,6477.0,0.0,0.0,6571.285714285715,9333.0,4667.977781805371,7803.433333333333,8687.5,4887.06893104462,2850.0,0,0,1,0,0,0,1,0,0,0
683,1,2013-05-13,0.7818314824680298,0.6234898018587336,0.49999999999999994,-0.8660254037844387,0.7526668275320084,-0.6584015846980488,0.0,10322.0,14159.0,6958.142857142857,9333.0,5120.866184171433,7976.866666666667,8938.5,4979.384775273937,2850.0,1,0,1,0,0,0,1,0,0,13030
683,1,2013-05-14,0.9749279121818236,-0.22252093395631434,0.49999999999999994,-0.8660254037844387,0.741222010848596,-0.6712599575675313,13030.0,9755.0,14454.0,7068.571428571428,9333.0,5198.9699575057775,8327.8,9207.5,4764.151922937342,2850.0,1,0,1,0,0,0,1,0,0,10528
683,1,2013-05-15,0.43388373911755823,-0.900968867902419,0.49999999999999994,-0.8660254037844387,0.7295575540864875,-0.6839194216246106,10528.0,9333.0,0.0,7091.0,9490.0,5210.692372420388,8350.966666666667,9411.5,4768.190197283583,2850.0,1,0,1,0,0,0,1,0,0,9490
683,1,2013-05-16,-0.433883739117558,-0.9009688679024191,0.49999999999999994,-0.8660254037844387,0.717676913675962,-0.6963762255968722,9490.0,0.0,14660.0,8585.42857142857,10112.0,4249.495886068638,8413.666666666666,9622.5,4783.647939511789,2850.0,1,0,1,0,0,0,1,0,0,10461
683,1,2013-05-17,-0.9749279121818236,-0.2225209339563146,0.49999999999999994,-0.8660254037844387,0.705583610107178,-0.7086266782644596,10461.0,10112.0,12911.0,8654.0,10461.0,4281.983302162677,8486.166666666666,9933.5,4800.153654748501,2850.0,1,0,1,0,0,0,1,0,0,10592
683,1,2013-05-18,-0.7818314824680299,0.6234898018587334,0.49999999999999994,-0.8660254037844387,0.6932812268869777,-0.7206671495538609,10592.0,6477.0,6986.0,8776.285714285714,10461.0,4221.2423413921515,8457.333333333334,9933.5,4804.540204297664,2850.0,0,0,1,0,0,0,1,0,0,7333
683,1,2013-05-19,-2.4492935982947064e-16,1.0,0.49999999999999994,-0.8660254037844387,0.6807734094770161,-0.7324940716135789,7333.0,0.0,0.0,8776.285714285714,10461.0,4221.2423413921515,8154.6,9933.5,5043.9839385562855,2850.0,0,0,1,0,0,0,1,0,0,0
683,1,2013-05-20,0.7818314824680298,0.6234898018587336,0.49999999999999994,-0.8660254037844387,0.6680638642135335,-0.7441039398713607,0.0,13030.0,10322.0,6914.857142857143,9490.0,4857.777490052129,7890.666666666667,9933.5,5259.353384494,2850.0,0,0,1,0,0,0,1,0,0,0
683,1,2013-05-21,0.9749279121818236,-0.22252093395631434,0.49999999999999994,-0.8660254037844387,0.6551563572090853,-0.7554933140726803,0.0,10528.0,9755.0,6929.142857142857,9490.0,4870.304796367865,8244.933333333332,10217.0,5063.82835230512,2850.0,0,0,1,0,0,0,1,0,0,10628
683,1,2013-05-22,0.43388373911755823,-0.900968867902419,0.49999999999999994,-0.8660254037844387,0.6420547132365637,-0.766658819300159,10628.0,9490.0,9333.0,6636.285714285715,7440.0,4750.821708374449,8026.6,9933.5,4947.449406268466,2850.0,0,0,1,0,0,0,1,0,0,7440
683,1,2013-05-23,-0.433883739117558,-0.9009688679024191,0.49999999999999994,-0.8660254037844387,0.6287628145958344,-0.777597146973627,7440.0,10461.0,0.0,6372.857142857143,7440.0,4550.290629127312,7903.666666666667,9622.5,4882.872602328951,2850.0,0,0,1,0,0,0,1,0,0,8617
683,1,2013-05-24,-0.9749279121818236,-0.2225209339563146,0.49999999999999994,-0.8660254037844387,0.6152845999633276,-0.7883050558305255,8617.0,10592.0,10112.0,6040.0,7440.0,4266.595168671778,7831.366666666667,9411.5,4860.165567517031,2850.0,0,0,1,0,0,0,1,0,0,8262
683,1,2013-05-25,-0.7818314824680299,0.6234898018587334,0.49999999999999994,-0.8660254037844387,0.6016240632249226,-0.7987793728863649,8262.0,7333.0,6477.0,5793.428571428572,7440.0,4229.126460517308,7654.033333333334,8975.0,4840.335265413873,2850.0,0,0,1,0,0,0,1,0,0,5607
683,1,2013-05-26,-2.4492935982947064e-16,1.0,0.49999999999999994,-0.8660254037844387,0.5877852522924732,-0.8090169943749473,5607.0,0.0,0.0,5793.428571428572,7440.0,4229.126460517308,7291.8,8439.5,4995.726452299695,2850.0,0,0,1,0,0,0,1,0,0,0
683,1,2013-05-27,0.7818314824680298,0.6234898018587336,0.49999999999999994,-0.8660254037844387,0.5737722679043246,-0.8190148866680801,0.0,0.0,13030.0,7572.428571428572,8262.0,3998.859289728463,7453.666666666667,8975.0,5083.848714028225,2850.0,1,0,1,0,0,0,1,0,0,12453
683,1,2013-05-28,0.9749279121818236,-0.22252093395631434,0.49999999999999994,-0.8660254037844387,0.5595892624101765,-0.8287700871745037,12453.0,10628.0,10528.0,7686.857142857143,8262.0,4110.76276087425,7834.633333333333,9411.5,4931.992934828211,2850.0,1,0,1,0,0,0,1,0,0,11429
683,1,2013-05-29,0.43388373911755823,-0.900968867902419,0.49999999999999994,-0.8660254037844387,0.545240438540651,-0.8382797052177743,11429.0,7440.0,9490.0,8056.714285714285,8617.0,4200.344379305334,7696.966666666666,9411.5,4805.389011367832,2850.0,1,0,1,0,0,0,1,0,0,10029
683,1,2013-05-30,-0.433883739117558,-0.9009688679024191,0.49999999999999994,-0.8660254037844387,0.5307300481619334,-0.8475409228928311,10029.0,8617.0,10461.0,8358.714285714286,10029.0,4321.58947280148,7572.866666666667,9411.5,4671.06639772483,2850.0,1,0,1,0,0,0,1,0,0,10731
683,1,2013-05-31,-0.9749279121818236,-0.2225209339563146,0.49999999999999994,-0.8660254037844387,0.5160623910158528,-0.8565509959010036,10731.0,8262.0,10592.0,8873.142857142857,10731.0,4518.019862305883,7968.3,9622.5,4507.131843935861,2850.0,1,0,1,0,0,0,1,0,0,11863
683,1,2013-06-01,-0.7818314824680299,0.6234898018587334,1.2246467991473532e-16,-1.0,0.5012418134457758,-0.865307254363206,11863.0,5607.0,7333.0,9257.714285714286,10731.0,4303.132685005413,7756.266666666666,9411.5,4327.516831444654,2850.0,0,0,1,0,0,0,1,0,0,8299
683,1,2013-06-02,-2.4492935982947064e-16,1.0,1.2246467991473532e-16,-1.0,0.48627270710869,-0.8738071036110808,8299.0,0.0,0.0,9257.714285714286,10731.0,4303.132685005413,7325.9,8975.0,4437.794531070585,2850.0,0,0,1,0,0,0,1,0,0,0
683,1,2013-06-03,0.7818314824680298,0.6234898018587336,1.2246467991473532e-16,-1.0,0.4711595076738638,-0.8820480249558537,0.0,12453.0,0.0,9310.857142857143,10731.0,4351.1993146936475,7520.533333333334,9411.5,4549.022985162883,2850.0,1,0,1,0,0,0,1,0,0,12825
683,1,2013-06-04,0.9749279121818236,-0.22252093395631434,1.2246467991473532e-16,-1.0,0.4559066935084588,-0.8900275764346767,12825.0,11429.0,10628.0,9201.714285714286,10665.0,4298.476501982444,7876.033333333334,9622.5,4353.565858983385,2850.0,1,0,1,0,0,0,1,0,0,10665
683,1,2013-06-05,0.43388373911755823,-0.900968867902419,1.2246467991473532e-16,-1.0,0.440518784350495,-0.8977433935342337,10665.0,10029.0,7440.0,9099.0,10665.0,4283.979341686884,7842.3,9411.5,4337.852258576976,2850.0,1,0,1,0,0,0,1,0,0,9310
683,1,2013-06-06,-0.433883739117558,-0.9009688679024191,1.2246467991473532e-16,-1.0,0.42500033996955416,-0.9051931898913974,9310.0,10731.0,8617.0,9048.57142857143,10378.0,4263.59569913873,7863.066666666667,9411.5,4348.80213339286,2850.0,1,0,1,0,0,0,1,0,0,10378
683,1,2013-06-07,-0.9749279121818236,-0.2225209339563146,1.2246467991473532e-16,-1.0,0.4093559588156213,-0.9123747579707273,10378.0,11863.0,8262.0,8860.714285714286,10378.0,4146.278158955157,7903.566666666667,9759.5,4368.576172079909,2850.0,1,0,1,0,0,0,1,0,0,10548
683,1,2013-06-08,-0.7818314824680299,0.6234898018587334,1.2246467991473532e-16,-1.0,0.39359027665646673,-0.9192859697186104,10548.0,8299.0,5607.0,8690.714285714286,10378.0,4197.229551116056,8140.533333333334,9759.5,4110.246445613468,2850.0,0,0,1,0,0,0,1,0,0,7109
683,1,2013-06-09,-2.4492935982947064e-16,1.0,1.2246467991473532e-16,-1.0,0.3777079652039649,-0.9259247771938498,7109.0,0.0,0.0,8690.714285714286,10378.0,4197.229551116056,7803.466666666666,9400.0,4350.5958112244425,2850.0,0,0,1,0,0,0,1,0,0,0
683,1,2013-06-10,0.7818314824680298,0.6234898018587336,1.2246467991473532e-16,-1.0,0.36171373072976765,-0.9322892131745133,0.0,12825.0,12453.0,8146.142857142857,9310.0,3799.9135704456667,7888.0,9400.0,4348.570569738979,2850.0,0,0,1,0,0,0,1,0,0,9013
683,1,2013-06-11,0.9749279121818236,-0.22252093395631434,1.2246467991473532e-16,-1.0,0.3456123126707335,-0.9383773917408641,9013.0,10665.0,11429.0,7824.285714285715,9013.0,3643.1889288683024,8168.4,9400.0,4085.665527181586,2850.0,0,0,1,0,0,0,1,0,0,8412
683,1,2013-06-12,0.43388373911755823,-0.900968867902419,1.2246467991473532e-16,-1.0,0.3294084822245304,-0.9441875088341993,8412.0,9310.0,10029.0,7579.142857142857,8412.0,3583.8055392078877,7987.2,9161.5,3981.842403227169,2850.0,0,0,1,0,0,0,1,0,0,7594
683,1,2013-06-13,-0.433883739117558,-0.9009688679024191,1.2246467991473532e-16,-1.0,0.3131070409358269,-0.9497178427914316,7594.0,10378.0,10731.0,7282.285714285715,8300.0,3394.3859883777563,7912.933333333333,8815.0,3953.4956678112458,2850.0,0,0,1,0,0,0,1,0,0,8300
683,1,2013-06-14,-0.9749279121818236,-0.2225209339563146,1.2246467991473532e-16,-1.0,0.29671281927349075,-0.9549667548552551,8300.0,10548.0,11863.0,7011.0,8300.0,3157.5038664531617,7884.9,8633.0,3944.8997657822633,2850.0,0,0,1,0,0,0,1,0,0,8649
683,1,2013-06-15,-0.7818314824680299,0.6234898018587334,1.2246467991473532e-16,-1.0,0.28023067519921585,-0.9599326896597447,8649.0,7109.0,8299.0,7004.142857142857,8300.0,3157.307683695685,7771.566666666667,8514.5,3917.080093758555,2850.0,0,0,1,0,0,0,1,0,0,7061
683,1,2013-06-16,-2.4492935982947064e-16,1.0,1.2246467991473532e-16,-1.0,0.26366549272800704,-0.9646141756912435,7061.0,0.0,0.0,7004.142857142857,8300.0,3157.307683695685,7418.5,8356.0,4125.8842291578885,2850.0,0,0,1,0,0,0,1,0,0,0
683,1,2013-06-17,0.7818314824680298,0.6234898018587336,1.2246467991473532e-16,-1.0,0.24702218048093552,-0.9690098257244062,0.0,9013.0,12825.0,7718.285714285715,8300.0,4109.259978564092,7641.133333333333,8514.5,4297.732615784933,2850.0,1,0,1,0,0,0,1,0,0,14012
683,1,2013-06-18,0.9749279121818236,-0.22252093395631434,1.2246467991473532e-16,-1.0,0.23030567023061221,-0.9731183372332619,14012.0,8412.0,10665.0,8217.0,8300.0,4408.432979340088,8037.9,8633.0,4113.470464889377,2850.0,1,0,1,0,0,0,1,0,0,11903
683,1,2013-06-19,0.43388373911755823,-0.900968867902419,1.2246467991473532e-16,-1.0,0.21352091543979612,-0.9769384927771817,11903.0,7594.0,9310.0,8421.57142857143,8649.0,4407.930234518344,8338.766666666666,8831.0,3825.28530090676,2850.0,1,0,1,0,0,0,1,0,0,9026
683,1,2013-06-20,-0.433883739117558,-0.9009688679024191,1.2246467991473532e-16,-1.0,0.19667288979357647,-0.980469160361632,9026.0,8300.0,10378.0,8550.285714285714,9026.0,4416.934295575219,8291.2,8831.0,3804.654140790523,2850.0,1,0,1,0,0,0,1,0,0,9201
683,1,2013-06-21,-0.9749279121818236,-0.2225209339563146,1.2246467991473532e-16,-1.0,0.1797665857255624,-0.9837092937736097,9201.0,8649.0,10548.0,8938.42857142857,9201.0,4544.589635201504,8422.066666666668,9019.5,3841.7061218209765,2850.0,1,0,1,0,0,0,1,0,0,11366
683,1,2013-06-22,-0.7818314824680299,0.6234898018587334,1.2246467991473532e-16,-1.0,0.16280701293851715,-0.986657932891657,11366.0,7061.0,7109.0,8941.857142857143,9201.0,4542.945939533487,8371.0,9019.5,3849.2004812464074,2850.0,0,0,1,0,0,0,1,0,0,7085
683,1,2013-06-23,-2.4492935982947064e-16,1.0,1.2246467991473532e-16,-1.0,0.1457991969198751,-0.9893142039703663,7085.0,0.0,0.0,8941.857142857143,9201.0,4542.945939533487,8095.6,9019.5,4141.715416720883,2850.0,0,0,1,0,0,0,1,0,0,0
683,1,2013-06-24,0.7818314824680298,0.6234898018587336,1.2246467991473532e-16,-1.0,0.12874817745258132,-0.99167731989929,0.0,14012.0,9013.0,8168.0,9026.0,3959.211285092019,8195.2,9019.5,4115.651608860647,2850.0,0,0,1,0,0,0,1,0,0,8595
683,1,2013-06-25,0.9749279121818236,-0.22252093395631434,1.2246467991473532e-16,-1.0,0.11165900712169512,-0.993746580436178,8595.0,11903.0,8412.0,7354.142857142857,8595.0,3635.812583571538,8402.066666666668,9019.5,3835.994929461008,2850.0,0,0,1,0,0,0,1,0,0,6206
683,1,2013-06-26,0.43388373911755823,-0.900968867902419,1.2246467991473532e-16,-1.0,0.09453674981719912,-0.9955213724144752,6206.0,9026.0,7594.0,7254.428571428572,8328.0,3591.6219575164487,8264.566666666668,8831.0,3758.939199986532,2850.0,0,0,1,0,0,0,1,0,0,8328
683,1,2013-06-27,-0.433883739117558,-0.9009688679024191,1.2246467991473532e-16,-1.0,0.07738647923346301,-0.9970011699250151,8328.0,9201.0,8300.0,7138.0,8328.0,3530.696673462619,8163.133333333333,8622.0,3711.3597260427264,2850.0,0,0,1,0,0,0,1,0,0,8386
683,1,2013-06-28,-0.9749279121818236,-0.2225209339563146,1.2246467991473532e-16,-1.0,0.06021327736579302,-0.9981855344718586,8386.0,11366.0,8649.0,6990.714285714285,8328.0,3341.3542022302736,8173.333333333333,8622.0,3717.080633613104,2850.0,0,0,1,0,0,0,1,0,0,10335
683,1,2013-06-29,-0.7818314824680299,0.6234898018587334,1.2246467991473532e-16,-1.0,0.04302223300453059,-0.99907411510223,10335.0,7085.0,7061.0,6964.0,8328.0,3341.2222813415656,8045.566666666667,8503.5,3691.925258735873,2850.0,0,0,1,0,0,0,1,0,0,6898
683,1,2013-06-30,-2.4492935982947064e-16,1.0,1.2246467991473532e-16,-1.0,0.02581844022713308,-0.9996666485105112,6898.0,0.0,0.0,6964.0,8328.0,3341.2222813415656,7650.133333333333,8399.0,3898.480568148298,2850.0,0,0,1,0,0,0,1,0,0,0
683,1,2013-07-01,0.7818314824680298,0.6234898018587336,-0.4999999999999998,-0.8660254037844388,0.008606996888688698,-0.9999629591162655,0.0,8595.0,14012.0,7883.571428571428,8328.0,4536.808344241682,7874.566666666667,8503.5,4124.385803246706,2850.0,1,0,1,0,0,0,1,0,0,15032
683,1,2013-07-02,0.9749279121818236,-0.22252093395631434,-0.4999999999999998,-0.8660254037844388,-0.008606996888688009,-0.9999629591162655,15032.0,6206.0,11903.0,8751.42857142857,8386.0,4738.964016784781,8283.933333333332,8622.0,3920.268339982768,2850.0,1,0,1,0,0,0,1,0,0,12281
683,1,2013-07-03,0.43388373911755823,-0.900968867902419,-0.4999999999999998,-0.8660254037844388,-0.02581844022713239,-0.9996666485105112,12281.0,8328.0,9026.0,9081.42857142857,10335.0,4784.77167191716,8211.033333333333,8622.0,3852.663758146215,2850.0,1,0,1,0,0,0,1,0,0,10638
683,1,2013-07-04,-0.433883739117558,-0.9009688679024191,-0.4999999999999998,-0.8660254037844388,-0.04302223300453034,-0.99907411510223,10638.0,8386.0,9201.0,9325.0,10335.0,4786.866824970169,8191.9,8622.0,3841.4655191063143,2850.0,1,0,1,0,0,0,1,0,0,10091
683,1,2013-07-05,-0.9749279121818236,-0.2225209339563146,-0.4999999999999998,-0.8660254037844388,-0.060213277365792774,-0.9981855344718586,10091.0,10335.0,11366.0,9319.857142857143,10299.0,4785.620037451483,8224.866666666667,8622.0,3855.6093550631604,2850.0,1,0,1,0,0,0,1,0,0,10299
683,1,2013-07-06,-0.7818314824680299,0.6234898018587334,-0.4999999999999998,-0.8660254037844388,-0.07738647923346322,-0.9970011699250151,10299.0,6898.0,7085.0,9252.42857142857,10299.0,4828.5633770008935,8093.133333333333,8503.5,3847.0109734552416,2850.0,0,0,1,0,0,0,1,0,0,6426
683,1,2013-07-07,-2.4492935982947064e-16,1.0,-0.4999999999999998,-0.8660254037844388,-0.09453674981719933,-0.9955213724144752,6426.0,0.0,0.0,9252.42857142857,10299.0,4828.5633770008935,7741.533333333334,8399.0,4089.300882271579,2850.0,0,0,1,0,0,0,1,0,0,0
683,1,2013-07-08,0.7818314824680298,0.6234898018587336,-0.4999999999999998,-0.8660254037844388,-0.11165900712169444,-0.9937465804361781,0.0,15032.0,8595.0,8355.42857142857,10091.0,4104.95362771789,7796.333333333333,8503.5,4091.546982822471,2850.0,0,0,1,0,0,0,1,0,0,8753
683,1,2013-07-09,0.9749279121818236,-0.22252093395631434,-0.4999999999999998,-0.8660254037844388,-0.12874817745258066,-0.99167731989929,8753.0,12281.0,6206.0,7692.857142857143,8753.0,3722.1925182420546,8051.1,8503.5,3818.175501737571,2850.0,0,0,1,0,0,0,1,0,0,7643
683,1,2013-07-10,0.43388373911755823,-0.900968867902419,-0.4999999999999998,-0.8660254037844388,-0.14579919691987442,-0.9893142039703664,7643.0,10638.0,8328.0,7446.857142857143,8753.0,3547.9313892544665,8047.866666666667,8503.5,3817.3738376129654,2850.0,0,0,1,0,0,0,1,0,0,8916
683,1,2013-07-11,-0.433883739117558,-0.9009688679024191,-0.4999999999999998,-0.8660254037844388,-0.16280701293851646,-0.9866579328916572,8916.0,10091.0,8386.0,7161.285714285715,8092.0,3375.9137881115817,8037.2,8490.5,3816.7683062308433,2850.0,0,0,1,0,0,0,1,0,0,8092
683,1,2013-07-12,-0.9749279121818236,-0.2225209339563146,-0.4999999999999998,-0.8660254037844388,-0.17976658572556214,-0.9837092937736098,8092.0,10299.0,10335.0,6837.571428571428,8033.0,3124.149529986404,8051.833333333333,8490.5,3815.8519461206342,2850.0,0,0,1,0,0,0,1,0,0,8033
683,1,2013-07-13,-0.7818314824680299,0.6234898018587334,-0.4999999999999998,-0.8660254037844388,-0.19667288979357622,-0.9804691603616321,8033.0,6426.0,6898.0,6733.428571428572,8033.0,3152.1805604556143,7965.066666666667,8490.5,3839.5350646456745,2850.0,0,0,1,0,0,0,1,0,0,5697
683,1,2013-07-14,-2.4492935982947064e-16,1.0,-0.4999999999999998,-0.8660254037844388,-0.2135209154397959,-0.9769384927771817,5697.0,0.0,0.0,6733.428571428572,8033.0,3152.1805604556143,7676.766666666666,8357.0,4102.14355810037,2850.0,0,0,1,0,0,0,1,0,0,0
683,1,2013-07-15,0.7818314824680298,0.6234898018587336,-0.4999999999999998,-0.8660254037844388,-0.23030567023061196,-0.973118337233262,0.0,8753.0,15032.0,7522.714285714285,8033.0,4244.575743003678,7917.333333333333,8490.5,4272.852615205017,2850.0,1,0,1,0,0,0,1,0,0,14278
683,1,2013-07-16,0.9749279121818236,-0.22252093395631434,-0.4999999999999998,-0.8660254037844388,-0.24702218048093527,-0.9690098257244063,14278.0,7643.0,12281.0,8075.285714285715,8092.0,4506.535022027666,8301.033333333333,8674.0,4048.3045278949426,2850.0,1,0,1,0,0,0,1,0,0,11511
683,1,2013-07-17,0.43388373911755823,-0.900968867902419,-0.4999999999999998,-0.8660254037844388,-0.2636654927280072,-0.9646141756912435,11511.0,8916.0,10638.0,8239.857142857143,8092.0,4563.033911356617,8169.566666666667,8674.0,3918.404158656263,2850.0,1,0,1,0,0,0,1,0,0,10068
683,1,2013-07-18,-0.433883739117558,-0.9009688679024191,-0.4999999999999998,-0.8660254037844388,-0.2802306751992161,-0.9599326896597445,10068.0,8092.0,10091.0,8503.857142857143,9940.0,4606.3076836215005,8104.133333333333,8674.0,3870.0009242922633,2850.0,1,0,1,0,0,0,1,0,0,9940
683,1,2013-07-19,-0.9749279121818236,-0.2225209339563146,-0.4999999999999998,-0.8660254037844388,-0.2967128192734901,-0.9549667548552553,9940.0,8033.0,10299.0,8838.57142857143,10068.0,4651.297304951342,8149.133333333333,8674.0,3888.8926598120725,2850.0,1,0,1,0,0,0,1,0,0,10376
683,1,2013-07-20,-0.7818314824680299,0.6234898018587334,-0.4999999999999998,-0.8660254037844388,-0.3131070409358267,-0.9497178427914317,10376.0,5697.0,6426.0,8804.285714285714,10068.0,4679.11539767528,8024.333333333333,8490.5,3913.9670529980203,2850.0,0,0,1,0,0,0,1,0,0,5457
683,1,2013-07-21,-2.4492935982947064e-16,1.0,-0.4999999999999998,-0.8660254037844388,-0.3294084822245302,-0.9441875088341994,5457.0,0.0,0.0,8804.285714285714,10068.0,4679.11539767528,7645.466666666666,8357.0,4123.82478751958,2850.0,0,0,1,0,0,0,1,0,0,0
683,1,2013-07-22,0.7818314824680298,0.6234898018587336,-0.4999999999999998,-0.8660254037844388,-0.3456123126707333,-0.9383773917408642,0.0,14278.0,8753.0,7819.714285714285,9940.0,4013.083715144988,7655.5,8357.0,4122.780178053606,2850.0,0,0,1,0,0,0,1,0,0,7386
683,1,2013-07-23,0.9749279121818236,-0.22252093395631434,-0.4999999999999998,-0.8660254037844388,-0.3617137307297674,-0.9322892131745134,7386.0,11511.0,7643.0,7244.714285714285,7486.0,3669.705833546049,7905.033333333334,8357.0,3861.7318741487065,2850.0,0,0,1,0,0,0,1,0,0,7486
683,1,2013-07-24,0.43388373911755823,-0.900968867902419,-0.4999999999999998,-0.8660254037844388,-0.37770796520396466,-0.9259247771938499,7486.0,10068.0,8916.0,6680.285714285715,7386.0,3461.00143091012,7822.433333333333,8210.0,3872.950160236787,2850.0,0,0,1,0,0,0,1,0,0,6117
683,1,2013-07-25,-0.433883739117558,-0.9009688679024191,-0.4999999999999998,-0.8660254037844388,-0.39359027665646645,-0.9192859697186105,6117.0,9940.0,8092.0,6238.857142857143,6850.0,3159.911308279153,7843.9,8210.0,3865.4592924229974,2850.0,0,0,1,0,0,0,1,0,0,6850
683,1,2013-07-26,-0.9749279121818236,-0.2225209339563146,-0.4999999999999998,-0.8660254037844388,-0.4093559588156211,-0.9123747579707274,6850.0,10376.0,8033.0,5715.428571428572,6712.0,2617.2602632742273,7790.033333333334,8062.5,3869.7379710217856,2850.0,0,0,1,0,0,0,1,0,0,6712
683,1,2013-07-27,-0.7818314824680299,0.6234898018587334,-0.4999999999999998,-0.8660254037844388,-0.42500033996955394,-0.9051931898913975,6712.0,5457.0,5697.0,5626.714285714285,6712.0,2637.9229654083083,7671.7,7838.0,3905.0027166752866,2850.0,0,0,1,0,0,0,1,0,0,4836
683,1,2013-07-28,-2.4492935982947064e-16,1.0,-0.4999999999999998,-0.8660254037844388,-0.4405187843504952,-0.8977433935342336,4836.0,0.0,0.0,5626.714285714285,6712.0,2637.9229654083083,7327.2,7564.5,4112.318528854326,2850.0,0,0,1,0,0,0,1,0,0,0
683,1,2013-07-29,0.7818314824680298,0.6234898018587336,-0.4999999999999998,-0.8660254037844388,-0.455906693508459,-0.8900275764346766,0.0,7386.0,14278.0,6519.0,6712.0,4024.2622926444533,7551.666666666667,7838.0,4268.886952835826,2850.0,1,0,1,0,0,0,1,0,0,13632
683,1,2013-07-30,0.9749279121818236,-0.22252093395631434,-0.4999999999999998,-0.8660254037844388,-0.47115950767386394,-0.8820480249558535,13632.0,7486.0,11511.0,7211.571428571428,6712.0,4595.100138812459,7962.8,8062.5,4107.397039656538,2850.0,1,0,1,0,0,0,1,0,0,12334
683,1,2013-07-31,0.43388373911755823,-0.900968867902419,-0.4999999999999998,-0.8660254037844388,-0.4862727071086902,-0.8738071036110807,12334.0,6117.0,10068.0,8340.857142857143,6850.0,5211.310117701415,7929.133333333333,8062.5,4051.2106128767296,2850.0,1,0,1,0,0,0,1,0,0,14022
683,1,2013-08-01,-0.433883739117558,-0.9009688679024191,-0.8660254037844384,-0.5000000000000004,-0.5012418134457756,-0.8653072543632061,14022.0,6850.0,9940.0,9074.0,11982.0,5326.338579800073,7919.166666666667,8062.5,4040.488704508943,2850.0,1,0,1,0,0,0,1,0,0,11982
683,1,2013-08-02,-0.9749279121818236,-0.2225209339563146,-0.8660254037844384,-0.5000000000000004,-0.5160623910158526,-0.8565509959010037,11982.0,6712.0,10376.0,9612.714285714286,11982.0,5237.58916278236,7914.0,8062.5,4036.9897713262903,2850.0,1,0,1,0,0,0,1,0,0,10483
683,1,2013-08-03,-0.7818314824680299,0.6234898018587334,-0.8660254037844384,-0.5000000000000004,-0.5307300481619331,-0.8475409228928312,10483.0,4836.0,5457.0,9713.285714285714,11982.0,5136.361251388174,7762.3,7838.0,4037.87015512574,2850.0,0,0,1,0,0,0,1,0,0,5540
683,1,2013-08-04,-2.4492935982947064e-16,1.0,-0.8660254037844384,-0.5000000000000004,-0.5452404385406507,-0.8382797052177745,5540.0,0.0,0.0,9713.285714285714,11982.0,5136.361251388174,7419.0,7564.5,4247.150257566222,2850.0,0,0,1,0,0,0,1,0,0,0
683,1,2013-08-05,0.7818314824680298,0.6234898018587336,-0.8660254037844384,-0.5000000000000004,-0.5595892624101763,-0.828770087174504,0.0,13632.0,7386.0,9077.57142857143,10483.0,4837.186780803584,7510.866666666667,7838.0,4254.730468657155,2850.0,0,0,1,0,0,0,1,0,0,9182
683,1,2013-08-06,0.9749279121818236,-0.22252093395631434,-0.8660254037844384,-0.5000000000000004,-0.5737722679043243,-0.8190148866680802,9182.0,12334.0,7486.0,8515.142857142857,9182.0,4619.430427681585,7790.766666666666,8062.5,4012.9145112639317,2850.0,0,0,1,0,0,0,1,0,0,8397
683,1,2013-08-07,0.43388373911755823,-0.900968867902419,-0.8660254037844384,-0.5000000000000004,-0.5877852522924734,-0.8090169943749472,8397.0,14022.0,6117.0,7694.857142857143,8397.0,3938.1586403026563,7775.0,8062.5,4009.931644442763,2850.0,0,0,1,0,0,0,1,0,0,8280
683,1,2013-08-08,-0.433883739117558,-0.9009688679024191,-0.8660254037844384,-0.5000000000000004,-0.6016240632249227,-0.7987793728863648,8280.0,11982.0,6850.0,7066.714285714285,8280.0,3462.2991260281406,7773.066666666667,8062.5,4010.011462132842,2850.0,0,0,1,0,0,0,1,0,0,7585
683,1,2013-08-09,-0.9749279121818236,-0.2225209339563146,-0.8660254037844384,-0.5000000000000004,-0.6152845999633277,-0.7883050558305253,7585.0,10483.0,6712.0,6797.285714285715,8280.0,3216.823366526138,7762.433333333333,8062.5,4007.2982702110876,2850.0,0,0,1,0,0,0,1,0,0,8597
683,1,2013-08-10,-0.7818314824680299,0.6234898018587334,-0.8660254037844384,-0.5000000000000004,-0.6287628145958345,-0.7775971469736268,8597.0,5540.0,4836.0,6884.142857142857,8280.0,3185.271073162188,7697.633333333333,7809.0,4017.4900079985027,2850.0,0,0,1,0,0,0,1,0,0,6148
683,1,2013-08-11,-2.4492935982947064e-16,1.0,-0.8660254037844384,-0.5000000000000004,-0.6420547132365636,-0.7666588193001592,6148.0,0.0,0.0,6884.142857142857,8280.0,3185.271073162188,7429.866666666667,7535.5,4255.044355158688,2850.0,0,0,1,0,0,0,1,0,0,0
683,1,2013-08-12,0.7818314824680298,0.6234898018587336,-0.8660254037844384,-0.5000000000000004,-0.655156357209085,-0.7554933140726804,0.0,9182.0,13632.0,7614.142857142857,8280.0,4217.851168093827,7716.366666666667,7932.5,4420.486207330071,2850.0,1,0,1,0,0,0,1,0,0,14292
683,1,2013-08-13,0.9749279121818236,-0.22252093395631434,-0.8660254037844384,-0.5000000000000004,-0.6680638642135333,-0.7441039398713608,14292.0,8397.0,12334.0,8093.714285714285,8280.0,4502.910936800982,8108.166666666667,8338.5,4229.7599270206665,2850.0,1,0,1,0,0,0,1,0,0,11754
683,1,2013-08-14,0.43388373911755823,-0.900968867902419,-0.8660254037844384,-0.5000000000000004,-0.6807734094770159,-0.7324940716135792,11754.0,8280.0,14022.0,8480.142857142857,8597.0,4635.672961881997,7998.4,8338.5,4105.014037524824,2850.0,1,0,1,0,0,0,1,0,0,10985
683,1,2013-08-15,-0.433883739117558,-0.9009688679024191,-0.8660254037844384,-0.5000000000000004,-0.6932812268869771,-0.7206671495538615,10985.0,7585.0,11982.0,8975.714285714286,10985.0,4708.876465934159,7983.166666666667,8338.5,4092.358051238946,2850.0,1,0,1,0,0,0,1,0,0,11054
683,1,2013-08-16,-0.9749279121818236,-0.2225209339563146,-0.8660254037844384,-0.5000000000000004,-0.7055836101071774,-0.7086266782644601,11054.0,8597.0,10483.0,9225.285714285714,10985.0,4731.69957887881,7992.366666666667,8338.5,4097.513556253128,2850.0,1,0,1,0,0,0,1,0,0,10344
683,1,2013-08-17,-0.7818314824680299,0.6234898018587334,-0.8660254037844384,-0.5000000000000004,-0.7176769136759615,-0.6963762255968726,10344.0,6148.0,5540.0,9219.57142857143,10985.0,4736.057427056914,7864.633333333333,7932.5,4094.4326833946807,2850.0,0,0,1,0,0,0,1,0,0,6108
683,1,2013-08-18,-2.4492935982947064e-16,1.0,-0.8660254037844384,-0.5000000000000004,-0.7295575540864876,-0.6839194216246105,6108.0,0.0,0.0,9219.57142857143,10985.0,4736.057427056914,7518.766666666666,7535.5,4307.666675249777,2850.0,0,0,1,0,0,0,1,0,0,0
683,1,2013-08-19,0.7818314824680298,0.6234898018587336,-0.8660254037844384,-0.5000000000000004,-0.7412220108485957,-0.6712599575675315,0.0,14292.0,9182.0,8445.285714285714,10344.0,4178.837267083023,7632.6,7932.5,4296.411458495293,2850.0,0,0,1,0,0,0,1,0,0,8872
683,1,2013-08-20,0.9749279121818236,-0.22252093395631434,-0.8660254037844384,-0.5000000000000004,-0.7526668275320083,-0.6584015846980489,8872.0,11754.0,8397.0,7808.857142857143,8872.0,3922.3117515300173,7875.9,7932.5,4048.8152830861177,2850.0,0,0,1,0,0,0,1,0,0,7299
683,1,2013-08-21,0.43388373911755823,-0.900968867902419,-0.8660254037844384,-0.5000000000000004,-0.7638886127905429,-0.64534811322955,7299.0,10985.0,8280.0,7299.0,7416.0,3664.1040287269857,7876.9,7932.5,4048.693815336598,2850.0,0,0,1,0,0,0,1,0,0,7416
683,1,2013-08-22,-0.433883739117558,-0.9009688679024191,-0.8660254037844384,-0.5000000000000004,-0.7748840413670406,-0.6321034111873488,7416.0,11054.0,7585.0,6781.857142857143,7416.0,3281.2622788885883,7875.166666666667,7932.5,4048.8780658293495,2850.0,0,0,1,0,0,0,1,0,0,7434
683,1,2013-08-23,-0.9749279121818236,-0.2225209339563146,-0.8660254037844384,-0.5000000000000004,-0.7856498550787144,-0.6186714032625032,7434.0,10344.0,8597.0,6433.857142857143,7416.0,2953.29479443843,7934.866666666667,8094.0,4035.2413057216654,2850.0,0,0,1,0,0,0,1,0,0,7908
683,1,2013-08-24,-0.7818314824680299,0.6234898018587334,-0.8660254037844384,-0.5000000000000004,-0.7961828637826154,-0.6050560696488494,7908.0,6108.0,6148.0,6402.142857142857,7416.0,2958.564540931485,7902.733333333334,8094.0,4047.9962768598557,2850.0,0,0,1,0,0,0,1,0,0,5886
683,1,2013-08-25,-2.4492935982947064e-16,1.0,-0.8660254037844384,-0.5000000000000004,-0.8064799463209447,-0.5912614448635782,5886.0,0.0,0.0,6402.142857142857,7416.0,2958.564540931485,7679.0,8094.0,4294.084110124949,2850.0,0,0,1,0,0,0,1,0,0,0
683,1,2013-08-26,0.7818314824680298,0.6234898018587336,-0.8660254037844384,-0.5000000000000004,-0.8165380514459157,-0.5772916165517278,0.0,8872.0,14292.0,6934.142857142857,7416.0,3714.8604472923516,7937.666666666667,8338.5,4350.277750414003,2850.0,1,0,1,0,0,0,1,0,0,12596
683,1,2013-08-27,0.9749279121818236,-0.22252093395631434,-0.8660254037844384,-0.5000000000000004,-0.8263541987239095,-0.5631507242749187,12596.0,7299.0,11754.0,7532.0,7434.0,4100.145851064324,8320.466666666667,8497.0,4127.270248693089,2850.0,1,0,1,0,0,0,1,0,0,11484
683,1,2013-08-28,0.43388373911755823,-0.900968867902419,-0.8660254037844384,-0.5000000000000004,-0.8359254794186365,-0.5488429582847199,11484.0,7416.0,10985.0,7972.857142857143,7908.0,4248.806398216304,8216.133333333333,8497.0,4026.7064040438563,2850.0,1,0,1,0,0,0,1,0,0,10502
683,1,2013-08-29,-0.433883739117558,-0.9009688679024191,-0.8660254037844384,-0.5000000000000004,-0.8452490573530634,-0.5343725582809785,10502.0,7434.0,11054.0,8396.285714285714,10398.0,4333.013643885192,8151.6,8497.0,3973.59972820615,2850.0,1,0,1,0,0,0,1,0,0,10398
683,1,2013-08-30,-0.9749279121818236,-0.2225209339563146,-0.8660254037844384,-0.5000000000000004,-0.8543221697498269,-0.5197438121555157,10398.0,7908.0,10344.0,9173.0,10502.0,4702.453225002172,8129.033333333334,8497.0,3940.8990702134433,2850.0,1,0,1,0,0,0,1,0,0,13345
683,1,2013-08-31,-0.7818314824680299,0.6234898018587334,-0.8660254037844384,-0.5000000000000004,-0.8631421280499115,-0.5049610547215202,13345.0,5886.0,6108.0,9393.57142857143,10502.0,4556.524913320927,7977.3,8338.5,3874.5076852999355,2850.0,0,0,1,0,0,0,1,0,0,7430
683,1,2013-09-01,-2.4492935982947064e-16,1.0,-1.0,-1.8369701987210297e-16,-0.8717063187093218,-0.4900286664290594,7430.0,0.0,0.0,9393.57142857143,10502.0,4556.524913320927,7627.866666666667,8094.0,4106.505173530149,2850.0,0,0,1,0,0,0,1,0,0,0
683,1,2013-09-02,0.7818314824680298,0.6234898018587336,-1.0,-1.8369701987210297e-16,-0.8800122039735356,-0.4749510720670502,0.0,12596.0,8872.0,8745.57142857143,10398.0,4342.7151973983155,7711.866666666667,8170.0,4088.0567403894565,2850.0,0,0,1,0,0,0,1,0,0,8060
683,1,2013-09-03,0.9749279121818236,-0.22252093395631434,-1.0,-1.8369701987210297e-16,-0.888057322629493,-0.4597327394521046,8060.0,11484.0,7299.0,8332.42857142857,8592.0,4173.025195911749,7998.266666666666,8338.5,3821.4234027373222,2850.0,0,0,1,0,0,0,1,0,0,8592
683,1,2013-09-04,0.43388373911755823,-0.900968867902419,-1.0,-1.8369701987210297e-16,-0.8958392907349089,-0.44437817810461344,8592.0,10502.0,7416.0,7941.857142857143,8060.0,4062.604929047841,7951.133333333333,8170.0,3815.0345931755883,2850.0,0,0,1,0,0,0,1,0,0,7768
683,1,2013-09-05,-0.433883739117558,-0.9009688679024191,-1.0,-1.8369701987210297e-16,-0.9033558023246842,-0.4288919379124841,7768.0,10398.0,7434.0,7510.428571428572,7768.0,3916.0127620298886,7917.166666666667,7984.0,3815.4642333655734,2850.0,0,0,1,0,0,0,1,0,0,7378
683,1,2013-09-06,-0.9749279121818236,-0.2225209339563146,-1.0,-1.8369701987210297e-16,-0.9106046300942162,-0.41327860778290443,7378.0,13345.0,7908.0,6620.0,7430.0,2960.2200368666304,7878.233333333334,7838.0,3817.59277540842,2850.0,0,0,1,0,0,0,1,0,0,7112
683,1,2013-09-07,-0.7818314824680299,0.6234898018587334,-1.0,-1.8369701987210297e-16,-0.9175836260593934,-0.3975428142825566,7112.0,7430.0,5886.0,6308.142857142857,7378.0,2975.613686203875,7800.3,7838.0,3847.53220640326,2850.0,0,0,1,0,0,0,1,0,0,5247
683,1,2013-09-08,-2.4492935982947064e-16,1.0,-1.0,-1.8369701987210297e-16,-0.9242907221930934,-0.3816892202666586,5247.0,0.0,0.0,6308.142857142857,7378.0,2975.613686203875,7513.733333333334,7601.0,4098.14067961131,2850.0,0,0,1,0,0,0,1,0,0,0
683,1,2013-09-09,0.7818314824680298,0.6234898018587336,-1.0,-1.8369701987210297e-16,-0.9307239310379793,-0.3657225234972692,0.0,8060.0,12596.0,6803.142857142857,7378.0,3548.6401352523494,7692.966666666666,7838.0,4153.557880638728,2850.0,1,0,1,0,0,0,1,0,0,11525
683,1,2013-09-10,0.9749279121818236,-0.22252093395631434,-1.0,-1.8369701987210297e-16,-0.9368813462954315,-0.34964745525122826,11525.0,8592.0,11484.0,7148.285714285715,7378.0,3855.8187506799695,8059.9,7984.0,3930.770551378724,2850.0,1,0,1,0,0,0,1,0,0,11008
683,1,2013-09-11,0.43388373911755823,-0.900968867902419,-1.0,-1.8369701987210297e-16,-0.9427611433904206,-0.33346877891818705,11008.0,7768.0,10502.0,7600.428571428572,7378.0,4117.301173387848,7947.933333333333,7984.0,3792.539381591117,2850.0,1,0,1,0,0,0,1,0,0,10933
683,1,2013-09-12,-0.433883739117558,-0.9009688679024191,-1.0,-1.8369701987210297e-16,-0.9483615800121716,-0.31719128858910595,10933.0,7378.0,10398.0,8042.142857142857,10470.0,4253.081213605474,7905.133333333333,7984.0,3755.1666268492386,2850.0,1,0,1,0,0,0,1,0,0,10470
683,1,2013-09-13,-0.9749279121818236,-0.2225209339563146,-1.0,-1.8369701987210297e-16,-0.9536809966304455,-0.300819807635668,10470.0,7112.0,13345.0,8619.42857142857,10933.0,4378.196997895475,7910.733333333334,7984.0,3760.0400486984286,2850.0,1,0,1,0,0,0,1,0,0,11153
683,1,2013-09-14,-0.7818314824680299,0.6234898018587334,-1.0,-1.8369701987210297e-16,-0.9587178169872964,-0.2843591872810036,11153.0,5247.0,7430.0,8655.142857142857,10933.0,4347.010675110403,7725.5,7838.0,3736.657991879355,2850.0,0,0,1,0,0,0,1,0,0,5497
683,1,2013-09-15,-2.4492935982947064e-16,1.0,-1.0,-1.8369701987210297e-16,-0.9634705485641486,-0.26781430516217486,5497.0,0.0,0.0,8655.142857142857,10933.0,4347.010675110403,7380.7,7601.0,3957.4285115637817,2850.0,0,0,1,0,0,0,1,0,0,0
683,1,2013-09-16,0.7818314824680298,0.6234898018587336,-1.0,-1.8369701987210297e-16,-0.9679377830240642,-0.25119006388481957,0.0,11525.0,8060.0,8230.142857142857,10470.0,4161.121861091927,7462.1,7838.0,3955.4619186202726,2850.0,0,0,1,0,0,0,1,0,0,8550
683,1,2013-09-17,0.9749279121818236,-0.22252093395631434,-1.0,-1.8369701987210297e-16,-0.9721181966290612,-0.23449138957041052,8550.0,11008.0,8592.0,7756.571428571428,8550.0,3976.8445136457485,7718.533333333334,7838.0,3695.861280175278,2850.0,0,0,1,0,0,0,1,0,0,7693
683,1,2013-09-18,0.43388373911755823,-0.900968867902419,-1.0,-1.8369701987210297e-16,-0.9760105506323682,-0.21772323039653224,7693.0,10933.0,7768.0,7068.428571428572,7693.0,3745.6362546810333,7626.666666666667,7730.5,3700.4509075976434,2850.0,0,0,1,0,0,0,1,0,0,6116
683,1,2013-09-19,-0.433883739117558,-0.9009688679024191,-1.0,-1.8369701987210297e-16,-0.9796136916454901,-0.20089055513063528,6116.0,10470.0,7378.0,6654.0,7569.0,3455.8253235177663,7635.666666666667,7730.5,3699.954802457711,2850.0,0,0,1,0,0,0,1,0,0,7569
683,1,2013-09-20,-0.9749279121818236,-0.2225209339563146,-1.0,-1.8369701987210297e-16,-0.9829265519799822,-0.18399835165767986,7569.0,11153.0,7112.0,6095.714285714285,7245.0,2874.6846617954316,7629.966666666666,7730.5,3700.436567751705,2850.0,0,0,1,0,0,0,1,0,0,7245
683,1,2013-09-21,-0.7818314824680299,0.6234898018587334,-1.0,-1.8369701987210297e-16,-0.9859481499638303,-0.1670516255021195,7245.0,5497.0,5247.0,6204.285714285715,7245.0,2862.6302424102755,7590.733333333334,7730.5,3708.815917869701,2850.0,0,0,1,0,0,0,1,0,0,6257
683,1,2013-09-22,-2.4492935982947064e-16,1.0,-1.0,-1.8369701987210297e-16,-0.9886775902323404,-0.15005539834465262,6257.0,0.0,0.0,6204.285714285715,7245.0,2862.6302424102755,7327.133333333333,7631.0,3958.1351210868997,2850.0,0,0,1,0,0,0,1,0,0,0
683,1,2013-09-23,0.7818314824680298,0.6234898018587336,-1.0,-1.8369701987210297e-16,-0.9911140639934546,-0.13301470653419636,0.0,8550.0,11525.0,6631.714285714285,7245.0,3437.001198442509,7515.666666666667,7730.5,4021.32276516188,2850.0,1,0,1,0,0,0,1,0,0,11542
683,1,2013-09-24,0.9749279121818236,-0.22252093395631434,-1.0,-1.8369701987210297e-16,-0.9932568492674143,-0.11593459959550066,11542.0,7693.0,11008.0,7015.142857142857,7245.0,3713.703875673245,7861.566666666667,7914.0,3792.3363982472933,2850.0,1,0,1,0,0,0,1,0,0,10377
683,1,2013-09-25,0.43388373911755823,-0.900968867902419,-1.0,-1.8369701987210297e-16,-0.9951053111006974,-0.09882013873287211,10377.0,6116.0,10933.0,7602.571428571428,7569.0,3869.712860025614,7782.633333333333,7914.0,3714.2357963078625,2850.0,1,0,1,0,0,0,1,0,0,10228
683,1,2013-09-26,-0.433883739117558,-0.9009688679024191,-1.0,-1.8369701987210297e-16,-0.99665890175417,-0.08167639533042288,10228.0,7569.0,10470.0,7969.142857142857,10135.0,3985.7979305099175,7737.666666666667,7914.0,3675.847228949362,2850.0,1,0,1,0,0,0,1,0,0,10135
683,1,2013-09-27,-0.9749279121818236,-0.2225209339563146,-1.0,-1.8369701987210297e-16,-0.9979171608653922,-0.06450844944931625,10135.0,7245.0,11153.0,8406.857142857143,10228.0,4060.56036480071,7731.233333333334,7914.0,3671.008070547241,2850.0,1,0,1,0,0,0,1,0,0,10309
683,1,2013-09-28,-0.7818314824680299,0.6234898018587334,-1.0,-1.8369701987210297e-16,-0.9988797155850335,-0.04732138832243232,10309.0,6257.0,5497.0,8475.857142857143,10228.0,4021.8590820900818,7609.3,7730.5,3639.9960889520466,2850.0,0,0,1,0,0,0,1,0,0,6740
683,1,2013-09-29,-2.4492935982947064e-16,1.0,-1.0,-1.8369701987210297e-16,-0.9995462806873573,-0.03012030484690836,6740.0,0.0,0.0,8475.857142857143,10228.0,4021.8590820900818,7164.466666666666,7631.0,3729.2158067525843,2850.0,0,0,1,0,0,0,1,0,0,0
683,1,2013-09-30,0.7818314824680298,0.6234898018587336,-1.0,-1.8369701987210297e-16,-0.9999166586547379,-0.012910296075008843,0.0,11542.0,8550.0,8170.571428571428,10135.0,3826.6996597217144,7230.3,7730.5,3751.4315718044263,2850.0,0,0,1,0,0,0,1,0,0,9405
683,1,2013-10-01,0.9749279121818236,-0.22252093395631434,-0.8660254037844386,0.5000000000000001,-0.9999907397361901,0.004303538296243821,9405.0,10377.0,7693.0,7941.857142857143,9405.0,3719.180618925421,7522.833333333333,7914.0,3502.0614823895903,2850.0,0,0,1,0,0,0,1,0,0,8776
683,1,2013-10-02,0.43388373911755823,-0.900968867902419,-0.8660254037844386,0.5000000000000001,-0.9997685019798909,0.021516097436222233,8776.0,10228.0,6116.0,7710.285714285715,8776.0,3601.722167439984,7541.066666666667,8159.0,3506.3759651804876,2850.0,0,0,1,0,0,0,1,0,0,8607
683,1,2013-10-03,-0.433883739117558,-0.9009688679024191,-0.8660254037844386,0.5000000000000001,-0.9992500112396835,0.03872228089217399,8607.0,10135.0,7569.0,6262.428571428572,8607.0,4410.775625561521,7254.666666666667,7730.5,3759.346864892186,2850.0,0,0,1,0,0,0,1,0,0,0
683,1,2013-10-04,-0.9749279121818236,-0.2225209339563146,-0.8660254037844386,0.5000000000000001,-0.9984354211555643,0.05591699010060302,0.0,10309.0,7245.0,6159.571428571428,8607.0,4307.8790162964915,7315.366666666667,8121.5,3782.5508769587764,2850.0,0,0,1,0,0,0,1,0,0,9589
683,1,2013-10-05,-0.7818314824680299,0.6234898018587334,-0.8660254037844386,0.5000000000000001,-0.9973249731081555,0.07309512989807776,9589.0,6740.0,6257.0,6037.428571428572,8607.0,4300.794300945772,7265.6,8121.5,3791.509421925748,2850.0,0,0,1,0,0,0,1,0,0,5885
683,1,2013-10-06,-2.4492935982947064e-16,1.0,-0.8660254037844386,0.5000000000000001,-0.9959189961471792,0.0902516100310407,5885.0,0.0,0.0,6037.428571428572,8607.0,4300.794300945772,7028.533333333334,8121.5,4017.0760487709463,2850.0,0,0,1,0,0,0,1,0,0,0
683,1,2013-10-07,0.7818314824680298,0.6234898018587336,-0.8660254037844386,0.5000000000000001,-0.994217906893952,0.10738134666416306,0.0,9405.0,11542.0,6705.0,8607.0,5182.851210160936,7322.9,8578.5,4201.361301144978,2850.0,1,0,1,0,0,0,1,0,0,14078
683,1,2013-10-08,0.9749279121818236,-0.22252093395631434,-0.8660254037844386,0.5000000000000001,-0.9922222094179324,0.12447926388678869,14078.0,8776.0,10377.0,7054.857142857143,8607.0,5423.040949767681,7697.066666666667,8691.5,4022.7506709861523,2850.0,1,0,1,0,0,0,1,0,0,11225
683,1,2013-10-09,0.43388373911755823,-0.900968867902419,-0.8660254037844386,0.5000000000000001,-0.989932495087353,0.141540295217043,11225.0,8607.0,10228.0,7182.142857142857,9498.0,5475.743889450742,7629.5,8691.5,3972.9538021216786,2850.0,1,0,1,0,0,0,1,0,0,9498
683,1,2013-10-10,-0.433883739117558,-0.9009688679024191,-0.8660254037844386,0.5000000000000001,-0.9873494423939864,0.15855938510313475,9498.0,0.0,10135.0,8370.42857142857,9498.0,4467.017306777265,7539.833333333333,8578.5,3924.129871337904,2850.0,1,0,1,0,0,0,1,0,0,8318
683,1,2013-10-11,-0.9749279121818236,-0.2225209339563146,-0.8660254037844386,0.5000000000000001,-0.9844738167520923,0.17553149042142777,8318.0,9589.0,10309.0,8534.857142857143,9498.0,4539.936799434231,7533.4,8578.5,3918.5294004344237,2850.0,1,0,1,0,0,0,1,0,0,10740
683,1,2013-10-12,-0.7818314824680299,0.6234898018587334,-0.8660254037844386,0.5000000000000001,-0.9813064702716093,0.19245158197082995,10740.0,5885.0,6740.0,8609.57142857143,9498.0,4493.121775081805,7398.0,8434.0,3883.5826776049335,2850.0,0,0,1,0,0,0,1,0,0,6408
683,1,2013-10-13,-2.4492935982947064e-16,1.0,-0.8660254037844386,0.5000000000000001,-0.9778483415056568,0.20931464596304888,6408.0,0.0,0.0,8609.57142857143,9498.0,4493.121775081805,7026.233333333334,8005.5,4042.3119168779313,2850.0,0,0,1,0,0,0,1,0,0,0
683,1,2013-10-14,0.7818314824680298,0.6234898018587336,-0.8660254037844386,0.5000000000000001,-0.9741004551724206,0.22611568550828803,0.0,14078.0,9405.0,7787.571428571428,8324.0,3798.61623301358,7120.466666666666,8321.0,4038.3827826062475,2850.0,0,0,1,0,0,0,1,0,0,8324
683,1,2013-10-15,0.9749279121818236,-0.22252093395631434,-0.8660254037844386,0.5000000000000001,-0.970063921851507,0.2428497220959358,8324.0,11225.0,8776.0,7274.571428571428,8318.0,3486.6984793231377,7374.933333333333,8321.0,3808.192628905551,2850.0,0,0,1,0,0,0,1,0,0,7634
683,1,2013-10-16,0.43388373911755823,-0.900968867902419,-0.8660254037844386,0.5000000000000001,-0.965739937654855,0.25951179706979943,7634.0,9498.0,8607.0,7039.0,7849.0,3365.0228825373533,7351.566666666667,8083.5,3802.8808470397294,2850.0,0,0,1,0,0,0,1,0,0,7849
683,1,2013-10-17,-0.433883739117558,-0.9009688679024191,-0.8660254037844386,0.5000000000000001,-0.9611297838723007,0.27609697309746883,7849.0,8318.0,0.0,6866.285714285715,7634.0,3319.149525319486,7332.1,8083.5,3802.5675205413327,2850.0,0,0,1,0,0,0,1,0,0,7109
683,1,2013-10-18,-0.9749279121818236,-0.2225209339563146,-0.8660254037844386,0.5000000000000001,-0.9562348265919058,0.2926003356333479,7109.0,10740.0,9589.0,6352.571428571428,7144.0,2867.189905182591,7366.366666666667,8083.5,3795.8567656139858,2850.0,0,0,1,0,0,0,1,0,0,7144
683,1,2013-10-19,-0.7818314824680299,0.6234898018587334,-0.8660254037844386,0.5000000000000001,-0.9510565162951536,0.30901699437494723,7144.0,6408.0,5885.0,6301.428571428572,7144.0,2869.228575601397,7315.733333333334,8083.5,3803.1845905615805,2850.0,0,0,1,0,0,0,1,0,0,6050
683,1,2013-10-20,-2.4492935982947064e-16,1.0,-0.8660254037844386,0.5000000000000001,-0.9455963874271428,0.3253420847119795,6050.0,0.0,0.0,6301.428571428572,7144.0,2869.228575601397,7074.233333333334,8083.5,4031.0324739137404,2850.0,0,0,1,0,0,0,1,0,0,0
683,1,2013-10-21,0.7818314824680298,0.6234898018587336,-0.8660254037844386,0.5000000000000001,-0.9398560579418953,0.341570769167856,0.0,8324.0,14078.0,6817.714285714285,7144.0,3540.4595141631785,7263.6,8321.0,4123.691120243176,2850.0,1,0,1,0,0,0,1,0,0,11938
683,1,2013-10-22,0.9749279121818236,-0.22252093395631434,-0.8660254037844386,0.5000000000000001,-0.9338372288229252,0.35769823883312546,11938.0,7634.0,11225.0,7200.714285714285,7144.0,3780.3655781897464,7607.433333333333,8465.5,3922.28180143715,2850.0,1,0,1,0,0,0,1,0,0,10315
683,1,2013-10-23,0.43388373911755823,-0.900968867902419,-0.8660254037844386,0.5000000000000001,-0.9275416835791965,0.3737197147904692,10315.0,7849.0,9498.0,7541.285714285715,7144.0,3951.9940837626805,7563.8,8465.5,3884.097599895919,2850.0,1,0,1,0,0,0,1,0,0,10233
683,1,2013-10-24,-0.433883739117558,-0.9009688679024191,-0.8660254037844386,0.5000000000000001,-0.9209712877166346,0.38963044953078774,10233.0,7109.0,8318.0,7921.857142857143,9773.0,4030.909303063491,7543.666666666667,8465.5,3870.55427139526,2850.0,1,0,1,0,0,0,1,0,0,9773
683,1,2013-10-25,-0.9749279121818236,-0.2225209339563146,-0.8660254037844386,0.5000000000000001,-0.9141279881853337,0.4054257283599973,9773.0,7144.0,10740.0,8235.857142857143,9773.0,4045.799279440812,7514.133333333333,8465.5,3852.7048781552057,2850.0,1,0,1,0,0,0,1,0,0,9342
683,1,2013-10-26,-0.7818314824680299,0.6234898018587334,-0.8660254037844386,0.5000000000000001,-0.9070138128026362,0.42110087079608916,9342.0,6050.0,6408.0,8152.0,9773.0,4104.31667069359,7358.4,8321.0,3837.506963713776,2850.0,0,0,1,0,0,0,1,0,0,5463
683,1,2013-10-27,-2.4492935982947064e-16,1.0,-0.8660254037844386,0.5000000000000001,-0.8996308696522434,0.4366512319560638,5463.0,0.0,0.0,8152.0,9773.0,4104.31667069359,7014.766666666666,8083.5,4021.3431679866176,2850.0,0,0,1,0,0,0,1,0,0,0
683,1,2013-10-28,0.7818314824680298,0.6234898018587336,-0.8660254037844386,0.5000000000000001,-0.8919813464595487,0.45207220393230374,0.0,11938.0,8324.0,7389.428571428572,9342.0,3765.5631211078653,7010.1,8083.5,4021.7542351051497,2850.0,0,0,1,0,0,0,1,0,0,6600
683,1,2013-10-29,0.9749279121818236,-0.22252093395631434,-0.8660254037844386,0.5000000000000001,-0.8840675099433637,0.46735921715800205,6600.0,10315.0,7634.0,6981.0,7456.0,3543.8811116251236,7258.633333333333,8083.5,3797.7532694215797,2850.0,0,0,1,0,0,0,1,0,0,7456
683,1,2013-10-30,0.43388373911755823,-0.900968867902419,-0.8660254037844386,0.5000000000000001,-0.8758917051442433,0.48250774176121763,7456.0,10233.0,7849.0,6683.714285714285,7456.0,3304.835987573649,7216.866666666667,8000.5,3780.1835727485723,2850.0,0,0,1,0,0,0,1,0,0,8152
683,1,2013-10-31,-0.433883739117558,-0.9009688679024191,-0.8660254037844386,0.5000000000000001,-0.867456354729597,0.4975132889071803,8152.0,9773.0,7109.0,6865.714285714285,7456.0,3530.6834425403476,7292.566666666667,8000.5,3834.826603851756,2850.0,0,0,1,0,0,0,1,0,0,11047
683,1,2013-11-01,-0.9749279121818236,-0.2225209339563146,-0.5000000000000004,0.8660254037844384,-0.858763958275803,0.5123714121284235,11047.0,9342.0,7144.0,6770.571428571428,7456.0,3461.1205245865503,7294.866666666667,8000.5,3835.6627421169824,2850.0,0,0,1,0,0,0,1,0,0,8676
683,1,2013-11-02,-0.7818314824680299,0.6234898018587334,-0.5000000000000004,0.8660254037844384,-0.8498170915275277,0.5270777086423724,8676.0,5463.0,6050.0,6966.714285714285,7456.0,3413.2429698790215,7522.733333333334,8000.5,3582.0179915731887,2850.0,0,0,1,0,0,0,1,0,0,6836
683,1,2013-11-03,-2.4492935982947064e-16,1.0,-0.5000000000000004,0.8660254037844384,-0.8406184056344783,0.5416278206559811,6836.0,0.0,0.0,6966.714285714285,7456.0,3413.242969879022,7203.1,7741.5,3811.7415184464276,2850.0,0,0,1,0,0,0,1,0,0,0
683,1,2013-11-04,0.7818314824680298,0.6234898018587336,-0.5000000000000004,0.8660254037844384,-0.8311706263658079,0.5560174366570446,0.0,6600.0,11938.0,7771.0,8152.0,3935.7535068480406,7414.6,8000.5,3910.8258110197044,2850.0,1,0,1,0,0,0,1,0,0,12230
683,1,2013-11-05,0.9749279121818236,-0.22252093395631434,-0.5000000000000004,0.8660254037844384,-0.8214765533024145,0.5702422926917867,12230.0,7456.0,10315.0,8399.42857142857,8676.0,4218.141528253993,7809.766666666666,8235.0,3730.5743080410666,2850.0,1,0,1,0,0,0,1,0,0,11855
683,1,2013-11-06,0.43388373911755823,-0.900968867902419,-0.5000000000000004,0.8660254037844384,-0.8115390590073611,0.5842981736283683,11855.0,8152.0,10233.0,8449.0,8676.0,4216.787877045747,7623.8,8235.0,3541.6007524359898,2850.0,1,0,1,0,0,0,1,0,0,8499
683,1,2013-11-07,-0.433883739117558,-0.9009688679024191,-0.5000000000000004,0.8660254037844384,-0.8013610881746769,0.5981809144059159,8499.0,11047.0,9773.0,8334.0,8676.0,4144.483683162473,7591.033333333334,8235.0,3511.5536445924567,2850.0,1,0,1,0,0,0,1,0,0,10242
683,1,2013-11-08,-0.9749279121818236,-0.2225209339563146,-0.5000000000000004,0.8660254037844384,-0.7909456567567774,0.6118864012687242,10242.0,8676.0,9342.0,8471.142857142857,9636.0,4173.468838131791,7595.633333333333,8235.0,3514.2272067866547,2850.0,1,0,1,0,0,0,1,0,0,9636
683,1,2013-11-09,-0.7818314824680299,0.6234898018587334,-0.5000000000000004,0.8660254037844384,-0.780295851070776,0.6254105729852457,9636.0,6836.0,5463.0,8425.285714285714,9636.0,4196.1318582032845,7535.533333333334,8000.5,3516.8637451995273,2850.0,0,0,1,0,0,0,1,0,0,6515
683,1,2013-11-10,-2.4492935982947064e-16,1.0,-0.5000000000000004,0.8660254037844384,-0.7694148268839381,0.6387494220515268,6515.0,0.0,0.0,8425.285714285714,9636.0,4196.1318582032845,7177.533333333334,7741.5,3720.179470395752,2850.0,0,0,1,0,0,0,1,0,0,0
683,1,2013-11-11,0.7818314824680298,0.6234898018587336,-0.5000000000000004,0.8660254037844384,-0.7583058084785625,0.6518989958787125,0.0,12230.0,6600.0,7881.428571428572,8499.0,3853.5443796217364,7244.7,8000.5,3723.9948345273256,2850.0,0,0,1,0,0,0,1,0,0,8423
683,1,2013-11-12,0.9749279121818236,-0.22252093395631434,-0.5000000000000004,0.8660254037844384,-0.7469720876965551,0.6648553979642867,8423.0,11855.0,7456.0,7398.428571428572,8474.0,3464.767277280579,7527.166666666667,8238.0,3468.1201614164097,2850.0,0,0,1,0,0,0,1,0,0,8474
683,1,2013-11-13,0.43388373911755823,-0.900968867902419,-0.5000000000000004,0.8660254037844384,-0.7354170229639858,0.6776147890466887,8474.0,8499.0,8152.0,7315.0,8423.0,3440.7978725871117,7513.533333333334,8033.5,3465.6828031362043,2850.0,0,0,1,0,0,0,1,0,0,7915
683,1,2013-11-14,-0.433883739117558,-0.9009688679024191,-0.5000000000000004,0.8660254037844384,-0.7236440382959123,0.690173388242972,7915.0,10242.0,11047.0,7095.571428571428,8423.0,3267.645679340752,7549.266666666666,8287.5,3472.487530657915,2850.0,0,0,1,0,0,0,1,0,0,8706
683,1,2013-11-15,-0.9749279121818236,-0.2225209339563146,-0.5000000000000004,0.8660254037844384,-0.7116566222817751,0.7025274741691566,8706.0,9636.0,8676.0,6850.0,7917.0,3105.4758089542415,7551.533333333334,8287.5,3472.712114455365,2850.0,0,0,1,0,0,0,1,0,0,7917
683,1,2013-11-16,-0.7818314824680299,0.6234898018587334,-0.5000000000000004,0.8660254037844384,-0.6994583270516471,0.7146733860429608,7917.0,6515.0,6836.0,6853.285714285715,7917.0,3105.074433583716,7532.5,8287.5,3476.7835884175547,2850.0,0,0,1,0,0,0,1,0,0,6538
683,1,2013-11-17,-2.4492935982947064e-16,1.0,-0.5000000000000004,0.8660254037844384,-0.6870527672236675,0.726607524768565,6538.0,0.0,0.0,6853.285714285715,7917.0,3105.074433583716,7294.366666666667,8287.5,3739.0718881906328,2850.0,0,0,1,0,0,0,1,0,0,0
683,1,2013-11-18,0.7818314824680298,0.6234898018587336,-0.5000000000000004,0.8660254037844384,-0.6744436188329457,0.7383263540031063,0.0,8423.0,12230.0,7625.142857142857,7917.0,4079.0791619584684,7553.566666666667,8448.5,3915.2105918022994,2850.0,1,0,1,0,0,0,1,0,0,13826
683,1,2013-11-19,0.9749279121818236,-0.22252093395631434,-0.5000000000000004,0.8660254037844384,-0.661634618242279,0.749826401204568,13826.0,8474.0,11855.0,8030.142857142857,7917.0,4311.523142640405,7930.533333333334,8486.5,3701.449573765179,2850.0,1,0,1,0,0,0,1,0,0,11309
683,1,2013-11-20,0.43388373911755823,-0.900968867902419,-0.5000000000000004,0.8660254037844384,-0.6486295610349818,0.7611042586607742,11309.0,7915.0,8499.0,8199.857142857143,8706.0,4329.579172335782,7836.033333333334,8486.5,3631.130350116919,2850.0,1,0,1,0,0,0,1,0,0,9103
683,1,2013-11-21,-0.433883739117558,-0.9009688679024191,-0.5000000000000004,0.8660254037844384,-0.6354323008901775,0.7721565844991641,9103.0,8706.0,10242.0,8410.285714285714,9103.0,4393.601397270265,7831.5,8486.5,3628.012287075721,2850.0,1,0,1,0,0,0,1,0,0,10179
683,1,2013-11-22,-0.9749279121818236,-0.2225209339563146,-0.5000000000000004,0.8660254037844384,-0.622046748440868,0.7829801036770625,10179.0,7917.0,9636.0,8591.142857142857,9183.0,4395.967676123631,7796.5,8486.5,3609.061017915113,2850.0,1,0,1,0,0,0,1,0,0,9183
683,1,2013-11-23,-0.7818314824680299,0.6234898018587334,-0.5000000000000004,0.8660254037844384,-0.6084768701151264,0.7935716089521472,9183.0,6538.0,6515.0,8499.0,9183.0,4452.5711298828965,7667.166666666667,8448.5,3605.3086728374274,2850.0,0,0,1,0,0,0,1,0,0,5893
683,1,2013-11-24,-2.4492935982947064e-16,1.0,-0.5000000000000004,0.8660254037844384,-0.594726686960764,0.8039279618328208,5893.0,0.0,0.0,8499.0,9183.0,4452.5711298828965,7355.766666666666,8287.5,3850.7524896806335,2850.0,0,0,1,0,0,0,1,0,0,0
683,1,2013-11-25,0.7818314824680298,0.6234898018587336,-0.5000000000000004,0.8660254037844384,-0.5808002734538014,0.8140460935082175,0.0,13826.0,8423.0,7830.0,9143.0,3826.6002752661084,7478.433333333333,8448.5,3846.9906347271176,2850.0,0,0,1,0,0,0,1,0,0,9143
683,1,2013-11-26,0.9749279121818236,-0.22252093395631434,-0.5000000000000004,0.8660254037844384,-0.5667017562911184,0.8239230057575536,9143.0,11309.0,8474.0,7386.714285714285,9103.0,3524.1934639614446,7751.966666666666,8448.5,3579.339878297087,2850.0,0,0,1,0,0,0,1,0,0,8206
683,1,2013-11-27,0.43388373911755823,-0.900968867902419,-0.5000000000000004,0.8660254037844384,-0.5524353131676203,0.8335557718385695,8206.0,9103.0,7915.0,7212.428571428572,8206.0,3454.6507714067056,7794.733333333334,8448.5,3572.760054802924,2850.0,0,0,1,0,0,0,1,0,0,7883
683,1,2013-11-28,-0.433883739117558,-0.9009688679024191,-0.5000000000000004,0.8660254037844384,-0.5380051715382992,0.8429415373547832,7883.0,10179.0,8706.0,7119.285714285715,8206.0,3369.066078024477,7863.766666666666,8486.5,3585.972947215429,2850.0,0,0,1,0,0,0,1,0,0,9527
683,1,2013-11-29,-0.9749279121818236,-0.2225209339563146,-0.5000000000000004,0.8660254037844384,-0.5234156073655503,0.8520775211013093,9527.0,9183.0,7917.0,7404.857142857143,8206.0,3646.4482915375524,7964.766666666666,8587.5,3636.682939953264,2850.0,0,0,1,0,0,0,1,0,0,11182
683,1,2013-11-30,-0.7818314824680299,0.6234898018587334,-0.5000000000000004,0.8660254037844384,-0.5086709438521042,0.8609610158889945,11182.0,5893.0,6538.0,7794.142857142857,8618.0,3603.3482313246477,7883.8,8558.5,3592.46483821249,2850.0,0,0,1,0,0,0,1,0,0,8618
683,1,2013-12-01,-2.4492935982947064e-16,1.0,-2.4492935982947064e-16,1.0,-0.4937755501599774,0.8695893893466109,8618.0,0.0,0.0,7794.142857142857,8618.0,3603.348231324648,7594.6,8486.5,3865.345268068468,2850.0,0,0,1,0,0,0,1,0,0,0
683,1,2013-12-02,0.7818314824680298,0.6234898018587336,-2.4492935982947064e-16,1.0,-0.4787338401157883,0.8779600847008883,0.0,9143.0,13826.0,8928.285714285714,8618.0,5055.4529211629715,7936.133333333333,8558.5,4231.335737038627,2850.0,1,0,1,0,0,0,1,0,0,17082
683,1,2013-12-03,0.9749279121818236,-0.22252093395631434,-2.4492935982947064e-16,1.0,-0.4635502709028512,0.8860706215341377,17082.0,8206.0,11309.0,9839.857142857143,9527.0,5462.420691371527,8422.366666666667,8662.0,4124.6984883189,2850.0,1,0,1,0,0,0,1,0,0,14587
683,1,2013-12-04,0.43388373911755823,-0.900968867902419,-2.4492935982947064e-16,1.0,-0.4482293417404106,0.893918596519257,14587.0,7883.0,9103.0,10720.142857142857,11182.0,5589.541645745542,8482.866666666667,8662.0,4195.182448322436,2850.0,1,0,1,0,0,0,1,0,0,14045
683,1,2013-12-05,-0.433883739117558,-0.9009688679024191,-2.4492935982947064e-16,1.0,-0.4327755925504317,0.9015016841318838,14045.0,9527.0,10179.0,11454.285714285714,14045.0,5742.114787958806,8576.566666666668,8662.0,4303.100651802165,2850.0,1,0,1,0,0,0,1,0,0,14666
683,1,2013-12-06,-0.9749279121818236,-0.2225209339563146,-2.4492935982947064e-16,1.0,-0.41719360261231697,0.9088176373395028,14666.0,11182.0,9183.0,11094.142857142857,14045.0,5840.257968862087,8581.966666666667,8683.5,4303.101603802037,2850.0,1,0,1,0,0,0,1,0,0,8661
683,1,2013-12-07,-0.7818314824680299,0.6234898018587334,-2.4492935982947064e-16,1.0,-0.4014879892059737,0.9158642882672868,8661.0,8618.0,5893.0,10975.142857142857,14045.0,5907.222907271271,8500.066666666668,8639.5,4293.788761273285,2850.0,0,0,1,0,0,0,1,0,0,7785
683,1,2013-12-08,-2.4492935982947064e-16,1.0,-2.4492935982947064e-16,1.0,-0.38566340624360745,0.9226395488404875,7785.0,0.0,0.0,10975.142857142857,14045.0,5907.222907271271,8178.866666666667,8546.0,4558.159570623253,2850.0,0,0,1,0,0,0,1,0,0,0
683,1,2013-12-09,0.7818314824680298,0.6234898018587336,-2.4492935982947064e-16,1.0,-0.3697245428906732,0.9291414114031743,0.0,17082.0,9143.0,9949.857142857143,9905.0,5257.767600689205,8291.866666666667,8639.5,4557.508981838678,2850.0,0,0,1,0,0,0,1,0,0,9905
683,1,2013-12-10,0.9749279121818236,-0.22252093395631434,-2.4492935982947064e-16,1.0,-0.3536761221763721,0.935367949313148,9905.0,14587.0,8206.0,9251.42857142857,9698.0,4847.859350859333,8615.133333333333,8683.5,4284.868619346159,2850.0,0,0,1,0,0,0,1,0,0,9698
683,1,2013-12-11,0.43388373911755823,-0.900968867902419,-2.4492935982947064e-16,1.0,-0.33752289959411347,0.941317317512847,9698.0,14045.0,7883.0,8672.0,9698.0,4401.249140868987,8667.333333333334,8904.5,4291.980182276878,2850.0,0,0,1,0,0,0,1,0,0,9989
683,1,2013-12-12,-0.433883739117558,-0.9009688679024191,-2.4492935982947064e-16,1.0,-0.32126966169236515,0.946987753076075,9989.0,14666.0,9527.0,7823.571428571428,8727.0,3541.7071146149683,8675.766666666666,8915.0,4291.83575932927,2850.0,0,0,1,0,0,0,1,0,0,8727
683,1,2013-12-13,-0.9749279121818236,-0.2225209339563146,-2.4492935982947064e-16,1.0,-0.3049212246562894,0.9523775757303973,8727.0,8661.0,11182.0,7929.857142857143,9405.0,3581.961493770856,8725.433333333332,9123.0,4291.349692702455,2850.0,0,0,1,0,0,0,1,0,0,9405
683,1,2013-12-14,-0.7818314824680299,0.6234898018587334,-2.4492935982947064e-16,1.0,-0.2884824328806098,0.9574851883550389,9405.0,7785.0,8618.0,7936.0,9405.0,3581.7085308550722,8696.166666666666,9123.0,4294.47960063031,2850.0,0,0,1,0,0,0,1,0,0,7828
683,1,2013-12-15,-2.4492935982947064e-16,1.0,-2.4492935982947064e-16,1.0,-0.27195815753410524,0.9623090774541487,7828.0,0.0,0.0,7936.0,9405.0,3581.7085308550722,8432.266666666666,9123.0,4577.91178816607,2850.0,0,0,1,0,0,0,1,0,0,0
683,1,2013-12-16,0.7818314824680298,0.6234898018587336,-2.4492935982947064e-16,1.0,-0.2553532951161881,0.9668478136052773,0.0,9905.0,17082.0,9191.0,9405.0,5442.398307119144,8837.333333333334,9163.0,4928.703720839393,2850.0,1,0,1,0,0,0,1,0,0,18690
683,1,2013-12-17,0.9749279121818236,-0.22252093395631434,-2.4492935982947064e-16,1.0,-0.23867276600594997,0.9711000518829505,18690.0,9698.0,14587.0,10151.714285714286,9405.0,6100.576030569727,9384.766666666666,9294.0,4824.237911467134,2850.0,1,0,1,0,0,0,1,0,0,16423
683,1,2013-12-18,0.43388373911755823,-0.900968867902419,-2.4492935982947064e-16,1.0,-0.22192151300416674,0.9750645322571945,16423.0,9989.0,14045.0,11028.714285714286,9405.0,6501.381640704937,9461.5,9294.0,4914.773203102156,2850.0,1,0,1,0,0,0,1,0,0,16128
683,1,2013-12-19,-0.433883739117558,-0.9009688679024191,-2.4492935982947064e-16,1.0,-0.20510449986861926,0.9787400799669153,16128.0,8727.0,14666.0,12004.142857142857,15555.0,6609.80240321326,9603.033333333333,9294.0,5029.606857079548,2850.0,1,0,1,0,0,0,1,0,0,15555
683,1,2013-12-20,-0.9749279121818236,-0.2225209339563146,-2.4492935982947064e-16,1.0,-0.1882267098432439,0.9821256058680006,15555.0,9405.0,8661.0,12836.57142857143,15555.0,6594.819731100636,9807.333333333334,9466.0,5132.03087671345,2850.0,1,0,1,0,0,0,1,0,0,15232
683,1,2013-12-21,-0.7818314824680299,0.6234898018587334,-2.4492935982947064e-16,1.0,-0.1712931441814778,0.9852201067560606,15232.0,7828.0,7785.0,13318.142857142857,15555.0,6283.87299438203,9841.333333333334,9466.0,5137.953459026895,2850.0,0,0,1,0,0,0,1,0,0,11199
683,1,2013-12-22,-2.4492935982947064e-16,1.0,-2.4492935982947064e-16,1.0,-0.154308820664281,0.9880226656636976,11199.0,0.0,0.0,13318.142857142857,15555.0,6283.87299438203,9535.233333333334,9466.0,5443.014914316445,2850.0,0,0,1,0,0,0,1,0,0,0
683,1,2013-12-23,0.7818314824680298,0.6234898018587336,-2.4492935982947064e-16,1.0,-0.13727877211326517,0.9905324521322227,0.0,18690.0,9905.0,13168.857142857143,15555.0,6145.88207470583,9926.966666666667,9612.5,5592.682198307389,2850.0,0,0,1,0,0,0,1,0,0,17645
683,1,2013-12-24,0.9749279121818236,-0.22252093395631434,-2.4492935982947064e-16,1.0,-0.12020804489935275,0.9927487224577402,17645.0,16423.0,9698.0,11619.57142857143,15232.0,6542.946096296957,10112.9,9612.5,5338.204653316474,2850.0,0,0,1,0,0,0,1,0,0,5578
683,1,2013-12-25,0.43388373911755823,-0.900968867902419,-2.4492935982947064e-16,1.0,-0.10310169744743544,0.9946708199115211,5578.0,16128.0,9989.0,9315.57142857143,11199.0,7465.369623739176,9808.133333333333,9612.5,5647.520046114433,2850.0,0,0,1,0,0,0,1,0,0,0
683,1,2013-12-26,-0.433883739117558,-0.9009688679024191,-2.4492935982947064e-16,1.0,-0.0859647987374467,0.9962981749346077,0.0,15555.0,8727.0,7093.428571428572,5578.0,7612.209838085627,9534.6,9612.5,5919.948832490898,2850.0,0,0,1,0,0,0,1,0,0,0
683,1,2013-12-27,-0.9749279121818236,-0.2225209339563146,-2.4492935982947064e-16,1.0,-0.06880242680232064,0.9976303053065857,0.0,15232.0,9405.0,6224.285714285715,5578.0,6835.8306667706365,9576.766666666666,9612.5,5912.279353225345,2850.0,0,0,1,0,0,0,1,0,0,9148
683,1,2013-12-28,-0.7818314824680299,0.6234898018587334,-2.4492935982947064e-16,1.0,-0.05161966722325418,0.9986668162884759,9148.0,11199.0,7828.0,5516.0,5578.0,6482.18458546191,9467.233333333334,9551.5,5943.5891379056375,2850.0,0,0,1,0,0,0,1,0,0,6241
683,1,2013-12-29,-2.4492935982947064e-16,1.0,-2.4492935982947064e-16,1.0,-0.034421611622745804,0.9994074007397048,6241.0,0.0,0.0,5516.0,5578.0,6482.18458546191,9094.5,9276.5,6178.3311034726785,2850.0,0,0,1,0,0,0,1,0,0,0
683,1,2013-12-30,0.7818314824680298,0.6234898018587336,-2.4492935982947064e-16,1.0,-0.01721335615583528,0.9998518392091162,0.0,17645.0,18690.0,4624.857142857143,5578.0,4728.36463725643,9187.466666666667,9551.5,6191.882342803878,2850.0,0,0,1,0,0,0,1,0,0,11407
683,1,2013-12-31,0.9749279121818236,-0.22252093395631434,-2.4492935982947064e-16,1.0,6.432490598706546e-16,1.0,11407.0,5578.0,16423.0,4444.714285714285,4317.0,4709.984561697475,9331.366666666667,9551.5,6018.745106251218,2850.0,0,0,1,0,0,0,1,0,0,4317
683,1,2014-01-01,0.43388373911755823,-0.900968867902419,0.49999999999999994,0.8660254037844387,0.017213356155834685,0.9998518392091162,4317.0,0.0,16128.0,4444.714285714285,4317.0,4709.984561697475,8761.966666666667,9276.5,6068.031217859672,2850.0,0,0,1,0,0,0,1,0,0,0
683,1,2014-01-02,-0.433883739117558,-0.9009688679024191,0.49999999999999994,0.8660254037844387,0.03442161162274574,0.9994074007397048,0.0,0.0,15555.0,5713.285714285715,6241.0,4504.721364460687,8571.733333333334,9014.0,5967.747625322323,2850.0,0,0,1,0,0,0,1,0,0,8880
683,1,2014-01-03,-0.9749279121818236,-0.2225209339563146,0.49999999999999994,0.8660254037844387,0.051619667223253764,0.998666816288476,8880.0,9148.0,15232.0,5599.0,6241.0,4412.257849823978,8381.833333333334,8803.5,5877.537275044729,2850.0,0,0,1,0,0,0,1,0,0,8348
683,1,2014-01-04,-0.7818314824680299,0.6234898018587334,0.49999999999999994,0.8660254037844387,0.06880242680231986,0.9976303053065857,8348.0,6241.0,11199.0,5658.142857142857,6655.0,4425.053725797062,8114.8,8694.0,5763.05081681928,2850.0,0,0,1,0,0,0,1,0,0,6655
683,1,2014-01-05,-2.4492935982947064e-16,1.0,0.49999999999999994,0.8660254037844387,0.08596479873744647,0.9962981749346078,6655.0,0.0,0.0,5658.142857142857,6655.0,4425.053725797062,7826.1,8537.5,5948.6918315623425,2850.0,0,0,1,0,0,0,1,0,0,0
683,1,2014-01-06,0.7818314824680298,0.6234898018587336,0.49999999999999994,0.8660254037844387,0.10310169744743485,0.9946708199115211,0.0,11407.0,17645.0,5967.857142857143,6655.0,4940.3510478700255,8019.1,8803.5,6040.529186397838,2850.0,1,0,1,0,0,0,1,0,0,13575
683,1,2014-01-07,0.9749279121818236,-0.22252093395631434,0.49999999999999994,0.8660254037844387,0.1202080448993527,0.9927487224577402,13575.0,4317.0,5578.0,6920.857142857143,8348.0,5205.148938905634,8385.366666666667,9014.0,5868.194978798454,2850.0,1,0,1,0,0,0,1,0,0,10988
683,1,2014-01-08,0.43388373911755823,-0.900968867902419,0.49999999999999994,0.8660254037844387,0.13727877211326478,0.9905324521322229,10988.0,0.0,0.0,8208.142857142857,8880.0,4231.4724556420215,8355.566666666668,8945.5,5862.479019495335,2850.0,1,0,1,0,0,0,1,0,0,9011
683,1,2014-01-09,-0.433883739117558,-0.9009688679024191,0.49999999999999994,0.8660254037844387,0.15430882066428117,0.9880226656636976,9011.0,8880.0,0.0,8336.0,9011.0,4268.515979432036,8358.133333333333,8945.5,5863.1038427836465,2850.0,1,0,1,0,0,0,1,0,0,9775
683,1,2014-01-10,-0.9749279121818236,-0.2225209339563146,0.49999999999999994,0.8660254037844387,0.1712931441814776,0.9852201067560606,9775.0,8348.0,9148.0,8610.857142857143,9775.0,4330.906349659824,8367.566666666668,8945.5,5866.045202944527,2850.0,1,0,1,0,0,0,1,0,0,10272
683,1,2014-01-11,-0.7818314824680299,0.6234898018587334,0.49999999999999994,0.8660254037844387,0.1882267098432442,0.9821256058680006,10272.0,6655.0,6241.0,8544.42857142857,9775.0,4369.301654999449,8283.0,8945.5,5878.957689696479,2850.0,0,0,1,0,0,0,1,0,0,6190
683,1,2014-01-12,-2.4492935982947064e-16,1.0,0.49999999999999994,0.8660254037844387,0.2051044998686192,0.9787400799669153,6190.0,0.0,0.0,8544.42857142857,9775.0,4369.301654999449,7969.5,8614.0,6064.887352906751,2850.0,0,0,1,0,0,0,1,0,0,0
683,1,2014-01-13,0.7818314824680298,0.6234898018587336,0.49999999999999994,0.8660254037844387,0.22192151300416552,0.9750645322571948,0.0,13575.0,11407.0,7727.571428571428,9011.0,3764.746598694383,7970.466666666666,8614.0,6064.866332969062,2850.0,0,0,1,0,0,0,1,0,0,7857
683,1,2014-01-14,0.9749279121818236,-0.22252093395631434,0.49999999999999994,0.8660254037844387,0.2386727660059501,0.9711000518829505,7857.0,10988.0,4317.0,7297.0,7974.0,3492.193484521342,8236.266666666666,8614.0,5875.277513230439,2850.0,0,0,1,0,0,0,1,0,0,7974
683,1,2014-01-15,0.43388373911755823,-0.900968867902419,0.49999999999999994,0.8660254037844387,0.255353295116187,0.9668478136052775,7974.0,9011.0,0.0,7062.0,7857.0,3412.059055760902,7858.8,8161.0,5534.375586372365,2850.0,0,0,1,0,0,0,1,0,0,7366
683,1,2014-01-16,-0.433883739117558,-0.9009688679024191,0.49999999999999994,0.8660254037844387,0.2719581575341055,0.9623090774541486,7366.0,9775.0,8880.0,6591.714285714285,7366.0,3195.819493978848,7527.466666666666,7915.5,5296.400636823759,2850.0,0,0,1,0,0,0,1,0,0,6483
683,1,2014-01-17,-0.9749279121818236,-0.2225209339563146,0.49999999999999994,0.8660254037844387,0.288482432880609,0.9574851883550393,6483.0,10272.0,8348.0,6227.0,7366.0,2830.627963308964,7247.166666666667,7788.0,5041.942702237269,2850.0,0,0,1,0,0,0,1,0,0,7719
683,1,2014-01-18,-0.7818314824680299,0.6234898018587334,0.49999999999999994,0.8660254037844387,0.30492122465628907,0.9523775757303974,7719.0,6190.0,6655.0,6249.0,7366.0,2830.89090805939,6940.133333333333,7542.5,4792.889602341146,2850.0,0,0,1,0,0,0,1,0,0,6344
683,1,2014-01-19,-2.4492935982947064e-16,1.0,0.49999999999999994,0.8660254037844387,0.3212696616923644,0.9469877530760753,6344.0,0.0,0.0,6249.0,7366.0,2830.89090805939,6432.4,7010.5,4689.895724155097,2850.0,0,0,1,0,0,0,1,0,0,0
683,1,2014-01-20,0.7818314824680298,0.6234898018587336,0.49999999999999994,0.8660254037844387,0.3375228995941133,0.9413173175128471,0.0,7857.0,13575.0,6060.142857142857,6535.0,2748.6397501656093,6276.933333333333,6595.0,4602.9356819266995,2850.0,1,0,1,0,0,0,1,0,0,6535
683,1,2014-01-21,0.9749279121818236,-0.22252093395631434,0.49999999999999994,0.8660254037844387,0.3536761221763716,0.9353679493131483,6535.0,7974.0,10988.0,6387.571428571428,6535.0,3125.327761859163,6619.133333333333,7010.5,4500.663650169162,2850.0,1,0,1,0,0,0,1,0,0,10266
683,1,2014-01-22,0.43388373911755823,-0.900968867902419,0.49999999999999994,0.8660254037844387,0.3697245428906731,0.9291414114031743,10266.0,7366.0,9011.0,6674.857142857143,6535.0,3316.8175222930877,6343.533333333334,7010.5,4030.8322810755717,2850.0,1,0,1,0,0,0,1,0,0,9377
683,1,2014-01-23,-0.433883739117558,-0.9009688679024191,0.49999999999999994,0.8660254037844387,0.38566340624360707,0.9226395488404876,9377.0,6483.0,9775.0,7169.285714285715,7719.0,3534.2830349914743,6489.066666666667,7542.5,4080.7478095390125,2850.0,1,0,1,0,0,0,1,0,0,9944
683,1,2014-01-24,-0.9749279121818236,-0.2225209339563146,0.49999999999999994,0.8660254037844387,0.401487989205973,0.9158642882672872,9944.0,7719.0,10272.0,7472.285714285715,9377.0,3677.29079234,6817.066666666667,7788.0,3934.006582163498,2850.0,1,0,1,0,0,0,1,0,0,9840
683,1,2014-01-25,-0.7818314824680299,0.6234898018587334,0.49999999999999994,0.8660254037844387,0.4171936026123168,0.9088176373395029,9840.0,6344.0,6190.0,7342.142857142857,9377.0,3739.4719515180823,6998.166666666667,7788.0,3729.080279356431,2850.0,0,0,1,0,0,0,1,0,0,5433
683,1,2014-01-26,-2.4492935982947064e-16,1.0,0.49999999999999994,0.8660254037844387,0.4327755925504312,0.901501684131884,5433.0,0.0,0.0,7342.142857142857,9377.0,3739.4719515180823,6693.233333333334,7542.5,3916.535130244176,2850.0,0,0,1,0,0,0,1,0,0,0
683,1,2014-01-27,0.7818314824680298,0.6234898018587336,0.49999999999999994,0.8660254037844387,0.4482293417404106,0.893918596519257,0.0,6535.0,7857.0,7300.428571428572,9377.0,3751.5853918551456,6693.3,7542.5,3916.5271839677816,2850.0,0,0,1,0,0,0,1,0,0,6243
683,1,2014-01-28,0.9749279121818236,-0.22252093395631434,0.49999999999999994,0.8660254037844387,0.4635502709028509,0.886070621534138,6243.0,10266.0,7974.0,6907.714285714285,7517.0,3526.5439982266707,6943.866666666667,7618.0,3708.476206572266,2850.0,0,0,1,0,0,0,1,0,0,7517
683,1,2014-01-29,0.43388373911755823,-0.900968867902419,0.49999999999999994,0.8660254037844387,0.47873384011578846,0.8779600847008882,7517.0,9377.0,7366.0,6586.714285714285,7130.0,3362.782266431854,6801.3,7441.5,3611.936181033941,2850.0,0,0,1,0,0,0,1,0,0,7130
683,1,2014-01-30,-0.433883739117558,-0.9009688679024191,0.49999999999999994,0.8660254037844387,0.4937755501599772,0.869589389346611,7130.0,9944.0,6483.0,6233.571428571428,7130.0,3068.3660612310055,6906.466666666666,7494.5,3582.9226052766307,2850.0,0,0,1,0,0,0,1,0,0,7472
683,1,2014-01-31,-0.9749279121818236,-0.2225209339563146,0.49999999999999994,0.8660254037844387,0.5086709438521044,0.8609610158889943,7472.0,9840.0,7719.0,6253.857142857143,7130.0,3096.523073199541,7239.2,7618.0,3377.0063094097236,2850.0,0,0,1,0,0,0,1,0,0,9982
683,1,2014-02-01,-0.7818314824680299,0.6234898018587334,0.8660254037844386,0.5000000000000001,0.5234156073655503,0.8520775211013093,9982.0,5433.0,6344.0,6545.0,7471.0,3102.2844271063623,7192.233333333334,7494.5,3363.1692123017974,2850.0,0,0,1,0,0,0,1,0,0,7471
683,1,2014-02-02,-2.4492935982947064e-16,1.0,0.8660254037844386,0.5000000000000001,0.5380051715382996,0.8429415373547828,7471.0,0.0,0.0,6545.0,7471.0,3102.2844271063623,6913.966666666666,7471.5,3601.176823774686,2850.0,0,0,1,0,0,0,1,0,0,0
683,1,2014-02-03,0.7818314824680298,0.6234898018587336,0.8660254037844386,0.5000000000000001,0.5524353131676196,0.8335557718385699,0.0,6243.0,6535.0,7727.857142857143,7472.0,4310.998238172197,7176.233333333334,7494.5,3858.946485526963,2850.0,1,0,1,0,0,0,1,0,0,14523
683,1,2014-02-04,0.9749279121818236,-0.22252093395631434,0.8660254037844386,0.5000000000000001,0.5667017562911176,0.8239230057575542,14523.0,7517.0,10266.0,8360.285714285714,7472.0,4590.567746814679,7574.366666666667,7618.0,3706.1483909042654,2850.0,1,0,1,0,0,0,1,0,0,11944
683,1,2014-02-05,0.43388373911755823,-0.900968867902419,0.8660254037844386,0.5000000000000001,0.5808002734538009,0.8140460935082178,11944.0,7130.0,9377.0,8839.42857142857,9982.0,4615.722906802455,7471.333333333333,7618.0,3574.1911583995598,2850.0,1,0,1,0,0,0,1,0,0,10484
683,1,2014-02-06,-0.433883739117558,-0.9009688679024191,0.8660254037844386,0.5000000000000001,0.5947266869607634,0.8039279618328213,10484.0,7472.0,9944.0,9111.57142857143,9982.0,4577.664574035641,7417.633333333333,7618.0,3531.3792409875973,2850.0,1,0,1,0,0,0,1,0,0,9377
683,1,2014-02-07,-0.9749279121818236,-0.2225209339563146,0.8660254037844386,0.5000000000000001,0.6084768701151261,0.7935716089521474,9377.0,9982.0,9840.0,8980.857142857143,9377.0,4561.703169817581,7419.5,7618.0,3532.2652178121475,2850.0,1,0,1,0,0,0,1,0,0,9067
683,1,2014-02-08,-0.7818314824680299,0.6234898018587334,0.8660254037844386,0.5000000000000001,0.6220467484408675,0.7829801036770629,9067.0,7471.0,5433.0,8740.57142857143,9377.0,4696.788578633374,7286.633333333333,7494.5,3515.534849025483,2850.0,0,0,1,0,0,0,1,0,0,5789
683,1,2014-02-09,-2.4492935982947064e-16,1.0,0.8660254037844386,0.5000000000000001,0.6354323008901774,0.7721565844991642,5789.0,0.0,0.0,8740.57142857143,9377.0,4696.788578633374,6944.233333333334,7471.5,3709.6149598812403,2850.0,0,0,1,0,0,0,1,0,0,0
683,1,2014-02-10,0.7818314824680298,0.6234898018587336,0.8660254037844386,0.5000000000000001,0.6486295610349814,0.7611042586607747,0.0,14523.0,6243.0,7836.571428571428,9067.0,3947.5645174015303,7011.066666666667,7494.5,3713.6170668958603,2850.0,0,0,1,0,0,0,1,0,0,8195
683,1,2014-02-11,0.9749279121818236,-0.22252093395631434,0.8660254037844386,0.5000000000000001,0.6616346182422783,0.7498264012045686,8195.0,11944.0,7517.0,7278.142857142857,8195.0,3523.376715054812,7278.9,7618.0,3472.4479226997846,2850.0,0,0,1,0,0,0,1,0,0,8035
683,1,2014-02-12,0.43388373911755823,-0.900968867902419,0.8660254037844386,0.5000000000000001,0.6744436188329455,0.7383263540031065,8035.0,10484.0,7130.0,6914.0,8035.0,3258.59995499089,7281.5,7618.0,3472.9248703610615,2850.0,0,0,1,0,0,0,1,0,0,7935
683,1,2014-02-13,-0.433883739117558,-0.9009688679024191,0.8660254037844386,0.5000000000000001,0.6870527672236669,0.7266075247685656,7935.0,9377.0,7472.0,6823.428571428572,8035.0,3186.7510025700026,7307.133333333333,7618.0,3481.040874194969,2850.0,0,0,1,0,0,0,1,0,0,8743
683,1,2014-02-14,-0.9749279121818236,-0.2225209339563146,0.8660254037844386,0.5000000000000001,0.6994583270516471,0.7146733860429609,8743.0,9067.0,9982.0,6630.428571428572,7935.0,3066.88277447654,7318.8,7717.5,3481.831388894304,2850.0,0,0,1,0,0,0,1,0,0,7716
683,1,2014-02-15,-0.7818314824680299,0.6234898018587334,0.8660254037844386,0.5000000000000001,0.7116566222817746,0.702527474169157,7716.0,5789.0,7471.0,6673.428571428572,7935.0,3055.206968283423,7305.7,7717.5,3485.8214502120736,2850.0,0,0,1,0,0,0,1,0,0,6090
683,1,2014-02-16,-2.4492935982947064e-16,1.0,0.8660254037844386,0.5000000000000001,0.7236440382959124,0.6901733882429719,6090.0,0.0,0.0,6673.428571428572,7935.0,3055.206968283423,7048.4,7616.5,3730.5538148533956,2850.0,0,0,1,0,0,0,1,0,0,0
683,1,2014-02-17,0.7818314824680298,0.6234898018587336,0.8660254037844386,0.5000000000000001,0.7354170229639855,0.6776147890466889,0.0,8195.0,14523.0,7341.142857142857,7935.0,3850.4278302794405,7265.9,7825.5,3875.4663287812505,2850.0,1,0,1,0,0,0,1,0,0,12869
683,1,2014-02-18,0.9749279121818236,-0.22252093395631434,0.8660254037844386,0.5000000000000001,0.7469720876965552,0.6648553979642865,12869.0,8035.0,11944.0,7755.142857142857,7935.0,4086.0534108342777,7630.333333333333,7985.0,3677.6487459857494,2850.0,1,0,1,0,0,0,1,0,0,10933
683,1,2014-02-19,0.43388373911755823,-0.900968867902419,0.8660254037844386,0.5000000000000001,0.7583058084785625,0.6518989958787126,10933.0,7935.0,10484.0,7880.571428571428,8743.0,4105.922180507189,7706.266666666666,8115.0,3677.7704915486133,2850.0,1,0,1,0,0,0,1,0,0,8813
683,1,2014-02-20,-0.433883739117558,-0.9009688679024191,0.8660254037844386,0.5000000000000001,0.7694148268839378,0.6387494220515272,8813.0,8743.0,9377.0,8053.0,8813.0,4172.972801253318,7695.733333333334,8115.0,3670.6320693452412,2850.0,1,0,1,0,0,0,1,0,0,9950
683,1,2014-02-21,-0.9749279121818236,-0.2225209339563146,0.8660254037844386,0.5000000000000001,0.7802958510707755,0.6254105729852463,9950.0,7716.0,9067.0,8235.57142857143,8994.0,4183.714412542309,7682.966666666666,8115.0,3665.2449838931643,2850.0,1,0,1,0,0,0,1,0,0,8994
683,1,2014-02-22,-0.7818314824680299,0.6234898018587334,0.8660254037844386,0.5000000000000001,0.7909456567567772,0.6118864012687243,8994.0,6090.0,5789.0,8204.142857142857,8994.0,4203.298999142273,7547.166666666667,7985.0,3654.03853181025,2850.0,0,0,1,0,0,0,1,0,0,5870
683,1,2014-02-23,-2.4492935982947064e-16,1.0,0.8660254037844386,0.5000000000000001,0.8013610881746766,0.5981809144059164,5870.0,0.0,0.0,8204.142857142857,8994.0,4203.298999142273,7219.166666666667,7825.5,3876.022891318235,2850.0,0,0,1,0,0,0,1,0,0,0
683,1,2014-02-24,0.7818314824680298,0.6234898018587336,0.8660254037844386,0.5000000000000001,0.8115390590073611,0.5842981736283683,0.0,12869.0,8195.0,7402.0,8813.0,3666.1556159006623,7279.866666666667,7825.5,3861.3171661327233,2850.0,0,0,1,0,0,0,1,0,0,7254
683,1,2014-02-25,0.9749279121818236,-0.22252093395631434,0.8660254037844386,0.5000000000000001,0.8214765533024142,0.5702422926917871,7254.0,10933.0,8035.0,6844.0,7254.0,3320.0727401669933,7514.1,7825.5,3609.3979949857116,2850.0,0,0,1,0,0,0,1,0,0,7027
683,1,2014-02-26,0.43388373911755823,-0.900968867902419,0.8660254037844386,0.5000000000000001,0.8311706263658079,0.5560174366570446,7027.0,8813.0,7935.0,6672.428571428572,7254.0,3231.204721521204,7559.733333333334,7825.5,3601.418685341433,2850.0,0,0,1,0,0,0,1,0,0,7612
683,1,2014-02-27,-0.433883739117558,-0.9009688679024191,0.8660254037844386,0.5000000000000001,0.8406184056344782,0.5416278206559814,7612.0,9950.0,8743.0,6329.714285714285,7254.0,2939.7093231749764,7560.866666666667,7825.5,3601.4101235711682,2850.0,0,0,1,0,0,0,1,0,0,7551
683,1,2014-02-28,-0.9749279121818236,-0.2225209339563146,0.8660254037844386,0.5000000000000001,0.8498170915275278,0.5270777086423722,7551.0,8994.0,7716.0,6272.571428571428,7254.0,2882.622062008984,7609.666666666667,7985.0,3605.2871456097405,2850.0,0,0,1,0,0,0,1,0,0,8594
683,1,2014-03-01,-0.7818314824680299,0.6234898018587334,1.0,6.123233995736766e-17,0.8587639582758029,0.5123714121284237,8594.0,5870.0,6090.0,6566.571428571428,7551.0,2939.115164872061,7624.866666666667,7985.0,3605.6479615997573,2850.0,0,0,1,0,0,0,1,0,0,7928
683,1,2014-03-02,-2.4492935982947064e-16,1.0,1.0,6.123233995736766e-17,0.8674563547295968,0.49751328890718066,7928.0,0.0,0.0,6566.571428571428,7551.0,2939.115164872061,7292.133333333333,7931.5,3833.9742118943946,2850.0,0,0,1,0,0,0,1,0,0,0
683,1,2014-03-03,0.7818314824680298,0.6234898018587336,1.0,6.123233995736766e-17,0.8758917051442429,0.48250774176121847,0.0,7254.0,12869.0,7706.285714285715,7612.0,4422.571676987858,7550.833333333333,7985.0,4099.129883139903,2850.0,1,0,1,0,0,0,1,0,0,15232
683,1,2014-03-04,0.9749279121818236,-0.22252093395631434,1.0,6.123233995736766e-17,0.8840675099433636,0.46735921715800227,15232.0,7027.0,10933.0,8311.142857142857,7928.0,4600.152911537154,7926.2,8115.0,3894.3210501163467,2850.0,1,0,1,0,0,0,1,0,0,11261
683,1,2014-03-05,0.43388373911755823,-0.900968867902419,1.0,6.123233995736766e-17,0.8919813464595485,0.45207220393230435,11261.0,7612.0,8813.0,8725.57142857143,8594.0,4656.993982429105,7792.533333333334,8115.0,3725.236014123067,2850.0,1,0,1,0,0,0,1,0,0,10513
683,1,2014-03-06,-0.433883739117558,-0.9009688679024191,1.0,6.123233995736766e-17,0.8996308696522433,0.43665123195606403,10513.0,7551.0,9950.0,9194.142857142857,10513.0,4684.048371105606,7755.433333333333,8115.0,3687.819790302544,2850.0,1,0,1,0,0,0,1,0,0,10831
683,1,2014-03-07,-0.9749279121818236,-0.2225209339563146,1.0,6.123233995736766e-17,0.9070138128026359,0.4211008707960896,10831.0,8594.0,8994.0,9325.714285714286,10513.0,4677.311468293351,7723.133333333333,8115.0,3667.2837334475726,2850.0,1,0,1,0,0,0,1,0,0,9515
683,1,2014-03-08,-0.7818314824680299,0.6234898018587334,1.0,6.123233995736766e-17,0.9141279881853337,0.40542572835999735,9515.0,7928.0,5870.0,9047.0,10513.0,4830.113283695659,7609.8,7985.0,3666.9469721488604,2850.0,0,0,1,0,0,0,1,0,0,5977
683,1,2014-03-09,-2.4492935982947064e-16,1.0,1.0,6.123233995736766e-17,0.9209712877166346,0.38963044953078796,5977.0,0.0,0.0,9047.0,10513.0,4830.113283695659,7307.566666666667,7931.5,3908.4072837157432,2850.0,0,0,1,0,0,0,1,0,0,0
683,1,2014-03-10,0.7818314824680298,0.6234898018587336,1.0,6.123233995736766e-17,0.9275416835791966,0.37371971479046906,0.0,15232.0,7254.0,8012.857142857143,9515.0,3986.4457197095294,7381.033333333334,7964.0,3899.5827847863766,2850.0,0,0,1,0,0,0,1,0,0,7993
683,1,2014-03-11,0.9749279121818236,-0.22252093395631434,1.0,6.123233995736766e-17,0.9338372288229252,0.35769823883312546,7993.0,11261.0,7027.0,7404.285714285715,7993.0,3724.5000878992964,7614.4,7964.0,3643.731524233039,2850.0,0,0,1,0,0,0,1,0,0,7001
683,1,2014-03-12,0.43388373911755823,-0.900968867902419,1.0,6.123233995736766e-17,0.9398560579418954,0.3415707691678556,7001.0,10513.0,7612.0,6872.857142857143,7001.0,3463.2368495657997,7567.666666666667,7931.5,3645.018729750213,2850.0,0,0,1,0,0,0,1,0,0,6793
683,1,2014-03-13,-0.433883739117558,-0.9009688679024191,1.0,6.123233995736766e-17,0.9455963874271426,0.3253420847119801,6793.0,10831.0,7551.0,6385.714285714285,7001.0,3025.9011172588816,7547.2,7822.0,3644.027843491032,2850.0,0,0,1,0,0,0,1,0,0,7421
683,1,2014-03-14,-0.9749279121818236,-0.2225209339563146,1.0,6.123233995736766e-17,0.9510565162951535,0.30901699437494745,7421.0,9515.0,8594.0,6171.571428571428,7001.0,2813.090462886136,7549.9,7822.0,3644.3550808301297,2850.0,0,0,1,0,0,0,1,0,0,8016
683,1,2014-03-15,-0.7818314824680299,0.6234898018587334,1.0,6.123233995736766e-17,0.9562348265919056,0.29260033563334836,8016.0,5977.0,7928.0,6138.857142857143,7001.0,2817.059071003622,7450.066666666667,7664.0,3651.5596566996887,2850.0,0,0,1,0,0,0,1,0,0,5748
683,1,2014-03-16,-2.4492935982947064e-16,1.0,1.0,6.123233995736766e-17,0.9611297838723007,0.27609697309746883,5748.0,0.0,0.0,6138.857142857143,7001.0,2817.059071003622,7192.866666666667,7581.5,3895.757938148063,2850.0,0,0,1,0,0,0,1,0,0,0
683,1,2014-03-17,0.7818314824680298,0.6234898018587336,1.0,6.123233995736766e-17,0.9657399376548549,0.2595117970697999,0.0,7993.0,15232.0,6866.285714285715,7001.0,3845.3851005365564,7426.033333333334,7770.0,4034.3391843055233,2850.0,1,0,1,0,0,0,1,0,0,13085
683,1,2014-03-18,0.9749279121818236,-0.22252093395631434,1.0,6.123233995736766e-17,0.970063921851507,0.2428497220959356,13085.0,7001.0,11261.0,7551.142857142857,7421.0,4276.150739024188,7819.2,7960.5,3856.5009368418464,2850.0,1,0,1,0,0,0,1,0,0,11795
683,1,2014-03-19,0.43388373911755823,-0.900968867902419,1.0,6.123233995736766e-17,0.9741004551724205,0.22611568550828828,11795.0,6793.0,10513.0,7940.285714285715,8016.0,4319.386133633867,7707.466666666666,7960.5,3752.2999818808407,2850.0,1,0,1,0,0,0,1,0,0,9517
683,1,2014-03-20,-0.433883739117558,-0.9009688679024191,1.0,6.123233995736766e-17,0.9778483415056568,0.20931464596304847,9517.0,7421.0,10831.0,8242.714285714286,9517.0,4350.964862889057,7660.966666666666,7960.5,3719.449435373308,2850.0,1,0,1,0,0,0,1,0,0,9538
683,1,2014-03-21,-0.9749279121818236,-0.2225209339563146,1.0,6.123233995736766e-17,0.9813064702716093,0.19245158197082998,9538.0,8016.0,9515.0,8379.142857142857,9517.0,4357.638558843971,7666.233333333334,7960.5,3721.2483693562767,2850.0,1,0,1,0,0,0,1,0,0,8971
683,1,2014-03-22,-0.7818314824680299,0.6234898018587334,1.0,6.123233995736766e-17,0.9844738167520922,0.1755314904214282,8971.0,5748.0,5977.0,8430.57142857143,9517.0,4323.400392327884,7538.166666666667,7770.0,3706.0224154311495,2850.0,0,0,1,0,0,0,1,0,0,6108
683,1,2014-03-23,-2.4492935982947064e-16,1.0,1.0,6.123233995736766e-17,0.9873494423939864,0.15855938510313478,6108.0,0.0,0.0,8430.57142857143,9517.0,4323.400392327884,7238.366666666667,7581.5,3940.5564413945476,2850.0,0,0,1,0,0,0,1,0,0,0
683,1,2014-03-24,0.7818314824680298,0.6234898018587336,1.0,6.123233995736766e-17,0.989932495087353,0.141540295217043,0.0,13085.0,7993.0,7679.285714285715,8971.0,3805.7311042814363,7303.566666666667,7719.0,3933.3100974864,2850.0,0,0,1,0,0,0,1,0,0,7826
683,1,2014-03-25,0.9749279121818236,-0.22252093395631434,1.0,6.123233995736766e-17,0.9922222094179323,0.12447926388678915,7826.0,11795.0,7001.0,7048.857142857143,7826.0,3348.351058285822,7549.633333333333,7719.0,3683.6288468857942,2850.0,0,0,1,0,0,0,1,0,0,7382
683,1,2014-03-26,0.43388373911755823,-0.900968867902419,1.0,6.123233995736766e-17,0.994217906893952,0.10738134666416309,7382.0,9517.0,6793.0,6693.285714285715,7382.0,3169.9741699413294,7542.1,7719.0,3684.485285252385,2850.0,0,0,1,0,0,0,1,0,0,7028
683,1,2014-03-27,-0.433883739117558,-0.9009688679024191,1.0,6.123233995736766e-17,0.995918996147179,0.09025161003104117,7028.0,9538.0,7421.0,6559.714285714285,7382.0,3047.4617150608947,7594.633333333333,7877.0,3688.1212438307084,2850.0,0,0,1,0,0,0,1,0,0,8603
683,1,2014-03-28,-0.9749279121818236,-0.2225209339563146,1.0,6.123233995736766e-17,0.9973249731081555,0.07309512989807777,8603.0,8971.0,8016.0,6448.0,7382.0,2957.3369213984824,7613.866666666667,7960.5,3689.7190971796113,2850.0,0,0,1,0,0,0,1,0,0,8189
683,1,2014-03-29,-0.7818314824680299,0.6234898018587334,1.0,6.123233995736766e-17,0.9984354211555643,0.055916990100603484,8189.0,6108.0,5748.0,6314.142857142857,7382.0,2996.24083525626,7534.533333333334,7960.5,3716.6058647673362,2850.0,0,0,1,0,0,0,1,0,0,5171
683,1,2014-03-30,-2.4492935982947064e-16,1.0,1.0,6.123233995736766e-17,0.9992500112396835,0.03872228089217446,5171.0,0.0,0.0,6314.142857142857,7382.0,2996.24083525626,7248.066666666667,7877.0,3955.643911428702,2850.0,0,0,1,0,0,0,1,0,0,0
683,1,2014-03-31,0.7818314824680298,0.6234898018587336,1.0,6.123233995736766e-17,0.9997685019798909,0.021516097436222254,0.0,7826.0,13085.0,7348.857142857143,7382.0,4485.757662817261,7486.1,7909.5,4204.969706315903,2850.0,1,0,1,0,0,0,1,0,0,15069
683,1,2014-04-01,0.9749279121818236,-0.22252093395631434,0.8660254037844387,-0.49999999999999983,0.9999907397361901,0.004303538296244289,15069.0,7382.0,11795.0,8192.857142857143,8189.0,5017.334266605834,7929.1,8004.5,4087.5227667825275,2850.0,1,0,1,0,0,0,1,0,0,13290
683,1,2014-04-02,0.43388373911755823,-0.900968867902419,0.8660254037844387,-0.49999999999999983,0.9999166586547379,-0.01291029607500882,13290.0,7028.0,9517.0,8802.714285714286,8603.0,5110.727107900452,7797.933333333333,8004.5,3904.116703786092,2850.0,1,0,1,0,0,0,1,0,0,11297
683,1,2014-04-03,-0.433883739117558,-0.9009688679024191,0.8660254037844387,-0.49999999999999983,0.9995462806873573,-0.030120304846908114,11297.0,8603.0,9538.0,9064.57142857143,10436.0,5145.6282692897885,7770.433333333333,8004.5,3881.723610080636,2850.0,1,0,1,0,0,0,1,0,0,10436
683,1,2014-04-04,-0.9749279121818236,-0.2225209339563146,0.8660254037844387,-0.49999999999999983,0.9988797155850336,-0.04732138832243185,10436.0,8189.0,8971.0,9397.57142857143,10520.0,5154.93882463354,7770.666666666667,8004.5,3881.894359213286,2850.0,1,0,1,0,0,0,1,0,0,10520
683,1,2014-04-05,-0.7818314824680299,0.6234898018587334,0.8660254037844387,-0.49999999999999983,0.9979171608653922,-0.06450844944931623,10520.0,5171.0,6108.0,9533.0,10520.0,5036.485282416691,7613.6,7909.5,3848.986768596062,2850.0,0,0,1,0,0,0,1,0,0,6119
683,1,2014-04-06,-2.4492935982947064e-16,1.0,0.8660254037844387,-0.49999999999999983,0.9966589017541702,-0.08167639533042241,6119.0,0.0,0.0,9533.0,10520.0,5036.485282416691,7296.433333333333,7623.5,4072.447444112378,2850.0,0,0,1,0,0,0,1,0,0,0
683,1,2014-04-07,0.7818314824680298,0.6234898018587336,0.8660254037844387,-0.49999999999999983,0.9951053111006976,-0.09882013873287143,0.0,15069.0,7826.0,8541.857142857143,10436.0,4409.060044520876,7368.233333333334,7909.5,4067.367857534614,2850.0,0,0,1,0,0,0,1,0,0,8131
683,1,2014-04-08,0.9749279121818236,-0.22252093395631434,0.8660254037844387,-0.49999999999999983,0.9932568492674143,-0.11593459959550041,8131.0,13290.0,7382.0,7668.428571428572,8131.0,3886.288411717224,7607.433333333333,7909.5,3822.7564949313996,2850.0,0,0,1,0,0,0,1,0,0,7176
683,1,2014-04-09,0.43388373911755823,-0.900968867902419,0.8660254037844387,-0.49999999999999983,0.9911140639934547,-0.1330147065341959,7176.0,11297.0,7028.0,7218.857142857143,8131.0,3565.3425468235796,7612.666666666667,7921.0,3823.409945218453,2850.0,0,0,1,0,0,0,1,0,0,8150
683,1,2014-04-10,-0.433883739117558,-0.9009688679024191,0.8660254037844387,-0.49999999999999983,0.9886775902323405,-0.1500553983446526,8150.0,10436.0,8603.0,6851.142857142857,7862.0,3301.1900091013326,7641.366666666667,7939.0,3821.891411901676,2850.0,0,0,1,0,0,0,1,0,0,7862
683,1,2014-04-11,-0.9749279121818236,-0.2225209339563146,0.8660254037844387,-0.49999999999999983,0.9859481499638304,-0.16705162550211924,7862.0,10520.0,8189.0,6542.142857142857,7862.0,2986.800374345507,7693.5,8073.5,3820.5868546328156,2850.0,0,0,1,0,0,0,1,0,0,8357
683,1,2014-04-12,-0.7818314824680299,0.6234898018587334,0.8660254037844387,-0.49999999999999983,0.9829265519799822,-0.18399835165768005,8357.0,6119.0,5171.0,6550.285714285715,7862.0,2985.5319299518287,7652.0,8073.5,3830.397998587898,2850.0,0,0,1,0,0,0,1,0,0,6176
683,1,2014-04-13,-2.4492935982947064e-16,1.0,0.8660254037844387,-0.49999999999999983,0.9796136916454901,-0.20089055513063506,6176.0,0.0,0.0,6550.285714285715,7862.0,2985.5319299518287,7384.8,7996.5,4075.855098774595,2850.0,0,0,1,0,0,0,1,0,0,0
683,1,2014-04-14,0.7818314824680298,0.6234898018587336,0.8660254037844387,-0.49999999999999983,0.9760105506323683,-0.21772323039653177,0.0,8131.0,15069.0,7472.714285714285,7862.0,4274.546319563657,7679.466666666666,8140.5,4268.438184316753,2850.0,1,0,1,0,0,0,1,0,0,14588
683,1,2014-04-15,0.9749279121818236,-0.22252093395631434,0.8660254037844387,-0.49999999999999983,0.9721181966290613,-0.23449138957040985,14588.0,7176.0,13290.0,8444.857142857143,8150.0,4920.7856563957785,8145.5,8169.5,4163.001542736629,2850.0,1,0,1,0,0,0,1,0,0,13981
683,1,2014-04-16,0.43388373911755823,-0.900968867902419,0.8660254037844387,-0.49999999999999983,0.9679377830240642,-0.25119006388481935,13981.0,8150.0,11297.0,9206.0,8357.0,5267.431474004505,8158.6,8169.5,4179.665970814674,2850.0,1,0,1,0,0,0,1,0,0,13478
683,1,2014-04-17,-0.433883739117558,-0.9009688679024191,0.8660254037844387,-0.49999999999999983,0.9634705485641488,-0.2678143051621742,13478.0,7862.0,10436.0,9934.0,12958.0,5401.177124788008,8197.366666666667,8169.5,4219.758004855278,2850.0,1,0,1,0,0,0,1,0,0,12958
683,1,2014-04-18,-0.9749279121818236,-0.2225209339563146,0.8660254037844387,-0.49999999999999983,0.9587178169872964,-0.2843591872810034,12958.0,8357.0,10520.0,8740.142857142857,12958.0,6598.694932297125,7880.133333333333,8140.5,4467.586903489383,2850.0,1,0,1,0,0,0,1,0,0,0
683,1,2014-04-19,-0.7818314824680299,0.6234898018587334,0.8660254037844387,-0.49999999999999983,0.9536809966304457,-0.30081980763566735,0.0,6176.0,6119.0,9027.42857142857,12958.0,6511.656928338662,7835.1,8140.5,4457.096065206888,2850.0,0,0,1,0,0,0,1,0,0,8187
683,1,2014-04-20,-2.4492935982947064e-16,1.0,0.8660254037844387,-0.49999999999999983,0.9483615800121715,-0.3171912885891061,8187.0,0.0,0.0,9027.42857142857,12958.0,6511.656928338662,7536.066666666667,7996.5,4673.923810729665,2850.0,0,0,1,0,0,0,1,0,0,0
683,1,2014-04-21,0.7818314824680298,0.6234898018587336,0.8660254037844387,-0.49999999999999983,0.9427611433904207,-0.3334687789181868,0.0,14588.0,8131.0,6943.428571428572,8187.0,6764.899305906008,7332.466666666666,7996.5,4867.310690814745,2850.0,0,0,1,0,0,0,1,0,0,0
683,1,2014-04-22,0.9749279121818236,-0.22252093395631434,0.8660254037844387,-0.49999999999999983,0.9368813462954315,-0.3496474552512284,0.0,13981.0,7176.0,6157.571428571428,8187.0,6097.729300243461,7615.133333333333,8140.5,4668.9932440134935,2850.0,0,0,1,0,0,0,1,0,0,8480
683,1,2014-04-23,0.43388373911755823,-0.900968867902419,0.8660254037844387,-0.49999999999999983,0.9307239310379795,-0.36572252349726897,8480.0,13478.0,8150.0,5347.0,7804.0,5285.462546772357,7614.4,8140.5,4668.960709873751,2850.0,0,0,1,0,0,0,1,0,0,7804
683,1,2014-04-24,-0.433883739117558,-0.9009688679024191,0.8660254037844387,-0.49999999999999983,0.9242907221930934,-0.3816892202666588,7804.0,12958.0,7862.0,4669.857142857143,7804.0,4372.686985846401,7642.266666666666,8168.5,4670.020511904543,2850.0,0,0,1,0,0,0,1,0,0,8218
683,1,2014-04-25,-0.9749279121818236,-0.2225209339563146,0.8660254037844387,-0.49999999999999983,0.9175836260593937,-0.39754281428255595,8218.0,0.0,8357.0,5754.714285714285,7804.0,3941.8056232428003,7661.133333333333,8168.5,4668.5964200531735,2850.0,0,0,1,0,0,0,1,0,0,7594
683,1,2014-04-26,-0.7818314824680299,0.6234898018587334,0.8660254037844387,-0.49999999999999983,0.9106046300942163,-0.4132786077829042,7594.0,8187.0,6176.0,5367.0,7594.0,3793.3732130299713,7556.8,8140.5,4681.7777157091,2850.0,0,0,1,0,0,0,1,0,0,5473
683,1,2014-04-27,-2.4492935982947064e-16,1.0,0.8660254037844387,-0.49999999999999983,0.9033558023246845,-0.4288919379124835,5473.0,0.0,0.0,5367.0,7594.0,3793.3732130299713,7283.833333333333,7996.5,4878.250322876395,2850.0,0,0,1,0,0,0,1,0,0,0
683,1,2014-04-28,0.7818314824680298,0.6234898018587336,0.8660254037844387,-0.49999999999999983,0.895839290734909,-0.4443781781046132,0.0,0.0,14588.0,7434.857142857143,7804.0,4292.567701992648,7593.966666666666,8140.5,5032.6033331860535,2850.0,1,0,1,0,0,0,1,0,0,14475
683,1,2014-04-29,0.9749279121818236,-0.22252093395631434,0.8660254037844387,-0.49999999999999983,0.8880573226294932,-0.45973273945210397,14475.0,8480.0,13981.0,8034.142857142857,7804.0,4733.032763763325,8016.466666666666,8168.5,4903.479325830848,2850.0,1,0,1,0,0,0,1,0,0,12675
683,1,2014-04-30,0.43388373911755823,-0.900968867902419,0.8660254037844387,-0.49999999999999983,0.8800122039735357,-0.47495107206704995,12675.0,7804.0,13478.0,8765.42857142857,8218.0,5074.677357794703,7944.933333333333,8168.5,4811.844251308489,2850.0,1,0,1,0,0,0,1,0,0,12923
683,1,2014-05-01,-0.433883739117558,-0.9009688679024191,0.49999999999999994,-0.8660254037844387,0.8717063187093218,-0.49002866642905923,12923.0,8218.0,12958.0,7591.428571428572,7594.0,6074.526452246922,7501.933333333333,8140.5,4913.479930750204,2850.0,1,0,1,0,0,0,1,0,0,0
683,1,2014-05-02,-0.9749279121818236,-0.2225209339563146,0.49999999999999994,-0.8660254037844387,0.8631421280499114,-0.5049610547215204,0.0,7594.0,0.0,8267.42857142857,12326.0,6332.673970689441,7536.233333333334,8140.5,4944.3805070858525,2850.0,1,0,1,0,0,0,1,0,0,12326
683,1,2014-05-03,-0.7818314824680299,0.6234898018587334,0.49999999999999994,-0.8660254037844387,0.854322169749827,-0.5197438121555155,12326.0,5473.0,8187.0,8508.0,12326.0,6240.1342934267,7426.933333333333,7996.5,4914.21876439865,2850.0,0,0,1,0,0,0,1,0,0,7157
683,1,2014-05-04,-2.4492935982947064e-16,1.0,0.49999999999999994,-0.8660254037844387,0.8452490573530633,-0.5343725582809787,7157.0,0.0,0.0,8508.0,12326.0,6240.1342934267,7076.266666666666,7833.0,5059.099346948904,2850.0,0,0,1,0,0,0,1,0,0,0
683,1,2014-05-05,0.7818314824680298,0.6234898018587336,0.49999999999999994,-0.8660254037844387,0.835925479418637,-0.548842958284719,0.0,14475.0,0.0,8497.285714285714,12326.0,6228.234466638882,7352.3,7996.5,5228.156457239902,2850.0,1,0,1,0,0,0,1,0,0,14400
683,1,2014-05-06,0.9749279121818236,-0.22252093395631434,0.49999999999999994,-0.8660254037844387,0.8263541987239096,-0.5631507242749186,14400.0,12675.0,8480.0,8461.42857142857,12326.0,6200.83617633253,7766.433333333333,8140.5,5116.557339915547,2850.0,1,0,1,0,0,0,1,0,0,12424
683,1,2014-05-07,0.43388373911755823,-0.900968867902419,0.49999999999999994,-0.8660254037844387,0.8165380514459161,-0.5772916165517272,12424.0,12923.0,7804.0,8142.857142857143,10693.0,5987.015016644251,7851.833333333333,8168.5,5144.158723373955,2850.0,1,0,1,0,0,0,1,0,0,10693
683,1,2014-05-08,-0.433883739117558,-0.9009688679024191,0.49999999999999994,-0.8660254037844387,0.8064799463209448,-0.5912614448635781,10693.0,0.0,8218.0,9499.714285714286,10693.0,4790.771570226989,7929.233333333334,8202.5,5151.103301190941,2850.0,1,0,1,0,0,0,1,0,0,9498
683,1,2014-05-09,-0.9749279121818236,-0.2225209339563146,0.49999999999999994,-0.8660254037844387,0.7961828637826158,-0.6050560696488488,9498.0,12326.0,7594.0,9170.0,10018.0,4640.917689423067,7991.5,8287.5,5165.135060156234,2850.0,1,0,1,0,0,0,1,0,0,10018
683,1,2014-05-10,-0.7818314824680299,0.6234898018587334,0.49999999999999994,-0.8660254037844387,0.7856498550787145,-0.6186714032625031,10018.0,7157.0,5473.0,9120.42857142857,10018.0,4667.778410091274,7956.433333333333,8287.5,5169.613696521661,2850.0,0,0,1,0,0,0,1,0,0,6810
683,1,2014-05-11,-2.4492935982947064e-16,1.0,0.49999999999999994,-0.8660254037844387,0.7748840413670407,-0.6321034111873487,6810.0,0.0,0.0,9120.42857142857,10018.0,4667.778410091274,7677.866666666667,8202.5,5368.614614419711,2850.0,0,0,1,0,0,0,1,0,0,0
683,1,2014-05-12,0.7818314824680298,0.6234898018587336,0.49999999999999994,-0.8660254037844387,0.7638886127905428,-0.6453481132295501,0.0,14400.0,14475.0,8139.428571428572,9498.0,4054.5953294643646,7723.1,8202.5,5361.235912259088,2850.0,0,0,1,0,0,0,1,0,0,7533
683,1,2014-05-13,0.9749279121818236,-0.22252093395631434,0.49999999999999994,-0.8660254037844387,0.7526668275320084,-0.6584015846980488,7533.0,12424.0,12675.0,7537.285714285715,8209.0,3599.7156236887017,7996.733333333334,8213.5,5159.143987625995,2850.0,0,0,1,0,0,0,1,0,0,8209
683,1,2014-05-14,0.43388373911755823,-0.900968867902419,0.49999999999999994,-0.8660254037844387,0.741222010848596,-0.6712599575675313,8209.0,10693.0,12923.0,7165.142857142857,8088.0,3344.723128978508,7780.066666666667,8198.0,5007.034478737324,2850.0,0,0,1,0,0,0,1,0,0,8088
683,1,2014-05-15,-0.433883739117558,-0.9009688679024191,0.49999999999999994,-0.8660254037844387,0.7295575540864875,-0.6839194216246106,8088.0,9498.0,0.0,6969.0,8088.0,3223.16707602941,7584.866666666667,8156.0,4869.205654493051,2850.0,0,0,1,0,0,0,1,0,0,8125
683,1,2014-05-16,-0.9749279121818236,-0.2225209339563146,0.49999999999999994,-0.8660254037844387,0.717676913675962,-0.6963762255968722,8125.0,10018.0,12326.0,6626.714285714285,7622.0,2962.058052226844,7389.666666666667,8106.5,4740.489625034259,2850.0,0,0,1,0,0,0,1,0,0,7622
683,1,2014-05-17,-0.7818314824680299,0.6234898018587334,0.49999999999999994,-0.8660254037844387,0.705583610107178,-0.7086266782644596,7622.0,6810.0,7157.0,6486.142857142857,7622.0,2975.229819054397,7151.933333333333,7946.0,4629.136427495716,2850.0,0,0,1,0,0,0,1,0,0,5826
683,1,2014-05-18,-2.4492935982947064e-16,1.0,0.49999999999999994,-0.8660254037844387,0.6932812268869777,-0.7206671495538609,5826.0,0.0,0.0,6486.142857142857,7622.0,2975.229819054397,7151.933333333333,7946.0,4629.136427495716,2850.0,0,0,1,0,0,0,1,0,0,0
683,1,2014-05-19,0.7818314824680298,0.6234898018587336,0.49999999999999994,-0.8660254037844387,0.6807734094770161,-0.7324940716135789,0.0,7533.0,14400.0,7406.142857142857,8088.0,4126.020577932662,7344.8,7946.0,4791.435890174797,2850.0,1,0,1,0,0,0,1,0,0,13973
683,1,2014-05-20,0.9749279121818236,-0.22252093395631434,0.49999999999999994,-0.8660254037844387,0.6680638642135335,-0.7441039398713607,13973.0,8209.0,12424.0,7755.714285714285,8088.0,4305.149347556001,7700.0,8106.5,4620.0866763029135,2850.0,1,0,1,0,0,0,1,0,0,10656
683,1,2014-05-21,0.43388373911755823,-0.900968867902419,0.49999999999999994,-0.8660254037844387,0.6551563572090853,-0.7554933140726803,10656.0,8088.0,10693.0,7944.142857142857,8125.0,4350.740528100601,8013.566666666667,8167.0,4393.117475162107,2850.0,1,0,1,0,0,0,1,0,0,9407
683,1,2014-05-22,-0.433883739117558,-0.9009688679024191,0.49999999999999994,-0.8660254037844387,0.6420547132365637,-0.766658819300159,9407.0,8125.0,9498.0,8235.142857142857,9407.0,4432.213007387742,8069.633333333333,8167.0,4409.976366214981,2850.0,1,0,1,0,0,0,1,0,0,10162
683,1,2014-05-23,-0.9749279121818236,-0.2225209339563146,0.49999999999999994,-0.8660254037844387,0.6287628145958344,-0.777597146973627,10162.0,7622.0,10018.0,8525.857142857143,9657.0,4451.988373321568,8131.4,8213.5,4419.0948253983015,2850.0,1,0,1,0,0,0,1,0,0,9657
683,1,2014-05-24,-0.7818314824680299,0.6234898018587334,0.49999999999999994,-0.8660254037844387,0.6152845999633276,-0.7883050558305255,9657.0,5826.0,6810.0,8674.142857142857,9657.0,4363.481462798991,8086.266666666666,8167.0,4425.090164157055,2850.0,0,0,1,0,0,0,1,0,0,6864
683,1,2014-05-25,-2.4492935982947064e-16,1.0,0.49999999999999994,-0.8660254037844387,0.6016240632249226,-0.7987793728863649,6864.0,0.0,0.0,8674.142857142857,9657.0,4363.481462798991,7833.133333333333,8167.0,4664.925447409104,2850.0,0,0,1,0,0,0,1,0,0,0
683,1,2014-05-26,0.7818314824680298,0.6234898018587336,0.49999999999999994,-0.8660254037844387,0.5877852522924732,-0.8090169943749473,0.0,13973.0,7533.0,7935.857142857143,9407.0,3705.0325877366363,7944.2,8507.0,4646.424560885496,2850.0,0,0,1,0,0,0,1,0,0,8805
683,1,2014-05-27,0.9749279121818236,-0.22252093395631434,0.49999999999999994,-0.8660254037844387,0.5737722679043246,-0.8190148866680801,8805.0,10656.0,8209.0,7538.428571428572,8805.0,3508.6227524553824,8206.666666666666,8507.0,4397.948293852745,2850.0,0,0,1,0,0,0,1,0,0,7874
683,1,2014-05-28,0.43388373911755823,-0.900968867902419,0.49999999999999994,-0.8660254037844387,0.5595892624101765,-0.8287700871745037,7874.0,9407.0,8088.0,7429.714285714285,8646.0,3452.415227744466,8012.366666666667,8427.5,4237.293227451019,2850.0,0,0,1,0,0,0,1,0,0,8646
683,1,2014-05-29,-0.433883739117558,-0.9009688679024191,0.49999999999999994,-0.8660254037844387,0.545240438540651,-0.8382797052177743,8646.0,10162.0,8125.0,5978.0,7874.0,4173.287552997037,7589.866666666667,8167.0,4385.66491426669,2850.0,0,0,1,0,0,0,1,0,0,0
683,1,2014-05-30,-0.9749279121818236,-0.2225209339563146,0.49999999999999994,-0.8660254037844387,0.5307300481619334,-0.8475409228928311,0.0,9657.0,7622.0,6227.142857142857,7874.0,4470.968516573391,7539.133333333333,8167.0,4330.297654285744,2850.0,0,0,1,0,0,0,1,0,0,11401
683,1,2014-05-31,-0.7818314824680299,0.6234898018587334,0.49999999999999994,-0.8660254037844387,0.5160623910158528,-0.8565509959010036,11401.0,6864.0,5826.0,6302.142857142857,7874.0,4487.803970338997,7785.433333333333,8167.0,4090.1772719641294,2850.0,0,0,1,0,0,0,1,0,0,7389
683,1,2014-06-01,-2.4492935982947064e-16,1.0,1.2246467991473532e-16,-1.0,0.5012418134457758,-0.865307254363206,7389.0,0.0,0.0,6302.142857142857,7874.0,4487.803970338997,7374.566666666667,8106.5,4234.866921194792,2850.0,0,0,1,0,0,0,1,0,0,0
683,1,2014-06-02,0.7818314824680298,0.6234898018587336,1.2246467991473532e-16,-1.0,0.48627270710869,-0.8738071036110808,0.0,8805.0,13973.0,7176.571428571428,7874.0,5531.674666775659,7633.533333333334,8167.0,4453.025842505628,2850.0,1,0,1,0,0,0,1,0,0,14926
683,1,2014-06-03,0.9749279121818236,-0.22252093395631434,1.2246467991473532e-16,-1.0,0.4711595076738638,-0.8820480249558537,14926.0,7874.0,10656.0,7758.571428571428,8646.0,5823.881920081106,8031.8,8427.5,4277.6042150588955,2850.0,1,0,1,0,0,0,1,0,0,11948
683,1,2014-06-04,0.43388373911755823,-0.900968867902419,1.2246467991473532e-16,-1.0,0.4559066935084588,-0.8900275764346767,11948.0,8646.0,9407.0,8099.285714285715,11031.0,5952.790094129127,7919.5,8427.5,4146.880537181551,2850.0,1,0,1,0,0,0,1,0,0,11031
683,1,2014-06-05,-0.433883739117558,-0.9009688679024191,1.2246467991473532e-16,-1.0,0.440518784350495,-0.8977433935342337,11031.0,0.0,10162.0,9670.142857142857,11031.0,4798.153097063189,7871.9,8427.5,4101.338245432611,2850.0,1,0,1,0,0,0,1,0,0,10996
683,1,2014-06-06,-0.9749279121818236,-0.2225209339563146,1.2246467991473532e-16,-1.0,0.42500033996955416,-0.9051931898913974,10996.0,11401.0,9657.0,9509.0,10996.0,4749.02516312558,7857.9,8427.5,4092.0826950049036,2850.0,1,0,1,0,0,0,1,0,0,10273
683,1,2014-06-07,-0.7818314824680299,0.6234898018587334,1.2246467991473532e-16,-1.0,0.4093559588156213,-0.9123747579707273,10273.0,7389.0,6864.0,9327.57142857143,10996.0,4866.325200023206,7745.266666666666,8167.0,4091.88574631789,2850.0,0,0,1,0,0,0,1,0,0,6119
683,1,2014-06-08,-2.4492935982947064e-16,1.0,1.2246467991473532e-16,-1.0,0.39359027665646673,-0.9192859697186104,6119.0,0.0,0.0,9327.57142857143,10996.0,4866.325200023206,7411.333333333333,8106.5,4303.330044426565,2850.0,0,0,1,0,0,0,1,0,0,0
683,1,2014-06-09,0.7818314824680298,0.6234898018587336,1.2246467991473532e-16,-1.0,0.3777079652039649,-0.9259247771938498,0.0,14926.0,8805.0,7195.285714285715,10273.0,5258.666108253614,7184.333333333333,8106.5,4510.758116060888,2850.0,0,0,1,0,0,0,1,0,0,0
683,1,2014-06-10,0.9749279121818236,-0.22252093395631434,1.2246467991473532e-16,-1.0,0.36171373072976765,-0.9322892131745133,0.0,11948.0,7874.0,6747.714285714285,8815.0,4908.400204896556,7478.166666666667,8167.0,4309.23431940527,2850.0,0,0,1,0,0,0,1,0,0,8815
683,1,2014-06-11,0.43388373911755823,-0.900968867902419,1.2246467991473532e-16,-1.0,0.3456123126707335,-0.9383773917408641,8815.0,11031.0,8646.0,6217.571428571428,7320.0,4556.460060805347,7471.066666666667,8167.0,4309.316330554255,2850.0,0,0,1,0,0,0,1,0,0,7320
683,1,2014-06-12,-0.433883739117558,-0.9009688679024191,1.2246467991473532e-16,-1.0,0.3294084822245304,-0.9441875088341993,7320.0,10996.0,0.0,5950.714285714285,7320.0,4276.031950078861,7501.7,8385.5,4318.000576176669,2850.0,0,0,1,0,0,0,1,0,0,9128
683,1,2014-06-13,-0.9749279121818236,-0.2225209339563146,1.2246467991473532e-16,-1.0,0.3131070409358269,-0.9497178427914316,9128.0,10273.0,11401.0,5803.142857142857,7320.0,4116.86573453525,7540.1,8725.5,4328.503933231432,2850.0,0,0,1,0,0,0,1,0,0,9240
683,1,2014-06-14,-0.7818314824680299,0.6234898018587334,1.2246467991473532e-16,-1.0,0.29671281927349075,-0.9549667548552551,9240.0,6119.0,7389.0,5744.857142857143,7320.0,4114.536119198672,7459.633333333333,8725.5,4339.679373849647,2850.0,0,0,1,0,0,0,1,0,0,5711
683,1,2014-06-15,-2.4492935982947064e-16,1.0,1.2246467991473532e-16,-1.0,0.28023067519921585,-0.9599326896597447,5711.0,0.0,0.0,5744.857142857143,7320.0,4114.536119198672,7205.566666666667,8725.5,4547.96265628781,2850.0,0,0,1,0,0,0,1,0,0,0
683,1,2014-06-16,0.7818314824680298,0.6234898018587336,1.2246467991473532e-16,-1.0,0.26366549272800704,-0.9646141756912435,0.0,0.0,14926.0,7793.142857142857,8815.0,4340.638295173161,7489.3,8810.0,4721.149145253104,2850.0,1,0,1,0,0,0,1,0,0,14338
683,1,2014-06-17,0.9749279121818236,-0.22252093395631434,1.2246467991473532e-16,-1.0,0.24702218048093552,-0.9690098257244062,14338.0,8815.0,11948.0,8212.57142857143,9128.0,4590.494594163854,7881.0,8971.5,4563.187913184648,2850.0,1,0,1,0,0,0,1,0,0,11751
683,1,2014-06-18,0.43388373911755823,-0.900968867902419,1.2246467991473532e-16,-1.0,0.23030567023061221,-0.9731183372332619,11751.0,7320.0,11031.0,8698.142857142857,9240.0,4659.593810214622,7772.533333333334,8971.5,4450.674739495304,2850.0,1,0,1,0,0,0,1,0,0,10719
683,1,2014-06-19,-0.433883739117558,-0.9009688679024191,1.2246467991473532e-16,-1.0,0.21352091543979612,-0.9769384927771817,10719.0,9128.0,10996.0,8772.857142857143,9651.0,4671.812119102225,7739.033333333334,8971.5,4431.965598672452,2850.0,1,0,1,0,0,0,1,0,0,9651
683,1,2014-06-20,-0.9749279121818236,-0.2225209339563146,1.2246467991473532e-16,-1.0,0.19667288979357647,-0.980469160361632,9651.0,9240.0,10273.0,8894.57142857143,10092.0,4697.041368675345,7761.866666666667,8971.5,4442.606998950775,2850.0,1,0,1,0,0,0,1,0,0,10092
683,1,2014-06-21,-0.7818314824680299,0.6234898018587334,1.2246467991473532e-16,-1.0,0.1797665857255624,-0.9837092937736097,10092.0,5711.0,6119.0,9045.714285714286,10092.0,4593.404754438169,7648.766666666666,8810.0,4422.54158229478,2850.0,0,0,1,0,0,0,1,0,0,6769
683,1,2014-06-22,-2.4492935982947064e-16,1.0,1.2246467991473532e-16,-1.0,0.16280701293851715,-0.986657932891657,6769.0,0.0,0.0,9045.714285714286,10092.0,4593.404754438169,7326.866666666667,8725.5,4618.439016283143,2850.0,0,0,1,0,0,0,1,0,0,0
683,1,2014-06-23,0.7818314824680298,0.6234898018587336,1.2246467991473532e-16,-1.0,0.1457991969198751,-0.9893142039703663,0.0,14338.0,0.0,8176.142857142857,9651.0,3956.5642683423907,7373.1,8725.5,4620.58751563642,2850.0,0,0,1,0,0,0,1,0,0,8251
683,1,2014-06-24,0.9749279121818236,-0.22252093395631434,1.2246467991473532e-16,-1.0,0.12874817745258132,-0.99167731989929,8251.0,11751.0,8815.0,7567.142857142857,8251.0,3629.1453276940792,7622.7,8725.5,4405.82151836909,2850.0,0,0,1,0,0,0,1,0,0,7488
683,1,2014-06-25,0.43388373911755823,-0.900968867902419,1.2246467991473532e-16,-1.0,0.11165900712169512,-0.993746580436178,7488.0,10719.0,7320.0,6904.285714285715,7488.0,3372.162595639264,7531.833333333333,8448.5,4408.706543313747,2850.0,0,0,1,0,0,0,1,0,0,6079
683,1,2014-06-26,-0.433883739117558,-0.9009688679024191,1.2246467991473532e-16,-1.0,0.09453674981719912,-0.9955213724144752,6079.0,9651.0,9128.0,6635.0,7488.0,3186.413658017422,7528.233333333334,8448.5,4408.461594857474,2850.0,0,0,1,0,0,0,1,0,0,7766
683,1,2014-06-27,-0.9749279121818236,-0.2225209339563146,1.2246467991473532e-16,-1.0,0.07738647923346301,-0.9970011699250151,7766.0,10092.0,9240.0,6363.142857142857,7488.0,2911.6465804633267,7513.0,8220.0,4405.254401828294,2850.0,0,0,1,0,0,0,1,0,0,8189
683,1,2014-06-28,-0.7818314824680299,0.6234898018587334,1.2246467991473532e-16,-1.0,0.06021327736579302,-0.9981855344718586,8189.0,6769.0,5711.0,6223.571428571428,7488.0,2912.3655252012804,7706.066666666667,8220.0,4186.102433243741,2850.0,0,0,1,0,0,0,1,0,0,5792
683,1,2014-06-29,-2.4492935982947064e-16,1.0,1.2246467991473532e-16,-1.0,0.04302223300453059,-0.99907411510223,5792.0,0.0,0.0,6223.571428571428,7488.0,2912.36552520128,7326.033333333334,7977.5,4353.271956010613,2850.0,0,0,1,0,0,0,1,0,0,0
683,1,2014-06-30,0.7818314824680298,0.6234898018587336,1.2246467991473532e-16,-1.0,0.02581844022713308,-0.9996666485105112,0.0,8251.0,14338.0,7388.571428571428,7488.0,4847.027400278193,7626.6,8220.0,4658.362688534568,2850.0,1,0,1,0,0,0,1,0,0,16406
683,1,2014-07-01,0.9749279121818236,-0.22252093395631434,-0.4999999999999998,-0.8660254037844388,0.008606996888688698,-0.9999629591162655,16406.0,7488.0,11751.0,8234.714285714286,7766.0,5357.395253736824,8073.633333333333,8533.0,4543.312770422594,2850.0,1,0,1,0,0,0,1,0,0,13411
683,1,2014-07-02,0.43388373911755823,-0.900968867902419,-0.4999999999999998,-0.8660254037844388,-0.008606996888688009,-0.9999629591162655,13411.0,6079.0,10719.0,8907.142857142857,8189.0,5337.086234659359,7935.633333333333,8533.0,4388.227672113062,2850.0,1,0,1,0,0,0,1,0,0,10786
683,1,2014-07-03,-0.433883739117558,-0.9009688679024191,-0.4999999999999998,-0.8660254037844388,-0.02581844022713239,-0.9996666485105112,10786.0,7766.0,9651.0,9154.142857142857,9495.0,5315.437311221321,7853.866666666667,8533.0,4333.3975102232625,2850.0,1,0,1,0,0,0,1,0,0,9495
683,1,2014-07-04,-0.9749279121818236,-0.2225209339563146,-0.4999999999999998,-0.8660254037844388,-0.04302223300453034,-0.99907411510223,9495.0,8189.0,10092.0,9112.57142857143,9495.0,5325.372282984626,7749.433333333333,8220.0,4291.741336835064,2850.0,1,0,1,0,0,0,1,0,0,7898
683,1,2014-07-05,-0.7818314824680299,0.6234898018587334,-0.4999999999999998,-0.8660254037844388,-0.060213277365792774,-0.9981855344718586,7898.0,5792.0,6769.0,9060.42857142857,9495.0,5364.944077283647,7563.8,8043.5,4266.8407791342215,2850.0,0,0,1,0,0,0,1,0,0,5427
683,1,2014-07-06,-2.4492935982947064e-16,1.0,-0.4999999999999998,-0.8660254037844388,-0.07738647923346322,-0.9970011699250151,5427.0,0.0,0.0,9060.42857142857,9495.0,5364.944077283647,7221.366666666667,7832.0,4450.205206297894,2850.0,0,0,1,0,0,0,1,0,0,0
683,1,2014-07-07,0.7818314824680298,0.6234898018587336,-0.4999999999999998,-0.8660254037844388,-0.09453674981719933,-0.9955213724144752,0.0,16406.0,8251.0,7704.142857142857,7898.0,4291.0274382938205,7247.8,7832.0,4445.78451554061,2850.0,0,0,1,0,0,0,1,0,0,6912
683,1,2014-07-08,0.9749279121818236,-0.22252093395631434,-0.4999999999999998,-0.8660254037844388,-0.11165900712169444,-0.9937465804361781,6912.0,13411.0,7488.0,6633.285714285715,6912.0,3490.061303868726,7444.966666666666,7832.0,4239.650721489903,2850.0,0,0,1,0,0,0,1,0,0,5915
683,1,2014-07-09,0.43388373911755823,-0.900968867902419,-0.4999999999999998,-0.8660254037844388,-0.12874817745258066,-0.99167731989929,5915.0,10786.0,6079.0,6066.428571428572,6818.0,2989.5083685640125,7672.233333333334,7832.0,4002.9323879249846,2850.0,0,0,1,0,0,0,1,0,0,6818
683,1,2014-07-10,-0.433883739117558,-0.9009688679024191,-0.4999999999999998,-0.8660254037844388,-0.14579919691987442,-0.9893142039703664,6818.0,9495.0,7766.0,5784.714285714285,6818.0,2690.5364839430354,7629.166666666667,7644.5,3997.159664694099,2850.0,0,0,1,0,0,0,1,0,0,7523
683,1,2014-07-11,-0.9749279121818236,-0.2225209339563146,-0.4999999999999998,-0.8660254037844388,-0.16280701293851646,-0.9866579328916572,7523.0,7898.0,8189.0,5700.571428571428,6818.0,2621.762438840382,7628.8,7644.5,3997.189507469049,2850.0,0,0,1,0,0,0,1,0,0,7309
683,1,2014-07-12,-0.7818314824680299,0.6234898018587334,-0.4999999999999998,-0.8660254037844388,-0.17976658572556214,-0.9837092937736098,7309.0,5427.0,5792.0,5697.857142857143,6818.0,2622.102682236235,7504.8,7505.5,4006.7669777256915,2850.0,0,0,1,0,0,0,1,0,0,5408
683,1,2014-07-13,-2.4492935982947064e-16,1.0,-0.4999999999999998,-0.8660254037844388,-0.19667288979357622,-0.9804691603616321,5408.0,0.0,0.0,5697.857142857143,6818.0,2622.102682236235,7196.8,7398.5,4218.33620903002,2850.0,0,0,1,0,0,0,1,0,0,0
683,1,2014-07-14,0.7818314824680298,0.6234898018587336,-0.4999999999999998,-0.8660254037844388,-0.2135209154397959,-0.9769384927771817,0.0,6912.0,16406.0,6413.857142857143,6818.0,3534.464949068027,7403.9,7505.5,4294.698241978724,2850.0,1,0,1,0,0,0,1,0,0,11924
683,1,2014-07-15,0.9749279121818236,-0.22252093395631434,-0.4999999999999998,-0.8660254037844388,-0.23030567023061196,-0.973118337233262,11924.0,5915.0,13411.0,6946.142857142857,7309.0,3722.386126692185,7725.266666666666,7644.5,4076.7513345405473,2850.0,1,0,1,0,0,0,1,0,0,9641
683,1,2014-07-16,0.43388373911755823,-0.900968867902419,-0.4999999999999998,-0.8660254037844388,-0.24702218048093527,-0.9690098257244063,9641.0,6818.0,10786.0,7256.857142857143,7523.0,3799.8761132687528,7547.1,7644.5,3890.322860017197,2850.0,1,0,1,0,0,0,1,0,0,8993
683,1,2014-07-17,-0.433883739117558,-0.9009688679024191,-0.4999999999999998,-0.8660254037844388,-0.2636654927280072,-0.9646141756912435,8993.0,7523.0,9495.0,7608.142857142857,8993.0,3939.6723818346163,7488.133333333333,7644.5,3837.4533467529886,2850.0,1,0,1,0,0,0,1,0,0,9982
683,1,2014-07-18,-0.9749279121818236,-0.2225209339563146,-0.4999999999999998,-0.8660254037844388,-0.2802306751992161,-0.9599326896597445,9982.0,7309.0,7898.0,7716.142857142857,8993.0,3940.4672916026643,7399.666666666667,7644.5,3790.7095262818075,2850.0,1,0,1,0,0,0,1,0,0,8065
683,1,2014-07-19,-0.7818314824680299,0.6234898018587334,-0.4999999999999998,-0.8660254037844388,-0.2967128192734901,-0.9549667548552553,8065.0,5408.0,5427.0,7551.0,8993.0,4075.241342546471,7219.7,7505.5,3808.260288391262,2850.0,0,0,1,0,0,0,1,0,0,4252
683,1,2014-07-20,-2.4492935982947064e-16,1.0,-0.4999999999999998,-0.8660254037844388,-0.3131070409358267,-0.9497178427914317,4252.0,0.0,0.0,7551.0,8993.0,4075.241342546471,6883.3,7398.5,3987.3141867851214,2850.0,0,0,1,0,0,0,1,0,0,0
683,1,2014-07-21,0.7818314824680298,0.6234898018587336,-0.4999999999999998,-0.8660254037844388,-0.3294084822245302,-0.9441875088341994,0.0,11924.0,6912.0,6853.571428571428,8065.0,3591.1153725615095,6892.4,7398.5,3987.3558570855503,2850.0,0,0,1,0,0,0,1,0,0,7042
683,1,2014-07-22,0.9749279121818236,-0.22252093395631434,-0.4999999999999998,-0.8660254037844388,-0.3456123126707333,-0.9383773917408642,7042.0,9641.0,5915.0,6395.285714285715,7042.0,3374.255459321638,7106.833333333333,7398.5,3771.0220702115957,2850.0,0,0,1,0,0,0,1,0,0,6433
683,1,2014-07-23,0.43388373911755823,-0.900968867902419,-0.4999999999999998,-0.8660254037844388,-0.3617137307297674,-0.9322892131745134,6433.0,8993.0,6818.0,5991.0,6433.0,3174.778417464749,7037.233333333334,7175.5,3768.444275032198,2850.0,0,0,1,0,0,0,1,0,0,6163
683,1,2014-07-24,-0.433883739117558,-0.9009688679024191,-0.4999999999999998,-0.8660254037844388,-0.37770796520396466,-0.9259247771938499,6163.0,9982.0,7523.0,5411.0,6163.0,2651.954876438634,6985.033333333334,6977.0,3772.8284686721377,2850.0,0,0,1,0,0,0,1,0,0,5922
683,1,2014-07-25,-0.9749279121818236,-0.2225209339563146,-0.4999999999999998,-0.8660254037844388,-0.39359027665646645,-0.9192859697186105,5922.0,8065.0,7309.0,5040.857142857143,5922.0,2387.4114593405266,6964.866666666667,6977.0,3779.4495561028984,2850.0,0,0,1,0,0,0,1,0,0,5474
683,1,2014-07-26,-0.7818314824680299,0.6234898018587334,-0.4999999999999998,-0.8660254037844388,-0.4093559588156211,-0.9123747579707274,5474.0,4252.0,5408.0,5133.285714285715,5922.0,2364.1921604278614,6869.3,6865.0,3794.7101579380974,2850.0,0,0,1,0,0,0,1,0,0,4899
683,1,2014-07-27,-2.4492935982947064e-16,1.0,-0.4999999999999998,-0.8660254037844388,-0.42500033996955394,-0.9051931898913975,4899.0,0.0,0.0,5133.285714285715,5922.0,2364.1921604278614,6596.333333333333,6625.5,3986.20587330456,2850.0,0,0,1,0,0,0,1,0,0,0
683,1,2014-07-28,0.7818314824680298,0.6234898018587336,-0.4999999999999998,-0.8660254037844388,-0.4405187843504952,-0.8977433935342336,0.0,7042.0,11924.0,5931.428571428572,5922.0,3688.263948306971,6824.233333333334,6865.0,4131.432261321129,2850.0,1,0,1,0,0,0,1,0,0,12629
683,1,2014-07-29,0.9749279121818236,-0.22252093395631434,-0.4999999999999998,-0.8660254037844388,-0.455906693508459,-0.8900275764346766,12629.0,6433.0,9641.0,6244.0,5922.0,3827.9250253890777,7111.6,6977.0,3935.576307094741,2850.0,1,0,1,0,0,0,1,0,0,8621
683,1,2014-07-30,0.43388373911755823,-0.900968867902419,-0.4999999999999998,-0.8660254037844388,-0.47115950767386394,-0.8820480249558535,8621.0,6163.0,8993.0,6803.714285714285,5922.0,4091.4770647565088,6900.766666666666,6977.0,3573.233874655907,2850.0,1,0,1,0,0,0,1,0,0,10081
683,1,2014-07-31,-0.433883739117558,-0.9009688679024191,-0.4999999999999998,-0.8660254037844388,-0.4862727071086902,-0.8738071036110807,10081.0,5922.0,9982.0,7587.857142857143,8621.0,4408.072308412196,6834.1,6977.0,3464.5880617947923,2850.0,1,0,1,0,0,0,1,0,0,11411
683,1,2014-08-01,-0.9749279121818236,-0.2225209339563146,-0.8660254037844384,-0.5000000000000004,-0.5012418134457756,-0.8653072543632061,11411.0,5474.0,8065.0,8258.857142857143,10081.0,4390.12446401281,6813.6,6977.0,3442.1450970238716,2850.0,1,0,1,0,0,0,1,0,0,10171
683,1,2014-08-02,-0.7818314824680299,0.6234898018587334,-0.8660254037844384,-0.5000000000000004,-0.5160623910158526,-0.8565509959010037,10171.0,4899.0,4252.0,8309.714285714286,10081.0,4346.561273554285,6672.266666666666,6865.0,3415.192213839687,2850.0,0,0,1,0,0,0,1,0,0,5255
683,1,2014-08-03,-2.4492935982947064e-16,1.0,-0.8660254037844384,-0.5000000000000004,-0.5307300481619331,-0.8475409228928312,5255.0,0.0,0.0,8309.714285714286,10081.0,4346.561273554285,6409.0,6625.5,3615.96096828186,2850.0,0,0,1,0,0,0,1,0,0,0
683,1,2014-08-04,0.7818314824680298,0.6234898018587336,-0.8660254037844384,-0.5000000000000004,-0.5452404385406507,-0.8382797052177745,0.0,12629.0,7042.0,8391.42857142857,10081.0,4445.546005353474,6668.133333333333,6865.0,3816.174630332758,2850.0,1,0,1,0,0,0,1,0,0,13201
683,1,2014-08-05,0.9749279121818236,-0.22252093395631434,-0.8660254037844384,-0.5000000000000004,-0.5595892624101763,-0.828770087174504,13201.0,8621.0,6433.0,8529.714285714286,10081.0,4468.871770901673,6987.766666666666,6977.0,3635.718263081686,2850.0,1,0,1,0,0,0,1,0,0,9589
683,1,2014-08-06,0.43388373911755823,-0.900968867902419,-0.8660254037844384,-0.5000000000000004,-0.5737722679043243,-0.8190148866680802,9589.0,10081.0,6163.0,8249.142857142857,9589.0,4416.591688492054,7027.933333333333,7175.5,3641.5040368746922,2850.0,1,0,1,0,0,0,1,0,0,8117
683,1,2014-08-07,-0.433883739117558,-0.9009688679024191,-0.8660254037844384,-0.5000000000000004,-0.5877852522924734,-0.8090169943749472,8117.0,11411.0,5922.0,7789.0,8190.0,4194.475136017214,7103.766666666666,7416.0,3641.216428833799,2850.0,1,0,1,0,0,0,1,0,0,8190
683,1,2014-08-08,-0.9749279121818236,-0.2225209339563146,-0.8660254037844384,-0.5000000000000004,-0.6016240632249227,-0.7987793728863648,8190.0,10171.0,5474.0,7592.142857142857,8190.0,4095.211692882771,7169.6,7794.0,3653.704219574691,2850.0,1,0,1,0,0,0,1,0,0,8793
683,1,2014-08-09,-0.7818314824680299,0.6234898018587334,-0.8660254037844384,-0.5000000000000004,-0.6152845999633277,-0.7883050558305253,8793.0,5255.0,4899.0,7598.285714285715,8190.0,4091.1519043860817,7095.433333333333,7687.0,3668.8345202232244,2850.0,0,0,1,0,0,0,1,0,0,5298
683,1,2014-08-10,-2.4492935982947064e-16,1.0,-0.8660254037844384,-0.5000000000000004,-0.6287628145958345,-0.7775971469736268,5298.0,0.0,0.0,7598.285714285715,8190.0,4091.1519043860812,6851.8,7553.5,3890.1684335487676,2850.0,0,0,1,0,0,0,1,0,0,0
683,1,2014-08-11,0.7818314824680298,0.6234898018587336,-0.8660254037844384,-0.5000000000000004,-0.6420547132365636,-0.7666588193001592,0.0,13201.0,12629.0,6794.0,8117.0,3278.9061184079824,6923.9,7818.0,3882.523356059148,2850.0,0,0,1,0,0,0,1,0,0,7571
683,1,2014-08-12,0.9749279121818236,-0.22252093395631434,-0.8660254037844384,-0.5000000000000004,-0.655156357209085,-0.7554933140726804,7571.0,9589.0,8621.0,6280.428571428572,7571.0,3041.080885537399,7123.7,7818.0,3661.8836414403236,2850.0,0,0,1,0,0,0,1,0,0,5994
683,1,2014-08-13,0.43388373911755823,-0.900968867902419,-0.8660254037844384,-0.5000000000000004,-0.6680638642135333,-0.7441039398713608,5994.0,8117.0,10081.0,6050.714285714285,6509.0,2938.2224623222833,6943.2,7306.5,3548.82171217822,2850.0,0,0,1,0,0,0,1,0,0,6509
683,1,2014-08-14,-0.433883739117558,-0.9009688679024191,-0.8660254037844384,-0.5000000000000004,-0.6807734094770159,-0.7324940716135792,6509.0,8190.0,11411.0,5853.0,6509.0,2814.2252930424715,6848.7,6924.0,3512.0615927165127,2850.0,0,0,1,0,0,0,1,0,0,6806
683,1,2014-08-15,-0.9749279121818236,-0.2225209339563146,-0.8660254037844384,-0.5000000000000004,-0.6932812268869771,-0.7206671495538615,6806.0,8793.0,10171.0,5595.571428571428,6509.0,2572.5066152906734,6781.966666666666,6898.5,3488.8558986592093,2850.0,0,0,1,0,0,0,1,0,0,6991
683,1,2014-08-16,-0.7818314824680299,0.6234898018587334,-0.8660254037844384,-0.5000000000000004,-0.7055836101071774,-0.7086266782644601,6991.0,5298.0,5255.0,5530.285714285715,6509.0,2587.074777574451,6610.6,6657.5,3452.3230120181834,2850.0,0,0,1,0,0,0,1,0,0,4841
683,1,2014-08-17,-2.4492935982947064e-16,1.0,-0.8660254037844384,-0.5000000000000004,-0.7176769136759615,-0.6963762255968726,4841.0,0.0,0.0,5530.285714285715,6509.0,2587.074777574451,6341.766666666666,6471.0,3643.861646975473,2850.0,0,0,1,0,0,0,1,0,0,0
683,1,2014-08-18,0.7818314824680298,0.6234898018587336,-0.8660254037844384,-0.5000000000000004,-0.7295575540864876,-0.6839194216246105,0.0,7571.0,13201.0,6222.0,6509.0,3651.841909685209,6613.8,6657.5,3784.3907576909273,2850.0,1,0,1,0,0,0,1,0,0,12413
683,1,2014-08-19,0.9749279121818236,-0.22252093395631434,-0.8660254037844384,-0.5000000000000004,-0.7412220108485957,-0.6712599575675315,12413.0,5994.0,9589.0,6860.428571428572,6806.0,3981.135845339567,6962.566666666667,6898.5,3632.9508921890806,2850.0,1,0,1,0,0,0,1,0,0,10463
683,1,2014-08-20,0.43388373911755823,-0.900968867902419,-0.8660254037844384,-0.5000000000000004,-0.7526668275320083,-0.6584015846980489,10463.0,6509.0,8117.0,7212.142857142857,6991.0,4053.0183167844725,7026.866666666667,6898.5,3651.4290705792478,2850.0,1,0,1,0,0,0,1,0,0,8971
683,1,2014-08-21,-0.433883739117558,-0.9009688679024191,-0.8660254037844384,-0.5000000000000004,-0.7638886127905429,-0.64534811322955,8971.0,6806.0,8190.0,7435.714285714285,8371.0,4070.00928394869,7091.466666666666,7281.0,3657.6981430603446,2850.0,1,0,1,0,0,0,1,0,0,8371
683,1,2014-08-22,-0.9749279121818236,-0.2225209339563146,-0.8660254037844384,-0.5000000000000004,-0.7748840413670406,-0.6321034111873488,8371.0,6991.0,8793.0,7619.714285714285,8371.0,4075.663983299146,7162.0,7844.0,3659.5781366068695,2850.0,1,0,1,0,0,0,1,0,0,8279
683,1,2014-08-23,-0.7818314824680299,0.6234898018587334,-0.8660254037844384,-0.5000000000000004,-0.7856498550787144,-0.6186714032625032,8279.0,4841.0,5298.0,7638.857142857143,8371.0,4060.724829738787,7130.433333333333,7844.0,3674.695987268953,2850.0,0,0,1,0,0,0,1,0,0,4975
683,1,2014-08-24,-2.4492935982947064e-16,1.0,-0.8660254037844384,-0.5000000000000004,-0.7961828637826154,-0.6050560696488494,4975.0,0.0,0.0,7638.857142857143,8371.0,4060.7248297387864,6947.966666666666,7844.0,3889.4145156710424,2850.0,0,0,1,0,0,0,1,0,0,0
683,1,2014-08-25,0.7818314824680298,0.6234898018587336,-0.8660254037844384,-0.5000000000000004,-0.8064799463209447,-0.5912614448635782,0.0,12413.0,7571.0,6956.142857142857,8279.0,3485.2500832590345,7039.133333333333,7875.5,3871.7449040837932,2850.0,0,0,1,0,0,0,1,0,0,7634
683,1,2014-08-26,0.9749279121818236,-0.22252093395631434,-0.8660254037844384,-0.5000000000000004,-0.8165380514459157,-0.5772916165517278,7634.0,10463.0,5994.0,6415.142857142857,7634.0,3125.5259519304027,7261.666666666667,7875.5,3638.0114152475167,2850.0,0,0,1,0,0,0,1,0,0,6676
683,1,2014-08-27,0.43388373911755823,-0.900968867902419,-0.8660254037844384,-0.5000000000000004,-0.8263541987239095,-0.5631507242749187,6676.0,8971.0,6509.0,6066.571428571428,6676.0,2922.4412658564984,7058.4,7602.5,3495.3405990615915,2850.0,0,0,1,0,0,0,1,0,0,6531
683,1,2014-08-28,-0.433883739117558,-0.9009688679024191,-0.8660254037844384,-0.5000000000000004,-0.8359254794186365,-0.5488429582847199,6531.0,8371.0,6806.0,5781.428571428572,6531.0,2752.561525630433,6983.533333333334,7281.0,3484.754666408733,2850.0,0,0,1,0,0,0,1,0,0,6375
683,1,2014-08-29,-0.9749279121818236,-0.2225209339563146,-0.8660254037844384,-0.5000000000000004,-0.8452490573530634,-0.5343725582809785,6375.0,8279.0,6991.0,5764.857142857143,6531.0,2735.314328590128,6919.6,7281.0,3443.315138761998,2850.0,0,0,1,0,0,0,1,0,0,8163
683,1,2014-08-30,-0.7818314824680299,0.6234898018587334,-0.8660254037844384,-0.5000000000000004,-0.8543221697498269,-0.5197438121555157,8163.0,4975.0,4841.0,5861.428571428572,6531.0,2714.635448646393,6727.6,6898.5,3343.3769176975943,2850.0,0,0,1,0,0,0,1,0,0,5651
683,1,2014-08-31,-2.4492935982947064e-16,1.0,-0.8660254037844384,-0.5000000000000004,-0.8631421280499115,-0.5049610547215202,5651.0,0.0,0.0,5861.428571428572,6531.0,2714.635448646393,6388.566666666667,6741.0,3494.439905624784,2850.0,0,0,1,0,0,0,1,0,0,0
683,1,2014-09-01,0.7818314824680298,0.6234898018587336,-1.0,-1.8369701987210297e-16,-0.8717063187093218,-0.4900286664290594,0.0,7634.0,12413.0,6877.285714285715,6531.0,4335.272875467226,6704.9,6898.5,3804.1048550579976,2850.0,1,0,1,0,0,0,1,0,0,14745
683,1,2014-09-02,0.9749279121818236,-0.22252093395631434,-1.0,-1.8369701987210297e-16,-0.8800122039735356,-0.4749510720670502,14745.0,6676.0,10463.0,7557.571428571428,6531.0,4659.89312671234,7086.166666666667,7281.0,3680.099427848458,2850.0,1,0,1,0,0,0,1,0,0,11438
683,1,2014-09-03,0.43388373911755823,-0.900968867902419,-1.0,-1.8369701987210297e-16,-0.888057322629493,-0.4597327394521046,11438.0,6531.0,8971.0,8109.285714285715,8163.0,4745.922977120662,6992.566666666667,7281.0,3552.7160730069986,2850.0,1,0,1,0,0,0,1,0,0,10393
683,1,2014-09-04,-0.433883739117558,-0.9009688679024191,-1.0,-1.8369701987210297e-16,-0.8958392907349089,-0.44437817810461344,10393.0,6375.0,8371.0,8511.57142857143,9191.0,4693.4747560537935,6979.3,7281.0,3543.4169963955414,2850.0,1,0,1,0,0,0,1,0,0,9191
683,1,2014-09-05,-0.9749279121818236,-0.2225209339563146,-1.0,-1.8369701987210297e-16,-0.9033558023246842,-0.4288919379124841,9191.0,8163.0,8279.0,8634.142857142857,9191.0,4694.057961173581,7009.433333333333,7281.0,3557.242507058376,2850.0,1,0,1,0,0,0,1,0,0,9021
683,1,2014-09-06,-0.7818314824680299,0.6234898018587334,-1.0,-1.8369701987210297e-16,-0.9106046300942162,-0.41327860778290443,9021.0,5651.0,4975.0,8488.857142857143,9191.0,4815.93408830074,6890.9,6898.5,3575.7453753944983,2850.0,0,0,1,0,0,0,1,0,0,4634
683,1,2014-09-07,-2.4492935982947064e-16,1.0,-1.0,-1.8369701987210297e-16,-0.9175836260593934,-0.3975428142825566,4634.0,0.0,0.0,8488.857142857143,9191.0,4815.93408830074,6597.8,6741.0,3769.578705080061,2850.0,0,0,1,0,0,0,1,0,0,0
683,1,2014-09-08,0.7818314824680298,0.6234898018587336,-1.0,-1.8369701987210297e-16,-0.9242907221930934,-0.3816892202666586,0.0,14745.0,7634.0,7433.857142857143,9021.0,3947.6395237564134,6666.533333333334,6898.5,3763.855898276191,2850.0,0,0,1,0,0,0,1,0,0,7360
683,1,2014-09-09,0.9749279121818236,-0.22252093395631434,-1.0,-1.8369701987210297e-16,-0.9307239310379793,-0.3657225234972692,7360.0,11438.0,6676.0,6803.428571428572,7360.0,3532.1162144500454,6900.7,7008.0,3547.084943520763,2850.0,0,0,1,0,0,0,1,0,0,7025
683,1,2014-09-10,0.43388373911755823,-0.900968867902419,-1.0,-1.8369701987210297e-16,-0.9368813462954315,-0.34964745525122826,7025.0,10393.0,6531.0,6312.571428571428,7025.0,3170.358699849949,6880.233333333334,6974.0,3544.8546362233237,2850.0,0,0,1,0,0,0,1,0,0,6957
683,1,2014-09-11,-0.433883739117558,-0.9009688679024191,-1.0,-1.8369701987210297e-16,-0.9427611433904206,-0.33346877891818705,6957.0,9191.0,6375.0,6044.857142857143,7025.0,2958.853236676408,6924.333333333333,7008.0,3541.6772213500567,2850.0,0,0,1,0,0,0,1,0,0,7317
683,1,2014-09-12,-0.9749279121818236,-0.2225209339563146,-1.0,-1.8369701987210297e-16,-0.9483615800121716,-0.31719128858910595,7317.0,9021.0,8163.0,5612.428571428572,6957.0,2657.22517281611,6907.166666666667,7008.0,3545.0063283181967,2850.0,0,0,1,0,0,0,1,0,0,5994
683,1,2014-09-13,-0.7818314824680299,0.6234898018587334,-1.0,-1.8369701987210297e-16,-0.9536809966304455,-0.300819807635668,5994.0,4634.0,5651.0,5650.857142857143,6957.0,2642.621894291815,6843.733333333334,7008.0,3563.8547605118474,2850.0,0,0,1,0,0,0,1,0,0,4903
683,1,2014-09-14,-2.4492935982947064e-16,1.0,-1.0,-1.8369701987210297e-16,-0.9587178169872964,-0.2843591872810036,4903.0,0.0,0.0,5650.857142857143,6957.0,2642.621894291815,6610.7,6991.0,3776.1347885608207,2850.0,0,0,1,0,0,0,1,0,0,0
683,1,2014-09-15,0.7818314824680298,0.6234898018587336,-1.0,-1.8369701987210297e-16,-0.9634705485641486,-0.26781430516217486,0.0,7360.0,14745.0,6378.714285714285,6957.0,3687.082438020864,6864.5,7171.0,3906.7059742147844,2850.0,1,0,1,0,0,0,1,0,0,12455
683,1,2014-09-16,0.9749279121818236,-0.22252093395631434,-1.0,-1.8369701987210297e-16,-0.9679377830240642,-0.25119006388481957,12455.0,7025.0,11438.0,6814.285714285715,6957.0,3947.084481584081,7200.3,7338.5,3725.0543911789196,2850.0,1,0,1,0,0,0,1,0,0,10074
683,1,2014-09-17,0.43388373911755823,-0.900968867902419,-1.0,-1.8369701987210297e-16,-0.9721181966290612,-0.23449138957041052,10074.0,6957.0,10393.0,7051.0,7317.0,4006.3121862048265,7073.666666666667,7338.5,3604.3560937530415,2850.0,1,0,1,0,0,0,1,0,0,8614
683,1,2014-09-18,-0.433883739117558,-0.9009688679024191,-1.0,-1.8369701987210297e-16,-0.9760105506323682,-0.21772323039653224,8614.0,7317.0,9191.0,7205.714285714285,8400.0,4039.074015756813,7004.9,7338.5,3556.8283852428044,2850.0,1,0,1,0,0,0,1,0,0,8400
683,1,2014-09-19,-0.9749279121818236,-0.2225209339563146,-1.0,-1.8369701987210297e-16,-0.9796136916454901,-0.20089055513063528,8400.0,5994.0,9021.0,7487.285714285715,8400.0,4009.114603595395,6971.366666666667,7338.5,3542.3658807826873,2850.0,1,0,1,0,0,0,1,0,0,7965
683,1,2014-09-20,-0.7818314824680299,0.6234898018587334,-1.0,-1.8369701987210297e-16,-0.9829265519799822,-0.18399835165767986,7965.0,4903.0,4634.0,7586.0,8400.0,3942.837091908983,6878.8,7171.0,3540.81343079865,2850.0,0,0,1,0,0,0,1,0,0,5594
683,1,2014-09-21,-2.4492935982947064e-16,1.0,-1.0,-1.8369701987210297e-16,-0.9859481499638303,-0.1670516255021195,5594.0,0.0,0.0,7586.0,8400.0,3942.837091908983,6602.833333333333,6991.0,3744.6791408365093,2850.0,0,0,1,0,0,0,1,0,0,0
683,1,2014-09-22,0.7818314824680298,0.6234898018587336,-1.0,-1.8369701987210297e-16,-0.9886775902323404,-0.15005539834465262,0.0,12455.0,7360.0,6816.857142857143,7965.0,3308.8967158541595,6672.7,7048.0,3732.7947018563536,2850.0,0,0,1,0,0,0,1,0,0,7071
683,1,2014-09-23,0.9749279121818236,-0.22252093395631434,-1.0,-1.8369701987210297e-16,-0.9911140639934546,-0.13301470653419636,7071.0,10074.0,7025.0,6398.428571428572,7145.0,2999.0527869725124,6910.866666666667,7108.0,3513.890532054796,2850.0,0,0,1,0,0,0,1,0,0,7145
683,1,2014-09-24,0.43388373911755823,-0.900968867902419,-1.0,-1.8369701987210297e-16,-0.9932568492674143,-0.11593459959550066,7145.0,8614.0,6957.0,6140.571428571428,7071.0,2850.7392524947395,6883.366666666667,7048.0,3511.2633592712596,2850.0,0,0,1,0,0,0,1,0,0,6809
683,1,2014-09-25,-0.433883739117558,-0.9009688679024191,-1.0,-1.8369701987210297e-16,-0.9951053111006974,-0.09882013873287211,6809.0,8400.0,7317.0,5876.428571428572,6809.0,2687.480843785546,6879.2,7048.0,3511.5920684459325,2850.0,0,0,1,0,0,0,1,0,0,6551
683,1,2014-09-26,-0.9749279121818236,-0.2225209339563146,-1.0,-1.8369701987210297e-16,-0.99665890175417,-0.08167639533042288,6551.0,7965.0,5994.0,5682.428571428572,6607.0,2557.4554969828127,6881.733333333334,7048.0,3511.3596141992994,2850.0,0,0,1,0,0,0,1,0,0,6607
683,1,2014-09-27,-0.7818314824680299,0.6234898018587334,-1.0,-1.8369701987210297e-16,-0.9979171608653922,-0.06450844944931625,6607.0,5594.0,4903.0,5601.428571428572,6607.0,2569.6728622623555,6836.8,7048.0,3526.659212342464,2850.0,0,0,1,0,0,0,1,0,0,5027
683,1,2014-09-28,-2.4492935982947064e-16,1.0,-1.0,-1.8369701987210297e-16,-0.9988797155850335,-0.04732138832243232,5027.0,0.0,0.0,5601.428571428572,6607.0,2569.6728622623555,6564.7,6991.0,3729.862280438039,2850.0,0,0,1,0,0,0,1,0,0,0
683,1,2014-09-29,0.7818314824680298,0.6234898018587336,-1.0,-1.8369701987210297e-16,-0.9995462806873573,-0.03012030484690836,0.0,7071.0,12455.0,6121.857142857143,6607.0,3206.819214765693,6733.466666666666,7048.0,3800.9603299541322,2850.0,1,0,1,0,0,0,1,0,0,10714
683,1,2014-09-30,0.9749279121818236,-0.22252093395631434,-1.0,-1.8369701987210297e-16,-0.9999166586547379,-0.012910296075008843,10714.0,7145.0,10074.0,6664.142857142857,6607.0,3692.8069011964026,7098.166666666667,7108.0,3654.6864772681124,2850.0,1,0,1,0,0,0,1,0,0,10941
683,1,2014-10-01,0.43388373911755823,-0.900968867902419,-0.8660254037844386,0.5000000000000001,-0.9999907397361901,0.004303538296243821,10941.0,6809.0,8614.0,7346.571428571428,6607.0,4138.531738718565,6992.866666666667,7108.0,3467.480499742129,2850.0,1,0,1,0,0,0,1,0,0,11586
683,1,2014-10-02,-0.433883739117558,-0.9009688679024191,-0.8660254037844386,0.5000000000000001,-0.9997685019798909,0.021516097436222233,11586.0,6551.0,8400.0,7955.714285714285,10714.0,4312.082780369812,6972.1,7108.0,3441.7105044660125,2850.0,1,0,1,0,0,0,1,0,0,10815
683,1,2014-10-03,-0.9749279121818236,-0.2225209339563146,-0.8660254037844386,0.5000000000000001,-0.9992500112396835,0.03872228089217399,10815.0,6607.0,7965.0,7011.857142857143,10714.0,5272.612300955802,6625.666666666667,7048.0,3604.70432412532,2850.0,1,0,1,0,0,0,1,0,0,0
683,1,2014-10-04,-0.7818314824680299,0.6234898018587334,-0.8660254037844386,0.5000000000000001,-0.9984354211555643,0.05591699010060302,0.0,5027.0,5594.0,7239.142857142857,10714.0,5206.670350891931,6539.9,6991.0,3572.024204941733,2850.0,0,0,1,0,0,0,1,0,0,6618
683,1,2014-10-05,-2.4492935982947064e-16,1.0,-0.8660254037844386,0.5000000000000001,-0.9973249731081555,0.07309512989807776,6618.0,0.0,0.0,7239.142857142857,10714.0,5206.670350891931,6239.2,6883.0,3732.075186809607,2850.0,0,0,1,0,0,0,1,0,0,0
683,1,2014-10-06,0.7818314824680298,0.6234898018587336,-0.8660254037844386,0.5000000000000001,-0.9959189961471792,0.0902516100310407,0.0,10714.0,7071.0,7587.285714285715,10815.0,5548.025105515342,6523.1,6991.0,3924.7293194606996,2850.0,1,0,1,0,0,0,1,0,0,13151
683,1,2014-10-07,0.9749279121818236,-0.22252093395631434,-0.8660254037844386,0.5000000000000001,-0.994217906893952,0.10738134666416306,13151.0,10941.0,7145.0,7491.285714285715,10269.0,5485.78732466257,6865.4,7048.0,3781.3852652352016,2850.0,1,0,1,0,0,0,1,0,0,10269
683,1,2014-10-08,0.43388373911755823,-0.900968867902419,-0.8660254037844386,0.5000000000000001,-0.9922222094179324,0.12447926388678869,10269.0,11586.0,6809.0,7244.571428571428,9859.0,5306.858545226882,6948.7,7048.0,3819.9846826737457,2850.0,1,0,1,0,0,0,1,0,0,9859
683,1,2014-10-09,-0.433883739117558,-0.9009688679024191,-0.8660254037844386,0.5000000000000001,-0.989932495087353,0.141540295217043,9859.0,10815.0,6551.0,6951.0,8760.0,5130.3307235823795,7006.533333333334,7108.0,3834.2865697350453,2850.0,1,0,1,0,0,0,1,0,0,8760
683,1,2014-10-10,-0.9749279121818236,-0.2225209339563146,-0.8660254037844386,0.5000000000000001,-0.9873494423939864,0.15855938510313475,8760.0,0.0,6607.0,8364.42857142857,9859.0,4168.975607873901,7104.433333333333,7231.0,3870.303959223562,2850.0,1,0,1,0,0,0,1,0,0,9894
683,1,2014-10-11,-0.7818314824680299,0.6234898018587334,-0.8660254037844386,0.5000000000000001,-0.9844738167520923,0.17553149042142777,9894.0,6618.0,5027.0,8120.571428571428,9859.0,4334.782534227936,7024.233333333334,7108.0,3890.6223833578383,2850.0,0,0,1,0,0,0,1,0,0,4911
683,1,2014-10-12,-2.4492935982947064e-16,1.0,-0.8660254037844386,0.5000000000000001,-0.9813064702716093,0.19245158197082995,4911.0,0.0,0.0,8120.571428571428,9859.0,4334.782534227936,6824.433333333333,7108.0,4093.9493004570304,2850.0,0,0,1,0,0,0,1,0,0,0
683,1,2014-10-13,0.7818314824680298,0.6234898018587336,-0.8660254037844386,0.5000000000000001,-0.9778483415056568,0.20931464596304888,0.0,13151.0,10714.0,7404.428571428572,8760.0,3738.2506094492346,6932.266666666666,7555.0,4084.186982221442,2850.0,0,0,1,0,0,0,1,0,0,8138
683,1,2014-10-14,0.9749279121818236,-0.22252093395631434,-0.8660254037844386,0.5000000000000001,-0.9741004551724206,0.22611568550828803,8138.0,10269.0,10941.0,6991.428571428572,8138.0,3522.500336273593,7178.2,7671.5,3868.8177682772675,2850.0,0,0,1,0,0,0,1,0,0,7378
683,1,2014-10-15,0.43388373911755823,-0.900968867902419,-0.8660254037844386,0.5000000000000001,-0.970063921851507,0.2428497220959358,7378.0,9859.0,11586.0,6535.142857142857,7378.0,3288.2179788132116,6985.2,7261.5,3738.7350931233,2850.0,0,0,1,0,0,0,1,0,0,6665
683,1,2014-10-16,-0.433883739117558,-0.9009688679024191,-0.8660254037844386,0.5000000000000001,-0.965739937654855,0.25951179706979943,6665.0,8760.0,10815.0,6428.0,7378.0,3215.0459302058657,6916.4,7261.5,3698.7117477715688,2850.0,0,0,1,0,0,0,1,0,0,8010
683,1,2014-10-17,-0.9749279121818236,-0.2225209339563146,-0.8660254037844386,0.5000000000000001,-0.9611297838723007,0.27609697309746883,8010.0,9894.0,0.0,6025.285714285715,7075.0,2866.1624584268093,6865.1,7110.0,3685.0019730495774,2850.0,0,0,1,0,0,0,1,0,0,7075
683,1,2014-10-18,-0.7818314824680299,0.6234898018587334,-0.8660254037844386,0.5000000000000001,-0.9562348265919058,0.2926003356333479,7075.0,4911.0,6618.0,6170.0,7075.0,2825.814159966405,6782.566666666667,7073.0,3677.158504581501,2850.0,0,0,1,0,0,0,1,0,0,5924
683,1,2014-10-19,-2.4492935982947064e-16,1.0,-0.8660254037844386,0.5000000000000001,-0.9510565162951536,0.30901699437494723,5924.0,0.0,0.0,6170.0,7075.0,2825.814159966405,6517.066666666667,6940.0,3871.263270012399,2850.0,0,0,1,0,0,0,1,0,0,0
683,1,2014-10-20,0.7818314824680298,0.6234898018587336,-0.8660254037844386,0.5000000000000001,-0.9455963874271428,0.3253420847119795,0.0,8138.0,13151.0,6635.0,7075.0,3410.8768178676037,6710.366666666667,7073.0,3967.173174799727,2850.0,1,0,1,0,0,0,1,0,0,11393
683,1,2014-10-21,0.9749279121818236,-0.22252093395631434,-0.8660254037844386,0.5000000000000001,-0.9398560579418953,0.341570769167856,11393.0,7378.0,10269.0,6871.285714285715,7075.0,3526.264015181204,7011.433333333333,7110.0,3778.6019735760224,2850.0,1,0,1,0,0,0,1,0,0,9032
683,1,2014-10-22,0.43388373911755823,-0.900968867902419,-0.8660254037844386,0.5000000000000001,-0.9338372288229252,0.35769823883312546,9032.0,6665.0,9859.0,6896.0,7075.0,3525.1833522054744,7003.666666666667,7110.0,3778.7147726883677,2850.0,1,0,1,0,0,0,1,0,0,6838
683,1,2014-10-23,-0.433883739117558,-0.9009688679024191,-0.8660254037844386,0.5000000000000001,-0.9275416835791965,0.3737197147904692,6838.0,8010.0,8760.0,6959.142857142857,7075.0,3552.3170104675482,7047.233333333334,7226.5,3787.9237665137234,2850.0,1,0,1,0,0,0,1,0,0,8452
683,1,2014-10-24,-0.9749279121818236,-0.2225209339563146,-0.8660254037844386,0.5000000000000001,-0.9209712877166346,0.38963044953078774,8452.0,7075.0,9894.0,7198.285714285715,8452.0,3617.171487699819,7111.9,7694.0,3800.2560199598856,2850.0,1,0,1,0,0,0,1,0,0,8749
683,1,2014-10-25,-0.7818314824680299,0.6234898018587334,-0.8660254037844386,0.5000000000000001,-0.9141279881853337,0.4054257283599973,8749.0,5924.0,4911.0,7105.142857142857,8452.0,3663.550665159475,7069.266666666666,7694.0,3813.915192928462,2850.0,0,0,1,0,0,0,1,0,0,5272
683,1,2014-10-26,-2.4492935982947064e-16,1.0,-0.8660254037844386,0.5000000000000001,-0.9070138128026362,0.42110087079608916,5272.0,0.0,0.0,7105.142857142857,8452.0,3663.550665159475,6849.033333333334,7694.0,4026.3711863022554,2850.0,0,0,1,0,0,0,1,0,0,0
683,1,2014-10-27,0.7818314824680298,0.6234898018587336,-0.8660254037844386,0.5000000000000001,-0.8996308696522434,0.4366512319560638,0.0,11393.0,8138.0,6393.142857142857,6838.0,3137.9374557486717,6895.1,7694.0,4012.6886794182037,2850.0,0,0,1,0,0,0,1,0,0,6409
683,1,2014-10-28,0.9749279121818236,-0.22252093395631434,-0.8660254037844386,0.5000000000000001,-0.8919813464595487,0.45207220393230374,6409.0,9032.0,7378.0,5995.0,6409.0,2916.2951382418946,7103.266666666666,7694.0,3798.950253673379,2850.0,0,0,1,0,0,0,1,0,0,6245
683,1,2014-10-29,0.43388373911755823,-0.900968867902419,-0.8660254037844386,0.5000000000000001,-0.8840675099433637,0.46735921715800205,6245.0,6838.0,6665.0,6022.142857142857,6409.0,2926.31585379816,6980.4,7226.5,3737.249824172293,2850.0,0,0,1,0,0,0,1,0,0,7028
683,1,2014-10-30,-0.433883739117558,-0.9009688679024191,-0.8660254037844386,0.5000000000000001,-0.8758917051442433,0.48250774176121763,7028.0,8452.0,8010.0,5866.571428571428,6409.0,2801.9107086143194,6861.133333333333,7219.0,3662.8486439526437,2850.0,0,0,1,0,0,0,1,0,0,7363
683,1,2014-10-31,-0.9749279121818236,-0.2225209339563146,-0.8660254037844386,0.5000000000000001,-0.867456354729597,0.4975132889071803,7363.0,8749.0,7075.0,6058.285714285715,6409.0,3065.51636293603,6811.3,7219.0,3606.079724002513,2850.0,0,0,1,0,0,0,1,0,0,10091
683,1,2014-11-01,-0.7818314824680299,0.6234898018587334,-0.5000000000000004,0.8660254037844384,-0.858763958275803,0.5123714121284235,10091.0,5272.0,5924.0,6035.428571428572,6409.0,3072.9436949578053,6621.2,7051.5,3537.407899617435,2850.0,0,0,1,0,0,0,1,0,0,5112
683,1,2014-11-02,-2.4492935982947064e-16,1.0,-0.5000000000000004,0.8660254037844384,-0.8498170915275277,0.5270777086423724,5112.0,0.0,0.0,6035.428571428572,6409.0,3072.9436949578053,6621.2,7051.5,3537.407899617435,2850.0,0,0,1,0,0,0,1,0,0,0
683,1,2014-11-03,0.7818314824680298,0.6234898018587336,-0.5000000000000004,0.8660254037844384,-0.8406184056344783,0.5416278206559811,0.0,6409.0,11393.0,6885.714285714285,7028.0,3904.4909063916634,6812.633333333333,7219.0,3689.3615790431154,2850.0,1,0,1,0,0,0,1,0,0,12361
683,1,2014-11-04,0.9749279121818236,-0.22252093395631434,-0.5000000000000004,0.8660254037844384,-0.8311706263658079,0.5560174366570446,12361.0,6245.0,9032.0,7546.285714285715,7363.0,4160.766424361644,7174.933333333333,7370.5,3527.4029514090344,2850.0,1,0,1,0,0,0,1,0,0,10869
683,1,2014-11-05,0.43388373911755823,-0.900968867902419,-0.5000000000000004,0.8660254037844384,-0.8214765533024145,0.5702422926917867,10869.0,7028.0,6838.0,8010.142857142857,10091.0,4272.840211872005,7079.066666666667,7370.5,3396.0215255941507,2850.0,1,0,1,0,0,0,1,0,0,10275
683,1,2014-11-06,-0.433883739117558,-0.9009688679024191,-0.5000000000000004,0.8660254037844384,-0.8115390590073611,0.5842981736283683,10275.0,7363.0,8452.0,8202.714285714286,10091.0,4269.188084959695,7027.133333333333,7370.5,3357.2490969319724,2850.0,1,0,1,0,0,0,1,0,0,8711
683,1,2014-11-07,-0.9749279121818236,-0.2225209339563146,-0.5000000000000004,0.8660254037844384,-0.8013610881746769,0.5981809144059159,8711.0,10091.0,8749.0,8082.714285714285,9251.0,4218.773151611951,7006.866666666667,7370.5,3341.362077556592,2850.0,1,0,1,0,0,0,1,0,0,9251
683,1,2014-11-08,-0.7818314824680299,0.6234898018587334,-0.5000000000000004,0.8660254037844384,-0.7909456567567774,0.6118864012687242,9251.0,5112.0,5272.0,8183.571428571428,9251.0,4143.687241139331,6908.8,7219.0,3331.29223554774,2850.0,0,0,1,0,0,0,1,0,0,5818
683,1,2014-11-09,-2.4492935982947064e-16,1.0,-0.5000000000000004,0.8660254037844384,-0.780295851070776,0.6254105729852457,5818.0,0.0,0.0,8183.571428571428,9251.0,4143.687241139331,6579.0,7051.5,3510.5004457071805,2850.0,0,0,1,0,0,0,1,0,0,0
683,1,2014-11-10,0.7818314824680298,0.6234898018587336,-0.5000000000000004,0.8660254037844384,-0.7694148268839381,0.6387494220515268,0.0,12361.0,6409.0,7907.0,9251.0,3874.242162453616,6762.8,7219.0,3564.096861952447,2850.0,1,0,1,0,0,0,1,0,0,10425
683,1,2014-11-11,0.9749279121818236,-0.22252093395631434,-0.5000000000000004,0.8660254037844384,-0.7583058084785625,0.6518989958787125,10425.0,10869.0,6245.0,7697.142857142857,9251.0,3723.9280081016273,7076.133333333333,7370.5,3356.182321434969,2850.0,1,0,1,0,0,0,1,0,0,9400
683,1,2014-11-12,0.43388373911755823,-0.900968867902419,-0.5000000000000004,0.8660254037844384,-0.7469720876965551,0.6648553979642867,9400.0,10275.0,7028.0,7457.285714285715,8711.0,3581.566589928936,7091.4,7370.5,3362.215378032144,2850.0,1,0,1,0,0,0,1,0,0,8596
683,1,2014-11-13,-0.433883739117558,-0.9009688679024191,-0.5000000000000004,0.8660254037844384,-0.7354170229639858,0.6776147890466887,8596.0,8711.0,7363.0,7423.857142857143,8596.0,3568.9847028985373,7128.033333333334,7686.5,3371.4202623015485,2850.0,1,0,1,0,0,0,1,0,0,8477
683,1,2014-11-14,-0.9749279121818236,-0.2225209339563146,-0.5000000000000004,0.8660254037844384,-0.7236440382959123,0.690173388242972,8477.0,9251.0,10091.0,7521.142857142857,8596.0,3635.7481774077473,7236.933333333333,8231.0,3408.50769179966,2850.0,1,0,1,0,0,0,1,0,0,9932
683,1,2014-11-15,-0.7818314824680299,0.6234898018587334,-0.5000000000000004,0.8660254037844384,-0.7116566222817751,0.7025274741691566,9932.0,5818.0,5112.0,7492.0,8596.0,3652.4544715391885,7157.066666666667,7907.5,3417.8271776220527,2850.0,0,0,1,0,0,0,1,0,0,5614
683,1,2014-11-16,-2.4492935982947064e-16,1.0,-0.5000000000000004,0.8660254037844384,-0.6994583270516471,0.7146733860429608,5614.0,0.0,0.0,7492.0,8596.0,3652.4544715391885,6921.233333333334,7907.5,3659.249420713007,2850.0,0,0,1,0,0,0,1,0,0,0
683,1,2014-11-17,0.7818314824680298,0.6234898018587336,-0.5000000000000004,0.8660254037844384,-0.6870527672236675,0.726607524768565,0.0,10425.0,12361.0,7267.428571428572,8596.0,3486.6255824766886,7018.866666666667,8464.5,3670.7810099471308,2850.0,0,0,1,0,0,0,1,0,0,8853
683,1,2014-11-18,0.9749279121818236,-0.22252093395631434,-0.5000000000000004,0.8660254037844384,-0.6744436188329457,0.7383263540031063,8853.0,9400.0,10869.0,7000.571428571428,8477.0,3365.5855289059164,7269.933333333333,8464.5,3423.4089980334024,2850.0,0,0,1,0,0,0,1,0,0,7532
683,1,2014-11-19,0.43388373911755823,-0.900968867902419,-0.5000000000000004,0.8660254037844384,-0.661634618242279,0.749826401204568,7532.0,8596.0,10275.0,6812.142857142857,7532.0,3297.6122386039337,7132.733333333334,7992.0,3333.7759572792693,2850.0,0,0,1,0,0,0,1,0,0,7277
683,1,2014-11-20,-0.433883739117558,-0.9009688679024191,-0.5000000000000004,0.8660254037844384,-0.6486295610349818,0.7611042586607742,7277.0,8477.0,8711.0,6680.285714285715,7532.0,3237.858794238647,7083.466666666666,7543.0,3315.6121682993453,2850.0,0,0,1,0,0,0,1,0,0,7554
683,1,2014-11-21,-0.9749279121818236,-0.2225209339563146,-0.5000000000000004,0.8660254037844384,-0.6354323008901775,0.7721565844991641,7554.0,9932.0,9251.0,6277.285714285715,7277.0,2926.242853574396,7092.566666666667,7543.0,3315.2898524483644,2850.0,0,0,1,0,0,0,1,0,0,7111
683,1,2014-11-22,-0.7818314824680299,0.6234898018587334,-0.5000000000000004,0.8660254037844384,-0.622046748440868,0.7829801036770625,7111.0,5614.0,5818.0,6310.857142857143,7277.0,2918.70333245041,7005.8,7447.5,3312.5456551180323,2850.0,0,0,1,0,0,0,1,0,0,5849
683,1,2014-11-23,-2.4492935982947064e-16,1.0,-0.5000000000000004,0.8660254037844384,-0.6084768701151264,0.7935716089521472,5849.0,0.0,0.0,6310.857142857143,7277.0,2918.70333245041,6714.166666666667,7320.0,3531.663621691848,2850.0,0,0,1,0,0,0,1,0,0,0
683,1,2014-11-24,0.7818314824680298,0.6234898018587336,-0.5000000000000004,0.8660254037844384,-0.594726686960764,0.8039279618328208,0.0,8853.0,10425.0,6866.142857142857,7277.0,3737.779350923546,6963.1,7447.5,3686.314759607015,2850.0,1,0,1,0,0,0,1,0,0,12740
683,1,2014-11-25,0.9749279121818236,-0.22252093395631434,-0.5000000000000004,0.8660254037844384,-0.5808002734538014,0.8140460935082175,12740.0,7532.0,9400.0,7420.571428571428,7277.0,4121.180528972361,7343.533333333334,7543.0,3528.4730577886235,2850.0,1,0,1,0,0,0,1,0,0,11413
683,1,2014-11-26,0.43388373911755823,-0.900968867902419,-0.5000000000000004,0.8660254037844384,-0.5667017562911184,0.8239230057575536,11413.0,7277.0,8596.0,7847.285714285715,7554.0,4256.263060255461,7472.033333333334,8015.5,3563.289583239476,2850.0,1,0,1,0,0,0,1,0,0,10264
683,1,2014-11-27,-0.433883739117558,-0.9009688679024191,-0.5000000000000004,0.8660254037844384,-0.5524353131676203,0.8335557718385695,10264.0,7554.0,8477.0,8367.142857142857,10264.0,4433.032800411444,7636.966666666666,8536.5,3618.6196595151937,2850.0,1,0,1,0,0,0,1,0,0,11193
683,1,2014-11-28,-0.9749279121818236,-0.2225209339563146,-0.5000000000000004,0.8660254037844384,-0.5380051715382992,0.8429415373547832,11193.0,7111.0,9932.0,9053.857142857143,11193.0,4576.030573490929,7799.966666666666,8653.5,3699.4742169136907,2850.0,1,0,1,0,0,0,1,0,0,11918
683,1,2014-11-29,-0.7818314824680299,0.6234898018587334,-0.5000000000000004,0.8660254037844384,-0.5234156073655503,0.8520775211013093,11918.0,5849.0,5614.0,9357.857142857143,11193.0,4394.73045925728,7820.433333333333,8653.5,3698.6717530461633,2850.0,0,0,1,0,0,0,1,0,0,7977
683,1,2014-11-30,-2.4492935982947064e-16,1.0,-0.5000000000000004,0.8660254037844384,-0.5086709438521042,0.8609610158889945,7977.0,0.0,0.0,9357.857142857143,11193.0,4394.73045925728,7484.066666666667,8536.5,3936.278821541928,2850.0,0,0,1,0,0,0,1,0,0,0
683,1,2014-12-01,0.7818314824680298,0.6234898018587336,-2.4492935982947064e-16,1.0,-0.4937755501599774,0.8695893893466109,0.0,12740.0,8853.0,9652.57142857143,11193.0,4716.719017040784,7807.1,8653.5,4127.886687749135,2850.0,1,0,1,0,0,0,1,0,0,14803
683,1,2014-12-02,0.9749279121818236,-0.22252093395631434,-2.4492935982947064e-16,1.0,-0.4787338401157883,0.8779600847008883,14803.0,11413.0,7532.0,9899.42857142857,11193.0,4867.033417361562,8245.133333333333,8782.0,3964.878088601368,2850.0,1,0,1,0,0,0,1,0,0,13141
683,1,2014-12-03,0.43388373911755823,-0.900968867902419,-2.4492935982947064e-16,1.0,-0.4635502709028512,0.8860706215341377,13141.0,10264.0,7277.0,10200.857142857143,11918.0,4957.866860810573,8245.566666666668,8782.0,3965.3441185048355,2850.0,1,0,1,0,0,0,1,0,0,12374
683,1,2014-12-04,-0.433883739117558,-0.9009688679024191,-2.4492935982947064e-16,1.0,-0.4482293417404106,0.893918596519257,12374.0,11193.0,7554.0,10586.285714285714,12374.0,5149.038477045506,8346.3,8782.0,4071.2565386435977,2850.0,1,0,1,0,0,0,1,0,0,13891
683,1,2014-12-05,-0.9749279121818236,-0.2225209339563146,-2.4492935982947064e-16,1.0,-0.4327755925504317,0.9015016841318838,13891.0,11918.0,7111.0,10784.142857142857,13141.0,5234.63823737518,8447.233333333334,8782.0,4157.345511537239,2850.0,1,0,1,0,0,0,1,0,0,13303
683,1,2014-12-06,-0.7818314824680299,0.6234898018587334,-2.4492935982947064e-16,1.0,-0.41719360261231697,0.9088176373395028,13303.0,7977.0,5849.0,10605.142857142857,13141.0,5366.393060165305,8381.0,8724.5,4168.810646562941,2850.0,0,0,1,0,0,0,1,0,0,6724
683,1,2014-12-07,-2.4492935982947064e-16,1.0,-2.4492935982947064e-16,1.0,-0.4014879892059737,0.9158642882672868,6724.0,0.0,0.0,10605.142857142857,13141.0,5366.393060165305,8072.633333333333,8536.5,4435.833883299718,2850.0,0,0,1,0,0,0,1,0,0,0
683,1,2014-12-08,0.7818314824680298,0.6234898018587336,-2.4492935982947064e-16,1.0,-0.38566340624360745,0.9226395488404875,0.0,14803.0,12740.0,9657.857142857143,12374.0,5079.464782453991,8151.1,8536.5,4415.348764683609,2850.0,0,0,1,0,0,0,1,0,0,8172
683,1,2014-12-09,0.9749279121818236,-0.22252093395631434,-2.4492935982947064e-16,1.0,-0.3697245428906732,0.9291414114031743,8172.0,13141.0,11413.0,9047.285714285714,8867.0,4842.336960404051,8446.666666666666,8724.5,4139.028407841569,2850.0,0,0,1,0,0,0,1,0,0,8867
683,1,2014-12-10,0.43388373911755823,-0.900968867902419,-2.4492935982947064e-16,1.0,-0.3536761221763721,0.935367949313148,8867.0,12374.0,10264.0,8391.857142857143,8172.0,4622.518629079865,8358.7,8536.5,4123.5474445659265,2850.0,0,0,1,0,0,0,1,0,0,7786
683,1,2014-12-11,-0.433883739117558,-0.9009688679024191,-2.4492935982947064e-16,1.0,-0.33752289959411347,0.941317317512847,7786.0,13891.0,11193.0,7512.714285714285,7786.0,3936.667190839037,8303.266666666666,8324.5,4120.243053872972,2850.0,0,0,1,0,0,0,1,0,0,7737
683,1,2014-12-12,-0.9749279121818236,-0.2225209339563146,-2.4492935982947064e-16,1.0,-0.32126966169236515,0.946987753076075,7737.0,13303.0,11918.0,6894.428571428572,7786.0,3133.661907797475,8315.9,8324.5,4121.752333656157,2850.0,0,0,1,0,0,0,1,0,0,8975
683,1,2014-12-13,-0.7818314824680299,0.6234898018587334,-2.4492935982947064e-16,1.0,-0.3049212246562894,0.9523775757303973,8975.0,6724.0,7977.0,6851.142857142857,7786.0,3138.4973808374875,8247.366666666667,8074.5,4136.049318415799,2850.0,0,0,1,0,0,0,1,0,0,6421
683,1,2014-12-14,-2.4492935982947064e-16,1.0,-2.4492935982947064e-16,1.0,-0.2884824328806098,0.9574851883550389,6421.0,0.0,0.0,6851.142857142857,7786.0,3138.4973808374875,7916.3,7881.5,4386.472655240472,2850.0,0,0,1,0,0,0,1,0,0,0
683,1,2014-12-15,0.7818314824680298,0.6234898018587336,-2.4492935982947064e-16,1.0,-0.27195815753410524,0.9623090774541487,0.0,8172.0,14803.0,7912.428571428572,7786.0,4583.158294493098,8249.2,8074.5,4580.402349440342,2850.0,1,0,1,0,0,0,1,0,0,15601
683,1,2014-12-16,0.9749279121818236,-0.22252093395631434,-2.4492935982947064e-16,1.0,-0.2553532951161881,0.9668478136052773,15601.0,8867.0,13141.0,8750.714285714286,7786.0,5271.768416584244,8740.366666666667,8512.5,4453.597712530562,2850.0,1,0,1,0,0,0,1,0,0,14735
683,1,2014-12-17,0.43388373911755823,-0.900968867902419,-2.4492935982947064e-16,1.0,-0.23867276600594997,0.9711000518829505,14735.0,7786.0,12374.0,9633.142857142857,8975.0,5590.70271160287,8910.7,8519.5,4554.627257923602,2850.0,1,0,1,0,0,0,1,0,0,13963
683,1,2014-12-18,-0.433883739117558,-0.9009688679024191,-2.4492935982947064e-16,1.0,-0.22192151300416674,0.9750645322571945,13963.0,7737.0,13891.0,10470.714285714286,13600.0,5697.450561853237,9112.966666666667,8921.0,4625.475263434413,2850.0,1,0,1,0,0,0,1,0,0,13600
683,1,2014-12-19,-0.9749279121818236,-0.2225209339563146,-2.4492935982947064e-16,1.0,-0.20510449986861926,0.9787400799669153,13600.0,8975.0,13303.0,11013.285714285714,13600.0,5712.097242236144,9296.166666666666,9619.5,4658.969192512608,2850.0,1,0,1,0,0,0,1,0,0,12773
683,1,2014-12-20,-0.7818314824680299,0.6234898018587334,-2.4492935982947064e-16,1.0,-0.1882267098432439,0.9821256058680006,12773.0,6421.0,6724.0,11334.857142857143,13600.0,5468.6531379176895,9333.433333333332,9619.5,4649.013982840195,2850.0,0,0,1,0,0,0,1,0,0,8672
683,1,2014-12-21,-2.4492935982947064e-16,1.0,-2.4492935982947064e-16,1.0,-0.1712931441814778,0.9852201067560606,8672.0,0.0,0.0,11334.857142857143,13600.0,5468.6531379176895,9096.4,9619.5,4938.500481613475,2850.0,0,0,1,0,0,0,1,0,0,0
683,1,2014-12-22,0.7818314824680298,0.6234898018587336,-2.4492935982947064e-16,1.0,-0.154308820664281,0.9880226656636976,0.0,15601.0,8172.0,11002.57142857143,13275.0,5231.766523114426,9343.933333333332,10728.5,4956.193380305946,2850.0,0,0,1,0,0,0,1,0,0,13275
683,1,2014-12-23,0.9749279121818236,-0.22252093395631434,-2.4492935982947064e-16,1.0,-0.13727877211326517,0.9905324521322227,13275.0,14735.0,8867.0,10841.285714285714,13275.0,5113.593182694053,9797.466666666667,11303.0,4686.874848305439,2850.0,0,0,1,0,0,0,1,0,0,13606
683,1,2014-12-24,0.43388373911755823,-0.900968867902419,-2.4492935982947064e-16,1.0,-0.12020804489935275,0.9927487224577402,13606.0,13963.0,7786.0,9555.285714285714,12773.0,5325.240204732095,9538.166666666666,10728.5,4733.42076554347,2850.0,0,0,1,0,0,0,1,0,0,4961
683,1,2014-12-25,-0.433883739117558,-0.9009688679024191,-2.4492935982947064e-16,1.0,-0.10310169744743544,0.9946708199115211,4961.0,13600.0,7737.0,7612.428571428572,8672.0,6036.969627695191,9157.733333333334,9619.5,5027.073701011581,2850.0,0,0,1,0,0,0,1,0,0,0
683,1,2014-12-26,-0.9749279121818236,-0.2225209339563146,-2.4492935982947064e-16,1.0,-0.0859647987374467,0.9962981749346077,0.0,12773.0,8975.0,5787.714285714285,4961.0,6146.550650955532,8815.6,8921.0,5291.506620731127,2850.0,0,0,1,0,0,0,1,0,0,0
683,1,2014-12-27,-0.7818314824680299,0.6234898018587334,-2.4492935982947064e-16,1.0,-0.06880242680232064,0.9976303053065857,0.0,8672.0,6421.0,5448.571428571428,4961.0,6025.178720921695,8652.433333333332,8769.5,5291.140302647325,2850.0,0,0,1,0,0,0,1,0,0,6298
683,1,2014-12-28,-2.4492935982947064e-16,1.0,-2.4492935982947064e-16,1.0,-0.05161966722325418,0.9986668162884759,6298.0,0.0,0.0,5448.571428571428,4961.0,6025.178720921695,8255.166666666666,8422.0,5481.48878016971,2850.0,0,0,1,0,0,0,1,0,0,0
683,1,2014-12-29,0.7818314824680298,0.6234898018587336,-2.4492935982947064e-16,1.0,-0.034421611622745804,0.9994074007397048,0.0,13275.0,15601.0,4782.142857142857,4961.0,5219.345885854899,8276.266666666666,8641.0,5481.599413796425,2850.0,0,0,1,0,0,0,1,0,0,8610
683,1,2014-12-30,0.9749279121818236,-0.22252093395631434,-2.4492935982947064e-16,1.0,-0.01721335615583528,0.9998518392091162,8610.0,13606.0,14735.0,4081.1428571428573,4961.0,4030.9415123753,8566.233333333334,8685.5,5254.0615664148945,2850.0,0,0,1,0,0,0,1,0,0,8699
683,1,2014-12-31,0.43388373911755823,-0.900968867902419,-2.4492935982947064e-16,1.0,6.432490598706546e-16,1.0,8699.0,4961.0,13963.0,3826.4285714285716,3178.0,4022.4018470371184,8178.733333333334,8641.0,5206.696079508367,2850.0,0,0,1,0,0,0,1,0,0,3178
683,1,2015-01-01,-0.433883739117558,-0.9009688679024191,0.49999999999999994,0.8660254037844387,0.017213356155834685,0.9998518392091162,3178.0,0.0,13600.0,3826.4285714285716,3178.0,4022.4018470371184,7740.7,8391.0,5326.227332413788,2850.0,0,0,1,0,0,0,1,0,0,0
683,1,2015-01-02,-0.9749279121818236,-0.2225209339563146,0.49999999999999994,0.8660254037844387,0.03442161162274574,0.9994074007397048,0.0,0.0,12773.0,5083.142857142857,6298.0,4001.8330978261847,7621.466666666666,8391.0,5258.536683391558,2850.0,0,0,1,0,0,0,1,0,0,8797
683,1,2015-01-03,-0.7818314824680299,0.6234898018587334,0.49999999999999994,0.8660254037844387,0.051619667223253764,0.998666816288476,8797.0,6298.0,8672.0,5090.0,6346.0,4004.3020615333176,7369.966666666666,7979.0,5127.129441431664,2850.0,0,0,1,0,0,0,1,0,0,6346
683,1,2015-01-04,-2.4492935982947064e-16,1.0,0.49999999999999994,0.8660254037844387,0.06880242680231986,0.9976303053065857,6346.0,0.0,0.0,5090.0,6346.0,4004.3020615333176,6926.533333333334,7761.5,5171.3826719969065,2850.0,0,0,1,0,0,0,1,0,0,0
683,1,2015-01-05,0.7818314824680298,0.6234898018587336,0.49999999999999994,0.8660254037844387,0.08596479873744647,0.9962981749346078,0.0,8610.0,13275.0,5413.142857142857,6346.0,4406.752108169589,7064.8,7979.0,5220.9951515409175,2850.0,1,0,1,0,0,0,1,0,0,10872
683,1,2015-01-06,0.9749279121818236,-0.22252093395631434,0.49999999999999994,0.8660254037844387,0.10310169744743485,0.9946708199115211,10872.0,8699.0,13606.0,5603.0,6346.0,4596.457222687922,7399.066666666667,8391.0,5071.971832656836,2850.0,1,0,1,0,0,0,1,0,0,10028
683,1,2015-01-07,0.43388373911755823,-0.900968867902419,0.49999999999999994,0.8660254037844387,0.1202080448993527,0.9927487224577402,10028.0,3178.0,4961.0,6456.714285714285,8797.0,4625.863764901483,7431.8,8641.0,5080.294149778715,2850.0,1,0,1,0,0,0,1,0,0,9154
683,1,2015-01-08,-0.433883739117558,-0.9009688679024191,0.49999999999999994,0.8660254037844387,0.13727877211326478,0.9905324521322229,9154.0,0.0,0.0,7656.142857142857,8797.0,3660.4407944295094,7416.1,8503.0,5076.432220871607,2850.0,1,0,1,0,0,0,1,0,0,8396
683,1,2015-01-09,-0.9749279121818236,-0.2225209339563146,0.49999999999999994,0.8660254037844387,0.15430882066428117,0.9880226656636976,8396.0,8797.0,0.0,7570.285714285715,8396.0,3636.189659258049,7429.766666666666,8503.0,5078.014047619017,2850.0,1,0,1,0,0,0,1,0,0,8196
683,1,2015-01-10,-0.7818314824680299,0.6234898018587334,0.49999999999999994,0.8660254037844387,0.1712931441814776,0.9852201067560606,8196.0,6346.0,6298.0,7412.285714285715,8396.0,3721.2869509658217,7346.533333333334,8503.0,5093.245782632017,2850.0,0,0,1,0,0,0,1,0,0,5240
683,1,2015-01-11,-2.4492935982947064e-16,1.0,0.49999999999999994,0.8660254037844387,0.1882267098432442,0.9821256058680006,5240.0,0.0,0.0,7412.285714285715,8396.0,3721.2869509658217,7047.366666666667,8296.0,5255.302914484424,2850.0,0,0,1,0,0,0,1,0,0,0
683,1,2015-01-12,0.7818314824680298,0.6234898018587336,0.49999999999999994,0.8660254037844387,0.2051044998686192,0.9787400799669153,0.0,10872.0,8610.0,7325.571428571428,8396.0,3633.262530983352,7175.5,8503.0,5286.274803025607,2850.0,1,0,1,0,0,0,1,0,0,10265
683,1,2015-01-13,0.9749279121818236,-0.22252093395631434,0.49999999999999994,0.8660254037844387,0.22192151300416552,0.9750645322571948,10265.0,10028.0,8699.0,7432.142857142857,8396.0,3735.251371664796,7534.633333333333,8641.0,5146.101426847539,2850.0,1,0,1,0,0,0,1,0,0,10774
683,1,2015-01-14,0.43388373911755823,-0.900968867902419,0.49999999999999994,0.8660254037844387,0.2386727660059501,0.9711000518829505,10774.0,9154.0,3178.0,7616.714285714285,8396.0,3864.2095661892486,7362.8,8641.0,4949.790733298556,2850.0,1,0,1,0,0,0,1,0,0,10446
683,1,2015-01-15,-0.433883739117558,-0.9009688679024191,0.49999999999999994,0.8660254037844387,0.255353295116187,0.9668478136052775,10446.0,8396.0,0.0,7625.142857142857,8455.0,3866.2564334927056,7153.466666666666,8532.5,4756.271270165556,2850.0,1,0,1,0,0,0,1,0,0,8455
683,1,2015-01-16,-0.9749279121818236,-0.2225209339563146,0.49999999999999994,0.8660254037844387,0.2719581575341055,0.9623090774541486,8455.0,8196.0,8797.0,7852.285714285715,9786.0,3951.158088218587,7014.233333333334,8532.5,4608.912974416756,2850.0,1,0,1,0,0,0,1,0,0,9786
683,1,2015-01-17,-0.7818314824680299,0.6234898018587334,0.49999999999999994,0.8660254037844387,0.288482432880609,0.9574851883550393,9786.0,5240.0,6346.0,7977.857142857143,9786.0,3867.3799670479407,6764.866666666667,8425.5,4439.570861005041,2850.0,0,0,1,0,0,0,1,0,0,6119
683,1,2015-01-18,-2.4492935982947064e-16,1.0,0.49999999999999994,0.8660254037844387,0.30492122465628907,0.9523775757303974,6119.0,0.0,0.0,7977.857142857143,9786.0,3867.3799670479407,6339.1,8296.0,4455.958160439366,2850.0,0,0,1,0,0,0,1,0,0,0
683,1,2015-01-19,0.7818314824680298,0.6234898018587336,0.49999999999999994,0.8660254037844387,0.3212696616923644,0.9469877530760753,0.0,10265.0,10872.0,7431.714285714285,8455.0,3758.982518106263,6264.766666666666,7319.0,4434.24655718252,2850.0,0,0,1,0,0,0,1,0,0,6442
683,1,2015-01-20,0.9749279121818236,-0.22252093395631434,0.49999999999999994,0.8660254037844387,0.3375228995941133,0.9413173175128471,6442.0,10774.0,10028.0,6796.142857142857,6442.0,3464.2455373222438,6475.6,7319.0,4273.561622105268,2850.0,0,0,1,0,0,0,1,0,0,6325
683,1,2015-01-21,0.43388373911755823,-0.900968867902419,0.49999999999999994,0.8660254037844387,0.3536761221763716,0.9353679493131483,6325.0,10446.0,9154.0,6247.0,6442.0,3071.680104872025,6253.166666666667,6522.0,4076.5789332294976,2850.0,0,0,1,0,0,0,1,0,0,6602
683,1,2015-01-22,-0.433883739117558,-0.9009688679024191,0.49999999999999994,0.8660254037844387,0.3697245428906731,0.9291414114031743,6602.0,8455.0,8396.0,6033.142857142857,6442.0,2941.695227164731,6031.566666666667,6522.0,3836.7362808128623,2850.0,0,0,1,0,0,0,1,0,0,6958
683,1,2015-01-23,-0.9749279121818236,-0.2225209339563146,0.49999999999999994,0.8660254037844387,0.38566340624360707,0.9226395488404876,6958.0,9786.0,8196.0,5565.714285714285,6442.0,2467.7684058196915,6083.333333333333,6558.0,3832.2679369049674,2850.0,0,0,1,0,0,0,1,0,0,6514
683,1,2015-01-24,-0.7818314824680299,0.6234898018587334,0.49999999999999994,0.8660254037844387,0.401487989205973,0.9158642882672872,6514.0,6119.0,5240.0,5514.857142857143,6442.0,2458.11502501214,6275.433333333333,6558.0,3657.25846713112,2850.0,0,0,1,0,0,0,1,0,0,5763
683,1,2015-01-25,-2.4492935982947064e-16,1.0,0.49999999999999994,0.8660254037844387,0.4171936026123168,0.9088176373395029,5763.0,0.0,0.0,5514.857142857143,6442.0,2458.11502501214,6275.433333333333,6558.0,3657.25846713112,2850.0,0,0,1,0,0,0,1,0,0,0
683,1,2015-01-26,0.7818314824680298,0.6234898018587336,0.49999999999999994,0.8660254037844387,0.4327755925504312,0.901501684131884,0.0,6442.0,10265.0,6180.142857142857,6514.0,3252.6604202596614,6435.466666666666,6780.0,3761.825544849871,2850.0,1,0,1,0,0,0,1,0,0,11099
683,1,2015-01-27,0.9749279121818236,-0.22252093395631434,0.49999999999999994,0.8660254037844387,0.4482293417404106,0.893918596519257,11099.0,6325.0,10774.0,6589.714285714285,6602.0,3448.5469749004696,6741.866666666667,7577.0,3590.0025332171735,2850.0,1,0,1,0,0,0,1,0,0,9192
683,1,2015-01-28,0.43388373911755823,-0.900968867902419,0.49999999999999994,0.8660254037844387,0.4635502709028509,0.886070621534138,9192.0,6602.0,10446.0,6973.571428571428,6958.0,3596.512795155082,6764.5,7577.0,3604.298322357862,2850.0,1,0,1,0,0,0,1,0,0,9289
683,1,2015-01-29,-0.433883739117558,-0.9009688679024191,0.49999999999999994,0.8660254037844387,0.47873384011578846,0.8779600847008882,9289.0,6958.0,8455.0,7294.285714285715,9192.0,3693.677738798441,6781.3,7577.0,3614.785491322526,2850.0,1,0,1,0,0,0,1,0,0,9203
683,1,2015-01-30,-0.9749279121818236,-0.2225209339563146,0.49999999999999994,0.8660254037844387,0.4937755501599772,0.869589389346611,9203.0,6514.0,9786.0,7803.428571428572,9203.0,3811.936640656672,7011.3,8296.0,3597.082200224564,2850.0,1,0,1,0,0,0,1,0,0,10078
683,1,2015-01-31,-0.7818314824680299,0.6234898018587334,0.49999999999999994,0.8660254037844387,0.5086709438521044,0.8609610158889943,10078.0,5763.0,6119.0,7867.857142857143,9203.0,3775.337575571717,7218.433333333333,8296.0,3349.8391282354814,2850.0,0,0,1,0,0,0,1,0,0,6214
683,1,2015-02-01,-2.4492935982947064e-16,1.0,0.8660254037844386,0.5000000000000001,0.5234156073655503,0.8520775211013093,6214.0,0.0,0.0,7867.857142857143,9203.0,3775.337575571717,6925.2,7577.0,3583.754421235378,2850.0,0,0,1,0,0,0,1,0,0,0
683,1,2015-02-02,0.7818314824680298,0.6234898018587336,0.8660254037844386,0.5000000000000001,0.5380051715382996,0.8429415373547828,0.0,11099.0,6442.0,8065.714285714285,9203.0,4002.363914583708,7129.8,8296.0,3722.089359486145,2850.0,1,0,1,0,0,0,1,0,0,12484
683,1,2015-02-03,0.9749279121818236,-0.22252093395631434,0.8660254037844386,0.5000000000000001,0.5524353131676196,0.8335557718385699,12484.0,9192.0,6325.0,8027.714285714285,9203.0,3991.135290210271,7427.333333333333,8425.5,3481.4831890161818,2850.0,1,0,1,0,0,0,1,0,0,8926
683,1,2015-02-04,0.43388373911755823,-0.900968867902419,0.8660254037844386,0.5000000000000001,0.5667017562911176,0.8239230057575542,8926.0,9289.0,6602.0,8004.714285714285,9128.0,3983.111209188343,7369.2,8425.5,3436.2478775347467,2850.0,1,0,1,0,0,0,1,0,0,9128
683,1,2015-02-05,-0.433883739117558,-0.9009688679024191,0.8660254037844386,0.5000000000000001,0.5808002734538009,0.8140460935082178,9128.0,9203.0,6958.0,7932.428571428572,8926.0,3962.277201187158,7324.833333333333,8425.5,3409.221612882787,2850.0,1,0,1,0,0,0,1,0,0,8697
683,1,2015-02-06,-0.9749279121818236,-0.2225209339563146,0.8660254037844386,0.5000000000000001,0.5947266869607634,0.8039279618328213,8697.0,10078.0,6514.0,7726.285714285715,8697.0,3868.4732007294338,7307.533333333334,8425.5,3400.9262200205067,2850.0,1,0,1,0,0,0,1,0,0,8635
683,1,2015-02-07,-0.7818314824680299,0.6234898018587334,0.8660254037844386,0.5000000000000001,0.6084768701151261,0.7935716089521474,8635.0,6214.0,5763.0,7562.571428571428,8697.0,3966.1561516218126,7196.6,8325.5,3418.4299642803326,2850.0,0,0,1,0,0,0,1,0,0,5068
683,1,2015-02-08,-2.4492935982947064e-16,1.0,0.8660254037844386,0.5000000000000001,0.6220467484408675,0.7829801036770629,5068.0,0.0,0.0,7562.571428571428,8697.0,3966.1561516218126,6923.4,7706.5,3655.12084426861,2850.0,0,0,1,0,0,0,1,0,0,0
683,1,2015-02-09,0.7818314824680298,0.6234898018587336,0.8660254037844386,0.5000000000000001,0.6354323008901774,0.7721565844991642,0.0,12484.0,11099.0,6840.571428571428,8635.0,3329.9273193841473,6996.4,7942.5,3642.187109132508,2850.0,0,0,1,0,0,0,1,0,0,7430
683,1,2015-02-10,0.9749279121818236,-0.22252093395631434,0.8660254037844386,0.5000000000000001,0.6486295610349814,0.7611042586607747,7430.0,8926.0,9192.0,6618.428571428572,7430.0,3217.5924155151934,7242.1,7942.5,3394.1122383042784,2850.0,0,0,1,0,0,0,1,0,0,7371
683,1,2015-02-11,0.43388373911755823,-0.900968867902419,0.8660254037844386,0.5000000000000001,0.6616346182422783,0.7498264012045686,7371.0,9128.0,9289.0,6238.0,7371.0,3022.9653212257144,7115.433333333333,7400.5,3348.0028291024696,2850.0,0,0,1,0,0,0,1,0,0,6465
683,1,2015-02-12,-0.433883739117558,-0.9009688679024191,0.8660254037844386,0.5000000000000001,0.6744436188329455,0.7383263540031065,6465.0,8697.0,9203.0,6083.428571428572,7371.0,2901.4972489585857,7010.133333333333,7400.5,3277.9113380672557,2850.0,0,0,1,0,0,0,1,0,0,7615
683,1,2015-02-13,-0.9749279121818236,-0.2225209339563146,0.8660254037844386,0.5000000000000001,0.6870527672236669,0.7266075247685656,7615.0,8635.0,10078.0,5966.142857142857,7371.0,2795.8357980260153,6922.4,7400.5,3217.4443016908212,2850.0,0,0,1,0,0,0,1,0,0,7814
683,1,2015-02-14,-0.7818314824680299,0.6234898018587334,0.8660254037844386,0.5000000000000001,0.6994583270516471,0.7146733860429609,7814.0,5068.0,6214.0,6062.428571428572,7371.0,2771.247303841282,6831.966666666666,7164.5,3211.0027597291914,2850.0,0,0,1,0,0,0,1,0,0,5742
683,1,2015-02-15,-2.4492935982947064e-16,1.0,0.8660254037844386,0.5000000000000001,0.7116566222817746,0.702527474169157,5742.0,0.0,0.0,6062.428571428572,7371.0,2771.247303841282,6505.766666666666,6780.0,3392.501291472658,2850.0,0,0,1,0,0,0,1,0,0,0
683,1,2015-02-16,0.7818314824680298,0.6234898018587336,0.8660254037844386,0.5000000000000001,0.7236440382959124,0.6901733882429719,0.0,7430.0,12484.0,6791.0,7371.0,3704.1054700606564,6719.466666666666,7164.5,3564.84102013688,2850.0,1,0,1,0,0,0,1,0,0,12530
683,1,2015-02-17,0.9749279121818236,-0.22252093395631434,0.8660254037844386,0.5000000000000001,0.7354170229639855,0.6776147890466889,12530.0,7371.0,8926.0,7192.571428571428,7615.0,3923.3499230947473,7058.866666666667,7400.5,3383.106038002326,2850.0,1,0,1,0,0,0,1,0,0,10182
683,1,2015-02-18,0.43388373911755823,-0.900968867902419,0.8660254037844386,0.5000000000000001,0.7469720876965552,0.6648553979642865,10182.0,6465.0,9128.0,7635.857142857143,7814.0,4001.9543737433764,7163.066666666667,7522.5,3411.472954537411,2850.0,1,0,1,0,0,0,1,0,0,9568
683,1,2015-02-19,-0.433883739117558,-0.9009688679024191,0.8660254037844386,0.5000000000000001,0.7583058084785625,0.6518989958787126,9568.0,7615.0,8697.0,7784.285714285715,8654.0,4020.277673423628,7240.7,7714.5,3418.2371051313185,2850.0,1,0,1,0,0,0,1,0,0,8654
683,1,2015-02-20,-0.9749279121818236,-0.2225209339563146,0.8660254037844386,0.5000000000000001,0.7694148268839378,0.6387494220515272,8654.0,7814.0,8635.0,7873.0,8654.0,4027.8871632656155,7301.8,8124.5,3422.8059713108723,2850.0,1,0,1,0,0,0,1,0,0,8435
683,1,2015-02-21,-0.7818314824680299,0.6234898018587334,0.8660254037844386,0.5000000000000001,0.7802958510707755,0.6254105729852463,8435.0,5742.0,5068.0,7867.428571428572,8654.0,4031.351545786377,7259.966666666666,8124.5,3434.80101801157,2850.0,0,0,1,0,0,0,1,0,0,5703
683,1,2015-02-22,-2.4492935982947064e-16,1.0,0.8660254037844386,0.5000000000000001,0.7909456567567772,0.6118864012687243,5703.0,0.0,0.0,7867.428571428572,8654.0,4031.351545786377,7042.833333333333,8124.5,3680.6770655573036,2850.0,0,0,1,0,0,0,1,0,0,0
683,1,2015-02-23,0.7818314824680298,0.6234898018587336,0.8660254037844386,0.5000000000000001,0.8013610881746766,0.5981809144059164,0.0,12530.0,7430.0,7017.571428571428,8435.0,3472.9981695523857,7070.1,8124.5,3673.892695953339,2850.0,0,0,1,0,0,0,1,0,0,6581
683,1,2015-02-24,0.9749279121818236,-0.22252093395631434,0.8660254037844386,0.5000000000000001,0.8115390590073611,0.5842981736283683,6581.0,10182.0,7371.0,6526.428571428572,6744.0,3181.796707163144,7294.9,8124.5,3424.209522170646,2850.0,0,0,1,0,0,0,1,0,0,6744
683,1,2015-02-25,0.43388373911755823,-0.900968867902419,0.8660254037844386,0.5000000000000001,0.8214765533024142,0.5702422926917871,6744.0,9568.0,6465.0,6085.285714285715,6581.0,2890.551603315277,7140.933333333333,7714.5,3350.3104738612437,2850.0,0,0,1,0,0,0,1,0,0,6480
683,1,2015-02-26,-0.433883739117558,-0.9009688679024191,0.8660254037844386,0.5000000000000001,0.8311706263658079,0.5560174366570446,6480.0,8654.0,7615.0,5936.857142857143,6581.0,2760.412012035599,7088.366666666667,7615.0,3329.3252654236844,2850.0,0,0,1,0,0,0,1,0,0,7615
683,1,2015-02-27,-0.9749279121818236,-0.2225209339563146,0.8660254037844386,0.5000000000000001,0.8406184056344782,0.5416278206559814,7615.0,8435.0,7814.0,6023.142857142857,6581.0,2859.187030641827,7080.033333333334,7615.0,3323.935634499987,2850.0,0,0,1,0,0,0,1,0,0,9039
683,1,2015-02-28,-0.7818314824680299,0.6234898018587334,0.8660254037844386,0.5000000000000001,0.8498170915275278,0.5270777086423722,9039.0,5703.0,5742.0,6152.285714285715,6607.0,2862.7304981017433,6993.5,7522.5,3300.4703295972386,2850.0,0,0,1,0,0,0,1,0,0,6607
683,1,2015-03-01,-2.4492935982947064e-16,1.0,1.0,6.123233995736766e-17,0.8587639582758029,0.5123714121284237,6607.0,0.0,0.0,6152.285714285715,6607.0,2862.7304981017433,6657.566666666667,7400.5,3483.504940116501,2850.0,0,0,1,0,0,0,1,0,0,0
683,1,2015-03-02,0.7818314824680298,0.6234898018587336,1.0,6.123233995736766e-17,0.8674563547295968,0.49751328890718066,0.0,6581.0,12530.0,6993.0,6744.0,3739.4951530921844,6865.966666666666,7522.5,3639.5699962318686,2850.0,1,0,1,0,0,0,1,0,0,12466
683,1,2015-03-03,0.9749279121818236,-0.22252093395631434,1.0,6.123233995736766e-17,0.8758917051442429,0.48250774176121847,12466.0,6744.0,10182.0,7572.571428571428,7615.0,3999.801780802921,7226.0,7615.0,3467.0960322078913,2850.0,1,0,1,0,0,0,1,0,0,10801
683,1,2015-03-04,0.43388373911755823,-0.900968867902419,1.0,6.123233995736766e-17,0.8840675099433636,0.46735921715800227,10801.0,6480.0,9568.0,7930.714285714285,8987.0,3997.9060650247684,7109.433333333333,7615.0,3340.70411412937,2850.0,1,0,1,0,0,0,1,0,0,8987
683,1,2015-03-05,-0.433883739117558,-0.9009688679024191,1.0,6.123233995736766e-17,0.8919813464595485,0.45207220393230435,8987.0,7615.0,8654.0,8167.428571428572,9039.0,4025.060117859219,7120.966666666666,7615.0,3347.7815864501513,2850.0,1,0,1,0,0,0,1,0,0,9272
683,1,2015-03-06,-0.9749279121818236,-0.2225209339563146,1.0,6.123233995736766e-17,0.8996308696522433,0.43665123195606403,9272.0,9039.0,8435.0,8217.857142857143,9272.0,4039.983309725061,7129.766666666666,7615.0,3353.5811603196,2850.0,1,0,1,0,0,0,1,0,0,9392
683,1,2015-03-07,-0.7818314824680299,0.6234898018587334,1.0,6.123233995736766e-17,0.9070138128026359,0.4211008707960896,9392.0,6607.0,5703.0,8042.857142857143,9272.0,4146.517431474722,7019.266666666666,7522.5,3354.7745279427218,2850.0,0,0,1,0,0,0,1,0,0,5382
683,1,2015-03-08,-2.4492935982947064e-16,1.0,1.0,6.123233995736766e-17,0.9141279881853337,0.40542572835999735,5382.0,0.0,0.0,8042.857142857143,9272.0,4146.517431474722,6731.433333333333,7400.5,3574.598706036159,2850.0,0,0,1,0,0,0,1,0,0,0
683,1,2015-03-09,0.7818314824680298,0.6234898018587336,1.0,6.123233995736766e-17,0.9209712877166346,0.38963044953078796,0.0,12466.0,6581.0,7279.285714285715,8987.0,3659.8264856085507,6799.866666666667,7400.5,3561.2821183440046,2850.0,0,0,1,0,0,0,1,0,0,7121
683,1,2015-03-10,0.9749279121818236,-0.22252093395631434,1.0,6.123233995736766e-17,0.9275416835791966,0.37371971479046906,7121.0,10801.0,6744.0,6661.428571428572,7121.0,3315.0300077647703,7015.733333333334,7400.5,3323.2095509522433,2850.0,0,0,1,0,0,0,1,0,0,6476
683,1,2015-03-11,0.43388373911755823,-0.900968867902419,1.0,6.123233995736766e-17,0.9338372288229252,0.35769823883312546,6476.0,8987.0,6480.0,6346.571428571428,6783.0,3158.2984795161824,6994.166666666667,7246.0,3322.5277257693015,2850.0,0,0,1,0,0,0,1,0,0,6783
683,1,2015-03-12,-0.433883739117558,-0.9009688679024191,1.0,6.123233995736766e-17,0.9398560579418954,0.3415707691678556,6783.0,9272.0,7615.0,5970.0,6636.0,2897.760342057284,6969.666666666667,6952.0,3322.363080215886,2850.0,0,0,1,0,0,0,1,0,0,6636
683,1,2015-03-13,-0.9749279121818236,-0.2225209339563146,1.0,6.123233995736766e-17,0.9455963874271426,0.3253420847119801,6636.0,9392.0,9039.0,5759.857142857143,6636.0,2651.0779838002554,7018.2,7368.0,3325.3699757864615,2850.0,0,0,1,0,0,0,1,0,0,7921
683,1,2015-03-14,-0.7818314824680299,0.6234898018587334,1.0,6.123233995736766e-17,0.9510565162951535,0.30901699437494745,7921.0,5382.0,6607.0,5791.0,6636.0,2647.1769869050977,6951.033333333334,6952.0,3333.240418647555,2850.0,0,0,1,0,0,0,1,0,0,5600
683,1,2015-03-15,-2.4492935982947064e-16,1.0,1.0,6.123233995736766e-17,0.9562348265919056,0.29260033563334836,5600.0,0.0,0.0,5791.0,6636.0,2647.1769869050977,6690.566666666667,6763.5,3561.001047587535,2850.0,0,0,1,0,0,0,1,0,0,0
683,1,2015-03-16,0.7818314824680298,0.6234898018587336,1.0,6.123233995736766e-17,0.9611297838723007,0.27609697309746883,0.0,7121.0,12466.0,6709.285714285715,6636.0,3969.8908345312434,6950.8,6952.0,3768.50749199751,2850.0,1,0,1,0,0,0,1,0,0,13549
683,1,2015-03-17,0.9749279121818236,-0.22252093395631434,1.0,6.123233995736766e-17,0.9657399376548549,0.2595117970697999,13549.0,6476.0,10801.0,7197.571428571428,6783.0,4142.8496978586545,7280.6,7368.0,3566.7698958098144,2850.0,1,0,1,0,0,0,1,0,0,9894
683,1,2015-03-18,0.43388373911755823,-0.900968867902419,1.0,6.123233995736766e-17,0.970063921851507,0.2428497220959356,9894.0,6783.0,8987.0,7679.0,7921.0,4280.177099139698,7201.366666666667,7368.0,3471.259937050911,2850.0,1,0,1,0,0,0,1,0,0,10153
683,1,2015-03-19,-0.433883739117558,-0.9009688679024191,1.0,6.123233995736766e-17,0.9741004551724205,0.22611568550828828,10153.0,6636.0,9272.0,8072.142857142857,9388.0,4294.771993504473,7174.9,7368.0,3450.716550775083,2850.0,1,0,1,0,0,0,1,0,0,9388
683,1,2015-03-20,-0.9749279121818236,-0.2225209339563146,1.0,6.123233995736766e-17,0.9778483415056568,0.20931464596304847,9388.0,7921.0,9392.0,8169.571428571428,9388.0,4298.505897678968,7142.733333333334,7368.0,3432.0869184931685,2850.0,1,0,1,0,0,0,1,0,0,8603
683,1,2015-03-21,-0.7818314824680299,0.6234898018587334,1.0,6.123233995736766e-17,0.9813064702716093,0.19245158197082998,8603.0,5600.0,5382.0,8132.714285714285,9388.0,4325.233547231312,7032.333333333333,6952.0,3435.0649578090656,2850.0,0,0,1,0,0,0,1,0,0,5342
683,1,2015-03-22,-2.4492935982947064e-16,1.0,1.0,6.123233995736766e-17,0.9844738167520922,0.1755314904214282,5342.0,0.0,0.0,8132.714285714285,9388.0,4325.233547231312,6751.166666666667,6763.5,3654.4968244930606,2850.0,0,0,1,0,0,0,1,0,0,0
683,1,2015-03-23,0.7818314824680298,0.6234898018587336,1.0,6.123233995736766e-17,0.9873494423939864,0.15855938510313478,0.0,13549.0,7121.0,7348.857142857143,8603.0,3619.707558563777,6829.8,6952.0,3656.5444342985884,2850.0,0,0,1,0,0,0,1,0,0,8062
683,1,2015-03-24,0.9749279121818236,-0.22252093395631434,1.0,6.123233995736766e-17,0.989932495087353,0.141540295217043,8062.0,9894.0,6476.0,7062.0,8062.0,3460.4541609447647,7092.666666666667,7368.0,3424.735694139422,2850.0,0,0,1,0,0,0,1,0,0,7886
683,1,2015-03-25,0.43388373911755823,-0.900968867902419,1.0,6.123233995736766e-17,0.9922222094179323,0.12447926388678915,7886.0,10153.0,6783.0,6584.571428571428,7886.0,3182.284601621016,7100.333333333333,7368.0,3423.808086924841,2850.0,0,0,1,0,0,0,1,0,0,6811
683,1,2015-03-26,-0.433883739117558,-0.9009688679024191,1.0,6.123233995736766e-17,0.994217906893952,0.10738134666416309,6811.0,9388.0,6636.0,6222.285714285715,6852.0,2945.4813253686043,7103.933333333333,7368.0,3423.4772596187086,2850.0,0,0,1,0,0,0,1,0,0,6852
683,1,2015-03-27,-0.9749279121818236,-0.2225209339563146,1.0,6.123233995736766e-17,0.995918996147179,0.09025161003104117,6852.0,8603.0,7921.0,6084.0,6852.0,2835.7615673160217,7142.433333333333,7625.0,3422.7130364500385,2850.0,0,0,1,0,0,0,1,0,0,7635
683,1,2015-03-28,-0.7818314824680299,0.6234898018587334,1.0,6.123233995736766e-17,0.9973249731081555,0.07309512989807777,7635.0,5342.0,5600.0,6179.142857142857,6852.0,2817.8333537531566,7088.866666666667,7378.0,3427.633693997926,2850.0,0,0,1,0,0,0,1,0,0,6008
683,1,2015-03-29,-2.4492935982947064e-16,1.0,1.0,6.123233995736766e-17,0.9984354211555643,0.055916990100603484,6008.0,0.0,0.0,6179.142857142857,6852.0,2817.8333537531566,6787.566666666667,6986.5,3640.940904191673,2850.0,0,0,1,0,0,0,1,0,0,0
683,1,2015-03-30,0.7818314824680298,0.6234898018587336,1.0,6.123233995736766e-17,0.9992500112396835,0.03872228089217446,0.0,8062.0,13549.0,6893.0,6852.0,3826.6880371064053,7002.633333333333,7378.0,3816.2435536689118,2850.0,1,0,1,0,0,0,1,0,0,13059
683,1,2015-03-31,0.9749279121818236,-0.22252093395631434,1.0,6.123233995736766e-17,0.9997685019798909,0.021516097436222254,13059.0,7886.0,9894.0,7721.571428571428,6852.0,4622.667586907753,7458.833333333333,7760.5,3767.989924974937,2850.0,1,0,1,0,0,0,1,0,0,13686
683,1,2015-04-01,0.43388373911755823,-0.900968867902419,0.8660254037844387,-0.49999999999999983,0.9999907397361901,0.004303538296244289,13686.0,6811.0,10153.0,8699.57142857143,7635.0,5097.69748210381,7498.533333333334,7760.5,3828.355924552661,2850.0,1,0,1,0,0,0,1,0,0,13657
683,1,2015-04-02,-0.433883739117558,-0.9009688679024191,0.8660254037844387,-0.49999999999999983,0.9999166586547379,-0.01291029607500882,13657.0,6852.0,9388.0,9578.42857142857,13004.0,5253.998060434313,7571.966666666666,7760.5,3914.055428248594,2850.0,1,0,1,0,0,0,1,0,0,13004
683,1,2015-04-03,-0.9749279121818236,-0.2225209339563146,0.8660254037844387,-0.49999999999999983,0.9995462806873573,-0.030120304846908114,13004.0,7635.0,8603.0,8487.714285714286,13004.0,6393.600308493003,7272.4,7378.0,4139.445328493443,2850.0,1,0,1,0,0,0,1,0,0,0
683,1,2015-04-04,-0.7818314824680299,0.6234898018587334,0.8660254037844387,-0.49999999999999983,0.9988797155850336,-0.04732138832243185,0.0,6008.0,5342.0,8735.42857142857,13004.0,6314.616902001857,7221.4,7378.0,4123.353653486943,2850.0,0,0,1,0,0,0,1,0,0,7742
683,1,2015-04-05,-2.4492935982947064e-16,1.0,0.8660254037844387,-0.49999999999999983,0.9979171608653922,-0.06450844944931623,7742.0,0.0,0.0,8735.42857142857,13004.0,6314.616902001857,6908.333333333333,6986.5,4305.3939972160915,2850.0,0,0,1,0,0,0,1,0,0,0
683,1,2015-04-06,0.7818314824680298,0.6234898018587336,0.8660254037844387,-0.49999999999999983,0.9966589017541702,-0.08167639533042241,0.0,13059.0,8062.0,6869.857142857143,7742.0,6739.167417136216,6728.933333333333,6986.5,4479.785831806087,2850.0,0,0,1,0,0,0,1,0,0,0
683,1,2015-04-07,0.9749279121818236,-0.22252093395631434,0.8660254037844387,-0.49999999999999983,0.9951053111006976,-0.09882013873287143,0.0,13686.0,7886.0,6208.857142857143,7742.0,6161.335905699111,7030.9,7378.0,4312.776138885244,2850.0,0,0,1,0,0,0,1,0,0,9059
683,1,2015-04-08,0.43388373911755823,-0.900968867902419,0.8660254037844387,-0.49999999999999983,0.9932568492674143,-0.11593459959550041,9059.0,13657.0,6811.0,5371.285714285715,7742.0,5321.333251303524,7053.333333333333,7688.5,4315.010723072409,2850.0,0,0,1,0,0,0,1,0,0,7794
683,1,2015-04-09,-0.433883739117558,-0.9009688679024191,0.8660254037844387,-0.49999999999999983,0.9911140639934547,-0.1330147065341959,7794.0,13004.0,6852.0,4498.428571428572,6894.0,4254.932426300202,7067.266666666666,7688.5,4313.756894764287,2850.0,0,0,1,0,0,0,1,0,0,6894
683,1,2015-04-10,-0.9749279121818236,-0.2225209339563146,0.8660254037844387,-0.49999999999999983,0.9886775902323405,-0.1500553983446526,6894.0,0.0,7635.0,5529.285714285715,7216.0,3837.042468459512,7081.7,7688.5,4313.497350138882,2850.0,0,0,1,0,0,0,1,0,0,7216
683,1,2015-04-11,-0.7818314824680299,0.6234898018587334,0.8660254037844387,-0.49999999999999983,0.9859481499638304,-0.16705162550211924,7216.0,7742.0,6008.0,5111.571428571428,6894.0,3713.170157567194,7021.1,7688.5,4332.702591717536,2850.0,0,0,1,0,0,0,1,0,0,4818
683,1,2015-04-12,-2.4492935982947064e-16,1.0,0.8660254037844387,-0.49999999999999983,0.9829265519799822,-0.18399835165768005,4818.0,0.0,0.0,5111.571428571428,6894.0,3713.170157567194,6757.066666666667,7425.5,4513.5491725839565,2850.0,0,0,1,0,0,0,1,0,0,0
683,1,2015-04-13,0.7818314824680298,0.6234898018587336,0.8660254037844387,-0.49999999999999983,0.9796136916454901,-0.20089055513063506,0.0,0.0,13059.0,7049.0,7216.0,4117.684826857596,7022.466666666666,7688.5,4674.3867658529925,2850.0,1,0,1,0,0,0,1,0,0,13562
683,1,2015-04-14,0.9749279121818236,-0.22252093395631434,0.8660254037844387,-0.49999999999999983,0.9760105506323683,-0.21772323039653177,13562.0,9059.0,13686.0,7366.714285714285,7216.0,4376.300367292199,7398.566666666667,7768.0,4541.9137215520705,2850.0,1,0,1,0,0,0,1,0,0,11283
683,1,2015-04-15,0.43388373911755823,-0.900968867902419,0.8660254037844387,-0.49999999999999983,0.9721181966290613,-0.23449138957040985,11283.0,7794.0,13657.0,7456.285714285715,7216.0,4392.88844665578,7227.633333333333,7768.0,4396.63437488686,2850.0,1,0,1,0,0,0,1,0,0,8421
683,1,2015-04-16,-0.433883739117558,-0.9009688679024191,0.8660254037844387,-0.49999999999999983,0.9679377830240642,-0.25119006388481935,8421.0,6894.0,13004.0,7895.857142857143,8421.0,4480.325041354745,7230.2,7768.0,4398.266793432032,2850.0,1,0,1,0,0,0,1,0,0,9971
683,1,2015-04-17,-0.9749279121818236,-0.2225209339563146,0.8660254037844387,-0.49999999999999983,0.9634705485641488,-0.2678143051621742,9971.0,7216.0,0.0,8146.571428571428,8971.0,4485.041763356005,7190.8,7768.0,4376.421254073176,2850.0,1,0,1,0,0,0,1,0,0,8971
683,1,2015-04-18,-0.7818314824680299,0.6234898018587334,0.8660254037844387,-0.49999999999999983,0.9587178169872964,-0.2843591872810034,8971.0,4818.0,7742.0,8313.57142857143,8971.0,4360.480396207992,7077.433333333333,7688.5,4361.566917767158,2850.0,0,0,1,0,0,0,1,0,0,5987
683,1,2015-04-19,-2.4492935982947064e-16,1.0,0.8660254037844387,-0.49999999999999983,0.9536809966304457,-0.30081980763566735,5987.0,0.0,0.0,8313.57142857143,8971.0,4360.480396207992,6790.666666666667,7425.5,4537.089940307197,2850.0,0,0,1,0,0,0,1,0,0,0
683,1,2015-04-20,0.7818314824680298,0.6234898018587336,0.8660254037844387,-0.49999999999999983,0.9483615800121715,-0.3171912885891061,0.0,13562.0,0.0,7344.857142857143,8421.0,3703.976621082231,6838.633333333333,7425.5,4528.8454910285,2850.0,0,0,1,0,0,0,1,0,0,6781
683,1,2015-04-21,0.9749279121818236,-0.22252093395631434,0.8660254037844387,-0.49999999999999983,0.9427611433904207,-0.3334687789181868,6781.0,11283.0,9059.0,6740.857142857143,7055.0,3274.599030343066,7073.8,7425.5,4340.759550569699,2850.0,0,0,1,0,0,0,1,0,0,7055
683,1,2015-04-22,0.43388373911755823,-0.900968867902419,0.8660254037844387,-0.49999999999999983,0.9368813462954315,-0.3496474552512284,7055.0,8421.0,7794.0,6459.571428571428,6781.0,3189.6891100932644,7020.133333333333,7135.5,4338.072444454255,2850.0,0,0,1,0,0,0,1,0,0,6452
683,1,2015-04-23,-0.433883739117558,-0.9009688679024191,0.8660254037844387,-0.49999999999999983,0.9307239310379795,-0.36572252349726897,6452.0,9971.0,6894.0,5972.714285714285,6563.0,2800.775411339127,6976.033333333334,6974.5,4335.690713642729,2850.0,0,0,1,0,0,0,1,0,0,6563
683,1,2015-04-24,-0.9749279121818236,-0.2225209339563146,0.8660254037844387,-0.49999999999999983,0.9242907221930934,-0.3816892202666588,6563.0,8971.0,7216.0,5601.142857142857,6452.0,2492.2452680646084,6961.333333333333,6974.5,4337.016941864877,2850.0,0,0,1,0,0,0,1,0,0,6370
683,1,2015-04-25,-0.7818314824680299,0.6234898018587334,0.8660254037844387,-0.49999999999999983,0.9175836260593937,-0.39754281428255595,6370.0,5987.0,4818.0,5540.714285714285,6452.0,2486.4516695005077,6918.4,6974.5,4344.50525416281,2850.0,0,0,1,0,0,0,1,0,0,5564
683,1,2015-04-26,-2.4492935982947064e-16,1.0,0.8660254037844387,-0.49999999999999983,0.9106046300942163,-0.4132786077829042,5564.0,0.0,0.0,5540.714285714285,6452.0,2486.4516695005077,6663.9,6837.5,4521.117830573654,2850.0,0,0,1,0,0,0,1,0,0,0
683,1,2015-04-27,0.7818314824680298,0.6234898018587336,0.8660254037844387,-0.49999999999999983,0.9033558023246845,-0.4288919379124835,0.0,6781.0,13562.0,6227.571428571428,6452.0,3387.1249783625594,6849.933333333333,6974.5,4607.201408988812,2850.0,1,0,1,0,0,0,1,0,0,11589
683,1,2015-04-28,0.9749279121818236,-0.22252093395631434,0.8660254037844387,-0.49999999999999983,0.895839290734909,-0.4443781781046132,11589.0,7055.0,11283.0,6868.857142857143,6452.0,3948.3485336096,7234.733333333334,7135.5,4496.10323182913,2850.0,1,0,1,0,0,0,1,0,0,11544
683,1,2015-04-29,0.43388373911755823,-0.900968867902419,0.8660254037844387,-0.49999999999999983,0.8880573226294932,-0.45973273945210397,11544.0,6452.0,8421.0,7411.571428571428,6563.0,4138.036686527506,7141.133333333333,7135.5,4398.849134233533,2850.0,1,0,1,0,0,0,1,0,0,10251
683,1,2015-04-30,-0.433883739117558,-0.9009688679024191,0.8660254037844387,-0.49999999999999983,0.8800122039735357,-0.47495107206704995,10251.0,6563.0,9971.0,8298.285714285714,10251.0,4568.532467298642,7110.6,7135.5,4354.811960784654,2850.0,1,0,1,0,0,0,1,0,0,12770
683,1,2015-05-01,-0.9749279121818236,-0.2225209339563146,0.49999999999999994,-0.8660254037844387,0.8717063187093218,-0.49002866642905923,12770.0,6370.0,8971.0,7388.285714285715,10251.0,5546.402639377632,6655.366666666667,6974.5,4360.69982902407,2850.0,1,0,1,0,0,0,1,0,0,0
683,1,2015-05-02,-0.7818314824680299,0.6234898018587334,0.49999999999999994,-0.8660254037844387,0.8631421280499114,-0.5049610547215204,0.0,5564.0,5987.0,7621.142857142857,10251.0,5490.987538035127,6461.7,6974.5,4194.886724458059,2850.0,0,0,1,0,0,0,1,0,0,7194
683,1,2015-05-03,-2.4492935982947064e-16,1.0,0.49999999999999994,-0.8660254037844387,0.854322169749827,-0.5197438121555155,7194.0,0.0,0.0,7621.142857142857,10251.0,5490.987538035127,6461.7,6974.5,4194.886724458059,2850.0,0,0,1,0,0,0,1,0,0,0
683,1,2015-05-04,0.7818314824680298,0.6234898018587336,0.49999999999999994,-0.8660254037844387,0.8452490573530633,-0.5343725582809787,0.0,11589.0,6781.0,7822.857142857143,10251.0,5683.5994589277425,6637.0,6974.5,4356.986217163385,2850.0,1,0,1,0,0,0,1,0,0,13001
683,1,2015-05-05,0.9749279121818236,-0.22252093395631434,0.49999999999999994,-0.8660254037844387,0.835925479418637,-0.548842958284719,13001.0,11544.0,7055.0,7673.142857142857,10251.0,5582.139745909006,6986.866666666667,7124.5,4225.074777818837,2850.0,1,0,1,0,0,0,1,0,0,10496
683,1,2015-05-06,0.43388373911755823,-0.900968867902419,0.49999999999999994,-0.8660254037844387,0.8263541987239096,-0.5631507242749186,10496.0,10251.0,6452.0,7654.714285714285,10122.0,5572.415416265059,7324.266666666666,7205.0,4048.3459451921844,2850.0,1,0,1,0,0,0,1,0,0,10122
683,1,2015-05-07,-0.433883739117558,-0.9009688679024191,0.49999999999999994,-0.8660254037844387,0.8165380514459161,-0.5772916165517272,10122.0,12770.0,6563.0,7238.0,9853.0,5224.328314083377,7350.733333333334,7205.0,4062.6482778952245,2850.0,1,0,1,0,0,0,1,0,0,9853
683,1,2015-05-08,-0.9749279121818236,-0.2225209339563146,0.49999999999999994,-0.8660254037844387,0.8064799463209448,-0.5912614448635781,9853.0,0.0,6370.0,8571.0,9853.0,4149.606808682791,7401.966666666666,7205.0,4078.0930506653517,2850.0,1,0,1,0,0,0,1,0,0,9331
683,1,2015-05-09,-0.7818314824680299,0.6234898018587334,0.49999999999999994,-0.8660254037844387,0.7961828637826158,-0.6050560696488488,9331.0,7194.0,5564.0,8471.857142857143,9853.0,4196.020472962891,7388.833333333333,7205.0,4080.4191137281646,2850.0,0,0,1,0,0,0,1,0,0,6500
683,1,2015-05-10,-2.4492935982947064e-16,1.0,0.49999999999999994,-0.8660254037844387,0.7856498550787145,-0.6186714032625031,6500.0,0.0,0.0,8471.857142857143,9853.0,4196.020472962891,7148.3,7124.5,4297.850634830196,2850.0,0,0,1,0,0,0,1,0,0,0
683,1,2015-05-11,0.7818314824680298,0.6234898018587336,0.49999999999999994,-0.8660254037844387,0.7748840413670407,-0.6321034111873487,0.0,13001.0,11589.0,7811.285714285715,9331.0,3698.6688467738177,7266.933333333333,7785.5,4280.3934393233385,2850.0,0,0,1,0,0,0,1,0,0,8377
683,1,2015-05-12,0.9749279121818236,-0.22252093395631434,0.49999999999999994,-0.8660254037844387,0.7638886127905428,-0.6453481132295501,8377.0,10496.0,11544.0,7372.0,8377.0,3504.1579112058575,7514.3,7899.0,4054.418536056338,2850.0,0,0,1,0,0,0,1,0,0,7421
683,1,2015-05-13,0.43388373911755823,-0.900968867902419,0.49999999999999994,-0.8660254037844387,0.7526668275320084,-0.6584015846980488,7421.0,10122.0,10251.0,7218.0,8377.0,3384.8143228248036,7363.7,7899.0,3903.119337410649,2850.0,0,0,1,0,0,0,1,0,0,9044
683,1,2015-05-14,-0.433883739117558,-0.9009688679024191,0.49999999999999994,-0.8660254037844387,0.741222010848596,-0.6712599575675313,9044.0,9853.0,12770.0,5810.428571428572,7421.0,4083.0810612062196,6987.6,7307.5,4053.161836019566,2850.0,0,0,1,0,0,0,1,0,0,0
683,1,2015-05-15,-0.9749279121818236,-0.2225209339563146,0.49999999999999994,-0.8660254037844387,0.7295575540864875,-0.6839194216246106,0.0,9331.0,0.0,5765.571428571428,7421.0,4039.449172727338,7007.466666666666,7307.5,4061.8812248830536,2850.0,0,0,1,0,0,0,1,0,0,9017
683,1,2015-05-16,-0.7818314824680299,0.6234898018587334,0.49999999999999994,-0.8660254037844387,0.717676913675962,-0.6963762255968722,9017.0,6500.0,7194.0,5659.428571428572,7421.0,4026.6760840318707,6867.0,7124.5,4028.590512479689,2850.0,0,0,1,0,0,0,1,0,0,5757
683,1,2015-05-17,-2.4492935982947064e-16,1.0,0.49999999999999994,-0.8660254037844387,0.705583610107178,-0.7086266782644596,5757.0,0.0,0.0,5659.428571428572,7421.0,4026.6760840318707,6567.966666666666,6918.0,4196.480253270822,2850.0,0,0,1,0,0,0,1,0,0,0
683,1,2015-05-18,0.7818314824680298,0.6234898018587336,0.49999999999999994,-0.8660254037844387,0.6932812268869777,-0.7206671495538609,0.0,8377.0,13001.0,6255.857142857143,7421.0,4741.9577331369255,6786.8,7124.5,4334.056954258747,2850.0,1,0,1,0,0,0,1,0,0,12552
683,1,2015-05-19,0.9749279121818236,-0.22252093395631434,0.49999999999999994,-0.8660254037844387,0.6807734094770161,-0.7324940716135789,12552.0,7421.0,10496.0,6565.285714285715,9017.0,4898.736426000945,7106.366666666667,7307.5,4166.592178046815,2850.0,1,0,1,0,0,0,1,0,0,9587
683,1,2015-05-20,0.43388373911755823,-0.900968867902419,0.49999999999999994,-0.8660254037844387,0.6680638642135335,-0.7441039398713607,9587.0,9044.0,10122.0,6648.714285714285,9017.0,4952.662304736902,7201.266666666666,7899.0,4191.2750585104695,2850.0,1,0,1,0,0,0,1,0,0,9628
683,1,2015-05-21,-0.433883739117558,-0.9009688679024191,0.49999999999999994,-0.8660254037844387,0.6551563572090853,-0.7554933140726803,9628.0,0.0,9853.0,7992.285714285715,9405.0,4039.9794436063444,7279.6,8697.0,4210.363958385183,2850.0,1,0,1,0,0,0,1,0,0,9405
683,1,2015-05-22,-0.9749279121818236,-0.2225209339563146,0.49999999999999994,-0.8660254037844387,0.6420547132365637,-0.766658819300159,9405.0,9017.0,9331.0,7970.142857142857,9405.0,4033.8471061990435,7359.933333333333,8939.5,4217.014959401505,2850.0,1,0,1,0,0,0,1,0,0,8862
683,1,2015-05-23,-0.7818314824680299,0.6234898018587334,0.49999999999999994,-0.8660254037844387,0.6287628145958344,-0.777597146973627,8862.0,5757.0,6500.0,7880.285714285715,9405.0,4097.861015793706,7312.1,8939.5,4234.468670410685,2850.0,0,0,1,0,0,0,1,0,0,5128
683,1,2015-05-24,-2.4492935982947064e-16,1.0,0.49999999999999994,-0.8660254037844387,0.6152845999633276,-0.7883050558305255,5128.0,0.0,0.0,7880.285714285715,9405.0,4097.861015793706,7099.766666666666,8939.5,4438.14854752351,2850.0,0,0,1,0,0,0,1,0,0,0
683,1,2015-05-25,0.7818314824680298,0.6234898018587336,0.49999999999999994,-0.8660254037844387,0.6016240632249226,-0.7987793728863649,0.0,12552.0,8377.0,6087.142857142857,8862.0,4444.495637998807,6914.3,8939.5,4617.186351388502,2850.0,0,0,1,0,0,0,1,0,0,0
683,1,2015-05-26,0.9749279121818236,-0.22252093395631434,0.49999999999999994,-0.8660254037844387,0.5877852522924732,-0.8090169943749473,0.0,9587.0,7421.0,5855.428571428572,7965.0,4270.49481352933,7179.8,8939.5,4431.142153689822,2850.0,0,0,1,0,0,0,1,0,0,7965
683,1,2015-05-27,0.43388373911755823,-0.900968867902419,0.49999999999999994,-0.8660254037844387,0.5737722679043246,-0.8190148866680801,7965.0,9628.0,9044.0,5693.142857142857,7965.0,4122.24883724775,7076.566666666667,8677.0,4360.388757449494,2850.0,0,0,1,0,0,0,1,0,0,8492
683,1,2015-05-28,-0.433883739117558,-0.9009688679024191,0.49999999999999994,-0.8660254037844387,0.5595892624101765,-0.8287700871745037,8492.0,9405.0,0.0,5486.857142857143,7961.0,3937.533679372207,6957.133333333333,8434.5,4282.17252896425,2850.0,0,0,1,0,0,0,1,0,0,7961
683,1,2015-05-29,-0.9749279121818236,-0.2225209339563146,0.49999999999999994,-0.8660254037844387,0.545240438540651,-0.8382797052177743,7961.0,8862.0,9017.0,5674.857142857143,7961.0,4151.161541407067,6954.7,8434.5,4280.256567801383,2850.0,0,0,1,0,0,0,1,0,0,10178
683,1,2015-05-30,-0.7818314824680299,0.6234898018587334,0.49999999999999994,-0.8660254037844387,0.5307300481619334,-0.8475409228928311,10178.0,5128.0,5757.0,5907.571428571428,7961.0,4161.0443743986,6754.266666666666,8171.0,4136.9381392300365,2850.0,0,0,1,0,0,0,1,0,0,6757
683,1,2015-05-31,-2.4492935982947064e-16,1.0,0.49999999999999994,-0.8660254037844387,0.5160623910158528,-0.8565509959010036,6757.0,0.0,0.0,5907.571428571428,7961.0,4161.0443743986,6754.266666666666,8171.0,4136.9381392300365,2850.0,0,0,1,0,0,0,1,0,0,0
683,1,2015-06-01,0.7818314824680298,0.6234898018587336,1.2246467991473532e-16,-1.0,0.5012418134457758,-0.865307254363206,0.0,0.0,12552.0,7885.285714285715,7965.0,4175.199864049842,6975.933333333333,8434.5,4334.744664423398,2850.0,1,0,1,0,0,0,1,0,0,13844
683,1,2015-06-02,0.9749279121818236,-0.22252093395631434,1.2246467991473532e-16,-1.0,0.48627270710869,-0.8738071036110808,13844.0,7965.0,9587.0,8380.42857142857,8492.0,4386.405774554782,7356.966666666666,8677.0,4200.733552388309,2850.0,1,0,1,0,0,0,1,0,0,11431
683,1,2015-06-03,0.43388373911755823,-0.900968867902419,1.2246467991473532e-16,-1.0,0.4711595076738638,-0.8820480249558537,11431.0,8492.0,9628.0,8696.714285714286,10178.0,4474.723667977924,7280.466666666666,8677.0,4114.415588729656,2850.0,1,0,1,0,0,0,1,0,0,10706
683,1,2015-06-04,-0.433883739117558,-0.9009688679024191,1.2246467991473532e-16,-1.0,0.4559066935084588,-0.8900275764346767,10706.0,7961.0,9405.0,8956.714285714286,10178.0,4477.724709205388,7256.633333333333,8677.0,4097.181642622604,2850.0,1,0,1,0,0,0,1,0,0,9781
683,1,2015-06-05,-0.9749279121818236,-0.2225209339563146,1.2246467991473532e-16,-1.0,0.440518784350495,-0.8977433935342337,9781.0,10178.0,8862.0,8891.142857142857,9781.0,4460.185998684029,7243.2,8677.0,4088.1136987360187,2850.0,1,0,1,0,0,0,1,0,0,9719
683,1,2015-06-06,-0.7818314824680299,0.6234898018587334,1.2246467991473532e-16,-1.0,0.42500033996955416,-0.9051931898913974,9719.0,6757.0,5128.0,8669.142857142857,9781.0,4619.927828749823,7088.2,8434.5,4073.878710973625,2850.0,0,0,1,0,0,0,1,0,0,5203
683,1,2015-06-07,-2.4492935982947064e-16,1.0,1.2246467991473532e-16,-1.0,0.4093559588156213,-0.9123747579707273,5203.0,0.0,0.0,8669.142857142857,9781.0,4619.927828749823,6777.166666666667,8171.0,4249.171603511906,2850.0,0,0,1,0,0,0,1,0,0,0
683,1,2015-06-08,0.7818314824680298,0.6234898018587336,1.2246467991473532e-16,-1.0,0.39359027665646673,-0.9192859697186104,0.0,13844.0,0.0,7882.0,9719.0,4021.989888931421,6838.3,8355.5,4258.2298017870735,2850.0,0,0,1,0,0,0,1,0,0,8334
683,1,2015-06-09,0.9749279121818236,-0.22252093395631434,1.2246467991473532e-16,-1.0,0.3777079652039649,-0.9259247771938498,8334.0,11431.0,7965.0,7359.857142857143,8334.0,3709.5781174580666,7097.5,8355.5,4059.660702231329,2850.0,0,0,1,0,0,0,1,0,0,7776
683,1,2015-06-10,0.43388373911755823,-0.900968867902419,1.2246467991473532e-16,-1.0,0.36171373072976765,-0.9322892131745133,7776.0,10706.0,8492.0,6809.571428571428,7776.0,3403.560334764301,7046.733333333334,8149.5,4052.625202246693,2850.0,0,0,1,0,0,0,1,0,0,6854
683,1,2015-06-11,-0.433883739117558,-0.9009688679024191,1.2246467991473532e-16,-1.0,0.3456123126707335,-0.9383773917408641,6854.0,9781.0,7961.0,6457.142857142857,7314.0,3163.8836066123554,7043.166666666667,8149.5,4052.3315305307046,2850.0,0,0,1,0,0,0,1,0,0,7314
683,1,2015-06-12,-0.9749279121818236,-0.2225209339563146,1.2246467991473532e-16,-1.0,0.3294084822245304,-0.9441875088341993,7314.0,9719.0,10178.0,6114.857142857143,7314.0,2867.950396396425,6985.8,7963.0,4035.1754172868186,2850.0,0,0,1,0,0,0,1,0,0,7323
683,1,2015-06-13,-0.7818314824680299,0.6234898018587334,1.2246467991473532e-16,-1.0,0.3131070409358269,-0.9497178427914316,7323.0,5203.0,6757.0,6105.857142857143,7314.0,2871.385636968746,7157.133333333333,7963.0,3832.355454082616,2850.0,0,0,1,0,0,0,1,0,0,5140
683,1,2015-06-14,-2.4492935982947064e-16,1.0,1.2246467991473532e-16,-1.0,0.29671281927349075,-0.9549667548552551,5140.0,0.0,0.0,6105.857142857143,7314.0,2871.385636968746,6856.566666666667,7868.5,4029.959978267374,2850.0,0,0,1,0,0,0,1,0,0,0
683,1,2015-06-15,0.7818314824680298,0.6234898018587336,1.2246467991473532e-16,-1.0,0.28023067519921585,-0.9599326896597447,0.0,8334.0,13844.0,6887.571428571428,7314.0,4072.6562117428407,7124.866666666667,7963.0,4217.789809623153,2850.0,1,0,1,0,0,0,1,0,0,13806
683,1,2015-06-16,0.9749279121818236,-0.22252093395631434,1.2246467991473532e-16,-1.0,0.26366549272800704,-0.9646141756912435,13806.0,7776.0,11431.0,7400.142857142857,7314.0,4414.543631700834,7503.666666666667,8149.5,4063.311960944423,2850.0,1,0,1,0,0,0,1,0,0,11364
683,1,2015-06-17,0.43388373911755823,-0.900968867902419,1.2246467991473532e-16,-1.0,0.24702218048093552,-0.9690098257244062,11364.0,6854.0,10706.0,7799.428571428572,7323.0,4482.786628022894,7406.9,8149.5,3972.4937477436083,2850.0,1,0,1,0,0,0,1,0,0,9649
683,1,2015-06-18,-0.433883739117558,-0.9009688679024191,1.2246467991473532e-16,-1.0,0.23030567023061221,-0.9731183372332619,9649.0,7314.0,9781.0,8055.285714285715,9105.0,4501.534764732485,7390.833333333333,8149.5,3964.3386810615602,2850.0,1,0,1,0,0,0,1,0,0,9105
683,1,2015-06-19,-0.9749279121818236,-0.2225209339563146,1.2246467991473532e-16,-1.0,0.21352091543979612,-0.9769384927771817,9105.0,7323.0,9719.0,8207.42857142857,9105.0,4490.644269186868,7349.5,8149.5,3946.633779520867,2850.0,1,0,1,0,0,0,1,0,0,8388
683,1,2015-06-20,-0.7818314824680299,0.6234898018587334,1.2246467991473532e-16,-1.0,0.19667288979357647,-0.980469160361632,8388.0,5140.0,5203.0,8266.0,9105.0,4446.4238439446935,7221.0,7963.0,3940.153068967822,2850.0,0,0,1,0,0,0,1,0,0,5550
683,1,2015-06-21,-2.4492935982947064e-16,1.0,1.2246467991473532e-16,-1.0,0.1797665857255624,-0.9837092937736097,5550.0,0.0,0.0,8266.0,9105.0,4446.4238439446935,6925.6,7868.5,4140.012931847202,2850.0,0,0,1,0,0,0,1,0,0,0
683,1,2015-06-22,0.7818314824680298,0.6234898018587336,1.2246467991473532e-16,-1.0,0.16280701293851715,-0.986657932891657,0.0,13806.0,8334.0,7358.857142857143,8388.0,3715.468854602838,7003.2,7868.5,4126.954336620617,2850.0,0,0,1,0,0,0,1,0,0,7456
683,1,2015-06-23,0.9749279121818236,-0.22252093395631434,1.2246467991473532e-16,-1.0,0.1457991969198751,-0.9893142039703663,7456.0,11364.0,7776.0,6698.857142857143,7456.0,3268.9430722366096,7228.0,7868.5,3910.3185071789485,2850.0,0,0,1,0,0,0,1,0,0,6744
683,1,2015-06-24,0.43388373911755823,-0.900968867902419,1.2246467991473532e-16,-1.0,0.12874817745258132,-0.99167731989929,6744.0,9649.0,6854.0,6314.571428571428,6959.0,3012.378233065618,7459.966666666666,7868.5,3665.50205888336,2850.0,0,0,1,0,0,0,1,0,0,6959
683,1,2015-06-25,-0.433883739117558,-0.9009688679024191,1.2246467991473532e-16,-1.0,0.11165900712169512,-0.993746580436178,6959.0,9105.0,7314.0,6054.0,6959.0,2802.3426509499604,7437.166666666667,7616.0,3664.379470292186,2850.0,0,0,1,0,0,0,1,0,0,7281
683,1,2015-06-26,-0.9749279121818236,-0.2225209339563146,1.2246467991473532e-16,-1.0,0.09453674981719912,-0.9955213724144752,7281.0,8388.0,7323.0,5832.142857142857,6835.0,2643.7538607424094,7381.933333333333,7389.5,3660.4175372662653,2850.0,0,0,1,0,0,0,1,0,0,6835
683,1,2015-06-27,-0.7818314824680299,0.6234898018587334,1.2246467991473532e-16,-1.0,0.07738647923346301,-0.9970011699250151,6835.0,5550.0,5140.0,5824.857142857143,6835.0,2644.731078236575,7299.866666666667,7318.5,3674.5589060488587,2850.0,0,0,1,0,0,0,1,0,0,5499
683,1,2015-06-28,-2.4492935982947064e-16,1.0,1.2246467991473532e-16,-1.0,0.06021327736579302,-0.9981855344718586,5499.0,0.0,0.0,5824.857142857143,6835.0,2644.731078236575,6960.6,7297.5,3864.6071183640834,2850.0,0,0,1,0,0,0,1,0,0,0
683,1,2015-06-29,0.7818314824680298,0.6234898018587336,1.2246467991473532e-16,-1.0,0.04302223300453059,-0.99907411510223,0.0,7456.0,13806.0,6541.142857142857,6835.0,3648.5945891795636,7151.033333333334,7318.5,3992.8580506503954,2850.0,1,0,1,0,0,0,1,0,0,12470
683,1,2015-06-30,0.9749279121818236,-0.22252093395631434,1.2246467991473532e-16,-1.0,0.02581844022713308,-0.9996666485105112,12470.0,6744.0,11364.0,7461.714285714285,6959.0,4436.230596436778,7590.633333333333,7389.5,3903.3795744583745,2850.0,1,0,1,0,0,0,1,0,0,13188
683,1,2015-07-01,0.43388373911755823,-0.900968867902419,-0.4999999999999998,-0.8660254037844388,0.008606996888688698,-0.9999629591162655,13188.0,6959.0,9649.0,8031.0,7281.0,4613.130535041604,7493.966666666666,7389.5,3777.040124528576,2850.0,1,0,1,0,0,0,1,0,0,10944
683,1,2015-07-02,-0.433883739117558,-0.9009688679024191,-0.4999999999999998,-0.8660254037844388,-0.008606996888688009,-0.9999629591162655,10944.0,7281.0,9105.0,8435.42857142857,10112.0,4660.274736434272,7450.0,7389.5,3737.09644805549,2850.0,1,0,1,0,0,0,1,0,0,10112
683,1,2015-07-03,-0.9749279121818236,-0.2225209339563146,-0.4999999999999998,-0.8660254037844388,-0.02581844022713239,-0.9996666485105112,10112.0,6835.0,8388.0,8749.42857142857,10112.0,4608.226551763797,7394.233333333334,7389.5,3699.1232016411045,2850.0,1,0,1,0,0,0,1,0,0,9033
683,1,2015-07-04,-0.7818314824680299,0.6234898018587334,-0.4999999999999998,-0.8660254037844388,-0.04302223300453034,-0.99907411510223,9033.0,5499.0,5550.0,8651.0,10112.0,4695.751732506014,7228.533333333334,7318.5,3699.8591467442548,2850.0,0,0,1,0,0,0,1,0,0,4810
683,1,2015-07-05,-2.4492935982947064e-16,1.0,-0.4999999999999998,-0.8660254037844388,-0.060213277365792774,-0.9981855344718586,4810.0,0.0,0.0,8651.0,10112.0,4695.751732506014,6904.566666666667,7297.5,3894.648899082745,2850.0,0,0,1,0,0,0,1,0,0,0
683,1,2015-07-06,0.7818314824680298,0.6234898018587336,-0.4999999999999998,-0.8660254037844388,-0.07738647923346322,-0.9970011699250151,0.0,12470.0,7456.0,7932.285714285715,9033.0,4388.789457784665,6979.1,7318.5,3882.3386335451523,2850.0,0,0,1,0,0,0,1,0,0,7439
683,1,2015-07-07,0.9749279121818236,-0.22252093395631434,-0.4999999999999998,-0.8660254037844388,-0.09453674981719933,-0.9955213724144752,7439.0,13188.0,6744.0,7011.714285714285,7439.0,3728.8551734764133,7203.9,7318.5,3652.752522366547,2850.0,0,0,1,0,0,0,1,0,0,6744
683,1,2015-07-08,0.43388373911755823,-0.900968867902419,-0.4999999999999998,-0.8660254037844388,-0.11165900712169444,-0.9937465804361781,6744.0,10944.0,6959.0,6468.0,7138.0,3314.3593146589546,7164.033333333334,7297.5,3646.5144669219762,2850.0,0,0,1,0,0,0,1,0,0,7138
683,1,2015-07-09,-0.433883739117558,-0.9009688679024191,-0.4999999999999998,-0.8660254037844388,-0.12874817745258066,-0.99167731989929,7138.0,10112.0,7281.0,5997.857142857143,6821.0,2921.4294120385175,7132.2,7209.5,3645.156128343476,2850.0,0,0,1,0,0,0,1,0,0,6821
683,1,2015-07-10,-0.9749279121818236,-0.2225209339563146,-0.4999999999999998,-0.8660254037844388,-0.14579919691987442,-0.9893142039703664,6821.0,9033.0,6835.0,5721.142857142857,6821.0,2666.6561100981353,7140.266666666666,7209.5,3644.7869994369175,2850.0,0,0,1,0,0,0,1,0,0,7096
683,1,2015-07-11,-0.7818314824680299,0.6234898018587334,-0.4999999999999998,-0.8660254037844388,-0.16280701293851646,-0.9866579328916572,7096.0,4810.0,5499.0,5766.142857142857,6821.0,2651.331704921834,7067.3,7117.0,3663.054539870921,2850.0,0,0,1,0,0,0,1,0,0,5125
683,1,2015-07-12,-2.4492935982947064e-16,1.0,-0.4999999999999998,-0.8660254037844388,-0.17976658572556214,-0.9837092937736098,5125.0,0.0,0.0,5766.142857142857,6821.0,2651.331704921834,6823.2,7027.5,3882.8308673991437,2850.0,0,0,1,0,0,0,1,0,0,0
683,1,2015-07-13,0.7818314824680298,0.6234898018587336,-0.4999999999999998,-0.8660254037844388,-0.19667288979357622,-0.9804691603616321,0.0,7439.0,12470.0,6337.571428571428,6821.0,3397.9038076017096,7033.166666666667,7117.0,3958.2509119065703,2850.0,1,0,1,0,0,0,1,0,0,11439
683,1,2015-07-14,0.9749279121818236,-0.22252093395631434,-0.4999999999999998,-0.8660254037844388,-0.2135209154397959,-0.9769384927771817,11439.0,6744.0,13188.0,6771.857142857143,7096.0,3643.875200413755,7359.3,7209.5,3756.72050808442,2850.0,1,0,1,0,0,0,1,0,0,9784
683,1,2015-07-15,0.43388373911755823,-0.900968867902419,-0.4999999999999998,-0.8660254037844388,-0.23030567023061196,-0.973118337233262,9784.0,7138.0,10944.0,7134.0,7096.0,3808.575761795115,7221.533333333334,7209.5,3583.9652354892337,2850.0,1,0,1,0,0,0,1,0,0,9673
683,1,2015-07-16,-0.433883739117558,-0.9009688679024191,-0.4999999999999998,-0.8660254037844388,-0.24702218048093527,-0.9690098257244063,9673.0,6821.0,10112.0,7576.285714285715,9673.0,3943.5453471161973,7173.3,7209.5,3535.705140128491,2850.0,1,0,1,0,0,0,1,0,0,9917
683,1,2015-07-17,-0.9749279121818236,-0.2225209339563146,-0.4999999999999998,-0.8660254037844388,-0.2636654927280072,-0.9646141756912435,9917.0,7096.0,9033.0,7707.857142857143,9673.0,3940.2131257319543,7118.9,7209.5,3508.7529600247944,2850.0,1,0,1,0,0,0,1,0,0,8017
683,1,2015-07-18,-0.7818314824680299,0.6234898018587334,-0.4999999999999998,-0.8660254037844388,-0.2802306751992161,-0.9599326896597445,8017.0,5125.0,4810.0,7692.428571428572,9673.0,3952.205538562933,6982.633333333333,7117.0,3508.341807781831,2850.0,0,0,1,0,0,0,1,0,0,5017
683,1,2015-07-19,-2.4492935982947064e-16,1.0,-0.4999999999999998,-0.8660254037844388,-0.2967128192734901,-0.9549667548552553,5017.0,0.0,0.0,7692.428571428572,9673.0,3952.2055385629324,6703.033333333334,7027.5,3720.318085059797,2850.0,0,0,1,0,0,0,1,0,0,0
683,1,2015-07-20,0.7818314824680298,0.6234898018587336,-0.4999999999999998,-0.8660254037844388,-0.3131070409358267,-0.9497178427914317,0.0,11439.0,7439.0,7164.0,8017.0,3599.314286545874,6776.033333333334,7117.0,3718.398695798978,2850.0,0,0,1,0,0,0,1,0,0,7740
683,1,2015-07-21,0.9749279121818236,-0.22252093395631434,-0.4999999999999998,-0.8660254037844388,-0.3294084822245302,-0.9441875088341994,7740.0,9784.0,6744.0,6673.714285714285,7740.0,3411.8094766211384,6987.766666666666,7117.0,3493.286286809198,2850.0,0,0,1,0,0,0,1,0,0,6352
683,1,2015-07-22,0.43388373911755823,-0.900968867902419,-0.4999999999999998,-0.8660254037844388,-0.3456123126707333,-0.9383773917408642,6352.0,9673.0,7138.0,6250.857142857143,6713.0,3151.6354182429973,6963.0,7027.5,3492.48590449603,2850.0,0,0,1,0,0,0,1,0,0,6713
683,1,2015-07-23,-0.433883739117558,-0.9009688679024191,-0.4999999999999998,-0.8660254037844388,-0.3617137307297674,-0.9322892131745134,6713.0,9917.0,6821.0,5798.428571428572,6713.0,2737.7768874972608,6963.2,7027.5,3492.473102604198,2850.0,0,0,1,0,0,0,1,0,0,6750
683,1,2015-07-24,-0.9749279121818236,-0.2225209339563146,-0.4999999999999998,-0.8660254037844388,-0.37770796520396466,-0.9259247771938499,6750.0,8017.0,7096.0,5514.142857142857,6352.0,2567.0018457707383,6932.133333333333,6965.5,3496.65446739706,2850.0,0,0,1,0,0,0,1,0,0,6027
683,1,2015-07-25,-0.7818314824680299,0.6234898018587334,-0.4999999999999998,-0.8660254037844388,-0.39359027665646645,-0.9192859697186105,6027.0,5017.0,5125.0,5424.857142857143,6352.0,2597.859402698764,6835.833333333333,6828.0,3526.371291924001,2850.0,0,0,1,0,0,0,1,0,0,4392
683,1,2015-07-26,-2.4492935982947064e-16,1.0,-0.4999999999999998,-0.8660254037844388,-0.4093559588156211,-0.9123747579707274,4392.0,0.0,0.0,5424.857142857143,6352.0,2597.859402698764,6608.0,6785.5,3740.712250084339,2850.0,0,0,1,0,0,0,1,0,0,0
683,1,2015-07-27,0.7818314824680298,0.6234898018587336,-0.4999999999999998,-0.8660254037844388,-0.42500033996955394,-0.9051931898913975,0.0,7740.0,11439.0,5806.428571428572,6352.0,3135.1713859129804,6771.733333333334,6958.5,3797.5653991629347,2850.0,1,0,1,0,0,0,1,0,0,10411
683,1,2015-07-28,0.9749279121818236,-0.22252093395631434,-0.4999999999999998,-0.8660254037844388,-0.4405187843504952,-0.8977433935342336,10411.0,6352.0,9784.0,6116.857142857143,6713.0,3301.368879145494,7055.9,7117.0,3586.4622694718014,2850.0,1,0,1,0,0,0,1,0,0,8525
683,1,2015-07-29,0.43388373911755823,-0.900968867902419,-0.4999999999999998,-0.8660254037844388,-0.455906693508459,-0.8900275764346766,8525.0,6713.0,9673.0,6380.571428571428,6750.0,3428.2181405283295,6925.533333333334,7117.0,3451.41451994769,2850.0,1,0,1,0,0,0,1,0,0,8559
683,1,2015-07-30,-0.433883739117558,-0.9009688679024191,-0.4999999999999998,-0.8660254037844388,-0.47115950767386394,-0.8820480249558535,8559.0,6750.0,9917.0,6684.714285714285,8525.0,3558.422530386435,6781.9,7117.0,3266.518924819952,2850.0,1,0,1,0,0,0,1,0,0,8879
683,1,2015-07-31,-0.9749279121818236,-0.2225209339563146,-0.4999999999999998,-0.8660254037844388,-0.4862727071086902,-0.8738071036110807,8879.0,6027.0,8017.0,7315.0,8559.0,3804.7224603116447,6765.066666666667,7117.0,3245.5647926036704,2850.0,1,0,1,0,0,0,1,0,0,10439
