Store,Cluster,Date,DayOfWeek_sin,DayOfWeek_cos,Month_sin,Month_cos,DayOfYear_sin,DayOfYear_cos,Sales_Lag_1,Sales_Lag_7,Sales_Lag_14,RollingMean_7,RollingMedian_7,RollingStd_7,RollingMean_30,RollingMedian_30,RollingStd_30,CompetitionDistance,Promo,Promo2,StoreType_a,StoreType_b,StoreType_c,StoreType_d,Assortment_a,Assortment_b,Assortment_c,Sales
853,1,2013-01-30,0.43388373911755823,-0.900968867902419,0.49999999999999994,0.8660254037844387,0.4937755501599772,0.869589389346611,6183.0,9472.0,6643.0,6387.714285714285,6998.0,2952.9362626762813,6834.4,7086.5,3489.884965992728,14040.0,0,0,1,0,0,0,1,0,0,6919
853,1,2013-01-31,-0.433883739117558,-0.9009688679024191,0.49999999999999994,0.8660254037844387,0.5086709438521044,0.8609610158889943,6919.0,8407.0,5675.0,6323.428571428572,6998.0,2906.177607393306,7099.633333333333,7312.5,3246.43231747622,14040.0,0,0,1,0,0,0,1,0,0,7957
853,1,2013-02-01,-0.9749279121818236,-0.2225209339563146,0.8660254037844386,0.5000000000000001,0.5234156073655503,0.8520775211013093,7957.0,8757.0,6362.0,6072.428571428572,6998.0,2731.5954347318007,7006.433333333333,7087.5,3206.240183780989,14040.0,0,0,1,0,0,0,1,0,0,7000
853,1,2013-02-02,-0.7818314824680299,0.6234898018587334,0.8660254037844386,0.5000000000000001,0.5380051715382996,0.8429415373547828,7000.0,6998.0,6807.0,6111.857142857143,7000.0,2749.117763245233,6970.533333333334,7087.5,3196.681336607715,14040.0,0,0,1,0,0,0,1,0,0,7274
853,1,2013-02-03,-2.4492935982947064e-16,1.0,0.8660254037844386,0.5000000000000001,0.5524353131676196,0.8335557718385699,7274.0,0.0,0.0,6111.857142857143,7000.0,2749.117763245233,6694.633333333333,6999.0,3428.794052436364,14040.0,0,0,1,0,0,0,1,0,0,0
853,1,2013-02-04,0.7818314824680298,0.6234898018587336,0.8660254037844386,0.5000000000000001,0.5667017562911176,0.8239230057575542,0.0,7450.0,10919.0,6781.571428571428,7000.0,3576.078898138893,6875.733333333334,7087.5,3569.9340661672736,14040.0,1,0,1,0,0,0,1,0,0,12138
853,1,2013-02-05,0.9749279121818236,-0.22252093395631434,0.8660254037844386,0.5000000000000001,0.5808002734538009,0.8140460935082178,12138.0,6183.0,10455.0,7291.142857142857,7274.0,3727.5032049425704,7200.733333333334,7224.5,3360.0359084014444,14040.0,1,0,1,0,0,0,1,0,0,9750
853,1,2013-02-06,0.43388373911755823,-0.900968867902419,0.8660254037844386,0.5000000000000001,0.5947266869607634,0.8039279618328213,9750.0,6919.0,9472.0,7665.285714285715,7957.0,3814.3517891548177,7101.7,7224.5,3239.8184831018343,14040.0,1,0,1,0,0,0,1,0,0,9538
853,1,2013-02-07,-0.433883739117558,-0.9009688679024191,0.8660254037844386,0.5000000000000001,0.6084768701151261,0.7935716089521474,9538.0,7957.0,8407.0,7638.142857142857,7767.0,3812.605601972287,6994.733333333334,7224.5,3159.471026582786,14040.0,1,0,1,0,0,0,1,0,0,7767
853,1,2013-02-08,-0.9749279121818236,-0.2225209339563146,0.8660254037844386,0.5000000000000001,0.6220467484408675,0.7829801036770629,7767.0,7000.0,8757.0,7953.0,9204.0,3842.015660214482,7001.166666666667,7224.5,3163.9115040953848,14040.0,1,0,1,0,0,0,1,0,0,9204
853,1,2013-02-09,-0.7818314824680299,0.6234898018587334,0.8660254037844386,0.5000000000000001,0.6354323008901774,0.7721565844991642,9204.0,7274.0,6998.0,7807.571428571428,9204.0,3890.95591755817,6921.1,7087.5,3150.9035414601635,14040.0,0,0,1,0,0,0,1,0,0,6256
853,1,2013-02-10,-2.4492935982947064e-16,1.0,0.8660254037844386,0.5000000000000001,0.6486295610349814,0.7611042586607747,6256.0,0.0,0.0,7807.571428571428,9204.0,3890.95591755817,6630.233333333334,6999.0,3373.4432392595168,14040.0,0,0,1,0,0,0,1,0,0,0
853,1,2013-02-11,0.7818314824680298,0.6234898018587336,0.8660254037844386,0.5000000000000001,0.6616346182422783,0.7498264012045686,0.0,12138.0,7450.0,7148.857142857143,7767.0,3394.2599796603386,6652.7,7087.5,3377.220252076325,14040.0,0,0,1,0,0,0,1,0,0,7527
853,1,2013-02-12,0.9749279121818236,-0.22252093395631434,0.8660254037844386,0.5000000000000001,0.6744436188329455,0.7383263540031065,7527.0,9750.0,6183.0,6663.0,7527.0,3197.5884663289607,6864.333333333333,7087.5,3136.2894761422954,14040.0,0,0,1,0,0,0,1,0,0,6349
853,1,2013-02-13,0.43388373911755823,-0.900968867902419,0.8660254037844386,0.5000000000000001,0.6870527672236669,0.7266075247685656,6349.0,9538.0,6919.0,6399.285714285715,7527.0,2990.368746174163,6889.133333333333,7224.5,3139.91334970858,14040.0,0,0,1,0,0,0,1,0,0,7692
853,1,2013-02-14,-0.433883739117558,-0.9009688679024191,0.8660254037844386,0.5000000000000001,0.6994583270516471,0.7146733860429609,7692.0,7767.0,7957.0,6467.571428571428,7527.0,3031.974321414066,6924.8,7362.0,3149.335511741681,14040.0,0,0,1,0,0,0,1,0,0,8245
853,1,2013-02-15,-0.9749279121818236,-0.2225209339563146,0.8660254037844386,0.5000000000000001,0.7116566222817746,0.702527474169157,8245.0,9204.0,7000.0,6015.0,6349.0,2781.5366256801294,6904.566666666667,7362.0,3153.1559634570967,14040.0,0,0,1,0,0,0,1,0,0,6036
853,1,2013-02-16,-0.7818314824680299,0.6234898018587334,0.8660254037844386,0.5000000000000001,0.7236440382959124,0.6901733882429719,6036.0,6256.0,7274.0,6109.714285714285,6919.0,2802.320925844963,6946.033333333334,7362.0,3144.5967504576,14040.0,0,0,1,0,0,0,1,0,0,6919
853,1,2013-02-17,-2.4492935982947064e-16,1.0,0.8660254037844386,0.5000000000000001,0.7354170229639855,0.6776147890466889,6919.0,0.0,0.0,6109.714285714285,6919.0,2802.320925844963,6733.966666666666,7362.0,3390.26643733084,14040.0,0,0,1,0,0,0,1,0,0,0
853,1,2013-02-18,0.7818314824680298,0.6234898018587336,0.8660254037844386,0.5000000000000001,0.7469720876965552,0.6648553979642865,0.0,7527.0,12138.0,6962.571428571428,6919.0,3970.5110862097185,6956.966666666666,7488.5,3608.250626696746,14040.0,1,0,1,0,0,0,1,0,0,13497
853,1,2013-02-19,0.9749279121818236,-0.22252093395631434,0.8660254037844386,0.5000000000000001,0.7583058084785625,0.6518989958787126,13497.0,6349.0,9750.0,7686.0,7692.0,4288.670190163844,7337.4,7609.5,3447.536187702347,14040.0,1,0,1,0,0,0,1,0,0,11413
853,1,2013-02-20,0.43388373911755823,-0.900968867902419,0.8660254037844386,0.5000000000000001,0.7694148268839378,0.6387494220515272,11413.0,7692.0,9538.0,7872.428571428572,8245.0,4317.243482329236,7273.333333333333,7609.5,3396.1588071935257,14040.0,1,0,1,0,0,0,1,0,0,8997
853,1,2013-02-21,-0.433883739117558,-0.9009688679024191,0.8660254037844386,0.5000000000000001,0.7802958510707755,0.6254105729852463,8997.0,8245.0,7767.0,7916.714285714285,8555.0,4323.287973841425,7210.0,7609.5,3352.2112002429785,14040.0,1,0,1,0,0,0,1,0,0,8555
853,1,2013-02-22,-0.9749279121818236,-0.2225209339563146,0.8660254037844386,0.5000000000000001,0.7909456567567772,0.6118864012687243,8555.0,6036.0,9204.0,8179.285714285715,8555.0,4245.135361575084,7156.733333333334,7609.5,3327.6346049961385,14040.0,1,0,1,0,0,0,1,0,0,7874
853,1,2013-02-23,-0.7818314824680299,0.6234898018587334,0.8660254037844386,0.5000000000000001,0.8013610881746766,0.5981809144059164,7874.0,6919.0,6256.0,8091.714285714285,8555.0,4281.632154303063,7086.7,7488.5,3322.519039669375,14040.0,0,0,1,0,0,0,1,0,0,6306
853,1,2013-02-24,-2.4492935982947064e-16,1.0,0.8660254037844386,0.5000000000000001,0.8115390590073611,0.5842981736283683,6306.0,0.0,0.0,8091.714285714285,8555.0,4281.632154303063,6794.8,7362.0,3547.753523297378,14040.0,0,0,1,0,0,0,1,0,0,0
853,1,2013-02-25,0.7818314824680298,0.6234898018587336,0.8660254037844386,0.5000000000000001,0.8214765533024142,0.5702422926917871,0.0,13497.0,7527.0,7086.142857142857,7874.0,3567.6307464278207,6776.8,7362.0,3548.056878601736,14040.0,0,0,1,0,0,0,1,0,0,6458
853,1,2013-02-26,0.9749279121818236,-0.22252093395631434,0.8660254037844386,0.5000000000000001,0.8311706263658079,0.5560174366570446,6458.0,11413.0,6349.0,6379.714285714285,6468.0,3014.8259603878564,6992.4,7362.0,3310.632605451087,14040.0,0,0,1,0,0,0,1,0,0,6468
853,1,2013-02-27,0.43388373911755823,-0.900968867902419,0.8660254037844386,0.5000000000000001,0.8406184056344782,0.5416278206559814,6468.0,8997.0,7692.0,6058.285714285715,6468.0,2801.6826321745584,6968.966666666666,7137.0,3309.7698063859903,14040.0,0,0,1,0,0,0,1,0,0,6747
853,1,2013-02-28,-0.433883739117558,-0.9009688679024191,0.8660254037844386,0.5000000000000001,0.8498170915275278,0.5270777086423722,6747.0,8555.0,8245.0,5999.142857142857,6468.0,2743.968684744258,7034.233333333334,7400.5,3313.040250630656,14040.0,0,0,1,0,0,0,1,0,0,8141
853,1,2013-03-01,-0.9749279121818236,-0.2225209339563146,1.0,6.123233995736766e-17,0.8587639582758029,0.5123714121284237,8141.0,7874.0,6036.0,6106.428571428572,6468.0,2842.4065424180512,7091.1,7609.5,3325.6115885549566,14040.0,0,0,1,0,0,0,1,0,0,8625
853,1,2013-03-02,-0.7818314824680299,0.6234898018587334,1.0,6.123233995736766e-17,0.8674563547295968,0.49751328890718066,8625.0,6306.0,6919.0,6302.142857142857,6747.0,2904.9167187472226,7081.733333333334,7601.5,3323.4837033505623,14040.0,0,0,1,0,0,0,1,0,0,7676
853,1,2013-03-03,-2.4492935982947064e-16,1.0,1.0,6.123233995736766e-17,0.8758917051442429,0.48250774176121847,7676.0,0.0,0.0,6302.142857142857,6747.0,2904.9167187472226,6848.4,7601.5,3566.2774332677027,14040.0,0,0,1,0,0,0,1,0,0,0
853,1,2013-03-04,0.7818314824680298,0.6234898018587336,1.0,6.123233995736766e-17,0.8840675099433636,0.46735921715800227,0.0,6458.0,13497.0,7209.714285714285,7676.0,3812.400281287615,7032.966666666666,7684.0,3728.6459822460392,14040.0,1,0,1,0,0,0,1,0,0,12811
853,1,2013-03-05,0.9749279121818236,-0.22252093395631434,1.0,6.123233995736766e-17,0.8919813464595485,0.45207220393230435,12811.0,6468.0,11413.0,7981.142857142857,8141.0,4167.136244015842,7428.566666666667,7729.5,3583.4926680961466,14040.0,1,0,1,0,0,0,1,0,0,11868
853,1,2013-03-06,0.43388373911755823,-0.900968867902419,1.0,6.123233995736766e-17,0.8996308696522433,0.43665123195606403,11868.0,6747.0,8997.0,8380.714285714286,8625.0,4163.171055589142,7342.1,7729.5,3496.1711702552734,14040.0,1,0,1,0,0,0,1,0,0,9544
853,1,2013-03-07,-0.433883739117558,-0.9009688679024191,1.0,6.123233995736766e-17,0.9070138128026359,0.4211008707960896,9544.0,8141.0,8555.0,8534.714285714286,9219.0,4172.753036636829,7324.4,7729.5,3484.886309925108,14040.0,1,0,1,0,0,0,1,0,0,9219
853,1,2013-03-08,-0.9749279121818236,-0.2225209339563146,1.0,6.123233995736766e-17,0.9141279881853337,0.40542572835999735,9219.0,8625.0,7874.0,8675.142857142857,9544.0,4192.790575443018,7326.733333333334,7729.5,3486.442638458914,14040.0,1,0,1,0,0,0,1,0,0,9608
853,1,2013-03-09,-0.7818314824680299,0.6234898018587334,1.0,6.123233995736766e-17,0.9209712877166346,0.38963044953078796,9608.0,7676.0,6306.0,8633.285714285714,9544.0,4205.869696598063,7313.933333333333,7684.0,3485.47528974203,14040.0,0,0,1,0,0,0,1,0,0,7383
853,1,2013-03-10,-2.4492935982947064e-16,1.0,1.0,6.123233995736766e-17,0.9275416835791966,0.37371971479046906,7383.0,0.0,0.0,8633.285714285714,9544.0,4205.869696598063,7007.133333333333,7601.5,3711.14390519385,14040.0,0,0,1,0,0,0,1,0,0,0
853,1,2013-03-11,0.7818314824680298,0.6234898018587336,1.0,6.123233995736766e-17,0.9338372288229252,0.35769823883312546,0.0,12811.0,6458.0,7813.428571428572,9219.0,3795.0668793906125,7034.333333333333,7601.5,3708.438163054009,14040.0,0,0,1,0,0,0,1,0,0,7072
853,1,2013-03-12,0.9749279121818236,-0.22252093395631434,1.0,6.123233995736766e-17,0.9398560579418954,0.3415707691678556,7072.0,11868.0,6468.0,7070.142857142857,7383.0,3352.2932165196708,7256.5,7601.5,3464.0852676253944,14040.0,0,0,1,0,0,0,1,0,0,6665
853,1,2013-03-13,0.43388373911755823,-0.900968867902419,1.0,6.123233995736766e-17,0.9455963874271426,0.3253420847119801,6665.0,9544.0,6747.0,6661.285714285715,7072.0,3169.851611368462,7228.333333333333,7529.5,3465.2451506384045,14040.0,0,0,1,0,0,0,1,0,0,6682
853,1,2013-03-14,-0.433883739117558,-0.9009688679024191,1.0,6.123233995736766e-17,0.9510565162951535,0.30901699437494745,6682.0,9219.0,8141.0,6368.857142857143,7072.0,2983.512495285349,7255.766666666666,7529.5,3461.299154974888,14040.0,0,0,1,0,0,0,1,0,0,7172
853,1,2013-03-15,-0.9749279121818236,-0.2225209339563146,1.0,6.123233995736766e-17,0.9562348265919056,0.29260033563334836,7172.0,9608.0,8625.0,6075.0,7072.0,2699.0440282934755,7251.066666666667,7467.0,3460.782071602664,14040.0,0,0,1,0,0,0,1,0,0,7551
853,1,2013-03-16,-0.7818314824680299,0.6234898018587334,1.0,6.123233995736766e-17,0.9611297838723007,0.27609697309746883,7551.0,7383.0,7676.0,6067.714285714285,7072.0,2694.990582190454,7220.633333333333,7357.5,3455.750953703547,14040.0,0,0,1,0,0,0,1,0,0,7332
853,1,2013-03-17,-2.4492935982947064e-16,1.0,1.0,6.123233995736766e-17,0.9657399376548549,0.2595117970697999,7332.0,0.0,0.0,6067.714285714285,7072.0,2694.990582190454,7019.433333333333,7357.5,3694.562506724165,14040.0,0,0,1,0,0,0,1,0,0,0
853,1,2013-03-18,0.7818314824680298,0.6234898018587336,1.0,6.123233995736766e-17,0.970063921851507,0.2428497220959356,0.0,7072.0,12811.0,6648.714285714285,7172.0,3314.7213917253894,7160.1,7467.0,3770.1692118798705,14040.0,1,0,1,0,0,0,1,0,0,11139
853,1,2013-03-19,0.9749279121818236,-0.22252093395631434,1.0,6.123233995736766e-17,0.9741004551724205,0.22611568550828828,11139.0,6665.0,11868.0,7244.714285714285,7332.0,3673.7634524778396,7521.333333333333,7613.5,3574.5700328207618,14040.0,1,0,1,0,0,0,1,0,0,10837
853,1,2013-03-20,0.43388373911755823,-0.900968867902419,1.0,6.123233995736766e-17,0.9778483415056568,0.20931464596304847,10837.0,6682.0,9544.0,7596.0,7551.0,3728.1511950742183,7376.133333333333,7613.5,3408.059481564993,14040.0,1,0,1,0,0,0,1,0,0,9141
853,1,2013-03-21,-0.433883739117558,-0.9009688679024191,1.0,6.123233995736766e-17,0.9813064702716093,0.19245158197082998,9141.0,7172.0,9219.0,7897.142857142857,9141.0,3773.061066233065,7305.033333333334,7613.5,3342.55721312119,14040.0,1,0,1,0,0,0,1,0,0,9280
853,1,2013-03-22,-0.9749279121818236,-0.2225209339563146,1.0,6.123233995736766e-17,0.9844738167520922,0.1755314904214282,9280.0,7551.0,9608.0,8107.857142857143,9141.0,3791.649571913319,7306.0,7613.5,3343.067556848824,14040.0,1,0,1,0,0,0,1,0,0,9026
853,1,2013-03-23,-0.7818314824680299,0.6234898018587334,1.0,6.123233995736766e-17,0.9873494423939864,0.15855938510313478,9026.0,7332.0,7383.0,8000.857142857143,9141.0,3827.591297782082,7240.266666666666,7467.0,3337.0440247303445,14040.0,0,0,1,0,0,0,1,0,0,6583
853,1,2013-03-24,-2.4492935982947064e-16,1.0,1.0,6.123233995736766e-17,0.989932495087353,0.141540295217043,6583.0,0.0,0.0,8000.857142857143,9141.0,3827.591297782082,6977.8,7357.5,3585.859214114278,14040.0,0,0,1,0,0,0,1,0,0,0
853,1,2013-03-25,0.7818314824680298,0.6234898018587336,1.0,6.123233995736766e-17,0.9922222094179323,0.12447926388678915,0.0,11139.0,7072.0,8174.571428571428,9141.0,4016.675941502824,7179.433333333333,7467.0,3714.540336191733,14040.0,1,0,1,0,0,0,1,0,0,12355
853,1,2013-03-26,0.9749279121818236,-0.22252093395631434,1.0,6.123233995736766e-17,0.994217906893952,0.10738134666416309,12355.0,10837.0,6665.0,8280.57142857143,9141.0,4107.413413862906,7565.4,7613.5,3540.3063533911945,14040.0,1,0,1,0,0,0,1,0,0,11579
853,1,2013-03-27,0.43388373911755823,-0.900968867902419,1.0,6.123233995736766e-17,0.995918996147179,0.09025161003104117,11579.0,9141.0,6682.0,8553.0,9280.0,4235.246391887958,7718.4,7908.5,3589.636429577752,14040.0,1,0,1,0,0,0,1,0,0,11048
853,1,2013-03-28,-0.433883739117558,-0.9009688679024191,1.0,6.123233995736766e-17,0.9973249731081555,0.07309512989807777,11048.0,9280.0,7172.0,8857.57142857143,11048.0,4370.733685822202,7883.2,8383.0,3643.338800302971,14040.0,1,0,1,0,0,0,1,0,0,11412
853,1,2013-03-29,-0.9749279121818236,-0.2225209339563146,1.0,6.123233995736766e-17,0.9984354211555643,0.055916990100603484,11412.0,9026.0,7551.0,7568.142857142857,11048.0,5498.631630644464,7658.3,8383.0,3914.0776087842455,14040.0,1,0,1,0,0,0,1,0,0,0
853,1,2013-03-30,-0.7818314824680299,0.6234898018587334,1.0,6.123233995736766e-17,0.9992500112396835,0.03872228089217446,0.0,6583.0,7332.0,8128.857142857143,11048.0,5580.937030898765,7737.2,8825.5,3947.854663153052,14040.0,0,0,1,0,0,0,1,0,0,10508
853,1,2013-03-31,-2.4492935982947064e-16,1.0,1.0,6.123233995736766e-17,0.9997685019798909,0.021516097436222254,10508.0,0.0,0.0,8128.857142857143,11048.0,5580.937030898765,7449.7,8351.0,4187.7387705472765,14040.0,0,0,1,0,0,0,1,0,0,0
853,1,2013-04-01,0.7818314824680298,0.6234898018587336,0.8660254037844387,-0.49999999999999983,0.9999907397361901,0.004303538296244289,0.0,12355.0,11139.0,6363.857142857143,10508.0,5962.278770978185,7193.833333333333,8288.5,4402.4300114535745,14040.0,0,0,1,0,0,0,1,0,0,0
853,1,2013-04-02,0.9749279121818236,-0.22252093395631434,0.8660254037844387,-0.49999999999999983,0.9999166586547379,-0.01291029607500882,0.0,11579.0,10837.0,6004.0,9060.0,5663.591322356043,7495.833333333333,9043.0,4197.928594974638,14040.0,0,0,1,0,0,0,1,0,0,9060
853,1,2013-04-03,0.43388373911755823,-0.900968867902419,0.8660254037844387,-0.49999999999999983,0.9995462806873573,-0.030120304846908114,9060.0,11048.0,9141.0,5569.571428571428,8007.0,5318.310754902754,7335.7,8516.5,4078.1019262261757,14040.0,0,0,1,0,0,0,1,0,0,8007
853,1,2013-04-04,-0.433883739117558,-0.9009688679024191,0.8660254037844387,-0.49999999999999983,0.9988797155850336,-0.04732138832243185,8007.0,11412.0,9280.0,5048.857142857143,7767.0,4804.568882101406,7199.0,7887.0,3988.69183464004,14040.0,0,0,1,0,0,0,1,0,0,7767
853,1,2013-04-05,-0.9749279121818236,-0.2225209339563146,0.8660254037844387,-0.49999999999999983,0.9979171608653922,-0.06450844944931623,7767.0,0.0,9026.0,6080.571428571428,7767.0,4287.264934552986,7121.6,7659.0,3964.071379711554,14040.0,0,0,1,0,0,0,1,0,0,7222
853,1,2013-04-06,-0.7818314824680299,0.6234898018587334,0.8660254037844387,-0.49999999999999983,0.9966589017541702,-0.08167639533042241,7222.0,10508.0,6583.0,5587.857142857143,7222.0,3871.6850521261613,7049.6,7467.0,3944.228901520067,14040.0,0,0,1,0,0,0,1,0,0,7059
853,1,2013-04-07,-2.4492935982947064e-16,1.0,0.8660254037844387,-0.49999999999999983,0.9951053111006976,-0.09882013873287143,7059.0,0.0,0.0,5587.857142857143,7222.0,3871.6850521261613,6729.333333333333,7357.5,4115.679164913822,14040.0,0,0,1,0,0,0,1,0,0,0
853,1,2013-04-08,0.7818314824680298,0.6234898018587336,0.8660254037844387,-0.49999999999999983,0.9932568492674143,-0.11593459959550041,0.0,0.0,12355.0,7278.571428571428,7767.0,3599.3683175960578,6877.733333333334,7441.5,4219.027138500331,14040.0,1,0,1,0,0,0,1,0,0,11835
853,1,2013-04-09,0.9749279121818236,-0.22252093395631434,0.8660254037844387,-0.49999999999999983,0.9911140639934547,-0.1330147065341959,11835.0,9060.0,11579.0,7349.428571428572,7767.0,3644.8768089444316,7196.266666666666,7659.0,4038.7412765428,14040.0,1,0,1,0,0,0,1,0,0,9556
853,1,2013-04-10,0.43388373911755823,-0.900968867902419,0.8660254037844387,-0.49999999999999983,0.9886775902323405,-0.1500553983446526,9556.0,8007.0,11048.0,7493.714285714285,7767.0,3694.8934903136105,7261.1,7887.0,4052.266410124176,14040.0,1,0,1,0,0,0,1,0,0,9017
853,1,2013-04-11,-0.433883739117558,-0.9009688679024191,0.8660254037844387,-0.49999999999999983,0.9859481499638304,-0.16705162550211924,9017.0,7767.0,11412.0,7538.714285714285,8082.0,3700.690193026416,7308.333333333333,8044.5,4053.3368146914863,14040.0,1,0,1,0,0,0,1,0,0,8082
853,1,2013-04-12,-0.9749279121818236,-0.2225209339563146,0.8660254037844387,-0.49999999999999983,0.9829265519799822,-0.18399835165768005,8082.0,7222.0,0.0,7926.0,9017.0,3802.4775256841845,7416.7,8549.5,4079.388571072029,14040.0,1,0,1,0,0,0,1,0,0,9933
853,1,2013-04-13,-0.7818314824680299,0.6234898018587334,0.8660254037844387,-0.49999999999999983,0.9796136916454901,-0.20089055513063506,9933.0,7059.0,10508.0,7959.285714285715,9017.0,3794.634884249325,7420.7,8549.5,4079.1991873828397,14040.0,0,0,1,0,0,0,1,0,0,7292
853,1,2013-04-14,-2.4492935982947064e-16,1.0,0.8660254037844387,-0.49999999999999983,0.9760105506323683,-0.21772323039653177,7292.0,0.0,0.0,7959.285714285715,9017.0,3794.634884249325,7169.0,8549.5,4297.976019252429,14040.0,0,0,1,0,0,0,1,0,0,0
853,1,2013-04-15,0.7818314824680298,0.6234898018587336,0.8660254037844387,-0.49999999999999983,0.9721181966290613,-0.23449138957040985,0.0,11835.0,0.0,7385.0,8082.0,3393.2912243621713,7185.1,8549.5,4299.512036065937,14040.0,0,0,1,0,0,0,1,0,0,7815
853,1,2013-04-16,0.9749279121818236,-0.22252093395631434,0.8660254037844387,-0.49999999999999983,0.9679377830240642,-0.25119006388481935,7815.0,9556.0,9060.0,6981.714285714285,7815.0,3257.297945347017,7409.533333333334,8549.5,4081.733621994401,14040.0,0,0,1,0,0,0,1,0,0,6733
853,1,2013-04-17,0.43388373911755823,-0.900968867902419,0.8660254037844387,-0.49999999999999983,0.9634705485641488,-0.2678143051621742,6733.0,9017.0,8007.0,6635.571428571428,7292.0,3131.2715658415223,7258.033333333334,8044.5,4022.452232701814,14040.0,0,0,1,0,0,0,1,0,0,6594
853,1,2013-04-18,-0.433883739117558,-0.9009688679024191,0.8660254037844387,-0.49999999999999983,0.9587178169872964,-0.2843591872810034,6594.0,8082.0,7767.0,6511.0,7210.0,3081.08087094989,7137.133333333333,7911.0,3965.2731239003483,14040.0,0,0,1,0,0,0,1,0,0,7210
853,1,2013-04-19,-0.9749279121818236,-0.2225209339563146,0.8660254037844387,-0.49999999999999983,0.9536809966304457,-0.30081980763566735,7210.0,9933.0,7222.0,6137.857142857143,7210.0,2736.4734865986093,7076.466666666666,7791.0,3947.4402420261927,14040.0,0,0,1,0,0,0,1,0,0,7321
853,1,2013-04-20,-0.7818314824680299,0.6234898018587334,0.8660254037844387,-0.49999999999999983,0.9483615800121715,-0.3171912885891061,7321.0,7292.0,7059.0,6072.142857142857,6832.0,2709.5289522086955,6994.866666666667,7544.0,3925.5603486094446,14040.0,0,0,1,0,0,0,1,0,0,6832
853,1,2013-04-21,-2.4492935982947064e-16,1.0,0.8660254037844387,-0.49999999999999983,0.9427611433904207,-0.3334687789181868,6832.0,0.0,0.0,6072.142857142857,6832.0,2709.5289522086955,6694.0,7306.5,4106.251466173043,14040.0,0,0,1,0,0,0,1,0,0,0
853,1,2013-04-22,0.7818314824680298,0.6234898018587336,0.8660254037844387,-0.49999999999999983,0.9368813462954315,-0.3496474552512284,0.0,7815.0,11835.0,6606.571428571428,6832.0,3393.2561479667706,6859.766666666666,7544.0,4200.903422404258,14040.0,1,0,1,0,0,0,1,0,0,11556
853,1,2013-04-23,0.9749279121818236,-0.22252093395631434,0.8660254037844387,-0.49999999999999983,0.9307239310379795,-0.36572252349726897,11556.0,6733.0,9556.0,6972.714285714285,7210.0,3544.097003670832,7169.633333333333,7791.0,4016.253233217911,14040.0,1,0,1,0,0,0,1,0,0,9296
853,1,2013-04-24,0.43388373911755823,-0.900968867902419,0.8660254037844387,-0.49999999999999983,0.9242907221930934,-0.3816892202666588,9296.0,6594.0,9017.0,7312.142857142857,7321.0,3614.853267126777,7056.8,7791.0,3911.740783669169,14040.0,1,0,1,0,0,0,1,0,0,8970
853,1,2013-04-25,-0.433883739117558,-0.9009688679024191,0.8660254037844387,-0.49999999999999983,0.9175836260593937,-0.39754281428255595,8970.0,7210.0,8082.0,7412.0,7909.0,3621.210432990603,6934.466666666666,7791.0,3821.7921029486824,14040.0,1,0,1,0,0,0,1,0,0,7909
853,1,2013-04-26,-0.9749279121818236,-0.2225209339563146,0.8660254037844387,-0.49999999999999983,0.9106046300942163,-0.4132786077829042,7909.0,7321.0,9933.0,7658.714285714285,8970.0,3672.445357627788,6867.8,7791.0,3764.5775730416644,14040.0,1,0,1,0,0,0,1,0,0,9048
853,1,2013-04-27,-0.7818314824680299,0.6234898018587334,0.8660254037844387,-0.49999999999999983,0.9033558023246845,-0.4288919379124835,9048.0,6832.0,7292.0,7560.857142857143,8970.0,3707.1085061258273,6692.3,7544.0,3666.8838424189407,14040.0,0,0,1,0,0,0,1,0,0,6147
853,1,2013-04-28,-2.4492935982947064e-16,1.0,0.8660254037844387,-0.49999999999999983,0.895839290734909,-0.4443781781046132,6147.0,0.0,0.0,7560.857142857143,8970.0,3707.108506125827,6692.3,7544.0,3666.8838424189407,14040.0,0,0,1,0,0,0,1,0,0,0
853,1,2013-04-29,0.7818314824680298,0.6234898018587336,0.8660254037844387,-0.49999999999999983,0.8880573226294932,-0.45973273945210397,0.0,11556.0,7815.0,7536.428571428572,8970.0,3676.8339123555206,6721.533333333334,7544.0,3701.6832399862897,14040.0,1,0,1,0,0,0,1,0,0,11385
853,1,2013-04-30,0.9749279121818236,-0.22252093395631434,0.8660254037844387,-0.49999999999999983,0.8800122039735357,-0.47495107206704995,11385.0,9296.0,6733.0,7889.857142857143,8970.0,3980.5212987150053,7113.866666666667,7791.0,3586.6685506126737,14040.0,1,0,1,0,0,0,1,0,0,11770
853,1,2013-05-01,0.43388373911755823,-0.900968867902419,0.49999999999999994,-0.8660254037844387,0.8717063187093218,-0.49002866642905923,11770.0,8970.0,6594.0,6608.428571428572,7909.0,4910.125960948552,7113.866666666667,7791.0,3586.6685506126737,14040.0,1,0,1,0,0,0,1,0,0,0
853,1,2013-05-02,-0.433883739117558,-0.9009688679024191,0.49999999999999994,-0.8660254037844387,0.8631421280499114,-0.5049610547215204,0.0,7909.0,7210.0,7094.0,9048.0,5218.557431576915,7188.8,7791.0,3651.624186577802,14040.0,1,0,1,0,0,0,1,0,0,11308
853,1,2013-05-03,-0.9749279121818236,-0.2225209339563146,0.49999999999999994,-0.8660254037844387,0.854322169749827,-0.5197438121555155,11308.0,9048.0,7321.0,7339.285714285715,10765.0,5364.031745937803,7280.733333333334,7791.0,3707.2278883408217,14040.0,1,0,1,0,0,0,1,0,0,10765
853,1,2013-05-04,-0.7818314824680299,0.6234898018587334,0.49999999999999994,-0.8660254037844387,0.8452490573530633,-0.5343725582809787,10765.0,6147.0,6832.0,7488.285714285715,10765.0,5339.824488822507,7261.5,7568.0,3706.11470271161,14040.0,0,0,1,0,0,0,1,0,0,7190
853,1,2013-05-05,-2.4492935982947064e-16,1.0,0.49999999999999994,-0.8660254037844387,0.835925479418637,-0.548842958284719,7190.0,0.0,0.0,7488.285714285715,10765.0,5339.824488822507,7020.766666666666,7568.0,3936.182928564986,14040.0,0,0,1,0,0,0,1,0,0,0
853,1,2013-05-06,0.7818314824680298,0.6234898018587336,0.49999999999999994,-0.8660254037844387,0.8263541987239096,-0.5631507242749186,0.0,11385.0,11556.0,7078.285714285715,8515.0,5095.347770737724,7069.3,7862.0,3945.635529858625,14040.0,0,0,1,0,0,0,1,0,0,8515
853,1,2013-05-07,0.9749279121818236,-0.22252093395631434,0.49999999999999994,-0.8660254037844387,0.8165380514459161,-0.5772916165517272,8515.0,11770.0,9296.0,6575.714285714285,8252.0,4714.74264812993,7344.366666666667,7995.5,3716.816764506899,14040.0,0,0,1,0,0,0,1,0,0,8252
853,1,2013-05-08,0.43388373911755823,-0.900968867902419,0.49999999999999994,-0.8660254037844387,0.8064799463209448,-0.5912614448635781,8252.0,0.0,8970.0,7833.142857142857,8515.0,3742.1302502082676,7243.266666666666,7995.5,3630.7088215838003,14040.0,0,0,1,0,0,0,1,0,0,8802
853,1,2013-05-09,-0.433883739117558,-0.9009688679024191,0.49999999999999994,-0.8660254037844387,0.7961828637826158,-0.6050560696488488,8802.0,11308.0,7909.0,6217.714285714285,8252.0,4378.688186899729,6924.733333333334,7862.0,3834.2900339395046,14040.0,0,0,1,0,0,0,1,0,0,0
853,1,2013-05-10,-0.9749279121818236,-0.2225209339563146,0.49999999999999994,-0.8660254037844387,0.7856498550787145,-0.6186714032625031,0.0,10765.0,9048.0,6257.285714285715,8252.0,4427.610819779507,6992.233333333334,7862.0,3889.815346059087,14040.0,0,0,1,0,0,0,1,0,0,11042
853,1,2013-05-11,-0.7818314824680299,0.6234898018587334,0.49999999999999994,-0.8660254037844387,0.7748840413670407,-0.6321034111873487,11042.0,7190.0,6147.0,6353.285714285715,8252.0,4458.382842626748,6984.9,7838.5,3887.896908222427,14040.0,0,0,1,0,0,0,1,0,0,7862
853,1,2013-05-12,-2.4492935982947064e-16,1.0,0.49999999999999994,-0.8660254037844387,0.7638886127905428,-0.6453481132295501,7862.0,0.0,0.0,6353.285714285715,8252.0,4458.382842626748,6653.8,7568.0,4047.839980822466,14040.0,0,0,1,0,0,0,1,0,0,0
853,1,2013-05-13,0.7818314824680298,0.6234898018587336,0.49999999999999994,-0.8660254037844387,0.7526668275320084,-0.6584015846980488,0.0,8515.0,11385.0,6856.285714285715,8252.0,4917.862601926629,6811.933333333333,7838.5,4164.612164194994,14040.0,1,0,1,0,0,0,1,0,0,12036
853,1,2013-05-14,0.9749279121818236,-0.22252093395631434,0.49999999999999994,-0.8660254037844387,0.741222010848596,-0.6712599575675313,12036.0,8252.0,11770.0,7055.0,8802.0,5010.8811932965755,7133.366666666667,7885.5,3989.1610083543515,14040.0,1,0,1,0,0,0,1,0,0,9643
853,1,2013-05-15,0.43388373911755823,-0.900968867902419,0.49999999999999994,-0.8660254037844387,0.7295575540864875,-0.6839194216246106,9643.0,8802.0,0.0,7225.428571428572,9643.0,5099.703450762041,7206.033333333334,8080.5,4021.7283510805464,14040.0,1,0,1,0,0,0,1,0,0,9995
853,1,2013-05-16,-0.433883739117558,-0.9009688679024191,0.49999999999999994,-0.8660254037844387,0.717676913675962,-0.6963762255968722,9995.0,0.0,11308.0,8618.142857142857,9749.0,4013.017876385606,7306.566666666667,8383.5,4047.112122228028,14040.0,1,0,1,0,0,0,1,0,0,9749
853,1,2013-05-17,-0.9749279121818236,-0.2225209339563146,0.49999999999999994,-0.8660254037844387,0.705583610107178,-0.7086266782644596,9749.0,11042.0,10765.0,8478.714285714286,9749.0,3930.8819923899014,7422.3,8658.5,4075.5760087929007,14040.0,1,0,1,0,0,0,1,0,0,10066
853,1,2013-05-18,-0.7818314824680299,0.6234898018587334,0.49999999999999994,-0.8660254037844387,0.6932812268869777,-0.7206671495538609,10066.0,7862.0,7190.0,8375.857142857143,9749.0,3959.0278869343383,7420.033333333334,8658.5,4075.7170596809965,14040.0,0,0,1,0,0,0,1,0,0,7142
853,1,2013-05-19,-2.4492935982947064e-16,1.0,0.49999999999999994,-0.8660254037844387,0.6807734094770161,-0.7324940716135789,7142.0,0.0,0.0,8375.857142857143,9749.0,3959.0278869343383,7176.0,8658.5,4295.118062686262,14040.0,0,0,1,0,0,0,1,0,0,0
853,1,2013-05-20,0.7818314824680298,0.6234898018587336,0.49999999999999994,-0.8660254037844387,0.6680638642135335,-0.7441039398713607,0.0,12036.0,8515.0,6656.428571428572,9643.0,4656.656628137932,6948.266666666666,8658.5,4490.65659075507,14040.0,0,0,1,0,0,0,1,0,0,0
853,1,2013-05-21,0.9749279121818236,-0.22252093395631434,0.49999999999999994,-0.8660254037844387,0.6551563572090853,-0.7554933140726803,0.0,9643.0,8252.0,6692.428571428572,9749.0,4684.484491636292,7278.1,8886.0,4322.974026978537,14040.0,0,0,1,0,0,0,1,0,0,9895
853,1,2013-05-22,0.43388373911755823,-0.900968867902419,0.49999999999999994,-0.8660254037844387,0.6420547132365637,-0.766658819300159,9895.0,9995.0,8802.0,6309.0,7311.0,4474.239227697447,7136.6,8658.5,4246.925927595484,14040.0,0,0,1,0,0,0,1,0,0,7311
853,1,2013-05-23,-0.433883739117558,-0.9009688679024191,0.49999999999999994,-0.8660254037844387,0.6287628145958344,-0.777597146973627,7311.0,9749.0,0.0,6043.714285714285,7311.0,4287.434225512412,7089.8,8383.5,4230.01153010575,14040.0,0,0,1,0,0,0,1,0,0,7892
853,1,2013-05-24,-0.9749279121818236,-0.2225209339563146,0.49999999999999994,-0.8660254037844387,0.6152845999633276,-0.7883050558305255,7892.0,10066.0,11042.0,5635.714285714285,7210.0,3964.608964084002,7031.133333333333,8080.5,4215.214525839768,14040.0,0,0,1,0,0,0,1,0,0,7210
853,1,2013-05-25,-0.7818314824680299,0.6234898018587334,0.49999999999999994,-0.8660254037844387,0.6016240632249226,-0.7987793728863649,7210.0,7142.0,7862.0,5462.142857142857,7210.0,3913.945299761328,6965.066666666667,8072.0,4216.5130546732435,14040.0,0,0,1,0,0,0,1,0,0,5927
853,1,2013-05-26,-2.4492935982947064e-16,1.0,0.49999999999999994,-0.8660254037844387,0.5877852522924732,-0.8090169943749473,5927.0,0.0,0.0,5462.142857142857,7210.0,3913.945299761328,6663.466666666666,7877.0,4382.705641522128,14040.0,0,0,1,0,0,0,1,0,0,0
853,1,2013-05-27,0.7818314824680298,0.6234898018587336,0.49999999999999994,-0.8660254037844387,0.5737722679043246,-0.8190148866680801,0.0,0.0,12036.0,7148.857142857143,7311.0,3706.322949976672,6852.133333333333,8072.0,4480.44216362729,14040.0,1,0,1,0,0,0,1,0,0,11807
853,1,2013-05-28,0.9749279121818236,-0.22252093395631434,0.49999999999999994,-0.8660254037844387,0.5595892624101765,-0.8287700871745037,11807.0,9895.0,9643.0,7088.571428571428,7311.0,3657.3186378886367,7167.9,8383.5,4311.5020612470935,14040.0,1,0,1,0,0,0,1,0,0,9473
853,1,2013-05-29,0.43388373911755823,-0.900968867902419,0.49999999999999994,-0.8660254037844387,0.545240438540651,-0.8382797052177743,9473.0,7311.0,9995.0,7443.285714285715,7892.0,3800.1094595763784,7114.866666666667,8383.5,4267.40066028517,14040.0,1,0,1,0,0,0,1,0,0,9794
853,1,2013-05-30,-0.433883739117558,-0.9009688679024191,0.49999999999999994,-0.8660254037844387,0.5307300481619334,-0.8475409228928311,9794.0,7892.0,9749.0,6315.857142857143,7210.0,4707.237032080544,6722.533333333334,8072.0,4364.606240748599,14040.0,1,0,1,0,0,0,1,0,0,0
853,1,2013-05-31,-0.9749279121818236,-0.2225209339563146,0.49999999999999994,-0.8660254037844387,0.5160623910158528,-0.8565509959010036,0.0,7210.0,10066.0,6887.857142857143,9473.0,5063.7684724775,7096.333333333333,8383.5,4247.647895444979,14040.0,1,0,1,0,0,0,1,0,0,11214
853,1,2013-06-01,-0.7818314824680299,0.6234898018587334,1.2246467991473532e-16,-1.0,0.5012418134457758,-0.865307254363206,11214.0,5927.0,7142.0,7086.857142857143,9473.0,5047.058563446348,6963.4,8072.0,4173.044118361691,14040.0,0,0,1,0,0,0,1,0,0,7320
853,1,2013-06-02,-2.4492935982947064e-16,1.0,1.2246467991473532e-16,-1.0,0.48627270710869,-0.8738071036110808,7320.0,0.0,0.0,7086.857142857143,9473.0,5047.058563446348,6604.566666666667,7877.0,4295.902439681839,14040.0,0,0,1,0,0,0,1,0,0,0
853,1,2013-06-03,0.7818314824680298,0.6234898018587336,1.2246467991473532e-16,-1.0,0.4711595076738638,-0.8820480249558537,0.0,11807.0,0.0,7087.428571428572,9473.0,5047.682235678166,6758.6,8072.0,4399.220084483628,14040.0,1,0,1,0,0,0,1,0,0,11811
853,1,2013-06-04,0.9749279121818236,-0.22252093395631434,1.2246467991473532e-16,-1.0,0.4559066935084588,-0.8900275764346767,11811.0,9473.0,9895.0,7156.857142857143,9794.0,5089.135566039068,7090.566666666667,8383.5,4244.667296846661,14040.0,1,0,1,0,0,0,1,0,0,9959
853,1,2013-06-05,0.43388373911755823,-0.900968867902419,1.2246467991473532e-16,-1.0,0.440518784350495,-0.8977433935342337,9959.0,9794.0,7311.0,7170.571428571428,9890.0,5097.549014220553,7136.4,8527.0,4267.9382456832145,14040.0,1,0,1,0,0,0,1,0,0,9890
853,1,2013-06-06,-0.433883739117558,-0.9009688679024191,1.2246467991473532e-16,-1.0,0.42500033996955416,-0.9051931898913974,9890.0,0.0,7892.0,8493.57142857143,9890.0,4012.699210304819,7170.033333333334,9031.5,4280.988586146037,14040.0,1,0,1,0,0,0,1,0,0,9261
853,1,2013-06-07,-0.9749279121818236,-0.2225209339563146,1.2246467991473532e-16,-1.0,0.4093559588156213,-0.9123747579707273,9261.0,11214.0,7210.0,8271.57142857143,9660.0,3877.829412491081,7198.633333333333,9367.0,4295.109949885939,14040.0,1,0,1,0,0,0,1,0,0,9660
853,1,2013-06-08,-0.7818314824680299,0.6234898018587334,1.2246467991473532e-16,-1.0,0.39359027665646673,-0.9192859697186104,9660.0,7320.0,5927.0,8189.0,9660.0,3907.5085839103795,7423.366666666667,9367.0,4076.27346281848,14040.0,0,0,1,0,0,0,1,0,0,6742
853,1,2013-06-09,-2.4492935982947064e-16,1.0,1.2246467991473532e-16,-1.0,0.3777079652039649,-0.9259247771938498,6742.0,0.0,0.0,8189.0,9660.0,3907.5085839103795,7055.3,8576.5,4233.7389862210775,14040.0,0,0,1,0,0,0,1,0,0,0
853,1,2013-06-10,0.7818314824680298,0.6234898018587336,1.2246467991473532e-16,-1.0,0.36171373072976765,-0.9322892131745133,0.0,11811.0,11807.0,7589.142857142857,9261.0,3566.206781655233,7046.966666666666,8576.5,4232.3422021490605,14040.0,0,0,1,0,0,0,1,0,0,7612
853,1,2013-06-11,0.9749279121818236,-0.22252093395631434,1.2246467991473532e-16,-1.0,0.3456123126707335,-0.9383773917408641,7612.0,9959.0,9473.0,7229.285714285715,7612.0,3410.926692962173,7294.966666666666,8576.5,4017.7129837185025,14040.0,0,0,1,0,0,0,1,0,0,7440
853,1,2013-06-12,0.43388373911755823,-0.900968867902419,1.2246467991473532e-16,-1.0,0.3294084822245304,-0.9441875088341993,7440.0,9890.0,9794.0,6827.0,7440.0,3204.642517764911,7129.566666666667,7752.0,3916.671816235304,14040.0,0,0,1,0,0,0,1,0,0,7074
853,1,2013-06-13,-0.433883739117558,-0.9009688679024191,1.2246467991473532e-16,-1.0,0.3131070409358269,-0.9497178427914316,7074.0,9261.0,0.0,6510.714285714285,7074.0,3028.811357297645,7043.033333333334,7526.0,3887.7972442816103,14040.0,0,0,1,0,0,0,1,0,0,7047
853,1,2013-06-14,-0.9749279121818236,-0.2225209339563146,1.2246467991473532e-16,-1.0,0.29671281927349075,-0.9549667548552551,7047.0,9660.0,11214.0,6380.428571428572,7074.0,2887.063551843103,7001.466666666666,7526.0,3861.726545554939,14040.0,0,0,1,0,0,0,1,0,0,8748
853,1,2013-06-15,-0.7818314824680299,0.6234898018587334,1.2246467991473532e-16,-1.0,0.28023067519921585,-0.9599326896597447,8748.0,6742.0,7320.0,6457.0,7278.0,2905.3018776023882,6919.1,7380.0,3827.302231202224,14040.0,0,0,1,0,0,0,1,0,0,7278
853,1,2013-06-16,-2.4492935982947064e-16,1.0,1.2246467991473532e-16,-1.0,0.26366549272800704,-0.9646141756912435,7278.0,0.0,0.0,6457.0,7278.0,2905.3018776023882,6583.566666666667,7315.5,3980.090604438577,14040.0,0,0,1,0,0,0,1,0,0,0
853,1,2013-06-17,0.7818314824680298,0.6234898018587336,1.2246467991473532e-16,-1.0,0.24702218048093552,-0.9690098257244062,0.0,7612.0,11811.0,6978.0,7278.0,3427.092207688606,6720.8,7380.0,4069.9714258083627,14040.0,1,0,1,0,0,0,1,0,0,11259
853,1,2013-06-18,0.9749279121818236,-0.22252093395631434,1.2246467991473532e-16,-1.0,0.23030567023061221,-0.9731183372332619,11259.0,7440.0,9959.0,7216.857142857143,7278.0,3521.6215218074053,7024.533333333334,7526.0,3887.0094056408243,14040.0,1,0,1,0,0,0,1,0,0,9112
853,1,2013-06-19,0.43388373911755823,-0.900968867902419,1.2246467991473532e-16,-1.0,0.21352091543979612,-0.9769384927771817,9112.0,7074.0,9890.0,7440.571428571428,8640.0,3560.5594062891646,7312.533333333334,7752.0,3662.17273678113,14040.0,1,0,1,0,0,0,1,0,0,8640
853,1,2013-06-20,-0.433883739117558,-0.9009688679024191,1.2246467991473532e-16,-1.0,0.19667288979357647,-0.980469160361632,8640.0,7047.0,9261.0,7757.571428571428,8748.0,3617.995939611815,7291.566666666667,7752.0,3648.6533905494252,14040.0,1,0,1,0,0,0,1,0,0,9266
853,1,2013-06-21,-0.9749279121818236,-0.2225209339563146,1.2246467991473532e-16,-1.0,0.1797665857255624,-0.9837092937736097,9266.0,8748.0,9660.0,7939.285714285715,9112.0,3706.8823699656114,7381.866666666667,8266.0,3682.5161163430685,14040.0,1,0,1,0,0,0,1,0,0,10020
853,1,2013-06-22,-0.7818314824680299,0.6234898018587334,1.2246467991473532e-16,-1.0,0.16280701293851715,-0.986657932891657,10020.0,7278.0,6742.0,7846.857142857143,9112.0,3734.085627859977,7339.833333333333,8126.0,3683.6890437799398,14040.0,0,0,1,0,0,0,1,0,0,6631
853,1,2013-06-23,-2.4492935982947064e-16,1.0,1.2246467991473532e-16,-1.0,0.1457991969198751,-0.9893142039703663,6631.0,0.0,0.0,7846.857142857143,9112.0,3734.085627859977,7099.5,8126.0,3920.067194621137,14040.0,0,0,1,0,0,0,1,0,0,0
853,1,2013-06-24,0.7818314824680298,0.6234898018587336,1.2246467991473532e-16,-1.0,0.12874817745258132,-0.99167731989929,0.0,11259.0,7612.0,7267.285714285715,8640.0,3417.6544936688965,7142.0,8126.0,3913.8236000634715,14040.0,0,0,1,0,0,0,1,0,0,7202
853,1,2013-06-25,0.9749279121818236,-0.22252093395631434,1.2246467991473532e-16,-1.0,0.11165900712169512,-0.993746580436178,7202.0,9112.0,7440.0,6995.571428571428,7210.0,3320.785140954006,7382.333333333333,8126.0,3674.1693720775374,14040.0,0,0,1,0,0,0,1,0,0,7210
853,1,2013-06-26,0.43388373911755823,-0.900968867902419,1.2246467991473532e-16,-1.0,0.09453674981719912,-0.9955213724144752,7210.0,8640.0,7074.0,6726.142857142857,7202.0,3240.6725859802273,7213.9,7526.0,3578.923603832438,14040.0,0,0,1,0,0,0,1,0,0,6754
853,1,2013-06-27,-0.433883739117558,-0.9009688679024191,1.2246467991473532e-16,-1.0,0.07738647923346301,-0.9970011699250151,6754.0,9266.0,7047.0,6343.857142857143,6754.0,3042.9266848749044,7117.8,7380.0,3554.7966273851684,14040.0,0,0,1,0,0,0,1,0,0,6590
853,1,2013-06-28,-0.9749279121818236,-0.2225209339563146,1.2246467991473532e-16,-1.0,0.06021327736579302,-0.9981855344718586,6590.0,10020.0,8748.0,6130.142857142857,6754.0,2783.154590781914,7075.466666666666,7380.0,3529.2979738902395,14040.0,0,0,1,0,0,0,1,0,0,8524
853,1,2013-06-29,-0.7818314824680299,0.6234898018587334,1.2246467991473532e-16,-1.0,0.04302223300453059,-0.99907411510223,8524.0,6631.0,7278.0,6221.0,7202.0,2812.4573478247275,7317.7,7380.0,3266.5310520172775,14040.0,0,0,1,0,0,0,1,0,0,7267
853,1,2013-06-30,-2.4492935982947064e-16,1.0,1.2246467991473532e-16,-1.0,0.02581844022713308,-0.9996666485105112,7267.0,0.0,0.0,6221.0,7202.0,2812.4573478247275,6943.9,7299.0,3442.194141372121,14040.0,0,0,1,0,0,0,1,0,0,0
853,1,2013-07-01,0.7818314824680298,0.6234898018587336,-0.4999999999999998,-0.8660254037844388,0.008606996888688698,-0.9999629591162655,0.0,7202.0,11259.0,6987.714285714285,7210.0,3712.1261973108985,7118.866666666667,7359.0,3592.1092327809138,14040.0,1,0,1,0,0,0,1,0,0,12569
853,1,2013-07-02,0.9749279121818236,-0.22252093395631434,-0.4999999999999998,-0.8660254037844388,-0.008606996888688009,-0.9999629591162655,12569.0,7210.0,9112.0,7522.428571428572,7267.0,4007.3251617981937,7483.966666666666,7526.0,3394.8114008183775,14040.0,1,0,1,0,0,0,1,0,0,10953
853,1,2013-07-03,0.43388373911755823,-0.900968867902419,-0.4999999999999998,-0.8660254037844388,-0.02581844022713239,-0.9996666485105112,10953.0,6754.0,8640.0,7986.714285714285,8524.0,4090.8580075694645,7423.733333333334,7526.0,3330.81794793694,14040.0,1,0,1,0,0,0,1,0,0,10004
853,1,2013-07-04,-0.433883739117558,-0.9009688679024191,-0.4999999999999998,-0.8660254037844388,-0.04302223300453034,-0.99907411510223,10004.0,6590.0,9266.0,8434.0,9721.0,4083.854388523988,7415.8,7526.0,3324.849318856938,14040.0,1,0,1,0,0,0,1,0,0,9721
853,1,2013-07-05,-0.9749279121818236,-0.2225209339563146,-0.4999999999999998,-0.8660254037844388,-0.060213277365792774,-0.9981855344718586,9721.0,8524.0,10020.0,8595.857142857143,9721.0,4110.382075856669,7408.033333333334,7526.0,3319.137657879531,14040.0,1,0,1,0,0,0,1,0,0,9657
853,1,2013-07-06,-0.7818314824680299,0.6234898018587334,-0.4999999999999998,-0.8660254037844388,-0.07738647923346322,-0.9970011699250151,9657.0,7267.0,6631.0,8565.714285714286,9721.0,4122.506992688051,7334.533333333334,7359.0,3301.0549174189896,14040.0,0,0,1,0,0,0,1,0,0,7056
853,1,2013-07-07,-2.4492935982947064e-16,1.0,-0.4999999999999998,-0.8660254037844388,-0.09453674981719933,-0.9955213724144752,7056.0,0.0,0.0,8565.714285714286,9721.0,4122.506992688051,7012.533333333334,7272.5,3529.623441216019,14040.0,0,0,1,0,0,0,1,0,0,0
853,1,2013-07-08,0.7818314824680298,0.6234898018587336,-0.4999999999999998,-0.8660254037844388,-0.11165900712169444,-0.9937465804361781,0.0,12569.0,7202.0,7930.428571428572,9657.0,3726.3890858373325,7058.533333333334,7359.0,3534.964543872651,14040.0,0,0,1,0,0,0,1,0,0,8122
853,1,2013-07-09,0.9749279121818236,-0.22252093395631434,-0.4999999999999998,-0.8660254037844388,-0.12874817745258066,-0.99167731989929,8122.0,10953.0,7210.0,7439.0,8122.0,3480.029884929147,7308.966666666666,7476.5,3274.1695286436907,14040.0,0,0,1,0,0,0,1,0,0,7513
853,1,2013-07-10,0.43388373911755823,-0.900968867902419,-0.4999999999999998,-0.8660254037844388,-0.14579919691987442,-0.9893142039703664,7513.0,10004.0,6754.0,7207.571428571428,8122.0,3331.729623741137,7334.7,7476.5,3279.6625052398085,14040.0,0,0,1,0,0,0,1,0,0,8384
853,1,2013-07-11,-0.433883739117558,-0.9009688679024191,-0.4999999999999998,-0.8660254037844388,-0.16280701293851646,-0.9866579328916572,8384.0,9721.0,6590.0,6966.285714285715,8032.0,3176.9314709997357,7354.433333333333,7772.5,3282.0980220640545,14040.0,0,0,1,0,0,0,1,0,0,8032
853,1,2013-07-12,-0.9749279121818236,-0.2225209339563146,-0.4999999999999998,-0.8660254037844388,-0.17976658572556214,-0.9837092937736098,8032.0,9657.0,8524.0,6660.0,7513.0,2970.960506861932,7369.066666666667,7772.5,3281.7832193566,14040.0,0,0,1,0,0,0,1,0,0,7513
853,1,2013-07-13,-0.7818314824680299,0.6234898018587334,-0.4999999999999998,-0.8660254037844388,-0.19667288979357622,-0.9804691603616321,7513.0,7056.0,7267.0,6643.142857142857,7513.0,2968.67301604445,7365.433333333333,7772.5,3282.2123918262005,14040.0,0,0,1,0,0,0,1,0,0,6938
853,1,2013-07-14,-2.4492935982947064e-16,1.0,-0.4999999999999998,-0.8660254037844388,-0.2135209154397959,-0.9769384927771817,6938.0,0.0,0.0,6643.142857142857,7513.0,2968.67301604445,7073.833333333333,7513.0,3534.0795424896246,14040.0,0,0,1,0,0,0,1,0,0,0
853,1,2013-07-15,0.7818314824680298,0.6234898018587336,-0.4999999999999998,-0.8660254037844388,-0.23030567023061196,-0.973118337233262,0.0,8122.0,12569.0,7398.0,7513.0,3925.104457208747,7278.1,7772.5,3718.5681926580655,14040.0,1,0,1,0,0,0,1,0,0,13406
853,1,2013-07-16,0.9749279121818236,-0.22252093395631434,-0.4999999999999998,-0.8660254037844388,-0.24702218048093527,-0.9690098257244063,13406.0,7513.0,10953.0,7966.714285714285,8032.0,4221.741532996607,7661.233333333334,8077.0,3530.1854565265066,14040.0,1,0,1,0,0,0,1,0,0,11494
853,1,2013-07-17,0.43388373911755823,-0.900968867902419,-0.4999999999999998,-0.8660254037844388,-0.2636654927280072,-0.9646141756912435,11494.0,8384.0,10004.0,8308.0,8032.0,4355.540341526713,7645.033333333334,8077.0,3514.1848761381575,14040.0,1,0,1,0,0,0,1,0,0,10773
853,1,2013-07-18,-0.433883739117558,-0.9009688679024191,-0.4999999999999998,-0.8660254037844388,-0.2802306751992161,-0.9599326896597445,10773.0,8032.0,9721.0,8626.42857142857,10261.0,4413.098792501809,7683.333333333333,8077.0,3536.912001414104,14040.0,1,0,1,0,0,0,1,0,0,10261
853,1,2013-07-19,-0.9749279121818236,-0.2225209339563146,-0.4999999999999998,-0.8660254037844388,-0.2967128192734901,-0.9549667548552553,10261.0,7513.0,9657.0,8989.142857142857,10261.0,4410.673509740182,7730.4,8077.0,3559.4050316464886,14040.0,1,0,1,0,0,0,1,0,0,10052
853,1,2013-07-20,-0.7818314824680299,0.6234898018587334,-0.4999999999999998,-0.8660254037844388,-0.3131070409358267,-0.9497178427914317,10052.0,6938.0,7056.0,9114.42857142857,10261.0,4354.801826992926,7682.033333333334,7923.5,3547.6581443531727,14040.0,0,0,1,0,0,0,1,0,0,7815
853,1,2013-07-21,-2.4492935982947064e-16,1.0,-0.4999999999999998,-0.8660254037844388,-0.3294084822245302,-0.9441875088341994,7815.0,0.0,0.0,9114.42857142857,10261.0,4354.801826992926,7348.033333333334,7664.0,3783.773608844549,14040.0,0,0,1,0,0,0,1,0,0,0
853,1,2013-07-22,0.7818314824680298,0.6234898018587336,-0.4999999999999998,-0.8660254037844388,-0.3456123126707333,-0.9383773917408642,0.0,13406.0,8122.0,8328.285714285714,10052.0,3926.6105703810945,7390.433333333333,7859.0,3782.588319121448,14040.0,0,0,1,0,0,0,1,0,0,7903
853,1,2013-07-23,0.9749279121818236,-0.22252093395631434,-0.4999999999999998,-0.8660254037844388,-0.3617137307297674,-0.9322892131745134,7903.0,11494.0,7513.0,7866.0,8258.0,3674.163396838338,7665.7,7967.5,3517.4063343164735,14040.0,0,0,1,0,0,0,1,0,0,8258
853,1,2013-07-24,0.43388373911755823,-0.900968867902419,-0.4999999999999998,-0.8660254037844388,-0.37770796520396466,-0.9259247771938499,8258.0,10773.0,8384.0,7376.142857142857,7903.0,3443.326271140128,7670.433333333333,7967.5,3516.8563223359038,14040.0,0,0,1,0,0,0,1,0,0,7344
853,1,2013-07-25,-0.433883739117558,-0.9009688679024191,-0.4999999999999998,-0.8660254037844388,-0.39359027665646645,-0.9192859697186105,7344.0,10261.0,8032.0,7068.714285714285,7903.0,3232.4414773916437,7700.4,8070.5,3516.6278675203444,14040.0,0,0,1,0,0,0,1,0,0,8109
853,1,2013-07-26,-0.9749279121818236,-0.2225209339563146,-0.4999999999999998,-0.8660254037844388,-0.4093559588156211,-0.9123747579707274,8109.0,10052.0,7513.0,6766.142857142857,7903.0,2997.219457462273,7739.733333333334,8070.5,3512.2738379351454,14040.0,0,0,1,0,0,0,1,0,0,7934
853,1,2013-07-27,-0.7818314824680299,0.6234898018587334,-0.4999999999999998,-0.8660254037844388,-0.42500033996955394,-0.9051931898913975,7934.0,7815.0,6938.0,6647.571428571428,7903.0,2965.0556406888754,7752.9,8070.5,3508.5535515562433,14040.0,0,0,1,0,0,0,1,0,0,6985
853,1,2013-07-28,-2.4492935982947064e-16,1.0,-0.4999999999999998,-0.8660254037844388,-0.4405187843504952,-0.8977433935342336,6985.0,0.0,0.0,6647.571428571428,7903.0,2965.0556406888754,7468.766666666666,7983.0,3778.703496715765,14040.0,0,0,1,0,0,0,1,0,0,0
853,1,2013-07-29,0.7818314824680298,0.6234898018587336,-0.4999999999999998,-0.8660254037844388,-0.455906693508459,-0.8900275764346766,0.0,7903.0,13406.0,7193.714285714285,7934.0,3532.604361010236,7617.4,8070.5,3857.370791185319,14040.0,1,0,1,0,0,0,1,0,0,11726
853,1,2013-07-30,0.9749279121818236,-0.22252093395631434,-0.4999999999999998,-0.8660254037844388,-0.47115950767386394,-0.8820480249558535,11726.0,8258.0,11494.0,7953.857142857143,7934.0,4290.885900315199,8070.033333333334,8115.5,3727.2045407390438,14040.0,1,0,1,0,0,0,1,0,0,13579
853,1,2013-07-31,0.43388373911755823,-0.900968867902419,-0.4999999999999998,-0.8660254037844388,-0.4862727071086902,-0.8738071036110807,13579.0,7344.0,10773.0,8659.857142857143,8109.0,4571.226947934633,8060.6,8115.5,3715.765856919442,14040.0,1,0,1,0,0,0,1,0,0,12286
853,1,2013-08-01,-0.433883739117558,-0.9009688679024191,-0.8660254037844384,-0.5000000000000004,-0.5012418134457756,-0.8653072543632061,12286.0,8109.0,10261.0,9073.714285714286,11006.0,4643.610187281933,8062.366666666667,8115.5,3717.2007959580637,14040.0,1,0,1,0,0,0,1,0,0,11006
853,1,2013-08-02,-0.9749279121818236,-0.2225209339563146,-0.8660254037844384,-0.5000000000000004,-0.5160623910158526,-0.8565509959010037,11006.0,7934.0,10052.0,9347.857142857143,11006.0,4621.705148123412,8057.333333333333,8115.5,3714.582348392414,14040.0,1,0,1,0,0,0,1,0,0,9853
853,1,2013-08-03,-0.7818314824680299,0.6234898018587334,-0.8660254037844384,-0.5000000000000004,-0.5307300481619331,-0.8475409228928312,9853.0,6985.0,7815.0,9424.142857142857,11006.0,4580.4264513460375,7983.933333333333,8070.5,3702.310219433204,14040.0,0,0,1,0,0,0,1,0,0,7519
853,1,2013-08-04,-2.4492935982947064e-16,1.0,-0.8660254037844384,-0.5000000000000004,-0.5452404385406507,-0.8382797052177745,7519.0,0.0,0.0,9424.142857142857,11006.0,4580.4264513460375,7662.033333333334,7983.0,3962.502600746091,14040.0,0,0,1,0,0,0,1,0,0,0
853,1,2013-08-05,0.7818314824680298,0.6234898018587336,-0.8660254037844384,-0.5000000000000004,-0.5595892624101763,-0.828770087174504,0.0,11726.0,7903.0,9095.57142857143,9853.0,4468.921975045838,7741.033333333334,8070.5,3973.613186694354,14040.0,0,0,1,0,0,0,1,0,0,9426
853,1,2013-08-06,0.9749279121818236,-0.22252093395631434,-0.8660254037844384,-0.5000000000000004,-0.5737722679043243,-0.8190148866680802,9426.0,13579.0,8258.0,8166.285714285715,9426.0,4036.669366127048,7976.833333333333,8070.5,3698.796347400087,14040.0,0,0,1,0,0,0,1,0,0,7074
853,1,2013-08-07,0.43388373911755823,-0.900968867902419,-0.8660254037844384,-0.5000000000000004,-0.5877852522924734,-0.8090169943749472,7074.0,12286.0,7344.0,7686.571428571428,8928.0,3646.127619687439,8003.7,8070.5,3702.8122038852275,14040.0,0,0,1,0,0,0,1,0,0,8928
853,1,2013-08-08,-0.433883739117558,-0.9009688679024191,-0.8660254037844384,-0.5000000000000004,-0.6016240632249227,-0.7987793728863648,8928.0,11006.0,8109.0,7249.142857142857,7944.0,3353.4493897364514,8018.066666666667,8070.5,3701.6786213948867,14040.0,0,0,1,0,0,0,1,0,0,7944
853,1,2013-08-09,-0.9749279121818236,-0.2225209339563146,-0.8660254037844384,-0.5000000000000004,-0.6152845999633277,-0.7883050558305253,7944.0,9853.0,7934.0,7000.428571428572,7944.0,3188.6563448754173,8009.0,8070.5,3701.084482260245,14040.0,0,0,1,0,0,0,1,0,0,8112
853,1,2013-08-10,-0.7818314824680299,0.6234898018587334,-0.8660254037844384,-0.5000000000000004,-0.6287628145958345,-0.7775971469736268,8112.0,7519.0,6985.0,6833.857142857143,7944.0,3187.506885146621,7953.033333333334,8026.5,3713.3988658345884,14040.0,0,0,1,0,0,0,1,0,0,6353
853,1,2013-08-11,-2.4492935982947064e-16,1.0,-0.8660254037844384,-0.5000000000000004,-0.6420547132365636,-0.7666588193001592,6353.0,0.0,0.0,6833.857142857143,7944.0,3187.506885146621,7702.6,8026.5,3987.3342888494412,14040.0,0,0,1,0,0,0,1,0,0,0
853,1,2013-08-12,0.7818314824680298,0.6234898018587336,-0.8660254037844384,-0.5000000000000004,-0.655156357209085,-0.7554933140726804,0.0,9426.0,11726.0,7211.714285714285,7944.0,3666.747637634094,7873.7,8110.5,4062.809696630459,14040.0,1,0,1,0,0,0,1,0,0,12071
853,1,2013-08-13,0.9749279121818236,-0.22252093395631434,-0.8660254037844384,-0.5000000000000004,-0.6680638642135333,-0.7441039398713608,12071.0,7074.0,13579.0,7863.571428571428,8112.0,4026.1642977381,8261.6,8185.0,3834.235702286657,14040.0,1,0,1,0,0,0,1,0,0,11637
853,1,2013-08-14,0.43388373911755823,-0.900968867902419,-0.8660254037844384,-0.5000000000000004,-0.6807734094770159,-0.7324940716135792,11637.0,8928.0,12286.0,7930.714285714285,8112.0,4050.718031587554,8128.0,8185.0,3716.8332089896467,14040.0,1,0,1,0,0,0,1,0,0,9398
853,1,2013-08-15,-0.433883739117558,-0.9009688679024191,-0.8660254037844384,-0.5000000000000004,-0.6932812268869771,-0.7206671495538615,9398.0,7944.0,11006.0,8201.57142857143,9398.0,4114.639508597839,8072.866666666667,8185.0,3677.2385697491227,14040.0,1,0,1,0,0,0,1,0,0,9840
853,1,2013-08-16,-0.9749279121818236,-0.2225209339563146,-0.8660254037844384,-0.5000000000000004,-0.7055836101071774,-0.7086266782644601,9840.0,8112.0,9853.0,8304.142857142857,9398.0,4120.978905898102,8008.1,8185.0,3645.011284689972,14040.0,1,0,1,0,0,0,1,0,0,8830
853,1,2013-08-17,-0.7818314824680299,0.6234898018587334,-0.8660254037844384,-0.5000000000000004,-0.7176769136759615,-0.6963762255968726,8830.0,6353.0,7519.0,8315.142857142857,9398.0,4115.0011919225235,7880.4,8110.5,3630.4399524404557,14040.0,0,0,1,0,0,0,1,0,0,6430
853,1,2013-08-18,-2.4492935982947064e-16,1.0,-0.8660254037844384,-0.5000000000000004,-0.7295575540864876,-0.6839194216246105,6430.0,0.0,0.0,8315.142857142857,9398.0,4115.0011919225235,7545.333333333333,8026.5,3878.4973124006215,14040.0,0,0,1,0,0,0,1,0,0,0
853,1,2013-08-19,0.7818314824680298,0.6234898018587336,-0.8660254037844384,-0.5000000000000004,-0.7412220108485957,-0.6712599575675315,0.0,12071.0,9426.0,7773.428571428572,8830.0,3773.594036509615,7560.8,8110.5,3880.534405074321,14040.0,0,0,1,0,0,0,1,0,0,8279
853,1,2013-08-20,0.9749279121818236,-0.22252093395631434,-0.8660254037844384,-0.5000000000000004,-0.7526668275320083,-0.6584015846980489,8279.0,11637.0,7074.0,7254.285714285715,8279.0,3383.2682775823746,7827.566666666667,8110.5,3608.3847822511398,14040.0,0,0,1,0,0,0,1,0,0,8003
853,1,2013-08-21,0.43388373911755823,-0.900968867902419,-0.8660254037844384,-0.5000000000000004,-0.7638886127905429,-0.64534811322955,8003.0,9398.0,8928.0,7022.0,8003.0,3265.3189226577297,7823.2,8110.5,3608.369613685038,14040.0,0,0,1,0,0,0,1,0,0,7772
853,1,2013-08-22,-0.433883739117558,-0.9009688679024191,-0.8660254037844384,-0.5000000000000004,-0.7748840413670406,-0.6321034111873488,7772.0,9840.0,7944.0,6706.714285714285,7772.0,3047.1354698189148,7802.366666666667,8056.0,3607.576849214511,14040.0,0,0,1,0,0,0,1,0,0,7633
853,1,2013-08-23,-0.9749279121818236,-0.2225209339563146,-0.8660254037844384,-0.5000000000000004,-0.7856498550787144,-0.6186714032625032,7633.0,8830.0,8112.0,6417.714285714285,7633.0,2904.8027881588114,7784.466666666666,8056.0,3611.2599456979406,14040.0,0,0,1,0,0,0,1,0,0,6807
853,1,2013-08-24,-0.7818314824680299,0.6234898018587334,-0.8660254037844384,-0.5000000000000004,-0.7961828637826154,-0.6050560696488494,6807.0,6430.0,6353.0,6387.714285714285,7633.0,2905.739017547034,7721.5,7973.5,3621.8591315739363,14040.0,0,0,1,0,0,0,1,0,0,6220
853,1,2013-08-25,-2.4492935982947064e-16,1.0,-0.8660254037844384,-0.5000000000000004,-0.8064799463209447,-0.5912614448635782,6220.0,0.0,0.0,6387.714285714285,7633.0,2905.7390175470337,7457.033333333334,7973.5,3885.854856317694,14040.0,0,0,1,0,0,0,1,0,0,0
853,1,2013-08-26,0.7818314824680298,0.6234898018587336,-0.8660254037844384,-0.5000000000000004,-0.8165380514459157,-0.5772916165517278,0.0,8279.0,12071.0,6969.285714285715,7633.0,3657.5088842127516,7635.866666666667,8057.5,3985.555979329334,14040.0,1,0,1,0,0,0,1,0,0,12350
853,1,2013-08-27,0.9749279121818236,-0.22252093395631434,-0.8660254037844384,-0.5000000000000004,-0.8263541987239095,-0.5631507242749187,12350.0,8003.0,11637.0,7385.714285714285,7633.0,3949.13740430682,7999.8,8195.5,3756.133158375548,14040.0,1,0,1,0,0,0,1,0,0,10918
853,1,2013-08-28,0.43388373911755823,-0.900968867902419,-0.8660254037844384,-0.5000000000000004,-0.8359254794186365,-0.5488429582847199,10918.0,7772.0,9398.0,7665.428571428572,7633.0,4049.133563992128,7933.266666666666,8195.5,3705.1863830762045,14040.0,1,0,1,0,0,0,1,0,0,9730
853,1,2013-08-29,-0.433883739117558,-0.9009688679024191,-0.8660254037844384,-0.5000000000000004,-0.8452490573530634,-0.5343725582809785,9730.0,7633.0,9840.0,7820.571428571428,8719.0,4068.4430214822464,7771.266666666666,8195.5,3552.9469549048727,14040.0,1,0,1,0,0,0,1,0,0,8719
853,1,2013-08-30,-0.9749279121818236,-0.2225209339563146,-0.8660254037844384,-0.5000000000000004,-0.8543221697498269,-0.5197438121555157,8719.0,6807.0,8830.0,8240.714285714286,9730.0,4098.076488398171,7686.666666666667,8195.5,3471.0103501105705,14040.0,1,0,1,0,0,0,1,0,0,9748
853,1,2013-08-31,-0.7818314824680299,0.6234898018587334,-0.8660254037844384,-0.5000000000000004,-0.8631421280499115,-0.5049610547215202,9748.0,6220.0,6430.0,8284.57142857143,9730.0,4074.4212618539577,7537.366666666667,8057.5,3419.2538557242347,14040.0,0,0,1,0,0,0,1,0,0,6527
853,1,2013-09-01,-2.4492935982947064e-16,1.0,-1.0,-1.8369701987210297e-16,-0.8717063187093218,-0.4900286664290594,6527.0,0.0,0.0,8284.57142857143,9730.0,4074.4212618539577,7208.933333333333,7973.5,3654.2903262474556,14040.0,0,0,1,0,0,0,1,0,0,0
853,1,2013-09-02,0.7818314824680298,0.6234898018587336,-1.0,-1.8369701987210297e-16,-0.8800122039735356,-0.4749510720670502,0.0,12350.0,8279.0,7751.714285714285,8719.0,3678.8290127106857,7245.633333333333,8057.5,3663.029916785332,14040.0,0,0,1,0,0,0,1,0,0,8620
853,1,2013-09-03,0.9749279121818236,-0.22252093395631434,-1.0,-1.8369701987210297e-16,-0.888057322629493,-0.4597327394521046,8620.0,10918.0,8003.0,7396.571428571428,8620.0,3434.0752203537404,7526.7,8195.5,3402.099586512969,14040.0,0,0,1,0,0,0,1,0,0,8432
853,1,2013-09-04,0.43388373911755823,-0.900968867902419,-1.0,-1.8369701987210297e-16,-0.8958392907349089,-0.44437817810461344,8432.0,9730.0,7772.0,7096.285714285715,8432.0,3284.6792189540424,7466.766666666666,8057.5,3383.27186756918,14040.0,0,0,1,0,0,0,1,0,0,7628
853,1,2013-09-05,-0.433883739117558,-0.9009688679024191,-1.0,-1.8369701987210297e-16,-0.9033558023246842,-0.4288919379124841,7628.0,8719.0,7633.0,6901.285714285715,7628.0,3212.0021126127144,7476.1,8057.5,3382.5371252135965,14040.0,0,0,1,0,0,0,1,0,0,7354
853,1,2013-09-06,-0.9749279121818236,-0.2225209339563146,-1.0,-1.8369701987210297e-16,-0.9106046300942162,-0.41327860778290443,7354.0,9748.0,6807.0,6558.714285714285,7354.0,2977.0741069202836,7423.5,7973.5,3371.431955569394,14040.0,0,0,1,0,0,0,1,0,0,7350
853,1,2013-09-07,-0.7818314824680299,0.6234898018587334,-1.0,-1.8369701987210297e-16,-0.9175836260593934,-0.3975428142825566,7350.0,6527.0,6220.0,6654.285714285715,7354.0,2986.6093213032073,7398.566666666667,7887.5,3370.215563384358,14040.0,0,0,1,0,0,0,1,0,0,7196
853,1,2013-09-08,-2.4492935982947064e-16,1.0,-1.0,-1.8369701987210297e-16,-0.9242907221930934,-0.3816892202666586,7196.0,0.0,0.0,6654.285714285715,7354.0,2986.6093213032073,7128.166666666667,7702.5,3626.6663336185593,14040.0,0,0,1,0,0,0,1,0,0,0
853,1,2013-09-09,0.7818314824680298,0.6234898018587336,-1.0,-1.8369701987210297e-16,-0.9307239310379793,-0.3657225234972692,0.0,8620.0,12350.0,7211.142857142857,7354.0,3693.857397922996,7333.666666666667,7887.5,3753.669766061429,14040.0,1,0,1,0,0,0,1,0,0,12518
853,1,2013-09-10,0.9749279121818236,-0.22252093395631434,-1.0,-1.8369701987210297e-16,-0.9368813462954315,-0.34964745525122826,12518.0,8432.0,10918.0,7486.285714285715,7354.0,3867.595881780034,7678.933333333333,8141.0,3525.2719037546995,14040.0,1,0,1,0,0,0,1,0,0,10358
853,1,2013-09-11,0.43388373911755823,-0.900968867902419,-1.0,-1.8369701987210297e-16,-0.9427611433904206,-0.33346877891818705,10358.0,7628.0,9730.0,7851.0,7354.0,4001.251345933333,7615.933333333333,8141.0,3460.365417551807,14040.0,1,0,1,0,0,0,1,0,0,10181
853,1,2013-09-12,-0.433883739117558,-0.9009688679024191,-1.0,-1.8369701987210297e-16,-0.9483615800121716,-0.31719128858910595,10181.0,7354.0,8719.0,8078.428571428572,8946.0,4013.51931423212,7526.233333333334,8141.0,3386.6291519213705,14040.0,1,0,1,0,0,0,1,0,0,8946
853,1,2013-09-13,-0.9749279121818236,-0.2225209339563146,-1.0,-1.8369701987210297e-16,-0.9536809966304455,-0.300819807635668,8946.0,7350.0,9748.0,8451.0,9958.0,4055.460064324801,7544.9,8141.0,3398.823217750112,14040.0,1,0,1,0,0,0,1,0,0,9958
853,1,2013-09-14,-0.7818314824680299,0.6234898018587334,-1.0,-1.8369701987210297e-16,-0.9587178169872964,-0.2843591872810036,9958.0,7196.0,6527.0,8372.857142857143,9958.0,4088.8053034503605,7438.533333333334,7887.5,3374.364386976003,14040.0,0,0,1,0,0,0,1,0,0,6649
853,1,2013-09-15,-2.4492935982947064e-16,1.0,-1.0,-1.8369701987210297e-16,-0.9634705485641486,-0.26781430516217486,6649.0,0.0,0.0,8372.857142857143,9958.0,4088.8053034503605,7144.2,7702.5,3624.6300681634348,14040.0,0,0,1,0,0,0,1,0,0,0
853,1,2013-09-16,0.7818314824680298,0.6234898018587336,-1.0,-1.8369701987210297e-16,-0.9679377830240642,-0.25119006388481957,0.0,12518.0,8620.0,7685.857142857143,8946.0,3657.5193519001077,7186.833333333333,7740.5,3623.4615768420335,14040.0,0,0,1,0,0,0,1,0,0,7709
853,1,2013-09-17,0.9749279121818236,-0.22252093395631434,-1.0,-1.8369701987210297e-16,-0.9721181966290612,-0.23449138957041052,7709.0,10358.0,8432.0,7199.571428571428,7709.0,3464.213179407544,7418.633333333333,7740.5,3360.75956606829,14040.0,0,0,1,0,0,0,1,0,0,6954
853,1,2013-09-18,0.43388373911755823,-0.900968867902419,-1.0,-1.8369701987210297e-16,-0.9760105506323682,-0.21772323039653224,6954.0,10181.0,7628.0,6632.714285714285,6954.0,3210.393419000524,7349.766666666666,7671.0,3363.6878538534015,14040.0,0,0,1,0,0,0,1,0,0,6213
853,1,2013-09-19,-0.433883739117558,-0.9009688679024191,-1.0,-1.8369701987210297e-16,-0.9796136916454901,-0.20089055513063528,6213.0,8946.0,7354.0,6384.285714285715,6954.0,3065.5682297787043,7323.233333333334,7630.5,3361.496133275029,14040.0,0,0,1,0,0,0,1,0,0,7207
853,1,2013-09-20,-0.9749279121818236,-0.2225209339563146,-1.0,-1.8369701987210297e-16,-0.9829265519799822,-0.18399835165767986,7207.0,9958.0,7350.0,5970.571428571428,6954.0,2673.2002579394575,7299.566666666667,7491.0,3360.726929609468,14040.0,0,0,1,0,0,0,1,0,0,7062
853,1,2013-09-21,-0.7818314824680299,0.6234898018587334,-1.0,-1.8369701987210297e-16,-0.9859481499638303,-0.1670516255021195,7062.0,6649.0,7196.0,6080.0,7062.0,2720.854155101537,7292.3,7384.5,3360.216753579219,14040.0,0,0,1,0,0,0,1,0,0,7415
853,1,2013-09-22,-2.4492935982947064e-16,1.0,-1.0,-1.8369701987210297e-16,-0.9886775902323404,-0.15005539834465262,7415.0,0.0,0.0,6080.0,7062.0,2720.854155101537,7065.4,7384.5,3614.3309449067233,14040.0,0,0,1,0,0,0,1,0,0,0
853,1,2013-09-23,0.7818314824680298,0.6234898018587336,-1.0,-1.8369701987210297e-16,-0.9911140639934546,-0.13301470653419636,0.0,7709.0,12518.0,6482.571428571428,7062.0,3172.95881143257,7208.966666666666,7521.5,3664.7806020169232,14040.0,1,0,1,0,0,0,1,0,0,10527
853,1,2013-09-24,0.9749279121818236,-0.22252093395631434,-1.0,-1.8369701987210297e-16,-0.9932568492674143,-0.11593459959550066,10527.0,6954.0,10358.0,6802.714285714285,7207.0,3337.2540965233493,7515.466666666666,7668.5,3417.2218473524617,14040.0,1,0,1,0,0,0,1,0,0,9195
853,1,2013-09-25,0.43388373911755823,-0.900968867902419,-1.0,-1.8369701987210297e-16,-0.9951053111006974,-0.09882013873287211,9195.0,6213.0,10181.0,7130.571428571428,7415.0,3382.0948566010966,7387.4,7668.5,3299.7655465303815,14040.0,1,0,1,0,0,0,1,0,0,8508
853,1,2013-09-26,-0.433883739117558,-0.9009688679024191,-1.0,-1.8369701987210297e-16,-0.99665890175417,-0.08167639533042288,8508.0,7207.0,8946.0,7309.857142857143,8462.0,3419.8745312545875,7305.533333333334,7668.5,3239.0595243525295,14040.0,1,0,1,0,0,0,1,0,0,8462
853,1,2013-09-27,-0.9749279121818236,-0.2225209339563146,-1.0,-1.8369701987210297e-16,-0.9979171608653922,-0.06450844944931625,8462.0,7062.0,9958.0,7557.428571428572,8508.0,3461.416514335462,7274.366666666667,7668.5,3219.3650207426917,14040.0,1,0,1,0,0,0,1,0,0,8795
853,1,2013-09-28,-0.7818314824680299,0.6234898018587334,-1.0,-1.8369701987210297e-16,-0.9988797155850335,-0.04732138832243232,8795.0,7415.0,6649.0,7510.285714285715,8508.0,3465.923913104347,7219.9,7521.5,3207.883170866891,14040.0,0,0,1,0,0,0,1,0,0,7085
853,1,2013-09-29,-2.4492935982947064e-16,1.0,-1.0,-1.8369701987210297e-16,-0.9995462806873573,-0.03012030484690836,7085.0,0.0,0.0,7510.285714285715,8508.0,3465.923913104347,6894.966666666666,7384.5,3429.050009021128,14040.0,0,0,1,0,0,0,1,0,0,0
853,1,2013-09-30,0.7818314824680298,0.6234898018587336,-1.0,-1.8369701987210297e-16,-0.9999166586547379,-0.012910296075008843,0.0,10527.0,7709.0,7142.0,8462.0,3220.202788645456,6942.366666666667,7521.5,3433.6133524354445,14040.0,0,0,1,0,0,0,1,0,0,7949
853,1,2013-10-01,0.9749279121818236,-0.22252093395631434,-0.8660254037844386,0.5000000000000001,-0.9999907397361901,0.004303538296243821,7949.0,9195.0,6954.0,7005.0,8236.0,3137.644551782962,7216.9,7668.5,3179.228353026822,14040.0,0,0,1,0,0,0,1,0,0,8236
853,1,2013-10-02,0.43388373911755823,-0.900968867902419,-0.8660254037844386,0.5000000000000001,-0.9997685019798909,0.021516097436222233,8236.0,8508.0,6213.0,6985.285714285715,8236.0,3127.042677157105,7208.566666666667,7668.5,3175.749498104759,14040.0,0,0,1,0,0,0,1,0,0,8370
853,1,2013-10-03,-0.433883739117558,-0.9009688679024191,-0.8660254037844386,0.5000000000000001,-0.9992500112396835,0.03872228089217399,8370.0,8462.0,7207.0,5776.428571428572,7949.0,3980.2545503666274,6927.5,7521.5,3426.9361580038903,14040.0,0,0,1,0,0,0,1,0,0,0
853,1,2013-10-04,-0.9749279121818236,-0.2225209339563146,-0.8660254037844386,0.5000000000000001,-0.9984354211555643,0.05591699010060302,0.0,8795.0,7062.0,5978.571428571428,7949.0,4189.536722882485,7013.566666666667,7562.0,3477.1903707897022,14040.0,0,0,1,0,0,0,1,0,0,10210
853,1,2013-10-05,-0.7818314824680299,0.6234898018587334,-0.8660254037844386,0.5000000000000001,-0.9973249731081555,0.07309512989807776,10210.0,7085.0,7415.0,5974.571428571428,7949.0,4188.317476709979,7003.666666666667,7562.0,3476.6104413522553,14040.0,0,0,1,0,0,0,1,0,0,7057
853,1,2013-10-06,-2.4492935982947064e-16,1.0,-0.8660254037844386,0.5000000000000001,-0.9959189961471792,0.0902516100310407,7057.0,0.0,0.0,5974.571428571428,7949.0,4188.317476709979,6758.666666666667,7562.0,3702.9738033782696,14040.0,0,0,1,0,0,0,1,0,0,0
853,1,2013-10-07,0.7818314824680298,0.6234898018587336,-0.8660254037844386,0.5000000000000001,-0.994217906893952,0.10738134666416306,0.0,7949.0,10527.0,6562.142857142857,8236.0,4760.843007583542,6920.866666666667,7829.0,3827.276214619019,14040.0,1,0,1,0,0,0,1,0,0,12062
853,1,2013-10-08,0.9749279121818236,-0.22252093395631434,-0.8660254037844386,0.5000000000000001,-0.9922222094179324,0.12447926388678869,12062.0,8236.0,9195.0,6741.571428571428,8370.0,4857.136668763561,7237.266666666666,8092.5,3622.2602767669337,14040.0,1,0,1,0,0,0,1,0,0,9492
853,1,2013-10-09,0.43388373911755823,-0.900968867902419,-0.8660254037844386,0.5000000000000001,-0.989932495087353,0.141540295217043,9492.0,8370.0,8508.0,6914.142857142857,9492.0,4945.29643292733,7139.266666666666,8092.5,3512.5738861619852,14040.0,1,0,1,0,0,0,1,0,0,9578
853,1,2013-10-10,-0.433883739117558,-0.9009688679024191,-0.8660254037844386,0.5000000000000001,-0.9873494423939864,0.15855938510313475,9578.0,0.0,8462.0,8015.571428571428,9492.0,3895.9753531536785,7051.0,7829.5,3461.805618160993,14040.0,1,0,1,0,0,0,1,0,0,7710
853,1,2013-10-11,-0.9749279121818236,-0.2225209339563146,-0.8660254037844386,0.5000000000000001,-0.9844738167520923,0.17553149042142777,7710.0,10210.0,8795.0,7941.571428571428,9492.0,3852.0191180359247,7034.7,7829.5,3447.6821614248147,14040.0,1,0,1,0,0,0,1,0,0,9692
853,1,2013-10-12,-0.7818314824680299,0.6234898018587334,-0.8660254037844386,0.5000000000000001,-0.9813064702716093,0.19245158197082995,9692.0,7057.0,7085.0,7953.142857142857,9492.0,3849.039509131742,6974.433333333333,7709.5,3428.870817282153,14040.0,0,0,1,0,0,0,1,0,0,7138
853,1,2013-10-13,-2.4492935982947064e-16,1.0,-0.8660254037844386,0.5000000000000001,-0.9778483415056568,0.20931464596304888,7138.0,0.0,0.0,7953.142857142857,9492.0,3849.039509131742,6642.5,7562.0,3607.4308151656737,14040.0,0,0,1,0,0,0,1,0,0,0
853,1,2013-10-14,0.7818314824680298,0.6234898018587336,-0.8660254037844386,0.5000000000000001,-0.9741004551724206,0.22611568550828803,0.0,12062.0,7949.0,7176.571428571428,7710.0,3404.5995778819947,6641.733333333334,7562.0,3607.4318301522185,14040.0,0,0,1,0,0,0,1,0,0,6626
853,1,2013-10-15,0.9749279121818236,-0.22252093395631434,-0.8660254037844386,0.5000000000000001,-0.970063921851507,0.2428497220959358,6626.0,9492.0,8236.0,6835.571428571428,7138.0,3250.0701457631526,6878.566666666667,7562.0,3382.575336810015,14040.0,0,0,1,0,0,0,1,0,0,7105
853,1,2013-10-16,0.43388373911755823,-0.900968867902419,-0.8660254037844386,0.5000000000000001,-0.965739937654855,0.25951179706979943,7105.0,9578.0,8370.0,6497.142857142857,7138.0,3032.9999685993694,6861.9,7312.0,3379.5729923090594,14040.0,0,0,1,0,0,0,1,0,0,7209
853,1,2013-10-17,-0.433883739117558,-0.9009688679024191,-0.8660254037844386,0.5000000000000001,-0.9611297838723007,0.27609697309746883,7209.0,7710.0,0.0,6371.714285714285,7105.0,2992.365659155846,6857.833333333333,7312.0,3379.5317476439423,14040.0,0,0,1,0,0,0,1,0,0,6832
853,1,2013-10-18,-0.9749279121818236,-0.2225209339563146,-0.8660254037844386,0.5000000000000001,-0.9562348265919058,0.2926003356333479,6832.0,9692.0,10210.0,5999.142857142857,7084.0,2653.2024943811653,6886.866666666667,7312.0,3377.5417681210524,14040.0,0,0,1,0,0,0,1,0,0,7084
853,1,2013-10-19,-0.7818314824680299,0.6234898018587334,-0.8660254037844386,0.5000000000000001,-0.9510565162951536,0.30901699437494723,7084.0,7138.0,7057.0,5882.0,6832.0,2612.32712346673,6857.233333333334,7312.0,3378.5359171804203,14040.0,0,0,1,0,0,0,1,0,0,6318
853,1,2013-10-20,-2.4492935982947064e-16,1.0,-0.8660254037844386,0.5000000000000001,-0.9455963874271428,0.3253420847119795,6318.0,0.0,0.0,5882.0,6832.0,2612.32712346673,6621.833333333333,7312.0,3602.3841155673467,14040.0,0,0,1,0,0,0,1,0,0,0
853,1,2013-10-21,0.7818314824680298,0.6234898018587336,-0.8660254037844386,0.5000000000000001,-0.9398560579418953,0.341570769167856,0.0,6626.0,12062.0,6439.428571428572,7084.0,3157.0611786460922,6725.6,7459.5,3670.2154742720745,14040.0,1,0,1,0,0,0,1,0,0,10528
853,1,2013-10-22,0.9749279121818236,-0.22252093395631434,-0.8660254037844386,0.5000000000000001,-0.9338372288229252,0.35769823883312546,10528.0,7105.0,9492.0,6671.285714285715,7084.0,3271.6071847684493,7016.533333333334,7829.5,3458.5257546246903,14040.0,1,0,1,0,0,0,1,0,0,8728
853,1,2013-10-23,0.43388373911755823,-0.900968867902419,-0.8660254037844386,0.5000000000000001,-0.9275416835791965,0.3737197147904692,8728.0,7209.0,9578.0,6812.714285714285,7084.0,3319.770108219625,6938.933333333333,7829.5,3402.7109368179094,14040.0,1,0,1,0,0,0,1,0,0,8199
853,1,2013-10-24,-0.433883739117558,-0.9009688679024191,-0.8660254037844386,0.5000000000000001,-0.9209712877166346,0.38963044953078774,8199.0,6832.0,7710.0,7042.0,8199.0,3376.2693909106206,6913.666666666667,7829.5,3388.1641080367535,14040.0,1,0,1,0,0,0,1,0,0,8437
853,1,2013-10-25,-0.9749279121818236,-0.2225209339563146,-0.8660254037844386,0.5000000000000001,-0.9141279881853337,0.4054257283599973,8437.0,7084.0,9692.0,7274.571428571428,8437.0,3435.202073490621,6920.466666666666,7829.5,3391.6771431959946,14040.0,1,0,1,0,0,0,1,0,0,8712
853,1,2013-10-26,-0.7818314824680299,0.6234898018587334,-0.8660254037844386,0.5000000000000001,-0.9070138128026362,0.42110087079608916,8712.0,6318.0,7138.0,7395.857142857143,8437.0,3410.7000957072023,6877.3,7459.5,3379.6005390353844,14040.0,0,0,1,0,0,0,1,0,0,7167
853,1,2013-10-27,-2.4492935982947064e-16,1.0,-0.8660254037844386,0.5000000000000001,-0.8996308696522434,0.4366512319560638,7167.0,0.0,0.0,7395.857142857143,8437.0,3410.7000957072023,6584.133333333333,7188.0,3582.864272534236,14040.0,0,0,1,0,0,0,1,0,0,0
853,1,2013-10-28,0.7818314824680298,0.6234898018587336,-0.8660254037844386,0.5000000000000001,-0.8919813464595487,0.45207220393230374,0.0,10528.0,6626.0,6980.0,8199.0,3131.1679397098196,6601.866666666667,7413.0,3586.743251756804,14040.0,0,0,1,0,0,0,1,0,0,7617
853,1,2013-10-29,0.9749279121818236,-0.22252093395631434,-0.8660254037844386,0.5000000000000001,-0.8840675099433637,0.46735921715800205,7617.0,8728.0,7105.0,6853.571428571428,7843.0,3066.0140169902875,6863.3,7663.5,3368.1184469097543,14040.0,0,0,1,0,0,0,1,0,0,7843
853,1,2013-10-30,0.43388373911755823,-0.900968867902419,-0.8660254037844386,0.5000000000000001,-0.8758917051442433,0.48250774176121763,7843.0,8199.0,7209.0,6868.571428571428,7843.0,3073.9399721498985,6875.133333333333,7663.5,3372.6849299603414,14040.0,0,0,1,0,0,0,1,0,0,8304
853,1,2013-10-31,-0.433883739117558,-0.9009688679024191,-0.8660254037844386,0.5000000000000001,-0.867456354729597,0.4975132889071803,8304.0,8437.0,6832.0,6949.714285714285,7843.0,3129.2414264102204,6900.766666666666,7663.5,3386.2794524204646,14040.0,0,0,1,0,0,0,1,0,0,9005
853,1,2013-11-01,-0.9749279121818236,-0.2225209339563146,-0.5000000000000004,0.8660254037844384,-0.858763958275803,0.5123714121284235,9005.0,8712.0,7084.0,5705.142857142857,7617.0,3939.1852553783797,6621.766666666666,7413.0,3599.1688282189507,14040.0,0,0,1,0,0,0,1,0,0,0
853,1,2013-11-02,-0.7818314824680299,0.6234898018587334,-0.5000000000000004,0.8660254037844384,-0.8498170915275277,0.5270777086423724,0.0,7167.0,6318.0,5901.142857142857,7843.0,4056.4329744481706,6906.4,7663.5,3388.947437042137,14040.0,0,0,1,0,0,0,1,0,0,8539
853,1,2013-11-03,-2.4492935982947064e-16,1.0,-0.5000000000000004,0.8660254037844384,-0.8406184056344783,0.5416278206559811,8539.0,0.0,0.0,5901.142857142857,7843.0,4056.4329744481706,6566.066666666667,7413.0,3554.374487220259,14040.0,0,0,1,0,0,0,1,0,0,0
853,1,2013-11-04,0.7818314824680298,0.6234898018587336,-0.5000000000000004,0.8660254037844384,-0.8311706263658079,0.5560174366570446,0.0,7617.0,10528.0,6620.0,8304.0,4790.616035542816,6752.466666666666,7663.5,3723.6081661088656,14040.0,1,0,1,0,0,0,1,0,0,12649
853,1,2013-11-05,0.9749279121818236,-0.22252093395631434,-0.5000000000000004,0.8660254037844384,-0.8214765533024145,0.5702422926917867,12649.0,7843.0,8728.0,7165.571428571428,8539.0,5156.589792267197,7141.2,7776.5,3601.0859415766067,14040.0,1,0,1,0,0,0,1,0,0,11662
853,1,2013-11-06,0.43388373911755823,-0.900968867902419,-0.5000000000000004,0.8660254037844384,-0.8115390590073611,0.5842981736283683,11662.0,8304.0,8199.0,7311.571428571428,9005.0,5208.402341638069,7050.0,7776.5,3505.5440524187197,14040.0,1,0,1,0,0,0,1,0,0,9326
853,1,2013-11-07,-0.433883739117558,-0.9009688679024191,-0.5000000000000004,0.8660254037844384,-0.8013610881746769,0.5981809144059159,9326.0,9005.0,8437.0,7392.0,9326.0,5243.141837994973,7052.533333333334,7776.5,3507.396624999439,14040.0,1,0,1,0,0,0,1,0,0,9568
853,1,2013-11-08,-0.9749279121818236,-0.2225209339563146,-0.5000000000000004,0.8660254037844384,-0.7909456567567774,0.6118864012687242,9568.0,0.0,8712.0,8785.285714285714,9568.0,4128.905412426142,7058.366666666667,7776.5,3511.884350104048,14040.0,1,0,1,0,0,0,1,0,0,9753
853,1,2013-11-09,-0.7818314824680299,0.6234898018587334,-0.5000000000000004,0.8660254037844384,-0.780295851070776,0.6254105729852457,9753.0,8539.0,7167.0,8623.714285714286,9568.0,4162.144507914386,7048.3,7730.0,3510.3845761417333,14040.0,0,0,1,0,0,0,1,0,0,7408
853,1,2013-11-10,-2.4492935982947064e-16,1.0,-0.5000000000000004,0.8660254037844384,-0.7694148268839381,0.6387494220515268,7408.0,0.0,0.0,8623.714285714286,9568.0,4162.144507914386,6725.233333333334,7512.5,3699.5778760447147,14040.0,0,0,1,0,0,0,1,0,0,0
853,1,2013-11-11,0.7818314824680298,0.6234898018587336,-0.5000000000000004,0.8660254037844384,-0.7583058084785625,0.6518989958787125,0.0,12649.0,7617.0,7830.571428571428,9326.0,3778.5597722387465,6723.866666666667,7512.5,3699.4277072162827,14040.0,0,0,1,0,0,0,1,0,0,7097
853,1,2013-11-12,0.9749279121818236,-0.22252093395631434,-0.5000000000000004,0.8660254037844384,-0.7469720876965551,0.6648553979642867,7097.0,11662.0,7843.0,7210.428571428572,7408.0,3380.1593087280544,6967.9,7512.5,3475.2663638921235,14040.0,0,0,1,0,0,0,1,0,0,7321
853,1,2013-11-13,0.43388373911755823,-0.900968867902419,-0.5000000000000004,0.8660254037844384,-0.7354170229639858,0.6776147890466887,7321.0,9326.0,8304.0,6903.0,7321.0,3251.0757194093926,6986.166666666667,7512.5,3474.8474745324215,14040.0,0,0,1,0,0,0,1,0,0,7174
853,1,2013-11-14,-0.433883739117558,-0.9009688679024191,-0.5000000000000004,0.8660254037844384,-0.7236440382959123,0.690173388242972,7174.0,9568.0,9005.0,6611.857142857143,7321.0,3058.1725168566118,7000.333333333333,7573.5,3476.214730216575,14040.0,0,0,1,0,0,0,1,0,0,7530
853,1,2013-11-15,-0.9749279121818236,-0.2225209339563146,-0.5000000000000004,0.8660254037844384,-0.7116566222817751,0.7025274741691566,7530.0,9753.0,0.0,6322.428571428572,7321.0,2795.9762074060845,7017.6,7672.0,3478.57261253659,14040.0,0,0,1,0,0,0,1,0,0,7727
853,1,2013-11-16,-0.7818314824680299,0.6234898018587334,-0.5000000000000004,0.8660254037844384,-0.6994583270516471,0.7146733860429608,7727.0,7408.0,8539.0,6307.0,7300.0,2789.2774452654626,7033.2,7672.0,3478.760960556163,14040.0,0,0,1,0,0,0,1,0,0,7300
853,1,2013-11-17,-2.4492935982947064e-16,1.0,-0.5000000000000004,0.8660254037844384,-0.6870527672236675,0.726607524768565,7300.0,0.0,0.0,6307.0,7300.0,2789.2774452654626,6797.066666666667,7672.0,3708.062556974567,14040.0,0,0,1,0,0,0,1,0,0,0
853,1,2013-11-18,0.7818314824680298,0.6234898018587336,-0.5000000000000004,0.8660254037844384,-0.6744436188329457,0.7383263540031063,0.0,7097.0,12649.0,7018.714285714285,7321.0,3554.962152367008,6989.1,7785.0,3829.581415408394,14040.0,1,0,1,0,0,0,1,0,0,12079
853,1,2013-11-19,0.9749279121818236,-0.22252093395631434,-0.5000000000000004,0.8660254037844384,-0.661634618242279,0.749826401204568,12079.0,7321.0,11662.0,7472.0,7530.0,3794.173032427484,7338.9,8021.0,3643.942184616486,14040.0,1,0,1,0,0,0,1,0,0,10494
853,1,2013-11-20,0.43388373911755823,-0.900968867902419,-0.5000000000000004,0.8660254037844384,-0.6486295610349818,0.7611042586607742,10494.0,7174.0,9326.0,7811.0,7727.0,3868.3947575189345,7306.2,8021.0,3618.6508859632677,14040.0,1,0,1,0,0,0,1,0,0,9547
853,1,2013-11-21,-0.433883739117558,-0.9009688679024191,-0.5000000000000004,0.8660254037844384,-0.6354323008901775,0.7721565844991641,9547.0,7530.0,9568.0,8040.571428571428,9137.0,3896.521134599546,7319.833333333333,8021.0,3624.9572181383487,14040.0,1,0,1,0,0,0,1,0,0,9137
853,1,2013-11-22,-0.9749279121818236,-0.2225209339563146,-0.5000000000000004,0.8660254037844384,-0.622046748440868,0.7829801036770625,9137.0,7727.0,9753.0,8234.285714285714,9137.0,3912.0096163091443,7349.3,8073.5,3635.9265967895117,14040.0,1,0,1,0,0,0,1,0,0,9083
853,1,2013-11-23,-0.7818314824680299,0.6234898018587334,-0.5000000000000004,0.8660254037844384,-0.6084768701151264,0.7935716089521472,9083.0,7300.0,7408.0,8347.714285714286,9137.0,3891.864236852979,7337.866666666667,7968.5,3632.926385097861,14040.0,0,0,1,0,0,0,1,0,0,8094
853,1,2013-11-24,-2.4492935982947064e-16,1.0,-0.5000000000000004,0.8660254037844384,-0.594726686960764,0.8039279618328208,8094.0,0.0,0.0,8347.714285714286,9137.0,3891.864236852979,7047.466666666666,7785.0,3860.3758503217155,14040.0,0,0,1,0,0,0,1,0,0,0
853,1,2013-11-25,0.7818314824680298,0.6234898018587336,-0.5000000000000004,0.8660254037844384,-0.5808002734538014,0.8140460935082175,0.0,12079.0,7097.0,7819.428571428572,9083.0,3535.6436876068638,7087.933333333333,7968.5,3868.027412566746,14040.0,0,0,1,0,0,0,1,0,0,8381
853,1,2013-11-26,0.9749279121818236,-0.22252093395631434,-0.5000000000000004,0.8660254037844384,-0.5667017562911184,0.8239230057575536,8381.0,10494.0,7321.0,7464.571428571428,8381.0,3341.810330601403,7354.933333333333,8052.0,3631.092662882175,14040.0,0,0,1,0,0,0,1,0,0,8010
853,1,2013-11-27,0.43388373911755823,-0.900968867902419,-0.5000000000000004,0.8660254037844384,-0.5524353131676203,0.8335557718385695,8010.0,9547.0,7174.0,7210.285714285715,8094.0,3222.5379084548476,7359.933333333333,8052.0,3631.5692146673346,14040.0,0,0,1,0,0,0,1,0,0,7767
853,1,2013-11-28,-0.433883739117558,-0.9009688679024191,-0.5000000000000004,0.8660254037844384,-0.5380051715382992,0.8429415373547832,7767.0,9137.0,7530.0,7204.285714285715,8094.0,3218.3891267882045,7401.666666666667,8199.0,3644.482871725265,14040.0,0,0,1,0,0,0,1,0,0,9095
853,1,2013-11-29,-0.9749279121818236,-0.2225209339563146,-0.5000000000000004,0.8660254037844384,-0.5234156073655503,0.8520775211013093,9095.0,9083.0,7727.0,7325.285714285715,8094.0,3315.2585476995923,7455.866666666667,8237.5,3670.3637960565,14040.0,0,0,1,0,0,0,1,0,0,9930
853,1,2013-11-30,-0.7818314824680299,0.6234898018587334,-0.5000000000000004,0.8660254037844384,-0.5086709438521042,0.8609610158889945,9930.0,8094.0,7300.0,7633.285714285715,8381.0,3493.9142192430177,7497.366666666667,8237.5,3695.436332627817,14040.0,0,0,1,0,0,0,1,0,0,10250
853,1,2013-12-01,-2.4492935982947064e-16,1.0,-2.4492935982947064e-16,1.0,-0.4937755501599774,0.8695893893466109,10250.0,0.0,0.0,7633.285714285715,8381.0,3493.914219243018,7497.366666666667,8237.5,3695.436332627817,14040.0,0,0,1,0,0,0,1,0,0,0
853,1,2013-12-02,0.7818314824680298,0.6234898018587336,-2.4492935982947064e-16,1.0,-0.4787338401157883,0.8779600847008883,0.0,8381.0,12079.0,8486.42857142857,9095.0,4334.842052376027,7691.166666666667,8237.5,3898.802628600426,14040.0,1,0,1,0,0,0,1,0,0,14353
853,1,2013-12-03,0.9749279121818236,-0.22252093395631434,-2.4492935982947064e-16,1.0,-0.4635502709028512,0.8860706215341377,14353.0,8010.0,10494.0,9182.857142857143,9930.0,4627.2830555511155,8120.666666666667,8732.0,3728.3025104188346,14040.0,1,0,1,0,0,0,1,0,0,12885
853,1,2013-12-04,0.43388373911755823,-0.900968867902419,-2.4492935982947064e-16,1.0,-0.4482293417404106,0.893918596519257,12885.0,7767.0,9547.0,9854.857142857143,10250.0,4727.871876033706,8114.733333333334,8732.0,3720.981933190004,14040.0,1,0,1,0,0,0,1,0,0,12471
853,1,2013-12-05,-0.433883739117558,-0.9009688679024191,-2.4492935982947064e-16,1.0,-0.4327755925504317,0.9015016841318838,12471.0,9095.0,9137.0,10324.57142857143,12383.0,4802.539913321661,8138.766666666666,8732.0,3746.9213172244818,14040.0,1,0,1,0,0,0,1,0,0,12383
853,1,2013-12-06,-0.9749279121818236,-0.2225209339563146,-2.4492935982947064e-16,1.0,-0.41719360261231697,0.9088176373395028,12383.0,9930.0,9083.0,10358.714285714286,12383.0,4800.116203950543,8166.866666666667,8732.0,3759.272661982158,14040.0,1,0,1,0,0,0,1,0,0,10169
853,1,2013-12-07,-0.7818314824680299,0.6234898018587334,-2.4492935982947064e-16,1.0,-0.4014879892059737,0.9158642882672868,10169.0,10250.0,8094.0,10184.714285714286,12383.0,4826.715816311187,8149.0,8706.5,3753.6534019630726,14040.0,0,0,1,0,0,0,1,0,0,9032
853,1,2013-12-08,-2.4492935982947064e-16,1.0,-2.4492935982947064e-16,1.0,-0.38566340624360745,0.9226395488404875,9032.0,0.0,0.0,10184.714285714286,12383.0,4826.715816311187,7823.9,8237.5,4022.652181815133,14040.0,0,0,1,0,0,0,1,0,0,0
853,1,2013-12-09,0.7818314824680298,0.6234898018587336,-2.4492935982947064e-16,1.0,-0.3697245428906732,0.9291414114031743,0.0,14353.0,8381.0,9448.42857142857,10169.0,4464.402231622312,7883.6,8706.5,4029.5511481022795,14040.0,0,0,1,0,0,0,1,0,0,9199
853,1,2013-12-10,0.9749279121818236,-0.22252093395631434,-2.4492935982947064e-16,1.0,-0.3536761221763721,0.935367949313148,9199.0,12885.0,8010.0,8984.57142857143,9638.0,4209.217934373037,8204.866666666667,9057.5,3754.1314871736295,14040.0,0,0,1,0,0,0,1,0,0,9638
853,1,2013-12-11,0.43388373911755823,-0.900968867902419,-2.4492935982947064e-16,1.0,-0.33752289959411347,0.941317317512847,9638.0,12471.0,7767.0,8507.0,9199.0,3927.9757297281412,8272.566666666668,9089.0,3751.7761373857925,14040.0,0,0,1,0,0,0,1,0,0,9128
853,1,2013-12-12,-0.433883739117558,-0.9009688679024191,-2.4492935982947064e-16,1.0,-0.32126966169236515,0.946987753076075,9128.0,12383.0,9095.0,7994.0,9128.0,3554.0968379228666,8321.6,9089.0,3748.522031506503,14040.0,0,0,1,0,0,0,1,0,0,8792
853,1,2013-12-13,-0.9749279121818236,-0.2225209339563146,-2.4492935982947064e-16,1.0,-0.3049212246562894,0.9523775757303973,8792.0,10169.0,9930.0,7982.0,9128.0,3545.6610573112202,8418.633333333333,9111.5,3755.461471100393,14040.0,0,0,1,0,0,0,1,0,0,10085
853,1,2013-12-14,-0.7818314824680299,0.6234898018587334,-2.4492935982947064e-16,1.0,-0.2884824328806098,0.9574851883550389,10085.0,9032.0,10250.0,8164.285714285715,9199.0,3640.1797901699706,8511.233333333334,9132.5,3767.0258522160893,14040.0,0,0,1,0,0,0,1,0,0,10308
853,1,2013-12-15,-2.4492935982947064e-16,1.0,-2.4492935982947064e-16,1.0,-0.27195815753410524,0.9623090774541487,10308.0,0.0,0.0,8164.285714285715,9199.0,3640.1797901699706,8253.666666666666,9132.5,4074.139988227963,14040.0,0,0,1,0,0,0,1,0,0,0
853,1,2013-12-16,0.7818314824680298,0.6234898018587336,-2.4492935982947064e-16,1.0,-0.2553532951161881,0.9668478136052773,0.0,9199.0,14353.0,9512.0,9638.0,5405.467324848056,8631.433333333332,9168.0,4487.145369203878,14040.0,1,0,1,0,0,0,1,0,0,18633
853,1,2013-12-17,0.9749279121818236,-0.22252093395631434,-2.4492935982947064e-16,1.0,-0.23867276600594997,0.9711000518829505,18633.0,9638.0,12885.0,10419.0,10085.0,5936.689144632723,9164.333333333334,9373.0,4374.6250308934505,14040.0,1,0,1,0,0,0,1,0,0,15987
853,1,2013-12-18,0.43388373911755823,-0.900968867902419,-2.4492935982947064e-16,1.0,-0.22192151300416674,0.9750645322571945,15987.0,9128.0,12471.0,11445.57142857143,10308.0,6287.196907396886,9305.5,9373.0,4537.231388458581,14040.0,1,0,1,0,0,0,1,0,0,16314
853,1,2013-12-19,-0.433883739117558,-0.9009688679024191,-2.4492935982947064e-16,1.0,-0.20510449986861926,0.9787400799669153,16314.0,8792.0,12383.0,12337.857142857143,15038.0,6291.051248362536,9456.966666666667,9373.0,4652.653491943273,14040.0,1,0,1,0,0,0,1,0,0,15038
853,1,2013-12-20,-0.9749279121818236,-0.2225209339563146,-2.4492935982947064e-16,1.0,-0.1882267098432439,0.9821256058680006,15038.0,10085.0,10169.0,13189.285714285714,15987.0,6338.466999579783,9673.566666666668,9418.5,4805.725613038689,14040.0,1,0,1,0,0,0,1,0,0,16045
853,1,2013-12-21,-0.7818314824680299,0.6234898018587334,-2.4492935982947064e-16,1.0,-0.1712931441814778,0.9852201067560606,16045.0,10308.0,9032.0,13699.42857142857,15987.0,6210.329590210785,9831.633333333333,9784.0,4865.087357782033,14040.0,0,0,1,0,0,0,1,0,0,13879
853,1,2013-12-22,-2.4492935982947064e-16,1.0,-2.4492935982947064e-16,1.0,-0.154308820664281,0.9880226656636976,13879.0,0.0,0.0,13699.42857142857,15987.0,6210.329590210785,9528.866666666667,9784.0,5185.369695418149,14040.0,0,0,1,0,0,0,1,0,0,0
853,1,2013-12-23,0.7818314824680298,0.6234898018587336,-2.4492935982947064e-16,1.0,-0.13727877211326517,0.9905324521322227,0.0,18633.0,9199.0,13819.857142857143,15987.0,6328.984790327,9908.266666666666,10007.5,5484.529954607641,14040.0,0,0,1,0,0,0,1,0,0,19476
853,1,2013-12-24,0.9749279121818236,-0.22252093395631434,-2.4492935982947064e-16,1.0,-0.12020804489935275,0.9927487224577402,19476.0,15987.0,9638.0,12544.0,15038.0,6708.140154568428,10143.466666666667,10007.5,5188.262952508075,14040.0,0,0,1,0,0,0,1,0,0,7056
853,1,2013-12-25,0.43388373911755823,-0.900968867902419,-2.4492935982947064e-16,1.0,-0.10310169744743544,0.9946708199115211,7056.0,16314.0,9128.0,10213.42857142857,13879.0,7906.884760703649,9864.1,10007.5,5502.558516820559,14040.0,0,0,1,0,0,0,1,0,0,0
853,1,2013-12-26,-0.433883739117558,-0.9009688679024191,-2.4492935982947064e-16,1.0,-0.0859647987374467,0.9962981749346077,0.0,15038.0,8792.0,8065.142857142857,7056.0,8404.806887104769,9597.1,10007.5,5782.823760484801,14040.0,0,0,1,0,0,0,1,0,0,0
853,1,2013-12-27,-0.9749279121818236,-0.2225209339563146,-2.4492935982947064e-16,1.0,-0.06880242680232064,0.9976303053065857,0.0,16045.0,10085.0,7410.0,7056.0,7838.795974722985,9720.166666666666,10127.0,5781.819043694032,14040.0,0,0,1,0,0,0,1,0,0,11459
853,1,2013-12-28,-0.7818314824680299,0.6234898018587334,-2.4492935982947064e-16,1.0,-0.05161966722325418,0.9986668162884759,11459.0,13879.0,10308.0,6574.857142857143,7056.0,7329.600453607532,9684.766666666666,10127.0,5789.025334457304,14040.0,0,0,1,0,0,0,1,0,0,8033
853,1,2013-12-29,-2.4492935982947064e-16,1.0,-2.4492935982947064e-16,1.0,-0.034421611622745804,0.9994074007397048,8033.0,0.0,0.0,6574.857142857143,7056.0,7329.600453607532,9353.766666666666,10127.0,6052.412888366453,14040.0,0,0,1,0,0,0,1,0,0,0
853,1,2013-12-30,0.7818314824680298,0.6234898018587336,-2.4492935982947064e-16,1.0,-0.01721335615583528,0.9998518392091162,0.0,19476.0,18633.0,5515.428571428572,7056.0,5448.682405167406,9414.1,10127.0,6070.649038469927,14040.0,0,0,1,0,0,0,1,0,0,12060
853,1,2013-12-31,0.9749279121818236,-0.22252093395631434,-2.4492935982947064e-16,1.0,6.432490598706546e-16,1.0,12060.0,7056.0,15987.0,5113.142857142857,4240.0,5419.861020006914,9555.433333333332,10127.0,5890.6044165224685,14040.0,0,0,1,0,0,0,1,0,0,4240
853,1,2014-01-01,0.43388373911755823,-0.900968867902419,0.49999999999999994,0.8660254037844387,0.017213356155834685,0.9998518392091162,4240.0,0.0,16314.0,5113.142857142857,4240.0,5419.861020006914,9077.0,9861.5,6067.721545903428,14040.0,0,0,1,0,0,0,1,0,0,0
853,1,2014-01-02,-0.433883739117558,-0.9009688679024191,0.49999999999999994,0.8660254037844387,0.03442161162274574,0.9994074007397048,0.0,0.0,15038.0,6336.142857142857,8033.0,5025.31502921529,8932.866666666667,9418.5,6025.355211926103,14040.0,0,0,1,0,0,0,1,0,0,8561
853,1,2014-01-03,-0.9749279121818236,-0.2225209339563146,0.49999999999999994,0.8660254037844387,0.051619667223253764,0.998666816288476,8561.0,11459.0,16045.0,6040.857142857143,8033.0,4725.93886363938,8830.233333333334,9295.5,5989.1242390331745,14040.0,0,0,1,0,0,0,1,0,0,9392
853,1,2014-01-04,-0.7818314824680299,0.6234898018587334,0.49999999999999994,0.8660254037844387,0.06880242680231986,0.9976303053065857,9392.0,8033.0,13879.0,5896.142857142857,7020.0,4669.947909365842,8651.466666666667,9163.5,5959.387649249123,14040.0,0,0,1,0,0,0,1,0,0,7020
853,1,2014-01-05,-2.4492935982947064e-16,1.0,0.49999999999999994,0.8660254037844387,0.08596479873744647,0.9962981749346078,7020.0,0.0,0.0,5896.142857142857,7020.0,4669.947909365842,8312.5,9080.0,6156.053229307635,14040.0,0,0,1,0,0,0,1,0,0,0
853,1,2014-01-06,0.7818314824680298,0.6234898018587336,0.49999999999999994,0.8660254037844387,0.10310169744743485,0.9946708199115211,0.0,12060.0,19476.0,4173.285714285715,4240.0,4219.877356601944,8011.433333333333,8960.0,6337.827027178698,14040.0,1,0,1,0,0,0,1,0,0,0
853,1,2014-01-07,0.9749279121818236,-0.22252093395631434,0.49999999999999994,0.8660254037844387,0.1202080448993527,0.9927487224577402,0.0,4240.0,7056.0,5724.285714285715,7020.0,5906.607393822771,8514.666666666666,9163.5,6278.859902734008,14040.0,1,0,1,0,0,0,1,0,0,15097
853,1,2014-01-08,0.43388373911755823,-0.900968867902419,0.49999999999999994,0.8660254037844387,0.13727877211326478,0.9905324521322229,15097.0,0.0,0.0,7330.428571428572,8561.0,5611.876716902664,8582.8,9260.0,6297.603799366319,14040.0,1,0,1,0,0,0,1,0,0,11243
853,1,2014-01-09,-0.433883739117558,-0.9009688679024191,0.49999999999999994,0.8660254037844387,0.15430882066428117,0.9880226656636976,11243.0,8561.0,0.0,7589.571428571428,9392.0,5719.032344057943,8607.366666666667,9260.0,6303.296956045459,14040.0,1,0,1,0,0,0,1,0,0,10375
853,1,2014-01-10,-0.9749279121818236,-0.2225209339563146,0.49999999999999994,0.8660254037844387,0.1712931441814776,0.9852201067560606,10375.0,9392.0,11459.0,7561.857142857143,9198.0,5709.303852151365,8609.7,9295.0,6303.509280688349,14040.0,1,0,1,0,0,0,1,0,0,9198
853,1,2014-01-11,-0.7818314824680299,0.6234898018587334,0.49999999999999994,0.8660254037844387,0.1882267098432442,0.9821256058680006,9198.0,7020.0,8033.0,7640.142857142857,9198.0,5704.390573016872,8568.9,9295.0,6306.249266976479,14040.0,0,0,1,0,0,0,1,0,0,7568
853,1,2014-01-12,-2.4492935982947064e-16,1.0,0.49999999999999994,0.8660254037844387,0.2051044998686192,0.9787400799669153,7568.0,0.0,0.0,7640.142857142857,9198.0,5704.390573016872,8232.733333333334,8879.5,6488.801658312537,14040.0,0,0,1,0,0,0,1,0,0,0
853,1,2014-01-13,0.7818314824680298,0.6234898018587336,0.49999999999999994,0.8660254037844387,0.22192151300416552,0.9750645322571948,0.0,0.0,12060.0,8679.42857142857,9198.0,4644.73131110734,8131.633333333333,8297.0,6478.973276915757,14040.0,0,0,1,0,0,0,1,0,0,7275
853,1,2014-01-14,0.9749279121818236,-0.22252093395631434,0.49999999999999994,0.8660254037844387,0.2386727660059501,0.9711000518829505,7275.0,15097.0,4240.0,7405.714285714285,7568.0,3722.491536336272,8337.666666666666,8297.0,6307.477130131067,14040.0,0,0,1,0,0,0,1,0,0,6181
853,1,2014-01-15,0.43388373911755823,-0.900968867902419,0.49999999999999994,0.8660254037844387,0.255353295116187,0.9668478136052775,6181.0,11243.0,0.0,6902.0,7568.0,3335.108693880896,7973.8,7875.0,6000.468759849603,14040.0,0,0,1,0,0,0,1,0,0,7717
853,1,2014-01-16,-0.433883739117558,-0.9009688679024191,0.49999999999999994,0.8660254037844387,0.2719581575341055,0.9623090774541486,7717.0,10375.0,8561.0,6387.0,7275.0,2967.513549533784,7666.566666666667,7642.5,5808.938194169237,14040.0,0,0,1,0,0,0,1,0,0,6770
853,1,2014-01-17,-0.9749279121818236,-0.2225209339563146,0.49999999999999994,0.8660254037844387,0.288482432880609,0.9574851883550393,6770.0,9198.0,9392.0,6224.0,7275.0,2814.7828809104617,7391.333333333333,7642.5,5576.028925204087,14040.0,0,0,1,0,0,0,1,0,0,8057
853,1,2014-01-18,-0.7818314824680299,0.6234898018587334,0.49999999999999994,0.8660254037844387,0.30492122465628907,0.9523775757303974,8057.0,7568.0,7020.0,6266.571428571428,7275.0,2840.6324916083186,7152.266666666666,7642.5,5387.437718230818,14040.0,0,0,1,0,0,0,1,0,0,7866
853,1,2014-01-19,-2.4492935982947064e-16,1.0,0.49999999999999994,0.8660254037844387,0.3212696616923644,0.9469877530760753,7866.0,0.0,0.0,6266.571428571428,7275.0,2840.6324916083186,6617.433333333333,7421.5,5269.308929912021,14040.0,0,0,1,0,0,0,1,0,0,0
853,1,2014-01-20,0.7818314824680298,0.6234898018587336,0.49999999999999994,0.8660254037844387,0.3375228995941133,0.9413173175128471,0.0,7275.0,0.0,7075.142857142857,7717.0,3814.220209888746,6585.966666666666,7421.5,5227.0993966347,14040.0,1,0,1,0,0,0,1,0,0,12935
853,1,2014-01-21,0.9749279121818236,-0.22252093395631434,0.49999999999999994,0.8660254037844387,0.3536761221763716,0.9353679493131483,12935.0,6181.0,15097.0,7713.857142857143,7866.0,4008.91462570487,6941.033333333334,7642.5,5125.09032709859,14040.0,1,0,1,0,0,0,1,0,0,10652
853,1,2014-01-22,0.43388373911755823,-0.900968867902419,0.49999999999999994,0.8660254037844387,0.3697245428906731,0.9291414114031743,10652.0,7717.0,11243.0,7998.285714285715,8057.0,4079.1885922850533,6615.433333333333,7642.5,4582.877538172393,14040.0,1,0,1,0,0,0,1,0,0,9708
853,1,2014-01-23,-0.433883739117558,-0.9009688679024191,0.49999999999999994,0.8660254037844387,0.38566340624360707,0.9226395488404876,9708.0,6770.0,10375.0,8326.285714285714,9066.0,4056.207535547031,6682.433333333333,7791.5,4604.183769687898,14040.0,1,0,1,0,0,0,1,0,0,9066
853,1,2014-01-24,-0.9749279121818236,-0.2225209339563146,0.49999999999999994,0.8660254037844387,0.401487989205973,0.9158642882672872,9066.0,8057.0,9198.0,8427.42857142857,9066.0,4057.2006711172467,6974.6,7949.5,4440.713150244971,14040.0,1,0,1,0,0,0,1,0,0,8765
853,1,2014-01-25,-0.7818314824680299,0.6234898018587334,0.49999999999999994,0.8660254037844387,0.4171936026123168,0.9088176373395029,8765.0,7866.0,7568.0,8372.142857142857,9066.0,4068.746384681293,7223.9,7949.5,4241.108039586857,14040.0,0,0,1,0,0,0,1,0,0,7479
853,1,2014-01-26,-2.4492935982947064e-16,1.0,0.49999999999999994,0.8660254037844387,0.4327755925504312,0.901501684131884,7479.0,0.0,0.0,8372.142857142857,9066.0,4068.746384681293,6841.933333333333,7791.5,4360.854977333382,14040.0,0,0,1,0,0,0,1,0,0,0
853,1,2014-01-27,0.7818314824680298,0.6234898018587336,0.49999999999999994,0.8660254037844387,0.4482293417404106,0.893918596519257,0.0,12935.0,7275.0,7519.714285714285,8765.0,3544.8012033721316,6806.433333333333,7642.5,4355.155776804072,14040.0,0,0,1,0,0,0,1,0,0,6968
853,1,2014-01-28,0.9749279121818236,-0.22252093395631434,0.49999999999999994,0.8660254037844387,0.4635502709028509,0.886070621534138,6968.0,10652.0,6181.0,7115.857142857143,7825.0,3279.5826679915253,7067.266666666666,7771.0,4163.565265435409,14040.0,0,0,1,0,0,0,1,0,0,7825
853,1,2014-01-29,0.43388373911755823,-0.900968867902419,0.49999999999999994,0.8660254037844387,0.47873384011578846,0.8779600847008882,7825.0,9708.0,7717.0,6785.714285714285,7479.0,3085.742790873618,6911.833333333333,7642.5,4056.4106274095225,14040.0,0,0,1,0,0,0,1,0,0,7397
853,1,2014-01-30,-0.433883739117558,-0.9009688679024191,0.49999999999999994,0.8660254037844387,0.4937755501599772,0.869589389346611,7397.0,9066.0,6770.0,6614.0,7479.0,2968.934938099284,7032.633333333333,7771.0,4027.961309297223,14040.0,0,0,1,0,0,0,1,0,0,7864
853,1,2014-01-31,-0.9749279121818236,-0.2225209339563146,0.49999999999999994,0.8660254037844387,0.5086709438521044,0.8609610158889943,7864.0,8765.0,8057.0,6558.857142857143,7479.0,2925.593582424555,7311.933333333333,7844.5,3807.9961870936186,14040.0,0,0,1,0,0,0,1,0,0,8379
853,1,2014-02-01,-0.7818314824680299,0.6234898018587334,0.8660254037844386,0.5000000000000001,0.5234156073655503,0.8520775211013093,8379.0,7479.0,7866.0,6732.571428571428,7825.0,3023.7888405741705,7316.4,7844.5,3809.5900820302763,14040.0,0,0,1,0,0,0,1,0,0,8695
853,1,2014-02-02,-2.4492935982947064e-16,1.0,0.8660254037844386,0.5000000000000001,0.5380051715382996,0.8429415373547828,8695.0,0.0,0.0,6732.571428571428,7825.0,3023.7888405741705,7003.333333333333,7771.0,4013.5872365936093,14040.0,0,0,1,0,0,0,1,0,0,0
853,1,2014-02-03,0.7818314824680298,0.6234898018587336,0.8660254037844386,0.5000000000000001,0.5524353131676196,0.8335557718385699,0.0,6968.0,12935.0,7634.285714285715,7864.0,3915.3877506698077,7212.0,7844.5,4174.00661731379,14040.0,1,0,1,0,0,0,1,0,0,13280
853,1,2014-02-04,0.9749279121818236,-0.22252093395631434,0.8660254037844386,0.5000000000000001,0.5667017562911176,0.8239230057575542,13280.0,7825.0,10652.0,8048.714285714285,8379.0,4088.635376026478,7569.533333333334,7865.0,3990.2811043777383,14040.0,1,0,1,0,0,0,1,0,0,10726
853,1,2014-02-05,0.43388373911755823,-0.900968867902419,0.8660254037844386,0.5000000000000001,0.5808002734538009,0.8140460935082178,10726.0,7397.0,9708.0,8328.57142857143,8695.0,4103.609381066976,7881.4,7961.5,3735.7719010335363,14040.0,1,0,1,0,0,0,1,0,0,9356
853,1,2014-02-06,-0.433883739117558,-0.9009688679024191,0.8660254037844386,0.5000000000000001,0.5947266869607634,0.8039279618328213,9356.0,7864.0,9066.0,8687.857142857143,9356.0,4165.782976767243,7724.133333333333,7961.5,3514.280705658118,14040.0,1,0,1,0,0,0,1,0,0,10379
853,1,2014-02-07,-0.9749279121818236,-0.2225209339563146,0.8660254037844386,0.5000000000000001,0.6084768701151261,0.7935716089521474,10379.0,8379.0,8765.0,8858.57142857143,9574.0,4175.49078381383,7668.5,7961.5,3469.5802662768783,14040.0,1,0,1,0,0,0,1,0,0,9574
853,1,2014-02-08,-0.7818314824680299,0.6234898018587334,0.8660254037844386,0.5000000000000001,0.6220467484408675,0.7829801036770629,9574.0,8695.0,7479.0,8677.0,9574.0,4211.270631689832,7570.133333333333,7865.0,3431.828644276716,14040.0,0,0,1,0,0,0,1,0,0,7424
853,1,2014-02-09,-2.4492935982947064e-16,1.0,0.8660254037844386,0.5000000000000001,0.6354323008901774,0.7721565844991642,7424.0,0.0,0.0,8677.0,9574.0,4211.270631689832,7263.533333333334,7844.5,3683.059304936341,14040.0,0,0,1,0,0,0,1,0,0,0
853,1,2014-02-10,0.7818314824680298,0.6234898018587336,0.8660254037844386,0.5000000000000001,0.6486295610349814,0.7611042586607747,0.0,13280.0,6968.0,7888.428571428572,9356.0,3690.283812804587,7269.933333333333,7844.5,3683.7733646763418,14040.0,0,0,1,0,0,0,1,0,0,7760
853,1,2014-02-11,0.9749279121818236,-0.22252093395631434,0.8660254037844386,0.5000000000000001,0.6616346182422783,0.7498264012045686,7760.0,10726.0,7825.0,7393.714285714285,7760.0,3472.158824818047,7512.033333333334,7844.5,3418.6362726045927,14040.0,0,0,1,0,0,0,1,0,0,7263
853,1,2014-02-12,0.43388373911755823,-0.900968867902419,0.8660254037844386,0.5000000000000001,0.6744436188329455,0.7383263540031065,7263.0,9356.0,7397.0,7194.857142857143,7760.0,3379.673871276696,7535.0,7865.0,3419.3032663959793,14040.0,0,0,1,0,0,0,1,0,0,7964
853,1,2014-02-13,-0.433883739117558,-0.9009688679024191,0.8660254037844386,0.5000000000000001,0.6870527672236669,0.7266075247685656,7964.0,10379.0,7864.0,6593.428571428572,7424.0,3079.901938760532,7534.6,7865.0,3419.4678210666566,14040.0,0,0,1,0,0,0,1,0,0,6169
853,1,2014-02-14,-0.9749279121818236,-0.2225209339563146,0.8660254037844386,0.5000000000000001,0.6994583270516471,0.7146733860429609,6169.0,9574.0,8379.0,6398.428571428572,7424.0,2897.552579743961,7551.0,7915.0,3421.5519870374624,14040.0,0,0,1,0,0,0,1,0,0,8209
853,1,2014-02-15,-0.7818314824680299,0.6234898018587334,0.8660254037844386,0.5000000000000001,0.7116566222817746,0.702527474169157,8209.0,7424.0,8695.0,6436.714285714285,7692.0,2915.079628088257,7581.733333333334,7915.0,3418.4343354446833,14040.0,0,0,1,0,0,0,1,0,0,7692
853,1,2014-02-16,-2.4492935982947064e-16,1.0,0.8660254037844386,0.5000000000000001,0.7236440382959124,0.6901733882429719,7692.0,0.0,0.0,6436.714285714285,7692.0,2915.079628088257,7313.166666666667,7865.0,3685.8446192794495,14040.0,0,0,1,0,0,0,1,0,0,0
853,1,2014-02-17,0.7818314824680298,0.6234898018587336,0.8660254037844386,0.5000000000000001,0.7354170229639855,0.6776147890466889,0.0,7760.0,13280.0,7120.0,7692.0,3724.997091721451,7469.066666666667,7914.0,3806.9557657397145,14040.0,1,0,1,0,0,0,1,0,0,12543
853,1,2014-02-18,0.9749279121818236,-0.22252093395631434,0.8660254037844386,0.5000000000000001,0.7469720876965552,0.6648553979642865,12543.0,7263.0,10726.0,7481.285714285715,7964.0,3861.3267026712256,7795.466666666666,8086.5,3555.9925500613695,14040.0,1,0,1,0,0,0,1,0,0,9792
853,1,2014-02-19,0.43388373911755823,-0.900968867902419,0.8660254037844386,0.5000000000000001,0.7583058084785625,0.6518989958787126,9792.0,7964.0,9356.0,7677.571428571428,8209.0,3924.3628296893694,7675.566666666667,8086.5,3435.3172486468525,14040.0,1,0,1,0,0,0,1,0,0,9338
853,1,2014-02-20,-0.433883739117558,-0.9009688679024191,0.8660254037844386,0.5000000000000001,0.7694148268839378,0.6387494220515272,9338.0,6169.0,10379.0,8058.571428571428,8836.0,3882.7349406117787,7615.033333333334,8086.5,3396.84567151526,14040.0,1,0,1,0,0,0,1,0,0,8836
853,1,2014-02-21,-0.9749279121818236,-0.2225209339563146,0.8660254037844386,0.5000000000000001,0.7802958510707755,0.6254105729852463,8836.0,8209.0,9574.0,8143.714285714285,8836.0,3893.1042761223134,7584.933333333333,8086.5,3381.6267553713974,14040.0,1,0,1,0,0,0,1,0,0,8805
853,1,2014-02-22,-0.7818314824680299,0.6234898018587334,0.8660254037844386,0.5000000000000001,0.7909456567567772,0.6118864012687243,8805.0,7692.0,7424.0,8121.285714285715,8836.0,3896.5910620389513,7533.9,7914.0,3370.0372897762963,14040.0,0,0,1,0,0,0,1,0,0,7535
853,1,2014-02-23,-2.4492935982947064e-16,1.0,0.8660254037844386,0.5000000000000001,0.8013610881746766,0.5981809144059164,7535.0,0.0,0.0,8121.285714285715,8836.0,3896.5910620389513,7241.733333333334,7844.5,3629.574829601694,14040.0,0,0,1,0,0,0,1,0,0,0
853,1,2014-02-24,0.7818314824680298,0.6234898018587336,0.8660254037844386,0.5000000000000001,0.8115390590073611,0.5842981736283683,0.0,12543.0,7760.0,7367.0,8805.0,3373.9936771329717,7234.533333333334,7844.5,3629.3021627450303,14040.0,0,0,1,0,0,0,1,0,0,7263
853,1,2014-02-25,0.9749279121818236,-0.22252093395631434,0.8660254037844386,0.5000000000000001,0.8214765533024142,0.5702422926917871,7263.0,9792.0,7263.0,7015.428571428572,7535.0,3203.083246766188,7478.9,7844.5,3362.3809949457573,14040.0,0,0,1,0,0,0,1,0,0,7331
853,1,2014-02-26,0.43388373911755823,-0.900968867902419,0.8660254037844386,0.5000000000000001,0.8311706263658079,0.5560174366570446,7331.0,9338.0,7964.0,6708.428571428572,7331.0,3042.326404641831,7486.266666666666,7844.5,3361.4650329604947,14040.0,0,0,1,0,0,0,1,0,0,7189
853,1,2014-02-27,-0.433883739117558,-0.9009688679024191,0.8660254037844386,0.5000000000000001,0.8406184056344782,0.5416278206559814,7189.0,8836.0,6169.0,6417.0,7263.0,2898.8817959114176,7451.966666666666,7812.0,3363.1389328437212,14040.0,0,0,1,0,0,0,1,0,0,6796
853,1,2014-02-28,-0.9749279121818236,-0.2225209339563146,0.8660254037844386,0.5000000000000001,0.8498170915275278,0.5270777086423722,6796.0,8805.0,8209.0,6450.142857142857,7263.0,2931.8725773000006,7506.633333333333,7914.0,3375.520685079904,14040.0,0,0,1,0,0,0,1,0,0,9037
853,1,2014-03-01,-0.7818314824680299,0.6234898018587334,1.0,6.123233995736766e-17,0.8587639582758029,0.5123714121284237,9037.0,7535.0,7692.0,6439.285714285715,7263.0,2927.322822095616,7493.133333333333,7862.0,3374.8519633774526,14040.0,0,0,1,0,0,0,1,0,0,7459
853,1,2014-03-02,-2.4492935982947064e-16,1.0,1.0,6.123233995736766e-17,0.8674563547295968,0.49751328890718066,7459.0,0.0,0.0,6439.285714285715,7263.0,2927.322822095616,7213.833333333333,7726.0,3635.6528615759044,14040.0,0,0,1,0,0,0,1,0,0,0
853,1,2014-03-03,0.7818314824680298,0.6234898018587336,1.0,6.123233995736766e-17,0.8758917051442429,0.48250774176121847,0.0,7263.0,12543.0,7263.714285714285,7331.0,3861.5473459174164,7358.466666666666,7726.0,3780.047899106602,14040.0,1,0,1,0,0,0,1,0,0,13034
853,1,2014-03-04,0.9749279121818236,-0.22252093395631434,1.0,6.123233995736766e-17,0.8840675099433636,0.46735921715800227,13034.0,7331.0,9792.0,7788.571428571428,7459.0,4113.669361901556,7725.3,7862.0,3569.445404135417,14040.0,1,0,1,0,0,0,1,0,0,11005
853,1,2014-03-05,0.43388373911755823,-0.900968867902419,1.0,6.123233995736766e-17,0.8919813464595485,0.45207220393230435,11005.0,7189.0,9338.0,8184.571428571428,9037.0,4179.2324198407005,7614.666666666667,7862.0,3440.4477689066457,14040.0,1,0,1,0,0,0,1,0,0,9961
853,1,2014-03-06,-0.433883739117558,-0.9009688679024191,1.0,6.123233995736766e-17,0.8996308696522433,0.43665123195606403,9961.0,6796.0,8836.0,8655.57142857143,9961.0,4182.443139965869,7593.566666666667,7862.0,3422.603009037313,14040.0,1,0,1,0,0,0,1,0,0,10093
853,1,2014-03-07,-0.9749279121818236,-0.2225209339563146,1.0,6.123233995736766e-17,0.9070138128026359,0.4211008707960896,10093.0,9037.0,8805.0,8701.857142857143,9961.0,4189.15522226026,7593.733333333334,7862.0,3422.6919122872837,14040.0,1,0,1,0,0,0,1,0,0,9361
853,1,2014-03-08,-0.7818314824680299,0.6234898018587334,1.0,6.123233995736766e-17,0.9141279881853337,0.40542572835999735,9361.0,7459.0,7535.0,8781.57142857143,9961.0,4166.813005049249,7515.0,7862.0,3383.3530297824277,14040.0,0,0,1,0,0,0,1,0,0,8017
853,1,2014-03-09,-2.4492935982947064e-16,1.0,1.0,6.123233995736766e-17,0.9209712877166346,0.38963044953078796,8017.0,0.0,0.0,8781.57142857143,9961.0,4166.813005049249,7195.866666666667,7726.0,3625.320986819135,14040.0,0,0,1,0,0,0,1,0,0,0
853,1,2014-03-10,0.7818314824680298,0.6234898018587336,1.0,6.123233995736766e-17,0.9275416835791966,0.37371971479046906,0.0,13034.0,7263.0,7967.571428571428,9361.0,3731.450560534633,7192.933333333333,7726.0,3625.1656317292964,14040.0,0,0,1,0,0,0,1,0,0,7336
853,1,2014-03-11,0.9749279121818236,-0.22252093395631434,1.0,6.123233995736766e-17,0.9338372288229252,0.35769823883312546,7336.0,11005.0,7331.0,7435.428571428572,8017.0,3483.45828438458,7435.6,7726.0,3361.1144867593325,14040.0,0,0,1,0,0,0,1,0,0,7280
853,1,2014-03-12,0.43388373911755823,-0.900968867902419,1.0,6.123233995736766e-17,0.9398560579418954,0.3415707691678556,7280.0,9961.0,7189.0,7026.571428571428,7336.0,3300.7931802897865,7413.566666666667,7613.5,3361.0811446496714,14040.0,0,0,1,0,0,0,1,0,0,7099
853,1,2014-03-13,-0.433883739117558,-0.9009688679024191,1.0,6.123233995736766e-17,0.9455963874271426,0.3253420847119801,7099.0,10093.0,6796.0,6669.285714285715,7336.0,3038.4910572127487,7424.533333333334,7642.0,3361.109666242051,14040.0,0,0,1,0,0,0,1,0,0,7592
853,1,2014-03-14,-0.9749279121818236,-0.2225209339563146,1.0,6.123233995736766e-17,0.9510565162951535,0.30901699437494745,7592.0,9361.0,9037.0,6443.142857142857,7336.0,2858.3359044830763,7418.333333333333,7642.0,3360.2516770821403,14040.0,0,0,1,0,0,0,1,0,0,7778
853,1,2014-03-15,-0.7818314824680299,0.6234898018587334,1.0,6.123233995736766e-17,0.9562348265919056,0.29260033563334836,7778.0,8017.0,7459.0,6397.142857142857,7336.0,2831.2486308206408,7469.2,7693.5,3352.2279611399163,14040.0,0,0,1,0,0,0,1,0,0,7695
853,1,2014-03-16,-2.4492935982947064e-16,1.0,1.0,6.123233995736766e-17,0.9611297838723007,0.27609697309746883,7695.0,0.0,0.0,6397.142857142857,7336.0,2831.2486308206408,7195.566666666667,7642.0,3614.5344783806254,14040.0,0,0,1,0,0,0,1,0,0,0
853,1,2014-03-17,0.7818314824680298,0.6234898018587336,1.0,6.123233995736766e-17,0.9657399376548549,0.2595117970697999,0.0,7336.0,13034.0,7015.428571428572,7592.0,3470.787703924604,7327.966666666666,7643.5,3704.9616451393968,14040.0,1,0,1,0,0,0,1,0,0,11664
853,1,2014-03-18,0.9749279121818236,-0.22252093395631434,1.0,6.123233995736766e-17,0.970063921851507,0.2428497220959356,11664.0,7280.0,11005.0,7573.714285714285,7695.0,3817.433200213879,7700.9,7736.5,3499.280057481775,14040.0,1,0,1,0,0,0,1,0,0,11188
853,1,2014-03-19,0.43388373911755823,-0.900968867902419,1.0,6.123233995736766e-17,0.9741004551724205,0.22611568550828828,11188.0,7099.0,9961.0,7913.285714285715,7778.0,3873.4771938696776,7598.666666666667,7736.5,3396.2218595875374,14040.0,1,0,1,0,0,0,1,0,0,9476
853,1,2014-03-20,-0.433883739117558,-0.9009688679024191,1.0,6.123233995736766e-17,0.9778483415056568,0.20931464596304847,9476.0,7592.0,10093.0,8144.0,9207.0,3899.162773382675,7579.166666666667,7736.5,3384.854614952881,14040.0,1,0,1,0,0,0,1,0,0,9207
853,1,2014-03-21,-0.9749279121818236,-0.2225209339563146,1.0,6.123233995736766e-17,0.9813064702716093,0.19245158197082998,9207.0,7778.0,9361.0,8345.42857142857,9207.0,3913.49774741823,7574.166666666667,7736.5,3382.276738645377,14040.0,1,0,1,0,0,0,1,0,0,9188
853,1,2014-03-22,-0.7818314824680299,0.6234898018587334,1.0,6.123233995736766e-17,0.9844738167520922,0.1755314904214282,9188.0,7695.0,8017.0,8192.714285714286,9207.0,3963.645490130079,7500.5,7643.5,3377.9103696689826,14040.0,0,0,1,0,0,0,1,0,0,6626
853,1,2014-03-23,-2.4492935982947064e-16,1.0,1.0,6.123233995736766e-17,0.9873494423939864,0.15855938510313478,6626.0,0.0,0.0,8192.714285714286,9207.0,3963.645490130079,7207.0,7563.5,3633.5106420935244,14040.0,0,0,1,0,0,0,1,0,0,0
853,1,2014-03-24,0.7818314824680298,0.6234898018587336,1.0,6.123233995736766e-17,0.989932495087353,0.141540295217043,0.0,11664.0,7336.0,7560.857142857143,9188.0,3658.8737988881794,7197.2,7525.5,3632.991921742777,14040.0,0,0,1,0,0,0,1,0,0,7241
853,1,2014-03-25,0.9749279121818236,-0.22252093395631434,1.0,6.123233995736766e-17,0.9922222094179323,0.12447926388678915,7241.0,11188.0,7280.0,7003.285714285715,7285.0,3293.120997589042,7440.033333333334,7525.5,3369.228188332971,14040.0,0,0,1,0,0,0,1,0,0,7285
853,1,2014-03-26,0.43388373911755823,-0.900968867902419,1.0,6.123233995736766e-17,0.994217906893952,0.10738134666416309,7285.0,9476.0,7099.0,6630.714285714285,7241.0,3109.1315890607107,7426.866666666667,7525.5,3370.715361844532,14040.0,0,0,1,0,0,0,1,0,0,6868
853,1,2014-03-27,-0.433883739117558,-0.9009688679024191,1.0,6.123233995736766e-17,0.995918996147179,0.09025161003104117,6868.0,9207.0,7592.0,6304.714285714285,6925.0,2907.0494614692257,7413.333333333333,7525.5,3371.9283578650825,14040.0,0,0,1,0,0,0,1,0,0,6925
853,1,2014-03-28,-0.9749279121818236,-0.2225209339563146,1.0,6.123233995736766e-17,0.9973249731081555,0.07309512989807777,6925.0,9188.0,7778.0,6061.0,6925.0,2688.323765223715,7423.1,7537.0,3371.680501389222,14040.0,0,0,1,0,0,0,1,0,0,7482
853,1,2014-03-29,-0.7818314824680299,0.6234898018587334,1.0,6.123233995736766e-17,0.9984354211555643,0.055916990100603484,7482.0,6626.0,7695.0,6235.142857142857,7241.0,2769.285673753628,7458.066666666667,7643.5,3370.3919646537106,14040.0,0,0,1,0,0,0,1,0,0,7845
853,1,2014-03-30,-2.4492935982947064e-16,1.0,1.0,6.123233995736766e-17,0.9992500112396835,0.03872228089217446,7845.0,0.0,0.0,6235.142857142857,7241.0,2769.285673753628,7156.833333333333,7537.0,3619.078755737417,14040.0,0,0,1,0,0,0,1,0,0,0
853,1,2014-03-31,0.7818314824680298,0.6234898018587336,1.0,6.123233995736766e-17,0.9997685019798909,0.021516097436222254,0.0,7241.0,11664.0,7028.0,7285.0,3732.3097406297816,7334.566666666667,7643.5,3762.5150033687196,14040.0,1,0,1,0,0,0,1,0,0,12791
853,1,2014-04-01,0.9749279121818236,-0.22252093395631434,0.8660254037844387,-0.49999999999999983,0.9999907397361901,0.004303538296244289,12791.0,7285.0,11188.0,7459.142857142857,7482.0,3935.7168524751737,7678.0,7736.5,3533.1747470374935,14040.0,1,0,1,0,0,0,1,0,0,10303
853,1,2014-04-02,0.43388373911755823,-0.900968867902419,0.8660254037844387,-0.49999999999999983,0.9999166586547379,-0.01291029607500882,10303.0,6868.0,9476.0,7893.714285714285,7845.0,4026.464276686,7573.866666666667,7736.5,3413.897385821599,14040.0,1,0,1,0,0,0,1,0,0,9910
853,1,2014-04-03,-0.433883739117558,-0.9009688679024191,0.8660254037844387,-0.49999999999999983,0.9995462806873573,-0.030120304846908114,9910.0,6925.0,9207.0,8325.857142857143,9910.0,4067.291458639736,7538.7,7736.5,3382.6249667258785,14040.0,1,0,1,0,0,0,1,0,0,9950
853,1,2014-04-04,-0.9749279121818236,-0.2225209339563146,0.8660254037844387,-0.49999999999999983,0.9988797155850336,-0.04732138832243185,9950.0,7482.0,9188.0,8717.42857142857,9950.0,4104.28470654521,7547.433333333333,7736.5,3389.4259475644244,14040.0,1,0,1,0,0,0,1,0,0,10223
853,1,2014-04-05,-0.7818314824680299,0.6234898018587334,0.8660254037844387,-0.49999999999999983,0.9979171608653922,-0.06450844944931623,10223.0,7845.0,6626.0,8743.142857142857,9950.0,4098.467495238159,7478.5,7736.5,3356.74126405255,14040.0,0,0,1,0,0,0,1,0,0,8025
853,1,2014-04-06,-2.4492935982947064e-16,1.0,0.8660254037844387,-0.49999999999999983,0.9966589017541702,-0.08167639533042241,8025.0,0.0,0.0,8743.142857142857,9950.0,4098.467495238159,7166.466666666666,7643.5,3601.8522891206526,14040.0,0,0,1,0,0,0,1,0,0,0
853,1,2014-04-07,0.7818314824680298,0.6234898018587336,0.8660254037844387,-0.49999999999999983,0.9951053111006976,-0.09882013873287143,0.0,12791.0,7241.0,8022.0,9910.0,3691.4185168667354,7157.333333333333,7643.5,3599.9680969212186,14040.0,0,0,1,0,0,0,1,0,0,7743
853,1,2014-04-08,0.9749279121818236,-0.22252093395631434,0.8660254037844387,-0.49999999999999983,0.9932568492674143,-0.11593459959550041,7743.0,10303.0,7285.0,7641.428571428572,8025.0,3551.7439311387434,7411.966666666666,7667.0,3336.799917361806,14040.0,0,0,1,0,0,0,1,0,0,7639
853,1,2014-04-09,0.43388373911755823,-0.900968867902419,0.8660254037844387,-0.49999999999999983,0.9911140639934547,-0.1330147065341959,7639.0,9910.0,6868.0,7309.714285714285,7743.0,3410.1687990618852,7420.366666666667,7667.0,3336.9192738557363,14040.0,0,0,1,0,0,0,1,0,0,7588
853,1,2014-04-10,-0.433883739117558,-0.9009688679024191,0.8660254037844387,-0.49999999999999983,0.9886775902323405,-0.1500553983446526,7588.0,9950.0,6925.0,6955.428571428572,7639.0,3213.291710854706,7426.7,7667.0,3336.8239819035866,14040.0,0,0,1,0,0,0,1,0,0,7470
853,1,2014-04-11,-0.9749279121818236,-0.2225209339563146,0.8660254037844387,-0.49999999999999983,0.9859481499638304,-0.16705162550211924,7470.0,10223.0,7482.0,6660.714285714285,7639.0,2947.2426500197066,7462.066666666667,7719.0,3338.85305449944,14040.0,0,0,1,0,0,0,1,0,0,8160
853,1,2014-04-12,-0.7818314824680299,0.6234898018587334,0.8660254037844387,-0.49999999999999983,0.9829265519799822,-0.18399835165768005,8160.0,8025.0,7845.0,6662.142857142857,7639.0,2948.0164760152015,7476.833333333333,7760.5,3340.426775163601,14040.0,0,0,1,0,0,0,1,0,0,8035
853,1,2014-04-13,-2.4492935982947064e-16,1.0,0.8660254037844387,-0.49999999999999983,0.9796136916454901,-0.20089055513063506,8035.0,0.0,0.0,6662.142857142857,7639.0,2948.0164760152015,7217.566666666667,7719.0,3607.419745405328,14040.0,0,0,1,0,0,0,1,0,0,0
853,1,2014-04-14,0.7818314824680298,0.6234898018587336,0.8660254037844387,-0.49999999999999983,0.9760105506323683,-0.21772323039653177,0.0,7743.0,12791.0,7681.285714285715,7639.0,4304.83966849272,7456.966666666666,7794.0,3869.02128302569,14040.0,1,0,1,0,0,0,1,0,0,14877
853,1,2014-04-15,0.9749279121818236,-0.22252093395631434,0.8660254037844387,-0.49999999999999983,0.9721181966290613,-0.23449138957040985,14877.0,7639.0,10303.0,8487.142857142857,8035.0,4795.620238946201,7899.633333333333,7935.0,3744.1135268977705,14040.0,1,0,1,0,0,0,1,0,0,13280
853,1,2014-04-16,0.43388373911755823,-0.900968867902419,0.8660254037844387,-0.49999999999999983,0.9679377830240642,-0.25119006388481935,13280.0,7588.0,9910.0,9061.714285714286,8160.0,4909.526342200624,7897.833333333333,7935.0,3742.253903947353,14040.0,1,0,1,0,0,0,1,0,0,11610
853,1,2014-04-17,-0.433883739117558,-0.9009688679024191,0.8660254037844387,-0.49999999999999983,0.9634705485641488,-0.2678143051621742,11610.0,7470.0,9950.0,9730.142857142857,11610.0,4974.78466631375,7929.866666666667,7935.0,3775.3552080733343,14040.0,1,0,1,0,0,0,1,0,0,12149
853,1,2014-04-18,-0.9749279121818236,-0.2225209339563146,0.8660254037844387,-0.49999999999999983,0.9587178169872964,-0.2843591872810034,12149.0,8160.0,10223.0,8564.42857142857,11610.0,6207.374615652543,7614.0,7794.0,4029.3963182659486,14040.0,1,0,1,0,0,0,1,0,0,0
853,1,2014-04-19,-0.7818314824680299,0.6234898018587334,0.8660254037844387,-0.49999999999999983,0.9536809966304457,-0.30081980763566735,0.0,8035.0,8025.0,8863.57142857143,11610.0,6228.030476727579,7644.733333333334,7794.0,4045.449746390965,14040.0,0,0,1,0,0,0,1,0,0,10129
853,1,2014-04-20,-2.4492935982947064e-16,1.0,0.8660254037844387,-0.49999999999999983,0.9483615800121715,-0.3171912885891061,10129.0,0.0,0.0,8863.57142857143,11610.0,6228.030476727579,7338.466666666666,7691.0,4266.350065121348,14040.0,0,0,1,0,0,0,1,0,0,0
853,1,2014-04-21,0.7818314824680298,0.6234898018587336,0.8660254037844387,-0.49999999999999983,0.9427611433904207,-0.3334687789181868,0.0,14877.0,7743.0,6738.285714285715,10129.0,6370.686533236576,7117.6,7691.0,4471.1047975131205,14040.0,0,0,1,0,0,0,1,0,0,0
853,1,2014-04-22,0.9749279121818236,-0.22252093395631434,0.8660254037844387,-0.49999999999999983,0.9368813462954315,-0.3496474552512284,0.0,13280.0,7639.0,6164.857142857143,9266.0,5842.480250389422,7426.466666666666,7794.0,4278.357723378845,14040.0,0,0,1,0,0,0,1,0,0,9266
853,1,2014-04-23,0.43388373911755823,-0.900968867902419,0.8660254037844387,-0.49999999999999983,0.9307239310379795,-0.36572252349726897,9266.0,11610.0,7588.0,5663.142857142857,8098.0,5433.428826213129,7455.033333333334,7935.0,4279.937467182029,14040.0,0,0,1,0,0,0,1,0,0,8098
853,1,2014-04-24,-0.433883739117558,-0.9009688679024191,0.8660254037844387,-0.49999999999999983,0.9242907221930934,-0.3816892202666588,8098.0,12149.0,7470.0,5138.285714285715,8098.0,4848.449329915894,7494.7,8030.0,4283.819977140932,14040.0,0,0,1,0,0,0,1,0,0,8475
853,1,2014-04-25,-0.9749279121818236,-0.2225209339563146,0.8660254037844387,-0.49999999999999983,0.9175836260593937,-0.39754281428255595,8475.0,0.0,8160.0,6241.571428571428,8098.0,4335.951600942319,7523.2,8030.0,4282.350687052213,14040.0,0,0,1,0,0,0,1,0,0,7723
853,1,2014-04-26,-0.7818314824680299,0.6234898018587334,0.8660254037844387,-0.49999999999999983,0.9106046300942163,-0.4132786077829042,7723.0,10129.0,8035.0,5816.0,7723.0,4025.920640052406,7530.7,8030.0,4281.46382597161,14040.0,0,0,1,0,0,0,1,0,0,7150
853,1,2014-04-27,-2.4492935982947064e-16,1.0,0.8660254037844387,-0.49999999999999983,0.9033558023246845,-0.4288919379124835,7150.0,0.0,0.0,5816.0,7723.0,4025.920640052406,7281.3,8030.0,4496.895873055486,14040.0,0,0,1,0,0,0,1,0,0,0
853,1,2014-04-28,0.7818314824680298,0.6234898018587336,0.8660254037844387,-0.49999999999999983,0.895839290734909,-0.4443781781046132,0.0,0.0,14877.0,7479.571428571428,8098.0,3606.182601086766,7407.966666666666,8066.5,4566.304206061928,14040.0,1,0,1,0,0,0,1,0,0,11645
853,1,2014-04-29,0.9749279121818236,-0.22252093395631434,0.8660254037844387,-0.49999999999999983,0.8880573226294932,-0.45973273945210397,11645.0,9266.0,13280.0,7729.428571428572,8098.0,3805.6590693835033,7775.133333333333,8129.0,4389.530127499969,14040.0,1,0,1,0,0,0,1,0,0,11015
853,1,2014-04-30,0.43388373911755823,-0.900968867902419,0.8660254037844387,-0.49999999999999983,0.8800122039735357,-0.47495107206704995,11015.0,8098.0,11610.0,8171.428571428572,8475.0,4028.735403619963,7721.833333333333,8129.0,4335.90502888846,14040.0,1,0,1,0,0,0,1,0,0,11192
853,1,2014-05-01,-0.433883739117558,-0.9009688679024191,0.49999999999999994,-0.8660254037844387,0.8717063187093218,-0.49002866642905923,11192.0,8475.0,12149.0,6960.714285714285,7723.0,5062.995480750028,7378.4,8066.5,4528.179946467037,14040.0,1,0,1,0,0,0,1,0,0,0
853,1,2014-05-02,-0.9749279121818236,-0.2225209339563146,0.49999999999999994,-0.8660254037844387,0.8631421280499114,-0.5049610547215204,0.0,7723.0,0.0,7834.571428571428,11015.0,5703.823976279503,7509.4,8066.5,4658.90486317739,14040.0,1,0,1,0,0,0,1,0,0,13840
853,1,2014-05-03,-0.7818314824680299,0.6234898018587334,0.49999999999999994,-0.8660254037844387,0.854322169749827,-0.5197438121555155,13840.0,7150.0,10129.0,7973.714285714285,11015.0,5696.21589929916,7448.533333333334,8066.5,4637.800100771125,14040.0,0,0,1,0,0,0,1,0,0,8124
853,1,2014-05-04,-2.4492935982947064e-16,1.0,0.49999999999999994,-0.8660254037844387,0.8452490573530633,-0.5343725582809787,8124.0,0.0,0.0,7973.714285714285,11015.0,5696.21589929916,7107.766666666666,8030.0,4799.661731495421,14040.0,0,0,1,0,0,0,1,0,0,0
853,1,2014-05-05,0.7818314824680298,0.6234898018587336,0.49999999999999994,-0.8660254037844387,0.835925479418637,-0.548842958284719,0.0,11645.0,0.0,8098.0,11015.0,5798.247752554212,7257.433333333333,8066.5,4898.242757978821,14040.0,1,0,1,0,0,0,1,0,0,12515
853,1,2014-05-06,0.9749279121818236,-0.22252093395631434,0.49999999999999994,-0.8660254037844387,0.8263541987239096,-0.5631507242749186,12515.0,11015.0,9266.0,8059.428571428572,10745.0,5776.466158969015,7615.6,8111.0,4739.5437114877905,14040.0,1,0,1,0,0,0,1,0,0,10745
853,1,2014-05-07,0.43388373911755823,-0.900968867902419,0.49999999999999994,-0.8660254037844387,0.8165380514459161,-0.5772916165517272,10745.0,11192.0,8098.0,7920.571428571428,10220.0,5699.7874772410805,7698.166666666667,8142.0,4763.355504360298,14040.0,1,0,1,0,0,0,1,0,0,10220
853,1,2014-05-08,-0.433883739117558,-0.9009688679024191,0.49999999999999994,-0.8660254037844387,0.8064799463209448,-0.5912614448635781,10220.0,0.0,8475.0,9388.142857142857,10273.0,4521.201367946773,7785.966666666666,8317.5,4786.4467958899395,14040.0,1,0,1,0,0,0,1,0,0,10273
853,1,2014-05-09,-0.9749279121818236,-0.2225209339563146,0.49999999999999994,-0.8660254037844387,0.7961828637826158,-0.6050560696488488,10273.0,13840.0,7723.0,8823.857142857143,10220.0,4099.826639772764,7862.7,8870.5,4801.591834826851,14040.0,1,0,1,0,0,0,1,0,0,9890
853,1,2014-05-10,-0.7818314824680299,0.6234898018587334,0.49999999999999994,-0.8660254037844387,0.7856498550787145,-0.6186714032625031,9890.0,8124.0,7150.0,8794.285714285714,10220.0,4106.457098858073,7877.6,8870.5,4801.02472969807,14040.0,0,0,1,0,0,0,1,0,0,7917
853,1,2014-05-11,-2.4492935982947064e-16,1.0,0.49999999999999994,-0.8660254037844387,0.7748840413670407,-0.6321034111873487,7917.0,0.0,0.0,8794.285714285714,10220.0,4106.457098858073,7605.6,8870.5,5011.03137295005,14040.0,0,0,1,0,0,0,1,0,0,0
853,1,2014-05-12,0.7818314824680298,0.6234898018587336,0.49999999999999994,-0.8660254037844387,0.7638886127905428,-0.6453481132295501,0.0,12515.0,11645.0,8113.428571428572,9890.0,3767.888040496193,7596.066666666667,8870.5,5010.458303308732,14040.0,0,0,1,0,0,0,1,0,0,7749
853,1,2014-05-13,0.9749279121818236,-0.22252093395631434,0.49999999999999994,-0.8660254037844387,0.7526668275320084,-0.6584015846980488,7749.0,10745.0,11015.0,7719.571428571428,7988.0,3586.7018674144415,7862.333333333333,8870.5,4800.727404174852,14040.0,0,0,1,0,0,0,1,0,0,7988
853,1,2014-05-14,0.43388373911755823,-0.900968867902419,0.49999999999999994,-0.8660254037844387,0.741222010848596,-0.6712599575675313,7988.0,10220.0,11192.0,7319.857142857143,7917.0,3413.3216192135237,7613.833333333333,8299.5,4614.438741851371,14040.0,0,0,1,0,0,0,1,0,0,7422
853,1,2014-05-15,-0.433883739117558,-0.9009688679024191,0.49999999999999994,-0.8660254037844387,0.7295575540864875,-0.6839194216246106,7422.0,10273.0,0.0,6920.571428571428,7749.0,3164.7153561914915,7420.433333333333,8111.0,4488.64160915107,14040.0,0,0,1,0,0,0,1,0,0,7478
853,1,2014-05-16,-0.9749279121818236,-0.2225209339563146,0.49999999999999994,-0.8660254037844387,0.717676913675962,-0.6963762255968722,7478.0,9890.0,13840.0,6625.0,7749.0,2929.000625924587,7294.133333333333,8043.0,4419.465701310225,14040.0,0,0,1,0,0,0,1,0,0,7821
853,1,2014-05-17,-0.7818314824680299,0.6234898018587334,0.49999999999999994,-0.8660254037844387,0.705583610107178,-0.7086266782644596,7821.0,7917.0,8124.0,6463.714285714285,7478.0,2876.614950150354,7115.433333333333,7952.5,4323.73986173475,14040.0,0,0,1,0,0,0,1,0,0,6788
853,1,2014-05-18,-2.4492935982947064e-16,1.0,0.49999999999999994,-0.8660254037844387,0.6932812268869777,-0.7206671495538609,6788.0,0.0,0.0,6463.714285714285,7478.0,2876.6149501503546,7115.433333333333,7952.5,4323.73986173475,14040.0,0,0,1,0,0,0,1,0,0,0
853,1,2014-05-19,0.7818314824680298,0.6234898018587336,0.49999999999999994,-0.8660254037844387,0.6807734094770161,-0.7324940716135789,0.0,7749.0,12515.0,7046.571428571428,7478.0,3521.4995791160104,7172.1,7952.5,4375.428486209213,14040.0,1,0,1,0,0,0,1,0,0,11829
853,1,2014-05-20,0.9749279121818236,-0.22252093395631434,0.49999999999999994,-0.8660254037844387,0.6680638642135335,-0.7441039398713607,11829.0,7988.0,10745.0,7329.571428571428,7478.0,3685.5445937311497,7504.4,8043.0,4186.422187385608,14040.0,1,0,1,0,0,0,1,0,0,9969
853,1,2014-05-21,0.43388373911755823,-0.900968867902419,0.49999999999999994,-0.8660254037844387,0.6551563572090853,-0.7554933140726803,9969.0,7422.0,10220.0,7564.142857142857,7821.0,3744.194770066112,7806.533333333334,8111.0,3946.3452645614334,14040.0,1,0,1,0,0,0,1,0,0,9064
853,1,2014-05-22,-0.433883739117558,-0.9009688679024191,0.49999999999999994,-0.8660254037844387,0.6420547132365637,-0.766658819300159,9064.0,7478.0,10273.0,7903.857142857143,9064.0,3841.6861501416834,7826.2,8111.0,3955.3292499945037,14040.0,1,0,1,0,0,0,1,0,0,9856
853,1,2014-05-23,-0.9749279121818236,-0.2225209339563146,0.49999999999999994,-0.8660254037844387,0.6287628145958344,-0.777597146973627,9856.0,7821.0,9890.0,8242.0,9856.0,3936.1862676114915,7895.866666666667,8299.5,3978.619044197445,14040.0,1,0,1,0,0,0,1,0,0,10188
853,1,2014-05-24,-0.7818314824680299,0.6234898018587334,0.49999999999999994,-0.8660254037844387,0.6152845999633276,-0.7883050558305255,10188.0,6788.0,7917.0,8356.42857142857,9856.0,3898.3331847146633,7866.333333333333,8056.0,3977.4601177768914,14040.0,0,0,1,0,0,0,1,0,0,7589
853,1,2014-05-25,-2.4492935982947064e-16,1.0,0.49999999999999994,-0.8660254037844387,0.6016240632249226,-0.7987793728863649,7589.0,0.0,0.0,8356.42857142857,9856.0,3898.3331847146633,7608.9,8056.0,4229.029311874023,14040.0,0,0,1,0,0,0,1,0,0,0
853,1,2014-05-26,0.7818314824680298,0.6234898018587336,0.49999999999999994,-0.8660254037844387,0.5877852522924732,-0.8090169943749473,0.0,11829.0,7749.0,7771.714285714285,9064.0,3585.0372715071167,7628.433333333333,8056.0,4228.189868533322,14040.0,0,0,1,0,0,0,1,0,0,7736
853,1,2014-05-27,0.9749279121818236,-0.22252093395631434,0.49999999999999994,-0.8660254037844387,0.5737722679043246,-0.8190148866680801,7736.0,9969.0,7988.0,7543.142857142857,8369.0,3470.7810085805995,7907.4,8246.5,3976.096115191557,14040.0,0,0,1,0,0,0,1,0,0,8369
853,1,2014-05-28,0.43388373911755823,-0.900968867902419,0.49999999999999994,-0.8660254037844387,0.5595892624101765,-0.8287700871745037,8369.0,9064.0,7422.0,7589.142857142857,8369.0,3496.3368653764514,7832.1,8246.5,3923.92032459798,14040.0,0,0,1,0,0,0,1,0,0,9386
853,1,2014-05-29,-0.433883739117558,-0.9009688679024191,0.49999999999999994,-0.8660254037844387,0.545240438540651,-0.8382797052177743,9386.0,9856.0,7478.0,6181.142857142857,7736.0,4319.05523730099,7464.933333333333,8056.0,4125.964747650008,14040.0,0,0,1,0,0,0,1,0,0,0
853,1,2014-05-30,-0.9749279121818236,-0.2225209339563146,0.49999999999999994,-0.8660254037844387,0.5307300481619334,-0.8475409228928311,0.0,10188.0,7821.0,6516.0,7736.0,4750.77197235705,7509.6,8056.0,4174.670142657982,14040.0,0,0,1,0,0,0,1,0,0,12532
853,1,2014-05-31,-0.7818314824680299,0.6234898018587334,0.49999999999999994,-0.8660254037844387,0.5160623910158528,-0.8565509959010036,12532.0,7589.0,6788.0,6485.571428571428,7736.0,4743.430469507019,7755.466666666666,8056.0,3926.9998088681627,14040.0,0,0,1,0,0,0,1,0,0,7376
853,1,2014-06-01,-2.4492935982947064e-16,1.0,1.2246467991473532e-16,-1.0,0.5012418134457758,-0.865307254363206,7376.0,0.0,0.0,6485.571428571428,7736.0,4743.430469507019,7294.133333333333,7952.5,3999.824830072485,14040.0,0,0,1,0,0,0,1,0,0,0
853,1,2014-06-02,0.7818314824680298,0.6234898018587336,1.2246467991473532e-16,-1.0,0.48627270710869,-0.8738071036110808,0.0,7736.0,11829.0,7355.714285714285,8369.0,5508.081296733784,7484.233333333334,7952.5,4172.425447637377,14040.0,1,0,1,0,0,0,1,0,0,13827
853,1,2014-06-03,0.9749279121818236,-0.22252093395631434,1.2246467991473532e-16,-1.0,0.4711595076738638,-0.8820480249558537,13827.0,8369.0,9969.0,7881.0,9386.0,5788.988311153048,7885.766666666666,8178.5,4003.550085674683,14040.0,1,0,1,0,0,0,1,0,0,12046
853,1,2014-06-04,0.43388373911755823,-0.900968867902419,1.2246467991473532e-16,-1.0,0.4559066935084588,-0.8900275764346767,12046.0,9386.0,9064.0,8006.0,10261.0,5836.156183653755,7810.633333333333,8178.5,3934.228956429609,14040.0,1,0,1,0,0,0,1,0,0,10261
853,1,2014-06-05,-0.433883739117558,-0.9009688679024191,1.2246467991473532e-16,-1.0,0.440518784350495,-0.8977433935342337,10261.0,0.0,9856.0,9579.857142857143,11017.0,4690.330742729177,7819.7,8178.5,3941.5312108629696,14040.0,1,0,1,0,0,0,1,0,0,11017
853,1,2014-06-06,-0.9749279121818236,-0.2225209339563146,1.2246467991473532e-16,-1.0,0.42500033996955416,-0.9051931898913974,11017.0,12532.0,10188.0,9270.857142857143,10369.0,4532.005568861366,7824.666666666667,8178.5,3944.752650200565,14040.0,1,0,1,0,0,0,1,0,0,10369
853,1,2014-06-07,-0.7818314824680299,0.6234898018587334,1.2246467991473532e-16,-1.0,0.4093559588156213,-0.9123747579707273,10369.0,7376.0,7589.0,9461.57142857143,10369.0,4466.594521450047,7772.6,8178.5,3921.5630821008813,14040.0,0,0,1,0,0,0,1,0,0,8711
853,1,2014-06-08,-2.4492935982947064e-16,1.0,1.2246467991473532e-16,-1.0,0.39359027665646673,-0.9192859697186104,8711.0,0.0,0.0,9461.57142857143,10369.0,4466.594521450047,7442.933333333333,7952.5,4146.667036626366,14040.0,0,0,1,0,0,0,1,0,0,0
853,1,2014-06-09,0.7818314824680298,0.6234898018587336,1.2246467991473532e-16,-1.0,0.3777079652039649,-0.9259247771938498,0.0,13827.0,7736.0,7486.285714285715,10261.0,5209.844710234832,7179.033333333334,7904.5,4361.800478316689,14040.0,0,0,1,0,0,0,1,0,0,0
853,1,2014-06-10,0.9749279121818236,-0.22252093395631434,1.2246467991473532e-16,-1.0,0.36171373072976765,-0.9322892131745133,0.0,12046.0,8369.0,7059.714285714285,9060.0,4886.490414543809,7481.033333333334,8178.5,4156.412556962816,14040.0,0,0,1,0,0,0,1,0,0,9060
853,1,2014-06-11,0.43388373911755823,-0.900968867902419,1.2246467991473532e-16,-1.0,0.3456123126707335,-0.9383773917408641,9060.0,10261.0,9386.0,6854.0,8821.0,4757.87767812498,7516.766666666666,8540.0,4163.397954782256,14040.0,0,0,1,0,0,0,1,0,0,8821
853,1,2014-06-12,-0.433883739117558,-0.9009688679024191,1.2246467991473532e-16,-1.0,0.3294084822245304,-0.9441875088341993,8821.0,11017.0,0.0,6563.285714285715,8821.0,4517.200671296534,7549.9,8766.0,4171.225350024818,14040.0,0,0,1,0,0,0,1,0,0,8982
853,1,2014-06-13,-0.9749279121818236,-0.2225209339563146,1.2246467991473532e-16,-1.0,0.3131070409358269,-0.9497178427914316,8982.0,10369.0,12532.0,6361.428571428572,8821.0,4347.16397425351,7601.033333333334,8888.5,4178.998506351967,14040.0,0,0,1,0,0,0,1,0,0,8956
853,1,2014-06-14,-0.7818314824680299,0.6234898018587334,1.2246467991473532e-16,-1.0,0.29671281927349075,-0.9549667548552551,8956.0,8711.0,7376.0,6170.857142857143,8821.0,4255.2650692434845,7597.666666666667,8888.5,4179.141722917506,14040.0,0,0,1,0,0,0,1,0,0,7377
853,1,2014-06-15,-2.4492935982947064e-16,1.0,1.2246467991473532e-16,-1.0,0.28023067519921585,-0.9599326896597447,7377.0,0.0,0.0,6170.857142857143,8821.0,4255.2650692434845,7336.966666666666,8888.5,4402.692228730002,14040.0,0,0,1,0,0,0,1,0,0,0
853,1,2014-06-16,0.7818314824680298,0.6234898018587336,1.2246467991473532e-16,-1.0,0.26366549272800704,-0.9646141756912435,0.0,0.0,13827.0,8014.428571428572,8956.0,3918.3669581915847,7540.866666666667,8969.0,4516.565835579778,14040.0,1,0,1,0,0,0,1,0,0,12905
853,1,2014-06-17,0.9749279121818236,-0.22252093395631434,1.2246467991473532e-16,-1.0,0.24702218048093552,-0.9690098257244062,12905.0,9060.0,12046.0,8458.285714285714,8956.0,4220.844375014933,7946.433333333333,9021.0,4359.624910181067,14040.0,1,0,1,0,0,0,1,0,0,12167
853,1,2014-06-18,0.43388373911755823,-0.900968867902419,1.2246467991473532e-16,-1.0,0.23030567023061221,-0.9731183372332619,12167.0,8821.0,10261.0,8732.42857142857,8982.0,4309.712707251792,7910.133333333333,9021.0,4330.619576070345,14040.0,1,0,1,0,0,0,1,0,0,10740
853,1,2014-06-19,-0.433883739117558,-0.9009688679024191,1.2246467991473532e-16,-1.0,0.21352091543979612,-0.9769384927771817,10740.0,8982.0,11017.0,7449.285714285715,8956.0,5417.711316115122,7577.833333333333,8969.0,4544.387558473552,14040.0,1,0,1,0,0,0,1,0,0,0
853,1,2014-06-20,-0.9749279121818236,-0.2225209339563146,1.2246467991473532e-16,-1.0,0.19667288979357647,-0.980469160361632,0.0,8956.0,10369.0,7962.857142857143,10740.0,5744.861281428569,7694.066666666667,8969.0,4627.543773397791,14040.0,1,0,1,0,0,0,1,0,0,12551
853,1,2014-06-21,-0.7818314824680299,0.6234898018587334,1.2246467991473532e-16,-1.0,0.1797665857255624,-0.9837092937736097,12551.0,7377.0,8711.0,7890.857142857143,10740.0,5756.5739066615915,7594.633333333333,8888.5,4611.508336410293,14040.0,0,0,1,0,0,0,1,0,0,6873
853,1,2014-06-22,-2.4492935982947064e-16,1.0,1.2246467991473532e-16,-1.0,0.16280701293851715,-0.986657932891657,6873.0,0.0,0.0,7890.857142857143,10740.0,5756.5739066615915,7255.033333333334,8766.0,4785.781112934393,14040.0,0,0,1,0,0,0,1,0,0,0
853,1,2014-06-23,0.7818314824680298,0.6234898018587336,1.2246467991473532e-16,-1.0,0.1457991969198751,-0.9893142039703663,0.0,12905.0,0.0,7226.857142857143,8257.0,5334.401229396831,7277.3,8766.0,4788.941479398497,14040.0,0,0,1,0,0,0,1,0,0,8257
853,1,2014-06-24,0.9749279121818236,-0.22252093395631434,1.2246467991473532e-16,-1.0,0.12874817745258132,-0.99167731989929,8257.0,12167.0,9060.0,6618.0,7905.0,4902.294292811609,7540.8,8766.0,4587.978289639884,14040.0,0,0,1,0,0,0,1,0,0,7905
853,1,2014-06-25,0.43388373911755823,-0.900968867902419,1.2246467991473532e-16,-1.0,0.11165900712169512,-0.993746580436178,7905.0,10740.0,8821.0,6158.0,7520.0,4592.320691473242,7533.6,8766.0,4587.830879545405,14040.0,0,0,1,0,0,0,1,0,0,7520
853,1,2014-06-26,-0.433883739117558,-0.9009688679024191,1.2246467991473532e-16,-1.0,0.09453674981719912,-0.9955213724144752,7520.0,0.0,8982.0,7172.571428571428,7520.0,3703.6275396401425,7491.366666666667,8766.0,4585.706612593268,14040.0,0,0,1,0,0,0,1,0,0,7102
853,1,2014-06-27,-0.9749279121818236,-0.2225209339563146,1.2246467991473532e-16,-1.0,0.07738647923346301,-0.9970011699250151,7102.0,12551.0,8956.0,6479.857142857143,7520.0,2895.2538995495856,7435.233333333334,8484.0,4572.0011892728835,14040.0,0,0,1,0,0,0,1,0,0,7702
853,1,2014-06-28,-0.7818314824680299,0.6234898018587334,1.2246467991473532e-16,-1.0,0.06021327736579302,-0.9981855344718586,7702.0,6873.0,7377.0,6431.0,7520.0,2890.395474671232,7652.933333333333,8484.0,4356.152192754151,14040.0,0,0,1,0,0,0,1,0,0,6531
853,1,2014-06-29,-2.4492935982947064e-16,1.0,1.2246467991473532e-16,-1.0,0.04302223300453059,-0.99907411510223,6531.0,0.0,0.0,6431.0,7520.0,2890.395474671232,7235.2,8081.0,4471.491530836756,14040.0,0,0,1,0,0,0,1,0,0,0
853,1,2014-06-30,0.7818314824680298,0.6234898018587336,1.2246467991473532e-16,-1.0,0.02581844022713308,-0.9996666485105112,0.0,8257.0,12905.0,7026.428571428572,7520.0,3656.918778477435,7403.5,8484.0,4570.88730350895,14040.0,1,0,1,0,0,0,1,0,0,12425
853,1,2014-07-01,0.9749279121818236,-0.22252093395631434,-0.4999999999999998,-0.8660254037844388,0.008606996888688698,-0.9999629591162655,12425.0,7905.0,12167.0,7598.571428571428,7520.0,4103.337660049548,7800.5,8766.0,4420.429732191361,14040.0,1,0,1,0,0,0,1,0,0,11910
853,1,2014-07-02,0.43388373911755823,-0.900968867902419,-0.4999999999999998,-0.8660254037844388,-0.008606996888688009,-0.9999629591162655,11910.0,7520.0,10740.0,8011.571428571428,7702.0,4237.41032774904,7686.633333333333,8766.0,4302.256068008116,14040.0,1,0,1,0,0,0,1,0,0,10411
853,1,2014-07-03,-0.433883739117558,-0.9009688679024191,-0.4999999999999998,-0.8660254037844388,-0.02581844022713239,-0.9996666485105112,10411.0,7102.0,0.0,8505.0,10411.0,4314.247172643984,7636.966666666666,8766.0,4258.573482082804,14040.0,1,0,1,0,0,0,1,0,0,10556
853,1,2014-07-04,-0.9749279121818236,-0.2225209339563146,-0.4999999999999998,-0.8660254037844388,-0.04302223300453034,-0.99907411510223,10556.0,7702.0,12551.0,8647.42857142857,10411.0,4299.751886529528,7584.9,8705.0,4234.867708311153,14040.0,1,0,1,0,0,0,1,0,0,8699
853,1,2014-07-05,-0.7818314824680299,0.6234898018587334,-0.4999999999999998,-0.8660254037844388,-0.060213277365792774,-0.9981855344718586,8699.0,6531.0,6873.0,8841.857142857143,10411.0,4218.095598275415,7480.733333333334,8478.0,4185.683769241527,14040.0,0,0,1,0,0,0,1,0,0,7892
853,1,2014-07-06,-2.4492935982947064e-16,1.0,-0.4999999999999998,-0.8660254037844388,-0.07738647923346322,-0.9970011699250151,7892.0,0.0,0.0,8841.857142857143,10411.0,4218.095598275415,7135.1,8081.0,4363.302785339533,14040.0,0,0,1,0,0,0,1,0,0,0
853,1,2014-07-07,0.7818314824680298,0.6234898018587336,-0.4999999999999998,-0.8660254037844388,-0.09453674981719933,-0.9955213724144752,0.0,12425.0,8257.0,8223.285714285714,8699.0,3911.403231334656,7114.566666666667,8000.0,4357.075986320955,14040.0,0,0,1,0,0,0,1,0,0,8095
853,1,2014-07-08,0.9749279121818236,-0.22252093395631434,-0.4999999999999998,-0.8660254037844388,-0.11165900712169444,-0.9937465804361781,8095.0,11910.0,7905.0,7589.571428571428,8095.0,3557.922186573821,7363.7,8000.0,4144.748793602451,14040.0,0,0,1,0,0,0,1,0,0,7474
853,1,2014-07-09,0.43388373911755823,-0.900968867902419,-0.4999999999999998,-0.8660254037844388,-0.12874817745258066,-0.99167731989929,7474.0,10411.0,7520.0,7104.0,7892.0,3333.555009295625,7597.433333333333,8000.0,3906.0078012822974,14040.0,0,0,1,0,0,0,1,0,0,7012
853,1,2014-07-10,-0.433883739117558,-0.9009688679024191,-0.4999999999999998,-0.8660254037844388,-0.14579919691987442,-0.9893142039703664,7012.0,10556.0,7102.0,6790.571428571428,7892.0,3045.60152006916,7574.166666666667,8000.0,3899.0681122132464,14040.0,0,0,1,0,0,0,1,0,0,8362
853,1,2014-07-11,-0.9749279121818236,-0.2225209339563146,-0.4999999999999998,-0.8660254037844388,-0.16280701293851646,-0.9866579328916572,8362.0,8699.0,7702.0,6695.0,7892.0,2985.6400207214015,7547.8,7967.5,3893.015703662846,14040.0,0,0,1,0,0,0,1,0,0,8030
853,1,2014-07-12,-0.7818314824680299,0.6234898018587334,-0.4999999999999998,-0.8660254037844388,-0.17976658572556214,-0.9837092937736098,8030.0,7892.0,6531.0,6545.142857142857,7474.0,2941.546442976965,7476.5,7898.5,3885.42310969852,14040.0,0,0,1,0,0,0,1,0,0,6843
853,1,2014-07-13,-2.4492935982947064e-16,1.0,-0.4999999999999998,-0.8660254037844388,-0.19667288979357622,-0.9804691603616321,6843.0,0.0,0.0,6545.142857142857,7474.0,2941.546442976965,7177.966666666666,7797.0,4105.649333190359,14040.0,0,0,1,0,0,0,1,0,0,0
853,1,2014-07-14,0.7818314824680298,0.6234898018587336,-0.4999999999999998,-0.8660254037844388,-0.2135209154397959,-0.9769384927771817,0.0,8095.0,12425.0,7002.0,7474.0,3430.1417366244928,7308.5,7898.5,4173.880413583571,14040.0,1,0,1,0,0,0,1,0,0,11293
853,1,2014-07-15,0.9749279121818236,-0.22252093395631434,-0.4999999999999998,-0.8660254037844388,-0.23030567023061196,-0.973118337233262,11293.0,7474.0,11910.0,7557.142857142857,8030.0,3812.421121744523,7687.166666666667,7967.5,3999.637398076476,14040.0,1,0,1,0,0,0,1,0,0,11360
853,1,2014-07-16,0.43388373911755823,-0.900968867902419,-0.4999999999999998,-0.8660254037844388,-0.24702218048093527,-0.9690098257244063,11360.0,7012.0,10411.0,8052.285714285715,8362.0,3952.328204754154,7606.266666666666,7967.5,3914.0881787798776,14040.0,1,0,1,0,0,0,1,0,0,10478
853,1,2014-07-17,-0.433883739117558,-0.9009688679024191,-0.4999999999999998,-0.8660254037844388,-0.2636654927280072,-0.9646141756912435,10478.0,8362.0,10556.0,8344.142857142857,10405.0,4053.1565241825742,7547.533333333334,7967.5,3856.081777045759,14040.0,1,0,1,0,0,0,1,0,0,10405
853,1,2014-07-18,-0.9749279121818236,-0.2225209339563146,-0.4999999999999998,-0.8660254037844388,-0.2802306751992161,-0.9599326896597445,10405.0,8030.0,8699.0,8663.0,10405.0,4111.696081505371,7531.6,7967.5,3843.402332524554,14040.0,1,0,1,0,0,0,1,0,0,10262
853,1,2014-07-19,-0.7818314824680299,0.6234898018587334,-0.4999999999999998,-0.8660254037844388,-0.2967128192734901,-0.9549667548552553,10262.0,6843.0,7892.0,8707.57142857143,10405.0,4090.314285281867,7770.1,7967.5,3572.35971805366,14040.0,0,0,1,0,0,0,1,0,0,7155
853,1,2014-07-20,-2.4492935982947064e-16,1.0,-0.4999999999999998,-0.8660254037844388,-0.3131070409358267,-0.9497178427914317,7155.0,0.0,0.0,8707.57142857143,10405.0,4090.314285281867,7351.733333333334,7898.5,3724.8346126981305,14040.0,0,0,1,0,0,0,1,0,0,0
853,1,2014-07-21,0.7818314824680298,0.6234898018587336,-0.4999999999999998,-0.8660254037844388,-0.3294084822245302,-0.9441875088341994,0.0,11293.0,8095.0,8336.42857142857,10262.0,3931.401652385687,7412.466666666666,7967.5,3731.6073890144357,14040.0,0,0,1,0,0,0,1,0,0,8695
853,1,2014-07-22,0.9749279121818236,-0.22252093395631434,-0.4999999999999998,-0.8660254037844388,-0.3456123126707333,-0.9383773917408642,8695.0,11360.0,7474.0,7837.142857142857,8695.0,3698.440456398314,7674.633333333333,7967.5,3459.221065234329,14040.0,0,0,1,0,0,0,1,0,0,7865
853,1,2014-07-23,0.43388373911755823,-0.900968867902419,-0.4999999999999998,-0.8660254037844388,-0.3617137307297674,-0.9322892131745134,7865.0,10478.0,7012.0,7511.428571428572,8198.0,3523.35620571933,7672.666666666667,7967.5,3458.895312322881,14040.0,0,0,1,0,0,0,1,0,0,8198
853,1,2014-07-24,-0.433883739117558,-0.9009688679024191,-0.4999999999999998,-0.8660254037844388,-0.37770796520396466,-0.9259247771938499,8198.0,10405.0,8362.0,7146.142857142857,7865.0,3298.7553930015947,7670.766666666666,7961.0,3458.7789422373285,14040.0,0,0,1,0,0,0,1,0,0,7848
853,1,2014-07-25,-0.9749279121818236,-0.2225209339563146,-0.4999999999999998,-0.8660254037844388,-0.39359027665646645,-0.9192859697186105,7848.0,10262.0,8030.0,6824.857142857143,7865.0,3044.421862388726,7687.2,8021.5,3459.2090624781613,14040.0,0,0,1,0,0,0,1,0,0,8013
853,1,2014-07-26,-0.7818314824680299,0.6234898018587334,-0.4999999999999998,-0.8660254037844388,-0.4093559588156211,-0.9123747579707274,8013.0,7155.0,6843.0,6870.428571428572,7865.0,3052.56399644314,7699.6,8021.5,3457.7054141488816,14040.0,0,0,1,0,0,0,1,0,0,7474
853,1,2014-07-27,-2.4492935982947064e-16,1.0,-0.4999999999999998,-0.8660254037844388,-0.42500033996955394,-0.9051931898913975,7474.0,0.0,0.0,6870.428571428572,7865.0,3052.56399644314,7442.866666666667,8021.5,3732.5342664970567,14040.0,0,0,1,0,0,0,1,0,0,0
853,1,2014-07-28,0.7818314824680298,0.6234898018587336,-0.4999999999999998,-0.8660254037844388,-0.4405187843504952,-0.8977433935342336,0.0,8695.0,11293.0,7502.0,7865.0,3846.964301021429,7662.366666666667,8062.5,3868.217458881469,14040.0,1,0,1,0,0,0,1,0,0,13116
853,1,2014-07-29,0.9749279121818236,-0.22252093395631434,-0.4999999999999998,-0.8660254037844388,-0.455906693508459,-0.8900275764346766,13116.0,7865.0,11360.0,7863.571428571428,8013.0,4002.5645052950217,8008.9,8146.5,3615.524050821536,14040.0,1,0,1,0,0,0,1,0,0,10396
853,1,2014-07-30,0.43388373911755823,-0.900968867902419,-0.4999999999999998,-0.8660254037844388,-0.47115950767386394,-0.8820480249558535,10396.0,8198.0,10478.0,8149.285714285715,8013.0,4100.597952912299,7934.666666666667,8146.5,3543.879194770392,14040.0,1,0,1,0,0,0,1,0,0,10198
853,1,2014-07-31,-0.433883739117558,-0.9009688679024191,-0.4999999999999998,-0.8660254037844388,-0.4862727071086902,-0.8738071036110807,10198.0,7848.0,10405.0,8810.857142857143,10198.0,4406.08172221727,7953.633333333333,8146.5,3567.33364625152,14040.0,1,0,1,0,0,0,1,0,0,12479
853,1,2014-08-01,-0.9749279121818236,-0.2225209339563146,-0.8660254037844384,-0.5000000000000004,-0.5012418134457756,-0.8653072543632061,12479.0,8013.0,10262.0,9415.42857142857,10396.0,4565.806823813389,8014.766666666666,8146.5,3626.1277407110233,14040.0,1,0,1,0,0,0,1,0,0,12245
853,1,2014-08-02,-0.7818314824680299,0.6234898018587334,-0.8660254037844384,-0.5000000000000004,-0.5160623910158526,-0.8565509959010037,12245.0,7474.0,7155.0,9493.857142857143,10396.0,4531.486269373854,7930.333333333333,8062.5,3594.265550926186,14040.0,0,0,1,0,0,0,1,0,0,8023
853,1,2014-08-03,-2.4492935982947064e-16,1.0,-0.8660254037844384,-0.5000000000000004,-0.5307300481619331,-0.8475409228928312,8023.0,0.0,0.0,9493.857142857143,10396.0,4531.486269373854,7640.366666666667,8026.5,3870.4028079002715,14040.0,0,0,1,0,0,0,1,0,0,0
853,1,2014-08-04,0.7818314824680298,0.6234898018587336,-0.8660254037844384,-0.5000000000000004,-0.5452404385406507,-0.8382797052177745,0.0,13116.0,8695.0,9638.714285714286,10396.0,4680.335163008649,7848.3,8062.5,4047.8834499202094,14040.0,1,0,1,0,0,0,1,0,0,14130
853,1,2014-08-05,0.9749279121818236,-0.22252093395631434,-0.8660254037844384,-0.5000000000000004,-0.5595892624101763,-0.828770087174504,14130.0,10396.0,7865.0,9802.714285714286,11544.0,4731.1306511335315,8233.1,8146.5,3818.2669236186207,14040.0,1,0,1,0,0,0,1,0,0,11544
853,1,2014-08-06,0.43388373911755823,-0.900968867902419,-0.8660254037844384,-0.5000000000000004,-0.5737722679043243,-0.8190148866680802,11544.0,10198.0,8198.0,9831.142857142857,11544.0,4734.498404568018,8309.833333333334,8280.0,3838.4733772446693,14040.0,1,0,1,0,0,0,1,0,0,10397
853,1,2014-08-07,-0.433883739117558,-0.9009688679024191,-0.8660254037844384,-0.5000000000000004,-0.5877852522924734,-0.8090169943749472,10397.0,12479.0,7848.0,9444.857142857143,10397.0,4590.576195808514,8386.533333333333,8528.5,3844.180857395737,14040.0,1,0,1,0,0,0,1,0,0,9775
853,1,2014-08-08,-0.9749279121818236,-0.2225209339563146,-0.8660254037844384,-0.5000000000000004,-0.6016240632249227,-0.7987793728863648,9775.0,12245.0,8013.0,9096.42857142857,9806.0,4432.458793083238,8479.666666666666,9235.0,3843.5768034056723,14040.0,1,0,1,0,0,0,1,0,0,9806
853,1,2014-08-09,-0.7818314824680299,0.6234898018587334,-0.8660254037844384,-0.5000000000000004,-0.6152845999633277,-0.7883050558305253,9806.0,8023.0,7474.0,8944.142857142857,9806.0,4493.378737229974,8432.833333333334,9235.0,3853.6067483935585,14040.0,0,0,1,0,0,0,1,0,0,6957
853,1,2014-08-10,-2.4492935982947064e-16,1.0,-0.8660254037844384,-0.5000000000000004,-0.6287628145958345,-0.7775971469736268,6957.0,0.0,0.0,8944.142857142857,9806.0,4493.378737229974,8165.166666666667,9235.0,4150.028268149121,14040.0,0,0,1,0,0,0,1,0,0,0
853,1,2014-08-11,0.7818314824680298,0.6234898018587336,-0.8660254037844384,-0.5000000000000004,-0.6420547132365636,-0.7666588193001592,0.0,14130.0,13116.0,8249.0,9775.0,3893.7844487507646,8245.866666666667,9519.5,4146.969144454474,14040.0,0,0,1,0,0,0,1,0,0,9264
853,1,2014-08-12,0.9749279121818236,-0.22252093395631434,-0.8660254037844384,-0.5000000000000004,-0.655156357209085,-0.7554933140726804,9264.0,11544.0,10396.0,7763.857142857143,9264.0,3616.5124742202174,8517.466666666667,9519.5,3844.0527440255782,14040.0,0,0,1,0,0,0,1,0,0,8148
853,1,2014-08-13,0.43388373911755823,-0.900968867902419,-0.8660254037844384,-0.5000000000000004,-0.6680638642135333,-0.7441039398713608,8148.0,10397.0,10198.0,7280.0,8148.0,3427.122456716903,8374.7,8979.5,3816.8542034435677,14040.0,0,0,1,0,0,0,1,0,0,7010
853,1,2014-08-14,-0.433883739117558,-0.9009688679024191,-0.8660254037844384,-0.5000000000000004,-0.6807734094770159,-0.7324940716135792,7010.0,9775.0,12479.0,6931.0,7332.0,3250.5405191547197,8240.433333333332,8446.5,3778.876339860042,14040.0,0,0,1,0,0,0,1,0,0,7332
853,1,2014-08-15,-0.9749279121818236,-0.2225209339563146,-0.8660254037844384,-0.5000000000000004,-0.6932812268869771,-0.7206671495538615,7332.0,9806.0,12245.0,6493.142857142857,7010.0,2995.1217242137445,8115.866666666667,8173.0,3764.1382924990253,14040.0,0,0,1,0,0,0,1,0,0,6741
853,1,2014-08-16,-0.7818314824680299,0.6234898018587334,-0.8660254037844384,-0.5000000000000004,-0.7055836101071774,-0.7086266782644601,6741.0,6957.0,8023.0,6462.428571428572,7010.0,2990.6712656270984,7993.766666666666,8085.5,3746.6928008148957,14040.0,0,0,1,0,0,0,1,0,0,6742
853,1,2014-08-17,-2.4492935982947064e-16,1.0,-0.8660254037844384,-0.5000000000000004,-0.7176769136759615,-0.6963762255968726,6742.0,0.0,0.0,6462.428571428572,7010.0,2990.671265627098,7651.7,8018.0,3992.832527987085,14040.0,0,0,1,0,0,0,1,0,0,0
853,1,2014-08-18,0.7818314824680298,0.6234898018587336,-0.8660254037844384,-0.5000000000000004,-0.7295575540864876,-0.6839194216246105,0.0,9264.0,14130.0,6852.285714285715,7010.0,3543.5195646083107,7812.966666666666,8085.5,4069.053109231573,14040.0,1,0,1,0,0,0,1,0,0,11993
853,1,2014-08-19,0.9749279121818236,-0.22252093395631434,-0.8660254037844384,-0.5000000000000004,-0.7412220108485957,-0.6712599575675315,11993.0,8148.0,11544.0,7252.857142857143,7010.0,3858.859176344365,8178.033333333334,8173.0,3828.0789949991927,14040.0,1,0,1,0,0,0,1,0,0,10952
853,1,2014-08-20,0.43388373911755823,-0.900968867902419,-0.8660254037844384,-0.5000000000000004,-0.7526668275320083,-0.6584015846980489,10952.0,7010.0,10397.0,7652.428571428572,7332.0,3972.6529698738586,8215.1,8173.0,3838.626436720518,14040.0,1,0,1,0,0,0,1,0,0,9807
853,1,2014-08-21,-0.433883739117558,-0.9009688679024191,-0.8660254037844384,-0.5000000000000004,-0.7638886127905429,-0.64534811322955,9807.0,7332.0,9775.0,7840.571428571428,8649.0,3986.11184226529,8241.233333333334,8423.5,3838.829497281093,14040.0,1,0,1,0,0,0,1,0,0,8649
853,1,2014-08-22,-0.9749279121818236,-0.2225209339563146,-0.8660254037844384,-0.5000000000000004,-0.7748840413670406,-0.6321034111873488,8649.0,6741.0,9806.0,8151.0,8914.0,3970.7924481980463,8265.1,8781.5,3840.77669363175,14040.0,1,0,1,0,0,0,1,0,0,8914
853,1,2014-08-23,-0.7818314824680299,0.6234898018587334,-0.8660254037844384,-0.5000000000000004,-0.7856498550787144,-0.6186714032625032,8914.0,6742.0,6957.0,8232.857142857143,8914.0,3942.711986631001,8247.333333333334,8781.5,3844.0040666429873,14040.0,0,0,1,0,0,0,1,0,0,7315
853,1,2014-08-24,-2.4492935982947064e-16,1.0,-0.8660254037844384,-0.5000000000000004,-0.7961828637826154,-0.6050560696488494,7315.0,0.0,0.0,8232.857142857143,8914.0,3942.711986631001,7980.233333333334,8781.5,4128.696769277648,14040.0,0,0,1,0,0,0,1,0,0,0
853,1,2014-08-25,0.7818314824680298,0.6234898018587336,-0.8660254037844384,-0.5000000000000004,-0.8064799463209447,-0.5912614448635782,0.0,11993.0,9264.0,7736.0,8649.0,3593.575934914965,8014.933333333333,8781.5,4128.6699614494155,14040.0,0,0,1,0,0,0,1,0,0,8515
853,1,2014-08-26,0.9749279121818236,-0.22252093395631434,-0.8660254037844384,-0.5000000000000004,-0.8165380514459157,-0.5772916165517278,8515.0,10952.0,8148.0,7259.142857142857,8515.0,3305.6317312817996,8268.733333333334,8781.5,3843.134101165381,14040.0,0,0,1,0,0,0,1,0,0,7614
853,1,2014-08-27,0.43388373911755823,-0.900968867902419,-0.8660254037844384,-0.5000000000000004,-0.8263541987239095,-0.5631507242749187,7614.0,9807.0,7010.0,6843.571428571428,7614.0,3108.942953113526,8061.466666666666,8582.0,3738.9600410415937,14040.0,0,0,1,0,0,0,1,0,0,6898
853,1,2014-08-28,-0.433883739117558,-0.9009688679024191,-0.8660254037844384,-0.5000000000000004,-0.8359254794186365,-0.5488429582847199,6898.0,8649.0,7332.0,6662.142857142857,7379.0,3021.860763865609,7960.9,8331.5,3714.496989661845,14040.0,0,0,1,0,0,0,1,0,0,7379
853,1,2014-08-29,-0.9749279121818236,-0.2225209339563146,-0.8660254037844384,-0.5000000000000004,-0.8452490573530634,-0.5343725582809785,7379.0,8914.0,6741.0,6620.142857142857,7379.0,2987.1907331455154,7908.3,8331.5,3692.8352919001763,14040.0,0,0,1,0,0,0,1,0,0,8620
853,1,2014-08-30,-0.7818314824680299,0.6234898018587334,-0.8660254037844384,-0.5000000000000004,-0.8543221697498269,-0.5197438121555157,8620.0,7315.0,6742.0,6511.285714285715,7379.0,2971.4918651683824,7710.766666666666,8085.5,3597.167944305665,14040.0,0,0,1,0,0,0,1,0,0,6553
853,1,2014-08-31,-2.4492935982947064e-16,1.0,-0.8660254037844384,-0.5000000000000004,-0.8631421280499115,-0.5049610547215202,6553.0,0.0,0.0,6511.285714285715,7379.0,2971.4918651683824,7302.6,7818.5,3756.133141850853,14040.0,0,0,1,0,0,0,1,0,0,0
853,1,2014-09-01,0.7818314824680298,0.6234898018587336,-1.0,-1.8369701987210297e-16,-0.8717063187093218,-0.4900286664290594,0.0,8515.0,11993.0,7274.0,7379.0,4058.0585259456234,7496.966666666666,7881.0,3941.013623188955,14040.0,1,0,1,0,0,0,1,0,0,13854
853,1,2014-09-02,0.9749279121818236,-0.22252093395631434,-1.0,-1.8369701987210297e-16,-0.8800122039735356,-0.4749510720670502,13854.0,7614.0,10952.0,7717.714285714285,7379.0,4265.914779359976,7854.3,8331.5,3717.4745056287898,14040.0,1,0,1,0,0,0,1,0,0,10720
853,1,2014-09-03,0.43388373911755823,-0.900968867902419,-1.0,-1.8369701987210297e-16,-0.888057322629493,-0.4597327394521046,10720.0,6898.0,9807.0,8155.714285714285,8620.0,4324.71836132272,7715.433333333333,8331.5,3548.9521978041444,14040.0,1,0,1,0,0,0,1,0,0,9964
853,1,2014-09-04,-0.433883739117558,-0.9009688679024191,-1.0,-1.8369701987210297e-16,-0.8958392907349089,-0.44437817810461344,9964.0,7379.0,8649.0,8368.57142857143,8869.0,4316.7786545502795,7626.266666666666,8331.5,3482.424155010747,14040.0,1,0,1,0,0,0,1,0,0,8869
853,1,2014-09-05,-0.9749279121818236,-0.2225209339563146,-1.0,-1.8369701987210297e-16,-0.9033558023246842,-0.4288919379124841,8869.0,8620.0,8914.0,8396.857142857143,8869.0,4319.348655703054,7573.633333333333,8331.5,3450.8930326784284,14040.0,1,0,1,0,0,0,1,0,0,8818
853,1,2014-09-06,-0.7818314824680299,0.6234898018587334,-1.0,-1.8369701987210297e-16,-0.9106046300942162,-0.41327860778290443,8818.0,6553.0,7315.0,8419.42857142857,8869.0,4308.50661897069,7471.5,7881.0,3428.764749424575,14040.0,0,0,1,0,0,0,1,0,0,6711
853,1,2014-09-07,-2.4492935982947064e-16,1.0,-1.0,-1.8369701987210297e-16,-0.9175836260593934,-0.3975428142825566,6711.0,0.0,0.0,8419.42857142857,8869.0,4308.50661897069,7144.633333333333,7496.5,3658.2668355698033,14040.0,0,0,1,0,0,0,1,0,0,0
853,1,2014-09-08,0.7818314824680298,0.6234898018587336,-1.0,-1.8369701987210297e-16,-0.9242907221930934,-0.3816892202666586,0.0,13854.0,8515.0,7619.428571428572,8818.0,3591.475456185232,7187.866666666667,7881.0,3663.6329504198857,14040.0,0,0,1,0,0,0,1,0,0,8254
853,1,2014-09-09,0.9749279121818236,-0.22252093395631434,-1.0,-1.8369701987210297e-16,-0.9307239310379793,-0.3657225234972692,8254.0,10720.0,7614.0,7181.285714285715,8254.0,3327.5610545005093,7442.966666666666,7900.5,3403.054545585466,14040.0,0,0,1,0,0,0,1,0,0,7653
853,1,2014-09-10,0.43388373911755823,-0.900968867902419,-1.0,-1.8369701987210297e-16,-0.9368813462954315,-0.34964745525122826,7653.0,9964.0,6898.0,6860.285714285715,7717.0,3116.0386023649553,7391.4,7685.0,3386.18789425106,14040.0,0,0,1,0,0,0,1,0,0,7717
853,1,2014-09-11,-0.433883739117558,-0.9009688679024191,-1.0,-1.8369701987210297e-16,-0.9427611433904206,-0.33346877891818705,7717.0,8869.0,7379.0,6773.0,7717.0,3058.417891655745,7395.066666666667,7685.0,3387.094848486486,14040.0,0,0,1,0,0,0,1,0,0,8258
853,1,2014-09-12,-0.9749279121818236,-0.2225209339563146,-1.0,-1.8369701987210297e-16,-0.9483615800121716,-0.31719128858910595,8258.0,8818.0,8620.0,6573.428571428572,7653.0,2946.257448421798,7408.766666666666,7685.0,3386.3147467959666,14040.0,0,0,1,0,0,0,1,0,0,7421
853,1,2014-09-13,-0.7818314824680299,0.6234898018587334,-1.0,-1.8369701987210297e-16,-0.9536809966304455,-0.300819807635668,7421.0,6711.0,6553.0,6635.142857142857,7653.0,2954.1333432199335,7402.466666666666,7685.0,3386.6382856988043,14040.0,0,0,1,0,0,0,1,0,0,7143
853,1,2014-09-14,-2.4492935982947064e-16,1.0,-1.0,-1.8369701987210297e-16,-0.9587178169872964,-0.2843591872810036,7143.0,0.0,0.0,6635.142857142857,7653.0,2954.1333432199335,7177.766666666666,7685.0,3645.7557722061865,14040.0,0,0,1,0,0,0,1,0,0,0
853,1,2014-09-15,0.7818314824680298,0.6234898018587336,-1.0,-1.8369701987210297e-16,-0.9634705485641486,-0.26781430516217486,0.0,8254.0,13854.0,7091.0,7653.0,3450.140335310044,7334.533333333334,7985.5,3726.5896097558484,14040.0,1,0,1,0,0,0,1,0,0,11445
853,1,2014-09-16,0.9749279121818236,-0.22252093395631434,-1.0,-1.8369701987210297e-16,-0.9679377830240642,-0.25119006388481957,11445.0,7653.0,10720.0,7423.857142857143,7717.0,3621.5345011275417,7667.3,8256.0,3487.08761150976,14040.0,1,0,1,0,0,0,1,0,0,9983
853,1,2014-09-17,0.43388373911755823,-0.900968867902419,-1.0,-1.8369701987210297e-16,-0.9721181966290612,-0.23449138957041052,9983.0,7717.0,9964.0,7641.142857142857,8258.0,3687.089250731139,7575.466666666666,8256.0,3404.540768397138,14040.0,1,0,1,0,0,0,1,0,0,9238
853,1,2014-09-18,-0.433883739117558,-0.9009688679024191,-1.0,-1.8369701987210297e-16,-0.9760105506323682,-0.21772323039653224,9238.0,8258.0,8869.0,7744.571428571428,8982.0,3717.3078456118737,7509.8,8256.0,3355.8185845503936,14040.0,1,0,1,0,0,0,1,0,0,8982
853,1,2014-09-19,-0.9749279121818236,-0.2225209339563146,-1.0,-1.8369701987210297e-16,-0.9796136916454901,-0.20089055513063528,8982.0,7421.0,8818.0,8039.857142857143,9238.0,3769.0572397073574,7499.166666666667,8256.0,3348.7866467941994,14040.0,1,0,1,0,0,0,1,0,0,9488
853,1,2014-09-20,-0.7818314824680299,0.6234898018587334,-1.0,-1.8369701987210297e-16,-0.9829265519799822,-0.18399835165767986,9488.0,7143.0,6711.0,8020.285714285715,9238.0,3774.841750073135,7444.4,7985.5,3342.7631725245237,14040.0,0,0,1,0,0,0,1,0,0,7006
853,1,2014-09-21,-2.4492935982947064e-16,1.0,-1.0,-1.8369701987210297e-16,-0.9859481499638303,-0.1670516255021195,7006.0,0.0,0.0,8020.285714285715,9238.0,3774.8417500731343,7147.266666666666,7685.0,3594.3376151878165,14040.0,0,0,1,0,0,0,1,0,0,0
853,1,2014-09-22,0.7818314824680298,0.6234898018587336,-1.0,-1.8369701987210297e-16,-0.9886775902323404,-0.15005539834465262,0.0,11445.0,8254.0,7558.0,8982.0,3471.492714476963,7177.066666666667,7963.0,3599.4785343908143,14040.0,0,0,1,0,0,0,1,0,0,8209
853,1,2014-09-23,0.9749279121818236,-0.22252093395631434,-1.0,-1.8369701987210297e-16,-0.9911140639934546,-0.13301470653419636,8209.0,9983.0,7653.0,7304.857142857143,8211.0,3326.779845865534,7450.766666666666,8210.0,3337.5734906885777,14040.0,0,0,1,0,0,0,1,0,0,8211
853,1,2014-09-24,0.43388373911755823,-0.900968867902419,-1.0,-1.8369701987210297e-16,-0.9932568492674143,-0.11593459959550066,8211.0,9238.0,7717.0,7021.285714285715,8209.0,3217.3369792571,7408.7,7963.0,3331.6452304198483,14040.0,0,0,1,0,0,0,1,0,0,7253
853,1,2014-09-25,-0.433883739117558,-0.9009688679024191,-1.0,-1.8369701987210297e-16,-0.9951053111006974,-0.09882013873287211,7253.0,8982.0,8258.0,6755.428571428572,7253.0,3103.17916859161,7392.266666666666,7963.0,3331.8135264015987,14040.0,0,0,1,0,0,0,1,0,0,7121
853,1,2014-09-26,-0.9749279121818236,-0.2225209339563146,-1.0,-1.8369701987210297e-16,-0.99665890175417,-0.08167639533042288,7121.0,9488.0,7421.0,6443.428571428572,7253.0,2884.7559606283708,7405.8,7963.0,3330.5609799820995,14040.0,0,0,1,0,0,0,1,0,0,7304
853,1,2014-09-27,-0.7818314824680299,0.6234898018587334,-1.0,-1.8369701987210297e-16,-0.9979171608653922,-0.06450844944931625,7304.0,7006.0,7143.0,6474.857142857143,7253.0,2893.092891040735,7400.7,7963.0,3330.7205718261957,14040.0,0,0,1,0,0,0,1,0,0,7226
853,1,2014-09-28,-2.4492935982947064e-16,1.0,-1.0,-1.8369701987210297e-16,-0.9988797155850335,-0.04732138832243232,7226.0,0.0,0.0,6474.857142857143,7253.0,2893.092891040735,7113.366666666667,7685.0,3584.0842670525126,14040.0,0,0,1,0,0,0,1,0,0,0
853,1,2014-09-29,0.7818314824680298,0.6234898018587336,-1.0,-1.8369701987210297e-16,-0.9995462806873573,-0.03012030484690836,0.0,8209.0,11445.0,6798.571428571428,7253.0,3226.976751137342,7244.1,7963.0,3634.119789553944,14040.0,1,0,1,0,0,0,1,0,0,10475
853,1,2014-09-30,0.9749279121818236,-0.22252093395631434,-1.0,-1.8369701987210297e-16,-0.9999166586547379,-0.012910296075008843,10475.0,8211.0,9983.0,7283.142857142857,7253.0,3695.13614672817,7630.866666666667,8210.0,3449.3044949454065,14040.0,1,0,1,0,0,0,1,0,0,11603
853,1,2014-10-01,0.43388373911755823,-0.900968867902419,-0.8660254037844386,0.5000000000000001,-0.9999907397361901,0.004303538296243821,11603.0,7253.0,9238.0,7766.428571428572,7304.0,3905.7644090558742,7523.6,8210.0,3295.7213495368683,14040.0,1,0,1,0,0,0,1,0,0,10636
853,1,2014-10-02,-0.433883739117558,-0.9009688679024191,-0.8660254037844386,0.5000000000000001,-0.9997685019798909,0.021516097436222233,10636.0,7121.0,8982.0,8340.142857142857,10475.0,4085.95380250321,7537.5,8210.0,3310.513490225577,14040.0,1,0,1,0,0,0,1,0,0,11137
853,1,2014-10-03,-0.9749279121818236,-0.2225209339563146,-0.8660254037844386,0.5000000000000001,-0.9992500112396835,0.03872228089217399,11137.0,7304.0,9488.0,7296.714285714285,10475.0,5180.6257573863795,7205.366666666667,7963.0,3549.8524251340223,14040.0,1,0,1,0,0,0,1,0,0,0
853,1,2014-10-04,-0.7818314824680299,0.6234898018587334,-0.8660254037844386,0.5000000000000001,-0.9984354211555643,0.05591699010060302,0.0,7226.0,7006.0,7731.142857142857,10475.0,5299.839602244937,7251.966666666666,7963.0,3581.4796160567353,14040.0,0,0,1,0,0,0,1,0,0,10267
853,1,2014-10-05,-2.4492935982947064e-16,1.0,-0.8660254037844386,0.5000000000000001,-0.9973249731081555,0.07309512989807776,10267.0,0.0,0.0,7731.142857142857,10475.0,5299.839602244937,6958.033333333334,7685.0,3803.4899897724017,14040.0,0,0,1,0,0,0,1,0,0,0
853,1,2014-10-06,0.7818314824680298,0.6234898018587336,-0.8660254037844386,0.5000000000000001,-0.9959189961471792,0.0902516100310407,0.0,10475.0,8209.0,8014.0,10636.0,5518.994715223655,7149.5,7963.0,3932.996486404352,14040.0,1,0,1,0,0,0,1,0,0,12455
853,1,2014-10-07,0.9749279121818236,-0.22252093395631434,-0.8660254037844386,0.5000000000000001,-0.994217906893952,0.10738134666416306,12455.0,11603.0,8211.0,7816.714285714285,10267.0,5392.552077148803,7490.233333333334,8210.0,3729.783710871861,14040.0,1,0,1,0,0,0,1,0,0,10222
853,1,2014-10-08,0.43388373911755823,-0.900968867902419,-0.8660254037844386,0.5000000000000001,-0.9922222094179324,0.12447926388678869,10222.0,10636.0,7253.0,7750.428571428572,10222.0,5354.841263042343,7554.166666666667,8210.0,3759.646068112167,14040.0,1,0,1,0,0,0,1,0,0,10172
853,1,2014-10-09,-0.433883739117558,-0.9009688679024191,-0.8660254037844386,0.5000000000000001,-0.989932495087353,0.141540295217043,10172.0,11137.0,7121.0,7484.142857142857,10172.0,5202.546665770886,7608.166666666667,8234.5,3772.7258880598247,14040.0,1,0,1,0,0,0,1,0,0,9273
853,1,2014-10-10,-0.9749279121818236,-0.2225209339563146,-0.8660254037844386,0.5000000000000001,-0.9873494423939864,0.15855938510313475,9273.0,0.0,7304.0,8740.285714285714,10172.0,4021.9066670044954,7644.033333333334,8525.5,3778.905839482928,14040.0,1,0,1,0,0,0,1,0,0,8793
853,1,2014-10-11,-0.7818314824680299,0.6234898018587334,-0.8660254037844386,0.5000000000000001,-0.9844738167520923,0.17553149042142777,8793.0,10267.0,7226.0,8396.57142857143,9273.0,3972.1889371454777,7630.8,8502.0,3777.3764696020785,14040.0,0,0,1,0,0,0,1,0,0,7861
853,1,2014-10-12,-2.4492935982947064e-16,1.0,-0.8660254037844386,0.5000000000000001,-0.9813064702716093,0.19245158197082995,7861.0,0.0,0.0,8396.57142857143,9273.0,3972.1889371454777,7383.433333333333,8502.0,4026.3699804588555,14040.0,0,0,1,0,0,0,1,0,0,0
853,1,2014-10-13,0.7818314824680298,0.6234898018587336,-0.8660254037844386,0.5000000000000001,-0.9778483415056568,0.20931464596304888,0.0,12455.0,10475.0,7667.571428571428,8793.0,3548.941384748544,7390.4,8502.0,4026.1204274775164,14040.0,0,0,1,0,0,0,1,0,0,7352
853,1,2014-10-14,0.9749279121818236,-0.22252093395631434,-0.8660254037844386,0.5000000000000001,-0.9741004551724206,0.22611568550828803,7352.0,10222.0,11603.0,7338.857142857143,7921.0,3375.2199646132353,7654.433333333333,8502.0,3776.7521230351604,14040.0,0,0,1,0,0,0,1,0,0,7921
853,1,2014-10-15,0.43388373911755823,-0.900968867902419,-0.8660254037844386,0.5000000000000001,-0.970063921851507,0.2428497220959358,7921.0,10172.0,10636.0,6889.571428571428,7861.0,3136.085981875216,7507.166666666667,8210.0,3709.384623035095,14040.0,0,0,1,0,0,0,1,0,0,7027
853,1,2014-10-16,-0.433883739117558,-0.9009688679024191,-0.8660254037844386,0.5000000000000001,-0.965739937654855,0.25951179706979943,7027.0,9273.0,11137.0,6588.0,7352.0,2965.554473169104,7413.133333333333,8065.0,3680.098459452462,14040.0,0,0,1,0,0,0,1,0,0,7162
853,1,2014-10-17,-0.9749279121818236,-0.2225209339563146,-0.8660254037844386,0.5000000000000001,-0.9611297838723007,0.27609697309746883,7162.0,8793.0,0.0,6367.0,7246.0,2828.3131604073264,7346.733333333334,7891.0,3663.9725090571374,14040.0,0,0,1,0,0,0,1,0,0,7246
853,1,2014-10-18,-0.7818314824680299,0.6234898018587334,-0.8660254037844386,0.5000000000000001,-0.9562348265919058,0.2926003356333479,7246.0,7861.0,10267.0,6271.714285714285,7194.0,2780.4217134747473,7287.133333333333,7606.5,3650.9743974143025,14040.0,0,0,1,0,0,0,1,0,0,7194
853,1,2014-10-19,-2.4492935982947064e-16,1.0,-0.8660254037844386,0.5000000000000001,-0.9510565162951536,0.30901699437494723,7194.0,0.0,0.0,6271.714285714285,7194.0,2780.421713474747,6970.866666666667,7328.0,3858.785620420994,14040.0,0,0,1,0,0,0,1,0,0,0
853,1,2014-10-20,0.7818314824680298,0.6234898018587336,-0.8660254037844386,0.5000000000000001,-0.9455963874271428,0.3253420847119795,0.0,7352.0,12455.0,6596.857142857143,7194.0,3048.007022551582,7058.266666666666,7606.5,3889.182734229636,14040.0,1,0,1,0,0,0,1,0,0,9628
853,1,2014-10-21,0.9749279121818236,-0.22252093395631434,-0.8660254037844386,0.5000000000000001,-0.9398560579418953,0.341570769167856,9628.0,7921.0,10222.0,6822.714285714285,7194.0,3216.4033077484532,7375.0,7891.0,3675.5934636932916,14040.0,1,0,1,0,0,0,1,0,0,9502
853,1,2014-10-22,0.43388373911755823,-0.900968867902419,-0.8660254037844386,0.5000000000000001,-0.9338372288229252,0.35769823883312546,9502.0,7027.0,10172.0,6948.0,7246.0,3242.660224774296,7364.833333333333,7882.5,3673.6283678479904,14040.0,1,0,1,0,0,0,1,0,0,7904
853,1,2014-10-23,-0.433883739117558,-0.9009688679024191,-0.8660254037844386,0.5000000000000001,-0.9275416835791965,0.3737197147904692,7904.0,7162.0,9273.0,7214.571428571428,7904.0,3338.46905318105,7392.066666666667,7882.5,3683.133466673907,14040.0,1,0,1,0,0,0,1,0,0,9028
853,1,2014-10-24,-0.9749279121818236,-0.2225209339563146,-0.8660254037844386,0.5000000000000001,-0.9209712877166346,0.38963044953078774,9028.0,7246.0,8793.0,7397.571428571428,8527.0,3375.3842179887583,7434.533333333334,7912.5,3688.814983380057,14040.0,1,0,1,0,0,0,1,0,0,8527
853,1,2014-10-25,-0.7818314824680299,0.6234898018587334,-0.8660254037844386,0.5000000000000001,-0.9141279881853337,0.4054257283599973,8527.0,7194.0,7861.0,7388.857142857143,8527.0,3376.076047157474,7434.933333333333,7912.5,3688.780463208287,14040.0,0,0,1,0,0,0,1,0,0,7133
853,1,2014-10-26,-2.4492935982947064e-16,1.0,-0.8660254037844386,0.5000000000000001,-0.9070138128026362,0.42110087079608916,7133.0,0.0,0.0,7388.857142857143,8527.0,3376.0760471574745,7191.466666666666,7912.5,3930.8187594367982,14040.0,0,0,1,0,0,0,1,0,0,0
853,1,2014-10-27,0.7818314824680298,0.6234898018587336,-0.8660254037844386,0.5000000000000001,-0.8996308696522434,0.4366512319560638,0.0,9628.0,7352.0,7117.285714285715,7904.0,3239.6414263662778,7208.166666666667,7912.5,3932.0345885746156,14040.0,0,0,1,0,0,0,1,0,0,7727
853,1,2014-10-28,0.9749279121818236,-0.22252093395631434,-0.8660254037844386,0.5000000000000001,-0.8919813464595487,0.45207220393230374,7727.0,9502.0,7921.0,6915.857142857143,7904.0,3107.808736530789,7477.9,8006.5,3690.6536039213906,14040.0,0,0,1,0,0,0,1,0,0,8092
853,1,2014-10-29,0.43388373911755823,-0.900968867902419,-0.8660254037844386,0.5000000000000001,-0.8840675099433637,0.46735921715800205,8092.0,7904.0,7027.0,6922.285714285715,7949.0,3110.238989439321,7393.7,7935.0,3648.492529043026,14040.0,0,0,1,0,0,0,1,0,0,7949
853,1,2014-10-30,-0.433883739117558,-0.9009688679024191,-0.8660254037844386,0.5000000000000001,-0.8758917051442433,0.48250774176121763,7949.0,9028.0,7162.0,6828.571428571428,7949.0,3045.4250309353492,7286.0,7935.0,3566.7251472270873,14040.0,0,0,1,0,0,0,1,0,0,8372
853,1,2014-10-31,-0.9749279121818236,-0.2225209339563146,-0.8660254037844386,0.5000000000000001,-0.867456354729597,0.4975132889071803,8372.0,8527.0,7246.0,7086.142857142857,7949.0,3280.20890740063,7275.8,7935.0,3557.2395089644933,14040.0,0,0,1,0,0,0,1,0,0,10330
853,1,2014-11-01,-0.7818314824680299,0.6234898018587334,-0.5000000000000004,0.8660254037844384,-0.858763958275803,0.5123714121284235,10330.0,7133.0,7194.0,6067.142857142857,7949.0,4232.834370669819,6904.566666666667,7912.5,3717.8906207439873,14040.0,0,0,1,0,0,0,1,0,0,0
853,1,2014-11-02,-2.4492935982947064e-16,1.0,-0.5000000000000004,0.8660254037844384,-0.8498170915275277,0.5270777086423724,0.0,0.0,0.0,6067.142857142857,7949.0,4232.834370669819,6904.566666666667,7912.5,3717.8906207439873,14040.0,0,0,1,0,0,0,1,0,0,0
853,1,2014-11-03,0.7818314824680298,0.6234898018587336,-0.5000000000000004,0.8660254037844384,-0.8406184056344783,0.5416278206559811,0.0,7727.0,9628.0,7033.0,8092.0,5309.219496938003,7045.266666666666,7912.5,3923.699951034374,14040.0,1,0,1,0,0,0,1,0,0,14488
853,1,2014-11-04,0.9749279121818236,-0.22252093395631434,-0.5000000000000004,0.8660254037844384,-0.8311706263658079,0.5560174366570446,14488.0,8092.0,9502.0,7570.428571428572,8372.0,5615.835107299797,7440.4,7935.0,3784.1385900843457,14040.0,1,0,1,0,0,0,1,0,0,11854
853,1,2014-11-05,0.43388373911755823,-0.900968867902419,-0.5000000000000004,0.8660254037844384,-0.8214765533024145,0.5702422926917867,11854.0,7949.0,7904.0,7651.142857142857,8514.0,5626.23365519573,7309.033333333334,7935.0,3670.761120768709,14040.0,1,0,1,0,0,0,1,0,0,8514
853,1,2014-11-06,-0.433883739117558,-0.9009688679024191,-0.5000000000000004,0.8660254037844384,-0.8115390590073611,0.5842981736283683,8514.0,8372.0,9028.0,7876.285714285715,9948.0,5691.047405480694,7299.9,7935.0,3663.5972368415614,14040.0,1,0,1,0,0,0,1,0,0,9948
853,1,2014-11-07,-0.9749279121818236,-0.2225209339563146,-0.5000000000000004,0.8660254037844384,-0.8013610881746769,0.5981809144059159,9948.0,10330.0,8527.0,7800.285714285715,9798.0,5656.264424343615,7287.433333333333,7935.0,3654.110955446299,14040.0,1,0,1,0,0,0,1,0,0,9798
853,1,2014-11-08,-0.7818314824680299,0.6234898018587334,-0.5000000000000004,0.8660254037844384,-0.7909456567567774,0.6118864012687242,9798.0,0.0,7133.0,9129.57142857143,9798.0,4490.929148745012,7288.5,7935.0,3654.7151665042084,14040.0,0,0,1,0,0,0,1,0,0,9305
853,1,2014-11-09,-2.4492935982947064e-16,1.0,-0.5000000000000004,0.8660254037844384,-0.780295851070776,0.6254105729852457,9305.0,0.0,0.0,9129.57142857143,9798.0,4490.929148745012,6995.4,7912.5,3875.799491272961,14040.0,0,0,1,0,0,0,1,0,0,0
853,1,2014-11-10,0.7818314824680298,0.6234898018587336,-0.5000000000000004,0.8660254037844384,-0.7694148268839381,0.6387494220515268,0.0,14488.0,7727.0,8566.42857142857,9798.0,3917.57305216477,7084.9,7935.0,3927.138199494774,14040.0,1,0,1,0,0,0,1,0,0,10546
853,1,2014-11-11,0.9749279121818236,-0.22252093395631434,-0.5000000000000004,0.8660254037844384,-0.7583058084785625,0.6518989958787125,10546.0,11854.0,8092.0,8379.142857142857,9798.0,3762.4781030845147,7436.333333333333,8020.5,3738.465039367726,14040.0,1,0,1,0,0,0,1,0,0,10543
853,1,2014-11-12,0.43388373911755823,-0.900968867902419,-0.5000000000000004,0.8660254037844384,-0.7469720876965551,0.6648553979642867,10543.0,8514.0,7949.0,8495.57142857143,9798.0,3779.9162626149437,7502.233333333334,8232.0,3754.3184117468822,14040.0,1,0,1,0,0,0,1,0,0,9329
853,1,2014-11-13,-0.433883739117558,-0.9009688679024191,-0.5000000000000004,0.8660254037844384,-0.7354170229639858,0.6776147890466887,9329.0,9948.0,8372.0,8449.285714285714,9624.0,3761.1037260484068,7559.0,8443.0,3773.6936538494315,14040.0,1,0,1,0,0,0,1,0,0,9624
853,1,2014-11-14,-0.9749279121818236,-0.2225209339563146,-0.5000000000000004,0.8660254037844384,-0.7236440382959123,0.690173388242972,9624.0,9798.0,10330.0,8485.0,9624.0,3777.1977267104567,7659.7,8520.5,3799.2287434198547,14040.0,1,0,1,0,0,0,1,0,0,10048
853,1,2014-11-15,-0.7818314824680299,0.6234898018587334,-0.5000000000000004,0.8660254037844384,-0.7116566222817751,0.7025274741691566,10048.0,9305.0,0.0,8406.714285714286,9624.0,3763.0222656036126,7712.866666666667,8642.0,3803.181941238276,14040.0,0,0,1,0,0,0,1,0,0,8757
853,1,2014-11-16,-2.4492935982947064e-16,1.0,-0.5000000000000004,0.8660254037844384,-0.6994583270516471,0.7146733860429608,8757.0,0.0,0.0,8406.714285714286,9624.0,3763.0222656036126,7471.333333333333,8642.0,4055.569991261772,14040.0,0,0,1,0,0,0,1,0,0,0
853,1,2014-11-17,0.7818314824680298,0.6234898018587336,-0.5000000000000004,0.8660254037844384,-0.6870527672236675,0.726607524768565,0.0,10546.0,14488.0,8085.0,9329.0,3644.028905849491,7508.0,8642.0,4057.9480291024643,14040.0,0,0,1,0,0,0,1,0,0,8294
853,1,2014-11-18,0.9749279121818236,-0.22252093395631434,-0.5000000000000004,0.8660254037844384,-0.6744436188329457,0.7383263540031063,8294.0,10543.0,11854.0,7798.142857142857,8757.0,3494.2430476700447,7792.5,8646.0,3804.705713845098,14040.0,0,0,1,0,0,0,1,0,0,8535
853,1,2014-11-19,0.43388373911755823,-0.900968867902419,-0.5000000000000004,0.8660254037844384,-0.661634618242279,0.749826401204568,8535.0,9329.0,8514.0,7617.714285714285,8535.0,3434.1119528579534,7740.433333333333,8531.0,3789.3780554500577,14040.0,0,0,1,0,0,0,1,0,0,8066
853,1,2014-11-20,-0.433883739117558,-0.9009688679024191,-0.5000000000000004,0.8660254037844384,-0.6486295610349818,0.7611042586607742,8066.0,9624.0,9948.0,7302.714285714285,8294.0,3318.596074360642,7671.0,8520.5,3775.044041761818,14040.0,0,0,1,0,0,0,1,0,0,7419
853,1,2014-11-21,-0.9749279121818236,-0.2225209339563146,-0.5000000000000004,0.8660254037844384,-0.6354323008901775,0.7721565844991641,7419.0,10048.0,9798.0,7075.571428571428,8294.0,3149.4818016695344,7689.466666666666,8520.5,3777.57729999947,14040.0,0,0,1,0,0,0,1,0,0,8458
853,1,2014-11-22,-0.7818314824680299,0.6234898018587334,-0.5000000000000004,0.8660254037844384,-0.622046748440868,0.7829801036770625,8458.0,8757.0,9305.0,6995.714285714285,8198.0,3106.536587814238,7661.8,8486.0,3770.468683937283,14040.0,0,0,1,0,0,0,1,0,0,8198
853,1,2014-11-23,-2.4492935982947064e-16,1.0,-0.5000000000000004,0.8660254037844384,-0.6084768701151264,0.7935716089521472,8198.0,0.0,0.0,6995.714285714285,8198.0,3106.536587814238,7377.566666666667,8415.0,4016.378276621808,14040.0,0,0,1,0,0,0,1,0,0,0
853,1,2014-11-24,0.7818314824680298,0.6234898018587336,-0.5000000000000004,0.8660254037844384,-0.594726686960764,0.8039279618328208,0.0,8294.0,10546.0,7634.571428571428,8198.0,3800.3749752334857,7565.333333333333,8486.0,4134.485960904882,14040.0,1,0,1,0,0,0,1,0,0,12766
853,1,2014-11-25,0.9749279121818236,-0.22252093395631434,-0.5000000000000004,0.8660254037844384,-0.5808002734538014,0.8140460935082175,12766.0,8535.0,10543.0,8046.571428571428,8198.0,4061.6092811077883,7945.966666666666,8524.5,3934.7929751730635,14040.0,1,0,1,0,0,0,1,0,0,11419
853,1,2014-11-26,0.43388373911755823,-0.900968867902419,-0.5000000000000004,0.8660254037844384,-0.5667017562911184,0.8239230057575536,11419.0,8066.0,9329.0,8295.57142857143,8458.0,4116.061825626642,8015.366666666667,8646.0,3949.1323052498306,14040.0,1,0,1,0,0,0,1,0,0,9809
853,1,2014-11-27,-0.433883739117558,-0.9009688679024191,-0.5000000000000004,0.8660254037844384,-0.5524353131676203,0.8335557718385695,9809.0,7419.0,9624.0,8797.857142857143,9809.0,4204.837667440182,8110.133333333333,9031.0,3984.9834398767557,14040.0,1,0,1,0,0,0,1,0,0,10935
853,1,2014-11-28,-0.9749279121818236,-0.2225209339563146,-0.5000000000000004,0.8660254037844384,-0.5380051715382992,0.8429415373547832,10935.0,8458.0,10048.0,9305.0,10935.0,4367.934599632491,8245.433333333332,9317.0,4047.736342130293,14040.0,1,0,1,0,0,0,1,0,0,12008
853,1,2014-11-29,-0.7818314824680299,0.6234898018587334,-0.5000000000000004,0.8660254037844384,-0.5234156073655503,0.8520775211013093,12008.0,8198.0,8757.0,9535.57142857143,10935.0,4342.283840605188,8293.433333333332,9476.5,4057.8145441496795,14040.0,0,0,1,0,0,0,1,0,0,9812
853,1,2014-11-30,-2.4492935982947064e-16,1.0,-0.5000000000000004,0.8660254037844384,-0.5086709438521042,0.8609610158889945,9812.0,0.0,0.0,9535.57142857143,10935.0,4342.283840605188,7949.1,9317.0,4309.517841259966,14040.0,0,0,1,0,0,0,1,0,0,0
853,1,2014-12-01,0.7818314824680298,0.6234898018587336,-2.4492935982947064e-16,1.0,-0.4937755501599774,0.8695893893466109,0.0,12766.0,8294.0,9600.42857142857,10935.0,4401.561725007115,8389.766666666666,9476.5,4141.276495555894,14040.0,1,0,1,0,0,0,1,0,0,13220
853,1,2014-12-02,0.9749279121818236,-0.22252093395631434,-2.4492935982947064e-16,1.0,-0.4787338401157883,0.8779600847008883,13220.0,11419.0,8535.0,9754.857142857143,10935.0,4493.993191975685,8806.433333333332,9711.0,3889.2090294445056,14040.0,1,0,1,0,0,0,1,0,0,12500
853,1,2014-12-03,0.43388373911755823,-0.900968867902419,-2.4492935982947064e-16,1.0,-0.4635502709028512,0.8860706215341377,12500.0,9809.0,8066.0,9966.714285714286,11292.0,4531.768261002383,8699.9,9711.0,3770.1633583010553,14040.0,1,0,1,0,0,0,1,0,0,11292
853,1,2014-12-04,-0.433883739117558,-0.9009688679024191,-2.4492935982947064e-16,1.0,-0.4482293417404106,0.893918596519257,11292.0,10935.0,7419.0,9961.42857142857,11292.0,4530.472045204666,8668.033333333333,9711.0,3746.5508412067697,14040.0,1,0,1,0,0,0,1,0,0,10898
853,1,2014-12-05,-0.9749279121818236,-0.2225209339563146,-2.4492935982947064e-16,1.0,-0.4327755925504317,0.9015016841318838,10898.0,12008.0,8458.0,10029.57142857143,11292.0,4569.801522208699,8800.4,9803.5,3810.523238575533,14040.0,1,0,1,0,0,0,1,0,0,12485
853,1,2014-12-06,-0.7818314824680299,0.6234898018587334,-2.4492935982947064e-16,1.0,-0.41719360261231697,0.9088176373395028,12485.0,9812.0,8198.0,9847.42857142857,11292.0,4605.191196072205,8753.366666666667,9711.0,3804.5733050282215,14040.0,0,0,1,0,0,0,1,0,0,8537
853,1,2014-12-07,-2.4492935982947064e-16,1.0,-2.4492935982947064e-16,1.0,-0.4014879892059737,0.9158642882672868,8537.0,0.0,0.0,9847.42857142857,11292.0,4605.191196072205,8426.766666666666,9476.5,4119.335003943315,14040.0,0,0,1,0,0,0,1,0,0,0
853,1,2014-12-08,0.7818314824680298,0.6234898018587336,-2.4492935982947064e-16,1.0,-0.38566340624360745,0.9226395488404875,0.0,13220.0,12766.0,9172.857142857143,10898.0,4368.602157386707,8399.866666666667,9476.5,4116.035829184006,14040.0,0,0,1,0,0,0,1,0,0,8498
853,1,2014-12-09,0.9749279121818236,-0.22252093395631434,-2.4492935982947064e-16,1.0,-0.3697245428906732,0.9291414114031743,8498.0,12500.0,11419.0,8743.285714285714,9493.0,4128.135160670237,8716.3,9558.5,3800.835009437472,14040.0,0,0,1,0,0,0,1,0,0,9493
853,1,2014-12-10,0.43388373911755823,-0.900968867902419,-2.4492935982947064e-16,1.0,-0.3536761221763721,0.935367949313148,9493.0,11292.0,9809.0,8381.142857142857,8757.0,3975.659502043712,8656.666666666666,9411.0,3785.139849221023,14040.0,0,0,1,0,0,0,1,0,0,8757
853,1,2014-12-11,-0.433883739117558,-0.9009688679024191,-2.4492935982947064e-16,1.0,-0.33752289959411347,0.941317317512847,8757.0,10898.0,10935.0,8072.857142857143,8740.0,3828.928023549644,8596.566666666668,9043.0,3768.433120682587,14040.0,0,0,1,0,0,0,1,0,0,8740
853,1,2014-12-12,-0.9749279121818236,-0.2225209339563146,-2.4492935982947064e-16,1.0,-0.32126966169236515,0.946987753076075,8740.0,12485.0,12008.0,7746.0,8740.0,3470.381054965959,8625.5,9125.0,3777.571613232961,14040.0,0,0,1,0,0,0,1,0,0,10197
853,1,2014-12-13,-0.7818314824680299,0.6234898018587334,-2.4492935982947064e-16,1.0,-0.3049212246562894,0.9523775757303973,10197.0,8537.0,9812.0,7988.714285714285,8757.0,3592.1979211566113,8645.9,9125.0,3784.7953285891663,14040.0,0,0,1,0,0,0,1,0,0,10236
853,1,2014-12-14,-2.4492935982947064e-16,1.0,-2.4492935982947064e-16,1.0,-0.2884824328806098,0.9574851883550389,10236.0,0.0,0.0,7988.714285714285,8757.0,3592.1979211566113,8310.966666666667,8757.0,4088.8236524603954,14040.0,0,0,1,0,0,0,1,0,0,0
853,1,2014-12-15,0.7818314824680298,0.6234898018587336,-2.4492935982947064e-16,1.0,-0.27195815753410524,0.9623090774541487,0.0,8498.0,13220.0,9160.57142857143,9493.0,4889.702133298197,8575.766666666666,9125.0,4366.510598377971,14040.0,1,0,1,0,0,0,1,0,0,16701
853,1,2014-12-16,0.9749279121818236,-0.22252093395631434,-2.4492935982947064e-16,1.0,-0.2553532951161881,0.9668478136052773,16701.0,9493.0,12500.0,10137.42857142857,10197.0,5598.808053420621,9120.133333333333,9651.0,4277.591360062131,14040.0,1,0,1,0,0,0,1,0,0,16331
853,1,2014-12-17,0.43388373911755823,-0.900968867902419,-2.4492935982947064e-16,1.0,-0.23867276600594997,0.9711000518829505,16331.0,8757.0,11292.0,10891.42857142857,10236.0,5735.6455276671,9311.5,9810.5,4366.84463333929,14040.0,1,0,1,0,0,0,1,0,0,14035
853,1,2014-12-18,-0.433883739117558,-0.9009688679024191,-2.4492935982947064e-16,1.0,-0.22192151300416674,0.9750645322571945,14035.0,8740.0,10898.0,11836.57142857143,14035.0,5865.669409287198,9538.866666666667,10004.5,4500.547052827319,14040.0,1,0,1,0,0,0,1,0,0,15356
853,1,2014-12-19,-0.9749279121818236,-0.2225209339563146,-2.4492935982947064e-16,1.0,-0.20510449986861926,0.9787400799669153,15356.0,10197.0,12485.0,12513.857142857143,14938.0,5918.2784498132405,9767.933333333332,10216.5,4596.850300483745,14040.0,1,0,1,0,0,0,1,0,0,14938
853,1,2014-12-20,-0.7818314824680299,0.6234898018587334,-2.4492935982947064e-16,1.0,-0.1882267098432439,0.9821256058680006,14938.0,10236.0,8537.0,12862.142857142857,14938.0,5833.0096699323085,9943.1,10567.0,4604.372669464362,14040.0,0,0,1,0,0,0,1,0,0,12674
853,1,2014-12-21,-2.4492935982947064e-16,1.0,-2.4492935982947064e-16,1.0,-0.1712931441814778,0.9852201067560606,12674.0,0.0,0.0,12862.142857142857,14938.0,5833.0096699323085,9661.166666666666,10567.0,4944.806771325565,14040.0,0,0,1,0,0,0,1,0,0,0
853,1,2014-12-22,0.7818314824680298,0.6234898018587336,-2.4492935982947064e-16,1.0,-0.154308820664281,0.9880226656636976,0.0,16701.0,8498.0,13032.57142857143,14938.0,5979.45721776213,9984.366666666667,10916.5,5158.144704441128,14040.0,0,0,1,0,0,0,1,0,0,17894
853,1,2014-12-23,0.9749279121818236,-0.22252093395631434,-2.4492935982947064e-16,1.0,-0.13727877211326517,0.9905324521322227,17894.0,16331.0,9493.0,13119.285714285714,14938.0,6039.3647214003595,10548.966666666667,11113.5,4950.407475275586,14040.0,0,0,1,0,0,0,1,0,0,16938
853,1,2014-12-24,0.43388373911755823,-0.900968867902419,-2.4492935982947064e-16,1.0,-0.12020804489935275,0.9927487224577402,16938.0,14035.0,8757.0,12122.285714285714,14938.0,6426.6424026414115,10358.633333333333,10916.5,4971.949825552962,14040.0,0,0,1,0,0,0,1,0,0,7056
853,1,2014-12-25,-0.433883739117558,-0.9009688679024191,-2.4492935982947064e-16,1.0,-0.10310169744743544,0.9946708199115211,7056.0,15356.0,8740.0,9928.57142857143,12674.0,7644.351092084115,9978.0,10567.0,5313.34923273123,14040.0,0,0,1,0,0,0,1,0,0,0
853,1,2014-12-26,-0.9749279121818236,-0.2225209339563146,-2.4492935982947064e-16,1.0,-0.0859647987374467,0.9962981749346077,0.0,14938.0,10197.0,7794.571428571428,7056.0,8085.182802657026,9651.033333333333,10567.0,5617.225443980843,14040.0,0,0,1,0,0,0,1,0,0,0
853,1,2014-12-27,-0.7818314824680299,0.6234898018587334,-2.4492935982947064e-16,1.0,-0.06880242680232064,0.9976303053065857,0.0,12674.0,10236.0,6969.0,6895.0,7793.699528037586,9516.366666666667,10216.5,5633.785170174507,14040.0,0,0,1,0,0,0,1,0,0,6895
853,1,2014-12-28,-2.4492935982947064e-16,1.0,-2.4492935982947064e-16,1.0,-0.05161966722325418,0.9986668162884759,6895.0,0.0,0.0,6969.0,6895.0,7793.699528037586,9116.1,10004.5,5872.18199679202,14040.0,0,0,1,0,0,0,1,0,0,0
853,1,2014-12-29,0.7818314824680298,0.6234898018587336,-2.4492935982947064e-16,1.0,-0.034421611622745804,0.9994074007397048,0.0,17894.0,16701.0,5943.285714285715,6895.0,6477.593244260956,9146.166666666666,10216.5,5878.174148159613,14040.0,0,0,1,0,0,0,1,0,0,10714
853,1,2014-12-30,0.9749279121818236,-0.22252093395631434,-2.4492935982947064e-16,1.0,-0.01721335615583528,0.9998518392091162,10714.0,16938.0,16331.0,4697.428571428572,6895.0,4567.570464960655,9420.066666666668,10216.5,5623.213456877591,14040.0,0,0,1,0,0,0,1,0,0,8217
853,1,2014-12-31,0.43388373911755823,-0.900968867902419,-2.4492935982947064e-16,1.0,6.432490598706546e-16,1.0,8217.0,7056.0,14035.0,4360.857142857143,4700.0,4450.100838878869,9136.066666666668,9845.0,5639.806837810682,14040.0,0,0,1,0,0,0,1,0,0,4700
853,1,2015-01-01,-0.433883739117558,-0.9009688679024191,0.49999999999999994,0.8660254037844387,0.017213356155834685,0.9998518392091162,4700.0,0.0,15356.0,4360.857142857143,4700.0,4450.100838878869,8719.4,9125.0,5840.874247269309,14040.0,0,0,1,0,0,0,1,0,0,0
853,1,2015-01-02,-0.9749279121818236,-0.2225209339563146,0.49999999999999994,0.8660254037844387,0.03442161162274574,0.9994074007397048,0.0,0.0,14938.0,5903.0,6895.0,4556.205877701309,8702.833333333334,9125.0,5834.026698858048,14040.0,0,0,1,0,0,0,1,0,0,10795
853,1,2015-01-03,-0.7818314824680299,0.6234898018587334,0.49999999999999994,0.8660254037844387,0.051619667223253764,0.998666816288476,10795.0,6895.0,12674.0,6022.714285714285,7733.0,4597.437464294125,8597.333333333334,8748.5,5821.565350181754,14040.0,0,0,1,0,0,0,1,0,0,7733
853,1,2015-01-04,-2.4492935982947064e-16,1.0,0.49999999999999994,0.8660254037844387,0.06880242680231986,0.9976303053065857,7733.0,0.0,0.0,6022.714285714285,7733.0,4597.437464294125,8181.166666666667,8638.5,5978.214524613422,14040.0,0,0,1,0,0,0,1,0,0,0
853,1,2015-01-05,0.7818314824680298,0.6234898018587336,0.49999999999999994,0.8660254037844387,0.08596479873744647,0.9962981749346078,0.0,10714.0,17894.0,6860.428571428572,7733.0,5934.533479478196,8449.2,8748.5,6171.841939335288,14040.0,1,0,1,0,0,0,1,0,0,16578
853,1,2015-01-06,0.9749279121818236,-0.22252093395631434,0.49999999999999994,0.8660254037844387,0.10310169744743485,0.9946708199115211,16578.0,8217.0,16938.0,5686.571428571428,4700.0,6414.719215916436,8449.2,8748.5,6171.841939335288,14040.0,1,0,1,0,0,0,1,0,0,0
853,1,2015-01-07,0.43388373911755823,-0.900968867902419,0.49999999999999994,0.8660254037844387,0.1202080448993527,0.9927487224577402,0.0,4700.0,7056.0,6692.714285714285,7733.0,6776.33720418058,8557.366666666667,9125.0,6201.093037595838,14040.0,1,0,1,0,0,0,1,0,0,11743
853,1,2015-01-08,-0.433883739117558,-0.9009688679024191,0.49999999999999994,0.8660254037844387,0.13727877211326478,0.9905324521322229,11743.0,0.0,0.0,8139.285714285715,10126.0,6162.514630524503,8578.466666666667,9441.5,6205.46181967163,14040.0,1,0,1,0,0,0,1,0,0,10126
853,1,2015-01-09,-0.9749279121818236,-0.2225209339563146,0.49999999999999994,0.8660254037844387,0.15430882066428117,0.9880226656636976,10126.0,10795.0,0.0,8005.857142857143,9861.0,6105.27611793197,8615.266666666666,9993.5,6209.8290438644935,14040.0,1,0,1,0,0,0,1,0,0,9861
853,1,2015-01-10,-0.7818314824680299,0.6234898018587334,0.49999999999999994,0.8660254037844387,0.1712931441814776,0.9852201067560606,9861.0,7733.0,6895.0,7963.857142857143,9861.0,6108.47644476022,8571.9,9993.5,6213.469658455873,14040.0,0,0,1,0,0,0,1,0,0,7439
853,1,2015-01-11,-2.4492935982947064e-16,1.0,0.49999999999999994,0.8660254037844387,0.1882267098432442,0.9821256058680006,7439.0,0.0,0.0,7963.857142857143,9861.0,6108.47644476022,8232.0,9039.0,6397.6814496374,14040.0,0,0,1,0,0,0,1,0,0,0
853,1,2015-01-12,0.7818314824680298,0.6234898018587336,0.49999999999999994,0.8660254037844387,0.2051044998686192,0.9787400799669153,0.0,16578.0,10714.0,7347.142857142857,9861.0,5251.674825823706,8299.5,9039.0,6430.154305811933,14040.0,1,0,1,0,0,0,1,0,0,12261
853,1,2015-01-13,0.9749279121818236,-0.22252093395631434,0.49999999999999994,0.8660254037844387,0.22192151300416552,0.9750645322571948,12261.0,0.0,8217.0,8869.714285714286,10126.0,4207.814781819089,8654.766666666666,9993.5,6247.6313783889245,14040.0,1,0,1,0,0,0,1,0,0,10658
853,1,2015-01-14,0.43388373911755823,-0.900968867902419,0.49999999999999994,0.8660254037844387,0.2386727660059501,0.9711000518829505,10658.0,11743.0,4700.0,8503.285714285714,9861.0,4023.5475936162634,8404.0,9519.5,6061.749553979645,14040.0,1,0,1,0,0,0,1,0,0,9178
853,1,2015-01-15,-0.433883739117558,-0.9009688679024191,0.49999999999999994,0.8660254037844387,0.255353295116187,0.9668478136052775,9178.0,10126.0,0.0,8366.0,9178.0,3975.054381179372,8165.133333333333,9171.5,5876.984611136926,14040.0,1,0,1,0,0,0,1,0,0,9165
853,1,2015-01-16,-0.9749279121818236,-0.2225209339563146,0.49999999999999994,0.8660254037844387,0.2719581575341055,0.9623090774541486,9165.0,9861.0,10795.0,8345.142857142857,9178.0,3966.2760632013246,8021.133333333333,9171.5,5780.329806443952,14040.0,1,0,1,0,0,0,1,0,0,9715
853,1,2015-01-17,-0.7818314824680299,0.6234898018587334,0.49999999999999994,0.8660254037844387,0.288482432880609,0.9574851883550393,9715.0,7439.0,7733.0,8435.0,9178.0,3949.414893373446,7778.2,8691.0,5612.134626153313,14040.0,0,0,1,0,0,0,1,0,0,8068
853,1,2015-01-18,-2.4492935982947064e-16,1.0,0.49999999999999994,0.8660254037844387,0.30492122465628907,0.9523775757303974,8068.0,0.0,0.0,8435.0,9178.0,3949.414893373446,7280.266666666666,8142.5,5617.660354406564,14040.0,0,0,1,0,0,0,1,0,0,0
853,1,2015-01-19,0.7818314824680298,0.6234898018587336,0.49999999999999994,0.8660254037844387,0.3212696616923644,0.9469877530760753,0.0,12261.0,16578.0,7793.857142857143,9165.0,3570.942612652453,7116.9,7920.5,5525.910424910808,14040.0,0,0,1,0,0,0,1,0,0,7773
853,1,2015-01-20,0.9749279121818236,-0.22252093395631434,0.49999999999999994,0.8660254037844387,0.3375228995941133,0.9413173175128471,7773.0,10658.0,0.0,7150.571428571428,8068.0,3368.8675078895976,7322.066666666667,7920.5,5364.465072366834,14040.0,0,0,1,0,0,0,1,0,0,6155
853,1,2015-01-21,0.43388373911755823,-0.900968867902419,0.49999999999999994,0.8660254037844387,0.3536761221763716,0.9353679493131483,6155.0,9178.0,11743.0,6977.285714285715,7965.0,3277.1492039212812,6991.1,7869.0,4982.41217269514,14040.0,0,0,1,0,0,0,1,0,0,7965
853,1,2015-01-22,-0.433883739117558,-0.9009688679024191,0.49999999999999994,0.8660254037844387,0.3697245428906731,0.9291414114031743,7965.0,9165.0,10126.0,6731.857142857143,7773.0,3147.7805105910934,6674.733333333334,7753.0,4616.958581915855,14040.0,0,0,1,0,0,0,1,0,0,7447
853,1,2015-01-23,-0.9749279121818236,-0.2225209339563146,0.49999999999999994,0.8660254037844387,0.38566340624360707,0.9226395488404876,7447.0,9715.0,9861.0,6407.142857142857,7447.0,2895.9229633268546,6687.6,7753.0,4618.595312653944,14040.0,0,0,1,0,0,0,1,0,0,7442
853,1,2015-01-24,-0.7818314824680299,0.6234898018587334,0.49999999999999994,0.8660254037844387,0.401487989205973,0.9158642882672872,7442.0,8068.0,7439.0,6252.0,7442.0,2820.2171311206957,6920.333333333333,7753.0,4442.54117504318,14040.0,0,0,1,0,0,0,1,0,0,6982
853,1,2015-01-25,-2.4492935982947064e-16,1.0,0.49999999999999994,0.8660254037844387,0.4171936026123168,0.9088176373395029,6982.0,0.0,0.0,6252.0,7442.0,2820.2171311206957,6920.333333333333,7753.0,4442.54117504318,14040.0,0,0,1,0,0,0,1,0,0,0
853,1,2015-01-26,0.7818314824680298,0.6234898018587336,0.49999999999999994,0.8660254037844387,0.4327755925504312,0.901501684131884,0.0,7773.0,12261.0,6672.714285714285,7442.0,3268.9055107321806,7047.766666666666,7869.0,4496.295192813696,14040.0,1,0,1,0,0,0,1,0,0,10718
853,1,2015-01-27,0.9749279121818236,-0.22252093395631434,0.49999999999999994,0.8660254037844387,0.4482293417404106,0.893918596519257,10718.0,6155.0,10658.0,7182.857142857143,7447.0,3448.3634973018425,7371.966666666666,8016.5,4317.694918894073,14040.0,1,0,1,0,0,0,1,0,0,9726
853,1,2015-01-28,0.43388373911755823,-0.900968867902419,0.49999999999999994,0.8660254037844387,0.4635502709028509,0.886070621534138,9726.0,7965.0,9178.0,7459.142857142857,7447.0,3595.7987721122263,7344.8,8016.5,4298.4630886094565,14040.0,1,0,1,0,0,0,1,0,0,9899
853,1,2015-01-29,-0.433883739117558,-0.9009688679024191,0.49999999999999994,0.8660254037844387,0.47873384011578846,0.8779600847008882,9899.0,7447.0,9165.0,7721.428571428572,9283.0,3661.1328782742835,7380.333333333333,8016.5,4310.311496330899,14040.0,1,0,1,0,0,0,1,0,0,9283
853,1,2015-01-30,-0.9749279121818236,-0.2225209339563146,0.49999999999999994,0.8660254037844387,0.4937755501599772,0.869589389346611,9283.0,7442.0,9715.0,8014.428571428572,9493.0,3716.6922057632023,7540.1,8616.5,4296.3424007099275,14040.0,1,0,1,0,0,0,1,0,0,9493
853,1,2015-01-31,-0.7818314824680299,0.6234898018587334,0.49999999999999994,0.8660254037844387,0.5086709438521044,0.8609610158889943,9493.0,6982.0,8068.0,8125.571428571428,9493.0,3692.225203367332,7798.766666666666,8616.5,4053.4624508227407,14040.0,0,0,1,0,0,0,1,0,0,7760
853,1,2015-02-01,-2.4492935982947064e-16,1.0,0.8660254037844386,0.5000000000000001,0.5234156073655503,0.8520775211013093,7760.0,0.0,0.0,8125.571428571428,9493.0,3692.2252033673317,7438.933333333333,8016.5,4252.565651003165,14040.0,0,0,1,0,0,0,1,0,0,0
853,1,2015-02-02,0.7818314824680298,0.6234898018587336,0.8660254037844386,0.5000000000000001,0.5380051715382996,0.8429415373547828,0.0,10718.0,7773.0,8043.428571428572,9493.0,3630.8231783413707,7519.266666666666,8616.5,4280.980478520228,14040.0,1,0,1,0,0,0,1,0,0,10143
853,1,2015-02-03,0.9749279121818236,-0.22252093395631434,0.8660254037844386,0.5000000000000001,0.5524353131676196,0.8335557718385699,10143.0,9726.0,6155.0,8175.0,9493.0,3717.6072501901876,7874.166666666667,9171.5,4072.370089232826,14040.0,1,0,1,0,0,0,1,0,0,10647
853,1,2015-02-04,0.43388373911755823,-0.900968867902419,0.8660254037844386,0.5000000000000001,0.5667017562911176,0.8239230057575542,10647.0,9899.0,7965.0,8153.142857142857,9493.0,3706.214215277335,7646.433333333333,9171.5,3746.874179378321,14040.0,1,0,1,0,0,0,1,0,0,9746
853,1,2015-02-05,-0.433883739117558,-0.9009688679024191,0.8660254037844386,0.5000000000000001,0.5808002734538009,0.8140460935082178,9746.0,9283.0,7447.0,8060.714285714285,9493.0,3681.3248391616507,7934.3,9171.5,3459.9093086579514,14040.0,1,0,1,0,0,0,1,0,0,8636
853,1,2015-02-06,-0.9749279121818236,-0.2225209339563146,0.8660254037844386,0.5000000000000001,0.5947266869607634,0.8039279618328213,8636.0,9493.0,7442.0,8094.857142857143,9732.0,3697.8937441274766,7867.266666666666,9171.5,3402.5797812565843,14040.0,1,0,1,0,0,0,1,0,0,9732
853,1,2015-02-07,-0.7818314824680299,0.6234898018587334,0.8660254037844386,0.5000000000000001,0.6084768701151261,0.7935716089521474,9732.0,7760.0,6982.0,8106.0,9732.0,3696.833915663508,7791.0,8900.5,3375.742104874231,14040.0,0,0,1,0,0,0,1,0,0,7838
853,1,2015-02-08,-2.4492935982947064e-16,1.0,0.8660254037844386,0.5000000000000001,0.6220467484408675,0.7829801036770629,7838.0,0.0,0.0,8106.0,9732.0,3696.833915663508,7462.3,8352.0,3637.1970939172397,14040.0,0,0,1,0,0,0,1,0,0,0
853,1,2015-02-09,0.7818314824680298,0.6234898018587336,0.8660254037844386,0.5000000000000001,0.6354323008901774,0.7721565844991642,0.0,10143.0,10718.0,7855.285714285715,8636.0,3593.736157737314,7493.933333333333,8512.0,3641.112163681004,14040.0,0,0,1,0,0,0,1,0,0,8388
853,1,2015-02-10,0.9749279121818236,-0.22252093395631434,0.8660254037844386,0.5000000000000001,0.6486295610349814,0.7611042586607747,8388.0,10647.0,9726.0,7566.571428571428,8626.0,3408.4815219851594,7781.466666666666,8631.0,3358.5480825780237,14040.0,0,0,1,0,0,0,1,0,0,8626
853,1,2015-02-11,0.43388373911755823,-0.900968867902419,0.8660254037844386,0.5000000000000001,0.6616346182422783,0.7498264012045686,8626.0,9746.0,9899.0,7423.0,8626.0,3321.434479257416,7664.133333333333,8631.0,3256.5953422229973,14040.0,0,0,1,0,0,0,1,0,0,8741
853,1,2015-02-12,-0.433883739117558,-0.9009688679024191,0.8660254037844386,0.5000000000000001,0.6744436188329455,0.7383263540031065,8741.0,8636.0,9283.0,7338.285714285715,8388.0,3292.7789031093307,7576.966666666666,8507.0,3208.336903834409,14040.0,0,0,1,0,0,0,1,0,0,8043
853,1,2015-02-13,-0.9749279121818236,-0.2225209339563146,0.8660254037844386,0.5000000000000001,0.6870527672236669,0.7266075247685656,8043.0,9732.0,9493.0,7235.428571428572,8388.0,3215.8915745167155,7571.433333333333,8507.0,3205.6224279497933,14040.0,0,0,1,0,0,0,1,0,0,9012
853,1,2015-02-14,-0.7818314824680299,0.6234898018587334,0.8660254037844386,0.5000000000000001,0.6994583270516471,0.7146733860429609,9012.0,7838.0,7760.0,7156.285714285715,8388.0,3205.390600966111,7508.733333333334,8228.0,3191.7440042249254,14040.0,0,0,1,0,0,0,1,0,0,7284
853,1,2015-02-15,-2.4492935982947064e-16,1.0,0.8660254037844386,0.5000000000000001,0.7116566222817746,0.702527474169157,7284.0,0.0,0.0,7156.285714285715,8388.0,3205.390600966111,7184.9,8055.5,3443.1195092782405,14040.0,0,0,1,0,0,0,1,0,0,0
853,1,2015-02-16,0.7818314824680298,0.6234898018587336,0.8660254037844386,0.5000000000000001,0.7236440382959124,0.6901733882429719,0.0,8388.0,10143.0,7882.285714285715,8626.0,4006.3181232600446,7364.966666666666,8215.5,3627.2293167226094,14040.0,1,0,1,0,0,0,1,0,0,13470
853,1,2015-02-17,0.9749279121818236,-0.22252093395631434,0.8660254037844386,0.5000000000000001,0.7354170229639855,0.6776147890466889,13470.0,8626.0,10647.0,7953.571428571428,8741.0,4026.1471598019034,7669.133333333333,8507.0,3361.1699803463707,14040.0,1,0,1,0,0,0,1,0,0,9125
853,1,2015-02-18,0.43388373911755823,-0.900968867902419,0.8660254037844386,0.5000000000000001,0.7469720876965552,0.6648553979642865,9125.0,8741.0,9746.0,8078.428571428572,9012.0,4067.9712739539186,7730.533333333334,8631.0,3379.904892901202,14040.0,1,0,1,0,0,0,1,0,0,9615
853,1,2015-02-19,-0.433883739117558,-0.9009688679024191,0.8660254037844386,0.5000000000000001,0.7583058084785625,0.6518989958787126,9615.0,8043.0,8636.0,8368.42857142857,9125.0,4136.800327835625,7861.133333333333,8688.5,3392.5989908392785,14040.0,1,0,1,0,0,0,1,0,0,10073
853,1,2015-02-20,-0.9749279121818236,-0.2225209339563146,0.8660254037844386,0.5000000000000001,0.7694148268839378,0.6387494220515272,10073.0,9012.0,9732.0,8379.0,9125.0,4138.813114891754,7898.5,8876.5,3399.9479281002396,14040.0,1,0,1,0,0,0,1,0,0,9086
853,1,2015-02-21,-0.7818314824680299,0.6234898018587334,0.8660254037844386,0.5000000000000001,0.7802958510707755,0.6254105729852463,9086.0,7284.0,7838.0,8244.142857142857,9125.0,4195.430745806339,7861.6,8876.5,3411.0062889781198,14040.0,0,0,1,0,0,0,1,0,0,6340
853,1,2015-02-22,-2.4492935982947064e-16,1.0,0.8660254037844386,0.5000000000000001,0.7909456567567772,0.6118864012687243,6340.0,0.0,0.0,8244.142857142857,9125.0,4195.430745806339,7613.533333333334,8876.5,3700.869103270236,14040.0,0,0,1,0,0,0,1,0,0,0
853,1,2015-02-23,0.7818314824680298,0.6234898018587336,0.8660254037844386,0.5000000000000001,0.8013610881746766,0.5981809144059164,0.0,13470.0,8388.0,7312.714285714285,9086.0,3509.5617824397805,7612.466666666666,8876.5,3701.062007263484,14040.0,0,0,1,0,0,0,1,0,0,6950
853,1,2015-02-24,0.9749279121818236,-0.22252093395631434,0.8660254037844386,0.5000000000000001,0.8115390590073611,0.5842981736283683,6950.0,9125.0,8626.0,7129.714285714285,7844.0,3431.850944426621,7873.933333333333,8876.5,3410.3845160225624,14040.0,0,0,1,0,0,0,1,0,0,7844
853,1,2015-02-25,0.43388373911755823,-0.900968867902419,0.8660254037844386,0.5000000000000001,0.8214765533024142,0.5702422926917871,7844.0,9615.0,8741.0,6797.857142857143,7292.0,3259.457850040473,7759.733333333334,8688.5,3368.97424206214,14040.0,0,0,1,0,0,0,1,0,0,7292
853,1,2015-02-26,-0.433883739117558,-0.9009688679024191,0.8660254037844386,0.5000000000000001,0.8311706263658079,0.5560174366570446,7292.0,10073.0,8043.0,6493.428571428572,7292.0,2991.0465758740047,7700.266666666666,8631.0,3348.7546005511745,14040.0,0,0,1,0,0,0,1,0,0,7942
853,1,2015-02-27,-0.9749279121818236,-0.2225209339563146,0.8660254037844386,0.5000000000000001,0.8406184056344782,0.5416278206559814,7942.0,9086.0,9012.0,6338.0,7292.0,2859.2353290113524,7636.9,8507.0,3323.605856025487,14040.0,0,0,1,0,0,0,1,0,0,7998
853,1,2015-02-28,-0.7818314824680299,0.6234898018587334,0.8660254037844386,0.5000000000000001,0.8498170915275278,0.5270777086423722,7998.0,6340.0,7284.0,6747.428571428572,7844.0,3057.868476414185,7634.333333333333,8507.0,3322.3202977617243,14040.0,0,0,1,0,0,0,1,0,0,9206
853,1,2015-03-01,-2.4492935982947064e-16,1.0,1.0,6.123233995736766e-17,0.8587639582758029,0.5123714121284237,9206.0,0.0,0.0,6747.428571428572,7844.0,3057.8684764141844,7317.9,8215.5,3581.181921541048,14040.0,0,0,1,0,0,0,1,0,0,0
853,1,2015-03-02,0.7818314824680298,0.6234898018587336,1.0,6.123233995736766e-17,0.8674563547295968,0.49751328890718066,0.0,6950.0,13470.0,7378.571428571428,7942.0,3526.6512377014174,7438.166666666667,8507.0,3656.335975312968,14040.0,1,0,1,0,0,0,1,0,0,11368
853,1,2015-03-03,0.9749279121818236,-0.22252093395631434,1.0,6.123233995736766e-17,0.8758917051442429,0.48250774176121847,11368.0,7844.0,9125.0,8094.0,7998.0,4098.42538869096,7866.566666666667,8631.0,3504.5411985941455,14040.0,1,0,1,0,0,0,1,0,0,12852
853,1,2015-03-04,0.43388373911755823,-0.900968867902419,1.0,6.123233995736766e-17,0.8840675099433636,0.46735921715800227,12852.0,7292.0,9615.0,8517.42857142857,9206.0,4154.486364447587,7870.333333333333,8631.0,3507.1320372117148,14040.0,1,0,1,0,0,0,1,0,0,10256
853,1,2015-03-05,-0.433883739117558,-0.9009688679024191,1.0,6.123233995736766e-17,0.8919813464595485,0.45207220393230435,10256.0,7942.0,10073.0,8731.857142857143,9443.0,4158.570444618815,7830.2,8631.0,3481.0539466245505,14040.0,1,0,1,0,0,0,1,0,0,9443
853,1,2015-03-06,-0.9749279121818236,-0.2225209339563146,1.0,6.123233995736766e-17,0.8996308696522433,0.43665123195606403,9443.0,7998.0,9086.0,9021.57142857143,10026.0,4169.5516888167085,7839.533333333334,8631.0,3486.738400176357,14040.0,1,0,1,0,0,0,1,0,0,10026
853,1,2015-03-07,-0.7818314824680299,0.6234898018587334,1.0,6.123233995736766e-17,0.9070138128026359,0.4211008707960896,10026.0,9206.0,6340.0,8929.142857142857,10026.0,4171.9524777003935,7836.966666666666,8592.5,3486.16017875743,14040.0,0,0,1,0,0,0,1,0,0,8559
853,1,2015-03-08,-2.4492935982947064e-16,1.0,1.0,6.123233995736766e-17,0.9141279881853337,0.40542572835999735,8559.0,0.0,0.0,8929.142857142857,10026.0,4171.9524777003935,7512.566666666667,8473.5,3746.7958972170227,14040.0,0,0,1,0,0,0,1,0,0,0
853,1,2015-03-09,0.7818314824680298,0.6234898018587336,1.0,6.123233995736766e-17,0.9209712877166346,0.38963044953078796,0.0,11368.0,6950.0,8445.0,9443.0,4036.192760510823,7517.266666666666,8473.5,3747.306599949223,14040.0,0,0,1,0,0,0,1,0,0,7979
853,1,2015-03-10,0.9749279121818236,-0.22252093395631434,1.0,6.123233995736766e-17,0.9275416835791966,0.37371971479046906,7979.0,12852.0,7844.0,7777.714285714285,8559.0,3542.0396061349384,7789.966666666666,8473.5,3468.7132711527597,14040.0,0,0,1,0,0,0,1,0,0,8181
853,1,2015-03-11,0.43388373911755823,-0.900968867902419,1.0,6.123233995736766e-17,0.9338372288229252,0.35769823883312546,8181.0,10256.0,7292.0,7436.571428571428,8181.0,3374.6078713999145,7772.633333333333,8370.0,3466.920590114653,14040.0,0,0,1,0,0,0,1,0,0,7868
853,1,2015-03-12,-0.433883739117558,-0.9009688679024191,1.0,6.123233995736766e-17,0.9398560579418954,0.3415707691678556,7868.0,9443.0,7942.0,7141.571428571428,7979.0,3258.2298290709323,7731.033333333334,8112.0,3463.8139083897154,14040.0,0,0,1,0,0,0,1,0,0,7378
853,1,2015-03-13,-0.9749279121818236,-0.2225209339563146,1.0,6.123233995736766e-17,0.9455963874271426,0.3253420847119801,7378.0,10026.0,7998.0,6917.428571428572,7979.0,3075.5789079533624,7721.566666666667,8112.0,3461.345678951384,14040.0,0,0,1,0,0,0,1,0,0,8457
853,1,2015-03-14,-0.7818314824680299,0.6234898018587334,1.0,6.123233995736766e-17,0.9510565162951535,0.30901699437494745,8457.0,8559.0,9206.0,6853.571428571428,7979.0,3040.252558431223,7723.866666666667,8146.5,3461.589546509777,14040.0,0,0,1,0,0,0,1,0,0,8112
853,1,2015-03-15,-2.4492935982947064e-16,1.0,1.0,6.123233995736766e-17,0.9562348265919056,0.29260033563334836,8112.0,0.0,0.0,6853.571428571428,7979.0,3040.252558431223,7423.466666666666,8055.0,3726.8230321070646,14040.0,0,0,1,0,0,0,1,0,0,0
853,1,2015-03-16,0.7818314824680298,0.6234898018587336,1.0,6.123233995736766e-17,0.9611297838723007,0.27609697309746883,0.0,7979.0,11368.0,7464.714285714285,8112.0,3669.1233155567124,7589.233333333334,8146.5,3829.5868299995186,14040.0,1,0,1,0,0,0,1,0,0,12257
853,1,2015-03-17,0.9749279121818236,-0.22252093395631434,1.0,6.123233995736766e-17,0.9657399376548549,0.2595117970697999,12257.0,8181.0,12852.0,7889.857142857143,8112.0,3929.1534045122817,7961.133333333333,8319.0,3602.1522851008785,14040.0,1,0,1,0,0,0,1,0,0,11157
853,1,2015-03-18,0.43388373911755823,-0.900968867902419,1.0,6.123233995736766e-17,0.970063921851507,0.2428497220959356,11157.0,7868.0,10256.0,8266.57142857143,8457.0,4051.225693422621,7862.3,8319.0,3484.54784233439,14040.0,1,0,1,0,0,0,1,0,0,10505
853,1,2015-03-19,-0.433883739117558,-0.9009688679024191,1.0,6.123233995736766e-17,0.9741004551724205,0.22611568550828828,10505.0,7378.0,9443.0,8568.142857142857,9489.0,4052.6273958413435,7874.433333333333,8319.0,3489.7261100247565,14040.0,1,0,1,0,0,0,1,0,0,9489
853,1,2015-03-20,-0.9749279121818236,-0.2225209339563146,1.0,6.123233995736766e-17,0.9778483415056568,0.20931464596304847,9489.0,8457.0,10026.0,8747.857142857143,9715.0,4074.7102321748544,7877.766666666666,8319.0,3491.493314381087,14040.0,1,0,1,0,0,0,1,0,0,9715
853,1,2015-03-21,-0.7818314824680299,0.6234898018587334,1.0,6.123233995736766e-17,0.9813064702716093,0.19245158197082998,9715.0,8112.0,8559.0,8739.57142857143,9715.0,4076.277380860418,7810.466666666666,8146.5,3467.093443668118,14040.0,0,0,1,0,0,0,1,0,0,8054
853,1,2015-03-22,-2.4492935982947064e-16,1.0,1.0,6.123233995736766e-17,0.9844738167520922,0.1755314904214282,8054.0,0.0,0.0,8739.57142857143,9715.0,4076.277380860418,7507.6,8083.0,3738.0888035797507,14040.0,0,0,1,0,0,0,1,0,0,0
853,1,2015-03-23,0.7818314824680298,0.6234898018587336,1.0,6.123233995736766e-17,0.9873494423939864,0.15855938510313478,0.0,12257.0,7979.0,8083.428571428572,9489.0,3774.19107700104,7551.733333333334,8083.0,3731.6385781799577,14040.0,0,0,1,0,0,0,1,0,0,7664
853,1,2015-03-24,0.9749279121818236,-0.22252093395631434,1.0,6.123233995736766e-17,0.989932495087353,0.141540295217043,7664.0,11157.0,8181.0,7594.428571428572,8054.0,3522.984570745985,7809.533333333334,8083.0,3448.334867862974,14040.0,0,0,1,0,0,0,1,0,0,7734
853,1,2015-03-25,0.43388373911755823,-0.900968867902419,1.0,6.123233995736766e-17,0.9922222094179323,0.12447926388678915,7734.0,10505.0,7868.0,7164.285714285715,7734.0,3284.103668394451,7827.666666666667,8083.0,3445.0878907094166,14040.0,0,0,1,0,0,0,1,0,0,7494
853,1,2015-03-26,-0.433883739117558,-0.9009688679024191,1.0,6.123233995736766e-17,0.994217906893952,0.10738134666416309,7494.0,9489.0,7378.0,6906.857142857143,7687.0,3138.9241484183394,7822.433333333333,8083.0,3445.1814694542986,14040.0,0,0,1,0,0,0,1,0,0,7687
853,1,2015-03-27,-0.9749279121818236,-0.2225209339563146,1.0,6.123233995736766e-17,0.995918996147179,0.09025161003104117,7687.0,9715.0,8457.0,6654.571428571428,7687.0,2940.2927210933053,7844.333333333333,8083.0,3443.7812851907274,14040.0,0,0,1,0,0,0,1,0,0,7949
853,1,2015-03-28,-0.7818314824680299,0.6234898018587334,1.0,6.123233995736766e-17,0.9973249731081555,0.07309512989807777,7949.0,8054.0,8112.0,6707.285714285715,7687.0,2972.692814844574,7860.366666666667,8146.5,3445.3710123357823,14040.0,0,0,1,0,0,0,1,0,0,8423
853,1,2015-03-29,-2.4492935982947064e-16,1.0,1.0,6.123233995736766e-17,0.9984354211555643,0.055916990100603484,8423.0,0.0,0.0,6707.285714285715,7687.0,2972.692814844574,7593.766666666666,8146.5,3731.880432753417,14040.0,0,0,1,0,0,0,1,0,0,0
853,1,2015-03-30,0.7818314824680298,0.6234898018587336,1.0,6.123233995736766e-17,0.9992500112396835,0.03872228089217446,0.0,7664.0,12257.0,7671.428571428572,7734.0,4182.844839625412,7767.333333333333,8146.5,3925.5129279020916,14040.0,1,0,1,0,0,0,1,0,0,14413
853,1,2015-03-31,0.9749279121818236,-0.22252093395631434,1.0,6.123233995736766e-17,0.9997685019798909,0.021516097436222254,14413.0,7734.0,11157.0,8629.714285714286,7949.0,4905.535774825745,8248.733333333334,8302.0,3824.364855387944,14040.0,1,0,1,0,0,0,1,0,0,14442
853,1,2015-04-01,0.43388373911755823,-0.900968867902419,0.8660254037844387,-0.49999999999999983,0.9999907397361901,0.004303538296244289,14442.0,7494.0,10505.0,9573.714285714286,8423.0,5272.6305804688445,8339.866666666667,8302.0,3932.310795004097,14040.0,1,0,1,0,0,0,1,0,0,14102
853,1,2015-04-02,-0.433883739117558,-0.9009688679024191,0.8660254037844387,-0.49999999999999983,0.9999166586547379,-0.01291029607500882,14102.0,7687.0,9489.0,10188.285714285714,11989.0,5266.779968642626,8311.1,8302.0,3901.1977767223566,14040.0,1,0,1,0,0,0,1,0,0,11989
853,1,2015-04-03,-0.9749279121818236,-0.2225209339563146,0.8660254037844387,-0.49999999999999983,0.9995462806873573,-0.030120304846908114,11989.0,7949.0,9715.0,9052.714285714286,11989.0,6534.4463604880275,7969.233333333334,8146.5,4165.318803738992,14040.0,1,0,1,0,0,0,1,0,0,0
853,1,2015-04-04,-0.7818314824680299,0.6234898018587334,0.8660254037844387,-0.49999999999999983,0.9988797155850336,-0.04732138832243185,0.0,8423.0,8054.0,9443.285714285714,11989.0,6572.132979844663,8026.366666666667,8146.5,4197.858579564467,14040.0,0,0,1,0,0,0,1,0,0,11157
853,1,2015-04-05,-2.4492935982947064e-16,1.0,0.8660254037844387,-0.49999999999999983,0.9979171608653922,-0.06450844944931623,11157.0,0.0,0.0,9443.285714285714,11989.0,6572.132979844663,7692.166666666667,8083.0,4426.066293373083,14040.0,0,0,1,0,0,0,1,0,0,0
853,1,2015-04-06,0.7818314824680298,0.6234898018587336,0.8660254037844387,-0.49999999999999983,0.9966589017541702,-0.08167639533042241,0.0,14413.0,7664.0,7384.285714285715,11157.0,6999.509618877733,7406.866666666667,8016.5,4638.99501403374,14040.0,0,0,1,0,0,0,1,0,0,0
853,1,2015-04-07,0.9749279121818236,-0.22252093395631434,0.8660254037844387,-0.49999999999999983,0.9951053111006976,-0.09882013873287143,0.0,14442.0,7734.0,6789.857142857143,10281.0,6455.811527313238,7749.566666666667,8083.0,4448.803160892582,14040.0,0,0,1,0,0,0,1,0,0,10281
853,1,2015-04-08,0.43388373911755823,-0.900968867902419,0.8660254037844387,-0.49999999999999983,0.9932568492674143,-0.11593459959550041,10281.0,14102.0,7494.0,5985.857142857143,8474.0,5699.546865864908,7766.066666666667,8146.5,4450.601020500285,14040.0,0,0,1,0,0,0,1,0,0,8474
853,1,2015-04-09,-0.433883739117558,-0.9009688679024191,0.8660254037844387,-0.49999999999999983,0.9911140639934547,-0.1330147065341959,8474.0,11989.0,7687.0,5500.857142857143,8474.0,5228.561256170175,7779.833333333333,8267.5,4452.567071138684,14040.0,0,0,1,0,0,0,1,0,0,8594
853,1,2015-04-10,-0.9749279121818236,-0.2225209339563146,0.8660254037844387,-0.49999999999999983,0.9886775902323405,-0.1500553983446526,8594.0,0.0,7949.0,6728.142857142857,8591.0,4704.130434294648,7803.933333333333,8440.0,4455.0167222359905,14040.0,0,0,1,0,0,0,1,0,0,8591
853,1,2015-04-11,-0.7818314824680299,0.6234898018587334,0.8660254037844387,-0.49999999999999983,0.9859481499638304,-0.16705162550211924,8591.0,11157.0,8423.0,6223.714285714285,8474.0,4324.027702435379,7812.2,8440.0,4454.429166571179,14040.0,0,0,1,0,0,0,1,0,0,7626
853,1,2015-04-12,-2.4492935982947064e-16,1.0,0.8660254037844387,-0.49999999999999983,0.9829265519799822,-0.18399835165768005,7626.0,0.0,0.0,6223.714285714285,8474.0,4324.027702435379,7530.3,8267.5,4674.386960727652,14040.0,0,0,1,0,0,0,1,0,0,0
853,1,2015-04-13,0.7818314824680298,0.6234898018587336,0.8660254037844387,-0.49999999999999983,0.9796136916454901,-0.20089055513063506,0.0,0.0,14413.0,8111.428571428572,8591.0,4028.409771325937,7700.366666666667,8448.5,4787.718846953241,14040.0,1,0,1,0,0,0,1,0,0,13214
853,1,2015-04-14,0.9749279121818236,-0.22252093395631434,0.8660254037844387,-0.49999999999999983,0.9760105506323683,-0.21772323039653177,13214.0,10281.0,14442.0,8243.285714285714,8591.0,4125.202326928371,8073.833333333333,8532.5,4599.628096535283,14040.0,1,0,1,0,0,0,1,0,0,11204
853,1,2015-04-15,0.43388373911755823,-0.900968867902419,0.8660254037844387,-0.49999999999999983,0.9721181966290613,-0.23449138957040985,11204.0,8474.0,14102.0,8546.57142857143,8594.0,4221.899882641418,8018.5,8532.5,4557.360145961695,14040.0,1,0,1,0,0,0,1,0,0,10597
853,1,2015-04-16,-0.433883739117558,-0.9009688679024191,0.8660254037844387,-0.49999999999999983,0.9679377830240642,-0.25119006388481935,10597.0,8594.0,11989.0,8863.714285714286,10597.0,4308.548816569438,8007.066666666667,8532.5,4549.638598252904,14040.0,1,0,1,0,0,0,1,0,0,10814
853,1,2015-04-17,-0.9749279121818236,-0.2225209339563146,0.8660254037844387,-0.49999999999999983,0.9634705485641488,-0.2678143051621742,10814.0,8591.0,0.0,9068.0,10597.0,4327.323383647988,7990.933333333333,8532.5,4541.325865437533,14040.0,1,0,1,0,0,0,1,0,0,10021
853,1,2015-04-18,-0.7818314824680299,0.6234898018587334,0.8660254037844387,-0.49999999999999983,0.9587178169872964,-0.2843591872810034,10021.0,7626.0,11157.0,9126.142857142857,10597.0,4307.407628282987,7942.4,8448.5,4532.535558945286,14040.0,0,0,1,0,0,0,1,0,0,8033
853,1,2015-04-19,-2.4492935982947064e-16,1.0,0.8660254037844387,-0.49999999999999983,0.9536809966304457,-0.30081980763566735,8033.0,0.0,0.0,9126.142857142857,10597.0,4307.407628282987,7618.566666666667,8238.5,4743.656546002966,14040.0,0,0,1,0,0,0,1,0,0,0
853,1,2015-04-20,0.7818314824680298,0.6234898018587336,0.8660254037844387,-0.49999999999999983,0.9483615800121715,-0.3171912885891061,0.0,13214.0,0.0,8491.857142857143,10021.0,3914.072109222118,7642.566666666667,8448.5,4747.755147822829,14040.0,0,0,1,0,0,0,1,0,0,8774
853,1,2015-04-21,0.9749279121818236,-0.22252093395631434,0.8660254037844387,-0.49999999999999983,0.9427611433904207,-0.3334687789181868,8774.0,11204.0,10281.0,8012.0,8774.0,3727.613803315289,7904.066666666667,8448.5,4523.024910414477,14040.0,0,0,1,0,0,0,1,0,0,7845
853,1,2015-04-22,0.43388373911755823,-0.900968867902419,0.8660254037844387,-0.49999999999999983,0.9368813462954315,-0.3496474552512284,7845.0,10597.0,8474.0,7706.857142857143,8461.0,3564.5995300347295,7930.633333333333,8467.5,4523.90678341823,14040.0,0,0,1,0,0,0,1,0,0,8461
853,1,2015-04-23,-0.433883739117558,-0.9009688679024191,0.8660254037844387,-0.49999999999999983,0.9307239310379795,-0.36572252349726897,8461.0,10814.0,8594.0,7191.428571428572,8033.0,3290.7717867365036,7913.033333333334,8467.5,4525.72486465701,14040.0,0,0,1,0,0,0,1,0,0,7206
853,1,2015-04-24,-0.9749279121818236,-0.2225209339563146,0.8660254037844387,-0.49999999999999983,0.9242907221930934,-0.3816892202666588,7206.0,10021.0,8591.0,6827.142857142857,7845.0,3058.262874496537,7912.266666666666,8467.5,4525.800244981131,14040.0,0,0,1,0,0,0,1,0,0,7471
853,1,2015-04-25,-0.7818314824680299,0.6234898018587334,0.8660254037844387,-0.49999999999999983,0.9175836260593937,-0.39754281428255595,7471.0,8033.0,7626.0,6757.714285714285,7547.0,3031.72644512912,7907.6,8467.5,4526.112700685915,14040.0,0,0,1,0,0,0,1,0,0,7547
853,1,2015-04-26,-2.4492935982947064e-16,1.0,0.8660254037844387,-0.49999999999999983,0.9106046300942163,-0.4132786077829042,7547.0,0.0,0.0,6757.714285714285,7547.0,3031.72644512912,7642.633333333333,8467.5,4750.707362817294,14040.0,0,0,1,0,0,0,1,0,0,0
853,1,2015-04-27,0.7818314824680298,0.6234898018587336,0.8660254037844387,-0.49999999999999983,0.9033558023246845,-0.4288919379124835,0.0,8774.0,13214.0,7154.0,7547.0,3486.4099013168275,7746.8,8532.5,4802.38729713922,14040.0,1,0,1,0,0,0,1,0,0,11548
853,1,2015-04-28,0.9749279121818236,-0.22252093395631434,0.8660254037844387,-0.49999999999999983,0.895839290734909,-0.4443781781046132,11548.0,7845.0,11204.0,7493.285714285715,7547.0,3675.3094071241467,8087.466666666666,8592.5,4591.772940839942,14040.0,1,0,1,0,0,0,1,0,0,10220
853,1,2015-04-29,0.43388373911755823,-0.900968867902419,0.8660254037844387,-0.49999999999999983,0.8880573226294932,-0.45973273945210397,10220.0,8461.0,10597.0,7765.285714285715,7547.0,3826.220489999922,7952.533333333334,8592.5,4456.980420011717,14040.0,1,0,1,0,0,0,1,0,0,10365
853,1,2015-04-30,-0.433883739117558,-0.9009688679024191,0.8660254037844387,-0.49999999999999983,0.8800122039735357,-0.47495107206704995,10365.0,7206.0,10814.0,8488.714285714286,10220.0,4166.453076430267,7880.133333333333,8592.5,4364.613374932959,14040.0,1,0,1,0,0,0,1,0,0,12270
853,1,2015-05-01,-0.9749279121818236,-0.2225209339563146,0.49999999999999994,-0.8660254037844387,0.8717063187093218,-0.49002866642905923,12270.0,7471.0,10021.0,7421.428571428572,10220.0,5278.964919285562,7410.066666666667,8532.5,4430.309570668175,14040.0,1,0,1,0,0,0,1,0,0,0
853,1,2015-05-02,-0.7818314824680299,0.6234898018587334,0.49999999999999994,-0.8660254037844387,0.8631421280499114,-0.5049610547215204,0.0,7547.0,8033.0,7822.571428571428,10355.0,5395.499478180646,7355.6,8532.5,4381.853832214918,14040.0,0,0,1,0,0,0,1,0,0,10355
853,1,2015-05-03,-2.4492935982947064e-16,1.0,0.49999999999999994,-0.8660254037844387,0.854322169749827,-0.5197438121555155,10355.0,0.0,0.0,7822.571428571428,10355.0,5395.499478180646,7355.6,8532.5,4381.853832214918,14040.0,0,0,1,0,0,0,1,0,0,0
853,1,2015-05-04,0.7818314824680298,0.6234898018587336,0.49999999999999994,-0.8660254037844387,0.8452490573530633,-0.5343725582809787,0.0,11548.0,8774.0,8192.0,10355.0,5768.715310477137,7454.833333333333,8532.5,4502.9465225624745,14040.0,1,0,1,0,0,0,1,0,0,14134
853,1,2015-05-05,0.9749279121818236,-0.22252093395631434,0.49999999999999994,-0.8660254037844387,0.835925479418637,-0.548842958284719,14134.0,10220.0,7845.0,8278.714285714286,10365.0,5808.704150218179,7815.733333333334,8592.5,4314.8052973480735,14040.0,1,0,1,0,0,0,1,0,0,10827
853,1,2015-05-06,0.43388373911755823,-0.900968867902419,0.49999999999999994,-0.8660254037844387,0.8263541987239096,-0.5631507242749186,10827.0,10365.0,8461.0,8421.0,10827.0,5880.085656972467,8194.433333333332,8684.0,4098.315950891699,14040.0,1,0,1,0,0,0,1,0,0,11361
853,1,2015-05-07,-0.433883739117558,-0.9009688679024191,0.49999999999999994,-0.8660254037844387,0.8165380514459161,-0.5772916165517272,11361.0,12270.0,7206.0,8038.0,10355.0,5671.199814266231,8171.366666666667,8684.0,4088.1017809326086,14040.0,1,0,1,0,0,0,1,0,0,9589
853,1,2015-05-08,-0.9749279121818236,-0.2225209339563146,0.49999999999999994,-0.8660254037844387,0.8064799463209448,-0.5912614448635781,9589.0,0.0,7471.0,9510.857142857143,10355.0,4441.141498480296,8232.566666666668,9181.5,4106.489865157794,14040.0,1,0,1,0,0,0,1,0,0,10310
853,1,2015-05-09,-0.7818314824680299,0.6234898018587334,0.49999999999999994,-0.8660254037844387,0.7961828637826158,-0.6050560696488488,10310.0,10355.0,7547.0,9281.0,10310.0,4431.798280607997,8237.633333333333,9181.5,4107.0449187180575,14040.0,0,0,1,0,0,0,1,0,0,8746
853,1,2015-05-10,-2.4492935982947064e-16,1.0,0.49999999999999994,-0.8660254037844387,0.7856498550787145,-0.6186714032625031,8746.0,0.0,0.0,9281.0,10310.0,4431.798280607997,7951.266666666666,9181.5,4372.485602060901,14040.0,0,0,1,0,0,0,1,0,0,0
853,1,2015-05-11,0.7818314824680298,0.6234898018587336,0.49999999999999994,-0.8660254037844387,0.7748840413670407,-0.6321034111873487,0.0,14134.0,11548.0,8483.42857142857,9589.0,3881.010729914862,7982.1,9181.5,4373.374144004635,14040.0,0,0,1,0,0,0,1,0,0,8551
853,1,2015-05-12,0.9749279121818236,-0.22252093395631434,0.49999999999999994,-0.8660254037844387,0.7638886127905428,-0.6453481132295501,8551.0,10827.0,10220.0,8151.428571428572,8746.0,3744.1054497767054,8265.533333333333,9181.5,4105.5598277032295,14040.0,0,0,1,0,0,0,1,0,0,8503
853,1,2015-05-13,0.43388373911755823,-0.900968867902419,0.49999999999999994,-0.8660254037844387,0.7526668275320084,-0.6584015846980488,8503.0,11361.0,10365.0,7894.714285714285,8746.0,3543.6009799019293,8143.866666666667,9169.0,4006.751343225179,14040.0,0,0,1,0,0,0,1,0,0,9564
853,1,2015-05-14,-0.433883739117558,-0.9009688679024191,0.49999999999999994,-0.8660254037844387,0.741222010848596,-0.6712599575675313,9564.0,9589.0,12270.0,6524.857142857143,8551.0,4503.017448651199,7770.4,8760.0,4227.7468573289925,14040.0,0,0,1,0,0,0,1,0,0,0
853,1,2015-05-15,-0.9749279121818236,-0.2225209339563146,0.49999999999999994,-0.8660254037844387,0.7295575540864875,-0.6839194216246106,0.0,10310.0,0.0,6438.857142857143,8551.0,4423.72989035917,7740.766666666666,8760.0,4210.331068015774,14040.0,0,0,1,0,0,0,1,0,0,9708
853,1,2015-05-16,-0.7818314824680299,0.6234898018587334,0.49999999999999994,-0.8660254037844387,0.717676913675962,-0.6963762255968722,9708.0,8746.0,10355.0,6379.142857142857,8503.0,4390.08938514056,7657.9,8648.5,4172.049098382035,14040.0,0,0,1,0,0,0,1,0,0,8328
853,1,2015-05-17,-2.4492935982947064e-16,1.0,0.49999999999999994,-0.8660254037844387,0.705583610107178,-0.7086266782644596,8328.0,0.0,0.0,6379.142857142857,8503.0,4390.08938514056,7323.866666666667,8527.0,4372.664537101262,14040.0,0,0,1,0,0,0,1,0,0,0
853,1,2015-05-18,0.7818314824680298,0.6234898018587336,0.49999999999999994,-0.8660254037844387,0.6932812268869777,-0.7206671495538609,0.0,8551.0,14134.0,6975.142857142857,8503.0,4977.923878772872,7480.2,8648.5,4481.379970654052,14040.0,1,0,1,0,0,0,1,0,0,12723
853,1,2015-05-19,0.9749279121818236,-0.22252093395631434,0.49999999999999994,-0.8660254037844387,0.6807734094770161,-0.7324940716135789,12723.0,8503.0,10827.0,7337.428571428572,9564.0,5195.193094170253,7848.166666666667,8760.0,4295.345950366901,14040.0,1,0,1,0,0,0,1,0,0,11039
853,1,2015-05-20,0.43388373911755823,-0.900968867902419,0.49999999999999994,-0.8660254037844387,0.6680638642135335,-0.7441039398713607,11039.0,9564.0,11361.0,7512.714285714285,9708.0,5302.431005815029,7915.4,9155.0,4326.013531631873,14040.0,1,0,1,0,0,0,1,0,0,10791
853,1,2015-05-21,-0.433883739117558,-0.9009688679024191,0.49999999999999994,-0.8660254037844387,0.6551563572090853,-0.7554933140726803,10791.0,0.0,9589.0,9070.857142857143,10791.0,4218.6151530477155,8017.466666666666,9576.5,4360.281489911445,14040.0,1,0,1,0,0,0,1,0,0,10907
853,1,2015-05-22,-0.9749279121818236,-0.2225209339563146,0.49999999999999994,-0.8660254037844387,0.6420547132365637,-0.766658819300159,10907.0,9708.0,10310.0,9109.714285714286,10791.0,4226.706823453522,8068.1,9648.5,4374.40631912807,14040.0,1,0,1,0,0,0,1,0,0,9980
853,1,2015-05-23,-0.7818314824680299,0.6234898018587334,0.49999999999999994,-0.8660254037844387,0.6287628145958344,-0.777597146973627,9980.0,8328.0,8746.0,9170.714285714286,10791.0,4216.61399364805,8119.733333333334,9648.5,4373.0212229180825,14040.0,0,0,1,0,0,0,1,0,0,8755
853,1,2015-05-24,-2.4492935982947064e-16,1.0,0.49999999999999994,-0.8660254037844387,0.6152845999633276,-0.7883050558305255,8755.0,0.0,0.0,9170.714285714286,10791.0,4216.61399364805,7870.7,9648.5,4617.1524673652,14040.0,0,0,1,0,0,0,1,0,0,0
853,1,2015-05-25,0.7818314824680298,0.6234898018587336,0.49999999999999994,-0.8660254037844387,0.6016240632249226,-0.7987793728863649,0.0,12723.0,8551.0,7353.142857142857,9980.0,5083.261860543596,7619.133333333333,9648.5,4835.819559205596,14040.0,0,0,1,0,0,0,1,0,0,0
853,1,2015-05-26,0.9749279121818236,-0.22252093395631434,0.49999999999999994,-0.8660254037844387,0.5877852522924732,-0.8090169943749473,0.0,11039.0,8503.0,7253.142857142857,9980.0,5004.949331364286,7963.766666666666,9844.0,4638.492216995351,14040.0,0,0,1,0,0,0,1,0,0,10339
853,1,2015-05-27,0.43388373911755823,-0.900968867902419,0.49999999999999994,-0.8660254037844387,0.5737722679043246,-0.8190148866680801,10339.0,10791.0,9564.0,6903.571428571428,8755.0,4797.833568641263,7856.966666666666,9648.5,4589.750023118106,14040.0,0,0,1,0,0,0,1,0,0,8344
853,1,2015-05-28,-0.433883739117558,-0.9009688679024191,0.49999999999999994,-0.8660254037844387,0.5595892624101765,-0.8287700871745037,8344.0,10907.0,0.0,6629.714285714285,8755.0,4581.047941038736,7815.966666666666,9576.5,4573.377839291167,14040.0,0,0,1,0,0,0,1,0,0,8990
853,1,2015-05-29,-0.9749279121818236,-0.2225209339563146,0.49999999999999994,-0.8660254037844387,0.545240438540651,-0.8382797052177743,8990.0,9980.0,9708.0,6591.285714285715,8755.0,4549.277807677673,7794.166666666667,9576.5,4562.3537639924525,14040.0,0,0,1,0,0,0,1,0,0,9711
853,1,2015-05-30,-0.7818314824680299,0.6234898018587334,0.49999999999999994,-0.8660254037844387,0.5307300481619334,-0.8475409228928311,9711.0,8755.0,8328.0,6552.571428571428,8484.0,4528.903246818994,7667.966666666666,9277.0,4486.001510317927,14040.0,0,0,1,0,0,0,1,0,0,8484
853,1,2015-05-31,-2.4492935982947064e-16,1.0,0.49999999999999994,-0.8660254037844387,0.5160623910158528,-0.8565509959010036,8484.0,0.0,0.0,6552.571428571428,8484.0,4528.903246818994,7667.966666666666,9277.0,4486.001510317927,14040.0,0,0,1,0,0,0,1,0,0,0
853,1,2015-06-01,0.7818314824680298,0.6234898018587336,1.2246467991473532e-16,-1.0,0.5012418134457758,-0.865307254363206,0.0,0.0,12723.0,8556.0,8990.0,4239.806560052788,7790.266666666666,9277.0,4610.080296505679,14040.0,1,0,1,0,0,0,1,0,0,14024
853,1,2015-06-02,0.9749279121818236,-0.22252093395631434,1.2246467991473532e-16,-1.0,0.48627270710869,-0.8738071036110808,14024.0,10339.0,11039.0,8826.714285714286,8990.0,4428.907868172681,8198.066666666668,9576.5,4434.977960784437,14040.0,1,0,1,0,0,0,1,0,0,12234
853,1,2015-06-03,0.43388373911755823,-0.900968867902419,1.2246467991473532e-16,-1.0,0.4711595076738638,-0.8820480249558537,12234.0,8344.0,10791.0,9214.142857142857,9711.0,4497.728034929463,8095.466666666666,9576.5,4327.213531491881,14040.0,1,0,1,0,0,0,1,0,0,11056
853,1,2015-06-04,-0.433883739117558,-0.9009688679024191,1.2246467991473532e-16,-1.0,0.4559066935084588,-0.8900275764346767,11056.0,8990.0,10907.0,7929.857142857143,9711.0,5696.223966470285,7734.566666666667,9277.0,4537.910704759165,14040.0,1,0,1,0,0,0,1,0,0,0
853,1,2015-06-05,-0.9749279121818236,-0.2225209339563146,1.2246467991473532e-16,-1.0,0.440518784350495,-0.8977433935342337,0.0,9711.0,9980.0,8369.857142857143,11056.0,5969.154670151415,7782.233333333334,9277.0,4584.587032004409,14040.0,1,0,1,0,0,0,1,0,0,12791
853,1,2015-06-06,-0.7818314824680299,0.6234898018587334,1.2246467991473532e-16,-1.0,0.42500033996955416,-0.9051931898913974,12791.0,8484.0,8755.0,8250.57142857143,11056.0,5974.8339964985025,7717.566666666667,8872.5,4571.887866933756,14040.0,0,0,1,0,0,0,1,0,0,7649
853,1,2015-06-07,-2.4492935982947064e-16,1.0,1.2246467991473532e-16,-1.0,0.4093559588156213,-0.9123747579707273,7649.0,0.0,0.0,8250.57142857143,11056.0,5974.8339964985025,7373.9,8750.5,4754.161598736055,14040.0,0,0,1,0,0,0,1,0,0,0
853,1,2015-06-08,0.7818314824680298,0.6234898018587336,1.2246467991473532e-16,-1.0,0.39359027665646673,-0.9192859697186104,0.0,14024.0,0.0,7427.714285714285,8264.0,5417.870021643982,7357.833333333333,8653.0,4750.177485492323,14040.0,0,0,1,0,0,0,1,0,0,8264
853,1,2015-06-09,0.9749279121818236,-0.22252093395631434,1.2246467991473532e-16,-1.0,0.3777079652039649,-0.9259247771938498,8264.0,12234.0,10339.0,6956.0,8264.0,5061.69908890944,7655.566666666667,8843.5,4548.748722855349,14040.0,0,0,1,0,0,0,1,0,0,8932
853,1,2015-06-10,0.43388373911755823,-0.900968867902419,1.2246467991473532e-16,-1.0,0.36171373072976765,-0.9322892131745133,8932.0,11056.0,8344.0,6511.857142857143,7947.0,4769.976010721348,7635.433333333333,8843.5,4545.984607005004,14040.0,0,0,1,0,0,0,1,0,0,7947
853,1,2015-06-11,-0.433883739117558,-0.9009688679024191,1.2246467991473532e-16,-1.0,0.3456123126707335,-0.9383773917408641,7947.0,0.0,8990.0,7663.142857142857,8059.0,3812.855073238924,7620.633333333333,8843.5,4543.784959422186,14040.0,0,0,1,0,0,0,1,0,0,8059
853,1,2015-06-12,-0.9749279121818236,-0.2225209339563146,1.2246467991473532e-16,-1.0,0.3294084822245304,-0.9441875088341993,8059.0,12791.0,9711.0,6934.0,7947.0,3087.9142906930992,7558.066666666667,8619.5,4529.00142707383,14040.0,0,0,1,0,0,0,1,0,0,7687
853,1,2015-06-13,-0.7818314824680299,0.6234898018587334,1.2246467991473532e-16,-1.0,0.3131070409358269,-0.9497178427914316,7687.0,7649.0,8484.0,6971.285714285715,7947.0,3099.5404882167995,7821.733333333334,8619.5,4298.185847727993,14040.0,0,0,1,0,0,0,1,0,0,7910
853,1,2015-06-14,-2.4492935982947064e-16,1.0,1.2246467991473532e-16,-1.0,0.29671281927349075,-0.9549667548552551,7910.0,0.0,0.0,6971.285714285715,7947.0,3099.5404882167995,7498.133333333333,8414.0,4511.4324029554955,14040.0,0,0,1,0,0,0,1,0,0,0
853,1,2015-06-15,0.7818314824680298,0.6234898018587336,1.2246467991473532e-16,-1.0,0.28023067519921585,-0.9599326896597447,0.0,8264.0,14024.0,7618.857142857143,7947.0,3807.346032280728,7647.1,8619.5,4612.431570186726,14040.0,1,0,1,0,0,0,1,0,0,12797
853,1,2015-06-16,0.9749279121818236,-0.22252093395631434,1.2246467991473532e-16,-1.0,0.26366549272800704,-0.9646141756912435,12797.0,8932.0,12234.0,7980.428571428572,7947.0,4064.3420073095403,8029.2,8843.5,4428.21738400454,14040.0,1,0,1,0,0,0,1,0,0,11463
853,1,2015-06-17,0.43388373911755823,-0.900968867902419,1.2246467991473532e-16,-1.0,0.24702218048093552,-0.9690098257244062,11463.0,7947.0,11056.0,8444.857142857143,8059.0,4241.7576321053275,7978.366666666667,8843.5,4380.97840184944,14040.0,1,0,1,0,0,0,1,0,0,11198
853,1,2015-06-18,-0.433883739117558,-0.9009688679024191,1.2246467991473532e-16,-1.0,0.23030567023061221,-0.9731183372332619,11198.0,8059.0,0.0,8607.57142857143,9198.0,4246.332804398905,7917.0,8843.5,4349.4083386768525,14040.0,1,0,1,0,0,0,1,0,0,9198
853,1,2015-06-19,-0.9749279121818236,-0.2225209339563146,1.2246467991473532e-16,-1.0,0.21352091543979612,-0.9769384927771817,9198.0,7687.0,12791.0,8880.142857142857,9595.0,4238.6230243862365,7877.133333333333,8843.5,4327.583388175115,14040.0,1,0,1,0,0,0,1,0,0,9595
853,1,2015-06-20,-0.7818314824680299,0.6234898018587334,1.2246467991473532e-16,-1.0,0.19667288979357647,-0.980469160361632,9595.0,7910.0,7649.0,8821.57142857143,9595.0,4257.055980257671,7763.566666666667,8619.5,4289.870094354466,14040.0,0,0,1,0,0,0,1,0,0,7500
853,1,2015-06-21,-2.4492935982947064e-16,1.0,1.2246467991473532e-16,-1.0,0.1797665857255624,-0.9837092937736097,7500.0,0.0,0.0,8821.57142857143,9595.0,4257.055980257671,7430.9,8414.0,4494.160788907284,14040.0,0,0,1,0,0,0,1,0,0,0
853,1,2015-06-22,0.7818314824680298,0.6234898018587336,1.2246467991473532e-16,-1.0,0.16280701293851715,-0.986657932891657,0.0,12797.0,8264.0,8130.285714285715,9198.0,3880.114805616181,7404.333333333333,8304.0,4488.415643465494,14040.0,0,0,1,0,0,0,1,0,0,7958
853,1,2015-06-23,0.9749279121818236,-0.22252093395631434,1.2246467991473532e-16,-1.0,0.1457991969198751,-0.9893142039703663,7958.0,11463.0,8932.0,7539.571428571428,7958.0,3592.2560161706574,7648.6,8304.0,4265.426619727021,14040.0,0,0,1,0,0,0,1,0,0,7328
853,1,2015-06-24,0.43388373911755823,-0.900968867902419,1.2246467991473532e-16,-1.0,0.12874817745258132,-0.99167731989929,7328.0,11198.0,7947.0,7119.0,7958.0,3248.434648667981,7923.733333333334,8304.0,4013.8404512157813,14040.0,0,0,1,0,0,0,1,0,0,8254
853,1,2015-06-25,-0.433883739117558,-0.9009688679024191,1.2246467991473532e-16,-1.0,0.11165900712169512,-0.993746580436178,8254.0,9198.0,8059.0,6951.714285714285,7958.0,3152.255738054139,7846.666666666667,8259.0,3987.9798388911536,14040.0,0,0,1,0,0,0,1,0,0,8027
853,1,2015-06-26,-0.9749279121818236,-0.2225209339563146,1.2246467991473532e-16,-1.0,0.09453674981719912,-0.9955213724144752,8027.0,9595.0,7687.0,6700.142857142857,7834.0,2971.216048947605,7829.666666666667,8156.5,3986.8735597720192,14040.0,0,0,1,0,0,0,1,0,0,7834
853,1,2015-06-27,-0.7818314824680299,0.6234898018587334,1.2246467991473532e-16,-1.0,0.07738647923346301,-0.9970011699250151,7834.0,7500.0,7910.0,6579.857142857143,7834.0,2950.4088094460994,7751.933333333333,8043.0,3986.203871573448,14040.0,0,0,1,0,0,0,1,0,0,6658
853,1,2015-06-28,-2.4492935982947064e-16,1.0,1.2246467991473532e-16,-1.0,0.06021327736579302,-0.9981855344718586,6658.0,0.0,0.0,6579.857142857143,7834.0,2950.4088094460994,7428.233333333334,7992.5,4209.660054121281,14040.0,0,0,1,0,0,0,1,0,0,0
853,1,2015-06-29,0.7818314824680298,0.6234898018587336,1.2246467991473532e-16,-1.0,0.04302223300453059,-0.99907411510223,0.0,7958.0,12797.0,7446.0,7834.0,4091.645512504718,7612.8,7992.5,4375.653168188252,14040.0,1,0,1,0,0,0,1,0,0,14021
853,1,2015-06-30,0.9749279121818236,-0.22252093395631434,1.2246467991473532e-16,-1.0,0.02581844022713308,-0.9996666485105112,14021.0,7328.0,11463.0,8189.428571428572,8027.0,4517.264063462264,8030.533333333334,8043.0,4219.219773708238,14040.0,1,0,1,0,0,0,1,0,0,12532
853,1,2015-07-01,0.43388373911755823,-0.900968867902419,-0.4999999999999998,-0.8660254037844388,0.008606996888688698,-0.9999629591162655,12532.0,8254.0,11198.0,8583.57142857143,8027.0,4642.466903746427,7930.166666666667,8043.0,4106.02547217634,14040.0,1,0,1,0,0,0,1,0,0,11013
853,1,2015-07-02,-0.433883739117558,-0.9009688679024191,-0.4999999999999998,-0.8660254037844388,-0.008606996888688009,-0.9999629591162655,11013.0,8027.0,9198.0,8996.285714285714,10916.0,4712.626893580184,7886.233333333334,8043.0,4065.2362418805214,14040.0,1,0,1,0,0,0,1,0,0,10916
853,1,2015-07-03,-0.9749279121818236,-0.2225209339563146,-0.4999999999999998,-0.8660254037844388,-0.02581844022713239,-0.9996666485105112,10916.0,7834.0,9595.0,9290.285714285714,10916.0,4692.182460017429,7847.433333333333,8043.0,4039.4124759146257,14040.0,1,0,1,0,0,0,1,0,0,9892
853,1,2015-07-04,-0.7818314824680299,0.6234898018587334,-0.4999999999999998,-0.8660254037844388,-0.04302223300453034,-0.99907411510223,9892.0,6658.0,7500.0,9487.42857142857,10916.0,4591.0545577656685,8115.366666666667,8048.5,3757.7010532700892,14040.0,0,0,1,0,0,0,1,0,0,8038
853,1,2015-07-05,-2.4492935982947064e-16,1.0,-0.4999999999999998,-0.8660254037844388,-0.060213277365792774,-0.9981855344718586,8038.0,0.0,0.0,9487.42857142857,10916.0,4591.0545577656685,7689.0,8032.5,3930.5749864540107,14040.0,0,0,1,0,0,0,1,0,0,0
853,1,2015-07-06,0.7818314824680298,0.6234898018587336,-0.4999999999999998,-0.8660254037844388,-0.07738647923346322,-0.9970011699250151,0.0,14021.0,7958.0,8654.285714285714,9892.0,4138.044011135602,7707.0,8048.5,3931.6218115385327,14040.0,0,0,1,0,0,0,1,0,0,8189
853,1,2015-07-07,0.9749279121818236,-0.22252093395631434,-0.4999999999999998,-0.8660254037844388,-0.09453674981719933,-0.9955213724144752,8189.0,12532.0,7328.0,7967.428571428572,8189.0,3769.7657689014236,7964.466666666666,8048.5,3652.517409935929,14040.0,0,0,1,0,0,0,1,0,0,7724
853,1,2015-07-08,0.43388373911755823,-0.900968867902419,-0.4999999999999998,-0.8660254037844388,-0.11165900712169444,-0.9937465804361781,7724.0,11013.0,8254.0,7693.428571428572,8189.0,3576.2453242259003,7992.166666666667,8048.5,3658.0142821626273,14040.0,0,0,1,0,0,0,1,0,0,9095
853,1,2015-07-09,-0.433883739117558,-0.9009688679024191,-0.4999999999999998,-0.8660254037844388,-0.12874817745258066,-0.99167731989929,9095.0,10916.0,8027.0,7423.571428571428,8189.0,3357.1036552929004,7995.333333333333,8048.5,3658.896944514115,14040.0,0,0,1,0,0,0,1,0,0,9027
853,1,2015-07-10,-0.9749279121818236,-0.2225209339563146,-0.4999999999999998,-0.8660254037844388,-0.14579919691987442,-0.9893142039703664,9027.0,9892.0,7834.0,7310.857142857143,8189.0,3272.5952712677154,8033.866666666667,8124.0,3664.453308554323,14040.0,0,0,1,0,0,0,1,0,0,9103
853,1,2015-07-11,-0.7818314824680299,0.6234898018587334,-0.4999999999999998,-0.8660254037844388,-0.16280701293851646,-0.9866579328916572,9103.0,8038.0,6658.0,7338.142857142857,8229.0,3280.455173121124,8039.533333333334,8209.0,3664.624953603673,14040.0,0,0,1,0,0,0,1,0,0,8229
853,1,2015-07-12,-2.4492935982947064e-16,1.0,-0.4999999999999998,-0.8660254037844388,-0.17976658572556214,-0.9837092937736098,8229.0,0.0,0.0,7338.142857142857,8229.0,3280.455173121124,7783.3,8209.0,3947.915016291775,14040.0,0,0,1,0,0,0,1,0,0,0
853,1,2015-07-13,0.7818314824680298,0.6234898018587336,-0.4999999999999998,-0.8660254037844388,-0.19667288979357622,-0.9804691603616321,0.0,8189.0,14021.0,8099.285714285715,9027.0,4040.7768524664366,7970.2,8241.5,4084.479753306708,14040.0,1,0,1,0,0,0,1,0,0,13517
853,1,2015-07-14,0.9749279121818236,-0.22252093395631434,-0.4999999999999998,-0.8660254037844388,-0.2135209154397959,-0.9769384927771817,13517.0,7724.0,12532.0,8693.0,9095.0,4274.980506778167,8366.2,8640.5,3854.5281870583844,14040.0,1,0,1,0,0,0,1,0,0,11880
853,1,2015-07-15,0.43388373911755823,-0.900968867902419,-0.4999999999999998,-0.8660254037844388,-0.23030567023061196,-0.973118337233262,11880.0,9095.0,11013.0,9029.142857142857,9103.0,4402.465726861534,8321.233333333334,8640.5,3808.652043959127,14040.0,1,0,1,0,0,0,1,0,0,11448
853,1,2015-07-16,-0.433883739117558,-0.9009688679024191,-0.4999999999999998,-0.8660254037844388,-0.24702218048093527,-0.9690098257244063,11448.0,9027.0,10916.0,9212.142857142857,10308.0,4428.906465053247,8282.733333333334,8640.5,3781.5393593663407,14040.0,1,0,1,0,0,0,1,0,0,10308
853,1,2015-07-17,-0.9749279121818236,-0.2225209339563146,-0.4999999999999998,-0.8660254037844388,-0.2636654927280072,-0.9646141756912435,10308.0,9103.0,9892.0,9415.57142857143,10527.0,4455.680451481486,8260.366666666667,8640.5,3765.652862600217,14040.0,1,0,1,0,0,0,1,0,0,10527
853,1,2015-07-18,-0.7818314824680299,0.6234898018587334,-0.4999999999999998,-0.8660254037844388,-0.2802306751992161,-0.9599326896597445,10527.0,8229.0,8038.0,9372.285714285714,10527.0,4470.575753907828,8217.966666666667,8241.5,3761.890642449238,14040.0,0,0,1,0,0,0,1,0,0,7926
853,1,2015-07-19,-2.4492935982947064e-16,1.0,-0.4999999999999998,-0.8660254037844388,-0.2967128192734901,-0.9549667548552553,7926.0,0.0,0.0,9372.285714285714,10527.0,4470.575753907828,7898.133333333333,8209.0,4038.4905402486925,14040.0,0,0,1,0,0,0,1,0,0,0
853,1,2015-07-20,0.7818314824680298,0.6234898018587336,-0.4999999999999998,-0.8660254037844388,-0.3131070409358267,-0.9497178427914317,0.0,13517.0,8189.0,8804.57142857143,10308.0,4092.8937545108915,7966.233333333334,8241.5,4048.757652649152,14040.0,0,0,1,0,0,0,1,0,0,9543
853,1,2015-07-21,0.9749279121818236,-0.22252093395631434,-0.4999999999999998,-0.8660254037844388,-0.3294084822245302,-0.9441875088341994,9543.0,11880.0,7724.0,8302.857142857143,9543.0,3861.799857949286,8245.166666666666,8311.0,3758.8844005611054,14040.0,0,0,1,0,0,0,1,0,0,8368
853,1,2015-07-22,0.43388373911755823,-0.900968867902419,-0.4999999999999998,-0.8660254037844388,-0.3456123126707333,-0.9383773917408642,8368.0,11448.0,9095.0,7830.571428571428,8368.0,3606.78905478464,8251.3,8311.0,3758.5497767274474,14040.0,0,0,1,0,0,0,1,0,0,8142
853,1,2015-07-23,-0.433883739117558,-0.9009688679024191,-0.4999999999999998,-0.8660254037844388,-0.3617137307297674,-0.9322892131745134,8142.0,10308.0,9027.0,7595.142857142857,8368.0,3469.2909183564398,8295.7,8514.0,3755.132617613136,14040.0,0,0,1,0,0,0,1,0,0,8660
853,1,2015-07-24,-0.9749279121818236,-0.2225209339563146,-0.4999999999999998,-0.8660254037844388,-0.37770796520396466,-0.9259247771938499,8660.0,10527.0,9103.0,7260.714285714285,8186.0,3245.1580708436845,8293.433333333332,8514.0,3755.179179189204,14040.0,0,0,1,0,0,0,1,0,0,8186
853,1,2015-07-25,-0.7818314824680299,0.6234898018587334,-0.4999999999999998,-0.8660254037844388,-0.39359027665646645,-0.9192859697186105,8186.0,7926.0,8229.0,7298.571428571428,8191.0,3255.741075758475,8298.9,8514.0,3754.8973019612504,14040.0,0,0,1,0,0,0,1,0,0,8191
853,1,2015-07-26,-2.4492935982947064e-16,1.0,-0.4999999999999998,-0.8660254037844388,-0.4093559588156211,-0.9123747579707274,8191.0,0.0,0.0,7298.571428571428,8191.0,3255.741075758475,8037.766666666666,8514.0,4049.215545001905,14040.0,0,0,1,0,0,0,1,0,0,0
853,1,2015-07-27,0.7818314824680298,0.6234898018587336,-0.4999999999999998,-0.8660254037844388,-0.42500033996955394,-0.9051931898913975,0.0,9543.0,13517.0,7938.714285714285,8191.0,4101.311770408978,8283.3,8843.5,4183.757114909007,14040.0,1,0,1,0,0,0,1,0,0,14024
853,1,2015-07-28,0.9749279121818236,-0.22252093395631434,-0.4999999999999998,-0.8660254037844388,-0.4405187843504952,-0.8977433935342336,14024.0,8368.0,11880.0,8588.714285714286,8191.0,4519.88291567697,8713.9,9061.0,3960.650324082547,14040.0,1,0,1,0,0,0,1,0,0,12918
853,1,2015-07-29,0.43388373911755823,-0.900968867902419,-0.4999999999999998,-0.8660254037844388,-0.455906693508459,-0.8900275764346766,12918.0,8142.0,11448.0,8993.857142857143,8660.0,4599.568763430304,8612.466666666667,9061.0,3857.674641125353,14040.0,1,0,1,0,0,0,1,0,0,10978
853,1,2015-07-30,-0.433883739117558,-0.9009688679024191,-0.4999999999999998,-0.8660254037844388,-0.47115950767386394,-0.8820480249558535,10978.0,8660.0,10308.0,9506.57142857143,10978.0,4753.604942817705,8603.033333333333,9061.0,3848.0936568584234,14040.0,1,0,1,0,0,0,1,0,0,12249
853,1,2015-07-31,-0.9749279121818236,-0.2225209339563146,-0.4999999999999998,-0.8660254037844388,-0.4862727071086902,-0.8738071036110807,12249.0,8186.0,10527.0,10200.857142857143,12249.0,4881.768410066557,8670.8,9061.0,3909.4102333234105,14040.0,1,0,1,0,0,0,1,0,0,13046
