2025-03-24 15:32:51 - [Cluster 0 - CLIENT] - INFO - Initialized client logging for cluster 0 -> ../logs/../logs/clients_cluster_0_20250324_153243.log
2025-03-24 15:32:51 - [Cluster 0 - CLIENT] - INFO - Loading pickle data for store 1, cluster 0...
2025-03-24 15:32:52 - [Cluster 0 - CLIENT] - INFO - [Store 1, Cluster 0] Connecting to 127.0.0.1:8080 ...
2025-03-24 15:32:52 - [Cluster 0 - CLIENT] - WARNING - DEPRECATED FEATURE: flwr.client.start_client() is deprecated.
	Instead, use the `flower-supernode` CLI command to start a SuperNode as shown below:

		$ flower-supernode --insecure --superlink='<IP>:<PORT>'

	To view all available options, run:

		$ flower-supernode --help

	Using `start_client()` is deprecated.

            This is a deprecated feature. It will be removed
            entirely in future versions of Flower.
        
2025-03-24 15:32:52 - [Cluster 0 - CLIENT] - DEBUG - Opened insecure gRPC connection (no certificates were passed)
2025-03-24 15:32:52 - [Cluster 0 - CLIENT] - DEBUG - ChannelConnectivity.IDLE
2025-03-24 15:32:52 - [Cluster 0 - CLIENT] - DEBUG - ChannelConnectivity.CONNECTING
2025-03-24 15:32:52 - [Cluster 0 - CLIENT] - DEBUG - ChannelConnectivity.READY
2025-03-24 15:32:52 - [Cluster 0 - CLIENT] - INFO - 
2025-03-24 15:32:52 - [Cluster 0 - CLIENT] - INFO - Received: get_parameters message ce57b6fa-e4cc-48ed-a246-c1b0177f65c3
2025-03-24 15:32:52 - [Cluster 0 - CLIENT] - INFO - [Store 1] Sending model parameters to server.
2025-03-24 15:32:52 - [Cluster 0 - CLIENT] - INFO - Sent reply
2025-03-24 15:32:56 - [Cluster 0 - CLIENT] - INFO - Initialized client logging for cluster 0 -> ../logs/../logs/clients_cluster_0_20250324_153243.log
2025-03-24 15:32:56 - [Cluster 0 - CLIENT] - INFO - Loading pickle data for store 10, cluster 0...
2025-03-24 15:32:56 - [Cluster 0 - CLIENT] - INFO - [Store 10, Cluster 0] Connecting to 127.0.0.1:8080 ...
2025-03-24 15:32:56 - [Cluster 0 - CLIENT] - WARNING - DEPRECATED FEATURE: flwr.client.start_client() is deprecated.
	Instead, use the `flower-supernode` CLI command to start a SuperNode as shown below:

		$ flower-supernode --insecure --superlink='<IP>:<PORT>'

	To view all available options, run:

		$ flower-supernode --help

	Using `start_client()` is deprecated.

            This is a deprecated feature. It will be removed
            entirely in future versions of Flower.
        
2025-03-24 15:32:56 - [Cluster 0 - CLIENT] - DEBUG - Opened insecure gRPC connection (no certificates were passed)
2025-03-24 15:32:56 - [Cluster 0 - CLIENT] - DEBUG - ChannelConnectivity.IDLE
2025-03-24 15:32:56 - [Cluster 0 - CLIENT] - DEBUG - ChannelConnectivity.CONNECTING
2025-03-24 15:32:56 - [Cluster 0 - CLIENT] - DEBUG - ChannelConnectivity.READY
2025-03-24 15:32:56 - [Cluster 0 - CLIENT] - INFO - 
2025-03-24 15:32:56 - [Cluster 0 - CLIENT] - INFO - Received: train message 8d707255-6035-4b57-8aa3-0a1b4337846d
2025-03-24 15:32:56 - [Cluster 0 - CLIENT] - INFO - 
2025-03-24 15:32:56 - [Cluster 0 - CLIENT] - INFO - Received: train message 80bddc69-b297-4949-aecc-b134917fd059
2025-03-24 15:32:56 - [Cluster 0 - CLIENT] - INFO - [Store 1] Starting local training.
2025-03-24 15:32:56 - [Cluster 0 - CLIENT] - INFO - [Store 10] Starting local training.
2025-03-24 15:32:56 - [Cluster 0 - CLIENT] - ERROR - Client raised an exception.
Traceback (most recent call last):
  File "/Users/joyngugi/PycharmProjects/cGAN_LSTM_Clustering_FLFramework/.venv1/lib/python3.12/site-packages/flwr/client/app.py", line 570, in start_client_internal
    reply_message = client_app(message=message, context=context)
                    ^^^^^^^^^^^^^^^^^^^^^^^^^^^^^^^^^^^^^^^^^^^^
  File "/Users/joyngugi/PycharmProjects/cGAN_LSTM_Clustering_FLFramework/.venv1/lib/python3.12/site-packages/flwr/client/client_app.py", line 143, in __call__
    return self._call(message, context)
           ^^^^^^^^^^^^^^^^^^^^^^^^^^^^
  File "/Users/joyngugi/PycharmProjects/cGAN_LSTM_Clustering_FLFramework/.venv1/lib/python3.12/site-packages/flwr/client/client_app.py", line 124, in ffn
    out_message = handle_legacy_message_from_msgtype(
                  ^^^^^^^^^^^^^^^^^^^^^^^^^^^^^^^^^^^
  File "/Users/joyngugi/PycharmProjects/cGAN_LSTM_Clustering_FLFramework/.venv1/lib/python3.12/site-packages/flwr/client/message_handler/message_handler.py", line 128, in handle_legacy_message_from_msgtype
    fit_res = maybe_call_fit(
              ^^^^^^^^^^^^^^^
  File "/Users/joyngugi/PycharmProjects/cGAN_LSTM_Clustering_FLFramework/.venv1/lib/python3.12/site-packages/flwr/client/client.py", line 224, in maybe_call_fit
    return client.fit(fit_ins)
           ^^^^^^^^^^^^^^^^^^^
  File "/Users/joyngugi/PycharmProjects/cGAN_LSTM_Clustering_FLFramework/.venv1/lib/python3.12/site-packages/flwr/client/numpy_client.py", line 227, in _fit
    results = self.numpy_client.fit(parameters, ins.config)  # type: ignore
              ^^^^^^^^^^^^^^^^^^^^^^^^^^^^^^^^^^^^^^^^^^^^^
  File "/Users/joyngugi/PycharmProjects/cGAN_LSTM_Clustering_FLFramework/scripts/client.py", line 87, in fit
    self.model.fit(
  File "/Users/joyngugi/PycharmProjects/cGAN_LSTM_Clustering_FLFramework/.venv1/lib/python3.12/site-packages/keras/src/utils/traceback_utils.py", line 122, in error_handler
    raise e.with_traceback(filtered_tb) from None
  File "/Users/joyngugi/PycharmProjects/cGAN_LSTM_Clustering_FLFramework/.venv1/lib/python3.12/site-packages/optree/ops.py", line 766, in tree_map
    return treespec.unflatten(map(func, *flat_args))
           ^^^^^^^^^^^^^^^^^^^^^^^^^^^^^^^^^^^^^^^^^
ValueError: Invalid dtype: object
2025-03-24 15:32:57 - [Cluster 0 - CLIENT] - ERROR - Client raised an exception.
Traceback (most recent call last):
  File "/Users/joyngugi/PycharmProjects/cGAN_LSTM_Clustering_FLFramework/.venv1/lib/python3.12/site-packages/flwr/client/app.py", line 570, in start_client_internal
    reply_message = client_app(message=message, context=context)
                    ^^^^^^^^^^^^^^^^^^^^^^^^^^^^^^^^^^^^^^^^^^^^
  File "/Users/joyngugi/PycharmProjects/cGAN_LSTM_Clustering_FLFramework/.venv1/lib/python3.12/site-packages/flwr/client/client_app.py", line 143, in __call__
    return self._call(message, context)
           ^^^^^^^^^^^^^^^^^^^^^^^^^^^^
  File "/Users/joyngugi/PycharmProjects/cGAN_LSTM_Clustering_FLFramework/.venv1/lib/python3.12/site-packages/flwr/client/client_app.py", line 124, in ffn
    out_message = handle_legacy_message_from_msgtype(
                  ^^^^^^^^^^^^^^^^^^^^^^^^^^^^^^^^^^^
  File "/Users/joyngugi/PycharmProjects/cGAN_LSTM_Clustering_FLFramework/.venv1/lib/python3.12/site-packages/flwr/client/message_handler/message_handler.py", line 128, in handle_legacy_message_from_msgtype
    fit_res = maybe_call_fit(
              ^^^^^^^^^^^^^^^
  File "/Users/joyngugi/PycharmProjects/cGAN_LSTM_Clustering_FLFramework/.venv1/lib/python3.12/site-packages/flwr/client/client.py", line 224, in maybe_call_fit
    return client.fit(fit_ins)
           ^^^^^^^^^^^^^^^^^^^
  File "/Users/joyngugi/PycharmProjects/cGAN_LSTM_Clustering_FLFramework/.venv1/lib/python3.12/site-packages/flwr/client/numpy_client.py", line 227, in _fit
    results = self.numpy_client.fit(parameters, ins.config)  # type: ignore
              ^^^^^^^^^^^^^^^^^^^^^^^^^^^^^^^^^^^^^^^^^^^^^
  File "/Users/joyngugi/PycharmProjects/cGAN_LSTM_Clustering_FLFramework/scripts/client.py", line 87, in fit
    self.model.fit(
  File "/Users/joyngugi/PycharmProjects/cGAN_LSTM_Clustering_FLFramework/.venv1/lib/python3.12/site-packages/keras/src/utils/traceback_utils.py", line 122, in error_handler
    raise e.with_traceback(filtered_tb) from None
  File "/Users/joyngugi/PycharmProjects/cGAN_LSTM_Clustering_FLFramework/.venv1/lib/python3.12/site-packages/optree/ops.py", line 766, in tree_map
    return treespec.unflatten(map(func, *flat_args))
           ^^^^^^^^^^^^^^^^^^^^^^^^^^^^^^^^^^^^^^^^^
ValueError: Invalid dtype: object
2025-03-24 15:32:57 - [Cluster 0 - CLIENT] - DEBUG - gRPC channel closed
2025-03-24 15:32:57 - [Cluster 0 - CLIENT] - DEBUG - gRPC channel closed
2025-03-24 15:32:58 - [Cluster 0 - CLIENT] - INFO - Initialized client logging for cluster 0 -> ../logs/../logs/clients_cluster_0_20250324_153243.log
2025-03-24 15:32:58 - [Cluster 0 - CLIENT] - INFO - Loading pickle data for store 1001, cluster 0...
2025-03-24 15:32:59 - [Cluster 0 - CLIENT] - INFO - [Store 1001, Cluster 0] Connecting to 127.0.0.1:8080 ...
2025-03-24 15:32:59 - [Cluster 0 - CLIENT] - WARNING - DEPRECATED FEATURE: flwr.client.start_client() is deprecated.
	Instead, use the `flower-supernode` CLI command to start a SuperNode as shown below:

		$ flower-supernode --insecure --superlink='<IP>:<PORT>'

	To view all available options, run:

		$ flower-supernode --help

	Using `start_client()` is deprecated.

            This is a deprecated feature. It will be removed
            entirely in future versions of Flower.
        
2025-03-24 15:33:00 - [Cluster 0 - CLIENT] - DEBUG - Opened insecure gRPC connection (no certificates were passed)
2025-03-24 15:33:00 - [Cluster 0 - CLIENT] - DEBUG - ChannelConnectivity.IDLE
2025-03-24 15:33:00 - [Cluster 0 - CLIENT] - DEBUG - ChannelConnectivity.CONNECTING
2025-03-24 15:33:00 - [Cluster 0 - CLIENT] - DEBUG - ChannelConnectivity.READY
2025-03-24 15:33:00 - [Cluster 0 - CLIENT] - INFO - Initialized client logging for cluster 0 -> ../logs/../logs/clients_cluster_0_20250324_153243.log
2025-03-24 15:33:00 - [Cluster 0 - CLIENT] - INFO - Loading pickle data for store 1002, cluster 0...
2025-03-24 15:33:02 - [Cluster 0 - CLIENT] - INFO - [Store 1002, Cluster 0] Connecting to 127.0.0.1:8080 ...
2025-03-24 15:33:02 - [Cluster 0 - CLIENT] - WARNING - DEPRECATED FEATURE: flwr.client.start_client() is deprecated.
	Instead, use the `flower-supernode` CLI command to start a SuperNode as shown below:

		$ flower-supernode --insecure --superlink='<IP>:<PORT>'

	To view all available options, run:

		$ flower-supernode --help

	Using `start_client()` is deprecated.

            This is a deprecated feature. It will be removed
            entirely in future versions of Flower.
        
2025-03-24 15:33:02 - [Cluster 0 - CLIENT] - DEBUG - Opened insecure gRPC connection (no certificates were passed)
2025-03-24 15:33:02 - [Cluster 0 - CLIENT] - DEBUG - ChannelConnectivity.IDLE
2025-03-24 15:33:02 - [Cluster 0 - CLIENT] - DEBUG - ChannelConnectivity.CONNECTING
2025-03-24 15:33:02 - [Cluster 0 - CLIENT] - DEBUG - ChannelConnectivity.READY
2025-03-24 15:33:02 - [Cluster 0 - CLIENT] - INFO - 
2025-03-24 15:33:02 - [Cluster 0 - CLIENT] - INFO - Received: evaluate message 9218c3e0-140f-4e81-bece-46da6eb9e315
2025-03-24 15:33:02 - [Cluster 0 - CLIENT] - INFO - 
2025-03-24 15:33:02 - [Cluster 0 - CLIENT] - INFO - Received: evaluate message 611891a2-2063-44ef-bf99-2813671f26d5
2025-03-24 15:33:03 - [Cluster 0 - CLIENT] - INFO - Initialized client logging for cluster 0 -> ../logs/../logs/clients_cluster_0_20250324_153243.log
2025-03-24 15:33:03 - [Cluster 0 - CLIENT] - INFO - Loading pickle data for store 1003, cluster 0...
2025-03-24 15:33:03 - [Cluster 0 - CLIENT] - ERROR - Client raised an exception.
Traceback (most recent call last):
  File "/Users/joyngugi/PycharmProjects/cGAN_LSTM_Clustering_FLFramework/.venv1/lib/python3.12/site-packages/flwr/client/app.py", line 570, in start_client_internal
    reply_message = client_app(message=message, context=context)
                    ^^^^^^^^^^^^^^^^^^^^^^^^^^^^^^^^^^^^^^^^^^^^
  File "/Users/joyngugi/PycharmProjects/cGAN_LSTM_Clustering_FLFramework/.venv1/lib/python3.12/site-packages/flwr/client/client_app.py", line 143, in __call__
    return self._call(message, context)
           ^^^^^^^^^^^^^^^^^^^^^^^^^^^^
  File "/Users/joyngugi/PycharmProjects/cGAN_LSTM_Clustering_FLFramework/.venv1/lib/python3.12/site-packages/flwr/client/client_app.py", line 124, in ffn
    out_message = handle_legacy_message_from_msgtype(
                  ^^^^^^^^^^^^^^^^^^^^^^^^^^^^^^^^^^^
  File "/Users/joyngugi/PycharmProjects/cGAN_LSTM_Clustering_FLFramework/.venv1/lib/python3.12/site-packages/flwr/client/message_handler/message_handler.py", line 135, in handle_legacy_message_from_msgtype
    evaluate_res = maybe_call_evaluate(
                   ^^^^^^^^^^^^^^^^^^^^
  File "/Users/joyngugi/PycharmProjects/cGAN_LSTM_Clustering_FLFramework/.venv1/lib/python3.12/site-packages/flwr/client/client.py", line 244, in maybe_call_evaluate
    return client.evaluate(evaluate_ins)
           ^^^^^^^^^^^^^^^^^^^^^^^^^^^^^
  File "/Users/joyngugi/PycharmProjects/cGAN_LSTM_Clustering_FLFramework/.venv1/lib/python3.12/site-packages/flwr/client/numpy_client.py", line 251, in _evaluate
    results = self.numpy_client.evaluate(parameters, ins.config)  # type: ignore
              ^^^^^^^^^^^^^^^^^^^^^^^^^^^^^^^^^^^^^^^^^^^^^^^^^^
  File "/Users/joyngugi/PycharmProjects/cGAN_LSTM_Clustering_FLFramework/scripts/client.py", line 104, in evaluate
    loss, mae = self.model.evaluate(self.x_val, self.y_val, verbose=0)
                ^^^^^^^^^^^^^^^^^^^^^^^^^^^^^^^^^^^^^^^^^^^^^^^^^^^^^^
  File "/Users/joyngugi/PycharmProjects/cGAN_LSTM_Clustering_FLFramework/.venv1/lib/python3.12/site-packages/keras/src/utils/traceback_utils.py", line 122, in error_handler
    raise e.with_traceback(filtered_tb) from None
  File "/Users/joyngugi/PycharmProjects/cGAN_LSTM_Clustering_FLFramework/.venv1/lib/python3.12/site-packages/optree/ops.py", line 766, in tree_map
    return treespec.unflatten(map(func, *flat_args))
           ^^^^^^^^^^^^^^^^^^^^^^^^^^^^^^^^^^^^^^^^^
ValueError: Invalid dtype: object
2025-03-24 15:33:03 - [Cluster 0 - CLIENT] - DEBUG - gRPC channel closed
2025-03-24 15:33:03 - [Cluster 0 - CLIENT] - ERROR - Client raised an exception.
Traceback (most recent call last):
  File "/Users/joyngugi/PycharmProjects/cGAN_LSTM_Clustering_FLFramework/.venv1/lib/python3.12/site-packages/flwr/client/app.py", line 570, in start_client_internal
    reply_message = client_app(message=message, context=context)
                    ^^^^^^^^^^^^^^^^^^^^^^^^^^^^^^^^^^^^^^^^^^^^
  File "/Users/joyngugi/PycharmProjects/cGAN_LSTM_Clustering_FLFramework/.venv1/lib/python3.12/site-packages/flwr/client/client_app.py", line 143, in __call__
    return self._call(message, context)
           ^^^^^^^^^^^^^^^^^^^^^^^^^^^^
  File "/Users/joyngugi/PycharmProjects/cGAN_LSTM_Clustering_FLFramework/.venv1/lib/python3.12/site-packages/flwr/client/client_app.py", line 124, in ffn
    out_message = handle_legacy_message_from_msgtype(
                  ^^^^^^^^^^^^^^^^^^^^^^^^^^^^^^^^^^^
  File "/Users/joyngugi/PycharmProjects/cGAN_LSTM_Clustering_FLFramework/.venv1/lib/python3.12/site-packages/flwr/client/message_handler/message_handler.py", line 135, in handle_legacy_message_from_msgtype
    evaluate_res = maybe_call_evaluate(
                   ^^^^^^^^^^^^^^^^^^^^
  File "/Users/joyngugi/PycharmProjects/cGAN_LSTM_Clustering_FLFramework/.venv1/lib/python3.12/site-packages/flwr/client/client.py", line 244, in maybe_call_evaluate
    return client.evaluate(evaluate_ins)
           ^^^^^^^^^^^^^^^^^^^^^^^^^^^^^
  File "/Users/joyngugi/PycharmProjects/cGAN_LSTM_Clustering_FLFramework/.venv1/lib/python3.12/site-packages/flwr/client/numpy_client.py", line 251, in _evaluate
    results = self.numpy_client.evaluate(parameters, ins.config)  # type: ignore
              ^^^^^^^^^^^^^^^^^^^^^^^^^^^^^^^^^^^^^^^^^^^^^^^^^^
  File "/Users/joyngugi/PycharmProjects/cGAN_LSTM_Clustering_FLFramework/scripts/client.py", line 104, in evaluate
    loss, mae = self.model.evaluate(self.x_val, self.y_val, verbose=0)
                ^^^^^^^^^^^^^^^^^^^^^^^^^^^^^^^^^^^^^^^^^^^^^^^^^^^^^^
  File "/Users/joyngugi/PycharmProjects/cGAN_LSTM_Clustering_FLFramework/.venv1/lib/python3.12/site-packages/keras/src/utils/traceback_utils.py", line 122, in error_handler
    raise e.with_traceback(filtered_tb) from None
  File "/Users/joyngugi/PycharmProjects/cGAN_LSTM_Clustering_FLFramework/.venv1/lib/python3.12/site-packages/optree/ops.py", line 766, in tree_map
    return treespec.unflatten(map(func, *flat_args))
           ^^^^^^^^^^^^^^^^^^^^^^^^^^^^^^^^^^^^^^^^^
ValueError: Invalid dtype: object
2025-03-24 15:33:03 - [Cluster 0 - CLIENT] - DEBUG - gRPC channel closed
2025-03-24 15:33:05 - [Cluster 0 - CLIENT] - INFO - [Store 1003, Cluster 0] Connecting to 127.0.0.1:8080 ...
2025-03-24 15:33:05 - [Cluster 0 - CLIENT] - WARNING - DEPRECATED FEATURE: flwr.client.start_client() is deprecated.
	Instead, use the `flower-supernode` CLI command to start a SuperNode as shown below:

		$ flower-supernode --insecure --superlink='<IP>:<PORT>'

	To view all available options, run:

		$ flower-supernode --help

	Using `start_client()` is deprecated.

            This is a deprecated feature. It will be removed
            entirely in future versions of Flower.
        
2025-03-24 15:33:05 - [Cluster 0 - CLIENT] - DEBUG - Opened insecure gRPC connection (no certificates were passed)
2025-03-24 15:33:05 - [Cluster 0 - CLIENT] - DEBUG - ChannelConnectivity.IDLE
2025-03-24 15:33:05 - [Cluster 0 - CLIENT] - DEBUG - ChannelConnectivity.CONNECTING
2025-03-24 15:33:05 - [Cluster 0 - CLIENT] - DEBUG - ChannelConnectivity.READY
2025-03-24 15:33:06 - [Cluster 0 - CLIENT] - INFO - Initialized client logging for cluster 0 -> ../logs/../logs/clients_cluster_0_20250324_153243.log
2025-03-24 15:33:06 - [Cluster 0 - CLIENT] - INFO - Loading pickle data for store 1005, cluster 0...
2025-03-24 15:33:08 - [Cluster 0 - CLIENT] - INFO - [Store 1005, Cluster 0] Connecting to 127.0.0.1:8080 ...
2025-03-24 15:33:08 - [Cluster 0 - CLIENT] - WARNING - DEPRECATED FEATURE: flwr.client.start_client() is deprecated.
	Instead, use the `flower-supernode` CLI command to start a SuperNode as shown below:

		$ flower-supernode --insecure --superlink='<IP>:<PORT>'

	To view all available options, run:

		$ flower-supernode --help

	Using `start_client()` is deprecated.

            This is a deprecated feature. It will be removed
            entirely in future versions of Flower.
        
2025-03-24 15:33:08 - [Cluster 0 - CLIENT] - DEBUG - Opened insecure gRPC connection (no certificates were passed)
2025-03-24 15:33:08 - [Cluster 0 - CLIENT] - DEBUG - ChannelConnectivity.IDLE
2025-03-24 15:33:08 - [Cluster 0 - CLIENT] - DEBUG - ChannelConnectivity.CONNECTING
2025-03-24 15:33:08 - [Cluster 0 - CLIENT] - DEBUG - ChannelConnectivity.READY
2025-03-24 15:33:08 - [Cluster 0 - CLIENT] - INFO - 
2025-03-24 15:33:08 - [Cluster 0 - CLIENT] - INFO - Received: train message f25d8e28-5585-4fe7-a6d0-294baf214738
2025-03-24 15:33:08 - [Cluster 0 - CLIENT] - INFO - 
2025-03-24 15:33:08 - [Cluster 0 - CLIENT] - INFO - Received: train message 076d5a32-7b7f-4d51-b989-ace7a2d96c95
2025-03-24 15:33:08 - [Cluster 0 - CLIENT] - INFO - [Store 1005] Starting local training.
2025-03-24 15:33:08 - [Cluster 0 - CLIENT] - INFO - [Store 1003] Starting local training.
2025-03-24 15:33:09 - [Cluster 0 - CLIENT] - ERROR - Client raised an exception.
Traceback (most recent call last):
  File "/Users/joyngugi/PycharmProjects/cGAN_LSTM_Clustering_FLFramework/.venv1/lib/python3.12/site-packages/flwr/client/app.py", line 570, in start_client_internal
    reply_message = client_app(message=message, context=context)
                    ^^^^^^^^^^^^^^^^^^^^^^^^^^^^^^^^^^^^^^^^^^^^
  File "/Users/joyngugi/PycharmProjects/cGAN_LSTM_Clustering_FLFramework/.venv1/lib/python3.12/site-packages/flwr/client/client_app.py", line 143, in __call__
    return self._call(message, context)
           ^^^^^^^^^^^^^^^^^^^^^^^^^^^^
  File "/Users/joyngugi/PycharmProjects/cGAN_LSTM_Clustering_FLFramework/.venv1/lib/python3.12/site-packages/flwr/client/client_app.py", line 124, in ffn
    out_message = handle_legacy_message_from_msgtype(
                  ^^^^^^^^^^^^^^^^^^^^^^^^^^^^^^^^^^^
  File "/Users/joyngugi/PycharmProjects/cGAN_LSTM_Clustering_FLFramework/.venv1/lib/python3.12/site-packages/flwr/client/message_handler/message_handler.py", line 128, in handle_legacy_message_from_msgtype
    fit_res = maybe_call_fit(
              ^^^^^^^^^^^^^^^
  File "/Users/joyngugi/PycharmProjects/cGAN_LSTM_Clustering_FLFramework/.venv1/lib/python3.12/site-packages/flwr/client/client.py", line 224, in maybe_call_fit
    return client.fit(fit_ins)
           ^^^^^^^^^^^^^^^^^^^
  File "/Users/joyngugi/PycharmProjects/cGAN_LSTM_Clustering_FLFramework/.venv1/lib/python3.12/site-packages/flwr/client/numpy_client.py", line 227, in _fit
    results = self.numpy_client.fit(parameters, ins.config)  # type: ignore
              ^^^^^^^^^^^^^^^^^^^^^^^^^^^^^^^^^^^^^^^^^^^^^
  File "/Users/joyngugi/PycharmProjects/cGAN_LSTM_Clustering_FLFramework/scripts/client.py", line 87, in fit
    self.model.fit(
  File "/Users/joyngugi/PycharmProjects/cGAN_LSTM_Clustering_FLFramework/.venv1/lib/python3.12/site-packages/keras/src/utils/traceback_utils.py", line 122, in error_handler
    raise e.with_traceback(filtered_tb) from None
  File "/Users/joyngugi/PycharmProjects/cGAN_LSTM_Clustering_FLFramework/.venv1/lib/python3.12/site-packages/optree/ops.py", line 766, in tree_map
    return treespec.unflatten(map(func, *flat_args))
           ^^^^^^^^^^^^^^^^^^^^^^^^^^^^^^^^^^^^^^^^^
ValueError: Invalid dtype: object
2025-03-24 15:33:09 - [Cluster 0 - CLIENT] - DEBUG - gRPC channel closed
2025-03-24 15:33:09 - [Cluster 0 - CLIENT] - ERROR - Client raised an exception.
Traceback (most recent call last):
  File "/Users/joyngugi/PycharmProjects/cGAN_LSTM_Clustering_FLFramework/.venv1/lib/python3.12/site-packages/flwr/client/app.py", line 570, in start_client_internal
    reply_message = client_app(message=message, context=context)
                    ^^^^^^^^^^^^^^^^^^^^^^^^^^^^^^^^^^^^^^^^^^^^
  File "/Users/joyngugi/PycharmProjects/cGAN_LSTM_Clustering_FLFramework/.venv1/lib/python3.12/site-packages/flwr/client/client_app.py", line 143, in __call__
    return self._call(message, context)
           ^^^^^^^^^^^^^^^^^^^^^^^^^^^^
  File "/Users/joyngugi/PycharmProjects/cGAN_LSTM_Clustering_FLFramework/.venv1/lib/python3.12/site-packages/flwr/client/client_app.py", line 124, in ffn
    out_message = handle_legacy_message_from_msgtype(
                  ^^^^^^^^^^^^^^^^^^^^^^^^^^^^^^^^^^^
  File "/Users/joyngugi/PycharmProjects/cGAN_LSTM_Clustering_FLFramework/.venv1/lib/python3.12/site-packages/flwr/client/message_handler/message_handler.py", line 128, in handle_legacy_message_from_msgtype
    fit_res = maybe_call_fit(
              ^^^^^^^^^^^^^^^
  File "/Users/joyngugi/PycharmProjects/cGAN_LSTM_Clustering_FLFramework/.venv1/lib/python3.12/site-packages/flwr/client/client.py", line 224, in maybe_call_fit
    return client.fit(fit_ins)
           ^^^^^^^^^^^^^^^^^^^
  File "/Users/joyngugi/PycharmProjects/cGAN_LSTM_Clustering_FLFramework/.venv1/lib/python3.12/site-packages/flwr/client/numpy_client.py", line 227, in _fit
    results = self.numpy_client.fit(parameters, ins.config)  # type: ignore
              ^^^^^^^^^^^^^^^^^^^^^^^^^^^^^^^^^^^^^^^^^^^^^
  File "/Users/joyngugi/PycharmProjects/cGAN_LSTM_Clustering_FLFramework/scripts/client.py", line 87, in fit
    self.model.fit(
  File "/Users/joyngugi/PycharmProjects/cGAN_LSTM_Clustering_FLFramework/.venv1/lib/python3.12/site-packages/keras/src/utils/traceback_utils.py", line 122, in error_handler
    raise e.with_traceback(filtered_tb) from None
  File "/Users/joyngugi/PycharmProjects/cGAN_LSTM_Clustering_FLFramework/.venv1/lib/python3.12/site-packages/optree/ops.py", line 766, in tree_map
    return treespec.unflatten(map(func, *flat_args))
           ^^^^^^^^^^^^^^^^^^^^^^^^^^^^^^^^^^^^^^^^^
ValueError: Invalid dtype: object
2025-03-24 15:33:09 - [Cluster 0 - CLIENT] - INFO - Initialized client logging for cluster 0 -> ../logs/../logs/clients_cluster_0_20250324_153243.log
2025-03-24 15:33:09 - [Cluster 0 - CLIENT] - INFO - Loading pickle data for store 1006, cluster 0...
2025-03-24 15:33:09 - [Cluster 0 - CLIENT] - DEBUG - gRPC channel closed
2025-03-24 15:33:11 - [Cluster 0 - CLIENT] - INFO - [Store 1006, Cluster 0] Connecting to 127.0.0.1:8080 ...
2025-03-24 15:33:11 - [Cluster 0 - CLIENT] - WARNING - DEPRECATED FEATURE: flwr.client.start_client() is deprecated.
	Instead, use the `flower-supernode` CLI command to start a SuperNode as shown below:

		$ flower-supernode --insecure --superlink='<IP>:<PORT>'

	To view all available options, run:

		$ flower-supernode --help

	Using `start_client()` is deprecated.

            This is a deprecated feature. It will be removed
            entirely in future versions of Flower.
        
2025-03-24 15:33:11 - [Cluster 0 - CLIENT] - DEBUG - Opened insecure gRPC connection (no certificates were passed)
2025-03-24 15:33:11 - [Cluster 0 - CLIENT] - DEBUG - ChannelConnectivity.IDLE
2025-03-24 15:33:11 - [Cluster 0 - CLIENT] - DEBUG - ChannelConnectivity.CONNECTING
2025-03-24 15:33:11 - [Cluster 0 - CLIENT] - DEBUG - ChannelConnectivity.READY
2025-03-24 15:33:16 - [Cluster 0 - CLIENT] - INFO - Initialized client logging for cluster 0 -> ../logs/../logs/clients_cluster_0_20250324_153243.log
2025-03-24 15:33:16 - [Cluster 0 - CLIENT] - INFO - Loading pickle data for store 1007, cluster 0...
2025-03-24 15:33:18 - [Cluster 0 - CLIENT] - INFO - [Store 1007, Cluster 0] Connecting to 127.0.0.1:8080 ...
2025-03-24 15:33:18 - [Cluster 0 - CLIENT] - WARNING - DEPRECATED FEATURE: flwr.client.start_client() is deprecated.
	Instead, use the `flower-supernode` CLI command to start a SuperNode as shown below:

		$ flower-supernode --insecure --superlink='<IP>:<PORT>'

	To view all available options, run:

		$ flower-supernode --help

	Using `start_client()` is deprecated.

            This is a deprecated feature. It will be removed
            entirely in future versions of Flower.
        
2025-03-24 15:33:18 - [Cluster 0 - CLIENT] - DEBUG - Opened insecure gRPC connection (no certificates were passed)
2025-03-24 15:33:18 - [Cluster 0 - CLIENT] - DEBUG - ChannelConnectivity.IDLE
2025-03-24 15:33:18 - [Cluster 0 - CLIENT] - DEBUG - ChannelConnectivity.CONNECTING
2025-03-24 15:33:18 - [Cluster 0 - CLIENT] - DEBUG - ChannelConnectivity.READY
2025-03-24 15:33:19 - [Cluster 0 - CLIENT] - INFO - 
2025-03-24 15:33:19 - [Cluster 0 - CLIENT] - INFO - Received: evaluate message 2b00840a-cc18-4d31-8eb4-6e7526899d22
2025-03-24 15:33:19 - [Cluster 0 - CLIENT] - INFO - 
2025-03-24 15:33:19 - [Cluster 0 - CLIENT] - INFO - Received: evaluate message 9fad73cf-404a-4a1d-9f5b-13e6a84a52b2
2025-03-24 15:33:20 - [Cluster 0 - CLIENT] - ERROR - Client raised an exception.
Traceback (most recent call last):
  File "/Users/joyngugi/PycharmProjects/cGAN_LSTM_Clustering_FLFramework/.venv1/lib/python3.12/site-packages/flwr/client/app.py", line 570, in start_client_internal
    reply_message = client_app(message=message, context=context)
                    ^^^^^^^^^^^^^^^^^^^^^^^^^^^^^^^^^^^^^^^^^^^^
  File "/Users/joyngugi/PycharmProjects/cGAN_LSTM_Clustering_FLFramework/.venv1/lib/python3.12/site-packages/flwr/client/client_app.py", line 143, in __call__
    return self._call(message, context)
           ^^^^^^^^^^^^^^^^^^^^^^^^^^^^
  File "/Users/joyngugi/PycharmProjects/cGAN_LSTM_Clustering_FLFramework/.venv1/lib/python3.12/site-packages/flwr/client/client_app.py", line 124, in ffn
    out_message = handle_legacy_message_from_msgtype(
                  ^^^^^^^^^^^^^^^^^^^^^^^^^^^^^^^^^^^
  File "/Users/joyngugi/PycharmProjects/cGAN_LSTM_Clustering_FLFramework/.venv1/lib/python3.12/site-packages/flwr/client/message_handler/message_handler.py", line 135, in handle_legacy_message_from_msgtype
    evaluate_res = maybe_call_evaluate(
                   ^^^^^^^^^^^^^^^^^^^^
  File "/Users/joyngugi/PycharmProjects/cGAN_LSTM_Clustering_FLFramework/.venv1/lib/python3.12/site-packages/flwr/client/client.py", line 244, in maybe_call_evaluate
    return client.evaluate(evaluate_ins)
           ^^^^^^^^^^^^^^^^^^^^^^^^^^^^^
  File "/Users/joyngugi/PycharmProjects/cGAN_LSTM_Clustering_FLFramework/.venv1/lib/python3.12/site-packages/flwr/client/numpy_client.py", line 251, in _evaluate
    results = self.numpy_client.evaluate(parameters, ins.config)  # type: ignore
              ^^^^^^^^^^^^^^^^^^^^^^^^^^^^^^^^^^^^^^^^^^^^^^^^^^
  File "/Users/joyngugi/PycharmProjects/cGAN_LSTM_Clustering_FLFramework/scripts/client.py", line 104, in evaluate
    loss, mae = self.model.evaluate(self.x_val, self.y_val, verbose=0)
                ^^^^^^^^^^^^^^^^^^^^^^^^^^^^^^^^^^^^^^^^^^^^^^^^^^^^^^
  File "/Users/joyngugi/PycharmProjects/cGAN_LSTM_Clustering_FLFramework/.venv1/lib/python3.12/site-packages/keras/src/utils/traceback_utils.py", line 122, in error_handler
    raise e.with_traceback(filtered_tb) from None
  File "/Users/joyngugi/PycharmProjects/cGAN_LSTM_Clustering_FLFramework/.venv1/lib/python3.12/site-packages/optree/ops.py", line 766, in tree_map
    return treespec.unflatten(map(func, *flat_args))
           ^^^^^^^^^^^^^^^^^^^^^^^^^^^^^^^^^^^^^^^^^
ValueError: Invalid dtype: object
2025-03-24 15:33:20 - [Cluster 0 - CLIENT] - DEBUG - gRPC channel closed
2025-03-24 15:33:20 - [Cluster 0 - CLIENT] - INFO - Initialized client logging for cluster 0 -> ../logs/../logs/clients_cluster_0_20250324_153243.log
2025-03-24 15:33:20 - [Cluster 0 - CLIENT] - INFO - Loading pickle data for store 1008, cluster 0...
2025-03-24 15:33:20 - [Cluster 0 - CLIENT] - ERROR - Client raised an exception.
Traceback (most recent call last):
  File "/Users/joyngugi/PycharmProjects/cGAN_LSTM_Clustering_FLFramework/.venv1/lib/python3.12/site-packages/flwr/client/app.py", line 570, in start_client_internal
    reply_message = client_app(message=message, context=context)
                    ^^^^^^^^^^^^^^^^^^^^^^^^^^^^^^^^^^^^^^^^^^^^
  File "/Users/joyngugi/PycharmProjects/cGAN_LSTM_Clustering_FLFramework/.venv1/lib/python3.12/site-packages/flwr/client/client_app.py", line 143, in __call__
    return self._call(message, context)
           ^^^^^^^^^^^^^^^^^^^^^^^^^^^^
  File "/Users/joyngugi/PycharmProjects/cGAN_LSTM_Clustering_FLFramework/.venv1/lib/python3.12/site-packages/flwr/client/client_app.py", line 124, in ffn
    out_message = handle_legacy_message_from_msgtype(
                  ^^^^^^^^^^^^^^^^^^^^^^^^^^^^^^^^^^^
  File "/Users/joyngugi/PycharmProjects/cGAN_LSTM_Clustering_FLFramework/.venv1/lib/python3.12/site-packages/flwr/client/message_handler/message_handler.py", line 135, in handle_legacy_message_from_msgtype
    evaluate_res = maybe_call_evaluate(
                   ^^^^^^^^^^^^^^^^^^^^
  File "/Users/joyngugi/PycharmProjects/cGAN_LSTM_Clustering_FLFramework/.venv1/lib/python3.12/site-packages/flwr/client/client.py", line 244, in maybe_call_evaluate
    return client.evaluate(evaluate_ins)
           ^^^^^^^^^^^^^^^^^^^^^^^^^^^^^
  File "/Users/joyngugi/PycharmProjects/cGAN_LSTM_Clustering_FLFramework/.venv1/lib/python3.12/site-packages/flwr/client/numpy_client.py", line 251, in _evaluate
    results = self.numpy_client.evaluate(parameters, ins.config)  # type: ignore
              ^^^^^^^^^^^^^^^^^^^^^^^^^^^^^^^^^^^^^^^^^^^^^^^^^^
  File "/Users/joyngugi/PycharmProjects/cGAN_LSTM_Clustering_FLFramework/scripts/client.py", line 104, in evaluate
    loss, mae = self.model.evaluate(self.x_val, self.y_val, verbose=0)
                ^^^^^^^^^^^^^^^^^^^^^^^^^^^^^^^^^^^^^^^^^^^^^^^^^^^^^^
  File "/Users/joyngugi/PycharmProjects/cGAN_LSTM_Clustering_FLFramework/.venv1/lib/python3.12/site-packages/keras/src/utils/traceback_utils.py", line 122, in error_handler
    raise e.with_traceback(filtered_tb) from None
  File "/Users/joyngugi/PycharmProjects/cGAN_LSTM_Clustering_FLFramework/.venv1/lib/python3.12/site-packages/optree/ops.py", line 766, in tree_map
    return treespec.unflatten(map(func, *flat_args))
           ^^^^^^^^^^^^^^^^^^^^^^^^^^^^^^^^^^^^^^^^^
ValueError: Invalid dtype: object
2025-03-24 15:33:20 - [Cluster 0 - CLIENT] - DEBUG - gRPC channel closed
2025-03-24 15:33:22 - [Cluster 0 - CLIENT] - INFO - [Store 1008, Cluster 0] Connecting to 127.0.0.1:8080 ...
2025-03-24 15:33:22 - [Cluster 0 - CLIENT] - WARNING - DEPRECATED FEATURE: flwr.client.start_client() is deprecated.
	Instead, use the `flower-supernode` CLI command to start a SuperNode as shown below:

		$ flower-supernode --insecure --superlink='<IP>:<PORT>'

	To view all available options, run:

		$ flower-supernode --help

	Using `start_client()` is deprecated.

            This is a deprecated feature. It will be removed
            entirely in future versions of Flower.
        
2025-03-24 15:33:23 - [Cluster 0 - CLIENT] - DEBUG - Opened insecure gRPC connection (no certificates were passed)
2025-03-24 15:33:23 - [Cluster 0 - CLIENT] - DEBUG - ChannelConnectivity.IDLE
2025-03-24 15:33:23 - [Cluster 0 - CLIENT] - DEBUG - ChannelConnectivity.CONNECTING
2025-03-24 15:33:23 - [Cluster 0 - CLIENT] - DEBUG - ChannelConnectivity.READY
2025-03-24 15:33:27 - [Cluster 0 - CLIENT] - INFO - Initialized client logging for cluster 0 -> ../logs/../logs/clients_cluster_0_20250324_153243.log
2025-03-24 15:33:27 - [Cluster 0 - CLIENT] - INFO - Loading pickle data for store 101, cluster 0...
2025-03-24 15:33:27 - [Cluster 0 - CLIENT] - INFO - Initialized client logging for cluster 0 -> ../logs/../logs/clients_cluster_0_20250324_153243.log
2025-03-24 15:33:27 - [Cluster 0 - CLIENT] - INFO - Loading pickle data for store 1011, cluster 0...
2025-03-24 15:33:29 - [Cluster 0 - CLIENT] - INFO - [Store 101, Cluster 0] Connecting to 127.0.0.1:8080 ...
2025-03-24 15:33:29 - [Cluster 0 - CLIENT] - WARNING - DEPRECATED FEATURE: flwr.client.start_client() is deprecated.
	Instead, use the `flower-supernode` CLI command to start a SuperNode as shown below:

		$ flower-supernode --insecure --superlink='<IP>:<PORT>'

	To view all available options, run:

		$ flower-supernode --help

	Using `start_client()` is deprecated.

            This is a deprecated feature. It will be removed
            entirely in future versions of Flower.
        
2025-03-24 15:33:29 - [Cluster 0 - CLIENT] - DEBUG - Opened insecure gRPC connection (no certificates were passed)
2025-03-24 15:33:29 - [Cluster 0 - CLIENT] - DEBUG - ChannelConnectivity.IDLE
2025-03-24 15:33:29 - [Cluster 0 - CLIENT] - DEBUG - ChannelConnectivity.CONNECTING
2025-03-24 15:33:29 - [Cluster 0 - CLIENT] - DEBUG - ChannelConnectivity.READY
2025-03-24 15:33:29 - [Cluster 0 - CLIENT] - INFO - 
2025-03-24 15:33:29 - [Cluster 0 - CLIENT] - INFO - Received: train message 1c93d9a4-bbd3-4d33-9704-a453373c7093
2025-03-24 15:33:29 - [Cluster 0 - CLIENT] - INFO - 
2025-03-24 15:33:29 - [Cluster 0 - CLIENT] - INFO - Received: train message 73bda22f-fe2a-4da7-bdb4-dd1665bb9939
2025-03-24 15:33:29 - [Cluster 0 - CLIENT] - INFO - [Store 101] Starting local training.
2025-03-24 15:33:29 - [Cluster 0 - CLIENT] - INFO - [Store 1011, Cluster 0] Connecting to 127.0.0.1:8080 ...
2025-03-24 15:33:30 - [Cluster 0 - CLIENT] - INFO - [Store 1008] Starting local training.
2025-03-24 15:33:30 - [Cluster 0 - CLIENT] - WARNING - DEPRECATED FEATURE: flwr.client.start_client() is deprecated.
	Instead, use the `flower-supernode` CLI command to start a SuperNode as shown below:

		$ flower-supernode --insecure --superlink='<IP>:<PORT>'

	To view all available options, run:

		$ flower-supernode --help

	Using `start_client()` is deprecated.

            This is a deprecated feature. It will be removed
            entirely in future versions of Flower.
        
2025-03-24 15:33:30 - [Cluster 0 - CLIENT] - DEBUG - Opened insecure gRPC connection (no certificates were passed)
2025-03-24 15:33:30 - [Cluster 0 - CLIENT] - DEBUG - ChannelConnectivity.IDLE
2025-03-24 15:33:30 - [Cluster 0 - CLIENT] - DEBUG - ChannelConnectivity.CONNECTING
2025-03-24 15:33:30 - [Cluster 0 - CLIENT] - DEBUG - ChannelConnectivity.READY
2025-03-24 15:33:31 - [Cluster 0 - CLIENT] - ERROR - Client raised an exception.
Traceback (most recent call last):
  File "/Users/joyngugi/PycharmProjects/cGAN_LSTM_Clustering_FLFramework/.venv1/lib/python3.12/site-packages/flwr/client/app.py", line 570, in start_client_internal
    reply_message = client_app(message=message, context=context)
                    ^^^^^^^^^^^^^^^^^^^^^^^^^^^^^^^^^^^^^^^^^^^^
  File "/Users/joyngugi/PycharmProjects/cGAN_LSTM_Clustering_FLFramework/.venv1/lib/python3.12/site-packages/flwr/client/client_app.py", line 143, in __call__
    return self._call(message, context)
           ^^^^^^^^^^^^^^^^^^^^^^^^^^^^
  File "/Users/joyngugi/PycharmProjects/cGAN_LSTM_Clustering_FLFramework/.venv1/lib/python3.12/site-packages/flwr/client/client_app.py", line 124, in ffn
    out_message = handle_legacy_message_from_msgtype(
                  ^^^^^^^^^^^^^^^^^^^^^^^^^^^^^^^^^^^
  File "/Users/joyngugi/PycharmProjects/cGAN_LSTM_Clustering_FLFramework/.venv1/lib/python3.12/site-packages/flwr/client/message_handler/message_handler.py", line 128, in handle_legacy_message_from_msgtype
    fit_res = maybe_call_fit(
              ^^^^^^^^^^^^^^^
  File "/Users/joyngugi/PycharmProjects/cGAN_LSTM_Clustering_FLFramework/.venv1/lib/python3.12/site-packages/flwr/client/client.py", line 224, in maybe_call_fit
    return client.fit(fit_ins)
           ^^^^^^^^^^^^^^^^^^^
  File "/Users/joyngugi/PycharmProjects/cGAN_LSTM_Clustering_FLFramework/.venv1/lib/python3.12/site-packages/flwr/client/numpy_client.py", line 227, in _fit
    results = self.numpy_client.fit(parameters, ins.config)  # type: ignore
              ^^^^^^^^^^^^^^^^^^^^^^^^^^^^^^^^^^^^^^^^^^^^^
  File "/Users/joyngugi/PycharmProjects/cGAN_LSTM_Clustering_FLFramework/scripts/client.py", line 87, in fit
    self.model.fit(
  File "/Users/joyngugi/PycharmProjects/cGAN_LSTM_Clustering_FLFramework/.venv1/lib/python3.12/site-packages/keras/src/utils/traceback_utils.py", line 122, in error_handler
    raise e.with_traceback(filtered_tb) from None
  File "/Users/joyngugi/PycharmProjects/cGAN_LSTM_Clustering_FLFramework/.venv1/lib/python3.12/site-packages/optree/ops.py", line 766, in tree_map
    return treespec.unflatten(map(func, *flat_args))
           ^^^^^^^^^^^^^^^^^^^^^^^^^^^^^^^^^^^^^^^^^
ValueError: Invalid dtype: object
2025-03-24 15:33:31 - [Cluster 0 - CLIENT] - ERROR - Client raised an exception.
Traceback (most recent call last):
  File "/Users/joyngugi/PycharmProjects/cGAN_LSTM_Clustering_FLFramework/.venv1/lib/python3.12/site-packages/flwr/client/app.py", line 570, in start_client_internal
    reply_message = client_app(message=message, context=context)
                    ^^^^^^^^^^^^^^^^^^^^^^^^^^^^^^^^^^^^^^^^^^^^
  File "/Users/joyngugi/PycharmProjects/cGAN_LSTM_Clustering_FLFramework/.venv1/lib/python3.12/site-packages/flwr/client/client_app.py", line 143, in __call__
    return self._call(message, context)
           ^^^^^^^^^^^^^^^^^^^^^^^^^^^^
  File "/Users/joyngugi/PycharmProjects/cGAN_LSTM_Clustering_FLFramework/.venv1/lib/python3.12/site-packages/flwr/client/client_app.py", line 124, in ffn
    out_message = handle_legacy_message_from_msgtype(
                  ^^^^^^^^^^^^^^^^^^^^^^^^^^^^^^^^^^^
  File "/Users/joyngugi/PycharmProjects/cGAN_LSTM_Clustering_FLFramework/.venv1/lib/python3.12/site-packages/flwr/client/message_handler/message_handler.py", line 128, in handle_legacy_message_from_msgtype
    fit_res = maybe_call_fit(
              ^^^^^^^^^^^^^^^
  File "/Users/joyngugi/PycharmProjects/cGAN_LSTM_Clustering_FLFramework/.venv1/lib/python3.12/site-packages/flwr/client/client.py", line 224, in maybe_call_fit
    return client.fit(fit_ins)
           ^^^^^^^^^^^^^^^^^^^
  File "/Users/joyngugi/PycharmProjects/cGAN_LSTM_Clustering_FLFramework/.venv1/lib/python3.12/site-packages/flwr/client/numpy_client.py", line 227, in _fit
    results = self.numpy_client.fit(parameters, ins.config)  # type: ignore
              ^^^^^^^^^^^^^^^^^^^^^^^^^^^^^^^^^^^^^^^^^^^^^
  File "/Users/joyngugi/PycharmProjects/cGAN_LSTM_Clustering_FLFramework/scripts/client.py", line 87, in fit
    self.model.fit(
  File "/Users/joyngugi/PycharmProjects/cGAN_LSTM_Clustering_FLFramework/.venv1/lib/python3.12/site-packages/keras/src/utils/traceback_utils.py", line 122, in error_handler
    raise e.with_traceback(filtered_tb) from None
  File "/Users/joyngugi/PycharmProjects/cGAN_LSTM_Clustering_FLFramework/.venv1/lib/python3.12/site-packages/optree/ops.py", line 766, in tree_map
    return treespec.unflatten(map(func, *flat_args))
           ^^^^^^^^^^^^^^^^^^^^^^^^^^^^^^^^^^^^^^^^^
ValueError: Invalid dtype: object
2025-03-24 15:33:31 - [Cluster 0 - CLIENT] - DEBUG - gRPC channel closed
2025-03-24 15:33:31 - [Cluster 0 - CLIENT] - DEBUG - gRPC channel closed
2025-03-24 15:33:34 - [Cluster 0 - CLIENT] - INFO - Initialized client logging for cluster 0 -> ../logs/../logs/clients_cluster_0_20250324_153243.log
2025-03-24 15:33:34 - [Cluster 0 - CLIENT] - INFO - Loading pickle data for store 1015, cluster 0...
2025-03-24 15:33:35 - [Cluster 0 - CLIENT] - INFO - [Store 1015, Cluster 0] Connecting to 127.0.0.1:8080 ...
2025-03-24 15:33:36 - [Cluster 0 - CLIENT] - WARNING - DEPRECATED FEATURE: flwr.client.start_client() is deprecated.
	Instead, use the `flower-supernode` CLI command to start a SuperNode as shown below:

		$ flower-supernode --insecure --superlink='<IP>:<PORT>'

	To view all available options, run:

		$ flower-supernode --help

	Using `start_client()` is deprecated.

            This is a deprecated feature. It will be removed
            entirely in future versions of Flower.
        
2025-03-24 15:33:36 - [Cluster 0 - CLIENT] - INFO - Initialized client logging for cluster 0 -> ../logs/../logs/clients_cluster_0_20250324_153243.log
2025-03-24 15:33:36 - [Cluster 0 - CLIENT] - INFO - Loading pickle data for store 1016, cluster 0...
2025-03-24 15:33:36 - [Cluster 0 - CLIENT] - DEBUG - Opened insecure gRPC connection (no certificates were passed)
2025-03-24 15:33:36 - [Cluster 0 - CLIENT] - DEBUG - ChannelConnectivity.IDLE
2025-03-24 15:33:36 - [Cluster 0 - CLIENT] - DEBUG - ChannelConnectivity.CONNECTING
2025-03-24 15:33:36 - [Cluster 0 - CLIENT] - DEBUG - ChannelConnectivity.READY
2025-03-24 15:33:36 - [Cluster 0 - CLIENT] - INFO - 
2025-03-24 15:33:36 - [Cluster 0 - CLIENT] - INFO - Received: evaluate message 9afc5c02-e9b6-4388-a12f-0daef9f402d3
2025-03-24 15:33:36 - [Cluster 0 - CLIENT] - INFO - Initialized client logging for cluster 0 -> ../logs/../logs/clients_cluster_0_20250324_153243.log
2025-03-24 15:33:36 - [Cluster 0 - CLIENT] - INFO - Loading pickle data for store 1013, cluster 0...
2025-03-24 15:33:36 - [Cluster 0 - CLIENT] - INFO - 
2025-03-24 15:33:36 - [Cluster 0 - CLIENT] - INFO - Received: evaluate message f0fb9a99-445e-438f-bfdc-19e9feff23d7
2025-03-24 15:33:37 - [Cluster 0 - CLIENT] - ERROR - Client raised an exception.
Traceback (most recent call last):
  File "/Users/joyngugi/PycharmProjects/cGAN_LSTM_Clustering_FLFramework/.venv1/lib/python3.12/site-packages/flwr/client/app.py", line 570, in start_client_internal
    reply_message = client_app(message=message, context=context)
                    ^^^^^^^^^^^^^^^^^^^^^^^^^^^^^^^^^^^^^^^^^^^^
  File "/Users/joyngugi/PycharmProjects/cGAN_LSTM_Clustering_FLFramework/.venv1/lib/python3.12/site-packages/flwr/client/client_app.py", line 143, in __call__
    return self._call(message, context)
           ^^^^^^^^^^^^^^^^^^^^^^^^^^^^
  File "/Users/joyngugi/PycharmProjects/cGAN_LSTM_Clustering_FLFramework/.venv1/lib/python3.12/site-packages/flwr/client/client_app.py", line 124, in ffn
    out_message = handle_legacy_message_from_msgtype(
                  ^^^^^^^^^^^^^^^^^^^^^^^^^^^^^^^^^^^
  File "/Users/joyngugi/PycharmProjects/cGAN_LSTM_Clustering_FLFramework/.venv1/lib/python3.12/site-packages/flwr/client/message_handler/message_handler.py", line 135, in handle_legacy_message_from_msgtype
    evaluate_res = maybe_call_evaluate(
                   ^^^^^^^^^^^^^^^^^^^^
  File "/Users/joyngugi/PycharmProjects/cGAN_LSTM_Clustering_FLFramework/.venv1/lib/python3.12/site-packages/flwr/client/client.py", line 244, in maybe_call_evaluate
    return client.evaluate(evaluate_ins)
           ^^^^^^^^^^^^^^^^^^^^^^^^^^^^^
  File "/Users/joyngugi/PycharmProjects/cGAN_LSTM_Clustering_FLFramework/.venv1/lib/python3.12/site-packages/flwr/client/numpy_client.py", line 251, in _evaluate
    results = self.numpy_client.evaluate(parameters, ins.config)  # type: ignore
              ^^^^^^^^^^^^^^^^^^^^^^^^^^^^^^^^^^^^^^^^^^^^^^^^^^
  File "/Users/joyngugi/PycharmProjects/cGAN_LSTM_Clustering_FLFramework/scripts/client.py", line 104, in evaluate
    loss, mae = self.model.evaluate(self.x_val, self.y_val, verbose=0)
                ^^^^^^^^^^^^^^^^^^^^^^^^^^^^^^^^^^^^^^^^^^^^^^^^^^^^^^
  File "/Users/joyngugi/PycharmProjects/cGAN_LSTM_Clustering_FLFramework/.venv1/lib/python3.12/site-packages/keras/src/utils/traceback_utils.py", line 122, in error_handler
    raise e.with_traceback(filtered_tb) from None
  File "/Users/joyngugi/PycharmProjects/cGAN_LSTM_Clustering_FLFramework/.venv1/lib/python3.12/site-packages/optree/ops.py", line 766, in tree_map
    return treespec.unflatten(map(func, *flat_args))
           ^^^^^^^^^^^^^^^^^^^^^^^^^^^^^^^^^^^^^^^^^
ValueError: Invalid dtype: object
2025-03-24 15:33:38 - [Cluster 0 - CLIENT] - INFO - Initialized client logging for cluster 0 -> ../logs/../logs/clients_cluster_0_20250324_153243.log
2025-03-24 15:33:38 - [Cluster 0 - CLIENT] - INFO - Loading pickle data for store 1017, cluster 0...
2025-03-24 15:33:37 - [Cluster 0 - CLIENT] - ERROR - Client raised an exception.
Traceback (most recent call last):
  File "/Users/joyngugi/PycharmProjects/cGAN_LSTM_Clustering_FLFramework/.venv1/lib/python3.12/site-packages/flwr/client/app.py", line 570, in start_client_internal
    reply_message = client_app(message=message, context=context)
                    ^^^^^^^^^^^^^^^^^^^^^^^^^^^^^^^^^^^^^^^^^^^^
  File "/Users/joyngugi/PycharmProjects/cGAN_LSTM_Clustering_FLFramework/.venv1/lib/python3.12/site-packages/flwr/client/client_app.py", line 143, in __call__
    return self._call(message, context)
           ^^^^^^^^^^^^^^^^^^^^^^^^^^^^
  File "/Users/joyngugi/PycharmProjects/cGAN_LSTM_Clustering_FLFramework/.venv1/lib/python3.12/site-packages/flwr/client/client_app.py", line 124, in ffn
    out_message = handle_legacy_message_from_msgtype(
                  ^^^^^^^^^^^^^^^^^^^^^^^^^^^^^^^^^^^
  File "/Users/joyngugi/PycharmProjects/cGAN_LSTM_Clustering_FLFramework/.venv1/lib/python3.12/site-packages/flwr/client/message_handler/message_handler.py", line 135, in handle_legacy_message_from_msgtype
    evaluate_res = maybe_call_evaluate(
                   ^^^^^^^^^^^^^^^^^^^^
  File "/Users/joyngugi/PycharmProjects/cGAN_LSTM_Clustering_FLFramework/.venv1/lib/python3.12/site-packages/flwr/client/client.py", line 244, in maybe_call_evaluate
    return client.evaluate(evaluate_ins)
           ^^^^^^^^^^^^^^^^^^^^^^^^^^^^^
  File "/Users/joyngugi/PycharmProjects/cGAN_LSTM_Clustering_FLFramework/.venv1/lib/python3.12/site-packages/flwr/client/numpy_client.py", line 251, in _evaluate
    results = self.numpy_client.evaluate(parameters, ins.config)  # type: ignore
              ^^^^^^^^^^^^^^^^^^^^^^^^^^^^^^^^^^^^^^^^^^^^^^^^^^
  File "/Users/joyngugi/PycharmProjects/cGAN_LSTM_Clustering_FLFramework/scripts/client.py", line 104, in evaluate
    loss, mae = self.model.evaluate(self.x_val, self.y_val, verbose=0)
                ^^^^^^^^^^^^^^^^^^^^^^^^^^^^^^^^^^^^^^^^^^^^^^^^^^^^^^
  File "/Users/joyngugi/PycharmProjects/cGAN_LSTM_Clustering_FLFramework/.venv1/lib/python3.12/site-packages/keras/src/utils/traceback_utils.py", line 122, in error_handler
    raise e.with_traceback(filtered_tb) from None
  File "/Users/joyngugi/PycharmProjects/cGAN_LSTM_Clustering_FLFramework/.venv1/lib/python3.12/site-packages/optree/ops.py", line 766, in tree_map
    return treespec.unflatten(map(func, *flat_args))
           ^^^^^^^^^^^^^^^^^^^^^^^^^^^^^^^^^^^^^^^^^
ValueError: Invalid dtype: object
2025-03-24 15:33:38 - [Cluster 0 - CLIENT] - DEBUG - gRPC channel closed
2025-03-24 15:33:38 - [Cluster 0 - CLIENT] - DEBUG - gRPC channel closed
2025-03-24 15:33:38 - [Cluster 0 - CLIENT] - INFO - [Store 1016, Cluster 0] Connecting to 127.0.0.1:8080 ...
2025-03-24 15:33:38 - [Cluster 0 - CLIENT] - WARNING - DEPRECATED FEATURE: flwr.client.start_client() is deprecated.
	Instead, use the `flower-supernode` CLI command to start a SuperNode as shown below:

		$ flower-supernode --insecure --superlink='<IP>:<PORT>'

	To view all available options, run:

		$ flower-supernode --help

	Using `start_client()` is deprecated.

            This is a deprecated feature. It will be removed
            entirely in future versions of Flower.
        
2025-03-24 15:33:38 - [Cluster 0 - CLIENT] - DEBUG - Opened insecure gRPC connection (no certificates were passed)
2025-03-24 15:33:38 - [Cluster 0 - CLIENT] - DEBUG - ChannelConnectivity.IDLE
2025-03-24 15:33:38 - [Cluster 0 - CLIENT] - DEBUG - ChannelConnectivity.READY
2025-03-24 15:33:39 - [Cluster 0 - CLIENT] - INFO - [Store 1013, Cluster 0] Connecting to 127.0.0.1:8080 ...
2025-03-24 15:33:39 - [Cluster 0 - CLIENT] - WARNING - DEPRECATED FEATURE: flwr.client.start_client() is deprecated.
	Instead, use the `flower-supernode` CLI command to start a SuperNode as shown below:

		$ flower-supernode --insecure --superlink='<IP>:<PORT>'

	To view all available options, run:

		$ flower-supernode --help

	Using `start_client()` is deprecated.

            This is a deprecated feature. It will be removed
            entirely in future versions of Flower.
        
2025-03-24 15:33:39 - [Cluster 0 - CLIENT] - INFO - Initialized client logging for cluster 0 -> ../logs/../logs/clients_cluster_0_20250324_153243.log
2025-03-24 15:33:39 - [Cluster 0 - CLIENT] - INFO - Loading pickle data for store 102, cluster 0...
2025-03-24 15:33:39 - [Cluster 0 - CLIENT] - DEBUG - Opened insecure gRPC connection (no certificates were passed)
2025-03-24 15:33:39 - [Cluster 0 - CLIENT] - DEBUG - ChannelConnectivity.IDLE
2025-03-24 15:33:39 - [Cluster 0 - CLIENT] - DEBUG - ChannelConnectivity.CONNECTING
2025-03-24 15:33:39 - [Cluster 0 - CLIENT] - DEBUG - ChannelConnectivity.READY
2025-03-24 15:33:39 - [Cluster 0 - CLIENT] - INFO - 
2025-03-24 15:33:39 - [Cluster 0 - CLIENT] - INFO - Received: train message b6201590-f4fb-4067-93ee-7adccc8e4770
2025-03-24 15:33:39 - [Cluster 0 - CLIENT] - INFO - 
2025-03-24 15:33:39 - [Cluster 0 - CLIENT] - INFO - Received: train message d6693635-4b92-40cd-86e1-fa1d75928ea9
2025-03-24 15:33:40 - [Cluster 0 - CLIENT] - INFO - [Store 1013] Starting local training.
2025-03-24 15:33:40 - [Cluster 0 - CLIENT] - INFO - [Store 1016] Starting local training.
2025-03-24 15:33:41 - [Cluster 0 - CLIENT] - INFO - [Store 1017, Cluster 0] Connecting to 127.0.0.1:8080 ...
2025-03-24 15:33:41 - [Cluster 0 - CLIENT] - WARNING - DEPRECATED FEATURE: flwr.client.start_client() is deprecated.
	Instead, use the `flower-supernode` CLI command to start a SuperNode as shown below:

		$ flower-supernode --insecure --superlink='<IP>:<PORT>'

	To view all available options, run:

		$ flower-supernode --help

	Using `start_client()` is deprecated.

            This is a deprecated feature. It will be removed
            entirely in future versions of Flower.
        
2025-03-24 15:33:42 - [Cluster 0 - CLIENT] - DEBUG - Opened insecure gRPC connection (no certificates were passed)
2025-03-24 15:33:42 - [Cluster 0 - CLIENT] - DEBUG - ChannelConnectivity.IDLE
2025-03-24 15:33:42 - [Cluster 0 - CLIENT] - DEBUG - ChannelConnectivity.CONNECTING
2025-03-24 15:33:42 - [Cluster 0 - CLIENT] - DEBUG - ChannelConnectivity.READY
2025-03-24 15:33:42 - [Cluster 0 - CLIENT] - ERROR - Client raised an exception.
Traceback (most recent call last):
  File "/Users/joyngugi/PycharmProjects/cGAN_LSTM_Clustering_FLFramework/.venv1/lib/python3.12/site-packages/flwr/client/app.py", line 570, in start_client_internal
    reply_message = client_app(message=message, context=context)
                    ^^^^^^^^^^^^^^^^^^^^^^^^^^^^^^^^^^^^^^^^^^^^
  File "/Users/joyngugi/PycharmProjects/cGAN_LSTM_Clustering_FLFramework/.venv1/lib/python3.12/site-packages/flwr/client/client_app.py", line 143, in __call__
    return self._call(message, context)
           ^^^^^^^^^^^^^^^^^^^^^^^^^^^^
  File "/Users/joyngugi/PycharmProjects/cGAN_LSTM_Clustering_FLFramework/.venv1/lib/python3.12/site-packages/flwr/client/client_app.py", line 124, in ffn
    out_message = handle_legacy_message_from_msgtype(
                  ^^^^^^^^^^^^^^^^^^^^^^^^^^^^^^^^^^^
  File "/Users/joyngugi/PycharmProjects/cGAN_LSTM_Clustering_FLFramework/.venv1/lib/python3.12/site-packages/flwr/client/message_handler/message_handler.py", line 128, in handle_legacy_message_from_msgtype
    fit_res = maybe_call_fit(
              ^^^^^^^^^^^^^^^
  File "/Users/joyngugi/PycharmProjects/cGAN_LSTM_Clustering_FLFramework/.venv1/lib/python3.12/site-packages/flwr/client/client.py", line 224, in maybe_call_fit
    return client.fit(fit_ins)
           ^^^^^^^^^^^^^^^^^^^
  File "/Users/joyngugi/PycharmProjects/cGAN_LSTM_Clustering_FLFramework/.venv1/lib/python3.12/site-packages/flwr/client/numpy_client.py", line 227, in _fit
    results = self.numpy_client.fit(parameters, ins.config)  # type: ignore
              ^^^^^^^^^^^^^^^^^^^^^^^^^^^^^^^^^^^^^^^^^^^^^
  File "/Users/joyngugi/PycharmProjects/cGAN_LSTM_Clustering_FLFramework/scripts/client.py", line 87, in fit
    self.model.fit(
  File "/Users/joyngugi/PycharmProjects/cGAN_LSTM_Clustering_FLFramework/.venv1/lib/python3.12/site-packages/keras/src/utils/traceback_utils.py", line 122, in error_handler
    raise e.with_traceback(filtered_tb) from None
  File "/Users/joyngugi/PycharmProjects/cGAN_LSTM_Clustering_FLFramework/.venv1/lib/python3.12/site-packages/optree/ops.py", line 766, in tree_map
    return treespec.unflatten(map(func, *flat_args))
           ^^^^^^^^^^^^^^^^^^^^^^^^^^^^^^^^^^^^^^^^^
ValueError: Invalid dtype: object
2025-03-24 15:33:42 - [Cluster 0 - CLIENT] - ERROR - Client raised an exception.
Traceback (most recent call last):
  File "/Users/joyngugi/PycharmProjects/cGAN_LSTM_Clustering_FLFramework/.venv1/lib/python3.12/site-packages/flwr/client/app.py", line 570, in start_client_internal
    reply_message = client_app(message=message, context=context)
                    ^^^^^^^^^^^^^^^^^^^^^^^^^^^^^^^^^^^^^^^^^^^^
  File "/Users/joyngugi/PycharmProjects/cGAN_LSTM_Clustering_FLFramework/.venv1/lib/python3.12/site-packages/flwr/client/client_app.py", line 143, in __call__
    return self._call(message, context)
           ^^^^^^^^^^^^^^^^^^^^^^^^^^^^
  File "/Users/joyngugi/PycharmProjects/cGAN_LSTM_Clustering_FLFramework/.venv1/lib/python3.12/site-packages/flwr/client/client_app.py", line 124, in ffn
    out_message = handle_legacy_message_from_msgtype(
                  ^^^^^^^^^^^^^^^^^^^^^^^^^^^^^^^^^^^
  File "/Users/joyngugi/PycharmProjects/cGAN_LSTM_Clustering_FLFramework/.venv1/lib/python3.12/site-packages/flwr/client/message_handler/message_handler.py", line 128, in handle_legacy_message_from_msgtype
    fit_res = maybe_call_fit(
              ^^^^^^^^^^^^^^^
  File "/Users/joyngugi/PycharmProjects/cGAN_LSTM_Clustering_FLFramework/.venv1/lib/python3.12/site-packages/flwr/client/client.py", line 224, in maybe_call_fit
    return client.fit(fit_ins)
           ^^^^^^^^^^^^^^^^^^^
  File "/Users/joyngugi/PycharmProjects/cGAN_LSTM_Clustering_FLFramework/.venv1/lib/python3.12/site-packages/flwr/client/numpy_client.py", line 227, in _fit
    results = self.numpy_client.fit(parameters, ins.config)  # type: ignore
              ^^^^^^^^^^^^^^^^^^^^^^^^^^^^^^^^^^^^^^^^^^^^^
  File "/Users/joyngugi/PycharmProjects/cGAN_LSTM_Clustering_FLFramework/scripts/client.py", line 87, in fit
    self.model.fit(
  File "/Users/joyngugi/PycharmProjects/cGAN_LSTM_Clustering_FLFramework/.venv1/lib/python3.12/site-packages/keras/src/utils/traceback_utils.py", line 122, in error_handler
    raise e.with_traceback(filtered_tb) from None
  File "/Users/joyngugi/PycharmProjects/cGAN_LSTM_Clustering_FLFramework/.venv1/lib/python3.12/site-packages/optree/ops.py", line 766, in tree_map
    return treespec.unflatten(map(func, *flat_args))
           ^^^^^^^^^^^^^^^^^^^^^^^^^^^^^^^^^^^^^^^^^
ValueError: Invalid dtype: object
2025-03-24 15:33:42 - [Cluster 0 - CLIENT] - DEBUG - gRPC channel closed
2025-03-24 15:33:42 - [Cluster 0 - CLIENT] - DEBUG - gRPC channel closed
2025-03-24 15:33:43 - [Cluster 0 - CLIENT] - INFO - [Store 102, Cluster 0] Connecting to 127.0.0.1:8080 ...
2025-03-24 15:33:43 - [Cluster 0 - CLIENT] - WARNING - DEPRECATED FEATURE: flwr.client.start_client() is deprecated.
	Instead, use the `flower-supernode` CLI command to start a SuperNode as shown below:

		$ flower-supernode --insecure --superlink='<IP>:<PORT>'

	To view all available options, run:

		$ flower-supernode --help

	Using `start_client()` is deprecated.

            This is a deprecated feature. It will be removed
            entirely in future versions of Flower.
        
2025-03-24 15:33:43 - [Cluster 0 - CLIENT] - DEBUG - Opened insecure gRPC connection (no certificates were passed)
2025-03-24 15:33:43 - [Cluster 0 - CLIENT] - DEBUG - ChannelConnectivity.IDLE
2025-03-24 15:33:43 - [Cluster 0 - CLIENT] - DEBUG - ChannelConnectivity.CONNECTING
2025-03-24 15:33:43 - [Cluster 0 - CLIENT] - DEBUG - ChannelConnectivity.READY
2025-03-24 15:33:43 - [Cluster 0 - CLIENT] - INFO - Initialized client logging for cluster 0 -> ../logs/../logs/clients_cluster_0_20250324_153243.log
2025-03-24 15:33:43 - [Cluster 0 - CLIENT] - INFO - Loading pickle data for store 1024, cluster 0...
2025-03-24 15:33:43 - [Cluster 0 - CLIENT] - INFO - Initialized client logging for cluster 0 -> ../logs/../logs/clients_cluster_0_20250324_153243.log
2025-03-24 15:33:43 - [Cluster 0 - CLIENT] - INFO - Loading pickle data for store 1022, cluster 0...
2025-03-24 15:33:44 - [Cluster 0 - CLIENT] - INFO - 
2025-03-24 15:33:44 - [Cluster 0 - CLIENT] - INFO - Received: evaluate message 986b33d7-fb9d-4268-867d-7b569e5dd819
2025-03-24 15:33:44 - [Cluster 0 - CLIENT] - INFO - 
2025-03-24 15:33:44 - [Cluster 0 - CLIENT] - INFO - Received: evaluate message 9ec4d517-1731-44d5-98c1-7199c6d53847
2025-03-24 15:33:45 - [Cluster 0 - CLIENT] - ERROR - Client raised an exception.
Traceback (most recent call last):
  File "/Users/joyngugi/PycharmProjects/cGAN_LSTM_Clustering_FLFramework/.venv1/lib/python3.12/site-packages/flwr/client/app.py", line 570, in start_client_internal
    reply_message = client_app(message=message, context=context)
                    ^^^^^^^^^^^^^^^^^^^^^^^^^^^^^^^^^^^^^^^^^^^^
  File "/Users/joyngugi/PycharmProjects/cGAN_LSTM_Clustering_FLFramework/.venv1/lib/python3.12/site-packages/flwr/client/client_app.py", line 143, in __call__
    return self._call(message, context)
           ^^^^^^^^^^^^^^^^^^^^^^^^^^^^
  File "/Users/joyngugi/PycharmProjects/cGAN_LSTM_Clustering_FLFramework/.venv1/lib/python3.12/site-packages/flwr/client/client_app.py", line 124, in ffn
    out_message = handle_legacy_message_from_msgtype(
                  ^^^^^^^^^^^^^^^^^^^^^^^^^^^^^^^^^^^
  File "/Users/joyngugi/PycharmProjects/cGAN_LSTM_Clustering_FLFramework/.venv1/lib/python3.12/site-packages/flwr/client/message_handler/message_handler.py", line 135, in handle_legacy_message_from_msgtype
    evaluate_res = maybe_call_evaluate(
                   ^^^^^^^^^^^^^^^^^^^^
  File "/Users/joyngugi/PycharmProjects/cGAN_LSTM_Clustering_FLFramework/.venv1/lib/python3.12/site-packages/flwr/client/client.py", line 244, in maybe_call_evaluate
    return client.evaluate(evaluate_ins)
           ^^^^^^^^^^^^^^^^^^^^^^^^^^^^^
  File "/Users/joyngugi/PycharmProjects/cGAN_LSTM_Clustering_FLFramework/.venv1/lib/python3.12/site-packages/flwr/client/numpy_client.py", line 251, in _evaluate
    results = self.numpy_client.evaluate(parameters, ins.config)  # type: ignore
              ^^^^^^^^^^^^^^^^^^^^^^^^^^^^^^^^^^^^^^^^^^^^^^^^^^
  File "/Users/joyngugi/PycharmProjects/cGAN_LSTM_Clustering_FLFramework/scripts/client.py", line 104, in evaluate
    loss, mae = self.model.evaluate(self.x_val, self.y_val, verbose=0)
                ^^^^^^^^^^^^^^^^^^^^^^^^^^^^^^^^^^^^^^^^^^^^^^^^^^^^^^
  File "/Users/joyngugi/PycharmProjects/cGAN_LSTM_Clustering_FLFramework/.venv1/lib/python3.12/site-packages/keras/src/utils/traceback_utils.py", line 122, in error_handler
    raise e.with_traceback(filtered_tb) from None
  File "/Users/joyngugi/PycharmProjects/cGAN_LSTM_Clustering_FLFramework/.venv1/lib/python3.12/site-packages/optree/ops.py", line 766, in tree_map
    return treespec.unflatten(map(func, *flat_args))
           ^^^^^^^^^^^^^^^^^^^^^^^^^^^^^^^^^^^^^^^^^
ValueError: Invalid dtype: object
2025-03-24 15:33:45 - [Cluster 0 - CLIENT] - DEBUG - gRPC channel closed
2025-03-24 15:33:45 - [Cluster 0 - CLIENT] - ERROR - Client raised an exception.
Traceback (most recent call last):
  File "/Users/joyngugi/PycharmProjects/cGAN_LSTM_Clustering_FLFramework/.venv1/lib/python3.12/site-packages/flwr/client/app.py", line 570, in start_client_internal
    reply_message = client_app(message=message, context=context)
                    ^^^^^^^^^^^^^^^^^^^^^^^^^^^^^^^^^^^^^^^^^^^^
  File "/Users/joyngugi/PycharmProjects/cGAN_LSTM_Clustering_FLFramework/.venv1/lib/python3.12/site-packages/flwr/client/client_app.py", line 143, in __call__
    return self._call(message, context)
           ^^^^^^^^^^^^^^^^^^^^^^^^^^^^
  File "/Users/joyngugi/PycharmProjects/cGAN_LSTM_Clustering_FLFramework/.venv1/lib/python3.12/site-packages/flwr/client/client_app.py", line 124, in ffn
    out_message = handle_legacy_message_from_msgtype(
                  ^^^^^^^^^^^^^^^^^^^^^^^^^^^^^^^^^^^
  File "/Users/joyngugi/PycharmProjects/cGAN_LSTM_Clustering_FLFramework/.venv1/lib/python3.12/site-packages/flwr/client/message_handler/message_handler.py", line 135, in handle_legacy_message_from_msgtype
    evaluate_res = maybe_call_evaluate(
                   ^^^^^^^^^^^^^^^^^^^^
  File "/Users/joyngugi/PycharmProjects/cGAN_LSTM_Clustering_FLFramework/.venv1/lib/python3.12/site-packages/flwr/client/client.py", line 244, in maybe_call_evaluate
    return client.evaluate(evaluate_ins)
           ^^^^^^^^^^^^^^^^^^^^^^^^^^^^^
  File "/Users/joyngugi/PycharmProjects/cGAN_LSTM_Clustering_FLFramework/.venv1/lib/python3.12/site-packages/flwr/client/numpy_client.py", line 251, in _evaluate
    results = self.numpy_client.evaluate(parameters, ins.config)  # type: ignore
              ^^^^^^^^^^^^^^^^^^^^^^^^^^^^^^^^^^^^^^^^^^^^^^^^^^
  File "/Users/joyngugi/PycharmProjects/cGAN_LSTM_Clustering_FLFramework/scripts/client.py", line 104, in evaluate
    loss, mae = self.model.evaluate(self.x_val, self.y_val, verbose=0)
                ^^^^^^^^^^^^^^^^^^^^^^^^^^^^^^^^^^^^^^^^^^^^^^^^^^^^^^
  File "/Users/joyngugi/PycharmProjects/cGAN_LSTM_Clustering_FLFramework/.venv1/lib/python3.12/site-packages/keras/src/utils/traceback_utils.py", line 122, in error_handler
    raise e.with_traceback(filtered_tb) from None
  File "/Users/joyngugi/PycharmProjects/cGAN_LSTM_Clustering_FLFramework/.venv1/lib/python3.12/site-packages/optree/ops.py", line 766, in tree_map
    return treespec.unflatten(map(func, *flat_args))
           ^^^^^^^^^^^^^^^^^^^^^^^^^^^^^^^^^^^^^^^^^
ValueError: Invalid dtype: object
2025-03-24 15:33:45 - [Cluster 0 - CLIENT] - DEBUG - gRPC channel closed
2025-03-24 15:33:47 - [Cluster 0 - CLIENT] - INFO - [Store 1024, Cluster 0] Connecting to 127.0.0.1:8080 ...
2025-03-24 15:33:47 - [Cluster 0 - CLIENT] - WARNING - DEPRECATED FEATURE: flwr.client.start_client() is deprecated.
	Instead, use the `flower-supernode` CLI command to start a SuperNode as shown below:

		$ flower-supernode --insecure --superlink='<IP>:<PORT>'

	To view all available options, run:

		$ flower-supernode --help

	Using `start_client()` is deprecated.

            This is a deprecated feature. It will be removed
            entirely in future versions of Flower.
        
2025-03-24 15:33:48 - [Cluster 0 - CLIENT] - INFO - [Store 1022, Cluster 0] Connecting to 127.0.0.1:8080 ...
2025-03-24 15:33:48 - [Cluster 0 - CLIENT] - WARNING - DEPRECATED FEATURE: flwr.client.start_client() is deprecated.
	Instead, use the `flower-supernode` CLI command to start a SuperNode as shown below:

		$ flower-supernode --insecure --superlink='<IP>:<PORT>'

	To view all available options, run:

		$ flower-supernode --help

	Using `start_client()` is deprecated.

            This is a deprecated feature. It will be removed
            entirely in future versions of Flower.
        
2025-03-24 15:33:48 - [Cluster 0 - CLIENT] - DEBUG - Opened insecure gRPC connection (no certificates were passed)
2025-03-24 15:33:48 - [Cluster 0 - CLIENT] - DEBUG - ChannelConnectivity.IDLE
2025-03-24 15:33:48 - [Cluster 0 - CLIENT] - DEBUG - ChannelConnectivity.CONNECTING
2025-03-24 15:33:48 - [Cluster 0 - CLIENT] - DEBUG - ChannelConnectivity.READY
2025-03-24 15:33:48 - [Cluster 0 - CLIENT] - DEBUG - Opened insecure gRPC connection (no certificates were passed)
2025-03-24 15:33:48 - [Cluster 0 - CLIENT] - DEBUG - ChannelConnectivity.IDLE
2025-03-24 15:33:48 - [Cluster 0 - CLIENT] - DEBUG - ChannelConnectivity.CONNECTING
2025-03-24 15:33:48 - [Cluster 0 - CLIENT] - DEBUG - ChannelConnectivity.READY
2025-03-24 15:33:48 - [Cluster 0 - CLIENT] - INFO - Initialized client logging for cluster 0 -> ../logs/../logs/clients_cluster_0_20250324_153243.log
2025-03-24 15:33:48 - [Cluster 0 - CLIENT] - INFO - Loading pickle data for store 1023, cluster 0...
2025-03-24 15:33:48 - [Cluster 0 - CLIENT] - INFO - 
2025-03-24 15:33:48 - [Cluster 0 - CLIENT] - INFO - Received: train message be464c65-a495-488c-94a9-68c5f2755bf4
2025-03-24 15:33:48 - [Cluster 0 - CLIENT] - INFO - 
2025-03-24 15:33:48 - [Cluster 0 - CLIENT] - INFO - Received: train message 328e13b2-222e-49dd-96eb-2c42d4f8c624
2025-03-24 15:33:49 - [Cluster 0 - CLIENT] - INFO - [Store 1024] Starting local training.
2025-03-24 15:33:49 - [Cluster 0 - CLIENT] - INFO - [Store 1022] Starting local training.
2025-03-24 15:33:49 - [Cluster 0 - CLIENT] - ERROR - Client raised an exception.
Traceback (most recent call last):
  File "/Users/joyngugi/PycharmProjects/cGAN_LSTM_Clustering_FLFramework/.venv1/lib/python3.12/site-packages/flwr/client/app.py", line 570, in start_client_internal
    reply_message = client_app(message=message, context=context)
                    ^^^^^^^^^^^^^^^^^^^^^^^^^^^^^^^^^^^^^^^^^^^^
  File "/Users/joyngugi/PycharmProjects/cGAN_LSTM_Clustering_FLFramework/.venv1/lib/python3.12/site-packages/flwr/client/client_app.py", line 143, in __call__
    return self._call(message, context)
           ^^^^^^^^^^^^^^^^^^^^^^^^^^^^
  File "/Users/joyngugi/PycharmProjects/cGAN_LSTM_Clustering_FLFramework/.venv1/lib/python3.12/site-packages/flwr/client/client_app.py", line 124, in ffn
    out_message = handle_legacy_message_from_msgtype(
                  ^^^^^^^^^^^^^^^^^^^^^^^^^^^^^^^^^^^
  File "/Users/joyngugi/PycharmProjects/cGAN_LSTM_Clustering_FLFramework/.venv1/lib/python3.12/site-packages/flwr/client/message_handler/message_handler.py", line 128, in handle_legacy_message_from_msgtype
    fit_res = maybe_call_fit(
              ^^^^^^^^^^^^^^^
  File "/Users/joyngugi/PycharmProjects/cGAN_LSTM_Clustering_FLFramework/.venv1/lib/python3.12/site-packages/flwr/client/client.py", line 224, in maybe_call_fit
    return client.fit(fit_ins)
           ^^^^^^^^^^^^^^^^^^^
  File "/Users/joyngugi/PycharmProjects/cGAN_LSTM_Clustering_FLFramework/.venv1/lib/python3.12/site-packages/flwr/client/numpy_client.py", line 227, in _fit
    results = self.numpy_client.fit(parameters, ins.config)  # type: ignore
              ^^^^^^^^^^^^^^^^^^^^^^^^^^^^^^^^^^^^^^^^^^^^^
  File "/Users/joyngugi/PycharmProjects/cGAN_LSTM_Clustering_FLFramework/scripts/client.py", line 87, in fit
    self.model.fit(
  File "/Users/joyngugi/PycharmProjects/cGAN_LSTM_Clustering_FLFramework/.venv1/lib/python3.12/site-packages/keras/src/utils/traceback_utils.py", line 122, in error_handler
    raise e.with_traceback(filtered_tb) from None
  File "/Users/joyngugi/PycharmProjects/cGAN_LSTM_Clustering_FLFramework/.venv1/lib/python3.12/site-packages/optree/ops.py", line 766, in tree_map
    return treespec.unflatten(map(func, *flat_args))
           ^^^^^^^^^^^^^^^^^^^^^^^^^^^^^^^^^^^^^^^^^
ValueError: Invalid dtype: object
2025-03-24 15:33:50 - [Cluster 0 - CLIENT] - DEBUG - gRPC channel closed
2025-03-24 15:33:50 - [Cluster 0 - CLIENT] - ERROR - Client raised an exception.
Traceback (most recent call last):
  File "/Users/joyngugi/PycharmProjects/cGAN_LSTM_Clustering_FLFramework/.venv1/lib/python3.12/site-packages/flwr/client/app.py", line 570, in start_client_internal
    reply_message = client_app(message=message, context=context)
                    ^^^^^^^^^^^^^^^^^^^^^^^^^^^^^^^^^^^^^^^^^^^^
  File "/Users/joyngugi/PycharmProjects/cGAN_LSTM_Clustering_FLFramework/.venv1/lib/python3.12/site-packages/flwr/client/client_app.py", line 143, in __call__
    return self._call(message, context)
           ^^^^^^^^^^^^^^^^^^^^^^^^^^^^
  File "/Users/joyngugi/PycharmProjects/cGAN_LSTM_Clustering_FLFramework/.venv1/lib/python3.12/site-packages/flwr/client/client_app.py", line 124, in ffn
    out_message = handle_legacy_message_from_msgtype(
                  ^^^^^^^^^^^^^^^^^^^^^^^^^^^^^^^^^^^
  File "/Users/joyngugi/PycharmProjects/cGAN_LSTM_Clustering_FLFramework/.venv1/lib/python3.12/site-packages/flwr/client/message_handler/message_handler.py", line 128, in handle_legacy_message_from_msgtype
    fit_res = maybe_call_fit(
              ^^^^^^^^^^^^^^^
  File "/Users/joyngugi/PycharmProjects/cGAN_LSTM_Clustering_FLFramework/.venv1/lib/python3.12/site-packages/flwr/client/client.py", line 224, in maybe_call_fit
    return client.fit(fit_ins)
           ^^^^^^^^^^^^^^^^^^^
  File "/Users/joyngugi/PycharmProjects/cGAN_LSTM_Clustering_FLFramework/.venv1/lib/python3.12/site-packages/flwr/client/numpy_client.py", line 227, in _fit
    results = self.numpy_client.fit(parameters, ins.config)  # type: ignore
              ^^^^^^^^^^^^^^^^^^^^^^^^^^^^^^^^^^^^^^^^^^^^^
  File "/Users/joyngugi/PycharmProjects/cGAN_LSTM_Clustering_FLFramework/scripts/client.py", line 87, in fit
    self.model.fit(
  File "/Users/joyngugi/PycharmProjects/cGAN_LSTM_Clustering_FLFramework/.venv1/lib/python3.12/site-packages/keras/src/utils/traceback_utils.py", line 122, in error_handler
    raise e.with_traceback(filtered_tb) from None
  File "/Users/joyngugi/PycharmProjects/cGAN_LSTM_Clustering_FLFramework/.venv1/lib/python3.12/site-packages/optree/ops.py", line 766, in tree_map
    return treespec.unflatten(map(func, *flat_args))
           ^^^^^^^^^^^^^^^^^^^^^^^^^^^^^^^^^^^^^^^^^
ValueError: Invalid dtype: object
2025-03-24 15:33:50 - [Cluster 0 - CLIENT] - DEBUG - gRPC channel closed
2025-03-24 15:33:50 - [Cluster 0 - CLIENT] - INFO - Initialized client logging for cluster 0 -> ../logs/../logs/clients_cluster_0_20250324_153243.log
2025-03-24 15:33:51 - [Cluster 0 - CLIENT] - INFO - Loading pickle data for store 1025, cluster 0...
2025-03-24 15:33:53 - [Cluster 0 - CLIENT] - INFO - Initialized client logging for cluster 0 -> ../logs/../logs/clients_cluster_0_20250324_153243.log
2025-03-24 15:33:53 - [Cluster 0 - CLIENT] - INFO - Loading pickle data for store 1028, cluster 0...
2025-03-24 15:33:53 - [Cluster 0 - CLIENT] - INFO - [Store 1023, Cluster 0] Connecting to 127.0.0.1:8080 ...
2025-03-24 15:33:53 - [Cluster 0 - CLIENT] - WARNING - DEPRECATED FEATURE: flwr.client.start_client() is deprecated.
	Instead, use the `flower-supernode` CLI command to start a SuperNode as shown below:

		$ flower-supernode --insecure --superlink='<IP>:<PORT>'

	To view all available options, run:

		$ flower-supernode --help

	Using `start_client()` is deprecated.

            This is a deprecated feature. It will be removed
            entirely in future versions of Flower.
        
2025-03-24 15:33:54 - [Cluster 0 - CLIENT] - DEBUG - Opened insecure gRPC connection (no certificates were passed)
2025-03-24 15:33:54 - [Cluster 0 - CLIENT] - DEBUG - ChannelConnectivity.IDLE
2025-03-24 15:33:54 - [Cluster 0 - CLIENT] - DEBUG - ChannelConnectivity.CONNECTING
2025-03-24 15:33:54 - [Cluster 0 - CLIENT] - DEBUG - ChannelConnectivity.READY
2025-03-24 15:33:58 - [Cluster 0 - CLIENT] - INFO - [Store 1025, Cluster 0] Connecting to 127.0.0.1:8080 ...
2025-03-24 15:33:58 - [Cluster 0 - CLIENT] - WARNING - DEPRECATED FEATURE: flwr.client.start_client() is deprecated.
	Instead, use the `flower-supernode` CLI command to start a SuperNode as shown below:

		$ flower-supernode --insecure --superlink='<IP>:<PORT>'

	To view all available options, run:

		$ flower-supernode --help

	Using `start_client()` is deprecated.

            This is a deprecated feature. It will be removed
            entirely in future versions of Flower.
        
2025-03-24 15:33:58 - [Cluster 0 - CLIENT] - INFO - [Store 1028, Cluster 0] Connecting to 127.0.0.1:8080 ...
2025-03-24 15:33:58 - [Cluster 0 - CLIENT] - WARNING - DEPRECATED FEATURE: flwr.client.start_client() is deprecated.
	Instead, use the `flower-supernode` CLI command to start a SuperNode as shown below:

		$ flower-supernode --insecure --superlink='<IP>:<PORT>'

	To view all available options, run:

		$ flower-supernode --help

	Using `start_client()` is deprecated.

            This is a deprecated feature. It will be removed
            entirely in future versions of Flower.
        
2025-03-24 15:33:58 - [Cluster 0 - CLIENT] - DEBUG - Opened insecure gRPC connection (no certificates were passed)
2025-03-24 15:33:58 - [Cluster 0 - CLIENT] - DEBUG - Opened insecure gRPC connection (no certificates were passed)
2025-03-24 15:33:59 - [Cluster 0 - CLIENT] - DEBUG - ChannelConnectivity.IDLE
2025-03-24 15:33:59 - [Cluster 0 - CLIENT] - DEBUG - ChannelConnectivity.IDLE
2025-03-24 15:34:00 - [Cluster 0 - CLIENT] - DEBUG - ChannelConnectivity.READY
2025-03-24 15:34:00 - [Cluster 0 - CLIENT] - DEBUG - ChannelConnectivity.READY
2025-03-24 15:34:00 - [Cluster 0 - CLIENT] - INFO - Initialized client logging for cluster 0 -> ../logs/../logs/clients_cluster_0_20250324_153243.log
2025-03-24 15:34:00 - [Cluster 0 - CLIENT] - INFO - 
2025-03-24 15:34:01 - [Cluster 0 - CLIENT] - INFO - Received: evaluate message 8de1ed80-5fe1-4a25-8a95-1ddd2a57397c
2025-03-24 15:34:00 - [Cluster 0 - CLIENT] - INFO - 
2025-03-24 15:34:01 - [Cluster 0 - CLIENT] - INFO - Loading pickle data for store 1029, cluster 0...
2025-03-24 15:34:02 - [Cluster 0 - CLIENT] - INFO - Initialized client logging for cluster 0 -> ../logs/../logs/clients_cluster_0_20250324_153243.log
2025-03-24 15:34:02 - [Cluster 0 - CLIENT] - INFO - Loading pickle data for store 1045, cluster 0...
2025-03-24 15:34:02 - [Cluster 0 - CLIENT] - INFO - Initialized client logging for cluster 0 -> ../logs/../logs/clients_cluster_0_20250324_153243.log
2025-03-24 15:34:02 - [Cluster 0 - CLIENT] - INFO - Loading pickle data for store 1037, cluster 0...
2025-03-24 15:34:02 - [Cluster 0 - CLIENT] - INFO - Received: evaluate message 11c77dc3-4aea-410e-a8b6-24f886dc6dff
2025-03-24 15:34:02 - [Cluster 0 - CLIENT] - INFO - Initialized client logging for cluster 0 -> ../logs/../logs/clients_cluster_0_20250324_153243.log
2025-03-24 15:34:02 - [Cluster 0 - CLIENT] - INFO - Loading pickle data for store 103, cluster 0...
2025-03-24 15:34:02 - [Cluster 0 - CLIENT] - ERROR - Client raised an exception.
Traceback (most recent call last):
  File "/Users/joyngugi/PycharmProjects/cGAN_LSTM_Clustering_FLFramework/.venv1/lib/python3.12/site-packages/flwr/client/app.py", line 570, in start_client_internal
    reply_message = client_app(message=message, context=context)
                    ^^^^^^^^^^^^^^^^^^^^^^^^^^^^^^^^^^^^^^^^^^^^
  File "/Users/joyngugi/PycharmProjects/cGAN_LSTM_Clustering_FLFramework/.venv1/lib/python3.12/site-packages/flwr/client/client_app.py", line 143, in __call__
    return self._call(message, context)
           ^^^^^^^^^^^^^^^^^^^^^^^^^^^^
  File "/Users/joyngugi/PycharmProjects/cGAN_LSTM_Clustering_FLFramework/.venv1/lib/python3.12/site-packages/flwr/client/client_app.py", line 124, in ffn
    out_message = handle_legacy_message_from_msgtype(
                  ^^^^^^^^^^^^^^^^^^^^^^^^^^^^^^^^^^^
  File "/Users/joyngugi/PycharmProjects/cGAN_LSTM_Clustering_FLFramework/.venv1/lib/python3.12/site-packages/flwr/client/message_handler/message_handler.py", line 135, in handle_legacy_message_from_msgtype
    evaluate_res = maybe_call_evaluate(
                   ^^^^^^^^^^^^^^^^^^^^
  File "/Users/joyngugi/PycharmProjects/cGAN_LSTM_Clustering_FLFramework/.venv1/lib/python3.12/site-packages/flwr/client/client.py", line 244, in maybe_call_evaluate
    return client.evaluate(evaluate_ins)
           ^^^^^^^^^^^^^^^^^^^^^^^^^^^^^
  File "/Users/joyngugi/PycharmProjects/cGAN_LSTM_Clustering_FLFramework/.venv1/lib/python3.12/site-packages/flwr/client/numpy_client.py", line 251, in _evaluate
    results = self.numpy_client.evaluate(parameters, ins.config)  # type: ignore
              ^^^^^^^^^^^^^^^^^^^^^^^^^^^^^^^^^^^^^^^^^^^^^^^^^^
  File "/Users/joyngugi/PycharmProjects/cGAN_LSTM_Clustering_FLFramework/scripts/client.py", line 104, in evaluate
    loss, mae = self.model.evaluate(self.x_val, self.y_val, verbose=0)
                ^^^^^^^^^^^^^^^^^^^^^^^^^^^^^^^^^^^^^^^^^^^^^^^^^^^^^^
  File "/Users/joyngugi/PycharmProjects/cGAN_LSTM_Clustering_FLFramework/.venv1/lib/python3.12/site-packages/keras/src/utils/traceback_utils.py", line 122, in error_handler
    raise e.with_traceback(filtered_tb) from None
  File "/Users/joyngugi/PycharmProjects/cGAN_LSTM_Clustering_FLFramework/.venv1/lib/python3.12/site-packages/optree/ops.py", line 766, in tree_map
    return treespec.unflatten(map(func, *flat_args))
           ^^^^^^^^^^^^^^^^^^^^^^^^^^^^^^^^^^^^^^^^^
ValueError: Invalid dtype: object
2025-03-24 15:34:03 - [Cluster 0 - CLIENT] - INFO - Initialized client logging for cluster 0 -> ../logs/../logs/clients_cluster_0_20250324_153243.log
2025-03-24 15:34:03 - [Cluster 0 - CLIENT] - INFO - Loading pickle data for store 1034, cluster 0...
2025-03-24 15:34:03 - [Cluster 0 - CLIENT] - DEBUG - gRPC channel closed
2025-03-24 15:34:03 - [Cluster 0 - CLIENT] - INFO - Initialized client logging for cluster 0 -> ../logs/../logs/clients_cluster_0_20250324_153243.log
2025-03-24 15:34:03 - [Cluster 0 - CLIENT] - INFO - Loading pickle data for store 1047, cluster 0...
2025-03-24 15:34:03 - [Cluster 0 - CLIENT] - INFO - Initialized client logging for cluster 0 -> ../logs/../logs/clients_cluster_0_20250324_153243.log
2025-03-24 15:34:03 - [Cluster 0 - CLIENT] - INFO - Loading pickle data for store 1031, cluster 0...
2025-03-24 15:34:04 - [Cluster 0 - CLIENT] - INFO - Initialized client logging for cluster 0 -> ../logs/../logs/clients_cluster_0_20250324_153243.log
2025-03-24 15:34:04 - [Cluster 0 - CLIENT] - INFO - Loading pickle data for store 1030, cluster 0...
2025-03-24 15:34:04 - [Cluster 0 - CLIENT] - ERROR - Client raised an exception.
Traceback (most recent call last):
  File "/Users/joyngugi/PycharmProjects/cGAN_LSTM_Clustering_FLFramework/.venv1/lib/python3.12/site-packages/flwr/client/app.py", line 570, in start_client_internal
    reply_message = client_app(message=message, context=context)
                    ^^^^^^^^^^^^^^^^^^^^^^^^^^^^^^^^^^^^^^^^^^^^
  File "/Users/joyngugi/PycharmProjects/cGAN_LSTM_Clustering_FLFramework/.venv1/lib/python3.12/site-packages/flwr/client/client_app.py", line 143, in __call__
    return self._call(message, context)
           ^^^^^^^^^^^^^^^^^^^^^^^^^^^^
  File "/Users/joyngugi/PycharmProjects/cGAN_LSTM_Clustering_FLFramework/.venv1/lib/python3.12/site-packages/flwr/client/client_app.py", line 124, in ffn
    out_message = handle_legacy_message_from_msgtype(
                  ^^^^^^^^^^^^^^^^^^^^^^^^^^^^^^^^^^^
  File "/Users/joyngugi/PycharmProjects/cGAN_LSTM_Clustering_FLFramework/.venv1/lib/python3.12/site-packages/flwr/client/message_handler/message_handler.py", line 135, in handle_legacy_message_from_msgtype
    evaluate_res = maybe_call_evaluate(
                   ^^^^^^^^^^^^^^^^^^^^
  File "/Users/joyngugi/PycharmProjects/cGAN_LSTM_Clustering_FLFramework/.venv1/lib/python3.12/site-packages/flwr/client/client.py", line 244, in maybe_call_evaluate
    return client.evaluate(evaluate_ins)
           ^^^^^^^^^^^^^^^^^^^^^^^^^^^^^
  File "/Users/joyngugi/PycharmProjects/cGAN_LSTM_Clustering_FLFramework/.venv1/lib/python3.12/site-packages/flwr/client/numpy_client.py", line 251, in _evaluate
    results = self.numpy_client.evaluate(parameters, ins.config)  # type: ignore
              ^^^^^^^^^^^^^^^^^^^^^^^^^^^^^^^^^^^^^^^^^^^^^^^^^^
  File "/Users/joyngugi/PycharmProjects/cGAN_LSTM_Clustering_FLFramework/scripts/client.py", line 104, in evaluate
    loss, mae = self.model.evaluate(self.x_val, self.y_val, verbose=0)
                ^^^^^^^^^^^^^^^^^^^^^^^^^^^^^^^^^^^^^^^^^^^^^^^^^^^^^^
  File "/Users/joyngugi/PycharmProjects/cGAN_LSTM_Clustering_FLFramework/.venv1/lib/python3.12/site-packages/keras/src/utils/traceback_utils.py", line 122, in error_handler
    raise e.with_traceback(filtered_tb) from None
  File "/Users/joyngugi/PycharmProjects/cGAN_LSTM_Clustering_FLFramework/.venv1/lib/python3.12/site-packages/optree/ops.py", line 766, in tree_map
    return treespec.unflatten(map(func, *flat_args))
           ^^^^^^^^^^^^^^^^^^^^^^^^^^^^^^^^^^^^^^^^^
ValueError: Invalid dtype: object
2025-03-24 15:34:04 - [Cluster 0 - CLIENT] - DEBUG - gRPC channel closed
2025-03-24 15:34:05 - [Cluster 0 - CLIENT] - INFO - [Store 103, Cluster 0] Connecting to 127.0.0.1:8080 ...
2025-03-24 15:34:05 - [Cluster 0 - CLIENT] - INFO - [Store 1045, Cluster 0] Connecting to 127.0.0.1:8080 ...
2025-03-24 15:34:05 - [Cluster 0 - CLIENT] - INFO - [Store 1029, Cluster 0] Connecting to 127.0.0.1:8080 ...
2025-03-24 15:34:05 - [Cluster 0 - CLIENT] - INFO - [Store 1037, Cluster 0] Connecting to 127.0.0.1:8080 ...
2025-03-24 15:34:05 - [Cluster 0 - CLIENT] - WARNING - DEPRECATED FEATURE: flwr.client.start_client() is deprecated.
	Instead, use the `flower-supernode` CLI command to start a SuperNode as shown below:

		$ flower-supernode --insecure --superlink='<IP>:<PORT>'

	To view all available options, run:

		$ flower-supernode --help

	Using `start_client()` is deprecated.

            This is a deprecated feature. It will be removed
            entirely in future versions of Flower.
        
2025-03-24 15:34:05 - [Cluster 0 - CLIENT] - WARNING - DEPRECATED FEATURE: flwr.client.start_client() is deprecated.
	Instead, use the `flower-supernode` CLI command to start a SuperNode as shown below:

		$ flower-supernode --insecure --superlink='<IP>:<PORT>'

	To view all available options, run:

		$ flower-supernode --help

	Using `start_client()` is deprecated.

            This is a deprecated feature. It will be removed
            entirely in future versions of Flower.
        
2025-03-24 15:34:05 - [Cluster 0 - CLIENT] - WARNING - DEPRECATED FEATURE: flwr.client.start_client() is deprecated.
	Instead, use the `flower-supernode` CLI command to start a SuperNode as shown below:

		$ flower-supernode --insecure --superlink='<IP>:<PORT>'

	To view all available options, run:

		$ flower-supernode --help

	Using `start_client()` is deprecated.

            This is a deprecated feature. It will be removed
            entirely in future versions of Flower.
        
2025-03-24 15:34:05 - [Cluster 0 - CLIENT] - WARNING - DEPRECATED FEATURE: flwr.client.start_client() is deprecated.
	Instead, use the `flower-supernode` CLI command to start a SuperNode as shown below:

		$ flower-supernode --insecure --superlink='<IP>:<PORT>'

	To view all available options, run:

		$ flower-supernode --help

	Using `start_client()` is deprecated.

            This is a deprecated feature. It will be removed
            entirely in future versions of Flower.
        
2025-03-24 15:34:06 - [Cluster 0 - CLIENT] - DEBUG - Opened insecure gRPC connection (no certificates were passed)
2025-03-24 15:34:06 - [Cluster 0 - CLIENT] - DEBUG - ChannelConnectivity.IDLE
2025-03-24 15:34:06 - [Cluster 0 - CLIENT] - DEBUG - ChannelConnectivity.CONNECTING
2025-03-24 15:34:06 - [Cluster 0 - CLIENT] - DEBUG - ChannelConnectivity.READY
2025-03-24 15:34:06 - [Cluster 0 - CLIENT] - INFO - [Store 1047, Cluster 0] Connecting to 127.0.0.1:8080 ...
2025-03-24 15:34:06 - [Cluster 0 - CLIENT] - WARNING - DEPRECATED FEATURE: flwr.client.start_client() is deprecated.
	Instead, use the `flower-supernode` CLI command to start a SuperNode as shown below:

		$ flower-supernode --insecure --superlink='<IP>:<PORT>'

	To view all available options, run:

		$ flower-supernode --help

	Using `start_client()` is deprecated.

            This is a deprecated feature. It will be removed
            entirely in future versions of Flower.
        
2025-03-24 15:34:06 - [Cluster 0 - CLIENT] - DEBUG - Opened insecure gRPC connection (no certificates were passed)
2025-03-24 15:34:06 - [Cluster 0 - CLIENT] - DEBUG - ChannelConnectivity.IDLE
2025-03-24 15:34:06 - [Cluster 0 - CLIENT] - DEBUG - ChannelConnectivity.READY
2025-03-24 15:34:06 - [Cluster 0 - CLIENT] - INFO - 
2025-03-24 15:34:06 - [Cluster 0 - CLIENT] - INFO - Received: train message 12ef09f6-21d9-46ff-906d-ee2becd6a0e9
2025-03-24 15:34:06 - [Cluster 0 - CLIENT] - DEBUG - Opened insecure gRPC connection (no certificates were passed)
2025-03-24 15:34:06 - [Cluster 0 - CLIENT] - INFO - [Store 1034, Cluster 0] Connecting to 127.0.0.1:8080 ...
2025-03-24 15:34:06 - [Cluster 0 - CLIENT] - DEBUG - ChannelConnectivity.IDLE
2025-03-24 15:34:06 - [Cluster 0 - CLIENT] - DEBUG - ChannelConnectivity.CONNECTING
2025-03-24 15:34:06 - [Cluster 0 - CLIENT] - DEBUG - ChannelConnectivity.READY
2025-03-24 15:34:06 - [Cluster 0 - CLIENT] - WARNING - DEPRECATED FEATURE: flwr.client.start_client() is deprecated.
	Instead, use the `flower-supernode` CLI command to start a SuperNode as shown below:

		$ flower-supernode --insecure --superlink='<IP>:<PORT>'

	To view all available options, run:

		$ flower-supernode --help

	Using `start_client()` is deprecated.

            This is a deprecated feature. It will be removed
            entirely in future versions of Flower.
        
2025-03-24 15:34:06 - [Cluster 0 - CLIENT] - INFO - 
2025-03-24 15:34:06 - [Cluster 0 - CLIENT] - INFO - Received: train message 2b9651f6-b462-454f-94a4-33f97eca8862
2025-03-24 15:34:06 - [Cluster 0 - CLIENT] - DEBUG - Opened insecure gRPC connection (no certificates were passed)
2025-03-24 15:34:06 - [Cluster 0 - CLIENT] - DEBUG - ChannelConnectivity.IDLE
2025-03-24 15:34:06 - [Cluster 0 - CLIENT] - DEBUG - ChannelConnectivity.READY
2025-03-24 15:34:06 - [Cluster 0 - CLIENT] - INFO - [Store 1037] Starting local training.
2025-03-24 15:34:06 - [Cluster 0 - CLIENT] - INFO - [Store 1030, Cluster 0] Connecting to 127.0.0.1:8080 ...
2025-03-24 15:34:06 - [Cluster 0 - CLIENT] - WARNING - DEPRECATED FEATURE: flwr.client.start_client() is deprecated.
	Instead, use the `flower-supernode` CLI command to start a SuperNode as shown below:

		$ flower-supernode --insecure --superlink='<IP>:<PORT>'

	To view all available options, run:

		$ flower-supernode --help

	Using `start_client()` is deprecated.

            This is a deprecated feature. It will be removed
            entirely in future versions of Flower.
        
2025-03-24 15:34:06 - [Cluster 0 - CLIENT] - DEBUG - Opened insecure gRPC connection (no certificates were passed)
2025-03-24 15:34:06 - [Cluster 0 - CLIENT] - DEBUG - ChannelConnectivity.IDLE
2025-03-24 15:34:06 - [Cluster 0 - CLIENT] - DEBUG - ChannelConnectivity.READY
2025-03-24 15:34:06 - [Cluster 0 - CLIENT] - INFO - [Store 1028] Starting local training.
2025-03-24 15:34:06 - [Cluster 0 - CLIENT] - DEBUG - Opened insecure gRPC connection (no certificates were passed)
2025-03-24 15:34:06 - [Cluster 0 - CLIENT] - DEBUG - ChannelConnectivity.IDLE
2025-03-24 15:34:06 - [Cluster 0 - CLIENT] - DEBUG - ChannelConnectivity.CONNECTING
2025-03-24 15:34:06 - [Cluster 0 - CLIENT] - DEBUG - ChannelConnectivity.READY
2025-03-24 15:34:07 - [Cluster 0 - CLIENT] - INFO - [Store 1031, Cluster 0] Connecting to 127.0.0.1:8080 ...
2025-03-24 15:34:07 - [Cluster 0 - CLIENT] - WARNING - DEPRECATED FEATURE: flwr.client.start_client() is deprecated.
	Instead, use the `flower-supernode` CLI command to start a SuperNode as shown below:

		$ flower-supernode --insecure --superlink='<IP>:<PORT>'

	To view all available options, run:

		$ flower-supernode --help

	Using `start_client()` is deprecated.

            This is a deprecated feature. It will be removed
            entirely in future versions of Flower.
        
2025-03-24 15:34:07 - [Cluster 0 - CLIENT] - DEBUG - Opened insecure gRPC connection (no certificates were passed)
2025-03-24 15:34:07 - [Cluster 0 - CLIENT] - DEBUG - ChannelConnectivity.IDLE
2025-03-24 15:34:07 - [Cluster 0 - CLIENT] - DEBUG - ChannelConnectivity.CONNECTING
2025-03-24 15:34:07 - [Cluster 0 - CLIENT] - DEBUG - ChannelConnectivity.READY
2025-03-24 15:34:07 - [Cluster 0 - CLIENT] - ERROR - Client raised an exception.
Traceback (most recent call last):
  File "/Users/joyngugi/PycharmProjects/cGAN_LSTM_Clustering_FLFramework/.venv1/lib/python3.12/site-packages/flwr/client/app.py", line 570, in start_client_internal
    reply_message = client_app(message=message, context=context)
                    ^^^^^^^^^^^^^^^^^^^^^^^^^^^^^^^^^^^^^^^^^^^^
  File "/Users/joyngugi/PycharmProjects/cGAN_LSTM_Clustering_FLFramework/.venv1/lib/python3.12/site-packages/flwr/client/client_app.py", line 143, in __call__
    return self._call(message, context)
           ^^^^^^^^^^^^^^^^^^^^^^^^^^^^
  File "/Users/joyngugi/PycharmProjects/cGAN_LSTM_Clustering_FLFramework/.venv1/lib/python3.12/site-packages/flwr/client/client_app.py", line 124, in ffn
    out_message = handle_legacy_message_from_msgtype(
                  ^^^^^^^^^^^^^^^^^^^^^^^^^^^^^^^^^^^
  File "/Users/joyngugi/PycharmProjects/cGAN_LSTM_Clustering_FLFramework/.venv1/lib/python3.12/site-packages/flwr/client/message_handler/message_handler.py", line 128, in handle_legacy_message_from_msgtype
    fit_res = maybe_call_fit(
              ^^^^^^^^^^^^^^^
  File "/Users/joyngugi/PycharmProjects/cGAN_LSTM_Clustering_FLFramework/.venv1/lib/python3.12/site-packages/flwr/client/client.py", line 224, in maybe_call_fit
    return client.fit(fit_ins)
           ^^^^^^^^^^^^^^^^^^^
  File "/Users/joyngugi/PycharmProjects/cGAN_LSTM_Clustering_FLFramework/.venv1/lib/python3.12/site-packages/flwr/client/numpy_client.py", line 227, in _fit
    results = self.numpy_client.fit(parameters, ins.config)  # type: ignore
              ^^^^^^^^^^^^^^^^^^^^^^^^^^^^^^^^^^^^^^^^^^^^^
  File "/Users/joyngugi/PycharmProjects/cGAN_LSTM_Clustering_FLFramework/scripts/client.py", line 87, in fit
    self.model.fit(
  File "/Users/joyngugi/PycharmProjects/cGAN_LSTM_Clustering_FLFramework/.venv1/lib/python3.12/site-packages/keras/src/utils/traceback_utils.py", line 122, in error_handler
    raise e.with_traceback(filtered_tb) from None
  File "/Users/joyngugi/PycharmProjects/cGAN_LSTM_Clustering_FLFramework/.venv1/lib/python3.12/site-packages/optree/ops.py", line 766, in tree_map
    return treespec.unflatten(map(func, *flat_args))
           ^^^^^^^^^^^^^^^^^^^^^^^^^^^^^^^^^^^^^^^^^
ValueError: Invalid dtype: object
2025-03-24 15:34:07 - [Cluster 0 - CLIENT] - DEBUG - Opened insecure gRPC connection (no certificates were passed)
2025-03-24 15:34:07 - [Cluster 0 - CLIENT] - DEBUG - ChannelConnectivity.IDLE
2025-03-24 15:34:07 - [Cluster 0 - CLIENT] - DEBUG - ChannelConnectivity.CONNECTING
2025-03-24 15:34:07 - [Cluster 0 - CLIENT] - DEBUG - ChannelConnectivity.READY
2025-03-24 15:34:07 - [Cluster 0 - CLIENT] - DEBUG - gRPC channel closed
2025-03-24 15:34:08 - [Cluster 0 - CLIENT] - ERROR - Client raised an exception.
Traceback (most recent call last):
  File "/Users/joyngugi/PycharmProjects/cGAN_LSTM_Clustering_FLFramework/.venv1/lib/python3.12/site-packages/flwr/client/app.py", line 570, in start_client_internal
    reply_message = client_app(message=message, context=context)
                    ^^^^^^^^^^^^^^^^^^^^^^^^^^^^^^^^^^^^^^^^^^^^
  File "/Users/joyngugi/PycharmProjects/cGAN_LSTM_Clustering_FLFramework/.venv1/lib/python3.12/site-packages/flwr/client/client_app.py", line 143, in __call__
    return self._call(message, context)
           ^^^^^^^^^^^^^^^^^^^^^^^^^^^^
  File "/Users/joyngugi/PycharmProjects/cGAN_LSTM_Clustering_FLFramework/.venv1/lib/python3.12/site-packages/flwr/client/client_app.py", line 124, in ffn
    out_message = handle_legacy_message_from_msgtype(
                  ^^^^^^^^^^^^^^^^^^^^^^^^^^^^^^^^^^^
  File "/Users/joyngugi/PycharmProjects/cGAN_LSTM_Clustering_FLFramework/.venv1/lib/python3.12/site-packages/flwr/client/message_handler/message_handler.py", line 128, in handle_legacy_message_from_msgtype
    fit_res = maybe_call_fit(
              ^^^^^^^^^^^^^^^
  File "/Users/joyngugi/PycharmProjects/cGAN_LSTM_Clustering_FLFramework/.venv1/lib/python3.12/site-packages/flwr/client/client.py", line 224, in maybe_call_fit
    return client.fit(fit_ins)
           ^^^^^^^^^^^^^^^^^^^
  File "/Users/joyngugi/PycharmProjects/cGAN_LSTM_Clustering_FLFramework/.venv1/lib/python3.12/site-packages/flwr/client/numpy_client.py", line 227, in _fit
    results = self.numpy_client.fit(parameters, ins.config)  # type: ignore
              ^^^^^^^^^^^^^^^^^^^^^^^^^^^^^^^^^^^^^^^^^^^^^
  File "/Users/joyngugi/PycharmProjects/cGAN_LSTM_Clustering_FLFramework/scripts/client.py", line 87, in fit
    self.model.fit(
  File "/Users/joyngugi/PycharmProjects/cGAN_LSTM_Clustering_FLFramework/.venv1/lib/python3.12/site-packages/keras/src/utils/traceback_utils.py", line 122, in error_handler
    raise e.with_traceback(filtered_tb) from None
  File "/Users/joyngugi/PycharmProjects/cGAN_LSTM_Clustering_FLFramework/.venv1/lib/python3.12/site-packages/optree/ops.py", line 766, in tree_map
    return treespec.unflatten(map(func, *flat_args))
           ^^^^^^^^^^^^^^^^^^^^^^^^^^^^^^^^^^^^^^^^^
ValueError: Invalid dtype: object
2025-03-24 15:34:08 - [Cluster 0 - CLIENT] - DEBUG - gRPC channel closed
2025-03-24 15:34:08 - [Cluster 0 - CLIENT] - INFO - 
2025-03-24 15:34:08 - [Cluster 0 - CLIENT] - INFO - Received: evaluate message 5ea11123-fe07-44e9-ad64-cc76c1879ce5
2025-03-24 15:34:08 - [Cluster 0 - CLIENT] - INFO - 
2025-03-24 15:34:08 - [Cluster 0 - CLIENT] - INFO - Received: evaluate message 6b65317a-0d4e-4723-a193-0638b1a86db6
2025-03-24 15:34:08 - [Cluster 0 - CLIENT] - INFO - 
2025-03-24 15:34:08 - [Cluster 0 - CLIENT] - INFO - Received: evaluate message d6ec6aa1-c124-4513-95b0-374e91a1fc7a
2025-03-24 15:34:08 - [Cluster 0 - CLIENT] - INFO - 
2025-03-24 15:34:08 - [Cluster 0 - CLIENT] - INFO - Received: evaluate message 3f1e3c79-5729-420f-ae36-b23ad5b2a56d
2025-03-24 15:34:08 - [Cluster 0 - CLIENT] - INFO - 
2025-03-24 15:34:08 - [Cluster 0 - CLIENT] - INFO - Received: evaluate message cee063d5-3f25-43e4-a51d-a664085d8b72
2025-03-24 15:34:08 - [Cluster 0 - CLIENT] - INFO - 
2025-03-24 15:34:08 - [Cluster 0 - CLIENT] - INFO - Received: evaluate message c48a151e-0307-4b48-843c-b7439650cc1e
2025-03-24 15:34:08 - [Cluster 0 - CLIENT] - INFO - 
2025-03-24 15:34:08 - [Cluster 0 - CLIENT] - INFO - Received: evaluate message bfdbbf92-ac1b-406f-95a5-140fcb7f7469
2025-03-24 15:34:10 - [Cluster 0 - CLIENT] - ERROR - Client raised an exception.
Traceback (most recent call last):
  File "/Users/joyngugi/PycharmProjects/cGAN_LSTM_Clustering_FLFramework/.venv1/lib/python3.12/site-packages/flwr/client/app.py", line 570, in start_client_internal
    reply_message = client_app(message=message, context=context)
                    ^^^^^^^^^^^^^^^^^^^^^^^^^^^^^^^^^^^^^^^^^^^^
  File "/Users/joyngugi/PycharmProjects/cGAN_LSTM_Clustering_FLFramework/.venv1/lib/python3.12/site-packages/flwr/client/client_app.py", line 143, in __call__
    return self._call(message, context)
           ^^^^^^^^^^^^^^^^^^^^^^^^^^^^
  File "/Users/joyngugi/PycharmProjects/cGAN_LSTM_Clustering_FLFramework/.venv1/lib/python3.12/site-packages/flwr/client/client_app.py", line 124, in ffn
    out_message = handle_legacy_message_from_msgtype(
                  ^^^^^^^^^^^^^^^^^^^^^^^^^^^^^^^^^^^
  File "/Users/joyngugi/PycharmProjects/cGAN_LSTM_Clustering_FLFramework/.venv1/lib/python3.12/site-packages/flwr/client/message_handler/message_handler.py", line 135, in handle_legacy_message_from_msgtype
    evaluate_res = maybe_call_evaluate(
                   ^^^^^^^^^^^^^^^^^^^^
  File "/Users/joyngugi/PycharmProjects/cGAN_LSTM_Clustering_FLFramework/.venv1/lib/python3.12/site-packages/flwr/client/client.py", line 244, in maybe_call_evaluate
    return client.evaluate(evaluate_ins)
           ^^^^^^^^^^^^^^^^^^^^^^^^^^^^^
  File "/Users/joyngugi/PycharmProjects/cGAN_LSTM_Clustering_FLFramework/.venv1/lib/python3.12/site-packages/flwr/client/numpy_client.py", line 251, in _evaluate
    results = self.numpy_client.evaluate(parameters, ins.config)  # type: ignore
              ^^^^^^^^^^^^^^^^^^^^^^^^^^^^^^^^^^^^^^^^^^^^^^^^^^
  File "/Users/joyngugi/PycharmProjects/cGAN_LSTM_Clustering_FLFramework/scripts/client.py", line 104, in evaluate
    loss, mae = self.model.evaluate(self.x_val, self.y_val, verbose=0)
                ^^^^^^^^^^^^^^^^^^^^^^^^^^^^^^^^^^^^^^^^^^^^^^^^^^^^^^
  File "/Users/joyngugi/PycharmProjects/cGAN_LSTM_Clustering_FLFramework/.venv1/lib/python3.12/site-packages/keras/src/utils/traceback_utils.py", line 122, in error_handler
    raise e.with_traceback(filtered_tb) from None
  File "/Users/joyngugi/PycharmProjects/cGAN_LSTM_Clustering_FLFramework/.venv1/lib/python3.12/site-packages/optree/ops.py", line 766, in tree_map
    return treespec.unflatten(map(func, *flat_args))
           ^^^^^^^^^^^^^^^^^^^^^^^^^^^^^^^^^^^^^^^^^
ValueError: Invalid dtype: object
2025-03-24 15:34:10 - [Cluster 0 - CLIENT] - ERROR - Client raised an exception.
Traceback (most recent call last):
  File "/Users/joyngugi/PycharmProjects/cGAN_LSTM_Clustering_FLFramework/.venv1/lib/python3.12/site-packages/flwr/client/app.py", line 570, in start_client_internal
    reply_message = client_app(message=message, context=context)
                    ^^^^^^^^^^^^^^^^^^^^^^^^^^^^^^^^^^^^^^^^^^^^
  File "/Users/joyngugi/PycharmProjects/cGAN_LSTM_Clustering_FLFramework/.venv1/lib/python3.12/site-packages/flwr/client/client_app.py", line 143, in __call__
    return self._call(message, context)
           ^^^^^^^^^^^^^^^^^^^^^^^^^^^^
  File "/Users/joyngugi/PycharmProjects/cGAN_LSTM_Clustering_FLFramework/.venv1/lib/python3.12/site-packages/flwr/client/client_app.py", line 124, in ffn
    out_message = handle_legacy_message_from_msgtype(
                  ^^^^^^^^^^^^^^^^^^^^^^^^^^^^^^^^^^^
  File "/Users/joyngugi/PycharmProjects/cGAN_LSTM_Clustering_FLFramework/.venv1/lib/python3.12/site-packages/flwr/client/message_handler/message_handler.py", line 135, in handle_legacy_message_from_msgtype
    evaluate_res = maybe_call_evaluate(
                   ^^^^^^^^^^^^^^^^^^^^
  File "/Users/joyngugi/PycharmProjects/cGAN_LSTM_Clustering_FLFramework/.venv1/lib/python3.12/site-packages/flwr/client/client.py", line 244, in maybe_call_evaluate
    return client.evaluate(evaluate_ins)
           ^^^^^^^^^^^^^^^^^^^^^^^^^^^^^
  File "/Users/joyngugi/PycharmProjects/cGAN_LSTM_Clustering_FLFramework/.venv1/lib/python3.12/site-packages/flwr/client/numpy_client.py", line 251, in _evaluate
    results = self.numpy_client.evaluate(parameters, ins.config)  # type: ignore
              ^^^^^^^^^^^^^^^^^^^^^^^^^^^^^^^^^^^^^^^^^^^^^^^^^^
  File "/Users/joyngugi/PycharmProjects/cGAN_LSTM_Clustering_FLFramework/scripts/client.py", line 104, in evaluate
    loss, mae = self.model.evaluate(self.x_val, self.y_val, verbose=0)
                ^^^^^^^^^^^^^^^^^^^^^^^^^^^^^^^^^^^^^^^^^^^^^^^^^^^^^^
  File "/Users/joyngugi/PycharmProjects/cGAN_LSTM_Clustering_FLFramework/.venv1/lib/python3.12/site-packages/keras/src/utils/traceback_utils.py", line 122, in error_handler
    raise e.with_traceback(filtered_tb) from None
  File "/Users/joyngugi/PycharmProjects/cGAN_LSTM_Clustering_FLFramework/.venv1/lib/python3.12/site-packages/optree/ops.py", line 766, in tree_map
    return treespec.unflatten(map(func, *flat_args))
           ^^^^^^^^^^^^^^^^^^^^^^^^^^^^^^^^^^^^^^^^^
ValueError: Invalid dtype: object
2025-03-24 15:34:10 - [Cluster 0 - CLIENT] - DEBUG - gRPC channel closed
2025-03-24 15:34:10 - [Cluster 0 - CLIENT] - DEBUG - gRPC channel closed
2025-03-24 15:34:10 - [Cluster 0 - CLIENT] - ERROR - Client raised an exception.
Traceback (most recent call last):
  File "/Users/joyngugi/PycharmProjects/cGAN_LSTM_Clustering_FLFramework/.venv1/lib/python3.12/site-packages/flwr/client/app.py", line 570, in start_client_internal
    reply_message = client_app(message=message, context=context)
                    ^^^^^^^^^^^^^^^^^^^^^^^^^^^^^^^^^^^^^^^^^^^^
  File "/Users/joyngugi/PycharmProjects/cGAN_LSTM_Clustering_FLFramework/.venv1/lib/python3.12/site-packages/flwr/client/client_app.py", line 143, in __call__
    return self._call(message, context)
           ^^^^^^^^^^^^^^^^^^^^^^^^^^^^
  File "/Users/joyngugi/PycharmProjects/cGAN_LSTM_Clustering_FLFramework/.venv1/lib/python3.12/site-packages/flwr/client/client_app.py", line 124, in ffn
    out_message = handle_legacy_message_from_msgtype(
                  ^^^^^^^^^^^^^^^^^^^^^^^^^^^^^^^^^^^
  File "/Users/joyngugi/PycharmProjects/cGAN_LSTM_Clustering_FLFramework/.venv1/lib/python3.12/site-packages/flwr/client/message_handler/message_handler.py", line 135, in handle_legacy_message_from_msgtype
    evaluate_res = maybe_call_evaluate(
                   ^^^^^^^^^^^^^^^^^^^^
  File "/Users/joyngugi/PycharmProjects/cGAN_LSTM_Clustering_FLFramework/.venv1/lib/python3.12/site-packages/flwr/client/client.py", line 244, in maybe_call_evaluate
    return client.evaluate(evaluate_ins)
           ^^^^^^^^^^^^^^^^^^^^^^^^^^^^^
  File "/Users/joyngugi/PycharmProjects/cGAN_LSTM_Clustering_FLFramework/.venv1/lib/python3.12/site-packages/flwr/client/numpy_client.py", line 251, in _evaluate
    results = self.numpy_client.evaluate(parameters, ins.config)  # type: ignore
              ^^^^^^^^^^^^^^^^^^^^^^^^^^^^^^^^^^^^^^^^^^^^^^^^^^
  File "/Users/joyngugi/PycharmProjects/cGAN_LSTM_Clustering_FLFramework/scripts/client.py", line 104, in evaluate
    loss, mae = self.model.evaluate(self.x_val, self.y_val, verbose=0)
                ^^^^^^^^^^^^^^^^^^^^^^^^^^^^^^^^^^^^^^^^^^^^^^^^^^^^^^
  File "/Users/joyngugi/PycharmProjects/cGAN_LSTM_Clustering_FLFramework/.venv1/lib/python3.12/site-packages/keras/src/utils/traceback_utils.py", line 122, in error_handler
    raise e.with_traceback(filtered_tb) from None
  File "/Users/joyngugi/PycharmProjects/cGAN_LSTM_Clustering_FLFramework/.venv1/lib/python3.12/site-packages/optree/ops.py", line 766, in tree_map
    return treespec.unflatten(map(func, *flat_args))
           ^^^^^^^^^^^^^^^^^^^^^^^^^^^^^^^^^^^^^^^^^
ValueError: Invalid dtype: object
2025-03-24 15:34:10 - [Cluster 0 - CLIENT] - ERROR - Client raised an exception.
Traceback (most recent call last):
  File "/Users/joyngugi/PycharmProjects/cGAN_LSTM_Clustering_FLFramework/.venv1/lib/python3.12/site-packages/flwr/client/app.py", line 570, in start_client_internal
    reply_message = client_app(message=message, context=context)
                    ^^^^^^^^^^^^^^^^^^^^^^^^^^^^^^^^^^^^^^^^^^^^
  File "/Users/joyngugi/PycharmProjects/cGAN_LSTM_Clustering_FLFramework/.venv1/lib/python3.12/site-packages/flwr/client/client_app.py", line 143, in __call__
    return self._call(message, context)
           ^^^^^^^^^^^^^^^^^^^^^^^^^^^^
  File "/Users/joyngugi/PycharmProjects/cGAN_LSTM_Clustering_FLFramework/.venv1/lib/python3.12/site-packages/flwr/client/client_app.py", line 124, in ffn
    out_message = handle_legacy_message_from_msgtype(
                  ^^^^^^^^^^^^^^^^^^^^^^^^^^^^^^^^^^^
  File "/Users/joyngugi/PycharmProjects/cGAN_LSTM_Clustering_FLFramework/.venv1/lib/python3.12/site-packages/flwr/client/message_handler/message_handler.py", line 135, in handle_legacy_message_from_msgtype
    evaluate_res = maybe_call_evaluate(
                   ^^^^^^^^^^^^^^^^^^^^
  File "/Users/joyngugi/PycharmProjects/cGAN_LSTM_Clustering_FLFramework/.venv1/lib/python3.12/site-packages/flwr/client/client.py", line 244, in maybe_call_evaluate
    return client.evaluate(evaluate_ins)
           ^^^^^^^^^^^^^^^^^^^^^^^^^^^^^
  File "/Users/joyngugi/PycharmProjects/cGAN_LSTM_Clustering_FLFramework/.venv1/lib/python3.12/site-packages/flwr/client/numpy_client.py", line 251, in _evaluate
    results = self.numpy_client.evaluate(parameters, ins.config)  # type: ignore
              ^^^^^^^^^^^^^^^^^^^^^^^^^^^^^^^^^^^^^^^^^^^^^^^^^^
  File "/Users/joyngugi/PycharmProjects/cGAN_LSTM_Clustering_FLFramework/scripts/client.py", line 104, in evaluate
    loss, mae = self.model.evaluate(self.x_val, self.y_val, verbose=0)
                ^^^^^^^^^^^^^^^^^^^^^^^^^^^^^^^^^^^^^^^^^^^^^^^^^^^^^^
  File "/Users/joyngugi/PycharmProjects/cGAN_LSTM_Clustering_FLFramework/.venv1/lib/python3.12/site-packages/keras/src/utils/traceback_utils.py", line 122, in error_handler
    raise e.with_traceback(filtered_tb) from None
  File "/Users/joyngugi/PycharmProjects/cGAN_LSTM_Clustering_FLFramework/.venv1/lib/python3.12/site-packages/optree/ops.py", line 766, in tree_map
    return treespec.unflatten(map(func, *flat_args))
           ^^^^^^^^^^^^^^^^^^^^^^^^^^^^^^^^^^^^^^^^^
ValueError: Invalid dtype: object
2025-03-24 15:34:10 - [Cluster 0 - CLIENT] - ERROR - Client raised an exception.
Traceback (most recent call last):
  File "/Users/joyngugi/PycharmProjects/cGAN_LSTM_Clustering_FLFramework/.venv1/lib/python3.12/site-packages/flwr/client/app.py", line 570, in start_client_internal
    reply_message = client_app(message=message, context=context)
                    ^^^^^^^^^^^^^^^^^^^^^^^^^^^^^^^^^^^^^^^^^^^^
  File "/Users/joyngugi/PycharmProjects/cGAN_LSTM_Clustering_FLFramework/.venv1/lib/python3.12/site-packages/flwr/client/client_app.py", line 143, in __call__
    return self._call(message, context)
           ^^^^^^^^^^^^^^^^^^^^^^^^^^^^
  File "/Users/joyngugi/PycharmProjects/cGAN_LSTM_Clustering_FLFramework/.venv1/lib/python3.12/site-packages/flwr/client/client_app.py", line 124, in ffn
    out_message = handle_legacy_message_from_msgtype(
                  ^^^^^^^^^^^^^^^^^^^^^^^^^^^^^^^^^^^
  File "/Users/joyngugi/PycharmProjects/cGAN_LSTM_Clustering_FLFramework/.venv1/lib/python3.12/site-packages/flwr/client/message_handler/message_handler.py", line 135, in handle_legacy_message_from_msgtype
    evaluate_res = maybe_call_evaluate(
                   ^^^^^^^^^^^^^^^^^^^^
  File "/Users/joyngugi/PycharmProjects/cGAN_LSTM_Clustering_FLFramework/.venv1/lib/python3.12/site-packages/flwr/client/client.py", line 244, in maybe_call_evaluate
    return client.evaluate(evaluate_ins)
           ^^^^^^^^^^^^^^^^^^^^^^^^^^^^^
  File "/Users/joyngugi/PycharmProjects/cGAN_LSTM_Clustering_FLFramework/.venv1/lib/python3.12/site-packages/flwr/client/numpy_client.py", line 251, in _evaluate
    results = self.numpy_client.evaluate(parameters, ins.config)  # type: ignore
              ^^^^^^^^^^^^^^^^^^^^^^^^^^^^^^^^^^^^^^^^^^^^^^^^^^
  File "/Users/joyngugi/PycharmProjects/cGAN_LSTM_Clustering_FLFramework/scripts/client.py", line 104, in evaluate
    loss, mae = self.model.evaluate(self.x_val, self.y_val, verbose=0)
                ^^^^^^^^^^^^^^^^^^^^^^^^^^^^^^^^^^^^^^^^^^^^^^^^^^^^^^
  File "/Users/joyngugi/PycharmProjects/cGAN_LSTM_Clustering_FLFramework/.venv1/lib/python3.12/site-packages/keras/src/utils/traceback_utils.py", line 122, in error_handler
    raise e.with_traceback(filtered_tb) from None
  File "/Users/joyngugi/PycharmProjects/cGAN_LSTM_Clustering_FLFramework/.venv1/lib/python3.12/site-packages/optree/ops.py", line 766, in tree_map
    return treespec.unflatten(map(func, *flat_args))
           ^^^^^^^^^^^^^^^^^^^^^^^^^^^^^^^^^^^^^^^^^
ValueError: Invalid dtype: object
2025-03-24 15:34:10 - [Cluster 0 - CLIENT] - DEBUG - gRPC channel closed
2025-03-24 15:34:10 - [Cluster 0 - CLIENT] - DEBUG - gRPC channel closed
2025-03-24 15:34:10 - [Cluster 0 - CLIENT] - DEBUG - gRPC channel closed
2025-03-24 15:34:10 - [Cluster 0 - CLIENT] - ERROR - Client raised an exception.
Traceback (most recent call last):
  File "/Users/joyngugi/PycharmProjects/cGAN_LSTM_Clustering_FLFramework/.venv1/lib/python3.12/site-packages/flwr/client/app.py", line 570, in start_client_internal
    reply_message = client_app(message=message, context=context)
                    ^^^^^^^^^^^^^^^^^^^^^^^^^^^^^^^^^^^^^^^^^^^^
  File "/Users/joyngugi/PycharmProjects/cGAN_LSTM_Clustering_FLFramework/.venv1/lib/python3.12/site-packages/flwr/client/client_app.py", line 143, in __call__
    return self._call(message, context)
           ^^^^^^^^^^^^^^^^^^^^^^^^^^^^
  File "/Users/joyngugi/PycharmProjects/cGAN_LSTM_Clustering_FLFramework/.venv1/lib/python3.12/site-packages/flwr/client/client_app.py", line 124, in ffn
    out_message = handle_legacy_message_from_msgtype(
                  ^^^^^^^^^^^^^^^^^^^^^^^^^^^^^^^^^^^
  File "/Users/joyngugi/PycharmProjects/cGAN_LSTM_Clustering_FLFramework/.venv1/lib/python3.12/site-packages/flwr/client/message_handler/message_handler.py", line 135, in handle_legacy_message_from_msgtype
    evaluate_res = maybe_call_evaluate(
                   ^^^^^^^^^^^^^^^^^^^^
  File "/Users/joyngugi/PycharmProjects/cGAN_LSTM_Clustering_FLFramework/.venv1/lib/python3.12/site-packages/flwr/client/client.py", line 244, in maybe_call_evaluate
    return client.evaluate(evaluate_ins)
           ^^^^^^^^^^^^^^^^^^^^^^^^^^^^^
  File "/Users/joyngugi/PycharmProjects/cGAN_LSTM_Clustering_FLFramework/.venv1/lib/python3.12/site-packages/flwr/client/numpy_client.py", line 251, in _evaluate
    results = self.numpy_client.evaluate(parameters, ins.config)  # type: ignore
              ^^^^^^^^^^^^^^^^^^^^^^^^^^^^^^^^^^^^^^^^^^^^^^^^^^
  File "/Users/joyngugi/PycharmProjects/cGAN_LSTM_Clustering_FLFramework/scripts/client.py", line 104, in evaluate
    loss, mae = self.model.evaluate(self.x_val, self.y_val, verbose=0)
                ^^^^^^^^^^^^^^^^^^^^^^^^^^^^^^^^^^^^^^^^^^^^^^^^^^^^^^
  File "/Users/joyngugi/PycharmProjects/cGAN_LSTM_Clustering_FLFramework/.venv1/lib/python3.12/site-packages/keras/src/utils/traceback_utils.py", line 122, in error_handler
    raise e.with_traceback(filtered_tb) from None
  File "/Users/joyngugi/PycharmProjects/cGAN_LSTM_Clustering_FLFramework/.venv1/lib/python3.12/site-packages/optree/ops.py", line 766, in tree_map
    return treespec.unflatten(map(func, *flat_args))
           ^^^^^^^^^^^^^^^^^^^^^^^^^^^^^^^^^^^^^^^^^
ValueError: Invalid dtype: object
2025-03-24 15:34:10 - [Cluster 0 - CLIENT] - ERROR - Client raised an exception.
Traceback (most recent call last):
  File "/Users/joyngugi/PycharmProjects/cGAN_LSTM_Clustering_FLFramework/.venv1/lib/python3.12/site-packages/flwr/client/app.py", line 570, in start_client_internal
    reply_message = client_app(message=message, context=context)
                    ^^^^^^^^^^^^^^^^^^^^^^^^^^^^^^^^^^^^^^^^^^^^
  File "/Users/joyngugi/PycharmProjects/cGAN_LSTM_Clustering_FLFramework/.venv1/lib/python3.12/site-packages/flwr/client/client_app.py", line 143, in __call__
    return self._call(message, context)
           ^^^^^^^^^^^^^^^^^^^^^^^^^^^^
  File "/Users/joyngugi/PycharmProjects/cGAN_LSTM_Clustering_FLFramework/.venv1/lib/python3.12/site-packages/flwr/client/client_app.py", line 124, in ffn
    out_message = handle_legacy_message_from_msgtype(
                  ^^^^^^^^^^^^^^^^^^^^^^^^^^^^^^^^^^^
  File "/Users/joyngugi/PycharmProjects/cGAN_LSTM_Clustering_FLFramework/.venv1/lib/python3.12/site-packages/flwr/client/message_handler/message_handler.py", line 135, in handle_legacy_message_from_msgtype
    evaluate_res = maybe_call_evaluate(
                   ^^^^^^^^^^^^^^^^^^^^
  File "/Users/joyngugi/PycharmProjects/cGAN_LSTM_Clustering_FLFramework/.venv1/lib/python3.12/site-packages/flwr/client/client.py", line 244, in maybe_call_evaluate
    return client.evaluate(evaluate_ins)
           ^^^^^^^^^^^^^^^^^^^^^^^^^^^^^
  File "/Users/joyngugi/PycharmProjects/cGAN_LSTM_Clustering_FLFramework/.venv1/lib/python3.12/site-packages/flwr/client/numpy_client.py", line 251, in _evaluate
    results = self.numpy_client.evaluate(parameters, ins.config)  # type: ignore
              ^^^^^^^^^^^^^^^^^^^^^^^^^^^^^^^^^^^^^^^^^^^^^^^^^^
  File "/Users/joyngugi/PycharmProjects/cGAN_LSTM_Clustering_FLFramework/scripts/client.py", line 104, in evaluate
    loss, mae = self.model.evaluate(self.x_val, self.y_val, verbose=0)
                ^^^^^^^^^^^^^^^^^^^^^^^^^^^^^^^^^^^^^^^^^^^^^^^^^^^^^^
  File "/Users/joyngugi/PycharmProjects/cGAN_LSTM_Clustering_FLFramework/.venv1/lib/python3.12/site-packages/keras/src/utils/traceback_utils.py", line 122, in error_handler
    raise e.with_traceback(filtered_tb) from None
  File "/Users/joyngugi/PycharmProjects/cGAN_LSTM_Clustering_FLFramework/.venv1/lib/python3.12/site-packages/optree/ops.py", line 766, in tree_map
    return treespec.unflatten(map(func, *flat_args))
           ^^^^^^^^^^^^^^^^^^^^^^^^^^^^^^^^^^^^^^^^^
ValueError: Invalid dtype: object
2025-03-24 15:34:10 - [Cluster 0 - CLIENT] - DEBUG - gRPC channel closed
2025-03-24 15:34:11 - [Cluster 0 - CLIENT] - DEBUG - gRPC channel closed
2025-03-24 15:34:12 - [Cluster 0 - CLIENT] - INFO - Initialized client logging for cluster 0 -> ../logs/../logs/clients_cluster_0_20250324_153243.log
2025-03-24 15:34:12 - [Cluster 0 - CLIENT] - INFO - Loading pickle data for store 1036, cluster 0...
2025-03-24 15:34:12 - [Cluster 0 - CLIENT] - INFO - Initialized client logging for cluster 0 -> ../logs/../logs/clients_cluster_0_20250324_153243.log
2025-03-24 15:34:12 - [Cluster 0 - CLIENT] - INFO - Loading pickle data for store 1044, cluster 0...
2025-03-24 15:34:12 - [Cluster 0 - CLIENT] - INFO - Initialized client logging for cluster 0 -> ../logs/../logs/clients_cluster_0_20250324_153243.log
2025-03-24 15:34:12 - [Cluster 0 - CLIENT] - INFO - Loading pickle data for store 1055, cluster 0...
2025-03-24 15:34:12 - [Cluster 0 - CLIENT] - INFO - Initialized client logging for cluster 0 -> ../logs/../logs/clients_cluster_0_20250324_153243.log
2025-03-24 15:34:12 - [Cluster 0 - CLIENT] - INFO - Loading pickle data for store 1058, cluster 0...
2025-03-24 15:34:13 - [Cluster 0 - CLIENT] - INFO - Initialized client logging for cluster 0 -> ../logs/../logs/clients_cluster_0_20250324_153243.log
2025-03-24 15:34:13 - [Cluster 0 - CLIENT] - INFO - Loading pickle data for store 1060, cluster 0...
2025-03-24 15:34:13 - [Cluster 0 - CLIENT] - INFO - Initialized client logging for cluster 0 -> ../logs/../logs/clients_cluster_0_20250324_153243.log
2025-03-24 15:34:13 - [Cluster 0 - CLIENT] - INFO - Loading pickle data for store 1035, cluster 0...
2025-03-24 15:34:13 - [Cluster 0 - CLIENT] - INFO - Initialized client logging for cluster 0 -> ../logs/../logs/clients_cluster_0_20250324_153243.log
2025-03-24 15:34:13 - [Cluster 0 - CLIENT] - INFO - Loading pickle data for store 1042, cluster 0...
2025-03-24 15:34:14 - [Cluster 0 - CLIENT] - INFO - [Store 1036, Cluster 0] Connecting to 127.0.0.1:8080 ...
2025-03-24 15:34:14 - [Cluster 0 - CLIENT] - INFO - [Store 1055, Cluster 0] Connecting to 127.0.0.1:8080 ...
2025-03-24 15:34:14 - [Cluster 0 - CLIENT] - WARNING - DEPRECATED FEATURE: flwr.client.start_client() is deprecated.
	Instead, use the `flower-supernode` CLI command to start a SuperNode as shown below:

		$ flower-supernode --insecure --superlink='<IP>:<PORT>'

	To view all available options, run:

		$ flower-supernode --help

	Using `start_client()` is deprecated.

            This is a deprecated feature. It will be removed
            entirely in future versions of Flower.
        
2025-03-24 15:34:14 - [Cluster 0 - CLIENT] - WARNING - DEPRECATED FEATURE: flwr.client.start_client() is deprecated.
	Instead, use the `flower-supernode` CLI command to start a SuperNode as shown below:

		$ flower-supernode --insecure --superlink='<IP>:<PORT>'

	To view all available options, run:

		$ flower-supernode --help

	Using `start_client()` is deprecated.

            This is a deprecated feature. It will be removed
            entirely in future versions of Flower.
        
2025-03-24 15:34:15 - [Cluster 0 - CLIENT] - INFO - [Store 1060, Cluster 0] Connecting to 127.0.0.1:8080 ...
2025-03-24 15:34:15 - [Cluster 0 - CLIENT] - INFO - [Store 1058, Cluster 0] Connecting to 127.0.0.1:8080 ...
2025-03-24 15:34:15 - [Cluster 0 - CLIENT] - INFO - [Store 1035, Cluster 0] Connecting to 127.0.0.1:8080 ...
2025-03-24 15:34:15 - [Cluster 0 - CLIENT] - WARNING - DEPRECATED FEATURE: flwr.client.start_client() is deprecated.
	Instead, use the `flower-supernode` CLI command to start a SuperNode as shown below:

		$ flower-supernode --insecure --superlink='<IP>:<PORT>'

	To view all available options, run:

		$ flower-supernode --help

	Using `start_client()` is deprecated.

            This is a deprecated feature. It will be removed
            entirely in future versions of Flower.
        
2025-03-24 15:34:15 - [Cluster 0 - CLIENT] - WARNING - DEPRECATED FEATURE: flwr.client.start_client() is deprecated.
	Instead, use the `flower-supernode` CLI command to start a SuperNode as shown below:

		$ flower-supernode --insecure --superlink='<IP>:<PORT>'

	To view all available options, run:

		$ flower-supernode --help

	Using `start_client()` is deprecated.

            This is a deprecated feature. It will be removed
            entirely in future versions of Flower.
        
2025-03-24 15:34:15 - [Cluster 0 - CLIENT] - WARNING - DEPRECATED FEATURE: flwr.client.start_client() is deprecated.
	Instead, use the `flower-supernode` CLI command to start a SuperNode as shown below:

		$ flower-supernode --insecure --superlink='<IP>:<PORT>'

	To view all available options, run:

		$ flower-supernode --help

	Using `start_client()` is deprecated.

            This is a deprecated feature. It will be removed
            entirely in future versions of Flower.
        
2025-03-24 15:34:15 - [Cluster 0 - CLIENT] - DEBUG - Opened insecure gRPC connection (no certificates were passed)
2025-03-24 15:34:15 - [Cluster 0 - CLIENT] - DEBUG - ChannelConnectivity.IDLE
2025-03-24 15:34:15 - [Cluster 0 - CLIENT] - DEBUG - Opened insecure gRPC connection (no certificates were passed)
2025-03-24 15:34:15 - [Cluster 0 - CLIENT] - DEBUG - ChannelConnectivity.CONNECTING
2025-03-24 15:34:15 - [Cluster 0 - CLIENT] - DEBUG - ChannelConnectivity.IDLE
2025-03-24 15:34:15 - [Cluster 0 - CLIENT] - DEBUG - ChannelConnectivity.CONNECTING
2025-03-24 15:34:15 - [Cluster 0 - CLIENT] - DEBUG - ChannelConnectivity.READY
2025-03-24 15:34:15 - [Cluster 0 - CLIENT] - DEBUG - ChannelConnectivity.READY
2025-03-24 15:34:15 - [Cluster 0 - CLIENT] - DEBUG - Opened insecure gRPC connection (no certificates were passed)
2025-03-24 15:34:15 - [Cluster 0 - CLIENT] - DEBUG - ChannelConnectivity.IDLE
2025-03-24 15:34:15 - [Cluster 0 - CLIENT] - DEBUG - Opened insecure gRPC connection (no certificates were passed)
2025-03-24 15:34:15 - [Cluster 0 - CLIENT] - INFO - [Store 1044, Cluster 0] Connecting to 127.0.0.1:8080 ...
2025-03-24 15:34:15 - [Cluster 0 - CLIENT] - WARNING - DEPRECATED FEATURE: flwr.client.start_client() is deprecated.
	Instead, use the `flower-supernode` CLI command to start a SuperNode as shown below:

		$ flower-supernode --insecure --superlink='<IP>:<PORT>'

	To view all available options, run:

		$ flower-supernode --help

	Using `start_client()` is deprecated.

            This is a deprecated feature. It will be removed
            entirely in future versions of Flower.
        
2025-03-24 15:34:15 - [Cluster 0 - CLIENT] - INFO - 
2025-03-24 15:34:15 - [Cluster 0 - CLIENT] - INFO - Received: train message a4ee0f02-1edb-4b00-929d-a756d58b0d43
2025-03-24 15:34:15 - [Cluster 0 - CLIENT] - DEBUG - ChannelConnectivity.READY
2025-03-24 15:34:15 - [Cluster 0 - CLIENT] - DEBUG - ChannelConnectivity.IDLE
2025-03-24 15:34:15 - [Cluster 0 - CLIENT] - DEBUG - ChannelConnectivity.CONNECTING
2025-03-24 15:34:15 - [Cluster 0 - CLIENT] - DEBUG - ChannelConnectivity.READY
2025-03-24 15:34:15 - [Cluster 0 - CLIENT] - INFO - 
2025-03-24 15:34:15 - [Cluster 0 - CLIENT] - INFO - Received: train message ca23a001-4e1b-4fc6-8aef-d71438f6a652
2025-03-24 15:34:15 - [Cluster 0 - CLIENT] - DEBUG - Opened insecure gRPC connection (no certificates were passed)
2025-03-24 15:34:16 - [Cluster 0 - CLIENT] - INFO - [Store 1036] Starting local training.
2025-03-24 15:34:16 - [Cluster 0 - CLIENT] - INFO - [Store 1055] Starting local training.
2025-03-24 15:34:16 - [Cluster 0 - CLIENT] - DEBUG - Opened insecure gRPC connection (no certificates were passed)
2025-03-24 15:34:16 - [Cluster 0 - CLIENT] - DEBUG - ChannelConnectivity.IDLE
2025-03-24 15:34:16 - [Cluster 0 - CLIENT] - DEBUG - ChannelConnectivity.IDLE
2025-03-24 15:34:16 - [Cluster 0 - CLIENT] - DEBUG - ChannelConnectivity.CONNECTING
2025-03-24 15:34:16 - [Cluster 0 - CLIENT] - DEBUG - ChannelConnectivity.CONNECTING
2025-03-24 15:34:16 - [Cluster 0 - CLIENT] - DEBUG - ChannelConnectivity.READY
2025-03-24 15:34:16 - [Cluster 0 - CLIENT] - DEBUG - ChannelConnectivity.READY
2025-03-24 15:34:16 - [Cluster 0 - CLIENT] - INFO - [Store 1042, Cluster 0] Connecting to 127.0.0.1:8080 ...
2025-03-24 15:34:16 - [Cluster 0 - CLIENT] - WARNING - DEPRECATED FEATURE: flwr.client.start_client() is deprecated.
	Instead, use the `flower-supernode` CLI command to start a SuperNode as shown below:

		$ flower-supernode --insecure --superlink='<IP>:<PORT>'

	To view all available options, run:

		$ flower-supernode --help

	Using `start_client()` is deprecated.

            This is a deprecated feature. It will be removed
            entirely in future versions of Flower.
        
2025-03-24 15:34:16 - [Cluster 0 - CLIENT] - DEBUG - Opened insecure gRPC connection (no certificates were passed)
2025-03-24 15:34:16 - [Cluster 0 - CLIENT] - DEBUG - ChannelConnectivity.IDLE
2025-03-24 15:34:16 - [Cluster 0 - CLIENT] - DEBUG - ChannelConnectivity.CONNECTING
2025-03-24 15:34:16 - [Cluster 0 - CLIENT] - DEBUG - ChannelConnectivity.READY
2025-03-24 15:34:17 - [Cluster 0 - CLIENT] - ERROR - Client raised an exception.
Traceback (most recent call last):
  File "/Users/joyngugi/PycharmProjects/cGAN_LSTM_Clustering_FLFramework/.venv1/lib/python3.12/site-packages/flwr/client/app.py", line 570, in start_client_internal
    reply_message = client_app(message=message, context=context)
                    ^^^^^^^^^^^^^^^^^^^^^^^^^^^^^^^^^^^^^^^^^^^^
  File "/Users/joyngugi/PycharmProjects/cGAN_LSTM_Clustering_FLFramework/.venv1/lib/python3.12/site-packages/flwr/client/client_app.py", line 143, in __call__
    return self._call(message, context)
           ^^^^^^^^^^^^^^^^^^^^^^^^^^^^
  File "/Users/joyngugi/PycharmProjects/cGAN_LSTM_Clustering_FLFramework/.venv1/lib/python3.12/site-packages/flwr/client/client_app.py", line 124, in ffn
    out_message = handle_legacy_message_from_msgtype(
                  ^^^^^^^^^^^^^^^^^^^^^^^^^^^^^^^^^^^
  File "/Users/joyngugi/PycharmProjects/cGAN_LSTM_Clustering_FLFramework/.venv1/lib/python3.12/site-packages/flwr/client/message_handler/message_handler.py", line 128, in handle_legacy_message_from_msgtype
    fit_res = maybe_call_fit(
              ^^^^^^^^^^^^^^^
  File "/Users/joyngugi/PycharmProjects/cGAN_LSTM_Clustering_FLFramework/.venv1/lib/python3.12/site-packages/flwr/client/client.py", line 224, in maybe_call_fit
    return client.fit(fit_ins)
           ^^^^^^^^^^^^^^^^^^^
  File "/Users/joyngugi/PycharmProjects/cGAN_LSTM_Clustering_FLFramework/.venv1/lib/python3.12/site-packages/flwr/client/numpy_client.py", line 227, in _fit
    results = self.numpy_client.fit(parameters, ins.config)  # type: ignore
              ^^^^^^^^^^^^^^^^^^^^^^^^^^^^^^^^^^^^^^^^^^^^^
  File "/Users/joyngugi/PycharmProjects/cGAN_LSTM_Clustering_FLFramework/scripts/client.py", line 87, in fit
    self.model.fit(
  File "/Users/joyngugi/PycharmProjects/cGAN_LSTM_Clustering_FLFramework/.venv1/lib/python3.12/site-packages/keras/src/utils/traceback_utils.py", line 122, in error_handler
    raise e.with_traceback(filtered_tb) from None
  File "/Users/joyngugi/PycharmProjects/cGAN_LSTM_Clustering_FLFramework/.venv1/lib/python3.12/site-packages/optree/ops.py", line 766, in tree_map
    return treespec.unflatten(map(func, *flat_args))
           ^^^^^^^^^^^^^^^^^^^^^^^^^^^^^^^^^^^^^^^^^
ValueError: Invalid dtype: object
2025-03-24 15:34:16 - [Cluster 0 - CLIENT] - ERROR - Client raised an exception.
Traceback (most recent call last):
  File "/Users/joyngugi/PycharmProjects/cGAN_LSTM_Clustering_FLFramework/.venv1/lib/python3.12/site-packages/flwr/client/app.py", line 570, in start_client_internal
    reply_message = client_app(message=message, context=context)
                    ^^^^^^^^^^^^^^^^^^^^^^^^^^^^^^^^^^^^^^^^^^^^
  File "/Users/joyngugi/PycharmProjects/cGAN_LSTM_Clustering_FLFramework/.venv1/lib/python3.12/site-packages/flwr/client/client_app.py", line 143, in __call__
    return self._call(message, context)
           ^^^^^^^^^^^^^^^^^^^^^^^^^^^^
  File "/Users/joyngugi/PycharmProjects/cGAN_LSTM_Clustering_FLFramework/.venv1/lib/python3.12/site-packages/flwr/client/client_app.py", line 124, in ffn
    out_message = handle_legacy_message_from_msgtype(
                  ^^^^^^^^^^^^^^^^^^^^^^^^^^^^^^^^^^^
  File "/Users/joyngugi/PycharmProjects/cGAN_LSTM_Clustering_FLFramework/.venv1/lib/python3.12/site-packages/flwr/client/message_handler/message_handler.py", line 128, in handle_legacy_message_from_msgtype
    fit_res = maybe_call_fit(
              ^^^^^^^^^^^^^^^
  File "/Users/joyngugi/PycharmProjects/cGAN_LSTM_Clustering_FLFramework/.venv1/lib/python3.12/site-packages/flwr/client/client.py", line 224, in maybe_call_fit
    return client.fit(fit_ins)
           ^^^^^^^^^^^^^^^^^^^
  File "/Users/joyngugi/PycharmProjects/cGAN_LSTM_Clustering_FLFramework/.venv1/lib/python3.12/site-packages/flwr/client/numpy_client.py", line 227, in _fit
    results = self.numpy_client.fit(parameters, ins.config)  # type: ignore
              ^^^^^^^^^^^^^^^^^^^^^^^^^^^^^^^^^^^^^^^^^^^^^
  File "/Users/joyngugi/PycharmProjects/cGAN_LSTM_Clustering_FLFramework/scripts/client.py", line 87, in fit
    self.model.fit(
  File "/Users/joyngugi/PycharmProjects/cGAN_LSTM_Clustering_FLFramework/.venv1/lib/python3.12/site-packages/keras/src/utils/traceback_utils.py", line 122, in error_handler
    raise e.with_traceback(filtered_tb) from None
  File "/Users/joyngugi/PycharmProjects/cGAN_LSTM_Clustering_FLFramework/.venv1/lib/python3.12/site-packages/optree/ops.py", line 766, in tree_map
    return treespec.unflatten(map(func, *flat_args))
           ^^^^^^^^^^^^^^^^^^^^^^^^^^^^^^^^^^^^^^^^^
ValueError: Invalid dtype: object
2025-03-24 15:34:17 - [Cluster 0 - CLIENT] - DEBUG - gRPC channel closed
2025-03-24 15:34:17 - [Cluster 0 - CLIENT] - DEBUG - gRPC channel closed
2025-03-24 15:34:17 - [Cluster 0 - CLIENT] - INFO - 
2025-03-24 15:34:17 - [Cluster 0 - CLIENT] - INFO - Received: evaluate message 99dd2b87-3924-479c-89de-236a39f31348
2025-03-24 15:34:17 - [Cluster 0 - CLIENT] - INFO - 
2025-03-24 15:34:17 - [Cluster 0 - CLIENT] - INFO - Received: evaluate message 9169cb88-19c2-47e9-ab23-6fda35d0686a
2025-03-24 15:34:17 - [Cluster 0 - CLIENT] - INFO - 
2025-03-24 15:34:17 - [Cluster 0 - CLIENT] - INFO - Received: evaluate message 61075ec0-25b5-4fb8-8d69-f650a21d56ae
2025-03-24 15:34:17 - [Cluster 0 - CLIENT] - INFO - 
2025-03-24 15:34:17 - [Cluster 0 - CLIENT] - INFO - Received: evaluate message 49256482-8ef4-479a-8719-41bbcf969ea6
2025-03-24 15:34:17 - [Cluster 0 - CLIENT] - INFO - 
2025-03-24 15:34:17 - [Cluster 0 - CLIENT] - INFO - Received: evaluate message 12e18c38-a51d-4d14-a2af-3da24a5d053f
2025-03-24 15:34:17 - [Cluster 0 - CLIENT] - INFO - Initialized client logging for cluster 0 -> ../logs/../logs/clients_cluster_0_20250324_153243.log
2025-03-24 15:34:17 - [Cluster 0 - CLIENT] - INFO - Loading pickle data for store 1052, cluster 0...
2025-03-24 15:34:18 - [Cluster 0 - CLIENT] - ERROR - Client raised an exception.
Traceback (most recent call last):
  File "/Users/joyngugi/PycharmProjects/cGAN_LSTM_Clustering_FLFramework/.venv1/lib/python3.12/site-packages/flwr/client/app.py", line 570, in start_client_internal
    reply_message = client_app(message=message, context=context)
                    ^^^^^^^^^^^^^^^^^^^^^^^^^^^^^^^^^^^^^^^^^^^^
  File "/Users/joyngugi/PycharmProjects/cGAN_LSTM_Clustering_FLFramework/.venv1/lib/python3.12/site-packages/flwr/client/client_app.py", line 143, in __call__
    return self._call(message, context)
           ^^^^^^^^^^^^^^^^^^^^^^^^^^^^
  File "/Users/joyngugi/PycharmProjects/cGAN_LSTM_Clustering_FLFramework/.venv1/lib/python3.12/site-packages/flwr/client/client_app.py", line 124, in ffn
    out_message = handle_legacy_message_from_msgtype(
                  ^^^^^^^^^^^^^^^^^^^^^^^^^^^^^^^^^^^
  File "/Users/joyngugi/PycharmProjects/cGAN_LSTM_Clustering_FLFramework/.venv1/lib/python3.12/site-packages/flwr/client/message_handler/message_handler.py", line 135, in handle_legacy_message_from_msgtype
    evaluate_res = maybe_call_evaluate(
                   ^^^^^^^^^^^^^^^^^^^^
  File "/Users/joyngugi/PycharmProjects/cGAN_LSTM_Clustering_FLFramework/.venv1/lib/python3.12/site-packages/flwr/client/client.py", line 244, in maybe_call_evaluate
    return client.evaluate(evaluate_ins)
           ^^^^^^^^^^^^^^^^^^^^^^^^^^^^^
  File "/Users/joyngugi/PycharmProjects/cGAN_LSTM_Clustering_FLFramework/.venv1/lib/python3.12/site-packages/flwr/client/numpy_client.py", line 251, in _evaluate
    results = self.numpy_client.evaluate(parameters, ins.config)  # type: ignore
              ^^^^^^^^^^^^^^^^^^^^^^^^^^^^^^^^^^^^^^^^^^^^^^^^^^
  File "/Users/joyngugi/PycharmProjects/cGAN_LSTM_Clustering_FLFramework/scripts/client.py", line 104, in evaluate
    loss, mae = self.model.evaluate(self.x_val, self.y_val, verbose=0)
                ^^^^^^^^^^^^^^^^^^^^^^^^^^^^^^^^^^^^^^^^^^^^^^^^^^^^^^
  File "/Users/joyngugi/PycharmProjects/cGAN_LSTM_Clustering_FLFramework/.venv1/lib/python3.12/site-packages/keras/src/utils/traceback_utils.py", line 122, in error_handler
    raise e.with_traceback(filtered_tb) from None
  File "/Users/joyngugi/PycharmProjects/cGAN_LSTM_Clustering_FLFramework/.venv1/lib/python3.12/site-packages/optree/ops.py", line 766, in tree_map
    return treespec.unflatten(map(func, *flat_args))
           ^^^^^^^^^^^^^^^^^^^^^^^^^^^^^^^^^^^^^^^^^
ValueError: Invalid dtype: object
2025-03-24 15:34:18 - [Cluster 0 - CLIENT] - INFO - Initialized client logging for cluster 0 -> ../logs/../logs/clients_cluster_0_20250324_153243.log
2025-03-24 15:34:18 - [Cluster 0 - CLIENT] - INFO - Loading pickle data for store 1061, cluster 0...
2025-03-24 15:34:18 - [Cluster 0 - CLIENT] - DEBUG - gRPC channel closed
2025-03-24 15:34:19 - [Cluster 0 - CLIENT] - INFO - Initialized client logging for cluster 0 -> ../logs/../logs/clients_cluster_0_20250324_153243.log
2025-03-24 15:34:19 - [Cluster 0 - CLIENT] - INFO - Loading pickle data for store 1051, cluster 0...
2025-03-24 15:34:19 - [Cluster 0 - CLIENT] - ERROR - Client raised an exception.
Traceback (most recent call last):
  File "/Users/joyngugi/PycharmProjects/cGAN_LSTM_Clustering_FLFramework/.venv1/lib/python3.12/site-packages/flwr/client/app.py", line 570, in start_client_internal
    reply_message = client_app(message=message, context=context)
                    ^^^^^^^^^^^^^^^^^^^^^^^^^^^^^^^^^^^^^^^^^^^^
  File "/Users/joyngugi/PycharmProjects/cGAN_LSTM_Clustering_FLFramework/.venv1/lib/python3.12/site-packages/flwr/client/client_app.py", line 143, in __call__
    return self._call(message, context)
           ^^^^^^^^^^^^^^^^^^^^^^^^^^^^
  File "/Users/joyngugi/PycharmProjects/cGAN_LSTM_Clustering_FLFramework/.venv1/lib/python3.12/site-packages/flwr/client/client_app.py", line 124, in ffn
    out_message = handle_legacy_message_from_msgtype(
                  ^^^^^^^^^^^^^^^^^^^^^^^^^^^^^^^^^^^
  File "/Users/joyngugi/PycharmProjects/cGAN_LSTM_Clustering_FLFramework/.venv1/lib/python3.12/site-packages/flwr/client/message_handler/message_handler.py", line 135, in handle_legacy_message_from_msgtype
    evaluate_res = maybe_call_evaluate(
                   ^^^^^^^^^^^^^^^^^^^^
  File "/Users/joyngugi/PycharmProjects/cGAN_LSTM_Clustering_FLFramework/.venv1/lib/python3.12/site-packages/flwr/client/client.py", line 244, in maybe_call_evaluate
    return client.evaluate(evaluate_ins)
           ^^^^^^^^^^^^^^^^^^^^^^^^^^^^^
  File "/Users/joyngugi/PycharmProjects/cGAN_LSTM_Clustering_FLFramework/.venv1/lib/python3.12/site-packages/flwr/client/numpy_client.py", line 251, in _evaluate
    results = self.numpy_client.evaluate(parameters, ins.config)  # type: ignore
              ^^^^^^^^^^^^^^^^^^^^^^^^^^^^^^^^^^^^^^^^^^^^^^^^^^
  File "/Users/joyngugi/PycharmProjects/cGAN_LSTM_Clustering_FLFramework/scripts/client.py", line 104, in evaluate
    loss, mae = self.model.evaluate(self.x_val, self.y_val, verbose=0)
                ^^^^^^^^^^^^^^^^^^^^^^^^^^^^^^^^^^^^^^^^^^^^^^^^^^^^^^
  File "/Users/joyngugi/PycharmProjects/cGAN_LSTM_Clustering_FLFramework/.venv1/lib/python3.12/site-packages/keras/src/utils/traceback_utils.py", line 122, in error_handler
    raise e.with_traceback(filtered_tb) from None
  File "/Users/joyngugi/PycharmProjects/cGAN_LSTM_Clustering_FLFramework/.venv1/lib/python3.12/site-packages/optree/ops.py", line 766, in tree_map
    return treespec.unflatten(map(func, *flat_args))
           ^^^^^^^^^^^^^^^^^^^^^^^^^^^^^^^^^^^^^^^^^
ValueError: Invalid dtype: object
2025-03-24 15:34:19 - [Cluster 0 - CLIENT] - DEBUG - gRPC channel closed
2025-03-24 15:34:19 - [Cluster 0 - CLIENT] - ERROR - Client raised an exception.
Traceback (most recent call last):
  File "/Users/joyngugi/PycharmProjects/cGAN_LSTM_Clustering_FLFramework/.venv1/lib/python3.12/site-packages/flwr/client/app.py", line 570, in start_client_internal
    reply_message = client_app(message=message, context=context)
                    ^^^^^^^^^^^^^^^^^^^^^^^^^^^^^^^^^^^^^^^^^^^^
  File "/Users/joyngugi/PycharmProjects/cGAN_LSTM_Clustering_FLFramework/.venv1/lib/python3.12/site-packages/flwr/client/client_app.py", line 143, in __call__
    return self._call(message, context)
           ^^^^^^^^^^^^^^^^^^^^^^^^^^^^
  File "/Users/joyngugi/PycharmProjects/cGAN_LSTM_Clustering_FLFramework/.venv1/lib/python3.12/site-packages/flwr/client/client_app.py", line 124, in ffn
    out_message = handle_legacy_message_from_msgtype(
                  ^^^^^^^^^^^^^^^^^^^^^^^^^^^^^^^^^^^
  File "/Users/joyngugi/PycharmProjects/cGAN_LSTM_Clustering_FLFramework/.venv1/lib/python3.12/site-packages/flwr/client/message_handler/message_handler.py", line 135, in handle_legacy_message_from_msgtype
    evaluate_res = maybe_call_evaluate(
                   ^^^^^^^^^^^^^^^^^^^^
  File "/Users/joyngugi/PycharmProjects/cGAN_LSTM_Clustering_FLFramework/.venv1/lib/python3.12/site-packages/flwr/client/client.py", line 244, in maybe_call_evaluate
    return client.evaluate(evaluate_ins)
           ^^^^^^^^^^^^^^^^^^^^^^^^^^^^^
  File "/Users/joyngugi/PycharmProjects/cGAN_LSTM_Clustering_FLFramework/.venv1/lib/python3.12/site-packages/flwr/client/numpy_client.py", line 251, in _evaluate
    results = self.numpy_client.evaluate(parameters, ins.config)  # type: ignore
              ^^^^^^^^^^^^^^^^^^^^^^^^^^^^^^^^^^^^^^^^^^^^^^^^^^
  File "/Users/joyngugi/PycharmProjects/cGAN_LSTM_Clustering_FLFramework/scripts/client.py", line 104, in evaluate
    loss, mae = self.model.evaluate(self.x_val, self.y_val, verbose=0)
                ^^^^^^^^^^^^^^^^^^^^^^^^^^^^^^^^^^^^^^^^^^^^^^^^^^^^^^
  File "/Users/joyngugi/PycharmProjects/cGAN_LSTM_Clustering_FLFramework/.venv1/lib/python3.12/site-packages/keras/src/utils/traceback_utils.py", line 122, in error_handler
    raise e.with_traceback(filtered_tb) from None
  File "/Users/joyngugi/PycharmProjects/cGAN_LSTM_Clustering_FLFramework/.venv1/lib/python3.12/site-packages/optree/ops.py", line 766, in tree_map
    return treespec.unflatten(map(func, *flat_args))
           ^^^^^^^^^^^^^^^^^^^^^^^^^^^^^^^^^^^^^^^^^
ValueError: Invalid dtype: object
2025-03-24 15:34:19 - [Cluster 0 - CLIENT] - ERROR - Client raised an exception.
Traceback (most recent call last):
  File "/Users/joyngugi/PycharmProjects/cGAN_LSTM_Clustering_FLFramework/.venv1/lib/python3.12/site-packages/flwr/client/app.py", line 570, in start_client_internal
    reply_message = client_app(message=message, context=context)
                    ^^^^^^^^^^^^^^^^^^^^^^^^^^^^^^^^^^^^^^^^^^^^
  File "/Users/joyngugi/PycharmProjects/cGAN_LSTM_Clustering_FLFramework/.venv1/lib/python3.12/site-packages/flwr/client/client_app.py", line 143, in __call__
    return self._call(message, context)
           ^^^^^^^^^^^^^^^^^^^^^^^^^^^^
  File "/Users/joyngugi/PycharmProjects/cGAN_LSTM_Clustering_FLFramework/.venv1/lib/python3.12/site-packages/flwr/client/client_app.py", line 124, in ffn
    out_message = handle_legacy_message_from_msgtype(
                  ^^^^^^^^^^^^^^^^^^^^^^^^^^^^^^^^^^^
  File "/Users/joyngugi/PycharmProjects/cGAN_LSTM_Clustering_FLFramework/.venv1/lib/python3.12/site-packages/flwr/client/message_handler/message_handler.py", line 135, in handle_legacy_message_from_msgtype
    evaluate_res = maybe_call_evaluate(
                   ^^^^^^^^^^^^^^^^^^^^
  File "/Users/joyngugi/PycharmProjects/cGAN_LSTM_Clustering_FLFramework/.venv1/lib/python3.12/site-packages/flwr/client/client.py", line 244, in maybe_call_evaluate
    return client.evaluate(evaluate_ins)
           ^^^^^^^^^^^^^^^^^^^^^^^^^^^^^
  File "/Users/joyngugi/PycharmProjects/cGAN_LSTM_Clustering_FLFramework/.venv1/lib/python3.12/site-packages/flwr/client/numpy_client.py", line 251, in _evaluate
    results = self.numpy_client.evaluate(parameters, ins.config)  # type: ignore
              ^^^^^^^^^^^^^^^^^^^^^^^^^^^^^^^^^^^^^^^^^^^^^^^^^^
  File "/Users/joyngugi/PycharmProjects/cGAN_LSTM_Clustering_FLFramework/scripts/client.py", line 104, in evaluate
    loss, mae = self.model.evaluate(self.x_val, self.y_val, verbose=0)
                ^^^^^^^^^^^^^^^^^^^^^^^^^^^^^^^^^^^^^^^^^^^^^^^^^^^^^^
  File "/Users/joyngugi/PycharmProjects/cGAN_LSTM_Clustering_FLFramework/.venv1/lib/python3.12/site-packages/keras/src/utils/traceback_utils.py", line 122, in error_handler
    raise e.with_traceback(filtered_tb) from None
  File "/Users/joyngugi/PycharmProjects/cGAN_LSTM_Clustering_FLFramework/.venv1/lib/python3.12/site-packages/optree/ops.py", line 766, in tree_map
    return treespec.unflatten(map(func, *flat_args))
           ^^^^^^^^^^^^^^^^^^^^^^^^^^^^^^^^^^^^^^^^^
ValueError: Invalid dtype: object
2025-03-24 15:34:19 - [Cluster 0 - CLIENT] - DEBUG - gRPC channel closed
2025-03-24 15:34:19 - [Cluster 0 - CLIENT] - ERROR - Client raised an exception.
Traceback (most recent call last):
  File "/Users/joyngugi/PycharmProjects/cGAN_LSTM_Clustering_FLFramework/.venv1/lib/python3.12/site-packages/flwr/client/app.py", line 570, in start_client_internal
    reply_message = client_app(message=message, context=context)
                    ^^^^^^^^^^^^^^^^^^^^^^^^^^^^^^^^^^^^^^^^^^^^
  File "/Users/joyngugi/PycharmProjects/cGAN_LSTM_Clustering_FLFramework/.venv1/lib/python3.12/site-packages/flwr/client/client_app.py", line 143, in __call__
    return self._call(message, context)
           ^^^^^^^^^^^^^^^^^^^^^^^^^^^^
  File "/Users/joyngugi/PycharmProjects/cGAN_LSTM_Clustering_FLFramework/.venv1/lib/python3.12/site-packages/flwr/client/client_app.py", line 124, in ffn
    out_message = handle_legacy_message_from_msgtype(
                  ^^^^^^^^^^^^^^^^^^^^^^^^^^^^^^^^^^^
  File "/Users/joyngugi/PycharmProjects/cGAN_LSTM_Clustering_FLFramework/.venv1/lib/python3.12/site-packages/flwr/client/message_handler/message_handler.py", line 135, in handle_legacy_message_from_msgtype
    evaluate_res = maybe_call_evaluate(
                   ^^^^^^^^^^^^^^^^^^^^
  File "/Users/joyngugi/PycharmProjects/cGAN_LSTM_Clustering_FLFramework/.venv1/lib/python3.12/site-packages/flwr/client/client.py", line 244, in maybe_call_evaluate
    return client.evaluate(evaluate_ins)
           ^^^^^^^^^^^^^^^^^^^^^^^^^^^^^
  File "/Users/joyngugi/PycharmProjects/cGAN_LSTM_Clustering_FLFramework/.venv1/lib/python3.12/site-packages/flwr/client/numpy_client.py", line 251, in _evaluate
    results = self.numpy_client.evaluate(parameters, ins.config)  # type: ignore
              ^^^^^^^^^^^^^^^^^^^^^^^^^^^^^^^^^^^^^^^^^^^^^^^^^^
  File "/Users/joyngugi/PycharmProjects/cGAN_LSTM_Clustering_FLFramework/scripts/client.py", line 104, in evaluate
    loss, mae = self.model.evaluate(self.x_val, self.y_val, verbose=0)
                ^^^^^^^^^^^^^^^^^^^^^^^^^^^^^^^^^^^^^^^^^^^^^^^^^^^^^^
  File "/Users/joyngugi/PycharmProjects/cGAN_LSTM_Clustering_FLFramework/.venv1/lib/python3.12/site-packages/keras/src/utils/traceback_utils.py", line 122, in error_handler
    raise e.with_traceback(filtered_tb) from None
  File "/Users/joyngugi/PycharmProjects/cGAN_LSTM_Clustering_FLFramework/.venv1/lib/python3.12/site-packages/optree/ops.py", line 766, in tree_map
    return treespec.unflatten(map(func, *flat_args))
           ^^^^^^^^^^^^^^^^^^^^^^^^^^^^^^^^^^^^^^^^^
ValueError: Invalid dtype: object
2025-03-24 15:34:19 - [Cluster 0 - CLIENT] - DEBUG - gRPC channel closed
2025-03-24 15:34:19 - [Cluster 0 - CLIENT] - DEBUG - gRPC channel closed
2025-03-24 15:34:19 - [Cluster 0 - CLIENT] - INFO - Initialized client logging for cluster 0 -> ../logs/../logs/clients_cluster_0_20250324_153243.log
2025-03-24 15:34:19 - [Cluster 0 - CLIENT] - INFO - Loading pickle data for store 1048, cluster 0...
2025-03-24 15:34:20 - [Cluster 0 - CLIENT] - INFO - [Store 1052, Cluster 0] Connecting to 127.0.0.1:8080 ...
2025-03-24 15:34:20 - [Cluster 0 - CLIENT] - WARNING - DEPRECATED FEATURE: flwr.client.start_client() is deprecated.
	Instead, use the `flower-supernode` CLI command to start a SuperNode as shown below:

		$ flower-supernode --insecure --superlink='<IP>:<PORT>'

	To view all available options, run:

		$ flower-supernode --help

	Using `start_client()` is deprecated.

            This is a deprecated feature. It will be removed
            entirely in future versions of Flower.
        
2025-03-24 15:34:20 - [Cluster 0 - CLIENT] - DEBUG - Opened insecure gRPC connection (no certificates were passed)
2025-03-24 15:34:20 - [Cluster 0 - CLIENT] - DEBUG - ChannelConnectivity.IDLE
2025-03-24 15:34:20 - [Cluster 0 - CLIENT] - DEBUG - ChannelConnectivity.CONNECTING
2025-03-24 15:34:20 - [Cluster 0 - CLIENT] - DEBUG - ChannelConnectivity.READY
2025-03-24 15:34:20 - [Cluster 0 - CLIENT] - INFO - Initialized client logging for cluster 0 -> ../logs/../logs/clients_cluster_0_20250324_153243.log
2025-03-24 15:34:20 - [Cluster 0 - CLIENT] - INFO - Loading pickle data for store 1062, cluster 0...
2025-03-24 15:34:20 - [Cluster 0 - CLIENT] - INFO - Initialized client logging for cluster 0 -> ../logs/../logs/clients_cluster_0_20250324_153243.log
2025-03-24 15:34:21 - [Cluster 0 - CLIENT] - INFO - [Store 1051, Cluster 0] Connecting to 127.0.0.1:8080 ...
2025-03-24 15:34:21 - [Cluster 0 - CLIENT] - INFO - [Store 1061, Cluster 0] Connecting to 127.0.0.1:8080 ...
2025-03-24 15:34:21 - [Cluster 0 - CLIENT] - WARNING - DEPRECATED FEATURE: flwr.client.start_client() is deprecated.
	Instead, use the `flower-supernode` CLI command to start a SuperNode as shown below:

		$ flower-supernode --insecure --superlink='<IP>:<PORT>'

	To view all available options, run:

		$ flower-supernode --help

	Using `start_client()` is deprecated.

            This is a deprecated feature. It will be removed
            entirely in future versions of Flower.
        
2025-03-24 15:34:21 - [Cluster 0 - CLIENT] - WARNING - DEPRECATED FEATURE: flwr.client.start_client() is deprecated.
	Instead, use the `flower-supernode` CLI command to start a SuperNode as shown below:

		$ flower-supernode --insecure --superlink='<IP>:<PORT>'

	To view all available options, run:

		$ flower-supernode --help

	Using `start_client()` is deprecated.

            This is a deprecated feature. It will be removed
            entirely in future versions of Flower.
        
2025-03-24 15:34:21 - [Cluster 0 - CLIENT] - INFO - Initialized client logging for cluster 0 -> ../logs/../logs/clients_cluster_0_20250324_153243.log
2025-03-24 15:34:21 - [Cluster 0 - CLIENT] - INFO - Loading pickle data for store 1050, cluster 0...
2025-03-24 15:34:21 - [Cluster 0 - CLIENT] - INFO - Loading pickle data for store 1057, cluster 0...
2025-03-24 15:34:21 - [Cluster 0 - CLIENT] - INFO - Initialized client logging for cluster 0 -> ../logs/../logs/clients_cluster_0_20250324_153243.log
2025-03-24 15:34:21 - [Cluster 0 - CLIENT] - INFO - Loading pickle data for store 1063, cluster 0...
2025-03-24 15:34:22 - [Cluster 0 - CLIENT] - DEBUG - Opened insecure gRPC connection (no certificates were passed)
2025-03-24 15:34:22 - [Cluster 0 - CLIENT] - DEBUG - Opened insecure gRPC connection (no certificates were passed)
2025-03-24 15:34:22 - [Cluster 0 - CLIENT] - INFO - [Store 1048, Cluster 0] Connecting to 127.0.0.1:8080 ...
2025-03-24 15:34:22 - [Cluster 0 - CLIENT] - DEBUG - ChannelConnectivity.IDLE
2025-03-24 15:34:22 - [Cluster 0 - CLIENT] - DEBUG - ChannelConnectivity.IDLE
2025-03-24 15:34:22 - [Cluster 0 - CLIENT] - WARNING - DEPRECATED FEATURE: flwr.client.start_client() is deprecated.
	Instead, use the `flower-supernode` CLI command to start a SuperNode as shown below:

		$ flower-supernode --insecure --superlink='<IP>:<PORT>'

	To view all available options, run:

		$ flower-supernode --help

	Using `start_client()` is deprecated.

            This is a deprecated feature. It will be removed
            entirely in future versions of Flower.
        
2025-03-24 15:34:22 - [Cluster 0 - CLIENT] - DEBUG - ChannelConnectivity.CONNECTING
2025-03-24 15:34:22 - [Cluster 0 - CLIENT] - DEBUG - ChannelConnectivity.CONNECTING
2025-03-24 15:34:22 - [Cluster 0 - CLIENT] - DEBUG - ChannelConnectivity.READY
2025-03-24 15:34:22 - [Cluster 0 - CLIENT] - DEBUG - ChannelConnectivity.READY
2025-03-24 15:34:22 - [Cluster 0 - CLIENT] - INFO - 
2025-03-24 15:34:22 - [Cluster 0 - CLIENT] - INFO - Received: train message 1e6a5eb7-faf4-4068-872d-e38ee8474a05
2025-03-24 15:34:22 - [Cluster 0 - CLIENT] - INFO - 
2025-03-24 15:34:22 - [Cluster 0 - CLIENT] - INFO - Received: train message 94d812d2-2c2c-4ecc-8434-5b7a33adcfc6
2025-03-24 15:34:22 - [Cluster 0 - CLIENT] - INFO - [Store 1062, Cluster 0] Connecting to 127.0.0.1:8080 ...
2025-03-24 15:34:22 - [Cluster 0 - CLIENT] - WARNING - DEPRECATED FEATURE: flwr.client.start_client() is deprecated.
	Instead, use the `flower-supernode` CLI command to start a SuperNode as shown below:

		$ flower-supernode --insecure --superlink='<IP>:<PORT>'

	To view all available options, run:

		$ flower-supernode --help

	Using `start_client()` is deprecated.

            This is a deprecated feature. It will be removed
            entirely in future versions of Flower.
        
2025-03-24 15:34:23 - [Cluster 0 - CLIENT] - DEBUG - Opened insecure gRPC connection (no certificates were passed)
2025-03-24 15:34:23 - [Cluster 0 - CLIENT] - DEBUG - ChannelConnectivity.IDLE
2025-03-24 15:34:23 - [Cluster 0 - CLIENT] - DEBUG - ChannelConnectivity.CONNECTING
2025-03-24 15:34:23 - [Cluster 0 - CLIENT] - DEBUG - ChannelConnectivity.READY
2025-03-24 15:34:23 - [Cluster 0 - CLIENT] - INFO - [Store 1052] Starting local training.
2025-03-24 15:34:23 - [Cluster 0 - CLIENT] - INFO - [Store 1061] Starting local training.
2025-03-24 15:34:23 - [Cluster 0 - CLIENT] - INFO - Initialized client logging for cluster 0 -> ../logs/../logs/clients_cluster_0_20250324_153243.log
2025-03-24 15:34:23 - [Cluster 0 - CLIENT] - INFO - Loading pickle data for store 105, cluster 0...
2025-03-24 15:34:23 - [Cluster 0 - CLIENT] - DEBUG - Opened insecure gRPC connection (no certificates were passed)
2025-03-24 15:34:23 - [Cluster 0 - CLIENT] - DEBUG - ChannelConnectivity.IDLE
2025-03-24 15:34:23 - [Cluster 0 - CLIENT] - DEBUG - ChannelConnectivity.CONNECTING
2025-03-24 15:34:23 - [Cluster 0 - CLIENT] - DEBUG - ChannelConnectivity.READY
2025-03-24 15:34:23 - [Cluster 0 - CLIENT] - INFO - Initialized client logging for cluster 0 -> ../logs/../logs/clients_cluster_0_20250324_153243.log
2025-03-24 15:34:24 - [Cluster 0 - CLIENT] - INFO - Loading pickle data for store 1054, cluster 0...
2025-03-24 15:34:24 - [Cluster 0 - CLIENT] - ERROR - Client raised an exception.
Traceback (most recent call last):
  File "/Users/joyngugi/PycharmProjects/cGAN_LSTM_Clustering_FLFramework/.venv1/lib/python3.12/site-packages/flwr/client/app.py", line 570, in start_client_internal
    reply_message = client_app(message=message, context=context)
                    ^^^^^^^^^^^^^^^^^^^^^^^^^^^^^^^^^^^^^^^^^^^^
  File "/Users/joyngugi/PycharmProjects/cGAN_LSTM_Clustering_FLFramework/.venv1/lib/python3.12/site-packages/flwr/client/client_app.py", line 143, in __call__
    return self._call(message, context)
           ^^^^^^^^^^^^^^^^^^^^^^^^^^^^
  File "/Users/joyngugi/PycharmProjects/cGAN_LSTM_Clustering_FLFramework/.venv1/lib/python3.12/site-packages/flwr/client/client_app.py", line 124, in ffn
    out_message = handle_legacy_message_from_msgtype(
                  ^^^^^^^^^^^^^^^^^^^^^^^^^^^^^^^^^^^
  File "/Users/joyngugi/PycharmProjects/cGAN_LSTM_Clustering_FLFramework/.venv1/lib/python3.12/site-packages/flwr/client/message_handler/message_handler.py", line 128, in handle_legacy_message_from_msgtype
    fit_res = maybe_call_fit(
              ^^^^^^^^^^^^^^^
  File "/Users/joyngugi/PycharmProjects/cGAN_LSTM_Clustering_FLFramework/.venv1/lib/python3.12/site-packages/flwr/client/client.py", line 224, in maybe_call_fit
    return client.fit(fit_ins)
           ^^^^^^^^^^^^^^^^^^^
  File "/Users/joyngugi/PycharmProjects/cGAN_LSTM_Clustering_FLFramework/.venv1/lib/python3.12/site-packages/flwr/client/numpy_client.py", line 227, in _fit
    results = self.numpy_client.fit(parameters, ins.config)  # type: ignore
              ^^^^^^^^^^^^^^^^^^^^^^^^^^^^^^^^^^^^^^^^^^^^^
  File "/Users/joyngugi/PycharmProjects/cGAN_LSTM_Clustering_FLFramework/scripts/client.py", line 87, in fit
    self.model.fit(
  File "/Users/joyngugi/PycharmProjects/cGAN_LSTM_Clustering_FLFramework/.venv1/lib/python3.12/site-packages/keras/src/utils/traceback_utils.py", line 122, in error_handler
    raise e.with_traceback(filtered_tb) from None
  File "/Users/joyngugi/PycharmProjects/cGAN_LSTM_Clustering_FLFramework/.venv1/lib/python3.12/site-packages/optree/ops.py", line 766, in tree_map
    return treespec.unflatten(map(func, *flat_args))
           ^^^^^^^^^^^^^^^^^^^^^^^^^^^^^^^^^^^^^^^^^
ValueError: Invalid dtype: object
2025-03-24 15:34:24 - [Cluster 0 - CLIENT] - INFO - Initialized client logging for cluster 0 -> ../logs/../logs/clients_cluster_0_20250324_153243.log
2025-03-24 15:34:24 - [Cluster 0 - CLIENT] - INFO - Initialized client logging for cluster 0 -> ../logs/../logs/clients_cluster_0_20250324_153243.log
2025-03-24 15:34:24 - [Cluster 0 - CLIENT] - INFO - Loading pickle data for store 1069, cluster 0...
2025-03-24 15:34:24 - [Cluster 0 - CLIENT] - INFO - Loading pickle data for store 1070, cluster 0...
2025-03-24 15:34:24 - [Cluster 0 - CLIENT] - INFO - [Store 1057, Cluster 0] Connecting to 127.0.0.1:8080 ...
2025-03-24 15:34:24 - [Cluster 0 - CLIENT] - INFO - [Store 1050, Cluster 0] Connecting to 127.0.0.1:8080 ...
2025-03-24 15:34:24 - [Cluster 0 - CLIENT] - WARNING - DEPRECATED FEATURE: flwr.client.start_client() is deprecated.
	Instead, use the `flower-supernode` CLI command to start a SuperNode as shown below:

		$ flower-supernode --insecure --superlink='<IP>:<PORT>'

	To view all available options, run:

		$ flower-supernode --help

	Using `start_client()` is deprecated.

            This is a deprecated feature. It will be removed
            entirely in future versions of Flower.
        
2025-03-24 15:34:24 - [Cluster 0 - CLIENT] - WARNING - DEPRECATED FEATURE: flwr.client.start_client() is deprecated.
	Instead, use the `flower-supernode` CLI command to start a SuperNode as shown below:

		$ flower-supernode --insecure --superlink='<IP>:<PORT>'

	To view all available options, run:

		$ flower-supernode --help

	Using `start_client()` is deprecated.

            This is a deprecated feature. It will be removed
            entirely in future versions of Flower.
        
2025-03-24 15:34:24 - [Cluster 0 - CLIENT] - INFO - [Store 1063, Cluster 0] Connecting to 127.0.0.1:8080 ...
2025-03-24 15:34:24 - [Cluster 0 - CLIENT] - WARNING - DEPRECATED FEATURE: flwr.client.start_client() is deprecated.
	Instead, use the `flower-supernode` CLI command to start a SuperNode as shown below:

		$ flower-supernode --insecure --superlink='<IP>:<PORT>'

	To view all available options, run:

		$ flower-supernode --help

	Using `start_client()` is deprecated.

            This is a deprecated feature. It will be removed
            entirely in future versions of Flower.
        
2025-03-24 15:34:24 - [Cluster 0 - CLIENT] - DEBUG - gRPC channel closed
2025-03-24 15:34:24 - [Cluster 0 - CLIENT] - ERROR - Client raised an exception.
Traceback (most recent call last):
  File "/Users/joyngugi/PycharmProjects/cGAN_LSTM_Clustering_FLFramework/.venv1/lib/python3.12/site-packages/flwr/client/app.py", line 570, in start_client_internal
    reply_message = client_app(message=message, context=context)
                    ^^^^^^^^^^^^^^^^^^^^^^^^^^^^^^^^^^^^^^^^^^^^
  File "/Users/joyngugi/PycharmProjects/cGAN_LSTM_Clustering_FLFramework/.venv1/lib/python3.12/site-packages/flwr/client/client_app.py", line 143, in __call__
    return self._call(message, context)
           ^^^^^^^^^^^^^^^^^^^^^^^^^^^^
  File "/Users/joyngugi/PycharmProjects/cGAN_LSTM_Clustering_FLFramework/.venv1/lib/python3.12/site-packages/flwr/client/client_app.py", line 124, in ffn
    out_message = handle_legacy_message_from_msgtype(
                  ^^^^^^^^^^^^^^^^^^^^^^^^^^^^^^^^^^^
  File "/Users/joyngugi/PycharmProjects/cGAN_LSTM_Clustering_FLFramework/.venv1/lib/python3.12/site-packages/flwr/client/message_handler/message_handler.py", line 128, in handle_legacy_message_from_msgtype
    fit_res = maybe_call_fit(
              ^^^^^^^^^^^^^^^
  File "/Users/joyngugi/PycharmProjects/cGAN_LSTM_Clustering_FLFramework/.venv1/lib/python3.12/site-packages/flwr/client/client.py", line 224, in maybe_call_fit
    return client.fit(fit_ins)
           ^^^^^^^^^^^^^^^^^^^
  File "/Users/joyngugi/PycharmProjects/cGAN_LSTM_Clustering_FLFramework/.venv1/lib/python3.12/site-packages/flwr/client/numpy_client.py", line 227, in _fit
    results = self.numpy_client.fit(parameters, ins.config)  # type: ignore
              ^^^^^^^^^^^^^^^^^^^^^^^^^^^^^^^^^^^^^^^^^^^^^
  File "/Users/joyngugi/PycharmProjects/cGAN_LSTM_Clustering_FLFramework/scripts/client.py", line 87, in fit
    self.model.fit(
  File "/Users/joyngugi/PycharmProjects/cGAN_LSTM_Clustering_FLFramework/.venv1/lib/python3.12/site-packages/keras/src/utils/traceback_utils.py", line 122, in error_handler
    raise e.with_traceback(filtered_tb) from None
  File "/Users/joyngugi/PycharmProjects/cGAN_LSTM_Clustering_FLFramework/.venv1/lib/python3.12/site-packages/optree/ops.py", line 766, in tree_map
    return treespec.unflatten(map(func, *flat_args))
           ^^^^^^^^^^^^^^^^^^^^^^^^^^^^^^^^^^^^^^^^^
ValueError: Invalid dtype: object
2025-03-24 15:34:24 - [Cluster 0 - CLIENT] - DEBUG - gRPC channel closed
2025-03-24 15:34:24 - [Cluster 0 - CLIENT] - INFO - 
2025-03-24 15:34:24 - [Cluster 0 - CLIENT] - INFO - Received: evaluate message bfb223f6-debc-4659-a195-604f6df8e83d
2025-03-24 15:34:24 - [Cluster 0 - CLIENT] - INFO - 
2025-03-24 15:34:24 - [Cluster 0 - CLIENT] - INFO - Received: evaluate message 9e152a0b-0a59-4035-b2b2-602189319997
2025-03-24 15:34:24 - [Cluster 0 - CLIENT] - INFO - 
2025-03-24 15:34:24 - [Cluster 0 - CLIENT] - INFO - Received: evaluate message 3a985173-b33f-474e-be27-722af4b2284a
2025-03-24 15:34:24 - [Cluster 0 - CLIENT] - DEBUG - Opened insecure gRPC connection (no certificates were passed)
2025-03-24 15:34:24 - [Cluster 0 - CLIENT] - DEBUG - ChannelConnectivity.IDLE
2025-03-24 15:34:24 - [Cluster 0 - CLIENT] - DEBUG - ChannelConnectivity.CONNECTING
2025-03-24 15:34:24 - [Cluster 0 - CLIENT] - DEBUG - Opened insecure gRPC connection (no certificates were passed)
2025-03-24 15:34:25 - [Cluster 0 - CLIENT] - DEBUG - ChannelConnectivity.READY
2025-03-24 15:34:25 - [Cluster 0 - CLIENT] - DEBUG - Opened insecure gRPC connection (no certificates were passed)
2025-03-24 15:34:25 - [Cluster 0 - CLIENT] - DEBUG - ChannelConnectivity.IDLE
2025-03-24 15:34:25 - [Cluster 0 - CLIENT] - DEBUG - ChannelConnectivity.CONNECTING
2025-03-24 15:34:25 - [Cluster 0 - CLIENT] - DEBUG - ChannelConnectivity.READY
2025-03-24 15:34:25 - [Cluster 0 - CLIENT] - DEBUG - ChannelConnectivity.IDLE
2025-03-24 15:34:25 - [Cluster 0 - CLIENT] - DEBUG - ChannelConnectivity.CONNECTING
2025-03-24 15:34:25 - [Cluster 0 - CLIENT] - DEBUG - ChannelConnectivity.READY
2025-03-24 15:34:27 - [Cluster 0 - CLIENT] - INFO - [Store 105, Cluster 0] Connecting to 127.0.0.1:8080 ...
2025-03-24 15:34:27 - [Cluster 0 - CLIENT] - ERROR - Client raised an exception.
Traceback (most recent call last):
  File "/Users/joyngugi/PycharmProjects/cGAN_LSTM_Clustering_FLFramework/.venv1/lib/python3.12/site-packages/flwr/client/app.py", line 570, in start_client_internal
    reply_message = client_app(message=message, context=context)
                    ^^^^^^^^^^^^^^^^^^^^^^^^^^^^^^^^^^^^^^^^^^^^
  File "/Users/joyngugi/PycharmProjects/cGAN_LSTM_Clustering_FLFramework/.venv1/lib/python3.12/site-packages/flwr/client/client_app.py", line 143, in __call__
    return self._call(message, context)
           ^^^^^^^^^^^^^^^^^^^^^^^^^^^^
  File "/Users/joyngugi/PycharmProjects/cGAN_LSTM_Clustering_FLFramework/.venv1/lib/python3.12/site-packages/flwr/client/client_app.py", line 124, in ffn
    out_message = handle_legacy_message_from_msgtype(
                  ^^^^^^^^^^^^^^^^^^^^^^^^^^^^^^^^^^^
  File "/Users/joyngugi/PycharmProjects/cGAN_LSTM_Clustering_FLFramework/.venv1/lib/python3.12/site-packages/flwr/client/message_handler/message_handler.py", line 135, in handle_legacy_message_from_msgtype
    evaluate_res = maybe_call_evaluate(
                   ^^^^^^^^^^^^^^^^^^^^
  File "/Users/joyngugi/PycharmProjects/cGAN_LSTM_Clustering_FLFramework/.venv1/lib/python3.12/site-packages/flwr/client/client.py", line 244, in maybe_call_evaluate
    return client.evaluate(evaluate_ins)
           ^^^^^^^^^^^^^^^^^^^^^^^^^^^^^
  File "/Users/joyngugi/PycharmProjects/cGAN_LSTM_Clustering_FLFramework/.venv1/lib/python3.12/site-packages/flwr/client/numpy_client.py", line 251, in _evaluate
    results = self.numpy_client.evaluate(parameters, ins.config)  # type: ignore
              ^^^^^^^^^^^^^^^^^^^^^^^^^^^^^^^^^^^^^^^^^^^^^^^^^^
  File "/Users/joyngugi/PycharmProjects/cGAN_LSTM_Clustering_FLFramework/scripts/client.py", line 104, in evaluate
    loss, mae = self.model.evaluate(self.x_val, self.y_val, verbose=0)
                ^^^^^^^^^^^^^^^^^^^^^^^^^^^^^^^^^^^^^^^^^^^^^^^^^^^^^^
  File "/Users/joyngugi/PycharmProjects/cGAN_LSTM_Clustering_FLFramework/.venv1/lib/python3.12/site-packages/keras/src/utils/traceback_utils.py", line 122, in error_handler
    raise e.with_traceback(filtered_tb) from None
  File "/Users/joyngugi/PycharmProjects/cGAN_LSTM_Clustering_FLFramework/.venv1/lib/python3.12/site-packages/optree/ops.py", line 766, in tree_map
    return treespec.unflatten(map(func, *flat_args))
           ^^^^^^^^^^^^^^^^^^^^^^^^^^^^^^^^^^^^^^^^^
ValueError: Invalid dtype: object
2025-03-24 15:34:27 - [Cluster 0 - CLIENT] - ERROR - Client raised an exception.
Traceback (most recent call last):
  File "/Users/joyngugi/PycharmProjects/cGAN_LSTM_Clustering_FLFramework/.venv1/lib/python3.12/site-packages/flwr/client/app.py", line 570, in start_client_internal
    reply_message = client_app(message=message, context=context)
                    ^^^^^^^^^^^^^^^^^^^^^^^^^^^^^^^^^^^^^^^^^^^^
  File "/Users/joyngugi/PycharmProjects/cGAN_LSTM_Clustering_FLFramework/.venv1/lib/python3.12/site-packages/flwr/client/client_app.py", line 143, in __call__
    return self._call(message, context)
           ^^^^^^^^^^^^^^^^^^^^^^^^^^^^
  File "/Users/joyngugi/PycharmProjects/cGAN_LSTM_Clustering_FLFramework/.venv1/lib/python3.12/site-packages/flwr/client/client_app.py", line 124, in ffn
    out_message = handle_legacy_message_from_msgtype(
                  ^^^^^^^^^^^^^^^^^^^^^^^^^^^^^^^^^^^
  File "/Users/joyngugi/PycharmProjects/cGAN_LSTM_Clustering_FLFramework/.venv1/lib/python3.12/site-packages/flwr/client/message_handler/message_handler.py", line 135, in handle_legacy_message_from_msgtype
    evaluate_res = maybe_call_evaluate(
                   ^^^^^^^^^^^^^^^^^^^^
  File "/Users/joyngugi/PycharmProjects/cGAN_LSTM_Clustering_FLFramework/.venv1/lib/python3.12/site-packages/flwr/client/client.py", line 244, in maybe_call_evaluate
    return client.evaluate(evaluate_ins)
           ^^^^^^^^^^^^^^^^^^^^^^^^^^^^^
  File "/Users/joyngugi/PycharmProjects/cGAN_LSTM_Clustering_FLFramework/.venv1/lib/python3.12/site-packages/flwr/client/numpy_client.py", line 251, in _evaluate
    results = self.numpy_client.evaluate(parameters, ins.config)  # type: ignore
              ^^^^^^^^^^^^^^^^^^^^^^^^^^^^^^^^^^^^^^^^^^^^^^^^^^
  File "/Users/joyngugi/PycharmProjects/cGAN_LSTM_Clustering_FLFramework/scripts/client.py", line 104, in evaluate
    loss, mae = self.model.evaluate(self.x_val, self.y_val, verbose=0)
                ^^^^^^^^^^^^^^^^^^^^^^^^^^^^^^^^^^^^^^^^^^^^^^^^^^^^^^
  File "/Users/joyngugi/PycharmProjects/cGAN_LSTM_Clustering_FLFramework/.venv1/lib/python3.12/site-packages/keras/src/utils/traceback_utils.py", line 122, in error_handler
    raise e.with_traceback(filtered_tb) from None
  File "/Users/joyngugi/PycharmProjects/cGAN_LSTM_Clustering_FLFramework/.venv1/lib/python3.12/site-packages/optree/ops.py", line 766, in tree_map
    return treespec.unflatten(map(func, *flat_args))
           ^^^^^^^^^^^^^^^^^^^^^^^^^^^^^^^^^^^^^^^^^
ValueError: Invalid dtype: object
2025-03-24 15:34:27 - [Cluster 0 - CLIENT] - ERROR - Client raised an exception.
Traceback (most recent call last):
  File "/Users/joyngugi/PycharmProjects/cGAN_LSTM_Clustering_FLFramework/.venv1/lib/python3.12/site-packages/flwr/client/app.py", line 570, in start_client_internal
    reply_message = client_app(message=message, context=context)
                    ^^^^^^^^^^^^^^^^^^^^^^^^^^^^^^^^^^^^^^^^^^^^
  File "/Users/joyngugi/PycharmProjects/cGAN_LSTM_Clustering_FLFramework/.venv1/lib/python3.12/site-packages/flwr/client/client_app.py", line 143, in __call__
    return self._call(message, context)
           ^^^^^^^^^^^^^^^^^^^^^^^^^^^^
  File "/Users/joyngugi/PycharmProjects/cGAN_LSTM_Clustering_FLFramework/.venv1/lib/python3.12/site-packages/flwr/client/client_app.py", line 124, in ffn
    out_message = handle_legacy_message_from_msgtype(
                  ^^^^^^^^^^^^^^^^^^^^^^^^^^^^^^^^^^^
  File "/Users/joyngugi/PycharmProjects/cGAN_LSTM_Clustering_FLFramework/.venv1/lib/python3.12/site-packages/flwr/client/message_handler/message_handler.py", line 135, in handle_legacy_message_from_msgtype
    evaluate_res = maybe_call_evaluate(
                   ^^^^^^^^^^^^^^^^^^^^
  File "/Users/joyngugi/PycharmProjects/cGAN_LSTM_Clustering_FLFramework/.venv1/lib/python3.12/site-packages/flwr/client/client.py", line 244, in maybe_call_evaluate
    return client.evaluate(evaluate_ins)
           ^^^^^^^^^^^^^^^^^^^^^^^^^^^^^
  File "/Users/joyngugi/PycharmProjects/cGAN_LSTM_Clustering_FLFramework/.venv1/lib/python3.12/site-packages/flwr/client/numpy_client.py", line 251, in _evaluate
    results = self.numpy_client.evaluate(parameters, ins.config)  # type: ignore
              ^^^^^^^^^^^^^^^^^^^^^^^^^^^^^^^^^^^^^^^^^^^^^^^^^^
  File "/Users/joyngugi/PycharmProjects/cGAN_LSTM_Clustering_FLFramework/scripts/client.py", line 104, in evaluate
    loss, mae = self.model.evaluate(self.x_val, self.y_val, verbose=0)
                ^^^^^^^^^^^^^^^^^^^^^^^^^^^^^^^^^^^^^^^^^^^^^^^^^^^^^^
  File "/Users/joyngugi/PycharmProjects/cGAN_LSTM_Clustering_FLFramework/.venv1/lib/python3.12/site-packages/keras/src/utils/traceback_utils.py", line 122, in error_handler
    raise e.with_traceback(filtered_tb) from None
  File "/Users/joyngugi/PycharmProjects/cGAN_LSTM_Clustering_FLFramework/.venv1/lib/python3.12/site-packages/optree/ops.py", line 766, in tree_map
    return treespec.unflatten(map(func, *flat_args))
           ^^^^^^^^^^^^^^^^^^^^^^^^^^^^^^^^^^^^^^^^^
ValueError: Invalid dtype: object
2025-03-24 15:34:28 - [Cluster 0 - CLIENT] - WARNING - DEPRECATED FEATURE: flwr.client.start_client() is deprecated.
	Instead, use the `flower-supernode` CLI command to start a SuperNode as shown below:

		$ flower-supernode --insecure --superlink='<IP>:<PORT>'

	To view all available options, run:

		$ flower-supernode --help

	Using `start_client()` is deprecated.

            This is a deprecated feature. It will be removed
            entirely in future versions of Flower.
        
2025-03-24 15:34:28 - [Cluster 0 - CLIENT] - DEBUG - gRPC channel closed
2025-03-24 15:34:28 - [Cluster 0 - CLIENT] - DEBUG - gRPC channel closed
2025-03-24 15:34:28 - [Cluster 0 - CLIENT] - DEBUG - gRPC channel closed
2025-03-24 15:34:28 - [Cluster 0 - CLIENT] - INFO - 
2025-03-24 15:34:28 - [Cluster 0 - CLIENT] - INFO - Received: train message e0081644-a68e-4027-b1dd-f0077fcb4e43
2025-03-24 15:34:28 - [Cluster 0 - CLIENT] - INFO - 
2025-03-24 15:34:28 - [Cluster 0 - CLIENT] - INFO - Received: train message 1e5e1516-8cfb-4917-be8c-9fef03a5a4f8
2025-03-24 15:34:28 - [Cluster 0 - CLIENT] - INFO - 
2025-03-24 15:34:28 - [Cluster 0 - CLIENT] - INFO - Received: train message a1b7f7c5-de99-45b3-88f7-fd44905fd353
2025-03-24 15:34:29 - [Cluster 0 - CLIENT] - DEBUG - Opened insecure gRPC connection (no certificates were passed)
2025-03-24 15:34:29 - [Cluster 0 - CLIENT] - DEBUG - ChannelConnectivity.IDLE
2025-03-24 15:34:29 - [Cluster 0 - CLIENT] - INFO - [Store 1063] Starting local training.
2025-03-24 15:34:29 - [Cluster 0 - CLIENT] - INFO - [Store 1057] Starting local training.
2025-03-24 15:34:29 - [Cluster 0 - CLIENT] - DEBUG - ChannelConnectivity.READY
2025-03-24 15:34:29 - [Cluster 0 - CLIENT] - INFO - [Store 1050] Starting local training.
2025-03-24 15:34:29 - [Cluster 0 - CLIENT] - INFO - [Store 1069, Cluster 0] Connecting to 127.0.0.1:8080 ...
2025-03-24 15:34:29 - [Cluster 0 - CLIENT] - WARNING - DEPRECATED FEATURE: flwr.client.start_client() is deprecated.
	Instead, use the `flower-supernode` CLI command to start a SuperNode as shown below:

		$ flower-supernode --insecure --superlink='<IP>:<PORT>'

	To view all available options, run:

		$ flower-supernode --help

	Using `start_client()` is deprecated.

            This is a deprecated feature. It will be removed
            entirely in future versions of Flower.
        
2025-03-24 15:34:29 - [Cluster 0 - CLIENT] - INFO - [Store 1054, Cluster 0] Connecting to 127.0.0.1:8080 ...
2025-03-24 15:34:30 - [Cluster 0 - CLIENT] - INFO - [Store 1070, Cluster 0] Connecting to 127.0.0.1:8080 ...
2025-03-24 15:34:29 - [Cluster 0 - CLIENT] - DEBUG - Opened insecure gRPC connection (no certificates were passed)
2025-03-24 15:34:30 - [Cluster 0 - CLIENT] - WARNING - DEPRECATED FEATURE: flwr.client.start_client() is deprecated.
	Instead, use the `flower-supernode` CLI command to start a SuperNode as shown below:

		$ flower-supernode --insecure --superlink='<IP>:<PORT>'

	To view all available options, run:

		$ flower-supernode --help

	Using `start_client()` is deprecated.

            This is a deprecated feature. It will be removed
            entirely in future versions of Flower.
        
2025-03-24 15:34:30 - [Cluster 0 - CLIENT] - DEBUG - ChannelConnectivity.IDLE
2025-03-24 15:34:30 - [Cluster 0 - CLIENT] - WARNING - DEPRECATED FEATURE: flwr.client.start_client() is deprecated.
	Instead, use the `flower-supernode` CLI command to start a SuperNode as shown below:

		$ flower-supernode --insecure --superlink='<IP>:<PORT>'

	To view all available options, run:

		$ flower-supernode --help

	Using `start_client()` is deprecated.

            This is a deprecated feature. It will be removed
            entirely in future versions of Flower.
        
2025-03-24 15:34:30 - [Cluster 0 - CLIENT] - DEBUG - ChannelConnectivity.CONNECTING
2025-03-24 15:34:30 - [Cluster 0 - CLIENT] - DEBUG - ChannelConnectivity.READY
2025-03-24 15:34:30 - [Cluster 0 - CLIENT] - DEBUG - Opened insecure gRPC connection (no certificates were passed)
2025-03-24 15:34:30 - [Cluster 0 - CLIENT] - DEBUG - ChannelConnectivity.IDLE
2025-03-24 15:34:30 - [Cluster 0 - CLIENT] - DEBUG - ChannelConnectivity.READY
2025-03-24 15:34:30 - [Cluster 0 - CLIENT] - DEBUG - Opened insecure gRPC connection (no certificates were passed)
2025-03-24 15:34:30 - [Cluster 0 - CLIENT] - DEBUG - ChannelConnectivity.IDLE
2025-03-24 15:34:31 - [Cluster 0 - CLIENT] - DEBUG - ChannelConnectivity.CONNECTING
2025-03-24 15:34:31 - [Cluster 0 - CLIENT] - DEBUG - ChannelConnectivity.READY
2025-03-24 15:34:31 - [Cluster 0 - CLIENT] - ERROR - Client raised an exception.
Traceback (most recent call last):
  File "/Users/joyngugi/PycharmProjects/cGAN_LSTM_Clustering_FLFramework/.venv1/lib/python3.12/site-packages/flwr/client/app.py", line 570, in start_client_internal
    reply_message = client_app(message=message, context=context)
                    ^^^^^^^^^^^^^^^^^^^^^^^^^^^^^^^^^^^^^^^^^^^^
  File "/Users/joyngugi/PycharmProjects/cGAN_LSTM_Clustering_FLFramework/.venv1/lib/python3.12/site-packages/flwr/client/client_app.py", line 143, in __call__
    return self._call(message, context)
           ^^^^^^^^^^^^^^^^^^^^^^^^^^^^
  File "/Users/joyngugi/PycharmProjects/cGAN_LSTM_Clustering_FLFramework/.venv1/lib/python3.12/site-packages/flwr/client/client_app.py", line 124, in ffn
    out_message = handle_legacy_message_from_msgtype(
                  ^^^^^^^^^^^^^^^^^^^^^^^^^^^^^^^^^^^
  File "/Users/joyngugi/PycharmProjects/cGAN_LSTM_Clustering_FLFramework/.venv1/lib/python3.12/site-packages/flwr/client/message_handler/message_handler.py", line 128, in handle_legacy_message_from_msgtype
    fit_res = maybe_call_fit(
              ^^^^^^^^^^^^^^^
  File "/Users/joyngugi/PycharmProjects/cGAN_LSTM_Clustering_FLFramework/.venv1/lib/python3.12/site-packages/flwr/client/client.py", line 224, in maybe_call_fit
    return client.fit(fit_ins)
           ^^^^^^^^^^^^^^^^^^^
  File "/Users/joyngugi/PycharmProjects/cGAN_LSTM_Clustering_FLFramework/.venv1/lib/python3.12/site-packages/flwr/client/numpy_client.py", line 227, in _fit
    results = self.numpy_client.fit(parameters, ins.config)  # type: ignore
              ^^^^^^^^^^^^^^^^^^^^^^^^^^^^^^^^^^^^^^^^^^^^^
  File "/Users/joyngugi/PycharmProjects/cGAN_LSTM_Clustering_FLFramework/scripts/client.py", line 87, in fit
    self.model.fit(
  File "/Users/joyngugi/PycharmProjects/cGAN_LSTM_Clustering_FLFramework/.venv1/lib/python3.12/site-packages/keras/src/utils/traceback_utils.py", line 122, in error_handler
    raise e.with_traceback(filtered_tb) from None
  File "/Users/joyngugi/PycharmProjects/cGAN_LSTM_Clustering_FLFramework/.venv1/lib/python3.12/site-packages/optree/ops.py", line 766, in tree_map
    return treespec.unflatten(map(func, *flat_args))
           ^^^^^^^^^^^^^^^^^^^^^^^^^^^^^^^^^^^^^^^^^
ValueError: Invalid dtype: object
2025-03-24 15:34:31 - [Cluster 0 - CLIENT] - ERROR - Client raised an exception.
Traceback (most recent call last):
  File "/Users/joyngugi/PycharmProjects/cGAN_LSTM_Clustering_FLFramework/.venv1/lib/python3.12/site-packages/flwr/client/app.py", line 570, in start_client_internal
    reply_message = client_app(message=message, context=context)
                    ^^^^^^^^^^^^^^^^^^^^^^^^^^^^^^^^^^^^^^^^^^^^
  File "/Users/joyngugi/PycharmProjects/cGAN_LSTM_Clustering_FLFramework/.venv1/lib/python3.12/site-packages/flwr/client/client_app.py", line 143, in __call__
    return self._call(message, context)
           ^^^^^^^^^^^^^^^^^^^^^^^^^^^^
  File "/Users/joyngugi/PycharmProjects/cGAN_LSTM_Clustering_FLFramework/.venv1/lib/python3.12/site-packages/flwr/client/client_app.py", line 124, in ffn
    out_message = handle_legacy_message_from_msgtype(
                  ^^^^^^^^^^^^^^^^^^^^^^^^^^^^^^^^^^^
  File "/Users/joyngugi/PycharmProjects/cGAN_LSTM_Clustering_FLFramework/.venv1/lib/python3.12/site-packages/flwr/client/message_handler/message_handler.py", line 128, in handle_legacy_message_from_msgtype
    fit_res = maybe_call_fit(
              ^^^^^^^^^^^^^^^
  File "/Users/joyngugi/PycharmProjects/cGAN_LSTM_Clustering_FLFramework/.venv1/lib/python3.12/site-packages/flwr/client/client.py", line 224, in maybe_call_fit
    return client.fit(fit_ins)
           ^^^^^^^^^^^^^^^^^^^
  File "/Users/joyngugi/PycharmProjects/cGAN_LSTM_Clustering_FLFramework/.venv1/lib/python3.12/site-packages/flwr/client/numpy_client.py", line 227, in _fit
    results = self.numpy_client.fit(parameters, ins.config)  # type: ignore
              ^^^^^^^^^^^^^^^^^^^^^^^^^^^^^^^^^^^^^^^^^^^^^
  File "/Users/joyngugi/PycharmProjects/cGAN_LSTM_Clustering_FLFramework/scripts/client.py", line 87, in fit
    self.model.fit(
  File "/Users/joyngugi/PycharmProjects/cGAN_LSTM_Clustering_FLFramework/.venv1/lib/python3.12/site-packages/keras/src/utils/traceback_utils.py", line 122, in error_handler
    raise e.with_traceback(filtered_tb) from None
  File "/Users/joyngugi/PycharmProjects/cGAN_LSTM_Clustering_FLFramework/.venv1/lib/python3.12/site-packages/optree/ops.py", line 766, in tree_map
    return treespec.unflatten(map(func, *flat_args))
           ^^^^^^^^^^^^^^^^^^^^^^^^^^^^^^^^^^^^^^^^^
ValueError: Invalid dtype: object
2025-03-24 15:34:31 - [Cluster 0 - CLIENT] - DEBUG - gRPC channel closed
2025-03-24 15:34:31 - [Cluster 0 - CLIENT] - DEBUG - gRPC channel closed
2025-03-24 15:34:31 - [Cluster 0 - CLIENT] - ERROR - Client raised an exception.
Traceback (most recent call last):
  File "/Users/joyngugi/PycharmProjects/cGAN_LSTM_Clustering_FLFramework/.venv1/lib/python3.12/site-packages/flwr/client/app.py", line 570, in start_client_internal
    reply_message = client_app(message=message, context=context)
                    ^^^^^^^^^^^^^^^^^^^^^^^^^^^^^^^^^^^^^^^^^^^^
  File "/Users/joyngugi/PycharmProjects/cGAN_LSTM_Clustering_FLFramework/.venv1/lib/python3.12/site-packages/flwr/client/client_app.py", line 143, in __call__
    return self._call(message, context)
           ^^^^^^^^^^^^^^^^^^^^^^^^^^^^
  File "/Users/joyngugi/PycharmProjects/cGAN_LSTM_Clustering_FLFramework/.venv1/lib/python3.12/site-packages/flwr/client/client_app.py", line 124, in ffn
    out_message = handle_legacy_message_from_msgtype(
                  ^^^^^^^^^^^^^^^^^^^^^^^^^^^^^^^^^^^
  File "/Users/joyngugi/PycharmProjects/cGAN_LSTM_Clustering_FLFramework/.venv1/lib/python3.12/site-packages/flwr/client/message_handler/message_handler.py", line 128, in handle_legacy_message_from_msgtype
    fit_res = maybe_call_fit(
              ^^^^^^^^^^^^^^^
  File "/Users/joyngugi/PycharmProjects/cGAN_LSTM_Clustering_FLFramework/.venv1/lib/python3.12/site-packages/flwr/client/client.py", line 224, in maybe_call_fit
    return client.fit(fit_ins)
           ^^^^^^^^^^^^^^^^^^^
  File "/Users/joyngugi/PycharmProjects/cGAN_LSTM_Clustering_FLFramework/.venv1/lib/python3.12/site-packages/flwr/client/numpy_client.py", line 227, in _fit
    results = self.numpy_client.fit(parameters, ins.config)  # type: ignore
              ^^^^^^^^^^^^^^^^^^^^^^^^^^^^^^^^^^^^^^^^^^^^^
  File "/Users/joyngugi/PycharmProjects/cGAN_LSTM_Clustering_FLFramework/scripts/client.py", line 87, in fit
    self.model.fit(
  File "/Users/joyngugi/PycharmProjects/cGAN_LSTM_Clustering_FLFramework/.venv1/lib/python3.12/site-packages/keras/src/utils/traceback_utils.py", line 122, in error_handler
    raise e.with_traceback(filtered_tb) from None
  File "/Users/joyngugi/PycharmProjects/cGAN_LSTM_Clustering_FLFramework/.venv1/lib/python3.12/site-packages/optree/ops.py", line 766, in tree_map
    return treespec.unflatten(map(func, *flat_args))
           ^^^^^^^^^^^^^^^^^^^^^^^^^^^^^^^^^^^^^^^^^
ValueError: Invalid dtype: object
2025-03-24 15:34:31 - [Cluster 0 - CLIENT] - DEBUG - gRPC channel closed
2025-03-24 15:34:31 - [Cluster 0 - CLIENT] - INFO - 
2025-03-24 15:34:31 - [Cluster 0 - CLIENT] - INFO - Received: evaluate message 53df2162-5647-4fcb-bc50-52e62f331d29
2025-03-24 15:34:31 - [Cluster 0 - CLIENT] - INFO - 
2025-03-24 15:34:31 - [Cluster 0 - CLIENT] - INFO - Received: evaluate message 7be72619-ae84-4820-9b2b-336cd6e7bd40
2025-03-24 15:34:31 - [Cluster 0 - CLIENT] - INFO - 
2025-03-24 15:34:31 - [Cluster 0 - CLIENT] - INFO - Received: evaluate message f669ac19-300c-4b42-9c08-80a8372d7fd5
2025-03-24 15:34:31 - [Cluster 0 - CLIENT] - INFO - 
2025-03-24 15:34:31 - [Cluster 0 - CLIENT] - INFO - Received: evaluate message 4c500b27-5792-4c41-8beb-85b653b12793
2025-03-24 15:34:33 - [Cluster 0 - CLIENT] - ERROR - Client raised an exception.
Traceback (most recent call last):
  File "/Users/joyngugi/PycharmProjects/cGAN_LSTM_Clustering_FLFramework/.venv1/lib/python3.12/site-packages/flwr/client/app.py", line 570, in start_client_internal
    reply_message = client_app(message=message, context=context)
                    ^^^^^^^^^^^^^^^^^^^^^^^^^^^^^^^^^^^^^^^^^^^^
  File "/Users/joyngugi/PycharmProjects/cGAN_LSTM_Clustering_FLFramework/.venv1/lib/python3.12/site-packages/flwr/client/client_app.py", line 143, in __call__
    return self._call(message, context)
           ^^^^^^^^^^^^^^^^^^^^^^^^^^^^
  File "/Users/joyngugi/PycharmProjects/cGAN_LSTM_Clustering_FLFramework/.venv1/lib/python3.12/site-packages/flwr/client/client_app.py", line 124, in ffn
    out_message = handle_legacy_message_from_msgtype(
                  ^^^^^^^^^^^^^^^^^^^^^^^^^^^^^^^^^^^
  File "/Users/joyngugi/PycharmProjects/cGAN_LSTM_Clustering_FLFramework/.venv1/lib/python3.12/site-packages/flwr/client/message_handler/message_handler.py", line 135, in handle_legacy_message_from_msgtype
    evaluate_res = maybe_call_evaluate(
                   ^^^^^^^^^^^^^^^^^^^^
  File "/Users/joyngugi/PycharmProjects/cGAN_LSTM_Clustering_FLFramework/.venv1/lib/python3.12/site-packages/flwr/client/client.py", line 244, in maybe_call_evaluate
    return client.evaluate(evaluate_ins)
           ^^^^^^^^^^^^^^^^^^^^^^^^^^^^^
  File "/Users/joyngugi/PycharmProjects/cGAN_LSTM_Clustering_FLFramework/.venv1/lib/python3.12/site-packages/flwr/client/numpy_client.py", line 251, in _evaluate
    results = self.numpy_client.evaluate(parameters, ins.config)  # type: ignore
              ^^^^^^^^^^^^^^^^^^^^^^^^^^^^^^^^^^^^^^^^^^^^^^^^^^
  File "/Users/joyngugi/PycharmProjects/cGAN_LSTM_Clustering_FLFramework/scripts/client.py", line 104, in evaluate
    loss, mae = self.model.evaluate(self.x_val, self.y_val, verbose=0)
                ^^^^^^^^^^^^^^^^^^^^^^^^^^^^^^^^^^^^^^^^^^^^^^^^^^^^^^
  File "/Users/joyngugi/PycharmProjects/cGAN_LSTM_Clustering_FLFramework/.venv1/lib/python3.12/site-packages/keras/src/utils/traceback_utils.py", line 122, in error_handler
    raise e.with_traceback(filtered_tb) from None
  File "/Users/joyngugi/PycharmProjects/cGAN_LSTM_Clustering_FLFramework/.venv1/lib/python3.12/site-packages/optree/ops.py", line 766, in tree_map
    return treespec.unflatten(map(func, *flat_args))
           ^^^^^^^^^^^^^^^^^^^^^^^^^^^^^^^^^^^^^^^^^
ValueError: Invalid dtype: object
2025-03-24 15:34:33 - [Cluster 0 - CLIENT] - ERROR - Client raised an exception.
Traceback (most recent call last):
  File "/Users/joyngugi/PycharmProjects/cGAN_LSTM_Clustering_FLFramework/.venv1/lib/python3.12/site-packages/flwr/client/app.py", line 570, in start_client_internal
    reply_message = client_app(message=message, context=context)
                    ^^^^^^^^^^^^^^^^^^^^^^^^^^^^^^^^^^^^^^^^^^^^
  File "/Users/joyngugi/PycharmProjects/cGAN_LSTM_Clustering_FLFramework/.venv1/lib/python3.12/site-packages/flwr/client/client_app.py", line 143, in __call__
    return self._call(message, context)
           ^^^^^^^^^^^^^^^^^^^^^^^^^^^^
  File "/Users/joyngugi/PycharmProjects/cGAN_LSTM_Clustering_FLFramework/.venv1/lib/python3.12/site-packages/flwr/client/client_app.py", line 124, in ffn
    out_message = handle_legacy_message_from_msgtype(
                  ^^^^^^^^^^^^^^^^^^^^^^^^^^^^^^^^^^^
  File "/Users/joyngugi/PycharmProjects/cGAN_LSTM_Clustering_FLFramework/.venv1/lib/python3.12/site-packages/flwr/client/message_handler/message_handler.py", line 135, in handle_legacy_message_from_msgtype
    evaluate_res = maybe_call_evaluate(
                   ^^^^^^^^^^^^^^^^^^^^
  File "/Users/joyngugi/PycharmProjects/cGAN_LSTM_Clustering_FLFramework/.venv1/lib/python3.12/site-packages/flwr/client/client.py", line 244, in maybe_call_evaluate
    return client.evaluate(evaluate_ins)
           ^^^^^^^^^^^^^^^^^^^^^^^^^^^^^
  File "/Users/joyngugi/PycharmProjects/cGAN_LSTM_Clustering_FLFramework/.venv1/lib/python3.12/site-packages/flwr/client/numpy_client.py", line 251, in _evaluate
    results = self.numpy_client.evaluate(parameters, ins.config)  # type: ignore
              ^^^^^^^^^^^^^^^^^^^^^^^^^^^^^^^^^^^^^^^^^^^^^^^^^^
  File "/Users/joyngugi/PycharmProjects/cGAN_LSTM_Clustering_FLFramework/scripts/client.py", line 104, in evaluate
    loss, mae = self.model.evaluate(self.x_val, self.y_val, verbose=0)
                ^^^^^^^^^^^^^^^^^^^^^^^^^^^^^^^^^^^^^^^^^^^^^^^^^^^^^^
  File "/Users/joyngugi/PycharmProjects/cGAN_LSTM_Clustering_FLFramework/.venv1/lib/python3.12/site-packages/keras/src/utils/traceback_utils.py", line 122, in error_handler
    raise e.with_traceback(filtered_tb) from None
  File "/Users/joyngugi/PycharmProjects/cGAN_LSTM_Clustering_FLFramework/.venv1/lib/python3.12/site-packages/optree/ops.py", line 766, in tree_map
    return treespec.unflatten(map(func, *flat_args))
           ^^^^^^^^^^^^^^^^^^^^^^^^^^^^^^^^^^^^^^^^^
ValueError: Invalid dtype: object
2025-03-24 15:34:33 - [Cluster 0 - CLIENT] - ERROR - Client raised an exception.
Traceback (most recent call last):
  File "/Users/joyngugi/PycharmProjects/cGAN_LSTM_Clustering_FLFramework/.venv1/lib/python3.12/site-packages/flwr/client/app.py", line 570, in start_client_internal
    reply_message = client_app(message=message, context=context)
                    ^^^^^^^^^^^^^^^^^^^^^^^^^^^^^^^^^^^^^^^^^^^^
  File "/Users/joyngugi/PycharmProjects/cGAN_LSTM_Clustering_FLFramework/.venv1/lib/python3.12/site-packages/flwr/client/client_app.py", line 143, in __call__
    return self._call(message, context)
           ^^^^^^^^^^^^^^^^^^^^^^^^^^^^
  File "/Users/joyngugi/PycharmProjects/cGAN_LSTM_Clustering_FLFramework/.venv1/lib/python3.12/site-packages/flwr/client/client_app.py", line 124, in ffn
    out_message = handle_legacy_message_from_msgtype(
                  ^^^^^^^^^^^^^^^^^^^^^^^^^^^^^^^^^^^
  File "/Users/joyngugi/PycharmProjects/cGAN_LSTM_Clustering_FLFramework/.venv1/lib/python3.12/site-packages/flwr/client/message_handler/message_handler.py", line 135, in handle_legacy_message_from_msgtype
    evaluate_res = maybe_call_evaluate(
                   ^^^^^^^^^^^^^^^^^^^^
  File "/Users/joyngugi/PycharmProjects/cGAN_LSTM_Clustering_FLFramework/.venv1/lib/python3.12/site-packages/flwr/client/client.py", line 244, in maybe_call_evaluate
    return client.evaluate(evaluate_ins)
           ^^^^^^^^^^^^^^^^^^^^^^^^^^^^^
  File "/Users/joyngugi/PycharmProjects/cGAN_LSTM_Clustering_FLFramework/.venv1/lib/python3.12/site-packages/flwr/client/numpy_client.py", line 251, in _evaluate
    results = self.numpy_client.evaluate(parameters, ins.config)  # type: ignore
              ^^^^^^^^^^^^^^^^^^^^^^^^^^^^^^^^^^^^^^^^^^^^^^^^^^
  File "/Users/joyngugi/PycharmProjects/cGAN_LSTM_Clustering_FLFramework/scripts/client.py", line 104, in evaluate
    loss, mae = self.model.evaluate(self.x_val, self.y_val, verbose=0)
                ^^^^^^^^^^^^^^^^^^^^^^^^^^^^^^^^^^^^^^^^^^^^^^^^^^^^^^
  File "/Users/joyngugi/PycharmProjects/cGAN_LSTM_Clustering_FLFramework/.venv1/lib/python3.12/site-packages/keras/src/utils/traceback_utils.py", line 122, in error_handler
    raise e.with_traceback(filtered_tb) from None
  File "/Users/joyngugi/PycharmProjects/cGAN_LSTM_Clustering_FLFramework/.venv1/lib/python3.12/site-packages/optree/ops.py", line 766, in tree_map
    return treespec.unflatten(map(func, *flat_args))
           ^^^^^^^^^^^^^^^^^^^^^^^^^^^^^^^^^^^^^^^^^
ValueError: Invalid dtype: object
2025-03-24 15:34:33 - [Cluster 0 - CLIENT] - ERROR - Client raised an exception.
Traceback (most recent call last):
  File "/Users/joyngugi/PycharmProjects/cGAN_LSTM_Clustering_FLFramework/.venv1/lib/python3.12/site-packages/flwr/client/app.py", line 570, in start_client_internal
    reply_message = client_app(message=message, context=context)
                    ^^^^^^^^^^^^^^^^^^^^^^^^^^^^^^^^^^^^^^^^^^^^
  File "/Users/joyngugi/PycharmProjects/cGAN_LSTM_Clustering_FLFramework/.venv1/lib/python3.12/site-packages/flwr/client/client_app.py", line 143, in __call__
    return self._call(message, context)
           ^^^^^^^^^^^^^^^^^^^^^^^^^^^^
  File "/Users/joyngugi/PycharmProjects/cGAN_LSTM_Clustering_FLFramework/.venv1/lib/python3.12/site-packages/flwr/client/client_app.py", line 124, in ffn
    out_message = handle_legacy_message_from_msgtype(
                  ^^^^^^^^^^^^^^^^^^^^^^^^^^^^^^^^^^^
  File "/Users/joyngugi/PycharmProjects/cGAN_LSTM_Clustering_FLFramework/.venv1/lib/python3.12/site-packages/flwr/client/message_handler/message_handler.py", line 135, in handle_legacy_message_from_msgtype
    evaluate_res = maybe_call_evaluate(
                   ^^^^^^^^^^^^^^^^^^^^
  File "/Users/joyngugi/PycharmProjects/cGAN_LSTM_Clustering_FLFramework/.venv1/lib/python3.12/site-packages/flwr/client/client.py", line 244, in maybe_call_evaluate
    return client.evaluate(evaluate_ins)
           ^^^^^^^^^^^^^^^^^^^^^^^^^^^^^
  File "/Users/joyngugi/PycharmProjects/cGAN_LSTM_Clustering_FLFramework/.venv1/lib/python3.12/site-packages/flwr/client/numpy_client.py", line 251, in _evaluate
    results = self.numpy_client.evaluate(parameters, ins.config)  # type: ignore
              ^^^^^^^^^^^^^^^^^^^^^^^^^^^^^^^^^^^^^^^^^^^^^^^^^^
  File "/Users/joyngugi/PycharmProjects/cGAN_LSTM_Clustering_FLFramework/scripts/client.py", line 104, in evaluate
    loss, mae = self.model.evaluate(self.x_val, self.y_val, verbose=0)
                ^^^^^^^^^^^^^^^^^^^^^^^^^^^^^^^^^^^^^^^^^^^^^^^^^^^^^^
  File "/Users/joyngugi/PycharmProjects/cGAN_LSTM_Clustering_FLFramework/.venv1/lib/python3.12/site-packages/keras/src/utils/traceback_utils.py", line 122, in error_handler
    raise e.with_traceback(filtered_tb) from None
  File "/Users/joyngugi/PycharmProjects/cGAN_LSTM_Clustering_FLFramework/.venv1/lib/python3.12/site-packages/optree/ops.py", line 766, in tree_map
    return treespec.unflatten(map(func, *flat_args))
           ^^^^^^^^^^^^^^^^^^^^^^^^^^^^^^^^^^^^^^^^^
ValueError: Invalid dtype: object
2025-03-24 15:34:33 - [Cluster 0 - CLIENT] - DEBUG - gRPC channel closed
2025-03-24 15:34:33 - [Cluster 0 - CLIENT] - DEBUG - gRPC channel closed
2025-03-24 15:34:33 - [Cluster 0 - CLIENT] - DEBUG - gRPC channel closed
2025-03-24 15:34:33 - [Cluster 0 - CLIENT] - DEBUG - gRPC channel closed
2025-03-24 15:34:38 - [Cluster 0 - CLIENT] - INFO - Initialized client logging for cluster 0 -> ../logs/../logs/clients_cluster_0_20250324_153243.log
2025-03-24 15:34:38 - [Cluster 0 - CLIENT] - INFO - Loading pickle data for store 1068, cluster 0...
2025-03-24 15:34:38 - [Cluster 0 - CLIENT] - INFO - Initialized client logging for cluster 0 -> ../logs/../logs/clients_cluster_0_20250324_153243.log
2025-03-24 15:34:38 - [Cluster 0 - CLIENT] - INFO - Loading pickle data for store 107, cluster 0...
2025-03-24 15:34:40 - [Cluster 0 - CLIENT] - INFO - [Store 1068, Cluster 0] Connecting to 127.0.0.1:8080 ...
2025-03-24 15:34:40 - [Cluster 0 - CLIENT] - WARNING - DEPRECATED FEATURE: flwr.client.start_client() is deprecated.
	Instead, use the `flower-supernode` CLI command to start a SuperNode as shown below:

		$ flower-supernode --insecure --superlink='<IP>:<PORT>'

	To view all available options, run:

		$ flower-supernode --help

	Using `start_client()` is deprecated.

            This is a deprecated feature. It will be removed
            entirely in future versions of Flower.
        
2025-03-24 15:34:40 - [Cluster 0 - CLIENT] - INFO - [Store 107, Cluster 0] Connecting to 127.0.0.1:8080 ...
2025-03-24 15:34:40 - [Cluster 0 - CLIENT] - WARNING - DEPRECATED FEATURE: flwr.client.start_client() is deprecated.
	Instead, use the `flower-supernode` CLI command to start a SuperNode as shown below:

		$ flower-supernode --insecure --superlink='<IP>:<PORT>'

	To view all available options, run:

		$ flower-supernode --help

	Using `start_client()` is deprecated.

            This is a deprecated feature. It will be removed
            entirely in future versions of Flower.
        
2025-03-24 15:34:40 - [Cluster 0 - CLIENT] - DEBUG - Opened insecure gRPC connection (no certificates were passed)
2025-03-24 15:34:40 - [Cluster 0 - CLIENT] - DEBUG - ChannelConnectivity.IDLE
2025-03-24 15:34:40 - [Cluster 0 - CLIENT] - DEBUG - ChannelConnectivity.CONNECTING
2025-03-24 15:34:41 - [Cluster 0 - CLIENT] - DEBUG - ChannelConnectivity.READY
2025-03-24 15:34:41 - [Cluster 0 - CLIENT] - DEBUG - Opened insecure gRPC connection (no certificates were passed)
2025-03-24 15:34:41 - [Cluster 0 - CLIENT] - DEBUG - ChannelConnectivity.IDLE
2025-03-24 15:34:41 - [Cluster 0 - CLIENT] - DEBUG - ChannelConnectivity.CONNECTING
2025-03-24 15:34:41 - [Cluster 0 - CLIENT] - DEBUG - ChannelConnectivity.READY
2025-03-24 15:34:41 - [Cluster 0 - CLIENT] - INFO - 
2025-03-24 15:34:41 - [Cluster 0 - CLIENT] - INFO - Received: train message 84629c8f-6c88-48b8-aed7-1919698485f5
2025-03-24 15:34:41 - [Cluster 0 - CLIENT] - INFO - 
2025-03-24 15:34:41 - [Cluster 0 - CLIENT] - INFO - Received: train message ab192de8-8a5b-4172-a10d-2dc9ee95fad6
2025-03-24 15:34:41 - [Cluster 0 - CLIENT] - INFO - [Store 107] Starting local training.
2025-03-24 15:34:41 - [Cluster 0 - CLIENT] - INFO - [Store 1068] Starting local training.
2025-03-24 15:34:42 - [Cluster 0 - CLIENT] - ERROR - Client raised an exception.
Traceback (most recent call last):
  File "/Users/joyngugi/PycharmProjects/cGAN_LSTM_Clustering_FLFramework/.venv1/lib/python3.12/site-packages/flwr/client/app.py", line 570, in start_client_internal
    reply_message = client_app(message=message, context=context)
                    ^^^^^^^^^^^^^^^^^^^^^^^^^^^^^^^^^^^^^^^^^^^^
  File "/Users/joyngugi/PycharmProjects/cGAN_LSTM_Clustering_FLFramework/.venv1/lib/python3.12/site-packages/flwr/client/client_app.py", line 143, in __call__
    return self._call(message, context)
           ^^^^^^^^^^^^^^^^^^^^^^^^^^^^
  File "/Users/joyngugi/PycharmProjects/cGAN_LSTM_Clustering_FLFramework/.venv1/lib/python3.12/site-packages/flwr/client/client_app.py", line 124, in ffn
    out_message = handle_legacy_message_from_msgtype(
                  ^^^^^^^^^^^^^^^^^^^^^^^^^^^^^^^^^^^
  File "/Users/joyngugi/PycharmProjects/cGAN_LSTM_Clustering_FLFramework/.venv1/lib/python3.12/site-packages/flwr/client/message_handler/message_handler.py", line 128, in handle_legacy_message_from_msgtype
    fit_res = maybe_call_fit(
              ^^^^^^^^^^^^^^^
  File "/Users/joyngugi/PycharmProjects/cGAN_LSTM_Clustering_FLFramework/.venv1/lib/python3.12/site-packages/flwr/client/client.py", line 224, in maybe_call_fit
    return client.fit(fit_ins)
           ^^^^^^^^^^^^^^^^^^^
  File "/Users/joyngugi/PycharmProjects/cGAN_LSTM_Clustering_FLFramework/.venv1/lib/python3.12/site-packages/flwr/client/numpy_client.py", line 227, in _fit
    results = self.numpy_client.fit(parameters, ins.config)  # type: ignore
              ^^^^^^^^^^^^^^^^^^^^^^^^^^^^^^^^^^^^^^^^^^^^^
  File "/Users/joyngugi/PycharmProjects/cGAN_LSTM_Clustering_FLFramework/scripts/client.py", line 87, in fit
    self.model.fit(
  File "/Users/joyngugi/PycharmProjects/cGAN_LSTM_Clustering_FLFramework/.venv1/lib/python3.12/site-packages/keras/src/utils/traceback_utils.py", line 122, in error_handler
    raise e.with_traceback(filtered_tb) from None
  File "/Users/joyngugi/PycharmProjects/cGAN_LSTM_Clustering_FLFramework/.venv1/lib/python3.12/site-packages/optree/ops.py", line 766, in tree_map
    return treespec.unflatten(map(func, *flat_args))
           ^^^^^^^^^^^^^^^^^^^^^^^^^^^^^^^^^^^^^^^^^
ValueError: Invalid dtype: object
2025-03-24 15:34:42 - [Cluster 0 - CLIENT] - ERROR - Client raised an exception.
Traceback (most recent call last):
  File "/Users/joyngugi/PycharmProjects/cGAN_LSTM_Clustering_FLFramework/.venv1/lib/python3.12/site-packages/flwr/client/app.py", line 570, in start_client_internal
    reply_message = client_app(message=message, context=context)
                    ^^^^^^^^^^^^^^^^^^^^^^^^^^^^^^^^^^^^^^^^^^^^
  File "/Users/joyngugi/PycharmProjects/cGAN_LSTM_Clustering_FLFramework/.venv1/lib/python3.12/site-packages/flwr/client/client_app.py", line 143, in __call__
    return self._call(message, context)
           ^^^^^^^^^^^^^^^^^^^^^^^^^^^^
  File "/Users/joyngugi/PycharmProjects/cGAN_LSTM_Clustering_FLFramework/.venv1/lib/python3.12/site-packages/flwr/client/client_app.py", line 124, in ffn
    out_message = handle_legacy_message_from_msgtype(
                  ^^^^^^^^^^^^^^^^^^^^^^^^^^^^^^^^^^^
  File "/Users/joyngugi/PycharmProjects/cGAN_LSTM_Clustering_FLFramework/.venv1/lib/python3.12/site-packages/flwr/client/message_handler/message_handler.py", line 128, in handle_legacy_message_from_msgtype
    fit_res = maybe_call_fit(
              ^^^^^^^^^^^^^^^
  File "/Users/joyngugi/PycharmProjects/cGAN_LSTM_Clustering_FLFramework/.venv1/lib/python3.12/site-packages/flwr/client/client.py", line 224, in maybe_call_fit
    return client.fit(fit_ins)
           ^^^^^^^^^^^^^^^^^^^
  File "/Users/joyngugi/PycharmProjects/cGAN_LSTM_Clustering_FLFramework/.venv1/lib/python3.12/site-packages/flwr/client/numpy_client.py", line 227, in _fit
    results = self.numpy_client.fit(parameters, ins.config)  # type: ignore
              ^^^^^^^^^^^^^^^^^^^^^^^^^^^^^^^^^^^^^^^^^^^^^
  File "/Users/joyngugi/PycharmProjects/cGAN_LSTM_Clustering_FLFramework/scripts/client.py", line 87, in fit
    self.model.fit(
  File "/Users/joyngugi/PycharmProjects/cGAN_LSTM_Clustering_FLFramework/.venv1/lib/python3.12/site-packages/keras/src/utils/traceback_utils.py", line 122, in error_handler
    raise e.with_traceback(filtered_tb) from None
  File "/Users/joyngugi/PycharmProjects/cGAN_LSTM_Clustering_FLFramework/.venv1/lib/python3.12/site-packages/optree/ops.py", line 766, in tree_map
    return treespec.unflatten(map(func, *flat_args))
           ^^^^^^^^^^^^^^^^^^^^^^^^^^^^^^^^^^^^^^^^^
ValueError: Invalid dtype: object
2025-03-24 15:34:42 - [Cluster 0 - CLIENT] - DEBUG - gRPC channel closed
2025-03-24 15:34:42 - [Cluster 0 - CLIENT] - DEBUG - gRPC channel closed
2025-03-24 15:36:07 - [Cluster 0 - CLIENT] - INFO - Initialized client logging for cluster 0 -> ../logs/../logs/clients_cluster_0_20250324_153243.log
2025-03-24 15:36:07 - [Cluster 0 - CLIENT] - INFO - Loading pickle data for store 1071, cluster 0...
2025-03-24 15:36:08 - [Cluster 0 - CLIENT] - INFO - [Store 1071, Cluster 0] Connecting to 127.0.0.1:8080 ...
2025-03-24 15:36:08 - [Cluster 0 - CLIENT] - WARNING - DEPRECATED FEATURE: flwr.client.start_client() is deprecated.
	Instead, use the `flower-supernode` CLI command to start a SuperNode as shown below:

		$ flower-supernode --insecure --superlink='<IP>:<PORT>'

	To view all available options, run:

		$ flower-supernode --help

	Using `start_client()` is deprecated.

            This is a deprecated feature. It will be removed
            entirely in future versions of Flower.
        
2025-03-24 15:36:08 - [Cluster 0 - CLIENT] - DEBUG - Opened insecure gRPC connection (no certificates were passed)
2025-03-24 15:36:08 - [Cluster 0 - CLIENT] - DEBUG - ChannelConnectivity.IDLE
2025-03-24 15:36:08 - [Cluster 0 - CLIENT] - DEBUG - ChannelConnectivity.CONNECTING
2025-03-24 15:36:08 - [Cluster 0 - CLIENT] - DEBUG - ChannelConnectivity.READY
2025-03-24 15:36:17 - [Cluster 0 - CLIENT] - INFO - Initialized client logging for cluster 0 -> ../logs/../logs/clients_cluster_0_20250324_153243.log
2025-03-24 15:36:17 - [Cluster 0 - CLIENT] - INFO - Loading pickle data for store 1072, cluster 0...
2025-03-24 15:36:17 - [Cluster 0 - CLIENT] - INFO - Initialized client logging for cluster 0 -> ../logs/../logs/clients_cluster_0_20250324_153243.log
2025-03-24 15:36:17 - [Cluster 0 - CLIENT] - INFO - Loading pickle data for store 1073, cluster 0...
2025-03-24 15:36:18 - [Cluster 0 - CLIENT] - INFO - Initialized client logging for cluster 0 -> ../logs/../logs/clients_cluster_0_20250324_153243.log
2025-03-24 15:36:18 - [Cluster 0 - CLIENT] - INFO - Loading pickle data for store 1074, cluster 0...
2025-03-24 15:36:18 - [Cluster 0 - CLIENT] - INFO - [Store 1072, Cluster 0] Connecting to 127.0.0.1:8080 ...
2025-03-24 15:36:18 - [Cluster 0 - CLIENT] - WARNING - DEPRECATED FEATURE: flwr.client.start_client() is deprecated.
	Instead, use the `flower-supernode` CLI command to start a SuperNode as shown below:

		$ flower-supernode --insecure --superlink='<IP>:<PORT>'

	To view all available options, run:

		$ flower-supernode --help

	Using `start_client()` is deprecated.

            This is a deprecated feature. It will be removed
            entirely in future versions of Flower.
        
2025-03-24 15:36:18 - [Cluster 0 - CLIENT] - INFO - [Store 1073, Cluster 0] Connecting to 127.0.0.1:8080 ...
2025-03-24 15:36:18 - [Cluster 0 - CLIENT] - WARNING - DEPRECATED FEATURE: flwr.client.start_client() is deprecated.
	Instead, use the `flower-supernode` CLI command to start a SuperNode as shown below:

		$ flower-supernode --insecure --superlink='<IP>:<PORT>'

	To view all available options, run:

		$ flower-supernode --help

	Using `start_client()` is deprecated.

            This is a deprecated feature. It will be removed
            entirely in future versions of Flower.
        
2025-03-24 15:36:18 - [Cluster 0 - CLIENT] - DEBUG - Opened insecure gRPC connection (no certificates were passed)
2025-03-24 15:36:18 - [Cluster 0 - CLIENT] - DEBUG - Opened insecure gRPC connection (no certificates were passed)
2025-03-24 15:36:18 - [Cluster 0 - CLIENT] - DEBUG - ChannelConnectivity.IDLE
2025-03-24 15:36:18 - [Cluster 0 - CLIENT] - DEBUG - ChannelConnectivity.CONNECTING
2025-03-24 15:36:18 - [Cluster 0 - CLIENT] - DEBUG - ChannelConnectivity.IDLE
2025-03-24 15:36:18 - [Cluster 0 - CLIENT] - DEBUG - ChannelConnectivity.CONNECTING
2025-03-24 15:36:18 - [Cluster 0 - CLIENT] - DEBUG - ChannelConnectivity.READY
2025-03-24 15:36:18 - [Cluster 0 - CLIENT] - DEBUG - ChannelConnectivity.READY
2025-03-24 15:36:18 - [Cluster 0 - CLIENT] - INFO - 
2025-03-24 15:36:18 - [Cluster 0 - CLIENT] - INFO - Received: evaluate message a0bcfa13-14ad-4ec6-ac0a-2e34ddaa8120
2025-03-24 15:36:18 - [Cluster 0 - CLIENT] - INFO - 
2025-03-24 15:36:18 - [Cluster 0 - CLIENT] - INFO - Received: evaluate message 5a4d31d7-1d7b-47a7-8843-30c67b51e87d
2025-03-24 15:36:19 - [Cluster 0 - CLIENT] - INFO - [Store 1074, Cluster 0] Connecting to 127.0.0.1:8080 ...
2025-03-24 15:36:19 - [Cluster 0 - CLIENT] - WARNING - DEPRECATED FEATURE: flwr.client.start_client() is deprecated.
	Instead, use the `flower-supernode` CLI command to start a SuperNode as shown below:

		$ flower-supernode --insecure --superlink='<IP>:<PORT>'

	To view all available options, run:

		$ flower-supernode --help

	Using `start_client()` is deprecated.

            This is a deprecated feature. It will be removed
            entirely in future versions of Flower.
        
2025-03-24 15:36:19 - [Cluster 0 - CLIENT] - ERROR - Client raised an exception.
Traceback (most recent call last):
  File "/Users/joyngugi/PycharmProjects/cGAN_LSTM_Clustering_FLFramework/.venv1/lib/python3.12/site-packages/flwr/client/app.py", line 570, in start_client_internal
    reply_message = client_app(message=message, context=context)
                    ^^^^^^^^^^^^^^^^^^^^^^^^^^^^^^^^^^^^^^^^^^^^
  File "/Users/joyngugi/PycharmProjects/cGAN_LSTM_Clustering_FLFramework/.venv1/lib/python3.12/site-packages/flwr/client/client_app.py", line 143, in __call__
    return self._call(message, context)
           ^^^^^^^^^^^^^^^^^^^^^^^^^^^^
  File "/Users/joyngugi/PycharmProjects/cGAN_LSTM_Clustering_FLFramework/.venv1/lib/python3.12/site-packages/flwr/client/client_app.py", line 124, in ffn
    out_message = handle_legacy_message_from_msgtype(
                  ^^^^^^^^^^^^^^^^^^^^^^^^^^^^^^^^^^^
  File "/Users/joyngugi/PycharmProjects/cGAN_LSTM_Clustering_FLFramework/.venv1/lib/python3.12/site-packages/flwr/client/message_handler/message_handler.py", line 135, in handle_legacy_message_from_msgtype
    evaluate_res = maybe_call_evaluate(
                   ^^^^^^^^^^^^^^^^^^^^
  File "/Users/joyngugi/PycharmProjects/cGAN_LSTM_Clustering_FLFramework/.venv1/lib/python3.12/site-packages/flwr/client/client.py", line 244, in maybe_call_evaluate
    return client.evaluate(evaluate_ins)
           ^^^^^^^^^^^^^^^^^^^^^^^^^^^^^
  File "/Users/joyngugi/PycharmProjects/cGAN_LSTM_Clustering_FLFramework/.venv1/lib/python3.12/site-packages/flwr/client/numpy_client.py", line 251, in _evaluate
    results = self.numpy_client.evaluate(parameters, ins.config)  # type: ignore
              ^^^^^^^^^^^^^^^^^^^^^^^^^^^^^^^^^^^^^^^^^^^^^^^^^^
  File "/Users/joyngugi/PycharmProjects/cGAN_LSTM_Clustering_FLFramework/scripts/client.py", line 104, in evaluate
    loss, mae = self.model.evaluate(self.x_val, self.y_val, verbose=0)
                ^^^^^^^^^^^^^^^^^^^^^^^^^^^^^^^^^^^^^^^^^^^^^^^^^^^^^^
  File "/Users/joyngugi/PycharmProjects/cGAN_LSTM_Clustering_FLFramework/.venv1/lib/python3.12/site-packages/keras/src/utils/traceback_utils.py", line 122, in error_handler
    raise e.with_traceback(filtered_tb) from None
  File "/Users/joyngugi/PycharmProjects/cGAN_LSTM_Clustering_FLFramework/.venv1/lib/python3.12/site-packages/optree/ops.py", line 766, in tree_map
    return treespec.unflatten(map(func, *flat_args))
           ^^^^^^^^^^^^^^^^^^^^^^^^^^^^^^^^^^^^^^^^^
ValueError: Invalid dtype: object
2025-03-24 15:36:19 - [Cluster 0 - CLIENT] - DEBUG - Opened insecure gRPC connection (no certificates were passed)
2025-03-24 15:36:19 - [Cluster 0 - CLIENT] - DEBUG - gRPC channel closed
2025-03-24 15:36:19 - [Cluster 0 - CLIENT] - DEBUG - ChannelConnectivity.IDLE
2025-03-24 15:36:19 - [Cluster 0 - CLIENT] - DEBUG - ChannelConnectivity.CONNECTING
2025-03-24 15:36:19 - [Cluster 0 - CLIENT] - DEBUG - ChannelConnectivity.READY
2025-03-24 15:36:19 - [Cluster 0 - CLIENT] - ERROR - Client raised an exception.
Traceback (most recent call last):
  File "/Users/joyngugi/PycharmProjects/cGAN_LSTM_Clustering_FLFramework/.venv1/lib/python3.12/site-packages/flwr/client/app.py", line 570, in start_client_internal
    reply_message = client_app(message=message, context=context)
                    ^^^^^^^^^^^^^^^^^^^^^^^^^^^^^^^^^^^^^^^^^^^^
  File "/Users/joyngugi/PycharmProjects/cGAN_LSTM_Clustering_FLFramework/.venv1/lib/python3.12/site-packages/flwr/client/client_app.py", line 143, in __call__
    return self._call(message, context)
           ^^^^^^^^^^^^^^^^^^^^^^^^^^^^
  File "/Users/joyngugi/PycharmProjects/cGAN_LSTM_Clustering_FLFramework/.venv1/lib/python3.12/site-packages/flwr/client/client_app.py", line 124, in ffn
    out_message = handle_legacy_message_from_msgtype(
                  ^^^^^^^^^^^^^^^^^^^^^^^^^^^^^^^^^^^
  File "/Users/joyngugi/PycharmProjects/cGAN_LSTM_Clustering_FLFramework/.venv1/lib/python3.12/site-packages/flwr/client/message_handler/message_handler.py", line 135, in handle_legacy_message_from_msgtype
    evaluate_res = maybe_call_evaluate(
                   ^^^^^^^^^^^^^^^^^^^^
  File "/Users/joyngugi/PycharmProjects/cGAN_LSTM_Clustering_FLFramework/.venv1/lib/python3.12/site-packages/flwr/client/client.py", line 244, in maybe_call_evaluate
    return client.evaluate(evaluate_ins)
           ^^^^^^^^^^^^^^^^^^^^^^^^^^^^^
  File "/Users/joyngugi/PycharmProjects/cGAN_LSTM_Clustering_FLFramework/.venv1/lib/python3.12/site-packages/flwr/client/numpy_client.py", line 251, in _evaluate
    results = self.numpy_client.evaluate(parameters, ins.config)  # type: ignore
              ^^^^^^^^^^^^^^^^^^^^^^^^^^^^^^^^^^^^^^^^^^^^^^^^^^
  File "/Users/joyngugi/PycharmProjects/cGAN_LSTM_Clustering_FLFramework/scripts/client.py", line 104, in evaluate
    loss, mae = self.model.evaluate(self.x_val, self.y_val, verbose=0)
                ^^^^^^^^^^^^^^^^^^^^^^^^^^^^^^^^^^^^^^^^^^^^^^^^^^^^^^
  File "/Users/joyngugi/PycharmProjects/cGAN_LSTM_Clustering_FLFramework/.venv1/lib/python3.12/site-packages/keras/src/utils/traceback_utils.py", line 122, in error_handler
    raise e.with_traceback(filtered_tb) from None
  File "/Users/joyngugi/PycharmProjects/cGAN_LSTM_Clustering_FLFramework/.venv1/lib/python3.12/site-packages/optree/ops.py", line 766, in tree_map
    return treespec.unflatten(map(func, *flat_args))
           ^^^^^^^^^^^^^^^^^^^^^^^^^^^^^^^^^^^^^^^^^
ValueError: Invalid dtype: object
2025-03-24 15:36:20 - [Cluster 0 - CLIENT] - DEBUG - gRPC channel closed
2025-03-24 15:36:20 - [Cluster 0 - CLIENT] - INFO - 
2025-03-24 15:36:20 - [Cluster 0 - CLIENT] - INFO - Received: reconnect message 33650b99-f0d2-46b1-83f3-e25c214aa454
2025-03-24 15:36:20 - [Cluster 0 - CLIENT] - DEBUG - gRPC channel closed
2025-03-24 15:36:20 - [Cluster 0 - CLIENT] - INFO - Disconnect and shut down
2025-03-24 15:36:20 - [Cluster 0 - CLIENT] - INFO - 
2025-03-24 15:36:20 - [Cluster 0 - CLIENT] - INFO - Received: reconnect message e00db24c-1097-4108-aabe-89d31e8c703b
2025-03-24 15:36:20 - [Cluster 0 - CLIENT] - DEBUG - gRPC channel closed
2025-03-24 15:36:20 - [Cluster 0 - CLIENT] - INFO - Disconnect and shut down
2025-03-24 15:36:21 - [Cluster 0 - CLIENT] - INFO - Initialized client logging for cluster 0 -> ../logs/../logs/clients_cluster_0_20250324_153243.log
2025-03-24 15:36:21 - [Cluster 0 - CLIENT] - INFO - Loading pickle data for store 1076, cluster 0...
2025-03-24 15:36:23 - [Cluster 0 - CLIENT] - INFO - [Store 1076, Cluster 0] Connecting to 127.0.0.1:8080 ...
2025-03-24 15:36:23 - [Cluster 0 - CLIENT] - WARNING - DEPRECATED FEATURE: flwr.client.start_client() is deprecated.
	Instead, use the `flower-supernode` CLI command to start a SuperNode as shown below:

		$ flower-supernode --insecure --superlink='<IP>:<PORT>'

	To view all available options, run:

		$ flower-supernode --help

	Using `start_client()` is deprecated.

            This is a deprecated feature. It will be removed
            entirely in future versions of Flower.
        
2025-03-24 15:36:23 - [Cluster 0 - CLIENT] - DEBUG - Opened insecure gRPC connection (no certificates were passed)
2025-03-24 15:36:23 - [Cluster 0 - CLIENT] - DEBUG - ChannelConnectivity.IDLE
2025-03-24 15:36:23 - [Cluster 0 - CLIENT] - DEBUG - ChannelConnectivity.CONNECTING
2025-03-24 15:36:23 - [Cluster 0 - CLIENT] - DEBUG - ChannelConnectivity.TRANSIENT_FAILURE
2025-03-24 15:36:23 - [Cluster 0 - CLIENT] - DEBUG - gRPC channel closed
2025-03-24 15:36:24 - [Cluster 0 - CLIENT] - INFO - Initialized client logging for cluster 0 -> ../logs/../logs/clients_cluster_0_20250324_153243.log
2025-03-24 15:36:24 - [Cluster 0 - CLIENT] - INFO - Loading pickle data for store 1077, cluster 0...
2025-03-24 15:36:26 - [Cluster 0 - CLIENT] - INFO - [Store 1077, Cluster 0] Connecting to 127.0.0.1:8080 ...
2025-03-24 15:36:26 - [Cluster 0 - CLIENT] - WARNING - DEPRECATED FEATURE: flwr.client.start_client() is deprecated.
	Instead, use the `flower-supernode` CLI command to start a SuperNode as shown below:

		$ flower-supernode --insecure --superlink='<IP>:<PORT>'

	To view all available options, run:

		$ flower-supernode --help

	Using `start_client()` is deprecated.

            This is a deprecated feature. It will be removed
            entirely in future versions of Flower.
        
2025-03-24 15:36:27 - [Cluster 0 - CLIENT] - INFO - Initialized client logging for cluster 0 -> ../logs/../logs/clients_cluster_0_20250324_153243.log
2025-03-24 15:36:27 - [Cluster 0 - CLIENT] - INFO - Loading pickle data for store 1078, cluster 0...
2025-03-24 15:36:27 - [Cluster 0 - CLIENT] - DEBUG - Opened insecure gRPC connection (no certificates were passed)
2025-03-24 15:36:27 - [Cluster 0 - CLIENT] - DEBUG - ChannelConnectivity.IDLE
2025-03-24 15:36:27 - [Cluster 0 - CLIENT] - DEBUG - ChannelConnectivity.TRANSIENT_FAILURE
2025-03-24 15:36:27 - [Cluster 0 - CLIENT] - DEBUG - gRPC channel closed
2025-03-24 15:36:29 - [Cluster 0 - CLIENT] - INFO - [Store 1078, Cluster 0] Connecting to 127.0.0.1:8080 ...
2025-03-24 15:36:29 - [Cluster 0 - CLIENT] - WARNING - DEPRECATED FEATURE: flwr.client.start_client() is deprecated.
	Instead, use the `flower-supernode` CLI command to start a SuperNode as shown below:

		$ flower-supernode --insecure --superlink='<IP>:<PORT>'

	To view all available options, run:

		$ flower-supernode --help

	Using `start_client()` is deprecated.

            This is a deprecated feature. It will be removed
            entirely in future versions of Flower.
        
2025-03-24 15:36:29 - [Cluster 0 - CLIENT] - DEBUG - Opened insecure gRPC connection (no certificates were passed)
2025-03-24 15:36:29 - [Cluster 0 - CLIENT] - DEBUG - ChannelConnectivity.IDLE
2025-03-24 15:36:29 - [Cluster 0 - CLIENT] - DEBUG - ChannelConnectivity.TRANSIENT_FAILURE
2025-03-24 15:36:29 - [Cluster 0 - CLIENT] - DEBUG - gRPC channel closed
2025-03-24 15:36:33 - [Cluster 0 - CLIENT] - INFO - Initialized client logging for cluster 0 -> ../logs/../logs/clients_cluster_0_20250324_153243.log
2025-03-24 15:36:33 - [Cluster 0 - CLIENT] - INFO - Loading pickle data for store 1082, cluster 0...
2025-03-24 15:36:34 - [Cluster 0 - CLIENT] - INFO - Initialized client logging for cluster 0 -> ../logs/../logs/clients_cluster_0_20250324_153243.log
2025-03-24 15:36:34 - [Cluster 0 - CLIENT] - INFO - Loading pickle data for store 1081, cluster 0...
2025-03-24 15:36:35 - [Cluster 0 - CLIENT] - INFO - [Store 1082, Cluster 0] Connecting to 127.0.0.1:8080 ...
2025-03-24 15:36:35 - [Cluster 0 - CLIENT] - WARNING - DEPRECATED FEATURE: flwr.client.start_client() is deprecated.
	Instead, use the `flower-supernode` CLI command to start a SuperNode as shown below:

		$ flower-supernode --insecure --superlink='<IP>:<PORT>'

	To view all available options, run:

		$ flower-supernode --help

	Using `start_client()` is deprecated.

            This is a deprecated feature. It will be removed
            entirely in future versions of Flower.
        
2025-03-24 15:36:36 - [Cluster 0 - CLIENT] - INFO - [Store 1081, Cluster 0] Connecting to 127.0.0.1:8080 ...
2025-03-24 15:36:36 - [Cluster 0 - CLIENT] - WARNING - DEPRECATED FEATURE: flwr.client.start_client() is deprecated.
	Instead, use the `flower-supernode` CLI command to start a SuperNode as shown below:

		$ flower-supernode --insecure --superlink='<IP>:<PORT>'

	To view all available options, run:

		$ flower-supernode --help

	Using `start_client()` is deprecated.

            This is a deprecated feature. It will be removed
            entirely in future versions of Flower.
        
2025-03-24 15:36:36 - [Cluster 0 - CLIENT] - DEBUG - Opened insecure gRPC connection (no certificates were passed)
2025-03-24 15:36:36 - [Cluster 0 - CLIENT] - DEBUG - ChannelConnectivity.IDLE
2025-03-24 15:36:36 - [Cluster 0 - CLIENT] - DEBUG - ChannelConnectivity.CONNECTING
2025-03-24 15:36:36 - [Cluster 0 - CLIENT] - DEBUG - ChannelConnectivity.TRANSIENT_FAILURE
2025-03-24 15:36:36 - [Cluster 0 - CLIENT] - DEBUG - gRPC channel closed
2025-03-24 15:36:36 - [Cluster 0 - CLIENT] - DEBUG - Opened insecure gRPC connection (no certificates were passed)
2025-03-24 15:36:36 - [Cluster 0 - CLIENT] - DEBUG - ChannelConnectivity.IDLE
2025-03-24 15:36:36 - [Cluster 0 - CLIENT] - DEBUG - gRPC channel closed
2025-03-24 15:36:43 - [Cluster 0 - CLIENT] - INFO - Initialized client logging for cluster 0 -> ../logs/../logs/clients_cluster_0_20250324_153243.log
2025-03-24 15:36:43 - [Cluster 0 - CLIENT] - INFO - Loading pickle data for store 1083, cluster 0...
2025-03-24 15:36:45 - [Cluster 0 - CLIENT] - INFO - Initialized client logging for cluster 0 -> ../logs/../logs/clients_cluster_0_20250324_153243.log
2025-03-24 15:36:45 - [Cluster 0 - CLIENT] - INFO - Loading pickle data for store 1084, cluster 0...
2025-03-24 15:36:46 - [Cluster 0 - CLIENT] - INFO - [Store 1083, Cluster 0] Connecting to 127.0.0.1:8080 ...
2025-03-24 15:36:46 - [Cluster 0 - CLIENT] - WARNING - DEPRECATED FEATURE: flwr.client.start_client() is deprecated.
	Instead, use the `flower-supernode` CLI command to start a SuperNode as shown below:

		$ flower-supernode --insecure --superlink='<IP>:<PORT>'

	To view all available options, run:

		$ flower-supernode --help

	Using `start_client()` is deprecated.

            This is a deprecated feature. It will be removed
            entirely in future versions of Flower.
        
2025-03-24 15:36:47 - [Cluster 0 - CLIENT] - DEBUG - Opened insecure gRPC connection (no certificates were passed)
2025-03-24 15:36:47 - [Cluster 0 - CLIENT] - DEBUG - ChannelConnectivity.IDLE
2025-03-24 15:36:47 - [Cluster 0 - CLIENT] - DEBUG - ChannelConnectivity.TRANSIENT_FAILURE
2025-03-24 15:37:15 - [Cluster 0 - CLIENT] - INFO - Initialized client logging for cluster 0 -> ../logs/../logs/clients_cluster_0_20250324_153243.log
2025-03-24 15:37:15 - [Cluster 0 - CLIENT] - INFO - Loading pickle data for store 111, cluster 0...
2025-03-24 15:37:17 - [Cluster 0 - CLIENT] - INFO - [Store 111, Cluster 0] Connecting to 127.0.0.1:8080 ...
2025-03-24 15:37:17 - [Cluster 0 - CLIENT] - WARNING - DEPRECATED FEATURE: flwr.client.start_client() is deprecated.
	Instead, use the `flower-supernode` CLI command to start a SuperNode as shown below:

		$ flower-supernode --insecure --superlink='<IP>:<PORT>'

	To view all available options, run:

		$ flower-supernode --help

	Using `start_client()` is deprecated.

            This is a deprecated feature. It will be removed
            entirely in future versions of Flower.
        
2025-03-24 15:37:18 - [Cluster 0 - CLIENT] - DEBUG - Opened insecure gRPC connection (no certificates were passed)
2025-03-24 15:37:18 - [Cluster 0 - CLIENT] - DEBUG - ChannelConnectivity.IDLE
2025-03-24 15:37:18 - [Cluster 0 - CLIENT] - DEBUG - ChannelConnectivity.TRANSIENT_FAILURE
2025-03-24 15:37:18 - [Cluster 0 - CLIENT] - DEBUG - gRPC channel closed
