Store,Cluster,Date,DayOfWeek_sin,DayOfWeek_cos,Month_sin,Month_cos,DayOfYear_sin,DayOfYear_cos,Sales_Lag_1,Sales_Lag_7,Sales_Lag_14,RollingMean_7,RollingMedian_7,RollingStd_7,RollingMean_30,RollingMedian_30,RollingStd_30,CompetitionDistance,Promo,Promo2,StoreType_a,StoreType_b,StoreType_c,StoreType_d,Assortment_a,Assortment_b,Assortment_c,Sales
287,2,2013-01-30,0.43388373911755823,-0.900968867902419,0.49999999999999994,0.8660254037844387,0.4937755501599772,0.869589389346611,5666.0,7399.0,6062.0,6142.857142857143,7074.0,2843.386562333224,6277.3,7048.0,3125.8949300629256,2740.0,0,1,0,0,1,0,1,0,0,6867
287,2,2013-01-31,-0.433883739117558,-0.9009688679024191,0.49999999999999994,0.8660254037844387,0.5086709438521044,0.8609610158889943,6867.0,7349.0,5475.0,6042.428571428572,6867.0,2805.8526248505923,6498.833333333333,7048.0,2892.4663629711476,2740.0,0,1,0,0,1,0,1,0,0,6646
287,2,2013-02-01,-0.9749279121818236,-0.2225209339563146,0.8660254037844386,0.5000000000000001,0.5234156073655503,0.8520775211013093,6646.0,7457.0,6479.0,5997.428571428572,6867.0,2781.8076771015208,6523.933333333333,7108.0,2894.746655978525,2740.0,0,1,0,0,1,0,1,0,0,7142
287,2,2013-02-02,-0.7818314824680299,0.6234898018587334,0.8660254037844386,0.5000000000000001,0.5380051715382996,0.8429415373547828,7142.0,8587.0,9137.0,6326.857142857143,6867.0,3238.615981586962,6684.366666666667,7202.5,3000.7280091766847,2740.0,0,1,0,0,1,0,1,0,0,10893
287,2,2013-02-03,-2.4492935982947064e-16,1.0,0.8660254037844386,0.5000000000000001,0.5524353131676196,0.8335557718385699,10893.0,0.0,0.0,6326.857142857143,6867.0,3238.615981586962,6480.966666666666,7202.5,3238.9182366460195,2740.0,0,1,0,0,1,0,1,0,0,0
287,2,2013-02-04,0.7818314824680298,0.6234898018587336,0.8660254037844386,0.5000000000000001,0.5667017562911176,0.8239230057575542,0.0,7074.0,9158.0,6646.714285714285,6867.0,3429.637187530955,6505.866666666667,7202.5,3258.313491546724,2740.0,1,1,0,0,1,0,1,0,0,9313
287,2,2013-02-05,0.9749279121818236,-0.22252093395631434,0.8660254037844386,0.5000000000000001,0.5808002734538009,0.8140460935082178,9313.0,5666.0,8866.0,7101.0,7142.0,3488.191890746073,6800.733333333334,7306.0,3042.3625680385794,2740.0,1,1,0,0,1,0,1,0,0,8846
287,2,2013-02-06,0.43388373911755823,-0.900968867902419,0.8660254037844386,0.5000000000000001,0.5947266869607634,0.8039279618328213,8846.0,6867.0,7399.0,7316.857142857143,8378.0,3517.923366067517,6699.566666666667,7306.0,2932.169112158924,2740.0,1,1,0,0,1,0,1,0,0,8378
287,2,2013-02-07,-0.433883739117558,-0.9009688679024191,0.8660254037844386,0.5000000000000001,0.6084768701151261,0.7935716089521474,8378.0,6646.0,7349.0,7432.428571428572,8378.0,3505.4777542746274,6650.8,7306.0,2906.0504231807413,2740.0,1,1,0,0,1,0,1,0,0,7455
287,2,2013-02-08,-0.9749279121818236,-0.2225209339563146,0.8660254037844386,0.5000000000000001,0.6220467484408675,0.7829801036770629,7455.0,7142.0,7457.0,7626.0,8497.0,3524.129206863259,6655.666666666667,7306.0,2909.116506875363,2740.0,1,1,0,0,1,0,1,0,0,8497
287,2,2013-02-09,-0.7818314824680299,0.6234898018587334,0.8660254037844386,0.5000000000000001,0.6354323008901774,0.7721565844991642,8497.0,10893.0,8587.0,7436.428571428572,8497.0,3350.5141325445784,6740.466666666666,7374.0,2956.8501149532167,2740.0,0,1,0,0,1,0,1,0,0,9566
287,2,2013-02-10,-2.4492935982947064e-16,1.0,0.8660254037844386,0.5000000000000001,0.6486295610349814,0.7611042586607747,9566.0,0.0,0.0,7436.428571428572,8497.0,3350.5141325445784,6476.866666666667,7306.0,3192.2974294637584,2740.0,0,1,0,0,1,0,1,0,0,0
287,2,2013-02-11,0.7818314824680298,0.6234898018587336,0.8660254037844386,0.5000000000000001,0.6616346182422783,0.7498264012045686,0.0,9313.0,7074.0,7066.428571428572,8378.0,3250.252034183547,6418.766666666666,7202.5,3170.634578965752,2740.0,0,1,0,0,1,0,1,0,0,6723
287,2,2013-02-12,0.9749279121818236,-0.22252093395631434,0.8660254037844386,0.5000000000000001,0.6744436188329455,0.7383263540031065,6723.0,8846.0,5666.0,6488.142857142857,7455.0,3240.9572366083166,6578.7,7202.5,2948.9550709267896,2740.0,0,1,0,0,1,0,1,0,0,4798
287,2,2013-02-13,0.43388373911755823,-0.900968867902419,0.8660254037844386,0.5000000000000001,0.6870527672236669,0.7266075247685656,4798.0,8378.0,6867.0,6057.285714285715,6723.0,3146.956080314528,6515.333333333333,7108.0,2954.1634948023757,2740.0,0,1,0,0,1,0,1,0,0,5362
287,2,2013-02-14,-0.433883739117558,-0.9009688679024191,0.8660254037844386,0.5000000000000001,0.6994583270516471,0.7146733860429609,5362.0,7455.0,6646.0,5860.0,6074.0,3087.4535893947746,6508.966666666666,7108.0,2954.927322559591,2740.0,0,1,0,0,1,0,1,0,0,6074
287,2,2013-02-15,-0.9749279121818236,-0.2225209339563146,0.8660254037844386,0.5000000000000001,0.7116566222817746,0.702527474169157,6074.0,8497.0,7142.0,5563.142857142857,6074.0,2884.904991420657,6520.866666666667,7108.0,2953.783870567206,2740.0,0,1,0,0,1,0,1,0,0,6419
287,2,2013-02-16,-0.7818314824680299,0.6234898018587334,0.8660254037844386,0.5000000000000001,0.7236440382959124,0.6901733882429719,6419.0,9566.0,10893.0,5564.714285714285,6074.0,2887.450646867449,6657.6,7245.5,2998.307391478249,2740.0,0,1,0,0,1,0,1,0,0,9577
287,2,2013-02-17,-2.4492935982947064e-16,1.0,0.8660254037844386,0.5000000000000001,0.7354170229639855,0.6776147890466889,9577.0,0.0,0.0,5564.714285714285,6074.0,2887.450646867449,6441.633333333333,7245.5,3235.5677483284117,2740.0,0,1,0,0,1,0,1,0,0,0
287,2,2013-02-18,0.7818314824680298,0.6234898018587336,0.8660254037844386,0.5000000000000001,0.7469720876965552,0.6648553979642865,0.0,6723.0,9313.0,6006.714285714285,6074.0,3301.4387628368804,6464.3,7245.5,3257.409306435894,2740.0,1,1,0,0,1,0,1,0,0,9817
287,2,2013-02-19,0.9749279121818236,-0.22252093395631434,0.8660254037844386,0.5000000000000001,0.7583058084785625,0.6518989958787126,9817.0,4798.0,8846.0,6475.285714285715,6419.0,3333.899304332477,6733.566666666667,7374.0,3030.6051709681437,2740.0,1,1,0,0,1,0,1,0,0,8078
287,2,2013-02-20,0.43388373911755823,-0.900968867902419,0.8660254037844386,0.5000000000000001,0.7694148268839378,0.6387494220515272,8078.0,5362.0,8378.0,6792.285714285715,7581.0,3315.847891278374,6681.0,7374.0,3000.631151998664,2740.0,1,1,0,0,1,0,1,0,0,7581
287,2,2013-02-21,-0.433883739117558,-0.9009688679024191,0.8660254037844386,0.5000000000000001,0.7802958510707755,0.6254105729852463,7581.0,6074.0,7455.0,7077.714285714285,8072.0,3329.677948104777,6654.533333333334,7374.0,2984.150508515156,2740.0,1,1,0,0,1,0,1,0,0,8072
287,2,2013-02-22,-0.9749279121818236,-0.2225209339563146,0.8660254037844386,0.5000000000000001,0.7909456567567772,0.6118864012687243,8072.0,6419.0,8497.0,7267.428571428572,8072.0,3323.7185428945318,6666.133333333333,7402.0,2987.8183106526517,2740.0,1,1,0,0,1,0,1,0,0,7747
287,2,2013-02-23,-0.7818314824680299,0.6234898018587334,0.8660254037844386,0.5000000000000001,0.8013610881746766,0.5981809144059164,7747.0,9577.0,9566.0,7087.571428571428,8072.0,3210.030366270847,6698.433333333333,7456.0,3000.665141015529,2740.0,0,1,0,0,1,0,1,0,0,8318
287,2,2013-02-24,-2.4492935982947064e-16,1.0,0.8660254037844386,0.5000000000000001,0.8115390590073611,0.5842981736283683,8318.0,0.0,0.0,7087.571428571428,8072.0,3210.030366270847,6449.866666666667,7298.5,3235.3423922982706,2740.0,0,1,0,0,1,0,1,0,0,0
287,2,2013-02-25,0.7818314824680298,0.6234898018587336,0.8660254037844386,0.5000000000000001,0.8214765533024142,0.5702422926917871,0.0,9817.0,6723.0,6726.142857142857,7747.0,2986.1163980757924,6406.533333333334,7214.5,3214.369093813647,2740.0,0,1,0,0,1,0,1,0,0,7287
287,2,2013-02-26,0.9749279121818236,-0.22252093395631434,0.8660254037844386,0.5000000000000001,0.8311706263658079,0.5560174366570446,7287.0,8078.0,4798.0,6394.428571428572,7581.0,2939.522798978482,6598.4,7214.5,2982.177121870345,2740.0,0,1,0,0,1,0,1,0,0,5756
287,2,2013-02-27,0.43388373911755823,-0.900968867902419,0.8660254037844386,0.5000000000000001,0.8406184056344782,0.5416278206559814,5756.0,7581.0,5362.0,6161.0,7287.0,2894.1200159403675,6560.833333333333,7214.5,2983.077675747018,2740.0,0,1,0,0,1,0,1,0,0,5947
287,2,2013-02-28,-0.433883739117558,-0.9009688679024191,0.8660254037844386,0.5000000000000001,0.8498170915275278,0.5270777086423722,5947.0,8072.0,6074.0,6013.285714285715,7038.0,2805.353674333282,6606.566666666667,7214.5,2979.40074608085,2740.0,0,1,0,0,1,0,1,0,0,7038
287,2,2013-03-01,-0.9749279121818236,-0.2225209339563146,1.0,6.123233995736766e-17,0.8587639582758029,0.5123714121284237,7038.0,7747.0,6419.0,5828.714285714285,6455.0,2713.267876828342,6592.833333333333,7214.5,2979.108430425097,2740.0,0,1,0,0,1,0,1,0,0,6455
287,2,2013-03-02,-0.7818314824680299,0.6234898018587334,1.0,6.123233995736766e-17,0.8674563547295968,0.49751328890718066,6455.0,8318.0,9577.0,6041.428571428572,6455.0,2985.643920337391,6698.2,7371.0,3036.402708287646,2740.0,0,1,0,0,1,0,1,0,0,9807
287,2,2013-03-03,-2.4492935982947064e-16,1.0,1.0,6.123233995736766e-17,0.8758917051442429,0.48250774176121847,9807.0,0.0,0.0,6041.428571428572,6455.0,2985.643920337391,6460.133333333333,7371.0,3271.3023530480136,2740.0,0,1,0,0,1,0,1,0,0,0
287,2,2013-03-04,0.7818314824680298,0.6234898018587336,1.0,6.123233995736766e-17,0.8840675099433636,0.46735921715800227,0.0,7287.0,9817.0,6571.571428571428,6455.0,3524.5143805987823,6463.633333333333,7371.0,3276.26107842812,2740.0,1,1,0,0,1,0,1,0,0,10998
287,2,2013-03-05,0.9749279121818236,-0.22252093395631434,1.0,6.123233995736766e-17,0.8919813464595485,0.45207220393230435,10998.0,5756.0,8078.0,7051.285714285715,7038.0,3622.179717347263,6767.433333333333,7518.0,3072.4569937040483,2740.0,1,1,0,0,1,0,1,0,0,9114
287,2,2013-03-06,0.43388373911755823,-0.900968867902419,1.0,6.123233995736766e-17,0.8996308696522433,0.43665123195606403,9114.0,5947.0,7581.0,7416.571428571428,8504.0,3621.1879200589606,6740.466666666666,7518.0,3052.831955271439,2740.0,1,1,0,0,1,0,1,0,0,8504
287,2,2013-03-07,-0.433883739117558,-0.9009688679024191,1.0,6.123233995736766e-17,0.9070138128026359,0.4211008707960896,8504.0,7038.0,8072.0,7521.714285714285,8504.0,3619.048342418472,6704.733333333334,7518.0,3033.549871518269,2740.0,1,1,0,0,1,0,1,0,0,7774
287,2,2013-03-08,-0.9749279121818236,-0.2225209339563146,1.0,6.123233995736766e-17,0.9141279881853337,0.40542572835999735,7774.0,6455.0,7747.0,7796.714285714285,8504.0,3597.5562406669733,6704.8,7518.0,3033.587933738552,2740.0,1,1,0,0,1,0,1,0,0,8380
287,2,2013-03-09,-0.7818314824680299,0.6234898018587334,1.0,6.123233995736766e-17,0.9209712877166346,0.38963044953078796,8380.0,9807.0,8318.0,7690.571428571428,8504.0,3538.840811016267,6758.433333333333,7664.0,3061.4045985612474,2740.0,0,1,0,0,1,0,1,0,0,9064
287,2,2013-03-10,-2.4492935982947064e-16,1.0,1.0,6.123233995736766e-17,0.9275416835791966,0.37371971479046906,9064.0,0.0,0.0,7690.571428571428,8504.0,3538.8408110162663,6475.2,7434.0,3280.2487226975063,2740.0,0,1,0,0,1,0,1,0,0,0
287,2,2013-03-11,0.7818314824680298,0.6234898018587336,1.0,6.123233995736766e-17,0.9338372288229252,0.35769823883312546,0.0,10998.0,7287.0,7060.142857142857,8380.0,3231.1372831956755,6375.833333333333,7162.5,3228.1291590975866,2740.0,0,1,0,0,1,0,1,0,0,6585
287,2,2013-03-12,0.9749279121818236,-0.22252093395631434,1.0,6.123233995736766e-17,0.9398560579418954,0.3415707691678556,6585.0,9114.0,5756.0,6611.428571428572,7774.0,3114.3653102541266,6574.933333333333,7162.5,2997.271850721325,2740.0,0,1,0,0,1,0,1,0,0,5973
287,2,2013-03-13,0.43388373911755823,-0.900968867902419,1.0,6.123233995736766e-17,0.9455963874271426,0.3253420847119801,5973.0,8504.0,5947.0,6224.857142857143,6585.0,3006.365603657869,6544.1,7162.5,3000.4522572898677,2740.0,0,1,0,0,1,0,1,0,0,5798
287,2,2013-03-14,-0.433883739117558,-0.9009688679024191,1.0,6.123233995736766e-17,0.9510565162951535,0.30901699437494745,5798.0,7774.0,7038.0,5945.857142857143,5973.0,2928.2467694607208,6578.2,7162.5,2985.700534675007,2740.0,0,1,0,0,1,0,1,0,0,5821
287,2,2013-03-15,-0.9749279121818236,-0.2225209339563146,1.0,6.123233995736766e-17,0.9562348265919056,0.29260033563334836,5821.0,8380.0,6455.0,5685.857142857143,5973.0,2751.5660649026436,6618.133333333333,7162.5,2976.8716017546562,2740.0,0,1,0,0,1,0,1,0,0,6560
287,2,2013-03-16,-0.7818314824680299,0.6234898018587334,1.0,6.123233995736766e-17,0.9611297838723007,0.27609697309746883,6560.0,9064.0,9807.0,5699.571428571428,5973.0,2771.377446754765,6721.0,7434.0,3010.5488673593427,2740.0,0,1,0,0,1,0,1,0,0,9160
287,2,2013-03-17,-2.4492935982947064e-16,1.0,1.0,6.123233995736766e-17,0.9657399376548549,0.2595117970697999,9160.0,0.0,0.0,5699.571428571428,5973.0,2771.377446754765,6507.033333333334,7434.0,3251.238039878659,2740.0,0,1,0,0,1,0,1,0,0,0
287,2,2013-03-18,0.7818314824680298,0.6234898018587336,1.0,6.123233995736766e-17,0.970063921851507,0.2428497220959356,0.0,6585.0,10998.0,6202.142857142857,5973.0,3238.3470798424014,6524.566666666667,7434.0,3269.730418955618,2740.0,1,1,0,0,1,0,1,0,0,10103
287,2,2013-03-19,0.9749279121818236,-0.22252093395631434,1.0,6.123233995736766e-17,0.9741004551724205,0.22611568550828828,10103.0,5973.0,9114.0,6685.142857142857,6560.0,3444.0776427838855,6836.366666666667,7664.0,3065.7289112821545,2740.0,1,1,0,0,1,0,1,0,0,9354
287,2,2013-03-20,0.43388373911755823,-0.900968867902419,1.0,6.123233995736766e-17,0.9778483415056568,0.20931464596304847,9354.0,5798.0,8504.0,6928.714285714285,7503.0,3431.146636052623,6759.233333333334,7542.0,3016.8712804805755,2740.0,1,1,0,0,1,0,1,0,0,7503
287,2,2013-03-21,-0.433883739117558,-0.9009688679024191,1.0,6.123233995736766e-17,0.9813064702716093,0.19245158197082998,7503.0,5821.0,7774.0,7139.0,7503.0,3396.879352189789,6733.066666666667,7398.0,3008.4311289227257,2740.0,1,1,0,0,1,0,1,0,0,7293
287,2,2013-03-22,-0.9749279121818236,-0.2225209339563146,1.0,6.123233995736766e-17,0.9844738167520922,0.1755314904214282,7293.0,6560.0,8380.0,7421.142857142857,8535.0,3422.6957907752276,6764.866666666667,7398.0,3022.711237116193,2740.0,1,1,0,0,1,0,1,0,0,8535
287,2,2013-03-23,-0.7818314824680299,0.6234898018587334,1.0,6.123233995736766e-17,0.9873494423939864,0.15855938510313478,8535.0,9160.0,9064.0,7364.285714285715,8535.0,3392.16556761241,6787.866666666667,7398.0,3035.5979213706623,2740.0,0,1,0,0,1,0,1,0,0,8762
287,2,2013-03-24,-2.4492935982947064e-16,1.0,1.0,6.123233995736766e-17,0.989932495087353,0.141540295217043,8762.0,0.0,0.0,7364.285714285715,8535.0,3392.16556761241,6529.633333333333,7290.0,3271.5358144237816,2740.0,0,1,0,0,1,0,1,0,0,0
287,2,2013-03-25,0.7818314824680298,0.6234898018587336,1.0,6.123233995736766e-17,0.9922222094179323,0.12447926388678915,0.0,10103.0,6585.0,7234.0,8535.0,3285.2760411671125,6558.733333333334,7290.0,3291.811490950541,2740.0,1,1,0,0,1,0,1,0,0,9191
287,2,2013-03-26,0.9749279121818236,-0.22252093395631434,1.0,6.123233995736766e-17,0.994217906893952,0.10738134666416309,9191.0,9354.0,5973.0,7089.285714285715,8341.0,3197.464762082906,6836.766666666666,7398.0,3063.044909251569,2740.0,1,1,0,0,1,0,1,0,0,8341
287,2,2013-03-27,0.43388373911755823,-0.900968867902419,1.0,6.123233995736766e-17,0.995918996147179,0.09025161003104117,8341.0,7503.0,5798.0,7297.428571428572,8535.0,3275.3583446264734,6892.533333333334,7638.5,3086.663143415481,2740.0,1,1,0,0,1,0,1,0,0,8960
287,2,2013-03-28,-0.433883739117558,-0.9009688679024191,1.0,6.123233995736766e-17,0.9973249731081555,0.07309512989807777,8960.0,7293.0,5821.0,7775.571428571428,8762.0,3510.4665813888046,7055.333333333333,8057.5,3152.743056706206,2740.0,1,1,0,0,1,0,1,0,0,10640
287,2,2013-03-29,-0.9749279121818236,-0.2225209339563146,1.0,6.123233995736766e-17,0.9984354211555643,0.055916990100603484,10640.0,8535.0,6560.0,6556.285714285715,8762.0,4535.350582343322,6857.1,8057.5,3401.948258744159,2740.0,1,1,0,0,1,0,1,0,0,0
287,2,2013-03-30,-0.7818314824680299,0.6234898018587334,1.0,6.123233995736766e-17,0.9992500112396835,0.03872228089217446,0.0,8762.0,9160.0,6747.857142857143,8960.0,4670.359351933262,6959.266666666666,8360.5,3453.205946037265,2740.0,0,1,0,0,1,0,1,0,0,10103
287,2,2013-03-31,-2.4492935982947064e-16,1.0,1.0,6.123233995736766e-17,0.9997685019798909,0.021516097436222254,10103.0,0.0,0.0,6747.857142857143,8960.0,4670.359351933262,6744.1,8360.5,3679.4045371874868,2740.0,0,1,0,0,1,0,1,0,0,0
287,2,2013-04-01,0.7818314824680298,0.6234898018587336,0.8660254037844387,-0.49999999999999983,0.9999907397361901,0.004303538296244289,0.0,9191.0,10103.0,5434.857142857143,8341.0,5137.612689066504,6417.2,8057.5,3830.4502967486833,2740.0,0,1,0,0,1,0,1,0,0,0
287,2,2013-04-02,0.9749279121818236,-0.22252093395631434,0.8660254037844387,-0.49999999999999983,0.9999166586547379,-0.01291029607500882,0.0,8341.0,9354.0,5303.428571428572,7421.0,5062.090604257722,6664.566666666667,8057.5,3636.4514029128904,2740.0,0,1,0,0,1,0,1,0,0,7421
287,2,2013-04-03,0.43388373911755823,-0.900968867902419,0.8660254037844387,-0.49999999999999983,0.9995462806873573,-0.030120304846908114,7421.0,8960.0,7503.0,4997.0,6815.0,4864.935970801674,6525.133333333333,7638.5,3543.5727220958247,2740.0,0,1,0,0,1,0,1,0,0,6815
287,2,2013-04-04,-0.433883739117558,-0.9009688679024191,0.8660254037844387,-0.49999999999999983,0.9988797155850336,-0.04732138832243185,6815.0,10640.0,7293.0,4391.142857142857,6399.0,4273.139494898004,6434.633333333333,7462.0,3509.6826311312498,2740.0,0,1,0,0,1,0,1,0,0,6399
287,2,2013-04-05,-0.9749279121818236,-0.2225209339563146,0.8660254037844387,-0.49999999999999983,0.9979171608653922,-0.06450844944931623,6399.0,0.0,8535.0,5323.857142857143,6529.0,3846.1438016352377,6368.8,7357.0,3487.9838005792767,2740.0,0,1,0,0,1,0,1,0,0,6529
287,2,2013-04-06,-0.7818314824680299,0.6234898018587334,0.8660254037844387,-0.49999999999999983,0.9966589017541702,-0.08167639533042241,6529.0,10103.0,8762.0,5263.857142857143,6529.0,3761.507961291211,6432.433333333333,7357.0,3531.6439337385996,2740.0,0,1,0,0,1,0,1,0,0,9683
287,2,2013-04-07,-2.4492935982947064e-16,1.0,0.8660254037844387,-0.49999999999999983,0.9951053111006976,-0.09882013873287143,9683.0,0.0,0.0,5263.857142857143,6529.0,3761.507961291211,6153.1,7054.0,3699.6976889544885,2740.0,0,1,0,0,1,0,1,0,0,0
287,2,2013-04-08,0.7818314824680298,0.6234898018587336,0.8660254037844387,-0.49999999999999983,0.9932568492674143,-0.11593459959550041,0.0,0.0,9191.0,6686.857142857143,6815.0,3293.2787324372966,6183.0,7054.0,3727.5538341125143,2740.0,1,1,0,0,1,0,1,0,0,9961
287,2,2013-04-09,0.9749279121818236,-0.22252093395631434,0.8660254037844387,-0.49999999999999983,0.9911140639934547,-0.1330147065341959,9961.0,7421.0,8341.0,6820.285714285715,6815.0,3346.471311410757,6461.5,7357.0,3557.926059494153,2740.0,1,1,0,0,1,0,1,0,0,8355
287,2,2013-04-10,0.43388373911755823,-0.900968867902419,0.8660254037844387,-0.49999999999999983,0.9886775902323405,-0.1500553983446526,8355.0,6815.0,8960.0,6942.142857142857,7668.0,3361.7423274532016,6497.6,7462.0,3564.710130886014,2740.0,1,1,0,0,1,0,1,0,0,7668
287,2,2013-04-11,-0.433883739117558,-0.9009688679024191,0.8660254037844387,-0.49999999999999983,0.9859481499638304,-0.16705162550211924,7668.0,6399.0,10640.0,7114.285714285715,7668.0,3360.1460144010452,6551.966666666666,7553.5,3568.868433467715,2740.0,1,1,0,0,1,0,1,0,0,7604
287,2,2013-04-12,-0.9749279121818236,-0.2225209339563146,0.8660254037844387,-0.49999999999999983,0.9829265519799822,-0.18399835165768005,7604.0,6529.0,0.0,7313.285714285715,7922.0,3360.9553063717703,6622.766666666666,7636.0,3574.459116868022,2740.0,1,1,0,0,1,0,1,0,0,7922
287,2,2013-04-13,-0.7818314824680299,0.6234898018587334,0.8660254037844387,-0.49999999999999983,0.9796136916454901,-0.20089055513063506,7922.0,9683.0,10103.0,7169.428571428572,7922.0,3262.736676326732,6717.933333333333,7795.0,3590.3472979003345,2740.0,0,1,0,0,1,0,1,0,0,8676
287,2,2013-04-14,-2.4492935982947064e-16,1.0,0.8660254037844387,-0.49999999999999983,0.9760105506323683,-0.21772323039653177,8676.0,0.0,0.0,7169.428571428572,7922.0,3262.736676326732,6499.266666666666,7795.0,3794.2717708757204,2740.0,0,1,0,0,1,0,1,0,0,0
287,2,2013-04-15,0.7818314824680298,0.6234898018587336,0.8660254037844387,-0.49999999999999983,0.9721181966290613,-0.23449138957040985,0.0,9961.0,0.0,6711.714285714285,7668.0,3021.6831244791206,6419.166666666667,7636.0,3761.386823145599,2740.0,0,1,0,0,1,0,1,0,0,6757
287,2,2013-04-16,0.9749279121818236,-0.22252093395631434,0.8660254037844387,-0.49999999999999983,0.9679377830240642,-0.25119006388481935,6757.0,8355.0,7421.0,6350.142857142857,7604.0,2942.6723924901676,6613.3,7636.0,3563.7581108169784,2740.0,0,1,0,0,1,0,1,0,0,5824
287,2,2013-04-17,0.43388373911755823,-0.900968867902419,0.8660254037844387,-0.49999999999999983,0.9634705485641488,-0.2678143051621742,5824.0,7668.0,6815.0,6112.857142857143,6757.0,2885.0994453439225,6476.766666666666,7553.5,3503.402963261365,2740.0,0,1,0,0,1,0,1,0,0,6007
287,2,2013-04-18,-0.433883739117558,-0.9009688679024191,0.8660254037844387,-0.49999999999999983,0.9587178169872964,-0.2843591872810034,6007.0,7604.0,6399.0,5925.428571428572,6292.0,2813.819222879754,6374.7,7462.0,3461.035704565307,2740.0,0,1,0,0,1,0,1,0,0,6292
287,2,2013-04-19,-0.9749279121818236,-0.2225209339563146,0.8660254037844387,-0.49999999999999983,0.9536809966304457,-0.30081980763566735,6292.0,7922.0,6529.0,5796.428571428572,6292.0,2726.3707779844663,6358.566666666667,7357.0,3456.720238281822,2740.0,0,1,0,0,1,0,1,0,0,7019
287,2,2013-04-20,-0.7818314824680299,0.6234898018587334,0.8660254037844387,-0.49999999999999983,0.9483615800121715,-0.3171912885891061,7019.0,8676.0,9683.0,5923.142857142857,6292.0,2897.7381655681866,6434.233333333334,7512.5,3502.4227740959195,2740.0,0,1,0,0,1,0,1,0,0,9563
287,2,2013-04-21,-2.4492935982947064e-16,1.0,0.8660254037844387,-0.49999999999999983,0.9427611433904207,-0.3334687789181868,9563.0,0.0,0.0,5923.142857142857,6292.0,2897.7381655681866,6149.733333333334,7220.0,3668.598923890131,2740.0,0,1,0,0,1,0,1,0,0,0
287,2,2013-04-22,0.7818314824680298,0.6234898018587336,0.8660254037844387,-0.49999999999999983,0.9368813462954315,-0.3496474552512284,0.0,6757.0,9961.0,6428.142857142857,6292.0,3341.350496858589,6200.733333333334,7220.0,3716.4885627136837,2740.0,1,1,0,0,1,0,1,0,0,10292
287,2,2013-04-23,0.9749279121818236,-0.22252093395631434,0.8660254037844387,-0.49999999999999983,0.9307239310379795,-0.36572252349726897,10292.0,5824.0,8355.0,6754.857142857143,7019.0,3383.9711104249204,6471.1,7512.5,3540.715935299352,2740.0,1,1,0,0,1,0,1,0,0,8111
287,2,2013-04-24,0.43388373911755823,-0.900968867902419,0.8660254037844387,-0.49999999999999983,0.9242907221930934,-0.3816892202666588,8111.0,6007.0,7668.0,7002.285714285715,7739.0,3383.4958112523054,6422.7,7512.5,3512.0622112744636,2740.0,1,1,0,0,1,0,1,0,0,7739
287,2,2013-04-25,-0.433883739117558,-0.9009688679024191,0.8660254037844387,-0.49999999999999983,0.9175836260593937,-0.39754281428255595,7739.0,6292.0,7604.0,7116.142857142857,7739.0,3368.9892860506097,6380.966666666666,7255.0,3495.8826963210295,2740.0,1,1,0,0,1,0,1,0,0,7089
287,2,2013-04-26,-0.9749279121818236,-0.2225209339563146,0.8660254037844387,-0.49999999999999983,0.9106046300942163,-0.4132786077829042,7089.0,7019.0,7922.0,7320.285714285715,8111.0,3405.2219562649007,6363.9,7255.0,3484.087743362426,2740.0,1,1,0,0,1,0,1,0,0,8448
287,2,2013-04-27,-0.7818314824680299,0.6234898018587334,0.8660254037844387,-0.49999999999999983,0.9033558023246845,-0.4288919379124835,8448.0,9563.0,8676.0,7203.428571428572,8111.0,3328.6051561749214,6300.733333333334,7255.0,3420.4862523183538,2740.0,0,1,0,0,1,0,1,0,0,8745
287,2,2013-04-28,-2.4492935982947064e-16,1.0,0.8660254037844387,-0.49999999999999983,0.895839290734909,-0.4443781781046132,8745.0,0.0,0.0,7203.428571428572,8111.0,3328.6051561749214,6300.733333333334,7255.0,3420.4862523183538,2740.0,0,1,0,0,1,0,1,0,0,0
287,2,2013-04-29,0.7818314824680298,0.6234898018587336,0.8660254037844387,-0.49999999999999983,0.8880573226294932,-0.45973273945210397,0.0,10292.0,6757.0,7216.714285714285,8111.0,3343.14127302879,6310.133333333333,7255.0,3431.6649797632253,2740.0,1,1,0,0,1,0,1,0,0,10385
287,2,2013-04-30,0.9749279121818236,-0.22252093395631434,0.8660254037844387,-0.49999999999999983,0.8800122039735357,-0.47495107206704995,10385.0,8111.0,5824.0,7537.571428571428,8448.0,3544.962710529915,6655.366666666667,7512.5,3293.1338023575486,2740.0,1,1,0,0,1,0,1,0,0,10357
287,2,2013-05-01,0.43388373911755823,-0.900968867902419,0.49999999999999994,-0.8660254037844387,0.8717063187093218,-0.49002866642905923,10357.0,7739.0,6007.0,6432.0,8448.0,4539.0703159714685,6655.366666666667,7512.5,3293.1338023575486,2740.0,1,1,0,0,1,0,1,0,0,0
287,2,2013-05-02,-0.433883739117558,-0.9009688679024191,0.49999999999999994,-0.8660254037844387,0.8631421280499114,-0.5049610547215204,0.0,7089.0,6292.0,6839.0,8745.0,4731.451503855167,6739.266666666666,7636.0,3344.967851330829,2740.0,1,1,0,0,1,0,1,0,0,9938
287,2,2013-05-03,-0.9749279121818236,-0.2225209339563146,0.49999999999999994,-0.8660254037844387,0.854322169749827,-0.5197438121555155,9938.0,8448.0,7019.0,6890.142857142857,8806.0,4753.624912582376,6805.633333333333,7703.5,3366.2063112478795,2740.0,1,1,0,0,1,0,1,0,0,8806
287,2,2013-05-04,-0.7818314824680299,0.6234898018587334,0.49999999999999994,-0.8660254037844387,0.8452490573530633,-0.5343725582809787,8806.0,8745.0,9563.0,6875.571428571428,8806.0,4747.143451843534,6880.433333333333,7830.5,3381.754887050797,2740.0,0,1,0,0,1,0,1,0,0,8643
287,2,2013-05-05,-2.4492935982947064e-16,1.0,0.49999999999999994,-0.8660254037844387,0.835925479418637,-0.548842958284719,8643.0,0.0,0.0,6875.571428571428,8806.0,4747.143451843534,6662.8,7830.5,3607.691241854231,2740.0,0,1,0,0,1,0,1,0,0,0
287,2,2013-05-06,0.7818314824680298,0.6234898018587336,0.49999999999999994,-0.8660254037844387,0.8263541987239096,-0.5631507242749186,0.0,10385.0,10292.0,6541.571428571428,8643.0,4536.656068704601,6608.266666666666,7830.5,3572.6587793998733,2740.0,0,1,0,0,1,0,1,0,0,8047
287,2,2013-05-07,0.9749279121818236,-0.22252093395631434,0.49999999999999994,-0.8660254037844387,0.8165380514459161,-0.5772916165517272,8047.0,10357.0,8111.0,6024.714285714285,8047.0,4224.905983738405,6832.9,7830.5,3347.6030060637263,2740.0,0,1,0,0,1,0,1,0,0,6739
287,2,2013-05-08,0.43388373911755823,-0.900968867902419,0.49999999999999994,-0.8660254037844387,0.8064799463209448,-0.5912614448635781,6739.0,0.0,7739.0,7053.285714285715,8047.0,3285.761794687582,6740.866666666667,7703.5,3296.1972837397543,2740.0,0,1,0,0,1,0,1,0,0,7200
287,2,2013-05-09,-0.433883739117558,-0.9009688679024191,0.49999999999999994,-0.8660254037844387,0.7961828637826158,-0.6050560696488488,7200.0,9938.0,7089.0,5633.571428571428,7200.0,3917.8124362600997,6462.366666666667,7636.0,3501.6723539921104,2740.0,0,1,0,0,1,0,1,0,0,0
287,2,2013-05-10,-0.9749279121818236,-0.2225209339563146,0.49999999999999994,-0.8660254037844387,0.7856498550787145,-0.6186714032625031,0.0,8806.0,8448.0,5655.0,7200.0,3938.4121165769347,6505.3,7671.5,3524.783809951549,2740.0,0,1,0,0,1,0,1,0,0,8956
287,2,2013-05-11,-0.7818314824680299,0.6234898018587334,0.49999999999999994,-0.8660254037844387,0.7748840413670407,-0.6321034111873487,8956.0,8643.0,8745.0,5734.571428571428,7200.0,4013.749280375431,6558.5,7830.5,3553.8628109861456,2740.0,0,1,0,0,1,0,1,0,0,9200
287,2,2013-05-12,-2.4492935982947064e-16,1.0,0.49999999999999994,-0.8660254037844387,0.7638886127905428,-0.6453481132295501,9200.0,0.0,0.0,5734.571428571428,7200.0,4013.749280375431,6294.433333333333,7469.5,3738.574038350704,2740.0,0,1,0,0,1,0,1,0,0,0
287,2,2013-05-13,0.7818314824680298,0.6234898018587336,0.49999999999999994,-0.8660254037844387,0.7526668275320084,-0.6584015846980488,0.0,8047.0,10385.0,5930.714285714285,7200.0,4175.860259247418,6319.233333333334,7469.5,3757.3376275131895,2740.0,1,1,0,0,1,0,1,0,0,9420
287,2,2013-05-14,0.9749279121818236,-0.22252093395631434,0.49999999999999994,-0.8660254037844387,0.741222010848596,-0.6712599575675313,9420.0,6739.0,10357.0,6123.0,8085.0,4249.620728174849,6588.733333333334,7893.0,3573.930077981221,2740.0,1,1,0,0,1,0,1,0,0,8085
287,2,2013-05-15,0.43388373911755823,-0.900968867902419,0.49999999999999994,-0.8660254037844387,0.7295575540864875,-0.6839194216246106,8085.0,7200.0,0.0,6170.428571428572,8085.0,4265.467221659032,6614.566666666667,7893.0,3577.9869478312207,2740.0,1,1,0,0,1,0,1,0,0,7532
287,2,2013-05-16,-0.433883739117558,-0.9009688679024191,0.49999999999999994,-0.8660254037844387,0.717676913675962,-0.6963762255968722,7532.0,0.0,9938.0,7302.142857142857,8085.0,3296.3018889138666,6684.5,7984.5,3582.502465287792,2740.0,1,1,0,0,1,0,1,0,0,7922
287,2,2013-05-17,-0.9749279121818236,-0.2225209339563146,0.49999999999999994,-0.8660254037844387,0.705583610107178,-0.7086266782644596,7922.0,8956.0,8806.0,7226.0,8085.0,3257.6609706966105,6765.033333333334,8066.0,3593.8846572873003,2740.0,1,1,0,0,1,0,1,0,0,8423
287,2,2013-05-18,-0.7818314824680299,0.6234898018587334,0.49999999999999994,-0.8660254037844387,0.6932812268869777,-0.7206671495538609,8423.0,9200.0,8643.0,7384.285714285715,8085.0,3393.6410492903565,6898.9,8098.0,3650.013909751484,2740.0,0,1,0,0,1,0,1,0,0,10308
287,2,2013-05-19,-2.4492935982947064e-16,1.0,0.49999999999999994,-0.8660254037844387,0.6807734094770161,-0.7324940716135789,10308.0,0.0,0.0,7384.285714285715,8085.0,3393.6410492903565,6664.933333333333,8098.0,3860.9165870236084,2740.0,0,1,0,0,1,0,1,0,0,0
287,2,2013-05-20,0.7818314824680298,0.6234898018587336,0.49999999999999994,-0.8660254037844387,0.6680638642135335,-0.7441039398713607,0.0,9420.0,8047.0,6038.571428571428,7922.0,4219.156940161659,6346.166666666667,8066.0,4005.4609712184224,2740.0,0,1,0,0,1,0,1,0,0,0
287,2,2013-05-21,0.9749279121818236,-0.22252093395631434,0.49999999999999994,-0.8660254037844387,0.6551563572090853,-0.7554933140726803,0.0,8085.0,6739.0,6095.571428571428,7922.0,4253.963244518492,6628.966666666666,8098.0,3837.9459078983937,2740.0,0,1,0,0,1,0,1,0,0,8484
287,2,2013-05-22,0.43388373911755823,-0.900968867902419,0.49999999999999994,-0.8660254037844387,0.6420547132365637,-0.766658819300159,8484.0,7532.0,7200.0,6034.285714285715,7922.0,4232.857849187541,6522.666666666667,8066.0,3776.6658286919164,2740.0,0,1,0,0,1,0,1,0,0,7103
287,2,2013-05-23,-0.433883739117558,-0.9009688679024191,0.49999999999999994,-0.8660254037844387,0.6287628145958344,-0.777597146973627,7103.0,7922.0,0.0,5851.285714285715,7103.0,4164.787458133797,6473.666666666667,7984.5,3764.8652889151513,2740.0,0,1,0,0,1,0,1,0,0,6641
287,2,2013-05-24,-0.9749279121818236,-0.2225209339563146,0.49999999999999994,-0.8660254037844387,0.6152845999633276,-0.7883050558305255,6641.0,8423.0,8956.0,5689.0,7103.0,4068.9050943302523,6458.6,7984.5,3760.5288567911066,2740.0,0,1,0,0,1,0,1,0,0,7287
287,2,2013-05-25,-0.7818314824680299,0.6234898018587334,0.49999999999999994,-0.8660254037844387,0.6016240632249226,-0.7987793728863649,7287.0,10308.0,9200.0,5393.428571428572,7103.0,3739.245327475537,6496.933333333333,8066.0,3773.0170762231214,2740.0,0,1,0,0,1,0,1,0,0,8239
287,2,2013-05-26,-2.4492935982947064e-16,1.0,0.49999999999999994,-0.8660254037844387,0.5877852522924732,-0.8090169943749473,8239.0,0.0,0.0,5393.428571428572,7103.0,3739.245327475537,6215.333333333333,7984.5,3934.1940534974533,2740.0,0,1,0,0,1,0,1,0,0,0
287,2,2013-05-27,0.7818314824680298,0.6234898018587336,0.49999999999999994,-0.8660254037844387,0.5737722679043246,-0.8190148866680801,0.0,0.0,9420.0,6804.142857142857,7287.0,3187.3798240650794,6253.0,7984.5,3964.541048360824,2740.0,1,1,0,0,1,0,1,0,0,9875
287,2,2013-05-28,0.9749279121818236,-0.22252093395631434,0.49999999999999994,-0.8660254037844387,0.5595892624101765,-0.8287700871745037,9875.0,8484.0,8085.0,6771.857142857143,7287.0,3168.6175970272066,6528.266666666666,8066.0,3798.6242966535197,2740.0,1,1,0,0,1,0,1,0,0,8258
287,2,2013-05-29,0.43388373911755823,-0.900968867902419,0.49999999999999994,-0.8660254037844387,0.545240438540651,-0.8382797052177743,8258.0,7103.0,7532.0,7036.714285714285,8239.0,3276.55747771375,6480.666666666667,8066.0,3757.3524733774193,2740.0,1,1,0,0,1,0,1,0,0,8957
287,2,2013-05-30,-0.433883739117558,-0.9009688679024191,0.49999999999999994,-0.8660254037844387,0.5307300481619334,-0.8475409228928311,8957.0,6641.0,7922.0,6088.0,8239.0,4232.283071818331,6135.433333333333,7984.5,3863.2250658220023,2740.0,1,1,0,0,1,0,1,0,0,0
287,2,2013-05-31,-0.9749279121818236,-0.2225209339563146,0.49999999999999994,-0.8660254037844387,0.5160623910158528,-0.8565509959010036,0.0,7287.0,8423.0,6519.571428571428,8258.0,4519.224522604988,6479.033333333334,8066.0,3755.619563959509,2740.0,1,1,0,0,1,0,1,0,0,10308
287,2,2013-06-01,-0.7818314824680299,0.6234898018587334,1.2246467991473532e-16,-1.0,0.5012418134457758,-0.865307254363206,10308.0,8239.0,10308.0,6697.142857142857,8957.0,4621.312383171813,6463.833333333333,8066.0,3742.035672099396,2740.0,0,1,0,0,1,0,1,0,0,9482
287,2,2013-06-02,-2.4492935982947064e-16,1.0,1.2246467991473532e-16,-1.0,0.48627270710869,-0.8738071036110808,9482.0,0.0,0.0,6697.142857142857,8957.0,4621.312383171813,6170.3,7984.5,3894.2603224002246,2740.0,0,1,0,0,1,0,1,0,0,0
287,2,2013-06-03,0.7818314824680298,0.6234898018587336,1.2246467991473532e-16,-1.0,0.4711595076738638,-0.8820480249558537,0.0,9875.0,0.0,6682.0,8957.0,4609.321967491531,6207.833333333333,7984.5,3924.2252658049106,2740.0,1,1,0,0,1,0,1,0,0,9769
287,2,2013-06-04,0.9749279121818236,-0.22252093395631434,1.2246467991473532e-16,-1.0,0.4559066935084588,-0.8900275764346767,9769.0,8258.0,8484.0,6859.571428571428,9482.0,4703.143589031448,6524.533333333334,8066.0,3786.9356161571523,2740.0,1,1,0,0,1,0,1,0,0,9501
287,2,2013-06-05,0.43388373911755823,-0.900968867902419,1.2246467991473532e-16,-1.0,0.440518784350495,-0.8977433935342337,9501.0,8957.0,7103.0,6592.428571428572,9482.0,4616.461807385351,6492.533333333334,8003.5,3777.6717125520713,2740.0,1,1,0,0,1,0,1,0,0,7087
287,2,2013-06-06,-0.433883739117558,-0.9009688679024191,1.2246467991473532e-16,-1.0,0.42500033996955416,-0.9051931898913974,7087.0,0.0,6641.0,7593.428571428572,9482.0,3595.5543317242373,6501.466666666666,8003.5,3778.591415469193,2740.0,1,1,0,0,1,0,1,0,0,7007
287,2,2013-06-07,-0.9749279121818236,-0.2225209339563146,1.2246467991473532e-16,-1.0,0.4093559588156213,-0.9123747579707273,7007.0,10308.0,7287.0,7224.0,7722.0,3397.5568673190223,6518.866666666667,8003.5,3783.1181695867604,2740.0,1,1,0,0,1,0,1,0,0,7722
287,2,2013-06-08,-0.7818314824680299,0.6234898018587334,1.2246467991473532e-16,-1.0,0.39359027665646673,-0.9192859697186104,7722.0,9482.0,8239.0,7005.428571428572,7722.0,3275.091899837459,6783.933333333333,8018.5,3583.9582618926397,2740.0,0,1,0,0,1,0,1,0,0,7952
287,2,2013-06-09,-2.4492935982947064e-16,1.0,1.2246467991473532e-16,-1.0,0.3777079652039649,-0.9259247771938498,7952.0,0.0,0.0,7005.428571428572,7722.0,3275.091899837459,6485.4,7937.0,3765.21355899338,2740.0,0,1,0,0,1,0,1,0,0,0
287,2,2013-06-10,0.7818314824680298,0.6234898018587336,1.2246467991473532e-16,-1.0,0.36171373072976765,-0.9322892131745133,0.0,9769.0,9875.0,6674.857142857143,7455.0,3059.335626601055,6427.233333333334,7822.0,3735.1902105776903,2740.0,0,1,0,0,1,0,1,0,0,7455
287,2,2013-06-11,0.9749279121818236,-0.22252093395631434,1.2246467991473532e-16,-1.0,0.3456123126707335,-0.9383773917408641,7455.0,9501.0,8258.0,6217.857142857143,7087.0,2794.2560982947048,6637.3,7822.0,3532.9983666314793,2740.0,0,1,0,0,1,0,1,0,0,6302
287,2,2013-06-12,0.43388373911755823,-0.900968867902419,1.2246467991473532e-16,-1.0,0.3294084822245304,-0.9441875088341993,6302.0,7087.0,8957.0,6087.857142857143,7007.0,2768.1270098854116,6529.2,7627.0,3494.3211801929197,2740.0,0,1,0,0,1,0,1,0,0,6177
287,2,2013-06-13,-0.433883739117558,-0.9009688679024191,1.2246467991473532e-16,-1.0,0.3131070409358269,-0.9497178427914316,6177.0,7007.0,0.0,5934.0,6302.0,2738.294907419581,6457.366666666667,7493.5,3483.368667642381,2740.0,0,1,0,0,1,0,1,0,0,5930
287,2,2013-06-14,-0.9749279121818236,-0.2225209339563146,1.2246467991473532e-16,-1.0,0.29671281927349075,-0.9549667548552551,5930.0,7722.0,10308.0,5942.571428571428,6302.0,2744.910433095094,6465.7,7588.5,3486.3259699812247,2740.0,0,1,0,0,1,0,1,0,0,7782
287,2,2013-06-15,-0.7818314824680299,0.6234898018587334,1.2246467991473532e-16,-1.0,0.28023067519921585,-0.9599326896597447,7782.0,7952.0,9482.0,6038.428571428572,6302.0,2836.9518182457077,6489.066666666667,7588.5,3498.750258980005,2740.0,0,1,0,0,1,0,1,0,0,8623
287,2,2013-06-16,-2.4492935982947064e-16,1.0,1.2246467991473532e-16,-1.0,0.26366549272800704,-0.9646141756912435,8623.0,0.0,0.0,6038.428571428572,6302.0,2836.9518182457077,6208.3,7371.0,3671.8845030104485,2740.0,0,1,0,0,1,0,1,0,0,0
287,2,2013-06-17,0.7818314824680298,0.6234898018587336,1.2246467991473532e-16,-1.0,0.24702218048093552,-0.9690098257244062,0.0,7455.0,9769.0,6348.571428571428,6302.0,3121.9771436886417,6185.566666666667,7371.0,3647.6585185315944,2740.0,1,1,0,0,1,0,1,0,0,9626
287,2,2013-06-18,0.9749279121818236,-0.22252093395631434,1.2246467991473532e-16,-1.0,0.23030567023061221,-0.9731183372332619,9626.0,6302.0,9501.0,6707.428571428572,7782.0,3257.1758655386748,6479.366666666667,7588.5,3483.5319025511976,2740.0,1,1,0,0,1,0,1,0,0,8814
287,2,2013-06-19,0.43388373911755823,-0.900968867902419,1.2246467991473532e-16,-1.0,0.21352091543979612,-0.9769384927771817,8814.0,6177.0,7087.0,6895.285714285715,7782.0,3259.4051969792326,6729.1,7607.0,3264.6860370776335,2740.0,1,1,0,0,1,0,1,0,0,7492
287,2,2013-06-20,-0.433883739117558,-0.9009688679024191,1.2246467991473532e-16,-1.0,0.19667288979357647,-0.980469160361632,7492.0,5930.0,7007.0,7136.0,7782.0,3238.38802492845,6700.133333333333,7553.5,3252.4104878703743,2740.0,1,1,0,0,1,0,1,0,0,7615
287,2,2013-06-21,-0.9749279121818236,-0.2225209339563146,1.2246467991473532e-16,-1.0,0.1797665857255624,-0.9837092937736097,7615.0,7782.0,7722.0,7308.857142857143,8623.0,3310.115930929075,6763.1,7668.5,3278.658539287278,2740.0,1,1,0,0,1,0,1,0,0,8992
287,2,2013-06-22,-0.7818314824680299,0.6234898018587334,1.2246467991473532e-16,-1.0,0.16280701293851715,-0.986657932891657,8992.0,8623.0,7952.0,7410.714285714285,8814.0,3367.761804437563,6852.933333333333,7752.0,3311.949409630834,2740.0,0,1,0,0,1,0,1,0,0,9336
287,2,2013-06-23,-2.4492935982947064e-16,1.0,1.2246467991473532e-16,-1.0,0.1457991969198751,-0.9893142039703663,9336.0,0.0,0.0,7410.714285714285,8814.0,3367.761804437563,6610.033333333334,7752.0,3538.4855857032817,2740.0,0,1,0,0,1,0,1,0,0,0
287,2,2013-06-24,0.7818314824680298,0.6234898018587336,1.2246467991473532e-16,-1.0,0.12874817745258132,-0.99167731989929,0.0,9626.0,7455.0,7084.571428571428,7615.0,3224.9916721930103,6580.166666666667,7668.5,3528.0280423794966,2740.0,0,1,0,0,1,0,1,0,0,7343
287,2,2013-06-25,0.9749279121818236,-0.22252093395631434,1.2246467991473532e-16,-1.0,0.11165900712169512,-0.993746580436178,7343.0,8814.0,6302.0,6727.857142857143,7492.0,3138.7618274605993,6790.733333333334,7668.5,3303.096707253857,2740.0,0,1,0,0,1,0,1,0,0,6317
287,2,2013-06-26,0.43388373911755823,-0.900968867902419,1.2246467991473532e-16,-1.0,0.09453674981719912,-0.9955213724144752,6317.0,7492.0,6177.0,6565.285714285715,7343.0,3122.013330864433,6673.366666666667,7553.5,3251.884201646724,2740.0,0,1,0,0,1,0,1,0,0,6354
287,2,2013-06-27,-0.433883739117558,-0.9009688679024191,1.2246467991473532e-16,-1.0,0.07738647923346301,-0.9970011699250151,6354.0,7615.0,5930.0,6394.142857142857,6417.0,3087.524975800273,6612.0,7473.5,3238.291695238137,2740.0,0,1,0,0,1,0,1,0,0,6417
287,2,2013-06-28,-0.9749279121818236,-0.2225209339563146,1.2246467991473532e-16,-1.0,0.06021327736579302,-0.9981855344718586,6417.0,8992.0,7782.0,6120.714285714285,6417.0,2898.054503414646,6549.366666666667,7399.0,3209.41450760247,2740.0,0,1,0,0,1,0,1,0,0,7078
287,2,2013-06-29,-0.7818314824680299,0.6234898018587334,1.2246467991473532e-16,-1.0,0.04302223300453059,-0.99907411510223,7078.0,9336.0,8623.0,6068.0,6417.0,2832.4355832628107,6848.266666666666,7473.5,2988.3706428170153,2740.0,0,1,0,0,1,0,1,0,0,8967
287,2,2013-06-30,-2.4492935982947064e-16,1.0,1.2246467991473532e-16,-1.0,0.02581844022713308,-0.9996666485105112,8967.0,0.0,0.0,6068.0,6417.0,2832.4355832628107,6504.666666666667,7399.0,3164.281182559297,2740.0,0,1,0,0,1,0,1,0,0,0
287,2,2013-07-01,0.7818314824680298,0.6234898018587336,-0.4999999999999998,-0.8660254037844388,0.008606996888688698,-0.9999629591162655,0.0,7343.0,9626.0,6370.285714285715,6417.0,3092.1882065556592,6503.9,7399.0,3163.5376351428995,2740.0,1,1,0,0,1,0,1,0,0,9459
287,2,2013-07-02,0.9749279121818236,-0.22252093395631434,-0.4999999999999998,-0.8660254037844388,-0.008606996888688009,-0.9999629591162655,9459.0,6317.0,8814.0,6642.571428571428,7078.0,3169.6609102101565,6778.0,7473.5,2928.055763083098,2740.0,1,1,0,0,1,0,1,0,0,8223
287,2,2013-07-03,0.43388373911755823,-0.900968867902419,-0.4999999999999998,-0.8660254037844388,-0.02581844022713239,-0.9996666485105112,8223.0,6354.0,7492.0,7059.285714285715,8223.0,3313.867564960196,6761.4,7473.5,2911.8811741576615,2740.0,1,1,0,0,1,0,1,0,0,9271
287,2,2013-07-04,-0.433883739117558,-0.9009688679024191,-0.4999999999999998,-0.8660254037844388,-0.04302223300453034,-0.99907411510223,9271.0,6417.0,7615.0,7238.0,8223.0,3307.182587440047,6700.3,7473.5,2871.3629246104706,2740.0,1,1,0,0,1,0,1,0,0,7668
287,2,2013-07-05,-0.9749279121818236,-0.2225209339563146,-0.4999999999999998,-0.8660254037844388,-0.060213277365792774,-0.9981855344718586,7668.0,7078.0,8992.0,7358.285714285715,8223.0,3315.694583556897,6728.066666666667,7553.5,2879.2481529796614,2740.0,1,1,0,0,1,0,1,0,0,7920
287,2,2013-07-06,-0.7818314824680299,0.6234898018587334,-0.4999999999999998,-0.8660254037844388,-0.07738647923346322,-0.9970011699250151,7920.0,8967.0,9336.0,7353.0,8223.0,3312.730796991103,6792.166666666667,7641.5,2906.944539799697,2740.0,0,1,0,0,1,0,1,0,0,8930
287,2,2013-07-07,-2.4492935982947064e-16,1.0,-0.4999999999999998,-0.8660254037844388,-0.09453674981719933,-0.9955213724144752,8930.0,0.0,0.0,7353.0,8223.0,3312.730796991103,6534.766666666666,7553.5,3153.218199339159,2740.0,0,1,0,0,1,0,1,0,0,0
287,2,2013-07-08,0.7818314824680298,0.6234898018587336,-0.4999999999999998,-0.8660254037844388,-0.11165900712169444,-0.9937465804361781,0.0,9459.0,7343.0,7111.285714285715,7920.0,3193.02081182724,6528.6,7553.5,3150.530733614304,2740.0,0,1,0,0,1,0,1,0,0,7767
287,2,2013-07-09,0.9749279121818236,-0.22252093395631434,-0.4999999999999998,-0.8660254037844388,-0.12874817745258066,-0.99167731989929,7767.0,8223.0,6317.0,6906.857142857143,7767.0,3155.571497556419,6755.0,7553.5,2899.218241835739,2740.0,0,1,0,0,1,0,1,0,0,6792
287,2,2013-07-10,0.43388373911755823,-0.900968867902419,-0.4999999999999998,-0.8660254037844388,-0.14579919691987442,-0.9893142039703664,6792.0,9271.0,6354.0,6577.428571428572,7668.0,2983.2961556608734,6738.666666666667,7553.5,2896.517663456008,2740.0,0,1,0,0,1,0,1,0,0,6965
287,2,2013-07-11,-0.433883739117558,-0.9009688679024191,-0.4999999999999998,-0.8660254037844388,-0.16280701293851646,-0.9866579328916572,6965.0,7668.0,6417.0,6382.571428571428,6965.0,2944.48545913333,6738.733333333334,7553.5,2896.507289505919,2740.0,0,1,0,0,1,0,1,0,0,6304
287,2,2013-07-12,-0.9749279121818236,-0.2225209339563146,-0.4999999999999998,-0.8660254037844388,-0.17976658572556214,-0.9837092937736098,6304.0,7920.0,7078.0,6328.714285714285,6965.0,2914.9777422984275,6784.266666666666,7579.0,2898.1086690238635,2740.0,0,1,0,0,1,0,1,0,0,7543
287,2,2013-07-13,-0.7818314824680299,0.6234898018587334,-0.4999999999999998,-0.8660254037844388,-0.19667288979357622,-0.9804691603616321,7543.0,8930.0,8967.0,6255.714285714285,6965.0,2844.5232590767428,6867.233333333334,7641.5,2908.418573529364,2740.0,0,1,0,0,1,0,1,0,0,8419
287,2,2013-07-14,-2.4492935982947064e-16,1.0,-0.4999999999999998,-0.8660254037844388,-0.2135209154397959,-0.9769384927771817,8419.0,0.0,0.0,6255.714285714285,6965.0,2844.5232590767428,6607.833333333333,7579.0,3160.1587922055487,2740.0,0,1,0,0,1,0,1,0,0,0
287,2,2013-07-15,0.7818314824680298,0.6234898018587336,-0.4999999999999998,-0.8660254037844388,-0.23030567023061196,-0.973118337233262,0.0,7767.0,9459.0,6669.571428571428,6965.0,3278.666642460155,6675.866666666667,7579.0,3226.315500032062,2740.0,1,1,0,0,1,0,1,0,0,10664
287,2,2013-07-16,0.9749279121818236,-0.22252093395631434,-0.4999999999999998,-0.8660254037844388,-0.24702218048093527,-0.9690098257244063,10664.0,6792.0,8223.0,7011.0,7543.0,3415.1433352057106,6981.933333333333,7641.5,2998.6631726468568,2740.0,1,1,0,0,1,0,1,0,0,9182
287,2,2013-07-17,0.43388373911755823,-0.900968867902419,-0.4999999999999998,-0.8660254037844388,-0.2636654927280072,-0.9646141756912435,9182.0,6965.0,9271.0,7139.571428571428,7865.0,3430.03181992737,6923.233333333334,7641.5,2962.1333840759903,2740.0,1,1,0,0,1,0,1,0,0,7865
287,2,2013-07-18,-0.433883739117558,-0.9009688679024191,-0.4999999999999998,-0.8660254037844388,-0.2802306751992161,-0.9599326896597445,7865.0,6304.0,7668.0,7374.571428571428,7949.0,3419.579158178327,6894.4,7641.5,2947.2667010124073,2740.0,1,1,0,0,1,0,1,0,0,7949
287,2,2013-07-19,-0.9749279121818236,-0.2225209339563146,-0.4999999999999998,-0.8660254037844388,-0.2967128192734901,-0.9549667548552553,7949.0,7543.0,7920.0,7552.428571428572,8419.0,3461.9144442125644,6937.6,7717.5,2965.7682449508134,2740.0,1,1,0,0,1,0,1,0,0,8788
287,2,2013-07-20,-0.7818314824680299,0.6234898018587334,-0.4999999999999998,-0.8660254037844388,-0.3131070409358267,-0.9497178427914317,8788.0,8419.0,8930.0,7707.142857142857,8788.0,3530.6146031803646,7000.5,7816.0,3000.4381375461458,2740.0,0,1,0,0,1,0,1,0,0,9502
287,2,2013-07-21,-2.4492935982947064e-16,1.0,-0.4999999999999998,-0.8660254037844388,-0.3294084822245302,-0.9441875088341994,9502.0,0.0,0.0,7707.142857142857,8788.0,3530.6146031803646,6700.766666666666,7717.5,3234.629261742302,2740.0,0,1,0,0,1,0,1,0,0,0
287,2,2013-07-22,0.7818314824680298,0.6234898018587336,-0.4999999999999998,-0.8660254037844388,-0.3456123126707333,-0.9383773917408642,0.0,10664.0,7767.0,7261.285714285715,7949.0,3283.3888851959878,6641.0,7605.5,3200.6449134618124,2740.0,0,1,0,0,1,0,1,0,0,7543
287,2,2013-07-23,0.9749279121818236,-0.22252093395631434,-0.4999999999999998,-0.8660254037844388,-0.3617137307297674,-0.9322892131745134,7543.0,9182.0,6792.0,6868.857142857143,7865.0,3178.035526787546,6855.5,7605.5,2945.7096533889708,2740.0,0,1,0,0,1,0,1,0,0,6435
287,2,2013-07-24,0.43388373911755823,-0.900968867902419,-0.4999999999999998,-0.8660254037844388,-0.37770796520396466,-0.9259247771938499,6435.0,7865.0,6965.0,6715.571428571428,7543.0,3147.7131835213763,6837.133333333333,7605.5,2944.282662279949,2740.0,0,1,0,0,1,0,1,0,0,6792
287,2,2013-07-25,-0.433883739117558,-0.9009688679024191,-0.4999999999999998,-0.8660254037844388,-0.39359027665646645,-0.9192859697186105,6792.0,7949.0,6304.0,6531.285714285715,6792.0,3100.879322293689,6848.533333333334,7605.5,2942.8610607686715,2740.0,0,1,0,0,1,0,1,0,0,6659
287,2,2013-07-26,-0.9749279121818236,-0.2225209339563146,-0.4999999999999998,-0.8660254037844388,-0.4093559588156211,-0.9123747579707274,6659.0,8788.0,7543.0,6326.285714285715,6792.0,2971.559507188423,6881.833333333333,7605.5,2942.7242958879447,2740.0,0,1,0,0,1,0,1,0,0,7353
287,2,2013-07-27,-0.7818314824680299,0.6234898018587334,-0.4999999999999998,-0.8660254037844388,-0.42500033996955394,-0.9051931898913975,7353.0,9502.0,8419.0,6285.142857142857,6792.0,2921.8395705771527,6975.066666666667,7717.5,2971.6552908801677,2740.0,0,1,0,0,1,0,1,0,0,9214
287,2,2013-07-28,-2.4492935982947064e-16,1.0,-0.4999999999999998,-0.8660254037844388,-0.4405187843504952,-0.8977433935342336,9214.0,0.0,0.0,6285.142857142857,6792.0,2921.8395705771527,6739.133333333333,7717.5,3232.711808494784,2740.0,0,1,0,0,1,0,1,0,0,0
287,2,2013-07-29,0.7818314824680298,0.6234898018587336,-0.4999999999999998,-0.8660254037844388,-0.455906693508459,-0.8900275764346766,0.0,7543.0,10664.0,6734.428571428572,6792.0,3356.9038739659513,6796.5,7717.5,3288.400583346215,2740.0,1,1,0,0,1,0,1,0,0,10688
287,2,2013-07-30,0.9749279121818236,-0.22252093395631434,-0.4999999999999998,-0.8660254037844388,-0.47115950767386394,-0.8820480249558535,10688.0,6435.0,9182.0,7240.285714285715,7353.0,3564.6343764957464,7129.033333333334,7816.0,3074.8884418601365,2740.0,1,1,0,0,1,0,1,0,0,9976
287,2,2013-07-31,0.43388373911755823,-0.900968867902419,-0.4999999999999998,-0.8660254037844388,-0.4862727071086902,-0.8738071036110807,9976.0,6792.0,7865.0,7609.714285714285,9214.0,3643.5612027376746,7126.333333333333,7816.0,3072.8068527037276,2740.0,1,1,0,0,1,0,1,0,0,9378
287,2,2013-08-01,-0.433883739117558,-0.9009688679024191,-0.8660254037844384,-0.5000000000000004,-0.5012418134457756,-0.8653072543632061,9378.0,6659.0,7949.0,7902.0,9214.0,3636.6423616664083,7142.4,7816.0,3079.9903895953958,2740.0,1,1,0,0,1,0,1,0,0,8705
287,2,2013-08-02,-0.9749279121818236,-0.2225209339563146,-0.8660254037844384,-0.5000000000000004,-0.5160623910158526,-0.8565509959010037,8705.0,7353.0,8788.0,8109.714285714285,9214.0,3641.5796350066544,7126.933333333333,7816.0,3070.0817795839466,2740.0,1,1,0,0,1,0,1,0,0,8807
287,2,2013-08-03,-0.7818314824680299,0.6234898018587334,-0.8660254037844384,-0.5000000000000004,-0.5307300481619331,-0.8475409228928312,8807.0,9214.0,9502.0,7972.285714285715,8807.0,3610.9833708786127,7146.4,7892.5,3075.4776203223214,2740.0,0,1,0,0,1,0,1,0,0,8252
287,2,2013-08-04,-2.4492935982947064e-16,1.0,-0.8660254037844384,-0.5000000000000004,-0.5452404385406507,-0.8382797052177745,8252.0,0.0,0.0,7972.285714285715,8807.0,3610.9833708786127,6882.4,7816.0,3335.7003669291157,2740.0,0,1,0,0,1,0,1,0,0,0
287,2,2013-08-05,0.7818314824680298,0.6234898018587336,-0.8660254037844384,-0.5000000000000004,-0.5595892624101763,-0.828770087174504,0.0,10688.0,7543.0,7666.857142857143,8705.0,3428.82022609193,6869.733333333334,7816.0,3328.370326433803,2740.0,0,1,0,0,1,0,1,0,0,8550
287,2,2013-08-06,0.9749279121818236,-0.22252093395631434,-0.8660254037844384,-0.5000000000000004,-0.5737722679043243,-0.8190148866680802,8550.0,9976.0,6435.0,7060.857142857143,8550.0,3326.0084399858533,7060.866666666667,7816.0,3075.2858990538653,2740.0,0,1,0,0,1,0,1,0,0,5734
287,2,2013-08-07,0.43388373911755823,-0.900968867902419,-0.8660254037844384,-0.5000000000000004,-0.5877852522924734,-0.8090169943749472,5734.0,9378.0,6792.0,6697.142857142857,8252.0,3165.7332183119606,7029.7,7704.0,3072.6195288329336,2740.0,0,1,0,0,1,0,1,0,0,6832
287,2,2013-08-08,-0.433883739117558,-0.9009688679024191,-0.8660254037844384,-0.5000000000000004,-0.6016240632249227,-0.7987793728863648,6832.0,8705.0,6659.0,6398.285714285715,6832.0,3040.8765575233797,7023.733333333334,7704.0,3073.2707605767655,2740.0,0,1,0,0,1,0,1,0,0,6613
287,2,2013-08-09,-0.9749279121818236,-0.2225209339563146,-0.8660254037844384,-0.5000000000000004,-0.6152845999633277,-0.7883050558305253,6613.0,8807.0,7353.0,6124.857142857143,6832.0,2869.4098364513598,7021.333333333333,7704.0,3073.3463210636382,2740.0,0,1,0,0,1,0,1,0,0,6893
287,2,2013-08-10,-0.7818314824680299,0.6234898018587334,-0.8660254037844384,-0.5000000000000004,-0.6287628145958345,-0.7775971469736268,6893.0,8252.0,9214.0,6313.571428571428,6832.0,3069.1132735228734,7130.3,7907.0,3104.826577976674,2740.0,0,1,0,0,1,0,1,0,0,9573
287,2,2013-08-11,-2.4492935982947064e-16,1.0,-0.8660254037844384,-0.5000000000000004,-0.6420547132365636,-0.7666588193001592,9573.0,0.0,0.0,6313.571428571428,6832.0,3069.1132735228734,6878.866666666667,7907.0,3364.7912753151245,2740.0,0,1,0,0,1,0,1,0,0,0
287,2,2013-08-12,0.7818314824680298,0.6234898018587336,-0.8660254037844384,-0.5000000000000004,-0.655156357209085,-0.7554933140726804,0.0,8550.0,10688.0,6514.428571428572,6832.0,3278.719407387731,6930.1,7907.0,3400.561731994208,2740.0,1,1,0,0,1,0,1,0,0,9956
287,2,2013-08-13,0.9749279121818236,-0.22252093395631434,-0.8660254037844384,-0.5000000000000004,-0.6680638642135333,-0.7441039398713608,9956.0,5734.0,9976.0,6909.0,6893.0,3334.8602169606233,7213.3,8100.5,3147.908294571886,2740.0,1,1,0,0,1,0,1,0,0,8496
287,2,2013-08-14,0.43388373911755823,-0.900968867902419,-0.8660254037844384,-0.5000000000000004,-0.6807734094770159,-0.7324940716135792,8496.0,6832.0,9378.0,7188.428571428572,8496.0,3408.467537234429,7150.766666666666,8100.5,3095.188197535155,2740.0,1,1,0,0,1,0,1,0,0,8788
287,2,2013-08-15,-0.433883739117558,-0.9009688679024191,-0.8660254037844384,-0.5000000000000004,-0.6932812268869771,-0.7206671495538615,8788.0,6613.0,8705.0,6243.714285714285,8496.0,4374.183684387513,6844.7,7907.0,3332.3014740255876,2740.0,1,1,0,0,1,0,1,0,0,0
287,2,2013-08-16,-0.9749279121818236,-0.2225209339563146,-0.8660254037844384,-0.5000000000000004,-0.7055836101071774,-0.7086266782644601,0.0,6893.0,8807.0,6517.714285714285,8788.0,4480.415706690832,6876.233333333334,8100.5,3346.734143375715,2740.0,1,1,0,0,1,0,1,0,0,8811
287,2,2013-08-17,-0.7818314824680299,0.6234898018587334,-0.8660254037844384,-0.5000000000000004,-0.7176769136759615,-0.6963762255968726,8811.0,9573.0,8252.0,6253.714285714285,8496.0,4322.029720485725,6868.766666666666,7988.5,3344.507372449314,2740.0,0,1,0,0,1,0,1,0,0,7725
287,2,2013-08-18,-2.4492935982947064e-16,1.0,-0.8660254037844384,-0.5000000000000004,-0.7295575540864876,-0.6839194216246105,7725.0,0.0,0.0,6253.714285714285,8496.0,4322.029720485725,6575.833333333333,7634.0,3549.2027184681365,2740.0,0,1,0,0,1,0,1,0,0,0
287,2,2013-08-19,0.7818314824680298,0.6234898018587336,-0.8660254037844384,-0.5000000000000004,-0.7412220108485957,-0.6712599575675315,0.0,9956.0,8550.0,5897.571428571428,7725.0,4060.936544572894,6507.866666666667,7503.0,3510.5475919580267,2740.0,0,1,0,0,1,0,1,0,0,7463
287,2,2013-08-20,0.9749279121818236,-0.22252093395631434,-0.8660254037844384,-0.5000000000000004,-0.7526668275320083,-0.6584015846980489,7463.0,8496.0,5734.0,5563.142857142857,7463.0,3904.6718781724157,6713.033333333334,7503.0,3290.0255368816415,2740.0,0,1,0,0,1,0,1,0,0,6155
287,2,2013-08-21,0.43388373911755823,-0.900968867902419,-0.8660254037844384,-0.5000000000000004,-0.7638886127905429,-0.64534811322955,6155.0,8788.0,6832.0,5177.285714285715,6155.0,3658.581178284182,6664.5,7408.0,3288.0986094576365,2740.0,0,1,0,0,1,0,1,0,0,6087
287,2,2013-08-22,-0.433883739117558,-0.9009688679024191,-0.8660254037844384,-0.5000000000000004,-0.7748840413670406,-0.6321034111873488,6087.0,0.0,6613.0,6050.428571428572,6155.0,2859.0223187389834,6653.733333333334,7408.0,3289.404567576844,2740.0,0,1,0,0,1,0,1,0,0,6112
287,2,2013-08-23,-0.9749279121818236,-0.2225209339563146,-0.8660254037844384,-0.5000000000000004,-0.7856498550787144,-0.6186714032625032,6112.0,8811.0,6893.0,5748.571428571428,6155.0,2620.5858668844085,6650.6,7408.0,3289.31308833675,2740.0,0,1,0,0,1,0,1,0,0,6698
287,2,2013-08-24,-0.7818314824680299,0.6234898018587334,-0.8660254037844384,-0.5000000000000004,-0.7961828637826154,-0.6050560696488494,6698.0,7725.0,9573.0,5689.857142857143,6155.0,2573.097577406882,6672.433333333333,7408.0,3291.543843656445,2740.0,0,1,0,0,1,0,1,0,0,7314
287,2,2013-08-25,-2.4492935982947064e-16,1.0,-0.8660254037844384,-0.5000000000000004,-0.8064799463209447,-0.5912614448635782,7314.0,0.0,0.0,5689.857142857143,6155.0,2573.097577406882,6427.333333333333,7388.5,3505.9040875734704,2740.0,0,1,0,0,1,0,1,0,0,0
287,2,2013-08-26,0.7818314824680298,0.6234898018587336,-0.8660254037844384,-0.5000000000000004,-0.8165380514459157,-0.5772916165517278,0.0,7463.0,9956.0,6006.142857142857,6155.0,2937.6295108228264,6442.766666666666,7388.5,3519.5866595415705,2740.0,1,1,0,0,1,0,1,0,0,9677
287,2,2013-08-27,0.9749279121818236,-0.22252093395631434,-0.8660254037844384,-0.5000000000000004,-0.8263541987239095,-0.5631507242749187,9677.0,6155.0,8496.0,6161.428571428572,6698.0,2975.2980723026108,6684.166666666667,7388.5,3304.2215952588153,2740.0,1,1,0,0,1,0,1,0,0,7242
287,2,2013-08-28,0.43388373911755823,-0.900968867902419,-0.8660254037844384,-0.5000000000000004,-0.8359254794186365,-0.5488429582847199,7242.0,6087.0,8788.0,6274.857142857143,6881.0,2987.0992857381143,6557.266666666666,7278.0,3217.106666827683,2740.0,1,1,0,0,1,0,1,0,0,6881
287,2,2013-08-29,-0.433883739117558,-0.9009688679024191,-0.8660254037844384,-0.5000000000000004,-0.8452490573530634,-0.5343725582809785,6881.0,6112.0,0.0,6442.285714285715,7242.0,3009.213447302896,6467.533333333334,7263.0,3155.4131128338295,2740.0,1,1,0,0,1,0,1,0,0,7284
287,2,2013-08-30,-0.9749279121818236,-0.2225209339563146,-0.8660254037844384,-0.5000000000000004,-0.8543221697498269,-0.5197438121555157,7284.0,6698.0,8811.0,6591.428571428572,7284.0,3049.599856655671,6413.0,7263.0,3117.285280054005,2740.0,1,1,0,0,1,0,1,0,0,7742
287,2,2013-08-31,-0.7818314824680299,0.6234898018587334,-0.8660254037844384,-0.5000000000000004,-0.8631421280499115,-0.5049610547215202,7742.0,7314.0,7725.0,6657.714285714285,7284.0,3072.8770836837216,6382.1,7263.0,3098.3192034080175,2740.0,0,1,0,0,1,0,1,0,0,7778
287,2,2013-09-01,-2.4492935982947064e-16,1.0,-1.0,-1.8369701987210297e-16,-0.8717063187093218,-0.4900286664290594,7778.0,0.0,0.0,6657.714285714285,7284.0,3072.8770836837216,6088.533333333334,7067.5,3272.9481251442185,2740.0,0,1,0,0,1,0,1,0,0,0
287,2,2013-09-02,0.7818314824680298,0.6234898018587336,-1.0,-1.8369701987210297e-16,-0.8800122039735356,-0.4749510720670502,0.0,9677.0,7463.0,6306.714285714285,7242.0,2798.604218432571,6054.133333333333,7056.5,3254.7981634899375,2740.0,0,1,0,0,1,0,1,0,0,7220
287,2,2013-09-03,0.9749279121818236,-0.22252093395631434,-1.0,-1.8369701987210297e-16,-0.888057322629493,-0.4597327394521046,7220.0,7242.0,6155.0,6095.142857142857,7220.0,2771.9674377940464,6246.166666666667,7056.5,3048.7120749739474,2740.0,0,1,0,0,1,0,1,0,0,5761
287,2,2013-09-04,0.43388373911755823,-0.900968867902419,-1.0,-1.8369701987210297e-16,-0.8958392907349089,-0.44437817810461344,5761.0,6881.0,6087.0,5925.0,7220.0,2752.173383588569,6150.833333333333,6887.0,3018.7559333370214,2740.0,0,1,0,0,1,0,1,0,0,5690
287,2,2013-09-05,-0.433883739117558,-0.9009688679024191,-1.0,-1.8369701987210297e-16,-0.9033558023246842,-0.4288919379124841,5690.0,7284.0,6112.0,5664.0,5761.0,2687.689404178496,6141.6,6887.0,3020.497967622854,2740.0,0,1,0,0,1,0,1,0,0,5457
287,2,2013-09-06,-0.9749279121818236,-0.2225209339563146,-1.0,-1.8369701987210297e-16,-0.9106046300942162,-0.41327860778290443,5457.0,7742.0,6698.0,5440.571428571428,5761.0,2547.505829705004,6119.8,6887.0,3017.7020647711624,2740.0,0,1,0,0,1,0,1,0,0,6178
287,2,2013-09-07,-0.7818314824680299,0.6234898018587334,-1.0,-1.8369701987210297e-16,-0.9175836260593934,-0.3975428142825566,6178.0,7778.0,7314.0,5472.857142857143,5761.0,2583.2477251560367,6166.166666666667,7056.5,3036.1711037529435,2740.0,0,1,0,0,1,0,1,0,0,8004
287,2,2013-09-08,-2.4492935982947064e-16,1.0,-1.0,-1.8369701987210297e-16,-0.9242907221930934,-0.3816892202666586,8004.0,0.0,0.0,5472.857142857143,5761.0,2583.2477251560367,5936.4,7050.5,3233.6658881000785,2740.0,0,1,0,0,1,0,1,0,0,0
287,2,2013-09-09,0.7818314824680298,0.6234898018587336,-1.0,-1.8369701987210297e-16,-0.9307239310379793,-0.3657225234972692,0.0,7220.0,9677.0,5975.0,5761.0,3238.0966631649553,5975.133333333333,7050.5,3285.2751496937667,2740.0,1,1,0,0,1,0,1,0,0,10735
287,2,2013-09-10,0.9749279121818236,-0.22252093395631434,-1.0,-1.8369701987210297e-16,-0.9368813462954315,-0.34964745525122826,10735.0,5761.0,7242.0,6314.428571428572,6178.0,3335.005889906987,6246.366666666667,7231.0,3105.958539183425,2740.0,1,1,0,0,1,0,1,0,0,8137
287,2,2013-09-11,0.43388373911755823,-0.900968867902419,-1.0,-1.8369701987210297e-16,-0.9427611433904206,-0.33346877891818705,8137.0,5690.0,6881.0,6626.0,7871.0,3368.655815009898,6176.866666666667,7231.0,3042.772790970641,2740.0,1,1,0,0,1,0,1,0,0,7871
287,2,2013-09-12,-0.433883739117558,-0.9009688679024191,-1.0,-1.8369701987210297e-16,-0.9483615800121716,-0.31719128858910595,7871.0,5457.0,7284.0,6871.142857142857,7871.0,3331.6421090593053,6132.766666666666,7196.5,3017.483990567859,2740.0,1,1,0,0,1,0,1,0,0,7173
287,2,2013-09-13,-0.9749279121818236,-0.2225209339563146,-1.0,-1.8369701987210297e-16,-0.9536809966304455,-0.300819807635668,7173.0,6178.0,7742.0,7210.857142857143,8004.0,3370.200064712845,6125.033333333334,7196.5,3010.734135278858,2740.0,1,1,0,0,1,0,1,0,0,8556
287,2,2013-09-14,-0.7818314824680299,0.6234898018587334,-1.0,-1.8369701987210297e-16,-0.9587178169872964,-0.2843591872810036,8556.0,8004.0,7778.0,7291.857142857143,8137.0,3399.1292232262163,6410.733333333334,7231.0,2809.399652807589,2740.0,0,1,0,0,1,0,1,0,0,8571
287,2,2013-09-15,-2.4492935982947064e-16,1.0,-1.0,-1.8369701987210297e-16,-0.9634705485641486,-0.26781430516217486,8571.0,0.0,0.0,7291.857142857143,8137.0,3399.1292232262163,6117.033333333334,7196.5,3003.6615411898506,2740.0,0,1,0,0,1,0,1,0,0,0
287,2,2013-09-16,0.7818314824680298,0.6234898018587336,-1.0,-1.8369701987210297e-16,-0.9679377830240642,-0.25119006388481957,0.0,10735.0,7220.0,6776.142857142857,7871.0,3045.087761656546,6097.033333333334,7149.0,2994.5694352108203,2740.0,0,1,0,0,1,0,1,0,0,7125
287,2,2013-09-17,0.9749279121818236,-0.22252093395631434,-1.0,-1.8369701987210297e-16,-0.9721181966290612,-0.23449138957041052,7125.0,8137.0,5761.0,6507.714285714285,7173.0,2987.4046547845796,6305.633333333333,7149.0,2764.32078685591,2740.0,0,1,0,0,1,0,1,0,0,6258
287,2,2013-09-18,0.43388373911755823,-0.900968867902419,-1.0,-1.8369701987210297e-16,-0.9760105506323682,-0.21772323039653224,6258.0,7871.0,5690.0,6218.0,7125.0,2930.96332286844,6251.633333333333,7003.0,2756.7451132703995,2740.0,0,1,0,0,1,0,1,0,0,5843
287,2,2013-09-19,-0.433883739117558,-0.9009688679024191,-1.0,-1.8369701987210297e-16,-0.9796136916454901,-0.20089055513063528,5843.0,7173.0,5457.0,6204.142857142857,7076.0,2925.920677243971,6282.333333333333,7100.5,2760.757221629893,2740.0,0,1,0,0,1,0,1,0,0,7076
287,2,2013-09-20,-0.9749279121818236,-0.2225209339563146,-1.0,-1.8369701987210297e-16,-0.9829265519799822,-0.18399835165767986,7076.0,8556.0,6178.0,6028.571428571428,7076.0,2795.2301549331555,6323.666666666667,7149.0,2767.0073007310352,2740.0,0,1,0,0,1,0,1,0,0,7327
287,2,2013-09-21,-0.7818314824680299,0.6234898018587334,-1.0,-1.8369701987210297e-16,-0.9859481499638303,-0.1670516255021195,7327.0,8571.0,8004.0,6075.857142857143,7076.0,2847.714488765301,6416.666666666667,7196.5,2806.255835823233,2740.0,0,1,0,0,1,0,1,0,0,8902
287,2,2013-09-22,-2.4492935982947064e-16,1.0,-1.0,-1.8369701987210297e-16,-0.9886775902323404,-0.15005539834465262,8902.0,0.0,0.0,6075.857142857143,7076.0,2847.714488765301,6193.4,7196.5,3039.8281779936406,2740.0,0,1,0,0,1,0,1,0,0,0
287,2,2013-09-23,0.7818314824680298,0.6234898018587336,-1.0,-1.8369701987210297e-16,-0.9911140639934546,-0.13301470653419636,0.0,7125.0,10735.0,6430.285714285715,7076.0,3139.4993610598553,6269.8,7196.5,3097.2239561392325,2740.0,1,1,0,0,1,0,1,0,0,9606
287,2,2013-09-24,0.9749279121818236,-0.22252093395631434,-1.0,-1.8369701987210297e-16,-0.9932568492674143,-0.11593459959550066,9606.0,6258.0,8137.0,6604.285714285715,7327.0,3162.031030539586,6519.0,7231.0,2867.611032633742,2740.0,1,1,0,0,1,0,1,0,0,7476
287,2,2013-09-25,0.43388373911755823,-0.900968867902419,-1.0,-1.8369701987210297e-16,-0.9951053111006974,-0.09882013873287211,7476.0,5843.0,7871.0,6798.285714285715,7327.0,3149.171886612188,6436.466666666666,7210.5,2808.6099486539883,2740.0,1,1,0,0,1,0,1,0,0,7201
287,2,2013-09-26,-0.433883739117558,-0.9009688679024191,-1.0,-1.8369701987210297e-16,-0.99665890175417,-0.08167639533042288,7201.0,7076.0,7173.0,6814.142857142857,7327.0,3151.0822177241166,6434.633333333333,7194.0,2808.0839029037443,2740.0,1,1,0,0,1,0,1,0,0,7187
287,2,2013-09-27,-0.9749279121818236,-0.2225209339563146,-1.0,-1.8369701987210297e-16,-0.9979171608653922,-0.06450844944931625,7187.0,7327.0,8556.0,7107.857142857143,7476.0,3299.192902745124,6518.033333333334,7210.5,2858.5001913028027,2740.0,1,1,0,0,1,0,1,0,0,9383
287,2,2013-09-28,-0.7818314824680299,0.6234898018587334,-1.0,-1.8369701987210297e-16,-0.9988797155850335,-0.04732138832243232,9383.0,8902.0,8571.0,7272.714285714285,7476.0,3430.024184282363,6610.433333333333,7210.5,2928.068960975797,2740.0,0,1,0,0,1,0,1,0,0,10056
287,2,2013-09-29,-2.4492935982947064e-16,1.0,-1.0,-1.8369701987210297e-16,-0.9995462806873573,-0.03012030484690836,10056.0,0.0,0.0,7272.714285714285,7476.0,3430.024184282363,6352.366666666667,7194.0,3157.112828621061,2740.0,0,1,0,0,1,0,1,0,0,0
287,2,2013-09-30,0.7818314824680298,0.6234898018587336,-1.0,-1.8369701987210297e-16,-0.9999166586547379,-0.012910296075008843,0.0,9606.0,7125.0,7060.857142857143,7476.0,3305.424200137878,6363.866666666667,7194.0,3163.107515406801,2740.0,0,1,0,0,1,0,1,0,0,8123
287,2,2013-10-01,0.9749279121818236,-0.22252093395631434,-0.8660254037844386,0.5000000000000001,-0.9999907397361901,0.004303538296243821,8123.0,7476.0,6258.0,6968.857142857143,7201.0,3300.9028779295827,6591.6,7194.0,2926.199731557215,2740.0,0,1,0,0,1,0,1,0,0,6832
287,2,2013-10-02,0.43388373911755823,-0.900968867902419,-0.8660254037844386,0.5000000000000001,-0.9997685019798909,0.021516097436222233,6832.0,7201.0,5843.0,7077.142857142857,7959.0,3322.1521853848194,6616.233333333334,7194.0,2934.770115926174,2740.0,0,1,0,0,1,0,1,0,0,7959
287,2,2013-10-03,-0.433883739117558,-0.9009688679024191,-0.8660254037844386,0.5000000000000001,-0.9992500112396835,0.03872228089217399,7959.0,7187.0,7076.0,6050.428571428572,7959.0,4260.5762073982,6424.2,7194.0,3171.588358731533,2740.0,0,1,0,0,1,0,1,0,0,0
287,2,2013-10-04,-0.9749279121818236,-0.2225209339563146,-0.8660254037844386,0.5000000000000001,-0.9984354211555643,0.05591699010060302,0.0,9383.0,7327.0,6049.0,7959.0,4259.274038299642,6546.966666666666,7264.0,3213.197091772416,2740.0,0,1,0,0,1,0,1,0,0,9373
287,2,2013-10-05,-0.7818314824680299,0.6234898018587334,-0.8660254037844386,0.5000000000000001,-0.9973249731081555,0.07309512989807776,9373.0,10056.0,8902.0,5884.714285714285,7959.0,4098.088241862935,6661.933333333333,7401.5,3234.4850992810684,2740.0,0,1,0,0,1,0,1,0,0,8906
287,2,2013-10-06,-2.4492935982947064e-16,1.0,-0.8660254037844386,0.5000000000000001,-0.9959189961471792,0.0902516100310407,8906.0,0.0,0.0,5884.714285714285,7959.0,4098.088241862935,6456.0,7401.5,3455.4795565184927,2740.0,0,1,0,0,1,0,1,0,0,0
287,2,2013-10-07,0.7818314824680298,0.6234898018587336,-0.8660254037844386,0.5000000000000001,-0.994217906893952,0.10738134666416306,0.0,8123.0,9606.0,6389.714285714285,7959.0,4606.185939013089,6577.8,7401.5,3574.282048959936,2740.0,1,1,0,0,1,0,1,0,0,11658
287,2,2013-10-08,0.9749279121818236,-0.22252093395631434,-0.8660254037844386,0.5000000000000001,-0.9922222094179324,0.12447926388678869,11658.0,6832.0,7476.0,6781.571428571428,8906.0,4764.053905976255,6896.966666666666,7673.5,3389.380001114366,2740.0,1,1,0,0,1,0,1,0,0,9575
287,2,2013-10-09,0.43388373911755823,-0.900968867902419,-0.8660254037844386,0.5000000000000001,-0.989932495087353,0.141540295217043,9575.0,7959.0,7201.0,6769.857142857143,8906.0,4760.775897147138,6801.7,7673.5,3317.1794224445644,2740.0,1,1,0,0,1,0,1,0,0,7877
287,2,2013-10-10,-0.433883739117558,-0.9009688679024191,-0.8660254037844386,0.5000000000000001,-0.9873494423939864,0.15855938510313475,7877.0,0.0,7187.0,7939.285714285715,8906.0,3710.1544313898676,6803.333333333333,7673.5,3317.871568811312,2740.0,1,1,0,0,1,0,1,0,0,8186
287,2,2013-10-11,-0.9749279121818236,-0.2225209339563146,-0.8660254037844386,0.5000000000000001,-0.9844738167520923,0.17553149042142777,8186.0,9373.0,9383.0,7825.857142857143,8579.0,3670.946990835441,6826.933333333333,7676.5,3328.229579421067,2740.0,1,1,0,0,1,0,1,0,0,8579
287,2,2013-10-12,-0.7818314824680299,0.6234898018587334,-0.8660254037844386,0.5000000000000001,-0.9813064702716093,0.19245158197082995,8579.0,8906.0,10056.0,7892.142857142857,8579.0,3697.7926491611784,6900.166666666667,7918.0,3360.1251216782584,2740.0,0,1,0,0,1,0,1,0,0,9370
287,2,2013-10-13,-2.4492935982947064e-16,1.0,-0.8660254037844386,0.5000000000000001,-0.9778483415056568,0.20931464596304888,9370.0,0.0,0.0,7892.142857142857,8579.0,3697.792649161178,6614.966666666666,7676.5,3571.212143133528,2740.0,0,1,0,0,1,0,1,0,0,0
287,2,2013-10-14,0.7818314824680298,0.6234898018587336,-0.8660254037844386,0.5000000000000001,-0.9741004551724206,0.22611568550828803,0.0,11658.0,8123.0,7279.571428571428,8186.0,3304.1960624405438,6574.933333333333,7423.0,3555.2247024706426,2740.0,0,1,0,0,1,0,1,0,0,7370
287,2,2013-10-15,0.9749279121818236,-0.22252093395631434,-0.8660254037844386,0.5000000000000001,-0.970063921851507,0.2428497220959358,7370.0,9575.0,6832.0,6780.571428571428,7877.0,3160.3915293911928,6777.666666666667,7423.0,3333.886975861073,2740.0,0,1,0,0,1,0,1,0,0,6082
287,2,2013-10-16,0.43388373911755823,-0.900968867902419,-0.8660254037844386,0.5000000000000001,-0.965739937654855,0.25951179706979943,6082.0,7877.0,7959.0,6428.714285714285,7370.0,3155.080174062443,6720.633333333333,7423.0,3342.3645922933197,2740.0,0,1,0,0,1,0,1,0,0,5414
287,2,2013-10-17,-0.433883739117558,-0.9009688679024191,-0.8660254037844386,0.5000000000000001,-0.9611297838723007,0.27609697309746883,5414.0,8186.0,0.0,6129.714285714285,6093.0,3058.4862658013085,6715.133333333333,7423.0,3343.2877555023515,2740.0,0,1,0,0,1,0,1,0,0,6093
287,2,2013-10-18,-0.9749279121818236,-0.2225209339563146,-0.8660254037844386,0.5000000000000001,-0.9562348265919058,0.2926003356333479,6093.0,8579.0,9373.0,5863.571428571428,6093.0,2886.0277116446664,6744.233333333334,7423.0,3339.2317791241508,2740.0,0,1,0,0,1,0,1,0,0,6716
287,2,2013-10-19,-0.7818314824680299,0.6234898018587334,-0.8660254037844386,0.5000000000000001,-0.9510565162951536,0.30901699437494723,6716.0,9370.0,8906.0,5758.428571428572,6093.0,2747.0524723263447,6796.166666666667,7676.5,3356.639504678424,2740.0,0,1,0,0,1,0,1,0,0,8634
287,2,2013-10-20,-2.4492935982947064e-16,1.0,-0.8660254037844386,0.5000000000000001,-0.9455963874271428,0.3253420847119795,8634.0,0.0,0.0,5758.428571428572,6093.0,2747.0524723263447,6551.933333333333,7676.5,3576.071982355571,2740.0,0,1,0,0,1,0,1,0,0,0
287,2,2013-10-21,0.7818314824680298,0.6234898018587336,-0.8660254037844386,0.5000000000000001,-0.9398560579418953,0.341570769167856,0.0,7370.0,11658.0,6056.857142857143,6093.0,3048.2626980282503,6570.5,7676.5,3590.112453814571,2740.0,1,1,0,0,1,0,1,0,0,9459
287,2,2013-10-22,0.9749279121818236,-0.22252093395631434,-0.8660254037844386,0.5000000000000001,-0.9338372288229252,0.35769823883312546,9459.0,6082.0,9575.0,6358.142857142857,6716.0,3153.568213340321,6843.533333333334,7918.0,3378.4124483645223,2740.0,1,1,0,0,1,0,1,0,0,8191
287,2,2013-10-23,0.43388373911755823,-0.900968867902419,-0.8660254037844386,0.5000000000000001,-0.9275416835791965,0.3737197147904692,8191.0,5414.0,7877.0,6751.428571428572,8167.0,3187.6793469619247,6795.566666666667,7918.0,3347.916322475645,2740.0,1,1,0,0,1,0,1,0,0,8167
287,2,2013-10-24,-0.433883739117558,-0.9009688679024191,-0.8660254037844386,0.5000000000000001,-0.9209712877166346,0.38963044953078774,8167.0,6093.0,8186.0,6960.142857142857,8167.0,3185.2121556013276,6798.166666666667,7918.0,3348.4932080516173,2740.0,1,1,0,0,1,0,1,0,0,7554
287,2,2013-10-25,-0.9749279121818236,-0.2225209339563146,-0.8660254037844386,0.5000000000000001,-0.9141279881853337,0.4054257283599973,7554.0,6716.0,8579.0,7082.285714285715,8167.0,3190.678282867435,6810.5,7918.0,3350.7087747375845,2740.0,1,1,0,0,1,0,1,0,0,7571
287,2,2013-10-26,-0.7818314824680299,0.6234898018587334,-0.8660254037844386,0.5000000000000001,-0.9070138128026362,0.42110087079608916,7571.0,8634.0,9370.0,7025.285714285715,8167.0,3161.7705332237324,6845.433333333333,8041.0,3360.218934609134,2740.0,0,1,0,0,1,0,1,0,0,8235
287,2,2013-10-27,-2.4492935982947064e-16,1.0,-0.8660254037844386,0.5000000000000001,-0.8996308696522434,0.4366512319560638,8235.0,0.0,0.0,7025.285714285715,8167.0,3161.7705332237324,6532.666666666667,7918.0,3547.3501069966565,2740.0,0,1,0,0,1,0,1,0,0,0
287,2,2013-10-28,0.7818314824680298,0.6234898018587336,-0.8660254037844386,0.5000000000000001,-0.8919813464595487,0.45207220393230374,0.0,9459.0,7370.0,6687.285714285715,7571.0,2979.4481991517414,6433.9,7724.0,3486.597692939894,2740.0,0,1,0,0,1,0,1,0,0,7093
287,2,2013-10-29,0.9749279121818236,-0.22252093395631434,-0.8660254037844386,0.5000000000000001,-0.8840675099433637,0.46735921715800205,7093.0,8191.0,6082.0,6426.285714285715,7554.0,2904.8574098272984,6646.033333333334,7724.0,3268.4191104583256,2740.0,0,1,0,0,1,0,1,0,0,6364
287,2,2013-10-30,0.43388373911755823,-0.900968867902419,-0.8660254037844386,0.5000000000000001,-0.8758917051442433,0.48250774176121763,6364.0,8167.0,5414.0,6265.0,7093.0,2822.2684729368543,6609.866666666667,7562.5,3257.496963063483,2740.0,0,1,0,0,1,0,1,0,0,7038
287,2,2013-10-31,-0.433883739117558,-0.9009688679024191,-0.8660254037844386,0.5000000000000001,-0.867456354729597,0.4975132889071803,7038.0,7554.0,6093.0,6298.0,7093.0,2841.13979475374,6641.633333333333,7678.0,3264.377370884106,2740.0,0,1,0,0,1,0,1,0,0,7785
287,2,2013-11-01,-0.9749279121818236,-0.2225209339563146,-0.5000000000000004,0.8660254037844384,-0.858763958275803,0.5123714121284235,7785.0,7571.0,6716.0,5216.428571428572,7038.0,3612.204998665075,6376.333333333333,7562.5,3470.5308381932823,2740.0,0,1,0,0,1,0,1,0,0,0
287,2,2013-11-02,-0.7818314824680299,0.6234898018587334,-0.5000000000000004,0.8660254037844384,-0.8498170915275277,0.5270777086423724,0.0,8235.0,8634.0,5634.142857142857,7038.0,4148.677195949388,6748.3,7678.0,3359.7949562846625,2740.0,0,1,0,0,1,0,1,0,0,11159
287,2,2013-11-03,-2.4492935982947064e-16,1.0,-0.5000000000000004,0.8660254037844384,-0.8406184056344783,0.5416278206559811,11159.0,0.0,0.0,5634.142857142857,7038.0,4148.677195949388,6435.866666666667,7562.5,3538.363675323746,2740.0,0,1,0,0,1,0,1,0,0,0
287,2,2013-11-04,0.7818314824680298,0.6234898018587336,-0.5000000000000004,0.8660254037844384,-0.8311706263658079,0.5560174366570446,0.0,7093.0,9459.0,6204.571428571428,7038.0,4629.360929874405,6508.533333333334,7562.5,3612.451051889678,2740.0,1,1,0,0,1,0,1,0,0,11086
287,2,2013-11-05,0.9749279121818236,-0.22252093395631434,-0.5000000000000004,0.8660254037844384,-0.8214765533024145,0.5702422926917867,11086.0,6364.0,8191.0,6617.857142857143,7785.0,4772.8775886450785,6817.1,7678.0,3427.982902926824,2740.0,1,1,0,0,1,0,1,0,0,9257
287,2,2013-11-06,0.43388373911755823,-0.900968867902419,-0.5000000000000004,0.8660254037844384,-0.8115390590073611,0.5842981736283683,9257.0,7038.0,8167.0,6730.428571428572,7826.0,4793.685876829464,6689.366666666667,7678.0,3310.7714954980347,2740.0,1,1,0,0,1,0,1,0,0,7826
287,2,2013-11-07,-0.433883739117558,-0.9009688679024191,-0.5000000000000004,0.8660254037844384,-0.8013610881746769,0.5981809144059159,7826.0,7785.0,7554.0,6737.285714285715,7833.0,4795.479806174619,6631.3,7678.0,3273.482245307712,2740.0,1,1,0,0,1,0,1,0,0,7833
287,2,2013-11-08,-0.9749279121818236,-0.2225209339563146,-0.5000000000000004,0.8660254037844384,-0.7909456567567774,0.6118864012687242,7833.0,0.0,7571.0,7903.714285714285,8165.0,3766.147886735447,6640.9,7678.0,3277.681038425668,2740.0,1,1,0,0,1,0,1,0,0,8165
287,2,2013-11-09,-0.7818314824680299,0.6234898018587334,-0.5000000000000004,0.8660254037844384,-0.780295851070776,0.6254105729852457,8165.0,11159.0,8235.0,7686.428571428572,8165.0,3586.632350694394,6689.3,7678.0,3311.8262193080946,2740.0,0,1,0,0,1,0,1,0,0,9638
287,2,2013-11-10,-2.4492935982947064e-16,1.0,-0.5000000000000004,0.8660254037844384,-0.7694148268839381,0.6387494220515268,9638.0,0.0,0.0,7686.428571428572,8165.0,3586.6323506943945,6403.333333333333,7562.5,3507.627426184191,2740.0,0,1,0,0,1,0,1,0,0,0
287,2,2013-11-11,0.7818314824680298,0.6234898018587336,-0.5000000000000004,0.8660254037844384,-0.7583058084785625,0.6518989958787125,0.0,11086.0,7093.0,7086.428571428572,7833.0,3259.529355451122,6320.533333333334,7462.0,3464.2321907263026,2740.0,0,1,0,0,1,0,1,0,0,6886
287,2,2013-11-12,0.9749279121818236,-0.22252093395631434,-0.5000000000000004,0.8660254037844384,-0.7469720876965551,0.6648553979642867,6886.0,9257.0,6364.0,6764.428571428572,7826.0,3117.610776280603,6553.966666666666,7462.0,3253.158258373389,2740.0,0,1,0,0,1,0,1,0,0,7003
287,2,2013-11-13,0.43388373911755823,-0.900968867902419,-0.5000000000000004,0.8660254037844384,-0.7354170229639858,0.6776147890466887,7003.0,7826.0,7038.0,6540.714285714285,7003.0,3084.7517303820796,6516.966666666666,7323.5,3249.8676735218455,2740.0,0,1,0,0,1,0,1,0,0,6260
287,2,2013-11-14,-0.433883739117558,-0.9009688679024191,-0.5000000000000004,0.8660254037844384,-0.7236440382959123,0.690173388242972,6260.0,7833.0,7785.0,6386.428571428572,6886.0,3035.9675479788893,6539.333333333333,7323.5,3249.0797883807595,2740.0,0,1,0,0,1,0,1,0,0,6753
287,2,2013-11-15,-0.9749279121818236,-0.2225209339563146,-0.5000000000000004,0.8660254037844384,-0.7116566222817751,0.7025274741691566,6753.0,8165.0,0.0,6321.142857142857,6886.0,2995.997131094055,6615.8,7562.5,3248.6764243834473,2740.0,0,1,0,0,1,0,1,0,0,7708
287,2,2013-11-16,-0.7818314824680299,0.6234898018587334,-0.5000000000000004,0.8660254037844384,-0.6994583270516471,0.7146733860429608,7708.0,9638.0,11159.0,6232.142857142857,6886.0,2888.3637483629277,6713.2,7639.5,3276.1483630250505,2740.0,0,1,0,0,1,0,1,0,0,9015
287,2,2013-11-17,-2.4492935982947064e-16,1.0,-0.5000000000000004,0.8660254037844384,-0.6870527672236675,0.726607524768565,9015.0,0.0,0.0,6232.142857142857,6886.0,2888.3637483629277,6489.333333333333,7639.5,3497.905051187986,2740.0,0,1,0,0,1,0,1,0,0,0
287,2,2013-11-18,0.7818314824680298,0.6234898018587336,-0.5000000000000004,0.8660254037844384,-0.6744436188329457,0.7383263540031063,0.0,6886.0,11086.0,6710.857142857143,7003.0,3267.594702966868,6542.766666666666,7639.5,3543.7395471677814,2740.0,1,1,0,0,1,0,1,0,0,10237
287,2,2013-11-19,0.9749279121818236,-0.22252093395631434,-0.5000000000000004,0.8660254037844384,-0.661634618242279,0.749826401204568,10237.0,7003.0,9257.0,6949.0,7708.0,3352.0879065641047,6831.766666666666,7746.5,3339.400655324486,2740.0,1,1,0,0,1,0,1,0,0,8670
287,2,2013-11-20,0.43388373911755823,-0.900968867902419,-0.5000000000000004,0.8660254037844384,-0.6486295610349818,0.7611042586607742,8670.0,6260.0,7826.0,7101.285714285715,7708.0,3339.7612546550727,6760.666666666667,7639.5,3304.0547746705083,2740.0,1,1,0,0,1,0,1,0,0,7326
287,2,2013-11-21,-0.433883739117558,-0.9009688679024191,-0.5000000000000004,0.8660254037844384,-0.6354323008901775,0.7721565844991641,7326.0,6753.0,7833.0,7240.857142857143,7730.0,3343.193305238341,6745.3,7639.5,3298.2400233646026,2740.0,1,1,0,0,1,0,1,0,0,7730
287,2,2013-11-22,-0.9749279121818236,-0.2225209339563146,-0.5000000000000004,0.8660254037844384,-0.622046748440868,0.7829801036770625,7730.0,7708.0,8165.0,7327.857142857143,8317.0,3365.227254761625,6750.3,7639.5,3300.5824475542863,2740.0,1,1,0,0,1,0,1,0,0,8317
287,2,2013-11-23,-0.7818314824680299,0.6234898018587334,-0.5000000000000004,0.8660254037844384,-0.6084768701151264,0.7935716089521472,8317.0,9015.0,9638.0,7514.857142857143,8317.0,3507.947283363467,6842.633333333333,7719.0,3362.0146103534234,2740.0,0,1,0,0,1,0,1,0,0,10324
287,2,2013-11-24,-2.4492935982947064e-16,1.0,-0.5000000000000004,0.8660254037844384,-0.594726686960764,0.8039279618328208,10324.0,0.0,0.0,7514.857142857143,8317.0,3507.947283363467,6590.266666666666,7719.0,3582.387808319389,2740.0,0,1,0,0,1,0,1,0,0,0
287,2,2013-11-25,0.7818314824680298,0.6234898018587336,-0.5000000000000004,0.8660254037844384,-0.5808002734538014,0.8140460935082175,0.0,10237.0,6886.0,7130.857142857143,7730.0,3301.3400525933603,6567.4,7628.5,3573.7062052411784,2740.0,0,1,0,0,1,0,1,0,0,7549
287,2,2013-11-26,0.9749279121818236,-0.22252093395631434,-0.5000000000000004,0.8660254037844384,-0.5667017562911184,0.8239230057575536,7549.0,8670.0,7003.0,6852.428571428572,7549.0,3231.3423865396267,6791.433333333333,7628.5,3351.5669385644314,2740.0,0,1,0,0,1,0,1,0,0,6721
287,2,2013-11-27,0.43388373911755823,-0.900968867902419,-0.5000000000000004,0.8660254037844384,-0.5524353131676203,0.8335557718385695,6721.0,7326.0,6260.0,6725.571428571428,7549.0,3227.080045342478,6769.6,7628.5,3351.668134341259,2740.0,0,1,0,0,1,0,1,0,0,6438
287,2,2013-11-28,-0.433883739117558,-0.9009688679024191,-0.5000000000000004,0.8660254037844384,-0.5380051715382992,0.8429415373547832,6438.0,7730.0,6753.0,6695.428571428572,7519.0,3217.104436038865,6808.1,7628.5,3353.481570670634,2740.0,0,1,0,0,1,0,1,0,0,7519
287,2,2013-11-29,-0.9749279121818236,-0.2225209339563146,-0.5000000000000004,0.8660254037844384,-0.5234156073655503,0.8520775211013093,7519.0,8317.0,7708.0,6690.571428571428,7519.0,3214.2725904493973,6849.6,7719.0,3364.1114479878274,2740.0,0,1,0,0,1,0,1,0,0,8283
287,2,2013-11-30,-0.7818314824680299,0.6234898018587334,-0.5000000000000004,0.8660254037844384,-0.5086709438521042,0.8609610158889945,8283.0,10324.0,9015.0,6677.285714285715,7519.0,3196.8965531322033,6931.133333333333,7719.0,3416.792160969755,2740.0,0,1,0,0,1,0,1,0,0,10231
287,2,2013-12-01,-2.4492935982947064e-16,1.0,-2.4492935982947064e-16,1.0,-0.4937755501599774,0.8695893893466109,10231.0,0.0,0.0,6677.285714285715,7519.0,3196.8965531322033,6931.133333333333,7719.0,3416.792160969755,2740.0,0,1,0,0,1,0,1,0,0,0
287,2,2013-12-02,0.7818314824680298,0.6234898018587336,-2.4492935982947064e-16,1.0,-0.4787338401157883,0.8779600847008883,0.0,7549.0,10237.0,7241.714285714285,7519.0,3687.5808562563825,6942.5,7719.0,3431.8759397037124,2740.0,1,1,0,0,1,0,1,0,0,11500
287,2,2013-12-03,0.9749279121818236,-0.22252093395631434,-2.4492935982947064e-16,1.0,-0.4635502709028512,0.8860706215341377,11500.0,6721.0,8670.0,7658.142857142857,8283.0,3782.3512717431627,7263.7,7778.0,3202.9994256461637,2740.0,1,1,0,0,1,0,1,0,0,9636
287,2,2013-12-04,0.43388373911755823,-0.900968867902419,-2.4492935982947064e-16,1.0,-0.4482293417404106,0.893918596519257,9636.0,6438.0,7326.0,7994.285714285715,8791.0,3760.3359652334984,7187.2,7778.0,3135.250387625117,2740.0,1,1,0,0,1,0,1,0,0,8791
287,2,2013-12-05,-0.433883739117558,-0.9009688679024191,-2.4492935982947064e-16,1.0,-0.4327755925504317,0.9015016841318838,8791.0,7519.0,7730.0,8138.571428571428,8791.0,3758.43614894736,7162.933333333333,7778.0,3121.4648631618493,2740.0,1,1,0,0,1,0,1,0,0,8529
287,2,2013-12-06,-0.9749279121818236,-0.2225209339563146,-2.4492935982947064e-16,1.0,-0.41719360261231697,0.9088176373395028,8529.0,8283.0,8317.0,8141.428571428572,8791.0,3758.571841233617,7178.833333333333,7781.5,3126.170148736401,2740.0,1,1,0,0,1,0,1,0,0,8303
287,2,2013-12-07,-0.7818314824680299,0.6234898018587334,-2.4492935982947064e-16,1.0,-0.4014879892059737,0.9158642882672868,8303.0,10231.0,10324.0,8123.142857142857,8791.0,3747.0051787425896,7254.5,7947.5,3169.71829217111,2740.0,0,1,0,0,1,0,1,0,0,10103
287,2,2013-12-08,-2.4492935982947064e-16,1.0,-2.4492935982947064e-16,1.0,-0.38566340624360745,0.9226395488404875,10103.0,0.0,0.0,8123.142857142857,8791.0,3747.0051787425896,6982.333333333333,7719.0,3428.797047858374,2740.0,0,1,0,0,1,0,1,0,0,0
287,2,2013-12-09,0.7818314824680298,0.6234898018587336,-2.4492935982947064e-16,1.0,-0.3697245428906732,0.9291414114031743,0.0,11500.0,7549.0,7598.571428571428,8529.0,3439.9129280231696,6922.0,7719.0,3396.2261510337494,2740.0,0,1,0,0,1,0,1,0,0,7828
287,2,2013-12-10,0.9749279121818236,-0.22252093395631434,-2.4492935982947064e-16,1.0,-0.3536761221763721,0.935367949313148,7828.0,9636.0,6721.0,7273.571428571428,8303.0,3320.7417774318046,7167.366666666667,7719.0,3134.7259846517004,2740.0,0,1,0,0,1,0,1,0,0,7361
287,2,2013-12-11,0.43388373911755823,-0.900968867902419,-2.4492935982947064e-16,1.0,-0.33752289959411347,0.941317317512847,7361.0,8791.0,6438.0,7020.285714285715,7828.0,3252.629895652936,7171.766666666666,7719.0,3134.4100548514743,2740.0,0,1,0,0,1,0,1,0,0,7018
287,2,2013-12-12,-0.433883739117558,-0.9009688679024191,-2.4492935982947064e-16,1.0,-0.32126966169236515,0.946987753076075,7018.0,8529.0,7519.0,6906.285714285715,7731.0,3204.5678707269144,7196.033333333334,7730.5,3135.8761574259665,2740.0,0,1,0,0,1,0,1,0,0,7731
287,2,2013-12-13,-0.9749279121818236,-0.2225209339563146,-2.4492935982947064e-16,1.0,-0.3049212246562894,0.9523775757303973,7731.0,8303.0,8283.0,6863.714285714285,7731.0,3184.839279790305,7254.2,7779.5,3134.098488869014,2740.0,0,1,0,0,1,0,1,0,0,8005
287,2,2013-12-14,-0.7818314824680299,0.6234898018587334,-2.4492935982947064e-16,1.0,-0.2884824328806098,0.9574851883550389,8005.0,10103.0,10231.0,6806.428571428572,7731.0,3119.80580897502,7352.5,7916.5,3163.941580937646,2740.0,0,1,0,0,1,0,1,0,0,9702
287,2,2013-12-15,-2.4492935982947064e-16,1.0,-2.4492935982947064e-16,1.0,-0.27195815753410524,0.9623090774541487,9702.0,0.0,0.0,6806.428571428572,7731.0,3119.8058089750198,7095.566666666667,7916.5,3435.4023875476096,2740.0,0,1,0,0,1,0,1,0,0,0
287,2,2013-12-16,0.7818314824680298,0.6234898018587336,-2.4492935982947064e-16,1.0,-0.2553532951161881,0.9668478136052773,0.0,7828.0,11500.0,7480.142857142857,7731.0,3810.030858517701,7213.2,7916.5,3561.4979936286204,2740.0,1,1,0,0,1,0,1,0,0,12544
287,2,2013-12-17,0.9749279121818236,-0.22252093395631434,-2.4492935982947064e-16,1.0,-0.23867276600594997,0.9711000518829505,12544.0,7361.0,9636.0,7920.428571428572,8005.0,3968.7398863763124,7561.3,8144.0,3335.3380446985875,2740.0,1,1,0,0,1,0,1,0,0,10443
287,2,2013-12-18,0.43388373911755823,-0.900968867902419,-2.4492935982947064e-16,1.0,-0.22192151300416674,0.9750645322571945,10443.0,7018.0,8791.0,8437.142857142857,9702.0,4065.9345554895226,7574.566666666667,8144.0,3347.118664982057,2740.0,1,1,0,0,1,0,1,0,0,10635
287,2,2013-12-19,-0.433883739117558,-0.9009688679024191,-2.4492935982947064e-16,1.0,-0.20510449986861926,0.9787400799669153,10635.0,7731.0,8529.0,8817.57142857143,10394.0,4113.1600526903385,7632.033333333334,8144.0,3381.2008424199844,2740.0,1,1,0,0,1,0,1,0,0,10394
287,2,2013-12-20,-0.9749279121818236,-0.2225209339563146,-2.4492935982947064e-16,1.0,-0.1882267098432439,0.9821256058680006,10394.0,8005.0,8303.0,9098.0,10394.0,4115.443394499953,7720.1,8293.0,3407.2613469187977,2740.0,1,1,0,0,1,0,1,0,0,9968
287,2,2013-12-21,-0.7818314824680299,0.6234898018587334,-2.4492935982947064e-16,1.0,-0.1712931441814778,0.9852201067560606,9968.0,9702.0,10103.0,9264.0,10443.0,4166.979201611957,7824.566666666667,8310.0,3455.281202023574,2740.0,0,1,0,0,1,0,1,0,0,10864
287,2,2013-12-22,-2.4492935982947064e-16,1.0,-2.4492935982947064e-16,1.0,-0.154308820664281,0.9880226656636976,10864.0,0.0,0.0,9264.0,10443.0,4166.979201611957,7547.333333333333,8293.0,3736.6114128411473,2740.0,0,1,0,0,1,0,1,0,0,0
287,2,2013-12-23,0.7818314824680298,0.6234898018587336,-2.4492935982947064e-16,1.0,-0.13727877211326517,0.9905324521322227,0.0,12544.0,7828.0,9074.57142857143,10443.0,4020.5892543731593,7577.133333333333,8293.0,3762.991085910739,2740.0,0,1,0,0,1,0,1,0,0,11218
287,2,2013-12-24,0.9749279121818236,-0.22252093395631434,-2.4492935982947064e-16,1.0,-0.12020804489935275,0.9927487224577402,11218.0,10443.0,7361.0,8250.285714285714,10394.0,4276.601716093656,7732.9,8293.0,3527.8991438199478,2740.0,0,1,0,0,1,0,1,0,0,4673
287,2,2013-12-25,0.43388373911755823,-0.900968867902419,-2.4492935982947064e-16,1.0,-0.10310169744743544,0.9946708199115211,4673.0,10635.0,7018.0,6731.0,9968.0,5098.344208335355,7481.266666666666,8293.0,3800.183488612943,2740.0,0,1,0,0,1,0,1,0,0,0
287,2,2013-12-26,-0.433883739117558,-0.9009688679024191,-2.4492935982947064e-16,1.0,-0.0859647987374467,0.9962981749346077,0.0,10394.0,7731.0,5246.142857142857,4673.0,5360.563851827886,7257.233333333334,8293.0,4037.2663137952327,2740.0,0,1,0,0,1,0,1,0,0,0
287,2,2013-12-27,-0.9749279121818236,-0.2225209339563146,-2.4492935982947064e-16,1.0,-0.06880242680232064,0.9976303053065857,0.0,9968.0,8005.0,4867.142857142857,4673.0,5056.227461542564,7286.466666666666,8293.0,4034.303834602081,2740.0,0,1,0,0,1,0,1,0,0,7315
287,2,2013-12-28,-0.7818314824680299,0.6234898018587334,-2.4492935982947064e-16,1.0,-0.05161966722325418,0.9986668162884759,7315.0,10864.0,9702.0,4360.428571428572,4673.0,4502.495710053219,7279.733333333334,8293.0,4034.0709132752404,2740.0,0,1,0,0,1,0,1,0,0,7317
287,2,2013-12-29,-2.4492935982947064e-16,1.0,-2.4492935982947064e-16,1.0,-0.034421611622745804,0.9994074007397048,7317.0,0.0,0.0,4360.428571428572,4673.0,4502.495710053219,7003.633333333333,8154.0,4241.174011856926,2740.0,0,1,0,0,1,0,1,0,0,0
287,2,2013-12-30,0.7818314824680298,0.6234898018587336,-2.4492935982947064e-16,1.0,-0.01721335615583528,0.9998518392091162,0.0,11218.0,12544.0,4194.285714285715,4673.0,4219.862545718987,6997.766666666666,8154.0,4236.675108874991,2740.0,0,1,0,0,1,0,1,0,0,10055
287,2,2013-12-31,0.9749279121818236,-0.22252093395631434,-2.4492935982947064e-16,1.0,6.432490598706546e-16,1.0,10055.0,4673.0,10443.0,4141.571428571428,4304.0,4215.187969598467,7141.233333333334,8154.0,4060.759328375483,2740.0,0,1,0,0,1,0,1,0,0,4304
287,2,2014-01-01,0.43388373911755823,-0.900968867902419,0.49999999999999994,0.8660254037844387,0.017213356155834685,0.9998518392091162,4304.0,0.0,10635.0,4141.571428571428,4304.0,4215.187969598467,6757.9,7916.5,4176.25990364089,2740.0,0,1,0,0,1,0,1,0,0,0
287,2,2014-01-02,-0.433883739117558,-0.9009688679024191,0.49999999999999994,0.8660254037844387,0.03442161162274574,0.9994074007397048,0.0,0.0,10394.0,5089.857142857143,6638.0,3859.8721666471233,6657.966666666666,7779.5,4140.733622184003,2740.0,0,1,0,0,1,0,1,0,0,6638
287,2,2014-01-03,-0.9749279121818236,-0.2225209339563146,0.49999999999999994,0.8660254037844387,0.051619667223253764,0.998666816288476,6638.0,7315.0,9968.0,5016.0,6638.0,3814.8828291311934,6591.533333333334,7546.0,4121.273445088957,2740.0,0,1,0,0,1,0,1,0,0,6798
287,2,2014-01-04,-0.7818314824680299,0.6234898018587334,0.49999999999999994,0.8660254037844387,0.06880242680231986,0.9976303053065857,6798.0,7317.0,10864.0,5237.714285714285,6638.0,4010.961925951004,6602.866666666667,7546.0,4127.248283711836,2740.0,0,1,0,0,1,0,1,0,0,8869
287,2,2014-01-05,-2.4492935982947064e-16,1.0,0.49999999999999994,0.8660254037844387,0.08596479873744647,0.9962981749346078,8869.0,0.0,0.0,5237.714285714285,6638.0,4010.961925951004,6326.1,7339.0,4284.69841492917,2740.0,0,1,0,0,1,0,1,0,0,0
287,2,2014-01-06,0.7818314824680298,0.6234898018587336,0.49999999999999994,0.8660254037844387,0.10310169744743485,0.9946708199115211,0.0,10055.0,11218.0,3801.285714285714,4304.0,3792.7785203939784,5989.333333333333,7316.0,4373.717698451412,2740.0,1,1,0,0,1,0,1,0,0,0
287,2,2014-01-07,0.9749279121818236,-0.22252093395631434,0.49999999999999994,0.8660254037844387,0.1202080448993527,0.9927487224577402,0.0,4304.0,4673.0,4951.857142857143,6638.0,5000.149145394615,6401.266666666666,7339.0,4372.129276358991,2740.0,1,1,0,0,1,0,1,0,0,12358
287,2,2014-01-08,0.43388373911755823,-0.900968867902419,0.49999999999999994,0.8660254037844387,0.13727877211326478,0.9905324521322229,12358.0,0.0,0.0,6371.0,6798.0,4764.662317520519,6471.466666666666,7339.0,4412.547600472631,2740.0,1,1,0,0,1,0,1,0,0,9934
287,2,2014-01-09,-0.433883739117558,-0.9009688679024191,0.49999999999999994,0.8660254037844387,0.15430882066428117,0.9880226656636976,9934.0,6638.0,0.0,6700.428571428572,8869.0,4864.864159019683,6524.233333333334,7524.0,4432.969485674308,2740.0,1,1,0,0,1,0,1,0,0,8944
287,2,2014-01-10,-0.9749279121818236,-0.2225209339563146,0.49999999999999994,0.8660254037844387,0.1712931441814776,0.9852201067560606,8944.0,6798.0,7315.0,6980.285714285715,8869.0,4927.358072175044,6582.2,7868.0,4450.981963722085,2740.0,1,1,0,0,1,0,1,0,0,8757
287,2,2014-01-11,-0.7818314824680299,0.6234898018587334,0.49999999999999994,0.8660254037844387,0.1882267098432442,0.9821256058680006,8757.0,8869.0,7317.0,7022.285714285715,8944.0,4947.352784209811,6629.933333333333,8381.0,4471.358683684515,2740.0,0,1,0,0,1,0,1,0,0,9163
287,2,2014-01-12,-2.4492935982947064e-16,1.0,0.49999999999999994,0.8660254037844387,0.2051044998686192,0.9787400799669153,9163.0,0.0,0.0,7022.285714285715,8944.0,4947.352784209811,6363.1,8037.0,4622.760828694293,2740.0,0,1,0,0,1,0,1,0,0,0
287,2,2014-01-13,0.7818314824680298,0.6234898018587336,0.49999999999999994,0.8660254037844387,0.22192151300416552,0.9750645322571948,0.0,0.0,10055.0,8040.714285714285,8944.0,3879.353713970308,6277.333333333333,7316.0,4582.369830597244,2740.0,0,1,0,0,1,0,1,0,0,7129
287,2,2014-01-14,0.9749279121818236,-0.22252093395631434,0.49999999999999994,0.8660254037844387,0.2386727660059501,0.9711000518829505,7129.0,12358.0,4304.0,7087.0,8757.0,3436.419939413691,6466.733333333334,7316.0,4428.818717985825,2740.0,0,1,0,0,1,0,1,0,0,5682
287,2,2014-01-15,0.43388373911755823,-0.900968867902419,0.49999999999999994,0.8660254037844387,0.255353295116187,0.9668478136052775,5682.0,9934.0,0.0,6610.714285714285,7129.0,3198.898649758784,6268.6,7222.0,4277.952729825412,2740.0,0,1,0,0,1,0,1,0,0,6600
287,2,2014-01-16,-0.433883739117558,-0.9009688679024191,0.49999999999999994,0.8660254037844387,0.2719581575341055,0.9623090774541486,6600.0,8944.0,6638.0,6185.857142857143,6600.0,3030.4147916619954,6119.5,6963.5,4204.7679402119775,2740.0,0,1,0,0,1,0,1,0,0,5970
287,2,2014-01-17,-0.9749279121818236,-0.2225209339563146,0.49999999999999994,0.8660254037844387,0.288482432880609,0.9574851883550393,5970.0,8757.0,6798.0,5966.142857142857,6600.0,2864.1220544622656,6005.633333333333,6963.5,4123.742529199227,2740.0,0,1,0,0,1,0,1,0,0,7219
287,2,2014-01-18,-0.7818314824680299,0.6234898018587334,0.49999999999999994,0.8660254037844387,0.30492122465628907,0.9523775757303974,7219.0,9163.0,8869.0,5942.142857142857,6600.0,2833.408396764778,5959.0,6963.5,4080.0846509135913,2740.0,0,1,0,0,1,0,1,0,0,8995
287,2,2014-01-19,-2.4492935982947064e-16,1.0,0.49999999999999994,0.8660254037844387,0.3212696616923644,0.9469877530760753,8995.0,0.0,0.0,5942.142857142857,6600.0,2833.408396764778,5626.733333333334,6718.0,4147.667387101211,2740.0,0,1,0,0,1,0,1,0,0,0
287,2,2014-01-20,0.7818314824680298,0.6234898018587336,0.49999999999999994,0.8660254037844387,0.3375228995941133,0.9413173175128471,0.0,7129.0,0.0,6294.428571428572,6600.0,3142.0592428715104,5584.433333333333,6718.0,4098.593944633757,2740.0,1,1,0,0,1,0,1,0,0,9595
287,2,2014-01-21,0.9749279121818236,-0.22252093395631434,0.49999999999999994,0.8660254037844387,0.3536761221763716,0.9353679493131483,9595.0,5682.0,12358.0,6631.571428571428,7219.0,3191.616563078072,5852.5,6963.5,3982.087667248822,2740.0,1,1,0,0,1,0,1,0,0,8042
287,2,2014-01-22,0.43388373911755823,-0.900968867902419,0.49999999999999994,0.8660254037844387,0.3697245428906731,0.9291414114031743,8042.0,6600.0,9934.0,6808.857142857143,7841.0,3223.8746578494342,5739.933333333333,6963.5,3871.3761603224034,2740.0,1,1,0,0,1,0,1,0,0,7841
287,2,2014-01-23,-0.433883739117558,-0.9009688679024191,0.49999999999999994,0.8660254037844387,0.38566340624360707,0.9226395488404876,7841.0,5970.0,8944.0,6933.0,7841.0,3202.8516980965564,5812.133333333333,6984.0,3870.98964209353,2740.0,1,1,0,0,1,0,1,0,0,6839
287,2,2014-01-24,-0.9749279121818236,-0.2225209339563146,0.49999999999999994,0.8660254037844387,0.401487989205973,0.9158642882672872,6839.0,7219.0,8757.0,7003.428571428572,7841.0,3215.5838690737974,6069.2,7174.0,3725.024252640326,2740.0,1,1,0,0,1,0,1,0,0,7712
287,2,2014-01-25,-0.7818314824680299,0.6234898018587334,0.49999999999999994,0.8660254037844387,0.4171936026123168,0.9088176373395029,7712.0,8995.0,9163.0,7119.428571428572,7841.0,3312.5856395039227,6396.1,7267.0,3602.3384009796214,2740.0,0,1,0,0,1,0,1,0,0,9807
287,2,2014-01-26,-2.4492935982947064e-16,1.0,0.49999999999999994,0.8660254037844387,0.4327755925504312,0.901501684131884,9807.0,0.0,0.0,7119.428571428572,7841.0,3312.5856395039227,6152.266666666666,7174.0,3781.1259674347257,2740.0,0,1,0,0,1,0,1,0,0,0
287,2,2014-01-27,0.7818314824680298,0.6234898018587336,0.49999999999999994,0.8660254037844387,0.4482293417404106,0.893918596519257,0.0,9595.0,7129.0,6674.285714285715,7712.0,3128.7370036638163,6124.333333333333,6984.0,3775.3156372573058,2740.0,0,1,0,0,1,0,1,0,0,6479
287,2,2014-01-28,0.9749279121818236,-0.22252093395631434,0.49999999999999994,0.8660254037844387,0.4635502709028509,0.886070621534138,6479.0,8042.0,5682.0,6418.714285714285,6839.0,3070.9280201206125,6332.766666666666,6984.0,3593.782942837517,2740.0,0,1,0,0,1,0,1,0,0,6253
287,2,2014-01-29,0.43388373911755823,-0.900968867902419,0.49999999999999994,0.8660254037844387,0.47873384011578846,0.8779600847008882,6253.0,7841.0,6600.0,6188.285714285715,6479.0,3006.254242646249,6205.2,6818.5,3524.352504973125,2740.0,0,1,0,0,1,0,1,0,0,6228
287,2,2014-01-30,-0.433883739117558,-0.9009688679024191,0.49999999999999994,0.8660254037844387,0.4937755501599772,0.869589389346611,6228.0,6839.0,5970.0,6070.428571428572,6253.0,2992.6326680223033,6262.2,6818.5,3506.3257259632514,2740.0,0,1,0,0,1,0,1,0,0,6014
287,2,2014-01-31,-0.9749279121818236,-0.2225209339563146,0.49999999999999994,0.8660254037844387,0.5086709438521044,0.8609610158889943,6014.0,7712.0,7219.0,6042.428571428572,6253.0,2975.582119918883,6512.733333333334,6984.0,3306.2591626451053,2740.0,0,1,0,0,1,0,1,0,0,7516
287,2,2014-02-01,-0.7818314824680299,0.6234898018587334,0.8660254037844386,0.5000000000000001,0.5234156073655503,0.8520775211013093,7516.0,9807.0,8995.0,6030.857142857143,6253.0,2958.6116354675232,6615.666666666667,7174.0,3357.958496522525,2740.0,0,1,0,0,1,0,1,0,0,9726
287,2,2014-02-02,-2.4492935982947064e-16,1.0,0.8660254037844386,0.5000000000000001,0.5380051715382996,0.8429415373547828,9726.0,0.0,0.0,6030.857142857143,6253.0,2958.6116354675232,6389.066666666667,7174.0,3568.028750979466,2740.0,0,1,0,0,1,0,1,0,0,0
287,2,2014-02-03,0.7818314824680298,0.6234898018587336,0.8660254037844386,0.5000000000000001,0.5524353131676196,0.8335557718385699,0.0,6479.0,9595.0,6556.285714285715,6253.0,3351.9147122346712,6432.0,7174.0,3606.440598859691,2740.0,1,1,0,0,1,0,1,0,0,10157
287,2,2014-02-04,0.9749279121818236,-0.22252093395631434,0.8660254037844386,0.5000000000000001,0.5667017562911176,0.8239230057575542,10157.0,6253.0,8042.0,6907.428571428572,7516.0,3442.3755294439165,6722.366666666667,7367.5,3416.389670128529,2740.0,1,1,0,0,1,0,1,0,0,8711
287,2,2014-02-05,0.43388373911755823,-0.900968867902419,0.8660254037844386,0.5000000000000001,0.5808002734538009,0.8140460935082178,8711.0,6228.0,7841.0,7201.285714285715,8285.0,3462.4488306344547,6998.533333333334,7614.0,3180.996381891875,2740.0,1,1,0,0,1,0,1,0,0,8285
287,2,2014-02-06,-0.433883739117558,-0.9009688679024191,0.8660254037844386,0.5000000000000001,0.5947266869607634,0.8039279618328213,8285.0,6014.0,6839.0,7455.142857142857,8285.0,3425.8410854645813,6846.3,7614.0,3020.9171494991274,2740.0,1,1,0,0,1,0,1,0,0,7791
287,2,2014-02-07,-0.9749279121818236,-0.2225209339563146,0.8660254037844386,0.5000000000000001,0.6084768701151261,0.7935716089521474,7791.0,7516.0,7712.0,7504.285714285715,8285.0,3429.325089784952,6777.166666666667,7614.0,2971.1404182666074,2740.0,1,1,0,0,1,0,1,0,0,7860
287,2,2014-02-08,-0.7818314824680299,0.6234898018587334,0.8660254037844386,0.5000000000000001,0.6220467484408675,0.7829801036770629,7860.0,9726.0,9807.0,7489.857142857143,8285.0,3418.6152376155383,6799.866666666667,7614.0,2990.802657035956,2740.0,0,1,0,0,1,0,1,0,0,9625
287,2,2014-02-09,-2.4492935982947064e-16,1.0,0.8660254037844386,0.5000000000000001,0.6354323008901774,0.7721565844991642,9625.0,0.0,0.0,7489.857142857143,8285.0,3418.6152376155383,6507.966666666666,7367.5,3212.334863415183,2740.0,0,1,0,0,1,0,1,0,0,0
287,2,2014-02-10,0.7818314824680298,0.6234898018587336,0.8660254037844386,0.5000000000000001,0.6486295610349814,0.7611042586607747,0.0,10157.0,6479.0,7034.0,7860.0,3210.0808920233358,6434.733333333334,7174.0,3174.540215780735,2740.0,0,1,0,0,1,0,1,0,0,6966
287,2,2014-02-11,0.9749279121818236,-0.22252093395631434,0.8660254037844386,0.5000000000000001,0.6616346182422783,0.7498264012045686,6966.0,8711.0,6253.0,6670.285714285715,7791.0,3131.680364398945,6640.233333333334,7174.0,2934.065776045404,2740.0,0,1,0,0,1,0,1,0,0,6165
287,2,2014-02-12,0.43388373911755823,-0.900968867902419,0.8660254037844386,0.5000000000000001,0.6744436188329455,0.7383263540031065,6165.0,8285.0,6228.0,6413.714285714285,6966.0,3049.8440241147705,6618.9,7092.5,2932.7158338422364,2740.0,0,1,0,0,1,0,1,0,0,6489
287,2,2014-02-13,-0.433883739117558,-0.9009688679024191,0.8660254037844386,0.5000000000000001,0.6870527672236669,0.7266075247685656,6489.0,7791.0,6014.0,6178.571428571428,6489.0,2988.7995838431452,6634.333333333333,7092.5,2928.831099465348,2740.0,0,1,0,0,1,0,1,0,0,6145
287,2,2014-02-14,-0.9749279121818236,-0.2225209339563146,0.8660254037844386,0.5000000000000001,0.6994583270516471,0.7146733860429609,6145.0,7860.0,7516.0,6102.142857142857,6489.0,2945.1583108876307,6658.5,7272.0,2931.5278910257816,2740.0,0,1,0,0,1,0,1,0,0,7325
287,2,2014-02-15,-0.7818314824680299,0.6234898018587334,0.8660254037844386,0.5000000000000001,0.7116566222817746,0.702527474169157,7325.0,9625.0,9726.0,6006.0,6489.0,2819.284897510952,6757.9,7420.5,2957.815577356907,2740.0,0,1,0,0,1,0,1,0,0,8952
287,2,2014-02-16,-2.4492935982947064e-16,1.0,0.8660254037844386,0.5000000000000001,0.7236440382959124,0.6901733882429719,8952.0,0.0,0.0,6006.0,6489.0,2819.284897510952,6517.266666666666,7420.5,3202.536623208001,2740.0,0,1,0,0,1,0,1,0,0,0
287,2,2014-02-17,0.7818314824680298,0.6234898018587336,0.8660254037844386,0.5000000000000001,0.7354170229639855,0.6776147890466889,0.0,6966.0,10157.0,6544.428571428572,6489.0,3344.216592723567,6575.266666666666,7420.5,3264.1214473405407,2740.0,1,1,0,0,1,0,1,0,0,10735
287,2,2014-02-18,0.9749279121818236,-0.22252093395631434,0.8660254037844386,0.5000000000000001,0.7469720876965552,0.6648553979642865,10735.0,6165.0,8711.0,6952.571428571428,7325.0,3462.442242942731,6876.0,7614.0,3045.7394323308704,2740.0,1,1,0,0,1,0,1,0,0,9022
287,2,2014-02-19,0.43388373911755823,-0.900968867902419,0.8660254037844386,0.5000000000000001,0.7583058084785625,0.6518989958787126,9022.0,6489.0,8285.0,7071.285714285715,7325.0,3458.1423584677036,6800.166666666667,7420.5,3003.73896982587,2740.0,1,1,0,0,1,0,1,0,0,7320
287,2,2014-02-20,-0.433883739117558,-0.9009688679024191,0.8660254037844386,0.5000000000000001,0.7694148268839378,0.6387494220515272,7320.0,6145.0,7791.0,7198.0,7325.0,3434.7157572837573,6766.5,7322.5,2994.987648929688,2740.0,1,1,0,0,1,0,1,0,0,7032
287,2,2014-02-21,-0.9749279121818236,-0.2225209339563146,0.8660254037844386,0.5000000000000001,0.7802958510707755,0.6254105729852463,7032.0,7325.0,7860.0,7374.714285714285,8562.0,3473.936418257427,6790.533333333334,7322.5,3006.776951618063,2740.0,1,1,0,0,1,0,1,0,0,8562
287,2,2014-02-22,-0.7818314824680299,0.6234898018587334,0.8660254037844386,0.5000000000000001,0.7909456567567772,0.6118864012687243,8562.0,8952.0,9625.0,7330.571428571428,8562.0,3452.4504272155677,6850.666666666667,7420.5,3025.7590935092676,2740.0,0,1,0,0,1,0,1,0,0,8643
287,2,2014-02-23,-2.4492935982947064e-16,1.0,0.8660254037844386,0.5000000000000001,0.8013610881746766,0.5981809144059164,8643.0,0.0,0.0,7330.571428571428,8562.0,3452.4504272155677,6593.6,7322.5,3267.9665996689323,2740.0,0,1,0,0,1,0,1,0,0,0
287,2,2014-02-24,0.7818314824680298,0.6234898018587336,0.8660254037844386,0.5000000000000001,0.8115390590073611,0.5842981736283683,0.0,10735.0,6966.0,6774.714285714285,7320.0,3109.13335804292,6494.833333333333,7176.0,3211.792281720526,2740.0,0,1,0,0,1,0,1,0,0,6844
287,2,2014-02-25,0.9749279121818236,-0.22252093395631434,0.8660254037844386,0.5000000000000001,0.8214765533024142,0.5702422926917871,6844.0,9022.0,6165.0,6328.428571428572,7032.0,2953.088770374892,6691.433333333333,7176.0,2972.0913533476187,2740.0,0,1,0,0,1,0,1,0,0,5898
287,2,2014-02-26,0.43388373911755823,-0.900968867902419,0.8660254037844386,0.5000000000000001,0.8311706263658079,0.5560174366570446,5898.0,7320.0,6489.0,6204.428571428572,6844.0,2922.57944614815,6690.533333333334,7176.0,2972.1619872007177,2740.0,0,1,0,0,1,0,1,0,0,6452
287,2,2014-02-27,-0.433883739117558,-0.9009688679024191,0.8660254037844386,0.5000000000000001,0.8406184056344782,0.5416278206559814,6452.0,7032.0,6145.0,6141.857142857143,6594.0,2906.5531951420544,6701.9,7176.0,2971.0828555398384,2740.0,0,1,0,0,1,0,1,0,0,6594
287,2,2014-02-28,-0.9749279121818236,-0.2225209339563146,0.8660254037844386,0.5000000000000001,0.8498170915275278,0.5270777086423722,6594.0,8562.0,7325.0,5991.285714285715,6594.0,2785.045224904241,6744.566666666667,7322.5,2973.2327081447243,2740.0,0,1,0,0,1,0,1,0,0,7508
287,2,2014-03-01,-0.7818314824680299,0.6234898018587334,1.0,6.123233995736766e-17,0.8587639582758029,0.5123714121284237,7508.0,8643.0,8952.0,6235.714285714285,6594.0,3112.403450405369,6889.233333333334,7416.5,3041.2661687519894,2740.0,0,1,0,0,1,0,1,0,0,10354
287,2,2014-03-02,-2.4492935982947064e-16,1.0,1.0,6.123233995736766e-17,0.8674563547295968,0.49751328890718066,10354.0,0.0,0.0,6235.714285714285,6594.0,3112.403450405369,6638.7,7322.5,3287.465160691231,2740.0,0,1,0,0,1,0,1,0,0,0
287,2,2014-03-03,0.7818314824680298,0.6234898018587336,1.0,6.123233995736766e-17,0.8758917051442429,0.48250774176121847,0.0,6844.0,10735.0,6705.714285714285,6594.0,3449.701712432817,6652.3,7322.5,3301.491514034434,2740.0,1,1,0,0,1,0,1,0,0,10134
287,2,2014-03-04,0.9749279121818236,-0.22252093395631434,1.0,6.123233995736766e-17,0.8840675099433636,0.46735921715800227,10134.0,5898.0,9022.0,6943.428571428572,7508.0,3442.0903947622132,6904.366666666667,7416.5,3055.598992954921,2740.0,1,1,0,0,1,0,1,0,0,7562
287,2,2014-03-05,0.43388373911755823,-0.900968867902419,1.0,6.123233995736766e-17,0.8919813464595485,0.45207220393230435,7562.0,6452.0,7320.0,7069.285714285715,7508.0,3437.2300240302857,6810.233333333334,7329.0,2994.8354474780854,2740.0,1,1,0,0,1,0,1,0,0,7333
287,2,2014-03-06,-0.433883739117558,-0.9009688679024191,1.0,6.123233995736766e-17,0.8996308696522433,0.43665123195606403,7333.0,6594.0,7032.0,7178.714285714285,7508.0,3431.76576095969,6765.2,7329.0,2975.3622254128645,2740.0,1,1,0,0,1,0,1,0,0,7360
287,2,2014-03-07,-0.9749279121818236,-0.2225209339563146,1.0,6.123233995736766e-17,0.9070138128026359,0.4211008707960896,7360.0,7508.0,8562.0,7347.285714285715,7562.0,3479.288658825044,6778.633333333333,7329.0,2983.3595097419648,2740.0,1,1,0,0,1,0,1,0,0,8688
287,2,2014-03-08,-0.7818314824680299,0.6234898018587334,1.0,6.123233995736766e-17,0.9141279881853337,0.40542572835999735,8688.0,10354.0,8643.0,7098.857142857143,7562.0,3285.509824901428,6806.1,7329.0,2996.7643970996683,2740.0,0,1,0,0,1,0,1,0,0,8615
287,2,2014-03-09,-2.4492935982947064e-16,1.0,1.0,6.123233995736766e-17,0.9209712877166346,0.38963044953078796,8615.0,0.0,0.0,7098.857142857143,7562.0,3285.509824901428,6544.1,7322.5,3235.526289333084,2740.0,0,1,0,0,1,0,1,0,0,0
287,2,2014-03-10,0.7818314824680298,0.6234898018587336,1.0,6.123233995736766e-17,0.9275416835791966,0.37371971479046906,0.0,10134.0,6844.0,6663.0,7360.0,3006.26590085885,6459.366666666667,7201.5,3184.950370244337,2740.0,0,1,0,0,1,0,1,0,0,7083
287,2,2014-03-11,0.9749279121818236,-0.22252093395631434,1.0,6.123233995736766e-17,0.9338372288229252,0.35769823883312546,7083.0,7562.0,5898.0,6419.571428571428,7333.0,2990.2850955019253,6654.633333333333,7201.5,2945.8779439955656,2740.0,0,1,0,0,1,0,1,0,0,5858
287,2,2014-03-12,0.43388373911755823,-0.900968867902419,1.0,6.123233995736766e-17,0.9398560579418954,0.3415707691678556,5858.0,7333.0,6452.0,6258.0,7083.0,2963.1367951322586,6629.166666666667,7201.5,2946.395695074581,2740.0,0,1,0,0,1,0,1,0,0,6202
287,2,2014-03-13,-0.433883739117558,-0.9009688679024191,1.0,6.123233995736766e-17,0.9455963874271426,0.3253420847119801,6202.0,7360.0,6594.0,6079.142857142857,6202.0,2923.0476349506325,6627.266666666666,7201.5,2946.7236971128523,2740.0,0,1,0,0,1,0,1,0,0,6108
287,2,2014-03-14,-0.9749279121818236,-0.2225209339563146,1.0,6.123233995736766e-17,0.9510565162951535,0.30901699437494745,6108.0,8688.0,7508.0,5744.428571428572,6202.0,2700.171405494035,6622.466666666666,7201.5,2947.0739519328185,2740.0,0,1,0,0,1,0,1,0,0,6345
287,2,2014-03-15,-0.7818314824680299,0.6234898018587334,1.0,6.123233995736766e-17,0.9562348265919056,0.29260033563334836,6345.0,8615.0,10354.0,5820.857142857143,6202.0,2800.6666128246125,6722.633333333333,7322.5,2981.156631396536,2740.0,0,1,0,0,1,0,1,0,0,9150
287,2,2014-03-16,-2.4492935982947064e-16,1.0,1.0,6.123233995736766e-17,0.9611297838723007,0.27609697309746883,9150.0,0.0,0.0,5820.857142857143,6202.0,2800.6666128246125,6478.466666666666,7201.5,3220.483918802323,2740.0,0,1,0,0,1,0,1,0,0,0
287,2,2014-03-17,0.7818314824680298,0.6234898018587336,1.0,6.123233995736766e-17,0.9657399376548549,0.2595117970697999,0.0,7083.0,10134.0,6106.285714285715,6202.0,3042.138541349147,6482.766666666666,7201.5,3223.984691109086,2740.0,1,1,0,0,1,0,1,0,0,9081
287,2,2014-03-18,0.9749279121818236,-0.22252093395631434,1.0,6.123233995736766e-17,0.970063921851507,0.2428497220959356,9081.0,5858.0,7562.0,6372.285714285715,6345.0,3097.708223525135,6740.1,7326.5,2988.1727244311837,2740.0,1,1,0,0,1,0,1,0,0,7720
287,2,2014-03-19,0.43388373911755823,-0.900968867902419,1.0,6.123233995736766e-17,0.9741004551724205,0.22611568550828828,7720.0,6202.0,7333.0,6557.142857142857,7496.0,3124.348168208928,6632.133333333333,7326.5,2895.9458312391243,2740.0,1,1,0,0,1,0,1,0,0,7496
287,2,2014-03-20,-0.433883739117558,-0.9009688679024191,1.0,6.123233995736766e-17,0.9778483415056568,0.20931464596304847,7496.0,6108.0,7360.0,6664.714285714285,7496.0,3119.2656034332686,6560.1,7201.5,2861.1175698100665,2740.0,1,1,0,0,1,0,1,0,0,6861
287,2,2014-03-21,-0.9749279121818236,-0.2225209339563146,1.0,6.123233995736766e-17,0.9813064702716093,0.19245158197082998,6861.0,6345.0,8688.0,6831.571428571428,7513.0,3130.532162276508,6566.533333333334,7208.0,2863.101449939152,2740.0,1,1,0,0,1,0,1,0,0,7513
287,2,2014-03-22,-0.7818314824680299,0.6234898018587334,1.0,6.123233995736766e-17,0.9844738167520922,0.1755314904214282,7513.0,9150.0,8615.0,6885.428571428572,7513.0,3179.9190166387825,6649.7,7346.5,2912.892568185978,2740.0,0,1,0,0,1,0,1,0,0,9527
287,2,2014-03-23,-2.4492935982947064e-16,1.0,1.0,6.123233995736766e-17,0.9873494423939864,0.15855938510313478,9527.0,0.0,0.0,6885.428571428572,7513.0,3179.9190166387825,6364.3,7208.0,3130.392584722044,2740.0,0,1,0,0,1,0,1,0,0,0
287,2,2014-03-24,0.7818314824680298,0.6234898018587336,1.0,6.123233995736766e-17,0.989932495087353,0.141540295217043,0.0,9081.0,7083.0,6581.428571428572,7496.0,3033.38176832079,6307.966666666666,7018.0,3103.0589188771437,2740.0,0,1,0,0,1,0,1,0,0,6953
287,2,2014-03-25,0.9749279121818236,-0.22252093395631434,1.0,6.123233995736766e-17,0.9922222094179323,0.12447926388678915,6953.0,7720.0,5858.0,6319.857142857143,6953.0,2997.5713741055697,6504.266666666666,7018.0,2867.591467240148,2740.0,0,1,0,0,1,0,1,0,0,5889
287,2,2014-03-26,0.43388373911755823,-0.900968867902419,1.0,6.123233995736766e-17,0.994217906893952,0.10738134666416309,5889.0,7496.0,6202.0,6171.571428571428,6861.0,2955.0650222481227,6491.4,7018.0,2866.88043362287,2740.0,0,1,0,0,1,0,1,0,0,6458
287,2,2014-03-27,-0.433883739117558,-0.9009688679024191,1.0,6.123233995736766e-17,0.995918996147179,0.09025161003104117,6458.0,6861.0,6108.0,6058.285714285715,6458.0,2939.388695760041,6497.066666666667,7018.0,2865.834895902887,2740.0,0,1,0,0,1,0,1,0,0,6068
287,2,2014-03-28,-0.9749279121818236,-0.2225209339563146,1.0,6.123233995736766e-17,0.9973249731081555,0.07309512989807777,6068.0,7513.0,6345.0,5972.142857142857,6458.0,2898.1981430175692,6512.333333333333,7018.0,2866.8062890349906,2740.0,0,1,0,0,1,0,1,0,0,6910
287,2,2014-03-29,-0.7818314824680299,0.6234898018587334,1.0,6.123233995736766e-17,0.9984354211555643,0.055916990100603484,6910.0,9527.0,9150.0,5880.714285714285,6458.0,2774.832830657597,6588.766666666666,7208.0,2899.440382191891,2740.0,0,1,0,0,1,0,1,0,0,8887
287,2,2014-03-30,-2.4492935982947064e-16,1.0,1.0,6.123233995736766e-17,0.9992500112396835,0.03872228089217446,8887.0,0.0,0.0,5880.714285714285,6458.0,2774.832830657597,6338.5,7018.0,3132.0574679846827,2740.0,0,1,0,0,1,0,1,0,0,0
287,2,2014-03-31,0.7818314824680298,0.6234898018587336,1.0,6.123233995736766e-17,0.9997685019798909,0.021516097436222254,0.0,6953.0,9081.0,6344.571428571428,6458.0,3219.691282154387,6333.366666666667,7018.0,3125.368320179497,2740.0,1,1,0,0,1,0,1,0,0,10200
287,2,2014-04-01,0.9749279121818236,-0.22252093395631434,0.8660254037844387,-0.49999999999999983,0.9999907397361901,0.004303538296244289,10200.0,5889.0,7720.0,6850.714285714285,6910.0,3409.0535692615986,6647.766666666666,7208.0,2934.8938849798224,2740.0,1,1,0,0,1,0,1,0,0,9432
287,2,2014-04-02,0.43388373911755823,-0.900968867902419,0.8660254037844387,-0.49999999999999983,0.9999166586547379,-0.01291029607500882,9432.0,6458.0,7496.0,7163.714285714285,8649.0,3467.076131953538,6598.266666666666,7208.0,2886.1862789469446,2740.0,1,1,0,0,1,0,1,0,0,8649
287,2,2014-04-03,-0.433883739117558,-0.9009688679024191,0.8660254037844387,-0.49999999999999983,0.9995462806873573,-0.030120304846908114,8649.0,6068.0,6861.0,7694.428571428572,8887.0,3554.6252900103204,6672.3,7208.0,2939.747715542013,2740.0,1,1,0,0,1,0,1,0,0,9783
287,2,2014-04-04,-0.9749279121818236,-0.2225209339563146,0.8660254037844387,-0.49999999999999983,0.9988797155850336,-0.04732138832243185,9783.0,6910.0,7513.0,8203.57142857143,9432.0,3676.689401129901,6777.0,7221.5,3018.9568762553827,2740.0,1,1,0,0,1,0,1,0,0,10474
287,2,2014-04-05,-0.7818314824680299,0.6234898018587334,0.8660254037844387,-0.49999999999999983,0.9979171608653922,-0.06450844944931623,10474.0,8887.0,9527.0,8255.42857142857,9432.0,3690.469340393028,6840.0,7289.5,3051.0918791757836,2740.0,0,1,0,0,1,0,1,0,0,9250
287,2,2014-04-06,-2.4492935982947064e-16,1.0,0.8660254037844387,-0.49999999999999983,0.9966589017541702,-0.08167639533042241,9250.0,0.0,0.0,8255.42857142857,9432.0,3690.469340393028,6550.4,7018.0,3273.825871130406,2740.0,0,1,0,0,1,0,1,0,0,0
287,2,2014-04-07,0.7818314824680298,0.6234898018587336,0.8660254037844387,-0.49999999999999983,0.9951053111006976,-0.09882013873287143,0.0,10200.0,6953.0,7891.857142857143,9250.0,3590.9899019894883,6518.4,7018.0,3257.60112289121,2740.0,0,1,0,0,1,0,1,0,0,7655
287,2,2014-04-08,0.9749279121818236,-0.22252093395631434,0.8660254037844387,-0.49999999999999983,0.9932568492674143,-0.11593459959550041,7655.0,9432.0,5889.0,7489.142857142857,8649.0,3547.2861659100954,6738.833333333333,7018.0,3016.098599908136,2740.0,0,1,0,0,1,0,1,0,0,6613
287,2,2014-04-09,0.43388373911755823,-0.900968867902419,0.8660254037844387,-0.49999999999999983,0.9911140639934547,-0.1330147065341959,6613.0,8649.0,6458.0,7215.0,7655.0,3516.7310578623064,6727.066666666667,6931.5,3015.398102994069,2740.0,0,1,0,0,1,0,1,0,0,6730
287,2,2014-04-10,-0.433883739117558,-0.9009688679024191,0.8660254037844387,-0.49999999999999983,0.9886775902323405,-0.1500553983446526,6730.0,9783.0,6068.0,6906.0,7620.0,3344.2841286788625,6785.8,7224.5,3015.0468104103325,2740.0,0,1,0,0,1,0,1,0,0,7620
287,2,2014-04-11,-0.9749279121818236,-0.2225209339563146,0.8660254037844387,-0.49999999999999983,0.9859481499638304,-0.16705162550211924,7620.0,10474.0,6910.0,6479.0,7485.0,2984.2288786217464,6828.566666666667,7490.5,3015.5796570172197,2740.0,0,1,0,0,1,0,1,0,0,7485
287,2,2014-04-12,-0.7818314824680299,0.6234898018587334,0.8660254037844387,-0.49999999999999983,0.9829265519799822,-0.18399835165768005,7485.0,9250.0,8887.0,6555.857142857143,7485.0,3073.0935243698354,6951.233333333334,7504.5,3059.7808991126662,2740.0,0,1,0,0,1,0,1,0,0,9788
287,2,2014-04-13,-2.4492935982947064e-16,1.0,0.8660254037844387,-0.49999999999999983,0.9796136916454901,-0.20089055513063506,9788.0,0.0,0.0,6555.857142857143,7485.0,3073.0935243698354,6739.733333333334,7504.5,3312.0244557373517,2740.0,0,1,0,0,1,0,1,0,0,0
287,2,2014-04-14,0.7818314824680298,0.6234898018587336,0.8660254037844387,-0.49999999999999983,0.9760105506323683,-0.21772323039653177,0.0,7655.0,10200.0,6982.428571428572,7485.0,3436.809511603403,6789.433333333333,7504.5,3360.275375449247,2740.0,1,1,0,0,1,0,1,0,0,10641
287,2,2014-04-15,0.9749279121818236,-0.22252093395631434,0.8660254037844387,-0.49999999999999983,0.9721181966290613,-0.23449138957040985,10641.0,6613.0,9432.0,7332.285714285715,7620.0,3516.657916937885,7091.5,7566.5,3128.1970873398272,2740.0,1,1,0,0,1,0,1,0,0,9062
287,2,2014-04-16,0.43388373911755823,-0.900968867902419,0.8660254037844387,-0.49999999999999983,0.9679377830240642,-0.25119006388481935,9062.0,6730.0,8649.0,7597.857142857143,8589.0,3533.746426885185,7075.1,7566.5,3118.6824179672303,2740.0,1,1,0,0,1,0,1,0,0,8589
287,2,2014-04-17,-0.433883739117558,-0.9009688679024191,0.8660254037844387,-0.49999999999999983,0.9634705485641488,-0.2678143051621742,8589.0,7620.0,9783.0,7897.571428571428,9062.0,3623.761804954572,7141.7,7566.5,3154.062395792405,2740.0,1,1,0,0,1,0,1,0,0,9718
287,2,2014-04-18,-0.9749279121818236,-0.2225209339563146,0.8660254037844387,-0.49999999999999983,0.9587178169872964,-0.2843591872810034,9718.0,7485.0,10474.0,6828.285714285715,9062.0,4707.931488962207,6891.833333333333,7566.5,3411.4438654514656,2740.0,1,1,0,0,1,0,1,0,0,0
287,2,2014-04-19,-0.7818314824680299,0.6234898018587334,0.8660254037844387,-0.49999999999999983,0.9536809966304457,-0.30081980763566735,0.0,9788.0,9250.0,6697.571428571428,8873.0,4624.0144484038565,6958.9,7637.5,3430.5406264399744,2740.0,0,1,0,0,1,0,1,0,0,8873
287,2,2014-04-20,-2.4492935982947064e-16,1.0,0.8660254037844387,-0.49999999999999983,0.9483615800121715,-0.3171912885891061,8873.0,0.0,0.0,6697.571428571428,8873.0,4624.0144484038565,6708.466666666666,7637.5,3655.54570418731,2740.0,0,1,0,0,1,0,1,0,0,0
287,2,2014-04-21,0.7818314824680298,0.6234898018587336,0.8660254037844387,-0.49999999999999983,0.9427611433904207,-0.3334687789181868,0.0,10641.0,7655.0,5177.428571428572,8589.0,4854.895325241072,6390.9,7552.5,3812.6891347093892,2740.0,0,1,0,0,1,0,1,0,0,0
287,2,2014-04-22,0.9749279121818236,-0.22252093395631434,0.8660254037844387,-0.49999999999999983,0.9368813462954315,-0.3496474552512284,0.0,9062.0,6613.0,4948.714285714285,7461.0,4675.8008837804355,6639.6,7552.5,3619.9033860226064,2740.0,0,1,0,0,1,0,1,0,0,7461
287,2,2014-04-23,0.43388373911755823,-0.900968867902419,0.8660254037844387,-0.49999999999999983,0.9307239310379795,-0.36572252349726897,7461.0,8589.0,6730.0,4594.285714285715,6108.0,4442.064261665054,6611.433333333333,7552.5,3620.6681292682497,2740.0,0,1,0,0,1,0,1,0,0,6108
287,2,2014-04-24,-0.433883739117558,-0.9009688679024191,0.8660254037844387,-0.49999999999999983,0.9242907221930934,-0.3816892202666588,6108.0,9718.0,7620.0,4139.0,6108.0,3967.3464683589204,6632.833333333333,7552.5,3618.1473358167937,2740.0,0,1,0,0,1,0,1,0,0,6531
287,2,2014-04-25,-0.9749279121818236,-0.2225209339563146,0.8660254037844387,-0.49999999999999983,0.9175836260593937,-0.39754281428255595,6531.0,0.0,7485.0,5081.428571428572,6531.0,3585.4397618303788,6637.466666666666,7552.5,3618.0047247765924,2740.0,0,1,0,0,1,0,1,0,0,6597
287,2,2014-04-26,-0.7818314824680299,0.6234898018587334,0.8660254037844387,-0.49999999999999983,0.9106046300942163,-0.4132786077829042,6597.0,8873.0,9788.0,5197.0,6531.0,3737.825036033655,6757.933333333333,7637.5,3658.331595737026,2740.0,0,1,0,0,1,0,1,0,0,9682
287,2,2014-04-27,-2.4492935982947064e-16,1.0,0.8660254037844387,-0.49999999999999983,0.9033558023246845,-0.4288919379124835,9682.0,0.0,0.0,5197.0,6531.0,3737.825036033655,6527.6,7637.5,3860.378966567562,2740.0,0,1,0,0,1,0,1,0,0,0
287,2,2014-04-28,0.7818314824680298,0.6234898018587336,0.8660254037844387,-0.49999999999999983,0.895839290734909,-0.4443781781046132,0.0,0.0,10641.0,6674.142857142857,6597.0,3366.40260161949,6576.033333333334,7637.5,3899.913787582324,2740.0,1,1,0,0,1,0,1,0,0,10340
287,2,2014-04-29,0.9749279121818236,-0.22252093395631434,0.8660254037844387,-0.49999999999999983,0.8880573226294932,-0.45973273945210397,10340.0,7461.0,9062.0,6866.857142857143,6597.0,3456.365356294162,6869.7,8122.0,3714.972911675502,2740.0,1,1,0,0,1,0,1,0,0,8810
287,2,2014-04-30,0.43388373911755823,-0.900968867902419,0.8660254037844387,-0.49999999999999983,0.8800122039735357,-0.47495107206704995,8810.0,6108.0,8589.0,7409.714285714285,8810.0,3612.2153273896292,6859.966666666666,8122.0,3706.318998155981,2740.0,1,1,0,0,1,0,1,0,0,9908
287,2,2014-05-01,-0.433883739117558,-0.9009688679024191,0.49999999999999994,-0.8660254037844387,0.8717063187093218,-0.49002866642905923,9908.0,6531.0,9718.0,6476.714285714285,8810.0,4588.516489174749,6545.566666666667,7637.5,3876.745797464791,2740.0,1,1,0,0,1,0,1,0,0,0
287,2,2014-05-02,-0.9749279121818236,-0.2225209339563146,0.49999999999999994,-0.8660254037844387,0.8631421280499114,-0.5049610547215204,0.0,6597.0,0.0,7044.428571428572,9682.0,4844.576206341233,6609.633333333333,7637.5,3928.2448786241393,2740.0,1,1,0,0,1,0,1,0,0,10571
287,2,2014-05-03,-0.7818314824680299,0.6234898018587334,0.49999999999999994,-0.8660254037844387,0.854322169749827,-0.5197438121555155,10571.0,9682.0,8873.0,7059.428571428572,9787.0,4854.256752485144,6609.766666666666,7637.5,3928.3563701966204,2740.0,0,1,0,0,1,0,1,0,0,9787
287,2,2014-05-04,-2.4492935982947064e-16,1.0,0.49999999999999994,-0.8660254037844387,0.8452490573530633,-0.5343725582809787,9787.0,0.0,0.0,7059.428571428572,9787.0,4854.256752485144,6260.633333333333,7552.5,4037.015895891191,2740.0,0,1,0,0,1,0,1,0,0,0
287,2,2014-05-05,0.7818314824680298,0.6234898018587336,0.49999999999999994,-0.8660254037844387,0.835925479418637,-0.548842958284719,0.0,10340.0,0.0,6975.571428571428,9753.0,4792.821119728367,6277.4,7552.5,4050.8802840693857,2740.0,1,1,0,0,1,0,1,0,0,9753
287,2,2014-05-06,0.9749279121818236,-0.22252093395631434,0.49999999999999994,-0.8660254037844387,0.8263541987239096,-0.5631507242749186,9753.0,8810.0,7461.0,7040.714285714285,9753.0,4824.9013017292455,6586.266666666666,7637.5,3906.4196583478374,2740.0,1,1,0,0,1,0,1,0,0,9266
287,2,2014-05-07,0.43388373911755823,-0.900968867902419,0.49999999999999994,-0.8660254037844387,0.8165380514459161,-0.5772916165517272,9266.0,9908.0,6108.0,6670.857142857143,9266.0,4665.057892765869,6575.066666666667,7552.5,3903.730602397142,2740.0,1,1,0,0,1,0,1,0,0,7319
287,2,2014-05-08,-0.433883739117558,-0.9009688679024191,0.49999999999999994,-0.8660254037844387,0.8064799463209448,-0.5912614448635781,7319.0,0.0,6531.0,7834.142857142857,9266.0,3623.323172106485,6626.066666666667,7881.5,3914.223452586938,2740.0,1,1,0,0,1,0,1,0,0,8143
287,2,2014-05-09,-0.9749279121818236,-0.2225209339563146,0.49999999999999994,-0.8660254037844387,0.7961828637826158,-0.6050560696488488,8143.0,10571.0,6597.0,7425.428571428572,8143.0,3418.7355780143257,6658.733333333334,7926.5,3919.206938895298,2740.0,1,1,0,0,1,0,1,0,0,7710
287,2,2014-05-10,-0.7818314824680299,0.6234898018587334,0.49999999999999994,-0.8660254037844387,0.7856498550787145,-0.6186714032625031,7710.0,9787.0,9682.0,7241.142857142857,8143.0,3303.0297924063298,6687.966666666666,8320.0,3929.8804972910443,2740.0,0,1,0,0,1,0,1,0,0,8497
287,2,2014-05-11,-2.4492935982947064e-16,1.0,0.49999999999999994,-0.8660254037844387,0.7748840413670407,-0.6321034111873487,8497.0,0.0,0.0,7241.142857142857,8143.0,3303.0297924063298,6438.466666666666,8320.0,4110.965108042176,2740.0,0,1,0,0,1,0,1,0,0,0
287,2,2014-05-12,0.7818314824680298,0.6234898018587336,0.49999999999999994,-0.8660254037844387,0.7638886127905428,-0.6453481132295501,0.0,9753.0,10340.0,6863.285714285715,7710.0,3113.6501470292433,6349.133333333333,7926.5,4064.5247313743853,2740.0,0,1,0,0,1,0,1,0,0,7108
287,2,2014-05-13,0.9749279121818236,-0.22252093395631434,0.49999999999999994,-0.8660254037844387,0.7526668275320084,-0.6584015846980488,7108.0,9266.0,8810.0,6486.428571428572,7319.0,2928.5115022904743,6570.066666666667,7926.5,3883.619019041063,2740.0,0,1,0,0,1,0,1,0,0,6628
287,2,2014-05-14,0.43388373911755823,-0.900968867902419,0.49999999999999994,-0.8660254037844387,0.741222010848596,-0.6712599575675313,6628.0,7319.0,9908.0,6400.428571428572,7108.0,2908.759578534169,6439.266666666666,7585.5,3807.1087584741485,2740.0,0,1,0,0,1,0,1,0,0,6717
287,2,2014-05-15,-0.433883739117558,-0.9009688679024191,0.49999999999999994,-0.8660254037844387,0.7295575540864875,-0.6839194216246106,6717.0,8143.0,0.0,6228.571428571428,6940.0,2822.9160961166162,6368.533333333334,7390.0,3776.2878299611434,2740.0,0,1,0,0,1,0,1,0,0,6940
287,2,2014-05-16,-0.9749279121818236,-0.2225209339563146,0.49999999999999994,-0.8660254037844387,0.717676913675962,-0.6963762255968722,6940.0,7710.0,10571.0,6074.285714285715,6717.0,2757.203215475523,6303.233333333334,7213.5,3753.4357289374716,2740.0,0,1,0,0,1,0,1,0,0,6630
287,2,2014-05-17,-0.7818314824680299,0.6234898018587334,0.49999999999999994,-0.8660254037844387,0.705583610107178,-0.7086266782644596,6630.0,8497.0,9787.0,6133.428571428572,6717.0,2821.5225119984916,6276.333333333333,7213.5,3730.9433986162485,2740.0,0,1,0,0,1,0,1,0,0,8911
287,2,2014-05-18,-2.4492935982947064e-16,1.0,0.49999999999999994,-0.8660254037844387,0.6932812268869777,-0.7206671495538609,8911.0,0.0,0.0,6133.428571428572,6717.0,2821.5225119984916,6276.333333333333,7213.5,3730.9433986162485,2740.0,0,1,0,0,1,0,1,0,0,0
287,2,2014-05-19,0.7818314824680298,0.6234898018587336,0.49999999999999994,-0.8660254037844387,0.6807734094770161,-0.7324940716135789,0.0,7108.0,9753.0,6594.857142857143,6717.0,3240.477147405477,6325.166666666667,7213.5,3775.424790745369,2740.0,1,1,0,0,1,0,1,0,0,10338
287,2,2014-05-20,0.9749279121818236,-0.22252093395631434,0.49999999999999994,-0.8660254037844387,0.6680638642135335,-0.7441039398713607,10338.0,6628.0,9266.0,6725.142857142857,6940.0,3260.3049156263187,6576.5,7390.0,3586.0561927054882,2740.0,1,1,0,0,1,0,1,0,0,7540
287,2,2014-05-21,0.43388373911755823,-0.900968867902419,0.49999999999999994,-0.8660254037844387,0.6551563572090853,-0.7554933140726803,7540.0,6717.0,7319.0,6985.571428571428,7540.0,3331.576396499753,6861.166666666667,7500.5,3378.982187943107,2740.0,1,1,0,0,1,0,1,0,0,8540
287,2,2014-05-22,-0.433883739117558,-0.9009688679024191,0.49999999999999994,-0.8660254037844387,0.6420547132365637,-0.766658819300159,8540.0,6940.0,8143.0,7011.571428571428,7540.0,3331.8716390412783,6849.866666666667,7429.5,3377.473558265351,2740.0,1,1,0,0,1,0,1,0,0,7122
287,2,2014-05-23,-0.9749279121818236,-0.2225209339563146,0.49999999999999994,-0.8660254037844387,0.6287628145958344,-0.777597146973627,7122.0,6630.0,7710.0,7265.0,8404.0,3365.3105354483996,6926.4,7625.0,3386.0858554811716,2740.0,1,1,0,0,1,0,1,0,0,8404
287,2,2014-05-24,-0.7818314824680299,0.6234898018587334,0.49999999999999994,-0.8660254037844387,0.6152845999633276,-0.7883050558305255,8404.0,8911.0,8497.0,7177.285714285715,8297.0,3322.9941676288317,6985.266666666666,7926.5,3394.3156837453325,2740.0,0,1,0,0,1,0,1,0,0,8297
287,2,2014-05-25,-2.4492935982947064e-16,1.0,0.49999999999999994,-0.8660254037844387,0.6016240632249226,-0.7987793728863649,8297.0,0.0,0.0,7177.285714285715,8297.0,3322.9941676288317,6765.366666666667,7926.5,3626.1146156384975,2740.0,0,1,0,0,1,0,1,0,0,0
287,2,2014-05-26,0.7818314824680298,0.6234898018587336,0.49999999999999994,-0.8660254037844387,0.5877852522924732,-0.8090169943749473,0.0,10338.0,7108.0,6765.0,7540.0,3031.7552121941935,6691.033333333334,7625.0,3586.908480450322,2740.0,0,1,0,0,1,0,1,0,0,7452
287,2,2014-05-27,0.9749279121818236,-0.22252093395631434,0.49999999999999994,-0.8660254037844387,0.5737722679043246,-0.8190148866680801,7452.0,7540.0,6628.0,6669.0,7452.0,3013.710614287088,6919.966666666666,7625.0,3356.930745984095,2740.0,0,1,0,0,1,0,1,0,0,6868
287,2,2014-05-28,0.43388373911755823,-0.900968867902419,0.49999999999999994,-0.8660254037844387,0.5595892624101765,-0.8287700871745037,6868.0,8540.0,6717.0,6692.142857142857,7452.0,3031.0451678462005,6865.366666666667,7625.0,3312.411960920709,2740.0,0,1,0,0,1,0,1,0,0,8702
287,2,2014-05-29,-0.433883739117558,-0.9009688679024191,0.49999999999999994,-0.8660254037844387,0.545240438540651,-0.8382797052177743,8702.0,7122.0,6940.0,5674.714285714285,7452.0,3925.92412536147,6571.7,7496.0,3518.201805095795,2740.0,0,1,0,0,1,0,1,0,0,0
287,2,2014-05-30,-0.9749279121818236,-0.2225209339563146,0.49999999999999994,-0.8660254037844387,0.5307300481619334,-0.8475409228928311,0.0,8404.0,6630.0,5728.857142857143,7452.0,3972.1782617170047,6534.2,7496.0,3487.274090075276,2740.0,0,1,0,0,1,0,1,0,0,8783
287,2,2014-05-31,-0.7818314824680299,0.6234898018587334,0.49999999999999994,-0.8660254037844387,0.5160623910158528,-0.8565509959010036,8783.0,8297.0,8911.0,5746.714285714285,7452.0,3985.9049459432954,6814.933333333333,7625.0,3275.694292642489,2740.0,0,1,0,0,1,0,1,0,0,8422
287,2,2014-06-01,-2.4492935982947064e-16,1.0,1.2246467991473532e-16,-1.0,0.5012418134457758,-0.865307254363206,8422.0,0.0,0.0,5746.714285714285,7452.0,3985.9049459432954,6462.566666666667,7496.0,3422.972248301712,2740.0,0,1,0,0,1,0,1,0,0,0
287,2,2014-06-02,0.7818314824680298,0.6234898018587336,1.2246467991473532e-16,-1.0,0.48627270710869,-0.8738071036110808,0.0,7452.0,10338.0,6227.857142857143,8422.0,4407.084615652824,6497.0,7496.0,3462.534600847906,2740.0,1,1,0,0,1,0,1,0,0,10820
287,2,2014-06-03,0.9749279121818236,-0.22252093395631434,1.2246467991473532e-16,-1.0,0.4711595076738638,-0.8820480249558537,10820.0,6868.0,7540.0,6575.714285714285,8702.0,4559.496635751425,6807.1,7625.0,3271.944464055292,2740.0,1,1,0,0,1,0,1,0,0,9303
287,2,2014-06-04,0.43388373911755823,-0.900968867902419,1.2246467991473532e-16,-1.0,0.4559066935084588,-0.8900275764346767,9303.0,8702.0,8540.0,6477.0,8422.0,4513.032978681483,6749.033333333334,7625.0,3233.088056048106,2740.0,1,1,0,0,1,0,1,0,0,8011
287,2,2014-06-05,-0.433883739117558,-0.9009688679024191,1.2246467991473532e-16,-1.0,0.440518784350495,-0.8977433935342337,8011.0,0.0,7122.0,7703.0,8582.0,3515.744681666556,6726.233333333334,7625.0,3217.098410844386,2740.0,1,1,0,0,1,0,1,0,0,8582
287,2,2014-06-06,-0.9749279121818236,-0.2225209339563146,1.2246467991473532e-16,-1.0,0.42500033996955416,-0.9051931898913974,8582.0,8783.0,8404.0,7724.142857142857,8582.0,3523.757910175416,6779.966666666666,7860.5,3240.715911575748,2740.0,1,1,0,0,1,0,1,0,0,8931
287,2,2014-06-07,-0.7818314824680299,0.6234898018587334,1.2246467991473532e-16,-1.0,0.4093559588156213,-0.9123747579707273,8931.0,8422.0,8297.0,7923.857142857143,8931.0,3608.4999389668583,6835.866666666667,7860.5,3279.272140996024,2740.0,0,1,0,0,1,0,1,0,0,9820
287,2,2014-06-08,-2.4492935982947064e-16,1.0,1.2246467991473532e-16,-1.0,0.39359027665646673,-0.9192859697186104,9820.0,0.0,0.0,7923.857142857143,8931.0,3608.4999389668583,6578.866666666667,7775.5,3502.898511462928,2740.0,0,1,0,0,1,0,1,0,0,0
287,2,2014-06-09,0.7818314824680298,0.6234898018587336,1.2246467991473532e-16,-1.0,0.3777079652039649,-0.9259247771938498,0.0,10820.0,7452.0,6378.142857142857,8582.0,4393.230983705554,6295.633333333333,7496.0,3681.427098505306,2740.0,0,1,0,0,1,0,1,0,0,0
287,2,2014-06-10,0.9749279121818236,-0.22252093395631434,1.2246467991473532e-16,-1.0,0.36171373072976765,-0.9322892131745133,0.0,9303.0,6868.0,6145.0,8011.0,4253.21588134594,6551.333333333333,7605.5,3490.526186332265,2740.0,0,1,0,0,1,0,1,0,0,7671
287,2,2014-06-11,0.43388373911755823,-0.900968867902419,1.2246467991473532e-16,-1.0,0.3456123126707335,-0.9383773917408641,7671.0,8011.0,8702.0,5957.857142857143,7671.0,4185.711704858621,6537.766666666666,7605.5,3489.0786224063986,2740.0,0,1,0,0,1,0,1,0,0,6701
287,2,2014-06-12,-0.433883739117558,-0.9009688679024191,1.2246467991473532e-16,-1.0,0.3294084822245304,-0.9441875088341993,6701.0,8582.0,0.0,5681.428571428572,6701.0,4045.0586669475633,6538.4,7605.5,3489.0972906252236,2740.0,0,1,0,0,1,0,1,0,0,6647
287,2,2014-06-13,-0.9749279121818236,-0.2225209339563146,1.2246467991473532e-16,-1.0,0.3131070409358269,-0.9497178427914316,6647.0,8931.0,8783.0,5361.571428571428,6692.0,3827.975481336611,6537.566666666667,7605.5,3489.0561482651906,2740.0,0,1,0,0,1,0,1,0,0,6692
287,2,2014-06-14,-0.7818314824680299,0.6234898018587334,1.2246467991473532e-16,-1.0,0.29671281927349075,-0.9549667548552551,6692.0,9820.0,8422.0,5262.571428571428,6692.0,3700.2846222573553,6610.466666666666,7841.0,3520.4606451461705,2740.0,0,1,0,0,1,0,1,0,0,9127
287,2,2014-06-15,-2.4492935982947064e-16,1.0,1.2246467991473532e-16,-1.0,0.28023067519921585,-0.9599326896597447,9127.0,0.0,0.0,5262.571428571428,6692.0,3700.2846222573553,6389.466666666666,7841.0,3721.5509812102705,2740.0,0,1,0,0,1,0,1,0,0,0
287,2,2014-06-16,0.7818314824680298,0.6234898018587336,1.2246467991473532e-16,-1.0,0.26366549272800704,-0.9646141756912435,0.0,0.0,10820.0,6546.142857142857,6701.0,3076.2955226793697,6391.933333333333,7841.0,3723.3040104217903,2740.0,1,1,0,0,1,0,1,0,0,8985
287,2,2014-06-17,0.9749279121818236,-0.22252093395631434,1.2246467991473532e-16,-1.0,0.24702218048093552,-0.9690098257244062,8985.0,7671.0,9303.0,6735.142857142857,6701.0,3195.2626093729978,6691.733333333334,8154.0,3548.8916573209585,2740.0,1,1,0,0,1,0,1,0,0,8994
287,2,2014-06-18,0.43388373911755823,-0.900968867902419,1.2246467991473532e-16,-1.0,0.23030567023061221,-0.9731183372332619,8994.0,6701.0,8011.0,7156.714285714285,8985.0,3379.3749774322528,6668.866666666667,8154.0,3526.7282848842065,2740.0,1,1,0,0,1,0,1,0,0,9652
287,2,2014-06-19,-0.433883739117558,-0.9009688679024191,1.2246467991473532e-16,-1.0,0.21352091543979612,-0.9769384927771817,9652.0,6647.0,8582.0,6207.142857142857,8985.0,4342.963674288614,6417.533333333334,8154.0,3725.5706133963286,2740.0,1,1,0,0,1,0,1,0,0,0
287,2,2014-06-20,-0.9749279121818236,-0.2225209339563146,1.2246467991473532e-16,-1.0,0.19667288979357647,-0.980469160361632,0.0,6692.0,8931.0,6656.428571428572,8994.0,4558.796875534262,6460.766666666666,8154.0,3758.4306582194217,2740.0,1,1,0,0,1,0,1,0,0,9837
287,2,2014-06-21,-0.7818314824680299,0.6234898018587334,1.2246467991473532e-16,-1.0,0.1797665857255624,-0.9837092937736097,9837.0,9127.0,9820.0,6573.142857142857,8985.0,4511.216038149485,6508.166666666667,8350.5,3775.9833529306234,2740.0,0,1,0,0,1,0,1,0,0,8544
287,2,2014-06-22,-2.4492935982947064e-16,1.0,1.2246467991473532e-16,-1.0,0.16280701293851715,-0.986657932891657,8544.0,0.0,0.0,6573.142857142857,8985.0,4511.216038149485,6228.033333333334,8154.0,3938.717045481664,2740.0,0,1,0,0,1,0,1,0,0,0
287,2,2014-06-23,0.7818314824680298,0.6234898018587336,1.2246467991473532e-16,-1.0,0.1457991969198751,-0.9893142039703663,0.0,8985.0,0.0,6304.857142857143,8544.0,4398.305144354713,6188.366666666667,7841.0,3923.123416829778,2740.0,0,1,0,0,1,0,1,0,0,7107
287,2,2014-06-24,0.9749279121818236,-0.22252093395631434,1.2246467991473532e-16,-1.0,0.12874817745258132,-0.99167731989929,7107.0,8994.0,7671.0,5956.857142857143,7107.0,4243.728566114605,6406.966666666666,7841.0,3745.0804096457846,2740.0,0,1,0,0,1,0,1,0,0,6558
287,2,2014-06-25,0.43388373911755823,-0.900968867902419,1.2246467991473532e-16,-1.0,0.11165900712169512,-0.993746580436178,6558.0,9652.0,6701.0,5501.857142857143,6558.0,3941.496815025622,6374.133333333333,7841.0,3739.916832316418,2740.0,0,1,0,0,1,0,1,0,0,6467
287,2,2014-06-26,-0.433883739117558,-0.9009688679024191,1.2246467991473532e-16,-1.0,0.09453674981719912,-0.9955213724144752,6467.0,0.0,6647.0,6296.714285714285,6558.0,3123.118831888282,6330.666666666667,7841.0,3741.5564282457535,2740.0,0,1,0,0,1,0,1,0,0,5564
287,2,2014-06-27,-0.9749279121818236,-0.2225209339563146,1.2246467991473532e-16,-1.0,0.07738647923346301,-0.9970011699250151,5564.0,9837.0,6692.0,5912.714285714285,6558.0,2759.341812479059,6278.9,7410.0,3718.287261908224,2740.0,0,1,0,0,1,0,1,0,0,7149
287,2,2014-06-28,-0.7818314824680299,0.6234898018587334,1.2246467991473532e-16,-1.0,0.06021327736579302,-0.9981855344718586,7149.0,8544.0,9127.0,6012.0,6558.0,2879.679148794182,6586.866666666667,7841.0,3559.525576033522,2740.0,0,1,0,0,1,0,1,0,0,9239
287,2,2014-06-29,-2.4492935982947064e-16,1.0,1.2246467991473532e-16,-1.0,0.04302223300453059,-0.99907411510223,9239.0,0.0,0.0,6012.0,6558.0,2879.679148794182,6294.1,7410.0,3729.7910115253326,2740.0,0,1,0,0,1,0,1,0,0,0
287,2,2014-06-30,0.7818314824680298,0.6234898018587336,1.2246467991473532e-16,-1.0,0.02581844022713308,-0.9996666485105112,0.0,7107.0,8985.0,6541.142857142857,6558.0,3406.531541444631,6373.733333333334,7410.0,3801.6016219422595,2740.0,1,1,0,0,1,0,1,0,0,10811
287,2,2015-01-01,-0.433883739117558,-0.9009688679024191,0.49999999999999994,0.8660254037844387,0.017213356155834685,0.9998518392091162,10811.0,6558.0,8994.0,5604.285714285715,6467.0,4208.505265700466,6373.733333333334,7410.0,3801.6016219422595,2740.0,0,1,0,0,1,0,1,0,0,0
287,2,2015-01-02,-0.9749279121818236,-0.2225209339563146,0.49999999999999994,0.8660254037844387,0.03442161162274574,0.9994074007397048,0.0,6467.0,9652.0,5695.714285714285,7107.0,4237.225102756349,6249.966666666666,7128.0,3711.2221194022086,2740.0,0,1,0,0,1,0,1,0,0,7107
287,2,2015-01-03,-0.7818314824680299,0.6234898018587334,0.49999999999999994,0.8660254037844387,0.051619667223253764,0.998666816288476,7107.0,5564.0,0.0,6099.285714285715,7149.0,4355.471834917761,6219.5,7128.0,3688.979503312815,2740.0,0,1,0,0,1,0,1,0,0,8389
287,2,2015-01-04,-2.4492935982947064e-16,1.0,0.49999999999999994,0.8660254037844387,0.06880242680231986,0.9976303053065857,8389.0,7149.0,9837.0,5078.0,7107.0,4875.432015045774,5952.466666666666,7107.0,3841.614367310496,2740.0,0,1,0,0,1,0,1,0,0,0
287,2,2015-01-05,0.7818314824680298,0.6234898018587336,0.49999999999999994,0.8660254037844387,0.08596479873744647,0.9962981749346078,0.0,9239.0,8544.0,5406.857142857143,7107.0,5264.953986141802,6051.1,7107.0,3947.969494257294,2740.0,1,1,0,0,1,0,1,0,0,11541
287,2,2015-01-06,0.9749279121818236,-0.22252093395631434,0.49999999999999994,0.8660254037844387,0.10310169744743485,0.9946708199115211,11541.0,0.0,0.0,5406.857142857143,7107.0,5264.953986141802,5753.4,6904.0,4058.4975103330166,2740.0,1,1,0,0,1,0,1,0,0,0
287,2,2015-01-07,0.43388373911755823,-0.900968867902419,0.49999999999999994,0.8660254037844387,0.1202080448993527,0.9927487224577402,0.0,10811.0,7107.0,5227.428571428572,7107.0,5067.79718277224,5744.566666666667,6904.0,4049.6200135349704,2740.0,1,1,0,0,1,0,1,0,0,9555
287,2,2015-01-08,-0.433883739117558,-0.9009688679024191,0.49999999999999994,0.8660254037844387,0.13727877211326478,0.9905324521322229,9555.0,0.0,6558.0,6360.0,7928.0,4565.878155769525,6008.833333333333,7107.0,3918.371733287932,2740.0,1,1,0,0,1,0,1,0,0,7928
287,2,2015-01-09,-0.9749279121818236,-0.2225209339563146,0.49999999999999994,0.8660254037844387,0.15430882066428117,0.9880226656636976,7928.0,7107.0,6467.0,6603.571428571428,8389.0,4656.938653133366,6302.566666666667,7128.0,3780.2515942846903,2740.0,1,1,0,0,1,0,1,0,0,8812
287,2,2015-01-10,-0.7818314824680299,0.6234898018587334,0.49999999999999994,0.8660254037844387,0.1712931441814776,0.9852201067560606,8812.0,8389.0,5564.0,6741.714285714285,8812.0,4732.458653254342,6358.733333333334,7128.0,3813.65498442503,2740.0,0,1,0,0,1,0,1,0,0,9356
287,2,2015-01-11,-2.4492935982947064e-16,1.0,0.49999999999999994,0.8660254037844387,0.1882267098432442,0.9821256058680006,9356.0,0.0,7149.0,6741.714285714285,8812.0,4732.458653254342,6135.366666666667,7128.0,3985.2942130246547,2740.0,0,1,0,0,1,0,1,0,0,0
287,2,2015-01-12,0.7818314824680298,0.6234898018587336,0.49999999999999994,0.8660254037844387,0.2051044998686192,0.9787400799669153,0.0,11541.0,9239.0,6514.857142857143,8812.0,4496.219761405922,6245.566666666667,7538.5,4045.1877044666053,2740.0,1,1,0,0,1,0,1,0,0,9953
287,2,2015-01-13,0.9749279121818236,-0.22252093395631434,0.49999999999999994,0.8660254037844387,0.22192151300416552,0.9750645322571948,9953.0,0.0,0.0,7701.285714285715,8812.0,3469.003493525949,6299.333333333333,8116.5,4062.01071607046,2740.0,1,1,0,0,1,0,1,0,0,8305
287,2,2015-01-14,0.43388373911755823,-0.900968867902419,0.49999999999999994,0.8660254037844387,0.2386727660059501,0.9711000518829505,8305.0,9555.0,10811.0,7366.857142857143,8305.0,3371.9975498494177,6235.566666666667,7571.0,4030.9874351452445,2740.0,1,1,0,0,1,0,1,0,0,7214
287,2,2015-01-15,-0.433883739117558,-0.9009688679024191,0.49999999999999994,0.8660254037844387,0.255353295116187,0.9668478136052775,7214.0,7928.0,0.0,7447.285714285715,8491.0,3394.253463050243,6518.6,8116.5,3873.0651819261016,2740.0,1,1,0,0,1,0,1,0,0,8491
287,2,2015-01-16,-0.9749279121818236,-0.2225209339563146,0.49999999999999994,0.8660254037844387,0.2719581575341055,0.9623090774541486,8491.0,8812.0,7107.0,7416.571428571428,8491.0,3380.7921585107265,6505.666666666667,8116.5,3865.1849340895237,2740.0,1,1,0,0,1,0,1,0,0,8597
287,2,2015-01-17,-0.7818314824680299,0.6234898018587334,0.49999999999999994,0.8660254037844387,0.288482432880609,0.9574851883550393,8597.0,9356.0,8389.0,7372.0,8491.0,3352.9034184320503,6507.333333333333,8116.5,3866.3055192025477,2740.0,0,1,0,0,1,0,1,0,0,9044
287,2,2015-01-18,-2.4492935982947064e-16,1.0,0.49999999999999994,0.8660254037844387,0.30492122465628907,0.9523775757303974,9044.0,0.0,0.0,7372.0,8491.0,3352.9034184320503,6185.6,7571.0,3995.050045864946,2740.0,0,1,0,0,1,0,1,0,0,0
287,2,2015-01-19,0.7818314824680298,0.6234898018587336,0.49999999999999994,0.8660254037844387,0.3212696616923644,0.9469877530760753,0.0,9953.0,11541.0,6987.571428571428,8305.0,3156.1529777638493,6427.666666666667,7595.0,3823.662365462916,2740.0,0,1,0,0,1,0,1,0,0,7262
287,2,2015-01-20,0.9749279121818236,-0.22252093395631434,0.49999999999999994,0.8660254037844387,0.3375228995941133,0.9413173175128471,7262.0,8305.0,0.0,6620.428571428572,7262.0,3126.701395887942,6290.933333333333,7238.0,3770.5152664738853,2740.0,0,1,0,0,1,0,1,0,0,5735
287,2,2015-01-21,0.43388373911755823,-0.900968867902419,0.49999999999999994,0.8660254037844387,0.3536761221763716,0.9353679493131483,5735.0,7214.0,9555.0,6517.714285714285,7262.0,3115.742913778653,6222.633333333333,7181.5,3746.7786760264376,2740.0,0,1,0,0,1,0,1,0,0,6495
287,2,2015-01-22,-0.433883739117558,-0.9009688679024191,0.49999999999999994,0.8660254037844387,0.3697245428906731,0.9291414114031743,6495.0,8491.0,7928.0,6273.571428571428,6782.0,3000.163154293602,6448.7,7181.5,3558.2381551781364,2740.0,0,1,0,0,1,0,1,0,0,6782
287,2,2015-01-23,-0.9749279121818236,-0.2225209339563146,0.49999999999999994,0.8660254037844387,0.38566340624360707,0.9226395488404876,6782.0,8597.0,8812.0,6035.0,6782.0,2847.106952680208,6442.7,7181.5,3557.2414549711843,2740.0,0,1,0,0,1,0,1,0,0,6927
287,2,2015-01-24,-0.7818314824680299,0.6234898018587334,0.49999999999999994,0.8660254037844387,0.401487989205973,0.9158642882672872,6927.0,9044.0,9356.0,6143.0,6782.0,2990.9754261778853,6550.766666666666,7238.0,3609.722758322863,2740.0,0,1,0,0,1,0,1,0,0,9800
287,2,2015-01-25,-2.4492935982947064e-16,1.0,0.49999999999999994,0.8660254037844387,0.4171936026123168,0.9088176373395029,9800.0,0.0,0.0,6143.0,6782.0,2990.9754261778853,6335.2,7238.0,3802.831571161242,2740.0,0,1,0,0,1,0,1,0,0,0
287,2,2015-01-26,0.7818314824680298,0.6234898018587336,0.49999999999999994,0.8660254037844387,0.4327755925504312,0.901501684131884,0.0,7262.0,9953.0,6596.0,6782.0,3400.7616793888965,6497.5,7595.0,3872.054108253315,2740.0,1,1,0,0,1,0,1,0,0,10433
287,2,2015-01-27,0.9749279121818236,-0.22252093395631434,0.49999999999999994,0.8660254037844387,0.4482293417404106,0.893918596519257,10433.0,5735.0,8305.0,6871.571428571428,6927.0,3397.5188425841407,6514.666666666667,7796.0,3876.1815402962397,2740.0,1,1,0,0,1,0,1,0,0,7664
287,2,2015-01-28,0.43388373911755823,-0.900968867902419,0.49999999999999994,0.8660254037844387,0.4635502709028509,0.886070621534138,7664.0,6495.0,7214.0,7071.571428571428,7664.0,3412.828878273997,6469.866666666667,7779.5,3851.295498412443,2740.0,1,1,0,0,1,0,1,0,0,7895
287,2,2015-01-29,-0.433883739117558,-0.9009688679024191,0.49999999999999994,0.8660254037844387,0.47873384011578846,0.8779600847008882,7895.0,6782.0,8491.0,7297.857142857143,7895.0,3442.8104521631462,6748.733333333334,7911.5,3665.0491922495657,2740.0,1,1,0,0,1,0,1,0,0,8366
287,2,2015-01-30,-0.9749279121818236,-0.2225209339563146,0.49999999999999994,0.8660254037844387,0.4937755501599772,0.869589389346611,8366.0,6927.0,8597.0,7503.571428571428,8366.0,3459.936553230558,6667.266666666666,7911.5,3598.1923328760254,2740.0,1,1,0,0,1,0,1,0,0,8367
287,2,2015-01-31,-0.7818314824680299,0.6234898018587334,0.49999999999999994,0.8660254037844387,0.5086709438521044,0.8609610158889943,8367.0,9800.0,9044.0,7520.285714285715,8366.0,3473.136513023241,6997.833333333333,8116.5,3415.445374939468,2740.0,0,1,0,0,1,0,1,0,0,9917
287,2,2015-02-01,-2.4492935982947064e-16,1.0,0.8660254037844386,0.5000000000000001,0.5234156073655503,0.8520775211013093,9917.0,0.0,0.0,7520.285714285715,8366.0,3473.1365130232416,6760.933333333333,8116.5,3646.286972394997,2740.0,0,1,0,0,1,0,1,0,0,0
287,2,2015-02-02,0.7818314824680298,0.6234898018587336,0.8660254037844386,0.5000000000000001,0.5380051715382996,0.8429415373547828,0.0,10433.0,7262.0,7259.0,8366.0,3280.973026405429,6768.1,8116.5,3649.806819167472,2740.0,1,1,0,0,1,0,1,0,0,8604
287,2,2015-02-03,0.9749279121818236,-0.22252093395631434,0.8660254037844386,0.5000000000000001,0.5524353131676196,0.8335557718385699,8604.0,7664.0,5735.0,7368.142857142857,8367.0,3309.2762264364005,7049.033333333334,8335.5,3428.5414057969856,2740.0,1,1,0,0,1,0,1,0,0,8428
287,2,2015-02-04,0.43388373911755823,-0.900968867902419,0.8660254037844386,0.5000000000000001,0.5667017562911176,0.8239230057575542,8428.0,7895.0,6495.0,7342.428571428572,8367.0,3305.196860357078,6921.5,8116.5,3325.2938345666385,2740.0,1,1,0,0,1,0,1,0,0,7715
287,2,2015-02-05,-0.433883739117558,-0.9009688679024191,0.8660254037844386,0.5000000000000001,0.5808002734538009,0.8140460935082178,7715.0,8366.0,6782.0,7303.571428571428,8367.0,3292.7331533313804,7191.3,8199.5,3062.304892025636,2740.0,1,1,0,0,1,0,1,0,0,8094
287,2,2015-02-06,-0.9749279121818236,-0.2225209339563146,0.8660254037844386,0.5000000000000001,0.5947266869607634,0.8039279618328213,8094.0,8367.0,6927.0,7264.428571428572,8094.0,3279.5869077849247,7142.566666666667,8093.5,3034.902505771847,2740.0,1,1,0,0,1,0,1,0,0,8093
287,2,2015-02-07,-0.7818314824680299,0.6234898018587334,0.8660254037844386,0.5000000000000001,0.6084768701151261,0.7935716089521474,8093.0,9917.0,9800.0,7236.714285714285,8094.0,3254.1564044713496,7202.4,8199.5,3068.430426579463,2740.0,0,1,0,0,1,0,1,0,0,9723
287,2,2015-02-08,-2.4492935982947064e-16,1.0,0.8660254037844386,0.5000000000000001,0.6220467484408675,0.7829801036770629,9723.0,0.0,0.0,7236.714285714285,8094.0,3254.1564044713496,6908.666666666667,8093.5,3320.459402504142,2740.0,0,1,0,0,1,0,1,0,0,0
287,2,2015-02-09,0.7818314824680298,0.6234898018587336,0.8660254037844386,0.5000000000000001,0.6354323008901774,0.7721565844991642,0.0,8604.0,10433.0,7038.142857142857,8093.0,3198.7558742200285,6837.266666666666,7994.0,3288.899395965406,2740.0,0,1,0,0,1,0,1,0,0,7214
287,2,2015-02-10,0.9749279121818236,-0.22252093395631434,0.8660254037844386,0.5000000000000001,0.6486295610349814,0.7611042586607747,7214.0,8428.0,7664.0,6769.142857142857,7715.0,3141.0506431538374,7055.433333333333,7994.0,3026.3111798807586,2740.0,0,1,0,0,1,0,1,0,0,6545
287,2,2015-02-11,0.43388373911755823,-0.900968867902419,0.8660254037844386,0.5000000000000001,0.6616346182422783,0.7498264012045686,6545.0,7715.0,7895.0,6597.142857142857,7214.0,3113.468025025652,6940.7,7805.0,2977.5239904647465,2740.0,0,1,0,0,1,0,1,0,0,6511
287,2,2015-02-12,-0.433883739117558,-0.9009688679024191,0.8660254037844386,0.5000000000000001,0.6744436188329455,0.7383263540031065,6511.0,8094.0,8366.0,6432.571428571428,6942.0,3050.9795616677397,6895.266666666666,7689.5,2966.366556433382,2740.0,0,1,0,0,1,0,1,0,0,6942
287,2,2015-02-13,-0.9749279121818236,-0.2225209339563146,0.8660254037844386,0.5000000000000001,0.6870527672236669,0.7266075247685656,6942.0,8093.0,8367.0,6328.571428571428,6942.0,2996.874641864021,6900.3,7689.5,2967.0540614300035,2740.0,0,1,0,0,1,0,1,0,0,7365
287,2,2015-02-14,-0.7818314824680299,0.6234898018587334,0.8660254037844386,0.5000000000000001,0.6994583270516471,0.7146733860429609,7365.0,9723.0,9917.0,6402.142857142857,6942.0,3098.6863576130336,6958.533333333334,7689.5,3016.0894152726214,2740.0,0,1,0,0,1,0,1,0,0,10238
287,2,2015-02-15,-2.4492935982947064e-16,1.0,0.8660254037844386,0.5000000000000001,0.7116566222817746,0.702527474169157,10238.0,0.0,0.0,6402.142857142857,6942.0,3098.6863576130336,6671.966666666666,7514.5,3254.069414974313,2740.0,0,1,0,0,1,0,1,0,0,0
287,2,2015-02-16,0.7818314824680298,0.6234898018587336,0.8660254037844386,0.5000000000000001,0.7236440382959124,0.6901733882429719,0.0,7214.0,8604.0,6877.857142857143,6942.0,3476.6574670014784,6721.966666666666,7514.5,3302.930595106709,2740.0,1,1,0,0,1,0,1,0,0,10544
287,2,2015-02-17,0.9749279121818236,-0.22252093395631434,0.8660254037844386,0.5000000000000001,0.7354170229639855,0.6776147890466889,10544.0,6545.0,8428.0,7032.0,7365.0,3483.353221633812,6976.1,7644.0,3051.638794890831,2740.0,1,1,0,0,1,0,1,0,0,7624
287,2,2015-02-18,0.43388373911755823,-0.900968867902419,0.8660254037844386,0.5000000000000001,0.7469720876965552,0.6648553979642865,7624.0,6511.0,7715.0,7272.285714285715,7624.0,3499.400363599727,7007.133333333333,7689.5,3059.3705430268224,2740.0,1,1,0,0,1,0,1,0,0,8193
287,2,2015-02-19,-0.433883739117558,-0.9009688679024191,0.8660254037844386,0.5000000000000001,0.7583058084785625,0.6518989958787126,8193.0,6942.0,8094.0,7383.142857142857,7718.0,3499.4848396381344,7073.233333333334,7716.5,3052.3514246462896,2740.0,1,1,0,0,1,0,1,0,0,7718
287,2,2015-02-20,-0.9749279121818236,-0.2225209339563146,0.8660254037844386,0.5000000000000001,0.7694148268839378,0.6387494220515272,7718.0,7365.0,8093.0,7514.428571428572,8193.0,3515.890776514673,7132.866666666667,7806.5,3058.1352525662614,2740.0,1,1,0,0,1,0,1,0,0,8284
287,2,2015-02-21,-0.7818314824680299,0.6234898018587334,0.8660254037844386,0.5000000000000001,0.7802958510707755,0.6254105729852463,8284.0,10238.0,9723.0,7460.857142857143,8193.0,3470.0332576970795,7235.566666666667,7994.0,3097.4274496341527,2740.0,0,1,0,0,1,0,1,0,0,9863
287,2,2015-02-22,-2.4492935982947064e-16,1.0,0.8660254037844386,0.5000000000000001,0.7909456567567772,0.6118864012687243,9863.0,0.0,0.0,7460.857142857143,8193.0,3470.0332576970795,7004.666666666667,7994.0,3367.626887078602,2740.0,0,1,0,0,1,0,1,0,0,0
287,2,2015-02-23,0.7818314824680298,0.6234898018587336,0.8660254037844386,0.5000000000000001,0.8013610881746766,0.5981809144059164,0.0,10544.0,7214.0,6992.714285714285,7718.0,3194.904574176705,6920.233333333334,7806.5,3326.6296258850484,2740.0,0,1,0,0,1,0,1,0,0,7267
287,2,2015-02-24,0.9749279121818236,-0.22252093395631434,0.8660254037844386,0.5000000000000001,0.8115390590073611,0.5842981736283683,7267.0,7624.0,6545.0,6846.285714285715,7718.0,3184.6216789589357,7140.2,7806.5,3060.817317037374,2740.0,0,1,0,0,1,0,1,0,0,6599
287,2,2015-02-25,0.43388373911755823,-0.900968867902419,0.8660254037844386,0.5000000000000001,0.8214765533024142,0.5702422926917871,6599.0,8193.0,6511.0,6642.857142857143,7267.0,3129.258241637646,7018.066666666667,7716.5,2997.3392675934233,2740.0,0,1,0,0,1,0,1,0,0,6769
287,2,2015-02-26,-0.433883739117558,-0.9009688679024191,0.8660254037844386,0.5000000000000001,0.8311706263658079,0.5560174366570446,6769.0,7718.0,6942.0,6570.571428571428,7212.0,3106.0413635978734,7003.0,7716.5,2995.1156099959453,2740.0,0,1,0,0,1,0,1,0,0,7212
287,2,2015-02-27,-0.9749279121818236,-0.2225209339563146,0.8660254037844386,0.5000000000000001,0.8406184056344782,0.5416278206559814,7212.0,8284.0,7365.0,6543.428571428572,7212.0,3089.358016219703,7009.633333333333,7716.5,2997.3787684590684,2740.0,0,1,0,0,1,0,1,0,0,8094
287,2,2015-02-28,-0.7818314824680299,0.6234898018587334,0.8660254037844386,0.5000000000000001,0.8498170915275278,0.5270777086423722,8094.0,9863.0,10238.0,6673.0,7212.0,3265.7727008065517,7089.766666666666,7716.5,3066.2348660895163,2740.0,0,1,0,0,1,0,1,0,0,10770
287,2,2015-03-01,-2.4492935982947064e-16,1.0,1.0,6.123233995736766e-17,0.8587639582758029,0.5123714121284237,10770.0,0.0,0.0,6673.0,7212.0,3265.7727008065517,6810.866666666667,7669.5,3316.375261963116,2740.0,0,1,0,0,1,0,1,0,0,0
287,2,2015-03-02,0.7818314824680298,0.6234898018587336,1.0,6.123233995736766e-17,0.8674563547295968,0.49751328890718066,0.0,7267.0,10544.0,6951.857142857143,7212.0,3405.3041679401363,6787.6,7669.5,3296.2193766966343,2740.0,1,1,0,0,1,0,1,0,0,9219
287,2,2015-03-03,0.9749279121818236,-0.22252093395631434,1.0,6.123233995736766e-17,0.8758917051442429,0.48250774176121847,9219.0,6599.0,7624.0,7199.0,8094.0,3438.047798775732,7065.233333333334,7716.5,3046.0760250812386,2740.0,1,1,0,0,1,0,1,0,0,8329
287,2,2015-03-04,0.43388373911755823,-0.900968867902419,1.0,6.123233995736766e-17,0.8840675099433636,0.46735921715800227,8329.0,6769.0,8193.0,7421.571428571428,8327.0,3455.9550950565913,7056.0,7716.5,3041.667475987927,2740.0,1,1,0,0,1,0,1,0,0,8327
287,2,2015-03-05,-0.433883739117558,-0.9009688679024191,1.0,6.123233995736766e-17,0.8919813464595485,0.45207220393230435,8327.0,7212.0,7718.0,7583.285714285715,8329.0,3470.9664223040104,7053.2,7716.5,3040.399331757546,2740.0,1,1,0,0,1,0,1,0,0,8344
287,2,2015-03-06,-0.9749279121818236,-0.2225209339563146,1.0,6.123233995736766e-17,0.8996308696522433,0.43665123195606403,8344.0,8094.0,8284.0,7745.857142857143,8344.0,3525.102146443013,7103.766666666666,7905.5,3064.306724578801,2740.0,1,1,0,0,1,0,1,0,0,9232
287,2,2015-03-07,-0.7818314824680299,0.6234898018587334,1.0,6.123233995736766e-17,0.9070138128026359,0.4211008707960896,9232.0,10770.0,9863.0,7561.571428571428,8344.0,3371.0076068905983,7149.966666666666,7905.5,3090.0908644528113,2740.0,0,1,0,0,1,0,1,0,0,9480
287,2,2015-03-08,-2.4492935982947064e-16,1.0,1.0,6.123233995736766e-17,0.9141279881853337,0.40542572835999735,9480.0,0.0,0.0,7561.571428571428,8344.0,3371.0076068905983,6880.2,7671.0,3347.4677758486096,2740.0,0,1,0,0,1,0,1,0,0,0
287,2,2015-03-09,0.7818314824680298,0.6234898018587336,1.0,6.123233995736766e-17,0.9209712877166346,0.38963044953078796,0.0,9219.0,7267.0,7270.714285714285,8329.0,3291.053920062978,6795.533333333334,7494.5,3304.937776380538,2740.0,0,1,0,0,1,0,1,0,0,7183
287,2,2015-03-10,0.9749279121818236,-0.22252093395631434,1.0,6.123233995736766e-17,0.9275416835791966,0.37371971479046906,7183.0,8329.0,6599.0,7006.428571428572,8327.0,3266.091693810959,7011.5,7494.5,3047.2003515946617,2740.0,0,1,0,0,1,0,1,0,0,6479
287,2,2015-03-11,0.43388373911755823,-0.900968867902419,1.0,6.123233995736766e-17,0.9338372288229252,0.35769823883312546,6479.0,8327.0,6769.0,6821.714285714285,7183.0,3215.124295901361,7005.5,7494.5,3046.9650785092995,2740.0,0,1,0,0,1,0,1,0,0,7034
287,2,2015-03-12,-0.433883739117558,-0.9009688679024191,1.0,6.123233995736766e-17,0.9398560579418954,0.3415707691678556,7034.0,8344.0,7212.0,6663.857142857143,7183.0,3154.480592668751,7028.633333333333,7494.5,3045.9826395155137,2740.0,0,1,0,0,1,0,1,0,0,7239
287,2,2015-03-13,-0.9749279121818236,-0.2225209339563146,1.0,6.123233995736766e-17,0.9455963874271426,0.3253420847119801,7239.0,9232.0,8094.0,6361.714285714285,7117.0,2962.9781028713687,7048.833333333333,7494.5,3044.4404965086146,2740.0,0,1,0,0,1,0,1,0,0,7117
287,2,2015-03-14,-0.7818314824680299,0.6234898018587334,1.0,6.123233995736766e-17,0.9510565162951535,0.30901699437494745,7117.0,9480.0,10770.0,6350.571428571428,7117.0,2949.41230627068,7130.833333333333,7671.0,3074.4451709528685,2740.0,0,1,0,0,1,0,1,0,0,9402
287,2,2015-03-15,-2.4492935982947064e-16,1.0,1.0,6.123233995736766e-17,0.9562348265919056,0.29260033563334836,9402.0,0.0,0.0,6350.571428571428,7117.0,2949.41230627068,6885.333333333333,7671.0,3337.8705924517258,2740.0,0,1,0,0,1,0,1,0,0,0
287,2,2015-03-16,0.7818314824680298,0.6234898018587336,1.0,6.123233995736766e-17,0.9611297838723007,0.27609697309746883,0.0,7183.0,9219.0,6873.571428571428,7117.0,3410.216457310925,6905.533333333334,7671.0,3360.6159609187152,2740.0,1,1,0,0,1,0,1,0,0,10844
287,2,2015-03-17,0.9749279121818236,-0.22252093395631434,1.0,6.123233995736766e-17,0.9657399376548549,0.2595117970697999,10844.0,6479.0,8329.0,7248.0,7239.0,3502.3177563817167,7208.866666666667,7906.0,3117.73242900198,2740.0,1,1,0,0,1,0,1,0,0,9100
287,2,2015-03-18,0.43388373911755823,-0.900968867902419,1.0,6.123233995736766e-17,0.970063921851507,0.2428497220959356,9100.0,7034.0,8327.0,7400.428571428572,8101.0,3514.649098518127,7127.433333333333,7906.0,3058.9679089222404,2740.0,1,1,0,0,1,0,1,0,0,8101
287,2,2015-03-19,-0.433883739117558,-0.9009688679024191,1.0,6.123233995736766e-17,0.9741004551724205,0.22611568550828828,8101.0,7239.0,8344.0,7483.0,8101.0,3517.0133162481297,7133.866666666667,7955.5,3060.2509332916893,2740.0,1,1,0,0,1,0,1,0,0,7817
287,2,2015-03-20,-0.9749279121818236,-0.2225209339563146,1.0,6.123233995736766e-17,0.9778483415056568,0.20931464596304847,7817.0,7117.0,9232.0,7703.285714285715,8659.0,3538.493922291692,7149.4,7955.5,3066.987554925676,2740.0,1,1,0,0,1,0,1,0,0,8659
287,2,2015-03-21,-0.7818314824680299,0.6234898018587334,1.0,6.123233995736766e-17,0.9813064702716093,0.19245158197082998,8659.0,9402.0,9480.0,7680.714285714285,8659.0,3526.3351946123767,7200.266666666666,8097.5,3089.3163392048687,2740.0,0,1,0,0,1,0,1,0,0,9244
287,2,2015-03-22,-2.4492935982947064e-16,1.0,1.0,6.123233995736766e-17,0.9844738167520922,0.1755314904214282,9244.0,0.0,0.0,7680.714285714285,8659.0,3526.3351946123767,6924.133333333333,7955.5,3348.464709780243,2740.0,0,1,0,0,1,0,1,0,0,0
287,2,2015-03-23,0.7818314824680298,0.6234898018587336,1.0,6.123233995736766e-17,0.9873494423939864,0.15855938510313478,0.0,10844.0,7183.0,7227.571428571428,8101.0,3244.651232266361,6851.1,7744.5,3305.7766195889126,2740.0,0,1,0,0,1,0,1,0,0,7672
287,2,2015-03-24,0.9749279121818236,-0.22252093395631434,1.0,6.123233995736766e-17,0.989932495087353,0.141540295217043,7672.0,9100.0,6479.0,6874.0,7817.0,3139.760712750786,7071.933333333333,7744.5,3043.1785893103265,2740.0,0,1,0,0,1,0,1,0,0,6625
287,2,2015-03-25,0.43388373911755823,-0.900968867902419,1.0,6.123233995736766e-17,0.9922222094179323,0.12447926388678915,6625.0,8101.0,7034.0,6676.714285714285,7672.0,3092.8498031365657,7053.7,7744.5,3043.6081938927427,2740.0,0,1,0,0,1,0,1,0,0,6720
287,2,2015-03-26,-0.433883739117558,-0.9009688679024191,1.0,6.123233995736766e-17,0.994217906893952,0.10738134666416309,6720.0,7817.0,7239.0,6472.0,6720.0,3051.9500323563593,7046.533333333334,7744.5,3044.9685999551216,2740.0,0,1,0,0,1,0,1,0,0,6384
287,2,2015-03-27,-0.9749279121818236,-0.2225209339563146,1.0,6.123233995736766e-17,0.995918996147179,0.09025161003104117,6384.0,8659.0,7117.0,6470.571428571428,6720.0,3050.7578215443896,7109.2,7955.5,3058.3759539765674,2740.0,0,1,0,0,1,0,1,0,0,8649
287,2,2015-03-28,-0.7818314824680299,0.6234898018587334,1.0,6.123233995736766e-17,0.9973249731081555,0.07309512989807777,8649.0,9244.0,9402.0,6571.714285714285,6720.0,3167.5324104779984,7200.533333333334,8097.5,3102.1512639405296,2740.0,0,1,0,0,1,0,1,0,0,9952
287,2,2015-03-29,-2.4492935982947064e-16,1.0,1.0,6.123233995736766e-17,0.9984354211555643,0.055916990100603484,9952.0,0.0,0.0,6571.714285714285,6720.0,3167.5324104779984,6930.733333333334,7959.0,3362.791163482414,2740.0,0,1,0,0,1,0,1,0,0,0
287,2,2015-03-30,0.7818314824680298,0.6234898018587336,1.0,6.123233995736766e-17,0.9992500112396835,0.03872228089217446,0.0,7672.0,10844.0,7030.714285714285,6720.0,3561.8021522016866,6934.566666666667,7959.0,3367.3809702572385,2740.0,1,1,0,0,1,0,1,0,0,10885
287,2,2015-03-31,0.9749279121818236,-0.22252093395631434,1.0,6.123233995736766e-17,0.9997685019798909,0.021516097436222254,10885.0,6625.0,9100.0,7269.285714285715,8295.0,3585.944957482649,7211.066666666667,8198.0,3108.9824250934967,2740.0,1,1,0,0,1,0,1,0,0,8295
287,2,2015-04-01,0.43388373911755823,-0.900968867902419,0.8660254037844387,-0.49999999999999983,0.9999907397361901,0.004303538296244289,8295.0,6720.0,8101.0,7852.0,8649.0,3806.448125659056,7263.733333333334,8198.0,3157.1792073188444,2740.0,1,1,0,0,1,0,1,0,0,10799
287,2,2015-04-02,-0.433883739117558,-0.9009688679024191,0.8660254037844387,-0.49999999999999983,0.9999166586547379,-0.01291029607500882,10799.0,6384.0,7817.0,8472.42857142857,9952.0,3880.5146504530776,7343.666666666667,8198.0,3214.9080464496096,2740.0,1,1,0,0,1,0,1,0,0,10727
287,2,2015-04-03,-0.9749279121818236,-0.2225209339563146,0.8660254037844387,-0.49999999999999983,0.9995462806873573,-0.030120304846908114,10727.0,8649.0,8659.0,7236.857142857143,9952.0,5023.524241956418,7066.1,7959.0,3475.949767007375,2740.0,1,1,0,0,1,0,1,0,0,0
287,2,2015-04-04,-0.7818314824680299,0.6234898018587334,0.8660254037844387,-0.49999999999999983,0.9988797155850336,-0.04732138832243185,0.0,9952.0,9244.0,7230.285714285715,9906.0,5019.40891985918,7118.166666666667,7959.0,3507.3088817430994,2740.0,0,1,0,0,1,0,1,0,0,9906
287,2,2015-04-05,-2.4492935982947064e-16,1.0,0.8660254037844387,-0.49999999999999983,0.9979171608653922,-0.06450844944931623,9906.0,0.0,0.0,7230.285714285715,9906.0,5019.40891985918,6810.433333333333,7744.5,3714.344344456422,2740.0,0,1,0,0,1,0,1,0,0,0
287,2,2015-04-06,0.7818314824680298,0.6234898018587336,0.8660254037844387,-0.49999999999999983,0.9966589017541702,-0.08167639533042241,0.0,10885.0,7672.0,5675.285714285715,8295.0,5372.161505213261,6494.433333333333,7455.5,3879.006268792735,2740.0,0,1,0,0,1,0,1,0,0,0
287,2,2015-04-07,0.9749279121818236,-0.22252093395631434,0.8660254037844387,-0.49999999999999983,0.9951053111006976,-0.09882013873287143,0.0,8295.0,6625.0,5703.857142857143,8495.0,5388.922076153738,6777.6,7744.5,3694.23176279472,2740.0,0,1,0,0,1,0,1,0,0,8495
287,2,2015-04-08,0.43388373911755823,-0.900968867902419,0.8660254037844387,-0.49999999999999983,0.9932568492674143,-0.11593459959550041,8495.0,10799.0,6720.0,5152.857142857143,6942.0,4961.353929072565,6769.566666666667,7744.5,3693.5817742387276,2740.0,0,1,0,0,1,0,1,0,0,6942
287,2,2015-04-09,-0.433883739117558,-0.9009688679024191,0.8660254037844387,-0.49999999999999983,0.9911140639934547,-0.1330147065341959,6942.0,10727.0,6384.0,4460.0,5877.0,4354.7513132209915,6749.5,7744.5,3696.8486556469447,2740.0,0,1,0,0,1,0,1,0,0,5877
287,2,2015-04-10,-0.9749279121818236,-0.2225209339563146,0.8660254037844387,-0.49999999999999983,0.9886775902323405,-0.1500553983446526,5877.0,0.0,8649.0,5447.857142857143,6915.0,3938.856578101964,6745.533333333334,7744.5,3696.596698860046,2740.0,0,1,0,0,1,0,1,0,0,6915
287,2,2015-04-11,-0.7818314824680299,0.6234898018587334,0.8660254037844387,-0.49999999999999983,0.9859481499638304,-0.16705162550211924,6915.0,9906.0,9952.0,5396.857142857143,6915.0,3873.2775711091385,6822.533333333334,7959.0,3731.127376390489,2740.0,0,1,0,0,1,0,1,0,0,9549
287,2,2015-04-12,-2.4492935982947064e-16,1.0,0.8660254037844387,-0.49999999999999983,0.9829265519799822,-0.18399835165768005,9549.0,0.0,0.0,5396.857142857143,6915.0,3873.2775711091385,6585.3,7959.0,3932.577878309026,2740.0,0,1,0,0,1,0,1,0,0,0
287,2,2015-04-13,0.7818314824680298,0.6234898018587336,0.8660254037844387,-0.49999999999999983,0.9796136916454901,-0.20089055513063506,0.0,0.0,10885.0,6999.857142857143,6942.0,3578.1975177721074,6645.933333333333,7959.0,3991.0914498316797,2740.0,1,1,0,0,1,0,1,0,0,11221
287,2,2015-04-14,0.9749279121818236,-0.22252093395631434,0.8660254037844387,-0.49999999999999983,0.9760105506323683,-0.21772323039653177,11221.0,8495.0,8295.0,7038.857142857143,6942.0,3598.638975528175,6938.2,8198.0,3804.2973015552675,2740.0,1,1,0,0,1,0,1,0,0,8768
287,2,2015-04-15,0.43388373911755823,-0.900968867902419,0.8660254037844387,-0.49999999999999983,0.9721181966290613,-0.23449138957040985,8768.0,6942.0,10799.0,7194.571428571428,8032.0,3617.2834584875454,6844.466666666666,8066.5,3738.8233787478202,2740.0,1,1,0,0,1,0,1,0,0,8032
287,2,2015-04-16,-0.433883739117558,-0.9009688679024191,0.8660254037844387,-0.49999999999999983,0.9679377830240642,-0.25119006388481935,8032.0,5877.0,10727.0,7530.142857142857,8226.0,3583.4813347065838,6815.333333333333,8066.5,3724.017799999437,2740.0,1,1,0,0,1,0,1,0,0,8226
287,2,2015-04-17,-0.9749279121818236,-0.2225209339563146,0.8660254037844387,-0.49999999999999983,0.9634705485641488,-0.2678143051621742,8226.0,6915.0,0.0,7773.428571428572,8618.0,3592.555908038309,6832.566666666667,8129.0,3731.361530957922,2740.0,1,1,0,0,1,0,1,0,0,8618
287,2,2015-04-18,-0.7818314824680299,0.6234898018587334,0.8660254037844387,-0.49999999999999983,0.9587178169872964,-0.2843591872810034,8618.0,9549.0,9906.0,7851.571428571428,8618.0,3643.2057246854674,6908.533333333334,8260.5,3775.0381019619354,2740.0,0,1,0,0,1,0,1,0,0,10096
287,2,2015-04-19,-2.4492935982947064e-16,1.0,0.8660254037844387,-0.49999999999999983,0.9536809966304457,-0.30081980763566735,10096.0,0.0,0.0,7851.571428571428,8618.0,3643.2057246854674,6619.9,8129.0,3962.9355659662197,2740.0,0,1,0,0,1,0,1,0,0,0
287,2,2015-04-20,0.7818314824680298,0.6234898018587336,0.8660254037844387,-0.49999999999999983,0.9483615800121715,-0.3171912885891061,0.0,11221.0,0.0,7233.285714285715,8226.0,3329.853786293813,6541.533333333334,7852.0,3932.3825079086278,2740.0,0,1,0,0,1,0,1,0,0,6893
287,2,2015-04-21,0.9749279121818236,-0.22252093395631434,0.8660254037844387,-0.49999999999999983,0.9427611433904207,-0.3334687789181868,6893.0,8768.0,8495.0,6938.714285714285,8032.0,3261.973672195292,6765.066666666667,7852.0,3733.269390257002,2740.0,0,1,0,0,1,0,1,0,0,6706
287,2,2015-04-22,0.43388373911755823,-0.900968867902419,0.8660254037844387,-0.49999999999999983,0.9368813462954315,-0.3496474552512284,6706.0,8032.0,6942.0,6798.0,7047.0,3228.02008461327,6744.233333333334,7539.5,3729.776028066596,2740.0,0,1,0,0,1,0,1,0,0,7047
287,2,2015-04-23,-0.433883739117558,-0.9009688679024191,0.8660254037844387,-0.49999999999999983,0.9307239310379795,-0.36572252349726897,7047.0,8226.0,5877.0,6617.571428571428,6963.0,3169.669849113776,6755.5,7539.5,3729.9139377147326,2740.0,0,1,0,0,1,0,1,0,0,6963
287,2,2015-04-24,-0.9749279121818236,-0.2225209339563146,0.8660254037844387,-0.49999999999999983,0.9242907221930934,-0.3816892202666588,6963.0,8618.0,6915.0,6344.857142857143,6893.0,3048.6848218300843,6755.133333333333,7539.5,3729.9180885277415,2740.0,0,1,0,0,1,0,1,0,0,6709
287,2,2015-04-25,-0.7818314824680299,0.6234898018587334,0.8660254037844387,-0.49999999999999983,0.9175836260593937,-0.39754281428255595,6709.0,10096.0,9549.0,6312.714285714285,6893.0,3003.3940086889297,6871.366666666667,8129.0,3772.0476418841376,2740.0,0,1,0,0,1,0,1,0,0,9871
287,2,2015-04-26,-2.4492935982947064e-16,1.0,0.8660254037844387,-0.49999999999999983,0.9106046300942163,-0.4132786077829042,9871.0,0.0,0.0,6312.714285714285,6893.0,3003.3940086889297,6583.066666666667,7539.5,3957.4641474258387,2740.0,0,1,0,0,1,0,1,0,0,0
287,2,2015-04-27,0.7818314824680298,0.6234898018587336,0.8660254037844387,-0.49999999999999983,0.9033558023246845,-0.4288919379124835,0.0,6893.0,11221.0,6730.428571428572,6963.0,3287.4545298322046,6578.566666666667,7539.5,3953.576108680145,2740.0,1,1,0,0,1,0,1,0,0,9817
287,2,2015-04-28,0.9749279121818236,-0.22252093395631434,0.8660254037844387,-0.49999999999999983,0.895839290734909,-0.4443781781046132,9817.0,6706.0,8768.0,6962.857142857143,7047.0,3342.494598777557,6856.333333333333,8129.0,3763.609898922093,2740.0,1,1,0,0,1,0,1,0,0,8333
287,2,2015-04-29,0.43388373911755823,-0.900968867902419,0.8660254037844387,-0.49999999999999983,0.8880573226294932,-0.45973273945210397,8333.0,7047.0,8032.0,7235.142857142857,8333.0,3427.0549275129047,6791.933333333333,8129.0,3708.4221938468786,2740.0,1,1,0,0,1,0,1,0,0,8953
287,2,2015-04-30,-0.433883739117558,-0.9009688679024191,0.8660254037844387,-0.49999999999999983,0.8800122039735357,-0.47495107206704995,8953.0,6963.0,8226.0,7864.285714285715,8953.0,3757.1192295110786,6894.333333333333,8129.0,3792.8104067576587,2740.0,1,1,0,0,1,0,1,0,0,11367
287,2,2015-05-01,-0.9749279121818236,-0.2225209339563146,0.49999999999999994,-0.8660254037844387,0.8717063187093218,-0.49002866642905923,11367.0,6709.0,8618.0,6905.857142857143,8953.0,4809.329074086856,6534.366666666667,7539.5,3919.777628134406,2740.0,1,1,0,0,1,0,1,0,0,0
287,2,2015-05-02,-0.7818314824680299,0.6234898018587334,0.49999999999999994,-0.8660254037844387,0.8631421280499114,-0.5049610547215204,0.0,9871.0,10096.0,7011.285714285715,8953.0,4892.532838053166,6530.433333333333,7539.5,3915.48227252235,2740.0,0,1,0,0,1,0,1,0,0,10609
287,2,2015-05-03,-2.4492935982947064e-16,1.0,0.49999999999999994,-0.8660254037844387,0.854322169749827,-0.5197438121555155,10609.0,0.0,0.0,7011.285714285715,8953.0,4892.532838053166,6530.433333333333,7539.5,3915.48227252235,2740.0,0,1,0,0,1,0,1,0,0,0
287,2,2015-05-04,0.7818314824680298,0.6234898018587336,0.49999999999999994,-0.8660254037844387,0.8452490573530633,-0.5343725582809787,0.0,9817.0,6893.0,7018.0,8953.0,4897.055169521101,6529.033333333334,7539.5,3914.241014933611,2740.0,1,1,0,0,1,0,1,0,0,9864
287,2,2015-05-05,0.9749279121818236,-0.22252093395631434,0.49999999999999994,-0.8660254037844387,0.835925479418637,-0.548842958284719,9864.0,8333.0,6706.0,7076.714285714285,8953.0,4917.869041034125,6820.5,8129.0,3732.6445072148754,2740.0,1,1,0,0,1,0,1,0,0,8744
287,2,2015-05-06,0.43388373911755823,-0.900968867902419,0.49999999999999994,-0.8660254037844387,0.8263541987239096,-0.5631507242749186,8744.0,8953.0,7047.0,6977.142857142857,8744.0,4880.462424421529,7095.7,8241.0,3510.161624631334,2740.0,1,1,0,0,1,0,1,0,0,8256
287,2,2015-05-07,-0.433883739117558,-0.9009688679024191,0.49999999999999994,-0.8660254037844387,0.8165380514459161,-0.5772916165517272,8256.0,11367.0,6963.0,6528.571428571428,8256.0,4542.324363037894,7086.766666666666,8226.5,3506.8170525748683,2740.0,1,1,0,0,1,0,1,0,0,8227
287,2,2015-05-08,-0.9749279121818236,-0.2225209339563146,0.49999999999999994,-0.8660254037844387,0.8064799463209448,-0.5912614448635781,8227.0,0.0,6709.0,7688.857142857143,8256.0,3518.740135738522,7126.1,8226.5,3511.7514379678078,2740.0,1,1,0,0,1,0,1,0,0,8122
287,2,2015-05-09,-0.7818314824680299,0.6234898018587334,0.49999999999999994,-0.8660254037844387,0.7961828637826158,-0.6050560696488488,8122.0,10609.0,9871.0,7648.571428571428,8256.0,3481.1491329321548,7274.433333333333,8241.5,3550.934667470479,2740.0,0,1,0,0,1,0,1,0,0,10327
287,2,2015-05-10,-2.4492935982947064e-16,1.0,0.49999999999999994,-0.8660254037844387,0.7856498550787145,-0.6186714032625031,10327.0,0.0,0.0,7648.571428571428,8256.0,3481.1491329321548,7043.933333333333,8241.5,3791.3661165713156,2740.0,0,1,0,0,1,0,1,0,0,0
287,2,2015-05-11,0.7818314824680298,0.6234898018587336,0.49999999999999994,-0.8660254037844387,0.7748840413670407,-0.6321034111873487,0.0,9864.0,9817.0,7203.571428571428,8227.0,3347.2706721119744,6950.6,8226.5,3761.921497283555,2740.0,0,1,0,0,1,0,1,0,0,6749
287,2,2015-05-12,0.9749279121818236,-0.22252093395631434,0.49999999999999994,-0.8660254037844387,0.7638886127905428,-0.6453481132295501,6749.0,8744.0,8333.0,6934.0,8122.0,3277.7999735595,7179.166666666667,8226.5,3525.9637282087406,2740.0,0,1,0,0,1,0,1,0,0,6857
287,2,2015-05-13,0.43388373911755823,-0.900968867902419,0.49999999999999994,-0.8660254037844387,0.7526668275320084,-0.6584015846980488,6857.0,8256.0,8953.0,6866.714285714285,7785.0,3250.8629989735387,7064.633333333333,8174.0,3445.022731353196,2740.0,0,1,0,0,1,0,1,0,0,7785
287,2,2015-05-14,-0.433883739117558,-0.9009688679024191,0.49999999999999994,-0.8660254037844387,0.741222010848596,-0.6712599575675313,7785.0,8227.0,11367.0,5691.428571428572,6857.0,4062.859701291803,6772.366666666667,8077.0,3660.705881462579,2740.0,0,1,0,0,1,0,1,0,0,0
287,2,2015-05-15,-0.9749279121818236,-0.2225209339563146,0.49999999999999994,-0.8660254037844387,0.7295575540864875,-0.6839194216246106,0.0,8122.0,0.0,5968.857142857143,6857.0,4314.972206498799,6840.1,8174.0,3703.3665890785715,2740.0,0,1,0,0,1,0,1,0,0,10064
287,2,2015-05-16,-0.7818314824680299,0.6234898018587334,0.49999999999999994,-0.8660254037844387,0.717676913675962,-0.6963762255968722,10064.0,10327.0,10609.0,5762.142857142857,6857.0,4100.734463831707,6861.9,8174.5,3713.716489188286,2740.0,0,1,0,0,1,0,1,0,0,8880
287,2,2015-05-17,-2.4492935982947064e-16,1.0,0.49999999999999994,-0.8660254037844387,0.705583610107178,-0.7086266782644596,8880.0,0.0,0.0,5762.142857142857,6857.0,4100.734463831707,6574.633333333333,7953.5,3901.746447897168,2740.0,0,1,0,0,1,0,1,0,0,0
287,2,2015-05-18,0.7818314824680298,0.6234898018587336,0.49999999999999994,-0.8660254037844387,0.6932812268869777,-0.7206671495538609,0.0,6749.0,9864.0,6147.571428571428,7785.0,4329.367500268479,6553.0,7953.5,3883.304502877539,2740.0,1,1,0,0,1,0,1,0,0,9447
287,2,2015-05-19,0.9749279121818236,-0.22252093395631434,0.49999999999999994,-0.8660254037844387,0.6807734094770161,-0.7324940716135789,9447.0,6857.0,8744.0,6427.714285714285,8818.0,4444.829907292505,6846.933333333333,8174.5,3699.571614840472,2740.0,1,1,0,0,1,0,1,0,0,8818
287,2,2015-05-20,0.43388373911755823,-0.900968867902419,0.49999999999999994,-0.8660254037844387,0.6680638642135335,-0.7441039398713607,8818.0,7785.0,8256.0,6455.142857142857,8818.0,4455.181867914088,6883.066666666667,8174.5,3705.3262403095414,2740.0,1,1,0,0,1,0,1,0,0,7977
287,2,2015-05-21,-0.433883739117558,-0.9009688679024191,0.49999999999999994,-0.8660254037844387,0.6551563572090853,-0.7554933140726803,7977.0,0.0,8227.0,7759.0,8880.0,3479.978927139264,6963.766666666666,8241.5,3727.6337292631415,2740.0,1,1,0,0,1,0,1,0,0,9127
287,2,2015-05-22,-0.9749279121818236,-0.2225209339563146,0.49999999999999994,-0.8660254037844387,0.6420547132365637,-0.766658819300159,9127.0,10064.0,8122.0,7565.428571428572,8818.0,3366.2220592796543,7019.166666666667,8294.5,3741.2388698944633,2740.0,1,1,0,0,1,0,1,0,0,8709
287,2,2015-05-23,-0.7818314824680299,0.6234898018587334,0.49999999999999994,-0.8660254037844387,0.6287628145958344,-0.777597146973627,8709.0,8880.0,10327.0,7688.428571428572,8818.0,3437.2424925193977,7111.766666666666,8521.0,3774.036343623165,2740.0,0,1,0,0,1,0,1,0,0,9741
287,2,2015-05-24,-2.4492935982947064e-16,1.0,0.49999999999999994,-0.8660254037844387,0.6152845999633276,-0.7883050558305255,9741.0,0.0,0.0,7688.428571428572,8818.0,3437.2424925193977,6888.133333333333,8521.0,3991.2482165904926,2740.0,0,1,0,0,1,0,1,0,0,0
287,2,2015-05-25,0.7818314824680298,0.6234898018587336,0.49999999999999994,-0.8660254037844387,0.6016240632249226,-0.7987793728863649,0.0,9447.0,6749.0,6338.857142857143,8709.0,4361.914236837285,6559.1,8294.5,4140.93445517663,2740.0,0,1,0,0,1,0,1,0,0,0
287,2,2015-05-26,0.9749279121818236,-0.22252093395631434,0.49999999999999994,-0.8660254037844387,0.5877852522924732,-0.8090169943749473,0.0,8818.0,6857.0,6304.857142857143,8580.0,4340.242982006553,6845.1,8456.5,3964.850611178878,2740.0,0,1,0,0,1,0,1,0,0,8580
287,2,2015-05-27,0.43388373911755823,-0.900968867902419,0.49999999999999994,-0.8660254037844387,0.5737722679043246,-0.8190148866680801,8580.0,7977.0,7785.0,6223.714285714285,8580.0,4308.968078874789,6764.833333333333,8294.5,3926.803043657546,2740.0,0,1,0,0,1,0,1,0,0,7409
287,2,2015-05-28,-0.433883739117558,-0.9009688679024191,0.49999999999999994,-0.8660254037844387,0.5595892624101765,-0.8287700871745037,7409.0,9127.0,0.0,5788.428571428572,7409.0,4116.400242005257,6689.733333333334,8241.5,3917.3105300072593,2740.0,0,1,0,0,1,0,1,0,0,6080
287,2,2015-05-29,-0.9749279121818236,-0.2225209339563146,0.49999999999999994,-0.8660254037844387,0.545240438540651,-0.8382797052177743,6080.0,8709.0,10064.0,5652.142857142857,7409.0,4018.2117676304456,6649.8,8174.5,3899.5088497098614,2740.0,0,1,0,0,1,0,1,0,0,7755
287,2,2015-05-30,-0.7818314824680299,0.6234898018587334,0.49999999999999994,-0.8660254037844387,0.5307300481619334,-0.8475409228928311,7755.0,9741.0,8880.0,5729.428571428572,7409.0,4114.024139337007,6613.633333333333,8174.5,3859.0715739208163,2740.0,0,1,0,0,1,0,1,0,0,10282
287,2,2015-05-31,-2.4492935982947064e-16,1.0,0.49999999999999994,-0.8660254037844387,0.5160623910158528,-0.8565509959010036,10282.0,0.0,0.0,5729.428571428572,7409.0,4114.024139337007,6613.633333333333,8174.5,3859.0715739208163,2740.0,0,1,0,0,1,0,1,0,0,0
287,2,2015-06-01,0.7818314824680298,0.6234898018587336,1.2246467991473532e-16,-1.0,0.5012418134457758,-0.865307254363206,0.0,0.0,9447.0,7129.857142857143,7755.0,3454.234089180573,6586.766666666666,8174.5,3833.0145666063027,2740.0,1,1,0,0,1,0,1,0,0,9803
287,2,2015-06-02,0.9749279121818236,-0.22252093395631434,1.2246467991473532e-16,-1.0,0.48627270710869,-0.8738071036110808,9803.0,8580.0,8818.0,7162.285714285715,7755.0,3471.1412971473674,6880.333333333333,8241.5,3643.7311242388805,2740.0,1,1,0,0,1,0,1,0,0,8807
287,2,2015-06-03,0.43388373911755823,-0.900968867902419,1.2246467991473532e-16,-1.0,0.4711595076738638,-0.8820480249558537,8807.0,7409.0,7977.0,7449.0,8807.0,3576.214385818241,6865.4,8241.5,3631.9804002205487,2740.0,1,1,0,0,1,0,1,0,0,9416
287,2,2015-06-04,-0.433883739117558,-0.9009688679024191,1.2246467991473532e-16,-1.0,0.4559066935084588,-0.8900275764346767,9416.0,6080.0,9127.0,6580.428571428572,8807.0,4565.602948758716,6573.933333333333,8174.5,3821.9112472177067,2740.0,1,1,0,0,1,0,1,0,0,0
287,2,2015-06-05,-0.9749279121818236,-0.2225209339563146,1.2246467991473532e-16,-1.0,0.440518784350495,-0.8977433935342337,0.0,7755.0,8709.0,6982.142857142857,9416.0,4803.677321544798,6650.966666666666,8174.5,3879.8345635129717,2740.0,1,1,0,0,1,0,1,0,0,10567
287,2,2015-06-06,-0.7818314824680299,0.6234898018587334,1.2246467991473532e-16,-1.0,0.42500033996955416,-0.9051931898913974,10567.0,10282.0,9741.0,6621.571428571428,8807.0,4605.335849394079,6635.333333333333,8049.5,3874.205950530566,2740.0,0,1,0,0,1,0,1,0,0,7758
287,2,2015-06-07,-2.4492935982947064e-16,1.0,1.2246467991473532e-16,-1.0,0.4093559588156213,-0.9123747579707273,7758.0,0.0,0.0,6621.571428571428,8807.0,4605.335849394079,6364.6,7881.0,4046.6812933137176,2740.0,0,1,0,0,1,0,1,0,0,0
287,2,2015-06-08,0.7818314824680298,0.6234898018587336,1.2246467991473532e-16,-1.0,0.39359027665646673,-0.9192859697186104,0.0,9803.0,0.0,6383.714285714285,8138.0,4454.150600443206,6291.633333333333,7881.0,3992.1382437825564,2740.0,0,1,0,0,1,0,1,0,0,8138
287,2,2015-06-09,0.9749279121818236,-0.22252093395631434,1.2246467991473532e-16,-1.0,0.3777079652039649,-0.9259247771938498,8138.0,8807.0,8580.0,6235.285714285715,7768.0,4376.5751722203095,6550.566666666667,7881.0,3818.1123670115376,2740.0,0,1,0,0,1,0,1,0,0,7768
287,2,2015-06-10,0.43388373911755823,-0.900968867902419,1.2246467991473532e-16,-1.0,0.36171373072976765,-0.9322892131745133,7768.0,9416.0,7409.0,5959.857142857143,7758.0,4200.154458611072,6575.2,7881.0,3821.8188520560525,2740.0,0,1,0,0,1,0,1,0,0,7488
287,2,2015-06-11,-0.433883739117558,-0.9009688679024191,1.2246467991473532e-16,-1.0,0.3456123126707335,-0.9383773917408641,7488.0,0.0,6080.0,6917.428571428572,7758.0,3277.741796681717,6570.066666666667,7881.0,3821.5307091425484,2740.0,0,1,0,0,1,0,1,0,0,6703
287,2,2015-06-12,-0.9749279121818236,-0.2225209339563146,1.2246467991473532e-16,-1.0,0.3294084822245304,-0.9441875088341993,6703.0,10567.0,7755.0,6294.142857142857,7488.0,2855.7474461496895,6517.366666666667,7872.5,3815.0944986111867,2740.0,0,1,0,0,1,0,1,0,0,6204
287,2,2015-06-13,-0.7818314824680299,0.6234898018587334,1.2246467991473532e-16,-1.0,0.3131070409358269,-0.9497178427914316,6204.0,7758.0,10282.0,6532.428571428572,7488.0,3060.4997335480393,6831.566666666667,8057.5,3644.1538697531405,2740.0,0,1,0,0,1,0,1,0,0,9426
287,2,2015-06-14,-2.4492935982947064e-16,1.0,1.2246467991473532e-16,-1.0,0.29671281927349075,-0.9549667548552551,9426.0,0.0,0.0,6532.428571428572,7488.0,3060.4997335480393,6496.1,7872.5,3796.3748892858316,2740.0,0,1,0,0,1,0,1,0,0,0
287,2,2015-06-15,0.7818314824680298,0.6234898018587336,1.2246467991473532e-16,-1.0,0.28023067519921585,-0.9599326896597447,0.0,8138.0,9803.0,6747.714285714285,7488.0,3240.0040490862416,6521.6,7872.5,3815.46079469598,2740.0,1,1,0,0,1,0,1,0,0,9645
287,2,2015-06-16,0.9749279121818236,-0.22252093395631434,1.2246467991473532e-16,-1.0,0.26366549272800704,-0.9646141756912435,9645.0,7768.0,8807.0,7151.428571428572,7488.0,3549.5960266459847,6874.733333333334,8057.5,3678.8611987325967,2740.0,1,1,0,0,1,0,1,0,0,10594
287,2,2015-06-17,0.43388373911755823,-0.900968867902419,1.2246467991473532e-16,-1.0,0.24702218048093552,-0.9690098257244062,10594.0,7488.0,9416.0,7223.571428571428,7993.0,3562.6844212916603,6826.266666666666,7985.0,3653.2935818795495,2740.0,1,1,0,0,1,0,1,0,0,7993
287,2,2015-06-18,-0.433883739117558,-0.9009688679024191,1.2246467991473532e-16,-1.0,0.23030567023061221,-0.9731183372332619,7993.0,6703.0,0.0,7438.714285714285,8209.0,3571.470085473009,6805.966666666666,7985.0,3643.523554939958,2740.0,1,1,0,0,1,0,1,0,0,8209
287,2,2015-06-19,-0.9749279121818236,-0.2225209339563146,1.2246467991473532e-16,-1.0,0.21352091543979612,-0.9769384927771817,8209.0,6204.0,10567.0,7823.714285714285,8899.0,3561.4306916502796,6836.7,8065.5,3657.603258494794,2740.0,1,1,0,0,1,0,1,0,0,8899
287,2,2015-06-20,-0.7818314824680299,0.6234898018587334,1.2246467991473532e-16,-1.0,0.19667288979357647,-0.980469160361632,8899.0,9426.0,7758.0,7811.285714285715,8899.0,3555.0532445279337,6843.766666666666,8065.5,3662.382488954739,2740.0,0,1,0,0,1,0,1,0,0,9339
287,2,2015-06-21,-2.4492935982947064e-16,1.0,1.2246467991473532e-16,-1.0,0.1797665857255624,-0.9837092937736097,9339.0,0.0,0.0,7811.285714285715,8899.0,3555.0532445279337,6553.466666666666,7880.5,3849.8013538840974,2740.0,0,1,0,0,1,0,1,0,0,0
287,2,2015-06-22,0.7818314824680298,0.6234898018587336,1.2246467991473532e-16,-1.0,0.16280701293851715,-0.986657932891657,0.0,9645.0,8138.0,7460.428571428572,8209.0,3463.943988054796,6468.4,7763.0,3804.8724986567545,2740.0,0,1,0,0,1,0,1,0,0,7189
287,2,2015-06-23,0.9749279121818236,-0.22252093395631434,1.2246467991473532e-16,-1.0,0.1457991969198751,-0.9893142039703663,7189.0,10594.0,7768.0,6906.0,7993.0,3177.5538285500907,6692.166666666667,7763.0,3603.40869353501,2740.0,0,1,0,0,1,0,1,0,0,6713
287,2,2015-06-24,0.43388373911755823,-0.900968867902419,1.2246467991473532e-16,-1.0,0.12874817745258132,-0.99167731989929,6713.0,7993.0,7488.0,6823.571428571428,7416.0,3152.037957530697,6939.366666666667,7763.0,3375.661758706789,2740.0,0,1,0,0,1,0,1,0,0,7416
287,2,2015-06-25,-0.433883739117558,-0.9009688679024191,1.2246467991473532e-16,-1.0,0.11165900712169512,-0.993746580436178,7416.0,8209.0,6703.0,6562.428571428572,7189.0,3093.3031889951585,6866.066666666667,7756.5,3362.6579484331933,2740.0,0,1,0,0,1,0,1,0,0,6381
287,2,2015-06-26,-0.9749279121818236,-0.2225209339563146,1.2246467991473532e-16,-1.0,0.09453674981719912,-0.9955213724144752,6381.0,8899.0,6204.0,6314.285714285715,7162.0,2940.522726448802,6857.833333333333,7756.5,3361.5849718530867,2740.0,0,1,0,0,1,0,1,0,0,7162
287,2,2015-06-27,-0.7818314824680299,0.6234898018587334,1.2246467991473532e-16,-1.0,0.07738647923346301,-0.9970011699250151,7162.0,9339.0,9426.0,6424.714285714285,7162.0,3084.0562961942237,6992.233333333334,7763.0,3409.6719802121274,2740.0,0,1,0,0,1,0,1,0,0,10112
287,2,2015-06-28,-2.4492935982947064e-16,1.0,1.2246467991473532e-16,-1.0,0.06021327736579302,-0.9981855344718586,10112.0,0.0,0.0,6424.714285714285,7162.0,3084.0562961942237,6733.733333333334,7763.0,3636.286822772823,2740.0,0,1,0,0,1,0,1,0,0,0
287,2,2015-06-29,0.7818314824680298,0.6234898018587336,1.2246467991473532e-16,-1.0,0.04302223300453059,-0.99907411510223,0.0,7189.0,9645.0,6998.571428571428,7162.0,3583.289822548681,6764.533333333334,7763.0,3671.123982100582,2740.0,1,1,0,0,1,0,1,0,0,11206
287,2,2015-06-30,0.9749279121818236,-0.22252093395631434,1.2246467991473532e-16,-1.0,0.02581844022713308,-0.9996666485105112,11206.0,6713.0,10594.0,7571.714285714285,7416.0,3841.5505859954415,7122.033333333334,7880.5,3508.26406118304,2740.0,1,1,0,0,1,0,1,0,0,10725
287,2,2015-07-01,0.43388373911755823,-0.900968867902419,-0.4999999999999998,-0.8660254037844388,0.008606996888688698,-0.9999629591162655,10725.0,7416.0,7993.0,7607.0,7663.0,3841.0162717697535,7050.7,7763.0,3473.455967069746,2740.0,1,1,0,0,1,0,1,0,0,7663
287,2,2015-07-02,-0.433883739117558,-0.9009688679024191,-0.4999999999999998,-0.8660254037844388,-0.008606996888688009,-0.9999629591162655,7663.0,6381.0,8209.0,7843.428571428572,8036.0,3803.728690690357,7025.0,7763.0,3462.8491657633017,2740.0,1,1,0,0,1,0,1,0,0,8036
287,2,2015-07-03,-0.9749279121818236,-0.2225209339563146,-0.4999999999999998,-0.8660254037844388,-0.02581844022713239,-0.9996666485105112,8036.0,7162.0,8899.0,8065.142857142857,8714.0,3802.6210446906007,7001.6,7763.0,3448.477021167062,2740.0,1,1,0,0,1,0,1,0,0,8714
287,2,2015-07-04,-0.7818314824680299,0.6234898018587334,-0.4999999999999998,-0.8660254037844388,-0.04302223300453034,-0.99907411510223,8714.0,10112.0,9339.0,7809.142857142857,8320.0,3700.813803682081,7278.933333333333,7880.5,3190.9148070337346,2740.0,0,1,0,0,1,0,1,0,0,8320
287,2,2015-07-05,-2.4492935982947064e-16,1.0,-0.4999999999999998,-0.8660254037844388,-0.060213277365792774,-0.9981855344718586,8320.0,0.0,0.0,7809.142857142857,8320.0,3700.813803682081,6926.7,7763.0,3392.3118975626107,2740.0,0,1,0,0,1,0,1,0,0,0
287,2,2015-07-06,0.7818314824680298,0.6234898018587336,-0.4999999999999998,-0.8660254037844388,-0.07738647923346322,-0.9970011699250151,0.0,11206.0,7189.0,7214.0,8036.0,3385.008961091046,6902.766666666666,7715.5,3388.775658098298,2740.0,0,1,0,0,1,0,1,0,0,7040
287,2,2015-07-07,0.9749279121818236,-0.22252093395631434,-0.4999999999999998,-0.8660254037844388,-0.09453674981719933,-0.9955213724144752,7040.0,10725.0,6713.0,6703.142857142857,7663.0,3016.620428480159,7141.066666666667,7715.5,3127.955429320582,2740.0,0,1,0,0,1,0,1,0,0,7149
287,2,2015-07-08,0.43388373911755823,-0.900968867902419,-0.4999999999999998,-0.8660254037844388,-0.11165900712169444,-0.9937465804361781,7149.0,7663.0,7416.0,6719.285714285715,7776.0,3022.9087931045124,7129.0,7715.5,3124.6734781137693,2740.0,0,1,0,0,1,0,1,0,0,7776
287,2,2015-07-09,-0.433883739117558,-0.9009688679024191,-0.4999999999999998,-0.8660254037844388,-0.12874817745258066,-0.99167731989929,7776.0,8036.0,6381.0,6573.428571428572,7149.0,2973.0078964545246,7103.9,7575.5,3122.387021782072,2740.0,0,1,0,0,1,0,1,0,0,7015
287,2,2015-07-10,-0.9749279121818236,-0.2225209339563146,-0.4999999999999998,-0.8660254037844388,-0.14579919691987442,-0.9893142039703664,7015.0,8714.0,7162.0,6463.428571428572,7149.0,2893.797266404062,7119.1,7719.5,3125.429761897032,2740.0,0,1,0,0,1,0,1,0,0,7944
287,2,2015-07-11,-0.7818314824680299,0.6234898018587334,-0.4999999999999998,-0.8660254037844388,-0.16280701293851646,-0.9866579328916572,7944.0,8320.0,10112.0,6519.857142857143,7149.0,2939.523851951278,7186.166666666667,7860.0,3137.755864916215,2740.0,0,1,0,0,1,0,1,0,0,8715
287,2,2015-07-12,-2.4492935982947064e-16,1.0,-0.4999999999999998,-0.8660254037844388,-0.17976658572556214,-0.9837092937736098,8715.0,0.0,0.0,6519.857142857143,7149.0,2939.523851951278,6979.366666666667,7860.0,3398.342379732371,2740.0,0,1,0,0,1,0,1,0,0,0
287,2,2015-07-13,0.7818314824680298,0.6234898018587336,-0.4999999999999998,-0.8660254037844388,-0.19667288979357622,-0.9804691603616321,0.0,7040.0,11206.0,7007.857142857143,7776.0,3301.5265877354104,7013.7,7860.0,3428.9779230190065,2740.0,1,1,0,0,1,0,1,0,0,10456
287,2,2015-07-14,0.9749279121818236,-0.22252093395631434,-0.4999999999999998,-0.8660254037844388,-0.2135209154397959,-0.9769384927771817,10456.0,7149.0,10725.0,7235.428571428572,7944.0,3367.1272551510388,7305.1,7968.5,3174.393304510982,2740.0,1,1,0,0,1,0,1,0,0,8742
287,2,2015-07-15,0.43388373911755823,-0.900968867902419,-0.4999999999999998,-0.8660254037844388,-0.23030567023061196,-0.973118337233262,8742.0,7776.0,7663.0,7298.714285714285,8219.0,3383.105955296393,7257.566666666667,7968.5,3148.720108709017,2740.0,1,1,0,0,1,0,1,0,0,8219
287,2,2015-07-16,-0.433883739117558,-0.9009688679024191,-0.4999999999999998,-0.8660254037844388,-0.24702218048093527,-0.9690098257244063,8219.0,7015.0,8036.0,7383.714285714285,8219.0,3382.264168388082,7158.1,7860.0,3086.200234302193,2740.0,1,1,0,0,1,0,1,0,0,7610
287,2,2015-07-17,-0.9749279121818236,-0.2225209339563146,-0.4999999999999998,-0.8660254037844388,-0.2636654927280072,-0.9646141756912435,7610.0,7944.0,8714.0,7374.714285714285,8219.0,3380.6082152124527,7154.366666666667,7828.5,3085.223028693651,2740.0,1,1,0,0,1,0,1,0,0,7881
287,2,2015-07-18,-0.7818314824680299,0.6234898018587334,-0.4999999999999998,-0.8660254037844388,-0.2802306751992161,-0.9599326896597445,7881.0,8715.0,8320.0,7568.714285714285,8219.0,3506.9454759703053,7216.5,7828.5,3125.6987384340628,2740.0,0,1,0,0,1,0,1,0,0,10073
287,2,2015-07-19,-2.4492935982947064e-16,1.0,-0.4999999999999998,-0.8660254037844388,-0.2967128192734901,-0.9549667548552553,10073.0,0.0,0.0,7568.714285714285,8219.0,3506.945475970305,6919.866666666667,7719.5,3373.0018936716683,2740.0,0,1,0,0,1,0,1,0,0,0
287,2,2015-07-20,0.7818314824680298,0.6234898018587336,-0.4999999999999998,-0.8660254037844388,-0.3131070409358267,-0.9497178427914317,0.0,10456.0,7040.0,7202.0,7889.0,3281.6867614079215,6871.533333333334,7719.5,3347.433610202398,2740.0,0,1,0,0,1,0,1,0,0,7889
287,2,2015-07-21,0.9749279121818236,-0.22252093395631434,-0.4999999999999998,-0.8660254037844388,-0.3294084822245302,-0.9441875088341994,7889.0,8742.0,7149.0,6890.142857142857,7881.0,3213.976583018377,7090.166666666667,7719.5,3087.235858681104,2740.0,0,1,0,0,1,0,1,0,0,6559
287,2,2015-07-22,0.43388373911755823,-0.900968867902419,-0.4999999999999998,-0.8660254037844388,-0.3456123126707333,-0.9383773917408642,6559.0,8219.0,7776.0,6705.285714285715,7610.0,3161.5929905816843,7081.366666666667,7719.5,3087.320682865742,2740.0,0,1,0,0,1,0,1,0,0,6925
287,2,2015-07-23,-0.433883739117558,-0.9009688679024191,-0.4999999999999998,-0.8660254037844388,-0.3617137307297674,-0.9322892131745134,6925.0,7610.0,7015.0,6637.714285714285,7137.0,3144.040113944992,7095.5,7719.5,3086.5466111430487,2740.0,0,1,0,0,1,0,1,0,0,7137
287,2,2015-07-24,-0.9749279121818236,-0.2225209339563146,-0.4999999999999998,-0.8660254037844388,-0.37770796520396466,-0.9259247771938499,7137.0,7881.0,7944.0,6525.571428571428,7096.0,3106.0737197273584,7084.833333333333,7719.5,3085.9536958035674,2740.0,0,1,0,0,1,0,1,0,0,7096
287,2,2015-07-25,-0.7818314824680299,0.6234898018587334,-0.4999999999999998,-0.8660254037844388,-0.39359027665646645,-0.9192859697186105,7096.0,10073.0,8715.0,6499.857142857143,7096.0,3072.3731559697962,7201.9,7828.5,3124.7039953603135,2740.0,0,1,0,0,1,0,1,0,0,9893
287,2,2015-07-26,-2.4492935982947064e-16,1.0,-0.4999999999999998,-0.8660254037844388,-0.4093559588156211,-0.9123747579707274,9893.0,0.0,0.0,6499.857142857143,7096.0,3072.373155969796,6963.166666666667,7828.5,3390.175665099067,2740.0,0,1,0,0,1,0,1,0,0,0
287,2,2015-07-27,0.7818314824680298,0.6234898018587336,-0.4999999999999998,-0.8660254037844388,-0.42500033996955394,-0.9051931898913975,0.0,7889.0,10456.0,6908.142857142857,7096.0,3453.946652192312,6984.333333333333,7828.5,3412.422754799188,2740.0,1,1,0,0,1,0,1,0,0,10747
287,2,2015-07-28,0.9749279121818236,-0.22252093395631434,-0.4999999999999998,-0.8660254037844388,-0.4405187843504952,-0.8977433935342336,10747.0,6559.0,8742.0,7306.428571428572,7137.0,3565.907731893937,7295.9,7885.0,3170.8984406142167,2740.0,1,1,0,0,1,0,1,0,0,9347
287,2,2015-07-29,0.43388373911755823,-0.900968867902419,-0.4999999999999998,-0.8660254037844388,-0.455906693508459,-0.8900275764346766,9347.0,6925.0,8219.0,7629.571428571428,9187.0,3627.540482528206,7228.6,7885.0,3105.805516037392,2740.0,1,1,0,0,1,0,1,0,0,9187
287,2,2015-07-30,-0.433883739117558,-0.9009688679024191,-0.4999999999999998,-0.8660254037844388,-0.47115950767386394,-0.8820480249558535,9187.0,7137.0,7610.0,7983.428571428572,9347.0,3691.727818476643,7191.566666666667,7885.0,3069.0837977271462,2740.0,1,1,0,0,1,0,1,0,0,9614
287,2,2015-07-31,-0.9749279121818236,-0.2225209339563146,-0.4999999999999998,-0.8660254037844388,-0.4862727071086902,-0.8738071036110807,9614.0,7096.0,7881.0,8295.857142857143,9347.0,3696.647148817043,7245.566666666667,7916.5,3091.83211708364,2740.0,1,1,0,0,1,0,1,0,0,9283
