Store,Cluster,Date,DayOfWeek_sin,DayOfWeek_cos,Month_sin,Month_cos,DayOfYear_sin,DayOfYear_cos,Sales_Lag_1,Sales_Lag_7,Sales_Lag_14,RollingMean_7,RollingMedian_7,RollingStd_7,RollingMean_30,RollingMedian_30,RollingStd_30,CompetitionDistance,Promo,Promo2,StoreType_a,StoreType_b,StoreType_c,StoreType_d,Assortment_a,Assortment_b,Assortment_c,Sales
243,2,2013-01-30,0.43388373911755823,-0.900968867902419,0.49999999999999994,0.8660254037844387,0.4937755501599772,0.869589389346611,4245.0,7243.0,4609.0,4524.0,4556.0,2288.3164116878584,5069.6,5104.0,2732.6187465127855,310.0,0,1,1,0,0,0,1,0,0,4556
243,2,2013-01-31,-0.433883739117558,-0.9009688679024191,0.49999999999999994,0.8660254037844387,0.5086709438521044,0.8609610158889943,4556.0,7109.0,4514.0,4453.714285714285,4556.0,2201.597731518764,5290.166666666667,5317.0,2571.6160501123422,310.0,0,1,1,0,0,0,1,0,0,6617
243,2,2013-02-01,-0.9749279121818236,-0.2225209339563146,0.8660254037844386,0.5000000000000001,0.5234156073655503,0.8520775211013093,6617.0,6567.0,4349.0,4418.857142857143,4556.0,2164.1758576550887,5281.466666666666,5317.0,2567.5262041886554,310.0,0,1,1,0,0,0,1,0,0,6323
243,2,2013-02-02,-0.7818314824680299,0.6234898018587334,0.8660254037844386,0.5000000000000001,0.5380051715382996,0.8429415373547828,6323.0,4653.0,4656.0,4678.142857142857,4556.0,2301.285975896333,5298.0,5317.0,2573.7156689944577,310.0,0,1,1,0,0,0,1,0,0,6468
243,2,2013-02-03,-2.4492935982947064e-16,1.0,0.8660254037844386,0.5000000000000001,0.5524353131676196,0.8335557718385699,6468.0,0.0,0.0,4678.142857142857,4556.0,2301.285975896333,5094.4,5104.0,2743.427715028448,310.0,0,1,1,0,0,0,1,0,0,0
243,2,2013-02-04,0.7818314824680298,0.6234898018587336,0.8660254037844386,0.5000000000000001,0.5667017562911176,0.8239230057575542,0.0,4538.0,8364.0,5517.142857142857,6323.0,3154.205310828251,5286.1,5317.0,2908.0182771090012,310.0,1,1,1,0,0,0,1,0,0,10411
243,2,2013-02-05,0.9749279121818236,-0.22252093395631434,0.8660254037844386,0.5000000000000001,0.5808002734538009,0.8140460935082178,10411.0,4245.0,8737.0,6320.142857142857,6468.0,3475.5003202690805,5614.966666666666,5834.0,2846.82867092651,310.0,1,1,1,0,0,0,1,0,0,9866
243,2,2013-02-06,0.43388373911755823,-0.900968867902419,0.8660254037844386,0.5000000000000001,0.5947266869607634,0.8039279618328213,9866.0,4556.0,7243.0,6877.0,6617.0,3457.9650084984964,5563.233333333334,5834.0,2777.5405727609696,310.0,1,1,1,0,0,0,1,0,0,8454
243,2,2013-02-07,-0.433883739117558,-0.9009688679024191,0.8660254037844386,0.5000000000000001,0.6084768701151261,0.7935716089521474,8454.0,6617.0,7109.0,7103.428571428572,8202.0,3489.84879601504,5568.766666666666,5834.0,2782.7969889320343,310.0,1,1,1,0,0,0,1,0,0,8202
243,2,2013-02-08,-0.9749279121818236,-0.2225209339563146,0.8660254037844386,0.5000000000000001,0.6220467484408675,0.7829801036770629,8202.0,6323.0,6567.0,7298.0,8202.0,3477.0298148467664,5563.633333333333,5834.0,2778.6036369486687,310.0,1,1,1,0,0,0,1,0,0,7685
243,2,2013-02-09,-0.7818314824680299,0.6234898018587334,0.8660254037844386,0.5000000000000001,0.6354323008901774,0.7721565844991642,7685.0,6468.0,4653.0,7157.714285714285,8202.0,3535.4184436115306,5523.833333333333,5415.5,2770.6014420292777,310.0,0,1,1,0,0,0,1,0,0,5486
243,2,2013-02-10,-2.4492935982947064e-16,1.0,0.8660254037844386,0.5000000000000001,0.6486295610349814,0.7611042586607747,5486.0,0.0,0.0,7157.714285714285,8202.0,3535.4184436115306,5306.833333333333,5317.0,2940.433220290593,310.0,0,1,1,0,0,0,1,0,0,0
243,2,2013-02-11,0.7818314824680298,0.6234898018587336,0.8660254037844386,0.5000000000000001,0.6616346182422783,0.7498264012045686,0.0,10411.0,4538.0,6525.285714285715,7685.0,3240.0894388008137,5342.333333333333,5415.5,2942.0179015997396,310.0,0,1,1,0,0,0,1,0,0,5984
243,2,2013-02-12,0.9749279121818236,-0.22252093395631434,0.8660254037844386,0.5000000000000001,0.6744436188329455,0.7383263540031065,5984.0,9866.0,4245.0,5777.428571428572,5984.0,2929.7892903269144,5496.7,5415.5,2768.4130167000885,310.0,0,1,1,0,0,0,1,0,0,4631
243,2,2013-02-13,0.43388373911755823,-0.900968867902419,0.8660254037844386,0.5000000000000001,0.6870527672236669,0.7266075247685656,4631.0,8454.0,4556.0,5368.142857142857,5589.0,2683.3082459637653,5506.7,5537.5,2768.1787134603815,310.0,0,1,1,0,0,0,1,0,0,5589
243,2,2013-02-14,-0.433883739117558,-0.9009688679024191,0.8660254037844386,0.5000000000000001,0.6994583270516471,0.7146733860429609,5589.0,8202.0,6617.0,5065.0,5589.0,2416.3879379492564,5531.2,5786.5,2769.9502472813106,310.0,0,1,1,0,0,0,1,0,0,6080
243,2,2013-02-15,-0.9749279121818236,-0.2225209339563146,0.8660254037844386,0.5000000000000001,0.7116566222817746,0.702527474169157,6080.0,7685.0,6323.0,4802.857142857143,5589.0,2171.9567543708445,5572.566666666667,5917.0,2764.9652449438,310.0,0,1,1,0,0,0,1,0,0,5850
243,2,2013-02-16,-0.7818314824680299,0.6234898018587334,0.8660254037844386,0.5000000000000001,0.7236440382959124,0.6901733882429719,5850.0,5486.0,6468.0,4676.571428571428,5589.0,2151.216698920468,5575.5,5917.0,2763.849947895645,310.0,0,1,1,0,0,0,1,0,0,4602
243,2,2013-02-17,-2.4492935982947064e-16,1.0,0.8660254037844386,0.5000000000000001,0.7354170229639855,0.6776147890466889,4602.0,0.0,0.0,4676.571428571428,5589.0,2151.216698920468,5430.533333333334,5917.0,2938.9099988957128,310.0,0,1,1,0,0,0,1,0,0,0
243,2,2013-02-18,0.7818314824680298,0.6234898018587336,0.8660254037844386,0.5000000000000001,0.7469720876965552,0.6648553979642865,0.0,5984.0,10411.0,5449.857142857143,5589.0,3342.538826928388,5655.233333333334,6032.0,3129.18788278159,310.0,1,1,1,0,0,0,1,0,0,11397
243,2,2013-02-19,0.9749279121818236,-0.22252093395631434,0.8660254037844386,0.5000000000000001,0.7583058084785625,0.6518989958787126,11397.0,4631.0,9866.0,5977.285714285715,5850.0,3480.243081274913,5932.666666666667,6201.5,2975.7000026459536,310.0,1,1,1,0,0,0,1,0,0,8323
243,2,2013-02-20,0.43388373911755823,-0.900968867902419,0.8660254037844386,0.5000000000000001,0.7694148268839378,0.6387494220515272,8323.0,5589.0,8454.0,6273.428571428572,6080.0,3529.5453841886797,5909.266666666666,6201.5,2958.632663373676,310.0,1,1,1,0,0,0,1,0,0,7662
243,2,2013-02-21,-0.433883739117558,-0.9009688679024191,0.8660254037844386,0.5000000000000001,0.7802958510707755,0.6254105729852463,7662.0,6080.0,8202.0,6544.428571428572,7662.0,3584.6152214309254,5883.933333333333,6201.5,2936.758134445172,310.0,1,1,1,0,0,0,1,0,0,7977
243,2,2013-02-22,-0.9749279121818236,-0.2225209339563146,0.8660254037844386,0.5000000000000001,0.7909456567567772,0.6118864012687243,7977.0,5850.0,7685.0,6763.285714285715,7662.0,3581.9176295333627,5888.566666666667,6201.5,2939.085005204187,310.0,1,1,1,0,0,0,1,0,0,7382
243,2,2013-02-23,-0.7818314824680299,0.6234898018587334,0.8660254037844386,0.5000000000000001,0.8013610881746766,0.5981809144059164,7382.0,4602.0,5486.0,6734.142857142857,7662.0,3603.1994777128943,5798.2,6032.0,2941.9425133275704,310.0,0,1,1,0,0,0,1,0,0,4398
243,2,2013-02-24,-2.4492935982947064e-16,1.0,0.8660254037844386,0.5000000000000001,0.8115390590073611,0.5842981736283683,4398.0,0.0,0.0,6734.142857142857,7662.0,3603.1994777128943,5579.3,5917.0,3121.5949741692343,310.0,0,1,1,0,0,0,1,0,0,0
243,2,2013-02-25,0.7818314824680298,0.6234898018587336,0.8660254037844386,0.5000000000000001,0.8214765533024142,0.5702422926917871,0.0,11397.0,5984.0,5741.571428571428,7382.0,3013.346249445558,5572.5,5917.0,3123.9037221907533,310.0,0,1,1,0,0,0,1,0,0,4449
243,2,2013-02-26,0.9749279121818236,-0.22252093395631434,0.8660254037844386,0.5000000000000001,0.8311706263658079,0.5560174366570446,4449.0,8323.0,4631.0,5295.428571428572,5200.0,2790.3929148146162,5745.833333333333,5917.0,2943.0756031313786,310.0,0,1,1,0,0,0,1,0,0,5200
243,2,2013-02-27,0.43388373911755823,-0.900968867902419,0.8660254037844386,0.5000000000000001,0.8406184056344782,0.5416278206559814,5200.0,7662.0,5589.0,4966.285714285715,5200.0,2593.6674622553087,5773.166666666667,5917.0,2935.2686898492266,310.0,0,1,1,0,0,0,1,0,0,5358
243,2,2013-02-28,-0.433883739117558,-0.9009688679024191,0.8660254037844386,0.5000000000000001,0.8498170915275278,0.5270777086423722,5358.0,7977.0,6080.0,4750.428571428572,5200.0,2353.056441959607,5847.2,6032.0,2923.38114824787,310.0,0,1,1,0,0,0,1,0,0,6466
243,2,2013-03-01,-0.9749279121818236,-0.2225209339563146,1.0,6.123233995736766e-17,0.8587639582758029,0.5123714121284237,6466.0,7382.0,5850.0,4505.571428571428,5200.0,2110.2263588805517,5884.266666666666,6032.0,2913.4779540105924,310.0,0,1,1,0,0,0,1,0,0,5668
243,2,2013-03-02,-0.7818314824680299,0.6234898018587334,1.0,6.123233995736766e-17,0.8674563547295968,0.49751328890718066,5668.0,4398.0,4602.0,4858.428571428572,5358.0,2288.2406529284185,5892.633333333333,6032.0,2916.0140069117892,310.0,0,1,1,0,0,0,1,0,0,6868
243,2,2013-03-03,-2.4492935982947064e-16,1.0,1.0,6.123233995736766e-17,0.8758917051442429,0.48250774176121847,6868.0,0.0,0.0,4858.428571428572,5358.0,2288.2406529284185,5681.866666666667,5917.0,3106.1464509441025,310.0,0,1,1,0,0,0,1,0,0,0
243,2,2013-03-04,0.7818314824680298,0.6234898018587336,1.0,6.123233995736766e-17,0.8840675099433636,0.46735921715800227,0.0,4449.0,11397.0,5930.285714285715,5668.0,3500.601172859966,5864.666666666667,5917.0,3308.7674477044334,310.0,1,1,1,0,0,0,1,0,0,11952
243,2,2013-03-05,0.9749279121818236,-0.22252093395631434,1.0,6.123233995736766e-17,0.8919813464595485,0.45207220393230435,11952.0,5200.0,8323.0,6607.142857142857,6466.0,3782.5643607025577,6195.933333333333,6032.0,3196.9593305075905,310.0,1,1,1,0,0,0,1,0,0,9938
243,2,2013-03-06,0.43388373911755823,-0.900968867902419,1.0,6.123233995736766e-17,0.8996308696522433,0.43665123195606403,9938.0,5358.0,7662.0,7035.714285714285,6868.0,3787.395486535381,6127.5,6032.0,3124.779559121483,310.0,1,1,1,0,0,0,1,0,0,8358
243,2,2013-03-07,-0.433883739117558,-0.9009688679024191,1.0,6.123233995736766e-17,0.9070138128026359,0.4211008707960896,8358.0,6466.0,7977.0,7202.857142857143,7636.0,3783.878056023628,6053.166666666667,6032.0,3058.6034573307156,310.0,1,1,1,0,0,0,1,0,0,7636
243,2,2013-03-08,-0.9749279121818236,-0.2225209339563146,1.0,6.123233995736766e-17,0.9141279881853337,0.40542572835999735,7636.0,5668.0,7382.0,7436.142857142857,7636.0,3723.333829986752,6014.733333333334,6032.0,3034.544627922051,310.0,1,1,1,0,0,0,1,0,0,7301
243,2,2013-03-09,-0.7818314824680299,0.6234898018587334,1.0,6.123233995736766e-17,0.9209712877166346,0.38963044953078796,7301.0,6868.0,4398.0,7165.285714285715,7636.0,3838.7271637999024,5907.066666666667,5917.0,3011.476701958158,310.0,0,1,1,0,0,0,1,0,0,4972
243,2,2013-03-10,-2.4492935982947064e-16,1.0,1.0,6.123233995736766e-17,0.9275416835791966,0.37371971479046906,4972.0,0.0,0.0,7165.285714285715,7636.0,3838.7271637999024,5650.9,5759.0,3177.314604049063,310.0,0,1,1,0,0,0,1,0,0,0
243,2,2013-03-11,0.7818314824680298,0.6234898018587336,1.0,6.123233995736766e-17,0.9338372288229252,0.35769823883312546,0.0,11952.0,4449.0,6203.428571428572,7301.0,3235.5877290503117,5642.0,5759.0,3178.166268083879,310.0,0,1,1,0,0,0,1,0,0,5219
243,2,2013-03-12,0.9749279121818236,-0.22252093395631434,1.0,6.123233995736766e-17,0.9398560579418954,0.3415707691678556,5219.0,9938.0,5200.0,5370.142857142857,5219.0,2840.4809116633414,5778.833333333333,5759.0,3010.8424079893534,310.0,0,1,1,0,0,0,1,0,0,4105
243,2,2013-03-13,0.43388373911755823,-0.900968867902419,1.0,6.123233995736766e-17,0.9455963874271426,0.3253420847119801,4105.0,8358.0,5358.0,4800.571428571428,4972.0,2523.559183451212,5725.066666666667,5628.5,3021.4358533803024,310.0,0,1,1,0,0,0,1,0,0,4371
243,2,2013-03-14,-0.433883739117558,-0.9009688679024191,1.0,6.123233995736766e-17,0.9510565162951535,0.30901699437494745,4371.0,7636.0,6466.0,4454.714285714285,4972.0,2217.53923033962,5744.533333333334,5628.5,3016.020336679507,310.0,0,1,1,0,0,0,1,0,0,5215
243,2,2013-03-15,-0.9749279121818236,-0.2225209339563146,1.0,6.123233995736766e-17,0.9562348265919056,0.29260033563334836,5215.0,7301.0,5668.0,4115.571428571428,4927.0,1862.85925905518,5722.466666666666,5513.0,3019.6171455578815,310.0,0,1,1,0,0,0,1,0,0,4927
243,2,2013-03-16,-0.7818314824680299,0.6234898018587334,1.0,6.123233995736766e-17,0.9611297838723007,0.27609697309746883,4927.0,4972.0,6868.0,4264.142857142857,4927.0,1980.316677417311,5720.2,5513.0,3019.365021164961,310.0,0,1,1,0,0,0,1,0,0,6012
243,2,2013-03-17,-2.4492935982947064e-16,1.0,1.0,6.123233995736766e-17,0.9657399376548549,0.2595117970697999,6012.0,0.0,0.0,4264.142857142857,4927.0,1980.316677417311,5525.2,5288.5,3194.5183588183663,310.0,0,1,1,0,0,0,1,0,0,0
243,2,2013-03-18,0.7818314824680298,0.6234898018587336,1.0,6.123233995736766e-17,0.970063921851507,0.2428497220959356,0.0,5219.0,11952.0,4906.285714285715,4927.0,2870.327606986451,5695.6,5513.0,3278.8041407048777,310.0,1,1,1,0,0,0,1,0,0,9714
243,2,2013-03-19,0.9749279121818236,-0.22252093395631434,1.0,6.123233995736766e-17,0.9741004551724205,0.22611568550828828,9714.0,4105.0,9938.0,5667.428571428572,5215.0,3297.130007402541,6010.033333333334,5840.0,3164.067607753789,310.0,1,1,1,0,0,0,1,0,0,9433
243,2,2013-03-20,0.43388373911755823,-0.900968867902419,1.0,6.123233995736766e-17,0.9778483415056568,0.20931464596304847,9433.0,4371.0,8358.0,6290.428571428572,6012.0,3421.0224035680153,5921.2,5840.0,3042.6924487912083,310.0,1,1,1,0,0,0,1,0,0,8732
243,2,2013-03-21,-0.433883739117558,-0.9009688679024191,1.0,6.123233995736766e-17,0.9813064702716093,0.19245158197082998,8732.0,5215.0,7636.0,6620.142857142857,7523.0,3411.306466666958,5894.533333333334,5840.0,3024.367300414435,310.0,1,1,1,0,0,0,1,0,0,7523
243,2,2013-03-22,-0.9749279121818236,-0.2225209339563146,1.0,6.123233995736766e-17,0.9844738167520922,0.1755314904214282,7523.0,4927.0,7301.0,6916.142857142857,7523.0,3328.8025589077024,5872.433333333333,5840.0,3013.4090293488075,310.0,1,1,1,0,0,0,1,0,0,6999
243,2,2013-03-23,-0.7818314824680299,0.6234898018587334,1.0,6.123233995736766e-17,0.9873494423939864,0.15855938510313478,6999.0,6012.0,4972.0,6896.571428571428,7523.0,3335.4005685046204,5802.366666666667,5771.5,2987.1097261553614,310.0,0,1,1,0,0,0,1,0,0,5875
243,2,2013-03-24,-2.4492935982947064e-16,1.0,1.0,6.123233995736766e-17,0.989932495087353,0.141540295217043,5875.0,0.0,0.0,6896.571428571428,7523.0,3335.4005685046204,5556.3,5513.0,3151.998076207185,310.0,0,1,1,0,0,0,1,0,0,0
243,2,2013-03-25,0.7818314824680298,0.6234898018587336,1.0,6.123233995736766e-17,0.9922222094179323,0.12447926388678915,0.0,9714.0,5219.0,7152.285714285715,7523.0,3641.9350952612035,5793.166666666667,5771.5,3324.247211473375,310.0,1,1,1,0,0,0,1,0,0,11504
243,2,2013-03-26,0.9749279121818236,-0.22252093395631434,1.0,6.123233995736766e-17,0.994217906893952,0.10738134666416309,11504.0,9433.0,4105.0,7279.0,7523.0,3748.388720503784,6137.166666666667,5943.5,3236.906389017819,310.0,1,1,1,0,0,0,1,0,0,10320
243,2,2013-03-27,0.43388373911755823,-0.900968867902419,1.0,6.123233995736766e-17,0.995918996147179,0.09025161003104117,10320.0,8732.0,4371.0,7374.857142857143,7523.0,3799.9639221344987,6302.3,6239.0,3273.96741447353,310.0,1,1,1,0,0,0,1,0,0,9403
243,2,2013-03-28,-0.433883739117558,-0.9009688679024191,1.0,6.123233995736766e-17,0.9973249731081555,0.07309512989807777,9403.0,7523.0,5215.0,7719.714285714285,9403.0,3923.1895915732352,6460.2,6667.0,3332.675340344141,310.0,1,1,1,0,0,0,1,0,0,9937
243,2,2013-03-29,-0.9749279121818236,-0.2225209339563146,1.0,6.123233995736766e-17,0.9984354211555643,0.055916990100603484,9937.0,6999.0,4927.0,6719.857142857143,9403.0,4906.2045557494985,6281.6,6667.0,3531.422606767167,310.0,1,1,1,0,0,0,1,0,0,0
243,2,2013-03-30,-0.7818314824680299,0.6234898018587334,1.0,6.123233995736766e-17,0.9992500112396835,0.03872228089217446,0.0,5875.0,6012.0,7001.428571428572,9403.0,4906.194990592433,6327.6,6933.5,3542.876715423451,310.0,0,1,1,0,0,0,1,0,0,7846
243,2,2013-03-31,-2.4492935982947064e-16,1.0,1.0,6.123233995736766e-17,0.9997685019798909,0.021516097436222254,7846.0,0.0,0.0,7001.428571428572,9403.0,4906.194990592433,6138.666666666667,6933.5,3725.6791219239794,310.0,0,1,1,0,0,0,1,0,0,0
243,2,2013-04-01,0.7818314824680298,0.6234898018587336,0.8660254037844387,-0.49999999999999983,0.9999907397361901,0.004303538296244289,0.0,11504.0,9714.0,5358.0,7846.0,5070.59079398052,5909.733333333334,6505.5,3886.8427479287657,310.0,0,1,1,0,0,0,1,0,0,0
243,2,2013-04-02,0.9749279121818236,-0.22252093395631434,0.8660254037844387,-0.49999999999999983,0.9999166586547379,-0.01291029607500882,0.0,10320.0,9433.0,4901.428571428572,7124.0,4678.024079214886,6147.2,7061.5,3727.699821420804,310.0,0,1,1,0,0,0,1,0,0,7124
243,2,2013-04-03,0.43388373911755823,-0.900968867902419,0.8660254037844387,-0.49999999999999983,0.9995462806873573,-0.030120304846908114,7124.0,9403.0,8732.0,4426.857142857143,6081.0,4298.336361453171,5951.5,6540.0,3562.9141380578367,310.0,0,1,1,0,0,0,1,0,0,6081
243,2,2013-04-04,-0.433883739117558,-0.9009688679024191,0.8660254037844387,-0.49999999999999983,0.9988797155850336,-0.04732138832243185,6081.0,9937.0,7523.0,3930.1428571428573,6081.0,3717.0573678906926,5835.566666666667,6270.5,3484.445888599035,310.0,0,1,1,0,0,0,1,0,0,6460
243,2,2013-04-05,-0.9749279121818236,-0.2225209339563146,0.8660254037844387,-0.49999999999999983,0.9979171608653922,-0.06450844944931623,6460.0,0.0,6999.0,4722.857142857143,6081.0,3308.4487013589637,5741.933333333333,6046.5,3451.915839199957,310.0,0,1,1,0,0,0,1,0,0,5549
243,2,2013-04-06,-0.7818314824680299,0.6234898018587334,0.8660254037844387,-0.49999999999999983,0.9966589017541702,-0.08167639533042241,5549.0,7846.0,5875.0,4373.857142857143,5549.0,3042.2295239167083,5667.5,5943.5,3433.692812059083,310.0,0,1,1,0,0,0,1,0,0,5403
243,2,2013-04-07,-2.4492935982947064e-16,1.0,0.8660254037844387,-0.49999999999999983,0.9951053111006976,-0.09882013873287143,5403.0,0.0,0.0,4373.857142857143,5549.0,3042.2295239167083,5424.133333333333,5712.0,3569.9539138658974,310.0,0,1,1,0,0,0,1,0,0,0
243,2,2013-04-08,0.7818314824680298,0.6234898018587336,0.8660254037844387,-0.49999999999999983,0.9932568492674143,-0.11593459959550041,0.0,0.0,11504.0,5777.428571428572,6081.0,2953.1115148344165,5585.9,5943.5,3657.635880050731,310.0,1,1,1,0,0,0,1,0,0,9825
243,2,2013-04-09,0.9749279121818236,-0.22252093395631434,0.8660254037844387,-0.49999999999999983,0.9911140639934547,-0.1330147065341959,9825.0,7124.0,10320.0,5975.857142857143,6081.0,3101.6040166646803,5869.666666666667,6046.5,3537.584587348221,310.0,1,1,1,0,0,0,1,0,0,8513
243,2,2013-04-10,0.43388373911755823,-0.900968867902419,0.8660254037844387,-0.49999999999999983,0.9886775902323405,-0.1500553983446526,8513.0,6081.0,9403.0,6097.285714285715,6460.0,3122.9716998550016,5926.733333333334,6270.5,3540.533760006693,310.0,1,1,1,0,0,0,1,0,0,6931
243,2,2013-04-11,-0.433883739117558,-0.9009688679024191,0.8660254037844387,-0.49999999999999983,0.9859481499638304,-0.16705162550211924,6931.0,6460.0,9937.0,6235.571428571428,6931.0,3162.886121732431,6037.5,6695.5,3533.548629040374,310.0,1,1,1,0,0,0,1,0,0,7428
243,2,2013-04-12,-0.9749279121818236,-0.2225209339563146,0.8660254037844387,-0.49999999999999983,0.9829265519799822,-0.18399835165768005,7428.0,5549.0,0.0,6505.142857142857,7428.0,3175.00810647634,6139.666666666667,6965.0,3528.008379587099,310.0,1,1,1,0,0,0,1,0,0,7436
243,2,2013-04-13,-0.7818314824680299,0.6234898018587334,0.8660254037844387,-0.49999999999999983,0.9796136916454901,-0.20089055513063506,7436.0,5403.0,7846.0,6474.428571428572,7428.0,3188.4583974674892,6138.766666666666,6965.0,3528.2558324957445,310.0,0,1,1,0,0,0,1,0,0,5188
243,2,2013-04-14,-2.4492935982947064e-16,1.0,0.8660254037844387,-0.49999999999999983,0.9760105506323683,-0.21772323039653177,5188.0,0.0,0.0,6474.428571428572,7428.0,3188.4583974674892,5974.533333333334,6965.0,3697.2309650866296,310.0,0,1,1,0,0,0,1,0,0,0
243,2,2013-04-15,0.7818314824680298,0.6234898018587336,0.8660254037844387,-0.49999999999999983,0.9721181966290613,-0.23449138957040985,0.0,9825.0,0.0,5881.142857142857,6931.0,2826.9904155344793,5963.2,6965.0,3697.633244900461,310.0,0,1,1,0,0,0,1,0,0,5672
243,2,2013-04-16,0.9749279121818236,-0.22252093395631434,0.8660254037844387,-0.49999999999999983,0.9679377830240642,-0.25119006388481935,5672.0,8513.0,7124.0,5404.428571428572,5672.0,2579.7612200319923,6135.733333333334,6965.0,3526.594302540718,310.0,0,1,1,0,0,0,1,0,0,5176
243,2,2013-04-17,0.43388373911755823,-0.900968867902419,0.8660254037844387,-0.49999999999999983,0.9634705485641488,-0.2678143051621742,5176.0,6931.0,6081.0,5220.142857142857,5641.0,2497.292696005779,5999.966666666666,6695.5,3461.8957581403133,310.0,0,1,1,0,0,0,1,0,0,5641
243,2,2013-04-18,-0.433883739117558,-0.9009688679024191,0.8660254037844387,-0.49999999999999983,0.9587178169872964,-0.2843591872810034,5641.0,7428.0,6460.0,4849.714285714285,5188.0,2299.710323373049,5846.7,6270.5,3405.9970149014002,310.0,0,1,1,0,0,0,1,0,0,4835
243,2,2013-04-19,-0.9749279121818236,-0.2225209339563146,0.8660254037844387,-0.49999999999999983,0.9536809966304457,-0.30081980763566735,4835.0,7436.0,5549.0,4577.142857142857,5188.0,2040.5529012640534,5739.9,5978.0,3362.35796110716,310.0,0,1,1,0,0,0,1,0,0,5528
243,2,2013-04-20,-0.7818314824680299,0.6234898018587334,0.8660254037844387,-0.49999999999999983,0.9483615800121715,-0.3171912885891061,5528.0,5188.0,5403.0,4598.0,5334.0,2048.5677110280417,5666.933333333333,5773.5,3346.0407167518038,310.0,0,1,1,0,0,0,1,0,0,5334
243,2,2013-04-21,-2.4492935982947064e-16,1.0,0.8660254037844387,-0.49999999999999983,0.9427611433904207,-0.3334687789181868,5334.0,0.0,0.0,4598.0,5334.0,2048.5677110280417,5433.633333333333,5656.5,3490.8280361772227,310.0,0,1,1,0,0,0,1,0,0,0
243,2,2013-04-22,0.7818314824680298,0.6234898018587336,0.8660254037844387,-0.49999999999999983,0.9368813462954315,-0.3496474552512284,0.0,5672.0,9825.0,5164.428571428572,5334.0,2803.9238492478635,5559.033333333334,5656.5,3573.8140688696412,310.0,1,1,1,0,0,0,1,0,0,9637
243,2,2013-04-23,0.9749279121818236,-0.22252093395631434,0.8660254037844387,-0.49999999999999983,0.9307239310379795,-0.36572252349726897,9637.0,5176.0,8513.0,5643.428571428572,5528.0,3079.124705558538,5843.333333333333,5876.5,3453.5604749335134,310.0,1,1,1,0,0,0,1,0,0,8529
243,2,2013-04-24,0.43388373911755823,-0.900968867902419,0.8660254037844387,-0.49999999999999983,0.9242907221930934,-0.3816892202666588,8529.0,5641.0,6931.0,5841.0,5528.0,3123.0002668374314,5694.0,5876.5,3293.500035336059,310.0,1,1,1,0,0,0,1,0,0,7024
243,2,2013-04-25,-0.433883739117558,-0.9009688679024191,0.8660254037844387,-0.49999999999999983,0.9175836260593937,-0.39754281428255595,7024.0,4835.0,7428.0,6185.428571428572,7024.0,3126.509121322739,5591.533333333334,5876.5,3190.832652473639,310.0,1,1,1,0,0,0,1,0,0,7246
243,2,2013-04-26,-0.9749279121818236,-0.2225209339563146,0.8660254037844387,-0.49999999999999983,0.9106046300942163,-0.4132786077829042,7246.0,5528.0,7436.0,6398.142857142857,7024.0,3124.977942779299,5512.0,5876.5,3121.53746380386,310.0,1,1,1,0,0,0,1,0,0,7017
243,2,2013-04-27,-0.7818314824680299,0.6234898018587334,0.8660254037844387,-0.49999999999999983,0.9033558023246845,-0.4288919379124835,7017.0,5334.0,5188.0,6418.142857142857,7024.0,3117.4712737821887,5363.233333333334,5656.5,3007.649794857398,310.0,0,1,1,0,0,0,1,0,0,5474
243,2,2013-04-28,-2.4492935982947064e-16,1.0,0.8660254037844387,-0.49999999999999983,0.895839290734909,-0.4443781781046132,5474.0,0.0,0.0,6418.142857142857,7024.0,3117.4712737821887,5363.233333333334,5656.5,3007.649794857398,310.0,0,1,1,0,0,0,1,0,0,0
243,2,2013-04-29,0.7818314824680298,0.6234898018587336,0.8660254037844387,-0.49999999999999983,0.8880573226294932,-0.45973273945210397,0.0,9637.0,5672.0,6506.285714285715,7024.0,3230.3286063126616,5443.5,5656.5,3106.6943708374506,310.0,1,1,1,0,0,0,1,0,0,10254
243,2,2013-04-30,0.9749279121818236,-0.22252093395631434,0.8660254037844387,-0.49999999999999983,0.8800122039735357,-0.47495107206704995,10254.0,8529.0,5176.0,6938.857142857143,7024.0,3713.009849550246,5828.733333333334,5876.5,3124.905493007731,310.0,1,1,1,0,0,0,1,0,0,11557
243,2,2013-05-01,0.43388373911755823,-0.900968867902419,0.49999999999999994,-0.8660254037844387,0.8717063187093218,-0.49002866642905923,11557.0,7024.0,5641.0,5935.428571428572,7017.0,4542.595801856865,5828.733333333334,5876.5,3124.905493007731,310.0,1,1,1,0,0,0,1,0,0,0
243,2,2013-05-02,-0.433883739117558,-0.9009688679024191,0.49999999999999994,-0.8660254037844387,0.8631421280499114,-0.5049610547215204,0.0,7246.0,4835.0,6259.0,7017.0,4728.376818035269,5908.3,5876.5,3188.759581015359,310.0,1,1,1,0,0,0,1,0,0,9511
243,2,2013-05-03,-0.9749279121818236,-0.2225209339563146,0.49999999999999994,-0.8660254037844387,0.854322169749827,-0.5197438121555155,9511.0,7017.0,5528.0,6444.714285714285,8317.0,4788.260913048553,5982.833333333333,6066.0,3218.924623206493,310.0,1,1,1,0,0,0,1,0,0,8317
243,2,2013-05-04,-0.7818314824680299,0.6234898018587334,0.49999999999999994,-0.8660254037844387,0.8452490573530633,-0.5343725582809787,8317.0,5474.0,5334.0,6582.142857142857,8317.0,4769.525463068327,5982.033333333334,6054.0,3218.804923691651,310.0,0,1,1,0,0,0,1,0,0,6436
243,2,2013-05-05,-2.4492935982947064e-16,1.0,0.49999999999999994,-0.8660254037844387,0.835925479418637,-0.548842958284719,6436.0,0.0,0.0,6582.142857142857,8317.0,4769.525463068327,5797.066666666667,6054.0,3398.9413862446113,310.0,0,1,1,0,0,0,1,0,0,0
243,2,2013-05-06,0.7818314824680298,0.6234898018587336,0.49999999999999994,-0.8660254037844387,0.8263541987239096,-0.5631507242749186,0.0,10254.0,9637.0,6010.857142857143,6436.0,4487.578316069497,5825.466666666666,6345.5,3399.0946637793627,310.0,0,1,1,0,0,0,1,0,0,6255
243,2,2013-05-07,0.9749279121818236,-0.22252093395631434,0.49999999999999994,-0.8660254037844387,0.8165380514459161,-0.5772916165517272,6255.0,11557.0,8529.0,5225.857142857143,6255.0,3780.6413666013264,6027.533333333334,6345.5,3216.104140676755,310.0,0,1,1,0,0,0,1,0,0,6062
243,2,2013-05-08,0.43388373911755823,-0.900968867902419,0.49999999999999994,-0.8660254037844387,0.8064799463209448,-0.5912614448635781,6062.0,0.0,7024.0,6293.0,6436.0,3041.779413435497,5949.033333333334,6345.5,3148.242744478406,310.0,0,1,1,0,0,0,1,0,0,7470
243,2,2013-05-09,-0.433883739117558,-0.9009688679024191,0.49999999999999994,-0.8660254037844387,0.7961828637826158,-0.6050560696488488,7470.0,9511.0,7246.0,4934.285714285715,6255.0,3460.205326965714,5665.266666666666,6158.5,3289.6541368706057,310.0,0,1,1,0,0,0,1,0,0,0
243,2,2013-05-10,-0.9749279121818236,-0.2225209339563146,0.49999999999999994,-0.8660254037844387,0.7856498550787145,-0.6186714032625031,0.0,8317.0,7017.0,4828.428571428572,6255.0,3349.0193518472865,5686.766666666666,6158.5,3300.3022816970442,310.0,0,1,1,0,0,0,1,0,0,7576
243,2,2013-05-11,-0.7818314824680299,0.6234898018587334,0.49999999999999994,-0.8660254037844387,0.7748840413670407,-0.6321034111873487,7576.0,6436.0,5474.0,4889.714285714285,6255.0,3387.049586994838,5668.0,6158.5,3291.648963141685,310.0,0,1,1,0,0,0,1,0,0,6865
243,2,2013-05-12,-2.4492935982947064e-16,1.0,0.49999999999999994,-0.8660254037844387,0.7638886127905428,-0.6453481132295501,6865.0,0.0,0.0,4889.714285714285,6255.0,3387.049586994838,5420.133333333333,5867.0,3430.948885872721,310.0,0,1,1,0,0,0,1,0,0,0
243,2,2013-05-13,0.7818314824680298,0.6234898018587336,0.49999999999999994,-0.8660254037844387,0.7526668275320084,-0.6584015846980488,0.0,6255.0,10254.0,5352.285714285715,6865.0,3800.461757659005,5563.633333333333,6158.5,3510.022531446824,310.0,1,1,1,0,0,0,1,0,0,9493
243,2,2013-05-14,0.9749279121818236,-0.22252093395631434,0.49999999999999994,-0.8660254037844387,0.741222010848596,-0.6712599575675313,9493.0,6062.0,11557.0,5804.285714285715,7470.0,4077.0270506128077,5871.166666666667,6345.5,3408.4534776340147,310.0,1,1,1,0,0,0,1,0,0,9226
243,2,2013-05-15,0.43388373911755823,-0.900968867902419,0.49999999999999994,-0.8660254037844387,0.7295575540864875,-0.6839194216246106,9226.0,7470.0,0.0,5786.0,7342.0,4068.589395191737,5926.833333333333,6650.5,3418.7102738871595,310.0,1,1,1,0,0,0,1,0,0,7342
243,2,2013-05-16,-0.433883739117558,-0.9009688679024191,0.49999999999999994,-0.8660254037844387,0.717676913675962,-0.6963762255968722,7342.0,0.0,9511.0,6849.285714285715,7443.0,3179.998307876159,6002.4,6941.0,3426.5873200706524,310.0,1,1,1,0,0,0,1,0,0,7443
243,2,2013-05-17,-0.9749279121818236,-0.2225209339563146,0.49999999999999994,-0.8660254037844387,0.705583610107178,-0.7086266782644596,7443.0,7576.0,8317.0,6806.428571428572,7342.0,3170.579592500549,6056.9,7020.5,3433.636147956235,310.0,1,1,1,0,0,0,1,0,0,7276
243,2,2013-05-18,-0.7818314824680299,0.6234898018587334,0.49999999999999994,-0.8660254037844387,0.6932812268869777,-0.7206671495538609,7276.0,6865.0,6436.0,6580.0,7342.0,3221.881282729082,6071.733333333334,7020.5,3429.1337594544034,310.0,0,1,1,0,0,0,1,0,0,5280
243,2,2013-05-19,-2.4492935982947064e-16,1.0,0.49999999999999994,-0.8660254037844387,0.6807734094770161,-0.7324940716135789,5280.0,0.0,0.0,6580.0,7342.0,3221.881282729082,5887.466666666666,7020.5,3603.4536377675563,310.0,0,1,1,0,0,0,1,0,0,0
243,2,2013-05-20,0.7818314824680298,0.6234898018587336,0.49999999999999994,-0.8660254037844387,0.6680638642135335,-0.7441039398713607,0.0,9493.0,6255.0,5223.857142857143,7276.0,3746.5557706855425,5709.666666666667,7020.5,3759.901955190279,310.0,0,1,1,0,0,0,1,0,0,0
243,2,2013-05-21,0.9749279121818236,-0.22252093395631434,0.49999999999999994,-0.8660254037844387,0.6551563572090853,-0.7554933140726803,0.0,9226.0,6062.0,4890.571428571428,6893.0,3420.804381873891,5939.433333333333,7020.5,3606.436876430553,310.0,0,1,1,0,0,0,1,0,0,6893
243,2,2013-05-22,0.43388373911755823,-0.900968867902419,0.49999999999999994,-0.8660254037844387,0.6420547132365637,-0.766658819300159,6893.0,7342.0,7470.0,4567.857142857143,5280.0,3253.4579259905104,5787.633333333333,6955.0,3540.676941736867,310.0,0,1,1,0,0,0,1,0,0,5083
243,2,2013-05-23,-0.433883739117558,-0.9009688679024191,0.49999999999999994,-0.8660254037844387,0.6287628145958344,-0.777597146973627,5083.0,7443.0,0.0,4432.0,5280.0,3130.937293101433,5719.733333333334,6879.0,3505.651259612541,310.0,0,1,1,0,0,0,1,0,0,6492
243,2,2013-05-24,-0.9749279121818236,-0.2225209339563146,0.49999999999999994,-0.8660254037844387,0.6152845999633276,-0.7883050558305255,6492.0,7276.0,7576.0,4164.142857142857,5280.0,2920.1884316239725,5665.633333333333,6678.5,3497.3428680616394,310.0,0,1,1,0,0,0,1,0,0,5401
243,2,2013-05-25,-0.7818314824680299,0.6234898018587334,0.49999999999999994,-0.8660254037844387,0.6016240632249226,-0.7987793728863649,5401.0,5280.0,6865.0,4139.714285714285,5109.0,2909.99551627866,5594.4,6464.0,3485.78820651652,310.0,0,1,1,0,0,0,1,0,0,5109
243,2,2013-05-26,-2.4492935982947064e-16,1.0,0.49999999999999994,-0.8660254037844387,0.5877852522924732,-0.8090169943749473,5109.0,0.0,0.0,4139.714285714285,5109.0,2909.99551627866,5360.5,6345.5,3619.883344948354,310.0,0,1,1,0,0,0,1,0,0,0
243,2,2013-05-27,0.7818314824680298,0.6234898018587336,0.49999999999999994,-0.8660254037844387,0.5737722679043246,-0.8190148866680801,0.0,0.0,9493.0,5358.857142857143,5401.0,2663.8565669952663,5462.5,6464.0,3666.009798790449,310.0,1,1,1,0,0,0,1,0,0,8534
243,2,2013-05-28,0.9749279121818236,-0.22252093395631434,0.49999999999999994,-0.8660254037844387,0.5595892624101765,-0.8287700871745037,8534.0,6893.0,9226.0,5797.142857142857,5401.0,3163.812438002155,5794.533333333334,6678.5,3604.783313908048,310.0,1,1,1,0,0,0,1,0,0,9961
243,2,2013-05-29,0.43388373911755823,-0.900968867902419,0.49999999999999994,-0.8660254037844387,0.545240438540651,-0.8382797052177743,9961.0,5083.0,7342.0,6176.714285714285,6492.0,3222.691096701932,5710.733333333334,6678.5,3525.8979969728953,310.0,1,1,1,0,0,0,1,0,0,7740
243,2,2013-05-30,-0.433883739117558,-0.9009688679024191,0.49999999999999994,-0.8660254037844387,0.5307300481619334,-0.8475409228928311,7740.0,6492.0,7443.0,5249.285714285715,5401.0,3965.3910153680813,5325.5,6464.0,3496.3441177400105,310.0,1,1,1,0,0,0,1,0,0,0
243,2,2013-05-31,-0.9749279121818236,-0.2225209339563146,0.49999999999999994,-0.8660254037844387,0.5160623910158528,-0.8565509959010036,0.0,5401.0,7276.0,5982.428571428572,7740.0,4443.686264695969,5676.6,6678.5,3471.8931196802073,310.0,1,1,1,0,0,0,1,0,0,10533
243,2,2013-06-01,-0.7818314824680299,0.6234898018587334,1.2246467991473532e-16,-1.0,0.5012418134457758,-0.865307254363206,10533.0,5109.0,5280.0,6042.714285714285,7740.0,4432.710897945172,5543.933333333333,6464.0,3395.5232996050727,310.0,0,1,1,0,0,0,1,0,0,5531
243,2,2013-06-02,-2.4492935982947064e-16,1.0,1.2246467991473532e-16,-1.0,0.48627270710869,-0.8738071036110808,5531.0,0.0,0.0,6042.714285714285,7740.0,4432.710897945172,5266.7,6345.5,3499.2478221311585,310.0,0,1,1,0,0,0,1,0,0,0
243,2,2013-06-03,0.7818314824680298,0.6234898018587336,1.2246467991473532e-16,-1.0,0.4711595076738638,-0.8820480249558537,0.0,8534.0,0.0,6163.142857142857,7740.0,4522.222736242707,5364.733333333334,6373.5,3573.5441302122904,310.0,1,1,1,0,0,0,1,0,0,9377
243,2,2013-06-04,0.9749279121818236,-0.22252093395631434,1.2246467991473532e-16,-1.0,0.4559066935084588,-0.8900275764346767,9377.0,9961.0,6893.0,6075.142857142857,7740.0,4441.270067168152,5676.233333333334,6678.5,3496.24184126952,310.0,1,1,1,0,0,0,1,0,0,9345
243,2,2013-06-05,0.43388373911755823,-0.900968867902419,1.2246467991473532e-16,-1.0,0.440518784350495,-0.8977433935342337,9345.0,7740.0,5083.0,6196.714285714285,8591.0,4505.618888835203,5754.1,6879.0,3535.370539522575,310.0,1,1,1,0,0,0,1,0,0,8591
243,2,2013-06-06,-0.433883739117558,-0.9009688679024191,1.2246467991473532e-16,-1.0,0.42500033996955416,-0.9051931898913974,8591.0,0.0,6492.0,7287.142857142857,8591.0,3585.712780307025,5806.466666666666,7084.5,3551.685833160258,310.0,1,1,1,0,0,0,1,0,0,7633
243,2,2013-06-07,-0.9749279121818236,-0.2225209339563146,1.2246467991473532e-16,-1.0,0.4093559588156213,-0.9123747579707273,7633.0,10533.0,5401.0,6826.428571428572,7633.0,3294.5171551707363,5801.066666666667,7084.5,3549.1916508851214,310.0,1,1,1,0,0,0,1,0,0,7308
243,2,2013-06-08,-0.7818314824680299,0.6234898018587334,1.2246467991473532e-16,-1.0,0.39359027665646673,-0.9192859697186104,7308.0,5531.0,5109.0,6856.571428571428,7633.0,3281.6294152520654,5992.466666666666,7084.5,3376.17502133889,310.0,0,1,1,0,0,0,1,0,0,5742
243,2,2013-06-09,-2.4492935982947064e-16,1.0,1.2246467991473532e-16,-1.0,0.3777079652039649,-0.9259247771938498,5742.0,0.0,0.0,6856.571428571428,7633.0,3281.6294152520654,5739.933333333333,6879.0,3533.3244181193113,310.0,0,1,1,0,0,0,1,0,0,0
243,2,2013-06-10,0.7818314824680298,0.6234898018587336,1.2246467991473532e-16,-1.0,0.36171373072976765,-0.9322892131745133,0.0,9377.0,8534.0,6256.857142857143,7308.0,3124.0634558520856,5683.733333333334,6692.5,3528.2171910366355,310.0,0,1,1,0,0,0,1,0,0,5179
243,2,2013-06-11,0.9749279121818236,-0.22252093395631434,1.2246467991473532e-16,-1.0,0.3456123126707335,-0.9383773917408641,5179.0,9345.0,9961.0,5767.857142857143,5922.0,2812.4808401463783,5881.133333333333,6692.5,3360.9528793887125,310.0,0,1,1,0,0,0,1,0,0,5922
243,2,2013-06-12,0.43388373911755823,-0.900968867902419,1.2246467991473532e-16,-1.0,0.3294084822245304,-0.9441875088341993,5922.0,8591.0,7740.0,5385.714285714285,5916.0,2532.780732336544,5761.9,6207.0,3291.123174278938,310.0,0,1,1,0,0,0,1,0,0,5916
243,2,2013-06-13,-0.433883739117558,-0.9009688679024191,1.2246467991473532e-16,-1.0,0.3131070409358269,-0.9497178427914316,5916.0,7633.0,0.0,5090.857142857143,5742.0,2340.3911659215887,5640.0,5919.0,3225.462778878567,310.0,0,1,1,0,0,0,1,0,0,5569
243,2,2013-06-14,-0.9749279121818236,-0.2225209339563146,1.2246467991473532e-16,-1.0,0.29671281927349075,-0.9549667548552551,5569.0,7308.0,10533.0,4902.428571428572,5742.0,2179.716560866181,5594.9,5919.0,3210.267314575921,310.0,0,1,1,0,0,0,1,0,0,5989
243,2,2013-06-15,-0.7818314824680299,0.6234898018587334,1.2246467991473532e-16,-1.0,0.28023067519921585,-0.9599326896597447,5989.0,5742.0,5531.0,4869.571428571428,5569.0,2166.645860705965,5530.533333333334,5829.0,3191.2368019996247,310.0,0,1,1,0,0,0,1,0,0,5512
243,2,2013-06-16,-2.4492935982947064e-16,1.0,1.2246467991473532e-16,-1.0,0.26366549272800704,-0.9646141756912435,5512.0,0.0,0.0,4869.571428571428,5569.0,2166.645860705965,5288.0,5655.5,3327.5819635491985,310.0,0,1,1,0,0,0,1,0,0,0
243,2,2013-06-17,0.7818314824680298,0.6234898018587336,1.2246467991473532e-16,-1.0,0.24702218048093552,-0.9690098257244062,0.0,5179.0,9377.0,5375.571428571428,5916.0,2617.620729921409,5402.7,5829.0,3386.0871136725527,310.0,1,1,1,0,0,0,1,0,0,8721
243,2,2013-06-18,0.9749279121818236,-0.22252093395631434,1.2246467991473532e-16,-1.0,0.23030567023061221,-0.9731183372332619,8721.0,5922.0,9345.0,5558.571428571428,5916.0,2705.4918750043007,5642.8,5919.0,3242.096303532534,310.0,1,1,1,0,0,0,1,0,0,7203
243,2,2013-06-19,0.43388373911755823,-0.900968867902419,1.2246467991473532e-16,-1.0,0.21352091543979612,-0.9769384927771817,7203.0,5916.0,8591.0,5652.857142857143,5989.0,2731.400582642016,5862.0,5955.5,3064.888342456239,310.0,1,1,1,0,0,0,1,0,0,6576
243,2,2013-06-20,-0.433883739117558,-0.9009688679024191,1.2246467991473532e-16,-1.0,0.19667288979357647,-0.980469160361632,6576.0,5569.0,7633.0,5681.857142857143,5989.0,2731.4395123311465,5824.633333333333,5919.0,3058.712412035535,310.0,1,1,1,0,0,0,1,0,0,5772
243,2,2013-06-21,-0.9749279121818236,-0.2225209339563146,1.2246467991473532e-16,-1.0,0.1797665857255624,-0.9837092937736097,5772.0,5989.0,7308.0,6021.714285714285,6576.0,2917.678227305958,5934.133333333333,5955.5,3089.8884784398642,310.0,1,1,1,0,0,0,1,0,0,8368
243,2,2013-06-22,-0.7818314824680299,0.6234898018587334,1.2246467991473532e-16,-1.0,0.16280701293851715,-0.986657932891657,8368.0,5512.0,5742.0,6033.285714285715,6576.0,2915.4795897236595,5904.166666666667,5919.0,3088.650693943136,310.0,0,1,1,0,0,0,1,0,0,5593
243,2,2013-06-23,-2.4492935982947064e-16,1.0,1.2246467991473532e-16,-1.0,0.1457991969198751,-0.9893142039703663,5593.0,0.0,0.0,6033.285714285715,6576.0,2915.4795897236595,5724.133333333333,5919.0,3271.015752113512,310.0,0,1,1,0,0,0,1,0,0,0
243,2,2013-06-24,0.7818314824680298,0.6234898018587336,1.2246467991473532e-16,-1.0,0.12874817745258132,-0.99167731989929,0.0,8721.0,5179.0,5690.428571428572,6321.0,2678.1909850458674,5764.533333333334,5955.5,3270.640944601801,310.0,0,1,1,0,0,0,1,0,0,6321
243,2,2013-06-25,0.9749279121818236,-0.22252093395631434,1.2246467991473532e-16,-1.0,0.11165900712169512,-0.993746580436178,6321.0,7203.0,5922.0,5352.428571428572,5772.0,2603.747354432509,5925.766666666666,5955.5,3090.9560030261987,310.0,0,1,1,0,0,0,1,0,0,4837
243,2,2013-06-26,0.43388373911755823,-0.900968867902419,1.2246467991473532e-16,-1.0,0.09453674981719912,-0.9955213724144752,4837.0,6576.0,5916.0,5166.285714285715,5593.0,2547.6668878463242,5817.066666666667,5919.0,3053.178185086005,310.0,0,1,1,0,0,0,1,0,0,5273
243,2,2013-06-27,-0.433883739117558,-0.9009688679024191,1.2246467991473532e-16,-1.0,0.07738647923346301,-0.9970011699250151,5273.0,5772.0,5569.0,5167.142857142857,5593.0,2547.90563853082,5677.633333333333,5847.0,2951.218958952076,310.0,0,1,1,0,0,0,1,0,0,5778
243,2,2013-06-28,-0.9749279121818236,-0.2225209339563146,1.2246467991473532e-16,-1.0,0.06021327736579302,-0.9981855344718586,5778.0,8368.0,5989.0,4984.142857142857,5593.0,2315.055105792764,5655.866666666667,5847.0,2937.8613583556926,310.0,0,1,1,0,0,0,1,0,0,7087
243,2,2013-06-29,-0.7818314824680299,0.6234898018587334,1.2246467991473532e-16,-1.0,0.04302223300453059,-0.99907411510223,7087.0,5593.0,5512.0,4911.714285714285,5273.0,2300.7182729375136,5825.4,5847.0,2740.3342685607336,310.0,0,1,1,0,0,0,1,0,0,5086
243,2,2013-06-30,-2.4492935982947064e-16,1.0,1.2246467991473532e-16,-1.0,0.02581844022713308,-0.9996666485105112,5086.0,0.0,0.0,4911.714285714285,5273.0,2300.7182729375136,5474.3,5775.0,2790.681391888815,310.0,0,1,1,0,0,0,1,0,0,0
243,2,2013-07-01,0.7818314824680298,0.6234898018587336,-0.4999999999999998,-0.8660254037844388,0.008606996888688698,-0.9999629591162655,0.0,6321.0,8721.0,5553.142857142857,5273.0,3206.641515592881,5650.3,5847.0,2955.9819437412248,310.0,1,1,1,0,0,0,1,0,0,10811
243,2,2013-07-02,0.9749279121818236,-0.22252093395631434,-0.4999999999999998,-0.8660254037844388,-0.008606996888688009,-0.9999629591162655,10811.0,4837.0,7203.0,6137.714285714285,5778.0,3420.204268475092,5947.933333333333,5919.0,2813.535411656248,310.0,1,1,1,0,0,0,1,0,0,8929
243,2,2013-07-03,0.43388373911755823,-0.900968867902419,-0.4999999999999998,-0.8660254037844388,-0.02581844022713239,-0.9996666485105112,8929.0,5273.0,6576.0,6544.285714285715,7087.0,3469.0883391406887,5906.0,5919.0,2769.6990002027574,310.0,1,1,1,0,0,0,1,0,0,8119
243,2,2013-07-04,-0.433883739117558,-0.9009688679024191,-0.4999999999999998,-0.8660254037844388,-0.04302223300453034,-0.99907411510223,8119.0,5778.0,5772.0,6921.142857142857,8119.0,3514.9541214915553,5875.033333333334,5919.0,2734.8980625690037,310.0,1,1,1,0,0,0,1,0,0,8416
243,2,2013-07-05,-0.9749279121818236,-0.2225209339563146,-0.4999999999999998,-0.8660254037844388,-0.060213277365792774,-0.9981855344718586,8416.0,7087.0,8368.0,6928.428571428572,8119.0,3515.4080302359807,5826.6,5919.0,2697.7550769431286,310.0,1,1,1,0,0,0,1,0,0,7138
243,2,2013-07-06,-0.7818314824680299,0.6234898018587334,-0.4999999999999998,-0.8660254037844388,-0.07738647923346322,-0.9970011699250151,7138.0,5086.0,5593.0,6986.142857142857,8119.0,3483.288170133283,5755.166666666667,5847.0,2676.5632117394116,310.0,0,1,1,0,0,0,1,0,0,5490
243,2,2013-07-07,-2.4492935982947064e-16,1.0,-0.4999999999999998,-0.8660254037844388,-0.09453674981719933,-0.9955213724144752,5490.0,0.0,0.0,6986.142857142857,8119.0,3483.288170133283,5511.566666666667,5775.0,2856.849913180038,310.0,0,1,1,0,0,0,1,0,0,0
243,2,2013-07-08,0.7818314824680298,0.6234898018587336,-0.4999999999999998,-0.8660254037844388,-0.11165900712169444,-0.9937465804361781,0.0,10811.0,6321.0,6285.142857142857,7138.0,3052.3617319801965,5516.966666666666,5841.0,2857.4535382029426,310.0,0,1,1,0,0,0,1,0,0,5904
243,2,2013-07-09,0.9749279121818236,-0.22252093395631434,-0.4999999999999998,-0.8660254037844388,-0.12874817745258066,-0.99167731989929,5904.0,8929.0,4837.0,5862.285714285715,5969.0,2821.3407400433885,5715.933333333333,5910.0,2661.124741900318,310.0,0,1,1,0,0,0,1,0,0,5969
243,2,2013-07-10,0.43388373911755823,-0.900968867902419,-0.4999999999999998,-0.8660254037844388,-0.14579919691987442,-0.9893142039703664,5969.0,8119.0,5273.0,5502.714285714285,5904.0,2640.382845617009,5730.033333333334,5910.0,2659.30170356331,310.0,0,1,1,0,0,0,1,0,0,5602
243,2,2013-07-11,-0.433883739117558,-0.9009688679024191,-0.4999999999999998,-0.8660254037844388,-0.16280701293851646,-0.9866579328916572,5602.0,8416.0,5778.0,5189.571428571428,5904.0,2351.465490365733,5740.1,5910.0,2660.624717281057,310.0,0,1,1,0,0,0,1,0,0,6224
243,2,2013-07-12,-0.9749279121818236,-0.2225209339563146,-0.4999999999999998,-0.8660254037844388,-0.17976658572556214,-0.9837092937736098,6224.0,7138.0,7087.0,5030.714285714285,5904.0,2232.4474397908175,5743.766666666666,5936.5,2660.951264742243,310.0,0,1,1,0,0,0,1,0,0,6026
243,2,2013-07-13,-0.7818314824680299,0.6234898018587334,-0.4999999999999998,-0.8660254037844388,-0.19667288979357622,-0.9804691603616321,6026.0,5490.0,5086.0,5034.0,5904.0,2233.25285924665,5741.9,5936.5,2661.097729807422,310.0,0,1,1,0,0,0,1,0,0,5513
243,2,2013-07-14,-2.4492935982947064e-16,1.0,-0.4999999999999998,-0.8660254037844388,-0.2135209154397959,-0.9769384927771817,5513.0,0.0,0.0,5034.0,5904.0,2233.25285924665,5542.266666666666,5841.0,2859.192952605664,310.0,0,1,1,0,0,0,1,0,0,0
243,2,2013-07-15,0.7818314824680298,0.6234898018587336,-0.4999999999999998,-0.8660254037844388,-0.23030567023061196,-0.973118337233262,0.0,5904.0,10811.0,5829.428571428572,5969.0,3321.3076670262913,5740.933333333333,5936.5,3057.2204745299396,310.0,1,1,1,0,0,0,1,0,0,11472
243,2,2013-07-16,0.9749279121818236,-0.22252093395631434,-0.4999999999999998,-0.8660254037844388,-0.24702218048093527,-0.9690098257244063,11472.0,5969.0,8929.0,6400.0,6026.0,3673.657986258384,6073.033333333334,5997.5,2951.3885274951344,310.0,1,1,1,0,0,0,1,0,0,9963
243,2,2013-07-17,0.43388373911755823,-0.900968867902419,-0.4999999999999998,-0.8660254037844388,-0.2636654927280072,-0.9646141756912435,9963.0,5602.0,8119.0,6857.285714285715,6224.0,3756.0708954209817,6075.766666666666,5997.5,2953.9622681424366,310.0,1,1,1,0,0,0,1,0,0,8803
243,2,2013-07-18,-0.433883739117558,-0.9009688679024191,-0.4999999999999998,-0.8660254037844388,-0.2802306751992161,-0.9599326896597445,8803.0,6224.0,8416.0,7116.571428571428,8039.0,3767.696150927552,6103.633333333333,5997.5,2968.868546622846,310.0,1,1,1,0,0,0,1,0,0,8039
243,2,2013-07-19,-0.9749279121818236,-0.2225209339563146,-0.4999999999999998,-0.8660254037844388,-0.2967128192734901,-0.9549667548552553,8039.0,6026.0,7138.0,7225.714285714285,8039.0,3741.816034774457,6110.766666666666,5997.5,2970.2993891053397,310.0,1,1,1,0,0,0,1,0,0,6790
243,2,2013-07-20,-0.7818314824680299,0.6234898018587334,-0.4999999999999998,-0.8660254037844388,-0.3131070409358267,-0.9497178427914317,6790.0,5513.0,5490.0,7224.142857142857,8039.0,3742.6574083384226,6101.766666666666,5997.5,2971.7699321927785,310.0,0,1,1,0,0,0,1,0,0,5502
243,2,2013-07-21,-2.4492935982947064e-16,1.0,-0.4999999999999998,-0.8660254037844388,-0.3294084822245302,-0.9441875088341994,5502.0,0.0,0.0,7224.142857142857,8039.0,3742.6574083384235,5822.833333333333,5936.5,3139.694187648541,310.0,0,1,1,0,0,0,1,0,0,0
243,2,2013-07-22,0.7818314824680298,0.6234898018587336,-0.4999999999999998,-0.8660254037844388,-0.3456123126707333,-0.9383773917408642,0.0,11472.0,5904.0,6345.0,6790.0,3271.690490658717,5813.666666666667,5936.5,3140.7896034808423,310.0,0,1,1,0,0,0,1,0,0,5318
243,2,2013-07-23,0.9749279121818236,-0.22252093395631434,-0.4999999999999998,-0.8660254037844388,-0.3617137307297674,-0.9322892131745134,5318.0,9963.0,5969.0,5740.0,5728.0,2856.3479596622465,6004.6,5936.5,2943.064162071391,310.0,0,1,1,0,0,0,1,0,0,5728
243,2,2013-07-24,0.43388373911755823,-0.900968867902419,-0.4999999999999998,-0.8660254037844388,-0.37770796520396466,-0.9259247771938499,5728.0,8803.0,5602.0,5306.285714285715,5728.0,2525.019651031503,5986.133333333333,5841.0,2942.7484658620324,310.0,0,1,1,0,0,0,1,0,0,5767
243,2,2013-07-25,-0.433883739117558,-0.9009688679024191,-0.4999999999999998,-0.8660254037844388,-0.39359027665646645,-0.9192859697186105,5767.0,8039.0,6224.0,5032.142857142857,5728.0,2270.193415296846,6028.9,5936.5,2934.78443489643,310.0,0,1,1,0,0,0,1,0,0,6120
243,2,2013-07-26,-0.9749279121818236,-0.2225209339563146,-0.4999999999999998,-0.8660254037844388,-0.4093559588156211,-0.9123747579707274,6120.0,6790.0,6026.0,4843.285714285715,5502.0,2151.4688559435976,6035.4,5936.5,2933.2680797339713,310.0,0,1,1,0,0,0,1,0,0,5468
243,2,2013-07-27,-0.7818314824680299,0.6234898018587334,-0.4999999999999998,-0.8660254037844388,-0.42500033996955394,-0.9051931898913975,5468.0,5502.0,5513.0,4775.857142857143,5468.0,2134.714690426762,6010.466666666666,5936.5,2938.7055059285417,310.0,0,1,1,0,0,0,1,0,0,5030
243,2,2013-07-28,-2.4492935982947064e-16,1.0,-0.4999999999999998,-0.8660254037844388,-0.4405187843504952,-0.8977433935342336,5030.0,0.0,0.0,4775.857142857143,5468.0,2134.714690426762,5774.233333333334,5835.5,3127.940334594255,310.0,0,1,1,0,0,0,1,0,0,0
243,2,2013-07-29,0.7818314824680298,0.6234898018587336,-0.4999999999999998,-0.8660254037844388,-0.455906693508459,-0.8900275764346766,0.0,5318.0,11472.0,5697.285714285715,5728.0,3415.5275197391175,5996.966666666666,5936.5,3309.85769548599,310.0,1,1,1,0,0,0,1,0,0,11768
243,2,2013-07-30,0.9749279121818236,-0.22252093395631434,-0.4999999999999998,-0.8660254037844388,-0.47115950767386394,-0.8820480249558535,11768.0,5728.0,9963.0,6529.285714285715,5767.0,4070.7521301059232,6382.033333333334,5997.5,3259.7126854914745,310.0,1,1,1,0,0,0,1,0,0,11552
243,2,2013-07-31,0.43388373911755823,-0.900968867902419,-0.4999999999999998,-0.8660254037844388,-0.4862727071086902,-0.8738071036110807,11552.0,5767.0,8803.0,7591.285714285715,6120.0,4751.524692639396,6461.7,5997.5,3397.962037802195,310.0,1,1,1,0,0,0,1,0,0,13201
243,2,2013-08-01,-0.433883739117558,-0.9009688679024191,-0.8660254037844384,-0.5000000000000004,-0.5012418134457756,-0.8653072543632061,13201.0,6120.0,8039.0,7993.571428571428,8936.0,4725.333492892075,6461.933333333333,5997.5,3398.137541951916,310.0,1,1,1,0,0,0,1,0,0,8936
243,2,2013-08-02,-0.9749279121818236,-0.2225209339563146,-0.8660254037844384,-0.5000000000000004,-0.5160623910158526,-0.8565509959010037,8936.0,5468.0,6790.0,8332.42857142857,8936.0,4597.353653902168,6452.633333333333,5997.5,3393.8251583938654,310.0,1,1,1,0,0,0,1,0,0,7840
243,2,2013-08-03,-0.7818314824680299,0.6234898018587334,-0.8660254037844384,-0.5000000000000004,-0.5307300481619331,-0.8475409228928312,7840.0,5030.0,5502.0,8514.0,8936.0,4468.479495309338,6382.133333333333,5997.5,3373.5405706185325,310.0,0,1,1,0,0,0,1,0,0,6301
243,2,2013-08-04,-2.4492935982947064e-16,1.0,-0.8660254037844384,-0.5000000000000004,-0.5452404385406507,-0.8382797052177745,6301.0,0.0,0.0,8514.0,8936.0,4468.479495309338,6144.2,5936.5,3564.694825647774,310.0,0,1,1,0,0,0,1,0,0,0
243,2,2013-08-05,0.7818314824680298,0.6234898018587336,-0.8660254037844384,-0.5000000000000004,-0.5595892624101763,-0.828770087174504,0.0,11768.0,5318.0,7782.142857142857,7840.0,4261.439405825666,6182.7,5997.5,3563.622635213627,310.0,0,1,1,0,0,0,1,0,0,6645
243,2,2013-08-06,0.9749279121818236,-0.22252093395631434,-0.8660254037844384,-0.5000000000000004,-0.5737722679043243,-0.8190148866680802,6645.0,11552.0,5728.0,7031.142857142857,6645.0,3937.2358928810036,6392.533333333334,6073.0,3366.9218187141432,310.0,0,1,1,0,0,0,1,0,0,6295
243,2,2013-08-07,0.43388373911755823,-0.900968867902419,-0.8660254037844384,-0.5000000000000004,-0.5877852522924734,-0.8090169943749472,6295.0,13201.0,5767.0,6081.428571428572,6553.0,2853.6158849865583,6414.166666666667,6172.0,3365.7594222561074,310.0,0,1,1,0,0,0,1,0,0,6553
243,2,2013-08-08,-0.433883739117558,-0.9009688679024191,-0.8660254037844384,-0.5000000000000004,-0.6016240632249227,-0.7987793728863648,6553.0,8936.0,6120.0,5716.0,6378.0,2577.574829175673,6427.8,6259.5,3364.722239906908,310.0,0,1,1,0,0,0,1,0,0,6378
243,2,2013-08-09,-0.9749279121818236,-0.2225209339563146,-0.8660254037844384,-0.5000000000000004,-0.6152845999633277,-0.7883050558305253,6378.0,7840.0,5468.0,5335.285714285715,6301.0,2402.4311793324223,6413.566666666667,6259.5,3369.236081260022,310.0,0,1,1,0,0,0,1,0,0,5175
243,2,2013-08-10,-0.7818314824680299,0.6234898018587334,-0.8660254037844384,-0.5000000000000004,-0.6287628145958345,-0.7775971469736268,5175.0,6301.0,5030.0,5303.428571428572,6295.0,2388.9317596743854,6408.7,6207.5,3369.62476320845,310.0,0,1,1,0,0,0,1,0,0,6078
243,2,2013-08-11,-2.4492935982947064e-16,1.0,-0.8660254037844384,-0.5000000000000004,-0.6420547132365636,-0.7666588193001592,6078.0,0.0,0.0,5303.428571428572,6295.0,2388.9317596743854,6207.833333333333,6207.5,3567.0489791339064,310.0,0,1,1,0,0,0,1,0,0,0
243,2,2013-08-12,0.7818314824680298,0.6234898018587336,-0.8660254037844384,-0.5000000000000004,-0.655156357209085,-0.7554933140726804,0.0,6645.0,11768.0,5982.142857142857,6295.0,3325.081724738578,6403.933333333333,6298.0,3687.219014971559,310.0,1,1,1,0,0,0,1,0,0,11396
243,2,2013-08-13,0.9749279121818236,-0.22252093395631434,-0.8660254037844384,-0.5000000000000004,-0.6680638642135333,-0.7441039398713608,11396.0,6295.0,11552.0,6562.571428571428,6378.0,3719.9680938211845,6749.2,6339.5,3549.259013488253,310.0,1,1,1,0,0,0,1,0,0,10358
243,2,2013-08-14,0.43388373911755823,-0.900968867902419,-0.8660254037844384,-0.5000000000000004,-0.6807734094770159,-0.7324940716135792,10358.0,6553.0,13201.0,6964.857142857143,6378.0,3868.076370694328,6679.1,6339.5,3472.706579838728,310.0,1,1,1,0,0,0,1,0,0,9369
243,2,2013-08-15,-0.433883739117558,-0.9009688679024191,-0.8660254037844384,-0.5000000000000004,-0.6932812268869771,-0.7206671495538615,9369.0,6378.0,8936.0,7330.0,8934.0,3923.686744207119,6644.8,6339.5,3444.1170171157405,310.0,1,1,1,0,0,0,1,0,0,8934
243,2,2013-08-16,-0.9749279121818236,-0.2225209339563146,-0.8660254037844384,-0.5000000000000004,-0.7055836101071774,-0.7086266782644601,8934.0,5175.0,7840.0,7632.571428571428,8934.0,3809.820724441105,6594.466666666666,6339.5,3422.4545107511567,310.0,1,1,1,0,0,0,1,0,0,7293
243,2,2013-08-17,-0.7818314824680299,0.6234898018587334,-0.8660254037844384,-0.5000000000000004,-0.7176769136759615,-0.6963762255968726,7293.0,6078.0,6301.0,7493.142857142857,8934.0,3893.1439920528414,6496.566666666667,6298.0,3421.7151343908745,310.0,0,1,1,0,0,0,1,0,0,5102
243,2,2013-08-18,-2.4492935982947064e-16,1.0,-0.8660254037844384,-0.5000000000000004,-0.7295575540864876,-0.6839194216246105,5102.0,0.0,0.0,7493.142857142857,8934.0,3893.1439920528414,6270.233333333334,6207.5,3620.4323011384226,310.0,0,1,1,0,0,0,1,0,0,0
243,2,2013-08-19,0.7818314824680298,0.6234898018587336,-0.8660254037844384,-0.5000000000000004,-0.7412220108485957,-0.6712599575675315,0.0,11396.0,6645.0,6590.142857142857,7293.0,3555.4343114248554,6256.0,6207.5,3624.3938565760513,310.0,0,1,1,0,0,0,1,0,0,5075
243,2,2013-08-20,0.9749279121818236,-0.22252093395631434,-0.8660254037844384,-0.5000000000000004,-0.7526668275320083,-0.6584015846980489,5075.0,10358.0,6295.0,6055.0,6612.0,3152.9289028880207,6476.4,6298.0,3426.4821067074354,310.0,0,1,1,0,0,0,1,0,0,6612
243,2,2013-08-21,0.43388373911755823,-0.900968867902419,-0.8660254037844384,-0.5000000000000004,-0.7638886127905429,-0.64534811322955,6612.0,9369.0,6553.0,5591.142857142857,6122.0,2803.614121603958,6503.2,6298.0,3420.247877687757,310.0,0,1,1,0,0,0,1,0,0,6122
243,2,2013-08-22,-0.433883739117558,-0.9009688679024191,-0.8660254037844384,-0.5000000000000004,-0.7748840413670406,-0.6321034111873488,6122.0,8934.0,6378.0,5157.571428571428,5899.0,2407.131962671402,6508.9,6298.0,3419.0537040290114,310.0,0,1,1,0,0,0,1,0,0,5899
243,2,2013-08-23,-0.9749279121818236,-0.2225209339563146,-0.8660254037844384,-0.5000000000000004,-0.7856498550787144,-0.6186714032625032,5899.0,7293.0,5175.0,4880.142857142857,5351.0,2225.0205563523377,6495.033333333334,6298.0,3423.0076861643547,310.0,0,1,1,0,0,0,1,0,0,5351
243,2,2013-08-24,-0.7818314824680299,0.6234898018587334,-0.8660254037844384,-0.5000000000000004,-0.7961828637826154,-0.6050560696488494,5351.0,5102.0,6078.0,4916.857142857143,5359.0,2231.4026551753946,6469.666666666667,6298.0,3428.6977756550123,310.0,0,1,1,0,0,0,1,0,0,5359
243,2,2013-08-25,-2.4492935982947064e-16,1.0,-0.8660254037844384,-0.5000000000000004,-0.8064799463209447,-0.5912614448635782,5359.0,0.0,0.0,4916.857142857143,5359.0,2231.4026551753946,6287.4,6298.0,3623.5803460304214,310.0,0,1,1,0,0,0,1,0,0,0
243,2,2013-08-26,0.7818314824680298,0.6234898018587336,-0.8660254037844384,-0.5000000000000004,-0.8165380514459157,-0.5772916165517278,0.0,5075.0,11396.0,5776.714285714285,5899.0,3236.035419783787,6489.533333333334,6339.5,3718.9000666523893,310.0,1,1,1,0,0,0,1,0,0,11094
243,2,2013-08-27,0.9749279121818236,-0.22252093395631434,-0.8660254037844384,-0.5000000000000004,-0.8263541987239095,-0.5631507242749187,11094.0,6612.0,10358.0,6263.285714285715,5899.0,3616.284728570917,6823.466666666666,6465.5,3562.5785095604047,310.0,1,1,1,0,0,0,1,0,0,10018
243,2,2013-08-28,0.43388373911755823,-0.900968867902419,-0.8660254037844384,-0.5000000000000004,-0.8359254794186365,-0.5488429582847199,10018.0,6122.0,9369.0,6500.142857142857,5899.0,3659.527356939755,6690.533333333334,6465.5,3444.152523088789,310.0,1,1,1,0,0,0,1,0,0,7780
243,2,2013-08-29,-0.433883739117558,-0.9009688679024191,-0.8660254037844384,-0.5000000000000004,-0.8452490573530634,-0.5343725582809785,7780.0,5899.0,8934.0,6884.571428571428,7780.0,3726.581894853193,6591.8,6465.5,3340.8912645249816,310.0,1,1,1,0,0,0,1,0,0,8590
243,2,2013-08-30,-0.9749279121818236,-0.2225209339563146,-0.8660254037844384,-0.5000000000000004,-0.8543221697498269,-0.5197438121555157,8590.0,5351.0,7293.0,7366.857142857143,8590.0,3713.4660551642496,6442.666666666667,6465.5,3128.8171757934733,310.0,1,1,1,0,0,0,1,0,0,8727
243,2,2013-08-31,-0.7818314824680299,0.6234898018587334,-0.8660254037844384,-0.5000000000000004,-0.8631421280499115,-0.5049610547215202,8727.0,5359.0,5102.0,7406.428571428572,8590.0,3689.905051043221,6332.666666666667,6339.5,3095.9729720522714,310.0,0,1,1,0,0,0,1,0,0,5636
243,2,2013-09-01,-2.4492935982947064e-16,1.0,-1.0,-1.8369701987210297e-16,-0.8717063187093218,-0.4900286664290594,5636.0,0.0,0.0,7406.428571428572,8590.0,3689.905051043221,6071.333333333333,6298.0,3289.210001927761,310.0,0,1,1,0,0,0,1,0,0,0
243,2,2013-09-02,0.7818314824680298,0.6234898018587336,-1.0,-1.8369701987210297e-16,-0.8800122039735356,-0.4749510720670502,0.0,11094.0,5075.0,6648.0,7780.0,3334.0852318639554,6054.133333333333,6208.5,3289.3167483938632,310.0,0,1,1,0,0,0,1,0,0,5785
243,2,2013-09-03,0.9749279121818236,-0.22252093395631434,-1.0,-1.8369701987210297e-16,-0.888057322629493,-0.4597327394521046,5785.0,10018.0,6612.0,6089.285714285715,6107.0,2984.610399716391,6257.7,6208.5,3084.307435255511,310.0,0,1,1,0,0,0,1,0,0,6107
243,2,2013-09-04,0.43388373911755823,-0.900968867902419,-1.0,-1.8369701987210297e-16,-0.8958392907349089,-0.44437817810461344,6107.0,7780.0,6122.0,5776.0,5785.0,2891.1974451196975,6222.433333333333,6114.5,3085.7746099931173,310.0,0,1,1,0,0,0,1,0,0,5587
243,2,2013-09-05,-0.433883739117558,-0.9009688679024191,-1.0,-1.8369701987210297e-16,-0.9033558023246842,-0.4288919379124841,5587.0,8590.0,5899.0,5371.571428571428,5759.0,2616.9604415009703,6204.566666666667,6092.5,3086.8914805421473,310.0,0,1,1,0,0,0,1,0,0,5759
243,2,2013-09-06,-0.9749279121818236,-0.2225209339563146,-1.0,-1.8369701987210297e-16,-0.9106046300942162,-0.41327860778290443,5759.0,8727.0,5351.0,4895.714285714285,5636.0,2169.773698974598,6166.0,5988.5,3089.6145502255667,310.0,0,1,1,0,0,0,1,0,0,5396
243,2,2013-09-07,-0.7818314824680299,0.6234898018587334,-1.0,-1.8369701987210297e-16,-0.9175836260593934,-0.3975428142825566,5396.0,5636.0,5359.0,4761.857142857143,5587.0,2145.256661301195,6110.033333333334,5842.0,3100.8285931937335,310.0,0,1,1,0,0,0,1,0,0,4699
243,2,2013-09-08,-2.4492935982947064e-16,1.0,-1.0,-1.8369701987210297e-16,-0.9242907221930934,-0.3816892202666586,4699.0,0.0,0.0,4761.857142857143,5587.0,2145.256661301195,5937.533333333334,5842.0,3292.6487266001545,310.0,0,1,1,0,0,0,1,0,0,0
243,2,2013-09-09,0.7818314824680298,0.6234898018587336,-1.0,-1.8369701987210297e-16,-0.9307239310379793,-0.3657225234972692,0.0,5785.0,11094.0,5429.714285714285,5587.0,3052.663739222174,6083.6,5842.0,3394.7090840773462,310.0,1,1,1,0,0,0,1,0,0,10460
243,2,2013-09-10,0.9749279121818236,-0.22252093395631434,-1.0,-1.8369701987210297e-16,-0.9368813462954315,-0.34964745525122826,10460.0,6107.0,10018.0,5788.714285714285,5587.0,3284.549066680017,6370.933333333333,6003.0,3222.463000331542,310.0,1,1,1,0,0,0,1,0,0,8620
243,2,2013-09-11,0.43388373911755823,-0.900968867902419,-1.0,-1.8369701987210297e-16,-0.9427611433904206,-0.33346877891818705,8620.0,5587.0,7780.0,6115.571428571428,5759.0,3373.762136307322,6253.566666666667,6003.0,3094.719860123642,310.0,1,1,1,0,0,0,1,0,0,7875
243,2,2013-09-12,-0.433883739117558,-0.9009688679024191,-1.0,-1.8369701987210297e-16,-0.9483615800121716,-0.31719128858910595,7875.0,5759.0,8590.0,6495.285714285715,7875.0,3475.0006097978217,6188.866666666667,6003.0,3025.4662078285814,310.0,1,1,1,0,0,0,1,0,0,8417
243,2,2013-09-13,-0.9749279121818236,-0.2225209339563146,-1.0,-1.8369701987210297e-16,-0.9536809966304455,-0.300819807635668,8417.0,5396.0,8727.0,6637.285714285715,7875.0,3442.752857539331,6089.566666666667,6003.0,2965.7895347390768,310.0,1,1,1,0,0,0,1,0,0,6390
243,2,2013-09-14,-0.7818314824680299,0.6234898018587334,-1.0,-1.8369701987210297e-16,-0.9587178169872964,-0.2843591872810036,6390.0,4699.0,5636.0,6703.714285714285,7875.0,3403.3810010187267,5963.9,5842.0,2920.636613999505,310.0,0,1,1,0,0,0,1,0,0,5164
243,2,2013-09-15,-2.4492935982947064e-16,1.0,-1.0,-1.8369701987210297e-16,-0.9634705485641486,-0.26781430516217486,5164.0,0.0,0.0,6703.714285714285,7875.0,3403.3810010187267,5720.8,5772.0,3103.9579671878573,310.0,0,1,1,0,0,0,1,0,0,0
243,2,2013-09-16,0.7818314824680298,0.6234898018587336,-1.0,-1.8369701987210297e-16,-0.9679377830240642,-0.25119006388481957,0.0,10460.0,5785.0,5920.142857142857,6390.0,3002.1907239309667,5716.566666666667,5772.0,3104.917475535391,310.0,0,1,1,0,0,0,1,0,0,4975
243,2,2013-09-17,0.9749279121818236,-0.22252093395631434,-1.0,-1.8369701987210297e-16,-0.9721181966290612,-0.23449138957041052,4975.0,8620.0,6107.0,5405.428571428572,5164.0,2761.364931644184,5883.8,5772.0,2915.748633979228,310.0,0,1,1,0,0,0,1,0,0,5017
243,2,2013-09-18,0.43388373911755823,-0.900968867902419,-1.0,-1.8369701987210297e-16,-0.9760105506323682,-0.21772323039653224,5017.0,7875.0,5587.0,4838.0,5017.0,2570.846164203531,5844.733333333334,5772.0,2934.7486402772565,310.0,0,1,1,0,0,0,1,0,0,3903
243,2,2013-09-19,-0.433883739117558,-0.9009688679024191,-1.0,-1.8369701987210297e-16,-0.9796136916454901,-0.20089055513063528,3903.0,8417.0,5759.0,4378.285714285715,5017.0,2061.4404118064103,5797.633333333333,5697.5,2933.3484395509686,310.0,0,1,1,0,0,0,1,0,0,5199
243,2,2013-09-20,-0.9749279121818236,-0.2225209339563146,-1.0,-1.8369701987210297e-16,-0.9829265519799822,-0.18399835165767986,5199.0,6390.0,5396.0,4153.714285714285,4975.0,1883.7262464138955,5754.166666666667,5611.5,2938.0338614904317,310.0,0,1,1,0,0,0,1,0,0,4818
243,2,2013-09-21,-0.7818314824680299,0.6234898018587334,-1.0,-1.8369701987210297e-16,-0.9859481499638303,-0.1670516255021195,4818.0,5164.0,4699.0,4178.0,4975.0,1899.948069465763,5735.333333333333,5491.5,2938.8841928273705,310.0,0,1,1,0,0,0,1,0,0,5334
243,2,2013-09-22,-2.4492935982947064e-16,1.0,-1.0,-1.8369701987210297e-16,-0.9886775902323404,-0.15005539834465262,5334.0,0.0,0.0,4178.0,4975.0,1899.948069465763,5556.966666666666,5491.5,3119.8257299178554,310.0,0,1,1,0,0,0,1,0,0,0
243,2,2013-09-23,0.7818314824680298,0.6234898018587336,-1.0,-1.8369701987210297e-16,-0.9911140639934546,-0.13301470653419636,0.0,4975.0,10460.0,4810.0,5017.0,2753.3761094336546,5691.633333333333,5611.5,3197.218839741098,310.0,1,1,1,0,0,0,1,0,0,9399
243,2,2013-09-24,0.9749279121818236,-0.22252093395631434,-1.0,-1.8369701987210297e-16,-0.9932568492674143,-0.11593459959550066,9399.0,5017.0,8620.0,5346.571428571428,5199.0,3139.3639938233173,5984.066666666667,5697.5,3056.810676611113,310.0,1,1,1,0,0,0,1,0,0,8773
243,2,2013-09-25,0.43388373911755823,-0.900968867902419,-1.0,-1.8369701987210297e-16,-0.9951053111006974,-0.09882013873287211,8773.0,3903.0,7875.0,5836.857142857143,5334.0,3144.331589202567,5858.766666666666,5697.5,2913.827044820342,310.0,1,1,1,0,0,0,1,0,0,7335
243,2,2013-09-26,-0.433883739117558,-0.9009688679024191,-1.0,-1.8369701987210297e-16,-0.99665890175417,-0.08167639533042288,7335.0,5199.0,8417.0,6154.714285714285,7335.0,3181.348126936425,5772.3,5697.5,2823.226891220462,310.0,1,1,1,0,0,0,1,0,0,7424
243,2,2013-09-27,-0.9749279121818236,-0.2225209339563146,-1.0,-1.8369701987210297e-16,-0.9979171608653922,-0.06450844944931625,7424.0,4818.0,6390.0,6540.0,7424.0,3155.69094388746,5763.466666666666,5697.5,2817.1365718345687,310.0,1,1,1,0,0,0,1,0,0,7515
243,2,2013-09-28,-0.7818314824680299,0.6234898018587334,-1.0,-1.8369701987210297e-16,-0.9988797155850335,-0.04732138832243232,7515.0,5334.0,5164.0,6576.714285714285,7424.0,3140.7812570699507,5663.5,5613.5,2766.1260692590445,310.0,0,1,1,0,0,0,1,0,0,5591
243,2,2013-09-29,-2.4492935982947064e-16,1.0,-1.0,-1.8369701987210297e-16,-0.9995462806873573,-0.03012030484690836,5591.0,0.0,0.0,6576.714285714285,7424.0,3140.7812570699507,5372.6,5589.0,2889.002125779527,310.0,0,1,1,0,0,0,1,0,0,0
243,2,2013-09-30,0.7818314824680298,0.6234898018587336,-1.0,-1.8369701987210297e-16,-0.9999166586547379,-0.012910296075008843,0.0,9399.0,4975.0,6126.714285714285,7335.0,2884.1995258237434,5393.033333333334,5589.0,2893.0942567017973,310.0,0,1,1,0,0,0,1,0,0,6249
243,2,2013-10-01,0.9749279121818236,-0.22252093395631434,-0.8660254037844386,0.5000000000000001,-0.9999907397361901,0.004303538296243821,6249.0,8773.0,5017.0,5762.142857142857,6249.0,2645.3517994507174,5600.4,5675.0,2710.39206478096,310.0,0,1,1,0,0,0,1,0,0,6221
243,2,2013-10-02,0.43388373911755823,-0.900968867902419,-0.8660254037844386,0.5000000000000001,-0.9997685019798909,0.021516097436222233,6221.0,7335.0,3903.0,5538.571428571428,6221.0,2554.8519107209113,5599.9,5675.0,2710.3582197396627,310.0,0,1,1,0,0,0,1,0,0,5770
243,2,2013-10-03,-0.433883739117558,-0.9009688679024191,-0.8660254037844386,0.5000000000000001,-0.9992500112396835,0.03872228089217399,5770.0,7424.0,5199.0,4478.0,5770.0,3120.1191216575935,5396.333333333333,5589.0,2894.0709703822404,310.0,0,1,1,0,0,0,1,0,0,0
243,2,2013-10-04,-0.9749279121818236,-0.2225209339563146,-0.8660254037844386,0.5000000000000001,-0.9984354211555643,0.05591699010060302,0.0,7515.0,4818.0,4454.857142857143,5770.0,3094.3326382582877,5455.2,5675.0,2915.960767911669,310.0,0,1,1,0,0,0,1,0,0,7353
243,2,2013-10-05,-0.7818314824680299,0.6234898018587334,-0.8660254037844386,0.5000000000000001,-0.9973249731081555,0.07309512989807776,7353.0,5591.0,5334.0,4527.142857142857,6097.0,3130.9903347328454,5466.466666666666,5680.5,2917.8274479639745,310.0,0,1,1,0,0,0,1,0,0,6097
243,2,2013-10-06,-2.4492935982947064e-16,1.0,-0.8660254037844386,0.5000000000000001,-0.9959189961471792,0.0902516100310407,6097.0,0.0,0.0,4527.142857142857,6097.0,3130.9903347328454,5286.6,5680.5,3083.9099968976925,310.0,0,1,1,0,0,0,1,0,0,0
243,2,2013-10-07,0.7818314824680298,0.6234898018587336,-0.8660254037844386,0.5000000000000001,-0.994217906893952,0.10738134666416306,0.0,6249.0,9399.0,5202.285714285715,6097.0,3963.1205597897956,5495.8,5933.5,3251.0168531261656,310.0,1,1,1,0,0,0,1,0,0,10975
243,2,2013-10-08,0.9749279121818236,-0.22252093395631434,-0.8660254037844386,0.5000000000000001,-0.9922222094179324,0.12447926388678869,10975.0,6221.0,8773.0,5637.571428571428,6097.0,4250.566348819213,5804.733333333334,6159.0,3149.5302762347837,310.0,1,1,1,0,0,0,1,0,0,9268
243,2,2013-10-09,0.43388373911755823,-0.900968867902419,-0.8660254037844386,0.5000000000000001,-0.989932495087353,0.141540295217043,9268.0,5770.0,7335.0,5997.285714285715,7353.0,4368.549710307596,5732.333333333333,6159.0,3062.5915365161322,310.0,1,1,1,0,0,0,1,0,0,8288
243,2,2013-10-10,-0.433883739117558,-0.9009688679024191,-0.8660254037844386,0.5000000000000001,-0.9873494423939864,0.15855938510313475,8288.0,0.0,7424.0,7004.714285714285,7353.0,3477.210554179203,5680.066666666667,6159.0,3024.756974373809,310.0,1,1,1,0,0,0,1,0,0,7052
243,2,2013-10-11,-0.9749279121818236,-0.2225209339563146,-0.8660254037844386,0.5000000000000001,-0.9844738167520923,0.17553149042142777,7052.0,7353.0,7515.0,7040.714285714285,7605.0,3482.7175076504896,5671.066666666667,6159.0,3018.3958623098474,310.0,1,1,1,0,0,0,1,0,0,7605
243,2,2013-10-12,-0.7818314824680299,0.6234898018587334,-0.8660254037844386,0.5000000000000001,-0.9813064702716093,0.19245158197082995,7605.0,6097.0,5591.0,6968.857142857143,7605.0,3510.5120437799114,5576.966666666666,5933.5,2973.508545105614,310.0,0,1,1,0,0,0,1,0,0,5594
243,2,2013-10-13,-2.4492935982947064e-16,1.0,-0.8660254037844386,0.5000000000000001,-0.9778483415056568,0.20931464596304888,5594.0,0.0,0.0,6968.857142857143,7605.0,3510.5120437799114,5363.966666666666,5682.0,3137.599032461885,310.0,0,1,1,0,0,0,1,0,0,0
243,2,2013-10-14,0.7818314824680298,0.6234898018587336,-0.8660254037844386,0.5000000000000001,-0.9741004551724206,0.22611568550828803,0.0,10975.0,6249.0,6252.714285714285,7052.0,3036.3554202522546,5390.566666666667,5866.0,3139.2275206548497,310.0,0,1,1,0,0,0,1,0,0,5962
243,2,2013-10-15,0.9749279121818236,-0.22252093395631434,-0.8660254037844386,0.5000000000000001,-0.970063921851507,0.2428497220959358,5962.0,9268.0,6221.0,5620.285714285715,5962.0,2751.3013111547625,5551.933333333333,5866.0,2972.577958530313,310.0,0,1,1,0,0,0,1,0,0,4841
243,2,2013-10-16,0.43388373911755823,-0.900968867902419,-0.8660254037844386,0.5000000000000001,-0.965739937654855,0.25951179706979943,4841.0,8288.0,5770.0,5214.142857142857,5594.0,2489.2205894329963,5567.6,5866.0,2970.670371342541,310.0,0,1,1,0,0,0,1,0,0,5445
243,2,2013-10-17,-0.433883739117558,-0.9009688679024191,-0.8660254037844386,0.5000000000000001,-0.9611297838723007,0.27609697309746883,5445.0,7052.0,0.0,4944.142857142857,5445.0,2355.561322245115,5572.433333333333,5866.0,2969.861493151787,310.0,0,1,1,0,0,0,1,0,0,5162
243,2,2013-10-18,-0.9749279121818236,-0.2225209339563146,-0.8660254037844386,0.5000000000000001,-0.9562348265919058,0.2926003356333479,5162.0,7605.0,7353.0,4521.714285714285,5162.0,2043.299351072978,5597.266666666666,5866.0,2958.5137803474504,310.0,0,1,1,0,0,0,1,0,0,4648
243,2,2013-10-19,-0.7818314824680299,0.6234898018587334,-0.8660254037844386,0.5000000000000001,-0.9510565162951536,0.30901699437494723,4648.0,5594.0,6097.0,4533.857142857143,5162.0,2050.971918267977,5613.266666666666,5866.0,2957.583437285542,310.0,0,1,1,0,0,0,1,0,0,5679
243,2,2013-10-20,-2.4492935982947064e-16,1.0,-0.8660254037844386,0.5000000000000001,-0.9455963874271428,0.3253420847119795,5679.0,0.0,0.0,4533.857142857143,5162.0,2050.971918267977,5452.666666666667,5866.0,3128.1493739505377,310.0,0,1,1,0,0,0,1,0,0,0
243,2,2013-10-21,0.7818314824680298,0.6234898018587336,-0.8660254037844386,0.5000000000000001,-0.9398560579418953,0.341570769167856,0.0,5962.0,10975.0,5183.571428571428,5162.0,3053.9238615887207,5625.2,6029.5,3261.2867293500117,310.0,1,1,1,0,0,0,1,0,0,10510
243,2,2013-10-22,0.9749279121818236,-0.22252093395631434,-0.8660254037844386,0.5000000000000001,-0.9338372288229252,0.35769823883312546,10510.0,4841.0,9268.0,5804.571428571428,5445.0,3395.519393609903,5931.466666666666,6159.0,3144.1266177598136,310.0,1,1,1,0,0,0,1,0,0,9188
243,2,2013-10-23,0.43388373911755823,-0.900968867902419,-0.8660254037844386,0.5000000000000001,-0.9275416835791965,0.3737197147904692,9188.0,5445.0,8288.0,6033.714285714285,5679.0,3421.2346072865635,5853.133333333333,6159.0,3083.4454724559687,310.0,1,1,1,0,0,0,1,0,0,7049
243,2,2013-10-24,-0.433883739117558,-0.9009688679024191,-0.8660254037844386,0.5000000000000001,-0.9209712877166346,0.38963044953078774,7049.0,5162.0,7052.0,6392.0,7049.0,3445.9648382806627,5816.366666666667,6159.0,3053.8628617148047,310.0,1,1,1,0,0,0,1,0,0,7670
243,2,2013-10-25,-0.9749279121818236,-0.2225209339563146,-0.8660254037844386,0.5000000000000001,-0.9141279881853337,0.4054257283599973,7670.0,4648.0,7605.0,6797.571428571428,7487.0,3372.786032206553,5821.433333333333,6159.0,3056.594179501253,310.0,1,1,1,0,0,0,1,0,0,7487
243,2,2013-10-26,-0.7818314824680299,0.6234898018587334,-0.8660254037844386,0.5000000000000001,-0.9070138128026362,0.42110087079608916,7487.0,5679.0,5594.0,6765.857142857143,7487.0,3386.0744935973403,5755.866666666667,6029.5,3042.094862758722,310.0,0,1,1,0,0,0,1,0,0,5457
243,2,2013-10-27,-2.4492935982947064e-16,1.0,-0.8660254037844386,0.5000000000000001,-0.8996308696522434,0.4366512319560638,5457.0,0.0,0.0,6765.857142857143,7487.0,3386.0744935973403,5505.366666666667,5866.0,3197.676079466996,310.0,0,1,1,0,0,0,1,0,0,0
243,2,2013-10-28,0.7818314824680298,0.6234898018587336,-0.8660254037844386,0.5000000000000001,-0.8919813464595487,0.45207220393230374,0.0,10510.0,5962.0,6099.142857142857,7049.0,2958.448547722914,5513.766666666666,5902.5,3198.2397279552515,310.0,0,1,1,0,0,0,1,0,0,5843
243,2,2013-10-29,0.9749279121818236,-0.22252093395631434,-0.8660254037844386,0.5000000000000001,-0.8840675099433637,0.46735921715800205,5843.0,9188.0,4841.0,5730.857142857143,6610.0,2654.7128801794156,5734.1,6029.5,3028.468855766036,310.0,0,1,1,0,0,0,1,0,0,6610
243,2,2013-10-30,0.43388373911755823,-0.900968867902419,-0.8660254037844386,0.5000000000000001,-0.8758917051442433,0.48250774176121763,6610.0,7049.0,5445.0,5817.285714285715,6610.0,2713.966698044626,5780.933333333333,6029.5,3047.5098815526317,310.0,0,1,1,0,0,0,1,0,0,7654
243,2,2013-10-31,-0.433883739117558,-0.9009688679024191,-0.8660254037844386,0.5000000000000001,-0.867456354729597,0.4975132889071803,7654.0,7670.0,5162.0,6039.285714285715,6610.0,2944.538883780489,5881.033333333334,6029.5,3111.118143417069,310.0,0,1,1,0,0,0,1,0,0,9224
243,2,2013-11-01,-0.9749279121818236,-0.2225209339563146,-0.5000000000000004,0.8660254037844384,-0.858763958275803,0.5123714121284235,9224.0,7487.0,4648.0,4969.714285714285,5843.0,3614.578569915898,5688.7,6029.5,3291.352768213642,310.0,0,1,1,0,0,0,1,0,0,0
243,2,2013-11-02,-0.7818314824680299,0.6234898018587334,-0.5000000000000004,0.8660254037844384,-0.8498170915275277,0.5270777086423724,0.0,5457.0,5679.0,5157.428571428572,6610.0,3677.671267579658,5914.4,6353.5,3115.2513553317926,310.0,0,1,1,0,0,0,1,0,0,6771
243,2,2013-11-03,-2.4492935982947064e-16,1.0,-0.5000000000000004,0.8660254037844384,-0.8406184056344783,0.5416278206559811,6771.0,0.0,0.0,5157.428571428572,6610.0,3677.671267579658,5669.3,6029.5,3282.909119395009,310.0,0,1,1,0,0,0,1,0,0,0
243,2,2013-11-04,0.7818314824680298,0.6234898018587336,-0.5000000000000004,0.8660254037844384,-0.8311706263658079,0.5560174366570446,0.0,5843.0,10510.0,5675.0,6771.0,4028.444985351049,5781.6,6286.0,3354.877772582115,310.0,1,1,1,0,0,0,1,0,0,9466
243,2,2013-11-05,0.9749279121818236,-0.22252093395631434,-0.5000000000000004,0.8660254037844384,-0.8214765533024145,0.5702422926917867,9466.0,6610.0,9188.0,6094.142857142857,7654.0,4286.322916306838,6099.733333333334,6690.5,3238.2063567962164,310.0,1,1,1,0,0,0,1,0,0,9544
243,2,2013-11-06,0.43388373911755823,-0.900968867902419,-0.5000000000000004,0.8660254037844384,-0.8115390590073611,0.5842981736283683,9544.0,7654.0,7049.0,6158.428571428572,8104.0,4316.882125529292,6004.033333333334,6690.5,3129.765535818206,310.0,1,1,1,0,0,0,1,0,0,8104
243,2,2013-11-07,-0.433883739117558,-0.9009688679024191,-0.5000000000000004,0.8660254037844384,-0.8013610881746769,0.5981809144059159,8104.0,9224.0,7670.0,5983.428571428572,7999.0,4195.005516768041,5961.733333333334,6690.5,3092.484058257169,310.0,1,1,1,0,0,0,1,0,0,7999
243,2,2013-11-08,-0.9749279121818236,-0.2225209339563146,-0.5000000000000004,0.8660254037844384,-0.7909456567567774,0.6118864012687242,7999.0,0.0,7487.0,7121.0,7999.0,3282.459240671036,5950.9,6690.5,3084.613107690809,310.0,1,1,1,0,0,0,1,0,0,7963
243,2,2013-11-09,-0.7818314824680299,0.6234898018587334,-0.5000000000000004,0.8660254037844384,-0.780295851070776,0.6254105729852457,7963.0,6771.0,5457.0,7030.428571428572,7999.0,3302.412393849022,5920.4,6373.5,3077.8665203743644,310.0,0,1,1,0,0,0,1,0,0,6137
243,2,2013-11-10,-2.4492935982947064e-16,1.0,-0.5000000000000004,0.8660254037844384,-0.7694148268839381,0.6387494220515268,6137.0,0.0,0.0,7030.428571428572,7999.0,3302.412393849022,5666.9,6049.5,3243.0828176395657,310.0,0,1,1,0,0,0,1,0,0,0
243,2,2013-11-11,0.7818314824680298,0.6234898018587336,-0.5000000000000004,0.8660254037844384,-0.7583058084785625,0.6518989958787125,0.0,9466.0,5843.0,6557.571428571428,7963.0,3127.9126616719386,5685.633333333333,6146.5,3244.270147807368,310.0,0,1,1,0,0,0,1,0,0,6156
243,2,2013-11-12,0.9749279121818236,-0.22252093395631434,-0.5000000000000004,0.8660254037844384,-0.7469720876965551,0.6648553979642867,6156.0,9544.0,6610.0,6083.285714285715,6224.0,2837.866317868982,5893.1,6190.0,3062.034002266223,310.0,0,1,1,0,0,0,1,0,0,6224
243,2,2013-11-13,0.43388373911755823,-0.900968867902419,-0.5000000000000004,0.8660254037844384,-0.7354170229639858,0.6776147890466887,6224.0,8104.0,7654.0,5693.714285714285,6156.0,2697.96538860217,5873.6,6190.0,3063.4425035266804,310.0,0,1,1,0,0,0,1,0,0,5377
243,2,2013-11-14,-0.433883739117558,-0.9009688679024191,-0.5000000000000004,0.8660254037844384,-0.7236440382959123,0.690173388242972,5377.0,7999.0,9224.0,5350.714285714285,6137.0,2501.5121902751666,5898.833333333333,6190.0,3057.756164962772,310.0,0,1,1,0,0,0,1,0,0,5598
243,2,2013-11-15,-0.9749279121818236,-0.2225209339563146,-0.5000000000000004,0.8660254037844384,-0.7116566222817751,0.7025274741691566,5598.0,7963.0,0.0,5037.857142857143,5773.0,2244.0480853858357,5909.766666666666,6190.0,3056.66368361203,310.0,0,1,1,0,0,0,1,0,0,5773
243,2,2013-11-16,-0.7818314824680299,0.6234898018587334,-0.5000000000000004,0.8660254037844384,-0.6994583270516471,0.7146733860429608,5773.0,6137.0,6771.0,4977.142857142857,5712.0,2214.9138755695453,5928.1,6190.0,3053.671993654133,310.0,0,1,1,0,0,0,1,0,0,5712
243,2,2013-11-17,-2.4492935982947064e-16,1.0,-0.5000000000000004,0.8660254037844384,-0.6870527672236675,0.726607524768565,5712.0,0.0,0.0,4977.142857142857,5712.0,2214.9138755695453,5773.166666666667,6190.0,3233.4781644894256,310.0,0,1,1,0,0,0,1,0,0,0
243,2,2013-11-18,0.7818314824680298,0.6234898018587336,-0.5000000000000004,0.8660254037844384,-0.6744436188329457,0.7383263540031063,0.0,6156.0,9466.0,5492.857142857143,5712.0,2861.141405603219,5909.4,6417.0,3314.456918119315,310.0,1,1,1,0,0,0,1,0,0,9766
243,2,2013-11-19,0.9749279121818236,-0.22252093395631434,-0.5000000000000004,0.8660254037844384,-0.661634618242279,0.749826401204568,9766.0,6224.0,9544.0,5895.571428571428,5712.0,3163.6074797158863,6210.833333333333,6690.5,3166.39517741236,310.0,1,1,1,0,0,0,1,0,0,9043
243,2,2013-11-20,0.43388373911755823,-0.900968867902419,-0.5000000000000004,0.8660254037844384,-0.6486295610349818,0.7611042586607742,9043.0,5377.0,8104.0,6157.857142857143,5773.0,3189.4518561748437,6100.933333333333,6690.5,3067.7120412151,310.0,1,1,1,0,0,0,1,0,0,7213
243,2,2013-11-21,-0.433883739117558,-0.9009688679024191,-0.5000000000000004,0.8660254037844384,-0.6354323008901775,0.7721565844991641,7213.0,5598.0,7999.0,6337.142857142857,6853.0,3188.008753050063,6023.1,6690.5,3015.8703250042763,310.0,1,1,1,0,0,0,1,0,0,6853
243,2,2013-11-22,-0.9749279121818236,-0.2225209339563146,-0.5000000000000004,0.8660254037844384,-0.622046748440868,0.7829801036770625,6853.0,5773.0,7963.0,6550.571428571428,7213.0,3193.9503678643728,6030.366666666667,6690.5,3018.688759451163,310.0,1,1,1,0,0,0,1,0,0,7267
243,2,2013-11-23,-0.7818314824680299,0.6234898018587334,-0.5000000000000004,0.8660254037844384,-0.6084768701151264,0.7935716089521472,7267.0,5712.0,6137.0,6516.0,7213.0,3205.827506276657,5957.033333333334,6417.0,3004.1709681286693,310.0,0,1,1,0,0,0,1,0,0,5470
243,2,2013-11-24,-2.4492935982947064e-16,1.0,-0.5000000000000004,0.8660254037844384,-0.594726686960764,0.8039279618328208,5470.0,0.0,0.0,6516.0,7213.0,3205.827506276657,5707.466666666666,6190.0,3178.6095174412085,310.0,0,1,1,0,0,0,1,0,0,0
243,2,2013-11-25,0.7818314824680298,0.6234898018587336,-0.5000000000000004,0.8660254037844384,-0.5808002734538014,0.8140460935082175,0.0,9766.0,6156.0,5955.857142857143,6853.0,2868.0830083624073,5720.4,6190.0,3178.3446092537592,310.0,0,1,1,0,0,0,1,0,0,5845
243,2,2013-11-26,0.9749279121818236,-0.22252093395631434,-0.5000000000000004,0.8660254037844384,-0.5667017562911184,0.8239230057575536,5845.0,9043.0,6224.0,5471.857142857143,5845.0,2525.7234230065314,5908.9,6190.0,2989.4624859951714,310.0,0,1,1,0,0,0,1,0,0,5655
243,2,2013-11-27,0.43388373911755823,-0.900968867902419,-0.5000000000000004,0.8660254037844384,-0.5524353131676203,0.8335557718385695,5655.0,7213.0,5377.0,5281.428571428572,5845.0,2420.634686546962,5910.133333333333,6190.0,2989.44199306243,310.0,0,1,1,0,0,0,1,0,0,5880
243,2,2013-11-28,-0.433883739117558,-0.9009688679024191,-0.5000000000000004,0.8660254037844384,-0.5380051715382992,0.8429415373547832,5880.0,6853.0,5598.0,5070.142857142857,5655.0,2323.182976620044,5868.933333333333,6146.5,2987.980761297682,310.0,0,1,1,0,0,0,1,0,0,5374
243,2,2013-11-29,-0.9749279121818236,-0.2225209339563146,-0.5000000000000004,0.8660254037844384,-0.5234156073655503,0.8520775211013093,5374.0,7267.0,5773.0,5032.714285714285,5655.0,2283.665161845886,5847.3,6146.5,2976.940029859407,310.0,0,1,1,0,0,0,1,0,0,7005
243,2,2013-11-30,-0.7818314824680299,0.6234898018587334,-0.5000000000000004,0.8660254037844384,-0.5086709438521042,0.8609610158889945,7005.0,5470.0,5712.0,5529.571428571428,5845.0,2729.497319846209,5838.1,6146.5,2966.5531182583422,310.0,0,1,1,0,0,0,1,0,0,8948
243,2,2013-12-01,-2.4492935982947064e-16,1.0,-2.4492935982947064e-16,1.0,-0.4937755501599774,0.8695893893466109,8948.0,0.0,0.0,5529.571428571428,5845.0,2729.497319846209,5838.1,6146.5,2966.5531182583422,310.0,0,1,1,0,0,0,1,0,0,0
243,2,2013-12-02,0.7818314824680298,0.6234898018587336,-2.4492935982947064e-16,1.0,-0.4787338401157883,0.8779600847008883,0.0,5845.0,9766.0,6373.857142857143,5880.0,3614.039080611952,6004.233333333334,6146.5,3154.2203767424826,310.0,1,1,1,0,0,0,1,0,0,11755
243,2,2013-12-03,0.9749279121818236,-0.22252093395631434,-2.4492935982947064e-16,1.0,-0.4635502709028512,0.8860706215341377,11755.0,5655.0,9043.0,7183.571428571428,7005.0,4036.4066055978906,6381.666666666667,6190.0,3087.733588353066,310.0,1,1,1,0,0,0,1,0,0,11323
243,2,2013-12-04,0.43388373911755823,-0.900968867902419,-2.4492935982947064e-16,1.0,-0.4482293417404106,0.893918596519257,11323.0,5880.0,7213.0,7723.0,8948.0,4085.180371374887,6388.0,6190.0,3094.465615946618,310.0,1,1,1,0,0,0,1,0,0,9656
243,2,2013-12-05,-0.433883739117558,-0.9009688679024191,-2.4492935982947064e-16,1.0,-0.4327755925504317,0.9015016841318838,9656.0,5374.0,6853.0,8355.142857142857,9656.0,4002.6436026111282,6396.5,6190.0,3103.769807386076,310.0,1,1,1,0,0,0,1,0,0,9799
243,2,2013-12-06,-0.9749279121818236,-0.2225209339563146,-2.4492935982947064e-16,1.0,-0.41719360261231697,0.9088176373395028,9799.0,7005.0,7267.0,8422.285714285714,9656.0,3980.0993167794886,6375.533333333334,6190.0,3093.9464892206747,310.0,1,1,1,0,0,0,1,0,0,7475
243,2,2013-12-07,-0.7818314824680299,0.6234898018587334,-2.4492935982947064e-16,1.0,-0.4014879892059737,0.9158642882672868,7475.0,8948.0,5470.0,8141.714285714285,9656.0,4006.0036492863087,6341.7,6190.0,3081.1041924653578,310.0,0,1,1,0,0,0,1,0,0,6984
243,2,2013-12-08,-2.4492935982947064e-16,1.0,-2.4492935982947064e-16,1.0,-0.38566340624360745,0.9226395488404875,6984.0,0.0,0.0,8141.714285714285,9656.0,4006.0036492863087,6076.266666666666,6146.5,3273.602823141222,310.0,0,1,1,0,0,0,1,0,0,0
243,2,2013-12-09,0.7818314824680298,0.6234898018587336,-2.4492935982947064e-16,1.0,-0.3697245428906732,0.9291414114031743,0.0,11755.0,5845.0,7337.142857142857,7475.0,3714.3061006766525,6075.8,6139.5,3273.5948646604165,310.0,0,1,1,0,0,0,1,0,0,6123
243,2,2013-12-10,0.9749279121818236,-0.22252093395631434,-2.4492935982947064e-16,1.0,-0.3536761221763721,0.935367949313148,6123.0,11323.0,5655.0,6792.0,7475.0,3287.297471581582,6326.033333333334,6190.0,3073.9773346631896,310.0,0,1,1,0,0,0,1,0,0,7507
243,2,2013-12-11,0.43388373911755823,-0.900968867902419,-2.4492935982947064e-16,1.0,-0.33752289959411347,0.941317317512847,7507.0,9656.0,5880.0,6565.571428571428,7475.0,3106.777636992111,6389.866666666667,6538.5,3090.1652643377442,310.0,0,1,1,0,0,0,1,0,0,8071
243,2,2013-12-12,-0.433883739117558,-0.9009688679024191,-2.4492935982947064e-16,1.0,-0.32126966169236515,0.946987753076075,8071.0,9799.0,5374.0,6248.571428571428,7475.0,2822.0260368006802,6435.066666666667,6918.5,3097.56374717553,310.0,0,1,1,0,0,0,1,0,0,7580
243,2,2013-12-13,-0.9749279121818236,-0.2225209339563146,-2.4492935982947064e-16,1.0,-0.3049212246562894,0.9523775757303973,7580.0,7475.0,7005.0,6278.285714285715,7507.0,2838.1409240490343,6511.933333333333,6994.5,3099.013813472275,310.0,0,1,1,0,0,0,1,0,0,7683
243,2,2013-12-14,-0.7818314824680299,0.6234898018587334,-2.4492935982947064e-16,1.0,-0.2884824328806098,0.9574851883550389,7683.0,6984.0,8948.0,6374.285714285715,7580.0,2877.088094716932,6580.533333333334,7109.0,3100.862769076326,310.0,0,1,1,0,0,0,1,0,0,7656
243,2,2013-12-15,-2.4492935982947064e-16,1.0,-2.4492935982947064e-16,1.0,-0.27195815753410524,0.9623090774541487,7656.0,0.0,0.0,6374.285714285715,7580.0,2877.088094716932,6388.1,7109.0,3323.819669680012,310.0,0,1,1,0,0,0,1,0,0,0
243,2,2013-12-16,0.7818314824680298,0.6234898018587336,-2.4492935982947064e-16,1.0,-0.2553532951161881,0.9668478136052773,0.0,6123.0,11755.0,8018.714285714285,7656.0,5122.740468222248,6785.5,7240.0,3902.5230189959325,310.0,1,1,1,0,0,0,1,0,0,17634
243,2,2013-12-17,0.9749279121818236,-0.22252093395631434,-2.4492935982947064e-16,1.0,-0.23867276600594997,0.9711000518829505,17634.0,7507.0,11323.0,9109.857142857143,7683.0,5768.344171093681,7290.333333333333,7371.0,3973.417796872835,310.0,1,1,1,0,0,0,1,0,0,15145
243,2,2013-12-18,0.43388373911755823,-0.900968867902419,-2.4492935982947064e-16,1.0,-0.22192151300416674,0.9750645322571945,15145.0,8071.0,9656.0,9888.714285714286,7683.0,5969.269126514725,7415.566666666667,7371.0,4110.961492394942,310.0,1,1,1,0,0,0,1,0,0,13523
243,2,2013-12-19,-0.433883739117558,-0.9009688679024191,-2.4492935982947064e-16,1.0,-0.20510449986861926,0.9787400799669153,13523.0,7580.0,9799.0,10406.857142857143,11207.0,5892.38852047202,7487.7,7371.0,4159.2044095824,310.0,1,1,1,0,0,0,1,0,0,11207
243,2,2013-12-20,-0.9749279121818236,-0.2225209339563146,-2.4492935982947064e-16,1.0,-0.1882267098432439,0.9821256058680006,11207.0,7683.0,7475.0,10854.857142857143,11207.0,5768.69411648111,7607.9,7491.0,4202.868957321156,310.0,1,1,1,0,0,0,1,0,0,10819
243,2,2013-12-21,-0.7818314824680299,0.6234898018587334,-2.4492935982947064e-16,1.0,-0.1712931441814778,0.9852201067560606,10819.0,7656.0,6984.0,11065.57142857143,11207.0,5658.256264290343,7683.833333333333,7543.5,4209.33322661009,310.0,0,1,1,0,0,0,1,0,0,9131
243,2,2013-12-22,-2.4492935982947064e-16,1.0,-2.4492935982947064e-16,1.0,-0.154308820664281,0.9880226656636976,9131.0,0.0,0.0,11065.57142857143,11207.0,5658.256264290343,7441.6,7543.5,4437.08251149256,310.0,0,1,1,0,0,0,1,0,0,0
243,2,2013-12-23,0.7818314824680298,0.6234898018587336,-2.4492935982947064e-16,1.0,-0.13727877211326517,0.9905324521322227,0.0,17634.0,6123.0,10182.285714285714,11207.0,4892.820070071573,7640.966666666666,7618.0,4479.605143339078,310.0,0,1,1,0,0,0,1,0,0,11451
243,2,2013-12-24,0.9749279121818236,-0.22252093395631434,-2.4492935982947064e-16,1.0,-0.12020804489935275,0.9927487224577402,11451.0,15145.0,7507.0,8414.0,10819.0,5035.01436608344,7733.2,7618.0,4343.26658729071,310.0,0,1,1,0,0,0,1,0,0,2767
243,2,2013-12-25,0.43388373911755823,-0.900968867902419,-2.4492935982947064e-16,1.0,-0.10310169744743544,0.9946708199115211,2767.0,13523.0,8071.0,6482.142857142857,9131.0,5333.498365006198,7538.366666666667,7618.0,4556.742851274768,310.0,0,1,1,0,0,0,1,0,0,0
243,2,2013-12-26,-0.433883739117558,-0.9009688679024191,-2.4492935982947064e-16,1.0,-0.0859647987374467,0.9962981749346077,0.0,11207.0,7580.0,4881.142857142857,2767.0,5360.794761617951,7349.866666666667,7618.0,4750.198512972243,310.0,0,1,1,0,0,0,1,0,0,0
243,2,2013-12-27,-0.9749279121818236,-0.2225209339563146,-2.4492935982947064e-16,1.0,-0.06880242680232064,0.9976303053065857,0.0,10819.0,7683.0,4361.714285714285,2767.0,4840.462777954386,7393.3,7618.0,4742.2457007421,310.0,0,1,1,0,0,0,1,0,0,7183
243,2,2013-12-28,-0.7818314824680299,0.6234898018587334,-2.4492935982947064e-16,1.0,-0.05161966722325418,0.9986668162884759,7183.0,9131.0,7656.0,3938.0,2767.0,4468.957671165241,7419.666666666667,7618.0,4732.820937135541,310.0,0,1,1,0,0,0,1,0,0,6165
243,2,2013-12-29,-2.4492935982947064e-16,1.0,-2.4492935982947064e-16,1.0,-0.034421611622745804,0.9994074007397048,6165.0,0.0,0.0,3938.0,2767.0,4468.957671165241,7186.166666666667,7618.0,4922.965409135053,310.0,0,1,1,0,0,0,1,0,0,0
243,2,2013-12-30,0.7818314824680298,0.6234898018587336,-2.4492935982947064e-16,1.0,-0.01721335615583528,0.9998518392091162,0.0,11451.0,17634.0,3511.4285714285716,2767.0,3710.4427793792497,7170.066666666667,7618.0,4917.7919276519,310.0,0,1,1,0,0,0,1,0,0,8465
243,2,2013-12-31,0.9749279121818236,-0.22252093395631434,-2.4492935982947064e-16,1.0,6.432490598706546e-16,1.0,8465.0,2767.0,15145.0,3545.8571428571427,3008.0,3703.4957102972953,7270.333333333333,7618.0,4795.7128363983,310.0,0,1,1,0,0,0,1,0,0,3008
243,2,2014-01-01,0.43388373911755823,-0.900968867902419,0.49999999999999994,0.8660254037844387,0.017213356155834685,0.9998518392091162,3008.0,0.0,13523.0,3545.8571428571427,3008.0,3703.4957102972953,6878.5,7543.5,4895.8338992418385,310.0,0,1,1,0,0,0,1,0,0,0
243,2,2014-01-02,-0.433883739117558,-0.9009688679024191,0.49999999999999994,0.8660254037844387,0.03442161162274574,0.9994074007397048,0.0,0.0,11207.0,4454.571428571428,6165.0,3460.8977090317103,6713.1,7491.0,4823.791643224384,310.0,0,1,1,0,0,0,1,0,0,6361
243,2,2014-01-03,-0.9749279121818236,-0.2225209339563146,0.49999999999999994,0.8660254037844387,0.051619667223253764,0.998666816288476,6361.0,7183.0,10819.0,4336.0,6165.0,3364.723168404793,6603.0,7329.0,4791.894593279726,310.0,0,1,1,0,0,0,1,0,0,6353
243,2,2014-01-04,-0.7818314824680299,0.6234898018587334,0.49999999999999994,0.8660254037844387,0.06880242680231986,0.9976303053065857,6353.0,6165.0,9131.0,4287.142857142857,5823.0,3336.100289688116,6470.466666666666,7083.5,4755.296109082745,310.0,0,1,1,0,0,0,1,0,0,5823
243,2,2014-01-05,-2.4492935982947064e-16,1.0,0.49999999999999994,0.8660254037844387,0.08596479873744647,0.9962981749346078,5823.0,0.0,0.0,4287.142857142857,5823.0,3336.100289688116,6221.3,6672.5,4894.640708521643,310.0,0,1,1,0,0,0,1,0,0,0
243,2,2014-01-06,0.7818314824680298,0.6234898018587336,0.49999999999999994,0.8660254037844387,0.10310169744743485,0.9946708199115211,0.0,8465.0,11451.0,3077.8571428571427,3008.0,3094.7776133658567,5988.5,6357.0,5021.555980522098,310.0,1,1,1,0,0,0,1,0,0,0
243,2,2014-01-07,0.9749279121818236,-0.22252093395631434,0.49999999999999994,0.8660254037844387,0.1202080448993527,0.9927487224577402,0.0,3008.0,2767.0,4614.142857142857,5823.0,5084.137141756747,6447.233333333334,6772.0,5083.837782507482,310.0,1,1,1,0,0,0,1,0,0,13762
243,2,2014-01-08,0.43388373911755823,-0.900968867902419,0.49999999999999994,0.8660254037844387,0.13727877211326478,0.9905324521322229,13762.0,0.0,0.0,6001.428571428572,6353.0,4938.056461711186,6566.833333333333,7345.0,5118.0367739534895,310.0,1,1,1,0,0,0,1,0,0,9711
243,2,2014-01-09,-0.433883739117558,-0.9009688679024191,0.49999999999999994,0.8660254037844387,0.15430882066428117,0.9880226656636976,9711.0,6361.0,0.0,6418.0,6353.0,5093.9795183464685,6625.833333333333,7381.5,5139.406151682706,310.0,1,1,1,0,0,0,1,0,0,9277
243,2,2014-01-10,-0.9749279121818236,-0.2225209339563146,0.49999999999999994,0.8660254037844387,0.1712931441814776,0.9852201067560606,9277.0,6353.0,7183.0,6643.0,7928.0,5125.317290991195,6621.066666666667,7381.5,5138.085722519043,310.0,1,1,1,0,0,0,1,0,0,7928
243,2,2014-01-11,-0.7818314824680299,0.6234898018587334,0.49999999999999994,0.8660254037844387,0.1882267098432442,0.9821256058680006,7928.0,5823.0,6165.0,6590.428571428572,7928.0,5137.004018463902,6550.233333333334,6772.0,5139.05753927255,310.0,0,1,1,0,0,0,1,0,0,5455
243,2,2014-01-12,-2.4492935982947064e-16,1.0,0.49999999999999994,0.8660254037844387,0.2051044998686192,0.9787400799669153,5455.0,0.0,0.0,6590.428571428572,7928.0,5137.004018463902,6294.133333333333,6357.0,5270.4192055565045,310.0,0,1,1,0,0,0,1,0,0,0
243,2,2014-01-13,0.7818314824680298,0.6234898018587336,0.49999999999999994,0.8660254037844387,0.22192151300416552,0.9750645322571948,0.0,0.0,8465.0,7322.714285714285,7928.0,4345.303353978318,6209.8,6259.0,5268.117280657163,310.0,0,1,1,0,0,0,1,0,0,5126
243,2,2014-01-14,0.9749279121818236,-0.22252093395631434,0.49999999999999994,0.8660254037844387,0.2386727660059501,0.9711000518829505,5126.0,13762.0,3008.0,5994.285714285715,5455.0,3357.8384770705143,6358.566666666667,6259.0,5148.365925446525,310.0,0,1,1,0,0,0,1,0,0,4463
243,2,2014-01-15,0.43388373911755823,-0.900968867902419,0.49999999999999994,0.8660254037844387,0.255353295116187,0.9668478136052775,4463.0,9711.0,0.0,5411.285714285715,5455.0,2932.2912380529156,5958.433333333333,5994.0,4687.682654341705,310.0,0,1,1,0,0,0,1,0,0,5630
243,2,2014-01-16,-0.433883739117558,-0.9009688679024191,0.49999999999999994,0.8660254037844387,0.2719581575341055,0.9623090774541486,5630.0,9277.0,6361.0,4840.428571428572,5281.0,2393.8140318428277,5629.633333333333,5726.5,4355.2557111144915,310.0,0,1,1,0,0,0,1,0,0,5281
243,2,2014-01-17,-0.9749279121818236,-0.2225209339563146,0.49999999999999994,0.8660254037844387,0.288482432880609,0.9574851883550393,5281.0,7928.0,6353.0,4451.285714285715,5204.0,1996.7112722579354,5352.333333333333,5542.5,4092.248284621608,310.0,0,1,1,0,0,0,1,0,0,5204
243,2,2014-01-18,-0.7818314824680299,0.6234898018587334,0.49999999999999994,0.8660254037844387,0.30492122465628907,0.9523775757303974,5204.0,5455.0,5823.0,4438.571428571428,5204.0,1989.5252245316262,5157.633333333333,5410.5,3940.2179484908165,310.0,0,1,1,0,0,0,1,0,0,5366
243,2,2014-01-19,-2.4492935982947064e-16,1.0,0.49999999999999994,0.8660254037844387,0.3212696616923644,0.9469877530760753,5366.0,0.0,0.0,4438.571428571428,5204.0,1989.5252245316262,4797.0,5323.5,3899.0831106105256,310.0,0,1,1,0,0,0,1,0,0,0
243,2,2014-01-20,0.7818314824680298,0.6234898018587336,0.49999999999999994,0.8660254037844387,0.3375228995941133,0.9413173175128471,0.0,5126.0,0.0,5433.571428571428,5281.0,3533.3221787784387,4895.666666666667,5323.5,4047.1763279952406,310.0,1,1,1,0,0,0,1,0,0,12091
243,2,2014-01-21,0.9749279121818236,-0.22252093395631434,0.49999999999999994,0.8660254037844387,0.3536761221763716,0.9353679493131483,12091.0,4463.0,13762.0,6145.714285714285,5366.0,3797.5823324094713,5210.6,5410.5,4020.5941712208605,310.0,1,1,1,0,0,0,1,0,0,9448
243,2,2014-01-22,0.43388373911755823,-0.900968867902419,0.49999999999999994,0.8660254037844387,0.3697245428906731,0.9291414114031743,9448.0,5630.0,9711.0,6464.857142857143,5366.0,3840.6459712124547,5091.033333333334,5410.5,3879.4738399314706,310.0,1,1,1,0,0,0,1,0,0,7864
243,2,2014-01-23,-0.433883739117558,-0.9009688679024191,0.49999999999999994,0.8660254037844387,0.38566340624360707,0.9226395488404876,7864.0,5281.0,9277.0,6816.571428571428,7743.0,3826.8694715630077,5256.9,5542.5,3883.056229223359,310.0,1,1,1,0,0,0,1,0,0,7743
243,2,2014-01-24,-0.9749279121818236,-0.2225209339563146,0.49999999999999994,0.8660254037844387,0.401487989205973,0.9158642882672872,7743.0,5204.0,7928.0,7062.857142857143,7743.0,3760.696142496819,5487.833333333333,5726.5,3763.8173769627065,310.0,1,1,1,0,0,0,1,0,0,6928
243,2,2014-01-25,-0.7818314824680299,0.6234898018587334,0.49999999999999994,0.8660254037844387,0.4171936026123168,0.9088176373395029,6928.0,5366.0,5455.0,6974.0,7743.0,3814.435694393949,5645.966666666666,5726.5,3622.297351446847,310.0,0,1,1,0,0,0,1,0,0,4744
243,2,2014-01-26,-2.4492935982947064e-16,1.0,0.49999999999999994,0.8660254037844387,0.4327755925504312,0.901501684131884,4744.0,0.0,0.0,6974.0,7743.0,3814.435694393949,5406.533333333334,5542.5,3752.262413929561,310.0,0,1,1,0,0,0,1,0,0,0
243,2,2014-01-27,0.7818314824680298,0.6234898018587336,0.49999999999999994,0.8660254037844387,0.4482293417404106,0.893918596519257,0.0,12091.0,5126.0,5908.714285714285,6928.0,3126.4354950585325,5355.5,5410.5,3752.002350469816,310.0,0,1,1,0,0,0,1,0,0,4634
243,2,2014-01-28,0.9749279121818236,-0.22252093395631434,0.49999999999999994,0.8660254037844387,0.4635502709028509,0.886070621534138,4634.0,9448.0,4463.0,5235.285714285715,4744.0,2718.040391794898,5513.3,5410.5,3616.0846815496348,310.0,0,1,1,0,0,0,1,0,0,4734
243,2,2014-01-29,0.43388373911755823,-0.900968867902419,0.49999999999999994,0.8660254037844387,0.47873384011578846,0.8779600847008882,4734.0,7864.0,5630.0,4834.142857142857,4744.0,2460.4219440691745,5399.666666666667,5323.5,3573.442263307943,310.0,0,1,1,0,0,0,1,0,0,5056
243,2,2014-01-30,-0.433883739117558,-0.9009688679024191,0.49999999999999994,0.8660254037844387,0.4937755501599772,0.869589389346611,5056.0,7743.0,5281.0,4621.857142857143,4744.0,2219.972704679903,5507.966666666666,5410.5,3547.5989110006963,310.0,0,1,1,0,0,0,1,0,0,6257
243,2,2014-01-31,-0.9749279121818236,-0.2225209339563146,0.49999999999999994,0.8660254037844387,0.5086709438521044,0.8609610158889943,6257.0,6928.0,5204.0,4645.428571428572,4744.0,2249.223410953422,5744.4,5542.5,3401.1960127639477,310.0,0,1,1,0,0,0,1,0,0,7093
243,2,2014-02-01,-0.7818314824680299,0.6234898018587334,0.8660254037844386,0.5000000000000001,0.5234156073655503,0.8520775211013093,7093.0,4744.0,5366.0,4884.285714285715,5056.0,2348.0443432983184,5746.233333333334,5542.5,3401.5546413604643,310.0,0,1,1,0,0,0,1,0,0,6416
243,2,2014-02-02,-2.4492935982947064e-16,1.0,0.8660254037844386,0.5000000000000001,0.5380051715382996,0.8429415373547828,6416.0,0.0,0.0,4884.285714285715,5056.0,2348.0443432983184,5534.466666666666,5410.5,3556.695111974067,310.0,0,1,1,0,0,0,1,0,0,0
243,2,2014-02-03,0.7818314824680298,0.6234898018587336,0.8660254037844386,0.5000000000000001,0.5524353131676196,0.8335557718385699,0.0,4634.0,12091.0,5983.285714285715,6257.0,3650.493560889435,5751.266666666666,5410.5,3766.90449091534,310.0,1,1,1,0,0,0,1,0,0,12327
243,2,2014-02-04,0.9749279121818236,-0.22252093395631434,0.8660254037844386,0.5000000000000001,0.5667017562911176,0.8239230057575542,12327.0,4734.0,9448.0,6797.0,6416.0,3948.2961726125172,6098.933333333333,5542.5,3698.484442013525,310.0,1,1,1,0,0,0,1,0,0,10430
243,2,2014-02-05,0.43388373911755823,-0.900968867902419,0.8660254037844386,0.5000000000000001,0.5808002734538009,0.8140460935082178,10430.0,5056.0,7864.0,7433.428571428572,7093.0,3979.817452142866,6415.966666666666,5943.5,3562.8095024256804,310.0,1,1,1,0,0,0,1,0,0,9511
243,2,2014-02-06,-0.433883739117558,-0.9009688679024191,0.8660254037844386,0.5000000000000001,0.5947266869607634,0.8039279618328213,9511.0,6257.0,7743.0,7734.285714285715,8363.0,3955.5908835590194,6236.0,5943.5,3306.054153967464,310.0,1,1,1,0,0,0,1,0,0,8363
243,2,2014-02-07,-0.9749279121818236,-0.2225209339563146,0.8660254037844386,0.5000000000000001,0.6084768701151261,0.7935716089521474,8363.0,7093.0,6928.0,7857.0,8363.0,3945.6925036466437,6177.366666666667,5943.5,3257.5415045741156,310.0,1,1,1,0,0,0,1,0,0,7952
243,2,2014-02-08,-0.7818314824680299,0.6234898018587334,0.8660254037844386,0.5000000000000001,0.6220467484408675,0.7829801036770629,7952.0,6416.0,4744.0,7729.0,8363.0,4014.169403500553,6052.133333333333,5575.0,3206.080567031785,310.0,0,1,1,0,0,0,1,0,0,5520
243,2,2014-02-09,-2.4492935982947064e-16,1.0,0.8660254037844386,0.5000000000000001,0.6354323008901774,0.7721565844991642,5520.0,0.0,0.0,7729.0,8363.0,4014.169403500553,5787.866666666667,5487.5,3368.7404863491356,310.0,0,1,1,0,0,0,1,0,0,0
243,2,2014-02-10,0.7818314824680298,0.6234898018587336,0.8660254037844386,0.5000000000000001,0.6486295610349814,0.7611042586607747,0.0,12327.0,4634.0,6729.714285714285,7952.0,3518.885652887179,5783.766666666666,5443.0,3369.234392551818,310.0,0,1,1,0,0,0,1,0,0,5332
243,2,2014-02-11,0.9749279121818236,-0.22252093395631434,0.8660254037844386,0.5000000000000001,0.6616346182422783,0.7498264012045686,5332.0,10430.0,4734.0,5946.571428571428,5520.0,3148.6647888241364,5948.7,5443.0,3192.8310337919274,310.0,0,1,1,0,0,0,1,0,0,4948
243,2,2014-02-12,0.43388373911755823,-0.900968867902419,0.8660254037844386,0.5000000000000001,0.6744436188329455,0.7383263540031065,4948.0,9511.0,5056.0,5303.857142857143,5332.0,2731.337915660346,5944.9,5443.0,3193.9116040496115,310.0,0,1,1,0,0,0,1,0,0,5012
243,2,2014-02-13,-0.433883739117558,-0.9009688679024191,0.8660254037844386,0.5000000000000001,0.6870527672236669,0.7266075247685656,5012.0,8363.0,6257.0,4929.571428571428,5332.0,2401.9125613520873,5987.566666666667,5575.0,3181.9598784108034,310.0,0,1,1,0,0,0,1,0,0,5743
243,2,2014-02-14,-0.9749279121818236,-0.2225209339563146,0.8660254037844386,0.5000000000000001,0.6994583270516471,0.7146733860429609,5743.0,7952.0,7093.0,4625.571428571428,5332.0,2066.9268538212987,5994.033333333334,5631.5,3181.4052250141176,310.0,0,1,1,0,0,0,1,0,0,5824
243,2,2014-02-15,-0.7818314824680299,0.6234898018587334,0.8660254037844386,0.5000000000000001,0.7116566222817746,0.702527474169157,5824.0,5520.0,6416.0,4504.0,5012.0,2030.2522831740216,5973.633333333333,5631.5,3188.0901696603655,310.0,0,1,1,0,0,0,1,0,0,4669
243,2,2014-02-16,-2.4492935982947064e-16,1.0,0.8660254037844386,0.5000000000000001,0.7236440382959124,0.6901733882429719,4669.0,0.0,0.0,4504.0,5012.0,2030.2522831740216,5800.166666666667,5631.5,3367.9160043925795,310.0,0,1,1,0,0,0,1,0,0,0
243,2,2014-02-17,0.7818314824680298,0.6234898018587336,0.8660254037844386,0.5000000000000001,0.7354170229639855,0.6776147890466889,0.0,5332.0,12327.0,5323.857142857143,5012.0,3226.6156381246387,5990.333333333333,5783.5,3500.990848251425,310.0,1,1,1,0,0,0,1,0,0,11071
243,2,2014-02-18,0.9749279121818236,-0.22252093395631434,0.8660254037844386,0.5000000000000001,0.7469720876965552,0.6648553979642865,11071.0,4948.0,10430.0,5937.857142857143,5743.0,3537.1658819159816,6298.533333333334,6040.5,3359.5813853897753,310.0,1,1,1,0,0,0,1,0,0,9246
243,2,2014-02-19,0.43388373911755823,-0.900968867902419,0.8660254037844386,0.5000000000000001,0.7583058084785625,0.6518989958787126,9246.0,5012.0,9511.0,6313.714285714285,5824.0,3562.0844887175112,6150.266666666666,6040.5,3188.947809753766,310.0,1,1,1,0,0,0,1,0,0,7643
243,2,2014-02-20,-0.433883739117558,-0.9009688679024191,0.8660254037844386,0.5000000000000001,0.7694148268839378,0.6387494220515272,7643.0,5743.0,8363.0,6602.142857142857,7643.0,3589.803960690676,6094.066666666667,6040.5,3143.3572095971595,310.0,1,1,1,0,0,0,1,0,0,7762
243,2,2014-02-21,-0.9749279121818236,-0.2225209339563146,0.8660254037844386,0.5000000000000001,0.7802958510707755,0.6254105729852463,7762.0,5824.0,7952.0,6704.571428571428,7643.0,3574.0953567368074,6049.966666666666,6040.5,3126.9070482676248,310.0,1,1,1,0,0,0,1,0,0,6541
243,2,2014-02-22,-0.7818314824680299,0.6234898018587334,0.8660254037844386,0.5000000000000001,0.7909456567567772,0.6118864012687243,6541.0,4669.0,5520.0,6858.714285714285,7643.0,3494.045015655717,5983.466666666666,5786.0,3110.832228523903,310.0,0,1,1,0,0,0,1,0,0,5748
243,2,2014-02-23,-2.4492935982947064e-16,1.0,0.8660254037844386,0.5000000000000001,0.8013610881746766,0.5981809144059164,5748.0,0.0,0.0,6858.714285714285,7643.0,3494.045015655717,5752.533333333334,5745.5,3290.272294919167,310.0,0,1,1,0,0,0,1,0,0,0
243,2,2014-02-24,0.7818314824680298,0.6234898018587336,0.8660254037844386,0.5000000000000001,0.8115390590073611,0.5842981736283683,0.0,11071.0,5332.0,6034.428571428572,6541.0,2977.0538488659577,5771.1,5745.5,3285.953715018119,310.0,0,1,1,0,0,0,1,0,0,5301
243,2,2014-02-25,0.9749279121818236,-0.22252093395631434,0.8660254037844386,0.5000000000000001,0.8214765533024142,0.5702422926917871,5301.0,9246.0,4948.0,5464.285714285715,5748.0,2620.272741165552,5946.266666666666,5745.5,3102.6547357376726,310.0,0,1,1,0,0,0,1,0,0,5255
243,2,2014-02-26,0.43388373911755823,-0.900968867902419,0.8660254037844386,0.5000000000000001,0.8311706263658079,0.5560174366570446,5255.0,7643.0,5012.0,5083.428571428572,5301.0,2438.246012823074,5957.7,5745.5,3098.2811603009604,310.0,0,1,1,0,0,0,1,0,0,4977
243,2,2014-02-27,-0.433883739117558,-0.9009688679024191,0.8660254037844386,0.5000000000000001,0.8406184056344782,0.5416278206559814,4977.0,7762.0,5743.0,4668.571428571428,5255.0,2134.6970789898087,5961.833333333333,5745.5,3096.6746578841007,310.0,0,1,1,0,0,0,1,0,0,4858
243,2,2014-02-28,-0.9749279121818236,-0.2225209339563146,0.8660254037844386,0.5000000000000001,0.8498170915275278,0.5270777086423722,4858.0,6541.0,5824.0,4565.0,5255.0,2044.3867866265757,5987.166666666667,5782.0,3092.114019436445,310.0,0,1,1,0,0,0,1,0,0,5816
243,2,2014-03-01,-0.7818314824680299,0.6234898018587334,1.0,6.123233995736766e-17,0.8587639582758029,0.5123714121284237,5816.0,5748.0,4669.0,4569.857142857143,5255.0,2047.7035453218837,5971.333333333333,5765.0,3091.9008028577905,310.0,0,1,1,0,0,0,1,0,0,5782
243,2,2014-03-02,-2.4492935982947064e-16,1.0,1.0,6.123233995736766e-17,0.8674563547295968,0.49751328890718066,5782.0,0.0,0.0,4569.857142857143,5255.0,2047.7035453218837,5734.9,5745.5,3269.2787916054785,310.0,0,1,1,0,0,0,1,0,0,0
243,2,2014-03-03,0.7818314824680298,0.6234898018587336,1.0,6.123233995736766e-17,0.8758917051442429,0.48250774176121847,0.0,5301.0,11071.0,5541.571428571428,5255.0,3529.934128617834,5924.466666666666,5745.5,3468.9164832575743,310.0,1,1,1,0,0,0,1,0,0,12103
243,2,2014-03-04,0.9749279121818236,-0.22252093395631434,1.0,6.123233995736766e-17,0.8840675099433636,0.46735921715800227,12103.0,5255.0,9246.0,5888.857142857143,5782.0,3615.5868324322037,6180.666666666667,5765.0,3295.7789444340347,310.0,1,1,1,0,0,0,1,0,0,7686
243,2,2014-03-05,0.43388373911755823,-0.900968867902419,1.0,6.123233995736766e-17,0.8919813464595485,0.45207220393230435,7686.0,4977.0,7643.0,6353.0,5816.0,3686.858689996131,6043.966666666666,5765.0,3111.978941105653,310.0,1,1,1,0,0,0,1,0,0,8226
243,2,2014-03-06,-0.433883739117558,-0.9009688679024191,1.0,6.123233995736766e-17,0.8996308696522433,0.43665123195606403,8226.0,4858.0,7762.0,6754.0,7665.0,3649.6181078755785,5951.8,5765.0,3017.0983708375084,310.0,1,1,1,0,0,0,1,0,0,7665
243,2,2014-03-07,-0.9749279121818236,-0.2225209339563146,1.0,6.123233995736766e-17,0.9070138128026359,0.4211008707960896,7665.0,5816.0,6541.0,6963.714285714285,7665.0,3628.8535707706947,5877.566666666667,5765.0,2953.228095670477,310.0,1,1,1,0,0,0,1,0,0,7284
243,2,2014-03-08,-0.7818314824680299,0.6234898018587334,1.0,6.123233995736766e-17,0.9141279881853337,0.40542572835999735,7284.0,5782.0,5748.0,6809.142857142857,7665.0,3709.720943169508,5755.466666666666,5745.5,2922.4880842013454,310.0,0,1,1,0,0,0,1,0,0,4700
243,2,2014-03-09,-2.4492935982947064e-16,1.0,1.0,6.123233995736766e-17,0.9209712877166346,0.38963044953078796,4700.0,0.0,0.0,6809.142857142857,7665.0,3709.720943169508,5490.4,5631.5,3073.1315556970035,310.0,0,1,1,0,0,0,1,0,0,0
243,2,2014-03-10,0.7818314824680298,0.6234898018587336,1.0,6.123233995736766e-17,0.9275416835791966,0.37371971479046906,0.0,12103.0,5301.0,5828.285714285715,7284.0,2894.947363613928,5480.966666666666,5537.5,3073.4718937399102,310.0,0,1,1,0,0,0,1,0,0,5237
243,2,2014-03-11,0.9749279121818236,-0.22252093395631434,1.0,6.123233995736766e-17,0.9338372288229252,0.35769823883312546,5237.0,7686.0,5255.0,5482.857142857143,5268.0,2778.245635202871,5656.566666666667,5537.5,2894.8226874808793,310.0,0,1,1,0,0,0,1,0,0,5268
243,2,2014-03-12,0.43388373911755823,-0.900968867902419,1.0,6.123233995736766e-17,0.9398560579418954,0.3415707691678556,5268.0,8226.0,4977.0,5010.857142857143,5237.0,2501.40403430896,5642.9,5522.0,2897.3745231823596,310.0,0,1,1,0,0,0,1,0,0,4922
243,2,2014-03-13,-0.433883739117558,-0.9009688679024191,1.0,6.123233995736766e-17,0.9455963874271426,0.3253420847119801,4922.0,7665.0,4858.0,4605.0,4922.0,2212.8237616222405,5638.766666666666,5522.0,2898.488270464966,310.0,0,1,1,0,0,0,1,0,0,4824
243,2,2014-03-14,-0.9749279121818236,-0.2225209339563146,1.0,6.123233995736766e-17,0.9510565162951535,0.30901699437494745,4824.0,7284.0,5816.0,4307.142857142857,4922.0,1911.9927151684305,5645.0,5522.0,2897.294731058732,310.0,0,1,1,0,0,0,1,0,0,5199
243,2,2014-03-15,-0.7818314824680299,0.6234898018587334,1.0,6.123233995736766e-17,0.9562348265919056,0.29260033563334836,5199.0,4700.0,5782.0,4250.428571428572,4922.0,1904.2698388221204,5597.0,5284.5,2907.525467614615,310.0,0,1,1,0,0,0,1,0,0,4303
243,2,2014-03-16,-2.4492935982947064e-16,1.0,1.0,6.123233995736766e-17,0.9611297838723007,0.27609697309746883,4303.0,0.0,0.0,4250.428571428572,4922.0,1904.2698388221204,5402.866666666667,5261.5,3081.0973944396796,310.0,0,1,1,0,0,0,1,0,0,0
243,2,2014-03-17,0.7818314824680298,0.6234898018587336,1.0,6.123233995736766e-17,0.9657399376548549,0.2595117970697999,0.0,5237.0,12103.0,4948.142857142857,4922.0,2939.3908342019567,5584.6,5284.5,3195.0019437693077,310.0,1,1,1,0,0,0,1,0,0,10121
243,2,2014-03-18,0.9749279121818236,-0.22252093395631434,1.0,6.123233995736766e-17,0.970063921851507,0.2428497220959356,10121.0,5268.0,7686.0,5409.857142857143,4922.0,3236.799624555682,5867.933333333333,5524.5,3056.5731987865483,310.0,1,1,1,0,0,0,1,0,0,8500
243,2,2014-03-19,0.43388373911755823,-0.900968867902419,1.0,6.123233995736766e-17,0.9741004551724205,0.22611568550828828,8500.0,4922.0,8226.0,5738.0,5199.0,3295.0083459681846,5739.533333333334,5524.5,2907.7508399322037,310.0,1,1,1,0,0,0,1,0,0,7219
243,2,2014-03-20,-0.433883739117558,-0.9009688679024191,1.0,6.123233995736766e-17,0.9778483415056568,0.20931464596304847,7219.0,4824.0,7665.0,6073.571428571428,7173.0,3306.005941572742,5670.433333333333,5524.5,2845.5149668270556,310.0,1,1,1,0,0,0,1,0,0,7173
243,2,2014-03-21,-0.9749279121818236,-0.2225209339563146,1.0,6.123233995736766e-17,0.9813064702716093,0.19245158197082998,7173.0,5199.0,7284.0,6249.857142857143,7173.0,3284.4286377070916,5630.1,5524.5,2825.0931794214844,310.0,1,1,1,0,0,0,1,0,0,6433
243,2,2014-03-22,-0.7818314824680299,0.6234898018587334,1.0,6.123233995736766e-17,0.9844738167520922,0.1755314904214282,6433.0,4303.0,4700.0,6241.714285714285,7173.0,3290.1255150467878,5512.9,5284.5,2806.4706802869578,310.0,0,1,1,0,0,0,1,0,0,4246
243,2,2014-03-23,-2.4492935982947064e-16,1.0,1.0,6.123233995736766e-17,0.9873494423939864,0.15855938510313478,4246.0,0.0,0.0,6241.714285714285,7173.0,3290.1255150467878,5294.866666666667,5261.5,2972.9874297533206,310.0,0,1,1,0,0,0,1,0,0,0
243,2,2014-03-24,0.7818314824680298,0.6234898018587336,1.0,6.123233995736766e-17,0.989932495087353,0.141540295217043,0.0,10121.0,5237.0,5513.142857142857,6433.0,2818.839207225284,5270.633333333333,5246.0,2972.1293247415224,310.0,0,1,1,0,0,0,1,0,0,5021
243,2,2014-03-25,0.9749279121818236,-0.22252093395631434,1.0,6.123233995736766e-17,0.9922222094179323,0.12447926388678915,5021.0,8500.0,5268.0,4996.285714285715,5021.0,2492.728205152319,5433.366666666667,5246.0,2802.4006024802384,310.0,0,1,1,0,0,0,1,0,0,4882
243,2,2014-03-26,0.43388373911755823,-0.900968867902419,1.0,6.123233995736766e-17,0.994217906893952,0.10738134666416309,4882.0,7219.0,4922.0,4666.0,4907.0,2294.415539231433,5420.233333333334,5218.0,2803.965119603669,310.0,0,1,1,0,0,0,1,0,0,4907
243,2,2014-03-27,-0.433883739117558,-0.9009688679024191,1.0,6.123233995736766e-17,0.995918996147179,0.09025161003104117,4907.0,7173.0,4824.0,4358.857142857143,4907.0,2031.7520705515421,5412.5,5111.0,2804.7563635048023,310.0,0,1,1,0,0,0,1,0,0,5023
243,2,2014-03-28,-0.9749279121818236,-0.2225209339563146,1.0,6.123233995736766e-17,0.9973249731081555,0.07309512989807777,5023.0,6433.0,5199.0,4179.428571428572,4907.0,1866.816618126775,5419.166666666667,5188.0,2803.9230901367987,310.0,0,1,1,0,0,0,1,0,0,5177
243,2,2014-03-29,-0.7818314824680299,0.6234898018587334,1.0,6.123233995736766e-17,0.9984354211555643,0.055916990100603484,5177.0,4246.0,4303.0,4364.857142857143,5021.0,1937.6516223314788,5442.033333333334,5218.0,2801.985410424166,310.0,0,1,1,0,0,0,1,0,0,5544
243,2,2014-03-30,-2.4492935982947064e-16,1.0,1.0,6.123233995736766e-17,0.9992500112396835,0.03872228089217446,5544.0,0.0,0.0,4364.857142857143,5021.0,1937.6516223314788,5248.166666666667,5188.0,2971.3046720292723,310.0,0,1,1,0,0,0,1,0,0,0
243,2,2014-03-31,0.7818314824680298,0.6234898018587336,1.0,6.123233995736766e-17,0.9997685019798909,0.021516097436222254,0.0,5021.0,10121.0,5137.0,5023.0,3018.2903549305297,5402.966666666666,5188.0,3117.4535417640896,310.0,1,1,1,0,0,0,1,0,0,10426
243,2,2014-04-01,0.9749279121818236,-0.22252093395631434,0.8660254037844387,-0.49999999999999983,0.9999907397361901,0.004303538296244289,10426.0,4882.0,8500.0,5745.285714285715,5177.0,3367.228420837415,5707.633333333333,5218.0,3016.195919769931,310.0,1,1,1,0,0,0,1,0,0,9140
243,2,2014-04-02,0.43388373911755823,-0.900968867902419,0.8660254037844387,-0.49999999999999983,0.9999166586547379,-0.01291029607500882,9140.0,4907.0,7219.0,6234.857142857143,5544.0,3472.5187990166155,5582.0,5218.0,2812.222534972454,310.0,1,1,1,0,0,0,1,0,0,8334
243,2,2014-04-03,-0.433883739117558,-0.9009688679024191,0.8660254037844387,-0.49999999999999983,0.9995462806873573,-0.030120304846908114,8334.0,5023.0,7173.0,6657.142857142857,7979.0,3480.3132248200204,5591.766666666666,5218.0,2820.2788035733374,310.0,1,1,1,0,0,0,1,0,0,7979
243,2,2014-04-04,-0.9749279121818236,-0.2225209339563146,0.8660254037844387,-0.49999999999999983,0.9988797155850336,-0.04732138832243185,7979.0,5177.0,6433.0,6972.0,7979.0,3423.319100911665,5563.6,5218.0,2797.1880782006033,310.0,1,1,1,0,0,0,1,0,0,7381
243,2,2014-04-05,-0.7818314824680299,0.6234898018587334,0.8660254037844387,-0.49999999999999983,0.9979171608653922,-0.06450844944931623,7381.0,5544.0,4246.0,7002.571428571428,7979.0,3409.3682629456353,5500.033333333334,5218.0,2769.3162418052643,310.0,0,1,1,0,0,0,1,0,0,5758
243,2,2014-04-06,-2.4492935982947064e-16,1.0,0.8660254037844387,-0.49999999999999983,0.9966589017541702,-0.08167639533042241,5758.0,0.0,0.0,7002.571428571428,7979.0,3409.3682629456353,5257.233333333334,5188.0,2922.5846813292205,310.0,0,1,1,0,0,0,1,0,0,0
243,2,2014-04-07,0.7818314824680298,0.6234898018587336,0.8660254037844387,-0.49999999999999983,0.9951053111006976,-0.09882013873287143,0.0,10426.0,5021.0,6362.142857142857,7381.0,3062.5299687552115,5298.666666666667,5218.0,2923.2233075403456,310.0,0,1,1,0,0,0,1,0,0,5943
243,2,2014-04-08,0.9749279121818236,-0.22252093395631434,0.8660254037844387,-0.49999999999999983,0.9932568492674143,-0.11593459959550041,5943.0,9140.0,4882.0,5838.285714285715,5943.0,2811.513217366861,5481.1,5252.5,2746.583248579825,310.0,0,1,1,0,0,0,1,0,0,5473
243,2,2014-04-09,0.43388373911755823,-0.900968867902419,0.8660254037844387,-0.49999999999999983,0.9911140639934547,-0.1330147065341959,5473.0,8334.0,4907.0,5484.142857142857,5855.0,2592.3415688376795,5501.7,5370.5,2747.0068494698876,310.0,0,1,1,0,0,0,1,0,0,5855
243,2,2014-04-10,-0.433883739117558,-0.9009688679024191,0.8660254037844387,-0.49999999999999983,0.9886775902323405,-0.1500553983446526,5855.0,7979.0,5023.0,5127.0,5758.0,2352.454958832013,5508.733333333334,5476.0,2746.6579558504873,310.0,0,1,1,0,0,0,1,0,0,5479
243,2,2014-04-11,-0.9749279121818236,-0.2225209339563146,0.8660254037844387,-0.49999999999999983,0.9859481499638304,-0.16705162550211924,5479.0,7381.0,5177.0,4891.857142857143,5735.0,2164.346277637616,5535.833333333333,5511.5,2744.6793429109885,310.0,0,1,1,0,0,0,1,0,0,5735
243,2,2014-04-12,-0.7818314824680299,0.6234898018587334,0.8660254037844387,-0.49999999999999983,0.9829265519799822,-0.18399835165768005,5735.0,5758.0,5544.0,4814.285714285715,5479.0,2137.6960116198075,5548.866666666667,5511.5,2742.1097306112024,310.0,0,1,1,0,0,0,1,0,0,5215
243,2,2014-04-13,-2.4492935982947064e-16,1.0,0.8660254037844387,-0.49999999999999983,0.9796136916454901,-0.20089055513063506,5215.0,0.0,0.0,4814.285714285715,5479.0,2137.6960116198075,5375.566666666667,5511.5,2923.285441291076,310.0,0,1,1,0,0,0,1,0,0,0
243,2,2014-04-14,0.7818314824680298,0.6234898018587336,0.8660254037844387,-0.49999999999999983,0.9760105506323683,-0.21772323039653177,0.0,5943.0,10426.0,5564.142857142857,5479.0,3237.3782823230795,5605.2,5639.5,3101.2838765193064,310.0,1,1,1,0,0,0,1,0,0,11192
243,2,2014-04-15,0.9749279121818236,-0.22252093395631434,0.8660254037844387,-0.49999999999999983,0.9721181966290613,-0.23449138957040985,11192.0,5473.0,9140.0,6350.571428571428,5735.0,3826.5729165552652,5971.133333333333,5746.5,3064.5491622449285,310.0,1,1,1,0,0,0,1,0,0,10978
243,2,2014-04-16,0.43388373911755823,-0.900968867902419,0.8660254037844387,-0.49999999999999983,0.9679377830240642,-0.25119006388481935,10978.0,5855.0,8334.0,6941.285714285715,5735.0,4049.963115646267,5966.766666666666,5746.5,3058.5195278596557,310.0,1,1,1,0,0,0,1,0,0,9990
243,2,2014-04-17,-0.433883739117558,-0.9009688679024191,0.8660254037844387,-0.49999999999999983,0.9634705485641488,-0.2678143051621742,9990.0,5479.0,7979.0,7477.571428571428,9233.0,4072.543548248555,5991.2,5746.5,3082.289838460339,310.0,1,1,1,0,0,0,1,0,0,9233
243,2,2014-04-18,-0.9749279121818236,-0.2225209339563146,0.8660254037844387,-0.49999999999999983,0.9587178169872964,-0.2843591872810034,9233.0,5735.0,7381.0,6658.285714285715,9233.0,4961.393981341858,5750.566666666667,5639.5,3259.8109812277967,310.0,1,1,1,0,0,0,1,0,0,0
243,2,2014-04-19,-0.7818314824680299,0.6234898018587334,0.8660254037844387,-0.49999999999999983,0.9536809966304457,-0.30081980763566735,0.0,5215.0,5758.0,6987.142857142857,9233.0,4925.9494661290555,5762.033333333334,5639.5,3265.5869566227093,310.0,0,1,1,0,0,0,1,0,0,7517
243,2,2014-04-20,-2.4492935982947064e-16,1.0,0.8660254037844387,-0.49999999999999983,0.9483615800121715,-0.3171912885891061,7517.0,0.0,0.0,6987.142857142857,9233.0,4925.9494661290555,5547.6,5511.5,3427.218985185188,310.0,0,1,1,0,0,0,1,0,0,0
243,2,2014-04-21,0.7818314824680298,0.6234898018587336,0.8660254037844387,-0.49999999999999983,0.9427611433904207,-0.3334687789181868,0.0,11192.0,5943.0,5388.285714285715,7517.0,5145.140124890856,5406.066666666667,5511.5,3567.621741714502,310.0,0,1,1,0,0,0,1,0,0,0
243,2,2014-04-22,0.9749279121818236,-0.22252093395631434,0.8660254037844387,-0.49999999999999983,0.9368813462954315,-0.3496474552512284,0.0,10978.0,5473.0,4787.714285714285,6774.0,4600.458263922762,5631.866666666667,5639.5,3425.19034188772,310.0,0,1,1,0,0,0,1,0,0,6774
243,2,2014-04-23,0.43388373911755823,-0.900968867902419,0.8660254037844387,-0.49999999999999983,0.9307239310379795,-0.36572252349726897,6774.0,9990.0,5855.0,4166.0,5638.0,4040.189888276705,5652.433333333333,5686.5,3423.2477388598672,310.0,0,1,1,0,0,0,1,0,0,5638
243,2,2014-04-24,-0.433883739117558,-0.9009688679024191,0.8660254037844387,-0.49999999999999983,0.9242907221930934,-0.3816892202666588,5638.0,9233.0,5479.0,3722.714285714286,5638.0,3529.544291372741,5694.033333333334,5746.5,3421.1447618610346,310.0,0,1,1,0,0,0,1,0,0,6130
243,2,2014-04-25,-0.9749279121818236,-0.2225209339563146,0.8660254037844387,-0.49999999999999983,0.9175836260593937,-0.39754281428255595,6130.0,0.0,5735.0,4521.142857142857,5638.0,3159.854977082093,5716.766666666666,5746.5,3417.9991090103285,310.0,0,1,1,0,0,0,1,0,0,5589
243,2,2014-04-26,-0.7818314824680299,0.6234898018587334,0.8660254037844387,-0.49999999999999983,0.9106046300942163,-0.4132786077829042,5589.0,7517.0,5215.0,4147.428571428572,5589.0,2889.6249962664047,5712.7,5746.5,3418.9254527883663,310.0,0,1,1,0,0,0,1,0,0,4901
243,2,2014-04-27,-2.4492935982947064e-16,1.0,0.8660254037844387,-0.49999999999999983,0.9033558023246845,-0.4288919379124835,4901.0,0.0,0.0,4147.428571428572,5589.0,2889.6249962664047,5540.133333333333,5746.5,3574.030254134855,310.0,0,1,1,0,0,0,1,0,0,0
243,2,2014-04-28,0.7818314824680298,0.6234898018587336,0.8660254037844387,-0.49999999999999983,0.895839290734909,-0.4443781781046132,0.0,0.0,11192.0,5780.571428571428,5638.0,3348.9631160078407,5736.4,5806.5,3732.40947969779,310.0,1,1,1,0,0,0,1,0,0,11432
243,2,2014-04-29,0.9749279121818236,-0.22252093395631434,0.8660254037844387,-0.49999999999999983,0.8880573226294932,-0.45973273945210397,11432.0,6774.0,10978.0,6372.285714285715,5638.0,3877.8896629604137,6100.266666666666,5899.0,3685.6924575924704,310.0,1,1,1,0,0,0,1,0,0,10916
243,2,2014-04-30,0.43388373911755823,-0.900968867902419,0.8660254037844387,-0.49999999999999983,0.8800122039735357,-0.47495107206704995,10916.0,5638.0,9990.0,7246.857142857143,6130.0,4346.69094172304,6144.733333333334,5899.0,3747.2142842322246,310.0,1,1,1,0,0,0,1,0,0,11760
243,2,2014-05-01,-0.433883739117558,-0.9009688679024191,0.49999999999999994,-0.8660254037844387,0.8717063187093218,-0.49002866642905923,11760.0,6130.0,9233.0,6371.142857142857,5589.0,5152.083281824657,5840.066666666667,5806.5,3864.9990135461408,310.0,1,1,1,0,0,0,1,0,0,0
243,2,2014-05-02,-0.9749279121818236,-0.2225209339563146,0.49999999999999994,-0.8660254037844387,0.8631421280499114,-0.5049610547215204,0.0,5589.0,0.0,6891.857142857143,9234.0,5243.249197096884,5870.066666666667,5806.5,3888.4461211107973,310.0,1,1,1,0,0,0,1,0,0,9234
243,2,2014-05-03,-0.7818314824680299,0.6234898018587334,0.49999999999999994,-0.8660254037844387,0.854322169749827,-0.5197438121555155,9234.0,4901.0,7517.0,7027.0,9234.0,5195.355971121387,5799.0,5802.5,3868.0022554641637,310.0,0,1,1,0,0,0,1,0,0,5847
243,2,2014-05-04,-2.4492935982947064e-16,1.0,0.49999999999999994,-0.8660254037844387,0.8452490573530633,-0.5343725582809787,5847.0,0.0,0.0,7027.0,9234.0,5195.355971121387,5552.966666666666,5746.5,3996.513596859774,310.0,0,1,1,0,0,0,1,0,0,0
243,2,2014-05-05,0.7818314824680298,0.6234898018587336,0.49999999999999994,-0.8660254037844387,0.835925479418637,-0.548842958284719,0.0,11432.0,0.0,6966.142857142857,9234.0,5137.327983448574,5727.9,5791.0,4118.783678424392,310.0,1,1,1,0,0,0,1,0,0,11006
243,2,2014-05-06,0.9749279121818236,-0.22252093395631434,0.49999999999999994,-0.8660254037844387,0.8263541987239096,-0.5631507242749186,11006.0,10916.0,6774.0,6773.285714285715,9234.0,4987.4903747371,6046.766666666666,5851.0,4029.3701286098467,310.0,1,1,1,0,0,0,1,0,0,9566
243,2,2014-05-07,0.43388373911755823,-0.900968867902419,0.49999999999999994,-0.8660254037844387,0.8165380514459161,-0.5772916165517272,9566.0,11760.0,5638.0,6281.0,8314.0,4565.457735357247,6125.8,5851.0,4050.4621992540806,310.0,1,1,1,0,0,0,1,0,0,8314
243,2,2014-05-08,-0.433883739117558,-0.9009688679024191,0.49999999999999994,-0.8660254037844387,0.8064799463209448,-0.5912614448635781,8314.0,0.0,6130.0,7465.0,8314.0,3647.476799103729,6219.633333333333,5992.5,4067.388796210688,310.0,1,1,1,0,0,0,1,0,0,8288
243,2,2014-05-09,-0.9749279121818236,-0.2225209339563146,0.49999999999999994,-0.8660254037844387,0.7961828637826158,-0.6050560696488488,8288.0,9234.0,5589.0,7203.714285714285,8288.0,3564.193911404824,6271.3,6452.0,4072.4386928346203,310.0,1,1,1,0,0,0,1,0,0,7405
243,2,2014-05-10,-0.7818314824680299,0.6234898018587334,0.49999999999999994,-0.8660254037844387,0.7856498550787145,-0.6186714032625031,7405.0,5847.0,4901.0,7132.428571428572,8288.0,3600.655026387227,6266.933333333333,6452.0,4073.3876516874184,310.0,0,1,1,0,0,0,1,0,0,5348
243,2,2014-05-11,-2.4492935982947064e-16,1.0,0.49999999999999994,-0.8660254037844387,0.7748840413670407,-0.6321034111873487,5348.0,0.0,0.0,7132.428571428572,8288.0,3600.655026387227,6075.766666666666,6452.0,4230.746577006306,310.0,0,1,1,0,0,0,1,0,0,0
243,2,2014-05-12,0.7818314824680298,0.6234898018587336,0.49999999999999994,-0.8660254037844387,0.7638886127905428,-0.6453481132295501,0.0,11006.0,11432.0,6371.142857142857,7405.0,3184.470779086711,6091.166666666667,6452.0,4228.345491082064,310.0,0,1,1,0,0,0,1,0,0,5677
243,2,2014-05-13,0.9749279121818236,-0.22252093395631434,0.49999999999999994,-0.8660254037844387,0.7526668275320084,-0.6584015846980488,5677.0,9566.0,10916.0,5842.0,5862.0,2855.9089037759322,6286.566666666667,6452.0,4069.62267744586,310.0,0,1,1,0,0,0,1,0,0,5862
243,2,2014-05-14,0.43388373911755823,-0.900968867902419,0.49999999999999994,-0.8660254037844387,0.741222010848596,-0.6712599575675313,5862.0,8314.0,11760.0,5418.857142857143,5677.0,2639.863028553525,6091.9,5996.0,3965.220864831687,310.0,0,1,1,0,0,0,1,0,0,5352
243,2,2014-05-15,-0.433883739117558,-0.9009688679024191,0.49999999999999994,-0.8660254037844387,0.7295575540864875,-0.6839194216246106,5352.0,8288.0,0.0,5097.571428571428,5677.0,2353.8367868328505,5927.266666666666,5950.5,3856.396477089168,310.0,0,1,1,0,0,0,1,0,0,6039
243,2,2014-05-16,-0.9749279121818236,-0.2225209339563146,0.49999999999999994,-0.8660254037844387,0.717676913675962,-0.6963762255968722,6039.0,7405.0,9234.0,4820.285714285715,5464.0,2141.4604607047695,5776.4,5854.5,3779.746439224142,310.0,0,1,1,0,0,0,1,0,0,5464
243,2,2014-05-17,-0.7818314824680299,0.6234898018587334,0.49999999999999994,-0.8660254037844387,0.705583610107178,-0.7086266782644596,5464.0,5348.0,5847.0,4812.0,5464.0,2139.18933243413,5644.966666666666,5762.0,3723.5423945978923,310.0,0,1,1,0,0,0,1,0,0,5290
243,2,2014-05-18,-2.4492935982947064e-16,1.0,0.49999999999999994,-0.8660254037844387,0.6932812268869777,-0.7206671495538609,5290.0,0.0,0.0,4812.0,5464.0,2139.18933243413,5644.966666666666,5762.0,3723.5423945978923,310.0,0,1,1,0,0,0,1,0,0,0
243,2,2014-05-19,0.7818314824680298,0.6234898018587336,0.49999999999999994,-0.8660254037844387,0.6807734094770161,-0.7324940716135789,0.0,5677.0,11006.0,5450.142857142857,5464.0,2952.0670966048724,5732.533333333334,5762.0,3799.2060217106273,310.0,1,1,1,0,0,0,1,0,0,10144
243,2,2014-05-20,0.9749279121818236,-0.22252093395631434,0.49999999999999994,-0.8660254037844387,0.6680638642135335,-0.7441039398713607,10144.0,5862.0,9566.0,5851.285714285715,5464.0,3197.906748394729,6021.533333333334,5854.5,3675.858649240392,310.0,1,1,1,0,0,0,1,0,0,8670
243,2,2014-05-21,0.43388373911755823,-0.900968867902419,0.49999999999999994,-0.8660254037844387,0.6551563572090853,-0.7554933140726803,8670.0,5352.0,8314.0,6184.142857142857,6039.0,3257.9727044370893,6277.6,5950.5,3505.54904549128,310.0,1,1,1,0,0,0,1,0,0,7682
243,2,2014-05-22,-0.433883739117558,-0.9009688679024191,0.49999999999999994,-0.8660254037844387,0.6420547132365637,-0.766658819300159,7682.0,6039.0,8288.0,6441.714285714285,7682.0,3315.351651247353,6313.2,5950.5,3516.170834577159,310.0,1,1,1,0,0,0,1,0,0,7842
243,2,2014-05-23,-0.9749279121818236,-0.2225209339563146,0.49999999999999994,-0.8660254037844387,0.6287628145958344,-0.777597146973627,7842.0,5464.0,7405.0,6708.428571428572,7682.0,3298.6433502852246,6369.633333333333,6084.5,3518.545658446784,310.0,1,1,1,0,0,0,1,0,0,7331
243,2,2014-05-24,-0.7818314824680299,0.6234898018587334,0.49999999999999994,-0.8660254037844387,0.6152845999633276,-0.7883050558305255,7331.0,5290.0,5348.0,6657.285714285715,7682.0,3326.9539979930414,6329.7,5950.5,3528.1443217607202,310.0,0,1,1,0,0,0,1,0,0,4932
243,2,2014-05-25,-2.4492935982947064e-16,1.0,0.49999999999999994,-0.8660254037844387,0.6016240632249226,-0.7987793728863649,4932.0,0.0,0.0,6657.285714285715,7682.0,3326.9539979930414,6143.4,5950.5,3711.4060129691343,310.0,0,1,1,0,0,0,1,0,0,0
243,2,2014-05-26,0.7818314824680298,0.6234898018587336,0.49999999999999994,-0.8660254037844387,0.5877852522924732,-0.8090169943749473,0.0,10144.0,5677.0,5990.142857142857,7331.0,2959.143143353684,6162.5,5950.5,3706.262628634645,310.0,0,1,1,0,0,0,1,0,0,5474
243,2,2014-05-27,0.9749279121818236,-0.22252093395631434,0.49999999999999994,-0.8660254037844387,0.5737722679043246,-0.8190148866680801,5474.0,8670.0,5862.0,5537.142857142857,5499.0,2713.0024221989042,6345.8,5950.5,3522.3961123663807,310.0,0,1,1,0,0,0,1,0,0,5499
243,2,2014-05-28,0.43388373911755823,-0.900968867902419,0.49999999999999994,-0.8660254037844387,0.5595892624101765,-0.8287700871745037,5499.0,7682.0,5352.0,5264.142857142857,5499.0,2552.608693642079,6157.1,5854.5,3389.6581594507475,310.0,0,1,1,0,0,0,1,0,0,5771
243,2,2014-05-29,-0.433883739117558,-0.9009688679024191,0.49999999999999994,-0.8660254037844387,0.545240438540651,-0.8382797052177743,5771.0,7842.0,6039.0,4143.857142857143,5474.0,2926.187475685234,5793.233333333334,5809.0,3446.609895428312,310.0,0,1,1,0,0,0,1,0,0,0
243,2,2014-05-30,-0.9749279121818236,-0.2225209339563146,0.49999999999999994,-0.8660254037844387,0.5307300481619334,-0.8475409228928311,0.0,7331.0,5464.0,4285.285714285715,5474.0,3123.194609919233,5678.6,5809.0,3295.1769833688945,310.0,0,1,1,0,0,0,1,0,0,8321
243,2,2014-05-31,-0.7818314824680299,0.6234898018587334,0.49999999999999994,-0.8660254037844387,0.5160623910158528,-0.8565509959010036,8321.0,4932.0,5290.0,4475.285714285715,5499.0,3208.388157849444,5887.333333333333,5854.5,3116.5537922888284,310.0,0,1,1,0,0,0,1,0,0,6262
243,2,2014-06-01,-2.4492935982947064e-16,1.0,1.2246467991473532e-16,-1.0,0.5012418134457758,-0.865307254363206,6262.0,0.0,0.0,4475.285714285715,5499.0,3208.388157849444,5579.533333333334,5809.0,3228.6038910119437,310.0,0,1,1,0,0,0,1,0,0,0
243,2,2014-06-02,0.7818314824680298,0.6234898018587336,1.2246467991473532e-16,-1.0,0.48627270710869,-0.8738071036110808,0.0,5474.0,10144.0,5364.714285714285,5771.0,4231.312078393873,5774.633333333333,5816.5,3416.6895803548996,310.0,1,1,1,0,0,0,1,0,0,11700
243,2,2014-06-03,0.9749279121818236,-0.22252093395631434,1.2246467991473532e-16,-1.0,0.4711595076738638,-0.8820480249558537,11700.0,5499.0,8670.0,5883.428571428572,6262.0,4466.540490399805,6078.966666666666,5950.5,3288.8148738888663,310.0,1,1,1,0,0,0,1,0,0,9130
243,2,2014-06-04,0.43388373911755823,-0.900968867902419,1.2246467991473532e-16,-1.0,0.4559066935084588,-0.8900275764346767,9130.0,5771.0,7682.0,6241.142857142857,8275.0,4555.420962200652,5987.933333333333,5950.5,3183.8552203842137,310.0,1,1,1,0,0,0,1,0,0,8275
243,2,2014-06-05,-0.433883739117558,-0.9009688679024191,1.2246467991473532e-16,-1.0,0.440518784350495,-0.8977433935342337,8275.0,0.0,7842.0,7365.857142857143,8275.0,3637.0175248671057,5931.5,5950.5,3132.8430488879444,310.0,1,1,1,0,0,0,1,0,0,7873
243,2,2014-06-06,-0.9749279121818236,-0.2225209339563146,1.2246467991473532e-16,-1.0,0.42500033996955416,-0.9051931898913974,7873.0,8321.0,7331.0,7149.0,7873.0,3615.768705729572,5881.133333333333,5950.5,3105.2434157831112,310.0,1,1,1,0,0,0,1,0,0,6803
243,2,2014-06-07,-0.7818314824680299,0.6234898018587334,1.2246467991473532e-16,-1.0,0.4093559588156213,-0.9123747579707273,6803.0,6262.0,4932.0,6982.857142857143,7873.0,3689.2909629797136,5774.833333333333,5816.5,3074.440224724217,310.0,0,1,1,0,0,0,1,0,0,5099
243,2,2014-06-08,-2.4492935982947064e-16,1.0,1.2246467991473532e-16,-1.0,0.39359027665646673,-0.9192859697186104,5099.0,0.0,0.0,6982.857142857143,7873.0,3689.2909629797136,5528.0,5724.0,3232.255292495019,310.0,0,1,1,0,0,0,1,0,0,0
243,2,2014-06-09,0.7818314824680298,0.6234898018587336,1.2246467991473532e-16,-1.0,0.3777079652039649,-0.9259247771938498,0.0,11700.0,5474.0,5311.428571428572,6803.0,3843.139986050589,5349.733333333334,5724.0,3386.330369989413,310.0,0,1,1,0,0,0,1,0,0,0
243,2,2014-06-10,0.9749279121818236,-0.22252093395631434,1.2246467991473532e-16,-1.0,0.36171373072976765,-0.9322892131745133,0.0,9130.0,5499.0,4768.714285714285,5331.0,3463.5115472732596,5527.433333333333,5724.0,3232.28942758506,310.0,0,1,1,0,0,0,1,0,0,5331
243,2,2014-06-11,0.43388373911755823,-0.900968867902419,1.2246467991473532e-16,-1.0,0.3456123126707335,-0.9383773917408641,5331.0,8275.0,5771.0,4339.285714285715,5269.0,3126.2559457112925,5513.833333333333,5635.0,3232.496751294026,310.0,0,1,1,0,0,0,1,0,0,5269
243,2,2014-06-12,-0.433883739117558,-0.9009688679024191,1.2246467991473532e-16,-1.0,0.3294084822245304,-0.9441875088341993,5269.0,7873.0,0.0,4112.571428571428,5269.0,2874.7064115107337,5527.966666666666,5635.0,3234.9974735728906,310.0,0,1,1,0,0,0,1,0,0,6286
243,2,2014-06-13,-0.9749279121818236,-0.2225209339563146,1.2246467991473532e-16,-1.0,0.3131070409358269,-0.9497178427914316,6286.0,6803.0,8321.0,3943.8571428571427,5269.0,2721.0395947487505,5536.966666666666,5696.5,3234.866617549065,310.0,0,1,1,0,0,0,1,0,0,5622
243,2,2014-06-14,-0.7818314824680299,0.6234898018587334,1.2246467991473532e-16,-1.0,0.29671281927349075,-0.9549667548552551,5622.0,5099.0,6262.0,3967.1428571428573,5269.0,2733.2425449498214,5511.066666666667,5560.5,3233.8188371126116,310.0,0,1,1,0,0,0,1,0,0,5262
243,2,2014-06-15,-2.4492935982947064e-16,1.0,1.2246467991473532e-16,-1.0,0.28023067519921585,-0.9599326896597447,5262.0,0.0,0.0,3967.1428571428573,5269.0,2733.2425449498214,5328.933333333333,5560.5,3386.812191868409,310.0,0,1,1,0,0,0,1,0,0,0
243,2,2014-06-16,0.7818314824680298,0.6234898018587336,1.2246467991473532e-16,-1.0,0.26366549272800704,-0.9646141756912435,0.0,0.0,11700.0,5614.857142857143,5331.0,3350.0760403594495,5537.066666666667,5696.5,3571.1784970050517,310.0,1,1,1,0,0,0,1,0,0,11534
243,2,2014-06-17,0.9749279121818236,-0.22252093395631434,1.2246467991473532e-16,-1.0,0.24702218048093552,-0.9690098257244062,11534.0,5331.0,9130.0,6236.428571428572,5622.0,3676.3812758899558,5859.8,6016.5,3490.098411812757,310.0,1,1,1,0,0,0,1,0,0,9682
243,2,2014-06-18,0.43388373911755823,-0.900968867902419,1.2246467991473532e-16,-1.0,0.23030567023061221,-0.9731183372332619,9682.0,5269.0,8275.0,6731.285714285715,6286.0,3756.714908635187,5812.766666666666,6016.5,3439.5136252326315,310.0,1,1,1,0,0,0,1,0,0,8733
243,2,2014-06-19,-0.433883739117558,-0.9009688679024191,1.2246467991473532e-16,-1.0,0.21352091543979612,-0.9769384927771817,8733.0,6286.0,7873.0,5833.285714285715,5622.0,4548.709366926169,5523.766666666666,5696.5,3553.5131201956037,310.0,1,1,1,0,0,0,1,0,0,0
243,2,2014-06-20,-0.9749279121818236,-0.2225209339563146,1.2246467991473532e-16,-1.0,0.19667288979357647,-0.980469160361632,0.0,5622.0,6803.0,6278.714285714285,8733.0,4675.46862942763,5559.033333333334,5696.5,3580.8161416400426,310.0,1,1,1,0,0,0,1,0,0,8740
243,2,2014-06-21,-0.7818314824680299,0.6234898018587334,1.2246467991473532e-16,-1.0,0.1797665857255624,-0.9837092937736097,8740.0,5262.0,5099.0,6262.428571428572,8733.0,4679.796856600465,5469.233333333334,5560.5,3555.278607670701,310.0,0,1,1,0,0,0,1,0,0,5148
243,2,2014-06-22,-2.4492935982947064e-16,1.0,1.2246467991473532e-16,-1.0,0.16280701293851715,-0.986657932891657,5148.0,0.0,0.0,6262.428571428572,8733.0,4679.796856600465,5224.866666666667,5486.5,3672.897284755975,310.0,0,1,1,0,0,0,1,0,0,0
243,2,2014-06-23,0.7818314824680298,0.6234898018587336,1.2246467991473532e-16,-1.0,0.1457991969198751,-0.9893142039703663,0.0,11534.0,0.0,5395.571428571428,5466.0,4061.7675896561245,5242.666666666667,5486.5,3672.7229805627894,310.0,0,1,1,0,0,0,1,0,0,5466
243,2,2014-06-24,0.9749279121818236,-0.22252093395631434,1.2246467991473532e-16,-1.0,0.12874817745258132,-0.99167731989929,5466.0,9682.0,5331.0,4781.142857142857,5381.0,3604.8999259605594,5422.033333333334,5486.5,3536.734998148212,310.0,0,1,1,0,0,0,1,0,0,5381
243,2,2014-06-25,0.43388373911755823,-0.900968867902419,1.2246467991473532e-16,-1.0,0.11165900712169512,-0.993746580436178,5381.0,8733.0,5269.0,4258.285714285715,5148.0,3176.113175685318,5408.666666666667,5482.5,3537.289546154418,310.0,0,1,1,0,0,0,1,0,0,5073
243,2,2014-06-26,-0.433883739117558,-0.9009688679024191,1.2246467991473532e-16,-1.0,0.09453674981719912,-0.9955213724144752,5073.0,0.0,6286.0,4980.571428571428,5148.0,2561.823690078533,5393.9,5423.5,3537.824066793911,310.0,0,1,1,0,0,0,1,0,0,5056
243,2,2014-06-27,-0.9749279121818236,-0.2225209339563146,1.2246467991473532e-16,-1.0,0.07738647923346301,-0.9970011699250151,5056.0,8740.0,5622.0,4512.0,5148.0,1997.3848736118196,5383.533333333334,5420.5,3537.1365560424656,310.0,0,1,1,0,0,0,1,0,0,5460
243,2,2014-06-28,-0.7818314824680299,0.6234898018587334,1.2246467991473532e-16,-1.0,0.06021327736579302,-0.9981855344718586,5460.0,5148.0,5262.0,4507.714285714285,5118.0,1995.8243672131762,5554.133333333333,5420.5,3388.8440785178873,310.0,0,1,1,0,0,0,1,0,0,5118
243,2,2014-06-29,-2.4492935982947064e-16,1.0,1.2246467991473532e-16,-1.0,0.04302223300453059,-0.99907411510223,5118.0,0.0,0.0,4507.714285714285,5118.0,1995.8243672131762,5276.766666666666,5356.0,3493.484276757808,310.0,0,1,1,0,0,0,1,0,0,0
243,2,2014-06-30,0.7818314824680298,0.6234898018587336,1.2246467991473532e-16,-1.0,0.02581844022713308,-0.9996666485105112,0.0,5466.0,11534.0,5313.571428571428,5118.0,3214.1953299461425,5438.266666666666,5356.0,3649.12369200336,310.0,1,1,1,0,0,0,1,0,0,11107
243,2,2015-01-01,-0.433883739117558,-0.9009688679024191,0.49999999999999994,0.8660254037844387,0.017213356155834685,0.9998518392091162,11107.0,5381.0,9682.0,4544.857142857143,5073.0,3787.685151847204,5438.266666666666,5356.0,3649.12369200336,310.0,0,1,1,0,0,0,1,0,0,0
243,2,2015-01-02,-0.9749279121818236,-0.2225209339563146,0.49999999999999994,0.8660254037844387,0.03442161162274574,0.9994074007397048,0.0,5073.0,8733.0,4646.428571428572,5118.0,3813.652573633435,5241.066666666667,5356.0,3453.6866852018047,310.0,0,1,1,0,0,0,1,0,0,5784
243,2,2015-01-03,-0.7818314824680299,0.6234898018587334,0.49999999999999994,0.8660254037844387,0.051619667223253764,0.998666816288476,5784.0,5056.0,0.0,4659.0,5144.0,3815.3723715167444,5108.2,5300.0,3374.6857468000144,310.0,0,1,1,0,0,0,1,0,0,5144
243,2,2015-01-04,-2.4492935982947064e-16,1.0,0.49999999999999994,0.8660254037844387,0.06880242680231986,0.9976303053065857,5144.0,5460.0,8740.0,3879.0,5118.0,4166.29887710103,4832.366666666667,5265.5,3444.381616921752,310.0,0,1,1,0,0,0,1,0,0,0
243,2,2015-01-05,0.7818314824680298,0.6234898018587336,0.49999999999999994,0.8660254037844387,0.08596479873744647,0.9962981749346078,0.0,5118.0,5148.0,4684.571428571428,5144.0,4922.3541744827335,4928.5,5265.5,3570.123911208028,310.0,1,1,1,0,0,0,1,0,0,10757
243,2,2015-01-06,0.9749279121818236,-0.22252093395631434,0.49999999999999994,0.8660254037844387,0.10310169744743485,0.9946708199115211,10757.0,0.0,0.0,4684.571428571428,5144.0,4922.3541744827335,4701.733333333334,5205.0,3661.8321486733203,310.0,1,1,1,0,0,0,1,0,0,0
243,2,2015-01-07,0.43388373911755823,-0.900968867902419,0.49999999999999994,0.8660254037844387,0.1202080448993527,0.9927487224577402,0.0,11107.0,5466.0,4311.285714285715,5144.0,4428.434362702226,4814.9,5265.5,3726.4233138215927,310.0,1,1,1,0,0,0,1,0,0,8494
243,2,2015-01-08,-0.433883739117558,-0.9009688679024191,0.49999999999999994,0.8660254037844387,0.13727877211326478,0.9905324521322229,8494.0,0.0,5381.0,5410.714285714285,5784.0,4124.602797615209,5071.433333333333,5300.0,3647.5966833475177,310.0,1,1,1,0,0,0,1,0,0,7696
243,2,2015-01-09,-0.9749279121818236,-0.2225209339563146,0.49999999999999994,0.8660254037844387,0.15430882066428117,0.9880226656636976,7696.0,5784.0,5073.0,5579.428571428572,6965.0,4166.359316283334,5303.6,5356.0,3533.548588541865,310.0,1,1,1,0,0,0,1,0,0,6965
243,2,2015-01-10,-0.7818314824680299,0.6234898018587334,0.49999999999999994,0.8660254037844387,0.1712931441814776,0.9852201067560606,6965.0,5144.0,5056.0,5569.571428571428,6965.0,4167.6426133224195,5295.066666666667,5325.0,3533.7892423283256,310.0,0,1,1,0,0,0,1,0,0,5075
243,2,2015-01-11,-2.4492935982947064e-16,1.0,0.49999999999999994,0.8660254037844387,0.1882267098432442,0.9821256058680006,5075.0,0.0,5460.0,5569.571428571428,6965.0,4167.6426133224195,5119.433333333333,5321.5,3663.6799164071435,310.0,0,1,1,0,0,0,1,0,0,0
243,2,2015-01-12,0.7818314824680298,0.6234898018587336,0.49999999999999994,0.8660254037844387,0.2051044998686192,0.9787400799669153,0.0,10757.0,5118.0,5438.857142857143,6965.0,3988.3182934068573,5237.966666666666,5321.5,3759.0085769533957,310.0,1,1,1,0,0,0,1,0,0,9842
243,2,2015-01-13,0.9749279121818236,-0.22252093395631434,0.49999999999999994,0.8660254037844387,0.22192151300416552,0.9750645322571948,9842.0,0.0,0.0,6849.428571428572,7696.0,3454.50043938545,5379.7,5321.5,3852.9741861723314,310.0,1,1,1,0,0,0,1,0,0,9874
243,2,2015-01-14,0.43388373911755823,-0.900968867902419,0.49999999999999994,0.8660254037844387,0.2386727660059501,0.9711000518829505,9874.0,8494.0,11107.0,6690.285714285715,7380.0,3391.1906814709228,5450.3,5420.5,3870.109631789384,310.0,1,1,1,0,0,0,1,0,0,7380
243,2,2015-01-15,-0.433883739117558,-0.9009688679024191,0.49999999999999994,0.8660254037844387,0.255353295116187,0.9668478136052775,7380.0,7696.0,0.0,6656.428571428572,7380.0,3380.642979135912,5698.933333333333,5463.0,3745.4766183825755,310.0,1,1,1,0,0,0,1,0,0,7459
243,2,2015-01-16,-0.9749279121818236,-0.2225209339563146,0.49999999999999994,0.8660254037844387,0.2719581575341055,0.9623090774541486,7459.0,6965.0,5784.0,6734.0,7459.0,3395.1023057732223,5564.733333333334,5463.0,3598.4368630658596,310.0,1,1,1,0,0,0,1,0,0,7508
243,2,2015-01-17,-0.7818314824680299,0.6234898018587334,0.49999999999999994,0.8660254037844387,0.288482432880609,0.9574851883550393,7508.0,5075.0,5144.0,6666.714285714285,7459.0,3437.8589613442873,5395.466666666666,5420.5,3516.5876655069187,310.0,0,1,1,0,0,0,1,0,0,4604
243,2,2015-01-18,-2.4492935982947064e-16,1.0,0.49999999999999994,0.8660254037844387,0.30492122465628907,0.9523775757303974,4604.0,0.0,0.0,6666.714285714285,7459.0,3437.8589613442873,5104.366666666667,5264.5,3591.4411235154835,310.0,0,1,1,0,0,0,1,0,0,0
243,2,2015-01-19,0.7818314824680298,0.6234898018587336,0.49999999999999994,0.8660254037844387,0.3212696616923644,0.9469877530760753,0.0,9842.0,10757.0,6026.857142857143,7380.0,3153.4255674621195,5283.133333333333,5372.0,3459.6623189148877,310.0,0,1,1,0,0,0,1,0,0,5363
243,2,2015-01-20,0.9749279121818236,-0.22252093395631434,0.49999999999999994,0.8660254037844387,0.3375228995941133,0.9413173175128471,5363.0,9874.0,0.0,5246.857142857143,5363.0,2683.4851983053286,5138.933333333333,5255.5,3400.255030327044,310.0,0,1,1,0,0,0,1,0,0,4414
243,2,2015-01-21,0.43388373911755823,-0.900968867902419,0.49999999999999994,0.8660254037844387,0.3536761221763716,0.9353679493131483,4414.0,7380.0,8494.0,4941.857142857143,5245.0,2516.779915458863,5142.166666666667,5304.0,3400.3100678425285,310.0,0,1,1,0,0,0,1,0,0,5245
243,2,2015-01-22,-0.433883739117558,-0.9009688679024191,0.49999999999999994,0.8660254037844387,0.3697245428906731,0.9291414114031743,5245.0,7459.0,7696.0,4615.428571428572,5174.0,2272.189829008042,5314.633333333333,5304.0,3258.770346505621,310.0,0,1,1,0,0,0,1,0,0,5174
243,2,2015-01-23,-0.9749279121818236,-0.2225209339563146,0.49999999999999994,0.8660254037844387,0.38566340624360707,0.9226395488404876,5174.0,7508.0,6965.0,4227.285714285715,4791.0,1896.7670489797142,5292.133333333333,5209.5,3260.0192165007284,310.0,0,1,1,0,0,0,1,0,0,4791
243,2,2015-01-24,-0.7818314824680299,0.6234898018587334,0.49999999999999994,0.8660254037844387,0.401487989205973,0.9158642882672872,4791.0,4604.0,5075.0,4264.285714285715,4863.0,1907.834174684795,5274.866666666667,5159.0,3260.9039759290495,310.0,0,1,1,0,0,0,1,0,0,4863
243,2,2015-01-25,-2.4492935982947064e-16,1.0,0.49999999999999994,0.8660254037844387,0.4171936026123168,0.9088176373395029,4863.0,0.0,0.0,4264.285714285715,4863.0,1907.834174684795,5105.766666666666,5159.0,3400.2888891806024,310.0,0,1,1,0,0,0,1,0,0,0
243,2,2015-01-26,0.7818314824680298,0.6234898018587336,0.49999999999999994,0.8660254037844387,0.4327755925504312,0.901501684131884,0.0,5363.0,9842.0,4811.714285714285,4863.0,2672.265313317875,5243.733333333334,5209.5,3481.207082898544,310.0,1,1,1,0,0,0,1,0,0,9195
243,2,2015-01-27,0.9749279121818236,-0.22252093395631434,0.49999999999999994,0.8660254037844387,0.4482293417404106,0.893918596519257,9195.0,4414.0,9874.0,5398.857142857143,5174.0,3001.5480133075425,5345.866666666667,5209.5,3532.3418112159484,310.0,1,1,1,0,0,0,1,0,0,8524
243,2,2015-01-28,0.43388373911755823,-0.900968867902419,0.49999999999999994,0.8660254037844387,0.4635502709028509,0.886070621534138,8524.0,5245.0,7380.0,5790.0,5174.0,3152.747901963193,5441.366666666667,5304.0,3564.550863842391,310.0,1,1,1,0,0,0,1,0,0,7983
243,2,2015-01-29,-0.433883739117558,-0.9009688679024191,0.49999999999999994,0.8660254037844387,0.47873384011578846,0.8779600847008882,7983.0,5174.0,7459.0,6196.285714285715,7983.0,3242.1178116721617,5708.633333333333,5573.5,3440.9415660425766,310.0,1,1,1,0,0,0,1,0,0,8018
243,2,2015-01-30,-0.9749279121818236,-0.2225209339563146,0.49999999999999994,0.8660254037844387,0.4937755501599772,0.869589389346611,8018.0,4791.0,7508.0,6662.142857142857,8018.0,3240.8243513326142,5606.8,5573.5,3318.7045187480344,310.0,1,1,1,0,0,0,1,0,0,8052
243,2,2015-01-31,-0.7818314824680299,0.6234898018587334,0.49999999999999994,0.8660254037844387,0.5086709438521044,0.8609610158889943,8052.0,4863.0,4604.0,6779.857142857143,8018.0,3178.9580802820383,5796.366666666667,5735.5,3145.2884905054016,310.0,0,1,1,0,0,0,1,0,0,5687
243,2,2015-02-01,-2.4492935982947064e-16,1.0,0.8660254037844386,0.5000000000000001,0.5234156073655503,0.8520775211013093,5687.0,0.0,0.0,6779.857142857143,8018.0,3178.9580802820383,5603.566666666667,5525.0,3318.573173699113,310.0,0,1,1,0,0,0,1,0,0,0
243,2,2015-02-02,0.7818314824680298,0.6234898018587336,0.8660254037844386,0.5000000000000001,0.5380051715382996,0.8429415373547828,0.0,9195.0,5363.0,6915.285714285715,8018.0,3316.224646305176,5770.2,6326.0,3418.696882207282,310.0,1,1,1,0,0,0,1,0,0,10143
243,2,2015-02-03,0.9749279121818236,-0.22252093395631434,0.8660254037844386,0.5000000000000001,0.5524353131676196,0.8335557718385699,10143.0,8524.0,4414.0,6975.142857142857,8018.0,3353.6710944163556,6068.3,7172.5,3285.5100181418325,310.0,1,1,1,0,0,0,1,0,0,8943
243,2,2015-02-04,0.43388373911755823,-0.900968867902419,0.8660254037844386,0.5000000000000001,0.5667017562911176,0.8239230057575542,8943.0,7983.0,5245.0,6890.142857142857,8018.0,3331.3350391182703,5956.0,7172.5,3175.455807629339,310.0,1,1,1,0,0,0,1,0,0,7388
243,2,2015-02-05,-0.433883739117558,-0.9009688679024191,0.8660254037844386,0.5000000000000001,0.5808002734538009,0.8140460935082178,7388.0,8018.0,5174.0,6957.142857142857,8052.0,3362.3708613898907,6238.9,7384.0,2999.7305666365764,310.0,1,1,1,0,0,0,1,0,0,8487
243,2,2015-02-06,-0.9749279121818236,-0.2225209339563146,0.8660254037844386,0.5000000000000001,0.5947266869607634,0.8039279618328213,8487.0,8052.0,4791.0,6886.857142857143,7560.0,3340.7427032807836,6207.766666666666,7384.0,2980.302410984419,310.0,1,1,1,0,0,0,1,0,0,7560
243,2,2015-02-07,-0.7818314824680299,0.6234898018587334,0.8660254037844386,0.5000000000000001,0.6084768701151261,0.7935716089521474,7560.0,5687.0,4863.0,6981.142857142857,7560.0,3310.4111239427343,6162.8,7172.5,2967.22184473323,310.0,0,1,1,0,0,0,1,0,0,6347
243,2,2015-02-08,-2.4492935982947064e-16,1.0,0.8660254037844386,0.5000000000000001,0.6220467484408675,0.7829801036770629,6347.0,0.0,0.0,6981.142857142857,7560.0,3310.4111239427343,5930.633333333333,6863.5,3167.982589678445,310.0,0,1,1,0,0,0,1,0,0,0
243,2,2015-02-09,0.7818314824680298,0.6234898018587336,0.8660254037844386,0.5000000000000001,0.6354323008901774,0.7721565844991642,0.0,10143.0,9195.0,6236.714285714285,7388.0,3057.105369151548,5925.866666666667,6863.5,3169.4216565142624,310.0,0,1,1,0,0,0,1,0,0,4932
243,2,2015-02-10,0.9749279121818236,-0.22252093395631434,0.8660254037844386,0.5000000000000001,0.6486295610349814,0.7611042586607747,4932.0,8943.0,8524.0,5728.571428571428,6347.0,2818.617501373253,6105.4,6863.5,2968.3408183349,310.0,0,1,1,0,0,0,1,0,0,5386
243,2,2015-02-11,0.43388373911755823,-0.900968867902419,0.8660254037844386,0.5000000000000001,0.6616346182422783,0.7498264012045686,5386.0,7388.0,7983.0,5345.714285714285,5386.0,2736.464672668347,5934.266666666666,6017.0,2892.513033777845,310.0,0,1,1,0,0,0,1,0,0,4708
243,2,2015-02-12,-0.433883739117558,-0.9009688679024191,0.8660254037844386,0.5000000000000001,0.6744436188329455,0.7383263540031065,4708.0,8487.0,8018.0,4807.285714285715,4932.0,2360.3123179137147,5762.4,5536.5,2802.117297995239,310.0,0,1,1,0,0,0,1,0,0,4718
243,2,2015-02-13,-0.9749279121818236,-0.2225209339563146,0.8660254037844386,0.5000000000000001,0.6870527672236669,0.7266075247685656,4718.0,7560.0,8052.0,4413.428571428572,4803.0,2031.549643100292,5676.5,5374.5,2790.293727586201,310.0,0,1,1,0,0,0,1,0,0,4803
243,2,2015-02-14,-0.7818314824680299,0.6234898018587334,0.8660254037844386,0.5000000000000001,0.6994583270516471,0.7146733860429609,4803.0,6347.0,5687.0,4210.142857142857,4803.0,1870.64484679939,5592.0,5304.0,2772.781349798989,310.0,0,1,1,0,0,0,1,0,0,4924
243,2,2015-02-15,-2.4492935982947064e-16,1.0,0.8660254037844386,0.5000000000000001,0.7116566222817746,0.702527474169157,4924.0,0.0,0.0,4210.142857142857,4803.0,1870.64484679939,5341.733333333334,5209.5,2928.348845496305,310.0,0,1,1,0,0,0,1,0,0,0
243,2,2015-02-16,0.7818314824680298,0.6234898018587336,0.8660254037844386,0.5000000000000001,0.7236440382959124,0.6901733882429719,0.0,4932.0,10143.0,5113.571428571428,4803.0,3276.3194724742984,5563.466666666666,5304.0,3116.368971706671,310.0,1,1,1,0,0,0,1,0,0,11256
243,2,2015-02-17,0.9749279121818236,-0.22252093395631434,0.8660254037844386,0.5000000000000001,0.7354170229639855,0.6776147890466889,11256.0,5386.0,8943.0,5393.428571428572,4803.0,3385.322035747008,5808.3,5374.5,2948.1982241642977,310.0,1,1,1,0,0,0,1,0,0,7345
243,2,2015-02-18,0.43388373911755823,-0.900968867902419,0.8660254037844386,0.5000000000000001,0.7469720876965552,0.6648553979642865,7345.0,4708.0,7388.0,5813.428571428572,4924.0,3467.4897672111842,5884.466666666666,5536.5,2965.7613633547485,310.0,1,1,1,0,0,0,1,0,0,7648
243,2,2015-02-19,-0.433883739117558,-0.9009688679024191,0.8660254037844386,0.5000000000000001,0.7583058084785625,0.6518989958787126,7648.0,4718.0,8487.0,6190.857142857143,7345.0,3472.16706724448,5982.666666666667,6017.0,2964.1658864339647,310.0,1,1,1,0,0,0,1,0,0,7360
243,2,2015-02-20,-0.9749279121818236,-0.2225209339563146,0.8660254037844386,0.5000000000000001,0.7694148268839378,0.6387494220515272,7360.0,4803.0,7560.0,6599.571428571428,7360.0,3449.8873342542092,6063.3,6846.0,2976.284308698834,310.0,1,1,1,0,0,0,1,0,0,7664
243,2,2015-02-21,-0.7818314824680299,0.6234898018587334,0.8660254037844386,0.5000000000000001,0.7802958510707755,0.6254105729852463,7664.0,4924.0,6347.0,6647.714285714285,7360.0,3424.8684993872735,6066.2,6846.0,2975.430185066841,310.0,0,1,1,0,0,0,1,0,0,5261
243,2,2015-02-22,-2.4492935982947064e-16,1.0,0.8660254037844386,0.5000000000000001,0.7909456567567772,0.6118864012687243,5261.0,0.0,0.0,6647.714285714285,7360.0,3424.8684993872735,5906.5,6846.0,3168.540855847122,310.0,0,1,1,0,0,0,1,0,0,0
243,2,2015-02-23,0.7818314824680298,0.6234898018587336,0.8660254037844386,0.5000000000000001,0.8013610881746766,0.5981809144059164,0.0,11256.0,4932.0,5703.142857142857,7345.0,2796.1703827778088,5899.2,6846.0,3171.278969666383,310.0,0,1,1,0,0,0,1,0,0,4644
243,2,2015-02-24,0.9749279121818236,-0.22252093395631434,0.8660254037844386,0.5000000000000001,0.8115390590073611,0.5842981736283683,4644.0,7345.0,5386.0,5381.285714285715,5261.0,2703.826591720561,6068.933333333333,6846.0,2974.837160809535,310.0,0,1,1,0,0,0,1,0,0,5092
243,2,2015-02-25,0.43388373911755823,-0.900968867902419,0.8660254037844386,0.5000000000000001,0.8214765533024142,0.5702422926917871,5092.0,7648.0,4708.0,5017.285714285715,5100.0,2512.5593004136686,5932.433333333333,6017.0,2919.893711850784,310.0,0,1,1,0,0,0,1,0,0,5100
243,2,2015-02-26,-0.433883739117558,-0.9009688679024191,0.8660254037844386,0.5000000000000001,0.8311706263658079,0.5560174366570446,5100.0,7360.0,4718.0,4743.428571428572,5100.0,2311.048236705789,5829.733333333334,5565.0,2879.5025184956844,310.0,0,1,1,0,0,0,1,0,0,5443
243,2,2015-02-27,-0.9749279121818236,-0.2225209339563146,0.8660254037844386,0.5000000000000001,0.8406184056344782,0.5416278206559814,5443.0,7664.0,4803.0,4532.428571428572,5100.0,2052.972548699633,5769.866666666667,5565.0,2851.727059693565,310.0,0,1,1,0,0,0,1,0,0,6187
243,2,2015-02-28,-0.7818314824680299,0.6234898018587334,0.8660254037844386,0.5000000000000001,0.8498170915275278,0.5270777086423722,6187.0,5261.0,4924.0,4538.857142857143,5100.0,2055.7028342776402,5679.466666666666,5414.5,2820.8214349398463,310.0,0,1,1,0,0,0,1,0,0,5306
243,2,2015-03-01,-2.4492935982947064e-16,1.0,1.0,6.123233995736766e-17,0.8587639582758029,0.5123714121284237,5306.0,0.0,0.0,4538.857142857143,5100.0,2055.7028342776402,5411.066666666667,5346.0,2966.597051230217,310.0,0,1,1,0,0,0,1,0,0,0
243,2,2015-03-02,0.7818314824680298,0.6234898018587336,1.0,6.123233995736766e-17,0.8674563547295968,0.49751328890718066,0.0,4644.0,11256.0,5213.714285714285,5306.0,2753.089943698757,5533.766666666666,5346.0,3053.261497360547,310.0,1,1,1,0,0,0,1,0,0,9368
243,2,2015-03-03,0.9749279121818236,-0.22252093395631434,1.0,6.123233995736766e-17,0.8758917051442429,0.48250774176121847,9368.0,5092.0,7345.0,5811.142857142857,5443.0,3147.742176469318,5842.9,5414.5,2941.0861042162287,310.0,1,1,1,0,0,0,1,0,0,9274
243,2,2015-03-04,0.43388373911755823,-0.900968867902419,1.0,6.123233995736766e-17,0.8840675099433636,0.46735921715800227,9274.0,5100.0,7648.0,6225.0,6187.0,3228.079614879409,5771.366666666667,5414.5,2857.8109114752724,310.0,1,1,1,0,0,0,1,0,0,7997
243,2,2015-03-05,-0.433883739117558,-0.9009688679024191,1.0,6.123233995736766e-17,0.8919813464595485,0.45207220393230435,7997.0,5443.0,7360.0,6427.285714285715,6859.0,3215.2496903706506,5701.9,5414.5,2802.8577331740894,310.0,1,1,1,0,0,0,1,0,0,6859
243,2,2015-03-06,-0.9749279121818236,-0.2225209339563146,1.0,6.123233995736766e-17,0.8996308696522433,0.43665123195606403,6859.0,6187.0,7664.0,6564.0,7144.0,3223.664839898837,5693.766666666666,5414.5,2798.1463529707803,310.0,1,1,1,0,0,0,1,0,0,7144
243,2,2015-03-07,-0.7818314824680299,0.6234898018587334,1.0,6.123233995736766e-17,0.9070138128026359,0.4211008707960896,7144.0,5306.0,5261.0,6641.285714285715,7144.0,3194.8344617671873,5605.766666666666,5414.5,2748.3416652948013,310.0,0,1,1,0,0,0,1,0,0,5847
243,2,2015-03-08,-2.4492935982947064e-16,1.0,1.0,6.123233995736766e-17,0.9141279881853337,0.40542572835999735,5847.0,0.0,0.0,6641.285714285715,7144.0,3194.834461767187,5353.766666666666,5346.0,2905.0998402136192,310.0,0,1,1,0,0,0,1,0,0,0
243,2,2015-03-09,0.7818314824680298,0.6234898018587336,1.0,6.123233995736766e-17,0.9209712877166346,0.38963044953078796,0.0,9368.0,4644.0,6064.571428571428,6859.0,2977.5685190628737,5319.9,5318.5,2899.037561460462,310.0,0,1,1,0,0,0,1,0,0,5331
243,2,2015-03-10,0.9749279121818236,-0.22252093395631434,1.0,6.123233995736766e-17,0.9275416835791966,0.37371971479046906,5331.0,9274.0,5092.0,5517.857142857143,5847.0,2619.9291611652006,5501.466666666666,5358.5,2719.36839438275,310.0,0,1,1,0,0,0,1,0,0,5447
243,2,2015-03-11,0.43388373911755823,-0.900968867902419,1.0,6.123233995736766e-17,0.9338372288229252,0.35769823883312546,5447.0,7997.0,5100.0,5090.857142857143,5447.0,2381.234793727221,5504.0,5358.5,2718.854944070491,310.0,0,1,1,0,0,0,1,0,0,5008
243,2,2015-03-12,-0.433883739117558,-0.9009688679024191,1.0,6.123233995736766e-17,0.9398560579418954,0.3415707691678556,5008.0,6859.0,5443.0,4848.571428571428,5331.0,2254.2416949048734,5496.566666666667,5318.5,2719.493445267073,310.0,0,1,1,0,0,0,1,0,0,5163
243,2,2015-03-13,-0.9749279121818236,-0.2225209339563146,1.0,6.123233995736766e-17,0.9455963874271426,0.3253420847119801,5163.0,7144.0,6187.0,4539.0,5163.0,2023.4580137312728,5505.533333333334,5318.5,2717.2462827133536,310.0,0,1,1,0,0,0,1,0,0,4977
243,2,2015-03-14,-0.7818314824680299,0.6234898018587334,1.0,6.123233995736766e-17,0.9510565162951535,0.30901699437494745,4977.0,5847.0,5306.0,4422.571428571428,5032.0,1958.0428031704498,5516.0,5318.5,2714.7117202638533,310.0,0,1,1,0,0,0,1,0,0,5032
243,2,2015-03-15,-2.4492935982947064e-16,1.0,1.0,6.123233995736766e-17,0.9562348265919056,0.29260033563334836,5032.0,0.0,0.0,4422.571428571428,5032.0,1958.0428031704498,5355.9,5318.5,2893.9238289191726,310.0,0,1,1,0,0,0,1,0,0,0
243,2,2015-03-16,0.7818314824680298,0.6234898018587336,1.0,6.123233995736766e-17,0.9611297838723007,0.27609697309746883,0.0,5331.0,9368.0,5170.285714285715,5032.0,3054.89332679477,5543.933333333333,5387.0,3044.2514954937756,310.0,1,1,1,0,0,0,1,0,0,10565
243,2,2015-03-17,0.9749279121818236,-0.22252093395631434,1.0,6.123233995736766e-17,0.9657399376548549,0.2595117970697999,10565.0,5447.0,9274.0,5571.428571428572,5032.0,3273.803132807612,5819.1,5445.0,2895.2978091119185,310.0,1,1,1,0,0,0,1,0,0,8255
243,2,2015-03-18,0.43388373911755823,-0.900968867902419,1.0,6.123233995736766e-17,0.970063921851507,0.2428497220959356,8255.0,5008.0,7997.0,5910.714285714285,5163.0,3328.294293592724,5690.0,5445.0,2725.9014959307024,310.0,1,1,1,0,0,0,1,0,0,7383
243,2,2015-03-19,-0.433883739117558,-0.9009688679024191,1.0,6.123233995736766e-17,0.9741004551724205,0.22611568550828828,7383.0,5163.0,6859.0,6247.142857142857,7383.0,3358.999326613577,5695.766666666666,5445.0,2729.7037313451324,310.0,1,1,1,0,0,0,1,0,0,7518
243,2,2015-03-20,-0.9749279121818236,-0.2225209339563146,1.0,6.123233995736766e-17,0.9778483415056568,0.20931464596304847,7518.0,4977.0,7144.0,6474.0,7383.0,3312.219296282578,5659.666666666667,5445.0,2710.086184319012,310.0,1,1,1,0,0,0,1,0,0,6565
243,2,2015-03-21,-0.7818314824680299,0.6234898018587334,1.0,6.123233995736766e-17,0.9813064702716093,0.19245158197082998,6565.0,5032.0,5847.0,6528.857142857143,7383.0,3287.443658760375,5594.866666666667,5429.5,2691.2035217356374,310.0,0,1,1,0,0,0,1,0,0,5416
243,2,2015-03-22,-2.4492935982947064e-16,1.0,1.0,6.123233995736766e-17,0.9844738167520922,0.1755314904214282,5416.0,0.0,0.0,6528.857142857143,7383.0,3287.443658760375,5339.4,5373.5,2847.2493634964667,310.0,0,1,1,0,0,0,1,0,0,0
243,2,2015-03-23,0.7818314824680298,0.6234898018587336,1.0,6.123233995736766e-17,0.9873494423939864,0.15855938510313478,0.0,10565.0,5331.0,5742.428571428572,6565.0,2780.333244843312,5332.7,5373.5,2847.6766712774697,310.0,0,1,1,0,0,0,1,0,0,5060
243,2,2015-03-24,0.9749279121818236,-0.22252093395631434,1.0,6.123233995736766e-17,0.989932495087353,0.141540295217043,5060.0,8255.0,5447.0,5275.428571428572,5416.0,2553.2353238680535,5498.9,5373.5,2665.374714550567,310.0,0,1,1,0,0,0,1,0,0,4986
243,2,2015-03-25,0.43388373911755823,-0.900968867902419,1.0,6.123233995736766e-17,0.9922222094179323,0.12447926388678915,4986.0,7383.0,5008.0,4971.285714285715,5254.0,2381.356246223684,5519.233333333334,5373.5,2660.9511351541505,310.0,0,1,1,0,0,0,1,0,0,5254
243,2,2015-03-26,-0.433883739117558,-0.9009688679024191,1.0,6.123233995736766e-17,0.994217906893952,0.10738134666416309,5254.0,7518.0,5163.0,4616.428571428572,5060.0,2107.995086738645,5517.3,5373.5,2661.2932965655677,310.0,0,1,1,0,0,0,1,0,0,5034
243,2,2015-03-27,-0.9749279121818236,-0.2225209339563146,1.0,6.123233995736766e-17,0.995918996147179,0.09025161003104117,5034.0,6565.0,4977.0,4374.428571428572,5034.0,1937.3430136093434,5509.666666666667,5373.5,2662.8594603822276,310.0,0,1,1,0,0,0,1,0,0,4871
243,2,2015-03-28,-0.7818314824680299,0.6234898018587334,1.0,6.123233995736766e-17,0.9973249731081555,0.07309512989807777,4871.0,5416.0,5032.0,4423.0,5034.0,1971.7649454232574,5520.1,5373.5,2663.202406618898,310.0,0,1,1,0,0,0,1,0,0,5756
243,2,2015-03-29,-2.4492935982947064e-16,1.0,1.0,6.123233995736766e-17,0.9984354211555643,0.055916990100603484,5756.0,0.0,0.0,4423.0,5034.0,1971.7649454232574,5313.866666666667,5318.5,2843.246975012818,310.0,0,1,1,0,0,0,1,0,0,0
243,2,2015-03-30,0.7818314824680298,0.6234898018587336,1.0,6.123233995736766e-17,0.9992500112396835,0.03872228089217446,0.0,5060.0,10565.0,5341.142857142857,5034.0,3339.674756048927,5519.9,5373.5,3058.462362713972,310.0,1,1,1,0,0,0,1,0,0,11487
243,2,2015-03-31,0.9749279121818236,-0.22252093395631434,1.0,6.123233995736766e-17,0.9997685019798909,0.021516097436222254,11487.0,4986.0,8255.0,6004.571428571428,5254.0,3699.2740664956964,5840.9,5431.5,2963.0131721983103,310.0,1,1,1,0,0,0,1,0,0,9630
243,2,2015-04-01,0.43388373911755823,-0.900968867902419,0.8660254037844387,-0.49999999999999983,0.9999907397361901,0.004303538296244289,9630.0,5254.0,7383.0,6705.285714285715,5756.0,3986.7841557779243,5867.266666666666,5431.5,2998.785167056974,310.0,1,1,1,0,0,0,1,0,0,10159
243,2,2015-04-02,-0.433883739117558,-0.9009688679024191,0.8660254037844387,-0.49999999999999983,0.9999166586547379,-0.01291029607500882,10159.0,5034.0,7518.0,7256.857142857143,8895.0,3984.1084920205767,5854.633333333333,5431.5,2984.7035950952845,310.0,1,1,1,0,0,0,1,0,0,8895
243,2,2015-04-03,-0.9749279121818236,-0.2225209339563146,0.8660254037844387,-0.49999999999999983,0.9995462806873573,-0.030120304846908114,8895.0,4871.0,6565.0,6561.0,8895.0,4810.039223679296,5588.066666666667,5373.5,3139.8466570654464,310.0,1,1,1,0,0,0,1,0,0,0
243,2,2015-04-04,-0.7818314824680299,0.6234898018587334,0.8660254037844387,-0.49999999999999983,0.9988797155850336,-0.04732138832243185,0.0,5756.0,5416.0,6814.428571428572,8895.0,4807.289910720413,5610.433333333333,5373.5,3151.580333554989,310.0,0,1,1,0,0,0,1,0,0,7530
243,2,2015-04-05,-2.4492935982947064e-16,1.0,0.8660254037844387,-0.49999999999999983,0.9979171608653922,-0.06450844944931623,7530.0,0.0,0.0,6814.428571428572,8895.0,4807.289910720413,5372.3,5292.5,3298.198098962523,310.0,0,1,1,0,0,0,1,0,0,0
243,2,2015-04-06,0.7818314824680298,0.6234898018587336,0.8660254037844387,-0.49999999999999983,0.9966589017541702,-0.08167639533042241,0.0,11487.0,5060.0,5173.428571428572,7530.0,4906.009303467969,5177.4,5208.5,3438.9347649005176,310.0,0,1,1,0,0,0,1,0,0,0
243,2,2015-04-07,0.9749279121818236,-0.22252093395631434,0.8660254037844387,-0.49999999999999983,0.9951053111006976,-0.09882013873287143,0.0,9630.0,4986.0,4816.857142857143,7134.0,4609.887432775026,5415.2,5292.5,3312.922685068485,310.0,0,1,1,0,0,0,1,0,0,7134
243,2,2015-04-08,0.43388373911755823,-0.900968867902419,0.8660254037844387,-0.49999999999999983,0.9932568492674143,-0.11593459959550041,7134.0,10159.0,5254.0,4266.142857142857,6304.0,4063.1775918432513,5447.633333333333,5335.0,3316.830450932017,310.0,0,1,1,0,0,0,1,0,0,6304
243,2,2015-04-09,-0.433883739117558,-0.9009688679024191,0.8660254037844387,-0.49999999999999983,0.9911140639934547,-0.1330147065341959,6304.0,8895.0,5034.0,3905.1428571428573,6304.0,3677.311310752797,5478.333333333333,5335.0,3321.0839665151016,310.0,0,1,1,0,0,0,1,0,0,6368
243,2,2015-04-10,-0.9749279121818236,-0.2225209339563146,0.8660254037844387,-0.49999999999999983,0.9886775902323405,-0.1500553983446526,6368.0,0.0,4871.0,4723.142857142857,6304.0,3279.1569764484375,5502.266666666666,5571.0,3320.1646400113373,310.0,0,1,1,0,0,0,1,0,0,5726
243,2,2015-04-11,-0.7818314824680299,0.6234898018587334,0.8660254037844387,-0.49999999999999983,0.9859481499638304,-0.16705162550211924,5726.0,7530.0,5756.0,4374.142857142857,5726.0,3052.8282203322747,5499.733333333334,5571.0,3320.4614130271566,310.0,0,1,1,0,0,0,1,0,0,5087
243,2,2015-04-12,-2.4492935982947064e-16,1.0,0.8660254037844387,-0.49999999999999983,0.9829265519799822,-0.18399835165768005,5087.0,0.0,0.0,4374.142857142857,5726.0,3052.8282203322747,5333.833333333333,5571.0,3468.5114971334788,310.0,0,1,1,0,0,0,1,0,0,0
243,2,2015-04-13,0.7818314824680298,0.6234898018587336,0.8660254037844387,-0.49999999999999983,0.9796136916454901,-0.20089055513063506,0.0,0.0,11487.0,5830.428571428572,6304.0,3049.8851266423585,5505.9,5741.0,3579.2914763139643,310.0,1,1,1,0,0,0,1,0,0,10194
243,2,2015-04-14,0.9749279121818236,-0.22252093395631434,0.8660254037844387,-0.49999999999999983,0.9760105506323683,-0.21772323039653177,10194.0,7134.0,9630.0,6150.571428571428,6304.0,3315.5704314211566,5818.4,6030.0,3490.1526950095986,310.0,1,1,1,0,0,0,1,0,0,9375
243,2,2015-04-15,0.43388373911755823,-0.900968867902419,0.8660254037844387,-0.49999999999999983,0.9721181966290613,-0.23449138957040985,9375.0,6304.0,10159.0,6406.0,6368.0,3397.2278404605117,5735.966666666666,6030.0,3402.2760990288534,310.0,1,1,1,0,0,0,1,0,0,8092
243,2,2015-04-16,-0.433883739117558,-0.9009688679024191,0.8660254037844387,-0.49999999999999983,0.9679377830240642,-0.25119006388481935,8092.0,6368.0,8895.0,6559.0,7439.0,3419.2768241252406,5708.766666666666,6030.0,3384.6590790815553,310.0,1,1,1,0,0,0,1,0,0,7439
243,2,2015-04-17,-0.9749279121818236,-0.2225209339563146,0.8660254037844387,-0.49999999999999983,0.9634705485641488,-0.2678143051621742,7439.0,5726.0,0.0,6779.857142857143,7439.0,3406.4096166184227,5705.066666666667,6030.0,3382.82592469397,310.0,1,1,1,0,0,0,1,0,0,7272
243,2,2015-04-18,-0.7818314824680299,0.6234898018587334,0.8660254037844387,-0.49999999999999983,0.9587178169872964,-0.2843591872810034,7272.0,5087.0,7530.0,6944.571428571428,7439.0,3338.1013494271874,5662.466666666666,5998.0,3367.2193043634925,310.0,0,1,1,0,0,0,1,0,0,6240
243,2,2015-04-19,-2.4492935982947064e-16,1.0,0.8660254037844387,-0.49999999999999983,0.9536809966304457,-0.30081980763566735,6240.0,0.0,0.0,6944.571428571428,7439.0,3338.101349427188,5443.633333333333,5741.0,3516.557539680683,310.0,0,1,1,0,0,0,1,0,0,0
243,2,2015-04-20,0.7818314824680298,0.6234898018587336,0.8660254037844387,-0.49999999999999983,0.9483615800121715,-0.3171912885891061,0.0,10194.0,0.0,6251.714285714285,7272.0,3041.3870034512042,5441.233333333334,5741.0,3516.6016185627514,310.0,0,1,1,0,0,0,1,0,0,5344
243,2,2015-04-21,0.9749279121818236,-0.22252093395631434,0.8660254037844387,-0.49999999999999983,0.9427611433904207,-0.3334687789181868,5344.0,9375.0,7134.0,5665.285714285715,6240.0,2717.283245834933,5616.9,5741.0,3363.7246325239344,310.0,0,1,1,0,0,0,1,0,0,5270
243,2,2015-04-22,0.43388373911755823,-0.900968867902419,0.8660254037844387,-0.49999999999999983,0.9368813462954315,-0.3496474552512284,5270.0,8092.0,6304.0,5274.428571428572,5356.0,2497.9691656185314,5626.766666666666,5741.0,3362.468660880321,310.0,0,1,1,0,0,0,1,0,0,5356
243,2,2015-04-23,-0.433883739117558,-0.9009688679024191,0.8660254037844387,-0.49999999999999983,0.9307239310379795,-0.36572252349726897,5356.0,7439.0,6368.0,4923.0,5344.0,2308.552721223117,5626.533333333334,5741.0,3362.5149017317103,310.0,0,1,1,0,0,0,1,0,0,4979
243,2,2015-04-24,-0.9749279121818236,-0.2225209339563146,0.8660254037844387,-0.49999999999999983,0.9242907221930934,-0.3816892202666588,4979.0,7272.0,5726.0,4655.571428571428,5344.0,2089.0825623658206,5631.4,5741.0,3362.0627555733986,310.0,0,1,1,0,0,0,1,0,0,5400
243,2,2015-04-25,-0.7818314824680299,0.6234898018587334,0.8660254037844387,-0.49999999999999983,0.9175836260593937,-0.39754281428255595,5400.0,6240.0,5087.0,4467.571428571428,5270.0,1979.0497599557577,5627.733333333334,5741.0,3362.7966494789907,310.0,0,1,1,0,0,0,1,0,0,4924
243,2,2015-04-26,-2.4492935982947064e-16,1.0,0.8660254037844387,-0.49999999999999983,0.9106046300942163,-0.4132786077829042,4924.0,0.0,0.0,4467.571428571428,5270.0,1979.0497599557577,5465.366666666667,5741.0,3514.7545505447056,310.0,0,1,1,0,0,0,1,0,0,0
243,2,2015-04-27,0.7818314824680298,0.6234898018587336,0.8660254037844387,-0.49999999999999983,0.9033558023246845,-0.4288919379124835,0.0,5344.0,10194.0,5239.857142857143,5270.0,3109.813307824732,5631.833333333333,5983.0,3644.85009467381,310.0,1,1,1,0,0,0,1,0,0,10750
243,2,2015-04-28,0.9749279121818236,-0.22252093395631434,0.8660254037844387,-0.49999999999999983,0.895839290734909,-0.4443781781046132,10750.0,5270.0,9375.0,5774.428571428572,5356.0,3421.827477491271,5932.233333333334,6272.0,3534.3819113675736,310.0,1,1,1,0,0,0,1,0,0,9012
243,2,2015-04-29,0.43388373911755823,-0.900968867902419,0.8660254037844387,-0.49999999999999983,0.8880573226294932,-0.45973273945210397,9012.0,5356.0,8092.0,6423.714285714285,5400.0,3745.128512004436,5879.366666666667,6272.0,3459.497865530372,310.0,1,1,1,0,0,0,1,0,0,9901
243,2,2015-04-30,-0.433883739117558,-0.9009688679024191,0.8660254037844387,-0.49999999999999983,0.8800122039735357,-0.47495107206704995,9901.0,4979.0,7439.0,7380.285714285715,9012.0,4148.082396894805,5947.533333333334,6272.0,3554.784796176337,310.0,1,1,1,0,0,0,1,0,0,11675
243,2,2015-05-01,-0.9749279121818236,-0.2225209339563146,0.49999999999999994,-0.8660254037844387,0.8717063187093218,-0.49002866642905923,11675.0,5400.0,7272.0,6608.857142857143,9012.0,4993.677617033075,5608.9,5983.0,3622.9863786660867,310.0,1,1,1,0,0,0,1,0,0,0
243,2,2015-05-02,-0.7818314824680299,0.6234898018587334,0.49999999999999994,-0.8660254037844387,0.8631421280499114,-0.5049610547215204,0.0,4924.0,6240.0,6910.857142857143,9012.0,4938.418924735979,5547.0,5983.0,3580.5210755438648,310.0,0,1,1,0,0,0,1,0,0,7038
243,2,2015-05-03,-2.4492935982947064e-16,1.0,0.49999999999999994,-0.8660254037844387,0.854322169749827,-0.5197438121555155,7038.0,0.0,0.0,6910.857142857143,9012.0,4938.418924735979,5547.0,5983.0,3580.5210755438648,310.0,0,1,1,0,0,0,1,0,0,0
243,2,2015-05-04,0.7818314824680298,0.6234898018587336,0.49999999999999994,-0.8660254037844387,0.8452490573530633,-0.5343725582809787,0.0,10750.0,5344.0,6906.428571428572,9012.0,4934.414617667187,5653.3,5983.0,3687.1730517827755,310.0,1,1,1,0,0,0,1,0,0,10719
243,2,2015-05-05,0.9749279121818236,-0.22252093395631434,0.49999999999999994,-0.8660254037844387,0.835925479418637,-0.548842958284719,10719.0,9012.0,5270.0,6895.285714285715,8934.0,4928.952414536166,5951.1,6272.0,3573.874333027935,310.0,1,1,1,0,0,0,1,0,0,8934
243,2,2015-05-06,0.43388373911755823,-0.900968867902419,0.49999999999999994,-0.8660254037844387,0.8263541987239096,-0.5631507242749186,8934.0,9901.0,5356.0,6793.714285714285,8934.0,4863.582517523671,6257.433333333333,6336.0,3437.443082245605,310.0,1,1,1,0,0,0,1,0,0,9190
243,2,2015-05-07,-0.433883739117558,-0.9009688679024191,0.49999999999999994,-0.8660254037844387,0.8165380514459161,-0.5772916165517272,9190.0,11675.0,4979.0,6270.428571428572,8012.0,4428.451266418951,6286.7,6336.0,3448.8822392189627,310.0,1,1,1,0,0,0,1,0,0,8012
243,2,2015-05-08,-0.9749279121818236,-0.2225209339563146,0.49999999999999994,-0.8660254037844387,0.8064799463209448,-0.5912614448635781,8012.0,0.0,5400.0,7338.142857142857,8012.0,3459.703668840796,6325.7,6703.0,3455.6930753518154,310.0,1,1,1,0,0,0,1,0,0,7474
243,2,2015-05-09,-0.7818314824680299,0.6234898018587334,0.49999999999999994,-0.8660254037844387,0.7961828637826158,-0.6050560696488488,7474.0,7038.0,4924.0,7129.571428571428,8012.0,3524.220947346275,6299.366666666667,6639.0,3458.3685956933746,310.0,0,1,1,0,0,0,1,0,0,5578
243,2,2015-05-10,-2.4492935982947064e-16,1.0,0.49999999999999994,-0.8660254037844387,0.7856498550787145,-0.6186714032625031,5578.0,0.0,0.0,7129.571428571428,8012.0,3524.220947346275,6108.5,6639.0,3644.1235429869453,310.0,0,1,1,0,0,0,1,0,0,0
243,2,2015-05-11,0.7818314824680298,0.6234898018587336,0.49999999999999994,-0.8660254037844387,0.7748840413670407,-0.6321034111873487,0.0,10719.0,10750.0,6430.0,7474.0,3160.188391008779,6133.0,6639.0,3639.486833853518,310.0,0,1,1,0,0,0,1,0,0,5822
243,2,2015-05-12,0.9749279121818236,-0.22252093395631434,0.49999999999999994,-0.8660254037844387,0.7638886127905428,-0.6453481132295501,5822.0,8934.0,9012.0,5935.857142857143,5822.0,2967.9822791795436,6315.5,6639.0,3453.88414786839,310.0,0,1,1,0,0,0,1,0,0,5475
243,2,2015-05-13,0.43388373911755823,-0.900968867902419,0.49999999999999994,-0.8660254037844387,0.7526668275320084,-0.6584015846980488,5475.0,9190.0,9901.0,5511.0,5822.0,2616.5824402580283,6182.9,6228.0,3375.3151101939284,310.0,0,1,1,0,0,0,1,0,0,6216
243,2,2015-05-14,-0.433883739117558,-0.9009688679024191,0.49999999999999994,-0.8660254037844387,0.741222010848596,-0.6712599575675313,6216.0,8012.0,11675.0,4366.428571428572,5578.0,3055.72783785592,5870.4,6019.0,3501.225761712998,310.0,0,1,1,0,0,0,1,0,0,0
243,2,2015-05-15,-0.9749279121818236,-0.2225209339563146,0.49999999999999994,-0.8660254037844387,0.7295575540864875,-0.6839194216246106,0.0,7474.0,0.0,4381.857142857143,5578.0,3074.249742000554,5853.4,6019.0,3491.290993314651,310.0,0,1,1,0,0,0,1,0,0,7582
243,2,2015-05-16,-0.7818314824680299,0.6234898018587334,0.49999999999999994,-0.8660254037844387,0.717676913675962,-0.6963762255968722,7582.0,5578.0,7038.0,4413.714285714285,5801.0,3089.826678757548,5798.8,5811.5,3478.4234181396137,310.0,0,1,1,0,0,0,1,0,0,5801
243,2,2015-05-17,-2.4492935982947064e-16,1.0,0.49999999999999994,-0.8660254037844387,0.705583610107178,-0.7086266782644596,5801.0,0.0,0.0,4413.714285714285,5801.0,3089.826678757548,5556.4,5689.5,3622.613293723479,310.0,0,1,1,0,0,0,1,0,0,0
243,2,2015-05-18,0.7818314824680298,0.6234898018587336,0.49999999999999994,-0.8660254037844387,0.6932812268869777,-0.7206671495538609,0.0,5822.0,10719.0,5148.714285714285,5801.0,3967.84751531128,5713.966666666666,5689.5,3753.797851402684,310.0,1,1,1,0,0,0,1,0,0,10967
243,2,2015-05-19,0.9749279121818236,-0.22252093395631434,0.49999999999999994,-0.8660254037844387,0.6807734094770161,-0.7324940716135789,10967.0,5475.0,8934.0,5536.857142857143,6216.0,4134.477493330583,5987.033333333334,5811.5,3619.359930871121,310.0,1,1,1,0,0,0,1,0,0,8192
243,2,2015-05-20,0.43388373911755823,-0.900968867902419,0.49999999999999994,-0.8660254037844387,0.6680638642135335,-0.7441039398713607,8192.0,6216.0,9190.0,5773.857142857143,7582.0,4226.423209151815,6071.4,6019.0,3633.325716959222,310.0,1,1,1,0,0,0,1,0,0,7875
243,2,2015-05-21,-0.433883739117558,-0.9009688679024191,0.49999999999999994,-0.8660254037844387,0.6551563572090853,-0.7554933140726803,7875.0,0.0,8012.0,6858.714285714285,7594.0,3389.0265915296714,6148.866666666667,6627.0,3640.4180011351045,310.0,1,1,1,0,0,0,1,0,0,7594
243,2,2015-05-22,-0.9749279121818236,-0.2225209339563146,0.49999999999999994,-0.8660254037844387,0.6420547132365637,-0.766658819300159,7594.0,7582.0,7474.0,6780.714285714285,7594.0,3375.8630360391135,6204.866666666667,7037.0,3640.7224627228475,310.0,1,1,1,0,0,0,1,0,0,7036
243,2,2015-05-23,-0.7818314824680299,0.6234898018587334,0.49999999999999994,-0.8660254037844387,0.6287628145958344,-0.777597146973627,7036.0,5801.0,5578.0,6660.0,7594.0,3431.38567734183,6204.1,7037.0,3640.9919200774075,310.0,0,1,1,0,0,0,1,0,0,4956
243,2,2015-05-24,-2.4492935982947064e-16,1.0,0.49999999999999994,-0.8660254037844387,0.6152845999633276,-0.7883050558305255,4956.0,0.0,0.0,6660.0,7594.0,3431.38567734183,6024.1,7037.0,3811.598102253627,310.0,0,1,1,0,0,0,1,0,0,0
243,2,2015-05-25,0.7818314824680298,0.6234898018587336,0.49999999999999994,-0.8660254037844387,0.6016240632249226,-0.7987793728863649,0.0,10967.0,5822.0,5093.285714285715,7036.0,3634.7774216259645,5859.966666666666,7037.0,3963.5907221411853,310.0,0,1,1,0,0,0,1,0,0,0
243,2,2015-05-26,0.9749279121818236,-0.22252093395631434,0.49999999999999994,-0.8660254037844387,0.5877852522924732,-0.8090169943749473,0.0,8192.0,5475.0,4823.142857142857,6301.0,3430.6302836151162,6070.0,7037.0,3806.1808716331666,310.0,0,1,1,0,0,0,1,0,0,6301
243,2,2015-05-27,0.43388373911755823,-0.900968867902419,0.49999999999999994,-0.8660254037844387,0.5737722679043246,-0.8190148866680801,6301.0,7875.0,6216.0,4510.428571428572,5686.0,3197.955172561723,5901.2,6668.5,3702.3460632974056,310.0,0,1,1,0,0,0,1,0,0,5686
243,2,2015-05-28,-0.433883739117558,-0.9009688679024191,0.49999999999999994,-0.8660254037844387,0.5595892624101765,-0.8287700871745037,5686.0,7594.0,0.0,4250.714285714285,5686.0,2971.6045449266235,5793.333333333333,6258.5,3655.4313235129375,310.0,0,1,1,0,0,0,1,0,0,5776
243,2,2015-05-29,-0.9749279121818236,-0.2225209339563146,0.49999999999999994,-0.8660254037844387,0.545240438540651,-0.8382797052177743,5776.0,7036.0,7582.0,4168.857142857143,5686.0,2888.8316224482755,5678.733333333334,6258.5,3575.2246125082916,310.0,0,1,1,0,0,0,1,0,0,6463
243,2,2015-05-30,-0.7818314824680299,0.6234898018587334,0.49999999999999994,-0.8660254037844387,0.5307300481619334,-0.8475409228928311,6463.0,4956.0,5801.0,4265.714285714285,5686.0,2930.684488550169,5477.366666666667,6019.0,3391.2414112232427,310.0,0,1,1,0,0,0,1,0,0,5634
243,2,2015-05-31,-2.4492935982947064e-16,1.0,0.49999999999999994,-0.8660254037844387,0.5160623910158528,-0.8565509959010036,5634.0,0.0,0.0,4265.714285714285,5686.0,2930.684488550169,5477.366666666667,6019.0,3391.2414112232427,310.0,0,1,1,0,0,0,1,0,0,0
243,2,2015-06-01,0.7818314824680298,0.6234898018587336,1.2246467991473532e-16,-1.0,0.5012418134457758,-0.865307254363206,0.0,0.0,10967.0,5761.571428571428,5776.0,3059.9455799704897,5591.8,6019.0,3501.8368519865458,310.0,1,1,1,0,0,0,1,0,0,10471
243,2,2015-06-02,0.9749279121818236,-0.22252093395631434,1.2246467991473532e-16,-1.0,0.48627270710869,-0.8738071036110808,10471.0,6301.0,8192.0,6323.857142857143,5776.0,3504.875719554659,5933.033333333334,6258.5,3436.314329519983,310.0,1,1,1,0,0,0,1,0,0,10237
243,2,2015-06-03,0.43388373911755823,-0.900968867902419,1.2246467991473532e-16,-1.0,0.4711595076738638,-0.8820480249558537,10237.0,5686.0,7875.0,6800.428571428572,6463.0,3628.3190257171336,5876.466666666666,6258.5,3368.1043141898635,310.0,1,1,1,0,0,0,1,0,0,9022
243,2,2015-06-04,-0.433883739117558,-0.9009688679024191,1.2246467991473532e-16,-1.0,0.4559066935084588,-0.8900275764346767,9022.0,5776.0,7594.0,5975.285714285715,6463.0,4461.287994674694,5578.666666666667,6019.0,3481.4953122466513,310.0,1,1,1,0,0,0,1,0,0,0
243,2,2015-06-05,-0.9749279121818236,-0.2225209339563146,1.2246467991473532e-16,-1.0,0.440518784350495,-0.8977433935342337,0.0,6463.0,7036.0,6344.714285714285,9022.0,4612.899583930757,5573.966666666666,6019.0,3476.543571673902,310.0,1,1,1,0,0,0,1,0,0,9049
243,2,2015-06-06,-0.7818314824680299,0.6234898018587334,1.2246467991473532e-16,-1.0,0.42500033996955416,-0.9051931898913974,9049.0,5634.0,4956.0,6176.0,9022.0,4664.534131793511,5455.333333333333,5811.5,3451.10998968731,310.0,0,1,1,0,0,0,1,0,0,4453
243,2,2015-06-07,-2.4492935982947064e-16,1.0,1.2246467991473532e-16,-1.0,0.4093559588156213,-0.9123747579707273,4453.0,0.0,0.0,6176.0,9022.0,4664.534131793511,5206.2,5788.5,3568.1457987839167,310.0,0,1,1,0,0,0,1,0,0,0
243,2,2015-06-08,0.7818314824680298,0.6234898018587336,1.2246467991473532e-16,-1.0,0.39359027665646673,-0.9192859697186104,0.0,10471.0,0.0,5388.0,4955.0,4267.014569149409,5185.433333333333,5788.5,3567.720209798171,310.0,0,1,1,0,0,0,1,0,0,4955
243,2,2015-06-09,0.9749279121818236,-0.22252093395631434,1.2246467991473532e-16,-1.0,0.3777079652039649,-0.9259247771938498,4955.0,10237.0,6301.0,4741.857142857143,4955.0,3717.4240825501465,5375.9,5788.5,3431.25861446064,310.0,0,1,1,0,0,0,1,0,0,5714
243,2,2015-06-10,0.43388373911755823,-0.900968867902419,1.2246467991473532e-16,-1.0,0.36171373072976765,-0.9322892131745133,5714.0,9022.0,5686.0,4335.428571428572,4955.0,3304.017093233772,5387.733333333334,5788.5,3433.461558145711,310.0,0,1,1,0,0,0,1,0,0,6177
243,2,2015-06-11,-0.433883739117558,-0.9009688679024191,1.2246467991473532e-16,-1.0,0.3456123126707335,-0.9383773917408641,6177.0,0.0,5776.0,5051.714285714285,5014.0,2694.817106613216,5372.366666666667,5788.5,3434.089082484144,310.0,0,1,1,0,0,0,1,0,0,5014
243,2,2015-06-12,-0.9749279121818236,-0.2225209339563146,1.2246467991473532e-16,-1.0,0.3294084822245304,-0.9441875088341993,5014.0,9049.0,6463.0,4478.142857142857,5014.0,2053.101996863234,5332.966666666666,5745.0,3430.855281758154,310.0,0,1,1,0,0,0,1,0,0,5034
243,2,2015-06-13,-0.7818314824680299,0.6234898018587334,1.2246467991473532e-16,-1.0,0.3131070409358269,-0.9497178427914316,5034.0,4453.0,5634.0,4580.285714285715,5034.0,2069.3640499990715,5505.233333333334,5745.0,3280.289502397652,310.0,0,1,1,0,0,0,1,0,0,5168
243,2,2015-06-14,-2.4492935982947064e-16,1.0,1.2246467991473532e-16,-1.0,0.29671281927349075,-0.9549667548552551,5168.0,0.0,0.0,4580.285714285715,5034.0,2069.3640499990715,5252.5,5700.0,3404.495443400966,310.0,0,1,1,0,0,0,1,0,0,0
243,2,2015-06-15,0.7818314824680298,0.6234898018587336,1.2246467991473532e-16,-1.0,0.28023067519921585,-0.9599326896597447,0.0,4955.0,10471.0,5571.285714285715,5168.0,3467.462891620022,5455.533333333334,5700.0,3613.54024262322,310.0,1,1,1,0,0,0,1,0,0,11892
243,2,2015-06-16,0.9749279121818236,-0.22252093395631434,1.2246467991473532e-16,-1.0,0.26366549272800704,-0.9646141756912435,11892.0,5714.0,10237.0,6152.285714285715,5168.0,3818.337191077011,5781.566666666667,5745.0,3544.935218350098,310.0,1,1,1,0,0,0,1,0,0,9781
243,2,2015-06-17,0.43388373911755823,-0.900968867902419,1.2246467991473532e-16,-1.0,0.24702218048093552,-0.9690098257244062,9781.0,6177.0,9022.0,6497.0,5168.0,3928.278630647268,5702.333333333333,5745.0,3450.340546244309,310.0,1,1,1,0,0,0,1,0,0,8590
243,2,2015-06-18,-0.433883739117558,-0.9009688679024191,1.2246467991473532e-16,-1.0,0.23030567023061221,-0.9731183372332619,8590.0,5014.0,0.0,6739.571428571428,6712.0,3873.484385629334,5653.0,5745.0,3423.995548659692,310.0,1,1,1,0,0,0,1,0,0,6712
243,2,2015-06-19,-0.9749279121818236,-0.2225209339563146,1.2246467991473532e-16,-1.0,0.21352091543979612,-0.9769384927771817,6712.0,5034.0,9049.0,7047.571428571428,7190.0,3800.2884038426514,5630.166666666667,5745.0,3410.92597482665,310.0,1,1,1,0,0,0,1,0,0,7190
243,2,2015-06-20,-0.7818314824680299,0.6234898018587334,1.2246467991473532e-16,-1.0,0.19667288979357647,-0.980469160361632,7190.0,5168.0,4453.0,7038.142857142857,7190.0,3805.8067225653726,5547.1,5700.0,3391.741393342121,310.0,0,1,1,0,0,0,1,0,0,5102
243,2,2015-06-21,-2.4492935982947064e-16,1.0,1.2246467991473532e-16,-1.0,0.1797665857255624,-0.9837092937736097,5102.0,0.0,0.0,7038.142857142857,7190.0,3805.8067225653726,5312.566666666667,5660.0,3525.8488797718646,310.0,0,1,1,0,0,0,1,0,0,0
243,2,2015-06-22,0.7818314824680298,0.6234898018587336,1.2246467991473532e-16,-1.0,0.16280701293851715,-0.986657932891657,0.0,11892.0,4955.0,6039.0,6712.0,3186.8810771661974,5310.633333333333,5660.0,3526.067033252277,310.0,0,1,1,0,0,0,1,0,0,4898
243,2,2015-06-23,0.9749279121818236,-0.22252093395631434,1.2246467991473532e-16,-1.0,0.1457991969198751,-0.9893142039703663,4898.0,9781.0,5714.0,5320.857142857143,5102.0,2737.877001654834,5469.1,5660.0,3383.0968097496025,310.0,0,1,1,0,0,0,1,0,0,4754
243,2,2015-06-24,0.43388373911755823,-0.900968867902419,1.2246467991473532e-16,-1.0,0.12874817745258132,-0.99167731989929,4754.0,8590.0,6177.0,4840.142857142857,5102.0,2333.8135050150154,5643.266666666666,5660.0,3222.5150055383056,310.0,0,1,1,0,0,0,1,0,0,5225
243,2,2015-06-25,-0.433883739117558,-0.9009688679024191,1.2246467991473532e-16,-1.0,0.11165900712169512,-0.993746580436178,5225.0,6712.0,5014.0,4637.0,5102.0,2201.8842688327945,5609.566666666667,5462.0,3220.685295284898,310.0,0,1,1,0,0,0,1,0,0,5290
243,2,2015-06-26,-0.9749279121818236,-0.2225209339563146,1.2246467991473532e-16,-1.0,0.09453674981719912,-0.9955213724144752,5290.0,7190.0,5034.0,4307.285714285715,4898.0,1909.2320196251437,5582.766666666666,5257.5,3223.371352282056,310.0,0,1,1,0,0,0,1,0,0,4882
243,2,2015-06-27,-0.7818314824680299,0.6234898018587334,1.2246467991473532e-16,-1.0,0.07738647923346301,-0.9970011699250151,4882.0,5102.0,5168.0,4262.428571428572,4882.0,1891.0504891147018,5549.833333333333,5196.5,3226.3748214529805,310.0,0,1,1,0,0,0,1,0,0,4788
243,2,2015-06-28,-2.4492935982947064e-16,1.0,1.2246467991473532e-16,-1.0,0.06021327736579302,-0.9981855344718586,4788.0,0.0,0.0,4262.428571428572,4882.0,1891.0504891147018,5334.4,5135.0,3375.621379324365,310.0,0,1,1,0,0,0,1,0,0,0
243,2,2015-06-29,0.7818314824680298,0.6234898018587336,1.2246467991473532e-16,-1.0,0.04302223300453059,-0.99907411510223,0.0,4898.0,11892.0,5170.142857142857,4882.0,3269.530365285479,5521.666666666667,5135.0,3544.4270811138626,310.0,1,1,1,0,0,0,1,0,0,11252
243,2,2015-06-30,0.9749279121818236,-0.22252093395631434,1.2246467991473532e-16,-1.0,0.02581844022713308,-0.9996666485105112,11252.0,4754.0,9781.0,5984.428571428572,5225.0,3813.212025626287,5870.133333333333,5196.5,3496.412819204685,310.0,1,1,1,0,0,0,1,0,0,10454
243,2,2015-07-01,0.43388373911755823,-0.900968867902419,-0.4999999999999998,-0.8660254037844388,0.008606996888688698,-0.9999629591162655,10454.0,5225.0,8590.0,6535.714285714285,5290.0,3961.201741655581,5823.9,5196.5,3442.2277003968397,310.0,1,1,1,0,0,0,1,0,0,9084
243,2,2015-07-02,-0.433883739117558,-0.9009688679024191,-0.4999999999999998,-0.8660254037844388,-0.008606996888688009,-0.9999629591162655,9084.0,5290.0,6712.0,6845.142857142857,7456.0,3932.1668084560933,5731.2,5196.5,3355.641234779387,310.0,1,1,1,0,0,0,1,0,0,7456
243,2,2015-07-03,-0.9749279121818236,-0.2225209339563146,-0.4999999999999998,-0.8660254037844388,-0.02581844022713239,-0.9996666485105112,7456.0,4882.0,7190.0,7036.142857142857,7456.0,3852.582961623337,5637.766666666666,5196.5,3299.4054081192326,310.0,1,1,1,0,0,0,1,0,0,6219
243,2,2015-07-04,-0.7818314824680299,0.6234898018587334,-0.4999999999999998,-0.8660254037844388,-0.04302223300453034,-0.99907411510223,6219.0,4788.0,5102.0,7015.714285714285,7456.0,3866.8434462873206,5792.6,5196.5,3130.3749758863037,310.0,0,1,1,0,0,0,1,0,0,4645
243,2,2015-07-05,-2.4492935982947064e-16,1.0,-0.4999999999999998,-0.8660254037844388,-0.060213277365792774,-0.9981855344718586,4645.0,0.0,0.0,7015.714285714285,7456.0,3866.8434462873206,5490.966666666666,5135.0,3239.8316844672913,310.0,0,1,1,0,0,0,1,0,0,0
243,2,2015-07-06,0.7818314824680298,0.6234898018587336,-0.4999999999999998,-0.8660254037844388,-0.07738647923346322,-0.9970011699250151,0.0,11252.0,4898.0,6146.714285714285,6219.0,3413.0382219895923,5514.833333333333,5168.5,3234.554652320869,310.0,0,1,1,0,0,0,1,0,0,5169
243,2,2015-07-07,0.9749279121818236,-0.22252093395631434,-0.4999999999999998,-0.8660254037844388,-0.09453674981719933,-0.9955213724144752,5169.0,10454.0,4754.0,5365.285714285715,5169.0,2840.708814966531,5680.966666666666,5168.5,3065.0890686651474,310.0,0,1,1,0,0,0,1,0,0,4984
243,2,2015-07-08,0.43388373911755823,-0.900968867902419,-0.4999999999999998,-0.8660254037844388,-0.11165900712169444,-0.9937465804361781,4984.0,9084.0,5225.0,4867.142857142857,5169.0,2341.8507943199816,5702.366666666667,5197.0,3062.085400319622,310.0,0,1,1,0,0,0,1,0,0,5597
243,2,2015-07-09,-0.433883739117558,-0.9009688679024191,-0.4999999999999998,-0.8660254037844388,-0.12874817745258066,-0.99167731989929,5597.0,7456.0,5290.0,4577.857142857143,5169.0,2079.083967245462,5692.933333333333,5197.0,3062.484217364916,310.0,0,1,1,0,0,0,1,0,0,5431
243,2,2015-07-10,-0.9749279121818236,-0.2225209339563146,-0.4999999999999998,-0.8660254037844388,-0.14579919691987442,-0.9893142039703664,5431.0,6219.0,4882.0,4471.142857142857,5169.0,1998.4146573864823,5669.433333333333,5197.0,3061.346342124129,310.0,0,1,1,0,0,0,1,0,0,5472
243,2,2015-07-11,-0.7818314824680299,0.6234898018587334,-0.4999999999999998,-0.8660254037844388,-0.16280701293851646,-0.9866579328916572,5472.0,4645.0,4788.0,4483.285714285715,5169.0,1999.904807258392,5659.966666666666,5197.0,3063.8811028895493,310.0,0,1,1,0,0,0,1,0,0,4730
243,2,2015-07-12,-2.4492935982947064e-16,1.0,-0.4999999999999998,-0.8660254037844388,-0.17976658572556214,-0.9837092937736098,4730.0,0.0,0.0,4483.285714285715,5169.0,1999.904807258392,5492.166666666667,5197.0,3232.5517739495485,310.0,0,1,1,0,0,0,1,0,0,0
243,2,2015-07-13,0.7818314824680298,0.6234898018587336,-0.4999999999999998,-0.8660254037844388,-0.19667288979357622,-0.9804691603616321,0.0,5169.0,11252.0,5270.857142857143,5431.0,3098.6472547748626,5675.966666666666,5257.5,3367.4309811254752,310.0,1,1,1,0,0,0,1,0,0,10682
243,2,2015-07-14,0.9749279121818236,-0.22252093395631434,-0.4999999999999998,-0.8660254037844388,-0.2135209154397959,-0.9769384927771817,10682.0,4984.0,10454.0,5838.0,5472.0,3387.265022600581,5974.433333333333,5360.5,3241.458725298857,310.0,1,1,1,0,0,0,1,0,0,8954
243,2,2015-07-15,0.43388373911755823,-0.900968867902419,-0.4999999999999998,-0.8660254037844388,-0.23030567023061196,-0.973118337233262,8954.0,5597.0,9084.0,6142.142857142857,5472.0,3456.8851310860455,5835.566666666667,5360.5,3063.5592179047553,310.0,1,1,1,0,0,0,1,0,0,7726
243,2,2015-07-16,-0.433883739117558,-0.9009688679024191,-0.4999999999999998,-0.8660254037844388,-0.24702218048093527,-0.9690098257244063,7726.0,5431.0,7456.0,6454.857142857143,7620.0,3480.759851362504,5763.533333333334,5360.5,2992.165352859126,310.0,1,1,1,0,0,0,1,0,0,7620
243,2,2015-07-17,-0.9749279121818236,-0.2225209339563146,-0.4999999999999998,-0.8660254037844388,-0.2636654927280072,-0.9646141756912435,7620.0,5472.0,6219.0,6607.142857142857,7620.0,3453.8071471238495,5695.133333333333,5360.5,2948.4600274267477,310.0,1,1,1,0,0,0,1,0,0,6538
243,2,2015-07-18,-0.7818314824680299,0.6234898018587334,-0.4999999999999998,-0.8660254037844388,-0.2802306751992161,-0.9599326896597445,6538.0,4730.0,4645.0,6648.142857142857,7620.0,3429.427183878349,5638.633333333333,5257.5,2944.5400025193726,310.0,0,1,1,0,0,0,1,0,0,5017
243,2,2015-07-19,-2.4492935982947064e-16,1.0,-0.4999999999999998,-0.8660254037844388,-0.2967128192734901,-0.9549667548552553,5017.0,0.0,0.0,6648.142857142857,7620.0,3429.427183878349,5398.966666666666,5197.0,3102.2983858282637,310.0,0,1,1,0,0,0,1,0,0,0
243,2,2015-07-20,0.7818314824680298,0.6234898018587336,-0.4999999999999998,-0.8660254037844388,-0.3131070409358267,-0.9497178427914317,0.0,10682.0,5169.0,5918.857142857143,6538.0,2935.9315630404467,5414.8,5257.5,3101.942599348863,310.0,0,1,1,0,0,0,1,0,0,5577
243,2,2015-07-21,0.9749279121818236,-0.22252093395631434,-0.4999999999999998,-0.8660254037844388,-0.3294084822245302,-0.9441875088341994,5577.0,8954.0,4984.0,5365.714285714285,5577.0,2616.1241506145216,5584.2,5257.5,2930.041748555107,310.0,0,1,1,0,0,0,1,0,0,5082
243,2,2015-07-22,0.43388373911755823,-0.900968867902419,-0.4999999999999998,-0.8660254037844388,-0.3456123126707333,-0.9383773917408642,5082.0,7726.0,5597.0,4908.142857142857,5082.0,2406.1813057603244,5571.7,5257.5,2933.8675327969404,310.0,0,1,1,0,0,0,1,0,0,4523
243,2,2015-07-23,-0.433883739117558,-0.9009688679024191,-0.4999999999999998,-0.8660254037844388,-0.3617137307297674,-0.9322892131745134,4523.0,7620.0,5431.0,4674.428571428572,5082.0,2166.379226354642,5612.7,5360.5,2930.6390399976976,310.0,0,1,1,0,0,0,1,0,0,5984
243,2,2015-07-24,-0.9749279121818236,-0.2225209339563146,-0.4999999999999998,-0.8660254037844388,-0.37770796520396466,-0.9259247771938499,5984.0,6538.0,5472.0,4511.428571428572,5082.0,2042.156609823939,5618.433333333333,5414.0,2930.0225923965213,310.0,0,1,1,0,0,0,1,0,0,5397
243,2,2015-07-25,-0.7818314824680299,0.6234898018587334,-0.4999999999999998,-0.8660254037844388,-0.39359027665646645,-0.9192859697186105,5397.0,5017.0,4730.0,4530.142857142857,5148.0,2048.1532680743876,5613.7,5414.0,2930.686081260932,310.0,0,1,1,0,0,0,1,0,0,5148
243,2,2015-07-26,-2.4492935982947064e-16,1.0,-0.4999999999999998,-0.8660254037844388,-0.4093559588156211,-0.9123747579707274,5148.0,0.0,0.0,4530.142857142857,5148.0,2048.1532680743876,5450.966666666666,5414.0,3103.182376354885,310.0,0,1,1,0,0,0,1,0,0,0
243,2,2015-07-27,0.7818314824680298,0.6234898018587336,-0.4999999999999998,-0.8660254037844388,-0.42500033996955394,-0.9051931898913975,0.0,5577.0,10682.0,5255.571428571428,5148.0,3106.547647423787,5646.533333333334,5451.5,3241.740344994926,310.0,1,1,1,0,0,0,1,0,0,10655
243,2,2015-07-28,0.9749279121818236,-0.22252093395631434,-0.4999999999999998,-0.8660254037844388,-0.4405187843504952,-0.8977433935342336,10655.0,5082.0,8954.0,6096.571428571428,5397.0,3776.3739599931387,6012.166666666667,5524.5,3201.2509094192346,310.0,1,1,1,0,0,0,1,0,0,10969
243,2,2015-07-29,0.43388373911755823,-0.900968867902419,-0.4999999999999998,-0.8660254037844388,-0.455906693508459,-0.8900275764346766,10969.0,4523.0,7726.0,6757.714285714285,5984.0,3859.1803842390173,5942.133333333333,5524.5,3104.1768050131445,310.0,1,1,1,0,0,0,1,0,0,9151
243,2,2015-07-30,-0.433883739117558,-0.9009688679024191,-0.4999999999999998,-0.8660254037844388,-0.47115950767386394,-0.8820480249558535,9151.0,5984.0,7620.0,7231.571428571428,9151.0,3950.8970229195106,5903.7,5524.5,3053.105972499211,310.0,1,1,1,0,0,0,1,0,0,9301
243,2,2015-07-31,-0.9749279121818236,-0.2225209339563146,-0.4999999999999998,-0.8660254037844388,-0.4862727071086902,-0.8738071036110807,9301.0,5397.0,6538.0,8089.714285714285,9301.0,4134.129642955318,5981.033333333334,5524.5,3163.813744935641,310.0,1,1,1,0,0,0,1,0,0,11404
