Store,Cluster,Date,DayOfWeek_sin,DayOfWeek_cos,Month_sin,Month_cos,DayOfYear_sin,DayOfYear_cos,Sales_Lag_1,Sales_Lag_7,Sales_Lag_14,RollingMean_7,RollingMedian_7,RollingStd_7,RollingMean_30,RollingMedian_30,RollingStd_30,CompetitionDistance,Promo,Promo2,StoreType_a,StoreType_b,StoreType_c,StoreType_d,Assortment_a,Assortment_b,Assortment_c,Sales
218,2,2013-01-30,0.43388373911755823,-0.900968867902419,0.49999999999999994,0.8660254037844387,0.4937755501599772,0.869589389346611,4296.0,6145.0,4588.0,3870.714285714286,4377.0,1940.963396038654,4344.866666666667,5043.5,2403.7010074743766,640.0,0,1,1,0,0,0,0,0,1,5118
218,2,2013-01-31,-0.433883739117558,-0.9009688679024191,0.49999999999999994,0.8660254037844387,0.5086709438521044,0.8609610158889943,5118.0,5426.0,4549.0,3840.4285714285716,4377.0,1914.1192802559665,4518.666666666667,5161.0,2263.099116078525,640.0,0,1,1,0,0,0,0,0,1,5214
218,2,2013-02-01,-0.9749279121818236,-0.2225209339563146,0.8660254037844386,0.5000000000000001,0.5234156073655503,0.8520775211013093,5214.0,5204.0,4366.0,3777.5714285714284,4377.0,1868.560752481515,4503.266666666666,5043.5,2259.6892055650324,640.0,0,1,1,0,0,0,0,0,1,4764
218,2,2013-02-02,-0.7818314824680299,0.6234898018587334,0.8660254037844386,0.5000000000000001,0.5380051715382996,0.8429415373547828,4764.0,2674.0,2524.0,3838.285714285714,4377.0,1833.2985494535722,4432.233333333334,4866.5,2269.529157964395,640.0,0,1,1,0,0,0,0,0,1,3099
218,2,2013-02-03,-2.4492935982947064e-16,1.0,0.8660254037844386,0.5000000000000001,0.5524353131676196,0.8335557718385699,3099.0,0.0,0.0,3838.285714285714,4377.0,1833.298549453572,4266.6,4676.0,2406.2107655556406,640.0,0,1,1,0,0,0,0,0,1,0
218,2,2013-02-04,0.7818314824680298,0.6234898018587336,0.8660254037844386,0.5000000000000001,0.5667017562911176,0.8239230057575542,0.0,4377.0,5425.0,4282.714285714285,4764.0,2302.660976224805,4420.133333333333,4941.0,2461.1378323623117,640.0,1,1,1,0,0,0,0,0,1,7488
218,2,2013-02-05,0.9749279121818236,-0.22252093395631434,0.8660254037844386,0.5000000000000001,0.5808002734538009,0.8140460935082178,7488.0,4296.0,5927.0,4591.714285714285,5118.0,2445.443430429044,4635.433333333333,5161.0,2340.7010397466966,640.0,1,1,1,0,0,0,0,0,1,6459
218,2,2013-02-06,0.43388373911755823,-0.900968867902419,0.8660254037844386,0.5000000000000001,0.5947266869607634,0.8039279618328213,6459.0,5118.0,6145.0,4666.142857142857,5214.0,2471.9160873413853,4540.266666666666,5161.0,2234.019632756219,640.0,1,1,1,0,0,0,0,0,1,5639
218,2,2013-02-07,-0.433883739117558,-0.9009688679024191,0.8660254037844386,0.5000000000000001,0.6084768701151261,0.7935716089521474,5639.0,5214.0,5426.0,4837.0,5639.0,2555.9981742299165,4487.466666666666,5161.0,2167.2997777042247,640.0,1,1,1,0,0,0,0,0,1,6410
218,2,2013-02-08,-0.9749279121818236,-0.2225209339563146,0.8660254037844386,0.5000000000000001,0.6220467484408675,0.7829801036770629,6410.0,4764.0,5204.0,4991.428571428572,5845.0,2583.3620766450103,4446.866666666667,5161.0,2128.448807567798,640.0,1,1,1,0,0,0,0,0,1,5845
218,2,2013-02-09,-0.7818314824680299,0.6234898018587334,0.8660254037844386,0.5000000000000001,0.6354323008901774,0.7721565844991642,5845.0,3099.0,2674.0,4951.714285714285,5845.0,2619.19171465077,4312.366666666667,4941.0,2098.2369197172106,640.0,0,1,1,0,0,0,0,0,1,2821
218,2,2013-02-10,-2.4492935982947064e-16,1.0,0.8660254037844386,0.5000000000000001,0.6486295610349814,0.7611042586607747,2821.0,0.0,0.0,4951.714285714285,5845.0,2619.19171465077,4105.7,4676.0,2208.3490502151617,640.0,0,1,1,0,0,0,0,0,1,0
218,2,2013-02-11,0.7818314824680298,0.6234898018587336,0.8660254037844386,0.5000000000000001,0.6616346182422783,0.7498264012045686,0.0,7488.0,4377.0,4467.285714285715,5639.0,2374.0291148373135,4136.833333333333,4676.0,2201.1726824947013,640.0,0,1,1,0,0,0,0,0,1,4097
218,2,2013-02-12,0.9749279121818236,-0.22252093395631434,0.8660254037844386,0.5000000000000001,0.6744436188329455,0.7383263540031065,4097.0,6459.0,4296.0,3966.4285714285716,4097.0,2250.415358487025,4235.266666666666,4676.0,2072.0394073827665,640.0,0,1,1,0,0,0,0,0,1,2953
218,2,2013-02-13,0.43388373911755823,-0.900968867902419,0.8660254037844386,0.5000000000000001,0.6870527672236669,0.7266075247685656,2953.0,5639.0,5118.0,3933.285714285714,4097.0,2223.221290101799,4219.766666666666,4676.0,2061.0838073497985,640.0,0,1,1,0,0,0,0,0,1,5407
218,2,2013-02-14,-0.433883739117558,-0.9009688679024191,0.8660254037844386,0.5000000000000001,0.6994583270516471,0.7146733860429609,5407.0,6410.0,5214.0,3734.5714285714284,4097.0,2017.6111169022688,4194.466666666666,4676.0,2045.8992413477079,640.0,0,1,1,0,0,0,0,0,1,5019
218,2,2013-02-15,-0.9749279121818236,-0.2225209339563146,0.8660254037844386,0.5000000000000001,0.7116566222817746,0.702527474169157,5019.0,5845.0,4764.0,3545.8571428571427,4097.0,1841.4000496516626,4192.333333333333,4656.5,2045.508069983547,640.0,0,1,1,0,0,0,0,0,1,4524
218,2,2013-02-16,-0.7818314824680299,0.6234898018587334,0.8660254037844386,0.5000000000000001,0.7236440382959124,0.6901733882429719,4524.0,2821.0,3099.0,3482.0,4097.0,1878.111285307663,4119.833333333333,4644.0,2070.8188632441556,640.0,0,1,1,0,0,0,0,0,1,2374
218,2,2013-02-17,-2.4492935982947064e-16,1.0,0.8660254037844386,0.5000000000000001,0.7354170229639855,0.6776147890466889,2374.0,0.0,0.0,3482.0,4097.0,1878.111285307663,3974.3,4644.0,2202.1733958789982,640.0,0,1,1,0,0,0,0,0,1,0
218,2,2013-02-18,0.7818314824680298,0.6234898018587336,0.8660254037844386,0.5000000000000001,0.7469720876965552,0.6648553979642865,0.0,4097.0,7488.0,3921.5714285714284,4524.0,2347.4770042993578,4129.3,4891.5,2259.4737127527483,640.0,1,1,1,0,0,0,0,0,1,7174
218,2,2013-02-19,0.9749279121818236,-0.22252093395631434,0.8660254037844386,0.5000000000000001,0.7583058084785625,0.6518989958787126,7174.0,2953.0,6459.0,4376.0,5019.0,2434.9901437172184,4333.766666666666,5068.5,2147.692646143496,640.0,1,1,1,0,0,0,0,0,1,6134
218,2,2013-02-20,0.43388373911755823,-0.900968867902419,0.8660254037844386,0.5000000000000001,0.7694148268839378,0.6387494220515272,6134.0,5407.0,5639.0,4518.714285714285,5019.0,2532.7991573412555,4366.466666666666,5068.5,2172.2085492901447,640.0,1,1,1,0,0,0,0,0,1,6406
218,2,2013-02-21,-0.433883739117558,-0.9009688679024191,0.8660254037844386,0.5000000000000001,0.7802958510707755,0.6254105729852463,6406.0,5019.0,6410.0,4638.0,5854.0,2579.5195935160746,4364.033333333334,5068.5,2170.4403094260874,640.0,1,1,1,0,0,0,0,0,1,5854
218,2,2013-02-22,-0.9749279121818236,-0.2225209339563146,0.8660254037844386,0.5000000000000001,0.7909456567567772,0.6118864012687243,5854.0,4524.0,5845.0,4760.142857142857,5854.0,2593.4269752955215,4338.5,5068.5,2153.203543560153,640.0,1,1,1,0,0,0,0,0,1,5379
218,2,2013-02-23,-0.7818314824680299,0.6234898018587334,0.8660254037844386,0.5000000000000001,0.8013610881746766,0.5981809144059164,5379.0,2374.0,2821.0,4754.571428571428,5854.0,2599.44236694096,4235.466666666666,4891.5,2173.2318176700187,640.0,0,1,1,0,0,0,0,0,1,2335
218,2,2013-02-24,-2.4492935982947064e-16,1.0,0.8660254037844386,0.5000000000000001,0.8115390590073611,0.5842981736283683,2335.0,0.0,0.0,4754.571428571428,5854.0,2599.44236694096,4062.0,4644.0,2297.40153066534,640.0,0,1,1,0,0,0,0,0,1,0
218,2,2013-02-25,0.7818314824680298,0.6234898018587336,0.8660254037844386,0.5000000000000001,0.8214765533024142,0.5702422926917871,0.0,7174.0,4097.0,4377.571428571428,5379.0,2371.4368961414416,4124.033333333334,4649.5,2283.715219931576,640.0,0,1,1,0,0,0,0,0,1,4535
218,2,2013-02-26,0.9749279121818236,-0.22252093395631434,0.8660254037844386,0.5000000000000001,0.8311706263658079,0.5560174366570446,4535.0,6134.0,2953.0,4256.285714285715,5285.0,2286.8352013416356,4300.2,4891.5,2154.8218007769105,640.0,0,1,1,0,0,0,0,0,1,5285
218,2,2013-02-27,0.43388373911755823,-0.900968867902419,0.8660254037844386,0.5000000000000001,0.8406184056344782,0.5416278206559814,5285.0,6406.0,5407.0,4097.0,5285.0,2146.6815475674703,4330.666666666667,5068.5,2162.3932516340874,640.0,0,1,1,0,0,0,0,0,1,5291
218,2,2013-02-28,-0.433883739117558,-0.9009688679024191,0.8660254037844386,0.5000000000000001,0.8498170915275278,0.5270777086423722,5291.0,5854.0,5019.0,4149.285714285715,5285.0,2200.393655256995,4394.8,5166.0,2189.688836341821,640.0,0,1,1,0,0,0,0,0,1,6220
218,2,2013-03-01,-0.9749279121818236,-0.2225209339563146,1.0,6.123233995736766e-17,0.8587639582758029,0.5123714121284237,6220.0,5379.0,4524.0,4107.428571428572,5086.0,2175.7514301303554,4393.733333333334,5150.0,2189.3321597572,640.0,0,1,1,0,0,0,0,0,1,5086
218,2,2013-03-02,-0.7818314824680299,0.6234898018587334,1.0,6.123233995736766e-17,0.8674563547295968,0.49751328890718066,5086.0,2335.0,2374.0,4288.0,5086.0,2053.132565942427,4339.9,5052.5,2188.3225090119313,640.0,0,1,1,0,0,0,0,0,1,3599
218,2,2013-03-03,-2.4492935982947064e-16,1.0,1.0,6.123233995736766e-17,0.8758917051442429,0.48250774176121847,3599.0,0.0,0.0,4288.0,5086.0,2053.132565942427,4181.1,5052.5,2325.0677016468526,640.0,0,1,1,0,0,0,0,0,1,0
218,2,2013-03-04,0.7818314824680298,0.6234898018587336,1.0,6.123233995736766e-17,0.8840675099433636,0.46735921715800227,0.0,4535.0,7174.0,4760.714285714285,5285.0,2460.082499584497,4339.266666666666,5185.5,2408.803178763883,640.0,1,1,1,0,0,0,0,0,1,7844
218,2,2013-03-05,0.9749279121818236,-0.22252093395631434,1.0,6.123233995736766e-17,0.8919813464595485,0.45207220393230435,7844.0,5285.0,6134.0,4973.428571428572,5291.0,2574.6762810848577,4565.066666666667,5288.0,2303.1969675354226,640.0,1,1,1,0,0,0,0,0,1,6774
218,2,2013-03-06,0.43388373911755823,-0.900968867902419,1.0,6.123233995736766e-17,0.8996308696522433,0.43665123195606403,6774.0,5291.0,6406.0,5083.142857142857,6059.0,2606.6293962747773,4517.433333333333,5288.0,2254.933299469736,640.0,1,1,1,0,0,0,0,0,1,6059
218,2,2013-03-07,-0.433883739117558,-0.9009688679024191,1.0,6.123233995736766e-17,0.9070138128026359,0.4211008707960896,6059.0,6220.0,5854.0,5020.0,5778.0,2579.7149067290366,4494.733333333334,5288.0,2238.078685457428,640.0,1,1,1,0,0,0,0,0,1,5778
218,2,2013-03-08,-0.9749279121818236,-0.2225209339563146,1.0,6.123233995736766e-17,0.9141279881853337,0.40542572835999735,5778.0,5086.0,5379.0,5116.428571428572,5778.0,2595.1624777100733,4498.8,5288.0,2240.3392507878552,640.0,1,1,1,0,0,0,0,0,1,5761
218,2,2013-03-09,-0.7818314824680299,0.6234898018587334,1.0,6.123233995736766e-17,0.9209712877166346,0.38963044953078796,5761.0,3599.0,2335.0,5066.0,5778.0,2632.7210891648465,4393.333333333333,5185.5,2221.661421383638,640.0,0,1,1,0,0,0,0,0,1,3246
218,2,2013-03-10,-2.4492935982947064e-16,1.0,1.0,6.123233995736766e-17,0.9275416835791966,0.37371971479046906,3246.0,0.0,0.0,5066.0,5778.0,2632.7210891648465,4198.5,5052.5,2342.9486689889814,640.0,0,1,1,0,0,0,0,0,1,0
218,2,2013-03-11,0.7818314824680298,0.6234898018587336,1.0,6.123233995736766e-17,0.9338372288229252,0.35769823883312546,0.0,7844.0,4535.0,4625.571428571428,5761.0,2331.1378378482086,4263.166666666667,5052.5,2330.3565819098526,640.0,0,1,1,0,0,0,0,0,1,4761
218,2,2013-03-12,0.9749279121818236,-0.22252093395631434,1.0,6.123233995736766e-17,0.9398560579418954,0.3415707691678556,4761.0,6774.0,5285.0,4198.428571428572,4761.0,2137.7777291027282,4389.3,5052.5,2189.8198185994734,640.0,0,1,1,0,0,0,0,0,1,3784
218,2,2013-03-13,0.43388373911755823,-0.900968867902419,1.0,6.123233995736766e-17,0.9455963874271426,0.3253420847119801,3784.0,6059.0,5291.0,3966.5714285714284,4436.0,1984.9001534202214,4400.6,5052.5,2189.1340218262653,640.0,0,1,1,0,0,0,0,0,1,4436
218,2,2013-03-14,-0.433883739117558,-0.9009688679024191,1.0,6.123233995736766e-17,0.9510565162951535,0.30901699437494745,4436.0,5778.0,6220.0,3789.714285714286,4436.0,1846.9600892895792,4453.5,5052.5,2172.0549581857517,640.0,0,1,1,0,0,0,0,0,1,4540
218,2,2013-03-15,-0.9749279121818236,-0.2225209339563146,1.0,6.123233995736766e-17,0.9562348265919056,0.29260033563334836,4540.0,5761.0,5086.0,3575.1428571428573,4259.0,1657.2841667993478,4415.233333333334,4890.0,2164.777581683836,640.0,0,1,1,0,0,0,0,0,1,4259
218,2,2013-03-16,-0.7818314824680299,0.6234898018587334,1.0,6.123233995736766e-17,0.9611297838723007,0.27609697309746883,4259.0,3246.0,3599.0,3585.285714285714,4259.0,1655.1499140848953,4358.5,4650.5,2170.7032032389234,640.0,0,1,1,0,0,0,0,0,1,3317
218,2,2013-03-17,-2.4492935982947064e-16,1.0,1.0,6.123233995736766e-17,0.9657399376548549,0.2595117970697999,3317.0,0.0,0.0,3585.285714285714,4259.0,1655.1499140848953,4207.7,4650.5,2311.3925665173624,640.0,0,1,1,0,0,0,0,0,1,0
218,2,2013-03-18,0.7818314824680298,0.6234898018587336,1.0,6.123233995736766e-17,0.970063921851507,0.2428497220959356,0.0,4761.0,7844.0,3885.5714285714284,4259.0,2048.049222808773,4357.333333333333,4923.5,2333.784780629707,640.0,1,1,1,0,0,0,0,0,1,6863
218,2,2013-03-19,0.9749279121818236,-0.22252093395631434,1.0,6.123233995736766e-17,0.9741004551724205,0.22611568550828828,6863.0,3784.0,6774.0,4270.857142857143,4436.0,2267.6658651993853,4573.366666666667,5185.5,2213.387830567826,640.0,1,1,1,0,0,0,0,0,1,6481
218,2,2013-03-20,0.43388373911755823,-0.900968867902419,1.0,6.123233995736766e-17,0.9778483415056568,0.20931464596304847,6481.0,4436.0,6059.0,4479.0,4540.0,2350.6971306401856,4530.666666666667,5185.5,2173.4838129274094,640.0,1,1,1,0,0,0,0,0,1,5893
218,2,2013-03-21,-0.433883739117558,-0.9009688679024191,1.0,6.123233995736766e-17,0.9813064702716093,0.19245158197082998,5893.0,4540.0,5778.0,4631.0,5604.0,2389.380603141046,4513.0,5185.5,2162.1264118200056,640.0,1,1,1,0,0,0,0,0,1,5604
218,2,2013-03-22,-0.9749279121818236,-0.2225209339563146,1.0,6.123233995736766e-17,0.9844738167520922,0.1755314904214282,5604.0,4259.0,5761.0,4819.428571428572,5604.0,2407.0980354736184,4485.4,5185.5,2142.322709841691,640.0,1,1,1,0,0,0,0,0,1,5578
218,2,2013-03-23,-0.7818314824680299,0.6234898018587334,1.0,6.123233995736766e-17,0.9873494423939864,0.15855938510313478,5578.0,3317.0,3246.0,4709.0,5604.0,2503.319396321612,4375.066666666667,4923.5,2154.60705967682,640.0,0,1,1,0,0,0,0,0,1,2544
218,2,2013-03-24,-2.4492935982947064e-16,1.0,1.0,6.123233995736766e-17,0.989932495087353,0.141540295217043,2544.0,0.0,0.0,4709.0,5604.0,2503.319396321612,4195.766666666666,4650.5,2287.872731017468,640.0,0,1,1,0,0,0,0,0,1,0
218,2,2013-03-25,0.7818314824680298,0.6234898018587336,1.0,6.123233995736766e-17,0.9922222094179323,0.12447926388678915,0.0,6863.0,4761.0,4739.714285714285,5604.0,2535.267554209727,4353.866666666667,4923.5,2318.5268469935563,640.0,1,1,1,0,0,0,0,0,1,7078
218,2,2013-03-26,0.9749279121818236,-0.22252093395631434,1.0,6.123233995736766e-17,0.994217906893952,0.10738134666416309,7078.0,6481.0,3784.0,4815.571428571428,5604.0,2603.088412965316,4587.6,5185.5,2215.634222270578,640.0,1,1,1,0,0,0,0,0,1,7012
218,2,2013-03-27,0.43388373911755823,-0.900968867902419,1.0,6.123233995736766e-17,0.995918996147179,0.09025161003104117,7012.0,5893.0,4436.0,4866.142857142857,5604.0,2630.799905514888,4644.666666666667,5288.0,2236.1848565455575,640.0,1,1,1,0,0,0,0,0,1,6247
218,2,2013-03-28,-0.433883739117558,-0.9009688679024191,1.0,6.123233995736766e-17,0.9973249731081555,0.07309512989807777,6247.0,5604.0,4540.0,5105.142857142857,6247.0,2780.72535072964,4711.066666666667,5434.5,2284.898261272877,640.0,1,1,1,0,0,0,0,0,1,7277
218,2,2013-03-29,-0.9749279121818236,-0.2225209339563146,1.0,6.123233995736766e-17,0.9984354211555643,0.055916990100603484,7277.0,5578.0,4259.0,4308.285714285715,6247.0,3361.2651742206494,4534.7,5332.0,2437.6834134353726,640.0,1,1,1,0,0,0,0,0,1,0
218,2,2013-03-30,-0.7818314824680299,0.6234898018587334,1.0,6.123233995736766e-17,0.9992500112396835,0.03872228089217446,0.0,2544.0,3317.0,4476.0,6247.0,3287.031538232229,4451.3,4923.5,2420.7779335263845,640.0,0,1,1,0,0,0,0,0,1,3718
218,2,2013-03-31,-2.4492935982947064e-16,1.0,1.0,6.123233995736766e-17,0.9997685019798909,0.021516097436222254,3718.0,0.0,0.0,4476.0,6247.0,3287.031538232229,4281.766666666666,4650.5,2549.4677562640168,640.0,0,1,1,0,0,0,0,0,1,0
218,2,2013-04-01,0.7818314824680298,0.6234898018587336,0.8660254037844387,-0.49999999999999983,0.9999907397361901,0.004303538296244289,0.0,7078.0,6863.0,3464.8571428571427,3718.0,3438.380453477646,4161.8,4650.5,2664.772648644817,640.0,0,1,1,0,0,0,0,0,1,0
218,2,2013-04-02,0.9749279121818236,-0.22252093395631434,0.8660254037844387,-0.49999999999999983,0.9999166586547379,-0.01291029607500882,0.0,7012.0,6481.0,3273.8571428571427,3718.0,3239.90490748167,4350.966666666666,5169.5,2558.454941660248,640.0,0,1,1,0,0,0,0,0,1,5675
218,2,2013-04-03,0.43388373911755823,-0.900968867902419,0.8660254037844387,-0.49999999999999983,0.9995462806873573,-0.030120304846908114,5675.0,6247.0,5893.0,3074.0,3718.0,3064.3283657815346,4251.1,4804.5,2474.5018216839603,640.0,0,1,1,0,0,0,0,0,1,4848
218,2,2013-04-04,-0.433883739117558,-0.9009688679024191,0.8660254037844387,-0.49999999999999983,0.9988797155850336,-0.04732138832243185,4848.0,7277.0,5604.0,2717.5714285714284,3718.0,2604.5926013577664,4184.7,4771.5,2430.809289814458,640.0,0,1,1,0,0,0,0,0,1,4782
218,2,2013-04-05,-0.9749279121818236,-0.2225209339563146,0.8660254037844387,-0.49999999999999983,0.9979171608653922,-0.06450844944931623,4782.0,0.0,5578.0,3344.285714285714,4387.0,2357.817402760846,4128.966666666666,4650.5,2405.388483690578,640.0,0,1,1,0,0,0,0,0,1,4387
218,2,2013-04-06,-0.7818314824680299,0.6234898018587334,0.8660254037844387,-0.49999999999999983,0.9966589017541702,-0.08167639533042241,4387.0,3718.0,2544.0,3165.285714285714,4387.0,2372.2356343251195,4018.5333333333333,4488.0,2403.1195779126597,640.0,0,1,1,0,0,0,0,0,1,2465
218,2,2013-04-07,-2.4492935982947064e-16,1.0,0.8660254037844387,-0.49999999999999983,0.9951053111006976,-0.09882013873287143,2465.0,0.0,0.0,3165.285714285714,4387.0,2372.2356343251195,3826.5,4411.5,2487.767615131394,640.0,0,1,1,0,0,0,0,0,1,0
218,2,2013-04-08,0.7818314824680298,0.6234898018587336,0.8660254037844387,-0.49999999999999983,0.9932568492674143,-0.11593459959550041,0.0,0.0,7078.0,4173.714285714285,4782.0,2301.7562652813403,3953.6,4488.0,2553.618711581258,640.0,1,1,1,0,0,0,0,0,1,7059
218,2,2013-04-09,0.9749279121818236,-0.22252093395631434,0.8660254037844387,-0.49999999999999983,0.9911140639934547,-0.1330147065341959,7059.0,5675.0,7012.0,4149.571428571428,4782.0,2284.2043733098003,4137.133333333333,4650.5,2455.651788374549,640.0,1,1,1,0,0,0,0,0,1,5506
218,2,2013-04-10,0.43388373911755823,-0.900968867902419,0.8660254037844387,-0.49999999999999983,0.9886775902323405,-0.1500553983446526,5506.0,4848.0,6247.0,4252.571428571428,4782.0,2336.6018671811175,4164.066666666667,4661.0,2467.134425049507,640.0,1,1,1,0,0,0,0,0,1,5569
218,2,2013-04-11,-0.433883739117558,-0.9009688679024191,0.8660254037844387,-0.49999999999999983,0.9859481499638304,-0.16705162550211924,5569.0,4782.0,7277.0,4374.857142857143,5506.0,2390.700415399319,4225.866666666667,4815.0,2480.470391058828,640.0,1,1,1,0,0,0,0,0,1,5638
218,2,2013-04-12,-0.9749279121818236,-0.2225209339563146,0.8660254037844387,-0.49999999999999983,0.9829265519799822,-0.18399835165768005,5638.0,4387.0,0.0,4454.142857142857,5506.0,2400.3538231249318,4242.733333333334,4895.0,2483.6668099784442,640.0,1,1,1,0,0,0,0,0,1,4942
218,2,2013-04-13,-0.7818314824680299,0.6234898018587334,0.8660254037844387,-0.49999999999999983,0.9796136916454901,-0.20089055513063506,4942.0,2465.0,3718.0,4480.857142857143,5506.0,2375.4376739576105,4179.8,4895.0,2499.7425439846584,640.0,0,1,1,0,0,0,0,0,1,2652
218,2,2013-04-14,-2.4492935982947064e-16,1.0,0.8660254037844387,-0.49999999999999983,0.9760105506323683,-0.21772323039653177,2652.0,0.0,0.0,4480.857142857143,5506.0,2375.4376739576105,4037.8333333333335,4895.0,2613.443297226111,640.0,0,1,1,0,0,0,0,0,1,0
218,2,2013-04-15,0.7818314824680298,0.6234898018587336,0.8660254037844387,-0.49999999999999983,0.9721181966290613,-0.23449138957040985,0.0,7059.0,0.0,4202.285714285715,5109.0,2123.705622591928,4097.566666666667,5025.5,2616.8765625604424,640.0,0,1,1,0,0,0,0,0,1,5109
218,2,2013-04-16,0.9749279121818236,-0.22252093395631434,0.8660254037844387,-0.49999999999999983,0.9679377830240642,-0.25119006388481935,5109.0,5506.0,5675.0,4039.4285714285716,4942.0,2049.480735628975,4243.1,5025.5,2499.930003847693,640.0,0,1,1,0,0,0,0,0,1,4366
218,2,2013-04-17,0.43388373911755823,-0.900968867902419,0.8660254037844387,-0.49999999999999983,0.9634705485641488,-0.2678143051621742,4366.0,5569.0,4848.0,3865.1428571428573,4366.0,1947.04240910596,4159.3,4895.0,2450.7318843491453,640.0,0,1,1,0,0,0,0,0,1,4349
218,2,2013-04-18,-0.433883739117558,-0.9009688679024191,0.8660254037844387,-0.49999999999999983,0.9587178169872964,-0.2843591872810034,4349.0,5638.0,4782.0,3678.8571428571427,4349.0,1806.4575305065455,4087.733333333333,4815.0,2411.631954726398,640.0,0,1,1,0,0,0,0,0,1,4334
218,2,2013-04-19,-0.9749279121818236,-0.2225209339563146,0.8660254037844387,-0.49999999999999983,0.9536809966304457,-0.30081980763566735,4334.0,4942.0,4387.0,3595.8571428571427,4349.0,1751.2518787590607,4036.6666666666665,4584.5,2388.1932621693877,640.0,0,1,1,0,0,0,0,0,1,4361
218,2,2013-04-20,-0.7818314824680299,0.6234898018587334,0.8660254037844387,-0.49999999999999983,0.9483615800121715,-0.3171912885891061,4361.0,2652.0,2465.0,3578.285714285714,4349.0,1762.879057516019,3934.1666666666665,4376.5,2384.5904887109173,640.0,0,1,1,0,0,0,0,0,1,2529
218,2,2013-04-21,-2.4492935982947064e-16,1.0,0.8660254037844387,-0.49999999999999983,0.9427611433904207,-0.3334687789181868,2529.0,0.0,0.0,3578.285714285714,4349.0,1762.879057516019,3748.233333333333,4363.5,2468.0036981380285,640.0,0,1,1,0,0,0,0,0,1,0
218,2,2013-04-22,0.7818314824680298,0.6234898018587336,0.8660254037844387,-0.49999999999999983,0.9368813462954315,-0.3496474552512284,0.0,5109.0,7059.0,3830.8571428571427,4349.0,2111.0162977873492,3892.6666666666665,4376.5,2521.3119099243618,640.0,1,1,1,0,0,0,0,0,1,6877
218,2,2013-04-23,0.9749279121818236,-0.22252093395631434,0.8660254037844387,-0.49999999999999983,0.9307239310379795,-0.36572252349726897,6877.0,4366.0,5506.0,4070.1428571428573,4349.0,2270.678637806432,4094.0333333333333,4584.5,2439.6115078420576,640.0,1,1,1,0,0,0,0,0,1,6041
218,2,2013-04-24,0.43388373911755823,-0.900968867902419,0.8660254037844387,-0.49999999999999983,0.9242907221930934,-0.3816892202666588,6041.0,4349.0,5569.0,4204.0,4361.0,2317.0028053500496,4034.3,4584.5,2385.3656576486655,640.0,1,1,1,0,0,0,0,0,1,5286
218,2,2013-04-25,-0.433883739117558,-0.9009688679024191,0.8660254037844387,-0.49999999999999983,0.9175836260593937,-0.39754281428255595,5286.0,4334.0,5638.0,4394.285714285715,5286.0,2383.2084615972162,3989.4333333333334,4584.5,2339.6468003899026,640.0,1,1,1,0,0,0,0,0,1,5666
218,2,2013-04-26,-0.9749279121818236,-0.2225209339563146,0.8660254037844387,-0.49999999999999983,0.9106046300942163,-0.4132786077829042,5666.0,4361.0,4942.0,4463.0,5286.0,2389.0159759476983,3942.6,4584.5,2306.728757054172,640.0,1,1,1,0,0,0,0,0,1,4842
218,2,2013-04-27,-0.7818314824680299,0.6234898018587334,0.8660254037844387,-0.49999999999999983,0.9033558023246845,-0.4288919379124835,4842.0,2529.0,2652.0,4442.857142857143,5286.0,2408.554644634511,3779.633333333333,4376.5,2234.6082196667708,640.0,0,1,1,0,0,0,0,0,1,2388
218,2,2013-04-28,-2.4492935982947064e-16,1.0,0.8660254037844387,-0.49999999999999983,0.895839290734909,-0.4443781781046132,2388.0,0.0,0.0,4442.857142857143,5286.0,2408.554644634511,3779.633333333333,4376.5,2234.6082196667708,640.0,0,1,1,0,0,0,0,0,1,0
218,2,2013-04-29,0.7818314824680298,0.6234898018587336,0.8660254037844387,-0.49999999999999983,0.8880573226294932,-0.45973273945210397,0.0,6877.0,5109.0,4407.285714285715,5286.0,2368.1129417242546,3876.633333333333,4584.5,2294.2045948407704,640.0,1,1,1,0,0,0,0,0,1,6628
218,2,2013-04-30,0.9749279121818236,-0.22252093395631434,0.8660254037844387,-0.49999999999999983,0.8800122039735357,-0.47495107206704995,6628.0,6041.0,4366.0,4465.714285714285,5286.0,2419.625157903989,4091.633333333333,4812.0,2219.3898428875987,640.0,1,1,1,0,0,0,0,0,1,6450
218,2,2013-05-01,0.43388373911755823,-0.900968867902419,0.49999999999999994,-0.8660254037844387,0.8717063187093218,-0.49002866642905923,6450.0,5286.0,4349.0,3710.5714285714284,4842.0,2898.435374309321,4091.633333333333,4812.0,2219.3898428875987,640.0,1,1,1,0,0,0,0,0,1,0
218,2,2013-05-02,-0.433883739117558,-0.9009688679024191,0.49999999999999994,-0.8660254037844387,0.8631421280499114,-0.5049610547215204,0.0,5666.0,4334.0,3896.0,4842.0,3080.204971534632,4134.6,4812.0,2263.1462932889654,640.0,1,1,1,0,0,0,0,0,1,6964
218,2,2013-05-03,-0.9749279121818236,-0.2225209339563146,0.49999999999999994,-0.8660254037844387,0.854322169749827,-0.5197438121555155,6964.0,4842.0,4361.0,4107.285714285715,6321.0,3204.142980282752,4183.7,4812.0,2294.91329788896,640.0,1,1,1,0,0,0,0,0,1,6321
218,2,2013-05-04,-0.7818314824680299,0.6234898018587334,0.49999999999999994,-0.8660254037844387,0.8452490573530633,-0.5343725582809787,6321.0,2388.0,2529.0,4114.0,6321.0,3199.986302054015,4105.466666666666,4614.5,2313.7412565580553,640.0,0,1,1,0,0,0,0,0,1,2435
218,2,2013-05-05,-2.4492935982947064e-16,1.0,0.49999999999999994,-0.8660254037844387,0.835925479418637,-0.548842958284719,2435.0,0.0,0.0,4114.0,6321.0,3199.986302054015,3959.233333333333,4604.0,2430.9968819868695,640.0,0,1,1,0,0,0,0,0,1,0
218,2,2013-05-06,0.7818314824680298,0.6234898018587336,0.49999999999999994,-0.8660254037844387,0.8263541987239096,-0.5631507242749186,0.0,6628.0,6877.0,3840.8571428571427,4716.0,3026.533574271145,4034.266666666667,4779.0,2417.990700950906,640.0,0,1,1,0,0,0,0,0,1,4716
218,2,2013-05-07,0.9749279121818236,-0.22252093395631434,0.49999999999999994,-0.8660254037844387,0.8165380514459161,-0.5772916165517272,4716.0,6450.0,6041.0,3656.714285714286,4716.0,2876.839221222121,4206.3,4892.0,2301.873661861661,640.0,0,1,1,0,0,0,0,0,1,5161
218,2,2013-05-08,0.43388373911755823,-0.900968867902419,0.49999999999999994,-0.8660254037844387,0.8064799463209448,-0.5912614448635781,5161.0,0.0,5286.0,4373.428571428572,5017.0,2399.315378543281,4138.233333333334,4892.0,2244.0756746004204,640.0,0,1,1,0,0,0,0,0,1,5017
218,2,2013-05-09,-0.433883739117558,-0.9009688679024191,0.49999999999999994,-0.8660254037844387,0.7961828637826158,-0.6050560696488488,5017.0,6964.0,5666.0,3378.5714285714284,4716.0,2582.889780661888,3954.7,4779.0,2350.9649398227652,640.0,0,1,1,0,0,0,0,0,1,0
218,2,2013-05-10,-0.9749279121818236,-0.2225209339563146,0.49999999999999994,-0.8660254037844387,0.7856498550787145,-0.6186714032625031,0.0,6321.0,4842.0,3262.285714285714,4716.0,2442.866602599338,3952.633333333333,4779.0,2349.523729922995,640.0,0,1,1,0,0,0,0,0,1,5507
218,2,2013-05-11,-0.7818314824680299,0.6234898018587334,0.49999999999999994,-0.8660254037844387,0.7748840413670407,-0.6321034111873487,5507.0,2435.0,2388.0,3319.4285714285716,4716.0,2424.9019813278255,3859.2,4541.0,2335.8845389510034,640.0,0,1,1,0,0,0,0,0,1,2835
218,2,2013-05-12,-2.4492935982947064e-16,1.0,0.49999999999999994,-0.8660254037844387,0.7638886127905428,-0.6453481132295501,2835.0,0.0,0.0,3319.4285714285716,4716.0,2424.9019813278255,3694.4666666666667,4363.5,2429.283969053195,640.0,0,1,1,0,0,0,0,0,1,0
218,2,2013-05-13,0.7818314824680298,0.6234898018587336,0.49999999999999994,-0.8660254037844387,0.7526668275320084,-0.6584015846980488,0.0,4716.0,6628.0,3581.4285714285716,5017.0,2685.9687797355878,3824.4,4541.0,2475.4104584757315,640.0,1,1,1,0,0,0,0,0,1,6550
218,2,2013-05-14,0.9749279121818236,-0.22252093395631434,0.49999999999999994,-0.8660254037844387,0.741222010848596,-0.6712599575675313,6550.0,5161.0,6450.0,3743.0,5017.0,2827.129993473947,4034.133333333333,4779.0,2405.779130134041,640.0,1,1,1,0,0,0,0,0,1,6292
218,2,2013-05-15,0.43388373911755823,-0.900968867902419,0.49999999999999994,-0.8660254037844387,0.7295575540864875,-0.6839194216246106,6292.0,5017.0,0.0,3847.714285714286,5507.0,2894.943909317629,4055.5,4779.0,2418.467650365013,640.0,1,1,1,0,0,0,0,0,1,5750
218,2,2013-05-16,-0.433883739117558,-0.9009688679024191,0.49999999999999994,-0.8660254037844387,0.717676913675962,-0.6963762255968722,5750.0,0.0,6964.0,4669.285714285715,5750.0,2393.6351514161975,4101.666666666667,4929.5,2437.7417239411716,640.0,1,1,1,0,0,0,0,0,1,5751
218,2,2013-05-17,-0.9749279121818236,-0.2225209339563146,0.49999999999999994,-0.8660254037844387,0.705583610107178,-0.7086266782644596,5751.0,5507.0,6321.0,4658.428571428572,5750.0,2389.370688217776,4137.733333333334,5089.0,2449.503016916912,640.0,1,1,1,0,0,0,0,0,1,5431
218,2,2013-05-18,-0.7818314824680299,0.6234898018587334,0.49999999999999994,-0.8660254037844387,0.6932812268869777,-0.7206671495538609,5431.0,2835.0,2435.0,4663.857142857143,5750.0,2384.5758133311288,4089.0333333333333,5089.0,2459.967514270131,640.0,0,1,1,0,0,0,0,0,1,2873
218,2,2013-05-19,-2.4492935982947064e-16,1.0,0.49999999999999994,-0.8660254037844387,0.6807734094770161,-0.7324940716135789,2873.0,0.0,0.0,4663.857142857143,5750.0,2384.5758133311288,3943.6666666666665,5089.0,2569.7447120399856,640.0,0,1,1,0,0,0,0,0,1,0
218,2,2013-05-20,0.7818314824680298,0.6234898018587336,0.49999999999999994,-0.8660254037844387,0.6680638642135335,-0.7441039398713607,0.0,6550.0,4716.0,3728.1428571428573,5431.0,2774.3561071938493,3859.366666666667,5089.0,2657.728346608775,640.0,0,1,1,0,0,0,0,0,1,0
218,2,2013-05-21,0.9749279121818236,-0.22252093395631434,0.49999999999999994,-0.8660254037844387,0.6551563572090853,-0.7554933140726803,0.0,6292.0,5161.0,3592.4285714285716,5342.0,2648.4131637103537,4037.4333333333334,5223.5,2567.6659021487726,640.0,0,1,1,0,0,0,0,0,1,5342
218,2,2013-05-22,0.43388373911755823,-0.900968867902419,0.49999999999999994,-0.8660254037844387,0.6420547132365637,-0.766658819300159,5342.0,5750.0,5017.0,3367.0,4172.0,2496.9853824161646,3947.266666666667,5089.0,2511.3906428350683,640.0,0,1,1,0,0,0,0,0,1,4172
218,2,2013-05-23,-0.433883739117558,-0.9009688679024191,0.49999999999999994,-0.8660254037844387,0.6287628145958344,-0.777597146973627,4172.0,5751.0,0.0,3165.714285714286,4172.0,2323.5451874442288,3890.633333333333,4929.5,2481.526789246315,640.0,0,1,1,0,0,0,0,0,1,4342
218,2,2013-05-24,-0.9749279121818236,-0.2225209339563146,0.49999999999999994,-0.8660254037844387,0.6152845999633276,-0.7883050558305255,4342.0,5431.0,5507.0,3002.5714285714284,4172.0,2173.212511248639,3857.4,4779.0,2468.8388671041566,640.0,0,1,1,0,0,0,0,0,1,4289
218,2,2013-05-25,-0.7818314824680299,0.6234898018587334,0.49999999999999994,-0.8660254037844387,0.6016240632249226,-0.7987793728863649,4289.0,2873.0,2835.0,2904.0,4172.0,2195.6020434799493,3741.3,4529.0,2462.743076047659,640.0,0,1,1,0,0,0,0,0,1,2183
218,2,2013-05-26,-2.4492935982947064e-16,1.0,0.49999999999999994,-0.8660254037844387,0.5877852522924732,-0.8090169943749473,2183.0,0.0,0.0,2904.0,4172.0,2195.6020434799493,3579.9,4315.5,2545.396701688268,640.0,0,1,1,0,0,0,0,0,1,0
218,2,2013-05-27,0.7818314824680298,0.6234898018587336,0.49999999999999994,-0.8660254037844387,0.5737722679043246,-0.8190148866680801,0.0,0.0,6550.0,3788.714285714286,4289.0,2074.8204512106354,3706.733333333333,4529.0,2578.541099594662,640.0,1,1,1,0,0,0,0,0,1,6193
218,2,2013-05-28,0.9749279121818236,-0.22252093395631434,0.49999999999999994,-0.8660254037844387,0.5595892624101765,-0.8287700871745037,6193.0,5342.0,6292.0,3855.285714285714,4289.0,2139.434326660961,3900.3333333333335,4866.5,2507.7010536969196,640.0,1,1,1,0,0,0,0,0,1,5808
218,2,2013-05-29,0.43388373911755823,-0.900968867902419,0.49999999999999994,-0.8660254037844387,0.545240438540651,-0.8382797052177743,5808.0,4172.0,5750.0,3983.5714285714284,4342.0,2187.9631972181237,3848.4,4866.5,2465.0342041412337,640.0,1,1,1,0,0,0,0,0,1,5070
218,2,2013-05-30,-0.433883739117558,-0.9009688679024191,0.49999999999999994,-0.8660254037844387,0.5307300481619334,-0.8475409228928311,5070.0,4342.0,5751.0,3363.285714285714,4289.0,2638.502966600929,3633.4,4529.0,2511.151166160719,640.0,1,1,1,0,0,0,0,0,1,0
218,2,2013-05-31,-0.9749279121818236,-0.2225209339563146,0.49999999999999994,-0.8660254037844387,0.5160623910158528,-0.8565509959010036,0.0,4289.0,5431.0,3712.714285714286,5070.0,2927.655359628572,3857.9,4866.5,2475.9313447949094,640.0,1,1,1,0,0,0,0,0,1,6735
218,2,2013-06-01,-0.7818314824680299,0.6234898018587334,1.2246467991473532e-16,-1.0,0.5012418134457758,-0.865307254363206,6735.0,2183.0,2873.0,3781.5714285714284,5070.0,2891.121054605108,3714.6,4529.0,2413.5819081991403,640.0,0,1,1,0,0,0,0,0,1,2665
218,2,2013-06-02,-2.4492935982947064e-16,1.0,1.2246467991473532e-16,-1.0,0.48627270710869,-0.8738071036110808,2665.0,0.0,0.0,3781.5714285714284,5070.0,2891.121054605108,3503.9,4315.5,2453.7729477908792,640.0,0,1,1,0,0,0,0,0,1,0
218,2,2013-06-03,0.7818314824680298,0.6234898018587336,1.2246467991473532e-16,-1.0,0.4711595076738638,-0.8820480249558537,0.0,6193.0,0.0,4057.714285714286,5070.0,3232.047169328119,3693.6,4529.0,2584.774566305674,640.0,1,1,1,0,0,0,0,0,1,8126
218,2,2013-06-04,0.9749279121818236,-0.22252093395631434,1.2246467991473532e-16,-1.0,0.4559066935084588,-0.8900275764346767,8126.0,5808.0,5342.0,4205.0,5070.0,3346.5647062821504,3921.5666666666666,4866.5,2549.1210342246277,640.0,1,1,1,0,0,0,0,0,1,6839
218,2,2013-06-05,0.43388373911755823,-0.900968867902419,1.2246467991473532e-16,-1.0,0.440518784350495,-0.8977433935342337,6839.0,5070.0,4172.0,4345.571428571428,6054.0,3409.037638256231,3966.1666666666665,5043.5,2575.0727888384226,640.0,1,1,1,0,0,0,0,0,1,6054
218,2,2013-06-06,-0.433883739117558,-0.9009688679024191,1.2246467991473532e-16,-1.0,0.42500033996955416,-0.9051931898913974,6054.0,0.0,4342.0,5216.0,6093.0,2845.909930643157,3997.233333333333,5043.5,2595.525562131523,640.0,1,1,1,0,0,0,0,0,1,6093
218,2,2013-06-07,-0.9749279121818236,-0.2225209339563146,1.2246467991473532e-16,-1.0,0.4093559588156213,-0.9123747579707273,6093.0,6735.0,4289.0,5045.571428571428,6054.0,2774.6114957559294,4014.733333333333,5206.0,2604.39302523353,640.0,1,1,1,0,0,0,0,0,1,5542
218,2,2013-06-08,-0.7818314824680299,0.6234898018587334,1.2246467991473532e-16,-1.0,0.39359027665646673,-0.9192859697186104,5542.0,2665.0,2183.0,4985.428571428572,6054.0,2838.637458191451,4089.5333333333333,5206.0,2515.829810774491,640.0,0,1,1,0,0,0,0,0,1,2244
218,2,2013-06-09,-2.4492935982947064e-16,1.0,1.2246467991473532e-16,-1.0,0.3777079652039649,-0.9259247771938498,2244.0,0.0,0.0,4985.428571428572,6054.0,2838.637458191451,3905.9666666666667,4706.0,2608.056212152477,640.0,0,1,1,0,0,0,0,0,1,0
218,2,2013-06-10,0.7818314824680298,0.6234898018587336,1.2246467991473532e-16,-1.0,0.36171373072976765,-0.9322892131745133,0.0,8126.0,6193.0,4544.714285714285,5542.0,2487.5513873610544,3979.5,5055.5,2607.9181517461197,640.0,0,1,1,0,0,0,0,0,1,5041
218,2,2013-06-11,0.9749279121818236,-0.22252093395631434,1.2246467991473532e-16,-1.0,0.3456123126707335,-0.9383773917408641,5041.0,6839.0,5808.0,4259.714285714285,5041.0,2287.0913634487592,4140.966666666666,5055.5,2500.7907092086634,640.0,0,1,1,0,0,0,0,0,1,4844
218,2,2013-06-12,0.43388373911755823,-0.900968867902419,1.2246467991473532e-16,-1.0,0.3294084822245304,-0.9441875088341993,4844.0,6054.0,5070.0,4029.5714285714284,4844.0,2153.605260730856,4070.733333333333,4942.5,2460.0565725669576,640.0,0,1,1,0,0,0,0,0,1,4443
218,2,2013-06-13,-0.433883739117558,-0.9009688679024191,1.2246467991473532e-16,-1.0,0.3131070409358269,-0.9497178427914316,4443.0,6093.0,0.0,3907.8571428571427,4844.0,2038.5540160099938,4035.7,4942.5,2434.6857780689143,640.0,0,1,1,0,0,0,0,0,1,5241
218,2,2013-06-14,-0.9749279121818236,-0.2225209339563146,1.2246467991473532e-16,-1.0,0.29671281927349075,-0.9549667548552551,5241.0,5542.0,6735.0,3734.8571428571427,4443.0,1924.9822015256332,3988.4,4643.5,2413.928042238096,640.0,0,1,1,0,0,0,0,0,1,4331
218,2,2013-06-15,-0.7818314824680299,0.6234898018587334,1.2246467991473532e-16,-1.0,0.28023067519921585,-0.9599326896597447,4331.0,2244.0,2665.0,3732.5714285714284,4443.0,1927.0558595210161,3870.9666666666667,4392.5,2410.9158437712263,640.0,0,1,1,0,0,0,0,0,1,2228
218,2,2013-06-16,-2.4492935982947064e-16,1.0,1.2246467991473532e-16,-1.0,0.26366549272800704,-0.9646141756912435,2228.0,0.0,0.0,3732.5714285714284,4443.0,1927.0558595210161,3689.9333333333334,4336.5,2492.2668525596955,640.0,0,1,1,0,0,0,0,0,1,0
218,2,2013-06-17,0.7818314824680298,0.6234898018587336,1.2246467991473532e-16,-1.0,0.24702218048093552,-0.9690098257244062,0.0,5041.0,8126.0,3970.5714285714284,4443.0,2199.242207150973,3817.733333333333,4392.5,2546.639123038147,640.0,1,1,1,0,0,0,0,0,1,6707
218,2,2013-06-18,0.9749279121818236,-0.22252093395631434,1.2246467991473532e-16,-1.0,0.23030567023061221,-0.9731183372332619,6707.0,4844.0,6839.0,4048.4285714285716,4443.0,2244.4980030541983,3997.366666666667,4643.5,2456.528956900763,640.0,1,1,1,0,0,0,0,0,1,5389
218,2,2013-06-19,0.43388373911755823,-0.900968867902419,1.2246467991473532e-16,-1.0,0.21352091543979612,-0.9769384927771817,5389.0,4443.0,6054.0,4134.714285714285,5047.0,2273.6156751076546,4165.6,4942.5,2343.554750579878,640.0,1,1,1,0,0,0,0,0,1,5047
218,2,2013-06-20,-0.433883739117558,-0.9009688679024191,1.2246467991473532e-16,-1.0,0.19667288979357647,-0.980469160361632,5047.0,5241.0,6093.0,4185.0,5047.0,2305.825882411766,4173.966666666666,4942.5,2348.3425627352626,640.0,1,1,1,0,0,0,0,0,1,5593
218,2,2013-06-21,-0.9749279121818236,-0.2225209339563146,1.2246467991473532e-16,-1.0,0.1797665857255624,-0.9837092937736097,5593.0,4331.0,5542.0,4316.142857142857,5249.0,2341.3453702641013,4209.866666666667,5044.0,2356.5294430776703,640.0,1,1,1,0,0,0,0,0,1,5249
218,2,2013-06-22,-0.7818314824680299,0.6234898018587334,1.2246467991473532e-16,-1.0,0.16280701293851715,-0.986657932891657,5249.0,2228.0,2244.0,4328.857142857143,5249.0,2328.3216006794414,4142.366666666667,5044.0,2381.4838678109236,640.0,0,1,1,0,0,0,0,0,1,2317
218,2,2013-06-23,-2.4492935982947064e-16,1.0,1.2246467991473532e-16,-1.0,0.1457991969198751,-0.9893142039703663,2317.0,0.0,0.0,4328.857142857143,5249.0,2328.3216006794414,3999.4,5044.0,2498.2546542018845,640.0,0,1,1,0,0,0,0,0,1,0
218,2,2013-06-24,0.7818314824680298,0.6234898018587336,1.2246467991473532e-16,-1.0,0.12874817745258132,-0.99167731989929,0.0,6707.0,5041.0,4028.5714285714284,5047.0,2094.2771113316444,4080.133333333333,5044.0,2476.5724330396542,640.0,0,1,1,0,0,0,0,0,1,4605
218,2,2013-06-25,0.9749279121818236,-0.22252093395631434,1.2246467991473532e-16,-1.0,0.11165900712169512,-0.993746580436178,4605.0,5389.0,4844.0,3871.5714285714284,4605.0,2014.9861750677803,4223.133333333333,5044.0,2353.661897222449,640.0,0,1,1,0,0,0,0,0,1,4290
218,2,2013-06-26,0.43388373911755823,-0.900968867902419,1.2246467991473532e-16,-1.0,0.09453674981719912,-0.9955213724144752,4290.0,5047.0,4443.0,3773.5714285714284,4361.0,1964.3360080141456,4162.066666666667,4942.5,2324.3743234260473,640.0,0,1,1,0,0,0,0,0,1,4361
218,2,2013-06-27,-0.433883739117558,-0.9009688679024191,1.2246467991473532e-16,-1.0,0.07738647923346301,-0.9970011699250151,4361.0,5593.0,5241.0,3680.714285714286,4361.0,1877.4353707727378,4133.233333333334,4893.5,2308.5641407494013,640.0,0,1,1,0,0,0,0,0,1,4943
218,2,2013-06-28,-0.9749279121818236,-0.2225209339563146,1.2246467991473532e-16,-1.0,0.06021327736579302,-0.9981855344718586,4943.0,5249.0,4331.0,3636.5714285714284,4361.0,1837.6262638834594,4128.9,4892.0,2306.8665170716326,640.0,0,1,1,0,0,0,0,0,1,4940
218,2,2013-06-29,-0.7818314824680299,0.6234898018587334,1.2246467991473532e-16,-1.0,0.04302223300453059,-0.99907411510223,4940.0,2317.0,2228.0,3718.5714285714284,4361.0,1780.859423344325,4225.266666666666,4892.0,2185.6376475611823,640.0,0,1,1,0,0,0,0,0,1,2891
218,2,2013-06-30,-2.4492935982947064e-16,1.0,1.2246467991473532e-16,-1.0,0.02581844022713308,-0.9996666485105112,2891.0,0.0,0.0,3718.5714285714284,4361.0,1780.859423344325,4000.766666666667,4724.5,2263.4689227749104,640.0,0,1,1,0,0,0,0,0,1,0
218,2,2013-07-01,0.7818314824680298,0.6234898018587336,-0.4999999999999998,-0.8660254037844388,0.008606996888688698,-0.9999629591162655,0.0,4605.0,6707.0,4167.142857142857,4361.0,2346.8638242394486,4170.1,4892.0,2348.5156919153023,640.0,1,1,1,0,0,0,0,0,1,7745
218,2,2013-07-02,0.9749279121818236,-0.22252093395631434,-0.4999999999999998,-0.8660254037844388,-0.008606996888688009,-0.9999629591162655,7745.0,4290.0,5389.0,4461.428571428572,4940.0,2489.650635272806,4381.766666666666,4941.5,2243.5224718306686,640.0,1,1,1,0,0,0,0,0,1,6350
218,2,2013-07-03,0.43388373911755823,-0.900968867902419,-0.4999999999999998,-0.8660254037844388,-0.02581844022713239,-0.9996666485105112,6350.0,4361.0,5047.0,4580.428571428572,4943.0,2503.9172548324395,4284.033333333334,4941.5,2136.0799171949716,640.0,1,1,1,0,0,0,0,0,1,5194
218,2,2013-07-04,-0.433883739117558,-0.9009688679024191,-0.4999999999999998,-0.8660254037844388,-0.04302223300453034,-0.99907411510223,5194.0,4943.0,5593.0,4744.714285714285,5194.0,2568.5630038529143,4259.166666666667,4941.5,2109.487927458214,640.0,1,1,1,0,0,0,0,0,1,6093
218,2,2013-07-05,-0.9749279121818236,-0.2225209339563146,-0.4999999999999998,-0.8660254037844388,-0.060213277365792774,-0.9981855344718586,6093.0,4940.0,5249.0,4811.0,5404.0,2580.4024233957516,4237.5,4941.5,2093.696397152241,640.0,1,1,1,0,0,0,0,0,1,5404
218,2,2013-07-06,-0.7818314824680299,0.6234898018587334,-0.4999999999999998,-0.8660254037844388,-0.07738647923346322,-0.9970011699250151,5404.0,2891.0,2317.0,4761.285714285715,5404.0,2626.499045896503,4119.166666666667,4892.0,2085.514409102634,640.0,0,1,1,0,0,0,0,0,1,2543
218,2,2013-07-07,-2.4492935982947064e-16,1.0,-0.4999999999999998,-0.8660254037844388,-0.09453674981719933,-0.9955213724144752,2543.0,0.0,0.0,4761.285714285715,5404.0,2626.499045896503,3934.4333333333334,4724.5,2197.5772503519333,640.0,0,1,1,0,0,0,0,0,1,0
218,2,2013-07-08,0.7818314824680298,0.6234898018587336,-0.4999999999999998,-0.8660254037844388,-0.11165900712169444,-0.9937465804361781,0.0,7745.0,4605.0,4390.428571428572,5194.0,2297.6803416447974,4031.266666666667,4892.0,2184.4855297953004,640.0,0,1,1,0,0,0,0,0,1,5149
218,2,2013-07-09,0.9749279121818236,-0.22252093395631434,-0.4999999999999998,-0.8660254037844388,-0.12874817745258066,-0.99167731989929,5149.0,6350.0,4290.0,4206.571428571428,5149.0,2162.2448872366313,4200.033333333334,4941.5,2053.9804163074946,640.0,0,1,1,0,0,0,0,0,1,5063
218,2,2013-07-10,0.43388373911755823,-0.900968867902419,-0.4999999999999998,-0.8660254037844388,-0.14579919691987442,-0.9893142039703664,5063.0,5194.0,4361.0,4067.4285714285716,5063.0,2119.0193374249684,4172.666666666667,4892.0,2047.84947475745,640.0,0,1,1,0,0,0,0,0,1,4220
218,2,2013-07-11,-0.433883739117558,-0.9009688679024191,-0.4999999999999998,-0.8660254037844388,-0.16280701293851646,-0.9866579328916572,4220.0,6093.0,4943.0,3886.714285714286,4828.0,1965.8918005395337,4172.133333333333,4884.0,2047.6706822603342,640.0,0,1,1,0,0,0,0,0,1,4828
218,2,2013-07-12,-0.9749279121818236,-0.2225209339563146,-0.4999999999999998,-0.8660254037844388,-0.17976658572556214,-0.9837092937736098,4828.0,5404.0,4940.0,3769.714285714286,4585.0,1883.1714131827111,4176.866666666667,4884.0,2048.4823605804354,640.0,0,1,1,0,0,0,0,0,1,4585
218,2,2013-07-13,-0.7818314824680299,0.6234898018587334,-0.4999999999999998,-0.8660254037844388,-0.19667288979357622,-0.9804691603616321,4585.0,2543.0,2891.0,3757.8571428571427,4585.0,1892.42115014703,4084.1666666666665,4716.5,2061.5492347083136,640.0,0,1,1,0,0,0,0,0,1,2460
218,2,2013-07-14,-2.4492935982947064e-16,1.0,-0.4999999999999998,-0.8660254037844388,-0.2135209154397959,-0.9769384927771817,2460.0,0.0,0.0,3757.8571428571427,4585.0,1892.42115014703,3939.8,4716.5,2191.2349753600993,640.0,0,1,1,0,0,0,0,0,1,0
218,2,2013-07-15,0.7818314824680298,0.6234898018587336,-0.4999999999999998,-0.8660254037844388,-0.23030567023061196,-0.973118337233262,0.0,5149.0,7745.0,4034.5714285714284,4585.0,2239.524045948369,4101.733333333334,4884.0,2239.346070393878,640.0,1,1,1,0,0,0,0,0,1,7086
218,2,2013-07-16,0.9749279121818236,-0.22252093395631434,-0.4999999999999998,-0.8660254037844388,-0.24702218048093527,-0.9690098257244063,7086.0,5063.0,6350.0,4244.285714285715,4585.0,2413.8295102931165,4319.433333333333,4941.5,2142.1933278821934,640.0,1,1,1,0,0,0,0,0,1,6531
218,2,2013-07-17,0.43388373911755823,-0.900968867902419,-0.4999999999999998,-0.8660254037844388,-0.2636654927280072,-0.9646141756912435,6531.0,4220.0,5194.0,4500.142857142857,4828.0,2504.059599169013,4296.233333333334,4941.5,2119.088543223946,640.0,1,1,1,0,0,0,0,0,1,6011
218,2,2013-07-18,-0.433883739117558,-0.9009688679024191,-0.4999999999999998,-0.8660254037844388,-0.2802306751992161,-0.9599326896597445,6011.0,4828.0,6093.0,4549.285714285715,5172.0,2514.918269996444,4289.0,4941.5,2115.5973314800517,640.0,1,1,1,0,0,0,0,0,1,5172
218,2,2013-07-19,-0.9749279121818236,-0.2225209339563146,-0.4999999999999998,-0.8660254037844388,-0.2967128192734901,-0.9549667548552553,5172.0,4585.0,5404.0,4601.0,5172.0,2519.492806102054,4285.666666666667,4941.5,2114.440307999247,640.0,1,1,1,0,0,0,0,0,1,4947
218,2,2013-07-20,-0.7818314824680299,0.6234898018587334,-0.4999999999999998,-0.8660254037844388,-0.3131070409358267,-0.9497178427914317,4947.0,2460.0,2543.0,4599.142857142857,5172.0,2521.338099010883,4180.8,4884.0,2125.3522288203717,640.0,0,1,1,0,0,0,0,0,1,2447
218,2,2013-07-21,-2.4492935982947064e-16,1.0,-0.4999999999999998,-0.8660254037844388,-0.3294084822245302,-0.9441875088341994,2447.0,0.0,0.0,4599.142857142857,5172.0,2521.338099010883,4005.8333333333335,4716.5,2246.960998745874,640.0,0,1,1,0,0,0,0,0,1,0
218,2,2013-07-22,0.7818314824680298,0.6234898018587336,-0.4999999999999998,-0.8660254037844388,-0.3456123126707333,-0.9383773917408642,0.0,7086.0,5149.0,4334.0,5172.0,2304.4989332463,4102.933333333333,4884.0,2234.36909143982,640.0,0,1,1,0,0,0,0,0,1,5230
218,2,2013-07-23,0.9749279121818236,-0.22252093395631434,-0.4999999999999998,-0.8660254037844388,-0.3617137307297674,-0.9322892131745134,5230.0,6531.0,5063.0,4054.285714285714,4947.0,2103.446514198837,4255.366666666667,4884.0,2096.545393035283,640.0,0,1,1,0,0,0,0,0,1,4573
218,2,2013-07-24,0.43388373911755823,-0.900968867902419,-0.4999999999999998,-0.8660254037844388,-0.37770796520396466,-0.9259247771938499,4573.0,6011.0,4220.0,3840.5714285714284,4573.0,1941.2510448284677,4252.366666666667,4884.0,2096.092184787309,640.0,0,1,1,0,0,0,0,0,1,4515
218,2,2013-07-25,-0.433883739117558,-0.9009688679024191,-0.4999999999999998,-0.8660254037844388,-0.39359027665646645,-0.9192859697186105,4515.0,5172.0,4828.0,3758.5714285714284,4573.0,1887.0021071479891,4262.633333333333,4884.0,2097.0369487369107,640.0,0,1,1,0,0,0,0,0,1,4598
218,2,2013-07-26,-0.9749279121818236,-0.2225209339563146,-0.4999999999999998,-0.8660254037844388,-0.4093559588156211,-0.9123747579707274,4598.0,4947.0,4585.0,3661.285714285714,4515.0,1832.2814298287356,4259.466666666666,4884.0,2096.955012973998,640.0,0,1,1,0,0,0,0,0,1,4266
218,2,2013-07-27,-0.7818314824680299,0.6234898018587334,-0.4999999999999998,-0.8660254037844388,-0.42500033996955394,-0.9051931898913975,4266.0,2447.0,2460.0,3614.1428571428573,4515.0,1872.5340609782795,4165.266666666666,4713.0,2128.4292886496387,640.0,0,1,1,0,0,0,0,0,1,2117
218,2,2013-07-28,-2.4492935982947064e-16,1.0,-0.4999999999999998,-0.8660254037844388,-0.4405187843504952,-0.8977433935342336,2117.0,0.0,0.0,3614.1428571428573,4515.0,1872.5340609782795,4000.6,4591.5,2253.823626180858,640.0,0,1,1,0,0,0,0,0,1,0
218,2,2013-07-29,0.7818314824680298,0.6234898018587336,-0.4999999999999998,-0.8660254037844388,-0.455906693508459,-0.8900275764346766,0.0,5230.0,7086.0,3904.0,4515.0,2277.578099648835,4146.2,4713.0,2319.7940217718196,640.0,1,1,1,0,0,0,0,0,1,7259
218,2,2013-07-30,0.9749279121818236,-0.22252093395631434,-0.4999999999999998,-0.8660254037844388,-0.47115950767386394,-0.8820480249558535,7259.0,4573.0,6531.0,4244.285714285715,4515.0,2555.2120404045872,4378.033333333334,4887.5,2237.2078269395397,640.0,1,1,1,0,0,0,0,0,1,6955
218,2,2013-07-31,0.43388373911755823,-0.900968867902419,-0.4999999999999998,-0.8660254037844388,-0.4862727071086902,-0.8738071036110807,6955.0,4515.0,6011.0,4596.428571428572,4598.0,2760.3582410708254,4352.533333333334,4887.5,2201.583485511771,640.0,1,1,1,0,0,0,0,0,1,6980
218,2,2013-08-01,-0.433883739117558,-0.9009688679024191,-0.8660254037844384,-0.5000000000000004,-0.5012418134457756,-0.8653072543632061,6980.0,4598.0,5172.0,4812.0,6107.0,2818.8056572480014,4344.433333333333,4887.5,2194.416404758054,640.0,1,1,1,0,0,0,0,0,1,6107
218,2,2013-08-02,-0.9749279121818236,-0.2225209339563146,-0.8660254037844384,-0.5000000000000004,-0.5160623910158526,-0.8565509959010037,6107.0,4266.0,4947.0,4973.285714285715,6107.0,2814.6543135457878,4351.133333333333,4887.5,2197.404562022069,640.0,1,1,1,0,0,0,0,0,1,5395
218,2,2013-08-03,-0.7818314824680299,0.6234898018587334,-0.8660254037844384,-0.5000000000000004,-0.5307300481619331,-0.8475409228928312,5395.0,2117.0,2447.0,5031.142857142857,6107.0,2749.5658704949187,4232.1,4713.0,2196.5143130847578,640.0,0,1,1,0,0,0,0,0,1,2522
218,2,2013-08-04,-2.4492935982947064e-16,1.0,-0.8660254037844384,-0.5000000000000004,-0.5452404385406507,-0.8382797052177745,2522.0,0.0,0.0,5031.142857142857,6107.0,2749.5658704949187,4051.9666666666667,4591.5,2315.461218423445,640.0,0,1,1,0,0,0,0,0,1,0
218,2,2013-08-05,0.7818314824680298,0.6234898018587336,-0.8660254037844384,-0.5000000000000004,-0.5595892624101763,-0.828770087174504,0.0,7259.0,5230.0,4753.428571428572,5395.0,2579.98791063982,4144.366666666667,4713.0,2308.467165463478,640.0,0,1,1,0,0,0,0,0,1,5315
218,2,2013-08-06,0.9749279121818236,-0.22252093395631434,-0.8660254037844384,-0.5000000000000004,-0.5737722679043243,-0.8190148866680802,5315.0,6955.0,4573.0,4330.857142857143,5315.0,2394.9017675450655,4277.6,4713.0,2172.357746622398,640.0,0,1,1,0,0,0,0,0,1,3997
218,2,2013-08-07,0.43388373911755823,-0.900968867902419,-0.8660254037844384,-0.5000000000000004,-0.5877852522924734,-0.8090169943749472,3997.0,6980.0,4515.0,3980.714285714286,4529.0,2104.6151440968742,4256.933333333333,4591.5,2166.723713484188,640.0,0,1,1,0,0,0,0,0,1,4529
218,2,2013-08-08,-0.433883739117558,-0.9009688679024191,-0.8660254037844384,-0.5000000000000004,-0.6016240632249227,-0.7987793728863648,4529.0,6107.0,4598.0,3786.0,4529.0,1930.9992232002585,4246.3,4591.5,2163.411707752682,640.0,0,1,1,0,0,0,0,0,1,4744
218,2,2013-08-09,-0.9749279121818236,-0.2225209339563146,-0.8660254037844384,-0.5000000000000004,-0.6152845999633277,-0.7883050558305253,4744.0,5395.0,4266.0,3684.4285714285716,4529.0,1849.2274834952802,4261.766666666666,4641.0,2164.875319868262,640.0,0,1,1,0,0,0,0,0,1,4684
218,2,2013-08-10,-0.7818314824680299,0.6234898018587334,-0.8660254037844384,-0.5000000000000004,-0.6287628145958345,-0.7775971469736268,4684.0,2522.0,2117.0,3645.0,4529.0,1880.8157804527273,4175.7,4591.5,2192.7336135518144,640.0,0,1,1,0,0,0,0,0,1,2246
218,2,2013-08-11,-2.4492935982947064e-16,1.0,-0.8660254037844384,-0.5000000000000004,-0.6420547132365636,-0.7666588193001592,2246.0,0.0,0.0,3645.0,4529.0,1880.815780452727,4022.866666666667,4585.5,2319.352937906327,640.0,0,1,1,0,0,0,0,0,1,0
218,2,2013-08-12,0.7818314824680298,0.6234898018587336,-0.8660254037844384,-0.5000000000000004,-0.655156357209085,-0.7554933140726804,0.0,5315.0,7259.0,3906.8571428571427,4529.0,2244.509332316786,4179.133333333333,4641.0,2367.84400309406,640.0,1,1,1,0,0,0,0,0,1,7148
218,2,2013-08-13,0.9749279121818236,-0.22252093395631434,-0.8660254037844384,-0.5000000000000004,-0.6680638642135333,-0.7441039398713608,7148.0,3997.0,6955.0,4224.714285714285,4684.0,2410.7903762242045,4386.533333333334,4714.0,2259.169648089885,640.0,1,1,1,0,0,0,0,0,1,6222
218,2,2013-08-14,0.43388373911755823,-0.900968867902419,-0.8660254037844384,-0.5000000000000004,-0.6807734094770159,-0.7324940716135792,6222.0,4529.0,6980.0,4476.285714285715,4744.0,2536.4430287501514,4360.0,4714.0,2230.8690281344743,640.0,1,1,1,0,0,0,0,0,1,6290
218,2,2013-08-15,-0.433883739117558,-0.9009688679024191,-0.8660254037844384,-0.5000000000000004,-0.6932812268869771,-0.7206671495538615,6290.0,4744.0,6107.0,3798.5714285714284,4684.0,3037.3136627148483,4142.3,4641.0,2328.245471564815,640.0,1,1,1,0,0,0,0,0,1,0
218,2,2013-08-16,-0.9749279121818236,-0.2225209339563146,-0.8660254037844384,-0.5000000000000004,-0.7055836101071774,-0.7086266782644601,0.0,4684.0,5395.0,3897.8571428571427,5379.0,3082.110014723216,4121.233333333334,4641.0,2313.5668489083723,640.0,1,1,1,0,0,0,0,0,1,5379
218,2,2013-08-17,-0.7818314824680299,0.6234898018587334,-0.8660254037844384,-0.5000000000000004,-0.7176769136759615,-0.6963762255968726,5379.0,2246.0,2522.0,3903.1428571428573,5379.0,3078.8349760134615,4024.9333333333334,4585.5,2328.3998935680734,640.0,0,1,1,0,0,0,0,0,1,2283
218,2,2013-08-18,-2.4492935982947064e-16,1.0,-0.8660254037844384,-0.5000000000000004,-0.7295575540864876,-0.6839194216246105,2283.0,0.0,0.0,3903.1428571428573,5379.0,3078.8349760134615,3860.0333333333333,4551.0,2433.6439045232128,640.0,0,1,1,0,0,0,0,0,1,0
218,2,2013-08-19,0.7818314824680298,0.6234898018587336,-0.8660254037844384,-0.5000000000000004,-0.7412220108485957,-0.6712599575675315,0.0,7148.0,5315.0,3540.285714285714,4608.0,2766.5085525674003,3932.0666666666666,4585.5,2422.3327590160475,640.0,0,1,1,0,0,0,0,0,1,4608
218,2,2013-08-20,0.9749279121818236,-0.22252093395631434,-0.8660254037844384,-0.5000000000000004,-0.7526668275320083,-0.6584015846980489,4608.0,6222.0,3997.0,3309.285714285714,4605.0,2565.473167162068,4085.5666666666666,4601.5,2307.7680467220407,640.0,0,1,1,0,0,0,0,0,1,4605
218,2,2013-08-21,0.43388373911755823,-0.900968867902419,-0.8660254037844384,-0.5000000000000004,-0.7638886127905429,-0.64534811322955,4605.0,6290.0,4529.0,3026.8571428571427,4313.0,2275.0215697564586,4055.0,4585.5,2298.1399975362383,640.0,0,1,1,0,0,0,0,0,1,4313
218,2,2013-08-22,-0.433883739117558,-0.9009688679024191,-0.8660254037844384,-0.5000000000000004,-0.7748840413670406,-0.6321034111873488,4313.0,0.0,4744.0,3619.8571428571427,4313.0,1857.1765692910865,4040.9333333333334,4563.5,2296.1506909178015,640.0,0,1,1,0,0,0,0,0,1,4151
218,2,2013-08-23,-0.9749279121818236,-0.2225209339563146,-0.8660254037844384,-0.5000000000000004,-0.7856498550787144,-0.6186714032625032,4151.0,5379.0,4684.0,3433.714285714286,4151.0,1711.0214994057121,4026.3,4563.5,2294.423511848703,640.0,0,1,1,0,0,0,0,0,1,4076
218,2,2013-08-24,-0.7818314824680299,0.6234898018587334,-0.8660254037844384,-0.5000000000000004,-0.7961828637826154,-0.6050560696488494,4076.0,2283.0,2246.0,3438.714285714286,4151.0,1707.145152419258,3950.3,4421.0,2312.5233739732043,640.0,0,1,1,0,0,0,0,0,1,2318
218,2,2013-08-25,-2.4492935982947064e-16,1.0,-0.8660254037844384,-0.5000000000000004,-0.8064799463209447,-0.5912614448635782,2318.0,0.0,0.0,3438.714285714286,4151.0,1707.145152419258,3808.1,4421.0,2421.055232317312,640.0,0,1,1,0,0,0,0,0,1,0
218,2,2013-08-26,0.7818314824680298,0.6234898018587336,-0.8660254037844384,-0.5000000000000004,-0.8165380514459157,-0.5772916165517278,0.0,4608.0,7148.0,3626.714285714286,4151.0,1916.945288237314,3935.0,4567.0,2429.118259212873,640.0,1,1,1,0,0,0,0,0,1,5924
218,2,2013-08-27,0.9749279121818236,-0.22252093395631434,-0.8660254037844384,-0.5000000000000004,-0.8263541987239095,-0.5631507242749187,5924.0,4605.0,6222.0,3764.5714285714284,4151.0,2030.367771048951,4120.666666666667,4606.5,2328.7756637241855,640.0,1,1,1,0,0,0,0,0,1,5570
218,2,2013-08-28,0.43388373911755823,-0.900968867902419,-0.8660254037844384,-0.5000000000000004,-0.8359254794186365,-0.5488429582847199,5570.0,4313.0,6290.0,3899.285714285714,4151.0,2102.811983534248,4053.9,4606.5,2263.4943895941374,640.0,1,1,1,0,0,0,0,0,1,5256
218,2,2013-08-29,-0.433883739117558,-0.9009688679024191,-0.8660254037844384,-0.5000000000000004,-0.8452490573530634,-0.5343725582809785,5256.0,4151.0,0.0,4056.714285714286,5253.0,2165.125301553832,3997.1666666666665,4606.5,2208.9449671316147,640.0,1,1,1,0,0,0,0,0,1,5253
218,2,2013-08-30,-0.9749279121818236,-0.2225209339563146,-0.8660254037844384,-0.5000000000000004,-0.8543221697498269,-0.5197438121555157,5253.0,4076.0,5379.0,4361.285714285715,5256.0,2313.1838602732323,3971.4333333333334,4606.5,2177.2675169188287,640.0,1,1,1,0,0,0,0,0,1,6208
218,2,2013-08-31,-0.7818314824680299,0.6234898018587334,-0.8660254037844384,-0.5000000000000004,-0.8631421280499115,-0.5049610547215202,6208.0,2318.0,2283.0,4436.142857142857,5256.0,2243.468477497246,3862.6,4567.0,2148.246720563956,640.0,0,1,1,0,0,0,0,0,1,2842
218,2,2013-09-01,-2.4492935982947064e-16,1.0,-1.0,-1.8369701987210297e-16,-0.8717063187093218,-0.4900286664290594,2842.0,0.0,0.0,4436.142857142857,5256.0,2243.468477497246,3682.766666666667,4421.0,2239.4209794026006,640.0,0,1,1,0,0,0,0,0,1,0
218,2,2013-09-02,0.7818314824680298,0.6234898018587336,-1.0,-1.8369701987210297e-16,-0.8800122039735356,-0.4749510720670502,0.0,5924.0,4608.0,4214.857142857143,5253.0,2146.553549962624,3744.5333333333333,4452.0,2231.842732275102,640.0,0,1,1,0,0,0,0,0,1,4375
218,2,2013-09-03,0.9749279121818236,-0.22252093395631434,-1.0,-1.8369701987210297e-16,-0.888057322629493,-0.4597327394521046,4375.0,5570.0,4605.0,4027.1428571428573,4375.0,2064.16960128211,3886.4,4452.0,2117.975783782632,640.0,0,1,1,0,0,0,0,0,1,4256
218,2,2013-09-04,0.43388373911755823,-0.900968867902419,-1.0,-1.8369701987210297e-16,-0.8958392907349089,-0.44437817810461344,4256.0,5256.0,4313.0,3873.285714285714,4256.0,1996.3317788956253,3848.5333333333333,4344.0,2101.64567264164,640.0,0,1,1,0,0,0,0,0,1,4179
218,2,2013-09-05,-0.433883739117558,-0.9009688679024191,-1.0,-1.8369701987210297e-16,-0.9033558023246842,-0.4288919379124841,4179.0,5253.0,4151.0,3797.5714285714284,4256.0,1944.6643975369168,3872.733333333333,4452.0,2107.585657985726,640.0,0,1,1,0,0,0,0,0,1,4723
218,2,2013-09-06,-0.9749279121818236,-0.2225209339563146,-1.0,-1.8369701987210297e-16,-0.9106046300942162,-0.41327860778290443,4723.0,6208.0,4076.0,3451.8571428571427,4179.0,1635.2173584951358,3848.0333333333333,4344.0,2103.9682782998307,640.0,0,1,1,0,0,0,0,0,1,3788
218,2,2013-09-07,-0.7818314824680299,0.6234898018587334,-1.0,-1.8369701987210297e-16,-0.9175836260593934,-0.3975428142825566,3788.0,2842.0,2318.0,3417.1428571428573,4179.0,1652.8066461397743,3776.5333333333333,4284.5,2108.9117431106224,640.0,0,1,1,0,0,0,0,0,1,2599
218,2,2013-09-08,-2.4492935982947064e-16,1.0,-1.0,-1.8369701987210297e-16,-0.9242907221930934,-0.3816892202666586,2599.0,0.0,0.0,3417.1428571428573,4179.0,1652.8066461397746,3620.4,4217.5,2210.3606602262585,640.0,0,1,1,0,0,0,0,0,1,0
218,2,2013-09-09,0.7818314824680298,0.6234898018587336,-1.0,-1.8369701987210297e-16,-0.9307239310379793,-0.3657225234972692,0.0,4375.0,5924.0,3794.5714285714284,4179.0,2138.3378948101144,3779.4333333333334,4284.5,2278.6437388292507,640.0,1,1,1,0,0,0,0,0,1,7017
218,2,2013-09-10,0.9749279121818236,-0.22252093395631434,-1.0,-1.8369701987210297e-16,-0.9368813462954315,-0.34964745525122826,7017.0,4256.0,5570.0,4149.285714285715,4179.0,2415.6062533924214,4004.0666666666666,4344.0,2224.7465246293955,640.0,1,1,1,0,0,0,0,0,1,6739
218,2,2013-09-11,0.43388373911755823,-0.900968867902419,-1.0,-1.8369701987210297e-16,-0.9427611433904206,-0.33346877891818705,6739.0,4179.0,5256.0,4388.142857142857,4723.0,2500.216685847544,3960.8333333333335,4344.0,2173.557295332229,640.0,1,1,1,0,0,0,0,0,1,5851
218,2,2013-09-12,-0.433883739117558,-0.9009688679024191,-1.0,-1.8369701987210297e-16,-0.9483615800121716,-0.31719128858910595,5851.0,4723.0,5253.0,4655.571428571428,5851.0,2638.306392185642,3973.266666666667,4344.0,2187.9569265969744,640.0,1,1,1,0,0,0,0,0,1,6595
218,2,2013-09-13,-0.9749279121818236,-0.2225209339563146,-1.0,-1.8369701987210297e-16,-0.9536809966304455,-0.300819807635668,6595.0,3788.0,6208.0,4986.714285714285,6106.0,2656.672023057276,3967.133333333333,4344.0,2181.4869925925695,640.0,1,1,1,0,0,0,0,0,1,6106
218,2,2013-09-14,-0.7818314824680299,0.6234898018587334,-1.0,-1.8369701987210297e-16,-0.9587178169872964,-0.2843591872810036,6106.0,2599.0,2842.0,5010.428571428572,6106.0,2632.436631535054,4059.3,4344.0,2063.306822755061,640.0,0,1,1,0,0,0,0,0,1,2765
218,2,2013-09-15,-2.4492935982947064e-16,1.0,-1.0,-1.8369701987210297e-16,-0.9634705485641486,-0.26781430516217486,2765.0,0.0,0.0,5010.428571428572,6106.0,2632.436631535054,3880.0,4284.5,2175.3451569174345,640.0,0,1,1,0,0,0,0,0,1,0
218,2,2013-09-16,0.7818314824680298,0.6234898018587336,-1.0,-1.8369701987210297e-16,-0.9679377830240642,-0.25119006388481957,0.0,7017.0,4375.0,4683.714285714285,5851.0,2479.363205494892,3961.5666666666666,4344.0,2159.2157529566357,640.0,0,1,1,0,0,0,0,0,1,4730
218,2,2013-09-17,0.9749279121818236,-0.22252093395631434,-1.0,-1.8369701987210297e-16,-0.9721181966290612,-0.23449138957041052,4730.0,6739.0,4256.0,4366.0,4730.0,2308.7197029233903,4112.066666666667,4445.0,2026.8621737218264,640.0,0,1,1,0,0,0,0,0,1,4515
218,2,2013-09-18,0.43388373911755823,-0.900968867902419,-1.0,-1.8369701987210297e-16,-0.9760105506323682,-0.21772323039653224,4515.0,5851.0,4179.0,4050.285714285714,4515.0,2221.2530783535763,4079.8333333333335,4344.0,2026.392430307909,640.0,0,1,1,0,0,0,0,0,1,3641
218,2,2013-09-19,-0.433883739117558,-0.9009688679024191,-1.0,-1.8369701987210297e-16,-0.9796136916454901,-0.20089055513063528,3641.0,6595.0,4723.0,3802.8571428571427,4515.0,1973.1606986905913,4088.4333333333334,4344.0,2029.243560156538,640.0,0,1,1,0,0,0,0,0,1,4863
218,2,2013-09-20,-0.9749279121818236,-0.2225209339563146,-1.0,-1.8369701987210297e-16,-0.9829265519799822,-0.18399835165767986,4863.0,6106.0,3788.0,3575.8571428571427,4515.0,1741.8863748411209,4095.233333333333,4445.0,2030.3635258560068,640.0,0,1,1,0,0,0,0,0,1,4517
218,2,2013-09-21,-0.7818314824680299,0.6234898018587334,-1.0,-1.8369701987210297e-16,-0.9859481499638303,-0.1670516255021195,4517.0,2765.0,2599.0,3564.5714285714284,4515.0,1748.259787821674,4046.4,4445.0,2046.5293851146946,640.0,0,1,1,0,0,0,0,0,1,2686
218,2,2013-09-22,-2.4492935982947064e-16,1.0,-1.0,-1.8369701987210297e-16,-0.9886775902323404,-0.15005539834465262,2686.0,0.0,0.0,3564.5714285714284,4515.0,1748.259787821674,3910.5333333333333,4445.0,2175.7192823069568,640.0,0,1,1,0,0,0,0,0,1,0
218,2,2013-09-23,0.7818314824680298,0.6234898018587336,-1.0,-1.8369701987210297e-16,-0.9911140639934546,-0.13301470653419636,0.0,4730.0,7017.0,3804.1428571428573,4515.0,2027.226712249309,4046.8333333333335,4516.0,2200.4523842615404,640.0,1,1,1,0,0,0,0,0,1,6407
218,2,2013-09-24,0.9749279121818236,-0.22252093395631434,-1.0,-1.8369701987210297e-16,-0.9932568492674143,-0.11593459959550066,6407.0,4515.0,6739.0,4059.1428571428573,4517.0,2233.3345344701816,4256.833333333333,4620.0,2099.2168504129036,640.0,1,1,1,0,0,0,0,0,1,6300
218,2,2013-09-25,0.43388373911755823,-0.900968867902419,-1.0,-1.8369701987210297e-16,-0.9951053111006974,-0.09882013873287211,6300.0,3641.0,5851.0,4321.428571428572,4863.0,2283.295050078786,4241.933333333333,4620.0,2088.5346444144852,640.0,1,1,1,0,0,0,0,0,1,5477
218,2,2013-09-26,-0.433883739117558,-0.9009688679024191,-1.0,-1.8369701987210297e-16,-0.99665890175417,-0.08167639533042288,5477.0,4863.0,6595.0,4359.285714285715,5128.0,2295.932759924654,4227.2,4620.0,2080.3860119267983,640.0,1,1,1,0,0,0,0,0,1,5128
218,2,2013-09-27,-0.9749279121818236,-0.2225209339563146,-1.0,-1.8369701987210297e-16,-0.9979171608653922,-0.06450844944931625,5128.0,4517.0,6106.0,4459.428571428572,5218.0,2319.129136633179,4225.933333333333,4620.0,2079.7494864614778,640.0,1,1,1,0,0,0,0,0,1,5218
218,2,2013-09-28,-0.7818314824680299,0.6234898018587334,-1.0,-1.8369701987210297e-16,-0.9988797155850335,-0.04732138832243232,5218.0,2686.0,2765.0,4463.571428571428,5218.0,2315.4561002923274,4141.333333333333,4516.0,2088.1332916454735,640.0,0,1,1,0,0,0,0,0,1,2715
218,2,2013-09-29,-2.4492935982947064e-16,1.0,-1.0,-1.8369701987210297e-16,-0.9995462806873573,-0.03012030484690836,2715.0,0.0,0.0,4463.571428571428,5218.0,2315.4561002923274,3934.4,4445.0,2181.770928903146,640.0,0,1,1,0,0,0,0,0,1,0
218,2,2013-09-30,0.7818314824680298,0.6234898018587336,-1.0,-1.8369701987210297e-16,-0.9999166586547379,-0.012910296075008843,0.0,6407.0,4730.0,4327.857142857143,5218.0,2207.9054500114985,4021.5666666666666,4516.0,2188.848219928704,640.0,0,1,1,0,0,0,0,0,1,5457
218,2,2013-10-01,0.9749279121818236,-0.22252093395631434,-0.8660254037844386,0.5000000000000001,-0.9999907397361901,0.004303538296243821,5457.0,6300.0,4515.0,4140.0,5128.0,2063.3522885505195,4187.733333333334,4620.0,2058.35139812446,640.0,0,1,1,0,0,0,0,0,1,4985
218,2,2013-10-02,0.43388373911755823,-0.900968867902419,-0.8660254037844386,0.5000000000000001,-0.9997685019798909,0.021516097436222233,4985.0,5477.0,3641.0,4049.0,4985.0,2007.8595568415635,4203.233333333334,4726.5,2061.558494546488,640.0,0,1,1,0,0,0,0,0,1,4840
218,2,2013-10-03,-0.433883739117558,-0.9009688679024191,-0.8660254037844386,0.5000000000000001,-0.9992500112396835,0.03872228089217399,4840.0,5128.0,4863.0,3316.4285714285716,4840.0,2437.981874224584,4061.366666666667,4726.5,2199.61815625652,640.0,0,1,1,0,0,0,0,0,1,0
218,2,2013-10-04,-0.9749279121818236,-0.2225209339563146,-0.8660254037844386,0.5000000000000001,-0.9984354211555643,0.05591699010060302,0.0,5218.0,4517.0,3276.5714285714284,4840.0,2403.7532358891617,4086.7,4785.0,2205.388622411494,640.0,0,1,1,0,0,0,0,0,1,4939
218,2,2013-10-05,-0.7818314824680299,0.6234898018587334,-0.8660254037844386,0.5000000000000001,-0.9973249731081555,0.07309512989807776,4939.0,2715.0,2686.0,3178.0,4840.0,2444.4233130399753,3996.766666666667,4785.0,2233.379373603325,640.0,0,1,1,0,0,0,0,0,1,2025
218,2,2013-10-06,-2.4492935982947064e-16,1.0,-0.8660254037844386,0.5000000000000001,-0.9959189961471792,0.0902516100310407,2025.0,0.0,0.0,3178.0,4840.0,2444.4233130399753,3870.5,4785.0,2349.6425370094353,640.0,0,1,1,0,0,0,0,0,1,0
218,2,2013-10-07,0.7818314824680298,0.6234898018587336,-0.8660254037844386,0.5000000000000001,-0.994217906893952,0.10738134666416306,0.0,5457.0,6407.0,3503.8571428571427,4840.0,2907.109413637048,4041.8,4851.5,2439.3633623946025,640.0,1,1,1,0,0,0,0,0,1,7738
218,2,2013-10-08,0.9749279121818236,-0.22252093395631434,-0.8660254037844386,0.5000000000000001,-0.9922222094179324,0.12447926388678869,7738.0,4985.0,6300.0,3729.285714285714,4840.0,3096.1415619167947,4260.566666666667,4901.0,2357.298653899874,640.0,1,1,1,0,0,0,0,0,1,6563
218,2,2013-10-09,0.43388373911755823,-0.900968867902419,-0.8660254037844386,0.5000000000000001,-0.989932495087353,0.141540295217043,6563.0,4840.0,5477.0,3815.1428571428573,4939.0,3140.096465002916,4208.033333333334,4901.0,2310.8556182734014,640.0,1,1,1,0,0,0,0,0,1,5441
218,2,2013-10-10,-0.433883739117558,-0.9009688679024191,-0.8660254037844386,0.5000000000000001,-0.9873494423939864,0.15855938510313475,5441.0,0.0,5128.0,4635.857142857143,5441.0,2696.147401297602,4174.9,4901.0,2280.2381658729087,640.0,1,1,1,0,0,0,0,0,1,5745
218,2,2013-10-11,-0.9749279121818236,-0.2225209339563146,-0.8660254037844386,0.5000000000000001,-0.9844738167520923,0.17553149042142777,5745.0,4939.0,5218.0,4665.0,5441.0,2701.0682454663506,4151.3,4901.0,2265.911511039667,640.0,1,1,1,0,0,0,0,0,1,5143
218,2,2013-10-12,-0.7818314824680299,0.6234898018587334,-0.8660254037844386,0.5000000000000001,-0.9813064702716093,0.19245158197082995,5143.0,2025.0,2715.0,4761.285714285715,5441.0,2601.4507948633664,4021.4333333333334,4851.5,2232.424376961193,640.0,0,1,1,0,0,0,0,0,1,2699
218,2,2013-10-13,-2.4492935982947064e-16,1.0,-0.8660254037844386,0.5000000000000001,-0.9778483415056568,0.20931464596304888,2699.0,0.0,0.0,4761.285714285715,5441.0,2601.4507948633664,3817.9,4785.0,2312.7202426341264,640.0,0,1,1,0,0,0,0,0,1,0
218,2,2013-10-14,0.7818314824680298,0.6234898018587336,-0.8660254037844386,0.5000000000000001,-0.9741004551724206,0.22611568550828803,0.0,7738.0,5457.0,4356.714285714285,5143.0,2259.0427703111864,3889.266666666667,4851.5,2312.1429071293373,640.0,0,1,1,0,0,0,0,0,1,4906
218,2,2013-10-15,0.9749279121818236,-0.22252093395631434,-0.8660254037844386,0.5000000000000001,-0.970063921851507,0.2428497220959358,4906.0,6563.0,4985.0,4062.1428571428573,4906.0,2047.9811545821922,4039.3,4851.5,2194.088156371806,640.0,0,1,1,0,0,0,0,0,1,4501
218,2,2013-10-16,0.43388373911755823,-0.900968867902419,-0.8660254037844386,0.5000000000000001,-0.965739937654855,0.25951179706979943,4501.0,5441.0,4840.0,3932.8571428571427,4536.0,1973.6451410669401,4032.8333333333335,4851.5,2192.2673836941494,640.0,0,1,1,0,0,0,0,0,1,4536
218,2,2013-10-17,-0.433883739117558,-0.9009688679024191,-0.8660254037844386,0.5000000000000001,-0.9611297838723007,0.27609697309746883,4536.0,5745.0,0.0,3849.4285714285716,4536.0,1895.0550438041682,4054.366666666667,4884.5,2200.3245604374742,640.0,0,1,1,0,0,0,0,0,1,5161
218,2,2013-10-18,-0.9749279121818236,-0.2225209339563146,-0.8660254037844386,0.5000000000000001,-0.9562348265919058,0.2926003356333479,5161.0,5143.0,4939.0,3722.8571428571427,4501.0,1822.4547025528898,4074.9,4884.5,2199.2079820416848,640.0,0,1,1,0,0,0,0,0,1,4257
218,2,2013-10-19,-0.7818314824680299,0.6234898018587334,-0.8660254037844386,0.5000000000000001,-0.9510565162951536,0.30901699437494723,4257.0,2699.0,2025.0,3669.714285714286,4501.0,1862.275106268827,3990.366666666667,4873.0,2216.5415198446876,640.0,0,1,1,0,0,0,0,0,1,2327
218,2,2013-10-20,-2.4492935982947064e-16,1.0,-0.8660254037844386,0.5000000000000001,-0.9455963874271428,0.3253420847119795,2327.0,0.0,0.0,3669.714285714286,4501.0,1862.275106268827,3839.8,4873.0,2330.0451882550133,640.0,0,1,1,0,0,0,0,0,1,0
218,2,2013-10-21,0.7818314824680298,0.6234898018587336,-0.8660254037844386,0.5000000000000001,-0.9398560579418953,0.341570769167856,0.0,4906.0,7738.0,3980.5714285714284,4501.0,2245.264561779068,3986.3333333333335,4922.5,2392.3776419305523,640.0,1,1,1,0,0,0,0,0,1,7082
218,2,2013-10-22,0.9749279121818236,-0.22252093395631434,-0.8660254037844386,0.5000000000000001,-0.9338372288229252,0.35769823883312546,7082.0,4501.0,6563.0,4194.428571428572,4536.0,2370.8755666168886,4186.266666666666,4962.0,2296.454552705904,640.0,1,1,1,0,0,0,0,0,1,5998
218,2,2013-10-23,0.43388373911755823,-0.900968867902419,-0.8660254037844386,0.5000000000000001,-0.9275416835791965,0.3737197147904692,5998.0,4536.0,5441.0,4259.142857142857,4989.0,2387.8743286705458,4139.0,4962.0,2263.5271682441335,640.0,1,1,1,0,0,0,0,0,1,4989
218,2,2013-10-24,-0.433883739117558,-0.9009688679024191,-0.8660254037844386,0.5000000000000001,-0.9209712877166346,0.38963044953078774,4989.0,5161.0,5745.0,4316.0,4989.0,2417.4820233733553,4114.3,4962.0,2243.083455793647,640.0,1,1,1,0,0,0,0,0,1,5559
218,2,2013-10-25,-0.9749279121818236,-0.2225209339563146,-0.8660254037844386,0.5000000000000001,-0.9141279881853337,0.4054257283599973,5559.0,4257.0,5143.0,4411.285714285715,4989.0,2427.891521072397,4095.866666666667,4931.5,2233.7516568248616,640.0,1,1,1,0,0,0,0,0,1,4924
218,2,2013-10-26,-0.7818314824680299,0.6234898018587334,-0.8660254037844386,0.5000000000000001,-0.9070138128026362,0.42110087079608916,4924.0,2327.0,2699.0,4433.857142857143,4989.0,2405.9200200457917,4007.766666666667,4915.0,2243.738347326703,640.0,0,1,1,0,0,0,0,0,1,2485
218,2,2013-10-27,-2.4492935982947064e-16,1.0,-0.8660254037844386,0.5000000000000001,-0.8996308696522434,0.4366512319560638,2485.0,0.0,0.0,4433.857142857143,4989.0,2405.9200200457917,3833.8333333333335,4873.0,2346.5781114919937,640.0,0,1,1,0,0,0,0,0,1,0
218,2,2013-10-28,0.7818314824680298,0.6234898018587336,-0.8660254037844386,0.5000000000000001,-0.8919813464595487,0.45207220393230374,0.0,7082.0,4906.0,4087.285714285714,4924.0,2118.435406480115,3898.5333333333333,4873.0,2341.4188408966356,640.0,0,1,1,0,0,0,0,0,1,4656
218,2,2013-10-29,0.9749279121818236,-0.22252093395631434,-0.8660254037844386,0.5000000000000001,-0.8840675099433637,0.46735921715800205,4656.0,5998.0,4501.0,3940.5714285714284,4924.0,1996.0819002187638,4064.233333333333,4915.0,2229.2178260753144,640.0,0,1,1,0,0,0,0,0,1,4971
218,2,2013-10-30,0.43388373911755823,-0.900968867902419,-0.8660254037844386,0.5000000000000001,-0.8758917051442433,0.48250774176121763,4971.0,4989.0,4536.0,3933.0,4924.0,1991.537596933585,4046.866666666667,4915.0,2220.003739253348,640.0,0,1,1,0,0,0,0,0,1,4936
218,2,2013-10-31,-0.433883739117558,-0.9009688679024191,-0.8660254037844386,0.5000000000000001,-0.867456354729597,0.4975132889071803,4936.0,5559.0,5161.0,3874.1428571428573,4924.0,1940.9191489748207,4052.266666666667,4915.0,2222.559924072229,640.0,0,1,1,0,0,0,0,0,1,5147
218,2,2013-11-01,-0.9749279121818236,-0.2225209339563146,-0.5000000000000004,0.8660254037844384,-0.858763958275803,0.5123714121284235,5147.0,4924.0,4257.0,3170.714285714286,4656.0,2346.8455221343183,3890.9333333333334,4915.0,2336.1690853622513,640.0,0,1,1,0,0,0,0,0,1,0
218,2,2013-11-02,-0.7818314824680299,0.6234898018587334,-0.5000000000000004,0.8660254037844384,-0.8498170915275277,0.5270777086423724,0.0,2485.0,2327.0,3290.8571428571427,4656.0,2327.33656272368,4001.8,4915.0,2221.2449041332497,640.0,0,1,1,0,0,0,0,0,1,3326
218,2,2013-11-03,-2.4492935982947064e-16,1.0,-0.5000000000000004,0.8660254037844384,-0.8406184056344783,0.5416278206559811,3326.0,0.0,0.0,3290.8571428571427,4656.0,2327.33656272368,3837.1666666666665,4781.0,2329.768925693369,640.0,0,1,1,0,0,0,0,0,1,0
218,2,2013-11-04,0.7818314824680298,0.6234898018587336,-0.5000000000000004,0.8660254037844384,-0.8311706263658079,0.5560174366570446,0.0,4656.0,7082.0,3668.5714285714284,4936.0,2760.130060772671,4013.0,4915.0,2386.648349637538,640.0,1,1,1,0,0,0,0,0,1,7300
218,2,2013-11-05,0.9749279121818236,-0.22252093395631434,-0.5000000000000004,0.8660254037844384,-0.8214765533024145,0.5702422926917867,7300.0,4971.0,5998.0,3959.285714285714,4936.0,3015.5268591234994,4246.533333333334,4930.0,2322.338042062179,640.0,1,1,1,0,0,0,0,0,1,7006
218,2,2013-11-06,0.43388373911755823,-0.900968867902419,-0.5000000000000004,0.8660254037844384,-0.8115390590073611,0.5842981736283683,7006.0,4936.0,4989.0,4075.1428571428573,5147.0,3074.313063031124,4180.166666666667,4930.0,2246.324892571977,640.0,1,1,1,0,0,0,0,0,1,5747
218,2,2013-11-07,-0.433883739117558,-0.9009688679024191,-0.5000000000000004,0.8660254037844384,-0.8013610881746769,0.5981809144059159,5747.0,5147.0,5559.0,4187.428571428572,5747.0,3133.7651399524107,4159.166666666667,4930.0,2226.134659670997,640.0,1,1,1,0,0,0,0,0,1,5933
218,2,2013-11-08,-0.9749279121818236,-0.2225209339563146,-0.5000000000000004,0.8660254037844384,-0.7909456567567774,0.6118864012687242,5933.0,0.0,4924.0,4908.714285714285,5747.0,2532.748159232426,4146.1,4930.0,2219.4918236327007,640.0,1,1,1,0,0,0,0,0,1,5049
218,2,2013-11-09,-0.7818314824680299,0.6234898018587334,-0.5000000000000004,0.8660254037844384,-0.780295851070776,0.6254105729852457,5049.0,3326.0,2485.0,4771.714285714285,5747.0,2655.586044189727,4033.5,4915.0,2221.2649976207636,640.0,0,1,1,0,0,0,0,0,1,2367
218,2,2013-11-10,-2.4492935982947064e-16,1.0,-0.5000000000000004,0.8660254037844384,-0.7694148268839381,0.6387494220515268,2367.0,0.0,0.0,4771.714285714285,5747.0,2655.586044189727,3862.0666666666666,4781.0,2328.555700552321,640.0,0,1,1,0,0,0,0,0,1,0
218,2,2013-11-11,0.7818314824680298,0.6234898018587336,-0.5000000000000004,0.8660254037844384,-0.7583058084785625,0.6518989958787125,0.0,7300.0,4656.0,4410.285714285715,5049.0,2415.4427968308228,3931.1,4838.0,2323.5794970928673,640.0,0,1,1,0,0,0,0,0,1,4770
218,2,2013-11-12,0.9749279121818236,-0.22252093395631434,-0.5000000000000004,0.8660254037844384,-0.7469720876965551,0.6648553979642867,4770.0,7006.0,4971.0,4107.428571428572,4886.0,2154.557097343741,4093.9666666666667,4896.0,2206.8400639412203,640.0,0,1,1,0,0,0,0,0,1,4886
218,2,2013-11-13,0.43388373911755823,-0.900968867902419,-0.5000000000000004,0.8660254037844384,-0.7354170229639858,0.6776147890466887,4886.0,5747.0,4936.0,3952.0,4770.0,2053.437280918671,4085.733333333333,4828.0,2204.1651783233788,640.0,0,1,1,0,0,0,0,0,1,4659
218,2,2013-11-14,-0.433883739117558,-0.9009688679024191,-0.5000000000000004,0.8660254037844384,-0.7236440382959123,0.690173388242972,4659.0,5933.0,5147.0,3768.285714285714,4659.0,1898.3341569461818,4090.6,4828.0,2205.274579823064,640.0,0,1,1,0,0,0,0,0,1,4647
218,2,2013-11-15,-0.9749279121818236,-0.2225209339563146,-0.5000000000000004,0.8660254037844384,-0.7116566222817751,0.7025274741691566,4647.0,5049.0,0.0,3712.1428571428573,4656.0,1859.5599325800558,4094.6,4828.0,2206.218946836263,640.0,0,1,1,0,0,0,0,0,1,4656
218,2,2013-11-16,-0.7818314824680299,0.6234898018587334,-0.5000000000000004,0.8660254037844384,-0.6994583270516471,0.7146733860429608,4656.0,2367.0,3326.0,3737.4285714285716,4656.0,1839.3138083846063,4007.366666666667,4714.5,2214.3226641389774,640.0,0,1,1,0,0,0,0,0,1,2544
218,2,2013-11-17,-2.4492935982947064e-16,1.0,-0.5000000000000004,0.8660254037844384,-0.6870527672236675,0.726607524768565,2544.0,0.0,0.0,3737.4285714285716,4656.0,1839.3138083846063,3865.4666666666667,4714.5,2331.0950768836656,640.0,0,1,1,0,0,0,0,0,1,0
218,2,2013-11-18,0.7818314824680298,0.6234898018587336,-0.5000000000000004,0.8660254037844384,-0.6744436188329457,0.7383263540031063,0.0,4770.0,7300.0,4069.8571428571427,4656.0,2226.559635294732,4024.4666666666667,4828.0,2384.6030643930326,640.0,1,1,1,0,0,0,0,0,1,7097
218,2,2013-11-19,0.9749279121818236,-0.22252093395631434,-0.5000000000000004,0.8660254037844384,-0.661634618242279,0.749826401204568,7097.0,4886.0,7006.0,4261.285714285715,4656.0,2361.9114938460134,4232.0,4905.0,2291.3776611913836,640.0,1,1,1,0,0,0,0,0,1,6226
218,2,2013-11-20,0.43388373911755823,-0.900968867902419,-0.5000000000000004,0.8660254037844384,-0.6486295610349818,0.7611042586607742,6226.0,4659.0,5747.0,4470.285714285715,4656.0,2465.4299634672057,4200.0,4905.0,2256.6439530937264,640.0,1,1,1,0,0,0,0,0,1,6122
218,2,2013-11-21,-0.433883739117558,-0.9009688679024191,-0.5000000000000004,0.8660254037844384,-0.6354323008901775,0.7721565844991641,6122.0,4647.0,5933.0,4611.428571428572,5635.0,2505.192997032555,4187.9,4905.0,2247.6259099401927,640.0,1,1,1,0,0,0,0,0,1,5635
218,2,2013-11-22,-0.9749279121818236,-0.2225209339563146,-0.5000000000000004,0.8660254037844384,-0.622046748440868,0.7829801036770625,5635.0,4656.0,5049.0,4741.571428571428,5635.0,2531.4199478515916,4207.166666666667,4905.0,2257.186715319778,640.0,1,1,1,0,0,0,0,0,1,5567
218,2,2013-11-23,-0.7818314824680299,0.6234898018587334,-0.5000000000000004,0.8660254037844384,-0.6084768701151264,0.7935716089521472,5567.0,2544.0,2367.0,4747.428571428572,5635.0,2525.5283841302635,4108.033333333334,4828.0,2261.0724718567744,640.0,0,1,1,0,0,0,0,0,1,2585
218,2,2013-11-24,-2.4492935982947064e-16,1.0,-0.5000000000000004,0.8660254037844384,-0.594726686960764,0.8039279618328208,2585.0,0.0,0.0,4747.428571428572,5635.0,2525.5283841302635,3943.9,4714.5,2375.6157582897285,640.0,0,1,1,0,0,0,0,0,1,0
218,2,2013-11-25,0.7818314824680298,0.6234898018587336,-0.5000000000000004,0.8660254037844384,-0.5808002734538014,0.8140460935082175,0.0,7097.0,4770.0,4434.571428571428,5567.0,2312.6313193087262,4024.633333333333,4828.0,2365.4597349080505,640.0,0,1,1,0,0,0,0,0,1,4907
218,2,2013-11-26,0.9749279121818236,-0.22252093395631434,-0.5000000000000004,0.8660254037844384,-0.5667017562911184,0.8239230057575536,4907.0,6226.0,4886.0,4309.714285714285,5352.0,2221.5953512649207,4203.033333333334,4896.5,2250.4867287082484,640.0,0,1,1,0,0,0,0,0,1,5352
218,2,2013-11-27,0.43388373911755823,-0.900968867902419,-0.5000000000000004,0.8660254037844384,-0.5524353131676203,0.8335557718385695,5352.0,6122.0,4659.0,4156.857142857143,5052.0,2110.132968051337,4216.233333333334,4921.5,2254.393131632995,640.0,0,1,1,0,0,0,0,0,1,5052
218,2,2013-11-28,-0.433883739117558,-0.9009688679024191,-0.5000000000000004,0.8660254037844384,-0.5380051715382992,0.8429415373547832,5052.0,5635.0,4647.0,4090.285714285714,5052.0,2062.541774468719,4222.833333333333,4921.5,2256.967359294223,640.0,0,1,1,0,0,0,0,0,1,5169
218,2,2013-11-29,-0.9749279121818236,-0.2225209339563146,-0.5000000000000004,0.8660254037844384,-0.5234156073655503,0.8520775211013093,5169.0,5567.0,4656.0,4161.0,5052.0,2129.0232502253234,4260.366666666667,4978.0,2278.496274895494,640.0,0,1,1,0,0,0,0,0,1,6062
218,2,2013-11-30,-0.7818314824680299,0.6234898018587334,-0.5000000000000004,0.8660254037844384,-0.5086709438521042,0.8609610158889945,6062.0,2585.0,2544.0,4335.0,5052.0,2026.034550544487,4215.566666666667,4896.5,2273.669882982489,640.0,0,1,1,0,0,0,0,0,1,3803
218,2,2013-12-01,-2.4492935982947064e-16,1.0,-2.4492935982947064e-16,1.0,-0.4937755501599774,0.8695893893466109,3803.0,0.0,0.0,4335.0,5052.0,2026.034550544487,4215.566666666667,4896.5,2273.669882982489,640.0,0,1,1,0,0,0,0,0,1,0
218,2,2013-12-02,0.7818314824680298,0.6234898018587336,-2.4492935982947064e-16,1.0,-0.4787338401157883,0.8779600847008883,0.0,4907.0,7097.0,4866.857142857143,5169.0,2606.6783734970345,4392.366666666667,4978.0,2404.5632836457994,640.0,1,1,1,0,0,0,0,0,1,8630
218,2,2013-12-03,0.9749279121818236,-0.22252093395631434,-2.4492935982947064e-16,1.0,-0.4635502709028512,0.8860706215341377,8630.0,5352.0,6226.0,5253.571428571428,5169.0,2877.3891439487793,4661.0,5050.5,2346.400118743897,640.0,1,1,1,0,0,0,0,0,1,8059
218,2,2013-12-04,0.43388373911755823,-0.900968867902419,-2.4492935982947064e-16,1.0,-0.4482293417404106,0.893918596519257,8059.0,5052.0,6122.0,5592.571428571428,6062.0,2987.368789706803,4665.166666666667,5050.5,2351.353727233465,640.0,1,1,1,0,0,0,0,0,1,7425
218,2,2013-12-05,-0.433883739117558,-0.9009688679024191,-2.4492935982947064e-16,1.0,-0.4327755925504317,0.9015016841318838,7425.0,5169.0,5635.0,5952.0,7425.0,3077.898525509465,4687.8,5050.5,2377.7821512116466,640.0,1,1,1,0,0,0,0,0,1,7685
218,2,2013-12-06,-0.9749279121818236,-0.2225209339563146,-2.4492935982947064e-16,1.0,-0.41719360261231697,0.9088176373395028,7685.0,6062.0,5567.0,6045.0,7425.0,3091.5808793129345,4720.0,5050.5,2399.066025165511,640.0,1,1,1,0,0,0,0,0,1,6713
218,2,2013-12-07,-0.7818314824680299,0.6234898018587334,-2.4492935982947064e-16,1.0,-0.4014879892059737,0.9158642882672868,6713.0,3803.0,2585.0,5959.285714285715,7425.0,3171.3878515189385,4629.0,4978.0,2403.2413887110442,640.0,0,1,1,0,0,0,0,0,1,3203
218,2,2013-12-08,-2.4492935982947064e-16,1.0,-2.4492935982947064e-16,1.0,-0.38566340624360745,0.9226395488404875,3203.0,0.0,0.0,5959.285714285715,7425.0,3171.3878515189385,4460.7,4896.5,2545.4015352910565,640.0,0,1,1,0,0,0,0,0,1,0
218,2,2013-12-09,0.7818314824680298,0.6234898018587336,-2.4492935982947064e-16,1.0,-0.3697245428906732,0.9291414114031743,0.0,8630.0,4907.0,5549.285714285715,6713.0,2946.0851263038167,4573.8,4979.5,2524.458650059863,640.0,0,1,1,0,0,0,0,0,1,5760
218,2,2013-12-10,0.9749279121818236,-0.22252093395631434,-2.4492935982947064e-16,1.0,-0.3536761221763721,0.935367949313148,5760.0,8059.0,5352.0,5299.428571428572,6310.0,2766.4515693780527,4784.133333333333,5110.5,2389.498529605846,640.0,0,1,1,0,0,0,0,0,1,6310
218,2,2013-12-11,0.43388373911755823,-0.900968867902419,-2.4492935982947064e-16,1.0,-0.33752289959411347,0.941317317512847,6310.0,7425.0,5052.0,5120.0,6169.0,2643.6169667080503,4830.766666666666,5260.5,2402.827424792161,640.0,0,1,1,0,0,0,0,0,1,6169
218,2,2013-12-12,-0.433883739117558,-0.9009688679024191,-2.4492935982947064e-16,1.0,-0.32126966169236515,0.946987753076075,6169.0,7685.0,5169.0,4846.714285714285,5772.0,2424.0237701176206,4860.3,5459.5,2408.96681458942,640.0,0,1,1,0,0,0,0,0,1,5772
218,2,2013-12-13,-0.9749279121818236,-0.2225209339563146,-2.4492935982947064e-16,1.0,-0.3049212246562894,0.9523775757303973,5772.0,6713.0,6062.0,4651.857142857143,5760.0,2300.6821762665263,4883.3,5459.5,2410.272185945982,640.0,0,1,1,0,0,0,0,0,1,5349
218,2,2013-12-14,-0.7818314824680299,0.6234898018587334,-2.4492935982947064e-16,1.0,-0.2884824328806098,0.9574851883550389,5349.0,3203.0,3803.0,4652.285714285715,5760.0,2300.367558622297,4835.266666666666,5459.5,2429.426141028502,640.0,0,1,1,0,0,0,0,0,1,3206
218,2,2013-12-15,-2.4492935982947064e-16,1.0,-2.4492935982947064e-16,1.0,-0.27195815753410524,0.9623090774541487,3206.0,0.0,0.0,4652.285714285715,5760.0,2300.367558622297,4680.066666666667,5459.5,2585.01174456524,640.0,0,1,1,0,0,0,0,0,1,0
218,2,2013-12-16,0.7818314824680298,0.6234898018587336,-2.4492935982947064e-16,1.0,-0.2553532951161881,0.9668478136052773,0.0,5760.0,8630.0,5256.571428571428,5772.0,3067.5228799550337,4928.266666666666,5601.0,2726.44014375362,640.0,1,1,1,0,0,0,0,0,1,9990
218,2,2013-12-17,0.9749279121818236,-0.22252093395631434,-2.4492935982947064e-16,1.0,-0.23867276600594997,0.9711000518829505,9990.0,6310.0,8059.0,5635.285714285715,5772.0,3368.1668463367296,5226.966666666666,5697.5,2657.9047683224576,640.0,1,1,1,0,0,0,0,0,1,8961
218,2,2013-12-18,0.43388373911755823,-0.900968867902419,-2.4492935982947064e-16,1.0,-0.22192151300416674,0.9750645322571945,8961.0,6169.0,7425.0,5849.142857142857,5772.0,3454.1302054483244,5245.933333333333,5697.5,2673.692667110585,640.0,1,1,1,0,0,0,0,0,1,7666
218,2,2013-12-19,-0.433883739117558,-0.9009688679024191,-2.4492935982947064e-16,1.0,-0.20510449986861926,0.9787400799669153,7666.0,5772.0,7685.0,6044.0,7136.0,3487.366676065673,5276.266666666666,5697.5,2690.3054554600585,640.0,1,1,1,0,0,0,0,0,1,7136
218,2,2013-12-20,-0.9749279121818236,-0.2225209339563146,-2.4492935982947064e-16,1.0,-0.1882267098432439,0.9821256058680006,7136.0,5349.0,6713.0,6346.285714285715,7465.0,3508.725728536678,5321.033333333334,5697.5,2715.915588086122,640.0,1,1,1,0,0,0,0,0,1,7465
218,2,2013-12-21,-0.7818314824680299,0.6234898018587334,-2.4492935982947064e-16,1.0,-0.1712931441814778,0.9852201067560606,7465.0,3206.0,3203.0,6556.571428571428,7465.0,3328.6428594420117,5289.133333333333,5663.5,2717.7203648663317,640.0,0,1,1,0,0,0,0,0,1,4678
218,2,2013-12-22,-2.4492935982947064e-16,1.0,-2.4492935982947064e-16,1.0,-0.154308820664281,0.9880226656636976,4678.0,0.0,0.0,6556.571428571428,7465.0,3328.6428594420117,5103.566666666667,5556.0,2883.118446779617,640.0,0,1,1,0,0,0,0,0,1,0
218,2,2013-12-23,0.7818314824680298,0.6234898018587336,-2.4492935982947064e-16,1.0,-0.13727877211326517,0.9905324521322227,0.0,9990.0,5760.0,6259.142857142857,7465.0,3052.263118221814,5281.0,5766.0,2886.5680493361433,640.0,0,1,1,0,0,0,0,0,1,7908
218,2,2013-12-24,0.9749279121818236,-0.22252093395631434,-2.4492935982947064e-16,1.0,-0.12020804489935275,0.9927487224577402,7908.0,8961.0,6310.0,5263.714285714285,7136.0,3158.629909432555,5347.433333333333,5766.0,2781.872102012243,640.0,0,1,1,0,0,0,0,0,1,1993
218,2,2013-12-25,0.43388373911755823,-0.900968867902419,-2.4492935982947064e-16,1.0,-0.10310169744743544,0.9946708199115211,1993.0,7666.0,6169.0,4168.571428571428,4678.0,3497.6659768643276,5183.866666666667,5766.0,2947.9624726630896,640.0,0,1,1,0,0,0,0,0,1,0
218,2,2013-12-26,-0.433883739117558,-0.9009688679024191,-2.4492935982947064e-16,1.0,-0.0859647987374467,0.9962981749346077,0.0,7136.0,5772.0,3149.1428571428573,1993.0,3528.4254481081425,5005.466666666666,5766.0,3095.6777847712815,640.0,0,1,1,0,0,0,0,0,1,0
218,2,2013-12-27,-0.9749279121818236,-0.2225209339563146,-2.4492935982947064e-16,1.0,-0.06880242680232064,0.9976303053065857,0.0,7465.0,5349.0,2746.5714285714284,1993.0,3087.102841238198,4991.966666666666,5766.0,3096.350872073205,640.0,0,1,1,0,0,0,0,0,1,4647
218,2,2013-12-28,-0.7818314824680299,0.6234898018587334,-2.4492935982947064e-16,1.0,-0.05161966722325418,0.9986668162884759,4647.0,4678.0,3206.0,2434.8571428571427,1993.0,2967.4184306998477,4902.866666666667,5766.0,3129.3638081370714,640.0,0,1,1,0,0,0,0,0,1,2496
218,2,2013-12-29,-2.4492935982947064e-16,1.0,-2.4492935982947064e-16,1.0,-0.034421611622745804,0.9994074007397048,2496.0,0.0,0.0,2434.8571428571427,1993.0,2967.4184306998477,4700.8,5554.5,3245.4966189241773,640.0,0,1,1,0,0,0,0,0,1,0
218,2,2013-12-30,0.7818314824680298,0.6234898018587336,-2.4492935982947064e-16,1.0,-0.01721335615583528,0.9998518392091162,0.0,7908.0,9990.0,2072.8571428571427,1993.0,2258.2955540681146,4753.166666666667,5567.0,3243.1842917994504,640.0,0,1,1,0,0,0,0,0,1,5374
218,2,2013-12-31,0.9749279121818236,-0.22252093395631434,-2.4492935982947064e-16,1.0,6.432490598706546e-16,1.0,5374.0,1993.0,8961.0,2033.5714285714287,1718.0,2262.3047140134818,4810.433333333333,5567.0,3170.719190508277,640.0,0,1,1,0,0,0,0,0,1,1718
218,2,2014-01-01,0.43388373911755823,-0.900968867902419,0.49999999999999994,0.8660254037844387,0.017213356155834685,0.9998518392091162,1718.0,0.0,7666.0,2033.5714285714287,1718.0,2262.3047140134818,4522.766666666666,5361.5,3203.548470953283,640.0,0,1,1,0,0,0,0,0,1,0
218,2,2014-01-02,-0.433883739117558,-0.9009688679024191,0.49999999999999994,0.8660254037844387,0.03442161162274574,0.9994074007397048,0.0,0.0,7136.0,2756.285714285714,2496.0,2311.9158515746,4422.766666666666,5204.0,3135.4566370767266,640.0,0,1,1,0,0,0,0,0,1,5059
218,2,2014-01-03,-0.9749279121818236,-0.2225209339563146,0.49999999999999994,0.8660254037844387,0.051619667223253764,0.998666816288476,5059.0,4647.0,7465.0,2697.0,2496.0,2260.0906324009816,4316.333333333333,4868.5,3083.799194380911,640.0,0,1,1,0,0,0,0,0,1,4232
218,2,2014-01-04,-0.7818314824680299,0.6234898018587334,0.49999999999999994,0.8660254037844387,0.06880242680231986,0.9976303053065857,4232.0,2496.0,4678.0,2777.5714285714284,3060.0,2261.7833566416025,4162.166666666667,4662.5,3024.623910315225,640.0,0,1,1,0,0,0,0,0,1,3060
218,2,2014-01-05,-2.4492935982947064e-16,1.0,0.49999999999999994,0.8660254037844387,0.08596479873744647,0.9962981749346078,3060.0,0.0,0.0,2777.5714285714284,3060.0,2261.7833566416025,3938.4,4439.5,3077.262997961123,640.0,0,1,1,0,0,0,0,0,1,0
218,2,2014-01-06,0.7818314824680298,0.6234898018587336,0.49999999999999994,0.8660254037844387,0.10310169744743485,0.9946708199115211,0.0,5374.0,7908.0,2009.857142857143,1718.0,2142.4965522003713,3831.633333333333,4439.5,3158.159039075129,640.0,1,1,1,0,0,0,0,0,1,0
218,2,2014-01-07,0.9749279121818236,-0.22252093395631434,0.49999999999999994,0.8660254037844387,0.1202080448993527,0.9927487224577402,0.0,1718.0,1993.0,2887.285714285714,3060.0,3062.993454900273,4093.633333333333,4662.5,3155.357190374897,640.0,1,1,1,0,0,0,0,0,1,7860
218,2,2014-01-08,0.43388373911755823,-0.900968867902419,0.49999999999999994,0.8660254037844387,0.13727877211326478,0.9905324521322229,7860.0,0.0,0.0,3918.0,4232.0,3142.389271451476,4142.133333333333,4662.5,3192.813457550039,640.0,1,1,1,0,0,0,0,0,1,7215
218,2,2014-01-09,-0.433883739117558,-0.9009688679024191,0.49999999999999994,0.8660254037844387,0.15430882066428117,0.9880226656636976,7215.0,5059.0,0.0,4160.285714285715,4232.0,3306.1415937759293,4156.966666666666,4662.5,3204.2455724406855,640.0,1,1,1,0,0,0,0,0,1,6755
218,2,2014-01-10,-0.9749279121818236,-0.2225209339563146,0.49999999999999994,0.8660254037844387,0.1712931441814776,0.9852201067560606,6755.0,4232.0,4647.0,4333.0,5441.0,3341.8983627074404,4132.7,4662.5,3191.212602195877,640.0,1,1,1,0,0,0,0,0,1,5441
218,2,2014-01-11,-0.7818314824680299,0.6234898018587334,0.49999999999999994,0.8660254037844387,0.1882267098432442,0.9821256058680006,5441.0,3060.0,2496.0,4250.571428571428,5441.0,3385.3635381911777,4023.0666666666666,4439.5,3189.448767997089,640.0,0,1,1,0,0,0,0,0,1,2483
218,2,2014-01-12,-2.4492935982947064e-16,1.0,0.49999999999999994,0.8660254037844387,0.2051044998686192,0.9787400799669153,2483.0,0.0,0.0,4250.571428571428,5441.0,3385.3635381911777,3844.766666666667,3719.0,3261.4686736492486,640.0,0,1,1,0,0,0,0,0,1,0
218,2,2014-01-13,0.7818314824680298,0.6234898018587336,0.49999999999999994,0.8660254037844387,0.22192151300416552,0.9750645322571948,0.0,0.0,5374.0,4956.857142857143,5441.0,2819.1525575706514,3902.7,4439.5,3265.164949627484,640.0,0,1,1,0,0,0,0,0,1,4944
218,2,2014-01-14,0.9749279121818236,-0.22252093395631434,0.49999999999999994,0.8660254037844387,0.2386727660059501,0.9711000518829505,4944.0,7860.0,1718.0,4536.0,4944.0,2517.2564430347584,4066.5,4662.5,3184.9024750943404,640.0,0,1,1,0,0,0,0,0,1,4914
218,2,2014-01-15,0.43388373911755823,-0.900968867902419,0.49999999999999994,0.8660254037844387,0.255353295116187,0.9668478136052775,4914.0,7215.0,0.0,4189.0,4914.0,2238.380217925454,3893.0333333333333,4662.5,2986.703966759588,640.0,0,1,1,0,0,0,0,0,1,4786
218,2,2014-01-16,-0.433883739117558,-0.9009688679024191,0.49999999999999994,0.8660254037844387,0.2719581575341055,0.9623090774541486,4786.0,6755.0,5059.0,3912.714285714286,4821.0,1972.426907330639,3755.0333333333333,4662.5,2836.323099188189,640.0,0,1,1,0,0,0,0,0,1,4821
218,2,2014-01-17,-0.9749279121818236,-0.2225209339563146,0.49999999999999994,0.8660254037844387,0.288482432880609,0.9574851883550393,4821.0,5441.0,4232.0,3753.1428571428573,4786.0,1870.7424932872193,3643.633333333333,4485.5,2741.462590804696,640.0,0,1,1,0,0,0,0,0,1,4324
218,2,2014-01-18,-0.7818314824680299,0.6234898018587334,0.49999999999999994,0.8660254037844387,0.30492122465628907,0.9523775757303974,4324.0,2483.0,3060.0,3782.0,4786.0,1849.3197848578466,3495.266666666667,4278.0,2665.3256892704585,640.0,0,1,1,0,0,0,0,0,1,2685
218,2,2014-01-19,-2.4492935982947064e-16,1.0,0.49999999999999994,0.8660254037844387,0.3212696616923644,0.9469877530760753,2685.0,0.0,0.0,3782.0,4786.0,1849.3197848578466,3246.4333333333334,3646.0,2630.1660847431904,640.0,0,1,1,0,0,0,0,0,1,0
218,2,2014-01-20,0.7818314824680298,0.6234898018587336,0.49999999999999994,0.8660254037844387,0.3375228995941133,0.9413173175128471,0.0,4944.0,0.0,4009.5714285714284,4786.0,2097.5049350075333,3308.4,3646.0,2686.3555956363793,640.0,1,1,1,0,0,0,0,0,1,6537
218,2,2014-01-21,0.9749279121818236,-0.22252093395631434,0.49999999999999994,0.8660254037844387,0.3536761221763716,0.9353679493131483,6537.0,4914.0,7860.0,4118.142857142857,4786.0,2170.5213988480155,3497.5333333333333,4278.0,2644.813372378594,640.0,1,1,1,0,0,0,0,0,1,5674
218,2,2014-01-22,0.43388373911755823,-0.900968867902419,0.49999999999999994,0.8660254037844387,0.3697245428906731,0.9291414114031743,5674.0,4786.0,7215.0,4186.0,4821.0,2202.0761415839684,3409.3,4278.0,2534.453217913697,640.0,1,1,1,0,0,0,0,0,1,5261
218,2,2014-01-23,-0.433883739117558,-0.9009688679024191,0.49999999999999994,0.8660254037844387,0.38566340624360707,0.9226395488404876,5261.0,4821.0,6755.0,4280.285714285715,5261.0,2247.458098555323,3525.5666666666666,4485.5,2547.213740585951,640.0,1,1,1,0,0,0,0,0,1,5481
218,2,2014-01-24,-0.9749279121818236,-0.2225209339563146,0.49999999999999994,0.8660254037844387,0.401487989205973,0.9158642882672872,5481.0,4324.0,5441.0,4402.285714285715,5261.0,2273.2575535477513,3698.1666666666665,4716.5,2474.4754244964265,640.0,1,1,1,0,0,0,0,0,1,5178
218,2,2014-01-25,-0.7818314824680299,0.6234898018587334,0.49999999999999994,0.8660254037844387,0.4171936026123168,0.9088176373395029,5178.0,2685.0,2483.0,4364.857142857143,5261.0,2308.1339814210264,3778.9333333333334,4716.5,2387.6243124644325,640.0,0,1,1,0,0,0,0,0,1,2423
218,2,2014-01-26,-2.4492935982947064e-16,1.0,0.49999999999999994,0.8660254037844387,0.4327755925504312,0.901501684131884,2423.0,0.0,0.0,4364.857142857143,5261.0,2308.1339814210264,3624.0333333333333,4555.0,2478.3804706846877,640.0,0,1,1,0,0,0,0,0,1,0
218,2,2014-01-27,0.7818314824680298,0.6234898018587336,0.49999999999999994,0.8660254037844387,0.4482293417404106,0.893918596519257,0.0,6537.0,4944.0,4152.0,5178.0,2136.77529625056,3709.0666666666666,4803.5,2482.1026811033057,640.0,0,1,1,0,0,0,0,0,1,5047
218,2,2014-01-28,0.9749279121818236,-0.22252093395631434,0.49999999999999994,0.8660254037844387,0.4635502709028509,0.886070621534138,5047.0,5674.0,4914.0,4005.8571428571427,5047.0,2048.4898851407133,3864.1,4803.5,2385.8287123822565,640.0,0,1,1,0,0,0,0,0,1,4651
218,2,2014-01-29,0.43388373911755823,-0.900968867902419,0.49999999999999994,0.8660254037844387,0.47873384011578846,0.8779600847008882,4651.0,5261.0,4786.0,3895.714285714286,4651.0,1989.6379665897116,3834.633333333333,4718.5,2371.9560163877723,640.0,0,1,1,0,0,0,0,0,1,4490
218,2,2014-01-30,-0.433883739117558,-0.9009688679024191,0.49999999999999994,0.8660254037844387,0.4937755501599772,0.869589389346611,4490.0,5481.0,4821.0,3790.0,4651.0,1909.4110784916568,3935.4,4763.5,2342.9706401680846,640.0,0,1,1,0,0,0,0,0,1,4741
218,2,2014-01-31,-0.9749279121818236,-0.2225209339563146,0.49999999999999994,0.8660254037844387,0.5086709438521044,0.8609610158889943,4741.0,5178.0,4324.0,3755.8571428571427,4651.0,1882.4009870881605,4100.033333333334,4803.5,2227.5899065927756,640.0,0,1,1,0,0,0,0,0,1,4939
218,2,2014-02-01,-0.7818314824680299,0.6234898018587334,0.8660254037844386,0.5000000000000001,0.5234156073655503,0.8520775211013093,4939.0,2423.0,2685.0,3762.714285714286,4651.0,1876.81562886766,4013.766666666667,4763.5,2239.2534267463766,640.0,0,1,1,0,0,0,0,0,1,2471
218,2,2014-02-02,-2.4492935982947064e-16,1.0,0.8660254037844386,0.5000000000000001,0.5380051715382996,0.8429415373547828,2471.0,0.0,0.0,3762.714285714286,4651.0,1876.81562886766,3872.7,4763.5,2355.3250328446848,640.0,0,1,1,0,0,0,0,0,1,0
218,2,2014-02-03,0.7818314824680298,0.6234898018587336,0.8660254037844386,0.5000000000000001,0.5524353131676196,0.8335557718385699,0.0,5047.0,6537.0,4098.857142857143,4651.0,2306.6619047569907,4017.366666666667,4803.5,2435.602559211328,640.0,1,1,1,0,0,0,0,0,1,7400
218,2,2014-02-04,0.9749279121818236,-0.22252093395631434,0.8660254037844386,0.5000000000000001,0.5667017562911176,0.8239230057575542,7400.0,4651.0,5674.0,4390.714285714285,4741.0,2508.5777985600876,4240.5,4867.5,2360.3339294728357,640.0,1,1,1,0,0,0,0,0,1,6694
218,2,2014-02-05,0.43388373911755823,-0.900968867902419,0.8660254037844386,0.5000000000000001,0.5808002734538009,0.8140460935082178,6694.0,4490.0,5261.0,4601.714285714285,4939.0,2579.436224855199,4439.4,4926.5,2238.9671048391288,640.0,1,1,1,0,0,0,0,0,1,5967
218,2,2014-02-06,-0.433883739117558,-0.9009688679024191,0.8660254037844386,0.5000000000000001,0.5947266869607634,0.8039279618328213,5967.0,4741.0,5481.0,4769.714285714285,5917.0,2627.8621040867497,4374.633333333333,4926.5,2163.4359084301627,640.0,1,1,1,0,0,0,0,0,1,5917
218,2,2014-02-07,-0.9749279121818236,-0.2225209339563146,0.8660254037844386,0.5000000000000001,0.6084768701151261,0.7935716089521474,5917.0,4939.0,5178.0,4894.428571428572,5917.0,2657.7804560160635,4327.866666666667,4926.5,2114.5303502903043,640.0,1,1,1,0,0,0,0,0,1,5812
218,2,2014-02-08,-0.7818314824680299,0.6234898018587334,0.8660254037844386,0.5000000000000001,0.6220467484408675,0.7829801036770629,5812.0,2471.0,2423.0,4875.285714285715,5917.0,2678.545980831498,4180.6,4867.5,2093.4040023945126,640.0,0,1,1,0,0,0,0,0,1,2337
218,2,2014-02-09,-2.4492935982947064e-16,1.0,0.8660254037844386,0.5000000000000001,0.6354323008901774,0.7721565844991642,2337.0,0.0,0.0,4875.285714285715,5917.0,2678.545980831498,3999.233333333333,4803.5,2212.7363412959844,640.0,0,1,1,0,0,0,0,0,1,0
218,2,2014-02-10,0.7818314824680298,0.6234898018587336,0.8660254037844386,0.5000000000000001,0.6486295610349814,0.7611042586607747,0.0,7400.0,5047.0,4455.428571428572,5812.0,2436.224596730418,4065.1666666666665,4803.5,2195.4004439271184,640.0,0,1,1,0,0,0,0,0,1,4461
218,2,2014-02-11,0.9749279121818236,-0.22252093395631434,0.8660254037844386,0.5000000000000001,0.6616346182422783,0.7498264012045686,4461.0,6694.0,4651.0,4195.0,4871.0,2247.141814246119,4227.533333333334,4846.0,2060.353246132944,640.0,0,1,1,0,0,0,0,0,1,4871
218,2,2014-02-12,0.43388373911755823,-0.900968867902419,0.8660254037844386,0.5000000000000001,0.6744436188329455,0.7383263540031065,4871.0,5967.0,4490.0,4031.0,4819.0,2135.376547590613,4223.366666666667,4820.0,2058.980304763085,640.0,0,1,1,0,0,0,0,0,1,4819
218,2,2014-02-13,-0.433883739117558,-0.9009688679024191,0.8660254037844386,0.5000000000000001,0.6870527672236669,0.7266075247685656,4819.0,5917.0,4741.0,3834.5714285714284,4542.0,1991.357732565303,4210.966666666666,4802.5,2055.795315239556,640.0,0,1,1,0,0,0,0,0,1,4542
218,2,2014-02-14,-0.9749279121818236,-0.2225209339563146,0.8660254037844386,0.5000000000000001,0.6994583270516471,0.7146733860429609,4542.0,5812.0,4939.0,3642.5714285714284,4468.0,1826.9279184049997,4200.366666666667,4780.0,2053.546712957569,640.0,0,1,1,0,0,0,0,0,1,4468
218,2,2014-02-15,-0.7818314824680299,0.6234898018587334,0.8660254037844386,0.5000000000000001,0.7116566222817746,0.702527474169157,4468.0,2337.0,2471.0,3578.714285714286,4468.0,1886.9922905941908,4102.666666666667,4696.0,2092.3573462407903,640.0,0,1,1,0,0,0,0,0,1,1890
218,2,2014-02-16,-2.4492935982947064e-16,1.0,0.8660254037844386,0.5000000000000001,0.7236440382959124,0.6901733882429719,1890.0,0.0,0.0,3578.714285714286,4468.0,1886.9922905941908,3958.5333333333333,4696.0,2221.528453849816,640.0,0,1,1,0,0,0,0,0,1,0
218,2,2014-02-17,0.7818314824680298,0.6234898018587336,0.8660254037844386,0.5000000000000001,0.7354170229639855,0.6776147890466889,0.0,4461.0,7400.0,4026.714285714286,4542.0,2426.509957001738,4122.266666666666,4780.0,2303.9154518331156,640.0,1,1,1,0,0,0,0,0,1,7597
218,2,2014-02-18,0.9749279121818236,-0.22252093395631434,0.8660254037844386,0.5000000000000001,0.7469720876965552,0.6648553979642865,7597.0,4871.0,6694.0,4242.428571428572,4542.0,2576.555119867279,4334.966666666666,4845.0,2202.540233823024,640.0,1,1,1,0,0,0,0,0,1,6381
218,2,2014-02-19,0.43388373911755823,-0.900968867902419,0.8660254037844386,0.5000000000000001,0.7583058084785625,0.6518989958787126,6381.0,4819.0,5967.0,4374.714285714285,4542.0,2634.217386263943,4308.566666666667,4845.0,2179.8659826463727,640.0,1,1,1,0,0,0,0,0,1,5745
218,2,2014-02-20,-0.433883739117558,-0.9009688679024191,0.8660254037844386,0.5000000000000001,0.7694148268839378,0.6387494220515272,5745.0,4542.0,5917.0,4494.428571428572,5380.0,2661.9823977093247,4298.766666666666,4845.0,2174.1691664559594,640.0,1,1,1,0,0,0,0,0,1,5380
218,2,2014-02-21,-0.9749279121818236,-0.2225209339563146,0.8660254037844386,0.5000000000000001,0.7802958510707755,0.6254105729852463,5380.0,4468.0,5812.0,4607.142857142857,5380.0,2677.336576311828,4298.633333333333,4845.0,2174.108243400722,640.0,1,1,1,0,0,0,0,0,1,5257
218,2,2014-02-22,-0.7818314824680299,0.6234898018587334,0.8660254037844386,0.5000000000000001,0.7909456567567772,0.6118864012687243,5257.0,1890.0,2337.0,4648.571428571428,5380.0,2630.1118390126085,4188.6,4780.0,2195.6308432885494,640.0,0,1,1,0,0,0,0,0,1,2180
218,2,2014-02-23,-2.4492935982947064e-16,1.0,0.8660254037844386,0.5000000000000001,0.8013610881746766,0.5981809144059164,2180.0,0.0,0.0,4648.571428571428,5380.0,2630.1118390126085,4016.0,4696.0,2315.426407441154,640.0,0,1,1,0,0,0,0,0,1,0
218,2,2014-02-24,0.7818314824680298,0.6234898018587336,0.8660254037844386,0.5000000000000001,0.8115390590073611,0.5842981736283683,0.0,7597.0,4461.0,4219.714285714285,5257.0,2292.274686440358,4088.4,4696.0,2297.7884660000245,640.0,0,1,1,0,0,0,0,0,1,4595
218,2,2014-02-25,0.9749279121818236,-0.22252093395631434,0.8660254037844386,0.5000000000000001,0.8214765533024142,0.5702422926917871,4595.0,6381.0,4871.0,3997.4285714285716,4825.0,2116.46236734343,4249.233333333334,4780.0,2166.8877042866093,640.0,0,1,1,0,0,0,0,0,1,4825
218,2,2014-02-26,0.43388373911755823,-0.900968867902419,0.8660254037844386,0.5000000000000001,0.8311706263658079,0.5560174366570446,4825.0,5745.0,4819.0,3831.4285714285716,4595.0,1998.8527423785604,4233.766666666666,4696.0,2162.648913482836,640.0,0,1,1,0,0,0,0,0,1,4583
218,2,2014-02-27,-0.433883739117558,-0.9009688679024191,0.8660254037844386,0.5000000000000001,0.8406184056344782,0.5416278206559814,4583.0,5380.0,4542.0,3811.0,4595.0,1981.039710185876,4253.3,4780.0,2169.183910582738,640.0,0,1,1,0,0,0,0,0,1,5237
218,2,2014-02-28,-0.9749279121818236,-0.2225209339563146,0.8660254037844386,0.5000000000000001,0.8498170915275278,0.5270777086423722,5237.0,5257.0,4468.0,3933.5714285714284,4595.0,2107.899575180854,4307.466666666666,4822.0,2195.4285220435404,640.0,0,1,1,0,0,0,0,0,1,6115
218,2,2014-03-01,-0.7818314824680299,0.6234898018587334,1.0,6.123233995736766e-17,0.8587639582758029,0.5123714121284237,6115.0,2180.0,1890.0,4020.714285714286,4595.0,2034.6592437298298,4242.433333333333,4822.0,2210.984796705837,640.0,0,1,1,0,0,0,0,0,1,2790
218,2,2014-03-02,-2.4492935982947064e-16,1.0,1.0,6.123233995736766e-17,0.8674563547295968,0.49751328890718066,2790.0,0.0,0.0,4020.714285714286,4595.0,2034.6592437298298,4077.8,4707.0,2337.586957998971,640.0,0,1,1,0,0,0,0,0,1,0
218,2,2014-03-03,0.7818314824680298,0.6234898018587336,1.0,6.123233995736766e-17,0.8758917051442429,0.48250774176121847,0.0,4595.0,7597.0,4330.857142857143,4825.0,2286.645973806136,4220.966666666666,4822.0,2367.122383435403,640.0,1,1,1,0,0,0,0,0,1,6766
218,2,2014-03-04,0.9749279121818236,-0.22252093395631434,1.0,6.123233995736766e-17,0.8840675099433636,0.46735921715800227,6766.0,4825.0,6381.0,4348.428571428572,4948.0,2291.5433559897915,4385.9,4848.0,2231.3650584648663,640.0,1,1,1,0,0,0,0,0,1,4948
218,2,2014-03-05,0.43388373911755823,-0.900968867902419,1.0,6.123233995736766e-17,0.8919813464595485,0.45207220393230435,4948.0,4583.0,5745.0,4660.0,5237.0,2470.069162324543,4364.7,4848.0,2204.601678777586,640.0,1,1,1,0,0,0,0,0,1,6764
218,2,2014-03-06,-0.433883739117558,-0.9009688679024191,1.0,6.123233995736766e-17,0.8996308696522433,0.43665123195606403,6764.0,5237.0,5380.0,4743.142857142857,5819.0,2502.3126921957237,4335.533333333334,4848.0,2178.354468057422,640.0,1,1,1,0,0,0,0,0,1,5819
218,2,2014-03-07,-0.9749279121818236,-0.2225209339563146,1.0,6.123233995736766e-17,0.9070138128026359,0.4211008707960896,5819.0,6115.0,5257.0,4637.285714285715,5374.0,2449.726563944482,4315.766666666666,4848.0,2165.69352885387,640.0,1,1,1,0,0,0,0,0,1,5374
218,2,2014-03-08,-0.7818314824680299,0.6234898018587334,1.0,6.123233995736766e-17,0.9141279881853337,0.40542572835999735,5374.0,2790.0,2180.0,4528.857142857143,5374.0,2559.457131800377,4186.233333333334,4822.0,2182.7653242892434,640.0,0,1,1,0,0,0,0,0,1,2031
218,2,2014-03-09,-2.4492935982947064e-16,1.0,1.0,6.123233995736766e-17,0.9209712877166346,0.38963044953078796,2031.0,0.0,0.0,4528.857142857143,5374.0,2559.457131800377,3992.5,4707.0,2288.840419408314,640.0,0,1,1,0,0,0,0,0,1,0
218,2,2014-03-10,0.7818314824680298,0.6234898018587336,1.0,6.123233995736766e-17,0.9275416835791966,0.37371971479046906,0.0,6766.0,4595.0,4290.428571428572,5097.0,2388.3385338726494,4084.5,4822.0,2275.432838703059,640.0,0,1,1,0,0,0,0,0,1,5097
218,2,2014-03-11,0.9749279121818236,-0.22252093395631434,1.0,6.123233995736766e-17,0.9338372288229252,0.35769823883312546,5097.0,4948.0,4825.0,4306.0,5097.0,2393.6896206484257,4253.066666666667,4848.0,2146.0502441869103,640.0,0,1,1,0,0,0,0,0,1,5057
218,2,2014-03-12,0.43388373911755823,-0.900968867902419,1.0,6.123233995736766e-17,0.9398560579418954,0.3415707691678556,5057.0,6764.0,4583.0,3985.285714285714,5057.0,2147.1726148810776,4255.0,4848.0,2146.270140788751,640.0,0,1,1,0,0,0,0,0,1,4519
218,2,2014-03-13,-0.433883739117558,-0.9009688679024191,1.0,6.123233995736766e-17,0.9455963874271426,0.3253420847119801,4519.0,5819.0,5237.0,3845.4285714285716,4840.0,2036.8770914599374,4253.966666666666,4832.5,2145.970779171389,640.0,0,1,1,0,0,0,0,0,1,4840
218,2,2014-03-14,-0.9749279121818236,-0.2225209339563146,1.0,6.123233995736766e-17,0.9510565162951535,0.30901699437494745,4840.0,5374.0,6115.0,3772.5714285714284,4840.0,1981.4561023939677,4255.466666666666,4852.0,2146.3950327890707,640.0,0,1,1,0,0,0,0,0,1,4864
218,2,2014-03-15,-0.7818314824680299,0.6234898018587334,1.0,6.123233995736766e-17,0.9562348265919056,0.29260033563334836,4864.0,2031.0,2790.0,3760.5714285714284,4840.0,1993.9759992824122,4168.966666666666,4852.0,2186.3667465854624,640.0,0,1,1,0,0,0,0,0,1,1947
218,2,2014-03-16,-2.4492935982947064e-16,1.0,1.0,6.123233995736766e-17,0.9611297838723007,0.27609697309746883,1947.0,0.0,0.0,3760.5714285714284,4840.0,1993.9759992824122,4020.0333333333333,4852.0,2313.7610445472437,640.0,0,1,1,0,0,0,0,0,1,0
218,2,2014-03-17,0.7818314824680298,0.6234898018587336,1.0,6.123233995736766e-17,0.9657399376548549,0.2595117970697999,0.0,5097.0,6766.0,3970.0,4840.0,2221.71795389664,4175.8,4906.0,2322.698748409284,640.0,1,1,1,0,0,0,0,0,1,6563
218,2,2014-03-18,0.9749279121818236,-0.22252093395631434,1.0,6.123233995736766e-17,0.970063921851507,0.2428497220959356,6563.0,5057.0,4948.0,4185.571428571428,4840.0,2409.9977079617647,4394.666666666667,5002.5,2222.8563999306452,640.0,1,1,1,0,0,0,0,0,1,6566
218,2,2014-03-19,0.43388373911755823,-0.900968867902419,1.0,6.123233995736766e-17,0.9741004551724205,0.22611568550828828,6566.0,4519.0,6764.0,4309.142857142857,4864.0,2451.757901898924,4320.9,5002.5,2148.3933266994854,640.0,1,1,1,0,0,0,0,0,1,5384
218,2,2014-03-20,-0.433883739117558,-0.9009688679024191,1.0,6.123233995736766e-17,0.9778483415056568,0.20931464596304847,5384.0,4840.0,5819.0,4368.428571428572,5255.0,2471.6706129756903,4283.366666666667,5002.5,2120.8203598726977,640.0,1,1,1,0,0,0,0,0,1,5255
218,2,2014-03-21,-0.9749279121818236,-0.2225209339563146,1.0,6.123233995736766e-17,0.9813064702716093,0.19245158197082998,5255.0,4864.0,5374.0,4437.857142857143,5350.0,2494.6303285638296,4270.2,5002.5,2112.643586632141,640.0,1,1,1,0,0,0,0,0,1,5350
218,2,2014-03-22,-0.7818314824680299,0.6234898018587334,1.0,6.123233995736766e-17,0.9844738167520922,0.1755314904214282,5350.0,1947.0,2031.0,4433.857142857143,5350.0,2499.3079994651484,4154.833333333333,4906.0,2144.2129507492727,640.0,0,1,1,0,0,0,0,0,1,1919
218,2,2014-03-23,-2.4492935982947064e-16,1.0,1.0,6.123233995736766e-17,0.9873494423939864,0.15855938510313478,1919.0,0.0,0.0,4433.857142857143,5350.0,2499.3079994651484,3979.6,4852.0,2262.577818817925,640.0,0,1,1,0,0,0,0,0,1,0
218,2,2014-03-24,0.7818314824680298,0.6234898018587336,1.0,6.123233995736766e-17,0.989932495087353,0.141540295217043,0.0,6563.0,5097.0,4237.142857142857,5255.0,2353.7500878790174,4079.8,4906.0,2246.638353107851,640.0,0,1,1,0,0,0,0,0,1,5186
218,2,2014-03-25,0.9749279121818236,-0.22252093395631434,1.0,6.123233995736766e-17,0.9922222094179323,0.12447926388678915,5186.0,6566.0,5057.0,3999.4285714285716,5186.0,2154.9841342913937,4243.2,4925.0,2114.028600596008,640.0,0,1,1,0,0,0,0,0,1,4902
218,2,2014-03-26,0.43388373911755823,-0.900968867902419,1.0,6.123233995736766e-17,0.994217906893952,0.10738134666416309,4902.0,5384.0,4519.0,3831.714285714286,4902.0,2073.40884489655,4230.366666666667,4925.0,2112.9876622733805,640.0,0,1,1,0,0,0,0,0,1,4210
218,2,2014-03-27,-0.433883739117558,-0.9009688679024191,1.0,6.123233995736766e-17,0.995918996147179,0.09025161003104117,4210.0,5255.0,4840.0,3764.1428571428573,4782.0,2026.4700366706184,4228.933333333333,4925.0,2112.584932931824,640.0,0,1,1,0,0,0,0,0,1,4782
218,2,2014-03-28,-0.9749279121818236,-0.2225209339563146,1.0,6.123233995736766e-17,0.9973249731081555,0.07309512989807777,4782.0,5350.0,4864.0,3620.0,4341.0,1928.3786799623517,4220.866666666667,4925.0,2111.648167098198,640.0,0,1,1,0,0,0,0,0,1,4341
218,2,2014-03-29,-0.7818314824680299,0.6234898018587334,1.0,6.123233995736766e-17,0.9984354211555643,0.055916990100603484,4341.0,1919.0,1947.0,3695.4285714285716,4341.0,1859.8641399434603,4127.866666666667,4883.0,2126.7369166504027,640.0,0,1,1,0,0,0,0,0,1,2447
218,2,2014-03-30,-2.4492935982947064e-16,1.0,1.0,6.123233995736766e-17,0.9992500112396835,0.03872228089217446,2447.0,0.0,0.0,3695.4285714285716,4341.0,1859.8641399434603,3924.0333333333333,4852.0,2220.682024519263,640.0,0,1,1,0,0,0,0,0,1,0
218,2,2014-03-31,0.7818314824680298,0.6234898018587336,1.0,6.123233995736766e-17,0.9997685019798909,0.021516097436222254,0.0,5186.0,6563.0,3994.714285714286,4341.0,2264.2910379988502,4073.733333333333,4883.0,2291.8319871821427,640.0,1,1,1,0,0,0,0,0,1,7281
218,2,2014-04-01,0.9749279121818236,-0.22252093395631434,0.8660254037844387,-0.49999999999999983,0.9999907397361901,0.004303538296244289,7281.0,4902.0,6566.0,4287.857142857143,4341.0,2519.747304034768,4305.533333333334,4925.0,2216.015509925386,640.0,1,1,1,0,0,0,0,0,1,6954
218,2,2014-04-02,0.43388373911755823,-0.900968867902419,0.8660254037844387,-0.49999999999999983,0.9999166586547379,-0.01291029607500882,6954.0,4210.0,5384.0,4545.142857142857,4782.0,2601.107035383937,4280.366666666667,4925.0,2191.2579993100344,640.0,1,1,1,0,0,0,0,0,1,6011
218,2,2014-04-03,-0.433883739117558,-0.9009688679024191,0.8660254037844387,-0.49999999999999983,0.9995462806873573,-0.030120304846908114,6011.0,4782.0,5255.0,4761.285714285715,6011.0,2685.560817550388,4325.266666666666,4979.5,2219.0341939733544,640.0,1,1,1,0,0,0,0,0,1,6295
218,2,2014-04-04,-0.9749279121818236,-0.2225209339563146,0.8660254037844387,-0.49999999999999983,0.9988797155850336,-0.04732138832243185,6295.0,4341.0,5350.0,4892.0,6011.0,2683.962245139327,4275.0,4979.5,2178.597397567903,640.0,1,1,1,0,0,0,0,0,1,5256
218,2,2014-04-05,-0.7818314824680299,0.6234898018587334,0.8660254037844387,-0.49999999999999983,0.9979171608653922,-0.06450844944931623,5256.0,2447.0,1919.0,4859.142857142857,6011.0,2720.0478812312253,4154.933333333333,4883.0,2189.7981316713303,640.0,0,1,1,0,0,0,0,0,1,2217
218,2,2014-04-06,-2.4492935982947064e-16,1.0,0.8660254037844387,-0.49999999999999983,0.9966589017541702,-0.08167639533042241,2217.0,0.0,0.0,4859.142857142857,6011.0,2720.0478812312253,3975.8,4852.0,2303.4901914418797,640.0,0,1,1,0,0,0,0,0,1,0
218,2,2014-04-07,0.7818314824680298,0.6234898018587336,0.8660254037844387,-0.49999999999999983,0.9951053111006976,-0.09882013873287143,0.0,7281.0,5186.0,4547.857142857143,5256.0,2513.5386363035045,4078.1666666666665,4883.0,2282.2225719276544,640.0,0,1,1,0,0,0,0,0,1,5102
218,2,2014-04-08,0.9749279121818236,-0.22252093395631434,0.8660254037844387,-0.49999999999999983,0.9932568492674143,-0.11593459959550041,5102.0,6954.0,4902.0,4309.714285714285,5256.0,2319.01859373642,4254.4,4979.5,2157.1512600234305,640.0,0,1,1,0,0,0,0,0,1,5287
218,2,2014-04-09,0.43388373911755823,-0.900968867902419,0.8660254037844387,-0.49999999999999983,0.9911140639934547,-0.1330147065341959,5287.0,6011.0,4210.0,4088.285714285714,5102.0,2200.4690192688263,4233.2,4883.0,2151.7031810429453,640.0,0,1,1,0,0,0,0,0,1,4461
218,2,2014-04-10,-0.433883739117558,-0.9009688679024191,0.8660254037844387,-0.49999999999999983,0.9886775902323405,-0.1500553983446526,4461.0,6295.0,4782.0,3913.4285714285716,5071.0,2038.5655787949588,4233.666666666667,4883.0,2151.8895198748264,640.0,0,1,1,0,0,0,0,0,1,5071
218,2,2014-04-11,-0.9749279121818236,-0.2225209339563146,0.8660254037844387,-0.49999999999999983,0.9859481499638304,-0.16705162550211924,5071.0,5256.0,4341.0,3842.4285714285716,4759.0,1992.1388720955906,4241.666666666667,4883.0,2153.432437846101,640.0,0,1,1,0,0,0,0,0,1,4759
218,2,2014-04-12,-0.7818314824680299,0.6234898018587334,0.8660254037844387,-0.49999999999999983,0.9829265519799822,-0.18399835165768005,4759.0,2217.0,2447.0,3841.714285714286,4759.0,1992.8195866063518,4154.066666666667,4883.0,2181.522703468179,640.0,0,1,1,0,0,0,0,0,1,2212
218,2,2014-04-13,-2.4492935982947064e-16,1.0,0.8660254037844387,-0.49999999999999983,0.9796136916454901,-0.20089055513063506,2212.0,0.0,0.0,3841.714285714286,4759.0,1992.8195866063518,3991.9333333333334,4842.0,2304.2378189841356,640.0,0,1,1,0,0,0,0,0,1,0
218,2,2014-04-14,0.7818314824680298,0.6234898018587336,0.8660254037844387,-0.49999999999999983,0.9760105506323683,-0.21772323039653177,0.0,5102.0,7281.0,4142.428571428572,4759.0,2342.783377177873,4167.266666666666,4986.5,2343.0638199519453,640.0,1,1,1,0,0,0,0,0,1,7207
218,2,2014-04-15,0.9749279121818236,-0.22252093395631434,0.8660254037844387,-0.49999999999999983,0.9721181966290613,-0.23449138957040985,7207.0,5287.0,6954.0,4357.571428571428,4759.0,2527.2938001706407,4393.7,5086.5,2252.957414997694,640.0,1,1,1,0,0,0,0,0,1,6793
218,2,2014-04-16,0.43388373911755823,-0.900968867902419,0.8660254037844387,-0.49999999999999983,0.9679377830240642,-0.25119006388481935,6793.0,4461.0,6011.0,4595.714285714285,5071.0,2615.6585986634245,4379.2,5086.5,2239.8762496604786,640.0,1,1,1,0,0,0,0,0,1,6128
218,2,2014-04-17,-0.433883739117558,-0.9009688679024191,0.8660254037844387,-0.49999999999999983,0.9634705485641488,-0.2678143051621742,6128.0,5071.0,6295.0,4736.571428571428,6057.0,2671.4725562969243,4362.233333333334,5086.5,2224.6162425094285,640.0,1,1,1,0,0,0,0,0,1,6057
218,2,2014-04-18,-0.9749279121818236,-0.2225209339563146,0.8660254037844387,-0.49999999999999983,0.9587178169872964,-0.2843591872810034,6057.0,4759.0,5256.0,4056.714285714286,6057.0,3215.0624521816953,4182.766666666666,4986.5,2352.822438357125,640.0,1,1,1,0,0,0,0,0,1,0
218,2,2014-04-19,-0.7818314824680299,0.6234898018587334,0.8660254037844387,-0.49999999999999983,0.9536809966304457,-0.30081980763566735,0.0,2212.0,2217.0,4137.857142857143,6057.0,3167.56212401964,4100.266666666666,4842.0,2357.3166500293787,640.0,0,1,1,0,0,0,0,0,1,2780
218,2,2014-04-20,-2.4492935982947064e-16,1.0,0.8660254037844387,-0.49999999999999983,0.9483615800121715,-0.3171912885891061,2780.0,0.0,0.0,4137.857142857143,6057.0,3167.56212401964,3921.9333333333334,4770.5,2459.6578250016682,640.0,0,1,1,0,0,0,0,0,1,0
218,2,2014-04-21,0.7818314824680298,0.6234898018587336,0.8660254037844387,-0.49999999999999983,0.9427611433904207,-0.3334687789181868,0.0,7207.0,5102.0,3108.285714285714,2780.0,3174.975103014496,3857.9666666666667,4770.5,2537.2714707125715,640.0,0,1,1,0,0,0,0,0,1,0
218,2,2014-04-22,0.9749279121818236,-0.22252093395631434,0.8660254037844387,-0.49999999999999983,0.9368813462954315,-0.3496474552512284,0.0,6793.0,5287.0,2852.5714285714284,2780.0,2887.845093787804,4024.733333333333,4842.0,2437.4061245701214,640.0,0,1,1,0,0,0,0,0,1,5003
218,2,2014-04-23,0.43388373911755823,-0.900968867902419,0.8660254037844387,-0.49999999999999983,0.9307239310379795,-0.36572252349726897,5003.0,6128.0,4461.0,2557.5714285714284,2780.0,2587.3224806829985,3987.3,4770.5,2427.5601224842703,640.0,0,1,1,0,0,0,0,0,1,4063
218,2,2014-04-24,-0.433883739117558,-0.9009688679024191,0.8660254037844387,-0.49999999999999983,0.9242907221930934,-0.3816892202666588,4063.0,6057.0,5071.0,2314.1428571428573,2780.0,2263.0431892013203,3969.0,4610.0,2422.490952262379,640.0,0,1,1,0,0,0,0,0,1,4353
218,2,2014-04-25,-0.9749279121818236,-0.2225209339563146,0.8660254037844387,-0.49999999999999983,0.9175836260593937,-0.39754281428255595,4353.0,0.0,4759.0,2922.285714285714,4063.0,2103.915374905063,3970.5666666666666,4610.0,2422.6673769917766,640.0,0,1,1,0,0,0,0,0,1,4257
218,2,2014-04-26,-0.7818314824680299,0.6234898018587334,0.8660254037844387,-0.49999999999999983,0.9106046300942163,-0.4132786077829042,4257.0,2780.0,2212.0,2849.5714285714284,4063.0,2118.398597773239,3886.866666666667,4407.0,2437.000215546707,640.0,0,1,1,0,0,0,0,0,1,2271
218,2,2014-04-27,-2.4492935982947064e-16,1.0,0.8660254037844387,-0.49999999999999983,0.9033558023246845,-0.4288919379124835,2271.0,0.0,0.0,2849.5714285714284,4063.0,2118.398597773239,3742.1666666666665,4407.0,2535.972126510219,640.0,0,1,1,0,0,0,0,0,1,0
218,2,2014-04-28,0.7818314824680298,0.6234898018587336,0.8660254037844387,-0.49999999999999983,0.895839290734909,-0.4443781781046132,0.0,0.0,7207.0,3741.4285714285716,4257.0,2031.13727232987,3868.7,4610.0,2563.6710901792126,640.0,1,1,1,0,0,0,0,0,1,6243
218,2,2014-04-29,0.9749279121818236,-0.22252093395631434,0.8660254037844387,-0.49999999999999983,0.8880573226294932,-0.45973273945210397,6243.0,5003.0,6793.0,3846.4285714285716,4257.0,2124.0947763806644,4059.9666666666667,4881.0,2477.692398087425,640.0,1,1,1,0,0,0,0,0,1,5738
218,2,2014-04-30,0.43388373911755823,-0.900968867902419,0.8660254037844387,-0.49999999999999983,0.8800122039735357,-0.47495107206704995,5738.0,4063.0,6128.0,4208.714285714285,4353.0,2369.305855750845,4037.233333333333,4881.0,2450.0947157389523,640.0,1,1,1,0,0,0,0,0,1,6599
218,2,2014-05-01,-0.433883739117558,-0.9009688679024191,0.49999999999999994,-0.8660254037844387,0.8717063187093218,-0.49002866642905923,6599.0,4353.0,6057.0,3586.8571428571427,4257.0,2848.0161181994413,3805.4333333333334,4610.0,2493.2028104474316,640.0,1,1,1,0,0,0,0,0,1,0
218,2,2014-05-02,-0.9749279121818236,-0.2225209339563146,0.49999999999999994,-0.8660254037844387,0.8631421280499114,-0.5049610547215204,0.0,4257.0,0.0,3860.0,5738.0,3010.0746391631783,3810.7,4610.0,2498.1844324670415,640.0,1,1,1,0,0,0,0,0,1,6169
218,2,2014-05-03,-0.7818314824680299,0.6234898018587334,0.49999999999999994,-0.8660254037844387,0.854322169749827,-0.5197438121555155,6169.0,2271.0,2780.0,3891.714285714286,5738.0,2991.655712939226,3683.9666666666667,4407.0,2464.0140013503487,640.0,0,1,1,0,0,0,0,0,1,2493
218,2,2014-05-04,-2.4492935982947064e-16,1.0,0.49999999999999994,-0.8660254037844387,0.8452490573530633,-0.5343725582809787,2493.0,0.0,0.0,3891.714285714286,5738.0,2991.655712939226,3508.766666666667,4305.0,2534.241744494832,640.0,0,1,1,0,0,0,0,0,1,0
218,2,2014-05-05,0.7818314824680298,0.6234898018587336,0.49999999999999994,-0.8660254037844387,0.835925479418637,-0.548842958284719,0.0,6243.0,0.0,4130.857142857143,5738.0,3265.3248653373653,3698.766666666667,4407.0,2645.2945560949784,640.0,1,1,1,0,0,0,0,0,1,7917
218,2,2014-05-06,0.9749279121818236,-0.22252093395631434,0.49999999999999994,-0.8660254037844387,0.8263541987239096,-0.5631507242749186,7917.0,5738.0,5003.0,4307.428571428572,6169.0,3397.4595831367333,3931.233333333333,4610.0,2615.306215121005,640.0,1,1,1,0,0,0,0,0,1,6974
218,2,2014-05-07,0.43388373911755823,-0.900968867902419,0.49999999999999994,-0.8660254037844387,0.8165380514459161,-0.5772916165517272,6974.0,6599.0,4063.0,4214.285714285715,5947.0,3332.4804432677333,3959.4,4610.0,2632.841595874218,640.0,1,1,1,0,0,0,0,0,1,5947
218,2,2014-05-08,-0.433883739117558,-0.9009688679024191,0.49999999999999994,-0.8660254037844387,0.8064799463209448,-0.5912614448635781,5947.0,0.0,4353.0,5128.142857142857,6169.0,2822.2523173623485,3996.4,4610.0,2659.803552507406,640.0,1,1,1,0,0,0,0,0,1,6397
218,2,2014-05-09,-0.9749279121818236,-0.2225209339563146,0.49999999999999994,-0.8660254037844387,0.7961828637826158,-0.6050560696488488,6397.0,6169.0,4257.0,5041.714285714285,5947.0,2794.18883365016,4033.1666666666665,4881.0,2674.0325750902252,640.0,1,1,1,0,0,0,0,0,1,5564
218,2,2014-05-10,-0.7818314824680299,0.6234898018587334,0.49999999999999994,-0.8660254037844387,0.7856498550787145,-0.6186714032625031,5564.0,2493.0,2271.0,5041.0,5947.0,2794.9494926861685,3947.0666666666666,4556.0,2681.0387967884835,640.0,0,1,1,0,0,0,0,0,1,2488
218,2,2014-05-11,-2.4492935982947064e-16,1.0,0.49999999999999994,-0.8660254037844387,0.7748840413670407,-0.6321034111873487,2488.0,0.0,0.0,5041.0,5947.0,2794.9494926861685,3788.4333333333334,4305.0,2770.635837434819,640.0,0,1,1,0,0,0,0,0,1,0
218,2,2014-05-12,0.7818314824680298,0.6234898018587336,0.49999999999999994,-0.8660254037844387,0.7638886127905428,-0.6453481132295501,0.0,7917.0,6243.0,4656.142857142857,5564.0,2503.1779420416387,3888.8,4678.0,2766.0933536992734,640.0,0,1,1,0,0,0,0,0,1,5223
218,2,2014-05-13,0.9749279121818236,-0.22252093395631434,0.49999999999999994,-0.8660254037844387,0.7526668275320084,-0.6584015846980488,5223.0,6974.0,5738.0,4308.428571428572,5223.0,2287.2869559912297,4040.133333333333,4771.5,2668.469427416671,640.0,0,1,1,0,0,0,0,0,1,4540
218,2,2014-05-14,0.43388373911755823,-0.900968867902419,0.49999999999999994,-0.8660254037844387,0.741222010848596,-0.6712599575675313,4540.0,5947.0,6599.0,4049.714285714286,4540.0,2170.4981543634735,3937.766666666667,4446.5,2600.841517442106,640.0,0,1,1,0,0,0,0,0,1,4136
218,2,2014-05-15,-0.433883739117558,-0.9009688679024191,0.49999999999999994,-0.8660254037844387,0.7295575540864875,-0.6839194216246106,4136.0,6397.0,0.0,3796.714285714286,4540.0,1942.5355178465193,3865.5333333333333,4446.5,2548.3713491823196,640.0,0,1,1,0,0,0,0,0,1,4626
218,2,2014-05-16,-0.9749279121818236,-0.2225209339563146,0.49999999999999994,-0.8660254037844387,0.717676913675962,-0.6963762255968722,4626.0,5564.0,6169.0,3585.4285714285716,4136.0,1792.948396463479,3797.4333333333334,4305.0,2512.877052624974,640.0,0,1,1,0,0,0,0,0,1,4085
218,2,2014-05-17,-0.7818314824680299,0.6234898018587334,0.49999999999999994,-0.8660254037844387,0.705583610107178,-0.7086266782644596,4085.0,2488.0,2493.0,3550.8571428571427,4136.0,1819.768156347712,3670.4,4196.5,2490.9433277513454,640.0,0,1,1,0,0,0,0,0,1,2246
218,2,2014-05-18,-2.4492935982947064e-16,1.0,0.49999999999999994,-0.8660254037844387,0.6932812268869777,-0.7206671495538609,2246.0,0.0,0.0,3550.8571428571427,4136.0,1819.7681563477122,3670.4,4196.5,2490.9433277513454,640.0,0,1,1,0,0,0,0,0,1,0
218,2,2014-05-19,0.7818314824680298,0.6234898018587336,0.49999999999999994,-0.8660254037844387,0.6807734094770161,-0.7324940716135789,0.0,5223.0,7917.0,3795.4285714285716,4136.0,2164.370259231915,3808.9,4305.0,2554.431542808797,640.0,1,1,1,0,0,0,0,0,1,6935
218,2,2014-05-20,0.9749279121818236,-0.22252093395631434,0.49999999999999994,-0.8660254037844387,0.6680638642135335,-0.7441039398713607,6935.0,4540.0,6974.0,4030.1428571428573,4136.0,2340.493781845436,4015.0,4446.5,2485.0089155463425,640.0,1,1,1,0,0,0,0,0,1,6183
218,2,2014-05-21,0.43388373911755823,-0.900968867902419,0.49999999999999994,-0.8660254037844387,0.6551563572090853,-0.7554933140726803,6183.0,4136.0,5947.0,4233.428571428572,4626.0,2411.928333453192,4200.3,4583.0,2380.3537718814673,640.0,1,1,1,0,0,0,0,0,1,5559
218,2,2014-05-22,-0.433883739117558,-0.9009688679024191,0.49999999999999994,-0.8660254037844387,0.6420547132365637,-0.766658819300159,5559.0,4626.0,6397.0,4350.428571428572,5445.0,2453.648973613441,4215.033333333334,4583.0,2386.8524719782095,640.0,1,1,1,0,0,0,0,0,1,5445
218,2,2014-05-23,-0.9749279121818236,-0.2225209339563146,0.49999999999999994,-0.8660254037844387,0.6287628145958344,-0.777597146973627,5445.0,4085.0,5564.0,4503.0,5445.0,2467.5589152034454,4251.366666666667,4889.5,2392.7472377328418,640.0,1,1,1,0,0,0,0,0,1,5153
218,2,2014-05-24,-0.7818314824680299,0.6234898018587334,0.49999999999999994,-0.8660254037844387,0.6152845999633276,-0.7883050558305255,5153.0,2246.0,2488.0,4509.571428571428,5445.0,2460.597885145185,4182.666666666667,4889.5,2419.1701246406806,640.0,0,1,1,0,0,0,0,0,1,2292
218,2,2014-05-25,-2.4492935982947064e-16,1.0,0.49999999999999994,-0.8660254037844387,0.6016240632249226,-0.7987793728863649,2292.0,0.0,0.0,4509.571428571428,5445.0,2460.597885145185,4040.766666666667,4889.5,2536.6570817859265,640.0,0,1,1,0,0,0,0,0,1,0
218,2,2014-05-26,0.7818314824680298,0.6234898018587336,0.49999999999999994,-0.8660254037844387,0.5877852522924732,-0.8090169943749473,0.0,6935.0,5223.0,4166.428571428572,5153.0,2221.8936261023596,4116.166666666667,4889.5,2515.770329456704,640.0,0,1,1,0,0,0,0,0,1,4533
218,2,2014-05-27,0.9749279121818236,-0.22252093395631434,0.49999999999999994,-0.8660254037844387,0.5737722679043246,-0.8190148866680801,4533.0,6183.0,4540.0,4010.5714285714284,5092.0,2091.2894632373645,4285.9,5122.5,2397.4774868598834,640.0,0,1,1,0,0,0,0,0,1,5092
218,2,2014-05-28,0.43388373911755823,-0.900968867902419,0.49999999999999994,-0.8660254037844387,0.5595892624101765,-0.8287700871745037,5092.0,5559.0,4136.0,4019.285714285714,5092.0,2098.9301810117245,4265.133333333333,5122.5,2382.592730522825,640.0,0,1,1,0,0,0,0,0,1,5620
218,2,2014-05-29,-0.433883739117558,-0.9009688679024191,0.49999999999999994,-0.8660254037844387,0.545240438540651,-0.8382797052177743,5620.0,5445.0,4626.0,3241.4285714285716,4533.0,2460.339126837523,4073.866666666667,4859.0,2488.2498590213004,640.0,0,1,1,0,0,0,0,0,1,0
218,2,2014-05-30,-0.9749279121818236,-0.2225209339563146,0.49999999999999994,-0.8660254037844387,0.5307300481619334,-0.8475409228928311,0.0,5153.0,4085.0,3386.1428571428573,4533.0,2616.359712053591,4059.4333333333334,4859.0,2474.314306733429,640.0,0,1,1,0,0,0,0,0,1,6166
218,2,2014-05-31,-0.7818314824680299,0.6234898018587334,0.49999999999999994,-0.8660254037844387,0.5160623910158528,-0.8565509959010036,6166.0,2292.0,2246.0,3482.285714285714,4533.0,2581.586638373498,4158.266666666666,4859.0,2363.3002338683677,640.0,0,1,1,0,0,0,0,0,1,2965
218,2,2014-06-01,-2.4492935982947064e-16,1.0,1.2246467991473532e-16,-1.0,0.5012418134457758,-0.865307254363206,2965.0,0.0,0.0,3482.285714285714,4533.0,2581.586638373498,3952.633333333333,4583.0,2449.1380113931014,640.0,0,1,1,0,0,0,0,0,1,0
218,2,2014-06-02,0.7818314824680298,0.6234898018587336,1.2246467991473532e-16,-1.0,0.48627270710869,-0.8738071036110808,0.0,4533.0,6935.0,4014.714285714286,5092.0,3155.0417173304136,4144.866666666667,4859.0,2554.6732125632993,640.0,1,1,1,0,0,0,0,0,1,8260
218,2,2014-06-03,0.9749279121818236,-0.22252093395631434,1.2246467991473532e-16,-1.0,0.4711595076738638,-0.8820480249558537,8260.0,5092.0,6183.0,4248.142857142857,5620.0,3304.9163594344027,4369.066666666667,5122.5,2472.1808176996847,640.0,1,1,1,0,0,0,0,0,1,6726
218,2,2014-06-04,0.43388373911755823,-0.900968867902419,1.2246467991473532e-16,-1.0,0.4559066935084588,-0.8900275764346767,6726.0,5620.0,5559.0,4340.285714285715,6166.0,3358.1026743428465,4314.0,5122.5,2407.9926108260975,640.0,1,1,1,0,0,0,0,0,1,6265
218,2,2014-06-05,-0.433883739117558,-0.9009688679024191,1.2246467991473532e-16,-1.0,0.440518784350495,-0.8977433935342337,6265.0,0.0,5445.0,5239.0,6265.0,2798.050392684164,4291.233333333334,5122.5,2385.095988574176,640.0,1,1,1,0,0,0,0,0,1,6291
218,2,2014-06-06,-0.9749279121818236,-0.2225209339563146,1.2246467991473532e-16,-1.0,0.42500033996955416,-0.9051931898913974,6291.0,6166.0,5153.0,5178.428571428572,6265.0,2779.163954450023,4284.4,5122.5,2380.477807731765,640.0,1,1,1,0,0,0,0,0,1,5742
218,2,2014-06-07,-0.7818314824680299,0.6234898018587334,1.2246467991473532e-16,-1.0,0.4093559588156213,-0.9123747579707273,5742.0,2965.0,2292.0,5140.142857142857,6265.0,2816.335528576774,4161.066666666667,4859.0,2363.034211571524,640.0,0,1,1,0,0,0,0,0,1,2697
218,2,2014-06-08,-2.4492935982947064e-16,1.0,1.2246467991473532e-16,-1.0,0.39359027665646673,-0.9192859697186104,2697.0,0.0,0.0,5140.142857142857,6265.0,2816.335528576774,3975.6,4583.0,2465.2642524651874,640.0,0,1,1,0,0,0,0,0,1,0
218,2,2014-06-09,0.7818314824680298,0.6234898018587336,1.2246467991473532e-16,-1.0,0.3777079652039649,-0.9259247771938498,0.0,8260.0,4533.0,3960.1428571428573,5742.0,3014.7204087372934,3892.6666666666665,4583.0,2557.16984363483,640.0,0,1,1,0,0,0,0,0,1,0
218,2,2014-06-10,0.9749279121818236,-0.22252093395631434,1.2246467991473532e-16,-1.0,0.36171373072976765,-0.9322892131745133,0.0,6726.0,5092.0,3757.285714285714,5306.0,2840.3210918418918,4069.5333333333333,4859.0,2460.3098590012664,640.0,0,1,1,0,0,0,0,0,1,5306
218,2,2014-06-11,0.43388373911755823,-0.900968867902419,1.2246467991473532e-16,-1.0,0.3456123126707335,-0.9383773917408641,5306.0,6265.0,5620.0,3501.8571428571427,4477.0,2651.326550274501,4044.6666666666665,4583.0,2452.0055596119264,640.0,0,1,1,0,0,0,0,0,1,4477
218,2,2014-06-12,-0.433883739117558,-0.9009688679024191,1.2246467991473532e-16,-1.0,0.3294084822245304,-0.9441875088341993,4477.0,6291.0,0.0,3295.4285714285716,4477.0,2446.30018988832,4054.866666666667,4736.0,2454.7720272455254,640.0,0,1,1,0,0,0,0,0,1,4846
218,2,2014-06-13,-0.9749279121818236,-0.2225209339563146,1.2246467991473532e-16,-1.0,0.3131070409358269,-0.9497178427914316,4846.0,5742.0,6166.0,3125.4285714285716,4477.0,2283.9026436593786,4068.733333333333,4736.0,2456.420551623187,640.0,0,1,1,0,0,0,0,0,1,4552
218,2,2014-06-14,-0.7818314824680299,0.6234898018587334,1.2246467991473532e-16,-1.0,0.29671281927349075,-0.9549667548552551,4552.0,2697.0,2965.0,3096.1428571428573,4477.0,2291.6131456953685,3997.6,4699.0,2470.584177742245,640.0,0,1,1,0,0,0,0,0,1,2492
218,2,2014-06-15,-2.4492935982947064e-16,1.0,1.2246467991473532e-16,-1.0,0.28023067519921585,-0.9599326896597447,2492.0,0.0,0.0,3096.1428571428573,4477.0,2291.6131456953685,3861.4333333333334,4699.0,2575.9278567127003,640.0,0,1,1,0,0,0,0,0,1,0
218,2,2014-06-16,0.7818314824680298,0.6234898018587336,1.2246467991473532e-16,-1.0,0.26366549272800704,-0.9646141756912435,0.0,0.0,8260.0,3967.714285714286,4552.0,2066.9846567956383,3989.9333333333334,4969.0,2588.6848735820713,640.0,1,1,1,0,0,0,0,0,1,6101
218,2,2014-06-17,0.9749279121818236,-0.22252093395631434,1.2246467991473532e-16,-1.0,0.24702218048093552,-0.9690098257244062,6101.0,5306.0,6726.0,4088.1428571428573,4552.0,2179.4506516223655,4194.9,5122.5,2503.9214258631464,640.0,1,1,1,0,0,0,0,0,1,6149
218,2,2014-06-18,0.43388373911755823,-0.900968867902419,1.2246467991473532e-16,-1.0,0.23030567023061221,-0.9731183372332619,6149.0,4477.0,6265.0,4252.571428571428,4846.0,2255.760171733902,4151.333333333333,5122.5,2465.6798647436535,640.0,1,1,1,0,0,0,0,0,1,5628
218,2,2014-06-19,-0.433883739117558,-0.9009688679024191,1.2246467991473532e-16,-1.0,0.21352091543979612,-0.9769384927771817,5628.0,4846.0,6291.0,3560.285714285714,4552.0,2735.81533942417,3945.233333333333,4969.0,2547.069454441144,640.0,1,1,1,0,0,0,0,0,1,0
218,2,2014-06-20,-0.9749279121818236,-0.2225209339563146,1.2246467991473532e-16,-1.0,0.19667288979357647,-0.980469160361632,0.0,4552.0,5742.0,3763.1428571428573,5628.0,2870.9152099734947,3959.0,4969.0,2557.188488460955,640.0,1,1,1,0,0,0,0,0,1,5972
218,2,2014-06-21,-0.7818314824680299,0.6234898018587334,1.2246467991473532e-16,-1.0,0.1797665857255624,-0.9837092937736097,5972.0,2492.0,2697.0,3716.1428571428573,5628.0,2897.7610568949876,3849.6,4699.0,2561.623577289239,640.0,0,1,1,0,0,0,0,0,1,2163
218,2,2014-06-22,-2.4492935982947064e-16,1.0,1.2246467991473532e-16,-1.0,0.16280701293851715,-0.986657932891657,2163.0,0.0,0.0,3716.1428571428573,5628.0,2897.7610568949876,3677.8333333333335,4542.5,2642.6932459053974,640.0,0,1,1,0,0,0,0,0,1,0
218,2,2014-06-23,0.7818314824680298,0.6234898018587336,1.2246467991473532e-16,-1.0,0.1457991969198751,-0.9893142039703663,0.0,6101.0,0.0,3544.5714285714284,4900.0,2765.562984104255,3764.766666666667,4699.0,2638.4258327102216,640.0,0,1,1,0,0,0,0,0,1,4900
218,2,2014-06-24,0.9749279121818236,-0.22252093395631434,1.2246467991473532e-16,-1.0,0.12874817745258132,-0.99167731989929,4900.0,6149.0,5306.0,3365.8571428571427,4898.0,2604.9689971649354,3928.0333333333333,4872.0,2547.4023616134937,640.0,0,1,1,0,0,0,0,0,1,4898
218,2,2014-06-25,0.43388373911755823,-0.900968867902419,1.2246467991473532e-16,-1.0,0.11165900712169512,-0.993746580436178,4898.0,5628.0,4477.0,3128.8571428571427,3969.0,2434.765178860271,3909.233333333333,4872.0,2544.863625955746,640.0,0,1,1,0,0,0,0,0,1,3969
218,2,2014-06-26,-0.433883739117558,-0.9009688679024191,1.2246467991473532e-16,-1.0,0.09453674981719912,-0.9955213724144752,3969.0,0.0,4846.0,3759.714285714286,4416.0,2026.8865051506748,3886.7,4699.0,2537.010447425239,640.0,0,1,1,0,0,0,0,0,1,4416
218,2,2014-06-27,-0.9749279121818236,-0.2225209339563146,1.2246467991473532e-16,-1.0,0.07738647923346301,-0.9970011699250151,4416.0,5972.0,4552.0,3524.285714285714,4324.0,1811.3456061066636,3843.5,4514.5,2517.436801932498,640.0,0,1,1,0,0,0,0,0,1,4324
218,2,2014-06-28,-0.7818314824680299,0.6234898018587334,1.2246467991473532e-16,-1.0,0.06021327736579302,-0.9981855344718586,4324.0,2163.0,2492.0,3542.0,4324.0,1796.3582604814696,3919.733333333333,4514.5,2430.1483413404053,640.0,0,1,1,0,0,0,0,0,1,2287
218,2,2014-06-29,-2.4492935982947064e-16,1.0,1.2246467991473532e-16,-1.0,0.04302223300453059,-0.99907411510223,2287.0,0.0,0.0,3542.0,4324.0,1796.3582604814696,3714.2,4446.5,2493.538441376165,640.0,0,1,1,0,0,0,0,0,1,0
218,2,2014-06-30,0.7818314824680298,0.6234898018587336,1.2246467991473532e-16,-1.0,0.02581844022713308,-0.9996666485105112,0.0,4900.0,6101.0,3846.8571428571427,4324.0,2200.785952682319,3849.8333333333335,4514.5,2561.129627969727,640.0,1,1,1,0,0,0,0,0,1,7034
218,2,2015-01-01,-0.433883739117558,-0.9009688679024191,0.49999999999999994,0.8660254037844387,0.017213356155834685,0.9998518392091162,7034.0,4898.0,6149.0,3147.1428571428573,3969.0,2560.174501121064,3849.8333333333335,4514.5,2561.129627969727,640.0,0,1,1,0,0,0,0,0,1,0
218,2,2015-01-02,-0.9749279121818236,-0.2225209339563146,0.49999999999999994,0.8660254037844387,0.03442161162274574,0.9994074007397048,0.0,3969.0,5628.0,3243.8571428571427,4324.0,2608.722831104106,3729.366666666667,4514.5,2428.0764983025515,640.0,0,1,1,0,0,0,0,0,1,4646
218,2,2015-01-03,-0.7818314824680299,0.6234898018587334,0.49999999999999994,0.8660254037844387,0.051619667223253764,0.998666816288476,4646.0,4416.0,0.0,2920.4285714285716,2287.0,2579.360376601332,3576.9,4446.5,2376.47958050384,640.0,0,1,1,0,0,0,0,0,1,2152
218,2,2015-01-04,-2.4492935982947064e-16,1.0,0.49999999999999994,0.8660254037844387,0.06880242680231986,0.9976303053065857,2152.0,4324.0,5972.0,2302.714285714286,2152.0,2702.05148694381,3368.0666666666666,4370.0,2407.1874550350553,640.0,0,1,1,0,0,0,0,0,1,0
218,2,2015-01-05,0.7818314824680298,0.6234898018587336,0.49999999999999994,0.8660254037844387,0.08596479873744647,0.9962981749346078,0.0,2287.0,2163.0,2998.1428571428573,2152.0,3265.107881248411,3396.866666666667,4370.0,2448.1832353855734,640.0,1,1,1,0,0,0,0,0,1,7155
218,2,2015-01-06,0.9749279121818236,-0.22252093395631434,0.49999999999999994,0.8660254037844387,0.10310169744743485,0.9946708199115211,7155.0,0.0,0.0,2998.1428571428573,2152.0,3265.107881248411,3205.4666666666667,4146.5,2482.7297786958156,640.0,1,1,1,0,0,0,0,0,1,0
218,2,2015-01-07,0.43388373911755823,-0.900968867902419,0.49999999999999994,0.8660254037844387,0.1202080448993527,0.9927487224577402,0.0,7034.0,4900.0,3019.1428571428573,2152.0,3295.7204790744145,3354.9333333333334,4370.0,2583.9730559785203,640.0,1,1,1,0,0,0,0,0,1,7181
218,2,2015-01-08,-0.433883739117558,-0.9009688679024191,0.49999999999999994,0.8660254037844387,0.13727877211326478,0.9905324521322229,7181.0,0.0,4898.0,3789.285714285714,4646.0,3096.4841198950007,3534.633333333333,4446.5,2529.4936999646598,640.0,1,1,1,0,0,0,0,0,1,5391
218,2,2015-01-09,-0.9749279121818236,-0.2225209339563146,0.49999999999999994,0.8660254037844387,0.15430882066428117,0.9880226656636976,5391.0,4646.0,3969.0,3948.4285714285716,5391.0,3175.4725032737456,3726.633333333333,4514.5,2469.8493390227773,640.0,1,1,1,0,0,0,0,0,1,5760
218,2,2015-01-10,-0.7818314824680299,0.6234898018587334,0.49999999999999994,0.8660254037844387,0.1712931441814776,0.9852201067560606,5760.0,2152.0,4416.0,3990.8571428571427,5391.0,3149.3460394485846,3631.4,4446.5,2461.9195146372494,640.0,0,1,1,0,0,0,0,0,1,2449
218,2,2015-01-11,-2.4492935982947064e-16,1.0,0.49999999999999994,0.8660254037844387,0.1882267098432442,0.9821256058680006,2449.0,0.0,4324.0,3990.8571428571427,5391.0,3149.3460394485846,3482.1666666666665,4370.0,2543.2418367567543,640.0,0,1,1,0,0,0,0,0,1,0
218,2,2015-01-12,0.7818314824680298,0.6234898018587336,0.49999999999999994,0.8660254037844387,0.2051044998686192,0.9787400799669153,0.0,7155.0,2287.0,3950.8571428571427,5391.0,3103.910513560352,3549.8,4370.0,2606.94259291581,640.0,1,1,1,0,0,0,0,0,1,6875
218,2,2015-01-13,0.9749279121818236,-0.22252093395631434,0.49999999999999994,0.8660254037844387,0.22192151300416552,0.9750645322571948,6875.0,0.0,0.0,4888.857142857143,5760.0,2673.2113913525714,3616.9333333333334,4370.0,2659.052150716467,640.0,1,1,1,0,0,0,0,0,1,6566
218,2,2015-01-14,0.43388373911755823,-0.900968867902419,0.49999999999999994,0.8660254037844387,0.2386727660059501,0.9711000518829505,6566.0,7181.0,7034.0,4680.142857142857,5720.0,2516.886398480701,3724.5333333333333,4531.0,2677.2108071175703,640.0,1,1,1,0,0,0,0,0,1,5720
218,2,2015-01-15,-0.433883739117558,-0.9009688679024191,0.49999999999999994,0.8660254037844387,0.255353295116187,0.9668478136052775,5720.0,5391.0,0.0,4699.428571428572,5720.0,2523.7490536331647,3908.733333333333,4772.0,2601.137137714078,640.0,1,1,1,0,0,0,0,0,1,5526
218,2,2015-01-16,-0.9749279121818236,-0.2225209339563146,0.49999999999999994,0.8660254037844387,0.2719581575341055,0.9623090774541486,5526.0,5760.0,4646.0,4567.285714285715,5526.0,2482.8475395726405,3866.5333333333333,4740.5,2574.477044095499,640.0,1,1,1,0,0,0,0,0,1,4835
218,2,2015-01-17,-0.7818314824680299,0.6234898018587334,0.49999999999999994,0.8660254037844387,0.288482432880609,0.9574851883550393,4835.0,2449.0,2152.0,4504.285714285715,5526.0,2550.235852771644,3728.5,4531.0,2558.844873415909,640.0,0,1,1,0,0,0,0,0,1,2008
218,2,2015-01-18,-2.4492935982947064e-16,1.0,0.49999999999999994,0.8660254037844387,0.30492122465628907,0.9523775757303974,2008.0,0.0,0.0,4504.285714285715,5526.0,2550.235852771644,3540.9,4370.0,2620.3495732834735,640.0,0,1,1,0,0,0,0,0,1,0
218,2,2015-01-19,0.7818314824680298,0.6234898018587336,0.49999999999999994,0.8660254037844387,0.3212696616923644,0.9469877530760753,0.0,6875.0,7155.0,4224.571428571428,4917.0,2346.081261532579,3704.8,4531.0,2543.8940202388308,640.0,0,1,1,0,0,0,0,0,1,4917
218,2,2015-01-20,0.9749279121818236,-0.22252093395631434,0.49999999999999994,0.8660254037844387,0.3375228995941133,0.9413173175128471,4917.0,6566.0,0.0,3887.8571428571427,4835.0,2111.43327533467,3646.0333333333333,4370.0,2509.8490335604556,640.0,0,1,1,0,0,0,0,0,1,4209
218,2,2015-01-21,0.43388373911755823,-0.900968867902419,0.49999999999999994,0.8660254037844387,0.3536761221763716,0.9353679493131483,4209.0,5720.0,7181.0,3602.8571428571427,4209.0,1951.4995455265914,3698.1,4370.0,2494.1755786715103,640.0,0,1,1,0,0,0,0,0,1,3725
218,2,2015-01-22,-0.433883739117558,-0.9009688679024191,0.49999999999999994,0.8660254037844387,0.3697245428906731,0.9291414114031743,3725.0,5526.0,5391.0,3524.5714285714284,4209.0,1870.8171883914713,3864.0333333333333,4531.0,2403.608113725655,640.0,0,1,1,0,0,0,0,0,1,4978
218,2,2015-01-23,-0.9749279121818236,-0.2225209339563146,0.49999999999999994,0.8660254037844387,0.38566340624360707,0.9226395488404876,4978.0,4835.0,5760.0,3468.4285714285716,4209.0,1830.3974848051366,3848.766666666667,4429.0,2398.249745174566,640.0,0,1,1,0,0,0,0,0,1,4442
218,2,2015-01-24,-0.7818314824680299,0.6234898018587334,0.49999999999999994,0.8660254037844387,0.401487989205973,0.9158642882672872,4442.0,2008.0,2449.0,3462.4285714285716,4209.0,1836.0427425256119,3751.0333333333333,4370.0,2413.7095428968355,640.0,0,1,1,0,0,0,0,0,1,1966
218,2,2015-01-25,-2.4492935982947064e-16,1.0,0.49999999999999994,0.8660254037844387,0.4171936026123168,0.9088176373395029,1966.0,0.0,0.0,3462.4285714285716,4209.0,1836.0427425256119,3618.733333333333,4370.0,2508.272257858029,640.0,0,1,1,0,0,0,0,0,1,0
218,2,2015-01-26,0.7818314824680298,0.6234898018587336,0.49999999999999994,0.8660254037844387,0.4327755925504312,0.901501684131884,0.0,4917.0,6875.0,3628.8571428571427,4209.0,2032.1911350864186,3674.266666666667,4383.0,2544.710483272733,640.0,1,1,1,0,0,0,0,0,1,6082
218,2,2015-01-27,0.9749279121818236,-0.22252093395631434,0.49999999999999994,0.8660254037844387,0.4482293417404106,0.893918596519257,6082.0,4209.0,6566.0,3945.8571428571427,4442.0,2293.978235044343,3744.4,4544.0,2591.7929169086633,640.0,1,1,1,0,0,0,0,0,1,6428
218,2,2015-01-28,0.43388373911755823,-0.900968867902419,0.49999999999999994,0.8660254037844387,0.4635502709028509,0.886070621534138,6428.0,3725.0,5720.0,4158.571428571428,4978.0,2338.6853042641214,3841.9666666666667,4740.5,2590.1301855622833,640.0,1,1,1,0,0,0,0,0,1,5214
218,2,2015-01-29,-0.433883739117558,-0.9009688679024191,0.49999999999999994,0.8660254037844387,0.47873384011578846,0.8779600847008882,5214.0,4978.0,5526.0,4274.571428571428,5214.0,2405.292695781735,4034.9666666666667,4876.0,2508.4073320890584,640.0,1,1,1,0,0,0,0,0,1,5790
218,2,2015-01-30,-0.9749279121818236,-0.2225209339563146,0.49999999999999994,0.8660254037844387,0.4937755501599772,0.869589389346611,5790.0,4442.0,4835.0,4520.857142857143,5790.0,2511.2238336829223,4006.0333333333333,4876.0,2477.4368078281223,640.0,1,1,1,0,0,0,0,0,1,6166
218,2,2015-01-31,-0.7818314824680299,0.6234898018587334,0.49999999999999994,0.8660254037844387,0.5086709438521044,0.8609610158889943,6166.0,1966.0,2008.0,4634.857142857143,5790.0,2391.15560824827,4098.166666666667,4876.0,2372.4916929956407,640.0,0,1,1,0,0,0,0,0,1,2764
218,2,2015-02-01,-2.4492935982947064e-16,1.0,0.8660254037844386,0.5000000000000001,0.5234156073655503,0.8520775211013093,2764.0,0.0,0.0,4634.857142857143,5790.0,2391.15560824827,3943.3,4876.0,2484.4906943566552,640.0,0,1,1,0,0,0,0,0,1,0
218,2,2015-02-02,0.7818314824680298,0.6234898018587336,0.8660254037844386,0.5000000000000001,0.5380051715382996,0.8429415373547828,0.0,6082.0,4917.0,4797.571428571428,5790.0,2540.1552352263093,4112.266666666666,4947.5,2530.409506634125,640.0,1,1,1,0,0,0,0,0,1,7221
218,2,2015-02-03,0.9749279121818236,-0.22252093395631434,0.8660254037844386,0.5000000000000001,0.5524353131676196,0.8335557718385699,7221.0,6428.0,4209.0,4889.0,5790.0,2618.9172699164583,4347.866666666667,5096.0,2462.453202542666,640.0,1,1,1,0,0,0,0,0,1,7068
218,2,2015-02-04,0.43388373911755823,-0.900968867902419,0.8660254037844386,0.5000000000000001,0.5667017562911176,0.8239230057575542,7068.0,5214.0,3725.0,5016.142857142857,6104.0,2658.62774306417,4312.833333333333,5096.0,2428.379509102701,640.0,1,1,1,0,0,0,0,0,1,6104
218,2,2015-02-05,-0.433883739117558,-0.9009688679024191,0.8660254037844386,0.5000000000000001,0.5808002734538009,0.8140460935082178,6104.0,5790.0,4978.0,5023.285714285715,6104.0,2661.119358107645,4507.5,5302.5,2301.488555036828,640.0,1,1,1,0,0,0,0,0,1,5840
218,2,2015-02-06,-0.9749279121818236,-0.2225209339563146,0.8660254037844386,0.5000000000000001,0.5947266869607634,0.8039279618328213,5840.0,6166.0,4442.0,4891.714285714285,5840.0,2617.617282586445,4442.966666666666,5229.5,2250.517219989941,640.0,1,1,1,0,0,0,0,0,1,5245
218,2,2015-02-07,-0.7818314824680299,0.6234898018587334,0.8660254037844386,0.5000000000000001,0.6084768701151261,0.7935716089521474,5245.0,2764.0,1966.0,4833.714285714285,5840.0,2676.4564081564845,4341.866666666667,5096.0,2274.4585370548302,640.0,0,1,1,0,0,0,0,0,1,2358
218,2,2015-02-08,-2.4492935982947064e-16,1.0,0.8660254037844386,0.5000000000000001,0.6220467484408675,0.7829801036770629,2358.0,0.0,0.0,4833.714285714285,5840.0,2676.4564081564845,4149.866666666667,4947.5,2390.7614676923095,640.0,0,1,1,0,0,0,0,0,1,0
218,2,2015-02-09,0.7818314824680298,0.6234898018587336,0.8660254037844386,0.5000000000000001,0.6354323008901774,0.7721565844991642,0.0,7221.0,6082.0,4518.571428571428,5245.0,2470.460136434971,4235.4,4996.5,2373.652076297268,640.0,0,1,1,0,0,0,0,0,1,5015
218,2,2015-02-10,0.9749279121818236,-0.22252093395631434,0.8660254037844386,0.5000000000000001,0.6486295610349814,0.7611042586607747,5015.0,7068.0,6428.0,4203.571428571428,5015.0,2218.990375309072,4397.5,4996.5,2236.5265364568895,640.0,0,1,1,0,0,0,0,0,1,4863
218,2,2015-02-11,0.43388373911755823,-0.900968867902419,0.8660254037844386,0.5000000000000001,0.6616346182422783,0.7498264012045686,4863.0,6104.0,5214.0,4022.8571428571427,4863.0,2085.9469015750346,4329.633333333333,4947.5,2189.1441956151243,640.0,0,1,1,0,0,0,0,0,1,4839
218,2,2015-02-12,-0.433883739117558,-0.9009688679024191,0.8660254037844386,0.5000000000000001,0.6744436188329455,0.7383263540031065,4839.0,5840.0,5790.0,3924.8571428571427,4863.0,2000.7204892714242,4282.566666666667,4947.5,2154.306059697777,640.0,0,1,1,0,0,0,0,0,1,5154
218,2,2015-02-13,-0.9749279121818236,-0.2225209339563146,0.8660254037844386,0.5000000000000001,0.6870527672236669,0.7266075247685656,5154.0,5245.0,6166.0,3860.4285714285716,4839.0,1957.9270378934698,4251.7,4890.0,2139.5839935644567,640.0,0,1,1,0,0,0,0,0,1,4794
218,2,2015-02-14,-0.7818314824680299,0.6234898018587334,0.8660254037844386,0.5000000000000001,0.6994583270516471,0.7146733860429609,4794.0,2358.0,2764.0,3864.285714285714,4839.0,1954.4975240272329,4147.0,4851.0,2151.892799534782,640.0,0,1,1,0,0,0,0,0,1,2385
218,2,2015-02-15,-2.4492935982947064e-16,1.0,0.8660254037844386,0.5000000000000001,0.7116566222817746,0.702527474169157,2385.0,0.0,0.0,3864.285714285714,4839.0,1954.4975240272329,3985.8333333333335,4851.0,2276.064814593352,640.0,0,1,1,0,0,0,0,0,1,0
218,2,2015-02-16,0.7818314824680298,0.6234898018587336,0.8660254037844386,0.5000000000000001,0.7236440382959124,0.6901733882429719,0.0,5015.0,7221.0,3979.8571428571427,4839.0,2055.2048907243175,4113.033333333334,4890.0,2268.3375118831145,640.0,1,1,1,0,0,0,0,0,1,5824
218,2,2015-02-17,0.9749279121818236,-0.22252093395631434,0.8660254037844386,0.5000000000000001,0.7354170229639855,0.6776147890466889,5824.0,4863.0,7068.0,3920.5714285714284,4794.0,2031.3302584876815,4261.3,4890.0,2131.4635274771895,640.0,1,1,1,0,0,0,0,0,1,4448
218,2,2015-02-18,0.43388373911755823,-0.900968867902419,0.8660254037844386,0.5000000000000001,0.7469720876965552,0.6648553979642865,4448.0,4839.0,6104.0,4085.285714285714,4794.0,2160.833381999157,4297.133333333333,4920.5,2151.8061817176163,640.0,1,1,1,0,0,0,0,0,1,5992
218,2,2015-02-19,-0.433883739117558,-0.9009688679024191,0.8660254037844386,0.5000000000000001,0.7583058084785625,0.6518989958787126,5992.0,5154.0,5840.0,4145.0,4794.0,2200.6973894654416,4342.566666666667,4996.5,2164.234493690124,640.0,1,1,1,0,0,0,0,0,1,5572
218,2,2015-02-20,-0.9749279121818236,-0.2225209339563146,0.8660254037844386,0.5000000000000001,0.7694148268839378,0.6387494220515272,5572.0,4794.0,5245.0,4197.285714285715,5160.0,2222.922304406652,4390.4,5084.5,2165.971830937277,640.0,1,1,1,0,0,0,0,0,1,5160
218,2,2015-02-21,-0.7818314824680299,0.6234898018587334,0.8660254037844386,0.5000000000000001,0.7802958510707755,0.6254105729852463,5160.0,2385.0,2358.0,4139.428571428572,5160.0,2282.427279392335,4290.466666666666,5084.5,2206.7040445492166,640.0,0,1,1,0,0,0,0,0,1,1980
218,2,2015-02-22,-2.4492935982947064e-16,1.0,0.8660254037844386,0.5000000000000001,0.7909456567567772,0.6118864012687243,1980.0,0.0,0.0,4139.428571428572,5160.0,2282.427279392335,4142.4,5084.5,2341.117985213398,640.0,0,1,1,0,0,0,0,0,1,0
218,2,2015-02-23,0.7818314824680298,0.6234898018587336,0.8660254037844386,0.5000000000000001,0.8013610881746766,0.5981809144059164,0.0,5824.0,5015.0,3969.8571428571427,4637.0,2178.1246083555047,4231.433333333333,5084.5,2306.0211543625965,640.0,0,1,1,0,0,0,0,0,1,4637
218,2,2015-02-24,0.9749279121818236,-0.22252093395631434,0.8660254037844386,0.5000000000000001,0.8115390590073611,0.5842981736283683,4637.0,4448.0,4863.0,4008.0,4715.0,2190.197631874046,4388.6,5084.5,2163.9845209466116,640.0,0,1,1,0,0,0,0,0,1,4715
218,2,2015-02-25,0.43388373911755823,-0.900968867902419,0.8660254037844386,0.5000000000000001,0.8214765533024142,0.5702422926917871,4715.0,5992.0,4839.0,3861.1428571428573,4715.0,2065.9342058393713,4351.333333333333,4989.5,2143.344620195158,640.0,0,1,1,0,0,0,0,0,1,4964
218,2,2015-02-26,-0.433883739117558,-0.9009688679024191,0.8660254037844386,0.5000000000000001,0.8311706263658079,0.5560174366570446,4964.0,5572.0,5154.0,3736.1428571428573,4697.0,1969.3803956719876,4293.633333333333,4913.5,2108.52882988039,640.0,0,1,1,0,0,0,0,0,1,4697
218,2,2015-02-27,-0.9749279121818236,-0.2225209339563146,0.8660254037844386,0.5000000000000001,0.8406184056344782,0.5416278206559814,4697.0,5160.0,4794.0,3732.714285714286,4697.0,1966.5072009602666,4291.033333333334,4913.5,2107.4025928867345,640.0,0,1,1,0,0,0,0,0,1,5136
218,2,2015-02-28,-0.7818314824680299,0.6234898018587334,0.8660254037844386,0.5000000000000001,0.8498170915275278,0.5270777086423722,5136.0,1980.0,2385.0,3880.4285714285716,4697.0,1848.1842311796092,4198.5,4851.0,2100.2484705222423,640.0,0,1,1,0,0,0,0,0,1,3014
218,2,2015-03-01,-2.4492935982947064e-16,1.0,1.0,6.123233995736766e-17,0.8587639582758029,0.5123714121284237,3014.0,0.0,0.0,3880.4285714285716,4697.0,1848.1842311796095,3992.9666666666667,4816.5,2200.3862746052673,640.0,0,1,1,0,0,0,0,0,1,0
218,2,2015-03-02,0.7818314824680298,0.6234898018587336,1.0,6.123233995736766e-17,0.8674563547295968,0.49751328890718066,0.0,4637.0,5824.0,4249.714285714285,4715.0,2241.0490634437065,4141.566666666667,4851.0,2264.136673152181,640.0,1,1,1,0,0,0,0,0,1,7222
218,2,2015-03-03,0.9749279121818236,-0.22252093395631434,1.0,6.123233995736766e-17,0.8758917051442429,0.48250774176121847,7222.0,4715.0,4448.0,4647.571428571428,4964.0,2561.6934410101244,4391.566666666667,4913.5,2204.3423553387106,640.0,1,1,1,0,0,0,0,0,1,7500
218,2,2015-03-04,0.43388373911755823,-0.900968867902419,1.0,6.123233995736766e-17,0.8840675099433636,0.46735921715800227,7500.0,4964.0,5992.0,4829.571428571428,5136.0,2632.207809497753,4358.8,4913.5,2167.837352341471,640.0,1,1,1,0,0,0,0,0,1,6238
218,2,2015-03-05,-0.433883739117558,-0.9009688679024191,1.0,6.123233995736766e-17,0.8919813464595485,0.45207220393230435,6238.0,4697.0,5572.0,4987.428571428572,5802.0,2655.9592653215946,4316.6,4913.5,2125.183003884603,640.0,1,1,1,0,0,0,0,0,1,5802
218,2,2015-03-06,-0.9749279121818236,-0.2225209339563146,1.0,6.123233995736766e-17,0.8996308696522433,0.43665123195606403,5802.0,5136.0,5160.0,5028.857142857143,5802.0,2660.9201058137414,4294.0,4913.5,2109.063593488658,640.0,1,1,1,0,0,0,0,0,1,5426
218,2,2015-03-07,-0.7818314824680299,0.6234898018587334,1.0,6.123233995736766e-17,0.9070138128026359,0.4211008707960896,5426.0,3014.0,1980.0,4916.428571428572,5802.0,2774.444320168327,4173.566666666667,4851.0,2120.8616935077325,640.0,0,1,1,0,0,0,0,0,1,2227
218,2,2015-03-08,-2.4492935982947064e-16,1.0,1.0,6.123233995736766e-17,0.9141279881853337,0.40542572835999735,2227.0,0.0,0.0,4916.428571428572,5802.0,2774.444320168327,3998.733333333333,4816.5,2242.2069167387845,640.0,0,1,1,0,0,0,0,0,1,0
218,2,2015-03-09,0.7818314824680298,0.6234898018587336,1.0,6.123233995736766e-17,0.9209712877166346,0.38963044953078796,0.0,7222.0,4637.0,4607.428571428572,5426.0,2589.129445530735,4088.766666666667,4851.0,2228.237616304111,640.0,0,1,1,0,0,0,0,0,1,5059
218,2,2015-03-10,0.9749279121818236,-0.22252093395631434,1.0,6.123233995736766e-17,0.9275416835791966,0.37371971479046906,5059.0,7500.0,4715.0,4184.142857142857,5059.0,2258.5151042644115,4240.0,4851.0,2090.8915603735554,640.0,0,1,1,0,0,0,0,0,1,4537
218,2,2015-03-11,0.43388373911755823,-0.900968867902419,1.0,6.123233995736766e-17,0.9338372288229252,0.35769823883312546,4537.0,6238.0,4964.0,3999.285714285714,4944.0,2110.497233219836,4237.633333333333,4851.0,2090.0240962698226,640.0,0,1,1,0,0,0,0,0,1,4944
218,2,2015-03-12,-0.433883739117558,-0.9009688679024191,1.0,6.123233995736766e-17,0.9398560579418954,0.3415707691678556,4944.0,5802.0,4697.0,3862.4285714285716,4844.0,2002.4087875308987,4237.0,4841.5,2089.8309286506433,640.0,0,1,1,0,0,0,0,0,1,4844
218,2,2015-03-13,-0.9749279121818236,-0.2225209339563146,1.0,6.123233995736766e-17,0.9455963874271426,0.3253420847119801,4844.0,5426.0,5136.0,3751.285714285714,4648.0,1921.0996602888454,4230.633333333333,4819.0,2088.2240182927444,640.0,0,1,1,0,0,0,0,0,1,4648
218,2,2015-03-14,-0.7818314824680299,0.6234898018587334,1.0,6.123233995736766e-17,0.9510565162951535,0.30901699437494745,4648.0,2227.0,3014.0,3752.714285714286,4648.0,1919.780518209113,4133.4,4754.5,2111.528660179303,640.0,0,1,1,0,0,0,0,0,1,2237
218,2,2015-03-15,-2.4492935982947064e-16,1.0,1.0,6.123233995736766e-17,0.9562348265919056,0.29260033563334836,2237.0,0.0,0.0,3752.714285714286,4648.0,1919.780518209113,3973.6,4706.0,2237.4598220241623,640.0,0,1,1,0,0,0,0,0,1,0
218,2,2015-03-16,0.7818314824680298,0.6234898018587336,1.0,6.123233995736766e-17,0.9611297838723007,0.27609697309746883,0.0,5059.0,7222.0,4049.8571428571427,4648.0,2282.390371852243,4132.066666666667,4779.5,2288.8283696570847,640.0,1,1,1,0,0,0,0,0,1,7139
218,2,2015-03-17,0.9749279121818236,-0.22252093395631434,1.0,6.123233995736766e-17,0.9657399376548549,0.2595117970697999,7139.0,4537.0,7500.0,4320.285714285715,4844.0,2455.323652412294,4346.4,4894.0,2187.3593211907328,640.0,1,1,1,0,0,0,0,0,1,6430
218,2,2015-03-18,0.43388373911755823,-0.900968867902419,1.0,6.123233995736766e-17,0.970063921851507,0.2428497220959356,6430.0,4944.0,6238.0,4399.714285714285,4844.0,2487.6437790464656,4335.6,4894.0,2180.6015873512074,640.0,1,1,1,0,0,0,0,0,1,5500
218,2,2015-03-19,-0.433883739117558,-0.9009688679024191,1.0,6.123233995736766e-17,0.9741004551724205,0.22611568550828828,5500.0,4844.0,5802.0,4497.0,5500.0,2521.0069416802503,4371.5,4954.0,2191.3548753351556,640.0,1,1,1,0,0,0,0,0,1,5525
218,2,2015-03-20,-0.9749279121818236,-0.2225209339563146,1.0,6.123233995736766e-17,0.9778483415056568,0.20931464596304847,5525.0,4648.0,5426.0,4573.142857142857,5500.0,2534.3416915490734,4344.466666666666,4954.0,2175.620367069857,640.0,1,1,1,0,0,0,0,0,1,5181
218,2,2015-03-21,-0.7818314824680299,0.6234898018587334,1.0,6.123233995736766e-17,0.9813064702716093,0.19245158197082998,5181.0,2237.0,2227.0,4584.428571428572,5500.0,2522.352265719632,4235.933333333333,4894.0,2193.413729442243,640.0,0,1,1,0,0,0,0,0,1,2316
218,2,2015-03-22,-2.4492935982947064e-16,1.0,1.0,6.123233995736766e-17,0.9844738167520922,0.1755314904214282,2316.0,0.0,0.0,4584.428571428572,5500.0,2522.352265719632,4063.9333333333334,4779.5,2317.2707033585134,640.0,0,1,1,0,0,0,0,0,1,0
218,2,2015-03-23,0.7818314824680298,0.6234898018587336,1.0,6.123233995736766e-17,0.9873494423939864,0.15855938510313478,0.0,7139.0,5059.0,4232.714285714285,5181.0,2265.3321841976986,4153.833333333333,4779.5,2285.736689263149,640.0,0,1,1,0,0,0,0,0,1,4677
218,2,2015-03-24,0.9749279121818236,-0.22252093395631434,1.0,6.123233995736766e-17,0.989932495087353,0.141540295217043,4677.0,6430.0,4537.0,3966.4285714285716,4677.0,2064.6645294206105,4306.033333333334,4779.5,2147.4425765408055,640.0,0,1,1,0,0,0,0,0,1,4566
218,2,2015-03-25,0.43388373911755823,-0.900968867902419,1.0,6.123233995736766e-17,0.9922222094179323,0.12447926388678915,4566.0,5500.0,4944.0,3791.714285714286,4566.0,1962.480379034463,4294.033333333334,4779.5,2146.5350022983407,640.0,0,1,1,0,0,0,0,0,1,4277
218,2,2015-03-26,-0.433883739117558,-0.9009688679024191,1.0,6.123233995736766e-17,0.994217906893952,0.10738134666416309,4277.0,5525.0,4844.0,3656.8571428571427,4566.0,1852.8969595898081,4289.566666666667,4770.5,2145.7680994882908,640.0,0,1,1,0,0,0,0,0,1,4581
218,2,2015-03-27,-0.9749279121818236,-0.2225209339563146,1.0,6.123233995736766e-17,0.995918996147179,0.09025161003104117,4581.0,5181.0,4648.0,3561.8571428571427,4516.0,1777.231126272126,4274.633333333333,4687.0,2142.4689509412055,640.0,0,1,1,0,0,0,0,0,1,4516
218,2,2015-03-28,-0.7818314824680299,0.6234898018587334,1.0,6.123233995736766e-17,0.9973249731081555,0.07309512989807777,4516.0,2316.0,2237.0,3564.285714285714,4516.0,1775.2554477488354,4195.833333333333,4662.5,2169.6995355838158,640.0,0,1,1,0,0,0,0,0,1,2333
218,2,2015-03-29,-2.4492935982947064e-16,1.0,1.0,6.123233995736766e-17,0.9984354211555643,0.055916990100603484,2333.0,0.0,0.0,3564.285714285714,4516.0,1775.2554477488354,4024.633333333333,4614.5,2292.131269685758,640.0,0,1,1,0,0,0,0,0,1,0
218,2,2015-03-30,0.7818314824680298,0.6234898018587336,1.0,6.123233995736766e-17,0.9992500112396835,0.03872228089217446,0.0,4677.0,7139.0,4029.285714285714,4516.0,2423.30392331666,4188.566666666667,4662.5,2391.089907067098,640.0,1,1,1,0,0,0,0,0,1,7932
218,2,2015-03-31,0.9749279121818236,-0.22252093395631434,1.0,6.123233995736766e-17,0.9997685019798909,0.021516097436222254,7932.0,4566.0,6430.0,4375.714285714285,4516.0,2673.263031969591,4421.6,4760.5,2308.025153750455,640.0,1,1,1,0,0,0,0,0,1,6991
218,2,2015-04-01,0.43388373911755823,-0.900968867902419,0.8660254037844387,-0.49999999999999983,0.9999907397361901,0.004303538296244289,6991.0,4277.0,5500.0,4862.571428571428,4581.0,2948.458063527606,4437.033333333334,4760.5,2328.850663448316,640.0,1,1,1,0,0,0,0,0,1,7685
218,2,2015-04-02,-0.433883739117558,-0.9009688679024191,0.8660254037844387,-0.49999999999999983,0.9999166586547379,-0.01291029607500882,7685.0,4581.0,5525.0,5174.285714285715,6763.0,3027.9975624321837,4412.466666666666,4760.5,2299.123277181575,640.0,1,1,1,0,0,0,0,0,1,6763
218,2,2015-04-03,-0.9749279121818236,-0.2225209339563146,0.8660254037844387,-0.49999999999999983,0.9995462806873573,-0.030120304846908114,6763.0,4516.0,5181.0,4529.142857142857,6763.0,3615.6844178556044,4204.533333333334,4662.5,2407.8411382660647,640.0,1,1,1,0,0,0,0,0,1,0
218,2,2015-04-04,-0.7818314824680299,0.6234898018587334,0.8660254037844387,-0.49999999999999983,0.9988797155850336,-0.04732138832243185,0.0,2333.0,2316.0,4573.428571428572,6763.0,3586.0797005989184,4099.233333333334,4614.5,2404.6443092530276,640.0,0,1,1,0,0,0,0,0,1,2643
218,2,2015-04-05,-2.4492935982947064e-16,1.0,0.8660254037844387,-0.49999999999999983,0.9979171608653922,-0.06450844944931623,2643.0,0.0,0.0,4573.428571428572,6763.0,3586.0797005989184,3918.366666666667,4573.5,2503.4399434727193,640.0,0,1,1,0,0,0,0,0,1,0
218,2,2015-04-06,0.7818314824680298,0.6234898018587336,0.8660254037844387,-0.49999999999999983,0.9966589017541702,-0.08167639533042241,0.0,7932.0,4677.0,3440.285714285714,2643.0,3601.1100933964667,3844.133333333333,4573.5,2586.947965211636,640.0,0,1,1,0,0,0,0,0,1,0
218,2,2015-04-07,0.9749279121818236,-0.22252093395631434,0.8660254037844387,-0.49999999999999983,0.9951053111006976,-0.09882013873287143,0.0,6991.0,4566.0,3194.5714285714284,2643.0,3369.700226881855,4019.8333333333335,4614.5,2494.1944049903245,640.0,0,1,1,0,0,0,0,0,1,5271
218,2,2015-04-08,0.43388373911755823,-0.900968867902419,0.8660254037844387,-0.49999999999999983,0.9932568492674143,-0.11593459959550041,5271.0,7685.0,4277.0,2774.714285714286,2643.0,2861.7680848434547,4009.4,4614.5,2490.349312155165,640.0,0,1,1,0,0,0,0,0,1,4746
218,2,2015-04-09,-0.433883739117558,-0.9009688679024191,0.8660254037844387,-0.49999999999999983,0.9911140639934547,-0.1330147065341959,4746.0,6763.0,4581.0,2515.285714285714,2643.0,2499.3192215938675,4023.0666666666666,4662.5,2494.4661502439003,640.0,0,1,1,0,0,0,0,0,1,4947
218,2,2015-04-10,-0.9749279121818236,-0.2225209339563146,0.8660254037844387,-0.49999999999999983,0.9886775902323405,-0.1500553983446526,4947.0,0.0,4516.0,3144.285714285714,4403.0,2307.484034923877,4005.0333333333333,4614.5,2489.5294872357053,640.0,0,1,1,0,0,0,0,0,1,4403
218,2,2015-04-11,-0.7818314824680299,0.6234898018587334,0.8660254037844387,-0.49999999999999983,0.9859481499638304,-0.16705162550211924,4403.0,2643.0,2333.0,3060.1428571428573,4403.0,2339.32935037455,3912.0333333333333,4573.5,2509.1429431571614,640.0,0,1,1,0,0,0,0,0,1,2054
218,2,2015-04-12,-2.4492935982947064e-16,1.0,0.8660254037844387,-0.49999999999999983,0.9829265519799822,-0.18399835165768005,2054.0,0.0,0.0,3060.1428571428573,4403.0,2339.32935037455,3757.1,4541.0,2603.845820823627,640.0,0,1,1,0,0,0,0,0,1,0
218,2,2015-04-13,0.7818314824680298,0.6234898018587336,0.8660254037844387,-0.49999999999999983,0.9796136916454901,-0.20089055513063506,0.0,0.0,7932.0,3989.5714285714284,4746.0,2209.7271971250866,3899.4,4573.5,2634.3791207273334,640.0,1,1,1,0,0,0,0,0,1,6506
218,2,2015-04-14,0.9749279121818236,-0.22252093395631434,0.8660254037844387,-0.49999999999999983,0.9760105506323683,-0.21772323039653177,6506.0,5271.0,6991.0,4093.285714285714,4746.0,2295.2770140940675,4099.3,4629.0,2554.6067400975253,640.0,1,1,1,0,0,0,0,0,1,5997
218,2,2015-04-15,0.43388373911755823,-0.900968867902419,0.8660254037844387,-0.49999999999999983,0.9721181966290613,-0.23449138957040985,5997.0,4746.0,7685.0,4244.714285714285,4947.0,2378.957034380524,4054.866666666667,4629.0,2511.1356921456468,640.0,1,1,1,0,0,0,0,0,1,5806
218,2,2015-04-16,-0.433883739117558,-0.9009688679024191,0.8660254037844387,-0.49999999999999983,0.9679377830240642,-0.25119006388481935,5806.0,4947.0,6763.0,4393.571428571428,5806.0,2461.3965451306212,4040.1666666666665,4629.0,2498.0088772009385,640.0,1,1,1,0,0,0,0,0,1,5989
218,2,2015-04-17,-0.9749279121818236,-0.2225209339563146,0.8660254037844387,-0.49999999999999983,0.9634705485641488,-0.2678143051621742,5989.0,4403.0,0.0,4557.0,5806.0,2499.8061258158946,4041.733333333333,4629.0,2498.970559544719,640.0,1,1,1,0,0,0,0,0,1,5547
218,2,2015-04-18,-0.7818314824680299,0.6234898018587334,0.8660254037844387,-0.49999999999999983,0.9587178169872964,-0.2843591872810034,5547.0,2054.0,2643.0,4585.0,5806.0,2467.992976759322,3932.5666666666666,4573.5,2503.4697946337715,640.0,0,1,1,0,0,0,0,0,1,2250
218,2,2015-04-19,-2.4492935982947064e-16,1.0,0.8660254037844387,-0.49999999999999983,0.9536809966304457,-0.30081980763566735,2250.0,0.0,0.0,4585.0,5806.0,2467.992976759322,3759.866666666667,4541.0,2591.532667711536,640.0,0,1,1,0,0,0,0,0,1,0
218,2,2015-04-20,0.7818314824680298,0.6234898018587336,0.8660254037844387,-0.49999999999999983,0.9483615800121715,-0.3171912885891061,0.0,6506.0,0.0,4329.714285714285,5547.0,2324.4158918092185,3839.9666666666667,4573.5,2582.486845890097,640.0,0,1,1,0,0,0,0,0,1,4719
218,2,2015-04-21,0.9749279121818236,-0.22252093395631434,0.8660254037844387,-0.49999999999999983,0.9427611433904207,-0.3334687789181868,4719.0,5997.0,5271.0,4155.0,4774.0,2221.9108893022703,3999.1,4629.0,2482.874326398667,640.0,0,1,1,0,0,0,0,0,1,4774
218,2,2015-04-22,0.43388373911755823,-0.900968867902419,0.8660254037844387,-0.49999999999999983,0.9368813462954315,-0.3496474552512284,4774.0,5806.0,4746.0,3978.714285714286,4719.0,2115.4936157065667,3995.6,4576.5,2481.9596067734765,640.0,0,1,1,0,0,0,0,0,1,4572
218,2,2015-04-23,-0.433883739117558,-0.9009688679024191,0.8660254037844387,-0.49999999999999983,0.9307239310379795,-0.36572252349726897,4572.0,5989.0,4947.0,3791.8571428571427,4681.0,1960.4177640298547,3999.4333333333334,4631.0,2482.9595617040263,640.0,0,1,1,0,0,0,0,0,1,4681
218,2,2015-04-24,-0.9749279121818236,-0.2225209339563146,0.8660254037844387,-0.49999999999999983,0.9242907221930934,-0.3816892202666588,4681.0,5547.0,4403.0,3623.8571428571427,4572.0,1831.0624810540505,4002.5666666666666,4631.0,2483.381186224123,640.0,0,1,1,0,0,0,0,0,1,4371
218,2,2015-04-25,-0.7818314824680299,0.6234898018587334,0.8660254037844387,-0.49999999999999983,0.9175836260593937,-0.39754281428255595,4371.0,2250.0,2054.0,3584.0,4572.0,1868.6034000468564,3915.5666666666666,4626.5,2508.013978448272,640.0,0,1,1,0,0,0,0,0,1,1971
218,2,2015-04-26,-2.4492935982947064e-16,1.0,0.8660254037844387,-0.49999999999999983,0.9106046300942163,-0.4132786077829042,1971.0,0.0,0.0,3584.0,4572.0,1868.6034000468564,3765.0333333333333,4626.5,2604.407557005716,640.0,0,1,1,0,0,0,0,0,1,0
218,2,2015-04-27,0.7818314824680298,0.6234898018587336,0.8660254037844387,-0.49999999999999983,0.9033558023246845,-0.4288919379124835,0.0,4719.0,6506.0,3939.285714285714,4572.0,2305.6862835379934,3927.4666666666667,4700.0,2663.3089185076287,640.0,1,1,1,0,0,0,0,0,1,7206
218,2,2015-04-28,0.9749279121818236,-0.22252093395631434,0.8660254037844387,-0.49999999999999983,0.895839290734909,-0.4443781781046132,7206.0,4774.0,5997.0,4219.285714285715,4572.0,2531.864116567457,4151.933333333333,4732.5,2603.9975493040674,640.0,1,1,1,0,0,0,0,0,1,6734
218,2,2015-04-29,0.43388373911755823,-0.900968867902419,0.8660254037844387,-0.49999999999999983,0.8880573226294932,-0.45973273945210397,6734.0,4572.0,5806.0,4499.571428571428,4681.0,2681.5912475706705,4105.333333333333,4732.5,2545.8789192073427,640.0,1,1,1,0,0,0,0,0,1,6534
218,2,2015-04-30,-0.433883739117558,-0.9009688679024191,0.8660254037844387,-0.49999999999999983,0.8800122039735357,-0.47495107206704995,6534.0,4681.0,5989.0,4833.142857142857,6534.0,2847.987501644594,4106.166666666667,4732.5,2546.8599474556904,640.0,1,1,1,0,0,0,0,0,1,7016
218,2,2015-05-01,-0.9749279121818236,-0.2225209339563146,0.49999999999999994,-0.8660254037844387,0.8717063187093218,-0.49002866642905923,7016.0,4371.0,5547.0,4208.714285714285,6534.0,3393.192042619345,3850.0,4700.0,2560.9284954134637,640.0,1,1,1,0,0,0,0,0,1,0
218,2,2015-05-02,-0.7818314824680299,0.6234898018587334,0.49999999999999994,-0.8660254037844387,0.8631421280499114,-0.5049610547215204,0.0,1971.0,2250.0,4373.571428571428,6534.0,3292.9049919052163,3728.733333333333,4626.5,2503.729465573624,640.0,0,1,1,0,0,0,0,0,1,3125
218,2,2015-05-03,-2.4492935982947064e-16,1.0,0.49999999999999994,-0.8660254037844387,0.854322169749827,-0.5197438121555155,3125.0,0.0,0.0,4373.571428571428,6534.0,3292.9049919052163,3728.733333333333,4626.5,2503.729465573624,640.0,0,1,1,0,0,0,0,0,1,0
218,2,2015-05-04,0.7818314824680298,0.6234898018587336,0.49999999999999994,-0.8660254037844387,0.8452490573530633,-0.5343725582809787,0.0,7206.0,4719.0,4363.428571428572,6534.0,3282.8203249209805,3878.4666666666667,4700.0,2570.002076120629,640.0,1,1,1,0,0,0,0,0,1,7135
218,2,2015-05-05,0.9749279121818236,-0.22252093395631434,0.49999999999999994,-0.8660254037844387,0.835925479418637,-0.548842958284719,7135.0,6734.0,4774.0,4319.285714285715,6425.0,3247.5191410411394,4092.633333333333,4732.5,2502.4726872784627,640.0,1,1,1,0,0,0,0,0,1,6425
218,2,2015-05-06,0.43388373911755823,-0.900968867902419,0.49999999999999994,-0.8660254037844387,0.8263541987239096,-0.5631507242749186,6425.0,6534.0,4572.0,4145.428571428572,5317.0,3139.988686664485,4269.866666666667,4760.0,2388.303347182032,640.0,1,1,1,0,0,0,0,0,1,5317
218,2,2015-05-07,-0.433883739117558,-0.9009688679024191,0.49999999999999994,-0.8660254037844387,0.8165380514459161,-0.5772916165517272,5317.0,7016.0,4681.0,4020.4285714285716,5317.0,3021.862662726577,4298.866666666667,4760.0,2406.094528101691,640.0,1,1,1,0,0,0,0,0,1,6141
218,2,2015-05-08,-0.9749279121818236,-0.2225209339563146,0.49999999999999994,-0.8660254037844387,0.8064799463209448,-0.5912614448635781,6141.0,0.0,4371.0,4832.0,5681.0,2475.6493424285018,4330.033333333334,4860.5,2418.111681105492,640.0,1,1,1,0,0,0,0,0,1,5681
218,2,2015-05-09,-0.7818314824680299,0.6234898018587334,0.49999999999999994,-0.8660254037844387,0.7961828637826158,-0.6050560696488488,5681.0,3125.0,1971.0,4699.714285714285,5681.0,2603.503454596372,4238.433333333333,4746.5,2445.824008715503,640.0,0,1,1,0,0,0,0,0,1,2199
218,2,2015-05-10,-2.4492935982947064e-16,1.0,0.49999999999999994,-0.8660254037844387,0.7856498550787145,-0.6186714032625031,2199.0,0.0,0.0,4699.714285714285,5681.0,2603.503454596372,4091.6666666666665,4746.5,2564.8191350273173,640.0,0,1,1,0,0,0,0,0,1,0
218,2,2015-05-11,0.7818314824680298,0.6234898018587336,0.49999999999999994,-0.8660254037844387,0.7748840413670407,-0.6321034111873487,0.0,7135.0,7206.0,4452.285714285715,5403.0,2408.486019216618,4203.3,5045.5,2545.8842261782893,640.0,0,1,1,0,0,0,0,0,1,5403
218,2,2015-05-12,0.9749279121818236,-0.22252093395631434,0.49999999999999994,-0.8660254037844387,0.7638886127905428,-0.6453481132295501,5403.0,6425.0,6734.0,4255.285714285715,5317.0,2272.8125538112267,4371.5,5181.5,2422.2954594977527,640.0,0,1,1,0,0,0,0,0,1,5046
218,2,2015-05-13,0.43388373911755823,-0.900968867902419,0.49999999999999994,-0.8660254037844387,0.7526668275320084,-0.6584015846980488,5046.0,5317.0,6534.0,4253.285714285715,5303.0,2271.728469270754,4331.4,5174.5,2395.551230208134,640.0,0,1,1,0,0,0,0,0,1,5303
218,2,2015-05-14,-0.433883739117558,-0.9009688679024191,0.49999999999999994,-0.8660254037844387,0.741222010848596,-0.6712599575675313,5303.0,6141.0,7016.0,3376.0,5046.0,2585.3453669996725,4131.5,4910.0,2499.719346315663,640.0,0,1,1,0,0,0,0,0,1,0
218,2,2015-05-15,-0.9749279121818236,-0.2225209339563146,0.49999999999999994,-0.8660254037844387,0.7295575540864875,-0.6839194216246106,0.0,5681.0,0.0,3258.0,4855.0,2479.281213040049,4099.8,4814.5,2483.7309449488544,640.0,0,1,1,0,0,0,0,0,1,4855
218,2,2015-05-16,-0.7818314824680299,0.6234898018587334,0.49999999999999994,-0.8660254037844387,0.717676913675962,-0.6963762255968722,4855.0,2199.0,3125.0,3269.4285714285716,4855.0,2473.7642610094485,3976.133333333333,4746.5,2478.7795625146273,640.0,0,1,1,0,0,0,0,0,1,2279
218,2,2015-05-17,-2.4492935982947064e-16,1.0,0.49999999999999994,-0.8660254037844387,0.705583610107178,-0.7086266782644596,2279.0,0.0,0.0,3269.4285714285716,4855.0,2473.7642610094485,3791.233333333333,4700.0,2563.015932025407,640.0,0,1,1,0,0,0,0,0,1,0
218,2,2015-05-18,0.7818314824680298,0.6234898018587336,0.49999999999999994,-0.8660254037844387,0.6932812268869777,-0.7206671495538609,0.0,5403.0,7135.0,3566.8571428571427,4855.0,2866.959099148518,3965.733333333333,4746.5,2631.7522277953376,640.0,1,1,1,0,0,0,0,0,1,7485
218,2,2015-05-19,0.9749279121818236,-0.22252093395631434,0.49999999999999994,-0.8660254037844387,0.6807734094770161,-0.7324940716135789,7485.0,5046.0,6425.0,3897.1428571428573,4855.0,3181.6664097383227,4211.0,4814.5,2591.9852197322275,640.0,1,1,1,0,0,0,0,0,1,7358
218,2,2015-05-20,0.43388373911755823,-0.900968867902419,0.49999999999999994,-0.8660254037844387,0.6680638642135335,-0.7441039398713607,7358.0,5303.0,5317.0,3884.8571428571427,4855.0,3175.4931075646314,4227.6,4950.5,2596.940767850533,640.0,1,1,1,0,0,0,0,0,1,5217
218,2,2015-05-21,-0.433883739117558,-0.9009688679024191,0.49999999999999994,-0.8660254037844387,0.6551563572090853,-0.7554933140726803,5217.0,0.0,6141.0,4731.571428571428,5217.0,2725.2613242979637,4266.033333333334,5131.5,2613.78331269964,640.0,1,1,1,0,0,0,0,0,1,5927
218,2,2015-05-22,-0.9749279121818236,-0.2225209339563146,0.49999999999999994,-0.8660254037844387,0.6420547132365637,-0.766658819300159,5927.0,4855.0,5681.0,4699.285714285715,5217.0,2724.8940477436136,4267.933333333333,5131.5,2614.0340991013004,640.0,1,1,1,0,0,0,0,0,1,4629
218,2,2015-05-23,-0.7818314824680299,0.6234898018587334,0.49999999999999994,-0.8660254037844387,0.6287628145958344,-0.777597146973627,4629.0,2279.0,2199.0,4647.285714285715,5217.0,2781.6608177061967,4175.733333333334,5131.5,2647.5277984712716,640.0,0,1,1,0,0,0,0,0,1,1915
218,2,2015-05-24,-2.4492935982947064e-16,1.0,0.49999999999999994,-0.8660254037844387,0.6152845999633276,-0.7883050558305255,1915.0,0.0,0.0,4647.285714285715,5217.0,2781.6608177061967,4030.0333333333333,5131.5,2754.5227070543706,640.0,0,1,1,0,0,0,0,0,1,0
218,2,2015-05-25,0.7818314824680298,0.6234898018587336,0.49999999999999994,-0.8660254037844387,0.6016240632249226,-0.7987793728863649,0.0,7485.0,5403.0,3578.0,4629.0,2942.982047742279,3964.3333333333335,5131.5,2827.857240865001,640.0,0,1,1,0,0,0,0,0,1,0
218,2,2015-05-26,0.9749279121818236,-0.22252093395631434,0.49999999999999994,-0.8660254037844387,0.5877852522924732,-0.8090169943749473,0.0,7358.0,5046.0,3281.285714285714,4629.0,2580.774865183306,4140.366666666667,5249.0,2735.428863600015,640.0,0,1,1,0,0,0,0,0,1,5281
218,2,2015-05-27,0.43388373911755823,-0.900968867902419,0.49999999999999994,-0.8660254037844387,0.5737722679043246,-0.8190148866680801,5281.0,5217.0,5303.0,3192.8571428571427,4598.0,2513.1123750289826,4053.4333333333334,5131.5,2675.4255824310294,640.0,0,1,1,0,0,0,0,0,1,4598
218,2,2015-05-28,-0.433883739117558,-0.9009688679024191,0.49999999999999994,-0.8660254037844387,0.5595892624101765,-0.8287700871745037,4598.0,5927.0,0.0,3042.5714285714284,4598.0,2348.4168324740867,3991.4666666666667,4960.5,2632.3812313429094,640.0,0,1,1,0,0,0,0,0,1,4875
218,2,2015-05-29,-0.9749279121818236,-0.2225209339563146,0.49999999999999994,-0.8660254037844387,0.545240438540651,-0.8382797052177743,4875.0,4629.0,4855.0,3113.1428571428573,4598.0,2410.6339020108,3944.4333333333334,4960.5,2597.7644591181565,640.0,0,1,1,0,0,0,0,0,1,5123
218,2,2015-05-30,-0.7818314824680299,0.6234898018587334,0.49999999999999994,-0.8660254037844387,0.5307300481619334,-0.8475409228928311,5123.0,1915.0,2279.0,3242.4285714285716,4598.0,2359.389670878387,3804.5666666666666,4865.0,2538.9787070222974,640.0,0,1,1,0,0,0,0,0,1,2820
218,2,2015-05-31,-2.4492935982947064e-16,1.0,0.49999999999999994,-0.8660254037844387,0.5160623910158528,-0.8565509959010036,2820.0,0.0,0.0,3242.4285714285716,4598.0,2359.389670878387,3804.5666666666666,4865.0,2538.9787070222974,640.0,0,1,1,0,0,0,0,0,1,0
218,2,2015-06-01,0.7818314824680298,0.6234898018587336,1.2246467991473532e-16,-1.0,0.5012418134457758,-0.865307254363206,0.0,0.0,7485.0,4100.428571428572,4875.0,2056.337914606357,3900.6,4960.5,2566.7220420955764,640.0,1,1,1,0,0,0,0,0,1,6006
218,2,2015-06-02,0.9749279121818236,-0.22252093395631434,1.2246467991473532e-16,-1.0,0.48627270710869,-0.8738071036110808,6006.0,5281.0,7358.0,4273.142857142857,4875.0,2216.5530618937323,4116.933333333333,5084.5,2499.242008308105,640.0,1,1,1,0,0,0,0,0,1,6490
218,2,2015-06-03,0.43388373911755823,-0.900968867902419,1.2246467991473532e-16,-1.0,0.4711595076738638,-0.8820480249558537,6490.0,4598.0,5217.0,4542.142857142857,5123.0,2371.399687144805,4095.133333333333,5084.5,2474.7409161968503,640.0,1,1,1,0,0,0,0,0,1,6481
218,2,2015-06-04,-0.433883739117558,-0.9009688679024191,1.2246467991473532e-16,-1.0,0.4559066935084588,-0.8900275764346767,6481.0,4875.0,5927.0,3845.714285714286,5123.0,2911.6546678412788,3880.9666666666667,4960.5,2543.2246227199776,640.0,1,1,1,0,0,0,0,0,1,0
218,2,2015-06-05,-0.9749279121818236,-0.2225209339563146,1.2246467991473532e-16,-1.0,0.440518784350495,-0.8977433935342337,0.0,5123.0,4629.0,3940.4285714285716,5786.0,2970.3212989586873,3896.6,4960.5,2553.775981858475,640.0,1,1,1,0,0,0,0,0,1,5786
218,2,2015-06-06,-0.7818314824680299,0.6234898018587334,1.2246467991473532e-16,-1.0,0.42500033996955416,-0.9051931898913974,5786.0,2820.0,1915.0,3855.5714285714284,5786.0,3015.801488667254,3766.1,4865.0,2535.091963917131,640.0,0,1,1,0,0,0,0,0,1,2226
218,2,2015-06-07,-2.4492935982947064e-16,1.0,1.2246467991473532e-16,-1.0,0.4093559588156213,-0.9123747579707273,2226.0,0.0,0.0,3855.5714285714284,5786.0,3015.801488667254,3576.733333333333,4742.0,2598.507010777043,640.0,0,1,1,0,0,0,0,0,1,0
218,2,2015-06-08,0.7818314824680298,0.6234898018587336,1.2246467991473532e-16,-1.0,0.39359027665646673,-0.9192859697186104,0.0,6006.0,0.0,3741.714285714286,5209.0,2935.0477971284517,3677.0666666666666,4865.0,2601.584821144444,640.0,0,1,1,0,0,0,0,0,1,5209
218,2,2015-06-09,0.9749279121818236,-0.22252093395631434,1.2246467991473532e-16,-1.0,0.3777079652039649,-0.9259247771938498,5209.0,6490.0,5281.0,3625.714285714286,5209.0,2822.202728029162,3866.3333333333335,4960.5,2530.417184267598,640.0,0,1,1,0,0,0,0,0,1,5678
218,2,2015-06-10,0.43388373911755823,-0.900968867902419,1.2246467991473532e-16,-1.0,0.36171373072976765,-0.9322892131745133,5678.0,6481.0,4598.0,3426.5714285714284,5087.0,2629.7675345388025,3855.8,4960.5,2524.4506182807195,640.0,0,1,1,0,0,0,0,0,1,5087
218,2,2015-06-11,-0.433883739117558,-0.9009688679024191,1.2246467991473532e-16,-1.0,0.3456123126707335,-0.9383773917408641,5087.0,0.0,4875.0,4171.0,5209.0,2200.66808037923,3861.3,4981.0,2527.3112351489913,640.0,0,1,1,0,0,0,0,0,1,5211
218,2,2015-06-12,-0.9749279121818236,-0.2225209339563146,1.2246467991473532e-16,-1.0,0.3294084822245304,-0.9441875088341993,5211.0,5786.0,5123.0,3897.4285714285716,5087.0,2082.287432700144,3813.5666666666666,4865.0,2512.6233122367103,640.0,0,1,1,0,0,0,0,0,1,3871
218,2,2015-06-13,-0.7818314824680299,0.6234898018587334,1.2246467991473532e-16,-1.0,0.3131070409358269,-0.9497178427914316,3871.0,2226.0,2820.0,3858.1428571428573,5087.0,2121.305920777061,3878.6,4865.0,2434.5500554340156,640.0,0,1,1,0,0,0,0,0,1,1951
218,2,2015-06-14,-2.4492935982947064e-16,1.0,1.2246467991473532e-16,-1.0,0.29671281927349075,-0.9549667548552551,1951.0,0.0,0.0,3858.1428571428573,5087.0,2121.305920777061,3716.766666666667,4752.0,2527.015858789708,640.0,0,1,1,0,0,0,0,0,1,0
218,2,2015-06-15,0.7818314824680298,0.6234898018587336,1.2246467991473532e-16,-1.0,0.28023067519921585,-0.9599326896597447,0.0,5209.0,6006.0,4134.0,5087.0,2429.4280534040663,3878.8,4981.0,2586.7845490972477,640.0,1,1,1,0,0,0,0,0,1,7140
218,2,2015-06-16,0.9749279121818236,-0.22252093395631434,1.2246467991473532e-16,-1.0,0.26366549272800704,-0.9646141756912435,7140.0,5678.0,6490.0,4286.285714285715,5087.0,2571.5932619218597,4103.6,5105.0,2530.50632251252,640.0,1,1,1,0,0,0,0,0,1,6744
218,2,2015-06-17,0.43388373911755823,-0.900968867902419,1.2246467991473532e-16,-1.0,0.24702218048093552,-0.9690098257244062,6744.0,5087.0,6481.0,4340.285714285715,5211.0,2595.071078942138,4036.266666666667,5105.0,2463.4146182908735,640.0,1,1,1,0,0,0,0,0,1,5465
218,2,2015-06-18,-0.433883739117558,-0.9009688679024191,1.2246467991473532e-16,-1.0,0.23030567023061221,-0.9731183372332619,5465.0,5211.0,0.0,4319.571428571428,5066.0,2587.530280476145,3959.866666666667,5076.5,2391.329636391652,640.0,1,1,1,0,0,0,0,0,1,5066
218,2,2015-06-19,-0.9749279121818236,-0.2225209339563146,1.2246467991473532e-16,-1.0,0.21352091543979612,-0.9769384927771817,5066.0,3871.0,5786.0,4533.857142857143,5371.0,2606.2340281570678,3965.0,5076.5,2394.2847755032967,640.0,1,1,1,0,0,0,0,0,1,5371
218,2,2015-06-20,-0.7818314824680299,0.6234898018587334,1.2246467991473532e-16,-1.0,0.19667288979357647,-0.980469160361632,5371.0,1951.0,2226.0,4568.571428571428,5371.0,2567.4267180157176,3840.5666666666666,4970.5,2385.790372664544,640.0,0,1,1,0,0,0,0,0,1,2194
218,2,2015-06-21,-2.4492935982947064e-16,1.0,1.2246467991473532e-16,-1.0,0.1797665857255624,-0.9837092937736097,2194.0,0.0,0.0,4568.571428571428,5371.0,2567.4267180157176,3686.266666666667,4970.5,2480.836523729695,640.0,0,1,1,0,0,0,0,0,1,0
218,2,2015-06-22,0.7818314824680298,0.6234898018587336,1.2246467991473532e-16,-1.0,0.16280701293851715,-0.986657932891657,0.0,7140.0,5209.0,4211.142857142857,5066.0,2311.1457785098314,3777.0333333333333,4970.5,2463.549436572515,640.0,0,1,1,0,0,0,0,0,1,4638
218,2,2015-06-23,0.9749279121818236,-0.22252093395631434,1.2246467991473532e-16,-1.0,0.1457991969198751,-0.9893142039703663,4638.0,6744.0,5678.0,3933.285714285714,4799.0,2059.051052814194,3937.0,4970.5,2363.617580947792,640.0,0,1,1,0,0,0,0,0,1,4799
218,2,2015-06-24,0.43388373911755823,-0.900968867902419,1.2246467991473532e-16,-1.0,0.12874817745258132,-0.99167731989929,4799.0,5465.0,5087.0,3736.4285714285716,4638.0,1951.2541998368524,4073.233333333333,4970.5,2243.6093101923034,640.0,0,1,1,0,0,0,0,0,1,4087
218,2,2015-06-25,-0.433883739117558,-0.9009688679024191,1.2246467991473532e-16,-1.0,0.11165900712169512,-0.993746580436178,4087.0,5066.0,5211.0,3627.714285714286,4305.0,1884.9022710550737,4040.7,4837.0,2232.541170798496,640.0,0,1,1,0,0,0,0,0,1,4305
218,2,2015-06-26,-0.9749279121818236,-0.2225209339563146,1.2246467991473532e-16,-1.0,0.09453674981719912,-0.9955213724144752,4305.0,5371.0,3871.0,3467.285714285714,4248.0,1755.1204815515962,4029.0333333333333,4837.0,2230.441961513039,640.0,0,1,1,0,0,0,0,0,1,4248
218,2,2015-06-27,-0.7818314824680299,0.6234898018587334,1.2246467991473532e-16,-1.0,0.07738647923346301,-0.9970011699250151,4248.0,2194.0,1951.0,3453.285714285714,4248.0,1767.3182805487832,3936.4,4718.5,2251.702797807727,640.0,0,1,1,0,0,0,0,0,1,2096
218,2,2015-06-28,-2.4492935982947064e-16,1.0,1.2246467991473532e-16,-1.0,0.06021327736579302,-0.9981855344718586,2096.0,0.0,0.0,3453.285714285714,4248.0,1767.3182805487832,3765.633333333333,4471.5,2350.694592629179,640.0,0,1,1,0,0,0,0,0,1,0
218,2,2015-06-29,0.7818314824680298,0.6234898018587336,1.2246467991473532e-16,-1.0,0.04302223300453059,-0.99907411510223,0.0,4638.0,7140.0,3809.4285714285716,4248.0,2235.123177600649,3909.3333333333335,4718.5,2421.592285130235,640.0,1,1,1,0,0,0,0,0,1,7131
218,2,2015-06-30,0.9749279121818236,-0.22252093395631434,1.2246467991473532e-16,-1.0,0.02581844022713308,-0.9996666485105112,7131.0,4799.0,6744.0,4139.428571428572,4248.0,2553.437999844058,4146.3,4932.5,2373.1947789047285,640.0,1,1,1,0,0,0,0,0,1,7109
218,2,2015-07-01,0.43388373911755823,-0.900968867902419,-0.4999999999999998,-0.8660254037844388,0.008606996888688698,-0.9999629591162655,7109.0,4087.0,5465.0,4358.571428571428,4305.0,2613.3125120647724,4133.466666666666,4932.5,2363.813878158491,640.0,1,1,1,0,0,0,0,0,1,5621
218,2,2015-07-02,-0.433883739117558,-0.9009688679024191,-0.4999999999999998,-0.8660254037844388,-0.008606996888688009,-0.9999629591162655,5621.0,4305.0,5066.0,4501.571428571428,5306.0,2637.1708867106604,4094.0,4932.5,2332.792628648298,640.0,1,1,1,0,0,0,0,0,1,5306
218,2,2015-07-03,-0.9749279121818236,-0.2225209339563146,-0.4999999999999998,-0.8660254037844388,-0.02581844022713239,-0.9996666485105112,5306.0,4248.0,5371.0,4589.428571428572,5306.0,2637.559532164969,4040.0666666666666,4831.0,2294.085723277816,640.0,1,1,1,0,0,0,0,0,1,4863
218,2,2015-07-04,-0.7818314824680299,0.6234898018587334,-0.4999999999999998,-0.8660254037844388,-0.04302223300453034,-0.99907411510223,4863.0,2096.0,2194.0,4570.571428571428,5306.0,2658.7441181344043,4105.533333333334,4831.0,2200.951106842816,640.0,0,1,1,0,0,0,0,0,1,1964
218,2,2015-07-05,-2.4492935982947064e-16,1.0,-0.4999999999999998,-0.8660254037844388,-0.060213277365792774,-0.9981855344718586,1964.0,0.0,0.0,4570.571428571428,5306.0,2658.7441181344043,3912.6666666666665,4718.5,2299.9017720153856,640.0,0,1,1,0,0,0,0,0,1,0
218,2,2015-07-06,0.7818314824680298,0.6234898018587336,-0.4999999999999998,-0.8660254037844388,-0.07738647923346322,-0.9970011699250151,0.0,7131.0,4638.0,4232.0,4863.0,2418.38706579406,3997.1666666666665,4780.0,2282.2970443942104,640.0,0,1,1,0,0,0,0,0,1,4761
218,2,2015-07-07,0.9749279121818236,-0.22252093395631434,-0.4999999999999998,-0.8660254037844388,-0.09453674981719933,-0.9955213724144752,4761.0,7109.0,4799.0,3817.5714285714284,4761.0,2066.106068360066,4137.433333333333,4780.0,2153.8608587489002,640.0,0,1,1,0,0,0,0,0,1,4208
218,2,2015-07-08,0.43388373911755823,-0.900968867902419,-0.4999999999999998,-0.8660254037844388,-0.11165900712169444,-0.9937465804361781,4208.0,5621.0,4087.0,3693.1428571428573,4750.0,1963.0527610986787,4122.133333333333,4755.5,2147.607662322041,640.0,0,1,1,0,0,0,0,0,1,4750
218,2,2015-07-09,-0.433883739117558,-0.9009688679024191,-0.4999999999999998,-0.8660254037844388,-0.12874817745258066,-0.99167731989929,4750.0,5306.0,4305.0,3680.5714285714284,4750.0,1951.2488186750954,4106.8,4755.5,2137.735595405111,640.0,0,1,1,0,0,0,0,0,1,5218
218,2,2015-07-10,-0.9749279121818236,-0.2225209339563146,-0.4999999999999998,-0.8660254037844388,-0.14579919691987442,-0.9893142039703664,5218.0,4863.0,4248.0,3657.714285714286,4703.0,1935.9664868213092,4094.0,4726.5,2132.8080729081184,640.0,0,1,1,0,0,0,0,0,1,4703
218,2,2015-07-11,-0.7818314824680299,0.6234898018587334,-0.4999999999999998,-0.8660254037844388,-0.16280701293851646,-0.9866579328916572,4703.0,1964.0,2096.0,3643.1428571428573,4703.0,1951.1634502326588,3982.366666666667,4670.5,2159.801339576572,640.0,0,1,1,0,0,0,0,0,1,1862
218,2,2015-07-12,-2.4492935982947064e-16,1.0,-0.4999999999999998,-0.8660254037844388,-0.17976658572556214,-0.9837092937736098,1862.0,0.0,0.0,3643.1428571428573,4703.0,1951.1634502326588,3853.3333333333335,4670.5,2279.0263095322534,640.0,0,1,1,0,0,0,0,0,1,0
218,2,2015-07-13,0.7818314824680298,0.6234898018587336,-0.4999999999999998,-0.8660254037844388,-0.19667288979357622,-0.9804691603616321,0.0,4761.0,7131.0,3964.8571428571427,4703.0,2317.4722169187876,4022.0666666666666,4726.5,2320.3400454322973,640.0,1,1,1,0,0,0,0,0,1,7013
218,2,2015-07-14,0.9749279121818236,-0.22252093395631434,-0.4999999999999998,-0.8660254037844388,-0.2135209154397959,-0.9769384927771817,7013.0,4208.0,7109.0,4267.285714285715,4750.0,2486.4626623837676,4232.9,4755.5,2227.7893844300647,640.0,1,1,1,0,0,0,0,0,1,6325
218,2,2015-07-15,0.43388373911755823,-0.900968867902419,-0.4999999999999998,-0.8660254037844388,-0.23030567023061196,-0.973118337233262,6325.0,4750.0,5621.0,4393.714285714285,5218.0,2537.08229496573,4182.733333333334,4755.5,2176.4212468357628,640.0,1,1,1,0,0,0,0,0,1,5635
218,2,2015-07-16,-0.433883739117558,-0.9009688679024191,-0.4999999999999998,-0.8660254037844388,-0.24702218048093527,-0.9690098257244063,5635.0,5218.0,5306.0,4408.714285714285,5323.0,2543.071287130696,4135.366666666667,4755.5,2133.8025549891295,640.0,1,1,1,0,0,0,0,0,1,5323
218,2,2015-07-17,-0.9749279121818236,-0.2225209339563146,-0.4999999999999998,-0.8660254037844388,-0.2636654927280072,-0.9646141756912435,5323.0,4703.0,4863.0,4433.428571428572,5323.0,2547.245103842114,4115.733333333334,4755.5,2123.8330334616617,640.0,1,1,1,0,0,0,0,0,1,4876
218,2,2015-07-18,-0.7818314824680299,0.6234898018587334,-0.4999999999999998,-0.8660254037844388,-0.2802306751992161,-0.9599326896597445,4876.0,1862.0,1964.0,4463.0,5323.0,2513.39418582389,4015.8333333333335,4726.5,2147.9424490353067,640.0,0,1,1,0,0,0,0,0,1,2069
218,2,2015-07-19,-2.4492935982947064e-16,1.0,-0.4999999999999998,-0.8660254037844388,-0.2967128192734901,-0.9549667548552553,2069.0,0.0,0.0,4463.0,5323.0,2513.39418582389,3836.8,4670.5,2252.39258842986,640.0,0,1,1,0,0,0,0,0,1,0
218,2,2015-07-20,0.7818314824680298,0.6234898018587336,-0.4999999999999998,-0.8660254037844388,-0.3131070409358267,-0.9497178427914317,0.0,7013.0,4761.0,4160.857142857143,4898.0,2271.218280172665,3926.9333333333334,4726.5,2238.44567275711,640.0,0,1,1,0,0,0,0,0,1,4898
218,2,2015-07-21,0.9749279121818236,-0.22252093395631434,-0.4999999999999998,-0.8660254037844388,-0.3294084822245302,-0.9441875088341994,4898.0,6325.0,4208.0,3925.8571428571427,4876.0,2087.662762402925,4082.9333333333334,4726.5,2115.010033942661,640.0,0,1,1,0,0,0,0,0,1,4680
218,2,2015-07-22,0.43388373911755823,-0.900968867902419,-0.4999999999999998,-0.8660254037844388,-0.3456123126707333,-0.9383773917408642,4680.0,5635.0,4750.0,3746.0,4680.0,1966.5974846588892,4074.2,4726.5,2113.1791444531386,640.0,0,1,1,0,0,0,0,0,1,4376
218,2,2015-07-23,-0.433883739117558,-0.9009688679024191,-0.4999999999999998,-0.8660254037844388,-0.3617137307297674,-0.9322892131745134,4376.0,5323.0,5218.0,3670.5714285714284,4680.0,1905.1981399269096,4074.0666666666666,4726.5,2113.1319611083086,640.0,0,1,1,0,0,0,0,0,1,4795
218,2,2015-07-24,-0.9749279121818236,-0.2225209339563146,-0.4999999999999998,-0.8660254037844388,-0.37770796520396466,-0.9259247771938499,4795.0,4876.0,4703.0,3574.285714285714,4376.0,1850.3666946748442,4077.9,4726.5,2113.2605360209195,640.0,0,1,1,0,0,0,0,0,1,4202
218,2,2015-07-25,-0.7818314824680299,0.6234898018587334,-0.4999999999999998,-0.8660254037844388,-0.39359027665646645,-0.9192859697186105,4202.0,2069.0,1862.0,3535.1428571428573,4376.0,1889.9906903272865,3994.233333333333,4726.5,2153.267664117331,640.0,0,1,1,0,0,0,0,0,1,1795
218,2,2015-07-26,-2.4492935982947064e-16,1.0,-0.4999999999999998,-0.8660254037844388,-0.4093559588156211,-0.9123747579707274,1795.0,0.0,0.0,3535.1428571428573,4376.0,1889.9906903272865,3852.633333333333,4726.5,2272.3849917156836,640.0,0,1,1,0,0,0,0,0,1,0
218,2,2015-07-27,0.7818314824680298,0.6234898018587336,-0.4999999999999998,-0.8660254037844388,-0.42500033996955394,-0.9051931898913975,0.0,4898.0,7013.0,3802.714285714286,4376.0,2219.0320498125393,4008.4666666666667,4755.5,2307.789324833631,640.0,1,1,1,0,0,0,0,0,1,6771
218,2,2015-07-28,0.9749279121818236,-0.22252093395631434,-0.4999999999999998,-0.8660254037844388,-0.4405187843504952,-0.8977433935342336,6771.0,4680.0,6325.0,4132.428571428572,4376.0,2521.9058175080518,4241.4,4778.0,2240.9429296153617,640.0,1,1,1,0,0,0,0,0,1,6988
218,2,2015-07-29,0.43388373911755823,-0.900968867902419,-0.4999999999999998,-0.8660254037844388,-0.455906693508459,-0.8900275764346766,6988.0,4376.0,5635.0,4398.142857142857,4795.0,2646.7436236862477,4211.566666666667,4778.0,2206.84570782846,640.0,1,1,1,0,0,0,0,0,1,6236
218,2,2015-07-30,-0.433883739117558,-0.9009688679024191,-0.4999999999999998,-0.8660254037844388,-0.47115950767386394,-0.8820480249558535,6236.0,4795.0,5323.0,4568.857142857143,5990.0,2714.283848370286,4174.266666666666,4778.0,2165.2493514657763,640.0,1,1,1,0,0,0,0,0,1,5990
218,2,2015-07-31,-0.9749279121818236,-0.2225209339563146,-0.4999999999999998,-0.8660254037844388,-0.4862727071086902,-0.8738071036110807,5990.0,4202.0,4876.0,4780.714285714285,5990.0,2738.6440510032035,4176.4,4778.0,2166.754916681971,640.0,1,1,1,0,0,0,0,0,1,5685
