2025-03-30 10:17:43 - [Cluster 0 - CLIENT] - INFO - Initialized client logging for cluster 0 -> ../logs/run_20250330_101705/clients_cluster_0.log
2025-03-30 10:17:43 - [Cluster 0 - CLIENT] - INFO - Loading pickle data for store 1099, cluster 0...
2025-03-30 10:17:43 - [Cluster 0 - CLIENT] - INFO - Initialized client logging for cluster 0 -> ../logs/run_20250330_101705/clients_cluster_0.log
2025-03-30 10:17:43 - [Cluster 0 - CLIENT] - INFO - Loading pickle data for store 680, cluster 0...
2025-03-30 10:17:43 - [Cluster 0 - CLIENT] - INFO - x_train shape: (723, 7, 27), y_train shape: (723, 1)
2025-03-30 10:17:43 - [Cluster 0 - CLIENT] - INFO - x_val shape: (176, 7, 27), y_val shape: (176, 1)
2025-03-30 10:17:43 - [Cluster 0 - CLIENT] - INFO - Initialized client logging for cluster 0 -> ../logs/run_20250330_101705/clients_cluster_0.log
2025-03-30 10:17:43 - [Cluster 0 - CLIENT] - INFO - Loading pickle data for store 1084, cluster 0...
2025-03-30 10:17:43 - [Cluster 0 - CLIENT] - INFO - x_train shape: (723, 7, 27), y_train shape: (723, 1)
2025-03-30 10:17:43 - [Cluster 0 - CLIENT] - INFO - x_val shape: (176, 7, 27), y_val shape: (176, 1)
2025-03-30 10:17:43 - [Cluster 0 - CLIENT] - INFO - x_train shape: (723, 7, 27), y_train shape: (723, 1)
2025-03-30 10:17:43 - [Cluster 0 - CLIENT] - INFO - x_val shape: (176, 7, 27), y_val shape: (176, 1)
2025-03-30 10:17:45 - [Cluster 0 - CLIENT] - INFO - Initialized client logging for cluster 0 -> ../logs/run_20250330_101705/clients_cluster_0.log
2025-03-30 10:17:45 - [Cluster 0 - CLIENT] - INFO - Loading pickle data for store 1030, cluster 0...
2025-03-30 10:17:45 - [Cluster 0 - CLIENT] - INFO - Initialized client logging for cluster 0 -> ../logs/run_20250330_101705/clients_cluster_0.log
2025-03-30 10:17:45 - [Cluster 0 - CLIENT] - INFO - Loading pickle data for store 462, cluster 0...
2025-03-30 10:17:45 - [Cluster 0 - CLIENT] - INFO - x_train shape: (723, 7, 27), y_train shape: (723, 1)
2025-03-30 10:17:45 - [Cluster 0 - CLIENT] - INFO - x_val shape: (176, 7, 27), y_val shape: (176, 1)
2025-03-30 10:17:45 - [Cluster 0 - CLIENT] - INFO - x_train shape: (723, 7, 27), y_train shape: (723, 1)
2025-03-30 10:17:45 - [Cluster 0 - CLIENT] - INFO - x_val shape: (176, 7, 27), y_val shape: (176, 1)
2025-03-30 10:17:45 - [Cluster 0 - CLIENT] - INFO - Initialized client logging for cluster 0 -> ../logs/run_20250330_101705/clients_cluster_0.log
2025-03-30 10:17:45 - [Cluster 0 - CLIENT] - INFO - Loading pickle data for store 395, cluster 0...
2025-03-30 10:17:45 - [Cluster 0 - CLIENT] - INFO - Initialized client logging for cluster 0 -> ../logs/run_20250330_101705/clients_cluster_0.log
2025-03-30 10:17:45 - [Cluster 0 - CLIENT] - INFO - Loading pickle data for store 1015, cluster 0...
2025-03-30 10:17:45 - [Cluster 0 - CLIENT] - INFO - x_train shape: (723, 7, 27), y_train shape: (723, 1)
2025-03-30 10:17:45 - [Cluster 0 - CLIENT] - INFO - x_val shape: (176, 7, 27), y_val shape: (176, 1)
2025-03-30 10:17:45 - [Cluster 0 - CLIENT] - INFO - x_train shape: (723, 7, 27), y_train shape: (723, 1)
2025-03-30 10:17:45 - [Cluster 0 - CLIENT] - INFO - x_val shape: (176, 7, 27), y_val shape: (176, 1)
2025-03-30 10:17:47 - [Cluster 0 - CLIENT] - INFO - Initialized client logging for cluster 0 -> ../logs/run_20250330_101705/clients_cluster_0.log
2025-03-30 10:17:47 - [Cluster 0 - CLIENT] - INFO - Loading pickle data for store 63, cluster 0...
2025-03-30 10:17:47 - [Cluster 0 - CLIENT] - INFO - x_train shape: (723, 7, 27), y_train shape: (723, 1)
2025-03-30 10:17:47 - [Cluster 0 - CLIENT] - INFO - x_val shape: (176, 7, 27), y_val shape: (176, 1)
2025-03-30 10:17:48 - [Cluster 0 - CLIENT] - INFO - Initialized client logging for cluster 0 -> ../logs/run_20250330_101705/clients_cluster_0.log
2025-03-30 10:17:48 - [Cluster 0 - CLIENT] - INFO - Loading pickle data for store 783, cluster 0...
2025-03-30 10:17:48 - [Cluster 0 - CLIENT] - INFO - [Store 1084, Cluster 0] Connecting to 127.0.0.1:8080 ...
2025-03-30 10:17:48 - [Cluster 0 - CLIENT] - INFO - x_train shape: (723, 7, 27), y_train shape: (723, 1)
2025-03-30 10:17:48 - [Cluster 0 - CLIENT] - INFO - x_val shape: (176, 7, 27), y_val shape: (176, 1)
2025-03-30 10:17:48 - [Cluster 0 - CLIENT] - INFO - [Store 680, Cluster 0] Connecting to 127.0.0.1:8080 ...
2025-03-30 10:17:48 - [Cluster 0 - CLIENT] - DEBUG - Opened insecure gRPC connection (no certificates were passed)
2025-03-30 10:17:48 - [Cluster 0 - CLIENT] - DEBUG - ChannelConnectivity.IDLE
2025-03-30 10:17:48 - [Cluster 0 - CLIENT] - DEBUG - ChannelConnectivity.CONNECTING
2025-03-30 10:17:48 - [Cluster 0 - CLIENT] - DEBUG - ChannelConnectivity.READY
2025-03-30 10:17:48 - [Cluster 0 - CLIENT] - DEBUG - Opened insecure gRPC connection (no certificates were passed)
2025-03-30 10:17:48 - [Cluster 0 - CLIENT] - DEBUG - ChannelConnectivity.IDLE
2025-03-30 10:17:48 - [Cluster 0 - CLIENT] - DEBUG - ChannelConnectivity.READY
2025-03-30 10:17:48 - [Cluster 0 - CLIENT] - INFO - 
2025-03-30 10:17:48 - [Cluster 0 - CLIENT] - INFO - Received: get_parameters message 820ca4b4-d019-403d-8e87-424b80b04068
2025-03-30 10:17:48 - [Cluster 0 - CLIENT] - INFO - [Store 1084] Sending model parameters to server.
2025-03-30 10:17:48 - [Cluster 0 - CLIENT] - INFO - [Store 1099, Cluster 0] Connecting to 127.0.0.1:8080 ...
2025-03-30 10:17:48 - [Cluster 0 - CLIENT] - INFO - Sent reply
2025-03-30 10:17:48 - [Cluster 0 - CLIENT] - INFO - Initialized client logging for cluster 0 -> ../logs/run_20250330_101705/clients_cluster_0.log
2025-03-30 10:17:48 - [Cluster 0 - CLIENT] - INFO - Loading pickle data for store 293, cluster 0...
2025-03-30 10:17:48 - [Cluster 0 - CLIENT] - DEBUG - Opened insecure gRPC connection (no certificates were passed)
2025-03-30 10:17:48 - [Cluster 0 - CLIENT] - DEBUG - ChannelConnectivity.IDLE
2025-03-30 10:17:48 - [Cluster 0 - CLIENT] - INFO - Initialized client logging for cluster 0 -> ../logs/run_20250330_101705/clients_cluster_0.log
2025-03-30 10:17:48 - [Cluster 0 - CLIENT] - INFO - Loading pickle data for store 128, cluster 0...
2025-03-30 10:17:48 - [Cluster 0 - CLIENT] - INFO - x_train shape: (723, 7, 27), y_train shape: (723, 1)
2025-03-30 10:17:48 - [Cluster 0 - CLIENT] - INFO - x_val shape: (176, 7, 27), y_val shape: (176, 1)
2025-03-30 10:17:48 - [Cluster 0 - CLIENT] - INFO - Initialized client logging for cluster 0 -> ../logs/run_20250330_101705/clients_cluster_0.log
2025-03-30 10:17:48 - [Cluster 0 - CLIENT] - INFO - Loading pickle data for store 435, cluster 0...
2025-03-30 10:17:48 - [Cluster 0 - CLIENT] - DEBUG - ChannelConnectivity.CONNECTING
2025-03-30 10:17:48 - [Cluster 0 - CLIENT] - DEBUG - ChannelConnectivity.READY
2025-03-30 10:17:48 - [Cluster 0 - CLIENT] - INFO - x_train shape: (723, 7, 27), y_train shape: (723, 1)
2025-03-30 10:17:48 - [Cluster 0 - CLIENT] - INFO - x_val shape: (176, 7, 27), y_val shape: (176, 1)
2025-03-30 10:17:48 - [Cluster 0 - CLIENT] - INFO - x_train shape: (723, 7, 27), y_train shape: (723, 1)
2025-03-30 10:17:48 - [Cluster 0 - CLIENT] - INFO - x_val shape: (176, 7, 27), y_val shape: (176, 1)
2025-03-30 10:17:48 - [Cluster 0 - CLIENT] - INFO - [Store 1030, Cluster 0] Connecting to 127.0.0.1:8080 ...
2025-03-30 10:17:49 - [Cluster 0 - CLIENT] - INFO - [Store 462, Cluster 0] Connecting to 127.0.0.1:8080 ...
2025-03-30 10:17:49 - [Cluster 0 - CLIENT] - DEBUG - Opened insecure gRPC connection (no certificates were passed)
2025-03-30 10:17:49 - [Cluster 0 - CLIENT] - DEBUG - ChannelConnectivity.IDLE
2025-03-30 10:17:49 - [Cluster 0 - CLIENT] - DEBUG - ChannelConnectivity.CONNECTING
2025-03-30 10:17:49 - [Cluster 0 - CLIENT] - DEBUG - ChannelConnectivity.READY
2025-03-30 10:17:49 - [Cluster 0 - CLIENT] - DEBUG - Opened insecure gRPC connection (no certificates were passed)
2025-03-30 10:17:49 - [Cluster 0 - CLIENT] - DEBUG - ChannelConnectivity.IDLE
2025-03-30 10:17:49 - [Cluster 0 - CLIENT] - DEBUG - ChannelConnectivity.CONNECTING
2025-03-30 10:17:49 - [Cluster 0 - CLIENT] - DEBUG - ChannelConnectivity.READY
2025-03-30 10:17:49 - [Cluster 0 - CLIENT] - INFO - [Store 395, Cluster 0] Connecting to 127.0.0.1:8080 ...
2025-03-30 10:17:49 - [Cluster 0 - CLIENT] - INFO - Initialized client logging for cluster 0 -> ../logs/run_20250330_101705/clients_cluster_0.log
2025-03-30 10:17:49 - [Cluster 0 - CLIENT] - INFO - Loading pickle data for store 1030, cluster 0...
2025-03-30 10:17:49 - [Cluster 0 - CLIENT] - DEBUG - Opened insecure gRPC connection (no certificates were passed)
2025-03-30 10:17:49 - [Cluster 0 - CLIENT] - DEBUG - ChannelConnectivity.IDLE
2025-03-30 10:17:49 - [Cluster 0 - CLIENT] - DEBUG - ChannelConnectivity.CONNECTING
2025-03-30 10:17:49 - [Cluster 0 - CLIENT] - DEBUG - ChannelConnectivity.READY
2025-03-30 10:17:49 - [Cluster 0 - CLIENT] - INFO - x_train shape: (723, 7, 27), y_train shape: (723, 1)
2025-03-30 10:17:49 - [Cluster 0 - CLIENT] - INFO - x_val shape: (176, 7, 27), y_val shape: (176, 1)
2025-03-30 10:17:49 - [Cluster 0 - CLIENT] - INFO - [Store 1015, Cluster 0] Connecting to 127.0.0.1:8080 ...
2025-03-30 10:17:49 - [Cluster 0 - CLIENT] - DEBUG - Opened insecure gRPC connection (no certificates were passed)
2025-03-30 10:17:49 - [Cluster 0 - CLIENT] - DEBUG - ChannelConnectivity.IDLE
2025-03-30 10:17:49 - [Cluster 0 - CLIENT] - DEBUG - ChannelConnectivity.READY
2025-03-30 10:17:49 - [Cluster 0 - CLIENT] - INFO - Initialized client logging for cluster 0 -> ../logs/run_20250330_101705/clients_cluster_0.log
2025-03-30 10:17:49 - [Cluster 0 - CLIENT] - INFO - Loading pickle data for store 1076, cluster 0...
2025-03-30 10:17:49 - [Cluster 0 - CLIENT] - INFO - x_train shape: (723, 7, 27), y_train shape: (723, 1)
2025-03-30 10:17:49 - [Cluster 0 - CLIENT] - INFO - x_val shape: (176, 7, 27), y_val shape: (176, 1)
2025-03-30 10:17:49 - [Cluster 0 - CLIENT] - INFO - Initialized client logging for cluster 0 -> ../logs/run_20250330_101705/clients_cluster_0.log
2025-03-30 10:17:49 - [Cluster 0 - CLIENT] - INFO - Loading pickle data for store 997, cluster 0...
2025-03-30 10:17:49 - [Cluster 0 - CLIENT] - INFO - x_train shape: (723, 7, 27), y_train shape: (723, 1)
2025-03-30 10:17:49 - [Cluster 0 - CLIENT] - INFO - x_val shape: (176, 7, 27), y_val shape: (176, 1)
2025-03-30 10:17:49 - [Cluster 0 - CLIENT] - INFO - Initialized client logging for cluster 0 -> ../logs/run_20250330_101705/clients_cluster_0.log
2025-03-30 10:17:49 - [Cluster 0 - CLIENT] - INFO - Loading pickle data for store 689, cluster 0...
2025-03-30 10:17:49 - [Cluster 0 - CLIENT] - INFO - [Store 63, Cluster 0] Connecting to 127.0.0.1:8080 ...
2025-03-30 10:17:49 - [Cluster 0 - CLIENT] - INFO - Initialized client logging for cluster 0 -> ../logs/run_20250330_101705/clients_cluster_0.log
2025-03-30 10:17:49 - [Cluster 0 - CLIENT] - INFO - Loading pickle data for store 369, cluster 0...
2025-03-30 10:17:49 - [Cluster 0 - CLIENT] - DEBUG - Opened insecure gRPC connection (no certificates were passed)
2025-03-30 10:17:49 - [Cluster 0 - CLIENT] - INFO - x_train shape: (723, 7, 27), y_train shape: (723, 1)
2025-03-30 10:17:49 - [Cluster 0 - CLIENT] - INFO - x_val shape: (176, 7, 27), y_val shape: (176, 1)
2025-03-30 10:17:49 - [Cluster 0 - CLIENT] - DEBUG - ChannelConnectivity.IDLE
2025-03-30 10:17:50 - [Cluster 0 - CLIENT] - INFO - Initialized client logging for cluster 0 -> ../logs/run_20250330_101705/clients_cluster_0.log
2025-03-30 10:17:50 - [Cluster 0 - CLIENT] - INFO - Loading pickle data for store 569, cluster 0...
2025-03-30 10:17:50 - [Cluster 0 - CLIENT] - INFO - x_train shape: (723, 7, 27), y_train shape: (723, 1)
2025-03-30 10:17:50 - [Cluster 0 - CLIENT] - INFO - x_val shape: (176, 7, 27), y_val shape: (176, 1)
2025-03-30 10:17:50 - [Cluster 0 - CLIENT] - INFO - Initialized client logging for cluster 0 -> ../logs/run_20250330_101705/clients_cluster_0.log
2025-03-30 10:17:50 - [Cluster 0 - CLIENT] - INFO - Loading pickle data for store 244, cluster 0...
2025-03-30 10:17:50 - [Cluster 0 - CLIENT] - INFO - x_train shape: (723, 7, 27), y_train shape: (723, 1)
2025-03-30 10:17:50 - [Cluster 0 - CLIENT] - INFO - x_val shape: (176, 7, 27), y_val shape: (176, 1)
2025-03-30 10:17:50 - [Cluster 0 - CLIENT] - INFO - x_train shape: (723, 7, 27), y_train shape: (723, 1)
2025-03-30 10:17:50 - [Cluster 0 - CLIENT] - INFO - x_val shape: (176, 7, 27), y_val shape: (176, 1)
2025-03-30 10:17:50 - [Cluster 0 - CLIENT] - INFO - Initialized client logging for cluster 0 -> ../logs/run_20250330_101705/clients_cluster_0.log
2025-03-30 10:17:50 - [Cluster 0 - CLIENT] - INFO - Loading pickle data for store 990, cluster 0...
2025-03-30 10:17:50 - [Cluster 0 - CLIENT] - DEBUG - ChannelConnectivity.CONNECTING
2025-03-30 10:17:50 - [Cluster 0 - CLIENT] - DEBUG - ChannelConnectivity.READY
2025-03-30 10:17:50 - [Cluster 0 - CLIENT] - INFO - Initialized client logging for cluster 0 -> ../logs/run_20250330_101705/clients_cluster_0.log
2025-03-30 10:17:50 - [Cluster 0 - CLIENT] - INFO - Loading pickle data for store 864, cluster 0...
2025-03-30 10:17:50 - [Cluster 0 - CLIENT] - INFO - Initialized client logging for cluster 0 -> ../logs/run_20250330_101705/clients_cluster_0.log
2025-03-30 10:17:50 - [Cluster 0 - CLIENT] - INFO - Loading pickle data for store 302, cluster 0...
2025-03-30 10:17:50 - [Cluster 0 - CLIENT] - INFO - x_train shape: (723, 7, 27), y_train shape: (723, 1)
2025-03-30 10:17:50 - [Cluster 0 - CLIENT] - INFO - x_val shape: (176, 7, 27), y_val shape: (176, 1)
2025-03-30 10:17:50 - [Cluster 0 - CLIENT] - INFO - x_train shape: (723, 7, 27), y_train shape: (723, 1)
2025-03-30 10:17:50 - [Cluster 0 - CLIENT] - INFO - x_val shape: (176, 7, 27), y_val shape: (176, 1)
2025-03-30 10:17:50 - [Cluster 0 - CLIENT] - INFO - x_train shape: (723, 7, 27), y_train shape: (723, 1)
2025-03-30 10:17:50 - [Cluster 0 - CLIENT] - INFO - x_val shape: (176, 7, 27), y_val shape: (176, 1)
2025-03-30 10:17:50 - [Cluster 0 - CLIENT] - INFO - Initialized client logging for cluster 0 -> ../logs/run_20250330_101705/clients_cluster_0.log
2025-03-30 10:17:50 - [Cluster 0 - CLIENT] - INFO - Loading pickle data for store 255, cluster 0...
2025-03-30 10:17:50 - [Cluster 0 - CLIENT] - INFO - Initialized client logging for cluster 0 -> ../logs/run_20250330_101705/clients_cluster_0.log
2025-03-30 10:17:50 - [Cluster 0 - CLIENT] - INFO - Loading pickle data for store 1013, cluster 0...
2025-03-30 10:17:50 - [Cluster 0 - CLIENT] - INFO - x_train shape: (723, 7, 27), y_train shape: (723, 1)
2025-03-30 10:17:50 - [Cluster 0 - CLIENT] - INFO - x_val shape: (176, 7, 27), y_val shape: (176, 1)
2025-03-30 10:17:50 - [Cluster 0 - CLIENT] - INFO - x_train shape: (723, 7, 27), y_train shape: (723, 1)
2025-03-30 10:17:50 - [Cluster 0 - CLIENT] - INFO - x_val shape: (176, 7, 27), y_val shape: (176, 1)
2025-03-30 10:17:50 - [Cluster 0 - CLIENT] - INFO - [Store 783, Cluster 0] Connecting to 127.0.0.1:8080 ...
2025-03-30 10:17:50 - [Cluster 0 - CLIENT] - INFO - Initialized client logging for cluster 0 -> ../logs/run_20250330_101705/clients_cluster_0.log
2025-03-30 10:17:50 - [Cluster 0 - CLIENT] - INFO - Loading pickle data for store 351, cluster 0...
2025-03-30 10:17:50 - [Cluster 0 - CLIENT] - DEBUG - Opened insecure gRPC connection (no certificates were passed)
2025-03-30 10:17:50 - [Cluster 0 - CLIENT] - DEBUG - ChannelConnectivity.IDLE
2025-03-30 10:17:50 - [Cluster 0 - CLIENT] - DEBUG - ChannelConnectivity.CONNECTING
2025-03-30 10:17:50 - [Cluster 0 - CLIENT] - DEBUG - ChannelConnectivity.READY
2025-03-30 10:17:50 - [Cluster 0 - CLIENT] - INFO - x_train shape: (723, 7, 27), y_train shape: (723, 1)
2025-03-30 10:17:50 - [Cluster 0 - CLIENT] - INFO - x_val shape: (176, 7, 27), y_val shape: (176, 1)
2025-03-30 10:17:50 - [Cluster 0 - CLIENT] - INFO - Initialized client logging for cluster 0 -> ../logs/run_20250330_101705/clients_cluster_0.log
2025-03-30 10:17:50 - [Cluster 0 - CLIENT] - INFO - Loading pickle data for store 313, cluster 0...
2025-03-30 10:17:50 - [Cluster 0 - CLIENT] - INFO - Initialized client logging for cluster 0 -> ../logs/run_20250330_101705/clients_cluster_0.log
2025-03-30 10:17:50 - [Cluster 0 - CLIENT] - INFO - Loading pickle data for store 1083, cluster 0...
2025-03-30 10:17:50 - [Cluster 0 - CLIENT] - INFO - x_train shape: (723, 7, 27), y_train shape: (723, 1)
2025-03-30 10:17:50 - [Cluster 0 - CLIENT] - INFO - x_val shape: (176, 7, 27), y_val shape: (176, 1)
2025-03-30 10:17:50 - [Cluster 0 - CLIENT] - INFO - x_train shape: (723, 7, 27), y_train shape: (723, 1)
2025-03-30 10:17:50 - [Cluster 0 - CLIENT] - INFO - x_val shape: (176, 7, 27), y_val shape: (176, 1)
2025-03-30 10:17:50 - [Cluster 0 - CLIENT] - INFO - Initialized client logging for cluster 0 -> ../logs/run_20250330_101705/clients_cluster_0.log
2025-03-30 10:17:50 - [Cluster 0 - CLIENT] - INFO - Loading pickle data for store 203, cluster 0...
2025-03-30 10:17:50 - [Cluster 0 - CLIENT] - INFO - x_train shape: (723, 7, 27), y_train shape: (723, 1)
2025-03-30 10:17:50 - [Cluster 0 - CLIENT] - INFO - x_val shape: (176, 7, 27), y_val shape: (176, 1)
2025-03-30 10:17:50 - [Cluster 0 - CLIENT] - INFO - Initialized client logging for cluster 0 -> ../logs/run_20250330_101705/clients_cluster_0.log
2025-03-30 10:17:50 - [Cluster 0 - CLIENT] - INFO - Loading pickle data for store 600, cluster 0...
2025-03-30 10:17:50 - [Cluster 0 - CLIENT] - INFO - x_train shape: (723, 7, 27), y_train shape: (723, 1)
2025-03-30 10:17:50 - [Cluster 0 - CLIENT] - INFO - x_val shape: (176, 7, 27), y_val shape: (176, 1)
2025-03-30 10:17:50 - [Cluster 0 - CLIENT] - INFO - Initialized client logging for cluster 0 -> ../logs/run_20250330_101705/clients_cluster_0.log
2025-03-30 10:17:50 - [Cluster 0 - CLIENT] - INFO - Loading pickle data for store 541, cluster 0...
2025-03-30 10:17:50 - [Cluster 0 - CLIENT] - INFO - [Store 293, Cluster 0] Connecting to 127.0.0.1:8080 ...
2025-03-30 10:17:50 - [Cluster 0 - CLIENT] - INFO - [Store 435, Cluster 0] Connecting to 127.0.0.1:8080 ...
2025-03-30 10:17:51 - [Cluster 0 - CLIENT] - DEBUG - Opened insecure gRPC connection (no certificates were passed)
2025-03-30 10:17:51 - [Cluster 0 - CLIENT] - DEBUG - ChannelConnectivity.IDLE
2025-03-30 10:17:51 - [Cluster 0 - CLIENT] - DEBUG - ChannelConnectivity.CONNECTING
2025-03-30 10:17:51 - [Cluster 0 - CLIENT] - DEBUG - ChannelConnectivity.READY
2025-03-30 10:17:51 - [Cluster 0 - CLIENT] - INFO - x_train shape: (723, 7, 27), y_train shape: (723, 1)
2025-03-30 10:17:51 - [Cluster 0 - CLIENT] - DEBUG - Opened insecure gRPC connection (no certificates were passed)
2025-03-30 10:17:51 - [Cluster 0 - CLIENT] - DEBUG - ChannelConnectivity.IDLE
2025-03-30 10:17:51 - [Cluster 0 - CLIENT] - INFO - x_val shape: (176, 7, 27), y_val shape: (176, 1)
2025-03-30 10:17:51 - [Cluster 0 - CLIENT] - DEBUG - ChannelConnectivity.READY
2025-03-30 10:17:51 - [Cluster 0 - CLIENT] - INFO - [Store 128, Cluster 0] Connecting to 127.0.0.1:8080 ...
2025-03-30 10:17:51 - [Cluster 0 - CLIENT] - DEBUG - Opened insecure gRPC connection (no certificates were passed)
2025-03-30 10:17:51 - [Cluster 0 - CLIENT] - DEBUG - ChannelConnectivity.IDLE
2025-03-30 10:17:51 - [Cluster 0 - CLIENT] - DEBUG - ChannelConnectivity.READY
2025-03-30 10:17:51 - [Cluster 0 - CLIENT] - INFO - [Store 1030, Cluster 0] Connecting to 127.0.0.1:8080 ...
2025-03-30 10:17:51 - [Cluster 0 - CLIENT] - DEBUG - Opened insecure gRPC connection (no certificates were passed)
2025-03-30 10:17:51 - [Cluster 0 - CLIENT] - INFO - [Store 1076, Cluster 0] Connecting to 127.0.0.1:8080 ...
2025-03-30 10:17:51 - [Cluster 0 - CLIENT] - DEBUG - ChannelConnectivity.IDLE
2025-03-30 10:17:51 - [Cluster 0 - CLIENT] - DEBUG - ChannelConnectivity.READY
2025-03-30 10:17:51 - [Cluster 0 - CLIENT] - INFO - [Store 997, Cluster 0] Connecting to 127.0.0.1:8080 ...
2025-03-30 10:17:51 - [Cluster 0 - CLIENT] - DEBUG - Opened insecure gRPC connection (no certificates were passed)
2025-03-30 10:17:51 - [Cluster 0 - CLIENT] - DEBUG - ChannelConnectivity.IDLE
2025-03-30 10:17:51 - [Cluster 0 - CLIENT] - DEBUG - ChannelConnectivity.READY
2025-03-30 10:17:51 - [Cluster 0 - CLIENT] - DEBUG - Opened insecure gRPC connection (no certificates were passed)
2025-03-30 10:17:51 - [Cluster 0 - CLIENT] - DEBUG - ChannelConnectivity.IDLE
2025-03-30 10:17:51 - [Cluster 0 - CLIENT] - DEBUG - ChannelConnectivity.READY
2025-03-30 10:17:51 - [Cluster 0 - CLIENT] - INFO - [Store 369, Cluster 0] Connecting to 127.0.0.1:8080 ...
2025-03-30 10:17:52 - [Cluster 0 - CLIENT] - INFO - [Store 689, Cluster 0] Connecting to 127.0.0.1:8080 ...
2025-03-30 10:17:52 - [Cluster 0 - CLIENT] - INFO - [Store 864, Cluster 0] Connecting to 127.0.0.1:8080 ...
2025-03-30 10:17:52 - [Cluster 0 - CLIENT] - INFO - [Store 244, Cluster 0] Connecting to 127.0.0.1:8080 ...
2025-03-30 10:17:52 - [Cluster 0 - CLIENT] - DEBUG - Opened insecure gRPC connection (no certificates were passed)
2025-03-30 10:17:52 - [Cluster 0 - CLIENT] - DEBUG - ChannelConnectivity.IDLE
2025-03-30 10:17:52 - [Cluster 0 - CLIENT] - DEBUG - ChannelConnectivity.READY
2025-03-30 10:17:52 - [Cluster 0 - CLIENT] - DEBUG - Opened insecure gRPC connection (no certificates were passed)
2025-03-30 10:17:52 - [Cluster 0 - CLIENT] - INFO - [Store 569, Cluster 0] Connecting to 127.0.0.1:8080 ...
2025-03-30 10:17:52 - [Cluster 0 - CLIENT] - DEBUG - ChannelConnectivity.IDLE
2025-03-30 10:17:52 - [Cluster 0 - CLIENT] - DEBUG - ChannelConnectivity.CONNECTING
2025-03-30 10:17:52 - [Cluster 0 - CLIENT] - DEBUG - ChannelConnectivity.READY
2025-03-30 10:17:52 - [Cluster 0 - CLIENT] - DEBUG - Opened insecure gRPC connection (no certificates were passed)
2025-03-30 10:17:52 - [Cluster 0 - CLIENT] - DEBUG - ChannelConnectivity.IDLE
2025-03-30 10:17:52 - [Cluster 0 - CLIENT] - DEBUG - ChannelConnectivity.READY
2025-03-30 10:17:52 - [Cluster 0 - CLIENT] - DEBUG - Opened insecure gRPC connection (no certificates were passed)
2025-03-30 10:17:52 - [Cluster 0 - CLIENT] - DEBUG - ChannelConnectivity.IDLE
2025-03-30 10:17:52 - [Cluster 0 - CLIENT] - DEBUG - ChannelConnectivity.READY
2025-03-30 10:17:52 - [Cluster 0 - CLIENT] - DEBUG - Opened insecure gRPC connection (no certificates were passed)
2025-03-30 10:17:52 - [Cluster 0 - CLIENT] - DEBUG - ChannelConnectivity.IDLE
2025-03-30 10:17:52 - [Cluster 0 - CLIENT] - DEBUG - ChannelConnectivity.CONNECTING
2025-03-30 10:17:52 - [Cluster 0 - CLIENT] - DEBUG - ChannelConnectivity.READY
2025-03-30 10:17:52 - [Cluster 0 - CLIENT] - INFO - [Store 990, Cluster 0] Connecting to 127.0.0.1:8080 ...
2025-03-30 10:17:52 - [Cluster 0 - CLIENT] - DEBUG - Opened insecure gRPC connection (no certificates were passed)
2025-03-30 10:17:52 - [Cluster 0 - CLIENT] - DEBUG - ChannelConnectivity.IDLE
2025-03-30 10:17:52 - [Cluster 0 - CLIENT] - INFO - [Store 313, Cluster 0] Connecting to 127.0.0.1:8080 ...
2025-03-30 10:17:52 - [Cluster 0 - CLIENT] - DEBUG - Opened insecure gRPC connection (no certificates were passed)
2025-03-30 10:17:52 - [Cluster 0 - CLIENT] - DEBUG - ChannelConnectivity.READY
2025-03-30 10:17:52 - [Cluster 0 - CLIENT] - DEBUG - ChannelConnectivity.IDLE
2025-03-30 10:17:52 - [Cluster 0 - CLIENT] - DEBUG - ChannelConnectivity.CONNECTING
2025-03-30 10:17:52 - [Cluster 0 - CLIENT] - DEBUG - ChannelConnectivity.READY
2025-03-30 10:17:52 - [Cluster 0 - CLIENT] - INFO - [Store 255, Cluster 0] Connecting to 127.0.0.1:8080 ...
2025-03-30 10:17:52 - [Cluster 0 - CLIENT] - INFO - [Store 302, Cluster 0] Connecting to 127.0.0.1:8080 ...
2025-03-30 10:17:52 - [Cluster 0 - CLIENT] - INFO - [Store 600, Cluster 0] Connecting to 127.0.0.1:8080 ...
2025-03-30 10:17:52 - [Cluster 0 - CLIENT] - INFO - [Store 351, Cluster 0] Connecting to 127.0.0.1:8080 ...
2025-03-30 10:17:52 - [Cluster 0 - CLIENT] - DEBUG - Opened insecure gRPC connection (no certificates were passed)
2025-03-30 10:17:52 - [Cluster 0 - CLIENT] - INFO - [Store 541, Cluster 0] Connecting to 127.0.0.1:8080 ...
2025-03-30 10:17:52 - [Cluster 0 - CLIENT] - INFO - [Store 203, Cluster 0] Connecting to 127.0.0.1:8080 ...
2025-03-30 10:17:52 - [Cluster 0 - CLIENT] - DEBUG - ChannelConnectivity.IDLE
2025-03-30 10:17:52 - [Cluster 0 - CLIENT] - DEBUG - ChannelConnectivity.READY
2025-03-30 10:17:52 - [Cluster 0 - CLIENT] - INFO - [Store 1013, Cluster 0] Connecting to 127.0.0.1:8080 ...
2025-03-30 10:17:52 - [Cluster 0 - CLIENT] - DEBUG - Opened insecure gRPC connection (no certificates were passed)
2025-03-30 10:17:52 - [Cluster 0 - CLIENT] - DEBUG - ChannelConnectivity.IDLE
2025-03-30 10:17:52 - [Cluster 0 - CLIENT] - DEBUG - ChannelConnectivity.CONNECTING
2025-03-30 10:17:52 - [Cluster 0 - CLIENT] - DEBUG - ChannelConnectivity.READY
2025-03-30 10:17:52 - [Cluster 0 - CLIENT] - DEBUG - Opened insecure gRPC connection (no certificates were passed)
2025-03-30 10:17:52 - [Cluster 0 - CLIENT] - DEBUG - ChannelConnectivity.IDLE
2025-03-30 10:17:52 - [Cluster 0 - CLIENT] - DEBUG - Opened insecure gRPC connection (no certificates were passed)
2025-03-30 10:17:52 - [Cluster 0 - CLIENT] - DEBUG - ChannelConnectivity.READY
2025-03-30 10:17:52 - [Cluster 0 - CLIENT] - DEBUG - ChannelConnectivity.IDLE
2025-03-30 10:17:52 - [Cluster 0 - CLIENT] - DEBUG - ChannelConnectivity.CONNECTING
2025-03-30 10:17:52 - [Cluster 0 - CLIENT] - DEBUG - Opened insecure gRPC connection (no certificates were passed)
2025-03-30 10:17:52 - [Cluster 0 - CLIENT] - DEBUG - ChannelConnectivity.READY
2025-03-30 10:17:52 - [Cluster 0 - CLIENT] - DEBUG - Opened insecure gRPC connection (no certificates were passed)
2025-03-30 10:17:52 - [Cluster 0 - CLIENT] - DEBUG - ChannelConnectivity.IDLE
2025-03-30 10:17:52 - [Cluster 0 - CLIENT] - DEBUG - ChannelConnectivity.CONNECTING
2025-03-30 10:17:52 - [Cluster 0 - CLIENT] - DEBUG - Opened insecure gRPC connection (no certificates were passed)
2025-03-30 10:17:52 - [Cluster 0 - CLIENT] - DEBUG - ChannelConnectivity.IDLE
2025-03-30 10:17:52 - [Cluster 0 - CLIENT] - DEBUG - ChannelConnectivity.CONNECTING
2025-03-30 10:17:52 - [Cluster 0 - CLIENT] - DEBUG - ChannelConnectivity.IDLE
2025-03-30 10:17:52 - [Cluster 0 - CLIENT] - DEBUG - ChannelConnectivity.CONNECTING
2025-03-30 10:17:52 - [Cluster 0 - CLIENT] - INFO - [Store 1083, Cluster 0] Connecting to 127.0.0.1:8080 ...
2025-03-30 10:17:52 - [Cluster 0 - CLIENT] - INFO - 
2025-03-30 10:17:52 - [Cluster 0 - CLIENT] - INFO - Received: train message 227be11d-b773-460f-a95d-b37a8e88ee61
2025-03-30 10:17:52 - [Cluster 0 - CLIENT] - INFO - 
2025-03-30 10:17:52 - [Cluster 0 - CLIENT] - INFO - Received: train message 99506e37-8553-465c-8b45-ace5c664d9d7
2025-03-30 10:17:52 - [Cluster 0 - CLIENT] - INFO - 
2025-03-30 10:17:52 - [Cluster 0 - CLIENT] - INFO - Received: train message 9786c322-e163-435f-8cb3-5707b6eb9c55
2025-03-30 10:17:52 - [Cluster 0 - CLIENT] - INFO - 
2025-03-30 10:17:52 - [Cluster 0 - CLIENT] - INFO - Received: train message a0c6ab96-90f6-4191-bf26-2d71414f3a4d
2025-03-30 10:17:52 - [Cluster 0 - CLIENT] - INFO - 
2025-03-30 10:17:52 - [Cluster 0 - CLIENT] - INFO - Received: train message 842f7659-716a-442d-8351-ae72466d8c06
2025-03-30 10:17:52 - [Cluster 0 - CLIENT] - INFO - 
2025-03-30 10:17:52 - [Cluster 0 - CLIENT] - INFO - Received: train message 097af2c3-d4df-4d3c-a0e3-1933dc968a76
2025-03-30 10:17:52 - [Cluster 0 - CLIENT] - INFO - 
2025-03-30 10:17:52 - [Cluster 0 - CLIENT] - INFO - Received: train message 0bfdad86-25c1-45c0-9c3f-1cf1ccaa8682
2025-03-30 10:17:52 - [Cluster 0 - CLIENT] - INFO - [Store 997] Starting local training.
2025-03-30 10:17:52 - [Cluster 0 - CLIENT] - INFO - 
2025-03-30 10:17:52 - [Cluster 0 - CLIENT] - INFO - Received: train message f0f0b4a2-7f22-4dc8-b400-481d4b284d07
2025-03-30 10:17:52 - [Cluster 0 - CLIENT] - INFO - 
2025-03-30 10:17:52 - [Cluster 0 - CLIENT] - INFO - Received: train message abba2a55-2aff-4f67-9c0e-896d93575820
2025-03-30 10:17:52 - [Cluster 0 - CLIENT] - DEBUG - ChannelConnectivity.READY
2025-03-30 10:17:52 - [Cluster 0 - CLIENT] - DEBUG - ChannelConnectivity.READY
2025-03-30 10:17:52 - [Cluster 0 - CLIENT] - DEBUG - ChannelConnectivity.READY
2025-03-30 10:17:52 - [Cluster 0 - CLIENT] - INFO - 
2025-03-30 10:17:52 - [Cluster 0 - CLIENT] - INFO - Received: train message 00b5fe5a-c30e-43c8-8a9c-6cd023482e21
2025-03-30 10:17:52 - [Cluster 0 - CLIENT] - DEBUG - Opened insecure gRPC connection (no certificates were passed)
2025-03-30 10:17:52 - [Cluster 0 - CLIENT] - INFO - 
2025-03-30 10:17:52 - [Cluster 0 - CLIENT] - INFO - Received: train message d05d266b-82c5-4805-aca8-6793bdf2a0e7
2025-03-30 10:17:52 - [Cluster 0 - CLIENT] - INFO - 
2025-03-30 10:17:52 - [Cluster 0 - CLIENT] - INFO - Received: train message b0ae0bbd-5014-465b-8ddb-8b5bf017e2e5
2025-03-30 10:17:52 - [Cluster 0 - CLIENT] - DEBUG - ChannelConnectivity.IDLE
2025-03-30 10:17:52 - [Cluster 0 - CLIENT] - INFO - [Store 864] Starting local training.
2025-03-30 10:17:52 - [Cluster 0 - CLIENT] - INFO - 
2025-03-30 10:17:52 - [Cluster 0 - CLIENT] - INFO - Received: train message 16932a61-74dd-4974-92a1-c568bdc5da73
2025-03-30 10:17:52 - [Cluster 0 - CLIENT] - INFO - 
2025-03-30 10:17:52 - [Cluster 0 - CLIENT] - INFO - Received: train message e4a59b61-6809-42b6-a019-6b90ba83e710
2025-03-30 10:17:52 - [Cluster 0 - CLIENT] - INFO - [Store 369] Starting local training.
2025-03-30 10:17:52 - [Cluster 0 - CLIENT] - DEBUG - ChannelConnectivity.READY
2025-03-30 10:17:52 - [Cluster 0 - CLIENT] - INFO - [Store 689] Starting local training.
2025-03-30 10:17:52 - [Cluster 0 - CLIENT] - INFO - [Store 255] Starting local training.
2025-03-30 10:17:52 - [Cluster 0 - CLIENT] - INFO - 
2025-03-30 10:17:52 - [Cluster 0 - CLIENT] - INFO - Received: train message 286c49bc-ddba-4527-a659-489d0172aaa1
2025-03-30 10:17:52 - [Cluster 0 - CLIENT] - INFO - [Store 1030] Starting local training.
2025-03-30 10:17:52 - [Cluster 0 - CLIENT] - INFO - [Store 569] Starting local training.
2025-03-30 10:17:52 - [Cluster 0 - CLIENT] - INFO - [Store 293] Starting local training.
2025-03-30 10:17:52 - [Cluster 0 - CLIENT] - INFO - [Store 1076] Starting local training.
2025-03-30 10:17:52 - [Cluster 0 - CLIENT] - INFO - [Store 462] Starting local training.
2025-03-30 10:17:52 - [Cluster 0 - CLIENT] - INFO - [Store 395] Starting local training.
2025-03-30 10:17:52 - [Cluster 0 - CLIENT] - INFO - [Store 1015] Starting local training.
2025-03-30 10:17:52 - [Cluster 0 - CLIENT] - INFO - [Store 63] Starting local training.
2025-03-30 10:17:53 - [Cluster 0 - CLIENT] - INFO - [Store 1099] Starting local training.
2025-03-30 10:17:53 - [Cluster 0 - CLIENT] - INFO - [Store 680] Starting local training.
2025-03-30 10:21:50 - [Cluster 0 - CLIENT] - INFO - [Store 293] Local training complete.
2025-03-30 10:21:50 - [Cluster 0 - CLIENT] - INFO - Sent reply
2025-03-30 10:21:51 - [Cluster 0 - CLIENT] - INFO - 
2025-03-30 10:21:51 - [Cluster 0 - CLIENT] - INFO - Received: train message 07187ba5-9630-4589-b003-15af16542d83
2025-03-30 10:21:51 - [Cluster 0 - CLIENT] - INFO - [Store 244] Starting local training.
2025-03-30 10:21:52 - [Cluster 0 - CLIENT] - INFO - [Store 255] Local training complete.
2025-03-30 10:21:52 - [Cluster 0 - CLIENT] - INFO - Sent reply
2025-03-30 10:21:52 - [Cluster 0 - CLIENT] - INFO - 
2025-03-30 10:21:52 - [Cluster 0 - CLIENT] - INFO - Received: train message 59617a53-24d1-4a99-ba09-207a680eb968
2025-03-30 10:21:52 - [Cluster 0 - CLIENT] - INFO - [Store 462] Local training complete.
2025-03-30 10:21:52 - [Cluster 0 - CLIENT] - INFO - [Store 128] Starting local training.
2025-03-30 10:21:52 - [Cluster 0 - CLIENT] - INFO - Sent reply
2025-03-30 10:21:52 - [Cluster 0 - CLIENT] - INFO - 
2025-03-30 10:21:52 - [Cluster 0 - CLIENT] - INFO - Received: train message 396196c7-1715-4786-b667-3961ab8f81db
2025-03-30 10:21:52 - [Cluster 0 - CLIENT] - INFO - [Store 435] Starting local training.
2025-03-30 10:21:53 - [Cluster 0 - CLIENT] - INFO - [Store 1015] Local training complete.
2025-03-30 10:21:53 - [Cluster 0 - CLIENT] - INFO - Sent reply
2025-03-30 10:21:53 - [Cluster 0 - CLIENT] - INFO - 
2025-03-30 10:21:53 - [Cluster 0 - CLIENT] - INFO - Received: train message 7198b681-9493-4bb4-b304-5970cb58e005
2025-03-30 10:21:53 - [Cluster 0 - CLIENT] - INFO - [Store 313] Starting local training.
2025-03-30 10:21:53 - [Cluster 0 - CLIENT] - INFO - [Store 369] Local training complete.
2025-03-30 10:21:53 - [Cluster 0 - CLIENT] - INFO - Sent reply
2025-03-30 10:21:53 - [Cluster 0 - CLIENT] - INFO - 
2025-03-30 10:21:53 - [Cluster 0 - CLIENT] - INFO - Received: train message 1261bef0-3c5b-4c46-89ca-669d14d45186
2025-03-30 10:21:53 - [Cluster 0 - CLIENT] - INFO - [Store 1084] Starting local training.
2025-03-30 10:21:54 - [Cluster 0 - CLIENT] - INFO - [Store 689] Local training complete.
2025-03-30 10:21:54 - [Cluster 0 - CLIENT] - INFO - [Store 864] Local training complete.
2025-03-30 10:21:54 - [Cluster 0 - CLIENT] - INFO - Sent reply
2025-03-30 10:21:54 - [Cluster 0 - CLIENT] - INFO - [Store 63] Local training complete.
2025-03-30 10:21:54 - [Cluster 0 - CLIENT] - INFO - Sent reply
2025-03-30 10:21:54 - [Cluster 0 - CLIENT] - INFO - 
2025-03-30 10:21:54 - [Cluster 0 - CLIENT] - INFO - Received: train message e9b77b2a-634a-47b1-8f74-126b72ab330e
2025-03-30 10:21:54 - [Cluster 0 - CLIENT] - INFO - Sent reply
2025-03-30 10:21:54 - [Cluster 0 - CLIENT] - INFO - 
2025-03-30 10:21:54 - [Cluster 0 - CLIENT] - INFO - Received: train message df4e7617-68e4-4c28-99c1-7a12d2c136b2
2025-03-30 10:21:54 - [Cluster 0 - CLIENT] - INFO - 
2025-03-30 10:21:54 - [Cluster 0 - CLIENT] - INFO - Received: train message 64aaad4c-d54c-4cd0-93e2-da753b4136b4
2025-03-30 10:21:54 - [Cluster 0 - CLIENT] - INFO - [Store 541] Starting local training.
2025-03-30 10:21:54 - [Cluster 0 - CLIENT] - INFO - [Store 302] Starting local training.
2025-03-30 10:21:54 - [Cluster 0 - CLIENT] - INFO - [Store 990] Starting local training.
2025-03-30 10:21:55 - [Cluster 0 - CLIENT] - INFO - [Store 1099] Local training complete.
2025-03-30 10:21:55 - [Cluster 0 - CLIENT] - INFO - Sent reply
2025-03-30 10:21:55 - [Cluster 0 - CLIENT] - INFO - 
2025-03-30 10:21:55 - [Cluster 0 - CLIENT] - INFO - Received: train message 3e3151fe-5080-444f-8db8-bbd8b49a50a5
2025-03-30 10:21:55 - [Cluster 0 - CLIENT] - INFO - [Store 1030] Starting local training.
2025-03-30 10:21:55 - [Cluster 0 - CLIENT] - INFO - [Store 1076] Local training complete.
2025-03-30 10:21:55 - [Cluster 0 - CLIENT] - INFO - Sent reply
2025-03-30 10:21:55 - [Cluster 0 - CLIENT] - INFO - 
2025-03-30 10:21:55 - [Cluster 0 - CLIENT] - INFO - Received: train message f799dc99-b90e-4004-a3f9-f4d70b9133ad
2025-03-30 10:21:55 - [Cluster 0 - CLIENT] - INFO - [Store 783] Starting local training.
2025-03-30 10:21:56 - [Cluster 0 - CLIENT] - INFO - [Store 680] Local training complete.
2025-03-30 10:21:56 - [Cluster 0 - CLIENT] - INFO - Sent reply
2025-03-30 10:21:56 - [Cluster 0 - CLIENT] - INFO - [Store 1030] Local training complete.
2025-03-30 10:21:56 - [Cluster 0 - CLIENT] - INFO - Sent reply
2025-03-30 10:21:56 - [Cluster 0 - CLIENT] - INFO - [Store 395] Local training complete.
2025-03-30 10:21:56 - [Cluster 0 - CLIENT] - INFO - Sent reply
2025-03-30 10:21:56 - [Cluster 0 - CLIENT] - INFO - [Store 997] Local training complete.
2025-03-30 10:21:56 - [Cluster 0 - CLIENT] - INFO - Sent reply
2025-03-30 10:21:57 - [Cluster 0 - CLIENT] - INFO - [Store 569] Local training complete.
2025-03-30 10:21:57 - [Cluster 0 - CLIENT] - INFO - Sent reply
2025-03-30 10:23:58 - [Cluster 0 - CLIENT] - INFO - [Store 541] Local training complete.
2025-03-30 10:23:58 - [Cluster 0 - CLIENT] - INFO - Sent reply
2025-03-30 10:23:58 - [Cluster 0 - CLIENT] - INFO - [Store 244] Local training complete.
2025-03-30 10:23:58 - [Cluster 0 - CLIENT] - INFO - Sent reply
2025-03-30 10:23:59 - [Cluster 0 - CLIENT] - INFO - [Store 1030] Local training complete.
2025-03-30 10:24:00 - [Cluster 0 - CLIENT] - INFO - Sent reply
2025-03-30 10:24:00 - [Cluster 0 - CLIENT] - INFO - [Store 128] Local training complete.
2025-03-30 10:24:00 - [Cluster 0 - CLIENT] - INFO - Sent reply
2025-03-30 10:24:00 - [Cluster 0 - CLIENT] - INFO - [Store 313] Local training complete.
2025-03-30 10:24:00 - [Cluster 0 - CLIENT] - INFO - Sent reply
2025-03-30 10:24:00 - [Cluster 0 - CLIENT] - INFO - [Store 1084] Local training complete.
2025-03-30 10:24:00 - [Cluster 0 - CLIENT] - INFO - Sent reply
2025-03-30 10:24:00 - [Cluster 0 - CLIENT] - INFO - [Store 302] Local training complete.
2025-03-30 10:24:00 - [Cluster 0 - CLIENT] - INFO - Sent reply
2025-03-30 10:24:00 - [Cluster 0 - CLIENT] - INFO - [Store 435] Local training complete.
2025-03-30 10:24:00 - [Cluster 0 - CLIENT] - INFO - [Store 990] Local training complete.
2025-03-30 10:24:00 - [Cluster 0 - CLIENT] - INFO - Sent reply
2025-03-30 10:24:00 - [Cluster 0 - CLIENT] - INFO - Sent reply
2025-03-30 10:24:02 - [Cluster 0 - CLIENT] - INFO - [Store 783] Local training complete.
2025-03-30 10:24:02 - [Cluster 0 - CLIENT] - INFO - Sent reply
2025-03-30 10:24:02 - [Cluster 0 - CLIENT] - INFO - 
2025-03-30 10:24:02 - [Cluster 0 - CLIENT] - INFO - Received: evaluate message 05c7ea7a-6166-4ecd-b4d6-8fa8102e777c
2025-03-30 10:24:02 - [Cluster 0 - CLIENT] - INFO - 
2025-03-30 10:24:02 - [Cluster 0 - CLIENT] - INFO - Received: evaluate message 489e7b9e-6f08-4091-9a26-954dfd6436ff
2025-03-30 10:24:02 - [Cluster 0 - CLIENT] - INFO - 
2025-03-30 10:24:02 - [Cluster 0 - CLIENT] - INFO - Received: evaluate message 1200ba50-fee6-483f-b7a3-c4f867a9ef27
2025-03-30 10:24:02 - [Cluster 0 - CLIENT] - INFO - 
2025-03-30 10:24:02 - [Cluster 0 - CLIENT] - INFO - Received: evaluate message 4eac102b-ca05-4a2c-9c16-e4f1a541e05e
2025-03-30 10:24:02 - [Cluster 0 - CLIENT] - INFO - 
2025-03-30 10:24:02 - [Cluster 0 - CLIENT] - INFO - Received: evaluate message 6f52fd10-b5cb-462e-9d4d-9cb8d0279438
2025-03-30 10:24:02 - [Cluster 0 - CLIENT] - INFO - 
2025-03-30 10:24:02 - [Cluster 0 - CLIENT] - INFO - Received: evaluate message db3a6d8a-0611-422c-9ca3-1520cc4bb2a3
2025-03-30 10:24:02 - [Cluster 0 - CLIENT] - INFO - 
2025-03-30 10:24:02 - [Cluster 0 - CLIENT] - INFO - Received: evaluate message be7aa8ec-9423-4402-be17-50e081066192
2025-03-30 10:24:02 - [Cluster 0 - CLIENT] - INFO - 
2025-03-30 10:24:02 - [Cluster 0 - CLIENT] - INFO - Received: evaluate message 409f9a54-5576-4a0e-816f-ad9f2b4e6074
2025-03-30 10:24:02 - [Cluster 0 - CLIENT] - INFO - 
2025-03-30 10:24:02 - [Cluster 0 - CLIENT] - INFO - Received: evaluate message dc6491d4-361d-492a-a826-af80e6b26876
2025-03-30 10:24:02 - [Cluster 0 - CLIENT] - INFO - 
2025-03-30 10:24:02 - [Cluster 0 - CLIENT] - INFO - Received: evaluate message 30099ebd-74a6-42dc-8de2-d8d66cd628e5
2025-03-30 10:24:02 - [Cluster 0 - CLIENT] - INFO - 
2025-03-30 10:24:02 - [Cluster 0 - CLIENT] - INFO - 
2025-03-30 10:24:02 - [Cluster 0 - CLIENT] - INFO - Received: evaluate message aeda6139-ad4b-4678-ae49-00e008c6502c
2025-03-30 10:24:02 - [Cluster 0 - CLIENT] - INFO - Received: evaluate message fe63c0e5-62c1-482c-9cfc-8a2e90428327
2025-03-30 10:24:02 - [Cluster 0 - CLIENT] - INFO - 
2025-03-30 10:24:02 - [Cluster 0 - CLIENT] - INFO - Received: evaluate message 378205e4-a751-4462-a90f-ab1a52a59ba8
2025-03-30 10:24:02 - [Cluster 0 - CLIENT] - INFO - 
2025-03-30 10:24:02 - [Cluster 0 - CLIENT] - INFO - Received: evaluate message 970ca62c-9baf-43cb-8e5a-4cf57ac8d792
2025-03-30 10:24:02 - [Cluster 0 - CLIENT] - INFO - 
2025-03-30 10:24:02 - [Cluster 0 - CLIENT] - INFO - Received: evaluate message 29430100-7b7f-430b-8b67-3da2cf3bac93
2025-03-30 10:24:03 - [Cluster 0 - CLIENT] - INFO - [Store 63] Evaluation - Loss: 0.5306, MAE: 0.5689
2025-03-30 10:24:03 - [Cluster 0 - CLIENT] - INFO - Sent reply
2025-03-30 10:24:03 - [Cluster 0 - CLIENT] - INFO - 
2025-03-30 10:24:03 - [Cluster 0 - CLIENT] - INFO - Received: evaluate message 066d0e62-c65b-429a-833d-1e1eed2ebd77
2025-03-30 10:24:03 - [Cluster 0 - CLIENT] - INFO - [Store 395] Evaluation - Loss: 0.3871, MAE: 0.4454
2025-03-30 10:24:03 - [Cluster 0 - CLIENT] - INFO - Sent reply
2025-03-30 10:24:03 - [Cluster 0 - CLIENT] - INFO - 
2025-03-30 10:24:03 - [Cluster 0 - CLIENT] - INFO - Received: evaluate message 3e179edd-8dd2-47b8-8212-4394bdb90b76
2025-03-30 10:24:03 - [Cluster 0 - CLIENT] - INFO - [Store 435] Evaluation - Loss: 0.3500, MAE: 0.4109
2025-03-30 10:24:03 - [Cluster 0 - CLIENT] - INFO - Sent reply
2025-03-30 10:24:03 - [Cluster 0 - CLIENT] - INFO - 
2025-03-30 10:24:03 - [Cluster 0 - CLIENT] - INFO - Received: evaluate message 61e57fcd-74a2-461a-9928-3ed70053425d
2025-03-30 10:24:03 - [Cluster 0 - CLIENT] - INFO - [Store 990] Evaluation - Loss: 0.3545, MAE: 0.4468
2025-03-30 10:24:03 - [Cluster 0 - CLIENT] - INFO - Sent reply
2025-03-30 10:24:03 - [Cluster 0 - CLIENT] - INFO - 
2025-03-30 10:24:03 - [Cluster 0 - CLIENT] - INFO - Received: evaluate message 4e386a42-6688-40c2-8105-f4d069f8b92a
2025-03-30 10:24:03 - [Cluster 0 - CLIENT] - INFO - [Store 128] Evaluation - Loss: 0.6140, MAE: 0.6288
2025-03-30 10:24:03 - [Cluster 0 - CLIENT] - INFO - Sent reply
2025-03-30 10:24:03 - [Cluster 0 - CLIENT] - INFO - [Store 997] Evaluation - Loss: 0.4354, MAE: 0.4888
2025-03-30 10:24:03 - [Cluster 0 - CLIENT] - INFO - 
2025-03-30 10:24:03 - [Cluster 0 - CLIENT] - INFO - Received: evaluate message 0a148f12-6db5-441d-96ba-e5eb7c7cfa7e
2025-03-30 10:24:03 - [Cluster 0 - CLIENT] - INFO - Sent reply
2025-03-30 10:24:03 - [Cluster 0 - CLIENT] - INFO - 
2025-03-30 10:24:03 - [Cluster 0 - CLIENT] - INFO - Received: evaluate message e23bff22-7e2f-4948-992b-dc0aacc3cec4
2025-03-30 10:24:04 - [Cluster 0 - CLIENT] - INFO - [Store 1030] Evaluation - Loss: 0.3255, MAE: 0.4396
2025-03-30 10:24:04 - [Cluster 0 - CLIENT] - INFO - Sent reply
2025-03-30 10:24:04 - [Cluster 0 - CLIENT] - INFO - [Store 302] Evaluation - Loss: 0.5012, MAE: 0.5430
2025-03-30 10:24:04 - [Cluster 0 - CLIENT] - INFO - Sent reply
2025-03-30 10:24:04 - [Cluster 0 - CLIENT] - INFO - [Store 689] Evaluation - Loss: 0.3344, MAE: 0.3955
2025-03-30 10:24:04 - [Cluster 0 - CLIENT] - INFO - Sent reply
2025-03-30 10:24:04 - [Cluster 0 - CLIENT] - INFO - 
2025-03-30 10:24:04 - [Cluster 0 - CLIENT] - INFO - Received: evaluate message ba666df9-9a16-464a-b3b9-1fe7bfb1b827
2025-03-30 10:24:04 - [Cluster 0 - CLIENT] - INFO - 
2025-03-30 10:24:04 - [Cluster 0 - CLIENT] - INFO - Received: evaluate message 164b2a6e-8c95-4f5d-b7c5-a977dd3aa839
2025-03-30 10:24:04 - [Cluster 0 - CLIENT] - INFO - 
2025-03-30 10:24:04 - [Cluster 0 - CLIENT] - INFO - Received: evaluate message a2af95bc-42d3-460b-b6f7-b0afdf252fe7
2025-03-30 10:24:04 - [Cluster 0 - CLIENT] - INFO - [Store 369] Evaluation - Loss: 0.3794, MAE: 0.4532
2025-03-30 10:24:04 - [Cluster 0 - CLIENT] - INFO - Sent reply
2025-03-30 10:24:04 - [Cluster 0 - CLIENT] - INFO - 
2025-03-30 10:24:04 - [Cluster 0 - CLIENT] - INFO - Received: evaluate message 84e31ef5-49db-4ee1-9861-ee5359d930c1
2025-03-30 10:24:04 - [Cluster 0 - CLIENT] - INFO - [Store 255] Evaluation - Loss: 0.4802, MAE: 0.5256
2025-03-30 10:24:04 - [Cluster 0 - CLIENT] - INFO - Sent reply
2025-03-30 10:24:04 - [Cluster 0 - CLIENT] - INFO - 
2025-03-30 10:24:04 - [Cluster 0 - CLIENT] - INFO - Received: evaluate message cbd6f241-3f98-4a77-9c99-a35f99e325d5
2025-03-30 10:24:04 - [Cluster 0 - CLIENT] - INFO - [Store 1099] Evaluation - Loss: 0.4004, MAE: 0.4491
2025-03-30 10:24:04 - [Cluster 0 - CLIENT] - INFO - Sent reply
2025-03-30 10:24:04 - [Cluster 0 - CLIENT] - INFO - [Store 1076] Evaluation - Loss: 0.7772, MAE: 0.7055
2025-03-30 10:24:04 - [Cluster 0 - CLIENT] - INFO - Sent reply
2025-03-30 10:24:04 - [Cluster 0 - CLIENT] - INFO - 
2025-03-30 10:24:04 - [Cluster 0 - CLIENT] - INFO - Received: evaluate message c91ab09c-61ea-442d-8f48-41dc5f506767
2025-03-30 10:24:04 - [Cluster 0 - CLIENT] - INFO - 
2025-03-30 10:24:04 - [Cluster 0 - CLIENT] - INFO - Received: evaluate message a0f24b67-23fd-4c8f-bc4a-659002f67a5a
2025-03-30 10:24:05 - [Cluster 0 - CLIENT] - INFO - [Store 783] Evaluation - Loss: 0.3826, MAE: 0.4623
2025-03-30 10:24:05 - [Cluster 0 - CLIENT] - INFO - Sent reply
2025-03-30 10:24:05 - [Cluster 0 - CLIENT] - INFO - 
2025-03-30 10:24:05 - [Cluster 0 - CLIENT] - INFO - Received: evaluate message 37ebd364-5867-4a1a-a285-94b3c54b79f7
2025-03-30 10:24:05 - [Cluster 0 - CLIENT] - INFO - [Store 600] Evaluation - Loss: 0.4997, MAE: 0.5535
2025-03-30 10:24:05 - [Cluster 0 - CLIENT] - INFO - Sent reply
2025-03-30 10:24:05 - [Cluster 0 - CLIENT] - INFO - 
2025-03-30 10:24:05 - [Cluster 0 - CLIENT] - INFO - [Store 1084] Evaluation - Loss: 0.4060, MAE: 0.4476
2025-03-30 10:24:05 - [Cluster 0 - CLIENT] - INFO - Received: evaluate message df34a6db-93ec-43fd-b157-6806cf89b0c6
2025-03-30 10:24:05 - [Cluster 0 - CLIENT] - INFO - Sent reply
2025-03-30 10:24:05 - [Cluster 0 - CLIENT] - INFO - [Store 313] Evaluation - Loss: 0.3638, MAE: 0.4439
2025-03-30 10:24:05 - [Cluster 0 - CLIENT] - INFO - Sent reply
2025-03-30 10:24:05 - [Cluster 0 - CLIENT] - INFO - [Store 541] Evaluation - Loss: 0.4556, MAE: 0.4948
2025-03-30 10:24:05 - [Cluster 0 - CLIENT] - INFO - Sent reply
2025-03-30 10:24:05 - [Cluster 0 - CLIENT] - INFO - [Store 351] Evaluation - Loss: 0.4386, MAE: 0.5027
2025-03-30 10:24:05 - [Cluster 0 - CLIENT] - INFO - Sent reply
2025-03-30 10:24:05 - [Cluster 0 - CLIENT] - INFO - [Store 462] Evaluation - Loss: 0.2813, MAE: 0.3854
2025-03-30 10:24:05 - [Cluster 0 - CLIENT] - INFO - Sent reply
2025-03-30 10:24:05 - [Cluster 0 - CLIENT] - INFO - [Store 680] Evaluation - Loss: 0.4714, MAE: 0.5136
2025-03-30 10:24:05 - [Cluster 0 - CLIENT] - INFO - Sent reply
2025-03-30 10:24:05 - [Cluster 0 - CLIENT] - INFO - [Store 293] Evaluation - Loss: 0.3948, MAE: 0.4496
2025-03-30 10:24:05 - [Cluster 0 - CLIENT] - INFO - Sent reply
2025-03-30 10:24:05 - [Cluster 0 - CLIENT] - INFO - [Store 569] Evaluation - Loss: 0.3137, MAE: 0.4073
2025-03-30 10:24:05 - [Cluster 0 - CLIENT] - INFO - Sent reply
2025-03-30 10:24:05 - [Cluster 0 - CLIENT] - INFO - [Store 1030] Evaluation - Loss: 0.3255, MAE: 0.4396
2025-03-30 10:24:05 - [Cluster 0 - CLIENT] - INFO - Sent reply
2025-03-30 10:24:05 - [Cluster 0 - CLIENT] - INFO - [Store 1015] Evaluation - Loss: 0.4231, MAE: 0.4782
2025-03-30 10:24:05 - [Cluster 0 - CLIENT] - INFO - Sent reply
2025-03-30 10:24:05 - [Cluster 0 - CLIENT] - INFO - [Store 864] Evaluation - Loss: 0.4280, MAE: 0.4988
2025-03-30 10:24:05 - [Cluster 0 - CLIENT] - INFO - Sent reply
2025-03-30 10:24:05 - [Cluster 0 - CLIENT] - INFO - [Store 1083] Evaluation - Loss: 0.7227, MAE: 0.6838
2025-03-30 10:24:05 - [Cluster 0 - CLIENT] - INFO - [Store 1013] Evaluation - Loss: 0.4045, MAE: 0.4593
2025-03-30 10:24:05 - [Cluster 0 - CLIENT] - INFO - [Store 244] Evaluation - Loss: 0.5633, MAE: 0.5585
2025-03-30 10:24:05 - [Cluster 0 - CLIENT] - INFO - Sent reply
2025-03-30 10:24:05 - [Cluster 0 - CLIENT] - INFO - Sent reply
2025-03-30 10:24:05 - [Cluster 0 - CLIENT] - INFO - Sent reply
2025-03-30 10:24:06 - [Cluster 0 - CLIENT] - INFO - [Store 203] Evaluation - Loss: 0.3630, MAE: 0.4399
2025-03-30 10:24:06 - [Cluster 0 - CLIENT] - INFO - Sent reply
2025-03-30 10:24:06 - [Cluster 0 - CLIENT] - INFO - 
2025-03-30 10:24:06 - [Cluster 0 - CLIENT] - INFO - Received: train message 185ef96d-b251-4d9e-a124-4aa1301e1983
2025-03-30 10:24:06 - [Cluster 0 - CLIENT] - INFO - 
2025-03-30 10:24:06 - [Cluster 0 - CLIENT] - INFO - Received: train message 74536269-d9d6-4e06-b34c-24937686734f
2025-03-30 10:24:06 - [Cluster 0 - CLIENT] - INFO - 
2025-03-30 10:24:06 - [Cluster 0 - CLIENT] - INFO - Received: train message 7e6516d9-a6ac-4fe4-9455-aa943f0f3df3
2025-03-30 10:24:06 - [Cluster 0 - CLIENT] - INFO - 
2025-03-30 10:24:06 - [Cluster 0 - CLIENT] - INFO - Received: train message 484f9647-e250-4b78-ad58-3f1457d1ef25
2025-03-30 10:24:06 - [Cluster 0 - CLIENT] - INFO - 
2025-03-30 10:24:06 - [Cluster 0 - CLIENT] - INFO - Received: train message b3e5886c-5623-4a89-8635-71be09824e8e
2025-03-30 10:24:06 - [Cluster 0 - CLIENT] - INFO - 
2025-03-30 10:24:06 - [Cluster 0 - CLIENT] - INFO - Received: train message aed63ead-7247-408d-9528-e9195ceaa34e
2025-03-30 10:24:06 - [Cluster 0 - CLIENT] - INFO - 
2025-03-30 10:24:06 - [Cluster 0 - CLIENT] - INFO - Received: train message 557a6720-ddc3-4fb2-9b83-c42951b20643
2025-03-30 10:24:06 - [Cluster 0 - CLIENT] - INFO - 
2025-03-30 10:24:06 - [Cluster 0 - CLIENT] - INFO - Received: train message fdb19b04-e3f0-41ed-a5dd-0de79e2ebf63
2025-03-30 10:24:06 - [Cluster 0 - CLIENT] - INFO - [Store 1013] Starting local training.
2025-03-30 10:24:06 - [Cluster 0 - CLIENT] - INFO - 
2025-03-30 10:24:06 - [Cluster 0 - CLIENT] - INFO - Received: train message 6cbdf71b-b5f8-4a68-aa22-d12e80c54147
2025-03-30 10:24:06 - [Cluster 0 - CLIENT] - INFO - [Store 244] Starting local training.
2025-03-30 10:24:06 - [Cluster 0 - CLIENT] - INFO - [Store 1030] Starting local training.
2025-03-30 10:24:06 - [Cluster 0 - CLIENT] - INFO - [Store 680] Starting local training.
2025-03-30 10:24:06 - [Cluster 0 - CLIENT] - INFO - [Store 462] Starting local training.
2025-03-30 10:24:06 - [Cluster 0 - CLIENT] - INFO - 
2025-03-30 10:24:06 - [Cluster 0 - CLIENT] - INFO - Received: train message 697f78b2-e33c-4fb7-9d63-cb520a2105ee
2025-03-30 10:24:06 - [Cluster 0 - CLIENT] - INFO - 
2025-03-30 10:24:06 - [Cluster 0 - CLIENT] - INFO - Received: train message 4157f03d-463b-4972-bea2-a20e492c318c
2025-03-30 10:24:06 - [Cluster 0 - CLIENT] - INFO - [Store 351] Starting local training.
2025-03-30 10:24:06 - [Cluster 0 - CLIENT] - INFO - [Store 864] Starting local training.
2025-03-30 10:24:06 - [Cluster 0 - CLIENT] - INFO - 
2025-03-30 10:24:06 - [Cluster 0 - CLIENT] - INFO - Received: train message 095b5f19-fdcf-4084-8846-fa1b191eeb93
2025-03-30 10:24:06 - [Cluster 0 - CLIENT] - INFO - [Store 541] Starting local training.
2025-03-30 10:24:06 - [Cluster 0 - CLIENT] - INFO - 
2025-03-30 10:24:06 - [Cluster 0 - CLIENT] - INFO - Received: train message d245e2da-bd37-421a-8410-5fbe90df4999
2025-03-30 10:24:06 - [Cluster 0 - CLIENT] - INFO - [Store 1084] Starting local training.
2025-03-30 10:24:06 - [Cluster 0 - CLIENT] - INFO - 
2025-03-30 10:24:06 - [Cluster 0 - CLIENT] - INFO - Received: train message b0fbbcb8-c807-4e28-a8e4-cf4db32258db
2025-03-30 10:24:06 - [Cluster 0 - CLIENT] - INFO - 
2025-03-30 10:24:06 - [Cluster 0 - CLIENT] - INFO - Received: train message eb03a8d6-cadc-460b-b6dd-e8b2f8a35cd2
2025-03-30 10:24:06 - [Cluster 0 - CLIENT] - INFO - [Store 997] Starting local training.
2025-03-30 10:24:06 - [Cluster 0 - CLIENT] - INFO - [Store 369] Starting local training.
2025-03-30 10:24:06 - [Cluster 0 - CLIENT] - INFO - [Store 689] Starting local training.
2025-03-30 10:24:06 - [Cluster 0 - CLIENT] - INFO - [Store 128] Starting local training.
2025-03-30 10:24:06 - [Cluster 0 - CLIENT] - INFO - [Store 395] Starting local training.
2025-03-30 10:24:06 - [Cluster 0 - CLIENT] - INFO - [Store 63] Starting local training.
2025-03-30 10:27:07 - [Cluster 0 - CLIENT] - INFO - [Store 395] Local training complete.
2025-03-30 10:27:07 - [Cluster 0 - CLIENT] - INFO - Sent reply
2025-03-30 10:27:07 - [Cluster 0 - CLIENT] - INFO - 
2025-03-30 10:27:07 - [Cluster 0 - CLIENT] - INFO - Received: train message 9df808fd-4db0-4370-a88a-f66891b809c3
2025-03-30 10:27:07 - [Cluster 0 - CLIENT] - INFO - [Store 302] Starting local training.
2025-03-30 10:27:08 - [Cluster 0 - CLIENT] - INFO - [Store 369] Local training complete.
2025-03-30 10:27:08 - [Cluster 0 - CLIENT] - INFO - Sent reply
2025-03-30 10:27:08 - [Cluster 0 - CLIENT] - INFO - 
2025-03-30 10:27:08 - [Cluster 0 - CLIENT] - INFO - Received: train message 45cd4d4c-dbd1-42c2-869e-25656ea30f1c
2025-03-30 10:27:08 - [Cluster 0 - CLIENT] - INFO - [Store 203] Starting local training.
2025-03-30 10:27:10 - [Cluster 0 - CLIENT] - INFO - [Store 462] Local training complete.
2025-03-30 10:27:10 - [Cluster 0 - CLIENT] - INFO - Sent reply
2025-03-30 10:27:10 - [Cluster 0 - CLIENT] - INFO - 
2025-03-30 10:27:10 - [Cluster 0 - CLIENT] - INFO - Received: train message a3163630-d897-41f1-a1f4-c1c627e32bb3
2025-03-30 10:27:10 - [Cluster 0 - CLIENT] - INFO - [Store 293] Starting local training.
2025-03-30 10:27:10 - [Cluster 0 - CLIENT] - INFO - [Store 244] Local training complete.
2025-03-30 10:27:10 - [Cluster 0 - CLIENT] - INFO - Sent reply
2025-03-30 10:27:10 - [Cluster 0 - CLIENT] - INFO - 
2025-03-30 10:27:10 - [Cluster 0 - CLIENT] - INFO - Received: train message 9fc76bd4-01c6-43cd-a4a0-d7979cfa34b3
2025-03-30 10:27:10 - [Cluster 0 - CLIENT] - INFO - [Store 1015] Starting local training.
2025-03-30 10:27:11 - [Cluster 0 - CLIENT] - INFO - [Store 997] Local training complete.
2025-03-30 10:27:11 - [Cluster 0 - CLIENT] - INFO - Sent reply
2025-03-30 10:27:11 - [Cluster 0 - CLIENT] - INFO - 
2025-03-30 10:27:11 - [Cluster 0 - CLIENT] - INFO - Received: train message 03a021d4-a2e9-4b40-93da-e07f04f51ffa
2025-03-30 10:27:11 - [Cluster 0 - CLIENT] - INFO - [Store 600] Starting local training.
2025-03-30 10:27:11 - [Cluster 0 - CLIENT] - INFO - [Store 689] Local training complete.
2025-03-30 10:27:11 - [Cluster 0 - CLIENT] - INFO - Sent reply
2025-03-30 10:27:11 - [Cluster 0 - CLIENT] - INFO - 
2025-03-30 10:27:11 - [Cluster 0 - CLIENT] - INFO - Received: train message 48fb286a-d291-40a5-8ab8-171e013ff502
2025-03-30 10:27:11 - [Cluster 0 - CLIENT] - INFO - [Store 541] Local training complete.
2025-03-30 10:27:11 - [Cluster 0 - CLIENT] - INFO - [Store 313] Starting local training.
2025-03-30 10:27:11 - [Cluster 0 - CLIENT] - INFO - [Store 680] Local training complete.
2025-03-30 10:27:11 - [Cluster 0 - CLIENT] - INFO - [Store 864] Local training complete.
2025-03-30 10:27:11 - [Cluster 0 - CLIENT] - INFO - Sent reply
2025-03-30 10:27:11 - [Cluster 0 - CLIENT] - INFO - Sent reply
2025-03-30 10:27:11 - [Cluster 0 - CLIENT] - INFO - 
2025-03-30 10:27:11 - [Cluster 0 - CLIENT] - INFO - Received: train message 16a1c3fc-f8a7-4c2e-8da1-058b6c879ae5
2025-03-30 10:27:11 - [Cluster 0 - CLIENT] - INFO - 
2025-03-30 10:27:11 - [Cluster 0 - CLIENT] - INFO - Received: train message e6f383c6-f982-45e0-8e02-422af2d7dfc7
2025-03-30 10:27:11 - [Cluster 0 - CLIENT] - INFO - [Store 1076] Starting local training.
2025-03-30 10:27:11 - [Cluster 0 - CLIENT] - INFO - [Store 783] Starting local training.
2025-03-30 10:27:11 - [Cluster 0 - CLIENT] - INFO - Sent reply
2025-03-30 10:27:11 - [Cluster 0 - CLIENT] - INFO - 
2025-03-30 10:27:11 - [Cluster 0 - CLIENT] - INFO - Received: train message 2c25a1ff-19c4-48c8-9ede-a08998be76f3
2025-03-30 10:27:11 - [Cluster 0 - CLIENT] - INFO - [Store 1083] Starting local training.
2025-03-30 10:27:11 - [Cluster 0 - CLIENT] - INFO - [Store 1084] Local training complete.
2025-03-30 10:27:11 - [Cluster 0 - CLIENT] - INFO - Sent reply
2025-03-30 10:27:11 - [Cluster 0 - CLIENT] - INFO - 
2025-03-30 10:27:11 - [Cluster 0 - CLIENT] - INFO - Received: train message 99a4b7d1-24d5-4750-b4dc-9d83d2cc802d
2025-03-30 10:27:11 - [Cluster 0 - CLIENT] - INFO - [Store 990] Starting local training.
2025-03-30 10:27:13 - [Cluster 0 - CLIENT] - INFO - [Store 1030] Local training complete.
2025-03-30 10:27:13 - [Cluster 0 - CLIENT] - INFO - Sent reply
2025-03-30 10:27:13 - [Cluster 0 - CLIENT] - INFO - 
2025-03-30 10:27:13 - [Cluster 0 - CLIENT] - INFO - Received: train message ee5f6e9e-cb48-44f8-b91e-bf490f49c8d1
2025-03-30 10:27:13 - [Cluster 0 - CLIENT] - INFO - [Store 255] Starting local training.
2025-03-30 10:27:13 - [Cluster 0 - CLIENT] - INFO - [Store 63] Local training complete.
2025-03-30 10:27:13 - [Cluster 0 - CLIENT] - INFO - Sent reply
2025-03-30 10:27:13 - [Cluster 0 - CLIENT] - INFO - 
2025-03-30 10:27:13 - [Cluster 0 - CLIENT] - INFO - Received: train message 44b9312c-fe97-4c89-afa3-6810c6678dcf
2025-03-30 10:27:13 - [Cluster 0 - CLIENT] - INFO - [Store 569] Starting local training.
2025-03-30 10:27:16 - [Cluster 0 - CLIENT] - INFO - [Store 128] Local training complete.
2025-03-30 10:27:16 - [Cluster 0 - CLIENT] - INFO - Sent reply
2025-03-30 10:27:16 - [Cluster 0 - CLIENT] - INFO - 
2025-03-30 10:27:16 - [Cluster 0 - CLIENT] - INFO - Received: train message 52ab2a59-a347-4b15-a6da-c29e36ad7f75
2025-03-30 10:27:16 - [Cluster 0 - CLIENT] - INFO - [Store 1030] Starting local training.
2025-03-30 10:28:03 - [Cluster 0 - CLIENT] - INFO - [Store 351] Local training complete.
2025-03-30 10:28:03 - [Cluster 0 - CLIENT] - INFO - Sent reply
2025-03-30 10:28:03 - [Cluster 0 - CLIENT] - INFO - 
2025-03-30 10:28:03 - [Cluster 0 - CLIENT] - INFO - Received: train message 840b1fcd-803f-407f-a2d6-af9d81c515f2
2025-03-30 10:28:03 - [Cluster 0 - CLIENT] - INFO - [Store 1099] Starting local training.
2025-03-30 10:28:23 - [Cluster 0 - CLIENT] - INFO - [Store 1013] Local training complete.
2025-03-30 10:28:23 - [Cluster 0 - CLIENT] - INFO - Sent reply
2025-03-30 10:28:23 - [Cluster 0 - CLIENT] - INFO - 
2025-03-30 10:28:23 - [Cluster 0 - CLIENT] - INFO - Received: train message 05075cd5-f4fb-4f97-b2b8-d35802f07fbe
2025-03-30 10:28:23 - [Cluster 0 - CLIENT] - INFO - [Store 435] Starting local training.
2025-03-30 10:30:10 - [Cluster 0 - CLIENT] - INFO - [Store 313] Local training complete.
2025-03-30 10:30:10 - [Cluster 0 - CLIENT] - INFO - Sent reply
2025-03-30 10:30:10 - [Cluster 0 - CLIENT] - INFO - [Store 569] Local training complete.
2025-03-30 10:30:10 - [Cluster 0 - CLIENT] - INFO - Sent reply
2025-03-30 10:30:10 - [Cluster 0 - CLIENT] - INFO - [Store 302] Local training complete.
2025-03-30 10:30:10 - [Cluster 0 - CLIENT] - INFO - Sent reply
2025-03-30 10:30:10 - [Cluster 0 - CLIENT] - INFO - [Store 783] Local training complete.
2025-03-30 10:30:10 - [Cluster 0 - CLIENT] - INFO - Sent reply
2025-03-30 10:30:11 - [Cluster 0 - CLIENT] - INFO - [Store 1015] Local training complete.
2025-03-30 10:30:11 - [Cluster 0 - CLIENT] - INFO - Sent reply
2025-03-30 10:30:11 - [Cluster 0 - CLIENT] - INFO - [Store 255] Local training complete.
2025-03-30 10:30:11 - [Cluster 0 - CLIENT] - INFO - Sent reply
2025-03-30 10:30:12 - [Cluster 0 - CLIENT] - INFO - [Store 293] Local training complete.
2025-03-30 10:30:12 - [Cluster 0 - CLIENT] - INFO - Sent reply
2025-03-30 10:30:12 - [Cluster 0 - CLIENT] - INFO - [Store 1076] Local training complete.
2025-03-30 10:30:12 - [Cluster 0 - CLIENT] - INFO - Sent reply
2025-03-30 10:30:12 - [Cluster 0 - CLIENT] - INFO - [Store 990] Local training complete.
2025-03-30 10:30:12 - [Cluster 0 - CLIENT] - INFO - Sent reply
2025-03-30 10:30:14 - [Cluster 0 - CLIENT] - INFO - [Store 1030] Local training complete.
2025-03-30 10:30:14 - [Cluster 0 - CLIENT] - INFO - Sent reply
2025-03-30 10:30:29 - [Cluster 0 - CLIENT] - INFO - [Store 203] Local training complete.
2025-03-30 10:30:29 - [Cluster 0 - CLIENT] - INFO - Sent reply
2025-03-30 10:30:29 - [Cluster 0 - CLIENT] - INFO - [Store 1083] Local training complete.
2025-03-30 10:30:29 - [Cluster 0 - CLIENT] - INFO - Sent reply
2025-03-30 10:30:30 - [Cluster 0 - CLIENT] - INFO - [Store 1099] Local training complete.
2025-03-30 10:30:30 - [Cluster 0 - CLIENT] - INFO - Sent reply
2025-03-30 10:30:30 - [Cluster 0 - CLIENT] - INFO - [Store 600] Local training complete.
2025-03-30 10:30:30 - [Cluster 0 - CLIENT] - INFO - Sent reply
2025-03-30 10:30:32 - [Cluster 0 - CLIENT] - INFO - [Store 435] Local training complete.
2025-03-30 10:30:32 - [Cluster 0 - CLIENT] - INFO - Sent reply
2025-03-30 10:30:32 - [Cluster 0 - CLIENT] - INFO - 
2025-03-30 10:30:32 - [Cluster 0 - CLIENT] - INFO - Received: evaluate message 723ae00a-b066-4ae9-9c0f-6b8b74e99f0e
2025-03-30 10:30:32 - [Cluster 0 - CLIENT] - INFO - 
2025-03-30 10:30:32 - [Cluster 0 - CLIENT] - INFO - Received: evaluate message c40e4701-361c-49ff-86c1-255d53ad8c24
2025-03-30 10:30:32 - [Cluster 0 - CLIENT] - INFO - 
2025-03-30 10:30:32 - [Cluster 0 - CLIENT] - INFO - Received: evaluate message 730f860c-2466-4f8e-8d99-8d7d0aa87ae1
2025-03-30 10:30:32 - [Cluster 0 - CLIENT] - INFO - 
2025-03-30 10:30:32 - [Cluster 0 - CLIENT] - INFO - Received: evaluate message 79211236-8a34-4cee-b6ce-420196837333
2025-03-30 10:30:32 - [Cluster 0 - CLIENT] - INFO - 
2025-03-30 10:30:32 - [Cluster 0 - CLIENT] - INFO - Received: evaluate message 6fb11b2d-5316-49c4-a1db-82c82561da60
2025-03-30 10:30:32 - [Cluster 0 - CLIENT] - INFO - 
2025-03-30 10:30:32 - [Cluster 0 - CLIENT] - INFO - Received: evaluate message 922ef6b1-f54b-4494-9c9c-a72a86483d5e
2025-03-30 10:30:32 - [Cluster 0 - CLIENT] - INFO - 
2025-03-30 10:30:32 - [Cluster 0 - CLIENT] - INFO - Received: evaluate message 177cb9be-2e85-4b18-9702-9d8efb30ff4e
2025-03-30 10:30:32 - [Cluster 0 - CLIENT] - INFO - 
2025-03-30 10:30:32 - [Cluster 0 - CLIENT] - INFO - Received: evaluate message c2c85f32-ab54-4f39-b4c0-b97e52855e93
2025-03-30 10:30:32 - [Cluster 0 - CLIENT] - INFO - 
2025-03-30 10:30:32 - [Cluster 0 - CLIENT] - INFO - Received: evaluate message 44a75b82-f4c7-44a8-ad5a-37313ae721ed
2025-03-30 10:30:32 - [Cluster 0 - CLIENT] - INFO - 
2025-03-30 10:30:32 - [Cluster 0 - CLIENT] - INFO - Received: evaluate message 2489d929-10f9-4070-bbf1-820afa8e330a
2025-03-30 10:30:32 - [Cluster 0 - CLIENT] - INFO - 
2025-03-30 10:30:32 - [Cluster 0 - CLIENT] - INFO - Received: evaluate message b2df26fa-71a8-4514-817d-69c4c6c79979
2025-03-30 10:30:32 - [Cluster 0 - CLIENT] - INFO - 
2025-03-30 10:30:32 - [Cluster 0 - CLIENT] - INFO - Received: evaluate message 9487a5fb-dcdd-4cce-9307-915b94ae43a5
2025-03-30 10:30:32 - [Cluster 0 - CLIENT] - INFO - 
2025-03-30 10:30:32 - [Cluster 0 - CLIENT] - INFO - Received: evaluate message b470a804-92bd-4ed7-ad0b-10b31218f502
2025-03-30 10:30:32 - [Cluster 0 - CLIENT] - INFO - 
2025-03-30 10:30:32 - [Cluster 0 - CLIENT] - INFO - Received: evaluate message e2117c85-2148-4371-94b0-ecc790a9ded6
2025-03-30 10:30:32 - [Cluster 0 - CLIENT] - INFO - 
2025-03-30 10:30:32 - [Cluster 0 - CLIENT] - INFO - Received: evaluate message a5fe7134-d8f5-4756-8aa5-d07a3f1d4826
2025-03-30 10:30:33 - [Cluster 0 - CLIENT] - INFO - [Store 1083] Evaluation - Loss: 0.5430, MAE: 0.5401
2025-03-30 10:30:33 - [Cluster 0 - CLIENT] - INFO - Sent reply
2025-03-30 10:30:33 - [Cluster 0 - CLIENT] - INFO - 
2025-03-30 10:30:33 - [Cluster 0 - CLIENT] - INFO - Received: evaluate message e505427b-a9c0-4d52-a735-134e542c2887
2025-03-30 10:30:33 - [Cluster 0 - CLIENT] - INFO - [Store 1030] Evaluation - Loss: 0.2169, MAE: 0.3262
2025-03-30 10:30:33 - [Cluster 0 - CLIENT] - INFO - Sent reply
2025-03-30 10:30:33 - [Cluster 0 - CLIENT] - INFO - 
2025-03-30 10:30:33 - [Cluster 0 - CLIENT] - INFO - Received: evaluate message 85238c6d-6adf-4f67-bc4f-8ec9207d4a94
2025-03-30 10:30:33 - [Cluster 0 - CLIENT] - INFO - [Store 1015] Evaluation - Loss: 0.3079, MAE: 0.3411
2025-03-30 10:30:33 - [Cluster 0 - CLIENT] - INFO - [Store 1084] Evaluation - Loss: 0.3104, MAE: 0.3405
2025-03-30 10:30:33 - [Cluster 0 - CLIENT] - INFO - Sent reply
2025-03-30 10:30:33 - [Cluster 0 - CLIENT] - INFO - Sent reply
2025-03-30 10:30:33 - [Cluster 0 - CLIENT] - INFO - [Store 689] Evaluation - Loss: 0.2391, MAE: 0.2921
2025-03-30 10:30:33 - [Cluster 0 - CLIENT] - INFO - Sent reply
2025-03-30 10:30:33 - [Cluster 0 - CLIENT] - INFO - [Store 128] Evaluation - Loss: 0.4129, MAE: 0.4491
2025-03-30 10:30:33 - [Cluster 0 - CLIENT] - INFO - Sent reply
2025-03-30 10:30:33 - [Cluster 0 - CLIENT] - INFO - [Store 569] Evaluation - Loss: 0.2374, MAE: 0.3188
2025-03-30 10:30:33 - [Cluster 0 - CLIENT] - INFO - [Store 1013] Evaluation - Loss: 0.2783, MAE: 0.3592
2025-03-30 10:30:33 - [Cluster 0 - CLIENT] - INFO - [Store 864] Evaluation - Loss: 0.3188, MAE: 0.3737
2025-03-30 10:30:33 - [Cluster 0 - CLIENT] - INFO - Sent reply
2025-03-30 10:30:33 - [Cluster 0 - CLIENT] - INFO - Sent reply
2025-03-30 10:30:33 - [Cluster 0 - CLIENT] - INFO - [Store 783] Evaluation - Loss: 0.2534, MAE: 0.3117
2025-03-30 10:30:33 - [Cluster 0 - CLIENT] - INFO - Sent reply
2025-03-30 10:30:33 - [Cluster 0 - CLIENT] - INFO - Sent reply
2025-03-30 10:30:33 - [Cluster 0 - CLIENT] - INFO - 
2025-03-30 10:30:33 - [Cluster 0 - CLIENT] - INFO - 
2025-03-30 10:30:33 - [Cluster 0 - CLIENT] - INFO - Received: evaluate message 70740154-31b8-43da-9626-2b70085593fa
2025-03-30 10:30:33 - [Cluster 0 - CLIENT] - INFO - Received: evaluate message b8149b8c-0d50-4242-b647-8cdccedc4961
2025-03-30 10:30:33 - [Cluster 0 - CLIENT] - INFO - 
2025-03-30 10:30:33 - [Cluster 0 - CLIENT] - INFO - Received: evaluate message cd9d9e04-3b93-4a8a-a741-7fb6d6a55add
2025-03-30 10:30:33 - [Cluster 0 - CLIENT] - INFO - [Store 302] Evaluation - Loss: 0.3457, MAE: 0.3862
2025-03-30 10:30:33 - [Cluster 0 - CLIENT] - INFO - Sent reply
2025-03-30 10:30:33 - [Cluster 0 - CLIENT] - INFO - 
2025-03-30 10:30:33 - [Cluster 0 - CLIENT] - INFO - Received: evaluate message 8bd3aad3-8715-4561-89c5-19a2397cbb75
2025-03-30 10:30:33 - [Cluster 0 - CLIENT] - INFO - 
2025-03-30 10:30:33 - [Cluster 0 - CLIENT] - INFO - Received: evaluate message 4547eae3-2bc1-4c66-a6f3-1dc48216b86c
2025-03-30 10:30:33 - [Cluster 0 - CLIENT] - INFO - [Store 63] Evaluation - Loss: 0.3500, MAE: 0.3968
2025-03-30 10:30:33 - [Cluster 0 - CLIENT] - INFO - 
2025-03-30 10:30:33 - [Cluster 0 - CLIENT] - INFO - Received: evaluate message b7bfdece-4b6a-492e-b152-c008d64065ff
2025-03-30 10:30:33 - [Cluster 0 - CLIENT] - INFO - [Store 255] Evaluation - Loss: 0.3271, MAE: 0.3689
2025-03-30 10:30:33 - [Cluster 0 - CLIENT] - INFO - Sent reply
2025-03-30 10:30:33 - [Cluster 0 - CLIENT] - INFO - [Store 600] Evaluation - Loss: 0.3418, MAE: 0.3773
2025-03-30 10:30:33 - [Cluster 0 - CLIENT] - INFO - 
2025-03-30 10:30:33 - [Cluster 0 - CLIENT] - INFO - Received: evaluate message 2b042253-3fda-4a34-88c0-95cf5eaf7586
2025-03-30 10:30:33 - [Cluster 0 - CLIENT] - INFO - Sent reply
2025-03-30 10:30:33 - [Cluster 0 - CLIENT] - INFO - Sent reply
2025-03-30 10:30:33 - [Cluster 0 - CLIENT] - INFO - [Store 1030] Evaluation - Loss: 0.2169, MAE: 0.3262
2025-03-30 10:30:33 - [Cluster 0 - CLIENT] - INFO - 
2025-03-30 10:30:33 - [Cluster 0 - CLIENT] - INFO - Received: evaluate message 957c37b6-d7fd-41f7-a000-c0ac5f3e2102
2025-03-30 10:30:33 - [Cluster 0 - CLIENT] - INFO - Sent reply
2025-03-30 10:30:33 - [Cluster 0 - CLIENT] - INFO - 
2025-03-30 10:30:33 - [Cluster 0 - CLIENT] - INFO - Received: evaluate message ef78317d-850c-49d3-a497-f24725002048
2025-03-30 10:30:33 - [Cluster 0 - CLIENT] - INFO - 
2025-03-30 10:30:33 - [Cluster 0 - CLIENT] - INFO - Received: evaluate message bded374b-c822-4a9a-9b6a-4eac37743c3b
2025-03-30 10:30:33 - [Cluster 0 - CLIENT] - INFO - 
2025-03-30 10:30:33 - [Cluster 0 - CLIENT] - INFO - Received: evaluate message 42059318-ac9c-41c1-8c79-c4bdbab483bc
2025-03-30 10:30:33 - [Cluster 0 - CLIENT] - INFO - 
2025-03-30 10:30:33 - [Cluster 0 - CLIENT] - INFO - 
2025-03-30 10:30:33 - [Cluster 0 - CLIENT] - INFO - Received: evaluate message 8cc3ca02-9aff-49b3-9bfb-e9489f96a6a3
2025-03-30 10:30:33 - [Cluster 0 - CLIENT] - INFO - Received: evaluate message e9ae3e72-4eef-4a9e-9470-b4cc9f677698
2025-03-30 10:30:34 - [Cluster 0 - CLIENT] - INFO - [Store 990] Evaluation - Loss: 0.2234, MAE: 0.2964
2025-03-30 10:30:34 - [Cluster 0 - CLIENT] - INFO - Sent reply
2025-03-30 10:30:34 - [Cluster 0 - CLIENT] - INFO - [Store 293] Evaluation - Loss: 0.2580, MAE: 0.3011
2025-03-30 10:30:34 - [Cluster 0 - CLIENT] - INFO - Sent reply
2025-03-30 10:30:34 - [Cluster 0 - CLIENT] - INFO - [Store 351] Evaluation - Loss: 0.2877, MAE: 0.3408
2025-03-30 10:30:34 - [Cluster 0 - CLIENT] - INFO - Sent reply
2025-03-30 10:30:34 - [Cluster 0 - CLIENT] - INFO - [Store 435] Evaluation - Loss: 0.2467, MAE: 0.3035
2025-03-30 10:30:34 - [Cluster 0 - CLIENT] - INFO - Sent reply
2025-03-30 10:30:34 - [Cluster 0 - CLIENT] - INFO - [Store 1076] Evaluation - Loss: 0.6720, MAE: 0.6066
2025-03-30 10:30:34 - [Cluster 0 - CLIENT] - INFO - Sent reply
2025-03-30 10:30:34 - [Cluster 0 - CLIENT] - INFO - [Store 395] Evaluation - Loss: 0.3007, MAE: 0.3414
2025-03-30 10:30:34 - [Cluster 0 - CLIENT] - INFO - Sent reply
2025-03-30 10:30:34 - [Cluster 0 - CLIENT] - INFO - [Store 369] Evaluation - Loss: 0.2590, MAE: 0.3281
2025-03-30 10:30:35 - [Cluster 0 - CLIENT] - INFO - Sent reply
2025-03-30 10:30:35 - [Cluster 0 - CLIENT] - INFO - [Store 541] Evaluation - Loss: 0.3039, MAE: 0.3410
2025-03-30 10:30:35 - [Cluster 0 - CLIENT] - INFO - Sent reply
2025-03-30 10:30:35 - [Cluster 0 - CLIENT] - INFO - [Store 313] Evaluation - Loss: 0.2322, MAE: 0.3167
2025-03-30 10:30:35 - [Cluster 0 - CLIENT] - INFO - [Store 1099] Evaluation - Loss: 0.3670, MAE: 0.4243
2025-03-30 10:30:35 - [Cluster 0 - CLIENT] - INFO - Sent reply
2025-03-30 10:30:35 - [Cluster 0 - CLIENT] - INFO - Sent reply
2025-03-30 10:30:35 - [Cluster 0 - CLIENT] - INFO - [Store 203] Evaluation - Loss: 0.2523, MAE: 0.3115
2025-03-30 10:30:35 - [Cluster 0 - CLIENT] - INFO - Sent reply
2025-03-30 10:30:35 - [Cluster 0 - CLIENT] - INFO - [Store 462] Evaluation - Loss: 0.1895, MAE: 0.2855
2025-03-30 10:30:35 - [Cluster 0 - CLIENT] - INFO - Sent reply
2025-03-30 10:30:35 - [Cluster 0 - CLIENT] - INFO - [Store 680] Evaluation - Loss: 0.3474, MAE: 0.4067
2025-03-30 10:30:35 - [Cluster 0 - CLIENT] - INFO - [Store 244] Evaluation - Loss: 0.3816, MAE: 0.4081
2025-03-30 10:30:35 - [Cluster 0 - CLIENT] - INFO - Sent reply
2025-03-30 10:30:35 - [Cluster 0 - CLIENT] - INFO - Sent reply
2025-03-30 10:30:35 - [Cluster 0 - CLIENT] - INFO - [Store 997] Evaluation - Loss: 0.2892, MAE: 0.3443
2025-03-30 10:30:35 - [Cluster 0 - CLIENT] - INFO - Sent reply
2025-03-30 10:30:35 - [Cluster 0 - CLIENT] - INFO - 
2025-03-30 10:30:35 - [Cluster 0 - CLIENT] - INFO - Received: train message 221a975d-bed7-4408-bf08-e6d70f04202e
2025-03-30 10:30:35 - [Cluster 0 - CLIENT] - INFO - 
2025-03-30 10:30:35 - [Cluster 0 - CLIENT] - INFO - Received: train message 0d2a3dba-9ec9-47a0-8561-5f5a79064338
2025-03-30 10:30:35 - [Cluster 0 - CLIENT] - INFO - 
2025-03-30 10:30:35 - [Cluster 0 - CLIENT] - INFO - Received: train message 50cd005e-4238-4bb0-94ed-be5ce503e6a6
2025-03-30 10:30:35 - [Cluster 0 - CLIENT] - INFO - 
2025-03-30 10:30:35 - [Cluster 0 - CLIENT] - INFO - Received: train message aa95d64e-ae30-4cc6-94c1-e0db2dd7a3d4
2025-03-30 10:30:35 - [Cluster 0 - CLIENT] - INFO - 
2025-03-30 10:30:35 - [Cluster 0 - CLIENT] - INFO - Received: train message 637b73fe-4bb6-4010-90e7-2f3a7572ed6d
2025-03-30 10:30:35 - [Cluster 0 - CLIENT] - INFO - 
2025-03-30 10:30:35 - [Cluster 0 - CLIENT] - INFO - Received: train message f592aff3-1ca1-492d-a11d-0fb80f2656bc
2025-03-30 10:30:35 - [Cluster 0 - CLIENT] - INFO - 
2025-03-30 10:30:35 - [Cluster 0 - CLIENT] - INFO - Received: train message 194dd3ef-c0b6-46d9-821d-9317a1115797
2025-03-30 10:30:35 - [Cluster 0 - CLIENT] - INFO - 
2025-03-30 10:30:35 - [Cluster 0 - CLIENT] - INFO - Received: train message d5377673-c6d4-4ace-b586-cfadff3d4d54
2025-03-30 10:30:35 - [Cluster 0 - CLIENT] - INFO - 
2025-03-30 10:30:35 - [Cluster 0 - CLIENT] - INFO - Received: train message 2cc0dd44-ab6f-410c-a308-c9b46fa5599f
2025-03-30 10:30:35 - [Cluster 0 - CLIENT] - INFO - [Store 203] Starting local training.
2025-03-30 10:30:35 - [Cluster 0 - CLIENT] - INFO - 
2025-03-30 10:30:35 - [Cluster 0 - CLIENT] - INFO - Received: train message 9c2d16fe-f4ac-499a-aa31-9defa462e43a
2025-03-30 10:30:35 - [Cluster 0 - CLIENT] - INFO - 
2025-03-30 10:30:35 - [Cluster 0 - CLIENT] - INFO - Received: train message 7c2b1403-e779-43e0-a55b-1469cfac0a6d
2025-03-30 10:30:35 - [Cluster 0 - CLIENT] - INFO - 
2025-03-30 10:30:35 - [Cluster 0 - CLIENT] - INFO - Received: train message 5191ecf7-875d-421c-a86c-1d194dc84190
2025-03-30 10:30:35 - [Cluster 0 - CLIENT] - INFO - 
2025-03-30 10:30:35 - [Cluster 0 - CLIENT] - INFO - [Store 680] Starting local training.
2025-03-30 10:30:35 - [Cluster 0 - CLIENT] - INFO - Received: train message 2a434def-9594-4d2e-a4ee-07938ca5a54d
2025-03-30 10:30:35 - [Cluster 0 - CLIENT] - INFO - [Store 462] Starting local training.
2025-03-30 10:30:35 - [Cluster 0 - CLIENT] - INFO - [Store 255] Starting local training.
2025-03-30 10:30:35 - [Cluster 0 - CLIENT] - INFO - 
2025-03-30 10:30:35 - [Cluster 0 - CLIENT] - INFO - Received: train message 6d3785b7-fb35-4098-9f15-195ef0088cb0
2025-03-30 10:30:35 - [Cluster 0 - CLIENT] - INFO - [Store 997] Starting local training.
2025-03-30 10:30:35 - [Cluster 0 - CLIENT] - INFO - [Store 369] Starting local training.
2025-03-30 10:30:35 - [Cluster 0 - CLIENT] - INFO - [Store 689] Starting local training.
2025-03-30 10:30:35 - [Cluster 0 - CLIENT] - INFO - [Store 313] Starting local training.
2025-03-30 10:30:35 - [Cluster 0 - CLIENT] - INFO - [Store 128] Starting local training.
2025-03-30 10:30:35 - [Cluster 0 - CLIENT] - INFO - [Store 569] Starting local training.
2025-03-30 10:30:35 - [Cluster 0 - CLIENT] - INFO - [Store 600] Starting local training.
2025-03-30 10:30:35 - [Cluster 0 - CLIENT] - INFO - [Store 63] Starting local training.
2025-03-30 10:30:35 - [Cluster 0 - CLIENT] - INFO - [Store 783] Starting local training.
2025-03-30 10:30:35 - [Cluster 0 - CLIENT] - INFO - 
2025-03-30 10:30:35 - [Cluster 0 - CLIENT] - INFO - Received: train message 47ededb8-5ae0-44a9-8596-a0d61284cbb4
2025-03-30 10:30:35 - [Cluster 0 - CLIENT] - INFO - [Store 351] Starting local training.
2025-03-30 10:30:35 - [Cluster 0 - CLIENT] - INFO - [Store 293] Starting local training.
2025-03-30 10:33:42 - [Cluster 0 - CLIENT] - INFO - [Store 680] Local training complete.
2025-03-30 10:33:42 - [Cluster 0 - CLIENT] - INFO - Sent reply
2025-03-30 10:33:42 - [Cluster 0 - CLIENT] - INFO - 
2025-03-30 10:33:42 - [Cluster 0 - CLIENT] - INFO - Received: train message 64b5b384-ff48-4db2-8f2a-3cacb6c4293f
2025-03-30 10:33:42 - [Cluster 0 - CLIENT] - INFO - [Store 1030] Starting local training.
2025-03-30 10:33:42 - [Cluster 0 - CLIENT] - INFO - [Store 783] Local training complete.
2025-03-30 10:33:42 - [Cluster 0 - CLIENT] - INFO - Sent reply
2025-03-30 10:33:42 - [Cluster 0 - CLIENT] - INFO - 
2025-03-30 10:33:42 - [Cluster 0 - CLIENT] - INFO - Received: train message e87ba776-c0ee-423a-95d4-6ce20b8c334a
2025-03-30 10:33:42 - [Cluster 0 - CLIENT] - INFO - [Store 302] Starting local training.
2025-03-30 10:33:42 - [Cluster 0 - CLIENT] - INFO - [Store 689] Local training complete.
2025-03-30 10:33:43 - [Cluster 0 - CLIENT] - INFO - Sent reply
2025-03-30 10:33:43 - [Cluster 0 - CLIENT] - INFO - 
2025-03-30 10:33:43 - [Cluster 0 - CLIENT] - INFO - Received: train message 4050ea32-fb8c-4641-ac1d-087d9ee368f9
2025-03-30 10:33:43 - [Cluster 0 - CLIENT] - INFO - [Store 369] Local training complete.
2025-03-30 10:33:43 - [Cluster 0 - CLIENT] - INFO - [Store 1099] Starting local training.
2025-03-30 10:33:43 - [Cluster 0 - CLIENT] - INFO - Sent reply
2025-03-30 10:33:43 - [Cluster 0 - CLIENT] - INFO - 
2025-03-30 10:33:43 - [Cluster 0 - CLIENT] - INFO - Received: train message de554724-2525-45ab-b736-afcbef8fb013
2025-03-30 10:33:43 - [Cluster 0 - CLIENT] - INFO - [Store 1076] Starting local training.
2025-03-30 10:33:44 - [Cluster 0 - CLIENT] - INFO - [Store 203] Local training complete.
2025-03-30 10:33:44 - [Cluster 0 - CLIENT] - INFO - Sent reply
2025-03-30 10:33:44 - [Cluster 0 - CLIENT] - INFO - 
2025-03-30 10:33:44 - [Cluster 0 - CLIENT] - INFO - Received: train message c0ff108a-20dc-4394-9ad4-1dfe380b4533
2025-03-30 10:33:44 - [Cluster 0 - CLIENT] - INFO - [Store 541] Starting local training.
2025-03-30 10:33:44 - [Cluster 0 - CLIENT] - INFO - [Store 600] Local training complete.
2025-03-30 10:33:45 - [Cluster 0 - CLIENT] - INFO - Sent reply
2025-03-30 10:33:45 - [Cluster 0 - CLIENT] - INFO - 
2025-03-30 10:33:45 - [Cluster 0 - CLIENT] - INFO - Received: train message b9b64ac6-c7fe-4c2f-90ea-818b7fe25ecc
2025-03-30 10:33:45 - [Cluster 0 - CLIENT] - INFO - [Store 244] Starting local training.
2025-03-30 10:33:45 - [Cluster 0 - CLIENT] - INFO - [Store 63] Local training complete.
2025-03-30 10:33:45 - [Cluster 0 - CLIENT] - INFO - Sent reply
2025-03-30 10:33:45 - [Cluster 0 - CLIENT] - INFO - 
2025-03-30 10:33:45 - [Cluster 0 - CLIENT] - INFO - Received: train message 06f71232-ebea-49de-9cd9-c3f54ccfc478
2025-03-30 10:33:45 - [Cluster 0 - CLIENT] - INFO - [Store 1013] Starting local training.
2025-03-30 10:33:46 - [Cluster 0 - CLIENT] - INFO - [Store 128] Local training complete.
2025-03-30 10:33:46 - [Cluster 0 - CLIENT] - INFO - Sent reply
2025-03-30 10:33:46 - [Cluster 0 - CLIENT] - INFO - 
2025-03-30 10:33:46 - [Cluster 0 - CLIENT] - INFO - Received: train message b959eb69-8957-4d9e-a489-6b047ed5bc6d
2025-03-30 10:33:46 - [Cluster 0 - CLIENT] - INFO - [Store 864] Starting local training.
2025-03-30 10:33:47 - [Cluster 0 - CLIENT] - INFO - [Store 462] Local training complete.
2025-03-30 10:33:47 - [Cluster 0 - CLIENT] - INFO - Sent reply
2025-03-30 10:33:47 - [Cluster 0 - CLIENT] - INFO - 
2025-03-30 10:33:47 - [Cluster 0 - CLIENT] - INFO - Received: train message 2ec093d3-1f2c-44b0-889c-23adc78d1723
2025-03-30 10:33:47 - [Cluster 0 - CLIENT] - INFO - [Store 435] Starting local training.
2025-03-30 10:33:48 - [Cluster 0 - CLIENT] - INFO - [Store 255] Local training complete.
2025-03-30 10:33:48 - [Cluster 0 - CLIENT] - INFO - Sent reply
2025-03-30 10:33:48 - [Cluster 0 - CLIENT] - INFO - 
2025-03-30 10:33:48 - [Cluster 0 - CLIENT] - INFO - Received: train message 7e1e6f84-2e02-4cdd-8bfc-6a34a9ccbfb5
2025-03-30 10:33:48 - [Cluster 0 - CLIENT] - INFO - [Store 990] Starting local training.
2025-03-30 10:33:49 - [Cluster 0 - CLIENT] - INFO - [Store 997] Local training complete.
2025-03-30 10:33:49 - [Cluster 0 - CLIENT] - INFO - Sent reply
2025-03-30 10:33:49 - [Cluster 0 - CLIENT] - INFO - 
2025-03-30 10:33:49 - [Cluster 0 - CLIENT] - INFO - Received: train message 2660461e-2145-4f8a-8370-932deb8c3101
2025-03-30 10:33:49 - [Cluster 0 - CLIENT] - INFO - [Store 1084] Starting local training.
2025-03-30 10:33:50 - [Cluster 0 - CLIENT] - INFO - [Store 313] Local training complete.
2025-03-30 10:33:50 - [Cluster 0 - CLIENT] - INFO - Sent reply
2025-03-30 10:33:50 - [Cluster 0 - CLIENT] - INFO - 
2025-03-30 10:33:50 - [Cluster 0 - CLIENT] - INFO - Received: train message c256a54c-de44-469c-88e9-0f4b9312c3f6
2025-03-30 10:33:50 - [Cluster 0 - CLIENT] - INFO - [Store 395] Starting local training.
2025-03-30 10:33:51 - [Cluster 0 - CLIENT] - INFO - [Store 569] Local training complete.
2025-03-30 10:33:51 - [Cluster 0 - CLIENT] - INFO - Sent reply
2025-03-30 10:33:51 - [Cluster 0 - CLIENT] - INFO - 
2025-03-30 10:33:51 - [Cluster 0 - CLIENT] - INFO - Received: train message 5d6cf37a-08d7-47f8-81b7-b53d5deb76b6
2025-03-30 10:33:51 - [Cluster 0 - CLIENT] - INFO - [Store 1030] Starting local training.
2025-03-30 10:33:52 - [Cluster 0 - CLIENT] - INFO - [Store 351] Local training complete.
2025-03-30 10:33:52 - [Cluster 0 - CLIENT] - INFO - Sent reply
2025-03-30 10:33:52 - [Cluster 0 - CLIENT] - INFO - 
2025-03-30 10:33:52 - [Cluster 0 - CLIENT] - INFO - Received: train message 96c749b4-73b0-45dc-ad48-4097dc6cde95
2025-03-30 10:33:52 - [Cluster 0 - CLIENT] - INFO - [Store 1015] Starting local training.
2025-03-30 10:33:53 - [Cluster 0 - CLIENT] - INFO - [Store 293] Local training complete.
2025-03-30 10:33:53 - [Cluster 0 - CLIENT] - INFO - Sent reply
2025-03-30 10:33:53 - [Cluster 0 - CLIENT] - INFO - 
2025-03-30 10:33:53 - [Cluster 0 - CLIENT] - INFO - Received: train message 0321d1f2-5afa-4b3f-861a-4a5ef0e7d9b0
2025-03-30 10:33:53 - [Cluster 0 - CLIENT] - INFO - [Store 1083] Starting local training.
2025-03-30 10:36:49 - [Cluster 0 - CLIENT] - INFO - [Store 1076] Local training complete.
2025-03-30 10:36:49 - [Cluster 0 - CLIENT] - INFO - Sent reply
2025-03-30 10:36:51 - [Cluster 0 - CLIENT] - INFO - [Store 1030] Local training complete.
2025-03-30 10:36:51 - [Cluster 0 - CLIENT] - INFO - Sent reply
2025-03-30 10:36:53 - [Cluster 0 - CLIENT] - INFO - [Store 302] Local training complete.
2025-03-30 10:36:53 - [Cluster 0 - CLIENT] - INFO - Sent reply
2025-03-30 10:36:54 - [Cluster 0 - CLIENT] - INFO - [Store 244] Local training complete.
2025-03-30 10:36:54 - [Cluster 0 - CLIENT] - INFO - Sent reply
2025-03-30 10:36:54 - [Cluster 0 - CLIENT] - INFO - [Store 864] Local training complete.
2025-03-30 10:36:54 - [Cluster 0 - CLIENT] - INFO - Sent reply
2025-03-30 10:36:54 - [Cluster 0 - CLIENT] - INFO - [Store 541] Local training complete.
2025-03-30 10:36:54 - [Cluster 0 - CLIENT] - INFO - Sent reply
2025-03-30 10:36:54 - [Cluster 0 - CLIENT] - INFO - [Store 435] Local training complete.
2025-03-30 10:36:54 - [Cluster 0 - CLIENT] - INFO - Sent reply
2025-03-30 10:36:54 - [Cluster 0 - CLIENT] - INFO - [Store 1013] Local training complete.
2025-03-30 10:36:55 - [Cluster 0 - CLIENT] - INFO - Sent reply
2025-03-30 10:36:55 - [Cluster 0 - CLIENT] - INFO - [Store 1084] Local training complete.
2025-03-30 10:36:55 - [Cluster 0 - CLIENT] - INFO - [Store 395] Local training complete.
2025-03-30 10:36:55 - [Cluster 0 - CLIENT] - INFO - Sent reply
2025-03-30 10:36:55 - [Cluster 0 - CLIENT] - INFO - Sent reply
2025-03-30 10:36:55 - [Cluster 0 - CLIENT] - INFO - [Store 990] Local training complete.
2025-03-30 10:36:55 - [Cluster 0 - CLIENT] - INFO - Sent reply
2025-03-30 10:36:56 - [Cluster 0 - CLIENT] - INFO - [Store 1015] Local training complete.
2025-03-30 10:36:56 - [Cluster 0 - CLIENT] - INFO - Sent reply
2025-03-30 10:36:56 - [Cluster 0 - CLIENT] - INFO - [Store 1083] Local training complete.
2025-03-30 10:36:56 - [Cluster 0 - CLIENT] - INFO - Sent reply
2025-03-30 10:36:58 - [Cluster 0 - CLIENT] - INFO - [Store 1099] Local training complete.
2025-03-30 10:36:58 - [Cluster 0 - CLIENT] - INFO - Sent reply
2025-03-30 10:36:59 - [Cluster 0 - CLIENT] - INFO - [Store 1030] Local training complete.
2025-03-30 10:36:59 - [Cluster 0 - CLIENT] - INFO - Sent reply
2025-03-30 10:36:59 - [Cluster 0 - CLIENT] - INFO - 
2025-03-30 10:36:59 - [Cluster 0 - CLIENT] - INFO - Received: evaluate message cf3a9498-d50c-49dd-ba9b-75286c1c7013
2025-03-30 10:36:59 - [Cluster 0 - CLIENT] - INFO - 
2025-03-30 10:36:59 - [Cluster 0 - CLIENT] - INFO - Received: evaluate message 96eb7023-e20c-44d4-aa5d-3c96275a05c8
2025-03-30 10:36:59 - [Cluster 0 - CLIENT] - INFO - 
2025-03-30 10:36:59 - [Cluster 0 - CLIENT] - INFO - 
2025-03-30 10:36:59 - [Cluster 0 - CLIENT] - INFO - Received: evaluate message 79d1b640-9650-49e1-a2d5-13e06140dd09
2025-03-30 10:36:59 - [Cluster 0 - CLIENT] - INFO - Received: evaluate message 1f4f55e1-4e60-4cf4-8f31-8d0db8b311af
2025-03-30 10:36:59 - [Cluster 0 - CLIENT] - INFO - 
2025-03-30 10:36:59 - [Cluster 0 - CLIENT] - INFO - Received: evaluate message 4ac1f0ef-ba49-4786-8917-f9768e399f25
2025-03-30 10:36:59 - [Cluster 0 - CLIENT] - INFO - 
2025-03-30 10:36:59 - [Cluster 0 - CLIENT] - INFO - Received: evaluate message fb0cfd80-2bd0-49cd-9870-66fc8b80a881
2025-03-30 10:36:59 - [Cluster 0 - CLIENT] - INFO - 
2025-03-30 10:36:59 - [Cluster 0 - CLIENT] - INFO - 
2025-03-30 10:36:59 - [Cluster 0 - CLIENT] - INFO - Received: evaluate message cdc74088-3375-49c5-a287-e5daa1a56000
2025-03-30 10:36:59 - [Cluster 0 - CLIENT] - INFO - Received: evaluate message 40365686-a5f4-4d8d-a4a9-1c117ab2ed86
2025-03-30 10:36:59 - [Cluster 0 - CLIENT] - INFO - 
2025-03-30 10:36:59 - [Cluster 0 - CLIENT] - INFO - Received: evaluate message b2d3b79d-f060-4353-9817-b48d83f07579
2025-03-30 10:36:59 - [Cluster 0 - CLIENT] - INFO - 
2025-03-30 10:36:59 - [Cluster 0 - CLIENT] - INFO - 
2025-03-30 10:36:59 - [Cluster 0 - CLIENT] - INFO - Received: evaluate message 0248c62b-cf45-45ba-b2b4-2e5aae01b4c9
2025-03-30 10:36:59 - [Cluster 0 - CLIENT] - INFO - Received: evaluate message 945f0746-d0ad-46a3-a700-1de24665c156
2025-03-30 10:36:59 - [Cluster 0 - CLIENT] - INFO - 
2025-03-30 10:36:59 - [Cluster 0 - CLIENT] - INFO - 
2025-03-30 10:36:59 - [Cluster 0 - CLIENT] - INFO - Received: evaluate message 5554983c-41d5-43c4-b0ca-378ac115b6d5
2025-03-30 10:36:59 - [Cluster 0 - CLIENT] - INFO - Received: evaluate message 695c4abb-fa26-4fad-b2eb-1bb8c9018d77
2025-03-30 10:36:59 - [Cluster 0 - CLIENT] - INFO - 
2025-03-30 10:36:59 - [Cluster 0 - CLIENT] - INFO - Received: evaluate message 5d072885-4cee-4450-a457-f514446a1f87
2025-03-30 10:36:59 - [Cluster 0 - CLIENT] - INFO - 
2025-03-30 10:36:59 - [Cluster 0 - CLIENT] - INFO - Received: evaluate message 191cacf6-b32b-41a5-b24d-92a384762ab6
2025-03-30 10:37:00 - [Cluster 0 - CLIENT] - INFO - [Store 244] Evaluation - Loss: 0.3614, MAE: 0.3928
2025-03-30 10:37:00 - [Cluster 0 - CLIENT] - INFO - [Store 997] Evaluation - Loss: 0.2788, MAE: 0.3312
2025-03-30 10:37:00 - [Cluster 0 - CLIENT] - INFO - Sent reply
2025-03-30 10:37:00 - [Cluster 0 - CLIENT] - INFO - Sent reply
2025-03-30 10:37:00 - [Cluster 0 - CLIENT] - INFO - 
2025-03-30 10:37:00 - [Cluster 0 - CLIENT] - INFO - Received: evaluate message b85917e4-9569-4c87-8cbd-d0532187e1df
2025-03-30 10:37:00 - [Cluster 0 - CLIENT] - INFO - 
2025-03-30 10:37:00 - [Cluster 0 - CLIENT] - INFO - Received: evaluate message 67facf43-9edb-4962-b5ae-71e6e375293d
2025-03-30 10:37:00 - [Cluster 0 - CLIENT] - INFO - [Store 435] Evaluation - Loss: 0.2411, MAE: 0.2969
2025-03-30 10:37:00 - [Cluster 0 - CLIENT] - INFO - Sent reply
2025-03-30 10:37:00 - [Cluster 0 - CLIENT] - INFO - [Store 1099] Evaluation - Loss: 0.3456, MAE: 0.4057
2025-03-30 10:37:00 - [Cluster 0 - CLIENT] - INFO - Sent reply
2025-03-30 10:37:00 - [Cluster 0 - CLIENT] - INFO - 
2025-03-30 10:37:00 - [Cluster 0 - CLIENT] - INFO - Received: evaluate message 03566e29-f60f-438f-99da-361ead54470c
2025-03-30 10:37:00 - [Cluster 0 - CLIENT] - INFO - 
2025-03-30 10:37:00 - [Cluster 0 - CLIENT] - INFO - Received: evaluate message 41ec08da-7e28-403d-a224-161cf41bd86f
2025-03-30 10:37:00 - [Cluster 0 - CLIENT] - INFO - [Store 541] Evaluation - Loss: 0.2876, MAE: 0.3236
2025-03-30 10:37:00 - [Cluster 0 - CLIENT] - INFO - [Store 395] Evaluation - Loss: 0.2923, MAE: 0.3267
2025-03-30 10:37:00 - [Cluster 0 - CLIENT] - INFO - Sent reply
2025-03-30 10:37:00 - [Cluster 0 - CLIENT] - INFO - [Store 1030] Evaluation - Loss: 0.2162, MAE: 0.3216
2025-03-30 10:37:00 - [Cluster 0 - CLIENT] - INFO - Sent reply
2025-03-30 10:37:00 - [Cluster 0 - CLIENT] - INFO - Sent reply
2025-03-30 10:37:00 - [Cluster 0 - CLIENT] - INFO - 
2025-03-30 10:37:00 - [Cluster 0 - CLIENT] - INFO - Received: evaluate message 0f0eef01-560c-473e-820e-6cd54d71e61b
2025-03-30 10:37:00 - [Cluster 0 - CLIENT] - INFO - 
2025-03-30 10:37:00 - [Cluster 0 - CLIENT] - INFO - Received: evaluate message 6c82d3bb-54a4-4536-b365-aa396a1da8ff
2025-03-30 10:37:00 - [Cluster 0 - CLIENT] - INFO - 
2025-03-30 10:37:00 - [Cluster 0 - CLIENT] - INFO - Received: evaluate message cc0a1456-9a41-4768-b3ed-8ff7f2341ce5
2025-03-30 10:37:00 - [Cluster 0 - CLIENT] - INFO - [Store 864] Evaluation - Loss: 0.3056, MAE: 0.3553
2025-03-30 10:37:00 - [Cluster 0 - CLIENT] - INFO - [Store 203] Evaluation - Loss: 0.2411, MAE: 0.2959
2025-03-30 10:37:00 - [Cluster 0 - CLIENT] - INFO - Sent reply
2025-03-30 10:37:00 - [Cluster 0 - CLIENT] - INFO - Sent reply
2025-03-30 10:37:00 - [Cluster 0 - CLIENT] - INFO - [Store 128] Evaluation - Loss: 0.3744, MAE: 0.4091
2025-03-30 10:37:00 - [Cluster 0 - CLIENT] - INFO - [Store 255] Evaluation - Loss: 0.3008, MAE: 0.3359
2025-03-30 10:37:00 - [Cluster 0 - CLIENT] - INFO - Sent reply
2025-03-30 10:37:00 - [Cluster 0 - CLIENT] - INFO - Sent reply
2025-03-30 10:37:00 - [Cluster 0 - CLIENT] - INFO - [Store 600] Evaluation - Loss: 0.3149, MAE: 0.3421
2025-03-30 10:37:00 - [Cluster 0 - CLIENT] - INFO - 
2025-03-30 10:37:00 - [Cluster 0 - CLIENT] - INFO - Received: evaluate message 7c116713-0dce-4f52-b986-574ebea452e8
2025-03-30 10:37:00 - [Cluster 0 - CLIENT] - INFO - Sent reply
2025-03-30 10:37:00 - [Cluster 0 - CLIENT] - INFO - 
2025-03-30 10:37:00 - [Cluster 0 - CLIENT] - INFO - Received: evaluate message 4d0de52a-91e4-4d6f-8d09-38978a182e7b
2025-03-30 10:37:00 - [Cluster 0 - CLIENT] - INFO - 
2025-03-30 10:37:00 - [Cluster 0 - CLIENT] - INFO - Received: evaluate message 67b3d144-b933-42d5-9ef0-afa077292d91
2025-03-30 10:37:00 - [Cluster 0 - CLIENT] - INFO - 
2025-03-30 10:37:00 - [Cluster 0 - CLIENT] - INFO - Received: evaluate message 3ffec9f0-fa10-41b9-8158-8e4ad2846ec9
2025-03-30 10:37:00 - [Cluster 0 - CLIENT] - INFO - 
2025-03-30 10:37:00 - [Cluster 0 - CLIENT] - INFO - Received: evaluate message a51e78cf-b5f3-40a8-8759-d1cadeed5fe1
2025-03-30 10:37:00 - [Cluster 0 - CLIENT] - INFO - [Store 63] Evaluation - Loss: 0.3180, MAE: 0.3625
2025-03-30 10:37:00 - [Cluster 0 - CLIENT] - INFO - [Store 1083] Evaluation - Loss: 0.4926, MAE: 0.5008
2025-03-30 10:37:00 - [Cluster 0 - CLIENT] - INFO - Sent reply
2025-03-30 10:37:00 - [Cluster 0 - CLIENT] - INFO - Sent reply
2025-03-30 10:37:00 - [Cluster 0 - CLIENT] - INFO - [Store 369] Evaluation - Loss: 0.2460, MAE: 0.3115
2025-03-30 10:37:00 - [Cluster 0 - CLIENT] - INFO - Sent reply
2025-03-30 10:37:00 - [Cluster 0 - CLIENT] - INFO - 
2025-03-30 10:37:00 - [Cluster 0 - CLIENT] - INFO - 
2025-03-30 10:37:00 - [Cluster 0 - CLIENT] - INFO - Received: evaluate message c544e5f3-c9b2-42b4-b886-d0e60943a277
2025-03-30 10:37:00 - [Cluster 0 - CLIENT] - INFO - Received: evaluate message d0e11f96-1684-453a-a8b2-e3fb90db5443
2025-03-30 10:37:00 - [Cluster 0 - CLIENT] - INFO - 
2025-03-30 10:37:00 - [Cluster 0 - CLIENT] - INFO - Received: evaluate message 6ee40d3a-3a4e-4e5b-ad69-09890aa6cde4
2025-03-30 10:37:01 - [Cluster 0 - CLIENT] - INFO - [Store 1076] Evaluation - Loss: 0.6104, MAE: 0.5541
2025-03-30 10:37:01 - [Cluster 0 - CLIENT] - INFO - Sent reply
2025-03-30 10:37:01 - [Cluster 0 - CLIENT] - INFO - [Store 569] Evaluation - Loss: 0.2279, MAE: 0.3002
2025-03-30 10:37:01 - [Cluster 0 - CLIENT] - INFO - Sent reply
2025-03-30 10:37:01 - [Cluster 0 - CLIENT] - INFO - [Store 293] Evaluation - Loss: 0.2496, MAE: 0.2953
2025-03-30 10:37:01 - [Cluster 0 - CLIENT] - INFO - Sent reply
2025-03-30 10:37:01 - [Cluster 0 - CLIENT] - INFO - [Store 313] Evaluation - Loss: 0.2271, MAE: 0.3077
2025-03-30 10:37:01 - [Cluster 0 - CLIENT] - INFO - [Store 689] Evaluation - Loss: 0.2341, MAE: 0.2865
2025-03-30 10:37:01 - [Cluster 0 - CLIENT] - INFO - [Store 462] Evaluation - Loss: 0.1902, MAE: 0.2847
2025-03-30 10:37:01 - [Cluster 0 - CLIENT] - INFO - Sent reply
2025-03-30 10:37:01 - [Cluster 0 - CLIENT] - INFO - Sent reply
2025-03-30 10:37:01 - [Cluster 0 - CLIENT] - INFO - [Store 1084] Evaluation - Loss: 0.2962, MAE: 0.3165
2025-03-30 10:37:01 - [Cluster 0 - CLIENT] - INFO - Sent reply
2025-03-30 10:37:01 - [Cluster 0 - CLIENT] - INFO - Sent reply
2025-03-30 10:37:01 - [Cluster 0 - CLIENT] - INFO - [Store 1013] Evaluation - Loss: 0.2708, MAE: 0.3496
2025-03-30 10:37:01 - [Cluster 0 - CLIENT] - INFO - Sent reply
2025-03-30 10:37:01 - [Cluster 0 - CLIENT] - INFO - [Store 302] Evaluation - Loss: 0.3195, MAE: 0.3599
2025-03-30 10:37:01 - [Cluster 0 - CLIENT] - INFO - [Store 990] Evaluation - Loss: 0.2156, MAE: 0.2864
2025-03-30 10:37:01 - [Cluster 0 - CLIENT] - INFO - Sent reply
2025-03-30 10:37:01 - [Cluster 0 - CLIENT] - INFO - [Store 1015] Evaluation - Loss: 0.2946, MAE: 0.3262
2025-03-30 10:37:01 - [Cluster 0 - CLIENT] - INFO - Sent reply
2025-03-30 10:37:01 - [Cluster 0 - CLIENT] - INFO - Sent reply
2025-03-30 10:37:01 - [Cluster 0 - CLIENT] - INFO - [Store 1030] Evaluation - Loss: 0.2162, MAE: 0.3216
2025-03-30 10:37:01 - [Cluster 0 - CLIENT] - INFO - Sent reply
2025-03-30 10:37:01 - [Cluster 0 - CLIENT] - INFO - [Store 351] Evaluation - Loss: 0.2669, MAE: 0.3195
2025-03-30 10:37:01 - [Cluster 0 - CLIENT] - INFO - Sent reply
2025-03-30 10:37:01 - [Cluster 0 - CLIENT] - INFO - [Store 680] Evaluation - Loss: 0.3301, MAE: 0.3916
2025-03-30 10:37:01 - [Cluster 0 - CLIENT] - INFO - Sent reply
2025-03-30 10:37:01 - [Cluster 0 - CLIENT] - INFO - [Store 783] Evaluation - Loss: 0.2382, MAE: 0.2955
2025-03-30 10:37:01 - [Cluster 0 - CLIENT] - INFO - Sent reply
2025-03-30 10:37:01 - [Cluster 0 - CLIENT] - INFO - 
2025-03-30 10:37:01 - [Cluster 0 - CLIENT] - INFO - Received: train message bbbc48c6-fe91-46b3-a414-02c82ad0ff5f
2025-03-30 10:37:01 - [Cluster 0 - CLIENT] - INFO - 
2025-03-30 10:37:01 - [Cluster 0 - CLIENT] - INFO - Received: train message a9404c1d-fac6-49b0-a9ab-2103c32bfdb8
2025-03-30 10:37:01 - [Cluster 0 - CLIENT] - INFO - 
2025-03-30 10:37:01 - [Cluster 0 - CLIENT] - INFO - Received: train message 1674d44b-547d-4a9a-bc92-5e3880318fe8
2025-03-30 10:37:01 - [Cluster 0 - CLIENT] - INFO - 
2025-03-30 10:37:01 - [Cluster 0 - CLIENT] - INFO - Received: train message 96434208-ae02-46eb-aad0-c31b0e23b281
2025-03-30 10:37:01 - [Cluster 0 - CLIENT] - INFO - 
2025-03-30 10:37:01 - [Cluster 0 - CLIENT] - INFO - Received: train message d429f8c5-0ee2-42f6-ba3b-4490a8f004ee
2025-03-30 10:37:01 - [Cluster 0 - CLIENT] - INFO - [Store 1015] Starting local training.
2025-03-30 10:37:01 - [Cluster 0 - CLIENT] - INFO - 
2025-03-30 10:37:01 - [Cluster 0 - CLIENT] - INFO - [Store 990] Starting local training.
2025-03-30 10:37:01 - [Cluster 0 - CLIENT] - INFO - Received: train message 3441cbe3-ae53-481a-bf97-813548c3151e
2025-03-30 10:37:01 - [Cluster 0 - CLIENT] - INFO - 
2025-03-30 10:37:01 - [Cluster 0 - CLIENT] - INFO - 
2025-03-30 10:37:01 - [Cluster 0 - CLIENT] - INFO - Received: train message 2d74bd02-c04f-4bf0-97bb-d4c3c5e445a8
2025-03-30 10:37:01 - [Cluster 0 - CLIENT] - INFO - Received: train message 35555534-e486-4793-bcd1-63a540c1d74a
2025-03-30 10:37:01 - [Cluster 0 - CLIENT] - INFO - 
2025-03-30 10:37:01 - [Cluster 0 - CLIENT] - INFO - 
2025-03-30 10:37:01 - [Cluster 0 - CLIENT] - INFO - Received: train message 1c499b61-793a-492e-b013-e384aec0c51b
2025-03-30 10:37:01 - [Cluster 0 - CLIENT] - INFO - Received: train message 190264e3-5681-4c7d-be05-05ed6784a30a
2025-03-30 10:37:01 - [Cluster 0 - CLIENT] - INFO - 
2025-03-30 10:37:01 - [Cluster 0 - CLIENT] - INFO - Received: train message c1fc8f3a-6def-492a-835d-dd44c82df1a7
2025-03-30 10:37:01 - [Cluster 0 - CLIENT] - INFO - 
2025-03-30 10:37:01 - [Cluster 0 - CLIENT] - INFO - Received: train message c1a785fc-8669-4e4f-9698-bb6fbf0bb1c4
2025-03-30 10:37:01 - [Cluster 0 - CLIENT] - INFO - 
2025-03-30 10:37:01 - [Cluster 0 - CLIENT] - INFO - Received: train message 904377ec-de6f-45a7-9cea-b57bd80c75af
2025-03-30 10:37:01 - [Cluster 0 - CLIENT] - INFO - [Store 462] Starting local training.
2025-03-30 10:37:01 - [Cluster 0 - CLIENT] - INFO - [Store 600] Starting local training.
2025-03-30 10:37:01 - [Cluster 0 - CLIENT] - INFO - [Store 255] Starting local training.
2025-03-30 10:37:01 - [Cluster 0 - CLIENT] - INFO - [Store 689] Starting local training.
2025-03-30 10:37:01 - [Cluster 0 - CLIENT] - INFO - [Store 680] Starting local training.
2025-03-30 10:37:01 - [Cluster 0 - CLIENT] - INFO - 
2025-03-30 10:37:01 - [Cluster 0 - CLIENT] - INFO - Received: train message e4a0cb1c-c5bc-4248-ab4e-fd488e548142
2025-03-30 10:37:01 - [Cluster 0 - CLIENT] - INFO - [Store 63] Starting local training.
2025-03-30 10:37:01 - [Cluster 0 - CLIENT] - INFO - [Store 302] Starting local training.
2025-03-30 10:37:01 - [Cluster 0 - CLIENT] - INFO - 
2025-03-30 10:37:01 - [Cluster 0 - CLIENT] - INFO - Received: train message 8fa020b3-d16e-4670-99fc-45ef5c60cbfd
2025-03-30 10:37:01 - [Cluster 0 - CLIENT] - INFO - [Store 1099] Starting local training.
2025-03-30 10:37:01 - [Cluster 0 - CLIENT] - INFO - [Store 569] Starting local training.
2025-03-30 10:37:01 - [Cluster 0 - CLIENT] - INFO - [Store 369] Starting local training.
2025-03-30 10:37:01 - [Cluster 0 - CLIENT] - INFO - [Store 244] Starting local training.
2025-03-30 10:37:01 - [Cluster 0 - CLIENT] - INFO - [Store 541] Starting local training.
2025-03-30 10:37:01 - [Cluster 0 - CLIENT] - INFO - [Store 1030] Starting local training.
2025-03-30 10:40:07 - [Cluster 0 - CLIENT] - INFO - [Store 369] Local training complete.
2025-03-30 10:40:07 - [Cluster 0 - CLIENT] - INFO - Sent reply
2025-03-30 10:40:07 - [Cluster 0 - CLIENT] - INFO - 
2025-03-30 10:40:07 - [Cluster 0 - CLIENT] - INFO - Received: train message 6f317efe-3ac1-4451-b91c-919df186f925
2025-03-30 10:40:07 - [Cluster 0 - CLIENT] - INFO - [Store 1013] Starting local training.
2025-03-30 10:40:08 - [Cluster 0 - CLIENT] - INFO - [Store 244] Local training complete.
2025-03-30 10:40:08 - [Cluster 0 - CLIENT] - INFO - Sent reply
2025-03-30 10:40:08 - [Cluster 0 - CLIENT] - INFO - 
2025-03-30 10:40:08 - [Cluster 0 - CLIENT] - INFO - Received: train message ca5d0cd6-f159-487c-8101-e26fa81eaa21
2025-03-30 10:40:08 - [Cluster 0 - CLIENT] - INFO - [Store 395] Starting local training.
2025-03-30 10:40:11 - [Cluster 0 - CLIENT] - INFO - [Store 1015] Local training complete.
2025-03-30 10:40:11 - [Cluster 0 - CLIENT] - INFO - Sent reply
2025-03-30 10:40:11 - [Cluster 0 - CLIENT] - INFO - 
2025-03-30 10:40:11 - [Cluster 0 - CLIENT] - INFO - Received: train message 03863528-ffcf-4cd9-b793-59c1f483f62f
2025-03-30 10:40:11 - [Cluster 0 - CLIENT] - INFO - [Store 600] Local training complete.
2025-03-30 10:40:11 - [Cluster 0 - CLIENT] - INFO - [Store 783] Starting local training.
2025-03-30 10:40:11 - [Cluster 0 - CLIENT] - INFO - [Store 680] Local training complete.
2025-03-30 10:40:11 - [Cluster 0 - CLIENT] - INFO - Sent reply
2025-03-30 10:40:11 - [Cluster 0 - CLIENT] - INFO - 
2025-03-30 10:40:11 - [Cluster 0 - CLIENT] - INFO - Received: train message 2e728a06-c6b2-47d3-9ba5-6df59553c96d
2025-03-30 10:40:11 - [Cluster 0 - CLIENT] - INFO - Sent reply
2025-03-30 10:40:11 - [Cluster 0 - CLIENT] - INFO - [Store 351] Starting local training.
2025-03-30 10:40:11 - [Cluster 0 - CLIENT] - INFO - 
2025-03-30 10:40:11 - [Cluster 0 - CLIENT] - INFO - Received: train message a8de86cc-6f7e-4b53-864b-f798b7d35c35
2025-03-30 10:40:11 - [Cluster 0 - CLIENT] - INFO - [Store 128] Starting local training.
2025-03-30 10:40:11 - [Cluster 0 - CLIENT] - INFO - [Store 255] Local training complete.
2025-03-30 10:40:11 - [Cluster 0 - CLIENT] - INFO - Sent reply
2025-03-30 10:40:11 - [Cluster 0 - CLIENT] - INFO - 
2025-03-30 10:40:11 - [Cluster 0 - CLIENT] - INFO - Received: train message 71c9ab6a-25e8-488b-bde6-bac2c5f81d26
2025-03-30 10:40:11 - [Cluster 0 - CLIENT] - INFO - [Store 293] Starting local training.
2025-03-30 10:40:12 - [Cluster 0 - CLIENT] - INFO - [Store 1030] Local training complete.
2025-03-30 10:40:12 - [Cluster 0 - CLIENT] - INFO - Sent reply
2025-03-30 10:40:12 - [Cluster 0 - CLIENT] - INFO - 
2025-03-30 10:40:12 - [Cluster 0 - CLIENT] - INFO - Received: train message 79a1ae2d-162f-4bea-8c98-2af5ddc765bf
2025-03-30 10:40:12 - [Cluster 0 - CLIENT] - INFO - [Store 1083] Starting local training.
2025-03-30 10:40:12 - [Cluster 0 - CLIENT] - INFO - [Store 990] Local training complete.
2025-03-30 10:40:12 - [Cluster 0 - CLIENT] - INFO - Sent reply
2025-03-30 10:40:12 - [Cluster 0 - CLIENT] - INFO - 
2025-03-30 10:40:12 - [Cluster 0 - CLIENT] - INFO - Received: train message 0644ce1b-e37e-411f-a3ab-764c67c58ab3
2025-03-30 10:40:12 - [Cluster 0 - CLIENT] - INFO - [Store 1030] Starting local training.
2025-03-30 10:40:13 - [Cluster 0 - CLIENT] - INFO - [Store 541] Local training complete.
2025-03-30 10:40:13 - [Cluster 0 - CLIENT] - INFO - Sent reply
2025-03-30 10:40:13 - [Cluster 0 - CLIENT] - INFO - [Store 302] Local training complete.
2025-03-30 10:40:13 - [Cluster 0 - CLIENT] - INFO - 
2025-03-30 10:40:13 - [Cluster 0 - CLIENT] - INFO - Received: train message 1a3dea5e-1947-470d-95fd-f659841ce4f1
2025-03-30 10:40:13 - [Cluster 0 - CLIENT] - INFO - Sent reply
2025-03-30 10:40:13 - [Cluster 0 - CLIENT] - INFO - 
2025-03-30 10:40:13 - [Cluster 0 - CLIENT] - INFO - Received: train message dc2b5585-dc05-43b8-9089-919a1f8ec9a4
2025-03-30 10:40:13 - [Cluster 0 - CLIENT] - INFO - [Store 1084] Starting local training.
2025-03-30 10:40:13 - [Cluster 0 - CLIENT] - INFO - [Store 203] Starting local training.
2025-03-30 10:40:13 - [Cluster 0 - CLIENT] - INFO - [Store 63] Local training complete.
2025-03-30 10:40:14 - [Cluster 0 - CLIENT] - INFO - Sent reply
2025-03-30 10:40:14 - [Cluster 0 - CLIENT] - INFO - 
2025-03-30 10:40:14 - [Cluster 0 - CLIENT] - INFO - Received: train message b270ee83-a441-4cb9-a524-6308aeabf565
2025-03-30 10:40:14 - [Cluster 0 - CLIENT] - INFO - [Store 1076] Starting local training.
2025-03-30 10:40:14 - [Cluster 0 - CLIENT] - INFO - [Store 689] Local training complete.
2025-03-30 10:40:14 - [Cluster 0 - CLIENT] - INFO - Sent reply
2025-03-30 10:40:14 - [Cluster 0 - CLIENT] - INFO - 
2025-03-30 10:40:14 - [Cluster 0 - CLIENT] - INFO - Received: train message 21fc93c0-404b-48b7-b5f3-00eb47316df9
2025-03-30 10:40:14 - [Cluster 0 - CLIENT] - INFO - [Store 435] Starting local training.
2025-03-30 10:40:15 - [Cluster 0 - CLIENT] - INFO - [Store 569] Local training complete.
2025-03-30 10:40:15 - [Cluster 0 - CLIENT] - INFO - Sent reply
2025-03-30 10:40:15 - [Cluster 0 - CLIENT] - INFO - 
2025-03-30 10:40:15 - [Cluster 0 - CLIENT] - INFO - Received: train message 2d2d98db-7584-4cdf-ae81-d542a35ed887
2025-03-30 10:40:15 - [Cluster 0 - CLIENT] - INFO - [Store 997] Starting local training.
2025-03-30 10:40:15 - [Cluster 0 - CLIENT] - INFO - [Store 1099] Local training complete.
2025-03-30 10:40:15 - [Cluster 0 - CLIENT] - INFO - Sent reply
2025-03-30 10:40:15 - [Cluster 0 - CLIENT] - INFO - 
2025-03-30 10:40:15 - [Cluster 0 - CLIENT] - INFO - Received: train message 9a3d7e91-f759-4388-a354-59c3663a0f73
2025-03-30 10:40:15 - [Cluster 0 - CLIENT] - INFO - [Store 313] Starting local training.
2025-03-30 10:40:15 - [Cluster 0 - CLIENT] - INFO - [Store 462] Local training complete.
2025-03-30 10:40:15 - [Cluster 0 - CLIENT] - INFO - Sent reply
2025-03-30 10:40:15 - [Cluster 0 - CLIENT] - INFO - 
2025-03-30 10:40:15 - [Cluster 0 - CLIENT] - INFO - Received: train message dc425ea6-d9e8-4f54-bb63-ae0e59eb0322
2025-03-30 10:40:15 - [Cluster 0 - CLIENT] - INFO - [Store 864] Starting local training.
2025-03-30 10:43:17 - [Cluster 0 - CLIENT] - INFO - [Store 1013] Local training complete.
2025-03-30 10:43:17 - [Cluster 0 - CLIENT] - INFO - Sent reply
2025-03-30 10:43:17 - [Cluster 0 - CLIENT] - INFO - [Store 293] Local training complete.
2025-03-30 10:43:18 - [Cluster 0 - CLIENT] - INFO - Sent reply
2025-03-30 10:43:19 - [Cluster 0 - CLIENT] - INFO - [Store 1083] Local training complete.
2025-03-30 10:43:19 - [Cluster 0 - CLIENT] - INFO - Sent reply
2025-03-30 10:43:20 - [Cluster 0 - CLIENT] - INFO - [Store 395] Local training complete.
2025-03-30 10:43:20 - [Cluster 0 - CLIENT] - INFO - Sent reply
2025-03-30 10:43:20 - [Cluster 0 - CLIENT] - INFO - [Store 783] Local training complete.
2025-03-30 10:43:20 - [Cluster 0 - CLIENT] - INFO - Sent reply
2025-03-30 10:43:20 - [Cluster 0 - CLIENT] - INFO - [Store 435] Local training complete.
2025-03-30 10:43:20 - [Cluster 0 - CLIENT] - INFO - Sent reply
2025-03-30 10:43:20 - [Cluster 0 - CLIENT] - INFO - [Store 1076] Local training complete.
2025-03-30 10:43:20 - [Cluster 0 - CLIENT] - INFO - Sent reply
2025-03-30 10:43:21 - [Cluster 0 - CLIENT] - INFO - [Store 313] Local training complete.
2025-03-30 10:43:21 - [Cluster 0 - CLIENT] - INFO - Sent reply
2025-03-30 10:43:21 - [Cluster 0 - CLIENT] - INFO - [Store 128] Local training complete.
2025-03-30 10:43:21 - [Cluster 0 - CLIENT] - INFO - Sent reply
2025-03-30 10:43:21 - [Cluster 0 - CLIENT] - INFO - [Store 864] Local training complete.
2025-03-30 10:43:21 - [Cluster 0 - CLIENT] - INFO - Sent reply
2025-03-30 10:43:21 - [Cluster 0 - CLIENT] - INFO - [Store 203] Local training complete.
2025-03-30 10:43:21 - [Cluster 0 - CLIENT] - INFO - Sent reply
2025-03-30 10:43:21 - [Cluster 0 - CLIENT] - INFO - [Store 997] Local training complete.
2025-03-30 10:43:21 - [Cluster 0 - CLIENT] - INFO - Sent reply
2025-03-30 10:43:21 - [Cluster 0 - CLIENT] - INFO - [Store 1030] Local training complete.
2025-03-30 10:43:21 - [Cluster 0 - CLIENT] - INFO - Sent reply
2025-03-30 10:43:21 - [Cluster 0 - CLIENT] - INFO - [Store 1084] Local training complete.
2025-03-30 10:43:21 - [Cluster 0 - CLIENT] - INFO - Sent reply
2025-03-30 10:43:21 - [Cluster 0 - CLIENT] - INFO - [Store 351] Local training complete.
2025-03-30 10:43:21 - [Cluster 0 - CLIENT] - INFO - Sent reply
2025-03-30 10:43:21 - [Cluster 0 - CLIENT] - INFO - 
2025-03-30 10:43:21 - [Cluster 0 - CLIENT] - INFO - Received: evaluate message 1329e782-a0d7-43ed-93e7-bdfde255625a
2025-03-30 10:43:21 - [Cluster 0 - CLIENT] - INFO - 
2025-03-30 10:43:21 - [Cluster 0 - CLIENT] - INFO - Received: evaluate message e1a9257c-4ee0-4b73-bb8c-07c14373a33f
2025-03-30 10:43:21 - [Cluster 0 - CLIENT] - INFO - 
2025-03-30 10:43:21 - [Cluster 0 - CLIENT] - INFO - Received: evaluate message 3e30c2ce-61d3-42e3-a041-89d531c1278b
2025-03-30 10:43:21 - [Cluster 0 - CLIENT] - INFO - 
2025-03-30 10:43:21 - [Cluster 0 - CLIENT] - INFO - Received: evaluate message e17a88b1-2f2c-413b-b458-62e0d6021fa1
2025-03-30 10:43:21 - [Cluster 0 - CLIENT] - INFO - 
2025-03-30 10:43:21 - [Cluster 0 - CLIENT] - INFO - Received: evaluate message 2d259126-fda5-4e4f-a356-2a395029f4a8
2025-03-30 10:43:21 - [Cluster 0 - CLIENT] - INFO - 
2025-03-30 10:43:21 - [Cluster 0 - CLIENT] - INFO - Received: evaluate message 7adf9cf1-8ef3-4da2-95b1-e44218de4a27
2025-03-30 10:43:21 - [Cluster 0 - CLIENT] - INFO - 
2025-03-30 10:43:21 - [Cluster 0 - CLIENT] - INFO - 
2025-03-30 10:43:21 - [Cluster 0 - CLIENT] - INFO - Received: evaluate message 66ea3541-3a64-429b-b318-8433477d17db
2025-03-30 10:43:21 - [Cluster 0 - CLIENT] - INFO - Received: evaluate message d84b0502-07a7-4d31-8168-8ca93ecdca88
2025-03-30 10:43:21 - [Cluster 0 - CLIENT] - INFO - 
2025-03-30 10:43:21 - [Cluster 0 - CLIENT] - INFO - Received: evaluate message 37f43baa-d5bd-4fb3-a4ca-b4c8e0a2cb3e
2025-03-30 10:43:21 - [Cluster 0 - CLIENT] - INFO - 
2025-03-30 10:43:21 - [Cluster 0 - CLIENT] - INFO - Received: evaluate message fb44bbe6-fc48-4eb2-bd43-dcd1a0c4a701
2025-03-30 10:43:21 - [Cluster 0 - CLIENT] - INFO - 
2025-03-30 10:43:21 - [Cluster 0 - CLIENT] - INFO - Received: evaluate message d1adadaf-752d-46f2-830d-f52362fabea5
2025-03-30 10:43:21 - [Cluster 0 - CLIENT] - INFO - 
2025-03-30 10:43:21 - [Cluster 0 - CLIENT] - INFO - Received: evaluate message 5673d931-0e55-4c56-9f68-468ccf3065e4
2025-03-30 10:43:21 - [Cluster 0 - CLIENT] - INFO - 
2025-03-30 10:43:21 - [Cluster 0 - CLIENT] - INFO - Received: evaluate message df5c5e6e-a853-46a5-85ad-48e0c3efc012
2025-03-30 10:43:21 - [Cluster 0 - CLIENT] - INFO - 
2025-03-30 10:43:21 - [Cluster 0 - CLIENT] - INFO - Received: evaluate message c58c34bf-50bd-4cda-93fa-f19d4f9a079d
2025-03-30 10:43:21 - [Cluster 0 - CLIENT] - INFO - 
2025-03-30 10:43:21 - [Cluster 0 - CLIENT] - INFO - Received: evaluate message d938c2b9-dc7e-4124-ba1e-139ff3a8dfa7
2025-03-30 10:43:22 - [Cluster 0 - CLIENT] - INFO - [Store 128] Evaluation - Loss: 0.3615, MAE: 0.3978
2025-03-30 10:43:22 - [Cluster 0 - CLIENT] - INFO - Sent reply
2025-03-30 10:43:22 - [Cluster 0 - CLIENT] - INFO - 
2025-03-30 10:43:22 - [Cluster 0 - CLIENT] - INFO - Received: evaluate message 139d7ea6-c4a9-4fe1-a964-b4ffa858ff5b
2025-03-30 10:43:22 - [Cluster 0 - CLIENT] - INFO - [Store 203] Evaluation - Loss: 0.2377, MAE: 0.2970
2025-03-30 10:43:22 - [Cluster 0 - CLIENT] - INFO - Sent reply
2025-03-30 10:43:22 - [Cluster 0 - CLIENT] - INFO - 
2025-03-30 10:43:22 - [Cluster 0 - CLIENT] - INFO - Received: evaluate message c0478c58-7b70-4acd-83bc-5e9d74c0caf2
2025-03-30 10:43:22 - [Cluster 0 - CLIENT] - INFO - [Store 783] Evaluation - Loss: 0.2334, MAE: 0.2990
2025-03-30 10:43:22 - [Cluster 0 - CLIENT] - INFO - Sent reply
2025-03-30 10:43:22 - [Cluster 0 - CLIENT] - INFO - [Store 1013] Evaluation - Loss: 0.2668, MAE: 0.3418
2025-03-30 10:43:22 - [Cluster 0 - CLIENT] - INFO - Sent reply
2025-03-30 10:43:22 - [Cluster 0 - CLIENT] - INFO - 
2025-03-30 10:43:22 - [Cluster 0 - CLIENT] - INFO - Received: evaluate message d188c58e-d4b4-4f9d-a012-21c170f81a9f
2025-03-30 10:43:22 - [Cluster 0 - CLIENT] - INFO - 
2025-03-30 10:43:22 - [Cluster 0 - CLIENT] - INFO - Received: evaluate message 47a18159-e086-4948-bcaf-4a6e5ab7eff3
2025-03-30 10:43:22 - [Cluster 0 - CLIENT] - INFO - [Store 435] Evaluation - Loss: 0.2392, MAE: 0.2951
2025-03-30 10:43:22 - [Cluster 0 - CLIENT] - INFO - Sent reply
2025-03-30 10:43:22 - [Cluster 0 - CLIENT] - INFO - 
2025-03-30 10:43:22 - [Cluster 0 - CLIENT] - INFO - Received: evaluate message eb80f633-dd9a-48fa-b583-050164278e18
2025-03-30 10:43:22 - [Cluster 0 - CLIENT] - INFO - [Store 395] Evaluation - Loss: 0.2920, MAE: 0.3301
2025-03-30 10:43:22 - [Cluster 0 - CLIENT] - INFO - Sent reply
2025-03-30 10:43:22 - [Cluster 0 - CLIENT] - INFO - [Store 689] Evaluation - Loss: 0.2327, MAE: 0.2849
2025-03-30 10:43:22 - [Cluster 0 - CLIENT] - INFO - Sent reply
2025-03-30 10:43:22 - [Cluster 0 - CLIENT] - INFO - 
2025-03-30 10:43:22 - [Cluster 0 - CLIENT] - INFO - Received: evaluate message 9a101f18-26f8-4c40-adf1-53dff35ce283
2025-03-30 10:43:22 - [Cluster 0 - CLIENT] - INFO - 
2025-03-30 10:43:22 - [Cluster 0 - CLIENT] - INFO - Received: evaluate message b939c4f3-d952-4475-95c3-de8a201f1973
2025-03-30 10:43:22 - [Cluster 0 - CLIENT] - INFO - [Store 1076] Evaluation - Loss: 0.5923, MAE: 0.5384
2025-03-30 10:43:22 - [Cluster 0 - CLIENT] - INFO - Sent reply
2025-03-30 10:43:23 - [Cluster 0 - CLIENT] - INFO - 
2025-03-30 10:43:23 - [Cluster 0 - CLIENT] - INFO - Received: evaluate message 0d516762-7169-4583-b15d-78fab5917963
2025-03-30 10:43:23 - [Cluster 0 - CLIENT] - INFO - [Store 1099] Evaluation - Loss: 0.3411, MAE: 0.4080
2025-03-30 10:43:23 - [Cluster 0 - CLIENT] - INFO - Sent reply
2025-03-30 10:43:23 - [Cluster 0 - CLIENT] - INFO - [Store 369] Evaluation - Loss: 0.2394, MAE: 0.3036
2025-03-30 10:43:23 - [Cluster 0 - CLIENT] - INFO - Sent reply
2025-03-30 10:43:23 - [Cluster 0 - CLIENT] - INFO - 
2025-03-30 10:43:23 - [Cluster 0 - CLIENT] - INFO - Received: evaluate message ab1087b8-87af-4177-a157-0fca655ffe96
2025-03-30 10:43:23 - [Cluster 0 - CLIENT] - INFO - [Store 462] Evaluation - Loss: 0.1908, MAE: 0.2813
2025-03-30 10:43:23 - [Cluster 0 - CLIENT] - INFO - Sent reply
2025-03-30 10:43:23 - [Cluster 0 - CLIENT] - INFO - [Store 1030] Evaluation - Loss: 0.2146, MAE: 0.3125
2025-03-30 10:43:23 - [Cluster 0 - CLIENT] - INFO - Sent reply
2025-03-30 10:43:23 - [Cluster 0 - CLIENT] - INFO - 
2025-03-30 10:43:23 - [Cluster 0 - CLIENT] - INFO - Received: evaluate message 76c12122-e50f-4c6b-b1f7-bb7b7e7c1dee
2025-03-30 10:43:23 - [Cluster 0 - CLIENT] - INFO - 
2025-03-30 10:43:23 - [Cluster 0 - CLIENT] - INFO - Received: evaluate message 6de85c0c-3163-48cc-b3e1-4712ba43508a
2025-03-30 10:43:23 - [Cluster 0 - CLIENT] - INFO - 
2025-03-30 10:43:23 - [Cluster 0 - CLIENT] - INFO - Received: evaluate message 1f7a0a82-8296-4a7d-b0b9-930afdc6ac5e
2025-03-30 10:43:23 - [Cluster 0 - CLIENT] - INFO - [Store 1030] Evaluation - Loss: 0.2146, MAE: 0.3125
2025-03-30 10:43:23 - [Cluster 0 - CLIENT] - INFO - Sent reply
2025-03-30 10:43:23 - [Cluster 0 - CLIENT] - INFO - [Store 63] Evaluation - Loss: 0.3018, MAE: 0.3532
2025-03-30 10:43:23 - [Cluster 0 - CLIENT] - INFO - Sent reply
2025-03-30 10:43:23 - [Cluster 0 - CLIENT] - INFO - 
2025-03-30 10:43:23 - [Cluster 0 - CLIENT] - INFO - Received: evaluate message 261d870d-7665-44a9-ad82-87b3fc4cb42f
2025-03-30 10:43:23 - [Cluster 0 - CLIENT] - INFO - 
2025-03-30 10:43:23 - [Cluster 0 - CLIENT] - INFO - Received: evaluate message 1eb29de6-2d83-4217-88ad-f3cef498cefc
2025-03-30 10:43:23 - [Cluster 0 - CLIENT] - INFO - [Store 600] Evaluation - Loss: 0.3016, MAE: 0.3314
2025-03-30 10:43:23 - [Cluster 0 - CLIENT] - INFO - Sent reply
2025-03-30 10:43:23 - [Cluster 0 - CLIENT] - INFO - 
2025-03-30 10:43:23 - [Cluster 0 - CLIENT] - INFO - Received: evaluate message b8ff678a-b1cf-462b-a9ca-c107325b417b
2025-03-30 10:43:23 - [Cluster 0 - CLIENT] - INFO - [Store 997] Evaluation - Loss: 0.2677, MAE: 0.3241
2025-03-30 10:43:23 - [Cluster 0 - CLIENT] - INFO - Sent reply
2025-03-30 10:43:23 - [Cluster 0 - CLIENT] - INFO - [Store 1084] Evaluation - Loss: 0.2919, MAE: 0.3176
2025-03-30 10:43:23 - [Cluster 0 - CLIENT] - INFO - Sent reply
2025-03-30 10:43:23 - [Cluster 0 - CLIENT] - INFO - [Store 313] Evaluation - Loss: 0.2220, MAE: 0.3005
2025-03-30 10:43:23 - [Cluster 0 - CLIENT] - INFO - Sent reply
2025-03-30 10:43:23 - [Cluster 0 - CLIENT] - INFO - [Store 302] Evaluation - Loss: 0.3093, MAE: 0.3515
2025-03-30 10:43:23 - [Cluster 0 - CLIENT] - INFO - Sent reply
2025-03-30 10:43:24 - [Cluster 0 - CLIENT] - INFO - [Store 244] Evaluation - Loss: 0.3438, MAE: 0.3788
2025-03-30 10:43:24 - [Cluster 0 - CLIENT] - INFO - Sent reply
2025-03-30 10:43:24 - [Cluster 0 - CLIENT] - INFO - [Store 680] Evaluation - Loss: 0.3257, MAE: 0.3948
2025-03-30 10:43:24 - [Cluster 0 - CLIENT] - INFO - Sent reply
2025-03-30 10:43:24 - [Cluster 0 - CLIENT] - INFO - [Store 1015] Evaluation - Loss: 0.2893, MAE: 0.3260
2025-03-30 10:43:24 - [Cluster 0 - CLIENT] - INFO - Sent reply
2025-03-30 10:43:24 - [Cluster 0 - CLIENT] - INFO - [Store 864] Evaluation - Loss: 0.3020, MAE: 0.3517
2025-03-30 10:43:24 - [Cluster 0 - CLIENT] - INFO - Sent reply
2025-03-30 10:43:24 - [Cluster 0 - CLIENT] - INFO - [Store 569] Evaluation - Loss: 0.2309, MAE: 0.3062
2025-03-30 10:43:24 - [Cluster 0 - CLIENT] - INFO - Sent reply
2025-03-30 10:43:24 - [Cluster 0 - CLIENT] - INFO - [Store 255] Evaluation - Loss: 0.2888, MAE: 0.3283
2025-03-30 10:43:24 - [Cluster 0 - CLIENT] - INFO - Sent reply
2025-03-30 10:43:24 - [Cluster 0 - CLIENT] - INFO - [Store 293] Evaluation - Loss: 0.2430, MAE: 0.2965
2025-03-30 10:43:24 - [Cluster 0 - CLIENT] - INFO - Sent reply
2025-03-30 10:43:24 - [Cluster 0 - CLIENT] - INFO - [Store 1083] Evaluation - Loss: 0.4818, MAE: 0.4964
2025-03-30 10:43:24 - [Cluster 0 - CLIENT] - INFO - Sent reply
2025-03-30 10:43:24 - [Cluster 0 - CLIENT] - INFO - [Store 541] Evaluation - Loss: 0.2763, MAE: 0.3131
2025-03-30 10:43:24 - [Cluster 0 - CLIENT] - INFO - Sent reply
2025-03-30 10:43:24 - [Cluster 0 - CLIENT] - INFO - [Store 351] Evaluation - Loss: 0.2547, MAE: 0.3124
2025-03-30 10:43:24 - [Cluster 0 - CLIENT] - INFO - Sent reply
2025-03-30 10:43:24 - [Cluster 0 - CLIENT] - INFO - [Store 990] Evaluation - Loss: 0.2102, MAE: 0.2851
2025-03-30 10:43:24 - [Cluster 0 - CLIENT] - INFO - Sent reply
2025-03-30 10:43:24 - [Cluster 0 - CLIENT] - INFO - 
2025-03-30 10:43:24 - [Cluster 0 - CLIENT] - INFO - Received: train message 6383c2a2-8394-4f16-81f5-a43d5e5ae386
2025-03-30 10:43:24 - [Cluster 0 - CLIENT] - INFO - 
2025-03-30 10:43:24 - [Cluster 0 - CLIENT] - INFO - Received: train message 6263d479-6d17-4519-9898-ec3bd5ed20d7
2025-03-30 10:43:24 - [Cluster 0 - CLIENT] - INFO - 
2025-03-30 10:43:24 - [Cluster 0 - CLIENT] - INFO - Received: train message 25f8f7e1-bfc0-4e3c-91c8-12b4ee44d677
2025-03-30 10:43:24 - [Cluster 0 - CLIENT] - INFO - 
2025-03-30 10:43:24 - [Cluster 0 - CLIENT] - INFO - Received: train message 046fa310-4e57-47f8-995c-ea607d59bb63
2025-03-30 10:43:24 - [Cluster 0 - CLIENT] - INFO - 
2025-03-30 10:43:24 - [Cluster 0 - CLIENT] - INFO - Received: train message 0b530ed1-ef03-4751-9ef6-f51fd134bbaa
2025-03-30 10:43:24 - [Cluster 0 - CLIENT] - INFO - [Store 244] Starting local training.
2025-03-30 10:43:24 - [Cluster 0 - CLIENT] - INFO - [Store 1015] Starting local training.
2025-03-30 10:43:24 - [Cluster 0 - CLIENT] - INFO - 
2025-03-30 10:43:24 - [Cluster 0 - CLIENT] - INFO - Received: train message 31712bd8-db8e-4c1e-b453-32f08aaf55ae
2025-03-30 10:43:24 - [Cluster 0 - CLIENT] - INFO - 
2025-03-30 10:43:24 - [Cluster 0 - CLIENT] - INFO - 
2025-03-30 10:43:24 - [Cluster 0 - CLIENT] - INFO - Received: train message c2bbef6c-2648-4f49-aa91-4c7908b85eea
2025-03-30 10:43:24 - [Cluster 0 - CLIENT] - INFO - Received: train message 86cef667-80b7-48c1-8f0d-f70ac4e5f3da
2025-03-30 10:43:24 - [Cluster 0 - CLIENT] - INFO - [Store 569] Starting local training.
2025-03-30 10:43:24 - [Cluster 0 - CLIENT] - INFO - [Store 293] Starting local training.
2025-03-30 10:43:24 - [Cluster 0 - CLIENT] - INFO - 
2025-03-30 10:43:24 - [Cluster 0 - CLIENT] - INFO - Received: train message eec85cc4-dbdf-4d9f-8f82-d89f8fb249aa
2025-03-30 10:43:24 - [Cluster 0 - CLIENT] - INFO - [Store 255] Starting local training.
2025-03-30 10:43:24 - [Cluster 0 - CLIENT] - INFO - 
2025-03-30 10:43:24 - [Cluster 0 - CLIENT] - INFO - Received: train message 3b1aff3d-f6fc-4ef4-862e-a99642e01664
2025-03-30 10:43:24 - [Cluster 0 - CLIENT] - INFO - 
2025-03-30 10:43:24 - [Cluster 0 - CLIENT] - INFO - Received: train message d260c296-ebd8-4a5c-9519-6d6aa72daa22
2025-03-30 10:43:24 - [Cluster 0 - CLIENT] - INFO - 
2025-03-30 10:43:24 - [Cluster 0 - CLIENT] - INFO - Received: train message 64af232f-62a0-40c9-80f5-0d693084fcb5
2025-03-30 10:43:24 - [Cluster 0 - CLIENT] - INFO - 
2025-03-30 10:43:24 - [Cluster 0 - CLIENT] - INFO - Received: train message a3bbb39f-61d6-46da-9f38-76b248a4e57a
2025-03-30 10:43:24 - [Cluster 0 - CLIENT] - INFO - 
2025-03-30 10:43:24 - [Cluster 0 - CLIENT] - INFO - Received: train message c9d7e0ee-f790-464a-8edf-732965596419
2025-03-30 10:43:24 - [Cluster 0 - CLIENT] - INFO - 
2025-03-30 10:43:24 - [Cluster 0 - CLIENT] - INFO - Received: train message 6539edc2-3c98-4316-8b6e-1dbe8907dce1
2025-03-30 10:43:24 - [Cluster 0 - CLIENT] - INFO - [Store 351] Starting local training.
2025-03-30 10:43:24 - [Cluster 0 - CLIENT] - INFO - [Store 600] Starting local training.
2025-03-30 10:43:24 - [Cluster 0 - CLIENT] - INFO - [Store 864] Starting local training.
2025-03-30 10:43:24 - [Cluster 0 - CLIENT] - INFO - [Store 1076] Starting local training.
2025-03-30 10:43:24 - [Cluster 0 - CLIENT] - INFO - [Store 128] Starting local training.
2025-03-30 10:43:24 - [Cluster 0 - CLIENT] - INFO - [Store 369] Starting local training.
2025-03-30 10:43:24 - [Cluster 0 - CLIENT] - INFO - [Store 680] Starting local training.
2025-03-30 10:43:24 - [Cluster 0 - CLIENT] - INFO - [Store 395] Starting local training.
2025-03-30 10:43:24 - [Cluster 0 - CLIENT] - INFO - [Store 203] Starting local training.
2025-03-30 10:43:24 - [Cluster 0 - CLIENT] - INFO - [Store 689] Starting local training.
2025-03-30 10:46:24 - [Cluster 0 - CLIENT] - INFO - [Store 680] Local training complete.
2025-03-30 10:46:24 - [Cluster 0 - CLIENT] - INFO - Sent reply
2025-03-30 10:46:24 - [Cluster 0 - CLIENT] - INFO - 
2025-03-30 10:46:24 - [Cluster 0 - CLIENT] - INFO - Received: train message 1d70e825-409f-443b-bbea-21c5d41a7236
2025-03-30 10:46:24 - [Cluster 0 - CLIENT] - INFO - [Store 1099] Starting local training.
2025-03-30 10:46:27 - [Cluster 0 - CLIENT] - INFO - [Store 1076] Local training complete.
2025-03-30 10:46:27 - [Cluster 0 - CLIENT] - INFO - Sent reply
2025-03-30 10:46:27 - [Cluster 0 - CLIENT] - INFO - 
2025-03-30 10:46:27 - [Cluster 0 - CLIENT] - INFO - Received: train message d4c890e4-f6be-4775-9114-13a4d5d544d4
2025-03-30 10:46:27 - [Cluster 0 - CLIENT] - INFO - [Store 435] Starting local training.
2025-03-30 10:46:30 - [Cluster 0 - CLIENT] - INFO - [Store 255] Local training complete.
2025-03-30 10:46:30 - [Cluster 0 - CLIENT] - INFO - Sent reply
2025-03-30 10:46:30 - [Cluster 0 - CLIENT] - INFO - 
2025-03-30 10:46:30 - [Cluster 0 - CLIENT] - INFO - Received: train message 3414ce45-795c-4a67-863a-f2dc217db29d
2025-03-30 10:46:30 - [Cluster 0 - CLIENT] - INFO - [Store 1084] Starting local training.
2025-03-30 10:46:31 - [Cluster 0 - CLIENT] - INFO - [Store 569] Local training complete.
2025-03-30 10:46:32 - [Cluster 0 - CLIENT] - INFO - Sent reply
2025-03-30 10:46:32 - [Cluster 0 - CLIENT] - INFO - 
2025-03-30 10:46:32 - [Cluster 0 - CLIENT] - INFO - Received: train message 29958240-c6e1-4d59-8a4f-3b8fda224916
2025-03-30 10:46:32 - [Cluster 0 - CLIENT] - INFO - [Store 990] Starting local training.
2025-03-30 10:46:32 - [Cluster 0 - CLIENT] - INFO - [Store 864] Local training complete.
2025-03-30 10:46:32 - [Cluster 0 - CLIENT] - INFO - Sent reply
2025-03-30 10:46:32 - [Cluster 0 - CLIENT] - INFO - 
2025-03-30 10:46:32 - [Cluster 0 - CLIENT] - INFO - Received: train message ad26f93b-9b20-4e8b-872f-02decac516e6
2025-03-30 10:46:32 - [Cluster 0 - CLIENT] - INFO - [Store 1083] Starting local training.
2025-03-30 10:46:32 - [Cluster 0 - CLIENT] - INFO - [Store 369] Local training complete.
2025-03-30 10:46:32 - [Cluster 0 - CLIENT] - INFO - Sent reply
2025-03-30 10:46:32 - [Cluster 0 - CLIENT] - INFO - 
2025-03-30 10:46:32 - [Cluster 0 - CLIENT] - INFO - Received: train message 04ea52a8-5490-46a2-b6e8-79653c0a190b
2025-03-30 10:46:32 - [Cluster 0 - CLIENT] - INFO - [Store 541] Starting local training.
2025-03-30 10:46:33 - [Cluster 0 - CLIENT] - INFO - [Store 689] Local training complete.
2025-03-30 10:46:33 - [Cluster 0 - CLIENT] - INFO - [Store 293] Local training complete.
2025-03-30 10:46:33 - [Cluster 0 - CLIENT] - INFO - Sent reply
2025-03-30 10:46:33 - [Cluster 0 - CLIENT] - INFO - 
2025-03-30 10:46:33 - [Cluster 0 - CLIENT] - INFO - Received: train message 645f5e49-3106-4345-8834-c82b6e3d4677
2025-03-30 10:46:33 - [Cluster 0 - CLIENT] - INFO - [Store 462] Starting local training.
2025-03-30 10:46:33 - [Cluster 0 - CLIENT] - INFO - Sent reply
2025-03-30 10:46:33 - [Cluster 0 - CLIENT] - INFO - 
2025-03-30 10:46:33 - [Cluster 0 - CLIENT] - INFO - Received: train message eea1b707-86e1-4214-aeec-c062db60ea8b
2025-03-30 10:46:33 - [Cluster 0 - CLIENT] - INFO - [Store 1015] Local training complete.
2025-03-30 10:46:33 - [Cluster 0 - CLIENT] - INFO - [Store 1030] Starting local training.
2025-03-30 10:46:33 - [Cluster 0 - CLIENT] - INFO - Sent reply
2025-03-30 10:46:33 - [Cluster 0 - CLIENT] - INFO - 
2025-03-30 10:46:33 - [Cluster 0 - CLIENT] - INFO - Received: train message f7444311-117c-4ea6-bb15-dddb8ea67da9
2025-03-30 10:46:33 - [Cluster 0 - CLIENT] - INFO - [Store 313] Starting local training.
2025-03-30 10:46:34 - [Cluster 0 - CLIENT] - INFO - [Store 600] Local training complete.
2025-03-30 10:46:34 - [Cluster 0 - CLIENT] - INFO - Sent reply
2025-03-30 10:46:34 - [Cluster 0 - CLIENT] - INFO - 
2025-03-30 10:46:34 - [Cluster 0 - CLIENT] - INFO - Received: train message 1a3ea038-d91f-44f1-8461-7a1e7aab3f8f
2025-03-30 10:46:34 - [Cluster 0 - CLIENT] - INFO - [Store 1013] Starting local training.
2025-03-30 10:46:34 - [Cluster 0 - CLIENT] - INFO - [Store 395] Local training complete.
2025-03-30 10:46:34 - [Cluster 0 - CLIENT] - INFO - Sent reply
2025-03-30 10:46:34 - [Cluster 0 - CLIENT] - INFO - 
2025-03-30 10:46:34 - [Cluster 0 - CLIENT] - INFO - Received: train message 9f3582e3-2e60-4e5f-a142-23472323717b
2025-03-30 10:46:34 - [Cluster 0 - CLIENT] - INFO - [Store 1030] Starting local training.
2025-03-30 10:46:35 - [Cluster 0 - CLIENT] - INFO - [Store 351] Local training complete.
2025-03-30 10:46:35 - [Cluster 0 - CLIENT] - INFO - Sent reply
2025-03-30 10:46:35 - [Cluster 0 - CLIENT] - INFO - 
2025-03-30 10:46:35 - [Cluster 0 - CLIENT] - INFO - Received: train message 64829b0a-b34d-4fa5-b309-fec6d86caf61
2025-03-30 10:46:35 - [Cluster 0 - CLIENT] - INFO - [Store 783] Starting local training.
2025-03-30 10:46:35 - [Cluster 0 - CLIENT] - INFO - [Store 244] Local training complete.
2025-03-30 10:46:35 - [Cluster 0 - CLIENT] - INFO - Sent reply
2025-03-30 10:46:35 - [Cluster 0 - CLIENT] - INFO - 
2025-03-30 10:46:35 - [Cluster 0 - CLIENT] - INFO - Received: train message 0c794703-b91d-4bd3-969d-814e52d90be4
2025-03-30 10:46:35 - [Cluster 0 - CLIENT] - INFO - [Store 997] Starting local training.
2025-03-30 10:46:37 - [Cluster 0 - CLIENT] - INFO - [Store 128] Local training complete.
2025-03-30 10:46:37 - [Cluster 0 - CLIENT] - INFO - Sent reply
2025-03-30 10:46:37 - [Cluster 0 - CLIENT] - INFO - 
2025-03-30 10:46:37 - [Cluster 0 - CLIENT] - INFO - Received: train message fcb7b3dd-45b1-4741-bcc0-c4c0cebfcd61
2025-03-30 10:46:37 - [Cluster 0 - CLIENT] - INFO - [Store 63] Starting local training.
2025-03-30 10:46:39 - [Cluster 0 - CLIENT] - INFO - [Store 203] Local training complete.
2025-03-30 10:46:39 - [Cluster 0 - CLIENT] - INFO - Sent reply
2025-03-30 10:46:39 - [Cluster 0 - CLIENT] - INFO - 
2025-03-30 10:46:39 - [Cluster 0 - CLIENT] - INFO - Received: train message e699539d-c41e-4bd2-8651-8fc5533128f2
2025-03-30 10:46:39 - [Cluster 0 - CLIENT] - INFO - [Store 302] Starting local training.
2025-03-30 10:49:43 - [Cluster 0 - CLIENT] - INFO - [Store 1099] Local training complete.
2025-03-30 10:49:43 - [Cluster 0 - CLIENT] - INFO - Sent reply
2025-03-30 10:49:46 - [Cluster 0 - CLIENT] - INFO - [Store 1013] Local training complete.
2025-03-30 10:49:46 - [Cluster 0 - CLIENT] - INFO - Sent reply
2025-03-30 10:49:46 - [Cluster 0 - CLIENT] - INFO - [Store 990] Local training complete.
2025-03-30 10:49:46 - [Cluster 0 - CLIENT] - INFO - Sent reply
2025-03-30 10:49:46 - [Cluster 0 - CLIENT] - INFO - [Store 1083] Local training complete.
2025-03-30 10:49:46 - [Cluster 0 - CLIENT] - INFO - Sent reply
2025-03-30 10:49:47 - [Cluster 0 - CLIENT] - INFO - [Store 997] Local training complete.
2025-03-30 10:49:47 - [Cluster 0 - CLIENT] - INFO - Sent reply
2025-03-30 10:49:47 - [Cluster 0 - CLIENT] - INFO - [Store 1030] Local training complete.
2025-03-30 10:49:47 - [Cluster 0 - CLIENT] - INFO - [Store 1030] Local training complete.
2025-03-30 10:49:47 - [Cluster 0 - CLIENT] - INFO - Sent reply
2025-03-30 10:49:47 - [Cluster 0 - CLIENT] - INFO - Sent reply
2025-03-30 10:49:47 - [Cluster 0 - CLIENT] - INFO - [Store 1084] Local training complete.
2025-03-30 10:49:47 - [Cluster 0 - CLIENT] - INFO - Sent reply
2025-03-30 10:49:47 - [Cluster 0 - CLIENT] - INFO - [Store 541] Local training complete.
2025-03-30 10:49:47 - [Cluster 0 - CLIENT] - INFO - Sent reply
2025-03-30 10:49:47 - [Cluster 0 - CLIENT] - INFO - [Store 435] Local training complete.
2025-03-30 10:49:47 - [Cluster 0 - CLIENT] - INFO - Sent reply
2025-03-30 10:49:48 - [Cluster 0 - CLIENT] - INFO - [Store 302] Local training complete.
2025-03-30 10:49:48 - [Cluster 0 - CLIENT] - INFO - Sent reply
2025-03-30 10:49:48 - [Cluster 0 - CLIENT] - INFO - [Store 462] Local training complete.
2025-03-30 10:49:48 - [Cluster 0 - CLIENT] - INFO - Sent reply
2025-03-30 10:49:48 - [Cluster 0 - CLIENT] - INFO - [Store 783] Local training complete.
2025-03-30 10:49:48 - [Cluster 0 - CLIENT] - INFO - Sent reply
2025-03-30 10:49:48 - [Cluster 0 - CLIENT] - INFO - [Store 313] Local training complete.
2025-03-30 10:49:48 - [Cluster 0 - CLIENT] - INFO - Sent reply
2025-03-30 10:49:49 - [Cluster 0 - CLIENT] - INFO - [Store 63] Local training complete.
2025-03-30 10:49:49 - [Cluster 0 - CLIENT] - INFO - Sent reply
2025-03-30 10:49:49 - [Cluster 0 - CLIENT] - INFO - 
2025-03-30 10:49:49 - [Cluster 0 - CLIENT] - INFO - Received: evaluate message f367e258-62b4-46b1-8fd8-649a7634be97
2025-03-30 10:49:49 - [Cluster 0 - CLIENT] - INFO - 
2025-03-30 10:49:49 - [Cluster 0 - CLIENT] - INFO - Received: evaluate message 46169057-3095-40a6-b92a-bf09d6abd4f7
2025-03-30 10:49:49 - [Cluster 0 - CLIENT] - INFO - 
2025-03-30 10:49:49 - [Cluster 0 - CLIENT] - INFO - Received: evaluate message 7aab500a-4f8b-401b-b1f3-d06d64176f42
2025-03-30 10:49:49 - [Cluster 0 - CLIENT] - INFO - 
2025-03-30 10:49:49 - [Cluster 0 - CLIENT] - INFO - Received: evaluate message 7a479c87-b122-4f35-871f-fce2cda92681
2025-03-30 10:49:49 - [Cluster 0 - CLIENT] - INFO - 
2025-03-30 10:49:49 - [Cluster 0 - CLIENT] - INFO - Received: evaluate message 0fe64a5a-8d27-4e0d-b8e6-d18981b241a0
2025-03-30 10:49:49 - [Cluster 0 - CLIENT] - INFO - 
2025-03-30 10:49:49 - [Cluster 0 - CLIENT] - INFO - Received: evaluate message fd6991d6-64a5-42c4-80d0-4c12fd43520c
2025-03-30 10:49:49 - [Cluster 0 - CLIENT] - INFO - 
2025-03-30 10:49:49 - [Cluster 0 - CLIENT] - INFO - Received: evaluate message d3fd3df8-a02c-4142-85dd-d6e5a9f027cf
2025-03-30 10:49:49 - [Cluster 0 - CLIENT] - INFO - 
2025-03-30 10:49:49 - [Cluster 0 - CLIENT] - INFO - 
2025-03-30 10:49:49 - [Cluster 0 - CLIENT] - INFO - Received: evaluate message 3c715bce-6794-48a2-80ce-67784c47ce59
2025-03-30 10:49:49 - [Cluster 0 - CLIENT] - INFO - 
2025-03-30 10:49:49 - [Cluster 0 - CLIENT] - INFO - Received: evaluate message 60b887db-7f62-4327-93af-3f6a3e5f34eb
2025-03-30 10:49:49 - [Cluster 0 - CLIENT] - INFO - 
2025-03-30 10:49:49 - [Cluster 0 - CLIENT] - INFO - Received: evaluate message 60a99bf0-bd3f-41ca-9385-57d93ad23ab7
2025-03-30 10:49:49 - [Cluster 0 - CLIENT] - INFO - Received: evaluate message 78c04495-d64c-4709-82d8-593b57c39c8e
2025-03-30 10:49:49 - [Cluster 0 - CLIENT] - INFO - 
2025-03-30 10:49:49 - [Cluster 0 - CLIENT] - INFO - 
2025-03-30 10:49:49 - [Cluster 0 - CLIENT] - INFO - Received: evaluate message 48c70108-442f-4c7a-80f7-6cfc03164cf8
2025-03-30 10:49:49 - [Cluster 0 - CLIENT] - INFO - 
2025-03-30 10:49:49 - [Cluster 0 - CLIENT] - INFO - Received: evaluate message a53cd9a2-7609-4714-a2e2-020dd6e69d0c
2025-03-30 10:49:49 - [Cluster 0 - CLIENT] - INFO - 
2025-03-30 10:49:49 - [Cluster 0 - CLIENT] - INFO - Received: evaluate message a824557f-9a47-422f-b2d4-0ea113721944
2025-03-30 10:49:49 - [Cluster 0 - CLIENT] - INFO - Received: evaluate message 2811487a-ea77-4310-8e18-a2c7df945dc6
2025-03-30 10:49:49 - [Cluster 0 - CLIENT] - INFO - [Store 1084] Evaluation - Loss: 0.2899, MAE: 0.3219
2025-03-30 10:49:49 - [Cluster 0 - CLIENT] - INFO - Sent reply
2025-03-30 10:49:49 - [Cluster 0 - CLIENT] - INFO - 
2025-03-30 10:49:49 - [Cluster 0 - CLIENT] - INFO - Received: evaluate message 4603d1ba-9f81-49ea-8110-025cf200a2ef
2025-03-30 10:49:49 - [Cluster 0 - CLIENT] - INFO - [Store 435] Evaluation - Loss: 0.2336, MAE: 0.2894
2025-03-30 10:49:49 - [Cluster 0 - CLIENT] - INFO - Sent reply
2025-03-30 10:49:49 - [Cluster 0 - CLIENT] - INFO - 
2025-03-30 10:49:49 - [Cluster 0 - CLIENT] - INFO - Received: evaluate message db8ff4aa-c956-4f38-809c-9ddf300e5cfc
2025-03-30 10:49:49 - [Cluster 0 - CLIENT] - INFO - [Store 1030] Evaluation - Loss: 0.2140, MAE: 0.3047
2025-03-30 10:49:49 - [Cluster 0 - CLIENT] - INFO - Sent reply
2025-03-30 10:49:49 - [Cluster 0 - CLIENT] - INFO - 
2025-03-30 10:49:49 - [Cluster 0 - CLIENT] - INFO - Received: evaluate message 9f0d74dc-2206-481c-a729-d67ab0a0c1ba
2025-03-30 10:49:49 - [Cluster 0 - CLIENT] - INFO - [Store 997] Evaluation - Loss: 0.2598, MAE: 0.3177
2025-03-30 10:49:49 - [Cluster 0 - CLIENT] - INFO - Sent reply
2025-03-30 10:49:50 - [Cluster 0 - CLIENT] - INFO - [Store 302] Evaluation - Loss: 0.3074, MAE: 0.3485
2025-03-30 10:49:50 - [Cluster 0 - CLIENT] - INFO - Sent reply
2025-03-30 10:49:50 - [Cluster 0 - CLIENT] - INFO - 
2025-03-30 10:49:50 - [Cluster 0 - CLIENT] - INFO - Received: evaluate message 6f570b0d-a395-4afb-bea8-70da9eb33ea0
2025-03-30 10:49:50 - [Cluster 0 - CLIENT] - INFO - 
2025-03-30 10:49:50 - [Cluster 0 - CLIENT] - INFO - Received: evaluate message 9614a7ba-2065-4b45-9105-1c50f7953fbc
2025-03-30 10:49:50 - [Cluster 0 - CLIENT] - INFO - [Store 1083] Evaluation - Loss: 0.4742, MAE: 0.4968
2025-03-30 10:49:50 - [Cluster 0 - CLIENT] - INFO - Sent reply
2025-03-30 10:49:50 - [Cluster 0 - CLIENT] - INFO - 
2025-03-30 10:49:50 - [Cluster 0 - CLIENT] - INFO - [Store 1030] Evaluation - Loss: 0.2140, MAE: 0.3047
2025-03-30 10:49:50 - [Cluster 0 - CLIENT] - INFO - Sent reply
2025-03-30 10:49:50 - [Cluster 0 - CLIENT] - INFO - Received: evaluate message 15f9561b-d6c4-4959-b48f-b664b473e606
2025-03-30 10:49:50 - [Cluster 0 - CLIENT] - INFO - 
2025-03-30 10:49:50 - [Cluster 0 - CLIENT] - INFO - Received: evaluate message f8a33e38-dd02-40e2-97d1-ca7121b3b018
2025-03-30 10:49:50 - [Cluster 0 - CLIENT] - INFO - [Store 63] Evaluation - Loss: 0.2939, MAE: 0.3499
2025-03-30 10:49:50 - [Cluster 0 - CLIENT] - INFO - Sent reply
2025-03-30 10:49:50 - [Cluster 0 - CLIENT] - INFO - [Store 313] Evaluation - Loss: 0.2179, MAE: 0.2954
2025-03-30 10:49:50 - [Cluster 0 - CLIENT] - INFO - Sent reply
2025-03-30 10:49:50 - [Cluster 0 - CLIENT] - INFO - 
2025-03-30 10:49:50 - [Cluster 0 - CLIENT] - INFO - Received: evaluate message 7d96319b-f16d-4c12-8149-baa79d053f32
2025-03-30 10:49:50 - [Cluster 0 - CLIENT] - INFO - [Store 689] Evaluation - Loss: 0.2307, MAE: 0.2793
2025-03-30 10:49:50 - [Cluster 0 - CLIENT] - INFO - Sent reply
2025-03-30 10:49:50 - [Cluster 0 - CLIENT] - INFO - [Store 1076] Evaluation - Loss: 0.5759, MAE: 0.5263
2025-03-30 10:49:50 - [Cluster 0 - CLIENT] - INFO - Sent reply
2025-03-30 10:49:50 - [Cluster 0 - CLIENT] - INFO - 
2025-03-30 10:49:50 - [Cluster 0 - CLIENT] - INFO - Received: evaluate message 5de06281-574c-419b-ace1-4ffd22b4d3c7
2025-03-30 10:49:50 - [Cluster 0 - CLIENT] - INFO - 
2025-03-30 10:49:50 - [Cluster 0 - CLIENT] - INFO - 
2025-03-30 10:49:50 - [Cluster 0 - CLIENT] - INFO - Received: evaluate message aa5b6efc-12a9-4646-b20b-644e1e071bd3
2025-03-30 10:49:50 - [Cluster 0 - CLIENT] - INFO - Received: evaluate message 007a1362-5b2c-4389-8132-8ca4841d479d
2025-03-30 10:49:50 - [Cluster 0 - CLIENT] - INFO - [Store 203] Evaluation - Loss: 0.2330, MAE: 0.2934
2025-03-30 10:49:50 - [Cluster 0 - CLIENT] - INFO - Sent reply
2025-03-30 10:49:50 - [Cluster 0 - CLIENT] - INFO - 
2025-03-30 10:49:50 - [Cluster 0 - CLIENT] - INFO - Received: evaluate message 6a051315-573f-4007-b1c4-92a1166a610f
2025-03-30 10:49:50 - [Cluster 0 - CLIENT] - INFO - [Store 293] Evaluation - Loss: 0.2357, MAE: 0.2947
2025-03-30 10:49:50 - [Cluster 0 - CLIENT] - INFO - Sent reply
2025-03-30 10:49:50 - [Cluster 0 - CLIENT] - INFO - 
2025-03-30 10:49:50 - [Cluster 0 - CLIENT] - INFO - Received: evaluate message ab4c13b2-3712-4640-8c60-0cc6bf781985
2025-03-30 10:49:50 - [Cluster 0 - CLIENT] - INFO - [Store 395] Evaluation - Loss: 0.2884, MAE: 0.3273
2025-03-30 10:49:50 - [Cluster 0 - CLIENT] - INFO - Sent reply
2025-03-30 10:49:50 - [Cluster 0 - CLIENT] - INFO - 
2025-03-30 10:49:50 - [Cluster 0 - CLIENT] - INFO - Received: evaluate message c219a2d4-ac70-4623-9056-8eeb5257660a
2025-03-30 10:49:50 - [Cluster 0 - CLIENT] - INFO - [Store 1013] Evaluation - Loss: 0.2618, MAE: 0.3329
2025-03-30 10:49:50 - [Cluster 0 - CLIENT] - INFO - Sent reply
2025-03-30 10:49:50 - [Cluster 0 - CLIENT] - INFO - 
2025-03-30 10:49:50 - [Cluster 0 - CLIENT] - INFO - Received: evaluate message dee973a7-ebd4-420e-b6dd-75a5d50dbf78
2025-03-30 10:49:50 - [Cluster 0 - CLIENT] - INFO - [Store 462] Evaluation - Loss: 0.1915, MAE: 0.2762
2025-03-30 10:49:50 - [Cluster 0 - CLIENT] - INFO - Sent reply
2025-03-30 10:49:50 - [Cluster 0 - CLIENT] - INFO - [Store 128] Evaluation - Loss: 0.3536, MAE: 0.3945
2025-03-30 10:49:50 - [Cluster 0 - CLIENT] - INFO - Sent reply
2025-03-30 10:49:50 - [Cluster 0 - CLIENT] - INFO - [Store 541] Evaluation - Loss: 0.2676, MAE: 0.3058
2025-03-30 10:49:50 - [Cluster 0 - CLIENT] - INFO - Sent reply
2025-03-30 10:49:50 - [Cluster 0 - CLIENT] - INFO - [Store 255] Evaluation - Loss: 0.2818, MAE: 0.3260
2025-03-30 10:49:50 - [Cluster 0 - CLIENT] - INFO - Sent reply
2025-03-30 10:49:50 - [Cluster 0 - CLIENT] - INFO - [Store 783] Evaluation - Loss: 0.2301, MAE: 0.3039
2025-03-30 10:49:50 - [Cluster 0 - CLIENT] - INFO - Sent reply
2025-03-30 10:49:51 - [Cluster 0 - CLIENT] - INFO - [Store 680] Evaluation - Loss: 0.3253, MAE: 0.3976
2025-03-30 10:49:51 - [Cluster 0 - CLIENT] - INFO - Sent reply
2025-03-30 10:49:51 - [Cluster 0 - CLIENT] - INFO - [Store 864] Evaluation - Loss: 0.2959, MAE: 0.3469
2025-03-30 10:49:51 - [Cluster 0 - CLIENT] - INFO - Sent reply
2025-03-30 10:49:51 - [Cluster 0 - CLIENT] - INFO - [Store 600] Evaluation - Loss: 0.2940, MAE: 0.3282
2025-03-30 10:49:51 - [Cluster 0 - CLIENT] - INFO - Sent reply
2025-03-30 10:49:51 - [Cluster 0 - CLIENT] - INFO - [Store 244] Evaluation - Loss: 0.3362, MAE: 0.3747
2025-03-30 10:49:51 - [Cluster 0 - CLIENT] - INFO - Sent reply
2025-03-30 10:49:51 - [Cluster 0 - CLIENT] - INFO - [Store 1099] Evaluation - Loss: 0.3444, MAE: 0.4063
2025-03-30 10:49:51 - [Cluster 0 - CLIENT] - INFO - Sent reply
2025-03-30 10:49:51 - [Cluster 0 - CLIENT] - INFO - [Store 1015] Evaluation - Loss: 0.2845, MAE: 0.3239
2025-03-30 10:49:51 - [Cluster 0 - CLIENT] - INFO - Sent reply
2025-03-30 10:49:51 - [Cluster 0 - CLIENT] - INFO - [Store 369] Evaluation - Loss: 0.2379, MAE: 0.3058
2025-03-30 10:49:51 - [Cluster 0 - CLIENT] - INFO - Sent reply
2025-03-30 10:49:51 - [Cluster 0 - CLIENT] - INFO - [Store 351] Evaluation - Loss: 0.2449, MAE: 0.3066
2025-03-30 10:49:51 - [Cluster 0 - CLIENT] - INFO - Sent reply
2025-03-30 10:49:51 - [Cluster 0 - CLIENT] - INFO - [Store 990] Evaluation - Loss: 0.2082, MAE: 0.2866
2025-03-30 10:49:51 - [Cluster 0 - CLIENT] - INFO - Sent reply
2025-03-30 10:49:51 - [Cluster 0 - CLIENT] - INFO - [Store 569] Evaluation - Loss: 0.2292, MAE: 0.3094
2025-03-30 10:49:51 - [Cluster 0 - CLIENT] - INFO - Sent reply
2025-03-30 10:49:51 - [Cluster 0 - CLIENT] - INFO - 
2025-03-30 10:49:51 - [Cluster 0 - CLIENT] - INFO - Received: train message 043e5158-df24-49af-9e09-f259551dcf81
2025-03-30 10:49:51 - [Cluster 0 - CLIENT] - INFO - 
2025-03-30 10:49:51 - [Cluster 0 - CLIENT] - INFO - Received: train message d5bd9ee4-5769-44aa-9503-0419a2e0b20a
2025-03-30 10:49:51 - [Cluster 0 - CLIENT] - INFO - 
2025-03-30 10:49:51 - [Cluster 0 - CLIENT] - INFO - Received: train message 08dacc41-3c50-4bd2-bcf7-a53466095f01
2025-03-30 10:49:51 - [Cluster 0 - CLIENT] - INFO - 
2025-03-30 10:49:51 - [Cluster 0 - CLIENT] - INFO - Received: train message 9b49a445-0537-4c20-8843-b620b31d09ca
2025-03-30 10:49:51 - [Cluster 0 - CLIENT] - INFO - 
2025-03-30 10:49:51 - [Cluster 0 - CLIENT] - INFO - Received: train message ee648cec-d721-4348-b0eb-25760e2ed33b
2025-03-30 10:49:51 - [Cluster 0 - CLIENT] - INFO - 
2025-03-30 10:49:51 - [Cluster 0 - CLIENT] - INFO - 
2025-03-30 10:49:51 - [Cluster 0 - CLIENT] - INFO - Received: train message c2425245-e031-4820-a577-b8069db16b51
2025-03-30 10:49:51 - [Cluster 0 - CLIENT] - INFO - Received: train message 453b8080-6de9-43e5-999d-df4b5a9d83cb
2025-03-30 10:49:51 - [Cluster 0 - CLIENT] - INFO - 
2025-03-30 10:49:51 - [Cluster 0 - CLIENT] - INFO - Received: train message 93388bc8-f9c3-46d0-98a4-98e73507f929
2025-03-30 10:49:51 - [Cluster 0 - CLIENT] - INFO - 
2025-03-30 10:49:51 - [Cluster 0 - CLIENT] - INFO - Received: train message a8eb31f1-4aec-4a04-bbbb-f353d33111e6
2025-03-30 10:49:51 - [Cluster 0 - CLIENT] - INFO - 
2025-03-30 10:49:51 - [Cluster 0 - CLIENT] - INFO - Received: train message 427c1b3e-7d44-4bcf-a1ec-00956ef18afe
2025-03-30 10:49:51 - [Cluster 0 - CLIENT] - INFO - 
2025-03-30 10:49:51 - [Cluster 0 - CLIENT] - INFO - Received: train message 6f6f10aa-a54b-43b6-bcc7-74b575ed1e95
2025-03-30 10:49:51 - [Cluster 0 - CLIENT] - INFO - [Store 864] Starting local training.
2025-03-30 10:49:51 - [Cluster 0 - CLIENT] - INFO - 
2025-03-30 10:49:51 - [Cluster 0 - CLIENT] - INFO - Received: train message e253037b-2015-40a2-a781-0ab8c3e25ddc
2025-03-30 10:49:51 - [Cluster 0 - CLIENT] - INFO - [Store 990] Starting local training.
2025-03-30 10:49:51 - [Cluster 0 - CLIENT] - INFO - 
2025-03-30 10:49:51 - [Cluster 0 - CLIENT] - INFO - Received: train message 13960aae-c4cc-4a9d-92d8-2c43e956b7cf
2025-03-30 10:49:51 - [Cluster 0 - CLIENT] - INFO - [Store 255] Starting local training.
2025-03-30 10:49:51 - [Cluster 0 - CLIENT] - INFO - 
2025-03-30 10:49:51 - [Cluster 0 - CLIENT] - INFO - Received: train message 4cece572-dd9a-478d-b205-ac9f4dc4b2a8
2025-03-30 10:49:51 - [Cluster 0 - CLIENT] - INFO - 
2025-03-30 10:49:51 - [Cluster 0 - CLIENT] - INFO - Received: train message 4b121a54-3d0f-455e-ab9b-63dc4e45b3cc
2025-03-30 10:49:51 - [Cluster 0 - CLIENT] - INFO - [Store 244] Starting local training.
2025-03-30 10:49:51 - [Cluster 0 - CLIENT] - INFO - [Store 600] Starting local training.
2025-03-30 10:49:51 - [Cluster 0 - CLIENT] - INFO - [Store 783] Starting local training.
2025-03-30 10:49:51 - [Cluster 0 - CLIENT] - INFO - [Store 1013] Starting local training.
2025-03-30 10:49:51 - [Cluster 0 - CLIENT] - INFO - [Store 128] Starting local training.
2025-03-30 10:49:51 - [Cluster 0 - CLIENT] - INFO - [Store 293] Starting local training.
2025-03-30 10:49:51 - [Cluster 0 - CLIENT] - INFO - [Store 689] Starting local training.
2025-03-30 10:49:51 - [Cluster 0 - CLIENT] - INFO - [Store 302] Starting local training.
2025-03-30 10:49:51 - [Cluster 0 - CLIENT] - INFO - [Store 569] Starting local training.
2025-03-30 10:49:51 - [Cluster 0 - CLIENT] - INFO - [Store 1076] Starting local training.
2025-03-30 10:49:51 - [Cluster 0 - CLIENT] - INFO - [Store 203] Starting local training.
2025-03-30 10:49:51 - [Cluster 0 - CLIENT] - INFO - [Store 997] Starting local training.
2025-03-30 10:52:53 - [Cluster 0 - CLIENT] - INFO - [Store 203] Local training complete.
2025-03-30 10:52:53 - [Cluster 0 - CLIENT] - INFO - Sent reply
2025-03-30 10:52:53 - [Cluster 0 - CLIENT] - INFO - 
2025-03-30 10:52:53 - [Cluster 0 - CLIENT] - INFO - Received: train message 2f855525-e0e3-472f-bd5c-75eecae4a176
2025-03-30 10:52:53 - [Cluster 0 - CLIENT] - INFO - [Store 369] Starting local training.
2025-03-30 10:52:55 - [Cluster 0 - CLIENT] - INFO - [Store 783] Local training complete.
2025-03-30 10:52:56 - [Cluster 0 - CLIENT] - INFO - [Store 293] Local training complete.
2025-03-30 10:52:56 - [Cluster 0 - CLIENT] - INFO - Sent reply
2025-03-30 10:52:56 - [Cluster 0 - CLIENT] - INFO - 
2025-03-30 10:52:56 - [Cluster 0 - CLIENT] - INFO - Received: train message 222b9520-dea9-4885-9100-8b08d9063f1b
2025-03-30 10:52:56 - [Cluster 0 - CLIENT] - INFO - [Store 313] Starting local training.
2025-03-30 10:52:56 - [Cluster 0 - CLIENT] - INFO - Sent reply
2025-03-30 10:52:56 - [Cluster 0 - CLIENT] - INFO - 
2025-03-30 10:52:56 - [Cluster 0 - CLIENT] - INFO - Received: train message 950ee62b-280b-4d3d-8e77-c1a2b2dc723f
2025-03-30 10:52:56 - [Cluster 0 - CLIENT] - INFO - [Store 541] Starting local training.
2025-03-30 10:52:56 - [Cluster 0 - CLIENT] - INFO - [Store 689] Local training complete.
2025-03-30 10:52:56 - [Cluster 0 - CLIENT] - INFO - Sent reply
2025-03-30 10:52:56 - [Cluster 0 - CLIENT] - INFO - 
2025-03-30 10:52:56 - [Cluster 0 - CLIENT] - INFO - Received: train message 70c351a8-7617-42cb-8117-2f121c4a2780
2025-03-30 10:52:56 - [Cluster 0 - CLIENT] - INFO - [Store 1099] Starting local training.
2025-03-30 10:52:57 - [Cluster 0 - CLIENT] - INFO - [Store 1076] Local training complete.
2025-03-30 10:52:57 - [Cluster 0 - CLIENT] - INFO - Sent reply
2025-03-30 10:52:57 - [Cluster 0 - CLIENT] - INFO - 
2025-03-30 10:52:57 - [Cluster 0 - CLIENT] - INFO - Received: train message 957a550c-a0de-46d2-9782-8dbe0a9b17fa
2025-03-30 10:52:57 - [Cluster 0 - CLIENT] - INFO - [Store 1083] Starting local training.
2025-03-30 10:52:57 - [Cluster 0 - CLIENT] - INFO - [Store 864] Local training complete.
2025-03-30 10:52:57 - [Cluster 0 - CLIENT] - INFO - Sent reply
2025-03-30 10:52:58 - [Cluster 0 - CLIENT] - INFO - 
2025-03-30 10:52:58 - [Cluster 0 - CLIENT] - INFO - Received: train message 07794253-5d77-4512-88f7-586d8414474e
2025-03-30 10:52:58 - [Cluster 0 - CLIENT] - INFO - [Store 1030] Starting local training.
2025-03-30 10:52:59 - [Cluster 0 - CLIENT] - INFO - [Store 569] Local training complete.
2025-03-30 10:52:59 - [Cluster 0 - CLIENT] - INFO - Sent reply
2025-03-30 10:52:59 - [Cluster 0 - CLIENT] - INFO - 
2025-03-30 10:52:59 - [Cluster 0 - CLIENT] - INFO - Received: train message c68d91b7-0b5d-4e71-8524-3f05b3b9ec61
2025-03-30 10:52:59 - [Cluster 0 - CLIENT] - INFO - [Store 1084] Starting local training.
2025-03-30 10:52:59 - [Cluster 0 - CLIENT] - INFO - [Store 990] Local training complete.
2025-03-30 10:52:59 - [Cluster 0 - CLIENT] - INFO - Sent reply
2025-03-30 10:52:59 - [Cluster 0 - CLIENT] - INFO - 
2025-03-30 10:52:59 - [Cluster 0 - CLIENT] - INFO - Received: train message ab4ba130-e75b-4f95-8b87-4ee6194f8444
2025-03-30 10:52:59 - [Cluster 0 - CLIENT] - INFO - [Store 395] Starting local training.
2025-03-30 10:52:59 - [Cluster 0 - CLIENT] - INFO - [Store 600] Local training complete.
2025-03-30 10:52:59 - [Cluster 0 - CLIENT] - INFO - Sent reply
2025-03-30 10:52:59 - [Cluster 0 - CLIENT] - INFO - 
2025-03-30 10:52:59 - [Cluster 0 - CLIENT] - INFO - Received: train message c894e195-f806-41db-aec2-2ea0ab9e867c
2025-03-30 10:52:59 - [Cluster 0 - CLIENT] - INFO - [Store 1015] Starting local training.
2025-03-30 10:52:59 - [Cluster 0 - CLIENT] - INFO - [Store 128] Local training complete.
2025-03-30 10:52:59 - [Cluster 0 - CLIENT] - INFO - Sent reply
2025-03-30 10:52:59 - [Cluster 0 - CLIENT] - INFO - 
2025-03-30 10:52:59 - [Cluster 0 - CLIENT] - INFO - Received: train message 17f415f1-7bbb-4e04-9e7a-bb58d25cafe1
2025-03-30 10:52:59 - [Cluster 0 - CLIENT] - INFO - [Store 680] Starting local training.
2025-03-30 10:53:00 - [Cluster 0 - CLIENT] - INFO - [Store 244] Local training complete.
2025-03-30 10:53:00 - [Cluster 0 - CLIENT] - INFO - Sent reply
2025-03-30 10:53:00 - [Cluster 0 - CLIENT] - INFO - 
2025-03-30 10:53:00 - [Cluster 0 - CLIENT] - INFO - Received: train message 730f472a-2ab2-46c7-bb1e-da3c69584663
2025-03-30 10:53:00 - [Cluster 0 - CLIENT] - INFO - [Store 435] Starting local training.
2025-03-30 10:53:00 - [Cluster 0 - CLIENT] - INFO - [Store 1013] Local training complete.
2025-03-30 10:53:01 - [Cluster 0 - CLIENT] - INFO - Sent reply
2025-03-30 10:53:01 - [Cluster 0 - CLIENT] - INFO - 
2025-03-30 10:53:01 - [Cluster 0 - CLIENT] - INFO - Received: train message f51be420-39cc-4b3a-a826-67addd045671
2025-03-30 10:53:01 - [Cluster 0 - CLIENT] - INFO - [Store 351] Starting local training.
2025-03-30 10:53:01 - [Cluster 0 - CLIENT] - INFO - [Store 997] Local training complete.
2025-03-30 10:53:01 - [Cluster 0 - CLIENT] - INFO - Sent reply
2025-03-30 10:53:01 - [Cluster 0 - CLIENT] - INFO - 
2025-03-30 10:53:01 - [Cluster 0 - CLIENT] - INFO - Received: train message b7a50959-739f-4370-9a07-16cadfe825f4
2025-03-30 10:53:01 - [Cluster 0 - CLIENT] - INFO - [Store 1030] Starting local training.
2025-03-30 10:53:02 - [Cluster 0 - CLIENT] - INFO - [Store 302] Local training complete.
2025-03-30 10:53:03 - [Cluster 0 - CLIENT] - INFO - Sent reply
2025-03-30 10:53:03 - [Cluster 0 - CLIENT] - INFO - 
2025-03-30 10:53:03 - [Cluster 0 - CLIENT] - INFO - Received: train message 05f98998-81e5-47e5-8378-b4af1b3d0d5f
2025-03-30 10:53:03 - [Cluster 0 - CLIENT] - INFO - [Store 63] Starting local training.
2025-03-30 10:53:03 - [Cluster 0 - CLIENT] - INFO - [Store 255] Local training complete.
2025-03-30 10:53:03 - [Cluster 0 - CLIENT] - INFO - Sent reply
2025-03-30 10:53:03 - [Cluster 0 - CLIENT] - INFO - 
2025-03-30 10:53:03 - [Cluster 0 - CLIENT] - INFO - Received: train message d55ee81b-b759-4325-95ed-bf4741504a53
2025-03-30 10:53:03 - [Cluster 0 - CLIENT] - INFO - [Store 462] Starting local training.
2025-03-30 10:56:04 - [Cluster 0 - CLIENT] - INFO - [Store 313] Local training complete.
2025-03-30 10:56:04 - [Cluster 0 - CLIENT] - INFO - Sent reply
2025-03-30 10:56:05 - [Cluster 0 - CLIENT] - INFO - [Store 369] Local training complete.
2025-03-30 10:56:05 - [Cluster 0 - CLIENT] - INFO - Sent reply
2025-03-30 10:56:06 - [Cluster 0 - CLIENT] - INFO - [Store 680] Local training complete.
2025-03-30 10:56:06 - [Cluster 0 - CLIENT] - INFO - Sent reply
2025-03-30 10:56:06 - [Cluster 0 - CLIENT] - INFO - [Store 1099] Local training complete.
2025-03-30 10:56:06 - [Cluster 0 - CLIENT] - INFO - Sent reply
2025-03-30 10:56:07 - [Cluster 0 - CLIENT] - INFO - [Store 1030] Local training complete.
2025-03-30 10:56:07 - [Cluster 0 - CLIENT] - INFO - Sent reply
2025-03-30 10:56:07 - [Cluster 0 - CLIENT] - INFO - [Store 1084] Local training complete.
2025-03-30 10:56:07 - [Cluster 0 - CLIENT] - INFO - Sent reply
2025-03-30 10:56:07 - [Cluster 0 - CLIENT] - INFO - [Store 541] Local training complete.
2025-03-30 10:56:07 - [Cluster 0 - CLIENT] - INFO - Sent reply
2025-03-30 10:56:07 - [Cluster 0 - CLIENT] - INFO - [Store 1083] Local training complete.
2025-03-30 10:56:07 - [Cluster 0 - CLIENT] - INFO - Sent reply
2025-03-30 10:56:08 - [Cluster 0 - CLIENT] - INFO - [Store 1015] Local training complete.
2025-03-30 10:56:08 - [Cluster 0 - CLIENT] - INFO - Sent reply
2025-03-30 10:56:08 - [Cluster 0 - CLIENT] - INFO - [Store 435] Local training complete.
2025-03-30 10:56:08 - [Cluster 0 - CLIENT] - INFO - Sent reply
2025-03-30 10:56:09 - [Cluster 0 - CLIENT] - INFO - [Store 395] Local training complete.
2025-03-30 10:56:09 - [Cluster 0 - CLIENT] - INFO - Sent reply
2025-03-30 10:56:09 - [Cluster 0 - CLIENT] - INFO - [Store 1030] Local training complete.
2025-03-30 10:56:09 - [Cluster 0 - CLIENT] - INFO - Sent reply
2025-03-30 10:56:09 - [Cluster 0 - CLIENT] - INFO - [Store 63] Local training complete.
2025-03-30 10:56:09 - [Cluster 0 - CLIENT] - INFO - [Store 351] Local training complete.
2025-03-30 10:56:09 - [Cluster 0 - CLIENT] - INFO - Sent reply
2025-03-30 10:56:09 - [Cluster 0 - CLIENT] - INFO - [Store 462] Local training complete.
2025-03-30 10:56:09 - [Cluster 0 - CLIENT] - INFO - Sent reply
2025-03-30 10:56:09 - [Cluster 0 - CLIENT] - INFO - Sent reply
2025-03-30 10:56:09 - [Cluster 0 - CLIENT] - INFO - 
2025-03-30 10:56:09 - [Cluster 0 - CLIENT] - INFO - Received: evaluate message b322dedf-bdc3-4583-9f70-1030a45937bc
2025-03-30 10:56:09 - [Cluster 0 - CLIENT] - INFO - 
2025-03-30 10:56:09 - [Cluster 0 - CLIENT] - INFO - Received: evaluate message 3d9dca85-273f-466b-8f49-7f07196b00fe
2025-03-30 10:56:09 - [Cluster 0 - CLIENT] - INFO - 
2025-03-30 10:56:09 - [Cluster 0 - CLIENT] - INFO - Received: evaluate message 1b948dec-02e6-4cf1-b449-131275bad101
2025-03-30 10:56:09 - [Cluster 0 - CLIENT] - INFO - 
2025-03-30 10:56:09 - [Cluster 0 - CLIENT] - INFO - Received: evaluate message 0a1e1fa9-413b-45b0-b0d8-014ff35db3f0
2025-03-30 10:56:09 - [Cluster 0 - CLIENT] - INFO - 
2025-03-30 10:56:09 - [Cluster 0 - CLIENT] - INFO - 
2025-03-30 10:56:09 - [Cluster 0 - CLIENT] - INFO - Received: evaluate message 42d54247-b45f-42bb-93f9-048ec694e95f
2025-03-30 10:56:09 - [Cluster 0 - CLIENT] - INFO - Received: evaluate message 29b5a604-373d-4692-828f-c3b2ff63d2f4
2025-03-30 10:56:09 - [Cluster 0 - CLIENT] - INFO - 
2025-03-30 10:56:09 - [Cluster 0 - CLIENT] - INFO - Received: evaluate message 240e8278-ed18-49c8-90a8-ddb1dda2ff6c
2025-03-30 10:56:09 - [Cluster 0 - CLIENT] - INFO - 
2025-03-30 10:56:09 - [Cluster 0 - CLIENT] - INFO - Received: evaluate message c7a19a1d-98b6-46dd-8ea4-5b5e500d8911
2025-03-30 10:56:09 - [Cluster 0 - CLIENT] - INFO - 
2025-03-30 10:56:09 - [Cluster 0 - CLIENT] - INFO - Received: evaluate message 2b1add8a-f745-43ba-be11-fa33dcf900c6
2025-03-30 10:56:09 - [Cluster 0 - CLIENT] - INFO - 
2025-03-30 10:56:09 - [Cluster 0 - CLIENT] - INFO - Received: evaluate message 32d73985-f3b5-4f6a-9909-b080a3bef702
2025-03-30 10:56:09 - [Cluster 0 - CLIENT] - INFO - 
2025-03-30 10:56:09 - [Cluster 0 - CLIENT] - INFO - Received: evaluate message 1627f678-f810-42a3-bdc7-40e409e65e31
2025-03-30 10:56:09 - [Cluster 0 - CLIENT] - INFO - 
2025-03-30 10:56:09 - [Cluster 0 - CLIENT] - INFO - Received: evaluate message 7afb3a3f-e58c-4694-8266-8beaec45a647
2025-03-30 10:56:09 - [Cluster 0 - CLIENT] - INFO - 
2025-03-30 10:56:09 - [Cluster 0 - CLIENT] - INFO - Received: evaluate message 4ad0fc85-540a-447b-92a6-91c5903f307d
2025-03-30 10:56:09 - [Cluster 0 - CLIENT] - INFO - 
2025-03-30 10:56:09 - [Cluster 0 - CLIENT] - INFO - Received: evaluate message f4b04d02-a4a9-482c-b148-1fcbe68b074f
2025-03-30 10:56:09 - [Cluster 0 - CLIENT] - INFO - 
2025-03-30 10:56:09 - [Cluster 0 - CLIENT] - INFO - Received: evaluate message 1b088568-b94c-4ab7-b699-118de9899f4a
2025-03-30 10:56:10 - [Cluster 0 - CLIENT] - INFO - [Store 1015] Evaluation - Loss: 0.2796, MAE: 0.3219
2025-03-30 10:56:10 - [Cluster 0 - CLIENT] - INFO - Sent reply
2025-03-30 10:56:10 - [Cluster 0 - CLIENT] - INFO - 
2025-03-30 10:56:10 - [Cluster 0 - CLIENT] - INFO - Received: evaluate message 8e1dd096-b007-46ff-b2d9-c79daf73e223
2025-03-30 10:56:10 - [Cluster 0 - CLIENT] - INFO - [Store 541] Evaluation - Loss: 0.2621, MAE: 0.3015
2025-03-30 10:56:10 - [Cluster 0 - CLIENT] - INFO - Sent reply
2025-03-30 10:56:10 - [Cluster 0 - CLIENT] - INFO - 
2025-03-30 10:56:10 - [Cluster 0 - CLIENT] - INFO - Received: evaluate message b57ac0f8-0910-494f-b801-88490e111206
2025-03-30 10:56:10 - [Cluster 0 - CLIENT] - INFO - [Store 244] Evaluation - Loss: 0.3345, MAE: 0.3731
2025-03-30 10:56:10 - [Cluster 0 - CLIENT] - INFO - Sent reply
2025-03-30 10:56:10 - [Cluster 0 - CLIENT] - INFO - 
2025-03-30 10:56:10 - [Cluster 0 - CLIENT] - INFO - Received: evaluate message e9223a43-4e34-4c74-887a-2bd9ac558a12
2025-03-30 10:56:10 - [Cluster 0 - CLIENT] - INFO - [Store 1030] Evaluation - Loss: 0.2164, MAE: 0.3089
2025-03-30 10:56:10 - [Cluster 0 - CLIENT] - INFO - Sent reply
2025-03-30 10:56:10 - [Cluster 0 - CLIENT] - INFO - 
2025-03-30 10:56:10 - [Cluster 0 - CLIENT] - INFO - Received: evaluate message eb3244d8-6ba0-4ff3-b7db-69dbd843622e
2025-03-30 10:56:10 - [Cluster 0 - CLIENT] - INFO - [Store 1013] Evaluation - Loss: 0.2619, MAE: 0.3356
2025-03-30 10:56:10 - [Cluster 0 - CLIENT] - INFO - Sent reply
2025-03-30 10:56:10 - [Cluster 0 - CLIENT] - INFO - [Store 1099] Evaluation - Loss: 0.3450, MAE: 0.4058
2025-03-30 10:56:10 - [Cluster 0 - CLIENT] - INFO - Sent reply
2025-03-30 10:56:10 - [Cluster 0 - CLIENT] - INFO - [Store 680] Evaluation - Loss: 0.3246, MAE: 0.3977
2025-03-30 10:56:10 - [Cluster 0 - CLIENT] - INFO - [Store 689] Evaluation - Loss: 0.2257, MAE: 0.2761
2025-03-30 10:56:10 - [Cluster 0 - CLIENT] - INFO - Sent reply
2025-03-30 10:56:10 - [Cluster 0 - CLIENT] - INFO - Sent reply
2025-03-30 10:56:10 - [Cluster 0 - CLIENT] - INFO - 
2025-03-30 10:56:10 - [Cluster 0 - CLIENT] - INFO - Received: evaluate message b047e739-038e-4116-ad11-7388e773af11
2025-03-30 10:56:10 - [Cluster 0 - CLIENT] - INFO - 
2025-03-30 10:56:10 - [Cluster 0 - CLIENT] - INFO - Received: evaluate message e39e0920-87ea-434a-bdef-9f1ba177c510
2025-03-30 10:56:10 - [Cluster 0 - CLIENT] - INFO - 
2025-03-30 10:56:10 - [Cluster 0 - CLIENT] - INFO - Received: evaluate message 1f6e8b56-2e44-4611-b192-1a05332779fb
2025-03-30 10:56:10 - [Cluster 0 - CLIENT] - INFO - 
2025-03-30 10:56:10 - [Cluster 0 - CLIENT] - INFO - Received: evaluate message cceec3d5-ec02-4499-bb7a-cec76dff52d0
2025-03-30 10:56:10 - [Cluster 0 - CLIENT] - INFO - [Store 435] Evaluation - Loss: 0.2299, MAE: 0.2871
2025-03-30 10:56:10 - [Cluster 0 - CLIENT] - INFO - Sent reply
2025-03-30 10:56:10 - [Cluster 0 - CLIENT] - INFO - 
2025-03-30 10:56:10 - [Cluster 0 - CLIENT] - INFO - Received: evaluate message 62dbf1d8-42ca-40bb-bfef-1ad8e2320832
2025-03-30 10:56:10 - [Cluster 0 - CLIENT] - INFO - [Store 351] Evaluation - Loss: 0.2380, MAE: 0.3020
2025-03-30 10:56:10 - [Cluster 0 - CLIENT] - INFO - Sent reply
2025-03-30 10:56:10 - [Cluster 0 - CLIENT] - INFO - 
2025-03-30 10:56:10 - [Cluster 0 - CLIENT] - INFO - Received: evaluate message 78a8913c-15ce-43ac-aba4-49c8aee000a4
2025-03-30 10:56:11 - [Cluster 0 - CLIENT] - INFO - [Store 783] Evaluation - Loss: 0.2257, MAE: 0.3035
2025-03-30 10:56:11 - [Cluster 0 - CLIENT] - INFO - Sent reply
2025-03-30 10:56:11 - [Cluster 0 - CLIENT] - INFO - [Store 369] Evaluation - Loss: 0.2338, MAE: 0.3046
2025-03-30 10:56:11 - [Cluster 0 - CLIENT] - INFO - Sent reply
2025-03-30 10:56:11 - [Cluster 0 - CLIENT] - INFO - [Store 569] Evaluation - Loss: 0.2266, MAE: 0.3104
2025-03-30 10:56:11 - [Cluster 0 - CLIENT] - INFO - [Store 302] Evaluation - Loss: 0.3087, MAE: 0.3495
2025-03-30 10:56:11 - [Cluster 0 - CLIENT] - INFO - 
2025-03-30 10:56:11 - [Cluster 0 - CLIENT] - INFO - Sent reply
2025-03-30 10:56:11 - [Cluster 0 - CLIENT] - INFO - Received: evaluate message d23301af-a21b-4343-839a-18327e46b61c
2025-03-30 10:56:11 - [Cluster 0 - CLIENT] - INFO - Sent reply
2025-03-30 10:56:11 - [Cluster 0 - CLIENT] - INFO - 
2025-03-30 10:56:11 - [Cluster 0 - CLIENT] - INFO - Received: evaluate message d3e32e47-cfbc-437d-98e2-10f1775fa57e
2025-03-30 10:56:11 - [Cluster 0 - CLIENT] - INFO - 
2025-03-30 10:56:11 - [Cluster 0 - CLIENT] - INFO - Received: evaluate message e34100b3-6111-4adc-8cc5-a59ae960332b
2025-03-30 10:56:11 - [Cluster 0 - CLIENT] - INFO - 
2025-03-30 10:56:11 - [Cluster 0 - CLIENT] - INFO - Received: evaluate message 9f6b330e-2ed0-41c0-8def-50a538bc4435
2025-03-30 10:56:11 - [Cluster 0 - CLIENT] - INFO - [Store 128] Evaluation - Loss: 0.3515, MAE: 0.3936
2025-03-30 10:56:11 - [Cluster 0 - CLIENT] - INFO - Sent reply
2025-03-30 10:56:11 - [Cluster 0 - CLIENT] - INFO - 
2025-03-30 10:56:11 - [Cluster 0 - CLIENT] - INFO - Received: evaluate message c0007b05-d134-4e52-822f-0b46d9a04653
2025-03-30 10:56:12 - [Cluster 0 - CLIENT] - INFO - [Store 462] Evaluation - Loss: 0.1926, MAE: 0.2783
2025-03-30 10:56:12 - [Cluster 0 - CLIENT] - INFO - Sent reply
2025-03-30 10:56:12 - [Cluster 0 - CLIENT] - INFO - [Store 63] Evaluation - Loss: 0.2886, MAE: 0.3486
2025-03-30 10:56:12 - [Cluster 0 - CLIENT] - INFO - Sent reply
2025-03-30 10:56:12 - [Cluster 0 - CLIENT] - INFO - [Store 395] Evaluation - Loss: 0.2862, MAE: 0.3249
2025-03-30 10:56:12 - [Cluster 0 - CLIENT] - INFO - Sent reply
2025-03-30 10:56:12 - [Cluster 0 - CLIENT] - INFO - [Store 293] Evaluation - Loss: 0.2302, MAE: 0.2947
2025-03-30 10:56:12 - [Cluster 0 - CLIENT] - INFO - Sent reply
2025-03-30 10:56:12 - [Cluster 0 - CLIENT] - INFO - [Store 313] Evaluation - Loss: 0.2147, MAE: 0.2949
2025-03-30 10:56:12 - [Cluster 0 - CLIENT] - INFO - Sent reply
2025-03-30 10:56:12 - [Cluster 0 - CLIENT] - INFO - [Store 864] Evaluation - Loss: 0.2935, MAE: 0.3444
2025-03-30 10:56:12 - [Cluster 0 - CLIENT] - INFO - Sent reply
2025-03-30 10:56:12 - [Cluster 0 - CLIENT] - INFO - [Store 1076] Evaluation - Loss: 0.5835, MAE: 0.5293
2025-03-30 10:56:12 - [Cluster 0 - CLIENT] - INFO - Sent reply
2025-03-30 10:56:12 - [Cluster 0 - CLIENT] - INFO - [Store 1084] Evaluation - Loss: 0.2884, MAE: 0.3223
2025-03-30 10:56:12 - [Cluster 0 - CLIENT] - INFO - Sent reply
2025-03-30 10:56:12 - [Cluster 0 - CLIENT] - INFO - [Store 990] Evaluation - Loss: 0.2056, MAE: 0.2869
2025-03-30 10:56:12 - [Cluster 0 - CLIENT] - INFO - Sent reply
2025-03-30 10:56:12 - [Cluster 0 - CLIENT] - INFO - [Store 255] Evaluation - Loss: 0.2775, MAE: 0.3272
2025-03-30 10:56:12 - [Cluster 0 - CLIENT] - INFO - Sent reply
2025-03-30 10:56:12 - [Cluster 0 - CLIENT] - INFO - [Store 1083] Evaluation - Loss: 0.4773, MAE: 0.4995
2025-03-30 10:56:12 - [Cluster 0 - CLIENT] - INFO - Sent reply
2025-03-30 10:56:12 - [Cluster 0 - CLIENT] - INFO - [Store 997] Evaluation - Loss: 0.2532, MAE: 0.3136
2025-03-30 10:56:12 - [Cluster 0 - CLIENT] - INFO - Sent reply
2025-03-30 10:56:12 - [Cluster 0 - CLIENT] - INFO - [Store 1030] Evaluation - Loss: 0.2164, MAE: 0.3089
2025-03-30 10:56:12 - [Cluster 0 - CLIENT] - INFO - Sent reply
2025-03-30 10:56:12 - [Cluster 0 - CLIENT] - INFO - [Store 203] Evaluation - Loss: 0.2292, MAE: 0.2906
2025-03-30 10:56:12 - [Cluster 0 - CLIENT] - INFO - Sent reply
2025-03-30 10:56:12 - [Cluster 0 - CLIENT] - INFO - [Store 600] Evaluation - Loss: 0.2900, MAE: 0.3276
2025-03-30 10:56:12 - [Cluster 0 - CLIENT] - INFO - Sent reply
2025-03-30 10:56:12 - [Cluster 0 - CLIENT] - INFO - 
2025-03-30 10:56:12 - [Cluster 0 - CLIENT] - INFO - Received: train message 87923435-0798-4508-be2c-082c970673c3
2025-03-30 10:56:12 - [Cluster 0 - CLIENT] - INFO - 
2025-03-30 10:56:12 - [Cluster 0 - CLIENT] - INFO - Received: train message cb696859-fdb4-42d4-a8d5-a7baed032415
2025-03-30 10:56:12 - [Cluster 0 - CLIENT] - INFO - 
2025-03-30 10:56:12 - [Cluster 0 - CLIENT] - INFO - Received: train message ed14dd3f-b481-45ed-8745-1f6f526a67e8
2025-03-30 10:56:12 - [Cluster 0 - CLIENT] - INFO - 
2025-03-30 10:56:12 - [Cluster 0 - CLIENT] - INFO - Received: train message bc23572c-667e-427a-a304-985f0da0f80c
2025-03-30 10:56:12 - [Cluster 0 - CLIENT] - INFO - 
2025-03-30 10:56:12 - [Cluster 0 - CLIENT] - INFO - Received: train message d5771f8d-50c5-4a60-9ddc-503f554f274a
2025-03-30 10:56:12 - [Cluster 0 - CLIENT] - INFO - 
2025-03-30 10:56:12 - [Cluster 0 - CLIENT] - INFO - Received: train message 8a774af8-9dab-4418-b3f7-25be75fca831
2025-03-30 10:56:12 - [Cluster 0 - CLIENT] - INFO - 
2025-03-30 10:56:12 - [Cluster 0 - CLIENT] - INFO - Received: train message 3d1cf0a1-2e9c-484e-b71c-4a83be819db7
2025-03-30 10:56:12 - [Cluster 0 - CLIENT] - INFO - 
2025-03-30 10:56:12 - [Cluster 0 - CLIENT] - INFO - [Store 1083] Starting local training.
2025-03-30 10:56:12 - [Cluster 0 - CLIENT] - INFO - Received: train message 762fd3df-8847-42a8-a6e6-759ce32e1184
2025-03-30 10:56:12 - [Cluster 0 - CLIENT] - INFO - 
2025-03-30 10:56:12 - [Cluster 0 - CLIENT] - INFO - Received: train message 29a20723-a283-4dd9-b19a-b636b79f22f5
2025-03-30 10:56:12 - [Cluster 0 - CLIENT] - INFO - 
2025-03-30 10:56:12 - [Cluster 0 - CLIENT] - INFO - Received: train message e46c7dfc-1730-43f3-aa09-655ff0852fd6
2025-03-30 10:56:12 - [Cluster 0 - CLIENT] - INFO - 
2025-03-30 10:56:12 - [Cluster 0 - CLIENT] - INFO - Received: train message 3964c9a5-f9cf-47e0-8ef8-ae0154879f98
2025-03-30 10:56:12 - [Cluster 0 - CLIENT] - INFO - 
2025-03-30 10:56:12 - [Cluster 0 - CLIENT] - INFO - Received: train message bbb8e8b5-2c9b-4086-8e5c-bf87bbd5e226
2025-03-30 10:56:12 - [Cluster 0 - CLIENT] - INFO - [Store 293] Starting local training.
2025-03-30 10:56:12 - [Cluster 0 - CLIENT] - INFO - [Store 569] Starting local training.
2025-03-30 10:56:12 - [Cluster 0 - CLIENT] - INFO - 
2025-03-30 10:56:12 - [Cluster 0 - CLIENT] - INFO - Received: train message 9c52034a-5a33-43f4-8574-8a4d5b88450f
2025-03-30 10:56:12 - [Cluster 0 - CLIENT] - INFO - [Store 1076] Starting local training.
2025-03-30 10:56:12 - [Cluster 0 - CLIENT] - INFO - [Store 462] Starting local training.
2025-03-30 10:56:12 - [Cluster 0 - CLIENT] - INFO - [Store 63] Starting local training.
2025-03-30 10:56:12 - [Cluster 0 - CLIENT] - INFO - 
2025-03-30 10:56:12 - [Cluster 0 - CLIENT] - INFO - Received: train message 82623f0b-95fb-4f67-94d7-eff37720b06e
2025-03-30 10:56:12 - [Cluster 0 - CLIENT] - INFO - 
2025-03-30 10:56:12 - [Cluster 0 - CLIENT] - INFO - Received: train message 7891e932-f958-45b1-9c2e-9fb3908b5a32
2025-03-30 10:56:12 - [Cluster 0 - CLIENT] - INFO - [Store 369] Starting local training.
2025-03-30 10:56:12 - [Cluster 0 - CLIENT] - INFO - [Store 680] Starting local training.
2025-03-30 10:56:12 - [Cluster 0 - CLIENT] - INFO - [Store 783] Starting local training.
2025-03-30 10:56:12 - [Cluster 0 - CLIENT] - INFO - [Store 351] Starting local training.
2025-03-30 10:56:12 - [Cluster 0 - CLIENT] - INFO - [Store 1015] Starting local training.
2025-03-30 10:56:12 - [Cluster 0 - CLIENT] - INFO - [Store 689] Starting local training.
2025-03-30 10:56:12 - [Cluster 0 - CLIENT] - INFO - [Store 302] Starting local training.
2025-03-30 10:56:12 - [Cluster 0 - CLIENT] - INFO - [Store 1099] Starting local training.
2025-03-30 10:56:12 - [Cluster 0 - CLIENT] - INFO - [Store 1030] Starting local training.
2025-03-30 10:59:13 - [Cluster 0 - CLIENT] - INFO - [Store 462] Local training complete.
2025-03-30 10:59:13 - [Cluster 0 - CLIENT] - INFO - Sent reply
2025-03-30 10:59:13 - [Cluster 0 - CLIENT] - INFO - 
2025-03-30 10:59:13 - [Cluster 0 - CLIENT] - INFO - Received: train message 55806721-e136-4c49-ae4a-bfc2e9061f3d
2025-03-30 10:59:14 - [Cluster 0 - CLIENT] - INFO - [Store 541] Starting local training.
2025-03-30 10:59:14 - [Cluster 0 - CLIENT] - INFO - [Store 1076] Local training complete.
2025-03-30 10:59:14 - [Cluster 0 - CLIENT] - INFO - Sent reply
2025-03-30 10:59:14 - [Cluster 0 - CLIENT] - INFO - 
2025-03-30 10:59:14 - [Cluster 0 - CLIENT] - INFO - Received: train message 90c1b4b0-33b6-4262-aafc-d48af0facef4
2025-03-30 10:59:14 - [Cluster 0 - CLIENT] - INFO - [Store 1030] Starting local training.
2025-03-30 10:59:15 - [Cluster 0 - CLIENT] - INFO - [Store 1083] Local training complete.
2025-03-30 10:59:15 - [Cluster 0 - CLIENT] - INFO - Sent reply
2025-03-30 10:59:15 - [Cluster 0 - CLIENT] - INFO - 
2025-03-30 10:59:15 - [Cluster 0 - CLIENT] - INFO - Received: train message ce6e971e-3715-4f06-9fca-befea6667901
2025-03-30 10:59:15 - [Cluster 0 - CLIENT] - INFO - [Store 203] Starting local training.
2025-03-30 10:59:15 - [Cluster 0 - CLIENT] - INFO - [Store 680] Local training complete.
2025-03-30 10:59:15 - [Cluster 0 - CLIENT] - INFO - Sent reply
2025-03-30 10:59:15 - [Cluster 0 - CLIENT] - INFO - 
2025-03-30 10:59:15 - [Cluster 0 - CLIENT] - INFO - Received: train message a42e3491-be65-4102-876c-96f58e698858
2025-03-30 10:59:15 - [Cluster 0 - CLIENT] - INFO - [Store 128] Starting local training.
2025-03-30 10:59:16 - [Cluster 0 - CLIENT] - INFO - [Store 302] Local training complete.
2025-03-30 10:59:16 - [Cluster 0 - CLIENT] - INFO - [Store 783] Local training complete.
2025-03-30 10:59:16 - [Cluster 0 - CLIENT] - INFO - Sent reply
2025-03-30 10:59:16 - [Cluster 0 - CLIENT] - INFO - 
2025-03-30 10:59:16 - [Cluster 0 - CLIENT] - INFO - Received: train message 283ee469-1b6d-417b-b59b-bcd01d76a86d
2025-03-30 10:59:17 - [Cluster 0 - CLIENT] - INFO - Sent reply
2025-03-30 10:59:17 - [Cluster 0 - CLIENT] - INFO - [Store 435] Starting local training.
2025-03-30 10:59:17 - [Cluster 0 - CLIENT] - INFO - 
2025-03-30 10:59:17 - [Cluster 0 - CLIENT] - INFO - Received: train message bc65c98c-d6fa-4c5a-b593-f8c6357f6101
2025-03-30 10:59:17 - [Cluster 0 - CLIENT] - INFO - [Store 244] Starting local training.
2025-03-30 10:59:17 - [Cluster 0 - CLIENT] - INFO - [Store 1015] Local training complete.
2025-03-30 10:59:17 - [Cluster 0 - CLIENT] - INFO - Sent reply
2025-03-30 10:59:17 - [Cluster 0 - CLIENT] - INFO - [Store 63] Local training complete.
2025-03-30 10:59:17 - [Cluster 0 - CLIENT] - INFO - 
2025-03-30 10:59:17 - [Cluster 0 - CLIENT] - INFO - Received: train message f23761ea-5fc0-4fa0-93e5-49594133480b
2025-03-30 10:59:17 - [Cluster 0 - CLIENT] - INFO - [Store 997] Starting local training.
2025-03-30 10:59:17 - [Cluster 0 - CLIENT] - INFO - Sent reply
2025-03-30 10:59:17 - [Cluster 0 - CLIENT] - INFO - 
2025-03-30 10:59:17 - [Cluster 0 - CLIENT] - INFO - Received: train message 1770f740-1334-4882-a0e5-25c909a767d4
2025-03-30 10:59:18 - [Cluster 0 - CLIENT] - INFO - [Store 395] Starting local training.
2025-03-30 10:59:19 - [Cluster 0 - CLIENT] - INFO - [Store 369] Local training complete.
2025-03-30 10:59:20 - [Cluster 0 - CLIENT] - INFO - Sent reply
2025-03-30 10:59:20 - [Cluster 0 - CLIENT] - INFO - 
2025-03-30 10:59:20 - [Cluster 0 - CLIENT] - INFO - Received: train message f6f6bf54-9a8e-4fab-84a1-23f78e75a0ec
2025-03-30 10:59:20 - [Cluster 0 - CLIENT] - INFO - [Store 1013] Starting local training.
2025-03-30 10:59:20 - [Cluster 0 - CLIENT] - INFO - [Store 569] Local training complete.
2025-03-30 10:59:20 - [Cluster 0 - CLIENT] - INFO - Sent reply
2025-03-30 10:59:20 - [Cluster 0 - CLIENT] - INFO - 
2025-03-30 10:59:20 - [Cluster 0 - CLIENT] - INFO - Received: train message 39b019b1-c3c1-462a-9566-92184d974072
2025-03-30 10:59:20 - [Cluster 0 - CLIENT] - INFO - [Store 864] Starting local training.
2025-03-30 10:59:20 - [Cluster 0 - CLIENT] - INFO - [Store 1030] Local training complete.
2025-03-30 10:59:20 - [Cluster 0 - CLIENT] - INFO - Sent reply
2025-03-30 10:59:21 - [Cluster 0 - CLIENT] - INFO - 
2025-03-30 10:59:21 - [Cluster 0 - CLIENT] - INFO - Received: train message df9e33ab-af1a-45c4-8a77-340a731ce8a1
2025-03-30 10:59:21 - [Cluster 0 - CLIENT] - INFO - [Store 600] Starting local training.
2025-03-30 10:59:21 - [Cluster 0 - CLIENT] - INFO - [Store 1099] Local training complete.
2025-03-30 10:59:21 - [Cluster 0 - CLIENT] - INFO - Sent reply
2025-03-30 10:59:21 - [Cluster 0 - CLIENT] - INFO - 
2025-03-30 10:59:21 - [Cluster 0 - CLIENT] - INFO - Received: train message 094cc0cd-59b3-4f3c-933d-538a0d08f50e
2025-03-30 10:59:21 - [Cluster 0 - CLIENT] - INFO - [Store 1084] Starting local training.
2025-03-30 10:59:21 - [Cluster 0 - CLIENT] - INFO - [Store 351] Local training complete.
2025-03-30 10:59:21 - [Cluster 0 - CLIENT] - INFO - [Store 293] Local training complete.
2025-03-30 10:59:21 - [Cluster 0 - CLIENT] - INFO - Sent reply
2025-03-30 10:59:21 - [Cluster 0 - CLIENT] - INFO - [Store 689] Local training complete.
2025-03-30 10:59:21 - [Cluster 0 - CLIENT] - INFO - 
2025-03-30 10:59:21 - [Cluster 0 - CLIENT] - INFO - Received: train message 793de5d9-09f0-4f88-8bd6-6d6cfcf35b3a
2025-03-30 10:59:21 - [Cluster 0 - CLIENT] - INFO - [Store 255] Starting local training.
2025-03-30 10:59:21 - [Cluster 0 - CLIENT] - INFO - Sent reply
2025-03-30 10:59:21 - [Cluster 0 - CLIENT] - INFO - 
2025-03-30 10:59:21 - [Cluster 0 - CLIENT] - INFO - Received: train message 85873c88-77c6-4064-aff1-ea2a5f3611ed
2025-03-30 10:59:22 - [Cluster 0 - CLIENT] - INFO - Sent reply
2025-03-30 10:59:22 - [Cluster 0 - CLIENT] - INFO - [Store 990] Starting local training.
2025-03-30 10:59:22 - [Cluster 0 - CLIENT] - INFO - 
2025-03-30 10:59:22 - [Cluster 0 - CLIENT] - INFO - Received: train message 2169d614-5a88-4db0-a160-d26f4a4cf6ff
2025-03-30 10:59:22 - [Cluster 0 - CLIENT] - INFO - [Store 313] Starting local training.
2025-03-30 11:02:39 - [Cluster 0 - CLIENT] - INFO - [Store 541] Local training complete.
2025-03-30 11:02:39 - [Cluster 0 - CLIENT] - INFO - Sent reply
2025-03-30 11:02:44 - [Cluster 0 - CLIENT] - INFO - [Store 128] Local training complete.
2025-03-30 11:02:44 - [Cluster 0 - CLIENT] - INFO - Sent reply
2025-03-30 11:02:45 - [Cluster 0 - CLIENT] - INFO - [Store 203] Local training complete.
2025-03-30 11:02:45 - [Cluster 0 - CLIENT] - INFO - Sent reply
2025-03-30 11:02:45 - [Cluster 0 - CLIENT] - INFO - [Store 244] Local training complete.
2025-03-30 11:02:45 - [Cluster 0 - CLIENT] - INFO - Sent reply
2025-03-30 11:02:45 - [Cluster 0 - CLIENT] - INFO - [Store 997] Local training complete.
2025-03-30 11:02:46 - [Cluster 0 - CLIENT] - INFO - Sent reply
2025-03-30 11:02:46 - [Cluster 0 - CLIENT] - INFO - [Store 1013] Local training complete.
2025-03-30 11:02:46 - [Cluster 0 - CLIENT] - INFO - Sent reply
2025-03-30 11:02:46 - [Cluster 0 - CLIENT] - INFO - [Store 990] Local training complete.
2025-03-30 11:02:47 - [Cluster 0 - CLIENT] - INFO - Sent reply
2025-03-30 11:02:47 - [Cluster 0 - CLIENT] - INFO - [Store 1030] Local training complete.
2025-03-30 11:02:47 - [Cluster 0 - CLIENT] - INFO - Sent reply
2025-03-30 11:02:47 - [Cluster 0 - CLIENT] - INFO - [Store 255] Local training complete.
2025-03-30 11:02:47 - [Cluster 0 - CLIENT] - INFO - Sent reply
2025-03-30 11:02:47 - [Cluster 0 - CLIENT] - INFO - [Store 435] Local training complete.
2025-03-30 11:02:47 - [Cluster 0 - CLIENT] - INFO - Sent reply
2025-03-30 11:02:47 - [Cluster 0 - CLIENT] - INFO - [Store 395] Local training complete.
2025-03-30 11:02:47 - [Cluster 0 - CLIENT] - INFO - Sent reply
2025-03-30 11:02:48 - [Cluster 0 - CLIENT] - INFO - [Store 600] Local training complete.
2025-03-30 11:02:48 - [Cluster 0 - CLIENT] - INFO - [Store 1084] Local training complete.
2025-03-30 11:02:48 - [Cluster 0 - CLIENT] - INFO - Sent reply
2025-03-30 11:02:48 - [Cluster 0 - CLIENT] - INFO - Sent reply
2025-03-30 11:02:48 - [Cluster 0 - CLIENT] - INFO - [Store 864] Local training complete.
2025-03-30 11:02:48 - [Cluster 0 - CLIENT] - INFO - Sent reply
2025-03-30 11:02:48 - [Cluster 0 - CLIENT] - INFO - [Store 313] Local training complete.
2025-03-30 11:02:48 - [Cluster 0 - CLIENT] - INFO - Sent reply
2025-03-30 11:02:48 - [Cluster 0 - CLIENT] - INFO - 
2025-03-30 11:02:48 - [Cluster 0 - CLIENT] - INFO - Received: evaluate message 83d2d216-d347-49d5-9dfc-c0f3192b8cb5
2025-03-30 11:02:48 - [Cluster 0 - CLIENT] - INFO - 
2025-03-30 11:02:48 - [Cluster 0 - CLIENT] - INFO - Received: evaluate message 869823e5-d5ca-49e7-827d-1373b2fb2263
2025-03-30 11:02:48 - [Cluster 0 - CLIENT] - INFO - 
2025-03-30 11:02:48 - [Cluster 0 - CLIENT] - INFO - Received: evaluate message 06f25a93-1687-4f9a-a6e0-b3a989edb9f5
2025-03-30 11:02:48 - [Cluster 0 - CLIENT] - INFO - 
2025-03-30 11:02:48 - [Cluster 0 - CLIENT] - INFO - Received: evaluate message 8b1a3d45-ad31-441d-9bb8-c9ed3707649b
2025-03-30 11:02:48 - [Cluster 0 - CLIENT] - INFO - 
2025-03-30 11:02:48 - [Cluster 0 - CLIENT] - INFO - Received: evaluate message cc42824f-7876-4055-a85e-fcdc38e4026f
2025-03-30 11:02:48 - [Cluster 0 - CLIENT] - INFO - 
2025-03-30 11:02:48 - [Cluster 0 - CLIENT] - INFO - Received: evaluate message 822373a7-dba4-4535-a379-bbb1f367c937
2025-03-30 11:02:48 - [Cluster 0 - CLIENT] - INFO - 
2025-03-30 11:02:48 - [Cluster 0 - CLIENT] - INFO - Received: evaluate message ae1b2873-6123-47c4-a48e-d15cdbe0a048
2025-03-30 11:02:48 - [Cluster 0 - CLIENT] - INFO - 
2025-03-30 11:02:48 - [Cluster 0 - CLIENT] - INFO - Received: evaluate message 94799972-c703-4cf4-9072-08e458a117d8
2025-03-30 11:02:48 - [Cluster 0 - CLIENT] - INFO - 
2025-03-30 11:02:48 - [Cluster 0 - CLIENT] - INFO - Received: evaluate message bc62128c-6d8f-4a03-b6da-cc79def65bab
2025-03-30 11:02:48 - [Cluster 0 - CLIENT] - INFO - 
2025-03-30 11:02:48 - [Cluster 0 - CLIENT] - INFO - Received: evaluate message b4a60318-e57c-44e7-b4f2-dabfff9f288e
2025-03-30 11:02:48 - [Cluster 0 - CLIENT] - INFO - 
2025-03-30 11:02:48 - [Cluster 0 - CLIENT] - INFO - Received: evaluate message ac74577d-433b-4f49-83f6-431af84715a9
2025-03-30 11:02:48 - [Cluster 0 - CLIENT] - INFO - 
2025-03-30 11:02:48 - [Cluster 0 - CLIENT] - INFO - Received: evaluate message 430438fb-1264-41fc-acc3-de88b8886c56
2025-03-30 11:02:48 - [Cluster 0 - CLIENT] - INFO - 
2025-03-30 11:02:48 - [Cluster 0 - CLIENT] - INFO - Received: evaluate message ad3ff8a8-e66a-4683-bf01-66c84c2256bb
2025-03-30 11:02:48 - [Cluster 0 - CLIENT] - INFO - 
2025-03-30 11:02:48 - [Cluster 0 - CLIENT] - INFO - Received: evaluate message 313346c5-0596-4177-b44a-65bdc7ee8701
2025-03-30 11:02:48 - [Cluster 0 - CLIENT] - INFO - 
2025-03-30 11:02:48 - [Cluster 0 - CLIENT] - INFO - Received: evaluate message e61412e2-cc90-43ea-9422-31df2a5e9312
2025-03-30 11:02:49 - [Cluster 0 - CLIENT] - INFO - [Store 1084] Evaluation - Loss: 0.2874, MAE: 0.3201
2025-03-30 11:02:49 - [Cluster 0 - CLIENT] - INFO - Sent reply
2025-03-30 11:02:49 - [Cluster 0 - CLIENT] - INFO - [Store 1030] Evaluation - Loss: 0.2167, MAE: 0.3101
2025-03-30 11:02:49 - [Cluster 0 - CLIENT] - INFO - Sent reply
2025-03-30 11:02:49 - [Cluster 0 - CLIENT] - INFO - 
2025-03-30 11:02:49 - [Cluster 0 - CLIENT] - INFO - Received: evaluate message d4b62719-0f7a-47d6-a259-2b4c907baa91
2025-03-30 11:02:49 - [Cluster 0 - CLIENT] - INFO - 
2025-03-30 11:02:49 - [Cluster 0 - CLIENT] - INFO - Received: evaluate message ebac48f2-7450-48d9-80d7-0eb6bb6dcd1b
2025-03-30 11:02:49 - [Cluster 0 - CLIENT] - INFO - [Store 997] Evaluation - Loss: 0.2468, MAE: 0.3093
2025-03-30 11:02:49 - [Cluster 0 - CLIENT] - INFO - Sent reply
2025-03-30 11:02:49 - [Cluster 0 - CLIENT] - INFO - [Store 255] Evaluation - Loss: 0.2696, MAE: 0.3223
2025-03-30 11:02:49 - [Cluster 0 - CLIENT] - INFO - Sent reply
2025-03-30 11:02:49 - [Cluster 0 - CLIENT] - INFO - [Store 302] Evaluation - Loss: 0.3086, MAE: 0.3489
2025-03-30 11:02:49 - [Cluster 0 - CLIENT] - INFO - 
2025-03-30 11:02:49 - [Cluster 0 - CLIENT] - INFO - Received: evaluate message f0fda30d-e267-4e3c-ad00-bc4a24134a42
2025-03-30 11:02:49 - [Cluster 0 - CLIENT] - INFO - Sent reply
2025-03-30 11:02:49 - [Cluster 0 - CLIENT] - INFO - [Store 435] Evaluation - Loss: 0.2264, MAE: 0.2793
2025-03-30 11:02:49 - [Cluster 0 - CLIENT] - INFO - Sent reply
2025-03-30 11:02:49 - [Cluster 0 - CLIENT] - INFO - 
2025-03-30 11:02:49 - [Cluster 0 - CLIENT] - INFO - 
2025-03-30 11:02:49 - [Cluster 0 - CLIENT] - INFO - 
2025-03-30 11:02:49 - [Cluster 0 - CLIENT] - INFO - Received: evaluate message 8487b110-5942-4588-99db-797ff2114eb4
2025-03-30 11:02:49 - [Cluster 0 - CLIENT] - INFO - Received: evaluate message e809e012-c377-4de3-be50-f312a2bf122c
2025-03-30 11:02:49 - [Cluster 0 - CLIENT] - INFO - Received: evaluate message 3adc110a-1762-463a-ada3-da91bf00bdc1
2025-03-30 11:02:49 - [Cluster 0 - CLIENT] - INFO - [Store 864] Evaluation - Loss: 0.2884, MAE: 0.3357
2025-03-30 11:02:49 - [Cluster 0 - CLIENT] - INFO - Sent reply
2025-03-30 11:02:49 - [Cluster 0 - CLIENT] - INFO - [Store 990] Evaluation - Loss: 0.2043, MAE: 0.2858
2025-03-30 11:02:49 - [Cluster 0 - CLIENT] - INFO - Sent reply
2025-03-30 11:02:49 - [Cluster 0 - CLIENT] - INFO - [Store 680] Evaluation - Loss: 0.3230, MAE: 0.3953
2025-03-30 11:02:49 - [Cluster 0 - CLIENT] - INFO - Sent reply
2025-03-30 11:02:49 - [Cluster 0 - CLIENT] - INFO - [Store 600] Evaluation - Loss: 0.2825, MAE: 0.3225
2025-03-30 11:02:49 - [Cluster 0 - CLIENT] - INFO - Sent reply
2025-03-30 11:02:49 - [Cluster 0 - CLIENT] - INFO - 
2025-03-30 11:02:49 - [Cluster 0 - CLIENT] - INFO - Received: evaluate message f4c2a5e9-856f-4376-8682-c88e7b89be2c
2025-03-30 11:02:49 - [Cluster 0 - CLIENT] - INFO - 
2025-03-30 11:02:49 - [Cluster 0 - CLIENT] - INFO - Received: evaluate message 0032c40d-0391-44b0-9337-f3d3b2b835f6
2025-03-30 11:02:49 - [Cluster 0 - CLIENT] - INFO - [Store 569] Evaluation - Loss: 0.2236, MAE: 0.3073
2025-03-30 11:02:49 - [Cluster 0 - CLIENT] - INFO - 
2025-03-30 11:02:49 - [Cluster 0 - CLIENT] - INFO - Sent reply
2025-03-30 11:02:49 - [Cluster 0 - CLIENT] - INFO - Received: evaluate message 4372d30e-2ff5-408a-bb04-5ce6ac9b9f68
2025-03-30 11:02:49 - [Cluster 0 - CLIENT] - INFO - [Store 351] Evaluation - Loss: 0.2289, MAE: 0.2931
2025-03-30 11:02:49 - [Cluster 0 - CLIENT] - INFO - Sent reply
2025-03-30 11:02:49 - [Cluster 0 - CLIENT] - INFO - 
2025-03-30 11:02:49 - [Cluster 0 - CLIENT] - INFO - Received: evaluate message c4c2a246-64eb-4441-a45c-1e2c5d3c5432
2025-03-30 11:02:49 - [Cluster 0 - CLIENT] - INFO - [Store 462] Evaluation - Loss: 0.1929, MAE: 0.2784
2025-03-30 11:02:49 - [Cluster 0 - CLIENT] - INFO - Sent reply
2025-03-30 11:02:49 - [Cluster 0 - CLIENT] - INFO - 
2025-03-30 11:02:49 - [Cluster 0 - CLIENT] - INFO - Received: evaluate message 49b8bd80-1916-4a47-8427-3c885ff360c4
2025-03-30 11:02:49 - [Cluster 0 - CLIENT] - INFO - 
2025-03-30 11:02:49 - [Cluster 0 - CLIENT] - INFO - Received: evaluate message 63b5f373-fe7a-495d-926d-5e416554268a
2025-03-30 11:02:49 - [Cluster 0 - CLIENT] - INFO - [Store 63] Evaluation - Loss: 0.2799, MAE: 0.3404
2025-03-30 11:02:49 - [Cluster 0 - CLIENT] - INFO - [Store 293] Evaluation - Loss: 0.2240, MAE: 0.2905
2025-03-30 11:02:49 - [Cluster 0 - CLIENT] - INFO - Sent reply
2025-03-30 11:02:49 - [Cluster 0 - CLIENT] - INFO - Sent reply
2025-03-30 11:02:49 - [Cluster 0 - CLIENT] - INFO - 
2025-03-30 11:02:49 - [Cluster 0 - CLIENT] - INFO - Received: evaluate message dc0ed439-ed93-4868-9561-9e714134c3f7
2025-03-30 11:02:49 - [Cluster 0 - CLIENT] - INFO - 
2025-03-30 11:02:49 - [Cluster 0 - CLIENT] - INFO - Received: evaluate message da20bc87-764a-4cec-b1c0-76fe0824300f
2025-03-30 11:02:49 - [Cluster 0 - CLIENT] - INFO - 
2025-03-30 11:02:49 - [Cluster 0 - CLIENT] - INFO - Received: evaluate message afde54d9-6fc2-4e07-ae09-01f68e8f81dd
2025-03-30 11:02:50 - [Cluster 0 - CLIENT] - INFO - [Store 541] Evaluation - Loss: 0.2550, MAE: 0.2965
2025-03-30 11:02:50 - [Cluster 0 - CLIENT] - INFO - Sent reply
2025-03-30 11:02:51 - [Cluster 0 - CLIENT] - INFO - [Store 1076] Evaluation - Loss: 0.5464, MAE: 0.5052
2025-03-30 11:02:51 - [Cluster 0 - CLIENT] - INFO - Sent reply
2025-03-30 11:02:51 - [Cluster 0 - CLIENT] - INFO - [Store 203] Evaluation - Loss: 0.2244, MAE: 0.2830
2025-03-30 11:02:51 - [Cluster 0 - CLIENT] - INFO - Sent reply
2025-03-30 11:02:51 - [Cluster 0 - CLIENT] - INFO - [Store 244] Evaluation - Loss: 0.3321, MAE: 0.3705
2025-03-30 11:02:51 - [Cluster 0 - CLIENT] - INFO - Sent reply
2025-03-30 11:02:51 - [Cluster 0 - CLIENT] - INFO - [Store 395] Evaluation - Loss: 0.2831, MAE: 0.3186
2025-03-30 11:02:51 - [Cluster 0 - CLIENT] - INFO - Sent reply
2025-03-30 11:02:51 - [Cluster 0 - CLIENT] - INFO - [Store 128] Evaluation - Loss: 0.3370, MAE: 0.3782
2025-03-30 11:02:51 - [Cluster 0 - CLIENT] - INFO - [Store 1013] Evaluation - Loss: 0.2565, MAE: 0.3313
2025-03-30 11:02:51 - [Cluster 0 - CLIENT] - INFO - [Store 313] Evaluation - Loss: 0.2097, MAE: 0.2915
2025-03-30 11:02:51 - [Cluster 0 - CLIENT] - INFO - Sent reply
2025-03-30 11:02:51 - [Cluster 0 - CLIENT] - INFO - Sent reply
2025-03-30 11:02:51 - [Cluster 0 - CLIENT] - INFO - [Store 1015] Evaluation - Loss: 0.2750, MAE: 0.3163
2025-03-30 11:02:51 - [Cluster 0 - CLIENT] - INFO - [Store 1099] Evaluation - Loss: 0.3469, MAE: 0.4060
2025-03-30 11:02:51 - [Cluster 0 - CLIENT] - INFO - Sent reply
2025-03-30 11:02:51 - [Cluster 0 - CLIENT] - INFO - Sent reply
2025-03-30 11:02:51 - [Cluster 0 - CLIENT] - INFO - Sent reply
2025-03-30 11:02:51 - [Cluster 0 - CLIENT] - INFO - [Store 1083] Evaluation - Loss: 0.4541, MAE: 0.4826
2025-03-30 11:02:51 - [Cluster 0 - CLIENT] - INFO - Sent reply
2025-03-30 11:02:51 - [Cluster 0 - CLIENT] - INFO - [Store 783] Evaluation - Loss: 0.2205, MAE: 0.3012
2025-03-30 11:02:51 - [Cluster 0 - CLIENT] - INFO - Sent reply
2025-03-30 11:02:51 - [Cluster 0 - CLIENT] - INFO - [Store 689] Evaluation - Loss: 0.2207, MAE: 0.2721
2025-03-30 11:02:51 - [Cluster 0 - CLIENT] - INFO - Sent reply
2025-03-30 11:02:51 - [Cluster 0 - CLIENT] - INFO - [Store 369] Evaluation - Loss: 0.2341, MAE: 0.3076
2025-03-30 11:02:51 - [Cluster 0 - CLIENT] - INFO - Sent reply
2025-03-30 11:02:51 - [Cluster 0 - CLIENT] - INFO - [Store 1030] Evaluation - Loss: 0.2167, MAE: 0.3101
2025-03-30 11:02:51 - [Cluster 0 - CLIENT] - INFO - Sent reply
2025-03-30 11:02:51 - [Cluster 0 - CLIENT] - INFO - 
2025-03-30 11:02:51 - [Cluster 0 - CLIENT] - INFO - Received: train message 08277621-62f5-49b6-8155-d664cbf3bd37
2025-03-30 11:02:51 - [Cluster 0 - CLIENT] - INFO - 
2025-03-30 11:02:51 - [Cluster 0 - CLIENT] - INFO - Received: train message 2ccf1cf6-2159-49d0-8f8f-b3c9f4808340
2025-03-30 11:02:51 - [Cluster 0 - CLIENT] - INFO - 
2025-03-30 11:02:51 - [Cluster 0 - CLIENT] - INFO - 
2025-03-30 11:02:51 - [Cluster 0 - CLIENT] - INFO - Received: train message f94f23db-86d1-4e2d-b22f-d845442a37f3
2025-03-30 11:02:51 - [Cluster 0 - CLIENT] - INFO - Received: train message 7c7a7521-6fae-466a-bdb9-7347a368f166
2025-03-30 11:02:51 - [Cluster 0 - CLIENT] - INFO - 
2025-03-30 11:02:51 - [Cluster 0 - CLIENT] - INFO - Received: train message 2a78128b-427d-427f-9870-a46d177c8a1e
2025-03-30 11:02:51 - [Cluster 0 - CLIENT] - INFO - [Store 1013] Starting local training.
2025-03-30 11:02:51 - [Cluster 0 - CLIENT] - INFO - [Store 541] Starting local training.
2025-03-30 11:02:51 - [Cluster 0 - CLIENT] - INFO - [Store 313] Starting local training.
2025-03-30 11:02:51 - [Cluster 0 - CLIENT] - INFO - 
2025-03-30 11:02:51 - [Cluster 0 - CLIENT] - INFO - Received: train message 1bc55639-0c5a-413a-8c05-8bb8b36d49b5
2025-03-30 11:02:51 - [Cluster 0 - CLIENT] - INFO - 
2025-03-30 11:02:51 - [Cluster 0 - CLIENT] - INFO - Received: train message 1c70b029-163d-43d1-822f-bfa23921b527
2025-03-30 11:02:51 - [Cluster 0 - CLIENT] - INFO - 
2025-03-30 11:02:51 - [Cluster 0 - CLIENT] - INFO - Received: train message 0ee57d97-54dc-4060-9352-b3873f4f02b6
2025-03-30 11:02:51 - [Cluster 0 - CLIENT] - INFO - 
2025-03-30 11:02:51 - [Cluster 0 - CLIENT] - INFO - Received: train message a144a4aa-3cea-408b-9e34-a109c2d4206a
2025-03-30 11:02:51 - [Cluster 0 - CLIENT] - INFO - [Store 689] Starting local training.
2025-03-30 11:02:51 - [Cluster 0 - CLIENT] - INFO - 
2025-03-30 11:02:51 - [Cluster 0 - CLIENT] - INFO - Received: train message ca3007a7-d290-4d42-b930-ab81102a3005
2025-03-30 11:02:51 - [Cluster 0 - CLIENT] - INFO - 
2025-03-30 11:02:51 - [Cluster 0 - CLIENT] - INFO - Received: train message cc45b05f-e14e-4a54-8a6c-bf7b3418f325
2025-03-30 11:02:51 - [Cluster 0 - CLIENT] - INFO - 
2025-03-30 11:02:51 - [Cluster 0 - CLIENT] - INFO - Received: train message cd56d557-654c-4224-a12a-8591e18bbeb1
2025-03-30 11:02:51 - [Cluster 0 - CLIENT] - INFO - 
2025-03-30 11:02:51 - [Cluster 0 - CLIENT] - INFO - Received: train message d9ff0061-599e-4164-a794-f12686d10df2
2025-03-30 11:02:51 - [Cluster 0 - CLIENT] - INFO - 
2025-03-30 11:02:51 - [Cluster 0 - CLIENT] - INFO - Received: train message 82140b6b-4ea6-42a4-81be-0c170cb98865
2025-03-30 11:02:51 - [Cluster 0 - CLIENT] - INFO - 
2025-03-30 11:02:51 - [Cluster 0 - CLIENT] - INFO - Received: train message 473271cf-9a0f-4b4e-be1b-7cc4dc17be8b
2025-03-30 11:02:51 - [Cluster 0 - CLIENT] - INFO - [Store 1083] Starting local training.
2025-03-30 11:02:51 - [Cluster 0 - CLIENT] - INFO - [Store 128] Starting local training.
2025-03-30 11:02:51 - [Cluster 0 - CLIENT] - INFO - [Store 435] Starting local training.
2025-03-30 11:02:51 - [Cluster 0 - CLIENT] - INFO - [Store 1015] Starting local training.
2025-03-30 11:02:51 - [Cluster 0 - CLIENT] - INFO - [Store 244] Starting local training.
2025-03-30 11:02:51 - [Cluster 0 - CLIENT] - INFO - [Store 1030] Starting local training.
2025-03-30 11:02:51 - [Cluster 0 - CLIENT] - INFO - [Store 293] Starting local training.
2025-03-30 11:02:51 - [Cluster 0 - CLIENT] - INFO - [Store 569] Starting local training.
2025-03-30 11:02:51 - [Cluster 0 - CLIENT] - INFO - [Store 302] Starting local training.
2025-03-30 11:02:51 - [Cluster 0 - CLIENT] - INFO - [Store 680] Starting local training.
2025-03-30 11:02:51 - [Cluster 0 - CLIENT] - INFO - [Store 997] Starting local training.
2025-03-30 11:06:32 - [Cluster 0 - CLIENT] - INFO - [Store 244] Local training complete.
2025-03-30 11:06:32 - [Cluster 0 - CLIENT] - INFO - Sent reply
2025-03-30 11:06:32 - [Cluster 0 - CLIENT] - INFO - 
2025-03-30 11:06:32 - [Cluster 0 - CLIENT] - INFO - Received: train message 0f28b4f0-bf73-4724-a74c-cfe62db6c35b
2025-03-30 11:06:32 - [Cluster 0 - CLIENT] - INFO - [Store 990] Starting local training.
2025-03-30 11:06:33 - [Cluster 0 - CLIENT] - INFO - [Store 541] Local training complete.
2025-03-30 11:06:33 - [Cluster 0 - CLIENT] - INFO - Sent reply
2025-03-30 11:06:33 - [Cluster 0 - CLIENT] - INFO - 
2025-03-30 11:06:33 - [Cluster 0 - CLIENT] - INFO - Received: train message f73acbef-7eb5-447d-a6dd-d722564effb2
2025-03-30 11:06:33 - [Cluster 0 - CLIENT] - INFO - [Store 203] Starting local training.
2025-03-30 11:06:34 - [Cluster 0 - CLIENT] - INFO - [Store 1015] Local training complete.
2025-03-30 11:06:34 - [Cluster 0 - CLIENT] - INFO - Sent reply
2025-03-30 11:06:34 - [Cluster 0 - CLIENT] - INFO - 
2025-03-30 11:06:34 - [Cluster 0 - CLIENT] - INFO - Received: train message c2217e87-c06c-4ed0-9ef2-4ef99d4ffb33
2025-03-30 11:06:34 - [Cluster 0 - CLIENT] - INFO - [Store 1076] Starting local training.
2025-03-30 11:06:35 - [Cluster 0 - CLIENT] - INFO - [Store 435] Local training complete.
2025-03-30 11:06:35 - [Cluster 0 - CLIENT] - INFO - [Store 293] Local training complete.
2025-03-30 11:06:35 - [Cluster 0 - CLIENT] - INFO - Sent reply
2025-03-30 11:06:35 - [Cluster 0 - CLIENT] - INFO - 
2025-03-30 11:06:35 - [Cluster 0 - CLIENT] - INFO - Received: train message 2946fb64-094b-4275-94e1-7b8a16b6ef4b
2025-03-30 11:06:35 - [Cluster 0 - CLIENT] - INFO - [Store 864] Starting local training.
2025-03-30 11:06:35 - [Cluster 0 - CLIENT] - INFO - Sent reply
2025-03-30 11:06:35 - [Cluster 0 - CLIENT] - INFO - 
2025-03-30 11:06:35 - [Cluster 0 - CLIENT] - INFO - Received: train message b1ddf409-2f90-4e8e-8fb2-aeb968929177
2025-03-30 11:06:35 - [Cluster 0 - CLIENT] - INFO - [Store 680] Local training complete.
2025-03-30 11:06:35 - [Cluster 0 - CLIENT] - INFO - Sent reply
2025-03-30 11:06:35 - [Cluster 0 - CLIENT] - INFO - 
2025-03-30 11:06:35 - [Cluster 0 - CLIENT] - INFO - Received: train message 20748faf-76bf-4450-a70c-28db9ac3b1ec
2025-03-30 11:06:35 - [Cluster 0 - CLIENT] - INFO - [Store 1099] Starting local training.
2025-03-30 11:06:35 - [Cluster 0 - CLIENT] - INFO - [Store 395] Starting local training.
2025-03-30 11:06:36 - [Cluster 0 - CLIENT] - INFO - [Store 313] Local training complete.
2025-03-30 11:06:36 - [Cluster 0 - CLIENT] - INFO - Sent reply
2025-03-30 11:06:36 - [Cluster 0 - CLIENT] - INFO - 
2025-03-30 11:06:36 - [Cluster 0 - CLIENT] - INFO - Received: train message cec23542-6905-4c3c-a499-65436d58f300
2025-03-30 11:06:36 - [Cluster 0 - CLIENT] - INFO - [Store 351] Starting local training.
2025-03-30 11:06:36 - [Cluster 0 - CLIENT] - INFO - [Store 128] Local training complete.
2025-03-30 11:06:36 - [Cluster 0 - CLIENT] - INFO - [Store 997] Local training complete.
2025-03-30 11:06:36 - [Cluster 0 - CLIENT] - INFO - Sent reply
2025-03-30 11:06:36 - [Cluster 0 - CLIENT] - INFO - 
2025-03-30 11:06:36 - [Cluster 0 - CLIENT] - INFO - Received: train message fdb4d326-9cd8-4043-b295-c60d0374a39e
2025-03-30 11:06:36 - [Cluster 0 - CLIENT] - INFO - [Store 462] Starting local training.
2025-03-30 11:06:36 - [Cluster 0 - CLIENT] - INFO - 
2025-03-30 11:06:36 - [Cluster 0 - CLIENT] - INFO - Received: train message 9d00e60f-0b14-442c-b287-364e6e796709
2025-03-30 11:06:36 - [Cluster 0 - CLIENT] - INFO - Sent reply
2025-03-30 11:06:37 - [Cluster 0 - CLIENT] - INFO - [Store 1030] Starting local training.
2025-03-30 11:06:37 - [Cluster 0 - CLIENT] - INFO - [Store 689] Local training complete.
2025-03-30 11:06:37 - [Cluster 0 - CLIENT] - INFO - Sent reply
2025-03-30 11:06:37 - [Cluster 0 - CLIENT] - INFO - 
2025-03-30 11:06:37 - [Cluster 0 - CLIENT] - INFO - Received: train message 55bc5e97-6f0a-4197-867e-c7afa2d5858b
2025-03-30 11:06:37 - [Cluster 0 - CLIENT] - INFO - [Store 600] Starting local training.
2025-03-30 11:06:38 - [Cluster 0 - CLIENT] - INFO - [Store 1013] Local training complete.
2025-03-30 11:06:38 - [Cluster 0 - CLIENT] - INFO - Sent reply
2025-03-30 11:06:38 - [Cluster 0 - CLIENT] - INFO - 
2025-03-30 11:06:38 - [Cluster 0 - CLIENT] - INFO - Received: train message 94488909-3974-4152-a89e-3b7db4e54ca3
2025-03-30 11:06:38 - [Cluster 0 - CLIENT] - INFO - [Store 255] Starting local training.
2025-03-30 11:06:40 - [Cluster 0 - CLIENT] - INFO - [Store 1030] Local training complete.
2025-03-30 11:06:40 - [Cluster 0 - CLIENT] - INFO - Sent reply
2025-03-30 11:06:40 - [Cluster 0 - CLIENT] - INFO - 
2025-03-30 11:06:40 - [Cluster 0 - CLIENT] - INFO - Received: train message 4b2252e8-e282-4c27-88f4-3bfb68e0c0be
2025-03-30 11:06:40 - [Cluster 0 - CLIENT] - INFO - [Store 1083] Local training complete.
2025-03-30 11:06:40 - [Cluster 0 - CLIENT] - INFO - Sent reply
2025-03-30 11:06:40 - [Cluster 0 - CLIENT] - INFO - 
2025-03-30 11:06:40 - [Cluster 0 - CLIENT] - INFO - Received: train message e8d1ba01-7f40-4c9d-b465-eae01ef85cec
2025-03-30 11:06:40 - [Cluster 0 - CLIENT] - INFO - [Store 569] Local training complete.
2025-03-30 11:06:40 - [Cluster 0 - CLIENT] - INFO - [Store 1084] Starting local training.
2025-03-30 11:06:40 - [Cluster 0 - CLIENT] - INFO - [Store 783] Starting local training.
2025-03-30 11:06:40 - [Cluster 0 - CLIENT] - INFO - Sent reply
2025-03-30 11:06:40 - [Cluster 0 - CLIENT] - INFO - 
2025-03-30 11:06:40 - [Cluster 0 - CLIENT] - INFO - Received: train message 728e4b3a-1cc9-4efc-8340-0909c8874209
2025-03-30 11:06:40 - [Cluster 0 - CLIENT] - INFO - [Store 369] Starting local training.
2025-03-30 11:06:40 - [Cluster 0 - CLIENT] - INFO - [Store 302] Local training complete.
2025-03-30 11:06:41 - [Cluster 0 - CLIENT] - INFO - Sent reply
2025-03-30 11:06:41 - [Cluster 0 - CLIENT] - INFO - 
2025-03-30 11:06:41 - [Cluster 0 - CLIENT] - INFO - Received: train message 5b380f24-1d65-4e52-9ad6-cdfec85d1e02
2025-03-30 11:06:41 - [Cluster 0 - CLIENT] - INFO - [Store 63] Starting local training.
2025-03-30 11:10:18 - [Cluster 0 - CLIENT] - INFO - [Store 395] Local training complete.
2025-03-30 11:10:18 - [Cluster 0 - CLIENT] - INFO - Sent reply
2025-03-30 11:10:19 - [Cluster 0 - CLIENT] - INFO - [Store 255] Local training complete.
2025-03-30 11:10:19 - [Cluster 0 - CLIENT] - INFO - Sent reply
2025-03-30 11:10:19 - [Cluster 0 - CLIENT] - INFO - [Store 864] Local training complete.
2025-03-30 11:10:19 - [Cluster 0 - CLIENT] - INFO - Sent reply
2025-03-30 11:10:20 - [Cluster 0 - CLIENT] - INFO - [Store 1030] Local training complete.
2025-03-30 11:10:20 - [Cluster 0 - CLIENT] - INFO - Sent reply
2025-03-30 11:10:20 - [Cluster 0 - CLIENT] - INFO - [Store 990] Local training complete.
2025-03-30 11:10:20 - [Cluster 0 - CLIENT] - INFO - [Store 1076] Local training complete.
2025-03-30 11:10:20 - [Cluster 0 - CLIENT] - INFO - Sent reply
2025-03-30 11:10:20 - [Cluster 0 - CLIENT] - INFO - Sent reply
2025-03-30 11:10:21 - [Cluster 0 - CLIENT] - INFO - [Store 351] Local training complete.
2025-03-30 11:10:21 - [Cluster 0 - CLIENT] - INFO - Sent reply
2025-03-30 11:10:21 - [Cluster 0 - CLIENT] - INFO - [Store 1099] Local training complete.
2025-03-30 11:10:21 - [Cluster 0 - CLIENT] - INFO - [Store 203] Local training complete.
2025-03-30 11:10:21 - [Cluster 0 - CLIENT] - INFO - Sent reply
2025-03-30 11:10:21 - [Cluster 0 - CLIENT] - INFO - Sent reply
2025-03-30 11:10:21 - [Cluster 0 - CLIENT] - INFO - [Store 600] Local training complete.
2025-03-30 11:10:21 - [Cluster 0 - CLIENT] - INFO - Sent reply
2025-03-30 11:10:21 - [Cluster 0 - CLIENT] - INFO - [Store 783] Local training complete.
2025-03-30 11:10:21 - [Cluster 0 - CLIENT] - INFO - Sent reply
2025-03-30 11:10:21 - [Cluster 0 - CLIENT] - INFO - [Store 1084] Local training complete.
2025-03-30 11:10:21 - [Cluster 0 - CLIENT] - INFO - Sent reply
2025-03-30 11:10:22 - [Cluster 0 - CLIENT] - INFO - [Store 462] Local training complete.
2025-03-30 11:10:22 - [Cluster 0 - CLIENT] - INFO - Sent reply
2025-03-30 11:10:22 - [Cluster 0 - CLIENT] - INFO - [Store 63] Local training complete.
2025-03-30 11:10:22 - [Cluster 0 - CLIENT] - INFO - Sent reply
2025-03-30 11:10:22 - [Cluster 0 - CLIENT] - INFO - [Store 369] Local training complete.
2025-03-30 11:10:22 - [Cluster 0 - CLIENT] - INFO - Sent reply
2025-03-30 11:10:22 - [Cluster 0 - CLIENT] - INFO - 
2025-03-30 11:10:22 - [Cluster 0 - CLIENT] - INFO - Received: evaluate message 8a8c029d-9dc8-4ba4-aa56-44678e9a92c5
2025-03-30 11:10:22 - [Cluster 0 - CLIENT] - INFO - 
2025-03-30 11:10:22 - [Cluster 0 - CLIENT] - INFO - Received: evaluate message d9f84665-ecb3-475b-8dd1-f7a37abbed98
2025-03-30 11:10:22 - [Cluster 0 - CLIENT] - INFO - 
2025-03-30 11:10:22 - [Cluster 0 - CLIENT] - INFO - Received: evaluate message e0d8613f-8817-4e95-8885-d88051605250
2025-03-30 11:10:22 - [Cluster 0 - CLIENT] - INFO - 
2025-03-30 11:10:22 - [Cluster 0 - CLIENT] - INFO - Received: evaluate message 78e68c24-3a5a-40aa-a590-2a291e8b01a8
2025-03-30 11:10:22 - [Cluster 0 - CLIENT] - INFO - 
2025-03-30 11:10:22 - [Cluster 0 - CLIENT] - INFO - Received: evaluate message 1e22ccb0-339e-4406-bf28-f4696dd9d83f
2025-03-30 11:10:22 - [Cluster 0 - CLIENT] - INFO - 
2025-03-30 11:10:22 - [Cluster 0 - CLIENT] - INFO - Received: evaluate message 6fa10416-71d8-44c6-990f-34e7dc645e27
2025-03-30 11:10:22 - [Cluster 0 - CLIENT] - INFO - 
2025-03-30 11:10:22 - [Cluster 0 - CLIENT] - INFO - Received: evaluate message 794e4b42-2769-4a08-baed-8b70e50ebae4
2025-03-30 11:10:22 - [Cluster 0 - CLIENT] - INFO - 
2025-03-30 11:10:22 - [Cluster 0 - CLIENT] - INFO - Received: evaluate message 48536af8-9d56-477e-bdcf-b121b181476b
2025-03-30 11:10:22 - [Cluster 0 - CLIENT] - INFO - 
2025-03-30 11:10:22 - [Cluster 0 - CLIENT] - INFO - Received: evaluate message 7e6bfb57-23fe-4eb2-b6d9-0795b28e565b
2025-03-30 11:10:22 - [Cluster 0 - CLIENT] - INFO - 
2025-03-30 11:10:22 - [Cluster 0 - CLIENT] - INFO - Received: evaluate message 4fe9542e-b63d-481b-b25a-ce34d280cfb1
2025-03-30 11:10:22 - [Cluster 0 - CLIENT] - INFO - 
2025-03-30 11:10:22 - [Cluster 0 - CLIENT] - INFO - Received: evaluate message 95b9041b-9179-491d-a0e0-603aa45dbdcc
2025-03-30 11:10:22 - [Cluster 0 - CLIENT] - INFO - 
2025-03-30 11:10:22 - [Cluster 0 - CLIENT] - INFO - Received: evaluate message f1c2784f-c8a7-418f-b9aa-a0e8476bdaae
2025-03-30 11:10:22 - [Cluster 0 - CLIENT] - INFO - 
2025-03-30 11:10:22 - [Cluster 0 - CLIENT] - INFO - Received: evaluate message eb0cda47-7403-4cdc-9f9d-d30c16833f9a
2025-03-30 11:10:22 - [Cluster 0 - CLIENT] - INFO - 
2025-03-30 11:10:22 - [Cluster 0 - CLIENT] - INFO - Received: evaluate message c6ebbed0-eb23-41bd-b2d1-c15cd5885175
2025-03-30 11:10:22 - [Cluster 0 - CLIENT] - INFO - 
2025-03-30 11:10:23 - [Cluster 0 - CLIENT] - INFO - Received: evaluate message 8acad845-6c7a-4743-b354-3b7bdec149f3
2025-03-30 11:10:24 - [Cluster 0 - CLIENT] - INFO - [Store 351] Evaluation - Loss: 0.2232, MAE: 0.2860
2025-03-30 11:10:24 - [Cluster 0 - CLIENT] - INFO - Sent reply
2025-03-30 11:10:24 - [Cluster 0 - CLIENT] - INFO - [Store 395] Evaluation - Loss: 0.2813, MAE: 0.3157
2025-03-30 11:10:24 - [Cluster 0 - CLIENT] - INFO - [Store 864] Evaluation - Loss: 0.2845, MAE: 0.3285
2025-03-30 11:10:24 - [Cluster 0 - CLIENT] - INFO - Sent reply
2025-03-30 11:10:24 - [Cluster 0 - CLIENT] - INFO - [Store 435] Evaluation - Loss: 0.2267, MAE: 0.2741
2025-03-30 11:10:24 - [Cluster 0 - CLIENT] - INFO - [Store 680] Evaluation - Loss: 0.3255, MAE: 0.3947
2025-03-30 11:10:24 - [Cluster 0 - CLIENT] - INFO - Sent reply
2025-03-30 11:10:24 - [Cluster 0 - CLIENT] - INFO - [Store 462] Evaluation - Loss: 0.1955, MAE: 0.2835
2025-03-30 11:10:24 - [Cluster 0 - CLIENT] - INFO - Sent reply
2025-03-30 11:10:24 - [Cluster 0 - CLIENT] - INFO - Sent reply
2025-03-30 11:10:24 - [Cluster 0 - CLIENT] - INFO - Sent reply
2025-03-30 11:10:24 - [Cluster 0 - CLIENT] - INFO - 
2025-03-30 11:10:24 - [Cluster 0 - CLIENT] - INFO - Received: evaluate message 56b8a8f5-03e9-4067-a8b9-b03a47f6ff92
2025-03-30 11:10:24 - [Cluster 0 - CLIENT] - INFO - 
2025-03-30 11:10:24 - [Cluster 0 - CLIENT] - INFO - Received: evaluate message 276051af-e3ef-4a81-a87e-2bbd0e464447
2025-03-30 11:10:24 - [Cluster 0 - CLIENT] - INFO - 
2025-03-30 11:10:24 - [Cluster 0 - CLIENT] - INFO - Received: evaluate message b02f86a4-bc7d-4749-a765-f91223ad93e3
2025-03-30 11:10:24 - [Cluster 0 - CLIENT] - INFO - [Store 63] Evaluation - Loss: 0.2748, MAE: 0.3358
2025-03-30 11:10:24 - [Cluster 0 - CLIENT] - INFO - Sent reply
2025-03-30 11:10:24 - [Cluster 0 - CLIENT] - INFO - 
2025-03-30 11:10:24 - [Cluster 0 - CLIENT] - INFO - Received: evaluate message b4a0759c-c9ff-4e51-8bff-c73247cf2d89
2025-03-30 11:10:24 - [Cluster 0 - CLIENT] - INFO - 
2025-03-30 11:10:24 - [Cluster 0 - CLIENT] - INFO - Received: evaluate message b5e08fea-49cf-45f0-92a3-ee961e50df5f
2025-03-30 11:10:24 - [Cluster 0 - CLIENT] - INFO - [Store 1084] Evaluation - Loss: 0.2870, MAE: 0.3180
2025-03-30 11:10:24 - [Cluster 0 - CLIENT] - INFO - Sent reply
2025-03-30 11:10:24 - [Cluster 0 - CLIENT] - INFO - [Store 1099] Evaluation - Loss: 0.3443, MAE: 0.4039
2025-03-30 11:10:24 - [Cluster 0 - CLIENT] - INFO - Sent reply
2025-03-30 11:10:24 - [Cluster 0 - CLIENT] - INFO - [Store 255] Evaluation - Loss: 0.2666, MAE: 0.3192
2025-03-30 11:10:24 - [Cluster 0 - CLIENT] - INFO - Sent reply
2025-03-30 11:10:24 - [Cluster 0 - CLIENT] - INFO - 
2025-03-30 11:10:24 - [Cluster 0 - CLIENT] - INFO - Received: evaluate message 60b155d3-27e8-4d90-bdad-bb47f32fbdf8
2025-03-30 11:10:24 - [Cluster 0 - CLIENT] - INFO - 
2025-03-30 11:10:24 - [Cluster 0 - CLIENT] - INFO - Received: evaluate message e68177c6-2f35-43b8-afac-bd2232412bd0
2025-03-30 11:10:24 - [Cluster 0 - CLIENT] - INFO - 
2025-03-30 11:10:24 - [Cluster 0 - CLIENT] - INFO - Received: evaluate message 4ad0887e-fda7-4936-96b9-f3151f033b96
2025-03-30 11:10:24 - [Cluster 0 - CLIENT] - INFO - [Store 541] Evaluation - Loss: 0.2486, MAE: 0.2905
2025-03-30 11:10:24 - [Cluster 0 - CLIENT] - INFO - 
2025-03-30 11:10:24 - [Cluster 0 - CLIENT] - INFO - Received: evaluate message ed4b6255-462b-4bb8-823b-14d3f8d5e00e
2025-03-30 11:10:24 - [Cluster 0 - CLIENT] - INFO - Sent reply
2025-03-30 11:10:24 - [Cluster 0 - CLIENT] - INFO - [Store 1015] Evaluation - Loss: 0.2705, MAE: 0.3089
2025-03-30 11:10:24 - [Cluster 0 - CLIENT] - INFO - Sent reply
2025-03-30 11:10:24 - [Cluster 0 - CLIENT] - INFO - 
2025-03-30 11:10:24 - [Cluster 0 - CLIENT] - INFO - Received: evaluate message 1e5a13ad-88fd-4ee0-8016-c92d3cf00eec
2025-03-30 11:10:24 - [Cluster 0 - CLIENT] - INFO - [Store 689] Evaluation - Loss: 0.2179, MAE: 0.2682
2025-03-30 11:10:24 - [Cluster 0 - CLIENT] - INFO - Sent reply
2025-03-30 11:10:24 - [Cluster 0 - CLIENT] - INFO - 
2025-03-30 11:10:24 - [Cluster 0 - CLIENT] - INFO - [Store 997] Evaluation - Loss: 0.2381, MAE: 0.3020
2025-03-30 11:10:24 - [Cluster 0 - CLIENT] - INFO - Received: evaluate message df7f2216-01e1-411a-83e5-073509f77b13
2025-03-30 11:10:24 - [Cluster 0 - CLIENT] - INFO - Sent reply
2025-03-30 11:10:24 - [Cluster 0 - CLIENT] - INFO - [Store 128] Evaluation - Loss: 0.3395, MAE: 0.3737
2025-03-30 11:10:24 - [Cluster 0 - CLIENT] - INFO - Sent reply
2025-03-30 11:10:24 - [Cluster 0 - CLIENT] - INFO - 
2025-03-30 11:10:24 - [Cluster 0 - CLIENT] - INFO - Received: evaluate message e8a24576-b1b6-4f57-9a48-b3552573f279
2025-03-30 11:10:24 - [Cluster 0 - CLIENT] - INFO - 
2025-03-30 11:10:24 - [Cluster 0 - CLIENT] - INFO - Received: evaluate message f8ba30b0-1f41-4504-9be5-78ad748a3a11
2025-03-30 11:10:24 - [Cluster 0 - CLIENT] - INFO - 
2025-03-30 11:10:24 - [Cluster 0 - CLIENT] - INFO - Received: evaluate message bdb1eed2-1a4a-439b-9e21-e47053ef522b
2025-03-30 11:10:24 - [Cluster 0 - CLIENT] - INFO - 
2025-03-30 11:10:24 - [Cluster 0 - CLIENT] - INFO - Received: evaluate message 996067df-eaea-4fc1-afaa-8fb2f1480ebc
2025-03-30 11:10:25 - [Cluster 0 - CLIENT] - INFO - [Store 203] Evaluation - Loss: 0.2235, MAE: 0.2784
2025-03-30 11:10:25 - [Cluster 0 - CLIENT] - INFO - Sent reply
2025-03-30 11:10:25 - [Cluster 0 - CLIENT] - INFO - [Store 244] Evaluation - Loss: 0.3255, MAE: 0.3659
2025-03-30 11:10:25 - [Cluster 0 - CLIENT] - INFO - [Store 302] Evaluation - Loss: 0.3106, MAE: 0.3486
2025-03-30 11:10:25 - [Cluster 0 - CLIENT] - INFO - Sent reply
2025-03-30 11:10:25 - [Cluster 0 - CLIENT] - INFO - Sent reply
2025-03-30 11:10:25 - [Cluster 0 - CLIENT] - INFO - [Store 1030] Evaluation - Loss: 0.2153, MAE: 0.3117
2025-03-30 11:10:25 - [Cluster 0 - CLIENT] - INFO - Sent reply
2025-03-30 11:10:25 - [Cluster 0 - CLIENT] - INFO - [Store 1083] Evaluation - Loss: 0.4650, MAE: 0.4854
2025-03-30 11:10:25 - [Cluster 0 - CLIENT] - INFO - Sent reply
2025-03-30 11:10:25 - [Cluster 0 - CLIENT] - INFO - [Store 369] Evaluation - Loss: 0.2363, MAE: 0.3124
2025-03-30 11:10:25 - [Cluster 0 - CLIENT] - INFO - Sent reply
2025-03-30 11:10:25 - [Cluster 0 - CLIENT] - INFO - [Store 990] Evaluation - Loss: 0.2011, MAE: 0.2795
2025-03-30 11:10:25 - [Cluster 0 - CLIENT] - INFO - Sent reply
2025-03-30 11:10:25 - [Cluster 0 - CLIENT] - INFO - [Store 1076] Evaluation - Loss: 0.5640, MAE: 0.5137
2025-03-30 11:10:25 - [Cluster 0 - CLIENT] - INFO - Sent reply
2025-03-30 11:10:25 - [Cluster 0 - CLIENT] - INFO - [Store 569] Evaluation - Loss: 0.2268, MAE: 0.3100
2025-03-30 11:10:25 - [Cluster 0 - CLIENT] - INFO - Sent reply
2025-03-30 11:10:25 - [Cluster 0 - CLIENT] - INFO - [Store 783] Evaluation - Loss: 0.2185, MAE: 0.2969
2025-03-30 11:10:25 - [Cluster 0 - CLIENT] - INFO - Sent reply
2025-03-30 11:10:25 - [Cluster 0 - CLIENT] - INFO - [Store 293] Evaluation - Loss: 0.2166, MAE: 0.2822
2025-03-30 11:10:25 - [Cluster 0 - CLIENT] - INFO - Sent reply
2025-03-30 11:10:25 - [Cluster 0 - CLIENT] - INFO - [Store 313] Evaluation - Loss: 0.2034, MAE: 0.2868
2025-03-30 11:10:25 - [Cluster 0 - CLIENT] - INFO - Sent reply
2025-03-30 11:10:25 - [Cluster 0 - CLIENT] - INFO - [Store 1030] Evaluation - Loss: 0.2153, MAE: 0.3117
2025-03-30 11:10:25 - [Cluster 0 - CLIENT] - INFO - Sent reply
2025-03-30 11:10:25 - [Cluster 0 - CLIENT] - INFO - [Store 600] Evaluation - Loss: 0.2779, MAE: 0.3174
2025-03-30 11:10:25 - [Cluster 0 - CLIENT] - INFO - Sent reply
2025-03-30 11:10:25 - [Cluster 0 - CLIENT] - INFO - [Store 1013] Evaluation - Loss: 0.2550, MAE: 0.3321
2025-03-30 11:10:25 - [Cluster 0 - CLIENT] - INFO - Sent reply
2025-03-30 11:10:26 - [Cluster 0 - CLIENT] - INFO - 
2025-03-30 11:10:26 - [Cluster 0 - CLIENT] - INFO - Received: train message bce777af-7ce3-400f-863c-bd510d963327
2025-03-30 11:10:26 - [Cluster 0 - CLIENT] - INFO - 
2025-03-30 11:10:26 - [Cluster 0 - CLIENT] - INFO - Received: train message 5dd71446-40fa-46d3-8d0d-7ef2565ce889
2025-03-30 11:10:26 - [Cluster 0 - CLIENT] - INFO - 
2025-03-30 11:10:26 - [Cluster 0 - CLIENT] - INFO - Received: train message 02d0168c-d2d1-4b96-a787-789c31d5309e
2025-03-30 11:10:26 - [Cluster 0 - CLIENT] - INFO - 
2025-03-30 11:10:26 - [Cluster 0 - CLIENT] - INFO - Received: train message c3bdf409-4de5-4924-91ed-a980e3b6fc36
2025-03-30 11:10:26 - [Cluster 0 - CLIENT] - INFO - [Store 203] Starting local training.
2025-03-30 11:10:26 - [Cluster 0 - CLIENT] - INFO - 
2025-03-30 11:10:26 - [Cluster 0 - CLIENT] - INFO - Received: train message a728313a-ff6a-4a17-95c9-fcb9e85c52a8
2025-03-30 11:10:26 - [Cluster 0 - CLIENT] - INFO - 
2025-03-30 11:10:26 - [Cluster 0 - CLIENT] - INFO - Received: train message 9e1d2210-bb8e-46cb-a7d1-3f002c7b50dc
2025-03-30 11:10:26 - [Cluster 0 - CLIENT] - INFO - [Store 313] Starting local training.
2025-03-30 11:10:26 - [Cluster 0 - CLIENT] - INFO - 
2025-03-30 11:10:26 - [Cluster 0 - CLIENT] - INFO - 
2025-03-30 11:10:26 - [Cluster 0 - CLIENT] - INFO - Received: train message 835895fd-265d-4cfe-b965-5ab6390cfb29
2025-03-30 11:10:26 - [Cluster 0 - CLIENT] - INFO - Received: train message d3467aa9-d5da-42db-925f-562726d8f3fb
2025-03-30 11:10:26 - [Cluster 0 - CLIENT] - INFO - 
2025-03-30 11:10:26 - [Cluster 0 - CLIENT] - INFO - Received: train message 17531414-6ff6-4113-98f9-8edaed99a645
2025-03-30 11:10:26 - [Cluster 0 - CLIENT] - INFO - 
2025-03-30 11:10:26 - [Cluster 0 - CLIENT] - INFO - Received: train message c27496e5-c46a-4cfd-bcaf-0a0966546c48
2025-03-30 11:10:26 - [Cluster 0 - CLIENT] - INFO - [Store 569] Starting local training.
2025-03-30 11:10:26 - [Cluster 0 - CLIENT] - INFO - 
2025-03-30 11:10:26 - [Cluster 0 - CLIENT] - INFO - Received: train message 888cd3c9-c924-45a7-aded-3889f0aebaf8
2025-03-30 11:10:26 - [Cluster 0 - CLIENT] - INFO - 
2025-03-30 11:10:26 - [Cluster 0 - CLIENT] - INFO - Received: train message 5e25391c-69c2-4a57-898a-dc74d38b73c1
2025-03-30 11:10:26 - [Cluster 0 - CLIENT] - INFO - 
2025-03-30 11:10:26 - [Cluster 0 - CLIENT] - INFO - Received: train message e863ceda-6ff7-439c-81dd-c09851d29b4b
2025-03-30 11:10:26 - [Cluster 0 - CLIENT] - INFO - 
2025-03-30 11:10:26 - [Cluster 0 - CLIENT] - INFO - Received: train message f27ce8ef-f805-4ab5-951f-f5813874baa6
2025-03-30 11:10:26 - [Cluster 0 - CLIENT] - INFO - 
2025-03-30 11:10:26 - [Cluster 0 - CLIENT] - INFO - [Store 990] Starting local training.
2025-03-30 11:10:26 - [Cluster 0 - CLIENT] - INFO - Received: train message f3f57be7-dc8a-4f00-94b8-3679f989c3d0
2025-03-30 11:10:26 - [Cluster 0 - CLIENT] - INFO - [Store 1030] Starting local training.
2025-03-30 11:10:26 - [Cluster 0 - CLIENT] - INFO - [Store 783] Starting local training.
2025-03-30 11:10:26 - [Cluster 0 - CLIENT] - INFO - [Store 1076] Starting local training.
2025-03-30 11:10:26 - [Cluster 0 - CLIENT] - INFO - [Store 1083] Starting local training.
2025-03-30 11:10:26 - [Cluster 0 - CLIENT] - INFO - [Store 997] Starting local training.
2025-03-30 11:10:26 - [Cluster 0 - CLIENT] - INFO - [Store 689] Starting local training.
2025-03-30 11:10:26 - [Cluster 0 - CLIENT] - INFO - [Store 435] Starting local training.
2025-03-30 11:10:26 - [Cluster 0 - CLIENT] - INFO - [Store 395] Starting local training.
2025-03-30 11:10:26 - [Cluster 0 - CLIENT] - INFO - [Store 541] Starting local training.
2025-03-30 11:10:26 - [Cluster 0 - CLIENT] - INFO - [Store 864] Starting local training.
2025-03-30 11:10:26 - [Cluster 0 - CLIENT] - INFO - [Store 1099] Starting local training.
2025-03-30 11:14:06 - [Cluster 0 - CLIENT] - INFO - [Store 1083] Local training complete.
2025-03-30 11:14:06 - [Cluster 0 - CLIENT] - INFO - Sent reply
2025-03-30 11:14:06 - [Cluster 0 - CLIENT] - INFO - 
2025-03-30 11:14:06 - [Cluster 0 - CLIENT] - INFO - Received: train message a0273137-c221-4cd6-9bf3-747619156cc0
2025-03-30 11:14:06 - [Cluster 0 - CLIENT] - INFO - [Store 369] Starting local training.
2025-03-30 11:14:08 - [Cluster 0 - CLIENT] - INFO - [Store 1030] Local training complete.
2025-03-30 11:14:08 - [Cluster 0 - CLIENT] - INFO - Sent reply
2025-03-30 11:14:08 - [Cluster 0 - CLIENT] - INFO - 
2025-03-30 11:14:08 - [Cluster 0 - CLIENT] - INFO - Received: train message 9a706517-173d-4502-92eb-3484e96e618b
2025-03-30 11:14:08 - [Cluster 0 - CLIENT] - INFO - [Store 293] Starting local training.
2025-03-30 11:14:09 - [Cluster 0 - CLIENT] - INFO - [Store 313] Local training complete.
2025-03-30 11:14:09 - [Cluster 0 - CLIENT] - INFO - Sent reply
2025-03-30 11:14:09 - [Cluster 0 - CLIENT] - INFO - 
2025-03-30 11:14:09 - [Cluster 0 - CLIENT] - INFO - Received: train message bd7a57d1-5aa8-45de-b10d-31834f7ed1a7
2025-03-30 11:14:09 - [Cluster 0 - CLIENT] - INFO - [Store 244] Starting local training.
2025-03-30 11:14:09 - [Cluster 0 - CLIENT] - INFO - [Store 395] Local training complete.
2025-03-30 11:14:09 - [Cluster 0 - CLIENT] - INFO - [Store 864] Local training complete.
2025-03-30 11:14:09 - [Cluster 0 - CLIENT] - INFO - [Store 569] Local training complete.
2025-03-30 11:14:09 - [Cluster 0 - CLIENT] - INFO - Sent reply
2025-03-30 11:14:09 - [Cluster 0 - CLIENT] - INFO - Sent reply
2025-03-30 11:14:09 - [Cluster 0 - CLIENT] - INFO - Sent reply
2025-03-30 11:14:09 - [Cluster 0 - CLIENT] - INFO - 
2025-03-30 11:14:09 - [Cluster 0 - CLIENT] - INFO - Received: train message 5c282492-41b7-435c-9802-748fe4eeb8eb
2025-03-30 11:14:09 - [Cluster 0 - CLIENT] - INFO - 
2025-03-30 11:14:09 - [Cluster 0 - CLIENT] - INFO - Received: train message ca1dabd4-52f6-4a64-92e6-cea1c4a2538a
2025-03-30 11:14:09 - [Cluster 0 - CLIENT] - INFO - 
2025-03-30 11:14:09 - [Cluster 0 - CLIENT] - INFO - Received: train message d1f6e20a-ccbf-40d1-ae90-02aab7c435f1
2025-03-30 11:14:09 - [Cluster 0 - CLIENT] - INFO - [Store 435] Local training complete.
2025-03-30 11:14:09 - [Cluster 0 - CLIENT] - INFO - [Store 1015] Starting local training.
2025-03-30 11:14:09 - [Cluster 0 - CLIENT] - INFO - [Store 255] Starting local training.
2025-03-30 11:14:09 - [Cluster 0 - CLIENT] - INFO - [Store 1013] Starting local training.
2025-03-30 11:14:09 - [Cluster 0 - CLIENT] - INFO - Sent reply
2025-03-30 11:14:09 - [Cluster 0 - CLIENT] - INFO - 
2025-03-30 11:14:09 - [Cluster 0 - CLIENT] - INFO - Received: train message 25a20fb7-ec25-488d-9311-9b03de2fcf88
2025-03-30 11:14:09 - [Cluster 0 - CLIENT] - INFO - [Store 63] Starting local training.
2025-03-30 11:14:09 - [Cluster 0 - CLIENT] - INFO - [Store 1076] Local training complete.
2025-03-30 11:14:09 - [Cluster 0 - CLIENT] - INFO - Sent reply
2025-03-30 11:14:09 - [Cluster 0 - CLIENT] - INFO - 
2025-03-30 11:14:09 - [Cluster 0 - CLIENT] - INFO - Received: train message 2442c216-d93f-46c6-9fc6-c7d3676ff43c
2025-03-30 11:14:09 - [Cluster 0 - CLIENT] - INFO - [Store 351] Starting local training.
2025-03-30 11:14:12 - [Cluster 0 - CLIENT] - INFO - [Store 689] Local training complete.
2025-03-30 11:14:12 - [Cluster 0 - CLIENT] - INFO - Sent reply
2025-03-30 11:14:12 - [Cluster 0 - CLIENT] - INFO - 
2025-03-30 11:14:12 - [Cluster 0 - CLIENT] - INFO - Received: train message bc53cc42-7a75-47bf-a61a-bffe3ed204b4
2025-03-30 11:14:12 - [Cluster 0 - CLIENT] - INFO - [Store 680] Starting local training.
2025-03-30 11:14:12 - [Cluster 0 - CLIENT] - INFO - [Store 990] Local training complete.
2025-03-30 11:14:12 - [Cluster 0 - CLIENT] - INFO - Sent reply
2025-03-30 11:14:12 - [Cluster 0 - CLIENT] - INFO - 
2025-03-30 11:14:12 - [Cluster 0 - CLIENT] - INFO - Received: train message bb0c321a-afa5-4be3-9c66-d407d7342a2c
2025-03-30 11:14:12 - [Cluster 0 - CLIENT] - INFO - [Store 600] Starting local training.
2025-03-30 11:14:12 - [Cluster 0 - CLIENT] - INFO - [Store 203] Local training complete.
2025-03-30 11:14:12 - [Cluster 0 - CLIENT] - INFO - Sent reply
2025-03-30 11:14:12 - [Cluster 0 - CLIENT] - INFO - 
2025-03-30 11:14:12 - [Cluster 0 - CLIENT] - INFO - Received: train message 240e09c3-3cd0-4419-967b-f829a0647b09
2025-03-30 11:14:12 - [Cluster 0 - CLIENT] - INFO - [Store 783] Local training complete.
2025-03-30 11:14:13 - [Cluster 0 - CLIENT] - INFO - [Store 1099] Local training complete.
2025-03-30 11:14:13 - [Cluster 0 - CLIENT] - INFO - Sent reply
2025-03-30 11:14:13 - [Cluster 0 - CLIENT] - INFO - 
2025-03-30 11:14:13 - [Cluster 0 - CLIENT] - INFO - Received: train message ce7eb575-caab-41e5-83d3-b1b5608a65b5
2025-03-30 11:14:13 - [Cluster 0 - CLIENT] - INFO - [Store 302] Starting local training.
2025-03-30 11:14:13 - [Cluster 0 - CLIENT] - INFO - Sent reply
2025-03-30 11:14:13 - [Cluster 0 - CLIENT] - INFO - 
2025-03-30 11:14:13 - [Cluster 0 - CLIENT] - INFO - Received: train message ead89121-8587-48d4-9d12-2fae1614c74c
2025-03-30 11:14:13 - [Cluster 0 - CLIENT] - INFO - [Store 462] Starting local training.
2025-03-30 11:14:13 - [Cluster 0 - CLIENT] - INFO - [Store 1030] Starting local training.
2025-03-30 11:14:13 - [Cluster 0 - CLIENT] - INFO - [Store 997] Local training complete.
2025-03-30 11:14:13 - [Cluster 0 - CLIENT] - INFO - Sent reply
2025-03-30 11:14:13 - [Cluster 0 - CLIENT] - INFO - 
2025-03-30 11:14:13 - [Cluster 0 - CLIENT] - INFO - Received: train message 84bfdc34-24e2-4bb7-a7cd-9eccbf6f5a22
2025-03-30 11:14:13 - [Cluster 0 - CLIENT] - INFO - [Store 1084] Starting local training.
2025-03-30 11:14:16 - [Cluster 0 - CLIENT] - INFO - [Store 541] Local training complete.
2025-03-30 11:14:16 - [Cluster 0 - CLIENT] - INFO - Sent reply
2025-03-30 11:14:16 - [Cluster 0 - CLIENT] - INFO - 
2025-03-30 11:14:16 - [Cluster 0 - CLIENT] - INFO - Received: train message de80d598-39a3-49ac-98fc-df98d50f5b6a
2025-03-30 11:14:16 - [Cluster 0 - CLIENT] - INFO - [Store 128] Starting local training.
2025-03-30 11:17:49 - [Cluster 0 - CLIENT] - INFO - [Store 244] Local training complete.
2025-03-30 11:17:49 - [Cluster 0 - CLIENT] - INFO - Sent reply
2025-03-30 11:17:51 - [Cluster 0 - CLIENT] - INFO - [Store 1013] Local training complete.
2025-03-30 11:17:51 - [Cluster 0 - CLIENT] - INFO - Sent reply
2025-03-30 11:17:51 - [Cluster 0 - CLIENT] - INFO - [Store 369] Local training complete.
2025-03-30 11:17:51 - [Cluster 0 - CLIENT] - INFO - Sent reply
2025-03-30 11:17:52 - [Cluster 0 - CLIENT] - INFO - [Store 462] Local training complete.
2025-03-30 11:17:52 - [Cluster 0 - CLIENT] - INFO - Sent reply
2025-03-30 11:17:52 - [Cluster 0 - CLIENT] - INFO - [Store 63] Local training complete.
2025-03-30 11:17:52 - [Cluster 0 - CLIENT] - INFO - Sent reply
2025-03-30 11:17:53 - [Cluster 0 - CLIENT] - INFO - [Store 255] Local training complete.
2025-03-30 11:17:53 - [Cluster 0 - CLIENT] - INFO - [Store 293] Local training complete.
2025-03-30 11:17:53 - [Cluster 0 - CLIENT] - INFO - Sent reply
2025-03-30 11:17:53 - [Cluster 0 - CLIENT] - INFO - Sent reply
2025-03-30 11:17:53 - [Cluster 0 - CLIENT] - INFO - [Store 302] Local training complete.
2025-03-30 11:17:53 - [Cluster 0 - CLIENT] - INFO - Sent reply
2025-03-30 11:17:54 - [Cluster 0 - CLIENT] - INFO - [Store 351] Local training complete.
2025-03-30 11:17:54 - [Cluster 0 - CLIENT] - INFO - Sent reply
2025-03-30 11:17:54 - [Cluster 0 - CLIENT] - INFO - [Store 1015] Local training complete.
2025-03-30 11:17:54 - [Cluster 0 - CLIENT] - INFO - Sent reply
2025-03-30 11:17:55 - [Cluster 0 - CLIENT] - INFO - [Store 1030] Local training complete.
2025-03-30 11:17:55 - [Cluster 0 - CLIENT] - INFO - Sent reply
2025-03-30 11:17:55 - [Cluster 0 - CLIENT] - INFO - [Store 1084] Local training complete.
2025-03-30 11:17:55 - [Cluster 0 - CLIENT] - INFO - Sent reply
2025-03-30 11:17:55 - [Cluster 0 - CLIENT] - INFO - [Store 600] Local training complete.
2025-03-30 11:17:56 - [Cluster 0 - CLIENT] - INFO - Sent reply
2025-03-30 11:17:56 - [Cluster 0 - CLIENT] - INFO - [Store 128] Local training complete.
2025-03-30 11:17:56 - [Cluster 0 - CLIENT] - INFO - Sent reply
2025-03-30 11:17:57 - [Cluster 0 - CLIENT] - INFO - [Store 680] Local training complete.
2025-03-30 11:17:57 - [Cluster 0 - CLIENT] - INFO - Sent reply
2025-03-30 11:17:57 - [Cluster 0 - CLIENT] - INFO - 
2025-03-30 11:17:57 - [Cluster 0 - CLIENT] - INFO - Received: evaluate message 8854a5ef-646c-4262-b8fb-577fc213dfe6
2025-03-30 11:17:57 - [Cluster 0 - CLIENT] - INFO - 
2025-03-30 11:17:57 - [Cluster 0 - CLIENT] - INFO - Received: evaluate message 533cb9b0-f66f-4947-9e69-21607b5a1770
2025-03-30 11:17:57 - [Cluster 0 - CLIENT] - INFO - 
2025-03-30 11:17:57 - [Cluster 0 - CLIENT] - INFO - Received: evaluate message 5f466666-6cee-4d40-bacb-d8b01bd33f45
2025-03-30 11:17:57 - [Cluster 0 - CLIENT] - INFO - 
2025-03-30 11:17:57 - [Cluster 0 - CLIENT] - INFO - Received: evaluate message de3ce3e5-1a1e-4ded-9dfb-76f531f9866d
2025-03-30 11:17:57 - [Cluster 0 - CLIENT] - INFO - 
2025-03-30 11:17:57 - [Cluster 0 - CLIENT] - INFO - Received: evaluate message 0445def5-697b-41ca-93cc-d17d9c84f3cd
2025-03-30 11:17:57 - [Cluster 0 - CLIENT] - INFO - 
2025-03-30 11:17:57 - [Cluster 0 - CLIENT] - INFO - Received: evaluate message 5c258e0a-744d-489f-9a72-b3b025b1105b
2025-03-30 11:17:57 - [Cluster 0 - CLIENT] - INFO - 
2025-03-30 11:17:57 - [Cluster 0 - CLIENT] - INFO - Received: evaluate message 07c1576f-0a9a-46f5-81c7-86c889965920
2025-03-30 11:17:57 - [Cluster 0 - CLIENT] - INFO - 
2025-03-30 11:17:57 - [Cluster 0 - CLIENT] - INFO - Received: evaluate message 2fded5f1-227e-45ac-a0fa-ceb8db65fa4b
2025-03-30 11:17:57 - [Cluster 0 - CLIENT] - INFO - 
2025-03-30 11:17:57 - [Cluster 0 - CLIENT] - INFO - Received: evaluate message 7e47db55-7f47-4c4a-a630-214b66ea5aa8
2025-03-30 11:17:57 - [Cluster 0 - CLIENT] - INFO - 
2025-03-30 11:17:57 - [Cluster 0 - CLIENT] - INFO - Received: evaluate message 935f1213-f4f2-40df-9f80-a396650db165
2025-03-30 11:17:57 - [Cluster 0 - CLIENT] - INFO - 
2025-03-30 11:17:57 - [Cluster 0 - CLIENT] - INFO - Received: evaluate message 61e13b02-7114-4875-bdfd-a363b7779efd
2025-03-30 11:17:57 - [Cluster 0 - CLIENT] - INFO - 
2025-03-30 11:17:57 - [Cluster 0 - CLIENT] - INFO - 
2025-03-30 11:17:57 - [Cluster 0 - CLIENT] - INFO - Received: evaluate message d834f01f-ce77-4300-a58b-c99d31cc105e
2025-03-30 11:17:57 - [Cluster 0 - CLIENT] - INFO - Received: evaluate message d2c5f35c-9c3c-43ea-863d-11b7c5728aa5
2025-03-30 11:17:57 - [Cluster 0 - CLIENT] - INFO - 
2025-03-30 11:17:57 - [Cluster 0 - CLIENT] - INFO - Received: evaluate message 9c7a1bbd-92c4-45f1-bab5-f86b2d04d92f
2025-03-30 11:17:57 - [Cluster 0 - CLIENT] - INFO - 
2025-03-30 11:17:57 - [Cluster 0 - CLIENT] - INFO - Received: evaluate message 20a3bb7e-4cb8-4845-af93-190b3d9dc1a4
2025-03-30 11:17:58 - [Cluster 0 - CLIENT] - INFO - [Store 462] Evaluation - Loss: 0.1984, MAE: 0.2894
2025-03-30 11:17:58 - [Cluster 0 - CLIENT] - INFO - Sent reply
2025-03-30 11:17:58 - [Cluster 0 - CLIENT] - INFO - 
2025-03-30 11:17:58 - [Cluster 0 - CLIENT] - INFO - Received: evaluate message af547aa7-9935-4a37-977c-6a3777a179a7
2025-03-30 11:17:58 - [Cluster 0 - CLIENT] - INFO - [Store 680] Evaluation - Loss: 0.3193, MAE: 0.3899
2025-03-30 11:17:58 - [Cluster 0 - CLIENT] - INFO - Sent reply
2025-03-30 11:17:58 - [Cluster 0 - CLIENT] - INFO - 
2025-03-30 11:17:58 - [Cluster 0 - CLIENT] - INFO - Received: evaluate message c8fd7016-9b04-4fe0-91ee-f0e12445cd6d
2025-03-30 11:17:58 - [Cluster 0 - CLIENT] - INFO - [Store 600] Evaluation - Loss: 0.2761, MAE: 0.3170
2025-03-30 11:17:58 - [Cluster 0 - CLIENT] - INFO - Sent reply
2025-03-30 11:17:58 - [Cluster 0 - CLIENT] - INFO - 
2025-03-30 11:17:58 - [Cluster 0 - CLIENT] - INFO - Received: evaluate message 4e436dd7-7f37-42ea-9487-d0099a4e70d8
2025-03-30 11:17:58 - [Cluster 0 - CLIENT] - INFO - [Store 1013] Evaluation - Loss: 0.2525, MAE: 0.3330
2025-03-30 11:17:58 - [Cluster 0 - CLIENT] - INFO - [Store 128] Evaluation - Loss: 0.3343, MAE: 0.3737
2025-03-30 11:17:58 - [Cluster 0 - CLIENT] - INFO - Sent reply
2025-03-30 11:17:58 - [Cluster 0 - CLIENT] - INFO - Sent reply
2025-03-30 11:17:58 - [Cluster 0 - CLIENT] - INFO - [Store 1030] Evaluation - Loss: 0.2196, MAE: 0.3197
2025-03-30 11:17:58 - [Cluster 0 - CLIENT] - INFO - Sent reply
2025-03-30 11:17:58 - [Cluster 0 - CLIENT] - INFO - 
2025-03-30 11:17:58 - [Cluster 0 - CLIENT] - INFO - Received: evaluate message 388a8d40-c9f0-4f3a-aeca-95af7050b440
2025-03-30 11:17:58 - [Cluster 0 - CLIENT] - INFO - 
2025-03-30 11:17:58 - [Cluster 0 - CLIENT] - INFO - Received: evaluate message 2f0602ff-0775-4723-9a15-487f438bb150
2025-03-30 11:17:58 - [Cluster 0 - CLIENT] - INFO - 
2025-03-30 11:17:58 - [Cluster 0 - CLIENT] - INFO - Received: evaluate message b13816f7-0457-425e-a9d6-37777f8ae341
2025-03-30 11:17:58 - [Cluster 0 - CLIENT] - INFO - [Store 313] Evaluation - Loss: 0.2029, MAE: 0.2876
2025-03-30 11:17:58 - [Cluster 0 - CLIENT] - INFO - Sent reply
2025-03-30 11:17:58 - [Cluster 0 - CLIENT] - INFO - [Store 302] Evaluation - Loss: 0.3077, MAE: 0.3488
2025-03-30 11:17:58 - [Cluster 0 - CLIENT] - INFO - Sent reply
2025-03-30 11:17:59 - [Cluster 0 - CLIENT] - INFO - 
2025-03-30 11:17:59 - [Cluster 0 - CLIENT] - INFO - Received: evaluate message 463cdfa9-60e2-43ea-9c8c-3c06dc41434c
2025-03-30 11:17:59 - [Cluster 0 - CLIENT] - INFO - [Store 203] Evaluation - Loss: 0.2207, MAE: 0.2758
2025-03-30 11:17:59 - [Cluster 0 - CLIENT] - INFO - Sent reply
2025-03-30 11:17:59 - [Cluster 0 - CLIENT] - INFO - [Store 369] Evaluation - Loss: 0.2314, MAE: 0.3109
2025-03-30 11:17:59 - [Cluster 0 - CLIENT] - INFO - 
2025-03-30 11:17:59 - [Cluster 0 - CLIENT] - INFO - [Store 293] Evaluation - Loss: 0.2175, MAE: 0.2875
2025-03-30 11:17:59 - [Cluster 0 - CLIENT] - INFO - Received: evaluate message d4c83701-fd5d-4cd1-807e-ea7139a3ed98
2025-03-30 11:17:59 - [Cluster 0 - CLIENT] - INFO - Sent reply
2025-03-30 11:17:59 - [Cluster 0 - CLIENT] - INFO - Sent reply
2025-03-30 11:17:59 - [Cluster 0 - CLIENT] - INFO - 
2025-03-30 11:17:59 - [Cluster 0 - CLIENT] - INFO - Received: evaluate message 76a9c4b0-52b0-4a94-84a7-32cd1acc8acc
2025-03-30 11:17:59 - [Cluster 0 - CLIENT] - INFO - 
2025-03-30 11:17:59 - [Cluster 0 - CLIENT] - INFO - 
2025-03-30 11:17:59 - [Cluster 0 - CLIENT] - INFO - Received: evaluate message 1f661f48-0a9a-41ff-9b42-317565715542
2025-03-30 11:17:59 - [Cluster 0 - CLIENT] - INFO - Received: evaluate message 9524346b-1d35-45c5-8f31-92a25a29b041
2025-03-30 11:17:59 - [Cluster 0 - CLIENT] - INFO - [Store 1099] Evaluation - Loss: 0.3445, MAE: 0.4011
2025-03-30 11:17:59 - [Cluster 0 - CLIENT] - INFO - Sent reply
2025-03-30 11:17:59 - [Cluster 0 - CLIENT] - INFO - 
2025-03-30 11:17:59 - [Cluster 0 - CLIENT] - INFO - Received: evaluate message d9431bcc-e990-405d-a8f4-2a8751aa8009
2025-03-30 11:17:59 - [Cluster 0 - CLIENT] - INFO - [Store 1083] Evaluation - Loss: 0.4507, MAE: 0.4768
2025-03-30 11:17:59 - [Cluster 0 - CLIENT] - INFO - Sent reply
2025-03-30 11:17:59 - [Cluster 0 - CLIENT] - INFO - 
2025-03-30 11:17:59 - [Cluster 0 - CLIENT] - INFO - Received: evaluate message 104bb8d1-ee73-49eb-b958-c0c15ccd09cb
2025-03-30 11:17:59 - [Cluster 0 - CLIENT] - INFO - [Store 997] Evaluation - Loss: 0.2363, MAE: 0.3030
2025-03-30 11:17:59 - [Cluster 0 - CLIENT] - INFO - Sent reply
2025-03-30 11:17:59 - [Cluster 0 - CLIENT] - INFO - 
2025-03-30 11:17:59 - [Cluster 0 - CLIENT] - INFO - Received: evaluate message 2732a1ce-c146-46fb-be57-2b58db20f70c
2025-03-30 11:17:59 - [Cluster 0 - CLIENT] - INFO - [Store 783] Evaluation - Loss: 0.2152, MAE: 0.2963
2025-03-30 11:17:59 - [Cluster 0 - CLIENT] - INFO - Sent reply
2025-03-30 11:17:59 - [Cluster 0 - CLIENT] - INFO - 
2025-03-30 11:17:59 - [Cluster 0 - CLIENT] - INFO - Received: evaluate message 77fbce83-a11c-4361-b3fe-5e8bdf4770bc
2025-03-30 11:18:00 - [Cluster 0 - CLIENT] - INFO - [Store 541] Evaluation - Loss: 0.2455, MAE: 0.2894
2025-03-30 11:18:00 - [Cluster 0 - CLIENT] - INFO - Sent reply
2025-03-30 11:18:00 - [Cluster 0 - CLIENT] - INFO - [Store 689] Evaluation - Loss: 0.2105, MAE: 0.2629
2025-03-30 11:18:00 - [Cluster 0 - CLIENT] - INFO - Sent reply
2025-03-30 11:18:00 - [Cluster 0 - CLIENT] - INFO - [Store 351] Evaluation - Loss: 0.2212, MAE: 0.2880
2025-03-30 11:18:00 - [Cluster 0 - CLIENT] - INFO - Sent reply
2025-03-30 11:18:00 - [Cluster 0 - CLIENT] - INFO - [Store 990] Evaluation - Loss: 0.2005, MAE: 0.2811
2025-03-30 11:18:00 - [Cluster 0 - CLIENT] - INFO - Sent reply
2025-03-30 11:18:00 - [Cluster 0 - CLIENT] - INFO - [Store 1015] Evaluation - Loss: 0.2661, MAE: 0.3086
2025-03-30 11:18:00 - [Cluster 0 - CLIENT] - INFO - [Store 255] Evaluation - Loss: 0.2628, MAE: 0.3215
2025-03-30 11:18:00 - [Cluster 0 - CLIENT] - INFO - Sent reply
2025-03-30 11:18:00 - [Cluster 0 - CLIENT] - INFO - Sent reply
2025-03-30 11:18:00 - [Cluster 0 - CLIENT] - INFO - [Store 63] Evaluation - Loss: 0.2741, MAE: 0.3365
2025-03-30 11:18:00 - [Cluster 0 - CLIENT] - INFO - Sent reply
2025-03-30 11:18:00 - [Cluster 0 - CLIENT] - INFO - [Store 1076] Evaluation - Loss: 0.5430, MAE: 0.5038
2025-03-30 11:18:00 - [Cluster 0 - CLIENT] - INFO - Sent reply
2025-03-30 11:18:00 - [Cluster 0 - CLIENT] - INFO - [Store 395] Evaluation - Loss: 0.2773, MAE: 0.3167
2025-03-30 11:18:00 - [Cluster 0 - CLIENT] - INFO - Sent reply
2025-03-30 11:18:00 - [Cluster 0 - CLIENT] - INFO - [Store 864] Evaluation - Loss: 0.2834, MAE: 0.3301
2025-03-30 11:18:00 - [Cluster 0 - CLIENT] - INFO - Sent reply
2025-03-30 11:18:00 - [Cluster 0 - CLIENT] - INFO - [Store 244] Evaluation - Loss: 0.3315, MAE: 0.3696
2025-03-30 11:18:00 - [Cluster 0 - CLIENT] - INFO - Sent reply
2025-03-30 11:18:00 - [Cluster 0 - CLIENT] - INFO - [Store 435] Evaluation - Loss: 0.2268, MAE: 0.2773
2025-03-30 11:18:00 - [Cluster 0 - CLIENT] - INFO - Sent reply
2025-03-30 11:18:00 - [Cluster 0 - CLIENT] - INFO - [Store 1084] Evaluation - Loss: 0.2852, MAE: 0.3204
2025-03-30 11:18:00 - [Cluster 0 - CLIENT] - INFO - Sent reply
2025-03-30 11:18:00 - [Cluster 0 - CLIENT] - INFO - [Store 569] Evaluation - Loss: 0.2270, MAE: 0.3122
2025-03-30 11:18:00 - [Cluster 0 - CLIENT] - INFO - Sent reply
2025-03-30 11:18:00 - [Cluster 0 - CLIENT] - INFO - [Store 1030] Evaluation - Loss: 0.2196, MAE: 0.3197
2025-03-30 11:18:00 - [Cluster 0 - CLIENT] - INFO - Sent reply
2025-03-30 11:18:00 - [Cluster 0 - CLIENT] - INFO - 
2025-03-30 11:18:00 - [Cluster 0 - CLIENT] - INFO - 
2025-03-30 11:18:00 - [Cluster 0 - CLIENT] - INFO - 
2025-03-30 11:18:00 - [Cluster 0 - CLIENT] - INFO - Received: train message db857997-e042-455d-ba8f-c211c60b163d
2025-03-30 11:18:00 - [Cluster 0 - CLIENT] - INFO - Received: train message 766060c0-4de2-427e-91b3-a9c172c68617
2025-03-30 11:18:00 - [Cluster 0 - CLIENT] - INFO - Received: train message 630047b6-c6bb-4758-938a-0a34b9827705
2025-03-30 11:18:00 - [Cluster 0 - CLIENT] - INFO - 
2025-03-30 11:18:00 - [Cluster 0 - CLIENT] - INFO - Received: train message 88a81011-807b-4490-baa5-fbeb498d7aff
2025-03-30 11:18:00 - [Cluster 0 - CLIENT] - INFO - 
2025-03-30 11:18:00 - [Cluster 0 - CLIENT] - INFO - Received: train message baa98b84-5429-4c4f-9311-e54888ef96e2
2025-03-30 11:18:00 - [Cluster 0 - CLIENT] - INFO - 
2025-03-30 11:18:00 - [Cluster 0 - CLIENT] - INFO - Received: train message 4b6c6742-3454-42bf-aab7-08dcdb634a4d
2025-03-30 11:18:00 - [Cluster 0 - CLIENT] - INFO - 
2025-03-30 11:18:00 - [Cluster 0 - CLIENT] - INFO - 
2025-03-30 11:18:00 - [Cluster 0 - CLIENT] - INFO - Received: train message 3e2fc92d-11ba-4257-998c-07ce21b57ba6
2025-03-30 11:18:00 - [Cluster 0 - CLIENT] - INFO - Received: train message ed09e6ab-04f0-47e3-b020-5d16d6777ca7
2025-03-30 11:18:00 - [Cluster 0 - CLIENT] - INFO - 
2025-03-30 11:18:00 - [Cluster 0 - CLIENT] - INFO - 
2025-03-30 11:18:00 - [Cluster 0 - CLIENT] - INFO - Received: train message 5185aa0d-3f81-4f08-a2d9-d8332ff969f8
2025-03-30 11:18:00 - [Cluster 0 - CLIENT] - INFO - Received: train message efb854a9-152d-4ab6-9568-4c2ddfbf51ce
2025-03-30 11:18:00 - [Cluster 0 - CLIENT] - INFO - 
2025-03-30 11:18:00 - [Cluster 0 - CLIENT] - INFO - Received: train message ad813d00-4551-425b-a3d4-001229568855
2025-03-30 11:18:00 - [Cluster 0 - CLIENT] - INFO - 
2025-03-30 11:18:00 - [Cluster 0 - CLIENT] - INFO - Received: train message 0f36999f-867c-4eb6-89d1-1a632d41df1e
2025-03-30 11:18:00 - [Cluster 0 - CLIENT] - INFO - 
2025-03-30 11:18:00 - [Cluster 0 - CLIENT] - INFO - Received: train message d3d60dd7-9d6b-483b-9621-df1d0335a6f2
2025-03-30 11:18:00 - [Cluster 0 - CLIENT] - INFO - [Store 990] Starting local training.
2025-03-30 11:18:00 - [Cluster 0 - CLIENT] - INFO - 
2025-03-30 11:18:00 - [Cluster 0 - CLIENT] - INFO - Received: train message 8dd57b84-3ac8-4ed3-b253-d077809312ff
2025-03-30 11:18:00 - [Cluster 0 - CLIENT] - INFO - 
2025-03-30 11:18:00 - [Cluster 0 - CLIENT] - INFO - Received: train message 4a6331cc-d48b-4d46-88f6-52380dd3ed4c
2025-03-30 11:18:00 - [Cluster 0 - CLIENT] - INFO - [Store 1030] Starting local training.
2025-03-30 11:18:00 - [Cluster 0 - CLIENT] - INFO - [Store 783] Starting local training.
2025-03-30 11:18:00 - [Cluster 0 - CLIENT] - INFO - [Store 1099] Starting local training.
2025-03-30 11:18:00 - [Cluster 0 - CLIENT] - INFO - [Store 1015] Starting local training.
2025-03-30 11:18:00 - [Cluster 0 - CLIENT] - INFO - [Store 997] Starting local training.
2025-03-30 11:18:00 - [Cluster 0 - CLIENT] - INFO - [Store 203] Starting local training.
2025-03-30 11:18:00 - [Cluster 0 - CLIENT] - INFO - [Store 63] Starting local training.
2025-03-30 11:18:00 - [Cluster 0 - CLIENT] - INFO - [Store 255] Starting local training.
2025-03-30 11:18:00 - [Cluster 0 - CLIENT] - INFO - [Store 244] Starting local training.
2025-03-30 11:18:00 - [Cluster 0 - CLIENT] - INFO - [Store 313] Starting local training.
2025-03-30 11:18:00 - [Cluster 0 - CLIENT] - INFO - [Store 1084] Starting local training.
2025-03-30 11:18:00 - [Cluster 0 - CLIENT] - INFO - [Store 128] Starting local training.
2025-03-30 11:18:00 - [Cluster 0 - CLIENT] - INFO - [Store 569] Starting local training.
2025-03-30 11:18:00 - [Cluster 0 - CLIENT] - INFO - [Store 435] Starting local training.
2025-03-30 11:21:38 - [Cluster 0 - CLIENT] - INFO - [Store 63] Local training complete.
2025-03-30 11:21:38 - [Cluster 0 - CLIENT] - INFO - Sent reply
2025-03-30 11:21:38 - [Cluster 0 - CLIENT] - INFO - 
2025-03-30 11:21:38 - [Cluster 0 - CLIENT] - INFO - Received: train message 01df955a-9ff1-4d8e-b9fe-ef011f48b7c0
2025-03-30 11:21:38 - [Cluster 0 - CLIENT] - INFO - [Store 680] Starting local training.
2025-03-30 11:21:39 - [Cluster 0 - CLIENT] - INFO - [Store 313] Local training complete.
2025-03-30 11:21:40 - [Cluster 0 - CLIENT] - INFO - [Store 569] Local training complete.
2025-03-30 11:21:40 - [Cluster 0 - CLIENT] - INFO - Sent reply
2025-03-30 11:21:40 - [Cluster 0 - CLIENT] - INFO - 
2025-03-30 11:21:40 - [Cluster 0 - CLIENT] - INFO - Received: train message 7cf2f2ee-fce7-4681-b023-cb42a0b62b24
2025-03-30 11:21:40 - [Cluster 0 - CLIENT] - INFO - [Store 1076] Starting local training.
2025-03-30 11:21:40 - [Cluster 0 - CLIENT] - INFO - [Store 1099] Local training complete.
2025-03-30 11:21:40 - [Cluster 0 - CLIENT] - INFO - [Store 1030] Local training complete.
2025-03-30 11:21:40 - [Cluster 0 - CLIENT] - INFO - Sent reply
2025-03-30 11:21:40 - [Cluster 0 - CLIENT] - INFO - Sent reply
2025-03-30 11:21:40 - [Cluster 0 - CLIENT] - INFO - Sent reply
2025-03-30 11:21:40 - [Cluster 0 - CLIENT] - INFO - 
2025-03-30 11:21:40 - [Cluster 0 - CLIENT] - INFO - Received: train message 34f1cef7-6eb4-4b02-8e7b-597a15d53fc8
2025-03-30 11:21:40 - [Cluster 0 - CLIENT] - INFO - 
2025-03-30 11:21:40 - [Cluster 0 - CLIENT] - INFO - 
2025-03-30 11:21:40 - [Cluster 0 - CLIENT] - INFO - Received: train message 7037600a-6d76-43bf-a521-38adb7a6e4f2
2025-03-30 11:21:40 - [Cluster 0 - CLIENT] - INFO - Received: train message 164d99a1-373b-443b-be13-bae455f0927d
2025-03-30 11:21:40 - [Cluster 0 - CLIENT] - INFO - [Store 1083] Starting local training.
2025-03-30 11:21:40 - [Cluster 0 - CLIENT] - INFO - [Store 1030] Starting local training.
2025-03-30 11:21:40 - [Cluster 0 - CLIENT] - INFO - [Store 369] Starting local training.
2025-03-30 11:21:41 - [Cluster 0 - CLIENT] - INFO - [Store 783] Local training complete.
2025-03-30 11:21:41 - [Cluster 0 - CLIENT] - INFO - Sent reply
2025-03-30 11:21:41 - [Cluster 0 - CLIENT] - INFO - 
2025-03-30 11:21:41 - [Cluster 0 - CLIENT] - INFO - Received: train message 3565b2f2-9675-4f09-89bd-2360d185da95
2025-03-30 11:21:41 - [Cluster 0 - CLIENT] - INFO - [Store 990] Local training complete.
2025-03-30 11:21:41 - [Cluster 0 - CLIENT] - INFO - Sent reply
2025-03-30 11:21:41 - [Cluster 0 - CLIENT] - INFO - 
2025-03-30 11:21:41 - [Cluster 0 - CLIENT] - INFO - Received: train message 4f420c3d-c471-4d6a-9a5e-c7963001eb7f
2025-03-30 11:21:42 - [Cluster 0 - CLIENT] - INFO - [Store 1013] Starting local training.
2025-03-30 11:21:42 - [Cluster 0 - CLIENT] - INFO - [Store 293] Starting local training.
2025-03-30 11:21:43 - [Cluster 0 - CLIENT] - INFO - [Store 128] Local training complete.
2025-03-30 11:21:43 - [Cluster 0 - CLIENT] - INFO - Sent reply
2025-03-30 11:21:43 - [Cluster 0 - CLIENT] - INFO - 
2025-03-30 11:21:43 - [Cluster 0 - CLIENT] - INFO - Received: train message 00224641-b027-40a5-93dc-e71892e748b8
2025-03-30 11:21:43 - [Cluster 0 - CLIENT] - INFO - [Store 997] Local training complete.
2025-03-30 11:21:43 - [Cluster 0 - CLIENT] - INFO - [Store 244] Local training complete.
2025-03-30 11:21:43 - [Cluster 0 - CLIENT] - INFO - [Store 541] Starting local training.
2025-03-30 11:21:43 - [Cluster 0 - CLIENT] - INFO - Sent reply
2025-03-30 11:21:43 - [Cluster 0 - CLIENT] - INFO - 
2025-03-30 11:21:43 - [Cluster 0 - CLIENT] - INFO - Received: train message 47743731-795b-4ebb-a9fe-722288bd5d2e
2025-03-30 11:21:43 - [Cluster 0 - CLIENT] - INFO - [Store 351] Starting local training.
2025-03-30 11:21:43 - [Cluster 0 - CLIENT] - INFO - Sent reply
2025-03-30 11:21:43 - [Cluster 0 - CLIENT] - INFO - 
2025-03-30 11:21:43 - [Cluster 0 - CLIENT] - INFO - Received: train message 981b9641-42d4-4136-b6b4-4c1376787db9
2025-03-30 11:21:43 - [Cluster 0 - CLIENT] - INFO - [Store 302] Starting local training.
2025-03-30 11:21:44 - [Cluster 0 - CLIENT] - INFO - [Store 435] Local training complete.
2025-03-30 11:21:44 - [Cluster 0 - CLIENT] - INFO - Sent reply
2025-03-30 11:21:44 - [Cluster 0 - CLIENT] - INFO - 
2025-03-30 11:21:44 - [Cluster 0 - CLIENT] - INFO - Received: train message fbefcfb3-5f64-415f-aa5f-8c8841eaf9cd
2025-03-30 11:21:44 - [Cluster 0 - CLIENT] - INFO - [Store 395] Starting local training.
2025-03-30 11:21:44 - [Cluster 0 - CLIENT] - INFO - [Store 255] Local training complete.
2025-03-30 11:21:45 - [Cluster 0 - CLIENT] - INFO - Sent reply
2025-03-30 11:21:45 - [Cluster 0 - CLIENT] - INFO - 
2025-03-30 11:21:45 - [Cluster 0 - CLIENT] - INFO - Received: train message 6de16c6f-74bc-4a72-8ce2-409524de8fa9
2025-03-30 11:21:45 - [Cluster 0 - CLIENT] - INFO - [Store 600] Starting local training.
2025-03-30 11:22:06 - [Cluster 0 - CLIENT] - INFO - [Store 203] Local training complete.
2025-03-30 11:22:07 - [Cluster 0 - CLIENT] - INFO - Sent reply
2025-03-30 11:22:07 - [Cluster 0 - CLIENT] - INFO - 
2025-03-30 11:22:07 - [Cluster 0 - CLIENT] - INFO - Received: train message d46f1ff6-645c-48de-93de-11054bf26665
2025-03-30 11:22:07 - [Cluster 0 - CLIENT] - INFO - [Store 689] Starting local training.
2025-03-30 11:22:07 - [Cluster 0 - CLIENT] - INFO - [Store 1015] Local training complete.
2025-03-30 11:22:07 - [Cluster 0 - CLIENT] - INFO - Sent reply
2025-03-30 11:22:07 - [Cluster 0 - CLIENT] - INFO - 
2025-03-30 11:22:07 - [Cluster 0 - CLIENT] - INFO - Received: train message c3669d3a-45f1-4cee-8722-831c028b1f7e
2025-03-30 11:22:07 - [Cluster 0 - CLIENT] - INFO - [Store 864] Starting local training.
2025-03-30 11:22:10 - [Cluster 0 - CLIENT] - INFO - [Store 1084] Local training complete.
2025-03-30 11:22:10 - [Cluster 0 - CLIENT] - INFO - Sent reply
2025-03-30 11:22:10 - [Cluster 0 - CLIENT] - INFO - 
2025-03-30 11:22:10 - [Cluster 0 - CLIENT] - INFO - Received: train message 60cd241f-58fc-48a9-9c0a-9ec316e5c1b3
2025-03-30 11:22:10 - [Cluster 0 - CLIENT] - INFO - [Store 462] Starting local training.
2025-03-30 11:25:19 - [Cluster 0 - CLIENT] - INFO - [Store 1076] Local training complete.
2025-03-30 11:25:20 - [Cluster 0 - CLIENT] - INFO - Sent reply
2025-03-30 11:25:20 - [Cluster 0 - CLIENT] - INFO - [Store 369] Local training complete.
2025-03-30 11:25:20 - [Cluster 0 - CLIENT] - INFO - Sent reply
2025-03-30 11:25:21 - [Cluster 0 - CLIENT] - INFO - [Store 1083] Local training complete.
2025-03-30 11:25:21 - [Cluster 0 - CLIENT] - INFO - Sent reply
2025-03-30 11:25:23 - [Cluster 0 - CLIENT] - INFO - [Store 680] Local training complete.
2025-03-30 11:25:23 - [Cluster 0 - CLIENT] - INFO - Sent reply
2025-03-30 11:25:26 - [Cluster 0 - CLIENT] - INFO - [Store 302] Local training complete.
2025-03-30 11:25:26 - [Cluster 0 - CLIENT] - INFO - Sent reply
2025-03-30 11:25:26 - [Cluster 0 - CLIENT] - INFO - [Store 1013] Local training complete.
2025-03-30 11:25:26 - [Cluster 0 - CLIENT] - INFO - Sent reply
2025-03-30 11:25:27 - [Cluster 0 - CLIENT] - INFO - [Store 1030] Local training complete.
2025-03-30 11:25:27 - [Cluster 0 - CLIENT] - INFO - Sent reply
2025-03-30 11:25:27 - [Cluster 0 - CLIENT] - INFO - [Store 541] Local training complete.
2025-03-30 11:25:27 - [Cluster 0 - CLIENT] - INFO - Sent reply
2025-03-30 11:25:27 - [Cluster 0 - CLIENT] - INFO - [Store 351] Local training complete.
2025-03-30 11:25:27 - [Cluster 0 - CLIENT] - INFO - Sent reply
2025-03-30 11:25:28 - [Cluster 0 - CLIENT] - INFO - [Store 600] Local training complete.
2025-03-30 11:25:28 - [Cluster 0 - CLIENT] - INFO - Sent reply
2025-03-30 11:25:28 - [Cluster 0 - CLIENT] - INFO - [Store 293] Local training complete.
2025-03-30 11:25:28 - [Cluster 0 - CLIENT] - INFO - Sent reply
2025-03-30 11:25:31 - [Cluster 0 - CLIENT] - INFO - [Store 395] Local training complete.
2025-03-30 11:25:31 - [Cluster 0 - CLIENT] - INFO - Sent reply
2025-03-30 11:25:32 - [Cluster 0 - CLIENT] - INFO - [Store 689] Local training complete.
2025-03-30 11:25:32 - [Cluster 0 - CLIENT] - INFO - Sent reply
2025-03-30 11:25:32 - [Cluster 0 - CLIENT] - INFO - [Store 864] Local training complete.
2025-03-30 11:25:32 - [Cluster 0 - CLIENT] - INFO - Sent reply
2025-03-30 11:25:32 - [Cluster 0 - CLIENT] - INFO - [Store 462] Local training complete.
2025-03-30 11:25:32 - [Cluster 0 - CLIENT] - INFO - Sent reply
2025-03-30 11:25:32 - [Cluster 0 - CLIENT] - INFO - 
2025-03-30 11:25:32 - [Cluster 0 - CLIENT] - INFO - Received: evaluate message 0ad1eaf1-a340-47dc-a661-c523359c9385
2025-03-30 11:25:32 - [Cluster 0 - CLIENT] - INFO - 
2025-03-30 11:25:32 - [Cluster 0 - CLIENT] - INFO - Received: evaluate message 9ea6d100-56b0-4a65-89cc-7383688b0f9e
2025-03-30 11:25:32 - [Cluster 0 - CLIENT] - INFO - 
2025-03-30 11:25:32 - [Cluster 0 - CLIENT] - INFO - Received: evaluate message ba78c4d0-a98f-4014-a4af-e210ea7e4e74
2025-03-30 11:25:32 - [Cluster 0 - CLIENT] - INFO - 
2025-03-30 11:25:32 - [Cluster 0 - CLIENT] - INFO - Received: evaluate message 7fa967f4-f925-46c3-87ca-04b052e539a1
2025-03-30 11:25:32 - [Cluster 0 - CLIENT] - INFO - 
2025-03-30 11:25:32 - [Cluster 0 - CLIENT] - INFO - Received: evaluate message 19c48ce7-0dd3-471c-8af9-7fac7dbd94b9
2025-03-30 11:25:32 - [Cluster 0 - CLIENT] - INFO - 
2025-03-30 11:25:32 - [Cluster 0 - CLIENT] - INFO - Received: evaluate message 1cc837ef-00c1-4e38-aa58-935470f49f96
2025-03-30 11:25:32 - [Cluster 0 - CLIENT] - INFO - 
2025-03-30 11:25:32 - [Cluster 0 - CLIENT] - INFO - Received: evaluate message 1d060bc1-9ec6-4720-85e9-ed4031ad2abb
2025-03-30 11:25:32 - [Cluster 0 - CLIENT] - INFO - 
2025-03-30 11:25:32 - [Cluster 0 - CLIENT] - INFO - Received: evaluate message 5d16749d-a9c0-4238-80e1-784cf142953b
2025-03-30 11:25:32 - [Cluster 0 - CLIENT] - INFO - 
2025-03-30 11:25:32 - [Cluster 0 - CLIENT] - INFO - Received: evaluate message fbf0a4cf-f231-452d-99d8-63cdf1ca2ac8
2025-03-30 11:25:32 - [Cluster 0 - CLIENT] - INFO - 
2025-03-30 11:25:32 - [Cluster 0 - CLIENT] - INFO - Received: evaluate message 5b248154-dea5-4fd7-af99-37e0011534e3
2025-03-30 11:25:32 - [Cluster 0 - CLIENT] - INFO - 
2025-03-30 11:25:32 - [Cluster 0 - CLIENT] - INFO - Received: evaluate message 6b42d679-65a7-4d21-83aa-39b56cef153a
2025-03-30 11:25:32 - [Cluster 0 - CLIENT] - INFO - 
2025-03-30 11:25:32 - [Cluster 0 - CLIENT] - INFO - Received: evaluate message 3ae0f8fe-4a50-4c92-ba23-d9744e88a18d
2025-03-30 11:25:32 - [Cluster 0 - CLIENT] - INFO - 
2025-03-30 11:25:32 - [Cluster 0 - CLIENT] - INFO - Received: evaluate message c756cda9-158b-451b-a215-015f0b0837b6
2025-03-30 11:25:32 - [Cluster 0 - CLIENT] - INFO - 
2025-03-30 11:25:32 - [Cluster 0 - CLIENT] - INFO - Received: evaluate message 0c0f4616-0f21-4277-b5af-9001d69c91b9
2025-03-30 11:25:32 - [Cluster 0 - CLIENT] - INFO - 
2025-03-30 11:25:32 - [Cluster 0 - CLIENT] - INFO - Received: evaluate message c1e63bdf-dd42-49c3-b4f2-8013aa66ee21
2025-03-30 11:25:33 - [Cluster 0 - CLIENT] - INFO - [Store 293] Evaluation - Loss: 0.2154, MAE: 0.2825
2025-03-30 11:25:33 - [Cluster 0 - CLIENT] - INFO - Sent reply
2025-03-30 11:25:33 - [Cluster 0 - CLIENT] - INFO - 
2025-03-30 11:25:33 - [Cluster 0 - CLIENT] - INFO - Received: evaluate message 854b38c3-df5a-4fa2-8263-f7c5cab168b4
2025-03-30 11:25:33 - [Cluster 0 - CLIENT] - INFO - [Store 1083] Evaluation - Loss: 0.4462, MAE: 0.4714
2025-03-30 11:25:33 - [Cluster 0 - CLIENT] - INFO - Sent reply
2025-03-30 11:25:33 - [Cluster 0 - CLIENT] - INFO - 
2025-03-30 11:25:33 - [Cluster 0 - CLIENT] - INFO - Received: evaluate message 5f77c60d-5c30-4efb-9727-f9b8c441bdfb
2025-03-30 11:25:33 - [Cluster 0 - CLIENT] - INFO - [Store 600] Evaluation - Loss: 0.2705, MAE: 0.3130
2025-03-30 11:25:33 - [Cluster 0 - CLIENT] - INFO - Sent reply
2025-03-30 11:25:33 - [Cluster 0 - CLIENT] - INFO - [Store 1013] Evaluation - Loss: 0.2527, MAE: 0.3366
2025-03-30 11:25:33 - [Cluster 0 - CLIENT] - INFO - Sent reply
2025-03-30 11:25:33 - [Cluster 0 - CLIENT] - INFO - 
2025-03-30 11:25:33 - [Cluster 0 - CLIENT] - INFO - Received: evaluate message 8da6e24f-488d-4650-b81b-1dbe0447c769
2025-03-30 11:25:33 - [Cluster 0 - CLIENT] - INFO - 
2025-03-30 11:25:33 - [Cluster 0 - CLIENT] - INFO - Received: evaluate message 5a400f3e-4dc2-41f7-a44d-d945e641a9a5
2025-03-30 11:25:33 - [Cluster 0 - CLIENT] - INFO - [Store 462] Evaluation - Loss: 0.1996, MAE: 0.2927
2025-03-30 11:25:33 - [Cluster 0 - CLIENT] - INFO - Sent reply
2025-03-30 11:25:33 - [Cluster 0 - CLIENT] - INFO - [Store 369] Evaluation - Loss: 0.2312, MAE: 0.3128
2025-03-30 11:25:33 - [Cluster 0 - CLIENT] - INFO - Sent reply
2025-03-30 11:25:33 - [Cluster 0 - CLIENT] - INFO - [Store 128] Evaluation - Loss: 0.3252, MAE: 0.3596
2025-03-30 11:25:33 - [Cluster 0 - CLIENT] - INFO - [Store 255] Evaluation - Loss: 0.2595, MAE: 0.3186
2025-03-30 11:25:33 - [Cluster 0 - CLIENT] - INFO - 
2025-03-30 11:25:33 - [Cluster 0 - CLIENT] - INFO - [Store 1030] Evaluation - Loss: 0.2170, MAE: 0.3198
2025-03-30 11:25:33 - [Cluster 0 - CLIENT] - INFO - Received: evaluate message d824290c-b035-472c-bb81-d8d710c89dc7
2025-03-30 11:25:33 - [Cluster 0 - CLIENT] - INFO - Sent reply
2025-03-30 11:25:33 - [Cluster 0 - CLIENT] - INFO - Sent reply
2025-03-30 11:25:33 - [Cluster 0 - CLIENT] - INFO - Sent reply
2025-03-30 11:25:33 - [Cluster 0 - CLIENT] - INFO - [Store 783] Evaluation - Loss: 0.2106, MAE: 0.2899
2025-03-30 11:25:33 - [Cluster 0 - CLIENT] - INFO - Sent reply
2025-03-30 11:25:33 - [Cluster 0 - CLIENT] - INFO - [Store 1084] Evaluation - Loss: 0.2847, MAE: 0.3191
2025-03-30 11:25:33 - [Cluster 0 - CLIENT] - INFO - 
2025-03-30 11:25:33 - [Cluster 0 - CLIENT] - INFO - Received: evaluate message 087604ef-404b-4856-951e-1f4103dd4fdb
2025-03-30 11:25:33 - [Cluster 0 - CLIENT] - INFO - Sent reply
2025-03-30 11:25:33 - [Cluster 0 - CLIENT] - INFO - 
2025-03-30 11:25:33 - [Cluster 0 - CLIENT] - INFO - Received: evaluate message d70f05b7-9d75-48fc-94e9-290801bd0fd6
2025-03-30 11:25:33 - [Cluster 0 - CLIENT] - INFO - 
2025-03-30 11:25:33 - [Cluster 0 - CLIENT] - INFO - Received: evaluate message 31452858-6e49-4cbf-9b83-d5f6ebfe26d4
2025-03-30 11:25:33 - [Cluster 0 - CLIENT] - INFO - 
2025-03-30 11:25:33 - [Cluster 0 - CLIENT] - INFO - Received: evaluate message 1cea1185-ac59-4340-9e34-06ea6e82b375
2025-03-30 11:25:33 - [Cluster 0 - CLIENT] - INFO - 
2025-03-30 11:25:33 - [Cluster 0 - CLIENT] - INFO - Received: evaluate message 9804455e-08eb-4e5e-8153-b0ce8e91b275
2025-03-30 11:25:33 - [Cluster 0 - CLIENT] - INFO - 
2025-03-30 11:25:33 - [Cluster 0 - CLIENT] - INFO - Received: evaluate message 49d78ff8-b618-445c-ad2d-943cb296541b
2025-03-30 11:25:33 - [Cluster 0 - CLIENT] - INFO - [Store 1030] Evaluation - Loss: 0.2170, MAE: 0.3198
2025-03-30 11:25:33 - [Cluster 0 - CLIENT] - INFO - Sent reply
2025-03-30 11:25:33 - [Cluster 0 - CLIENT] - INFO - [Store 569] Evaluation - Loss: 0.2279, MAE: 0.3117
2025-03-30 11:25:33 - [Cluster 0 - CLIENT] - INFO - Sent reply
2025-03-30 11:25:33 - [Cluster 0 - CLIENT] - INFO - [Store 1015] Evaluation - Loss: 0.2593, MAE: 0.3027
2025-03-30 11:25:33 - [Cluster 0 - CLIENT] - INFO - Sent reply
2025-03-30 11:25:33 - [Cluster 0 - CLIENT] - INFO - 
2025-03-30 11:25:33 - [Cluster 0 - CLIENT] - INFO - Received: evaluate message cd8065d2-00fc-43d3-80ff-ed3efce6792c
2025-03-30 11:25:33 - [Cluster 0 - CLIENT] - INFO - 
2025-03-30 11:25:33 - [Cluster 0 - CLIENT] - INFO - Received: evaluate message 4727a7f4-22ed-43d1-954a-a0f45dfb61a2
2025-03-30 11:25:33 - [Cluster 0 - CLIENT] - INFO - [Store 1076] Evaluation - Loss: 0.5418, MAE: 0.5032
2025-03-30 11:25:33 - [Cluster 0 - CLIENT] - INFO - Sent reply
2025-03-30 11:25:33 - [Cluster 0 - CLIENT] - INFO - 
2025-03-30 11:25:33 - [Cluster 0 - CLIENT] - INFO - Received: evaluate message 084c2d75-714a-4dc9-ab12-d2269afc0789
2025-03-30 11:25:33 - [Cluster 0 - CLIENT] - INFO - 
2025-03-30 11:25:33 - [Cluster 0 - CLIENT] - INFO - Received: evaluate message d880c4ea-2478-421f-8121-31e71aa72a1a
2025-03-30 11:25:34 - [Cluster 0 - CLIENT] - INFO - [Store 990] Evaluation - Loss: 0.1977, MAE: 0.2774
2025-03-30 11:25:34 - [Cluster 0 - CLIENT] - INFO - Sent reply
2025-03-30 11:25:34 - [Cluster 0 - CLIENT] - INFO - [Store 689] Evaluation - Loss: 0.2054, MAE: 0.2582
2025-03-30 11:25:34 - [Cluster 0 - CLIENT] - INFO - Sent reply
2025-03-30 11:25:34 - [Cluster 0 - CLIENT] - INFO - [Store 244] Evaluation - Loss: 0.3273, MAE: 0.3695
2025-03-30 11:25:34 - [Cluster 0 - CLIENT] - INFO - Sent reply
2025-03-30 11:25:34 - [Cluster 0 - CLIENT] - INFO - [Store 997] Evaluation - Loss: 0.2320, MAE: 0.2991
2025-03-30 11:25:34 - [Cluster 0 - CLIENT] - INFO - Sent reply
2025-03-30 11:25:34 - [Cluster 0 - CLIENT] - INFO - [Store 302] Evaluation - Loss: 0.3065, MAE: 0.3466
2025-03-30 11:25:34 - [Cluster 0 - CLIENT] - INFO - Sent reply
2025-03-30 11:25:34 - [Cluster 0 - CLIENT] - INFO - [Store 351] Evaluation - Loss: 0.2165, MAE: 0.2837
2025-03-30 11:25:34 - [Cluster 0 - CLIENT] - INFO - Sent reply
2025-03-30 11:25:34 - [Cluster 0 - CLIENT] - INFO - [Store 313] Evaluation - Loss: 0.1983, MAE: 0.2854
2025-03-30 11:25:34 - [Cluster 0 - CLIENT] - INFO - Sent reply
2025-03-30 11:25:34 - [Cluster 0 - CLIENT] - INFO - [Store 1099] Evaluation - Loss: 0.3439, MAE: 0.3995
2025-03-30 11:25:34 - [Cluster 0 - CLIENT] - INFO - Sent reply
2025-03-30 11:25:34 - [Cluster 0 - CLIENT] - INFO - [Store 203] Evaluation - Loss: 0.2181, MAE: 0.2734
2025-03-30 11:25:34 - [Cluster 0 - CLIENT] - INFO - Sent reply
2025-03-30 11:25:34 - [Cluster 0 - CLIENT] - INFO - [Store 63] Evaluation - Loss: 0.2717, MAE: 0.3336
2025-03-30 11:25:34 - [Cluster 0 - CLIENT] - INFO - Sent reply
2025-03-30 11:25:34 - [Cluster 0 - CLIENT] - INFO - [Store 435] Evaluation - Loss: 0.2270, MAE: 0.2751
2025-03-30 11:25:34 - [Cluster 0 - CLIENT] - INFO - Sent reply
2025-03-30 11:25:35 - [Cluster 0 - CLIENT] - INFO - [Store 864] Evaluation - Loss: 0.2787, MAE: 0.3205
2025-03-30 11:25:35 - [Cluster 0 - CLIENT] - INFO - Sent reply
2025-03-30 11:25:35 - [Cluster 0 - CLIENT] - INFO - [Store 680] Evaluation - Loss: 0.3215, MAE: 0.3914
2025-03-30 11:25:35 - [Cluster 0 - CLIENT] - INFO - Sent reply
2025-03-30 11:25:35 - [Cluster 0 - CLIENT] - INFO - [Store 395] Evaluation - Loss: 0.2710, MAE: 0.3127
2025-03-30 11:25:35 - [Cluster 0 - CLIENT] - INFO - Sent reply
2025-03-30 11:25:35 - [Cluster 0 - CLIENT] - INFO - [Store 541] Evaluation - Loss: 0.2387, MAE: 0.2840
2025-03-30 11:25:35 - [Cluster 0 - CLIENT] - INFO - Sent reply
2025-03-30 11:25:35 - [Cluster 0 - CLIENT] - INFO - 
2025-03-30 11:25:35 - [Cluster 0 - CLIENT] - INFO - Received: reconnect message 4dece283-07f9-4e0a-9047-d7eb532d03cb
2025-03-30 11:25:35 - [Cluster 0 - CLIENT] - INFO - 
2025-03-30 11:25:35 - [Cluster 0 - CLIENT] - INFO - Received: reconnect message 075a4cd8-f183-434f-80a4-b75eb309853f
2025-03-30 11:25:35 - [Cluster 0 - CLIENT] - INFO - 
2025-03-30 11:25:35 - [Cluster 0 - CLIENT] - INFO - Received: reconnect message 7b8b2934-70a9-43bf-abb8-72ce46de3b50
2025-03-30 11:25:35 - [Cluster 0 - CLIENT] - INFO - 
2025-03-30 11:25:35 - [Cluster 0 - CLIENT] - INFO - Received: reconnect message 5dcaff2d-0bbc-4983-8146-06433a79c9e7
2025-03-30 11:25:35 - [Cluster 0 - CLIENT] - INFO - 
2025-03-30 11:25:35 - [Cluster 0 - CLIENT] - INFO - Received: reconnect message 24d41894-9018-4d93-b650-bb0cf8eb1d15
2025-03-30 11:25:35 - [Cluster 0 - CLIENT] - INFO - 
2025-03-30 11:25:35 - [Cluster 0 - CLIENT] - INFO - 
2025-03-30 11:25:35 - [Cluster 0 - CLIENT] - INFO - Received: reconnect message a05f1573-715a-4ad2-b1b7-5cfb50f15e33
2025-03-30 11:25:35 - [Cluster 0 - CLIENT] - INFO - Received: reconnect message 96d7fbf3-cd5c-4d82-acd7-6b656eb1f502
2025-03-30 11:25:35 - [Cluster 0 - CLIENT] - INFO - 
2025-03-30 11:25:35 - [Cluster 0 - CLIENT] - INFO - Received: reconnect message f41346fd-c26f-40e7-8dcc-81e4cbcd16b3
2025-03-30 11:25:35 - [Cluster 0 - CLIENT] - INFO - 
2025-03-30 11:25:35 - [Cluster 0 - CLIENT] - INFO - Received: reconnect message a407a723-d16c-4d25-9765-85ce94062a88
2025-03-30 11:25:35 - [Cluster 0 - CLIENT] - INFO - 
2025-03-30 11:25:35 - [Cluster 0 - CLIENT] - INFO - 
2025-03-30 11:25:35 - [Cluster 0 - CLIENT] - INFO - Received: reconnect message 3282c42d-18ff-4cf6-aad4-41868735ac9f
2025-03-30 11:25:35 - [Cluster 0 - CLIENT] - INFO - Received: reconnect message 09aefb95-ac0b-4e20-a104-d8ab71c68daf
2025-03-30 11:25:35 - [Cluster 0 - CLIENT] - INFO - 
2025-03-30 11:25:35 - [Cluster 0 - CLIENT] - INFO - Received: reconnect message c8216791-f3d0-4a5c-aa7e-b74745419907
2025-03-30 11:25:35 - [Cluster 0 - CLIENT] - INFO - 
2025-03-30 11:25:35 - [Cluster 0 - CLIENT] - INFO - Received: reconnect message e81c471c-2d23-4174-8898-f53938f8f657
2025-03-30 11:25:35 - [Cluster 0 - CLIENT] - INFO - 
2025-03-30 11:25:35 - [Cluster 0 - CLIENT] - INFO - 
2025-03-30 11:25:35 - [Cluster 0 - CLIENT] - INFO - Received: reconnect message f4c3050c-cadd-48d0-ae87-4bd3ec1901d9
2025-03-30 11:25:35 - [Cluster 0 - CLIENT] - INFO - Received: reconnect message 9650b4dc-cdb1-4c24-a973-753bc0c71494
2025-03-30 11:25:35 - [Cluster 0 - CLIENT] - INFO - 
2025-03-30 11:25:35 - [Cluster 0 - CLIENT] - INFO - Received: reconnect message 4a6542be-444e-4a79-950a-651513a06fa4
2025-03-30 11:25:35 - [Cluster 0 - CLIENT] - INFO - 
2025-03-30 11:25:35 - [Cluster 0 - CLIENT] - INFO - 
2025-03-30 11:25:35 - [Cluster 0 - CLIENT] - INFO - Received: reconnect message a6a29a8e-9776-4c2c-9287-47a07a50acb7
2025-03-30 11:25:35 - [Cluster 0 - CLIENT] - INFO - 
2025-03-30 11:25:35 - [Cluster 0 - CLIENT] - INFO - Received: reconnect message a85ab379-84fa-4f88-a084-a9020cdd56dc
2025-03-30 11:25:35 - [Cluster 0 - CLIENT] - INFO - Received: reconnect message 6f25f9dc-8e70-41e6-be31-6b7354b867fe
2025-03-30 11:25:35 - [Cluster 0 - CLIENT] - INFO - 
2025-03-30 11:25:35 - [Cluster 0 - CLIENT] - INFO - Received: reconnect message 51da5e02-78b8-4ca9-af70-ca61859e07ec
2025-03-30 11:25:35 - [Cluster 0 - CLIENT] - INFO - 
2025-03-30 11:25:35 - [Cluster 0 - CLIENT] - INFO - 
2025-03-30 11:25:35 - [Cluster 0 - CLIENT] - INFO - Received: reconnect message 04213feb-b22b-4b64-996f-803ed417dcb4
2025-03-30 11:25:35 - [Cluster 0 - CLIENT] - INFO - Received: reconnect message 6c4f7163-f7fc-4bdd-998b-4d63da0a4f55
2025-03-30 11:25:35 - [Cluster 0 - CLIENT] - INFO - 
2025-03-30 11:25:35 - [Cluster 0 - CLIENT] - INFO - Received: reconnect message f3264e81-8cf4-42d9-82dc-4ff17be9bba8
2025-03-30 11:25:35 - [Cluster 0 - CLIENT] - INFO - 
2025-03-30 11:25:35 - [Cluster 0 - CLIENT] - INFO - Received: reconnect message 3e03bc51-fece-41b0-8fa9-493b185318e4
2025-03-30 11:25:35 - [Cluster 0 - CLIENT] - INFO - 
2025-03-30 11:25:35 - [Cluster 0 - CLIENT] - INFO - Received: reconnect message 6096e702-95a2-4179-a005-d9de4f231f57
2025-03-30 11:25:35 - [Cluster 0 - CLIENT] - INFO - 
2025-03-30 11:25:35 - [Cluster 0 - CLIENT] - INFO - Received: reconnect message a84d1e97-98ba-477d-97e4-0566ff0da69c
2025-03-30 11:25:35 - [Cluster 0 - CLIENT] - INFO - 
2025-03-30 11:25:35 - [Cluster 0 - CLIENT] - INFO - Received: reconnect message 91edb64d-6409-4ddc-9dea-94aba58c257b
2025-03-30 11:25:35 - [Cluster 0 - CLIENT] - INFO - 
2025-03-30 11:25:35 - [Cluster 0 - CLIENT] - INFO - Received: reconnect message 857a8bfa-d086-4117-bc22-6bcc3784c83a
2025-03-30 11:25:35 - [Cluster 0 - CLIENT] - INFO - 
2025-03-30 11:25:35 - [Cluster 0 - CLIENT] - INFO - Received: reconnect message 3bb04820-9591-4a9a-93f9-dc963c4e08b1
2025-03-30 11:25:35 - [Cluster 0 - CLIENT] - INFO - 
2025-03-30 11:25:35 - [Cluster 0 - CLIENT] - INFO - Received: reconnect message de31ccfa-1e50-444c-9497-ae4f7f63bc7d
2025-03-30 11:25:35 - [Cluster 0 - CLIENT] - DEBUG - gRPC channel closed
2025-03-30 11:25:35 - [Cluster 0 - CLIENT] - INFO - Disconnect and shut down
2025-03-30 11:25:35 - [Cluster 0 - CLIENT] - DEBUG - gRPC channel closed
2025-03-30 11:25:35 - [Cluster 0 - CLIENT] - DEBUG - gRPC channel closed
2025-03-30 11:25:35 - [Cluster 0 - CLIENT] - DEBUG - gRPC channel closed
2025-03-30 11:25:35 - [Cluster 0 - CLIENT] - INFO - Disconnect and shut down
2025-03-30 11:25:35 - [Cluster 0 - CLIENT] - INFO - Disconnect and shut down
2025-03-30 11:25:35 - [Cluster 0 - CLIENT] - DEBUG - gRPC channel closed
2025-03-30 11:25:35 - [Cluster 0 - CLIENT] - DEBUG - gRPC channel closed
2025-03-30 11:25:35 - [Cluster 0 - CLIENT] - DEBUG - gRPC channel closed
2025-03-30 11:25:35 - [Cluster 0 - CLIENT] - DEBUG - gRPC channel closed
2025-03-30 11:25:35 - [Cluster 0 - CLIENT] - INFO - Disconnect and shut down
2025-03-30 11:25:35 - [Cluster 0 - CLIENT] - DEBUG - gRPC channel closed
2025-03-30 11:25:35 - [Cluster 0 - CLIENT] - INFO - Disconnect and shut down
2025-03-30 11:25:35 - [Cluster 0 - CLIENT] - DEBUG - gRPC channel closed
2025-03-30 11:25:35 - [Cluster 0 - CLIENT] - DEBUG - gRPC channel closed
2025-03-30 11:25:35 - [Cluster 0 - CLIENT] - DEBUG - gRPC channel closed
2025-03-30 11:25:35 - [Cluster 0 - CLIENT] - DEBUG - gRPC channel closed
2025-03-30 11:25:35 - [Cluster 0 - CLIENT] - DEBUG - gRPC channel closed
2025-03-30 11:25:35 - [Cluster 0 - CLIENT] - DEBUG - gRPC channel closed
2025-03-30 11:25:35 - [Cluster 0 - CLIENT] - DEBUG - gRPC channel closed
2025-03-30 11:25:35 - [Cluster 0 - CLIENT] - INFO - Disconnect and shut down
2025-03-30 11:25:35 - [Cluster 0 - CLIENT] - DEBUG - gRPC channel closed
2025-03-30 11:25:35 - [Cluster 0 - CLIENT] - DEBUG - gRPC channel closed
2025-03-30 11:25:35 - [Cluster 0 - CLIENT] - DEBUG - gRPC channel closed
2025-03-30 11:25:35 - [Cluster 0 - CLIENT] - INFO - Disconnect and shut down
2025-03-30 11:25:35 - [Cluster 0 - CLIENT] - DEBUG - gRPC channel closed
2025-03-30 11:25:35 - [Cluster 0 - CLIENT] - DEBUG - gRPC channel closed
2025-03-30 11:25:35 - [Cluster 0 - CLIENT] - INFO - Disconnect and shut down
2025-03-30 11:25:35 - [Cluster 0 - CLIENT] - INFO - Disconnect and shut down
2025-03-30 11:25:35 - [Cluster 0 - CLIENT] - DEBUG - gRPC channel closed
2025-03-30 11:25:35 - [Cluster 0 - CLIENT] - DEBUG - gRPC channel closed
2025-03-30 11:25:35 - [Cluster 0 - CLIENT] - DEBUG - gRPC channel closed
2025-03-30 11:25:35 - [Cluster 0 - CLIENT] - INFO - Disconnect and shut down
2025-03-30 11:25:35 - [Cluster 0 - CLIENT] - DEBUG - gRPC channel closed
2025-03-30 11:25:35 - [Cluster 0 - CLIENT] - INFO - Disconnect and shut down
2025-03-30 11:25:35 - [Cluster 0 - CLIENT] - INFO - Disconnect and shut down
2025-03-30 11:25:35 - [Cluster 0 - CLIENT] - DEBUG - gRPC channel closed
2025-03-30 11:25:35 - [Cluster 0 - CLIENT] - INFO - Disconnect and shut down
2025-03-30 11:25:35 - [Cluster 0 - CLIENT] - DEBUG - gRPC channel closed
2025-03-30 11:25:35 - [Cluster 0 - CLIENT] - INFO - Disconnect and shut down
2025-03-30 11:25:35 - [Cluster 0 - CLIENT] - DEBUG - gRPC channel closed
2025-03-30 11:25:35 - [Cluster 0 - CLIENT] - DEBUG - gRPC channel closed
2025-03-30 11:25:35 - [Cluster 0 - CLIENT] - DEBUG - gRPC channel closed
2025-03-30 11:25:35 - [Cluster 0 - CLIENT] - INFO - Disconnect and shut down
2025-03-30 11:25:35 - [Cluster 0 - CLIENT] - INFO - Disconnect and shut down
2025-03-30 11:25:35 - [Cluster 0 - CLIENT] - INFO - Disconnect and shut down
2025-03-30 11:25:35 - [Cluster 0 - CLIENT] - INFO - Disconnect and shut down
2025-03-30 11:25:35 - [Cluster 0 - CLIENT] - INFO - Disconnect and shut down
2025-03-30 11:25:35 - [Cluster 0 - CLIENT] - INFO - Disconnect and shut down
2025-03-30 11:25:35 - [Cluster 0 - CLIENT] - INFO - Disconnect and shut down
2025-03-30 11:25:35 - [Cluster 0 - CLIENT] - INFO - Disconnect and shut down
2025-03-30 11:25:35 - [Cluster 0 - CLIENT] - INFO - Disconnect and shut down
2025-03-30 11:25:35 - [Cluster 0 - CLIENT] - INFO - Disconnect and shut down
2025-03-30 11:25:35 - [Cluster 0 - CLIENT] - INFO - Disconnect and shut down
2025-03-30 11:25:35 - [Cluster 0 - CLIENT] - INFO - Disconnect and shut down
2025-03-30 11:25:35 - [Cluster 0 - CLIENT] - INFO - Disconnect and shut down
2025-03-30 11:25:35 - [Cluster 0 - CLIENT] - INFO - Disconnect and shut down
2025-03-30 11:25:35 - [Cluster 0 - CLIENT] - INFO - Disconnect and shut down
2025-03-30 11:25:35 - [Cluster 0 - CLIENT] - INFO - Disconnect and shut down
2025-03-30 11:26:41 - [Cluster 0 - CLIENT] - INFO - Initialized client logging for cluster 0 -> ../logs/run_20250330_101705/clients_cluster_0.log
2025-03-30 11:26:41 - [Cluster 0 - CLIENT] - INFO - Loading pickle data for store 37, cluster 0...
2025-03-30 11:26:41 - [Cluster 0 - CLIENT] - INFO - x_train shape: (723, 7, 27), y_train shape: (723, 1)
2025-03-30 11:26:41 - [Cluster 0 - CLIENT] - INFO - x_val shape: (176, 7, 27), y_val shape: (176, 1)
2025-03-30 11:26:41 - [Cluster 0 - CLIENT] - INFO - [Store 37, Cluster 0] Connecting to 127.0.0.1:8080 ...
2025-03-30 11:26:41 - [Cluster 0 - CLIENT] - DEBUG - Opened insecure gRPC connection (no certificates were passed)
2025-03-30 11:26:41 - [Cluster 0 - CLIENT] - DEBUG - ChannelConnectivity.IDLE
2025-03-30 11:26:41 - [Cluster 0 - CLIENT] - DEBUG - ChannelConnectivity.CONNECTING
2025-03-30 11:26:41 - [Cluster 0 - CLIENT] - DEBUG - ChannelConnectivity.TRANSIENT_FAILURE
2025-03-30 11:26:41 - [Cluster 0 - CLIENT] - DEBUG - gRPC channel closed
2025-03-30 11:26:48 - [Cluster 0 - CLIENT] - INFO - Initialized client logging for cluster 0 -> ../logs/run_20250330_101705/clients_cluster_0.log
2025-03-30 11:26:48 - [Cluster 0 - CLIENT] - INFO - Loading pickle data for store 47, cluster 0...
2025-03-30 11:26:48 - [Cluster 0 - CLIENT] - INFO - x_train shape: (723, 7, 27), y_train shape: (723, 1)
2025-03-30 11:26:48 - [Cluster 0 - CLIENT] - INFO - x_val shape: (176, 7, 27), y_val shape: (176, 1)
2025-03-30 11:26:48 - [Cluster 0 - CLIENT] - INFO - Initialized client logging for cluster 0 -> ../logs/run_20250330_101705/clients_cluster_0.log
2025-03-30 11:26:48 - [Cluster 0 - CLIENT] - INFO - Loading pickle data for store 927, cluster 0...
2025-03-30 11:26:48 - [Cluster 0 - CLIENT] - INFO - x_train shape: (723, 7, 27), y_train shape: (723, 1)
2025-03-30 11:26:48 - [Cluster 0 - CLIENT] - INFO - x_val shape: (176, 7, 27), y_val shape: (176, 1)
2025-03-30 11:26:48 - [Cluster 0 - CLIENT] - INFO - Initialized client logging for cluster 0 -> ../logs/run_20250330_101705/clients_cluster_0.log
2025-03-30 11:26:48 - [Cluster 0 - CLIENT] - INFO - Loading pickle data for store 531, cluster 0...
2025-03-30 11:26:48 - [Cluster 0 - CLIENT] - INFO - x_train shape: (723, 7, 27), y_train shape: (723, 1)
2025-03-30 11:26:48 - [Cluster 0 - CLIENT] - INFO - x_val shape: (176, 7, 27), y_val shape: (176, 1)
2025-03-30 11:26:48 - [Cluster 0 - CLIENT] - INFO - Initialized client logging for cluster 0 -> ../logs/run_20250330_101705/clients_cluster_0.log
2025-03-30 11:26:48 - [Cluster 0 - CLIENT] - INFO - Loading pickle data for store 102, cluster 0...
2025-03-30 11:26:48 - [Cluster 0 - CLIENT] - INFO - Initialized client logging for cluster 0 -> ../logs/run_20250330_101705/clients_cluster_0.log
2025-03-30 11:26:48 - [Cluster 0 - CLIENT] - INFO - Loading pickle data for store 260, cluster 0...
2025-03-30 11:26:48 - [Cluster 0 - CLIENT] - INFO - x_train shape: (723, 7, 27), y_train shape: (723, 1)
2025-03-30 11:26:48 - [Cluster 0 - CLIENT] - INFO - x_val shape: (176, 7, 27), y_val shape: (176, 1)
2025-03-30 11:26:48 - [Cluster 0 - CLIENT] - INFO - Initialized client logging for cluster 0 -> ../logs/run_20250330_101705/clients_cluster_0.log
2025-03-30 11:26:48 - [Cluster 0 - CLIENT] - INFO - Loading pickle data for store 122, cluster 0...
2025-03-30 11:26:48 - [Cluster 0 - CLIENT] - INFO - x_train shape: (723, 7, 27), y_train shape: (723, 1)
2025-03-30 11:26:48 - [Cluster 0 - CLIENT] - INFO - Initialized client logging for cluster 0 -> ../logs/run_20250330_101705/clients_cluster_0.log
2025-03-30 11:26:48 - [Cluster 0 - CLIENT] - INFO - Loading pickle data for store 912, cluster 0...
2025-03-30 11:26:48 - [Cluster 0 - CLIENT] - INFO - x_val shape: (176, 7, 27), y_val shape: (176, 1)
2025-03-30 11:26:48 - [Cluster 0 - CLIENT] - INFO - Initialized client logging for cluster 0 -> ../logs/run_20250330_101705/clients_cluster_0.log
2025-03-30 11:26:48 - [Cluster 0 - CLIENT] - INFO - Loading pickle data for store 177, cluster 0...
2025-03-30 11:26:48 - [Cluster 0 - CLIENT] - INFO - x_train shape: (723, 7, 27), y_train shape: (723, 1)
2025-03-30 11:26:48 - [Cluster 0 - CLIENT] - INFO - x_val shape: (176, 7, 27), y_val shape: (176, 1)
2025-03-30 11:26:48 - [Cluster 0 - CLIENT] - INFO - x_train shape: (723, 7, 27), y_train shape: (723, 1)
2025-03-30 11:26:48 - [Cluster 0 - CLIENT] - INFO - x_val shape: (176, 7, 27), y_val shape: (176, 1)
2025-03-30 11:26:48 - [Cluster 0 - CLIENT] - INFO - x_train shape: (723, 7, 27), y_train shape: (723, 1)
2025-03-30 11:26:48 - [Cluster 0 - CLIENT] - INFO - x_val shape: (176, 7, 27), y_val shape: (176, 1)
2025-03-30 11:26:48 - [Cluster 0 - CLIENT] - INFO - Initialized client logging for cluster 0 -> ../logs/run_20250330_101705/clients_cluster_0.log
2025-03-30 11:26:48 - [Cluster 0 - CLIENT] - INFO - Loading pickle data for store 1006, cluster 0...
2025-03-30 11:26:48 - [Cluster 0 - CLIENT] - INFO - Initialized client logging for cluster 0 -> ../logs/run_20250330_101705/clients_cluster_0.log
2025-03-30 11:26:48 - [Cluster 0 - CLIENT] - INFO - Loading pickle data for store 1096, cluster 0...
2025-03-30 11:26:48 - [Cluster 0 - CLIENT] - INFO - x_train shape: (723, 7, 27), y_train shape: (723, 1)
2025-03-30 11:26:48 - [Cluster 0 - CLIENT] - INFO - x_val shape: (176, 7, 27), y_val shape: (176, 1)
2025-03-30 11:26:48 - [Cluster 0 - CLIENT] - INFO - x_train shape: (723, 7, 27), y_train shape: (723, 1)
2025-03-30 11:26:48 - [Cluster 0 - CLIENT] - INFO - x_val shape: (176, 7, 27), y_val shape: (176, 1)
2025-03-30 11:26:48 - [Cluster 0 - CLIENT] - INFO - Initialized client logging for cluster 0 -> ../logs/run_20250330_101705/clients_cluster_0.log
2025-03-30 11:26:48 - [Cluster 0 - CLIENT] - INFO - Loading pickle data for store 832, cluster 0...
2025-03-30 11:26:48 - [Cluster 0 - CLIENT] - INFO - x_train shape: (723, 7, 27), y_train shape: (723, 1)
2025-03-30 11:26:48 - [Cluster 0 - CLIENT] - INFO - x_val shape: (176, 7, 27), y_val shape: (176, 1)
2025-03-30 11:26:48 - [Cluster 0 - CLIENT] - INFO - Initialized client logging for cluster 0 -> ../logs/run_20250330_101705/clients_cluster_0.log
2025-03-30 11:26:48 - [Cluster 0 - CLIENT] - INFO - Loading pickle data for store 62, cluster 0...
2025-03-30 11:26:48 - [Cluster 0 - CLIENT] - INFO - x_train shape: (723, 7, 27), y_train shape: (723, 1)
2025-03-30 11:26:48 - [Cluster 0 - CLIENT] - INFO - x_val shape: (176, 7, 27), y_val shape: (176, 1)
2025-03-30 11:26:49 - [Cluster 0 - CLIENT] - INFO - Initialized client logging for cluster 0 -> ../logs/run_20250330_101705/clients_cluster_0.log
2025-03-30 11:26:49 - [Cluster 0 - CLIENT] - INFO - Loading pickle data for store 1087, cluster 0...
2025-03-30 11:26:49 - [Cluster 0 - CLIENT] - INFO - Initialized client logging for cluster 0 -> ../logs/run_20250330_101705/clients_cluster_0.log
2025-03-30 11:26:49 - [Cluster 0 - CLIENT] - INFO - Loading pickle data for store 227, cluster 0...
2025-03-30 11:26:49 - [Cluster 0 - CLIENT] - INFO - x_train shape: (723, 7, 27), y_train shape: (723, 1)
2025-03-30 11:26:49 - [Cluster 0 - CLIENT] - INFO - x_val shape: (176, 7, 27), y_val shape: (176, 1)
2025-03-30 11:26:49 - [Cluster 0 - CLIENT] - INFO - x_train shape: (723, 7, 27), y_train shape: (723, 1)
2025-03-30 11:26:49 - [Cluster 0 - CLIENT] - INFO - x_val shape: (176, 7, 27), y_val shape: (176, 1)
2025-03-30 11:26:49 - [Cluster 0 - CLIENT] - INFO - [Store 47, Cluster 0] Connecting to 127.0.0.1:8080 ...
2025-03-30 11:26:49 - [Cluster 0 - CLIENT] - DEBUG - Opened insecure gRPC connection (no certificates were passed)
2025-03-30 11:26:49 - [Cluster 0 - CLIENT] - DEBUG - ChannelConnectivity.IDLE
2025-03-30 11:26:49 - [Cluster 0 - CLIENT] - DEBUG - ChannelConnectivity.TRANSIENT_FAILURE
2025-03-30 11:26:49 - [Cluster 0 - CLIENT] - INFO - [Store 927, Cluster 0] Connecting to 127.0.0.1:8080 ...
2025-03-30 11:26:49 - [Cluster 0 - CLIENT] - DEBUG - gRPC channel closed
2025-03-30 11:26:49 - [Cluster 0 - CLIENT] - INFO - [Store 531, Cluster 0] Connecting to 127.0.0.1:8080 ...
2025-03-30 11:26:49 - [Cluster 0 - CLIENT] - DEBUG - Opened insecure gRPC connection (no certificates were passed)
2025-03-30 11:26:49 - [Cluster 0 - CLIENT] - DEBUG - ChannelConnectivity.IDLE
2025-03-30 11:26:49 - [Cluster 0 - CLIENT] - DEBUG - ChannelConnectivity.TRANSIENT_FAILURE
2025-03-30 11:26:49 - [Cluster 0 - CLIENT] - DEBUG - Opened insecure gRPC connection (no certificates were passed)
2025-03-30 11:26:50 - [Cluster 0 - CLIENT] - DEBUG - ChannelConnectivity.IDLE
2025-03-30 11:26:50 - [Cluster 0 - CLIENT] - DEBUG - ChannelConnectivity.TRANSIENT_FAILURE
2025-03-30 11:26:50 - [Cluster 0 - CLIENT] - DEBUG - gRPC channel closed
2025-03-30 11:26:50 - [Cluster 0 - CLIENT] - INFO - [Store 260, Cluster 0] Connecting to 127.0.0.1:8080 ...
2025-03-30 11:26:50 - [Cluster 0 - CLIENT] - INFO - [Store 912, Cluster 0] Connecting to 127.0.0.1:8080 ...
2025-03-30 11:26:50 - [Cluster 0 - CLIENT] - INFO - [Store 102, Cluster 0] Connecting to 127.0.0.1:8080 ...
2025-03-30 11:26:50 - [Cluster 0 - CLIENT] - DEBUG - Opened insecure gRPC connection (no certificates were passed)
2025-03-30 11:26:50 - [Cluster 0 - CLIENT] - DEBUG - ChannelConnectivity.IDLE
2025-03-30 11:26:50 - [Cluster 0 - CLIENT] - DEBUG - gRPC channel closed
2025-03-30 11:26:50 - [Cluster 0 - CLIENT] - DEBUG - ChannelConnectivity.TRANSIENT_FAILURE
2025-03-30 11:26:50 - [Cluster 0 - CLIENT] - DEBUG - Opened insecure gRPC connection (no certificates were passed)
2025-03-30 11:26:50 - [Cluster 0 - CLIENT] - DEBUG - Opened insecure gRPC connection (no certificates were passed)
2025-03-30 11:26:50 - [Cluster 0 - CLIENT] - DEBUG - ChannelConnectivity.IDLE
2025-03-30 11:26:50 - [Cluster 0 - CLIENT] - DEBUG - ChannelConnectivity.TRANSIENT_FAILURE
2025-03-30 11:26:50 - [Cluster 0 - CLIENT] - DEBUG - ChannelConnectivity.IDLE
2025-03-30 11:26:50 - [Cluster 0 - CLIENT] - DEBUG - ChannelConnectivity.CONNECTING
2025-03-30 11:26:50 - [Cluster 0 - CLIENT] - DEBUG - ChannelConnectivity.TRANSIENT_FAILURE
2025-03-30 11:26:50 - [Cluster 0 - CLIENT] - INFO - [Store 177, Cluster 0] Connecting to 127.0.0.1:8080 ...
2025-03-30 11:26:50 - [Cluster 0 - CLIENT] - DEBUG - Opened insecure gRPC connection (no certificates were passed)
2025-03-30 11:26:50 - [Cluster 0 - CLIENT] - DEBUG - ChannelConnectivity.IDLE
2025-03-30 11:26:50 - [Cluster 0 - CLIENT] - DEBUG - ChannelConnectivity.TRANSIENT_FAILURE
2025-03-30 11:26:50 - [Cluster 0 - CLIENT] - INFO - [Store 122, Cluster 0] Connecting to 127.0.0.1:8080 ...
2025-03-30 11:26:50 - [Cluster 0 - CLIENT] - DEBUG - gRPC channel closed
2025-03-30 11:26:50 - [Cluster 0 - CLIENT] - INFO - [Store 1006, Cluster 0] Connecting to 127.0.0.1:8080 ...
2025-03-30 11:26:50 - [Cluster 0 - CLIENT] - DEBUG - Opened insecure gRPC connection (no certificates were passed)
2025-03-30 11:26:50 - [Cluster 0 - CLIENT] - DEBUG - ChannelConnectivity.IDLE
2025-03-30 11:26:50 - [Cluster 0 - CLIENT] - DEBUG - ChannelConnectivity.CONNECTING
2025-03-30 11:26:50 - [Cluster 0 - CLIENT] - DEBUG - ChannelConnectivity.TRANSIENT_FAILURE
2025-03-30 11:26:50 - [Cluster 0 - CLIENT] - DEBUG - Opened insecure gRPC connection (no certificates were passed)
2025-03-30 11:26:50 - [Cluster 0 - CLIENT] - DEBUG - gRPC channel closed
2025-03-30 11:26:50 - [Cluster 0 - CLIENT] - DEBUG - ChannelConnectivity.IDLE
2025-03-30 11:26:50 - [Cluster 0 - CLIENT] - DEBUG - ChannelConnectivity.TRANSIENT_FAILURE
2025-03-30 11:26:50 - [Cluster 0 - CLIENT] - DEBUG - gRPC channel closed
2025-03-30 11:26:50 - [Cluster 0 - CLIENT] - INFO - [Store 832, Cluster 0] Connecting to 127.0.0.1:8080 ...
2025-03-30 11:26:50 - [Cluster 0 - CLIENT] - INFO - [Store 1096, Cluster 0] Connecting to 127.0.0.1:8080 ...
2025-03-30 11:26:50 - [Cluster 0 - CLIENT] - DEBUG - gRPC channel closed
2025-03-30 11:26:50 - [Cluster 0 - CLIENT] - INFO - [Store 62, Cluster 0] Connecting to 127.0.0.1:8080 ...
2025-03-30 11:26:50 - [Cluster 0 - CLIENT] - DEBUG - Opened insecure gRPC connection (no certificates were passed)
2025-03-30 11:26:50 - [Cluster 0 - CLIENT] - DEBUG - ChannelConnectivity.IDLE
2025-03-30 11:26:50 - [Cluster 0 - CLIENT] - DEBUG - ChannelConnectivity.TRANSIENT_FAILURE
2025-03-30 11:26:50 - [Cluster 0 - CLIENT] - DEBUG - gRPC channel closed
2025-03-30 11:26:50 - [Cluster 0 - CLIENT] - INFO - [Store 227, Cluster 0] Connecting to 127.0.0.1:8080 ...
2025-03-30 11:26:50 - [Cluster 0 - CLIENT] - DEBUG - Opened insecure gRPC connection (no certificates were passed)
2025-03-30 11:26:50 - [Cluster 0 - CLIENT] - DEBUG - ChannelConnectivity.IDLE
2025-03-30 11:26:50 - [Cluster 0 - CLIENT] - DEBUG - ChannelConnectivity.TRANSIENT_FAILURE
2025-03-30 11:26:50 - [Cluster 0 - CLIENT] - DEBUG - gRPC channel closed
2025-03-30 11:26:50 - [Cluster 0 - CLIENT] - DEBUG - Opened insecure gRPC connection (no certificates were passed)
2025-03-30 11:26:50 - [Cluster 0 - CLIENT] - DEBUG - Opened insecure gRPC connection (no certificates were passed)
2025-03-30 11:26:50 - [Cluster 0 - CLIENT] - DEBUG - ChannelConnectivity.IDLE
2025-03-30 11:26:50 - [Cluster 0 - CLIENT] - DEBUG - ChannelConnectivity.IDLE
2025-03-30 11:26:50 - [Cluster 0 - CLIENT] - DEBUG - ChannelConnectivity.TRANSIENT_FAILURE
2025-03-30 11:26:50 - [Cluster 0 - CLIENT] - DEBUG - ChannelConnectivity.TRANSIENT_FAILURE
2025-03-30 11:26:50 - [Cluster 0 - CLIENT] - INFO - [Store 1087, Cluster 0] Connecting to 127.0.0.1:8080 ...
2025-03-30 11:26:50 - [Cluster 0 - CLIENT] - DEBUG - Opened insecure gRPC connection (no certificates were passed)
2025-03-30 11:26:50 - [Cluster 0 - CLIENT] - DEBUG - ChannelConnectivity.IDLE
2025-03-30 11:26:50 - [Cluster 0 - CLIENT] - DEBUG - ChannelConnectivity.TRANSIENT_FAILURE
2025-03-30 11:26:50 - [Cluster 0 - CLIENT] - DEBUG - gRPC channel closed
2025-03-30 11:26:50 - [Cluster 0 - CLIENT] - DEBUG - gRPC channel closed
2025-03-30 11:26:50 - [Cluster 0 - CLIENT] - DEBUG - gRPC channel closed
2025-03-30 11:26:50 - [Cluster 0 - CLIENT] - DEBUG - gRPC channel closed
2025-03-30 11:26:51 - [Cluster 0 - CLIENT] - DEBUG - gRPC channel closed
2025-03-30 11:26:51 - [Cluster 0 - CLIENT] - INFO - Initialized client logging for cluster 0 -> ../logs/run_20250330_101705/clients_cluster_0.log
2025-03-30 11:26:51 - [Cluster 0 - CLIENT] - INFO - Loading pickle data for store 75, cluster 0...
2025-03-30 11:26:51 - [Cluster 0 - CLIENT] - INFO - x_train shape: (723, 7, 27), y_train shape: (723, 1)
2025-03-30 11:26:51 - [Cluster 0 - CLIENT] - INFO - x_val shape: (176, 7, 27), y_val shape: (176, 1)
2025-03-30 11:26:51 - [Cluster 0 - CLIENT] - INFO - Initialized client logging for cluster 0 -> ../logs/run_20250330_101705/clients_cluster_0.log
2025-03-30 11:26:51 - [Cluster 0 - CLIENT] - INFO - Loading pickle data for store 1074, cluster 0...
2025-03-30 11:26:51 - [Cluster 0 - CLIENT] - INFO - Initialized client logging for cluster 0 -> ../logs/run_20250330_101705/clients_cluster_0.log
2025-03-30 11:26:51 - [Cluster 0 - CLIENT] - INFO - Loading pickle data for store 370, cluster 0...
2025-03-30 11:26:51 - [Cluster 0 - CLIENT] - INFO - Initialized client logging for cluster 0 -> ../logs/run_20250330_101705/clients_cluster_0.log
2025-03-30 11:26:51 - [Cluster 0 - CLIENT] - INFO - Loading pickle data for store 823, cluster 0...
2025-03-30 11:26:51 - [Cluster 0 - CLIENT] - INFO - x_train shape: (723, 7, 27), y_train shape: (723, 1)
2025-03-30 11:26:51 - [Cluster 0 - CLIENT] - INFO - x_val shape: (176, 7, 27), y_val shape: (176, 1)
2025-03-30 11:26:51 - [Cluster 0 - CLIENT] - INFO - x_train shape: (723, 7, 27), y_train shape: (723, 1)
2025-03-30 11:26:51 - [Cluster 0 - CLIENT] - INFO - x_val shape: (176, 7, 27), y_val shape: (176, 1)
2025-03-30 11:26:51 - [Cluster 0 - CLIENT] - INFO - x_train shape: (723, 7, 27), y_train shape: (723, 1)
2025-03-30 11:26:51 - [Cluster 0 - CLIENT] - INFO - x_val shape: (176, 7, 27), y_val shape: (176, 1)
2025-03-30 11:26:51 - [Cluster 0 - CLIENT] - INFO - Initialized client logging for cluster 0 -> ../logs/run_20250330_101705/clients_cluster_0.log
2025-03-30 11:26:51 - [Cluster 0 - CLIENT] - INFO - Loading pickle data for store 950, cluster 0...
2025-03-30 11:26:51 - [Cluster 0 - CLIENT] - INFO - x_train shape: (723, 7, 27), y_train shape: (723, 1)
2025-03-30 11:26:51 - [Cluster 0 - CLIENT] - INFO - x_val shape: (176, 7, 27), y_val shape: (176, 1)
2025-03-30 11:26:51 - [Cluster 0 - CLIENT] - INFO - Initialized client logging for cluster 0 -> ../logs/run_20250330_101705/clients_cluster_0.log
2025-03-30 11:26:51 - [Cluster 0 - CLIENT] - INFO - Loading pickle data for store 614, cluster 0...
2025-03-30 11:26:52 - [Cluster 0 - CLIENT] - INFO - x_train shape: (723, 7, 27), y_train shape: (723, 1)
2025-03-30 11:26:52 - [Cluster 0 - CLIENT] - INFO - x_val shape: (176, 7, 27), y_val shape: (176, 1)
2025-03-30 11:26:52 - [Cluster 0 - CLIENT] - INFO - Initialized client logging for cluster 0 -> ../logs/run_20250330_101705/clients_cluster_0.log
2025-03-30 11:26:52 - [Cluster 0 - CLIENT] - INFO - Loading pickle data for store 169, cluster 0...
2025-03-30 11:26:52 - [Cluster 0 - CLIENT] - INFO - Initialized client logging for cluster 0 -> ../logs/run_20250330_101705/clients_cluster_0.log
2025-03-30 11:26:52 - [Cluster 0 - CLIENT] - INFO - Loading pickle data for store 508, cluster 0...
2025-03-30 11:26:52 - [Cluster 0 - CLIENT] - INFO - x_train shape: (723, 7, 27), y_train shape: (723, 1)
2025-03-30 11:26:52 - [Cluster 0 - CLIENT] - INFO - x_val shape: (176, 7, 27), y_val shape: (176, 1)
2025-03-30 11:26:52 - [Cluster 0 - CLIENT] - INFO - Initialized client logging for cluster 0 -> ../logs/run_20250330_101705/clients_cluster_0.log
2025-03-30 11:26:52 - [Cluster 0 - CLIENT] - INFO - Loading pickle data for store 409, cluster 0...
2025-03-30 11:26:52 - [Cluster 0 - CLIENT] - INFO - x_train shape: (723, 7, 27), y_train shape: (723, 1)
2025-03-30 11:26:52 - [Cluster 0 - CLIENT] - INFO - x_val shape: (176, 7, 27), y_val shape: (176, 1)
2025-03-30 11:26:52 - [Cluster 0 - CLIENT] - INFO - x_train shape: (723, 7, 27), y_train shape: (723, 1)
2025-03-30 11:26:52 - [Cluster 0 - CLIENT] - INFO - x_val shape: (176, 7, 27), y_val shape: (176, 1)
2025-03-30 11:26:52 - [Cluster 0 - CLIENT] - INFO - Initialized client logging for cluster 0 -> ../logs/run_20250330_101705/clients_cluster_0.log
2025-03-30 11:26:52 - [Cluster 0 - CLIENT] - INFO - Loading pickle data for store 289, cluster 0...
2025-03-30 11:26:52 - [Cluster 0 - CLIENT] - INFO - x_train shape: (723, 7, 27), y_train shape: (723, 1)
2025-03-30 11:26:52 - [Cluster 0 - CLIENT] - INFO - x_val shape: (176, 7, 27), y_val shape: (176, 1)
2025-03-30 11:26:52 - [Cluster 0 - CLIENT] - INFO - Initialized client logging for cluster 0 -> ../logs/run_20250330_101705/clients_cluster_0.log
2025-03-30 11:26:52 - [Cluster 0 - CLIENT] - INFO - Loading pickle data for store 803, cluster 0...
2025-03-30 11:26:52 - [Cluster 0 - CLIENT] - INFO - Initialized client logging for cluster 0 -> ../logs/run_20250330_101705/clients_cluster_0.log
2025-03-30 11:26:52 - [Cluster 0 - CLIENT] - INFO - Loading pickle data for store 855, cluster 0...
2025-03-30 11:26:52 - [Cluster 0 - CLIENT] - INFO - x_train shape: (723, 7, 27), y_train shape: (723, 1)
2025-03-30 11:26:52 - [Cluster 0 - CLIENT] - INFO - x_val shape: (176, 7, 27), y_val shape: (176, 1)
2025-03-30 11:26:52 - [Cluster 0 - CLIENT] - INFO - x_train shape: (723, 7, 27), y_train shape: (723, 1)
2025-03-30 11:26:52 - [Cluster 0 - CLIENT] - INFO - x_val shape: (176, 7, 27), y_val shape: (176, 1)
2025-03-30 11:26:52 - [Cluster 0 - CLIENT] - INFO - Initialized client logging for cluster 0 -> ../logs/run_20250330_101705/clients_cluster_0.log
2025-03-30 11:26:52 - [Cluster 0 - CLIENT] - INFO - Loading pickle data for store 796, cluster 0...
2025-03-30 11:26:52 - [Cluster 0 - CLIENT] - INFO - Initialized client logging for cluster 0 -> ../logs/run_20250330_101705/clients_cluster_0.log
2025-03-30 11:26:52 - [Cluster 0 - CLIENT] - INFO - Loading pickle data for store 293, cluster 0...
2025-03-30 11:26:52 - [Cluster 0 - CLIENT] - INFO - x_train shape: (723, 7, 27), y_train shape: (723, 1)
2025-03-30 11:26:52 - [Cluster 0 - CLIENT] - INFO - x_val shape: (176, 7, 27), y_val shape: (176, 1)
2025-03-30 11:26:52 - [Cluster 0 - CLIENT] - INFO - x_train shape: (723, 7, 27), y_train shape: (723, 1)
2025-03-30 11:26:52 - [Cluster 0 - CLIENT] - INFO - x_val shape: (176, 7, 27), y_val shape: (176, 1)
2025-03-30 11:26:53 - [Cluster 0 - CLIENT] - INFO - [Store 370, Cluster 0] Connecting to 127.0.0.1:8080 ...
2025-03-30 11:26:53 - [Cluster 0 - CLIENT] - INFO - Initialized client logging for cluster 0 -> ../logs/run_20250330_101705/clients_cluster_0.log
2025-03-30 11:26:53 - [Cluster 0 - CLIENT] - INFO - Loading pickle data for store 237, cluster 0...
2025-03-30 11:26:53 - [Cluster 0 - CLIENT] - INFO - x_train shape: (723, 7, 27), y_train shape: (723, 1)
2025-03-30 11:26:53 - [Cluster 0 - CLIENT] - INFO - x_val shape: (176, 7, 27), y_val shape: (176, 1)
2025-03-30 11:26:53 - [Cluster 0 - CLIENT] - DEBUG - Opened insecure gRPC connection (no certificates were passed)
2025-03-30 11:26:53 - [Cluster 0 - CLIENT] - DEBUG - ChannelConnectivity.IDLE
2025-03-30 11:26:53 - [Cluster 0 - CLIENT] - DEBUG - ChannelConnectivity.CONNECTING
2025-03-30 11:26:53 - [Cluster 0 - CLIENT] - DEBUG - ChannelConnectivity.TRANSIENT_FAILURE
2025-03-30 11:26:53 - [Cluster 0 - CLIENT] - INFO - [Store 75, Cluster 0] Connecting to 127.0.0.1:8080 ...
2025-03-30 11:26:53 - [Cluster 0 - CLIENT] - INFO - [Store 1074, Cluster 0] Connecting to 127.0.0.1:8080 ...
2025-03-30 11:26:53 - [Cluster 0 - CLIENT] - DEBUG - Opened insecure gRPC connection (no certificates were passed)
2025-03-30 11:26:53 - [Cluster 0 - CLIENT] - DEBUG - ChannelConnectivity.IDLE
2025-03-30 11:26:53 - [Cluster 0 - CLIENT] - DEBUG - gRPC channel closed
2025-03-30 11:26:53 - [Cluster 0 - CLIENT] - DEBUG - Opened insecure gRPC connection (no certificates were passed)
2025-03-30 11:26:53 - [Cluster 0 - CLIENT] - INFO - [Store 823, Cluster 0] Connecting to 127.0.0.1:8080 ...
2025-03-30 11:26:53 - [Cluster 0 - CLIENT] - DEBUG - ChannelConnectivity.IDLE
2025-03-30 11:26:53 - [Cluster 0 - CLIENT] - DEBUG - ChannelConnectivity.CONNECTING
2025-03-30 11:26:53 - [Cluster 0 - CLIENT] - DEBUG - gRPC channel closed
2025-03-30 11:26:53 - [Cluster 0 - CLIENT] - DEBUG - Opened insecure gRPC connection (no certificates were passed)
2025-03-30 11:26:53 - [Cluster 0 - CLIENT] - DEBUG - ChannelConnectivity.IDLE
2025-03-30 11:26:53 - [Cluster 0 - CLIENT] - DEBUG - gRPC channel closed
2025-03-30 11:26:53 - [Cluster 0 - CLIENT] - DEBUG - ChannelConnectivity.CONNECTING
2025-03-30 11:26:53 - [Cluster 0 - CLIENT] - INFO - [Store 950, Cluster 0] Connecting to 127.0.0.1:8080 ...
2025-03-30 11:26:53 - [Cluster 0 - CLIENT] - INFO - [Store 614, Cluster 0] Connecting to 127.0.0.1:8080 ...
2025-03-30 11:26:53 - [Cluster 0 - CLIENT] - DEBUG - Opened insecure gRPC connection (no certificates were passed)
2025-03-30 11:26:53 - [Cluster 0 - CLIENT] - DEBUG - ChannelConnectivity.TRANSIENT_FAILURE
2025-03-30 11:26:53 - [Cluster 0 - CLIENT] - DEBUG - ChannelConnectivity.IDLE
2025-03-30 11:26:53 - [Cluster 0 - CLIENT] - DEBUG - ChannelConnectivity.TRANSIENT_FAILURE
2025-03-30 11:26:53 - [Cluster 0 - CLIENT] - DEBUG - Opened insecure gRPC connection (no certificates were passed)
2025-03-30 11:26:53 - [Cluster 0 - CLIENT] - DEBUG - ChannelConnectivity.IDLE
2025-03-30 11:26:53 - [Cluster 0 - CLIENT] - DEBUG - ChannelConnectivity.TRANSIENT_FAILURE
2025-03-30 11:26:53 - [Cluster 0 - CLIENT] - DEBUG - gRPC channel closed
2025-03-30 11:26:53 - [Cluster 0 - CLIENT] - DEBUG - gRPC channel closed
2025-03-30 11:26:53 - [Cluster 0 - CLIENT] - DEBUG - gRPC channel closed
2025-03-30 11:26:54 - [Cluster 0 - CLIENT] - INFO - [Store 409, Cluster 0] Connecting to 127.0.0.1:8080 ...
2025-03-30 11:26:54 - [Cluster 0 - CLIENT] - INFO - [Store 169, Cluster 0] Connecting to 127.0.0.1:8080 ...
2025-03-30 11:26:54 - [Cluster 0 - CLIENT] - INFO - [Store 293, Cluster 0] Connecting to 127.0.0.1:8080 ...
2025-03-30 11:26:54 - [Cluster 0 - CLIENT] - INFO - [Store 508, Cluster 0] Connecting to 127.0.0.1:8080 ...
2025-03-30 11:26:54 - [Cluster 0 - CLIENT] - DEBUG - Opened insecure gRPC connection (no certificates were passed)
2025-03-30 11:26:54 - [Cluster 0 - CLIENT] - DEBUG - ChannelConnectivity.IDLE
2025-03-30 11:26:54 - [Cluster 0 - CLIENT] - DEBUG - ChannelConnectivity.TRANSIENT_FAILURE
2025-03-30 11:26:54 - [Cluster 0 - CLIENT] - DEBUG - Opened insecure gRPC connection (no certificates were passed)
2025-03-30 11:26:54 - [Cluster 0 - CLIENT] - DEBUG - Opened insecure gRPC connection (no certificates were passed)
2025-03-30 11:26:54 - [Cluster 0 - CLIENT] - DEBUG - Opened insecure gRPC connection (no certificates were passed)
2025-03-30 11:26:54 - [Cluster 0 - CLIENT] - DEBUG - ChannelConnectivity.IDLE
2025-03-30 11:26:54 - [Cluster 0 - CLIENT] - DEBUG - ChannelConnectivity.IDLE
2025-03-30 11:26:54 - [Cluster 0 - CLIENT] - DEBUG - ChannelConnectivity.CONNECTING
2025-03-30 11:26:54 - [Cluster 0 - CLIENT] - DEBUG - ChannelConnectivity.TRANSIENT_FAILURE
2025-03-30 11:26:54 - [Cluster 0 - CLIENT] - DEBUG - ChannelConnectivity.TRANSIENT_FAILURE
2025-03-30 11:26:54 - [Cluster 0 - CLIENT] - DEBUG - ChannelConnectivity.IDLE
2025-03-30 11:26:54 - [Cluster 0 - CLIENT] - DEBUG - ChannelConnectivity.TRANSIENT_FAILURE
2025-03-30 11:26:54 - [Cluster 0 - CLIENT] - INFO - [Store 855, Cluster 0] Connecting to 127.0.0.1:8080 ...
2025-03-30 11:26:54 - [Cluster 0 - CLIENT] - INFO - [Store 289, Cluster 0] Connecting to 127.0.0.1:8080 ...
2025-03-30 11:26:54 - [Cluster 0 - CLIENT] - DEBUG - Opened insecure gRPC connection (no certificates were passed)
2025-03-30 11:26:54 - [Cluster 0 - CLIENT] - DEBUG - ChannelConnectivity.IDLE
2025-03-30 11:26:54 - [Cluster 0 - CLIENT] - DEBUG - ChannelConnectivity.TRANSIENT_FAILURE
2025-03-30 11:26:54 - [Cluster 0 - CLIENT] - INFO - [Store 803, Cluster 0] Connecting to 127.0.0.1:8080 ...
2025-03-30 11:26:54 - [Cluster 0 - CLIENT] - DEBUG - Opened insecure gRPC connection (no certificates were passed)
2025-03-30 11:26:54 - [Cluster 0 - CLIENT] - DEBUG - ChannelConnectivity.IDLE
2025-03-30 11:26:55 - [Cluster 0 - CLIENT] - DEBUG - ChannelConnectivity.TRANSIENT_FAILURE
2025-03-30 11:26:55 - [Cluster 0 - CLIENT] - DEBUG - Opened insecure gRPC connection (no certificates were passed)
2025-03-30 11:26:55 - [Cluster 0 - CLIENT] - DEBUG - ChannelConnectivity.IDLE
2025-03-30 11:26:55 - [Cluster 0 - CLIENT] - DEBUG - ChannelConnectivity.TRANSIENT_FAILURE
2025-03-30 11:26:55 - [Cluster 0 - CLIENT] - DEBUG - gRPC channel closed
2025-03-30 11:26:55 - [Cluster 0 - CLIENT] - DEBUG - gRPC channel closed
2025-03-30 11:26:55 - [Cluster 0 - CLIENT] - INFO - [Store 237, Cluster 0] Connecting to 127.0.0.1:8080 ...
2025-03-30 11:26:55 - [Cluster 0 - CLIENT] - DEBUG - gRPC channel closed
2025-03-30 11:26:55 - [Cluster 0 - CLIENT] - DEBUG - gRPC channel closed
2025-03-30 11:26:55 - [Cluster 0 - CLIENT] - INFO - [Store 796, Cluster 0] Connecting to 127.0.0.1:8080 ...
2025-03-30 11:26:55 - [Cluster 0 - CLIENT] - DEBUG - Opened insecure gRPC connection (no certificates were passed)
2025-03-30 11:26:55 - [Cluster 0 - CLIENT] - DEBUG - ChannelConnectivity.IDLE
2025-03-30 11:26:55 - [Cluster 0 - CLIENT] - DEBUG - ChannelConnectivity.CONNECTING
2025-03-30 11:26:55 - [Cluster 0 - CLIENT] - DEBUG - gRPC channel closed
2025-03-30 11:26:55 - [Cluster 0 - CLIENT] - DEBUG - gRPC channel closed
2025-03-30 11:26:55 - [Cluster 0 - CLIENT] - DEBUG - gRPC channel closed
2025-03-30 11:26:55 - [Cluster 0 - CLIENT] - DEBUG - Opened insecure gRPC connection (no certificates were passed)
2025-03-30 11:26:55 - [Cluster 0 - CLIENT] - DEBUG - ChannelConnectivity.IDLE
2025-03-30 11:26:55 - [Cluster 0 - CLIENT] - DEBUG - ChannelConnectivity.TRANSIENT_FAILURE
2025-03-30 11:26:55 - [Cluster 0 - CLIENT] - DEBUG - gRPC channel closed
2025-03-30 11:26:55 - [Cluster 0 - CLIENT] - DEBUG - gRPC channel closed
2025-03-30 11:27:02 - [Cluster 0 - CLIENT] - INFO - Initialized client logging for cluster 0 -> ../logs/run_20250330_101705/clients_cluster_0.log
2025-03-30 11:27:02 - [Cluster 0 - CLIENT] - INFO - Loading pickle data for store 437, cluster 0...
2025-03-30 11:27:03 - [Cluster 0 - CLIENT] - INFO - x_train shape: (723, 7, 27), y_train shape: (723, 1)
2025-03-30 11:27:03 - [Cluster 0 - CLIENT] - INFO - x_val shape: (176, 7, 27), y_val shape: (176, 1)
2025-03-30 11:27:03 - [Cluster 0 - CLIENT] - INFO - [Store 437, Cluster 0] Connecting to 127.0.0.1:8080 ...
2025-03-30 11:27:03 - [Cluster 0 - CLIENT] - DEBUG - Opened insecure gRPC connection (no certificates were passed)
2025-03-30 11:27:03 - [Cluster 0 - CLIENT] - DEBUG - ChannelConnectivity.IDLE
2025-03-30 11:27:03 - [Cluster 0 - CLIENT] - DEBUG - ChannelConnectivity.CONNECTING
2025-03-30 11:27:03 - [Cluster 0 - CLIENT] - DEBUG - ChannelConnectivity.TRANSIENT_FAILURE
2025-03-30 11:27:03 - [Cluster 0 - CLIENT] - DEBUG - gRPC channel closed
2025-03-30 11:27:09 - [Cluster 0 - CLIENT] - INFO - Initialized client logging for cluster 0 -> ../logs/run_20250330_101705/clients_cluster_0.log
2025-03-30 11:27:09 - [Cluster 0 - CLIENT] - INFO - Loading pickle data for store 625, cluster 0...
2025-03-30 11:27:09 - [Cluster 0 - CLIENT] - INFO - x_train shape: (723, 7, 27), y_train shape: (723, 1)
2025-03-30 11:27:09 - [Cluster 0 - CLIENT] - INFO - x_val shape: (176, 7, 27), y_val shape: (176, 1)
2025-03-30 11:27:10 - [Cluster 0 - CLIENT] - INFO - [Store 625, Cluster 0] Connecting to 127.0.0.1:8080 ...
2025-03-30 11:27:10 - [Cluster 0 - CLIENT] - DEBUG - Opened insecure gRPC connection (no certificates were passed)
2025-03-30 11:27:10 - [Cluster 0 - CLIENT] - DEBUG - ChannelConnectivity.IDLE
2025-03-30 11:27:10 - [Cluster 0 - CLIENT] - DEBUG - ChannelConnectivity.CONNECTING
2025-03-30 11:27:10 - [Cluster 0 - CLIENT] - DEBUG - ChannelConnectivity.TRANSIENT_FAILURE
2025-03-30 11:27:10 - [Cluster 0 - CLIENT] - DEBUG - gRPC channel closed
2025-03-30 11:27:12 - [Cluster 0 - CLIENT] - INFO - Initialized client logging for cluster 0 -> ../logs/run_20250330_101705/clients_cluster_0.log
2025-03-30 11:27:12 - [Cluster 0 - CLIENT] - INFO - Loading pickle data for store 343, cluster 0...
2025-03-30 11:27:12 - [Cluster 0 - CLIENT] - INFO - x_train shape: (723, 7, 27), y_train shape: (723, 1)
2025-03-30 11:27:12 - [Cluster 0 - CLIENT] - INFO - x_val shape: (176, 7, 27), y_val shape: (176, 1)
2025-03-30 11:27:12 - [Cluster 0 - CLIENT] - INFO - Initialized client logging for cluster 0 -> ../logs/run_20250330_101705/clients_cluster_0.log
2025-03-30 11:27:12 - [Cluster 0 - CLIENT] - INFO - Loading pickle data for store 1047, cluster 0...
2025-03-30 11:27:12 - [Cluster 0 - CLIENT] - INFO - x_train shape: (723, 7, 27), y_train shape: (723, 1)
2025-03-30 11:27:12 - [Cluster 0 - CLIENT] - INFO - x_val shape: (176, 7, 27), y_val shape: (176, 1)
2025-03-30 11:27:12 - [Cluster 0 - CLIENT] - INFO - Initialized client logging for cluster 0 -> ../logs/run_20250330_101705/clients_cluster_0.log
2025-03-30 11:27:12 - [Cluster 0 - CLIENT] - INFO - Loading pickle data for store 491, cluster 0...
2025-03-30 11:27:12 - [Cluster 0 - CLIENT] - INFO - x_train shape: (723, 7, 27), y_train shape: (723, 1)
2025-03-30 11:27:12 - [Cluster 0 - CLIENT] - INFO - x_val shape: (176, 7, 27), y_val shape: (176, 1)
2025-03-30 11:27:13 - [Cluster 0 - CLIENT] - INFO - Initialized client logging for cluster 0 -> ../logs/run_20250330_101705/clients_cluster_0.log
2025-03-30 11:27:13 - [Cluster 0 - CLIENT] - INFO - Loading pickle data for store 969, cluster 0...
2025-03-30 11:27:13 - [Cluster 0 - CLIENT] - INFO - x_train shape: (723, 7, 27), y_train shape: (723, 1)
2025-03-30 11:27:13 - [Cluster 0 - CLIENT] - INFO - x_val shape: (176, 7, 27), y_val shape: (176, 1)
2025-03-30 11:27:13 - [Cluster 0 - CLIENT] - INFO - Initialized client logging for cluster 0 -> ../logs/run_20250330_101705/clients_cluster_0.log
2025-03-30 11:27:13 - [Cluster 0 - CLIENT] - INFO - Loading pickle data for store 1028, cluster 0...
2025-03-30 11:27:13 - [Cluster 0 - CLIENT] - INFO - x_train shape: (723, 7, 27), y_train shape: (723, 1)
2025-03-30 11:27:13 - [Cluster 0 - CLIENT] - INFO - x_val shape: (176, 7, 27), y_val shape: (176, 1)
2025-03-30 11:27:13 - [Cluster 0 - CLIENT] - INFO - Initialized client logging for cluster 0 -> ../logs/run_20250330_101705/clients_cluster_0.log
2025-03-30 11:27:13 - [Cluster 0 - CLIENT] - INFO - Loading pickle data for store 1086, cluster 0...
2025-03-30 11:27:13 - [Cluster 0 - CLIENT] - INFO - Initialized client logging for cluster 0 -> ../logs/run_20250330_101705/clients_cluster_0.log
2025-03-30 11:27:13 - [Cluster 0 - CLIENT] - INFO - Loading pickle data for store 1115, cluster 0...
2025-03-30 11:27:13 - [Cluster 0 - CLIENT] - INFO - x_train shape: (723, 7, 27), y_train shape: (723, 1)
2025-03-30 11:27:13 - [Cluster 0 - CLIENT] - INFO - x_val shape: (176, 7, 27), y_val shape: (176, 1)
2025-03-30 11:27:13 - [Cluster 0 - CLIENT] - INFO - x_train shape: (723, 7, 27), y_train shape: (723, 1)
2025-03-30 11:27:13 - [Cluster 0 - CLIENT] - INFO - x_val shape: (176, 7, 27), y_val shape: (176, 1)
2025-03-30 11:27:13 - [Cluster 0 - CLIENT] - INFO - Initialized client logging for cluster 0 -> ../logs/run_20250330_101705/clients_cluster_0.log
2025-03-30 11:27:13 - [Cluster 0 - CLIENT] - INFO - Loading pickle data for store 885, cluster 0...
2025-03-30 11:27:13 - [Cluster 0 - CLIENT] - INFO - Initialized client logging for cluster 0 -> ../logs/run_20250330_101705/clients_cluster_0.log
2025-03-30 11:27:13 - [Cluster 0 - CLIENT] - INFO - Loading pickle data for store 117, cluster 0...
2025-03-30 11:27:13 - [Cluster 0 - CLIENT] - INFO - x_train shape: (723, 7, 27), y_train shape: (723, 1)
2025-03-30 11:27:13 - [Cluster 0 - CLIENT] - INFO - x_val shape: (176, 7, 27), y_val shape: (176, 1)
2025-03-30 11:27:13 - [Cluster 0 - CLIENT] - INFO - Initialized client logging for cluster 0 -> ../logs/run_20250330_101705/clients_cluster_0.log
2025-03-30 11:27:13 - [Cluster 0 - CLIENT] - INFO - Loading pickle data for store 751, cluster 0...
2025-03-30 11:27:13 - [Cluster 0 - CLIENT] - INFO - Initialized client logging for cluster 0 -> ../logs/run_20250330_101705/clients_cluster_0.log
2025-03-30 11:27:13 - [Cluster 0 - CLIENT] - INFO - Loading pickle data for store 26, cluster 0...
2025-03-30 11:27:13 - [Cluster 0 - CLIENT] - INFO - x_train shape: (723, 7, 27), y_train shape: (723, 1)
2025-03-30 11:27:13 - [Cluster 0 - CLIENT] - INFO - x_val shape: (176, 7, 27), y_val shape: (176, 1)
2025-03-30 11:27:13 - [Cluster 0 - CLIENT] - INFO - Initialized client logging for cluster 0 -> ../logs/run_20250330_101705/clients_cluster_0.log
2025-03-30 11:27:13 - [Cluster 0 - CLIENT] - INFO - Loading pickle data for store 95, cluster 0...
2025-03-30 11:27:13 - [Cluster 0 - CLIENT] - INFO - x_train shape: (723, 7, 27), y_train shape: (723, 1)
2025-03-30 11:27:13 - [Cluster 0 - CLIENT] - INFO - x_val shape: (176, 7, 27), y_val shape: (176, 1)
2025-03-30 11:27:13 - [Cluster 0 - CLIENT] - INFO - x_train shape: (723, 7, 27), y_train shape: (723, 1)
2025-03-30 11:27:13 - [Cluster 0 - CLIENT] - INFO - x_val shape: (176, 7, 27), y_val shape: (176, 1)
2025-03-30 11:27:13 - [Cluster 0 - CLIENT] - INFO - Initialized client logging for cluster 0 -> ../logs/run_20250330_101705/clients_cluster_0.log
2025-03-30 11:27:13 - [Cluster 0 - CLIENT] - INFO - Loading pickle data for store 790, cluster 0...
2025-03-30 11:27:13 - [Cluster 0 - CLIENT] - INFO - x_train shape: (723, 7, 27), y_train shape: (723, 1)
2025-03-30 11:27:13 - [Cluster 0 - CLIENT] - INFO - x_val shape: (176, 7, 27), y_val shape: (176, 1)
2025-03-30 11:27:13 - [Cluster 0 - CLIENT] - INFO - Initialized client logging for cluster 0 -> ../logs/run_20250330_101705/clients_cluster_0.log
2025-03-30 11:27:13 - [Cluster 0 - CLIENT] - INFO - Loading pickle data for store 206, cluster 0...
2025-03-30 11:27:13 - [Cluster 0 - CLIENT] - INFO - x_train shape: (723, 7, 27), y_train shape: (723, 1)
2025-03-30 11:27:13 - [Cluster 0 - CLIENT] - INFO - x_val shape: (176, 7, 27), y_val shape: (176, 1)
2025-03-30 11:27:13 - [Cluster 0 - CLIENT] - INFO - Initialized client logging for cluster 0 -> ../logs/run_20250330_101705/clients_cluster_0.log
2025-03-30 11:27:13 - [Cluster 0 - CLIENT] - INFO - Loading pickle data for store 1100, cluster 0...
2025-03-30 11:27:13 - [Cluster 0 - CLIENT] - INFO - x_train shape: (723, 7, 27), y_train shape: (723, 1)
2025-03-30 11:27:13 - [Cluster 0 - CLIENT] - INFO - x_val shape: (176, 7, 27), y_val shape: (176, 1)
2025-03-30 11:27:13 - [Cluster 0 - CLIENT] - INFO - x_train shape: (723, 7, 27), y_train shape: (723, 1)
2025-03-30 11:27:13 - [Cluster 0 - CLIENT] - INFO - x_val shape: (176, 7, 27), y_val shape: (176, 1)
2025-03-30 11:27:14 - [Cluster 0 - CLIENT] - INFO - [Store 343, Cluster 0] Connecting to 127.0.0.1:8080 ...
2025-03-30 11:27:14 - [Cluster 0 - CLIENT] - DEBUG - Opened insecure gRPC connection (no certificates were passed)
2025-03-30 11:27:14 - [Cluster 0 - CLIENT] - INFO - Initialized client logging for cluster 0 -> ../logs/run_20250330_101705/clients_cluster_0.log
2025-03-30 11:27:14 - [Cluster 0 - CLIENT] - INFO - Loading pickle data for store 865, cluster 0...
2025-03-30 11:27:14 - [Cluster 0 - CLIENT] - DEBUG - ChannelConnectivity.IDLE
2025-03-30 11:27:14 - [Cluster 0 - CLIENT] - DEBUG - ChannelConnectivity.TRANSIENT_FAILURE
2025-03-30 11:27:14 - [Cluster 0 - CLIENT] - INFO - x_train shape: (723, 7, 27), y_train shape: (723, 1)
2025-03-30 11:27:14 - [Cluster 0 - CLIENT] - INFO - x_val shape: (176, 7, 27), y_val shape: (176, 1)
2025-03-30 11:27:14 - [Cluster 0 - CLIENT] - INFO - [Store 1047, Cluster 0] Connecting to 127.0.0.1:8080 ...
2025-03-30 11:27:14 - [Cluster 0 - CLIENT] - INFO - [Store 491, Cluster 0] Connecting to 127.0.0.1:8080 ...
2025-03-30 11:27:14 - [Cluster 0 - CLIENT] - DEBUG - Opened insecure gRPC connection (no certificates were passed)
2025-03-30 11:27:14 - [Cluster 0 - CLIENT] - DEBUG - ChannelConnectivity.IDLE
2025-03-30 11:27:14 - [Cluster 0 - CLIENT] - DEBUG - ChannelConnectivity.CONNECTING
2025-03-30 11:27:14 - [Cluster 0 - CLIENT] - DEBUG - ChannelConnectivity.TRANSIENT_FAILURE
2025-03-30 11:27:14 - [Cluster 0 - CLIENT] - DEBUG - Opened insecure gRPC connection (no certificates were passed)
2025-03-30 11:27:14 - [Cluster 0 - CLIENT] - DEBUG - ChannelConnectivity.IDLE
2025-03-30 11:27:14 - [Cluster 0 - CLIENT] - DEBUG - ChannelConnectivity.TRANSIENT_FAILURE
2025-03-30 11:27:14 - [Cluster 0 - CLIENT] - DEBUG - gRPC channel closed
2025-03-30 11:27:14 - [Cluster 0 - CLIENT] - INFO - [Store 969, Cluster 0] Connecting to 127.0.0.1:8080 ...
2025-03-30 11:27:14 - [Cluster 0 - CLIENT] - DEBUG - gRPC channel closed
2025-03-30 11:27:14 - [Cluster 0 - CLIENT] - DEBUG - gRPC channel closed
2025-03-30 11:27:14 - [Cluster 0 - CLIENT] - DEBUG - Opened insecure gRPC connection (no certificates were passed)
2025-03-30 11:27:14 - [Cluster 0 - CLIENT] - DEBUG - ChannelConnectivity.IDLE
2025-03-30 11:27:14 - [Cluster 0 - CLIENT] - DEBUG - ChannelConnectivity.CONNECTING
2025-03-30 11:27:14 - [Cluster 0 - CLIENT] - DEBUG - ChannelConnectivity.TRANSIENT_FAILURE
2025-03-30 11:27:14 - [Cluster 0 - CLIENT] - INFO - [Store 1086, Cluster 0] Connecting to 127.0.0.1:8080 ...
2025-03-30 11:27:14 - [Cluster 0 - CLIENT] - DEBUG - Opened insecure gRPC connection (no certificates were passed)
2025-03-30 11:27:14 - [Cluster 0 - CLIENT] - DEBUG - ChannelConnectivity.IDLE
2025-03-30 11:27:14 - [Cluster 0 - CLIENT] - DEBUG - ChannelConnectivity.CONNECTING
2025-03-30 11:27:14 - [Cluster 0 - CLIENT] - DEBUG - ChannelConnectivity.TRANSIENT_FAILURE
2025-03-30 11:27:14 - [Cluster 0 - CLIENT] - INFO - [Store 1028, Cluster 0] Connecting to 127.0.0.1:8080 ...
2025-03-30 11:27:14 - [Cluster 0 - CLIENT] - DEBUG - Opened insecure gRPC connection (no certificates were passed)
2025-03-30 11:27:14 - [Cluster 0 - CLIENT] - DEBUG - ChannelConnectivity.IDLE
2025-03-30 11:27:14 - [Cluster 0 - CLIENT] - DEBUG - ChannelConnectivity.TRANSIENT_FAILURE
2025-03-30 11:27:14 - [Cluster 0 - CLIENT] - DEBUG - gRPC channel closed
2025-03-30 11:27:14 - [Cluster 0 - CLIENT] - INFO - [Store 885, Cluster 0] Connecting to 127.0.0.1:8080 ...
2025-03-30 11:27:14 - [Cluster 0 - CLIENT] - DEBUG - Opened insecure gRPC connection (no certificates were passed)
2025-03-30 11:27:14 - [Cluster 0 - CLIENT] - DEBUG - ChannelConnectivity.IDLE
2025-03-30 11:27:14 - [Cluster 0 - CLIENT] - DEBUG - gRPC channel closed
2025-03-30 11:27:14 - [Cluster 0 - CLIENT] - DEBUG - gRPC channel closed
2025-03-30 11:27:14 - [Cluster 0 - CLIENT] - DEBUG - gRPC channel closed
2025-03-30 11:27:14 - [Cluster 0 - CLIENT] - INFO - [Store 95, Cluster 0] Connecting to 127.0.0.1:8080 ...
2025-03-30 11:27:15 - [Cluster 0 - CLIENT] - DEBUG - Opened insecure gRPC connection (no certificates were passed)
2025-03-30 11:27:15 - [Cluster 0 - CLIENT] - DEBUG - ChannelConnectivity.IDLE
2025-03-30 11:27:15 - [Cluster 0 - CLIENT] - DEBUG - ChannelConnectivity.TRANSIENT_FAILURE
2025-03-30 11:27:15 - [Cluster 0 - CLIENT] - INFO - [Store 1115, Cluster 0] Connecting to 127.0.0.1:8080 ...
2025-03-30 11:27:15 - [Cluster 0 - CLIENT] - INFO - [Store 790, Cluster 0] Connecting to 127.0.0.1:8080 ...
2025-03-30 11:27:15 - [Cluster 0 - CLIENT] - DEBUG - Opened insecure gRPC connection (no certificates were passed)
2025-03-30 11:27:15 - [Cluster 0 - CLIENT] - DEBUG - Opened insecure gRPC connection (no certificates were passed)
2025-03-30 11:27:15 - [Cluster 0 - CLIENT] - DEBUG - ChannelConnectivity.IDLE
2025-03-30 11:27:15 - [Cluster 0 - CLIENT] - DEBUG - ChannelConnectivity.TRANSIENT_FAILURE
2025-03-30 11:27:15 - [Cluster 0 - CLIENT] - DEBUG - ChannelConnectivity.IDLE
2025-03-30 11:27:15 - [Cluster 0 - CLIENT] - DEBUG - ChannelConnectivity.TRANSIENT_FAILURE
2025-03-30 11:27:15 - [Cluster 0 - CLIENT] - INFO - [Store 26, Cluster 0] Connecting to 127.0.0.1:8080 ...
2025-03-30 11:27:15 - [Cluster 0 - CLIENT] - INFO - [Store 751, Cluster 0] Connecting to 127.0.0.1:8080 ...
2025-03-30 11:27:15 - [Cluster 0 - CLIENT] - DEBUG - Opened insecure gRPC connection (no certificates were passed)
2025-03-30 11:27:15 - [Cluster 0 - CLIENT] - DEBUG - ChannelConnectivity.IDLE
2025-03-30 11:27:15 - [Cluster 0 - CLIENT] - DEBUG - ChannelConnectivity.TRANSIENT_FAILURE
2025-03-30 11:27:15 - [Cluster 0 - CLIENT] - DEBUG - gRPC channel closed
2025-03-30 11:27:15 - [Cluster 0 - CLIENT] - DEBUG - Opened insecure gRPC connection (no certificates were passed)
2025-03-30 11:27:15 - [Cluster 0 - CLIENT] - DEBUG - ChannelConnectivity.IDLE
2025-03-30 11:27:15 - [Cluster 0 - CLIENT] - DEBUG - ChannelConnectivity.CONNECTING
2025-03-30 11:27:15 - [Cluster 0 - CLIENT] - DEBUG - ChannelConnectivity.TRANSIENT_FAILURE
2025-03-30 11:27:15 - [Cluster 0 - CLIENT] - DEBUG - gRPC channel closed
2025-03-30 11:27:15 - [Cluster 0 - CLIENT] - DEBUG - gRPC channel closed
2025-03-30 11:27:15 - [Cluster 0 - CLIENT] - INFO - [Store 865, Cluster 0] Connecting to 127.0.0.1:8080 ...
2025-03-30 11:27:15 - [Cluster 0 - CLIENT] - INFO - [Store 1100, Cluster 0] Connecting to 127.0.0.1:8080 ...
2025-03-30 11:27:15 - [Cluster 0 - CLIENT] - DEBUG - Opened insecure gRPC connection (no certificates were passed)
2025-03-30 11:27:15 - [Cluster 0 - CLIENT] - DEBUG - ChannelConnectivity.IDLE
2025-03-30 11:27:15 - [Cluster 0 - CLIENT] - DEBUG - ChannelConnectivity.TRANSIENT_FAILURE
2025-03-30 11:27:15 - [Cluster 0 - CLIENT] - INFO - [Store 117, Cluster 0] Connecting to 127.0.0.1:8080 ...
2025-03-30 11:27:15 - [Cluster 0 - CLIENT] - DEBUG - Opened insecure gRPC connection (no certificates were passed)
2025-03-30 11:27:15 - [Cluster 0 - CLIENT] - DEBUG - ChannelConnectivity.IDLE
2025-03-30 11:27:15 - [Cluster 0 - CLIENT] - DEBUG - ChannelConnectivity.TRANSIENT_FAILURE
2025-03-30 11:27:15 - [Cluster 0 - CLIENT] - INFO - [Store 206, Cluster 0] Connecting to 127.0.0.1:8080 ...
2025-03-30 11:27:15 - [Cluster 0 - CLIENT] - DEBUG - Opened insecure gRPC connection (no certificates were passed)
2025-03-30 11:27:15 - [Cluster 0 - CLIENT] - DEBUG - gRPC channel closed
2025-03-30 11:27:15 - [Cluster 0 - CLIENT] - DEBUG - ChannelConnectivity.IDLE
2025-03-30 11:27:15 - [Cluster 0 - CLIENT] - DEBUG - ChannelConnectivity.TRANSIENT_FAILURE
2025-03-30 11:27:15 - [Cluster 0 - CLIENT] - DEBUG - Opened insecure gRPC connection (no certificates were passed)
2025-03-30 11:27:15 - [Cluster 0 - CLIENT] - DEBUG - gRPC channel closed
2025-03-30 11:27:15 - [Cluster 0 - CLIENT] - DEBUG - ChannelConnectivity.IDLE
2025-03-30 11:27:15 - [Cluster 0 - CLIENT] - DEBUG - ChannelConnectivity.CONNECTING
2025-03-30 11:27:15 - [Cluster 0 - CLIENT] - DEBUG - gRPC channel closed
2025-03-30 11:27:15 - [Cluster 0 - CLIENT] - INFO - Initialized client logging for cluster 0 -> ../logs/run_20250330_101705/clients_cluster_0.log
2025-03-30 11:27:15 - [Cluster 0 - CLIENT] - INFO - Loading pickle data for store 730, cluster 0...
2025-03-30 11:27:15 - [Cluster 0 - CLIENT] - INFO - x_train shape: (723, 7, 27), y_train shape: (723, 1)
2025-03-30 11:27:15 - [Cluster 0 - CLIENT] - INFO - x_val shape: (176, 7, 27), y_val shape: (176, 1)
2025-03-30 11:27:15 - [Cluster 0 - CLIENT] - DEBUG - gRPC channel closed
2025-03-30 11:27:15 - [Cluster 0 - CLIENT] - DEBUG - gRPC channel closed
2025-03-30 11:27:15 - [Cluster 0 - CLIENT] - DEBUG - gRPC channel closed
2025-03-30 11:27:15 - [Cluster 0 - CLIENT] - INFO - Initialized client logging for cluster 0 -> ../logs/run_20250330_101705/clients_cluster_0.log
2025-03-30 11:27:15 - [Cluster 0 - CLIENT] - INFO - Loading pickle data for store 463, cluster 0...
2025-03-30 11:27:15 - [Cluster 0 - CLIENT] - INFO - x_train shape: (723, 7, 27), y_train shape: (723, 1)
2025-03-30 11:27:15 - [Cluster 0 - CLIENT] - INFO - x_val shape: (176, 7, 27), y_val shape: (176, 1)
2025-03-30 11:27:16 - [Cluster 0 - CLIENT] - INFO - Initialized client logging for cluster 0 -> ../logs/run_20250330_101705/clients_cluster_0.log
2025-03-30 11:27:16 - [Cluster 0 - CLIENT] - INFO - Loading pickle data for store 496, cluster 0...
2025-03-30 11:27:16 - [Cluster 0 - CLIENT] - INFO - x_train shape: (723, 7, 27), y_train shape: (723, 1)
2025-03-30 11:27:16 - [Cluster 0 - CLIENT] - INFO - x_val shape: (176, 7, 27), y_val shape: (176, 1)
2025-03-30 11:27:16 - [Cluster 0 - CLIENT] - INFO - Initialized client logging for cluster 0 -> ../logs/run_20250330_101705/clients_cluster_0.log
2025-03-30 11:27:16 - [Cluster 0 - CLIENT] - INFO - Loading pickle data for store 844, cluster 0...
2025-03-30 11:27:16 - [Cluster 0 - CLIENT] - INFO - x_train shape: (723, 7, 27), y_train shape: (723, 1)
2025-03-30 11:27:16 - [Cluster 0 - CLIENT] - INFO - x_val shape: (176, 7, 27), y_val shape: (176, 1)
2025-03-30 11:27:16 - [Cluster 0 - CLIENT] - INFO - Initialized client logging for cluster 0 -> ../logs/run_20250330_101705/clients_cluster_0.log
2025-03-30 11:27:16 - [Cluster 0 - CLIENT] - INFO - Loading pickle data for store 5, cluster 0...
2025-03-30 11:27:16 - [Cluster 0 - CLIENT] - INFO - x_train shape: (723, 7, 27), y_train shape: (723, 1)
2025-03-30 11:27:16 - [Cluster 0 - CLIENT] - INFO - x_val shape: (176, 7, 27), y_val shape: (176, 1)
2025-03-30 11:27:16 - [Cluster 0 - CLIENT] - INFO - Initialized client logging for cluster 0 -> ../logs/run_20250330_101705/clients_cluster_0.log
2025-03-30 11:27:16 - [Cluster 0 - CLIENT] - INFO - Loading pickle data for store 882, cluster 0...
2025-03-30 11:27:16 - [Cluster 0 - CLIENT] - INFO - Initialized client logging for cluster 0 -> ../logs/run_20250330_101705/clients_cluster_0.log
2025-03-30 11:27:16 - [Cluster 0 - CLIENT] - INFO - Loading pickle data for store 350, cluster 0...
2025-03-30 11:27:16 - [Cluster 0 - CLIENT] - INFO - x_train shape: (723, 7, 27), y_train shape: (723, 1)
2025-03-30 11:27:16 - [Cluster 0 - CLIENT] - INFO - x_val shape: (176, 7, 27), y_val shape: (176, 1)
2025-03-30 11:27:16 - [Cluster 0 - CLIENT] - INFO - x_train shape: (723, 7, 27), y_train shape: (723, 1)
2025-03-30 11:27:16 - [Cluster 0 - CLIENT] - INFO - x_val shape: (176, 7, 27), y_val shape: (176, 1)
2025-03-30 11:27:16 - [Cluster 0 - CLIENT] - INFO - Initialized client logging for cluster 0 -> ../logs/run_20250330_101705/clients_cluster_0.log
2025-03-30 11:27:16 - [Cluster 0 - CLIENT] - INFO - Loading pickle data for store 109, cluster 0...
2025-03-30 11:27:16 - [Cluster 0 - CLIENT] - INFO - Initialized client logging for cluster 0 -> ../logs/run_20250330_101705/clients_cluster_0.log
2025-03-30 11:27:16 - [Cluster 0 - CLIENT] - INFO - Loading pickle data for store 564, cluster 0...
2025-03-30 11:27:16 - [Cluster 0 - CLIENT] - INFO - x_train shape: (723, 7, 27), y_train shape: (723, 1)
2025-03-30 11:27:16 - [Cluster 0 - CLIENT] - INFO - x_train shape: (723, 7, 27), y_train shape: (723, 1)
2025-03-30 11:27:16 - [Cluster 0 - CLIENT] - INFO - x_val shape: (176, 7, 27), y_val shape: (176, 1)
2025-03-30 11:27:16 - [Cluster 0 - CLIENT] - INFO - x_val shape: (176, 7, 27), y_val shape: (176, 1)
2025-03-30 11:27:16 - [Cluster 0 - CLIENT] - INFO - Initialized client logging for cluster 0 -> ../logs/run_20250330_101705/clients_cluster_0.log
2025-03-30 11:27:16 - [Cluster 0 - CLIENT] - INFO - Loading pickle data for store 323, cluster 0...
2025-03-30 11:27:16 - [Cluster 0 - CLIENT] - INFO - x_train shape: (723, 7, 27), y_train shape: (723, 1)
2025-03-30 11:27:16 - [Cluster 0 - CLIENT] - INFO - x_val shape: (176, 7, 27), y_val shape: (176, 1)
2025-03-30 11:27:16 - [Cluster 0 - CLIENT] - INFO - Initialized client logging for cluster 0 -> ../logs/run_20250330_101705/clients_cluster_0.log
2025-03-30 11:27:16 - [Cluster 0 - CLIENT] - INFO - Loading pickle data for store 735, cluster 0...
2025-03-30 11:27:16 - [Cluster 0 - CLIENT] - INFO - x_train shape: (723, 7, 27), y_train shape: (723, 1)
2025-03-30 11:27:16 - [Cluster 0 - CLIENT] - INFO - x_val shape: (176, 7, 27), y_val shape: (176, 1)
2025-03-30 11:27:16 - [Cluster 0 - CLIENT] - INFO - [Store 730, Cluster 0] Connecting to 127.0.0.1:8080 ...
2025-03-30 11:27:16 - [Cluster 0 - CLIENT] - DEBUG - Opened insecure gRPC connection (no certificates were passed)
2025-03-30 11:27:16 - [Cluster 0 - CLIENT] - DEBUG - ChannelConnectivity.IDLE
2025-03-30 11:27:16 - [Cluster 0 - CLIENT] - DEBUG - ChannelConnectivity.TRANSIENT_FAILURE
2025-03-30 11:27:17 - [Cluster 0 - CLIENT] - INFO - [Store 463, Cluster 0] Connecting to 127.0.0.1:8080 ...
2025-03-30 11:27:17 - [Cluster 0 - CLIENT] - DEBUG - Opened insecure gRPC connection (no certificates were passed)
2025-03-30 11:27:17 - [Cluster 0 - CLIENT] - DEBUG - ChannelConnectivity.IDLE
2025-03-30 11:27:17 - [Cluster 0 - CLIENT] - DEBUG - ChannelConnectivity.CONNECTING
2025-03-30 11:27:17 - [Cluster 0 - CLIENT] - DEBUG - ChannelConnectivity.TRANSIENT_FAILURE
2025-03-30 11:27:17 - [Cluster 0 - CLIENT] - DEBUG - gRPC channel closed
2025-03-30 11:27:17 - [Cluster 0 - CLIENT] - INFO - [Store 496, Cluster 0] Connecting to 127.0.0.1:8080 ...
2025-03-30 11:27:17 - [Cluster 0 - CLIENT] - INFO - [Store 844, Cluster 0] Connecting to 127.0.0.1:8080 ...
2025-03-30 11:27:17 - [Cluster 0 - CLIENT] - DEBUG - Opened insecure gRPC connection (no certificates were passed)
2025-03-30 11:27:17 - [Cluster 0 - CLIENT] - DEBUG - ChannelConnectivity.IDLE
2025-03-30 11:27:17 - [Cluster 0 - CLIENT] - DEBUG - ChannelConnectivity.TRANSIENT_FAILURE
2025-03-30 11:27:17 - [Cluster 0 - CLIENT] - DEBUG - Opened insecure gRPC connection (no certificates were passed)
2025-03-30 11:27:17 - [Cluster 0 - CLIENT] - DEBUG - ChannelConnectivity.IDLE
2025-03-30 11:27:17 - [Cluster 0 - CLIENT] - DEBUG - ChannelConnectivity.CONNECTING
2025-03-30 11:27:17 - [Cluster 0 - CLIENT] - DEBUG - ChannelConnectivity.TRANSIENT_FAILURE
2025-03-30 11:27:17 - [Cluster 0 - CLIENT] - INFO - [Store 5, Cluster 0] Connecting to 127.0.0.1:8080 ...
2025-03-30 11:27:17 - [Cluster 0 - CLIENT] - DEBUG - gRPC channel closed
2025-03-30 11:27:17 - [Cluster 0 - CLIENT] - INFO - Initialized client logging for cluster 0 -> ../logs/run_20250330_101705/clients_cluster_0.log
2025-03-30 11:27:17 - [Cluster 0 - CLIENT] - INFO - Loading pickle data for store 367, cluster 0...
2025-03-30 11:27:17 - [Cluster 0 - CLIENT] - INFO - x_train shape: (723, 7, 27), y_train shape: (723, 1)
2025-03-30 11:27:17 - [Cluster 0 - CLIENT] - INFO - x_val shape: (176, 7, 27), y_val shape: (176, 1)
2025-03-30 11:27:17 - [Cluster 0 - CLIENT] - DEBUG - Opened insecure gRPC connection (no certificates were passed)
2025-03-30 11:27:17 - [Cluster 0 - CLIENT] - DEBUG - ChannelConnectivity.IDLE
2025-03-30 11:27:17 - [Cluster 0 - CLIENT] - DEBUG - ChannelConnectivity.TRANSIENT_FAILURE
2025-03-30 11:27:17 - [Cluster 0 - CLIENT] - DEBUG - gRPC channel closed
2025-03-30 11:27:17 - [Cluster 0 - CLIENT] - DEBUG - gRPC channel closed
2025-03-30 11:27:17 - [Cluster 0 - CLIENT] - INFO - [Store 882, Cluster 0] Connecting to 127.0.0.1:8080 ...
2025-03-30 11:27:17 - [Cluster 0 - CLIENT] - INFO - [Store 350, Cluster 0] Connecting to 127.0.0.1:8080 ...
2025-03-30 11:27:17 - [Cluster 0 - CLIENT] - DEBUG - Opened insecure gRPC connection (no certificates were passed)
2025-03-30 11:27:17 - [Cluster 0 - CLIENT] - DEBUG - Opened insecure gRPC connection (no certificates were passed)
2025-03-30 11:27:17 - [Cluster 0 - CLIENT] - DEBUG - ChannelConnectivity.IDLE
2025-03-30 11:27:17 - [Cluster 0 - CLIENT] - DEBUG - ChannelConnectivity.TRANSIENT_FAILURE
2025-03-30 11:27:17 - [Cluster 0 - CLIENT] - DEBUG - ChannelConnectivity.IDLE
2025-03-30 11:27:17 - [Cluster 0 - CLIENT] - DEBUG - ChannelConnectivity.TRANSIENT_FAILURE
2025-03-30 11:27:17 - [Cluster 0 - CLIENT] - DEBUG - gRPC channel closed
2025-03-30 11:27:17 - [Cluster 0 - CLIENT] - INFO - [Store 323, Cluster 0] Connecting to 127.0.0.1:8080 ...
2025-03-30 11:27:17 - [Cluster 0 - CLIENT] - DEBUG - gRPC channel closed
2025-03-30 11:27:17 - [Cluster 0 - CLIENT] - INFO - [Store 109, Cluster 0] Connecting to 127.0.0.1:8080 ...
2025-03-30 11:27:17 - [Cluster 0 - CLIENT] - DEBUG - gRPC channel closed
2025-03-30 11:27:17 - [Cluster 0 - CLIENT] - DEBUG - Opened insecure gRPC connection (no certificates were passed)
2025-03-30 11:27:17 - [Cluster 0 - CLIENT] - DEBUG - Opened insecure gRPC connection (no certificates were passed)
2025-03-30 11:27:17 - [Cluster 0 - CLIENT] - DEBUG - ChannelConnectivity.IDLE
2025-03-30 11:27:17 - [Cluster 0 - CLIENT] - DEBUG - ChannelConnectivity.IDLE
2025-03-30 11:27:17 - [Cluster 0 - CLIENT] - DEBUG - ChannelConnectivity.CONNECTING
2025-03-30 11:27:17 - [Cluster 0 - CLIENT] - DEBUG - ChannelConnectivity.TRANSIENT_FAILURE
2025-03-30 11:27:17 - [Cluster 0 - CLIENT] - DEBUG - ChannelConnectivity.TRANSIENT_FAILURE
2025-03-30 11:27:17 - [Cluster 0 - CLIENT] - INFO - [Store 564, Cluster 0] Connecting to 127.0.0.1:8080 ...
2025-03-30 11:27:17 - [Cluster 0 - CLIENT] - DEBUG - Opened insecure gRPC connection (no certificates were passed)
2025-03-30 11:27:17 - [Cluster 0 - CLIENT] - DEBUG - ChannelConnectivity.IDLE
2025-03-30 11:27:17 - [Cluster 0 - CLIENT] - DEBUG - ChannelConnectivity.TRANSIENT_FAILURE
2025-03-30 11:27:17 - [Cluster 0 - CLIENT] - INFO - [Store 735, Cluster 0] Connecting to 127.0.0.1:8080 ...
2025-03-30 11:27:18 - [Cluster 0 - CLIENT] - DEBUG - gRPC channel closed
2025-03-30 11:27:18 - [Cluster 0 - CLIENT] - DEBUG - gRPC channel closed
2025-03-30 11:27:18 - [Cluster 0 - CLIENT] - DEBUG - Opened insecure gRPC connection (no certificates were passed)
2025-03-30 11:27:18 - [Cluster 0 - CLIENT] - DEBUG - ChannelConnectivity.IDLE
2025-03-30 11:27:18 - [Cluster 0 - CLIENT] - DEBUG - ChannelConnectivity.CONNECTING
2025-03-30 11:27:18 - [Cluster 0 - CLIENT] - DEBUG - ChannelConnectivity.TRANSIENT_FAILURE
2025-03-30 11:27:18 - [Cluster 0 - CLIENT] - DEBUG - gRPC channel closed
2025-03-30 11:27:18 - [Cluster 0 - CLIENT] - DEBUG - gRPC channel closed
2025-03-30 11:27:18 - [Cluster 0 - CLIENT] - INFO - [Store 367, Cluster 0] Connecting to 127.0.0.1:8080 ...
2025-03-30 11:27:18 - [Cluster 0 - CLIENT] - DEBUG - Opened insecure gRPC connection (no certificates were passed)
2025-03-30 11:27:18 - [Cluster 0 - CLIENT] - DEBUG - ChannelConnectivity.IDLE
2025-03-30 11:27:18 - [Cluster 0 - CLIENT] - DEBUG - ChannelConnectivity.TRANSIENT_FAILURE
2025-03-30 11:27:18 - [Cluster 0 - CLIENT] - DEBUG - gRPC channel closed
2025-03-30 11:27:21 - [Cluster 0 - CLIENT] - INFO - Initialized client logging for cluster 0 -> ../logs/run_20250330_101705/clients_cluster_0.log
2025-03-30 11:27:21 - [Cluster 0 - CLIENT] - INFO - Loading pickle data for store 730, cluster 0...
2025-03-30 11:27:21 - [Cluster 0 - CLIENT] - INFO - x_train shape: (723, 7, 27), y_train shape: (723, 1)
2025-03-30 11:27:21 - [Cluster 0 - CLIENT] - INFO - x_val shape: (176, 7, 27), y_val shape: (176, 1)
2025-03-30 11:27:22 - [Cluster 0 - CLIENT] - INFO - [Store 730, Cluster 0] Connecting to 127.0.0.1:8080 ...
2025-03-30 11:27:22 - [Cluster 0 - CLIENT] - DEBUG - Opened insecure gRPC connection (no certificates were passed)
2025-03-30 11:27:22 - [Cluster 0 - CLIENT] - DEBUG - ChannelConnectivity.IDLE
2025-03-30 11:27:22 - [Cluster 0 - CLIENT] - DEBUG - ChannelConnectivity.TRANSIENT_FAILURE
2025-03-30 11:27:22 - [Cluster 0 - CLIENT] - DEBUG - gRPC channel closed
2025-03-30 11:27:28 - [Cluster 0 - CLIENT] - INFO - Initialized client logging for cluster 0 -> ../logs/run_20250330_101705/clients_cluster_0.log
2025-03-30 11:27:28 - [Cluster 0 - CLIENT] - INFO - Loading pickle data for store 93, cluster 0...
2025-03-30 11:27:28 - [Cluster 0 - CLIENT] - INFO - x_train shape: (723, 7, 27), y_train shape: (723, 1)
2025-03-30 11:27:28 - [Cluster 0 - CLIENT] - INFO - x_val shape: (176, 7, 27), y_val shape: (176, 1)
2025-03-30 11:27:28 - [Cluster 0 - CLIENT] - INFO - [Store 93, Cluster 0] Connecting to 127.0.0.1:8080 ...
2025-03-30 11:27:28 - [Cluster 0 - CLIENT] - DEBUG - Opened insecure gRPC connection (no certificates were passed)
2025-03-30 11:27:28 - [Cluster 0 - CLIENT] - DEBUG - ChannelConnectivity.IDLE
2025-03-30 11:27:28 - [Cluster 0 - CLIENT] - DEBUG - ChannelConnectivity.CONNECTING
2025-03-30 11:27:28 - [Cluster 0 - CLIENT] - DEBUG - ChannelConnectivity.TRANSIENT_FAILURE
2025-03-30 11:27:28 - [Cluster 0 - CLIENT] - DEBUG - gRPC channel closed
2025-03-30 11:27:30 - [Cluster 0 - CLIENT] - INFO - Initialized client logging for cluster 0 -> ../logs/run_20250330_101705/clients_cluster_0.log
2025-03-30 11:27:30 - [Cluster 0 - CLIENT] - INFO - Loading pickle data for store 943, cluster 0...
2025-03-30 11:27:30 - [Cluster 0 - CLIENT] - INFO - x_train shape: (723, 7, 27), y_train shape: (723, 1)
2025-03-30 11:27:30 - [Cluster 0 - CLIENT] - INFO - x_val shape: (176, 7, 27), y_val shape: (176, 1)
2025-03-30 11:27:30 - [Cluster 0 - CLIENT] - INFO - Initialized client logging for cluster 0 -> ../logs/run_20250330_101705/clients_cluster_0.log
2025-03-30 11:27:30 - [Cluster 0 - CLIENT] - INFO - Loading pickle data for store 568, cluster 0...
2025-03-30 11:27:30 - [Cluster 0 - CLIENT] - INFO - x_train shape: (723, 7, 27), y_train shape: (723, 1)
2025-03-30 11:27:30 - [Cluster 0 - CLIENT] - INFO - x_val shape: (176, 7, 27), y_val shape: (176, 1)
2025-03-30 11:27:31 - [Cluster 0 - CLIENT] - INFO - Initialized client logging for cluster 0 -> ../logs/run_20250330_101705/clients_cluster_0.log
2025-03-30 11:27:31 - [Cluster 0 - CLIENT] - INFO - Loading pickle data for store 240, cluster 0...
2025-03-30 11:27:31 - [Cluster 0 - CLIENT] - INFO - x_train shape: (723, 7, 27), y_train shape: (723, 1)
2025-03-30 11:27:31 - [Cluster 0 - CLIENT] - INFO - x_val shape: (176, 7, 27), y_val shape: (176, 1)
2025-03-30 11:27:31 - [Cluster 0 - CLIENT] - INFO - Initialized client logging for cluster 0 -> ../logs/run_20250330_101705/clients_cluster_0.log
2025-03-30 11:27:31 - [Cluster 0 - CLIENT] - INFO - Loading pickle data for store 944, cluster 0...
2025-03-30 11:27:31 - [Cluster 0 - CLIENT] - INFO - x_train shape: (723, 7, 27), y_train shape: (723, 1)
2025-03-30 11:27:31 - [Cluster 0 - CLIENT] - INFO - x_val shape: (176, 7, 27), y_val shape: (176, 1)
2025-03-30 11:27:31 - [Cluster 0 - CLIENT] - INFO - [Store 943, Cluster 0] Connecting to 127.0.0.1:8080 ...
2025-03-30 11:27:31 - [Cluster 0 - CLIENT] - DEBUG - Opened insecure gRPC connection (no certificates were passed)
2025-03-30 11:27:31 - [Cluster 0 - CLIENT] - DEBUG - ChannelConnectivity.IDLE
2025-03-30 11:27:31 - [Cluster 0 - CLIENT] - DEBUG - ChannelConnectivity.CONNECTING
2025-03-30 11:27:31 - [Cluster 0 - CLIENT] - DEBUG - ChannelConnectivity.TRANSIENT_FAILURE
2025-03-30 11:27:31 - [Cluster 0 - CLIENT] - INFO - [Store 568, Cluster 0] Connecting to 127.0.0.1:8080 ...
2025-03-30 11:27:31 - [Cluster 0 - CLIENT] - DEBUG - Opened insecure gRPC connection (no certificates were passed)
2025-03-30 11:27:31 - [Cluster 0 - CLIENT] - DEBUG - ChannelConnectivity.IDLE
2025-03-30 11:27:31 - [Cluster 0 - CLIENT] - DEBUG - ChannelConnectivity.CONNECTING
2025-03-30 11:27:31 - [Cluster 0 - CLIENT] - DEBUG - ChannelConnectivity.TRANSIENT_FAILURE
2025-03-30 11:27:31 - [Cluster 0 - CLIENT] - INFO - [Store 240, Cluster 0] Connecting to 127.0.0.1:8080 ...
2025-03-30 11:27:31 - [Cluster 0 - CLIENT] - DEBUG - Opened insecure gRPC connection (no certificates were passed)
2025-03-30 11:27:31 - [Cluster 0 - CLIENT] - DEBUG - ChannelConnectivity.IDLE
2025-03-30 11:27:31 - [Cluster 0 - CLIENT] - DEBUG - ChannelConnectivity.CONNECTING
2025-03-30 11:27:31 - [Cluster 0 - CLIENT] - DEBUG - ChannelConnectivity.TRANSIENT_FAILURE
2025-03-30 11:27:31 - [Cluster 0 - CLIENT] - DEBUG - gRPC channel closed
2025-03-30 11:27:31 - [Cluster 0 - CLIENT] - DEBUG - gRPC channel closed
2025-03-30 11:27:31 - [Cluster 0 - CLIENT] - INFO - [Store 944, Cluster 0] Connecting to 127.0.0.1:8080 ...
2025-03-30 11:27:31 - [Cluster 0 - CLIENT] - DEBUG - Opened insecure gRPC connection (no certificates were passed)
2025-03-30 11:27:31 - [Cluster 0 - CLIENT] - DEBUG - ChannelConnectivity.IDLE
2025-03-30 11:27:31 - [Cluster 0 - CLIENT] - DEBUG - ChannelConnectivity.TRANSIENT_FAILURE
2025-03-30 11:27:31 - [Cluster 0 - CLIENT] - DEBUG - gRPC channel closed
2025-03-30 11:27:32 - [Cluster 0 - CLIENT] - DEBUG - gRPC channel closed
2025-03-30 11:27:34 - [Cluster 0 - CLIENT] - INFO - Initialized client logging for cluster 0 -> ../logs/run_20250330_101705/clients_cluster_0.log
2025-03-30 11:27:34 - [Cluster 0 - CLIENT] - INFO - Loading pickle data for store 688, cluster 0...
2025-03-30 11:27:34 - [Cluster 0 - CLIENT] - INFO - x_train shape: (723, 7, 27), y_train shape: (723, 1)
2025-03-30 11:27:34 - [Cluster 0 - CLIENT] - INFO - x_val shape: (176, 7, 27), y_val shape: (176, 1)
2025-03-30 11:27:35 - [Cluster 0 - CLIENT] - INFO - Initialized client logging for cluster 0 -> ../logs/run_20250330_101705/clients_cluster_0.log
2025-03-30 11:27:35 - [Cluster 0 - CLIENT] - INFO - Loading pickle data for store 109, cluster 0...
2025-03-30 11:27:35 - [Cluster 0 - CLIENT] - INFO - x_train shape: (723, 7, 27), y_train shape: (723, 1)
2025-03-30 11:27:35 - [Cluster 0 - CLIENT] - INFO - x_val shape: (176, 7, 27), y_val shape: (176, 1)
2025-03-30 11:27:35 - [Cluster 0 - CLIENT] - INFO - Initialized client logging for cluster 0 -> ../logs/run_20250330_101705/clients_cluster_0.log
2025-03-30 11:27:35 - [Cluster 0 - CLIENT] - INFO - Loading pickle data for store 795, cluster 0...
2025-03-30 11:27:35 - [Cluster 0 - CLIENT] - INFO - x_train shape: (723, 7, 27), y_train shape: (723, 1)
2025-03-30 11:27:35 - [Cluster 0 - CLIENT] - INFO - x_val shape: (176, 7, 27), y_val shape: (176, 1)
2025-03-30 11:27:35 - [Cluster 0 - CLIENT] - INFO - Initialized client logging for cluster 0 -> ../logs/run_20250330_101705/clients_cluster_0.log
2025-03-30 11:27:35 - [Cluster 0 - CLIENT] - INFO - Loading pickle data for store 997, cluster 0...
2025-03-30 11:27:35 - [Cluster 0 - CLIENT] - INFO - x_train shape: (723, 7, 27), y_train shape: (723, 1)
2025-03-30 11:27:35 - [Cluster 0 - CLIENT] - INFO - x_val shape: (176, 7, 27), y_val shape: (176, 1)
2025-03-30 11:27:35 - [Cluster 0 - CLIENT] - INFO - Initialized client logging for cluster 0 -> ../logs/run_20250330_101705/clients_cluster_0.log
2025-03-30 11:27:35 - [Cluster 0 - CLIENT] - INFO - Loading pickle data for store 323, cluster 0...
2025-03-30 11:27:35 - [Cluster 0 - CLIENT] - INFO - x_train shape: (723, 7, 27), y_train shape: (723, 1)
2025-03-30 11:27:35 - [Cluster 0 - CLIENT] - INFO - x_val shape: (176, 7, 27), y_val shape: (176, 1)
2025-03-30 11:27:35 - [Cluster 0 - CLIENT] - INFO - [Store 688, Cluster 0] Connecting to 127.0.0.1:8080 ...
2025-03-30 11:27:35 - [Cluster 0 - CLIENT] - DEBUG - Opened insecure gRPC connection (no certificates were passed)
2025-03-30 11:27:35 - [Cluster 0 - CLIENT] - INFO - Initialized client logging for cluster 0 -> ../logs/run_20250330_101705/clients_cluster_0.log
2025-03-30 11:27:35 - [Cluster 0 - CLIENT] - INFO - Loading pickle data for store 131, cluster 0...
2025-03-30 11:27:35 - [Cluster 0 - CLIENT] - DEBUG - ChannelConnectivity.IDLE
2025-03-30 11:27:35 - [Cluster 0 - CLIENT] - DEBUG - ChannelConnectivity.CONNECTING
2025-03-30 11:27:35 - [Cluster 0 - CLIENT] - DEBUG - ChannelConnectivity.TRANSIENT_FAILURE
2025-03-30 11:27:36 - [Cluster 0 - CLIENT] - INFO - x_train shape: (723, 7, 27), y_train shape: (723, 1)
2025-03-30 11:27:36 - [Cluster 0 - CLIENT] - INFO - x_val shape: (176, 7, 27), y_val shape: (176, 1)
2025-03-30 11:27:36 - [Cluster 0 - CLIENT] - DEBUG - gRPC channel closed
2025-03-30 11:27:36 - [Cluster 0 - CLIENT] - INFO - [Store 109, Cluster 0] Connecting to 127.0.0.1:8080 ...
2025-03-30 11:27:36 - [Cluster 0 - CLIENT] - DEBUG - Opened insecure gRPC connection (no certificates were passed)
2025-03-30 11:27:36 - [Cluster 0 - CLIENT] - DEBUG - ChannelConnectivity.IDLE
2025-03-30 11:27:36 - [Cluster 0 - CLIENT] - DEBUG - ChannelConnectivity.TRANSIENT_FAILURE
2025-03-30 11:27:36 - [Cluster 0 - CLIENT] - DEBUG - gRPC channel closed
2025-03-30 11:27:36 - [Cluster 0 - CLIENT] - INFO - [Store 795, Cluster 0] Connecting to 127.0.0.1:8080 ...
2025-03-30 11:27:36 - [Cluster 0 - CLIENT] - DEBUG - Opened insecure gRPC connection (no certificates were passed)
2025-03-30 11:27:36 - [Cluster 0 - CLIENT] - DEBUG - ChannelConnectivity.IDLE
2025-03-30 11:27:36 - [Cluster 0 - CLIENT] - DEBUG - ChannelConnectivity.TRANSIENT_FAILURE
2025-03-30 11:27:36 - [Cluster 0 - CLIENT] - INFO - [Store 997, Cluster 0] Connecting to 127.0.0.1:8080 ...
2025-03-30 11:27:37 - [Cluster 0 - CLIENT] - DEBUG - Opened insecure gRPC connection (no certificates were passed)
2025-03-30 11:27:37 - [Cluster 0 - CLIENT] - DEBUG - ChannelConnectivity.IDLE
2025-03-30 11:27:37 - [Cluster 0 - CLIENT] - DEBUG - ChannelConnectivity.TRANSIENT_FAILURE
2025-03-30 11:27:37 - [Cluster 0 - CLIENT] - DEBUG - gRPC channel closed
2025-03-30 11:27:37 - [Cluster 0 - CLIENT] - DEBUG - gRPC channel closed
2025-03-30 11:27:37 - [Cluster 0 - CLIENT] - INFO - [Store 323, Cluster 0] Connecting to 127.0.0.1:8080 ...
2025-03-30 11:27:37 - [Cluster 0 - CLIENT] - DEBUG - Opened insecure gRPC connection (no certificates were passed)
2025-03-30 11:27:37 - [Cluster 0 - CLIENT] - DEBUG - ChannelConnectivity.IDLE
2025-03-30 11:27:37 - [Cluster 0 - CLIENT] - DEBUG - ChannelConnectivity.CONNECTING
2025-03-30 11:27:37 - [Cluster 0 - CLIENT] - DEBUG - gRPC channel closed
2025-03-30 11:27:37 - [Cluster 0 - CLIENT] - INFO - [Store 131, Cluster 0] Connecting to 127.0.0.1:8080 ...
2025-03-30 11:27:37 - [Cluster 0 - CLIENT] - DEBUG - Opened insecure gRPC connection (no certificates were passed)
2025-03-30 11:27:37 - [Cluster 0 - CLIENT] - DEBUG - ChannelConnectivity.IDLE
2025-03-30 11:27:37 - [Cluster 0 - CLIENT] - DEBUG - ChannelConnectivity.CONNECTING
2025-03-30 11:27:37 - [Cluster 0 - CLIENT] - DEBUG - ChannelConnectivity.TRANSIENT_FAILURE
2025-03-30 11:27:37 - [Cluster 0 - CLIENT] - DEBUG - gRPC channel closed
