2025-03-30 11:27:35 - [Cluster 1 - CLIENT] - INFO - Initialized client logging for cluster 1 -> ../logs/run_20250330_101705/clients_cluster_1.log
2025-03-30 11:27:35 - [Cluster 1 - CLIENT] - INFO - Loading pickle data for store 722, cluster 1...
2025-03-30 11:27:35 - [Cluster 1 - CLIENT] - INFO - x_train shape: (723, 7, 27), y_train shape: (723, 1)
2025-03-30 11:27:35 - [Cluster 1 - CLIENT] - INFO - x_val shape: (176, 7, 27), y_val shape: (176, 1)
2025-03-30 11:27:35 - [Cluster 1 - CLIENT] - INFO - Initialized client logging for cluster 1 -> ../logs/run_20250330_101705/clients_cluster_1.log
2025-03-30 11:27:35 - [Cluster 1 - CLIENT] - INFO - Initialized client logging for cluster 1 -> ../logs/run_20250330_101705/clients_cluster_1.log
2025-03-30 11:27:35 - [Cluster 1 - CLIENT] - INFO - Loading pickle data for store 245, cluster 1...
2025-03-30 11:27:35 - [Cluster 1 - CLIENT] - INFO - Loading pickle data for store 431, cluster 1...
2025-03-30 11:27:35 - [Cluster 1 - CLIENT] - INFO - Initialized client logging for cluster 1 -> ../logs/run_20250330_101705/clients_cluster_1.log
2025-03-30 11:27:35 - [Cluster 1 - CLIENT] - INFO - Loading pickle data for store 665, cluster 1...
2025-03-30 11:27:35 - [Cluster 1 - CLIENT] - INFO - Initialized client logging for cluster 1 -> ../logs/run_20250330_101705/clients_cluster_1.log
2025-03-30 11:27:35 - [Cluster 1 - CLIENT] - INFO - Loading pickle data for store 593, cluster 1...
2025-03-30 11:27:35 - [Cluster 1 - CLIENT] - INFO - x_train shape: (723, 7, 27), y_train shape: (723, 1)
2025-03-30 11:27:35 - [Cluster 1 - CLIENT] - INFO - x_val shape: (176, 7, 27), y_val shape: (176, 1)
2025-03-30 11:27:35 - [Cluster 1 - CLIENT] - INFO - x_train shape: (723, 7, 27), y_train shape: (723, 1)
2025-03-30 11:27:35 - [Cluster 1 - CLIENT] - INFO - x_val shape: (176, 7, 27), y_val shape: (176, 1)
2025-03-30 11:27:35 - [Cluster 1 - CLIENT] - INFO - Initialized client logging for cluster 1 -> ../logs/run_20250330_101705/clients_cluster_1.log
2025-03-30 11:27:35 - [Cluster 1 - CLIENT] - INFO - Loading pickle data for store 683, cluster 1...
2025-03-30 11:27:35 - [Cluster 1 - CLIENT] - INFO - x_train shape: (723, 7, 27), y_train shape: (723, 1)
2025-03-30 11:27:35 - [Cluster 1 - CLIENT] - INFO - x_val shape: (176, 7, 27), y_val shape: (176, 1)
2025-03-30 11:27:35 - [Cluster 1 - CLIENT] - INFO - Initialized client logging for cluster 1 -> ../logs/run_20250330_101705/clients_cluster_1.log
2025-03-30 11:27:35 - [Cluster 1 - CLIENT] - INFO - Loading pickle data for store 872, cluster 1...
2025-03-30 11:27:35 - [Cluster 1 - CLIENT] - INFO - x_train shape: (723, 7, 27), y_train shape: (723, 1)
2025-03-30 11:27:35 - [Cluster 1 - CLIENT] - INFO - x_val shape: (176, 7, 27), y_val shape: (176, 1)
2025-03-30 11:27:35 - [Cluster 1 - CLIENT] - INFO - x_train shape: (723, 7, 27), y_train shape: (723, 1)
2025-03-30 11:27:35 - [Cluster 1 - CLIENT] - INFO - x_val shape: (176, 7, 27), y_val shape: (176, 1)
2025-03-30 11:27:35 - [Cluster 1 - CLIENT] - INFO - x_train shape: (723, 7, 27), y_train shape: (723, 1)
2025-03-30 11:27:35 - [Cluster 1 - CLIENT] - INFO - x_val shape: (176, 7, 27), y_val shape: (176, 1)
2025-03-30 11:27:35 - [Cluster 1 - CLIENT] - INFO - Initialized client logging for cluster 1 -> ../logs/run_20250330_101705/clients_cluster_1.log
2025-03-30 11:27:35 - [Cluster 1 - CLIENT] - INFO - Loading pickle data for store 826, cluster 1...
2025-03-30 11:27:35 - [Cluster 1 - CLIENT] - INFO - x_train shape: (723, 7, 27), y_train shape: (723, 1)
2025-03-30 11:27:35 - [Cluster 1 - CLIENT] - INFO - x_val shape: (176, 7, 27), y_val shape: (176, 1)
2025-03-30 11:27:36 - [Cluster 1 - CLIENT] - INFO - Initialized client logging for cluster 1 -> ../logs/run_20250330_101705/clients_cluster_1.log
2025-03-30 11:27:36 - [Cluster 1 - CLIENT] - INFO - Loading pickle data for store 125, cluster 1...
2025-03-30 11:27:36 - [Cluster 1 - CLIENT] - INFO - Initialized client logging for cluster 1 -> ../logs/run_20250330_101705/clients_cluster_1.log
2025-03-30 11:27:36 - [Cluster 1 - CLIENT] - INFO - Loading pickle data for store 69, cluster 1...
2025-03-30 11:27:36 - [Cluster 1 - CLIENT] - INFO - Initialized client logging for cluster 1 -> ../logs/run_20250330_101705/clients_cluster_1.log
2025-03-30 11:27:36 - [Cluster 1 - CLIENT] - INFO - Loading pickle data for store 1043, cluster 1...
2025-03-30 11:27:36 - [Cluster 1 - CLIENT] - INFO - x_train shape: (723, 7, 27), y_train shape: (723, 1)
2025-03-30 11:27:36 - [Cluster 1 - CLIENT] - INFO - x_val shape: (176, 7, 27), y_val shape: (176, 1)
2025-03-30 11:27:36 - [Cluster 1 - CLIENT] - INFO - x_train shape: (723, 7, 27), y_train shape: (723, 1)
2025-03-30 11:27:36 - [Cluster 1 - CLIENT] - INFO - x_val shape: (176, 7, 27), y_val shape: (176, 1)
2025-03-30 11:27:36 - [Cluster 1 - CLIENT] - INFO - Initialized client logging for cluster 1 -> ../logs/run_20250330_101705/clients_cluster_1.log
2025-03-30 11:27:36 - [Cluster 1 - CLIENT] - INFO - Loading pickle data for store 1112, cluster 1...
2025-03-30 11:27:36 - [Cluster 1 - CLIENT] - INFO - x_train shape: (723, 7, 27), y_train shape: (723, 1)
2025-03-30 11:27:36 - [Cluster 1 - CLIENT] - INFO - x_val shape: (176, 7, 27), y_val shape: (176, 1)
2025-03-30 11:27:36 - [Cluster 1 - CLIENT] - INFO - Initialized client logging for cluster 1 -> ../logs/run_20250330_101705/clients_cluster_1.log
2025-03-30 11:27:36 - [Cluster 1 - CLIENT] - INFO - Loading pickle data for store 679, cluster 1...
2025-03-30 11:27:36 - [Cluster 1 - CLIENT] - INFO - x_train shape: (723, 7, 27), y_train shape: (723, 1)
2025-03-30 11:27:36 - [Cluster 1 - CLIENT] - INFO - x_val shape: (176, 7, 27), y_val shape: (176, 1)
2025-03-30 11:27:36 - [Cluster 1 - CLIENT] - INFO - x_train shape: (723, 7, 27), y_train shape: (723, 1)
2025-03-30 11:27:36 - [Cluster 1 - CLIENT] - INFO - x_val shape: (176, 7, 27), y_val shape: (176, 1)
2025-03-30 11:27:36 - [Cluster 1 - CLIENT] - INFO - Initialized client logging for cluster 1 -> ../logs/run_20250330_101705/clients_cluster_1.log
2025-03-30 11:27:36 - [Cluster 1 - CLIENT] - INFO - Loading pickle data for store 928, cluster 1...
2025-03-30 11:27:36 - [Cluster 1 - CLIENT] - INFO - x_train shape: (723, 7, 27), y_train shape: (723, 1)
2025-03-30 11:27:36 - [Cluster 1 - CLIENT] - INFO - x_val shape: (176, 7, 27), y_val shape: (176, 1)
2025-03-30 11:27:37 - [Cluster 1 - CLIENT] - INFO - [Store 722, Cluster 1] Connecting to 127.0.0.1:8081 ...
2025-03-30 11:27:37 - [Cluster 1 - CLIENT] - DEBUG - Opened insecure gRPC connection (no certificates were passed)
2025-03-30 11:27:37 - [Cluster 1 - CLIENT] - DEBUG - ChannelConnectivity.IDLE
2025-03-30 11:27:37 - [Cluster 1 - CLIENT] - DEBUG - ChannelConnectivity.CONNECTING
2025-03-30 11:27:37 - [Cluster 1 - CLIENT] - DEBUG - ChannelConnectivity.READY
2025-03-30 11:27:37 - [Cluster 1 - CLIENT] - INFO - 
2025-03-30 11:27:37 - [Cluster 1 - CLIENT] - INFO - Received: get_parameters message ba44716c-f8d9-4d39-88e8-f066467cf1bf
2025-03-30 11:27:37 - [Cluster 1 - CLIENT] - INFO - [Store 722] Sending model parameters to server.
2025-03-30 11:27:37 - [Cluster 1 - CLIENT] - INFO - [Store 593, Cluster 1] Connecting to 127.0.0.1:8081 ...
2025-03-30 11:27:37 - [Cluster 1 - CLIENT] - INFO - Sent reply
2025-03-30 11:27:37 - [Cluster 1 - CLIENT] - DEBUG - Opened insecure gRPC connection (no certificates were passed)
2025-03-30 11:27:37 - [Cluster 1 - CLIENT] - DEBUG - ChannelConnectivity.IDLE
2025-03-30 11:27:37 - [Cluster 1 - CLIENT] - DEBUG - ChannelConnectivity.CONNECTING
2025-03-30 11:27:37 - [Cluster 1 - CLIENT] - DEBUG - ChannelConnectivity.READY
2025-03-30 11:27:37 - [Cluster 1 - CLIENT] - INFO - [Store 245, Cluster 1] Connecting to 127.0.0.1:8081 ...
2025-03-30 11:27:37 - [Cluster 1 - CLIENT] - DEBUG - Opened insecure gRPC connection (no certificates were passed)
2025-03-30 11:27:37 - [Cluster 1 - CLIENT] - DEBUG - ChannelConnectivity.IDLE
2025-03-30 11:27:37 - [Cluster 1 - CLIENT] - DEBUG - ChannelConnectivity.CONNECTING
2025-03-30 11:27:37 - [Cluster 1 - CLIENT] - DEBUG - ChannelConnectivity.READY
2025-03-30 11:27:37 - [Cluster 1 - CLIENT] - INFO - [Store 683, Cluster 1] Connecting to 127.0.0.1:8081 ...
2025-03-30 11:27:37 - [Cluster 1 - CLIENT] - DEBUG - Opened insecure gRPC connection (no certificates were passed)
2025-03-30 11:27:37 - [Cluster 1 - CLIENT] - DEBUG - ChannelConnectivity.IDLE
2025-03-30 11:27:37 - [Cluster 1 - CLIENT] - DEBUG - ChannelConnectivity.CONNECTING
2025-03-30 11:27:37 - [Cluster 1 - CLIENT] - DEBUG - ChannelConnectivity.READY
2025-03-30 11:27:37 - [Cluster 1 - CLIENT] - INFO - [Store 665, Cluster 1] Connecting to 127.0.0.1:8081 ...
2025-03-30 11:27:37 - [Cluster 1 - CLIENT] - DEBUG - Opened insecure gRPC connection (no certificates were passed)
2025-03-30 11:27:37 - [Cluster 1 - CLIENT] - INFO - [Store 872, Cluster 1] Connecting to 127.0.0.1:8081 ...
2025-03-30 11:27:37 - [Cluster 1 - CLIENT] - DEBUG - ChannelConnectivity.IDLE
2025-03-30 11:27:37 - [Cluster 1 - CLIENT] - DEBUG - ChannelConnectivity.CONNECTING
2025-03-30 11:27:37 - [Cluster 1 - CLIENT] - DEBUG - ChannelConnectivity.READY
2025-03-30 11:27:37 - [Cluster 1 - CLIENT] - INFO - [Store 1112, Cluster 1] Connecting to 127.0.0.1:8081 ...
2025-03-30 11:27:37 - [Cluster 1 - CLIENT] - INFO - [Store 125, Cluster 1] Connecting to 127.0.0.1:8081 ...
2025-03-30 11:27:37 - [Cluster 1 - CLIENT] - DEBUG - Opened insecure gRPC connection (no certificates were passed)
2025-03-30 11:27:37 - [Cluster 1 - CLIENT] - DEBUG - ChannelConnectivity.IDLE
2025-03-30 11:27:37 - [Cluster 1 - CLIENT] - DEBUG - Opened insecure gRPC connection (no certificates were passed)
2025-03-30 11:27:37 - [Cluster 1 - CLIENT] - DEBUG - ChannelConnectivity.READY
2025-03-30 11:27:37 - [Cluster 1 - CLIENT] - DEBUG - ChannelConnectivity.IDLE
2025-03-30 11:27:37 - [Cluster 1 - CLIENT] - INFO - [Store 431, Cluster 1] Connecting to 127.0.0.1:8081 ...
2025-03-30 11:27:37 - [Cluster 1 - CLIENT] - DEBUG - Opened insecure gRPC connection (no certificates were passed)
2025-03-30 11:27:37 - [Cluster 1 - CLIENT] - DEBUG - ChannelConnectivity.CONNECTING
2025-03-30 11:27:37 - [Cluster 1 - CLIENT] - INFO - [Store 679, Cluster 1] Connecting to 127.0.0.1:8081 ...
2025-03-30 11:27:37 - [Cluster 1 - CLIENT] - DEBUG - Opened insecure gRPC connection (no certificates were passed)
2025-03-30 11:27:37 - [Cluster 1 - CLIENT] - DEBUG - ChannelConnectivity.READY
2025-03-30 11:27:37 - [Cluster 1 - CLIENT] - DEBUG - ChannelConnectivity.IDLE
2025-03-30 11:27:37 - [Cluster 1 - CLIENT] - DEBUG - ChannelConnectivity.CONNECTING
2025-03-30 11:27:37 - [Cluster 1 - CLIENT] - DEBUG - ChannelConnectivity.IDLE
2025-03-30 11:27:37 - [Cluster 1 - CLIENT] - DEBUG - ChannelConnectivity.READY
2025-03-30 11:27:37 - [Cluster 1 - CLIENT] - DEBUG - ChannelConnectivity.CONNECTING
2025-03-30 11:27:37 - [Cluster 1 - CLIENT] - DEBUG - ChannelConnectivity.READY
2025-03-30 11:27:37 - [Cluster 1 - CLIENT] - DEBUG - Opened insecure gRPC connection (no certificates were passed)
2025-03-30 11:27:37 - [Cluster 1 - CLIENT] - DEBUG - ChannelConnectivity.IDLE
2025-03-30 11:27:37 - [Cluster 1 - CLIENT] - INFO - [Store 69, Cluster 1] Connecting to 127.0.0.1:8081 ...
2025-03-30 11:27:37 - [Cluster 1 - CLIENT] - DEBUG - ChannelConnectivity.CONNECTING
2025-03-30 11:27:37 - [Cluster 1 - CLIENT] - INFO - [Store 928, Cluster 1] Connecting to 127.0.0.1:8081 ...
2025-03-30 11:27:37 - [Cluster 1 - CLIENT] - DEBUG - Opened insecure gRPC connection (no certificates were passed)
2025-03-30 11:27:37 - [Cluster 1 - CLIENT] - DEBUG - ChannelConnectivity.IDLE
2025-03-30 11:27:37 - [Cluster 1 - CLIENT] - DEBUG - ChannelConnectivity.CONNECTING
2025-03-30 11:27:37 - [Cluster 1 - CLIENT] - DEBUG - ChannelConnectivity.READY
2025-03-30 11:27:37 - [Cluster 1 - CLIENT] - INFO - [Store 1043, Cluster 1] Connecting to 127.0.0.1:8081 ...
2025-03-30 11:27:37 - [Cluster 1 - CLIENT] - DEBUG - Opened insecure gRPC connection (no certificates were passed)
2025-03-30 11:27:37 - [Cluster 1 - CLIENT] - DEBUG - ChannelConnectivity.IDLE
2025-03-30 11:27:37 - [Cluster 1 - CLIENT] - DEBUG - ChannelConnectivity.CONNECTING
2025-03-30 11:27:37 - [Cluster 1 - CLIENT] - DEBUG - ChannelConnectivity.READY
2025-03-30 11:27:37 - [Cluster 1 - CLIENT] - DEBUG - ChannelConnectivity.READY
2025-03-30 11:27:37 - [Cluster 1 - CLIENT] - DEBUG - Opened insecure gRPC connection (no certificates were passed)
2025-03-30 11:27:37 - [Cluster 1 - CLIENT] - INFO - 
2025-03-30 11:27:37 - [Cluster 1 - CLIENT] - INFO - Received: train message 7320ad0d-8c37-4f5b-b98a-b9e7ffa95505
2025-03-30 11:27:37 - [Cluster 1 - CLIENT] - INFO - 
2025-03-30 11:27:37 - [Cluster 1 - CLIENT] - INFO - Received: train message a3abdc90-b4d9-433b-b764-040d0f73e2c9
2025-03-30 11:27:37 - [Cluster 1 - CLIENT] - DEBUG - ChannelConnectivity.IDLE
2025-03-30 11:27:37 - [Cluster 1 - CLIENT] - INFO - 
2025-03-30 11:27:37 - [Cluster 1 - CLIENT] - INFO - Received: train message 35dda3d7-78e1-4b57-800f-b7bd7826d853
2025-03-30 11:27:37 - [Cluster 1 - CLIENT] - INFO - 
2025-03-30 11:27:37 - [Cluster 1 - CLIENT] - INFO - Received: train message 40735e25-fea8-44b2-8ddf-35250c811a1c
2025-03-30 11:27:37 - [Cluster 1 - CLIENT] - INFO - 
2025-03-30 11:27:37 - [Cluster 1 - CLIENT] - INFO - Received: train message 701b8864-69af-4d21-b5b4-1bd69f124e9d
2025-03-30 11:27:37 - [Cluster 1 - CLIENT] - INFO - 
2025-03-30 11:27:37 - [Cluster 1 - CLIENT] - INFO - Received: train message 501d1a5b-b91e-4617-b245-a364456cd4d1
2025-03-30 11:27:37 - [Cluster 1 - CLIENT] - INFO - [Store 245] Starting local training.
2025-03-30 11:27:37 - [Cluster 1 - CLIENT] - INFO - [Store 431] Starting local training.
2025-03-30 11:27:37 - [Cluster 1 - CLIENT] - INFO - 
2025-03-30 11:27:37 - [Cluster 1 - CLIENT] - INFO - Received: train message 2f13e7fd-848c-4146-8a2b-4291d351ef87
2025-03-30 11:27:37 - [Cluster 1 - CLIENT] - INFO - 
2025-03-30 11:27:37 - [Cluster 1 - CLIENT] - INFO - Received: train message 5db5f72d-5726-4e7c-8011-88b22071dca5
2025-03-30 11:27:37 - [Cluster 1 - CLIENT] - INFO - 
2025-03-30 11:27:37 - [Cluster 1 - CLIENT] - INFO - Received: train message df24b634-2578-4de2-bd45-385f8113d7f9
2025-03-30 11:27:37 - [Cluster 1 - CLIENT] - INFO - 
2025-03-30 11:27:37 - [Cluster 1 - CLIENT] - INFO - Received: train message c64f4ade-616a-4db5-b976-894620ecb6f5
2025-03-30 11:27:37 - [Cluster 1 - CLIENT] - INFO - [Store 683] Starting local training.
2025-03-30 11:27:37 - [Cluster 1 - CLIENT] - INFO - [Store 593] Starting local training.
2025-03-30 11:27:37 - [Cluster 1 - CLIENT] - INFO - [Store 722] Starting local training.
2025-03-30 11:27:37 - [Cluster 1 - CLIENT] - INFO - [Store 665] Starting local training.
2025-03-30 11:27:37 - [Cluster 1 - CLIENT] - INFO - [Store 125] Starting local training.
2025-03-30 11:27:37 - [Cluster 1 - CLIENT] - INFO - [Store 872] Starting local training.
2025-03-30 11:27:37 - [Cluster 1 - CLIENT] - INFO - [Store 679] Starting local training.
2025-03-30 11:27:37 - [Cluster 1 - CLIENT] - INFO - [Store 1112] Starting local training.
2025-03-30 11:27:37 - [Cluster 1 - CLIENT] - INFO - 
2025-03-30 11:27:37 - [Cluster 1 - CLIENT] - INFO - Received: train message 3a080984-160a-4955-b4ef-d0e1f0e9ffd6
2025-03-30 11:27:37 - [Cluster 1 - CLIENT] - DEBUG - ChannelConnectivity.CONNECTING
2025-03-30 11:27:37 - [Cluster 1 - CLIENT] - DEBUG - ChannelConnectivity.READY
2025-03-30 11:27:37 - [Cluster 1 - CLIENT] - INFO - 
2025-03-30 11:27:37 - [Cluster 1 - CLIENT] - INFO - Received: train message f45895f5-dd42-4b27-8875-ad02f55e61d0
2025-03-30 11:27:37 - [Cluster 1 - CLIENT] - INFO - [Store 69] Starting local training.
2025-03-30 11:27:37 - [Cluster 1 - CLIENT] - INFO - [Store 826, Cluster 1] Connecting to 127.0.0.1:8081 ...
2025-03-30 11:27:37 - [Cluster 1 - CLIENT] - INFO - [Store 928] Starting local training.
2025-03-30 11:27:37 - [Cluster 1 - CLIENT] - DEBUG - Opened insecure gRPC connection (no certificates were passed)
2025-03-30 11:27:37 - [Cluster 1 - CLIENT] - DEBUG - ChannelConnectivity.IDLE
2025-03-30 11:27:37 - [Cluster 1 - CLIENT] - DEBUG - ChannelConnectivity.CONNECTING
2025-03-30 11:27:37 - [Cluster 1 - CLIENT] - DEBUG - ChannelConnectivity.READY
2025-03-30 11:27:39 - [Cluster 1 - CLIENT] - INFO - Initialized client logging for cluster 1 -> ../logs/run_20250330_101705/clients_cluster_1.log
2025-03-30 11:27:39 - [Cluster 1 - CLIENT] - INFO - Loading pickle data for store 479, cluster 1...
2025-03-30 11:27:39 - [Cluster 1 - CLIENT] - INFO - x_train shape: (723, 7, 27), y_train shape: (723, 1)
2025-03-30 11:27:39 - [Cluster 1 - CLIENT] - INFO - x_val shape: (176, 7, 27), y_val shape: (176, 1)
2025-03-30 11:27:39 - [Cluster 1 - CLIENT] - INFO - [Store 479, Cluster 1] Connecting to 127.0.0.1:8081 ...
2025-03-30 11:27:39 - [Cluster 1 - CLIENT] - DEBUG - Opened insecure gRPC connection (no certificates were passed)
2025-03-30 11:27:39 - [Cluster 1 - CLIENT] - DEBUG - ChannelConnectivity.IDLE
2025-03-30 11:27:39 - [Cluster 1 - CLIENT] - DEBUG - ChannelConnectivity.READY
2025-03-30 11:27:59 - [Cluster 1 - CLIENT] - INFO - Initialized client logging for cluster 1 -> ../logs/run_20250330_101705/clients_cluster_1.log
2025-03-30 11:27:59 - [Cluster 1 - CLIENT] - INFO - Loading pickle data for store 967, cluster 1...
2025-03-30 11:27:59 - [Cluster 1 - CLIENT] - INFO - x_train shape: (723, 7, 27), y_train shape: (723, 1)
2025-03-30 11:27:59 - [Cluster 1 - CLIENT] - INFO - x_val shape: (176, 7, 27), y_val shape: (176, 1)
2025-03-30 11:28:02 - [Cluster 1 - CLIENT] - INFO - [Store 967, Cluster 1] Connecting to 127.0.0.1:8081 ...
2025-03-30 11:28:02 - [Cluster 1 - CLIENT] - DEBUG - Opened insecure gRPC connection (no certificates were passed)
2025-03-30 11:28:02 - [Cluster 1 - CLIENT] - DEBUG - ChannelConnectivity.IDLE
2025-03-30 11:28:02 - [Cluster 1 - CLIENT] - DEBUG - ChannelConnectivity.CONNECTING
2025-03-30 11:28:02 - [Cluster 1 - CLIENT] - DEBUG - ChannelConnectivity.READY
2025-03-30 11:28:05 - [Cluster 1 - CLIENT] - INFO - Initialized client logging for cluster 1 -> ../logs/run_20250330_101705/clients_cluster_1.log
2025-03-30 11:28:05 - [Cluster 1 - CLIENT] - INFO - Loading pickle data for store 905, cluster 1...
2025-03-30 11:28:05 - [Cluster 1 - CLIENT] - INFO - x_train shape: (723, 7, 27), y_train shape: (723, 1)
2025-03-30 11:28:05 - [Cluster 1 - CLIENT] - INFO - x_val shape: (176, 7, 27), y_val shape: (176, 1)
2025-03-30 11:28:09 - [Cluster 1 - CLIENT] - INFO - [Store 905, Cluster 1] Connecting to 127.0.0.1:8081 ...
2025-03-30 11:28:09 - [Cluster 1 - CLIENT] - DEBUG - Opened insecure gRPC connection (no certificates were passed)
2025-03-30 11:28:09 - [Cluster 1 - CLIENT] - DEBUG - ChannelConnectivity.IDLE
2025-03-30 11:28:09 - [Cluster 1 - CLIENT] - DEBUG - ChannelConnectivity.CONNECTING
2025-03-30 11:28:09 - [Cluster 1 - CLIENT] - DEBUG - ChannelConnectivity.READY
2025-03-30 11:28:17 - [Cluster 1 - CLIENT] - INFO - Initialized client logging for cluster 1 -> ../logs/run_20250330_101705/clients_cluster_1.log
2025-03-30 11:28:17 - [Cluster 1 - CLIENT] - INFO - Loading pickle data for store 545, cluster 1...
2025-03-30 11:28:17 - [Cluster 1 - CLIENT] - INFO - x_train shape: (723, 7, 27), y_train shape: (723, 1)
2025-03-30 11:28:17 - [Cluster 1 - CLIENT] - INFO - x_val shape: (176, 7, 27), y_val shape: (176, 1)
2025-03-30 11:28:21 - [Cluster 1 - CLIENT] - INFO - [Store 545, Cluster 1] Connecting to 127.0.0.1:8081 ...
2025-03-30 11:28:21 - [Cluster 1 - CLIENT] - DEBUG - Opened insecure gRPC connection (no certificates were passed)
2025-03-30 11:28:21 - [Cluster 1 - CLIENT] - DEBUG - ChannelConnectivity.IDLE
2025-03-30 11:28:21 - [Cluster 1 - CLIENT] - DEBUG - ChannelConnectivity.CONNECTING
2025-03-30 11:28:21 - [Cluster 1 - CLIENT] - DEBUG - ChannelConnectivity.READY
2025-03-30 11:28:27 - [Cluster 1 - CLIENT] - INFO - Initialized client logging for cluster 1 -> ../logs/run_20250330_101705/clients_cluster_1.log
2025-03-30 11:28:27 - [Cluster 1 - CLIENT] - INFO - Loading pickle data for store 448, cluster 1...
2025-03-30 11:28:27 - [Cluster 1 - CLIENT] - INFO - x_train shape: (723, 7, 27), y_train shape: (723, 1)
2025-03-30 11:28:27 - [Cluster 1 - CLIENT] - INFO - x_val shape: (176, 7, 27), y_val shape: (176, 1)
2025-03-30 11:28:32 - [Cluster 1 - CLIENT] - INFO - [Store 448, Cluster 1] Connecting to 127.0.0.1:8081 ...
2025-03-30 11:28:32 - [Cluster 1 - CLIENT] - DEBUG - Opened insecure gRPC connection (no certificates were passed)
2025-03-30 11:28:32 - [Cluster 1 - CLIENT] - DEBUG - ChannelConnectivity.IDLE
2025-03-30 11:28:32 - [Cluster 1 - CLIENT] - DEBUG - ChannelConnectivity.CONNECTING
2025-03-30 11:28:32 - [Cluster 1 - CLIENT] - DEBUG - ChannelConnectivity.READY
2025-03-30 11:28:41 - [Cluster 1 - CLIENT] - INFO - Initialized client logging for cluster 1 -> ../logs/run_20250330_101705/clients_cluster_1.log
2025-03-30 11:28:41 - [Cluster 1 - CLIENT] - INFO - Loading pickle data for store 211, cluster 1...
2025-03-30 11:28:41 - [Cluster 1 - CLIENT] - INFO - x_train shape: (723, 7, 27), y_train shape: (723, 1)
2025-03-30 11:28:41 - [Cluster 1 - CLIENT] - INFO - x_val shape: (176, 7, 27), y_val shape: (176, 1)
2025-03-30 11:28:44 - [Cluster 1 - CLIENT] - INFO - [Store 211, Cluster 1] Connecting to 127.0.0.1:8081 ...
2025-03-30 11:28:44 - [Cluster 1 - CLIENT] - DEBUG - Opened insecure gRPC connection (no certificates were passed)
2025-03-30 11:28:44 - [Cluster 1 - CLIENT] - DEBUG - ChannelConnectivity.IDLE
2025-03-30 11:28:44 - [Cluster 1 - CLIENT] - DEBUG - ChannelConnectivity.CONNECTING
2025-03-30 11:28:44 - [Cluster 1 - CLIENT] - DEBUG - ChannelConnectivity.READY
2025-03-30 11:28:46 - [Cluster 1 - CLIENT] - INFO - Initialized client logging for cluster 1 -> ../logs/run_20250330_101705/clients_cluster_1.log
2025-03-30 11:28:46 - [Cluster 1 - CLIENT] - INFO - Loading pickle data for store 150, cluster 1...
2025-03-30 11:28:47 - [Cluster 1 - CLIENT] - INFO - x_train shape: (723, 7, 27), y_train shape: (723, 1)
2025-03-30 11:28:47 - [Cluster 1 - CLIENT] - INFO - x_val shape: (176, 7, 27), y_val shape: (176, 1)
2025-03-30 11:28:51 - [Cluster 1 - CLIENT] - INFO - [Store 150, Cluster 1] Connecting to 127.0.0.1:8081 ...
2025-03-30 11:28:51 - [Cluster 1 - CLIENT] - DEBUG - Opened insecure gRPC connection (no certificates were passed)
2025-03-30 11:28:51 - [Cluster 1 - CLIENT] - DEBUG - ChannelConnectivity.IDLE
2025-03-30 11:28:51 - [Cluster 1 - CLIENT] - DEBUG - ChannelConnectivity.CONNECTING
2025-03-30 11:28:51 - [Cluster 1 - CLIENT] - DEBUG - ChannelConnectivity.READY
2025-03-30 11:28:52 - [Cluster 1 - CLIENT] - INFO - Initialized client logging for cluster 1 -> ../logs/run_20250330_101705/clients_cluster_1.log
2025-03-30 11:28:52 - [Cluster 1 - CLIENT] - INFO - Loading pickle data for store 147, cluster 1...
2025-03-30 11:28:52 - [Cluster 1 - CLIENT] - INFO - x_train shape: (723, 7, 27), y_train shape: (723, 1)
2025-03-30 11:28:52 - [Cluster 1 - CLIENT] - INFO - x_val shape: (176, 7, 27), y_val shape: (176, 1)
2025-03-30 11:28:57 - [Cluster 1 - CLIENT] - INFO - [Store 147, Cluster 1] Connecting to 127.0.0.1:8081 ...
2025-03-30 11:28:57 - [Cluster 1 - CLIENT] - DEBUG - Opened insecure gRPC connection (no certificates were passed)
2025-03-30 11:28:57 - [Cluster 1 - CLIENT] - DEBUG - ChannelConnectivity.IDLE
2025-03-30 11:28:57 - [Cluster 1 - CLIENT] - DEBUG - ChannelConnectivity.READY
2025-03-30 11:29:01 - [Cluster 1 - CLIENT] - INFO - Initialized client logging for cluster 1 -> ../logs/run_20250330_101705/clients_cluster_1.log
2025-03-30 11:29:01 - [Cluster 1 - CLIENT] - INFO - Loading pickle data for store 560, cluster 1...
2025-03-30 11:29:01 - [Cluster 1 - CLIENT] - INFO - x_train shape: (723, 7, 27), y_train shape: (723, 1)
2025-03-30 11:29:01 - [Cluster 1 - CLIENT] - INFO - x_val shape: (176, 7, 27), y_val shape: (176, 1)
2025-03-30 11:29:04 - [Cluster 1 - CLIENT] - INFO - [Store 560, Cluster 1] Connecting to 127.0.0.1:8081 ...
2025-03-30 11:29:04 - [Cluster 1 - CLIENT] - DEBUG - Opened insecure gRPC connection (no certificates were passed)
2025-03-30 11:29:04 - [Cluster 1 - CLIENT] - DEBUG - ChannelConnectivity.IDLE
2025-03-30 11:29:04 - [Cluster 1 - CLIENT] - DEBUG - ChannelConnectivity.READY
2025-03-30 11:29:07 - [Cluster 1 - CLIENT] - INFO - Initialized client logging for cluster 1 -> ../logs/run_20250330_101705/clients_cluster_1.log
2025-03-30 11:29:07 - [Cluster 1 - CLIENT] - INFO - Loading pickle data for store 846, cluster 1...
2025-03-30 11:29:07 - [Cluster 1 - CLIENT] - INFO - x_train shape: (723, 7, 27), y_train shape: (723, 1)
2025-03-30 11:29:07 - [Cluster 1 - CLIENT] - INFO - x_val shape: (176, 7, 27), y_val shape: (176, 1)
2025-03-30 11:29:12 - [Cluster 1 - CLIENT] - INFO - [Store 846, Cluster 1] Connecting to 127.0.0.1:8081 ...
2025-03-30 11:29:12 - [Cluster 1 - CLIENT] - DEBUG - Opened insecure gRPC connection (no certificates were passed)
2025-03-30 11:29:12 - [Cluster 1 - CLIENT] - DEBUG - ChannelConnectivity.IDLE
2025-03-30 11:29:12 - [Cluster 1 - CLIENT] - DEBUG - ChannelConnectivity.CONNECTING
2025-03-30 11:29:12 - [Cluster 1 - CLIENT] - DEBUG - ChannelConnectivity.READY
2025-03-30 11:29:15 - [Cluster 1 - CLIENT] - INFO - Initialized client logging for cluster 1 -> ../logs/run_20250330_101705/clients_cluster_1.log
2025-03-30 11:29:15 - [Cluster 1 - CLIENT] - INFO - Loading pickle data for store 320, cluster 1...
2025-03-30 11:29:15 - [Cluster 1 - CLIENT] - INFO - x_train shape: (723, 7, 27), y_train shape: (723, 1)
2025-03-30 11:29:15 - [Cluster 1 - CLIENT] - INFO - x_val shape: (176, 7, 27), y_val shape: (176, 1)
2025-03-30 11:29:19 - [Cluster 1 - CLIENT] - INFO - [Store 320, Cluster 1] Connecting to 127.0.0.1:8081 ...
2025-03-30 11:29:19 - [Cluster 1 - CLIENT] - DEBUG - Opened insecure gRPC connection (no certificates were passed)
2025-03-30 11:29:19 - [Cluster 1 - CLIENT] - DEBUG - ChannelConnectivity.IDLE
2025-03-30 11:29:19 - [Cluster 1 - CLIENT] - DEBUG - ChannelConnectivity.CONNECTING
2025-03-30 11:29:19 - [Cluster 1 - CLIENT] - DEBUG - ChannelConnectivity.READY
2025-03-30 11:29:27 - [Cluster 1 - CLIENT] - INFO - Initialized client logging for cluster 1 -> ../logs/run_20250330_101705/clients_cluster_1.log
2025-03-30 11:29:27 - [Cluster 1 - CLIENT] - INFO - Loading pickle data for store 421, cluster 1...
2025-03-30 11:29:27 - [Cluster 1 - CLIENT] - INFO - x_train shape: (723, 7, 27), y_train shape: (723, 1)
2025-03-30 11:29:27 - [Cluster 1 - CLIENT] - INFO - x_val shape: (176, 7, 27), y_val shape: (176, 1)
2025-03-30 11:29:31 - [Cluster 1 - CLIENT] - INFO - [Store 421, Cluster 1] Connecting to 127.0.0.1:8081 ...
2025-03-30 11:29:31 - [Cluster 1 - CLIENT] - DEBUG - Opened insecure gRPC connection (no certificates were passed)
2025-03-30 11:29:31 - [Cluster 1 - CLIENT] - DEBUG - ChannelConnectivity.IDLE
2025-03-30 11:29:31 - [Cluster 1 - CLIENT] - DEBUG - ChannelConnectivity.CONNECTING
2025-03-30 11:29:31 - [Cluster 1 - CLIENT] - DEBUG - ChannelConnectivity.READY
2025-03-30 11:29:45 - [Cluster 1 - CLIENT] - INFO - Initialized client logging for cluster 1 -> ../logs/run_20250330_101705/clients_cluster_1.log
2025-03-30 11:29:45 - [Cluster 1 - CLIENT] - INFO - Loading pickle data for store 444, cluster 1...
2025-03-30 11:29:45 - [Cluster 1 - CLIENT] - INFO - x_train shape: (723, 7, 27), y_train shape: (723, 1)
2025-03-30 11:29:45 - [Cluster 1 - CLIENT] - INFO - x_val shape: (176, 7, 27), y_val shape: (176, 1)
2025-03-30 11:29:49 - [Cluster 1 - CLIENT] - INFO - [Store 444, Cluster 1] Connecting to 127.0.0.1:8081 ...
2025-03-30 11:29:49 - [Cluster 1 - CLIENT] - DEBUG - Opened insecure gRPC connection (no certificates were passed)
2025-03-30 11:29:49 - [Cluster 1 - CLIENT] - DEBUG - ChannelConnectivity.IDLE
2025-03-30 11:29:49 - [Cluster 1 - CLIENT] - DEBUG - ChannelConnectivity.CONNECTING
2025-03-30 11:29:49 - [Cluster 1 - CLIENT] - DEBUG - ChannelConnectivity.READY
2025-03-30 11:29:54 - [Cluster 1 - CLIENT] - INFO - Initialized client logging for cluster 1 -> ../logs/run_20250330_101705/clients_cluster_1.log
2025-03-30 11:29:54 - [Cluster 1 - CLIENT] - INFO - Loading pickle data for store 211, cluster 1...
2025-03-30 11:29:54 - [Cluster 1 - CLIENT] - INFO - x_train shape: (723, 7, 27), y_train shape: (723, 1)
2025-03-30 11:29:54 - [Cluster 1 - CLIENT] - INFO - x_val shape: (176, 7, 27), y_val shape: (176, 1)
2025-03-30 11:29:58 - [Cluster 1 - CLIENT] - INFO - [Store 211, Cluster 1] Connecting to 127.0.0.1:8081 ...
2025-03-30 11:29:58 - [Cluster 1 - CLIENT] - DEBUG - Opened insecure gRPC connection (no certificates were passed)
2025-03-30 11:29:58 - [Cluster 1 - CLIENT] - DEBUG - ChannelConnectivity.IDLE
2025-03-30 11:29:58 - [Cluster 1 - CLIENT] - DEBUG - ChannelConnectivity.READY
2025-03-30 11:30:11 - [Cluster 1 - CLIENT] - INFO - Initialized client logging for cluster 1 -> ../logs/run_20250330_101705/clients_cluster_1.log
2025-03-30 11:30:11 - [Cluster 1 - CLIENT] - INFO - Loading pickle data for store 459, cluster 1...
2025-03-30 11:30:11 - [Cluster 1 - CLIENT] - INFO - x_train shape: (723, 7, 27), y_train shape: (723, 1)
2025-03-30 11:30:11 - [Cluster 1 - CLIENT] - INFO - x_val shape: (176, 7, 27), y_val shape: (176, 1)
2025-03-30 11:30:14 - [Cluster 1 - CLIENT] - INFO - [Store 459, Cluster 1] Connecting to 127.0.0.1:8081 ...
2025-03-30 11:30:14 - [Cluster 1 - CLIENT] - DEBUG - Opened insecure gRPC connection (no certificates were passed)
2025-03-30 11:30:14 - [Cluster 1 - CLIENT] - DEBUG - ChannelConnectivity.IDLE
2025-03-30 11:30:15 - [Cluster 1 - CLIENT] - DEBUG - ChannelConnectivity.CONNECTING
2025-03-30 11:30:15 - [Cluster 1 - CLIENT] - DEBUG - ChannelConnectivity.READY
2025-03-30 11:30:25 - [Cluster 1 - CLIENT] - INFO - Initialized client logging for cluster 1 -> ../logs/run_20250330_101705/clients_cluster_1.log
2025-03-30 11:30:25 - [Cluster 1 - CLIENT] - INFO - Loading pickle data for store 754, cluster 1...
2025-03-30 11:30:25 - [Cluster 1 - CLIENT] - INFO - x_train shape: (723, 7, 27), y_train shape: (723, 1)
2025-03-30 11:30:25 - [Cluster 1 - CLIENT] - INFO - x_val shape: (176, 7, 27), y_val shape: (176, 1)
2025-03-30 11:30:29 - [Cluster 1 - CLIENT] - INFO - [Store 754, Cluster 1] Connecting to 127.0.0.1:8081 ...
2025-03-30 11:30:30 - [Cluster 1 - CLIENT] - DEBUG - Opened insecure gRPC connection (no certificates were passed)
2025-03-30 11:30:30 - [Cluster 1 - CLIENT] - DEBUG - ChannelConnectivity.IDLE
2025-03-30 11:30:30 - [Cluster 1 - CLIENT] - DEBUG - ChannelConnectivity.CONNECTING
2025-03-30 11:30:30 - [Cluster 1 - CLIENT] - DEBUG - ChannelConnectivity.READY
2025-03-30 11:30:56 - [Cluster 1 - CLIENT] - INFO - [Store 431] Local training complete.
2025-03-30 11:30:56 - [Cluster 1 - CLIENT] - INFO - Sent reply
2025-03-30 11:30:56 - [Cluster 1 - CLIENT] - INFO - [Store 665] Local training complete.
2025-03-30 11:30:57 - [Cluster 1 - CLIENT] - INFO - Sent reply
2025-03-30 11:30:57 - [Cluster 1 - CLIENT] - INFO - [Store 125] Local training complete.
2025-03-30 11:30:57 - [Cluster 1 - CLIENT] - INFO - [Store 722] Local training complete.
2025-03-30 11:30:57 - [Cluster 1 - CLIENT] - INFO - Sent reply
2025-03-30 11:30:57 - [Cluster 1 - CLIENT] - INFO - Sent reply
2025-03-30 11:30:57 - [Cluster 1 - CLIENT] - INFO - [Store 683] Local training complete.
2025-03-30 11:30:57 - [Cluster 1 - CLIENT] - INFO - Sent reply
2025-03-30 11:30:57 - [Cluster 1 - CLIENT] - INFO - [Store 593] Local training complete.
2025-03-30 11:30:57 - [Cluster 1 - CLIENT] - INFO - [Store 245] Local training complete.
2025-03-30 11:30:57 - [Cluster 1 - CLIENT] - INFO - Sent reply
2025-03-30 11:30:58 - [Cluster 1 - CLIENT] - INFO - Sent reply
2025-03-30 11:30:58 - [Cluster 1 - CLIENT] - INFO - [Store 69] Local training complete.
2025-03-30 11:30:58 - [Cluster 1 - CLIENT] - INFO - Sent reply
2025-03-30 11:30:58 - [Cluster 1 - CLIENT] - INFO - [Store 872] Local training complete.
2025-03-30 11:30:58 - [Cluster 1 - CLIENT] - INFO - Sent reply
2025-03-30 11:30:58 - [Cluster 1 - CLIENT] - INFO - [Store 928] Local training complete.
2025-03-30 11:30:58 - [Cluster 1 - CLIENT] - INFO - [Store 1112] Local training complete.
2025-03-30 11:30:58 - [Cluster 1 - CLIENT] - INFO - Sent reply
2025-03-30 11:30:58 - [Cluster 1 - CLIENT] - INFO - Sent reply
2025-03-30 11:30:58 - [Cluster 1 - CLIENT] - INFO - [Store 679] Local training complete.
2025-03-30 11:30:59 - [Cluster 1 - CLIENT] - INFO - Sent reply
2025-03-30 11:30:59 - [Cluster 1 - CLIENT] - INFO - 
2025-03-30 11:30:59 - [Cluster 1 - CLIENT] - INFO - Received: evaluate message 2c7fd1cd-4949-499e-a618-434d1a4a9e8b
2025-03-30 11:30:59 - [Cluster 1 - CLIENT] - INFO - 
2025-03-30 11:30:59 - [Cluster 1 - CLIENT] - INFO - Received: evaluate message 6fdde2bf-11b4-48c6-aa95-21e814cde859
2025-03-30 11:30:59 - [Cluster 1 - CLIENT] - INFO - 
2025-03-30 11:30:59 - [Cluster 1 - CLIENT] - INFO - Received: evaluate message c447c223-af3e-4dd3-a1c9-3b02ad404f70
2025-03-30 11:30:59 - [Cluster 1 - CLIENT] - INFO - 
2025-03-30 11:30:59 - [Cluster 1 - CLIENT] - INFO - Received: evaluate message 306fcc26-f10e-4ad1-b04b-06a182a76b90
2025-03-30 11:30:59 - [Cluster 1 - CLIENT] - INFO - 
2025-03-30 11:30:59 - [Cluster 1 - CLIENT] - INFO - Received: evaluate message 63d0c70a-97f7-467f-b3b7-e2f8dbb4531e
2025-03-30 11:30:59 - [Cluster 1 - CLIENT] - INFO - 
2025-03-30 11:30:59 - [Cluster 1 - CLIENT] - INFO - Received: evaluate message 5c5dc141-9fdd-46f2-91d5-d872732c4a5b
2025-03-30 11:30:59 - [Cluster 1 - CLIENT] - INFO - 
2025-03-30 11:30:59 - [Cluster 1 - CLIENT] - INFO - 
2025-03-30 11:30:59 - [Cluster 1 - CLIENT] - INFO - Received: evaluate message 0638b122-8459-4dad-9664-d8ad4bc55238
2025-03-30 11:30:59 - [Cluster 1 - CLIENT] - INFO - 
2025-03-30 11:30:59 - [Cluster 1 - CLIENT] - INFO - Received: evaluate message 7e8ebced-cb06-4597-8524-a6b6a7c24ad8
2025-03-30 11:30:59 - [Cluster 1 - CLIENT] - INFO - Received: evaluate message 1a5980a0-3c32-4955-947d-9f5ed662b998
2025-03-30 11:30:59 - [Cluster 1 - CLIENT] - INFO - 
2025-03-30 11:30:59 - [Cluster 1 - CLIENT] - INFO - Received: evaluate message fa964cfe-6a2b-4895-87d4-a60da2297caf
2025-03-30 11:30:59 - [Cluster 1 - CLIENT] - INFO - 
2025-03-30 11:30:59 - [Cluster 1 - CLIENT] - INFO - Received: evaluate message c926d120-d379-423e-8f45-b128b7142b73
2025-03-30 11:30:59 - [Cluster 1 - CLIENT] - INFO - 
2025-03-30 11:30:59 - [Cluster 1 - CLIENT] - INFO - Received: evaluate message de0cfda2-7ffb-405b-a435-fe201a1562c8
2025-03-30 11:30:59 - [Cluster 1 - CLIENT] - INFO - 
2025-03-30 11:30:59 - [Cluster 1 - CLIENT] - INFO - Received: evaluate message 2f009849-9754-4ab7-b85e-30f78471464f
2025-03-30 11:30:59 - [Cluster 1 - CLIENT] - INFO - 
2025-03-30 11:30:59 - [Cluster 1 - CLIENT] - INFO - Received: evaluate message 25575995-7481-43dd-87ee-addaa81962c3
2025-03-30 11:30:59 - [Cluster 1 - CLIENT] - INFO - 
2025-03-30 11:30:59 - [Cluster 1 - CLIENT] - INFO - Received: evaluate message e420072c-74a8-4302-84da-b5ff17029648
2025-03-30 11:31:00 - [Cluster 1 - CLIENT] - INFO - [Store 69] Evaluation - Loss: 0.2779, MAE: 0.3419
2025-03-30 11:31:00 - [Cluster 1 - CLIENT] - INFO - Sent reply
2025-03-30 11:31:00 - [Cluster 1 - CLIENT] - INFO - 
2025-03-30 11:31:00 - [Cluster 1 - CLIENT] - INFO - Received: evaluate message 96065099-7ca5-476e-bd7b-9382b0e5a97a
2025-03-30 11:31:00 - [Cluster 1 - CLIENT] - INFO - [Store 593] Evaluation - Loss: 0.2924, MAE: 0.3875
2025-03-30 11:31:00 - [Cluster 1 - CLIENT] - INFO - Sent reply
2025-03-30 11:31:00 - [Cluster 1 - CLIENT] - INFO - [Store 872] Evaluation - Loss: 0.3218, MAE: 0.4071
2025-03-30 11:31:00 - [Cluster 1 - CLIENT] - INFO - Sent reply
2025-03-30 11:31:00 - [Cluster 1 - CLIENT] - INFO - 
2025-03-30 11:31:00 - [Cluster 1 - CLIENT] - INFO - Received: evaluate message 8e5c7616-9257-4c15-b1b8-a5411c227eb3
2025-03-30 11:31:00 - [Cluster 1 - CLIENT] - INFO - 
2025-03-30 11:31:00 - [Cluster 1 - CLIENT] - INFO - Received: evaluate message 5f5007ac-3970-4c93-9e55-2fac14077473
2025-03-30 11:31:00 - [Cluster 1 - CLIENT] - INFO - [Store 683] Evaluation - Loss: 0.2458, MAE: 0.3475
2025-03-30 11:31:00 - [Cluster 1 - CLIENT] - INFO - Sent reply
2025-03-30 11:31:00 - [Cluster 1 - CLIENT] - INFO - 
2025-03-30 11:31:00 - [Cluster 1 - CLIENT] - INFO - Received: evaluate message 53b76d49-e872-4dbc-a2e0-bc222df29578
2025-03-30 11:31:01 - [Cluster 1 - CLIENT] - INFO - [Store 211] Evaluation - Loss: 0.3534, MAE: 0.4449
2025-03-30 11:31:01 - [Cluster 1 - CLIENT] - INFO - [Store 967] Evaluation - Loss: 0.3064, MAE: 0.3813
2025-03-30 11:31:01 - [Cluster 1 - CLIENT] - INFO - Sent reply
2025-03-30 11:31:01 - [Cluster 1 - CLIENT] - INFO - Sent reply
2025-03-30 11:31:01 - [Cluster 1 - CLIENT] - INFO - 
2025-03-30 11:31:01 - [Cluster 1 - CLIENT] - INFO - Received: evaluate message 92fb3caf-e38b-492d-bbbc-ef13f1eec07d
2025-03-30 11:31:01 - [Cluster 1 - CLIENT] - INFO - 
2025-03-30 11:31:01 - [Cluster 1 - CLIENT] - INFO - Received: evaluate message c2352036-1c78-43ef-87a4-3aecda8bb9be
2025-03-30 11:31:01 - [Cluster 1 - CLIENT] - INFO - [Store 421] Evaluation - Loss: 0.4731, MAE: 0.5230
2025-03-30 11:31:01 - [Cluster 1 - CLIENT] - INFO - Sent reply
2025-03-30 11:31:01 - [Cluster 1 - CLIENT] - INFO - 
2025-03-30 11:31:01 - [Cluster 1 - CLIENT] - INFO - Received: evaluate message f7727ef5-80ae-4fd7-8ceb-1046acf38336
2025-03-30 11:31:01 - [Cluster 1 - CLIENT] - INFO - [Store 444] Evaluation - Loss: 0.3588, MAE: 0.4618
2025-03-30 11:31:01 - [Cluster 1 - CLIENT] - INFO - Sent reply
2025-03-30 11:31:01 - [Cluster 1 - CLIENT] - INFO - 
2025-03-30 11:31:01 - [Cluster 1 - CLIENT] - INFO - Received: evaluate message f889396d-958d-4416-9994-23e2ee602231
2025-03-30 11:31:01 - [Cluster 1 - CLIENT] - INFO - [Store 754] Evaluation - Loss: 0.2333, MAE: 0.3487
2025-03-30 11:31:01 - [Cluster 1 - CLIENT] - INFO - Sent reply
2025-03-30 11:31:01 - [Cluster 1 - CLIENT] - INFO - 
2025-03-30 11:31:01 - [Cluster 1 - CLIENT] - INFO - Received: evaluate message 34883aa4-07f6-4704-9f20-993ef92d6b25
2025-03-30 11:31:01 - [Cluster 1 - CLIENT] - INFO - [Store 1043] Evaluation - Loss: 0.2773, MAE: 0.3890
2025-03-30 11:31:01 - [Cluster 1 - CLIENT] - INFO - Sent reply
2025-03-30 11:31:01 - [Cluster 1 - CLIENT] - INFO - 
2025-03-30 11:31:01 - [Cluster 1 - CLIENT] - INFO - Received: evaluate message e5339086-877c-4d45-95e1-fc11afb14e32
2025-03-30 11:31:01 - [Cluster 1 - CLIENT] - INFO - [Store 459] Evaluation - Loss: 0.2965, MAE: 0.3901
2025-03-30 11:31:01 - [Cluster 1 - CLIENT] - INFO - Sent reply
2025-03-30 11:31:01 - [Cluster 1 - CLIENT] - INFO - 
2025-03-30 11:31:01 - [Cluster 1 - CLIENT] - INFO - Received: evaluate message 6b65bf18-1622-45e7-8e39-e552b84faede
2025-03-30 11:31:02 - [Cluster 1 - CLIENT] - INFO - [Store 846] Evaluation - Loss: 0.3492, MAE: 0.4144
2025-03-30 11:31:02 - [Cluster 1 - CLIENT] - INFO - Sent reply
2025-03-30 11:31:02 - [Cluster 1 - CLIENT] - INFO - 
2025-03-30 11:31:02 - [Cluster 1 - CLIENT] - INFO - Received: evaluate message 248163dd-9b0c-41cc-a971-04be279e0e24
2025-03-30 11:31:02 - [Cluster 1 - CLIENT] - INFO - [Store 448] Evaluation - Loss: 0.3371, MAE: 0.4104
2025-03-30 11:31:02 - [Cluster 1 - CLIENT] - INFO - Sent reply
2025-03-30 11:31:02 - [Cluster 1 - CLIENT] - INFO - 
2025-03-30 11:31:02 - [Cluster 1 - CLIENT] - INFO - Received: evaluate message c181bb74-66c0-4be1-84bf-f9e2c073af7d
2025-03-30 11:31:02 - [Cluster 1 - CLIENT] - INFO - [Store 905] Evaluation - Loss: 0.3074, MAE: 0.4346
2025-03-30 11:31:02 - [Cluster 1 - CLIENT] - INFO - Sent reply
2025-03-30 11:31:02 - [Cluster 1 - CLIENT] - INFO - 
2025-03-30 11:31:02 - [Cluster 1 - CLIENT] - INFO - Received: evaluate message b7aa67a3-ee44-4ce9-9d51-0d895e260444
2025-03-30 11:31:02 - [Cluster 1 - CLIENT] - INFO - [Store 479] Evaluation - Loss: 0.2892, MAE: 0.3785
2025-03-30 11:31:02 - [Cluster 1 - CLIENT] - INFO - Sent reply
2025-03-30 11:31:02 - [Cluster 1 - CLIENT] - INFO - 
2025-03-30 11:31:02 - [Cluster 1 - CLIENT] - INFO - Received: evaluate message 4c6b311f-b730-42c1-8a5f-d9fd1542730d
2025-03-30 11:31:03 - [Cluster 1 - CLIENT] - INFO - [Store 928] Evaluation - Loss: 0.4408, MAE: 0.4823
2025-03-30 11:31:03 - [Cluster 1 - CLIENT] - INFO - Sent reply
2025-03-30 11:31:03 - [Cluster 1 - CLIENT] - INFO - [Store 722] Evaluation - Loss: 0.3805, MAE: 0.4649
2025-03-30 11:31:03 - [Cluster 1 - CLIENT] - INFO - Sent reply
2025-03-30 11:31:03 - [Cluster 1 - CLIENT] - INFO - [Store 1112] Evaluation - Loss: 0.2951, MAE: 0.4072
2025-03-30 11:31:03 - [Cluster 1 - CLIENT] - INFO - Sent reply
2025-03-30 11:31:03 - [Cluster 1 - CLIENT] - INFO - [Store 125] Evaluation - Loss: 0.3433, MAE: 0.4153
2025-03-30 11:31:03 - [Cluster 1 - CLIENT] - INFO - Sent reply
2025-03-30 11:31:03 - [Cluster 1 - CLIENT] - INFO - [Store 431] Evaluation - Loss: 0.4069, MAE: 0.4557
2025-03-30 11:31:03 - [Cluster 1 - CLIENT] - INFO - Sent reply
2025-03-30 11:31:03 - [Cluster 1 - CLIENT] - INFO - [Store 245] Evaluation - Loss: 0.3871, MAE: 0.4555
2025-03-30 11:31:03 - [Cluster 1 - CLIENT] - INFO - Sent reply
2025-03-30 11:31:03 - [Cluster 1 - CLIENT] - INFO - [Store 320] Evaluation - Loss: 0.3174, MAE: 0.3866
2025-03-30 11:31:03 - [Cluster 1 - CLIENT] - INFO - Sent reply
2025-03-30 11:31:03 - [Cluster 1 - CLIENT] - INFO - [Store 826] Evaluation - Loss: 0.4024, MAE: 0.4381
2025-03-30 11:31:03 - [Cluster 1 - CLIENT] - INFO - Sent reply
2025-03-30 11:31:03 - [Cluster 1 - CLIENT] - INFO - [Store 679] Evaluation - Loss: 0.2834, MAE: 0.3677
2025-03-30 11:31:03 - [Cluster 1 - CLIENT] - INFO - Sent reply
2025-03-30 11:31:03 - [Cluster 1 - CLIENT] - INFO - [Store 665] Evaluation - Loss: 0.3052, MAE: 0.3736
2025-03-30 11:31:03 - [Cluster 1 - CLIENT] - INFO - Sent reply
2025-03-30 11:31:04 - [Cluster 1 - CLIENT] - INFO - [Store 147] Evaluation - Loss: 0.3623, MAE: 0.4259
2025-03-30 11:31:04 - [Cluster 1 - CLIENT] - INFO - Sent reply
2025-03-30 11:31:04 - [Cluster 1 - CLIENT] - INFO - [Store 545] Evaluation - Loss: 0.4067, MAE: 0.4533
2025-03-30 11:31:04 - [Cluster 1 - CLIENT] - INFO - Sent reply
2025-03-30 11:31:04 - [Cluster 1 - CLIENT] - INFO - [Store 211] Evaluation - Loss: 0.3534, MAE: 0.4449
2025-03-30 11:31:04 - [Cluster 1 - CLIENT] - INFO - Sent reply
2025-03-30 11:31:04 - [Cluster 1 - CLIENT] - INFO - [Store 560] Evaluation - Loss: 0.3923, MAE: 0.4617
2025-03-30 11:31:04 - [Cluster 1 - CLIENT] - INFO - Sent reply
2025-03-30 11:31:04 - [Cluster 1 - CLIENT] - INFO - [Store 150] Evaluation - Loss: 0.3397, MAE: 0.4164
2025-03-30 11:31:04 - [Cluster 1 - CLIENT] - INFO - Sent reply
2025-03-30 11:31:04 - [Cluster 1 - CLIENT] - INFO - 
2025-03-30 11:31:04 - [Cluster 1 - CLIENT] - INFO - Received: train message 4ab1a311-6e45-4bb9-bebd-8e1148ab9fe1
2025-03-30 11:31:04 - [Cluster 1 - CLIENT] - INFO - 
2025-03-30 11:31:04 - [Cluster 1 - CLIENT] - INFO - Received: train message 7cd43b78-9689-44e2-beda-19e160fe5363
2025-03-30 11:31:04 - [Cluster 1 - CLIENT] - INFO - 
2025-03-30 11:31:04 - [Cluster 1 - CLIENT] - INFO - Received: train message 259855f0-c763-47d9-ac2b-97bed62f8f63
2025-03-30 11:31:04 - [Cluster 1 - CLIENT] - INFO - 
2025-03-30 11:31:04 - [Cluster 1 - CLIENT] - INFO - Received: train message 3757e6dc-7b9e-437c-a067-9f78b808292a
2025-03-30 11:31:04 - [Cluster 1 - CLIENT] - INFO - [Store 211] Starting local training.
2025-03-30 11:31:04 - [Cluster 1 - CLIENT] - INFO - 
2025-03-30 11:31:04 - [Cluster 1 - CLIENT] - INFO - Received: train message d1b93d0d-afc4-4209-80e4-20d523c1e46d
2025-03-30 11:31:04 - [Cluster 1 - CLIENT] - INFO - [Store 665] Starting local training.
2025-03-30 11:31:04 - [Cluster 1 - CLIENT] - INFO - [Store 826] Starting local training.
2025-03-30 11:31:04 - [Cluster 1 - CLIENT] - INFO - 
2025-03-30 11:31:04 - [Cluster 1 - CLIENT] - INFO - Received: train message 22da6b6e-728f-4c5c-83b6-ebb460c854ae
2025-03-30 11:31:04 - [Cluster 1 - CLIENT] - INFO - 
2025-03-30 11:31:04 - [Cluster 1 - CLIENT] - INFO - Received: train message 048f72c7-754a-4228-a435-9c5ea4b194bc
2025-03-30 11:31:04 - [Cluster 1 - CLIENT] - INFO - 
2025-03-30 11:31:04 - [Cluster 1 - CLIENT] - INFO - Received: train message cbe3b561-b592-4ac3-9c57-ae393697e10d
2025-03-30 11:31:04 - [Cluster 1 - CLIENT] - INFO - [Store 545] Starting local training.
2025-03-30 11:31:04 - [Cluster 1 - CLIENT] - INFO - 
2025-03-30 11:31:04 - [Cluster 1 - CLIENT] - INFO - Received: train message a706e492-c73f-4d77-82ca-09193572360f
2025-03-30 11:31:04 - [Cluster 1 - CLIENT] - INFO - 
2025-03-30 11:31:04 - [Cluster 1 - CLIENT] - INFO - Received: train message 7c98b754-0533-4e48-a05d-528141787a60
2025-03-30 11:31:04 - [Cluster 1 - CLIENT] - INFO - 
2025-03-30 11:31:04 - [Cluster 1 - CLIENT] - INFO - Received: train message 0f2feb20-d633-4423-aa05-09b734708606
2025-03-30 11:31:04 - [Cluster 1 - CLIENT] - INFO - [Store 125] Starting local training.
2025-03-30 11:31:04 - [Cluster 1 - CLIENT] - INFO - 
2025-03-30 11:31:04 - [Cluster 1 - CLIENT] - INFO - 
2025-03-30 11:31:04 - [Cluster 1 - CLIENT] - INFO - Received: train message e602cb2a-625a-4536-bab0-7d0d0b8ef1a7
2025-03-30 11:31:04 - [Cluster 1 - CLIENT] - INFO - Received: train message eb1e3a9a-c125-4f34-a469-a634d0bd7a8d
2025-03-30 11:31:04 - [Cluster 1 - CLIENT] - INFO - 
2025-03-30 11:31:04 - [Cluster 1 - CLIENT] - INFO - Received: train message 23d55839-d01e-4bc9-bf45-b29937b0c197
2025-03-30 11:31:04 - [Cluster 1 - CLIENT] - INFO - 
2025-03-30 11:31:04 - [Cluster 1 - CLIENT] - INFO - Received: train message ef4e25d2-a6d1-4ebb-975b-4a1a9490af05
2025-03-30 11:31:04 - [Cluster 1 - CLIENT] - INFO - [Store 431] Starting local training.
2025-03-30 11:31:04 - [Cluster 1 - CLIENT] - INFO - [Store 421] Starting local training.
2025-03-30 11:31:04 - [Cluster 1 - CLIENT] - INFO - [Store 1043] Starting local training.
2025-03-30 11:31:04 - [Cluster 1 - CLIENT] - INFO - [Store 448] Starting local training.
2025-03-30 11:31:04 - [Cluster 1 - CLIENT] - INFO - [Store 928] Starting local training.
2025-03-30 11:31:04 - [Cluster 1 - CLIENT] - INFO - [Store 754] Starting local training.
2025-03-30 11:31:04 - [Cluster 1 - CLIENT] - INFO - [Store 459] Starting local training.
2025-03-30 11:31:04 - [Cluster 1 - CLIENT] - INFO - [Store 683] Starting local training.
2025-03-30 11:31:04 - [Cluster 1 - CLIENT] - INFO - [Store 967] Starting local training.
2025-03-30 11:31:04 - [Cluster 1 - CLIENT] - INFO - [Store 872] Starting local training.
2025-03-30 11:34:21 - [Cluster 1 - CLIENT] - INFO - [Store 665] Local training complete.
2025-03-30 11:34:21 - [Cluster 1 - CLIENT] - INFO - Sent reply
2025-03-30 11:34:21 - [Cluster 1 - CLIENT] - INFO - 
2025-03-30 11:34:21 - [Cluster 1 - CLIENT] - INFO - Received: train message aea6b623-60e2-4ff2-9245-2fda2e719ab7
2025-03-30 11:34:21 - [Cluster 1 - CLIENT] - INFO - [Store 872] Local training complete.
2025-03-30 11:34:21 - [Cluster 1 - CLIENT] - INFO - [Store 444] Starting local training.
2025-03-30 11:34:21 - [Cluster 1 - CLIENT] - INFO - Sent reply
2025-03-30 11:34:21 - [Cluster 1 - CLIENT] - INFO - 
2025-03-30 11:34:21 - [Cluster 1 - CLIENT] - INFO - Received: train message cfd722e9-3e8a-47f6-9ae8-d5106526bf70
2025-03-30 11:34:21 - [Cluster 1 - CLIENT] - INFO - [Store 1112] Starting local training.
2025-03-30 11:34:23 - [Cluster 1 - CLIENT] - INFO - [Store 683] Local training complete.
2025-03-30 11:34:23 - [Cluster 1 - CLIENT] - INFO - Sent reply
2025-03-30 11:34:23 - [Cluster 1 - CLIENT] - INFO - 
2025-03-30 11:34:23 - [Cluster 1 - CLIENT] - INFO - Received: train message 47ef748d-e038-40b0-be7b-e652f3462a54
2025-03-30 11:34:23 - [Cluster 1 - CLIENT] - INFO - [Store 722] Starting local training.
2025-03-30 11:34:25 - [Cluster 1 - CLIENT] - INFO - [Store 928] Local training complete.
2025-03-30 11:34:25 - [Cluster 1 - CLIENT] - INFO - Sent reply
2025-03-30 11:34:25 - [Cluster 1 - CLIENT] - INFO - 
2025-03-30 11:34:25 - [Cluster 1 - CLIENT] - INFO - Received: train message 6c9b8296-5453-4aa4-a4d8-84674e4451ec
2025-03-30 11:34:25 - [Cluster 1 - CLIENT] - INFO - [Store 211] Starting local training.
2025-03-30 11:34:27 - [Cluster 1 - CLIENT] - INFO - [Store 431] Local training complete.
2025-03-30 11:34:27 - [Cluster 1 - CLIENT] - INFO - Sent reply
2025-03-30 11:34:27 - [Cluster 1 - CLIENT] - INFO - 
2025-03-30 11:34:27 - [Cluster 1 - CLIENT] - INFO - Received: train message 33cda959-f13d-4388-9808-33fba25280b5
2025-03-30 11:34:27 - [Cluster 1 - CLIENT] - INFO - [Store 846] Starting local training.
2025-03-30 11:34:31 - [Cluster 1 - CLIENT] - INFO - [Store 125] Local training complete.
2025-03-30 11:34:31 - [Cluster 1 - CLIENT] - INFO - Sent reply
2025-03-30 11:34:31 - [Cluster 1 - CLIENT] - INFO - 
2025-03-30 11:34:31 - [Cluster 1 - CLIENT] - INFO - Received: train message 86d924ba-b8af-49b3-aa11-f8361a2fd1ff
2025-03-30 11:34:31 - [Cluster 1 - CLIENT] - INFO - [Store 560] Starting local training.
2025-03-30 11:35:08 - [Cluster 1 - CLIENT] - INFO - [Store 545] Local training complete.
2025-03-30 11:35:08 - [Cluster 1 - CLIENT] - INFO - Sent reply
2025-03-30 11:35:08 - [Cluster 1 - CLIENT] - INFO - 
2025-03-30 11:35:08 - [Cluster 1 - CLIENT] - INFO - Received: train message e8990e8f-9e9d-46f8-b4ea-0e8d5827670b
2025-03-30 11:35:08 - [Cluster 1 - CLIENT] - INFO - [Store 479] Starting local training.
2025-03-30 11:35:08 - [Cluster 1 - CLIENT] - INFO - [Store 826] Local training complete.
2025-03-30 11:35:08 - [Cluster 1 - CLIENT] - INFO - Sent reply
2025-03-30 11:35:08 - [Cluster 1 - CLIENT] - INFO - 
2025-03-30 11:35:08 - [Cluster 1 - CLIENT] - INFO - Received: train message 4e1d69d2-730a-484c-a468-9c3ceccc52c1
2025-03-30 11:35:08 - [Cluster 1 - CLIENT] - INFO - [Store 147] Starting local training.
2025-03-30 11:35:08 - [Cluster 1 - CLIENT] - INFO - [Store 448] Local training complete.
2025-03-30 11:35:08 - [Cluster 1 - CLIENT] - INFO - [Store 1043] Local training complete.
2025-03-30 11:35:08 - [Cluster 1 - CLIENT] - INFO - Sent reply
2025-03-30 11:35:09 - [Cluster 1 - CLIENT] - INFO - 
2025-03-30 11:35:09 - [Cluster 1 - CLIENT] - INFO - Received: train message 91f1d97c-ddc6-4a5c-a3fe-c582a54c55f2
2025-03-30 11:35:09 - [Cluster 1 - CLIENT] - INFO - [Store 69] Starting local training.
2025-03-30 11:35:09 - [Cluster 1 - CLIENT] - INFO - Sent reply
2025-03-30 11:35:09 - [Cluster 1 - CLIENT] - INFO - 
2025-03-30 11:35:09 - [Cluster 1 - CLIENT] - INFO - Received: train message f70895fe-ab46-40a8-bcd8-1ae98d0ad4bc
2025-03-30 11:35:09 - [Cluster 1 - CLIENT] - INFO - [Store 905] Starting local training.
2025-03-30 11:35:09 - [Cluster 1 - CLIENT] - INFO - [Store 211] Local training complete.
2025-03-30 11:35:09 - [Cluster 1 - CLIENT] - INFO - [Store 754] Local training complete.
2025-03-30 11:35:09 - [Cluster 1 - CLIENT] - INFO - Sent reply
2025-03-30 11:35:09 - [Cluster 1 - CLIENT] - INFO - 
2025-03-30 11:35:09 - [Cluster 1 - CLIENT] - INFO - Received: train message e5d25164-8047-4eaa-8210-12e2b1e8f311
2025-03-30 11:35:09 - [Cluster 1 - CLIENT] - INFO - Sent reply
2025-03-30 11:35:09 - [Cluster 1 - CLIENT] - INFO - [Store 150] Starting local training.
2025-03-30 11:35:09 - [Cluster 1 - CLIENT] - INFO - 
2025-03-30 11:35:09 - [Cluster 1 - CLIENT] - INFO - Received: train message ef5d259a-1996-4833-9e9e-b052f503c7ad
2025-03-30 11:35:09 - [Cluster 1 - CLIENT] - INFO - [Store 320] Starting local training.
2025-03-30 11:35:10 - [Cluster 1 - CLIENT] - INFO - [Store 459] Local training complete.
2025-03-30 11:35:10 - [Cluster 1 - CLIENT] - INFO - Sent reply
2025-03-30 11:35:10 - [Cluster 1 - CLIENT] - INFO - 
2025-03-30 11:35:10 - [Cluster 1 - CLIENT] - INFO - Received: train message 92865c0a-9c8d-4eb9-aada-7a8e83bf75fd
2025-03-30 11:35:10 - [Cluster 1 - CLIENT] - INFO - [Store 593] Starting local training.
2025-03-30 11:35:11 - [Cluster 1 - CLIENT] - INFO - [Store 421] Local training complete.
2025-03-30 11:35:11 - [Cluster 1 - CLIENT] - INFO - Sent reply
2025-03-30 11:35:11 - [Cluster 1 - CLIENT] - INFO - 
2025-03-30 11:35:11 - [Cluster 1 - CLIENT] - INFO - Received: train message 1c84d2fa-6da3-411b-9f7e-93225b735986
2025-03-30 11:35:11 - [Cluster 1 - CLIENT] - INFO - [Store 245] Starting local training.
2025-03-30 11:35:12 - [Cluster 1 - CLIENT] - INFO - [Store 967] Local training complete.
2025-03-30 11:35:12 - [Cluster 1 - CLIENT] - INFO - Sent reply
2025-03-30 11:35:12 - [Cluster 1 - CLIENT] - INFO - 
2025-03-30 11:35:12 - [Cluster 1 - CLIENT] - INFO - Received: train message 97998363-a094-4568-939c-02e1ea40736e
2025-03-30 11:35:12 - [Cluster 1 - CLIENT] - INFO - [Store 679] Starting local training.
2025-03-30 11:37:49 - [Cluster 1 - CLIENT] - INFO - [Store 722] Local training complete.
2025-03-30 11:37:49 - [Cluster 1 - CLIENT] - INFO - Sent reply
2025-03-30 11:37:51 - [Cluster 1 - CLIENT] - INFO - [Store 1112] Local training complete.
2025-03-30 11:37:51 - [Cluster 1 - CLIENT] - INFO - Sent reply
2025-03-30 11:38:42 - [Cluster 1 - CLIENT] - INFO - [Store 69] Local training complete.
2025-03-30 11:38:42 - [Cluster 1 - CLIENT] - INFO - Sent reply
2025-03-30 11:38:44 - [Cluster 1 - CLIENT] - INFO - [Store 245] Local training complete.
2025-03-30 11:38:44 - [Cluster 1 - CLIENT] - INFO - Sent reply
2025-03-30 11:38:45 - [Cluster 1 - CLIENT] - INFO - [Store 679] Local training complete.
2025-03-30 11:38:45 - [Cluster 1 - CLIENT] - INFO - Sent reply
2025-03-30 11:38:45 - [Cluster 1 - CLIENT] - INFO - [Store 593] Local training complete.
2025-03-30 11:38:45 - [Cluster 1 - CLIENT] - INFO - Sent reply
2025-03-30 11:38:46 - [Cluster 1 - CLIENT] - INFO - [Store 211] Local training complete.
2025-03-30 11:38:46 - [Cluster 1 - CLIENT] - INFO - Sent reply
2025-03-30 11:38:47 - [Cluster 1 - CLIENT] - INFO - [Store 444] Local training complete.
2025-03-30 11:38:47 - [Cluster 1 - CLIENT] - INFO - Sent reply
2025-03-30 11:38:48 - [Cluster 1 - CLIENT] - INFO - [Store 560] Local training complete.
2025-03-30 11:38:48 - [Cluster 1 - CLIENT] - INFO - Sent reply
2025-03-30 11:38:55 - [Cluster 1 - CLIENT] - INFO - [Store 846] Local training complete.
2025-03-30 11:38:55 - [Cluster 1 - CLIENT] - INFO - Sent reply
2025-03-30 11:39:02 - [Cluster 1 - CLIENT] - INFO - [Store 320] Local training complete.
2025-03-30 11:39:02 - [Cluster 1 - CLIENT] - INFO - [Store 905] Local training complete.
2025-03-30 11:39:02 - [Cluster 1 - CLIENT] - INFO - Sent reply
2025-03-30 11:39:02 - [Cluster 1 - CLIENT] - INFO - Sent reply
2025-03-30 11:39:03 - [Cluster 1 - CLIENT] - INFO - [Store 147] Local training complete.
2025-03-30 11:39:03 - [Cluster 1 - CLIENT] - INFO - Sent reply
2025-03-30 11:39:03 - [Cluster 1 - CLIENT] - INFO - [Store 150] Local training complete.
2025-03-30 11:39:03 - [Cluster 1 - CLIENT] - INFO - Sent reply
2025-03-30 11:39:03 - [Cluster 1 - CLIENT] - INFO - [Store 479] Local training complete.
2025-03-30 11:39:03 - [Cluster 1 - CLIENT] - INFO - Sent reply
2025-03-30 11:39:03 - [Cluster 1 - CLIENT] - INFO - 
2025-03-30 11:39:03 - [Cluster 1 - CLIENT] - INFO - Received: evaluate message d337bee9-c3bf-440b-9fa4-bc2131de4aa5
2025-03-30 11:39:03 - [Cluster 1 - CLIENT] - INFO - 
2025-03-30 11:39:03 - [Cluster 1 - CLIENT] - INFO - Received: evaluate message 8383f2a1-87ba-4b15-8973-2ec8d193f27a
2025-03-30 11:39:03 - [Cluster 1 - CLIENT] - INFO - 
2025-03-30 11:39:03 - [Cluster 1 - CLIENT] - INFO - Received: evaluate message e94c9f57-dfba-412c-ae4b-efeb41be51e8
2025-03-30 11:39:03 - [Cluster 1 - CLIENT] - INFO - 
2025-03-30 11:39:03 - [Cluster 1 - CLIENT] - INFO - Received: evaluate message ffc66a35-995f-4ee9-8c52-3a3cdcf484e9
2025-03-30 11:39:03 - [Cluster 1 - CLIENT] - INFO - 
2025-03-30 11:39:03 - [Cluster 1 - CLIENT] - INFO - Received: evaluate message 8dbef56a-dcd8-4728-9d7b-e4ab4c0ea830
2025-03-30 11:39:03 - [Cluster 1 - CLIENT] - INFO - 
2025-03-30 11:39:03 - [Cluster 1 - CLIENT] - INFO - Received: evaluate message da717e53-b98d-46ef-bfea-172ff417c2c0
2025-03-30 11:39:03 - [Cluster 1 - CLIENT] - INFO - 
2025-03-30 11:39:03 - [Cluster 1 - CLIENT] - INFO - Received: evaluate message e7093913-9359-40bb-8ad7-caf2a525bdc0
2025-03-30 11:39:03 - [Cluster 1 - CLIENT] - INFO - 
2025-03-30 11:39:03 - [Cluster 1 - CLIENT] - INFO - Received: evaluate message bf2fdd9b-b45b-4138-8d89-7d373e68821e
2025-03-30 11:39:03 - [Cluster 1 - CLIENT] - INFO - 
2025-03-30 11:39:03 - [Cluster 1 - CLIENT] - INFO - Received: evaluate message 5ab4b858-e143-41b4-a577-c5b32fdd1f38
2025-03-30 11:39:03 - [Cluster 1 - CLIENT] - INFO - 
2025-03-30 11:39:03 - [Cluster 1 - CLIENT] - INFO - Received: evaluate message 2e208cf8-7026-4935-838e-ab4a6ed8c9d7
2025-03-30 11:39:03 - [Cluster 1 - CLIENT] - INFO - 
2025-03-30 11:39:03 - [Cluster 1 - CLIENT] - INFO - Received: evaluate message 571fee32-de68-4142-8a4d-afd34475a0bf
2025-03-30 11:39:03 - [Cluster 1 - CLIENT] - INFO - 
2025-03-30 11:39:03 - [Cluster 1 - CLIENT] - INFO - Received: evaluate message a967f322-372f-4a60-af25-0cfea8d79610
2025-03-30 11:39:03 - [Cluster 1 - CLIENT] - INFO - 
2025-03-30 11:39:03 - [Cluster 1 - CLIENT] - INFO - Received: evaluate message 6f09aeb3-6c98-438b-ba5a-ad5f0e15d405
2025-03-30 11:39:03 - [Cluster 1 - CLIENT] - INFO - 
2025-03-30 11:39:03 - [Cluster 1 - CLIENT] - INFO - Received: evaluate message 27bbbbcd-3fb8-452f-a396-cf2aa838e4f2
2025-03-30 11:39:03 - [Cluster 1 - CLIENT] - INFO - 
2025-03-30 11:39:03 - [Cluster 1 - CLIENT] - INFO - Received: evaluate message 51a18bed-e57a-4d4f-8fcc-ef76e9eed6f4
2025-03-30 11:39:04 - [Cluster 1 - CLIENT] - INFO - [Store 150] Evaluation - Loss: 0.2422, MAE: 0.3059
2025-03-30 11:39:04 - [Cluster 1 - CLIENT] - INFO - Sent reply
2025-03-30 11:39:04 - [Cluster 1 - CLIENT] - INFO - 
2025-03-30 11:39:04 - [Cluster 1 - CLIENT] - INFO - Received: evaluate message 745ba5ea-ca2f-430f-8a8c-634db2bfcf0c
2025-03-30 11:39:05 - [Cluster 1 - CLIENT] - INFO - [Store 593] Evaluation - Loss: 0.2497, MAE: 0.3265
2025-03-30 11:39:05 - [Cluster 1 - CLIENT] - INFO - Sent reply
2025-03-30 11:39:05 - [Cluster 1 - CLIENT] - INFO - 
2025-03-30 11:39:05 - [Cluster 1 - CLIENT] - INFO - Received: evaluate message 0b8ec48a-a986-4119-af9b-e1f9d18adba2
2025-03-30 11:39:05 - [Cluster 1 - CLIENT] - INFO - [Store 444] Evaluation - Loss: 0.2936, MAE: 0.3938
2025-03-30 11:39:05 - [Cluster 1 - CLIENT] - INFO - Sent reply
2025-03-30 11:39:05 - [Cluster 1 - CLIENT] - INFO - 
2025-03-30 11:39:05 - [Cluster 1 - CLIENT] - INFO - Received: evaluate message b6fe9da3-30bc-4abb-8328-64760f6bdfd1
2025-03-30 11:39:05 - [Cluster 1 - CLIENT] - INFO - [Store 421] Evaluation - Loss: 0.3855, MAE: 0.4393
2025-03-30 11:39:05 - [Cluster 1 - CLIENT] - INFO - [Store 846] Evaluation - Loss: 0.2718, MAE: 0.3394
2025-03-30 11:39:05 - [Cluster 1 - CLIENT] - INFO - Sent reply
2025-03-30 11:39:05 - [Cluster 1 - CLIENT] - INFO - Sent reply
2025-03-30 11:39:05 - [Cluster 1 - CLIENT] - INFO - 
2025-03-30 11:39:05 - [Cluster 1 - CLIENT] - INFO - Received: evaluate message 0939667e-af4d-4619-b0b0-87f1dc35ac4f
2025-03-30 11:39:05 - [Cluster 1 - CLIENT] - INFO - [Store 1112] Evaluation - Loss: 0.2140, MAE: 0.3314
2025-03-30 11:39:05 - [Cluster 1 - CLIENT] - INFO - 
2025-03-30 11:39:05 - [Cluster 1 - CLIENT] - INFO - Received: evaluate message 738bd796-fff9-443e-bed1-4d3323ea8650
2025-03-30 11:39:05 - [Cluster 1 - CLIENT] - INFO - Sent reply
2025-03-30 11:39:05 - [Cluster 1 - CLIENT] - INFO - [Store 545] Evaluation - Loss: 0.3246, MAE: 0.3759
2025-03-30 11:39:05 - [Cluster 1 - CLIENT] - INFO - [Store 679] Evaluation - Loss: 0.2184, MAE: 0.2793
2025-03-30 11:39:05 - [Cluster 1 - CLIENT] - INFO - Sent reply
2025-03-30 11:39:05 - [Cluster 1 - CLIENT] - INFO - [Store 967] Evaluation - Loss: 0.2602, MAE: 0.3223
2025-03-30 11:39:05 - [Cluster 1 - CLIENT] - INFO - Sent reply
2025-03-30 11:39:05 - [Cluster 1 - CLIENT] - INFO - Sent reply
2025-03-30 11:39:05 - [Cluster 1 - CLIENT] - INFO - 
2025-03-30 11:39:05 - [Cluster 1 - CLIENT] - INFO - Received: evaluate message a9e15ad4-797c-4f05-91aa-950e69e55d20
2025-03-30 11:39:05 - [Cluster 1 - CLIENT] - INFO - 
2025-03-30 11:39:05 - [Cluster 1 - CLIENT] - INFO - Received: evaluate message e92584ae-f264-4342-a08c-a7f8846b9838
2025-03-30 11:39:05 - [Cluster 1 - CLIENT] - INFO - [Store 683] Evaluation - Loss: 0.1832, MAE: 0.2705
2025-03-30 11:39:05 - [Cluster 1 - CLIENT] - INFO - 
2025-03-30 11:39:05 - [Cluster 1 - CLIENT] - INFO - Received: evaluate message f3ec6b76-befc-4eb2-bb00-44693a4f4519
2025-03-30 11:39:05 - [Cluster 1 - CLIENT] - INFO - Sent reply
2025-03-30 11:39:05 - [Cluster 1 - CLIENT] - INFO - 
2025-03-30 11:39:05 - [Cluster 1 - CLIENT] - INFO - Received: evaluate message 8c43f381-583c-414f-b6aa-c032e1b68742
2025-03-30 11:39:05 - [Cluster 1 - CLIENT] - INFO - 
2025-03-30 11:39:05 - [Cluster 1 - CLIENT] - INFO - Received: evaluate message e317f3a8-4965-42ad-ae46-1d4d6e655677
2025-03-30 11:39:05 - [Cluster 1 - CLIENT] - INFO - [Store 211] Evaluation - Loss: 0.2722, MAE: 0.3513
2025-03-30 11:39:05 - [Cluster 1 - CLIENT] - INFO - Sent reply
2025-03-30 11:39:05 - [Cluster 1 - CLIENT] - INFO - [Store 125] Evaluation - Loss: 0.2819, MAE: 0.3368
2025-03-30 11:39:05 - [Cluster 1 - CLIENT] - INFO - Sent reply
2025-03-30 11:39:05 - [Cluster 1 - CLIENT] - INFO - 
2025-03-30 11:39:05 - [Cluster 1 - CLIENT] - INFO - Received: evaluate message dae39b85-20dd-48b3-8e2a-79d9b3a9e621
2025-03-30 11:39:05 - [Cluster 1 - CLIENT] - INFO - 
2025-03-30 11:39:05 - [Cluster 1 - CLIENT] - INFO - Received: evaluate message 2bf32e8d-aabb-44b8-89bc-c30668ce36b1
2025-03-30 11:39:05 - [Cluster 1 - CLIENT] - INFO - [Store 448] Evaluation - Loss: 0.2797, MAE: 0.3436
2025-03-30 11:39:05 - [Cluster 1 - CLIENT] - INFO - Sent reply
2025-03-30 11:39:05 - [Cluster 1 - CLIENT] - INFO - 
2025-03-30 11:39:05 - [Cluster 1 - CLIENT] - INFO - Received: evaluate message ac600669-ea7d-492a-b473-966f80452654
2025-03-30 11:39:05 - [Cluster 1 - CLIENT] - INFO - [Store 431] Evaluation - Loss: 0.3309, MAE: 0.3673
2025-03-30 11:39:05 - [Cluster 1 - CLIENT] - INFO - Sent reply
2025-03-30 11:39:05 - [Cluster 1 - CLIENT] - INFO - [Store 1043] Evaluation - Loss: 0.2151, MAE: 0.3165
2025-03-30 11:39:05 - [Cluster 1 - CLIENT] - INFO - Sent reply
2025-03-30 11:39:05 - [Cluster 1 - CLIENT] - INFO - 
2025-03-30 11:39:05 - [Cluster 1 - CLIENT] - INFO - Received: evaluate message 6837db1e-ee1b-4772-a96f-98172218d8e5
2025-03-30 11:39:05 - [Cluster 1 - CLIENT] - INFO - 
2025-03-30 11:39:05 - [Cluster 1 - CLIENT] - INFO - Received: evaluate message ecbd0914-d92c-4052-b07e-ad87934d29a6
2025-03-30 11:39:06 - [Cluster 1 - CLIENT] - INFO - [Store 665] Evaluation - Loss: 0.2461, MAE: 0.3065
2025-03-30 11:39:06 - [Cluster 1 - CLIENT] - INFO - Sent reply
2025-03-30 11:39:06 - [Cluster 1 - CLIENT] - INFO - [Store 69] Evaluation - Loss: 0.2254, MAE: 0.2788
2025-03-30 11:39:06 - [Cluster 1 - CLIENT] - INFO - Sent reply
2025-03-30 11:39:06 - [Cluster 1 - CLIENT] - INFO - [Store 905] Evaluation - Loss: 0.2511, MAE: 0.3625
2025-03-30 11:39:06 - [Cluster 1 - CLIENT] - INFO - Sent reply
2025-03-30 11:39:06 - [Cluster 1 - CLIENT] - INFO - [Store 459] Evaluation - Loss: 0.2170, MAE: 0.3048
2025-03-30 11:39:06 - [Cluster 1 - CLIENT] - INFO - Sent reply
2025-03-30 11:39:06 - [Cluster 1 - CLIENT] - INFO - [Store 245] Evaluation - Loss: 0.3120, MAE: 0.3573
2025-03-30 11:39:06 - [Cluster 1 - CLIENT] - INFO - Sent reply
2025-03-30 11:39:06 - [Cluster 1 - CLIENT] - INFO - [Store 479] Evaluation - Loss: 0.2255, MAE: 0.2966
2025-03-30 11:39:06 - [Cluster 1 - CLIENT] - INFO - Sent reply
2025-03-30 11:39:06 - [Cluster 1 - CLIENT] - INFO - [Store 320] Evaluation - Loss: 0.2556, MAE: 0.3023
2025-03-30 11:39:06 - [Cluster 1 - CLIENT] - INFO - Sent reply
2025-03-30 11:39:06 - [Cluster 1 - CLIENT] - INFO - [Store 560] Evaluation - Loss: 0.2709, MAE: 0.3478
2025-03-30 11:39:06 - [Cluster 1 - CLIENT] - INFO - Sent reply
2025-03-30 11:39:06 - [Cluster 1 - CLIENT] - INFO - [Store 147] Evaluation - Loss: 0.2700, MAE: 0.3182
2025-03-30 11:39:06 - [Cluster 1 - CLIENT] - INFO - Sent reply
2025-03-30 11:39:06 - [Cluster 1 - CLIENT] - INFO - [Store 722] Evaluation - Loss: 0.2982, MAE: 0.3749
2025-03-30 11:39:06 - [Cluster 1 - CLIENT] - INFO - Sent reply
2025-03-30 11:39:06 - [Cluster 1 - CLIENT] - INFO - [Store 872] Evaluation - Loss: 0.2764, MAE: 0.3446
2025-03-30 11:39:06 - [Cluster 1 - CLIENT] - INFO - Sent reply
2025-03-30 11:39:06 - [Cluster 1 - CLIENT] - INFO - [Store 928] Evaluation - Loss: 0.3204, MAE: 0.3767
2025-03-30 11:39:06 - [Cluster 1 - CLIENT] - INFO - Sent reply
2025-03-30 11:39:06 - [Cluster 1 - CLIENT] - INFO - [Store 211] Evaluation - Loss: 0.2722, MAE: 0.3513
2025-03-30 11:39:06 - [Cluster 1 - CLIENT] - INFO - Sent reply
2025-03-30 11:39:06 - [Cluster 1 - CLIENT] - INFO - [Store 754] Evaluation - Loss: 0.1760, MAE: 0.2828
2025-03-30 11:39:06 - [Cluster 1 - CLIENT] - INFO - Sent reply
2025-03-30 11:39:06 - [Cluster 1 - CLIENT] - INFO - [Store 826] Evaluation - Loss: 0.3582, MAE: 0.3733
2025-03-30 11:39:06 - [Cluster 1 - CLIENT] - INFO - Sent reply
2025-03-30 11:39:06 - [Cluster 1 - CLIENT] - INFO - 
2025-03-30 11:39:06 - [Cluster 1 - CLIENT] - INFO - Received: train message e91cab74-74a4-4b74-9cfa-37244954c84a
2025-03-30 11:39:06 - [Cluster 1 - CLIENT] - INFO - 
2025-03-30 11:39:06 - [Cluster 1 - CLIENT] - INFO - Received: train message 5bfbb23c-0ca4-42b6-a1c9-aeeec756515c
2025-03-30 11:39:06 - [Cluster 1 - CLIENT] - INFO - 
2025-03-30 11:39:06 - [Cluster 1 - CLIENT] - INFO - Received: train message a68225e3-b6c9-4aeb-8ba8-5281c747a463
2025-03-30 11:39:06 - [Cluster 1 - CLIENT] - INFO - 
2025-03-30 11:39:06 - [Cluster 1 - CLIENT] - INFO - Received: train message 1911ad7f-87c2-4b3e-ac7c-ee589bd11e4f
2025-03-30 11:39:06 - [Cluster 1 - CLIENT] - INFO - 
2025-03-30 11:39:06 - [Cluster 1 - CLIENT] - INFO - Received: train message 65f1683b-72bc-447f-b9d9-4fa2b20bd2ee
2025-03-30 11:39:06 - [Cluster 1 - CLIENT] - INFO - 
2025-03-30 11:39:06 - [Cluster 1 - CLIENT] - INFO - Received: train message 930bcf1a-270d-4b1c-a12e-9d24711aff90
2025-03-30 11:39:06 - [Cluster 1 - CLIENT] - INFO - 
2025-03-30 11:39:06 - [Cluster 1 - CLIENT] - INFO - Received: train message ef89ce20-67e1-444c-9e79-8b5eca57ef24
2025-03-30 11:39:06 - [Cluster 1 - CLIENT] - INFO - 
2025-03-30 11:39:06 - [Cluster 1 - CLIENT] - INFO - Received: train message d8e61553-f85e-41d4-bb4c-6d025232a5ee
2025-03-30 11:39:06 - [Cluster 1 - CLIENT] - INFO - 
2025-03-30 11:39:06 - [Cluster 1 - CLIENT] - INFO - Received: train message 59e559cf-89e4-4dcb-a23c-3430ac49aa04
2025-03-30 11:39:06 - [Cluster 1 - CLIENT] - INFO - 
2025-03-30 11:39:06 - [Cluster 1 - CLIENT] - INFO - Received: train message ee69b740-baab-478e-96c3-d952bb13430c
2025-03-30 11:39:06 - [Cluster 1 - CLIENT] - INFO - [Store 722] Starting local training.
2025-03-30 11:39:06 - [Cluster 1 - CLIENT] - INFO - [Store 754] Starting local training.
2025-03-30 11:39:06 - [Cluster 1 - CLIENT] - INFO - 
2025-03-30 11:39:06 - [Cluster 1 - CLIENT] - INFO - Received: train message 103b9bd9-fc98-4b77-a61c-d1f262b87b87
2025-03-30 11:39:06 - [Cluster 1 - CLIENT] - INFO - 
2025-03-30 11:39:06 - [Cluster 1 - CLIENT] - INFO - Received: train message 5035cae2-ad1e-4cf2-abfa-ba13cfeeb4fb
2025-03-30 11:39:06 - [Cluster 1 - CLIENT] - INFO - [Store 1043] Starting local training.
2025-03-30 11:39:06 - [Cluster 1 - CLIENT] - INFO - 
2025-03-30 11:39:06 - [Cluster 1 - CLIENT] - INFO - Received: train message 5d731ac1-ca46-4ca3-9c83-3f6eb3f134a4
2025-03-30 11:39:06 - [Cluster 1 - CLIENT] - INFO - 
2025-03-30 11:39:06 - [Cluster 1 - CLIENT] - INFO - Received: train message 911ddb72-6b13-4dc4-b7ad-116fad6cd347
2025-03-30 11:39:06 - [Cluster 1 - CLIENT] - INFO - [Store 147] Starting local training.
2025-03-30 11:39:06 - [Cluster 1 - CLIENT] - INFO - 
2025-03-30 11:39:06 - [Cluster 1 - CLIENT] - INFO - Received: train message 942bb992-0d7a-4ed0-94c9-d909e33d9709
2025-03-30 11:39:06 - [Cluster 1 - CLIENT] - INFO - [Store 665] Starting local training.
2025-03-30 11:39:06 - [Cluster 1 - CLIENT] - INFO - [Store 448] Starting local training.
2025-03-30 11:39:07 - [Cluster 1 - CLIENT] - INFO - [Store 905] Starting local training.
2025-03-30 11:39:07 - [Cluster 1 - CLIENT] - INFO - [Store 928] Starting local training.
2025-03-30 11:39:07 - [Cluster 1 - CLIENT] - INFO - [Store 1112] Starting local training.
2025-03-30 11:39:07 - [Cluster 1 - CLIENT] - INFO - [Store 967] Starting local training.
2025-03-30 11:39:07 - [Cluster 1 - CLIENT] - INFO - [Store 211] Starting local training.
2025-03-30 11:39:07 - [Cluster 1 - CLIENT] - INFO - [Store 846] Starting local training.
2025-03-30 11:39:07 - [Cluster 1 - CLIENT] - INFO - [Store 826] Starting local training.
2025-03-30 11:39:07 - [Cluster 1 - CLIENT] - INFO - [Store 683] Starting local training.
2025-03-30 11:39:07 - [Cluster 1 - CLIENT] - INFO - [Store 444] Starting local training.
2025-03-30 11:42:50 - [Cluster 1 - CLIENT] - INFO - [Store 665] Local training complete.
2025-03-30 11:42:50 - [Cluster 1 - CLIENT] - INFO - Sent reply
2025-03-30 11:42:50 - [Cluster 1 - CLIENT] - INFO - 
2025-03-30 11:42:50 - [Cluster 1 - CLIENT] - INFO - Received: train message 05481bc4-f89e-412f-9c3c-571f0d9fa07c
2025-03-30 11:42:50 - [Cluster 1 - CLIENT] - INFO - [Store 211] Starting local training.
2025-03-30 11:42:51 - [Cluster 1 - CLIENT] - INFO - [Store 147] Local training complete.
2025-03-30 11:42:51 - [Cluster 1 - CLIENT] - INFO - Sent reply
2025-03-30 11:42:51 - [Cluster 1 - CLIENT] - INFO - 
2025-03-30 11:42:51 - [Cluster 1 - CLIENT] - INFO - Received: train message 7e375cb1-44a8-4461-9f48-8770f0172679
2025-03-30 11:42:51 - [Cluster 1 - CLIENT] - INFO - [Store 593] Starting local training.
2025-03-30 11:42:52 - [Cluster 1 - CLIENT] - INFO - [Store 211] Local training complete.
2025-03-30 11:42:52 - [Cluster 1 - CLIENT] - INFO - Sent reply
2025-03-30 11:42:52 - [Cluster 1 - CLIENT] - INFO - 
2025-03-30 11:42:52 - [Cluster 1 - CLIENT] - INFO - Received: train message 0703131e-06ab-45dd-8ad0-50a1897d8e6f
2025-03-30 11:42:52 - [Cluster 1 - CLIENT] - INFO - [Store 545] Starting local training.
2025-03-30 11:42:53 - [Cluster 1 - CLIENT] - INFO - [Store 967] Local training complete.
2025-03-30 11:42:53 - [Cluster 1 - CLIENT] - INFO - [Store 1112] Local training complete.
2025-03-30 11:42:53 - [Cluster 1 - CLIENT] - INFO - Sent reply
2025-03-30 11:42:53 - [Cluster 1 - CLIENT] - INFO - Sent reply
2025-03-30 11:42:53 - [Cluster 1 - CLIENT] - INFO - 
2025-03-30 11:42:53 - [Cluster 1 - CLIENT] - INFO - Received: train message 3364f474-82c7-494a-99fa-2898e8cd3a4e
2025-03-30 11:42:53 - [Cluster 1 - CLIENT] - INFO - 
2025-03-30 11:42:53 - [Cluster 1 - CLIENT] - INFO - Received: train message 282f8bc7-a442-482d-a168-9bef357b87f0
2025-03-30 11:42:53 - [Cluster 1 - CLIENT] - INFO - [Store 150] Starting local training.
2025-03-30 11:42:53 - [Cluster 1 - CLIENT] - INFO - [Store 245] Starting local training.
2025-03-30 11:42:54 - [Cluster 1 - CLIENT] - INFO - [Store 444] Local training complete.
2025-03-30 11:42:54 - [Cluster 1 - CLIENT] - INFO - [Store 754] Local training complete.
2025-03-30 11:42:54 - [Cluster 1 - CLIENT] - INFO - Sent reply
2025-03-30 11:42:54 - [Cluster 1 - CLIENT] - INFO - 
2025-03-30 11:42:54 - [Cluster 1 - CLIENT] - INFO - Received: train message 10fc4903-c17d-4278-a6ec-eaf4b41c2080
2025-03-30 11:42:54 - [Cluster 1 - CLIENT] - INFO - Sent reply
2025-03-30 11:42:54 - [Cluster 1 - CLIENT] - INFO - [Store 928] Local training complete.
2025-03-30 11:42:54 - [Cluster 1 - CLIENT] - INFO - 
2025-03-30 11:42:54 - [Cluster 1 - CLIENT] - INFO - Received: train message 6216a858-c281-44bc-afc6-8bcefce012cf
2025-03-30 11:42:55 - [Cluster 1 - CLIENT] - INFO - [Store 69] Starting local training.
2025-03-30 11:42:55 - [Cluster 1 - CLIENT] - INFO - [Store 679] Starting local training.
2025-03-30 11:42:55 - [Cluster 1 - CLIENT] - INFO - [Store 1043] Local training complete.
2025-03-30 11:42:55 - [Cluster 1 - CLIENT] - INFO - Sent reply
2025-03-30 11:42:55 - [Cluster 1 - CLIENT] - INFO - 
2025-03-30 11:42:55 - [Cluster 1 - CLIENT] - INFO - Received: train message dec98012-8d7b-4943-b8e5-3d6d0512b1b9
2025-03-30 11:42:55 - [Cluster 1 - CLIENT] - INFO - [Store 560] Starting local training.
2025-03-30 11:42:55 - [Cluster 1 - CLIENT] - INFO - [Store 683] Local training complete.
2025-03-30 11:42:55 - [Cluster 1 - CLIENT] - INFO - Sent reply
2025-03-30 11:42:55 - [Cluster 1 - CLIENT] - INFO - Sent reply
2025-03-30 11:42:55 - [Cluster 1 - CLIENT] - INFO - 
2025-03-30 11:42:55 - [Cluster 1 - CLIENT] - INFO - Received: train message 3553763b-d5ac-4d5f-8baf-8e7e67a52514
2025-03-30 11:42:55 - [Cluster 1 - CLIENT] - INFO - 
2025-03-30 11:42:55 - [Cluster 1 - CLIENT] - INFO - Received: train message ca8b5c24-25d7-4b5c-ad6e-04382ccdfd20
2025-03-30 11:42:55 - [Cluster 1 - CLIENT] - INFO - [Store 421] Starting local training.
2025-03-30 11:42:55 - [Cluster 1 - CLIENT] - INFO - [Store 459] Starting local training.
2025-03-30 11:42:57 - [Cluster 1 - CLIENT] - INFO - [Store 722] Local training complete.
2025-03-30 11:42:57 - [Cluster 1 - CLIENT] - INFO - Sent reply
2025-03-30 11:42:57 - [Cluster 1 - CLIENT] - INFO - 
2025-03-30 11:42:57 - [Cluster 1 - CLIENT] - INFO - Received: train message 33d4ba18-8b5a-43a3-ba75-0a0881e7d3e4
2025-03-30 11:42:57 - [Cluster 1 - CLIENT] - INFO - [Store 320] Starting local training.
2025-03-30 11:42:57 - [Cluster 1 - CLIENT] - INFO - [Store 846] Local training complete.
2025-03-30 11:42:57 - [Cluster 1 - CLIENT] - INFO - Sent reply
2025-03-30 11:42:57 - [Cluster 1 - CLIENT] - INFO - 
2025-03-30 11:42:57 - [Cluster 1 - CLIENT] - INFO - Received: train message a5688358-a9a1-4c8a-b91d-bf9164cb5af3
2025-03-30 11:42:58 - [Cluster 1 - CLIENT] - INFO - [Store 872] Starting local training.
2025-03-30 11:43:00 - [Cluster 1 - CLIENT] - INFO - [Store 448] Local training complete.
2025-03-30 11:43:00 - [Cluster 1 - CLIENT] - INFO - Sent reply
2025-03-30 11:43:00 - [Cluster 1 - CLIENT] - INFO - 
2025-03-30 11:43:00 - [Cluster 1 - CLIENT] - INFO - Received: train message 431a1f02-c919-4304-be04-0b263a455168
2025-03-30 11:43:00 - [Cluster 1 - CLIENT] - INFO - [Store 479] Starting local training.
2025-03-30 11:43:02 - [Cluster 1 - CLIENT] - INFO - [Store 826] Local training complete.
2025-03-30 11:43:02 - [Cluster 1 - CLIENT] - INFO - Sent reply
2025-03-30 11:43:02 - [Cluster 1 - CLIENT] - INFO - 
2025-03-30 11:43:02 - [Cluster 1 - CLIENT] - INFO - Received: train message e0dd57cf-0799-4fde-a172-794a67fd0398
2025-03-30 11:43:02 - [Cluster 1 - CLIENT] - INFO - [Store 125] Starting local training.
2025-03-30 11:43:21 - [Cluster 1 - CLIENT] - INFO - [Store 905] Local training complete.
2025-03-30 11:43:21 - [Cluster 1 - CLIENT] - INFO - Sent reply
2025-03-30 11:43:21 - [Cluster 1 - CLIENT] - INFO - 
2025-03-30 11:43:21 - [Cluster 1 - CLIENT] - INFO - Received: train message 043b7a7f-7132-4757-a7c7-1865fcdcfc90
2025-03-30 11:43:21 - [Cluster 1 - CLIENT] - INFO - [Store 431] Starting local training.
2025-03-30 11:46:38 - [Cluster 1 - CLIENT] - INFO - [Store 211] Local training complete.
2025-03-30 11:46:38 - [Cluster 1 - CLIENT] - INFO - Sent reply
2025-03-30 11:46:46 - [Cluster 1 - CLIENT] - INFO - [Store 593] Local training complete.
2025-03-30 11:46:46 - [Cluster 1 - CLIENT] - INFO - [Store 545] Local training complete.
2025-03-30 11:46:46 - [Cluster 1 - CLIENT] - INFO - Sent reply
2025-03-30 11:46:46 - [Cluster 1 - CLIENT] - INFO - Sent reply
2025-03-30 11:46:47 - [Cluster 1 - CLIENT] - INFO - [Store 479] Local training complete.
2025-03-30 11:46:47 - [Cluster 1 - CLIENT] - INFO - Sent reply
2025-03-30 11:46:47 - [Cluster 1 - CLIENT] - INFO - [Store 150] Local training complete.
2025-03-30 11:46:47 - [Cluster 1 - CLIENT] - INFO - Sent reply
2025-03-30 11:46:47 - [Cluster 1 - CLIENT] - INFO - [Store 421] Local training complete.
2025-03-30 11:46:47 - [Cluster 1 - CLIENT] - INFO - Sent reply
2025-03-30 11:46:48 - [Cluster 1 - CLIENT] - INFO - [Store 560] Local training complete.
2025-03-30 11:46:48 - [Cluster 1 - CLIENT] - INFO - Sent reply
2025-03-30 11:46:48 - [Cluster 1 - CLIENT] - INFO - [Store 679] Local training complete.
2025-03-30 11:46:48 - [Cluster 1 - CLIENT] - INFO - Sent reply
2025-03-30 11:46:48 - [Cluster 1 - CLIENT] - INFO - [Store 872] Local training complete.
2025-03-30 11:46:49 - [Cluster 1 - CLIENT] - INFO - Sent reply
2025-03-30 11:46:49 - [Cluster 1 - CLIENT] - INFO - [Store 459] Local training complete.
2025-03-30 11:46:49 - [Cluster 1 - CLIENT] - INFO - Sent reply
2025-03-30 11:46:49 - [Cluster 1 - CLIENT] - INFO - [Store 69] Local training complete.
2025-03-30 11:46:49 - [Cluster 1 - CLIENT] - INFO - Sent reply
2025-03-30 11:46:49 - [Cluster 1 - CLIENT] - INFO - [Store 245] Local training complete.
2025-03-30 11:46:49 - [Cluster 1 - CLIENT] - INFO - Sent reply
2025-03-30 11:46:49 - [Cluster 1 - CLIENT] - INFO - [Store 320] Local training complete.
2025-03-30 11:46:49 - [Cluster 1 - CLIENT] - INFO - Sent reply
2025-03-30 11:46:51 - [Cluster 1 - CLIENT] - INFO - [Store 125] Local training complete.
2025-03-30 11:46:51 - [Cluster 1 - CLIENT] - INFO - Sent reply
2025-03-30 11:46:52 - [Cluster 1 - CLIENT] - INFO - [Store 431] Local training complete.
2025-03-30 11:46:52 - [Cluster 1 - CLIENT] - INFO - Sent reply
2025-03-30 11:46:52 - [Cluster 1 - CLIENT] - INFO - 
2025-03-30 11:46:52 - [Cluster 1 - CLIENT] - INFO - Received: evaluate message 0aa80f94-e6a7-4935-9454-004d22537a61
2025-03-30 11:46:52 - [Cluster 1 - CLIENT] - INFO - 
2025-03-30 11:46:52 - [Cluster 1 - CLIENT] - INFO - Received: evaluate message 0011d67b-4f08-4a49-a541-4042a10d54ad
2025-03-30 11:46:52 - [Cluster 1 - CLIENT] - INFO - 
2025-03-30 11:46:52 - [Cluster 1 - CLIENT] - INFO - Received: evaluate message 744b2046-2811-416d-93cf-a90ebf13cd24
2025-03-30 11:46:52 - [Cluster 1 - CLIENT] - INFO - 
2025-03-30 11:46:52 - [Cluster 1 - CLIENT] - INFO - Received: evaluate message 270c83a6-a531-40cb-a781-561597204b28
2025-03-30 11:46:52 - [Cluster 1 - CLIENT] - INFO - 
2025-03-30 11:46:52 - [Cluster 1 - CLIENT] - INFO - Received: evaluate message e3cd34cc-768f-4a73-9699-0715555ec027
2025-03-30 11:46:52 - [Cluster 1 - CLIENT] - INFO - 
2025-03-30 11:46:52 - [Cluster 1 - CLIENT] - INFO - Received: evaluate message 1d8c3864-5cf2-45db-9416-8a546e71050b
2025-03-30 11:46:52 - [Cluster 1 - CLIENT] - INFO - 
2025-03-30 11:46:52 - [Cluster 1 - CLIENT] - INFO - Received: evaluate message 372d5063-9cf3-420d-a316-d2c947b5749c
2025-03-30 11:46:52 - [Cluster 1 - CLIENT] - INFO - 
2025-03-30 11:46:52 - [Cluster 1 - CLIENT] - INFO - Received: evaluate message 212a86bf-45f6-4b7d-8e45-d3a9bf1d4da3
2025-03-30 11:46:52 - [Cluster 1 - CLIENT] - INFO - 
2025-03-30 11:46:52 - [Cluster 1 - CLIENT] - INFO - Received: evaluate message 770b3e5a-cfd0-4426-a296-abc9cfe3a928
2025-03-30 11:46:52 - [Cluster 1 - CLIENT] - INFO - 
2025-03-30 11:46:52 - [Cluster 1 - CLIENT] - INFO - Received: evaluate message de02011e-5216-446c-b2aa-b6f45a660269
2025-03-30 11:46:52 - [Cluster 1 - CLIENT] - INFO - 
2025-03-30 11:46:52 - [Cluster 1 - CLIENT] - INFO - Received: evaluate message 6be149f4-93b3-4059-af55-ce7b2071ebd4
2025-03-30 11:46:52 - [Cluster 1 - CLIENT] - INFO - 
2025-03-30 11:46:52 - [Cluster 1 - CLIENT] - INFO - Received: evaluate message 961e3a57-d82a-41ad-85ec-65c6a6ee85e3
2025-03-30 11:46:52 - [Cluster 1 - CLIENT] - INFO - 
2025-03-30 11:46:52 - [Cluster 1 - CLIENT] - INFO - Received: evaluate message 2bc30d9d-1626-4ae2-856a-265c90cd13d8
2025-03-30 11:46:52 - [Cluster 1 - CLIENT] - INFO - 
2025-03-30 11:46:52 - [Cluster 1 - CLIENT] - INFO - 
2025-03-30 11:46:52 - [Cluster 1 - CLIENT] - INFO - Received: evaluate message 4014ad2a-949a-4d80-aa7f-9af6729d2b64
2025-03-30 11:46:52 - [Cluster 1 - CLIENT] - INFO - Received: evaluate message a6c64395-d587-4d5d-990e-424137202343
2025-03-30 11:46:53 - [Cluster 1 - CLIENT] - INFO - [Store 421] Evaluation - Loss: 0.3715, MAE: 0.4278
2025-03-30 11:46:53 - [Cluster 1 - CLIENT] - INFO - Sent reply
2025-03-30 11:46:53 - [Cluster 1 - CLIENT] - INFO - 
2025-03-30 11:46:53 - [Cluster 1 - CLIENT] - INFO - Received: evaluate message 0585e2cc-cbba-4734-9b26-4520324ab1e1
2025-03-30 11:46:53 - [Cluster 1 - CLIENT] - INFO - [Store 846] Evaluation - Loss: 0.2648, MAE: 0.3306
2025-03-30 11:46:53 - [Cluster 1 - CLIENT] - INFO - Sent reply
2025-03-30 11:46:53 - [Cluster 1 - CLIENT] - INFO - 
2025-03-30 11:46:53 - [Cluster 1 - CLIENT] - INFO - Received: evaluate message bf6aebb3-ed38-4737-8206-d375c0bd9e94
2025-03-30 11:46:53 - [Cluster 1 - CLIENT] - INFO - [Store 545] Evaluation - Loss: 0.3186, MAE: 0.3679
2025-03-30 11:46:53 - [Cluster 1 - CLIENT] - INFO - Sent reply
2025-03-30 11:46:53 - [Cluster 1 - CLIENT] - INFO - [Store 1112] Evaluation - Loss: 0.2041, MAE: 0.3159
2025-03-30 11:46:53 - [Cluster 1 - CLIENT] - INFO - [Store 679] Evaluation - Loss: 0.2098, MAE: 0.2692
2025-03-30 11:46:53 - [Cluster 1 - CLIENT] - INFO - [Store 560] Evaluation - Loss: 0.2557, MAE: 0.3296
2025-03-30 11:46:53 - [Cluster 1 - CLIENT] - INFO - Sent reply
2025-03-30 11:46:53 - [Cluster 1 - CLIENT] - INFO - 
2025-03-30 11:46:53 - [Cluster 1 - CLIENT] - INFO - Received: evaluate message 7cfd5dbf-5077-4d15-a029-38e76cdf6b80
2025-03-30 11:46:53 - [Cluster 1 - CLIENT] - INFO - Sent reply
2025-03-30 11:46:53 - [Cluster 1 - CLIENT] - INFO - Sent reply
2025-03-30 11:46:53 - [Cluster 1 - CLIENT] - INFO - [Store 150] Evaluation - Loss: 0.2330, MAE: 0.2918
2025-03-30 11:46:53 - [Cluster 1 - CLIENT] - INFO - Sent reply
2025-03-30 11:46:53 - [Cluster 1 - CLIENT] - INFO - 
2025-03-30 11:46:53 - [Cluster 1 - CLIENT] - INFO - Received: evaluate message b177a44c-d24f-467a-b7f2-de6860a4fe75
2025-03-30 11:46:53 - [Cluster 1 - CLIENT] - INFO - 
2025-03-30 11:46:53 - [Cluster 1 - CLIENT] - INFO - 
2025-03-30 11:46:53 - [Cluster 1 - CLIENT] - INFO - Received: evaluate message a8e134b0-0937-43fe-97f0-0a8b409e469d
2025-03-30 11:46:53 - [Cluster 1 - CLIENT] - INFO - Received: evaluate message 2409e240-10fb-4c62-9072-d14e2e379abb
2025-03-30 11:46:53 - [Cluster 1 - CLIENT] - INFO - [Store 125] Evaluation - Loss: 0.2734, MAE: 0.3279
2025-03-30 11:46:53 - [Cluster 1 - CLIENT] - INFO - 
2025-03-30 11:46:53 - [Cluster 1 - CLIENT] - INFO - Received: evaluate message 2c7d5a8b-0518-481c-85ea-5a51ff1bf4c8
2025-03-30 11:46:53 - [Cluster 1 - CLIENT] - INFO - [Store 320] Evaluation - Loss: 0.2465, MAE: 0.2904
2025-03-30 11:46:53 - [Cluster 1 - CLIENT] - INFO - Sent reply
2025-03-30 11:46:53 - [Cluster 1 - CLIENT] - INFO - Sent reply
2025-03-30 11:46:53 - [Cluster 1 - CLIENT] - INFO - [Store 479] Evaluation - Loss: 0.2180, MAE: 0.2831
2025-03-30 11:46:53 - [Cluster 1 - CLIENT] - INFO - Sent reply
2025-03-30 11:46:53 - [Cluster 1 - CLIENT] - INFO - 
2025-03-30 11:46:53 - [Cluster 1 - CLIENT] - INFO - [Store 147] Evaluation - Loss: 0.2583, MAE: 0.3026
2025-03-30 11:46:53 - [Cluster 1 - CLIENT] - INFO - Received: evaluate message 5909afa5-9fc7-41ab-a207-56c60db8d181
2025-03-30 11:46:53 - [Cluster 1 - CLIENT] - INFO - 
2025-03-30 11:46:53 - [Cluster 1 - CLIENT] - INFO - Received: evaluate message eab881d1-3050-4823-a8d8-7ea50941c0fc
2025-03-30 11:46:53 - [Cluster 1 - CLIENT] - INFO - Sent reply
2025-03-30 11:46:53 - [Cluster 1 - CLIENT] - INFO - [Store 211] Evaluation - Loss: 0.2621, MAE: 0.3403
2025-03-30 11:46:53 - [Cluster 1 - CLIENT] - INFO - [Store 826] Evaluation - Loss: 0.3460, MAE: 0.3586
2025-03-30 11:46:53 - [Cluster 1 - CLIENT] - INFO - 
2025-03-30 11:46:53 - [Cluster 1 - CLIENT] - INFO - Received: evaluate message 88f20e7f-0be0-4382-95cd-5f650f141d44
2025-03-30 11:46:53 - [Cluster 1 - CLIENT] - INFO - Sent reply
2025-03-30 11:46:53 - [Cluster 1 - CLIENT] - INFO - Sent reply
2025-03-30 11:46:53 - [Cluster 1 - CLIENT] - INFO - 
2025-03-30 11:46:53 - [Cluster 1 - CLIENT] - INFO - Received: evaluate message b5e599c7-0689-406e-9558-15c1e9cdd8b6
2025-03-30 11:46:53 - [Cluster 1 - CLIENT] - INFO - 
2025-03-30 11:46:53 - [Cluster 1 - CLIENT] - INFO - Received: evaluate message 9d4d2b48-e010-41a8-8aff-744f184cc89a
2025-03-30 11:46:53 - [Cluster 1 - CLIENT] - INFO - [Store 754] Evaluation - Loss: 0.1710, MAE: 0.2694
2025-03-30 11:46:53 - [Cluster 1 - CLIENT] - INFO - 
2025-03-30 11:46:54 - [Cluster 1 - CLIENT] - INFO - Received: evaluate message 5a011297-93de-45a8-b873-1db3145b36cf
2025-03-30 11:46:54 - [Cluster 1 - CLIENT] - INFO - Sent reply
2025-03-30 11:46:54 - [Cluster 1 - CLIENT] - INFO - 
2025-03-30 11:46:54 - [Cluster 1 - CLIENT] - INFO - Received: evaluate message 3d05fe8a-5d09-4cc9-88ac-49ac7adecb21
2025-03-30 11:46:54 - [Cluster 1 - CLIENT] - INFO - [Store 905] Evaluation - Loss: 0.2535, MAE: 0.3551
2025-03-30 11:46:54 - [Cluster 1 - CLIENT] - INFO - Sent reply
2025-03-30 11:46:54 - [Cluster 1 - CLIENT] - INFO - 
2025-03-30 11:46:54 - [Cluster 1 - CLIENT] - INFO - Received: evaluate message 7c86164e-54f2-4123-8361-f9401d8a8176
2025-03-30 11:46:55 - [Cluster 1 - CLIENT] - INFO - [Store 722] Evaluation - Loss: 0.2879, MAE: 0.3644
2025-03-30 11:46:55 - [Cluster 1 - CLIENT] - INFO - Sent reply
2025-03-30 11:46:55 - [Cluster 1 - CLIENT] - INFO - [Store 593] Evaluation - Loss: 0.2453, MAE: 0.3191
2025-03-30 11:46:55 - [Cluster 1 - CLIENT] - INFO - Sent reply
2025-03-30 11:46:55 - [Cluster 1 - CLIENT] - INFO - [Store 448] Evaluation - Loss: 0.2686, MAE: 0.3302
2025-03-30 11:46:55 - [Cluster 1 - CLIENT] - INFO - Sent reply
2025-03-30 11:46:55 - [Cluster 1 - CLIENT] - INFO - [Store 431] Evaluation - Loss: 0.3210, MAE: 0.3549
2025-03-30 11:46:55 - [Cluster 1 - CLIENT] - INFO - Sent reply
2025-03-30 11:46:55 - [Cluster 1 - CLIENT] - INFO - [Store 665] Evaluation - Loss: 0.2364, MAE: 0.2954
2025-03-30 11:46:55 - [Cluster 1 - CLIENT] - INFO - Sent reply
2025-03-30 11:46:55 - [Cluster 1 - CLIENT] - INFO - [Store 211] Evaluation - Loss: 0.2621, MAE: 0.3403
2025-03-30 11:46:55 - [Cluster 1 - CLIENT] - INFO - Sent reply
2025-03-30 11:46:55 - [Cluster 1 - CLIENT] - INFO - [Store 444] Evaluation - Loss: 0.2828, MAE: 0.3828
2025-03-30 11:46:55 - [Cluster 1 - CLIENT] - INFO - Sent reply
2025-03-30 11:46:55 - [Cluster 1 - CLIENT] - INFO - [Store 872] Evaluation - Loss: 0.2707, MAE: 0.3351
2025-03-30 11:46:55 - [Cluster 1 - CLIENT] - INFO - Sent reply
2025-03-30 11:46:55 - [Cluster 1 - CLIENT] - INFO - [Store 245] Evaluation - Loss: 0.3022, MAE: 0.3399
2025-03-30 11:46:55 - [Cluster 1 - CLIENT] - INFO - Sent reply
2025-03-30 11:46:55 - [Cluster 1 - CLIENT] - INFO - [Store 459] Evaluation - Loss: 0.2103, MAE: 0.2933
2025-03-30 11:46:55 - [Cluster 1 - CLIENT] - INFO - Sent reply
2025-03-30 11:46:55 - [Cluster 1 - CLIENT] - INFO - [Store 683] Evaluation - Loss: 0.1779, MAE: 0.2603
2025-03-30 11:46:55 - [Cluster 1 - CLIENT] - INFO - Sent reply
2025-03-30 11:46:55 - [Cluster 1 - CLIENT] - INFO - [Store 928] Evaluation - Loss: 0.3077, MAE: 0.3592
2025-03-30 11:46:55 - [Cluster 1 - CLIENT] - INFO - Sent reply
2025-03-30 11:46:55 - [Cluster 1 - CLIENT] - INFO - [Store 967] Evaluation - Loss: 0.2517, MAE: 0.3117
2025-03-30 11:46:55 - [Cluster 1 - CLIENT] - INFO - Sent reply
2025-03-30 11:46:55 - [Cluster 1 - CLIENT] - INFO - [Store 1043] Evaluation - Loss: 0.2062, MAE: 0.3042
2025-03-30 11:46:55 - [Cluster 1 - CLIENT] - INFO - Sent reply
2025-03-30 11:46:55 - [Cluster 1 - CLIENT] - INFO - [Store 69] Evaluation - Loss: 0.2187, MAE: 0.2694
2025-03-30 11:46:55 - [Cluster 1 - CLIENT] - INFO - Sent reply
2025-03-30 11:46:55 - [Cluster 1 - CLIENT] - INFO - 
2025-03-30 11:46:55 - [Cluster 1 - CLIENT] - INFO - Received: train message 87d1e712-5587-42b9-abd4-f687509455ad
2025-03-30 11:46:55 - [Cluster 1 - CLIENT] - INFO - 
2025-03-30 11:46:55 - [Cluster 1 - CLIENT] - INFO - Received: train message f405f424-0349-47d4-9856-a986958247cb
2025-03-30 11:46:55 - [Cluster 1 - CLIENT] - INFO - 
2025-03-30 11:46:55 - [Cluster 1 - CLIENT] - INFO - Received: train message dd0a40d9-1fa3-4cba-803e-a7efc3c5794d
2025-03-30 11:46:55 - [Cluster 1 - CLIENT] - INFO - 
2025-03-30 11:46:55 - [Cluster 1 - CLIENT] - INFO - Received: train message 68d1358c-4d6b-4140-bf10-adfb4140f105
2025-03-30 11:46:55 - [Cluster 1 - CLIENT] - INFO - 
2025-03-30 11:46:55 - [Cluster 1 - CLIENT] - INFO - Received: train message 7898de80-d6e5-414f-8ccc-eb514b880d05
2025-03-30 11:46:55 - [Cluster 1 - CLIENT] - INFO - 
2025-03-30 11:46:55 - [Cluster 1 - CLIENT] - INFO - Received: train message 16c3e0bc-fe43-4263-a3d5-41572c175707
2025-03-30 11:46:55 - [Cluster 1 - CLIENT] - INFO - [Store 459] Starting local training.
2025-03-30 11:46:55 - [Cluster 1 - CLIENT] - INFO - 
2025-03-30 11:46:55 - [Cluster 1 - CLIENT] - INFO - Received: train message 83d2ea01-ba82-421d-96b9-86ac6b89815d
2025-03-30 11:46:55 - [Cluster 1 - CLIENT] - INFO - [Store 928] Starting local training.
2025-03-30 11:46:55 - [Cluster 1 - CLIENT] - INFO - 
2025-03-30 11:46:55 - [Cluster 1 - CLIENT] - INFO - Received: train message 45e2ff02-61e5-451a-beab-afc5bd1b87b3
2025-03-30 11:46:55 - [Cluster 1 - CLIENT] - INFO - 
2025-03-30 11:46:55 - [Cluster 1 - CLIENT] - INFO - Received: train message 20226a9f-7a16-459a-a442-2832df38f9af
2025-03-30 11:46:55 - [Cluster 1 - CLIENT] - INFO - 
2025-03-30 11:46:55 - [Cluster 1 - CLIENT] - INFO - Received: train message b4352b5b-70c0-468c-b049-885fd826c8ae
2025-03-30 11:46:55 - [Cluster 1 - CLIENT] - INFO - [Store 431] Starting local training.
2025-03-30 11:46:55 - [Cluster 1 - CLIENT] - INFO - 
2025-03-30 11:46:55 - [Cluster 1 - CLIENT] - INFO - Received: train message 064ab450-75be-44d6-923a-476ae2f47db4
2025-03-30 11:46:55 - [Cluster 1 - CLIENT] - INFO - 
2025-03-30 11:46:55 - [Cluster 1 - CLIENT] - INFO - Received: train message 317c2b2f-3f8c-481f-836a-f2a8bb81d749
2025-03-30 11:46:55 - [Cluster 1 - CLIENT] - INFO - [Store 444] Starting local training.
2025-03-30 11:46:55 - [Cluster 1 - CLIENT] - INFO - [Store 722] Starting local training.
2025-03-30 11:46:55 - [Cluster 1 - CLIENT] - INFO - 
2025-03-30 11:46:55 - [Cluster 1 - CLIENT] - INFO - Received: train message c26cd521-2cc0-44b2-82a4-1f62e4a53b55
2025-03-30 11:46:55 - [Cluster 1 - CLIENT] - INFO - [Store 211] Starting local training.
2025-03-30 11:46:55 - [Cluster 1 - CLIENT] - INFO - 
2025-03-30 11:46:55 - [Cluster 1 - CLIENT] - INFO - Received: train message cf5aded5-5127-41a7-b126-2a2e98617b4a
2025-03-30 11:46:55 - [Cluster 1 - CLIENT] - INFO - 
2025-03-30 11:46:55 - [Cluster 1 - CLIENT] - INFO - Received: train message 6bf31f4f-30fa-4fff-a757-a71a252d2ecb
2025-03-30 11:46:55 - [Cluster 1 - CLIENT] - INFO - [Store 665] Starting local training.
2025-03-30 11:46:55 - [Cluster 1 - CLIENT] - INFO - [Store 448] Starting local training.
2025-03-30 11:46:55 - [Cluster 1 - CLIENT] - INFO - [Store 1043] Starting local training.
2025-03-30 11:46:55 - [Cluster 1 - CLIENT] - INFO - [Store 826] Starting local training.
2025-03-30 11:46:55 - [Cluster 1 - CLIENT] - INFO - [Store 479] Starting local training.
2025-03-30 11:46:55 - [Cluster 1 - CLIENT] - INFO - [Store 245] Starting local training.
2025-03-30 11:46:55 - [Cluster 1 - CLIENT] - INFO - [Store 150] Starting local training.
2025-03-30 11:46:55 - [Cluster 1 - CLIENT] - INFO - [Store 560] Starting local training.
2025-03-30 11:46:55 - [Cluster 1 - CLIENT] - INFO - [Store 545] Starting local training.
2025-03-30 11:50:40 - [Cluster 1 - CLIENT] - INFO - [Store 479] Local training complete.
2025-03-30 11:50:40 - [Cluster 1 - CLIENT] - INFO - Sent reply
2025-03-30 11:50:40 - [Cluster 1 - CLIENT] - INFO - 
2025-03-30 11:50:40 - [Cluster 1 - CLIENT] - INFO - Received: train message 2111ea17-7e24-4baa-8af3-3ca4222ea7fb
2025-03-30 11:50:40 - [Cluster 1 - CLIENT] - INFO - [Store 872] Starting local training.
2025-03-30 11:50:40 - [Cluster 1 - CLIENT] - INFO - [Store 928] Local training complete.
2025-03-30 11:50:40 - [Cluster 1 - CLIENT] - INFO - Sent reply
2025-03-30 11:50:40 - [Cluster 1 - CLIENT] - INFO - 
2025-03-30 11:50:40 - [Cluster 1 - CLIENT] - INFO - Received: train message 24995237-dccb-4a70-8a80-6145bc9361ab
2025-03-30 11:50:40 - [Cluster 1 - CLIENT] - INFO - [Store 967] Starting local training.
2025-03-30 11:50:42 - [Cluster 1 - CLIENT] - INFO - [Store 722] Local training complete.
2025-03-30 11:50:42 - [Cluster 1 - CLIENT] - INFO - Sent reply
2025-03-30 11:50:42 - [Cluster 1 - CLIENT] - INFO - 
2025-03-30 11:50:42 - [Cluster 1 - CLIENT] - INFO - Received: train message 382996ff-e0db-41d8-a119-67970e63bb2a
2025-03-30 11:50:42 - [Cluster 1 - CLIENT] - INFO - [Store 421] Starting local training.
2025-03-30 11:50:43 - [Cluster 1 - CLIENT] - INFO - [Store 211] Local training complete.
2025-03-30 11:50:43 - [Cluster 1 - CLIENT] - INFO - Sent reply
2025-03-30 11:50:43 - [Cluster 1 - CLIENT] - INFO - 
2025-03-30 11:50:43 - [Cluster 1 - CLIENT] - INFO - Received: train message a582e140-a86a-490c-adc4-931e93e711a2
2025-03-30 11:50:43 - [Cluster 1 - CLIENT] - INFO - [Store 593] Starting local training.
2025-03-30 11:50:44 - [Cluster 1 - CLIENT] - INFO - [Store 448] Local training complete.
2025-03-30 11:50:44 - [Cluster 1 - CLIENT] - INFO - Sent reply
2025-03-30 11:50:44 - [Cluster 1 - CLIENT] - INFO - 
2025-03-30 11:50:44 - [Cluster 1 - CLIENT] - INFO - Received: train message 1bc71dd1-46c0-42f4-ab46-b6b30495fc2b
2025-03-30 11:50:44 - [Cluster 1 - CLIENT] - INFO - [Store 320] Starting local training.
2025-03-30 11:50:44 - [Cluster 1 - CLIENT] - INFO - [Store 560] Local training complete.
2025-03-30 11:50:45 - [Cluster 1 - CLIENT] - INFO - Sent reply
2025-03-30 11:50:45 - [Cluster 1 - CLIENT] - INFO - 
2025-03-30 11:50:45 - [Cluster 1 - CLIENT] - INFO - Received: train message 14e350ad-9935-42ca-93e4-d8a5784ff56a
2025-03-30 11:50:45 - [Cluster 1 - CLIENT] - INFO - [Store 905] Starting local training.
2025-03-30 11:50:45 - [Cluster 1 - CLIENT] - INFO - [Store 245] Local training complete.
2025-03-30 11:50:45 - [Cluster 1 - CLIENT] - INFO - Sent reply
2025-03-30 11:50:45 - [Cluster 1 - CLIENT] - INFO - 
2025-03-30 11:50:45 - [Cluster 1 - CLIENT] - INFO - Received: train message 6a50332b-5d4b-4f65-822b-151285016464
2025-03-30 11:50:45 - [Cluster 1 - CLIENT] - INFO - [Store 147] Starting local training.
2025-03-30 11:50:45 - [Cluster 1 - CLIENT] - INFO - [Store 1043] Local training complete.
2025-03-30 11:50:45 - [Cluster 1 - CLIENT] - INFO - Sent reply
2025-03-30 11:50:45 - [Cluster 1 - CLIENT] - INFO - 
2025-03-30 11:50:45 - [Cluster 1 - CLIENT] - INFO - Received: train message 73749195-ee16-4802-823b-74c5d1dc483f
2025-03-30 11:50:45 - [Cluster 1 - CLIENT] - INFO - [Store 1112] Starting local training.
2025-03-30 11:50:47 - [Cluster 1 - CLIENT] - INFO - [Store 150] Local training complete.
2025-03-30 11:50:47 - [Cluster 1 - CLIENT] - INFO - [Store 826] Local training complete.
2025-03-30 11:50:47 - [Cluster 1 - CLIENT] - INFO - Sent reply
2025-03-30 11:50:47 - [Cluster 1 - CLIENT] - INFO - 
2025-03-30 11:50:47 - [Cluster 1 - CLIENT] - INFO - Received: train message 44f72a01-ffa2-424f-a788-b69734f2876d
2025-03-30 11:50:47 - [Cluster 1 - CLIENT] - INFO - [Store 211] Starting local training.
2025-03-30 11:50:48 - [Cluster 1 - CLIENT] - INFO - [Store 459] Local training complete.
2025-03-30 11:50:48 - [Cluster 1 - CLIENT] - INFO - Sent reply
2025-03-30 11:50:48 - [Cluster 1 - CLIENT] - INFO - 
2025-03-30 11:50:48 - [Cluster 1 - CLIENT] - INFO - Received: train message 2e070831-cd1b-4b23-8d0c-b23709e19d09
2025-03-30 11:50:48 - [Cluster 1 - CLIENT] - INFO - [Store 754] Starting local training.
2025-03-30 11:50:48 - [Cluster 1 - CLIENT] - INFO - Sent reply
2025-03-30 11:50:48 - [Cluster 1 - CLIENT] - INFO - 
2025-03-30 11:50:48 - [Cluster 1 - CLIENT] - INFO - Received: train message 889a9695-e6ef-4d93-9108-8b3e8ce2768c
2025-03-30 11:50:48 - [Cluster 1 - CLIENT] - INFO - [Store 679] Starting local training.
2025-03-30 11:50:48 - [Cluster 1 - CLIENT] - INFO - [Store 431] Local training complete.
2025-03-30 11:50:49 - [Cluster 1 - CLIENT] - INFO - Sent reply
2025-03-30 11:50:49 - [Cluster 1 - CLIENT] - INFO - 
2025-03-30 11:50:49 - [Cluster 1 - CLIENT] - INFO - Received: train message 8cf67f99-7006-4c62-94ce-5748586b3ef0
2025-03-30 11:50:49 - [Cluster 1 - CLIENT] - INFO - [Store 846] Starting local training.
2025-03-30 11:50:49 - [Cluster 1 - CLIENT] - INFO - [Store 444] Local training complete.
2025-03-30 11:50:49 - [Cluster 1 - CLIENT] - INFO - Sent reply
2025-03-30 11:50:49 - [Cluster 1 - CLIENT] - INFO - 
2025-03-30 11:50:49 - [Cluster 1 - CLIENT] - INFO - Received: train message 9e7f7208-bc40-4464-ba23-274004c67ff9
2025-03-30 11:50:49 - [Cluster 1 - CLIENT] - INFO - [Store 683] Starting local training.
2025-03-30 11:50:50 - [Cluster 1 - CLIENT] - INFO - [Store 665] Local training complete.
2025-03-30 11:50:50 - [Cluster 1 - CLIENT] - INFO - Sent reply
2025-03-30 11:50:50 - [Cluster 1 - CLIENT] - INFO - 
2025-03-30 11:50:50 - [Cluster 1 - CLIENT] - INFO - Received: train message 4ed9a630-d992-4bcd-beea-388a9341090e
2025-03-30 11:50:50 - [Cluster 1 - CLIENT] - INFO - [Store 69] Starting local training.
2025-03-30 11:50:52 - [Cluster 1 - CLIENT] - INFO - [Store 545] Local training complete.
2025-03-30 11:50:52 - [Cluster 1 - CLIENT] - INFO - Sent reply
2025-03-30 11:50:52 - [Cluster 1 - CLIENT] - INFO - 
2025-03-30 11:50:52 - [Cluster 1 - CLIENT] - INFO - Received: train message dd1a1a77-9420-445f-b7d5-3be6973f4fd5
2025-03-30 11:50:52 - [Cluster 1 - CLIENT] - INFO - [Store 125] Starting local training.
2025-03-30 11:54:32 - [Cluster 1 - CLIENT] - INFO - [Store 967] Local training complete.
2025-03-30 11:54:32 - [Cluster 1 - CLIENT] - INFO - Sent reply
2025-03-30 11:54:34 - [Cluster 1 - CLIENT] - INFO - [Store 1112] Local training complete.
2025-03-30 11:54:35 - [Cluster 1 - CLIENT] - INFO - Sent reply
2025-03-30 11:54:37 - [Cluster 1 - CLIENT] - INFO - [Store 421] Local training complete.
2025-03-30 11:54:37 - [Cluster 1 - CLIENT] - INFO - Sent reply
2025-03-30 11:54:38 - [Cluster 1 - CLIENT] - INFO - [Store 211] Local training complete.
2025-03-30 11:54:38 - [Cluster 1 - CLIENT] - INFO - Sent reply
2025-03-30 11:54:38 - [Cluster 1 - CLIENT] - INFO - [Store 320] Local training complete.
2025-03-30 11:54:38 - [Cluster 1 - CLIENT] - INFO - [Store 872] Local training complete.
2025-03-30 11:54:38 - [Cluster 1 - CLIENT] - INFO - [Store 679] Local training complete.
2025-03-30 11:54:38 - [Cluster 1 - CLIENT] - INFO - Sent reply
2025-03-30 11:54:38 - [Cluster 1 - CLIENT] - INFO - Sent reply
2025-03-30 11:54:38 - [Cluster 1 - CLIENT] - INFO - Sent reply
2025-03-30 11:54:38 - [Cluster 1 - CLIENT] - INFO - [Store 593] Local training complete.
2025-03-30 11:54:38 - [Cluster 1 - CLIENT] - INFO - Sent reply
2025-03-30 11:54:39 - [Cluster 1 - CLIENT] - INFO - [Store 846] Local training complete.
2025-03-30 11:54:39 - [Cluster 1 - CLIENT] - INFO - Sent reply
2025-03-30 11:54:39 - [Cluster 1 - CLIENT] - INFO - [Store 125] Local training complete.
2025-03-30 11:54:39 - [Cluster 1 - CLIENT] - INFO - Sent reply
2025-03-30 11:54:39 - [Cluster 1 - CLIENT] - INFO - [Store 754] Local training complete.
2025-03-30 11:54:39 - [Cluster 1 - CLIENT] - INFO - Sent reply
2025-03-30 11:54:39 - [Cluster 1 - CLIENT] - INFO - [Store 683] Local training complete.
2025-03-30 11:54:39 - [Cluster 1 - CLIENT] - INFO - Sent reply
2025-03-30 11:54:40 - [Cluster 1 - CLIENT] - INFO - [Store 905] Local training complete.
2025-03-30 11:54:40 - [Cluster 1 - CLIENT] - INFO - Sent reply
2025-03-30 11:54:40 - [Cluster 1 - CLIENT] - INFO - [Store 69] Local training complete.
2025-03-30 11:54:40 - [Cluster 1 - CLIENT] - INFO - Sent reply
2025-03-30 11:54:41 - [Cluster 1 - CLIENT] - INFO - [Store 147] Local training complete.
2025-03-30 11:54:41 - [Cluster 1 - CLIENT] - INFO - Sent reply
2025-03-30 11:54:41 - [Cluster 1 - CLIENT] - INFO - 
2025-03-30 11:54:41 - [Cluster 1 - CLIENT] - INFO - Received: evaluate message db8c91a3-8055-48d8-b3c1-3db7e5f083cb
2025-03-30 11:54:41 - [Cluster 1 - CLIENT] - INFO - 
2025-03-30 11:54:41 - [Cluster 1 - CLIENT] - INFO - Received: evaluate message ae88290c-db3b-41a2-b3e3-c12a2e57fc20
2025-03-30 11:54:41 - [Cluster 1 - CLIENT] - INFO - 
2025-03-30 11:54:41 - [Cluster 1 - CLIENT] - INFO - Received: evaluate message 42497dce-7d04-4ded-b275-6ef20d06eb07
2025-03-30 11:54:41 - [Cluster 1 - CLIENT] - INFO - 
2025-03-30 11:54:41 - [Cluster 1 - CLIENT] - INFO - Received: evaluate message 5123a968-93a4-452b-9b53-fb030b68670e
2025-03-30 11:54:41 - [Cluster 1 - CLIENT] - INFO - 
2025-03-30 11:54:41 - [Cluster 1 - CLIENT] - INFO - Received: evaluate message bd11ef9e-319f-4720-9f59-f8418b91ede1
2025-03-30 11:54:41 - [Cluster 1 - CLIENT] - INFO - 
2025-03-30 11:54:41 - [Cluster 1 - CLIENT] - INFO - Received: evaluate message dbf3f943-f59e-415c-a204-86bd426fdca6
2025-03-30 11:54:41 - [Cluster 1 - CLIENT] - INFO - 
2025-03-30 11:54:41 - [Cluster 1 - CLIENT] - INFO - Received: evaluate message 8931336b-23c5-4258-8853-75fef24f8e7a
2025-03-30 11:54:41 - [Cluster 1 - CLIENT] - INFO - 
2025-03-30 11:54:41 - [Cluster 1 - CLIENT] - INFO - Received: evaluate message 7e083f90-bdcb-4be9-a776-3a598c092b8b
2025-03-30 11:54:41 - [Cluster 1 - CLIENT] - INFO - 
2025-03-30 11:54:41 - [Cluster 1 - CLIENT] - INFO - Received: evaluate message 364b0343-5579-4a60-8753-54fb0d73b20e
2025-03-30 11:54:41 - [Cluster 1 - CLIENT] - INFO - 
2025-03-30 11:54:41 - [Cluster 1 - CLIENT] - INFO - Received: evaluate message 6f762cba-4f86-43bf-a60c-eca8301b610f
2025-03-30 11:54:41 - [Cluster 1 - CLIENT] - INFO - 
2025-03-30 11:54:41 - [Cluster 1 - CLIENT] - INFO - Received: evaluate message d5c10a97-c519-4162-bd84-d7ff05b06db9
2025-03-30 11:54:41 - [Cluster 1 - CLIENT] - INFO - 
2025-03-30 11:54:41 - [Cluster 1 - CLIENT] - INFO - Received: evaluate message 5abce524-ad6b-4ce6-b7e5-a158a47e4ef6
2025-03-30 11:54:41 - [Cluster 1 - CLIENT] - INFO - 
2025-03-30 11:54:41 - [Cluster 1 - CLIENT] - INFO - 
2025-03-30 11:54:41 - [Cluster 1 - CLIENT] - INFO - Received: evaluate message 90a482e9-2fd2-4b07-a276-338645717a20
2025-03-30 11:54:41 - [Cluster 1 - CLIENT] - INFO - Received: evaluate message 4031d2a8-cedb-46f1-8673-69291575d0e4
2025-03-30 11:54:41 - [Cluster 1 - CLIENT] - INFO - 
2025-03-30 11:54:41 - [Cluster 1 - CLIENT] - INFO - Received: evaluate message 0b29e206-c908-428c-80c9-f54d3de06cf2
2025-03-30 11:54:42 - [Cluster 1 - CLIENT] - INFO - [Store 125] Evaluation - Loss: 0.2706, MAE: 0.3281
2025-03-30 11:54:42 - [Cluster 1 - CLIENT] - INFO - Sent reply
2025-03-30 11:54:42 - [Cluster 1 - CLIENT] - INFO - 
2025-03-30 11:54:42 - [Cluster 1 - CLIENT] - INFO - Received: evaluate message 0c5ef2cf-ca93-4dd8-86ca-7d14ffc235e9
2025-03-30 11:54:42 - [Cluster 1 - CLIENT] - INFO - [Store 211] Evaluation - Loss: 0.2550, MAE: 0.3365
2025-03-30 11:54:42 - [Cluster 1 - CLIENT] - INFO - Sent reply
2025-03-30 11:54:42 - [Cluster 1 - CLIENT] - INFO - 
2025-03-30 11:54:42 - [Cluster 1 - CLIENT] - INFO - Received: evaluate message c66a3d95-1760-4937-93f3-f0bdb0981bcb
2025-03-30 11:54:42 - [Cluster 1 - CLIENT] - INFO - [Store 444] Evaluation - Loss: 0.2770, MAE: 0.3750
2025-03-30 11:54:42 - [Cluster 1 - CLIENT] - INFO - [Store 459] Evaluation - Loss: 0.2047, MAE: 0.2829
2025-03-30 11:54:42 - [Cluster 1 - CLIENT] - INFO - Sent reply
2025-03-30 11:54:42 - [Cluster 1 - CLIENT] - INFO - [Store 1112] Evaluation - Loss: 0.1955, MAE: 0.2971
2025-03-30 11:54:42 - [Cluster 1 - CLIENT] - INFO - Sent reply
2025-03-30 11:54:42 - [Cluster 1 - CLIENT] - INFO - [Store 245] Evaluation - Loss: 0.3004, MAE: 0.3396
2025-03-30 11:54:42 - [Cluster 1 - CLIENT] - INFO - Sent reply
2025-03-30 11:54:42 - [Cluster 1 - CLIENT] - INFO - Sent reply
2025-03-30 11:54:42 - [Cluster 1 - CLIENT] - INFO - [Store 846] Evaluation - Loss: 0.2579, MAE: 0.3211
2025-03-30 11:54:42 - [Cluster 1 - CLIENT] - INFO - [Store 421] Evaluation - Loss: 0.3695, MAE: 0.4231
2025-03-30 11:54:42 - [Cluster 1 - CLIENT] - INFO - [Store 147] Evaluation - Loss: 0.2504, MAE: 0.2955
2025-03-30 11:54:42 - [Cluster 1 - CLIENT] - INFO - Sent reply
2025-03-30 11:54:42 - [Cluster 1 - CLIENT] - INFO - Sent reply
2025-03-30 11:54:42 - [Cluster 1 - CLIENT] - INFO - Sent reply
2025-03-30 11:54:42 - [Cluster 1 - CLIENT] - INFO - [Store 1043] Evaluation - Loss: 0.1973, MAE: 0.2917
2025-03-30 11:54:42 - [Cluster 1 - CLIENT] - INFO - 
2025-03-30 11:54:42 - [Cluster 1 - CLIENT] - INFO - Received: evaluate message 08b01f22-7c18-4bbe-8e38-e27926d66e4d
2025-03-30 11:54:42 - [Cluster 1 - CLIENT] - INFO - Sent reply
2025-03-30 11:54:42 - [Cluster 1 - CLIENT] - INFO - [Store 69] Evaluation - Loss: 0.2129, MAE: 0.2630
2025-03-30 11:54:42 - [Cluster 1 - CLIENT] - INFO - Sent reply
2025-03-30 11:54:42 - [Cluster 1 - CLIENT] - INFO - 
2025-03-30 11:54:42 - [Cluster 1 - CLIENT] - INFO - Received: evaluate message 48e60736-affc-4278-aa5a-f7cdfcaff13f
2025-03-30 11:54:42 - [Cluster 1 - CLIENT] - INFO - 
2025-03-30 11:54:42 - [Cluster 1 - CLIENT] - INFO - Received: evaluate message d53246bf-1f8c-4c9a-bc8e-89dd5d0a7e14
2025-03-30 11:54:42 - [Cluster 1 - CLIENT] - INFO - [Store 560] Evaluation - Loss: 0.2461, MAE: 0.3139
2025-03-30 11:54:42 - [Cluster 1 - CLIENT] - INFO - 
2025-03-30 11:54:42 - [Cluster 1 - CLIENT] - INFO - Received: evaluate message ea203f7f-5bd2-41b4-9362-bb98bac1b3f9
2025-03-30 11:54:42 - [Cluster 1 - CLIENT] - INFO - Sent reply
2025-03-30 11:54:42 - [Cluster 1 - CLIENT] - INFO - 
2025-03-30 11:54:42 - [Cluster 1 - CLIENT] - INFO - [Store 448] Evaluation - Loss: 0.2602, MAE: 0.3235
2025-03-30 11:54:42 - [Cluster 1 - CLIENT] - INFO - Received: evaluate message 5259e14a-1720-457a-9a72-13f62975dd21
2025-03-30 11:54:42 - [Cluster 1 - CLIENT] - INFO - Sent reply
2025-03-30 11:54:42 - [Cluster 1 - CLIENT] - INFO - [Store 479] Evaluation - Loss: 0.2141, MAE: 0.2773
2025-03-30 11:54:42 - [Cluster 1 - CLIENT] - INFO - Sent reply
2025-03-30 11:54:42 - [Cluster 1 - CLIENT] - INFO - 
2025-03-30 11:54:42 - [Cluster 1 - CLIENT] - INFO - 
2025-03-30 11:54:42 - [Cluster 1 - CLIENT] - INFO - Received: evaluate message 4e1a8156-5186-4075-9792-4bb38d3be71f
2025-03-30 11:54:42 - [Cluster 1 - CLIENT] - INFO - Received: evaluate message 49008037-310c-4dd3-a849-e697f9eb725c
2025-03-30 11:54:42 - [Cluster 1 - CLIENT] - INFO - 
2025-03-30 11:54:42 - [Cluster 1 - CLIENT] - INFO - 
2025-03-30 11:54:42 - [Cluster 1 - CLIENT] - INFO - Received: evaluate message 10bf98e4-6668-4aff-b872-18216bbead74
2025-03-30 11:54:42 - [Cluster 1 - CLIENT] - INFO - Received: evaluate message d65df272-df9d-4a64-ac6d-343a4ca2e1fb
2025-03-30 11:54:42 - [Cluster 1 - CLIENT] - INFO - 
2025-03-30 11:54:42 - [Cluster 1 - CLIENT] - INFO - Received: evaluate message 42d9e061-080f-4351-b8d6-dacad6024ee9
2025-03-30 11:54:42 - [Cluster 1 - CLIENT] - INFO - 
2025-03-30 11:54:42 - [Cluster 1 - CLIENT] - INFO - Received: evaluate message e3430f20-3296-4e16-8ca3-795fd0b82a5d
2025-03-30 11:54:42 - [Cluster 1 - CLIENT] - INFO - 
2025-03-30 11:54:42 - [Cluster 1 - CLIENT] - INFO - Received: evaluate message ceb052d5-ea0c-4e90-aafa-98abe4bbc2e9
2025-03-30 11:54:42 - [Cluster 1 - CLIENT] - INFO - [Store 722] Evaluation - Loss: 0.2849, MAE: 0.3622
2025-03-30 11:54:42 - [Cluster 1 - CLIENT] - INFO - Sent reply
2025-03-30 11:54:42 - [Cluster 1 - CLIENT] - INFO - 
2025-03-30 11:54:42 - [Cluster 1 - CLIENT] - INFO - Received: evaluate message 56da88ca-4929-42dd-94cf-0f246e1cc054
2025-03-30 11:54:44 - [Cluster 1 - CLIENT] - INFO - [Store 545] Evaluation - Loss: 0.3125, MAE: 0.3660
2025-03-30 11:54:44 - [Cluster 1 - CLIENT] - INFO - Sent reply
2025-03-30 11:54:44 - [Cluster 1 - CLIENT] - INFO - [Store 683] Evaluation - Loss: 0.1718, MAE: 0.2489
2025-03-30 11:54:44 - [Cluster 1 - CLIENT] - INFO - Sent reply
2025-03-30 11:54:44 - [Cluster 1 - CLIENT] - INFO - [Store 826] Evaluation - Loss: 0.3407, MAE: 0.3544
2025-03-30 11:54:44 - [Cluster 1 - CLIENT] - INFO - Sent reply
2025-03-30 11:54:44 - [Cluster 1 - CLIENT] - INFO - [Store 431] Evaluation - Loss: 0.3149, MAE: 0.3510
2025-03-30 11:54:44 - [Cluster 1 - CLIENT] - INFO - Sent reply
2025-03-30 11:54:44 - [Cluster 1 - CLIENT] - INFO - [Store 665] Evaluation - Loss: 0.2283, MAE: 0.2842
2025-03-30 11:54:44 - [Cluster 1 - CLIENT] - INFO - Sent reply
2025-03-30 11:54:44 - [Cluster 1 - CLIENT] - INFO - [Store 754] Evaluation - Loss: 0.1649, MAE: 0.2529
2025-03-30 11:54:44 - [Cluster 1 - CLIENT] - INFO - [Store 905] Evaluation - Loss: 0.2571, MAE: 0.3502
2025-03-30 11:54:44 - [Cluster 1 - CLIENT] - INFO - Sent reply
2025-03-30 11:54:44 - [Cluster 1 - CLIENT] - INFO - Sent reply
2025-03-30 11:54:44 - [Cluster 1 - CLIENT] - INFO - [Store 593] Evaluation - Loss: 0.2450, MAE: 0.3194
2025-03-30 11:54:44 - [Cluster 1 - CLIENT] - INFO - [Store 679] Evaluation - Loss: 0.2055, MAE: 0.2687
2025-03-30 11:54:44 - [Cluster 1 - CLIENT] - INFO - [Store 872] Evaluation - Loss: 0.2651, MAE: 0.3249
2025-03-30 11:54:44 - [Cluster 1 - CLIENT] - INFO - Sent reply
2025-03-30 11:54:44 - [Cluster 1 - CLIENT] - INFO - [Store 150] Evaluation - Loss: 0.2285, MAE: 0.2879
2025-03-30 11:54:44 - [Cluster 1 - CLIENT] - INFO - Sent reply
2025-03-30 11:54:44 - [Cluster 1 - CLIENT] - INFO - Sent reply
2025-03-30 11:54:44 - [Cluster 1 - CLIENT] - INFO - [Store 320] Evaluation - Loss: 0.2446, MAE: 0.2883
2025-03-30 11:54:44 - [Cluster 1 - CLIENT] - INFO - Sent reply
2025-03-30 11:54:44 - [Cluster 1 - CLIENT] - INFO - Sent reply
2025-03-30 11:54:44 - [Cluster 1 - CLIENT] - INFO - [Store 928] Evaluation - Loss: 0.3002, MAE: 0.3466
2025-03-30 11:54:44 - [Cluster 1 - CLIENT] - INFO - Sent reply
2025-03-30 11:54:44 - [Cluster 1 - CLIENT] - INFO - [Store 967] Evaluation - Loss: 0.2444, MAE: 0.3019
2025-03-30 11:54:44 - [Cluster 1 - CLIENT] - INFO - [Store 211] Evaluation - Loss: 0.2550, MAE: 0.3365
2025-03-30 11:54:44 - [Cluster 1 - CLIENT] - INFO - Sent reply
2025-03-30 11:54:44 - [Cluster 1 - CLIENT] - INFO - Sent reply
2025-03-30 11:54:44 - [Cluster 1 - CLIENT] - INFO - 
2025-03-30 11:54:44 - [Cluster 1 - CLIENT] - INFO - 
2025-03-30 11:54:44 - [Cluster 1 - CLIENT] - INFO - Received: train message ee3d88ea-a3e8-4fa9-9401-dbe924d2bd6c
2025-03-30 11:54:44 - [Cluster 1 - CLIENT] - INFO - Received: train message 7d3fb03d-14ac-4fa2-8272-988feff9a63c
2025-03-30 11:54:44 - [Cluster 1 - CLIENT] - INFO - 
2025-03-30 11:54:44 - [Cluster 1 - CLIENT] - INFO - Received: train message 8ef8746e-a37d-4de9-a5d9-2792703866d1
2025-03-30 11:54:44 - [Cluster 1 - CLIENT] - INFO - 
2025-03-30 11:54:44 - [Cluster 1 - CLIENT] - INFO - Received: train message 530528a5-0c47-48d5-88fb-8941b5ceaa5e
2025-03-30 11:54:44 - [Cluster 1 - CLIENT] - INFO - 
2025-03-30 11:54:44 - [Cluster 1 - CLIENT] - INFO - Received: train message 4166a3c3-60f9-45af-8370-68d030b90936
2025-03-30 11:54:44 - [Cluster 1 - CLIENT] - INFO - 
2025-03-30 11:54:44 - [Cluster 1 - CLIENT] - INFO - 
2025-03-30 11:54:44 - [Cluster 1 - CLIENT] - INFO - Received: train message edec73f3-5ba3-42de-a956-4593b5e42f00
2025-03-30 11:54:44 - [Cluster 1 - CLIENT] - INFO - Received: train message 75aa9814-015d-435d-ab85-135f5902bf31
2025-03-30 11:54:44 - [Cluster 1 - CLIENT] - INFO - 
2025-03-30 11:54:44 - [Cluster 1 - CLIENT] - INFO - Received: train message 5e9bb692-0fcd-40d3-b5d9-61a4605e377d
2025-03-30 11:54:44 - [Cluster 1 - CLIENT] - INFO - 
2025-03-30 11:54:44 - [Cluster 1 - CLIENT] - INFO - Received: train message 05a0d52a-7c3b-4495-b396-616784092b1c
2025-03-30 11:54:44 - [Cluster 1 - CLIENT] - INFO - 
2025-03-30 11:54:44 - [Cluster 1 - CLIENT] - INFO - Received: train message df5b3ac7-516f-43e4-9080-715153178881
2025-03-30 11:54:44 - [Cluster 1 - CLIENT] - INFO - [Store 683] Starting local training.
2025-03-30 11:54:44 - [Cluster 1 - CLIENT] - INFO - 
2025-03-30 11:54:44 - [Cluster 1 - CLIENT] - INFO - Received: train message e6418847-6020-413e-bb2e-f370a71d62d6
2025-03-30 11:54:44 - [Cluster 1 - CLIENT] - INFO - 
2025-03-30 11:54:44 - [Cluster 1 - CLIENT] - INFO - 
2025-03-30 11:54:44 - [Cluster 1 - CLIENT] - INFO - Received: train message facfbb0c-ee96-48e8-8fa7-614523180f40
2025-03-30 11:54:44 - [Cluster 1 - CLIENT] - INFO - Received: train message 9bcf45cf-ba5f-4ac2-ad9a-da3265e116ed
2025-03-30 11:54:44 - [Cluster 1 - CLIENT] - INFO - [Store 211] Starting local training.
2025-03-30 11:54:44 - [Cluster 1 - CLIENT] - INFO - [Store 665] Starting local training.
2025-03-30 11:54:44 - [Cluster 1 - CLIENT] - INFO - 
2025-03-30 11:54:44 - [Cluster 1 - CLIENT] - INFO - Received: train message 0cd2d39e-7c9f-4a04-b999-d487ee81eb24
2025-03-30 11:54:44 - [Cluster 1 - CLIENT] - INFO - 
2025-03-30 11:54:44 - [Cluster 1 - CLIENT] - INFO - Received: train message 39c38356-e950-4055-8744-1b95b144712b
2025-03-30 11:54:44 - [Cluster 1 - CLIENT] - INFO - [Store 846] Starting local training.
2025-03-30 11:54:44 - [Cluster 1 - CLIENT] - INFO - [Store 754] Starting local training.
2025-03-30 11:54:44 - [Cluster 1 - CLIENT] - INFO - [Store 320] Starting local training.
2025-03-30 11:54:44 - [Cluster 1 - CLIENT] - INFO - [Store 444] Starting local training.
2025-03-30 11:54:44 - [Cluster 1 - CLIENT] - INFO - [Store 560] Starting local training.
2025-03-30 11:54:44 - [Cluster 1 - CLIENT] - INFO - [Store 245] Starting local training.
2025-03-30 11:54:44 - [Cluster 1 - CLIENT] - INFO - [Store 967] Starting local training.
2025-03-30 11:54:44 - [Cluster 1 - CLIENT] - INFO - [Store 125] Starting local training.
2025-03-30 11:54:44 - [Cluster 1 - CLIENT] - INFO - [Store 1043] Starting local training.
2025-03-30 11:54:44 - [Cluster 1 - CLIENT] - INFO - [Store 211] Starting local training.
2025-03-30 11:54:44 - [Cluster 1 - CLIENT] - INFO - [Store 150] Starting local training.
2025-03-30 11:54:44 - [Cluster 1 - CLIENT] - INFO - [Store 448] Starting local training.
2025-03-30 11:58:31 - [Cluster 1 - CLIENT] - INFO - [Store 211] Local training complete.
2025-03-30 11:58:31 - [Cluster 1 - CLIENT] - INFO - Sent reply
2025-03-30 11:58:31 - [Cluster 1 - CLIENT] - INFO - 
2025-03-30 11:58:31 - [Cluster 1 - CLIENT] - INFO - Received: train message 4eb2b453-e2f8-42eb-a989-f451908ac2ee
2025-03-30 11:58:31 - [Cluster 1 - CLIENT] - INFO - [Store 459] Starting local training.
2025-03-30 11:58:32 - [Cluster 1 - CLIENT] - INFO - [Store 1043] Local training complete.
2025-03-30 11:58:32 - [Cluster 1 - CLIENT] - INFO - [Store 665] Local training complete.
2025-03-30 11:58:32 - [Cluster 1 - CLIENT] - INFO - Sent reply
2025-03-30 11:58:32 - [Cluster 1 - CLIENT] - INFO - Sent reply
2025-03-30 11:58:32 - [Cluster 1 - CLIENT] - INFO - 
2025-03-30 11:58:32 - [Cluster 1 - CLIENT] - INFO - Received: train message b9a13323-904d-4e07-aa02-26366a832f0b
2025-03-30 11:58:32 - [Cluster 1 - CLIENT] - INFO - 
2025-03-30 11:58:32 - [Cluster 1 - CLIENT] - INFO - Received: train message b12ab706-9437-44c5-97dd-8f53d13ce9b3
2025-03-30 11:58:32 - [Cluster 1 - CLIENT] - INFO - [Store 928] Starting local training.
2025-03-30 11:58:32 - [Cluster 1 - CLIENT] - INFO - [Store 150] Local training complete.
2025-03-30 11:58:32 - [Cluster 1 - CLIENT] - INFO - Sent reply
2025-03-30 11:58:32 - [Cluster 1 - CLIENT] - INFO - 
2025-03-30 11:58:32 - [Cluster 1 - CLIENT] - INFO - Received: train message 4c011626-a8b6-419f-8ff0-6f226008dc4f
2025-03-30 11:58:32 - [Cluster 1 - CLIENT] - INFO - [Store 431] Starting local training.
2025-03-30 11:58:33 - [Cluster 1 - CLIENT] - INFO - [Store 421] Starting local training.
2025-03-30 11:58:33 - [Cluster 1 - CLIENT] - INFO - [Store 211] Local training complete.
2025-03-30 11:58:33 - [Cluster 1 - CLIENT] - INFO - Sent reply
2025-03-30 11:58:33 - [Cluster 1 - CLIENT] - INFO - 
2025-03-30 11:58:33 - [Cluster 1 - CLIENT] - INFO - Received: train message 21ba8a02-821e-445c-9b07-b12d469788cf
2025-03-30 11:58:33 - [Cluster 1 - CLIENT] - INFO - [Store 479] Starting local training.
2025-03-30 11:58:34 - [Cluster 1 - CLIENT] - INFO - [Store 245] Local training complete.
2025-03-30 11:58:34 - [Cluster 1 - CLIENT] - INFO - [Store 125] Local training complete.
2025-03-30 11:58:34 - [Cluster 1 - CLIENT] - INFO - Sent reply
2025-03-30 11:58:34 - [Cluster 1 - CLIENT] - INFO - 
2025-03-30 11:58:34 - [Cluster 1 - CLIENT] - INFO - Received: train message f9f8d9b8-d832-4d2c-8fba-63390d30f7b8
2025-03-30 11:58:34 - [Cluster 1 - CLIENT] - INFO - Sent reply
2025-03-30 11:58:34 - [Cluster 1 - CLIENT] - INFO - 
2025-03-30 11:58:34 - [Cluster 1 - CLIENT] - INFO - Received: train message 44379931-6916-4731-85a2-73c6646a94a6
2025-03-30 11:58:34 - [Cluster 1 - CLIENT] - INFO - [Store 905] Starting local training.
2025-03-30 11:58:34 - [Cluster 1 - CLIENT] - INFO - [Store 69] Starting local training.
2025-03-30 11:58:34 - [Cluster 1 - CLIENT] - INFO - [Store 683] Local training complete.
2025-03-30 11:58:34 - [Cluster 1 - CLIENT] - INFO - Sent reply
2025-03-30 11:58:34 - [Cluster 1 - CLIENT] - INFO - 
2025-03-30 11:58:34 - [Cluster 1 - CLIENT] - INFO - Received: train message f30cf1d2-5d90-48b3-bec8-950e89df28c0
2025-03-30 11:58:34 - [Cluster 1 - CLIENT] - INFO - [Store 545] Starting local training.
2025-03-30 11:58:35 - [Cluster 1 - CLIENT] - INFO - [Store 560] Local training complete.
2025-03-30 11:58:35 - [Cluster 1 - CLIENT] - INFO - Sent reply
2025-03-30 11:58:35 - [Cluster 1 - CLIENT] - INFO - 
2025-03-30 11:58:35 - [Cluster 1 - CLIENT] - INFO - Received: train message b00dd5de-38d3-4dd2-8c0d-0d254e3d4b39
2025-03-30 11:58:35 - [Cluster 1 - CLIENT] - INFO - [Store 1112] Starting local training.
2025-03-30 11:58:36 - [Cluster 1 - CLIENT] - INFO - [Store 754] Local training complete.
2025-03-30 11:58:36 - [Cluster 1 - CLIENT] - INFO - Sent reply
2025-03-30 11:58:36 - [Cluster 1 - CLIENT] - INFO - 
2025-03-30 11:58:36 - [Cluster 1 - CLIENT] - INFO - Received: train message 8a7efc28-d70f-4166-ae47-4ca6c51b0355
2025-03-30 11:58:36 - [Cluster 1 - CLIENT] - INFO - [Store 826] Starting local training.
2025-03-30 11:58:36 - [Cluster 1 - CLIENT] - INFO - [Store 320] Local training complete.
2025-03-30 11:58:36 - [Cluster 1 - CLIENT] - INFO - Sent reply
2025-03-30 11:58:36 - [Cluster 1 - CLIENT] - INFO - 
2025-03-30 11:58:36 - [Cluster 1 - CLIENT] - INFO - Received: train message 80e030b4-5c64-4724-a6c8-7e8dd2d66fbf
2025-03-30 11:58:36 - [Cluster 1 - CLIENT] - INFO - [Store 846] Local training complete.
2025-03-30 11:58:36 - [Cluster 1 - CLIENT] - INFO - Sent reply
2025-03-30 11:58:36 - [Cluster 1 - CLIENT] - INFO - 
2025-03-30 11:58:36 - [Cluster 1 - CLIENT] - INFO - Received: train message 1e346ba2-d01a-4375-ac59-f3a3cc0ecdfc
2025-03-30 11:58:36 - [Cluster 1 - CLIENT] - INFO - [Store 593] Starting local training.
2025-03-30 11:58:36 - [Cluster 1 - CLIENT] - INFO - [Store 147] Starting local training.
2025-03-30 11:58:36 - [Cluster 1 - CLIENT] - INFO - [Store 444] Local training complete.
2025-03-30 11:58:37 - [Cluster 1 - CLIENT] - INFO - Sent reply
2025-03-30 11:58:37 - [Cluster 1 - CLIENT] - INFO - 
2025-03-30 11:58:37 - [Cluster 1 - CLIENT] - INFO - Received: train message 540eb5a9-0433-41bf-b6e3-6be18a78d7b9
2025-03-30 11:58:37 - [Cluster 1 - CLIENT] - INFO - [Store 872] Starting local training.
2025-03-30 11:58:37 - [Cluster 1 - CLIENT] - INFO - [Store 448] Local training complete.
2025-03-30 11:58:37 - [Cluster 1 - CLIENT] - INFO - Sent reply
2025-03-30 11:58:37 - [Cluster 1 - CLIENT] - INFO - 
2025-03-30 11:58:37 - [Cluster 1 - CLIENT] - INFO - Received: train message c487dc1a-3ea2-4af2-aae9-5e4d850cccee
2025-03-30 11:58:37 - [Cluster 1 - CLIENT] - INFO - [Store 679] Starting local training.
2025-03-30 11:58:38 - [Cluster 1 - CLIENT] - INFO - [Store 967] Local training complete.
2025-03-30 11:58:38 - [Cluster 1 - CLIENT] - INFO - Sent reply
2025-03-30 11:58:38 - [Cluster 1 - CLIENT] - INFO - 
2025-03-30 11:58:38 - [Cluster 1 - CLIENT] - INFO - Received: train message c21e9942-2c58-467b-accb-0229261c9937
2025-03-30 11:58:38 - [Cluster 1 - CLIENT] - INFO - [Store 722] Starting local training.
2025-03-30 12:02:23 - [Cluster 1 - CLIENT] - INFO - [Store 69] Local training complete.
2025-03-30 12:02:23 - [Cluster 1 - CLIENT] - INFO - Sent reply
2025-03-30 12:02:23 - [Cluster 1 - CLIENT] - INFO - [Store 928] Local training complete.
2025-03-30 12:02:23 - [Cluster 1 - CLIENT] - INFO - Sent reply
2025-03-30 12:02:27 - [Cluster 1 - CLIENT] - INFO - [Store 1112] Local training complete.
2025-03-30 12:02:27 - [Cluster 1 - CLIENT] - INFO - Sent reply
2025-03-30 12:02:28 - [Cluster 1 - CLIENT] - INFO - [Store 905] Local training complete.
2025-03-30 12:02:28 - [Cluster 1 - CLIENT] - INFO - Sent reply
2025-03-30 12:02:28 - [Cluster 1 - CLIENT] - INFO - [Store 826] Local training complete.
2025-03-30 12:02:28 - [Cluster 1 - CLIENT] - INFO - [Store 431] Local training complete.
2025-03-30 12:02:28 - [Cluster 1 - CLIENT] - INFO - Sent reply
2025-03-30 12:02:28 - [Cluster 1 - CLIENT] - INFO - Sent reply
2025-03-30 12:02:28 - [Cluster 1 - CLIENT] - INFO - [Store 459] Local training complete.
2025-03-30 12:02:28 - [Cluster 1 - CLIENT] - INFO - Sent reply
2025-03-30 12:02:28 - [Cluster 1 - CLIENT] - INFO - [Store 421] Local training complete.
2025-03-30 12:02:28 - [Cluster 1 - CLIENT] - INFO - [Store 545] Local training complete.
2025-03-30 12:02:28 - [Cluster 1 - CLIENT] - INFO - Sent reply
2025-03-30 12:02:28 - [Cluster 1 - CLIENT] - INFO - [Store 147] Local training complete.
2025-03-30 12:02:28 - [Cluster 1 - CLIENT] - INFO - [Store 722] Local training complete.
2025-03-30 12:02:28 - [Cluster 1 - CLIENT] - INFO - Sent reply
2025-03-30 12:02:28 - [Cluster 1 - CLIENT] - INFO - Sent reply
2025-03-30 12:02:28 - [Cluster 1 - CLIENT] - INFO - Sent reply
2025-03-30 12:02:29 - [Cluster 1 - CLIENT] - INFO - [Store 679] Local training complete.
2025-03-30 12:02:29 - [Cluster 1 - CLIENT] - INFO - [Store 593] Local training complete.
2025-03-30 12:02:29 - [Cluster 1 - CLIENT] - INFO - Sent reply
2025-03-30 12:02:29 - [Cluster 1 - CLIENT] - INFO - Sent reply
2025-03-30 12:02:31 - [Cluster 1 - CLIENT] - INFO - [Store 479] Local training complete.
2025-03-30 12:02:31 - [Cluster 1 - CLIENT] - INFO - Sent reply
2025-03-30 12:02:31 - [Cluster 1 - CLIENT] - INFO - [Store 872] Local training complete.
2025-03-30 12:02:31 - [Cluster 1 - CLIENT] - INFO - Sent reply
2025-03-30 12:02:31 - [Cluster 1 - CLIENT] - INFO - 
2025-03-30 12:02:31 - [Cluster 1 - CLIENT] - INFO - Received: evaluate message feeb9bdf-806e-4267-b1c4-d48a84e05247
2025-03-30 12:02:31 - [Cluster 1 - CLIENT] - INFO - 
2025-03-30 12:02:31 - [Cluster 1 - CLIENT] - INFO - Received: evaluate message ccf2840c-e682-434f-bead-4749d8ef03d8
2025-03-30 12:02:31 - [Cluster 1 - CLIENT] - INFO - 
2025-03-30 12:02:31 - [Cluster 1 - CLIENT] - INFO - Received: evaluate message 348271b9-5560-4458-908f-44aa242d18b1
2025-03-30 12:02:31 - [Cluster 1 - CLIENT] - INFO - 
2025-03-30 12:02:31 - [Cluster 1 - CLIENT] - INFO - Received: evaluate message 04ec002d-ba69-418e-a7c8-3a3c82eb9bda
2025-03-30 12:02:31 - [Cluster 1 - CLIENT] - INFO - 
2025-03-30 12:02:31 - [Cluster 1 - CLIENT] - INFO - Received: evaluate message 30f0114f-2566-4985-aa09-7bb47c36ddef
2025-03-30 12:02:31 - [Cluster 1 - CLIENT] - INFO - 
2025-03-30 12:02:31 - [Cluster 1 - CLIENT] - INFO - Received: evaluate message f7554884-fb97-4c71-8fb3-1556e165cabe
2025-03-30 12:02:31 - [Cluster 1 - CLIENT] - INFO - 
2025-03-30 12:02:31 - [Cluster 1 - CLIENT] - INFO - Received: evaluate message 9e749807-1e30-4f33-a786-197b5385801c
2025-03-30 12:02:31 - [Cluster 1 - CLIENT] - INFO - 
2025-03-30 12:02:31 - [Cluster 1 - CLIENT] - INFO - Received: evaluate message 732fb724-4a82-46b7-8d5d-5eccbc2df459
2025-03-30 12:02:31 - [Cluster 1 - CLIENT] - INFO - 
2025-03-30 12:02:31 - [Cluster 1 - CLIENT] - INFO - Received: evaluate message e2dcf403-5ba4-48b9-8911-7d9715ea5919
2025-03-30 12:02:31 - [Cluster 1 - CLIENT] - INFO - 
2025-03-30 12:02:31 - [Cluster 1 - CLIENT] - INFO - Received: evaluate message 1e4c886b-5f1f-44c2-962f-d93f9f2eedff
2025-03-30 12:02:31 - [Cluster 1 - CLIENT] - INFO - 
2025-03-30 12:02:31 - [Cluster 1 - CLIENT] - INFO - Received: evaluate message b45e8ba3-42d2-40eb-b979-d0359405b77e
2025-03-30 12:02:31 - [Cluster 1 - CLIENT] - INFO - 
2025-03-30 12:02:31 - [Cluster 1 - CLIENT] - INFO - 
2025-03-30 12:02:31 - [Cluster 1 - CLIENT] - INFO - Received: evaluate message 603c6079-a598-4189-9040-3c16cce912b1
2025-03-30 12:02:31 - [Cluster 1 - CLIENT] - INFO - Received: evaluate message db4a8381-e171-453d-be8c-212f84d22759
2025-03-30 12:02:31 - [Cluster 1 - CLIENT] - INFO - 
2025-03-30 12:02:31 - [Cluster 1 - CLIENT] - INFO - Received: evaluate message d77c63aa-9cb1-4855-9bf7-f613acb5697e
2025-03-30 12:02:31 - [Cluster 1 - CLIENT] - INFO - 
2025-03-30 12:02:31 - [Cluster 1 - CLIENT] - INFO - Received: evaluate message 27248559-e9fc-41bf-a679-bd00b5923d57
2025-03-30 12:02:32 - [Cluster 1 - CLIENT] - INFO - [Store 147] Evaluation - Loss: 0.2452, MAE: 0.3012
2025-03-30 12:02:32 - [Cluster 1 - CLIENT] - INFO - Sent reply
2025-03-30 12:02:32 - [Cluster 1 - CLIENT] - INFO - [Store 928] Evaluation - Loss: 0.2943, MAE: 0.3467
2025-03-30 12:02:32 - [Cluster 1 - CLIENT] - INFO - Sent reply
2025-03-30 12:02:32 - [Cluster 1 - CLIENT] - INFO - [Store 1112] Evaluation - Loss: 0.2087, MAE: 0.3120
2025-03-30 12:02:32 - [Cluster 1 - CLIENT] - INFO - Sent reply
2025-03-30 12:02:32 - [Cluster 1 - CLIENT] - INFO - [Store 722] Evaluation - Loss: 0.2984, MAE: 0.3864
2025-03-30 12:02:32 - [Cluster 1 - CLIENT] - INFO - Sent reply
2025-03-30 12:02:32 - [Cluster 1 - CLIENT] - INFO - 
2025-03-30 12:02:32 - [Cluster 1 - CLIENT] - INFO - Received: evaluate message d3b88e97-e1fd-41eb-9ca8-00cff0c9c205
2025-03-30 12:02:32 - [Cluster 1 - CLIENT] - INFO - 
2025-03-30 12:02:32 - [Cluster 1 - CLIENT] - INFO - Received: evaluate message 5d74939d-a4f6-4fa8-b9ee-6841e640da66
2025-03-30 12:02:32 - [Cluster 1 - CLIENT] - INFO - 
2025-03-30 12:02:32 - [Cluster 1 - CLIENT] - INFO - Received: evaluate message cdc5dfc3-42ab-4f1c-b1f0-77046ba50fed
2025-03-30 12:02:32 - [Cluster 1 - CLIENT] - INFO - 
2025-03-30 12:02:32 - [Cluster 1 - CLIENT] - INFO - Received: evaluate message c7463a9d-e135-4918-838d-f5c431804013
2025-03-30 12:02:32 - [Cluster 1 - CLIENT] - INFO - [Store 593] Evaluation - Loss: 0.2429, MAE: 0.3263
2025-03-30 12:02:32 - [Cluster 1 - CLIENT] - INFO - Sent reply
2025-03-30 12:02:32 - [Cluster 1 - CLIENT] - INFO - [Store 872] Evaluation - Loss: 0.2877, MAE: 0.3513
2025-03-30 12:02:32 - [Cluster 1 - CLIENT] - INFO - Sent reply
2025-03-30 12:02:32 - [Cluster 1 - CLIENT] - INFO - [Store 431] Evaluation - Loss: 0.3117, MAE: 0.3596
2025-03-30 12:02:32 - [Cluster 1 - CLIENT] - INFO - Sent reply
2025-03-30 12:02:32 - [Cluster 1 - CLIENT] - INFO - [Store 545] Evaluation - Loss: 0.3040, MAE: 0.3658
2025-03-30 12:02:32 - [Cluster 1 - CLIENT] - INFO - Sent reply
2025-03-30 12:02:33 - [Cluster 1 - CLIENT] - INFO - 
2025-03-30 12:02:33 - [Cluster 1 - CLIENT] - INFO - Received: evaluate message 14ba6830-8566-4b98-a036-1d4dbc489879
2025-03-30 12:02:33 - [Cluster 1 - CLIENT] - INFO - [Store 679] Evaluation - Loss: 0.1990, MAE: 0.2762
2025-03-30 12:02:33 - [Cluster 1 - CLIENT] - INFO - Sent reply
2025-03-30 12:02:33 - [Cluster 1 - CLIENT] - INFO - 
2025-03-30 12:02:33 - [Cluster 1 - CLIENT] - INFO - 
2025-03-30 12:02:33 - [Cluster 1 - CLIENT] - INFO - [Store 826] Evaluation - Loss: 0.3359, MAE: 0.3531
2025-03-30 12:02:33 - [Cluster 1 - CLIENT] - INFO - Received: evaluate message b0839713-d8a2-4cfe-9e20-eef78ee6a82e
2025-03-30 12:02:33 - [Cluster 1 - CLIENT] - INFO - Sent reply
2025-03-30 12:02:33 - [Cluster 1 - CLIENT] - INFO - Received: evaluate message 45750d97-c536-480c-b791-205cba9e9161
2025-03-30 12:02:33 - [Cluster 1 - CLIENT] - INFO - 
2025-03-30 12:02:33 - [Cluster 1 - CLIENT] - INFO - 
2025-03-30 12:02:33 - [Cluster 1 - CLIENT] - INFO - Received: evaluate message 3febe942-afdd-43fa-839f-c78b21febb4a
2025-03-30 12:02:33 - [Cluster 1 - CLIENT] - INFO - Received: evaluate message 1cee07f2-f284-4731-b702-2f65d1caa86a
2025-03-30 12:02:33 - [Cluster 1 - CLIENT] - INFO - 
2025-03-30 12:02:33 - [Cluster 1 - CLIENT] - INFO - Received: evaluate message 53e3fd00-f170-4dc4-ac33-85a1eb2efc1e
2025-03-30 12:02:33 - [Cluster 1 - CLIENT] - INFO - [Store 665] Evaluation - Loss: 0.2219, MAE: 0.2818
2025-03-30 12:02:33 - [Cluster 1 - CLIENT] - INFO - Sent reply
2025-03-30 12:02:33 - [Cluster 1 - CLIENT] - INFO - 
2025-03-30 12:02:33 - [Cluster 1 - CLIENT] - INFO - Received: evaluate message bbfd6827-529d-4805-93d8-18da290ea624
2025-03-30 12:02:33 - [Cluster 1 - CLIENT] - INFO - [Store 150] Evaluation - Loss: 0.2227, MAE: 0.2908
2025-03-30 12:02:33 - [Cluster 1 - CLIENT] - INFO - Sent reply
2025-03-30 12:02:33 - [Cluster 1 - CLIENT] - INFO - 
2025-03-30 12:02:33 - [Cluster 1 - CLIENT] - INFO - Received: evaluate message 7a75be35-e18a-4ba4-8555-c85c54f53f09
2025-03-30 12:02:33 - [Cluster 1 - CLIENT] - INFO - [Store 1043] Evaluation - Loss: 0.2033, MAE: 0.3075
2025-03-30 12:02:33 - [Cluster 1 - CLIENT] - INFO - Sent reply
2025-03-30 12:02:33 - [Cluster 1 - CLIENT] - INFO - 
2025-03-30 12:02:33 - [Cluster 1 - CLIENT] - INFO - Received: evaluate message b119d55b-7ba7-469c-88a1-911b334cc2dd
2025-03-30 12:02:33 - [Cluster 1 - CLIENT] - INFO - [Store 754] Evaluation - Loss: 0.1710, MAE: 0.2635
2025-03-30 12:02:33 - [Cluster 1 - CLIENT] - INFO - [Store 125] Evaluation - Loss: 0.2654, MAE: 0.3325
2025-03-30 12:02:33 - [Cluster 1 - CLIENT] - INFO - Sent reply
2025-03-30 12:02:33 - [Cluster 1 - CLIENT] - INFO - Sent reply
2025-03-30 12:02:33 - [Cluster 1 - CLIENT] - INFO - 
2025-03-30 12:02:33 - [Cluster 1 - CLIENT] - INFO - Received: evaluate message e98bad6b-fcdd-42f2-9812-55edd8d53d07
2025-03-30 12:02:33 - [Cluster 1 - CLIENT] - INFO - 
2025-03-30 12:02:33 - [Cluster 1 - CLIENT] - INFO - Received: evaluate message e1f21f8b-f16d-487a-8dd6-8072a79be92c
2025-03-30 12:02:34 - [Cluster 1 - CLIENT] - INFO - [Store 211] Evaluation - Loss: 0.2435, MAE: 0.3297
2025-03-30 12:02:34 - [Cluster 1 - CLIENT] - INFO - Sent reply
2025-03-30 12:02:34 - [Cluster 1 - CLIENT] - INFO - [Store 459] Evaluation - Loss: 0.1997, MAE: 0.2825
2025-03-30 12:02:34 - [Cluster 1 - CLIENT] - INFO - Sent reply
2025-03-30 12:02:34 - [Cluster 1 - CLIENT] - INFO - [Store 211] Evaluation - Loss: 0.2435, MAE: 0.3297
2025-03-30 12:02:34 - [Cluster 1 - CLIENT] - INFO - Sent reply
2025-03-30 12:02:34 - [Cluster 1 - CLIENT] - INFO - [Store 479] Evaluation - Loss: 0.2075, MAE: 0.2767
2025-03-30 12:02:34 - [Cluster 1 - CLIENT] - INFO - Sent reply
2025-03-30 12:02:34 - [Cluster 1 - CLIENT] - INFO - [Store 560] Evaluation - Loss: 0.2384, MAE: 0.3089
2025-03-30 12:02:34 - [Cluster 1 - CLIENT] - INFO - Sent reply
2025-03-30 12:02:34 - [Cluster 1 - CLIENT] - INFO - [Store 967] Evaluation - Loss: 0.2486, MAE: 0.3118
2025-03-30 12:02:34 - [Cluster 1 - CLIENT] - INFO - Sent reply
2025-03-30 12:02:34 - [Cluster 1 - CLIENT] - INFO - [Store 448] Evaluation - Loss: 0.2525, MAE: 0.3183
2025-03-30 12:02:34 - [Cluster 1 - CLIENT] - INFO - Sent reply
2025-03-30 12:02:34 - [Cluster 1 - CLIENT] - INFO - [Store 320] Evaluation - Loss: 0.2425, MAE: 0.2972
2025-03-30 12:02:34 - [Cluster 1 - CLIENT] - INFO - Sent reply
2025-03-30 12:02:34 - [Cluster 1 - CLIENT] - INFO - [Store 683] Evaluation - Loss: 0.1769, MAE: 0.2621
2025-03-30 12:02:34 - [Cluster 1 - CLIENT] - INFO - Sent reply
2025-03-30 12:02:34 - [Cluster 1 - CLIENT] - INFO - [Store 846] Evaluation - Loss: 0.2519, MAE: 0.3200
2025-03-30 12:02:34 - [Cluster 1 - CLIENT] - INFO - Sent reply
2025-03-30 12:02:34 - [Cluster 1 - CLIENT] - INFO - [Store 245] Evaluation - Loss: 0.3033, MAE: 0.3578
2025-03-30 12:02:34 - [Cluster 1 - CLIENT] - INFO - Sent reply
2025-03-30 12:02:34 - [Cluster 1 - CLIENT] - INFO - [Store 444] Evaluation - Loss: 0.2810, MAE: 0.3891
2025-03-30 12:02:34 - [Cluster 1 - CLIENT] - INFO - Sent reply
2025-03-30 12:02:34 - [Cluster 1 - CLIENT] - INFO - [Store 69] Evaluation - Loss: 0.2116, MAE: 0.2719
2025-03-30 12:02:34 - [Cluster 1 - CLIENT] - INFO - Sent reply
2025-03-30 12:02:34 - [Cluster 1 - CLIENT] - INFO - [Store 905] Evaluation - Loss: 0.3046, MAE: 0.4015
2025-03-30 12:02:34 - [Cluster 1 - CLIENT] - INFO - Sent reply
2025-03-30 12:02:34 - [Cluster 1 - CLIENT] - INFO - [Store 421] Evaluation - Loss: 0.3723, MAE: 0.4350
2025-03-30 12:02:34 - [Cluster 1 - CLIENT] - INFO - Sent reply
2025-03-30 12:02:34 - [Cluster 1 - CLIENT] - INFO - 
2025-03-30 12:02:34 - [Cluster 1 - CLIENT] - INFO - Received: train message 9801d104-dba8-44c8-a2d2-7b1130d720ab
2025-03-30 12:02:34 - [Cluster 1 - CLIENT] - INFO - 
2025-03-30 12:02:34 - [Cluster 1 - CLIENT] - INFO - Received: train message edbe80c4-3a5d-40e9-9b29-65edb0eee183
2025-03-30 12:02:34 - [Cluster 1 - CLIENT] - INFO - 
2025-03-30 12:02:34 - [Cluster 1 - CLIENT] - INFO - 
2025-03-30 12:02:34 - [Cluster 1 - CLIENT] - INFO - Received: train message 0eaa48cd-e3f8-4c2d-b7df-a8a576b22166
2025-03-30 12:02:34 - [Cluster 1 - CLIENT] - INFO - Received: train message dc966517-6a1f-42e3-8d2d-dc14502cd456
2025-03-30 12:02:34 - [Cluster 1 - CLIENT] - INFO - 
2025-03-30 12:02:34 - [Cluster 1 - CLIENT] - INFO - 
2025-03-30 12:02:34 - [Cluster 1 - CLIENT] - INFO - Received: train message f9dbb6dd-b17d-4ea5-af0e-40ee74145c87
2025-03-30 12:02:34 - [Cluster 1 - CLIENT] - INFO - Received: train message 2ea2a43f-0b1f-47fc-a813-0f8353795e4c
2025-03-30 12:02:34 - [Cluster 1 - CLIENT] - INFO - 
2025-03-30 12:02:34 - [Cluster 1 - CLIENT] - INFO - Received: train message 6762b870-c352-4646-99f9-33678a8b8a5f
2025-03-30 12:02:34 - [Cluster 1 - CLIENT] - INFO - 
2025-03-30 12:02:34 - [Cluster 1 - CLIENT] - INFO - Received: train message 703c3380-89b3-4e31-86fd-8b8d489a3b95
2025-03-30 12:02:34 - [Cluster 1 - CLIENT] - INFO - [Store 125] Starting local training.
2025-03-30 12:02:34 - [Cluster 1 - CLIENT] - INFO - 
2025-03-30 12:02:34 - [Cluster 1 - CLIENT] - INFO - Received: train message da53eb17-06b4-449f-bbd3-dba15f6ff49f
2025-03-30 12:02:34 - [Cluster 1 - CLIENT] - INFO - 
2025-03-30 12:02:34 - [Cluster 1 - CLIENT] - INFO - Received: train message f98d49cd-bb40-4139-8a7e-a532d48f29ea
2025-03-30 12:02:34 - [Cluster 1 - CLIENT] - INFO - [Store 846] Starting local training.
2025-03-30 12:02:34 - [Cluster 1 - CLIENT] - INFO - 
2025-03-30 12:02:34 - [Cluster 1 - CLIENT] - INFO - Received: train message 7e5a44e6-d491-4290-93a1-69f8ae8db80f
2025-03-30 12:02:34 - [Cluster 1 - CLIENT] - INFO - 
2025-03-30 12:02:34 - [Cluster 1 - CLIENT] - INFO - Received: train message c6377d5e-3f98-4877-9b8e-428020eac6f1
2025-03-30 12:02:34 - [Cluster 1 - CLIENT] - INFO - [Store 683] Starting local training.
2025-03-30 12:02:34 - [Cluster 1 - CLIENT] - INFO - 
2025-03-30 12:02:34 - [Cluster 1 - CLIENT] - INFO - Received: train message d113b23e-da0c-4828-877a-d73d11ea8bc6
2025-03-30 12:02:34 - [Cluster 1 - CLIENT] - INFO - 
2025-03-30 12:02:34 - [Cluster 1 - CLIENT] - INFO - Received: train message d3541246-4977-44a0-b2c7-39d87d43fd63
2025-03-30 12:02:34 - [Cluster 1 - CLIENT] - INFO - 
2025-03-30 12:02:34 - [Cluster 1 - CLIENT] - INFO - Received: train message 4d499190-bc0c-445e-acf7-0ab8b6652dce
2025-03-30 12:02:34 - [Cluster 1 - CLIENT] - INFO - [Store 421] Starting local training.
2025-03-30 12:02:34 - [Cluster 1 - CLIENT] - INFO - [Store 431] Starting local training.
2025-03-30 12:02:34 - [Cluster 1 - CLIENT] - INFO - [Store 479] Starting local training.
2025-03-30 12:02:34 - [Cluster 1 - CLIENT] - INFO - [Store 211] Starting local training.
2025-03-30 12:02:34 - [Cluster 1 - CLIENT] - INFO - [Store 1043] Starting local training.
2025-03-30 12:02:34 - [Cluster 1 - CLIENT] - INFO - [Store 754] Starting local training.
2025-03-30 12:02:35 - [Cluster 1 - CLIENT] - INFO - [Store 444] Starting local training.
2025-03-30 12:02:35 - [Cluster 1 - CLIENT] - INFO - [Store 150] Starting local training.
2025-03-30 12:02:35 - [Cluster 1 - CLIENT] - INFO - [Store 679] Starting local training.
2025-03-30 12:02:35 - [Cluster 1 - CLIENT] - INFO - [Store 1112] Starting local training.
2025-03-30 12:02:35 - [Cluster 1 - CLIENT] - INFO - [Store 147] Starting local training.
2025-03-30 12:02:35 - [Cluster 1 - CLIENT] - INFO - [Store 593] Starting local training.
2025-03-30 12:06:21 - [Cluster 1 - CLIENT] - INFO - [Store 150] Local training complete.
2025-03-30 12:06:21 - [Cluster 1 - CLIENT] - INFO - Sent reply
2025-03-30 12:06:21 - [Cluster 1 - CLIENT] - INFO - 
2025-03-30 12:06:21 - [Cluster 1 - CLIENT] - INFO - Received: train message 9e52a7f2-8602-4d8e-a6ec-89294bf50b01
2025-03-30 12:06:21 - [Cluster 1 - CLIENT] - INFO - [Store 967] Starting local training.
2025-03-30 12:06:21 - [Cluster 1 - CLIENT] - INFO - [Store 421] Local training complete.
2025-03-30 12:06:21 - [Cluster 1 - CLIENT] - INFO - Sent reply
2025-03-30 12:06:21 - [Cluster 1 - CLIENT] - INFO - 
2025-03-30 12:06:21 - [Cluster 1 - CLIENT] - INFO - Received: train message f5d5177f-6d7d-49c4-8fac-5ae0ced34437
2025-03-30 12:06:21 - [Cluster 1 - CLIENT] - INFO - [Store 928] Starting local training.
2025-03-30 12:06:22 - [Cluster 1 - CLIENT] - INFO - [Store 479] Local training complete.
2025-03-30 12:06:22 - [Cluster 1 - CLIENT] - INFO - Sent reply
2025-03-30 12:06:22 - [Cluster 1 - CLIENT] - INFO - 
2025-03-30 12:06:22 - [Cluster 1 - CLIENT] - INFO - Received: train message a43964ee-b14e-4203-a31e-6a1e7c9110b2
2025-03-30 12:06:22 - [Cluster 1 - CLIENT] - INFO - [Store 245] Starting local training.
2025-03-30 12:06:24 - [Cluster 1 - CLIENT] - INFO - [Store 431] Local training complete.
2025-03-30 12:06:24 - [Cluster 1 - CLIENT] - INFO - Sent reply
2025-03-30 12:06:24 - [Cluster 1 - CLIENT] - INFO - 
2025-03-30 12:06:24 - [Cluster 1 - CLIENT] - INFO - Received: train message 7fa3f296-4e71-41d6-8aec-bda1f646024b
2025-03-30 12:06:24 - [Cluster 1 - CLIENT] - INFO - [Store 905] Starting local training.
2025-03-30 12:06:25 - [Cluster 1 - CLIENT] - INFO - [Store 1043] Local training complete.
2025-03-30 12:06:25 - [Cluster 1 - CLIENT] - INFO - [Store 754] Local training complete.
2025-03-30 12:06:25 - [Cluster 1 - CLIENT] - INFO - [Store 444] Local training complete.
2025-03-30 12:06:25 - [Cluster 1 - CLIENT] - INFO - Sent reply
2025-03-30 12:06:25 - [Cluster 1 - CLIENT] - INFO - 
2025-03-30 12:06:25 - [Cluster 1 - CLIENT] - INFO - Received: train message 5d63e139-8f1c-4ca3-8534-71d98abd58f6
2025-03-30 12:06:25 - [Cluster 1 - CLIENT] - INFO - Sent reply
2025-03-30 12:06:25 - [Cluster 1 - CLIENT] - INFO - [Store 722] Starting local training.
2025-03-30 12:06:25 - [Cluster 1 - CLIENT] - INFO - 
2025-03-30 12:06:25 - [Cluster 1 - CLIENT] - INFO - Received: train message ec592842-8fa8-4804-ae1a-87e235caaf5d
2025-03-30 12:06:25 - [Cluster 1 - CLIENT] - INFO - [Store 211] Starting local training.
2025-03-30 12:06:25 - [Cluster 1 - CLIENT] - INFO - [Store 125] Local training complete.
2025-03-30 12:06:25 - [Cluster 1 - CLIENT] - INFO - [Store 211] Local training complete.
2025-03-30 12:06:25 - [Cluster 1 - CLIENT] - INFO - Sent reply
2025-03-30 12:06:25 - [Cluster 1 - CLIENT] - INFO - 
2025-03-30 12:06:25 - [Cluster 1 - CLIENT] - INFO - Received: train message fd833e58-b110-48ac-bc7c-1dd20251613f
2025-03-30 12:06:25 - [Cluster 1 - CLIENT] - INFO - Sent reply
2025-03-30 12:06:25 - [Cluster 1 - CLIENT] - INFO - Sent reply
2025-03-30 12:06:25 - [Cluster 1 - CLIENT] - INFO - 
2025-03-30 12:06:25 - [Cluster 1 - CLIENT] - INFO - Received: train message 5b65cbe9-2cd2-4f8e-a66a-ccc69d011f06
2025-03-30 12:06:25 - [Cluster 1 - CLIENT] - INFO - [Store 69] Starting local training.
2025-03-30 12:06:25 - [Cluster 1 - CLIENT] - INFO - 
2025-03-30 12:06:25 - [Cluster 1 - CLIENT] - INFO - Received: train message 4d3bb709-cc78-417c-a4ef-d7b171b2cfff
2025-03-30 12:06:25 - [Cluster 1 - CLIENT] - INFO - [Store 560] Starting local training.
2025-03-30 12:06:25 - [Cluster 1 - CLIENT] - INFO - [Store 459] Starting local training.
2025-03-30 12:06:25 - [Cluster 1 - CLIENT] - INFO - [Store 1112] Local training complete.
2025-03-30 12:06:26 - [Cluster 1 - CLIENT] - INFO - Sent reply
2025-03-30 12:06:26 - [Cluster 1 - CLIENT] - INFO - 
2025-03-30 12:06:26 - [Cluster 1 - CLIENT] - INFO - Received: train message a5a96adf-1565-4b1e-9447-f0892cf460a7
2025-03-30 12:06:26 - [Cluster 1 - CLIENT] - INFO - [Store 593] Local training complete.
2025-03-30 12:06:26 - [Cluster 1 - CLIENT] - INFO - [Store 826] Starting local training.
2025-03-30 12:06:26 - [Cluster 1 - CLIENT] - INFO - Sent reply
2025-03-30 12:06:26 - [Cluster 1 - CLIENT] - INFO - 
2025-03-30 12:06:26 - [Cluster 1 - CLIENT] - INFO - Received: train message 42d912e7-c7de-4166-9eb6-884034affda0
2025-03-30 12:06:26 - [Cluster 1 - CLIENT] - INFO - [Store 872] Starting local training.
2025-03-30 12:06:26 - [Cluster 1 - CLIENT] - INFO - [Store 147] Local training complete.
2025-03-30 12:06:26 - [Cluster 1 - CLIENT] - INFO - Sent reply
2025-03-30 12:06:26 - [Cluster 1 - CLIENT] - INFO - 
2025-03-30 12:06:26 - [Cluster 1 - CLIENT] - INFO - Received: train message 1386a289-3a5c-4a4c-b787-fb999bd01e59
2025-03-30 12:06:27 - [Cluster 1 - CLIENT] - INFO - [Store 545] Starting local training.
2025-03-30 12:06:27 - [Cluster 1 - CLIENT] - INFO - [Store 679] Local training complete.
2025-03-30 12:06:27 - [Cluster 1 - CLIENT] - INFO - Sent reply
2025-03-30 12:06:27 - [Cluster 1 - CLIENT] - INFO - 
2025-03-30 12:06:27 - [Cluster 1 - CLIENT] - INFO - Received: train message 0df5bc2c-f506-4161-bfa8-5f4560e79f41
2025-03-30 12:06:27 - [Cluster 1 - CLIENT] - INFO - [Store 320] Starting local training.
2025-03-30 12:06:28 - [Cluster 1 - CLIENT] - INFO - [Store 846] Local training complete.
2025-03-30 12:06:28 - [Cluster 1 - CLIENT] - INFO - Sent reply
2025-03-30 12:06:28 - [Cluster 1 - CLIENT] - INFO - 
2025-03-30 12:06:28 - [Cluster 1 - CLIENT] - INFO - Received: train message 9dd60089-0906-403d-b456-6c5b83d56149
2025-03-30 12:06:28 - [Cluster 1 - CLIENT] - INFO - [Store 665] Starting local training.
2025-03-30 12:06:47 - [Cluster 1 - CLIENT] - INFO - [Store 683] Local training complete.
2025-03-30 12:06:47 - [Cluster 1 - CLIENT] - INFO - Sent reply
2025-03-30 12:06:47 - [Cluster 1 - CLIENT] - INFO - 
2025-03-30 12:06:47 - [Cluster 1 - CLIENT] - INFO - Received: train message e8920d76-b707-41ce-97af-d321b410a60b
2025-03-30 12:06:47 - [Cluster 1 - CLIENT] - INFO - [Store 448] Starting local training.
2025-03-30 12:10:24 - [Cluster 1 - CLIENT] - INFO - [Store 211] Local training complete.
2025-03-30 12:10:25 - [Cluster 1 - CLIENT] - INFO - Sent reply
2025-03-30 12:10:27 - [Cluster 1 - CLIENT] - INFO - [Store 967] Local training complete.
2025-03-30 12:10:27 - [Cluster 1 - CLIENT] - INFO - [Store 722] Local training complete.
2025-03-30 12:10:27 - [Cluster 1 - CLIENT] - INFO - Sent reply
2025-03-30 12:10:27 - [Cluster 1 - CLIENT] - INFO - Sent reply
2025-03-30 12:10:29 - [Cluster 1 - CLIENT] - INFO - [Store 928] Local training complete.
2025-03-30 12:10:29 - [Cluster 1 - CLIENT] - INFO - [Store 69] Local training complete.
2025-03-30 12:10:29 - [Cluster 1 - CLIENT] - INFO - Sent reply
2025-03-30 12:10:30 - [Cluster 1 - CLIENT] - INFO - Sent reply
2025-03-30 12:10:30 - [Cluster 1 - CLIENT] - INFO - [Store 905] Local training complete.
2025-03-30 12:10:30 - [Cluster 1 - CLIENT] - INFO - Sent reply
2025-03-30 12:10:31 - [Cluster 1 - CLIENT] - INFO - [Store 459] Local training complete.
2025-03-30 12:10:31 - [Cluster 1 - CLIENT] - INFO - Sent reply
2025-03-30 12:10:31 - [Cluster 1 - CLIENT] - INFO - [Store 245] Local training complete.
2025-03-30 12:10:31 - [Cluster 1 - CLIENT] - INFO - Sent reply
2025-03-30 12:10:31 - [Cluster 1 - CLIENT] - INFO - [Store 560] Local training complete.
2025-03-30 12:10:31 - [Cluster 1 - CLIENT] - INFO - Sent reply
2025-03-30 12:10:32 - [Cluster 1 - CLIENT] - INFO - [Store 545] Local training complete.
2025-03-30 12:10:32 - [Cluster 1 - CLIENT] - INFO - Sent reply
2025-03-30 12:10:32 - [Cluster 1 - CLIENT] - INFO - [Store 826] Local training complete.
2025-03-30 12:10:32 - [Cluster 1 - CLIENT] - INFO - Sent reply
2025-03-30 12:10:32 - [Cluster 1 - CLIENT] - INFO - [Store 320] Local training complete.
2025-03-30 12:10:32 - [Cluster 1 - CLIENT] - INFO - Sent reply
2025-03-30 12:10:33 - [Cluster 1 - CLIENT] - INFO - [Store 665] Local training complete.
2025-03-30 12:10:33 - [Cluster 1 - CLIENT] - INFO - Sent reply
2025-03-30 12:10:35 - [Cluster 1 - CLIENT] - INFO - [Store 448] Local training complete.
2025-03-30 12:10:35 - [Cluster 1 - CLIENT] - INFO - [Store 872] Local training complete.
2025-03-30 12:10:35 - [Cluster 1 - CLIENT] - INFO - Sent reply
2025-03-30 12:10:35 - [Cluster 1 - CLIENT] - INFO - Sent reply
2025-03-30 12:10:35 - [Cluster 1 - CLIENT] - INFO - 
2025-03-30 12:10:35 - [Cluster 1 - CLIENT] - INFO - Received: evaluate message 5865863e-b667-44ee-9686-15763cc17ebb
2025-03-30 12:10:35 - [Cluster 1 - CLIENT] - INFO - 
2025-03-30 12:10:35 - [Cluster 1 - CLIENT] - INFO - Received: evaluate message 0400a8a5-8ccf-4ea7-aefc-fa894f0dd6a8
2025-03-30 12:10:35 - [Cluster 1 - CLIENT] - INFO - 
2025-03-30 12:10:35 - [Cluster 1 - CLIENT] - INFO - Received: evaluate message 107c7e1d-2b29-47b8-b23a-7e801128815d
2025-03-30 12:10:35 - [Cluster 1 - CLIENT] - INFO - 
2025-03-30 12:10:35 - [Cluster 1 - CLIENT] - INFO - Received: evaluate message 6a8cbd5e-ded3-466c-84a9-86b5d72ee018
2025-03-30 12:10:35 - [Cluster 1 - CLIENT] - INFO - 
2025-03-30 12:10:35 - [Cluster 1 - CLIENT] - INFO - Received: evaluate message 19038829-a20e-43c0-aff2-26bfe80236bd
2025-03-30 12:10:35 - [Cluster 1 - CLIENT] - INFO - 
2025-03-30 12:10:35 - [Cluster 1 - CLIENT] - INFO - Received: evaluate message f1a40af3-891f-4266-bff6-e3891ecb6a78
2025-03-30 12:10:35 - [Cluster 1 - CLIENT] - INFO - 
2025-03-30 12:10:35 - [Cluster 1 - CLIENT] - INFO - Received: evaluate message e4064254-f4a5-4c00-888d-9a9ea2614b3e
2025-03-30 12:10:35 - [Cluster 1 - CLIENT] - INFO - 
2025-03-30 12:10:35 - [Cluster 1 - CLIENT] - INFO - Received: evaluate message 38f2865e-eb6e-4e17-b932-d9fe410c39ff
2025-03-30 12:10:35 - [Cluster 1 - CLIENT] - INFO - 
2025-03-30 12:10:35 - [Cluster 1 - CLIENT] - INFO - Received: evaluate message d155cafa-2d2f-4617-9093-909861c3e679
2025-03-30 12:10:35 - [Cluster 1 - CLIENT] - INFO - 
2025-03-30 12:10:35 - [Cluster 1 - CLIENT] - INFO - Received: evaluate message 88bbb734-fdb4-4825-bea6-a59edb083538
2025-03-30 12:10:35 - [Cluster 1 - CLIENT] - INFO - 
2025-03-30 12:10:35 - [Cluster 1 - CLIENT] - INFO - Received: evaluate message 3291bf4e-28ac-4348-bde0-027f466043a0
2025-03-30 12:10:35 - [Cluster 1 - CLIENT] - INFO - 
2025-03-30 12:10:35 - [Cluster 1 - CLIENT] - INFO - Received: evaluate message 96188994-4cca-47dd-925d-6a1b0823d66d
2025-03-30 12:10:35 - [Cluster 1 - CLIENT] - INFO - 
2025-03-30 12:10:35 - [Cluster 1 - CLIENT] - INFO - Received: evaluate message c254c03c-1a63-4804-b1d8-b032703682f5
2025-03-30 12:10:35 - [Cluster 1 - CLIENT] - INFO - 
2025-03-30 12:10:35 - [Cluster 1 - CLIENT] - INFO - Received: evaluate message 58ff1758-589b-4e8c-9b32-376776531a83
2025-03-30 12:10:35 - [Cluster 1 - CLIENT] - INFO - 
2025-03-30 12:10:35 - [Cluster 1 - CLIENT] - INFO - Received: evaluate message 462ba7d8-6a59-40c5-951c-944b90a5833b
2025-03-30 12:10:36 - [Cluster 1 - CLIENT] - INFO - [Store 593] Evaluation - Loss: 0.2395, MAE: 0.3205
2025-03-30 12:10:36 - [Cluster 1 - CLIENT] - INFO - Sent reply
2025-03-30 12:10:36 - [Cluster 1 - CLIENT] - INFO - 
2025-03-30 12:10:36 - [Cluster 1 - CLIENT] - INFO - Received: evaluate message 5a130a78-65d8-4f42-8bb4-10c6d7056ec0
2025-03-30 12:10:36 - [Cluster 1 - CLIENT] - INFO - [Store 967] Evaluation - Loss: 0.2428, MAE: 0.3002
2025-03-30 12:10:36 - [Cluster 1 - CLIENT] - INFO - [Store 905] Evaluation - Loss: 0.2819, MAE: 0.3691
2025-03-30 12:10:36 - [Cluster 1 - CLIENT] - INFO - [Store 928] Evaluation - Loss: 0.3006, MAE: 0.3510
2025-03-30 12:10:36 - [Cluster 1 - CLIENT] - INFO - Sent reply
2025-03-30 12:10:36 - [Cluster 1 - CLIENT] - INFO - Sent reply
2025-03-30 12:10:36 - [Cluster 1 - CLIENT] - INFO - Sent reply
2025-03-30 12:10:36 - [Cluster 1 - CLIENT] - INFO - 
2025-03-30 12:10:36 - [Cluster 1 - CLIENT] - INFO - [Store 722] Evaluation - Loss: 0.2818, MAE: 0.3677
2025-03-30 12:10:36 - [Cluster 1 - CLIENT] - INFO - Received: evaluate message f70428aa-cf07-4e1d-829a-ec85579ff176
2025-03-30 12:10:36 - [Cluster 1 - CLIENT] - INFO - 
2025-03-30 12:10:36 - [Cluster 1 - CLIENT] - INFO - Received: evaluate message bc1f8293-e6a3-4bfb-bbe0-65e07dde82ac
2025-03-30 12:10:36 - [Cluster 1 - CLIENT] - INFO - Sent reply
2025-03-30 12:10:36 - [Cluster 1 - CLIENT] - INFO - [Store 211] Evaluation - Loss: 0.2420, MAE: 0.3292
2025-03-30 12:10:36 - [Cluster 1 - CLIENT] - INFO - [Store 683] Evaluation - Loss: 0.1691, MAE: 0.2481
2025-03-30 12:10:36 - [Cluster 1 - CLIENT] - INFO - Sent reply
2025-03-30 12:10:36 - [Cluster 1 - CLIENT] - INFO - Sent reply
2025-03-30 12:10:36 - [Cluster 1 - CLIENT] - INFO - [Store 545] Evaluation - Loss: 0.3061, MAE: 0.3717
2025-03-30 12:10:36 - [Cluster 1 - CLIENT] - INFO - 
2025-03-30 12:10:36 - [Cluster 1 - CLIENT] - INFO - Received: evaluate message b63a0740-00ed-4381-a688-463656e1cedb
2025-03-30 12:10:36 - [Cluster 1 - CLIENT] - INFO - Sent reply
2025-03-30 12:10:36 - [Cluster 1 - CLIENT] - INFO - 
2025-03-30 12:10:36 - [Cluster 1 - CLIENT] - INFO - Received: evaluate message 4c4dda4d-1613-4197-bd25-cf3374f6f93e
2025-03-30 12:10:36 - [Cluster 1 - CLIENT] - INFO - [Store 560] Evaluation - Loss: 0.2341, MAE: 0.3026
2025-03-30 12:10:36 - [Cluster 1 - CLIENT] - INFO - Sent reply
2025-03-30 12:10:36 - [Cluster 1 - CLIENT] - INFO - 
2025-03-30 12:10:36 - [Cluster 1 - CLIENT] - INFO - Received: evaluate message 04b79567-b3b9-4ba4-9bc1-8386c0da336f
2025-03-30 12:10:36 - [Cluster 1 - CLIENT] - INFO - 
2025-03-30 12:10:36 - [Cluster 1 - CLIENT] - INFO - 
2025-03-30 12:10:36 - [Cluster 1 - CLIENT] - INFO - Received: evaluate message ad602730-08af-493e-a9d4-1553c99c9f7f
2025-03-30 12:10:36 - [Cluster 1 - CLIENT] - INFO - [Store 211] Evaluation - Loss: 0.2420, MAE: 0.3292
2025-03-30 12:10:36 - [Cluster 1 - CLIENT] - INFO - Received: evaluate message 9c351c5c-b028-4673-b6bb-dd27051dbd78
2025-03-30 12:10:36 - [Cluster 1 - CLIENT] - INFO - Sent reply
2025-03-30 12:10:36 - [Cluster 1 - CLIENT] - INFO - 
2025-03-30 12:10:36 - [Cluster 1 - CLIENT] - INFO - Received: evaluate message 378ad2c3-1dcf-4b89-bc39-20b520bd5790
2025-03-30 12:10:36 - [Cluster 1 - CLIENT] - INFO - 
2025-03-30 12:10:36 - [Cluster 1 - CLIENT] - INFO - Received: evaluate message c53bd5a1-07bd-4534-9f8b-90ed356f40f5
2025-03-30 12:10:36 - [Cluster 1 - CLIENT] - INFO - [Store 245] Evaluation - Loss: 0.2997, MAE: 0.3517
2025-03-30 12:10:36 - [Cluster 1 - CLIENT] - INFO - Sent reply
2025-03-30 12:10:36 - [Cluster 1 - CLIENT] - INFO - [Store 444] Evaluation - Loss: 0.2712, MAE: 0.3739
2025-03-30 12:10:36 - [Cluster 1 - CLIENT] - INFO - [Store 479] Evaluation - Loss: 0.2051, MAE: 0.2725
2025-03-30 12:10:36 - [Cluster 1 - CLIENT] - INFO - Sent reply
2025-03-30 12:10:37 - [Cluster 1 - CLIENT] - INFO - Sent reply
2025-03-30 12:10:37 - [Cluster 1 - CLIENT] - INFO - 
2025-03-30 12:10:37 - [Cluster 1 - CLIENT] - INFO - Received: evaluate message 61721c64-acb7-4351-925b-ef4e4bc52449
2025-03-30 12:10:37 - [Cluster 1 - CLIENT] - INFO - 
2025-03-30 12:10:37 - [Cluster 1 - CLIENT] - INFO - Received: evaluate message 2e25d3e4-5741-41f7-bdfb-8b3674d88aa3
2025-03-30 12:10:37 - [Cluster 1 - CLIENT] - INFO - 
2025-03-30 12:10:37 - [Cluster 1 - CLIENT] - INFO - Received: evaluate message 4328bc24-a537-4e86-a0ec-2b96715d8e2e
2025-03-30 12:10:37 - [Cluster 1 - CLIENT] - INFO - [Store 1043] Evaluation - Loss: 0.1915, MAE: 0.2890
2025-03-30 12:10:37 - [Cluster 1 - CLIENT] - INFO - Sent reply
2025-03-30 12:10:37 - [Cluster 1 - CLIENT] - INFO - [Store 150] Evaluation - Loss: 0.2218, MAE: 0.2902
2025-03-30 12:10:37 - [Cluster 1 - CLIENT] - INFO - Sent reply
2025-03-30 12:10:37 - [Cluster 1 - CLIENT] - INFO - 
2025-03-30 12:10:37 - [Cluster 1 - CLIENT] - INFO - Received: evaluate message 1f3b7963-4333-46b5-8843-f03fd5e1b232
2025-03-30 12:10:37 - [Cluster 1 - CLIENT] - INFO - 
2025-03-30 12:10:37 - [Cluster 1 - CLIENT] - INFO - Received: evaluate message fa28b87f-e904-4c5a-8c02-55bc116443c5
2025-03-30 12:10:38 - [Cluster 1 - CLIENT] - INFO - [Store 421] Evaluation - Loss: 0.3708, MAE: 0.4264
2025-03-30 12:10:38 - [Cluster 1 - CLIENT] - INFO - Sent reply
2025-03-30 12:10:38 - [Cluster 1 - CLIENT] - INFO - [Store 147] Evaluation - Loss: 0.2407, MAE: 0.2976
2025-03-30 12:10:38 - [Cluster 1 - CLIENT] - INFO - Sent reply
2025-03-30 12:10:38 - [Cluster 1 - CLIENT] - INFO - [Store 846] Evaluation - Loss: 0.2518, MAE: 0.3240
2025-03-30 12:10:38 - [Cluster 1 - CLIENT] - INFO - Sent reply
2025-03-30 12:10:38 - [Cluster 1 - CLIENT] - INFO - [Store 320] Evaluation - Loss: 0.2430, MAE: 0.2977
2025-03-30 12:10:38 - [Cluster 1 - CLIENT] - INFO - Sent reply
2025-03-30 12:10:38 - [Cluster 1 - CLIENT] - INFO - [Store 665] Evaluation - Loss: 0.2218, MAE: 0.2905
2025-03-30 12:10:38 - [Cluster 1 - CLIENT] - INFO - Sent reply
2025-03-30 12:10:38 - [Cluster 1 - CLIENT] - INFO - [Store 431] Evaluation - Loss: 0.3048, MAE: 0.3523
2025-03-30 12:10:38 - [Cluster 1 - CLIENT] - INFO - [Store 679] Evaluation - Loss: 0.1965, MAE: 0.2760
2025-03-30 12:10:38 - [Cluster 1 - CLIENT] - INFO - Sent reply
2025-03-30 12:10:38 - [Cluster 1 - CLIENT] - INFO - Sent reply
2025-03-30 12:10:38 - [Cluster 1 - CLIENT] - INFO - [Store 754] Evaluation - Loss: 0.1640, MAE: 0.2517
2025-03-30 12:10:38 - [Cluster 1 - CLIENT] - INFO - Sent reply
2025-03-30 12:10:38 - [Cluster 1 - CLIENT] - INFO - [Store 826] Evaluation - Loss: 0.3339, MAE: 0.3523
2025-03-30 12:10:38 - [Cluster 1 - CLIENT] - INFO - [Store 459] Evaluation - Loss: 0.2016, MAE: 0.2918
2025-03-30 12:10:38 - [Cluster 1 - CLIENT] - INFO - Sent reply
2025-03-30 12:10:38 - [Cluster 1 - CLIENT] - INFO - Sent reply
2025-03-30 12:10:38 - [Cluster 1 - CLIENT] - INFO - [Store 125] Evaluation - Loss: 0.2647, MAE: 0.3319
2025-03-30 12:10:38 - [Cluster 1 - CLIENT] - INFO - Sent reply
2025-03-30 12:10:38 - [Cluster 1 - CLIENT] - INFO - [Store 1112] Evaluation - Loss: 0.1959, MAE: 0.2907
2025-03-30 12:10:38 - [Cluster 1 - CLIENT] - INFO - [Store 872] Evaluation - Loss: 0.2656, MAE: 0.3213
2025-03-30 12:10:38 - [Cluster 1 - CLIENT] - INFO - Sent reply
2025-03-30 12:10:38 - [Cluster 1 - CLIENT] - INFO - Sent reply
2025-03-30 12:10:38 - [Cluster 1 - CLIENT] - INFO - [Store 448] Evaluation - Loss: 0.2507, MAE: 0.3172
2025-03-30 12:10:38 - [Cluster 1 - CLIENT] - INFO - Sent reply
2025-03-30 12:10:38 - [Cluster 1 - CLIENT] - INFO - [Store 69] Evaluation - Loss: 0.2020, MAE: 0.2576
2025-03-30 12:10:38 - [Cluster 1 - CLIENT] - INFO - Sent reply
2025-03-30 12:10:38 - [Cluster 1 - CLIENT] - INFO - 
2025-03-30 12:10:38 - [Cluster 1 - CLIENT] - INFO - Received: train message 89beac45-3c0a-4930-9b0b-aa00bef4c6c8
2025-03-30 12:10:38 - [Cluster 1 - CLIENT] - INFO - 
2025-03-30 12:10:38 - [Cluster 1 - CLIENT] - INFO - Received: train message 8d9aec38-f031-4369-ad3e-4eca8314243a
2025-03-30 12:10:38 - [Cluster 1 - CLIENT] - INFO - 
2025-03-30 12:10:38 - [Cluster 1 - CLIENT] - INFO - Received: train message 7cd36c60-30e4-4382-84f9-a92830e994bd
2025-03-30 12:10:38 - [Cluster 1 - CLIENT] - INFO - 
2025-03-30 12:10:38 - [Cluster 1 - CLIENT] - INFO - Received: train message d32a6ed0-ca83-47d0-a621-443ea39874f7
2025-03-30 12:10:38 - [Cluster 1 - CLIENT] - INFO - 
2025-03-30 12:10:38 - [Cluster 1 - CLIENT] - INFO - Received: train message f4d21fc0-2d85-48eb-9a3c-9a92032b4a7b
2025-03-30 12:10:38 - [Cluster 1 - CLIENT] - INFO - 
2025-03-30 12:10:38 - [Cluster 1 - CLIENT] - INFO - Received: train message 6c9d9ab7-d97b-46de-b2cc-5aaf0ca0dd1f
2025-03-30 12:10:38 - [Cluster 1 - CLIENT] - INFO - 
2025-03-30 12:10:38 - [Cluster 1 - CLIENT] - INFO - 
2025-03-30 12:10:38 - [Cluster 1 - CLIENT] - INFO - Received: train message b3020cd6-8abb-4f7a-9274-a5d58e4fee27
2025-03-30 12:10:38 - [Cluster 1 - CLIENT] - INFO - Received: train message cc999609-631d-4c7a-a06d-109fe93d183b
2025-03-30 12:10:38 - [Cluster 1 - CLIENT] - INFO - 
2025-03-30 12:10:38 - [Cluster 1 - CLIENT] - INFO - Received: train message b9b23bb2-b0c7-44f2-83da-d3369550cf6a
2025-03-30 12:10:38 - [Cluster 1 - CLIENT] - INFO - 
2025-03-30 12:10:38 - [Cluster 1 - CLIENT] - INFO - Received: train message 92ea19d7-ac49-46f5-b979-7e2d9b0b98f8
2025-03-30 12:10:38 - [Cluster 1 - CLIENT] - INFO - 
2025-03-30 12:10:38 - [Cluster 1 - CLIENT] - INFO - Received: train message 95cd3dde-04c1-4c89-81ec-a56bfab88a82
2025-03-30 12:10:38 - [Cluster 1 - CLIENT] - INFO - [Store 665] Starting local training.
2025-03-30 12:10:38 - [Cluster 1 - CLIENT] - INFO - [Store 431] Starting local training.
2025-03-30 12:10:38 - [Cluster 1 - CLIENT] - INFO - 
2025-03-30 12:10:38 - [Cluster 1 - CLIENT] - INFO - Received: train message 3bb9dcb6-e6de-4cf0-beff-8fad743a264a
2025-03-30 12:10:38 - [Cluster 1 - CLIENT] - INFO - 
2025-03-30 12:10:38 - [Cluster 1 - CLIENT] - INFO - Received: train message b0aad14d-ead7-430d-af7a-09fb12d08809
2025-03-30 12:10:38 - [Cluster 1 - CLIENT] - INFO - [Store 245] Starting local training.
2025-03-30 12:10:38 - [Cluster 1 - CLIENT] - INFO - 
2025-03-30 12:10:38 - [Cluster 1 - CLIENT] - INFO - Received: train message 1852bc03-c80f-496a-a778-c0e970119993
2025-03-30 12:10:38 - [Cluster 1 - CLIENT] - INFO - 
2025-03-30 12:10:38 - [Cluster 1 - CLIENT] - INFO - Received: train message 5d188126-ff0d-4aca-b06f-129fc4ede582
2025-03-30 12:10:38 - [Cluster 1 - CLIENT] - INFO - [Store 448] Starting local training.
2025-03-30 12:10:38 - [Cluster 1 - CLIENT] - INFO - [Store 560] Starting local training.
2025-03-30 12:10:38 - [Cluster 1 - CLIENT] - INFO - [Store 846] Starting local training.
2025-03-30 12:10:38 - [Cluster 1 - CLIENT] - INFO - [Store 722] Starting local training.
2025-03-30 12:10:38 - [Cluster 1 - CLIENT] - INFO - [Store 679] Starting local training.
2025-03-30 12:10:38 - [Cluster 1 - CLIENT] - INFO - [Store 872] Starting local training.
2025-03-30 12:10:38 - [Cluster 1 - CLIENT] - INFO - [Store 1043] Starting local training.
2025-03-30 12:10:38 - [Cluster 1 - CLIENT] - INFO - [Store 545] Starting local training.
2025-03-30 12:10:38 - [Cluster 1 - CLIENT] - INFO - [Store 459] Starting local training.
2025-03-30 12:10:38 - [Cluster 1 - CLIENT] - INFO - [Store 150] Starting local training.
2025-03-30 12:10:38 - [Cluster 1 - CLIENT] - INFO - [Store 211] Starting local training.
2025-03-30 12:10:38 - [Cluster 1 - CLIENT] - INFO - [Store 211] Starting local training.
2025-03-30 12:14:19 - [Cluster 1 - CLIENT] - INFO - [Store 665] Local training complete.
2025-03-30 12:14:19 - [Cluster 1 - CLIENT] - INFO - Sent reply
2025-03-30 12:14:19 - [Cluster 1 - CLIENT] - INFO - 
2025-03-30 12:14:19 - [Cluster 1 - CLIENT] - INFO - Received: train message ca0fdf9e-0d7f-42ae-bd25-7c99214d72a4
2025-03-30 12:14:19 - [Cluster 1 - CLIENT] - INFO - [Store 147] Starting local training.
2025-03-30 12:14:21 - [Cluster 1 - CLIENT] - INFO - [Store 679] Local training complete.
2025-03-30 12:14:21 - [Cluster 1 - CLIENT] - INFO - [Store 245] Local training complete.
2025-03-30 12:14:21 - [Cluster 1 - CLIENT] - INFO - Sent reply
2025-03-30 12:14:21 - [Cluster 1 - CLIENT] - INFO - 
2025-03-30 12:14:21 - [Cluster 1 - CLIENT] - INFO - Received: train message 68178239-b029-495d-a565-30a16ad886cc
2025-03-30 12:14:21 - [Cluster 1 - CLIENT] - INFO - Sent reply
2025-03-30 12:14:21 - [Cluster 1 - CLIENT] - INFO - [Store 69] Starting local training.
2025-03-30 12:14:21 - [Cluster 1 - CLIENT] - INFO - 
2025-03-30 12:14:21 - [Cluster 1 - CLIENT] - INFO - Received: train message d763320c-c246-47ef-a821-fdacebeb1a41
2025-03-30 12:14:22 - [Cluster 1 - CLIENT] - INFO - [Store 125] Starting local training.
2025-03-30 12:14:22 - [Cluster 1 - CLIENT] - INFO - [Store 545] Local training complete.
2025-03-30 12:14:22 - [Cluster 1 - CLIENT] - INFO - Sent reply
2025-03-30 12:14:22 - [Cluster 1 - CLIENT] - INFO - 
2025-03-30 12:14:22 - [Cluster 1 - CLIENT] - INFO - Received: train message e3987d32-a8a2-4eea-b0ce-765e59dcee65
2025-03-30 12:14:22 - [Cluster 1 - CLIENT] - INFO - [Store 211] Local training complete.
2025-03-30 12:14:22 - [Cluster 1 - CLIENT] - INFO - [Store 444] Starting local training.
2025-03-30 12:14:22 - [Cluster 1 - CLIENT] - INFO - Sent reply
2025-03-30 12:14:22 - [Cluster 1 - CLIENT] - INFO - 
2025-03-30 12:14:22 - [Cluster 1 - CLIENT] - INFO - Received: train message 8c1ec31d-322a-4c0c-8ebb-0355d721fad0
2025-03-30 12:14:22 - [Cluster 1 - CLIENT] - INFO - [Store 754] Starting local training.
2025-03-30 12:14:23 - [Cluster 1 - CLIENT] - INFO - [Store 431] Local training complete.
2025-03-30 12:14:23 - [Cluster 1 - CLIENT] - INFO - Sent reply
2025-03-30 12:14:23 - [Cluster 1 - CLIENT] - INFO - 
2025-03-30 12:14:23 - [Cluster 1 - CLIENT] - INFO - Received: train message 8fa4a534-f850-4b82-aaff-72ea94240edb
2025-03-30 12:14:23 - [Cluster 1 - CLIENT] - INFO - [Store 1112] Starting local training.
2025-03-30 12:14:23 - [Cluster 1 - CLIENT] - INFO - [Store 560] Local training complete.
2025-03-30 12:14:23 - [Cluster 1 - CLIENT] - INFO - Sent reply
2025-03-30 12:14:23 - [Cluster 1 - CLIENT] - INFO - 
2025-03-30 12:14:23 - [Cluster 1 - CLIENT] - INFO - Received: train message 4ba858a5-9d6e-49e9-b4bc-b9d7e835d92b
2025-03-30 12:14:23 - [Cluster 1 - CLIENT] - INFO - [Store 320] Starting local training.
2025-03-30 12:14:23 - [Cluster 1 - CLIENT] - INFO - [Store 722] Local training complete.
2025-03-30 12:14:23 - [Cluster 1 - CLIENT] - INFO - Sent reply
2025-03-30 12:14:23 - [Cluster 1 - CLIENT] - INFO - 
2025-03-30 12:14:23 - [Cluster 1 - CLIENT] - INFO - Received: train message 03e0c353-b8e0-4d6a-a41e-8bf5e241aea0
2025-03-30 12:14:24 - [Cluster 1 - CLIENT] - INFO - [Store 211] Local training complete.
2025-03-30 12:14:24 - [Cluster 1 - CLIENT] - INFO - Sent reply
2025-03-30 12:14:24 - [Cluster 1 - CLIENT] - INFO - 
2025-03-30 12:14:24 - [Cluster 1 - CLIENT] - INFO - Received: train message e2937f6e-315d-4252-9fd4-c3ec3457008a
2025-03-30 12:14:24 - [Cluster 1 - CLIENT] - INFO - [Store 593] Starting local training.
2025-03-30 12:14:24 - [Cluster 1 - CLIENT] - INFO - [Store 448] Local training complete.
2025-03-30 12:14:24 - [Cluster 1 - CLIENT] - INFO - [Store 967] Starting local training.
2025-03-30 12:14:24 - [Cluster 1 - CLIENT] - INFO - Sent reply
2025-03-30 12:14:24 - [Cluster 1 - CLIENT] - INFO - 
2025-03-30 12:14:24 - [Cluster 1 - CLIENT] - INFO - Received: train message 7462d1c5-6751-4389-b850-53c3a461fb19
2025-03-30 12:14:24 - [Cluster 1 - CLIENT] - INFO - [Store 826] Starting local training.
2025-03-30 12:14:24 - [Cluster 1 - CLIENT] - INFO - [Store 150] Local training complete.
2025-03-30 12:14:24 - [Cluster 1 - CLIENT] - INFO - Sent reply
2025-03-30 12:14:24 - [Cluster 1 - CLIENT] - INFO - 
2025-03-30 12:14:24 - [Cluster 1 - CLIENT] - INFO - Received: train message eea242a4-3623-4f22-9f70-40594c26a428
2025-03-30 12:14:24 - [Cluster 1 - CLIENT] - INFO - [Store 421] Starting local training.
2025-03-30 12:14:25 - [Cluster 1 - CLIENT] - INFO - [Store 1043] Local training complete.
2025-03-30 12:14:25 - [Cluster 1 - CLIENT] - INFO - Sent reply
2025-03-30 12:14:25 - [Cluster 1 - CLIENT] - INFO - 
2025-03-30 12:14:25 - [Cluster 1 - CLIENT] - INFO - Received: train message c2a6f243-c5d2-4e11-b85d-ec44c0714ce6
2025-03-30 12:14:25 - [Cluster 1 - CLIENT] - INFO - [Store 905] Starting local training.
2025-03-30 12:14:26 - [Cluster 1 - CLIENT] - INFO - [Store 459] Local training complete.
2025-03-30 12:14:27 - [Cluster 1 - CLIENT] - INFO - 
2025-03-30 12:14:27 - [Cluster 1 - CLIENT] - INFO - Received: train message adb7478c-d569-4a60-9afb-e97c95cb80fd
2025-03-30 12:14:27 - [Cluster 1 - CLIENT] - INFO - [Store 928] Starting local training.
2025-03-30 12:14:27 - [Cluster 1 - CLIENT] - INFO - Sent reply
2025-03-30 12:14:31 - [Cluster 1 - CLIENT] - INFO - [Store 846] Local training complete.
2025-03-30 12:14:31 - [Cluster 1 - CLIENT] - INFO - Sent reply
2025-03-30 12:14:31 - [Cluster 1 - CLIENT] - INFO - 
2025-03-30 12:14:31 - [Cluster 1 - CLIENT] - INFO - Received: train message bb3cf19b-0a24-485f-9f88-d6c4c6b4f385
2025-03-30 12:14:31 - [Cluster 1 - CLIENT] - INFO - [Store 683] Starting local training.
2025-03-30 12:14:45 - [Cluster 1 - CLIENT] - INFO - [Store 872] Local training complete.
2025-03-30 12:14:45 - [Cluster 1 - CLIENT] - INFO - Sent reply
2025-03-30 12:14:45 - [Cluster 1 - CLIENT] - INFO - 
2025-03-30 12:14:45 - [Cluster 1 - CLIENT] - INFO - Received: train message 289c7662-4074-4440-a49f-8dfe7f139e6a
2025-03-30 12:14:45 - [Cluster 1 - CLIENT] - INFO - [Store 479] Starting local training.
2025-03-30 12:18:07 - [Cluster 1 - CLIENT] - INFO - [Store 320] Local training complete.
2025-03-30 12:18:07 - [Cluster 1 - CLIENT] - INFO - [Store 147] Local training complete.
2025-03-30 12:18:07 - [Cluster 1 - CLIENT] - INFO - Sent reply
2025-03-30 12:18:07 - [Cluster 1 - CLIENT] - INFO - Sent reply
2025-03-30 12:18:07 - [Cluster 1 - CLIENT] - INFO - [Store 754] Local training complete.
2025-03-30 12:18:07 - [Cluster 1 - CLIENT] - INFO - Sent reply
2025-03-30 12:18:08 - [Cluster 1 - CLIENT] - INFO - [Store 69] Local training complete.
2025-03-30 12:18:08 - [Cluster 1 - CLIENT] - INFO - Sent reply
2025-03-30 12:18:08 - [Cluster 1 - CLIENT] - INFO - [Store 421] Local training complete.
2025-03-30 12:18:08 - [Cluster 1 - CLIENT] - INFO - Sent reply
2025-03-30 12:18:08 - [Cluster 1 - CLIENT] - INFO - [Store 826] Local training complete.
2025-03-30 12:18:08 - [Cluster 1 - CLIENT] - INFO - Sent reply
2025-03-30 12:18:09 - [Cluster 1 - CLIENT] - INFO - [Store 125] Local training complete.
2025-03-30 12:18:09 - [Cluster 1 - CLIENT] - INFO - Sent reply
2025-03-30 12:18:09 - [Cluster 1 - CLIENT] - INFO - [Store 905] Local training complete.
2025-03-30 12:18:09 - [Cluster 1 - CLIENT] - INFO - [Store 1112] Local training complete.
2025-03-30 12:18:09 - [Cluster 1 - CLIENT] - INFO - Sent reply
2025-03-30 12:18:09 - [Cluster 1 - CLIENT] - INFO - Sent reply
2025-03-30 12:18:10 - [Cluster 1 - CLIENT] - INFO - [Store 593] Local training complete.
2025-03-30 12:18:10 - [Cluster 1 - CLIENT] - INFO - Sent reply
2025-03-30 12:18:10 - [Cluster 1 - CLIENT] - INFO - [Store 683] Local training complete.
2025-03-30 12:18:10 - [Cluster 1 - CLIENT] - INFO - Sent reply
2025-03-30 12:18:11 - [Cluster 1 - CLIENT] - INFO - [Store 967] Local training complete.
2025-03-30 12:18:11 - [Cluster 1 - CLIENT] - INFO - Sent reply
2025-03-30 12:18:11 - [Cluster 1 - CLIENT] - INFO - [Store 928] Local training complete.
2025-03-30 12:18:11 - [Cluster 1 - CLIENT] - INFO - Sent reply
2025-03-30 12:18:12 - [Cluster 1 - CLIENT] - INFO - [Store 444] Local training complete.
2025-03-30 12:18:12 - [Cluster 1 - CLIENT] - INFO - Sent reply
2025-03-30 12:18:13 - [Cluster 1 - CLIENT] - INFO - [Store 479] Local training complete.
2025-03-30 12:18:13 - [Cluster 1 - CLIENT] - INFO - Sent reply
2025-03-30 12:18:13 - [Cluster 1 - CLIENT] - INFO - 
2025-03-30 12:18:13 - [Cluster 1 - CLIENT] - INFO - Received: evaluate message 6a2d6bd0-1461-4766-8de0-7c39cfcc277d
2025-03-30 12:18:13 - [Cluster 1 - CLIENT] - INFO - 
2025-03-30 12:18:13 - [Cluster 1 - CLIENT] - INFO - Received: evaluate message 80247cc2-cadb-4e31-8e32-32cc82dc28b3
2025-03-30 12:18:13 - [Cluster 1 - CLIENT] - INFO - 
2025-03-30 12:18:13 - [Cluster 1 - CLIENT] - INFO - Received: evaluate message 8e6e9e7e-0422-4247-9c0c-1c7056704119
2025-03-30 12:18:13 - [Cluster 1 - CLIENT] - INFO - 
2025-03-30 12:18:13 - [Cluster 1 - CLIENT] - INFO - Received: evaluate message 92d3ef89-14c4-48ea-bce4-a8fdfeb91213
2025-03-30 12:18:13 - [Cluster 1 - CLIENT] - INFO - 
2025-03-30 12:18:13 - [Cluster 1 - CLIENT] - INFO - Received: evaluate message 99e0905c-0d8d-4771-93da-1be688fe33ae
2025-03-30 12:18:13 - [Cluster 1 - CLIENT] - INFO - 
2025-03-30 12:18:13 - [Cluster 1 - CLIENT] - INFO - Received: evaluate message 38dd3aed-bfab-41aa-b472-de48e4eb5257
2025-03-30 12:18:13 - [Cluster 1 - CLIENT] - INFO - 
2025-03-30 12:18:13 - [Cluster 1 - CLIENT] - INFO - Received: evaluate message 7338b5aa-97d6-486f-a162-c2c9b1b381f1
2025-03-30 12:18:13 - [Cluster 1 - CLIENT] - INFO - 
2025-03-30 12:18:13 - [Cluster 1 - CLIENT] - INFO - Received: evaluate message 6c8670df-758b-4a2c-8b52-7ed4c299d746
2025-03-30 12:18:13 - [Cluster 1 - CLIENT] - INFO - 
2025-03-30 12:18:13 - [Cluster 1 - CLIENT] - INFO - Received: evaluate message a1c1749e-c66e-4bde-bbd9-d10b927c275d
2025-03-30 12:18:13 - [Cluster 1 - CLIENT] - INFO - 
2025-03-30 12:18:13 - [Cluster 1 - CLIENT] - INFO - Received: evaluate message b9a01f6e-95d4-496e-91ac-e0b3a1cfb626
2025-03-30 12:18:13 - [Cluster 1 - CLIENT] - INFO - 
2025-03-30 12:18:13 - [Cluster 1 - CLIENT] - INFO - Received: evaluate message c7b2480a-dc7c-4e82-b098-6a3ed4bc9345
2025-03-30 12:18:13 - [Cluster 1 - CLIENT] - INFO - 
2025-03-30 12:18:13 - [Cluster 1 - CLIENT] - INFO - Received: evaluate message 698deef3-76e3-48b3-8449-3de553331840
2025-03-30 12:18:13 - [Cluster 1 - CLIENT] - INFO - 
2025-03-30 12:18:13 - [Cluster 1 - CLIENT] - INFO - Received: evaluate message 6ed30bb8-6c7c-4de0-b2ff-95f6de8199d0
2025-03-30 12:18:13 - [Cluster 1 - CLIENT] - INFO - 
2025-03-30 12:18:13 - [Cluster 1 - CLIENT] - INFO - Received: evaluate message 5a852627-f3b7-4533-8d26-a5f5b8ffd59a
2025-03-30 12:18:13 - [Cluster 1 - CLIENT] - INFO - 
2025-03-30 12:18:13 - [Cluster 1 - CLIENT] - INFO - Received: evaluate message 44ed4799-25a0-4e92-93fa-32ed87edc5e3
2025-03-30 12:18:14 - [Cluster 1 - CLIENT] - INFO - [Store 147] Evaluation - Loss: 0.2383, MAE: 0.2947
2025-03-30 12:18:14 - [Cluster 1 - CLIENT] - INFO - [Store 479] Evaluation - Loss: 0.2030, MAE: 0.2691
2025-03-30 12:18:14 - [Cluster 1 - CLIENT] - INFO - Sent reply
2025-03-30 12:18:14 - [Cluster 1 - CLIENT] - INFO - Sent reply
2025-03-30 12:18:14 - [Cluster 1 - CLIENT] - INFO - 
2025-03-30 12:18:14 - [Cluster 1 - CLIENT] - INFO - Received: evaluate message 342ef1b9-eb38-4b00-98dd-f8b9ef200bee
2025-03-30 12:18:14 - [Cluster 1 - CLIENT] - INFO - 
2025-03-30 12:18:14 - [Cluster 1 - CLIENT] - INFO - Received: evaluate message 76846e5c-822f-4056-9917-be19e9b12740
2025-03-30 12:18:14 - [Cluster 1 - CLIENT] - INFO - [Store 683] Evaluation - Loss: 0.1717, MAE: 0.2467
2025-03-30 12:18:14 - [Cluster 1 - CLIENT] - INFO - Sent reply
2025-03-30 12:18:14 - [Cluster 1 - CLIENT] - INFO - 
2025-03-30 12:18:14 - [Cluster 1 - CLIENT] - INFO - Received: evaluate message a390d077-96e3-4d29-862c-39504df868c9
2025-03-30 12:18:14 - [Cluster 1 - CLIENT] - INFO - [Store 444] Evaluation - Loss: 0.2716, MAE: 0.3711
2025-03-30 12:18:14 - [Cluster 1 - CLIENT] - INFO - Sent reply
2025-03-30 12:18:14 - [Cluster 1 - CLIENT] - INFO - 
2025-03-30 12:18:14 - [Cluster 1 - CLIENT] - INFO - Received: evaluate message 6f74b086-9b71-424e-b719-6a94b0f2a8f1
2025-03-30 12:18:14 - [Cluster 1 - CLIENT] - INFO - [Store 125] Evaluation - Loss: 0.2616, MAE: 0.3263
2025-03-30 12:18:14 - [Cluster 1 - CLIENT] - INFO - Sent reply
2025-03-30 12:18:14 - [Cluster 1 - CLIENT] - INFO - 
2025-03-30 12:18:14 - [Cluster 1 - CLIENT] - INFO - Received: evaluate message 5ca7663a-4d6b-4970-baf4-cb89d8fdd9fd
2025-03-30 12:18:14 - [Cluster 1 - CLIENT] - INFO - [Store 905] Evaluation - Loss: 0.3062, MAE: 0.3820
2025-03-30 12:18:14 - [Cluster 1 - CLIENT] - INFO - Sent reply
2025-03-30 12:18:14 - [Cluster 1 - CLIENT] - INFO - [Store 928] Evaluation - Loss: 0.3024, MAE: 0.3520
2025-03-30 12:18:14 - [Cluster 1 - CLIENT] - INFO - Sent reply
2025-03-30 12:18:14 - [Cluster 1 - CLIENT] - INFO - 
2025-03-30 12:18:14 - [Cluster 1 - CLIENT] - INFO - Received: evaluate message b6eb40cc-1fcd-4fce-a063-fbdb1913930b
2025-03-30 12:18:14 - [Cluster 1 - CLIENT] - INFO - 
2025-03-30 12:18:14 - [Cluster 1 - CLIENT] - INFO - Received: evaluate message 0233901c-0533-45cd-90b5-00e6bec01306
2025-03-30 12:18:14 - [Cluster 1 - CLIENT] - INFO - [Store 421] Evaluation - Loss: 0.3693, MAE: 0.4246
2025-03-30 12:18:14 - [Cluster 1 - CLIENT] - INFO - Sent reply
2025-03-30 12:18:14 - [Cluster 1 - CLIENT] - INFO - [Store 593] Evaluation - Loss: 0.2359, MAE: 0.3154
2025-03-30 12:18:14 - [Cluster 1 - CLIENT] - INFO - Sent reply
2025-03-30 12:18:14 - [Cluster 1 - CLIENT] - INFO - 
2025-03-30 12:18:14 - [Cluster 1 - CLIENT] - INFO - Received: evaluate message acb8ac01-49fe-420d-abd6-5879973825b5
2025-03-30 12:18:14 - [Cluster 1 - CLIENT] - INFO - 
2025-03-30 12:18:14 - [Cluster 1 - CLIENT] - INFO - Received: evaluate message 591f8026-171c-4a62-8799-d2342e659c0a
2025-03-30 12:18:15 - [Cluster 1 - CLIENT] - INFO - [Store 150] Evaluation - Loss: 0.2168, MAE: 0.2829
2025-03-30 12:18:15 - [Cluster 1 - CLIENT] - INFO - Sent reply
2025-03-30 12:18:15 - [Cluster 1 - CLIENT] - INFO - 
2025-03-30 12:18:15 - [Cluster 1 - CLIENT] - INFO - Received: evaluate message 20c4db29-84ed-492a-9779-24930a6dbae5
2025-03-30 12:18:15 - [Cluster 1 - CLIENT] - INFO - [Store 722] Evaluation - Loss: 0.2842, MAE: 0.3631
2025-03-30 12:18:15 - [Cluster 1 - CLIENT] - INFO - Sent reply
2025-03-30 12:18:15 - [Cluster 1 - CLIENT] - INFO - 
2025-03-30 12:18:15 - [Cluster 1 - CLIENT] - INFO - Received: evaluate message c6dc6355-a9db-4daa-adee-91f3cb704e71
2025-03-30 12:18:15 - [Cluster 1 - CLIENT] - INFO - [Store 211] Evaluation - Loss: 0.2399, MAE: 0.3247
2025-03-30 12:18:15 - [Cluster 1 - CLIENT] - INFO - Sent reply
2025-03-30 12:18:15 - [Cluster 1 - CLIENT] - INFO - [Store 665] Evaluation - Loss: 0.2181, MAE: 0.2915
2025-03-30 12:18:15 - [Cluster 1 - CLIENT] - INFO - [Store 431] Evaluation - Loss: 0.3017, MAE: 0.3475
2025-03-30 12:18:15 - [Cluster 1 - CLIENT] - INFO - Sent reply
2025-03-30 12:18:15 - [Cluster 1 - CLIENT] - INFO - Sent reply
2025-03-30 12:18:15 - [Cluster 1 - CLIENT] - INFO - 
2025-03-30 12:18:15 - [Cluster 1 - CLIENT] - INFO - Received: evaluate message 6db62cfe-1c58-4f1b-8e5a-daf2f1b862ad
2025-03-30 12:18:15 - [Cluster 1 - CLIENT] - INFO - 
2025-03-30 12:18:15 - [Cluster 1 - CLIENT] - INFO - Received: evaluate message 2aea4e33-1283-4bdc-b848-56a14aba5e72
2025-03-30 12:18:15 - [Cluster 1 - CLIENT] - INFO - 
2025-03-30 12:18:15 - [Cluster 1 - CLIENT] - INFO - Received: evaluate message c125e613-d306-459d-a1f4-ed0ec11527cd
2025-03-30 12:18:15 - [Cluster 1 - CLIENT] - INFO - [Store 872] Evaluation - Loss: 0.2780, MAE: 0.3261
2025-03-30 12:18:15 - [Cluster 1 - CLIENT] - INFO - Sent reply
2025-03-30 12:18:15 - [Cluster 1 - CLIENT] - INFO - 
2025-03-30 12:18:15 - [Cluster 1 - CLIENT] - INFO - Received: evaluate message 44197d75-5c95-4dfb-bb32-cd244335ebbc
2025-03-30 12:18:15 - [Cluster 1 - CLIENT] - INFO - [Store 754] Evaluation - Loss: 0.1702, MAE: 0.2589
2025-03-30 12:18:15 - [Cluster 1 - CLIENT] - INFO - Sent reply
2025-03-30 12:18:15 - [Cluster 1 - CLIENT] - INFO - [Store 1043] Evaluation - Loss: 0.1977, MAE: 0.2903
2025-03-30 12:18:15 - [Cluster 1 - CLIENT] - INFO - Sent reply
2025-03-30 12:18:15 - [Cluster 1 - CLIENT] - INFO - [Store 967] Evaluation - Loss: 0.2458, MAE: 0.2984
2025-03-30 12:18:15 - [Cluster 1 - CLIENT] - INFO - Sent reply
2025-03-30 12:18:15 - [Cluster 1 - CLIENT] - INFO - [Store 459] Evaluation - Loss: 0.1994, MAE: 0.2926
2025-03-30 12:18:15 - [Cluster 1 - CLIENT] - INFO - Sent reply
2025-03-30 12:18:15 - [Cluster 1 - CLIENT] - INFO - [Store 679] Evaluation - Loss: 0.1891, MAE: 0.2652
2025-03-30 12:18:15 - [Cluster 1 - CLIENT] - INFO - Sent reply
2025-03-30 12:18:15 - [Cluster 1 - CLIENT] - INFO - [Store 69] Evaluation - Loss: 0.2025, MAE: 0.2538
2025-03-30 12:18:15 - [Cluster 1 - CLIENT] - INFO - Sent reply
2025-03-30 12:18:15 - [Cluster 1 - CLIENT] - INFO - [Store 320] Evaluation - Loss: 0.2404, MAE: 0.2920
2025-03-30 12:18:15 - [Cluster 1 - CLIENT] - INFO - Sent reply
2025-03-30 12:18:15 - [Cluster 1 - CLIENT] - INFO - [Store 846] Evaluation - Loss: 0.2487, MAE: 0.3225
2025-03-30 12:18:15 - [Cluster 1 - CLIENT] - INFO - Sent reply
2025-03-30 12:18:15 - [Cluster 1 - CLIENT] - INFO - [Store 245] Evaluation - Loss: 0.3003, MAE: 0.3485
2025-03-30 12:18:15 - [Cluster 1 - CLIENT] - INFO - Sent reply
2025-03-30 12:18:16 - [Cluster 1 - CLIENT] - INFO - [Store 1112] Evaluation - Loss: 0.2012, MAE: 0.2904
2025-03-30 12:18:16 - [Cluster 1 - CLIENT] - INFO - Sent reply
2025-03-30 12:18:16 - [Cluster 1 - CLIENT] - INFO - [Store 448] Evaluation - Loss: 0.2490, MAE: 0.3153
2025-03-30 12:18:16 - [Cluster 1 - CLIENT] - INFO - [Store 826] Evaluation - Loss: 0.3296, MAE: 0.3465
2025-03-30 12:18:16 - [Cluster 1 - CLIENT] - INFO - Sent reply
2025-03-30 12:18:16 - [Cluster 1 - CLIENT] - INFO - Sent reply
2025-03-30 12:18:16 - [Cluster 1 - CLIENT] - INFO - [Store 545] Evaluation - Loss: 0.3055, MAE: 0.3714
2025-03-30 12:18:16 - [Cluster 1 - CLIENT] - INFO - Sent reply
2025-03-30 12:18:16 - [Cluster 1 - CLIENT] - INFO - [Store 211] Evaluation - Loss: 0.2399, MAE: 0.3247
2025-03-30 12:18:16 - [Cluster 1 - CLIENT] - INFO - Sent reply
2025-03-30 12:18:16 - [Cluster 1 - CLIENT] - INFO - [Store 560] Evaluation - Loss: 0.2270, MAE: 0.2926
2025-03-30 12:18:16 - [Cluster 1 - CLIENT] - INFO - Sent reply
2025-03-30 12:18:16 - [Cluster 1 - CLIENT] - INFO - 
2025-03-30 12:18:16 - [Cluster 1 - CLIENT] - INFO - Received: train message 16878543-1d8b-41b1-8725-51bfcc6e9ec0
2025-03-30 12:18:16 - [Cluster 1 - CLIENT] - INFO - 
2025-03-30 12:18:16 - [Cluster 1 - CLIENT] - INFO - Received: train message dc9c8825-b53d-4c45-b706-7b4470677085
2025-03-30 12:18:16 - [Cluster 1 - CLIENT] - INFO - 
2025-03-30 12:18:16 - [Cluster 1 - CLIENT] - INFO - Received: train message 11603ee4-8b04-4b0d-bcfc-785ff0fe3798
2025-03-30 12:18:16 - [Cluster 1 - CLIENT] - INFO - 
2025-03-30 12:18:16 - [Cluster 1 - CLIENT] - INFO - Received: train message 8c0aa153-9849-4eea-8371-f549218e3965
2025-03-30 12:18:16 - [Cluster 1 - CLIENT] - INFO - 
2025-03-30 12:18:16 - [Cluster 1 - CLIENT] - INFO - Received: train message a97bb96c-e4d8-4dee-8544-b69155e31b0d
2025-03-30 12:18:16 - [Cluster 1 - CLIENT] - INFO - 
2025-03-30 12:18:16 - [Cluster 1 - CLIENT] - INFO - Received: train message 63249af6-fc0f-4a56-974c-f02a37e8a3d1
2025-03-30 12:18:16 - [Cluster 1 - CLIENT] - INFO - 
2025-03-30 12:18:16 - [Cluster 1 - CLIENT] - INFO - Received: train message 6417410a-54fc-4d13-a9f3-39dbc03f6afb
2025-03-30 12:18:16 - [Cluster 1 - CLIENT] - INFO - 
2025-03-30 12:18:16 - [Cluster 1 - CLIENT] - INFO - Received: train message f51837a7-354f-4234-a19e-8bfacbd34420
2025-03-30 12:18:16 - [Cluster 1 - CLIENT] - INFO - [Store 679] Starting local training.
2025-03-30 12:18:16 - [Cluster 1 - CLIENT] - INFO - [Store 320] Starting local training.
2025-03-30 12:18:16 - [Cluster 1 - CLIENT] - INFO - 
2025-03-30 12:18:16 - [Cluster 1 - CLIENT] - INFO - Received: train message d0cf3b0c-6422-481f-9153-1a378ac13a1c
2025-03-30 12:18:16 - [Cluster 1 - CLIENT] - INFO - 
2025-03-30 12:18:16 - [Cluster 1 - CLIENT] - INFO - Received: train message 978aef8b-de78-4976-b14e-af9ce5593991
2025-03-30 12:18:16 - [Cluster 1 - CLIENT] - INFO - [Store 1112] Starting local training.
2025-03-30 12:18:16 - [Cluster 1 - CLIENT] - INFO - 
2025-03-30 12:18:16 - [Cluster 1 - CLIENT] - INFO - Received: train message 21cb4c7a-5ce1-47ca-a7f6-989bfe29d284
2025-03-30 12:18:16 - [Cluster 1 - CLIENT] - INFO - 
2025-03-30 12:18:16 - [Cluster 1 - CLIENT] - INFO - Received: train message f5d639aa-27f3-4eeb-8e63-a0982a32097b
2025-03-30 12:18:16 - [Cluster 1 - CLIENT] - INFO - [Store 665] Starting local training.
2025-03-30 12:18:16 - [Cluster 1 - CLIENT] - INFO - [Store 245] Starting local training.
2025-03-30 12:18:16 - [Cluster 1 - CLIENT] - INFO - 
2025-03-30 12:18:16 - [Cluster 1 - CLIENT] - INFO - Received: train message eb7500a8-99b8-4ac6-96ff-f511bf05d07b
2025-03-30 12:18:16 - [Cluster 1 - CLIENT] - INFO - [Store 872] Starting local training.
2025-03-30 12:18:16 - [Cluster 1 - CLIENT] - INFO - 
2025-03-30 12:18:16 - [Cluster 1 - CLIENT] - INFO - Received: train message b889c47c-cf0b-4a43-9032-ba3374b6c6f4
2025-03-30 12:18:16 - [Cluster 1 - CLIENT] - INFO - [Store 211] Starting local training.
2025-03-30 12:18:16 - [Cluster 1 - CLIENT] - INFO - 
2025-03-30 12:18:16 - [Cluster 1 - CLIENT] - INFO - [Store 459] Starting local training.
2025-03-30 12:18:16 - [Cluster 1 - CLIENT] - INFO - Received: train message 4f965572-deeb-4655-b083-2aac48455247
2025-03-30 12:18:16 - [Cluster 1 - CLIENT] - INFO - [Store 722] Starting local training.
2025-03-30 12:18:16 - [Cluster 1 - CLIENT] - INFO - [Store 421] Starting local training.
2025-03-30 12:18:16 - [Cluster 1 - CLIENT] - INFO - [Store 444] Starting local training.
2025-03-30 12:18:16 - [Cluster 1 - CLIENT] - INFO - [Store 431] Starting local training.
2025-03-30 12:18:16 - [Cluster 1 - CLIENT] - INFO - [Store 150] Starting local training.
2025-03-30 12:18:16 - [Cluster 1 - CLIENT] - INFO - [Store 125] Starting local training.
2025-03-30 12:18:16 - [Cluster 1 - CLIENT] - INFO - [Store 479] Starting local training.
2025-03-30 12:21:54 - [Cluster 1 - CLIENT] - INFO - [Store 665] Local training complete.
2025-03-30 12:21:55 - [Cluster 1 - CLIENT] - INFO - Sent reply
2025-03-30 12:21:55 - [Cluster 1 - CLIENT] - INFO - 
2025-03-30 12:21:55 - [Cluster 1 - CLIENT] - INFO - Received: train message 6b022362-54f1-4ecc-8289-b54b4b24bc9a
2025-03-30 12:21:55 - [Cluster 1 - CLIENT] - INFO - [Store 545] Starting local training.
2025-03-30 12:21:56 - [Cluster 1 - CLIENT] - INFO - [Store 1112] Local training complete.
2025-03-30 12:21:56 - [Cluster 1 - CLIENT] - INFO - Sent reply
2025-03-30 12:21:56 - [Cluster 1 - CLIENT] - INFO - 
2025-03-30 12:21:56 - [Cluster 1 - CLIENT] - INFO - Received: train message 463ef0e1-ec1a-48f7-b734-25605935fef3
2025-03-30 12:21:56 - [Cluster 1 - CLIENT] - INFO - [Store 560] Starting local training.
2025-03-30 12:21:56 - [Cluster 1 - CLIENT] - INFO - [Store 722] Local training complete.
2025-03-30 12:21:56 - [Cluster 1 - CLIENT] - INFO - Sent reply
2025-03-30 12:21:56 - [Cluster 1 - CLIENT] - INFO - 
2025-03-30 12:21:56 - [Cluster 1 - CLIENT] - INFO - Received: train message 7fb2eefd-441d-4ada-93e8-9cda8a3fb5a9
2025-03-30 12:21:56 - [Cluster 1 - CLIENT] - INFO - [Store 69] Starting local training.
2025-03-30 12:21:57 - [Cluster 1 - CLIENT] - INFO - [Store 211] Local training complete.
2025-03-30 12:21:57 - [Cluster 1 - CLIENT] - INFO - Sent reply
2025-03-30 12:21:57 - [Cluster 1 - CLIENT] - INFO - 
2025-03-30 12:21:57 - [Cluster 1 - CLIENT] - INFO - Received: train message b8cb3c01-9944-43d6-852d-c1e11a60eb47
2025-03-30 12:21:57 - [Cluster 1 - CLIENT] - INFO - [Store 147] Starting local training.
2025-03-30 12:21:58 - [Cluster 1 - CLIENT] - INFO - [Store 679] Local training complete.
2025-03-30 12:21:58 - [Cluster 1 - CLIENT] - INFO - Sent reply
2025-03-30 12:21:58 - [Cluster 1 - CLIENT] - INFO - 
2025-03-30 12:21:58 - [Cluster 1 - CLIENT] - INFO - Received: train message d4ec5e91-cd07-4bdf-8609-af6e6ba81990
2025-03-30 12:21:58 - [Cluster 1 - CLIENT] - INFO - [Store 928] Starting local training.
2025-03-30 12:21:59 - [Cluster 1 - CLIENT] - INFO - [Store 245] Local training complete.
2025-03-30 12:21:59 - [Cluster 1 - CLIENT] - INFO - Sent reply
2025-03-30 12:21:59 - [Cluster 1 - CLIENT] - INFO - 
2025-03-30 12:21:59 - [Cluster 1 - CLIENT] - INFO - Received: train message c7d5d245-01ac-4157-8d9f-c9ff6d6e8a2f
2025-03-30 12:21:59 - [Cluster 1 - CLIENT] - INFO - [Store 754] Starting local training.
2025-03-30 12:22:01 - [Cluster 1 - CLIENT] - INFO - [Store 479] Local training complete.
2025-03-30 12:22:01 - [Cluster 1 - CLIENT] - INFO - Sent reply
2025-03-30 12:22:01 - [Cluster 1 - CLIENT] - INFO - 
2025-03-30 12:22:01 - [Cluster 1 - CLIENT] - INFO - Received: train message b5b57563-7459-4b30-b18d-b2a7d97636b8
2025-03-30 12:22:01 - [Cluster 1 - CLIENT] - INFO - [Store 448] Starting local training.
2025-03-30 12:22:02 - [Cluster 1 - CLIENT] - INFO - [Store 444] Local training complete.
2025-03-30 12:22:02 - [Cluster 1 - CLIENT] - INFO - [Store 150] Local training complete.
2025-03-30 12:22:02 - [Cluster 1 - CLIENT] - INFO - Sent reply
2025-03-30 12:22:02 - [Cluster 1 - CLIENT] - INFO - 
2025-03-30 12:22:02 - [Cluster 1 - CLIENT] - INFO - Received: train message d5f6db22-b5b6-4a06-8c86-e0e01a4efc22
2025-03-30 12:22:02 - [Cluster 1 - CLIENT] - INFO - [Store 905] Starting local training.
2025-03-30 12:22:02 - [Cluster 1 - CLIENT] - INFO - [Store 125] Local training complete.
2025-03-30 12:22:02 - [Cluster 1 - CLIENT] - INFO - Sent reply
2025-03-30 12:22:02 - [Cluster 1 - CLIENT] - INFO - 
2025-03-30 12:22:02 - [Cluster 1 - CLIENT] - INFO - Received: train message da3cfc99-4307-41aa-a203-ce435c2b04d2
2025-03-30 12:22:02 - [Cluster 1 - CLIENT] - INFO - [Store 967] Starting local training.
2025-03-30 12:22:02 - [Cluster 1 - CLIENT] - INFO - Sent reply
2025-03-30 12:22:02 - [Cluster 1 - CLIENT] - INFO - 
2025-03-30 12:22:02 - [Cluster 1 - CLIENT] - INFO - Received: train message f0819c1c-ed4d-4d0f-bc12-5c75dd010bbc
2025-03-30 12:22:02 - [Cluster 1 - CLIENT] - INFO - [Store 593] Starting local training.
2025-03-30 12:22:02 - [Cluster 1 - CLIENT] - INFO - [Store 320] Local training complete.
2025-03-30 12:22:02 - [Cluster 1 - CLIENT] - INFO - Sent reply
2025-03-30 12:22:02 - [Cluster 1 - CLIENT] - INFO - 
2025-03-30 12:22:02 - [Cluster 1 - CLIENT] - INFO - Received: train message 7f7c2696-c787-4c28-8cc8-47d1c4a12e45
2025-03-30 12:22:02 - [Cluster 1 - CLIENT] - INFO - [Store 211] Starting local training.
2025-03-30 12:22:03 - [Cluster 1 - CLIENT] - INFO - [Store 459] Local training complete.
2025-03-30 12:22:03 - [Cluster 1 - CLIENT] - INFO - Sent reply
2025-03-30 12:22:03 - [Cluster 1 - CLIENT] - INFO - 
2025-03-30 12:22:03 - [Cluster 1 - CLIENT] - INFO - Received: train message 553ed567-7a04-4e45-b7c4-fd62bd565d2e
2025-03-30 12:22:03 - [Cluster 1 - CLIENT] - INFO - [Store 826] Starting local training.
2025-03-30 12:22:05 - [Cluster 1 - CLIENT] - INFO - [Store 872] Local training complete.
2025-03-30 12:22:05 - [Cluster 1 - CLIENT] - INFO - Sent reply
2025-03-30 12:22:05 - [Cluster 1 - CLIENT] - INFO - 
2025-03-30 12:22:05 - [Cluster 1 - CLIENT] - INFO - Received: train message a4533450-358c-4a32-9bbf-22e230f61fcd
2025-03-30 12:22:05 - [Cluster 1 - CLIENT] - INFO - [Store 683] Starting local training.
2025-03-30 12:22:05 - [Cluster 1 - CLIENT] - INFO - [Store 421] Local training complete.
2025-03-30 12:22:05 - [Cluster 1 - CLIENT] - INFO - Sent reply
2025-03-30 12:22:05 - [Cluster 1 - CLIENT] - INFO - 
2025-03-30 12:22:05 - [Cluster 1 - CLIENT] - INFO - Received: train message 9ffdfde7-c694-4d6f-8727-7b2db002111a
2025-03-30 12:22:06 - [Cluster 1 - CLIENT] - INFO - [Store 846] Starting local training.
2025-03-30 12:22:42 - [Cluster 1 - CLIENT] - INFO - [Store 431] Local training complete.
2025-03-30 12:22:42 - [Cluster 1 - CLIENT] - INFO - Sent reply
2025-03-30 12:22:42 - [Cluster 1 - CLIENT] - INFO - 
2025-03-30 12:22:42 - [Cluster 1 - CLIENT] - INFO - Received: train message 3e944dfe-d7b8-4d36-b930-ee6d89179298
2025-03-30 12:22:42 - [Cluster 1 - CLIENT] - INFO - [Store 1043] Starting local training.
2025-03-30 12:25:42 - [Cluster 1 - CLIENT] - INFO - [Store 754] Local training complete.
2025-03-30 12:25:42 - [Cluster 1 - CLIENT] - INFO - Sent reply
2025-03-30 12:25:43 - [Cluster 1 - CLIENT] - INFO - [Store 545] Local training complete.
2025-03-30 12:25:43 - [Cluster 1 - CLIENT] - INFO - Sent reply
2025-03-30 12:25:43 - [Cluster 1 - CLIENT] - INFO - [Store 69] Local training complete.
2025-03-30 12:25:43 - [Cluster 1 - CLIENT] - INFO - Sent reply
2025-03-30 12:25:44 - [Cluster 1 - CLIENT] - INFO - [Store 560] Local training complete.
2025-03-30 12:25:44 - [Cluster 1 - CLIENT] - INFO - [Store 448] Local training complete.
2025-03-30 12:25:44 - [Cluster 1 - CLIENT] - INFO - Sent reply
2025-03-30 12:25:44 - [Cluster 1 - CLIENT] - INFO - Sent reply
2025-03-30 12:25:46 - [Cluster 1 - CLIENT] - INFO - [Store 147] Local training complete.
2025-03-30 12:25:46 - [Cluster 1 - CLIENT] - INFO - Sent reply
2025-03-30 12:25:46 - [Cluster 1 - CLIENT] - INFO - [Store 826] Local training complete.
2025-03-30 12:25:46 - [Cluster 1 - CLIENT] - INFO - Sent reply
2025-03-30 12:25:46 - [Cluster 1 - CLIENT] - INFO - [Store 905] Local training complete.
2025-03-30 12:25:46 - [Cluster 1 - CLIENT] - INFO - Sent reply
2025-03-30 12:25:47 - [Cluster 1 - CLIENT] - INFO - [Store 211] Local training complete.
2025-03-30 12:25:47 - [Cluster 1 - CLIENT] - INFO - Sent reply
2025-03-30 12:25:48 - [Cluster 1 - CLIENT] - INFO - [Store 846] Local training complete.
2025-03-30 12:25:48 - [Cluster 1 - CLIENT] - INFO - [Store 593] Local training complete.
2025-03-30 12:25:48 - [Cluster 1 - CLIENT] - INFO - Sent reply
2025-03-30 12:25:48 - [Cluster 1 - CLIENT] - INFO - Sent reply
2025-03-30 12:25:48 - [Cluster 1 - CLIENT] - INFO - [Store 967] Local training complete.
2025-03-30 12:25:48 - [Cluster 1 - CLIENT] - INFO - Sent reply
2025-03-30 12:25:48 - [Cluster 1 - CLIENT] - INFO - [Store 683] Local training complete.
2025-03-30 12:25:48 - [Cluster 1 - CLIENT] - INFO - Sent reply
2025-03-30 12:25:49 - [Cluster 1 - CLIENT] - INFO - [Store 928] Local training complete.
2025-03-30 12:25:49 - [Cluster 1 - CLIENT] - INFO - Sent reply
2025-03-30 12:25:52 - [Cluster 1 - CLIENT] - INFO - [Store 1043] Local training complete.
2025-03-30 12:25:52 - [Cluster 1 - CLIENT] - INFO - Sent reply
2025-03-30 12:25:52 - [Cluster 1 - CLIENT] - INFO - 
2025-03-30 12:25:52 - [Cluster 1 - CLIENT] - INFO - Received: evaluate message ed842365-b563-4ad7-9182-be94bf8f334a
2025-03-30 12:25:52 - [Cluster 1 - CLIENT] - INFO - 
2025-03-30 12:25:52 - [Cluster 1 - CLIENT] - INFO - Received: evaluate message 64cd6ef3-0ac6-4f7d-8a18-856c6343e3ac
2025-03-30 12:25:52 - [Cluster 1 - CLIENT] - INFO - 
2025-03-30 12:25:52 - [Cluster 1 - CLIENT] - INFO - Received: evaluate message a0b2725e-404a-4033-9173-54722f933b18
2025-03-30 12:25:52 - [Cluster 1 - CLIENT] - INFO - 
2025-03-30 12:25:52 - [Cluster 1 - CLIENT] - INFO - Received: evaluate message d6f4a40a-8c34-46cf-b5eb-2804ce090294
2025-03-30 12:25:52 - [Cluster 1 - CLIENT] - INFO - 
2025-03-30 12:25:52 - [Cluster 1 - CLIENT] - INFO - Received: evaluate message a36d1a0a-8fdc-40b8-8563-edede527a3f7
2025-03-30 12:25:52 - [Cluster 1 - CLIENT] - INFO - 
2025-03-30 12:25:52 - [Cluster 1 - CLIENT] - INFO - Received: evaluate message 9c1f853d-14b2-43f7-b985-a3684cfd8876
2025-03-30 12:25:52 - [Cluster 1 - CLIENT] - INFO - 
2025-03-30 12:25:52 - [Cluster 1 - CLIENT] - INFO - Received: evaluate message d921261f-89f7-409f-80ba-a65ba7e9ff9a
2025-03-30 12:25:52 - [Cluster 1 - CLIENT] - INFO - 
2025-03-30 12:25:52 - [Cluster 1 - CLIENT] - INFO - Received: evaluate message 5e8622ea-7719-4488-b36a-15332b4eb7ee
2025-03-30 12:25:52 - [Cluster 1 - CLIENT] - INFO - 
2025-03-30 12:25:52 - [Cluster 1 - CLIENT] - INFO - Received: evaluate message 5cdb53eb-a86c-4d1e-bc9c-e531077b71a7
2025-03-30 12:25:52 - [Cluster 1 - CLIENT] - INFO - 
2025-03-30 12:25:52 - [Cluster 1 - CLIENT] - INFO - Received: evaluate message 4218826c-b91c-4037-959b-2c133f1fefae
2025-03-30 12:25:52 - [Cluster 1 - CLIENT] - INFO - 
2025-03-30 12:25:52 - [Cluster 1 - CLIENT] - INFO - Received: evaluate message 18fd5796-b9d2-44c7-97a4-4abfec791d18
2025-03-30 12:25:52 - [Cluster 1 - CLIENT] - INFO - 
2025-03-30 12:25:52 - [Cluster 1 - CLIENT] - INFO - Received: evaluate message d2a0bfc7-8bb3-4958-a1e8-74102f2b483d
2025-03-30 12:25:52 - [Cluster 1 - CLIENT] - INFO - 
2025-03-30 12:25:52 - [Cluster 1 - CLIENT] - INFO - Received: evaluate message 4e087807-fa8e-4d34-82e3-4029f2e07537
2025-03-30 12:25:52 - [Cluster 1 - CLIENT] - INFO - 
2025-03-30 12:25:52 - [Cluster 1 - CLIENT] - INFO - Received: evaluate message d46dc725-d569-430a-8855-4ddbca257a7b
2025-03-30 12:25:52 - [Cluster 1 - CLIENT] - INFO - 
2025-03-30 12:25:52 - [Cluster 1 - CLIENT] - INFO - Received: evaluate message c45abef0-82d8-4f1d-87bf-0c479f785f2b
2025-03-30 12:25:53 - [Cluster 1 - CLIENT] - INFO - [Store 459] Evaluation - Loss: 0.1983, MAE: 0.2928
2025-03-30 12:25:53 - [Cluster 1 - CLIENT] - INFO - Sent reply
2025-03-30 12:25:53 - [Cluster 1 - CLIENT] - INFO - [Store 545] Evaluation - Loss: 0.3046, MAE: 0.3702
2025-03-30 12:25:53 - [Cluster 1 - CLIENT] - INFO - Sent reply
2025-03-30 12:25:53 - [Cluster 1 - CLIENT] - INFO - 
2025-03-30 12:25:53 - [Cluster 1 - CLIENT] - INFO - Received: evaluate message bf896173-bb36-418f-9bb6-2522a86bdfc6
2025-03-30 12:25:53 - [Cluster 1 - CLIENT] - INFO - 
2025-03-30 12:25:53 - [Cluster 1 - CLIENT] - INFO - Received: evaluate message 092147da-6870-44fc-8ec5-46153339a5dc
2025-03-30 12:25:53 - [Cluster 1 - CLIENT] - INFO - [Store 560] Evaluation - Loss: 0.2217, MAE: 0.2837
2025-03-30 12:25:53 - [Cluster 1 - CLIENT] - INFO - [Store 479] Evaluation - Loss: 0.2012, MAE: 0.2653
2025-03-30 12:25:53 - [Cluster 1 - CLIENT] - INFO - Sent reply
2025-03-30 12:25:53 - [Cluster 1 - CLIENT] - INFO - Sent reply
2025-03-30 12:25:53 - [Cluster 1 - CLIENT] - INFO - 
2025-03-30 12:25:53 - [Cluster 1 - CLIENT] - INFO - Received: evaluate message 962882fc-9de8-482d-87c4-75bfb09bda74
2025-03-30 12:25:53 - [Cluster 1 - CLIENT] - INFO - 
2025-03-30 12:25:53 - [Cluster 1 - CLIENT] - INFO - Received: evaluate message 26cbc3ba-f3ad-43a5-9bb0-f72122b93c3f
2025-03-30 12:25:53 - [Cluster 1 - CLIENT] - INFO - [Store 125] Evaluation - Loss: 0.2583, MAE: 0.3209
2025-03-30 12:25:53 - [Cluster 1 - CLIENT] - INFO - [Store 147] Evaluation - Loss: 0.2400, MAE: 0.2965
2025-03-30 12:25:53 - [Cluster 1 - CLIENT] - INFO - [Store 683] Evaluation - Loss: 0.1698, MAE: 0.2432
2025-03-30 12:25:53 - [Cluster 1 - CLIENT] - INFO - Sent reply
2025-03-30 12:25:53 - [Cluster 1 - CLIENT] - INFO - [Store 431] Evaluation - Loss: 0.3012, MAE: 0.3423
2025-03-30 12:25:53 - [Cluster 1 - CLIENT] - INFO - Sent reply
2025-03-30 12:25:53 - [Cluster 1 - CLIENT] - INFO - Sent reply
2025-03-30 12:25:53 - [Cluster 1 - CLIENT] - INFO - [Store 1112] Evaluation - Loss: 0.1964, MAE: 0.2857
2025-03-30 12:25:53 - [Cluster 1 - CLIENT] - INFO - Sent reply
2025-03-30 12:25:53 - [Cluster 1 - CLIENT] - INFO - Sent reply
2025-03-30 12:25:53 - [Cluster 1 - CLIENT] - INFO - 
2025-03-30 12:25:53 - [Cluster 1 - CLIENT] - INFO - Received: evaluate message 98bca7b3-31ab-4bdd-85cb-c2fe16ca7de4
2025-03-30 12:25:53 - [Cluster 1 - CLIENT] - INFO - [Store 150] Evaluation - Loss: 0.2141, MAE: 0.2788
2025-03-30 12:25:53 - [Cluster 1 - CLIENT] - INFO - 
2025-03-30 12:25:53 - [Cluster 1 - CLIENT] - INFO - Received: evaluate message 4c6b9a1f-ee25-46ef-a681-8ef0438efef1
2025-03-30 12:25:53 - [Cluster 1 - CLIENT] - INFO - Sent reply
2025-03-30 12:25:53 - [Cluster 1 - CLIENT] - INFO - 
2025-03-30 12:25:53 - [Cluster 1 - CLIENT] - INFO - Received: evaluate message 99dc5084-feea-481a-bef3-bce844ff92d5
2025-03-30 12:25:53 - [Cluster 1 - CLIENT] - INFO - 
2025-03-30 12:25:53 - [Cluster 1 - CLIENT] - INFO - Received: evaluate message 716401d8-b319-4b1c-b90b-f4bd80ce248a
2025-03-30 12:25:53 - [Cluster 1 - CLIENT] - INFO - 
2025-03-30 12:25:53 - [Cluster 1 - CLIENT] - INFO - Received: evaluate message c4ec8819-4ebd-4b2f-ae85-8bd20ceaa144
2025-03-30 12:25:53 - [Cluster 1 - CLIENT] - INFO - [Store 448] Evaluation - Loss: 0.2491, MAE: 0.3126
2025-03-30 12:25:53 - [Cluster 1 - CLIENT] - INFO - Sent reply
2025-03-30 12:25:53 - [Cluster 1 - CLIENT] - INFO - [Store 245] Evaluation - Loss: 0.2980, MAE: 0.3422
2025-03-30 12:25:53 - [Cluster 1 - CLIENT] - INFO - 
2025-03-30 12:25:53 - [Cluster 1 - CLIENT] - INFO - Sent reply
2025-03-30 12:25:53 - [Cluster 1 - CLIENT] - INFO - Received: evaluate message e292bf34-b483-4fe6-bdd5-22b004fd6c97
2025-03-30 12:25:53 - [Cluster 1 - CLIENT] - INFO - [Store 665] Evaluation - Loss: 0.2179, MAE: 0.2925
2025-03-30 12:25:53 - [Cluster 1 - CLIENT] - INFO - Sent reply
2025-03-30 12:25:53 - [Cluster 1 - CLIENT] - INFO - [Store 320] Evaluation - Loss: 0.2394, MAE: 0.2907
2025-03-30 12:25:53 - [Cluster 1 - CLIENT] - INFO - Sent reply
2025-03-30 12:25:53 - [Cluster 1 - CLIENT] - INFO - 
2025-03-30 12:25:53 - [Cluster 1 - CLIENT] - INFO - Received: evaluate message a26423dd-41a9-495d-9f76-eb4d0b4c5882
2025-03-30 12:25:53 - [Cluster 1 - CLIENT] - INFO - 
2025-03-30 12:25:53 - [Cluster 1 - CLIENT] - INFO - Received: evaluate message 8b33885c-0811-4873-bf0e-2691eb76ca4c
2025-03-30 12:25:53 - [Cluster 1 - CLIENT] - INFO - 
2025-03-30 12:25:53 - [Cluster 1 - CLIENT] - INFO - Received: evaluate message 64d63968-344e-4819-b732-bc0d77ce9167
2025-03-30 12:25:53 - [Cluster 1 - CLIENT] - INFO - 
2025-03-30 12:25:53 - [Cluster 1 - CLIENT] - INFO - Received: evaluate message 903fc37f-03f6-4087-901f-70d51febe13f
2025-03-30 12:25:53 - [Cluster 1 - CLIENT] - INFO - [Store 444] Evaluation - Loss: 0.2653, MAE: 0.3633
2025-03-30 12:25:53 - [Cluster 1 - CLIENT] - INFO - Sent reply
2025-03-30 12:25:53 - [Cluster 1 - CLIENT] - INFO - 
2025-03-30 12:25:53 - [Cluster 1 - CLIENT] - INFO - Received: evaluate message fd4a28d5-4fc1-4cd6-8a24-bf28a732c9b1
2025-03-30 12:25:54 - [Cluster 1 - CLIENT] - INFO - [Store 928] Evaluation - Loss: 0.3069, MAE: 0.3554
2025-03-30 12:25:54 - [Cluster 1 - CLIENT] - INFO - Sent reply
2025-03-30 12:25:54 - [Cluster 1 - CLIENT] - INFO - [Store 593] Evaluation - Loss: 0.2335, MAE: 0.3127
2025-03-30 12:25:54 - [Cluster 1 - CLIENT] - INFO - Sent reply
2025-03-30 12:25:54 - [Cluster 1 - CLIENT] - INFO - [Store 421] Evaluation - Loss: 0.3649, MAE: 0.4190
2025-03-30 12:25:54 - [Cluster 1 - CLIENT] - INFO - [Store 967] Evaluation - Loss: 0.2440, MAE: 0.2961
2025-03-30 12:25:54 - [Cluster 1 - CLIENT] - INFO - Sent reply
2025-03-30 12:25:54 - [Cluster 1 - CLIENT] - INFO - Sent reply
2025-03-30 12:25:54 - [Cluster 1 - CLIENT] - INFO - [Store 211] Evaluation - Loss: 0.2365, MAE: 0.3163
2025-03-30 12:25:54 - [Cluster 1 - CLIENT] - INFO - Sent reply
2025-03-30 12:25:54 - [Cluster 1 - CLIENT] - INFO - [Store 905] Evaluation - Loss: 0.2903, MAE: 0.3655
2025-03-30 12:25:54 - [Cluster 1 - CLIENT] - INFO - [Store 826] Evaluation - Loss: 0.3302, MAE: 0.3435
2025-03-30 12:25:54 - [Cluster 1 - CLIENT] - INFO - Sent reply
2025-03-30 12:25:54 - [Cluster 1 - CLIENT] - INFO - Sent reply
2025-03-30 12:25:54 - [Cluster 1 - CLIENT] - INFO - [Store 846] Evaluation - Loss: 0.2466, MAE: 0.3218
2025-03-30 12:25:54 - [Cluster 1 - CLIENT] - INFO - [Store 722] Evaluation - Loss: 0.2823, MAE: 0.3585
2025-03-30 12:25:54 - [Cluster 1 - CLIENT] - INFO - [Store 754] Evaluation - Loss: 0.1687, MAE: 0.2582
2025-03-30 12:25:54 - [Cluster 1 - CLIENT] - INFO - Sent reply
2025-03-30 12:25:54 - [Cluster 1 - CLIENT] - INFO - Sent reply
2025-03-30 12:25:54 - [Cluster 1 - CLIENT] - INFO - Sent reply
2025-03-30 12:25:54 - [Cluster 1 - CLIENT] - INFO - [Store 69] Evaluation - Loss: 0.1979, MAE: 0.2495
2025-03-30 12:25:54 - [Cluster 1 - CLIENT] - INFO - [Store 679] Evaluation - Loss: 0.1875, MAE: 0.2612
2025-03-30 12:25:54 - [Cluster 1 - CLIENT] - INFO - Sent reply
2025-03-30 12:25:54 - [Cluster 1 - CLIENT] - INFO - [Store 1043] Evaluation - Loss: 0.1930, MAE: 0.2840
2025-03-30 12:25:54 - [Cluster 1 - CLIENT] - INFO - Sent reply
2025-03-30 12:25:54 - [Cluster 1 - CLIENT] - INFO - Sent reply
2025-03-30 12:25:54 - [Cluster 1 - CLIENT] - INFO - [Store 872] Evaluation - Loss: 0.2647, MAE: 0.3126
2025-03-30 12:25:54 - [Cluster 1 - CLIENT] - INFO - Sent reply
2025-03-30 12:25:54 - [Cluster 1 - CLIENT] - INFO - [Store 211] Evaluation - Loss: 0.2365, MAE: 0.3163
2025-03-30 12:25:54 - [Cluster 1 - CLIENT] - INFO - Sent reply
2025-03-30 12:25:54 - [Cluster 1 - CLIENT] - INFO - 
2025-03-30 12:25:54 - [Cluster 1 - CLIENT] - INFO - Received: train message f959873e-4f76-433a-b658-611013b10746
2025-03-30 12:25:54 - [Cluster 1 - CLIENT] - INFO - 
2025-03-30 12:25:54 - [Cluster 1 - CLIENT] - INFO - Received: train message 35104039-2f4f-40e1-a58b-b428c4bc97f8
2025-03-30 12:25:54 - [Cluster 1 - CLIENT] - INFO - 
2025-03-30 12:25:54 - [Cluster 1 - CLIENT] - INFO - Received: train message 6d571f90-8ea8-4f24-894e-983591ea2f80
2025-03-30 12:25:54 - [Cluster 1 - CLIENT] - INFO - 
2025-03-30 12:25:54 - [Cluster 1 - CLIENT] - INFO - Received: train message a0373d85-82f4-4c6d-8cd3-4c461f1f3b5a
2025-03-30 12:25:54 - [Cluster 1 - CLIENT] - INFO - 
2025-03-30 12:25:54 - [Cluster 1 - CLIENT] - INFO - Received: train message 0ab11fb6-68fe-4915-b76d-fc547ca552b2
2025-03-30 12:25:54 - [Cluster 1 - CLIENT] - INFO - 
2025-03-30 12:25:54 - [Cluster 1 - CLIENT] - INFO - Received: train message b6402c3c-7a06-4e3a-bf28-b80447792d97
2025-03-30 12:25:54 - [Cluster 1 - CLIENT] - INFO - 
2025-03-30 12:25:54 - [Cluster 1 - CLIENT] - INFO - Received: train message bb1573c8-fb79-4590-b839-e4b0ab40e6de
2025-03-30 12:25:54 - [Cluster 1 - CLIENT] - INFO - 
2025-03-30 12:25:54 - [Cluster 1 - CLIENT] - INFO - Received: train message a8068b67-af59-4c36-90be-15b91922999c
2025-03-30 12:25:54 - [Cluster 1 - CLIENT] - INFO - [Store 211] Starting local training.
2025-03-30 12:25:54 - [Cluster 1 - CLIENT] - INFO - [Store 754] Starting local training.
2025-03-30 12:25:54 - [Cluster 1 - CLIENT] - INFO - 
2025-03-30 12:25:54 - [Cluster 1 - CLIENT] - INFO - Received: train message 70eb83d4-45d5-4f91-8822-2966c5ff3378
2025-03-30 12:25:54 - [Cluster 1 - CLIENT] - INFO - 
2025-03-30 12:25:54 - [Cluster 1 - CLIENT] - INFO - 
2025-03-30 12:25:54 - [Cluster 1 - CLIENT] - INFO - Received: train message 7d13122c-c595-47bb-89f1-257a397bd911
2025-03-30 12:25:54 - [Cluster 1 - CLIENT] - INFO - Received: train message 1a4f434f-c666-4ee8-b577-e4a5e6b65bbd
2025-03-30 12:25:54 - [Cluster 1 - CLIENT] - INFO - [Store 448] Starting local training.
2025-03-30 12:25:54 - [Cluster 1 - CLIENT] - INFO - 
2025-03-30 12:25:54 - [Cluster 1 - CLIENT] - INFO - Received: train message e21a967e-4343-4e8a-b6e5-5c776186f545
2025-03-30 12:25:54 - [Cluster 1 - CLIENT] - INFO - 
2025-03-30 12:25:54 - [Cluster 1 - CLIENT] - INFO - Received: train message 5bc606d7-4197-4bf0-b253-ca3a429ffd02
2025-03-30 12:25:54 - [Cluster 1 - CLIENT] - INFO - [Store 722] Starting local training.
2025-03-30 12:25:54 - [Cluster 1 - CLIENT] - INFO - 
2025-03-30 12:25:54 - [Cluster 1 - CLIENT] - INFO - Received: train message fa82c65e-0317-469b-b256-9a60e80a04d7
2025-03-30 12:25:54 - [Cluster 1 - CLIENT] - INFO - [Store 421] Starting local training.
2025-03-30 12:25:54 - [Cluster 1 - CLIENT] - INFO - 
2025-03-30 12:25:54 - [Cluster 1 - CLIENT] - INFO - Received: train message edd1f07e-141b-4739-8ba8-f5c5fe2d77b4
2025-03-30 12:25:54 - [Cluster 1 - CLIENT] - INFO - [Store 679] Starting local training.
2025-03-30 12:25:54 - [Cluster 1 - CLIENT] - INFO - [Store 147] Starting local training.
2025-03-30 12:25:54 - [Cluster 1 - CLIENT] - INFO - [Store 560] Starting local training.
2025-03-30 12:25:54 - [Cluster 1 - CLIENT] - INFO - [Store 431] Starting local training.
2025-03-30 12:25:54 - [Cluster 1 - CLIENT] - INFO - [Store 683] Starting local training.
2025-03-30 12:25:54 - [Cluster 1 - CLIENT] - INFO - [Store 479] Starting local training.
2025-03-30 12:25:54 - [Cluster 1 - CLIENT] - INFO - [Store 545] Starting local training.
2025-03-30 12:25:54 - [Cluster 1 - CLIENT] - INFO - [Store 320] Starting local training.
2025-03-30 12:25:54 - [Cluster 1 - CLIENT] - INFO - [Store 459] Starting local training.
2025-03-30 12:25:54 - [Cluster 1 - CLIENT] - INFO - [Store 150] Starting local training.
2025-03-30 12:29:38 - [Cluster 1 - CLIENT] - INFO - [Store 545] Local training complete.
2025-03-30 12:29:38 - [Cluster 1 - CLIENT] - INFO - Sent reply
2025-03-30 12:29:38 - [Cluster 1 - CLIENT] - INFO - 
2025-03-30 12:29:38 - [Cluster 1 - CLIENT] - INFO - Received: train message cad5e9f3-d67b-41c8-8274-6ae11c2a4497
2025-03-30 12:29:38 - [Cluster 1 - CLIENT] - INFO - [Store 967] Starting local training.
2025-03-30 12:29:38 - [Cluster 1 - CLIENT] - INFO - [Store 679] Local training complete.
2025-03-30 12:29:38 - [Cluster 1 - CLIENT] - INFO - Sent reply
2025-03-30 12:29:38 - [Cluster 1 - CLIENT] - INFO - 
2025-03-30 12:29:38 - [Cluster 1 - CLIENT] - INFO - Received: train message 0de66156-2815-48e8-abc7-ee22e599e76d
2025-03-30 12:29:38 - [Cluster 1 - CLIENT] - INFO - [Store 872] Starting local training.
2025-03-30 12:29:39 - [Cluster 1 - CLIENT] - INFO - [Store 459] Local training complete.
2025-03-30 12:29:39 - [Cluster 1 - CLIENT] - INFO - Sent reply
2025-03-30 12:29:39 - [Cluster 1 - CLIENT] - INFO - 
2025-03-30 12:29:39 - [Cluster 1 - CLIENT] - INFO - Received: train message 7fecb3fb-8317-477c-916b-855fda3b4d7b
2025-03-30 12:29:39 - [Cluster 1 - CLIENT] - INFO - [Store 928] Starting local training.
2025-03-30 12:29:39 - [Cluster 1 - CLIENT] - INFO - [Store 448] Local training complete.
2025-03-30 12:29:39 - [Cluster 1 - CLIENT] - INFO - Sent reply
2025-03-30 12:29:39 - [Cluster 1 - CLIENT] - INFO - 
2025-03-30 12:29:39 - [Cluster 1 - CLIENT] - INFO - Received: train message 5c480cc8-058b-4010-9147-2ff68db33ab0
2025-03-30 12:29:39 - [Cluster 1 - CLIENT] - INFO - [Store 1043] Starting local training.
2025-03-30 12:29:40 - [Cluster 1 - CLIENT] - INFO - [Store 722] Local training complete.
2025-03-30 12:29:40 - [Cluster 1 - CLIENT] - INFO - Sent reply
2025-03-30 12:29:40 - [Cluster 1 - CLIENT] - INFO - 
2025-03-30 12:29:40 - [Cluster 1 - CLIENT] - INFO - Received: train message ac3149ea-ec75-4879-ac30-13b7b4a81bc7
2025-03-30 12:29:40 - [Cluster 1 - CLIENT] - INFO - [Store 665] Starting local training.
2025-03-30 12:29:41 - [Cluster 1 - CLIENT] - INFO - [Store 683] Local training complete.
2025-03-30 12:29:41 - [Cluster 1 - CLIENT] - INFO - Sent reply
2025-03-30 12:29:41 - [Cluster 1 - CLIENT] - INFO - 
2025-03-30 12:29:41 - [Cluster 1 - CLIENT] - INFO - Received: train message ede38a98-290f-40b0-bb2e-0a447aa91870
2025-03-30 12:29:41 - [Cluster 1 - CLIENT] - INFO - [Store 245] Starting local training.
2025-03-30 12:29:42 - [Cluster 1 - CLIENT] - INFO - [Store 320] Local training complete.
2025-03-30 12:29:42 - [Cluster 1 - CLIENT] - INFO - Sent reply
2025-03-30 12:29:42 - [Cluster 1 - CLIENT] - INFO - 
2025-03-30 12:29:42 - [Cluster 1 - CLIENT] - INFO - Received: train message 16c6bbd0-ee16-490c-9e13-a2a1b7bb6abd
2025-03-30 12:29:42 - [Cluster 1 - CLIENT] - INFO - [Store 593] Starting local training.
2025-03-30 12:29:43 - [Cluster 1 - CLIENT] - INFO - [Store 560] Local training complete.
2025-03-30 12:29:43 - [Cluster 1 - CLIENT] - INFO - Sent reply
2025-03-30 12:29:43 - [Cluster 1 - CLIENT] - INFO - 
2025-03-30 12:29:43 - [Cluster 1 - CLIENT] - INFO - Received: train message eefef477-2128-48db-8642-eee194a0c270
2025-03-30 12:29:43 - [Cluster 1 - CLIENT] - INFO - [Store 211] Starting local training.
2025-03-30 12:29:44 - [Cluster 1 - CLIENT] - INFO - [Store 150] Local training complete.
2025-03-30 12:29:44 - [Cluster 1 - CLIENT] - INFO - Sent reply
2025-03-30 12:29:44 - [Cluster 1 - CLIENT] - INFO - [Store 147] Local training complete.
2025-03-30 12:29:44 - [Cluster 1 - CLIENT] - INFO - 
2025-03-30 12:29:44 - [Cluster 1 - CLIENT] - INFO - Received: train message 797d2191-9a73-445e-82d1-271145d15d62
2025-03-30 12:29:44 - [Cluster 1 - CLIENT] - INFO - [Store 905] Starting local training.
2025-03-30 12:29:44 - [Cluster 1 - CLIENT] - INFO - Sent reply
2025-03-30 12:29:44 - [Cluster 1 - CLIENT] - INFO - 
2025-03-30 12:29:44 - [Cluster 1 - CLIENT] - INFO - Received: train message db15a0c5-943e-4cc3-85e5-96c0594bbbc3
2025-03-30 12:29:44 - [Cluster 1 - CLIENT] - INFO - [Store 125] Starting local training.
2025-03-30 12:29:44 - [Cluster 1 - CLIENT] - INFO - [Store 421] Local training complete.
2025-03-30 12:29:45 - [Cluster 1 - CLIENT] - INFO - Sent reply
2025-03-30 12:29:45 - [Cluster 1 - CLIENT] - INFO - 
2025-03-30 12:29:45 - [Cluster 1 - CLIENT] - INFO - Received: train message 36239da8-b720-465d-9c3c-7aca44a38f23
2025-03-30 12:29:45 - [Cluster 1 - CLIENT] - INFO - [Store 826] Starting local training.
2025-03-30 12:29:45 - [Cluster 1 - CLIENT] - INFO - [Store 754] Local training complete.
2025-03-30 12:29:46 - [Cluster 1 - CLIENT] - INFO - [Store 211] Local training complete.
2025-03-30 12:29:46 - [Cluster 1 - CLIENT] - INFO - Sent reply
2025-03-30 12:29:46 - [Cluster 1 - CLIENT] - INFO - 
2025-03-30 12:29:46 - [Cluster 1 - CLIENT] - INFO - Received: train message 90526ad7-4798-425e-a10e-cbcba177dc79
2025-03-30 12:29:46 - [Cluster 1 - CLIENT] - INFO - [Store 444] Starting local training.
2025-03-30 12:29:46 - [Cluster 1 - CLIENT] - INFO - Sent reply
2025-03-30 12:29:46 - [Cluster 1 - CLIENT] - INFO - 
2025-03-30 12:29:46 - [Cluster 1 - CLIENT] - INFO - Received: train message 6db900bb-e91f-46b4-a6da-5a344cd58226
2025-03-30 12:29:46 - [Cluster 1 - CLIENT] - INFO - [Store 846] Starting local training.
2025-03-30 12:29:46 - [Cluster 1 - CLIENT] - INFO - [Store 431] Local training complete.
2025-03-30 12:29:46 - [Cluster 1 - CLIENT] - INFO - Sent reply
2025-03-30 12:29:46 - [Cluster 1 - CLIENT] - INFO - 
2025-03-30 12:29:46 - [Cluster 1 - CLIENT] - INFO - Received: train message bcca162d-b126-41c5-9a6c-0667119d0471
2025-03-30 12:29:46 - [Cluster 1 - CLIENT] - INFO - [Store 1112] Starting local training.
2025-03-30 12:29:48 - [Cluster 1 - CLIENT] - INFO - [Store 479] Local training complete.
2025-03-30 12:29:48 - [Cluster 1 - CLIENT] - INFO - Sent reply
2025-03-30 12:29:48 - [Cluster 1 - CLIENT] - INFO - 
2025-03-30 12:29:48 - [Cluster 1 - CLIENT] - INFO - Received: train message 4f47da7e-c98b-4602-a160-0f99a4fd7138
2025-03-30 12:29:48 - [Cluster 1 - CLIENT] - INFO - [Store 69] Starting local training.
2025-03-30 12:33:25 - [Cluster 1 - CLIENT] - INFO - [Store 1043] Local training complete.
2025-03-30 12:33:25 - [Cluster 1 - CLIENT] - INFO - Sent reply
2025-03-30 12:33:25 - [Cluster 1 - CLIENT] - INFO - [Store 872] Local training complete.
2025-03-30 12:33:25 - [Cluster 1 - CLIENT] - INFO - Sent reply
2025-03-30 12:33:27 - [Cluster 1 - CLIENT] - INFO - [Store 211] Local training complete.
2025-03-30 12:33:27 - [Cluster 1 - CLIENT] - INFO - Sent reply
2025-03-30 12:33:27 - [Cluster 1 - CLIENT] - INFO - [Store 928] Local training complete.
2025-03-30 12:33:27 - [Cluster 1 - CLIENT] - INFO - Sent reply
2025-03-30 12:33:27 - [Cluster 1 - CLIENT] - INFO - [Store 967] Local training complete.
2025-03-30 12:33:27 - [Cluster 1 - CLIENT] - INFO - Sent reply
2025-03-30 12:33:28 - [Cluster 1 - CLIENT] - INFO - [Store 444] Local training complete.
2025-03-30 12:33:28 - [Cluster 1 - CLIENT] - INFO - [Store 665] Local training complete.
2025-03-30 12:33:28 - [Cluster 1 - CLIENT] - INFO - Sent reply
2025-03-30 12:33:28 - [Cluster 1 - CLIENT] - INFO - Sent reply
2025-03-30 12:33:29 - [Cluster 1 - CLIENT] - INFO - [Store 905] Local training complete.
2025-03-30 12:33:29 - [Cluster 1 - CLIENT] - INFO - Sent reply
2025-03-30 12:33:29 - [Cluster 1 - CLIENT] - INFO - [Store 125] Local training complete.
2025-03-30 12:33:29 - [Cluster 1 - CLIENT] - INFO - Sent reply
2025-03-30 12:33:30 - [Cluster 1 - CLIENT] - INFO - [Store 826] Local training complete.
2025-03-30 12:33:30 - [Cluster 1 - CLIENT] - INFO - Sent reply
2025-03-30 12:33:30 - [Cluster 1 - CLIENT] - INFO - [Store 245] Local training complete.
2025-03-30 12:33:30 - [Cluster 1 - CLIENT] - INFO - Sent reply
2025-03-30 12:33:30 - [Cluster 1 - CLIENT] - INFO - [Store 846] Local training complete.
2025-03-30 12:33:30 - [Cluster 1 - CLIENT] - INFO - [Store 593] Local training complete.
2025-03-30 12:33:30 - [Cluster 1 - CLIENT] - INFO - Sent reply
2025-03-30 12:33:30 - [Cluster 1 - CLIENT] - INFO - Sent reply
2025-03-30 12:33:30 - [Cluster 1 - CLIENT] - INFO - [Store 69] Local training complete.
2025-03-30 12:33:30 - [Cluster 1 - CLIENT] - INFO - Sent reply
2025-03-30 12:33:30 - [Cluster 1 - CLIENT] - INFO - [Store 1112] Local training complete.
2025-03-30 12:33:30 - [Cluster 1 - CLIENT] - INFO - Sent reply
2025-03-30 12:33:30 - [Cluster 1 - CLIENT] - INFO - 
2025-03-30 12:33:30 - [Cluster 1 - CLIENT] - INFO - Received: evaluate message 61e4a11b-a8bc-400c-9e74-8393f67ece3c
2025-03-30 12:33:30 - [Cluster 1 - CLIENT] - INFO - 
2025-03-30 12:33:30 - [Cluster 1 - CLIENT] - INFO - Received: evaluate message 5b38ce55-c922-49a5-a2a2-69f1a0c4365a
2025-03-30 12:33:30 - [Cluster 1 - CLIENT] - INFO - 
2025-03-30 12:33:30 - [Cluster 1 - CLIENT] - INFO - Received: evaluate message 4b024ede-1204-48cf-afb8-64874150ba33
2025-03-30 12:33:30 - [Cluster 1 - CLIENT] - INFO - 
2025-03-30 12:33:30 - [Cluster 1 - CLIENT] - INFO - Received: evaluate message 280841a6-82c9-4dfa-8d69-71c80078e207
2025-03-30 12:33:30 - [Cluster 1 - CLIENT] - INFO - 
2025-03-30 12:33:30 - [Cluster 1 - CLIENT] - INFO - Received: evaluate message dacbe5cb-4644-45a6-92e2-b86d56b3568d
2025-03-30 12:33:30 - [Cluster 1 - CLIENT] - INFO - 
2025-03-30 12:33:30 - [Cluster 1 - CLIENT] - INFO - 
2025-03-30 12:33:30 - [Cluster 1 - CLIENT] - INFO - Received: evaluate message 3f54e0b8-633e-4035-b5da-6c07acd0e438
2025-03-30 12:33:30 - [Cluster 1 - CLIENT] - INFO - Received: evaluate message bdeeedd9-0c30-4c43-9494-b67adc78c5be
2025-03-30 12:33:30 - [Cluster 1 - CLIENT] - INFO - 
2025-03-30 12:33:30 - [Cluster 1 - CLIENT] - INFO - Received: evaluate message 097d6114-fe5d-497e-aec0-329fbeb14e49
2025-03-30 12:33:30 - [Cluster 1 - CLIENT] - INFO - 
2025-03-30 12:33:30 - [Cluster 1 - CLIENT] - INFO - Received: evaluate message 21e2d0f3-142c-46cd-ba43-661b34685feb
2025-03-30 12:33:30 - [Cluster 1 - CLIENT] - INFO - 
2025-03-30 12:33:30 - [Cluster 1 - CLIENT] - INFO - Received: evaluate message 42e39533-6bca-4b24-8548-af181c6910c2
2025-03-30 12:33:30 - [Cluster 1 - CLIENT] - INFO - 
2025-03-30 12:33:30 - [Cluster 1 - CLIENT] - INFO - Received: evaluate message 84a37937-c93b-4254-8e88-ac75d9538e7a
2025-03-30 12:33:30 - [Cluster 1 - CLIENT] - INFO - 
2025-03-30 12:33:30 - [Cluster 1 - CLIENT] - INFO - Received: evaluate message 88e8c0d6-248a-4629-b61b-92ddefb1350e
2025-03-30 12:33:30 - [Cluster 1 - CLIENT] - INFO - 
2025-03-30 12:33:30 - [Cluster 1 - CLIENT] - INFO - 
2025-03-30 12:33:30 - [Cluster 1 - CLIENT] - INFO - Received: evaluate message fe9109bf-6713-473a-83f7-052fd990e660
2025-03-30 12:33:30 - [Cluster 1 - CLIENT] - INFO - Received: evaluate message ec7c9130-ff8a-498a-9254-8f3f6ce1e84b
2025-03-30 12:33:30 - [Cluster 1 - CLIENT] - INFO - 
2025-03-30 12:33:31 - [Cluster 1 - CLIENT] - INFO - Received: evaluate message 6ecd75ab-6b20-481c-a7ab-44d1eb5323a4
2025-03-30 12:33:31 - [Cluster 1 - CLIENT] - INFO - [Store 1112] Evaluation - Loss: 0.1953, MAE: 0.2835
2025-03-30 12:33:31 - [Cluster 1 - CLIENT] - INFO - Sent reply
2025-03-30 12:33:31 - [Cluster 1 - CLIENT] - INFO - 
2025-03-30 12:33:31 - [Cluster 1 - CLIENT] - INFO - Received: evaluate message 5cb5fe84-b068-40c6-8069-13f895b8f7d0
2025-03-30 12:33:31 - [Cluster 1 - CLIENT] - INFO - [Store 665] Evaluation - Loss: 0.2157, MAE: 0.2895
2025-03-30 12:33:31 - [Cluster 1 - CLIENT] - INFO - [Store 846] Evaluation - Loss: 0.2435, MAE: 0.3187
2025-03-30 12:33:31 - [Cluster 1 - CLIENT] - INFO - [Store 125] Evaluation - Loss: 0.2566, MAE: 0.3201
2025-03-30 12:33:31 - [Cluster 1 - CLIENT] - INFO - Sent reply
2025-03-30 12:33:31 - [Cluster 1 - CLIENT] - INFO - Sent reply
2025-03-30 12:33:31 - [Cluster 1 - CLIENT] - INFO - Sent reply
2025-03-30 12:33:31 - [Cluster 1 - CLIENT] - INFO - [Store 826] Evaluation - Loss: 0.3287, MAE: 0.3426
2025-03-30 12:33:31 - [Cluster 1 - CLIENT] - INFO - Sent reply
2025-03-30 12:33:31 - [Cluster 1 - CLIENT] - INFO - [Store 245] Evaluation - Loss: 0.2987, MAE: 0.3428
2025-03-30 12:33:31 - [Cluster 1 - CLIENT] - INFO - Sent reply
2025-03-30 12:33:31 - [Cluster 1 - CLIENT] - INFO - 
2025-03-30 12:33:31 - [Cluster 1 - CLIENT] - INFO - Received: evaluate message cb917ea7-2c33-4ec2-bec5-882257b9ee60
2025-03-30 12:33:31 - [Cluster 1 - CLIENT] - INFO - 
2025-03-30 12:33:31 - [Cluster 1 - CLIENT] - INFO - Received: evaluate message 585d225c-fb50-4171-b5b8-083ad57a06cd
2025-03-30 12:33:31 - [Cluster 1 - CLIENT] - INFO - 
2025-03-30 12:33:31 - [Cluster 1 - CLIENT] - INFO - Received: evaluate message 9c65253b-b53a-4c0c-8de2-13695d56387e
2025-03-30 12:33:31 - [Cluster 1 - CLIENT] - INFO - 
2025-03-30 12:33:31 - [Cluster 1 - CLIENT] - INFO - Received: evaluate message de8fb15f-1eea-40a4-8f71-3e96c0d972b6
2025-03-30 12:33:31 - [Cluster 1 - CLIENT] - INFO - 
2025-03-30 12:33:31 - [Cluster 1 - CLIENT] - INFO - Received: evaluate message a9fc30d1-68bd-41f6-a1fb-f35fcc5cbdae
2025-03-30 12:33:32 - [Cluster 1 - CLIENT] - INFO - [Store 967] Evaluation - Loss: 0.2421, MAE: 0.2936
2025-03-30 12:33:32 - [Cluster 1 - CLIENT] - INFO - Sent reply
2025-03-30 12:33:32 - [Cluster 1 - CLIENT] - INFO - 
2025-03-30 12:33:32 - [Cluster 1 - CLIENT] - INFO - Received: evaluate message 6b4e3882-2d1f-49b0-8366-603e60bfa19b
2025-03-30 12:33:32 - [Cluster 1 - CLIENT] - INFO - [Store 545] Evaluation - Loss: 0.3044, MAE: 0.3707
2025-03-30 12:33:32 - [Cluster 1 - CLIENT] - INFO - Sent reply
2025-03-30 12:33:32 - [Cluster 1 - CLIENT] - INFO - 
2025-03-30 12:33:32 - [Cluster 1 - CLIENT] - INFO - Received: evaluate message c2823c59-c19b-422a-a64a-b65842214500
2025-03-30 12:33:32 - [Cluster 1 - CLIENT] - INFO - [Store 679] Evaluation - Loss: 0.1860, MAE: 0.2602
2025-03-30 12:33:32 - [Cluster 1 - CLIENT] - INFO - Sent reply
2025-03-30 12:33:32 - [Cluster 1 - CLIENT] - INFO - [Store 754] Evaluation - Loss: 0.1682, MAE: 0.2562
2025-03-30 12:33:32 - [Cluster 1 - CLIENT] - INFO - Sent reply
2025-03-30 12:33:32 - [Cluster 1 - CLIENT] - INFO - 
2025-03-30 12:33:32 - [Cluster 1 - CLIENT] - INFO - Received: evaluate message 7a304277-822d-40ec-ac3c-8a860219b618
2025-03-30 12:33:32 - [Cluster 1 - CLIENT] - INFO - 
2025-03-30 12:33:32 - [Cluster 1 - CLIENT] - INFO - Received: evaluate message 1b170f0d-dd9b-457b-918e-be41128e1512
2025-03-30 12:33:32 - [Cluster 1 - CLIENT] - INFO - [Store 560] Evaluation - Loss: 0.2198, MAE: 0.2821
2025-03-30 12:33:32 - [Cluster 1 - CLIENT] - INFO - Sent reply
2025-03-30 12:33:32 - [Cluster 1 - CLIENT] - INFO - [Store 211] Evaluation - Loss: 0.2358, MAE: 0.3150
2025-03-30 12:33:32 - [Cluster 1 - CLIENT] - INFO - Sent reply
2025-03-30 12:33:32 - [Cluster 1 - CLIENT] - INFO - 
2025-03-30 12:33:32 - [Cluster 1 - CLIENT] - INFO - Received: evaluate message 18072ddb-cb82-49f3-88ae-4b88130f7fa5
2025-03-30 12:33:32 - [Cluster 1 - CLIENT] - INFO - 
2025-03-30 12:33:32 - [Cluster 1 - CLIENT] - INFO - Received: evaluate message 0767120d-5039-434c-9241-7e01a38f9273
2025-03-30 12:33:33 - [Cluster 1 - CLIENT] - INFO - [Store 147] Evaluation - Loss: 0.2400, MAE: 0.2989
2025-03-30 12:33:33 - [Cluster 1 - CLIENT] - INFO - Sent reply
2025-03-30 12:33:33 - [Cluster 1 - CLIENT] - INFO - 
2025-03-30 12:33:33 - [Cluster 1 - CLIENT] - INFO - Received: evaluate message 9ab8b69a-9c42-4902-baf0-b5ab46aa1357
2025-03-30 12:33:33 - [Cluster 1 - CLIENT] - INFO - [Store 421] Evaluation - Loss: 0.3616, MAE: 0.4153
2025-03-30 12:33:33 - [Cluster 1 - CLIENT] - INFO - Sent reply
2025-03-30 12:33:33 - [Cluster 1 - CLIENT] - INFO - [Store 444] Evaluation - Loss: 0.2605, MAE: 0.3589
2025-03-30 12:33:33 - [Cluster 1 - CLIENT] - INFO - Sent reply
2025-03-30 12:33:33 - [Cluster 1 - CLIENT] - INFO - 
2025-03-30 12:33:33 - [Cluster 1 - CLIENT] - INFO - Received: evaluate message aeecad66-91e7-4a42-9819-43d7a0524366
2025-03-30 12:33:33 - [Cluster 1 - CLIENT] - INFO - 
2025-03-30 12:33:33 - [Cluster 1 - CLIENT] - INFO - Received: evaluate message b9b41efa-ecec-4e5a-bfb5-f5eced699917
2025-03-30 12:33:33 - [Cluster 1 - CLIENT] - INFO - [Store 69] Evaluation - Loss: 0.1955, MAE: 0.2495
2025-03-30 12:33:33 - [Cluster 1 - CLIENT] - INFO - [Store 479] Evaluation - Loss: 0.2000, MAE: 0.2609
2025-03-30 12:33:33 - [Cluster 1 - CLIENT] - INFO - Sent reply
2025-03-30 12:33:33 - [Cluster 1 - CLIENT] - INFO - Sent reply
2025-03-30 12:33:33 - [Cluster 1 - CLIENT] - INFO - [Store 593] Evaluation - Loss: 0.2313, MAE: 0.3105
2025-03-30 12:33:33 - [Cluster 1 - CLIENT] - INFO - Sent reply
2025-03-30 12:33:33 - [Cluster 1 - CLIENT] - INFO - [Store 905] Evaluation - Loss: 0.2858, MAE: 0.3600
2025-03-30 12:33:33 - [Cluster 1 - CLIENT] - INFO - [Store 722] Evaluation - Loss: 0.2853, MAE: 0.3611
2025-03-30 12:33:33 - [Cluster 1 - CLIENT] - INFO - Sent reply
2025-03-30 12:33:33 - [Cluster 1 - CLIENT] - INFO - Sent reply
2025-03-30 12:33:33 - [Cluster 1 - CLIENT] - INFO - [Store 683] Evaluation - Loss: 0.1684, MAE: 0.2406
2025-03-30 12:33:33 - [Cluster 1 - CLIENT] - INFO - Sent reply
2025-03-30 12:33:33 - [Cluster 1 - CLIENT] - INFO - [Store 459] Evaluation - Loss: 0.1961, MAE: 0.2908
2025-03-30 12:33:33 - [Cluster 1 - CLIENT] - INFO - Sent reply
2025-03-30 12:33:33 - [Cluster 1 - CLIENT] - INFO - [Store 448] Evaluation - Loss: 0.2485, MAE: 0.3102
2025-03-30 12:33:33 - [Cluster 1 - CLIENT] - INFO - Sent reply
2025-03-30 12:33:33 - [Cluster 1 - CLIENT] - INFO - [Store 150] Evaluation - Loss: 0.2122, MAE: 0.2764
2025-03-30 12:33:33 - [Cluster 1 - CLIENT] - INFO - Sent reply
2025-03-30 12:33:33 - [Cluster 1 - CLIENT] - INFO - [Store 211] Evaluation - Loss: 0.2358, MAE: 0.3150
2025-03-30 12:33:33 - [Cluster 1 - CLIENT] - INFO - [Store 872] Evaluation - Loss: 0.2623, MAE: 0.3116
2025-03-30 12:33:33 - [Cluster 1 - CLIENT] - INFO - Sent reply
2025-03-30 12:33:33 - [Cluster 1 - CLIENT] - INFO - Sent reply
2025-03-30 12:33:33 - [Cluster 1 - CLIENT] - INFO - [Store 431] Evaluation - Loss: 0.3020, MAE: 0.3423
2025-03-30 12:33:33 - [Cluster 1 - CLIENT] - INFO - Sent reply
2025-03-30 12:33:33 - [Cluster 1 - CLIENT] - INFO - [Store 1043] Evaluation - Loss: 0.1912, MAE: 0.2818
2025-03-30 12:33:33 - [Cluster 1 - CLIENT] - INFO - Sent reply
2025-03-30 12:33:33 - [Cluster 1 - CLIENT] - INFO - [Store 320] Evaluation - Loss: 0.2375, MAE: 0.2892
2025-03-30 12:33:33 - [Cluster 1 - CLIENT] - INFO - Sent reply
2025-03-30 12:33:33 - [Cluster 1 - CLIENT] - INFO - [Store 928] Evaluation - Loss: 0.3096, MAE: 0.3572
2025-03-30 12:33:33 - [Cluster 1 - CLIENT] - INFO - Sent reply
2025-03-30 12:33:33 - [Cluster 1 - CLIENT] - INFO - 
2025-03-30 12:33:33 - [Cluster 1 - CLIENT] - INFO - Received: train message cdf01c86-a360-470f-a431-fbe081f7beb2
2025-03-30 12:33:33 - [Cluster 1 - CLIENT] - INFO - 
2025-03-30 12:33:33 - [Cluster 1 - CLIENT] - INFO - Received: train message a41085ab-00e4-455e-9972-fb344670db70
2025-03-30 12:33:33 - [Cluster 1 - CLIENT] - INFO - 
2025-03-30 12:33:33 - [Cluster 1 - CLIENT] - INFO - Received: train message 57f8c9fa-6937-4080-a3f4-cd6ff55ef2af
2025-03-30 12:33:33 - [Cluster 1 - CLIENT] - INFO - 
2025-03-30 12:33:33 - [Cluster 1 - CLIENT] - INFO - Received: train message 885ae453-79b9-460e-9cf2-48282e6e124a
2025-03-30 12:33:33 - [Cluster 1 - CLIENT] - INFO - 
2025-03-30 12:33:33 - [Cluster 1 - CLIENT] - INFO - 
2025-03-30 12:33:33 - [Cluster 1 - CLIENT] - INFO - Received: train message 54a279a3-a2e9-40f6-ad1c-3855f4d39b36
2025-03-30 12:33:33 - [Cluster 1 - CLIENT] - INFO - Received: train message 7e59bddf-76ca-4a08-a4a9-3235fb24b446
2025-03-30 12:33:33 - [Cluster 1 - CLIENT] - INFO - 
2025-03-30 12:33:33 - [Cluster 1 - CLIENT] - INFO - Received: train message 8d7df1fa-d4ae-421b-979c-5bb5c671dcb2
2025-03-30 12:33:33 - [Cluster 1 - CLIENT] - INFO - [Store 683] Starting local training.
2025-03-30 12:33:33 - [Cluster 1 - CLIENT] - INFO - 
2025-03-30 12:33:33 - [Cluster 1 - CLIENT] - INFO - Received: train message 7011d1d3-7c03-4004-acb6-be93f0730ee2
2025-03-30 12:33:33 - [Cluster 1 - CLIENT] - INFO - 
2025-03-30 12:33:33 - [Cluster 1 - CLIENT] - INFO - Received: train message 6edad481-526d-4126-9216-9feea8614b22
2025-03-30 12:33:33 - [Cluster 1 - CLIENT] - INFO - [Store 928] Starting local training.
2025-03-30 12:33:33 - [Cluster 1 - CLIENT] - INFO - [Store 459] Starting local training.
2025-03-30 12:33:33 - [Cluster 1 - CLIENT] - INFO - 
2025-03-30 12:33:33 - [Cluster 1 - CLIENT] - INFO - Received: train message de5adb31-88d7-4fff-8ecc-c6df13f1a27e
2025-03-30 12:33:33 - [Cluster 1 - CLIENT] - INFO - 
2025-03-30 12:33:33 - [Cluster 1 - CLIENT] - INFO - Received: train message 82db96a3-3798-4db7-a261-783d38b10811
2025-03-30 12:33:33 - [Cluster 1 - CLIENT] - INFO - 
2025-03-30 12:33:33 - [Cluster 1 - CLIENT] - INFO - Received: train message c6f8afd5-aa16-4946-ad2a-795a2711e513
2025-03-30 12:33:33 - [Cluster 1 - CLIENT] - INFO - [Store 722] Starting local training.
2025-03-30 12:33:34 - [Cluster 1 - CLIENT] - INFO - 
2025-03-30 12:33:34 - [Cluster 1 - CLIENT] - INFO - Received: train message 05403455-1466-4ae0-9aa1-121fb7234567
2025-03-30 12:33:34 - [Cluster 1 - CLIENT] - INFO - [Store 320] Starting local training.
2025-03-30 12:33:34 - [Cluster 1 - CLIENT] - INFO - [Store 444] Starting local training.
2025-03-30 12:33:34 - [Cluster 1 - CLIENT] - INFO - 
2025-03-30 12:33:34 - [Cluster 1 - CLIENT] - INFO - Received: train message ad394cad-b220-4549-b011-a4259f93686e
2025-03-30 12:33:34 - [Cluster 1 - CLIENT] - INFO - [Store 421] Starting local training.
2025-03-30 12:33:34 - [Cluster 1 - CLIENT] - INFO - 
2025-03-30 12:33:34 - [Cluster 1 - CLIENT] - INFO - Received: train message 7adf5aa8-f811-4935-a028-12aea79c0e75
2025-03-30 12:33:34 - [Cluster 1 - CLIENT] - INFO - [Store 125] Starting local training.
2025-03-30 12:33:34 - [Cluster 1 - CLIENT] - INFO - [Store 1043] Starting local training.
2025-03-30 12:33:34 - [Cluster 1 - CLIENT] - INFO - [Store 846] Starting local training.
2025-03-30 12:33:34 - [Cluster 1 - CLIENT] - INFO - [Store 679] Starting local training.
2025-03-30 12:33:34 - [Cluster 1 - CLIENT] - INFO - [Store 211] Starting local training.
2025-03-30 12:33:34 - [Cluster 1 - CLIENT] - INFO - [Store 967] Starting local training.
2025-03-30 12:33:34 - [Cluster 1 - CLIENT] - INFO - [Store 245] Starting local training.
2025-03-30 12:33:34 - [Cluster 1 - CLIENT] - INFO - [Store 1112] Starting local training.
2025-03-30 12:37:17 - [Cluster 1 - CLIENT] - INFO - [Store 320] Local training complete.
2025-03-30 12:37:17 - [Cluster 1 - CLIENT] - INFO - Sent reply
2025-03-30 12:37:17 - [Cluster 1 - CLIENT] - INFO - 
2025-03-30 12:37:17 - [Cluster 1 - CLIENT] - INFO - Received: train message 92b48e9e-c59a-4b52-aa88-e7fb3f7526f7
2025-03-30 12:37:17 - [Cluster 1 - CLIENT] - INFO - [Store 448] Starting local training.
2025-03-30 12:37:17 - [Cluster 1 - CLIENT] - INFO - [Store 421] Local training complete.
2025-03-30 12:37:17 - [Cluster 1 - CLIENT] - INFO - Sent reply
2025-03-30 12:37:17 - [Cluster 1 - CLIENT] - INFO - 
2025-03-30 12:37:17 - [Cluster 1 - CLIENT] - INFO - Received: train message c11dcaa5-7b38-42e4-85fa-ba7cfc221f59
2025-03-30 12:37:17 - [Cluster 1 - CLIENT] - INFO - [Store 905] Starting local training.
2025-03-30 12:37:17 - [Cluster 1 - CLIENT] - INFO - [Store 1112] Local training complete.
2025-03-30 12:37:17 - [Cluster 1 - CLIENT] - INFO - [Store 967] Local training complete.
2025-03-30 12:37:17 - [Cluster 1 - CLIENT] - INFO - Sent reply
2025-03-30 12:37:17 - [Cluster 1 - CLIENT] - INFO - 
2025-03-30 12:37:17 - [Cluster 1 - CLIENT] - INFO - Received: train message 279ca368-87c9-4fdb-b0f8-b4043cef68f5
2025-03-30 12:37:17 - [Cluster 1 - CLIENT] - INFO - [Store 69] Starting local training.
2025-03-30 12:37:17 - [Cluster 1 - CLIENT] - INFO - Sent reply
2025-03-30 12:37:17 - [Cluster 1 - CLIENT] - INFO - 
2025-03-30 12:37:17 - [Cluster 1 - CLIENT] - INFO - Received: train message 97877f6d-cc22-4b1b-8058-ef31c952d495
2025-03-30 12:37:17 - [Cluster 1 - CLIENT] - INFO - [Store 872] Starting local training.
2025-03-30 12:37:18 - [Cluster 1 - CLIENT] - INFO - [Store 459] Local training complete.
2025-03-30 12:37:18 - [Cluster 1 - CLIENT] - INFO - Sent reply
2025-03-30 12:37:18 - [Cluster 1 - CLIENT] - INFO - 
2025-03-30 12:37:18 - [Cluster 1 - CLIENT] - INFO - Received: train message 3250c59e-f6bb-4370-9495-d706ff339d26
2025-03-30 12:37:18 - [Cluster 1 - CLIENT] - INFO - [Store 593] Starting local training.
2025-03-30 12:37:18 - [Cluster 1 - CLIENT] - INFO - [Store 125] Local training complete.
2025-03-30 12:37:19 - [Cluster 1 - CLIENT] - INFO - Sent reply
2025-03-30 12:37:19 - [Cluster 1 - CLIENT] - INFO - 
2025-03-30 12:37:19 - [Cluster 1 - CLIENT] - INFO - Received: train message eb625ae8-c95e-4604-95c2-14204fa4a8c8
2025-03-30 12:37:19 - [Cluster 1 - CLIENT] - INFO - [Store 479] Starting local training.
2025-03-30 12:37:20 - [Cluster 1 - CLIENT] - INFO - [Store 928] Local training complete.
2025-03-30 12:37:21 - [Cluster 1 - CLIENT] - INFO - Sent reply
2025-03-30 12:37:21 - [Cluster 1 - CLIENT] - INFO - 
2025-03-30 12:37:21 - [Cluster 1 - CLIENT] - INFO - Received: train message 2a7bcab0-f06d-418d-8910-2034d6fb7c4c
2025-03-30 12:37:21 - [Cluster 1 - CLIENT] - INFO - [Store 665] Starting local training.
2025-03-30 12:37:21 - [Cluster 1 - CLIENT] - INFO - [Store 683] Local training complete.
2025-03-30 12:37:21 - [Cluster 1 - CLIENT] - INFO - Sent reply
2025-03-30 12:37:21 - [Cluster 1 - CLIENT] - INFO - 
2025-03-30 12:37:21 - [Cluster 1 - CLIENT] - INFO - Received: train message 68169730-17f1-45f9-a37f-b1f137a26cbd
2025-03-30 12:37:21 - [Cluster 1 - CLIENT] - INFO - [Store 211] Starting local training.
2025-03-30 12:37:22 - [Cluster 1 - CLIENT] - INFO - [Store 679] Local training complete.
2025-03-30 12:37:22 - [Cluster 1 - CLIENT] - INFO - Sent reply
2025-03-30 12:37:22 - [Cluster 1 - CLIENT] - INFO - [Store 1043] Local training complete.
2025-03-30 12:37:22 - [Cluster 1 - CLIENT] - INFO - 
2025-03-30 12:37:22 - [Cluster 1 - CLIENT] - INFO - Received: train message 1658b4f5-586c-4ea0-ad42-7270b0b93335
2025-03-30 12:37:22 - [Cluster 1 - CLIENT] - INFO - Sent reply
2025-03-30 12:37:22 - [Cluster 1 - CLIENT] - INFO - 
2025-03-30 12:37:22 - [Cluster 1 - CLIENT] - INFO - Received: train message b0eddbe4-7f62-4e54-a30d-96d27134a0c2
2025-03-30 12:37:22 - [Cluster 1 - CLIENT] - INFO - [Store 560] Starting local training.
2025-03-30 12:37:22 - [Cluster 1 - CLIENT] - INFO - [Store 150] Starting local training.
2025-03-30 12:37:23 - [Cluster 1 - CLIENT] - INFO - [Store 846] Local training complete.
2025-03-30 12:37:23 - [Cluster 1 - CLIENT] - INFO - Sent reply
2025-03-30 12:37:23 - [Cluster 1 - CLIENT] - INFO - 
2025-03-30 12:37:23 - [Cluster 1 - CLIENT] - INFO - Received: train message db29caa6-9b97-4fbe-a60d-5265fb0c5f09
2025-03-30 12:37:23 - [Cluster 1 - CLIENT] - INFO - [Store 147] Starting local training.
2025-03-30 12:37:23 - [Cluster 1 - CLIENT] - INFO - [Store 444] Local training complete.
2025-03-30 12:37:23 - [Cluster 1 - CLIENT] - INFO - Sent reply
2025-03-30 12:37:23 - [Cluster 1 - CLIENT] - INFO - 
2025-03-30 12:37:23 - [Cluster 1 - CLIENT] - INFO - Received: train message ec7cad39-f303-4a87-93b0-fed3bd371a75
2025-03-30 12:37:23 - [Cluster 1 - CLIENT] - INFO - [Store 826] Starting local training.
2025-03-30 12:37:25 - [Cluster 1 - CLIENT] - INFO - [Store 722] Local training complete.
2025-03-30 12:37:25 - [Cluster 1 - CLIENT] - INFO - Sent reply
2025-03-30 12:37:25 - [Cluster 1 - CLIENT] - INFO - 
2025-03-30 12:37:25 - [Cluster 1 - CLIENT] - INFO - Received: train message d6c3dcfc-b7aa-47e3-86b3-842e92b8ac90
2025-03-30 12:37:26 - [Cluster 1 - CLIENT] - INFO - [Store 545] Starting local training.
2025-03-30 12:37:27 - [Cluster 1 - CLIENT] - INFO - [Store 245] Local training complete.
2025-03-30 12:37:28 - [Cluster 1 - CLIENT] - INFO - Sent reply
2025-03-30 12:37:28 - [Cluster 1 - CLIENT] - INFO - 
2025-03-30 12:37:28 - [Cluster 1 - CLIENT] - INFO - Received: train message f360ff44-f7f3-467f-91bc-37e68b479b4f
2025-03-30 12:37:28 - [Cluster 1 - CLIENT] - INFO - [Store 754] Starting local training.
2025-03-30 12:37:45 - [Cluster 1 - CLIENT] - INFO - [Store 211] Local training complete.
2025-03-30 12:37:45 - [Cluster 1 - CLIENT] - INFO - Sent reply
2025-03-30 12:37:45 - [Cluster 1 - CLIENT] - INFO - 
2025-03-30 12:37:45 - [Cluster 1 - CLIENT] - INFO - Received: train message a932ae1f-a839-4bff-b2af-2ce3cd093b6f
2025-03-30 12:37:45 - [Cluster 1 - CLIENT] - INFO - [Store 431] Starting local training.
2025-03-30 12:41:07 - [Cluster 1 - CLIENT] - INFO - [Store 826] Local training complete.
2025-03-30 12:41:07 - [Cluster 1 - CLIENT] - INFO - Sent reply
2025-03-30 12:41:09 - [Cluster 1 - CLIENT] - INFO - [Store 905] Local training complete.
2025-03-30 12:41:09 - [Cluster 1 - CLIENT] - INFO - Sent reply
2025-03-30 12:41:10 - [Cluster 1 - CLIENT] - INFO - [Store 479] Local training complete.
2025-03-30 12:41:10 - [Cluster 1 - CLIENT] - INFO - Sent reply
2025-03-30 12:41:10 - [Cluster 1 - CLIENT] - INFO - [Store 448] Local training complete.
2025-03-30 12:41:10 - [Cluster 1 - CLIENT] - INFO - Sent reply
2025-03-30 12:41:10 - [Cluster 1 - CLIENT] - INFO - [Store 211] Local training complete.
2025-03-30 12:41:10 - [Cluster 1 - CLIENT] - INFO - Sent reply
2025-03-30 12:41:10 - [Cluster 1 - CLIENT] - INFO - [Store 593] Local training complete.
2025-03-30 12:41:11 - [Cluster 1 - CLIENT] - INFO - Sent reply
2025-03-30 12:41:11 - [Cluster 1 - CLIENT] - INFO - [Store 872] Local training complete.
2025-03-30 12:41:11 - [Cluster 1 - CLIENT] - INFO - Sent reply
2025-03-30 12:41:11 - [Cluster 1 - CLIENT] - INFO - [Store 560] Local training complete.
2025-03-30 12:41:11 - [Cluster 1 - CLIENT] - INFO - [Store 665] Local training complete.
2025-03-30 12:41:11 - [Cluster 1 - CLIENT] - INFO - Sent reply
2025-03-30 12:41:11 - [Cluster 1 - CLIENT] - INFO - Sent reply
2025-03-30 12:41:12 - [Cluster 1 - CLIENT] - INFO - [Store 150] Local training complete.
2025-03-30 12:41:12 - [Cluster 1 - CLIENT] - INFO - Sent reply
2025-03-30 12:41:12 - [Cluster 1 - CLIENT] - INFO - [Store 69] Local training complete.
2025-03-30 12:41:12 - [Cluster 1 - CLIENT] - INFO - Sent reply
2025-03-30 12:41:13 - [Cluster 1 - CLIENT] - INFO - [Store 545] Local training complete.
2025-03-30 12:41:13 - [Cluster 1 - CLIENT] - INFO - Sent reply
2025-03-30 12:41:13 - [Cluster 1 - CLIENT] - INFO - [Store 147] Local training complete.
2025-03-30 12:41:13 - [Cluster 1 - CLIENT] - INFO - Sent reply
2025-03-30 12:41:13 - [Cluster 1 - CLIENT] - INFO - [Store 754] Local training complete.
2025-03-30 12:41:13 - [Cluster 1 - CLIENT] - INFO - Sent reply
2025-03-30 12:41:15 - [Cluster 1 - CLIENT] - INFO - [Store 431] Local training complete.
2025-03-30 12:41:15 - [Cluster 1 - CLIENT] - INFO - Sent reply
2025-03-30 12:41:15 - [Cluster 1 - CLIENT] - INFO - 
2025-03-30 12:41:15 - [Cluster 1 - CLIENT] - INFO - Received: evaluate message 70af0f90-11ab-4943-b44a-3cf7bf2b3d8c
2025-03-30 12:41:15 - [Cluster 1 - CLIENT] - INFO - 
2025-03-30 12:41:15 - [Cluster 1 - CLIENT] - INFO - Received: evaluate message 3099d2d1-69d6-4653-be3f-1e6615f41b0d
2025-03-30 12:41:15 - [Cluster 1 - CLIENT] - INFO - 
2025-03-30 12:41:15 - [Cluster 1 - CLIENT] - INFO - Received: evaluate message ee19560e-1f5e-4f7c-a143-241a48d1d100
2025-03-30 12:41:15 - [Cluster 1 - CLIENT] - INFO - 
2025-03-30 12:41:15 - [Cluster 1 - CLIENT] - INFO - Received: evaluate message 7042373c-775c-4464-a17e-0eedea843972
2025-03-30 12:41:15 - [Cluster 1 - CLIENT] - INFO - 
2025-03-30 12:41:15 - [Cluster 1 - CLIENT] - INFO - Received: evaluate message ac7f7f17-3b4c-417a-9d18-4c7ec5eff22d
2025-03-30 12:41:15 - [Cluster 1 - CLIENT] - INFO - 
2025-03-30 12:41:15 - [Cluster 1 - CLIENT] - INFO - Received: evaluate message c2ed23ff-b759-4cfa-b732-93d1a463fcc9
2025-03-30 12:41:15 - [Cluster 1 - CLIENT] - INFO - 
2025-03-30 12:41:15 - [Cluster 1 - CLIENT] - INFO - Received: evaluate message 1376e311-e4a9-4de7-8471-22b3fffb2fb9
2025-03-30 12:41:15 - [Cluster 1 - CLIENT] - INFO - 
2025-03-30 12:41:15 - [Cluster 1 - CLIENT] - INFO - Received: evaluate message cecfbeb5-8e0a-4dc0-af05-3d923784b0b1
2025-03-30 12:41:15 - [Cluster 1 - CLIENT] - INFO - 
2025-03-30 12:41:15 - [Cluster 1 - CLIENT] - INFO - Received: evaluate message 0f0cca54-8b33-4876-8211-c72e9f53d6bd
2025-03-30 12:41:15 - [Cluster 1 - CLIENT] - INFO - 
2025-03-30 12:41:15 - [Cluster 1 - CLIENT] - INFO - Received: evaluate message 6c628023-29dc-4e98-94d3-6a7f02841b7d
2025-03-30 12:41:15 - [Cluster 1 - CLIENT] - INFO - 
2025-03-30 12:41:15 - [Cluster 1 - CLIENT] - INFO - 
2025-03-30 12:41:15 - [Cluster 1 - CLIENT] - INFO - Received: evaluate message 9e04280a-6d4b-4197-967f-668a996a0c65
2025-03-30 12:41:15 - [Cluster 1 - CLIENT] - INFO - Received: evaluate message 44b41601-06ab-4bb8-a631-85149c26ab1a
2025-03-30 12:41:15 - [Cluster 1 - CLIENT] - INFO - 
2025-03-30 12:41:15 - [Cluster 1 - CLIENT] - INFO - Received: evaluate message 46c1cafb-750d-4961-83ee-69f2f1ffe45e
2025-03-30 12:41:15 - [Cluster 1 - CLIENT] - INFO - 
2025-03-30 12:41:15 - [Cluster 1 - CLIENT] - INFO - Received: evaluate message c30f2b7f-4748-4e1d-af1a-f1a57ca5c954
2025-03-30 12:41:15 - [Cluster 1 - CLIENT] - INFO - 
2025-03-30 12:41:15 - [Cluster 1 - CLIENT] - INFO - Received: evaluate message 9ca7a1da-d1e2-4215-a865-94c378af2058
2025-03-30 12:41:16 - [Cluster 1 - CLIENT] - INFO - [Store 150] Evaluation - Loss: 0.2104, MAE: 0.2730
2025-03-30 12:41:16 - [Cluster 1 - CLIENT] - INFO - Sent reply
2025-03-30 12:41:16 - [Cluster 1 - CLIENT] - INFO - [Store 593] Evaluation - Loss: 0.2330, MAE: 0.3122
2025-03-30 12:41:16 - [Cluster 1 - CLIENT] - INFO - Sent reply
2025-03-30 12:41:16 - [Cluster 1 - CLIENT] - INFO - 
2025-03-30 12:41:16 - [Cluster 1 - CLIENT] - INFO - Received: evaluate message 1d742c41-488d-4f44-83b4-cf4bc6656eb4
2025-03-30 12:41:16 - [Cluster 1 - CLIENT] - INFO - 
2025-03-30 12:41:16 - [Cluster 1 - CLIENT] - INFO - Received: evaluate message 3f5e3598-6abb-4f3e-8676-4cd64bbf0e83
2025-03-30 12:41:16 - [Cluster 1 - CLIENT] - INFO - [Store 679] Evaluation - Loss: 0.1848, MAE: 0.2582
2025-03-30 12:41:16 - [Cluster 1 - CLIENT] - INFO - Sent reply
2025-03-30 12:41:16 - [Cluster 1 - CLIENT] - INFO - 
2025-03-30 12:41:16 - [Cluster 1 - CLIENT] - INFO - Received: evaluate message 94d050e9-cffb-4844-9719-31437201cdac
2025-03-30 12:41:16 - [Cluster 1 - CLIENT] - INFO - [Store 683] Evaluation - Loss: 0.1693, MAE: 0.2379
2025-03-30 12:41:16 - [Cluster 1 - CLIENT] - INFO - [Store 560] Evaluation - Loss: 0.2184, MAE: 0.2793
2025-03-30 12:41:16 - [Cluster 1 - CLIENT] - INFO - Sent reply
2025-03-30 12:41:16 - [Cluster 1 - CLIENT] - INFO - Sent reply
2025-03-30 12:41:16 - [Cluster 1 - CLIENT] - INFO - 
2025-03-30 12:41:16 - [Cluster 1 - CLIENT] - INFO - Received: evaluate message 47b090f2-7fec-4166-910b-2b0d500f8da1
2025-03-30 12:41:16 - [Cluster 1 - CLIENT] - INFO - [Store 211] Evaluation - Loss: 0.2346, MAE: 0.3127
2025-03-30 12:41:16 - [Cluster 1 - CLIENT] - INFO - 
2025-03-30 12:41:16 - [Cluster 1 - CLIENT] - INFO - Received: evaluate message 89cf917d-9879-4eb2-8fa0-3ddfcdaafc23
2025-03-30 12:41:16 - [Cluster 1 - CLIENT] - INFO - Sent reply
2025-03-30 12:41:16 - [Cluster 1 - CLIENT] - INFO - [Store 421] Evaluation - Loss: 0.3599, MAE: 0.4145
2025-03-30 12:41:16 - [Cluster 1 - CLIENT] - INFO - Sent reply
2025-03-30 12:41:16 - [Cluster 1 - CLIENT] - INFO - [Store 754] Evaluation - Loss: 0.1730, MAE: 0.2628
2025-03-30 12:41:16 - [Cluster 1 - CLIENT] - INFO - Sent reply
2025-03-30 12:41:16 - [Cluster 1 - CLIENT] - INFO - 
2025-03-30 12:41:16 - [Cluster 1 - CLIENT] - INFO - Received: evaluate message 2f18b771-a1dc-4db1-9dfe-1ff63cbc06e9
2025-03-30 12:41:16 - [Cluster 1 - CLIENT] - INFO - [Store 459] Evaluation - Loss: 0.1935, MAE: 0.2875
2025-03-30 12:41:16 - [Cluster 1 - CLIENT] - INFO - Sent reply
2025-03-30 12:41:16 - [Cluster 1 - CLIENT] - INFO - 
2025-03-30 12:41:16 - [Cluster 1 - CLIENT] - INFO - Received: evaluate message f0f15b68-cc12-4eba-9361-f669b3bd0318
2025-03-30 12:41:16 - [Cluster 1 - CLIENT] - INFO - 
2025-03-30 12:41:16 - [Cluster 1 - CLIENT] - INFO - Received: evaluate message 49ba6369-f1fd-4a9f-8076-f8f37c656e0c
2025-03-30 12:41:16 - [Cluster 1 - CLIENT] - INFO - 
2025-03-30 12:41:16 - [Cluster 1 - CLIENT] - INFO - Received: evaluate message 64ce8290-3cf8-40ac-9e6e-c7375c23463c
2025-03-30 12:41:16 - [Cluster 1 - CLIENT] - INFO - [Store 826] Evaluation - Loss: 0.3281, MAE: 0.3407
2025-03-30 12:41:16 - [Cluster 1 - CLIENT] - INFO - [Store 722] Evaluation - Loss: 0.2955, MAE: 0.3714
2025-03-30 12:41:16 - [Cluster 1 - CLIENT] - INFO - Sent reply
2025-03-30 12:41:16 - [Cluster 1 - CLIENT] - INFO - Sent reply
2025-03-30 12:41:17 - [Cluster 1 - CLIENT] - INFO - 
2025-03-30 12:41:17 - [Cluster 1 - CLIENT] - INFO - Received: evaluate message 94f7da43-a118-4e39-9595-58ffff551d81
2025-03-30 12:41:17 - [Cluster 1 - CLIENT] - INFO - 
2025-03-30 12:41:17 - [Cluster 1 - CLIENT] - INFO - [Store 1112] Evaluation - Loss: 0.1981, MAE: 0.2848
2025-03-30 12:41:17 - [Cluster 1 - CLIENT] - INFO - Received: evaluate message 0c379bef-f010-495b-b025-3cbe7821b925
2025-03-30 12:41:17 - [Cluster 1 - CLIENT] - INFO - Sent reply
2025-03-30 12:41:17 - [Cluster 1 - CLIENT] - INFO - 
2025-03-30 12:41:17 - [Cluster 1 - CLIENT] - INFO - Received: evaluate message 9aa81e97-a4df-4be1-8ddc-ab51e735be76
2025-03-30 12:41:17 - [Cluster 1 - CLIENT] - INFO - [Store 967] Evaluation - Loss: 0.2444, MAE: 0.2959
2025-03-30 12:41:17 - [Cluster 1 - CLIENT] - INFO - Sent reply
2025-03-30 12:41:17 - [Cluster 1 - CLIENT] - INFO - [Store 846] Evaluation - Loss: 0.2390, MAE: 0.3137
2025-03-30 12:41:17 - [Cluster 1 - CLIENT] - INFO - Sent reply
2025-03-30 12:41:17 - [Cluster 1 - CLIENT] - INFO - 
2025-03-30 12:41:17 - [Cluster 1 - CLIENT] - INFO - Received: evaluate message 24ab6709-9acb-4fda-b844-5e21fd3382cb
2025-03-30 12:41:17 - [Cluster 1 - CLIENT] - INFO - 
2025-03-30 12:41:17 - [Cluster 1 - CLIENT] - INFO - Received: evaluate message 05c1a3ab-7321-4e40-aeef-fd5d8f92458e
2025-03-30 12:41:17 - [Cluster 1 - CLIENT] - INFO - [Store 444] Evaluation - Loss: 0.2583, MAE: 0.3554
2025-03-30 12:41:17 - [Cluster 1 - CLIENT] - INFO - Sent reply
2025-03-30 12:41:17 - [Cluster 1 - CLIENT] - INFO - 
2025-03-30 12:41:17 - [Cluster 1 - CLIENT] - INFO - Received: evaluate message 4152a5d1-0310-4810-96b1-4c23032dbc56
2025-03-30 12:41:18 - [Cluster 1 - CLIENT] - INFO - [Store 479] Evaluation - Loss: 0.1987, MAE: 0.2569
2025-03-30 12:41:18 - [Cluster 1 - CLIENT] - INFO - Sent reply
2025-03-30 12:41:18 - [Cluster 1 - CLIENT] - INFO - [Store 928] Evaluation - Loss: 0.3110, MAE: 0.3575
2025-03-30 12:41:18 - [Cluster 1 - CLIENT] - INFO - Sent reply
2025-03-30 12:41:18 - [Cluster 1 - CLIENT] - INFO - [Store 545] Evaluation - Loss: 0.3031, MAE: 0.3700
2025-03-30 12:41:18 - [Cluster 1 - CLIENT] - INFO - Sent reply
2025-03-30 12:41:18 - [Cluster 1 - CLIENT] - INFO - [Store 125] Evaluation - Loss: 0.2552, MAE: 0.3186
2025-03-30 12:41:18 - [Cluster 1 - CLIENT] - INFO - Sent reply
2025-03-30 12:41:18 - [Cluster 1 - CLIENT] - INFO - [Store 211] Evaluation - Loss: 0.2346, MAE: 0.3127
2025-03-30 12:41:18 - [Cluster 1 - CLIENT] - INFO - Sent reply
2025-03-30 12:41:18 - [Cluster 1 - CLIENT] - INFO - [Store 1043] Evaluation - Loss: 0.1926, MAE: 0.2816
2025-03-30 12:41:18 - [Cluster 1 - CLIENT] - INFO - Sent reply
2025-03-30 12:41:18 - [Cluster 1 - CLIENT] - INFO - [Store 69] Evaluation - Loss: 0.1945, MAE: 0.2501
2025-03-30 12:41:18 - [Cluster 1 - CLIENT] - INFO - Sent reply
2025-03-30 12:41:18 - [Cluster 1 - CLIENT] - INFO - [Store 147] Evaluation - Loss: 0.2391, MAE: 0.2995
2025-03-30 12:41:18 - [Cluster 1 - CLIENT] - INFO - Sent reply
2025-03-30 12:41:18 - [Cluster 1 - CLIENT] - INFO - [Store 872] Evaluation - Loss: 0.2697, MAE: 0.3180
2025-03-30 12:41:18 - [Cluster 1 - CLIENT] - INFO - [Store 448] Evaluation - Loss: 0.2476, MAE: 0.3077
2025-03-30 12:41:18 - [Cluster 1 - CLIENT] - INFO - Sent reply
2025-03-30 12:41:18 - [Cluster 1 - CLIENT] - INFO - Sent reply
2025-03-30 12:41:18 - [Cluster 1 - CLIENT] - INFO - [Store 905] Evaluation - Loss: 0.3010, MAE: 0.3718
2025-03-30 12:41:18 - [Cluster 1 - CLIENT] - INFO - Sent reply
2025-03-30 12:41:18 - [Cluster 1 - CLIENT] - INFO - [Store 320] Evaluation - Loss: 0.2380, MAE: 0.2894
2025-03-30 12:41:18 - [Cluster 1 - CLIENT] - INFO - Sent reply
2025-03-30 12:41:18 - [Cluster 1 - CLIENT] - INFO - [Store 431] Evaluation - Loss: 0.3019, MAE: 0.3424
2025-03-30 12:41:18 - [Cluster 1 - CLIENT] - INFO - Sent reply
2025-03-30 12:41:18 - [Cluster 1 - CLIENT] - INFO - [Store 245] Evaluation - Loss: 0.2989, MAE: 0.3452
2025-03-30 12:41:18 - [Cluster 1 - CLIENT] - INFO - Sent reply
2025-03-30 12:41:18 - [Cluster 1 - CLIENT] - INFO - [Store 665] Evaluation - Loss: 0.2139, MAE: 0.2889
2025-03-30 12:41:18 - [Cluster 1 - CLIENT] - INFO - Sent reply
2025-03-30 12:41:18 - [Cluster 1 - CLIENT] - INFO - 
2025-03-30 12:41:18 - [Cluster 1 - CLIENT] - INFO - Received: reconnect message 6e34007a-fadd-4141-b503-04268fe3cf78
2025-03-30 12:41:18 - [Cluster 1 - CLIENT] - INFO - 
2025-03-30 12:41:18 - [Cluster 1 - CLIENT] - INFO - Received: reconnect message 0daf11e9-aad8-476d-8baf-06ac53dd11ab
2025-03-30 12:41:18 - [Cluster 1 - CLIENT] - INFO - 
2025-03-30 12:41:18 - [Cluster 1 - CLIENT] - INFO - Received: reconnect message 92381a58-7148-4cf8-926e-5151201224cb
2025-03-30 12:41:18 - [Cluster 1 - CLIENT] - INFO - 
2025-03-30 12:41:18 - [Cluster 1 - CLIENT] - INFO - 
2025-03-30 12:41:18 - [Cluster 1 - CLIENT] - INFO - Received: reconnect message b324324f-73f5-45dc-bbd5-0356e8392132
2025-03-30 12:41:18 - [Cluster 1 - CLIENT] - INFO - Received: reconnect message 201b203b-b882-46e1-bbeb-7d035b39f4b8
2025-03-30 12:41:18 - [Cluster 1 - CLIENT] - INFO - 
2025-03-30 12:41:18 - [Cluster 1 - CLIENT] - INFO - Received: reconnect message 594db074-7fbf-4571-85d5-f15a9f548840
2025-03-30 12:41:18 - [Cluster 1 - CLIENT] - INFO - 
2025-03-30 12:41:18 - [Cluster 1 - CLIENT] - INFO - Received: reconnect message 5a143a42-9833-4f50-9ded-237eb5d44703
2025-03-30 12:41:18 - [Cluster 1 - CLIENT] - INFO - 
2025-03-30 12:41:18 - [Cluster 1 - CLIENT] - INFO - 
2025-03-30 12:41:18 - [Cluster 1 - CLIENT] - INFO - Received: reconnect message aa99b2b6-cee3-4b9e-b6fb-d2b06c95eefd
2025-03-30 12:41:18 - [Cluster 1 - CLIENT] - INFO - Received: reconnect message c1cce7b1-5b7d-482f-a50b-564dfbcf11df
2025-03-30 12:41:18 - [Cluster 1 - CLIENT] - INFO - 
2025-03-30 12:41:18 - [Cluster 1 - CLIENT] - INFO - Received: reconnect message 6edbc454-cc51-476b-9528-a208028ffadd
2025-03-30 12:41:18 - [Cluster 1 - CLIENT] - INFO - 
2025-03-30 12:41:18 - [Cluster 1 - CLIENT] - INFO - 
2025-03-30 12:41:18 - [Cluster 1 - CLIENT] - INFO - Received: reconnect message 9fa50f88-011f-4db6-ad0e-4f1c64c43edc
2025-03-30 12:41:18 - [Cluster 1 - CLIENT] - INFO - 
2025-03-30 12:41:18 - [Cluster 1 - CLIENT] - INFO - 
2025-03-30 12:41:18 - [Cluster 1 - CLIENT] - INFO - Received: reconnect message 33a7f7e1-9c5d-44d4-bc6e-a6f2f70d11dd
2025-03-30 12:41:18 - [Cluster 1 - CLIENT] - INFO - 
2025-03-30 12:41:18 - [Cluster 1 - CLIENT] - INFO - Received: reconnect message fa5f2418-f2da-4683-90e6-7d020068c47a
2025-03-30 12:41:18 - [Cluster 1 - CLIENT] - INFO - Received: reconnect message 765dda38-db22-4167-b6d0-6e1c6f1612fc
2025-03-30 12:41:18 - [Cluster 1 - CLIENT] - INFO - Received: reconnect message 59c99e71-6767-4782-9230-966f837bf8d7
2025-03-30 12:41:18 - [Cluster 1 - CLIENT] - DEBUG - gRPC channel closed
2025-03-30 12:41:18 - [Cluster 1 - CLIENT] - DEBUG - gRPC channel closed
2025-03-30 12:41:18 - [Cluster 1 - CLIENT] - INFO - 
2025-03-30 12:41:18 - [Cluster 1 - CLIENT] - INFO - Received: reconnect message bdef7977-b8f1-4085-ba4c-7f79f5faae0a
2025-03-30 12:41:18 - [Cluster 1 - CLIENT] - INFO - 
2025-03-30 12:41:18 - [Cluster 1 - CLIENT] - INFO - 
2025-03-30 12:41:18 - [Cluster 1 - CLIENT] - INFO - Received: reconnect message cef270be-7666-4927-bca3-3423b29fc05c
2025-03-30 12:41:18 - [Cluster 1 - CLIENT] - INFO - Received: reconnect message 63f7e730-bec6-4070-8abf-86ecdaee8369
2025-03-30 12:41:18 - [Cluster 1 - CLIENT] - INFO - Disconnect and shut down
2025-03-30 12:41:18 - [Cluster 1 - CLIENT] - INFO - 
2025-03-30 12:41:18 - [Cluster 1 - CLIENT] - INFO - Received: reconnect message f7c13545-d35f-4968-8a8d-1c7c55a98576
2025-03-30 12:41:18 - [Cluster 1 - CLIENT] - INFO - 
2025-03-30 12:41:18 - [Cluster 1 - CLIENT] - INFO - Received: reconnect message da177c00-5642-4873-b1ce-e088b9f20726
2025-03-30 12:41:18 - [Cluster 1 - CLIENT] - INFO - 
2025-03-30 12:41:18 - [Cluster 1 - CLIENT] - INFO - Received: reconnect message baa3aa48-5308-4dc6-9de6-6801d46f4c0c
2025-03-30 12:41:18 - [Cluster 1 - CLIENT] - INFO - 
2025-03-30 12:41:18 - [Cluster 1 - CLIENT] - INFO - Received: reconnect message c7e67e67-2b6e-4e81-a64c-34649f6ca449
2025-03-30 12:41:18 - [Cluster 1 - CLIENT] - INFO - Disconnect and shut down
2025-03-30 12:41:18 - [Cluster 1 - CLIENT] - INFO - 
2025-03-30 12:41:18 - [Cluster 1 - CLIENT] - INFO - Received: reconnect message d175b8ed-0a88-4860-b7ef-f0ea4f934073
2025-03-30 12:41:18 - [Cluster 1 - CLIENT] - INFO - 
2025-03-30 12:41:18 - [Cluster 1 - CLIENT] - INFO - Received: reconnect message 10834d36-c6e8-4723-a5b4-00204e24d792
2025-03-30 12:41:18 - [Cluster 1 - CLIENT] - INFO - 
2025-03-30 12:41:18 - [Cluster 1 - CLIENT] - INFO - Received: reconnect message 35601ab0-fd1c-4473-984e-71cde9925d3d
2025-03-30 12:41:18 - [Cluster 1 - CLIENT] - INFO - 
2025-03-30 12:41:18 - [Cluster 1 - CLIENT] - INFO - Received: reconnect message 62ff98fe-c97d-4e5a-a74a-7231068d00b4
2025-03-30 12:41:18 - [Cluster 1 - CLIENT] - INFO - 
2025-03-30 12:41:18 - [Cluster 1 - CLIENT] - INFO - Received: reconnect message ecd08863-6063-43ef-9c02-bd7632431714
2025-03-30 12:41:18 - [Cluster 1 - CLIENT] - INFO - 
2025-03-30 12:41:18 - [Cluster 1 - CLIENT] - INFO - 
2025-03-30 12:41:18 - [Cluster 1 - CLIENT] - INFO - Received: reconnect message 2e3289ee-d16b-4f78-8c49-43b380951fc7
2025-03-30 12:41:18 - [Cluster 1 - CLIENT] - INFO - Received: reconnect message dbcbf780-9930-4e0e-9efe-f3c598a23df1
2025-03-30 12:41:18 - [Cluster 1 - CLIENT] - INFO - 
2025-03-30 12:41:18 - [Cluster 1 - CLIENT] - INFO - Received: reconnect message 0abae3c0-202e-40f9-93e3-d3798790f760
2025-03-30 12:41:18 - [Cluster 1 - CLIENT] - DEBUG - gRPC channel closed
2025-03-30 12:41:18 - [Cluster 1 - CLIENT] - DEBUG - gRPC channel closed
2025-03-30 12:41:18 - [Cluster 1 - CLIENT] - INFO - Disconnect and shut down
2025-03-30 12:41:18 - [Cluster 1 - CLIENT] - DEBUG - gRPC channel closed
2025-03-30 12:41:18 - [Cluster 1 - CLIENT] - INFO - Disconnect and shut down
2025-03-30 12:41:18 - [Cluster 1 - CLIENT] - INFO - Disconnect and shut down
2025-03-30 12:41:18 - [Cluster 1 - CLIENT] - DEBUG - gRPC channel closed
2025-03-30 12:41:18 - [Cluster 1 - CLIENT] - DEBUG - gRPC channel closed
2025-03-30 12:41:18 - [Cluster 1 - CLIENT] - INFO - Disconnect and shut down
2025-03-30 12:41:18 - [Cluster 1 - CLIENT] - INFO - Disconnect and shut down
2025-03-30 12:41:18 - [Cluster 1 - CLIENT] - DEBUG - gRPC channel closed
2025-03-30 12:41:18 - [Cluster 1 - CLIENT] - DEBUG - gRPC channel closed
2025-03-30 12:41:18 - [Cluster 1 - CLIENT] - DEBUG - gRPC channel closed
2025-03-30 12:41:18 - [Cluster 1 - CLIENT] - DEBUG - gRPC channel closed
2025-03-30 12:41:18 - [Cluster 1 - CLIENT] - DEBUG - gRPC channel closed
2025-03-30 12:41:18 - [Cluster 1 - CLIENT] - DEBUG - gRPC channel closed
2025-03-30 12:41:18 - [Cluster 1 - CLIENT] - DEBUG - gRPC channel closed
2025-03-30 12:41:18 - [Cluster 1 - CLIENT] - DEBUG - gRPC channel closed
2025-03-30 12:41:18 - [Cluster 1 - CLIENT] - DEBUG - gRPC channel closed
2025-03-30 12:41:18 - [Cluster 1 - CLIENT] - INFO - Disconnect and shut down
2025-03-30 12:41:18 - [Cluster 1 - CLIENT] - DEBUG - gRPC channel closed
2025-03-30 12:41:18 - [Cluster 1 - CLIENT] - DEBUG - gRPC channel closed
2025-03-30 12:41:18 - [Cluster 1 - CLIENT] - DEBUG - gRPC channel closed
2025-03-30 12:41:18 - [Cluster 1 - CLIENT] - DEBUG - gRPC channel closed
2025-03-30 12:41:18 - [Cluster 1 - CLIENT] - DEBUG - gRPC channel closed
2025-03-30 12:41:18 - [Cluster 1 - CLIENT] - DEBUG - gRPC channel closed
2025-03-30 12:41:18 - [Cluster 1 - CLIENT] - DEBUG - gRPC channel closed
2025-03-30 12:41:18 - [Cluster 1 - CLIENT] - DEBUG - gRPC channel closed
2025-03-30 12:41:18 - [Cluster 1 - CLIENT] - INFO - Disconnect and shut down
2025-03-30 12:41:18 - [Cluster 1 - CLIENT] - DEBUG - gRPC channel closed
2025-03-30 12:41:18 - [Cluster 1 - CLIENT] - DEBUG - gRPC channel closed
2025-03-30 12:41:18 - [Cluster 1 - CLIENT] - INFO - Disconnect and shut down
2025-03-30 12:41:18 - [Cluster 1 - CLIENT] - DEBUG - gRPC channel closed
2025-03-30 12:41:18 - [Cluster 1 - CLIENT] - INFO - Disconnect and shut down
2025-03-30 12:41:18 - [Cluster 1 - CLIENT] - DEBUG - gRPC channel closed
2025-03-30 12:41:18 - [Cluster 1 - CLIENT] - INFO - Disconnect and shut down
2025-03-30 12:41:18 - [Cluster 1 - CLIENT] - INFO - Disconnect and shut down
2025-03-30 12:41:18 - [Cluster 1 - CLIENT] - INFO - Disconnect and shut down
2025-03-30 12:41:18 - [Cluster 1 - CLIENT] - INFO - Disconnect and shut down
2025-03-30 12:41:18 - [Cluster 1 - CLIENT] - DEBUG - gRPC channel closed
2025-03-30 12:41:18 - [Cluster 1 - CLIENT] - INFO - Disconnect and shut down
2025-03-30 12:41:18 - [Cluster 1 - CLIENT] - INFO - Disconnect and shut down
2025-03-30 12:41:18 - [Cluster 1 - CLIENT] - INFO - Disconnect and shut down
2025-03-30 12:41:18 - [Cluster 1 - CLIENT] - INFO - Disconnect and shut down
2025-03-30 12:41:18 - [Cluster 1 - CLIENT] - INFO - Disconnect and shut down
2025-03-30 12:41:18 - [Cluster 1 - CLIENT] - INFO - Disconnect and shut down
2025-03-30 12:41:18 - [Cluster 1 - CLIENT] - INFO - Disconnect and shut down
2025-03-30 12:41:18 - [Cluster 1 - CLIENT] - INFO - Disconnect and shut down
2025-03-30 12:41:18 - [Cluster 1 - CLIENT] - INFO - Disconnect and shut down
2025-03-30 12:41:18 - [Cluster 1 - CLIENT] - DEBUG - gRPC channel closed
2025-03-30 12:41:18 - [Cluster 1 - CLIENT] - INFO - Disconnect and shut down
2025-03-30 12:41:18 - [Cluster 1 - CLIENT] - INFO - Disconnect and shut down
2025-03-30 12:41:18 - [Cluster 1 - CLIENT] - INFO - Disconnect and shut down
2025-03-30 12:41:18 - [Cluster 1 - CLIENT] - INFO - Disconnect and shut down
2025-03-30 12:41:18 - [Cluster 1 - CLIENT] - INFO - Disconnect and shut down
2025-03-30 12:41:18 - [Cluster 1 - CLIENT] - INFO - Disconnect and shut down
2025-03-30 12:42:24 - [Cluster 1 - CLIENT] - INFO - Initialized client logging for cluster 1 -> ../logs/run_20250330_101705/clients_cluster_1.log
2025-03-30 12:42:24 - [Cluster 1 - CLIENT] - INFO - Loading pickle data for store 755, cluster 1...
2025-03-30 12:42:24 - [Cluster 1 - CLIENT] - INFO - x_train shape: (723, 7, 27), y_train shape: (723, 1)
2025-03-30 12:42:24 - [Cluster 1 - CLIENT] - INFO - x_val shape: (176, 7, 27), y_val shape: (176, 1)
2025-03-30 12:42:25 - [Cluster 1 - CLIENT] - INFO - [Store 755, Cluster 1] Connecting to 127.0.0.1:8081 ...
2025-03-30 12:42:25 - [Cluster 1 - CLIENT] - DEBUG - Opened insecure gRPC connection (no certificates were passed)
2025-03-30 12:42:25 - [Cluster 1 - CLIENT] - DEBUG - ChannelConnectivity.IDLE
2025-03-30 12:42:25 - [Cluster 1 - CLIENT] - DEBUG - ChannelConnectivity.CONNECTING
2025-03-30 12:42:25 - [Cluster 1 - CLIENT] - DEBUG - ChannelConnectivity.TRANSIENT_FAILURE
2025-03-30 12:42:25 - [Cluster 1 - CLIENT] - DEBUG - gRPC channel closed
2025-03-30 12:42:31 - [Cluster 1 - CLIENT] - INFO - Initialized client logging for cluster 1 -> ../logs/run_20250330_101705/clients_cluster_1.log
2025-03-30 12:42:31 - [Cluster 1 - CLIENT] - INFO - Loading pickle data for store 213, cluster 1...
2025-03-30 12:42:31 - [Cluster 1 - CLIENT] - INFO - x_train shape: (723, 7, 27), y_train shape: (723, 1)
2025-03-30 12:42:31 - [Cluster 1 - CLIENT] - INFO - x_val shape: (176, 7, 27), y_val shape: (176, 1)
2025-03-30 12:42:32 - [Cluster 1 - CLIENT] - INFO - Initialized client logging for cluster 1 -> ../logs/run_20250330_101705/clients_cluster_1.log
2025-03-30 12:42:32 - [Cluster 1 - CLIENT] - INFO - Loading pickle data for store 765, cluster 1...
2025-03-30 12:42:32 - [Cluster 1 - CLIENT] - INFO - x_train shape: (723, 7, 27), y_train shape: (723, 1)
2025-03-30 12:42:32 - [Cluster 1 - CLIENT] - INFO - x_val shape: (176, 7, 27), y_val shape: (176, 1)
2025-03-30 12:42:32 - [Cluster 1 - CLIENT] - INFO - Initialized client logging for cluster 1 -> ../logs/run_20250330_101705/clients_cluster_1.log
2025-03-30 12:42:32 - [Cluster 1 - CLIENT] - INFO - Loading pickle data for store 157, cluster 1...
2025-03-30 12:42:32 - [Cluster 1 - CLIENT] - INFO - x_train shape: (723, 7, 27), y_train shape: (723, 1)
2025-03-30 12:42:32 - [Cluster 1 - CLIENT] - INFO - x_val shape: (176, 7, 27), y_val shape: (176, 1)
2025-03-30 12:42:32 - [Cluster 1 - CLIENT] - INFO - Initialized client logging for cluster 1 -> ../logs/run_20250330_101705/clients_cluster_1.log
2025-03-30 12:42:32 - [Cluster 1 - CLIENT] - INFO - Loading pickle data for store 546, cluster 1...
2025-03-30 12:42:32 - [Cluster 1 - CLIENT] - INFO - Initialized client logging for cluster 1 -> ../logs/run_20250330_101705/clients_cluster_1.log
2025-03-30 12:42:32 - [Cluster 1 - CLIENT] - INFO - Loading pickle data for store 747, cluster 1...
2025-03-30 12:42:32 - [Cluster 1 - CLIENT] - INFO - x_train shape: (723, 7, 27), y_train shape: (723, 1)
2025-03-30 12:42:32 - [Cluster 1 - CLIENT] - INFO - x_val shape: (176, 7, 27), y_val shape: (176, 1)
2025-03-30 12:42:32 - [Cluster 1 - CLIENT] - INFO - x_train shape: (723, 7, 27), y_train shape: (723, 1)
2025-03-30 12:42:32 - [Cluster 1 - CLIENT] - INFO - x_val shape: (176, 7, 27), y_val shape: (176, 1)
2025-03-30 12:42:32 - [Cluster 1 - CLIENT] - INFO - [Store 213, Cluster 1] Connecting to 127.0.0.1:8081 ...
2025-03-30 12:42:32 - [Cluster 1 - CLIENT] - DEBUG - Opened insecure gRPC connection (no certificates were passed)
2025-03-30 12:42:32 - [Cluster 1 - CLIENT] - DEBUG - ChannelConnectivity.IDLE
2025-03-30 12:42:32 - [Cluster 1 - CLIENT] - DEBUG - ChannelConnectivity.CONNECTING
2025-03-30 12:42:32 - [Cluster 1 - CLIENT] - DEBUG - ChannelConnectivity.TRANSIENT_FAILURE
2025-03-30 12:42:32 - [Cluster 1 - CLIENT] - DEBUG - gRPC channel closed
2025-03-30 12:42:33 - [Cluster 1 - CLIENT] - INFO - [Store 765, Cluster 1] Connecting to 127.0.0.1:8081 ...
2025-03-30 12:42:33 - [Cluster 1 - CLIENT] - DEBUG - Opened insecure gRPC connection (no certificates were passed)
2025-03-30 12:42:33 - [Cluster 1 - CLIENT] - DEBUG - ChannelConnectivity.IDLE
2025-03-30 12:42:33 - [Cluster 1 - CLIENT] - INFO - [Store 747, Cluster 1] Connecting to 127.0.0.1:8081 ...
2025-03-30 12:42:33 - [Cluster 1 - CLIENT] - DEBUG - Opened insecure gRPC connection (no certificates were passed)
2025-03-30 12:42:33 - [Cluster 1 - CLIENT] - DEBUG - ChannelConnectivity.CONNECTING
2025-03-30 12:42:33 - [Cluster 1 - CLIENT] - DEBUG - gRPC channel closed
2025-03-30 12:42:33 - [Cluster 1 - CLIENT] - INFO - [Store 157, Cluster 1] Connecting to 127.0.0.1:8081 ...
2025-03-30 12:42:33 - [Cluster 1 - CLIENT] - DEBUG - Opened insecure gRPC connection (no certificates were passed)
2025-03-30 12:42:33 - [Cluster 1 - CLIENT] - DEBUG - ChannelConnectivity.IDLE
2025-03-30 12:42:33 - [Cluster 1 - CLIENT] - DEBUG - gRPC channel closed
2025-03-30 12:42:33 - [Cluster 1 - CLIENT] - DEBUG - ChannelConnectivity.IDLE
2025-03-30 12:42:33 - [Cluster 1 - CLIENT] - DEBUG - ChannelConnectivity.TRANSIENT_FAILURE
2025-03-30 12:42:34 - [Cluster 1 - CLIENT] - DEBUG - gRPC channel closed
2025-03-30 12:42:34 - [Cluster 1 - CLIENT] - INFO - [Store 546, Cluster 1] Connecting to 127.0.0.1:8081 ...
2025-03-30 12:42:34 - [Cluster 1 - CLIENT] - DEBUG - Opened insecure gRPC connection (no certificates were passed)
2025-03-30 12:42:34 - [Cluster 1 - CLIENT] - DEBUG - ChannelConnectivity.IDLE
2025-03-30 12:42:34 - [Cluster 1 - CLIENT] - DEBUG - gRPC channel closed
